Discrepancy Report Results

Summary
FATAL: BAD_LOCUS_TAG_FORMAT:2791 locus tags are incorrectly formatted.
DISC_SOURCE_QUALS_ASNDISC:strain (all present, all same)
DISC_SOURCE_QUALS_ASNDISC:taxname (all present, all same)
DISC_FEATURE_COUNT:gene: 2791 present
DISC_FEATURE_COUNT:CDS: 2738 present
DISC_FEATURE_COUNT:tRNA: 49 present
DISC_FEATURE_COUNT:rRNA: 3 present
DISC_FEATURE_COUNT:tmRNA: 1 present
DISC_COUNT_NUCLEOTIDES:29 nucleotide Bioseqs are present
OVERLAPPING_GENES:674 genes overlap another gene on the same strand.
OVERLAPPING_CDS:8 coding regions overlap another coding region with a similar or identical name.
SUSPECT_PRODUCT_NAMES:4 product_names contain suspect phrase or characters
	May contain database identifier more appropriate in note; remove from product name
		3 features contains three or more numbers together that may be identifiers more appropriate in note
		1 features Contains underscore
NO_ANNOTATION:1 bioseqs have no features
DISC_QUALITY_SCORES:Quality scores are missing on all sequences.
DISC_BAD_BACTERIAL_GENE_NAME:4 bacterial genes do not start with lowercase letters
ONCALLER_COMMENT_PRESENT:29 comment descriptors were found (all same)
SHORT_PROT_SEQUENCES:37 protein sequences are shorter than 50 aa.
MISSING_GENOMEASSEMBLY_COMMENTS:29 bioseqs are missing GenomeAssembly structured comments
MOLTYPE_NOT_MRNA:29 molecule types are not set as mRNA.
TECHNIQUE_NOT_TSA:29 technique are not set as TSA
MISSING_STRUCTURED_COMMENT:29 sequences do not include structured comments.
MISSING_PROJECT:2767 sequences do not include project.
DISC_INCONSISTENT_MOLINFO_TECH:Molinfo Technique Report (some missing, all same)


Detailed Report

FATAL: DiscRep_ALL:BAD_LOCUS_TAG_FORMAT::2791 locus e incorrectly rectly formatted.
prokka_CHQ_2/CHQ_2:Gene	CHQ_2_00001	CHQ_2_1:c1206-910	CHQ_2_00001
prokka_CHQ_2/CHQ_2:Gene	CHQ_2_00002	CHQ_2_1:5281-6033	CHQ_2_00002
prokka_CHQ_2/CHQ_2:Gene	CHQ_2_00003	CHQ_2_1:6081-6155	CHQ_2_00003
prokka_CHQ_2/CHQ_2:Gene	CHQ_2_00004	CHQ_2_2:487-642	CHQ_2_00004
prokka_CHQ_2/CHQ_2:Gene	xerC_1	CHQ_2_2:639-1604	CHQ_2_00005
prokka_CHQ_2/CHQ_2:Gene	queA	CHQ_2_2:1748-2785	CHQ_2_00006
prokka_CHQ_2/CHQ_2:Gene	CHQ_2_00007	CHQ_2_2:c3172-2861	CHQ_2_00007
prokka_CHQ_2/CHQ_2:Gene	CHQ_2_00008	CHQ_2_2:c4423-3251	CHQ_2_00008
prokka_CHQ_2/CHQ_2:Gene	CHQ_2_00009	CHQ_2_2:c9402-4546	CHQ_2_00009
prokka_CHQ_2/CHQ_2:Gene	CHQ_2_00010	CHQ_2_2:c10194-9439	CHQ_2_00010
prokka_CHQ_2/CHQ_2:Gene	CHQ_2_00011	CHQ_2_2:c10990-10232	CHQ_2_00011
prokka_CHQ_2/CHQ_2:Gene	CHQ_2_00012	CHQ_2_2:c11819-11028	CHQ_2_00012
prokka_CHQ_2/CHQ_2:Gene	CHQ_2_00013	CHQ_2_2:c12693-11848	CHQ_2_00013
prokka_CHQ_2/CHQ_2:Gene	CHQ_2_00014	CHQ_2_2:c13059-12754	CHQ_2_00014
prokka_CHQ_2/CHQ_2:Gene	CHQ_2_00015	CHQ_2_2:13648-14265	CHQ_2_00015
prokka_CHQ_2/CHQ_2:Gene	CHQ_2_00016	CHQ_2_2:c14470-14300	CHQ_2_00016
prokka_CHQ_2/CHQ_2:Gene	obg	CHQ_2_2:c15811-14498	CHQ_2_00017
prokka_CHQ_2/CHQ_2:Gene	divIB	CHQ_2_2:c17139-15961	CHQ_2_00018
prokka_CHQ_2/CHQ_2:Gene	murG	CHQ_2_2:c18213-17140	CHQ_2_00019
prokka_CHQ_2/CHQ_2:Gene	murD	CHQ_2_2:c19775-18423	CHQ_2_00020
prokka_CHQ_2/CHQ_2:Gene	glnB	CHQ_2_2:c20607-20266	CHQ_2_00021
prokka_CHQ_2/CHQ_2:Gene	nrgA	CHQ_2_2:c21980-20739	CHQ_2_00022
prokka_CHQ_2/CHQ_2:Gene	arlS_1	CHQ_2_2:c23638-22163	CHQ_2_00023
prokka_CHQ_2/CHQ_2:Gene	arlR_1	CHQ_2_2:c24339-23647	CHQ_2_00024
prokka_CHQ_2/CHQ_2:Gene	CHQ_2_00025	CHQ_2_2:c25025-24495	CHQ_2_00025
prokka_CHQ_2/CHQ_2:Gene	rpmE2	CHQ_2_2:c25401-25156	CHQ_2_00026
prokka_CHQ_2/CHQ_2:Gene	CHQ_2_00027	CHQ_2_2:c25754-25557	CHQ_2_00027
prokka_CHQ_2/CHQ_2:Gene	CHQ_2_00028	CHQ_2_2:c26021-25785	CHQ_2_00028
prokka_CHQ_2/CHQ_2:Gene	CHQ_2_00029	CHQ_2_2:c26465-26103	CHQ_2_00029
prokka_CHQ_2/CHQ_2:Gene	CHQ_2_00030	CHQ_2_2:c27602-26691	CHQ_2_00030
prokka_CHQ_2/CHQ_2:Gene	ypbG	CHQ_2_2:c28551-27715	CHQ_2_00031
prokka_CHQ_2/CHQ_2:Gene	CHQ_2_00032	CHQ_2_2:29237-30127	CHQ_2_00032
prokka_CHQ_2/CHQ_2:Gene	CHQ_2_00033	CHQ_2_2:31765-32136	CHQ_2_00033
prokka_CHQ_2/CHQ_2:Gene	CHQ_2_00034	CHQ_2_2:c32379-32306	CHQ_2_00034
prokka_CHQ_2/CHQ_2:Gene	CHQ_2_00035	CHQ_2_2:c33707-33297	CHQ_2_00035
prokka_CHQ_2/CHQ_2:Gene	CHQ_2_00036	CHQ_2_2:c34207-33704	CHQ_2_00036
prokka_CHQ_2/CHQ_2:Gene	CHQ_2_00037	CHQ_2_2:c34473-34324	CHQ_2_00037
prokka_CHQ_2/CHQ_2:Gene	CHQ_2_00038	CHQ_2_2:c34751-34608	CHQ_2_00038
prokka_CHQ_2/CHQ_2:Gene	arsC_1	CHQ_2_2:c35011-34763	CHQ_2_00039
prokka_CHQ_2/CHQ_2:Gene	CHQ_2_00040	CHQ_2_2:c35461-35102	CHQ_2_00040
prokka_CHQ_2/CHQ_2:Gene	CHQ_2_00041	CHQ_2_2:c35827-35564	CHQ_2_00041
prokka_CHQ_2/CHQ_2:Gene	mshD	CHQ_2_2:c36449-35943	CHQ_2_00042
prokka_CHQ_2/CHQ_2:Gene	CHQ_2_00043	CHQ_2_2:36584-36856	CHQ_2_00043
prokka_CHQ_2/CHQ_2:Gene	CHQ_2_00044	CHQ_2_2:c37405-36896	CHQ_2_00044
prokka_CHQ_2/CHQ_2:Gene	CHQ_2_00045	CHQ_2_2:c38938-37655	CHQ_2_00045
prokka_CHQ_2/CHQ_2:Gene	CHQ_2_00046	CHQ_2_2:c39303-38935	CHQ_2_00046
prokka_CHQ_2/CHQ_2:Gene	CHQ_2_00047	CHQ_2_2:c40308-39415	CHQ_2_00047
prokka_CHQ_2/CHQ_2:Gene	CHQ_2_00048	CHQ_2_3:29-868	CHQ_2_00048
prokka_CHQ_2/CHQ_2:Gene	CHQ_2_00049	CHQ_2_3:c3195-2206	CHQ_2_00049
prokka_CHQ_2/CHQ_2:Gene	CHQ_2_00050	CHQ_2_3:c3598-3227	CHQ_2_00050
prokka_CHQ_2/CHQ_2:Gene	CHQ_2_00051	CHQ_2_3:c4032-3622	CHQ_2_00051
prokka_CHQ_2/CHQ_2:Gene	CHQ_2_00052	CHQ_2_3:c4345-4106	CHQ_2_00052
prokka_CHQ_2/CHQ_2:Gene	CHQ_2_00053	CHQ_2_4:c328-137	CHQ_2_00053
prokka_CHQ_2/CHQ_2:Gene	CHQ_2_00054	CHQ_2_4:c556-350	CHQ_2_00054
prokka_CHQ_2/CHQ_2:Gene	CHQ_2_00055	CHQ_2_4:c1690-1310	CHQ_2_00055
prokka_CHQ_2/CHQ_2:Gene	CHQ_2_00056	CHQ_2_4:c2309-1722	CHQ_2_00056
prokka_CHQ_2/CHQ_2:Gene	CHQ_2_00057	CHQ_2_4:c2716-2408	CHQ_2_00057
prokka_CHQ_2/CHQ_2:Gene	CHQ_2_00058	CHQ_2_4:c3473-2937	CHQ_2_00058
prokka_CHQ_2/CHQ_2:Gene	CHQ_2_00059	CHQ_2_4:c5000-3777	CHQ_2_00059
prokka_CHQ_2/CHQ_2:Gene	CHQ_2_00060	CHQ_2_4:c6588-4993	CHQ_2_00060
prokka_CHQ_2/CHQ_2:Gene	hsdR_1	CHQ_2_4:c9665-6588	CHQ_2_00061
prokka_CHQ_2/CHQ_2:Gene	CHQ_2_00062	CHQ_2_4:c10305-9676	CHQ_2_00062
prokka_CHQ_2/CHQ_2:Gene	CHQ_2_00063	CHQ_2_4:c11456-10305	CHQ_2_00063
prokka_CHQ_2/CHQ_2:Gene	CHQ_2_00064	CHQ_2_4:c13246-12965	CHQ_2_00064
prokka_CHQ_2/CHQ_2:Gene	CHQ_2_00065	CHQ_2_4:c13792-13646	CHQ_2_00065
prokka_CHQ_2/CHQ_2:Gene	CHQ_2_00066	CHQ_2_4:c15236-14631	CHQ_2_00066
prokka_CHQ_2/CHQ_2:Gene	CHQ_2_00067	CHQ_2_4:c15559-15383	CHQ_2_00067
prokka_CHQ_2/CHQ_2:Gene	CHQ_2_00068	CHQ_2_5:4-906	CHQ_2_00068
prokka_CHQ_2/CHQ_2:Gene	CHQ_2_00069	CHQ_2_5:930-1280	CHQ_2_00069
prokka_CHQ_2/CHQ_2:Gene	CHQ_2_00070	CHQ_2_5:1294-1497	CHQ_2_00070
prokka_CHQ_2/CHQ_2:Gene	CHQ_2_00071	CHQ_2_5:1498-2364	CHQ_2_00071
prokka_CHQ_2/CHQ_2:Gene	CHQ_2_00072	CHQ_2_5:2554-2721	CHQ_2_00072
prokka_CHQ_2/CHQ_2:Gene	CHQ_2_00073	CHQ_2_5:2724-3332	CHQ_2_00073
prokka_CHQ_2/CHQ_2:Gene	CHQ_2_00074	CHQ_2_5:3784-3857	CHQ_2_00074
prokka_CHQ_2/CHQ_2:Gene	CHQ_2_00075	CHQ_2_5:3923-4192	CHQ_2_00075
prokka_CHQ_2/CHQ_2:Gene	CHQ_2_00076	CHQ_2_5:4185-4583	CHQ_2_00076
prokka_CHQ_2/CHQ_2:Gene	CHQ_2_00077	CHQ_2_5:4555-4851	CHQ_2_00077
prokka_CHQ_2/CHQ_2:Gene	CHQ_2_00078	CHQ_2_5:4877-5260	CHQ_2_00078
prokka_CHQ_2/CHQ_2:Gene	CHQ_2_00079	CHQ_2_5:5299-5583	CHQ_2_00079
prokka_CHQ_2/CHQ_2:Gene	zitR	CHQ_2_5:5665-6102	CHQ_2_00080
prokka_CHQ_2/CHQ_2:Gene	znuA	CHQ_2_5:6099-6941	CHQ_2_00081
prokka_CHQ_2/CHQ_2:Gene	znuC	CHQ_2_5:7118-7855	CHQ_2_00082
prokka_CHQ_2/CHQ_2:Gene	znuB_1	CHQ_2_5:7848-8657	CHQ_2_00083
prokka_CHQ_2/CHQ_2:Gene	rluC	CHQ_2_5:c9562-8696	CHQ_2_00084
prokka_CHQ_2/CHQ_2:Gene	CHQ_2_00085	CHQ_2_5:9767-10144	CHQ_2_00085
prokka_CHQ_2/CHQ_2:Gene	CHQ_2_00086	CHQ_2_5:10258-10689	CHQ_2_00086
prokka_CHQ_2/CHQ_2:Gene	CHQ_2_00087	CHQ_2_5:10706-11341	CHQ_2_00087
prokka_CHQ_2/CHQ_2:Gene	mtgA_1	CHQ_2_5:11650-13881	CHQ_2_00088
prokka_CHQ_2/CHQ_2:Gene	oatA	CHQ_2_5:13983-15800	CHQ_2_00089
prokka_CHQ_2/CHQ_2:Gene	CHQ_2_00090	CHQ_2_5:16101-16295	CHQ_2_00090
prokka_CHQ_2/CHQ_2:Gene	nusG	CHQ_2_5:16494-17051	CHQ_2_00091
prokka_CHQ_2/CHQ_2:Gene	thrC	CHQ_2_5:17153-18643	CHQ_2_00092
prokka_CHQ_2/CHQ_2:Gene	yeeO	CHQ_2_5:18640-19929	CHQ_2_00093
prokka_CHQ_2/CHQ_2:Gene	mscL	CHQ_2_5:c20338-19970	CHQ_2_00094
prokka_CHQ_2/CHQ_2:Gene	rpsJ	CHQ_2_5:20651-20959	CHQ_2_00095
prokka_CHQ_2/CHQ_2:Gene	rplC	CHQ_2_5:20978-21601	CHQ_2_00096
prokka_CHQ_2/CHQ_2:Gene	rplD	CHQ_2_5:21627-22253	CHQ_2_00097
prokka_CHQ_2/CHQ_2:Gene	rplW	CHQ_2_5:22253-22546	CHQ_2_00098
prokka_CHQ_2/CHQ_2:Gene	rplB	CHQ_2_5:22562-23392	CHQ_2_00099
prokka_CHQ_2/CHQ_2:Gene	rpsS	CHQ_2_5:23552-23830	CHQ_2_00100
prokka_CHQ_2/CHQ_2:Gene	rplV	CHQ_2_5:23846-24193	CHQ_2_00101
prokka_CHQ_2/CHQ_2:Gene	rpsC	CHQ_2_5:24206-24859	CHQ_2_00102
prokka_CHQ_2/CHQ_2:Gene	rplP	CHQ_2_5:24863-25276	CHQ_2_00103
prokka_CHQ_2/CHQ_2:Gene	rpmC	CHQ_2_5:25276-25485	CHQ_2_00104
prokka_CHQ_2/CHQ_2:Gene	rpsQ	CHQ_2_5:25506-25766	CHQ_2_00105
prokka_CHQ_2/CHQ_2:Gene	rplN	CHQ_2_5:25789-26157	CHQ_2_00106
prokka_CHQ_2/CHQ_2:Gene	rplX	CHQ_2_5:26291-26596	CHQ_2_00107
prokka_CHQ_2/CHQ_2:Gene	rplE	CHQ_2_5:26616-27158	CHQ_2_00108
prokka_CHQ_2/CHQ_2:Gene	rpsZ	CHQ_2_5:27177-27362	CHQ_2_00109
prokka_CHQ_2/CHQ_2:Gene	CHQ_2_00110	CHQ_2_5:27516-28139	CHQ_2_00110
prokka_CHQ_2/CHQ_2:Gene	rpsH	CHQ_2_5:28348-28746	CHQ_2_00111
prokka_CHQ_2/CHQ_2:Gene	rplF	CHQ_2_5:28963-29499	CHQ_2_00112
prokka_CHQ_2/CHQ_2:Gene	rplR	CHQ_2_5:29714-30061	CHQ_2_00113
prokka_CHQ_2/CHQ_2:Gene	rpsE	CHQ_2_5:30080-30586	CHQ_2_00114
prokka_CHQ_2/CHQ_2:Gene	rpmD	CHQ_2_5:30597-30776	CHQ_2_00115
prokka_CHQ_2/CHQ_2:Gene	rplO	CHQ_2_5:31049-31492	CHQ_2_00116
prokka_CHQ_2/CHQ_2:Gene	secY_1	CHQ_2_5:31570-32889	CHQ_2_00117
prokka_CHQ_2/CHQ_2:Gene	adk	CHQ_2_5:33029-33676	CHQ_2_00118
prokka_CHQ_2/CHQ_2:Gene	infA	CHQ_2_5:33973-34191	CHQ_2_00119
prokka_CHQ_2/CHQ_2:Gene	rpsM	CHQ_2_5:34379-34744	CHQ_2_00120
prokka_CHQ_2/CHQ_2:Gene	rpsK	CHQ_2_5:34765-35148	CHQ_2_00121
prokka_CHQ_2/CHQ_2:Gene	rpoA	CHQ_2_5:35196-36134	CHQ_2_00122
prokka_CHQ_2/CHQ_2:Gene	rplQ	CHQ_2_5:36153-36533	CHQ_2_00123
prokka_CHQ_2/CHQ_2:Gene	CHQ_2_00124	CHQ_2_5:36719-36791	CHQ_2_00124
prokka_CHQ_2/CHQ_2:Gene	gmhA	CHQ_2_5:37194-37448	CHQ_2_00125
prokka_CHQ_2/CHQ_2:Gene	CHQ_2_00126	CHQ_2_5:37490-37681	CHQ_2_00126
prokka_CHQ_2/CHQ_2:Gene	CHQ_2_00127	CHQ_2_5:37980-38207	CHQ_2_00127
prokka_CHQ_2/CHQ_2:Gene	radA	CHQ_2_5:38369-39730	CHQ_2_00128
prokka_CHQ_2/CHQ_2:Gene	CHQ_2_00129	CHQ_2_5:c40445-39774	CHQ_2_00129
prokka_CHQ_2/CHQ_2:Gene	yacL	CHQ_2_5:40691-41776	CHQ_2_00130
prokka_CHQ_2/CHQ_2:Gene	CHQ_2_00131	CHQ_2_5:41841-42470	CHQ_2_00131
prokka_CHQ_2/CHQ_2:Gene	CHQ_2_00132	CHQ_2_5:42591-42953	CHQ_2_00132
prokka_CHQ_2/CHQ_2:Gene	CHQ_2_00133	CHQ_2_5:42940-43287	CHQ_2_00133
prokka_CHQ_2/CHQ_2:Gene	CHQ_2_00134	CHQ_2_5:43327-43596	CHQ_2_00134
prokka_CHQ_2/CHQ_2:Gene	CHQ_2_00135	CHQ_2_5:c44183-43689	CHQ_2_00135
prokka_CHQ_2/CHQ_2:Gene	CHQ_2_00136	CHQ_2_5:44412-45335	CHQ_2_00136
prokka_CHQ_2/CHQ_2:Gene	rutB	CHQ_2_5:45470-45964	CHQ_2_00137
prokka_CHQ_2/CHQ_2:Gene	gltX	CHQ_2_5:46128-47579	CHQ_2_00138
prokka_CHQ_2/CHQ_2:Gene	rclA	CHQ_2_5:47686-49008	CHQ_2_00139
prokka_CHQ_2/CHQ_2:Gene	yxeM	CHQ_2_5:c49938-49096	CHQ_2_00140
prokka_CHQ_2/CHQ_2:Gene	CHQ_2_00141	CHQ_2_5:c50798-50088	CHQ_2_00141
prokka_CHQ_2/CHQ_2:Gene	pepX	CHQ_2_5:c53091-50800	CHQ_2_00142
prokka_CHQ_2/CHQ_2:Gene	gla_1	CHQ_2_5:53263-54132	CHQ_2_00143
prokka_CHQ_2/CHQ_2:Gene	CHQ_2_00144	CHQ_2_5:c54960-54175	CHQ_2_00144
prokka_CHQ_2/CHQ_2:Gene	CHQ_2_00145	CHQ_2_5:55314-56093	CHQ_2_00145
prokka_CHQ_2/CHQ_2:Gene	yfeW	CHQ_2_5:56166-57122	CHQ_2_00146
prokka_CHQ_2/CHQ_2:Gene	pox5	CHQ_2_5:57349-59052	CHQ_2_00147
prokka_CHQ_2/CHQ_2:Gene	CHQ_2_00148	CHQ_2_5:59467-59748	CHQ_2_00148
prokka_CHQ_2/CHQ_2:Gene	CHQ_2_00149	CHQ_2_5:59837-60772	CHQ_2_00149
prokka_CHQ_2/CHQ_2:Gene	rapA	CHQ_2_5:61038-64130	CHQ_2_00150
prokka_CHQ_2/CHQ_2:Gene	CHQ_2_00151	CHQ_2_5:64346-64939	CHQ_2_00151
prokka_CHQ_2/CHQ_2:Gene	murC	CHQ_2_5:65101-66474	CHQ_2_00152
prokka_CHQ_2/CHQ_2:Gene	argR_1	CHQ_2_5:c67113-66655	CHQ_2_00153
prokka_CHQ_2/CHQ_2:Gene	argS	CHQ_2_5:67181-68875	CHQ_2_00154
prokka_CHQ_2/CHQ_2:Gene	CHQ_2_00155	CHQ_2_5:c69111-68779	CHQ_2_00155
prokka_CHQ_2/CHQ_2:Gene	arcA	CHQ_2_5:69178-70410	CHQ_2_00156
prokka_CHQ_2/CHQ_2:Gene	arcB_1	CHQ_2_5:70594-71658	CHQ_2_00157
prokka_CHQ_2/CHQ_2:Gene	arcD1	CHQ_2_5:71789-73369	CHQ_2_00158
prokka_CHQ_2/CHQ_2:Gene	arcC1_1	CHQ_2_5:73386-74330	CHQ_2_00159
prokka_CHQ_2/CHQ_2:Gene	arcC1_2	CHQ_2_5:74362-75306	CHQ_2_00160
prokka_CHQ_2/CHQ_2:Gene	vioD	CHQ_2_5:75570-76700	CHQ_2_00161
prokka_CHQ_2/CHQ_2:Gene	arcD2	CHQ_2_5:76892-78385	CHQ_2_00162
prokka_CHQ_2/CHQ_2:Gene	proX	CHQ_2_5:78464-78955	CHQ_2_00163
prokka_CHQ_2/CHQ_2:Gene	dinB_1	CHQ_2_5:79034-80128	CHQ_2_00164
prokka_CHQ_2/CHQ_2:Gene	CHQ_2_00165	CHQ_2_5:c80744-80079	CHQ_2_00165
prokka_CHQ_2/CHQ_2:Gene	dps	CHQ_2_5:80911-81357	CHQ_2_00166
prokka_CHQ_2/CHQ_2:Gene	CHQ_2_00167	CHQ_2_5:c81826-81440	CHQ_2_00167
prokka_CHQ_2/CHQ_2:Gene	glcK	CHQ_2_5:c82800-81829	CHQ_2_00168
prokka_CHQ_2/CHQ_2:Gene	CHQ_2_00169	CHQ_2_5:c83055-82834	CHQ_2_00169
prokka_CHQ_2/CHQ_2:Gene	CHQ_2_00170	CHQ_2_5:83248-83976	CHQ_2_00170
prokka_CHQ_2/CHQ_2:Gene	CHQ_2_00171	CHQ_2_5:84276-84614	CHQ_2_00171
prokka_CHQ_2/CHQ_2:Gene	CHQ_2_00172	CHQ_2_5:84611-86590	CHQ_2_00172
prokka_CHQ_2/CHQ_2:Gene	yknY	CHQ_2_5:86591-87217	CHQ_2_00173
prokka_CHQ_2/CHQ_2:Gene	CHQ_2_00174	CHQ_2_5:87436-87831	CHQ_2_00174
prokka_CHQ_2/CHQ_2:Gene	typA	CHQ_2_5:88010-89851	CHQ_2_00175
prokka_CHQ_2/CHQ_2:Gene	CHQ_2_00176	CHQ_2_5:89952-90203	CHQ_2_00176
prokka_CHQ_2/CHQ_2:Gene	CHQ_2_00177	CHQ_2_5:90295-91233	CHQ_2_00177
prokka_CHQ_2/CHQ_2:Gene	ackA_1	CHQ_2_5:91428-92615	CHQ_2_00178
prokka_CHQ_2/CHQ_2:Gene	ackA_2	CHQ_2_5:92772-93959	CHQ_2_00179
prokka_CHQ_2/CHQ_2:Gene	CHQ_2_00180	CHQ_2_5:94093-94545	CHQ_2_00180
prokka_CHQ_2/CHQ_2:Gene	pyrH	CHQ_2_5:94630-95346	CHQ_2_00181
prokka_CHQ_2/CHQ_2:Gene	frr	CHQ_2_5:95558-96115	CHQ_2_00182
prokka_CHQ_2/CHQ_2:Gene	CHQ_2_00183	CHQ_2_5:96208-96666	CHQ_2_00183
prokka_CHQ_2/CHQ_2:Gene	cvfB	CHQ_2_5:96712-97569	CHQ_2_00184
prokka_CHQ_2/CHQ_2:Gene	msrA2_1	CHQ_2_5:97744-98262	CHQ_2_00185
prokka_CHQ_2/CHQ_2:Gene	CHQ_2_00186	CHQ_2_5:98298-98507	CHQ_2_00186
prokka_CHQ_2/CHQ_2:Gene	anr	CHQ_2_5:c99245-98577	CHQ_2_00187
prokka_CHQ_2/CHQ_2:Gene	cadA	CHQ_2_5:c101186-99309	CHQ_2_00188
prokka_CHQ_2/CHQ_2:Gene	rplK	CHQ_2_5:101411-101836	CHQ_2_00189
prokka_CHQ_2/CHQ_2:Gene	rplA	CHQ_2_5:102132-102821	CHQ_2_00190
prokka_CHQ_2/CHQ_2:Gene	CHQ_2_00191	CHQ_2_5:102900-103244	CHQ_2_00191
prokka_CHQ_2/CHQ_2:Gene	CHQ_2_00192	CHQ_2_5:c103477-103256	CHQ_2_00192
prokka_CHQ_2/CHQ_2:Gene	hit_1	CHQ_2_5:c103891-103490	CHQ_2_00193
prokka_CHQ_2/CHQ_2:Gene	CHQ_2_00194	CHQ_2_5:104170-105975	CHQ_2_00194
prokka_CHQ_2/CHQ_2:Gene	ecsA	CHQ_2_5:105994-106764	CHQ_2_00195
prokka_CHQ_2/CHQ_2:Gene	CHQ_2_00196	CHQ_2_5:106757-107776	CHQ_2_00196
prokka_CHQ_2/CHQ_2:Gene	cutC	CHQ_2_5:c108442-107816	CHQ_2_00197
prokka_CHQ_2/CHQ_2:Gene	xerC_2	CHQ_2_5:c109836-108655	CHQ_2_00198
prokka_CHQ_2/CHQ_2:Gene	CHQ_2_00199	CHQ_2_5:c110400-110095	CHQ_2_00199
prokka_CHQ_2/CHQ_2:Gene	CHQ_2_00200	CHQ_2_5:c110963-110445	CHQ_2_00200
prokka_CHQ_2/CHQ_2:Gene	CHQ_2_00201	CHQ_2_5:c111470-111063	CHQ_2_00201
prokka_CHQ_2/CHQ_2:Gene	CHQ_2_00202	CHQ_2_5:c112623-112270	CHQ_2_00202
prokka_CHQ_2/CHQ_2:Gene	CHQ_2_00203	CHQ_2_5:c113147-112941	CHQ_2_00203
prokka_CHQ_2/CHQ_2:Gene	CHQ_2_00204	CHQ_2_5:c114347-113229	CHQ_2_00204
prokka_CHQ_2/CHQ_2:Gene	CHQ_2_00205	CHQ_2_5:c114785-114426	CHQ_2_00205
prokka_CHQ_2/CHQ_2:Gene	CHQ_2_00206	CHQ_2_5:c115275-114874	CHQ_2_00206
prokka_CHQ_2/CHQ_2:Gene	CHQ_2_00207	CHQ_2_5:c115601-115398	CHQ_2_00207
prokka_CHQ_2/CHQ_2:Gene	CHQ_2_00208	CHQ_2_5:c116130-115696	CHQ_2_00208
prokka_CHQ_2/CHQ_2:Gene	CHQ_2_00209	CHQ_2_5:c116723-116304	CHQ_2_00209
prokka_CHQ_2/CHQ_2:Gene	CHQ_2_00210	CHQ_2_5:c117436-117278	CHQ_2_00210
prokka_CHQ_2/CHQ_2:Gene	CHQ_2_00211	CHQ_2_5:c118559-118092	CHQ_2_00211
prokka_CHQ_2/CHQ_2:Gene	CHQ_2_00212	CHQ_2_5:c119546-119034	CHQ_2_00212
prokka_CHQ_2/CHQ_2:Gene	CHQ_2_00213	CHQ_2_5:119679-119906	CHQ_2_00213
prokka_CHQ_2/CHQ_2:Gene	CHQ_2_00214	CHQ_2_5:120371-120565	CHQ_2_00214
prokka_CHQ_2/CHQ_2:Gene	CHQ_2_00215	CHQ_2_5:120569-121087	CHQ_2_00215
prokka_CHQ_2/CHQ_2:Gene	CHQ_2_00216	CHQ_2_5:121084-121362	CHQ_2_00216
prokka_CHQ_2/CHQ_2:Gene	CHQ_2_00217	CHQ_2_5:121394-121636	CHQ_2_00217
prokka_CHQ_2/CHQ_2:Gene	CHQ_2_00218	CHQ_2_5:121633-121884	CHQ_2_00218
prokka_CHQ_2/CHQ_2:Gene	CHQ_2_00219	CHQ_2_5:121881-122075	CHQ_2_00219
prokka_CHQ_2/CHQ_2:Gene	CHQ_2_00220	CHQ_2_5:122062-122394	CHQ_2_00220
prokka_CHQ_2/CHQ_2:Gene	CHQ_2_00221	CHQ_2_5:122396-123142	CHQ_2_00221
prokka_CHQ_2/CHQ_2:Gene	CHQ_2_00222	CHQ_2_5:123154-124047	CHQ_2_00222
prokka_CHQ_2/CHQ_2:Gene	CHQ_2_00223	CHQ_2_5:124077-124613	CHQ_2_00223
prokka_CHQ_2/CHQ_2:Gene	CHQ_2_00224	CHQ_2_5:124661-125242	CHQ_2_00224
prokka_CHQ_2/CHQ_2:Gene	CHQ_2_00225	CHQ_2_5:c125502-125281	CHQ_2_00225
prokka_CHQ_2/CHQ_2:Gene	CHQ_2_00226	CHQ_2_5:125951-126259	CHQ_2_00226
prokka_CHQ_2/CHQ_2:Gene	CHQ_2_00227	CHQ_2_5:c127130-126279	CHQ_2_00227
prokka_CHQ_2/CHQ_2:Gene	CHQ_2_00228	CHQ_2_5:127337-127861	CHQ_2_00228
prokka_CHQ_2/CHQ_2:Gene	bltD	CHQ_2_5:128004-128465	CHQ_2_00229
prokka_CHQ_2/CHQ_2:Gene	CHQ_2_00230	CHQ_2_5:128558-128836	CHQ_2_00230
prokka_CHQ_2/CHQ_2:Gene	CHQ_2_00231	CHQ_2_5:129293-129757	CHQ_2_00231
prokka_CHQ_2/CHQ_2:Gene	rlmA_1	CHQ_2_5:130059-130880	CHQ_2_00232
prokka_CHQ_2/CHQ_2:Gene	CHQ_2_00233	CHQ_2_5:c131184-130903	CHQ_2_00233
prokka_CHQ_2/CHQ_2:Gene	CHQ_2_00234	CHQ_2_5:131405-132328	CHQ_2_00234
prokka_CHQ_2/CHQ_2:Gene	CHQ_2_00235	CHQ_2_5:132464-132631	CHQ_2_00235
prokka_CHQ_2/CHQ_2:Gene	CHQ_2_00236	CHQ_2_5:132887-134179	CHQ_2_00236
prokka_CHQ_2/CHQ_2:Gene	hprA	CHQ_2_5:134377-135354	CHQ_2_00237
prokka_CHQ_2/CHQ_2:Gene	nadR	CHQ_2_5:135341-136480	CHQ_2_00238
prokka_CHQ_2/CHQ_2:Gene	gpr	CHQ_2_5:c137552-136548	CHQ_2_00239
prokka_CHQ_2/CHQ_2:Gene	hexR_1	CHQ_2_5:137681-138415	CHQ_2_00240
prokka_CHQ_2/CHQ_2:Gene	lacS	CHQ_2_5:138694-140082	CHQ_2_00241
prokka_CHQ_2/CHQ_2:Gene	mro	CHQ_2_5:140212-141231	CHQ_2_00242
prokka_CHQ_2/CHQ_2:Gene	galK_1	CHQ_2_5:141258-142457	CHQ_2_00243
prokka_CHQ_2/CHQ_2:Gene	galT	CHQ_2_5:142631-144112	CHQ_2_00244
prokka_CHQ_2/CHQ_2:Gene	lacA_1	CHQ_2_5:144153-144776	CHQ_2_00245
prokka_CHQ_2/CHQ_2:Gene	lacZ	CHQ_2_5:144791-147778	CHQ_2_00246
prokka_CHQ_2/CHQ_2:Gene	galE	CHQ_2_5:147830-148810	CHQ_2_00247
prokka_CHQ_2/CHQ_2:Gene	CHQ_2_00248	CHQ_2_5:148886-149857	CHQ_2_00248
prokka_CHQ_2/CHQ_2:Gene	CHQ_2_00249	CHQ_2_5:c150246-149869	CHQ_2_00249
prokka_CHQ_2/CHQ_2:Gene	CHQ_2_00250	CHQ_2_5:150324-150692	CHQ_2_00250
prokka_CHQ_2/CHQ_2:Gene	recF	CHQ_2_5:c151855-150782	CHQ_2_00251
prokka_CHQ_2/CHQ_2:Gene	CHQ_2_00252	CHQ_2_5:c152217-151855	CHQ_2_00252
prokka_CHQ_2/CHQ_2:Gene	CHQ_2_00253	CHQ_2_5:152430-153701	CHQ_2_00253
prokka_CHQ_2/CHQ_2:Gene	CHQ_2_00254	CHQ_2_5:153691-154974	CHQ_2_00254
prokka_CHQ_2/CHQ_2:Gene	CHQ_2_00255	CHQ_2_5:155238-156134	CHQ_2_00255
prokka_CHQ_2/CHQ_2:Gene	pgsA	CHQ_2_5:156175-156747	CHQ_2_00256
prokka_CHQ_2/CHQ_2:Gene	CHQ_2_00257	CHQ_2_5:156991-157851	CHQ_2_00257
prokka_CHQ_2/CHQ_2:Gene	CHQ_2_00258	CHQ_2_5:157855-158178	CHQ_2_00258
prokka_CHQ_2/CHQ_2:Gene	CHQ_2_00259	CHQ_2_5:158422-159177	CHQ_2_00259
prokka_CHQ_2/CHQ_2:Gene	CHQ_2_00260	CHQ_2_5:159183-159581	CHQ_2_00260
prokka_CHQ_2/CHQ_2:Gene	hisS	CHQ_2_5:159894-161186	CHQ_2_00261
prokka_CHQ_2/CHQ_2:Gene	hit_2	CHQ_2_5:161211-161579	CHQ_2_00262
prokka_CHQ_2/CHQ_2:Gene	aspS	CHQ_2_5:161640-163412	CHQ_2_00263
prokka_CHQ_2/CHQ_2:Gene	CHQ_2_00264	CHQ_2_5:163393-164322	CHQ_2_00264
prokka_CHQ_2/CHQ_2:Gene	CHQ_2_00265	CHQ_2_5:164422-165297	CHQ_2_00265
prokka_CHQ_2/CHQ_2:Gene	CHQ_2_00266	CHQ_2_5:165447-166331	CHQ_2_00266
prokka_CHQ_2/CHQ_2:Gene	CHQ_2_00267	CHQ_2_5:c166601-166371	CHQ_2_00267
prokka_CHQ_2/CHQ_2:Gene	dusB	CHQ_2_5:c167701-166697	CHQ_2_00268
prokka_CHQ_2/CHQ_2:Gene	CHQ_2_00269	CHQ_2_5:c168350-167829	CHQ_2_00269
prokka_CHQ_2/CHQ_2:Gene	hslO	CHQ_2_5:c169349-168405	CHQ_2_00270
prokka_CHQ_2/CHQ_2:Gene	CHQ_2_00271	CHQ_2_5:169507-169830	CHQ_2_00271
prokka_CHQ_2/CHQ_2:Gene	CHQ_2_00272	CHQ_2_5:169926-170177	CHQ_2_00272
prokka_CHQ_2/CHQ_2:Gene	CHQ_2_00273	CHQ_2_5:170257-170760	CHQ_2_00273
prokka_CHQ_2/CHQ_2:Gene	CHQ_2_00274	CHQ_2_5:170851-171528	CHQ_2_00274
prokka_CHQ_2/CHQ_2:Gene	CHQ_2_00275	CHQ_2_5:171594-172061	CHQ_2_00275
prokka_CHQ_2/CHQ_2:Gene	CHQ_2_00276	CHQ_2_5:172648-173268	CHQ_2_00276
prokka_CHQ_2/CHQ_2:Gene	purA	CHQ_2_5:173541-174833	CHQ_2_00277
prokka_CHQ_2/CHQ_2:Gene	CHQ_2_00278	CHQ_2_5:c175538-174876	CHQ_2_00278
prokka_CHQ_2/CHQ_2:Gene	CHQ_2_00279	CHQ_2_5:c177036-175558	CHQ_2_00279
prokka_CHQ_2/CHQ_2:Gene	CHQ_2_00280	CHQ_2_5:c177743-177204	CHQ_2_00280
prokka_CHQ_2/CHQ_2:Gene	padC	CHQ_2_5:c178512-177979	CHQ_2_00281
prokka_CHQ_2/CHQ_2:Gene	pheS	CHQ_2_5:178966-180006	CHQ_2_00282
prokka_CHQ_2/CHQ_2:Gene	pheT	CHQ_2_5:180043-182436	CHQ_2_00283
prokka_CHQ_2/CHQ_2:Gene	CHQ_2_00284	CHQ_2_5:182723-183784	CHQ_2_00284
prokka_CHQ_2/CHQ_2:Gene	rsgA	CHQ_2_5:183844-184767	CHQ_2_00285
prokka_CHQ_2/CHQ_2:Gene	CHQ_2_00286	CHQ_2_5:184739-184999	CHQ_2_00286
prokka_CHQ_2/CHQ_2:Gene	CHQ_2_00287	CHQ_2_5:184996-185253	CHQ_2_00287
prokka_CHQ_2/CHQ_2:Gene	rpe	CHQ_2_5:185312-185974	CHQ_2_00288
prokka_CHQ_2/CHQ_2:Gene	tmrB	CHQ_2_5:185971-186480	CHQ_2_00289
prokka_CHQ_2/CHQ_2:Gene	CHQ_2_00290	CHQ_2_5:186490-187794	CHQ_2_00290
prokka_CHQ_2/CHQ_2:Gene	yhaM	CHQ_2_5:188041-188985	CHQ_2_00291
prokka_CHQ_2/CHQ_2:Gene	lacX_1	CHQ_2_5:189299-190168	CHQ_2_00292
prokka_CHQ_2/CHQ_2:Gene	CHQ_2_00293	CHQ_2_5:190304-191212	CHQ_2_00293
prokka_CHQ_2/CHQ_2:Gene	CHQ_2_00294	CHQ_2_5:191221-191781	CHQ_2_00294
prokka_CHQ_2/CHQ_2:Gene	metAA	CHQ_2_5:191935-192894	CHQ_2_00295
prokka_CHQ_2/CHQ_2:Gene	metI	CHQ_2_5:192931-194019	CHQ_2_00296
prokka_CHQ_2/CHQ_2:Gene	patB	CHQ_2_5:194266-195429	CHQ_2_00297
prokka_CHQ_2/CHQ_2:Gene	napA	CHQ_2_5:195484-196623	CHQ_2_00298
prokka_CHQ_2/CHQ_2:Gene	upp	CHQ_2_5:196849-197484	CHQ_2_00299
prokka_CHQ_2/CHQ_2:Gene	CHQ_2_00300	CHQ_2_5:197626-198234	CHQ_2_00300
prokka_CHQ_2/CHQ_2:Gene	mntH_1	CHQ_2_5:198355-199602	CHQ_2_00301
prokka_CHQ_2/CHQ_2:Gene	CHQ_2_00302	CHQ_2_5:199660-199977	CHQ_2_00302
prokka_CHQ_2/CHQ_2:Gene	thrS	CHQ_2_5:200538-202478	CHQ_2_00303
prokka_CHQ_2/CHQ_2:Gene	CHQ_2_00304	CHQ_2_5:202585-203244	CHQ_2_00304
prokka_CHQ_2/CHQ_2:Gene	CHQ_2_00305	CHQ_2_6:1061-1810	CHQ_2_00305
prokka_CHQ_2/CHQ_2:Gene	CHQ_2_00306	CHQ_2_6:2015-2386	CHQ_2_00306
prokka_CHQ_2/CHQ_2:Gene	CHQ_2_00307	CHQ_2_6:c3418-3272	CHQ_2_00307
prokka_CHQ_2/CHQ_2:Gene	asp3	CHQ_2_6:c3895-3419	CHQ_2_00308
prokka_CHQ_2/CHQ_2:Gene	asp2_1	CHQ_2_6:c5487-3892	CHQ_2_00309
prokka_CHQ_2/CHQ_2:Gene	asp1_1	CHQ_2_6:c7053-5488	CHQ_2_00310
prokka_CHQ_2/CHQ_2:Gene	secY_2	CHQ_2_6:c8372-7089	CHQ_2_00311
prokka_CHQ_2/CHQ_2:Gene	CHQ_2_00312	CHQ_2_6:c8586-8413	CHQ_2_00312
prokka_CHQ_2/CHQ_2:Gene	gtfB_1	CHQ_2_6:c9920-8583	CHQ_2_00313
prokka_CHQ_2/CHQ_2:Gene	gtfA_1	CHQ_2_6:c11421-9913	CHQ_2_00314
prokka_CHQ_2/CHQ_2:Gene	gtf3_1	CHQ_2_6:c12439-11429	CHQ_2_00315
prokka_CHQ_2/CHQ_2:Gene	secA_1	CHQ_2_6:c14796-12454	CHQ_2_00316
prokka_CHQ_2/CHQ_2:Gene	CHQ_2_00317	CHQ_2_6:c15295-14897	CHQ_2_00317
prokka_CHQ_2/CHQ_2:Gene	CHQ_2_00318	CHQ_2_6:c17568-16531	CHQ_2_00318
prokka_CHQ_2/CHQ_2:Gene	CHQ_2_00319	CHQ_2_6:c18399-17950	CHQ_2_00319
prokka_CHQ_2/CHQ_2:Gene	CHQ_2_00320	CHQ_2_6:18969-20123	CHQ_2_00320
prokka_CHQ_2/CHQ_2:Gene	CHQ_2_00321	CHQ_2_6:20269-21078	CHQ_2_00321
prokka_CHQ_2/CHQ_2:Gene	CHQ_2_00322	CHQ_2_6:21080-21304	CHQ_2_00322
prokka_CHQ_2/CHQ_2:Gene	CHQ_2_00323	CHQ_2_6:21796-22476	CHQ_2_00323
prokka_CHQ_2/CHQ_2:Gene	CHQ_2_00324	CHQ_2_6:22765-23334	CHQ_2_00324
prokka_CHQ_2/CHQ_2:Gene	CHQ_2_00325	CHQ_2_6:c24204-23827	CHQ_2_00325
prokka_CHQ_2/CHQ_2:Gene	CHQ_2_00326	CHQ_2_6:c24791-24204	CHQ_2_00326
prokka_CHQ_2/CHQ_2:Gene	CHQ_2_00327	CHQ_2_6:c28028-24798	CHQ_2_00327
prokka_CHQ_2/CHQ_2:Gene	CHQ_2_00328	CHQ_2_6:c28588-28028	CHQ_2_00328
prokka_CHQ_2/CHQ_2:Gene	CHQ_2_00329	CHQ_2_6:c29069-28575	CHQ_2_00329
prokka_CHQ_2/CHQ_2:Gene	CHQ_2_00330	CHQ_2_6:c31358-29079	CHQ_2_00330
prokka_CHQ_2/CHQ_2:Gene	der_1	CHQ_2_6:c32611-31355	CHQ_2_00331
prokka_CHQ_2/CHQ_2:Gene	CHQ_2_00332	CHQ_2_6:c33778-32882	CHQ_2_00332
prokka_CHQ_2/CHQ_2:Gene	CHQ_2_00333	CHQ_2_6:33984-34958	CHQ_2_00333
prokka_CHQ_2/CHQ_2:Gene	CHQ_2_00334	CHQ_2_6:34978-35874	CHQ_2_00334
prokka_CHQ_2/CHQ_2:Gene	CHQ_2_00335	CHQ_2_6:35884-36594	CHQ_2_00335
prokka_CHQ_2/CHQ_2:Gene	yheH	CHQ_2_7:c2007-181	CHQ_2_00336
prokka_CHQ_2/CHQ_2:Gene	yheI	CHQ_2_7:c3808-1991	CHQ_2_00337
prokka_CHQ_2/CHQ_2:Gene	ribU	CHQ_2_7:c4577-3957	CHQ_2_00338
prokka_CHQ_2/CHQ_2:Gene	rluB	CHQ_2_7:c5645-4926	CHQ_2_00339
prokka_CHQ_2/CHQ_2:Gene	scpB	CHQ_2_7:c6198-5632	CHQ_2_00340
prokka_CHQ_2/CHQ_2:Gene	scpA	CHQ_2_7:c6919-6191	CHQ_2_00341
prokka_CHQ_2/CHQ_2:Gene	ynbA	CHQ_2_7:c7695-6949	CHQ_2_00342
prokka_CHQ_2/CHQ_2:Gene	CHQ_2_00343	CHQ_2_7:c8104-7643	CHQ_2_00343
prokka_CHQ_2/CHQ_2:Gene	CHQ_2_00344	CHQ_2_7:c8638-8135	CHQ_2_00344
prokka_CHQ_2/CHQ_2:Gene	rdgB	CHQ_2_7:c9291-8686	CHQ_2_00345
prokka_CHQ_2/CHQ_2:Gene	murI	CHQ_2_7:c10107-9292	CHQ_2_00346
prokka_CHQ_2/CHQ_2:Gene	CHQ_2_00347	CHQ_2_7:c10501-10262	CHQ_2_00347
prokka_CHQ_2/CHQ_2:Gene	lysA	CHQ_2_7:c11912-10653	CHQ_2_00348
prokka_CHQ_2/CHQ_2:Gene	gltB	CHQ_2_7:c13467-12028	CHQ_2_00349
prokka_CHQ_2/CHQ_2:Gene	gltA	CHQ_2_7:c17927-13467	CHQ_2_00350
prokka_CHQ_2/CHQ_2:Gene	lacA_2	CHQ_2_7:18096-18707	CHQ_2_00351
prokka_CHQ_2/CHQ_2:Gene	ilvE	CHQ_2_7:c19762-18740	CHQ_2_00352
prokka_CHQ_2/CHQ_2:Gene	ykuT	CHQ_2_7:19923-20669	CHQ_2_00353
prokka_CHQ_2/CHQ_2:Gene	gadB	CHQ_2_7:c22181-20781	CHQ_2_00354
prokka_CHQ_2/CHQ_2:Gene	gadC	CHQ_2_7:c23712-22201	CHQ_2_00355
prokka_CHQ_2/CHQ_2:Gene	CHQ_2_00356	CHQ_2_7:c24686-23856	CHQ_2_00356
prokka_CHQ_2/CHQ_2:Gene	rnhB	CHQ_2_7:c26016-25240	CHQ_2_00357
prokka_CHQ_2/CHQ_2:Gene	rbgA	CHQ_2_7:c26976-26128	CHQ_2_00358
prokka_CHQ_2/CHQ_2:Gene	CHQ_2_00359	CHQ_2_7:c27744-27199	CHQ_2_00359
prokka_CHQ_2/CHQ_2:Gene	CHQ_2_00360	CHQ_2_7:c28568-27837	CHQ_2_00360
prokka_CHQ_2/CHQ_2:Gene	glcR_1	CHQ_2_7:28764-29525	CHQ_2_00361
prokka_CHQ_2/CHQ_2:Gene	CHQ_2_00362	CHQ_2_7:29518-30903	CHQ_2_00362
prokka_CHQ_2/CHQ_2:Gene	CHQ_2_00363	CHQ_2_7:c32549-31002	CHQ_2_00363
prokka_CHQ_2/CHQ_2:Gene	CHQ_2_00364	CHQ_2_7:c33212-32817	CHQ_2_00364
prokka_CHQ_2/CHQ_2:Gene	CHQ_2_00365	CHQ_2_7:c34986-33235	CHQ_2_00365
prokka_CHQ_2/CHQ_2:Gene	aguA_1	CHQ_2_7:c37187-35193	CHQ_2_00366
prokka_CHQ_2/CHQ_2:Gene	pgdA	CHQ_2_7:c37842-37216	CHQ_2_00367
prokka_CHQ_2/CHQ_2:Gene	rex8A	CHQ_2_7:c38989-37856	CHQ_2_00368
prokka_CHQ_2/CHQ_2:Gene	araQ_1	CHQ_2_7:c39848-38991	CHQ_2_00369
prokka_CHQ_2/CHQ_2:Gene	lacF_1	CHQ_2_7:c40792-39848	CHQ_2_00370
prokka_CHQ_2/CHQ_2:Gene	CHQ_2_00371	CHQ_2_7:c42167-40860	CHQ_2_00371
prokka_CHQ_2/CHQ_2:Gene	CHQ_2_00372	CHQ_2_7:c44041-42194	CHQ_2_00372
prokka_CHQ_2/CHQ_2:Gene	hsdR_2	CHQ_2_7:c47335-44246	CHQ_2_00373
prokka_CHQ_2/CHQ_2:Gene	CHQ_2_00374	CHQ_2_7:c48557-47352	CHQ_2_00374
prokka_CHQ_2/CHQ_2:Gene	CHQ_2_00375	CHQ_2_7:c51133-48554	CHQ_2_00375
prokka_CHQ_2/CHQ_2:Gene	CHQ_2_00376	CHQ_2_7:c51369-51130	CHQ_2_00376
prokka_CHQ_2/CHQ_2:Gene	ybiR	CHQ_2_7:51657-52760	CHQ_2_00377
prokka_CHQ_2/CHQ_2:Gene	pspA	CHQ_2_7:c53402-52806	CHQ_2_00378
prokka_CHQ_2/CHQ_2:Gene	ybjI_1	CHQ_2_7:c54405-53602	CHQ_2_00379
prokka_CHQ_2/CHQ_2:Gene	ybjI_2	CHQ_2_7:c55482-54676	CHQ_2_00380
prokka_CHQ_2/CHQ_2:Gene	maa_1	CHQ_2_7:c56145-55519	CHQ_2_00381
prokka_CHQ_2/CHQ_2:Gene	CHQ_2_00382	CHQ_2_7:c56564-56163	CHQ_2_00382
prokka_CHQ_2/CHQ_2:Gene	CHQ_2_00383	CHQ_2_7:56798-57766	CHQ_2_00383
prokka_CHQ_2/CHQ_2:Gene	ipdC	CHQ_2_7:c59492-57846	CHQ_2_00384
prokka_CHQ_2/CHQ_2:Gene	CHQ_2_00385	CHQ_2_7:59627-60097	CHQ_2_00385
prokka_CHQ_2/CHQ_2:Gene	hdfR_1	CHQ_2_7:60148-60969	CHQ_2_00386
prokka_CHQ_2/CHQ_2:Gene	CHQ_2_00387	CHQ_2_7:c61783-61010	CHQ_2_00387
prokka_CHQ_2/CHQ_2:Gene	CHQ_2_00388	CHQ_2_7:c62087-61890	CHQ_2_00388
prokka_CHQ_2/CHQ_2:Gene	CHQ_2_00389	CHQ_2_7:62291-62827	CHQ_2_00389
prokka_CHQ_2/CHQ_2:Gene	CHQ_2_00390	CHQ_2_7:c63206-62883	CHQ_2_00390
prokka_CHQ_2/CHQ_2:Gene	spxA_1	CHQ_2_7:c63636-63265	CHQ_2_00391
prokka_CHQ_2/CHQ_2:Gene	menF_1	CHQ_2_7:c65696-63825	CHQ_2_00392
prokka_CHQ_2/CHQ_2:Gene	pabA_1	CHQ_2_7:c66297-65716	CHQ_2_00393
prokka_CHQ_2/CHQ_2:Gene	fimA	CHQ_2_7:c67406-66465	CHQ_2_00394
prokka_CHQ_2/CHQ_2:Gene	mntB_1	CHQ_2_7:c68244-67390	CHQ_2_00395
prokka_CHQ_2/CHQ_2:Gene	scaC	CHQ_2_7:c68965-68252	CHQ_2_00396
prokka_CHQ_2/CHQ_2:Gene	CHQ_2_00397	CHQ_2_7:69240-69653	CHQ_2_00397
prokka_CHQ_2/CHQ_2:Gene	CHQ_2_00398	CHQ_2_7:c69967-69734	CHQ_2_00398
prokka_CHQ_2/CHQ_2:Gene	CHQ_2_00399	CHQ_2_7:c73236-70096	CHQ_2_00399
prokka_CHQ_2/CHQ_2:Gene	sbcD	CHQ_2_7:c74411-73239	CHQ_2_00400
prokka_CHQ_2/CHQ_2:Gene	panE	CHQ_2_7:c75501-74563	CHQ_2_00401
prokka_CHQ_2/CHQ_2:Gene	spxA_2	CHQ_2_7:c76120-75701	CHQ_2_00402
prokka_CHQ_2/CHQ_2:Gene	CHQ_2_00403	CHQ_2_7:c78226-76799	CHQ_2_00403
prokka_CHQ_2/CHQ_2:Gene	CHQ_2_00404	CHQ_2_7:c79050-78256	CHQ_2_00404
prokka_CHQ_2/CHQ_2:Gene	CHQ_2_00405	CHQ_2_7:c79840-79397	CHQ_2_00405
prokka_CHQ_2/CHQ_2:Gene	rqcH	CHQ_2_7:80148-81770	CHQ_2_00406
prokka_CHQ_2/CHQ_2:Gene	rlmA_2	CHQ_2_7:81810-82625	CHQ_2_00407
prokka_CHQ_2/CHQ_2:Gene	mglA	CHQ_2_7:82804-84324	CHQ_2_00408
prokka_CHQ_2/CHQ_2:Gene	CHQ_2_00409	CHQ_2_7:84317-85411	CHQ_2_00409
prokka_CHQ_2/CHQ_2:Gene	CHQ_2_00410	CHQ_2_7:85408-86361	CHQ_2_00410
prokka_CHQ_2/CHQ_2:Gene	ldh1	CHQ_2_7:c87456-86479	CHQ_2_00411
prokka_CHQ_2/CHQ_2:Gene	pyk	CHQ_2_7:c89082-87574	CHQ_2_00412
prokka_CHQ_2/CHQ_2:Gene	pfkA	CHQ_2_7:c90192-89170	CHQ_2_00413
prokka_CHQ_2/CHQ_2:Gene	agaA	CHQ_2_7:c91726-90578	CHQ_2_00414
prokka_CHQ_2/CHQ_2:Gene	CHQ_2_00415	CHQ_2_7:c93077-91899	CHQ_2_00415
prokka_CHQ_2/CHQ_2:Gene	CHQ_2_00416	CHQ_2_7:c93848-93222	CHQ_2_00416
prokka_CHQ_2/CHQ_2:Gene	gpsA	CHQ_2_7:94040-95065	CHQ_2_00417
prokka_CHQ_2/CHQ_2:Gene	gtaB	CHQ_2_7:95108-96049	CHQ_2_00418
prokka_CHQ_2/CHQ_2:Gene	CHQ_2_00419	CHQ_2_7:96120-96527	CHQ_2_00419
prokka_CHQ_2/CHQ_2:Gene	CHQ_2_00420	CHQ_2_7:96524-97054	CHQ_2_00420
prokka_CHQ_2/CHQ_2:Gene	hepT_1	CHQ_2_7:97045-98004	CHQ_2_00421
prokka_CHQ_2/CHQ_2:Gene	rsmG	CHQ_2_7:98001-98717	CHQ_2_00422
prokka_CHQ_2/CHQ_2:Gene	CHQ_2_00423	CHQ_2_7:c99197-98733	CHQ_2_00423
prokka_CHQ_2/CHQ_2:Gene	pyrF	CHQ_2_7:c99912-99199	CHQ_2_00424
prokka_CHQ_2/CHQ_2:Gene	pyrDB	CHQ_2_7:c101068-100133	CHQ_2_00425
prokka_CHQ_2/CHQ_2:Gene	pyrK	CHQ_2_7:c101929-101141	CHQ_2_00426
prokka_CHQ_2/CHQ_2:Gene	emrB_1	CHQ_2_7:c103692-102328	CHQ_2_00427
prokka_CHQ_2/CHQ_2:Gene	gmuR	CHQ_2_7:c104571-103855	CHQ_2_00428
prokka_CHQ_2/CHQ_2:Gene	gmuD_1	CHQ_2_7:c106070-104643	CHQ_2_00429
prokka_CHQ_2/CHQ_2:Gene	CHQ_2_00430	CHQ_2_7:c106617-106063	CHQ_2_00430
prokka_CHQ_2/CHQ_2:Gene	ngcG	CHQ_2_7:c107450-106614	CHQ_2_00431
prokka_CHQ_2/CHQ_2:Gene	melD	CHQ_2_7:c108343-107450	CHQ_2_00432
prokka_CHQ_2/CHQ_2:Gene	CHQ_2_00433	CHQ_2_7:c109754-108435	CHQ_2_00433
prokka_CHQ_2/CHQ_2:Gene	CHQ_2_00434	CHQ_2_7:c110794-109868	CHQ_2_00434
prokka_CHQ_2/CHQ_2:Gene	cah	CHQ_2_7:110894-111832	CHQ_2_00435
prokka_CHQ_2/CHQ_2:Gene	CHQ_2_00436	CHQ_2_7:111999-113210	CHQ_2_00436
prokka_CHQ_2/CHQ_2:Gene	CHQ_2_00437	CHQ_2_7:113379-114518	CHQ_2_00437
prokka_CHQ_2/CHQ_2:Gene	CHQ_2_00438	CHQ_2_7:114515-115300	CHQ_2_00438
prokka_CHQ_2/CHQ_2:Gene	rluE	CHQ_2_7:c115887-115330	CHQ_2_00439
prokka_CHQ_2/CHQ_2:Gene	carB	CHQ_2_7:c119495-116301	CHQ_2_00440
prokka_CHQ_2/CHQ_2:Gene	bsaA	CHQ_2_7:c120280-119807	CHQ_2_00441
prokka_CHQ_2/CHQ_2:Gene	lytG	CHQ_2_7:120463-121092	CHQ_2_00442
prokka_CHQ_2/CHQ_2:Gene	yoaB	CHQ_2_7:c123770-121134	CHQ_2_00443
prokka_CHQ_2/CHQ_2:Gene	queH	CHQ_2_7:c124751-124029	CHQ_2_00444
prokka_CHQ_2/CHQ_2:Gene	CHQ_2_00445	CHQ_2_7:c125541-124972	CHQ_2_00445
prokka_CHQ_2/CHQ_2:Gene	CHQ_2_00446	CHQ_2_7:c126536-125682	CHQ_2_00446
prokka_CHQ_2/CHQ_2:Gene	CHQ_2_00447	CHQ_2_7:127047-127475	CHQ_2_00447
prokka_CHQ_2/CHQ_2:Gene	CHQ_2_00448	CHQ_2_7:127784-128542	CHQ_2_00448
prokka_CHQ_2/CHQ_2:Gene	CHQ_2_00449	CHQ_2_7:c128962-128609	CHQ_2_00449
prokka_CHQ_2/CHQ_2:Gene	teaD	CHQ_2_7:c129487-129059	CHQ_2_00450
prokka_CHQ_2/CHQ_2:Gene	CHQ_2_00451	CHQ_2_7:c129768-129607	CHQ_2_00451
prokka_CHQ_2/CHQ_2:Gene	arsC_2	CHQ_2_7:c130199-129798	CHQ_2_00452
prokka_CHQ_2/CHQ_2:Gene	CHQ_2_00453	CHQ_2_7:c130492-130403	CHQ_2_00453
prokka_CHQ_2/CHQ_2:Gene	CHQ_2_00454	CHQ_2_7:c132698-132168	CHQ_2_00454
prokka_CHQ_2/CHQ_2:Gene	CHQ_2_00455	CHQ_2_7:c134400-133609	CHQ_2_00455
prokka_CHQ_2/CHQ_2:Gene	CHQ_2_00456	CHQ_2_7:c135845-135078	CHQ_2_00456
prokka_CHQ_2/CHQ_2:Gene	CHQ_2_00457	CHQ_2_7:c136723-136430	CHQ_2_00457
prokka_CHQ_2/CHQ_2:Gene	CHQ_2_00458	CHQ_2_7:c136991-136716	CHQ_2_00458
prokka_CHQ_2/CHQ_2:Gene	CHQ_2_00459	CHQ_2_7:c137555-137106	CHQ_2_00459
prokka_CHQ_2/CHQ_2:Gene	CHQ_2_00460	CHQ_2_7:c138193-137684	CHQ_2_00460
prokka_CHQ_2/CHQ_2:Gene	CHQ_2_00461	CHQ_2_7:c138790-138437	CHQ_2_00461
prokka_CHQ_2/CHQ_2:Gene	CHQ_2_00462	CHQ_2_7:c139199-139026	CHQ_2_00462
prokka_CHQ_2/CHQ_2:Gene	ssrA	CHQ_2_7:c139836-139481	CHQ_2_00463
prokka_CHQ_2/CHQ_2:Gene	CHQ_2_00464	CHQ_2_7:c140369-140034	CHQ_2_00464
prokka_CHQ_2/CHQ_2:Gene	phoP	CHQ_2_7:140554-141264	CHQ_2_00465
prokka_CHQ_2/CHQ_2:Gene	phoR	CHQ_2_7:141254-142807	CHQ_2_00466
prokka_CHQ_2/CHQ_2:Gene	CHQ_2_00467	CHQ_2_7:142907-143347	CHQ_2_00467
prokka_CHQ_2/CHQ_2:Gene	nagR	CHQ_2_7:c144061-143354	CHQ_2_00468
prokka_CHQ_2/CHQ_2:Gene	tmpC	CHQ_2_7:c145305-144253	CHQ_2_00469
prokka_CHQ_2/CHQ_2:Gene	cdd	CHQ_2_7:c145956-145564	CHQ_2_00470
prokka_CHQ_2/CHQ_2:Gene	deoC1	CHQ_2_7:c146605-145943	CHQ_2_00471
prokka_CHQ_2/CHQ_2:Gene	CHQ_2_00472	CHQ_2_7:c146806-146618	CHQ_2_00472
prokka_CHQ_2/CHQ_2:Gene	pdp	CHQ_2_7:c148100-146808	CHQ_2_00473
prokka_CHQ_2/CHQ_2:Gene	rsmC	CHQ_2_7:c148733-148131	CHQ_2_00474
prokka_CHQ_2/CHQ_2:Gene	coaA	CHQ_2_7:148921-149841	CHQ_2_00475
prokka_CHQ_2/CHQ_2:Gene	psiE	CHQ_2_7:c150342-149911	CHQ_2_00476
prokka_CHQ_2/CHQ_2:Gene	CHQ_2_00477	CHQ_2_7:c151340-150396	CHQ_2_00477
prokka_CHQ_2/CHQ_2:Gene	CHQ_2_00478	CHQ_2_7:c151937-151635	CHQ_2_00478
prokka_CHQ_2/CHQ_2:Gene	ybdM_1	CHQ_2_7:c152560-152018	CHQ_2_00479
prokka_CHQ_2/CHQ_2:Gene	CHQ_2_00480	CHQ_2_7:c153861-152542	CHQ_2_00480
prokka_CHQ_2/CHQ_2:Gene	CHQ_2_00481	CHQ_2_7:154136-154702	CHQ_2_00481
prokka_CHQ_2/CHQ_2:Gene	CHQ_2_00482	CHQ_2_7:c154921-154751	CHQ_2_00482
prokka_CHQ_2/CHQ_2:Gene	CHQ_2_00483	CHQ_2_7:c156834-155113	CHQ_2_00483
prokka_CHQ_2/CHQ_2:Gene	opuAA	CHQ_2_7:c158057-156831	CHQ_2_00484
prokka_CHQ_2/CHQ_2:Gene	CHQ_2_00485	CHQ_2_7:c158888-158268	CHQ_2_00485
prokka_CHQ_2/CHQ_2:Gene	gtfA_2	CHQ_2_7:c160729-159104	CHQ_2_00486
prokka_CHQ_2/CHQ_2:Gene	gtfA_3	CHQ_2_7:c162273-160753	CHQ_2_00487
prokka_CHQ_2/CHQ_2:Gene	smc_1	CHQ_2_7:c165582-162313	CHQ_2_00488
prokka_CHQ_2/CHQ_2:Gene	CHQ_2_00489	CHQ_2_7:c166679-165732	CHQ_2_00489
prokka_CHQ_2/CHQ_2:Gene	CHQ_2_00490	CHQ_2_7:c171256-166895	CHQ_2_00490
prokka_CHQ_2/CHQ_2:Gene	bglH_1	CHQ_2_7:c173302-171866	CHQ_2_00491
prokka_CHQ_2/CHQ_2:Gene	bglF_1	CHQ_2_7:c175260-173350	CHQ_2_00492
prokka_CHQ_2/CHQ_2:Gene	licT_1	CHQ_2_7:c176200-175361	CHQ_2_00493
prokka_CHQ_2/CHQ_2:Gene	trpA	CHQ_2_7:c177138-176377	CHQ_2_00494
prokka_CHQ_2/CHQ_2:Gene	trpB	CHQ_2_7:c178343-177135	CHQ_2_00495
prokka_CHQ_2/CHQ_2:Gene	CHQ_2_00496	CHQ_2_7:c178935-178366	CHQ_2_00496
prokka_CHQ_2/CHQ_2:Gene	trpF	CHQ_2_7:c179983-178928	CHQ_2_00497
prokka_CHQ_2/CHQ_2:Gene	trpC	CHQ_2_7:c180767-179973	CHQ_2_00498
prokka_CHQ_2/CHQ_2:Gene	trpD2	CHQ_2_7:c181821-180814	CHQ_2_00499
prokka_CHQ_2/CHQ_2:Gene	pabA_2	CHQ_2_7:c182407-181811	CHQ_2_00500
prokka_CHQ_2/CHQ_2:Gene	trpE	CHQ_2_7:c183901-182531	CHQ_2_00501
prokka_CHQ_2/CHQ_2:Gene	CHQ_2_00502	CHQ_2_7:c184718-184359	CHQ_2_00502
prokka_CHQ_2/CHQ_2:Gene	yodC	CHQ_2_7:c185386-184733	CHQ_2_00503
prokka_CHQ_2/CHQ_2:Gene	CHQ_2_00504	CHQ_2_7:c185802-185383	CHQ_2_00504
prokka_CHQ_2/CHQ_2:Gene	COQ5_1	CHQ_2_7:c186659-185916	CHQ_2_00505
prokka_CHQ_2/CHQ_2:Gene	CHQ_2_00506	CHQ_2_7:c187415-186735	CHQ_2_00506
prokka_CHQ_2/CHQ_2:Gene	CHQ_2_00507	CHQ_2_7:c188104-187415	CHQ_2_00507
prokka_CHQ_2/CHQ_2:Gene	perR	CHQ_2_7:188230-188616	CHQ_2_00508
prokka_CHQ_2/CHQ_2:Gene	yicL_1	CHQ_2_7:188784-189671	CHQ_2_00509
prokka_CHQ_2/CHQ_2:Gene	CHQ_2_00510	CHQ_2_7:c190145-189711	CHQ_2_00510
prokka_CHQ_2/CHQ_2:Gene	sdh	CHQ_2_7:190222-190953	CHQ_2_00511
prokka_CHQ_2/CHQ_2:Gene	dxs_1	CHQ_2_7:c192856-191057	CHQ_2_00512
prokka_CHQ_2/CHQ_2:Gene	CHQ_2_00513	CHQ_2_7:c193540-193121	CHQ_2_00513
prokka_CHQ_2/CHQ_2:Gene	CHQ_2_00514	CHQ_2_7:193722-194627	CHQ_2_00514
prokka_CHQ_2/CHQ_2:Gene	mepA_1	CHQ_2_7:194732-196111	CHQ_2_00515
prokka_CHQ_2/CHQ_2:Gene	CHQ_2_00516	CHQ_2_7:c197900-196155	CHQ_2_00516
prokka_CHQ_2/CHQ_2:Gene	guaA	CHQ_2_7:c199714-198173	CHQ_2_00517
prokka_CHQ_2/CHQ_2:Gene	gmuE_1	CHQ_2_7:c200798-199923	CHQ_2_00518
prokka_CHQ_2/CHQ_2:Gene	bglK	CHQ_2_7:c201782-200901	CHQ_2_00519
prokka_CHQ_2/CHQ_2:Gene	gmuD_2	CHQ_2_7:c203246-201819	CHQ_2_00520
prokka_CHQ_2/CHQ_2:Gene	CHQ_2_00521	CHQ_2_7:c203884-203276	CHQ_2_00521
prokka_CHQ_2/CHQ_2:Gene	CHQ_2_00522	CHQ_2_7:c206770-203999	CHQ_2_00522
prokka_CHQ_2/CHQ_2:Gene	dexB_1	CHQ_2_7:c208381-206792	CHQ_2_00523
prokka_CHQ_2/CHQ_2:Gene	strH	CHQ_2_7:c209351-208374	CHQ_2_00524
prokka_CHQ_2/CHQ_2:Gene	CHQ_2_00525	CHQ_2_7:c210880-209429	CHQ_2_00525
prokka_CHQ_2/CHQ_2:Gene	araQ_2	CHQ_2_7:c211903-210983	CHQ_2_00526
prokka_CHQ_2/CHQ_2:Gene	yteP	CHQ_2_7:c212891-211959	CHQ_2_00527
prokka_CHQ_2/CHQ_2:Gene	mngB_1	CHQ_2_7:c215575-212888	CHQ_2_00528
prokka_CHQ_2/CHQ_2:Gene	CHQ_2_00529	CHQ_2_7:c216905-215610	CHQ_2_00529
prokka_CHQ_2/CHQ_2:Gene	araR_1	CHQ_2_7:217144-218181	CHQ_2_00530
prokka_CHQ_2/CHQ_2:Gene	CHQ_2_00531	CHQ_2_7:218178-220331	CHQ_2_00531
prokka_CHQ_2/CHQ_2:Gene	xpkA	CHQ_2_7:c222894-220426	CHQ_2_00532
prokka_CHQ_2/CHQ_2:Gene	araA	CHQ_2_7:c224467-223043	CHQ_2_00533
prokka_CHQ_2/CHQ_2:Gene	araD	CHQ_2_7:c225199-224498	CHQ_2_00534
prokka_CHQ_2/CHQ_2:Gene	xylB_1	CHQ_2_7:c226798-225215	CHQ_2_00535
prokka_CHQ_2/CHQ_2:Gene	xylT_1	CHQ_2_7:226999-228366	CHQ_2_00536
prokka_CHQ_2/CHQ_2:Gene	araR_2	CHQ_2_7:228871-229956	CHQ_2_00537
prokka_CHQ_2/CHQ_2:Gene	xylT_2	CHQ_2_7:c231390-230014	CHQ_2_00538
prokka_CHQ_2/CHQ_2:Gene	CHQ_2_00539	CHQ_2_7:c232162-231560	CHQ_2_00539
prokka_CHQ_2/CHQ_2:Gene	xynB	CHQ_2_7:c233900-232221	CHQ_2_00540
prokka_CHQ_2/CHQ_2:Gene	yjmB_1	CHQ_2_7:c235397-233925	CHQ_2_00541
prokka_CHQ_2/CHQ_2:Gene	CHQ_2_00542	CHQ_2_7:c236002-235463	CHQ_2_00542
prokka_CHQ_2/CHQ_2:Gene	CHQ_2_00543	CHQ_2_7:c236467-236312	CHQ_2_00543
prokka_CHQ_2/CHQ_2:Gene	xylB_2	CHQ_2_7:c237735-236470	CHQ_2_00544
prokka_CHQ_2/CHQ_2:Gene	xylB_3	CHQ_2_7:c237974-237723	CHQ_2_00545
prokka_CHQ_2/CHQ_2:Gene	xylA	CHQ_2_7:c239360-238041	CHQ_2_00546
prokka_CHQ_2/CHQ_2:Gene	rhaS	CHQ_2_7:239471-240415	CHQ_2_00547
prokka_CHQ_2/CHQ_2:Gene	purK	CHQ_2_7:c241675-240569	CHQ_2_00548
prokka_CHQ_2/CHQ_2:Gene	purE	CHQ_2_7:c242211-241726	CHQ_2_00549
prokka_CHQ_2/CHQ_2:Gene	purD	CHQ_2_7:c243481-242243	CHQ_2_00550
prokka_CHQ_2/CHQ_2:Gene	tetR_1	CHQ_2_7:243837-244463	CHQ_2_00551
prokka_CHQ_2/CHQ_2:Gene	hsrA_1	CHQ_2_7:244567-245964	CHQ_2_00552
prokka_CHQ_2/CHQ_2:Gene	yfnB_1	CHQ_2_7:c246692-246000	CHQ_2_00553
prokka_CHQ_2/CHQ_2:Gene	purH	CHQ_2_7:c248425-246869	CHQ_2_00554
prokka_CHQ_2/CHQ_2:Gene	hpt_1	CHQ_2_7:c249143-248601	CHQ_2_00555
prokka_CHQ_2/CHQ_2:Gene	hldD	CHQ_2_7:c250317-249280	CHQ_2_00556
prokka_CHQ_2/CHQ_2:Gene	CHQ_2_00557	CHQ_2_7:250449-250979	CHQ_2_00557
prokka_CHQ_2/CHQ_2:Gene	CHQ_2_00558	CHQ_2_7:c252619-251030	CHQ_2_00558
prokka_CHQ_2/CHQ_2:Gene	purN	CHQ_2_7:c253334-252786	CHQ_2_00559
prokka_CHQ_2/CHQ_2:Gene	purM	CHQ_2_7:c254379-253363	CHQ_2_00560
prokka_CHQ_2/CHQ_2:Gene	clpB	CHQ_2_7:c257171-254568	CHQ_2_00561
prokka_CHQ_2/CHQ_2:Gene	CHQ_2_00562	CHQ_2_7:c258165-257359	CHQ_2_00562
prokka_CHQ_2/CHQ_2:Gene	CHQ_2_00563	CHQ_2_7:258372-259712	CHQ_2_00563
prokka_CHQ_2/CHQ_2:Gene	CHQ_2_00564	CHQ_2_7:c260368-259745	CHQ_2_00564
prokka_CHQ_2/CHQ_2:Gene	purF	CHQ_2_7:c261977-260478	CHQ_2_00565
prokka_CHQ_2/CHQ_2:Gene	hcaB_1	CHQ_2_7:c262937-262092	CHQ_2_00566
prokka_CHQ_2/CHQ_2:Gene	purL	CHQ_2_7:c265268-263049	CHQ_2_00567
prokka_CHQ_2/CHQ_2:Gene	purQ	CHQ_2_7:c266156-265485	CHQ_2_00568
prokka_CHQ_2/CHQ_2:Gene	purS	CHQ_2_7:c266419-266156	CHQ_2_00569
prokka_CHQ_2/CHQ_2:Gene	purC	CHQ_2_7:c267185-266475	CHQ_2_00570
prokka_CHQ_2/CHQ_2:Gene	CHQ_2_00571	CHQ_2_7:c267730-267329	CHQ_2_00571
prokka_CHQ_2/CHQ_2:Gene	CHQ_2_00572	CHQ_2_7:c268039-267746	CHQ_2_00572
prokka_CHQ_2/CHQ_2:Gene	CHQ_2_00573	CHQ_2_7:c268366-268052	CHQ_2_00573
prokka_CHQ_2/CHQ_2:Gene	CHQ_2_00574	CHQ_2_7:c268761-268393	CHQ_2_00574
prokka_CHQ_2/CHQ_2:Gene	CHQ_2_00575	CHQ_2_7:c269528-268776	CHQ_2_00575
prokka_CHQ_2/CHQ_2:Gene	ribZ_1	CHQ_2_7:c271125-269752	CHQ_2_00576
prokka_CHQ_2/CHQ_2:Gene	CHQ_2_00577	CHQ_2_7:c271568-271122	CHQ_2_00577
prokka_CHQ_2/CHQ_2:Gene	thyA	CHQ_2_7:c272514-271675	CHQ_2_00578
prokka_CHQ_2/CHQ_2:Gene	CHQ_2_00579	CHQ_2_7:c273688-272642	CHQ_2_00579
prokka_CHQ_2/CHQ_2:Gene	CHQ_2_00580	CHQ_2_7:c274069-273800	CHQ_2_00580
prokka_CHQ_2/CHQ_2:Gene	CHQ_2_00581	CHQ_2_7:c274836-274129	CHQ_2_00581
prokka_CHQ_2/CHQ_2:Gene	pyrDA	CHQ_2_7:c275888-274953	CHQ_2_00582
prokka_CHQ_2/CHQ_2:Gene	msrA2_2	CHQ_2_7:276029-276580	CHQ_2_00583
prokka_CHQ_2/CHQ_2:Gene	iolU_1	CHQ_2_7:c277564-276590	CHQ_2_00584
prokka_CHQ_2/CHQ_2:Gene	CHQ_2_00585	CHQ_2_7:c277772-277590	CHQ_2_00585
prokka_CHQ_2/CHQ_2:Gene	ettA_1	CHQ_2_7:c279650-277779	CHQ_2_00586
prokka_CHQ_2/CHQ_2:Gene	hdfR_2	CHQ_2_7:c280752-279778	CHQ_2_00587
prokka_CHQ_2/CHQ_2:Gene	hcxA	CHQ_2_7:c281926-280850	CHQ_2_00588
prokka_CHQ_2/CHQ_2:Gene	CHQ_2_00589	CHQ_2_7:c282439-282029	CHQ_2_00589
prokka_CHQ_2/CHQ_2:Gene	pepDA_1	CHQ_2_7:c284086-282662	CHQ_2_00590
prokka_CHQ_2/CHQ_2:Gene	cca	CHQ_2_7:c285437-284202	CHQ_2_00591
prokka_CHQ_2/CHQ_2:Gene	CHQ_2_00592	CHQ_2_7:c286154-285618	CHQ_2_00592
prokka_CHQ_2/CHQ_2:Gene	dapB	CHQ_2_7:c286985-286203	CHQ_2_00593
prokka_CHQ_2/CHQ_2:Gene	CHQ_2_00594	CHQ_2_7:c287931-287086	CHQ_2_00594
prokka_CHQ_2/CHQ_2:Gene	CHQ_2_00595	CHQ_2_7:c288341-287949	CHQ_2_00595
prokka_CHQ_2/CHQ_2:Gene	trmD	CHQ_2_7:c289222-288467	CHQ_2_00596
prokka_CHQ_2/CHQ_2:Gene	rimM	CHQ_2_7:c289730-289215	CHQ_2_00597
prokka_CHQ_2/CHQ_2:Gene	proC_1	CHQ_2_7:c290694-289882	CHQ_2_00598
prokka_CHQ_2/CHQ_2:Gene	CHQ_2_00599	CHQ_2_7:c291761-290766	CHQ_2_00599
prokka_CHQ_2/CHQ_2:Gene	rhaR	CHQ_2_7:291904-292863	CHQ_2_00600
prokka_CHQ_2/CHQ_2:Gene	ytpA	CHQ_2_7:c293782-292928	CHQ_2_00601
prokka_CHQ_2/CHQ_2:Gene	hemH	CHQ_2_7:c294840-293896	CHQ_2_00602
prokka_CHQ_2/CHQ_2:Gene	CHQ_2_00603	CHQ_2_7:c295341-295102	CHQ_2_00603
prokka_CHQ_2/CHQ_2:Gene	rpsP	CHQ_2_7:c295709-295437	CHQ_2_00604
prokka_CHQ_2/CHQ_2:Gene	mvaA	CHQ_2_7:c297009-295798	CHQ_2_00605
prokka_CHQ_2/CHQ_2:Gene	thlA	CHQ_2_7:c298250-297111	CHQ_2_00606
prokka_CHQ_2/CHQ_2:Gene	mvaS	CHQ_2_7:298559-299713	CHQ_2_00607
prokka_CHQ_2/CHQ_2:Gene	nagB	CHQ_2_7:c300480-299773	CHQ_2_00608
prokka_CHQ_2/CHQ_2:Gene	menH_1	CHQ_2_7:c301590-300631	CHQ_2_00609
prokka_CHQ_2/CHQ_2:Gene	CHQ_2_00610	CHQ_2_7:c303200-302949	CHQ_2_00610
prokka_CHQ_2/CHQ_2:Gene	CHQ_2_00611	CHQ_2_7:c303754-303185	CHQ_2_00611
prokka_CHQ_2/CHQ_2:Gene	CHQ_2_00612	CHQ_2_8:c528-82	CHQ_2_00612
prokka_CHQ_2/CHQ_2:Gene	CHQ_2_00613	CHQ_2_8:c1944-799	CHQ_2_00613
prokka_CHQ_2/CHQ_2:Gene	CHQ_2_00614	CHQ_2_8:c2618-2217	CHQ_2_00614
prokka_CHQ_2/CHQ_2:Gene	CHQ_2_00615	CHQ_2_8:2737-3006	CHQ_2_00615
prokka_CHQ_2/CHQ_2:Gene	CHQ_2_00616	CHQ_2_8:c3585-3256	CHQ_2_00616
prokka_CHQ_2/CHQ_2:Gene	CHQ_2_00617	CHQ_2_8:c3764-3582	CHQ_2_00617
prokka_CHQ_2/CHQ_2:Gene	CHQ_2_00618	CHQ_2_8:c3915-3772	CHQ_2_00618
prokka_CHQ_2/CHQ_2:Gene	CHQ_2_00619	CHQ_2_8:c4139-3924	CHQ_2_00619
prokka_CHQ_2/CHQ_2:Gene	CHQ_2_00620	CHQ_2_8:c4345-4136	CHQ_2_00620
prokka_CHQ_2/CHQ_2:Gene	CHQ_2_00621	CHQ_2_8:4482-5066	CHQ_2_00621
prokka_CHQ_2/CHQ_2:Gene	CHQ_2_00622	CHQ_2_8:c5208-5095	CHQ_2_00622
prokka_CHQ_2/CHQ_2:Gene	CHQ_2_00623	CHQ_2_8:c5504-5367	CHQ_2_00623
prokka_CHQ_2/CHQ_2:Gene	CHQ_2_00624	CHQ_2_8:c5759-5517	CHQ_2_00624
prokka_CHQ_2/CHQ_2:Gene	CHQ_2_00625	CHQ_2_8:c6810-5752	CHQ_2_00625
prokka_CHQ_2/CHQ_2:Gene	CHQ_2_00626	CHQ_2_8:c8012-7086	CHQ_2_00626
prokka_CHQ_2/CHQ_2:Gene	CHQ_2_00627	CHQ_2_8:c8842-8009	CHQ_2_00627
prokka_CHQ_2/CHQ_2:Gene	CHQ_2_00628	CHQ_2_8:c9174-8947	CHQ_2_00628
prokka_CHQ_2/CHQ_2:Gene	CHQ_2_00629	CHQ_2_8:c9377-9177	CHQ_2_00629
prokka_CHQ_2/CHQ_2:Gene	CHQ_2_00630	CHQ_2_8:9528-9692	CHQ_2_00630
prokka_CHQ_2/CHQ_2:Gene	CHQ_2_00631	CHQ_2_8:c10248-9910	CHQ_2_00631
prokka_CHQ_2/CHQ_2:Gene	CHQ_2_00632	CHQ_2_8:c11053-10262	CHQ_2_00632
prokka_CHQ_2/CHQ_2:Gene	CHQ_2_00633	CHQ_2_8:c11304-11065	CHQ_2_00633
prokka_CHQ_2/CHQ_2:Gene	CHQ_2_00634	CHQ_2_8:11460-11915	CHQ_2_00634
prokka_CHQ_2/CHQ_2:Gene	CHQ_2_00635	CHQ_2_8:c12002-11859	CHQ_2_00635
prokka_CHQ_2/CHQ_2:Gene	CHQ_2_00636	CHQ_2_8:12270-12821	CHQ_2_00636
prokka_CHQ_2/CHQ_2:Gene	CHQ_2_00637	CHQ_2_8:12832-13419	CHQ_2_00637
prokka_CHQ_2/CHQ_2:Gene	CHQ_2_00638	CHQ_2_8:13455-13736	CHQ_2_00638
prokka_CHQ_2/CHQ_2:Gene	CHQ_2_00639	CHQ_2_8:13792-14442	CHQ_2_00639
prokka_CHQ_2/CHQ_2:Gene	xerC_3	CHQ_2_8:14572-15711	CHQ_2_00640
prokka_CHQ_2/CHQ_2:Gene	carA	CHQ_2_8:c16889-15816	CHQ_2_00641
prokka_CHQ_2/CHQ_2:Gene	pyrB	CHQ_2_8:c17884-16952	CHQ_2_00642
prokka_CHQ_2/CHQ_2:Gene	pyrP	CHQ_2_8:c19360-18068	CHQ_2_00643
prokka_CHQ_2/CHQ_2:Gene	pyrR	CHQ_2_8:c19976-19455	CHQ_2_00644
prokka_CHQ_2/CHQ_2:Gene	CHQ_2_00645	CHQ_2_8:c20935-20237	CHQ_2_00645
prokka_CHQ_2/CHQ_2:Gene	ziaR	CHQ_2_8:21031-21330	CHQ_2_00646
prokka_CHQ_2/CHQ_2:Gene	czcD	CHQ_2_8:21320-22234	CHQ_2_00647
prokka_CHQ_2/CHQ_2:Gene	proA	CHQ_2_8:c23558-22317	CHQ_2_00648
prokka_CHQ_2/CHQ_2:Gene	proB	CHQ_2_8:c24388-23576	CHQ_2_00649
prokka_CHQ_2/CHQ_2:Gene	CHQ_2_00650	CHQ_2_8:c25990-24518	CHQ_2_00650
prokka_CHQ_2/CHQ_2:Gene	CHQ_2_00651	CHQ_2_8:c26229-26005	CHQ_2_00651
prokka_CHQ_2/CHQ_2:Gene	CHQ_2_00652	CHQ_2_8:c26682-26356	CHQ_2_00652
prokka_CHQ_2/CHQ_2:Gene	ygaZ	CHQ_2_8:c27376-26669	CHQ_2_00653
prokka_CHQ_2/CHQ_2:Gene	CHQ_2_00654	CHQ_2_8:27549-28124	CHQ_2_00654
prokka_CHQ_2/CHQ_2:Gene	speG	CHQ_2_8:28206-28748	CHQ_2_00655
prokka_CHQ_2/CHQ_2:Gene	ffh	CHQ_2_8:c30331-28775	CHQ_2_00656
prokka_CHQ_2/CHQ_2:Gene	CHQ_2_00657	CHQ_2_8:c33622-30410	CHQ_2_00657
prokka_CHQ_2/CHQ_2:Gene	rnj2	CHQ_2_8:c35383-33671	CHQ_2_00658
prokka_CHQ_2/CHQ_2:Gene	sapB	CHQ_2_8:35733-36404	CHQ_2_00659
prokka_CHQ_2/CHQ_2:Gene	dapA	CHQ_2_8:c37337-36444	CHQ_2_00660
prokka_CHQ_2/CHQ_2:Gene	rppH_1	CHQ_2_8:c38133-37678	CHQ_2_00661
prokka_CHQ_2/CHQ_2:Gene	asd	CHQ_2_8:c39220-38144	CHQ_2_00662
prokka_CHQ_2/CHQ_2:Gene	gla_2	CHQ_2_8:c40178-39315	CHQ_2_00663
prokka_CHQ_2/CHQ_2:Gene	CHQ_2_00664	CHQ_2_8:c40804-40550	CHQ_2_00664
prokka_CHQ_2/CHQ_2:Gene	tkt	CHQ_2_8:c42875-40899	CHQ_2_00665
prokka_CHQ_2/CHQ_2:Gene	ulaA	CHQ_2_8:c44441-43056	CHQ_2_00666
prokka_CHQ_2/CHQ_2:Gene	CHQ_2_00667	CHQ_2_8:c44801-44502	CHQ_2_00667
prokka_CHQ_2/CHQ_2:Gene	CHQ_2_00668	CHQ_2_8:c46743-44803	CHQ_2_00668
prokka_CHQ_2/CHQ_2:Gene	kdgA_1	CHQ_2_8:c47558-46917	CHQ_2_00669
prokka_CHQ_2/CHQ_2:Gene	kdgK_1	CHQ_2_8:c48511-47561	CHQ_2_00670
prokka_CHQ_2/CHQ_2:Gene	uxaC_1	CHQ_2_8:c49926-48508	CHQ_2_00671
prokka_CHQ_2/CHQ_2:Gene	lacX_2	CHQ_2_8:c50816-49923	CHQ_2_00672
prokka_CHQ_2/CHQ_2:Gene	CHQ_2_00673	CHQ_2_8:c52402-50876	CHQ_2_00673
prokka_CHQ_2/CHQ_2:Gene	uxuA	CHQ_2_8:c53664-52588	CHQ_2_00674
prokka_CHQ_2/CHQ_2:Gene	por	CHQ_2_8:c55588-53954	CHQ_2_00675
prokka_CHQ_2/CHQ_2:Gene	rspR	CHQ_2_8:55755-56438	CHQ_2_00676
prokka_CHQ_2/CHQ_2:Gene	CHQ_2_00677	CHQ_2_8:c57914-56484	CHQ_2_00677
prokka_CHQ_2/CHQ_2:Gene	rbsB	CHQ_2_8:c59089-58115	CHQ_2_00678
prokka_CHQ_2/CHQ_2:Gene	rbsC	CHQ_2_8:c60042-59101	CHQ_2_00679
prokka_CHQ_2/CHQ_2:Gene	rbsA	CHQ_2_8:c61523-60045	CHQ_2_00680
prokka_CHQ_2/CHQ_2:Gene	rbsD	CHQ_2_8:c61940-61542	CHQ_2_00681
prokka_CHQ_2/CHQ_2:Gene	rbsK	CHQ_2_8:c62864-61962	CHQ_2_00682
prokka_CHQ_2/CHQ_2:Gene	rbsR	CHQ_2_8:c63858-62875	CHQ_2_00683
prokka_CHQ_2/CHQ_2:Gene	purB	CHQ_2_8:c65287-63992	CHQ_2_00684
prokka_CHQ_2/CHQ_2:Gene	aroD	CHQ_2_8:c66164-65484	CHQ_2_00685
prokka_CHQ_2/CHQ_2:Gene	CHQ_2_00686	CHQ_2_8:c66334-66261	CHQ_2_00686
prokka_CHQ_2/CHQ_2:Gene	CHQ_2_00687	CHQ_2_8:c66631-66428	CHQ_2_00687
prokka_CHQ_2/CHQ_2:Gene	trxA	CHQ_2_8:c67188-66874	CHQ_2_00688
prokka_CHQ_2/CHQ_2:Gene	mutS2	CHQ_2_8:c69660-67285	CHQ_2_00689
prokka_CHQ_2/CHQ_2:Gene	CHQ_2_00690	CHQ_2_8:c70220-69660	CHQ_2_00690
prokka_CHQ_2/CHQ_2:Gene	yumC	CHQ_2_8:c71345-70380	CHQ_2_00691
prokka_CHQ_2/CHQ_2:Gene	ccpA_1	CHQ_2_8:c72482-71484	CHQ_2_00692
prokka_CHQ_2/CHQ_2:Gene	pepQ	CHQ_2_8:72697-73785	CHQ_2_00693
prokka_CHQ_2/CHQ_2:Gene	mapZ	CHQ_2_8:c75973-73967	CHQ_2_00694
prokka_CHQ_2/CHQ_2:Gene	rlmL	CHQ_2_8:c77275-76121	CHQ_2_00695
prokka_CHQ_2/CHQ_2:Gene	gpsB_1	CHQ_2_8:c78295-77909	CHQ_2_00696
prokka_CHQ_2/CHQ_2:Gene	yqeN	CHQ_2_8:c79353-78349	CHQ_2_00697
prokka_CHQ_2/CHQ_2:Gene	CHQ_2_00698	CHQ_2_8:c79935-79360	CHQ_2_00698
prokka_CHQ_2/CHQ_2:Gene	ftsK	CHQ_2_8:c82229-79932	CHQ_2_00699
prokka_CHQ_2/CHQ_2:Gene	ywtE	CHQ_2_8:82391-83176	CHQ_2_00700
prokka_CHQ_2/CHQ_2:Gene	CHQ_2_00701	CHQ_2_8:c83615-83223	CHQ_2_00701
prokka_CHQ_2/CHQ_2:Gene	pta	CHQ_2_8:c84730-83750	CHQ_2_00702
prokka_CHQ_2/CHQ_2:Gene	udk	CHQ_2_8:c85567-84947	CHQ_2_00703
prokka_CHQ_2/CHQ_2:Gene	iolU_2	CHQ_2_8:85865-86845	CHQ_2_00704
prokka_CHQ_2/CHQ_2:Gene	CHQ_2_00705	CHQ_2_8:86902-86977	CHQ_2_00705
prokka_CHQ_2/CHQ_2:Gene	CHQ_2_00706	CHQ_2_8:c87711-87112	CHQ_2_00706
prokka_CHQ_2/CHQ_2:Gene	menA_1	CHQ_2_8:88369-89328	CHQ_2_00707
prokka_CHQ_2/CHQ_2:Gene	clcA	CHQ_2_8:c90891-89353	CHQ_2_00708
prokka_CHQ_2/CHQ_2:Gene	CHQ_2_00709	CHQ_2_8:c91293-91060	CHQ_2_00709
prokka_CHQ_2/CHQ_2:Gene	CHQ_2_00710	CHQ_2_8:c91584-91315	CHQ_2_00710
prokka_CHQ_2/CHQ_2:Gene	CHQ_2_00711	CHQ_2_8:c91980-91666	CHQ_2_00711
prokka_CHQ_2/CHQ_2:Gene	CHQ_2_00712	CHQ_2_8:c92943-92110	CHQ_2_00712
prokka_CHQ_2/CHQ_2:Gene	menG	CHQ_2_8:c93725-92979	CHQ_2_00713
prokka_CHQ_2/CHQ_2:Gene	CHQ_2_00714	CHQ_2_8:c96522-93817	CHQ_2_00714
prokka_CHQ_2/CHQ_2:Gene	bglH_2	CHQ_2_8:c98214-96781	CHQ_2_00715
prokka_CHQ_2/CHQ_2:Gene	CHQ_2_00716	CHQ_2_8:c98602-98336	CHQ_2_00716
prokka_CHQ_2/CHQ_2:Gene	dxs_2	CHQ_2_8:c100461-98719	CHQ_2_00717
prokka_CHQ_2/CHQ_2:Gene	sasA_1	CHQ_2_8:c101976-100609	CHQ_2_00718
prokka_CHQ_2/CHQ_2:Gene	arlR_2	CHQ_2_8:c102738-102070	CHQ_2_00719
prokka_CHQ_2/CHQ_2:Gene	degA_1	CHQ_2_8:c103890-102916	CHQ_2_00720
prokka_CHQ_2/CHQ_2:Gene	malP	CHQ_2_8:c106298-104043	CHQ_2_00721
prokka_CHQ_2/CHQ_2:Gene	malL	CHQ_2_8:c107925-106321	CHQ_2_00722
prokka_CHQ_2/CHQ_2:Gene	CHQ_2_00723	CHQ_2_8:c109574-107997	CHQ_2_00723
prokka_CHQ_2/CHQ_2:Gene	lacA_3	CHQ_2_8:c110169-109564	CHQ_2_00724
prokka_CHQ_2/CHQ_2:Gene	dexB_2	CHQ_2_8:c111821-110196	CHQ_2_00725
prokka_CHQ_2/CHQ_2:Gene	bbmA	CHQ_2_8:c113788-112034	CHQ_2_00726
prokka_CHQ_2/CHQ_2:Gene	cycB	CHQ_2_8:114156-115385	CHQ_2_00727
prokka_CHQ_2/CHQ_2:Gene	CHQ_2_00728	CHQ_2_8:115457-116815	CHQ_2_00728
prokka_CHQ_2/CHQ_2:Gene	malG	CHQ_2_8:116819-117676	CHQ_2_00729
prokka_CHQ_2/CHQ_2:Gene	CHQ_2_00730	CHQ_2_8:117837-118031	CHQ_2_00730
prokka_CHQ_2/CHQ_2:Gene	CHQ_2_00731	CHQ_2_8:118033-118590	CHQ_2_00731
prokka_CHQ_2/CHQ_2:Gene	CHQ_2_00732	CHQ_2_8:c119159-118623	CHQ_2_00732
prokka_CHQ_2/CHQ_2:Gene	CHQ_2_00733	CHQ_2_8:c119544-119269	CHQ_2_00733
prokka_CHQ_2/CHQ_2:Gene	CHQ_2_00734	CHQ_2_8:119774-120583	CHQ_2_00734
prokka_CHQ_2/CHQ_2:Gene	CHQ_2_00735	CHQ_2_8:120648-120950	CHQ_2_00735
prokka_CHQ_2/CHQ_2:Gene	CHQ_2_00736	CHQ_2_8:121042-122217	CHQ_2_00736
prokka_CHQ_2/CHQ_2:Gene	yagU	CHQ_2_8:122389-122928	CHQ_2_00737
prokka_CHQ_2/CHQ_2:Gene	CHQ_2_00738	CHQ_2_8:123199-123357	CHQ_2_00738
prokka_CHQ_2/CHQ_2:Gene	CHQ_2_00739	CHQ_2_8:123576-124217	CHQ_2_00739
prokka_CHQ_2/CHQ_2:Gene	tagU_1	CHQ_2_8:c125453-124305	CHQ_2_00740
prokka_CHQ_2/CHQ_2:Gene	nrtC	CHQ_2_8:c126279-125482	CHQ_2_00741
prokka_CHQ_2/CHQ_2:Gene	CHQ_2_00742	CHQ_2_8:c128054-126297	CHQ_2_00742
prokka_CHQ_2/CHQ_2:Gene	arcC1_3	CHQ_2_8:c129353-128400	CHQ_2_00743
prokka_CHQ_2/CHQ_2:Gene	aguA_2	CHQ_2_8:c130478-129378	CHQ_2_00744
prokka_CHQ_2/CHQ_2:Gene	potE_1	CHQ_2_8:c131850-130489	CHQ_2_00745
prokka_CHQ_2/CHQ_2:Gene	ptcA_1	CHQ_2_8:c132888-131866	CHQ_2_00746
prokka_CHQ_2/CHQ_2:Gene	CHQ_2_00747	CHQ_2_8:c134108-133122	CHQ_2_00747
prokka_CHQ_2/CHQ_2:Gene	tagU_2	CHQ_2_8:c135684-134281	CHQ_2_00748
prokka_CHQ_2/CHQ_2:Gene	cmk	CHQ_2_8:c136424-135762	CHQ_2_00749
prokka_CHQ_2/CHQ_2:Gene	CHQ_2_00750	CHQ_2_8:c137025-136507	CHQ_2_00750
prokka_CHQ_2/CHQ_2:Gene	manX	CHQ_2_8:137544-138533	CHQ_2_00751
prokka_CHQ_2/CHQ_2:Gene	sorC_1	CHQ_2_8:138612-139424	CHQ_2_00752
prokka_CHQ_2/CHQ_2:Gene	manZ	CHQ_2_8:139443-140366	CHQ_2_00753
prokka_CHQ_2/CHQ_2:Gene	CHQ_2_00754	CHQ_2_8:140509-140892	CHQ_2_00754
prokka_CHQ_2/CHQ_2:Gene	CHQ_2_00755	CHQ_2_8:c141612-140917	CHQ_2_00755
prokka_CHQ_2/CHQ_2:Gene	CHQ_2_00756	CHQ_2_8:141774-142133	CHQ_2_00756
prokka_CHQ_2/CHQ_2:Gene	serS	CHQ_2_8:142517-143788	CHQ_2_00757
prokka_CHQ_2/CHQ_2:Gene	ykfA	CHQ_2_8:143976-144950	CHQ_2_00758
prokka_CHQ_2/CHQ_2:Gene	gpmB	CHQ_2_8:144972-145541	CHQ_2_00759
prokka_CHQ_2/CHQ_2:Gene	phoU	CHQ_2_8:c146289-145636	CHQ_2_00760
prokka_CHQ_2/CHQ_2:Gene	pstB3_1	CHQ_2_8:c147213-146452	CHQ_2_00761
prokka_CHQ_2/CHQ_2:Gene	pstB3_2	CHQ_2_8:c148188-147379	CHQ_2_00762
prokka_CHQ_2/CHQ_2:Gene	CHQ_2_00763	CHQ_2_8:c149115-148222	CHQ_2_00763
prokka_CHQ_2/CHQ_2:Gene	CHQ_2_00764	CHQ_2_8:c150038-149115	CHQ_2_00764
prokka_CHQ_2/CHQ_2:Gene	pstS1_1	CHQ_2_8:c150983-150159	CHQ_2_00765
prokka_CHQ_2/CHQ_2:Gene	pstS1_2	CHQ_2_8:c152253-151357	CHQ_2_00766
prokka_CHQ_2/CHQ_2:Gene	smpB	CHQ_2_8:c152997-152530	CHQ_2_00767
prokka_CHQ_2/CHQ_2:Gene	CHQ_2_00768	CHQ_2_8:c153586-153029	CHQ_2_00768
prokka_CHQ_2/CHQ_2:Gene	alaS	CHQ_2_8:c156309-153691	CHQ_2_00769
prokka_CHQ_2/CHQ_2:Gene	prsA	CHQ_2_8:c157501-156575	CHQ_2_00770
prokka_CHQ_2/CHQ_2:Gene	trmR	CHQ_2_8:c158338-157655	CHQ_2_00771
prokka_CHQ_2/CHQ_2:Gene	pepF1	CHQ_2_8:c160146-158341	CHQ_2_00772
prokka_CHQ_2/CHQ_2:Gene	CHQ_2_00773	CHQ_2_8:c161198-160209	CHQ_2_00773
prokka_CHQ_2/CHQ_2:Gene	CHQ_2_00774	CHQ_2_8:c162357-161272	CHQ_2_00774
prokka_CHQ_2/CHQ_2:Gene	CHQ_2_00775	CHQ_2_8:c163367-162519	CHQ_2_00775
prokka_CHQ_2/CHQ_2:Gene	pbuO	CHQ_2_8:c164980-163559	CHQ_2_00776
prokka_CHQ_2/CHQ_2:Gene	yitU	CHQ_2_8:165287-166123	CHQ_2_00777
prokka_CHQ_2/CHQ_2:Gene	lutA	CHQ_2_8:166304-167074	CHQ_2_00778
prokka_CHQ_2/CHQ_2:Gene	lutB	CHQ_2_8:167085-168557	CHQ_2_00779
prokka_CHQ_2/CHQ_2:Gene	lutC	CHQ_2_8:168560-169243	CHQ_2_00780
prokka_CHQ_2/CHQ_2:Gene	ybhL	CHQ_2_8:c170030-169317	CHQ_2_00781
prokka_CHQ_2/CHQ_2:Gene	dagK_1	CHQ_2_8:c171057-170143	CHQ_2_00782
prokka_CHQ_2/CHQ_2:Gene	CHQ_2_00783	CHQ_2_8:c171725-171213	CHQ_2_00783
prokka_CHQ_2/CHQ_2:Gene	rpsT	CHQ_2_8:172058-172291	CHQ_2_00784
prokka_CHQ_2/CHQ_2:Gene	recD2	CHQ_2_8:c174888-172384	CHQ_2_00785
prokka_CHQ_2/CHQ_2:Gene	pspB	CHQ_2_8:c175478-174885	CHQ_2_00786
prokka_CHQ_2/CHQ_2:Gene	pheA	CHQ_2_8:c176320-175481	CHQ_2_00787
prokka_CHQ_2/CHQ_2:Gene	aroK	CHQ_2_8:c176810-176322	CHQ_2_00788
prokka_CHQ_2/CHQ_2:Gene	aroA	CHQ_2_8:c178126-176834	CHQ_2_00789
prokka_CHQ_2/CHQ_2:Gene	CHQ_2_00790	CHQ_2_8:c179311-178247	CHQ_2_00790
prokka_CHQ_2/CHQ_2:Gene	rcsC_1	CHQ_2_8:c180189-179314	CHQ_2_00791
prokka_CHQ_2/CHQ_2:Gene	graR	CHQ_2_8:c180847-180176	CHQ_2_00792
prokka_CHQ_2/CHQ_2:Gene	CHQ_2_00793	CHQ_2_8:c181914-180850	CHQ_2_00793
prokka_CHQ_2/CHQ_2:Gene	bceB	CHQ_2_8:c184094-182094	CHQ_2_00794
prokka_CHQ_2/CHQ_2:Gene	yxdL	CHQ_2_8:c184866-184087	CHQ_2_00795
prokka_CHQ_2/CHQ_2:Gene	CHQ_2_00796	CHQ_2_8:c185024-184881	CHQ_2_00796
prokka_CHQ_2/CHQ_2:Gene	CHQ_2_00797	CHQ_2_8:c185414-185055	CHQ_2_00797
prokka_CHQ_2/CHQ_2:Gene	aroC	CHQ_2_8:c186702-185536	CHQ_2_00798
prokka_CHQ_2/CHQ_2:Gene	gph_1	CHQ_2_8:c187329-186733	CHQ_2_00799
prokka_CHQ_2/CHQ_2:Gene	CHQ_2_00800	CHQ_2_8:c187933-187334	CHQ_2_00800
prokka_CHQ_2/CHQ_2:Gene	CHQ_2_00801	CHQ_2_8:c188968-188045	CHQ_2_00801
prokka_CHQ_2/CHQ_2:Gene	aroB	CHQ_2_8:c190149-189079	CHQ_2_00802
prokka_CHQ_2/CHQ_2:Gene	aroE	CHQ_2_8:c191006-190146	CHQ_2_00803
prokka_CHQ_2/CHQ_2:Gene	dedA	CHQ_2_8:c191830-191174	CHQ_2_00804
prokka_CHQ_2/CHQ_2:Gene	mltF	CHQ_2_8:192211-194355	CHQ_2_00805
prokka_CHQ_2/CHQ_2:Gene	artM_1	CHQ_2_8:194371-195114	CHQ_2_00806
prokka_CHQ_2/CHQ_2:Gene	CHQ_2_00807	CHQ_2_8:c197142-195223	CHQ_2_00807
prokka_CHQ_2/CHQ_2:Gene	CHQ_2_00808	CHQ_2_8:c197805-197164	CHQ_2_00808
prokka_CHQ_2/CHQ_2:Gene	atpC	CHQ_2_8:c198346-197921	CHQ_2_00809
prokka_CHQ_2/CHQ_2:Gene	atpD	CHQ_2_8:c199940-198531	CHQ_2_00810
prokka_CHQ_2/CHQ_2:Gene	atpG	CHQ_2_8:c200942-200073	CHQ_2_00811
prokka_CHQ_2/CHQ_2:Gene	atpA	CHQ_2_8:c202460-200958	CHQ_2_00812
prokka_CHQ_2/CHQ_2:Gene	atpH	CHQ_2_8:c203174-202647	CHQ_2_00813
prokka_CHQ_2/CHQ_2:Gene	atpF	CHQ_2_8:c203682-203176	CHQ_2_00814
prokka_CHQ_2/CHQ_2:Gene	atpB	CHQ_2_8:c204410-203697	CHQ_2_00815
prokka_CHQ_2/CHQ_2:Gene	atpE	CHQ_2_8:c204670-204455	CHQ_2_00816
prokka_CHQ_2/CHQ_2:Gene	CHQ_2_00817	CHQ_2_8:c205631-204855	CHQ_2_00817
prokka_CHQ_2/CHQ_2:Gene	comEC	CHQ_2_8:c208126-205916	CHQ_2_00818
prokka_CHQ_2/CHQ_2:Gene	comEA	CHQ_2_8:c208754-208107	CHQ_2_00819
prokka_CHQ_2/CHQ_2:Gene	yhaP	CHQ_2_8:c210175-208814	CHQ_2_00820
prokka_CHQ_2/CHQ_2:Gene	CHQ_2_00821	CHQ_2_8:c211104-210172	CHQ_2_00821
prokka_CHQ_2/CHQ_2:Gene	CHQ_2_00822	CHQ_2_8:c211607-211209	CHQ_2_00822
prokka_CHQ_2/CHQ_2:Gene	pat	CHQ_2_8:c212274-211711	CHQ_2_00823
prokka_CHQ_2/CHQ_2:Gene	CHQ_2_00824	CHQ_2_8:c213625-212447	CHQ_2_00824
prokka_CHQ_2/CHQ_2:Gene	tenA	CHQ_2_8:c214661-214110	CHQ_2_00825
prokka_CHQ_2/CHQ_2:Gene	birA_1	CHQ_2_8:c215990-215019	CHQ_2_00826
prokka_CHQ_2/CHQ_2:Gene	bioY	CHQ_2_8:c216565-215996	CHQ_2_00827
prokka_CHQ_2/CHQ_2:Gene	menE_1	CHQ_2_8:216710-217951	CHQ_2_00828
prokka_CHQ_2/CHQ_2:Gene	CHQ_2_00829	CHQ_2_8:217941-219089	CHQ_2_00829
prokka_CHQ_2/CHQ_2:Gene	CHQ_2_00830	CHQ_2_8:219086-219436	CHQ_2_00830
prokka_CHQ_2/CHQ_2:Gene	CHQ_2_00831	CHQ_2_8:219411-219704	CHQ_2_00831
prokka_CHQ_2/CHQ_2:Gene	fabG_1	CHQ_2_8:219701-220447	CHQ_2_00832
prokka_CHQ_2/CHQ_2:Gene	CHQ_2_00833	CHQ_2_8:220470-221315	CHQ_2_00833
prokka_CHQ_2/CHQ_2:Gene	CHQ_2_00834	CHQ_2_8:c222868-221456	CHQ_2_00834
prokka_CHQ_2/CHQ_2:Gene	iscU	CHQ_2_8:c223489-223031	CHQ_2_00835
prokka_CHQ_2/CHQ_2:Gene	CHQ_2_00836	CHQ_2_8:c224096-223605	CHQ_2_00836
prokka_CHQ_2/CHQ_2:Gene	sufS	CHQ_2_8:c225306-224089	CHQ_2_00837
prokka_CHQ_2/CHQ_2:Gene	CHQ_2_00838	CHQ_2_8:c226562-225306	CHQ_2_00838
prokka_CHQ_2/CHQ_2:Gene	CHQ_2_00839	CHQ_2_8:c227470-226700	CHQ_2_00839
prokka_CHQ_2/CHQ_2:Gene	tagO	CHQ_2_8:c228976-227645	CHQ_2_00840
prokka_CHQ_2/CHQ_2:Gene	mecA	CHQ_2_8:c229680-228979	CHQ_2_00841
prokka_CHQ_2/CHQ_2:Gene	artM_2	CHQ_2_8:c230544-229810	CHQ_2_00842
prokka_CHQ_2/CHQ_2:Gene	artQ	CHQ_2_8:c231230-230544	CHQ_2_00843
prokka_CHQ_2/CHQ_2:Gene	ytlR	CHQ_2_8:c232285-231377	CHQ_2_00844
prokka_CHQ_2/CHQ_2:Gene	rpoC	CHQ_2_8:c236031-232408	CHQ_2_00845
prokka_CHQ_2/CHQ_2:Gene	rpoB	CHQ_2_8:c239730-236140	CHQ_2_00846
prokka_CHQ_2/CHQ_2:Gene	codY_1	CHQ_2_8:c240604-239996	CHQ_2_00847
prokka_CHQ_2/CHQ_2:Gene	CHQ_2_00848	CHQ_2_8:240838-241512	CHQ_2_00848
prokka_CHQ_2/CHQ_2:Gene	pepO	CHQ_2_8:241625-243508	CHQ_2_00849
prokka_CHQ_2/CHQ_2:Gene	atl	CHQ_2_8:c243867-243562	CHQ_2_00850
prokka_CHQ_2/CHQ_2:Gene	murJ	CHQ_2_8:c245609-243936	CHQ_2_00851
prokka_CHQ_2/CHQ_2:Gene	murE	CHQ_2_8:245819-247270	CHQ_2_00852
prokka_CHQ_2/CHQ_2:Gene	CHQ_2_00853	CHQ_2_8:c247609-247349	CHQ_2_00853
prokka_CHQ_2/CHQ_2:Gene	adh	CHQ_2_8:c248652-247630	CHQ_2_00854
prokka_CHQ_2/CHQ_2:Gene	recQ	CHQ_2_8:248848-250626	CHQ_2_00855
prokka_CHQ_2/CHQ_2:Gene	yjeM	CHQ_2_8:c252190-250664	CHQ_2_00856
prokka_CHQ_2/CHQ_2:Gene	pepT	CHQ_2_8:c253711-252470	CHQ_2_00857
prokka_CHQ_2/CHQ_2:Gene	CHQ_2_00858	CHQ_2_8:c254537-253740	CHQ_2_00858
prokka_CHQ_2/CHQ_2:Gene	ppaC	CHQ_2_8:c255481-254537	CHQ_2_00859
prokka_CHQ_2/CHQ_2:Gene	pflA	CHQ_2_8:c256476-255685	CHQ_2_00860
prokka_CHQ_2/CHQ_2:Gene	CHQ_2_00861	CHQ_2_8:c258034-256697	CHQ_2_00861
prokka_CHQ_2/CHQ_2:Gene	CHQ_2_00862	CHQ_2_8:c259271-258156	CHQ_2_00862
prokka_CHQ_2/CHQ_2:Gene	CHQ_2_00863	CHQ_2_8:259420-259869	CHQ_2_00863
prokka_CHQ_2/CHQ_2:Gene	endA	CHQ_2_8:c260739-259960	CHQ_2_00864
prokka_CHQ_2/CHQ_2:Gene	CHQ_2_00865	CHQ_2_8:c261829-260933	CHQ_2_00865
prokka_CHQ_2/CHQ_2:Gene	CHQ_2_00866	CHQ_2_8:c262195-261941	CHQ_2_00866
prokka_CHQ_2/CHQ_2:Gene	CHQ_2_00867	CHQ_2_8:c262487-262185	CHQ_2_00867
prokka_CHQ_2/CHQ_2:Gene	CHQ_2_00868	CHQ_2_8:262692-262985	CHQ_2_00868
prokka_CHQ_2/CHQ_2:Gene	CHQ_2_00869	CHQ_2_8:c265255-263015	CHQ_2_00869
prokka_CHQ_2/CHQ_2:Gene	CHQ_2_00870	CHQ_2_8:c265702-265355	CHQ_2_00870
prokka_CHQ_2/CHQ_2:Gene	CHQ_2_00871	CHQ_2_8:266325-266900	CHQ_2_00871
prokka_CHQ_2/CHQ_2:Gene	CHQ_2_00872	CHQ_2_8:266912-267496	CHQ_2_00872
prokka_CHQ_2/CHQ_2:Gene	CHQ_2_00873	CHQ_2_8:c268215-267634	CHQ_2_00873
prokka_CHQ_2/CHQ_2:Gene	uvrA	CHQ_2_8:c271439-268617	CHQ_2_00874
prokka_CHQ_2/CHQ_2:Gene	CHQ_2_00875	CHQ_2_8:c272156-271518	CHQ_2_00875
prokka_CHQ_2/CHQ_2:Gene	cobC	CHQ_2_8:272225-272749	CHQ_2_00876
prokka_CHQ_2/CHQ_2:Gene	CHQ_2_00877	CHQ_2_8:272746-273060	CHQ_2_00877
prokka_CHQ_2/CHQ_2:Gene	yvbW_1	CHQ_2_8:c274423-273074	CHQ_2_00878
prokka_CHQ_2/CHQ_2:Gene	yceM	CHQ_2_8:c275823-274906	CHQ_2_00879
prokka_CHQ_2/CHQ_2:Gene	thiN	CHQ_2_8:c276490-275855	CHQ_2_00880
prokka_CHQ_2/CHQ_2:Gene	CHQ_2_00881	CHQ_2_8:c276834-276487	CHQ_2_00881
prokka_CHQ_2/CHQ_2:Gene	CHQ_2_00882	CHQ_2_8:c277314-276859	CHQ_2_00882
prokka_CHQ_2/CHQ_2:Gene	CHQ_2_00883	CHQ_2_8:277504-278043	CHQ_2_00883
prokka_CHQ_2/CHQ_2:Gene	asnS	CHQ_2_8:c279424-278081	CHQ_2_00884
prokka_CHQ_2/CHQ_2:Gene	CHQ_2_00885	CHQ_2_8:c279783-279472	CHQ_2_00885
prokka_CHQ_2/CHQ_2:Gene	aspB	CHQ_2_8:c280961-279780	CHQ_2_00886
prokka_CHQ_2/CHQ_2:Gene	CHQ_2_00887	CHQ_2_8:c281401-280958	CHQ_2_00887
prokka_CHQ_2/CHQ_2:Gene	dinG_1	CHQ_2_8:c283912-281537	CHQ_2_00888
prokka_CHQ_2/CHQ_2:Gene	CHQ_2_00889	CHQ_2_8:284141-284578	CHQ_2_00889
prokka_CHQ_2/CHQ_2:Gene	CHQ_2_00890	CHQ_2_8:c285924-284632	CHQ_2_00890
prokka_CHQ_2/CHQ_2:Gene	CHQ_2_00891	CHQ_2_8:c287065-286064	CHQ_2_00891
prokka_CHQ_2/CHQ_2:Gene	CHQ_2_00892	CHQ_2_8:c287883-287137	CHQ_2_00892
prokka_CHQ_2/CHQ_2:Gene	appA	CHQ_2_8:c289893-288085	CHQ_2_00893
prokka_CHQ_2/CHQ_2:Gene	oppC_1	CHQ_2_8:c290883-289999	CHQ_2_00894
prokka_CHQ_2/CHQ_2:Gene	gsiC	CHQ_2_8:c291852-290893	CHQ_2_00895
prokka_CHQ_2/CHQ_2:Gene	oppF_1	CHQ_2_8:c292792-291833	CHQ_2_00896
prokka_CHQ_2/CHQ_2:Gene	oppD_1	CHQ_2_8:c293805-292789	CHQ_2_00897
prokka_CHQ_2/CHQ_2:Gene	rplT	CHQ_2_8:c294390-294031	CHQ_2_00898
prokka_CHQ_2/CHQ_2:Gene	rpmI	CHQ_2_8:c294752-294552	CHQ_2_00899
prokka_CHQ_2/CHQ_2:Gene	infC	CHQ_2_8:c295375-294881	CHQ_2_00900
prokka_CHQ_2/CHQ_2:Gene	CHQ_2_00901	CHQ_2_8:295838-295966	CHQ_2_00901
prokka_CHQ_2/CHQ_2:Gene	CHQ_2_00902	CHQ_2_8:295985-296533	CHQ_2_00902
prokka_CHQ_2/CHQ_2:Gene	yfnB_2	CHQ_2_8:c297249-296548	CHQ_2_00903
prokka_CHQ_2/CHQ_2:Gene	mnmG	CHQ_2_8:c299296-297419	CHQ_2_00904
prokka_CHQ_2/CHQ_2:Gene	CHQ_2_00905	CHQ_2_8:c300244-299669	CHQ_2_00905
prokka_CHQ_2/CHQ_2:Gene	CHQ_2_00906	CHQ_2_8:c300787-300377	CHQ_2_00906
prokka_CHQ_2/CHQ_2:Gene	mrnC	CHQ_2_8:c301262-300861	CHQ_2_00907
prokka_CHQ_2/CHQ_2:Gene	cysS	CHQ_2_8:c302601-301255	CHQ_2_00908
prokka_CHQ_2/CHQ_2:Gene	CHQ_2_00909	CHQ_2_8:c303207-302614	CHQ_2_00909
prokka_CHQ_2/CHQ_2:Gene	cysE	CHQ_2_8:c303820-303221	CHQ_2_00910
prokka_CHQ_2/CHQ_2:Gene	CHQ_2_00911	CHQ_2_8:c304697-303927	CHQ_2_00911
prokka_CHQ_2/CHQ_2:Gene	pnp	CHQ_2_8:c307214-304905	CHQ_2_00912
prokka_CHQ_2/CHQ_2:Gene	CHQ_2_00913	CHQ_2_8:c308643-307498	CHQ_2_00913
prokka_CHQ_2/CHQ_2:Gene	prs2	CHQ_2_8:309008-309973	CHQ_2_00914
prokka_CHQ_2/CHQ_2:Gene	CHQ_2_00915	CHQ_2_8:c310526-310095	CHQ_2_00915
prokka_CHQ_2/CHQ_2:Gene	iscS_1	CHQ_2_8:310920-311894	CHQ_2_00916
prokka_CHQ_2/CHQ_2:Gene	CHQ_2_00917	CHQ_2_8:311918-312262	CHQ_2_00917
prokka_CHQ_2/CHQ_2:Gene	tuf	CHQ_2_8:c313543-312356	CHQ_2_00918
prokka_CHQ_2/CHQ_2:Gene	CHQ_2_00919	CHQ_2_8:313786-313968	CHQ_2_00919
prokka_CHQ_2/CHQ_2:Gene	CHQ_2_00920	CHQ_2_8:314027-314143	CHQ_2_00920
prokka_CHQ_2/CHQ_2:Gene	ileS	CHQ_2_8:c316999-314201	CHQ_2_00921
prokka_CHQ_2/CHQ_2:Gene	gpsB_2	CHQ_2_8:c318258-317314	CHQ_2_00922
prokka_CHQ_2/CHQ_2:Gene	CHQ_2_00923	CHQ_2_8:c319106-318315	CHQ_2_00923
prokka_CHQ_2/CHQ_2:Gene	CHQ_2_00924	CHQ_2_8:c319378-319103	CHQ_2_00924
prokka_CHQ_2/CHQ_2:Gene	sepF	CHQ_2_8:c319968-319378	CHQ_2_00925
prokka_CHQ_2/CHQ_2:Gene	yggS	CHQ_2_8:c320679-320002	CHQ_2_00926
prokka_CHQ_2/CHQ_2:Gene	ftsZ	CHQ_2_8:c321936-320683	CHQ_2_00927
prokka_CHQ_2/CHQ_2:Gene	ftsA	CHQ_2_8:c323337-321967	CHQ_2_00928
prokka_CHQ_2/CHQ_2:Gene	CHQ_2_00929	CHQ_2_8:c324367-323498	CHQ_2_00929
prokka_CHQ_2/CHQ_2:Gene	CHQ_2_00930	CHQ_2_8:c325208-324480	CHQ_2_00930
prokka_CHQ_2/CHQ_2:Gene	mnmC	CHQ_2_8:c326472-325354	CHQ_2_00931
prokka_CHQ_2/CHQ_2:Gene	ytbE	CHQ_2_8:c327447-326602	CHQ_2_00932
prokka_CHQ_2/CHQ_2:Gene	efpA	CHQ_2_8:c328787-327459	CHQ_2_00933
prokka_CHQ_2/CHQ_2:Gene	hdfR_3	CHQ_2_8:c329831-328953	CHQ_2_00934
prokka_CHQ_2/CHQ_2:Gene	adhR_1	CHQ_2_8:c330251-329847	CHQ_2_00935
prokka_CHQ_2/CHQ_2:Gene	pepC	CHQ_2_8:c331643-330333	CHQ_2_00936
prokka_CHQ_2/CHQ_2:Gene	CHQ_2_00937	CHQ_2_8:c332365-331772	CHQ_2_00937
prokka_CHQ_2/CHQ_2:Gene	mtnN	CHQ_2_8:c333103-332423	CHQ_2_00938
prokka_CHQ_2/CHQ_2:Gene	CHQ_2_00939	CHQ_2_8:c333414-333136	CHQ_2_00939
prokka_CHQ_2/CHQ_2:Gene	nudF	CHQ_2_8:c333991-333407	CHQ_2_00940
prokka_CHQ_2/CHQ_2:Gene	glmU	CHQ_2_8:c335472-334096	CHQ_2_00941
prokka_CHQ_2/CHQ_2:Gene	proC_2	CHQ_2_8:335700-336488	CHQ_2_00942
prokka_CHQ_2/CHQ_2:Gene	rpsO	CHQ_2_8:c336836-336567	CHQ_2_00943
prokka_CHQ_2/CHQ_2:Gene	stkP	CHQ_2_8:c338901-337018	CHQ_2_00944
prokka_CHQ_2/CHQ_2:Gene	phpP	CHQ_2_8:c339677-338901	CHQ_2_00945
prokka_CHQ_2/CHQ_2:Gene	rsmB	CHQ_2_8:c341032-339758	CHQ_2_00946
prokka_CHQ_2/CHQ_2:Gene	CHQ_2_00947	CHQ_2_8:c341737-341231	CHQ_2_00947
prokka_CHQ_2/CHQ_2:Gene	CHQ_2_00948	CHQ_2_8:c341946-341758	CHQ_2_00948
prokka_CHQ_2/CHQ_2:Gene	CHQ_2_00949	CHQ_2_8:c342517-341957	CHQ_2_00949
prokka_CHQ_2/CHQ_2:Gene	CHQ_2_00950	CHQ_2_8:c342787-342545	CHQ_2_00950
prokka_CHQ_2/CHQ_2:Gene	fmt	CHQ_2_8:c343921-342962	CHQ_2_00951
prokka_CHQ_2/CHQ_2:Gene	CHQ_2_00952	CHQ_2_8:c344382-343918	CHQ_2_00952
prokka_CHQ_2/CHQ_2:Gene	CHQ_2_00953	CHQ_2_8:c344869-344348	CHQ_2_00953
prokka_CHQ_2/CHQ_2:Gene	CHQ_2_00954	CHQ_2_8:c345256-344882	CHQ_2_00954
prokka_CHQ_2/CHQ_2:Gene	priA	CHQ_2_8:c347654-345315	CHQ_2_00955
prokka_CHQ_2/CHQ_2:Gene	rpoZ	CHQ_2_8:c348146-347793	CHQ_2_00956
prokka_CHQ_2/CHQ_2:Gene	gmk	CHQ_2_8:c348943-348326	CHQ_2_00957
prokka_CHQ_2/CHQ_2:Gene	rny	CHQ_2_8:c350686-349091	CHQ_2_00958
prokka_CHQ_2/CHQ_2:Gene	gamA	CHQ_2_8:c351630-350917	CHQ_2_00959
prokka_CHQ_2/CHQ_2:Gene	metK	CHQ_2_8:c352934-351735	CHQ_2_00960
prokka_CHQ_2/CHQ_2:Gene	CHQ_2_00961	CHQ_2_8:c354453-353260	CHQ_2_00961
prokka_CHQ_2/CHQ_2:Gene	birA_2	CHQ_2_8:354706-355458	CHQ_2_00962
prokka_CHQ_2/CHQ_2:Gene	CHQ_2_00963	CHQ_2_8:c356023-355565	CHQ_2_00963
prokka_CHQ_2/CHQ_2:Gene	CHQ_2_00964	CHQ_2_8:c356255-356052	CHQ_2_00964
prokka_CHQ_2/CHQ_2:Gene	CHQ_2_00965	CHQ_2_8:c357432-356317	CHQ_2_00965
prokka_CHQ_2/CHQ_2:Gene	CHQ_2_00966	CHQ_2_8:c359145-357646	CHQ_2_00966
prokka_CHQ_2/CHQ_2:Gene	fba	CHQ_2_8:c360969-360073	CHQ_2_00967
prokka_CHQ_2/CHQ_2:Gene	CHQ_2_00968	CHQ_2_8:c361216-361131	CHQ_2_00968
prokka_CHQ_2/CHQ_2:Gene	CHQ_2_00969	CHQ_2_8:c361323-361252	CHQ_2_00969
prokka_CHQ_2/CHQ_2:Gene	CHQ_2_00970	CHQ_2_9:225-437	CHQ_2_00970
prokka_CHQ_2/CHQ_2:Gene	xerC_4	CHQ_2_9:496-1689	CHQ_2_00971
prokka_CHQ_2/CHQ_2:Gene	tadA	CHQ_2_9:c2340-1873	CHQ_2_00972
prokka_CHQ_2/CHQ_2:Gene	CHQ_2_00973	CHQ_2_9:c3279-2341	CHQ_2_00973
prokka_CHQ_2/CHQ_2:Gene	CHQ_2_00974	CHQ_2_9:c4019-3267	CHQ_2_00974
prokka_CHQ_2/CHQ_2:Gene	CHQ_2_00975	CHQ_2_9:c5254-4145	CHQ_2_00975
prokka_CHQ_2/CHQ_2:Gene	CHQ_2_00976	CHQ_2_9:5422-6408	CHQ_2_00976
prokka_CHQ_2/CHQ_2:Gene	CHQ_2_00977	CHQ_2_9:c7102-6440	CHQ_2_00977
prokka_CHQ_2/CHQ_2:Gene	CHQ_2_00978	CHQ_2_9:7312-7530	CHQ_2_00978
prokka_CHQ_2/CHQ_2:Gene	macB_1	CHQ_2_9:7637-9631	CHQ_2_00979
prokka_CHQ_2/CHQ_2:Gene	CHQ_2_00980	CHQ_2_9:9838-10482	CHQ_2_00980
prokka_CHQ_2/CHQ_2:Gene	CHQ_2_00981	CHQ_2_9:10553-10651	CHQ_2_00981
prokka_CHQ_2/CHQ_2:Gene	CHQ_2_00982	CHQ_2_9:10745-11164	CHQ_2_00982
prokka_CHQ_2/CHQ_2:Gene	lmrA	CHQ_2_9:c12937-11183	CHQ_2_00983
prokka_CHQ_2/CHQ_2:Gene	CHQ_2_00984	CHQ_2_9:c13713-13039	CHQ_2_00984
prokka_CHQ_2/CHQ_2:Gene	CHQ_2_00985	CHQ_2_9:c14228-13740	CHQ_2_00985
prokka_CHQ_2/CHQ_2:Gene	CHQ_2_00986	CHQ_2_9:c15129-14254	CHQ_2_00986
prokka_CHQ_2/CHQ_2:Gene	CHQ_2_00987	CHQ_2_9:c15260-15147	CHQ_2_00987
prokka_CHQ_2/CHQ_2:Gene	CHQ_2_00988	CHQ_2_9:c17144-15423	CHQ_2_00988
prokka_CHQ_2/CHQ_2:Gene	btuD_1	CHQ_2_9:c19006-17144	CHQ_2_00989
prokka_CHQ_2/CHQ_2:Gene	cydB	CHQ_2_9:c20234-19239	CHQ_2_00990
prokka_CHQ_2/CHQ_2:Gene	cydA	CHQ_2_9:c21709-20234	CHQ_2_00991
prokka_CHQ_2/CHQ_2:Gene	dtpT	CHQ_2_9:c23917-22424	CHQ_2_00992
prokka_CHQ_2/CHQ_2:Gene	apu	CHQ_2_9:c25946-24144	CHQ_2_00993
prokka_CHQ_2/CHQ_2:Gene	glgP	CHQ_2_9:c28438-26036	CHQ_2_00994
prokka_CHQ_2/CHQ_2:Gene	glgA	CHQ_2_9:c29963-28527	CHQ_2_00995
prokka_CHQ_2/CHQ_2:Gene	glgD	CHQ_2_9:c31194-30055	CHQ_2_00996
prokka_CHQ_2/CHQ_2:Gene	glgC	CHQ_2_9:c32326-31184	CHQ_2_00997
prokka_CHQ_2/CHQ_2:Gene	CHQ_2_00998	CHQ_2_9:c33763-32426	CHQ_2_00998
prokka_CHQ_2/CHQ_2:Gene	CHQ_2_00999	CHQ_2_9:c34428-33751	CHQ_2_00999
prokka_CHQ_2/CHQ_2:Gene	nusB	CHQ_2_9:c35615-34644	CHQ_2_01000
prokka_CHQ_2/CHQ_2:Gene	CHQ_2_01001	CHQ_2_9:c36009-35608	CHQ_2_01001
prokka_CHQ_2/CHQ_2:Gene	efp	CHQ_2_9:c36713-36156	CHQ_2_01002
prokka_CHQ_2/CHQ_2:Gene	ypdF	CHQ_2_9:c37903-36845	CHQ_2_01003
prokka_CHQ_2/CHQ_2:Gene	rsmA	CHQ_2_9:c38888-38004	CHQ_2_01004
prokka_CHQ_2/CHQ_2:Gene	rnmV	CHQ_2_9:c39619-38999	CHQ_2_01005
prokka_CHQ_2/CHQ_2:Gene	CHQ_2_01006	CHQ_2_9:c40130-39597	CHQ_2_01006
prokka_CHQ_2/CHQ_2:Gene	dtd3	CHQ_2_9:c40941-40168	CHQ_2_01007
prokka_CHQ_2/CHQ_2:Gene	CHQ_2_01008	CHQ_2_9:c41666-41472	CHQ_2_01008
prokka_CHQ_2/CHQ_2:Gene	CHQ_2_01009	CHQ_2_9:c42511-42305	CHQ_2_01009
prokka_CHQ_2/CHQ_2:Gene	bglA_1	CHQ_2_9:c44911-43463	CHQ_2_01010
prokka_CHQ_2/CHQ_2:Gene	bglF_2	CHQ_2_9:c46784-44925	CHQ_2_01011
prokka_CHQ_2/CHQ_2:Gene	licT_2	CHQ_2_9:c47687-46848	CHQ_2_01012
prokka_CHQ_2/CHQ_2:Gene	bglH_3	CHQ_2_9:c49607-48156	CHQ_2_01013
prokka_CHQ_2/CHQ_2:Gene	bglF_3	CHQ_2_9:c51601-49676	CHQ_2_01014
prokka_CHQ_2/CHQ_2:Gene	licT_3	CHQ_2_9:c52486-51641	CHQ_2_01015
prokka_CHQ_2/CHQ_2:Gene	CHQ_2_01016	CHQ_2_9:c53877-53041	CHQ_2_01016
prokka_CHQ_2/CHQ_2:Gene	CHQ_2_01017	CHQ_2_9:54236-54721	CHQ_2_01017
prokka_CHQ_2/CHQ_2:Gene	iolU_3	CHQ_2_9:c55944-54967	CHQ_2_01018
prokka_CHQ_2/CHQ_2:Gene	rbsK/rbiA	CHQ_2_9:c56447-55917	CHQ_2_01019
prokka_CHQ_2/CHQ_2:Gene	ybbH_1	CHQ_2_9:56784-57605	CHQ_2_01020
prokka_CHQ_2/CHQ_2:Gene	hsrA_2	CHQ_2_9:57653-59020	CHQ_2_01021
prokka_CHQ_2/CHQ_2:Gene	gmuE_2	CHQ_2_9:c60354-59482	CHQ_2_01022
prokka_CHQ_2/CHQ_2:Gene	CHQ_2_01023	CHQ_2_9:c62319-60367	CHQ_2_01023
prokka_CHQ_2/CHQ_2:Gene	scrB	CHQ_2_9:62497-63915	CHQ_2_01024
prokka_CHQ_2/CHQ_2:Gene	degA_2	CHQ_2_9:63912-64868	CHQ_2_01025
prokka_CHQ_2/CHQ_2:Gene	bcsA	CHQ_2_9:c66944-64965	CHQ_2_01026
prokka_CHQ_2/CHQ_2:Gene	CHQ_2_01027	CHQ_2_9:c67154-66999	CHQ_2_01027
prokka_CHQ_2/CHQ_2:Gene	CHQ_2_01028	CHQ_2_9:c68054-67182	CHQ_2_01028
prokka_CHQ_2/CHQ_2:Gene	CHQ_2_01029	CHQ_2_9:c68809-68099	CHQ_2_01029
prokka_CHQ_2/CHQ_2:Gene	CHQ_2_01030	CHQ_2_9:c70564-69920	CHQ_2_01030
prokka_CHQ_2/CHQ_2:Gene	CHQ_2_01031	CHQ_2_9:c71279-70551	CHQ_2_01031
prokka_CHQ_2/CHQ_2:Gene	yxlF_1	CHQ_2_9:c71958-71281	CHQ_2_01032
prokka_CHQ_2/CHQ_2:Gene	rcsC_2	CHQ_2_9:c73400-72057	CHQ_2_01033
prokka_CHQ_2/CHQ_2:Gene	arlR_3	CHQ_2_9:c74079-73393	CHQ_2_01034
prokka_CHQ_2/CHQ_2:Gene	nisP	CHQ_2_9:c76196-74148	CHQ_2_01035
prokka_CHQ_2/CHQ_2:Gene	nisI	CHQ_2_9:c76935-76198	CHQ_2_01036
prokka_CHQ_2/CHQ_2:Gene	nisC	CHQ_2_9:c78176-76932	CHQ_2_01037
prokka_CHQ_2/CHQ_2:Gene	msbA	CHQ_2_9:c79971-78169	CHQ_2_01038
prokka_CHQ_2/CHQ_2:Gene	nisB	CHQ_2_9:c82963-79982	CHQ_2_01039
prokka_CHQ_2/CHQ_2:Gene	nisZ	CHQ_2_9:c83244-83071	CHQ_2_01040
prokka_CHQ_2/CHQ_2:Gene	CHQ_2_01041	CHQ_2_9:84607-84879	CHQ_2_01041
prokka_CHQ_2/CHQ_2:Gene	yjdJ	CHQ_2_9:84879-85151	CHQ_2_01042
prokka_CHQ_2/CHQ_2:Gene	brnQ	CHQ_2_9:85388-86746	CHQ_2_01043
prokka_CHQ_2/CHQ_2:Gene	CHQ_2_01044	CHQ_2_9:c88290-86836	CHQ_2_01044
prokka_CHQ_2/CHQ_2:Gene	icaB	CHQ_2_9:c89210-88317	CHQ_2_01045
prokka_CHQ_2/CHQ_2:Gene	CHQ_2_01046	CHQ_2_9:c89480-89220	CHQ_2_01046
prokka_CHQ_2/CHQ_2:Gene	pgaC_1	CHQ_2_9:c90703-89483	CHQ_2_01047
prokka_CHQ_2/CHQ_2:Gene	CHQ_2_01048	CHQ_2_9:c91739-90708	CHQ_2_01048
prokka_CHQ_2/CHQ_2:Gene	yloB	CHQ_2_9:c94982-92226	CHQ_2_01049
prokka_CHQ_2/CHQ_2:Gene	CHQ_2_01050	CHQ_2_9:95325-96488	CHQ_2_01050
prokka_CHQ_2/CHQ_2:Gene	CHQ_2_01051	CHQ_2_9:96585-96701	CHQ_2_01051
prokka_CHQ_2/CHQ_2:Gene	spxA_3	CHQ_2_9:c97269-96871	CHQ_2_01052
prokka_CHQ_2/CHQ_2:Gene	CHQ_2_01053	CHQ_2_9:c97959-97429	CHQ_2_01053
prokka_CHQ_2/CHQ_2:Gene	clpP_1	CHQ_2_9:98156-98755	CHQ_2_01054
prokka_CHQ_2/CHQ_2:Gene	icd	CHQ_2_9:c100057-98819	CHQ_2_01055
prokka_CHQ_2/CHQ_2:Gene	citB	CHQ_2_9:c102624-100078	CHQ_2_01056
prokka_CHQ_2/CHQ_2:Gene	prpC	CHQ_2_9:c103946-102621	CHQ_2_01057
prokka_CHQ_2/CHQ_2:Gene	pycA	CHQ_2_9:c107482-104069	CHQ_2_01058
prokka_CHQ_2/CHQ_2:Gene	ftsW_1	CHQ_2_9:c108850-107588	CHQ_2_01059
prokka_CHQ_2/CHQ_2:Gene	rpmGA_1	CHQ_2_9:c109337-109191	CHQ_2_01060
prokka_CHQ_2/CHQ_2:Gene	mdtG	CHQ_2_9:c110461-109334	CHQ_2_01061
prokka_CHQ_2/CHQ_2:Gene	coaE	CHQ_2_9:c111207-110554	CHQ_2_01062
prokka_CHQ_2/CHQ_2:Gene	pflB	CHQ_2_9:c113708-111345	CHQ_2_01063
prokka_CHQ_2/CHQ_2:Gene	CHQ_2_01064	CHQ_2_9:c114886-113969	CHQ_2_01064
prokka_CHQ_2/CHQ_2:Gene	menE_2	CHQ_2_9:115078-116601	CHQ_2_01065
prokka_CHQ_2/CHQ_2:Gene	CHQ_2_01066	CHQ_2_9:116787-117356	CHQ_2_01066
prokka_CHQ_2/CHQ_2:Gene	CHQ_2_01067	CHQ_2_9:117368-118441	CHQ_2_01067
prokka_CHQ_2/CHQ_2:Gene	hrtA_1	CHQ_2_9:118444-119115	CHQ_2_01068
prokka_CHQ_2/CHQ_2:Gene	eno_1	CHQ_2_9:c120531-119230	CHQ_2_01069
prokka_CHQ_2/CHQ_2:Gene	hpf	CHQ_2_9:c121276-120719	CHQ_2_01070
prokka_CHQ_2/CHQ_2:Gene	clpC	CHQ_2_9:c123861-121411	CHQ_2_01071
prokka_CHQ_2/CHQ_2:Gene	CHQ_2_01072	CHQ_2_9:c124306-123851	CHQ_2_01072
prokka_CHQ_2/CHQ_2:Gene	greA	CHQ_2_9:c124953-124483	CHQ_2_01073
prokka_CHQ_2/CHQ_2:Gene	mltG	CHQ_2_9:c126665-125016	CHQ_2_01074
prokka_CHQ_2/CHQ_2:Gene	rpoE	CHQ_2_9:c127368-126805	CHQ_2_01075
prokka_CHQ_2/CHQ_2:Gene	apt	CHQ_2_9:c128097-127585	CHQ_2_01076
prokka_CHQ_2/CHQ_2:Gene	CHQ_2_01077	CHQ_2_9:c130448-128220	CHQ_2_01077
prokka_CHQ_2/CHQ_2:Gene	CHQ_2_01078	CHQ_2_9:c131315-130614	CHQ_2_01078
prokka_CHQ_2/CHQ_2:Gene	rnz	CHQ_2_9:c132231-131308	CHQ_2_01079
prokka_CHQ_2/CHQ_2:Gene	CHQ_2_01080	CHQ_2_9:c132431-132358	CHQ_2_01080
prokka_CHQ_2/CHQ_2:Gene	CHQ_2_01081	CHQ_2_9:c132848-132588	CHQ_2_01081
prokka_CHQ_2/CHQ_2:Gene	CHQ_2_01082	CHQ_2_9:c133124-133053	CHQ_2_01082
prokka_CHQ_2/CHQ_2:Gene	CHQ_2_01083	CHQ_2_9:c134119-133223	CHQ_2_01083
prokka_CHQ_2/CHQ_2:Gene	CHQ_2_01084	CHQ_2_9:c134957-134289	CHQ_2_01084
prokka_CHQ_2/CHQ_2:Gene	miaA	CHQ_2_9:c135924-135040	CHQ_2_01085
prokka_CHQ_2/CHQ_2:Gene	CHQ_2_01086	CHQ_2_9:c136728-136063	CHQ_2_01086
prokka_CHQ_2/CHQ_2:Gene	CHQ_2_01087	CHQ_2_9:136924-137094	CHQ_2_01087
prokka_CHQ_2/CHQ_2:Gene	kup_1	CHQ_2_9:c139175-137160	CHQ_2_01088
prokka_CHQ_2/CHQ_2:Gene	kup_2	CHQ_2_9:c141412-139400	CHQ_2_01089
prokka_CHQ_2/CHQ_2:Gene	gnd	CHQ_2_9:c143011-141593	CHQ_2_01090
prokka_CHQ_2/CHQ_2:Gene	CHQ_2_01091	CHQ_2_9:c143707-143144	CHQ_2_01091
prokka_CHQ_2/CHQ_2:Gene	CHQ_2_01092	CHQ_2_9:c144156-143737	CHQ_2_01092
prokka_CHQ_2/CHQ_2:Gene	lgt	CHQ_2_9:c145108-144323	CHQ_2_01093
prokka_CHQ_2/CHQ_2:Gene	hprK	CHQ_2_9:c146100-145171	CHQ_2_01094
prokka_CHQ_2/CHQ_2:Gene	CHQ_2_01095	CHQ_2_9:c146751-146476	CHQ_2_01095
prokka_CHQ_2/CHQ_2:Gene	CHQ_2_01096	CHQ_2_9:c147514-146783	CHQ_2_01096
prokka_CHQ_2/CHQ_2:Gene	CHQ_2_01097	CHQ_2_9:147652-148098	CHQ_2_01097
prokka_CHQ_2/CHQ_2:Gene	CHQ_2_01098	CHQ_2_9:c149095-148190	CHQ_2_01098
prokka_CHQ_2/CHQ_2:Gene	map	CHQ_2_9:c149969-149115	CHQ_2_01099
prokka_CHQ_2/CHQ_2:Gene	tetR_2	CHQ_2_9:c150879-150253	CHQ_2_01100
prokka_CHQ_2/CHQ_2:Gene	mdtD_1	CHQ_2_9:151093-152598	CHQ_2_01101
prokka_CHQ_2/CHQ_2:Gene	CHQ_2_01102	CHQ_2_9:152747-153190	CHQ_2_01102
prokka_CHQ_2/CHQ_2:Gene	CHQ_2_01103	CHQ_2_9:c153701-153375	CHQ_2_01103
prokka_CHQ_2/CHQ_2:Gene	rlmB	CHQ_2_9:c154564-153806	CHQ_2_01104
prokka_CHQ_2/CHQ_2:Gene	acyP	CHQ_2_9:154887-155180	CHQ_2_01105
prokka_CHQ_2/CHQ_2:Gene	serB	CHQ_2_9:c155949-155299	CHQ_2_01106
prokka_CHQ_2/CHQ_2:Gene	pdxB	CHQ_2_9:c157169-155973	CHQ_2_01107
prokka_CHQ_2/CHQ_2:Gene	serC	CHQ_2_9:c158263-157166	CHQ_2_01108
prokka_CHQ_2/CHQ_2:Gene	CHQ_2_01109	CHQ_2_9:c158992-158390	CHQ_2_01109
prokka_CHQ_2/CHQ_2:Gene	glyA	CHQ_2_9:c160399-159152	CHQ_2_01110
prokka_CHQ_2/CHQ_2:Gene	tsaC	CHQ_2_9:c161549-160629	CHQ_2_01111
prokka_CHQ_2/CHQ_2:Gene	yvbK	CHQ_2_9:c162010-161546	CHQ_2_01112
prokka_CHQ_2/CHQ_2:Gene	prmC	CHQ_2_9:c162856-162044	CHQ_2_01113
prokka_CHQ_2/CHQ_2:Gene	nfrA1	CHQ_2_9:c163717-162962	CHQ_2_01114
prokka_CHQ_2/CHQ_2:Gene	CHQ_2_01115	CHQ_2_9:c164307-163780	CHQ_2_01115
prokka_CHQ_2/CHQ_2:Gene	prfA	CHQ_2_9:c165380-164307	CHQ_2_01116
prokka_CHQ_2/CHQ_2:Gene	CHQ_2_01117	CHQ_2_9:c165841-165398	CHQ_2_01117
prokka_CHQ_2/CHQ_2:Gene	tdk	CHQ_2_9:c166465-165896	CHQ_2_01118
prokka_CHQ_2/CHQ_2:Gene	CHQ_2_01119	CHQ_2_9:c167405-166992	CHQ_2_01119
prokka_CHQ_2/CHQ_2:Gene	CHQ_2_01120	CHQ_2_9:167506-167937	CHQ_2_01120
prokka_CHQ_2/CHQ_2:Gene	CHQ_2_01121	CHQ_2_9:c168256-167990	CHQ_2_01121
prokka_CHQ_2/CHQ_2:Gene	CHQ_2_01122	CHQ_2_9:168800-169333	CHQ_2_01122
prokka_CHQ_2/CHQ_2:Gene	dinB_2	CHQ_2_9:169794-171260	CHQ_2_01123
prokka_CHQ_2/CHQ_2:Gene	CHQ_2_01124	CHQ_2_9:171250-171600	CHQ_2_01124
prokka_CHQ_2/CHQ_2:Gene	CHQ_2_01125	CHQ_2_9:171757-172455	CHQ_2_01125
prokka_CHQ_2/CHQ_2:Gene	lysS_1	CHQ_2_9:c174426-172930	CHQ_2_01126
prokka_CHQ_2/CHQ_2:Gene	CHQ_2_01127	CHQ_2_9:174793-175713	CHQ_2_01127
prokka_CHQ_2/CHQ_2:Gene	CHQ_2_01128	CHQ_2_9:c176548-176264	CHQ_2_01128
prokka_CHQ_2/CHQ_2:Gene	CHQ_2_01129	CHQ_2_9:c177145-176777	CHQ_2_01129
prokka_CHQ_2/CHQ_2:Gene	CHQ_2_01130	CHQ_2_9:c177627-177265	CHQ_2_01130
prokka_CHQ_2/CHQ_2:Gene	CHQ_2_01131	CHQ_2_9:c178547-177774	CHQ_2_01131
prokka_CHQ_2/CHQ_2:Gene	CHQ_2_01132	CHQ_2_9:c180340-178544	CHQ_2_01132
prokka_CHQ_2/CHQ_2:Gene	CHQ_2_01133	CHQ_2_9:c180745-180344	CHQ_2_01133
prokka_CHQ_2/CHQ_2:Gene	CHQ_2_01134	CHQ_2_9:c181346-180864	CHQ_2_01134
prokka_CHQ_2/CHQ_2:Gene	CHQ_2_01135	CHQ_2_9:c182137-181544	CHQ_2_01135
prokka_CHQ_2/CHQ_2:Gene	CHQ_2_01136	CHQ_2_9:c183312-182287	CHQ_2_01136
prokka_CHQ_2/CHQ_2:Gene	yjaB	CHQ_2_9:c183867-183424	CHQ_2_01137
prokka_CHQ_2/CHQ_2:Gene	ctpE_1	CHQ_2_9:c186207-183880	CHQ_2_01138
prokka_CHQ_2/CHQ_2:Gene	xylH	CHQ_2_9:186405-186590	CHQ_2_01139
prokka_CHQ_2/CHQ_2:Gene	coaBC_1	CHQ_2_9:186736-187431	CHQ_2_01140
prokka_CHQ_2/CHQ_2:Gene	coaBC_2	CHQ_2_9:187424-187960	CHQ_2_01141
prokka_CHQ_2/CHQ_2:Gene	panT	CHQ_2_9:187977-188567	CHQ_2_01142
prokka_CHQ_2/CHQ_2:Gene	CHQ_2_01143	CHQ_2_9:188662-189420	CHQ_2_01143
prokka_CHQ_2/CHQ_2:Gene	yidC	CHQ_2_9:189595-190557	CHQ_2_01144
prokka_CHQ_2/CHQ_2:Gene	fabI	CHQ_2_9:c191682-190930	CHQ_2_01145
prokka_CHQ_2/CHQ_2:Gene	fabZ_1	CHQ_2_9:191958-192413	CHQ_2_01146
prokka_CHQ_2/CHQ_2:Gene	argE	CHQ_2_9:c193599-192481	CHQ_2_01147
prokka_CHQ_2/CHQ_2:Gene	artP	CHQ_2_9:c194435-193614	CHQ_2_01148
prokka_CHQ_2/CHQ_2:Gene	uvrB	CHQ_2_9:c196697-194619	CHQ_2_01149
prokka_CHQ_2/CHQ_2:Gene	rppH_2	CHQ_2_9:c197163-196708	CHQ_2_01150
prokka_CHQ_2/CHQ_2:Gene	def	CHQ_2_9:197317-197952	CHQ_2_01151
prokka_CHQ_2/CHQ_2:Gene	gap_1	CHQ_2_9:c199108-198095	CHQ_2_01152
prokka_CHQ_2/CHQ_2:Gene	nsrR	CHQ_2_9:199281-199751	CHQ_2_01153
prokka_CHQ_2/CHQ_2:Gene	clpE	CHQ_2_9:c202287-200041	CHQ_2_01154
prokka_CHQ_2/CHQ_2:Gene	CHQ_2_01155	CHQ_2_9:c202676-202338	CHQ_2_01155
prokka_CHQ_2/CHQ_2:Gene	pgtP	CHQ_2_9:c204327-202960	CHQ_2_01156
prokka_CHQ_2/CHQ_2:Gene	CHQ_2_01157	CHQ_2_9:c205234-204491	CHQ_2_01157
prokka_CHQ_2/CHQ_2:Gene	sigA	CHQ_2_9:c206691-205348	CHQ_2_01158
prokka_CHQ_2/CHQ_2:Gene	dnaG	CHQ_2_9:c208684-206768	CHQ_2_01159
prokka_CHQ_2/CHQ_2:Gene	CHQ_2_01160	CHQ_2_9:c208950-208863	CHQ_2_01160
prokka_CHQ_2/CHQ_2:Gene	CHQ_2_01161	CHQ_2_9:c209067-208992	CHQ_2_01161
prokka_CHQ_2/CHQ_2:Gene	CHQ_2_01162	CHQ_2_9:c209164-209092	CHQ_2_01162
prokka_CHQ_2/CHQ_2:Gene	CHQ_2_01163	CHQ_2_9:c209247-209173	CHQ_2_01163
prokka_CHQ_2/CHQ_2:Gene	CHQ_2_01164	CHQ_2_9:c209328-209253	CHQ_2_01164
prokka_CHQ_2/CHQ_2:Gene	CHQ_2_01165	CHQ_2_9:c209414-209339	CHQ_2_01165
prokka_CHQ_2/CHQ_2:Gene	CHQ_2_01166	CHQ_2_9:c209524-209451	CHQ_2_01166
prokka_CHQ_2/CHQ_2:Gene	CHQ_2_01167	CHQ_2_9:c209604-209529	CHQ_2_01167
prokka_CHQ_2/CHQ_2:Gene	CHQ_2_01168	CHQ_2_9:c209714-209643	CHQ_2_01168
prokka_CHQ_2/CHQ_2:Gene	CHQ_2_01169	CHQ_2_10:518-805	CHQ_2_01169
prokka_CHQ_2/CHQ_2:Gene	xerS	CHQ_2_10:1286-2356	CHQ_2_01170
prokka_CHQ_2/CHQ_2:Gene	trmFO	CHQ_2_10:c3744-2401	CHQ_2_01171
prokka_CHQ_2/CHQ_2:Gene	topA_1	CHQ_2_10:c5948-3816	CHQ_2_01172
prokka_CHQ_2/CHQ_2:Gene	dprA	CHQ_2_10:c7058-6210	CHQ_2_01173
prokka_CHQ_2/CHQ_2:Gene	yabJ	CHQ_2_10:c7584-7204	CHQ_2_01174
prokka_CHQ_2/CHQ_2:Gene	aldC_1	CHQ_2_10:c8335-7625	CHQ_2_01175
prokka_CHQ_2/CHQ_2:Gene	ilvA	CHQ_2_10:c9701-8451	CHQ_2_01176
prokka_CHQ_2/CHQ_2:Gene	ilvC	CHQ_2_10:c10779-9757	CHQ_2_01177
prokka_CHQ_2/CHQ_2:Gene	ilvH	CHQ_2_10:c11301-10825	CHQ_2_01178
prokka_CHQ_2/CHQ_2:Gene	ilvB	CHQ_2_10:c13021-11294	CHQ_2_01179
prokka_CHQ_2/CHQ_2:Gene	ilvD	CHQ_2_10:c14744-13032	CHQ_2_01180
prokka_CHQ_2/CHQ_2:Gene	ylmA	CHQ_2_10:c15645-14866	CHQ_2_01181
prokka_CHQ_2/CHQ_2:Gene	leuD	CHQ_2_10:c16234-15659	CHQ_2_01182
prokka_CHQ_2/CHQ_2:Gene	leuC	CHQ_2_10:c17636-16254	CHQ_2_01183
prokka_CHQ_2/CHQ_2:Gene	leuB	CHQ_2_10:c18820-17783	CHQ_2_01184
prokka_CHQ_2/CHQ_2:Gene	leuA	CHQ_2_10:c20373-18832	CHQ_2_01185
prokka_CHQ_2/CHQ_2:Gene	CHQ_2_01186	CHQ_2_10:20799-21758	CHQ_2_01186
prokka_CHQ_2/CHQ_2:Gene	hisK	CHQ_2_10:c22581-21772	CHQ_2_01187
prokka_CHQ_2/CHQ_2:Gene	hisI	CHQ_2_10:c23220-22582	CHQ_2_01188
prokka_CHQ_2/CHQ_2:Gene	hisF	CHQ_2_10:c23996-23217	CHQ_2_01189
prokka_CHQ_2/CHQ_2:Gene	hisA	CHQ_2_10:c24705-23986	CHQ_2_01190
prokka_CHQ_2/CHQ_2:Gene	hisH	CHQ_2_10:c25314-24706	CHQ_2_01191
prokka_CHQ_2/CHQ_2:Gene	CHQ_2_01192	CHQ_2_10:c26141-25353	CHQ_2_01192
prokka_CHQ_2/CHQ_2:Gene	hisB	CHQ_2_10:c26740-26138	CHQ_2_01193
prokka_CHQ_2/CHQ_2:Gene	cmoM	CHQ_2_10:c27528-26737	CHQ_2_01194
prokka_CHQ_2/CHQ_2:Gene	hisD	CHQ_2_10:c28874-27579	CHQ_2_01195
prokka_CHQ_2/CHQ_2:Gene	hisG	CHQ_2_10:c29484-28858	CHQ_2_01196
prokka_CHQ_2/CHQ_2:Gene	hisZ	CHQ_2_10:c30463-29477	CHQ_2_01197
prokka_CHQ_2/CHQ_2:Gene	hisC	CHQ_2_10:c31533-30451	CHQ_2_01198
prokka_CHQ_2/CHQ_2:Gene	rnr_1	CHQ_2_10:c33969-31972	CHQ_2_01199
prokka_CHQ_2/CHQ_2:Gene	CHQ_2_01200	CHQ_2_10:c35589-34573	CHQ_2_01200
prokka_CHQ_2/CHQ_2:Gene	CHQ_2_01201	CHQ_2_10:c35968-35624	CHQ_2_01201
prokka_CHQ_2/CHQ_2:Gene	kdpC	CHQ_2_10:c37422-36775	CHQ_2_01202
prokka_CHQ_2/CHQ_2:Gene	kdpB	CHQ_2_10:c39488-37422	CHQ_2_01203
prokka_CHQ_2/CHQ_2:Gene	kdpA	CHQ_2_10:c41224-39497	CHQ_2_01204
prokka_CHQ_2/CHQ_2:Gene	CHQ_2_01205	CHQ_2_10:c41422-41330	CHQ_2_01205
prokka_CHQ_2/CHQ_2:Gene	kdpE	CHQ_2_10:c42271-41561	CHQ_2_01206
prokka_CHQ_2/CHQ_2:Gene	kdpD	CHQ_2_10:c44891-42261	CHQ_2_01207
prokka_CHQ_2/CHQ_2:Gene	CHQ_2_01208	CHQ_2_10:c45835-45179	CHQ_2_01208
prokka_CHQ_2/CHQ_2:Gene	CHQ_2_01209	CHQ_2_10:c46329-46024	CHQ_2_01209
prokka_CHQ_2/CHQ_2:Gene	CHQ_2_01210	CHQ_2_10:c47774-46671	CHQ_2_01210
prokka_CHQ_2/CHQ_2:Gene	CHQ_2_01211	CHQ_2_10:c48285-47755	CHQ_2_01211
prokka_CHQ_2/CHQ_2:Gene	CHQ_2_01212	CHQ_2_10:c48617-48282	CHQ_2_01212
prokka_CHQ_2/CHQ_2:Gene	CHQ_2_01213	CHQ_2_10:c50945-48654	CHQ_2_01213
prokka_CHQ_2/CHQ_2:Gene	CHQ_2_01214	CHQ_2_10:51402-52871	CHQ_2_01214
prokka_CHQ_2/CHQ_2:Gene	CHQ_2_01215	CHQ_2_10:52997-53653	CHQ_2_01215
prokka_CHQ_2/CHQ_2:Gene	CHQ_2_01216	CHQ_2_10:c54775-53840	CHQ_2_01216
prokka_CHQ_2/CHQ_2:Gene	alsS	CHQ_2_10:c56697-55033	CHQ_2_01217
prokka_CHQ_2/CHQ_2:Gene	lapB	CHQ_2_10:c58108-56852	CHQ_2_01218
prokka_CHQ_2/CHQ_2:Gene	CHQ_2_01219	CHQ_2_10:c59309-58137	CHQ_2_01219
prokka_CHQ_2/CHQ_2:Gene	COQ5_2	CHQ_2_10:c59996-59376	CHQ_2_01220
prokka_CHQ_2/CHQ_2:Gene	CHQ_2_01221	CHQ_2_10:c61605-59998	CHQ_2_01221
prokka_CHQ_2/CHQ_2:Gene	CHQ_2_01222	CHQ_2_10:c63024-61642	CHQ_2_01222
prokka_CHQ_2/CHQ_2:Gene	CHQ_2_01223	CHQ_2_10:c63464-63219	CHQ_2_01223
prokka_CHQ_2/CHQ_2:Gene	nanE	CHQ_2_10:63666-64361	CHQ_2_01224
prokka_CHQ_2/CHQ_2:Gene	ctpE_2	CHQ_2_10:c66946-64424	CHQ_2_01225
prokka_CHQ_2/CHQ_2:Gene	clsA_1	CHQ_2_10:c68938-67490	CHQ_2_01226
prokka_CHQ_2/CHQ_2:Gene	cspL	CHQ_2_10:c69583-69383	CHQ_2_01227
prokka_CHQ_2/CHQ_2:Gene	CHQ_2_01228	CHQ_2_10:c69916-69716	CHQ_2_01228
prokka_CHQ_2/CHQ_2:Gene	CHQ_2_01229	CHQ_2_10:c70091-70018	CHQ_2_01229
prokka_CHQ_2/CHQ_2:Gene	qacC	CHQ_2_10:c70944-70615	CHQ_2_01230
prokka_CHQ_2/CHQ_2:Gene	CHQ_2_01231	CHQ_2_10:c71732-71310	CHQ_2_01231
prokka_CHQ_2/CHQ_2:Gene	CHQ_2_01232	CHQ_2_10:c72163-71804	CHQ_2_01232
prokka_CHQ_2/CHQ_2:Gene	CHQ_2_01233	CHQ_2_10:c72465-72370	CHQ_2_01233
prokka_CHQ_2/CHQ_2:Gene	potD	CHQ_2_10:c74182-73115	CHQ_2_01234
prokka_CHQ_2/CHQ_2:Gene	ydcV	CHQ_2_10:c75030-74230	CHQ_2_01235
prokka_CHQ_2/CHQ_2:Gene	potB	CHQ_2_10:c75820-75032	CHQ_2_01236
prokka_CHQ_2/CHQ_2:Gene	potA	CHQ_2_10:c77103-75817	CHQ_2_01237
prokka_CHQ_2/CHQ_2:Gene	murB	CHQ_2_10:c78654-77755	CHQ_2_01238
prokka_CHQ_2/CHQ_2:Gene	niaX	CHQ_2_10:c79296-78697	CHQ_2_01239
prokka_CHQ_2/CHQ_2:Gene	thrB	CHQ_2_10:c80440-79550	CHQ_2_01240
prokka_CHQ_2/CHQ_2:Gene	hom	CHQ_2_10:c81731-80445	CHQ_2_01241
prokka_CHQ_2/CHQ_2:Gene	CHQ_2_01242	CHQ_2_10:c82546-81908	CHQ_2_01242
prokka_CHQ_2/CHQ_2:Gene	fpgS	CHQ_2_10:c83959-82676	CHQ_2_01243
prokka_CHQ_2/CHQ_2:Gene	folQ	CHQ_2_10:c84475-83978	CHQ_2_01244
prokka_CHQ_2/CHQ_2:Gene	CHQ_2_01245	CHQ_2_10:c85551-84478	CHQ_2_01245
prokka_CHQ_2/CHQ_2:Gene	folE	CHQ_2_10:c86597-85548	CHQ_2_01246
prokka_CHQ_2/CHQ_2:Gene	folB	CHQ_2_10:c87027-86677	CHQ_2_01247
prokka_CHQ_2/CHQ_2:Gene	engB	CHQ_2_10:c87668-87081	CHQ_2_01248
prokka_CHQ_2/CHQ_2:Gene	clpX	CHQ_2_10:c88900-87665	CHQ_2_01249
prokka_CHQ_2/CHQ_2:Gene	CHQ_2_01250	CHQ_2_10:c89147-88977	CHQ_2_01250
prokka_CHQ_2/CHQ_2:Gene	dhfR	CHQ_2_10:c89650-89144	CHQ_2_01251
prokka_CHQ_2/CHQ_2:Gene	trmL	CHQ_2_10:90049-90558	CHQ_2_01252
prokka_CHQ_2/CHQ_2:Gene	CHQ_2_01253	CHQ_2_10:90678-90800	CHQ_2_01253
prokka_CHQ_2/CHQ_2:Gene	CHQ_2_01254	CHQ_2_10:90793-91080	CHQ_2_01254
prokka_CHQ_2/CHQ_2:Gene	pucK	CHQ_2_10:c92413-91109	CHQ_2_01255
prokka_CHQ_2/CHQ_2:Gene	xpt	CHQ_2_10:c93055-92462	CHQ_2_01256
prokka_CHQ_2/CHQ_2:Gene	guaC	CHQ_2_10:c94316-93327	CHQ_2_01257
prokka_CHQ_2/CHQ_2:Gene	CHQ_2_01258	CHQ_2_10:c95192-94575	CHQ_2_01258
prokka_CHQ_2/CHQ_2:Gene	yutF	CHQ_2_10:c96068-95295	CHQ_2_01259
prokka_CHQ_2/CHQ_2:Gene	CHQ_2_01260	CHQ_2_10:c96846-96118	CHQ_2_01260
prokka_CHQ_2/CHQ_2:Gene	CHQ_2_01261	CHQ_2_10:c97383-96943	CHQ_2_01261
prokka_CHQ_2/CHQ_2:Gene	CHQ_2_01262	CHQ_2_10:c98304-97489	CHQ_2_01262
prokka_CHQ_2/CHQ_2:Gene	hemW	CHQ_2_10:c99490-98351	CHQ_2_01263
prokka_CHQ_2/CHQ_2:Gene	ybdM_2	CHQ_2_10:c100197-99670	CHQ_2_01264
prokka_CHQ_2/CHQ_2:Gene	CHQ_2_01265	CHQ_2_10:c101516-100179	CHQ_2_01265
prokka_CHQ_2/CHQ_2:Gene	CHQ_2_01266	CHQ_2_10:c102316-101729	CHQ_2_01266
prokka_CHQ_2/CHQ_2:Gene	CHQ_2_01267	CHQ_2_10:c103336-102365	CHQ_2_01267
prokka_CHQ_2/CHQ_2:Gene	tpiA	CHQ_2_10:c104257-103499	CHQ_2_01268
prokka_CHQ_2/CHQ_2:Gene	ybbH_2	CHQ_2_10:c105239-104388	CHQ_2_01269
prokka_CHQ_2/CHQ_2:Gene	CHQ_2_01270	CHQ_2_10:c107253-105301	CHQ_2_01270
prokka_CHQ_2/CHQ_2:Gene	murQ	CHQ_2_10:c108181-107288	CHQ_2_01271
prokka_CHQ_2/CHQ_2:Gene	CHQ_2_01272	CHQ_2_10:c109235-108174	CHQ_2_01272
prokka_CHQ_2/CHQ_2:Gene	ldh_1	CHQ_2_10:c110365-109394	CHQ_2_01273
prokka_CHQ_2/CHQ_2:Gene	ribF	CHQ_2_10:c111365-110463	CHQ_2_01274
prokka_CHQ_2/CHQ_2:Gene	truB	CHQ_2_10:c112385-111396	CHQ_2_01275
prokka_CHQ_2/CHQ_2:Gene	CHQ_2_01276	CHQ_2_10:c113217-112525	CHQ_2_01276
prokka_CHQ_2/CHQ_2:Gene	fccA	CHQ_2_10:c114896-113388	CHQ_2_01277
prokka_CHQ_2/CHQ_2:Gene	CHQ_2_01278	CHQ_2_10:c115519-115061	CHQ_2_01278
prokka_CHQ_2/CHQ_2:Gene	tag	CHQ_2_10:c116169-115597	CHQ_2_01279
prokka_CHQ_2/CHQ_2:Gene	CHQ_2_01280	CHQ_2_10:c116682-116215	CHQ_2_01280
prokka_CHQ_2/CHQ_2:Gene	pcrA	CHQ_2_10:c118978-116702	CHQ_2_01281
prokka_CHQ_2/CHQ_2:Gene	CHQ_2_01282	CHQ_2_10:119135-119911	CHQ_2_01282
prokka_CHQ_2/CHQ_2:Gene	CHQ_2_01283	CHQ_2_10:c120485-119856	CHQ_2_01283
prokka_CHQ_2/CHQ_2:Gene	CHQ_2_01284	CHQ_2_10:c123237-120472	CHQ_2_01284
prokka_CHQ_2/CHQ_2:Gene	CHQ_2_01285	CHQ_2_10:c124603-123359	CHQ_2_01285
prokka_CHQ_2/CHQ_2:Gene	strA_1	CHQ_2_10:c125576-124830	CHQ_2_01286
prokka_CHQ_2/CHQ_2:Gene	apbE_1	CHQ_2_10:c126779-125694	CHQ_2_01287
prokka_CHQ_2/CHQ_2:Gene	gyrA	CHQ_2_10:c129352-126863	CHQ_2_01288
prokka_CHQ_2/CHQ_2:Gene	ycaM	CHQ_2_10:c131065-129599	CHQ_2_01289
prokka_CHQ_2/CHQ_2:Gene	yhfK	CHQ_2_10:c131873-131238	CHQ_2_01290
prokka_CHQ_2/CHQ_2:Gene	lepA	CHQ_2_10:c133763-131940	CHQ_2_01291
prokka_CHQ_2/CHQ_2:Gene	aldC_2	CHQ_2_10:c134715-134050	CHQ_2_01292
prokka_CHQ_2/CHQ_2:Gene	murT	CHQ_2_10:134826-136175	CHQ_2_01293
prokka_CHQ_2/CHQ_2:Gene	gatD	CHQ_2_10:136176-136961	CHQ_2_01294
prokka_CHQ_2/CHQ_2:Gene	CHQ_2_01295	CHQ_2_10:c139718-137037	CHQ_2_01295
prokka_CHQ_2/CHQ_2:Gene	CHQ_2_01296	CHQ_2_10:c140423-139722	CHQ_2_01296
prokka_CHQ_2/CHQ_2:Gene	nadE	CHQ_2_10:c141377-140553	CHQ_2_01297
prokka_CHQ_2/CHQ_2:Gene	CHQ_2_01298	CHQ_2_10:c141926-141438	CHQ_2_01298
prokka_CHQ_2/CHQ_2:Gene	pncB2	CHQ_2_10:c143395-141923	CHQ_2_01299
prokka_CHQ_2/CHQ_2:Gene	CHQ_2_01300	CHQ_2_10:143619-143804	CHQ_2_01300
prokka_CHQ_2/CHQ_2:Gene	nadD_1	CHQ_2_10:143935-144522	CHQ_2_01301
prokka_CHQ_2/CHQ_2:Gene	eriC	CHQ_2_10:c145756-144545	CHQ_2_01302
prokka_CHQ_2/CHQ_2:Gene	CHQ_2_01303	CHQ_2_10:c146209-145967	CHQ_2_01303
prokka_CHQ_2/CHQ_2:Gene	glyS	CHQ_2_10:c148341-146320	CHQ_2_01304
prokka_CHQ_2/CHQ_2:Gene	glyQ	CHQ_2_10:c149294-148341	CHQ_2_01305
prokka_CHQ_2/CHQ_2:Gene	yfkN_1	CHQ_2_10:c150325-149579	CHQ_2_01306
prokka_CHQ_2/CHQ_2:Gene	CHQ_2_01307	CHQ_2_10:c151460-150441	CHQ_2_01307
prokka_CHQ_2/CHQ_2:Gene	CHQ_2_01308	CHQ_2_10:c152005-151508	CHQ_2_01308
prokka_CHQ_2/CHQ_2:Gene	yigZ	CHQ_2_10:c152768-152139	CHQ_2_01309
prokka_CHQ_2/CHQ_2:Gene	comFA	CHQ_2_10:152825-154147	CHQ_2_01310
prokka_CHQ_2/CHQ_2:Gene	CHQ_2_01311	CHQ_2_10:154144-154794	CHQ_2_01311
prokka_CHQ_2/CHQ_2:Gene	CHQ_2_01312	CHQ_2_10:c155406-154828	CHQ_2_01312
prokka_CHQ_2/CHQ_2:Gene	dgkA	CHQ_2_10:c155875-155420	CHQ_2_01313
prokka_CHQ_2/CHQ_2:Gene	ybeY	CHQ_2_10:c156347-155859	CHQ_2_01314
prokka_CHQ_2/CHQ_2:Gene	nudC	CHQ_2_10:c156978-156499	CHQ_2_01315
prokka_CHQ_2/CHQ_2:Gene	CHQ_2_01316	CHQ_2_10:c157989-157036	CHQ_2_01316
prokka_CHQ_2/CHQ_2:Gene	mntH_2	CHQ_2_10:c159638-158106	CHQ_2_01317
prokka_CHQ_2/CHQ_2:Gene	rpmA	CHQ_2_10:c160201-159917	CHQ_2_01318
prokka_CHQ_2/CHQ_2:Gene	CHQ_2_01319	CHQ_2_10:c160538-160203	CHQ_2_01319
prokka_CHQ_2/CHQ_2:Gene	rplU	CHQ_2_10:c160855-160541	CHQ_2_01320
prokka_CHQ_2/CHQ_2:Gene	CHQ_2_01321	CHQ_2_10:c162200-161025	CHQ_2_01321
prokka_CHQ_2/CHQ_2:Gene	CHQ_2_01322	CHQ_2_10:c162600-162193	CHQ_2_01322
prokka_CHQ_2/CHQ_2:Gene	CHQ_2_01323	CHQ_2_10:162769-164130	CHQ_2_01323
prokka_CHQ_2/CHQ_2:Gene	CHQ_2_01324	CHQ_2_10:164177-164992	CHQ_2_01324
prokka_CHQ_2/CHQ_2:Gene	CHQ_2_01325	CHQ_2_10:165114-165479	CHQ_2_01325
prokka_CHQ_2/CHQ_2:Gene	CHQ_2_01326	CHQ_2_10:c166291-165518	CHQ_2_01326
prokka_CHQ_2/CHQ_2:Gene	trmK	CHQ_2_10:c166980-166288	CHQ_2_01327
prokka_CHQ_2/CHQ_2:Gene	nth	CHQ_2_10:c167629-166973	CHQ_2_01328
prokka_CHQ_2/CHQ_2:Gene	dnaD	CHQ_2_10:c168319-167651	CHQ_2_01329
prokka_CHQ_2/CHQ_2:Gene	CHQ_2_01330	CHQ_2_10:c169243-168581	CHQ_2_01330
prokka_CHQ_2/CHQ_2:Gene	recA_1	CHQ_2_10:c170381-169359	CHQ_2_01331
prokka_CHQ_2/CHQ_2:Gene	CHQ_2_01332	CHQ_2_10:c170780-170505	CHQ_2_01332
prokka_CHQ_2/CHQ_2:Gene	dinB_3	CHQ_2_10:c172243-170777	CHQ_2_01333
prokka_CHQ_2/CHQ_2:Gene	ssb_1	CHQ_2_10:c172704-172264	CHQ_2_01334
prokka_CHQ_2/CHQ_2:Gene	CHQ_2_01335	CHQ_2_10:c173049-172858	CHQ_2_01335
prokka_CHQ_2/CHQ_2:Gene	CHQ_2_01336	CHQ_2_10:c173710-173066	CHQ_2_01336
prokka_CHQ_2/CHQ_2:Gene	rpsI	CHQ_2_11:c812-420	CHQ_2_01337
prokka_CHQ_2/CHQ_2:Gene	rplM	CHQ_2_11:c1278-832	CHQ_2_01338
prokka_CHQ_2/CHQ_2:Gene	CHQ_2_01339	CHQ_2_11:1648-2718	CHQ_2_01339
prokka_CHQ_2/CHQ_2:Gene	hrtA_2	CHQ_2_11:2727-3398	CHQ_2_01340
prokka_CHQ_2/CHQ_2:Gene	rnhC	CHQ_2_11:3543-4421	CHQ_2_01341
prokka_CHQ_2/CHQ_2:Gene	sipT	CHQ_2_11:4433-5059	CHQ_2_01342
prokka_CHQ_2/CHQ_2:Gene	purR	CHQ_2_11:c5924-5109	CHQ_2_01343
prokka_CHQ_2/CHQ_2:Gene	fus	CHQ_2_11:c8403-6274	CHQ_2_01344
prokka_CHQ_2/CHQ_2:Gene	rpsG	CHQ_2_11:c9135-8668	CHQ_2_01345
prokka_CHQ_2/CHQ_2:Gene	rpsL	CHQ_2_11:c9567-9154	CHQ_2_01346
prokka_CHQ_2/CHQ_2:Gene	dacA_1	CHQ_2_11:9895-11202	CHQ_2_01347
prokka_CHQ_2/CHQ_2:Gene	glcU	CHQ_2_11:c12163-11276	CHQ_2_01348
prokka_CHQ_2/CHQ_2:Gene	CHQ_2_01349	CHQ_2_11:c12879-12289	CHQ_2_01349
prokka_CHQ_2/CHQ_2:Gene	CHQ_2_01350	CHQ_2_11:c13951-13010	CHQ_2_01350
prokka_CHQ_2/CHQ_2:Gene	CHQ_2_01351	CHQ_2_11:c14120-14046	CHQ_2_01351
prokka_CHQ_2/CHQ_2:Gene	CHQ_2_01352	CHQ_2_11:c14229-14156	CHQ_2_01352
prokka_CHQ_2/CHQ_2:Gene	CHQ_2_01353	CHQ_2_11:c14346-14249	CHQ_2_01353
prokka_CHQ_2/CHQ_2:Gene	CHQ_2_01354	CHQ_2_12:318-1784	CHQ_2_01354
prokka_CHQ_2/CHQ_2:Gene	CHQ_2_01355	CHQ_2_12:1786-2016	CHQ_2_01355
prokka_CHQ_2/CHQ_2:Gene	CHQ_2_01356	CHQ_2_12:2013-2300	CHQ_2_01356
prokka_CHQ_2/CHQ_2:Gene	CHQ_2_01357	CHQ_2_12:2302-2493	CHQ_2_01357
prokka_CHQ_2/CHQ_2:Gene	CHQ_2_01358	CHQ_2_12:2668-3765	CHQ_2_01358
prokka_CHQ_2/CHQ_2:Gene	CHQ_2_01359	CHQ_2_12:3798-4328	CHQ_2_01359
prokka_CHQ_2/CHQ_2:Gene	CHQ_2_01360	CHQ_2_13:568-1797	CHQ_2_01360
prokka_CHQ_2/CHQ_2:Gene	CHQ_2_01361	CHQ_2_13:1899-2372	CHQ_2_01361
prokka_CHQ_2/CHQ_2:Gene	kdgR	CHQ_2_13:2451-3455	CHQ_2_01362
prokka_CHQ_2/CHQ_2:Gene	yjmB_2	CHQ_2_13:3868-5343	CHQ_2_01363
prokka_CHQ_2/CHQ_2:Gene	uxaC_2	CHQ_2_13:5389-6807	CHQ_2_01364
prokka_CHQ_2/CHQ_2:Gene	uxaB	CHQ_2_13:6933-8351	CHQ_2_01365
prokka_CHQ_2/CHQ_2:Gene	uxaA	CHQ_2_13:8360-9850	CHQ_2_01366
prokka_CHQ_2/CHQ_2:Gene	lacX_3	CHQ_2_13:9912-10769	CHQ_2_01367
prokka_CHQ_2/CHQ_2:Gene	kdgK_2	CHQ_2_13:10787-11758	CHQ_2_01368
prokka_CHQ_2/CHQ_2:Gene	kdgA_2	CHQ_2_13:11781-12428	CHQ_2_01369
prokka_CHQ_2/CHQ_2:Gene	mngB_2	CHQ_2_13:c15474-12802	CHQ_2_01370
prokka_CHQ_2/CHQ_2:Gene	fruA_1	CHQ_2_13:c16638-15535	CHQ_2_01371
prokka_CHQ_2/CHQ_2:Gene	manP	CHQ_2_13:c16975-16661	CHQ_2_01372
prokka_CHQ_2/CHQ_2:Gene	CHQ_2_01373	CHQ_2_13:c17432-16977	CHQ_2_01373
prokka_CHQ_2/CHQ_2:Gene	licR	CHQ_2_13:17636-19549	CHQ_2_01374
prokka_CHQ_2/CHQ_2:Gene	ccpA_2	CHQ_2_13:20486-21481	CHQ_2_01375
prokka_CHQ_2/CHQ_2:Gene	gmuB	CHQ_2_13:21553-21867	CHQ_2_01376
prokka_CHQ_2/CHQ_2:Gene	licC_1	CHQ_2_13:21926-23206	CHQ_2_01377
prokka_CHQ_2/CHQ_2:Gene	CHQ_2_01378	CHQ_2_13:23267-24370	CHQ_2_01378
prokka_CHQ_2/CHQ_2:Gene	CHQ_2_01379	CHQ_2_13:24363-26372	CHQ_2_01379
prokka_CHQ_2/CHQ_2:Gene	lacF_2	CHQ_2_13:26383-26724	CHQ_2_01380
prokka_CHQ_2/CHQ_2:Gene	CHQ_2_01381	CHQ_2_13:26721-26972	CHQ_2_01381
prokka_CHQ_2/CHQ_2:Gene	CHQ_2_01382	CHQ_2_13:27215-27739	CHQ_2_01382
prokka_CHQ_2/CHQ_2:Gene	CHQ_2_01383	CHQ_2_13:c28181-27765	CHQ_2_01383
prokka_CHQ_2/CHQ_2:Gene	menC	CHQ_2_13:c29665-28553	CHQ_2_01384
prokka_CHQ_2/CHQ_2:Gene	menE_3	CHQ_2_13:c31017-29662	CHQ_2_01385
prokka_CHQ_2/CHQ_2:Gene	menB	CHQ_2_13:c31987-31145	CHQ_2_01386
prokka_CHQ_2/CHQ_2:Gene	menH_2	CHQ_2_13:c33189-32374	CHQ_2_01387
prokka_CHQ_2/CHQ_2:Gene	menD	CHQ_2_13:c34861-33179	CHQ_2_01388
prokka_CHQ_2/CHQ_2:Gene	menF_2	CHQ_2_13:c36090-34915	CHQ_2_01389
prokka_CHQ_2/CHQ_2:Gene	CHQ_2_01390	CHQ_2_13:36468-37049	CHQ_2_01390
prokka_CHQ_2/CHQ_2:Gene	CHQ_2_01391	CHQ_2_13:37056-38336	CHQ_2_01391
prokka_CHQ_2/CHQ_2:Gene	nrnA	CHQ_2_13:38355-39278	CHQ_2_01392
prokka_CHQ_2/CHQ_2:Gene	ansB	CHQ_2_13:c40307-39339	CHQ_2_01393
prokka_CHQ_2/CHQ_2:Gene	cof	CHQ_2_13:40502-41890	CHQ_2_01394
prokka_CHQ_2/CHQ_2:Gene	CHQ_2_01395	CHQ_2_13:41980-42324	CHQ_2_01395
prokka_CHQ_2/CHQ_2:Gene	yqiK	CHQ_2_13:42383-43894	CHQ_2_01396
prokka_CHQ_2/CHQ_2:Gene	yclM	CHQ_2_13:c45283-43931	CHQ_2_01397
prokka_CHQ_2/CHQ_2:Gene	CHQ_2_01398	CHQ_2_13:c46379-45513	CHQ_2_01398
prokka_CHQ_2/CHQ_2:Gene	slyA	CHQ_2_13:c46845-46369	CHQ_2_01399
prokka_CHQ_2/CHQ_2:Gene	CHQ_2_01400	CHQ_2_13:46973-47641	CHQ_2_01400
prokka_CHQ_2/CHQ_2:Gene	gdpP	CHQ_2_13:47735-49699	CHQ_2_01401
prokka_CHQ_2/CHQ_2:Gene	rplI	CHQ_2_13:49696-50148	CHQ_2_01402
prokka_CHQ_2/CHQ_2:Gene	dnaC	CHQ_2_13:50154-51521	CHQ_2_01403
prokka_CHQ_2/CHQ_2:Gene	CHQ_2_01404	CHQ_2_13:51716-51973	CHQ_2_01404
prokka_CHQ_2/CHQ_2:Gene	CHQ_2_01405	CHQ_2_13:52042-52815	CHQ_2_01405
prokka_CHQ_2/CHQ_2:Gene	trmB	CHQ_2_13:52936-53589	CHQ_2_01406
prokka_CHQ_2/CHQ_2:Gene	nrdR	CHQ_2_13:53721-54167	CHQ_2_01407
prokka_CHQ_2/CHQ_2:Gene	CHQ_2_01408	CHQ_2_13:54267-55442	CHQ_2_01408
prokka_CHQ_2/CHQ_2:Gene	dnaI	CHQ_2_13:55442-56323	CHQ_2_01409
prokka_CHQ_2/CHQ_2:Gene	nfrA2	CHQ_2_13:56316-57038	CHQ_2_01410
prokka_CHQ_2/CHQ_2:Gene	CHQ_2_01411	CHQ_2_13:57035-57661	CHQ_2_01411
prokka_CHQ_2/CHQ_2:Gene	der_2	CHQ_2_13:57768-59078	CHQ_2_01412
prokka_CHQ_2/CHQ_2:Gene	CHQ_2_01413	CHQ_2_13:59184-60032	CHQ_2_01413
prokka_CHQ_2/CHQ_2:Gene	CHQ_2_01414	CHQ_2_13:60478-64020	CHQ_2_01414
prokka_CHQ_2/CHQ_2:Gene	CHQ_2_01415	CHQ_2_13:64152-65996	CHQ_2_01415
prokka_CHQ_2/CHQ_2:Gene	CHQ_2_01416	CHQ_2_13:66061-67356	CHQ_2_01416
prokka_CHQ_2/CHQ_2:Gene	CHQ_2_01417	CHQ_2_13:67343-67741	CHQ_2_01417
prokka_CHQ_2/CHQ_2:Gene	CHQ_2_01418	CHQ_2_13:67760-68068	CHQ_2_01418
prokka_CHQ_2/CHQ_2:Gene	yohK	CHQ_2_13:c68841-68143	CHQ_2_01419
prokka_CHQ_2/CHQ_2:Gene	lrgA	CHQ_2_13:c69264-68860	CHQ_2_01420
prokka_CHQ_2/CHQ_2:Gene	rimP	CHQ_2_13:69537-70010	CHQ_2_01421
prokka_CHQ_2/CHQ_2:Gene	nusA	CHQ_2_13:70175-71323	CHQ_2_01422
prokka_CHQ_2/CHQ_2:Gene	CHQ_2_01423	CHQ_2_13:71487-71813	CHQ_2_01423
prokka_CHQ_2/CHQ_2:Gene	rplGA	CHQ_2_13:71816-72121	CHQ_2_01424
prokka_CHQ_2/CHQ_2:Gene	infB	CHQ_2_13:72142-74976	CHQ_2_01425
prokka_CHQ_2/CHQ_2:Gene	rbfA	CHQ_2_13:75246-75605	CHQ_2_01426
prokka_CHQ_2/CHQ_2:Gene	manA	CHQ_2_13:75784-76731	CHQ_2_01427
prokka_CHQ_2/CHQ_2:Gene	hpr	CHQ_2_13:77149-77589	CHQ_2_01428
prokka_CHQ_2/CHQ_2:Gene	fabH	CHQ_2_13:77589-78566	CHQ_2_01429
prokka_CHQ_2/CHQ_2:Gene	acpA	CHQ_2_13:78733-78954	CHQ_2_01430
prokka_CHQ_2/CHQ_2:Gene	fabD	CHQ_2_13:79234-80160	CHQ_2_01431
prokka_CHQ_2/CHQ_2:Gene	fabG_2	CHQ_2_13:80246-80977	CHQ_2_01432
prokka_CHQ_2/CHQ_2:Gene	fabF	CHQ_2_13:81018-82247	CHQ_2_01433
prokka_CHQ_2/CHQ_2:Gene	accB	CHQ_2_13:82254-82721	CHQ_2_01434
prokka_CHQ_2/CHQ_2:Gene	fabZ_2	CHQ_2_13:82848-83282	CHQ_2_01435
prokka_CHQ_2/CHQ_2:Gene	accC	CHQ_2_13:83676-85043	CHQ_2_01436
prokka_CHQ_2/CHQ_2:Gene	accD	CHQ_2_13:85129-85995	CHQ_2_01437
prokka_CHQ_2/CHQ_2:Gene	accA	CHQ_2_13:85988-86782	CHQ_2_01438
prokka_CHQ_2/CHQ_2:Gene	metC	CHQ_2_13:86913-88055	CHQ_2_01439
prokka_CHQ_2/CHQ_2:Gene	cysK_1	CHQ_2_13:88270-89190	CHQ_2_01440
prokka_CHQ_2/CHQ_2:Gene	CHQ_2_01441	CHQ_2_13:89419-89658	CHQ_2_01441
prokka_CHQ_2/CHQ_2:Gene	CHQ_2_01442	CHQ_2_13:89791-90093	CHQ_2_01442
prokka_CHQ_2/CHQ_2:Gene	glpE	CHQ_2_13:90104-90412	CHQ_2_01443
prokka_CHQ_2/CHQ_2:Gene	cdr	CHQ_2_13:90409-92052	CHQ_2_01444
prokka_CHQ_2/CHQ_2:Gene	CHQ_2_01445	CHQ_2_13:92079-92333	CHQ_2_01445
prokka_CHQ_2/CHQ_2:Gene	spxA_4	CHQ_2_13:92409-92759	CHQ_2_01446
prokka_CHQ_2/CHQ_2:Gene	ydjF	CHQ_2_13:c93669-92926	CHQ_2_01447
prokka_CHQ_2/CHQ_2:Gene	CHQ_2_01448	CHQ_2_13:c94321-93764	CHQ_2_01448
prokka_CHQ_2/CHQ_2:Gene	exoA	CHQ_2_13:c95267-94410	CHQ_2_01449
prokka_CHQ_2/CHQ_2:Gene	metG	CHQ_2_13:95449-97437	CHQ_2_01450
prokka_CHQ_2/CHQ_2:Gene	CHQ_2_01451	CHQ_2_13:97956-98195	CHQ_2_01451
prokka_CHQ_2/CHQ_2:Gene	bacC	CHQ_2_13:98212-98943	CHQ_2_01452
prokka_CHQ_2/CHQ_2:Gene	queT	CHQ_2_13:99346-99855	CHQ_2_01453
prokka_CHQ_2/CHQ_2:Gene	CHQ_2_01454	CHQ_2_13:99960-100592	CHQ_2_01454
prokka_CHQ_2/CHQ_2:Gene	argC	CHQ_2_13:100732-101754	CHQ_2_01455
prokka_CHQ_2/CHQ_2:Gene	argJ	CHQ_2_13:101766-102956	CHQ_2_01456
prokka_CHQ_2/CHQ_2:Gene	argD	CHQ_2_13:102969-104102	CHQ_2_01457
prokka_CHQ_2/CHQ_2:Gene	argB	CHQ_2_13:104099-104950	CHQ_2_01458
prokka_CHQ_2/CHQ_2:Gene	arcB_2	CHQ_2_13:104978-105979	CHQ_2_01459
prokka_CHQ_2/CHQ_2:Gene	rnc	CHQ_2_13:106152-106847	CHQ_2_01460
prokka_CHQ_2/CHQ_2:Gene	smc_2	CHQ_2_13:106837-110361	CHQ_2_01461
prokka_CHQ_2/CHQ_2:Gene	ltaS1_1	CHQ_2_13:110602-112770	CHQ_2_01462
prokka_CHQ_2/CHQ_2:Gene	CHQ_2_01463	CHQ_2_13:112861-113271	CHQ_2_01463
prokka_CHQ_2/CHQ_2:Gene	CHQ_2_01464	CHQ_2_13:113362-114480	CHQ_2_01464
prokka_CHQ_2/CHQ_2:Gene	CHQ_2_01465	CHQ_2_13:114477-115238	CHQ_2_01465
prokka_CHQ_2/CHQ_2:Gene	yvbW_2	CHQ_2_13:c116628-115288	CHQ_2_01466
prokka_CHQ_2/CHQ_2:Gene	yidA	CHQ_2_13:117005-117814	CHQ_2_01467
prokka_CHQ_2/CHQ_2:Gene	CHQ_2_01468	CHQ_2_13:117824-118375	CHQ_2_01468
prokka_CHQ_2/CHQ_2:Gene	ftsY	CHQ_2_13:118437-119816	CHQ_2_01469
prokka_CHQ_2/CHQ_2:Gene	prs	CHQ_2_13:119992-120966	CHQ_2_01470
prokka_CHQ_2/CHQ_2:Gene	CHQ_2_01471	CHQ_2_13:121039-121710	CHQ_2_01471
prokka_CHQ_2/CHQ_2:Gene	leuS	CHQ_2_13:121781-124270	CHQ_2_01472
prokka_CHQ_2/CHQ_2:Gene	CHQ_2_01473	CHQ_2_13:124536-125291	CHQ_2_01473
prokka_CHQ_2/CHQ_2:Gene	licC_2	CHQ_2_13:125706-127124	CHQ_2_01474
prokka_CHQ_2/CHQ_2:Gene	bglA_2	CHQ_2_13:127209-128570	CHQ_2_01475
prokka_CHQ_2/CHQ_2:Gene	ydjP	CHQ_2_13:128822-129625	CHQ_2_01476
prokka_CHQ_2/CHQ_2:Gene	CHQ_2_01477	CHQ_2_13:129785-130147	CHQ_2_01477
prokka_CHQ_2/CHQ_2:Gene	CHQ_2_01478	CHQ_2_13:130278-131537	CHQ_2_01478
prokka_CHQ_2/CHQ_2:Gene	CHQ_2_01479	CHQ_2_13:131681-133684	CHQ_2_01479
prokka_CHQ_2/CHQ_2:Gene	sdhB	CHQ_2_13:133798-134469	CHQ_2_01480
prokka_CHQ_2/CHQ_2:Gene	sdhA	CHQ_2_13:134489-135352	CHQ_2_01481
prokka_CHQ_2/CHQ_2:Gene	copY	CHQ_2_13:135473-135928	CHQ_2_01482
prokka_CHQ_2/CHQ_2:Gene	merA	CHQ_2_13:135944-136144	CHQ_2_01483
prokka_CHQ_2/CHQ_2:Gene	copA	CHQ_2_13:136330-138492	CHQ_2_01484
prokka_CHQ_2/CHQ_2:Gene	CHQ_2_01485	CHQ_2_13:c138689-138546	CHQ_2_01485
prokka_CHQ_2/CHQ_2:Gene	CHQ_2_01486	CHQ_2_13:c141330-138679	CHQ_2_01486
prokka_CHQ_2/CHQ_2:Gene	CHQ_2_01487	CHQ_2_13:c142186-141401	CHQ_2_01487
prokka_CHQ_2/CHQ_2:Gene	mnmA	CHQ_2_13:142438-143592	CHQ_2_01488
prokka_CHQ_2/CHQ_2:Gene	rpsA	CHQ_2_13:143803-145029	CHQ_2_01489
prokka_CHQ_2/CHQ_2:Gene	CHQ_2_01490	CHQ_2_13:145205-146236	CHQ_2_01490
prokka_CHQ_2/CHQ_2:Gene	arlR_4	CHQ_2_13:146364-147023	CHQ_2_01491
prokka_CHQ_2/CHQ_2:Gene	arlS_2	CHQ_2_13:147172-148323	CHQ_2_01492
prokka_CHQ_2/CHQ_2:Gene	deoD_1	CHQ_2_13:148463-149179	CHQ_2_01493
prokka_CHQ_2/CHQ_2:Gene	CHQ_2_01494	CHQ_2_13:149308-150021	CHQ_2_01494
prokka_CHQ_2/CHQ_2:Gene	uvrC	CHQ_2_13:150044-152122	CHQ_2_01495
prokka_CHQ_2/CHQ_2:Gene	mutY	CHQ_2_13:152286-153449	CHQ_2_01496
prokka_CHQ_2/CHQ_2:Gene	pepV	CHQ_2_13:153515-154933	CHQ_2_01497
prokka_CHQ_2/CHQ_2:Gene	acpS	CHQ_2_13:155036-155395	CHQ_2_01498
prokka_CHQ_2/CHQ_2:Gene	alr	CHQ_2_13:155440-156543	CHQ_2_01499
prokka_CHQ_2/CHQ_2:Gene	spxA_5	CHQ_2_13:156704-157132	CHQ_2_01500
prokka_CHQ_2/CHQ_2:Gene	garB	CHQ_2_13:157270-158577	CHQ_2_01501
prokka_CHQ_2/CHQ_2:Gene	btuD_2	CHQ_2_13:158703-159620	CHQ_2_01502
prokka_CHQ_2/CHQ_2:Gene	CHQ_2_01503	CHQ_2_13:159617-161119	CHQ_2_01503
prokka_CHQ_2/CHQ_2:Gene	CHQ_2_01504	CHQ_2_13:161381-163759	CHQ_2_01504
prokka_CHQ_2/CHQ_2:Gene	CHQ_2_01505	CHQ_2_13:163746-164300	CHQ_2_01505
prokka_CHQ_2/CHQ_2:Gene	CHQ_2_01506	CHQ_2_13:164315-164731	CHQ_2_01506
prokka_CHQ_2/CHQ_2:Gene	CHQ_2_01507	CHQ_2_13:164775-165266	CHQ_2_01507
prokka_CHQ_2/CHQ_2:Gene	CHQ_2_01508	CHQ_2_13:165276-165653	CHQ_2_01508
prokka_CHQ_2/CHQ_2:Gene	CHQ_2_01509	CHQ_2_13:165670-166209	CHQ_2_01509
prokka_CHQ_2/CHQ_2:Gene	copB	CHQ_2_13:c168358-166262	CHQ_2_01510
prokka_CHQ_2/CHQ_2:Gene	CHQ_2_01511	CHQ_2_13:168560-171664	CHQ_2_01511
prokka_CHQ_2/CHQ_2:Gene	folD	CHQ_2_13:171794-172678	CHQ_2_01512
prokka_CHQ_2/CHQ_2:Gene	xseA	CHQ_2_13:172844-174097	CHQ_2_01513
prokka_CHQ_2/CHQ_2:Gene	xseB	CHQ_2_13:174097-174336	CHQ_2_01514
prokka_CHQ_2/CHQ_2:Gene	garK	CHQ_2_13:174485-175642	CHQ_2_01515
prokka_CHQ_2/CHQ_2:Gene	CHQ_2_01516	CHQ_2_13:175724-176581	CHQ_2_01516
prokka_CHQ_2/CHQ_2:Gene	tlyA	CHQ_2_13:176661-177467	CHQ_2_01517
prokka_CHQ_2/CHQ_2:Gene	argR_2	CHQ_2_13:177464-177910	CHQ_2_01518
prokka_CHQ_2/CHQ_2:Gene	recN	CHQ_2_13:178058-179725	CHQ_2_01519
prokka_CHQ_2/CHQ_2:Gene	CHQ_2_01520	CHQ_2_13:180450-181016	CHQ_2_01520
prokka_CHQ_2/CHQ_2:Gene	CHQ_2_01521	CHQ_2_13:181114-181635	CHQ_2_01521
prokka_CHQ_2/CHQ_2:Gene	CHQ_2_01522	CHQ_2_13:181659-182597	CHQ_2_01522
prokka_CHQ_2/CHQ_2:Gene	rsmH	CHQ_2_13:182817-183770	CHQ_2_01523
prokka_CHQ_2/CHQ_2:Gene	CHQ_2_01524	CHQ_2_13:183928-184308	CHQ_2_01524
prokka_CHQ_2/CHQ_2:Gene	pbpX	CHQ_2_13:184305-186596	CHQ_2_01525
prokka_CHQ_2/CHQ_2:Gene	mraY	CHQ_2_13:186661-187650	CHQ_2_01526
prokka_CHQ_2/CHQ_2:Gene	CHQ_2_01527	CHQ_2_13:187849-188127	CHQ_2_01527
prokka_CHQ_2/CHQ_2:Gene	CHQ_2_01528	CHQ_2_13:188260-189780	CHQ_2_01528
prokka_CHQ_2/CHQ_2:Gene	CHQ_2_01529	CHQ_2_13:189885-190547	CHQ_2_01529
prokka_CHQ_2/CHQ_2:Gene	cynR	CHQ_2_13:190705-191580	CHQ_2_01530
prokka_CHQ_2/CHQ_2:Gene	ywaC	CHQ_2_13:191820-192494	CHQ_2_01531
prokka_CHQ_2/CHQ_2:Gene	rplS	CHQ_2_13:192634-192978	CHQ_2_01532
prokka_CHQ_2/CHQ_2:Gene	CHQ_2_01533	CHQ_2_13:193275-193784	CHQ_2_01533
prokka_CHQ_2/CHQ_2:Gene	pgaC_2	CHQ_2_13:193777-195105	CHQ_2_01534
prokka_CHQ_2/CHQ_2:Gene	CHQ_2_01535	CHQ_2_13:195331-195867	CHQ_2_01535
prokka_CHQ_2/CHQ_2:Gene	pnuC	CHQ_2_13:196066-196797	CHQ_2_01536
prokka_CHQ_2/CHQ_2:Gene	CHQ_2_01537	CHQ_2_13:c197068-196913	CHQ_2_01537
prokka_CHQ_2/CHQ_2:Gene	CHQ_2_01538	CHQ_2_13:197326-197751	CHQ_2_01538
prokka_CHQ_2/CHQ_2:Gene	ihfA	CHQ_2_13:197873-198220	CHQ_2_01539
prokka_CHQ_2/CHQ_2:Gene	CHQ_2_01540	CHQ_2_13:c198821-198288	CHQ_2_01540
prokka_CHQ_2/CHQ_2:Gene	CHQ_2_01541	CHQ_2_13:198985-201384	CHQ_2_01541
prokka_CHQ_2/CHQ_2:Gene	CHQ_2_01542	CHQ_2_13:201570-201902	CHQ_2_01542
prokka_CHQ_2/CHQ_2:Gene	fpuD	CHQ_2_13:c203161-202382	CHQ_2_01543
prokka_CHQ_2/CHQ_2:Gene	besA	CHQ_2_13:c203944-203180	CHQ_2_01544
prokka_CHQ_2/CHQ_2:Gene	feuC	CHQ_2_13:c204920-203928	CHQ_2_01545
prokka_CHQ_2/CHQ_2:Gene	feuB	CHQ_2_13:c205952-204966	CHQ_2_01546
prokka_CHQ_2/CHQ_2:Gene	feuA	CHQ_2_13:c206924-205971	CHQ_2_01547
prokka_CHQ_2/CHQ_2:Gene	CHQ_2_01548	CHQ_2_13:207597-208172	CHQ_2_01548
prokka_CHQ_2/CHQ_2:Gene	CHQ_2_01549	CHQ_2_13:208360-209679	CHQ_2_01549
prokka_CHQ_2/CHQ_2:Gene	catE	CHQ_2_13:210009-210842	CHQ_2_01550
prokka_CHQ_2/CHQ_2:Gene	CHQ_2_01551	CHQ_2_13:211234-211401	CHQ_2_01551
prokka_CHQ_2/CHQ_2:Gene	ftsW_2	CHQ_2_13:212694-213893	CHQ_2_01552
prokka_CHQ_2/CHQ_2:Gene	brpA	CHQ_2_13:213924-215222	CHQ_2_01553
prokka_CHQ_2/CHQ_2:Gene	rpsN2	CHQ_2_13:215320-215589	CHQ_2_01554
prokka_CHQ_2/CHQ_2:Gene	CHQ_2_01555	CHQ_2_13:215755-216384	CHQ_2_01555
prokka_CHQ_2/CHQ_2:Gene	CHQ_2_01556	CHQ_2_13:216381-217379	CHQ_2_01556
prokka_CHQ_2/CHQ_2:Gene	liaR	CHQ_2_13:217407-218036	CHQ_2_01557
prokka_CHQ_2/CHQ_2:Gene	CHQ_2_01558	CHQ_2_13:218107-218913	CHQ_2_01558
prokka_CHQ_2/CHQ_2:Gene	CHQ_2_01559	CHQ_2_13:219016-219606	CHQ_2_01559
prokka_CHQ_2/CHQ_2:Gene	yugI	CHQ_2_13:219608-220039	CHQ_2_01560
prokka_CHQ_2/CHQ_2:Gene	CHQ_2_01561	CHQ_2_13:220036-220641	CHQ_2_01561
prokka_CHQ_2/CHQ_2:Gene	mrdB	CHQ_2_13:220862-222106	CHQ_2_01562
prokka_CHQ_2/CHQ_2:Gene	gutB	CHQ_2_13:222331-223401	CHQ_2_01563
prokka_CHQ_2/CHQ_2:Gene	butA	CHQ_2_13:223427-224188	CHQ_2_01564
prokka_CHQ_2/CHQ_2:Gene	CHQ_2_01565	CHQ_2_13:224462-224623	CHQ_2_01565
prokka_CHQ_2/CHQ_2:Gene	CHQ_2_01566	CHQ_2_13:224598-224696	CHQ_2_01566
prokka_CHQ_2/CHQ_2:Gene	expZ	CHQ_2_13:224709-226250	CHQ_2_01567
prokka_CHQ_2/CHQ_2:Gene	mleA	CHQ_2_13:226667-228289	CHQ_2_01568
prokka_CHQ_2/CHQ_2:Gene	citS	CHQ_2_13:228304-229581	CHQ_2_01569
prokka_CHQ_2/CHQ_2:Gene	yicL_2	CHQ_2_13:229878-230810	CHQ_2_01570
prokka_CHQ_2/CHQ_2:Gene	CHQ_2_01571	CHQ_2_13:230890-231981	CHQ_2_01571
prokka_CHQ_2/CHQ_2:Gene	gph_2	CHQ_2_13:232002-232682	CHQ_2_01572
prokka_CHQ_2/CHQ_2:Gene	gyrB	CHQ_2_13:232835-234790	CHQ_2_01573
prokka_CHQ_2/CHQ_2:Gene	CHQ_2_01574	CHQ_2_13:234895-235083	CHQ_2_01574
prokka_CHQ_2/CHQ_2:Gene	COQ3	CHQ_2_13:235296-236033	CHQ_2_01575
prokka_CHQ_2/CHQ_2:Gene	CHQ_2_01576	CHQ_2_13:236437-236817	CHQ_2_01576
prokka_CHQ_2/CHQ_2:Gene	CHQ_2_01577	CHQ_2_13:236921-237385	CHQ_2_01577
prokka_CHQ_2/CHQ_2:Gene	emrB_2	CHQ_2_13:237378-238922	CHQ_2_01578
prokka_CHQ_2/CHQ_2:Gene	CHQ_2_01579	CHQ_2_13:238922-239641	CHQ_2_01579
prokka_CHQ_2/CHQ_2:Gene	CHQ_2_01580	CHQ_2_13:239963-240871	CHQ_2_01580
prokka_CHQ_2/CHQ_2:Gene	btuD_3	CHQ_2_13:240939-242369	CHQ_2_01581
prokka_CHQ_2/CHQ_2:Gene	tagG	CHQ_2_13:242380-243186	CHQ_2_01582
prokka_CHQ_2/CHQ_2:Gene	CHQ_2_01583	CHQ_2_13:243203-244681	CHQ_2_01583
prokka_CHQ_2/CHQ_2:Gene	CHQ_2_01584	CHQ_2_13:244678-246885	CHQ_2_01584
prokka_CHQ_2/CHQ_2:Gene	CHQ_2_01585	CHQ_2_13:246882-247910	CHQ_2_01585
prokka_CHQ_2/CHQ_2:Gene	CHQ_2_01586	CHQ_2_13:247897-249234	CHQ_2_01586
prokka_CHQ_2/CHQ_2:Gene	arnC_1	CHQ_2_13:249255-252242	CHQ_2_01587
prokka_CHQ_2/CHQ_2:Gene	ugd	CHQ_2_13:252295-253464	CHQ_2_01588
prokka_CHQ_2/CHQ_2:Gene	CHQ_2_01589	CHQ_2_13:253478-254521	CHQ_2_01589
prokka_CHQ_2/CHQ_2:Gene	CHQ_2_01590	CHQ_2_13:254560-254700	CHQ_2_01590
prokka_CHQ_2/CHQ_2:Gene	CHQ_2_01591	CHQ_2_13:254819-255355	CHQ_2_01591
prokka_CHQ_2/CHQ_2:Gene	glf	CHQ_2_13:255374-256504	CHQ_2_01592
prokka_CHQ_2/CHQ_2:Gene	CHQ_2_01593	CHQ_2_13:256497-257777	CHQ_2_01593
prokka_CHQ_2/CHQ_2:Gene	abnA	CHQ_2_13:257777-258784	CHQ_2_01594
prokka_CHQ_2/CHQ_2:Gene	CHQ_2_01595	CHQ_2_13:258889-260067	CHQ_2_01595
prokka_CHQ_2/CHQ_2:Gene	tagD_1	CHQ_2_13:260184-260558	CHQ_2_01596
prokka_CHQ_2/CHQ_2:Gene	CHQ_2_01597	CHQ_2_13:260595-261026	CHQ_2_01597
prokka_CHQ_2/CHQ_2:Gene	tagF	CHQ_2_13:261047-262234	CHQ_2_01598
prokka_CHQ_2/CHQ_2:Gene	tarK	CHQ_2_13:262224-263339	CHQ_2_01599
prokka_CHQ_2/CHQ_2:Gene	tagU_3	CHQ_2_13:263350-264270	CHQ_2_01600
prokka_CHQ_2/CHQ_2:Gene	deoB	CHQ_2_13:264456-265691	CHQ_2_01601
prokka_CHQ_2/CHQ_2:Gene	CHQ_2_01602	CHQ_2_13:265780-266016	CHQ_2_01602
prokka_CHQ_2/CHQ_2:Gene	deoD_2	CHQ_2_13:266087-266791	CHQ_2_01603
prokka_CHQ_2/CHQ_2:Gene	xerC_5	CHQ_2_13:c268114-266981	CHQ_2_01604
prokka_CHQ_2/CHQ_2:Gene	CHQ_2_01605	CHQ_2_13:c269029-268235	CHQ_2_01605
prokka_CHQ_2/CHQ_2:Gene	CHQ_2_01606	CHQ_2_13:c269519-269085	CHQ_2_01606
prokka_CHQ_2/CHQ_2:Gene	CHQ_2_01607	CHQ_2_13:c269873-269529	CHQ_2_01607
prokka_CHQ_2/CHQ_2:Gene	CHQ_2_01608	CHQ_2_13:270153-270383	CHQ_2_01608
prokka_CHQ_2/CHQ_2:Gene	CHQ_2_01609	CHQ_2_13:270398-270616	CHQ_2_01609
prokka_CHQ_2/CHQ_2:Gene	CHQ_2_01610	CHQ_2_13:270625-271335	CHQ_2_01610
prokka_CHQ_2/CHQ_2:Gene	CHQ_2_01611	CHQ_2_13:271348-271584	CHQ_2_01611
prokka_CHQ_2/CHQ_2:Gene	CHQ_2_01612	CHQ_2_13:271663-271860	CHQ_2_01612
prokka_CHQ_2/CHQ_2:Gene	CHQ_2_01613	CHQ_2_13:c272370-271849	CHQ_2_01613
prokka_CHQ_2/CHQ_2:Gene	CHQ_2_01614	CHQ_2_13:272404-272640	CHQ_2_01614
prokka_CHQ_2/CHQ_2:Gene	CHQ_2_01615	CHQ_2_13:272741-273136	CHQ_2_01615
prokka_CHQ_2/CHQ_2:Gene	CHQ_2_01616	CHQ_2_13:273147-273851	CHQ_2_01616
prokka_CHQ_2/CHQ_2:Gene	CHQ_2_01617	CHQ_2_13:273851-274372	CHQ_2_01617
prokka_CHQ_2/CHQ_2:Gene	CHQ_2_01618	CHQ_2_13:274520-275251	CHQ_2_01618
prokka_CHQ_2/CHQ_2:Gene	CHQ_2_01619	CHQ_2_13:275261-276151	CHQ_2_01619
prokka_CHQ_2/CHQ_2:Gene	CHQ_2_01620	CHQ_2_13:276160-276324	CHQ_2_01620
prokka_CHQ_2/CHQ_2:Gene	CHQ_2_01621	CHQ_2_13:276314-276730	CHQ_2_01621
prokka_CHQ_2/CHQ_2:Gene	CHQ_2_01622	CHQ_2_13:276733-277008	CHQ_2_01622
prokka_CHQ_2/CHQ_2:Gene	CHQ_2_01623	CHQ_2_13:277011-277250	CHQ_2_01623
prokka_CHQ_2/CHQ_2:Gene	ccpB	CHQ_2_14:c1062-139	CHQ_2_01624
prokka_CHQ_2/CHQ_2:Gene	CHQ_2_01625	CHQ_2_14:c1871-1062	CHQ_2_01625
prokka_CHQ_2/CHQ_2:Gene	polA	CHQ_2_14:2109-4742	CHQ_2_01626
prokka_CHQ_2/CHQ_2:Gene	yfiC	CHQ_2_14:5110-5841	CHQ_2_01627
prokka_CHQ_2/CHQ_2:Gene	CHQ_2_01628	CHQ_2_14:c6886-5882	CHQ_2_01628
prokka_CHQ_2/CHQ_2:Gene	CHQ_2_01629	CHQ_2_14:c7252-7028	CHQ_2_01629
prokka_CHQ_2/CHQ_2:Gene	CHQ_2_01630	CHQ_2_14:c8700-7360	CHQ_2_01630
prokka_CHQ_2/CHQ_2:Gene	dgs	CHQ_2_14:c9824-8826	CHQ_2_01631
prokka_CHQ_2/CHQ_2:Gene	htrA	CHQ_2_14:c11176-9950	CHQ_2_01632
prokka_CHQ_2/CHQ_2:Gene	rlmH	CHQ_2_14:11552-12031	CHQ_2_01633
prokka_CHQ_2/CHQ_2:Gene	CHQ_2_01634	CHQ_2_14:12050-12748	CHQ_2_01634
prokka_CHQ_2/CHQ_2:Gene	CHQ_2_01635	CHQ_2_14:12843-13175	CHQ_2_01635
prokka_CHQ_2/CHQ_2:Gene	uppS	CHQ_2_14:13549-14283	CHQ_2_01636
prokka_CHQ_2/CHQ_2:Gene	CHQ_2_01637	CHQ_2_14:14283-15086	CHQ_2_01637
prokka_CHQ_2/CHQ_2:Gene	CHQ_2_01638	CHQ_2_14:15105-16391	CHQ_2_01638
prokka_CHQ_2/CHQ_2:Gene	proS	CHQ_2_14:16461-18311	CHQ_2_01639
prokka_CHQ_2/CHQ_2:Gene	nox	CHQ_2_14:18327-19658	CHQ_2_01640
prokka_CHQ_2/CHQ_2:Gene	CHQ_2_01641	CHQ_2_14:19664-20200	CHQ_2_01641
prokka_CHQ_2/CHQ_2:Gene	polC	CHQ_2_14:20313-25289	CHQ_2_01642
prokka_CHQ_2/CHQ_2:Gene	comGA	CHQ_2_14:25422-26348	CHQ_2_01643
prokka_CHQ_2/CHQ_2:Gene	CHQ_2_01644	CHQ_2_14:26296-27315	CHQ_2_01644
prokka_CHQ_2/CHQ_2:Gene	CHQ_2_01645	CHQ_2_14:c28923-27466	CHQ_2_01645
prokka_CHQ_2/CHQ_2:Gene	CHQ_2_01646	CHQ_2_14:c29581-29045	CHQ_2_01646
prokka_CHQ_2/CHQ_2:Gene	lexA	CHQ_2_14:c30385-29639	CHQ_2_01647
prokka_CHQ_2/CHQ_2:Gene	CHQ_2_01648	CHQ_2_14:30686-30886	CHQ_2_01648
prokka_CHQ_2/CHQ_2:Gene	CHQ_2_01649	CHQ_2_14:c31769-30870	CHQ_2_01649
prokka_CHQ_2/CHQ_2:Gene	CHQ_2_01650	CHQ_2_14:31931-32134	CHQ_2_01650
prokka_CHQ_2/CHQ_2:Gene	CHQ_2_01651	CHQ_2_14:c32385-32131	CHQ_2_01651
prokka_CHQ_2/CHQ_2:Gene	CHQ_2_01652	CHQ_2_14:32517-32762	CHQ_2_01652
prokka_CHQ_2/CHQ_2:Gene	CHQ_2_01653	CHQ_2_14:32775-32960	CHQ_2_01653
prokka_CHQ_2/CHQ_2:Gene	CHQ_2_01654	CHQ_2_14:33333-34058	CHQ_2_01654
prokka_CHQ_2/CHQ_2:Gene	CHQ_2_01655	CHQ_2_14:34071-34265	CHQ_2_01655
prokka_CHQ_2/CHQ_2:Gene	CHQ_2_01656	CHQ_2_14:34262-34390	CHQ_2_01656
prokka_CHQ_2/CHQ_2:Gene	CHQ_2_01657	CHQ_2_14:34404-34766	CHQ_2_01657
prokka_CHQ_2/CHQ_2:Gene	CHQ_2_01658	CHQ_2_14:c35016-34750	CHQ_2_01658
prokka_CHQ_2/CHQ_2:Gene	CHQ_2_01659	CHQ_2_14:35183-35383	CHQ_2_01659
prokka_CHQ_2/CHQ_2:Gene	CHQ_2_01660	CHQ_2_14:35383-35619	CHQ_2_01660
prokka_CHQ_2/CHQ_2:Gene	CHQ_2_01661	CHQ_2_14:35724-36461	CHQ_2_01661
prokka_CHQ_2/CHQ_2:Gene	CHQ_2_01662	CHQ_2_14:36463-37518	CHQ_2_01662
prokka_CHQ_2/CHQ_2:Gene	ssb_2	CHQ_2_14:37508-37933	CHQ_2_01663
prokka_CHQ_2/CHQ_2:Gene	CHQ_2_01664	CHQ_2_14:38059-38970	CHQ_2_01664
prokka_CHQ_2/CHQ_2:Gene	CHQ_2_01665	CHQ_2_14:38963-39205	CHQ_2_01665
prokka_CHQ_2/CHQ_2:Gene	CHQ_2_01666	CHQ_2_14:39219-39629	CHQ_2_01666
prokka_CHQ_2/CHQ_2:Gene	recX	CHQ_2_15:c948-139	CHQ_2_01667
prokka_CHQ_2/CHQ_2:Gene	CHQ_2_01668	CHQ_2_15:1235-2989	CHQ_2_01668
prokka_CHQ_2/CHQ_2:Gene	rlmCD	CHQ_2_15:3217-4758	CHQ_2_01669
prokka_CHQ_2/CHQ_2:Gene	CHQ_2_01670	CHQ_2_15:5018-5173	CHQ_2_01670
prokka_CHQ_2/CHQ_2:Gene	CHQ_2_01671	CHQ_2_15:5302-5724	CHQ_2_01671
prokka_CHQ_2/CHQ_2:Gene	CHQ_2_01672	CHQ_2_15:5881-6390	CHQ_2_01672
prokka_CHQ_2/CHQ_2:Gene	CHQ_2_01673	CHQ_2_15:6391-6735	CHQ_2_01673
prokka_CHQ_2/CHQ_2:Gene	CHQ_2_01674	CHQ_2_15:6774-7022	CHQ_2_01674
prokka_CHQ_2/CHQ_2:Gene	CHQ_2_01675	CHQ_2_15:7299-7955	CHQ_2_01675
prokka_CHQ_2/CHQ_2:Gene	valS	CHQ_2_15:8211-10865	CHQ_2_01676
prokka_CHQ_2/CHQ_2:Gene	yybR	CHQ_2_15:c11600-11268	CHQ_2_01677
prokka_CHQ_2/CHQ_2:Gene	qorB	CHQ_2_15:11773-12618	CHQ_2_01678
prokka_CHQ_2/CHQ_2:Gene	CHQ_2_01679	CHQ_2_15:c13158-12652	CHQ_2_01679
prokka_CHQ_2/CHQ_2:Gene	pgi	CHQ_2_15:13502-14848	CHQ_2_01680
prokka_CHQ_2/CHQ_2:Gene	CHQ_2_01681	CHQ_2_15:c16050-14944	CHQ_2_01681
prokka_CHQ_2/CHQ_2:Gene	ylaC	CHQ_2_15:c16568-16074	CHQ_2_01682
prokka_CHQ_2/CHQ_2:Gene	mdrP_1	CHQ_2_15:16756-17982	CHQ_2_01683
prokka_CHQ_2/CHQ_2:Gene	mdrP_2	CHQ_2_15:18065-19285	CHQ_2_01684
prokka_CHQ_2/CHQ_2:Gene	rsmD	CHQ_2_15:19456-19995	CHQ_2_01685
prokka_CHQ_2/CHQ_2:Gene	coaD	CHQ_2_15:20043-20540	CHQ_2_01686
prokka_CHQ_2/CHQ_2:Gene	ylbL	CHQ_2_15:20527-21555	CHQ_2_01687
prokka_CHQ_2/CHQ_2:Gene	CHQ_2_01688	CHQ_2_15:21676-22533	CHQ_2_01688
prokka_CHQ_2/CHQ_2:Gene	mftC	CHQ_2_15:22636-23328	CHQ_2_01689
prokka_CHQ_2/CHQ_2:Gene	CHQ_2_01690	CHQ_2_15:23434-23601	CHQ_2_01690
prokka_CHQ_2/CHQ_2:Gene	CHQ_2_01691	CHQ_2_15:23771-24757	CHQ_2_01691
prokka_CHQ_2/CHQ_2:Gene	moaA_1	CHQ_2_15:24750-25577	CHQ_2_01692
prokka_CHQ_2/CHQ_2:Gene	CHQ_2_01693	CHQ_2_15:25574-25783	CHQ_2_01693
prokka_CHQ_2/CHQ_2:Gene	CHQ_2_01694	CHQ_2_15:25770-26267	CHQ_2_01694
prokka_CHQ_2/CHQ_2:Gene	CHQ_2_01695	CHQ_2_15:26349-26456	CHQ_2_01695
prokka_CHQ_2/CHQ_2:Gene	adhE	CHQ_2_15:c29316-26605	CHQ_2_01696
prokka_CHQ_2/CHQ_2:Gene	pgl	CHQ_2_15:c30574-29549	CHQ_2_01697
prokka_CHQ_2/CHQ_2:Gene	rpsB	CHQ_2_15:30932-31699	CHQ_2_01698
prokka_CHQ_2/CHQ_2:Gene	tsf	CHQ_2_15:31821-32849	CHQ_2_01699
prokka_CHQ_2/CHQ_2:Gene	ezrA	CHQ_2_15:33054-34784	CHQ_2_01700
prokka_CHQ_2/CHQ_2:Gene	CHQ_2_01701	CHQ_2_15:35040-35531	CHQ_2_01701
prokka_CHQ_2/CHQ_2:Gene	CHQ_2_01702	CHQ_2_16:59-685	CHQ_2_01702
prokka_CHQ_2/CHQ_2:Gene	CHQ_2_01703	CHQ_2_16:c983-615	CHQ_2_01703
prokka_CHQ_2/CHQ_2:Gene	xerC_6	CHQ_2_16:1357-2154	CHQ_2_01704
prokka_CHQ_2/CHQ_2:Gene	CHQ_2_01705	CHQ_2_16:2359-2754	CHQ_2_01705
prokka_CHQ_2/CHQ_2:Gene	CHQ_2_01706	CHQ_2_16:c3304-2705	CHQ_2_01706
prokka_CHQ_2/CHQ_2:Gene	gntT	CHQ_2_17:c1577-162	CHQ_2_01707
prokka_CHQ_2/CHQ_2:Gene	xylB_4	CHQ_2_17:c3222-1711	CHQ_2_01708
prokka_CHQ_2/CHQ_2:Gene	CHQ_2_01709	CHQ_2_17:c4251-3343	CHQ_2_01709
prokka_CHQ_2/CHQ_2:Gene	hexR_2	CHQ_2_17:4613-5461	CHQ_2_01710
prokka_CHQ_2/CHQ_2:Gene	CHQ_2_01711	CHQ_2_17:5499-5807	CHQ_2_01711
prokka_CHQ_2/CHQ_2:Gene	lpxG	CHQ_2_17:c6654-5881	CHQ_2_01712
prokka_CHQ_2/CHQ_2:Gene	rpsR	CHQ_2_17:c7099-6854	CHQ_2_01713
prokka_CHQ_2/CHQ_2:Gene	ssb_3	CHQ_2_17:c7773-7273	CHQ_2_01714
prokka_CHQ_2/CHQ_2:Gene	rpsF	CHQ_2_17:c8096-7803	CHQ_2_01715
prokka_CHQ_2/CHQ_2:Gene	uppP	CHQ_2_17:c9142-8288	CHQ_2_01716
prokka_CHQ_2/CHQ_2:Gene	CHQ_2_01717	CHQ_2_17:9350-9463	CHQ_2_01717
prokka_CHQ_2/CHQ_2:Gene	lysP_1	CHQ_2_17:9665-11131	CHQ_2_01718
prokka_CHQ_2/CHQ_2:Gene	CHQ_2_01719	CHQ_2_17:c12824-11166	CHQ_2_01719
prokka_CHQ_2/CHQ_2:Gene	CHQ_2_01720	CHQ_2_17:c13514-12873	CHQ_2_01720
prokka_CHQ_2/CHQ_2:Gene	msrC	CHQ_2_17:c14034-13546	CHQ_2_01721
prokka_CHQ_2/CHQ_2:Gene	CHQ_2_01722	CHQ_2_17:14358-14816	CHQ_2_01722
prokka_CHQ_2/CHQ_2:Gene	CHQ_2_01723	CHQ_2_17:c15351-14905	CHQ_2_01723
prokka_CHQ_2/CHQ_2:Gene	xerC_7	CHQ_2_17:c16825-15641	CHQ_2_01724
prokka_CHQ_2/CHQ_2:Gene	CHQ_2_01725	CHQ_2_17:c17273-17082	CHQ_2_01725
prokka_CHQ_2/CHQ_2:Gene	CHQ_2_01726	CHQ_2_17:c17632-17351	CHQ_2_01726
prokka_CHQ_2/CHQ_2:Gene	CHQ_2_01727	CHQ_2_17:c18331-18008	CHQ_2_01727
prokka_CHQ_2/CHQ_2:Gene	mtlR_1	CHQ_2_17:c20938-18998	CHQ_2_01728
prokka_CHQ_2/CHQ_2:Gene	CHQ_2_01729	CHQ_2_17:c22314-21370	CHQ_2_01729
prokka_CHQ_2/CHQ_2:Gene	CHQ_2_01730	CHQ_2_17:c22801-22565	CHQ_2_01730
prokka_CHQ_2/CHQ_2:Gene	CHQ_2_01731	CHQ_2_17:23361-23564	CHQ_2_01731
prokka_CHQ_2/CHQ_2:Gene	CHQ_2_01732	CHQ_2_17:c24165-23575	CHQ_2_01732
prokka_CHQ_2/CHQ_2:Gene	CHQ_2_01733	CHQ_2_17:c24631-24155	CHQ_2_01733
prokka_CHQ_2/CHQ_2:Gene	CHQ_2_01734	CHQ_2_17:c25258-24731	CHQ_2_01734
prokka_CHQ_2/CHQ_2:Gene	CHQ_2_01735	CHQ_2_17:c26286-25450	CHQ_2_01735
prokka_CHQ_2/CHQ_2:Gene	CHQ_2_01736	CHQ_2_17:26452-26646	CHQ_2_01736
prokka_CHQ_2/CHQ_2:Gene	CHQ_2_01737	CHQ_2_17:26824-27831	CHQ_2_01737
prokka_CHQ_2/CHQ_2:Gene	CHQ_2_01738	CHQ_2_17:27835-28359	CHQ_2_01738
prokka_CHQ_2/CHQ_2:Gene	CHQ_2_01739	CHQ_2_17:28500-28694	CHQ_2_01739
prokka_CHQ_2/CHQ_2:Gene	CHQ_2_01740	CHQ_2_17:28698-29228	CHQ_2_01740
prokka_CHQ_2/CHQ_2:Gene	CHQ_2_01741	CHQ_2_17:29225-29506	CHQ_2_01741
prokka_CHQ_2/CHQ_2:Gene	CHQ_2_01742	CHQ_2_17:29549-29788	CHQ_2_01742
prokka_CHQ_2/CHQ_2:Gene	CHQ_2_01743	CHQ_2_17:29785-30048	CHQ_2_01743
prokka_CHQ_2/CHQ_2:Gene	CHQ_2_01744	CHQ_2_17:30035-30364	CHQ_2_01744
prokka_CHQ_2/CHQ_2:Gene	CHQ_2_01745	CHQ_2_17:30368-31162	CHQ_2_01745
prokka_CHQ_2/CHQ_2:Gene	CHQ_2_01746	CHQ_2_17:31173-32801	CHQ_2_01746
prokka_CHQ_2/CHQ_2:Gene	CHQ_2_01747	CHQ_2_17:32942-33076	CHQ_2_01747
prokka_CHQ_2/CHQ_2:Gene	CHQ_2_01748	CHQ_2_17:33298-33840	CHQ_2_01748
prokka_CHQ_2/CHQ_2:Gene	CHQ_2_01749	CHQ_2_17:34029-34340	CHQ_2_01749
prokka_CHQ_2/CHQ_2:Gene	CHQ_2_01750	CHQ_2_17:34424-34756	CHQ_2_01750
prokka_CHQ_2/CHQ_2:Gene	CHQ_2_01751	CHQ_2_17:c36052-35693	CHQ_2_01751
prokka_CHQ_2/CHQ_2:Gene	CHQ_2_01752	CHQ_2_17:36935-37135	CHQ_2_01752
prokka_CHQ_2/CHQ_2:Gene	glnA	CHQ_2_17:c38534-37194	CHQ_2_01753
prokka_CHQ_2/CHQ_2:Gene	glnR	CHQ_2_17:c38961-38596	CHQ_2_01754
prokka_CHQ_2/CHQ_2:Gene	yfkJ	CHQ_2_17:c39499-39062	CHQ_2_01755
prokka_CHQ_2/CHQ_2:Gene	CHQ_2_01756	CHQ_2_17:c39807-39643	CHQ_2_01756
prokka_CHQ_2/CHQ_2:Gene	yxlF_2	CHQ_2_17:c40529-39912	CHQ_2_01757
prokka_CHQ_2/CHQ_2:Gene	CHQ_2_01758	CHQ_2_17:c41710-40526	CHQ_2_01758
prokka_CHQ_2/CHQ_2:Gene	CHQ_2_01759	CHQ_2_17:c42067-41777	CHQ_2_01759
prokka_CHQ_2/CHQ_2:Gene	CHQ_2_01760	CHQ_2_17:c43171-42287	CHQ_2_01760
prokka_CHQ_2/CHQ_2:Gene	ruvB	CHQ_2_17:c44309-43308	CHQ_2_01761
prokka_CHQ_2/CHQ_2:Gene	ruvA	CHQ_2_17:c45029-44436	CHQ_2_01762
prokka_CHQ_2/CHQ_2:Gene	mutL	CHQ_2_17:c47225-45138	CHQ_2_01763
prokka_CHQ_2/CHQ_2:Gene	CHQ_2_01764	CHQ_2_17:c47932-47237	CHQ_2_01764
prokka_CHQ_2/CHQ_2:Gene	mutS	CHQ_2_17:c50569-48047	CHQ_2_01765
prokka_CHQ_2/CHQ_2:Gene	CHQ_2_01766	CHQ_2_17:c51110-50763	CHQ_2_01766
prokka_CHQ_2/CHQ_2:Gene	glxR	CHQ_2_17:c52207-51326	CHQ_2_01767
prokka_CHQ_2/CHQ_2:Gene	CHQ_2_01768	CHQ_2_17:c52455-52249	CHQ_2_01768
prokka_CHQ_2/CHQ_2:Gene	CHQ_2_01769	CHQ_2_17:c52609-52527	CHQ_2_01769
prokka_CHQ_2/CHQ_2:Gene	CHQ_2_01770	CHQ_2_17:c53063-52686	CHQ_2_01770
prokka_CHQ_2/CHQ_2:Gene	CHQ_2_01771	CHQ_2_17:c53914-53063	CHQ_2_01771
prokka_CHQ_2/CHQ_2:Gene	CHQ_2_01772	CHQ_2_17:54100-54279	CHQ_2_01772
prokka_CHQ_2/CHQ_2:Gene	zwf	CHQ_2_17:54350-55861	CHQ_2_01773
prokka_CHQ_2/CHQ_2:Gene	gph_3	CHQ_2_17:c56581-56054	CHQ_2_01774
prokka_CHQ_2/CHQ_2:Gene	dnaJ	CHQ_2_17:c57859-56720	CHQ_2_01775
prokka_CHQ_2/CHQ_2:Gene	CHQ_2_01776	CHQ_2_17:c58716-57973	CHQ_2_01776
prokka_CHQ_2/CHQ_2:Gene	CHQ_2_01777	CHQ_2_17:c59428-58706	CHQ_2_01777
prokka_CHQ_2/CHQ_2:Gene	CHQ_2_01778	CHQ_2_17:c60686-59460	CHQ_2_01778
prokka_CHQ_2/CHQ_2:Gene	asnB_1	CHQ_2_17:c62575-60698	CHQ_2_01779
prokka_CHQ_2/CHQ_2:Gene	CHQ_2_01780	CHQ_2_17:c64069-62696	CHQ_2_01780
prokka_CHQ_2/CHQ_2:Gene	CHQ_2_01781	CHQ_2_17:c64700-64173	CHQ_2_01781
prokka_CHQ_2/CHQ_2:Gene	mreC	CHQ_2_17:c65665-64790	CHQ_2_01782
prokka_CHQ_2/CHQ_2:Gene	xerC_8	CHQ_2_17:c67165-66029	CHQ_2_01783
prokka_CHQ_2/CHQ_2:Gene	CHQ_2_01784	CHQ_2_17:c67466-67221	CHQ_2_01784
prokka_CHQ_2/CHQ_2:Gene	CHQ_2_01785	CHQ_2_17:c68020-67493	CHQ_2_01785
prokka_CHQ_2/CHQ_2:Gene	CHQ_2_01786	CHQ_2_17:c68454-68023	CHQ_2_01786
prokka_CHQ_2/CHQ_2:Gene	CHQ_2_01787	CHQ_2_17:c69269-68757	CHQ_2_01787
prokka_CHQ_2/CHQ_2:Gene	CHQ_2_01788	CHQ_2_17:c70010-69288	CHQ_2_01788
prokka_CHQ_2/CHQ_2:Gene	ceo_1	CHQ_2_17:c71823-70891	CHQ_2_01789
prokka_CHQ_2/CHQ_2:Gene	CHQ_2_01790	CHQ_2_17:c72812-71862	CHQ_2_01790
prokka_CHQ_2/CHQ_2:Gene	CHQ_2_01791	CHQ_2_17:c73488-72937	CHQ_2_01791
prokka_CHQ_2/CHQ_2:Gene	CHQ_2_01792	CHQ_2_17:c73697-73509	CHQ_2_01792
prokka_CHQ_2/CHQ_2:Gene	CHQ_2_01793	CHQ_2_17:c74267-73707	CHQ_2_01793
prokka_CHQ_2/CHQ_2:Gene	CHQ_2_01794	CHQ_2_17:c74544-74302	CHQ_2_01794
prokka_CHQ_2/CHQ_2:Gene	cspLA	CHQ_2_17:c75261-75061	CHQ_2_01795
prokka_CHQ_2/CHQ_2:Gene	csp	CHQ_2_17:c75737-75537	CHQ_2_01796
prokka_CHQ_2/CHQ_2:Gene	CHQ_2_01797	CHQ_2_17:c76068-75868	CHQ_2_01797
prokka_CHQ_2/CHQ_2:Gene	CHQ_2_01798	CHQ_2_17:c76243-76170	CHQ_2_01798
prokka_CHQ_2/CHQ_2:Gene	CHQ_2_01799	CHQ_2_17:77382-77750	CHQ_2_01799
prokka_CHQ_2/CHQ_2:Gene	btuD_4	CHQ_2_17:77747-78604	CHQ_2_01800
prokka_CHQ_2/CHQ_2:Gene	CHQ_2_01801	CHQ_2_17:78606-79334	CHQ_2_01801
prokka_CHQ_2/CHQ_2:Gene	cbpA	CHQ_2_17:c79972-79400	CHQ_2_01802
prokka_CHQ_2/CHQ_2:Gene	CHQ_2_01803	CHQ_2_17:c80226-80059	CHQ_2_01803
prokka_CHQ_2/CHQ_2:Gene	CHQ_2_01804	CHQ_2_17:c81364-80270	CHQ_2_01804
prokka_CHQ_2/CHQ_2:Gene	btuD_5	CHQ_2_17:c81967-81368	CHQ_2_01805
prokka_CHQ_2/CHQ_2:Gene	CHQ_2_01806	CHQ_2_17:c82296-82036	CHQ_2_01806
prokka_CHQ_2/CHQ_2:Gene	CHQ_2_01807	CHQ_2_17:83904-84257	CHQ_2_01807
prokka_CHQ_2/CHQ_2:Gene	CHQ_2_01808	CHQ_2_17:84385-86463	CHQ_2_01808
prokka_CHQ_2/CHQ_2:Gene	CHQ_2_01809	CHQ_2_17:86504-87064	CHQ_2_01809
prokka_CHQ_2/CHQ_2:Gene	CHQ_2_01810	CHQ_2_17:87158-87766	CHQ_2_01810
prokka_CHQ_2/CHQ_2:Gene	CHQ_2_01811	CHQ_2_17:88107-88400	CHQ_2_01811
prokka_CHQ_2/CHQ_2:Gene	ywnA	CHQ_2_17:89215-89649	CHQ_2_01812
prokka_CHQ_2/CHQ_2:Gene	CHQ_2_01813	CHQ_2_17:89823-90257	CHQ_2_01813
prokka_CHQ_2/CHQ_2:Gene	CHQ_2_01814	CHQ_2_17:90703-91143	CHQ_2_01814
prokka_CHQ_2/CHQ_2:Gene	rpiA	CHQ_2_17:c91846-91172	CHQ_2_01815
prokka_CHQ_2/CHQ_2:Gene	larR	CHQ_2_17:c92601-91930	CHQ_2_01816
prokka_CHQ_2/CHQ_2:Gene	CHQ_2_01817	CHQ_2_17:c93919-92699	CHQ_2_01817
prokka_CHQ_2/CHQ_2:Gene	CHQ_2_01818	CHQ_2_17:c94419-93982	CHQ_2_01818
prokka_CHQ_2/CHQ_2:Gene	CHQ_2_01819	CHQ_2_17:c94642-94439	CHQ_2_01819
prokka_CHQ_2/CHQ_2:Gene	CHQ_2_01820	CHQ_2_17:c99199-94889	CHQ_2_01820
prokka_CHQ_2/CHQ_2:Gene	slmA_1	CHQ_2_17:99608-100222	CHQ_2_01821
prokka_CHQ_2/CHQ_2:Gene	rsuA	CHQ_2_17:c101122-100301	CHQ_2_01822
prokka_CHQ_2/CHQ_2:Gene	CHQ_2_01823	CHQ_2_17:c101760-101125	CHQ_2_01823
prokka_CHQ_2/CHQ_2:Gene	mnmE	CHQ_2_17:101971-103338	CHQ_2_01824
prokka_CHQ_2/CHQ_2:Gene	CHQ_2_01825	CHQ_2_17:c104136-103390	CHQ_2_01825
prokka_CHQ_2/CHQ_2:Gene	recG	CHQ_2_17:c106136-104136	CHQ_2_01826
prokka_CHQ_2/CHQ_2:Gene	CHQ_2_01827	CHQ_2_17:c106618-106274	CHQ_2_01827
prokka_CHQ_2/CHQ_2:Gene	gap_2	CHQ_2_17:c107698-106688	CHQ_2_01828
prokka_CHQ_2/CHQ_2:Gene	CHQ_2_01829	CHQ_2_17:c108499-107978	CHQ_2_01829
prokka_CHQ_2/CHQ_2:Gene	CHQ_2_01830	CHQ_2_17:108628-111321	CHQ_2_01830
prokka_CHQ_2/CHQ_2:Gene	CHQ_2_01831	CHQ_2_17:c111890-111363	CHQ_2_01831
prokka_CHQ_2/CHQ_2:Gene	CHQ_2_01832	CHQ_2_17:112015-113034	CHQ_2_01832
prokka_CHQ_2/CHQ_2:Gene	CHQ_2_01833	CHQ_2_17:113336-114040	CHQ_2_01833
prokka_CHQ_2/CHQ_2:Gene	CHQ_2_01834	CHQ_2_17:114064-114519	CHQ_2_01834
prokka_CHQ_2/CHQ_2:Gene	CHQ_2_01835	CHQ_2_17:c116473-115118	CHQ_2_01835
prokka_CHQ_2/CHQ_2:Gene	CHQ_2_01836	CHQ_2_17:c116788-116522	CHQ_2_01836
prokka_CHQ_2/CHQ_2:Gene	CHQ_2_01837	CHQ_2_17:c116984-116826	CHQ_2_01837
prokka_CHQ_2/CHQ_2:Gene	CHQ_2_01838	CHQ_2_17:c118343-117687	CHQ_2_01838
prokka_CHQ_2/CHQ_2:Gene	CHQ_2_01839	CHQ_2_17:c118834-118382	CHQ_2_01839
prokka_CHQ_2/CHQ_2:Gene	CHQ_2_01840	CHQ_2_17:c119202-119044	CHQ_2_01840
prokka_CHQ_2/CHQ_2:Gene	lcnD	CHQ_2_17:c120754-119333	CHQ_2_01841
prokka_CHQ_2/CHQ_2:Gene	lagD	CHQ_2_17:c122916-120769	CHQ_2_01842
prokka_CHQ_2/CHQ_2:Gene	CHQ_2_01843	CHQ_2_17:c123746-123081	CHQ_2_01843
prokka_CHQ_2/CHQ_2:Gene	CHQ_2_01844	CHQ_2_17:123979-124422	CHQ_2_01844
prokka_CHQ_2/CHQ_2:Gene	CHQ_2_01845	CHQ_2_17:124419-124811	CHQ_2_01845
prokka_CHQ_2/CHQ_2:Gene	CHQ_2_01846	CHQ_2_17:125171-126091	CHQ_2_01846
prokka_CHQ_2/CHQ_2:Gene	CHQ_2_01847	CHQ_2_17:126088-126531	CHQ_2_01847
prokka_CHQ_2/CHQ_2:Gene	CHQ_2_01848	CHQ_2_17:126596-126781	CHQ_2_01848
prokka_CHQ_2/CHQ_2:Gene	xerC_9	CHQ_2_17:126781-127908	CHQ_2_01849
prokka_CHQ_2/CHQ_2:Gene	CHQ_2_01850	CHQ_2_17:c128072-127989	CHQ_2_01850
prokka_CHQ_2/CHQ_2:Gene	CHQ_2_01851	CHQ_2_17:c128156-128085	CHQ_2_01851
prokka_CHQ_2/CHQ_2:Gene	CHQ_2_01852	CHQ_2_17:c128236-128162	CHQ_2_01852
prokka_CHQ_2/CHQ_2:Gene	CHQ_2_01853	CHQ_2_17:c128316-128246	CHQ_2_01853
prokka_CHQ_2/CHQ_2:Gene	CHQ_2_01854	CHQ_2_17:c128404-128322	CHQ_2_01854
prokka_CHQ_2/CHQ_2:Gene	CHQ_2_01855	CHQ_2_17:c128512-128438	CHQ_2_01855
prokka_CHQ_2/CHQ_2:Gene	CHQ_2_01856	CHQ_2_17:c128623-128526	CHQ_2_01856
prokka_CHQ_2/CHQ_2:Gene	CHQ_2_01857	CHQ_2_19:c1373-1134	CHQ_2_01857
prokka_CHQ_2/CHQ_2:Gene	CHQ_2_01858	CHQ_2_19:c1630-1448	CHQ_2_01858
prokka_CHQ_2/CHQ_2:Gene	CHQ_2_01859	CHQ_2_19:2274-2597	CHQ_2_01859
prokka_CHQ_2/CHQ_2:Gene	gtfA_4	CHQ_2_19:2630-4099	CHQ_2_01860
prokka_CHQ_2/CHQ_2:Gene	gtfB_2	CHQ_2_19:4099-5430	CHQ_2_01861
prokka_CHQ_2/CHQ_2:Gene	CHQ_2_01862	CHQ_2_19:5464-5670	CHQ_2_01862
prokka_CHQ_2/CHQ_2:Gene	secA_2	CHQ_2_19:5692-8061	CHQ_2_01863
prokka_CHQ_2/CHQ_2:Gene	secY_3	CHQ_2_19:8085-9311	CHQ_2_01864
prokka_CHQ_2/CHQ_2:Gene	asp1_2	CHQ_2_19:9311-10894	CHQ_2_01865
prokka_CHQ_2/CHQ_2:Gene	asp2_2	CHQ_2_19:10873-12489	CHQ_2_01866
prokka_CHQ_2/CHQ_2:Gene	CHQ_2_01867	CHQ_2_19:12482-13279	CHQ_2_01867
prokka_CHQ_2/CHQ_2:Gene	gtf3_2	CHQ_2_19:13260-14339	CHQ_2_01868
prokka_CHQ_2/CHQ_2:Gene	gtf3_3	CHQ_2_19:14332-15402	CHQ_2_01869
prokka_CHQ_2/CHQ_2:Gene	maa_2	CHQ_2_19:15428-15937	CHQ_2_01870
prokka_CHQ_2/CHQ_2:Gene	CHQ_2_01871	CHQ_2_19:c18158-17142	CHQ_2_01871
prokka_CHQ_2/CHQ_2:Gene	bin3_1	CHQ_2_20:159-755	CHQ_2_01872
prokka_CHQ_2/CHQ_2:Gene	psaA	CHQ_2_20:1226-2158	CHQ_2_01873
prokka_CHQ_2/CHQ_2:Gene	mntB_2	CHQ_2_20:2158-2970	CHQ_2_01874
prokka_CHQ_2/CHQ_2:Gene	CHQ_2_01875	CHQ_2_20:3005-3892	CHQ_2_01875
prokka_CHQ_2/CHQ_2:Gene	znuB_2	CHQ_2_20:3893-4687	CHQ_2_01876
prokka_CHQ_2/CHQ_2:Gene	CHQ_2_01877	CHQ_2_20:5023-5313	CHQ_2_01877
prokka_CHQ_2/CHQ_2:Gene	CHQ_2_01878	CHQ_2_20:5435-5839	CHQ_2_01878
prokka_CHQ_2/CHQ_2:Gene	citG	CHQ_2_20:c7542-6208	CHQ_2_01879
prokka_CHQ_2/CHQ_2:Gene	citF	CHQ_2_20:c9081-7543	CHQ_2_01880
prokka_CHQ_2/CHQ_2:Gene	citE	CHQ_2_20:c9985-9071	CHQ_2_01881
prokka_CHQ_2/CHQ_2:Gene	citD	CHQ_2_20:c10279-9986	CHQ_2_01882
prokka_CHQ_2/CHQ_2:Gene	citC	CHQ_2_20:c11300-10269	CHQ_2_01883
prokka_CHQ_2/CHQ_2:Gene	sorC_2	CHQ_2_20:11367-12302	CHQ_2_01884
prokka_CHQ_2/CHQ_2:Gene	CHQ_2_01885	CHQ_2_20:c13357-12353	CHQ_2_01885
prokka_CHQ_2/CHQ_2:Gene	CHQ_2_01886	CHQ_2_20:c14572-13433	CHQ_2_01886
prokka_CHQ_2/CHQ_2:Gene	CHQ_2_01887	CHQ_2_20:c15591-15232	CHQ_2_01887
prokka_CHQ_2/CHQ_2:Gene	ltaS1_2	CHQ_2_20:c17793-15646	CHQ_2_01888
prokka_CHQ_2/CHQ_2:Gene	CHQ_2_01889	CHQ_2_20:c19535-18855	CHQ_2_01889
prokka_CHQ_2/CHQ_2:Gene	CHQ_2_01890	CHQ_2_20:19744-20754	CHQ_2_01890
prokka_CHQ_2/CHQ_2:Gene	CHQ_2_01891	CHQ_2_20:20747-21079	CHQ_2_01891
prokka_CHQ_2/CHQ_2:Gene	hin	CHQ_2_20:c21983-21429	CHQ_2_01892
prokka_CHQ_2/CHQ_2:Gene	CHQ_2_01893	CHQ_2_20:c22534-22253	CHQ_2_01893
prokka_CHQ_2/CHQ_2:Gene	CHQ_2_01894	CHQ_2_20:c25079-22899	CHQ_2_01894
prokka_CHQ_2/CHQ_2:Gene	CHQ_2_01895	CHQ_2_20:c26477-25182	CHQ_2_01895
prokka_CHQ_2/CHQ_2:Gene	CHQ_2_01896	CHQ_2_20:26643-27776	CHQ_2_01896
prokka_CHQ_2/CHQ_2:Gene	CHQ_2_01897	CHQ_2_20:c28834-28220	CHQ_2_01897
prokka_CHQ_2/CHQ_2:Gene	CHQ_2_01898	CHQ_2_20:c29837-29220	CHQ_2_01898
prokka_CHQ_2/CHQ_2:Gene	CHQ_2_01899	CHQ_2_20:c31373-29856	CHQ_2_01899
prokka_CHQ_2/CHQ_2:Gene	CHQ_2_01900	CHQ_2_20:c31762-31376	CHQ_2_01900
prokka_CHQ_2/CHQ_2:Gene	CHQ_2_01901	CHQ_2_20:c32291-32028	CHQ_2_01901
prokka_CHQ_2/CHQ_2:Gene	CHQ_2_01902	CHQ_2_20:c33916-32288	CHQ_2_01902
prokka_CHQ_2/CHQ_2:Gene	CHQ_2_01903	CHQ_2_20:c35021-33951	CHQ_2_01903
prokka_CHQ_2/CHQ_2:Gene	CHQ_2_01904	CHQ_2_20:c36301-35153	CHQ_2_01904
prokka_CHQ_2/CHQ_2:Gene	CHQ_2_01905	CHQ_2_20:c37457-36243	CHQ_2_01905
prokka_CHQ_2/CHQ_2:Gene	CHQ_2_01906	CHQ_2_20:c37714-37457	CHQ_2_01906
prokka_CHQ_2/CHQ_2:Gene	CHQ_2_01907	CHQ_2_20:c38369-37707	CHQ_2_01907
prokka_CHQ_2/CHQ_2:Gene	CHQ_2_01908	CHQ_2_20:c40202-38385	CHQ_2_01908
prokka_CHQ_2/CHQ_2:Gene	CHQ_2_01909	CHQ_2_20:c42560-40206	CHQ_2_01909
prokka_CHQ_2/CHQ_2:Gene	CHQ_2_01910	CHQ_2_20:c42873-42514	CHQ_2_01910
prokka_CHQ_2/CHQ_2:Gene	CHQ_2_01911	CHQ_2_20:c43694-42876	CHQ_2_01911
prokka_CHQ_2/CHQ_2:Gene	CHQ_2_01912	CHQ_2_20:c43985-43719	CHQ_2_01912
prokka_CHQ_2/CHQ_2:Gene	CHQ_2_01913	CHQ_2_20:c45768-44014	CHQ_2_01913
prokka_CHQ_2/CHQ_2:Gene	CHQ_2_01914	CHQ_2_20:c46489-45758	CHQ_2_01914
prokka_CHQ_2/CHQ_2:Gene	CHQ_2_01915	CHQ_2_20:c46794-46501	CHQ_2_01915
prokka_CHQ_2/CHQ_2:Gene	CHQ_2_01916	CHQ_2_20:c49698-46849	CHQ_2_01916
prokka_CHQ_2/CHQ_2:Gene	CHQ_2_01917	CHQ_2_20:c50952-49951	CHQ_2_01917
prokka_CHQ_2/CHQ_2:Gene	CHQ_2_01918	CHQ_2_20:c51140-50964	CHQ_2_01918
prokka_CHQ_2/CHQ_2:Gene	CHQ_2_01919	CHQ_2_20:c52251-51973	CHQ_2_01919
prokka_CHQ_2/CHQ_2:Gene	CHQ_2_01920	CHQ_2_20:c52538-52311	CHQ_2_01920
prokka_CHQ_2/CHQ_2:Gene	CHQ_2_01921	CHQ_2_20:53427-54161	CHQ_2_01921
prokka_CHQ_2/CHQ_2:Gene	CHQ_2_01922	CHQ_2_20:54435-55595	CHQ_2_01922
prokka_CHQ_2/CHQ_2:Gene	CHQ_2_01923	CHQ_2_20:55829-56125	CHQ_2_01923
prokka_CHQ_2/CHQ_2:Gene	CHQ_2_01924	CHQ_2_20:56385-56651	CHQ_2_01924
prokka_CHQ_2/CHQ_2:Gene	CHQ_2_01925	CHQ_2_20:56904-57137	CHQ_2_01925
prokka_CHQ_2/CHQ_2:Gene	soj	CHQ_2_20:57147-57905	CHQ_2_01926
prokka_CHQ_2/CHQ_2:Gene	noc	CHQ_2_20:57909-58637	CHQ_2_01927
prokka_CHQ_2/CHQ_2:Gene	pknD	CHQ_2_20:58737-59897	CHQ_2_01928
prokka_CHQ_2/CHQ_2:Gene	CHQ_2_01929	CHQ_2_20:c60337-59987	CHQ_2_01929
prokka_CHQ_2/CHQ_2:Gene	dinB_4	CHQ_2_20:c61793-60327	CHQ_2_01930
prokka_CHQ_2/CHQ_2:Gene	CHQ_2_01931	CHQ_2_20:62022-62345	CHQ_2_01931
prokka_CHQ_2/CHQ_2:Gene	CHQ_2_01932	CHQ_2_20:62532-62864	CHQ_2_01932
prokka_CHQ_2/CHQ_2:Gene	CHQ_2_01933	CHQ_2_20:63555-63797	CHQ_2_01933
prokka_CHQ_2/CHQ_2:Gene	CHQ_2_01934	CHQ_2_20:64213-66357	CHQ_2_01934
prokka_CHQ_2/CHQ_2:Gene	CHQ_2_01935	CHQ_2_20:c66975-66385	CHQ_2_01935
prokka_CHQ_2/CHQ_2:Gene	CHQ_2_01936	CHQ_2_20:67057-67221	CHQ_2_01936
prokka_CHQ_2/CHQ_2:Gene	CHQ_2_01937	CHQ_2_20:67333-67635	CHQ_2_01937
prokka_CHQ_2/CHQ_2:Gene	CHQ_2_01938	CHQ_2_20:67625-67879	CHQ_2_01938
prokka_CHQ_2/CHQ_2:Gene	CHQ_2_01939	CHQ_2_20:c69111-68098	CHQ_2_01939
prokka_CHQ_2/CHQ_2:Gene	CHQ_2_01940	CHQ_2_20:69604-70509	CHQ_2_01940
prokka_CHQ_2/CHQ_2:Gene	CHQ_2_01941	CHQ_2_20:70582-70911	CHQ_2_01941
prokka_CHQ_2/CHQ_2:Gene	CHQ_2_01942	CHQ_2_20:c72758-72081	CHQ_2_01942
prokka_CHQ_2/CHQ_2:Gene	CHQ_2_01943	CHQ_2_20:73109-73969	CHQ_2_01943
prokka_CHQ_2/CHQ_2:Gene	CHQ_2_01944	CHQ_2_20:c75259-74240	CHQ_2_01944
prokka_CHQ_2/CHQ_2:Gene	bin3_2	CHQ_2_21:160-777	CHQ_2_01945
prokka_CHQ_2/CHQ_2:Gene	CHQ_2_01946	CHQ_2_21:973-3033	CHQ_2_01946
prokka_CHQ_2/CHQ_2:Gene	CHQ_2_01947	CHQ_2_21:3048-3323	CHQ_2_01947
prokka_CHQ_2/CHQ_2:Gene	fabG_3	CHQ_2_21:3455-4174	CHQ_2_01948
prokka_CHQ_2/CHQ_2:Gene	CHQ_2_01949	CHQ_2_21:4171-4728	CHQ_2_01949
prokka_CHQ_2/CHQ_2:Gene	CHQ_2_01950	CHQ_2_21:4814-5239	CHQ_2_01950
prokka_CHQ_2/CHQ_2:Gene	CHQ_2_01951	CHQ_2_21:5248-6153	CHQ_2_01951
prokka_CHQ_2/CHQ_2:Gene	CHQ_2_01952	CHQ_2_21:6146-6697	CHQ_2_01952
prokka_CHQ_2/CHQ_2:Gene	CHQ_2_01953	CHQ_2_21:6756-7268	CHQ_2_01953
prokka_CHQ_2/CHQ_2:Gene	mdtD_2	CHQ_2_21:7375-9099	CHQ_2_01954
prokka_CHQ_2/CHQ_2:Gene	CHQ_2_01955	CHQ_2_21:9295-11151	CHQ_2_01955
prokka_CHQ_2/CHQ_2:Gene	CHQ_2_01956	CHQ_2_21:11585-11791	CHQ_2_01956
prokka_CHQ_2/CHQ_2:Gene	CHQ_2_01957	CHQ_2_21:11813-12004	CHQ_2_01957
prokka_CHQ_2/CHQ_2:Gene	CHQ_2_01958	CHQ_2_22:56-670	CHQ_2_01958
prokka_CHQ_2/CHQ_2:Gene	CHQ_2_01959	CHQ_2_22:879-4697	CHQ_2_01959
prokka_CHQ_2/CHQ_2:Gene	strA_2	CHQ_2_22:4782-5549	CHQ_2_01960
prokka_CHQ_2/CHQ_2:Gene	CHQ_2_01961	CHQ_2_22:5558-6088	CHQ_2_01961
prokka_CHQ_2/CHQ_2:Gene	CHQ_2_01962	CHQ_2_22:6108-6323	CHQ_2_01962
prokka_CHQ_2/CHQ_2:Gene	CHQ_2_01963	CHQ_2_22:6898-7203	CHQ_2_01963
prokka_CHQ_2/CHQ_2:Gene	CHQ_2_01964	CHQ_2_22:8061-9590	CHQ_2_01964
prokka_CHQ_2/CHQ_2:Gene	CHQ_2_01965	CHQ_2_22:9807-10226	CHQ_2_01965
prokka_CHQ_2/CHQ_2:Gene	CHQ_2_01966	CHQ_2_22:10428-11522	CHQ_2_01966
prokka_CHQ_2/CHQ_2:Gene	CHQ_2_01967	CHQ_2_22:11616-12056	CHQ_2_01967
prokka_CHQ_2/CHQ_2:Gene	CHQ_2_01968	CHQ_2_22:12218-12499	CHQ_2_01968
prokka_CHQ_2/CHQ_2:Gene	CHQ_2_01969	CHQ_2_22:12645-13139	CHQ_2_01969
prokka_CHQ_2/CHQ_2:Gene	CHQ_2_01970	CHQ_2_22:13347-13799	CHQ_2_01970
prokka_CHQ_2/CHQ_2:Gene	CHQ_2_01971	CHQ_2_22:15309-17675	CHQ_2_01971
prokka_CHQ_2/CHQ_2:Gene	CHQ_2_01972	CHQ_2_22:17694-19160	CHQ_2_01972
prokka_CHQ_2/CHQ_2:Gene	CHQ_2_01973	CHQ_2_23:c418-146	CHQ_2_01973
prokka_CHQ_2/CHQ_2:Gene	CHQ_2_01974	CHQ_2_23:683-1336	CHQ_2_01974
prokka_CHQ_2/CHQ_2:Gene	CHQ_2_01975	CHQ_2_23:1348-1632	CHQ_2_01975
prokka_CHQ_2/CHQ_2:Gene	CHQ_2_01976	CHQ_2_23:1652-2710	CHQ_2_01976
prokka_CHQ_2/CHQ_2:Gene	CHQ_2_01977	CHQ_2_23:2722-2982	CHQ_2_01977
prokka_CHQ_2/CHQ_2:Gene	CHQ_2_01978	CHQ_2_23:2998-3333	CHQ_2_01978
prokka_CHQ_2/CHQ_2:Gene	CHQ_2_01979	CHQ_2_23:3330-3677	CHQ_2_01979
prokka_CHQ_2/CHQ_2:Gene	CHQ_2_01980	CHQ_2_23:3667-4209	CHQ_2_01980
prokka_CHQ_2/CHQ_2:Gene	CHQ_2_01981	CHQ_2_23:4209-4571	CHQ_2_01981
prokka_CHQ_2/CHQ_2:Gene	CHQ_2_01982	CHQ_2_24:51-323	CHQ_2_01982
prokka_CHQ_2/CHQ_2:Gene	CHQ_2_01983	CHQ_2_24:333-608	CHQ_2_01983
prokka_CHQ_2/CHQ_2:Gene	CHQ_2_01984	CHQ_2_24:619-1023	CHQ_2_01984
prokka_CHQ_2/CHQ_2:Gene	CHQ_2_01985	CHQ_2_24:1020-1358	CHQ_2_01985
prokka_CHQ_2/CHQ_2:Gene	CHQ_2_01986	CHQ_2_24:1351-1512	CHQ_2_01986
prokka_CHQ_2/CHQ_2:Gene	CHQ_2_01987	CHQ_2_24:1505-2104	CHQ_2_01987
prokka_CHQ_2/CHQ_2:Gene	CHQ_2_01988	CHQ_2_24:2101-2532	CHQ_2_01988
prokka_CHQ_2/CHQ_2:Gene	CHQ_2_01989	CHQ_2_24:2529-3020	CHQ_2_01989
prokka_CHQ_2/CHQ_2:Gene	CHQ_2_01990	CHQ_2_24:3013-3195	CHQ_2_01990
prokka_CHQ_2/CHQ_2:Gene	CHQ_2_01991	CHQ_2_24:3188-3493	CHQ_2_01991
prokka_CHQ_2/CHQ_2:Gene	CHQ_2_01992	CHQ_2_24:3555-3728	CHQ_2_01992
prokka_CHQ_2/CHQ_2:Gene	CHQ_2_01993	CHQ_2_24:3793-4056	CHQ_2_01993
prokka_CHQ_2/CHQ_2:Gene	CHQ_2_01994	CHQ_2_24:4097-4330	CHQ_2_01994
prokka_CHQ_2/CHQ_2:Gene	CHQ_2_01995	CHQ_2_24:4523-4738	CHQ_2_01995
prokka_CHQ_2/CHQ_2:Gene	CHQ_2_01996	CHQ_2_24:4819-5241	CHQ_2_01996
prokka_CHQ_2/CHQ_2:Gene	CHQ_2_01997	CHQ_2_24:5384-5458	CHQ_2_01997
prokka_CHQ_2/CHQ_2:Gene	CHQ_2_01998	CHQ_2_24:5747-6199	CHQ_2_01998
prokka_CHQ_2/CHQ_2:Gene	CHQ_2_01999	CHQ_2_25:c1176-625	CHQ_2_01999
prokka_CHQ_2/CHQ_2:Gene	CHQ_2_02000	CHQ_2_25:c2249-1173	CHQ_2_02000
prokka_CHQ_2/CHQ_2:Gene	CHQ_2_02001	CHQ_2_25:c2568-2353	CHQ_2_02001
prokka_CHQ_2/CHQ_2:Gene	CHQ_2_02002	CHQ_2_25:c4048-2819	CHQ_2_02002
prokka_CHQ_2/CHQ_2:Gene	dnaA	CHQ_2_26:855-2222	CHQ_2_02003
prokka_CHQ_2/CHQ_2:Gene	dnaN	CHQ_2_26:2379-3521	CHQ_2_02004
prokka_CHQ_2/CHQ_2:Gene	rexB	CHQ_2_26:3627-6926	CHQ_2_02005
prokka_CHQ_2/CHQ_2:Gene	addA	CHQ_2_26:6919-10530	CHQ_2_02006
prokka_CHQ_2/CHQ_2:Gene	CHQ_2_02007	CHQ_2_26:10567-10767	CHQ_2_02007
prokka_CHQ_2/CHQ_2:Gene	CHQ_2_02008	CHQ_2_26:c11334-10777	CHQ_2_02008
prokka_CHQ_2/CHQ_2:Gene	ychF	CHQ_2_26:11616-12731	CHQ_2_02009
prokka_CHQ_2/CHQ_2:Gene	CHQ_2_02010	CHQ_2_26:12843-13214	CHQ_2_02010
prokka_CHQ_2/CHQ_2:Gene	CHQ_2_02011	CHQ_2_26:13431-13775	CHQ_2_02011
prokka_CHQ_2/CHQ_2:Gene	CHQ_2_02012	CHQ_2_26:13788-14315	CHQ_2_02012
prokka_CHQ_2/CHQ_2:Gene	CHQ_2_02013	CHQ_2_26:14491-15780	CHQ_2_02013
prokka_CHQ_2/CHQ_2:Gene	macB_2	CHQ_2_26:15782-16417	CHQ_2_02014
prokka_CHQ_2/CHQ_2:Gene	CHQ_2_02015	CHQ_2_26:16618-17088	CHQ_2_02015
prokka_CHQ_2/CHQ_2:Gene	pth	CHQ_2_26:17106-17672	CHQ_2_02016
prokka_CHQ_2/CHQ_2:Gene	mfd	CHQ_2_26:17673-21158	CHQ_2_02017
prokka_CHQ_2/CHQ_2:Gene	CHQ_2_02018	CHQ_2_26:21318-21788	CHQ_2_02018
prokka_CHQ_2/CHQ_2:Gene	CHQ_2_02019	CHQ_2_26:21910-22179	CHQ_2_02019
prokka_CHQ_2/CHQ_2:Gene	CHQ_2_02020	CHQ_2_26:22208-22582	CHQ_2_02020
prokka_CHQ_2/CHQ_2:Gene	CHQ_2_02021	CHQ_2_26:22582-22905	CHQ_2_02021
prokka_CHQ_2/CHQ_2:Gene	CHQ_2_02022	CHQ_2_26:23043-24392	CHQ_2_02022
prokka_CHQ_2/CHQ_2:Gene	tilS	CHQ_2_26:24389-25660	CHQ_2_02023
prokka_CHQ_2/CHQ_2:Gene	hpt_2	CHQ_2_26:25641-26192	CHQ_2_02024
prokka_CHQ_2/CHQ_2:Gene	ftsH	CHQ_2_26:26398-28485	CHQ_2_02025
prokka_CHQ_2/CHQ_2:Gene	CHQ_2_02026	CHQ_2_26:28706-28779	CHQ_2_02026
prokka_CHQ_2/CHQ_2:Gene	CHQ_2_02027	CHQ_2_26:28784-28873	CHQ_2_02027
prokka_CHQ_2/CHQ_2:Gene	CHQ_2_02028	CHQ_2_26:28883-28958	CHQ_2_02028
prokka_CHQ_2/CHQ_2:Gene	CHQ_2_02029	CHQ_2_26:28961-29035	CHQ_2_02029
prokka_CHQ_2/CHQ_2:Gene	CHQ_2_02030	CHQ_2_26:29045-29117	CHQ_2_02030
prokka_CHQ_2/CHQ_2:Gene	CHQ_2_02031	CHQ_2_26:29130-29205	CHQ_2_02031
prokka_CHQ_2/CHQ_2:Gene	CHQ_2_02032	CHQ_2_26:29216-29318	CHQ_2_02032
prokka_CHQ_2/CHQ_2:Gene	CHQ_2_02033	CHQ_2_26:29328-29403	CHQ_2_02033
prokka_CHQ_2/CHQ_2:Gene	mtlA	CHQ_2_26:29552-31375	CHQ_2_02034
prokka_CHQ_2/CHQ_2:Gene	mtlR_2	CHQ_2_26:31435-33372	CHQ_2_02035
prokka_CHQ_2/CHQ_2:Gene	mtlF	CHQ_2_26:33421-33852	CHQ_2_02036
prokka_CHQ_2/CHQ_2:Gene	mtlD	CHQ_2_26:33990-35147	CHQ_2_02037
prokka_CHQ_2/CHQ_2:Gene	yafP	CHQ_2_26:35764-36213	CHQ_2_02038
prokka_CHQ_2/CHQ_2:Gene	CHQ_2_02039	CHQ_2_26:36290-36532	CHQ_2_02039
prokka_CHQ_2/CHQ_2:Gene	dauA	CHQ_2_26:c38235-36613	CHQ_2_02040
prokka_CHQ_2/CHQ_2:Gene	CHQ_2_02041	CHQ_2_26:38445-38966	CHQ_2_02041
prokka_CHQ_2/CHQ_2:Gene	CHQ_2_02042	CHQ_2_26:39073-39147	CHQ_2_02042
prokka_CHQ_2/CHQ_2:Gene	dapX	CHQ_2_26:39297-40472	CHQ_2_02043
prokka_CHQ_2/CHQ_2:Gene	recO	CHQ_2_26:40571-41326	CHQ_2_02044
prokka_CHQ_2/CHQ_2:Gene	CHQ_2_02045	CHQ_2_26:41440-42252	CHQ_2_02045
prokka_CHQ_2/CHQ_2:Gene	moaA_2	CHQ_2_26:42552-43814	CHQ_2_02046
prokka_CHQ_2/CHQ_2:Gene	CHQ_2_02047	CHQ_2_26:43820-45055	CHQ_2_02047
prokka_CHQ_2/CHQ_2:Gene	pdhD	CHQ_2_26:c46504-45086	CHQ_2_02048
prokka_CHQ_2/CHQ_2:Gene	CHQ_2_02049	CHQ_2_26:c48296-46698	CHQ_2_02049
prokka_CHQ_2/CHQ_2:Gene	pdhB	CHQ_2_26:c49269-48289	CHQ_2_02050
prokka_CHQ_2/CHQ_2:Gene	pdhA	CHQ_2_26:c50396-49272	CHQ_2_02051
prokka_CHQ_2/CHQ_2:Gene	lplJ	CHQ_2_26:c51486-50485	CHQ_2_02052
prokka_CHQ_2/CHQ_2:Gene	glpQ	CHQ_2_26:c52530-51685	CHQ_2_02053
prokka_CHQ_2/CHQ_2:Gene	yedJ	CHQ_2_26:c53261-52611	CHQ_2_02054
prokka_CHQ_2/CHQ_2:Gene	trpS2	CHQ_2_26:c54403-53378	CHQ_2_02055
prokka_CHQ_2/CHQ_2:Gene	osmC	CHQ_2_26:54905-55342	CHQ_2_02056
prokka_CHQ_2/CHQ_2:Gene	potE_2	CHQ_2_26:55503-56816	CHQ_2_02057
prokka_CHQ_2/CHQ_2:Gene	CHQ_2_02058	CHQ_2_26:56876-57226	CHQ_2_02058
prokka_CHQ_2/CHQ_2:Gene	plsX	CHQ_2_26:c58280-57285	CHQ_2_02059
prokka_CHQ_2/CHQ_2:Gene	ybiV	CHQ_2_26:c59195-58383	CHQ_2_02060
prokka_CHQ_2/CHQ_2:Gene	ybiT_1	CHQ_2_26:c60958-59321	CHQ_2_02061
prokka_CHQ_2/CHQ_2:Gene	CHQ_2_02062	CHQ_2_26:c63366-62086	CHQ_2_02062
prokka_CHQ_2/CHQ_2:Gene	CHQ_2_02063	CHQ_2_26:c64425-63592	CHQ_2_02063
prokka_CHQ_2/CHQ_2:Gene	CHQ_2_02064	CHQ_2_26:64826-65293	CHQ_2_02064
prokka_CHQ_2/CHQ_2:Gene	CHQ_2_02065	CHQ_2_26:65421-65618	CHQ_2_02065
prokka_CHQ_2/CHQ_2:Gene	mhqD	CHQ_2_26:65649-66269	CHQ_2_02066
prokka_CHQ_2/CHQ_2:Gene	mhqA	CHQ_2_26:66320-67489	CHQ_2_02067
prokka_CHQ_2/CHQ_2:Gene	CHQ_2_02068	CHQ_2_26:67500-68090	CHQ_2_02068
prokka_CHQ_2/CHQ_2:Gene	CHQ_2_02069	CHQ_2_26:c68428-68126	CHQ_2_02069
prokka_CHQ_2/CHQ_2:Gene	CHQ_2_02070	CHQ_2_26:c68597-68430	CHQ_2_02070
prokka_CHQ_2/CHQ_2:Gene	rpmGA_2	CHQ_2_26:c69313-69164	CHQ_2_02071
prokka_CHQ_2/CHQ_2:Gene	rpmF	CHQ_2_26:c69516-69343	CHQ_2_02072
prokka_CHQ_2/CHQ_2:Gene	zosA	CHQ_2_26:69880-71661	CHQ_2_02073
prokka_CHQ_2/CHQ_2:Gene	spo0J	CHQ_2_26:c72496-71711	CHQ_2_02074
prokka_CHQ_2/CHQ_2:Gene	CHQ_2_02075	CHQ_2_26:c73810-72551	CHQ_2_02075
prokka_CHQ_2/CHQ_2:Gene	CHQ_2_02076	CHQ_2_26:c74342-73854	CHQ_2_02076
prokka_CHQ_2/CHQ_2:Gene	CHQ_2_02077	CHQ_2_26:74495-74962	CHQ_2_02077
prokka_CHQ_2/CHQ_2:Gene	ybiT_2	CHQ_2_26:74992-76545	CHQ_2_02078
prokka_CHQ_2/CHQ_2:Gene	CHQ_2_02079	CHQ_2_26:76676-76927	CHQ_2_02079
prokka_CHQ_2/CHQ_2:Gene	CHQ_2_02080	CHQ_2_26:76998-77486	CHQ_2_02080
prokka_CHQ_2/CHQ_2:Gene	prmA	CHQ_2_26:77504-78457	CHQ_2_02081
prokka_CHQ_2/CHQ_2:Gene	rsmE	CHQ_2_26:78557-79309	CHQ_2_02082
prokka_CHQ_2/CHQ_2:Gene	CHQ_2_02083	CHQ_2_26:79338-80294	CHQ_2_02083
prokka_CHQ_2/CHQ_2:Gene	relA	CHQ_2_26:80495-82717	CHQ_2_02084
prokka_CHQ_2/CHQ_2:Gene	csbB_1	CHQ_2_26:c83668-82733	CHQ_2_02085
prokka_CHQ_2/CHQ_2:Gene	dtd	CHQ_2_26:83859-84314	CHQ_2_02086
prokka_CHQ_2/CHQ_2:Gene	CHQ_2_02087	CHQ_2_26:84307-85302	CHQ_2_02087
prokka_CHQ_2/CHQ_2:Gene	CHQ_2_02088	CHQ_2_26:85305-85928	CHQ_2_02088
prokka_CHQ_2/CHQ_2:Gene	yhdG	CHQ_2_26:86068-87477	CHQ_2_02089
prokka_CHQ_2/CHQ_2:Gene	plsC	CHQ_2_26:87626-88267	CHQ_2_02090
prokka_CHQ_2/CHQ_2:Gene	CHQ_2_02091	CHQ_2_26:c88797-88306	CHQ_2_02091
prokka_CHQ_2/CHQ_2:Gene	azoR2	CHQ_2_26:c89476-88832	CHQ_2_02092
prokka_CHQ_2/CHQ_2:Gene	secA_3	CHQ_2_26:89650-92247	CHQ_2_02093
prokka_CHQ_2/CHQ_2:Gene	aroF_1	CHQ_2_26:92376-93413	CHQ_2_02094
prokka_CHQ_2/CHQ_2:Gene	ptsH	CHQ_2_26:93664-93930	CHQ_2_02095
prokka_CHQ_2/CHQ_2:Gene	ptsI	CHQ_2_26:93933-95660	CHQ_2_02096
prokka_CHQ_2/CHQ_2:Gene	CHQ_2_02097	CHQ_2_26:c96429-96130	CHQ_2_02097
prokka_CHQ_2/CHQ_2:Gene	CHQ_2_02098	CHQ_2_26:c96733-96647	CHQ_2_02098
prokka_CHQ_2/CHQ_2:Gene	menH_3	CHQ_2_26:c97753-96818	CHQ_2_02099
prokka_CHQ_2/CHQ_2:Gene	gdx	CHQ_2_26:97994-98314	CHQ_2_02100
prokka_CHQ_2/CHQ_2:Gene	tetA_1	CHQ_2_26:98436-99599	CHQ_2_02101
prokka_CHQ_2/CHQ_2:Gene	csbB_2	CHQ_2_26:99876-100847	CHQ_2_02102
prokka_CHQ_2/CHQ_2:Gene	CHQ_2_02103	CHQ_2_26:100844-102088	CHQ_2_02103
prokka_CHQ_2/CHQ_2:Gene	CHQ_2_02104	CHQ_2_26:102670-103029	CHQ_2_02104
prokka_CHQ_2/CHQ_2:Gene	CHQ_2_02105	CHQ_2_26:103073-105070	CHQ_2_02105
prokka_CHQ_2/CHQ_2:Gene	macB_3	CHQ_2_26:105067-105699	CHQ_2_02106
prokka_CHQ_2/CHQ_2:Gene	CHQ_2_02107	CHQ_2_26:c106872-105802	CHQ_2_02107
prokka_CHQ_2/CHQ_2:Gene	CHQ_2_02108	CHQ_2_26:c107194-106850	CHQ_2_02108
prokka_CHQ_2/CHQ_2:Gene	CHQ_2_02109	CHQ_2_26:107892-108212	CHQ_2_02109
prokka_CHQ_2/CHQ_2:Gene	CHQ_2_02110	CHQ_2_26:108323-109399	CHQ_2_02110
prokka_CHQ_2/CHQ_2:Gene	CHQ_2_02111	CHQ_2_26:109550-109849	CHQ_2_02111
prokka_CHQ_2/CHQ_2:Gene	CHQ_2_02112	CHQ_2_26:109867-110343	CHQ_2_02112
prokka_CHQ_2/CHQ_2:Gene	CHQ_2_02113	CHQ_2_26:110347-112023	CHQ_2_02113
prokka_CHQ_2/CHQ_2:Gene	CHQ_2_02114	CHQ_2_26:112123-113997	CHQ_2_02114
prokka_CHQ_2/CHQ_2:Gene	CHQ_2_02115	CHQ_2_26:113999-114316	CHQ_2_02115
prokka_CHQ_2/CHQ_2:Gene	CHQ_2_02116	CHQ_2_26:114864-116018	CHQ_2_02116
prokka_CHQ_2/CHQ_2:Gene	CHQ_2_02117	CHQ_2_26:116011-116109	CHQ_2_02117
prokka_CHQ_2/CHQ_2:Gene	CHQ_2_02118	CHQ_2_26:116136-116465	CHQ_2_02118
prokka_CHQ_2/CHQ_2:Gene	CHQ_2_02119	CHQ_2_26:116486-116797	CHQ_2_02119
prokka_CHQ_2/CHQ_2:Gene	CHQ_2_02120	CHQ_2_26:116923-117810	CHQ_2_02120
prokka_CHQ_2/CHQ_2:Gene	CHQ_2_02121	CHQ_2_26:118001-118312	CHQ_2_02121
prokka_CHQ_2/CHQ_2:Gene	CHQ_2_02122	CHQ_2_26:118441-118701	CHQ_2_02122
prokka_CHQ_2/CHQ_2:Gene	xre_1	CHQ_2_26:118819-119031	CHQ_2_02123
prokka_CHQ_2/CHQ_2:Gene	xre_2	CHQ_2_26:119018-119245	CHQ_2_02124
prokka_CHQ_2/CHQ_2:Gene	CHQ_2_02125	CHQ_2_26:119256-119432	CHQ_2_02125
prokka_CHQ_2/CHQ_2:Gene	CHQ_2_02126	CHQ_2_26:119523-121949	CHQ_2_02126
prokka_CHQ_2/CHQ_2:Gene	CHQ_2_02127	CHQ_2_26:122074-122256	CHQ_2_02127
prokka_CHQ_2/CHQ_2:Gene	CHQ_2_02128	CHQ_2_26:122243-123478	CHQ_2_02128
prokka_CHQ_2/CHQ_2:Gene	CHQ_2_02129	CHQ_2_26:123490-123756	CHQ_2_02129
prokka_CHQ_2/CHQ_2:Gene	CHQ_2_02130	CHQ_2_26:123769-124164	CHQ_2_02130
prokka_CHQ_2/CHQ_2:Gene	CHQ_2_02131	CHQ_2_26:124161-126773	CHQ_2_02131
prokka_CHQ_2/CHQ_2:Gene	CHQ_2_02132	CHQ_2_26:126770-128887	CHQ_2_02132
prokka_CHQ_2/CHQ_2:Gene	CHQ_2_02133	CHQ_2_26:128897-129937	CHQ_2_02133
prokka_CHQ_2/CHQ_2:Gene	CHQ_2_02134	CHQ_2_26:130030-130251	CHQ_2_02134
prokka_CHQ_2/CHQ_2:Gene	CHQ_2_02135	CHQ_2_26:130283-130777	CHQ_2_02135
prokka_CHQ_2/CHQ_2:Gene	CHQ_2_02136	CHQ_2_26:130793-131020	CHQ_2_02136
prokka_CHQ_2/CHQ_2:Gene	CHQ_2_02137	CHQ_2_26:131087-131311	CHQ_2_02137
prokka_CHQ_2/CHQ_2:Gene	CHQ_2_02138	CHQ_2_26:131320-131568	CHQ_2_02138
prokka_CHQ_2/CHQ_2:Gene	CHQ_2_02139	CHQ_2_26:131634-131885	CHQ_2_02139
prokka_CHQ_2/CHQ_2:Gene	xerC_10	CHQ_2_26:131882-133015	CHQ_2_02140
prokka_CHQ_2/CHQ_2:Gene	CHQ_2_02141	CHQ_2_26:c133240-133154	CHQ_2_02141
prokka_CHQ_2/CHQ_2:Gene	argG	CHQ_2_26:133397-134593	CHQ_2_02142
prokka_CHQ_2/CHQ_2:Gene	argH	CHQ_2_26:134624-136003	CHQ_2_02143
prokka_CHQ_2/CHQ_2:Gene	sbnD	CHQ_2_26:c137215-136019	CHQ_2_02144
prokka_CHQ_2/CHQ_2:Gene	CHQ_2_02145	CHQ_2_26:137410-137985	CHQ_2_02145
prokka_CHQ_2/CHQ_2:Gene	rnpA	CHQ_2_26:138137-138490	CHQ_2_02146
prokka_CHQ_2/CHQ_2:Gene	misCA	CHQ_2_26:138487-139296	CHQ_2_02147
prokka_CHQ_2/CHQ_2:Gene	CHQ_2_02148	CHQ_2_26:139385-140299	CHQ_2_02148
prokka_CHQ_2/CHQ_2:Gene	rpmH	CHQ_2_26:140431-140565	CHQ_2_02149
prokka_CHQ_2/CHQ_2:Gene	ydhF	CHQ_2_26:140773-141684	CHQ_2_02150
prokka_CHQ_2/CHQ_2:Gene	CHQ_2_02151	CHQ_2_26:142004-142270	CHQ_2_02151
prokka_CHQ_2/CHQ_2:Gene	yrrK	CHQ_2_26:142270-142701	CHQ_2_02152
prokka_CHQ_2/CHQ_2:Gene	CHQ_2_02153	CHQ_2_26:142854-143177	CHQ_2_02153
prokka_CHQ_2/CHQ_2:Gene	CHQ_2_02154	CHQ_2_26:c143759-143208	CHQ_2_02154
prokka_CHQ_2/CHQ_2:Gene	acr1	CHQ_2_26:c144638-143853	CHQ_2_02155
prokka_CHQ_2/CHQ_2:Gene	hcaB_2	CHQ_2_26:c145762-144977	CHQ_2_02156
prokka_CHQ_2/CHQ_2:Gene	CHQ_2_02157	CHQ_2_26:145874-146419	CHQ_2_02157
prokka_CHQ_2/CHQ_2:Gene	glgB	CHQ_2_26:c148446-146500	CHQ_2_02158
prokka_CHQ_2/CHQ_2:Gene	CHQ_2_02159	CHQ_2_26:c148893-148573	CHQ_2_02159
prokka_CHQ_2/CHQ_2:Gene	CHQ_2_02160	CHQ_2_26:149363-155314	CHQ_2_02160
prokka_CHQ_2/CHQ_2:Gene	CHQ_2_02161	CHQ_2_26:c155881-155807	CHQ_2_02161
prokka_CHQ_2/CHQ_2:Gene	tgt	CHQ_2_26:c157091-155943	CHQ_2_02162
prokka_CHQ_2/CHQ_2:Gene	CHQ_2_02163	CHQ_2_26:157283-157975	CHQ_2_02163
prokka_CHQ_2/CHQ_2:Gene	cntE	CHQ_2_26:c159217-158036	CHQ_2_02164
prokka_CHQ_2/CHQ_2:Gene	yccU	CHQ_2_26:c159835-159398	CHQ_2_02165
prokka_CHQ_2/CHQ_2:Gene	CHQ_2_02166	CHQ_2_26:159970-160761	CHQ_2_02166
prokka_CHQ_2/CHQ_2:Gene	CHQ_2_02167	CHQ_2_26:160926-161135	CHQ_2_02167
prokka_CHQ_2/CHQ_2:Gene	CHQ_2_02168	CHQ_2_26:161147-161386	CHQ_2_02168
prokka_CHQ_2/CHQ_2:Gene	CHQ_2_02169	CHQ_2_26:161583-163166	CHQ_2_02169
prokka_CHQ_2/CHQ_2:Gene	alaA	CHQ_2_26:163235-164449	CHQ_2_02170
prokka_CHQ_2/CHQ_2:Gene	codY_2	CHQ_2_26:164602-165390	CHQ_2_02171
prokka_CHQ_2/CHQ_2:Gene	gatC	CHQ_2_26:165998-166303	CHQ_2_02172
prokka_CHQ_2/CHQ_2:Gene	gatA	CHQ_2_26:166303-167763	CHQ_2_02173
prokka_CHQ_2/CHQ_2:Gene	CHQ_2_02174	CHQ_2_26:167767-168369	CHQ_2_02174
prokka_CHQ_2/CHQ_2:Gene	gatB	CHQ_2_26:168409-169842	CHQ_2_02175
prokka_CHQ_2/CHQ_2:Gene	CHQ_2_02176	CHQ_2_26:169854-170018	CHQ_2_02176
prokka_CHQ_2/CHQ_2:Gene	nylA	CHQ_2_26:170062-171561	CHQ_2_02177
prokka_CHQ_2/CHQ_2:Gene	mepA_2	CHQ_2_26:c172983-171643	CHQ_2_02178
prokka_CHQ_2/CHQ_2:Gene	cspC	CHQ_2_26:c173363-173166	CHQ_2_02179
prokka_CHQ_2/CHQ_2:Gene	yqgN	CHQ_2_26:173481-174014	CHQ_2_02180
prokka_CHQ_2/CHQ_2:Gene	CHQ_2_02181	CHQ_2_26:174004-174696	CHQ_2_02181
prokka_CHQ_2/CHQ_2:Gene	CHQ_2_02182	CHQ_2_26:174796-175227	CHQ_2_02182
prokka_CHQ_2/CHQ_2:Gene	eis	CHQ_2_26:175624-176676	CHQ_2_02183
prokka_CHQ_2/CHQ_2:Gene	CHQ_2_02184	CHQ_2_26:177008-178102	CHQ_2_02184
prokka_CHQ_2/CHQ_2:Gene	celB	CHQ_2_26:178200-179684	CHQ_2_02185
prokka_CHQ_2/CHQ_2:Gene	CHQ_2_02186	CHQ_2_26:179808-180014	CHQ_2_02186
prokka_CHQ_2/CHQ_2:Gene	CHQ_2_02187	CHQ_2_26:180011-180205	CHQ_2_02187
prokka_CHQ_2/CHQ_2:Gene	bglC	CHQ_2_26:180336-181772	CHQ_2_02188
prokka_CHQ_2/CHQ_2:Gene	dut_1	CHQ_2_26:181836-182288	CHQ_2_02189
prokka_CHQ_2/CHQ_2:Gene	mggB	CHQ_2_26:182527-183870	CHQ_2_02190
prokka_CHQ_2/CHQ_2:Gene	CHQ_2_02191	CHQ_2_26:183885-184643	CHQ_2_02191
prokka_CHQ_2/CHQ_2:Gene	rlmN	CHQ_2_26:184837-185934	CHQ_2_02192
prokka_CHQ_2/CHQ_2:Gene	CHQ_2_02193	CHQ_2_26:186180-186791	CHQ_2_02193
prokka_CHQ_2/CHQ_2:Gene	hepT_2	CHQ_2_26:186911-187921	CHQ_2_02194
prokka_CHQ_2/CHQ_2:Gene	menA_2	CHQ_2_26:188144-189049	CHQ_2_02195
prokka_CHQ_2/CHQ_2:Gene	CHQ_2_02196	CHQ_2_26:c190219-189071	CHQ_2_02196
prokka_CHQ_2/CHQ_2:Gene	CHQ_2_02197	CHQ_2_26:c190700-190500	CHQ_2_02197
prokka_CHQ_2/CHQ_2:Gene	feoB	CHQ_2_26:c192816-190687	CHQ_2_02198
prokka_CHQ_2/CHQ_2:Gene	CHQ_2_02199	CHQ_2_26:c193376-192918	CHQ_2_02199
prokka_CHQ_2/CHQ_2:Gene	msrB	CHQ_2_26:193711-194139	CHQ_2_02200
prokka_CHQ_2/CHQ_2:Gene	CHQ_2_02201	CHQ_2_26:c195933-194269	CHQ_2_02201
prokka_CHQ_2/CHQ_2:Gene	CHQ_2_02202	CHQ_2_26:c196301-195933	CHQ_2_02202
prokka_CHQ_2/CHQ_2:Gene	rpmB	CHQ_2_26:c196768-196574	CHQ_2_02203
prokka_CHQ_2/CHQ_2:Gene	CHQ_2_02204	CHQ_2_26:196904-197563	CHQ_2_02204
prokka_CHQ_2/CHQ_2:Gene	rfbA	CHQ_2_26:197762-198631	CHQ_2_02205
prokka_CHQ_2/CHQ_2:Gene	CHQ_2_02206	CHQ_2_26:198679-198972	CHQ_2_02206
prokka_CHQ_2/CHQ_2:Gene	rfbC	CHQ_2_26:199029-199622	CHQ_2_02207
prokka_CHQ_2/CHQ_2:Gene	CHQ_2_02208	CHQ_2_26:199622-199876	CHQ_2_02208
prokka_CHQ_2/CHQ_2:Gene	rmlB	CHQ_2_26:199918-200970	CHQ_2_02209
prokka_CHQ_2/CHQ_2:Gene	strL	CHQ_2_26:201056-201955	CHQ_2_02210
prokka_CHQ_2/CHQ_2:Gene	CHQ_2_02211	CHQ_2_26:202089-203297	CHQ_2_02211
prokka_CHQ_2/CHQ_2:Gene	CHQ_2_02212	CHQ_2_26:203287-204225	CHQ_2_02212
prokka_CHQ_2/CHQ_2:Gene	CHQ_2_02213	CHQ_2_26:204226-205035	CHQ_2_02213
prokka_CHQ_2/CHQ_2:Gene	btuD_6	CHQ_2_26:205049-206242	CHQ_2_02214
prokka_CHQ_2/CHQ_2:Gene	CHQ_2_02215	CHQ_2_26:206235-207611	CHQ_2_02215
prokka_CHQ_2/CHQ_2:Gene	CHQ_2_02216	CHQ_2_26:207620-208585	CHQ_2_02216
prokka_CHQ_2/CHQ_2:Gene	CHQ_2_02217	CHQ_2_26:208575-210341	CHQ_2_02217
prokka_CHQ_2/CHQ_2:Gene	arnC_2	CHQ_2_26:210417-211154	CHQ_2_02218
prokka_CHQ_2/CHQ_2:Gene	CHQ_2_02219	CHQ_2_26:211154-211519	CHQ_2_02219
prokka_CHQ_2/CHQ_2:Gene	wbgU	CHQ_2_26:211503-212444	CHQ_2_02220
prokka_CHQ_2/CHQ_2:Gene	tuaB	CHQ_2_26:212444-213871	CHQ_2_02221
prokka_CHQ_2/CHQ_2:Gene	bshA	CHQ_2_26:213868-215007	CHQ_2_02222
prokka_CHQ_2/CHQ_2:Gene	CHQ_2_02223	CHQ_2_26:215007-215852	CHQ_2_02223
prokka_CHQ_2/CHQ_2:Gene	epsF	CHQ_2_26:215800-216963	CHQ_2_02224
prokka_CHQ_2/CHQ_2:Gene	CHQ_2_02225	CHQ_2_26:216965-217864	CHQ_2_02225
prokka_CHQ_2/CHQ_2:Gene	tagD_2	CHQ_2_26:217874-218308	CHQ_2_02226
prokka_CHQ_2/CHQ_2:Gene	CHQ_2_02227	CHQ_2_26:218334-220061	CHQ_2_02227
prokka_CHQ_2/CHQ_2:Gene	CHQ_2_02228	CHQ_2_26:220070-221449	CHQ_2_02228
prokka_CHQ_2/CHQ_2:Gene	CHQ_2_02229	CHQ_2_26:c222886-221516	CHQ_2_02229
prokka_CHQ_2/CHQ_2:Gene	guaB	CHQ_2_26:223268-224749	CHQ_2_02230
prokka_CHQ_2/CHQ_2:Gene	yqeH	CHQ_2_26:224895-226100	CHQ_2_02231
prokka_CHQ_2/CHQ_2:Gene	CHQ_2_02232	CHQ_2_26:226170-226673	CHQ_2_02232
prokka_CHQ_2/CHQ_2:Gene	hflX	CHQ_2_26:226757-228001	CHQ_2_02233
prokka_CHQ_2/CHQ_2:Gene	yhbY	CHQ_2_26:228046-228360	CHQ_2_02234
prokka_CHQ_2/CHQ_2:Gene	nadD_2	CHQ_2_26:228395-229006	CHQ_2_02235
prokka_CHQ_2/CHQ_2:Gene	CHQ_2_02236	CHQ_2_26:228999-229589	CHQ_2_02236
prokka_CHQ_2/CHQ_2:Gene	CHQ_2_02237	CHQ_2_26:229635-230060	CHQ_2_02237
prokka_CHQ_2/CHQ_2:Gene	rsfS	CHQ_2_26:230226-230585	CHQ_2_02238
prokka_CHQ_2/CHQ_2:Gene	COQ5_3	CHQ_2_26:230686-231420	CHQ_2_02239
prokka_CHQ_2/CHQ_2:Gene	tmcAL	CHQ_2_26:231471-232640	CHQ_2_02240
prokka_CHQ_2/CHQ_2:Gene	CHQ_2_02241	CHQ_2_26:232710-233135	CHQ_2_02241
prokka_CHQ_2/CHQ_2:Gene	yeeN	CHQ_2_26:233291-234007	CHQ_2_02242
prokka_CHQ_2/CHQ_2:Gene	CHQ_2_02243	CHQ_2_26:234073-234714	CHQ_2_02243
prokka_CHQ_2/CHQ_2:Gene	ung	CHQ_2_26:234711-235370	CHQ_2_02244
prokka_CHQ_2/CHQ_2:Gene	tdh	CHQ_2_26:c236314-235403	CHQ_2_02245
prokka_CHQ_2/CHQ_2:Gene	CHQ_2_02246	CHQ_2_26:236464-237009	CHQ_2_02246
prokka_CHQ_2/CHQ_2:Gene	CHQ_2_02247	CHQ_2_26:c238061-237120	CHQ_2_02247
prokka_CHQ_2/CHQ_2:Gene	sdrM	CHQ_2_26:c238542-238105	CHQ_2_02248
prokka_CHQ_2/CHQ_2:Gene	adhR_2	CHQ_2_26:238771-239133	CHQ_2_02249
prokka_CHQ_2/CHQ_2:Gene	rpsU	CHQ_2_26:239219-239395	CHQ_2_02250
prokka_CHQ_2/CHQ_2:Gene	CHQ_2_02251	CHQ_2_26:239503-240315	CHQ_2_02251
prokka_CHQ_2/CHQ_2:Gene	pgk	CHQ_2_26:240505-241701	CHQ_2_02252
prokka_CHQ_2/CHQ_2:Gene	dhaQ	CHQ_2_26:241779-242765	CHQ_2_02253
prokka_CHQ_2/CHQ_2:Gene	dhaS	CHQ_2_26:c243308-242766	CHQ_2_02254
prokka_CHQ_2/CHQ_2:Gene	dhaK	CHQ_2_26:243409-244401	CHQ_2_02255
prokka_CHQ_2/CHQ_2:Gene	dhaL	CHQ_2_26:244411-244989	CHQ_2_02256
prokka_CHQ_2/CHQ_2:Gene	dhaM	CHQ_2_26:244986-245357	CHQ_2_02257
prokka_CHQ_2/CHQ_2:Gene	glpF_1	CHQ_2_26:245367-246083	CHQ_2_02258
prokka_CHQ_2/CHQ_2:Gene	pepDA_2	CHQ_2_26:c247501-246122	CHQ_2_02259
prokka_CHQ_2/CHQ_2:Gene	slmA_2	CHQ_2_26:247679-248326	CHQ_2_02260
prokka_CHQ_2/CHQ_2:Gene	ybhF	CHQ_2_26:248413-248757	CHQ_2_02261
prokka_CHQ_2/CHQ_2:Gene	rbbA	CHQ_2_26:248708-249160	CHQ_2_02262
prokka_CHQ_2/CHQ_2:Gene	CHQ_2_02263	CHQ_2_26:249157-250299	CHQ_2_02263
prokka_CHQ_2/CHQ_2:Gene	rlmI	CHQ_2_26:250397-251566	CHQ_2_02264
prokka_CHQ_2/CHQ_2:Gene	fbp	CHQ_2_26:251757-253679	CHQ_2_02265
prokka_CHQ_2/CHQ_2:Gene	CHQ_2_02266	CHQ_2_26:c253844-253758	CHQ_2_02266
prokka_CHQ_2/CHQ_2:Gene	baiN	CHQ_2_26:c255185-253908	CHQ_2_02267
prokka_CHQ_2/CHQ_2:Gene	nnrD	CHQ_2_26:255326-256153	CHQ_2_02268
prokka_CHQ_2/CHQ_2:Gene	CHQ_2_02269	CHQ_2_26:256302-256715	CHQ_2_02269
prokka_CHQ_2/CHQ_2:Gene	CHQ_2_02270	CHQ_2_26:256886-258721	CHQ_2_02270
prokka_CHQ_2/CHQ_2:Gene	CHQ_2_02271	CHQ_2_26:258718-260595	CHQ_2_02271
prokka_CHQ_2/CHQ_2:Gene	CHQ_2_02272	CHQ_2_26:260692-261345	CHQ_2_02272
prokka_CHQ_2/CHQ_2:Gene	yhhX	CHQ_2_26:c262410-261391	CHQ_2_02273
prokka_CHQ_2/CHQ_2:Gene	CHQ_2_02274	CHQ_2_26:c262561-262394	CHQ_2_02274
prokka_CHQ_2/CHQ_2:Gene	luxS	CHQ_2_26:c263224-262748	CHQ_2_02275
prokka_CHQ_2/CHQ_2:Gene	CHQ_2_02276	CHQ_2_26:263438-263902	CHQ_2_02276
prokka_CHQ_2/CHQ_2:Gene	CHQ_2_02277	CHQ_2_26:263966-264811	CHQ_2_02277
prokka_CHQ_2/CHQ_2:Gene	pncA	CHQ_2_26:264976-265488	CHQ_2_02278
prokka_CHQ_2/CHQ_2:Gene	CHQ_2_02279	CHQ_2_26:265607-266155	CHQ_2_02279
prokka_CHQ_2/CHQ_2:Gene	CHQ_2_02280	CHQ_2_26:266152-266436	CHQ_2_02280
prokka_CHQ_2/CHQ_2:Gene	CHQ_2_02281	CHQ_2_26:c267794-266475	CHQ_2_02281
prokka_CHQ_2/CHQ_2:Gene	nrdD	CHQ_2_26:268138-270381	CHQ_2_02282
prokka_CHQ_2/CHQ_2:Gene	CHQ_2_02283	CHQ_2_26:270384-270983	CHQ_2_02283
prokka_CHQ_2/CHQ_2:Gene	CHQ_2_02284	CHQ_2_26:c271598-271092	CHQ_2_02284
prokka_CHQ_2/CHQ_2:Gene	eno_2	CHQ_2_26:271889-273157	CHQ_2_02285
prokka_CHQ_2/CHQ_2:Gene	CHQ_2_02286	CHQ_2_26:c273312-273225	CHQ_2_02286
prokka_CHQ_2/CHQ_2:Gene	ecfA1	CHQ_2_26:273456-274289	CHQ_2_02287
prokka_CHQ_2/CHQ_2:Gene	CHQ_2_02288	CHQ_2_26:274333-274821	CHQ_2_02288
prokka_CHQ_2/CHQ_2:Gene	ecfA2	CHQ_2_26:274818-275684	CHQ_2_02289
prokka_CHQ_2/CHQ_2:Gene	ecfT_1	CHQ_2_26:275684-276484	CHQ_2_02290
prokka_CHQ_2/CHQ_2:Gene	CHQ_2_02291	CHQ_2_26:276508-277119	CHQ_2_02291
prokka_CHQ_2/CHQ_2:Gene	dapH	CHQ_2_26:277329-278099	CHQ_2_02292
prokka_CHQ_2/CHQ_2:Gene	CHQ_2_02293	CHQ_2_26:278236-279390	CHQ_2_02293
prokka_CHQ_2/CHQ_2:Gene	CHQ_2_02294	CHQ_2_26:279512-280630	CHQ_2_02294
prokka_CHQ_2/CHQ_2:Gene	CHQ_2_02295	CHQ_2_26:280772-280845	CHQ_2_02295
prokka_CHQ_2/CHQ_2:Gene	CHQ_2_02296	CHQ_2_26:281150-281223	CHQ_2_02296
prokka_CHQ_2/CHQ_2:Gene	CHQ_2_02297	CHQ_2_26:281388-281495	CHQ_2_02297
prokka_CHQ_2/CHQ_2:Gene	rpsD	CHQ_2_26:281814-282425	CHQ_2_02298
prokka_CHQ_2/CHQ_2:Gene	yhgF	CHQ_2_26:282552-284690	CHQ_2_02299
prokka_CHQ_2/CHQ_2:Gene	CHQ_2_02300	CHQ_2_26:284787-285230	CHQ_2_02300
prokka_CHQ_2/CHQ_2:Gene	add	CHQ_2_26:285528-286562	CHQ_2_02301
prokka_CHQ_2/CHQ_2:Gene	CHQ_2_02302	CHQ_2_26:c287262-286594	CHQ_2_02302
prokka_CHQ_2/CHQ_2:Gene	rnj1	CHQ_2_26:c289148-287466	CHQ_2_02303
prokka_CHQ_2/CHQ_2:Gene	CHQ_2_02304	CHQ_2_26:c289569-289321	CHQ_2_02304
prokka_CHQ_2/CHQ_2:Gene	tsaB	CHQ_2_26:289861-290586	CHQ_2_02305
prokka_CHQ_2/CHQ_2:Gene	ypeA	CHQ_2_26:290540-291109	CHQ_2_02306
prokka_CHQ_2/CHQ_2:Gene	CHQ_2_02307	CHQ_2_26:291106-291576	CHQ_2_02307
prokka_CHQ_2/CHQ_2:Gene	tsaD	CHQ_2_26:291579-292619	CHQ_2_02308
prokka_CHQ_2/CHQ_2:Gene	CHQ_2_02309	CHQ_2_26:292619-292819	CHQ_2_02309
prokka_CHQ_2/CHQ_2:Gene	CHQ_2_02310	CHQ_2_26:c293151-292963	CHQ_2_02310
prokka_CHQ_2/CHQ_2:Gene	CHQ_2_02311	CHQ_2_26:c294012-293251	CHQ_2_02311
prokka_CHQ_2/CHQ_2:Gene	CHQ_2_02312	CHQ_2_26:294339-295388	CHQ_2_02312
prokka_CHQ_2/CHQ_2:Gene	glnQ	CHQ_2_26:295507-296247	CHQ_2_02313
prokka_CHQ_2/CHQ_2:Gene	CHQ_2_02314	CHQ_2_26:296248-297060	CHQ_2_02314
prokka_CHQ_2/CHQ_2:Gene	phnE	CHQ_2_26:297075-297884	CHQ_2_02315
prokka_CHQ_2/CHQ_2:Gene	yfkN_2	CHQ_2_26:297890-299449	CHQ_2_02316
prokka_CHQ_2/CHQ_2:Gene	CHQ_2_02317	CHQ_2_26:299594-299713	CHQ_2_02317
prokka_CHQ_2/CHQ_2:Gene	tpx	CHQ_2_26:299776-300258	CHQ_2_02318
prokka_CHQ_2/CHQ_2:Gene	pepN	CHQ_2_26:300431-302971	CHQ_2_02319
prokka_CHQ_2/CHQ_2:Gene	tetA_2	CHQ_2_26:c304203-303010	CHQ_2_02320
prokka_CHQ_2/CHQ_2:Gene	pchR	CHQ_2_26:c305002-304529	CHQ_2_02321
prokka_CHQ_2/CHQ_2:Gene	fieF	CHQ_2_26:c306282-305005	CHQ_2_02322
prokka_CHQ_2/CHQ_2:Gene	CHQ_2_02323	CHQ_2_26:306558-306908	CHQ_2_02323
prokka_CHQ_2/CHQ_2:Gene	CHQ_2_02324	CHQ_2_26:307200-308939	CHQ_2_02324
prokka_CHQ_2/CHQ_2:Gene	btuD_7	CHQ_2_26:308943-310937	CHQ_2_02325
prokka_CHQ_2/CHQ_2:Gene	murA1_1	CHQ_2_26:311114-312379	CHQ_2_02326
prokka_CHQ_2/CHQ_2:Gene	CHQ_2_02327	CHQ_2_26:312425-312643	CHQ_2_02327
prokka_CHQ_2/CHQ_2:Gene	CHQ_2_02328	CHQ_2_26:c313502-312675	CHQ_2_02328
prokka_CHQ_2/CHQ_2:Gene	CHQ_2_02329	CHQ_2_26:313701-314351	CHQ_2_02329
prokka_CHQ_2/CHQ_2:Gene	btuD_8	CHQ_2_26:314353-316065	CHQ_2_02330
prokka_CHQ_2/CHQ_2:Gene	CHQ_2_02331	CHQ_2_26:c316452-316096	CHQ_2_02331
prokka_CHQ_2/CHQ_2:Gene	bioY2	CHQ_2_26:c317024-316476	CHQ_2_02332
prokka_CHQ_2/CHQ_2:Gene	CHQ_2_02333	CHQ_2_26:c317611-317135	CHQ_2_02333
prokka_CHQ_2/CHQ_2:Gene	thiT	CHQ_2_26:c318223-317675	CHQ_2_02334
prokka_CHQ_2/CHQ_2:Gene	metQ_1	CHQ_2_26:318951-319811	CHQ_2_02335
prokka_CHQ_2/CHQ_2:Gene	metQ_2	CHQ_2_26:319955-320815	CHQ_2_02336
prokka_CHQ_2/CHQ_2:Gene	metQ_3	CHQ_2_26:320932-321792	CHQ_2_02337
prokka_CHQ_2/CHQ_2:Gene	metQ_4	CHQ_2_26:321811-322671	CHQ_2_02338
prokka_CHQ_2/CHQ_2:Gene	metN	CHQ_2_26:322775-323881	CHQ_2_02339
prokka_CHQ_2/CHQ_2:Gene	metP	CHQ_2_26:323881-324576	CHQ_2_02340
prokka_CHQ_2/CHQ_2:Gene	CHQ_2_02341	CHQ_2_26:324624-325172	CHQ_2_02341
prokka_CHQ_2/CHQ_2:Gene	ykoD	CHQ_2_26:325281-326978	CHQ_2_02342
prokka_CHQ_2/CHQ_2:Gene	ecfT_2	CHQ_2_26:326971-327792	CHQ_2_02343
prokka_CHQ_2/CHQ_2:Gene	CHQ_2_02344	CHQ_2_26:327957-328250	CHQ_2_02344
prokka_CHQ_2/CHQ_2:Gene	fecE	CHQ_2_26:328201-328953	CHQ_2_02345
prokka_CHQ_2/CHQ_2:Gene	hmuU	CHQ_2_26:328946-329896	CHQ_2_02346
prokka_CHQ_2/CHQ_2:Gene	fpuB	CHQ_2_26:329898-330836	CHQ_2_02347
prokka_CHQ_2/CHQ_2:Gene	yxeB	CHQ_2_26:330921-331862	CHQ_2_02348
prokka_CHQ_2/CHQ_2:Gene	CHQ_2_02349	CHQ_2_26:331924-332829	CHQ_2_02349
prokka_CHQ_2/CHQ_2:Gene	ydhP	CHQ_2_26:c334068-332887	CHQ_2_02350
prokka_CHQ_2/CHQ_2:Gene	yvgN	CHQ_2_26:c334899-334081	CHQ_2_02351
prokka_CHQ_2/CHQ_2:Gene	ytcD	CHQ_2_26:335041-335388	CHQ_2_02352
prokka_CHQ_2/CHQ_2:Gene	CHQ_2_02353	CHQ_2_26:335414-335806	CHQ_2_02353
prokka_CHQ_2/CHQ_2:Gene	gpmA_1	CHQ_2_26:335983-336684	CHQ_2_02354
prokka_CHQ_2/CHQ_2:Gene	ahpC	CHQ_2_26:336858-337421	CHQ_2_02355
prokka_CHQ_2/CHQ_2:Gene	ahpF	CHQ_2_26:337487-339016	CHQ_2_02356
prokka_CHQ_2/CHQ_2:Gene	penA	CHQ_2_26:339182-341347	CHQ_2_02357
prokka_CHQ_2/CHQ_2:Gene	recR	CHQ_2_26:341486-342082	CHQ_2_02358
prokka_CHQ_2/CHQ_2:Gene	ddl	CHQ_2_26:342199-343248	CHQ_2_02359
prokka_CHQ_2/CHQ_2:Gene	murF	CHQ_2_26:343323-344645	CHQ_2_02360
prokka_CHQ_2/CHQ_2:Gene	oppA_1	CHQ_2_26:344815-346467	CHQ_2_02361
prokka_CHQ_2/CHQ_2:Gene	oppA_2	CHQ_2_26:346775-348412	CHQ_2_02362
prokka_CHQ_2/CHQ_2:Gene	oppB	CHQ_2_26:348490-349401	CHQ_2_02363
prokka_CHQ_2/CHQ_2:Gene	oppC_2	CHQ_2_26:349417-350448	CHQ_2_02364
prokka_CHQ_2/CHQ_2:Gene	oppD_2	CHQ_2_26:350451-351500	CHQ_2_02365
prokka_CHQ_2/CHQ_2:Gene	oppF_2	CHQ_2_26:351497-352438	CHQ_2_02366
prokka_CHQ_2/CHQ_2:Gene	prfC	CHQ_2_26:352668-354239	CHQ_2_02367
prokka_CHQ_2/CHQ_2:Gene	cshA	CHQ_2_26:354502-356145	CHQ_2_02368
prokka_CHQ_2/CHQ_2:Gene	era	CHQ_2_26:356509-357420	CHQ_2_02369
prokka_CHQ_2/CHQ_2:Gene	asnB_2	CHQ_2_26:357518-359110	CHQ_2_02370
prokka_CHQ_2/CHQ_2:Gene	mutM	CHQ_2_26:359304-360122	CHQ_2_02371
prokka_CHQ_2/CHQ_2:Gene	recA_2	CHQ_2_26:360275-361438	CHQ_2_02372
prokka_CHQ_2/CHQ_2:Gene	serP2	CHQ_2_26:c362824-361451	CHQ_2_02373
prokka_CHQ_2/CHQ_2:Gene	serP1	CHQ_2_26:c364272-362893	CHQ_2_02374
prokka_CHQ_2/CHQ_2:Gene	CHQ_2_02375	CHQ_2_26:364473-364799	CHQ_2_02375
prokka_CHQ_2/CHQ_2:Gene	CHQ_2_02376	CHQ_2_26:364774-365100	CHQ_2_02376
prokka_CHQ_2/CHQ_2:Gene	CHQ_2_02377	CHQ_2_26:365330-365848	CHQ_2_02377
prokka_CHQ_2/CHQ_2:Gene	yjbK	CHQ_2_26:c366506-365913	CHQ_2_02378
prokka_CHQ_2/CHQ_2:Gene	CHQ_2_02379	CHQ_2_26:366723-367529	CHQ_2_02379
prokka_CHQ_2/CHQ_2:Gene	yjbM	CHQ_2_26:367696-368376	CHQ_2_02380
prokka_CHQ_2/CHQ_2:Gene	nadK	CHQ_2_26:368363-369175	CHQ_2_02381
prokka_CHQ_2/CHQ_2:Gene	CHQ_2_02382	CHQ_2_26:369175-370056	CHQ_2_02382
prokka_CHQ_2/CHQ_2:Gene	CHQ_2_02383	CHQ_2_26:c370928-370098	CHQ_2_02383
prokka_CHQ_2/CHQ_2:Gene	lysP_2	CHQ_2_26:371238-372671	CHQ_2_02384
prokka_CHQ_2/CHQ_2:Gene	CHQ_2_02385	CHQ_2_26:372786-373598	CHQ_2_02385
prokka_CHQ_2/CHQ_2:Gene	apbE_2	CHQ_2_26:373598-374575	CHQ_2_02386
prokka_CHQ_2/CHQ_2:Gene	lysS_2	CHQ_2_26:c376156-374672	CHQ_2_02387
prokka_CHQ_2/CHQ_2:Gene	cysL_1	CHQ_2_26:c377173-376355	CHQ_2_02388
prokka_CHQ_2/CHQ_2:Gene	CHQ_2_02389	CHQ_2_26:377292-378332	CHQ_2_02389
prokka_CHQ_2/CHQ_2:Gene	ldh_2	CHQ_2_26:c379489-378545	CHQ_2_02390
prokka_CHQ_2/CHQ_2:Gene	cysL_2	CHQ_2_26:c380606-379785	CHQ_2_02391
prokka_CHQ_2/CHQ_2:Gene	CHQ_2_02392	CHQ_2_26:380761-381735	CHQ_2_02392
prokka_CHQ_2/CHQ_2:Gene	thiI	CHQ_2_26:382025-383245	CHQ_2_02393
prokka_CHQ_2/CHQ_2:Gene	ribZ_2	CHQ_2_26:383459-384862	CHQ_2_02394
prokka_CHQ_2/CHQ_2:Gene	azoR	CHQ_2_26:385023-385628	CHQ_2_02395
prokka_CHQ_2/CHQ_2:Gene	CHQ_2_02396	CHQ_2_26:385724-386158	CHQ_2_02396
prokka_CHQ_2/CHQ_2:Gene	CHQ_2_02397	CHQ_2_26:c388236-386194	CHQ_2_02397
prokka_CHQ_2/CHQ_2:Gene	CHQ_2_02398	CHQ_2_26:c388797-388327	CHQ_2_02398
prokka_CHQ_2/CHQ_2:Gene	tyrS	CHQ_2_26:c390179-388920	CHQ_2_02399
prokka_CHQ_2/CHQ_2:Gene	mtgA_2	CHQ_2_26:390324-392729	CHQ_2_02400
prokka_CHQ_2/CHQ_2:Gene	pepA	CHQ_2_26:c393854-392787	CHQ_2_02401
prokka_CHQ_2/CHQ_2:Gene	CHQ_2_02402	CHQ_2_26:393957-394241	CHQ_2_02402
prokka_CHQ_2/CHQ_2:Gene	ytpP	CHQ_2_26:394283-394600	CHQ_2_02403
prokka_CHQ_2/CHQ_2:Gene	CHQ_2_02404	CHQ_2_26:394686-395312	CHQ_2_02404
prokka_CHQ_2/CHQ_2:Gene	noxE	CHQ_2_26:395475-396815	CHQ_2_02405
prokka_CHQ_2/CHQ_2:Gene	ssb_4	CHQ_2_26:396905-397294	CHQ_2_02406
prokka_CHQ_2/CHQ_2:Gene	groS	CHQ_2_26:397414-397698	CHQ_2_02407
prokka_CHQ_2/CHQ_2:Gene	groL	CHQ_2_26:397787-399415	CHQ_2_02408
prokka_CHQ_2/CHQ_2:Gene	yycJ	CHQ_2_26:c400273-399461	CHQ_2_02409
prokka_CHQ_2/CHQ_2:Gene	walK	CHQ_2_26:c401884-400442	CHQ_2_02410
prokka_CHQ_2/CHQ_2:Gene	walR	CHQ_2_26:c402578-401877	CHQ_2_02411
prokka_CHQ_2/CHQ_2:Gene	tmk	CHQ_2_26:402756-403391	CHQ_2_02412
prokka_CHQ_2/CHQ_2:Gene	CHQ_2_02413	CHQ_2_26:403524-404384	CHQ_2_02413
prokka_CHQ_2/CHQ_2:Gene	CHQ_2_02414	CHQ_2_26:404436-405218	CHQ_2_02414
prokka_CHQ_2/CHQ_2:Gene	yabA	CHQ_2_26:405211-405537	CHQ_2_02415
prokka_CHQ_2/CHQ_2:Gene	rsmI	CHQ_2_26:405537-406412	CHQ_2_02416
prokka_CHQ_2/CHQ_2:Gene	CHQ_2_02417	CHQ_2_26:c406680-406489	CHQ_2_02417
prokka_CHQ_2/CHQ_2:Gene	galK_2	CHQ_2_26:c407675-406743	CHQ_2_02418
prokka_CHQ_2/CHQ_2:Gene	CHQ_2_02419	CHQ_2_26:407980-408936	CHQ_2_02419
prokka_CHQ_2/CHQ_2:Gene	CHQ_2_02420	CHQ_2_26:408923-409912	CHQ_2_02420
prokka_CHQ_2/CHQ_2:Gene	fni	CHQ_2_26:409965-411008	CHQ_2_02421
prokka_CHQ_2/CHQ_2:Gene	sodA	CHQ_2_26:411166-411786	CHQ_2_02422
prokka_CHQ_2/CHQ_2:Gene	cstA	CHQ_2_26:412035-414389	CHQ_2_02423
prokka_CHQ_2/CHQ_2:Gene	cshB	CHQ_2_26:414691-416031	CHQ_2_02424
prokka_CHQ_2/CHQ_2:Gene	CHQ_2_02425	CHQ_2_26:416035-416619	CHQ_2_02425
prokka_CHQ_2/CHQ_2:Gene	glvR	CHQ_2_26:416775-417521	CHQ_2_02426
prokka_CHQ_2/CHQ_2:Gene	ptcB	CHQ_2_26:417762-418088	CHQ_2_02427
prokka_CHQ_2/CHQ_2:Gene	ptcA_2	CHQ_2_26:418173-418523	CHQ_2_02428
prokka_CHQ_2/CHQ_2:Gene	CHQ_2_02429	CHQ_2_26:418617-419345	CHQ_2_02429
prokka_CHQ_2/CHQ_2:Gene	licC_3	CHQ_2_26:419638-420975	CHQ_2_02430
prokka_CHQ_2/CHQ_2:Gene	bglA_3	CHQ_2_26:421057-422493	CHQ_2_02431
prokka_CHQ_2/CHQ_2:Gene	CHQ_2_02432	CHQ_2_26:422779-423060	CHQ_2_02432
prokka_CHQ_2/CHQ_2:Gene	CHQ_2_02433	CHQ_2_26:423218-423288	CHQ_2_02433
prokka_CHQ_2/CHQ_2:Gene	ligA	CHQ_2_26:423422-425386	CHQ_2_02434
prokka_CHQ_2/CHQ_2:Gene	dagK_2	CHQ_2_26:425542-426567	CHQ_2_02435
prokka_CHQ_2/CHQ_2:Gene	msmX	CHQ_2_26:426784-427920	CHQ_2_02436
prokka_CHQ_2/CHQ_2:Gene	CHQ_2_02437	CHQ_2_26:428228-431899	CHQ_2_02437
prokka_CHQ_2/CHQ_2:Gene	dacA_2	CHQ_2_26:432107-432985	CHQ_2_02438
prokka_CHQ_2/CHQ_2:Gene	CHQ_2_02439	CHQ_2_26:432975-433934	CHQ_2_02439
prokka_CHQ_2/CHQ_2:Gene	glmM	CHQ_2_26:433980-435338	CHQ_2_02440
prokka_CHQ_2/CHQ_2:Gene	treR	CHQ_2_26:c436131-435415	CHQ_2_02441
prokka_CHQ_2/CHQ_2:Gene	crr	CHQ_2_26:436242-436727	CHQ_2_02442
prokka_CHQ_2/CHQ_2:Gene	bglF_4	CHQ_2_26:436864-438429	CHQ_2_02443
prokka_CHQ_2/CHQ_2:Gene	trePP	CHQ_2_26:438497-440806	CHQ_2_02444
prokka_CHQ_2/CHQ_2:Gene	pgmB	CHQ_2_26:440952-441617	CHQ_2_02445
prokka_CHQ_2/CHQ_2:Gene	CHQ_2_02446	CHQ_2_26:c442482-441676	CHQ_2_02446
prokka_CHQ_2/CHQ_2:Gene	CHQ_2_02447	CHQ_2_26:442591-443250	CHQ_2_02447
prokka_CHQ_2/CHQ_2:Gene	tsaE	CHQ_2_26:443402-443866	CHQ_2_02448
prokka_CHQ_2/CHQ_2:Gene	aaaT	CHQ_2_26:443863-444381	CHQ_2_02449
prokka_CHQ_2/CHQ_2:Gene	xerC_11	CHQ_2_26:c445758-444601	CHQ_2_02450
prokka_CHQ_2/CHQ_2:Gene	CHQ_2_02451	CHQ_2_26:c446033-445836	CHQ_2_02451
prokka_CHQ_2/CHQ_2:Gene	CHQ_2_02452	CHQ_2_26:446290-446466	CHQ_2_02452
prokka_CHQ_2/CHQ_2:Gene	CHQ_2_02453	CHQ_2_26:446705-446947	CHQ_2_02453
prokka_CHQ_2/CHQ_2:Gene	CHQ_2_02454	CHQ_2_26:447300-447503	CHQ_2_02454
prokka_CHQ_2/CHQ_2:Gene	CHQ_2_02455	CHQ_2_26:447529-448878	CHQ_2_02455
prokka_CHQ_2/CHQ_2:Gene	CHQ_2_02456	CHQ_2_26:448900-449475	CHQ_2_02456
prokka_CHQ_2/CHQ_2:Gene	CHQ_2_02457	CHQ_2_26:449495-449614	CHQ_2_02457
prokka_CHQ_2/CHQ_2:Gene	CHQ_2_02458	CHQ_2_26:c450472-449636	CHQ_2_02458
prokka_CHQ_2/CHQ_2:Gene	CHQ_2_02459	CHQ_2_26:450597-451541	CHQ_2_02459
prokka_CHQ_2/CHQ_2:Gene	CHQ_2_02460	CHQ_2_26:451639-451812	CHQ_2_02460
prokka_CHQ_2/CHQ_2:Gene	CHQ_2_02461	CHQ_2_26:451812-452018	CHQ_2_02461
prokka_CHQ_2/CHQ_2:Gene	CHQ_2_02462	CHQ_2_26:452830-453360	CHQ_2_02462
prokka_CHQ_2/CHQ_2:Gene	CHQ_2_02463	CHQ_2_26:453357-453557	CHQ_2_02463
prokka_CHQ_2/CHQ_2:Gene	CHQ_2_02464	CHQ_2_26:453575-455203	CHQ_2_02464
prokka_CHQ_2/CHQ_2:Gene	CHQ_2_02465	CHQ_2_26:455216-455500	CHQ_2_02465
prokka_CHQ_2/CHQ_2:Gene	CHQ_2_02466	CHQ_2_26:455515-456648	CHQ_2_02466
prokka_CHQ_2/CHQ_2:Gene	CHQ_2_02467	CHQ_2_26:456705-457220	CHQ_2_02467
prokka_CHQ_2/CHQ_2:Gene	CHQ_2_02468	CHQ_2_26:457213-458361	CHQ_2_02468
prokka_CHQ_2/CHQ_2:Gene	CHQ_2_02469	CHQ_2_26:458480-458755	CHQ_2_02469
prokka_CHQ_2/CHQ_2:Gene	CHQ_2_02470	CHQ_2_26:458752-459066	CHQ_2_02470
prokka_CHQ_2/CHQ_2:Gene	CHQ_2_02471	CHQ_2_26:459056-459394	CHQ_2_02471
prokka_CHQ_2/CHQ_2:Gene	CHQ_2_02472	CHQ_2_26:459387-459752	CHQ_2_02472
prokka_CHQ_2/CHQ_2:Gene	CHQ_2_02473	CHQ_2_26:459769-460443	CHQ_2_02473
prokka_CHQ_2/CHQ_2:Gene	CHQ_2_02474	CHQ_2_26:460478-460756	CHQ_2_02474
prokka_CHQ_2/CHQ_2:Gene	CHQ_2_02475	CHQ_2_26:460828-461313	CHQ_2_02475
prokka_CHQ_2/CHQ_2:Gene	CHQ_2_02476	CHQ_2_26:461317-463785	CHQ_2_02476
prokka_CHQ_2/CHQ_2:Gene	CHQ_2_02477	CHQ_2_26:463799-465772	CHQ_2_02477
prokka_CHQ_2/CHQ_2:Gene	CHQ_2_02478	CHQ_2_26:465772-466893	CHQ_2_02478
prokka_CHQ_2/CHQ_2:Gene	CHQ_2_02479	CHQ_2_26:466890-467303	CHQ_2_02479
prokka_CHQ_2/CHQ_2:Gene	CHQ_2_02480	CHQ_2_26:467293-468180	CHQ_2_02480
prokka_CHQ_2/CHQ_2:Gene	CHQ_2_02481	CHQ_2_26:468211-468534	CHQ_2_02481
prokka_CHQ_2/CHQ_2:Gene	CHQ_2_02482	CHQ_2_26:468632-469603	CHQ_2_02482
prokka_CHQ_2/CHQ_2:Gene	CHQ_2_02483	CHQ_2_26:469697-470314	CHQ_2_02483
prokka_CHQ_2/CHQ_2:Gene	CHQ_2_02484	CHQ_2_26:c471090-470320	CHQ_2_02484
prokka_CHQ_2/CHQ_2:Gene	tagU_4	CHQ_2_26:471300-472685	CHQ_2_02485
prokka_CHQ_2/CHQ_2:Gene	CHQ_2_02486	CHQ_2_26:472763-472838	CHQ_2_02486
prokka_CHQ_2/CHQ_2:Gene	truA	CHQ_2_26:472986-473747	CHQ_2_02487
prokka_CHQ_2/CHQ_2:Gene	pdxK	CHQ_2_26:473780-474568	CHQ_2_02488
prokka_CHQ_2/CHQ_2:Gene	hmpT	CHQ_2_26:474617-475108	CHQ_2_02489
prokka_CHQ_2/CHQ_2:Gene	CHQ_2_02490	CHQ_2_26:475089-475631	CHQ_2_02490
prokka_CHQ_2/CHQ_2:Gene	CHQ_2_02491	CHQ_2_26:475632-476768	CHQ_2_02491
prokka_CHQ_2/CHQ_2:Gene	pyrG	CHQ_2_26:477004-478611	CHQ_2_02492
prokka_CHQ_2/CHQ_2:Gene	CHQ_2_02493	CHQ_2_26:478751-479665	CHQ_2_02493
prokka_CHQ_2/CHQ_2:Gene	CHQ_2_02494	CHQ_2_26:c480569-479697	CHQ_2_02494
prokka_CHQ_2/CHQ_2:Gene	CHQ_2_02495	CHQ_2_26:c481117-480917	CHQ_2_02495
prokka_CHQ_2/CHQ_2:Gene	CHQ_2_02496	CHQ_2_26:c481694-481215	CHQ_2_02496
prokka_CHQ_2/CHQ_2:Gene	yvdD	CHQ_2_26:c482232-481678	CHQ_2_02497
prokka_CHQ_2/CHQ_2:Gene	CHQ_2_02498	CHQ_2_26:c482885-482232	CHQ_2_02498
prokka_CHQ_2/CHQ_2:Gene	dnaE2	CHQ_2_26:483364-486546	CHQ_2_02499
prokka_CHQ_2/CHQ_2:Gene	CHQ_2_02500	CHQ_2_26:c487230-486577	CHQ_2_02500
prokka_CHQ_2/CHQ_2:Gene	CHQ_2_02501	CHQ_2_26:487432-488268	CHQ_2_02501
prokka_CHQ_2/CHQ_2:Gene	lipC	CHQ_2_26:488282-489121	CHQ_2_02502
prokka_CHQ_2/CHQ_2:Gene	nagZ	CHQ_2_26:489118-490329	CHQ_2_02503
prokka_CHQ_2/CHQ_2:Gene	CHQ_2_02504	CHQ_2_26:490339-490995	CHQ_2_02504
prokka_CHQ_2/CHQ_2:Gene	hup	CHQ_2_26:491100-491375	CHQ_2_02505
prokka_CHQ_2/CHQ_2:Gene	CHQ_2_02506	CHQ_2_26:c491964-491467	CHQ_2_02506
prokka_CHQ_2/CHQ_2:Gene	ogt	CHQ_2_26:492111-492620	CHQ_2_02507
prokka_CHQ_2/CHQ_2:Gene	adaA	CHQ_2_26:492634-493194	CHQ_2_02508
prokka_CHQ_2/CHQ_2:Gene	yadG	CHQ_2_26:493288-494097	CHQ_2_02509
prokka_CHQ_2/CHQ_2:Gene	CHQ_2_02510	CHQ_2_26:494094-494819	CHQ_2_02510
prokka_CHQ_2/CHQ_2:Gene	CHQ_2_02511	CHQ_2_26:494855-495340	CHQ_2_02511
prokka_CHQ_2/CHQ_2:Gene	CHQ_2_02512	CHQ_2_26:495337-495714	CHQ_2_02512
prokka_CHQ_2/CHQ_2:Gene	iscS_2	CHQ_2_26:495828-496973	CHQ_2_02513
prokka_CHQ_2/CHQ_2:Gene	CHQ_2_02514	CHQ_2_26:497080-497958	CHQ_2_02514
prokka_CHQ_2/CHQ_2:Gene	ygiS	CHQ_2_26:c499665-498016	CHQ_2_02515
prokka_CHQ_2/CHQ_2:Gene	cysK_2	CHQ_2_26:c500808-499876	CHQ_2_02516
prokka_CHQ_2/CHQ_2:Gene	CHQ_2_02517	CHQ_2_26:501026-502111	CHQ_2_02517
prokka_CHQ_2/CHQ_2:Gene	CHQ_2_02518	CHQ_2_26:c502782-502150	CHQ_2_02518
prokka_CHQ_2/CHQ_2:Gene	ponA	CHQ_2_26:c504858-502783	CHQ_2_02519
prokka_CHQ_2/CHQ_2:Gene	recU	CHQ_2_26:c505486-504845	CHQ_2_02520
prokka_CHQ_2/CHQ_2:Gene	CHQ_2_02521	CHQ_2_26:505567-506091	CHQ_2_02521
prokka_CHQ_2/CHQ_2:Gene	spxA_6	CHQ_2_26:506236-506637	CHQ_2_02522
prokka_CHQ_2/CHQ_2:Gene	CHQ_2_02523	CHQ_2_26:506729-507010	CHQ_2_02523
prokka_CHQ_2/CHQ_2:Gene	suhB	CHQ_2_26:506976-507755	CHQ_2_02524
prokka_CHQ_2/CHQ_2:Gene	murA1_2	CHQ_2_26:507846-509129	CHQ_2_02525
prokka_CHQ_2/CHQ_2:Gene	CHQ_2_02526	CHQ_2_26:509129-509320	CHQ_2_02526
prokka_CHQ_2/CHQ_2:Gene	tig	CHQ_2_26:509477-510760	CHQ_2_02527
prokka_CHQ_2/CHQ_2:Gene	CHQ_2_02528	CHQ_2_27:33-713	CHQ_2_02528
prokka_CHQ_2/CHQ_2:Gene	CHQ_2_02529	CHQ_2_27:729-917	CHQ_2_02529
prokka_CHQ_2/CHQ_2:Gene	rplJ	CHQ_2_27:1139-1654	CHQ_2_02530
prokka_CHQ_2/CHQ_2:Gene	rplL	CHQ_2_27:1724-2089	CHQ_2_02531
prokka_CHQ_2/CHQ_2:Gene	CHQ_2_02532	CHQ_2_27:c2879-2202	CHQ_2_02532
prokka_CHQ_2/CHQ_2:Gene	mnaA	CHQ_2_27:3416-4504	CHQ_2_02533
prokka_CHQ_2/CHQ_2:Gene	CHQ_2_02534	CHQ_2_27:4494-6968	CHQ_2_02534
prokka_CHQ_2/CHQ_2:Gene	thiM	CHQ_2_27:7253-8005	CHQ_2_02535
prokka_CHQ_2/CHQ_2:Gene	thiD	CHQ_2_27:8019-8822	CHQ_2_02536
prokka_CHQ_2/CHQ_2:Gene	thiE	CHQ_2_27:8812-9459	CHQ_2_02537
prokka_CHQ_2/CHQ_2:Gene	CHQ_2_02538	CHQ_2_27:9649-9780	CHQ_2_02538
prokka_CHQ_2/CHQ_2:Gene	dltA	CHQ_2_27:9805-11304	CHQ_2_02539
prokka_CHQ_2/CHQ_2:Gene	CHQ_2_02540	CHQ_2_27:11304-12527	CHQ_2_02540
prokka_CHQ_2/CHQ_2:Gene	dltC	CHQ_2_27:12570-12809	CHQ_2_02541
prokka_CHQ_2/CHQ_2:Gene	dltD	CHQ_2_27:12799-14085	CHQ_2_02542
prokka_CHQ_2/CHQ_2:Gene	mgtA	CHQ_2_27:14568-17300	CHQ_2_02543
prokka_CHQ_2/CHQ_2:Gene	mntR	CHQ_2_27:17394-18047	CHQ_2_02544
prokka_CHQ_2/CHQ_2:Gene	metE	CHQ_2_27:18209-20482	CHQ_2_02545
prokka_CHQ_2/CHQ_2:Gene	metF	CHQ_2_27:20472-21323	CHQ_2_02546
prokka_CHQ_2/CHQ_2:Gene	aroF_2	CHQ_2_27:21687-22709	CHQ_2_02547
prokka_CHQ_2/CHQ_2:Gene	CHQ_2_02548	CHQ_2_27:22971-24071	CHQ_2_02548
prokka_CHQ_2/CHQ_2:Gene	amyS	CHQ_2_27:c25607-24132	CHQ_2_02549
prokka_CHQ_2/CHQ_2:Gene	CHQ_2_02550	CHQ_2_27:25845-26747	CHQ_2_02550
prokka_CHQ_2/CHQ_2:Gene	CHQ_2_02551	CHQ_2_27:26961-28913	CHQ_2_02551
prokka_CHQ_2/CHQ_2:Gene	CHQ_2_02552	CHQ_2_27:29243-29950	CHQ_2_02552
prokka_CHQ_2/CHQ_2:Gene	CHQ_2_02553	CHQ_2_27:30220-31686	CHQ_2_02553
prokka_CHQ_2/CHQ_2:Gene	glpK	CHQ_2_27:32055-33551	CHQ_2_02554
prokka_CHQ_2/CHQ_2:Gene	glpO	CHQ_2_27:33588-35417	CHQ_2_02555
prokka_CHQ_2/CHQ_2:Gene	glpF_2	CHQ_2_27:35468-36205	CHQ_2_02556
prokka_CHQ_2/CHQ_2:Gene	dkgB	CHQ_2_27:c37519-36677	CHQ_2_02557
prokka_CHQ_2/CHQ_2:Gene	CHQ_2_02558	CHQ_2_27:38013-38255	CHQ_2_02558
prokka_CHQ_2/CHQ_2:Gene	CHQ_2_02559	CHQ_2_27:38290-38850	CHQ_2_02559
prokka_CHQ_2/CHQ_2:Gene	CHQ_2_02560	CHQ_2_27:38860-39048	CHQ_2_02560
prokka_CHQ_2/CHQ_2:Gene	CHQ_2_02561	CHQ_2_27:39069-39620	CHQ_2_02561
prokka_CHQ_2/CHQ_2:Gene	ceo_2	CHQ_2_27:39996-40925	CHQ_2_02562
prokka_CHQ_2/CHQ_2:Gene	gltC	CHQ_2_27:c42106-41195	CHQ_2_02563
prokka_CHQ_2/CHQ_2:Gene	CHQ_2_02564	CHQ_2_27:c43931-42174	CHQ_2_02564
prokka_CHQ_2/CHQ_2:Gene	CHQ_2_02565	CHQ_2_28:314-1822	CHQ_2_02565
prokka_CHQ_2/CHQ_2:Gene	CHQ_2_02566	CHQ_2_28:1779-1943	CHQ_2_02566
prokka_CHQ_2/CHQ_2:Gene	CHQ_2_02567	CHQ_2_28:1940-2227	CHQ_2_02567
prokka_CHQ_2/CHQ_2:Gene	CHQ_2_02568	CHQ_2_28:2233-3339	CHQ_2_02568
prokka_CHQ_2/CHQ_2:Gene	CHQ_2_02569	CHQ_2_28:3387-3809	CHQ_2_02569
prokka_CHQ_2/CHQ_2:Gene	CHQ_2_02570	CHQ_2_28:3861-4070	CHQ_2_02570
prokka_CHQ_2/CHQ_2:Gene	CHQ_2_02571	CHQ_2_28:4067-4342	CHQ_2_02571
prokka_CHQ_2/CHQ_2:Gene	CHQ_2_02572	CHQ_2_28:4458-5105	CHQ_2_02572
prokka_CHQ_2/CHQ_2:Gene	CHQ_2_02573	CHQ_2_28:5122-6159	CHQ_2_02573
prokka_CHQ_2/CHQ_2:Gene	CHQ_2_02574	CHQ_2_28:6173-6508	CHQ_2_02574
prokka_CHQ_2/CHQ_2:Gene	CHQ_2_02575	CHQ_2_28:6489-6842	CHQ_2_02575
prokka_CHQ_2/CHQ_2:Gene	CHQ_2_02576	CHQ_2_28:6832-7374	CHQ_2_02576
prokka_CHQ_2/CHQ_2:Gene	CHQ_2_02577	CHQ_2_28:7374-7736	CHQ_2_02577
prokka_CHQ_2/CHQ_2:Gene	CHQ_2_02578	CHQ_2_29:51-323	CHQ_2_02578
prokka_CHQ_2/CHQ_2:Gene	CHQ_2_02579	CHQ_2_29:332-538	CHQ_2_02579
prokka_CHQ_2/CHQ_2:Gene	CHQ_2_02580	CHQ_2_29:531-1175	CHQ_2_02580
prokka_CHQ_2/CHQ_2:Gene	CHQ_2_02581	CHQ_2_29:1172-1336	CHQ_2_02581
prokka_CHQ_2/CHQ_2:Gene	CHQ_2_02582	CHQ_2_29:1333-1467	CHQ_2_02582
prokka_CHQ_2/CHQ_2:Gene	dut_2	CHQ_2_29:1480-1902	CHQ_2_02583
prokka_CHQ_2/CHQ_2:Gene	CHQ_2_02584	CHQ_2_29:1905-2432	CHQ_2_02584
prokka_CHQ_2/CHQ_2:Gene	CHQ_2_02585	CHQ_2_29:2425-2817	CHQ_2_02585
prokka_CHQ_2/CHQ_2:Gene	CHQ_2_02586	CHQ_2_29:2814-2990	CHQ_2_02586
prokka_CHQ_2/CHQ_2:Gene	CHQ_2_02587	CHQ_2_29:c3449-2922	CHQ_2_02587
prokka_CHQ_2/CHQ_2:Gene	CHQ_2_02588	CHQ_2_29:3558-3731	CHQ_2_02588
prokka_CHQ_2/CHQ_2:Gene	CHQ_2_02589	CHQ_2_29:3874-4104	CHQ_2_02589
prokka_CHQ_2/CHQ_2:Gene	CHQ_2_02590	CHQ_2_29:4487-4846	CHQ_2_02590
prokka_CHQ_2/CHQ_2:Gene	CHQ_2_02591	CHQ_2_29:4922-5221	CHQ_2_02591
prokka_CHQ_2/CHQ_2:Gene	CHQ_2_02592	CHQ_2_29:5713-6024	CHQ_2_02592
prokka_CHQ_2/CHQ_2:Gene	CHQ_2_02593	CHQ_2_29:6014-7753	CHQ_2_02593
prokka_CHQ_2/CHQ_2:Gene	CHQ_2_02594	CHQ_2_29:7860-9137	CHQ_2_02594
prokka_CHQ_2/CHQ_2:Gene	clpP_2	CHQ_2_29:9124-9891	CHQ_2_02595
prokka_CHQ_2/CHQ_2:Gene	CHQ_2_02596	CHQ_2_29:9891-11012	CHQ_2_02596
prokka_CHQ_2/CHQ_2:Gene	CHQ_2_02597	CHQ_2_29:11094-11345	CHQ_2_02597
prokka_CHQ_2/CHQ_2:Gene	CHQ_2_02598	CHQ_2_29:11363-11695	CHQ_2_02598
prokka_CHQ_2/CHQ_2:Gene	CHQ_2_02599	CHQ_2_29:11661-12047	CHQ_2_02599
prokka_CHQ_2/CHQ_2:Gene	CHQ_2_02600	CHQ_2_29:12040-12444	CHQ_2_02600
prokka_CHQ_2/CHQ_2:Gene	CHQ_2_02601	CHQ_2_29:12441-12830	CHQ_2_02601
prokka_CHQ_2/CHQ_2:Gene	CHQ_2_02602	CHQ_2_29:12845-13423	CHQ_2_02602
prokka_CHQ_2/CHQ_2:Gene	CHQ_2_02603	CHQ_2_29:13480-13785	CHQ_2_02603
prokka_CHQ_2/CHQ_2:Gene	CHQ_2_02604	CHQ_2_29:14061-14624	CHQ_2_02604
prokka_CHQ_2/CHQ_2:Gene	CHQ_2_02605	CHQ_2_29:14702-18802	CHQ_2_02605
prokka_CHQ_2/CHQ_2:Gene	CHQ_2_02606	CHQ_2_29:18799-20325	CHQ_2_02606
prokka_CHQ_2/CHQ_2:Gene	CHQ_2_02607	CHQ_2_29:20325-23843	CHQ_2_02607
prokka_CHQ_2/CHQ_2:Gene	CHQ_2_02608	CHQ_2_29:23867-24187	CHQ_2_02608
prokka_CHQ_2/CHQ_2:Gene	CHQ_2_02609	CHQ_2_29:24189-24641	CHQ_2_02609
prokka_CHQ_2/CHQ_2:Gene	CHQ_2_02610	CHQ_2_29:24643-25194	CHQ_2_02610
prokka_CHQ_2/CHQ_2:Gene	CHQ_2_02611	CHQ_2_29:25134-25487	CHQ_2_02611
prokka_CHQ_2/CHQ_2:Gene	CHQ_2_02612	CHQ_2_29:25578-26078	CHQ_2_02612
prokka_CHQ_2/CHQ_2:Gene	socA	CHQ_2_29:26223-26750	CHQ_2_02613
prokka_CHQ_2/CHQ_2:Gene	CHQ_2_02614	CHQ_2_29:26755-27663	CHQ_2_02614
prokka_CHQ_2/CHQ_2:Gene	CHQ_2_02615	CHQ_2_29:27746-28378	CHQ_2_02615
prokka_CHQ_2/CHQ_2:Gene	CHQ_2_02616	CHQ_2_29:28608-29054	CHQ_2_02616
prokka_CHQ_2/CHQ_2:Gene	CHQ_2_02617	CHQ_2_29:29138-29464	CHQ_2_02617
prokka_CHQ_2/CHQ_2:Gene	fhs1	CHQ_2_29:29620-31287	CHQ_2_02618
prokka_CHQ_2/CHQ_2:Gene	CHQ_2_02619	CHQ_2_29:31396-31989	CHQ_2_02619
prokka_CHQ_2/CHQ_2:Gene	tcyJ	CHQ_2_29:32127-32972	CHQ_2_02620
prokka_CHQ_2/CHQ_2:Gene	CHQ_2_02621	CHQ_2_29:33240-34127	CHQ_2_02621
prokka_CHQ_2/CHQ_2:Gene	tcyN	CHQ_2_29:34139-34891	CHQ_2_02622
prokka_CHQ_2/CHQ_2:Gene	CHQ_2_02623	CHQ_2_29:34893-35120	CHQ_2_02623
prokka_CHQ_2/CHQ_2:Gene	trxB	CHQ_2_29:35315-36241	CHQ_2_02624
prokka_CHQ_2/CHQ_2:Gene	secG	CHQ_2_29:36384-36632	CHQ_2_02625
prokka_CHQ_2/CHQ_2:Gene	rnr_2	CHQ_2_29:36882-39335	CHQ_2_02626
prokka_CHQ_2/CHQ_2:Gene	yecD_1	CHQ_2_29:39354-39941	CHQ_2_02627
prokka_CHQ_2/CHQ_2:Gene	CHQ_2_02628	CHQ_2_29:40021-41079	CHQ_2_02628
prokka_CHQ_2/CHQ_2:Gene	menA_3	CHQ_2_29:c42046-41105	CHQ_2_02629
prokka_CHQ_2/CHQ_2:Gene	CHQ_2_02630	CHQ_2_29:42200-42463	CHQ_2_02630
prokka_CHQ_2/CHQ_2:Gene	CHQ_2_02631	CHQ_2_29:42580-43917	CHQ_2_02631
prokka_CHQ_2/CHQ_2:Gene	CHQ_2_02632	CHQ_2_29:44017-44496	CHQ_2_02632
prokka_CHQ_2/CHQ_2:Gene	gpmA_2	CHQ_2_29:44563-45258	CHQ_2_02633
prokka_CHQ_2/CHQ_2:Gene	vanYB	CHQ_2_29:45255-46001	CHQ_2_02634
prokka_CHQ_2/CHQ_2:Gene	CHQ_2_02635	CHQ_2_29:46015-46419	CHQ_2_02635
prokka_CHQ_2/CHQ_2:Gene	hrcA	CHQ_2_29:46641-47684	CHQ_2_02636
prokka_CHQ_2/CHQ_2:Gene	grpE	CHQ_2_29:47714-48253	CHQ_2_02637
prokka_CHQ_2/CHQ_2:Gene	dnaK	CHQ_2_29:48326-50149	CHQ_2_02638
prokka_CHQ_2/CHQ_2:Gene	sph	CHQ_2_29:50363-52126	CHQ_2_02639
prokka_CHQ_2/CHQ_2:Gene	scmP	CHQ_2_29:52193-53332	CHQ_2_02640
prokka_CHQ_2/CHQ_2:Gene	glcR_2	CHQ_2_29:53453-54154	CHQ_2_02641
prokka_CHQ_2/CHQ_2:Gene	lacC	CHQ_2_29:54238-55155	CHQ_2_02642
prokka_CHQ_2/CHQ_2:Gene	fruA_2	CHQ_2_29:55155-57059	CHQ_2_02643
prokka_CHQ_2/CHQ_2:Gene	clsA_2	CHQ_2_29:57146-58591	CHQ_2_02644
prokka_CHQ_2/CHQ_2:Gene	yvcJ	CHQ_2_29:58671-59558	CHQ_2_02645
prokka_CHQ_2/CHQ_2:Gene	CHQ_2_02646	CHQ_2_29:59555-60538	CHQ_2_02646
prokka_CHQ_2/CHQ_2:Gene	whiA	CHQ_2_29:60642-61559	CHQ_2_02647
prokka_CHQ_2/CHQ_2:Gene	betI	CHQ_2_29:c62160-61603	CHQ_2_02648
prokka_CHQ_2/CHQ_2:Gene	CHQ_2_02649	CHQ_2_29:62316-63194	CHQ_2_02649
prokka_CHQ_2/CHQ_2:Gene	CHQ_2_02650	CHQ_2_29:63205-64827	CHQ_2_02650
prokka_CHQ_2/CHQ_2:Gene	CHQ_2_02651	CHQ_2_29:65007-65339	CHQ_2_02651
prokka_CHQ_2/CHQ_2:Gene	focB	CHQ_2_29:65483-66277	CHQ_2_02652
prokka_CHQ_2/CHQ_2:Gene	CHQ_2_02653	CHQ_2_29:c66840-66310	CHQ_2_02653
prokka_CHQ_2/CHQ_2:Gene	CHQ_2_02654	CHQ_2_29:c67910-67005	CHQ_2_02654
prokka_CHQ_2/CHQ_2:Gene	prfB	CHQ_2_29:68027-69124	CHQ_2_02655
prokka_CHQ_2/CHQ_2:Gene	ftsE	CHQ_2_29:69452-70144	CHQ_2_02656
prokka_CHQ_2/CHQ_2:Gene	ftsX	CHQ_2_29:70137-71072	CHQ_2_02657
prokka_CHQ_2/CHQ_2:Gene	nrdF2	CHQ_2_29:c72151-71174	CHQ_2_02658
prokka_CHQ_2/CHQ_2:Gene	nrdE	CHQ_2_29:c74669-72501	CHQ_2_02659
prokka_CHQ_2/CHQ_2:Gene	CHQ_2_02660	CHQ_2_29:c75227-74805	CHQ_2_02660
prokka_CHQ_2/CHQ_2:Gene	nrdH	CHQ_2_29:c75447-75229	CHQ_2_02661
prokka_CHQ_2/CHQ_2:Gene	plsY	CHQ_2_29:c76259-75621	CHQ_2_02662
prokka_CHQ_2/CHQ_2:Gene	parE	CHQ_2_29:76534-78468	CHQ_2_02663
prokka_CHQ_2/CHQ_2:Gene	yecD_2	CHQ_2_29:78673-79212	CHQ_2_02664
prokka_CHQ_2/CHQ_2:Gene	dinG_2	CHQ_2_29:79205-80038	CHQ_2_02665
prokka_CHQ_2/CHQ_2:Gene	elaA	CHQ_2_29:80035-80484	CHQ_2_02666
prokka_CHQ_2/CHQ_2:Gene	parC	CHQ_2_29:80760-83234	CHQ_2_02667
prokka_CHQ_2/CHQ_2:Gene	CHQ_2_02668	CHQ_2_29:c84165-83260	CHQ_2_02668
prokka_CHQ_2/CHQ_2:Gene	ribD	CHQ_2_29:84634-85722	CHQ_2_02669
prokka_CHQ_2/CHQ_2:Gene	ribE	CHQ_2_29:85722-86372	CHQ_2_02670
prokka_CHQ_2/CHQ_2:Gene	ribBA	CHQ_2_29:86381-87577	CHQ_2_02671
prokka_CHQ_2/CHQ_2:Gene	ribH	CHQ_2_29:87605-88069	CHQ_2_02672
prokka_CHQ_2/CHQ_2:Gene	lspA	CHQ_2_29:88172-88624	CHQ_2_02673
prokka_CHQ_2/CHQ_2:Gene	rluD	CHQ_2_29:88685-89590	CHQ_2_02674
prokka_CHQ_2/CHQ_2:Gene	CHQ_2_02675	CHQ_2_29:89737-90180	CHQ_2_02675
prokka_CHQ_2/CHQ_2:Gene	CHQ_2_02676	CHQ_2_29:90371-91942	CHQ_2_02676
prokka_CHQ_2/CHQ_2:Gene	ykoT	CHQ_2_29:91945-92901	CHQ_2_02677
prokka_CHQ_2/CHQ_2:Gene	mprA	CHQ_2_29:93027-93713	CHQ_2_02678
prokka_CHQ_2/CHQ_2:Gene	CHQ_2_02679	CHQ_2_29:93733-94248	CHQ_2_02679
prokka_CHQ_2/CHQ_2:Gene	sasA_2	CHQ_2_29:94252-95577	CHQ_2_02680
prokka_CHQ_2/CHQ_2:Gene	CHQ_2_02681	CHQ_2_29:95584-96240	CHQ_2_02681
prokka_CHQ_2/CHQ_2:Gene	glmS	CHQ_2_29:96421-98238	CHQ_2_02682
prokka_CHQ_2/CHQ_2:Gene	CHQ_2_02683	CHQ_2_29:98369-99001	CHQ_2_02683
prokka_CHQ_2/CHQ_2:Gene	rex	CHQ_2_29:c99786-99136	CHQ_2_02684
prokka_CHQ_2/CHQ_2:Gene	spxA_7	CHQ_2_29:100011-100403	CHQ_2_02685
prokka_CHQ_2/CHQ_2:Gene	ettA_2	CHQ_2_29:100581-102488	CHQ_2_02686
prokka_CHQ_2/CHQ_2:Gene	CHQ_2_02687	CHQ_2_29:102661-103518	CHQ_2_02687
prokka_CHQ_2/CHQ_2:Gene	CHQ_2_02688	CHQ_2_29:103764-104495	CHQ_2_02688
prokka_CHQ_2/CHQ_2:Gene	CHQ_2_02689	CHQ_2_29:104508-104687	CHQ_2_02689
prokka_CHQ_2/CHQ_2:Gene	CHQ_2_02690	CHQ_2_29:104721-104909	CHQ_2_02690
prokka_CHQ_2/CHQ_2:Gene	CHQ_2_02691	CHQ_2_29:105195-105374	CHQ_2_02691
prokka_CHQ_2/CHQ_2:Gene	pyrE	CHQ_2_29:105717-106346	CHQ_2_02692
prokka_CHQ_2/CHQ_2:Gene	pyrC	CHQ_2_29:106447-107772	CHQ_2_02693
prokka_CHQ_2/CHQ_2:Gene	CHQ_2_02694	CHQ_2_29:c107948-107832	CHQ_2_02694
prokka_CHQ_2/CHQ_2:Gene	intS	CHQ_2_29:c109473-108283	CHQ_2_02695
prokka_CHQ_2/CHQ_2:Gene	CHQ_2_02696	CHQ_2_29:c109776-109576	CHQ_2_02696
prokka_CHQ_2/CHQ_2:Gene	CHQ_2_02697	CHQ_2_29:c110284-109874	CHQ_2_02697
prokka_CHQ_2/CHQ_2:Gene	CHQ_2_02698	CHQ_2_29:c110667-110290	CHQ_2_02698
prokka_CHQ_2/CHQ_2:Gene	CHQ_2_02699	CHQ_2_29:110827-111045	CHQ_2_02699
prokka_CHQ_2/CHQ_2:Gene	CHQ_2_02700	CHQ_2_29:111086-111796	CHQ_2_02700
prokka_CHQ_2/CHQ_2:Gene	CHQ_2_02701	CHQ_2_29:111813-111929	CHQ_2_02701
prokka_CHQ_2/CHQ_2:Gene	CHQ_2_02702	CHQ_2_29:111953-112222	CHQ_2_02702
prokka_CHQ_2/CHQ_2:Gene	CHQ_2_02703	CHQ_2_29:112304-113464	CHQ_2_02703
prokka_CHQ_2/CHQ_2:Gene	CHQ_2_02704	CHQ_2_29:113513-114328	CHQ_2_02704
prokka_CHQ_2/CHQ_2:Gene	CHQ_2_02705	CHQ_2_29:114322-114558	CHQ_2_02705
prokka_CHQ_2/CHQ_2:Gene	CHQ_2_02706	CHQ_2_29:c114967-114596	CHQ_2_02706
prokka_CHQ_2/CHQ_2:Gene	CHQ_2_02707	CHQ_2_29:115022-116485	CHQ_2_02707
prokka_CHQ_2/CHQ_2:Gene	CHQ_2_02708	CHQ_2_29:116557-116907	CHQ_2_02708
prokka_CHQ_2/CHQ_2:Gene	CHQ_2_02709	CHQ_2_29:116904-117053	CHQ_2_02709
prokka_CHQ_2/CHQ_2:Gene	CHQ_2_02710	CHQ_2_29:117135-117434	CHQ_2_02710
prokka_CHQ_2/CHQ_2:Gene	CHQ_2_02711	CHQ_2_29:117474-117893	CHQ_2_02711
prokka_CHQ_2/CHQ_2:Gene	CHQ_2_02712	CHQ_2_29:117912-118121	CHQ_2_02712
prokka_CHQ_2/CHQ_2:Gene	CHQ_2_02713	CHQ_2_29:118118-118753	CHQ_2_02713
prokka_CHQ_2/CHQ_2:Gene	CHQ_2_02714	CHQ_2_29:118935-119312	CHQ_2_02714
prokka_CHQ_2/CHQ_2:Gene	CHQ_2_02715	CHQ_2_29:119309-119530	CHQ_2_02715
prokka_CHQ_2/CHQ_2:Gene	CHQ_2_02716	CHQ_2_29:119523-120020	CHQ_2_02716
prokka_CHQ_2/CHQ_2:Gene	CHQ_2_02717	CHQ_2_29:120040-120276	CHQ_2_02717
prokka_CHQ_2/CHQ_2:Gene	CHQ_2_02718	CHQ_2_29:120295-120783	CHQ_2_02718
prokka_CHQ_2/CHQ_2:Gene	CHQ_2_02719	CHQ_2_29:120776-121114	CHQ_2_02719
prokka_CHQ_2/CHQ_2:Gene	CHQ_2_02720	CHQ_2_29:121114-121281	CHQ_2_02720
prokka_CHQ_2/CHQ_2:Gene	CHQ_2_02721	CHQ_2_29:121278-121442	CHQ_2_02721
prokka_CHQ_2/CHQ_2:Gene	CHQ_2_02722	CHQ_2_29:121786-123309	CHQ_2_02722
prokka_CHQ_2/CHQ_2:Gene	CHQ_2_02723	CHQ_2_29:123312-124457	CHQ_2_02723
prokka_CHQ_2/CHQ_2:Gene	yceC	CHQ_2_29:124522-125094	CHQ_2_02724
prokka_CHQ_2/CHQ_2:Gene	yceD_1	CHQ_2_29:125109-125684	CHQ_2_02725
prokka_CHQ_2/CHQ_2:Gene	yceD_2	CHQ_2_29:125695-126276	CHQ_2_02726
prokka_CHQ_2/CHQ_2:Gene	CHQ_2_02727	CHQ_2_29:126577-127644	CHQ_2_02727
prokka_CHQ_2/CHQ_2:Gene	xerD	CHQ_2_29:c128774-127884	CHQ_2_02728
prokka_CHQ_2/CHQ_2:Gene	CHQ_2_02729	CHQ_2_29:128877-131267	CHQ_2_02729
prokka_CHQ_2/CHQ_2:Gene	CHQ_2_02730	CHQ_2_29:c132522-131272	CHQ_2_02730
prokka_CHQ_2/CHQ_2:Gene	CHQ_2_02731	CHQ_2_29:132693-132806	CHQ_2_02731
prokka_CHQ_2/CHQ_2:Gene	CHQ_2_02732	CHQ_2_29:133165-133449	CHQ_2_02732
prokka_CHQ_2/CHQ_2:Gene	ssb_5	CHQ_2_29:134945-135385	CHQ_2_02733
prokka_CHQ_2/CHQ_2:Gene	CHQ_2_02734	CHQ_2_29:135500-135733	CHQ_2_02734
prokka_CHQ_2/CHQ_2:Gene	CHQ_2_02735	CHQ_2_29:135759-136319	CHQ_2_02735
prokka_CHQ_2/CHQ_2:Gene	CHQ_2_02736	CHQ_2_29:136403-137326	CHQ_2_02736
prokka_CHQ_2/CHQ_2:Gene	CHQ_2_02737	CHQ_2_29:137440-138327	CHQ_2_02737
prokka_CHQ_2/CHQ_2:Gene	CHQ_2_02738	CHQ_2_29:138406-139788	CHQ_2_02738
prokka_CHQ_2/CHQ_2:Gene	CHQ_2_02739	CHQ_2_29:139805-139996	CHQ_2_02739
prokka_CHQ_2/CHQ_2:Gene	CHQ_2_02740	CHQ_2_29:140074-140517	CHQ_2_02740
prokka_CHQ_2/CHQ_2:Gene	CHQ_2_02741	CHQ_2_29:140613-140993	CHQ_2_02741
prokka_CHQ_2/CHQ_2:Gene	CHQ_2_02742	CHQ_2_29:141128-141289	CHQ_2_02742
prokka_CHQ_2/CHQ_2:Gene	CHQ_2_02743	CHQ_2_29:141300-141578	CHQ_2_02743
prokka_CHQ_2/CHQ_2:Gene	CHQ_2_02744	CHQ_2_29:141666-141968	CHQ_2_02744
prokka_CHQ_2/CHQ_2:Gene	CHQ_2_02745	CHQ_2_29:141993-142655	CHQ_2_02745
prokka_CHQ_2/CHQ_2:Gene	esxA	CHQ_2_29:143012-143302	CHQ_2_02746
prokka_CHQ_2/CHQ_2:Gene	CHQ_2_02747	CHQ_2_29:143346-143819	CHQ_2_02747
prokka_CHQ_2/CHQ_2:Gene	CHQ_2_02748	CHQ_2_29:143816-144079	CHQ_2_02748
prokka_CHQ_2/CHQ_2:Gene	essB	CHQ_2_29:144066-145193	CHQ_2_02749
prokka_CHQ_2/CHQ_2:Gene	CHQ_2_02750	CHQ_2_29:145195-149673	CHQ_2_02750
prokka_CHQ_2/CHQ_2:Gene	CHQ_2_02751	CHQ_2_29:149679-150128	CHQ_2_02751
prokka_CHQ_2/CHQ_2:Gene	CHQ_2_02752	CHQ_2_29:150140-150418	CHQ_2_02752
prokka_CHQ_2/CHQ_2:Gene	CHQ_2_02753	CHQ_2_29:150422-150778	CHQ_2_02753
prokka_CHQ_2/CHQ_2:Gene	CHQ_2_02754	CHQ_2_29:150769-152052	CHQ_2_02754
prokka_CHQ_2/CHQ_2:Gene	CHQ_2_02755	CHQ_2_29:152058-153011	CHQ_2_02755
prokka_CHQ_2/CHQ_2:Gene	CHQ_2_02756	CHQ_2_29:153008-153457	CHQ_2_02756
prokka_CHQ_2/CHQ_2:Gene	CHQ_2_02757	CHQ_2_29:153457-153978	CHQ_2_02757
prokka_CHQ_2/CHQ_2:Gene	CHQ_2_02758	CHQ_2_29:154179-156986	CHQ_2_02758
prokka_CHQ_2/CHQ_2:Gene	CHQ_2_02759	CHQ_2_29:156997-157824	CHQ_2_02759
prokka_CHQ_2/CHQ_2:Gene	CHQ_2_02760	CHQ_2_29:157943-158785	CHQ_2_02760
prokka_CHQ_2/CHQ_2:Gene	spxA_8	CHQ_2_29:158798-159211	CHQ_2_02761
prokka_CHQ_2/CHQ_2:Gene	CHQ_2_02762	CHQ_2_29:159286-160785	CHQ_2_02762
prokka_CHQ_2/CHQ_2:Gene	CHQ_2_02763	CHQ_2_29:160799-161374	CHQ_2_02763
prokka_CHQ_2/CHQ_2:Gene	CHQ_2_02764	CHQ_2_29:161433-162104	CHQ_2_02764
prokka_CHQ_2/CHQ_2:Gene	CHQ_2_02765	CHQ_2_29:162175-162408	CHQ_2_02765
prokka_CHQ_2/CHQ_2:Gene	CHQ_2_02766	CHQ_2_29:162415-162651	CHQ_2_02766
prokka_CHQ_2/CHQ_2:Gene	CHQ_2_02767	CHQ_2_29:162770-163003	CHQ_2_02767
prokka_CHQ_2/CHQ_2:Gene	CHQ_2_02768	CHQ_2_29:163154-164011	CHQ_2_02768
prokka_CHQ_2/CHQ_2:Gene	topA_2	CHQ_2_29:164233-166320	CHQ_2_02769
prokka_CHQ_2/CHQ_2:Gene	dinG_3	CHQ_2_29:166568-168634	CHQ_2_02770
prokka_CHQ_2/CHQ_2:Gene	CHQ_2_02771	CHQ_2_29:168963-169556	CHQ_2_02771
prokka_CHQ_2/CHQ_2:Gene	CHQ_2_02772	CHQ_2_29:169566-169865	CHQ_2_02772
prokka_CHQ_2/CHQ_2:Gene	CHQ_2_02773	CHQ_2_29:169837-171180	CHQ_2_02773
prokka_CHQ_2/CHQ_2:Gene	CHQ_2_02774	CHQ_2_29:171181-172143	CHQ_2_02774
prokka_CHQ_2/CHQ_2:Gene	CHQ_2_02775	CHQ_2_29:172312-172848	CHQ_2_02775
prokka_CHQ_2/CHQ_2:Gene	CHQ_2_02776	CHQ_2_29:172932-173348	CHQ_2_02776
prokka_CHQ_2/CHQ_2:Gene	CHQ_2_02777	CHQ_2_29:173345-175654	CHQ_2_02777
prokka_CHQ_2/CHQ_2:Gene	CHQ_2_02778	CHQ_2_29:175755-176372	CHQ_2_02778
prokka_CHQ_2/CHQ_2:Gene	CHQ_2_02779	CHQ_2_29:176384-178453	CHQ_2_02779
prokka_CHQ_2/CHQ_2:Gene	CHQ_2_02780	CHQ_2_29:178456-179346	CHQ_2_02780
prokka_CHQ_2/CHQ_2:Gene	CHQ_2_02781	CHQ_2_29:179357-179803	CHQ_2_02781
prokka_CHQ_2/CHQ_2:Gene	CHQ_2_02782	CHQ_2_29:179902-180306	CHQ_2_02782
prokka_CHQ_2/CHQ_2:Gene	CHQ_2_02783	CHQ_2_29:180330-180665	CHQ_2_02783
prokka_CHQ_2/CHQ_2:Gene	CHQ_2_02784	CHQ_2_29:180670-180966	CHQ_2_02784
prokka_CHQ_2/CHQ_2:Gene	CHQ_2_02785	CHQ_2_29:181044-182126	CHQ_2_02785
prokka_CHQ_2/CHQ_2:Gene	CHQ_2_02786	CHQ_2_29:182289-183539	CHQ_2_02786
prokka_CHQ_2/CHQ_2:Gene	CHQ_2_02787	CHQ_2_29:183552-184367	CHQ_2_02787
prokka_CHQ_2/CHQ_2:Gene	CHQ_2_02788	CHQ_2_29:184624-185073	CHQ_2_02788
prokka_CHQ_2/CHQ_2:Gene	CHQ_2_02789	CHQ_2_29:185201-187876	CHQ_2_02789
prokka_CHQ_2/CHQ_2:Gene	CHQ_2_02790	CHQ_2_29:187987-188931	CHQ_2_02790
prokka_CHQ_2/CHQ_2:Gene	CHQ_2_02791	CHQ_2_29:188942-190039	CHQ_2_02791

DiscRep_ALL:DISC_SOURCE_QUALS_ASNDISC::strain (all present, all same)
DiscRep_SUB:DISC_SOURCE_QUALS_ASNDISC::29 sources have 'strain' for strain
DiscRep_ALL:DISC_SOURCE_QUALS_ASNDISC::taxname (all present, all same)
DiscRep_SUB:DISC_SOURCE_QUALS_ASNDISC::29 sources have 'Genus species' for taxname
DiscRep_ALL:DISC_FEATURE_COUNT::gene: 2791 present
DiscRep_ALL:DISC_FEATURE_COUNT::CDS: 2738 present
DiscRep_ALL:DISC_FEATURE_COUNT::tRNA: 49 present
DiscRep_ALL:DISC_FEATURE_COUNT::rRNA: 3 present
DiscRep_ALL:DISC_FEATURE_COUNT::tmRNA: 1 present
DiscRep_ALL:DISC_COUNT_NUCLEOTIDES::29 nucleotide Bioseqs are present
prokka_CHQ_2/CHQ_2:Prokka:CHQ_2_1 (length 7221)
prokka_CHQ_2/CHQ_2:Prokka:CHQ_2_2 (length 40311)
prokka_CHQ_2/CHQ_2:Prokka:CHQ_2_3 (length 4375)
prokka_CHQ_2/CHQ_2:Prokka:CHQ_2_4 (length 15615)
prokka_CHQ_2/CHQ_2:Prokka:CHQ_2_5 (length 203393)
prokka_CHQ_2/CHQ_2:Prokka:CHQ_2_6 (length 38918)
prokka_CHQ_2/CHQ_2:Prokka:CHQ_2_7 (length 304765)
prokka_CHQ_2/CHQ_2:Prokka:CHQ_2_8 (length 361391)
prokka_CHQ_2/CHQ_2:Prokka:CHQ_2_9 (length 209782)
prokka_CHQ_2/CHQ_2:Prokka:CHQ_2_10 (length 174556)
prokka_CHQ_2/CHQ_2:Prokka:CHQ_2_11 (length 14377)
prokka_CHQ_2/CHQ_2:Prokka:CHQ_2_12 (length 4404)
prokka_CHQ_2/CHQ_2:Prokka:CHQ_2_13 (length 277461)
prokka_CHQ_2/CHQ_2:Prokka:CHQ_2_14 (length 39840)
prokka_CHQ_2/CHQ_2:Prokka:CHQ_2_15 (length 35741)
prokka_CHQ_2/CHQ_2:Prokka:CHQ_2_16 (length 3362)
prokka_CHQ_2/CHQ_2:Prokka:CHQ_2_17 (length 128654)
prokka_CHQ_2/CHQ_2:Prokka:CHQ_2_18 (length 1173)
prokka_CHQ_2/CHQ_2:Prokka:CHQ_2_19 (length 18180)
prokka_CHQ_2/CHQ_2:Prokka:CHQ_2_20 (length 75476)
prokka_CHQ_2/CHQ_2:Prokka:CHQ_2_21 (length 12140)
prokka_CHQ_2/CHQ_2:Prokka:CHQ_2_22 (length 20097)
prokka_CHQ_2/CHQ_2:Prokka:CHQ_2_23 (length 4634)
prokka_CHQ_2/CHQ_2:Prokka:CHQ_2_24 (length 6280)
prokka_CHQ_2/CHQ_2:Prokka:CHQ_2_25 (length 4058)
prokka_CHQ_2/CHQ_2:Prokka:CHQ_2_26 (length 511058)
prokka_CHQ_2/CHQ_2:Prokka:CHQ_2_27 (length 45371)
prokka_CHQ_2/CHQ_2:Prokka:CHQ_2_28 (length 7799)
prokka_CHQ_2/CHQ_2:Prokka:CHQ_2_29 (length 190638)

DiscRep_ALL:OVERLAPPING_GENES::674 genes overlap another gene on the same strand.
prokka_CHQ_2/CHQ_2:Gene	CHQ_2_00004	CHQ_2_2:487-642	CHQ_2_00004
prokka_CHQ_2/CHQ_2:Gene	xerC_1	CHQ_2_2:639-1604	CHQ_2_00005
prokka_CHQ_2/CHQ_2:Gene	CHQ_2_00035	CHQ_2_2:c33707-33297	CHQ_2_00035
prokka_CHQ_2/CHQ_2:Gene	CHQ_2_00036	CHQ_2_2:c34207-33704	CHQ_2_00036
prokka_CHQ_2/CHQ_2:Gene	CHQ_2_00045	CHQ_2_2:c38938-37655	CHQ_2_00045
prokka_CHQ_2/CHQ_2:Gene	CHQ_2_00046	CHQ_2_2:c39303-38935	CHQ_2_00046
prokka_CHQ_2/CHQ_2:Gene	CHQ_2_00059	CHQ_2_4:c5000-3777	CHQ_2_00059
prokka_CHQ_2/CHQ_2:Gene	CHQ_2_00060	CHQ_2_4:c6588-4993	CHQ_2_00060
prokka_CHQ_2/CHQ_2:Gene	hsdR_1	CHQ_2_4:c9665-6588	CHQ_2_00061
prokka_CHQ_2/CHQ_2:Gene	CHQ_2_00062	CHQ_2_4:c10305-9676	CHQ_2_00062
prokka_CHQ_2/CHQ_2:Gene	CHQ_2_00063	CHQ_2_4:c11456-10305	CHQ_2_00063
prokka_CHQ_2/CHQ_2:Gene	CHQ_2_00075	CHQ_2_5:3923-4192	CHQ_2_00075
prokka_CHQ_2/CHQ_2:Gene	CHQ_2_00076	CHQ_2_5:4185-4583	CHQ_2_00076
prokka_CHQ_2/CHQ_2:Gene	CHQ_2_00077	CHQ_2_5:4555-4851	CHQ_2_00077
prokka_CHQ_2/CHQ_2:Gene	zitR	CHQ_2_5:5665-6102	CHQ_2_00080
prokka_CHQ_2/CHQ_2:Gene	znuA	CHQ_2_5:6099-6941	CHQ_2_00081
prokka_CHQ_2/CHQ_2:Gene	znuC	CHQ_2_5:7118-7855	CHQ_2_00082
prokka_CHQ_2/CHQ_2:Gene	znuB_1	CHQ_2_5:7848-8657	CHQ_2_00083
prokka_CHQ_2/CHQ_2:Gene	thrC	CHQ_2_5:17153-18643	CHQ_2_00092
prokka_CHQ_2/CHQ_2:Gene	yeeO	CHQ_2_5:18640-19929	CHQ_2_00093
prokka_CHQ_2/CHQ_2:Gene	rplD	CHQ_2_5:21627-22253	CHQ_2_00097
prokka_CHQ_2/CHQ_2:Gene	rplW	CHQ_2_5:22253-22546	CHQ_2_00098
prokka_CHQ_2/CHQ_2:Gene	rplP	CHQ_2_5:24863-25276	CHQ_2_00103
prokka_CHQ_2/CHQ_2:Gene	rpmC	CHQ_2_5:25276-25485	CHQ_2_00104
prokka_CHQ_2/CHQ_2:Gene	CHQ_2_00132	CHQ_2_5:42591-42953	CHQ_2_00132
prokka_CHQ_2/CHQ_2:Gene	CHQ_2_00133	CHQ_2_5:42940-43287	CHQ_2_00133
prokka_CHQ_2/CHQ_2:Gene	CHQ_2_00171	CHQ_2_5:84276-84614	CHQ_2_00171
prokka_CHQ_2/CHQ_2:Gene	CHQ_2_00172	CHQ_2_5:84611-86590	CHQ_2_00172
prokka_CHQ_2/CHQ_2:Gene	ecsA	CHQ_2_5:105994-106764	CHQ_2_00195
prokka_CHQ_2/CHQ_2:Gene	CHQ_2_00196	CHQ_2_5:106757-107776	CHQ_2_00196
prokka_CHQ_2/CHQ_2:Gene	CHQ_2_00215	CHQ_2_5:120569-121087	CHQ_2_00215
prokka_CHQ_2/CHQ_2:Gene	CHQ_2_00216	CHQ_2_5:121084-121362	CHQ_2_00216
prokka_CHQ_2/CHQ_2:Gene	CHQ_2_00217	CHQ_2_5:121394-121636	CHQ_2_00217
prokka_CHQ_2/CHQ_2:Gene	CHQ_2_00218	CHQ_2_5:121633-121884	CHQ_2_00218
prokka_CHQ_2/CHQ_2:Gene	CHQ_2_00219	CHQ_2_5:121881-122075	CHQ_2_00219
prokka_CHQ_2/CHQ_2:Gene	CHQ_2_00220	CHQ_2_5:122062-122394	CHQ_2_00220
prokka_CHQ_2/CHQ_2:Gene	hprA	CHQ_2_5:134377-135354	CHQ_2_00237
prokka_CHQ_2/CHQ_2:Gene	nadR	CHQ_2_5:135341-136480	CHQ_2_00238
prokka_CHQ_2/CHQ_2:Gene	recF	CHQ_2_5:c151855-150782	CHQ_2_00251
prokka_CHQ_2/CHQ_2:Gene	CHQ_2_00252	CHQ_2_5:c152217-151855	CHQ_2_00252
prokka_CHQ_2/CHQ_2:Gene	CHQ_2_00253	CHQ_2_5:152430-153701	CHQ_2_00253
prokka_CHQ_2/CHQ_2:Gene	CHQ_2_00254	CHQ_2_5:153691-154974	CHQ_2_00254
prokka_CHQ_2/CHQ_2:Gene	aspS	CHQ_2_5:161640-163412	CHQ_2_00263
prokka_CHQ_2/CHQ_2:Gene	CHQ_2_00264	CHQ_2_5:163393-164322	CHQ_2_00264
prokka_CHQ_2/CHQ_2:Gene	rsgA	CHQ_2_5:183844-184767	CHQ_2_00285
prokka_CHQ_2/CHQ_2:Gene	CHQ_2_00286	CHQ_2_5:184739-184999	CHQ_2_00286
prokka_CHQ_2/CHQ_2:Gene	CHQ_2_00287	CHQ_2_5:184996-185253	CHQ_2_00287
prokka_CHQ_2/CHQ_2:Gene	rpe	CHQ_2_5:185312-185974	CHQ_2_00288
prokka_CHQ_2/CHQ_2:Gene	tmrB	CHQ_2_5:185971-186480	CHQ_2_00289
prokka_CHQ_2/CHQ_2:Gene	asp3	CHQ_2_6:c3895-3419	CHQ_2_00308
prokka_CHQ_2/CHQ_2:Gene	asp2_1	CHQ_2_6:c5487-3892	CHQ_2_00309
prokka_CHQ_2/CHQ_2:Gene	CHQ_2_00312	CHQ_2_6:c8586-8413	CHQ_2_00312
prokka_CHQ_2/CHQ_2:Gene	gtfB_1	CHQ_2_6:c9920-8583	CHQ_2_00313
prokka_CHQ_2/CHQ_2:Gene	gtfA_1	CHQ_2_6:c11421-9913	CHQ_2_00314
prokka_CHQ_2/CHQ_2:Gene	CHQ_2_00325	CHQ_2_6:c24204-23827	CHQ_2_00325
prokka_CHQ_2/CHQ_2:Gene	CHQ_2_00326	CHQ_2_6:c24791-24204	CHQ_2_00326
prokka_CHQ_2/CHQ_2:Gene	CHQ_2_00327	CHQ_2_6:c28028-24798	CHQ_2_00327
prokka_CHQ_2/CHQ_2:Gene	CHQ_2_00328	CHQ_2_6:c28588-28028	CHQ_2_00328
prokka_CHQ_2/CHQ_2:Gene	CHQ_2_00329	CHQ_2_6:c29069-28575	CHQ_2_00329
prokka_CHQ_2/CHQ_2:Gene	CHQ_2_00330	CHQ_2_6:c31358-29079	CHQ_2_00330
prokka_CHQ_2/CHQ_2:Gene	der_1	CHQ_2_6:c32611-31355	CHQ_2_00331
prokka_CHQ_2/CHQ_2:Gene	yheH	CHQ_2_7:c2007-181	CHQ_2_00336
prokka_CHQ_2/CHQ_2:Gene	yheI	CHQ_2_7:c3808-1991	CHQ_2_00337
prokka_CHQ_2/CHQ_2:Gene	rluB	CHQ_2_7:c5645-4926	CHQ_2_00339
prokka_CHQ_2/CHQ_2:Gene	scpB	CHQ_2_7:c6198-5632	CHQ_2_00340
prokka_CHQ_2/CHQ_2:Gene	scpA	CHQ_2_7:c6919-6191	CHQ_2_00341
prokka_CHQ_2/CHQ_2:Gene	ynbA	CHQ_2_7:c7695-6949	CHQ_2_00342
prokka_CHQ_2/CHQ_2:Gene	CHQ_2_00343	CHQ_2_7:c8104-7643	CHQ_2_00343
prokka_CHQ_2/CHQ_2:Gene	gltB	CHQ_2_7:c13467-12028	CHQ_2_00349
prokka_CHQ_2/CHQ_2:Gene	gltA	CHQ_2_7:c17927-13467	CHQ_2_00350
prokka_CHQ_2/CHQ_2:Gene	glcR_1	CHQ_2_7:28764-29525	CHQ_2_00361
prokka_CHQ_2/CHQ_2:Gene	CHQ_2_00362	CHQ_2_7:29518-30903	CHQ_2_00362
prokka_CHQ_2/CHQ_2:Gene	araQ_1	CHQ_2_7:c39848-38991	CHQ_2_00369
prokka_CHQ_2/CHQ_2:Gene	lacF_1	CHQ_2_7:c40792-39848	CHQ_2_00370
prokka_CHQ_2/CHQ_2:Gene	CHQ_2_00374	CHQ_2_7:c48557-47352	CHQ_2_00374
prokka_CHQ_2/CHQ_2:Gene	CHQ_2_00375	CHQ_2_7:c51133-48554	CHQ_2_00375
prokka_CHQ_2/CHQ_2:Gene	CHQ_2_00376	CHQ_2_7:c51369-51130	CHQ_2_00376
prokka_CHQ_2/CHQ_2:Gene	fimA	CHQ_2_7:c67406-66465	CHQ_2_00394
prokka_CHQ_2/CHQ_2:Gene	mntB_1	CHQ_2_7:c68244-67390	CHQ_2_00395
prokka_CHQ_2/CHQ_2:Gene	mglA	CHQ_2_7:82804-84324	CHQ_2_00408
prokka_CHQ_2/CHQ_2:Gene	CHQ_2_00409	CHQ_2_7:84317-85411	CHQ_2_00409
prokka_CHQ_2/CHQ_2:Gene	CHQ_2_00410	CHQ_2_7:85408-86361	CHQ_2_00410
prokka_CHQ_2/CHQ_2:Gene	CHQ_2_00419	CHQ_2_7:96120-96527	CHQ_2_00419
prokka_CHQ_2/CHQ_2:Gene	CHQ_2_00420	CHQ_2_7:96524-97054	CHQ_2_00420
prokka_CHQ_2/CHQ_2:Gene	hepT_1	CHQ_2_7:97045-98004	CHQ_2_00421
prokka_CHQ_2/CHQ_2:Gene	rsmG	CHQ_2_7:98001-98717	CHQ_2_00422
prokka_CHQ_2/CHQ_2:Gene	gmuD_1	CHQ_2_7:c106070-104643	CHQ_2_00429
prokka_CHQ_2/CHQ_2:Gene	CHQ_2_00430	CHQ_2_7:c106617-106063	CHQ_2_00430
prokka_CHQ_2/CHQ_2:Gene	ngcG	CHQ_2_7:c107450-106614	CHQ_2_00431
prokka_CHQ_2/CHQ_2:Gene	melD	CHQ_2_7:c108343-107450	CHQ_2_00432
prokka_CHQ_2/CHQ_2:Gene	CHQ_2_00437	CHQ_2_7:113379-114518	CHQ_2_00437
prokka_CHQ_2/CHQ_2:Gene	CHQ_2_00438	CHQ_2_7:114515-115300	CHQ_2_00438
prokka_CHQ_2/CHQ_2:Gene	CHQ_2_00457	CHQ_2_7:c136723-136430	CHQ_2_00457
prokka_CHQ_2/CHQ_2:Gene	CHQ_2_00458	CHQ_2_7:c136991-136716	CHQ_2_00458
prokka_CHQ_2/CHQ_2:Gene	phoP	CHQ_2_7:140554-141264	CHQ_2_00465
prokka_CHQ_2/CHQ_2:Gene	phoR	CHQ_2_7:141254-142807	CHQ_2_00466
prokka_CHQ_2/CHQ_2:Gene	cdd	CHQ_2_7:c145956-145564	CHQ_2_00470
prokka_CHQ_2/CHQ_2:Gene	deoC1	CHQ_2_7:c146605-145943	CHQ_2_00471
prokka_CHQ_2/CHQ_2:Gene	ybdM_1	CHQ_2_7:c152560-152018	CHQ_2_00479
prokka_CHQ_2/CHQ_2:Gene	CHQ_2_00480	CHQ_2_7:c153861-152542	CHQ_2_00480
prokka_CHQ_2/CHQ_2:Gene	CHQ_2_00483	CHQ_2_7:c156834-155113	CHQ_2_00483
prokka_CHQ_2/CHQ_2:Gene	opuAA	CHQ_2_7:c158057-156831	CHQ_2_00484
prokka_CHQ_2/CHQ_2:Gene	trpA	CHQ_2_7:c177138-176377	CHQ_2_00494
prokka_CHQ_2/CHQ_2:Gene	trpB	CHQ_2_7:c178343-177135	CHQ_2_00495
prokka_CHQ_2/CHQ_2:Gene	CHQ_2_00496	CHQ_2_7:c178935-178366	CHQ_2_00496
prokka_CHQ_2/CHQ_2:Gene	trpF	CHQ_2_7:c179983-178928	CHQ_2_00497
prokka_CHQ_2/CHQ_2:Gene	trpC	CHQ_2_7:c180767-179973	CHQ_2_00498
prokka_CHQ_2/CHQ_2:Gene	trpD2	CHQ_2_7:c181821-180814	CHQ_2_00499
prokka_CHQ_2/CHQ_2:Gene	pabA_2	CHQ_2_7:c182407-181811	CHQ_2_00500
prokka_CHQ_2/CHQ_2:Gene	yodC	CHQ_2_7:c185386-184733	CHQ_2_00503
prokka_CHQ_2/CHQ_2:Gene	CHQ_2_00504	CHQ_2_7:c185802-185383	CHQ_2_00504
prokka_CHQ_2/CHQ_2:Gene	CHQ_2_00506	CHQ_2_7:c187415-186735	CHQ_2_00506
prokka_CHQ_2/CHQ_2:Gene	CHQ_2_00507	CHQ_2_7:c188104-187415	CHQ_2_00507
prokka_CHQ_2/CHQ_2:Gene	dexB_1	CHQ_2_7:c208381-206792	CHQ_2_00523
prokka_CHQ_2/CHQ_2:Gene	strH	CHQ_2_7:c209351-208374	CHQ_2_00524
prokka_CHQ_2/CHQ_2:Gene	yteP	CHQ_2_7:c212891-211959	CHQ_2_00527
prokka_CHQ_2/CHQ_2:Gene	mngB_1	CHQ_2_7:c215575-212888	CHQ_2_00528
prokka_CHQ_2/CHQ_2:Gene	araR_1	CHQ_2_7:217144-218181	CHQ_2_00530
prokka_CHQ_2/CHQ_2:Gene	CHQ_2_00531	CHQ_2_7:218178-220331	CHQ_2_00531
prokka_CHQ_2/CHQ_2:Gene	xylB_2	CHQ_2_7:c237735-236470	CHQ_2_00544
prokka_CHQ_2/CHQ_2:Gene	xylB_3	CHQ_2_7:c237974-237723	CHQ_2_00545
prokka_CHQ_2/CHQ_2:Gene	purQ	CHQ_2_7:c266156-265485	CHQ_2_00568
prokka_CHQ_2/CHQ_2:Gene	purS	CHQ_2_7:c266419-266156	CHQ_2_00569
prokka_CHQ_2/CHQ_2:Gene	ribZ_1	CHQ_2_7:c271125-269752	CHQ_2_00576
prokka_CHQ_2/CHQ_2:Gene	CHQ_2_00577	CHQ_2_7:c271568-271122	CHQ_2_00577
prokka_CHQ_2/CHQ_2:Gene	trmD	CHQ_2_7:c289222-288467	CHQ_2_00596
prokka_CHQ_2/CHQ_2:Gene	rimM	CHQ_2_7:c289730-289215	CHQ_2_00597
prokka_CHQ_2/CHQ_2:Gene	CHQ_2_00610	CHQ_2_7:c303200-302949	CHQ_2_00610
prokka_CHQ_2/CHQ_2:Gene	CHQ_2_00611	CHQ_2_7:c303754-303185	CHQ_2_00611
prokka_CHQ_2/CHQ_2:Gene	CHQ_2_00616	CHQ_2_8:c3585-3256	CHQ_2_00616
prokka_CHQ_2/CHQ_2:Gene	CHQ_2_00617	CHQ_2_8:c3764-3582	CHQ_2_00617
prokka_CHQ_2/CHQ_2:Gene	CHQ_2_00619	CHQ_2_8:c4139-3924	CHQ_2_00619
prokka_CHQ_2/CHQ_2:Gene	CHQ_2_00620	CHQ_2_8:c4345-4136	CHQ_2_00620
prokka_CHQ_2/CHQ_2:Gene	CHQ_2_00624	CHQ_2_8:c5759-5517	CHQ_2_00624
prokka_CHQ_2/CHQ_2:Gene	CHQ_2_00625	CHQ_2_8:c6810-5752	CHQ_2_00625
prokka_CHQ_2/CHQ_2:Gene	CHQ_2_00626	CHQ_2_8:c8012-7086	CHQ_2_00626
prokka_CHQ_2/CHQ_2:Gene	CHQ_2_00627	CHQ_2_8:c8842-8009	CHQ_2_00627
prokka_CHQ_2/CHQ_2:Gene	ziaR	CHQ_2_8:21031-21330	CHQ_2_00646
prokka_CHQ_2/CHQ_2:Gene	czcD	CHQ_2_8:21320-22234	CHQ_2_00647
prokka_CHQ_2/CHQ_2:Gene	CHQ_2_00652	CHQ_2_8:c26682-26356	CHQ_2_00652
prokka_CHQ_2/CHQ_2:Gene	ygaZ	CHQ_2_8:c27376-26669	CHQ_2_00653
prokka_CHQ_2/CHQ_2:Gene	kdgK_1	CHQ_2_8:c48511-47561	CHQ_2_00670
prokka_CHQ_2/CHQ_2:Gene	uxaC_1	CHQ_2_8:c49926-48508	CHQ_2_00671
prokka_CHQ_2/CHQ_2:Gene	lacX_2	CHQ_2_8:c50816-49923	CHQ_2_00672
prokka_CHQ_2/CHQ_2:Gene	mutS2	CHQ_2_8:c69660-67285	CHQ_2_00689
prokka_CHQ_2/CHQ_2:Gene	CHQ_2_00690	CHQ_2_8:c70220-69660	CHQ_2_00690
prokka_CHQ_2/CHQ_2:Gene	CHQ_2_00698	CHQ_2_8:c79935-79360	CHQ_2_00698
prokka_CHQ_2/CHQ_2:Gene	ftsK	CHQ_2_8:c82229-79932	CHQ_2_00699
prokka_CHQ_2/CHQ_2:Gene	CHQ_2_00723	CHQ_2_8:c109574-107997	CHQ_2_00723
prokka_CHQ_2/CHQ_2:Gene	lacA_3	CHQ_2_8:c110169-109564	CHQ_2_00724
prokka_CHQ_2/CHQ_2:Gene	CHQ_2_00763	CHQ_2_8:c149115-148222	CHQ_2_00763
prokka_CHQ_2/CHQ_2:Gene	CHQ_2_00764	CHQ_2_8:c150038-149115	CHQ_2_00764
prokka_CHQ_2/CHQ_2:Gene	recD2	CHQ_2_8:c174888-172384	CHQ_2_00785
prokka_CHQ_2/CHQ_2:Gene	pspB	CHQ_2_8:c175478-174885	CHQ_2_00786
prokka_CHQ_2/CHQ_2:Gene	rcsC_1	CHQ_2_8:c180189-179314	CHQ_2_00791
prokka_CHQ_2/CHQ_2:Gene	graR	CHQ_2_8:c180847-180176	CHQ_2_00792
prokka_CHQ_2/CHQ_2:Gene	bceB	CHQ_2_8:c184094-182094	CHQ_2_00794
prokka_CHQ_2/CHQ_2:Gene	yxdL	CHQ_2_8:c184866-184087	CHQ_2_00795
prokka_CHQ_2/CHQ_2:Gene	aroB	CHQ_2_8:c190149-189079	CHQ_2_00802
prokka_CHQ_2/CHQ_2:Gene	aroE	CHQ_2_8:c191006-190146	CHQ_2_00803
prokka_CHQ_2/CHQ_2:Gene	comEC	CHQ_2_8:c208126-205916	CHQ_2_00818
prokka_CHQ_2/CHQ_2:Gene	comEA	CHQ_2_8:c208754-208107	CHQ_2_00819
prokka_CHQ_2/CHQ_2:Gene	yhaP	CHQ_2_8:c210175-208814	CHQ_2_00820
prokka_CHQ_2/CHQ_2:Gene	CHQ_2_00821	CHQ_2_8:c211104-210172	CHQ_2_00821
prokka_CHQ_2/CHQ_2:Gene	menE_1	CHQ_2_8:216710-217951	CHQ_2_00828
prokka_CHQ_2/CHQ_2:Gene	CHQ_2_00829	CHQ_2_8:217941-219089	CHQ_2_00829
prokka_CHQ_2/CHQ_2:Gene	CHQ_2_00830	CHQ_2_8:219086-219436	CHQ_2_00830
prokka_CHQ_2/CHQ_2:Gene	CHQ_2_00831	CHQ_2_8:219411-219704	CHQ_2_00831
prokka_CHQ_2/CHQ_2:Gene	fabG_1	CHQ_2_8:219701-220447	CHQ_2_00832
prokka_CHQ_2/CHQ_2:Gene	CHQ_2_00836	CHQ_2_8:c224096-223605	CHQ_2_00836
prokka_CHQ_2/CHQ_2:Gene	sufS	CHQ_2_8:c225306-224089	CHQ_2_00837
prokka_CHQ_2/CHQ_2:Gene	CHQ_2_00838	CHQ_2_8:c226562-225306	CHQ_2_00838
prokka_CHQ_2/CHQ_2:Gene	artM_2	CHQ_2_8:c230544-229810	CHQ_2_00842
prokka_CHQ_2/CHQ_2:Gene	artQ	CHQ_2_8:c231230-230544	CHQ_2_00843
prokka_CHQ_2/CHQ_2:Gene	CHQ_2_00858	CHQ_2_8:c254537-253740	CHQ_2_00858
prokka_CHQ_2/CHQ_2:Gene	ppaC	CHQ_2_8:c255481-254537	CHQ_2_00859
prokka_CHQ_2/CHQ_2:Gene	CHQ_2_00866	CHQ_2_8:c262195-261941	CHQ_2_00866
prokka_CHQ_2/CHQ_2:Gene	CHQ_2_00867	CHQ_2_8:c262487-262185	CHQ_2_00867
prokka_CHQ_2/CHQ_2:Gene	cobC	CHQ_2_8:272225-272749	CHQ_2_00876
prokka_CHQ_2/CHQ_2:Gene	CHQ_2_00877	CHQ_2_8:272746-273060	CHQ_2_00877
prokka_CHQ_2/CHQ_2:Gene	thiN	CHQ_2_8:c276490-275855	CHQ_2_00880
prokka_CHQ_2/CHQ_2:Gene	CHQ_2_00881	CHQ_2_8:c276834-276487	CHQ_2_00881
prokka_CHQ_2/CHQ_2:Gene	CHQ_2_00885	CHQ_2_8:c279783-279472	CHQ_2_00885
prokka_CHQ_2/CHQ_2:Gene	aspB	CHQ_2_8:c280961-279780	CHQ_2_00886
prokka_CHQ_2/CHQ_2:Gene	CHQ_2_00887	CHQ_2_8:c281401-280958	CHQ_2_00887
prokka_CHQ_2/CHQ_2:Gene	gsiC	CHQ_2_8:c291852-290893	CHQ_2_00895
prokka_CHQ_2/CHQ_2:Gene	oppF_1	CHQ_2_8:c292792-291833	CHQ_2_00896
prokka_CHQ_2/CHQ_2:Gene	oppD_1	CHQ_2_8:c293805-292789	CHQ_2_00897
prokka_CHQ_2/CHQ_2:Gene	mrnC	CHQ_2_8:c301262-300861	CHQ_2_00907
prokka_CHQ_2/CHQ_2:Gene	cysS	CHQ_2_8:c302601-301255	CHQ_2_00908
prokka_CHQ_2/CHQ_2:Gene	CHQ_2_00923	CHQ_2_8:c319106-318315	CHQ_2_00923
prokka_CHQ_2/CHQ_2:Gene	CHQ_2_00924	CHQ_2_8:c319378-319103	CHQ_2_00924
prokka_CHQ_2/CHQ_2:Gene	sepF	CHQ_2_8:c319968-319378	CHQ_2_00925
prokka_CHQ_2/CHQ_2:Gene	CHQ_2_00939	CHQ_2_8:c333414-333136	CHQ_2_00939
prokka_CHQ_2/CHQ_2:Gene	nudF	CHQ_2_8:c333991-333407	CHQ_2_00940
prokka_CHQ_2/CHQ_2:Gene	stkP	CHQ_2_8:c338901-337018	CHQ_2_00944
prokka_CHQ_2/CHQ_2:Gene	phpP	CHQ_2_8:c339677-338901	CHQ_2_00945
prokka_CHQ_2/CHQ_2:Gene	fmt	CHQ_2_8:c343921-342962	CHQ_2_00951
prokka_CHQ_2/CHQ_2:Gene	CHQ_2_00952	CHQ_2_8:c344382-343918	CHQ_2_00952
prokka_CHQ_2/CHQ_2:Gene	CHQ_2_00953	CHQ_2_8:c344869-344348	CHQ_2_00953
prokka_CHQ_2/CHQ_2:Gene	CHQ_2_00973	CHQ_2_9:c3279-2341	CHQ_2_00973
prokka_CHQ_2/CHQ_2:Gene	CHQ_2_00974	CHQ_2_9:c4019-3267	CHQ_2_00974
prokka_CHQ_2/CHQ_2:Gene	CHQ_2_00988	CHQ_2_9:c17144-15423	CHQ_2_00988
prokka_CHQ_2/CHQ_2:Gene	btuD_1	CHQ_2_9:c19006-17144	CHQ_2_00989
prokka_CHQ_2/CHQ_2:Gene	cydB	CHQ_2_9:c20234-19239	CHQ_2_00990
prokka_CHQ_2/CHQ_2:Gene	cydA	CHQ_2_9:c21709-20234	CHQ_2_00991
prokka_CHQ_2/CHQ_2:Gene	glgD	CHQ_2_9:c31194-30055	CHQ_2_00996
prokka_CHQ_2/CHQ_2:Gene	glgC	CHQ_2_9:c32326-31184	CHQ_2_00997
prokka_CHQ_2/CHQ_2:Gene	CHQ_2_00998	CHQ_2_9:c33763-32426	CHQ_2_00998
prokka_CHQ_2/CHQ_2:Gene	CHQ_2_00999	CHQ_2_9:c34428-33751	CHQ_2_00999
prokka_CHQ_2/CHQ_2:Gene	nusB	CHQ_2_9:c35615-34644	CHQ_2_01000
prokka_CHQ_2/CHQ_2:Gene	CHQ_2_01001	CHQ_2_9:c36009-35608	CHQ_2_01001
prokka_CHQ_2/CHQ_2:Gene	rnmV	CHQ_2_9:c39619-38999	CHQ_2_01005
prokka_CHQ_2/CHQ_2:Gene	CHQ_2_01006	CHQ_2_9:c40130-39597	CHQ_2_01006
prokka_CHQ_2/CHQ_2:Gene	iolU_3	CHQ_2_9:c55944-54967	CHQ_2_01018
prokka_CHQ_2/CHQ_2:Gene	rbsK/rbiA	CHQ_2_9:c56447-55917	CHQ_2_01019
prokka_CHQ_2/CHQ_2:Gene	scrB	CHQ_2_9:62497-63915	CHQ_2_01024
prokka_CHQ_2/CHQ_2:Gene	degA_2	CHQ_2_9:63912-64868	CHQ_2_01025
prokka_CHQ_2/CHQ_2:Gene	CHQ_2_01030	CHQ_2_9:c70564-69920	CHQ_2_01030
prokka_CHQ_2/CHQ_2:Gene	CHQ_2_01031	CHQ_2_9:c71279-70551	CHQ_2_01031
prokka_CHQ_2/CHQ_2:Gene	rcsC_2	CHQ_2_9:c73400-72057	CHQ_2_01033
prokka_CHQ_2/CHQ_2:Gene	arlR_3	CHQ_2_9:c74079-73393	CHQ_2_01034
prokka_CHQ_2/CHQ_2:Gene	nisI	CHQ_2_9:c76935-76198	CHQ_2_01036
prokka_CHQ_2/CHQ_2:Gene	nisC	CHQ_2_9:c78176-76932	CHQ_2_01037
prokka_CHQ_2/CHQ_2:Gene	msbA	CHQ_2_9:c79971-78169	CHQ_2_01038
prokka_CHQ_2/CHQ_2:Gene	CHQ_2_01041	CHQ_2_9:84607-84879	CHQ_2_01041
prokka_CHQ_2/CHQ_2:Gene	yjdJ	CHQ_2_9:84879-85151	CHQ_2_01042
prokka_CHQ_2/CHQ_2:Gene	citB	CHQ_2_9:c102624-100078	CHQ_2_01056
prokka_CHQ_2/CHQ_2:Gene	prpC	CHQ_2_9:c103946-102621	CHQ_2_01057
prokka_CHQ_2/CHQ_2:Gene	rpmGA_1	CHQ_2_9:c109337-109191	CHQ_2_01060
prokka_CHQ_2/CHQ_2:Gene	mdtG	CHQ_2_9:c110461-109334	CHQ_2_01061
prokka_CHQ_2/CHQ_2:Gene	clpC	CHQ_2_9:c123861-121411	CHQ_2_01071
prokka_CHQ_2/CHQ_2:Gene	CHQ_2_01072	CHQ_2_9:c124306-123851	CHQ_2_01072
prokka_CHQ_2/CHQ_2:Gene	CHQ_2_01078	CHQ_2_9:c131315-130614	CHQ_2_01078
prokka_CHQ_2/CHQ_2:Gene	rnz	CHQ_2_9:c132231-131308	CHQ_2_01079
prokka_CHQ_2/CHQ_2:Gene	pdxB	CHQ_2_9:c157169-155973	CHQ_2_01107
prokka_CHQ_2/CHQ_2:Gene	serC	CHQ_2_9:c158263-157166	CHQ_2_01108
prokka_CHQ_2/CHQ_2:Gene	tsaC	CHQ_2_9:c161549-160629	CHQ_2_01111
prokka_CHQ_2/CHQ_2:Gene	yvbK	CHQ_2_9:c162010-161546	CHQ_2_01112
prokka_CHQ_2/CHQ_2:Gene	CHQ_2_01115	CHQ_2_9:c164307-163780	CHQ_2_01115
prokka_CHQ_2/CHQ_2:Gene	prfA	CHQ_2_9:c165380-164307	CHQ_2_01116
prokka_CHQ_2/CHQ_2:Gene	dinB_2	CHQ_2_9:169794-171260	CHQ_2_01123
prokka_CHQ_2/CHQ_2:Gene	CHQ_2_01124	CHQ_2_9:171250-171600	CHQ_2_01124
prokka_CHQ_2/CHQ_2:Gene	CHQ_2_01131	CHQ_2_9:c178547-177774	CHQ_2_01131
prokka_CHQ_2/CHQ_2:Gene	CHQ_2_01132	CHQ_2_9:c180340-178544	CHQ_2_01132
prokka_CHQ_2/CHQ_2:Gene	coaBC_1	CHQ_2_9:186736-187431	CHQ_2_01140
prokka_CHQ_2/CHQ_2:Gene	coaBC_2	CHQ_2_9:187424-187960	CHQ_2_01141
prokka_CHQ_2/CHQ_2:Gene	ilvH	CHQ_2_10:c11301-10825	CHQ_2_01178
prokka_CHQ_2/CHQ_2:Gene	ilvB	CHQ_2_10:c13021-11294	CHQ_2_01179
prokka_CHQ_2/CHQ_2:Gene	hisI	CHQ_2_10:c23220-22582	CHQ_2_01188
prokka_CHQ_2/CHQ_2:Gene	hisF	CHQ_2_10:c23996-23217	CHQ_2_01189
prokka_CHQ_2/CHQ_2:Gene	hisA	CHQ_2_10:c24705-23986	CHQ_2_01190
prokka_CHQ_2/CHQ_2:Gene	CHQ_2_01192	CHQ_2_10:c26141-25353	CHQ_2_01192
prokka_CHQ_2/CHQ_2:Gene	hisB	CHQ_2_10:c26740-26138	CHQ_2_01193
prokka_CHQ_2/CHQ_2:Gene	cmoM	CHQ_2_10:c27528-26737	CHQ_2_01194
prokka_CHQ_2/CHQ_2:Gene	hisD	CHQ_2_10:c28874-27579	CHQ_2_01195
prokka_CHQ_2/CHQ_2:Gene	hisG	CHQ_2_10:c29484-28858	CHQ_2_01196
prokka_CHQ_2/CHQ_2:Gene	hisZ	CHQ_2_10:c30463-29477	CHQ_2_01197
prokka_CHQ_2/CHQ_2:Gene	hisC	CHQ_2_10:c31533-30451	CHQ_2_01198
prokka_CHQ_2/CHQ_2:Gene	kdpC	CHQ_2_10:c37422-36775	CHQ_2_01202
prokka_CHQ_2/CHQ_2:Gene	kdpB	CHQ_2_10:c39488-37422	CHQ_2_01203
prokka_CHQ_2/CHQ_2:Gene	kdpE	CHQ_2_10:c42271-41561	CHQ_2_01206
prokka_CHQ_2/CHQ_2:Gene	kdpD	CHQ_2_10:c44891-42261	CHQ_2_01207
prokka_CHQ_2/CHQ_2:Gene	CHQ_2_01210	CHQ_2_10:c47774-46671	CHQ_2_01210
prokka_CHQ_2/CHQ_2:Gene	CHQ_2_01211	CHQ_2_10:c48285-47755	CHQ_2_01211
prokka_CHQ_2/CHQ_2:Gene	CHQ_2_01212	CHQ_2_10:c48617-48282	CHQ_2_01212
prokka_CHQ_2/CHQ_2:Gene	potB	CHQ_2_10:c75820-75032	CHQ_2_01236
prokka_CHQ_2/CHQ_2:Gene	potA	CHQ_2_10:c77103-75817	CHQ_2_01237
prokka_CHQ_2/CHQ_2:Gene	CHQ_2_01245	CHQ_2_10:c85551-84478	CHQ_2_01245
prokka_CHQ_2/CHQ_2:Gene	folE	CHQ_2_10:c86597-85548	CHQ_2_01246
prokka_CHQ_2/CHQ_2:Gene	engB	CHQ_2_10:c87668-87081	CHQ_2_01248
prokka_CHQ_2/CHQ_2:Gene	clpX	CHQ_2_10:c88900-87665	CHQ_2_01249
prokka_CHQ_2/CHQ_2:Gene	CHQ_2_01250	CHQ_2_10:c89147-88977	CHQ_2_01250
prokka_CHQ_2/CHQ_2:Gene	dhfR	CHQ_2_10:c89650-89144	CHQ_2_01251
prokka_CHQ_2/CHQ_2:Gene	CHQ_2_01253	CHQ_2_10:90678-90800	CHQ_2_01253
prokka_CHQ_2/CHQ_2:Gene	CHQ_2_01254	CHQ_2_10:90793-91080	CHQ_2_01254
prokka_CHQ_2/CHQ_2:Gene	ybdM_2	CHQ_2_10:c100197-99670	CHQ_2_01264
prokka_CHQ_2/CHQ_2:Gene	CHQ_2_01265	CHQ_2_10:c101516-100179	CHQ_2_01265
prokka_CHQ_2/CHQ_2:Gene	murQ	CHQ_2_10:c108181-107288	CHQ_2_01271
prokka_CHQ_2/CHQ_2:Gene	CHQ_2_01272	CHQ_2_10:c109235-108174	CHQ_2_01272
prokka_CHQ_2/CHQ_2:Gene	CHQ_2_01283	CHQ_2_10:c120485-119856	CHQ_2_01283
prokka_CHQ_2/CHQ_2:Gene	CHQ_2_01284	CHQ_2_10:c123237-120472	CHQ_2_01284
prokka_CHQ_2/CHQ_2:Gene	CHQ_2_01298	CHQ_2_10:c141926-141438	CHQ_2_01298
prokka_CHQ_2/CHQ_2:Gene	pncB2	CHQ_2_10:c143395-141923	CHQ_2_01299
prokka_CHQ_2/CHQ_2:Gene	glyS	CHQ_2_10:c148341-146320	CHQ_2_01304
prokka_CHQ_2/CHQ_2:Gene	glyQ	CHQ_2_10:c149294-148341	CHQ_2_01305
prokka_CHQ_2/CHQ_2:Gene	comFA	CHQ_2_10:152825-154147	CHQ_2_01310
prokka_CHQ_2/CHQ_2:Gene	CHQ_2_01311	CHQ_2_10:154144-154794	CHQ_2_01311
prokka_CHQ_2/CHQ_2:Gene	dgkA	CHQ_2_10:c155875-155420	CHQ_2_01313
prokka_CHQ_2/CHQ_2:Gene	ybeY	CHQ_2_10:c156347-155859	CHQ_2_01314
prokka_CHQ_2/CHQ_2:Gene	CHQ_2_01321	CHQ_2_10:c162200-161025	CHQ_2_01321
prokka_CHQ_2/CHQ_2:Gene	CHQ_2_01322	CHQ_2_10:c162600-162193	CHQ_2_01322
prokka_CHQ_2/CHQ_2:Gene	CHQ_2_01326	CHQ_2_10:c166291-165518	CHQ_2_01326
prokka_CHQ_2/CHQ_2:Gene	trmK	CHQ_2_10:c166980-166288	CHQ_2_01327
prokka_CHQ_2/CHQ_2:Gene	nth	CHQ_2_10:c167629-166973	CHQ_2_01328
prokka_CHQ_2/CHQ_2:Gene	CHQ_2_01332	CHQ_2_10:c170780-170505	CHQ_2_01332
prokka_CHQ_2/CHQ_2:Gene	dinB_3	CHQ_2_10:c172243-170777	CHQ_2_01333
prokka_CHQ_2/CHQ_2:Gene	CHQ_2_01355	CHQ_2_12:1786-2016	CHQ_2_01355
prokka_CHQ_2/CHQ_2:Gene	CHQ_2_01356	CHQ_2_12:2013-2300	CHQ_2_01356
prokka_CHQ_2/CHQ_2:Gene	CHQ_2_01378	CHQ_2_13:23267-24370	CHQ_2_01378
prokka_CHQ_2/CHQ_2:Gene	CHQ_2_01379	CHQ_2_13:24363-26372	CHQ_2_01379
prokka_CHQ_2/CHQ_2:Gene	lacF_2	CHQ_2_13:26383-26724	CHQ_2_01380
prokka_CHQ_2/CHQ_2:Gene	CHQ_2_01381	CHQ_2_13:26721-26972	CHQ_2_01381
prokka_CHQ_2/CHQ_2:Gene	menC	CHQ_2_13:c29665-28553	CHQ_2_01384
prokka_CHQ_2/CHQ_2:Gene	menE_3	CHQ_2_13:c31017-29662	CHQ_2_01385
prokka_CHQ_2/CHQ_2:Gene	menH_2	CHQ_2_13:c33189-32374	CHQ_2_01387
prokka_CHQ_2/CHQ_2:Gene	menD	CHQ_2_13:c34861-33179	CHQ_2_01388
prokka_CHQ_2/CHQ_2:Gene	CHQ_2_01398	CHQ_2_13:c46379-45513	CHQ_2_01398
prokka_CHQ_2/CHQ_2:Gene	slyA	CHQ_2_13:c46845-46369	CHQ_2_01399
prokka_CHQ_2/CHQ_2:Gene	gdpP	CHQ_2_13:47735-49699	CHQ_2_01401
prokka_CHQ_2/CHQ_2:Gene	rplI	CHQ_2_13:49696-50148	CHQ_2_01402
prokka_CHQ_2/CHQ_2:Gene	CHQ_2_01408	CHQ_2_13:54267-55442	CHQ_2_01408
prokka_CHQ_2/CHQ_2:Gene	dnaI	CHQ_2_13:55442-56323	CHQ_2_01409
prokka_CHQ_2/CHQ_2:Gene	nfrA2	CHQ_2_13:56316-57038	CHQ_2_01410
prokka_CHQ_2/CHQ_2:Gene	CHQ_2_01411	CHQ_2_13:57035-57661	CHQ_2_01411
prokka_CHQ_2/CHQ_2:Gene	CHQ_2_01416	CHQ_2_13:66061-67356	CHQ_2_01416
prokka_CHQ_2/CHQ_2:Gene	CHQ_2_01417	CHQ_2_13:67343-67741	CHQ_2_01417
prokka_CHQ_2/CHQ_2:Gene	hpr	CHQ_2_13:77149-77589	CHQ_2_01428
prokka_CHQ_2/CHQ_2:Gene	fabH	CHQ_2_13:77589-78566	CHQ_2_01429
prokka_CHQ_2/CHQ_2:Gene	accD	CHQ_2_13:85129-85995	CHQ_2_01437
prokka_CHQ_2/CHQ_2:Gene	accA	CHQ_2_13:85988-86782	CHQ_2_01438
prokka_CHQ_2/CHQ_2:Gene	glpE	CHQ_2_13:90104-90412	CHQ_2_01443
prokka_CHQ_2/CHQ_2:Gene	cdr	CHQ_2_13:90409-92052	CHQ_2_01444
prokka_CHQ_2/CHQ_2:Gene	argD	CHQ_2_13:102969-104102	CHQ_2_01457
prokka_CHQ_2/CHQ_2:Gene	argB	CHQ_2_13:104099-104950	CHQ_2_01458
prokka_CHQ_2/CHQ_2:Gene	rnc	CHQ_2_13:106152-106847	CHQ_2_01460
prokka_CHQ_2/CHQ_2:Gene	smc_2	CHQ_2_13:106837-110361	CHQ_2_01461
prokka_CHQ_2/CHQ_2:Gene	CHQ_2_01464	CHQ_2_13:113362-114480	CHQ_2_01464
prokka_CHQ_2/CHQ_2:Gene	CHQ_2_01465	CHQ_2_13:114477-115238	CHQ_2_01465
prokka_CHQ_2/CHQ_2:Gene	CHQ_2_01485	CHQ_2_13:c138689-138546	CHQ_2_01485
prokka_CHQ_2/CHQ_2:Gene	CHQ_2_01486	CHQ_2_13:c141330-138679	CHQ_2_01486
prokka_CHQ_2/CHQ_2:Gene	btuD_2	CHQ_2_13:158703-159620	CHQ_2_01502
prokka_CHQ_2/CHQ_2:Gene	CHQ_2_01503	CHQ_2_13:159617-161119	CHQ_2_01503
prokka_CHQ_2/CHQ_2:Gene	CHQ_2_01504	CHQ_2_13:161381-163759	CHQ_2_01504
prokka_CHQ_2/CHQ_2:Gene	CHQ_2_01505	CHQ_2_13:163746-164300	CHQ_2_01505
prokka_CHQ_2/CHQ_2:Gene	xseA	CHQ_2_13:172844-174097	CHQ_2_01513
prokka_CHQ_2/CHQ_2:Gene	xseB	CHQ_2_13:174097-174336	CHQ_2_01514
prokka_CHQ_2/CHQ_2:Gene	tlyA	CHQ_2_13:176661-177467	CHQ_2_01517
prokka_CHQ_2/CHQ_2:Gene	argR_2	CHQ_2_13:177464-177910	CHQ_2_01518
prokka_CHQ_2/CHQ_2:Gene	CHQ_2_01524	CHQ_2_13:183928-184308	CHQ_2_01524
prokka_CHQ_2/CHQ_2:Gene	pbpX	CHQ_2_13:184305-186596	CHQ_2_01525
prokka_CHQ_2/CHQ_2:Gene	CHQ_2_01533	CHQ_2_13:193275-193784	CHQ_2_01533
prokka_CHQ_2/CHQ_2:Gene	pgaC_2	CHQ_2_13:193777-195105	CHQ_2_01534
prokka_CHQ_2/CHQ_2:Gene	besA	CHQ_2_13:c203944-203180	CHQ_2_01544
prokka_CHQ_2/CHQ_2:Gene	feuC	CHQ_2_13:c204920-203928	CHQ_2_01545
prokka_CHQ_2/CHQ_2:Gene	CHQ_2_01555	CHQ_2_13:215755-216384	CHQ_2_01555
prokka_CHQ_2/CHQ_2:Gene	CHQ_2_01556	CHQ_2_13:216381-217379	CHQ_2_01556
prokka_CHQ_2/CHQ_2:Gene	yugI	CHQ_2_13:219608-220039	CHQ_2_01560
prokka_CHQ_2/CHQ_2:Gene	CHQ_2_01561	CHQ_2_13:220036-220641	CHQ_2_01561
prokka_CHQ_2/CHQ_2:Gene	CHQ_2_01565	CHQ_2_13:224462-224623	CHQ_2_01565
prokka_CHQ_2/CHQ_2:Gene	CHQ_2_01566	CHQ_2_13:224598-224696	CHQ_2_01566
prokka_CHQ_2/CHQ_2:Gene	CHQ_2_01577	CHQ_2_13:236921-237385	CHQ_2_01577
prokka_CHQ_2/CHQ_2:Gene	emrB_2	CHQ_2_13:237378-238922	CHQ_2_01578
prokka_CHQ_2/CHQ_2:Gene	CHQ_2_01579	CHQ_2_13:238922-239641	CHQ_2_01579
prokka_CHQ_2/CHQ_2:Gene	CHQ_2_01583	CHQ_2_13:243203-244681	CHQ_2_01583
prokka_CHQ_2/CHQ_2:Gene	CHQ_2_01584	CHQ_2_13:244678-246885	CHQ_2_01584
prokka_CHQ_2/CHQ_2:Gene	CHQ_2_01585	CHQ_2_13:246882-247910	CHQ_2_01585
prokka_CHQ_2/CHQ_2:Gene	CHQ_2_01586	CHQ_2_13:247897-249234	CHQ_2_01586
prokka_CHQ_2/CHQ_2:Gene	glf	CHQ_2_13:255374-256504	CHQ_2_01592
prokka_CHQ_2/CHQ_2:Gene	CHQ_2_01593	CHQ_2_13:256497-257777	CHQ_2_01593
prokka_CHQ_2/CHQ_2:Gene	abnA	CHQ_2_13:257777-258784	CHQ_2_01594
prokka_CHQ_2/CHQ_2:Gene	tagF	CHQ_2_13:261047-262234	CHQ_2_01598
prokka_CHQ_2/CHQ_2:Gene	tarK	CHQ_2_13:262224-263339	CHQ_2_01599
prokka_CHQ_2/CHQ_2:Gene	CHQ_2_01616	CHQ_2_13:273147-273851	CHQ_2_01616
prokka_CHQ_2/CHQ_2:Gene	CHQ_2_01617	CHQ_2_13:273851-274372	CHQ_2_01617
prokka_CHQ_2/CHQ_2:Gene	CHQ_2_01620	CHQ_2_13:276160-276324	CHQ_2_01620
prokka_CHQ_2/CHQ_2:Gene	CHQ_2_01621	CHQ_2_13:276314-276730	CHQ_2_01621
prokka_CHQ_2/CHQ_2:Gene	ccpB	CHQ_2_14:c1062-139	CHQ_2_01624
prokka_CHQ_2/CHQ_2:Gene	CHQ_2_01625	CHQ_2_14:c1871-1062	CHQ_2_01625
prokka_CHQ_2/CHQ_2:Gene	uppS	CHQ_2_14:13549-14283	CHQ_2_01636
prokka_CHQ_2/CHQ_2:Gene	CHQ_2_01637	CHQ_2_14:14283-15086	CHQ_2_01637
prokka_CHQ_2/CHQ_2:Gene	comGA	CHQ_2_14:25422-26348	CHQ_2_01643
prokka_CHQ_2/CHQ_2:Gene	CHQ_2_01644	CHQ_2_14:26296-27315	CHQ_2_01644
prokka_CHQ_2/CHQ_2:Gene	CHQ_2_01655	CHQ_2_14:34071-34265	CHQ_2_01655
prokka_CHQ_2/CHQ_2:Gene	CHQ_2_01656	CHQ_2_14:34262-34390	CHQ_2_01656
prokka_CHQ_2/CHQ_2:Gene	CHQ_2_01659	CHQ_2_14:35183-35383	CHQ_2_01659
prokka_CHQ_2/CHQ_2:Gene	CHQ_2_01660	CHQ_2_14:35383-35619	CHQ_2_01660
prokka_CHQ_2/CHQ_2:Gene	CHQ_2_01662	CHQ_2_14:36463-37518	CHQ_2_01662
prokka_CHQ_2/CHQ_2:Gene	ssb_2	CHQ_2_14:37508-37933	CHQ_2_01663
prokka_CHQ_2/CHQ_2:Gene	CHQ_2_01664	CHQ_2_14:38059-38970	CHQ_2_01664
prokka_CHQ_2/CHQ_2:Gene	CHQ_2_01665	CHQ_2_14:38963-39205	CHQ_2_01665
prokka_CHQ_2/CHQ_2:Gene	coaD	CHQ_2_15:20043-20540	CHQ_2_01686
prokka_CHQ_2/CHQ_2:Gene	ylbL	CHQ_2_15:20527-21555	CHQ_2_01687
prokka_CHQ_2/CHQ_2:Gene	CHQ_2_01691	CHQ_2_15:23771-24757	CHQ_2_01691
prokka_CHQ_2/CHQ_2:Gene	moaA_1	CHQ_2_15:24750-25577	CHQ_2_01692
prokka_CHQ_2/CHQ_2:Gene	CHQ_2_01693	CHQ_2_15:25574-25783	CHQ_2_01693
prokka_CHQ_2/CHQ_2:Gene	CHQ_2_01694	CHQ_2_15:25770-26267	CHQ_2_01694
prokka_CHQ_2/CHQ_2:Gene	CHQ_2_01732	CHQ_2_17:c24165-23575	CHQ_2_01732
prokka_CHQ_2/CHQ_2:Gene	CHQ_2_01733	CHQ_2_17:c24631-24155	CHQ_2_01733
prokka_CHQ_2/CHQ_2:Gene	CHQ_2_01740	CHQ_2_17:28698-29228	CHQ_2_01740
prokka_CHQ_2/CHQ_2:Gene	CHQ_2_01741	CHQ_2_17:29225-29506	CHQ_2_01741
prokka_CHQ_2/CHQ_2:Gene	CHQ_2_01742	CHQ_2_17:29549-29788	CHQ_2_01742
prokka_CHQ_2/CHQ_2:Gene	CHQ_2_01743	CHQ_2_17:29785-30048	CHQ_2_01743
prokka_CHQ_2/CHQ_2:Gene	CHQ_2_01744	CHQ_2_17:30035-30364	CHQ_2_01744
prokka_CHQ_2/CHQ_2:Gene	yxlF_2	CHQ_2_17:c40529-39912	CHQ_2_01757
prokka_CHQ_2/CHQ_2:Gene	CHQ_2_01758	CHQ_2_17:c41710-40526	CHQ_2_01758
prokka_CHQ_2/CHQ_2:Gene	CHQ_2_01770	CHQ_2_17:c53063-52686	CHQ_2_01770
prokka_CHQ_2/CHQ_2:Gene	CHQ_2_01771	CHQ_2_17:c53914-53063	CHQ_2_01771
prokka_CHQ_2/CHQ_2:Gene	CHQ_2_01776	CHQ_2_17:c58716-57973	CHQ_2_01776
prokka_CHQ_2/CHQ_2:Gene	CHQ_2_01777	CHQ_2_17:c59428-58706	CHQ_2_01777
prokka_CHQ_2/CHQ_2:Gene	CHQ_2_01799	CHQ_2_17:77382-77750	CHQ_2_01799
prokka_CHQ_2/CHQ_2:Gene	btuD_4	CHQ_2_17:77747-78604	CHQ_2_01800
prokka_CHQ_2/CHQ_2:Gene	CHQ_2_01825	CHQ_2_17:c104136-103390	CHQ_2_01825
prokka_CHQ_2/CHQ_2:Gene	recG	CHQ_2_17:c106136-104136	CHQ_2_01826
prokka_CHQ_2/CHQ_2:Gene	CHQ_2_01844	CHQ_2_17:123979-124422	CHQ_2_01844
prokka_CHQ_2/CHQ_2:Gene	CHQ_2_01845	CHQ_2_17:124419-124811	CHQ_2_01845
prokka_CHQ_2/CHQ_2:Gene	CHQ_2_01846	CHQ_2_17:125171-126091	CHQ_2_01846
prokka_CHQ_2/CHQ_2:Gene	CHQ_2_01847	CHQ_2_17:126088-126531	CHQ_2_01847
prokka_CHQ_2/CHQ_2:Gene	CHQ_2_01848	CHQ_2_17:126596-126781	CHQ_2_01848
prokka_CHQ_2/CHQ_2:Gene	xerC_9	CHQ_2_17:126781-127908	CHQ_2_01849
prokka_CHQ_2/CHQ_2:Gene	gtfA_4	CHQ_2_19:2630-4099	CHQ_2_01860
prokka_CHQ_2/CHQ_2:Gene	gtfB_2	CHQ_2_19:4099-5430	CHQ_2_01861
prokka_CHQ_2/CHQ_2:Gene	secY_3	CHQ_2_19:8085-9311	CHQ_2_01864
prokka_CHQ_2/CHQ_2:Gene	asp1_2	CHQ_2_19:9311-10894	CHQ_2_01865
prokka_CHQ_2/CHQ_2:Gene	asp2_2	CHQ_2_19:10873-12489	CHQ_2_01866
prokka_CHQ_2/CHQ_2:Gene	CHQ_2_01867	CHQ_2_19:12482-13279	CHQ_2_01867
prokka_CHQ_2/CHQ_2:Gene	gtf3_2	CHQ_2_19:13260-14339	CHQ_2_01868
prokka_CHQ_2/CHQ_2:Gene	gtf3_3	CHQ_2_19:14332-15402	CHQ_2_01869
prokka_CHQ_2/CHQ_2:Gene	psaA	CHQ_2_20:1226-2158	CHQ_2_01873
prokka_CHQ_2/CHQ_2:Gene	mntB_2	CHQ_2_20:2158-2970	CHQ_2_01874
prokka_CHQ_2/CHQ_2:Gene	citF	CHQ_2_20:c9081-7543	CHQ_2_01880
prokka_CHQ_2/CHQ_2:Gene	citE	CHQ_2_20:c9985-9071	CHQ_2_01881
prokka_CHQ_2/CHQ_2:Gene	citD	CHQ_2_20:c10279-9986	CHQ_2_01882
prokka_CHQ_2/CHQ_2:Gene	citC	CHQ_2_20:c11300-10269	CHQ_2_01883
prokka_CHQ_2/CHQ_2:Gene	CHQ_2_01890	CHQ_2_20:19744-20754	CHQ_2_01890
prokka_CHQ_2/CHQ_2:Gene	CHQ_2_01891	CHQ_2_20:20747-21079	CHQ_2_01891
prokka_CHQ_2/CHQ_2:Gene	CHQ_2_01901	CHQ_2_20:c32291-32028	CHQ_2_01901
prokka_CHQ_2/CHQ_2:Gene	CHQ_2_01902	CHQ_2_20:c33916-32288	CHQ_2_01902
prokka_CHQ_2/CHQ_2:Gene	CHQ_2_01904	CHQ_2_20:c36301-35153	CHQ_2_01904
prokka_CHQ_2/CHQ_2:Gene	CHQ_2_01905	CHQ_2_20:c37457-36243	CHQ_2_01905
prokka_CHQ_2/CHQ_2:Gene	CHQ_2_01906	CHQ_2_20:c37714-37457	CHQ_2_01906
prokka_CHQ_2/CHQ_2:Gene	CHQ_2_01907	CHQ_2_20:c38369-37707	CHQ_2_01907
prokka_CHQ_2/CHQ_2:Gene	CHQ_2_01909	CHQ_2_20:c42560-40206	CHQ_2_01909
prokka_CHQ_2/CHQ_2:Gene	CHQ_2_01910	CHQ_2_20:c42873-42514	CHQ_2_01910
prokka_CHQ_2/CHQ_2:Gene	CHQ_2_01913	CHQ_2_20:c45768-44014	CHQ_2_01913
prokka_CHQ_2/CHQ_2:Gene	CHQ_2_01914	CHQ_2_20:c46489-45758	CHQ_2_01914
prokka_CHQ_2/CHQ_2:Gene	CHQ_2_01929	CHQ_2_20:c60337-59987	CHQ_2_01929
prokka_CHQ_2/CHQ_2:Gene	dinB_4	CHQ_2_20:c61793-60327	CHQ_2_01930
prokka_CHQ_2/CHQ_2:Gene	CHQ_2_01937	CHQ_2_20:67333-67635	CHQ_2_01937
prokka_CHQ_2/CHQ_2:Gene	CHQ_2_01938	CHQ_2_20:67625-67879	CHQ_2_01938
prokka_CHQ_2/CHQ_2:Gene	fabG_3	CHQ_2_21:3455-4174	CHQ_2_01948
prokka_CHQ_2/CHQ_2:Gene	CHQ_2_01949	CHQ_2_21:4171-4728	CHQ_2_01949
prokka_CHQ_2/CHQ_2:Gene	CHQ_2_01951	CHQ_2_21:5248-6153	CHQ_2_01951
prokka_CHQ_2/CHQ_2:Gene	CHQ_2_01952	CHQ_2_21:6146-6697	CHQ_2_01952
prokka_CHQ_2/CHQ_2:Gene	CHQ_2_01978	CHQ_2_23:2998-3333	CHQ_2_01978
prokka_CHQ_2/CHQ_2:Gene	CHQ_2_01979	CHQ_2_23:3330-3677	CHQ_2_01979
prokka_CHQ_2/CHQ_2:Gene	CHQ_2_01980	CHQ_2_23:3667-4209	CHQ_2_01980
prokka_CHQ_2/CHQ_2:Gene	CHQ_2_01981	CHQ_2_23:4209-4571	CHQ_2_01981
prokka_CHQ_2/CHQ_2:Gene	CHQ_2_01984	CHQ_2_24:619-1023	CHQ_2_01984
prokka_CHQ_2/CHQ_2:Gene	CHQ_2_01985	CHQ_2_24:1020-1358	CHQ_2_01985
prokka_CHQ_2/CHQ_2:Gene	CHQ_2_01986	CHQ_2_24:1351-1512	CHQ_2_01986
prokka_CHQ_2/CHQ_2:Gene	CHQ_2_01987	CHQ_2_24:1505-2104	CHQ_2_01987
prokka_CHQ_2/CHQ_2:Gene	CHQ_2_01988	CHQ_2_24:2101-2532	CHQ_2_01988
prokka_CHQ_2/CHQ_2:Gene	CHQ_2_01989	CHQ_2_24:2529-3020	CHQ_2_01989
prokka_CHQ_2/CHQ_2:Gene	CHQ_2_01990	CHQ_2_24:3013-3195	CHQ_2_01990
prokka_CHQ_2/CHQ_2:Gene	CHQ_2_01991	CHQ_2_24:3188-3493	CHQ_2_01991
prokka_CHQ_2/CHQ_2:Gene	CHQ_2_01999	CHQ_2_25:c1176-625	CHQ_2_01999
prokka_CHQ_2/CHQ_2:Gene	CHQ_2_02000	CHQ_2_25:c2249-1173	CHQ_2_02000
prokka_CHQ_2/CHQ_2:Gene	rexB	CHQ_2_26:3627-6926	CHQ_2_02005
prokka_CHQ_2/CHQ_2:Gene	addA	CHQ_2_26:6919-10530	CHQ_2_02006
prokka_CHQ_2/CHQ_2:Gene	CHQ_2_02020	CHQ_2_26:22208-22582	CHQ_2_02020
prokka_CHQ_2/CHQ_2:Gene	CHQ_2_02021	CHQ_2_26:22582-22905	CHQ_2_02021
prokka_CHQ_2/CHQ_2:Gene	CHQ_2_02022	CHQ_2_26:23043-24392	CHQ_2_02022
prokka_CHQ_2/CHQ_2:Gene	tilS	CHQ_2_26:24389-25660	CHQ_2_02023
prokka_CHQ_2/CHQ_2:Gene	hpt_2	CHQ_2_26:25641-26192	CHQ_2_02024
prokka_CHQ_2/CHQ_2:Gene	CHQ_2_02049	CHQ_2_26:c48296-46698	CHQ_2_02049
prokka_CHQ_2/CHQ_2:Gene	pdhB	CHQ_2_26:c49269-48289	CHQ_2_02050
prokka_CHQ_2/CHQ_2:Gene	dtd	CHQ_2_26:83859-84314	CHQ_2_02086
prokka_CHQ_2/CHQ_2:Gene	CHQ_2_02087	CHQ_2_26:84307-85302	CHQ_2_02087
prokka_CHQ_2/CHQ_2:Gene	csbB_2	CHQ_2_26:99876-100847	CHQ_2_02102
prokka_CHQ_2/CHQ_2:Gene	CHQ_2_02103	CHQ_2_26:100844-102088	CHQ_2_02103
prokka_CHQ_2/CHQ_2:Gene	CHQ_2_02105	CHQ_2_26:103073-105070	CHQ_2_02105
prokka_CHQ_2/CHQ_2:Gene	macB_3	CHQ_2_26:105067-105699	CHQ_2_02106
prokka_CHQ_2/CHQ_2:Gene	CHQ_2_02107	CHQ_2_26:c106872-105802	CHQ_2_02107
prokka_CHQ_2/CHQ_2:Gene	CHQ_2_02108	CHQ_2_26:c107194-106850	CHQ_2_02108
prokka_CHQ_2/CHQ_2:Gene	CHQ_2_02116	CHQ_2_26:114864-116018	CHQ_2_02116
prokka_CHQ_2/CHQ_2:Gene	CHQ_2_02117	CHQ_2_26:116011-116109	CHQ_2_02117
prokka_CHQ_2/CHQ_2:Gene	xre_1	CHQ_2_26:118819-119031	CHQ_2_02123
prokka_CHQ_2/CHQ_2:Gene	xre_2	CHQ_2_26:119018-119245	CHQ_2_02124
prokka_CHQ_2/CHQ_2:Gene	CHQ_2_02127	CHQ_2_26:122074-122256	CHQ_2_02127
prokka_CHQ_2/CHQ_2:Gene	CHQ_2_02128	CHQ_2_26:122243-123478	CHQ_2_02128
prokka_CHQ_2/CHQ_2:Gene	CHQ_2_02130	CHQ_2_26:123769-124164	CHQ_2_02130
prokka_CHQ_2/CHQ_2:Gene	CHQ_2_02131	CHQ_2_26:124161-126773	CHQ_2_02131
prokka_CHQ_2/CHQ_2:Gene	CHQ_2_02132	CHQ_2_26:126770-128887	CHQ_2_02132
prokka_CHQ_2/CHQ_2:Gene	CHQ_2_02139	CHQ_2_26:131634-131885	CHQ_2_02139
prokka_CHQ_2/CHQ_2:Gene	xerC_10	CHQ_2_26:131882-133015	CHQ_2_02140
prokka_CHQ_2/CHQ_2:Gene	rnpA	CHQ_2_26:138137-138490	CHQ_2_02146
prokka_CHQ_2/CHQ_2:Gene	misCA	CHQ_2_26:138487-139296	CHQ_2_02147
prokka_CHQ_2/CHQ_2:Gene	CHQ_2_02151	CHQ_2_26:142004-142270	CHQ_2_02151
prokka_CHQ_2/CHQ_2:Gene	yrrK	CHQ_2_26:142270-142701	CHQ_2_02152
prokka_CHQ_2/CHQ_2:Gene	gatC	CHQ_2_26:165998-166303	CHQ_2_02172
prokka_CHQ_2/CHQ_2:Gene	gatA	CHQ_2_26:166303-167763	CHQ_2_02173
prokka_CHQ_2/CHQ_2:Gene	yqgN	CHQ_2_26:173481-174014	CHQ_2_02180
prokka_CHQ_2/CHQ_2:Gene	CHQ_2_02181	CHQ_2_26:174004-174696	CHQ_2_02181
prokka_CHQ_2/CHQ_2:Gene	CHQ_2_02186	CHQ_2_26:179808-180014	CHQ_2_02186
prokka_CHQ_2/CHQ_2:Gene	CHQ_2_02187	CHQ_2_26:180011-180205	CHQ_2_02187
prokka_CHQ_2/CHQ_2:Gene	CHQ_2_02197	CHQ_2_26:c190700-190500	CHQ_2_02197
prokka_CHQ_2/CHQ_2:Gene	feoB	CHQ_2_26:c192816-190687	CHQ_2_02198
prokka_CHQ_2/CHQ_2:Gene	CHQ_2_02201	CHQ_2_26:c195933-194269	CHQ_2_02201
prokka_CHQ_2/CHQ_2:Gene	CHQ_2_02202	CHQ_2_26:c196301-195933	CHQ_2_02202
prokka_CHQ_2/CHQ_2:Gene	rfbC	CHQ_2_26:199029-199622	CHQ_2_02207
prokka_CHQ_2/CHQ_2:Gene	CHQ_2_02208	CHQ_2_26:199622-199876	CHQ_2_02208
prokka_CHQ_2/CHQ_2:Gene	CHQ_2_02211	CHQ_2_26:202089-203297	CHQ_2_02211
prokka_CHQ_2/CHQ_2:Gene	CHQ_2_02212	CHQ_2_26:203287-204225	CHQ_2_02212
prokka_CHQ_2/CHQ_2:Gene	btuD_6	CHQ_2_26:205049-206242	CHQ_2_02214
prokka_CHQ_2/CHQ_2:Gene	CHQ_2_02215	CHQ_2_26:206235-207611	CHQ_2_02215
prokka_CHQ_2/CHQ_2:Gene	CHQ_2_02216	CHQ_2_26:207620-208585	CHQ_2_02216
prokka_CHQ_2/CHQ_2:Gene	CHQ_2_02217	CHQ_2_26:208575-210341	CHQ_2_02217
prokka_CHQ_2/CHQ_2:Gene	arnC_2	CHQ_2_26:210417-211154	CHQ_2_02218
prokka_CHQ_2/CHQ_2:Gene	CHQ_2_02219	CHQ_2_26:211154-211519	CHQ_2_02219
prokka_CHQ_2/CHQ_2:Gene	wbgU	CHQ_2_26:211503-212444	CHQ_2_02220
prokka_CHQ_2/CHQ_2:Gene	tuaB	CHQ_2_26:212444-213871	CHQ_2_02221
prokka_CHQ_2/CHQ_2:Gene	bshA	CHQ_2_26:213868-215007	CHQ_2_02222
prokka_CHQ_2/CHQ_2:Gene	CHQ_2_02223	CHQ_2_26:215007-215852	CHQ_2_02223
prokka_CHQ_2/CHQ_2:Gene	epsF	CHQ_2_26:215800-216963	CHQ_2_02224
prokka_CHQ_2/CHQ_2:Gene	nadD_2	CHQ_2_26:228395-229006	CHQ_2_02235
prokka_CHQ_2/CHQ_2:Gene	CHQ_2_02236	CHQ_2_26:228999-229589	CHQ_2_02236
prokka_CHQ_2/CHQ_2:Gene	CHQ_2_02243	CHQ_2_26:234073-234714	CHQ_2_02243
prokka_CHQ_2/CHQ_2:Gene	ung	CHQ_2_26:234711-235370	CHQ_2_02244
prokka_CHQ_2/CHQ_2:Gene	dhaL	CHQ_2_26:244411-244989	CHQ_2_02256
prokka_CHQ_2/CHQ_2:Gene	dhaM	CHQ_2_26:244986-245357	CHQ_2_02257
prokka_CHQ_2/CHQ_2:Gene	ybhF	CHQ_2_26:248413-248757	CHQ_2_02261
prokka_CHQ_2/CHQ_2:Gene	rbbA	CHQ_2_26:248708-249160	CHQ_2_02262
prokka_CHQ_2/CHQ_2:Gene	CHQ_2_02263	CHQ_2_26:249157-250299	CHQ_2_02263
prokka_CHQ_2/CHQ_2:Gene	CHQ_2_02270	CHQ_2_26:256886-258721	CHQ_2_02270
prokka_CHQ_2/CHQ_2:Gene	CHQ_2_02271	CHQ_2_26:258718-260595	CHQ_2_02271
prokka_CHQ_2/CHQ_2:Gene	yhhX	CHQ_2_26:c262410-261391	CHQ_2_02273
prokka_CHQ_2/CHQ_2:Gene	CHQ_2_02274	CHQ_2_26:c262561-262394	CHQ_2_02274
prokka_CHQ_2/CHQ_2:Gene	CHQ_2_02279	CHQ_2_26:265607-266155	CHQ_2_02279
prokka_CHQ_2/CHQ_2:Gene	CHQ_2_02280	CHQ_2_26:266152-266436	CHQ_2_02280
prokka_CHQ_2/CHQ_2:Gene	CHQ_2_02288	CHQ_2_26:274333-274821	CHQ_2_02288
prokka_CHQ_2/CHQ_2:Gene	ecfA2	CHQ_2_26:274818-275684	CHQ_2_02289
prokka_CHQ_2/CHQ_2:Gene	ecfT_1	CHQ_2_26:275684-276484	CHQ_2_02290
prokka_CHQ_2/CHQ_2:Gene	tsaB	CHQ_2_26:289861-290586	CHQ_2_02305
prokka_CHQ_2/CHQ_2:Gene	ypeA	CHQ_2_26:290540-291109	CHQ_2_02306
prokka_CHQ_2/CHQ_2:Gene	CHQ_2_02307	CHQ_2_26:291106-291576	CHQ_2_02307
prokka_CHQ_2/CHQ_2:Gene	tsaD	CHQ_2_26:291579-292619	CHQ_2_02308
prokka_CHQ_2/CHQ_2:Gene	CHQ_2_02309	CHQ_2_26:292619-292819	CHQ_2_02309
prokka_CHQ_2/CHQ_2:Gene	metN	CHQ_2_26:322775-323881	CHQ_2_02339
prokka_CHQ_2/CHQ_2:Gene	metP	CHQ_2_26:323881-324576	CHQ_2_02340
prokka_CHQ_2/CHQ_2:Gene	ykoD	CHQ_2_26:325281-326978	CHQ_2_02342
prokka_CHQ_2/CHQ_2:Gene	ecfT_2	CHQ_2_26:326971-327792	CHQ_2_02343
prokka_CHQ_2/CHQ_2:Gene	CHQ_2_02344	CHQ_2_26:327957-328250	CHQ_2_02344
prokka_CHQ_2/CHQ_2:Gene	fecE	CHQ_2_26:328201-328953	CHQ_2_02345
prokka_CHQ_2/CHQ_2:Gene	hmuU	CHQ_2_26:328946-329896	CHQ_2_02346
prokka_CHQ_2/CHQ_2:Gene	oppD_2	CHQ_2_26:350451-351500	CHQ_2_02365
prokka_CHQ_2/CHQ_2:Gene	oppF_2	CHQ_2_26:351497-352438	CHQ_2_02366
prokka_CHQ_2/CHQ_2:Gene	CHQ_2_02375	CHQ_2_26:364473-364799	CHQ_2_02375
prokka_CHQ_2/CHQ_2:Gene	CHQ_2_02376	CHQ_2_26:364774-365100	CHQ_2_02376
prokka_CHQ_2/CHQ_2:Gene	yjbM	CHQ_2_26:367696-368376	CHQ_2_02380
prokka_CHQ_2/CHQ_2:Gene	nadK	CHQ_2_26:368363-369175	CHQ_2_02381
prokka_CHQ_2/CHQ_2:Gene	CHQ_2_02382	CHQ_2_26:369175-370056	CHQ_2_02382
prokka_CHQ_2/CHQ_2:Gene	CHQ_2_02385	CHQ_2_26:372786-373598	CHQ_2_02385
prokka_CHQ_2/CHQ_2:Gene	apbE_2	CHQ_2_26:373598-374575	CHQ_2_02386
prokka_CHQ_2/CHQ_2:Gene	walK	CHQ_2_26:c401884-400442	CHQ_2_02410
prokka_CHQ_2/CHQ_2:Gene	walR	CHQ_2_26:c402578-401877	CHQ_2_02411
prokka_CHQ_2/CHQ_2:Gene	CHQ_2_02414	CHQ_2_26:404436-405218	CHQ_2_02414
prokka_CHQ_2/CHQ_2:Gene	yabA	CHQ_2_26:405211-405537	CHQ_2_02415
prokka_CHQ_2/CHQ_2:Gene	rsmI	CHQ_2_26:405537-406412	CHQ_2_02416
prokka_CHQ_2/CHQ_2:Gene	CHQ_2_02419	CHQ_2_26:407980-408936	CHQ_2_02419
prokka_CHQ_2/CHQ_2:Gene	CHQ_2_02420	CHQ_2_26:408923-409912	CHQ_2_02420
prokka_CHQ_2/CHQ_2:Gene	dacA_2	CHQ_2_26:432107-432985	CHQ_2_02438
prokka_CHQ_2/CHQ_2:Gene	CHQ_2_02439	CHQ_2_26:432975-433934	CHQ_2_02439
prokka_CHQ_2/CHQ_2:Gene	tsaE	CHQ_2_26:443402-443866	CHQ_2_02448
prokka_CHQ_2/CHQ_2:Gene	aaaT	CHQ_2_26:443863-444381	CHQ_2_02449
prokka_CHQ_2/CHQ_2:Gene	CHQ_2_02460	CHQ_2_26:451639-451812	CHQ_2_02460
prokka_CHQ_2/CHQ_2:Gene	CHQ_2_02461	CHQ_2_26:451812-452018	CHQ_2_02461
prokka_CHQ_2/CHQ_2:Gene	CHQ_2_02462	CHQ_2_26:452830-453360	CHQ_2_02462
prokka_CHQ_2/CHQ_2:Gene	CHQ_2_02463	CHQ_2_26:453357-453557	CHQ_2_02463
prokka_CHQ_2/CHQ_2:Gene	CHQ_2_02467	CHQ_2_26:456705-457220	CHQ_2_02467
prokka_CHQ_2/CHQ_2:Gene	CHQ_2_02468	CHQ_2_26:457213-458361	CHQ_2_02468
prokka_CHQ_2/CHQ_2:Gene	CHQ_2_02469	CHQ_2_26:458480-458755	CHQ_2_02469
prokka_CHQ_2/CHQ_2:Gene	CHQ_2_02470	CHQ_2_26:458752-459066	CHQ_2_02470
prokka_CHQ_2/CHQ_2:Gene	CHQ_2_02471	CHQ_2_26:459056-459394	CHQ_2_02471
prokka_CHQ_2/CHQ_2:Gene	CHQ_2_02472	CHQ_2_26:459387-459752	CHQ_2_02472
prokka_CHQ_2/CHQ_2:Gene	CHQ_2_02477	CHQ_2_26:463799-465772	CHQ_2_02477
prokka_CHQ_2/CHQ_2:Gene	CHQ_2_02478	CHQ_2_26:465772-466893	CHQ_2_02478
prokka_CHQ_2/CHQ_2:Gene	CHQ_2_02479	CHQ_2_26:466890-467303	CHQ_2_02479
prokka_CHQ_2/CHQ_2:Gene	CHQ_2_02480	CHQ_2_26:467293-468180	CHQ_2_02480
prokka_CHQ_2/CHQ_2:Gene	hmpT	CHQ_2_26:474617-475108	CHQ_2_02489
prokka_CHQ_2/CHQ_2:Gene	CHQ_2_02490	CHQ_2_26:475089-475631	CHQ_2_02490
prokka_CHQ_2/CHQ_2:Gene	CHQ_2_02496	CHQ_2_26:c481694-481215	CHQ_2_02496
prokka_CHQ_2/CHQ_2:Gene	yvdD	CHQ_2_26:c482232-481678	CHQ_2_02497
prokka_CHQ_2/CHQ_2:Gene	CHQ_2_02498	CHQ_2_26:c482885-482232	CHQ_2_02498
prokka_CHQ_2/CHQ_2:Gene	lipC	CHQ_2_26:488282-489121	CHQ_2_02502
prokka_CHQ_2/CHQ_2:Gene	nagZ	CHQ_2_26:489118-490329	CHQ_2_02503
prokka_CHQ_2/CHQ_2:Gene	yadG	CHQ_2_26:493288-494097	CHQ_2_02509
prokka_CHQ_2/CHQ_2:Gene	CHQ_2_02510	CHQ_2_26:494094-494819	CHQ_2_02510
prokka_CHQ_2/CHQ_2:Gene	CHQ_2_02511	CHQ_2_26:494855-495340	CHQ_2_02511
prokka_CHQ_2/CHQ_2:Gene	CHQ_2_02512	CHQ_2_26:495337-495714	CHQ_2_02512
prokka_CHQ_2/CHQ_2:Gene	ponA	CHQ_2_26:c504858-502783	CHQ_2_02519
prokka_CHQ_2/CHQ_2:Gene	recU	CHQ_2_26:c505486-504845	CHQ_2_02520
prokka_CHQ_2/CHQ_2:Gene	CHQ_2_02523	CHQ_2_26:506729-507010	CHQ_2_02523
prokka_CHQ_2/CHQ_2:Gene	suhB	CHQ_2_26:506976-507755	CHQ_2_02524
prokka_CHQ_2/CHQ_2:Gene	murA1_2	CHQ_2_26:507846-509129	CHQ_2_02525
prokka_CHQ_2/CHQ_2:Gene	CHQ_2_02526	CHQ_2_26:509129-509320	CHQ_2_02526
prokka_CHQ_2/CHQ_2:Gene	mnaA	CHQ_2_27:3416-4504	CHQ_2_02533
prokka_CHQ_2/CHQ_2:Gene	CHQ_2_02534	CHQ_2_27:4494-6968	CHQ_2_02534
prokka_CHQ_2/CHQ_2:Gene	thiD	CHQ_2_27:8019-8822	CHQ_2_02536
prokka_CHQ_2/CHQ_2:Gene	thiE	CHQ_2_27:8812-9459	CHQ_2_02537
prokka_CHQ_2/CHQ_2:Gene	dltA	CHQ_2_27:9805-11304	CHQ_2_02539
prokka_CHQ_2/CHQ_2:Gene	CHQ_2_02540	CHQ_2_27:11304-12527	CHQ_2_02540
prokka_CHQ_2/CHQ_2:Gene	dltC	CHQ_2_27:12570-12809	CHQ_2_02541
prokka_CHQ_2/CHQ_2:Gene	dltD	CHQ_2_27:12799-14085	CHQ_2_02542
prokka_CHQ_2/CHQ_2:Gene	metE	CHQ_2_27:18209-20482	CHQ_2_02545
prokka_CHQ_2/CHQ_2:Gene	metF	CHQ_2_27:20472-21323	CHQ_2_02546
prokka_CHQ_2/CHQ_2:Gene	CHQ_2_02565	CHQ_2_28:314-1822	CHQ_2_02565
prokka_CHQ_2/CHQ_2:Gene	CHQ_2_02566	CHQ_2_28:1779-1943	CHQ_2_02566
prokka_CHQ_2/CHQ_2:Gene	CHQ_2_02567	CHQ_2_28:1940-2227	CHQ_2_02567
prokka_CHQ_2/CHQ_2:Gene	CHQ_2_02570	CHQ_2_28:3861-4070	CHQ_2_02570
prokka_CHQ_2/CHQ_2:Gene	CHQ_2_02571	CHQ_2_28:4067-4342	CHQ_2_02571
prokka_CHQ_2/CHQ_2:Gene	CHQ_2_02574	CHQ_2_28:6173-6508	CHQ_2_02574
prokka_CHQ_2/CHQ_2:Gene	CHQ_2_02575	CHQ_2_28:6489-6842	CHQ_2_02575
prokka_CHQ_2/CHQ_2:Gene	CHQ_2_02576	CHQ_2_28:6832-7374	CHQ_2_02576
prokka_CHQ_2/CHQ_2:Gene	CHQ_2_02577	CHQ_2_28:7374-7736	CHQ_2_02577
prokka_CHQ_2/CHQ_2:Gene	CHQ_2_02579	CHQ_2_29:332-538	CHQ_2_02579
prokka_CHQ_2/CHQ_2:Gene	CHQ_2_02580	CHQ_2_29:531-1175	CHQ_2_02580
prokka_CHQ_2/CHQ_2:Gene	CHQ_2_02581	CHQ_2_29:1172-1336	CHQ_2_02581
prokka_CHQ_2/CHQ_2:Gene	CHQ_2_02582	CHQ_2_29:1333-1467	CHQ_2_02582
prokka_CHQ_2/CHQ_2:Gene	CHQ_2_02584	CHQ_2_29:1905-2432	CHQ_2_02584
prokka_CHQ_2/CHQ_2:Gene	CHQ_2_02585	CHQ_2_29:2425-2817	CHQ_2_02585
prokka_CHQ_2/CHQ_2:Gene	CHQ_2_02586	CHQ_2_29:2814-2990	CHQ_2_02586
prokka_CHQ_2/CHQ_2:Gene	CHQ_2_02592	CHQ_2_29:5713-6024	CHQ_2_02592
prokka_CHQ_2/CHQ_2:Gene	CHQ_2_02593	CHQ_2_29:6014-7753	CHQ_2_02593
prokka_CHQ_2/CHQ_2:Gene	CHQ_2_02594	CHQ_2_29:7860-9137	CHQ_2_02594
prokka_CHQ_2/CHQ_2:Gene	clpP_2	CHQ_2_29:9124-9891	CHQ_2_02595
prokka_CHQ_2/CHQ_2:Gene	CHQ_2_02596	CHQ_2_29:9891-11012	CHQ_2_02596
prokka_CHQ_2/CHQ_2:Gene	CHQ_2_02598	CHQ_2_29:11363-11695	CHQ_2_02598
prokka_CHQ_2/CHQ_2:Gene	CHQ_2_02599	CHQ_2_29:11661-12047	CHQ_2_02599
prokka_CHQ_2/CHQ_2:Gene	CHQ_2_02600	CHQ_2_29:12040-12444	CHQ_2_02600
prokka_CHQ_2/CHQ_2:Gene	CHQ_2_02601	CHQ_2_29:12441-12830	CHQ_2_02601
prokka_CHQ_2/CHQ_2:Gene	CHQ_2_02605	CHQ_2_29:14702-18802	CHQ_2_02605
prokka_CHQ_2/CHQ_2:Gene	CHQ_2_02606	CHQ_2_29:18799-20325	CHQ_2_02606
prokka_CHQ_2/CHQ_2:Gene	CHQ_2_02607	CHQ_2_29:20325-23843	CHQ_2_02607
prokka_CHQ_2/CHQ_2:Gene	CHQ_2_02610	CHQ_2_29:24643-25194	CHQ_2_02610
prokka_CHQ_2/CHQ_2:Gene	CHQ_2_02611	CHQ_2_29:25134-25487	CHQ_2_02611
prokka_CHQ_2/CHQ_2:Gene	gpmA_2	CHQ_2_29:44563-45258	CHQ_2_02633
prokka_CHQ_2/CHQ_2:Gene	vanYB	CHQ_2_29:45255-46001	CHQ_2_02634
prokka_CHQ_2/CHQ_2:Gene	lacC	CHQ_2_29:54238-55155	CHQ_2_02642
prokka_CHQ_2/CHQ_2:Gene	fruA_2	CHQ_2_29:55155-57059	CHQ_2_02643
prokka_CHQ_2/CHQ_2:Gene	yvcJ	CHQ_2_29:58671-59558	CHQ_2_02645
prokka_CHQ_2/CHQ_2:Gene	CHQ_2_02646	CHQ_2_29:59555-60538	CHQ_2_02646
prokka_CHQ_2/CHQ_2:Gene	ftsE	CHQ_2_29:69452-70144	CHQ_2_02656
prokka_CHQ_2/CHQ_2:Gene	ftsX	CHQ_2_29:70137-71072	CHQ_2_02657
prokka_CHQ_2/CHQ_2:Gene	yecD_2	CHQ_2_29:78673-79212	CHQ_2_02664
prokka_CHQ_2/CHQ_2:Gene	dinG_2	CHQ_2_29:79205-80038	CHQ_2_02665
prokka_CHQ_2/CHQ_2:Gene	elaA	CHQ_2_29:80035-80484	CHQ_2_02666
prokka_CHQ_2/CHQ_2:Gene	ribD	CHQ_2_29:84634-85722	CHQ_2_02669
prokka_CHQ_2/CHQ_2:Gene	ribE	CHQ_2_29:85722-86372	CHQ_2_02670
prokka_CHQ_2/CHQ_2:Gene	CHQ_2_02704	CHQ_2_29:113513-114328	CHQ_2_02704
prokka_CHQ_2/CHQ_2:Gene	CHQ_2_02705	CHQ_2_29:114322-114558	CHQ_2_02705
prokka_CHQ_2/CHQ_2:Gene	CHQ_2_02708	CHQ_2_29:116557-116907	CHQ_2_02708
prokka_CHQ_2/CHQ_2:Gene	CHQ_2_02709	CHQ_2_29:116904-117053	CHQ_2_02709
prokka_CHQ_2/CHQ_2:Gene	CHQ_2_02712	CHQ_2_29:117912-118121	CHQ_2_02712
prokka_CHQ_2/CHQ_2:Gene	CHQ_2_02713	CHQ_2_29:118118-118753	CHQ_2_02713
prokka_CHQ_2/CHQ_2:Gene	CHQ_2_02714	CHQ_2_29:118935-119312	CHQ_2_02714
prokka_CHQ_2/CHQ_2:Gene	CHQ_2_02715	CHQ_2_29:119309-119530	CHQ_2_02715
prokka_CHQ_2/CHQ_2:Gene	CHQ_2_02716	CHQ_2_29:119523-120020	CHQ_2_02716
prokka_CHQ_2/CHQ_2:Gene	CHQ_2_02718	CHQ_2_29:120295-120783	CHQ_2_02718
prokka_CHQ_2/CHQ_2:Gene	CHQ_2_02719	CHQ_2_29:120776-121114	CHQ_2_02719
prokka_CHQ_2/CHQ_2:Gene	CHQ_2_02720	CHQ_2_29:121114-121281	CHQ_2_02720
prokka_CHQ_2/CHQ_2:Gene	CHQ_2_02721	CHQ_2_29:121278-121442	CHQ_2_02721
prokka_CHQ_2/CHQ_2:Gene	CHQ_2_02747	CHQ_2_29:143346-143819	CHQ_2_02747
prokka_CHQ_2/CHQ_2:Gene	CHQ_2_02748	CHQ_2_29:143816-144079	CHQ_2_02748
prokka_CHQ_2/CHQ_2:Gene	essB	CHQ_2_29:144066-145193	CHQ_2_02749
prokka_CHQ_2/CHQ_2:Gene	CHQ_2_02753	CHQ_2_29:150422-150778	CHQ_2_02753
prokka_CHQ_2/CHQ_2:Gene	CHQ_2_02754	CHQ_2_29:150769-152052	CHQ_2_02754
prokka_CHQ_2/CHQ_2:Gene	CHQ_2_02755	CHQ_2_29:152058-153011	CHQ_2_02755
prokka_CHQ_2/CHQ_2:Gene	CHQ_2_02756	CHQ_2_29:153008-153457	CHQ_2_02756
prokka_CHQ_2/CHQ_2:Gene	CHQ_2_02757	CHQ_2_29:153457-153978	CHQ_2_02757
prokka_CHQ_2/CHQ_2:Gene	CHQ_2_02772	CHQ_2_29:169566-169865	CHQ_2_02772
prokka_CHQ_2/CHQ_2:Gene	CHQ_2_02773	CHQ_2_29:169837-171180	CHQ_2_02773
prokka_CHQ_2/CHQ_2:Gene	CHQ_2_02776	CHQ_2_29:172932-173348	CHQ_2_02776
prokka_CHQ_2/CHQ_2:Gene	CHQ_2_02777	CHQ_2_29:173345-175654	CHQ_2_02777

DiscRep_ALL:OVERLAPPING_CDS::8 coding regions overlap another coding region with a similar or identical name.
DiscRep_SUB:OVERLAPPING_CDS::8 coding regions overlap another coding region with a similar or identical name that do not have the appropriate note text
prokka_CHQ_2/CHQ_2:CDS	Xylulose kinase	CHQ_2_7:c237735-236470	CHQ_2_00544
prokka_CHQ_2/CHQ_2:CDS	Xylulose kinase	CHQ_2_7:c237974-237723	CHQ_2_00545
prokka_CHQ_2/CHQ_2:CDS	Coenzyme A biosynthesis bifunctional protein CoaBC	CHQ_2_9:186736-187431	CHQ_2_01140
prokka_CHQ_2/CHQ_2:CDS	Coenzyme A biosynthesis bifunctional protein CoaBC	CHQ_2_9:187424-187960	CHQ_2_01141
prokka_CHQ_2/CHQ_2:CDS	Glucosyltransferase 3	CHQ_2_19:13260-14339	CHQ_2_01868
prokka_CHQ_2/CHQ_2:CDS	Glucosyltransferase 3	CHQ_2_19:14332-15402	CHQ_2_01869
prokka_CHQ_2/CHQ_2:CDS	HTH-type transcriptional regulator Xre	CHQ_2_26:118819-119031	CHQ_2_02123
prokka_CHQ_2/CHQ_2:CDS	HTH-type transcriptional regulator Xre	CHQ_2_26:119018-119245	CHQ_2_02124

DiscRep_ALL:SUSPECT_PRODUCT_NAMES::4 product_names contain suspect phrase or characters
DiscRep_SUB:SUSPECT_PRODUCT_NAMES::May contain database identifier more appropriate in note; remove from product name
DiscRep_SUB:SUSPECT_PRODUCT_NAMES::3 features contains three or more numbers together that may be identifiers more appropriate in note
prokka_CHQ_2/CHQ_2:CDS	Putative transposon Tn552 DNA-invertase bin3	CHQ_2_20:159-755	CHQ_2_01872
prokka_CHQ_2/CHQ_2:CDS	Putative transposon Tn552 DNA-invertase bin3	CHQ_2_21:160-777	CHQ_2_01945
prokka_CHQ_2/CHQ_2:CDS	putative oxidoreductase/MSMEI_2347	CHQ_2_26:263966-264811	CHQ_2_02277

DiscRep_SUB:SUSPECT_PRODUCT_NAMES::1 features Contains underscore
prokka_CHQ_2/CHQ_2:CDS	putative oxidoreductase/MSMEI_2347	CHQ_2_26:263966-264811	CHQ_2_02277

DiscRep_ALL:NO_ANNOTATION::1 bioseqs have no features
prokka_CHQ_2/CHQ_2:Prokka:CHQ_2_18 (length 1173)

DiscRep_ALL:DISC_QUALITY_SCORES::Quality scores are missing on all sequences.

DiscRep_ALL:DISC_BAD_BACTERIAL_GENE_NAME::4 bacterial genes do not start with lowercase letters
prokka_CHQ_2/CHQ_2:Gene	COQ5_1	CHQ_2_7:c186659-185916	CHQ_2_00505
prokka_CHQ_2/CHQ_2:Gene	COQ5_2	CHQ_2_10:c59996-59376	CHQ_2_01220
prokka_CHQ_2/CHQ_2:Gene	COQ3	CHQ_2_13:235296-236033	CHQ_2_01575
prokka_CHQ_2/CHQ_2:Gene	COQ5_3	CHQ_2_26:230686-231420	CHQ_2_02239

DiscRep_ALL:ONCALLER_COMMENT_PRESENT::29 comment descriptors were found (all same)
prokka_CHQ_2/CHQ_2:Prokka:CHQ_2_1:Annotated using prokka 1.14.6 from https://github.com/tseemann/prokka
prokka_CHQ_2/CHQ_2:Prokka:CHQ_2_2:Annotated using prokka 1.14.6 from https://github.com/tseemann/prokka
prokka_CHQ_2/CHQ_2:Prokka:CHQ_2_3:Annotated using prokka 1.14.6 from https://github.com/tseemann/prokka
prokka_CHQ_2/CHQ_2:Prokka:CHQ_2_4:Annotated using prokka 1.14.6 from https://github.com/tseemann/prokka
prokka_CHQ_2/CHQ_2:Prokka:CHQ_2_5:Annotated using prokka 1.14.6 from https://github.com/tseemann/prokka
prokka_CHQ_2/CHQ_2:Prokka:CHQ_2_6:Annotated using prokka 1.14.6 from https://github.com/tseemann/prokka
prokka_CHQ_2/CHQ_2:Prokka:CHQ_2_7:Annotated using prokka 1.14.6 from https://github.com/tseemann/prokka
prokka_CHQ_2/CHQ_2:Prokka:CHQ_2_8:Annotated using prokka 1.14.6 from https://github.com/tseemann/prokka
prokka_CHQ_2/CHQ_2:Prokka:CHQ_2_9:Annotated using prokka 1.14.6 from https://github.com/tseemann/prokka
prokka_CHQ_2/CHQ_2:Prokka:CHQ_2_10:Annotated using prokka 1.14.6 from https://github.com/tseemann/prokka
prokka_CHQ_2/CHQ_2:Prokka:CHQ_2_11:Annotated using prokka 1.14.6 from https://github.com/tseemann/prokka
prokka_CHQ_2/CHQ_2:Prokka:CHQ_2_12:Annotated using prokka 1.14.6 from https://github.com/tseemann/prokka
prokka_CHQ_2/CHQ_2:Prokka:CHQ_2_13:Annotated using prokka 1.14.6 from https://github.com/tseemann/prokka
prokka_CHQ_2/CHQ_2:Prokka:CHQ_2_14:Annotated using prokka 1.14.6 from https://github.com/tseemann/prokka
prokka_CHQ_2/CHQ_2:Prokka:CHQ_2_15:Annotated using prokka 1.14.6 from https://github.com/tseemann/prokka
prokka_CHQ_2/CHQ_2:Prokka:CHQ_2_16:Annotated using prokka 1.14.6 from https://github.com/tseemann/prokka
prokka_CHQ_2/CHQ_2:Prokka:CHQ_2_17:Annotated using prokka 1.14.6 from https://github.com/tseemann/prokka
prokka_CHQ_2/CHQ_2:Prokka:CHQ_2_18:Annotated using prokka 1.14.6 from https://github.com/tseemann/prokka
prokka_CHQ_2/CHQ_2:Prokka:CHQ_2_19:Annotated using prokka 1.14.6 from https://github.com/tseemann/prokka
prokka_CHQ_2/CHQ_2:Prokka:CHQ_2_20:Annotated using prokka 1.14.6 from https://github.com/tseemann/prokka
prokka_CHQ_2/CHQ_2:Prokka:CHQ_2_21:Annotated using prokka 1.14.6 from https://github.com/tseemann/prokka
prokka_CHQ_2/CHQ_2:Prokka:CHQ_2_22:Annotated using prokka 1.14.6 from https://github.com/tseemann/prokka
prokka_CHQ_2/CHQ_2:Prokka:CHQ_2_23:Annotated using prokka 1.14.6 from https://github.com/tseemann/prokka
prokka_CHQ_2/CHQ_2:Prokka:CHQ_2_24:Annotated using prokka 1.14.6 from https://github.com/tseemann/prokka
prokka_CHQ_2/CHQ_2:Prokka:CHQ_2_25:Annotated using prokka 1.14.6 from https://github.com/tseemann/prokka
prokka_CHQ_2/CHQ_2:Prokka:CHQ_2_26:Annotated using prokka 1.14.6 from https://github.com/tseemann/prokka
prokka_CHQ_2/CHQ_2:Prokka:CHQ_2_27:Annotated using prokka 1.14.6 from https://github.com/tseemann/prokka
prokka_CHQ_2/CHQ_2:Prokka:CHQ_2_28:Annotated using prokka 1.14.6 from https://github.com/tseemann/prokka
prokka_CHQ_2/CHQ_2:Prokka:CHQ_2_29:Annotated using prokka 1.14.6 from https://github.com/tseemann/prokka

DiscRep_ALL:SHORT_PROT_SEQUENCES::37 protein sequences are shorter than 50 aa.
prokka_CHQ_2/CHQ_2:Prokka:CHQ_2_00037 (length 49)
prokka_CHQ_2/CHQ_2:Prokka:CHQ_2_00038 (length 47)
prokka_CHQ_2/CHQ_2:Prokka:CHQ_2_00065 (length 48)
prokka_CHQ_2/CHQ_2:Prokka:CHQ_2_00307 (length 48)
prokka_CHQ_2/CHQ_2:Prokka:CHQ_2_00618 (length 47)
prokka_CHQ_2/CHQ_2:Prokka:CHQ_2_00622 (length 37)
prokka_CHQ_2/CHQ_2:Prokka:CHQ_2_00623 (length 45)
prokka_CHQ_2/CHQ_2:Prokka:CHQ_2_00635 (length 47)
prokka_CHQ_2/CHQ_2:Prokka:CHQ_2_00796 (length 47)
prokka_CHQ_2/CHQ_2:Prokka:CHQ_2_00901 (length 42)
prokka_CHQ_2/CHQ_2:Prokka:CHQ_2_00920 (length 38)
prokka_CHQ_2/CHQ_2:Prokka:CHQ_2_00981 (length 32)
prokka_CHQ_2/CHQ_2:Prokka:CHQ_2_00987 (length 37)
prokka_CHQ_2/CHQ_2:Prokka:CHQ_2_01051 (length 38)
prokka_CHQ_2/CHQ_2:Prokka:CHQ_2_01060 (length 48)
prokka_CHQ_2/CHQ_2:Prokka:CHQ_2_01205 (length 30)
prokka_CHQ_2/CHQ_2:Prokka:CHQ_2_01233 (length 31)
prokka_CHQ_2/CHQ_2:Prokka:CHQ_2_01253 (length 40)
prokka_CHQ_2/CHQ_2:Prokka:CHQ_2_01485 (length 47)
prokka_CHQ_2/CHQ_2:Prokka:CHQ_2_01566 (length 32)
prokka_CHQ_2/CHQ_2:Prokka:CHQ_2_01590 (length 46)
prokka_CHQ_2/CHQ_2:Prokka:CHQ_2_01656 (length 42)
prokka_CHQ_2/CHQ_2:Prokka:CHQ_2_01695 (length 35)
prokka_CHQ_2/CHQ_2:Prokka:CHQ_2_01717 (length 37)
prokka_CHQ_2/CHQ_2:Prokka:CHQ_2_01747 (length 44)
prokka_CHQ_2/CHQ_2:Prokka:CHQ_2_02071 (length 49)
prokka_CHQ_2/CHQ_2:Prokka:CHQ_2_02117 (length 32)
prokka_CHQ_2/CHQ_2:Prokka:CHQ_2_02149 (length 44)
prokka_CHQ_2/CHQ_2:Prokka:CHQ_2_02297 (length 35)
prokka_CHQ_2/CHQ_2:Prokka:CHQ_2_02317 (length 39)
prokka_CHQ_2/CHQ_2:Prokka:CHQ_2_02457 (length 39)
prokka_CHQ_2/CHQ_2:Prokka:CHQ_2_02538 (length 43)
prokka_CHQ_2/CHQ_2:Prokka:CHQ_2_02582 (length 44)
prokka_CHQ_2/CHQ_2:Prokka:CHQ_2_02694 (length 38)
prokka_CHQ_2/CHQ_2:Prokka:CHQ_2_02701 (length 38)
prokka_CHQ_2/CHQ_2:Prokka:CHQ_2_02709 (length 49)
prokka_CHQ_2/CHQ_2:Prokka:CHQ_2_02731 (length 37)

DiscRep_ALL:MISSING_GENOMEASSEMBLY_COMMENTS::29 bioseqs are missing GenomeAssembly structured comments
prokka_CHQ_2/CHQ_2:Prokka:CHQ_2_1 (length 7221)
prokka_CHQ_2/CHQ_2:Prokka:CHQ_2_2 (length 40311)
prokka_CHQ_2/CHQ_2:Prokka:CHQ_2_3 (length 4375)
prokka_CHQ_2/CHQ_2:Prokka:CHQ_2_4 (length 15615)
prokka_CHQ_2/CHQ_2:Prokka:CHQ_2_5 (length 203393)
prokka_CHQ_2/CHQ_2:Prokka:CHQ_2_6 (length 38918)
prokka_CHQ_2/CHQ_2:Prokka:CHQ_2_7 (length 304765)
prokka_CHQ_2/CHQ_2:Prokka:CHQ_2_8 (length 361391)
prokka_CHQ_2/CHQ_2:Prokka:CHQ_2_9 (length 209782)
prokka_CHQ_2/CHQ_2:Prokka:CHQ_2_10 (length 174556)
prokka_CHQ_2/CHQ_2:Prokka:CHQ_2_11 (length 14377)
prokka_CHQ_2/CHQ_2:Prokka:CHQ_2_12 (length 4404)
prokka_CHQ_2/CHQ_2:Prokka:CHQ_2_13 (length 277461)
prokka_CHQ_2/CHQ_2:Prokka:CHQ_2_14 (length 39840)
prokka_CHQ_2/CHQ_2:Prokka:CHQ_2_15 (length 35741)
prokka_CHQ_2/CHQ_2:Prokka:CHQ_2_16 (length 3362)
prokka_CHQ_2/CHQ_2:Prokka:CHQ_2_17 (length 128654)
prokka_CHQ_2/CHQ_2:Prokka:CHQ_2_18 (length 1173)
prokka_CHQ_2/CHQ_2:Prokka:CHQ_2_19 (length 18180)
prokka_CHQ_2/CHQ_2:Prokka:CHQ_2_20 (length 75476)
prokka_CHQ_2/CHQ_2:Prokka:CHQ_2_21 (length 12140)
prokka_CHQ_2/CHQ_2:Prokka:CHQ_2_22 (length 20097)
prokka_CHQ_2/CHQ_2:Prokka:CHQ_2_23 (length 4634)
prokka_CHQ_2/CHQ_2:Prokka:CHQ_2_24 (length 6280)
prokka_CHQ_2/CHQ_2:Prokka:CHQ_2_25 (length 4058)
prokka_CHQ_2/CHQ_2:Prokka:CHQ_2_26 (length 511058)
prokka_CHQ_2/CHQ_2:Prokka:CHQ_2_27 (length 45371)
prokka_CHQ_2/CHQ_2:Prokka:CHQ_2_28 (length 7799)
prokka_CHQ_2/CHQ_2:Prokka:CHQ_2_29 (length 190638)

DiscRep_ALL:MOLTYPE_NOT_MRNA::29 molecule types are not set as mRNA.
prokka_CHQ_2/CHQ_2:Prokka:CHQ_2_1 (length 7221)
prokka_CHQ_2/CHQ_2:Prokka:CHQ_2_2 (length 40311)
prokka_CHQ_2/CHQ_2:Prokka:CHQ_2_3 (length 4375)
prokka_CHQ_2/CHQ_2:Prokka:CHQ_2_4 (length 15615)
prokka_CHQ_2/CHQ_2:Prokka:CHQ_2_5 (length 203393)
prokka_CHQ_2/CHQ_2:Prokka:CHQ_2_6 (length 38918)
prokka_CHQ_2/CHQ_2:Prokka:CHQ_2_7 (length 304765)
prokka_CHQ_2/CHQ_2:Prokka:CHQ_2_8 (length 361391)
prokka_CHQ_2/CHQ_2:Prokka:CHQ_2_9 (length 209782)
prokka_CHQ_2/CHQ_2:Prokka:CHQ_2_10 (length 174556)
prokka_CHQ_2/CHQ_2:Prokka:CHQ_2_11 (length 14377)
prokka_CHQ_2/CHQ_2:Prokka:CHQ_2_12 (length 4404)
prokka_CHQ_2/CHQ_2:Prokka:CHQ_2_13 (length 277461)
prokka_CHQ_2/CHQ_2:Prokka:CHQ_2_14 (length 39840)
prokka_CHQ_2/CHQ_2:Prokka:CHQ_2_15 (length 35741)
prokka_CHQ_2/CHQ_2:Prokka:CHQ_2_16 (length 3362)
prokka_CHQ_2/CHQ_2:Prokka:CHQ_2_17 (length 128654)
prokka_CHQ_2/CHQ_2:Prokka:CHQ_2_18 (length 1173)
prokka_CHQ_2/CHQ_2:Prokka:CHQ_2_19 (length 18180)
prokka_CHQ_2/CHQ_2:Prokka:CHQ_2_20 (length 75476)
prokka_CHQ_2/CHQ_2:Prokka:CHQ_2_21 (length 12140)
prokka_CHQ_2/CHQ_2:Prokka:CHQ_2_22 (length 20097)
prokka_CHQ_2/CHQ_2:Prokka:CHQ_2_23 (length 4634)
prokka_CHQ_2/CHQ_2:Prokka:CHQ_2_24 (length 6280)
prokka_CHQ_2/CHQ_2:Prokka:CHQ_2_25 (length 4058)
prokka_CHQ_2/CHQ_2:Prokka:CHQ_2_26 (length 511058)
prokka_CHQ_2/CHQ_2:Prokka:CHQ_2_27 (length 45371)
prokka_CHQ_2/CHQ_2:Prokka:CHQ_2_28 (length 7799)
prokka_CHQ_2/CHQ_2:Prokka:CHQ_2_29 (length 190638)

DiscRep_ALL:TECHNIQUE_NOT_TSA::29 technique are not set as TSA
prokka_CHQ_2/CHQ_2:Prokka:CHQ_2_1 (length 7221)
prokka_CHQ_2/CHQ_2:Prokka:CHQ_2_2 (length 40311)
prokka_CHQ_2/CHQ_2:Prokka:CHQ_2_3 (length 4375)
prokka_CHQ_2/CHQ_2:Prokka:CHQ_2_4 (length 15615)
prokka_CHQ_2/CHQ_2:Prokka:CHQ_2_5 (length 203393)
prokka_CHQ_2/CHQ_2:Prokka:CHQ_2_6 (length 38918)
prokka_CHQ_2/CHQ_2:Prokka:CHQ_2_7 (length 304765)
prokka_CHQ_2/CHQ_2:Prokka:CHQ_2_8 (length 361391)
prokka_CHQ_2/CHQ_2:Prokka:CHQ_2_9 (length 209782)
prokka_CHQ_2/CHQ_2:Prokka:CHQ_2_10 (length 174556)
prokka_CHQ_2/CHQ_2:Prokka:CHQ_2_11 (length 14377)
prokka_CHQ_2/CHQ_2:Prokka:CHQ_2_12 (length 4404)
prokka_CHQ_2/CHQ_2:Prokka:CHQ_2_13 (length 277461)
prokka_CHQ_2/CHQ_2:Prokka:CHQ_2_14 (length 39840)
prokka_CHQ_2/CHQ_2:Prokka:CHQ_2_15 (length 35741)
prokka_CHQ_2/CHQ_2:Prokka:CHQ_2_16 (length 3362)
prokka_CHQ_2/CHQ_2:Prokka:CHQ_2_17 (length 128654)
prokka_CHQ_2/CHQ_2:Prokka:CHQ_2_18 (length 1173)
prokka_CHQ_2/CHQ_2:Prokka:CHQ_2_19 (length 18180)
prokka_CHQ_2/CHQ_2:Prokka:CHQ_2_20 (length 75476)
prokka_CHQ_2/CHQ_2:Prokka:CHQ_2_21 (length 12140)
prokka_CHQ_2/CHQ_2:Prokka:CHQ_2_22 (length 20097)
prokka_CHQ_2/CHQ_2:Prokka:CHQ_2_23 (length 4634)
prokka_CHQ_2/CHQ_2:Prokka:CHQ_2_24 (length 6280)
prokka_CHQ_2/CHQ_2:Prokka:CHQ_2_25 (length 4058)
prokka_CHQ_2/CHQ_2:Prokka:CHQ_2_26 (length 511058)
prokka_CHQ_2/CHQ_2:Prokka:CHQ_2_27 (length 45371)
prokka_CHQ_2/CHQ_2:Prokka:CHQ_2_28 (length 7799)
prokka_CHQ_2/CHQ_2:Prokka:CHQ_2_29 (length 190638)

DiscRep_ALL:MISSING_STRUCTURED_COMMENT::29 sequences do not include structured comments.
prokka_CHQ_2/CHQ_2:Prokka:CHQ_2_1 (length 7221)
prokka_CHQ_2/CHQ_2:Prokka:CHQ_2_2 (length 40311)
prokka_CHQ_2/CHQ_2:Prokka:CHQ_2_3 (length 4375)
prokka_CHQ_2/CHQ_2:Prokka:CHQ_2_4 (length 15615)
prokka_CHQ_2/CHQ_2:Prokka:CHQ_2_5 (length 203393)
prokka_CHQ_2/CHQ_2:Prokka:CHQ_2_6 (length 38918)
prokka_CHQ_2/CHQ_2:Prokka:CHQ_2_7 (length 304765)
prokka_CHQ_2/CHQ_2:Prokka:CHQ_2_8 (length 361391)
prokka_CHQ_2/CHQ_2:Prokka:CHQ_2_9 (length 209782)
prokka_CHQ_2/CHQ_2:Prokka:CHQ_2_10 (length 174556)
prokka_CHQ_2/CHQ_2:Prokka:CHQ_2_11 (length 14377)
prokka_CHQ_2/CHQ_2:Prokka:CHQ_2_12 (length 4404)
prokka_CHQ_2/CHQ_2:Prokka:CHQ_2_13 (length 277461)
prokka_CHQ_2/CHQ_2:Prokka:CHQ_2_14 (length 39840)
prokka_CHQ_2/CHQ_2:Prokka:CHQ_2_15 (length 35741)
prokka_CHQ_2/CHQ_2:Prokka:CHQ_2_16 (length 3362)
prokka_CHQ_2/CHQ_2:Prokka:CHQ_2_17 (length 128654)
prokka_CHQ_2/CHQ_2:Prokka:CHQ_2_18 (length 1173)
prokka_CHQ_2/CHQ_2:Prokka:CHQ_2_19 (length 18180)
prokka_CHQ_2/CHQ_2:Prokka:CHQ_2_20 (length 75476)
prokka_CHQ_2/CHQ_2:Prokka:CHQ_2_21 (length 12140)
prokka_CHQ_2/CHQ_2:Prokka:CHQ_2_22 (length 20097)
prokka_CHQ_2/CHQ_2:Prokka:CHQ_2_23 (length 4634)
prokka_CHQ_2/CHQ_2:Prokka:CHQ_2_24 (length 6280)
prokka_CHQ_2/CHQ_2:Prokka:CHQ_2_25 (length 4058)
prokka_CHQ_2/CHQ_2:Prokka:CHQ_2_26 (length 511058)
prokka_CHQ_2/CHQ_2:Prokka:CHQ_2_27 (length 45371)
prokka_CHQ_2/CHQ_2:Prokka:CHQ_2_28 (length 7799)
prokka_CHQ_2/CHQ_2:Prokka:CHQ_2_29 (length 190638)

DiscRep_ALL:MISSING_PROJECT::2767 sequences do not include project.
prokka_CHQ_2/CHQ_2:Prokka:CHQ_2_1 (length 7221)
prokka_CHQ_2/CHQ_2:Prokka:CHQ_2_00001 (length 98)
prokka_CHQ_2/CHQ_2:Prokka:CHQ_2_00002 (length 250)
prokka_CHQ_2/CHQ_2:Prokka:CHQ_2_2 (length 40311)
prokka_CHQ_2/CHQ_2:Prokka:CHQ_2_00004 (length 51)
prokka_CHQ_2/CHQ_2:Prokka:CHQ_2_00005 (length 321)
prokka_CHQ_2/CHQ_2:Prokka:CHQ_2_00006 (length 345)
prokka_CHQ_2/CHQ_2:Prokka:CHQ_2_00007 (length 103)
prokka_CHQ_2/CHQ_2:Prokka:CHQ_2_00008 (length 390)
prokka_CHQ_2/CHQ_2:Prokka:CHQ_2_00009 (length 1618)
prokka_CHQ_2/CHQ_2:Prokka:CHQ_2_00010 (length 251)
prokka_CHQ_2/CHQ_2:Prokka:CHQ_2_00011 (length 252)
prokka_CHQ_2/CHQ_2:Prokka:CHQ_2_00012 (length 263)
prokka_CHQ_2/CHQ_2:Prokka:CHQ_2_00013 (length 281)
prokka_CHQ_2/CHQ_2:Prokka:CHQ_2_00014 (length 101)
prokka_CHQ_2/CHQ_2:Prokka:CHQ_2_00015 (length 205)
prokka_CHQ_2/CHQ_2:Prokka:CHQ_2_00016 (length 56)
prokka_CHQ_2/CHQ_2:Prokka:CHQ_2_00017 (length 437)
prokka_CHQ_2/CHQ_2:Prokka:CHQ_2_00018 (length 392)
prokka_CHQ_2/CHQ_2:Prokka:CHQ_2_00019 (length 357)
prokka_CHQ_2/CHQ_2:Prokka:CHQ_2_00020 (length 450)
prokka_CHQ_2/CHQ_2:Prokka:CHQ_2_00021 (length 113)
prokka_CHQ_2/CHQ_2:Prokka:CHQ_2_00022 (length 413)
prokka_CHQ_2/CHQ_2:Prokka:CHQ_2_00023 (length 491)
prokka_CHQ_2/CHQ_2:Prokka:CHQ_2_00024 (length 230)
prokka_CHQ_2/CHQ_2:Prokka:CHQ_2_00025 (length 176)
prokka_CHQ_2/CHQ_2:Prokka:CHQ_2_00026 (length 81)
prokka_CHQ_2/CHQ_2:Prokka:CHQ_2_00027 (length 65)
prokka_CHQ_2/CHQ_2:Prokka:CHQ_2_00028 (length 78)
prokka_CHQ_2/CHQ_2:Prokka:CHQ_2_00029 (length 120)
prokka_CHQ_2/CHQ_2:Prokka:CHQ_2_00030 (length 303)
prokka_CHQ_2/CHQ_2:Prokka:CHQ_2_00031 (length 278)
prokka_CHQ_2/CHQ_2:Prokka:CHQ_2_00032 (length 296)
prokka_CHQ_2/CHQ_2:Prokka:CHQ_2_00033 (length 123)
prokka_CHQ_2/CHQ_2:Prokka:CHQ_2_00035 (length 136)
prokka_CHQ_2/CHQ_2:Prokka:CHQ_2_00036 (length 167)
prokka_CHQ_2/CHQ_2:Prokka:CHQ_2_00037 (length 49)
prokka_CHQ_2/CHQ_2:Prokka:CHQ_2_00038 (length 47)
prokka_CHQ_2/CHQ_2:Prokka:CHQ_2_00039 (length 82)
prokka_CHQ_2/CHQ_2:Prokka:CHQ_2_00040 (length 119)
prokka_CHQ_2/CHQ_2:Prokka:CHQ_2_00041 (length 87)
prokka_CHQ_2/CHQ_2:Prokka:CHQ_2_00042 (length 168)
prokka_CHQ_2/CHQ_2:Prokka:CHQ_2_00043 (length 90)
prokka_CHQ_2/CHQ_2:Prokka:CHQ_2_00044 (length 169)
prokka_CHQ_2/CHQ_2:Prokka:CHQ_2_00045 (length 427)
prokka_CHQ_2/CHQ_2:Prokka:CHQ_2_00046 (length 122)
prokka_CHQ_2/CHQ_2:Prokka:CHQ_2_00047 (length 297)
prokka_CHQ_2/CHQ_2:Prokka:CHQ_2_3 (length 4375)
prokka_CHQ_2/CHQ_2:Prokka:CHQ_2_00048 (length 279)
prokka_CHQ_2/CHQ_2:Prokka:CHQ_2_00049 (length 329)
prokka_CHQ_2/CHQ_2:Prokka:CHQ_2_00050 (length 123)
prokka_CHQ_2/CHQ_2:Prokka:CHQ_2_00051 (length 136)
prokka_CHQ_2/CHQ_2:Prokka:CHQ_2_00052 (length 79)
prokka_CHQ_2/CHQ_2:Prokka:CHQ_2_4 (length 15615)
prokka_CHQ_2/CHQ_2:Prokka:CHQ_2_00053 (length 63)
prokka_CHQ_2/CHQ_2:Prokka:CHQ_2_00054 (length 68)
prokka_CHQ_2/CHQ_2:Prokka:CHQ_2_00055 (length 126)
prokka_CHQ_2/CHQ_2:Prokka:CHQ_2_00056 (length 195)
prokka_CHQ_2/CHQ_2:Prokka:CHQ_2_00057 (length 102)
prokka_CHQ_2/CHQ_2:Prokka:CHQ_2_00058 (length 178)
prokka_CHQ_2/CHQ_2:Prokka:CHQ_2_00059 (length 407)
prokka_CHQ_2/CHQ_2:Prokka:CHQ_2_00060 (length 531)
prokka_CHQ_2/CHQ_2:Prokka:CHQ_2_00061 (length 1025)
prokka_CHQ_2/CHQ_2:Prokka:CHQ_2_00062 (length 209)
prokka_CHQ_2/CHQ_2:Prokka:CHQ_2_00063 (length 383)
prokka_CHQ_2/CHQ_2:Prokka:CHQ_2_00064 (length 93)
prokka_CHQ_2/CHQ_2:Prokka:CHQ_2_00065 (length 48)
prokka_CHQ_2/CHQ_2:Prokka:CHQ_2_00066 (length 201)
prokka_CHQ_2/CHQ_2:Prokka:CHQ_2_00067 (length 58)
prokka_CHQ_2/CHQ_2:Prokka:CHQ_2_5 (length 203393)
prokka_CHQ_2/CHQ_2:Prokka:CHQ_2_00068 (length 300)
prokka_CHQ_2/CHQ_2:Prokka:CHQ_2_00069 (length 116)
prokka_CHQ_2/CHQ_2:Prokka:CHQ_2_00070 (length 67)
prokka_CHQ_2/CHQ_2:Prokka:CHQ_2_00071 (length 288)
prokka_CHQ_2/CHQ_2:Prokka:CHQ_2_00072 (length 55)
prokka_CHQ_2/CHQ_2:Prokka:CHQ_2_00073 (length 202)
prokka_CHQ_2/CHQ_2:Prokka:CHQ_2_00075 (length 89)
prokka_CHQ_2/CHQ_2:Prokka:CHQ_2_00076 (length 132)
prokka_CHQ_2/CHQ_2:Prokka:CHQ_2_00077 (length 98)
prokka_CHQ_2/CHQ_2:Prokka:CHQ_2_00078 (length 127)
prokka_CHQ_2/CHQ_2:Prokka:CHQ_2_00079 (length 94)
prokka_CHQ_2/CHQ_2:Prokka:CHQ_2_00080 (length 145)
prokka_CHQ_2/CHQ_2:Prokka:CHQ_2_00081 (length 280)
prokka_CHQ_2/CHQ_2:Prokka:CHQ_2_00082 (length 245)
prokka_CHQ_2/CHQ_2:Prokka:CHQ_2_00083 (length 269)
prokka_CHQ_2/CHQ_2:Prokka:CHQ_2_00084 (length 288)
prokka_CHQ_2/CHQ_2:Prokka:CHQ_2_00085 (length 125)
prokka_CHQ_2/CHQ_2:Prokka:CHQ_2_00086 (length 143)
prokka_CHQ_2/CHQ_2:Prokka:CHQ_2_00087 (length 211)
prokka_CHQ_2/CHQ_2:Prokka:CHQ_2_00088 (length 743)
prokka_CHQ_2/CHQ_2:Prokka:CHQ_2_00089 (length 605)
prokka_CHQ_2/CHQ_2:Prokka:CHQ_2_00090 (length 64)
prokka_CHQ_2/CHQ_2:Prokka:CHQ_2_00091 (length 185)
prokka_CHQ_2/CHQ_2:Prokka:CHQ_2_00092 (length 496)
prokka_CHQ_2/CHQ_2:Prokka:CHQ_2_00093 (length 429)
prokka_CHQ_2/CHQ_2:Prokka:CHQ_2_00094 (length 122)
prokka_CHQ_2/CHQ_2:Prokka:CHQ_2_00095 (length 102)
prokka_CHQ_2/CHQ_2:Prokka:CHQ_2_00096 (length 207)
prokka_CHQ_2/CHQ_2:Prokka:CHQ_2_00097 (length 208)
prokka_CHQ_2/CHQ_2:Prokka:CHQ_2_00098 (length 97)
prokka_CHQ_2/CHQ_2:Prokka:CHQ_2_00099 (length 276)
prokka_CHQ_2/CHQ_2:Prokka:CHQ_2_00100 (length 92)
prokka_CHQ_2/CHQ_2:Prokka:CHQ_2_00101 (length 115)
prokka_CHQ_2/CHQ_2:Prokka:CHQ_2_00102 (length 217)
prokka_CHQ_2/CHQ_2:Prokka:CHQ_2_00103 (length 137)
prokka_CHQ_2/CHQ_2:Prokka:CHQ_2_00104 (length 69)
prokka_CHQ_2/CHQ_2:Prokka:CHQ_2_00105 (length 86)
prokka_CHQ_2/CHQ_2:Prokka:CHQ_2_00106 (length 122)
prokka_CHQ_2/CHQ_2:Prokka:CHQ_2_00107 (length 101)
prokka_CHQ_2/CHQ_2:Prokka:CHQ_2_00108 (length 180)
prokka_CHQ_2/CHQ_2:Prokka:CHQ_2_00109 (length 61)
prokka_CHQ_2/CHQ_2:Prokka:CHQ_2_00110 (length 207)
prokka_CHQ_2/CHQ_2:Prokka:CHQ_2_00111 (length 132)
prokka_CHQ_2/CHQ_2:Prokka:CHQ_2_00112 (length 178)
prokka_CHQ_2/CHQ_2:Prokka:CHQ_2_00113 (length 115)
prokka_CHQ_2/CHQ_2:Prokka:CHQ_2_00114 (length 168)
prokka_CHQ_2/CHQ_2:Prokka:CHQ_2_00115 (length 59)
prokka_CHQ_2/CHQ_2:Prokka:CHQ_2_00116 (length 147)
prokka_CHQ_2/CHQ_2:Prokka:CHQ_2_00117 (length 439)
prokka_CHQ_2/CHQ_2:Prokka:CHQ_2_00118 (length 215)
prokka_CHQ_2/CHQ_2:Prokka:CHQ_2_00119 (length 72)
prokka_CHQ_2/CHQ_2:Prokka:CHQ_2_00120 (length 121)
prokka_CHQ_2/CHQ_2:Prokka:CHQ_2_00121 (length 127)
prokka_CHQ_2/CHQ_2:Prokka:CHQ_2_00122 (length 312)
prokka_CHQ_2/CHQ_2:Prokka:CHQ_2_00123 (length 126)
prokka_CHQ_2/CHQ_2:Prokka:CHQ_2_00125 (length 84)
prokka_CHQ_2/CHQ_2:Prokka:CHQ_2_00126 (length 63)
prokka_CHQ_2/CHQ_2:Prokka:CHQ_2_00127 (length 75)
prokka_CHQ_2/CHQ_2:Prokka:CHQ_2_00128 (length 453)
prokka_CHQ_2/CHQ_2:Prokka:CHQ_2_00129 (length 223)
prokka_CHQ_2/CHQ_2:Prokka:CHQ_2_00130 (length 361)
prokka_CHQ_2/CHQ_2:Prokka:CHQ_2_00131 (length 209)
prokka_CHQ_2/CHQ_2:Prokka:CHQ_2_00132 (length 120)
prokka_CHQ_2/CHQ_2:Prokka:CHQ_2_00133 (length 115)
prokka_CHQ_2/CHQ_2:Prokka:CHQ_2_00134 (length 89)
prokka_CHQ_2/CHQ_2:Prokka:CHQ_2_00135 (length 164)
prokka_CHQ_2/CHQ_2:Prokka:CHQ_2_00136 (length 307)
prokka_CHQ_2/CHQ_2:Prokka:CHQ_2_00137 (length 164)
prokka_CHQ_2/CHQ_2:Prokka:CHQ_2_00138 (length 483)
prokka_CHQ_2/CHQ_2:Prokka:CHQ_2_00139 (length 440)
prokka_CHQ_2/CHQ_2:Prokka:CHQ_2_00140 (length 280)
prokka_CHQ_2/CHQ_2:Prokka:CHQ_2_00141 (length 236)
prokka_CHQ_2/CHQ_2:Prokka:CHQ_2_00142 (length 763)
prokka_CHQ_2/CHQ_2:Prokka:CHQ_2_00143 (length 289)
prokka_CHQ_2/CHQ_2:Prokka:CHQ_2_00144 (length 261)
prokka_CHQ_2/CHQ_2:Prokka:CHQ_2_00145 (length 259)
prokka_CHQ_2/CHQ_2:Prokka:CHQ_2_00146 (length 318)
prokka_CHQ_2/CHQ_2:Prokka:CHQ_2_00147 (length 567)
prokka_CHQ_2/CHQ_2:Prokka:CHQ_2_00148 (length 93)
prokka_CHQ_2/CHQ_2:Prokka:CHQ_2_00149 (length 311)
prokka_CHQ_2/CHQ_2:Prokka:CHQ_2_00150 (length 1030)
prokka_CHQ_2/CHQ_2:Prokka:CHQ_2_00151 (length 197)
prokka_CHQ_2/CHQ_2:Prokka:CHQ_2_00152 (length 457)
prokka_CHQ_2/CHQ_2:Prokka:CHQ_2_00153 (length 152)
prokka_CHQ_2/CHQ_2:Prokka:CHQ_2_00154 (length 564)
prokka_CHQ_2/CHQ_2:Prokka:CHQ_2_00155 (length 110)
prokka_CHQ_2/CHQ_2:Prokka:CHQ_2_00156 (length 410)
prokka_CHQ_2/CHQ_2:Prokka:CHQ_2_00157 (length 354)
prokka_CHQ_2/CHQ_2:Prokka:CHQ_2_00158 (length 526)
prokka_CHQ_2/CHQ_2:Prokka:CHQ_2_00159 (length 314)
prokka_CHQ_2/CHQ_2:Prokka:CHQ_2_00160 (length 314)
prokka_CHQ_2/CHQ_2:Prokka:CHQ_2_00161 (length 376)
prokka_CHQ_2/CHQ_2:Prokka:CHQ_2_00162 (length 497)
prokka_CHQ_2/CHQ_2:Prokka:CHQ_2_00163 (length 163)
prokka_CHQ_2/CHQ_2:Prokka:CHQ_2_00164 (length 364)
prokka_CHQ_2/CHQ_2:Prokka:CHQ_2_00165 (length 221)
prokka_CHQ_2/CHQ_2:Prokka:CHQ_2_00166 (length 148)
prokka_CHQ_2/CHQ_2:Prokka:CHQ_2_00167 (length 128)
prokka_CHQ_2/CHQ_2:Prokka:CHQ_2_00168 (length 323)
prokka_CHQ_2/CHQ_2:Prokka:CHQ_2_00169 (length 73)
prokka_CHQ_2/CHQ_2:Prokka:CHQ_2_00170 (length 242)
prokka_CHQ_2/CHQ_2:Prokka:CHQ_2_00171 (length 112)
prokka_CHQ_2/CHQ_2:Prokka:CHQ_2_00172 (length 659)
prokka_CHQ_2/CHQ_2:Prokka:CHQ_2_00173 (length 208)
prokka_CHQ_2/CHQ_2:Prokka:CHQ_2_00174 (length 131)
prokka_CHQ_2/CHQ_2:Prokka:CHQ_2_00175 (length 613)
prokka_CHQ_2/CHQ_2:Prokka:CHQ_2_00176 (length 83)
prokka_CHQ_2/CHQ_2:Prokka:CHQ_2_00177 (length 312)
prokka_CHQ_2/CHQ_2:Prokka:CHQ_2_00178 (length 395)
prokka_CHQ_2/CHQ_2:Prokka:CHQ_2_00179 (length 395)
prokka_CHQ_2/CHQ_2:Prokka:CHQ_2_00180 (length 150)
prokka_CHQ_2/CHQ_2:Prokka:CHQ_2_00181 (length 238)
prokka_CHQ_2/CHQ_2:Prokka:CHQ_2_00182 (length 185)
prokka_CHQ_2/CHQ_2:Prokka:CHQ_2_00183 (length 152)
prokka_CHQ_2/CHQ_2:Prokka:CHQ_2_00184 (length 285)
prokka_CHQ_2/CHQ_2:Prokka:CHQ_2_00185 (length 172)
prokka_CHQ_2/CHQ_2:Prokka:CHQ_2_00186 (length 69)
prokka_CHQ_2/CHQ_2:Prokka:CHQ_2_00187 (length 222)
prokka_CHQ_2/CHQ_2:Prokka:CHQ_2_00188 (length 625)
prokka_CHQ_2/CHQ_2:Prokka:CHQ_2_00189 (length 141)
prokka_CHQ_2/CHQ_2:Prokka:CHQ_2_00190 (length 229)
prokka_CHQ_2/CHQ_2:Prokka:CHQ_2_00191 (length 114)
prokka_CHQ_2/CHQ_2:Prokka:CHQ_2_00192 (length 73)
prokka_CHQ_2/CHQ_2:Prokka:CHQ_2_00193 (length 133)
prokka_CHQ_2/CHQ_2:Prokka:CHQ_2_00194 (length 601)
prokka_CHQ_2/CHQ_2:Prokka:CHQ_2_00195 (length 256)
prokka_CHQ_2/CHQ_2:Prokka:CHQ_2_00196 (length 339)
prokka_CHQ_2/CHQ_2:Prokka:CHQ_2_00197 (length 208)
prokka_CHQ_2/CHQ_2:Prokka:CHQ_2_00198 (length 393)
prokka_CHQ_2/CHQ_2:Prokka:CHQ_2_00199 (length 101)
prokka_CHQ_2/CHQ_2:Prokka:CHQ_2_00200 (length 172)
prokka_CHQ_2/CHQ_2:Prokka:CHQ_2_00201 (length 135)
prokka_CHQ_2/CHQ_2:Prokka:CHQ_2_00202 (length 117)
prokka_CHQ_2/CHQ_2:Prokka:CHQ_2_00203 (length 68)
prokka_CHQ_2/CHQ_2:Prokka:CHQ_2_00204 (length 372)
prokka_CHQ_2/CHQ_2:Prokka:CHQ_2_00205 (length 119)
prokka_CHQ_2/CHQ_2:Prokka:CHQ_2_00206 (length 133)
prokka_CHQ_2/CHQ_2:Prokka:CHQ_2_00207 (length 67)
prokka_CHQ_2/CHQ_2:Prokka:CHQ_2_00208 (length 144)
prokka_CHQ_2/CHQ_2:Prokka:CHQ_2_00209 (length 139)
prokka_CHQ_2/CHQ_2:Prokka:CHQ_2_00210 (length 52)
prokka_CHQ_2/CHQ_2:Prokka:CHQ_2_00211 (length 155)
prokka_CHQ_2/CHQ_2:Prokka:CHQ_2_00212 (length 170)
prokka_CHQ_2/CHQ_2:Prokka:CHQ_2_00213 (length 75)
prokka_CHQ_2/CHQ_2:Prokka:CHQ_2_00214 (length 64)
prokka_CHQ_2/CHQ_2:Prokka:CHQ_2_00215 (length 172)
prokka_CHQ_2/CHQ_2:Prokka:CHQ_2_00216 (length 92)
prokka_CHQ_2/CHQ_2:Prokka:CHQ_2_00217 (length 80)
prokka_CHQ_2/CHQ_2:Prokka:CHQ_2_00218 (length 83)
prokka_CHQ_2/CHQ_2:Prokka:CHQ_2_00219 (length 64)
prokka_CHQ_2/CHQ_2:Prokka:CHQ_2_00220 (length 110)
prokka_CHQ_2/CHQ_2:Prokka:CHQ_2_00221 (length 248)
prokka_CHQ_2/CHQ_2:Prokka:CHQ_2_00222 (length 297)
prokka_CHQ_2/CHQ_2:Prokka:CHQ_2_00223 (length 178)
prokka_CHQ_2/CHQ_2:Prokka:CHQ_2_00224 (length 193)
prokka_CHQ_2/CHQ_2:Prokka:CHQ_2_00225 (length 73)
prokka_CHQ_2/CHQ_2:Prokka:CHQ_2_00226 (length 102)
prokka_CHQ_2/CHQ_2:Prokka:CHQ_2_00227 (length 283)
prokka_CHQ_2/CHQ_2:Prokka:CHQ_2_00228 (length 174)
prokka_CHQ_2/CHQ_2:Prokka:CHQ_2_00229 (length 153)
prokka_CHQ_2/CHQ_2:Prokka:CHQ_2_00230 (length 92)
prokka_CHQ_2/CHQ_2:Prokka:CHQ_2_00231 (length 154)
prokka_CHQ_2/CHQ_2:Prokka:CHQ_2_00232 (length 273)
prokka_CHQ_2/CHQ_2:Prokka:CHQ_2_00233 (length 93)
prokka_CHQ_2/CHQ_2:Prokka:CHQ_2_00234 (length 307)
prokka_CHQ_2/CHQ_2:Prokka:CHQ_2_00235 (length 55)
prokka_CHQ_2/CHQ_2:Prokka:CHQ_2_00236 (length 430)
prokka_CHQ_2/CHQ_2:Prokka:CHQ_2_00237 (length 325)
prokka_CHQ_2/CHQ_2:Prokka:CHQ_2_00238 (length 379)
prokka_CHQ_2/CHQ_2:Prokka:CHQ_2_00239 (length 334)
prokka_CHQ_2/CHQ_2:Prokka:CHQ_2_00240 (length 244)
prokka_CHQ_2/CHQ_2:Prokka:CHQ_2_00241 (length 462)
prokka_CHQ_2/CHQ_2:Prokka:CHQ_2_00242 (length 339)
prokka_CHQ_2/CHQ_2:Prokka:CHQ_2_00243 (length 399)
prokka_CHQ_2/CHQ_2:Prokka:CHQ_2_00244 (length 493)
prokka_CHQ_2/CHQ_2:Prokka:CHQ_2_00245 (length 207)
prokka_CHQ_2/CHQ_2:Prokka:CHQ_2_00246 (length 995)
prokka_CHQ_2/CHQ_2:Prokka:CHQ_2_00247 (length 326)
prokka_CHQ_2/CHQ_2:Prokka:CHQ_2_00248 (length 323)
prokka_CHQ_2/CHQ_2:Prokka:CHQ_2_00249 (length 125)
prokka_CHQ_2/CHQ_2:Prokka:CHQ_2_00250 (length 122)
prokka_CHQ_2/CHQ_2:Prokka:CHQ_2_00251 (length 357)
prokka_CHQ_2/CHQ_2:Prokka:CHQ_2_00252 (length 120)
prokka_CHQ_2/CHQ_2:Prokka:CHQ_2_00253 (length 423)
prokka_CHQ_2/CHQ_2:Prokka:CHQ_2_00254 (length 427)
prokka_CHQ_2/CHQ_2:Prokka:CHQ_2_00255 (length 298)
prokka_CHQ_2/CHQ_2:Prokka:CHQ_2_00256 (length 190)
prokka_CHQ_2/CHQ_2:Prokka:CHQ_2_00257 (length 286)
prokka_CHQ_2/CHQ_2:Prokka:CHQ_2_00258 (length 107)
prokka_CHQ_2/CHQ_2:Prokka:CHQ_2_00259 (length 251)
prokka_CHQ_2/CHQ_2:Prokka:CHQ_2_00260 (length 132)
prokka_CHQ_2/CHQ_2:Prokka:CHQ_2_00261 (length 430)
prokka_CHQ_2/CHQ_2:Prokka:CHQ_2_00262 (length 122)
prokka_CHQ_2/CHQ_2:Prokka:CHQ_2_00263 (length 590)
prokka_CHQ_2/CHQ_2:Prokka:CHQ_2_00264 (length 309)
prokka_CHQ_2/CHQ_2:Prokka:CHQ_2_00265 (length 291)
prokka_CHQ_2/CHQ_2:Prokka:CHQ_2_00266 (length 294)
prokka_CHQ_2/CHQ_2:Prokka:CHQ_2_00267 (length 76)
prokka_CHQ_2/CHQ_2:Prokka:CHQ_2_00268 (length 334)
prokka_CHQ_2/CHQ_2:Prokka:CHQ_2_00269 (length 173)
prokka_CHQ_2/CHQ_2:Prokka:CHQ_2_00270 (length 314)
prokka_CHQ_2/CHQ_2:Prokka:CHQ_2_00271 (length 107)
prokka_CHQ_2/CHQ_2:Prokka:CHQ_2_00272 (length 83)
prokka_CHQ_2/CHQ_2:Prokka:CHQ_2_00273 (length 167)
prokka_CHQ_2/CHQ_2:Prokka:CHQ_2_00274 (length 225)
prokka_CHQ_2/CHQ_2:Prokka:CHQ_2_00275 (length 155)
prokka_CHQ_2/CHQ_2:Prokka:CHQ_2_00276 (length 206)
prokka_CHQ_2/CHQ_2:Prokka:CHQ_2_00277 (length 430)
prokka_CHQ_2/CHQ_2:Prokka:CHQ_2_00278 (length 220)
prokka_CHQ_2/CHQ_2:Prokka:CHQ_2_00279 (length 492)
prokka_CHQ_2/CHQ_2:Prokka:CHQ_2_00280 (length 179)
prokka_CHQ_2/CHQ_2:Prokka:CHQ_2_00281 (length 177)
prokka_CHQ_2/CHQ_2:Prokka:CHQ_2_00282 (length 346)
prokka_CHQ_2/CHQ_2:Prokka:CHQ_2_00283 (length 797)
prokka_CHQ_2/CHQ_2:Prokka:CHQ_2_00284 (length 353)
prokka_CHQ_2/CHQ_2:Prokka:CHQ_2_00285 (length 307)
prokka_CHQ_2/CHQ_2:Prokka:CHQ_2_00286 (length 86)
prokka_CHQ_2/CHQ_2:Prokka:CHQ_2_00287 (length 85)
prokka_CHQ_2/CHQ_2:Prokka:CHQ_2_00288 (length 220)
prokka_CHQ_2/CHQ_2:Prokka:CHQ_2_00289 (length 169)
prokka_CHQ_2/CHQ_2:Prokka:CHQ_2_00290 (length 434)
prokka_CHQ_2/CHQ_2:Prokka:CHQ_2_00291 (length 314)
prokka_CHQ_2/CHQ_2:Prokka:CHQ_2_00292 (length 289)
prokka_CHQ_2/CHQ_2:Prokka:CHQ_2_00293 (length 302)
prokka_CHQ_2/CHQ_2:Prokka:CHQ_2_00294 (length 186)
prokka_CHQ_2/CHQ_2:Prokka:CHQ_2_00295 (length 319)
prokka_CHQ_2/CHQ_2:Prokka:CHQ_2_00296 (length 362)
prokka_CHQ_2/CHQ_2:Prokka:CHQ_2_00297 (length 387)
prokka_CHQ_2/CHQ_2:Prokka:CHQ_2_00298 (length 379)
prokka_CHQ_2/CHQ_2:Prokka:CHQ_2_00299 (length 211)
prokka_CHQ_2/CHQ_2:Prokka:CHQ_2_00300 (length 202)
prokka_CHQ_2/CHQ_2:Prokka:CHQ_2_00301 (length 415)
prokka_CHQ_2/CHQ_2:Prokka:CHQ_2_00302 (length 105)
prokka_CHQ_2/CHQ_2:Prokka:CHQ_2_00303 (length 646)
prokka_CHQ_2/CHQ_2:Prokka:CHQ_2_00304 (length 219)
prokka_CHQ_2/CHQ_2:Prokka:CHQ_2_6 (length 38918)
prokka_CHQ_2/CHQ_2:Prokka:CHQ_2_00305 (length 249)
prokka_CHQ_2/CHQ_2:Prokka:CHQ_2_00306 (length 123)
prokka_CHQ_2/CHQ_2:Prokka:CHQ_2_00307 (length 48)
prokka_CHQ_2/CHQ_2:Prokka:CHQ_2_00308 (length 158)
prokka_CHQ_2/CHQ_2:Prokka:CHQ_2_00309 (length 531)
prokka_CHQ_2/CHQ_2:Prokka:CHQ_2_00310 (length 521)
prokka_CHQ_2/CHQ_2:Prokka:CHQ_2_00311 (length 427)
prokka_CHQ_2/CHQ_2:Prokka:CHQ_2_00312 (length 57)
prokka_CHQ_2/CHQ_2:Prokka:CHQ_2_00313 (length 445)
prokka_CHQ_2/CHQ_2:Prokka:CHQ_2_00314 (length 502)
prokka_CHQ_2/CHQ_2:Prokka:CHQ_2_00315 (length 336)
prokka_CHQ_2/CHQ_2:Prokka:CHQ_2_00316 (length 780)
prokka_CHQ_2/CHQ_2:Prokka:CHQ_2_00317 (length 132)
prokka_CHQ_2/CHQ_2:Prokka:CHQ_2_00318 (length 345)
prokka_CHQ_2/CHQ_2:Prokka:CHQ_2_00319 (length 149)
prokka_CHQ_2/CHQ_2:Prokka:CHQ_2_00320 (length 384)
prokka_CHQ_2/CHQ_2:Prokka:CHQ_2_00321 (length 269)
prokka_CHQ_2/CHQ_2:Prokka:CHQ_2_00322 (length 74)
prokka_CHQ_2/CHQ_2:Prokka:CHQ_2_00323 (length 226)
prokka_CHQ_2/CHQ_2:Prokka:CHQ_2_00324 (length 189)
prokka_CHQ_2/CHQ_2:Prokka:CHQ_2_00325 (length 125)
prokka_CHQ_2/CHQ_2:Prokka:CHQ_2_00326 (length 195)
prokka_CHQ_2/CHQ_2:Prokka:CHQ_2_00327 (length 1076)
prokka_CHQ_2/CHQ_2:Prokka:CHQ_2_00328 (length 186)
prokka_CHQ_2/CHQ_2:Prokka:CHQ_2_00329 (length 164)
prokka_CHQ_2/CHQ_2:Prokka:CHQ_2_00330 (length 759)
prokka_CHQ_2/CHQ_2:Prokka:CHQ_2_00331 (length 418)
prokka_CHQ_2/CHQ_2:Prokka:CHQ_2_00332 (length 298)
prokka_CHQ_2/CHQ_2:Prokka:CHQ_2_00333 (length 324)
prokka_CHQ_2/CHQ_2:Prokka:CHQ_2_00334 (length 298)
prokka_CHQ_2/CHQ_2:Prokka:CHQ_2_00335 (length 236)
prokka_CHQ_2/CHQ_2:Prokka:CHQ_2_7 (length 304765)
prokka_CHQ_2/CHQ_2:Prokka:CHQ_2_00336 (length 608)
prokka_CHQ_2/CHQ_2:Prokka:CHQ_2_00337 (length 605)
prokka_CHQ_2/CHQ_2:Prokka:CHQ_2_00338 (length 206)
prokka_CHQ_2/CHQ_2:Prokka:CHQ_2_00339 (length 239)
prokka_CHQ_2/CHQ_2:Prokka:CHQ_2_00340 (length 188)
prokka_CHQ_2/CHQ_2:Prokka:CHQ_2_00341 (length 242)
prokka_CHQ_2/CHQ_2:Prokka:CHQ_2_00342 (length 248)
prokka_CHQ_2/CHQ_2:Prokka:CHQ_2_00343 (length 153)
prokka_CHQ_2/CHQ_2:Prokka:CHQ_2_00344 (length 167)
prokka_CHQ_2/CHQ_2:Prokka:CHQ_2_00345 (length 201)
prokka_CHQ_2/CHQ_2:Prokka:CHQ_2_00346 (length 271)
prokka_CHQ_2/CHQ_2:Prokka:CHQ_2_00347 (length 79)
prokka_CHQ_2/CHQ_2:Prokka:CHQ_2_00348 (length 419)
prokka_CHQ_2/CHQ_2:Prokka:CHQ_2_00349 (length 479)
prokka_CHQ_2/CHQ_2:Prokka:CHQ_2_00350 (length 1486)
prokka_CHQ_2/CHQ_2:Prokka:CHQ_2_00351 (length 203)
prokka_CHQ_2/CHQ_2:Prokka:CHQ_2_00352 (length 340)
prokka_CHQ_2/CHQ_2:Prokka:CHQ_2_00353 (length 248)
prokka_CHQ_2/CHQ_2:Prokka:CHQ_2_00354 (length 466)
prokka_CHQ_2/CHQ_2:Prokka:CHQ_2_00355 (length 503)
prokka_CHQ_2/CHQ_2:Prokka:CHQ_2_00356 (length 276)
prokka_CHQ_2/CHQ_2:Prokka:CHQ_2_00357 (length 258)
prokka_CHQ_2/CHQ_2:Prokka:CHQ_2_00358 (length 282)
prokka_CHQ_2/CHQ_2:Prokka:CHQ_2_00359 (length 181)
prokka_CHQ_2/CHQ_2:Prokka:CHQ_2_00360 (length 243)
prokka_CHQ_2/CHQ_2:Prokka:CHQ_2_00361 (length 253)
prokka_CHQ_2/CHQ_2:Prokka:CHQ_2_00362 (length 461)
prokka_CHQ_2/CHQ_2:Prokka:CHQ_2_00363 (length 515)
prokka_CHQ_2/CHQ_2:Prokka:CHQ_2_00364 (length 131)
prokka_CHQ_2/CHQ_2:Prokka:CHQ_2_00365 (length 583)
prokka_CHQ_2/CHQ_2:Prokka:CHQ_2_00366 (length 664)
prokka_CHQ_2/CHQ_2:Prokka:CHQ_2_00367 (length 208)
prokka_CHQ_2/CHQ_2:Prokka:CHQ_2_00368 (length 377)
prokka_CHQ_2/CHQ_2:Prokka:CHQ_2_00369 (length 285)
prokka_CHQ_2/CHQ_2:Prokka:CHQ_2_00370 (length 314)
prokka_CHQ_2/CHQ_2:Prokka:CHQ_2_00371 (length 435)
prokka_CHQ_2/CHQ_2:Prokka:CHQ_2_00372 (length 615)
prokka_CHQ_2/CHQ_2:Prokka:CHQ_2_00373 (length 1029)
prokka_CHQ_2/CHQ_2:Prokka:CHQ_2_00374 (length 401)
prokka_CHQ_2/CHQ_2:Prokka:CHQ_2_00375 (length 859)
prokka_CHQ_2/CHQ_2:Prokka:CHQ_2_00376 (length 79)
prokka_CHQ_2/CHQ_2:Prokka:CHQ_2_00377 (length 367)
prokka_CHQ_2/CHQ_2:Prokka:CHQ_2_00378 (length 198)
prokka_CHQ_2/CHQ_2:Prokka:CHQ_2_00379 (length 267)
prokka_CHQ_2/CHQ_2:Prokka:CHQ_2_00380 (length 268)
prokka_CHQ_2/CHQ_2:Prokka:CHQ_2_00381 (length 208)
prokka_CHQ_2/CHQ_2:Prokka:CHQ_2_00382 (length 133)
prokka_CHQ_2/CHQ_2:Prokka:CHQ_2_00383 (length 322)
prokka_CHQ_2/CHQ_2:Prokka:CHQ_2_00384 (length 548)
prokka_CHQ_2/CHQ_2:Prokka:CHQ_2_00385 (length 156)
prokka_CHQ_2/CHQ_2:Prokka:CHQ_2_00386 (length 273)
prokka_CHQ_2/CHQ_2:Prokka:CHQ_2_00387 (length 257)
prokka_CHQ_2/CHQ_2:Prokka:CHQ_2_00388 (length 65)
prokka_CHQ_2/CHQ_2:Prokka:CHQ_2_00389 (length 178)
prokka_CHQ_2/CHQ_2:Prokka:CHQ_2_00390 (length 107)
prokka_CHQ_2/CHQ_2:Prokka:CHQ_2_00391 (length 123)
prokka_CHQ_2/CHQ_2:Prokka:CHQ_2_00392 (length 623)
prokka_CHQ_2/CHQ_2:Prokka:CHQ_2_00393 (length 193)
prokka_CHQ_2/CHQ_2:Prokka:CHQ_2_00394 (length 313)
prokka_CHQ_2/CHQ_2:Prokka:CHQ_2_00395 (length 284)
prokka_CHQ_2/CHQ_2:Prokka:CHQ_2_00396 (length 237)
prokka_CHQ_2/CHQ_2:Prokka:CHQ_2_00397 (length 137)
prokka_CHQ_2/CHQ_2:Prokka:CHQ_2_00398 (length 77)
prokka_CHQ_2/CHQ_2:Prokka:CHQ_2_00399 (length 1046)
prokka_CHQ_2/CHQ_2:Prokka:CHQ_2_00400 (length 390)
prokka_CHQ_2/CHQ_2:Prokka:CHQ_2_00401 (length 312)
prokka_CHQ_2/CHQ_2:Prokka:CHQ_2_00402 (length 139)
prokka_CHQ_2/CHQ_2:Prokka:CHQ_2_00403 (length 475)
prokka_CHQ_2/CHQ_2:Prokka:CHQ_2_00404 (length 264)
prokka_CHQ_2/CHQ_2:Prokka:CHQ_2_00405 (length 147)
prokka_CHQ_2/CHQ_2:Prokka:CHQ_2_00406 (length 540)
prokka_CHQ_2/CHQ_2:Prokka:CHQ_2_00407 (length 271)
prokka_CHQ_2/CHQ_2:Prokka:CHQ_2_00408 (length 506)
prokka_CHQ_2/CHQ_2:Prokka:CHQ_2_00409 (length 364)
prokka_CHQ_2/CHQ_2:Prokka:CHQ_2_00410 (length 317)
prokka_CHQ_2/CHQ_2:Prokka:CHQ_2_00411 (length 325)
prokka_CHQ_2/CHQ_2:Prokka:CHQ_2_00412 (length 502)
prokka_CHQ_2/CHQ_2:Prokka:CHQ_2_00413 (length 340)
prokka_CHQ_2/CHQ_2:Prokka:CHQ_2_00414 (length 382)
prokka_CHQ_2/CHQ_2:Prokka:CHQ_2_00415 (length 392)
prokka_CHQ_2/CHQ_2:Prokka:CHQ_2_00416 (length 208)
prokka_CHQ_2/CHQ_2:Prokka:CHQ_2_00417 (length 341)
prokka_CHQ_2/CHQ_2:Prokka:CHQ_2_00418 (length 313)
prokka_CHQ_2/CHQ_2:Prokka:CHQ_2_00419 (length 135)
prokka_CHQ_2/CHQ_2:Prokka:CHQ_2_00420 (length 176)
prokka_CHQ_2/CHQ_2:Prokka:CHQ_2_00421 (length 319)
prokka_CHQ_2/CHQ_2:Prokka:CHQ_2_00422 (length 238)
prokka_CHQ_2/CHQ_2:Prokka:CHQ_2_00423 (length 154)
prokka_CHQ_2/CHQ_2:Prokka:CHQ_2_00424 (length 237)
prokka_CHQ_2/CHQ_2:Prokka:CHQ_2_00425 (length 311)
prokka_CHQ_2/CHQ_2:Prokka:CHQ_2_00426 (length 262)
prokka_CHQ_2/CHQ_2:Prokka:CHQ_2_00427 (length 454)
prokka_CHQ_2/CHQ_2:Prokka:CHQ_2_00428 (length 238)
prokka_CHQ_2/CHQ_2:Prokka:CHQ_2_00429 (length 475)
prokka_CHQ_2/CHQ_2:Prokka:CHQ_2_00430 (length 184)
prokka_CHQ_2/CHQ_2:Prokka:CHQ_2_00431 (length 278)
prokka_CHQ_2/CHQ_2:Prokka:CHQ_2_00432 (length 297)
prokka_CHQ_2/CHQ_2:Prokka:CHQ_2_00433 (length 439)
prokka_CHQ_2/CHQ_2:Prokka:CHQ_2_00434 (length 308)
prokka_CHQ_2/CHQ_2:Prokka:CHQ_2_00435 (length 312)
prokka_CHQ_2/CHQ_2:Prokka:CHQ_2_00436 (length 403)
prokka_CHQ_2/CHQ_2:Prokka:CHQ_2_00437 (length 379)
prokka_CHQ_2/CHQ_2:Prokka:CHQ_2_00438 (length 261)
prokka_CHQ_2/CHQ_2:Prokka:CHQ_2_00439 (length 185)
prokka_CHQ_2/CHQ_2:Prokka:CHQ_2_00440 (length 1064)
prokka_CHQ_2/CHQ_2:Prokka:CHQ_2_00441 (length 157)
prokka_CHQ_2/CHQ_2:Prokka:CHQ_2_00442 (length 209)
prokka_CHQ_2/CHQ_2:Prokka:CHQ_2_00443 (length 878)
prokka_CHQ_2/CHQ_2:Prokka:CHQ_2_00444 (length 240)
prokka_CHQ_2/CHQ_2:Prokka:CHQ_2_00445 (length 189)
prokka_CHQ_2/CHQ_2:Prokka:CHQ_2_00446 (length 284)
prokka_CHQ_2/CHQ_2:Prokka:CHQ_2_00447 (length 142)
prokka_CHQ_2/CHQ_2:Prokka:CHQ_2_00448 (length 252)
prokka_CHQ_2/CHQ_2:Prokka:CHQ_2_00449 (length 117)
prokka_CHQ_2/CHQ_2:Prokka:CHQ_2_00450 (length 142)
prokka_CHQ_2/CHQ_2:Prokka:CHQ_2_00451 (length 53)
prokka_CHQ_2/CHQ_2:Prokka:CHQ_2_00452 (length 133)
prokka_CHQ_2/CHQ_2:Prokka:CHQ_2_00454 (length 176)
prokka_CHQ_2/CHQ_2:Prokka:CHQ_2_00455 (length 263)
prokka_CHQ_2/CHQ_2:Prokka:CHQ_2_00456 (length 255)
prokka_CHQ_2/CHQ_2:Prokka:CHQ_2_00457 (length 97)
prokka_CHQ_2/CHQ_2:Prokka:CHQ_2_00458 (length 91)
prokka_CHQ_2/CHQ_2:Prokka:CHQ_2_00459 (length 149)
prokka_CHQ_2/CHQ_2:Prokka:CHQ_2_00460 (length 169)
prokka_CHQ_2/CHQ_2:Prokka:CHQ_2_00461 (length 117)
prokka_CHQ_2/CHQ_2:Prokka:CHQ_2_00462 (length 57)
prokka_CHQ_2/CHQ_2:Prokka:CHQ_2_00464 (length 111)
prokka_CHQ_2/CHQ_2:Prokka:CHQ_2_00465 (length 236)
prokka_CHQ_2/CHQ_2:Prokka:CHQ_2_00466 (length 517)
prokka_CHQ_2/CHQ_2:Prokka:CHQ_2_00467 (length 146)
prokka_CHQ_2/CHQ_2:Prokka:CHQ_2_00468 (length 235)
prokka_CHQ_2/CHQ_2:Prokka:CHQ_2_00469 (length 350)
prokka_CHQ_2/CHQ_2:Prokka:CHQ_2_00470 (length 130)
prokka_CHQ_2/CHQ_2:Prokka:CHQ_2_00471 (length 220)
prokka_CHQ_2/CHQ_2:Prokka:CHQ_2_00472 (length 62)
prokka_CHQ_2/CHQ_2:Prokka:CHQ_2_00473 (length 430)
prokka_CHQ_2/CHQ_2:Prokka:CHQ_2_00474 (length 200)
prokka_CHQ_2/CHQ_2:Prokka:CHQ_2_00475 (length 306)
prokka_CHQ_2/CHQ_2:Prokka:CHQ_2_00476 (length 143)
prokka_CHQ_2/CHQ_2:Prokka:CHQ_2_00477 (length 314)
prokka_CHQ_2/CHQ_2:Prokka:CHQ_2_00478 (length 100)
prokka_CHQ_2/CHQ_2:Prokka:CHQ_2_00479 (length 180)
prokka_CHQ_2/CHQ_2:Prokka:CHQ_2_00480 (length 439)
prokka_CHQ_2/CHQ_2:Prokka:CHQ_2_00481 (length 188)
prokka_CHQ_2/CHQ_2:Prokka:CHQ_2_00482 (length 56)
prokka_CHQ_2/CHQ_2:Prokka:CHQ_2_00483 (length 573)
prokka_CHQ_2/CHQ_2:Prokka:CHQ_2_00484 (length 408)
prokka_CHQ_2/CHQ_2:Prokka:CHQ_2_00485 (length 206)
prokka_CHQ_2/CHQ_2:Prokka:CHQ_2_00486 (length 541)
prokka_CHQ_2/CHQ_2:Prokka:CHQ_2_00487 (length 506)
prokka_CHQ_2/CHQ_2:Prokka:CHQ_2_00488 (length 1089)
prokka_CHQ_2/CHQ_2:Prokka:CHQ_2_00489 (length 315)
prokka_CHQ_2/CHQ_2:Prokka:CHQ_2_00490 (length 1453)
prokka_CHQ_2/CHQ_2:Prokka:CHQ_2_00491 (length 478)
prokka_CHQ_2/CHQ_2:Prokka:CHQ_2_00492 (length 636)
prokka_CHQ_2/CHQ_2:Prokka:CHQ_2_00493 (length 279)
prokka_CHQ_2/CHQ_2:Prokka:CHQ_2_00494 (length 253)
prokka_CHQ_2/CHQ_2:Prokka:CHQ_2_00495 (length 402)
prokka_CHQ_2/CHQ_2:Prokka:CHQ_2_00496 (length 189)
prokka_CHQ_2/CHQ_2:Prokka:CHQ_2_00497 (length 351)
prokka_CHQ_2/CHQ_2:Prokka:CHQ_2_00498 (length 264)
prokka_CHQ_2/CHQ_2:Prokka:CHQ_2_00499 (length 335)
prokka_CHQ_2/CHQ_2:Prokka:CHQ_2_00500 (length 198)
prokka_CHQ_2/CHQ_2:Prokka:CHQ_2_00501 (length 456)
prokka_CHQ_2/CHQ_2:Prokka:CHQ_2_00502 (length 119)
prokka_CHQ_2/CHQ_2:Prokka:CHQ_2_00503 (length 217)
prokka_CHQ_2/CHQ_2:Prokka:CHQ_2_00504 (length 139)
prokka_CHQ_2/CHQ_2:Prokka:CHQ_2_00505 (length 247)
prokka_CHQ_2/CHQ_2:Prokka:CHQ_2_00506 (length 226)
prokka_CHQ_2/CHQ_2:Prokka:CHQ_2_00507 (length 229)
prokka_CHQ_2/CHQ_2:Prokka:CHQ_2_00508 (length 128)
prokka_CHQ_2/CHQ_2:Prokka:CHQ_2_00509 (length 295)
prokka_CHQ_2/CHQ_2:Prokka:CHQ_2_00510 (length 144)
prokka_CHQ_2/CHQ_2:Prokka:CHQ_2_00511 (length 243)
prokka_CHQ_2/CHQ_2:Prokka:CHQ_2_00512 (length 599)
prokka_CHQ_2/CHQ_2:Prokka:CHQ_2_00513 (length 139)
prokka_CHQ_2/CHQ_2:Prokka:CHQ_2_00514 (length 301)
prokka_CHQ_2/CHQ_2:Prokka:CHQ_2_00515 (length 459)
prokka_CHQ_2/CHQ_2:Prokka:CHQ_2_00516 (length 581)
prokka_CHQ_2/CHQ_2:Prokka:CHQ_2_00517 (length 513)
prokka_CHQ_2/CHQ_2:Prokka:CHQ_2_00518 (length 291)
prokka_CHQ_2/CHQ_2:Prokka:CHQ_2_00519 (length 293)
prokka_CHQ_2/CHQ_2:Prokka:CHQ_2_00520 (length 475)
prokka_CHQ_2/CHQ_2:Prokka:CHQ_2_00521 (length 202)
prokka_CHQ_2/CHQ_2:Prokka:CHQ_2_00522 (length 923)
prokka_CHQ_2/CHQ_2:Prokka:CHQ_2_00523 (length 529)
prokka_CHQ_2/CHQ_2:Prokka:CHQ_2_00524 (length 325)
prokka_CHQ_2/CHQ_2:Prokka:CHQ_2_00525 (length 483)
prokka_CHQ_2/CHQ_2:Prokka:CHQ_2_00526 (length 306)
prokka_CHQ_2/CHQ_2:Prokka:CHQ_2_00527 (length 310)
prokka_CHQ_2/CHQ_2:Prokka:CHQ_2_00528 (length 895)
prokka_CHQ_2/CHQ_2:Prokka:CHQ_2_00529 (length 431)
prokka_CHQ_2/CHQ_2:Prokka:CHQ_2_00530 (length 345)
prokka_CHQ_2/CHQ_2:Prokka:CHQ_2_00531 (length 717)
prokka_CHQ_2/CHQ_2:Prokka:CHQ_2_00532 (length 822)
prokka_CHQ_2/CHQ_2:Prokka:CHQ_2_00533 (length 474)
prokka_CHQ_2/CHQ_2:Prokka:CHQ_2_00534 (length 233)
prokka_CHQ_2/CHQ_2:Prokka:CHQ_2_00535 (length 527)
prokka_CHQ_2/CHQ_2:Prokka:CHQ_2_00536 (length 455)
prokka_CHQ_2/CHQ_2:Prokka:CHQ_2_00537 (length 361)
prokka_CHQ_2/CHQ_2:Prokka:CHQ_2_00538 (length 458)
prokka_CHQ_2/CHQ_2:Prokka:CHQ_2_00539 (length 200)
prokka_CHQ_2/CHQ_2:Prokka:CHQ_2_00540 (length 559)
prokka_CHQ_2/CHQ_2:Prokka:CHQ_2_00541 (length 490)
prokka_CHQ_2/CHQ_2:Prokka:CHQ_2_00542 (length 179)
prokka_CHQ_2/CHQ_2:Prokka:CHQ_2_00543 (length 51)
prokka_CHQ_2/CHQ_2:Prokka:CHQ_2_00544 (length 421)
prokka_CHQ_2/CHQ_2:Prokka:CHQ_2_00545 (length 83)
prokka_CHQ_2/CHQ_2:Prokka:CHQ_2_00546 (length 439)
prokka_CHQ_2/CHQ_2:Prokka:CHQ_2_00547 (length 314)
prokka_CHQ_2/CHQ_2:Prokka:CHQ_2_00548 (length 368)
prokka_CHQ_2/CHQ_2:Prokka:CHQ_2_00549 (length 161)
prokka_CHQ_2/CHQ_2:Prokka:CHQ_2_00550 (length 412)
prokka_CHQ_2/CHQ_2:Prokka:CHQ_2_00551 (length 208)
prokka_CHQ_2/CHQ_2:Prokka:CHQ_2_00552 (length 465)
prokka_CHQ_2/CHQ_2:Prokka:CHQ_2_00553 (length 230)
prokka_CHQ_2/CHQ_2:Prokka:CHQ_2_00554 (length 518)
prokka_CHQ_2/CHQ_2:Prokka:CHQ_2_00555 (length 180)
prokka_CHQ_2/CHQ_2:Prokka:CHQ_2_00556 (length 345)
prokka_CHQ_2/CHQ_2:Prokka:CHQ_2_00557 (length 176)
prokka_CHQ_2/CHQ_2:Prokka:CHQ_2_00558 (length 529)
prokka_CHQ_2/CHQ_2:Prokka:CHQ_2_00559 (length 182)
prokka_CHQ_2/CHQ_2:Prokka:CHQ_2_00560 (length 338)
prokka_CHQ_2/CHQ_2:Prokka:CHQ_2_00561 (length 867)
prokka_CHQ_2/CHQ_2:Prokka:CHQ_2_00562 (length 268)
prokka_CHQ_2/CHQ_2:Prokka:CHQ_2_00563 (length 446)
prokka_CHQ_2/CHQ_2:Prokka:CHQ_2_00564 (length 207)
prokka_CHQ_2/CHQ_2:Prokka:CHQ_2_00565 (length 499)
prokka_CHQ_2/CHQ_2:Prokka:CHQ_2_00566 (length 281)
prokka_CHQ_2/CHQ_2:Prokka:CHQ_2_00567 (length 739)
prokka_CHQ_2/CHQ_2:Prokka:CHQ_2_00568 (length 223)
prokka_CHQ_2/CHQ_2:Prokka:CHQ_2_00569 (length 87)
prokka_CHQ_2/CHQ_2:Prokka:CHQ_2_00570 (length 236)
prokka_CHQ_2/CHQ_2:Prokka:CHQ_2_00571 (length 133)
prokka_CHQ_2/CHQ_2:Prokka:CHQ_2_00572 (length 97)
prokka_CHQ_2/CHQ_2:Prokka:CHQ_2_00573 (length 104)
prokka_CHQ_2/CHQ_2:Prokka:CHQ_2_00574 (length 122)
prokka_CHQ_2/CHQ_2:Prokka:CHQ_2_00575 (length 250)
prokka_CHQ_2/CHQ_2:Prokka:CHQ_2_00576 (length 457)
prokka_CHQ_2/CHQ_2:Prokka:CHQ_2_00577 (length 148)
prokka_CHQ_2/CHQ_2:Prokka:CHQ_2_00578 (length 279)
prokka_CHQ_2/CHQ_2:Prokka:CHQ_2_00579 (length 348)
prokka_CHQ_2/CHQ_2:Prokka:CHQ_2_00580 (length 89)
prokka_CHQ_2/CHQ_2:Prokka:CHQ_2_00581 (length 235)
prokka_CHQ_2/CHQ_2:Prokka:CHQ_2_00582 (length 311)
prokka_CHQ_2/CHQ_2:Prokka:CHQ_2_00583 (length 183)
prokka_CHQ_2/CHQ_2:Prokka:CHQ_2_00584 (length 324)
prokka_CHQ_2/CHQ_2:Prokka:CHQ_2_00585 (length 60)
prokka_CHQ_2/CHQ_2:Prokka:CHQ_2_00586 (length 623)
prokka_CHQ_2/CHQ_2:Prokka:CHQ_2_00587 (length 324)
prokka_CHQ_2/CHQ_2:Prokka:CHQ_2_00588 (length 358)
prokka_CHQ_2/CHQ_2:Prokka:CHQ_2_00589 (length 136)
prokka_CHQ_2/CHQ_2:Prokka:CHQ_2_00590 (length 474)
prokka_CHQ_2/CHQ_2:Prokka:CHQ_2_00591 (length 411)
prokka_CHQ_2/CHQ_2:Prokka:CHQ_2_00592 (length 178)
prokka_CHQ_2/CHQ_2:Prokka:CHQ_2_00593 (length 260)
prokka_CHQ_2/CHQ_2:Prokka:CHQ_2_00594 (length 281)
prokka_CHQ_2/CHQ_2:Prokka:CHQ_2_00595 (length 130)
prokka_CHQ_2/CHQ_2:Prokka:CHQ_2_00596 (length 251)
prokka_CHQ_2/CHQ_2:Prokka:CHQ_2_00597 (length 171)
prokka_CHQ_2/CHQ_2:Prokka:CHQ_2_00598 (length 270)
prokka_CHQ_2/CHQ_2:Prokka:CHQ_2_00599 (length 331)
prokka_CHQ_2/CHQ_2:Prokka:CHQ_2_00600 (length 319)
prokka_CHQ_2/CHQ_2:Prokka:CHQ_2_00601 (length 284)
prokka_CHQ_2/CHQ_2:Prokka:CHQ_2_00602 (length 314)
prokka_CHQ_2/CHQ_2:Prokka:CHQ_2_00603 (length 79)
prokka_CHQ_2/CHQ_2:Prokka:CHQ_2_00604 (length 90)
prokka_CHQ_2/CHQ_2:Prokka:CHQ_2_00605 (length 403)
prokka_CHQ_2/CHQ_2:Prokka:CHQ_2_00606 (length 379)
prokka_CHQ_2/CHQ_2:Prokka:CHQ_2_00607 (length 384)
prokka_CHQ_2/CHQ_2:Prokka:CHQ_2_00608 (length 235)
prokka_CHQ_2/CHQ_2:Prokka:CHQ_2_00609 (length 319)
prokka_CHQ_2/CHQ_2:Prokka:CHQ_2_00610 (length 83)
prokka_CHQ_2/CHQ_2:Prokka:CHQ_2_00611 (length 189)
prokka_CHQ_2/CHQ_2:Prokka:CHQ_2_8 (length 361391)
prokka_CHQ_2/CHQ_2:Prokka:CHQ_2_00612 (length 148)
prokka_CHQ_2/CHQ_2:Prokka:CHQ_2_00613 (length 381)
prokka_CHQ_2/CHQ_2:Prokka:CHQ_2_00614 (length 133)
prokka_CHQ_2/CHQ_2:Prokka:CHQ_2_00615 (length 89)
prokka_CHQ_2/CHQ_2:Prokka:CHQ_2_00616 (length 109)
prokka_CHQ_2/CHQ_2:Prokka:CHQ_2_00617 (length 60)
prokka_CHQ_2/CHQ_2:Prokka:CHQ_2_00618 (length 47)
prokka_CHQ_2/CHQ_2:Prokka:CHQ_2_00619 (length 71)
prokka_CHQ_2/CHQ_2:Prokka:CHQ_2_00620 (length 69)
prokka_CHQ_2/CHQ_2:Prokka:CHQ_2_00621 (length 194)
prokka_CHQ_2/CHQ_2:Prokka:CHQ_2_00622 (length 37)
prokka_CHQ_2/CHQ_2:Prokka:CHQ_2_00623 (length 45)
prokka_CHQ_2/CHQ_2:Prokka:CHQ_2_00624 (length 80)
prokka_CHQ_2/CHQ_2:Prokka:CHQ_2_00625 (length 352)
prokka_CHQ_2/CHQ_2:Prokka:CHQ_2_00626 (length 308)
prokka_CHQ_2/CHQ_2:Prokka:CHQ_2_00627 (length 277)
prokka_CHQ_2/CHQ_2:Prokka:CHQ_2_00628 (length 75)
prokka_CHQ_2/CHQ_2:Prokka:CHQ_2_00629 (length 66)
prokka_CHQ_2/CHQ_2:Prokka:CHQ_2_00630 (length 54)
prokka_CHQ_2/CHQ_2:Prokka:CHQ_2_00631 (length 112)
prokka_CHQ_2/CHQ_2:Prokka:CHQ_2_00632 (length 263)
prokka_CHQ_2/CHQ_2:Prokka:CHQ_2_00633 (length 79)
prokka_CHQ_2/CHQ_2:Prokka:CHQ_2_00634 (length 151)
prokka_CHQ_2/CHQ_2:Prokka:CHQ_2_00635 (length 47)
prokka_CHQ_2/CHQ_2:Prokka:CHQ_2_00636 (length 183)
prokka_CHQ_2/CHQ_2:Prokka:CHQ_2_00637 (length 195)
prokka_CHQ_2/CHQ_2:Prokka:CHQ_2_00638 (length 93)
prokka_CHQ_2/CHQ_2:Prokka:CHQ_2_00639 (length 216)
prokka_CHQ_2/CHQ_2:Prokka:CHQ_2_00640 (length 379)
prokka_CHQ_2/CHQ_2:Prokka:CHQ_2_00641 (length 357)
prokka_CHQ_2/CHQ_2:Prokka:CHQ_2_00642 (length 310)
prokka_CHQ_2/CHQ_2:Prokka:CHQ_2_00643 (length 430)
prokka_CHQ_2/CHQ_2:Prokka:CHQ_2_00644 (length 173)
prokka_CHQ_2/CHQ_2:Prokka:CHQ_2_00645 (length 232)
prokka_CHQ_2/CHQ_2:Prokka:CHQ_2_00646 (length 99)
prokka_CHQ_2/CHQ_2:Prokka:CHQ_2_00647 (length 304)
prokka_CHQ_2/CHQ_2:Prokka:CHQ_2_00648 (length 413)
prokka_CHQ_2/CHQ_2:Prokka:CHQ_2_00649 (length 270)
prokka_CHQ_2/CHQ_2:Prokka:CHQ_2_00650 (length 490)
prokka_CHQ_2/CHQ_2:Prokka:CHQ_2_00651 (length 74)
prokka_CHQ_2/CHQ_2:Prokka:CHQ_2_00652 (length 108)
prokka_CHQ_2/CHQ_2:Prokka:CHQ_2_00653 (length 235)
prokka_CHQ_2/CHQ_2:Prokka:CHQ_2_00654 (length 191)
prokka_CHQ_2/CHQ_2:Prokka:CHQ_2_00655 (length 180)
prokka_CHQ_2/CHQ_2:Prokka:CHQ_2_00656 (length 518)
prokka_CHQ_2/CHQ_2:Prokka:CHQ_2_00657 (length 1070)
prokka_CHQ_2/CHQ_2:Prokka:CHQ_2_00658 (length 570)
prokka_CHQ_2/CHQ_2:Prokka:CHQ_2_00659 (length 223)
prokka_CHQ_2/CHQ_2:Prokka:CHQ_2_00660 (length 297)
prokka_CHQ_2/CHQ_2:Prokka:CHQ_2_00661 (length 151)
prokka_CHQ_2/CHQ_2:Prokka:CHQ_2_00662 (length 358)
prokka_CHQ_2/CHQ_2:Prokka:CHQ_2_00663 (length 287)
prokka_CHQ_2/CHQ_2:Prokka:CHQ_2_00664 (length 84)
prokka_CHQ_2/CHQ_2:Prokka:CHQ_2_00665 (length 658)
prokka_CHQ_2/CHQ_2:Prokka:CHQ_2_00666 (length 461)
prokka_CHQ_2/CHQ_2:Prokka:CHQ_2_00667 (length 99)
prokka_CHQ_2/CHQ_2:Prokka:CHQ_2_00668 (length 646)
prokka_CHQ_2/CHQ_2:Prokka:CHQ_2_00669 (length 213)
prokka_CHQ_2/CHQ_2:Prokka:CHQ_2_00670 (length 316)
prokka_CHQ_2/CHQ_2:Prokka:CHQ_2_00671 (length 472)
prokka_CHQ_2/CHQ_2:Prokka:CHQ_2_00672 (length 297)
prokka_CHQ_2/CHQ_2:Prokka:CHQ_2_00673 (length 508)
prokka_CHQ_2/CHQ_2:Prokka:CHQ_2_00674 (length 358)
prokka_CHQ_2/CHQ_2:Prokka:CHQ_2_00675 (length 544)
prokka_CHQ_2/CHQ_2:Prokka:CHQ_2_00676 (length 227)
prokka_CHQ_2/CHQ_2:Prokka:CHQ_2_00677 (length 476)
prokka_CHQ_2/CHQ_2:Prokka:CHQ_2_00678 (length 324)
prokka_CHQ_2/CHQ_2:Prokka:CHQ_2_00679 (length 313)
prokka_CHQ_2/CHQ_2:Prokka:CHQ_2_00680 (length 492)
prokka_CHQ_2/CHQ_2:Prokka:CHQ_2_00681 (length 132)
prokka_CHQ_2/CHQ_2:Prokka:CHQ_2_00682 (length 300)
prokka_CHQ_2/CHQ_2:Prokka:CHQ_2_00683 (length 327)
prokka_CHQ_2/CHQ_2:Prokka:CHQ_2_00684 (length 431)
prokka_CHQ_2/CHQ_2:Prokka:CHQ_2_00685 (length 226)
prokka_CHQ_2/CHQ_2:Prokka:CHQ_2_00687 (length 67)
prokka_CHQ_2/CHQ_2:Prokka:CHQ_2_00688 (length 104)
prokka_CHQ_2/CHQ_2:Prokka:CHQ_2_00689 (length 791)
prokka_CHQ_2/CHQ_2:Prokka:CHQ_2_00690 (length 186)
prokka_CHQ_2/CHQ_2:Prokka:CHQ_2_00691 (length 321)
prokka_CHQ_2/CHQ_2:Prokka:CHQ_2_00692 (length 332)
prokka_CHQ_2/CHQ_2:Prokka:CHQ_2_00693 (length 362)
prokka_CHQ_2/CHQ_2:Prokka:CHQ_2_00694 (length 668)
prokka_CHQ_2/CHQ_2:Prokka:CHQ_2_00695 (length 384)
prokka_CHQ_2/CHQ_2:Prokka:CHQ_2_00696 (length 128)
prokka_CHQ_2/CHQ_2:Prokka:CHQ_2_00697 (length 334)
prokka_CHQ_2/CHQ_2:Prokka:CHQ_2_00698 (length 191)
prokka_CHQ_2/CHQ_2:Prokka:CHQ_2_00699 (length 765)
prokka_CHQ_2/CHQ_2:Prokka:CHQ_2_00700 (length 261)
prokka_CHQ_2/CHQ_2:Prokka:CHQ_2_00701 (length 130)
prokka_CHQ_2/CHQ_2:Prokka:CHQ_2_00702 (length 326)
prokka_CHQ_2/CHQ_2:Prokka:CHQ_2_00703 (length 206)
prokka_CHQ_2/CHQ_2:Prokka:CHQ_2_00704 (length 326)
prokka_CHQ_2/CHQ_2:Prokka:CHQ_2_00706 (length 199)
prokka_CHQ_2/CHQ_2:Prokka:CHQ_2_00707 (length 319)
prokka_CHQ_2/CHQ_2:Prokka:CHQ_2_00708 (length 512)
prokka_CHQ_2/CHQ_2:Prokka:CHQ_2_00709 (length 77)
prokka_CHQ_2/CHQ_2:Prokka:CHQ_2_00710 (length 89)
prokka_CHQ_2/CHQ_2:Prokka:CHQ_2_00711 (length 104)
prokka_CHQ_2/CHQ_2:Prokka:CHQ_2_00712 (length 277)
prokka_CHQ_2/CHQ_2:Prokka:CHQ_2_00713 (length 248)
prokka_CHQ_2/CHQ_2:Prokka:CHQ_2_00714 (length 901)
prokka_CHQ_2/CHQ_2:Prokka:CHQ_2_00715 (length 477)
prokka_CHQ_2/CHQ_2:Prokka:CHQ_2_00716 (length 88)
prokka_CHQ_2/CHQ_2:Prokka:CHQ_2_00717 (length 580)
prokka_CHQ_2/CHQ_2:Prokka:CHQ_2_00718 (length 455)
prokka_CHQ_2/CHQ_2:Prokka:CHQ_2_00719 (length 222)
prokka_CHQ_2/CHQ_2:Prokka:CHQ_2_00720 (length 324)
prokka_CHQ_2/CHQ_2:Prokka:CHQ_2_00721 (length 751)
prokka_CHQ_2/CHQ_2:Prokka:CHQ_2_00722 (length 534)
prokka_CHQ_2/CHQ_2:Prokka:CHQ_2_00723 (length 525)
prokka_CHQ_2/CHQ_2:Prokka:CHQ_2_00724 (length 201)
prokka_CHQ_2/CHQ_2:Prokka:CHQ_2_00725 (length 541)
prokka_CHQ_2/CHQ_2:Prokka:CHQ_2_00726 (length 584)
prokka_CHQ_2/CHQ_2:Prokka:CHQ_2_00727 (length 409)
prokka_CHQ_2/CHQ_2:Prokka:CHQ_2_00728 (length 452)
prokka_CHQ_2/CHQ_2:Prokka:CHQ_2_00729 (length 285)
prokka_CHQ_2/CHQ_2:Prokka:CHQ_2_00730 (length 64)
prokka_CHQ_2/CHQ_2:Prokka:CHQ_2_00731 (length 185)
prokka_CHQ_2/CHQ_2:Prokka:CHQ_2_00732 (length 178)
prokka_CHQ_2/CHQ_2:Prokka:CHQ_2_00733 (length 91)
prokka_CHQ_2/CHQ_2:Prokka:CHQ_2_00734 (length 269)
prokka_CHQ_2/CHQ_2:Prokka:CHQ_2_00735 (length 100)
prokka_CHQ_2/CHQ_2:Prokka:CHQ_2_00736 (length 391)
prokka_CHQ_2/CHQ_2:Prokka:CHQ_2_00737 (length 179)
prokka_CHQ_2/CHQ_2:Prokka:CHQ_2_00738 (length 52)
prokka_CHQ_2/CHQ_2:Prokka:CHQ_2_00739 (length 213)
prokka_CHQ_2/CHQ_2:Prokka:CHQ_2_00740 (length 382)
prokka_CHQ_2/CHQ_2:Prokka:CHQ_2_00741 (length 265)
prokka_CHQ_2/CHQ_2:Prokka:CHQ_2_00742 (length 585)
prokka_CHQ_2/CHQ_2:Prokka:CHQ_2_00743 (length 317)
prokka_CHQ_2/CHQ_2:Prokka:CHQ_2_00744 (length 366)
prokka_CHQ_2/CHQ_2:Prokka:CHQ_2_00745 (length 453)
prokka_CHQ_2/CHQ_2:Prokka:CHQ_2_00746 (length 340)
prokka_CHQ_2/CHQ_2:Prokka:CHQ_2_00747 (length 328)
prokka_CHQ_2/CHQ_2:Prokka:CHQ_2_00748 (length 467)
prokka_CHQ_2/CHQ_2:Prokka:CHQ_2_00749 (length 220)
prokka_CHQ_2/CHQ_2:Prokka:CHQ_2_00750 (length 172)
prokka_CHQ_2/CHQ_2:Prokka:CHQ_2_00751 (length 329)
prokka_CHQ_2/CHQ_2:Prokka:CHQ_2_00752 (length 270)
prokka_CHQ_2/CHQ_2:Prokka:CHQ_2_00753 (length 307)
prokka_CHQ_2/CHQ_2:Prokka:CHQ_2_00754 (length 127)
prokka_CHQ_2/CHQ_2:Prokka:CHQ_2_00755 (length 231)
prokka_CHQ_2/CHQ_2:Prokka:CHQ_2_00756 (length 119)
prokka_CHQ_2/CHQ_2:Prokka:CHQ_2_00757 (length 423)
prokka_CHQ_2/CHQ_2:Prokka:CHQ_2_00758 (length 324)
prokka_CHQ_2/CHQ_2:Prokka:CHQ_2_00759 (length 189)
prokka_CHQ_2/CHQ_2:Prokka:CHQ_2_00760 (length 217)
prokka_CHQ_2/CHQ_2:Prokka:CHQ_2_00761 (length 253)
prokka_CHQ_2/CHQ_2:Prokka:CHQ_2_00762 (length 269)
prokka_CHQ_2/CHQ_2:Prokka:CHQ_2_00763 (length 297)
prokka_CHQ_2/CHQ_2:Prokka:CHQ_2_00764 (length 307)
prokka_CHQ_2/CHQ_2:Prokka:CHQ_2_00765 (length 274)
prokka_CHQ_2/CHQ_2:Prokka:CHQ_2_00766 (length 298)
prokka_CHQ_2/CHQ_2:Prokka:CHQ_2_00767 (length 155)
prokka_CHQ_2/CHQ_2:Prokka:CHQ_2_00768 (length 185)
prokka_CHQ_2/CHQ_2:Prokka:CHQ_2_00769 (length 872)
prokka_CHQ_2/CHQ_2:Prokka:CHQ_2_00770 (length 308)
prokka_CHQ_2/CHQ_2:Prokka:CHQ_2_00771 (length 227)
prokka_CHQ_2/CHQ_2:Prokka:CHQ_2_00772 (length 601)
prokka_CHQ_2/CHQ_2:Prokka:CHQ_2_00773 (length 329)
prokka_CHQ_2/CHQ_2:Prokka:CHQ_2_00774 (length 361)
prokka_CHQ_2/CHQ_2:Prokka:CHQ_2_00775 (length 282)
prokka_CHQ_2/CHQ_2:Prokka:CHQ_2_00776 (length 473)
prokka_CHQ_2/CHQ_2:Prokka:CHQ_2_00777 (length 278)
prokka_CHQ_2/CHQ_2:Prokka:CHQ_2_00778 (length 256)
prokka_CHQ_2/CHQ_2:Prokka:CHQ_2_00779 (length 490)
prokka_CHQ_2/CHQ_2:Prokka:CHQ_2_00780 (length 227)
prokka_CHQ_2/CHQ_2:Prokka:CHQ_2_00781 (length 237)
prokka_CHQ_2/CHQ_2:Prokka:CHQ_2_00782 (length 304)
prokka_CHQ_2/CHQ_2:Prokka:CHQ_2_00783 (length 170)
prokka_CHQ_2/CHQ_2:Prokka:CHQ_2_00784 (length 77)
prokka_CHQ_2/CHQ_2:Prokka:CHQ_2_00785 (length 834)
prokka_CHQ_2/CHQ_2:Prokka:CHQ_2_00786 (length 197)
prokka_CHQ_2/CHQ_2:Prokka:CHQ_2_00787 (length 279)
prokka_CHQ_2/CHQ_2:Prokka:CHQ_2_00788 (length 162)
prokka_CHQ_2/CHQ_2:Prokka:CHQ_2_00789 (length 430)
prokka_CHQ_2/CHQ_2:Prokka:CHQ_2_00790 (length 354)
prokka_CHQ_2/CHQ_2:Prokka:CHQ_2_00791 (length 291)
prokka_CHQ_2/CHQ_2:Prokka:CHQ_2_00792 (length 223)
prokka_CHQ_2/CHQ_2:Prokka:CHQ_2_00793 (length 354)
prokka_CHQ_2/CHQ_2:Prokka:CHQ_2_00794 (length 666)
prokka_CHQ_2/CHQ_2:Prokka:CHQ_2_00795 (length 259)
prokka_CHQ_2/CHQ_2:Prokka:CHQ_2_00796 (length 47)
prokka_CHQ_2/CHQ_2:Prokka:CHQ_2_00797 (length 119)
prokka_CHQ_2/CHQ_2:Prokka:CHQ_2_00798 (length 388)
prokka_CHQ_2/CHQ_2:Prokka:CHQ_2_00799 (length 198)
prokka_CHQ_2/CHQ_2:Prokka:CHQ_2_00800 (length 199)
prokka_CHQ_2/CHQ_2:Prokka:CHQ_2_00801 (length 307)
prokka_CHQ_2/CHQ_2:Prokka:CHQ_2_00802 (length 356)
prokka_CHQ_2/CHQ_2:Prokka:CHQ_2_00803 (length 286)
prokka_CHQ_2/CHQ_2:Prokka:CHQ_2_00804 (length 218)
prokka_CHQ_2/CHQ_2:Prokka:CHQ_2_00805 (length 714)
prokka_CHQ_2/CHQ_2:Prokka:CHQ_2_00806 (length 247)
prokka_CHQ_2/CHQ_2:Prokka:CHQ_2_00807 (length 639)
prokka_CHQ_2/CHQ_2:Prokka:CHQ_2_00808 (length 213)
prokka_CHQ_2/CHQ_2:Prokka:CHQ_2_00809 (length 141)
prokka_CHQ_2/CHQ_2:Prokka:CHQ_2_00810 (length 469)
prokka_CHQ_2/CHQ_2:Prokka:CHQ_2_00811 (length 289)
prokka_CHQ_2/CHQ_2:Prokka:CHQ_2_00812 (length 500)
prokka_CHQ_2/CHQ_2:Prokka:CHQ_2_00813 (length 175)
prokka_CHQ_2/CHQ_2:Prokka:CHQ_2_00814 (length 168)
prokka_CHQ_2/CHQ_2:Prokka:CHQ_2_00815 (length 237)
prokka_CHQ_2/CHQ_2:Prokka:CHQ_2_00816 (length 71)
prokka_CHQ_2/CHQ_2:Prokka:CHQ_2_00817 (length 258)
prokka_CHQ_2/CHQ_2:Prokka:CHQ_2_00818 (length 736)
prokka_CHQ_2/CHQ_2:Prokka:CHQ_2_00819 (length 215)
prokka_CHQ_2/CHQ_2:Prokka:CHQ_2_00820 (length 453)
prokka_CHQ_2/CHQ_2:Prokka:CHQ_2_00821 (length 310)
prokka_CHQ_2/CHQ_2:Prokka:CHQ_2_00822 (length 132)
prokka_CHQ_2/CHQ_2:Prokka:CHQ_2_00823 (length 187)
prokka_CHQ_2/CHQ_2:Prokka:CHQ_2_00824 (length 392)
prokka_CHQ_2/CHQ_2:Prokka:CHQ_2_00825 (length 183)
prokka_CHQ_2/CHQ_2:Prokka:CHQ_2_00826 (length 323)
prokka_CHQ_2/CHQ_2:Prokka:CHQ_2_00827 (length 189)
prokka_CHQ_2/CHQ_2:Prokka:CHQ_2_00828 (length 413)
prokka_CHQ_2/CHQ_2:Prokka:CHQ_2_00829 (length 382)
prokka_CHQ_2/CHQ_2:Prokka:CHQ_2_00830 (length 116)
prokka_CHQ_2/CHQ_2:Prokka:CHQ_2_00831 (length 97)
prokka_CHQ_2/CHQ_2:Prokka:CHQ_2_00832 (length 248)
prokka_CHQ_2/CHQ_2:Prokka:CHQ_2_00833 (length 281)
prokka_CHQ_2/CHQ_2:Prokka:CHQ_2_00834 (length 470)
prokka_CHQ_2/CHQ_2:Prokka:CHQ_2_00835 (length 152)
prokka_CHQ_2/CHQ_2:Prokka:CHQ_2_00836 (length 163)
prokka_CHQ_2/CHQ_2:Prokka:CHQ_2_00837 (length 405)
prokka_CHQ_2/CHQ_2:Prokka:CHQ_2_00838 (length 418)
prokka_CHQ_2/CHQ_2:Prokka:CHQ_2_00839 (length 256)
prokka_CHQ_2/CHQ_2:Prokka:CHQ_2_00840 (length 443)
prokka_CHQ_2/CHQ_2:Prokka:CHQ_2_00841 (length 233)
prokka_CHQ_2/CHQ_2:Prokka:CHQ_2_00842 (length 244)
prokka_CHQ_2/CHQ_2:Prokka:CHQ_2_00843 (length 228)
prokka_CHQ_2/CHQ_2:Prokka:CHQ_2_00844 (length 302)
prokka_CHQ_2/CHQ_2:Prokka:CHQ_2_00845 (length 1207)
prokka_CHQ_2/CHQ_2:Prokka:CHQ_2_00846 (length 1196)
prokka_CHQ_2/CHQ_2:Prokka:CHQ_2_00847 (length 202)
prokka_CHQ_2/CHQ_2:Prokka:CHQ_2_00848 (length 224)
prokka_CHQ_2/CHQ_2:Prokka:CHQ_2_00849 (length 627)
prokka_CHQ_2/CHQ_2:Prokka:CHQ_2_00850 (length 101)
prokka_CHQ_2/CHQ_2:Prokka:CHQ_2_00851 (length 557)
prokka_CHQ_2/CHQ_2:Prokka:CHQ_2_00852 (length 483)
prokka_CHQ_2/CHQ_2:Prokka:CHQ_2_00853 (length 86)
prokka_CHQ_2/CHQ_2:Prokka:CHQ_2_00854 (length 340)
prokka_CHQ_2/CHQ_2:Prokka:CHQ_2_00855 (length 592)
prokka_CHQ_2/CHQ_2:Prokka:CHQ_2_00856 (length 508)
prokka_CHQ_2/CHQ_2:Prokka:CHQ_2_00857 (length 413)
prokka_CHQ_2/CHQ_2:Prokka:CHQ_2_00858 (length 265)
prokka_CHQ_2/CHQ_2:Prokka:CHQ_2_00859 (length 314)
prokka_CHQ_2/CHQ_2:Prokka:CHQ_2_00860 (length 263)
prokka_CHQ_2/CHQ_2:Prokka:CHQ_2_00861 (length 445)
prokka_CHQ_2/CHQ_2:Prokka:CHQ_2_00862 (length 371)
prokka_CHQ_2/CHQ_2:Prokka:CHQ_2_00863 (length 149)
prokka_CHQ_2/CHQ_2:Prokka:CHQ_2_00864 (length 259)
prokka_CHQ_2/CHQ_2:Prokka:CHQ_2_00865 (length 298)
prokka_CHQ_2/CHQ_2:Prokka:CHQ_2_00866 (length 84)
prokka_CHQ_2/CHQ_2:Prokka:CHQ_2_00867 (length 100)
prokka_CHQ_2/CHQ_2:Prokka:CHQ_2_00868 (length 97)
prokka_CHQ_2/CHQ_2:Prokka:CHQ_2_00869 (length 746)
prokka_CHQ_2/CHQ_2:Prokka:CHQ_2_00870 (length 115)
prokka_CHQ_2/CHQ_2:Prokka:CHQ_2_00871 (length 191)
prokka_CHQ_2/CHQ_2:Prokka:CHQ_2_00872 (length 194)
prokka_CHQ_2/CHQ_2:Prokka:CHQ_2_00873 (length 193)
prokka_CHQ_2/CHQ_2:Prokka:CHQ_2_00874 (length 940)
prokka_CHQ_2/CHQ_2:Prokka:CHQ_2_00875 (length 212)
prokka_CHQ_2/CHQ_2:Prokka:CHQ_2_00876 (length 174)
prokka_CHQ_2/CHQ_2:Prokka:CHQ_2_00877 (length 104)
prokka_CHQ_2/CHQ_2:Prokka:CHQ_2_00878 (length 449)
prokka_CHQ_2/CHQ_2:Prokka:CHQ_2_00879 (length 305)
prokka_CHQ_2/CHQ_2:Prokka:CHQ_2_00880 (length 211)
prokka_CHQ_2/CHQ_2:Prokka:CHQ_2_00881 (length 115)
prokka_CHQ_2/CHQ_2:Prokka:CHQ_2_00882 (length 151)
prokka_CHQ_2/CHQ_2:Prokka:CHQ_2_00883 (length 179)
prokka_CHQ_2/CHQ_2:Prokka:CHQ_2_00884 (length 447)
prokka_CHQ_2/CHQ_2:Prokka:CHQ_2_00885 (length 103)
prokka_CHQ_2/CHQ_2:Prokka:CHQ_2_00886 (length 393)
prokka_CHQ_2/CHQ_2:Prokka:CHQ_2_00887 (length 147)
prokka_CHQ_2/CHQ_2:Prokka:CHQ_2_00888 (length 791)
prokka_CHQ_2/CHQ_2:Prokka:CHQ_2_00889 (length 145)
prokka_CHQ_2/CHQ_2:Prokka:CHQ_2_00890 (length 430)
prokka_CHQ_2/CHQ_2:Prokka:CHQ_2_00891 (length 333)
prokka_CHQ_2/CHQ_2:Prokka:CHQ_2_00892 (length 248)
prokka_CHQ_2/CHQ_2:Prokka:CHQ_2_00893 (length 602)
prokka_CHQ_2/CHQ_2:Prokka:CHQ_2_00894 (length 294)
prokka_CHQ_2/CHQ_2:Prokka:CHQ_2_00895 (length 319)
prokka_CHQ_2/CHQ_2:Prokka:CHQ_2_00896 (length 319)
prokka_CHQ_2/CHQ_2:Prokka:CHQ_2_00897 (length 338)
prokka_CHQ_2/CHQ_2:Prokka:CHQ_2_00898 (length 119)
prokka_CHQ_2/CHQ_2:Prokka:CHQ_2_00899 (length 66)
prokka_CHQ_2/CHQ_2:Prokka:CHQ_2_00900 (length 164)
prokka_CHQ_2/CHQ_2:Prokka:CHQ_2_00901 (length 42)
prokka_CHQ_2/CHQ_2:Prokka:CHQ_2_00902 (length 182)
prokka_CHQ_2/CHQ_2:Prokka:CHQ_2_00903 (length 233)
prokka_CHQ_2/CHQ_2:Prokka:CHQ_2_00904 (length 625)
prokka_CHQ_2/CHQ_2:Prokka:CHQ_2_00905 (length 191)
prokka_CHQ_2/CHQ_2:Prokka:CHQ_2_00906 (length 136)
prokka_CHQ_2/CHQ_2:Prokka:CHQ_2_00907 (length 133)
prokka_CHQ_2/CHQ_2:Prokka:CHQ_2_00908 (length 448)
prokka_CHQ_2/CHQ_2:Prokka:CHQ_2_00909 (length 197)
prokka_CHQ_2/CHQ_2:Prokka:CHQ_2_00910 (length 199)
prokka_CHQ_2/CHQ_2:Prokka:CHQ_2_00911 (length 256)
prokka_CHQ_2/CHQ_2:Prokka:CHQ_2_00912 (length 769)
prokka_CHQ_2/CHQ_2:Prokka:CHQ_2_00913 (length 381)
prokka_CHQ_2/CHQ_2:Prokka:CHQ_2_00914 (length 321)
prokka_CHQ_2/CHQ_2:Prokka:CHQ_2_00915 (length 143)
prokka_CHQ_2/CHQ_2:Prokka:CHQ_2_00916 (length 324)
prokka_CHQ_2/CHQ_2:Prokka:CHQ_2_00917 (length 114)
prokka_CHQ_2/CHQ_2:Prokka:CHQ_2_00918 (length 395)
prokka_CHQ_2/CHQ_2:Prokka:CHQ_2_00919 (length 60)
prokka_CHQ_2/CHQ_2:Prokka:CHQ_2_00920 (length 38)
prokka_CHQ_2/CHQ_2:Prokka:CHQ_2_00921 (length 932)
prokka_CHQ_2/CHQ_2:Prokka:CHQ_2_00922 (length 314)
prokka_CHQ_2/CHQ_2:Prokka:CHQ_2_00923 (length 263)
prokka_CHQ_2/CHQ_2:Prokka:CHQ_2_00924 (length 91)
prokka_CHQ_2/CHQ_2:Prokka:CHQ_2_00925 (length 196)
prokka_CHQ_2/CHQ_2:Prokka:CHQ_2_00926 (length 225)
prokka_CHQ_2/CHQ_2:Prokka:CHQ_2_00927 (length 417)
prokka_CHQ_2/CHQ_2:Prokka:CHQ_2_00928 (length 456)
prokka_CHQ_2/CHQ_2:Prokka:CHQ_2_00929 (length 289)
prokka_CHQ_2/CHQ_2:Prokka:CHQ_2_00930 (length 242)
prokka_CHQ_2/CHQ_2:Prokka:CHQ_2_00931 (length 372)
prokka_CHQ_2/CHQ_2:Prokka:CHQ_2_00932 (length 281)
prokka_CHQ_2/CHQ_2:Prokka:CHQ_2_00933 (length 442)
prokka_CHQ_2/CHQ_2:Prokka:CHQ_2_00934 (length 292)
prokka_CHQ_2/CHQ_2:Prokka:CHQ_2_00935 (length 134)
prokka_CHQ_2/CHQ_2:Prokka:CHQ_2_00936 (length 436)
prokka_CHQ_2/CHQ_2:Prokka:CHQ_2_00937 (length 197)
prokka_CHQ_2/CHQ_2:Prokka:CHQ_2_00938 (length 226)
prokka_CHQ_2/CHQ_2:Prokka:CHQ_2_00939 (length 92)
prokka_CHQ_2/CHQ_2:Prokka:CHQ_2_00940 (length 194)
prokka_CHQ_2/CHQ_2:Prokka:CHQ_2_00941 (length 458)
prokka_CHQ_2/CHQ_2:Prokka:CHQ_2_00942 (length 262)
prokka_CHQ_2/CHQ_2:Prokka:CHQ_2_00943 (length 89)
prokka_CHQ_2/CHQ_2:Prokka:CHQ_2_00944 (length 627)
prokka_CHQ_2/CHQ_2:Prokka:CHQ_2_00945 (length 258)
prokka_CHQ_2/CHQ_2:Prokka:CHQ_2_00946 (length 424)
prokka_CHQ_2/CHQ_2:Prokka:CHQ_2_00947 (length 168)
prokka_CHQ_2/CHQ_2:Prokka:CHQ_2_00948 (length 62)
prokka_CHQ_2/CHQ_2:Prokka:CHQ_2_00949 (length 186)
prokka_CHQ_2/CHQ_2:Prokka:CHQ_2_00950 (length 80)
prokka_CHQ_2/CHQ_2:Prokka:CHQ_2_00951 (length 319)
prokka_CHQ_2/CHQ_2:Prokka:CHQ_2_00952 (length 154)
prokka_CHQ_2/CHQ_2:Prokka:CHQ_2_00953 (length 173)
prokka_CHQ_2/CHQ_2:Prokka:CHQ_2_00954 (length 124)
prokka_CHQ_2/CHQ_2:Prokka:CHQ_2_00955 (length 779)
prokka_CHQ_2/CHQ_2:Prokka:CHQ_2_00956 (length 117)
prokka_CHQ_2/CHQ_2:Prokka:CHQ_2_00957 (length 205)
prokka_CHQ_2/CHQ_2:Prokka:CHQ_2_00958 (length 531)
prokka_CHQ_2/CHQ_2:Prokka:CHQ_2_00959 (length 237)
prokka_CHQ_2/CHQ_2:Prokka:CHQ_2_00960 (length 399)
prokka_CHQ_2/CHQ_2:Prokka:CHQ_2_00961 (length 397)
prokka_CHQ_2/CHQ_2:Prokka:CHQ_2_00962 (length 250)
prokka_CHQ_2/CHQ_2:Prokka:CHQ_2_00963 (length 152)
prokka_CHQ_2/CHQ_2:Prokka:CHQ_2_00964 (length 67)
prokka_CHQ_2/CHQ_2:Prokka:CHQ_2_00965 (length 371)
prokka_CHQ_2/CHQ_2:Prokka:CHQ_2_00966 (length 499)
prokka_CHQ_2/CHQ_2:Prokka:CHQ_2_00967 (length 298)
prokka_CHQ_2/CHQ_2:Prokka:CHQ_2_9 (length 209782)
prokka_CHQ_2/CHQ_2:Prokka:CHQ_2_00970 (length 70)
prokka_CHQ_2/CHQ_2:Prokka:CHQ_2_00971 (length 397)
prokka_CHQ_2/CHQ_2:Prokka:CHQ_2_00972 (length 155)
prokka_CHQ_2/CHQ_2:Prokka:CHQ_2_00973 (length 312)
prokka_CHQ_2/CHQ_2:Prokka:CHQ_2_00974 (length 250)
prokka_CHQ_2/CHQ_2:Prokka:CHQ_2_00975 (length 369)
prokka_CHQ_2/CHQ_2:Prokka:CHQ_2_00976 (length 328)
prokka_CHQ_2/CHQ_2:Prokka:CHQ_2_00977 (length 220)
prokka_CHQ_2/CHQ_2:Prokka:CHQ_2_00978 (length 72)
prokka_CHQ_2/CHQ_2:Prokka:CHQ_2_00979 (length 664)
prokka_CHQ_2/CHQ_2:Prokka:CHQ_2_00980 (length 214)
prokka_CHQ_2/CHQ_2:Prokka:CHQ_2_00981 (length 32)
prokka_CHQ_2/CHQ_2:Prokka:CHQ_2_00982 (length 139)
prokka_CHQ_2/CHQ_2:Prokka:CHQ_2_00983 (length 584)
prokka_CHQ_2/CHQ_2:Prokka:CHQ_2_00984 (length 224)
prokka_CHQ_2/CHQ_2:Prokka:CHQ_2_00985 (length 162)
prokka_CHQ_2/CHQ_2:Prokka:CHQ_2_00986 (length 291)
prokka_CHQ_2/CHQ_2:Prokka:CHQ_2_00987 (length 37)
prokka_CHQ_2/CHQ_2:Prokka:CHQ_2_00988 (length 573)
prokka_CHQ_2/CHQ_2:Prokka:CHQ_2_00989 (length 620)
prokka_CHQ_2/CHQ_2:Prokka:CHQ_2_00990 (length 331)
prokka_CHQ_2/CHQ_2:Prokka:CHQ_2_00991 (length 491)
prokka_CHQ_2/CHQ_2:Prokka:CHQ_2_00992 (length 497)
prokka_CHQ_2/CHQ_2:Prokka:CHQ_2_00993 (length 600)
prokka_CHQ_2/CHQ_2:Prokka:CHQ_2_00994 (length 800)
prokka_CHQ_2/CHQ_2:Prokka:CHQ_2_00995 (length 478)
prokka_CHQ_2/CHQ_2:Prokka:CHQ_2_00996 (length 379)
prokka_CHQ_2/CHQ_2:Prokka:CHQ_2_00997 (length 380)
prokka_CHQ_2/CHQ_2:Prokka:CHQ_2_00998 (length 445)
prokka_CHQ_2/CHQ_2:Prokka:CHQ_2_00999 (length 225)
prokka_CHQ_2/CHQ_2:Prokka:CHQ_2_01000 (length 323)
prokka_CHQ_2/CHQ_2:Prokka:CHQ_2_01001 (length 133)
prokka_CHQ_2/CHQ_2:Prokka:CHQ_2_01002 (length 185)
prokka_CHQ_2/CHQ_2:Prokka:CHQ_2_01003 (length 352)
prokka_CHQ_2/CHQ_2:Prokka:CHQ_2_01004 (length 294)
prokka_CHQ_2/CHQ_2:Prokka:CHQ_2_01005 (length 206)
prokka_CHQ_2/CHQ_2:Prokka:CHQ_2_01006 (length 177)
prokka_CHQ_2/CHQ_2:Prokka:CHQ_2_01007 (length 257)
prokka_CHQ_2/CHQ_2:Prokka:CHQ_2_01008 (length 64)
prokka_CHQ_2/CHQ_2:Prokka:CHQ_2_01009 (length 68)
prokka_CHQ_2/CHQ_2:Prokka:CHQ_2_01010 (length 482)
prokka_CHQ_2/CHQ_2:Prokka:CHQ_2_01011 (length 619)
prokka_CHQ_2/CHQ_2:Prokka:CHQ_2_01012 (length 279)
prokka_CHQ_2/CHQ_2:Prokka:CHQ_2_01013 (length 483)
prokka_CHQ_2/CHQ_2:Prokka:CHQ_2_01014 (length 641)
prokka_CHQ_2/CHQ_2:Prokka:CHQ_2_01015 (length 281)
prokka_CHQ_2/CHQ_2:Prokka:CHQ_2_01016 (length 278)
prokka_CHQ_2/CHQ_2:Prokka:CHQ_2_01017 (length 161)
prokka_CHQ_2/CHQ_2:Prokka:CHQ_2_01018 (length 325)
prokka_CHQ_2/CHQ_2:Prokka:CHQ_2_01019 (length 176)
prokka_CHQ_2/CHQ_2:Prokka:CHQ_2_01020 (length 273)
prokka_CHQ_2/CHQ_2:Prokka:CHQ_2_01021 (length 455)
prokka_CHQ_2/CHQ_2:Prokka:CHQ_2_01022 (length 290)
prokka_CHQ_2/CHQ_2:Prokka:CHQ_2_01023 (length 650)
prokka_CHQ_2/CHQ_2:Prokka:CHQ_2_01024 (length 472)
prokka_CHQ_2/CHQ_2:Prokka:CHQ_2_01025 (length 318)
prokka_CHQ_2/CHQ_2:Prokka:CHQ_2_01026 (length 659)
prokka_CHQ_2/CHQ_2:Prokka:CHQ_2_01027 (length 51)
prokka_CHQ_2/CHQ_2:Prokka:CHQ_2_01028 (length 290)
prokka_CHQ_2/CHQ_2:Prokka:CHQ_2_01029 (length 236)
prokka_CHQ_2/CHQ_2:Prokka:CHQ_2_01030 (length 214)
prokka_CHQ_2/CHQ_2:Prokka:CHQ_2_01031 (length 242)
prokka_CHQ_2/CHQ_2:Prokka:CHQ_2_01032 (length 225)
prokka_CHQ_2/CHQ_2:Prokka:CHQ_2_01033 (length 447)
prokka_CHQ_2/CHQ_2:Prokka:CHQ_2_01034 (length 228)
prokka_CHQ_2/CHQ_2:Prokka:CHQ_2_01035 (length 682)
prokka_CHQ_2/CHQ_2:Prokka:CHQ_2_01036 (length 245)
prokka_CHQ_2/CHQ_2:Prokka:CHQ_2_01037 (length 414)
prokka_CHQ_2/CHQ_2:Prokka:CHQ_2_01038 (length 600)
prokka_CHQ_2/CHQ_2:Prokka:CHQ_2_01039 (length 993)
prokka_CHQ_2/CHQ_2:Prokka:CHQ_2_01040 (length 57)
prokka_CHQ_2/CHQ_2:Prokka:CHQ_2_01041 (length 90)
prokka_CHQ_2/CHQ_2:Prokka:CHQ_2_01042 (length 90)
prokka_CHQ_2/CHQ_2:Prokka:CHQ_2_01043 (length 452)
prokka_CHQ_2/CHQ_2:Prokka:CHQ_2_01044 (length 484)
prokka_CHQ_2/CHQ_2:Prokka:CHQ_2_01045 (length 297)
prokka_CHQ_2/CHQ_2:Prokka:CHQ_2_01046 (length 86)
prokka_CHQ_2/CHQ_2:Prokka:CHQ_2_01047 (length 406)
prokka_CHQ_2/CHQ_2:Prokka:CHQ_2_01048 (length 343)
prokka_CHQ_2/CHQ_2:Prokka:CHQ_2_01049 (length 918)
prokka_CHQ_2/CHQ_2:Prokka:CHQ_2_01050 (length 387)
prokka_CHQ_2/CHQ_2:Prokka:CHQ_2_01051 (length 38)
prokka_CHQ_2/CHQ_2:Prokka:CHQ_2_01052 (length 132)
prokka_CHQ_2/CHQ_2:Prokka:CHQ_2_01053 (length 176)
prokka_CHQ_2/CHQ_2:Prokka:CHQ_2_01054 (length 199)
prokka_CHQ_2/CHQ_2:Prokka:CHQ_2_01055 (length 412)
prokka_CHQ_2/CHQ_2:Prokka:CHQ_2_01056 (length 848)
prokka_CHQ_2/CHQ_2:Prokka:CHQ_2_01057 (length 441)
prokka_CHQ_2/CHQ_2:Prokka:CHQ_2_01058 (length 1137)
prokka_CHQ_2/CHQ_2:Prokka:CHQ_2_01059 (length 420)
prokka_CHQ_2/CHQ_2:Prokka:CHQ_2_01060 (length 48)
prokka_CHQ_2/CHQ_2:Prokka:CHQ_2_01061 (length 375)
prokka_CHQ_2/CHQ_2:Prokka:CHQ_2_01062 (length 217)
prokka_CHQ_2/CHQ_2:Prokka:CHQ_2_01063 (length 787)
prokka_CHQ_2/CHQ_2:Prokka:CHQ_2_01064 (length 305)
prokka_CHQ_2/CHQ_2:Prokka:CHQ_2_01065 (length 507)
prokka_CHQ_2/CHQ_2:Prokka:CHQ_2_01066 (length 189)
prokka_CHQ_2/CHQ_2:Prokka:CHQ_2_01067 (length 357)
prokka_CHQ_2/CHQ_2:Prokka:CHQ_2_01068 (length 223)
prokka_CHQ_2/CHQ_2:Prokka:CHQ_2_01069 (length 433)
prokka_CHQ_2/CHQ_2:Prokka:CHQ_2_01070 (length 185)
prokka_CHQ_2/CHQ_2:Prokka:CHQ_2_01071 (length 816)
prokka_CHQ_2/CHQ_2:Prokka:CHQ_2_01072 (length 151)
prokka_CHQ_2/CHQ_2:Prokka:CHQ_2_01073 (length 156)
prokka_CHQ_2/CHQ_2:Prokka:CHQ_2_01074 (length 549)
prokka_CHQ_2/CHQ_2:Prokka:CHQ_2_01075 (length 187)
prokka_CHQ_2/CHQ_2:Prokka:CHQ_2_01076 (length 170)
prokka_CHQ_2/CHQ_2:Prokka:CHQ_2_01077 (length 742)
prokka_CHQ_2/CHQ_2:Prokka:CHQ_2_01078 (length 233)
prokka_CHQ_2/CHQ_2:Prokka:CHQ_2_01079 (length 307)
prokka_CHQ_2/CHQ_2:Prokka:CHQ_2_01081 (length 86)
prokka_CHQ_2/CHQ_2:Prokka:CHQ_2_01083 (length 298)
prokka_CHQ_2/CHQ_2:Prokka:CHQ_2_01084 (length 222)
prokka_CHQ_2/CHQ_2:Prokka:CHQ_2_01085 (length 294)
prokka_CHQ_2/CHQ_2:Prokka:CHQ_2_01086 (length 221)
prokka_CHQ_2/CHQ_2:Prokka:CHQ_2_01087 (length 56)
prokka_CHQ_2/CHQ_2:Prokka:CHQ_2_01088 (length 671)
prokka_CHQ_2/CHQ_2:Prokka:CHQ_2_01089 (length 670)
prokka_CHQ_2/CHQ_2:Prokka:CHQ_2_01090 (length 472)
prokka_CHQ_2/CHQ_2:Prokka:CHQ_2_01091 (length 187)
prokka_CHQ_2/CHQ_2:Prokka:CHQ_2_01092 (length 139)
prokka_CHQ_2/CHQ_2:Prokka:CHQ_2_01093 (length 261)
prokka_CHQ_2/CHQ_2:Prokka:CHQ_2_01094 (length 309)
prokka_CHQ_2/CHQ_2:Prokka:CHQ_2_01095 (length 91)
prokka_CHQ_2/CHQ_2:Prokka:CHQ_2_01096 (length 243)
prokka_CHQ_2/CHQ_2:Prokka:CHQ_2_01097 (length 148)
prokka_CHQ_2/CHQ_2:Prokka:CHQ_2_01098 (length 301)
prokka_CHQ_2/CHQ_2:Prokka:CHQ_2_01099 (length 284)
prokka_CHQ_2/CHQ_2:Prokka:CHQ_2_01100 (length 208)
prokka_CHQ_2/CHQ_2:Prokka:CHQ_2_01101 (length 501)
prokka_CHQ_2/CHQ_2:Prokka:CHQ_2_01102 (length 147)
prokka_CHQ_2/CHQ_2:Prokka:CHQ_2_01103 (length 108)
prokka_CHQ_2/CHQ_2:Prokka:CHQ_2_01104 (length 252)
prokka_CHQ_2/CHQ_2:Prokka:CHQ_2_01105 (length 97)
prokka_CHQ_2/CHQ_2:Prokka:CHQ_2_01106 (length 216)
prokka_CHQ_2/CHQ_2:Prokka:CHQ_2_01107 (length 398)
prokka_CHQ_2/CHQ_2:Prokka:CHQ_2_01108 (length 365)
prokka_CHQ_2/CHQ_2:Prokka:CHQ_2_01109 (length 200)
prokka_CHQ_2/CHQ_2:Prokka:CHQ_2_01110 (length 415)
prokka_CHQ_2/CHQ_2:Prokka:CHQ_2_01111 (length 306)
prokka_CHQ_2/CHQ_2:Prokka:CHQ_2_01112 (length 154)
prokka_CHQ_2/CHQ_2:Prokka:CHQ_2_01113 (length 270)
prokka_CHQ_2/CHQ_2:Prokka:CHQ_2_01114 (length 251)
prokka_CHQ_2/CHQ_2:Prokka:CHQ_2_01115 (length 175)
prokka_CHQ_2/CHQ_2:Prokka:CHQ_2_01116 (length 357)
prokka_CHQ_2/CHQ_2:Prokka:CHQ_2_01117 (length 147)
prokka_CHQ_2/CHQ_2:Prokka:CHQ_2_01118 (length 189)
prokka_CHQ_2/CHQ_2:Prokka:CHQ_2_01119 (length 137)
prokka_CHQ_2/CHQ_2:Prokka:CHQ_2_01120 (length 143)
prokka_CHQ_2/CHQ_2:Prokka:CHQ_2_01121 (length 88)
prokka_CHQ_2/CHQ_2:Prokka:CHQ_2_01122 (length 177)
prokka_CHQ_2/CHQ_2:Prokka:CHQ_2_01123 (length 488)
prokka_CHQ_2/CHQ_2:Prokka:CHQ_2_01124 (length 116)
prokka_CHQ_2/CHQ_2:Prokka:CHQ_2_01125 (length 232)
prokka_CHQ_2/CHQ_2:Prokka:CHQ_2_01126 (length 498)
prokka_CHQ_2/CHQ_2:Prokka:CHQ_2_01127 (length 306)
prokka_CHQ_2/CHQ_2:Prokka:CHQ_2_01128 (length 94)
prokka_CHQ_2/CHQ_2:Prokka:CHQ_2_01129 (length 122)
prokka_CHQ_2/CHQ_2:Prokka:CHQ_2_01130 (length 120)
prokka_CHQ_2/CHQ_2:Prokka:CHQ_2_01131 (length 257)
prokka_CHQ_2/CHQ_2:Prokka:CHQ_2_01132 (length 598)
prokka_CHQ_2/CHQ_2:Prokka:CHQ_2_01133 (length 133)
prokka_CHQ_2/CHQ_2:Prokka:CHQ_2_01134 (length 160)
prokka_CHQ_2/CHQ_2:Prokka:CHQ_2_01135 (length 197)
prokka_CHQ_2/CHQ_2:Prokka:CHQ_2_01136 (length 341)
prokka_CHQ_2/CHQ_2:Prokka:CHQ_2_01137 (length 147)
prokka_CHQ_2/CHQ_2:Prokka:CHQ_2_01138 (length 775)
prokka_CHQ_2/CHQ_2:Prokka:CHQ_2_01139 (length 61)
prokka_CHQ_2/CHQ_2:Prokka:CHQ_2_01140 (length 231)
prokka_CHQ_2/CHQ_2:Prokka:CHQ_2_01141 (length 178)
prokka_CHQ_2/CHQ_2:Prokka:CHQ_2_01142 (length 196)
prokka_CHQ_2/CHQ_2:Prokka:CHQ_2_01143 (length 252)
prokka_CHQ_2/CHQ_2:Prokka:CHQ_2_01144 (length 320)
prokka_CHQ_2/CHQ_2:Prokka:CHQ_2_01145 (length 250)
prokka_CHQ_2/CHQ_2:Prokka:CHQ_2_01146 (length 151)
prokka_CHQ_2/CHQ_2:Prokka:CHQ_2_01147 (length 372)
prokka_CHQ_2/CHQ_2:Prokka:CHQ_2_01148 (length 273)
prokka_CHQ_2/CHQ_2:Prokka:CHQ_2_01149 (length 692)
prokka_CHQ_2/CHQ_2:Prokka:CHQ_2_01150 (length 151)
prokka_CHQ_2/CHQ_2:Prokka:CHQ_2_01151 (length 211)
prokka_CHQ_2/CHQ_2:Prokka:CHQ_2_01152 (length 337)
prokka_CHQ_2/CHQ_2:Prokka:CHQ_2_01153 (length 156)
prokka_CHQ_2/CHQ_2:Prokka:CHQ_2_01154 (length 748)
prokka_CHQ_2/CHQ_2:Prokka:CHQ_2_01155 (length 112)
prokka_CHQ_2/CHQ_2:Prokka:CHQ_2_01156 (length 455)
prokka_CHQ_2/CHQ_2:Prokka:CHQ_2_01157 (length 247)
prokka_CHQ_2/CHQ_2:Prokka:CHQ_2_01158 (length 447)
prokka_CHQ_2/CHQ_2:Prokka:CHQ_2_01159 (length 638)
prokka_CHQ_2/CHQ_2:Prokka:CHQ_2_10 (length 174556)
prokka_CHQ_2/CHQ_2:Prokka:CHQ_2_01169 (length 95)
prokka_CHQ_2/CHQ_2:Prokka:CHQ_2_01170 (length 356)
prokka_CHQ_2/CHQ_2:Prokka:CHQ_2_01171 (length 447)
prokka_CHQ_2/CHQ_2:Prokka:CHQ_2_01172 (length 710)
prokka_CHQ_2/CHQ_2:Prokka:CHQ_2_01173 (length 282)
prokka_CHQ_2/CHQ_2:Prokka:CHQ_2_01174 (length 126)
prokka_CHQ_2/CHQ_2:Prokka:CHQ_2_01175 (length 236)
prokka_CHQ_2/CHQ_2:Prokka:CHQ_2_01176 (length 416)
prokka_CHQ_2/CHQ_2:Prokka:CHQ_2_01177 (length 340)
prokka_CHQ_2/CHQ_2:Prokka:CHQ_2_01178 (length 158)
prokka_CHQ_2/CHQ_2:Prokka:CHQ_2_01179 (length 575)
prokka_CHQ_2/CHQ_2:Prokka:CHQ_2_01180 (length 570)
prokka_CHQ_2/CHQ_2:Prokka:CHQ_2_01181 (length 259)
prokka_CHQ_2/CHQ_2:Prokka:CHQ_2_01182 (length 191)
prokka_CHQ_2/CHQ_2:Prokka:CHQ_2_01183 (length 460)
prokka_CHQ_2/CHQ_2:Prokka:CHQ_2_01184 (length 345)
prokka_CHQ_2/CHQ_2:Prokka:CHQ_2_01185 (length 513)
prokka_CHQ_2/CHQ_2:Prokka:CHQ_2_01186 (length 319)
prokka_CHQ_2/CHQ_2:Prokka:CHQ_2_01187 (length 269)
prokka_CHQ_2/CHQ_2:Prokka:CHQ_2_01188 (length 212)
prokka_CHQ_2/CHQ_2:Prokka:CHQ_2_01189 (length 259)
prokka_CHQ_2/CHQ_2:Prokka:CHQ_2_01190 (length 239)
prokka_CHQ_2/CHQ_2:Prokka:CHQ_2_01191 (length 202)
prokka_CHQ_2/CHQ_2:Prokka:CHQ_2_01192 (length 262)
prokka_CHQ_2/CHQ_2:Prokka:CHQ_2_01193 (length 200)
prokka_CHQ_2/CHQ_2:Prokka:CHQ_2_01194 (length 263)
prokka_CHQ_2/CHQ_2:Prokka:CHQ_2_01195 (length 431)
prokka_CHQ_2/CHQ_2:Prokka:CHQ_2_01196 (length 208)
prokka_CHQ_2/CHQ_2:Prokka:CHQ_2_01197 (length 328)
prokka_CHQ_2/CHQ_2:Prokka:CHQ_2_01198 (length 360)
prokka_CHQ_2/CHQ_2:Prokka:CHQ_2_01199 (length 665)
prokka_CHQ_2/CHQ_2:Prokka:CHQ_2_01200 (length 338)
prokka_CHQ_2/CHQ_2:Prokka:CHQ_2_01201 (length 114)
prokka_CHQ_2/CHQ_2:Prokka:CHQ_2_01202 (length 215)
prokka_CHQ_2/CHQ_2:Prokka:CHQ_2_01203 (length 688)
prokka_CHQ_2/CHQ_2:Prokka:CHQ_2_01204 (length 575)
prokka_CHQ_2/CHQ_2:Prokka:CHQ_2_01205 (length 30)
prokka_CHQ_2/CHQ_2:Prokka:CHQ_2_01206 (length 236)
prokka_CHQ_2/CHQ_2:Prokka:CHQ_2_01207 (length 876)
prokka_CHQ_2/CHQ_2:Prokka:CHQ_2_01208 (length 218)
prokka_CHQ_2/CHQ_2:Prokka:CHQ_2_01209 (length 101)
prokka_CHQ_2/CHQ_2:Prokka:CHQ_2_01210 (length 367)
prokka_CHQ_2/CHQ_2:Prokka:CHQ_2_01211 (length 176)
prokka_CHQ_2/CHQ_2:Prokka:CHQ_2_01212 (length 111)
prokka_CHQ_2/CHQ_2:Prokka:CHQ_2_01213 (length 763)
prokka_CHQ_2/CHQ_2:Prokka:CHQ_2_01214 (length 489)
prokka_CHQ_2/CHQ_2:Prokka:CHQ_2_01215 (length 218)
prokka_CHQ_2/CHQ_2:Prokka:CHQ_2_01216 (length 311)
prokka_CHQ_2/CHQ_2:Prokka:CHQ_2_01217 (length 554)
prokka_CHQ_2/CHQ_2:Prokka:CHQ_2_01218 (length 418)
prokka_CHQ_2/CHQ_2:Prokka:CHQ_2_01219 (length 390)
prokka_CHQ_2/CHQ_2:Prokka:CHQ_2_01220 (length 206)
prokka_CHQ_2/CHQ_2:Prokka:CHQ_2_01221 (length 535)
prokka_CHQ_2/CHQ_2:Prokka:CHQ_2_01222 (length 460)
prokka_CHQ_2/CHQ_2:Prokka:CHQ_2_01223 (length 81)
prokka_CHQ_2/CHQ_2:Prokka:CHQ_2_01224 (length 231)
prokka_CHQ_2/CHQ_2:Prokka:CHQ_2_01225 (length 840)
prokka_CHQ_2/CHQ_2:Prokka:CHQ_2_01226 (length 482)
prokka_CHQ_2/CHQ_2:Prokka:CHQ_2_01227 (length 66)
prokka_CHQ_2/CHQ_2:Prokka:CHQ_2_01228 (length 66)
prokka_CHQ_2/CHQ_2:Prokka:CHQ_2_01230 (length 109)
prokka_CHQ_2/CHQ_2:Prokka:CHQ_2_01231 (length 140)
prokka_CHQ_2/CHQ_2:Prokka:CHQ_2_01232 (length 119)
prokka_CHQ_2/CHQ_2:Prokka:CHQ_2_01233 (length 31)
prokka_CHQ_2/CHQ_2:Prokka:CHQ_2_01234 (length 355)
prokka_CHQ_2/CHQ_2:Prokka:CHQ_2_01235 (length 266)
prokka_CHQ_2/CHQ_2:Prokka:CHQ_2_01236 (length 262)
prokka_CHQ_2/CHQ_2:Prokka:CHQ_2_01237 (length 428)
prokka_CHQ_2/CHQ_2:Prokka:CHQ_2_01238 (length 299)
prokka_CHQ_2/CHQ_2:Prokka:CHQ_2_01239 (length 199)
prokka_CHQ_2/CHQ_2:Prokka:CHQ_2_01240 (length 296)
prokka_CHQ_2/CHQ_2:Prokka:CHQ_2_01241 (length 428)
prokka_CHQ_2/CHQ_2:Prokka:CHQ_2_01242 (length 212)
prokka_CHQ_2/CHQ_2:Prokka:CHQ_2_01243 (length 427)
prokka_CHQ_2/CHQ_2:Prokka:CHQ_2_01244 (length 165)
prokka_CHQ_2/CHQ_2:Prokka:CHQ_2_01245 (length 357)
prokka_CHQ_2/CHQ_2:Prokka:CHQ_2_01246 (length 349)
prokka_CHQ_2/CHQ_2:Prokka:CHQ_2_01247 (length 116)
prokka_CHQ_2/CHQ_2:Prokka:CHQ_2_01248 (length 195)
prokka_CHQ_2/CHQ_2:Prokka:CHQ_2_01249 (length 411)
prokka_CHQ_2/CHQ_2:Prokka:CHQ_2_01250 (length 56)
prokka_CHQ_2/CHQ_2:Prokka:CHQ_2_01251 (length 168)
prokka_CHQ_2/CHQ_2:Prokka:CHQ_2_01252 (length 169)
prokka_CHQ_2/CHQ_2:Prokka:CHQ_2_01253 (length 40)
prokka_CHQ_2/CHQ_2:Prokka:CHQ_2_01254 (length 95)
prokka_CHQ_2/CHQ_2:Prokka:CHQ_2_01255 (length 434)
prokka_CHQ_2/CHQ_2:Prokka:CHQ_2_01256 (length 197)
prokka_CHQ_2/CHQ_2:Prokka:CHQ_2_01257 (length 329)
prokka_CHQ_2/CHQ_2:Prokka:CHQ_2_01258 (length 205)
prokka_CHQ_2/CHQ_2:Prokka:CHQ_2_01259 (length 257)
prokka_CHQ_2/CHQ_2:Prokka:CHQ_2_01260 (length 242)
prokka_CHQ_2/CHQ_2:Prokka:CHQ_2_01261 (length 146)
prokka_CHQ_2/CHQ_2:Prokka:CHQ_2_01262 (length 271)
prokka_CHQ_2/CHQ_2:Prokka:CHQ_2_01263 (length 379)
prokka_CHQ_2/CHQ_2:Prokka:CHQ_2_01264 (length 175)
prokka_CHQ_2/CHQ_2:Prokka:CHQ_2_01265 (length 445)
prokka_CHQ_2/CHQ_2:Prokka:CHQ_2_01266 (length 195)
prokka_CHQ_2/CHQ_2:Prokka:CHQ_2_01267 (length 323)
prokka_CHQ_2/CHQ_2:Prokka:CHQ_2_01268 (length 252)
prokka_CHQ_2/CHQ_2:Prokka:CHQ_2_01269 (length 283)
prokka_CHQ_2/CHQ_2:Prokka:CHQ_2_01270 (length 650)
prokka_CHQ_2/CHQ_2:Prokka:CHQ_2_01271 (length 297)
prokka_CHQ_2/CHQ_2:Prokka:CHQ_2_01272 (length 353)
prokka_CHQ_2/CHQ_2:Prokka:CHQ_2_01273 (length 323)
prokka_CHQ_2/CHQ_2:Prokka:CHQ_2_01274 (length 300)
prokka_CHQ_2/CHQ_2:Prokka:CHQ_2_01275 (length 329)
prokka_CHQ_2/CHQ_2:Prokka:CHQ_2_01276 (length 230)
prokka_CHQ_2/CHQ_2:Prokka:CHQ_2_01277 (length 502)
prokka_CHQ_2/CHQ_2:Prokka:CHQ_2_01278 (length 152)
prokka_CHQ_2/CHQ_2:Prokka:CHQ_2_01279 (length 190)
prokka_CHQ_2/CHQ_2:Prokka:CHQ_2_01280 (length 155)
prokka_CHQ_2/CHQ_2:Prokka:CHQ_2_01281 (length 758)
prokka_CHQ_2/CHQ_2:Prokka:CHQ_2_01282 (length 258)
prokka_CHQ_2/CHQ_2:Prokka:CHQ_2_01283 (length 209)
prokka_CHQ_2/CHQ_2:Prokka:CHQ_2_01284 (length 921)
prokka_CHQ_2/CHQ_2:Prokka:CHQ_2_01285 (length 414)
prokka_CHQ_2/CHQ_2:Prokka:CHQ_2_01286 (length 248)
prokka_CHQ_2/CHQ_2:Prokka:CHQ_2_01287 (length 361)
prokka_CHQ_2/CHQ_2:Prokka:CHQ_2_01288 (length 829)
prokka_CHQ_2/CHQ_2:Prokka:CHQ_2_01289 (length 488)
prokka_CHQ_2/CHQ_2:Prokka:CHQ_2_01290 (length 211)
prokka_CHQ_2/CHQ_2:Prokka:CHQ_2_01291 (length 607)
prokka_CHQ_2/CHQ_2:Prokka:CHQ_2_01292 (length 221)
prokka_CHQ_2/CHQ_2:Prokka:CHQ_2_01293 (length 449)
prokka_CHQ_2/CHQ_2:Prokka:CHQ_2_01294 (length 261)
prokka_CHQ_2/CHQ_2:Prokka:CHQ_2_01295 (length 893)
prokka_CHQ_2/CHQ_2:Prokka:CHQ_2_01296 (length 233)
prokka_CHQ_2/CHQ_2:Prokka:CHQ_2_01297 (length 274)
prokka_CHQ_2/CHQ_2:Prokka:CHQ_2_01298 (length 162)
prokka_CHQ_2/CHQ_2:Prokka:CHQ_2_01299 (length 490)
prokka_CHQ_2/CHQ_2:Prokka:CHQ_2_01300 (length 61)
prokka_CHQ_2/CHQ_2:Prokka:CHQ_2_01301 (length 195)
prokka_CHQ_2/CHQ_2:Prokka:CHQ_2_01302 (length 403)
prokka_CHQ_2/CHQ_2:Prokka:CHQ_2_01303 (length 80)
prokka_CHQ_2/CHQ_2:Prokka:CHQ_2_01304 (length 673)
prokka_CHQ_2/CHQ_2:Prokka:CHQ_2_01305 (length 317)
prokka_CHQ_2/CHQ_2:Prokka:CHQ_2_01306 (length 248)
prokka_CHQ_2/CHQ_2:Prokka:CHQ_2_01307 (length 339)
prokka_CHQ_2/CHQ_2:Prokka:CHQ_2_01308 (length 165)
prokka_CHQ_2/CHQ_2:Prokka:CHQ_2_01309 (length 209)
prokka_CHQ_2/CHQ_2:Prokka:CHQ_2_01310 (length 440)
prokka_CHQ_2/CHQ_2:Prokka:CHQ_2_01311 (length 216)
prokka_CHQ_2/CHQ_2:Prokka:CHQ_2_01312 (length 192)
prokka_CHQ_2/CHQ_2:Prokka:CHQ_2_01313 (length 151)
prokka_CHQ_2/CHQ_2:Prokka:CHQ_2_01314 (length 162)
prokka_CHQ_2/CHQ_2:Prokka:CHQ_2_01315 (length 159)
prokka_CHQ_2/CHQ_2:Prokka:CHQ_2_01316 (length 317)
prokka_CHQ_2/CHQ_2:Prokka:CHQ_2_01317 (length 510)
prokka_CHQ_2/CHQ_2:Prokka:CHQ_2_01318 (length 94)
prokka_CHQ_2/CHQ_2:Prokka:CHQ_2_01319 (length 111)
prokka_CHQ_2/CHQ_2:Prokka:CHQ_2_01320 (length 104)
prokka_CHQ_2/CHQ_2:Prokka:CHQ_2_01321 (length 391)
prokka_CHQ_2/CHQ_2:Prokka:CHQ_2_01322 (length 135)
prokka_CHQ_2/CHQ_2:Prokka:CHQ_2_01323 (length 453)
prokka_CHQ_2/CHQ_2:Prokka:CHQ_2_01324 (length 271)
prokka_CHQ_2/CHQ_2:Prokka:CHQ_2_01325 (length 121)
prokka_CHQ_2/CHQ_2:Prokka:CHQ_2_01326 (length 257)
prokka_CHQ_2/CHQ_2:Prokka:CHQ_2_01327 (length 230)
prokka_CHQ_2/CHQ_2:Prokka:CHQ_2_01328 (length 218)
prokka_CHQ_2/CHQ_2:Prokka:CHQ_2_01329 (length 222)
prokka_CHQ_2/CHQ_2:Prokka:CHQ_2_01330 (length 220)
prokka_CHQ_2/CHQ_2:Prokka:CHQ_2_01331 (length 340)
prokka_CHQ_2/CHQ_2:Prokka:CHQ_2_01332 (length 91)
prokka_CHQ_2/CHQ_2:Prokka:CHQ_2_01333 (length 488)
prokka_CHQ_2/CHQ_2:Prokka:CHQ_2_01334 (length 146)
prokka_CHQ_2/CHQ_2:Prokka:CHQ_2_01335 (length 63)
prokka_CHQ_2/CHQ_2:Prokka:CHQ_2_01336 (length 214)
prokka_CHQ_2/CHQ_2:Prokka:CHQ_2_11 (length 14377)
prokka_CHQ_2/CHQ_2:Prokka:CHQ_2_01337 (length 130)
prokka_CHQ_2/CHQ_2:Prokka:CHQ_2_01338 (length 148)
prokka_CHQ_2/CHQ_2:Prokka:CHQ_2_01339 (length 356)
prokka_CHQ_2/CHQ_2:Prokka:CHQ_2_01340 (length 223)
prokka_CHQ_2/CHQ_2:Prokka:CHQ_2_01341 (length 292)
prokka_CHQ_2/CHQ_2:Prokka:CHQ_2_01342 (length 208)
prokka_CHQ_2/CHQ_2:Prokka:CHQ_2_01343 (length 271)
prokka_CHQ_2/CHQ_2:Prokka:CHQ_2_01344 (length 709)
prokka_CHQ_2/CHQ_2:Prokka:CHQ_2_01345 (length 155)
prokka_CHQ_2/CHQ_2:Prokka:CHQ_2_01346 (length 137)
prokka_CHQ_2/CHQ_2:Prokka:CHQ_2_01347 (length 435)
prokka_CHQ_2/CHQ_2:Prokka:CHQ_2_01348 (length 295)
prokka_CHQ_2/CHQ_2:Prokka:CHQ_2_01349 (length 196)
prokka_CHQ_2/CHQ_2:Prokka:CHQ_2_01350 (length 313)
prokka_CHQ_2/CHQ_2:Prokka:CHQ_2_12 (length 4404)
prokka_CHQ_2/CHQ_2:Prokka:CHQ_2_01354 (length 488)
prokka_CHQ_2/CHQ_2:Prokka:CHQ_2_01355 (length 76)
prokka_CHQ_2/CHQ_2:Prokka:CHQ_2_01356 (length 95)
prokka_CHQ_2/CHQ_2:Prokka:CHQ_2_01357 (length 63)
prokka_CHQ_2/CHQ_2:Prokka:CHQ_2_01358 (length 365)
prokka_CHQ_2/CHQ_2:Prokka:CHQ_2_01359 (length 176)
prokka_CHQ_2/CHQ_2:Prokka:CHQ_2_13 (length 277461)
prokka_CHQ_2/CHQ_2:Prokka:CHQ_2_01360 (length 409)
prokka_CHQ_2/CHQ_2:Prokka:CHQ_2_01361 (length 157)
prokka_CHQ_2/CHQ_2:Prokka:CHQ_2_01362 (length 334)
prokka_CHQ_2/CHQ_2:Prokka:CHQ_2_01363 (length 491)
prokka_CHQ_2/CHQ_2:Prokka:CHQ_2_01364 (length 472)
prokka_CHQ_2/CHQ_2:Prokka:CHQ_2_01365 (length 472)
prokka_CHQ_2/CHQ_2:Prokka:CHQ_2_01366 (length 496)
prokka_CHQ_2/CHQ_2:Prokka:CHQ_2_01367 (length 285)
prokka_CHQ_2/CHQ_2:Prokka:CHQ_2_01368 (length 323)
prokka_CHQ_2/CHQ_2:Prokka:CHQ_2_01369 (length 215)
prokka_CHQ_2/CHQ_2:Prokka:CHQ_2_01370 (length 890)
prokka_CHQ_2/CHQ_2:Prokka:CHQ_2_01371 (length 367)
prokka_CHQ_2/CHQ_2:Prokka:CHQ_2_01372 (length 104)
prokka_CHQ_2/CHQ_2:Prokka:CHQ_2_01373 (length 151)
prokka_CHQ_2/CHQ_2:Prokka:CHQ_2_01374 (length 637)
prokka_CHQ_2/CHQ_2:Prokka:CHQ_2_01375 (length 331)
prokka_CHQ_2/CHQ_2:Prokka:CHQ_2_01376 (length 104)
prokka_CHQ_2/CHQ_2:Prokka:CHQ_2_01377 (length 426)
prokka_CHQ_2/CHQ_2:Prokka:CHQ_2_01378 (length 367)
prokka_CHQ_2/CHQ_2:Prokka:CHQ_2_01379 (length 669)
prokka_CHQ_2/CHQ_2:Prokka:CHQ_2_01380 (length 113)
prokka_CHQ_2/CHQ_2:Prokka:CHQ_2_01381 (length 83)
prokka_CHQ_2/CHQ_2:Prokka:CHQ_2_01382 (length 174)
prokka_CHQ_2/CHQ_2:Prokka:CHQ_2_01383 (length 138)
prokka_CHQ_2/CHQ_2:Prokka:CHQ_2_01384 (length 370)
prokka_CHQ_2/CHQ_2:Prokka:CHQ_2_01385 (length 451)
prokka_CHQ_2/CHQ_2:Prokka:CHQ_2_01386 (length 280)
prokka_CHQ_2/CHQ_2:Prokka:CHQ_2_01387 (length 271)
prokka_CHQ_2/CHQ_2:Prokka:CHQ_2_01388 (length 560)
prokka_CHQ_2/CHQ_2:Prokka:CHQ_2_01389 (length 391)
prokka_CHQ_2/CHQ_2:Prokka:CHQ_2_01390 (length 193)
prokka_CHQ_2/CHQ_2:Prokka:CHQ_2_01391 (length 426)
prokka_CHQ_2/CHQ_2:Prokka:CHQ_2_01392 (length 307)
prokka_CHQ_2/CHQ_2:Prokka:CHQ_2_01393 (length 322)
prokka_CHQ_2/CHQ_2:Prokka:CHQ_2_01394 (length 462)
prokka_CHQ_2/CHQ_2:Prokka:CHQ_2_01395 (length 114)
prokka_CHQ_2/CHQ_2:Prokka:CHQ_2_01396 (length 503)
prokka_CHQ_2/CHQ_2:Prokka:CHQ_2_01397 (length 450)
prokka_CHQ_2/CHQ_2:Prokka:CHQ_2_01398 (length 288)
prokka_CHQ_2/CHQ_2:Prokka:CHQ_2_01399 (length 158)
prokka_CHQ_2/CHQ_2:Prokka:CHQ_2_01400 (length 222)
prokka_CHQ_2/CHQ_2:Prokka:CHQ_2_01401 (length 654)
prokka_CHQ_2/CHQ_2:Prokka:CHQ_2_01402 (length 150)
prokka_CHQ_2/CHQ_2:Prokka:CHQ_2_01403 (length 455)
prokka_CHQ_2/CHQ_2:Prokka:CHQ_2_01404 (length 85)
prokka_CHQ_2/CHQ_2:Prokka:CHQ_2_01405 (length 257)
prokka_CHQ_2/CHQ_2:Prokka:CHQ_2_01406 (length 217)
prokka_CHQ_2/CHQ_2:Prokka:CHQ_2_01407 (length 148)
prokka_CHQ_2/CHQ_2:Prokka:CHQ_2_01408 (length 391)
prokka_CHQ_2/CHQ_2:Prokka:CHQ_2_01409 (length 293)
prokka_CHQ_2/CHQ_2:Prokka:CHQ_2_01410 (length 240)
prokka_CHQ_2/CHQ_2:Prokka:CHQ_2_01411 (length 208)
prokka_CHQ_2/CHQ_2:Prokka:CHQ_2_01412 (length 436)
prokka_CHQ_2/CHQ_2:Prokka:CHQ_2_01413 (length 282)
prokka_CHQ_2/CHQ_2:Prokka:CHQ_2_01414 (length 1180)
prokka_CHQ_2/CHQ_2:Prokka:CHQ_2_01415 (length 614)
prokka_CHQ_2/CHQ_2:Prokka:CHQ_2_01416 (length 431)
prokka_CHQ_2/CHQ_2:Prokka:CHQ_2_01417 (length 132)
prokka_CHQ_2/CHQ_2:Prokka:CHQ_2_01418 (length 102)
prokka_CHQ_2/CHQ_2:Prokka:CHQ_2_01419 (length 232)
prokka_CHQ_2/CHQ_2:Prokka:CHQ_2_01420 (length 134)
prokka_CHQ_2/CHQ_2:Prokka:CHQ_2_01421 (length 157)
prokka_CHQ_2/CHQ_2:Prokka:CHQ_2_01422 (length 382)
prokka_CHQ_2/CHQ_2:Prokka:CHQ_2_01423 (length 108)
prokka_CHQ_2/CHQ_2:Prokka:CHQ_2_01424 (length 101)
prokka_CHQ_2/CHQ_2:Prokka:CHQ_2_01425 (length 944)
prokka_CHQ_2/CHQ_2:Prokka:CHQ_2_01426 (length 119)
prokka_CHQ_2/CHQ_2:Prokka:CHQ_2_01427 (length 315)
prokka_CHQ_2/CHQ_2:Prokka:CHQ_2_01428 (length 146)
prokka_CHQ_2/CHQ_2:Prokka:CHQ_2_01429 (length 325)
prokka_CHQ_2/CHQ_2:Prokka:CHQ_2_01430 (length 73)
prokka_CHQ_2/CHQ_2:Prokka:CHQ_2_01431 (length 308)
prokka_CHQ_2/CHQ_2:Prokka:CHQ_2_01432 (length 243)
prokka_CHQ_2/CHQ_2:Prokka:CHQ_2_01433 (length 409)
prokka_CHQ_2/CHQ_2:Prokka:CHQ_2_01434 (length 155)
prokka_CHQ_2/CHQ_2:Prokka:CHQ_2_01435 (length 144)
prokka_CHQ_2/CHQ_2:Prokka:CHQ_2_01436 (length 455)
prokka_CHQ_2/CHQ_2:Prokka:CHQ_2_01437 (length 288)
prokka_CHQ_2/CHQ_2:Prokka:CHQ_2_01438 (length 264)
prokka_CHQ_2/CHQ_2:Prokka:CHQ_2_01439 (length 380)
prokka_CHQ_2/CHQ_2:Prokka:CHQ_2_01440 (length 306)
prokka_CHQ_2/CHQ_2:Prokka:CHQ_2_01441 (length 79)
prokka_CHQ_2/CHQ_2:Prokka:CHQ_2_01442 (length 100)
prokka_CHQ_2/CHQ_2:Prokka:CHQ_2_01443 (length 102)
prokka_CHQ_2/CHQ_2:Prokka:CHQ_2_01444 (length 547)
prokka_CHQ_2/CHQ_2:Prokka:CHQ_2_01445 (length 84)
prokka_CHQ_2/CHQ_2:Prokka:CHQ_2_01446 (length 116)
prokka_CHQ_2/CHQ_2:Prokka:CHQ_2_01447 (length 247)
prokka_CHQ_2/CHQ_2:Prokka:CHQ_2_01448 (length 185)
prokka_CHQ_2/CHQ_2:Prokka:CHQ_2_01449 (length 285)
prokka_CHQ_2/CHQ_2:Prokka:CHQ_2_01450 (length 662)
prokka_CHQ_2/CHQ_2:Prokka:CHQ_2_01451 (length 79)
prokka_CHQ_2/CHQ_2:Prokka:CHQ_2_01452 (length 243)
prokka_CHQ_2/CHQ_2:Prokka:CHQ_2_01453 (length 169)
prokka_CHQ_2/CHQ_2:Prokka:CHQ_2_01454 (length 210)
prokka_CHQ_2/CHQ_2:Prokka:CHQ_2_01455 (length 340)
prokka_CHQ_2/CHQ_2:Prokka:CHQ_2_01456 (length 396)
prokka_CHQ_2/CHQ_2:Prokka:CHQ_2_01457 (length 377)
prokka_CHQ_2/CHQ_2:Prokka:CHQ_2_01458 (length 283)
prokka_CHQ_2/CHQ_2:Prokka:CHQ_2_01459 (length 333)
prokka_CHQ_2/CHQ_2:Prokka:CHQ_2_01460 (length 231)
prokka_CHQ_2/CHQ_2:Prokka:CHQ_2_01461 (length 1174)
prokka_CHQ_2/CHQ_2:Prokka:CHQ_2_01462 (length 722)
prokka_CHQ_2/CHQ_2:Prokka:CHQ_2_01463 (length 136)
prokka_CHQ_2/CHQ_2:Prokka:CHQ_2_01464 (length 372)
prokka_CHQ_2/CHQ_2:Prokka:CHQ_2_01465 (length 253)
prokka_CHQ_2/CHQ_2:Prokka:CHQ_2_01466 (length 446)
prokka_CHQ_2/CHQ_2:Prokka:CHQ_2_01467 (length 269)
prokka_CHQ_2/CHQ_2:Prokka:CHQ_2_01468 (length 183)
prokka_CHQ_2/CHQ_2:Prokka:CHQ_2_01469 (length 459)
prokka_CHQ_2/CHQ_2:Prokka:CHQ_2_01470 (length 324)
prokka_CHQ_2/CHQ_2:Prokka:CHQ_2_01471 (length 223)
prokka_CHQ_2/CHQ_2:Prokka:CHQ_2_01472 (length 829)
prokka_CHQ_2/CHQ_2:Prokka:CHQ_2_01473 (length 251)
prokka_CHQ_2/CHQ_2:Prokka:CHQ_2_01474 (length 472)
prokka_CHQ_2/CHQ_2:Prokka:CHQ_2_01475 (length 453)
prokka_CHQ_2/CHQ_2:Prokka:CHQ_2_01476 (length 267)
prokka_CHQ_2/CHQ_2:Prokka:CHQ_2_01477 (length 120)
prokka_CHQ_2/CHQ_2:Prokka:CHQ_2_01478 (length 419)
prokka_CHQ_2/CHQ_2:Prokka:CHQ_2_01479 (length 667)
prokka_CHQ_2/CHQ_2:Prokka:CHQ_2_01480 (length 223)
prokka_CHQ_2/CHQ_2:Prokka:CHQ_2_01481 (length 287)
prokka_CHQ_2/CHQ_2:Prokka:CHQ_2_01482 (length 151)
prokka_CHQ_2/CHQ_2:Prokka:CHQ_2_01483 (length 66)
prokka_CHQ_2/CHQ_2:Prokka:CHQ_2_01484 (length 720)
prokka_CHQ_2/CHQ_2:Prokka:CHQ_2_01485 (length 47)
prokka_CHQ_2/CHQ_2:Prokka:CHQ_2_01486 (length 883)
prokka_CHQ_2/CHQ_2:Prokka:CHQ_2_01487 (length 261)
prokka_CHQ_2/CHQ_2:Prokka:CHQ_2_01488 (length 384)
prokka_CHQ_2/CHQ_2:Prokka:CHQ_2_01489 (length 408)
prokka_CHQ_2/CHQ_2:Prokka:CHQ_2_01490 (length 343)
prokka_CHQ_2/CHQ_2:Prokka:CHQ_2_01491 (length 219)
prokka_CHQ_2/CHQ_2:Prokka:CHQ_2_01492 (length 383)
prokka_CHQ_2/CHQ_2:Prokka:CHQ_2_01493 (length 238)
prokka_CHQ_2/CHQ_2:Prokka:CHQ_2_01494 (length 237)
prokka_CHQ_2/CHQ_2:Prokka:CHQ_2_01495 (length 692)
prokka_CHQ_2/CHQ_2:Prokka:CHQ_2_01496 (length 387)
prokka_CHQ_2/CHQ_2:Prokka:CHQ_2_01497 (length 472)
prokka_CHQ_2/CHQ_2:Prokka:CHQ_2_01498 (length 119)
prokka_CHQ_2/CHQ_2:Prokka:CHQ_2_01499 (length 367)
prokka_CHQ_2/CHQ_2:Prokka:CHQ_2_01500 (length 142)
prokka_CHQ_2/CHQ_2:Prokka:CHQ_2_01501 (length 435)
prokka_CHQ_2/CHQ_2:Prokka:CHQ_2_01502 (length 305)
prokka_CHQ_2/CHQ_2:Prokka:CHQ_2_01503 (length 500)
prokka_CHQ_2/CHQ_2:Prokka:CHQ_2_01504 (length 792)
prokka_CHQ_2/CHQ_2:Prokka:CHQ_2_01505 (length 184)
prokka_CHQ_2/CHQ_2:Prokka:CHQ_2_01506 (length 138)
prokka_CHQ_2/CHQ_2:Prokka:CHQ_2_01507 (length 163)
prokka_CHQ_2/CHQ_2:Prokka:CHQ_2_01508 (length 125)
prokka_CHQ_2/CHQ_2:Prokka:CHQ_2_01509 (length 179)
prokka_CHQ_2/CHQ_2:Prokka:CHQ_2_01510 (length 698)
prokka_CHQ_2/CHQ_2:Prokka:CHQ_2_01511 (length 1034)
prokka_CHQ_2/CHQ_2:Prokka:CHQ_2_01512 (length 294)
prokka_CHQ_2/CHQ_2:Prokka:CHQ_2_01513 (length 417)
prokka_CHQ_2/CHQ_2:Prokka:CHQ_2_01514 (length 79)
prokka_CHQ_2/CHQ_2:Prokka:CHQ_2_01515 (length 385)
prokka_CHQ_2/CHQ_2:Prokka:CHQ_2_01516 (length 285)
prokka_CHQ_2/CHQ_2:Prokka:CHQ_2_01517 (length 268)
prokka_CHQ_2/CHQ_2:Prokka:CHQ_2_01518 (length 148)
prokka_CHQ_2/CHQ_2:Prokka:CHQ_2_01519 (length 555)
prokka_CHQ_2/CHQ_2:Prokka:CHQ_2_01520 (length 188)
prokka_CHQ_2/CHQ_2:Prokka:CHQ_2_01521 (length 173)
prokka_CHQ_2/CHQ_2:Prokka:CHQ_2_01522 (length 312)
prokka_CHQ_2/CHQ_2:Prokka:CHQ_2_01523 (length 317)
prokka_CHQ_2/CHQ_2:Prokka:CHQ_2_01524 (length 126)
prokka_CHQ_2/CHQ_2:Prokka:CHQ_2_01525 (length 763)
prokka_CHQ_2/CHQ_2:Prokka:CHQ_2_01526 (length 329)
prokka_CHQ_2/CHQ_2:Prokka:CHQ_2_01527 (length 92)
prokka_CHQ_2/CHQ_2:Prokka:CHQ_2_01528 (length 506)
prokka_CHQ_2/CHQ_2:Prokka:CHQ_2_01529 (length 220)
prokka_CHQ_2/CHQ_2:Prokka:CHQ_2_01530 (length 291)
prokka_CHQ_2/CHQ_2:Prokka:CHQ_2_01531 (length 224)
prokka_CHQ_2/CHQ_2:Prokka:CHQ_2_01532 (length 114)
prokka_CHQ_2/CHQ_2:Prokka:CHQ_2_01533 (length 169)
prokka_CHQ_2/CHQ_2:Prokka:CHQ_2_01534 (length 442)
prokka_CHQ_2/CHQ_2:Prokka:CHQ_2_01535 (length 178)
prokka_CHQ_2/CHQ_2:Prokka:CHQ_2_01536 (length 243)
prokka_CHQ_2/CHQ_2:Prokka:CHQ_2_01537 (length 51)
prokka_CHQ_2/CHQ_2:Prokka:CHQ_2_01538 (length 141)
prokka_CHQ_2/CHQ_2:Prokka:CHQ_2_01539 (length 115)
prokka_CHQ_2/CHQ_2:Prokka:CHQ_2_01540 (length 177)
prokka_CHQ_2/CHQ_2:Prokka:CHQ_2_01541 (length 799)
prokka_CHQ_2/CHQ_2:Prokka:CHQ_2_01542 (length 110)
prokka_CHQ_2/CHQ_2:Prokka:CHQ_2_01543 (length 259)
prokka_CHQ_2/CHQ_2:Prokka:CHQ_2_01544 (length 254)
prokka_CHQ_2/CHQ_2:Prokka:CHQ_2_01545 (length 330)
prokka_CHQ_2/CHQ_2:Prokka:CHQ_2_01546 (length 328)
prokka_CHQ_2/CHQ_2:Prokka:CHQ_2_01547 (length 317)
prokka_CHQ_2/CHQ_2:Prokka:CHQ_2_01548 (length 191)
prokka_CHQ_2/CHQ_2:Prokka:CHQ_2_01549 (length 439)
prokka_CHQ_2/CHQ_2:Prokka:CHQ_2_01550 (length 277)
prokka_CHQ_2/CHQ_2:Prokka:CHQ_2_01551 (length 55)
prokka_CHQ_2/CHQ_2:Prokka:CHQ_2_01552 (length 399)
prokka_CHQ_2/CHQ_2:Prokka:CHQ_2_01553 (length 432)
prokka_CHQ_2/CHQ_2:Prokka:CHQ_2_01554 (length 89)
prokka_CHQ_2/CHQ_2:Prokka:CHQ_2_01555 (length 209)
prokka_CHQ_2/CHQ_2:Prokka:CHQ_2_01556 (length 332)
prokka_CHQ_2/CHQ_2:Prokka:CHQ_2_01557 (length 209)
prokka_CHQ_2/CHQ_2:Prokka:CHQ_2_01558 (length 268)
prokka_CHQ_2/CHQ_2:Prokka:CHQ_2_01559 (length 196)
prokka_CHQ_2/CHQ_2:Prokka:CHQ_2_01560 (length 143)
prokka_CHQ_2/CHQ_2:Prokka:CHQ_2_01561 (length 201)
prokka_CHQ_2/CHQ_2:Prokka:CHQ_2_01562 (length 414)
prokka_CHQ_2/CHQ_2:Prokka:CHQ_2_01563 (length 356)
prokka_CHQ_2/CHQ_2:Prokka:CHQ_2_01564 (length 253)
prokka_CHQ_2/CHQ_2:Prokka:CHQ_2_01565 (length 53)
prokka_CHQ_2/CHQ_2:Prokka:CHQ_2_01566 (length 32)
prokka_CHQ_2/CHQ_2:Prokka:CHQ_2_01567 (length 513)
prokka_CHQ_2/CHQ_2:Prokka:CHQ_2_01568 (length 540)
prokka_CHQ_2/CHQ_2:Prokka:CHQ_2_01569 (length 425)
prokka_CHQ_2/CHQ_2:Prokka:CHQ_2_01570 (length 310)
prokka_CHQ_2/CHQ_2:Prokka:CHQ_2_01571 (length 363)
prokka_CHQ_2/CHQ_2:Prokka:CHQ_2_01572 (length 226)
prokka_CHQ_2/CHQ_2:Prokka:CHQ_2_01573 (length 651)
prokka_CHQ_2/CHQ_2:Prokka:CHQ_2_01574 (length 62)
prokka_CHQ_2/CHQ_2:Prokka:CHQ_2_01575 (length 245)
prokka_CHQ_2/CHQ_2:Prokka:CHQ_2_01576 (length 126)
prokka_CHQ_2/CHQ_2:Prokka:CHQ_2_01577 (length 154)
prokka_CHQ_2/CHQ_2:Prokka:CHQ_2_01578 (length 514)
prokka_CHQ_2/CHQ_2:Prokka:CHQ_2_01579 (length 239)
prokka_CHQ_2/CHQ_2:Prokka:CHQ_2_01580 (length 302)
prokka_CHQ_2/CHQ_2:Prokka:CHQ_2_01581 (length 476)
prokka_CHQ_2/CHQ_2:Prokka:CHQ_2_01582 (length 268)
prokka_CHQ_2/CHQ_2:Prokka:CHQ_2_01583 (length 492)
prokka_CHQ_2/CHQ_2:Prokka:CHQ_2_01584 (length 735)
prokka_CHQ_2/CHQ_2:Prokka:CHQ_2_01585 (length 342)
prokka_CHQ_2/CHQ_2:Prokka:CHQ_2_01586 (length 445)
prokka_CHQ_2/CHQ_2:Prokka:CHQ_2_01587 (length 995)
prokka_CHQ_2/CHQ_2:Prokka:CHQ_2_01588 (length 389)
prokka_CHQ_2/CHQ_2:Prokka:CHQ_2_01589 (length 347)
prokka_CHQ_2/CHQ_2:Prokka:CHQ_2_01590 (length 46)
prokka_CHQ_2/CHQ_2:Prokka:CHQ_2_01591 (length 178)
prokka_CHQ_2/CHQ_2:Prokka:CHQ_2_01592 (length 376)
prokka_CHQ_2/CHQ_2:Prokka:CHQ_2_01593 (length 426)
prokka_CHQ_2/CHQ_2:Prokka:CHQ_2_01594 (length 335)
prokka_CHQ_2/CHQ_2:Prokka:CHQ_2_01595 (length 392)
prokka_CHQ_2/CHQ_2:Prokka:CHQ_2_01596 (length 124)
prokka_CHQ_2/CHQ_2:Prokka:CHQ_2_01597 (length 143)
prokka_CHQ_2/CHQ_2:Prokka:CHQ_2_01598 (length 395)
prokka_CHQ_2/CHQ_2:Prokka:CHQ_2_01599 (length 371)
prokka_CHQ_2/CHQ_2:Prokka:CHQ_2_01600 (length 306)
prokka_CHQ_2/CHQ_2:Prokka:CHQ_2_01601 (length 411)
prokka_CHQ_2/CHQ_2:Prokka:CHQ_2_01602 (length 78)
prokka_CHQ_2/CHQ_2:Prokka:CHQ_2_01603 (length 234)
prokka_CHQ_2/CHQ_2:Prokka:CHQ_2_01604 (length 377)
prokka_CHQ_2/CHQ_2:Prokka:CHQ_2_01605 (length 264)
prokka_CHQ_2/CHQ_2:Prokka:CHQ_2_01606 (length 144)
prokka_CHQ_2/CHQ_2:Prokka:CHQ_2_01607 (length 114)
prokka_CHQ_2/CHQ_2:Prokka:CHQ_2_01608 (length 76)
prokka_CHQ_2/CHQ_2:Prokka:CHQ_2_01609 (length 72)
prokka_CHQ_2/CHQ_2:Prokka:CHQ_2_01610 (length 236)
prokka_CHQ_2/CHQ_2:Prokka:CHQ_2_01611 (length 78)
prokka_CHQ_2/CHQ_2:Prokka:CHQ_2_01612 (length 65)
prokka_CHQ_2/CHQ_2:Prokka:CHQ_2_01613 (length 173)
prokka_CHQ_2/CHQ_2:Prokka:CHQ_2_01614 (length 78)
prokka_CHQ_2/CHQ_2:Prokka:CHQ_2_01615 (length 131)
prokka_CHQ_2/CHQ_2:Prokka:CHQ_2_01616 (length 234)
prokka_CHQ_2/CHQ_2:Prokka:CHQ_2_01617 (length 173)
prokka_CHQ_2/CHQ_2:Prokka:CHQ_2_01618 (length 243)
prokka_CHQ_2/CHQ_2:Prokka:CHQ_2_01619 (length 296)
prokka_CHQ_2/CHQ_2:Prokka:CHQ_2_01620 (length 54)
prokka_CHQ_2/CHQ_2:Prokka:CHQ_2_01621 (length 138)
prokka_CHQ_2/CHQ_2:Prokka:CHQ_2_01622 (length 91)
prokka_CHQ_2/CHQ_2:Prokka:CHQ_2_01623 (length 79)
prokka_CHQ_2/CHQ_2:Prokka:CHQ_2_14 (length 39840)
prokka_CHQ_2/CHQ_2:Prokka:CHQ_2_01624 (length 307)
prokka_CHQ_2/CHQ_2:Prokka:CHQ_2_01625 (length 269)
prokka_CHQ_2/CHQ_2:Prokka:CHQ_2_01626 (length 877)
prokka_CHQ_2/CHQ_2:Prokka:CHQ_2_01627 (length 243)
prokka_CHQ_2/CHQ_2:Prokka:CHQ_2_01628 (length 334)
prokka_CHQ_2/CHQ_2:Prokka:CHQ_2_01629 (length 74)
prokka_CHQ_2/CHQ_2:Prokka:CHQ_2_01630 (length 446)
prokka_CHQ_2/CHQ_2:Prokka:CHQ_2_01631 (length 332)
prokka_CHQ_2/CHQ_2:Prokka:CHQ_2_01632 (length 408)
prokka_CHQ_2/CHQ_2:Prokka:CHQ_2_01633 (length 159)
prokka_CHQ_2/CHQ_2:Prokka:CHQ_2_01634 (length 232)
prokka_CHQ_2/CHQ_2:Prokka:CHQ_2_01635 (length 110)
prokka_CHQ_2/CHQ_2:Prokka:CHQ_2_01636 (length 244)
prokka_CHQ_2/CHQ_2:Prokka:CHQ_2_01637 (length 267)
prokka_CHQ_2/CHQ_2:Prokka:CHQ_2_01638 (length 428)
prokka_CHQ_2/CHQ_2:Prokka:CHQ_2_01639 (length 616)
prokka_CHQ_2/CHQ_2:Prokka:CHQ_2_01640 (length 443)
prokka_CHQ_2/CHQ_2:Prokka:CHQ_2_01641 (length 178)
prokka_CHQ_2/CHQ_2:Prokka:CHQ_2_01642 (length 1658)
prokka_CHQ_2/CHQ_2:Prokka:CHQ_2_01643 (length 308)
prokka_CHQ_2/CHQ_2:Prokka:CHQ_2_01644 (length 339)
prokka_CHQ_2/CHQ_2:Prokka:CHQ_2_01645 (length 485)
prokka_CHQ_2/CHQ_2:Prokka:CHQ_2_01646 (length 178)
prokka_CHQ_2/CHQ_2:Prokka:CHQ_2_01647 (length 248)
prokka_CHQ_2/CHQ_2:Prokka:CHQ_2_01648 (length 66)
prokka_CHQ_2/CHQ_2:Prokka:CHQ_2_01649 (length 299)
prokka_CHQ_2/CHQ_2:Prokka:CHQ_2_01650 (length 67)
prokka_CHQ_2/CHQ_2:Prokka:CHQ_2_01651 (length 84)
prokka_CHQ_2/CHQ_2:Prokka:CHQ_2_01652 (length 81)
prokka_CHQ_2/CHQ_2:Prokka:CHQ_2_01653 (length 61)
prokka_CHQ_2/CHQ_2:Prokka:CHQ_2_01654 (length 241)
prokka_CHQ_2/CHQ_2:Prokka:CHQ_2_01655 (length 64)
prokka_CHQ_2/CHQ_2:Prokka:CHQ_2_01656 (length 42)
prokka_CHQ_2/CHQ_2:Prokka:CHQ_2_01657 (length 120)
prokka_CHQ_2/CHQ_2:Prokka:CHQ_2_01658 (length 88)
prokka_CHQ_2/CHQ_2:Prokka:CHQ_2_01659 (length 66)
prokka_CHQ_2/CHQ_2:Prokka:CHQ_2_01660 (length 78)
prokka_CHQ_2/CHQ_2:Prokka:CHQ_2_01661 (length 245)
prokka_CHQ_2/CHQ_2:Prokka:CHQ_2_01662 (length 351)
prokka_CHQ_2/CHQ_2:Prokka:CHQ_2_01663 (length 141)
prokka_CHQ_2/CHQ_2:Prokka:CHQ_2_01664 (length 303)
prokka_CHQ_2/CHQ_2:Prokka:CHQ_2_01665 (length 80)
prokka_CHQ_2/CHQ_2:Prokka:CHQ_2_01666 (length 136)
prokka_CHQ_2/CHQ_2:Prokka:CHQ_2_15 (length 35741)
prokka_CHQ_2/CHQ_2:Prokka:CHQ_2_01667 (length 269)
prokka_CHQ_2/CHQ_2:Prokka:CHQ_2_01668 (length 584)
prokka_CHQ_2/CHQ_2:Prokka:CHQ_2_01669 (length 513)
prokka_CHQ_2/CHQ_2:Prokka:CHQ_2_01670 (length 51)
prokka_CHQ_2/CHQ_2:Prokka:CHQ_2_01671 (length 140)
prokka_CHQ_2/CHQ_2:Prokka:CHQ_2_01672 (length 169)
prokka_CHQ_2/CHQ_2:Prokka:CHQ_2_01673 (length 114)
prokka_CHQ_2/CHQ_2:Prokka:CHQ_2_01674 (length 82)
prokka_CHQ_2/CHQ_2:Prokka:CHQ_2_01675 (length 218)
prokka_CHQ_2/CHQ_2:Prokka:CHQ_2_01676 (length 884)
prokka_CHQ_2/CHQ_2:Prokka:CHQ_2_01677 (length 110)
prokka_CHQ_2/CHQ_2:Prokka:CHQ_2_01678 (length 281)
prokka_CHQ_2/CHQ_2:Prokka:CHQ_2_01679 (length 168)
prokka_CHQ_2/CHQ_2:Prokka:CHQ_2_01680 (length 448)
prokka_CHQ_2/CHQ_2:Prokka:CHQ_2_01681 (length 368)
prokka_CHQ_2/CHQ_2:Prokka:CHQ_2_01682 (length 164)
prokka_CHQ_2/CHQ_2:Prokka:CHQ_2_01683 (length 408)
prokka_CHQ_2/CHQ_2:Prokka:CHQ_2_01684 (length 406)
prokka_CHQ_2/CHQ_2:Prokka:CHQ_2_01685 (length 179)
prokka_CHQ_2/CHQ_2:Prokka:CHQ_2_01686 (length 165)
prokka_CHQ_2/CHQ_2:Prokka:CHQ_2_01687 (length 342)
prokka_CHQ_2/CHQ_2:Prokka:CHQ_2_01688 (length 285)
prokka_CHQ_2/CHQ_2:Prokka:CHQ_2_01689 (length 230)
prokka_CHQ_2/CHQ_2:Prokka:CHQ_2_01690 (length 55)
prokka_CHQ_2/CHQ_2:Prokka:CHQ_2_01691 (length 328)
prokka_CHQ_2/CHQ_2:Prokka:CHQ_2_01692 (length 275)
prokka_CHQ_2/CHQ_2:Prokka:CHQ_2_01693 (length 69)
prokka_CHQ_2/CHQ_2:Prokka:CHQ_2_01694 (length 165)
prokka_CHQ_2/CHQ_2:Prokka:CHQ_2_01695 (length 35)
prokka_CHQ_2/CHQ_2:Prokka:CHQ_2_01696 (length 903)
prokka_CHQ_2/CHQ_2:Prokka:CHQ_2_01697 (length 341)
prokka_CHQ_2/CHQ_2:Prokka:CHQ_2_01698 (length 255)
prokka_CHQ_2/CHQ_2:Prokka:CHQ_2_01699 (length 342)
prokka_CHQ_2/CHQ_2:Prokka:CHQ_2_01700 (length 576)
prokka_CHQ_2/CHQ_2:Prokka:CHQ_2_01701 (length 163)
prokka_CHQ_2/CHQ_2:Prokka:CHQ_2_16 (length 3362)
prokka_CHQ_2/CHQ_2:Prokka:CHQ_2_01702 (length 208)
prokka_CHQ_2/CHQ_2:Prokka:CHQ_2_01703 (length 122)
prokka_CHQ_2/CHQ_2:Prokka:CHQ_2_01704 (length 265)
prokka_CHQ_2/CHQ_2:Prokka:CHQ_2_01705 (length 131)
prokka_CHQ_2/CHQ_2:Prokka:CHQ_2_01706 (length 199)
prokka_CHQ_2/CHQ_2:Prokka:CHQ_2_17 (length 128654)
prokka_CHQ_2/CHQ_2:Prokka:CHQ_2_01707 (length 471)
prokka_CHQ_2/CHQ_2:Prokka:CHQ_2_01708 (length 503)
prokka_CHQ_2/CHQ_2:Prokka:CHQ_2_01709 (length 302)
prokka_CHQ_2/CHQ_2:Prokka:CHQ_2_01710 (length 282)
prokka_CHQ_2/CHQ_2:Prokka:CHQ_2_01711 (length 102)
prokka_CHQ_2/CHQ_2:Prokka:CHQ_2_01712 (length 257)
prokka_CHQ_2/CHQ_2:Prokka:CHQ_2_01713 (length 81)
prokka_CHQ_2/CHQ_2:Prokka:CHQ_2_01714 (length 166)
prokka_CHQ_2/CHQ_2:Prokka:CHQ_2_01715 (length 97)
prokka_CHQ_2/CHQ_2:Prokka:CHQ_2_01716 (length 284)
prokka_CHQ_2/CHQ_2:Prokka:CHQ_2_01717 (length 37)
prokka_CHQ_2/CHQ_2:Prokka:CHQ_2_01718 (length 488)
prokka_CHQ_2/CHQ_2:Prokka:CHQ_2_01719 (length 552)
prokka_CHQ_2/CHQ_2:Prokka:CHQ_2_01720 (length 213)
prokka_CHQ_2/CHQ_2:Prokka:CHQ_2_01721 (length 162)
prokka_CHQ_2/CHQ_2:Prokka:CHQ_2_01722 (length 152)
prokka_CHQ_2/CHQ_2:Prokka:CHQ_2_01723 (length 148)
prokka_CHQ_2/CHQ_2:Prokka:CHQ_2_01724 (length 394)
prokka_CHQ_2/CHQ_2:Prokka:CHQ_2_01725 (length 63)
prokka_CHQ_2/CHQ_2:Prokka:CHQ_2_01726 (length 93)
prokka_CHQ_2/CHQ_2:Prokka:CHQ_2_01727 (length 107)
prokka_CHQ_2/CHQ_2:Prokka:CHQ_2_01728 (length 646)
prokka_CHQ_2/CHQ_2:Prokka:CHQ_2_01729 (length 314)
prokka_CHQ_2/CHQ_2:Prokka:CHQ_2_01730 (length 78)
prokka_CHQ_2/CHQ_2:Prokka:CHQ_2_01731 (length 67)
prokka_CHQ_2/CHQ_2:Prokka:CHQ_2_01732 (length 196)
prokka_CHQ_2/CHQ_2:Prokka:CHQ_2_01733 (length 158)
prokka_CHQ_2/CHQ_2:Prokka:CHQ_2_01734 (length 175)
prokka_CHQ_2/CHQ_2:Prokka:CHQ_2_01735 (length 278)
prokka_CHQ_2/CHQ_2:Prokka:CHQ_2_01736 (length 64)
prokka_CHQ_2/CHQ_2:Prokka:CHQ_2_01737 (length 335)
prokka_CHQ_2/CHQ_2:Prokka:CHQ_2_01738 (length 174)
prokka_CHQ_2/CHQ_2:Prokka:CHQ_2_01739 (length 64)
prokka_CHQ_2/CHQ_2:Prokka:CHQ_2_01740 (length 176)
prokka_CHQ_2/CHQ_2:Prokka:CHQ_2_01741 (length 93)
prokka_CHQ_2/CHQ_2:Prokka:CHQ_2_01742 (length 79)
prokka_CHQ_2/CHQ_2:Prokka:CHQ_2_01743 (length 87)
prokka_CHQ_2/CHQ_2:Prokka:CHQ_2_01744 (length 109)
prokka_CHQ_2/CHQ_2:Prokka:CHQ_2_01745 (length 264)
prokka_CHQ_2/CHQ_2:Prokka:CHQ_2_01746 (length 542)
prokka_CHQ_2/CHQ_2:Prokka:CHQ_2_01747 (length 44)
prokka_CHQ_2/CHQ_2:Prokka:CHQ_2_01748 (length 180)
prokka_CHQ_2/CHQ_2:Prokka:CHQ_2_01749 (length 103)
prokka_CHQ_2/CHQ_2:Prokka:CHQ_2_01750 (length 110)
prokka_CHQ_2/CHQ_2:Prokka:CHQ_2_01751 (length 119)
prokka_CHQ_2/CHQ_2:Prokka:CHQ_2_01752 (length 66)
prokka_CHQ_2/CHQ_2:Prokka:CHQ_2_01753 (length 446)
prokka_CHQ_2/CHQ_2:Prokka:CHQ_2_01754 (length 121)
prokka_CHQ_2/CHQ_2:Prokka:CHQ_2_01755 (length 145)
prokka_CHQ_2/CHQ_2:Prokka:CHQ_2_01756 (length 54)
prokka_CHQ_2/CHQ_2:Prokka:CHQ_2_01757 (length 205)
prokka_CHQ_2/CHQ_2:Prokka:CHQ_2_01758 (length 394)
prokka_CHQ_2/CHQ_2:Prokka:CHQ_2_01759 (length 96)
prokka_CHQ_2/CHQ_2:Prokka:CHQ_2_01760 (length 294)
prokka_CHQ_2/CHQ_2:Prokka:CHQ_2_01761 (length 333)
prokka_CHQ_2/CHQ_2:Prokka:CHQ_2_01762 (length 197)
prokka_CHQ_2/CHQ_2:Prokka:CHQ_2_01763 (length 695)
prokka_CHQ_2/CHQ_2:Prokka:CHQ_2_01764 (length 231)
prokka_CHQ_2/CHQ_2:Prokka:CHQ_2_01765 (length 840)
prokka_CHQ_2/CHQ_2:Prokka:CHQ_2_01766 (length 115)
prokka_CHQ_2/CHQ_2:Prokka:CHQ_2_01767 (length 293)
prokka_CHQ_2/CHQ_2:Prokka:CHQ_2_01768 (length 68)
prokka_CHQ_2/CHQ_2:Prokka:CHQ_2_01770 (length 125)
prokka_CHQ_2/CHQ_2:Prokka:CHQ_2_01771 (length 283)
prokka_CHQ_2/CHQ_2:Prokka:CHQ_2_01772 (length 59)
prokka_CHQ_2/CHQ_2:Prokka:CHQ_2_01773 (length 503)
prokka_CHQ_2/CHQ_2:Prokka:CHQ_2_01774 (length 175)
prokka_CHQ_2/CHQ_2:Prokka:CHQ_2_01775 (length 379)
prokka_CHQ_2/CHQ_2:Prokka:CHQ_2_01776 (length 247)
prokka_CHQ_2/CHQ_2:Prokka:CHQ_2_01777 (length 240)
prokka_CHQ_2/CHQ_2:Prokka:CHQ_2_01778 (length 408)
prokka_CHQ_2/CHQ_2:Prokka:CHQ_2_01779 (length 625)
prokka_CHQ_2/CHQ_2:Prokka:CHQ_2_01780 (length 457)
prokka_CHQ_2/CHQ_2:Prokka:CHQ_2_01781 (length 175)
prokka_CHQ_2/CHQ_2:Prokka:CHQ_2_01782 (length 291)
prokka_CHQ_2/CHQ_2:Prokka:CHQ_2_01783 (length 378)
prokka_CHQ_2/CHQ_2:Prokka:CHQ_2_01784 (length 81)
prokka_CHQ_2/CHQ_2:Prokka:CHQ_2_01785 (length 175)
prokka_CHQ_2/CHQ_2:Prokka:CHQ_2_01786 (length 143)
prokka_CHQ_2/CHQ_2:Prokka:CHQ_2_01787 (length 170)
prokka_CHQ_2/CHQ_2:Prokka:CHQ_2_01788 (length 240)
prokka_CHQ_2/CHQ_2:Prokka:CHQ_2_01789 (length 310)
prokka_CHQ_2/CHQ_2:Prokka:CHQ_2_01790 (length 316)
prokka_CHQ_2/CHQ_2:Prokka:CHQ_2_01791 (length 183)
prokka_CHQ_2/CHQ_2:Prokka:CHQ_2_01792 (length 62)
prokka_CHQ_2/CHQ_2:Prokka:CHQ_2_01793 (length 186)
prokka_CHQ_2/CHQ_2:Prokka:CHQ_2_01794 (length 80)
prokka_CHQ_2/CHQ_2:Prokka:CHQ_2_01795 (length 66)
prokka_CHQ_2/CHQ_2:Prokka:CHQ_2_01796 (length 66)
prokka_CHQ_2/CHQ_2:Prokka:CHQ_2_01797 (length 66)
prokka_CHQ_2/CHQ_2:Prokka:CHQ_2_01799 (length 122)
prokka_CHQ_2/CHQ_2:Prokka:CHQ_2_01800 (length 285)
prokka_CHQ_2/CHQ_2:Prokka:CHQ_2_01801 (length 242)
prokka_CHQ_2/CHQ_2:Prokka:CHQ_2_01802 (length 190)
prokka_CHQ_2/CHQ_2:Prokka:CHQ_2_01803 (length 55)
prokka_CHQ_2/CHQ_2:Prokka:CHQ_2_01804 (length 364)
prokka_CHQ_2/CHQ_2:Prokka:CHQ_2_01805 (length 199)
prokka_CHQ_2/CHQ_2:Prokka:CHQ_2_01806 (length 86)
prokka_CHQ_2/CHQ_2:Prokka:CHQ_2_01807 (length 117)
prokka_CHQ_2/CHQ_2:Prokka:CHQ_2_01808 (length 692)
prokka_CHQ_2/CHQ_2:Prokka:CHQ_2_01809 (length 186)
prokka_CHQ_2/CHQ_2:Prokka:CHQ_2_01810 (length 202)
prokka_CHQ_2/CHQ_2:Prokka:CHQ_2_01811 (length 97)
prokka_CHQ_2/CHQ_2:Prokka:CHQ_2_01812 (length 144)
prokka_CHQ_2/CHQ_2:Prokka:CHQ_2_01813 (length 144)
prokka_CHQ_2/CHQ_2:Prokka:CHQ_2_01814 (length 146)
prokka_CHQ_2/CHQ_2:Prokka:CHQ_2_01815 (length 224)
prokka_CHQ_2/CHQ_2:Prokka:CHQ_2_01816 (length 223)
prokka_CHQ_2/CHQ_2:Prokka:CHQ_2_01817 (length 406)
prokka_CHQ_2/CHQ_2:Prokka:CHQ_2_01818 (length 145)
prokka_CHQ_2/CHQ_2:Prokka:CHQ_2_01819 (length 67)
prokka_CHQ_2/CHQ_2:Prokka:CHQ_2_01820 (length 1436)
prokka_CHQ_2/CHQ_2:Prokka:CHQ_2_01821 (length 204)
prokka_CHQ_2/CHQ_2:Prokka:CHQ_2_01822 (length 273)
prokka_CHQ_2/CHQ_2:Prokka:CHQ_2_01823 (length 211)
prokka_CHQ_2/CHQ_2:Prokka:CHQ_2_01824 (length 455)
prokka_CHQ_2/CHQ_2:Prokka:CHQ_2_01825 (length 248)
prokka_CHQ_2/CHQ_2:Prokka:CHQ_2_01826 (length 666)
prokka_CHQ_2/CHQ_2:Prokka:CHQ_2_01827 (length 114)
prokka_CHQ_2/CHQ_2:Prokka:CHQ_2_01828 (length 336)
prokka_CHQ_2/CHQ_2:Prokka:CHQ_2_01829 (length 173)
prokka_CHQ_2/CHQ_2:Prokka:CHQ_2_01830 (length 897)
prokka_CHQ_2/CHQ_2:Prokka:CHQ_2_01831 (length 175)
prokka_CHQ_2/CHQ_2:Prokka:CHQ_2_01832 (length 339)
prokka_CHQ_2/CHQ_2:Prokka:CHQ_2_01833 (length 234)
prokka_CHQ_2/CHQ_2:Prokka:CHQ_2_01834 (length 151)
prokka_CHQ_2/CHQ_2:Prokka:CHQ_2_01835 (length 451)
prokka_CHQ_2/CHQ_2:Prokka:CHQ_2_01836 (length 88)
prokka_CHQ_2/CHQ_2:Prokka:CHQ_2_01837 (length 52)
prokka_CHQ_2/CHQ_2:Prokka:CHQ_2_01838 (length 218)
prokka_CHQ_2/CHQ_2:Prokka:CHQ_2_01839 (length 150)
prokka_CHQ_2/CHQ_2:Prokka:CHQ_2_01840 (length 52)
prokka_CHQ_2/CHQ_2:Prokka:CHQ_2_01841 (length 473)
prokka_CHQ_2/CHQ_2:Prokka:CHQ_2_01842 (length 715)
prokka_CHQ_2/CHQ_2:Prokka:CHQ_2_01843 (length 221)
prokka_CHQ_2/CHQ_2:Prokka:CHQ_2_01844 (length 147)
prokka_CHQ_2/CHQ_2:Prokka:CHQ_2_01845 (length 130)
prokka_CHQ_2/CHQ_2:Prokka:CHQ_2_01846 (length 306)
prokka_CHQ_2/CHQ_2:Prokka:CHQ_2_01847 (length 147)
prokka_CHQ_2/CHQ_2:Prokka:CHQ_2_01848 (length 61)
prokka_CHQ_2/CHQ_2:Prokka:CHQ_2_01849 (length 375)
prokka_CHQ_2/CHQ_2:Prokka:CHQ_2_18 (length 1173)
prokka_CHQ_2/CHQ_2:Prokka:CHQ_2_19 (length 18180)
prokka_CHQ_2/CHQ_2:Prokka:CHQ_2_01857 (length 79)
prokka_CHQ_2/CHQ_2:Prokka:CHQ_2_01858 (length 60)
prokka_CHQ_2/CHQ_2:Prokka:CHQ_2_01859 (length 107)
prokka_CHQ_2/CHQ_2:Prokka:CHQ_2_01860 (length 489)
prokka_CHQ_2/CHQ_2:Prokka:CHQ_2_01861 (length 443)
prokka_CHQ_2/CHQ_2:Prokka:CHQ_2_01862 (length 68)
prokka_CHQ_2/CHQ_2:Prokka:CHQ_2_01863 (length 789)
prokka_CHQ_2/CHQ_2:Prokka:CHQ_2_01864 (length 408)
prokka_CHQ_2/CHQ_2:Prokka:CHQ_2_01865 (length 527)
prokka_CHQ_2/CHQ_2:Prokka:CHQ_2_01866 (length 538)
prokka_CHQ_2/CHQ_2:Prokka:CHQ_2_01867 (length 265)
prokka_CHQ_2/CHQ_2:Prokka:CHQ_2_01868 (length 359)
prokka_CHQ_2/CHQ_2:Prokka:CHQ_2_01869 (length 356)
prokka_CHQ_2/CHQ_2:Prokka:CHQ_2_01870 (length 169)
prokka_CHQ_2/CHQ_2:Prokka:CHQ_2_01871 (length 338)
prokka_CHQ_2/CHQ_2:Prokka:CHQ_2_20 (length 75476)
prokka_CHQ_2/CHQ_2:Prokka:CHQ_2_01872 (length 198)
prokka_CHQ_2/CHQ_2:Prokka:CHQ_2_01873 (length 310)
prokka_CHQ_2/CHQ_2:Prokka:CHQ_2_01874 (length 270)
prokka_CHQ_2/CHQ_2:Prokka:CHQ_2_01875 (length 295)
prokka_CHQ_2/CHQ_2:Prokka:CHQ_2_01876 (length 264)
prokka_CHQ_2/CHQ_2:Prokka:CHQ_2_01877 (length 96)
prokka_CHQ_2/CHQ_2:Prokka:CHQ_2_01878 (length 134)
prokka_CHQ_2/CHQ_2:Prokka:CHQ_2_01879 (length 444)
prokka_CHQ_2/CHQ_2:Prokka:CHQ_2_01880 (length 512)
prokka_CHQ_2/CHQ_2:Prokka:CHQ_2_01881 (length 304)
prokka_CHQ_2/CHQ_2:Prokka:CHQ_2_01882 (length 97)
prokka_CHQ_2/CHQ_2:Prokka:CHQ_2_01883 (length 343)
prokka_CHQ_2/CHQ_2:Prokka:CHQ_2_01884 (length 311)
prokka_CHQ_2/CHQ_2:Prokka:CHQ_2_01885 (length 334)
prokka_CHQ_2/CHQ_2:Prokka:CHQ_2_01886 (length 379)
prokka_CHQ_2/CHQ_2:Prokka:CHQ_2_01887 (length 119)
prokka_CHQ_2/CHQ_2:Prokka:CHQ_2_01888 (length 715)
prokka_CHQ_2/CHQ_2:Prokka:CHQ_2_01889 (length 226)
prokka_CHQ_2/CHQ_2:Prokka:CHQ_2_01890 (length 336)
prokka_CHQ_2/CHQ_2:Prokka:CHQ_2_01891 (length 110)
prokka_CHQ_2/CHQ_2:Prokka:CHQ_2_01892 (length 184)
prokka_CHQ_2/CHQ_2:Prokka:CHQ_2_01893 (length 93)
prokka_CHQ_2/CHQ_2:Prokka:CHQ_2_01894 (length 726)
prokka_CHQ_2/CHQ_2:Prokka:CHQ_2_01895 (length 431)
prokka_CHQ_2/CHQ_2:Prokka:CHQ_2_01896 (length 377)
prokka_CHQ_2/CHQ_2:Prokka:CHQ_2_01897 (length 204)
prokka_CHQ_2/CHQ_2:Prokka:CHQ_2_01898 (length 205)
prokka_CHQ_2/CHQ_2:Prokka:CHQ_2_01899 (length 505)
prokka_CHQ_2/CHQ_2:Prokka:CHQ_2_01900 (length 128)
prokka_CHQ_2/CHQ_2:Prokka:CHQ_2_01901 (length 87)
prokka_CHQ_2/CHQ_2:Prokka:CHQ_2_01902 (length 542)
prokka_CHQ_2/CHQ_2:Prokka:CHQ_2_01903 (length 356)
prokka_CHQ_2/CHQ_2:Prokka:CHQ_2_01904 (length 382)
prokka_CHQ_2/CHQ_2:Prokka:CHQ_2_01905 (length 404)
prokka_CHQ_2/CHQ_2:Prokka:CHQ_2_01906 (length 85)
prokka_CHQ_2/CHQ_2:Prokka:CHQ_2_01907 (length 220)
prokka_CHQ_2/CHQ_2:Prokka:CHQ_2_01908 (length 605)
prokka_CHQ_2/CHQ_2:Prokka:CHQ_2_01909 (length 784)
prokka_CHQ_2/CHQ_2:Prokka:CHQ_2_01910 (length 119)
prokka_CHQ_2/CHQ_2:Prokka:CHQ_2_01911 (length 272)
prokka_CHQ_2/CHQ_2:Prokka:CHQ_2_01912 (length 88)
prokka_CHQ_2/CHQ_2:Prokka:CHQ_2_01913 (length 584)
prokka_CHQ_2/CHQ_2:Prokka:CHQ_2_01914 (length 243)
prokka_CHQ_2/CHQ_2:Prokka:CHQ_2_01915 (length 97)
prokka_CHQ_2/CHQ_2:Prokka:CHQ_2_01916 (length 949)
prokka_CHQ_2/CHQ_2:Prokka:CHQ_2_01917 (length 333)
prokka_CHQ_2/CHQ_2:Prokka:CHQ_2_01918 (length 58)
prokka_CHQ_2/CHQ_2:Prokka:CHQ_2_01919 (length 92)
prokka_CHQ_2/CHQ_2:Prokka:CHQ_2_01920 (length 75)
prokka_CHQ_2/CHQ_2:Prokka:CHQ_2_01921 (length 244)
prokka_CHQ_2/CHQ_2:Prokka:CHQ_2_01922 (length 386)
prokka_CHQ_2/CHQ_2:Prokka:CHQ_2_01923 (length 98)
prokka_CHQ_2/CHQ_2:Prokka:CHQ_2_01924 (length 88)
prokka_CHQ_2/CHQ_2:Prokka:CHQ_2_01925 (length 77)
prokka_CHQ_2/CHQ_2:Prokka:CHQ_2_01926 (length 252)
prokka_CHQ_2/CHQ_2:Prokka:CHQ_2_01927 (length 242)
prokka_CHQ_2/CHQ_2:Prokka:CHQ_2_01928 (length 386)
prokka_CHQ_2/CHQ_2:Prokka:CHQ_2_01929 (length 116)
prokka_CHQ_2/CHQ_2:Prokka:CHQ_2_01930 (length 488)
prokka_CHQ_2/CHQ_2:Prokka:CHQ_2_01931 (length 107)
prokka_CHQ_2/CHQ_2:Prokka:CHQ_2_01932 (length 110)
prokka_CHQ_2/CHQ_2:Prokka:CHQ_2_01933 (length 80)
prokka_CHQ_2/CHQ_2:Prokka:CHQ_2_01934 (length 714)
prokka_CHQ_2/CHQ_2:Prokka:CHQ_2_01935 (length 196)
prokka_CHQ_2/CHQ_2:Prokka:CHQ_2_01936 (length 54)
prokka_CHQ_2/CHQ_2:Prokka:CHQ_2_01937 (length 100)
prokka_CHQ_2/CHQ_2:Prokka:CHQ_2_01938 (length 84)
prokka_CHQ_2/CHQ_2:Prokka:CHQ_2_01939 (length 337)
prokka_CHQ_2/CHQ_2:Prokka:CHQ_2_01940 (length 301)
prokka_CHQ_2/CHQ_2:Prokka:CHQ_2_01941 (length 109)
prokka_CHQ_2/CHQ_2:Prokka:CHQ_2_01942 (length 225)
prokka_CHQ_2/CHQ_2:Prokka:CHQ_2_01943 (length 286)
prokka_CHQ_2/CHQ_2:Prokka:CHQ_2_01944 (length 339)
prokka_CHQ_2/CHQ_2:Prokka:CHQ_2_21 (length 12140)
prokka_CHQ_2/CHQ_2:Prokka:CHQ_2_01945 (length 205)
prokka_CHQ_2/CHQ_2:Prokka:CHQ_2_01946 (length 686)
prokka_CHQ_2/CHQ_2:Prokka:CHQ_2_01947 (length 91)
prokka_CHQ_2/CHQ_2:Prokka:CHQ_2_01948 (length 239)
prokka_CHQ_2/CHQ_2:Prokka:CHQ_2_01949 (length 185)
prokka_CHQ_2/CHQ_2:Prokka:CHQ_2_01950 (length 141)
prokka_CHQ_2/CHQ_2:Prokka:CHQ_2_01951 (length 301)
prokka_CHQ_2/CHQ_2:Prokka:CHQ_2_01952 (length 183)
prokka_CHQ_2/CHQ_2:Prokka:CHQ_2_01953 (length 170)
prokka_CHQ_2/CHQ_2:Prokka:CHQ_2_01954 (length 574)
prokka_CHQ_2/CHQ_2:Prokka:CHQ_2_01955 (length 618)
prokka_CHQ_2/CHQ_2:Prokka:CHQ_2_01956 (length 68)
prokka_CHQ_2/CHQ_2:Prokka:CHQ_2_01957 (length 63)
prokka_CHQ_2/CHQ_2:Prokka:CHQ_2_22 (length 20097)
prokka_CHQ_2/CHQ_2:Prokka:CHQ_2_01958 (length 204)
prokka_CHQ_2/CHQ_2:Prokka:CHQ_2_01959 (length 1272)
prokka_CHQ_2/CHQ_2:Prokka:CHQ_2_01960 (length 255)
prokka_CHQ_2/CHQ_2:Prokka:CHQ_2_01961 (length 176)
prokka_CHQ_2/CHQ_2:Prokka:CHQ_2_01962 (length 71)
prokka_CHQ_2/CHQ_2:Prokka:CHQ_2_01963 (length 101)
prokka_CHQ_2/CHQ_2:Prokka:CHQ_2_01964 (length 509)
prokka_CHQ_2/CHQ_2:Prokka:CHQ_2_01965 (length 139)
prokka_CHQ_2/CHQ_2:Prokka:CHQ_2_01966 (length 364)
prokka_CHQ_2/CHQ_2:Prokka:CHQ_2_01967 (length 146)
prokka_CHQ_2/CHQ_2:Prokka:CHQ_2_01968 (length 93)
prokka_CHQ_2/CHQ_2:Prokka:CHQ_2_01969 (length 164)
prokka_CHQ_2/CHQ_2:Prokka:CHQ_2_01970 (length 150)
prokka_CHQ_2/CHQ_2:Prokka:CHQ_2_01971 (length 788)
prokka_CHQ_2/CHQ_2:Prokka:CHQ_2_01972 (length 488)
prokka_CHQ_2/CHQ_2:Prokka:CHQ_2_23 (length 4634)
prokka_CHQ_2/CHQ_2:Prokka:CHQ_2_01973 (length 90)
prokka_CHQ_2/CHQ_2:Prokka:CHQ_2_01974 (length 217)
prokka_CHQ_2/CHQ_2:Prokka:CHQ_2_01975 (length 94)
prokka_CHQ_2/CHQ_2:Prokka:CHQ_2_01976 (length 352)
prokka_CHQ_2/CHQ_2:Prokka:CHQ_2_01977 (length 86)
prokka_CHQ_2/CHQ_2:Prokka:CHQ_2_01978 (length 111)
prokka_CHQ_2/CHQ_2:Prokka:CHQ_2_01979 (length 115)
prokka_CHQ_2/CHQ_2:Prokka:CHQ_2_01980 (length 180)
prokka_CHQ_2/CHQ_2:Prokka:CHQ_2_01981 (length 120)
prokka_CHQ_2/CHQ_2:Prokka:CHQ_2_24 (length 6280)
prokka_CHQ_2/CHQ_2:Prokka:CHQ_2_01982 (length 90)
prokka_CHQ_2/CHQ_2:Prokka:CHQ_2_01983 (length 91)
prokka_CHQ_2/CHQ_2:Prokka:CHQ_2_01984 (length 134)
prokka_CHQ_2/CHQ_2:Prokka:CHQ_2_01985 (length 112)
prokka_CHQ_2/CHQ_2:Prokka:CHQ_2_01986 (length 53)
prokka_CHQ_2/CHQ_2:Prokka:CHQ_2_01987 (length 199)
prokka_CHQ_2/CHQ_2:Prokka:CHQ_2_01988 (length 143)
prokka_CHQ_2/CHQ_2:Prokka:CHQ_2_01989 (length 163)
prokka_CHQ_2/CHQ_2:Prokka:CHQ_2_01990 (length 60)
prokka_CHQ_2/CHQ_2:Prokka:CHQ_2_01991 (length 101)
prokka_CHQ_2/CHQ_2:Prokka:CHQ_2_01992 (length 57)
prokka_CHQ_2/CHQ_2:Prokka:CHQ_2_01993 (length 87)
prokka_CHQ_2/CHQ_2:Prokka:CHQ_2_01994 (length 77)
prokka_CHQ_2/CHQ_2:Prokka:CHQ_2_01995 (length 71)
prokka_CHQ_2/CHQ_2:Prokka:CHQ_2_01996 (length 140)
prokka_CHQ_2/CHQ_2:Prokka:CHQ_2_01998 (length 150)
prokka_CHQ_2/CHQ_2:Prokka:CHQ_2_25 (length 4058)
prokka_CHQ_2/CHQ_2:Prokka:CHQ_2_01999 (length 183)
prokka_CHQ_2/CHQ_2:Prokka:CHQ_2_02000 (length 358)
prokka_CHQ_2/CHQ_2:Prokka:CHQ_2_02001 (length 71)
prokka_CHQ_2/CHQ_2:Prokka:CHQ_2_02002 (length 409)
prokka_CHQ_2/CHQ_2:Prokka:CHQ_2_26 (length 511058)
prokka_CHQ_2/CHQ_2:Prokka:CHQ_2_02003 (length 455)
prokka_CHQ_2/CHQ_2:Prokka:CHQ_2_02004 (length 380)
prokka_CHQ_2/CHQ_2:Prokka:CHQ_2_02005 (length 1099)
prokka_CHQ_2/CHQ_2:Prokka:CHQ_2_02006 (length 1203)
prokka_CHQ_2/CHQ_2:Prokka:CHQ_2_02007 (length 66)
prokka_CHQ_2/CHQ_2:Prokka:CHQ_2_02008 (length 185)
prokka_CHQ_2/CHQ_2:Prokka:CHQ_2_02009 (length 371)
prokka_CHQ_2/CHQ_2:Prokka:CHQ_2_02010 (length 123)
prokka_CHQ_2/CHQ_2:Prokka:CHQ_2_02011 (length 114)
prokka_CHQ_2/CHQ_2:Prokka:CHQ_2_02012 (length 175)
prokka_CHQ_2/CHQ_2:Prokka:CHQ_2_02013 (length 429)
prokka_CHQ_2/CHQ_2:Prokka:CHQ_2_02014 (length 211)
prokka_CHQ_2/CHQ_2:Prokka:CHQ_2_02015 (length 156)
prokka_CHQ_2/CHQ_2:Prokka:CHQ_2_02016 (length 188)
prokka_CHQ_2/CHQ_2:Prokka:CHQ_2_02017 (length 1161)
prokka_CHQ_2/CHQ_2:Prokka:CHQ_2_02018 (length 156)
prokka_CHQ_2/CHQ_2:Prokka:CHQ_2_02019 (length 89)
prokka_CHQ_2/CHQ_2:Prokka:CHQ_2_02020 (length 124)
prokka_CHQ_2/CHQ_2:Prokka:CHQ_2_02021 (length 107)
prokka_CHQ_2/CHQ_2:Prokka:CHQ_2_02022 (length 449)
prokka_CHQ_2/CHQ_2:Prokka:CHQ_2_02023 (length 423)
prokka_CHQ_2/CHQ_2:Prokka:CHQ_2_02024 (length 183)
prokka_CHQ_2/CHQ_2:Prokka:CHQ_2_02025 (length 695)
prokka_CHQ_2/CHQ_2:Prokka:CHQ_2_02034 (length 607)
prokka_CHQ_2/CHQ_2:Prokka:CHQ_2_02035 (length 645)
prokka_CHQ_2/CHQ_2:Prokka:CHQ_2_02036 (length 143)
prokka_CHQ_2/CHQ_2:Prokka:CHQ_2_02037 (length 385)
prokka_CHQ_2/CHQ_2:Prokka:CHQ_2_02038 (length 149)
prokka_CHQ_2/CHQ_2:Prokka:CHQ_2_02039 (length 80)
prokka_CHQ_2/CHQ_2:Prokka:CHQ_2_02040 (length 540)
prokka_CHQ_2/CHQ_2:Prokka:CHQ_2_02041 (length 173)
prokka_CHQ_2/CHQ_2:Prokka:CHQ_2_02043 (length 391)
prokka_CHQ_2/CHQ_2:Prokka:CHQ_2_02044 (length 251)
prokka_CHQ_2/CHQ_2:Prokka:CHQ_2_02045 (length 270)
prokka_CHQ_2/CHQ_2:Prokka:CHQ_2_02046 (length 420)
prokka_CHQ_2/CHQ_2:Prokka:CHQ_2_02047 (length 411)
prokka_CHQ_2/CHQ_2:Prokka:CHQ_2_02048 (length 472)
prokka_CHQ_2/CHQ_2:Prokka:CHQ_2_02049 (length 532)
prokka_CHQ_2/CHQ_2:Prokka:CHQ_2_02050 (length 326)
prokka_CHQ_2/CHQ_2:Prokka:CHQ_2_02051 (length 374)
prokka_CHQ_2/CHQ_2:Prokka:CHQ_2_02052 (length 333)
prokka_CHQ_2/CHQ_2:Prokka:CHQ_2_02053 (length 281)
prokka_CHQ_2/CHQ_2:Prokka:CHQ_2_02054 (length 216)
prokka_CHQ_2/CHQ_2:Prokka:CHQ_2_02055 (length 341)
prokka_CHQ_2/CHQ_2:Prokka:CHQ_2_02056 (length 145)
prokka_CHQ_2/CHQ_2:Prokka:CHQ_2_02057 (length 437)
prokka_CHQ_2/CHQ_2:Prokka:CHQ_2_02058 (length 116)
prokka_CHQ_2/CHQ_2:Prokka:CHQ_2_02059 (length 331)
prokka_CHQ_2/CHQ_2:Prokka:CHQ_2_02060 (length 270)
prokka_CHQ_2/CHQ_2:Prokka:CHQ_2_02061 (length 545)
prokka_CHQ_2/CHQ_2:Prokka:CHQ_2_02062 (length 426)
prokka_CHQ_2/CHQ_2:Prokka:CHQ_2_02063 (length 277)
prokka_CHQ_2/CHQ_2:Prokka:CHQ_2_02064 (length 155)
prokka_CHQ_2/CHQ_2:Prokka:CHQ_2_02065 (length 65)
prokka_CHQ_2/CHQ_2:Prokka:CHQ_2_02066 (length 206)
prokka_CHQ_2/CHQ_2:Prokka:CHQ_2_02067 (length 389)
prokka_CHQ_2/CHQ_2:Prokka:CHQ_2_02068 (length 196)
prokka_CHQ_2/CHQ_2:Prokka:CHQ_2_02069 (length 100)
prokka_CHQ_2/CHQ_2:Prokka:CHQ_2_02070 (length 55)
prokka_CHQ_2/CHQ_2:Prokka:CHQ_2_02071 (length 49)
prokka_CHQ_2/CHQ_2:Prokka:CHQ_2_02072 (length 57)
prokka_CHQ_2/CHQ_2:Prokka:CHQ_2_02073 (length 593)
prokka_CHQ_2/CHQ_2:Prokka:CHQ_2_02074 (length 261)
prokka_CHQ_2/CHQ_2:Prokka:CHQ_2_02075 (length 419)
prokka_CHQ_2/CHQ_2:Prokka:CHQ_2_02076 (length 162)
prokka_CHQ_2/CHQ_2:Prokka:CHQ_2_02077 (length 155)
prokka_CHQ_2/CHQ_2:Prokka:CHQ_2_02078 (length 517)
prokka_CHQ_2/CHQ_2:Prokka:CHQ_2_02079 (length 83)
prokka_CHQ_2/CHQ_2:Prokka:CHQ_2_02080 (length 162)
prokka_CHQ_2/CHQ_2:Prokka:CHQ_2_02081 (length 317)
prokka_CHQ_2/CHQ_2:Prokka:CHQ_2_02082 (length 250)
prokka_CHQ_2/CHQ_2:Prokka:CHQ_2_02083 (length 318)
prokka_CHQ_2/CHQ_2:Prokka:CHQ_2_02084 (length 740)
prokka_CHQ_2/CHQ_2:Prokka:CHQ_2_02085 (length 311)
prokka_CHQ_2/CHQ_2:Prokka:CHQ_2_02086 (length 151)
prokka_CHQ_2/CHQ_2:Prokka:CHQ_2_02087 (length 331)
prokka_CHQ_2/CHQ_2:Prokka:CHQ_2_02088 (length 207)
prokka_CHQ_2/CHQ_2:Prokka:CHQ_2_02089 (length 469)
prokka_CHQ_2/CHQ_2:Prokka:CHQ_2_02090 (length 213)
prokka_CHQ_2/CHQ_2:Prokka:CHQ_2_02091 (length 163)
prokka_CHQ_2/CHQ_2:Prokka:CHQ_2_02092 (length 214)
prokka_CHQ_2/CHQ_2:Prokka:CHQ_2_02093 (length 865)
prokka_CHQ_2/CHQ_2:Prokka:CHQ_2_02094 (length 345)
prokka_CHQ_2/CHQ_2:Prokka:CHQ_2_02095 (length 88)
prokka_CHQ_2/CHQ_2:Prokka:CHQ_2_02096 (length 575)
prokka_CHQ_2/CHQ_2:Prokka:CHQ_2_02097 (length 99)
prokka_CHQ_2/CHQ_2:Prokka:CHQ_2_02099 (length 311)
prokka_CHQ_2/CHQ_2:Prokka:CHQ_2_02100 (length 106)
prokka_CHQ_2/CHQ_2:Prokka:CHQ_2_02101 (length 387)
prokka_CHQ_2/CHQ_2:Prokka:CHQ_2_02102 (length 323)
prokka_CHQ_2/CHQ_2:Prokka:CHQ_2_02103 (length 414)
prokka_CHQ_2/CHQ_2:Prokka:CHQ_2_02104 (length 119)
prokka_CHQ_2/CHQ_2:Prokka:CHQ_2_02105 (length 665)
prokka_CHQ_2/CHQ_2:Prokka:CHQ_2_02106 (length 210)
prokka_CHQ_2/CHQ_2:Prokka:CHQ_2_02107 (length 356)
prokka_CHQ_2/CHQ_2:Prokka:CHQ_2_02108 (length 114)
prokka_CHQ_2/CHQ_2:Prokka:CHQ_2_02109 (length 106)
prokka_CHQ_2/CHQ_2:Prokka:CHQ_2_02110 (length 358)
prokka_CHQ_2/CHQ_2:Prokka:CHQ_2_02111 (length 99)
prokka_CHQ_2/CHQ_2:Prokka:CHQ_2_02112 (length 158)
prokka_CHQ_2/CHQ_2:Prokka:CHQ_2_02113 (length 558)
prokka_CHQ_2/CHQ_2:Prokka:CHQ_2_02114 (length 624)
prokka_CHQ_2/CHQ_2:Prokka:CHQ_2_02115 (length 105)
prokka_CHQ_2/CHQ_2:Prokka:CHQ_2_02116 (length 384)
prokka_CHQ_2/CHQ_2:Prokka:CHQ_2_02117 (length 32)
prokka_CHQ_2/CHQ_2:Prokka:CHQ_2_02118 (length 109)
prokka_CHQ_2/CHQ_2:Prokka:CHQ_2_02119 (length 103)
prokka_CHQ_2/CHQ_2:Prokka:CHQ_2_02120 (length 295)
prokka_CHQ_2/CHQ_2:Prokka:CHQ_2_02121 (length 103)
prokka_CHQ_2/CHQ_2:Prokka:CHQ_2_02122 (length 86)
prokka_CHQ_2/CHQ_2:Prokka:CHQ_2_02123 (length 70)
prokka_CHQ_2/CHQ_2:Prokka:CHQ_2_02124 (length 75)
prokka_CHQ_2/CHQ_2:Prokka:CHQ_2_02125 (length 58)
prokka_CHQ_2/CHQ_2:Prokka:CHQ_2_02126 (length 808)
prokka_CHQ_2/CHQ_2:Prokka:CHQ_2_02127 (length 60)
prokka_CHQ_2/CHQ_2:Prokka:CHQ_2_02128 (length 411)
prokka_CHQ_2/CHQ_2:Prokka:CHQ_2_02129 (length 88)
prokka_CHQ_2/CHQ_2:Prokka:CHQ_2_02130 (length 131)
prokka_CHQ_2/CHQ_2:Prokka:CHQ_2_02131 (length 870)
prokka_CHQ_2/CHQ_2:Prokka:CHQ_2_02132 (length 705)
prokka_CHQ_2/CHQ_2:Prokka:CHQ_2_02133 (length 346)
prokka_CHQ_2/CHQ_2:Prokka:CHQ_2_02134 (length 73)
prokka_CHQ_2/CHQ_2:Prokka:CHQ_2_02135 (length 164)
prokka_CHQ_2/CHQ_2:Prokka:CHQ_2_02136 (length 75)
prokka_CHQ_2/CHQ_2:Prokka:CHQ_2_02137 (length 74)
prokka_CHQ_2/CHQ_2:Prokka:CHQ_2_02138 (length 82)
prokka_CHQ_2/CHQ_2:Prokka:CHQ_2_02139 (length 83)
prokka_CHQ_2/CHQ_2:Prokka:CHQ_2_02140 (length 377)
prokka_CHQ_2/CHQ_2:Prokka:CHQ_2_02142 (length 398)
prokka_CHQ_2/CHQ_2:Prokka:CHQ_2_02143 (length 459)
prokka_CHQ_2/CHQ_2:Prokka:CHQ_2_02144 (length 398)
prokka_CHQ_2/CHQ_2:Prokka:CHQ_2_02145 (length 191)
prokka_CHQ_2/CHQ_2:Prokka:CHQ_2_02146 (length 117)
prokka_CHQ_2/CHQ_2:Prokka:CHQ_2_02147 (length 269)
prokka_CHQ_2/CHQ_2:Prokka:CHQ_2_02148 (length 304)
prokka_CHQ_2/CHQ_2:Prokka:CHQ_2_02149 (length 44)
prokka_CHQ_2/CHQ_2:Prokka:CHQ_2_02150 (length 303)
prokka_CHQ_2/CHQ_2:Prokka:CHQ_2_02151 (length 88)
prokka_CHQ_2/CHQ_2:Prokka:CHQ_2_02152 (length 143)
prokka_CHQ_2/CHQ_2:Prokka:CHQ_2_02153 (length 107)
prokka_CHQ_2/CHQ_2:Prokka:CHQ_2_02154 (length 183)
prokka_CHQ_2/CHQ_2:Prokka:CHQ_2_02155 (length 261)
prokka_CHQ_2/CHQ_2:Prokka:CHQ_2_02156 (length 261)
prokka_CHQ_2/CHQ_2:Prokka:CHQ_2_02157 (length 181)
prokka_CHQ_2/CHQ_2:Prokka:CHQ_2_02158 (length 648)
prokka_CHQ_2/CHQ_2:Prokka:CHQ_2_02159 (length 106)
prokka_CHQ_2/CHQ_2:Prokka:CHQ_2_02160 (length 1983)
prokka_CHQ_2/CHQ_2:Prokka:CHQ_2_02162 (length 382)
prokka_CHQ_2/CHQ_2:Prokka:CHQ_2_02163 (length 230)
prokka_CHQ_2/CHQ_2:Prokka:CHQ_2_02164 (length 393)
prokka_CHQ_2/CHQ_2:Prokka:CHQ_2_02165 (length 145)
prokka_CHQ_2/CHQ_2:Prokka:CHQ_2_02166 (length 263)
prokka_CHQ_2/CHQ_2:Prokka:CHQ_2_02167 (length 69)
prokka_CHQ_2/CHQ_2:Prokka:CHQ_2_02168 (length 79)
prokka_CHQ_2/CHQ_2:Prokka:CHQ_2_02169 (length 527)
prokka_CHQ_2/CHQ_2:Prokka:CHQ_2_02170 (length 404)
prokka_CHQ_2/CHQ_2:Prokka:CHQ_2_02171 (length 262)
prokka_CHQ_2/CHQ_2:Prokka:CHQ_2_02172 (length 101)
prokka_CHQ_2/CHQ_2:Prokka:CHQ_2_02173 (length 486)
prokka_CHQ_2/CHQ_2:Prokka:CHQ_2_02174 (length 200)
prokka_CHQ_2/CHQ_2:Prokka:CHQ_2_02175 (length 477)
prokka_CHQ_2/CHQ_2:Prokka:CHQ_2_02176 (length 54)
prokka_CHQ_2/CHQ_2:Prokka:CHQ_2_02177 (length 499)
prokka_CHQ_2/CHQ_2:Prokka:CHQ_2_02178 (length 446)
prokka_CHQ_2/CHQ_2:Prokka:CHQ_2_02179 (length 65)
prokka_CHQ_2/CHQ_2:Prokka:CHQ_2_02180 (length 177)
prokka_CHQ_2/CHQ_2:Prokka:CHQ_2_02181 (length 230)
prokka_CHQ_2/CHQ_2:Prokka:CHQ_2_02182 (length 143)
prokka_CHQ_2/CHQ_2:Prokka:CHQ_2_02183 (length 350)
prokka_CHQ_2/CHQ_2:Prokka:CHQ_2_02184 (length 364)
prokka_CHQ_2/CHQ_2:Prokka:CHQ_2_02185 (length 494)
prokka_CHQ_2/CHQ_2:Prokka:CHQ_2_02186 (length 68)
prokka_CHQ_2/CHQ_2:Prokka:CHQ_2_02187 (length 64)
prokka_CHQ_2/CHQ_2:Prokka:CHQ_2_02188 (length 478)
prokka_CHQ_2/CHQ_2:Prokka:CHQ_2_02189 (length 150)
prokka_CHQ_2/CHQ_2:Prokka:CHQ_2_02190 (length 447)
prokka_CHQ_2/CHQ_2:Prokka:CHQ_2_02191 (length 252)
prokka_CHQ_2/CHQ_2:Prokka:CHQ_2_02192 (length 365)
prokka_CHQ_2/CHQ_2:Prokka:CHQ_2_02193 (length 203)
prokka_CHQ_2/CHQ_2:Prokka:CHQ_2_02194 (length 336)
prokka_CHQ_2/CHQ_2:Prokka:CHQ_2_02195 (length 301)
prokka_CHQ_2/CHQ_2:Prokka:CHQ_2_02196 (length 382)
prokka_CHQ_2/CHQ_2:Prokka:CHQ_2_02197 (length 66)
prokka_CHQ_2/CHQ_2:Prokka:CHQ_2_02198 (length 709)
prokka_CHQ_2/CHQ_2:Prokka:CHQ_2_02199 (length 152)
prokka_CHQ_2/CHQ_2:Prokka:CHQ_2_02200 (length 142)
prokka_CHQ_2/CHQ_2:Prokka:CHQ_2_02201 (length 554)
prokka_CHQ_2/CHQ_2:Prokka:CHQ_2_02202 (length 122)
prokka_CHQ_2/CHQ_2:Prokka:CHQ_2_02203 (length 64)
prokka_CHQ_2/CHQ_2:Prokka:CHQ_2_02204 (length 219)
prokka_CHQ_2/CHQ_2:Prokka:CHQ_2_02205 (length 289)
prokka_CHQ_2/CHQ_2:Prokka:CHQ_2_02206 (length 97)
prokka_CHQ_2/CHQ_2:Prokka:CHQ_2_02207 (length 197)
prokka_CHQ_2/CHQ_2:Prokka:CHQ_2_02208 (length 84)
prokka_CHQ_2/CHQ_2:Prokka:CHQ_2_02209 (length 350)
prokka_CHQ_2/CHQ_2:Prokka:CHQ_2_02210 (length 299)
prokka_CHQ_2/CHQ_2:Prokka:CHQ_2_02211 (length 402)
prokka_CHQ_2/CHQ_2:Prokka:CHQ_2_02212 (length 312)
prokka_CHQ_2/CHQ_2:Prokka:CHQ_2_02213 (length 269)
prokka_CHQ_2/CHQ_2:Prokka:CHQ_2_02214 (length 397)
prokka_CHQ_2/CHQ_2:Prokka:CHQ_2_02215 (length 458)
prokka_CHQ_2/CHQ_2:Prokka:CHQ_2_02216 (length 321)
prokka_CHQ_2/CHQ_2:Prokka:CHQ_2_02217 (length 588)
prokka_CHQ_2/CHQ_2:Prokka:CHQ_2_02218 (length 245)
prokka_CHQ_2/CHQ_2:Prokka:CHQ_2_02219 (length 121)
prokka_CHQ_2/CHQ_2:Prokka:CHQ_2_02220 (length 313)
prokka_CHQ_2/CHQ_2:Prokka:CHQ_2_02221 (length 475)
prokka_CHQ_2/CHQ_2:Prokka:CHQ_2_02222 (length 379)
prokka_CHQ_2/CHQ_2:Prokka:CHQ_2_02223 (length 281)
prokka_CHQ_2/CHQ_2:Prokka:CHQ_2_02224 (length 387)
prokka_CHQ_2/CHQ_2:Prokka:CHQ_2_02225 (length 299)
prokka_CHQ_2/CHQ_2:Prokka:CHQ_2_02226 (length 144)
prokka_CHQ_2/CHQ_2:Prokka:CHQ_2_02227 (length 575)
prokka_CHQ_2/CHQ_2:Prokka:CHQ_2_02228 (length 459)
prokka_CHQ_2/CHQ_2:Prokka:CHQ_2_02229 (length 456)
prokka_CHQ_2/CHQ_2:Prokka:CHQ_2_02230 (length 493)
prokka_CHQ_2/CHQ_2:Prokka:CHQ_2_02231 (length 401)
prokka_CHQ_2/CHQ_2:Prokka:CHQ_2_02232 (length 167)
prokka_CHQ_2/CHQ_2:Prokka:CHQ_2_02233 (length 414)
prokka_CHQ_2/CHQ_2:Prokka:CHQ_2_02234 (length 104)
prokka_CHQ_2/CHQ_2:Prokka:CHQ_2_02235 (length 203)
prokka_CHQ_2/CHQ_2:Prokka:CHQ_2_02236 (length 196)
prokka_CHQ_2/CHQ_2:Prokka:CHQ_2_02237 (length 141)
prokka_CHQ_2/CHQ_2:Prokka:CHQ_2_02238 (length 119)
prokka_CHQ_2/CHQ_2:Prokka:CHQ_2_02239 (length 244)
prokka_CHQ_2/CHQ_2:Prokka:CHQ_2_02240 (length 389)
prokka_CHQ_2/CHQ_2:Prokka:CHQ_2_02241 (length 141)
prokka_CHQ_2/CHQ_2:Prokka:CHQ_2_02242 (length 238)
prokka_CHQ_2/CHQ_2:Prokka:CHQ_2_02243 (length 213)
prokka_CHQ_2/CHQ_2:Prokka:CHQ_2_02244 (length 219)
prokka_CHQ_2/CHQ_2:Prokka:CHQ_2_02245 (length 303)
prokka_CHQ_2/CHQ_2:Prokka:CHQ_2_02246 (length 181)
prokka_CHQ_2/CHQ_2:Prokka:CHQ_2_02247 (length 313)
prokka_CHQ_2/CHQ_2:Prokka:CHQ_2_02248 (length 145)
prokka_CHQ_2/CHQ_2:Prokka:CHQ_2_02249 (length 120)
prokka_CHQ_2/CHQ_2:Prokka:CHQ_2_02250 (length 58)
prokka_CHQ_2/CHQ_2:Prokka:CHQ_2_02251 (length 270)
prokka_CHQ_2/CHQ_2:Prokka:CHQ_2_02252 (length 398)
prokka_CHQ_2/CHQ_2:Prokka:CHQ_2_02253 (length 328)
prokka_CHQ_2/CHQ_2:Prokka:CHQ_2_02254 (length 180)
prokka_CHQ_2/CHQ_2:Prokka:CHQ_2_02255 (length 330)
prokka_CHQ_2/CHQ_2:Prokka:CHQ_2_02256 (length 192)
prokka_CHQ_2/CHQ_2:Prokka:CHQ_2_02257 (length 123)
prokka_CHQ_2/CHQ_2:Prokka:CHQ_2_02258 (length 238)
prokka_CHQ_2/CHQ_2:Prokka:CHQ_2_02259 (length 459)
prokka_CHQ_2/CHQ_2:Prokka:CHQ_2_02260 (length 215)
prokka_CHQ_2/CHQ_2:Prokka:CHQ_2_02261 (length 114)
prokka_CHQ_2/CHQ_2:Prokka:CHQ_2_02262 (length 150)
prokka_CHQ_2/CHQ_2:Prokka:CHQ_2_02263 (length 380)
prokka_CHQ_2/CHQ_2:Prokka:CHQ_2_02264 (length 389)
prokka_CHQ_2/CHQ_2:Prokka:CHQ_2_02265 (length 640)
prokka_CHQ_2/CHQ_2:Prokka:CHQ_2_02267 (length 425)
prokka_CHQ_2/CHQ_2:Prokka:CHQ_2_02268 (length 275)
prokka_CHQ_2/CHQ_2:Prokka:CHQ_2_02269 (length 137)
prokka_CHQ_2/CHQ_2:Prokka:CHQ_2_02270 (length 611)
prokka_CHQ_2/CHQ_2:Prokka:CHQ_2_02271 (length 625)
prokka_CHQ_2/CHQ_2:Prokka:CHQ_2_02272 (length 217)
prokka_CHQ_2/CHQ_2:Prokka:CHQ_2_02273 (length 339)
prokka_CHQ_2/CHQ_2:Prokka:CHQ_2_02274 (length 55)
prokka_CHQ_2/CHQ_2:Prokka:CHQ_2_02275 (length 158)
prokka_CHQ_2/CHQ_2:Prokka:CHQ_2_02276 (length 154)
prokka_CHQ_2/CHQ_2:Prokka:CHQ_2_02277 (length 281)
prokka_CHQ_2/CHQ_2:Prokka:CHQ_2_02278 (length 170)
prokka_CHQ_2/CHQ_2:Prokka:CHQ_2_02279 (length 182)
prokka_CHQ_2/CHQ_2:Prokka:CHQ_2_02280 (length 94)
prokka_CHQ_2/CHQ_2:Prokka:CHQ_2_02281 (length 439)
prokka_CHQ_2/CHQ_2:Prokka:CHQ_2_02282 (length 747)
prokka_CHQ_2/CHQ_2:Prokka:CHQ_2_02283 (length 199)
prokka_CHQ_2/CHQ_2:Prokka:CHQ_2_02284 (length 168)
prokka_CHQ_2/CHQ_2:Prokka:CHQ_2_02285 (length 422)
prokka_CHQ_2/CHQ_2:Prokka:CHQ_2_02287 (length 277)
prokka_CHQ_2/CHQ_2:Prokka:CHQ_2_02288 (length 162)
prokka_CHQ_2/CHQ_2:Prokka:CHQ_2_02289 (length 288)
prokka_CHQ_2/CHQ_2:Prokka:CHQ_2_02290 (length 266)
prokka_CHQ_2/CHQ_2:Prokka:CHQ_2_02291 (length 203)
prokka_CHQ_2/CHQ_2:Prokka:CHQ_2_02292 (length 256)
prokka_CHQ_2/CHQ_2:Prokka:CHQ_2_02293 (length 384)
prokka_CHQ_2/CHQ_2:Prokka:CHQ_2_02294 (length 372)
prokka_CHQ_2/CHQ_2:Prokka:CHQ_2_02297 (length 35)
prokka_CHQ_2/CHQ_2:Prokka:CHQ_2_02298 (length 203)
prokka_CHQ_2/CHQ_2:Prokka:CHQ_2_02299 (length 712)
prokka_CHQ_2/CHQ_2:Prokka:CHQ_2_02300 (length 147)
prokka_CHQ_2/CHQ_2:Prokka:CHQ_2_02301 (length 344)
prokka_CHQ_2/CHQ_2:Prokka:CHQ_2_02302 (length 222)
prokka_CHQ_2/CHQ_2:Prokka:CHQ_2_02303 (length 560)
prokka_CHQ_2/CHQ_2:Prokka:CHQ_2_02304 (length 82)
prokka_CHQ_2/CHQ_2:Prokka:CHQ_2_02305 (length 241)
prokka_CHQ_2/CHQ_2:Prokka:CHQ_2_02306 (length 189)
prokka_CHQ_2/CHQ_2:Prokka:CHQ_2_02307 (length 156)
prokka_CHQ_2/CHQ_2:Prokka:CHQ_2_02308 (length 346)
prokka_CHQ_2/CHQ_2:Prokka:CHQ_2_02309 (length 66)
prokka_CHQ_2/CHQ_2:Prokka:CHQ_2_02310 (length 62)
prokka_CHQ_2/CHQ_2:Prokka:CHQ_2_02311 (length 253)
prokka_CHQ_2/CHQ_2:Prokka:CHQ_2_02312 (length 349)
prokka_CHQ_2/CHQ_2:Prokka:CHQ_2_02313 (length 246)
prokka_CHQ_2/CHQ_2:Prokka:CHQ_2_02314 (length 270)
prokka_CHQ_2/CHQ_2:Prokka:CHQ_2_02315 (length 269)
prokka_CHQ_2/CHQ_2:Prokka:CHQ_2_02316 (length 519)
prokka_CHQ_2/CHQ_2:Prokka:CHQ_2_02317 (length 39)
prokka_CHQ_2/CHQ_2:Prokka:CHQ_2_02318 (length 160)
prokka_CHQ_2/CHQ_2:Prokka:CHQ_2_02319 (length 846)
prokka_CHQ_2/CHQ_2:Prokka:CHQ_2_02320 (length 397)
prokka_CHQ_2/CHQ_2:Prokka:CHQ_2_02321 (length 157)
prokka_CHQ_2/CHQ_2:Prokka:CHQ_2_02322 (length 425)
prokka_CHQ_2/CHQ_2:Prokka:CHQ_2_02323 (length 116)
prokka_CHQ_2/CHQ_2:Prokka:CHQ_2_02324 (length 579)
prokka_CHQ_2/CHQ_2:Prokka:CHQ_2_02325 (length 664)
prokka_CHQ_2/CHQ_2:Prokka:CHQ_2_02326 (length 421)
prokka_CHQ_2/CHQ_2:Prokka:CHQ_2_02327 (length 72)
prokka_CHQ_2/CHQ_2:Prokka:CHQ_2_02328 (length 275)
prokka_CHQ_2/CHQ_2:Prokka:CHQ_2_02329 (length 216)
prokka_CHQ_2/CHQ_2:Prokka:CHQ_2_02330 (length 570)
prokka_CHQ_2/CHQ_2:Prokka:CHQ_2_02331 (length 118)
prokka_CHQ_2/CHQ_2:Prokka:CHQ_2_02332 (length 182)
prokka_CHQ_2/CHQ_2:Prokka:CHQ_2_02333 (length 158)
prokka_CHQ_2/CHQ_2:Prokka:CHQ_2_02334 (length 182)
prokka_CHQ_2/CHQ_2:Prokka:CHQ_2_02335 (length 286)
prokka_CHQ_2/CHQ_2:Prokka:CHQ_2_02336 (length 286)
prokka_CHQ_2/CHQ_2:Prokka:CHQ_2_02337 (length 286)
prokka_CHQ_2/CHQ_2:Prokka:CHQ_2_02338 (length 286)
prokka_CHQ_2/CHQ_2:Prokka:CHQ_2_02339 (length 368)
prokka_CHQ_2/CHQ_2:Prokka:CHQ_2_02340 (length 231)
prokka_CHQ_2/CHQ_2:Prokka:CHQ_2_02341 (length 182)
prokka_CHQ_2/CHQ_2:Prokka:CHQ_2_02342 (length 565)
prokka_CHQ_2/CHQ_2:Prokka:CHQ_2_02343 (length 273)
prokka_CHQ_2/CHQ_2:Prokka:CHQ_2_02344 (length 97)
prokka_CHQ_2/CHQ_2:Prokka:CHQ_2_02345 (length 250)
prokka_CHQ_2/CHQ_2:Prokka:CHQ_2_02346 (length 316)
prokka_CHQ_2/CHQ_2:Prokka:CHQ_2_02347 (length 312)
prokka_CHQ_2/CHQ_2:Prokka:CHQ_2_02348 (length 313)
prokka_CHQ_2/CHQ_2:Prokka:CHQ_2_02349 (length 301)
prokka_CHQ_2/CHQ_2:Prokka:CHQ_2_02350 (length 393)
prokka_CHQ_2/CHQ_2:Prokka:CHQ_2_02351 (length 272)
prokka_CHQ_2/CHQ_2:Prokka:CHQ_2_02352 (length 115)
prokka_CHQ_2/CHQ_2:Prokka:CHQ_2_02353 (length 130)
prokka_CHQ_2/CHQ_2:Prokka:CHQ_2_02354 (length 233)
prokka_CHQ_2/CHQ_2:Prokka:CHQ_2_02355 (length 187)
prokka_CHQ_2/CHQ_2:Prokka:CHQ_2_02356 (length 509)
prokka_CHQ_2/CHQ_2:Prokka:CHQ_2_02357 (length 721)
prokka_CHQ_2/CHQ_2:Prokka:CHQ_2_02358 (length 198)
prokka_CHQ_2/CHQ_2:Prokka:CHQ_2_02359 (length 349)
prokka_CHQ_2/CHQ_2:Prokka:CHQ_2_02360 (length 440)
prokka_CHQ_2/CHQ_2:Prokka:CHQ_2_02361 (length 550)
prokka_CHQ_2/CHQ_2:Prokka:CHQ_2_02362 (length 545)
prokka_CHQ_2/CHQ_2:Prokka:CHQ_2_02363 (length 303)
prokka_CHQ_2/CHQ_2:Prokka:CHQ_2_02364 (length 343)
prokka_CHQ_2/CHQ_2:Prokka:CHQ_2_02365 (length 349)
prokka_CHQ_2/CHQ_2:Prokka:CHQ_2_02366 (length 313)
prokka_CHQ_2/CHQ_2:Prokka:CHQ_2_02367 (length 523)
prokka_CHQ_2/CHQ_2:Prokka:CHQ_2_02368 (length 547)
prokka_CHQ_2/CHQ_2:Prokka:CHQ_2_02369 (length 303)
prokka_CHQ_2/CHQ_2:Prokka:CHQ_2_02370 (length 530)
prokka_CHQ_2/CHQ_2:Prokka:CHQ_2_02371 (length 272)
prokka_CHQ_2/CHQ_2:Prokka:CHQ_2_02372 (length 387)
prokka_CHQ_2/CHQ_2:Prokka:CHQ_2_02373 (length 457)
prokka_CHQ_2/CHQ_2:Prokka:CHQ_2_02374 (length 459)
prokka_CHQ_2/CHQ_2:Prokka:CHQ_2_02375 (length 108)
prokka_CHQ_2/CHQ_2:Prokka:CHQ_2_02376 (length 108)
prokka_CHQ_2/CHQ_2:Prokka:CHQ_2_02377 (length 172)
prokka_CHQ_2/CHQ_2:Prokka:CHQ_2_02378 (length 197)
prokka_CHQ_2/CHQ_2:Prokka:CHQ_2_02379 (length 268)
prokka_CHQ_2/CHQ_2:Prokka:CHQ_2_02380 (length 226)
prokka_CHQ_2/CHQ_2:Prokka:CHQ_2_02381 (length 270)
prokka_CHQ_2/CHQ_2:Prokka:CHQ_2_02382 (length 293)
prokka_CHQ_2/CHQ_2:Prokka:CHQ_2_02383 (length 276)
prokka_CHQ_2/CHQ_2:Prokka:CHQ_2_02384 (length 477)
prokka_CHQ_2/CHQ_2:Prokka:CHQ_2_02385 (length 270)
prokka_CHQ_2/CHQ_2:Prokka:CHQ_2_02386 (length 325)
prokka_CHQ_2/CHQ_2:Prokka:CHQ_2_02387 (length 494)
prokka_CHQ_2/CHQ_2:Prokka:CHQ_2_02388 (length 272)
prokka_CHQ_2/CHQ_2:Prokka:CHQ_2_02389 (length 346)
prokka_CHQ_2/CHQ_2:Prokka:CHQ_2_02390 (length 314)
prokka_CHQ_2/CHQ_2:Prokka:CHQ_2_02391 (length 273)
prokka_CHQ_2/CHQ_2:Prokka:CHQ_2_02392 (length 324)
prokka_CHQ_2/CHQ_2:Prokka:CHQ_2_02393 (length 406)
prokka_CHQ_2/CHQ_2:Prokka:CHQ_2_02394 (length 467)
prokka_CHQ_2/CHQ_2:Prokka:CHQ_2_02395 (length 201)
prokka_CHQ_2/CHQ_2:Prokka:CHQ_2_02396 (length 144)
prokka_CHQ_2/CHQ_2:Prokka:CHQ_2_02397 (length 680)
prokka_CHQ_2/CHQ_2:Prokka:CHQ_2_02398 (length 156)
prokka_CHQ_2/CHQ_2:Prokka:CHQ_2_02399 (length 419)
prokka_CHQ_2/CHQ_2:Prokka:CHQ_2_02400 (length 801)
prokka_CHQ_2/CHQ_2:Prokka:CHQ_2_02401 (length 355)
prokka_CHQ_2/CHQ_2:Prokka:CHQ_2_02402 (length 94)
prokka_CHQ_2/CHQ_2:Prokka:CHQ_2_02403 (length 105)
prokka_CHQ_2/CHQ_2:Prokka:CHQ_2_02404 (length 208)
prokka_CHQ_2/CHQ_2:Prokka:CHQ_2_02405 (length 446)
prokka_CHQ_2/CHQ_2:Prokka:CHQ_2_02406 (length 129)
prokka_CHQ_2/CHQ_2:Prokka:CHQ_2_02407 (length 94)
prokka_CHQ_2/CHQ_2:Prokka:CHQ_2_02408 (length 542)
prokka_CHQ_2/CHQ_2:Prokka:CHQ_2_02409 (length 270)
prokka_CHQ_2/CHQ_2:Prokka:CHQ_2_02410 (length 480)
prokka_CHQ_2/CHQ_2:Prokka:CHQ_2_02411 (length 233)
prokka_CHQ_2/CHQ_2:Prokka:CHQ_2_02412 (length 211)
prokka_CHQ_2/CHQ_2:Prokka:CHQ_2_02413 (length 286)
prokka_CHQ_2/CHQ_2:Prokka:CHQ_2_02414 (length 260)
prokka_CHQ_2/CHQ_2:Prokka:CHQ_2_02415 (length 108)
prokka_CHQ_2/CHQ_2:Prokka:CHQ_2_02416 (length 291)
prokka_CHQ_2/CHQ_2:Prokka:CHQ_2_02417 (length 63)
prokka_CHQ_2/CHQ_2:Prokka:CHQ_2_02418 (length 310)
prokka_CHQ_2/CHQ_2:Prokka:CHQ_2_02419 (length 318)
prokka_CHQ_2/CHQ_2:Prokka:CHQ_2_02420 (length 329)
prokka_CHQ_2/CHQ_2:Prokka:CHQ_2_02421 (length 347)
prokka_CHQ_2/CHQ_2:Prokka:CHQ_2_02422 (length 206)
prokka_CHQ_2/CHQ_2:Prokka:CHQ_2_02423 (length 784)
prokka_CHQ_2/CHQ_2:Prokka:CHQ_2_02424 (length 446)
prokka_CHQ_2/CHQ_2:Prokka:CHQ_2_02425 (length 194)
prokka_CHQ_2/CHQ_2:Prokka:CHQ_2_02426 (length 248)
prokka_CHQ_2/CHQ_2:Prokka:CHQ_2_02427 (length 108)
prokka_CHQ_2/CHQ_2:Prokka:CHQ_2_02428 (length 116)
prokka_CHQ_2/CHQ_2:Prokka:CHQ_2_02429 (length 242)
prokka_CHQ_2/CHQ_2:Prokka:CHQ_2_02430 (length 445)
prokka_CHQ_2/CHQ_2:Prokka:CHQ_2_02431 (length 478)
prokka_CHQ_2/CHQ_2:Prokka:CHQ_2_02432 (length 93)
prokka_CHQ_2/CHQ_2:Prokka:CHQ_2_02434 (length 654)
prokka_CHQ_2/CHQ_2:Prokka:CHQ_2_02435 (length 341)
prokka_CHQ_2/CHQ_2:Prokka:CHQ_2_02436 (length 378)
prokka_CHQ_2/CHQ_2:Prokka:CHQ_2_02437 (length 1223)
prokka_CHQ_2/CHQ_2:Prokka:CHQ_2_02438 (length 292)
prokka_CHQ_2/CHQ_2:Prokka:CHQ_2_02439 (length 319)
prokka_CHQ_2/CHQ_2:Prokka:CHQ_2_02440 (length 452)
prokka_CHQ_2/CHQ_2:Prokka:CHQ_2_02441 (length 238)
prokka_CHQ_2/CHQ_2:Prokka:CHQ_2_02442 (length 161)
prokka_CHQ_2/CHQ_2:Prokka:CHQ_2_02443 (length 521)
prokka_CHQ_2/CHQ_2:Prokka:CHQ_2_02444 (length 769)
prokka_CHQ_2/CHQ_2:Prokka:CHQ_2_02445 (length 221)
prokka_CHQ_2/CHQ_2:Prokka:CHQ_2_02446 (length 268)
prokka_CHQ_2/CHQ_2:Prokka:CHQ_2_02447 (length 219)
prokka_CHQ_2/CHQ_2:Prokka:CHQ_2_02448 (length 154)
prokka_CHQ_2/CHQ_2:Prokka:CHQ_2_02449 (length 172)
prokka_CHQ_2/CHQ_2:Prokka:CHQ_2_02450 (length 385)
prokka_CHQ_2/CHQ_2:Prokka:CHQ_2_02451 (length 65)
prokka_CHQ_2/CHQ_2:Prokka:CHQ_2_02452 (length 58)
prokka_CHQ_2/CHQ_2:Prokka:CHQ_2_02453 (length 80)
prokka_CHQ_2/CHQ_2:Prokka:CHQ_2_02454 (length 67)
prokka_CHQ_2/CHQ_2:Prokka:CHQ_2_02455 (length 449)
prokka_CHQ_2/CHQ_2:Prokka:CHQ_2_02456 (length 191)
prokka_CHQ_2/CHQ_2:Prokka:CHQ_2_02457 (length 39)
prokka_CHQ_2/CHQ_2:Prokka:CHQ_2_02458 (length 278)
prokka_CHQ_2/CHQ_2:Prokka:CHQ_2_02459 (length 314)
prokka_CHQ_2/CHQ_2:Prokka:CHQ_2_02460 (length 57)
prokka_CHQ_2/CHQ_2:Prokka:CHQ_2_02461 (length 68)
prokka_CHQ_2/CHQ_2:Prokka:CHQ_2_02462 (length 176)
prokka_CHQ_2/CHQ_2:Prokka:CHQ_2_02463 (length 66)
prokka_CHQ_2/CHQ_2:Prokka:CHQ_2_02464 (length 542)
prokka_CHQ_2/CHQ_2:Prokka:CHQ_2_02465 (length 94)
prokka_CHQ_2/CHQ_2:Prokka:CHQ_2_02466 (length 377)
prokka_CHQ_2/CHQ_2:Prokka:CHQ_2_02467 (length 171)
prokka_CHQ_2/CHQ_2:Prokka:CHQ_2_02468 (length 382)
prokka_CHQ_2/CHQ_2:Prokka:CHQ_2_02469 (length 91)
prokka_CHQ_2/CHQ_2:Prokka:CHQ_2_02470 (length 104)
prokka_CHQ_2/CHQ_2:Prokka:CHQ_2_02471 (length 112)
prokka_CHQ_2/CHQ_2:Prokka:CHQ_2_02472 (length 121)
prokka_CHQ_2/CHQ_2:Prokka:CHQ_2_02473 (length 224)
prokka_CHQ_2/CHQ_2:Prokka:CHQ_2_02474 (length 92)
prokka_CHQ_2/CHQ_2:Prokka:CHQ_2_02475 (length 161)
prokka_CHQ_2/CHQ_2:Prokka:CHQ_2_02476 (length 822)
prokka_CHQ_2/CHQ_2:Prokka:CHQ_2_02477 (length 657)
prokka_CHQ_2/CHQ_2:Prokka:CHQ_2_02478 (length 373)
prokka_CHQ_2/CHQ_2:Prokka:CHQ_2_02479 (length 137)
prokka_CHQ_2/CHQ_2:Prokka:CHQ_2_02480 (length 295)
prokka_CHQ_2/CHQ_2:Prokka:CHQ_2_02481 (length 107)
prokka_CHQ_2/CHQ_2:Prokka:CHQ_2_02482 (length 323)
prokka_CHQ_2/CHQ_2:Prokka:CHQ_2_02483 (length 205)
prokka_CHQ_2/CHQ_2:Prokka:CHQ_2_02484 (length 256)
prokka_CHQ_2/CHQ_2:Prokka:CHQ_2_02485 (length 461)
prokka_CHQ_2/CHQ_2:Prokka:CHQ_2_02487 (length 253)
prokka_CHQ_2/CHQ_2:Prokka:CHQ_2_02488 (length 262)
prokka_CHQ_2/CHQ_2:Prokka:CHQ_2_02489 (length 163)
prokka_CHQ_2/CHQ_2:Prokka:CHQ_2_02490 (length 180)
prokka_CHQ_2/CHQ_2:Prokka:CHQ_2_02491 (length 378)
prokka_CHQ_2/CHQ_2:Prokka:CHQ_2_02492 (length 535)
prokka_CHQ_2/CHQ_2:Prokka:CHQ_2_02493 (length 304)
prokka_CHQ_2/CHQ_2:Prokka:CHQ_2_02494 (length 290)
prokka_CHQ_2/CHQ_2:Prokka:CHQ_2_02495 (length 66)
prokka_CHQ_2/CHQ_2:Prokka:CHQ_2_02496 (length 159)
prokka_CHQ_2/CHQ_2:Prokka:CHQ_2_02497 (length 184)
prokka_CHQ_2/CHQ_2:Prokka:CHQ_2_02498 (length 217)
prokka_CHQ_2/CHQ_2:Prokka:CHQ_2_02499 (length 1060)
prokka_CHQ_2/CHQ_2:Prokka:CHQ_2_02500 (length 217)
prokka_CHQ_2/CHQ_2:Prokka:CHQ_2_02501 (length 278)
prokka_CHQ_2/CHQ_2:Prokka:CHQ_2_02502 (length 279)
prokka_CHQ_2/CHQ_2:Prokka:CHQ_2_02503 (length 403)
prokka_CHQ_2/CHQ_2:Prokka:CHQ_2_02504 (length 218)
prokka_CHQ_2/CHQ_2:Prokka:CHQ_2_02505 (length 91)
prokka_CHQ_2/CHQ_2:Prokka:CHQ_2_02506 (length 165)
prokka_CHQ_2/CHQ_2:Prokka:CHQ_2_02507 (length 169)
prokka_CHQ_2/CHQ_2:Prokka:CHQ_2_02508 (length 186)
prokka_CHQ_2/CHQ_2:Prokka:CHQ_2_02509 (length 269)
prokka_CHQ_2/CHQ_2:Prokka:CHQ_2_02510 (length 241)
prokka_CHQ_2/CHQ_2:Prokka:CHQ_2_02511 (length 161)
prokka_CHQ_2/CHQ_2:Prokka:CHQ_2_02512 (length 125)
prokka_CHQ_2/CHQ_2:Prokka:CHQ_2_02513 (length 381)
prokka_CHQ_2/CHQ_2:Prokka:CHQ_2_02514 (length 292)
prokka_CHQ_2/CHQ_2:Prokka:CHQ_2_02515 (length 549)
prokka_CHQ_2/CHQ_2:Prokka:CHQ_2_02516 (length 310)
prokka_CHQ_2/CHQ_2:Prokka:CHQ_2_02517 (length 361)
prokka_CHQ_2/CHQ_2:Prokka:CHQ_2_02518 (length 210)
prokka_CHQ_2/CHQ_2:Prokka:CHQ_2_02519 (length 691)
prokka_CHQ_2/CHQ_2:Prokka:CHQ_2_02520 (length 213)
prokka_CHQ_2/CHQ_2:Prokka:CHQ_2_02521 (length 174)
prokka_CHQ_2/CHQ_2:Prokka:CHQ_2_02522 (length 133)
prokka_CHQ_2/CHQ_2:Prokka:CHQ_2_02523 (length 93)
prokka_CHQ_2/CHQ_2:Prokka:CHQ_2_02524 (length 259)
prokka_CHQ_2/CHQ_2:Prokka:CHQ_2_02525 (length 427)
prokka_CHQ_2/CHQ_2:Prokka:CHQ_2_02526 (length 63)
prokka_CHQ_2/CHQ_2:Prokka:CHQ_2_02527 (length 427)
prokka_CHQ_2/CHQ_2:Prokka:CHQ_2_27 (length 45371)
prokka_CHQ_2/CHQ_2:Prokka:CHQ_2_02528 (length 226)
prokka_CHQ_2/CHQ_2:Prokka:CHQ_2_02529 (length 62)
prokka_CHQ_2/CHQ_2:Prokka:CHQ_2_02530 (length 171)
prokka_CHQ_2/CHQ_2:Prokka:CHQ_2_02531 (length 121)
prokka_CHQ_2/CHQ_2:Prokka:CHQ_2_02532 (length 225)
prokka_CHQ_2/CHQ_2:Prokka:CHQ_2_02533 (length 362)
prokka_CHQ_2/CHQ_2:Prokka:CHQ_2_02534 (length 824)
prokka_CHQ_2/CHQ_2:Prokka:CHQ_2_02535 (length 250)
prokka_CHQ_2/CHQ_2:Prokka:CHQ_2_02536 (length 267)
prokka_CHQ_2/CHQ_2:Prokka:CHQ_2_02537 (length 215)
prokka_CHQ_2/CHQ_2:Prokka:CHQ_2_02538 (length 43)
prokka_CHQ_2/CHQ_2:Prokka:CHQ_2_02539 (length 499)
prokka_CHQ_2/CHQ_2:Prokka:CHQ_2_02540 (length 407)
prokka_CHQ_2/CHQ_2:Prokka:CHQ_2_02541 (length 79)
prokka_CHQ_2/CHQ_2:Prokka:CHQ_2_02542 (length 428)
prokka_CHQ_2/CHQ_2:Prokka:CHQ_2_02543 (length 910)
prokka_CHQ_2/CHQ_2:Prokka:CHQ_2_02544 (length 217)
prokka_CHQ_2/CHQ_2:Prokka:CHQ_2_02545 (length 757)
prokka_CHQ_2/CHQ_2:Prokka:CHQ_2_02546 (length 283)
prokka_CHQ_2/CHQ_2:Prokka:CHQ_2_02547 (length 340)
prokka_CHQ_2/CHQ_2:Prokka:CHQ_2_02548 (length 366)
prokka_CHQ_2/CHQ_2:Prokka:CHQ_2_02549 (length 491)
prokka_CHQ_2/CHQ_2:Prokka:CHQ_2_02550 (length 300)
prokka_CHQ_2/CHQ_2:Prokka:CHQ_2_02551 (length 650)
prokka_CHQ_2/CHQ_2:Prokka:CHQ_2_02552 (length 235)
prokka_CHQ_2/CHQ_2:Prokka:CHQ_2_02553 (length 488)
prokka_CHQ_2/CHQ_2:Prokka:CHQ_2_02554 (length 498)
prokka_CHQ_2/CHQ_2:Prokka:CHQ_2_02555 (length 609)
prokka_CHQ_2/CHQ_2:Prokka:CHQ_2_02556 (length 245)
prokka_CHQ_2/CHQ_2:Prokka:CHQ_2_02557 (length 280)
prokka_CHQ_2/CHQ_2:Prokka:CHQ_2_02558 (length 80)
prokka_CHQ_2/CHQ_2:Prokka:CHQ_2_02559 (length 186)
prokka_CHQ_2/CHQ_2:Prokka:CHQ_2_02560 (length 62)
prokka_CHQ_2/CHQ_2:Prokka:CHQ_2_02561 (length 183)
prokka_CHQ_2/CHQ_2:Prokka:CHQ_2_02562 (length 309)
prokka_CHQ_2/CHQ_2:Prokka:CHQ_2_02563 (length 303)
prokka_CHQ_2/CHQ_2:Prokka:CHQ_2_02564 (length 585)
prokka_CHQ_2/CHQ_2:Prokka:CHQ_2_28 (length 7799)
prokka_CHQ_2/CHQ_2:Prokka:CHQ_2_02565 (length 502)
prokka_CHQ_2/CHQ_2:Prokka:CHQ_2_02566 (length 54)
prokka_CHQ_2/CHQ_2:Prokka:CHQ_2_02567 (length 95)
prokka_CHQ_2/CHQ_2:Prokka:CHQ_2_02568 (length 368)
prokka_CHQ_2/CHQ_2:Prokka:CHQ_2_02569 (length 140)
prokka_CHQ_2/CHQ_2:Prokka:CHQ_2_02570 (length 69)
prokka_CHQ_2/CHQ_2:Prokka:CHQ_2_02571 (length 91)
prokka_CHQ_2/CHQ_2:Prokka:CHQ_2_02572 (length 215)
prokka_CHQ_2/CHQ_2:Prokka:CHQ_2_02573 (length 345)
prokka_CHQ_2/CHQ_2:Prokka:CHQ_2_02574 (length 111)
prokka_CHQ_2/CHQ_2:Prokka:CHQ_2_02575 (length 117)
prokka_CHQ_2/CHQ_2:Prokka:CHQ_2_02576 (length 180)
prokka_CHQ_2/CHQ_2:Prokka:CHQ_2_02577 (length 120)
prokka_CHQ_2/CHQ_2:Prokka:CHQ_2_29 (length 190638)
prokka_CHQ_2/CHQ_2:Prokka:CHQ_2_02578 (length 90)
prokka_CHQ_2/CHQ_2:Prokka:CHQ_2_02579 (length 68)
prokka_CHQ_2/CHQ_2:Prokka:CHQ_2_02580 (length 214)
prokka_CHQ_2/CHQ_2:Prokka:CHQ_2_02581 (length 54)
prokka_CHQ_2/CHQ_2:Prokka:CHQ_2_02582 (length 44)
prokka_CHQ_2/CHQ_2:Prokka:CHQ_2_02583 (length 140)
prokka_CHQ_2/CHQ_2:Prokka:CHQ_2_02584 (length 175)
prokka_CHQ_2/CHQ_2:Prokka:CHQ_2_02585 (length 130)
prokka_CHQ_2/CHQ_2:Prokka:CHQ_2_02586 (length 58)
prokka_CHQ_2/CHQ_2:Prokka:CHQ_2_02587 (length 175)
prokka_CHQ_2/CHQ_2:Prokka:CHQ_2_02588 (length 57)
prokka_CHQ_2/CHQ_2:Prokka:CHQ_2_02589 (length 76)
prokka_CHQ_2/CHQ_2:Prokka:CHQ_2_02590 (length 119)
prokka_CHQ_2/CHQ_2:Prokka:CHQ_2_02591 (length 99)
prokka_CHQ_2/CHQ_2:Prokka:CHQ_2_02592 (length 103)
prokka_CHQ_2/CHQ_2:Prokka:CHQ_2_02593 (length 579)
prokka_CHQ_2/CHQ_2:Prokka:CHQ_2_02594 (length 425)
prokka_CHQ_2/CHQ_2:Prokka:CHQ_2_02595 (length 255)
prokka_CHQ_2/CHQ_2:Prokka:CHQ_2_02596 (length 373)
prokka_CHQ_2/CHQ_2:Prokka:CHQ_2_02597 (length 83)
prokka_CHQ_2/CHQ_2:Prokka:CHQ_2_02598 (length 110)
prokka_CHQ_2/CHQ_2:Prokka:CHQ_2_02599 (length 128)
prokka_CHQ_2/CHQ_2:Prokka:CHQ_2_02600 (length 134)
prokka_CHQ_2/CHQ_2:Prokka:CHQ_2_02601 (length 129)
prokka_CHQ_2/CHQ_2:Prokka:CHQ_2_02602 (length 192)
prokka_CHQ_2/CHQ_2:Prokka:CHQ_2_02603 (length 101)
prokka_CHQ_2/CHQ_2:Prokka:CHQ_2_02604 (length 187)
prokka_CHQ_2/CHQ_2:Prokka:CHQ_2_02605 (length 1366)
prokka_CHQ_2/CHQ_2:Prokka:CHQ_2_02606 (length 508)
prokka_CHQ_2/CHQ_2:Prokka:CHQ_2_02607 (length 1172)
prokka_CHQ_2/CHQ_2:Prokka:CHQ_2_02608 (length 106)
prokka_CHQ_2/CHQ_2:Prokka:CHQ_2_02609 (length 150)
prokka_CHQ_2/CHQ_2:Prokka:CHQ_2_02610 (length 183)
prokka_CHQ_2/CHQ_2:Prokka:CHQ_2_02611 (length 117)
prokka_CHQ_2/CHQ_2:Prokka:CHQ_2_02612 (length 166)
prokka_CHQ_2/CHQ_2:Prokka:CHQ_2_02613 (length 175)
prokka_CHQ_2/CHQ_2:Prokka:CHQ_2_02614 (length 302)
prokka_CHQ_2/CHQ_2:Prokka:CHQ_2_02615 (length 210)
prokka_CHQ_2/CHQ_2:Prokka:CHQ_2_02616 (length 148)
prokka_CHQ_2/CHQ_2:Prokka:CHQ_2_02617 (length 108)
prokka_CHQ_2/CHQ_2:Prokka:CHQ_2_02618 (length 555)
prokka_CHQ_2/CHQ_2:Prokka:CHQ_2_02619 (length 197)
prokka_CHQ_2/CHQ_2:Prokka:CHQ_2_02620 (length 281)
prokka_CHQ_2/CHQ_2:Prokka:CHQ_2_02621 (length 295)
prokka_CHQ_2/CHQ_2:Prokka:CHQ_2_02622 (length 250)
prokka_CHQ_2/CHQ_2:Prokka:CHQ_2_02623 (length 75)
prokka_CHQ_2/CHQ_2:Prokka:CHQ_2_02624 (length 308)
prokka_CHQ_2/CHQ_2:Prokka:CHQ_2_02625 (length 82)
prokka_CHQ_2/CHQ_2:Prokka:CHQ_2_02626 (length 817)
prokka_CHQ_2/CHQ_2:Prokka:CHQ_2_02627 (length 195)
prokka_CHQ_2/CHQ_2:Prokka:CHQ_2_02628 (length 352)
prokka_CHQ_2/CHQ_2:Prokka:CHQ_2_02629 (length 313)
prokka_CHQ_2/CHQ_2:Prokka:CHQ_2_02630 (length 87)
prokka_CHQ_2/CHQ_2:Prokka:CHQ_2_02631 (length 445)
prokka_CHQ_2/CHQ_2:Prokka:CHQ_2_02632 (length 159)
prokka_CHQ_2/CHQ_2:Prokka:CHQ_2_02633 (length 231)
prokka_CHQ_2/CHQ_2:Prokka:CHQ_2_02634 (length 248)
prokka_CHQ_2/CHQ_2:Prokka:CHQ_2_02635 (length 134)
prokka_CHQ_2/CHQ_2:Prokka:CHQ_2_02636 (length 347)
prokka_CHQ_2/CHQ_2:Prokka:CHQ_2_02637 (length 179)
prokka_CHQ_2/CHQ_2:Prokka:CHQ_2_02638 (length 607)
prokka_CHQ_2/CHQ_2:Prokka:CHQ_2_02639 (length 587)
prokka_CHQ_2/CHQ_2:Prokka:CHQ_2_02640 (length 379)
prokka_CHQ_2/CHQ_2:Prokka:CHQ_2_02641 (length 233)
prokka_CHQ_2/CHQ_2:Prokka:CHQ_2_02642 (length 305)
prokka_CHQ_2/CHQ_2:Prokka:CHQ_2_02643 (length 634)
prokka_CHQ_2/CHQ_2:Prokka:CHQ_2_02644 (length 481)
prokka_CHQ_2/CHQ_2:Prokka:CHQ_2_02645 (length 295)
prokka_CHQ_2/CHQ_2:Prokka:CHQ_2_02646 (length 327)
prokka_CHQ_2/CHQ_2:Prokka:CHQ_2_02647 (length 305)
prokka_CHQ_2/CHQ_2:Prokka:CHQ_2_02648 (length 185)
prokka_CHQ_2/CHQ_2:Prokka:CHQ_2_02649 (length 292)
prokka_CHQ_2/CHQ_2:Prokka:CHQ_2_02650 (length 540)
prokka_CHQ_2/CHQ_2:Prokka:CHQ_2_02651 (length 110)
prokka_CHQ_2/CHQ_2:Prokka:CHQ_2_02652 (length 264)
prokka_CHQ_2/CHQ_2:Prokka:CHQ_2_02653 (length 176)
prokka_CHQ_2/CHQ_2:Prokka:CHQ_2_02654 (length 301)
prokka_CHQ_2/CHQ_2:Prokka:CHQ_2_02655 (length 365)
prokka_CHQ_2/CHQ_2:Prokka:CHQ_2_02656 (length 230)
prokka_CHQ_2/CHQ_2:Prokka:CHQ_2_02657 (length 311)
prokka_CHQ_2/CHQ_2:Prokka:CHQ_2_02658 (length 325)
prokka_CHQ_2/CHQ_2:Prokka:CHQ_2_02659 (length 722)
prokka_CHQ_2/CHQ_2:Prokka:CHQ_2_02660 (length 140)
prokka_CHQ_2/CHQ_2:Prokka:CHQ_2_02661 (length 72)
prokka_CHQ_2/CHQ_2:Prokka:CHQ_2_02662 (length 212)
prokka_CHQ_2/CHQ_2:Prokka:CHQ_2_02663 (length 644)
prokka_CHQ_2/CHQ_2:Prokka:CHQ_2_02664 (length 179)
prokka_CHQ_2/CHQ_2:Prokka:CHQ_2_02665 (length 277)
prokka_CHQ_2/CHQ_2:Prokka:CHQ_2_02666 (length 149)
prokka_CHQ_2/CHQ_2:Prokka:CHQ_2_02667 (length 824)
prokka_CHQ_2/CHQ_2:Prokka:CHQ_2_02668 (length 301)
prokka_CHQ_2/CHQ_2:Prokka:CHQ_2_02669 (length 362)
prokka_CHQ_2/CHQ_2:Prokka:CHQ_2_02670 (length 216)
prokka_CHQ_2/CHQ_2:Prokka:CHQ_2_02671 (length 398)
prokka_CHQ_2/CHQ_2:Prokka:CHQ_2_02672 (length 154)
prokka_CHQ_2/CHQ_2:Prokka:CHQ_2_02673 (length 150)
prokka_CHQ_2/CHQ_2:Prokka:CHQ_2_02674 (length 301)
prokka_CHQ_2/CHQ_2:Prokka:CHQ_2_02675 (length 147)
prokka_CHQ_2/CHQ_2:Prokka:CHQ_2_02676 (length 523)
prokka_CHQ_2/CHQ_2:Prokka:CHQ_2_02677 (length 318)
prokka_CHQ_2/CHQ_2:Prokka:CHQ_2_02678 (length 228)
prokka_CHQ_2/CHQ_2:Prokka:CHQ_2_02679 (length 171)
prokka_CHQ_2/CHQ_2:Prokka:CHQ_2_02680 (length 441)
prokka_CHQ_2/CHQ_2:Prokka:CHQ_2_02681 (length 218)
prokka_CHQ_2/CHQ_2:Prokka:CHQ_2_02682 (length 605)
prokka_CHQ_2/CHQ_2:Prokka:CHQ_2_02683 (length 210)
prokka_CHQ_2/CHQ_2:Prokka:CHQ_2_02684 (length 216)
prokka_CHQ_2/CHQ_2:Prokka:CHQ_2_02685 (length 130)
prokka_CHQ_2/CHQ_2:Prokka:CHQ_2_02686 (length 635)
prokka_CHQ_2/CHQ_2:Prokka:CHQ_2_02687 (length 285)
prokka_CHQ_2/CHQ_2:Prokka:CHQ_2_02688 (length 243)
prokka_CHQ_2/CHQ_2:Prokka:CHQ_2_02689 (length 59)
prokka_CHQ_2/CHQ_2:Prokka:CHQ_2_02690 (length 62)
prokka_CHQ_2/CHQ_2:Prokka:CHQ_2_02691 (length 59)
prokka_CHQ_2/CHQ_2:Prokka:CHQ_2_02692 (length 209)
prokka_CHQ_2/CHQ_2:Prokka:CHQ_2_02693 (length 441)
prokka_CHQ_2/CHQ_2:Prokka:CHQ_2_02694 (length 38)
prokka_CHQ_2/CHQ_2:Prokka:CHQ_2_02695 (length 396)
prokka_CHQ_2/CHQ_2:Prokka:CHQ_2_02696 (length 66)
prokka_CHQ_2/CHQ_2:Prokka:CHQ_2_02697 (length 136)
prokka_CHQ_2/CHQ_2:Prokka:CHQ_2_02698 (length 125)
prokka_CHQ_2/CHQ_2:Prokka:CHQ_2_02699 (length 72)
prokka_CHQ_2/CHQ_2:Prokka:CHQ_2_02700 (length 236)
prokka_CHQ_2/CHQ_2:Prokka:CHQ_2_02701 (length 38)
prokka_CHQ_2/CHQ_2:Prokka:CHQ_2_02702 (length 89)
prokka_CHQ_2/CHQ_2:Prokka:CHQ_2_02703 (length 386)
prokka_CHQ_2/CHQ_2:Prokka:CHQ_2_02704 (length 271)
prokka_CHQ_2/CHQ_2:Prokka:CHQ_2_02705 (length 78)
prokka_CHQ_2/CHQ_2:Prokka:CHQ_2_02706 (length 123)
prokka_CHQ_2/CHQ_2:Prokka:CHQ_2_02707 (length 487)
prokka_CHQ_2/CHQ_2:Prokka:CHQ_2_02708 (length 116)
prokka_CHQ_2/CHQ_2:Prokka:CHQ_2_02709 (length 49)
prokka_CHQ_2/CHQ_2:Prokka:CHQ_2_02710 (length 99)
prokka_CHQ_2/CHQ_2:Prokka:CHQ_2_02711 (length 139)
prokka_CHQ_2/CHQ_2:Prokka:CHQ_2_02712 (length 69)
prokka_CHQ_2/CHQ_2:Prokka:CHQ_2_02713 (length 211)
prokka_CHQ_2/CHQ_2:Prokka:CHQ_2_02714 (length 125)
prokka_CHQ_2/CHQ_2:Prokka:CHQ_2_02715 (length 73)
prokka_CHQ_2/CHQ_2:Prokka:CHQ_2_02716 (length 165)
prokka_CHQ_2/CHQ_2:Prokka:CHQ_2_02717 (length 78)
prokka_CHQ_2/CHQ_2:Prokka:CHQ_2_02718 (length 162)
prokka_CHQ_2/CHQ_2:Prokka:CHQ_2_02719 (length 112)
prokka_CHQ_2/CHQ_2:Prokka:CHQ_2_02720 (length 55)
prokka_CHQ_2/CHQ_2:Prokka:CHQ_2_02721 (length 54)
prokka_CHQ_2/CHQ_2:Prokka:CHQ_2_02722 (length 507)
prokka_CHQ_2/CHQ_2:Prokka:CHQ_2_02723 (length 381)
prokka_CHQ_2/CHQ_2:Prokka:CHQ_2_02724 (length 190)
prokka_CHQ_2/CHQ_2:Prokka:CHQ_2_02725 (length 191)
prokka_CHQ_2/CHQ_2:Prokka:CHQ_2_02726 (length 193)
prokka_CHQ_2/CHQ_2:Prokka:CHQ_2_02727 (length 355)
prokka_CHQ_2/CHQ_2:Prokka:CHQ_2_02728 (length 296)
prokka_CHQ_2/CHQ_2:Prokka:CHQ_2_02729 (length 796)
prokka_CHQ_2/CHQ_2:Prokka:CHQ_2_02730 (length 416)
prokka_CHQ_2/CHQ_2:Prokka:CHQ_2_02731 (length 37)
prokka_CHQ_2/CHQ_2:Prokka:CHQ_2_02732 (length 94)
prokka_CHQ_2/CHQ_2:Prokka:CHQ_2_02733 (length 146)
prokka_CHQ_2/CHQ_2:Prokka:CHQ_2_02734 (length 77)
prokka_CHQ_2/CHQ_2:Prokka:CHQ_2_02735 (length 186)
prokka_CHQ_2/CHQ_2:Prokka:CHQ_2_02736 (length 307)
prokka_CHQ_2/CHQ_2:Prokka:CHQ_2_02737 (length 295)
prokka_CHQ_2/CHQ_2:Prokka:CHQ_2_02738 (length 460)
prokka_CHQ_2/CHQ_2:Prokka:CHQ_2_02739 (length 63)
prokka_CHQ_2/CHQ_2:Prokka:CHQ_2_02740 (length 147)
prokka_CHQ_2/CHQ_2:Prokka:CHQ_2_02741 (length 126)
prokka_CHQ_2/CHQ_2:Prokka:CHQ_2_02742 (length 53)
prokka_CHQ_2/CHQ_2:Prokka:CHQ_2_02743 (length 92)
prokka_CHQ_2/CHQ_2:Prokka:CHQ_2_02744 (length 100)
prokka_CHQ_2/CHQ_2:Prokka:CHQ_2_02745 (length 220)
prokka_CHQ_2/CHQ_2:Prokka:CHQ_2_02746 (length 96)
prokka_CHQ_2/CHQ_2:Prokka:CHQ_2_02747 (length 157)
prokka_CHQ_2/CHQ_2:Prokka:CHQ_2_02748 (length 87)
prokka_CHQ_2/CHQ_2:Prokka:CHQ_2_02749 (length 375)
prokka_CHQ_2/CHQ_2:Prokka:CHQ_2_02750 (length 1492)
prokka_CHQ_2/CHQ_2:Prokka:CHQ_2_02751 (length 149)
prokka_CHQ_2/CHQ_2:Prokka:CHQ_2_02752 (length 92)
prokka_CHQ_2/CHQ_2:Prokka:CHQ_2_02753 (length 118)
prokka_CHQ_2/CHQ_2:Prokka:CHQ_2_02754 (length 427)
prokka_CHQ_2/CHQ_2:Prokka:CHQ_2_02755 (length 317)
prokka_CHQ_2/CHQ_2:Prokka:CHQ_2_02756 (length 149)
prokka_CHQ_2/CHQ_2:Prokka:CHQ_2_02757 (length 173)
prokka_CHQ_2/CHQ_2:Prokka:CHQ_2_02758 (length 935)
prokka_CHQ_2/CHQ_2:Prokka:CHQ_2_02759 (length 275)
prokka_CHQ_2/CHQ_2:Prokka:CHQ_2_02760 (length 280)
prokka_CHQ_2/CHQ_2:Prokka:CHQ_2_02761 (length 137)
prokka_CHQ_2/CHQ_2:Prokka:CHQ_2_02762 (length 499)
prokka_CHQ_2/CHQ_2:Prokka:CHQ_2_02763 (length 191)
prokka_CHQ_2/CHQ_2:Prokka:CHQ_2_02764 (length 223)
prokka_CHQ_2/CHQ_2:Prokka:CHQ_2_02765 (length 77)
prokka_CHQ_2/CHQ_2:Prokka:CHQ_2_02766 (length 78)
prokka_CHQ_2/CHQ_2:Prokka:CHQ_2_02767 (length 77)
prokka_CHQ_2/CHQ_2:Prokka:CHQ_2_02768 (length 285)
prokka_CHQ_2/CHQ_2:Prokka:CHQ_2_02769 (length 695)
prokka_CHQ_2/CHQ_2:Prokka:CHQ_2_02770 (length 688)
prokka_CHQ_2/CHQ_2:Prokka:CHQ_2_02771 (length 197)
prokka_CHQ_2/CHQ_2:Prokka:CHQ_2_02772 (length 99)
prokka_CHQ_2/CHQ_2:Prokka:CHQ_2_02773 (length 447)
prokka_CHQ_2/CHQ_2:Prokka:CHQ_2_02774 (length 320)
prokka_CHQ_2/CHQ_2:Prokka:CHQ_2_02775 (length 178)
prokka_CHQ_2/CHQ_2:Prokka:CHQ_2_02776 (length 138)
prokka_CHQ_2/CHQ_2:Prokka:CHQ_2_02777 (length 769)
prokka_CHQ_2/CHQ_2:Prokka:CHQ_2_02778 (length 205)
prokka_CHQ_2/CHQ_2:Prokka:CHQ_2_02779 (length 689)
prokka_CHQ_2/CHQ_2:Prokka:CHQ_2_02780 (length 296)
prokka_CHQ_2/CHQ_2:Prokka:CHQ_2_02781 (length 148)
prokka_CHQ_2/CHQ_2:Prokka:CHQ_2_02782 (length 134)
prokka_CHQ_2/CHQ_2:Prokka:CHQ_2_02783 (length 111)
prokka_CHQ_2/CHQ_2:Prokka:CHQ_2_02784 (length 98)
prokka_CHQ_2/CHQ_2:Prokka:CHQ_2_02785 (length 360)
prokka_CHQ_2/CHQ_2:Prokka:CHQ_2_02786 (length 416)
prokka_CHQ_2/CHQ_2:Prokka:CHQ_2_02787 (length 271)
prokka_CHQ_2/CHQ_2:Prokka:CHQ_2_02788 (length 149)
prokka_CHQ_2/CHQ_2:Prokka:CHQ_2_02789 (length 891)
prokka_CHQ_2/CHQ_2:Prokka:CHQ_2_02790 (length 314)
prokka_CHQ_2/CHQ_2:Prokka:CHQ_2_02791 (length 365)

DiscRep_ALL:DISC_INCONSISTENT_MOLINFO_TECH::Molinfo Technique Report (some missing, all same)
DiscRep_SUB:DISC_INCONSISTENT_MOLINFO_TECH::technique (all missing)
DiscRep_SUB:DISC_INCONSISTENT_MOLINFO_TECH::29 Molinfos are missing field technique
prokka_CHQ_2/CHQ_2:Prokka:CHQ_2_1 (length 7221)
prokka_CHQ_2/CHQ_2:Prokka:CHQ_2_2 (length 40311)
prokka_CHQ_2/CHQ_2:Prokka:CHQ_2_3 (length 4375)
prokka_CHQ_2/CHQ_2:Prokka:CHQ_2_4 (length 15615)
prokka_CHQ_2/CHQ_2:Prokka:CHQ_2_5 (length 203393)
prokka_CHQ_2/CHQ_2:Prokka:CHQ_2_6 (length 38918)
prokka_CHQ_2/CHQ_2:Prokka:CHQ_2_7 (length 304765)
prokka_CHQ_2/CHQ_2:Prokka:CHQ_2_8 (length 361391)
prokka_CHQ_2/CHQ_2:Prokka:CHQ_2_9 (length 209782)
prokka_CHQ_2/CHQ_2:Prokka:CHQ_2_10 (length 174556)
prokka_CHQ_2/CHQ_2:Prokka:CHQ_2_11 (length 14377)
prokka_CHQ_2/CHQ_2:Prokka:CHQ_2_12 (length 4404)
prokka_CHQ_2/CHQ_2:Prokka:CHQ_2_13 (length 277461)
prokka_CHQ_2/CHQ_2:Prokka:CHQ_2_14 (length 39840)
prokka_CHQ_2/CHQ_2:Prokka:CHQ_2_15 (length 35741)
prokka_CHQ_2/CHQ_2:Prokka:CHQ_2_16 (length 3362)
prokka_CHQ_2/CHQ_2:Prokka:CHQ_2_17 (length 128654)
prokka_CHQ_2/CHQ_2:Prokka:CHQ_2_18 (length 1173)
prokka_CHQ_2/CHQ_2:Prokka:CHQ_2_19 (length 18180)
prokka_CHQ_2/CHQ_2:Prokka:CHQ_2_20 (length 75476)
prokka_CHQ_2/CHQ_2:Prokka:CHQ_2_21 (length 12140)
prokka_CHQ_2/CHQ_2:Prokka:CHQ_2_22 (length 20097)
prokka_CHQ_2/CHQ_2:Prokka:CHQ_2_23 (length 4634)
prokka_CHQ_2/CHQ_2:Prokka:CHQ_2_24 (length 6280)
prokka_CHQ_2/CHQ_2:Prokka:CHQ_2_25 (length 4058)
prokka_CHQ_2/CHQ_2:Prokka:CHQ_2_26 (length 511058)
prokka_CHQ_2/CHQ_2:Prokka:CHQ_2_27 (length 45371)
prokka_CHQ_2/CHQ_2:Prokka:CHQ_2_28 (length 7799)
prokka_CHQ_2/CHQ_2:Prokka:CHQ_2_29 (length 190638)

