locus_tag	ftype	length_bp	gene	EC_number	COG	product
CHQ_1_00001	gene	567	gmhB			
CHQ_1_00001	CDS	567	gmhB	3.1.3.82	COG0241	D-glycero-beta-D-manno-heptose-1,7-bisphosphate 7-phosphatase
CHQ_1_00002	gene	1032	metN_1			
CHQ_1_00002	CDS	1032	metN_1	3.6.3.-	COG1135	Methionine import ATP-binding protein MetN
CHQ_1_00003	gene	654	metI_1			
CHQ_1_00003	CDS	654	metI_1		COG2011	D-methionine transport system permease protein MetI
CHQ_1_00004	gene	816	metQ_1			
CHQ_1_00004	CDS	816	metQ_1		COG1464	D-methionine-binding lipoprotein MetQ
CHQ_1_00005	gene	408	rcsF			
CHQ_1_00005	CDS	408	rcsF			Outer membrane lipoprotein RcsF
CHQ_1_00006	gene	708	trmO			
CHQ_1_00006	CDS	708	trmO	2.1.1.-	COG1720	tRNA (adenine(37)-N6)-methyltransferase
CHQ_1_00007	gene	1719	proS			
CHQ_1_00007	CDS	1719	proS	6.1.1.15	COG0442	Proline--tRNA ligase
CHQ_1_00008	gene	324				
CHQ_1_00008	CDS	324				hypothetical protein
CHQ_1_00009	gene	699	nlpE			
CHQ_1_00009	CDS	699	nlpE		COG3015	Lipoprotein NlpE
CHQ_1_00010	gene	414	arfB			
CHQ_1_00010	CDS	414	arfB	3.1.1.29	COG1186	Peptidyl-tRNA hydrolase ArfB
CHQ_1_00011	gene	546	yaeQ			
CHQ_1_00011	CDS	546	yaeQ		COG4681	putative protein YaeQ
CHQ_1_00012	gene	201				
CHQ_1_00012	CDS	201				hypothetical protein
CHQ_1_00013	gene	261	rof			
CHQ_1_00013	CDS	261	rof		COG4568	Protein rof
CHQ_1_00014	gene	1302	tilS			
CHQ_1_00014	CDS	1302	tilS	6.3.4.19	COG0037	tRNA(Ile)-lysidine synthase
CHQ_1_00015	gene	390				
CHQ_1_00015	CDS	390				hypothetical protein
CHQ_1_00016	gene	2190	ldcC			
CHQ_1_00016	CDS	2190	ldcC	4.1.1.18	COG1982	Constitutive lysine decarboxylase
CHQ_1_00017	gene	960	accA			
CHQ_1_00017	CDS	960	accA	2.1.3.15	COG0825	Acetyl-coenzyme A carboxylase carboxyl transferase subunit alpha
CHQ_1_00018	gene	3483	dnaE			
CHQ_1_00018	CDS	3483	dnaE	2.7.7.7	COG0587	DNA polymerase III subunit alpha
CHQ_1_00019	gene	600	rnhB			
CHQ_1_00019	CDS	600	rnhB	3.1.26.4	COG0164	Ribonuclease HII
CHQ_1_00020	gene	1152	lpxB			
CHQ_1_00020	CDS	1152	lpxB	2.4.1.182	COG0763	Lipid-A-disaccharide synthase
CHQ_1_00021	gene	789	lpxA			
CHQ_1_00021	CDS	789	lpxA	2.3.1.129	COG1043	Acyl-[acyl-carrier-protein]--UDP-N-acetylglucosamine O-acyltransferase
CHQ_1_00022	gene	456	fabZ			
CHQ_1_00022	CDS	456	fabZ	4.2.1.59	COG0764	3-hydroxyacyl-[acyl-carrier-protein] dehydratase FabZ
CHQ_1_00023	gene	1026	lpxD_1			
CHQ_1_00023	CDS	1026	lpxD_1	2.3.1.191	COG1044	UDP-3-O-(3-hydroxymyristoyl)glucosamine N-acyltransferase
CHQ_1_00024	gene	486	skp			
CHQ_1_00024	CDS	486	skp		COG2825	Chaperone protein Skp
CHQ_1_00025	gene	2430	bamA_1			
CHQ_1_00025	CDS	2430	bamA_1		COG4775	Outer membrane protein assembly factor BamA
CHQ_1_00026	gene	1353	rseP			
CHQ_1_00026	CDS	1353	rseP	3.4.24.-	COG0750	Regulator of sigma-E protease RseP
CHQ_1_00027	gene	858	cdsA			
CHQ_1_00027	CDS	858	cdsA	2.7.7.41	COG0575	Phosphatidate cytidylyltransferase
CHQ_1_00028	gene	690	ispU			
CHQ_1_00028	CDS	690	ispU	2.5.1.31	COG0020	Ditrans,polycis-undecaprenyl-diphosphate synthase ((2E,6E)-farnesyl-diphosphate specific)
CHQ_1_00029	gene	1203	dxr			
CHQ_1_00029	CDS	1203	dxr	1.1.1.267	COG0743	1-deoxy-D-xylulose 5-phosphate reductoisomerase
CHQ_1_00030	gene	558	frr			
CHQ_1_00030	CDS	558	frr		COG0233	Ribosome-recycling factor
CHQ_1_00031	gene	726	pyrH			
CHQ_1_00031	CDS	726	pyrH	2.7.4.22	COG0528	Uridylate kinase
CHQ_1_00032	gene	852	tsf			
CHQ_1_00032	CDS	852	tsf		COG0264	Elongation factor Ts
CHQ_1_00033	gene	726	rpsB			
CHQ_1_00033	CDS	726	rpsB		COG0052	30S ribosomal protein S2
CHQ_1_00034	gene	795	map_1			
CHQ_1_00034	CDS	795	map_1	3.4.11.18	COG0024	Methionine aminopeptidase
CHQ_1_00035	gene	2664	glnD			
CHQ_1_00035	CDS	2664	glnD		COG2844	Bifunctional uridylyltransferase/uridylyl-removing enzyme
CHQ_1_00036	gene	825	dapD			
CHQ_1_00036	CDS	825	dapD	2.3.1.117	COG2171	2,3,4,5-tetrahydropyridine-2,6-dicarboxylate N-succinyltransferase
CHQ_1_00037	gene	387				
CHQ_1_00037	CDS	387				hypothetical protein
CHQ_1_00038	gene	1212	cdaR			
CHQ_1_00038	CDS	1212	cdaR		COG3835	Carbohydrate diacid regulator
CHQ_1_00039	gene	1434	degP			
CHQ_1_00039	CDS	1434	degP	3.4.21.107	COG0265	Periplasmic serine endoprotease DegP
CHQ_1_00040	gene	1515	dgt			
CHQ_1_00040	CDS	1515	dgt	3.1.5.1	COG0232	Deoxyguanosinetriphosphate triphosphohydrolase
CHQ_1_00041	gene	699	mtnN			
CHQ_1_00041	CDS	699	mtnN	3.2.2.9	COG0775	5'-methylthioadenosine/S-adenosylhomocysteine nucleosidase
CHQ_1_00042	gene	801	btuF_1			
CHQ_1_00042	CDS	801	btuF_1		COG0614	Vitamin B12-binding protein
CHQ_1_00043	gene	627				
CHQ_1_00043	CDS	627				hypothetical protein
CHQ_1_00044	gene	345	erpA			
CHQ_1_00044	CDS	345	erpA		COG0316	Iron-sulfur cluster insertion protein ErpA
CHQ_1_00045	gene	1512	clcA			
CHQ_1_00045	CDS	1512	clcA		COG0038	H(+)/Cl(-) exchange transporter ClcA
CHQ_1_00046	gene	1281	hemL			
CHQ_1_00046	CDS	1281	hemL	5.4.3.8	COG0001	Glutamate-1-semialdehyde 2,1-aminomutase
CHQ_1_00047	gene	1983	fhuB			
CHQ_1_00047	CDS	1983	fhuB		COG0609	Iron(3+)-hydroxamate import system permease protein FhuB
CHQ_1_00048	gene	891	fhuD			
CHQ_1_00048	CDS	891	fhuD		COG0614	Iron(3+)-hydroxamate-binding protein FhuD
CHQ_1_00049	gene	798	fhuC_1			
CHQ_1_00049	CDS	798	fhuC_1	7.2.2.16	COG1120	Iron(3+)-hydroxamate import ATP-binding protein FhuC
CHQ_1_00050	gene	2208	fhuA_1			
CHQ_1_00050	CDS	2208	fhuA_1		COG1629	Ferrichrome outer membrane transporter/phage receptor
CHQ_1_00051	gene	2562	mrcB			
CHQ_1_00051	CDS	2562	mrcB		COG0744	Penicillin-binding protein 1B
CHQ_1_00052	gene	375	pulS			
CHQ_1_00052	CDS	375	pulS			Pullulanase secretion protein PulS
CHQ_1_00053	gene	558				
CHQ_1_00053	CDS	558				hypothetical protein
CHQ_1_00054	gene	3291	pulA			
CHQ_1_00054	CDS	3291	pulA	3.2.1.41		Pullulanase
CHQ_1_00055	gene	843	outC			
CHQ_1_00055	CDS	843	outC		COG3031	Type II secretion system protein C
CHQ_1_00056	gene	1974	pulD			
CHQ_1_00056	CDS	1974	pulD			Secretin PulD
CHQ_1_00057	gene	1494	epsE_1			
CHQ_1_00057	CDS	1494	epsE_1		COG2804	Type II secretion system protein E
CHQ_1_00058	gene	1215	epsF_1			
CHQ_1_00058	CDS	1215	epsF_1		COG1459	Type II secretion system protein F
CHQ_1_00059	gene	423	pulG			
CHQ_1_00059	CDS	423	pulG			Type II secretion system protein G
CHQ_1_00060	gene	516	gspH			
CHQ_1_00060	CDS	516	gspH		COG2165	Putative type II secretion system protein H
CHQ_1_00061	gene	366				
CHQ_1_00061	CDS	366				hypothetical protein
CHQ_1_00062	gene	597	xcpW			
CHQ_1_00062	CDS	597	xcpW		COG4795	Type II secretion system protein J
CHQ_1_00063	gene	981	gspK			
CHQ_1_00063	CDS	981	gspK		COG3156	Putative type II secretion system protein K
CHQ_1_00064	gene	1197	epsL			
CHQ_1_00064	CDS	1197	epsL		COG3297	Type II secretion system protein L
CHQ_1_00065	gene	486	epsM			
CHQ_1_00065	CDS	486	epsM		COG3149	Type II secretion system protein M
CHQ_1_00066	gene	729	outN			
CHQ_1_00066	CDS	729	outN			Type II secretion system protein N
CHQ_1_00067	gene	801	outO			
CHQ_1_00067	CDS	801	outO			Type 4 prepilin-like proteins leader peptide-processing enzyme
CHQ_1_00068	gene	2430	hrpB			
CHQ_1_00068	CDS	2430	hrpB	3.6.4.13	COG1643	ATP-dependent RNA helicase HrpB
CHQ_1_00069	gene	537	thpR			
CHQ_1_00069	CDS	537	thpR	3.1.4.58	COG1514	RNA 2',3'-cyclic phosphodiesterase
CHQ_1_00070	gene	717	sfsA			
CHQ_1_00070	CDS	717	sfsA		COG1489	Sugar fermentation stimulation protein A
CHQ_1_00071	gene	456	dksA			
CHQ_1_00071	CDS	456	dksA		COG1734	RNA polymerase-binding transcription factor DksA
CHQ_1_00072	gene	882	gluQ			
CHQ_1_00072	CDS	882	gluQ	6.1.1.-	COG0008	Glutamyl-Q tRNA(Asp) synthetase
CHQ_1_00073	gene	1362	pcnB			
CHQ_1_00073	CDS	1362	pcnB	2.7.7.19	COG0617	Poly(A) polymerase I
CHQ_1_00074	gene	480	folK			
CHQ_1_00074	CDS	480	folK	2.7.6.3	COG0801	2-amino-4-hydroxy-6-hydroxymethyldihydropteridine pyrophosphokinase
CHQ_1_00075	gene	792	panB			
CHQ_1_00075	CDS	792	panB	2.1.2.11	COG0413	3-methyl-2-oxobutanoate hydroxymethyltransferase
CHQ_1_00076	gene	855	panC			
CHQ_1_00076	CDS	855	panC	6.3.2.1	COG0414	Pantothenate synthetase
CHQ_1_00077	gene	381	panD			
CHQ_1_00077	CDS	381	panD	4.1.1.11		Aspartate 1-decarboxylase
CHQ_1_00078	gene	1254				
CHQ_1_00078	CDS	1254				hypothetical protein
CHQ_1_00079	gene	441				
CHQ_1_00079	CDS	441				hypothetical protein
CHQ_1_00080	gene	768	yadH			
CHQ_1_00080	CDS	768	yadH		COG0842	Inner membrane transport permease YadH
CHQ_1_00081	gene	927	yadG			
CHQ_1_00081	CDS	927	yadG		COG1131	putative ABC transporter ATP-binding protein YadG
CHQ_1_00082	gene	663	can_1			
CHQ_1_00082	CDS	663	can_1	4.2.1.1	COG0288	Carbonic anhydrase 2
CHQ_1_00083	gene	537	hpt			
CHQ_1_00083	CDS	537	hpt	2.4.2.8	COG0634	Hypoxanthine phosphoribosyltransferase
CHQ_1_00084	gene	2391	gcd			
CHQ_1_00084	CDS	2391	gcd	1.1.5.2	COG4993	Quinoprotein glucose dehydrogenase
CHQ_1_00085	gene	1611	cueO			
CHQ_1_00085	CDS	1611	cueO		COG2132	Blue copper oxidase CueO
CHQ_1_00086	gene	327				
CHQ_1_00086	CDS	327				hypothetical protein
CHQ_1_00087	gene	411				
CHQ_1_00087	CDS	411				hypothetical protein
CHQ_1_00088	gene	1764				
CHQ_1_00088	CDS	1764				hypothetical protein
CHQ_1_00089	gene	861	speE			
CHQ_1_00089	CDS	861	speE	2.5.1.-	COG0421	Polyamine aminopropyltransferase
CHQ_1_00090	gene	795	speD			
CHQ_1_00090	CDS	795	speD	4.1.1.50	COG1586	S-adenosylmethionine decarboxylase proenzyme
CHQ_1_00091	gene	363				
CHQ_1_00091	CDS	363				hypothetical protein
CHQ_1_00092	gene	2598	acnB			
CHQ_1_00092	CDS	2598	acnB	4.2.1.3	COG1049	Aconitate hydratase B
CHQ_1_00093	gene	1578				
CHQ_1_00093	CDS	1578				hypothetical protein
CHQ_1_00094	gene	807				
CHQ_1_00094	CDS	807				hypothetical protein
CHQ_1_00095	gene	285				
CHQ_1_00095	CDS	285				hypothetical protein
CHQ_1_00096	gene	1425	lpdA			
CHQ_1_00096	CDS	1425	lpdA	1.8.1.4	COG1249	Dihydrolipoyl dehydrogenase
CHQ_1_00097	gene	1899	aceF			
CHQ_1_00097	CDS	1899	aceF	2.3.1.12	COG0508	Dihydrolipoyllysine-residue acetyltransferase component of pyruvate dehydrogenase complex
CHQ_1_00098	gene	2664	aceE			
CHQ_1_00098	CDS	2664	aceE	1.2.4.1	COG2609	Pyruvate dehydrogenase E1 component
CHQ_1_00099	gene	780	pdhR			
CHQ_1_00099	CDS	780	pdhR		COG2186	Pyruvate dehydrogenase complex repressor
CHQ_1_00100	gene	1371	aroP_1			
CHQ_1_00100	CDS	1371	aroP_1		COG1113	Aromatic amino acid transport protein AroP
CHQ_1_00101	gene	1407	yicJ_1			
CHQ_1_00101	CDS	1407	yicJ_1		COG2211	Inner membrane symporter YicJ
CHQ_1_00102	gene	951				
CHQ_1_00102	CDS	951		3.2.1.55	COG3940	Extracellular exo-alpha-(1->5)-L-arabinofuranosidase
CHQ_1_00103	gene	855	ampE			
CHQ_1_00103	CDS	855	ampE		COG3725	Protein AmpE
CHQ_1_00104	gene	564	ampD			
CHQ_1_00104	CDS	564	ampD	3.5.1.28		1,6-anhydro-N-acetylmuramyl-L-alanine amidase AmpD
CHQ_1_00105	gene	894	nadC			
CHQ_1_00105	CDS	894	nadC	2.4.2.19	COG0157	Nicotinate-nucleotide pyrophosphorylase [carboxylating]
CHQ_1_00106	gene	432				
CHQ_1_00106	CDS	432				hypothetical protein
CHQ_1_00107	gene	1386	epsE_2			
CHQ_1_00107	CDS	1386	epsE_2		COG2804	Type II secretion system protein E
CHQ_1_00108	gene	1206	epsF_2			
CHQ_1_00108	CDS	1206	epsF_2		COG1459	Type II secretion system protein F
CHQ_1_00109	gene	1044	guaC			
CHQ_1_00109	CDS	1044	guaC	1.7.1.7	COG0516	GMP reductase
CHQ_1_00110	gene	621	coaE			
CHQ_1_00110	CDS	621	coaE	2.7.1.24	COG0237	Dephospho-CoA kinase
CHQ_1_00111	gene	744	zapD			
CHQ_1_00111	CDS	744	zapD		COG4582	Cell division protein ZapD
CHQ_1_00112	gene	195	yacG			
CHQ_1_00112	CDS	195	yacG		COG3024	DNA gyrase inhibitor YacG
CHQ_1_00113	gene	393	mutT			
CHQ_1_00113	CDS	393	mutT	3.6.1.55	COG0494	8-oxo-dGTP diphosphatase
CHQ_1_00114	gene	2706	secA			
CHQ_1_00114	CDS	2706	secA		COG0653	Protein translocase subunit SecA
CHQ_1_00115	gene	504	secM			
CHQ_1_00115	CDS	504	secM			Secretion monitor
CHQ_1_00116	gene	918	lpxC			
CHQ_1_00116	CDS	918	lpxC	3.5.1.108	COG0774	UDP-3-O-acyl-N-acetylglucosamine deacetylase
CHQ_1_00117	gene	1152	ftsZ			
CHQ_1_00117	CDS	1152	ftsZ		COG0206	Cell division protein FtsZ
CHQ_1_00118	gene	1263	ftsA_1			
CHQ_1_00118	CDS	1263	ftsA_1		COG0849	Cell division protein FtsA
CHQ_1_00119	gene	831	ftsQ			
CHQ_1_00119	CDS	831	ftsQ		COG1589	Cell division protein FtsQ
CHQ_1_00120	gene	921	ddlB			
CHQ_1_00120	CDS	921	ddlB	6.3.2.4	COG1181	D-alanine--D-alanine ligase B
CHQ_1_00121	gene	1476	murC			
CHQ_1_00121	CDS	1476	murC	6.3.2.8	COG0773	UDP-N-acetylmuramate--L-alanine ligase
CHQ_1_00122	gene	1047	murG			
CHQ_1_00122	CDS	1047	murG	2.4.1.227	COG0707	UDP-N-acetylglucosamine--N-acetylmuramyl-(pentapeptide) pyrophosphoryl-undecaprenol N-acetylglucosamine transferase
CHQ_1_00123	gene	1275	ftsW			
CHQ_1_00123	CDS	1275	ftsW	2.4.1.129	COG0772	putative peptidoglycan glycosyltransferase FtsW
CHQ_1_00124	gene	1317	murD			
CHQ_1_00124	CDS	1317	murD	6.3.2.9	COG0771	UDP-N-acetylmuramoylalanine--D-glutamate ligase
CHQ_1_00125	gene	1083	mraY			
CHQ_1_00125	CDS	1083	mraY	2.7.8.13	COG0472	Phospho-N-acetylmuramoyl-pentapeptide-transferase
CHQ_1_00126	gene	1359	murF			
CHQ_1_00126	CDS	1359	murF	6.3.2.10	COG0770	UDP-N-acetylmuramoyl-tripeptide--D-alanyl-D-alanine ligase
CHQ_1_00127	gene	1488	murE			
CHQ_1_00127	CDS	1488	murE	6.3.2.13	COG0769	UDP-N-acetylmuramoyl-L-alanyl-D-glutamate--2,6-diaminopimelate ligase
CHQ_1_00128	gene	1767	ftsI_1			
CHQ_1_00128	CDS	1767	ftsI_1	3.4.16.4	COG0768	Peptidoglycan D,D-transpeptidase FtsI
CHQ_1_00129	gene	366	ftsL			
CHQ_1_00129	CDS	366	ftsL		COG3116	Cell division protein FtsL
CHQ_1_00130	gene	942	rsmH			
CHQ_1_00130	CDS	942	rsmH	2.1.1.199	COG0275	Ribosomal RNA small subunit methyltransferase H
CHQ_1_00131	gene	459	mraZ			
CHQ_1_00131	CDS	459	mraZ		COG2001	Transcriptional regulator MraZ
CHQ_1_00132	gene	1005	cra_1			
CHQ_1_00132	CDS	1005	cra_1		COG1609	Catabolite repressor/activator
CHQ_1_00133	gene	492	ilvH			
CHQ_1_00133	CDS	492	ilvH	2.2.1.6	COG0440	Acetolactate synthase isozyme 3 small subunit
CHQ_1_00134	gene	1725	ilvI			
CHQ_1_00134	CDS	1725	ilvI	2.2.1.6	COG0028	Acetolactate synthase isozyme 3 large subunit
CHQ_1_00135	gene	951	leuO			
CHQ_1_00135	CDS	951	leuO			HTH-type transcriptional regulator LeuO
CHQ_1_00136	gene	1572	leuA_1			
CHQ_1_00136	CDS	1572	leuA_1	2.3.3.13	COG0119	2-isopropylmalate synthase
CHQ_1_00137	gene	1092	leuB			
CHQ_1_00137	CDS	1092	leuB	1.1.1.85	COG0473	3-isopropylmalate dehydrogenase
CHQ_1_00138	gene	1401	leuC			
CHQ_1_00138	CDS	1401	leuC	4.2.1.33	COG0065	3-isopropylmalate dehydratase large subunit
CHQ_1_00139	gene	606	leuD1			
CHQ_1_00139	CDS	606	leuD1	4.2.1.33	COG0066	3-isopropylmalate dehydratase small subunit 1
CHQ_1_00140	gene	2034				
CHQ_1_00140	CDS	2034		1.-.-.-		NADH oxidase
CHQ_1_00141	gene	864	aroE_1			
CHQ_1_00141	CDS	864	aroE_1	1.1.1.25	COG0169	Shikimate dehydrogenase (NADP(+))
CHQ_1_00142	gene	1215	ydiM			
CHQ_1_00142	CDS	1215	ydiM			Inner membrane transport protein YdiM
CHQ_1_00143	gene	756	aroD			
CHQ_1_00143	CDS	756	aroD	4.2.1.10	COG0710	3-dehydroquinate dehydratase
CHQ_1_00144	gene	897	gltC_1			
CHQ_1_00144	CDS	897	gltC_1			HTH-type transcriptional regulator GltC
CHQ_1_00145	gene	1311	gudP_1			
CHQ_1_00145	CDS	1311	gudP_1			putative glucarate transporter
CHQ_1_00146	gene	1185	setA			
CHQ_1_00146	CDS	1185	setA			Sugar efflux transporter A
CHQ_1_00147	gene	153				
CHQ_1_00147	CDS	153				hypothetical protein
CHQ_1_00148	gene	1656	sgrR_1			
CHQ_1_00148	CDS	1656	sgrR_1		COG4533	HTH-type transcriptional regulator SgrR
CHQ_1_00149	gene	984	thiB			
CHQ_1_00149	CDS	984	thiB		COG4143	Thiamine-binding periplasmic protein
CHQ_1_00150	gene	1611				
CHQ_1_00150	CDS	1611				hypothetical protein
CHQ_1_00151	gene	702	thiQ			
CHQ_1_00151	CDS	702	thiQ	3.6.3.-	COG3840	Thiamine import ATP-binding protein ThiQ
CHQ_1_00152	gene	768	yabI_1			
CHQ_1_00152	CDS	768	yabI_1		COG0586	Inner membrane protein YabI
CHQ_1_00153	gene	846	araC_1			
CHQ_1_00153	CDS	846	araC_1			Arabinose operon regulatory protein
CHQ_1_00154	gene	1710	araB_1			
CHQ_1_00154	CDS	1710	araB_1	2.7.1.16	COG1069	Ribulokinase
CHQ_1_00155	gene	1503	araA			
CHQ_1_00155	CDS	1503	araA	5.3.1.4	COG2160	L-arabinose isomerase
CHQ_1_00156	gene	696	araD			
CHQ_1_00156	CDS	696	araD	5.1.3.4	COG0235	L-ribulose-5-phosphate 4-epimerase AraD
CHQ_1_00157	gene	2358	polB			
CHQ_1_00157	CDS	2358	polB	2.7.7.7	COG0417	DNA polymerase II
CHQ_1_00158	gene	2907	rapA			
CHQ_1_00158	CDS	2907	rapA	3.6.4.-	COG0553	RNA polymerase-associated protein RapA
CHQ_1_00159	gene	660	rluA_1			
CHQ_1_00159	CDS	660	rluA_1	5.4.99.28	COG0564	Dual-specificity RNA pseudouridine synthase RluA
CHQ_1_00160	gene	540	citX			
CHQ_1_00160	CDS	540	citX	2.7.7.61	COG3697	Apo-citrate lyase phosphoribosyl-dephospho-CoA transferase
CHQ_1_00161	gene	1365	cimH_1			
CHQ_1_00161	CDS	1365	cimH_1		COG3493	Citrate/malate transporter
CHQ_1_00162	gene	1626	citA_1			
CHQ_1_00162	CDS	1626	citA_1	2.7.13.3	COG3290	Sensor histidine kinase CitA
CHQ_1_00163	gene	699	citB_1			
CHQ_1_00163	CDS	699	citB_1		COG4565	Transcriptional regulatory protein CitB
CHQ_1_00164	gene	828	djlA			
CHQ_1_00164	CDS	828	djlA		COG1076	Co-chaperone protein DjlA
CHQ_1_00165	gene	2316	lptD			
CHQ_1_00165	CDS	2316	lptD		COG1452	LPS-assembly protein LptD
CHQ_1_00166	gene	1287	surA_1			
CHQ_1_00166	CDS	1287	surA_1	5.2.1.8	COG0760	Chaperone SurA
CHQ_1_00167	gene	990	pdxA			
CHQ_1_00167	CDS	990	pdxA	1.1.1.262	COG1995	4-hydroxythreonine-4-phosphate dehydrogenase
CHQ_1_00168	gene	822	rsmA			
CHQ_1_00168	CDS	822	rsmA	2.1.1.182	COG0030	Ribosomal RNA small subunit methyltransferase A
CHQ_1_00169	gene	378	apaG			
CHQ_1_00169	CDS	378	apaG		COG2967	Protein ApaG
CHQ_1_00170	gene	849	apaH			
CHQ_1_00170	CDS	849	apaH	3.6.1.41	COG0639	Bis(5'-nucleosyl)-tetraphosphatase, symmetrical
CHQ_1_00171	gene	480	folA			
CHQ_1_00171	CDS	480	folA	1.5.1.3	COG0262	Dihydrofolate reductase
CHQ_1_00172	gene	1866	kefC_1			
CHQ_1_00172	CDS	1866	kefC_1		COG0475	Glutathione-regulated potassium-efflux system protein KefC
CHQ_1_00173	gene	534	kefF_1			
CHQ_1_00173	CDS	534	kefF_1	1.6.5.2	COG2249	Glutathione-regulated potassium-efflux system ancillary protein KefF
CHQ_1_00174	gene	234	ygdR_1			
CHQ_1_00174	CDS	234	ygdR_1			putative lipoprotein YgdR
CHQ_1_00175	gene	3225	carB			
CHQ_1_00175	CDS	3225	carB	6.3.5.5	COG0458	Carbamoyl-phosphate synthase large chain
CHQ_1_00176	gene	1149	carA			
CHQ_1_00176	CDS	1149	carA	6.3.5.5	COG0505	Carbamoyl-phosphate synthase small chain
CHQ_1_00177	gene	822	dapB			
CHQ_1_00177	CDS	822	dapB	1.17.1.8	COG0289	4-hydroxy-tetrahydrodipicolinate reductase
CHQ_1_00178	gene	909	citG_1			
CHQ_1_00178	CDS	909	citG_1	2.4.2.52	COG1767	2-(5''-triphosphoribosyl)-3'-dephosphocoenzyme-A synthase
CHQ_1_00179	gene	1509	citF			
CHQ_1_00179	CDS	1509	citF	4.1.3.6	COG3051	Citrate lyase alpha chain
CHQ_1_00180	gene	870	citE			
CHQ_1_00180	CDS	870	citE	4.1.3.6	COG2301	Citrate lyase subunit beta
CHQ_1_00181	gene	294	citD			
CHQ_1_00181	CDS	294	citD		COG3052	Citrate lyase acyl carrier protein
CHQ_1_00182	gene	921	citC			
CHQ_1_00182	CDS	921	citC	6.2.1.22	COG3053	[Citrate [pro-3S]-lyase] ligase
CHQ_1_00183	gene	1341	citS			
CHQ_1_00183	CDS	1341	citS		COG3493	Citrate-sodium symporter
CHQ_1_00184	gene	249	oadG			
CHQ_1_00184	CDS	249	oadG	7.2.4.2	COG3630	Oxaloacetate decarboxylase gamma chain
CHQ_1_00185	gene	1770	oadA			
CHQ_1_00185	CDS	1770	oadA	7.2.4.2	COG0511	Oxaloacetate decarboxylase alpha chain
CHQ_1_00186	gene	1302	oadB			
CHQ_1_00186	CDS	1302	oadB	7.2.4.2	COG1883	Oxaloacetate decarboxylase beta chain
CHQ_1_00187	gene	1644	citA_2			
CHQ_1_00187	CDS	1644	citA_2	2.7.13.3	COG3290	Sensor histidine kinase CitA
CHQ_1_00188	gene	705	citB_2			
CHQ_1_00188	CDS	705	citB_2		COG4565	Transcriptional regulatory protein CitB
CHQ_1_00189	gene	630				
CHQ_1_00189	CDS	630				hypothetical protein
CHQ_1_00190	gene	930	dmlR_1			
CHQ_1_00190	CDS	930	dmlR_1			HTH-type transcriptional regulator DmlR
CHQ_1_00191	gene	366	yhaI			
CHQ_1_00191	CDS	366	yhaI		COG3152	Inner membrane protein YhaI
CHQ_1_00192	gene	915	rihC			
CHQ_1_00192	CDS	915	rihC	3.2.-.-	COG1957	Non-specific ribonucleoside hydrolase RihC
CHQ_1_00193	gene	951	ispH			
CHQ_1_00193	CDS	951	ispH	1.17.7.4	COG0761	4-hydroxy-3-methylbut-2-enyl diphosphate reductase
CHQ_1_00194	gene	450	fkpB			
CHQ_1_00194	CDS	450	fkpB	5.2.1.8	COG1047	FKBP-type 16 kDa peptidyl-prolyl cis-trans isomerase
CHQ_1_00195	gene	501	lspA			
CHQ_1_00195	CDS	501	lspA	3.4.23.36	COG0597	Lipoprotein signal peptidase
CHQ_1_00196	gene	2853	ileS			
CHQ_1_00196	CDS	2853	ileS	6.1.1.5	COG0060	Isoleucine--tRNA ligase
CHQ_1_00197	gene	939	ribF			
CHQ_1_00197	CDS	939	ribF		COG0196	Bifunctional riboflavin kinase/FMN adenylyltransferase
CHQ_1_00198	gene	210				
CHQ_1_00198	CDS	210				hypothetical protein
CHQ_1_00199	gene	897	nhaR			
CHQ_1_00199	CDS	897	nhaR		COG0583	Transcriptional activator protein NhaR
CHQ_1_00200	gene	1224	nhaA			
CHQ_1_00200	CDS	1224	nhaA		COG3004	Na(+)/H(+) antiporter NhaA
CHQ_1_00201	gene	1134	dnaJ			
CHQ_1_00201	CDS	1134	dnaJ		COG0484	Chaperone protein DnaJ
CHQ_1_00202	gene	1917	dnaK_1			
CHQ_1_00202	CDS	1917	dnaK_1		COG0443	Chaperone protein DnaK
CHQ_1_00203	gene	405				
CHQ_1_00203	CDS	405				hypothetical protein
CHQ_1_00204	gene	750				
CHQ_1_00204	CDS	750				hypothetical protein
CHQ_1_00205	gene	567	satP			
CHQ_1_00205	CDS	567	satP		COG1584	Succinate-acetate/proton symporter SatP
CHQ_1_00206	gene	1302	proP_1			
CHQ_1_00206	CDS	1302	proP_1			Proline/betaine transporter
CHQ_1_00207	gene	588	mog			
CHQ_1_00207	CDS	588	mog	2.7.7.75	COG0521	Molybdopterin adenylyltransferase
CHQ_1_00208	gene	954	talB_1			
CHQ_1_00208	CDS	954	talB_1	2.2.1.2	COG0176	Transaldolase B
CHQ_1_00209	gene	1431	alsT			
CHQ_1_00209	CDS	1431	alsT		COG1115	Amino-acid carrier protein AlsT
CHQ_1_00210	gene	774	yaaA			
CHQ_1_00210	CDS	774	yaaA		COG3022	Peroxide stress resistance protein YaaA
CHQ_1_00211	gene	1281	thrC			
CHQ_1_00211	CDS	1281	thrC	4.2.3.1	COG0498	Threonine synthase
CHQ_1_00212	gene	930	thrB			
CHQ_1_00212	CDS	930	thrB	2.7.1.39	COG0083	Homoserine kinase
CHQ_1_00213	gene	2463	thrA			
CHQ_1_00213	CDS	2463	thrA		COG0460	Bifunctional aspartokinase/homoserine dehydrogenase 1
CHQ_1_00214	gene	738	trmH_1			
CHQ_1_00214	CDS	738	trmH_1	2.1.1.34		tRNA (guanosine(18)-2'-O)-methyltransferase
CHQ_1_00215	gene	717	arcA			
CHQ_1_00215	CDS	717	arcA		COG0745	Aerobic respiration control protein ArcA
CHQ_1_00216	gene	1359	creD			
CHQ_1_00216	CDS	1359	creD		COG4452	Inner membrane protein CreD
CHQ_1_00217	gene	1425	creC			
CHQ_1_00217	CDS	1425	creC	2.7.13.3	COG0642	Sensor protein CreC
CHQ_1_00218	gene	690	creB			
CHQ_1_00218	CDS	690	creB		COG0745	Transcriptional regulatory protein CreB
CHQ_1_00219	gene	474				
CHQ_1_00219	CDS	474				hypothetical protein
CHQ_1_00220	gene	870	rob_1			
CHQ_1_00220	CDS	870	rob_1		COG2207	Right origin-binding protein
CHQ_1_00221	gene	648	cobC_1			
CHQ_1_00221	CDS	648	cobC_1	3.1.3.73	COG0406	Adenosylcobalamin/alpha-ribazole phosphatase
CHQ_1_00222	gene	516	yjjX			
CHQ_1_00222	CDS	516	yjjX	3.6.1.-	COG1986	Inosine/xanthosine triphosphatase
CHQ_1_00223	gene	384	trpR			
CHQ_1_00223	CDS	384	trpR		COG2973	Trp operon repressor
CHQ_1_00224	gene	1962	slt			
CHQ_1_00224	CDS	1962	slt	4.2.2.-	COG0741	Soluble lytic murein transglycosylase
CHQ_1_00225	gene	1668	ettA			
CHQ_1_00225	CDS	1668	ettA		COG0488	Energy-dependent translational throttle protein EttA
CHQ_1_00226	gene	1233	nadR			
CHQ_1_00226	CDS	1233	nadR		COG1056	Trifunctional NAD biosynthesis/regulator protein NadR
CHQ_1_00227	gene	1383	radA			
CHQ_1_00227	CDS	1383	radA	3.6.4.-	COG1066	DNA repair protein RadA
CHQ_1_00228	gene	972	serB			
CHQ_1_00228	CDS	972	serB	3.1.3.3	COG0560	Phosphoserine phosphatase
CHQ_1_00229	gene	648	ytjB			
CHQ_1_00229	CDS	648	ytjB		COG3726	putative inner membrane protein Smp
CHQ_1_00230	gene	1017	lplA			
CHQ_1_00230	CDS	1017	lplA	6.3.1.20	COG0095	Lipoate-protein ligase A
CHQ_1_00231	gene	720	deoD			
CHQ_1_00231	CDS	720	deoD	2.4.2.1	COG0813	Purine nucleoside phosphorylase DeoD-type
CHQ_1_00232	gene	1224	deoB			
CHQ_1_00232	CDS	1224	deoB	5.4.2.7	COG1015	Phosphopentomutase
CHQ_1_00233	gene	1335	deoA			
CHQ_1_00233	CDS	1335	deoA	2.4.2.4	COG0213	Thymidine phosphorylase
CHQ_1_00234	gene	780	deoC			
CHQ_1_00234	CDS	780	deoC	4.1.2.4	COG0274	Deoxyribose-phosphate aldolase
CHQ_1_00235	gene	1278	nupX			
CHQ_1_00235	CDS	1278	nupX		COG1972	Putative nucleoside permease NupX
CHQ_1_00236	gene	795	yjjV			
CHQ_1_00236	CDS	795	yjjV	3.1.-.-	COG0084	putative metal-dependent hydrolase YjjV
CHQ_1_00237	gene	1074				
CHQ_1_00237	CDS	1074				hypothetical protein
CHQ_1_00238	gene	162				
CHQ_1_00238	CDS	162				hypothetical protein
CHQ_1_00239	gene	621	osmY_1			
CHQ_1_00239	CDS	621	osmY_1		COG2823	Osmotically-inducible protein Y
CHQ_1_00240	gene	1590	prfC			
CHQ_1_00240	CDS	1590	prfC		COG4108	Peptide chain release factor RF3
CHQ_1_00241	gene	678	yjjG			
CHQ_1_00241	CDS	678	yjjG	3.1.3.5	COG1011	Pyrimidine 5'-nucleotidase YjjG
CHQ_1_00242	gene	447	rimI			
CHQ_1_00242	CDS	447	rimI	2.3.1.266	COG0456	[Ribosomal protein S18]-alanine N-acetyltransferase
CHQ_1_00243	gene	414	holD			
CHQ_1_00243	CDS	414	holD	2.7.7.7	COG3050	DNA polymerase III subunit psi
CHQ_1_00244	gene	1029	rsmC			
CHQ_1_00244	CDS	1029	rsmC	2.1.1.172	COG2813	Ribosomal RNA small subunit methyltransferase C
CHQ_1_00245	gene	87				
CHQ_1_00245	tRNA	87				tRNA-Leu(cag)
CHQ_1_00246	gene	87				
CHQ_1_00246	tRNA	87				tRNA-Leu(cag)
CHQ_1_00247	gene	87				
CHQ_1_00247	tRNA	87				tRNA-Leu(cag)
CHQ_1_00248	gene	240				
CHQ_1_00248	CDS	240				hypothetical protein
CHQ_1_00249	gene	1047				
CHQ_1_00249	CDS	1047				hypothetical protein
CHQ_1_00250	gene	789	fhuF			
CHQ_1_00250	CDS	789	fhuF		COG4114	Ferric iron reductase protein FhuF
CHQ_1_00251	gene	1344	licC_1			
CHQ_1_00251	CDS	1344	licC_1		COG1455	Lichenan permease IIC component
CHQ_1_00252	gene	459				
CHQ_1_00252	CDS	459				hypothetical protein
CHQ_1_00253	gene	675	bglJ			
CHQ_1_00253	CDS	675	bglJ		COG2197	Transcriptional activator protein BglJ
CHQ_1_00254	gene	723	yjjQ			
CHQ_1_00254	CDS	723	yjjQ			Putative transcription factor YjjQ
CHQ_1_00255	gene	882	rhaR_1			
CHQ_1_00255	CDS	882	rhaR_1			HTH-type transcriptional activator RhaR
CHQ_1_00256	gene	1185	pobA			
CHQ_1_00256	CDS	1185	pobA	1.14.13.2		p-hydroxybenzoate hydroxylase
CHQ_1_00257	gene	777	yjjP			
CHQ_1_00257	CDS	777	yjjP		COG2966	Inner membrane protein YjjP
CHQ_1_00258	gene	474				
CHQ_1_00258	CDS	474				hypothetical protein
CHQ_1_00259	gene	540	dnaT			
CHQ_1_00259	CDS	540	dnaT			Primosomal protein 1
CHQ_1_00260	gene	744	dnaC			
CHQ_1_00260	CDS	744	dnaC		COG1484	DNA replication protein DnaC
CHQ_1_00261	gene	495				
CHQ_1_00261	CDS	495				hypothetical protein
CHQ_1_00262	gene	2292	mdoB			
CHQ_1_00262	CDS	2292	mdoB	2.7.8.20		Phosphoglycerol transferase I
CHQ_1_00263	gene	939				
CHQ_1_00263	CDS	939				ISNCY family transposase ISRor2
CHQ_1_00264	gene	1011	frlB_1			
CHQ_1_00264	CDS	1011	frlB_1	3.5.-.-	COG2222	Fructosamine deglycase FrlB
CHQ_1_00265	gene	1062	glmS_1			
CHQ_1_00265	CDS	1062	glmS_1	2.6.1.16	COG0449	Glutamine--fructose-6-phosphate aminotransferase [isomerizing]
CHQ_1_00266	gene	852	manZ_1			
CHQ_1_00266	CDS	852	manZ_1		COG3716	PTS system mannose-specific EIID component
CHQ_1_00267	gene	780	agaC			
CHQ_1_00267	CDS	780	agaC		COG3715	N-acetylgalactosamine permease IIC component 1
CHQ_1_00268	gene	471				
CHQ_1_00268	CDS	471		2.7.1.-		putative phosphotransferase enzyme IIB component
CHQ_1_00269	gene	423				
CHQ_1_00269	CDS	423				hypothetical protein
CHQ_1_00270	gene	2766	norR_1			
CHQ_1_00270	CDS	2766	norR_1			Anaerobic nitric oxide reductase transcription regulator NorR
CHQ_1_00271	gene	831	mshD			
CHQ_1_00271	CDS	831	mshD	2.3.1.189		Mycothiol acetyltransferase
CHQ_1_00272	gene	534				
CHQ_1_00272	CDS	534				hypothetical protein
CHQ_1_00273	gene	864	hexR_1			
CHQ_1_00273	CDS	864	hexR_1		COG1737	HTH-type transcriptional regulator HexR
CHQ_1_00274	gene	600	dgoA			
CHQ_1_00274	CDS	600	dgoA	4.1.2.21	COG0800	2-dehydro-3-deoxy-6-phosphogalactonate aldolase
CHQ_1_00275	gene	873	dgoK1			
CHQ_1_00275	CDS	873	dgoK1	2.7.1.58	COG3734	putative 2-dehydro-3-deoxygalactonokinase DgoK1
CHQ_1_00276	gene	1485	sglT			
CHQ_1_00276	CDS	1485	sglT			Sodium/glucose cotransporter
CHQ_1_00277	gene	393	rutC_1			
CHQ_1_00277	CDS	393	rutC_1	1.-.-.-		Putative aminoacrylate peracid reductase RutC
CHQ_1_00278	gene	1440	dan			
CHQ_1_00278	CDS	1440	dan	3.5.1.81		D-aminoacylase
CHQ_1_00279	gene	1221				
CHQ_1_00279	CDS	1221		4.1.2.42		D-threonine aldolase
CHQ_1_00280	gene	1017	lhpD			
CHQ_1_00280	CDS	1017	lhpD	1.5.1.21	COG2055	Delta(1)-pyrroline-2-carboxylate/Delta(1)-piperideine-2-carboxylate reductase
CHQ_1_00281	gene	1602	yveA			
CHQ_1_00281	CDS	1602	yveA		COG0531	Aspartate-proton symporter
CHQ_1_00282	gene	1605				
CHQ_1_00282	CDS	1605		1.2.1.26		Alpha-ketoglutaric semialdehyde dehydrogenase
CHQ_1_00283	gene	921	dapAL			
CHQ_1_00283	CDS	921	dapAL	4.-.-.-		putative DapA-like lyase
CHQ_1_00284	gene	825	rhaS_1			
CHQ_1_00284	CDS	825	rhaS_1			HTH-type transcriptional activator RhaS
CHQ_1_00285	gene	948				
CHQ_1_00285	CDS	948		5.1.1.8		4-hydroxyproline 2-epimerase
CHQ_1_00286	gene	1110	thiO			
CHQ_1_00286	CDS	1110	thiO	1.4.3.19	COG0665	Glycine oxidase
CHQ_1_00287	gene	264				
CHQ_1_00287	CDS	264				hypothetical protein
CHQ_1_00288	gene	1263	hcnB			
CHQ_1_00288	CDS	1263	hcnB	1.4.99.5		Hydrogen cyanide synthase subunit HcnB
CHQ_1_00289	gene	441	farR			
CHQ_1_00289	CDS	441	farR			HTH-type transcriptional regulator FarR
CHQ_1_00290	gene	633	hpcE_1			
CHQ_1_00290	CDS	633	hpcE_1		COG0179	Homoprotocatechuate catabolism bifunctional isomerase/decarboxylase
CHQ_1_00291	gene	765	hpcE_2			
CHQ_1_00291	CDS	765	hpcE_2		COG0179	Homoprotocatechuate catabolism bifunctional isomerase/decarboxylase
CHQ_1_00292	gene	1467	betB_1			
CHQ_1_00292	CDS	1467	betB_1	1.2.1.8	COG1012	NAD/NADP-dependent betaine aldehyde dehydrogenase
CHQ_1_00293	gene	858	hpcB			
CHQ_1_00293	CDS	858	hpcB	1.13.11.15	COG3384	3,4-dihydroxyphenylacetate 2,3-dioxygenase
CHQ_1_00294	gene	381	hpcD			
CHQ_1_00294	CDS	381	hpcD	5.3.3.10		5-carboxymethyl-2-hydroxymuconate Delta-isomerase
CHQ_1_00295	gene	804	hpcG			
CHQ_1_00295	CDS	804	hpcG	4.2.1.163		2-oxo-hept-4-ene-1,7-dioate hydratase
CHQ_1_00296	gene	798	hpcH			
CHQ_1_00296	CDS	798	hpcH	4.1.2.52	COG3836	4-hydroxy-2-oxo-heptane-1,7-dioate aldolase
CHQ_1_00297	gene	1359	ttuB_1			
CHQ_1_00297	CDS	1359	ttuB_1			Putative tartrate transporter
CHQ_1_00298	gene	891	rhaR_2			
CHQ_1_00298	CDS	891	rhaR_2			HTH-type transcriptional activator RhaR
CHQ_1_00299	gene	1563	hpaB			
CHQ_1_00299	CDS	1563	hpaB	1.14.14.9	COG2368	4-hydroxyphenylacetate 3-monooxygenase oxygenase component
CHQ_1_00300	gene	513	hpaC			
CHQ_1_00300	CDS	513	hpaC	1.5.1.36	COG1853	4-hydroxyphenylacetate 3-monooxygenase reductase component
CHQ_1_00301	gene	2151	btsT			
CHQ_1_00301	CDS	2151	btsT		COG1966	Pyruvate/proton symporter BtsT
CHQ_1_00302	gene	204				
CHQ_1_00302	CDS	204				hypothetical protein
CHQ_1_00303	gene	957	yjiA			
CHQ_1_00303	CDS	957	yjiA	3.6.-.-	COG0523	P-loop guanosine triphosphatase YjiA
CHQ_1_00304	gene	546				
CHQ_1_00304	CDS	546				hypothetical protein
CHQ_1_00305	gene	321				
CHQ_1_00305	CDS	321				hypothetical protein
CHQ_1_00306	gene	1371	gabD1			
CHQ_1_00306	CDS	1371	gabD1	1.2.1.79	COG1012	Succinate-semialdehyde dehydrogenase [NADP(+)] 1
CHQ_1_00307	gene	915				
CHQ_1_00307	CDS	915				ISNCY family transposase ISRor2
CHQ_1_00308	gene	816	rhaS_2			
CHQ_1_00308	CDS	816	rhaS_2			HTH-type transcriptional activator RhaS
CHQ_1_00309	gene	663	rhtC_1			
CHQ_1_00309	CDS	663	rhtC_1		COG1280	Threonine efflux protein
CHQ_1_00310	gene	1293				
CHQ_1_00310	CDS	1293				hypothetical protein
CHQ_1_00311	gene	1236	mdtM_1			
CHQ_1_00311	CDS	1236	mdtM_1			Multidrug resistance protein MdtM
CHQ_1_00312	gene	240				
CHQ_1_00312	CDS	240				hypothetical protein
CHQ_1_00313	gene	1152	fldC			
CHQ_1_00313	CDS	1152	fldC	4.2.1.-		(R)-phenyllactyl-CoA dehydratase beta subunit
CHQ_1_00314	gene	768	fldI			
CHQ_1_00314	CDS	768	fldI	3.6.1.-		(R)-phenyllactate dehydratase activator
CHQ_1_00315	gene	255				
CHQ_1_00315	CDS	255				hypothetical protein
CHQ_1_00316	gene	1065				
CHQ_1_00316	CDS	1065				hypothetical protein
CHQ_1_00317	gene	1068	yibH_1			
CHQ_1_00317	CDS	1068	yibH_1		COG1566	Inner membrane protein YibH
CHQ_1_00318	gene	465	slyA_1			
CHQ_1_00318	CDS	465	slyA_1			Transcriptional regulator SlyA
CHQ_1_00319	gene	165				
CHQ_1_00319	CDS	165				hypothetical protein
CHQ_1_00320	gene	1413	norG_1			
CHQ_1_00320	CDS	1413	norG_1		COG1167	HTH-type transcriptional regulator NorG
CHQ_1_00321	gene	1851	rep_1			
CHQ_1_00321	CDS	1851	rep_1	3.6.4.12		ATP-dependent DNA helicase Rep
CHQ_1_00322	gene	420	fosA			
CHQ_1_00322	CDS	420	fosA	2.5.1.18		Glutathione transferase FosA
CHQ_1_00323	gene	909	syrM1			
CHQ_1_00323	CDS	909	syrM1			HTH-type transcriptional regulator SyrM 1
CHQ_1_00324	gene	783	kefG			
CHQ_1_00324	CDS	783	kefG	1.6.5.2		Glutathione-regulated potassium-efflux system ancillary protein KefG
CHQ_1_00325	gene	585	betI_1			
CHQ_1_00325	CDS	585	betI_1			HTH-type transcriptional regulator BetI
CHQ_1_00326	gene	807				
CHQ_1_00326	CDS	807				hypothetical protein
CHQ_1_00327	gene	519				
CHQ_1_00327	CDS	519				hypothetical protein
CHQ_1_00328	gene	279	pduA_1			
CHQ_1_00328	CDS	279	pduA_1		COG4577	Propanediol utilization protein PduA
CHQ_1_00329	gene	285	pduA_2			
CHQ_1_00329	CDS	285	pduA_2		COG4577	Propanediol utilization protein PduA
CHQ_1_00330	gene	279	pduA_3			
CHQ_1_00330	CDS	279	pduA_3		COG4577	Propanediol utilization protein PduA
CHQ_1_00331	gene	1605	adhE_1			
CHQ_1_00331	CDS	1605	adhE_1		COG1012	Aldehyde-alcohol dehydrogenase
CHQ_1_00332	gene	267				
CHQ_1_00332	CDS	267				hypothetical protein
CHQ_1_00333	gene	1155	adhE_2			
CHQ_1_00333	CDS	1155	adhE_2		COG1012	Aldehyde-alcohol dehydrogenase
CHQ_1_00334	gene	3387	cutC_1			
CHQ_1_00334	CDS	3387	cutC_1	4.3.99.4		Choline trimethylamine-lyase
CHQ_1_00335	gene	948	cutD_1			
CHQ_1_00335	CDS	948	cutD_1	1.97.1.-	COG1180	Choline trimethylamine-lyase activating enzyme
CHQ_1_00336	gene	399				
CHQ_1_00336	CDS	399				hypothetical protein
CHQ_1_00337	gene	621	pduL_1			
CHQ_1_00337	CDS	621	pduL_1	2.3.1.222	COG4869	Phosphate propanoyltransferase
CHQ_1_00338	gene	669				
CHQ_1_00338	CDS	669				hypothetical protein
CHQ_1_00339	gene	405	mdtJ_1			
CHQ_1_00339	CDS	405	mdtJ_1			Spermidine export protein MdtJ
CHQ_1_00340	gene	330	qacC			
CHQ_1_00340	CDS	330	qacC			Quaternary ammonium compound-resistance protein QacC
CHQ_1_00341	gene	1008	trpS2			
CHQ_1_00341	CDS	1008	trpS2	6.1.1.2	COG0180	Tryptophan--tRNA ligase 2
CHQ_1_00342	gene	1068				
CHQ_1_00342	CDS	1068				hypothetical protein
CHQ_1_00343	gene	2745	rbbA			
CHQ_1_00343	CDS	2745	rbbA		COG0842	Ribosome-associated ATPase
CHQ_1_00344	gene	1125	yhhJ			
CHQ_1_00344	CDS	1125	yhhJ		COG0842	Inner membrane transport permease YhhJ
CHQ_1_00345	gene	318				
CHQ_1_00345	CDS	318				hypothetical protein
CHQ_1_00346	gene	111				
CHQ_1_00346	rRNA	111				5S ribosomal RNA
CHQ_1_00347	gene	300				
CHQ_1_00347	CDS	300				hypothetical protein
CHQ_1_00348	gene	786				
CHQ_1_00348	CDS	786				hypothetical protein
CHQ_1_00349	gene	135				
CHQ_1_00349	CDS	135				hypothetical protein
CHQ_1_00350	gene	345				
CHQ_1_00350	CDS	345				hypothetical protein
CHQ_1_00351	gene	483				
CHQ_1_00351	CDS	483				hypothetical protein
CHQ_1_00352	gene	225				
CHQ_1_00352	CDS	225				hypothetical protein
CHQ_1_00353	gene	279				
CHQ_1_00353	CDS	279				hypothetical protein
CHQ_1_00354	gene	1143				
CHQ_1_00354	CDS	1143				hypothetical protein
CHQ_1_00355	gene	1251	icd_1			
CHQ_1_00355	CDS	1251	icd_1	1.1.1.42	COG0538	Isocitrate dehydrogenase [NADP]
CHQ_1_00356	gene	651	rluE			
CHQ_1_00356	CDS	651	rluE	5.4.99.20	COG1187	Ribosomal large subunit pseudouridine synthase E
CHQ_1_00357	gene	459	nudJ			
CHQ_1_00357	CDS	459	nudJ	3.6.1.-	COG0494	Phosphatase NudJ
CHQ_1_00358	gene	1167	mnmA			
CHQ_1_00358	CDS	1167	mnmA	2.8.1.13	COG0482	tRNA-specific 2-thiouridylase MnmA
CHQ_1_00359	gene	642	hflD			
CHQ_1_00359	CDS	642	hflD		COG2915	High frequency lysogenization protein HflD
CHQ_1_00360	gene	1371	purB			
CHQ_1_00360	CDS	1371	purB	4.3.2.2	COG0015	Adenylosuccinate lyase
CHQ_1_00361	gene	363				
CHQ_1_00361	CDS	363				hypothetical protein
CHQ_1_00362	gene	807				
CHQ_1_00362	CDS	807				hypothetical protein
CHQ_1_00363	gene	672	phoP_1			
CHQ_1_00363	CDS	672	phoP_1			Transcriptional regulatory protein PhoP
CHQ_1_00364	gene	1467	phoQ			
CHQ_1_00364	CDS	1467	phoQ	2.7.13.3	COG0642	Sensor protein PhoQ
CHQ_1_00365	gene	1122	roxA			
CHQ_1_00365	CDS	1122	roxA	1.14.11.47	COG2850	50S ribosomal protein L16 3-hydroxylase
CHQ_1_00366	gene	1233	pepT			
CHQ_1_00366	CDS	1233	pepT	3.4.11.4	COG2195	Peptidase T
CHQ_1_00367	gene	1137	potA_1			
CHQ_1_00367	CDS	1137	potA_1	7.6.2.11	COG3842	Spermidine/putrescine import ATP-binding protein PotA
CHQ_1_00368	gene	858	potB			
CHQ_1_00368	CDS	858	potB		COG1176	Spermidine/putrescine transport system permease protein PotB
CHQ_1_00369	gene	786	ydcV_1			
CHQ_1_00369	CDS	786	ydcV_1			Inner membrane ABC transporter permease protein YdcV
CHQ_1_00370	gene	1047	potD			
CHQ_1_00370	CDS	1047	potD		COG0687	Spermidine/putrescine-binding periplasmic protein
CHQ_1_00371	gene	1725				
CHQ_1_00371	CDS	1725				hypothetical protein
CHQ_1_00372	gene	1629	dmdB			
CHQ_1_00372	CDS	1629	dmdB	6.2.1.44	COG0318	3-methylmercaptopropionyl-CoA ligase
CHQ_1_00373	gene	387	tktA_1			
CHQ_1_00373	CDS	387	tktA_1	2.2.1.1	COG0021	Transketolase 1
CHQ_1_00374	gene	276	merP_1			
CHQ_1_00374	CDS	276	merP_1			Mercuric transport protein periplasmic component
CHQ_1_00375	gene	408	merC_1			
CHQ_1_00375	CDS	408	merC_1			Mercuric transport protein MerC
CHQ_1_00376	gene	198	merT			
CHQ_1_00376	CDS	198	merT			Mercuric transport protein MerT
CHQ_1_00377	gene	996	arnC_1			
CHQ_1_00377	CDS	996	arnC_1	2.4.2.53		Undecaprenyl-phosphate 4-deoxy-4-formamido-L-arabinose transferase
CHQ_1_00378	gene	828				
CHQ_1_00378	CDS	828				hypothetical protein
CHQ_1_00379	gene	1479	dauA_1			
CHQ_1_00379	CDS	1479	dauA_1		COG0659	C4-dicarboxylic acid transporter DauA
CHQ_1_00380	gene	258				
CHQ_1_00380	CDS	258				hypothetical protein
CHQ_1_00381	gene	2985				
CHQ_1_00381	CDS	2985				Tn3 family transposase ISSba14
CHQ_1_00382	gene	276	merP_2			
CHQ_1_00382	CDS	276	merP_2			Mercuric transport protein periplasmic component
CHQ_1_00383	gene	426	merC_2			
CHQ_1_00383	CDS	426	merC_2			Mercuric transport protein MerC
CHQ_1_00384	gene	429				
CHQ_1_00384	CDS	429				hypothetical protein
CHQ_1_00385	gene	612				
CHQ_1_00385	CDS	612				hypothetical protein
CHQ_1_00386	gene	270				
CHQ_1_00386	CDS	270				hypothetical protein
CHQ_1_00387	gene	369				
CHQ_1_00387	CDS	369				hypothetical protein
CHQ_1_00388	gene	948				
CHQ_1_00388	CDS	948		1.17.1.9		Formate dehydrogenase, mitochondrial
CHQ_1_00389	gene	696	ligK			
CHQ_1_00389	CDS	696	ligK	4.1.3.17	COG0684	4-carboxy-4-hydroxy-2-oxoadipate aldolase
CHQ_1_00390	gene	717	kipR			
CHQ_1_00390	CDS	717	kipR		COG1414	HTH-type transcriptional regulator KipR
CHQ_1_00391	gene	1335	ttuB_2			
CHQ_1_00391	CDS	1335	ttuB_2			Putative tartrate transporter
CHQ_1_00392	gene	1269	yjhB_1			
CHQ_1_00392	CDS	1269	yjhB_1			Putative metabolite transport protein YjhB
CHQ_1_00393	gene	1056				
CHQ_1_00393	CDS	1056				hypothetical protein
CHQ_1_00394	gene	1014	hoxN			
CHQ_1_00394	CDS	1014	hoxN			High-affinity nickel transport protein
CHQ_1_00395	gene	2235	hypF			
CHQ_1_00395	CDS	2235	hypF	6.2.-.-	COG0068	Carbamoyltransferase HypF
CHQ_1_00396	gene	528	cooF			
CHQ_1_00396	CDS	528	cooF		COG1142	Iron-sulfur protein
CHQ_1_00397	gene	1014	ascG_1			
CHQ_1_00397	CDS	1014	ascG_1		COG1609	HTH-type transcriptional regulator AscG
CHQ_1_00398	gene	1449	bglF_1			
CHQ_1_00398	CDS	1449	bglF_1		COG1263	PTS system beta-glucoside-specific EIIBCA component
CHQ_1_00399	gene	1425	bglH_1			
CHQ_1_00399	CDS	1425	bglH_1	3.2.1.86	COG2723	Aryl-phospho-beta-D-glucosidase BglH
CHQ_1_00400	gene	294	symE			
CHQ_1_00400	CDS	294	symE	3.1.-.-		Endoribonuclease SymE
CHQ_1_00401	gene	471	hycI			
CHQ_1_00401	CDS	471	hycI	3.4.23.51	COG0680	Hydrogenase 3 maturation protease
CHQ_1_00402	gene	411				
CHQ_1_00402	CDS	411				hypothetical protein
CHQ_1_00403	gene	768	hycG			
CHQ_1_00403	CDS	768	hycG		COG3260	Formate hydrogenlyase subunit 7
CHQ_1_00404	gene	543	ndhI			
CHQ_1_00404	CDS	543	ndhI	7.1.1.-		NAD(P)H-quinone oxidoreductase subunit I, chloroplastic
CHQ_1_00405	gene	1710	hycE			
CHQ_1_00405	CDS	1710	hycE		COG3261	Formate hydrogenlyase subunit 5
CHQ_1_00406	gene	924	hycD			
CHQ_1_00406	CDS	924	hycD		COG0650	Formate hydrogenlyase subunit 4
CHQ_1_00407	gene	1827	hyfB			
CHQ_1_00407	CDS	1827	hyfB	1.-.-.-	COG0651	Hydrogenase-4 component B
CHQ_1_00408	gene	609	hyfA_1			
CHQ_1_00408	CDS	609	hyfA_1	1.-.-.-	COG1142	Hydrogenase-4 component A
CHQ_1_00409	gene	450	hycA			
CHQ_1_00409	CDS	450	hycA			Formate hydrogenlyase regulatory protein HycA
CHQ_1_00410	gene	345	hypA			
CHQ_1_00410	CDS	345	hypA		COG0375	Hydrogenase maturation factor HypA
CHQ_1_00411	gene	873	hypB			
CHQ_1_00411	CDS	873	hypB		COG0378	Hydrogenase maturation factor HypB
CHQ_1_00412	gene	273	hypC			
CHQ_1_00412	CDS	273	hypC		COG0298	Hydrogenase maturation factor HypC
CHQ_1_00413	gene	1122	hypD			
CHQ_1_00413	CDS	1122	hypD		COG0409	Hydrogenase maturation factor HypD
CHQ_1_00414	gene	1011	hypE			
CHQ_1_00414	CDS	1011	hypE	4.2.1.-	COG0309	Carbamoyl dehydratase HypE
CHQ_1_00415	gene	2073	fhlA			
CHQ_1_00415	CDS	2073	fhlA		COG3604	Formate hydrogenlyase transcriptional activator
CHQ_1_00416	gene	1401	gmuD_1			
CHQ_1_00416	CDS	1401	gmuD_1	3.2.1.86	COG2723	6-phospho-beta-glucosidase GmuD
CHQ_1_00417	gene	936				
CHQ_1_00417	CDS	936				hypothetical protein
CHQ_1_00418	gene	1272				
CHQ_1_00418	CDS	1272				hypothetical protein
CHQ_1_00419	gene	1338	scrY_1			
CHQ_1_00419	CDS	1338	scrY_1			Sucrose porin
CHQ_1_00420	gene	1374	licC_2			
CHQ_1_00420	CDS	1374	licC_2		COG1455	Lichenan permease IIC component
CHQ_1_00421	gene	315	gmuB			
CHQ_1_00421	CDS	315	gmuB	2.7.1.205	COG1440	PTS system oligo-beta-mannoside-specific EIIB component
CHQ_1_00422	gene	1323	licC_3			
CHQ_1_00422	CDS	1323	licC_3		COG1455	Lichenan permease IIC component
CHQ_1_00423	gene	315	chbA_1			
CHQ_1_00423	CDS	315	chbA_1		COG1447	PTS system N,N'-diacetylchitobiose-specific EIIA component
CHQ_1_00424	gene	915	mak_1			
CHQ_1_00424	CDS	915	mak_1	2.7.1.4	COG1940	Fructokinase
CHQ_1_00425	gene	903	ascG_2			
CHQ_1_00425	CDS	903	ascG_2		COG1609	HTH-type transcriptional regulator AscG
CHQ_1_00426	gene	918				
CHQ_1_00426	CDS	918			COG0803	putative periplasmic iron-binding protein
CHQ_1_00427	gene	822	mntB_1			
CHQ_1_00427	CDS	822	mntB_1		COG1121	Manganese transport system ATP-binding protein MntB
CHQ_1_00428	gene	849	mntB_2			
CHQ_1_00428	CDS	849	mntB_2			Manganese transport system membrane protein MntB
CHQ_1_00429	gene	855	mntB_3			
CHQ_1_00429	CDS	855	mntB_3			Manganese transport system membrane protein MntB
CHQ_1_00430	gene	342				
CHQ_1_00430	CDS	342				hypothetical protein
CHQ_1_00431	gene	294				
CHQ_1_00431	CDS	294				hypothetical protein
CHQ_1_00432	gene	2364				
CHQ_1_00432	CDS	2364				hypothetical protein
CHQ_1_00433	gene	1032	hemS			
CHQ_1_00433	CDS	1032	hemS		COG3720	Hemin transport protein HemS
CHQ_1_00434	gene	819	hmuT			
CHQ_1_00434	CDS	819	hmuT		COG4558	Hemin-binding periplasmic protein HmuT
CHQ_1_00435	gene	996	hmuU_1			
CHQ_1_00435	CDS	996	hmuU_1		COG0609	Hemin transport system permease protein HmuU
CHQ_1_00436	gene	780	hmuV			
CHQ_1_00436	CDS	780	hmuV	3.6.3.-	COG4559	Hemin import ATP-binding protein HmuV
CHQ_1_00437	gene	2562	mutS			
CHQ_1_00437	CDS	2562	mutS		COG0249	DNA mismatch repair protein MutS
CHQ_1_00438	gene	153	hokE			
CHQ_1_00438	CDS	153	hokE			Toxic protein HokE
CHQ_1_00439	gene	237	vdcD			
CHQ_1_00439	CDS	237	vdcD			Protein VdcD
CHQ_1_00440	gene	1428	edcC			
CHQ_1_00440	CDS	1428	edcC	4.1.1.61	COG0043	Phenolic acid decarboxylase
CHQ_1_00441	gene	594	ecdB			
CHQ_1_00441	CDS	594	ecdB	2.5.1.129	COG0163	putative UbiX-like flavin prenyltransferase
CHQ_1_00442	gene	408	hosA			
CHQ_1_00442	CDS	408	hosA			Transcriptional regulator HosA
CHQ_1_00443	gene	888	dmlR_2			
CHQ_1_00443	CDS	888	dmlR_2			HTH-type transcriptional regulator DmlR
CHQ_1_00444	gene	1203	mdtD_1			
CHQ_1_00444	CDS	1203	mdtD_1			Putative multidrug resistance protein MdtD
CHQ_1_00445	gene	378				
CHQ_1_00445	CDS	378				hypothetical protein
CHQ_1_00446	gene	993	rpoS			
CHQ_1_00446	CDS	993	rpoS		COG0568	RNA polymerase sigma factor RpoS
CHQ_1_00447	gene	1131	nlpD_1			
CHQ_1_00447	CDS	1131	nlpD_1			Murein hydrolase activator NlpD
CHQ_1_00448	gene	627	pcm			
CHQ_1_00448	CDS	627	pcm	2.1.1.77	COG2518	Protein-L-isoaspartate O-methyltransferase
CHQ_1_00449	gene	762	surE			
CHQ_1_00449	CDS	762	surE	3.1.3.5	COG0496	5'/3'-nucleotidase SurE
CHQ_1_00450	gene	1050	truD			
CHQ_1_00450	CDS	1050	truD	5.4.99.27	COG0585	tRNA pseudouridine synthase D
CHQ_1_00451	gene	480	ispF			
CHQ_1_00451	CDS	480	ispF	4.6.1.12	COG0245	2-C-methyl-D-erythritol 2,4-cyclodiphosphate synthase
CHQ_1_00452	gene	711	ispD			
CHQ_1_00452	CDS	711	ispD	2.7.7.60	COG1211	2-C-methyl-D-erythritol 4-phosphate cytidylyltransferase
CHQ_1_00453	gene	318	ftsB			
CHQ_1_00453	CDS	318	ftsB		COG2919	Cell division protein FtsB
CHQ_1_00454	gene	327	ygbE			
CHQ_1_00454	CDS	327	ygbE			Inner membrane protein YgbE
CHQ_1_00455	gene	606	cysC			
CHQ_1_00455	CDS	606	cysC	2.7.1.25	COG0529	Adenylyl-sulfate kinase
CHQ_1_00456	gene	1428	cysN			
CHQ_1_00456	CDS	1428	cysN	2.7.7.4	COG2895	Sulfate adenylyltransferase subunit 1
CHQ_1_00457	gene	909	cysD			
CHQ_1_00457	CDS	909	cysD	2.7.7.4	COG0175	Sulfate adenylyltransferase subunit 2
CHQ_1_00458	gene	1416	cysG_1			
CHQ_1_00458	CDS	1416	cysG_1		COG0007	Siroheme synthase
CHQ_1_00459	gene	1047				
CHQ_1_00459	CDS	1047				hypothetical protein
CHQ_1_00460	gene	735	cysH_1			
CHQ_1_00460	CDS	735	cysH_1	1.8.4.8	COG0175	Phosphoadenosine phosphosulfate reductase
CHQ_1_00461	gene	1713	cysI			
CHQ_1_00461	CDS	1713	cysI	1.8.1.2	COG0155	Sulfite reductase [NADPH] hemoprotein beta-component
CHQ_1_00462	gene	1800	cysJ			
CHQ_1_00462	CDS	1800	cysJ	1.8.1.2	COG0369	Sulfite reductase [NADPH] flavoprotein alpha-component
CHQ_1_00463	gene	366	queD			
CHQ_1_00463	CDS	366	queD	4.1.2.50	COG0720	6-carboxy-5,6,7,8-tetrahydropterin synthase
CHQ_1_00464	gene	672	queE			
CHQ_1_00464	CDS	672	queE	4.3.99.3		7-carboxy-7-deazaguanine synthase
CHQ_1_00465	gene	1110				
CHQ_1_00465	CDS	1110				hypothetical protein
CHQ_1_00466	gene	1299	eno			
CHQ_1_00466	CDS	1299	eno	4.2.1.11	COG0148	Enolase
CHQ_1_00467	gene	1638	pyrG_1			
CHQ_1_00467	CDS	1638	pyrG_1	6.3.4.2	COG0504	CTP synthase
CHQ_1_00468	gene	792	mazG			
CHQ_1_00468	CDS	792	mazG	3.6.1.8	COG1694	Nucleoside triphosphate pyrophosphohydrolase
CHQ_1_00469	gene	2238	relA			
CHQ_1_00469	CDS	2238	relA	2.7.6.5	COG0317	GTP pyrophosphokinase
CHQ_1_00470	gene	1305	rlmD			
CHQ_1_00470	CDS	1305	rlmD	2.1.1.190	COG2265	23S rRNA (uracil(1939)-C(5))-methyltransferase RlmD
CHQ_1_00471	gene	2751	barA			
CHQ_1_00471	CDS	2751	barA	2.7.13.3	COG0784	Signal transduction histidine-protein kinase BarA
CHQ_1_00472	gene	1140	garK			
CHQ_1_00472	CDS	1140	garK	2.7.1.165	COG1929	Glycerate 2-kinase
CHQ_1_00473	gene	1341	gudD			
CHQ_1_00473	CDS	1341	gudD	4.2.1.40	COG4948	Glucarate dehydratase
CHQ_1_00474	gene	1341	gudX			
CHQ_1_00474	CDS	1341	gudX	4.2.1.-	COG4948	Glucarate dehydratase-related protein
CHQ_1_00475	gene	1353	gudP_2			
CHQ_1_00475	CDS	1353	gudP_2			putative glucarate transporter
CHQ_1_00476	gene	444				
CHQ_1_00476	CDS	444			COG0716	putative protein
CHQ_1_00477	gene	795	truC			
CHQ_1_00477	CDS	795	truC	5.4.99.26	COG0564	tRNA pseudouridine synthase C
CHQ_1_00478	gene	330	yqcC			
CHQ_1_00478	CDS	330	yqcC		COG3098	putative protein YqcC
CHQ_1_00479	gene	546	syd			
CHQ_1_00479	CDS	546	syd			Protein Syd
CHQ_1_00480	gene	846	queF			
CHQ_1_00480	CDS	846	queF	1.7.1.13	COG0780	NADPH-dependent 7-cyano-7-deazaguanine reductase
CHQ_1_00481	gene	1368	ppnN			
CHQ_1_00481	CDS	1368	ppnN	3.2.2.-	COG1611	Pyrimidine/purine nucleotide 5'-monophosphate nucleosidase
CHQ_1_00482	gene	1290	sdaC			
CHQ_1_00482	CDS	1290	sdaC		COG0814	Serine transporter
CHQ_1_00483	gene	1368	sdaB			
CHQ_1_00483	CDS	1368	sdaB	4.3.1.17	COG1760	L-serine dehydratase 2
CHQ_1_00484	gene	942	ssuA_1			
CHQ_1_00484	CDS	942	ssuA_1			Putative aliphatic sulfonates-binding protein
CHQ_1_00485	gene	1224	sfnC_1			
CHQ_1_00485	CDS	1224	sfnC_1	1.14.14.-		putative FMNH2-dependent monooxygenase SfnC
CHQ_1_00486	gene	1422	ygcS			
CHQ_1_00486	CDS	1422	ygcS			Inner membrane metabolite transport protein YgcS
CHQ_1_00487	gene	879				
CHQ_1_00487	CDS	879				hypothetical protein
CHQ_1_00488	gene	699	metI_2			
CHQ_1_00488	CDS	699	metI_2		COG2011	D-methionine transport system permease protein MetI
CHQ_1_00489	gene	1023	metN_2			
CHQ_1_00489	CDS	1023	metN_2	3.6.3.-	COG1135	Methionine import ATP-binding protein MetN
CHQ_1_00490	gene	1407	dmoA			
CHQ_1_00490	CDS	1407	dmoA	1.14.13.131		Dimethyl-sulfide monooxygenase
CHQ_1_00491	gene	1398				
CHQ_1_00491	CDS	1398				hypothetical protein
CHQ_1_00492	gene	1173	msuD_1			
CHQ_1_00492	CDS	1173	msuD_1	1.14.14.5	COG2141	Methanesulfonate monooxygenase
CHQ_1_00493	gene	1944	norR_2			
CHQ_1_00493	CDS	1944	norR_2			Anaerobic nitric oxide reductase transcription regulator NorR
CHQ_1_00494	gene	756	ygdG			
CHQ_1_00494	CDS	756	ygdG	3.1.-.-	COG0258	Flap endonuclease Xni
CHQ_1_00495	gene	1149	fucO			
CHQ_1_00495	CDS	1149	fucO	1.1.1.77	COG1454	Lactaldehyde reductase
CHQ_1_00496	gene	648	fucA			
CHQ_1_00496	CDS	648	fucA	4.1.2.17	COG0235	L-fuculose phosphate aldolase
CHQ_1_00497	gene	1311	fucP			
CHQ_1_00497	CDS	1311	fucP		COG0738	L-fucose-proton symporter
CHQ_1_00498	gene	1776	fucI			
CHQ_1_00498	CDS	1776	fucI	5.3.1.25	COG2407	L-fucose isomerase
CHQ_1_00499	gene	1419	fucK			
CHQ_1_00499	CDS	1419	fucK	2.7.1.51	COG1070	L-fuculokinase
CHQ_1_00500	gene	423	fucU			
CHQ_1_00500	CDS	423	fucU	5.1.3.29	COG4154	L-fucose mutarotase
CHQ_1_00501	gene	711	ydjF			
CHQ_1_00501	CDS	711	ydjF		COG1349	putative HTH-type transcriptional regulator YdjF
CHQ_1_00502	gene	1101	rlmM			
CHQ_1_00502	CDS	1101	rlmM	2.1.1.186	COG2933	Ribosomal RNA large subunit methyltransferase M
CHQ_1_00503	gene	396				
CHQ_1_00503	CDS	396				hypothetical protein
CHQ_1_00504	gene	825	gcvA_1			
CHQ_1_00504	CDS	825	gcvA_1			Glycine cleavage system transcriptional activator
CHQ_1_00505	gene	231	ygdR_2			
CHQ_1_00505	CDS	231	ygdR_2			putative lipoprotein YgdR
CHQ_1_00506	gene	1206	csdA			
CHQ_1_00506	CDS	1206	csdA	2.8.1.7	COG0520	Cysteine desulfurase CsdA
CHQ_1_00507	gene	432	csdE			
CHQ_1_00507	CDS	432	csdE		COG2166	Sulfur acceptor protein CsdE
CHQ_1_00508	gene	822	tcdA			
CHQ_1_00508	CDS	822	tcdA	6.1.-.-	COG1179	tRNA threonylcarbamoyladenosine dehydratase
CHQ_1_00509	gene	1098	mltA			
CHQ_1_00509	CDS	1098	mltA	4.2.2.-	COG2821	Membrane-bound lytic murein transglycosylase A
CHQ_1_00510	gene	77				
CHQ_1_00510	tRNA	77				tRNA-Met(cat)
CHQ_1_00511	gene	77				
CHQ_1_00511	tRNA	77				tRNA-Met(cat)
CHQ_1_00512	gene	77				
CHQ_1_00512	tRNA	77				tRNA-Met(cat)
CHQ_1_00513	gene	1056	cobT_1			
CHQ_1_00513	CDS	1056	cobT_1	2.4.2.21	COG2038	Nicotinate-nucleotide--dimethylbenzimidazole phosphoribosyltransferase
CHQ_1_00514	gene	546	cobU			
CHQ_1_00514	CDS	546	cobU	2.7.1.156	COG2087	Bifunctional adenosylcobalamin biosynthesis protein CobU
CHQ_1_00515	gene	1524	cobQ			
CHQ_1_00515	CDS	1524	cobQ			Cobyric acid synthase
CHQ_1_00516	gene	825	cbiO			
CHQ_1_00516	CDS	825	cbiO	7.-.-.-	COG1122	Cobalt import ATP-binding protein CbiO
CHQ_1_00517	gene	678	cbiQ			
CHQ_1_00517	CDS	678	cbiQ		COG0619	Cobalt transport protein CbiQ
CHQ_1_00518	gene	282	cbiN			
CHQ_1_00518	CDS	282	cbiN		COG1930	Cobalt transport protein CbiN
CHQ_1_00519	gene	738	cbiM			
CHQ_1_00519	CDS	738	cbiM		COG0310	Cobalt transport protein CbiM
CHQ_1_00520	gene	711	cbiL			
CHQ_1_00520	CDS	711	cbiL	2.1.1.151	COG2243	Cobalt-precorrin-2 C(20)-methyltransferase
CHQ_1_00521	gene	795	cbiK			
CHQ_1_00521	CDS	795	cbiK	4.99.1.3	COG4822	Sirohydrochlorin cobaltochelatase
CHQ_1_00522	gene	786	cbiJ			
CHQ_1_00522	CDS	786	cbiJ	1.3.1.106	COG2099	Cobalt-precorrin-6A reductase
CHQ_1_00523	gene	726	cbiH			
CHQ_1_00523	CDS	726	cbiH	2.1.1.-	COG1010	putative cobalt-factor III C(17)-methyltransferase
CHQ_1_00524	gene	1056	cbiG			
CHQ_1_00524	CDS	1056	cbiG	3.7.1.12	COG2073	Cobalt-precorrin-5A hydrolase
CHQ_1_00525	gene	774	cbiF			
CHQ_1_00525	CDS	774	cbiF	2.1.1.271	COG2875	Cobalt-precorrin-4 C(11)-methyltransferase
CHQ_1_00526	gene	570	cbiT			
CHQ_1_00526	CDS	570	cbiT	2.1.1.196	COG2242	Cobalt-precorrin-6B C(15)-methyltransferase (decarboxylating)
CHQ_1_00527	gene	606	cbiE			
CHQ_1_00527	CDS	606	cbiE	2.1.1.289	COG2241	Cobalt-precorrin-7 C(5)-methyltransferase
CHQ_1_00528	gene	1140	cbiD			
CHQ_1_00528	CDS	1140	cbiD	2.1.1.195	COG1903	Cobalt-precorrin-5B C(1)-methyltransferase
CHQ_1_00529	gene	636	cbiC			
CHQ_1_00529	CDS	636	cbiC	5.4.99.60	COG2082	Cobalt-precorrin-8 methylmutase
CHQ_1_00530	gene	960	cobD_1			
CHQ_1_00530	CDS	960	cobD_1		COG1270	Cobalamin biosynthesis protein CobD
CHQ_1_00531	gene	1377	cbiA			
CHQ_1_00531	CDS	1377	cbiA	6.3.5.11	COG1797	Cobyrinate a,c-diamide synthase
CHQ_1_00532	gene	912	rhaS_3			
CHQ_1_00532	CDS	912	rhaS_3			HTH-type transcriptional activator RhaS
CHQ_1_00533	gene	801	pduF			
CHQ_1_00533	CDS	801	pduF		COG0580	Propanediol diffusion facilitator
CHQ_1_00534	gene	285	pduA_4			
CHQ_1_00534	CDS	285	pduA_4		COG4577	Propanediol utilization protein PduA
CHQ_1_00535	gene	813	pduB			
CHQ_1_00535	CDS	813	pduB		COG4816	Propanediol utilization protein PduB
CHQ_1_00536	gene	1665	pduC			
CHQ_1_00536	CDS	1665	pduC	4.2.1.28	COG4909	Propanediol dehydratase large subunit
CHQ_1_00537	gene	675	pduD			
CHQ_1_00537	CDS	675	pduD	4.2.1.28		Propanediol dehydratase medium subunit
CHQ_1_00538	gene	522	pduE			
CHQ_1_00538	CDS	522	pduE	4.2.1.28	COG4910	Propanediol dehydratase small subunit
CHQ_1_00539	gene	1833	ddrA			
CHQ_1_00539	CDS	1833	ddrA			Diol dehydratase-reactivating factor alpha subunit
CHQ_1_00540	gene	351				
CHQ_1_00540	CDS	351				hypothetical protein
CHQ_1_00541	gene	276	pduA_5			
CHQ_1_00541	CDS	276	pduA_5		COG4577	Propanediol utilization protein PduA
CHQ_1_00542	gene	462				
CHQ_1_00542	CDS	462				hypothetical protein
CHQ_1_00543	gene	633	pduL_2			
CHQ_1_00543	CDS	633	pduL_2	2.3.1.222	COG4869	Phosphate propanoyltransferase
CHQ_1_00544	gene	492				
CHQ_1_00544	CDS	492				hypothetical protein
CHQ_1_00545	gene	276	ccmL			
CHQ_1_00545	CDS	276	ccmL			Carbon dioxide concentrating mechanism protein CcmL
CHQ_1_00546	gene	1011				
CHQ_1_00546	CDS	1011				hypothetical protein
CHQ_1_00547	gene	1395	adhE_3			
CHQ_1_00547	CDS	1395	adhE_3			Aldehyde-alcohol dehydrogenase
CHQ_1_00548	gene	1113	adhE_4			
CHQ_1_00548	CDS	1113	adhE_4		COG1012	Aldehyde-alcohol dehydrogenase
CHQ_1_00549	gene	1356	rsxC_1			
CHQ_1_00549	CDS	1356	rsxC_1	7.-.-.-		Ion-translocating oxidoreductase complex subunit C
CHQ_1_00550	gene	555				
CHQ_1_00550	CDS	555				hypothetical protein
CHQ_1_00551	gene	351	pduU			
CHQ_1_00551	CDS	351	pduU		COG4810	Propanediol utilization protein PduU
CHQ_1_00552	gene	441	pduV			
CHQ_1_00552	CDS	441	pduV		COG4917	Propanediol utilization protein PduV
CHQ_1_00553	gene	1218	pduW			
CHQ_1_00553	CDS	1218	pduW	2.7.2.15	COG0282	putative propionate kinase
CHQ_1_00554	gene	903	pduX			
CHQ_1_00554	CDS	903	pduX	2.7.1.177	COG4542	L-threonine kinase
CHQ_1_00555	gene	1077	cobD_2			
CHQ_1_00555	CDS	1077	cobD_2	4.1.1.81	COG0079	Threonine-phosphate decarboxylase
CHQ_1_00556	gene	1254	amiC_1			
CHQ_1_00556	CDS	1254	amiC_1	3.5.1.28	COG0860	N-acetylmuramoyl-L-alanine amidase AmiC
CHQ_1_00557	gene	1332	argA			
CHQ_1_00557	CDS	1332	argA	2.3.1.1	COG0548	Amino-acid acetyltransferase
CHQ_1_00558	gene	321				
CHQ_1_00558	CDS	321				hypothetical protein
CHQ_1_00559	gene	1845	recD			
CHQ_1_00559	CDS	1845	recD	3.1.11.5	COG0507	RecBCD enzyme subunit RecD
CHQ_1_00560	gene	3537	recB			
CHQ_1_00560	CDS	3537	recB	3.1.11.5	COG1074	RecBCD enzyme subunit RecB
CHQ_1_00561	gene	2886	ptrA			
CHQ_1_00561	CDS	2886	ptrA	3.4.24.55	COG1025	Protease 3
CHQ_1_00562	gene	3378	recC			
CHQ_1_00562	CDS	3378	recC	3.1.11.5	COG1330	RecBCD enzyme subunit RecC
CHQ_1_00563	gene	324				
CHQ_1_00563	CDS	324				hypothetical protein
CHQ_1_00564	gene	408				
CHQ_1_00564	CDS	408				hypothetical protein
CHQ_1_00565	gene	558				
CHQ_1_00565	CDS	558				hypothetical protein
CHQ_1_00566	gene	552				
CHQ_1_00566	CDS	552				hypothetical protein
CHQ_1_00567	gene	795	thyA			
CHQ_1_00567	CDS	795	thyA	2.1.1.45	COG0207	Thymidylate synthase
CHQ_1_00568	gene	876	lgt			
CHQ_1_00568	CDS	876	lgt	2.5.1.145	COG0682	Phosphatidylglycerol--prolipoprotein diacylglyceryl transferase
CHQ_1_00569	gene	2247	ptsP			
CHQ_1_00569	CDS	2247	ptsP	2.7.3.9	COG3605	Phosphoenolpyruvate-dependent phosphotransferase system
CHQ_1_00570	gene	531	rppH_1			
CHQ_1_00570	CDS	531	rppH_1	3.6.1.-	COG0494	RNA pyrophosphohydrolase
CHQ_1_00571	gene	696	mutH			
CHQ_1_00571	CDS	696	mutH		COG3066	DNA mismatch repair protein MutH
CHQ_1_00572	gene	714				
CHQ_1_00572	CDS	714				hypothetical protein
CHQ_1_00573	gene	219	ygdR_3			
CHQ_1_00573	CDS	219	ygdR_3			putative lipoprotein YgdR
CHQ_1_00574	gene	1041	tas			
CHQ_1_00574	CDS	1041	tas		COG0667	Protein tas
CHQ_1_00575	gene	1194	lplT			
CHQ_1_00575	CDS	1194	lplT			Lysophospholipid transporter LplT
CHQ_1_00576	gene	2160	aas			
CHQ_1_00576	CDS	2160	aas		COG0204	Bifunctional protein Aas
CHQ_1_00577	gene	1017	galR			
CHQ_1_00577	CDS	1017	galR		COG1609	HTH-type transcriptional regulator GalR
CHQ_1_00578	gene	480				
CHQ_1_00578	CDS	480				hypothetical protein
CHQ_1_00579	gene	774	lldR_1			
CHQ_1_00579	CDS	774	lldR_1		COG2186	Putative L-lactate dehydrogenase operon regulatory protein
CHQ_1_00580	gene	1428	gmuD_2			
CHQ_1_00580	CDS	1428	gmuD_2	3.2.1.86	COG2723	6-phospho-beta-glucosidase GmuD
CHQ_1_00581	gene	1338	licC_4			
CHQ_1_00581	CDS	1338	licC_4		COG1455	Lichenan permease IIC component
CHQ_1_00582	gene	1011	ascG_3			
CHQ_1_00582	CDS	1011	ascG_3		COG1609	HTH-type transcriptional regulator AscG
CHQ_1_00583	gene	1263	lysA			
CHQ_1_00583	CDS	1263	lysA	4.1.1.20		Diaminopimelate decarboxylase
CHQ_1_00584	gene	927	occR			
CHQ_1_00584	CDS	927	occR			Octopine catabolism/uptake operon regulatory protein OccR
CHQ_1_00585	gene	714	ygeA			
CHQ_1_00585	CDS	714	ygeA	5.1.1.13		L-aspartate/glutamate-specific racemase
CHQ_1_00586	gene	327				
CHQ_1_00586	CDS	327				hypothetical protein
CHQ_1_00587	gene	891	lacF			
CHQ_1_00587	CDS	891	lacF			Lactose transport system permease protein LacF
CHQ_1_00588	gene	903	dasC			
CHQ_1_00588	CDS	903	dasC		COG0395	Diacetylchitobiose uptake system permease protein DasC
CHQ_1_00589	gene	1128	msmX			
CHQ_1_00589	CDS	1128	msmX	7.5.2.-	COG3839	Oligosaccharides import ATP-binding protein MsmX
CHQ_1_00590	gene	1287	yesO			
CHQ_1_00590	CDS	1287	yesO		COG1653	Putative ABC transporter substrate-binding protein YesO
CHQ_1_00591	gene	1344				
CHQ_1_00591	CDS	1344				hypothetical protein
CHQ_1_00592	gene	1434	sacA			
CHQ_1_00592	CDS	1434	sacA	3.2.1.26		Sucrose-6-phosphate hydrolase
CHQ_1_00593	gene	1242	cscB			
CHQ_1_00593	CDS	1242	cscB			Sucrose permease
CHQ_1_00594	gene	996	ccpA_1			
CHQ_1_00594	CDS	996	ccpA_1		COG1609	Catabolite control protein A
CHQ_1_00595	gene	1422	araE			
CHQ_1_00595	CDS	1422	araE			Arabinose-proton symporter
CHQ_1_00596	gene	762	kduD_1			
CHQ_1_00596	CDS	762	kduD_1	1.1.1.127		2-dehydro-3-deoxy-D-gluconate 5-dehydrogenase
CHQ_1_00597	gene	1176	ogl			
CHQ_1_00597	CDS	1176	ogl	4.2.2.6	COG0823	Oligogalacturonate lyase
CHQ_1_00598	gene	696	kdgM			
CHQ_1_00598	CDS	696	kdgM			Oligogalacturonate-specific porin KdgM
CHQ_1_00599	gene	1179	thlA_1			
CHQ_1_00599	CDS	1179	thlA_1	2.3.1.9	COG0183	Acetyl-CoA acetyltransferase
CHQ_1_00600	gene	870	gltC_2			
CHQ_1_00600	CDS	870	gltC_2			HTH-type transcriptional regulator GltC
CHQ_1_00601	gene	462				
CHQ_1_00601	CDS	462				hypothetical protein
CHQ_1_00602	gene	1230	yqeG			
CHQ_1_00602	CDS	1230	yqeG		COG0814	Inner membrane transport protein YqeG
CHQ_1_00603	gene	879	pdxI			
CHQ_1_00603	CDS	879	pdxI	1.1.1.65		Pyridoxine 4-dehydrogenase
CHQ_1_00604	gene	705	ycgR			
CHQ_1_00604	CDS	705	ycgR			Flagellar brake protein YcgR
CHQ_1_00605	gene	573				
CHQ_1_00605	CDS	573				hypothetical protein
CHQ_1_00606	gene	717	pdeH_1			
CHQ_1_00606	CDS	717	pdeH_1	3.1.4.52		Cyclic di-GMP phosphodiesterase PdeH
CHQ_1_00607	gene	636				
CHQ_1_00607	CDS	636				hypothetical protein
CHQ_1_00608	gene	996	mrkD_1			
CHQ_1_00608	CDS	996	mrkD_1			Fimbria adhesin protein
CHQ_1_00609	gene	2487	htrE_1			
CHQ_1_00609	CDS	2487	htrE_1		COG3188	Outer membrane usher protein HtrE
CHQ_1_00610	gene	702	yadV_1			
CHQ_1_00610	CDS	702	yadV_1			putative fimbrial chaperone YadV
CHQ_1_00611	gene	609				
CHQ_1_00611	CDS	609				hypothetical protein
CHQ_1_00612	gene	210				
CHQ_1_00612	CDS	210				hypothetical protein
CHQ_1_00613	gene	897				
CHQ_1_00613	CDS	897				hypothetical protein
CHQ_1_00614	gene	507				
CHQ_1_00614	CDS	507				hypothetical protein
CHQ_1_00615	gene	957				
CHQ_1_00615	CDS	957				hypothetical protein
CHQ_1_00616	gene	990				
CHQ_1_00616	CDS	990				hypothetical protein
CHQ_1_00617	gene	2481	yehB			
CHQ_1_00617	CDS	2481	yehB		COG3188	Outer membrane usher protein YehB
CHQ_1_00618	gene	684	yehC			
CHQ_1_00618	CDS	684	yehC		COG3121	putative fimbrial chaperone YehC
CHQ_1_00619	gene	543	yehD			
CHQ_1_00619	CDS	543	yehD			putative fimbrial-like protein YehD
CHQ_1_00620	gene	246				
CHQ_1_00620	CDS	246				hypothetical protein
CHQ_1_00621	gene	606				
CHQ_1_00621	CDS	606				ISKra4 family transposase ISCep1
CHQ_1_00622	gene	609				
CHQ_1_00622	CDS	609				ISKra4 family transposase ISCep1
CHQ_1_00623	gene	549	fim			
CHQ_1_00623	CDS	549	fim			Fimbrial subunit type 1
CHQ_1_00624	gene	537	lpfA			
CHQ_1_00624	CDS	537	lpfA			putative major fimbrial subunit LpfA
CHQ_1_00625	gene	705	fimC_1			
CHQ_1_00625	CDS	705	fimC_1			Chaperone protein FimC
CHQ_1_00626	gene	2613	fimD_1			
CHQ_1_00626	CDS	2613	fimD_1		COG3188	Outer membrane usher protein FimD
CHQ_1_00627	gene	528	fimF_1			
CHQ_1_00627	CDS	528	fimF_1			Protein FimF
CHQ_1_00628	gene	501	fimG_1			
CHQ_1_00628	CDS	501	fimG_1			Protein FimG
CHQ_1_00629	gene	909	fimH_1			
CHQ_1_00629	CDS	909	fimH_1			Type 1 fimbrin D-mannose specific adhesin
CHQ_1_00630	gene	657				
CHQ_1_00630	CDS	657				hypothetical protein
CHQ_1_00631	gene	273	yjdJ			
CHQ_1_00631	CDS	273	yjdJ		COG2388	putative protein YjdJ
CHQ_1_00632	gene	231				
CHQ_1_00632	CDS	231				hypothetical protein
CHQ_1_00633	gene	273				
CHQ_1_00633	CDS	273				hypothetical protein
CHQ_1_00634	gene	1026	mdtN			
CHQ_1_00634	CDS	1026	mdtN		COG1566	Multidrug resistance protein MdtN
CHQ_1_00635	gene	1938	mdtO			
CHQ_1_00635	CDS	1938	mdtO		COG1289	Multidrug resistance protein MdtO
CHQ_1_00636	gene	1449	cusC_1			
CHQ_1_00636	CDS	1449	cusC_1		COG1538	Cation efflux system protein CusC
CHQ_1_00637	gene	300				
CHQ_1_00637	CDS	300				hypothetical protein
CHQ_1_00638	gene	1554	dtpT			
CHQ_1_00638	CDS	1554	dtpT		COG3104	Di-/tripeptide transporter
CHQ_1_00639	gene	423	arsC_1			
CHQ_1_00639	CDS	423	arsC_1	1.20.4.1		Arsenate reductase
CHQ_1_00640	gene	1293	arsB_1			
CHQ_1_00640	CDS	1293	arsB_1		COG1055	Arsenical pump membrane protein
CHQ_1_00641	gene	330				
CHQ_1_00641	CDS	330				hypothetical protein
CHQ_1_00642	gene	294				
CHQ_1_00642	CDS	294				hypothetical protein
CHQ_1_00643	gene	573				
CHQ_1_00643	CDS	573				hypothetical protein
CHQ_1_00644	gene	264				
CHQ_1_00644	CDS	264				hypothetical protein
CHQ_1_00645	gene	900	pgrR_1			
CHQ_1_00645	CDS	900	pgrR_1			HTH-type transcriptional regulator PgrR
CHQ_1_00646	gene	309				
CHQ_1_00646	CDS	309				hypothetical protein
CHQ_1_00647	gene	564	kefF_2			
CHQ_1_00647	CDS	564	kefF_2	1.6.5.2		Glutathione-regulated potassium-efflux system ancillary protein KefF
CHQ_1_00648	gene	1020	yajO_1			
CHQ_1_00648	CDS	1020	yajO_1	1.1.-.-	COG0667	1-deoxyxylulose-5-phosphate synthase YajO
CHQ_1_00649	gene	804				
CHQ_1_00649	CDS	804				hypothetical protein
CHQ_1_00650	gene	918	nodD2_1			
CHQ_1_00650	CDS	918	nodD2_1			Nodulation protein D 2
CHQ_1_00651	gene	1389	ribZ_1			
CHQ_1_00651	CDS	1389	ribZ_1			Riboflavin transporter RibZ
CHQ_1_00652	gene	74				
CHQ_1_00652	tRNA	74				tRNA-Gly(ccc)
CHQ_1_00653	gene	714	nlpD_2			
CHQ_1_00653	CDS	714	nlpD_2		COG0739	Murein hydrolase activator NlpD
CHQ_1_00654	gene	555	idi			
CHQ_1_00654	CDS	555	idi	5.3.3.2	COG1443	Isopentenyl-diphosphate Delta-isomerase
CHQ_1_00655	gene	1518	lysS			
CHQ_1_00655	CDS	1518	lysS	6.1.1.6	COG1190	Lysine--tRNA ligase
CHQ_1_00656	gene	882	prfB			
CHQ_1_00656	CDS	882	prfB		COG1186	Peptide chain release factor RF2
CHQ_1_00657	gene	1734	recJ			
CHQ_1_00657	CDS	1734	recJ	3.1.-.-	COG0608	Single-stranded-DNA-specific exonuclease RecJ
CHQ_1_00658	gene	714	dsbC			
CHQ_1_00658	CDS	714	dsbC		COG1651	Thiol:disulfide interchange protein DsbC
CHQ_1_00659	gene	897	xerD			
CHQ_1_00659	CDS	897	xerD		COG4974	Tyrosine recombinase XerD
CHQ_1_00660	gene	522	fldB			
CHQ_1_00660	CDS	522	fldB		COG0716	Flavodoxin 2
CHQ_1_00661	gene	411	ygfX			
CHQ_1_00661	CDS	411	ygfX			Inner membrane protein YgfX
CHQ_1_00662	gene	267	sdhE			
CHQ_1_00662	CDS	267	sdhE		COG2938	FAD assembly factor SdhE
CHQ_1_00663	gene	984	ygfZ			
CHQ_1_00663	CDS	984	ygfZ		COG0354	tRNA-modifying protein YgfZ
CHQ_1_00664	gene	660				
CHQ_1_00664	CDS	660				hypothetical protein
CHQ_1_00665	gene	312				
CHQ_1_00665	CDS	312				hypothetical protein
CHQ_1_00666	gene	729	glvR			
CHQ_1_00666	CDS	729	glvR		COG1737	HTH-type transcriptional regulator GlvR
CHQ_1_00667	gene	1434	bglA_1			
CHQ_1_00667	CDS	1434	bglA_1	3.2.1.86	COG2723	6-phospho-beta-glucosidase BglA
CHQ_1_00668	gene	360				
CHQ_1_00668	CDS	360				hypothetical protein
CHQ_1_00669	gene	2010	dsbD_1			
CHQ_1_00669	CDS	2010	dsbD_1	1.8.1.8	COG4232	Thiol:disulfide interchange protein DsbD
CHQ_1_00670	gene	612				
CHQ_1_00670	CDS	612				hypothetical protein
CHQ_1_00671	gene	504	resA			
CHQ_1_00671	CDS	504	resA			Thiol-disulfide oxidoreductase ResA
CHQ_1_00672	gene	744	ygfF			
CHQ_1_00672	CDS	744	ygfF	1.-.-.-		putative oxidoreductase YgfF
CHQ_1_00673	gene	2874	gcvP			
CHQ_1_00673	CDS	2874	gcvP	1.4.4.2	COG0403	Glycine dehydrogenase (decarboxylating)
CHQ_1_00674	gene	390	gcvH			
CHQ_1_00674	CDS	390	gcvH		COG0509	Glycine cleavage system H protein
CHQ_1_00675	gene	1095	gcvT			
CHQ_1_00675	CDS	1095	gcvT	2.1.2.10	COG0404	Aminomethyltransferase
CHQ_1_00676	gene	1203	ubiI			
CHQ_1_00676	CDS	1203	ubiI	1.14.13.240	COG0654	2-octaprenylphenol hydroxylase
CHQ_1_00677	gene	1179	ubiH			
CHQ_1_00677	CDS	1179	ubiH	1.14.13.-	COG0654	2-octaprenyl-6-methoxyphenol hydroxylase
CHQ_1_00678	gene	1317	pepP			
CHQ_1_00678	CDS	1317	pepP	3.4.11.9	COG0006	Xaa-Pro aminopeptidase
CHQ_1_00679	gene	585				
CHQ_1_00679	CDS	585				hypothetical protein
CHQ_1_00680	gene	330	zapA			
CHQ_1_00680	CDS	330	zapA		COG3027	Cell division protein ZapA
CHQ_1_00681	gene	597	ygfA			
CHQ_1_00681	CDS	597	ygfA	6.3.3.2	COG0212	5-formyltetrahydrofolate cyclo-ligase
CHQ_1_00682	gene	1233	serA			
CHQ_1_00682	CDS	1233	serA	1.1.1.95	COG0111	D-3-phosphoglycerate dehydrogenase
CHQ_1_00683	gene	660	rpiA			
CHQ_1_00683	CDS	660	rpiA	5.3.1.6	COG0120	Ribose-5-phosphate isomerase A
CHQ_1_00684	gene	894	argP_1			
CHQ_1_00684	CDS	894	argP_1		COG0583	HTH-type transcriptional regulator ArgP
CHQ_1_00685	gene	768				
CHQ_1_00685	CDS	768			COG2968	26 kDa periplasmic immunogenic protein
CHQ_1_00686	gene	636	argO			
CHQ_1_00686	CDS	636	argO		COG1279	Arginine exporter protein ArgO
CHQ_1_00687	gene	858	mscS			
CHQ_1_00687	CDS	858	mscS		COG0668	Small-conductance mechanosensitive channel
CHQ_1_00688	gene	1080	fbaA_1			
CHQ_1_00688	CDS	1080	fbaA_1	4.1.2.13	COG0191	Fructose-bisphosphate aldolase class 2
CHQ_1_00689	gene	1164	pgk			
CHQ_1_00689	CDS	1164	pgk	2.7.2.3	COG0126	Phosphoglycerate kinase
CHQ_1_00690	gene	1029	epd			
CHQ_1_00690	CDS	1029	epd	1.2.1.72	COG0057	D-erythrose-4-phosphate dehydrogenase
CHQ_1_00691	gene	1947	tktA_2			
CHQ_1_00691	CDS	1947	tktA_2	2.2.1.1	COG0021	Transketolase 1
CHQ_1_00692	gene	786				
CHQ_1_00692	CDS	786				hypothetical protein
CHQ_1_00693	gene	1296	btuD_1			
CHQ_1_00693	CDS	1296	btuD_1	7.6.2.8		Vitamin B12 import ATP-binding protein BtuD
CHQ_1_00694	gene	2127	wbdD			
CHQ_1_00694	CDS	2127	wbdD			O-antigen chain terminator bifunctional methyltransferase/kinase WbdD
CHQ_1_00695	gene	2523	mshA_1			
CHQ_1_00695	CDS	2523	mshA_1	2.4.1.250		D-inositol-3-phosphate glycosyltransferase
CHQ_1_00696	gene	1146	mshA_2			
CHQ_1_00696	CDS	1146	mshA_2	2.4.1.250		D-inositol-3-phosphate glycosyltransferase
CHQ_1_00697	gene	1116	mshA_3			
CHQ_1_00697	CDS	1116	mshA_3	2.4.1.250		D-inositol-3-phosphate glycosyltransferase
CHQ_1_00698	gene	597	hisI			
CHQ_1_00698	CDS	597	hisI	3.5.4.19		Histidine biosynthesis bifunctional protein HisIE
CHQ_1_00699	gene	777	hisF			
CHQ_1_00699	CDS	777	hisF	4.3.2.10	COG0107	Imidazole glycerol phosphate synthase subunit HisF
CHQ_1_00700	gene	738	hisA			
CHQ_1_00700	CDS	738	hisA	5.3.1.16	COG0106	1-(5-phosphoribosyl)-5-[(5-phosphoribosylamino)methylideneamino] imidazole-4-carboxamide isomerase
CHQ_1_00701	gene	591	hisH			
CHQ_1_00701	CDS	591	hisH	4.3.2.10	COG0118	Imidazole glycerol phosphate synthase subunit HisH
CHQ_1_00702	gene	1068	hisB			
CHQ_1_00702	CDS	1068	hisB		COG0131	Histidine biosynthesis bifunctional protein HisB
CHQ_1_00703	gene	1062	hisC_1			
CHQ_1_00703	CDS	1062	hisC_1	2.6.1.9	COG0079	Histidinol-phosphate aminotransferase
CHQ_1_00704	gene	1305	hisD			
CHQ_1_00704	CDS	1305	hisD	1.1.1.23	COG0141	Histidinol dehydrogenase
CHQ_1_00705	gene	900	hisG			
CHQ_1_00705	CDS	900	hisG	2.4.2.17	COG0040	ATP phosphoribosyltransferase
CHQ_1_00706	gene	825	yeeZ			
CHQ_1_00706	CDS	825	yeeZ		COG0451	Protein YeeZ
CHQ_1_00707	gene	891	yhaJ_1			
CHQ_1_00707	CDS	891	yhaJ_1			HTH-type transcriptional regulator YhaJ
CHQ_1_00708	gene	1359	plaP			
CHQ_1_00708	CDS	1359	plaP		COG0531	Low-affinity putrescine importer PlaP
CHQ_1_00709	gene	516				
CHQ_1_00709	CDS	516				hypothetical protein
CHQ_1_00710	gene	1407	nifB			
CHQ_1_00710	CDS	1407	nifB	4.-.-.-	COG0535	FeMo cofactor biosynthesis protein NifB
CHQ_1_00711	gene	1575	nifA			
CHQ_1_00711	CDS	1575	nifA			Nif-specific regulatory protein
CHQ_1_00712	gene	1485	nifL			
CHQ_1_00712	CDS	1485	nifL			Nitrogen fixation regulatory protein
CHQ_1_00713	gene	531	nifF			
CHQ_1_00713	CDS	531	nifF		COG0716	Flavodoxin 2
CHQ_1_00714	gene	801	surA_2			
CHQ_1_00714	CDS	801	surA_2	5.2.1.8		Chaperone SurA
CHQ_1_00715	gene	444				
CHQ_1_00715	CDS	444				hypothetical protein
CHQ_1_00716	gene	258	nifW			
CHQ_1_00716	CDS	258	nifW			Nitrogenase-stabilizing/protective protein NifW
CHQ_1_00717	gene	1143	frbC			
CHQ_1_00717	CDS	1143	frbC	2.3.3.19		2-phosphonomethylmalate synthase
CHQ_1_00718	gene	1203	nifS			
CHQ_1_00718	CDS	1203	nifS	2.8.1.7	COG1104	Cysteine desulfurase NifS
CHQ_1_00719	gene	840				
CHQ_1_00719	CDS	840				hypothetical protein
CHQ_1_00720	gene	471				
CHQ_1_00720	CDS	471				hypothetical protein
CHQ_1_00721	gene	1386	nifK_1			
CHQ_1_00721	CDS	1386	nifK_1	1.18.6.1		Nitrogenase molybdenum-iron protein beta chain
CHQ_1_00722	gene	1374	nifD_1			
CHQ_1_00722	CDS	1374	nifD_1	1.18.6.1	COG2710	Nitrogenase molybdenum-iron protein alpha chain
CHQ_1_00723	gene	507				
CHQ_1_00723	CDS	507				hypothetical protein
CHQ_1_00724	gene	663				
CHQ_1_00724	CDS	663				hypothetical protein
CHQ_1_00725	gene	219				
CHQ_1_00725	CDS	219				hypothetical protein
CHQ_1_00726	gene	1563	nifK_2			
CHQ_1_00726	CDS	1563	nifK_2	1.18.6.1		Nitrogenase molybdenum-iron protein beta chain
CHQ_1_00727	gene	1449	nifD_2			
CHQ_1_00727	CDS	1449	nifD_2	1.18.6.1		Nitrogenase molybdenum-iron protein alpha chain
CHQ_1_00728	gene	882	nifH			
CHQ_1_00728	CDS	882	nifH	1.18.6.1		Nitrogenase iron protein
CHQ_1_00729	gene	3516				
CHQ_1_00729	CDS	3516		1.2.7.1	COG0674	Pyruvate:ferredoxin oxidoreductase
CHQ_1_00730	gene	309				
CHQ_1_00730	CDS	309				hypothetical protein
CHQ_1_00731	gene	2103	fusA_1			
CHQ_1_00731	CDS	2103	fusA_1		COG0480	Elongation factor G
CHQ_1_00732	gene	1425	sbcB			
CHQ_1_00732	CDS	1425	sbcB	3.1.11.1	COG2925	Exodeoxyribonuclease I
CHQ_1_00733	gene	1164	dacD			
CHQ_1_00733	CDS	1164	dacD	3.4.16.4	COG1686	D-alanyl-D-alanine carboxypeptidase DacD
CHQ_1_00734	gene	474	sbmC			
CHQ_1_00734	CDS	474	sbmC		COG3449	DNA gyrase inhibitor
CHQ_1_00735	gene	1059	yeeA			
CHQ_1_00735	CDS	1059	yeeA		COG1289	Inner membrane protein YeeA
CHQ_1_00736	gene	324				
CHQ_1_00736	CDS	324				hypothetical protein
CHQ_1_00737	gene	741	cobS			
CHQ_1_00737	CDS	741	cobS	2.7.8.26	COG0368	Adenosylcobinamide-GDP ribazoletransferase
CHQ_1_00738	gene	1068	cobT_2			
CHQ_1_00738	CDS	1068	cobT_2	2.4.2.21	COG2038	Nicotinate-nucleotide--dimethylbenzimidazole phosphoribosyltransferase
CHQ_1_00739	gene	1110	ahcY			
CHQ_1_00739	CDS	1110	ahcY	3.3.1.1	COG0499	Adenosylhomocysteinase
CHQ_1_00740	gene	732				
CHQ_1_00740	CDS	732				hypothetical protein
CHQ_1_00741	gene	390				
CHQ_1_00741	CDS	390				hypothetical protein
CHQ_1_00742	gene	957	dmlR_3			
CHQ_1_00742	CDS	957	dmlR_3			HTH-type transcriptional regulator DmlR
CHQ_1_00743	gene	741				
CHQ_1_00743	CDS	741				hypothetical protein
CHQ_1_00744	gene	1320	abaF_1			
CHQ_1_00744	CDS	1320	abaF_1			Fosfomycin resistance protein AbaF
CHQ_1_00745	gene	462				
CHQ_1_00745	CDS	462				hypothetical protein
CHQ_1_00746	gene	1788				
CHQ_1_00746	CDS	1788				hypothetical protein
CHQ_1_00747	gene	333	yeaR_1			
CHQ_1_00747	CDS	333	yeaR_1		COG3615	putative protein YeaR
CHQ_1_00748	gene	336				
CHQ_1_00748	CDS	336				hypothetical protein
CHQ_1_00749	gene	915	gcvA_2			
CHQ_1_00749	CDS	915	gcvA_2			Glycine cleavage system transcriptional activator
CHQ_1_00750	gene	576				
CHQ_1_00750	CDS	576				hypothetical protein
CHQ_1_00751	gene	837	cpo			
CHQ_1_00751	CDS	837	cpo	1.11.1.10		Non-heme chloroperoxidase
CHQ_1_00752	gene	972				
CHQ_1_00752	CDS	972				hypothetical protein
CHQ_1_00753	gene	1104				
CHQ_1_00753	CDS	1104				hypothetical protein
CHQ_1_00754	gene	76				
CHQ_1_00754	tRNA	76				tRNA-Asn(gtt)
CHQ_1_00755	gene	1437	yeeO			
CHQ_1_00755	CDS	1437	yeeO		COG0534	putative FMN/FAD exporter YeeO
CHQ_1_00756	gene	76				
CHQ_1_00756	tRNA	76				tRNA-Asn(gtt)
CHQ_1_00757	gene	1455	amn			
CHQ_1_00757	CDS	1455	amn	3.2.2.4	COG0775	AMP nucleosidase
CHQ_1_00758	gene	246	pmrD			
CHQ_1_00758	CDS	246	pmrD			Signal transduction protein PmrD
CHQ_1_00759	gene	1623	menH_1			
CHQ_1_00759	CDS	1623	menH_1	4.2.99.20		2-succinyl-6-hydroxy-2,4-cyclohexadiene-1-carboxylate synthase
CHQ_1_00760	gene	933				
CHQ_1_00760	CDS	933				hypothetical protein
CHQ_1_00761	gene	978	acuI			
CHQ_1_00761	CDS	978	acuI	1.3.1.84	COG0604	putative acrylyl-CoA reductase AcuI
CHQ_1_00762	gene	708	acuR			
CHQ_1_00762	CDS	708	acuR			Transcriptional regulator AcuR
CHQ_1_00763	gene	1635				
CHQ_1_00763	CDS	1635				hypothetical protein
CHQ_1_00764	gene	76				
CHQ_1_00764	tRNA	76				tRNA-Asn(gtt)
CHQ_1_00765	gene	918	argP_2			
CHQ_1_00765	CDS	918	argP_2			HTH-type transcriptional regulator ArgP
CHQ_1_00766	gene	951	cbl			
CHQ_1_00766	CDS	951	cbl			HTH-type transcriptional regulator cbl
CHQ_1_00767	gene	942	erfK			
CHQ_1_00767	CDS	942	erfK	2.-.-.-	COG1376	putative L,D-transpeptidase ErfK/SrfK
CHQ_1_00768	gene	76				
CHQ_1_00768	tRNA	76				tRNA-Asn(gtt)
CHQ_1_00769	gene	798	mtfA			
CHQ_1_00769	CDS	798	mtfA		COG3228	Protein MtfA
CHQ_1_00770	gene	90				
CHQ_1_00770	tRNA	90				tRNA-Ser(cga)
CHQ_1_00771	gene	1137	ompN_1			
CHQ_1_00771	CDS	1137	ompN_1		COG3203	Outer membrane porin N
CHQ_1_00772	gene	282	yedR			
CHQ_1_00772	CDS	282	yedR			Inner membrane protein YedR
CHQ_1_00773	gene	711	yedJ			
CHQ_1_00773	CDS	711	yedJ		COG1418	putative protein YedJ
CHQ_1_00774	gene	1401	dcm			
CHQ_1_00774	CDS	1401	dcm	2.1.1.37	COG0270	DNA-cytosine methyltransferase
CHQ_1_00775	gene	495	vsr			
CHQ_1_00775	CDS	495	vsr	3.1.-.-	COG3727	Very short patch repair protein
CHQ_1_00776	gene	912	yedA			
CHQ_1_00776	CDS	912	yedA			putative inner membrane transporter YedA
CHQ_1_00777	gene	912	yedI			
CHQ_1_00777	CDS	912	yedI		COG2354	Inner membrane protein YedI
CHQ_1_00778	gene	1680	dgcQ			
CHQ_1_00778	CDS	1680	dgcQ	2.7.7.65		putative diguanylate cyclase DgcQ
CHQ_1_00779	gene	225				
CHQ_1_00779	CDS	225				hypothetical protein
CHQ_1_00780	gene	192	dsrB			
CHQ_1_00780	CDS	192	dsrB			Protein DsrB
CHQ_1_00781	gene	624	rcsA			
CHQ_1_00781	CDS	624	rcsA		COG2771	Transcriptional regulatory protein RcsA
CHQ_1_00782	gene	432				
CHQ_1_00782	CDS	432				hypothetical protein
CHQ_1_00783	gene	1488	amyA			
CHQ_1_00783	CDS	1488	amyA	3.2.1.1	COG0366	Cytoplasmic alpha-amylase
CHQ_1_00784	gene	768	fliY_1			
CHQ_1_00784	CDS	768	fliY_1		COG0834	L-cystine-binding protein FliY
CHQ_1_00785	gene	987	dcyD			
CHQ_1_00785	CDS	987	dcyD	4.4.1.15	COG2515	D-cysteine desulfhydrase
CHQ_1_00786	gene	669	yecS_1			
CHQ_1_00786	CDS	669	yecS_1		COG0765	L-cystine transport system permease protein YecS
CHQ_1_00787	gene	753	artM_1			
CHQ_1_00787	CDS	753	artM_1		COG1126	Arginine transport ATP-binding protein ArtM
CHQ_1_00788	gene	723	sdiA			
CHQ_1_00788	CDS	723	sdiA		COG2771	Regulatory protein SdiA
CHQ_1_00789	gene	225				
CHQ_1_00789	CDS	225				hypothetical protein
CHQ_1_00790	gene	657	uvrY			
CHQ_1_00790	CDS	657	uvrY		COG2197	Response regulator UvrY
CHQ_1_00791	gene	1833	uvrC			
CHQ_1_00791	CDS	1833	uvrC		COG0322	UvrABC system protein C
CHQ_1_00792	gene	549	pgsA			
CHQ_1_00792	CDS	549	pgsA	2.7.8.5	COG0558	CDP-diacylglycerol--glycerol-3-phosphate 3-phosphatidyltransferase
CHQ_1_00793	gene	76				
CHQ_1_00793	tRNA	76				tRNA-Gly(gcc)
CHQ_1_00794	gene	74				
CHQ_1_00794	tRNA	74				tRNA-Cys(gca)
CHQ_1_00795	gene	87				
CHQ_1_00795	tRNA	87				tRNA-Leu(taa)
CHQ_1_00796	gene	882	dapA_1			
CHQ_1_00796	CDS	882	dapA_1	4.3.3.7	COG0329	4-hydroxy-tetrahydrodipicolinate synthase
CHQ_1_00797	gene	669				
CHQ_1_00797	CDS	669				hypothetical protein
CHQ_1_00798	gene	1143	tyrP			
CHQ_1_00798	CDS	1143	tyrP		COG0814	Tyrosine-specific transport protein
CHQ_1_00799	gene	240				
CHQ_1_00799	CDS	240				hypothetical protein
CHQ_1_00800	gene	498	ftnA_1			
CHQ_1_00800	CDS	498	ftnA_1	1.16.3.2	COG1528	Bacterial non-heme ferritin
CHQ_1_00801	gene	639				
CHQ_1_00801	CDS	639				hypothetical protein
CHQ_1_00802	gene	1422	hsrA_1			
CHQ_1_00802	CDS	1422	hsrA_1			putative transport protein HsrA
CHQ_1_00803	gene	252				
CHQ_1_00803	CDS	252				hypothetical protein
CHQ_1_00804	gene	1563	yagG_1			
CHQ_1_00804	CDS	1563	yagG_1		COG2211	Putative glycoside/cation symporter YagG
CHQ_1_00805	gene	510	ftnA_2			
CHQ_1_00805	CDS	510	ftnA_2	1.16.3.2	COG1528	Bacterial non-heme ferritin
CHQ_1_00806	gene	981	araF			
CHQ_1_00806	CDS	981	araF		COG1879	L-arabinose-binding periplasmic protein
CHQ_1_00807	gene	1515	araG_1			
CHQ_1_00807	CDS	1515	araG_1	7.5.2.12	COG1129	Arabinose import ATP-binding protein AraG
CHQ_1_00808	gene	981	araH			
CHQ_1_00808	CDS	981	araH		COG1172	L-arabinose transport system permease protein AraH
CHQ_1_00809	gene	789	otsB			
CHQ_1_00809	CDS	789	otsB	3.1.3.12	COG1877	Trehalose-6-phosphate phosphatase
CHQ_1_00810	gene	1425	otsA			
CHQ_1_00810	CDS	1425	otsA	2.4.1.15	COG0380	Trehalose-6-phosphate synthase
CHQ_1_00811	gene	429	uspC			
CHQ_1_00811	CDS	429	uspC		COG0589	Universal stress protein C
CHQ_1_00812	gene	1584	yagG_2			
CHQ_1_00812	CDS	1584	yagG_2		COG2211	Putative glycoside/cation symporter YagG
CHQ_1_00813	gene	1140	yesR_1			
CHQ_1_00813	CDS	1140	yesR_1	3.2.1.172	COG4225	Unsaturated rhamnogalacturonyl hydrolase YesR
CHQ_1_00814	gene	1734	argS			
CHQ_1_00814	CDS	1734	argS	6.1.1.19	COG0018	Arginine--tRNA ligase
CHQ_1_00815	gene	570	yecM			
CHQ_1_00815	CDS	570	yecM		COG3102	Protein YecM
CHQ_1_00816	gene	744	cutC_2			
CHQ_1_00816	CDS	744	cutC_2		COG3142	Copper homeostasis protein CutC
CHQ_1_00817	gene	1005	cmoB			
CHQ_1_00817	CDS	1005	cmoB	2.5.1.-	COG0500	tRNA U34 carboxymethyltransferase
CHQ_1_00818	gene	744	cmoA			
CHQ_1_00818	CDS	744	cmoA	2.1.3.-	COG0500	Carboxy-S-adenosyl-L-methionine synthase
CHQ_1_00819	gene	396	yecN			
CHQ_1_00819	CDS	396	yecN		COG3788	Inner membrane protein YecN
CHQ_1_00820	gene	819				
CHQ_1_00820	CDS	819				hypothetical protein
CHQ_1_00821	gene	567	yecD			
CHQ_1_00821	CDS	567	yecD	3.-.-.-	COG1335	Isochorismatase family protein YecD
CHQ_1_00822	gene	1788	aspS			
CHQ_1_00822	CDS	1788	aspS	6.1.1.12	COG0173	Aspartate--tRNA ligase
CHQ_1_00823	gene	444	nudB			
CHQ_1_00823	CDS	444	nudB	3.6.1.67	COG0494	Dihydroneopterin triphosphate diphosphatase
CHQ_1_00824	gene	741	yebC			
CHQ_1_00824	CDS	741	yebC		COG0217	putative transcriptional regulatory protein YebC
CHQ_1_00825	gene	522	ruvC			
CHQ_1_00825	CDS	522	ruvC	3.1.22.4	COG0817	Crossover junction endodeoxyribonuclease RuvC
CHQ_1_00826	gene	612	ruvA			
CHQ_1_00826	CDS	612	ruvA	3.6.4.12	COG0632	Holliday junction ATP-dependent DNA helicase RuvA
CHQ_1_00827	gene	1011	ruvB			
CHQ_1_00827	CDS	1011	ruvB	3.6.4.12	COG2255	Holliday junction ATP-dependent DNA helicase RuvB
CHQ_1_00828	gene	786	znuB			
CHQ_1_00828	CDS	786	znuB		COG1108	High-affinity zinc uptake system membrane protein ZnuB
CHQ_1_00829	gene	759	znuC			
CHQ_1_00829	CDS	759	znuC	7.2.2.-	COG1121	Zinc import ATP-binding protein ZnuC
CHQ_1_00830	gene	960	znuA			
CHQ_1_00830	CDS	960	znuA		COG4531	High-affinity zinc uptake system protein ZnuA
CHQ_1_00831	gene	1320	mepM_1			
CHQ_1_00831	CDS	1320	mepM_1	3.4.24.-	COG0739	Murein DD-endopeptidase MepM
CHQ_1_00832	gene	972	lpxM			
CHQ_1_00832	CDS	972	lpxM	2.3.1.243	COG1560	Lipid A biosynthesis myristoyltransferase
CHQ_1_00833	gene	717	dcuR_1			
CHQ_1_00833	CDS	717	dcuR_1		COG4565	Transcriptional regulatory protein DcuR
CHQ_1_00834	gene	1686	maeA_1			
CHQ_1_00834	CDS	1686	maeA_1	1.1.1.38	COG0281	NAD-dependent malic enzyme
CHQ_1_00835	gene	948				
CHQ_1_00835	CDS	948				hypothetical protein
CHQ_1_00836	gene	1335	cimH_2			
CHQ_1_00836	CDS	1335	cimH_2		COG3493	Citrate/malate transporter
CHQ_1_00837	gene	1443	pykA			
CHQ_1_00837	CDS	1443	pykA	2.7.1.40	COG0469	Pyruvate kinase II
CHQ_1_00838	gene	888	hexR_2			
CHQ_1_00838	CDS	888	hexR_2		COG1737	HTH-type transcriptional regulator HexR
CHQ_1_00839	gene	1476	zwf			
CHQ_1_00839	CDS	1476	zwf	1.1.1.49	COG0364	Glucose-6-phosphate 1-dehydrogenase
CHQ_1_00840	gene	1812	edd			
CHQ_1_00840	CDS	1812	edd	4.2.1.12	COG0129	Phosphogluconate dehydratase
CHQ_1_00841	gene	642	eda			
CHQ_1_00841	CDS	642	eda		COG0800	KHG/KDPG aldolase
CHQ_1_00842	gene	1179	purT			
CHQ_1_00842	CDS	1179	purT	2.1.2.-	COG0027	Formate-dependent phosphoribosylglycinamide formyltransferase
CHQ_1_00843	gene	348				
CHQ_1_00843	CDS	348				hypothetical protein
CHQ_1_00844	gene	660	yebE			
CHQ_1_00844	CDS	660	yebE		COG2979	Inner membrane protein YebE
CHQ_1_00845	gene	2028	ptrB			
CHQ_1_00845	CDS	2028	ptrB	3.4.21.83	COG1770	Protease 2
CHQ_1_00846	gene	660	exoX			
CHQ_1_00846	CDS	660	exoX	3.1.11.-	COG0847	Exodeoxyribonuclease 10
CHQ_1_00847	gene	231	holE			
CHQ_1_00847	CDS	231	holE	2.7.7.7		DNA polymerase III subunit theta
CHQ_1_00848	gene	375	yobA			
CHQ_1_00848	CDS	375	yobA		COG2372	Protein YobA
CHQ_1_00849	gene	870	yebZ			
CHQ_1_00849	CDS	870	yebZ		COG1276	Inner membrane protein YebZ
CHQ_1_00850	gene	339				
CHQ_1_00850	CDS	339				hypothetical protein
CHQ_1_00851	gene	147				
CHQ_1_00851	CDS	147				hypothetical protein
CHQ_1_00852	gene	960				
CHQ_1_00852	CDS	960			COG2990	putative protein
CHQ_1_00853	gene	654	pphA			
CHQ_1_00853	CDS	654	pphA	3.1.3.16	COG0639	Serine/threonine-protein phosphatase 1
CHQ_1_00854	gene	192				
CHQ_1_00854	CDS	192				hypothetical protein
CHQ_1_00855	gene	294				
CHQ_1_00855	CDS	294				hypothetical protein
CHQ_1_00856	gene	1389	rsmF			
CHQ_1_00856	CDS	1389	rsmF	2.1.1.178	COG0144	Ribosomal RNA small subunit methyltransferase F
CHQ_1_00857	gene	2634	yebT			
CHQ_1_00857	CDS	2634	yebT		COG3008	Intermembrane transport protein YebT
CHQ_1_00858	gene	1284	yebS			
CHQ_1_00858	CDS	1284	yebS		COG2995	Intermembrane transport protein YebS
CHQ_1_00859	gene	555	msrC			
CHQ_1_00859	CDS	555	msrC	1.8.4.14	COG1956	Free methionine-R-sulfoxide reductase
CHQ_1_00860	gene	678	proQ			
CHQ_1_00860	CDS	678	proQ		COG3109	RNA chaperone ProQ
CHQ_1_00861	gene	2049	prc			
CHQ_1_00861	CDS	2049	prc	3.4.21.102	COG0793	Tail-specific protease
CHQ_1_00862	gene	885	htpX			
CHQ_1_00862	CDS	885	htpX	3.4.24.-	COG0501	Protease HtpX
CHQ_1_00863	gene	1422	ribZ_2			
CHQ_1_00863	CDS	1422	ribZ_2			Riboflavin transporter RibZ
CHQ_1_00864	gene	792	kdgR_1			
CHQ_1_00864	CDS	792	kdgR_1		COG1414	Transcriptional regulator KdgR
CHQ_1_00865	gene	240				
CHQ_1_00865	CDS	240				hypothetical protein
CHQ_1_00866	gene	291				
CHQ_1_00866	CDS	291				hypothetical protein
CHQ_1_00867	gene	210	cspC			
CHQ_1_00867	CDS	210	cspC			Cold shock-like protein CspC
CHQ_1_00868	gene	1746	ftsI_2			
CHQ_1_00868	CDS	1746	ftsI_2	3.4.16.4	COG0768	Peptidoglycan D,D-transpeptidase FtsI
CHQ_1_00869	gene	795	rlmA			
CHQ_1_00869	CDS	795	rlmA	2.1.1.187	COG0500	23S rRNA (guanine(745)-N(1))-methyltransferase
CHQ_1_00870	gene	567	mntP			
CHQ_1_00870	CDS	567	mntP		COG1971	putative manganese efflux pump MntP
CHQ_1_00871	gene	459				
CHQ_1_00871	CDS	459				hypothetical protein
CHQ_1_00872	gene	852	manZ_2			
CHQ_1_00872	CDS	852	manZ_2		COG3716	PTS system mannose-specific EIID component
CHQ_1_00873	gene	801	manY			
CHQ_1_00873	CDS	801	manY		COG3715	PTS system mannose-specific EIIC component
CHQ_1_00874	gene	972	manX			
CHQ_1_00874	CDS	972	manX	2.7.1.191	COG2893	PTS system mannose-specific EIIAB component
CHQ_1_00875	gene	1563				
CHQ_1_00875	CDS	1563				hypothetical protein
CHQ_1_00876	gene	1557	pdeD			
CHQ_1_00876	CDS	1557	pdeD	3.1.4.52	COG2200	putative cyclic di-GMP phosphodiesterase PdeD
CHQ_1_00877	gene	1365	sdaA			
CHQ_1_00877	CDS	1365	sdaA	4.3.1.17	COG1760	L-serine dehydratase 1
CHQ_1_00878	gene	579	nudL			
CHQ_1_00878	CDS	579	nudL	3.6.1.-		putative Nudix hydrolase NudL
CHQ_1_00879	gene	1356	pabB			
CHQ_1_00879	CDS	1356	pabB	2.6.1.85	COG0147	Aminodeoxychorismate synthase component 1
CHQ_1_00880	gene	186				
CHQ_1_00880	CDS	186				hypothetical protein
CHQ_1_00881	gene	345	yabJ			
CHQ_1_00881	CDS	345	yabJ	3.5.99.10	COG0251	2-iminobutanoate/2-iminopropanoate deaminase
CHQ_1_00882	gene	1911	yoaA			
CHQ_1_00882	CDS	1911	yoaA	3.6.4.12	COG1199	putative ATP-dependent DNA helicase YoaA
CHQ_1_00883	gene	696	tsaB			
CHQ_1_00883	CDS	696	tsaB		COG1214	tRNA threonylcarbamoyladenosine biosynthesis protein TsaB
CHQ_1_00884	gene	582	slp			
CHQ_1_00884	CDS	582	slp		COG3065	Outer membrane protein Slp
CHQ_1_00885	gene	1719	fadD			
CHQ_1_00885	CDS	1719	fadD	6.2.1.3	COG0318	Long-chain-fatty-acid--CoA ligase
CHQ_1_00886	gene	1116	rnd			
CHQ_1_00886	CDS	1116	rnd	3.1.13.5	COG0349	Ribonuclease D
CHQ_1_00887	gene	270	minE			
CHQ_1_00887	CDS	270	minE		COG0851	Cell division topological specificity factor
CHQ_1_00888	gene	813	minD			
CHQ_1_00888	CDS	813	minD		COG2894	Septum site-determining protein MinD
CHQ_1_00889	gene	699	minC			
CHQ_1_00889	CDS	699	minC		COG0850	Septum site-determining protein MinC
CHQ_1_00890	gene	282	ycgL			
CHQ_1_00890	CDS	282	ycgL		COG3100	Protein YcgL
CHQ_1_00891	gene	660	ycgM			
CHQ_1_00891	CDS	660	ycgM		COG0179	putative protein YcgM
CHQ_1_00892	gene	447				
CHQ_1_00892	CDS	447				hypothetical protein
CHQ_1_00893	gene	345	yeaR_2			
CHQ_1_00893	CDS	345	yeaR_2		COG3615	putative protein YeaR
CHQ_1_00894	gene	531	dsbB			
CHQ_1_00894	CDS	531	dsbB		COG1495	Disulfide bond formation protein B
CHQ_1_00895	gene	1551	nhaB			
CHQ_1_00895	CDS	1551	nhaB		COG3067	Na(+)/H(+) antiporter NhaB
CHQ_1_00896	gene	720	fadR			
CHQ_1_00896	CDS	720	fadR		COG2186	Fatty acid metabolism regulator protein
CHQ_1_00897	gene	1533				
CHQ_1_00897	CDS	1533				hypothetical protein
CHQ_1_00898	gene	1299	dadA_1			
CHQ_1_00898	CDS	1299	dadA_1	1.4.99.-		D-amino acid dehydrogenase
CHQ_1_00899	gene	1071	dadX			
CHQ_1_00899	CDS	1071	dadX	5.1.1.1	COG0787	Alanine racemase, catabolic
CHQ_1_00900	gene	1734	cvrA			
CHQ_1_00900	CDS	1734	cvrA		COG3263	K(+)/H(+) antiporter NhaP2
CHQ_1_00901	gene	915	ldcA			
CHQ_1_00901	CDS	915	ldcA	3.4.17.13	COG1619	Murein tetrapeptide carboxypeptidase
CHQ_1_00902	gene	612	emtA			
CHQ_1_00902	CDS	612	emtA	4.2.2.-	COG0741	Endo-type membrane-bound lytic murein transglycosylase A
CHQ_1_00903	gene	825				
CHQ_1_00903	CDS	825				hypothetical protein
CHQ_1_00904	gene	852				
CHQ_1_00904	CDS	852				hypothetical protein
CHQ_1_00905	gene	2121	fhuA_2			
CHQ_1_00905	CDS	2121	fhuA_2		COG1629	Ferrichrome outer membrane transporter/phage receptor
CHQ_1_00906	gene	1743	treA			
CHQ_1_00906	CDS	1743	treA	3.2.1.28	COG1626	Periplasmic trehalase
CHQ_1_00907	gene	1359	yicJ_2			
CHQ_1_00907	CDS	1359	yicJ_2		COG2211	Inner membrane symporter YicJ
CHQ_1_00908	gene	1392				
CHQ_1_00908	CDS	1392				hypothetical protein
CHQ_1_00909	gene	1440				
CHQ_1_00909	CDS	1440			COG2308	putative protein
CHQ_1_00910	gene	930				
CHQ_1_00910	CDS	930			COG2307	putative protein
CHQ_1_00911	gene	816				
CHQ_1_00911	CDS	816			COG1305	putative protein
CHQ_1_00912	gene	747				
CHQ_1_00912	CDS	747				hypothetical protein
CHQ_1_00913	gene	1086	ugpC_1			
CHQ_1_00913	CDS	1086	ugpC_1	7.6.2.10	COG3839	sn-glycerol-3-phosphate import ATP-binding protein UgpC
CHQ_1_00914	gene	963	ydjH_1			
CHQ_1_00914	CDS	963	ydjH_1	2.7.1.-	COG0524	putative sugar kinase YdjH
CHQ_1_00915	gene	843	sugB			
CHQ_1_00915	CDS	843	sugB		COG0395	Trehalose transport system permease protein SugB
CHQ_1_00916	gene	909	sugA			
CHQ_1_00916	CDS	909	sugA		COG1175	Trehalose transport system permease protein SugA
CHQ_1_00917	gene	1245				
CHQ_1_00917	CDS	1245			COG1653	putative ABC transporter-binding protein
CHQ_1_00918	gene	1209	mlc_1			
CHQ_1_00918	CDS	1209	mlc_1		COG1940	Protein mlc
CHQ_1_00919	gene	1014				
CHQ_1_00919	CDS	1014				hypothetical protein
CHQ_1_00920	gene	801				
CHQ_1_00920	CDS	801				hypothetical protein
CHQ_1_00921	gene	1359	ntaA			
CHQ_1_00921	CDS	1359	ntaA	1.14.14.10		Nitrilotriacetate monooxygenase component A
CHQ_1_00922	gene	900	opuBC			
CHQ_1_00922	CDS	900	opuBC		COG1732	Choline-binding protein
CHQ_1_00923	gene	669	opuCB			
CHQ_1_00923	CDS	669	opuCB		COG1174	Glycine betaine/carnitine/choline transport system permease protein OpuCB
CHQ_1_00924	gene	630	opuBB			
CHQ_1_00924	CDS	630	opuBB		COG1174	Choline transport system permease protein OpuBB
CHQ_1_00925	gene	1089	osmV			
CHQ_1_00925	CDS	1089	osmV	3.6.3.-	COG1125	Osmoprotectant import ATP-binding protein OsmV
CHQ_1_00926	gene	939	tsaR_1			
CHQ_1_00926	CDS	939	tsaR_1			HTH-type transcriptional regulator TsaR
CHQ_1_00927	gene	990	tdcB			
CHQ_1_00927	CDS	990	tdcB	4.3.1.19	COG1171	L-threonine dehydratase catabolic TdcB
CHQ_1_00928	gene	1332	tdcC			
CHQ_1_00928	CDS	1332	tdcC		COG0814	Threonine/serine transporter TdcC
CHQ_1_00929	gene	1209	tdcD			
CHQ_1_00929	CDS	1209	tdcD	2.7.2.15	COG0282	Propionate kinase
CHQ_1_00930	gene	2295	tdcE			
CHQ_1_00930	CDS	2295	tdcE	2.3.1.-	COG1882	PFL-like enzyme TdcE
CHQ_1_00931	gene	1065	livJ_1			
CHQ_1_00931	CDS	1065	livJ_1		COG0683	Leu/Ile/Val/Thr-binding protein
CHQ_1_00932	gene	915	livH_1			
CHQ_1_00932	CDS	915	livH_1		COG0559	High-affinity branched-chain amino acid transport system permease protein LivH
CHQ_1_00933	gene	1287				
CHQ_1_00933	CDS	1287				hypothetical protein
CHQ_1_00934	gene	876	glnQ_1			
CHQ_1_00934	CDS	876	glnQ_1	3.6.3.-	COG1126	Glutamine transport ATP-binding protein GlnQ
CHQ_1_00935	gene	720	livF_1			
CHQ_1_00935	CDS	720	livF_1		COG0410	High-affinity branched-chain amino acid transport ATP-binding protein LivF
CHQ_1_00936	gene	894	yjiE_1			
CHQ_1_00936	CDS	894	yjiE_1			HTH-type transcriptional regulator YjiE
CHQ_1_00937	gene	1644	pckA_1			
CHQ_1_00937	CDS	1644	pckA_1	4.1.1.49	COG1866	Phosphoenolpyruvate carboxykinase (ATP)
CHQ_1_00938	gene	477				
CHQ_1_00938	CDS	477				hypothetical protein
CHQ_1_00939	gene	936	pcpR			
CHQ_1_00939	CDS	936	pcpR			PCP degradation transcriptional activation protein
CHQ_1_00940	gene	1296	proP_2			
CHQ_1_00940	CDS	1296	proP_2			Proline/betaine transporter
CHQ_1_00941	gene	807	ais			
CHQ_1_00941	CDS	807	ais	5.3.3.7		Aconitate isomerase
CHQ_1_00942	gene	900	oxyR_1			
CHQ_1_00942	CDS	900	oxyR_1			Hydrogen peroxide-inducible genes activator
CHQ_1_00943	gene	483				
CHQ_1_00943	CDS	483				hypothetical protein
CHQ_1_00944	gene	768	rluA_2			
CHQ_1_00944	CDS	768	rluA_2	5.4.99.28	COG0564	Dual-specificity RNA pseudouridine synthase RluA
CHQ_1_00945	gene	540				
CHQ_1_00945	CDS	540				hypothetical protein
CHQ_1_00946	gene	330				
CHQ_1_00946	CDS	330				hypothetical protein
CHQ_1_00947	gene	372				
CHQ_1_00947	CDS	372				hypothetical protein
CHQ_1_00948	gene	915	thpA_1			
CHQ_1_00948	CDS	915	thpA_1		COG1879	D-threitol-binding protein
CHQ_1_00949	gene	330				
CHQ_1_00949	CDS	330				hypothetical protein
CHQ_1_00950	gene	1092	ychF			
CHQ_1_00950	CDS	1092	ychF		COG0012	Ribosome-binding ATPase YchF
CHQ_1_00951	gene	585	pth			
CHQ_1_00951	CDS	585	pth	3.1.1.29	COG0193	Peptidyl-tRNA hydrolase
CHQ_1_00952	gene	276				
CHQ_1_00952	CDS	276				hypothetical protein
CHQ_1_00953	gene	1047				
CHQ_1_00953	CDS	1047				hypothetical protein
CHQ_1_00954	gene	1653	dauA_2			
CHQ_1_00954	CDS	1653	dauA_2		COG0659	C4-dicarboxylic acid transporter DauA
CHQ_1_00955	gene	948	prs			
CHQ_1_00955	CDS	948	prs	2.7.6.1	COG0462	Ribose-phosphate pyrophosphokinase
CHQ_1_00956	gene	852	ispE			
CHQ_1_00956	CDS	852	ispE	2.7.1.148	COG1947	4-diphosphocytidyl-2-C-methyl-D-erythritol kinase
CHQ_1_00957	gene	612	lolB			
CHQ_1_00957	CDS	612	lolB		COG3017	Outer-membrane lipoprotein LolB
CHQ_1_00958	gene	1257	hemA			
CHQ_1_00958	CDS	1257	hemA	1.2.1.70	COG0373	Glutamyl-tRNA reductase
CHQ_1_00959	gene	1083	prfA			
CHQ_1_00959	CDS	1083	prfA		COG0216	Peptide chain release factor RF1
CHQ_1_00960	gene	849	prmC			
CHQ_1_00960	CDS	849	prmC	2.1.1.297	COG2890	Release factor glutamine methyltransferase
CHQ_1_00961	gene	393	ychQ			
CHQ_1_00961	CDS	393	ychQ		COG3094	Protein YchQ
CHQ_1_00962	gene	813				
CHQ_1_00962	CDS	813				hypothetical protein
CHQ_1_00963	gene	855	kdsA			
CHQ_1_00963	CDS	855	kdsA	2.5.1.55	COG2877	2-dehydro-3-deoxyphosphooctonate aldolase
CHQ_1_00964	gene	1101	chaA			
CHQ_1_00964	CDS	1101	chaA		COG0387	Sodium-potassium/proton antiporter ChaA
CHQ_1_00965	gene	177				
CHQ_1_00965	CDS	177				hypothetical protein
CHQ_1_00966	gene	231	chaB			
CHQ_1_00966	CDS	231	chaB		COG4572	Putative cation transport regulator ChaB
CHQ_1_00967	gene	681	chaC			
CHQ_1_00967	CDS	681	chaC	4.3.2.7	COG3703	Glutathione-specific gamma-glutamylcyclotransferase
CHQ_1_00968	gene	243				
CHQ_1_00968	CDS	243				hypothetical protein
CHQ_1_00969	gene	354	ychN			
CHQ_1_00969	CDS	354	ychN		COG1553	Protein YchN
CHQ_1_00970	gene	1182	nasR			
CHQ_1_00970	CDS	1182	nasR			Nitrate regulatory protein
CHQ_1_00971	gene	1257	nrtA			
CHQ_1_00971	CDS	1257	nrtA			Nitrate/nitrite binding protein NrtA
CHQ_1_00972	gene	885	cmpB			
CHQ_1_00972	CDS	885	cmpB			Bicarbonate transport system permease protein CmpB
CHQ_1_00973	gene	789	nrtD			
CHQ_1_00973	CDS	789	nrtD	7.3.2.4	COG1116	Nitrate import ATP-binding protein NrtD
CHQ_1_00974	gene	4068	norW_1			
CHQ_1_00974	CDS	4068	norW_1	1.18.1.-		Nitric oxide reductase FlRd-NAD(+) reductase
CHQ_1_00975	gene	2610	nasA			
CHQ_1_00975	CDS	2610	nasA	1.7.-.-		Nitrate reductase
CHQ_1_00976	gene	1383				
CHQ_1_00976	CDS	1383				Invasin
CHQ_1_00977	gene	651	narL			
CHQ_1_00977	CDS	651	narL		COG2197	Nitrate/nitrite response regulator protein NarL
CHQ_1_00978	gene	1779	narX			
CHQ_1_00978	CDS	1779	narX	2.7.13.3		Nitrate/nitrite sensor protein NarX
CHQ_1_00979	gene	1389	narK			
CHQ_1_00979	CDS	1389	narK		COG2223	Nitrate/nitrite transporter NarK
CHQ_1_00980	gene	3750	narG			
CHQ_1_00980	CDS	3750	narG	1.7.5.1	COG5013	Respiratory nitrate reductase 1 alpha chain
CHQ_1_00981	gene	1536	narH			
CHQ_1_00981	CDS	1536	narH	1.7.5.1	COG1140	Respiratory nitrate reductase 1 beta chain
CHQ_1_00982	gene	711	narJ			
CHQ_1_00982	CDS	711	narJ		COG2180	Nitrate reductase molybdenum cofactor assembly chaperone NarJ
CHQ_1_00983	gene	678	narI			
CHQ_1_00983	CDS	678	narI	1.7.5.1	COG2181	Respiratory nitrate reductase 1 gamma chain
CHQ_1_00984	gene	897				
CHQ_1_00984	CDS	897				hypothetical protein
CHQ_1_00985	gene	444	lrpC			
CHQ_1_00985	CDS	444	lrpC		COG1522	HTH-type transcriptional regulator LrpC
CHQ_1_00986	gene	85				
CHQ_1_00986	tRNA	85				tRNA-Tyr(gta)
CHQ_1_00987	gene	85				
CHQ_1_00987	tRNA	85				tRNA-Tyr(gta)
CHQ_1_00988	gene	843	purU			
CHQ_1_00988	CDS	843	purU	3.5.1.10	COG0788	Formyltetrahydrofolate deformylase
CHQ_1_00989	gene	360				
CHQ_1_00989	CDS	360				hypothetical protein
CHQ_1_00990	gene	903				
CHQ_1_00990	CDS	903			COG1752	putative NTE family protein
CHQ_1_00991	gene	1014	rssB_1			
CHQ_1_00991	CDS	1014	rssB_1		COG0784	Regulator of RpoS
CHQ_1_00992	gene	903	galU			
CHQ_1_00992	CDS	903	galU	2.7.7.9	COG1210	UTP--glucose-1-phosphate uridylyltransferase
CHQ_1_00993	gene	408	hns			
CHQ_1_00993	CDS	408	hns			DNA-binding protein H-NS
CHQ_1_00994	gene	528	tdk			
CHQ_1_00994	CDS	528	tdk	2.7.1.21	COG1435	Thymidine kinase
CHQ_1_00995	gene	2676	adhE_5			
CHQ_1_00995	CDS	2676	adhE_5		COG1012	Aldehyde-alcohol dehydrogenase
CHQ_1_00996	gene	648				
CHQ_1_00996	CDS	648				hypothetical protein
CHQ_1_00997	gene	1635	oppA_1			
CHQ_1_00997	CDS	1635	oppA_1		COG4166	Periplasmic oligopeptide-binding protein
CHQ_1_00998	gene	921	oppB			
CHQ_1_00998	CDS	921	oppB		COG0601	Oligopeptide transport system permease protein OppB
CHQ_1_00999	gene	909	oppC			
CHQ_1_00999	CDS	909	oppC		COG1173	Oligopeptide transport system permease protein OppC
CHQ_1_01000	gene	1014	oppD_1			
CHQ_1_01000	CDS	1014	oppD_1		COG0444	Oligopeptide transport ATP-binding protein OppD
CHQ_1_01001	gene	1005	btuD_2			
CHQ_1_01001	CDS	1005	btuD_2	7.6.2.8		Vitamin B12 import ATP-binding protein BtuD
CHQ_1_01002	gene	834				
CHQ_1_01002	CDS	834				hypothetical protein
CHQ_1_01003	gene	330				
CHQ_1_01003	CDS	330				hypothetical protein
CHQ_1_01004	gene	1461	clsA			
CHQ_1_01004	CDS	1461	clsA	2.7.8.-	COG1502	Cardiolipin synthase A
CHQ_1_01005	gene	174				
CHQ_1_01005	CDS	174				hypothetical protein
CHQ_1_01006	gene	579	yceI			
CHQ_1_01006	CDS	579	yceI		COG2353	Protein YceI
CHQ_1_01007	gene	297	yciI			
CHQ_1_01007	CDS	297	yciI		COG2350	Protein YciI
CHQ_1_01008	gene	738	tonB			
CHQ_1_01008	CDS	738	tonB		COG0810	Protein TonB
CHQ_1_01009	gene	873				
CHQ_1_01009	CDS	873		2.7.1.-		putative ketoamine kinase
CHQ_1_01010	gene	285				
CHQ_1_01010	CDS	285				hypothetical protein
CHQ_1_01011	gene	933	pfkB			
CHQ_1_01011	CDS	933	pfkB	2.7.1.11	COG1105	ATP-dependent 6-phosphofructokinase isozyme 2
CHQ_1_01012	gene	759				
CHQ_1_01012	CDS	759				hypothetical protein
CHQ_1_01013	gene	234				
CHQ_1_01013	CDS	234				hypothetical protein
CHQ_1_01014	gene	1929	thrS			
CHQ_1_01014	CDS	1929	thrS	6.1.1.3	COG0441	Threonine--tRNA ligase
CHQ_1_01015	gene	435	infC			
CHQ_1_01015	CDS	435	infC		COG0290	Translation initiation factor IF-3
CHQ_1_01016	gene	198	rpmI			
CHQ_1_01016	CDS	198	rpmI		COG0291	50S ribosomal protein L35
CHQ_1_01017	gene	357	rplT			
CHQ_1_01017	CDS	357	rplT		COG0292	50S ribosomal protein L20
CHQ_1_01018	gene	984	pheS			
CHQ_1_01018	CDS	984	pheS	6.1.1.20	COG0016	Phenylalanine--tRNA ligase alpha subunit
CHQ_1_01019	gene	2388	pheT			
CHQ_1_01019	CDS	2388	pheT	6.1.1.20	COG0072	Phenylalanine--tRNA ligase beta subunit
CHQ_1_01020	gene	300	ihfA			
CHQ_1_01020	CDS	300	ihfA		COG0776	Integration host factor subunit alpha
CHQ_1_01021	gene	369	rutC_2			
CHQ_1_01021	CDS	369	rutC_2	1.-.-.-		Putative aminoacrylate peracid reductase RutC
CHQ_1_01022	gene	1254	dadA_2			
CHQ_1_01022	CDS	1254	dadA_2	1.4.99.-		D-amino acid dehydrogenase
CHQ_1_01023	gene	915	hcaR_1			
CHQ_1_01023	CDS	915	hcaR_1			Hca operon transcriptional activator HcaR
CHQ_1_01024	gene	1434				
CHQ_1_01024	CDS	1434				hypothetical protein
CHQ_1_01025	gene	978	btuC			
CHQ_1_01025	CDS	978	btuC		COG4139	Vitamin B12 import system permease protein BtuC
CHQ_1_01026	gene	801	metQ_2			
CHQ_1_01026	CDS	801	metQ_2		COG1464	D-methionine-binding lipoprotein MetQ
CHQ_1_01027	gene	552	btuE			
CHQ_1_01027	CDS	552	btuE	1.11.1.15	COG0386	Thioredoxin/glutathione peroxidase BtuE
CHQ_1_01028	gene	750	btuD_3			
CHQ_1_01028	CDS	750	btuD_3	7.6.2.8	COG4138	Vitamin B12 import ATP-binding protein BtuD
CHQ_1_01029	gene	465	mepS_1			
CHQ_1_01029	CDS	465	mepS_1	3.4.-.-	COG0791	Murein DD-endopeptidase MepS/Murein LD-carboxypeptidase
CHQ_1_01030	gene	1443	selO			
CHQ_1_01030	CDS	1443	selO	2.7.7.-	COG0397	Protein adenylyltransferase SelO
CHQ_1_01031	gene	180	ydiE			
CHQ_1_01031	CDS	180	ydiE		COG4256	putative protein YdiE
CHQ_1_01032	gene	1047	aroH			
CHQ_1_01032	CDS	1047	aroH	2.5.1.54	COG0722	Phospho-2-dehydro-3-deoxyheptonate aldolase, Trp-sensitive
CHQ_1_01033	gene	834	ppsR			
CHQ_1_01033	CDS	834	ppsR	2.7.11.33	COG1806	Phosphoenolpyruvate synthase regulatory protein
CHQ_1_01034	gene	2379	ppsA			
CHQ_1_01034	CDS	2379	ppsA	2.7.9.2	COG0574	Phosphoenolpyruvate synthase
CHQ_1_01035	gene	1113	ydiK_1			
CHQ_1_01035	CDS	1113	ydiK_1		COG0628	Putative transport protein YdiK
CHQ_1_01036	gene	3057				
CHQ_1_01036	CDS	3057			COG0247	putative protein
CHQ_1_01037	gene	411	menI			
CHQ_1_01037	CDS	411	menI	3.1.2.28	COG2050	1,4-dihydroxy-2-naphthoyl-CoA hydrolase
CHQ_1_01038	gene	249				
CHQ_1_01038	CDS	249				hypothetical protein
CHQ_1_01039	gene	321				
CHQ_1_01039	CDS	321				hypothetical protein
CHQ_1_01040	gene	978				
CHQ_1_01040	CDS	978				hypothetical protein
CHQ_1_01041	gene	1032	xecA1			
CHQ_1_01041	CDS	1032	xecA1	4.4.1.23		2-hydroxypropyl-CoM lyase
CHQ_1_01042	gene	1233	mdtH_1			
CHQ_1_01042	CDS	1233	mdtH_1			Multidrug resistance protein MdtH
CHQ_1_01043	gene	762	fecE_1			
CHQ_1_01043	CDS	762	fecE_1		COG1120	Fe(3+) dicitrate transport ATP-binding protein FecE
CHQ_1_01044	gene	1038	feuC_1			
CHQ_1_01044	CDS	1038	feuC_1		COG0609	Iron-uptake system permease protein FeuC
CHQ_1_01045	gene	999				
CHQ_1_01045	CDS	999				hypothetical protein
CHQ_1_01046	gene	912	hdfR_1			
CHQ_1_01046	CDS	912	hdfR_1			HTH-type transcriptional regulator HdfR
CHQ_1_01047	gene	996				
CHQ_1_01047	CDS	996				hypothetical protein
CHQ_1_01048	gene	615				
CHQ_1_01048	CDS	615				hypothetical protein
CHQ_1_01049	gene	1110	mdtA_1			
CHQ_1_01049	CDS	1110	mdtA_1			Multidrug resistance protein MdtA
CHQ_1_01050	gene	3102	cnrA			
CHQ_1_01050	CDS	3102	cnrA			Nickel and cobalt resistance protein CnrA
CHQ_1_01051	gene	1185	lldD_1			
CHQ_1_01051	CDS	1185	lldD_1	1.1.-.-	COG1304	L-lactate dehydrogenase
CHQ_1_01052	gene	198				
CHQ_1_01052	CDS	198				hypothetical protein
CHQ_1_01053	gene	378	sufA			
CHQ_1_01053	CDS	378	sufA		COG0316	Protein SufA
CHQ_1_01054	gene	1488	sufB			
CHQ_1_01054	CDS	1488	sufB		COG0719	FeS cluster assembly protein SufB
CHQ_1_01055	gene	747	sufC			
CHQ_1_01055	CDS	747	sufC		COG0396	putative ATP-dependent transporter SufC
CHQ_1_01056	gene	1275	sufD			
CHQ_1_01056	CDS	1275	sufD		COG0719	FeS cluster assembly protein SufD
CHQ_1_01057	gene	1221	sufS			
CHQ_1_01057	CDS	1221	sufS	2.8.1.7	COG0520	Cysteine desulfurase
CHQ_1_01058	gene	417	sufE			
CHQ_1_01058	CDS	417	sufE		COG2166	Cysteine desulfuration protein SufE
CHQ_1_01059	gene	987	ynhG			
CHQ_1_01059	CDS	987	ynhG	2.-.-.-	COG1376	putative L,D-transpeptidase YnhG
CHQ_1_01060	gene	237	lpp1			
CHQ_1_01060	CDS	237	lpp1			Major outer membrane lipoprotein Lpp 1
CHQ_1_01061	gene	1413	pykF			
CHQ_1_01061	CDS	1413	pykF	2.7.1.40	COG0469	Pyruvate kinase I
CHQ_1_01062	gene	213	fumD			
CHQ_1_01062	CDS	213	fumD	4.2.1.2		Fumarase D
CHQ_1_01063	gene	639	nicS			
CHQ_1_01063	CDS	639	nicS			HTH-type transcriptional repressor NicS
CHQ_1_01064	gene	1854				
CHQ_1_01064	CDS	1854				hypothetical protein
CHQ_1_01065	gene	1323	dgoT			
CHQ_1_01065	CDS	1323	dgoT			D-galactonate transporter
CHQ_1_01066	gene	837	ydiB_1			
CHQ_1_01066	CDS	837	ydiB_1	1.1.1.282	COG0169	Quinate/shikimate dehydrogenase
CHQ_1_01067	gene	741				
CHQ_1_01067	CDS	741				hypothetical protein
CHQ_1_01068	gene	750				
CHQ_1_01068	CDS	750			COG1120	putative ABC transporter ATP-binding protein
CHQ_1_01069	gene	1008				
CHQ_1_01069	CDS	1008			COG0609	putative ABC transporter permease protein
CHQ_1_01070	gene	1059				
CHQ_1_01070	CDS	1059			COG0614	putative protein
CHQ_1_01071	gene	813	xynR			
CHQ_1_01071	CDS	813	xynR		COG1414	HTH-type transcriptional regulator XynR
CHQ_1_01072	gene	1665	mhpA			
CHQ_1_01072	CDS	1665	mhpA	1.14.13.127	COG0654	3-(3-hydroxy-phenyl)propionate/3-hydroxycinnamic acid hydroxylase
CHQ_1_01073	gene	945	mhpB			
CHQ_1_01073	CDS	945	mhpB	1.13.11.16		2,3-dihydroxyphenylpropionate/2,3-dihydroxicinnamic acid 1,2-dioxygenase
CHQ_1_01074	gene	867	mhpC			
CHQ_1_01074	CDS	867	mhpC	3.7.1.14	COG0596	2-hydroxy-6-oxononadienedioate/2-hydroxy-6-oxononatrienedioate hydrolase
CHQ_1_01075	gene	807	mhpD			
CHQ_1_01075	CDS	807	mhpD	4.2.1.80	COG3971	2-keto-4-pentenoate hydratase
CHQ_1_01076	gene	951	mhpF			
CHQ_1_01076	CDS	951	mhpF	1.2.1.10	COG4569	Acetaldehyde dehydrogenase
CHQ_1_01077	gene	1017	mhpE			
CHQ_1_01077	CDS	1017	mhpE	4.1.3.39	COG0119	4-hydroxy-2-oxovalerate aldolase
CHQ_1_01078	gene	1197	mhpT			
CHQ_1_01078	CDS	1197	mhpT			3-(3-hydroxy-phenyl)propionate transporter
CHQ_1_01079	gene	828				
CHQ_1_01079	CDS	828				hypothetical protein
CHQ_1_01080	gene	1581	glpE_1			
CHQ_1_01080	CDS	1581	glpE_1	2.8.1.1		Thiosulfate sulfurtransferase GlpE
CHQ_1_01081	gene	603				
CHQ_1_01081	CDS	603		1.13.11.-	COG5553	3-mercaptopropionate dioxygenase
CHQ_1_01082	gene	894	cysL			
CHQ_1_01082	CDS	894	cysL		COG0583	HTH-type transcriptional regulator CysL
CHQ_1_01083	gene	1086	msuD_2			
CHQ_1_01083	CDS	1086	msuD_2	1.14.14.5	COG2141	Methanesulfonate monooxygenase
CHQ_1_01084	gene	1152	ydbM			
CHQ_1_01084	CDS	1152	ydbM	1.3.99.-		Putative acyl-CoA dehydrogenase YdbM
CHQ_1_01085	gene	975	ssuA_2			
CHQ_1_01085	CDS	975	ssuA_2			Putative aliphatic sulfonates-binding protein
CHQ_1_01086	gene	1038				
CHQ_1_01086	CDS	1038				hypothetical protein
CHQ_1_01087	gene	996				
CHQ_1_01087	CDS	996				hypothetical protein
CHQ_1_01088	gene	789	ssuB_1			
CHQ_1_01088	CDS	789	ssuB_1	3.6.3.-	COG1116	Aliphatic sulfonates import ATP-binding protein SsuB
CHQ_1_01089	gene	2154	cntO_1			
CHQ_1_01089	CDS	2154	cntO_1			Metal-pseudopaline receptor CntO
CHQ_1_01090	gene	822	yusV			
CHQ_1_01090	CDS	822	yusV		COG1120	putative siderophore transport system ATP-binding protein YusV
CHQ_1_01091	gene	1026	yfiZ			
CHQ_1_01091	CDS	1026	yfiZ		COG0609	putative siderophore transport system permease protein YfiZ
CHQ_1_01092	gene	1053	feuC_2			
CHQ_1_01092	CDS	1053	feuC_2		COG0609	Iron-uptake system permease protein FeuC
CHQ_1_01093	gene	954				
CHQ_1_01093	CDS	954				hypothetical protein
CHQ_1_01094	gene	903				
CHQ_1_01094	CDS	903				hypothetical protein
CHQ_1_01095	gene	768	glnH_1			
CHQ_1_01095	CDS	768	glnH_1		COG0834	Glutamine-binding periplasmic protein
CHQ_1_01096	gene	765	artQ_1			
CHQ_1_01096	CDS	765	artQ_1		COG0765	Arginine transport system permease protein ArtQ
CHQ_1_01097	gene	723	glnQ_2			
CHQ_1_01097	CDS	723	glnQ_2			Glutamine transport ATP-binding protein GlnQ
CHQ_1_01098	gene	615				
CHQ_1_01098	CDS	615				hypothetical protein
CHQ_1_01099	gene	393				
CHQ_1_01099	CDS	393				hypothetical protein
CHQ_1_01100	gene	1233	mdtM_2			
CHQ_1_01100	CDS	1233	mdtM_2			Multidrug resistance protein MdtM
CHQ_1_01101	gene	435				
CHQ_1_01101	CDS	435				hypothetical protein
CHQ_1_01102	gene	1200	ycaD_1			
CHQ_1_01102	CDS	1200	ycaD_1			putative MFS-type transporter YcaD
CHQ_1_01103	gene	1158	hipO_1			
CHQ_1_01103	CDS	1158	hipO_1	3.5.1.32	COG1473	Hippurate hydrolase
CHQ_1_01104	gene	2151	fdhF_1			
CHQ_1_01104	CDS	2151	fdhF_1	1.17.1.9	COG0243	Formate dehydrogenase H
CHQ_1_01105	gene	1080	hcxB			
CHQ_1_01105	CDS	1080	hcxB	1.1.1.-	COG2055	Hydroxycarboxylate dehydrogenase B
CHQ_1_01106	gene	1089				
CHQ_1_01106	CDS	1089				hypothetical protein
CHQ_1_01107	gene	1770				
CHQ_1_01107	CDS	1770				hypothetical protein
CHQ_1_01108	gene	1071	potA_2			
CHQ_1_01108	CDS	1071	potA_2	7.6.2.11	COG3842	Spermidine/putrescine import ATP-binding protein PotA
CHQ_1_01109	gene	372				
CHQ_1_01109	CDS	372				hypothetical protein
CHQ_1_01110	gene	756				
CHQ_1_01110	CDS	756		1.1.99.3		Gluconate 2-dehydrogenase subunit 3
CHQ_1_01111	gene	1785				
CHQ_1_01111	CDS	1785		1.1.99.3		Gluconate 2-dehydrogenase flavoprotein
CHQ_1_01112	gene	1338				
CHQ_1_01112	CDS	1338		1.1.99.3		Gluconate 2-dehydrogenase cytochrome c subunit
CHQ_1_01113	gene	624	ccmA			
CHQ_1_01113	CDS	624	ccmA	7.6.2.5	COG4133	Cytochrome c biogenesis ATP-binding export protein CcmA
CHQ_1_01114	gene	660	ccmB			
CHQ_1_01114	CDS	660	ccmB		COG2386	Heme exporter protein B
CHQ_1_01115	gene	738	ccmC			
CHQ_1_01115	CDS	738	ccmC		COG0755	Heme exporter protein C
CHQ_1_01116	gene	231				
CHQ_1_01116	CDS	231				hypothetical protein
CHQ_1_01117	gene	459	ccmE			
CHQ_1_01117	CDS	459	ccmE		COG2332	Cytochrome c-type biogenesis protein CcmE
CHQ_1_01118	gene	1953	ccmF			
CHQ_1_01118	CDS	1953	ccmF		COG1138	Cytochrome c-type biogenesis protein CcmF
CHQ_1_01119	gene	555	dsbE			
CHQ_1_01119	CDS	555	dsbE		COG0526	Thiol:disulfide interchange protein DsbE
CHQ_1_01120	gene	447	ccmH			
CHQ_1_01120	CDS	447	ccmH		COG3088	Cytochrome c-type biogenesis protein CcmH
CHQ_1_01121	gene	843				
CHQ_1_01121	CDS	843				hypothetical protein
CHQ_1_01122	gene	606	mtgA_1			
CHQ_1_01122	CDS	606	mtgA_1	2.4.1.129		Biosynthetic peptidoglycan transglycosylase
CHQ_1_01123	gene	660				
CHQ_1_01123	CDS	660				hypothetical protein
CHQ_1_01124	gene	603	xerC_1			
CHQ_1_01124	CDS	603	xerC_1			Tyrosine recombinase XerC
CHQ_1_01125	gene	639				
CHQ_1_01125	CDS	639				hypothetical protein
CHQ_1_01126	gene	1539				
CHQ_1_01126	CDS	1539				IS66 family transposase ISSgsp1
CHQ_1_01127	gene	348				
CHQ_1_01127	CDS	348				hypothetical protein
CHQ_1_01128	gene	639				
CHQ_1_01128	CDS	639				hypothetical protein
CHQ_1_01129	gene	624				
CHQ_1_01129	CDS	624				hypothetical protein
CHQ_1_01130	gene	1350	lysC			
CHQ_1_01130	CDS	1350	lysC	2.7.2.4	COG0527	Lysine-sensitive aspartokinase 3
CHQ_1_01131	gene	1650	pgi			
CHQ_1_01131	CDS	1650	pgi	5.3.1.9	COG0166	Glucose-6-phosphate isomerase
CHQ_1_01132	gene	456	fdtC			
CHQ_1_01132	CDS	456	fdtC	2.3.1.197		dTDP-3-amino-3,6-dideoxy-alpha-D-galactopyranose 3-N-acetyltransferase
CHQ_1_01133	gene	510				
CHQ_1_01133	CDS	510				hypothetical protein
CHQ_1_01134	gene	381	ridA_1			
CHQ_1_01134	CDS	381	ridA_1	3.5.99.10	COG0251	2-iminobutanoate/2-iminopropanoate deaminase
CHQ_1_01135	gene	321				
CHQ_1_01135	CDS	321				hypothetical protein
CHQ_1_01136	gene	741	ygaZ_1			
CHQ_1_01136	CDS	741	ygaZ_1		COG1296	Inner membrane protein YgaZ
CHQ_1_01137	gene	1278				
CHQ_1_01137	CDS	1278				hypothetical protein
CHQ_1_01138	gene	411	psiE			
CHQ_1_01138	CDS	411	psiE		COG3223	Protein PsiE
CHQ_1_01139	gene	891	malG_1			
CHQ_1_01139	CDS	891	malG_1		COG3833	Maltose/maltodextrin transport system permease protein MalG
CHQ_1_01140	gene	1545	malF			
CHQ_1_01140	CDS	1545	malF		COG1175	Maltose/maltodextrin transport system permease protein MalF
CHQ_1_01141	gene	1191	malE			
CHQ_1_01141	CDS	1191	malE		COG2182	Maltose/maltodextrin-binding periplasmic protein
CHQ_1_01142	gene	1110	malK_1			
CHQ_1_01142	CDS	1110	malK_1	7.5.2.1	COG3839	Maltose/maltodextrin import ATP-binding protein MalK
CHQ_1_01143	gene	1290	lamB_1			
CHQ_1_01143	CDS	1290	lamB_1		COG4580	Maltoporin
CHQ_1_01144	gene	930				
CHQ_1_01144	CDS	930				hypothetical protein
CHQ_1_01145	gene	498	ubiC			
CHQ_1_01145	CDS	498	ubiC	4.1.3.40	COG3161	Chorismate pyruvate-lyase
CHQ_1_01146	gene	867	ubiA			
CHQ_1_01146	CDS	867	ubiA	2.5.1.39	COG0382	4-hydroxybenzoate octaprenyltransferase
CHQ_1_01147	gene	2424	plsB			
CHQ_1_01147	CDS	2424	plsB	2.3.1.15	COG2937	Glycerol-3-phosphate acyltransferase
CHQ_1_01148	gene	369	dgkA			
CHQ_1_01148	CDS	369	dgkA	2.7.1.107	COG0818	Diacylglycerol kinase
CHQ_1_01149	gene	609	lexA			
CHQ_1_01149	CDS	609	lexA	3.4.21.88	COG1974	LexA repressor
CHQ_1_01150	gene	1317	dinF			
CHQ_1_01150	CDS	1317	dinF		COG0534	DNA damage-inducible protein F
CHQ_1_01151	gene	210				
CHQ_1_01151	CDS	210				hypothetical protein
CHQ_1_01152	gene	516	zur			
CHQ_1_01152	CDS	516	zur		COG0735	Zinc uptake regulation protein
CHQ_1_01153	gene	489				
CHQ_1_01153	CDS	489				hypothetical protein
CHQ_1_01154	gene	942	dusA			
CHQ_1_01154	CDS	942	dusA	1.3.1.-	COG0042	tRNA-dihydrouridine(20/20a) synthase
CHQ_1_01155	gene	243	pspG			
CHQ_1_01155	CDS	243	pspG			Phage shock protein G
CHQ_1_01156	gene	984	qorA_1			
CHQ_1_01156	CDS	984	qorA_1	1.6.5.5	COG0604	Quinone oxidoreductase 1
CHQ_1_01157	gene	1416	dnaB			
CHQ_1_01157	CDS	1416	dnaB	3.6.4.12	COG0305	Replicative DNA helicase
CHQ_1_01158	gene	1080	alr			
CHQ_1_01158	CDS	1080	alr	5.1.1.1	COG0787	Alanine racemase, biosynthetic
CHQ_1_01159	gene	1194	tyrB_1			
CHQ_1_01159	CDS	1194	tyrB_1	2.6.1.5	COG1448	Tyrosine aminotransferase
CHQ_1_01160	gene	714	aphA_1			
CHQ_1_01160	CDS	714	aphA_1	3.1.3.2	COG3700	Class B acid phosphatase
CHQ_1_01161	gene	417				
CHQ_1_01161	CDS	417				hypothetical protein
CHQ_1_01162	gene	357	yjbR			
CHQ_1_01162	CDS	357	yjbR		COG2315	putative protein YjbR
CHQ_1_01163	gene	2826	uvrA			
CHQ_1_01163	CDS	2826	uvrA		COG0178	UvrABC system protein A
CHQ_1_01164	gene	525	ssb_1			
CHQ_1_01164	CDS	525	ssb_1		COG0629	Single-stranded DNA-binding protein
CHQ_1_01165	gene	1581	mltF_1			
CHQ_1_01165	CDS	1581	mltF_1	4.2.2.-		Membrane-bound lytic murein transglycosylase F
CHQ_1_01166	gene	2259	fepA_1			
CHQ_1_01166	CDS	2259	fepA_1		COG4771	Ferrienterobactin receptor
CHQ_1_01167	gene	369	soxS_1			
CHQ_1_01167	CDS	369	soxS_1			Regulatory protein SoxS
CHQ_1_01168	gene	1761				
CHQ_1_01168	CDS	1761		3.1.1.102		Mono(2-hydroxyethyl) terephthalate hydrolase
CHQ_1_01169	gene	2424	bamA_2			
CHQ_1_01169	CDS	2424	bamA_2		COG4775	Outer membrane protein assembly factor BamA
CHQ_1_01170	gene	354	iraM			
CHQ_1_01170	CDS	354	iraM			Anti-adapter protein IraM
CHQ_1_01171	gene	159				
CHQ_1_01171	CDS	159				hypothetical protein
CHQ_1_01172	gene	507	suhB_1			
CHQ_1_01172	CDS	507	suhB_1	3.1.3.25	COG0483	Inositol-1-monophosphatase
CHQ_1_01173	gene	1020	ccpA_2			
CHQ_1_01173	CDS	1020	ccpA_2		COG1609	Catabolite control protein A
CHQ_1_01174	gene	771	rbn_1			
CHQ_1_01174	CDS	771	rbn_1	3.1.26.11		Ribonuclease BN
CHQ_1_01175	gene	1032	potA_3			
CHQ_1_01175	CDS	1032	potA_3	7.6.2.11	COG3842	Spermidine/putrescine import ATP-binding protein PotA
CHQ_1_01176	gene	1140				
CHQ_1_01176	CDS	1140				hypothetical protein
CHQ_1_01177	gene	831				
CHQ_1_01177	CDS	831				hypothetical protein
CHQ_1_01178	gene	861				
CHQ_1_01178	CDS	861				hypothetical protein
CHQ_1_01179	gene	282				
CHQ_1_01179	CDS	282				hypothetical protein
CHQ_1_01180	gene	1605	pdeC			
CHQ_1_01180	CDS	1605	pdeC	3.1.4.52	COG4943	putative cyclic di-GMP phosphodiesterase PdeC
CHQ_1_01181	gene	330	soxS_2			
CHQ_1_01181	CDS	330	soxS_2			Regulatory protein SoxS
CHQ_1_01182	gene	459	soxR			
CHQ_1_01182	CDS	459	soxR		COG0789	Redox-sensitive transcriptional activator SoxR
CHQ_1_01183	gene	669				
CHQ_1_01183	CDS	669				hypothetical protein
CHQ_1_01184	gene	1350	ghxP			
CHQ_1_01184	CDS	1350	ghxP		COG2252	Guanine/hypoxanthine permease GhxP
CHQ_1_01185	gene	1647	nhaK			
CHQ_1_01185	CDS	1647	nhaK		COG0025	Sodium, potassium, lithium and rubidium/H(+) antiporter
CHQ_1_01186	gene	882	gltC_3			
CHQ_1_01186	CDS	882	gltC_3			HTH-type transcriptional regulator GltC
CHQ_1_01187	gene	408	cidA			
CHQ_1_01187	CDS	408	cidA			Holin-like protein CidA
CHQ_1_01188	gene	690	yohK_1			
CHQ_1_01188	CDS	690	yohK_1		COG1346	Inner membrane protein YohK
CHQ_1_01189	gene	540	elfA			
CHQ_1_01189	CDS	540	elfA			Laminin-binding fimbrial subunit ElfA
CHQ_1_01190	gene	690	lpfB_1			
CHQ_1_01190	CDS	690	lpfB_1			putative fimbrial chaperone LpfB
CHQ_1_01191	gene	2592	fimD_2			
CHQ_1_01191	CDS	2592	fimD_2		COG3188	Outer membrane usher protein FimD
CHQ_1_01192	gene	588				
CHQ_1_01192	CDS	588				hypothetical protein
CHQ_1_01193	gene	1098				
CHQ_1_01193	CDS	1098				hypothetical protein
CHQ_1_01194	gene	1656	actP			
CHQ_1_01194	CDS	1656	actP		COG4147	Cation/acetate symporter ActP
CHQ_1_01195	gene	312	yjcH			
CHQ_1_01195	CDS	312	yjcH		COG3162	Inner membrane protein YjcH
CHQ_1_01196	gene	1959	acs			
CHQ_1_01196	CDS	1959	acs	6.2.1.1	COG0365	Acetyl-coenzyme A synthetase
CHQ_1_01197	gene	1314	gltP			
CHQ_1_01197	CDS	1314	gltP		COG1301	Proton/glutamate-aspartate symporter
CHQ_1_01198	gene	687				
CHQ_1_01198	CDS	687				hypothetical protein
CHQ_1_01199	gene	1680	fdhF_2			
CHQ_1_01199	CDS	1680	fdhF_2	1.17.1.9	COG0243	Formate dehydrogenase H
CHQ_1_01200	gene	420	fdhF_3			
CHQ_1_01200	CDS	420	fdhF_3	1.17.1.9	COG0243	Formate dehydrogenase H
CHQ_1_01201	gene	729	ompR_1			
CHQ_1_01201	CDS	729	ompR_1			Transcriptional regulatory protein OmpR
CHQ_1_01202	gene	1008	rbsK_1			
CHQ_1_01202	CDS	1008	rbsK_1	2.7.1.15	COG0524	Ribokinase
CHQ_1_01203	gene	942	rbsB_1			
CHQ_1_01203	CDS	942	rbsB_1		COG1879	Ribose import binding protein RbsB
CHQ_1_01204	gene	999	rbsC_1			
CHQ_1_01204	CDS	999	rbsC_1		COG1172	Ribose import permease protein RbsC
CHQ_1_01205	gene	1521	rbsA_1			
CHQ_1_01205	CDS	1521	rbsA_1	7.5.2.7	COG1129	Ribose import ATP-binding protein RbsA
CHQ_1_01206	gene	2286	rcsC_1			
CHQ_1_01206	CDS	2286	rcsC_1	2.7.13.3		Sensor histidine kinase RcsC
CHQ_1_01207	gene	369				
CHQ_1_01207	CDS	369				hypothetical protein
CHQ_1_01208	gene	759	phnP			
CHQ_1_01208	CDS	759	phnP	3.1.4.55	COG1235	Phosphoribosyl 1,2-cyclic phosphate phosphodiesterase
CHQ_1_01209	gene	564	phnN			
CHQ_1_01209	CDS	564	phnN	2.7.4.23	COG3709	Ribose 1,5-bisphosphate phosphokinase PhnN
CHQ_1_01210	gene	1137	phnM			
CHQ_1_01210	CDS	1137	phnM	3.6.1.63	COG3454	Alpha-D-ribose 1-methylphosphonate 5-triphosphate diphosphatase
CHQ_1_01211	gene	681	phnL			
CHQ_1_01211	CDS	681	phnL	2.7.8.37	COG4778	Alpha-D-ribose 1-methylphosphonate 5-triphosphate synthase subunit PhnL
CHQ_1_01212	gene	759	phnK			
CHQ_1_01212	CDS	759	phnK		COG4107	Putative phosphonates utilization ATP-binding protein PhnK
CHQ_1_01213	gene	849	phnJ			
CHQ_1_01213	CDS	849	phnJ	4.7.1.1	COG3627	Alpha-D-ribose 1-methylphosphonate 5-phosphate C-P lyase
CHQ_1_01214	gene	1065	phnI			
CHQ_1_01214	CDS	1065	phnI	2.7.8.37	COG3626	Alpha-D-ribose 1-methylphosphonate 5-triphosphate synthase subunit PhnI
CHQ_1_01215	gene	585	phnH			
CHQ_1_01215	CDS	585	phnH	2.7.8.37	COG3625	Alpha-D-ribose 1-methylphosphonate 5-triphosphate synthase subunit PhnH
CHQ_1_01216	gene	453	phnG			
CHQ_1_01216	CDS	453	phnG	2.7.8.37	COG3624	Alpha-D-ribose 1-methylphosphonate 5-triphosphate synthase subunit PhnG
CHQ_1_01217	gene	726	phnF			
CHQ_1_01217	CDS	726	phnF		COG2188	putative transcriptional regulator PhnF
CHQ_1_01218	gene	435				
CHQ_1_01218	CDS	435				hypothetical protein
CHQ_1_01219	gene	336				
CHQ_1_01219	CDS	336				hypothetical protein
CHQ_1_01220	gene	1503	proP_3			
CHQ_1_01220	CDS	1503	proP_3			Proline/betaine transporter
CHQ_1_01221	gene	939	melR			
CHQ_1_01221	CDS	939	melR			Melibiose operon regulatory protein
CHQ_1_01222	gene	1353	melA			
CHQ_1_01222	CDS	1353	melA	3.2.1.22	COG1486	Alpha-galactosidase
CHQ_1_01223	gene	1416	melB			
CHQ_1_01223	CDS	1416	melB		COG2211	Melibiose carrier protein
CHQ_1_01224	gene	957	parM_1			
CHQ_1_01224	CDS	957	parM_1			Plasmid segregation protein ParM
CHQ_1_01225	gene	372				
CHQ_1_01225	CDS	372				hypothetical protein
CHQ_1_01226	gene	306	cbpM			
CHQ_1_01226	CDS	306	cbpM			Chaperone modulatory protein CbpM
CHQ_1_01227	gene	918	cbpA			
CHQ_1_01227	CDS	918	cbpA		COG2214	Curved DNA-binding protein
CHQ_1_01228	gene	684				
CHQ_1_01228	CDS	684				hypothetical protein
CHQ_1_01229	gene	786				
CHQ_1_01229	CDS	786				hypothetical protein
CHQ_1_01230	gene	447				
CHQ_1_01230	CDS	447				hypothetical protein
CHQ_1_01231	gene	1332	pgaC			
CHQ_1_01231	CDS	1332	pgaC	2.4.1.-	COG1215	Poly-beta-1,6-N-acetyl-D-glucosamine synthase
CHQ_1_01232	gene	2016	pgaB			
CHQ_1_01232	CDS	2016	pgaB	3.5.1.-	COG0726	Poly-beta-1,6-N-acetyl-D-glucosamine N-deacetylase
CHQ_1_01233	gene	2490	pgaA			
CHQ_1_01233	CDS	2490	pgaA			Poly-beta-1,6-N-acetyl-D-glucosamine export protein
CHQ_1_01234	gene	567				
CHQ_1_01234	CDS	567				hypothetical protein
CHQ_1_01235	gene	291				
CHQ_1_01235	CDS	291				hypothetical protein
CHQ_1_01236	gene	76				
CHQ_1_01236	tRNA	76				tRNA-Phe(gaa)
CHQ_1_01237	gene	2088				
CHQ_1_01237	CDS	2088				hypothetical protein
CHQ_1_01238	gene	591				
CHQ_1_01238	CDS	591				hypothetical protein
CHQ_1_01239	gene	1797	dsbD_2			
CHQ_1_01239	CDS	1797	dsbD_2	1.8.1.8	COG4232	Thiol:disulfide interchange protein DsbD
CHQ_1_01240	gene	324	cutA			
CHQ_1_01240	CDS	324	cutA		COG1324	Divalent-cation tolerance protein CutA
CHQ_1_01241	gene	1302	dcuA			
CHQ_1_01241	CDS	1302	dcuA		COG2704	Anaerobic C4-dicarboxylate transporter DcuA
CHQ_1_01242	gene	1437	aspA			
CHQ_1_01242	CDS	1437	aspA	4.3.1.1	COG1027	Aspartate ammonia-lyase
CHQ_1_01243	gene	477				
CHQ_1_01243	CDS	477				hypothetical protein
CHQ_1_01244	gene	1251	yjeH			
CHQ_1_01244	CDS	1251	yjeH		COG0531	L-methionine/branched-chain amino acid exporter YjeH
CHQ_1_01245	gene	294	groS			
CHQ_1_01245	CDS	294	groS		COG0234	10 kDa chaperonin
CHQ_1_01246	gene	1647	groL			
CHQ_1_01246	CDS	1647	groL			60 kDa chaperonin
CHQ_1_01247	gene	354				
CHQ_1_01247	CDS	354				hypothetical protein
CHQ_1_01248	gene	864				
CHQ_1_01248	CDS	864				hypothetical protein
CHQ_1_01249	gene	2124	hlyB			
CHQ_1_01249	CDS	2124	hlyB		COG2274	Alpha-hemolysin translocation ATP-binding protein HlyB
CHQ_1_01250	gene	1287	cvaA			
CHQ_1_01250	CDS	1287	cvaA		COG0845	Colicin V secretion protein CvaA
CHQ_1_01251	gene	1032				
CHQ_1_01251	CDS	1032				hypothetical protein
CHQ_1_01252	gene	2544	elfC			
CHQ_1_01252	CDS	2544	elfC		COG3188	putative outer membrane usher protein ElfC
CHQ_1_01253	gene	687	fimC_2			
CHQ_1_01253	CDS	687	fimC_2			Chaperone protein FimC
CHQ_1_01254	gene	501				
CHQ_1_01254	CDS	501				hypothetical protein
CHQ_1_01255	gene	675				
CHQ_1_01255	CDS	675				hypothetical protein
CHQ_1_01256	gene	1029	epmB			
CHQ_1_01256	CDS	1029	epmB	5.4.3.-	COG1509	L-lysine 2,3-aminomutase
CHQ_1_01257	gene	567	efp			
CHQ_1_01257	CDS	567	efp		COG0231	Elongation factor P
CHQ_1_01258	gene	132				
CHQ_1_01258	CDS	132				hypothetical protein
CHQ_1_01259	gene	192				
CHQ_1_01259	CDS	192				hypothetical protein
CHQ_1_01260	gene	318	gdx			
CHQ_1_01260	CDS	318	gdx		COG2076	Guanidinium exporter
CHQ_1_01261	gene	534	blc			
CHQ_1_01261	CDS	534	blc		COG3040	Outer membrane lipoprotein Blc
CHQ_1_01262	gene	360	frdD			
CHQ_1_01262	CDS	360	frdD		COG3080	Fumarate reductase subunit D
CHQ_1_01263	gene	396	frdC			
CHQ_1_01263	CDS	396	frdC		COG3029	Fumarate reductase subunit C
CHQ_1_01264	gene	735	frdB			
CHQ_1_01264	CDS	735	frdB	1.3.5.1	COG0479	Fumarate reductase iron-sulfur subunit
CHQ_1_01265	gene	1791	frdA			
CHQ_1_01265	CDS	1791	frdA	1.3.5.4	COG1053	Fumarate reductase flavoprotein subunit
CHQ_1_01266	gene	978	epmA			
CHQ_1_01266	CDS	978	epmA	6.3.1.-	COG2269	Elongation factor P--(R)-beta-lysine ligase
CHQ_1_01267	gene	198	yjeM			
CHQ_1_01267	CDS	198	yjeM			Inner membrane transporter YjeM
CHQ_1_01268	gene	3330	mscM			
CHQ_1_01268	CDS	3330	mscM		COG3264	Miniconductance mechanosensitive channel MscM
CHQ_1_01269	gene	963	psd			
CHQ_1_01269	CDS	963	psd	4.1.1.65	COG0688	Phosphatidylserine decarboxylase proenzyme
CHQ_1_01270	gene	1062	rsgA			
CHQ_1_01270	CDS	1062	rsgA	3.6.1.-	COG1162	Small ribosomal subunit biogenesis GTPase RsgA
CHQ_1_01271	gene	546	orn			
CHQ_1_01271	CDS	546	orn	3.1.-.-	COG1949	Oligoribonuclease
CHQ_1_01272	gene	732	artJ_1			
CHQ_1_01272	CDS	732	artJ_1		COG0834	ABC transporter arginine-binding protein 1
CHQ_1_01273	gene	76				
CHQ_1_01273	tRNA	76				tRNA-Gly(gcc)
CHQ_1_01274	gene	76				
CHQ_1_01274	tRNA	76				tRNA-Gly(gcc)
CHQ_1_01275	gene	76				
CHQ_1_01275	tRNA	76				tRNA-Gly(gcc)
CHQ_1_01276	gene	1140	queG			
CHQ_1_01276	CDS	1140	queG	1.17.99.6		Epoxyqueuosine reductase
CHQ_1_01277	gene	1512	nnr			
CHQ_1_01277	CDS	1512	nnr		COG0062	Bifunctional NAD(P)H-hydrate repair enzyme Nnr
CHQ_1_01278	gene	462	tsaE			
CHQ_1_01278	CDS	462	tsaE		COG0802	tRNA threonylcarbamoyladenosine biosynthesis protein TsaE
CHQ_1_01279	gene	1353	amiB			
CHQ_1_01279	CDS	1353	amiB	3.5.1.28	COG0860	N-acetylmuramoyl-L-alanine amidase AmiB
CHQ_1_01280	gene	1860	mutL			
CHQ_1_01280	CDS	1860	mutL		COG0323	DNA mismatch repair protein MutL
CHQ_1_01281	gene	951	miaA			
CHQ_1_01281	CDS	951	miaA	2.5.1.75	COG0324	tRNA dimethylallyltransferase
CHQ_1_01282	gene	309	hfq			
CHQ_1_01282	CDS	309	hfq		COG1923	RNA-binding protein Hfq
CHQ_1_01283	gene	1281	hflX			
CHQ_1_01283	CDS	1281	hflX		COG2262	GTPase HflX
CHQ_1_01284	gene	1263	hflK			
CHQ_1_01284	CDS	1263	hflK		COG0330	Modulator of FtsH protease HflK
CHQ_1_01285	gene	1005	hflC			
CHQ_1_01285	CDS	1005	hflC		COG0330	Modulator of FtsH protease HflC
CHQ_1_01286	gene	291				
CHQ_1_01286	CDS	291				hypothetical protein
CHQ_1_01287	gene	255				
CHQ_1_01287	CDS	255				hypothetical protein
CHQ_1_01288	gene	1299	purA			
CHQ_1_01288	CDS	1299	purA	6.3.4.4	COG0104	Adenylosuccinate synthetase
CHQ_1_01289	gene	426	nsrR			
CHQ_1_01289	CDS	426	nsrR		COG1959	HTH-type transcriptional repressor NsrR
CHQ_1_01290	gene	2439	rnr			
CHQ_1_01290	CDS	2439	rnr	3.1.13.1	COG0557	Ribonuclease R
CHQ_1_01291	gene	732	rlmB			
CHQ_1_01291	CDS	732	rlmB	2.1.1.185	COG0566	23S rRNA (guanosine-2'-O-)-methyltransferase RlmB
CHQ_1_01292	gene	1638	aidB			
CHQ_1_01292	CDS	1638	aidB	1.3.99.-	COG1960	Putative acyl-CoA dehydrogenase AidB
CHQ_1_01293	gene	276				
CHQ_1_01293	CDS	276				hypothetical protein
CHQ_1_01294	gene	309	bsmA			
CHQ_1_01294	CDS	309	bsmA			Lipoprotein BsmA
CHQ_1_01295	gene	717				
CHQ_1_01295	CDS	717				hypothetical protein
CHQ_1_01296	gene	756	ulaR			
CHQ_1_01296	CDS	756	ulaR		COG1349	HTH-type transcriptional regulator UlaR
CHQ_1_01297	gene	1065	ulaG			
CHQ_1_01297	CDS	1065	ulaG	3.1.1.-	COG2220	putative L-ascorbate-6-phosphate lactonase UlaG
CHQ_1_01298	gene	1401	ulaA_1			
CHQ_1_01298	CDS	1401	ulaA_1		COG3037	Ascorbate-specific PTS system EIIC component
CHQ_1_01299	gene	306	ulaB			
CHQ_1_01299	CDS	306	ulaB	2.7.1.194	COG3414	Ascorbate-specific PTS system EIIB component
CHQ_1_01300	gene	468	ulaC_1			
CHQ_1_01300	CDS	468	ulaC_1		COG1762	Ascorbate-specific PTS system EIIA component
CHQ_1_01301	gene	651	ulaD			
CHQ_1_01301	CDS	651	ulaD	4.1.1.85	COG0269	3-keto-L-gulonate-6-phosphate decarboxylase UlaD
CHQ_1_01302	gene	855	ulaE			
CHQ_1_01302	CDS	855	ulaE	5.1.3.22	COG3623	L-ribulose-5-phosphate 3-epimerase UlaE
CHQ_1_01303	gene	687	ulaF			
CHQ_1_01303	CDS	687	ulaF	5.1.3.4	COG0235	L-ribulose-5-phosphate 4-epimerase UlaF
CHQ_1_01304	gene	1194	yfcJ_1			
CHQ_1_01304	CDS	1194	yfcJ_1			putative MFS-type transporter YfcJ
CHQ_1_01305	gene	276				
CHQ_1_01305	CDS	276				hypothetical protein
CHQ_1_01306	gene	396	rpsF			
CHQ_1_01306	CDS	396	rpsF		COG0360	30S ribosomal protein S6
CHQ_1_01307	gene	315	priB			
CHQ_1_01307	CDS	315	priB		COG2965	Primosomal replication protein N
CHQ_1_01308	gene	228	rpsR			
CHQ_1_01308	CDS	228	rpsR		COG0238	30S ribosomal protein S18
CHQ_1_01309	gene	450	rplI			
CHQ_1_01309	CDS	450	rplI		COG0359	50S ribosomal protein L9
CHQ_1_01310	gene	675				
CHQ_1_01310	CDS	675				hypothetical protein
CHQ_1_01311	gene	621	fklB			
CHQ_1_01311	CDS	621	fklB	5.2.1.8	COG0545	FKBP-type 22 kDa peptidyl-prolyl cis-trans isomerase
CHQ_1_01312	gene	1404	cycA_1			
CHQ_1_01312	CDS	1404	cycA_1		COG1113	D-serine/D-alanine/glycine transporter
CHQ_1_01313	gene	663	ytfE			
CHQ_1_01313	CDS	663	ytfE		COG2846	Iron-sulfur cluster repair protein YtfE
CHQ_1_01314	gene	972	ytfF_1			
CHQ_1_01314	CDS	972	ytfF_1			Inner membrane protein YtfF
CHQ_1_01315	gene	825	rhaS_4			
CHQ_1_01315	CDS	825	rhaS_4			HTH-type transcriptional activator RhaS
CHQ_1_01316	gene	849	qorB			
CHQ_1_01316	CDS	849	qorB	1.6.5.2	COG0702	Quinone oxidoreductase 2
CHQ_1_01317	gene	372				
CHQ_1_01317	CDS	372				hypothetical protein
CHQ_1_01318	gene	1944	cpdB			
CHQ_1_01318	CDS	1944	cpdB	3.1.3.6	COG0737	2',3'-cyclic-nucleotide 2'-phosphodiesterase/3'-nucleotidase
CHQ_1_01319	gene	744	cysQ			
CHQ_1_01319	CDS	744	cysQ	3.1.3.7	COG1218	3'(2'),5'-bisphosphate nucleotidase CysQ
CHQ_1_01320	gene	558	ytfJ			
CHQ_1_01320	CDS	558	ytfJ		COG3054	putative protein YtfJ
CHQ_1_01321	gene	207				
CHQ_1_01321	CDS	207				hypothetical protein
CHQ_1_01322	gene	873	araC_2			
CHQ_1_01322	CDS	873	araC_2			Arabinose operon regulatory protein
CHQ_1_01323	gene	2010	bgaA			
CHQ_1_01323	CDS	2010	bgaA	3.2.1.23	COG1874	Beta-galactosidase BgaA
CHQ_1_01324	gene	1233	rafB_1			
CHQ_1_01324	CDS	1233	rafB_1			Raffinose permease
CHQ_1_01325	gene	1338				
CHQ_1_01325	CDS	1338				hypothetical protein
CHQ_1_01326	gene	639	msrA			
CHQ_1_01326	CDS	639	msrA	1.8.4.11	COG0225	Peptide methionine sulfoxide reductase MsrA
CHQ_1_01327	gene	1734	tamA			
CHQ_1_01327	CDS	1734	tamA		COG0729	Translocation and assembly module subunit TamA
CHQ_1_01328	gene	3777	tamB			
CHQ_1_01328	CDS	3777	tamB		COG2911	Translocation and assembly module subunit TamB
CHQ_1_01329	gene	345	ytfP			
CHQ_1_01329	CDS	345	ytfP		COG2105	Gamma-glutamylcyclotransferase family protein ytfP
CHQ_1_01330	gene	1188				
CHQ_1_01330	CDS	1188				hypothetical protein
CHQ_1_01331	gene	531	ppa_1			
CHQ_1_01331	CDS	531	ppa_1	3.6.1.1	COG0221	Inorganic pyrophosphatase
CHQ_1_01332	gene	957	ytfQ			
CHQ_1_01332	CDS	957	ytfQ			ABC transporter periplasmic-binding protein YtfQ
CHQ_1_01333	gene	1503	fruK			
CHQ_1_01333	CDS	1503	fruK	7.5.2.-	COG1129	Fructose import ATP-binding protein FruK
CHQ_1_01334	gene	1026	ytfT			
CHQ_1_01334	CDS	1026	ytfT			Inner membrane ABC transporter permease protein YtfT
CHQ_1_01335	gene	999	yjfF			
CHQ_1_01335	CDS	999	yjfF			Inner membrane ABC transporter permease protein YjfF
CHQ_1_01336	gene	999	fbp			
CHQ_1_01336	CDS	999	fbp	3.1.3.11	COG0158	Fructose-1,6-bisphosphatase class 1
CHQ_1_01337	gene	1374	mpl			
CHQ_1_01337	CDS	1374	mpl	6.3.2.45	COG0773	UDP-N-acetylmuramate--L-alanyl-gamma-D-glutamyl-meso-2,6-diaminoheptandioate ligase
CHQ_1_01338	gene	528				
CHQ_1_01338	CDS	528				hypothetical protein
CHQ_1_01339	gene	1209				
CHQ_1_01339	CDS	1209				hypothetical protein
CHQ_1_01340	gene	552				
CHQ_1_01340	CDS	552				hypothetical protein
CHQ_1_01341	gene	1341	pmbA			
CHQ_1_01341	CDS	1341	pmbA	3.4.-.-	COG0312	Metalloprotease PmbA
CHQ_1_01342	gene	387	cybC			
CHQ_1_01342	CDS	387	cybC		COG3783	Soluble cytochrome b562
CHQ_1_01343	gene	339				
CHQ_1_01343	CDS	339				hypothetical protein
CHQ_1_01344	gene	363				
CHQ_1_01344	CDS	363				hypothetical protein
CHQ_1_01345	gene	300				
CHQ_1_01345	CDS	300				hypothetical protein
CHQ_1_01346	gene	777				
CHQ_1_01346	CDS	777				hypothetical protein
CHQ_1_01347	gene	645				
CHQ_1_01347	CDS	645				hypothetical protein
CHQ_1_01348	gene	1134				
CHQ_1_01348	CDS	1134		3.1.1.-	COG3964	Deacetylase
CHQ_1_01349	gene	1119	dgaE			
CHQ_1_01349	CDS	1119	dgaE	4.3.1.29		D-glucosaminate-6-phosphate ammonia lyase
CHQ_1_01350	gene	741	dgaF			
CHQ_1_01350	CDS	741	dgaF	4.1.2.14		2-dehydro-3-deoxy-phosphogluconate aldolase
CHQ_1_01351	gene	1152	pgl_1			
CHQ_1_01351	CDS	1152	pgl_1	3.1.1.31	COG2706	6-phosphogluconolactonase
CHQ_1_01352	gene	1911	licR			
CHQ_1_01352	CDS	1911	licR		COG1762	putative licABCH operon regulator
CHQ_1_01353	gene	243	relB			
CHQ_1_01353	CDS	243	relB		COG3077	Antitoxin RelB
CHQ_1_01354	gene	285	relE			
CHQ_1_01354	CDS	285	relE	3.1.-.-	COG2026	mRNA interferase toxin RelE
CHQ_1_01355	gene	465	nrdG			
CHQ_1_01355	CDS	465	nrdG	1.97.1.-	COG0602	Anaerobic ribonucleoside-triphosphate reductase-activating protein
CHQ_1_01356	gene	2139	nrdD			
CHQ_1_01356	CDS	2139	nrdD	1.1.98.6	COG1328	Anaerobic ribonucleoside-triphosphate reductase
CHQ_1_01357	gene	192				
CHQ_1_01357	CDS	192				hypothetical protein
CHQ_1_01358	gene	1656	treC			
CHQ_1_01358	CDS	1656	treC	3.2.1.93	COG0366	Trehalose-6-phosphate hydrolase
CHQ_1_01359	gene	1419	treB			
CHQ_1_01359	CDS	1419	treB		COG1263	PTS system trehalose-specific EIIBC component
CHQ_1_01360	gene	948	treR			
CHQ_1_01360	CDS	948	treR		COG1609	HTH-type transcriptional regulator TreR
CHQ_1_01361	gene	2709	mgtA			
CHQ_1_01361	CDS	2709	mgtA	7.2.2.14	COG0474	Magnesium-transporting ATPase, P-type 1
CHQ_1_01362	gene	387	ridA_2			
CHQ_1_01362	CDS	387	ridA_2	3.5.99.10	COG0251	2-iminobutanoate/2-iminopropanoate deaminase
CHQ_1_01363	gene	462	pyrI			
CHQ_1_01363	CDS	462	pyrI		COG1781	Aspartate carbamoyltransferase regulatory chain
CHQ_1_01364	gene	936	pyrB			
CHQ_1_01364	CDS	936	pyrB	2.1.3.2	COG0540	Aspartate carbamoyltransferase catalytic subunit
CHQ_1_01365	gene	453	tabA			
CHQ_1_01365	CDS	453	tabA		COG2731	Toxin-antitoxin biofilm protein TabA
CHQ_1_01366	gene	1005	argI			
CHQ_1_01366	CDS	1005	argI	2.1.3.3	COG0078	Ornithine carbamoyltransferase subunit I
CHQ_1_01367	gene	423	rraB			
CHQ_1_01367	CDS	423	rraB		COG3076	Regulator of ribonuclease activity B
CHQ_1_01368	gene	765				
CHQ_1_01368	CDS	765				hypothetical protein
CHQ_1_01369	gene	504				
CHQ_1_01369	CDS	504				hypothetical protein
CHQ_1_01370	gene	2856	valS			
CHQ_1_01370	CDS	2856	valS	6.1.1.9	COG0525	Valine--tRNA ligase
CHQ_1_01371	gene	444	holC			
CHQ_1_01371	CDS	444	holC	2.7.7.7	COG2927	DNA polymerase III subunit chi
CHQ_1_01372	gene	1512	pepA			
CHQ_1_01372	CDS	1512	pepA	3.4.11.1	COG0260	Cytosol aminopeptidase
CHQ_1_01373	gene	1098	lptF			
CHQ_1_01373	CDS	1098	lptF		COG0795	Lipopolysaccharide export system permease protein LptF
CHQ_1_01374	gene	1083	lptG			
CHQ_1_01374	CDS	1083	lptG		COG0795	Lipopolysaccharide export system permease protein LptG
CHQ_1_01375	gene	1503				
CHQ_1_01375	CDS	1503				hypothetical protein
CHQ_1_01376	gene	822				
CHQ_1_01376	CDS	822				hypothetical protein
CHQ_1_01377	gene	1506	bauC			
CHQ_1_01377	CDS	1506	bauC	1.2.1.-	COG1012	Putative 3-oxopropanoate dehydrogenase
CHQ_1_01378	gene	810	iolB			
CHQ_1_01378	CDS	810	iolB	5.3.1.30	COG3718	5-deoxy-glucuronate isomerase
CHQ_1_01379	gene	858	hexR_3			
CHQ_1_01379	CDS	858	hexR_3		COG1737	HTH-type transcriptional regulator HexR
CHQ_1_01380	gene	1914	iolC			
CHQ_1_01380	CDS	1914	iolC	2.7.1.92		5-dehydro-2-deoxygluconokinase
CHQ_1_01381	gene	1941	iolD			
CHQ_1_01381	CDS	1941	iolD	3.7.1.22	COG3962	3D-(3,5/4)-trihydroxycyclohexane-1,2-dione hydrolase
CHQ_1_01382	gene	1014	iolG_1			
CHQ_1_01382	CDS	1014	iolG_1	1.1.1.18	COG0673	Inositol 2-dehydrogenase/D-chiro-inositol 3-dehydrogenase
CHQ_1_01383	gene	885				
CHQ_1_01383	CDS	885				hypothetical protein
CHQ_1_01384	gene	900	iolE_1			
CHQ_1_01384	CDS	900	iolE_1	4.2.1.44	COG1082	Inosose dehydratase
CHQ_1_01385	gene	1311	ugpB_1			
CHQ_1_01385	CDS	1311	ugpB_1		COG1653	sn-glycerol-3-phosphate-binding periplasmic protein UgpB
CHQ_1_01386	gene	1074	ugpC_2			
CHQ_1_01386	CDS	1074	ugpC_2	7.6.2.10	COG3839	sn-glycerol-3-phosphate import ATP-binding protein UgpC
CHQ_1_01387	gene	825	cpdA_1			
CHQ_1_01387	CDS	825	cpdA_1	3.1.4.53		3',5'-cyclic adenosine monophosphate phosphodiesterase CpdA
CHQ_1_01388	gene	888	ngcG			
CHQ_1_01388	CDS	888	ngcG		COG0395	Diacetylchitobiose uptake system permease protein NgcG
CHQ_1_01389	gene	873	ugpA_1			
CHQ_1_01389	CDS	873	ugpA_1		COG1175	sn-glycerol-3-phosphate transport system permease protein UgpA
CHQ_1_01390	gene	1020	ahr			
CHQ_1_01390	CDS	1020	ahr	1.1.1.2	COG1064	Aldehyde reductase Ahr
CHQ_1_01391	gene	1470	dauA_3			
CHQ_1_01391	CDS	1470	dauA_3		COG0659	C4-dicarboxylic acid transporter DauA
CHQ_1_01392	gene	675	can_2			
CHQ_1_01392	CDS	675	can_2	4.2.1.1	COG0288	Carbonic anhydrase 2
CHQ_1_01393	gene	85				
CHQ_1_01393	tRNA	85				tRNA-Leu(caa)
CHQ_1_01394	gene	177	intS_1			
CHQ_1_01394	CDS	177	intS_1		COG0582	Prophage integrase IntS
CHQ_1_01395	gene	378	intA_1			
CHQ_1_01395	CDS	378	intA_1		COG0582	Prophage integrase IntA
CHQ_1_01396	gene	987				
CHQ_1_01396	CDS	987				hypothetical protein
CHQ_1_01397	gene	1434				
CHQ_1_01397	CDS	1434				hypothetical protein
CHQ_1_01398	gene	1674	rep_2			
CHQ_1_01398	CDS	1674	rep_2	3.6.4.12		ATP-dependent DNA helicase Rep
CHQ_1_01399	gene	2031				
CHQ_1_01399	CDS	2031				hypothetical protein
CHQ_1_01400	gene	987				
CHQ_1_01400	CDS	987				hypothetical protein
CHQ_1_01401	gene	396				
CHQ_1_01401	CDS	396				IS3 family transposase ISEae2
CHQ_1_01402	gene	594				
CHQ_1_01402	CDS	594				IS3 family transposase ISAs17
CHQ_1_01403	gene	870				
CHQ_1_01403	CDS	870				hypothetical protein
CHQ_1_01404	gene	639				
CHQ_1_01404	CDS	639				hypothetical protein
CHQ_1_01405	gene	1680	xynB			
CHQ_1_01405	CDS	1680	xynB	3.2.1.37		Beta-xylosidase
CHQ_1_01406	gene	1455	uidB			
CHQ_1_01406	CDS	1455	uidB		COG2211	Glucuronide carrier protein
CHQ_1_01407	gene	1320	xylA_1			
CHQ_1_01407	CDS	1320	xylA_1	5.3.1.5		Xylose isomerase
CHQ_1_01408	gene	762	loiP			
CHQ_1_01408	CDS	762	loiP	3.4.24.-	COG0501	Metalloprotease LoiP
CHQ_1_01409	gene	1254	lacY_1			
CHQ_1_01409	CDS	1254	lacY_1			Lactose permease
CHQ_1_01410	gene	3075	lacZ_1			
CHQ_1_01410	CDS	3075	lacZ_1	3.2.1.23	COG3250	Beta-galactosidase
CHQ_1_01411	gene	1149	lacI_1			
CHQ_1_01411	CDS	1149	lacI_1		COG1609	Lactose operon repressor
CHQ_1_01412	gene	1005	wbgU			
CHQ_1_01412	CDS	1005	wbgU	5.1.3.7		UDP-N-acetylglucosamine 4-epimerase
CHQ_1_01413	gene	1167	ugd			
CHQ_1_01413	CDS	1167	ugd	1.1.1.22	COG1004	UDP-glucose 6-dehydrogenase
CHQ_1_01414	gene	555	rfbC			
CHQ_1_01414	CDS	555	rfbC	5.1.3.13	COG1898	dTDP-4-dehydrorhamnose 3,5-epimerase
CHQ_1_01415	gene	891	rfbD			
CHQ_1_01415	CDS	891	rfbD	1.1.1.133	COG1091	dTDP-4-dehydrorhamnose reductase
CHQ_1_01416	gene	870	rffH_1			
CHQ_1_01416	CDS	870	rffH_1	2.7.7.24	COG1209	Glucose-1-phosphate thymidylyltransferase 2
CHQ_1_01417	gene	1065	rffG_1			
CHQ_1_01417	CDS	1065	rffG_1	4.2.1.46	COG1088	dTDP-glucose 4,6-dehydratase 2
CHQ_1_01418	gene	378	rusA			
CHQ_1_01418	CDS	378	rusA	3.1.22.4	COG4570	Crossover junction endodeoxyribonuclease RusA
CHQ_1_01419	gene	810	dam_1			
CHQ_1_01419	CDS	810	dam_1	2.1.1.72	COG0338	DNA adenine methylase
CHQ_1_01420	gene	915				
CHQ_1_01420	CDS	915				hypothetical protein
CHQ_1_01421	gene	462				
CHQ_1_01421	CDS	462				hypothetical protein
CHQ_1_01422	gene	696				
CHQ_1_01422	CDS	696				hypothetical protein
CHQ_1_01423	gene	411				
CHQ_1_01423	CDS	411				hypothetical protein
CHQ_1_01424	gene	936	dmlR_4			
CHQ_1_01424	CDS	936	dmlR_4			HTH-type transcriptional regulator DmlR
CHQ_1_01425	gene	435				
CHQ_1_01425	CDS	435				hypothetical protein
CHQ_1_01426	gene	492				
CHQ_1_01426	CDS	492				hypothetical protein
CHQ_1_01427	gene	1596	bglH_2			
CHQ_1_01427	CDS	1596	bglH_2		COG4580	Cryptic outer membrane porin BglH
CHQ_1_01428	gene	1869	bglF_2			
CHQ_1_01428	CDS	1869	bglF_2		COG1263	PTS system beta-glucoside-specific EIIBCA component
CHQ_1_01429	gene	1461	bglH_3			
CHQ_1_01429	CDS	1461	bglH_3	3.2.1.86	COG2723	Aryl-phospho-beta-D-glucosidase BglH
CHQ_1_01430	gene	834	licT			
CHQ_1_01430	CDS	834	licT		COG3711	Transcription antiterminator LicT
CHQ_1_01431	gene	876	argP_3			
CHQ_1_01431	CDS	876	argP_3			HTH-type transcriptional regulator ArgP
CHQ_1_01432	gene	615	gstB_1			
CHQ_1_01432	CDS	615	gstB_1	2.5.1.18	COG0625	Glutathione S-transferase GST-6.0
CHQ_1_01433	gene	315				
CHQ_1_01433	CDS	315				hypothetical protein
CHQ_1_01434	gene	1275	fabF_1			
CHQ_1_01434	CDS	1275	fabF_1	2.3.1.179	COG0304	3-oxoacyl-[acyl-carrier-protein] synthase 2
CHQ_1_01435	gene	1563	emrB_1			
CHQ_1_01435	CDS	1563	emrB_1			Colistin resistance protein EmrB
CHQ_1_01436	gene	1041	emrA_1			
CHQ_1_01436	CDS	1041	emrA_1			Colistin resistance protein EmrA
CHQ_1_01437	gene	558				
CHQ_1_01437	CDS	558				hypothetical protein
CHQ_1_01438	gene	1119	asd_1			
CHQ_1_01438	CDS	1119	asd_1	1.2.1.11	COG0136	Aspartate-semialdehyde dehydrogenase
CHQ_1_01439	gene	423	phnO			
CHQ_1_01439	CDS	423	phnO	2.3.1.280		Aminoalkylphosphonate N-acetyltransferase
CHQ_1_01440	gene	387				
CHQ_1_01440	CDS	387				hypothetical protein
CHQ_1_01441	gene	1398	atzE			
CHQ_1_01441	CDS	1398	atzE	3.5.1.131		1-carboxybiuret hydrolase subunit AtzE
CHQ_1_01442	gene	186				
CHQ_1_01442	CDS	186				hypothetical protein
CHQ_1_01443	gene	1587	hpxW			
CHQ_1_01443	CDS	1587	hpxW	3.5.1.126	COG0405	Oxamate amidohydrolase proenzyme
CHQ_1_01444	gene	840				
CHQ_1_01444	CDS	840				hypothetical protein
CHQ_1_01445	gene	786	fliY_2			
CHQ_1_01445	CDS	786	fliY_2		COG0834	L-cystine-binding protein FliY
CHQ_1_01446	gene	666				
CHQ_1_01446	CDS	666				hypothetical protein
CHQ_1_01447	gene	660	yecS_2			
CHQ_1_01447	CDS	660	yecS_2		COG0765	L-cystine transport system permease protein YecS
CHQ_1_01448	gene	738	glnQ_3			
CHQ_1_01448	CDS	738	glnQ_3			Glutamine transport ATP-binding protein GlnQ
CHQ_1_01449	gene	1242	pucG			
CHQ_1_01449	CDS	1242	pucG	2.6.1.112	COG0075	(S)-ureidoglycine--glyoxylate transaminase
CHQ_1_01450	gene	1260	amaB			
CHQ_1_01450	CDS	1260	amaB	3.5.1.87		N-carbamoyl-L-amino acid hydrolase
CHQ_1_01451	gene	978				
CHQ_1_01451	CDS	978		1.6.5.11	COG2070	NADH:quinone reductase
CHQ_1_01452	gene	894	dmlR_5			
CHQ_1_01452	CDS	894	dmlR_5			HTH-type transcriptional regulator DmlR
CHQ_1_01453	gene	483				
CHQ_1_01453	CDS	483				hypothetical protein
CHQ_1_01454	gene	1101	namA_1			
CHQ_1_01454	CDS	1101	namA_1	1.6.99.1	COG1902	NADPH dehydrogenase
CHQ_1_01455	gene	1608				
CHQ_1_01455	CDS	1608				hypothetical protein
CHQ_1_01456	gene	1233	yjhB_2			
CHQ_1_01456	CDS	1233	yjhB_2			Putative metabolite transport protein YjhB
CHQ_1_01457	gene	915				
CHQ_1_01457	CDS	915				hypothetical protein
CHQ_1_01458	gene	1101				
CHQ_1_01458	CDS	1101				hypothetical protein
CHQ_1_01459	gene	579	betI_2			
CHQ_1_01459	CDS	579	betI_2			HTH-type transcriptional regulator BetI
CHQ_1_01460	gene	603				
CHQ_1_01460	CDS	603				hypothetical protein
CHQ_1_01461	gene	537				
CHQ_1_01461	CDS	537				hypothetical protein
CHQ_1_01462	gene	1257	oxlT			
CHQ_1_01462	CDS	1257	oxlT			Oxalate:formate antiporter
CHQ_1_01463	gene	432				
CHQ_1_01463	CDS	432				hypothetical protein
CHQ_1_01464	gene	351				
CHQ_1_01464	CDS	351				hypothetical protein
CHQ_1_01465	gene	1059				
CHQ_1_01465	CDS	1059				hypothetical protein
CHQ_1_01466	gene	816				
CHQ_1_01466	CDS	816				hypothetical protein
CHQ_1_01467	gene	777	cmpD			
CHQ_1_01467	CDS	777	cmpD	3.6.3.-		Bicarbonate transport ATP-binding protein CmpD
CHQ_1_01468	gene	729				
CHQ_1_01468	CDS	729				hypothetical protein
CHQ_1_01469	gene	636				
CHQ_1_01469	CDS	636				hypothetical protein
CHQ_1_01470	gene	3606	ddl			
CHQ_1_01470	CDS	3606	ddl	6.3.2.4		D-alanine--D-alanine ligase
CHQ_1_01471	gene	1797	atzF			
CHQ_1_01471	CDS	1797	atzF	3.5.1.54		Allophanate hydrolase
CHQ_1_01472	gene	792				
CHQ_1_01472	CDS	792				hypothetical protein
CHQ_1_01473	gene	621	rhtB_1			
CHQ_1_01473	CDS	621	rhtB_1		COG1280	Homoserine/homoserine lactone efflux protein
CHQ_1_01474	gene	450	kbp			
CHQ_1_01474	CDS	450	kbp		COG1652	Potassium binding protein Kbp
CHQ_1_01475	gene	1392	pgtP			
CHQ_1_01475	CDS	1392	pgtP		COG2271	Phosphoglycerate transporter protein
CHQ_1_01476	gene	1269	pgtC			
CHQ_1_01476	CDS	1269	pgtC		COG1840	Phosphoglycerate transport regulatory protein PgtC
CHQ_1_01477	gene	2010	pgtB			
CHQ_1_01477	CDS	2010	pgtB	2.7.13.3	COG4192	Phosphoglycerate transport system sensor protein PgtB
CHQ_1_01478	gene	1251	dctD			
CHQ_1_01478	CDS	1251	dctD			C4-dicarboxylate transport transcriptional regulatory protein DctD
CHQ_1_01479	gene	339				
CHQ_1_01479	CDS	339				hypothetical protein
CHQ_1_01480	gene	786				
CHQ_1_01480	CDS	786				hypothetical protein
CHQ_1_01481	gene	696	phoB_1			
CHQ_1_01481	CDS	696	phoB_1		COG0745	Phosphate regulon transcriptional regulatory protein PhoB
CHQ_1_01482	gene	1197	sasA_1			
CHQ_1_01482	CDS	1197	sasA_1	2.7.-.-		Adaptive-response sensory-kinase SasA
CHQ_1_01483	gene	1149	macA_1			
CHQ_1_01483	CDS	1149	macA_1		COG0845	Macrolide export protein MacA
CHQ_1_01484	gene	3075	mexB_1			
CHQ_1_01484	CDS	3075	mexB_1		COG0841	Multidrug resistance protein MexB
CHQ_1_01485	gene	1470	menH_2			
CHQ_1_01485	CDS	1470	menH_2	4.2.99.20		2-succinyl-6-hydroxy-2,4-cyclohexadiene-1-carboxylate synthase
CHQ_1_01486	gene	876	yihU			
CHQ_1_01486	CDS	876	yihU	1.1.1.373	COG2084	3-sulfolactaldehyde reductase
CHQ_1_01487	gene	930				
CHQ_1_01487	CDS	930				hypothetical protein
CHQ_1_01488	gene	756				
CHQ_1_01488	CDS	756				hypothetical protein
CHQ_1_01489	gene	744	mngR_1			
CHQ_1_01489	CDS	744	mngR_1		COG2188	Mannosyl-D-glycerate transport/metabolism system repressor MngR
CHQ_1_01490	gene	1539	malX_1			
CHQ_1_01490	CDS	1539	malX_1		COG1263	PTS system maltose-specific EIICB component
CHQ_1_01491	gene	1329	malH			
CHQ_1_01491	CDS	1329	malH	3.2.1.122	COG1486	Maltose-6'-phosphate glucosidase
CHQ_1_01492	gene	1446	iolT			
CHQ_1_01492	CDS	1446	iolT			Major myo-inositol transporter IolT
CHQ_1_01493	gene	444	fruB_1			
CHQ_1_01493	CDS	444	fruB_1		COG1925	Multiphosphoryl transfer protein
CHQ_1_01494	gene	252				
CHQ_1_01494	CDS	252				hypothetical protein
CHQ_1_01495	gene	141				
CHQ_1_01495	CDS	141				hypothetical protein
CHQ_1_01496	gene	939				
CHQ_1_01496	CDS	939				hypothetical protein
CHQ_1_01497	gene	1656				
CHQ_1_01497	CDS	1656			COG2199	putative signaling protein
CHQ_1_01498	gene	249				
CHQ_1_01498	CDS	249				hypothetical protein
CHQ_1_01499	gene	219				
CHQ_1_01499	CDS	219				hypothetical protein
CHQ_1_01500	gene	783	map_2			
CHQ_1_01500	CDS	783	map_2	3.4.11.18	COG0024	Methionine aminopeptidase
CHQ_1_01501	gene	1116	dap			
CHQ_1_01501	CDS	1116	dap	3.4.11.19		D-aminopeptidase
CHQ_1_01502	gene	345				
CHQ_1_01502	CDS	345				hypothetical protein
CHQ_1_01503	gene	534				
CHQ_1_01503	CDS	534				hypothetical protein
CHQ_1_01504	gene	207				
CHQ_1_01504	CDS	207				hypothetical protein
CHQ_1_01505	gene	1293				
CHQ_1_01505	CDS	1293				hypothetical protein
CHQ_1_01506	gene	1323	hipA			
CHQ_1_01506	CDS	1323	hipA	2.7.11.1	COG3550	Serine/threonine-protein kinase toxin HipA
CHQ_1_01507	gene	288	hipB			
CHQ_1_01507	CDS	288	hipB		COG1396	Antitoxin HipB
CHQ_1_01508	gene	327	pucM			
CHQ_1_01508	CDS	327	pucM	3.5.2.17	COG2351	5-hydroxyisourate hydrolase
CHQ_1_01509	gene	501	uao			
CHQ_1_01509	CDS	501	uao			Uric acid degradation bifunctional protein
CHQ_1_01510	gene	1380	xanP_1			
CHQ_1_01510	CDS	1380	xanP_1		COG2233	Xanthine permease XanP
CHQ_1_01511	gene	1155	hpxO			
CHQ_1_01511	CDS	1155	hpxO	1.14.13.113	COG0654	FAD-dependent urate hydroxylase
CHQ_1_01512	gene	924	argP_4			
CHQ_1_01512	CDS	924	argP_4			HTH-type transcriptional regulator ArgP
CHQ_1_01513	gene	1038	ndmA			
CHQ_1_01513	CDS	1038	ndmA	1.14.13.178		Methylxanthine N1-demethylase NdmA
CHQ_1_01514	gene	975	pht2			
CHQ_1_01514	CDS	975	pht2	1.14.12.7		Phthalate 4,5-dioxygenase oxygenase reductase subunit
CHQ_1_01515	gene	1239	nepI_1			
CHQ_1_01515	CDS	1239	nepI_1		COG2814	Purine ribonucleoside efflux pump NepI
CHQ_1_01516	gene	945	rclR			
CHQ_1_01516	CDS	945	rclR		COG2207	RCS-specific HTH-type transcriptional activator RclR
CHQ_1_01517	gene	756				
CHQ_1_01517	CDS	756				hypothetical protein
CHQ_1_01518	gene	312				
CHQ_1_01518	CDS	312				hypothetical protein
CHQ_1_01519	gene	264				
CHQ_1_01519	CDS	264				hypothetical protein
CHQ_1_01520	gene	1029	vldW_1			
CHQ_1_01520	CDS	1029	vldW_1	1.14.11.52		Validamycin A dioxygenase
CHQ_1_01521	gene	807	metQ_3			
CHQ_1_01521	CDS	807	metQ_3		COG1464	D-methionine-binding lipoprotein MetQ
CHQ_1_01522	gene	792	metN2_1			
CHQ_1_01522	CDS	792	metN2_1	3.6.3.-	COG1135	Methionine import ATP-binding protein MetN 2
CHQ_1_01523	gene	672	metI_3			
CHQ_1_01523	CDS	672	metI_3		COG2011	D-methionine transport system permease protein MetI
CHQ_1_01524	gene	1059	pnoA			
CHQ_1_01524	CDS	1059	pnoA	1.13.12.-		Nitronate monooxygenase
CHQ_1_01525	gene	846	gltR_1			
CHQ_1_01525	CDS	846	gltR_1		COG0583	HTH-type transcriptional regulator GltR
CHQ_1_01526	gene	423	yycE			
CHQ_1_01526	CDS	423	yycE			putative protein YycE
CHQ_1_01527	gene	1188	yhhS_1			
CHQ_1_01527	CDS	1188	yhhS_1			putative MFS-type transporter YhhS
CHQ_1_01528	gene	291				
CHQ_1_01528	CDS	291				hypothetical protein
CHQ_1_01529	gene	762	tam_1			
CHQ_1_01529	CDS	762	tam_1	2.1.1.144	COG4106	Trans-aconitate 2-methyltransferase
CHQ_1_01530	gene	321				
CHQ_1_01530	CDS	321				hypothetical protein
CHQ_1_01531	gene	381				
CHQ_1_01531	CDS	381				hypothetical protein
CHQ_1_01532	gene	99				
CHQ_1_01532	CDS	99				hypothetical protein
CHQ_1_01533	gene	447				
CHQ_1_01533	CDS	447				hypothetical protein
CHQ_1_01534	gene	1452	uxaB			
CHQ_1_01534	CDS	1452	uxaB	1.1.1.58	COG0246	Altronate oxidoreductase
CHQ_1_01535	gene	531	ttr			
CHQ_1_01535	CDS	531	ttr	2.3.1.-		Acetyltransferase
CHQ_1_01536	gene	1425				
CHQ_1_01536	CDS	1425				hypothetical protein
CHQ_1_01537	gene	369				
CHQ_1_01537	CDS	369				hypothetical protein
CHQ_1_01538	gene	927	glsA2			
CHQ_1_01538	CDS	927	glsA2	3.5.1.2	COG2066	Glutaminase 2
CHQ_1_01539	gene	1386	sad			
CHQ_1_01539	CDS	1386	sad	1.2.1.16	COG1012	Succinate semialdehyde dehydrogenase [NAD(P)+] Sad
CHQ_1_01540	gene	879	gltR_2			
CHQ_1_01540	CDS	879	gltR_2		COG0583	HTH-type transcriptional regulator GltR
CHQ_1_01541	gene	483				
CHQ_1_01541	CDS	483				hypothetical protein
CHQ_1_01542	gene	945	ldh1			
CHQ_1_01542	CDS	945	ldh1	1.1.1.27		L-lactate dehydrogenase 1
CHQ_1_01543	gene	795	yddE_1			
CHQ_1_01543	CDS	795	yddE_1	5.1.-.-	COG0384	putative isomerase YddE
CHQ_1_01544	gene	1200	sotB_1			
CHQ_1_01544	CDS	1200	sotB_1		COG2814	Sugar efflux transporter
CHQ_1_01545	gene	669				
CHQ_1_01545	CDS	669				hypothetical protein
CHQ_1_01546	gene	435	marR			
CHQ_1_01546	CDS	435	marR		COG1846	Multiple antibiotic resistance protein MarR
CHQ_1_01547	gene	381	marA_1			
CHQ_1_01547	CDS	381	marA_1			Multiple antibiotic resistance protein MarA
CHQ_1_01548	gene	219				
CHQ_1_01548	CDS	219				hypothetical protein
CHQ_1_01549	gene	900	eamA			
CHQ_1_01549	CDS	900	eamA		COG0697	putative amino-acid metabolite efflux pump
CHQ_1_01550	gene	1197	mdrP			
CHQ_1_01550	CDS	1197	mdrP			Na(+), Li(+), K(+)/H(+) antiporter
CHQ_1_01551	gene	483				
CHQ_1_01551	CDS	483				hypothetical protein
CHQ_1_01552	gene	699	livF_2			
CHQ_1_01552	CDS	699	livF_2		COG0410	High-affinity branched-chain amino acid transport ATP-binding protein LivF
CHQ_1_01553	gene	798	livF_3			
CHQ_1_01553	CDS	798	livF_3		COG0410	High-affinity branched-chain amino acid transport ATP-binding protein LivF
CHQ_1_01554	gene	1074				
CHQ_1_01554	CDS	1074				hypothetical protein
CHQ_1_01555	gene	1575				
CHQ_1_01555	CDS	1575				hypothetical protein
CHQ_1_01556	gene	1272	amiC_2			
CHQ_1_01556	CDS	1272	amiC_2			Aliphatic amidase expression-regulating protein
CHQ_1_01557	gene	1104				
CHQ_1_01557	CDS	1104				hypothetical protein
CHQ_1_01558	gene	399				
CHQ_1_01558	CDS	399				hypothetical protein
CHQ_1_01559	gene	1098	rhaS_5			
CHQ_1_01559	CDS	1098	rhaS_5			HTH-type transcriptional activator RhaS
CHQ_1_01560	gene	219				
CHQ_1_01560	CDS	219				hypothetical protein
CHQ_1_01561	gene	441				
CHQ_1_01561	CDS	441				hypothetical protein
CHQ_1_01562	gene	1065	lacI_2			
CHQ_1_01562	CDS	1065	lacI_2		COG1609	Lactose operon repressor
CHQ_1_01563	gene	3108	lacZ_2			
CHQ_1_01563	CDS	3108	lacZ_2	3.2.1.23	COG3250	Beta-galactosidase
CHQ_1_01564	gene	1266	lacY_2			
CHQ_1_01564	CDS	1266	lacY_2			Lactose permease
CHQ_1_01565	gene	1089				
CHQ_1_01565	CDS	1089				hypothetical protein
CHQ_1_01566	gene	261				
CHQ_1_01566	CDS	261				hypothetical protein
CHQ_1_01567	gene	132				
CHQ_1_01567	CDS	132				hypothetical protein
CHQ_1_01568	gene	861	bla_1			
CHQ_1_01568	CDS	861	bla_1	3.5.2.6	COG2367	Beta-lactamase SHV-1
CHQ_1_01569	gene	762	glpR_1			
CHQ_1_01569	CDS	762	glpR_1		COG1349	Glycerol-3-phosphate regulon repressor
CHQ_1_01570	gene	903	ltnD			
CHQ_1_01570	CDS	903	ltnD	1.1.1.411		L-threonate dehydrogenase
CHQ_1_01571	gene	1266	otnK			
CHQ_1_01571	CDS	1266	otnK	2.7.1.217	COG3395	3-oxo-tetronate kinase
CHQ_1_01572	gene	621	otnC			
CHQ_1_01572	CDS	621	otnC	4.1.1.104	COG0235	3-oxo-tetronate 4-phosphate decarboxylase
CHQ_1_01573	gene	783	otnI			
CHQ_1_01573	CDS	783	otnI	5.3.1.35	COG3622	2-oxo-tetronate isomerase
CHQ_1_01574	gene	1365	ygbN			
CHQ_1_01574	CDS	1365	ygbN		COG2610	Inner membrane permease YgbN
CHQ_1_01575	gene	915	rob_2			
CHQ_1_01575	CDS	915	rob_2		COG2207	Right origin-binding protein
CHQ_1_01576	gene	612				
CHQ_1_01576	CDS	612				hypothetical protein
CHQ_1_01577	gene	1218	bluF_1			
CHQ_1_01577	CDS	1218	bluF_1			Blue light- and temperature-regulated antirepressor BluF
CHQ_1_01578	gene	513	pncC_1			
CHQ_1_01578	CDS	513	pncC_1	3.5.1.42	COG1546	Nicotinamide-nucleotide amidohydrolase PncC
CHQ_1_01579	gene	474	ibpB_1			
CHQ_1_01579	CDS	474	ibpB_1			Small heat shock protein IbpB
CHQ_1_01580	gene	105				
CHQ_1_01580	CDS	105				hypothetical protein
CHQ_1_01581	gene	672	yedK_1			
CHQ_1_01581	CDS	672	yedK_1	3.4.-.-	COG2135	SOS response-associated protein YedK
CHQ_1_01582	gene	537				
CHQ_1_01582	CDS	537		2.3.1.-	COG1670	Acetyltransferase
CHQ_1_01583	gene	690				
CHQ_1_01583	CDS	690				hypothetical protein
CHQ_1_01584	gene	582				
CHQ_1_01584	CDS	582				hypothetical protein
CHQ_1_01585	gene	2046	dcp			
CHQ_1_01585	CDS	2046	dcp	3.4.15.5	COG0339	Dipeptidyl carboxypeptidase
CHQ_1_01586	gene	750	ydfG_1			
CHQ_1_01586	CDS	750	ydfG_1	1.1.1.381	COG4221	NADP-dependent 3-hydroxy acid dehydrogenase YdfG
CHQ_1_01587	gene	687	rspR			
CHQ_1_01587	CDS	687	rspR		COG1802	HTH-type transcriptional repressor RspR
CHQ_1_01588	gene	432	uspG_1			
CHQ_1_01588	CDS	432	uspG_1		COG0589	Universal stress protein UP12
CHQ_1_01589	gene	1464	por_1			
CHQ_1_01589	CDS	1464	por_1	1.1.1.-	COG0246	Polyol:NADP oxidoreductase
CHQ_1_01590	gene	1284	lgoT_1			
CHQ_1_01590	CDS	1284	lgoT_1			putative L-galactonate transporter
CHQ_1_01591	gene	327				
CHQ_1_01591	CDS	327				hypothetical protein
CHQ_1_01592	gene	342				
CHQ_1_01592	CDS	342				hypothetical protein
CHQ_1_01593	gene	561	speG			
CHQ_1_01593	CDS	561	speG	2.3.1.57	COG1670	Spermidine N(1)-acetyltransferase
CHQ_1_01594	gene	711				
CHQ_1_01594	CDS	711				hypothetical protein
CHQ_1_01595	gene	270				
CHQ_1_01595	CDS	270				hypothetical protein
CHQ_1_01596	gene	2436	ynfE			
CHQ_1_01596	CDS	2436	ynfE	1.8.99.-	COG0243	Putative dimethyl sulfoxide reductase chain YnfE
CHQ_1_01597	gene	618	dmsB_1			
CHQ_1_01597	CDS	618	dmsB_1		COG0437	Anaerobic dimethyl sulfoxide reductase chain B
CHQ_1_01598	gene	858	dmsC_1			
CHQ_1_01598	CDS	858	dmsC_1		COG3302	Anaerobic dimethyl sulfoxide reductase chain C
CHQ_1_01599	gene	609	dmsD			
CHQ_1_01599	CDS	609	dmsD		COG3381	Tat proofreading chaperone DmsD
CHQ_1_01600	gene	1296	clcB_1			
CHQ_1_01600	CDS	1296	clcB_1		COG0038	Voltage-gated ClC-type chloride channel ClcB
CHQ_1_01601	gene	696	bioD1_1			
CHQ_1_01601	CDS	696	bioD1_1	6.3.3.3	COG0132	ATP-dependent dethiobiotin synthetase BioD 1
CHQ_1_01602	gene	1224	mlc_2			
CHQ_1_01602	CDS	1224	mlc_2		COG1940	Protein mlc
CHQ_1_01603	gene	903	hcaR_2			
CHQ_1_01603	CDS	903	hcaR_2			Hca operon transcriptional activator HcaR
CHQ_1_01604	gene	1251	ynfM			
CHQ_1_01604	CDS	1251	ynfM			Inner membrane transport protein YnfM
CHQ_1_01605	gene	1488				
CHQ_1_01605	CDS	1488		3.4.17.19	COG2317	Thermostable carboxypeptidase 1
CHQ_1_01606	gene	372				
CHQ_1_01606	CDS	372				hypothetical protein
CHQ_1_01607	gene	105				
CHQ_1_01607	CDS	105				hypothetical protein
CHQ_1_01608	gene	813				
CHQ_1_01608	CDS	813				hypothetical protein
CHQ_1_01609	gene	2103				
CHQ_1_01609	CDS	2103				hypothetical protein
CHQ_1_01610	gene	330	mdtI			
CHQ_1_01610	CDS	330	mdtI		COG2076	Spermidine export protein MdtI
CHQ_1_01611	gene	363	mdtJ_2			
CHQ_1_01611	CDS	363	mdtJ_2		COG2076	Spermidine export protein MdtJ
CHQ_1_01612	gene	1035	tqsA			
CHQ_1_01612	CDS	1035	tqsA		COG0628	AI-2 transport protein TqsA
CHQ_1_01613	gene	1656	madA			
CHQ_1_01613	CDS	1656	madA	2.3.1.187		Acetyl-S-ACP:malonate ACP transferase
CHQ_1_01614	gene	843	citG_2			
CHQ_1_01614	CDS	843	citG_2	2.4.2.52	COG1767	2-(5''-triphosphoribosyl)-3'-dephosphocoenzyme-A synthase
CHQ_1_01615	gene	300	mdcC			
CHQ_1_01615	CDS	300	mdcC			Malonate decarboxylase acyl carrier protein
CHQ_1_01616	gene	834	madC			
CHQ_1_01616	CDS	834	madC	2.1.3.10		Malonyl-S-ACP:biotin-protein carboxyltransferase MADC
CHQ_1_01617	gene	801				
CHQ_1_01617	CDS	801				hypothetical protein
CHQ_1_01618	gene	960				
CHQ_1_01618	CDS	960				hypothetical protein
CHQ_1_01619	gene	618	mdcG			
CHQ_1_01619	CDS	618	mdcG	2.7.7.66		Phosphoribosyl-dephospho-CoA transferase
CHQ_1_01620	gene	903	fabD_1			
CHQ_1_01620	CDS	903	fabD_1	2.3.1.39	COG0331	Malonyl CoA-acyl carrier protein transacylase
CHQ_1_01621	gene	927				
CHQ_1_01621	CDS	927				hypothetical protein
CHQ_1_01622	gene	1647	mqo_1			
CHQ_1_01622	CDS	1647	mqo_1	1.1.5.4	COG0579	Malate:quinone oxidoreductase
CHQ_1_01623	gene	921	murQ_1			
CHQ_1_01623	CDS	921	murQ_1	4.2.1.126	COG2103	N-acetylmuramic acid 6-phosphate etherase
CHQ_1_01624	gene	324				
CHQ_1_01624	CDS	324				hypothetical protein
CHQ_1_01625	gene	1617	dcuS			
CHQ_1_01625	CDS	1617	dcuS	2.7.13.3	COG3290	Sensor histidine kinase DcuS
CHQ_1_01626	gene	720	dcuR_2			
CHQ_1_01626	CDS	720	dcuR_2		COG4565	Transcriptional regulatory protein DcuR
CHQ_1_01627	gene	951	apbE_1			
CHQ_1_01627	CDS	951	apbE_1	2.7.1.180	COG1477	FAD:protein FMN transferase
CHQ_1_01628	gene	2778	namA_2			
CHQ_1_01628	CDS	2778	namA_2	1.6.99.1		NADPH dehydrogenase
CHQ_1_01629	gene	1434	ttdT			
CHQ_1_01629	CDS	1434	ttdT		COG0471	L-tartrate/succinate antiporter
CHQ_1_01630	gene	1653	fumB			
CHQ_1_01630	CDS	1653	fumB	4.2.1.2	COG1838	Fumarate hydratase class I, anaerobic
CHQ_1_01631	gene	1617				
CHQ_1_01631	CDS	1617				hypothetical protein
CHQ_1_01632	gene	1311	manC1			
CHQ_1_01632	CDS	1311	manC1	2.7.7.13	COG0662	Mannose-1-phosphate guanylyltransferase 1
CHQ_1_01633	gene	990				
CHQ_1_01633	CDS	990				hypothetical protein
CHQ_1_01634	gene	111				
CHQ_1_01634	rRNA	111				5S ribosomal RNA
CHQ_1_01635	gene	76				
CHQ_1_01635	tRNA	76				tRNA-Thr(ggt)
CHQ_1_01636	gene	110				
CHQ_1_01636	rRNA	110				5S ribosomal RNA
CHQ_1_01637	gene	222				
CHQ_1_01637	CDS	222				hypothetical protein
CHQ_1_01638	gene	3111	acrF			
CHQ_1_01638	CDS	3111	acrF		COG0841	Multidrug export protein AcrF
CHQ_1_01639	gene	1140	acrE			
CHQ_1_01639	CDS	1140	acrE			Multidrug export protein AcrE
CHQ_1_01640	gene	654	acrR_1			
CHQ_1_01640	CDS	654	acrR_1		COG1309	HTH-type transcriptional regulator AcrR
CHQ_1_01641	gene	297	fis			
CHQ_1_01641	CDS	297	fis		COG2901	DNA-binding protein Fis
CHQ_1_01642	gene	966	dusB			
CHQ_1_01642	CDS	966	dusB	1.3.1.-	COG0042	tRNA-dihydrouridine synthase B
CHQ_1_01643	gene	882	prmA			
CHQ_1_01643	CDS	882	prmA	2.1.1.-	COG2264	Ribosomal protein L11 methyltransferase
CHQ_1_01644	gene	1452	panF			
CHQ_1_01644	CDS	1452	panF		COG4145	Sodium/pantothenate symporter
CHQ_1_01645	gene	243	yhdT			
CHQ_1_01645	CDS	243	yhdT		COG3924	putative membrane protein YhdT
CHQ_1_01646	gene	1350	accC			
CHQ_1_01646	CDS	1350	accC	6.3.4.14	COG0439	Biotin carboxylase
CHQ_1_01647	gene	468	accB			
CHQ_1_01647	CDS	468	accB		COG0511	Biotin carboxyl carrier protein of acetyl-CoA carboxylase
CHQ_1_01648	gene	453	aroQ			
CHQ_1_01648	CDS	453	aroQ	4.2.1.10	COG0757	3-dehydroquinate dehydratase
CHQ_1_01649	gene	600	msrQ			
CHQ_1_01649	CDS	600	msrQ		COG2717	Protein-methionine-sulfoxide reductase heme-binding subunit MsrQ
CHQ_1_01650	gene	1002	msrP			
CHQ_1_01650	CDS	1002	msrP	1.8.5.-	COG2041	Protein-methionine-sulfoxide reductase catalytic subunit MsrP
CHQ_1_01651	gene	1941	csrD			
CHQ_1_01651	CDS	1941	csrD			RNase E specificity factor CsrD
CHQ_1_01652	gene	1044	mreB			
CHQ_1_01652	CDS	1044	mreB		COG1077	Cell shape-determining protein MreB
CHQ_1_01653	gene	993	mreC			
CHQ_1_01653	CDS	993	mreC		COG1792	Cell shape-determining protein MreC
CHQ_1_01654	gene	489	mreD			
CHQ_1_01654	CDS	489	mreD		COG2891	Rod shape-determining protein MreD
CHQ_1_01655	gene	582	yhdE			
CHQ_1_01655	CDS	582	yhdE	3.6.1.9	COG0424	dTTP/UTP pyrophosphatase
CHQ_1_01656	gene	1470	rng			
CHQ_1_01656	CDS	1470	rng	3.1.26.-	COG1530	Ribonuclease G
CHQ_1_01657	gene	3798				
CHQ_1_01657	CDS	3798				hypothetical protein
CHQ_1_01658	gene	1446	tldD			
CHQ_1_01658	CDS	1446	tldD	3.4.-.-	COG0312	Metalloprotease TldD
CHQ_1_01659	gene	930	dmlR_6			
CHQ_1_01659	CDS	930	dmlR_6			HTH-type transcriptional regulator DmlR
CHQ_1_01660	gene	204	aaeX			
CHQ_1_01660	CDS	204	aaeX			Protein AaeX
CHQ_1_01661	gene	933	aaeA_1			
CHQ_1_01661	CDS	933	aaeA_1		COG1566	p-hydroxybenzoic acid efflux pump subunit AaeA
CHQ_1_01662	gene	1968	aaeB_1			
CHQ_1_01662	CDS	1968	aaeB_1		COG1289	p-hydroxybenzoic acid efflux pump subunit AaeB
CHQ_1_01663	gene	276	yhcO			
CHQ_1_01663	CDS	276	yhcO		COG2732	putative protein YhcO
CHQ_1_01664	gene	267				
CHQ_1_01664	CDS	267				hypothetical protein
CHQ_1_01665	gene	264				
CHQ_1_01665	CDS	264				hypothetical protein
CHQ_1_01666	gene	471	argR			
CHQ_1_01666	CDS	471	argR		COG1438	Arginine repressor
CHQ_1_01667	gene	939	mdh_1			
CHQ_1_01667	CDS	939	mdh_1	1.1.1.37	COG0039	Malate dehydrogenase
CHQ_1_01668	gene	1059	degS			
CHQ_1_01668	CDS	1059	degS	3.4.21.107	COG0265	Serine endoprotease DegS
CHQ_1_01669	gene	1368	degQ			
CHQ_1_01669	CDS	1368	degQ	3.4.21.107	COG0265	Periplasmic pH-dependent serine endoprotease DegQ
CHQ_1_01670	gene	399	yhcB			
CHQ_1_01670	CDS	399	yhcB		COG3105	Inner membrane protein YhcB
CHQ_1_01671	gene	1128	zapE_1			
CHQ_1_01671	CDS	1128	zapE_1		COG1485	Cell division protein ZapE
CHQ_1_01672	gene	429	rplM			
CHQ_1_01672	CDS	429	rplM		COG0102	50S ribosomal protein L13
CHQ_1_01673	gene	393	rpsI			
CHQ_1_01673	CDS	393	rpsI		COG0103	30S ribosomal protein S9
CHQ_1_01674	gene	639	sspA			
CHQ_1_01674	CDS	639	sspA		COG0625	Stringent starvation protein A
CHQ_1_01675	gene	495	sspB			
CHQ_1_01675	CDS	495	sspB		COG2969	Stringent starvation protein B
CHQ_1_01676	gene	771	nanR_1			
CHQ_1_01676	CDS	771	nanR_1		COG2186	HTH-type transcriptional repressor NanR
CHQ_1_01677	gene	894	nanA			
CHQ_1_01677	CDS	894	nanA	4.1.3.3	COG0329	N-acetylneuraminate lyase
CHQ_1_01678	gene	1488	nanT			
CHQ_1_01678	CDS	1488	nanT			Sialic acid transporter NanT
CHQ_1_01679	gene	690	nanE			
CHQ_1_01679	CDS	690	nanE	5.1.3.9	COG3010	Putative N-acetylmannosamine-6-phosphate 2-epimerase
CHQ_1_01680	gene	885	nanK			
CHQ_1_01680	CDS	885	nanK	2.7.1.60	COG1940	N-acetylmannosamine kinase
CHQ_1_01681	gene	468	yhcH			
CHQ_1_01681	CDS	468	yhcH		COG2731	putative protein YhcH
CHQ_1_01682	gene	1419	gltD			
CHQ_1_01682	CDS	1419	gltD	1.4.1.13	COG0493	Glutamate synthase [NADPH] small chain
CHQ_1_01683	gene	4461	gltB			
CHQ_1_01683	CDS	4461	gltB	1.4.1.13	COG0067	Glutamate synthase [NADPH] large chain
CHQ_1_01684	gene	936				
CHQ_1_01684	CDS	936				hypothetical protein
CHQ_1_01685	gene	1284	exuT_1			
CHQ_1_01685	CDS	1284	exuT_1			Hexuronate transporter
CHQ_1_01686	gene	1017	rspB			
CHQ_1_01686	CDS	1017	rspB	1.1.1.-	COG1063	Starvation-sensing protein RspB
CHQ_1_01687	gene	1071	uxuA_1			
CHQ_1_01687	CDS	1071	uxuA_1	4.2.1.8	COG1312	Mannonate dehydratase
CHQ_1_01688	gene	2340	arcB			
CHQ_1_01688	CDS	2340	arcB	2.7.13.3	COG0642	Aerobic respiration control sensor protein ArcB
CHQ_1_01689	gene	654	elbB			
CHQ_1_01689	CDS	654	elbB	4.2.1.-	COG3155	Glyoxalase ElbB
CHQ_1_01690	gene	726	mtgA_2			
CHQ_1_01690	CDS	726	mtgA_2	2.4.1.129	COG0744	Biosynthetic peptidoglycan transglycosylase
CHQ_1_01691	gene	273	ptsO			
CHQ_1_01691	CDS	273	ptsO		COG1925	Phosphocarrier protein NPr
CHQ_1_01692	gene	855	rapZ			
CHQ_1_01692	CDS	855	rapZ		COG1660	RNase adapter protein RapZ
CHQ_1_01693	gene	489	ptsN			
CHQ_1_01693	CDS	489	ptsN		COG1762	Nitrogen regulatory protein
CHQ_1_01694	gene	288	hpf			
CHQ_1_01694	CDS	288	hpf		COG1544	Ribosome hibernation promoting factor
CHQ_1_01695	gene	1434	rpoN			
CHQ_1_01695	CDS	1434	rpoN		COG1508	RNA polymerase sigma-54 factor
CHQ_1_01696	gene	726	lptB_1			
CHQ_1_01696	CDS	726	lptB_1	3.6.3.-	COG1137	Lipopolysaccharide export system ATP-binding protein LptB
CHQ_1_01697	gene	546	lptA			
CHQ_1_01697	CDS	546	lptA		COG1934	Lipopolysaccharide export system protein LptA
CHQ_1_01698	gene	576	lptC			
CHQ_1_01698	CDS	576	lptC		COG3117	Lipopolysaccharide export system protein LptC
CHQ_1_01699	gene	567	kdsC			
CHQ_1_01699	CDS	567	kdsC	3.1.3.45	COG1778	3-deoxy-D-manno-octulosonate 8-phosphate phosphatase KdsC
CHQ_1_01700	gene	987	kdsD			
CHQ_1_01700	CDS	987	kdsD	5.3.1.13	COG0517	Arabinose 5-phosphate isomerase KdsD
CHQ_1_01701	gene	978	yrbG			
CHQ_1_01701	CDS	978	yrbG		COG0530	Inner membrane protein YrbG
CHQ_1_01702	gene	813	mlaF			
CHQ_1_01702	CDS	813	mlaF	3.6.3.-	COG1127	Intermembrane phospholipid transport system ATP-binding protein MlaF
CHQ_1_01703	gene	783	mlaE			
CHQ_1_01703	CDS	783	mlaE		COG0767	Intermembrane phospholipid transport system permease protein MlaE
CHQ_1_01704	gene	552	mlaD			
CHQ_1_01704	CDS	552	mlaD		COG1463	Intermembrane phospholipid transport system binding protein MlaD
CHQ_1_01705	gene	636	mlaC			
CHQ_1_01705	CDS	636	mlaC		COG2854	Intermembrane phospholipid transport system binding protein MlaC
CHQ_1_01706	gene	291	mlaB			
CHQ_1_01706	CDS	291	mlaB		COG3113	Intermembrane phospholipid transport system binding protein MlaB
CHQ_1_01707	gene	255	ibaG			
CHQ_1_01707	CDS	255	ibaG		COG5007	Acid stress protein IbaG
CHQ_1_01708	gene	1260	murA			
CHQ_1_01708	CDS	1260	murA	2.5.1.7	COG0766	UDP-N-acetylglucosamine 1-carboxyvinyltransferase
CHQ_1_01709	gene	273				
CHQ_1_01709	CDS	273				hypothetical protein
CHQ_1_01710	gene	972	ispB			
CHQ_1_01710	CDS	972	ispB	2.5.1.90	COG0142	Octaprenyl diphosphate synthase
CHQ_1_01711	gene	318				
CHQ_1_01711	CDS	318				hypothetical protein
CHQ_1_01712	gene	258	rpmA			
CHQ_1_01712	CDS	258	rpmA		COG0211	50S ribosomal protein L27
CHQ_1_01713	gene	966	yhbE			
CHQ_1_01713	CDS	966	yhbE		COG0697	putative inner membrane transporter YhbE
CHQ_1_01714	gene	1179	obgE			
CHQ_1_01714	CDS	1179	obgE	3.6.5.-	COG0536	GTPase ObgE/CgtA
CHQ_1_01715	gene	1434	dacB			
CHQ_1_01715	CDS	1434	dacB	3.4.16.4	COG2027	D-alanyl-D-alanine carboxypeptidase DacB
CHQ_1_01716	gene	477	greA			
CHQ_1_01716	CDS	477	greA		COG0782	Transcription elongation factor GreA
CHQ_1_01717	gene	333	yhbY			
CHQ_1_01717	CDS	333	yhbY		COG1534	RNA-binding protein YhbY
CHQ_1_01718	gene	630	rlmE			
CHQ_1_01718	CDS	630	rlmE	2.1.1.166	COG0293	Ribosomal RNA large subunit methyltransferase E
CHQ_1_01719	gene	1935	ftsH			
CHQ_1_01719	CDS	1935	ftsH	3.4.24.-	COG0465	ATP-dependent zinc metalloprotease FtsH
CHQ_1_01720	gene	849	folP_1			
CHQ_1_01720	CDS	849	folP_1	2.5.1.15	COG0294	Dihydropteroate synthase
CHQ_1_01721	gene	1338	glmM			
CHQ_1_01721	CDS	1338	glmM	5.4.2.10	COG1109	Phosphoglucosamine mutase
CHQ_1_01722	gene	330	secG			
CHQ_1_01722	CDS	330	secG		COG1314	Protein-export membrane protein SecG
CHQ_1_01723	gene	87				
CHQ_1_01723	tRNA	87				tRNA-Leu(gag)
CHQ_1_01724	gene	402				
CHQ_1_01724	CDS	402				hypothetical protein
CHQ_1_01725	gene	552				
CHQ_1_01725	CDS	552				hypothetical protein
CHQ_1_01726	gene	630	iprA_1			
CHQ_1_01726	CDS	630	iprA_1			Inhibitor of hydrogen peroxide resistance
CHQ_1_01727	gene	1344	argG			
CHQ_1_01727	CDS	1344	argG	6.3.4.5	COG0137	Argininosuccinate synthase
CHQ_1_01728	gene	77				
CHQ_1_01728	tRNA	77				tRNA-Met(cat)
CHQ_1_01729	gene	423	rimP			
CHQ_1_01729	CDS	423	rimP		COG0779	Ribosome maturation factor RimP
CHQ_1_01730	gene	1488	nusA			
CHQ_1_01730	CDS	1488	nusA		COG0195	Transcription termination/antitermination protein NusA
CHQ_1_01731	gene	2691	infB			
CHQ_1_01731	CDS	2691	infB		COG0532	Translation initiation factor IF-2
CHQ_1_01732	gene	402	rbfA			
CHQ_1_01732	CDS	402	rbfA		COG0858	30S ribosome-binding factor
CHQ_1_01733	gene	945	truB			
CHQ_1_01733	CDS	945	truB	5.4.99.25	COG0130	tRNA pseudouridine synthase B
CHQ_1_01734	gene	270	rpsO			
CHQ_1_01734	CDS	270	rpsO		COG0184	30S ribosomal protein S15
CHQ_1_01735	gene	2136	pnp			
CHQ_1_01735	CDS	2136	pnp	2.7.7.8	COG1185	Polyribonucleotide nucleotidyltransferase
CHQ_1_01736	gene	885	nlpI			
CHQ_1_01736	CDS	885	nlpI		COG4785	Lipoprotein NlpI
CHQ_1_01737	gene	1932	deaD			
CHQ_1_01737	CDS	1932	deaD	3.6.4.13	COG0513	ATP-dependent RNA helicase DeaD
CHQ_1_01738	gene	1245	mtr			
CHQ_1_01738	CDS	1245	mtr		COG0814	Tryptophan-specific transport protein
CHQ_1_01739	gene	1008				
CHQ_1_01739	CDS	1008				hypothetical protein
CHQ_1_01740	gene	879				
CHQ_1_01740	CDS	879				hypothetical protein
CHQ_1_01741	gene	996	yhbU			
CHQ_1_01741	CDS	996	yhbU	3.4.-.-	COG0826	putative protease YhbU
CHQ_1_01742	gene	525	ubiJ_1			
CHQ_1_01742	CDS	525	ubiJ_1			Ubiquinone biosynthesis accessory factor UbiJ
CHQ_1_01743	gene	504				
CHQ_1_01743	CDS	504				hypothetical protein
CHQ_1_01744	gene	321				
CHQ_1_01744	CDS	321				hypothetical protein
CHQ_1_01745	gene	444				
CHQ_1_01745	CDS	444				hypothetical protein
CHQ_1_01746	gene	537	yhbO			
CHQ_1_01746	CDS	537	yhbO	3.1.2.-	COG0693	Protein/nucleic acid deglycase 2
CHQ_1_01747	gene	648				
CHQ_1_01747	CDS	648				hypothetical protein
CHQ_1_01748	gene	1041				
CHQ_1_01748	CDS	1041				hypothetical protein
CHQ_1_01749	gene	576	osmY_2			
CHQ_1_01749	CDS	576	osmY_2		COG2823	Osmotically-inducible protein Y
CHQ_1_01750	gene	591	diaA			
CHQ_1_01750	CDS	591	diaA		COG0279	DnaA initiator-associating protein DiaA
CHQ_1_01751	gene	387				
CHQ_1_01751	CDS	387				hypothetical protein
CHQ_1_01752	gene	2103	lpoA			
CHQ_1_01752	CDS	2103	lpoA		COG3107	Penicillin-binding protein activator LpoA
CHQ_1_01753	gene	864	rsmI			
CHQ_1_01753	CDS	864	rsmI	2.1.1.198	COG0313	Ribosomal RNA small subunit methyltransferase I
CHQ_1_01754	gene	774	srlR_1			
CHQ_1_01754	CDS	774	srlR_1		COG1349	Glucitol operon repressor
CHQ_1_01755	gene	1044	gatD			
CHQ_1_01755	CDS	1044	gatD	1.1.1.251	COG1063	Galactitol 1-phosphate 5-dehydrogenase
CHQ_1_01756	gene	1383	gatC_1			
CHQ_1_01756	CDS	1383	gatC_1		COG3775	PTS system galactitol-specific EIIC component
CHQ_1_01757	gene	285	gatB			
CHQ_1_01757	CDS	285	gatB	2.7.1.200	COG3414	PTS system galactitol-specific EIIB component
CHQ_1_01758	gene	468	gatA			
CHQ_1_01758	CDS	468	gatA		COG1762	PTS system galactitol-specific EIIA component
CHQ_1_01759	gene	1272	gatZ			
CHQ_1_01759	CDS	1272	gatZ		COG4573	D-tagatose-1,6-bisphosphate aldolase subunit GatZ
CHQ_1_01760	gene	816				
CHQ_1_01760	CDS	816				hypothetical protein
CHQ_1_01761	gene	1413	fruA_1			
CHQ_1_01761	CDS	1413	fruA_1		COG1299	PTS system fructose-specific EIIABC component
CHQ_1_01762	gene	915	lacC_1			
CHQ_1_01762	CDS	915	lacC_1	2.7.1.144	COG1105	Tagatose-6-phosphate kinase
CHQ_1_01763	gene	855	gatY			
CHQ_1_01763	CDS	855	gatY	4.1.2.40		D-tagatose-1,6-bisphosphate aldolase subunit GatY
CHQ_1_01764	gene	840	srlR_2			
CHQ_1_01764	CDS	840	srlR_2		COG1349	Glucitol operon repressor
CHQ_1_01765	gene	951				
CHQ_1_01765	CDS	951		2.7.1.101	COG0524	Tagatose kinase
CHQ_1_01766	gene	1572	garD			
CHQ_1_01766	CDS	1572	garD	4.2.1.42	COG2721	Galactarate dehydratase (L-threo-forming)
CHQ_1_01767	gene	771	garL			
CHQ_1_01767	CDS	771	garL	4.1.2.20	COG3836	5-keto-4-deoxy-D-glucarate aldolase
CHQ_1_01768	gene	891	garR			
CHQ_1_01768	CDS	891	garR	1.1.1.60	COG2084	2-hydroxy-3-oxopropionate reductase
CHQ_1_01769	gene	465				
CHQ_1_01769	CDS	465				hypothetical protein
CHQ_1_01770	gene	411				
CHQ_1_01770	CDS	411				hypothetical protein
CHQ_1_01771	gene	168				
CHQ_1_01771	CDS	168				hypothetical protein
CHQ_1_01772	gene	702	yhaK			
CHQ_1_01772	CDS	702	yhaK		COG1741	Pirin-like protein YhaK
CHQ_1_01773	gene	897	yhaJ_2			
CHQ_1_01773	CDS	897	yhaJ_2			HTH-type transcriptional regulator YhaJ
CHQ_1_01774	gene	369	yhaH			
CHQ_1_01774	CDS	369	yhaH		COG3152	Inner membrane protein YhaH
CHQ_1_01775	gene	987	yqjG			
CHQ_1_01775	CDS	987	yqjG	1.8.5.7	COG0435	Glutathionyl-hydroquinone reductase YqjG
CHQ_1_01776	gene	393	yqjF			
CHQ_1_01776	CDS	393	yqjF		COG2259	Inner membrane protein YqjF
CHQ_1_01777	gene	297				
CHQ_1_01777	CDS	297				hypothetical protein
CHQ_1_01778	gene	399	yqjE			
CHQ_1_01778	CDS	399	yqjE		COG5393	Inner membrane protein YqjE
CHQ_1_01779	gene	306	yqjD			
CHQ_1_01779	CDS	306	yqjD		COG4575	putative protein YqjD
CHQ_1_01780	gene	369	yqjC			
CHQ_1_01780	CDS	369	yqjC			Protein YqjC
CHQ_1_01781	gene	387	mzrA			
CHQ_1_01781	CDS	387	mzrA			Modulator protein MzrA
CHQ_1_01782	gene	663	yqjA			
CHQ_1_01782	CDS	663	yqjA		COG0586	Inner membrane protein YqjA
CHQ_1_01783	gene	777	lldR_2			
CHQ_1_01783	CDS	777	lldR_2		COG2186	Putative L-lactate dehydrogenase operon regulatory protein
CHQ_1_01784	gene	1302	exuT_2			
CHQ_1_01784	CDS	1302	exuT_2			Hexuronate transporter
CHQ_1_01785	gene	1413	uxaC			
CHQ_1_01785	CDS	1413	uxaC	5.3.1.12	COG1904	Uronate isomerase
CHQ_1_01786	gene	1488	uxaA			
CHQ_1_01786	CDS	1488	uxaA	4.2.1.7	COG2721	Altronate dehydratase
CHQ_1_01787	gene	555	ygjV			
CHQ_1_01787	CDS	555	ygjV			Inner membrane protein YgjV
CHQ_1_01788	gene	1248	sstT			
CHQ_1_01788	CDS	1248	sstT		COG3633	Serine/threonine transporter SstT
CHQ_1_01789	gene	972	alx			
CHQ_1_01789	CDS	972	alx		COG0861	Putative membrane-bound redox modulator Alx
CHQ_1_01790	gene	990	iolU_1			
CHQ_1_01790	CDS	990	iolU_1	1.1.1.371	COG0673	scyllo-inositol 2-dehydrogenase (NADP(+)) IolU
CHQ_1_01791	gene	501	ygjP			
CHQ_1_01791	CDS	501	ygjP	3.6.1.-	COG1451	UTP pyrophosphatase
CHQ_1_01792	gene	603				
CHQ_1_01792	CDS	603				hypothetical protein
CHQ_1_01793	gene	708				
CHQ_1_01793	CDS	708				hypothetical protein
CHQ_1_01794	gene	1131	rlmG			
CHQ_1_01794	CDS	1131	rlmG	2.1.1.174	COG2813	Ribosomal RNA large subunit methyltransferase G
CHQ_1_01795	gene	2022	fadH			
CHQ_1_01795	CDS	2022	fadH	1.3.1.34	COG0446	2,4-dienoyl-CoA reductase
CHQ_1_01796	gene	1599	lsrK			
CHQ_1_01796	CDS	1599	lsrK	2.7.1.189	COG1070	Autoinducer-2 kinase
CHQ_1_01797	gene	972	lsrR			
CHQ_1_01797	CDS	972	lsrR		COG2390	Transcriptional regulator LsrR
CHQ_1_01798	gene	1488	lsrA			
CHQ_1_01798	CDS	1488	lsrA	3.6.3.-	COG1129	Autoinducer 2 import ATP-binding protein LsrA
CHQ_1_01799	gene	1035	lsrC			
CHQ_1_01799	CDS	1035	lsrC		COG1172	Autoinducer 2 import system permease protein LsrC
CHQ_1_01800	gene	1005	lsrD_1			
CHQ_1_01800	CDS	1005	lsrD_1			Autoinducer 2 import system permease protein LsrD
CHQ_1_01801	gene	1014	lsrB_1			
CHQ_1_01801	CDS	1014	lsrB_1			Autoinducer 2-binding protein LsrB
CHQ_1_01802	gene	888	lsrF_1			
CHQ_1_01802	CDS	888	lsrF_1	2.3.1.245	COG1830	3-hydroxy-5-phosphonooxypentane-2,4-dione thiolase
CHQ_1_01803	gene	297	lsrG			
CHQ_1_01803	CDS	297	lsrG	5.3.1.32	COG1359	(4S)-4-hydroxy-5-phosphonooxypentane-2,3-dione isomerase
CHQ_1_01804	gene	1380	patA			
CHQ_1_01804	CDS	1380	patA	2.6.1.82	COG4992	Putrescine aminotransferase
CHQ_1_01805	gene	555	yqjI			
CHQ_1_01805	CDS	555	yqjI		COG1695	Transcriptional regulator YqjI
CHQ_1_01806	gene	777	yqjH			
CHQ_1_01806	CDS	777	yqjH	1.16.1.9	COG2375	NADPH-dependent ferric-chelate reductase
CHQ_1_01807	gene	1650	dhaK_1			
CHQ_1_01807	CDS	1650	dhaK_1	2.7.1.29		Dihydroxyacetone kinase
CHQ_1_01808	gene	1422	dhaM			
CHQ_1_01808	CDS	1422	dhaM	2.7.1.121	COG1080	PEP-dependent dihydroxyacetone kinase, phosphoryl donor subunit DhaM
CHQ_1_01809	gene	633	dhaL			
CHQ_1_01809	CDS	633	dhaL	2.7.1.121	COG2376	PEP-dependent dihydroxyacetone kinase, ADP-binding subunit DhaL
CHQ_1_01810	gene	1071	dhaK_2			
CHQ_1_01810	CDS	1071	dhaK_2	2.7.1.121	COG2376	PEP-dependent dihydroxyacetone kinase, dihydroxyacetone-binding subunit DhaK
CHQ_1_01811	gene	1098	dhaD			
CHQ_1_01811	CDS	1098	dhaD	1.1.1.6		Glycerol dehydrogenase
CHQ_1_01812	gene	1926	dhaR			
CHQ_1_01812	CDS	1926	dhaR		COG3284	PTS-dependent dihydroxyacetone kinase operon regulatory protein
CHQ_1_01813	gene	306	hdeB_1			
CHQ_1_01813	CDS	306	hdeB_1			Acid stress chaperone HdeB
CHQ_1_01814	gene	576	hdeD			
CHQ_1_01814	CDS	576	hdeD		COG3247	Protein HdeD
CHQ_1_01815	gene	633	yfdX			
CHQ_1_01815	CDS	633	yfdX			Protein YfdX
CHQ_1_01816	gene	3243	rcsC_2			
CHQ_1_01816	CDS	3243	rcsC_2	2.7.13.3		Sensor histidine kinase RcsC
CHQ_1_01817	gene	615	evgA			
CHQ_1_01817	CDS	615	evgA			DNA-binding transcriptional activator EvgA
CHQ_1_01818	gene	315	hdeB_2			
CHQ_1_01818	CDS	315	hdeB_2			Acid stress chaperone HdeB
CHQ_1_01819	gene	363				
CHQ_1_01819	CDS	363				hypothetical protein
CHQ_1_01820	gene	150				
CHQ_1_01820	CDS	150				hypothetical protein
CHQ_1_01821	gene	177				
CHQ_1_01821	CDS	177				IS3 family transposase ISYpe1
CHQ_1_01822	gene	198				
CHQ_1_01822	CDS	198				hypothetical protein
CHQ_1_01823	gene	76				
CHQ_1_01823	tRNA	76				tRNA-Met(cat)
CHQ_1_01824	gene	507	mug			
CHQ_1_01824	CDS	507	mug	3.2.2.28	COG3663	G/U mismatch-specific DNA glycosylase
CHQ_1_01825	gene	1842	rpoD			
CHQ_1_01825	CDS	1842	rpoD		COG0568	RNA polymerase sigma factor RpoD
CHQ_1_01826	gene	1746	dnaG			
CHQ_1_01826	CDS	1746	dnaG	2.7.7.-	COG0358	DNA primase
CHQ_1_01827	gene	216	rpsU			
CHQ_1_01827	CDS	216	rpsU		COG0828	30S ribosomal protein S21
CHQ_1_01828	gene	1014	tsaD			
CHQ_1_01828	CDS	1014	tsaD	2.3.1.234	COG0533	tRNA N6-adenosine threonylcarbamoyltransferase
CHQ_1_01829	gene	1608				
CHQ_1_01829	CDS	1608				hypothetical protein
CHQ_1_01830	gene	618	ureG			
CHQ_1_01830	CDS	618	ureG			Urease accessory protein UreG
CHQ_1_01831	gene	711	ureF			
CHQ_1_01831	CDS	711	ureF			Urease accessory protein UreF
CHQ_1_01832	gene	477	ureE			
CHQ_1_01832	CDS	477	ureE			Urease accessory protein UreE
CHQ_1_01833	gene	1704	ureC			
CHQ_1_01833	CDS	1704	ureC	3.5.1.5		Urease subunit alpha
CHQ_1_01834	gene	321	ureB			
CHQ_1_01834	CDS	321	ureB	3.5.1.5		Urease subunit beta
CHQ_1_01835	gene	303	ureA			
CHQ_1_01835	CDS	303	ureA	3.5.1.5		Urease subunit gamma
CHQ_1_01836	gene	825	ureD			
CHQ_1_01836	CDS	825	ureD			Urease accessory protein UreD
CHQ_1_01837	gene	618	plsY			
CHQ_1_01837	CDS	618	plsY	2.3.1.15	COG0344	putative glycerol-3-phosphate acyltransferase
CHQ_1_01838	gene	384	folB			
CHQ_1_01838	CDS	384	folB	4.1.2.25	COG1539	Dihydroneopterin aldolase
CHQ_1_01839	gene	822	uppP			
CHQ_1_01839	CDS	822	uppP	3.6.1.27	COG1968	Undecaprenyl-diphosphatase
CHQ_1_01840	gene	1242	cca			
CHQ_1_01840	CDS	1242	cca		COG0617	Multifunctional CCA protein
CHQ_1_01841	gene	621				
CHQ_1_01841	CDS	621				hypothetical protein
CHQ_1_01842	gene	1299	ygiF			
CHQ_1_01842	CDS	1299	ygiF	3.6.1.25	COG3025	Inorganic triphosphatase
CHQ_1_01843	gene	2838	glnE			
CHQ_1_01843	CDS	2838	glnE		COG1391	Bifunctional glutamine synthetase adenylyltransferase/adenylyl-removing enzyme
CHQ_1_01844	gene	1434	hldE			
CHQ_1_01844	CDS	1434	hldE		COG2870	Bifunctional protein HldE
CHQ_1_01845	gene	198	glgS_1			
CHQ_1_01845	CDS	198	glgS_1			Surface composition regulator
CHQ_1_01846	gene	273	ubiK			
CHQ_1_01846	CDS	273	ubiK		COG2960	Ubiquinone biosynthesis accessory factor UbiK
CHQ_1_01847	gene	654	ribB			
CHQ_1_01847	CDS	654	ribB	4.1.99.12	COG0108	3,4-dihydroxy-2-butanone 4-phosphate synthase
CHQ_1_01848	gene	771	zupT			
CHQ_1_01848	CDS	771	zupT		COG0428	Zinc transporter ZupT
CHQ_1_01849	gene	792	ygiD			
CHQ_1_01849	CDS	792	ygiD	1.13.11.29	COG3384	4,5-DOPA dioxygenase extradiol
CHQ_1_01850	gene	1161	ygiC			
CHQ_1_01850	CDS	1161	ygiC	6.3.1.-	COG0754	Putative acid--amine ligase YgiC
CHQ_1_01851	gene	672				
CHQ_1_01851	CDS	672				hypothetical protein
CHQ_1_01852	gene	1461	tolC			
CHQ_1_01852	CDS	1461	tolC			Outer membrane protein TolC
CHQ_1_01853	gene	633	nudF			
CHQ_1_01853	CDS	633	nudF	3.6.1.13		ADP-ribose pyrophosphatase
CHQ_1_01854	gene	423				
CHQ_1_01854	CDS	423				hypothetical protein
CHQ_1_01855	gene	828	cpdA_2			
CHQ_1_01855	CDS	828	cpdA_2	3.1.4.53	COG1409	3',5'-cyclic adenosine monophosphate phosphodiesterase CpdA
CHQ_1_01856	gene	576				
CHQ_1_01856	CDS	576				hypothetical protein
CHQ_1_01857	gene	1896	parE			
CHQ_1_01857	CDS	1896	parE	5.6.2.2	COG0187	DNA topoisomerase 4 subunit B
CHQ_1_01858	gene	315	ygiN			
CHQ_1_01858	CDS	315	ygiN	1.-.-.-	COG1359	putative quinol monooxygenase YgiN
CHQ_1_01859	gene	582	mdaB			
CHQ_1_01859	CDS	582	mdaB	1.6.5.10	COG2249	NADPH:quinone oxidoreductase MdaB
CHQ_1_01860	gene	1350	qseC			
CHQ_1_01860	CDS	1350	qseC	2.7.13.3		Sensor protein QseC
CHQ_1_01861	gene	660	qseB			
CHQ_1_01861	CDS	660	qseB			Transcriptional regulatory protein QseB
CHQ_1_01862	gene	408	ygiW_1			
CHQ_1_01862	CDS	408	ygiW_1		COG3111	Protein YgiW
CHQ_1_01863	gene	870	rhaS_6			
CHQ_1_01863	CDS	870	rhaS_6			HTH-type transcriptional activator RhaS
CHQ_1_01864	gene	2259	parC			
CHQ_1_01864	CDS	2259	parC	5.6.2.2	COG0188	DNA topoisomerase 4 subunit A
CHQ_1_01865	gene	738	plsC			
CHQ_1_01865	CDS	738	plsC	2.3.1.51	COG0204	1-acyl-sn-glycerol-3-phosphate acyltransferase
CHQ_1_01866	gene	1413	ftsP			
CHQ_1_01866	CDS	1413	ftsP		COG2132	Cell division protein FtsP
CHQ_1_01867	gene	2184				
CHQ_1_01867	CDS	2184				hypothetical protein
CHQ_1_01868	gene	828	dkgA			
CHQ_1_01868	CDS	828	dkgA	1.1.1.274	COG0656	2,5-diketo-D-gluconic acid reductase A
CHQ_1_01869	gene	1164	yqhD			
CHQ_1_01869	CDS	1164	yqhD	1.1.1.-	COG1979	Alcohol dehydrogenase YqhD
CHQ_1_01870	gene	906	rhaS_7			
CHQ_1_01870	CDS	906	rhaS_7			HTH-type transcriptional activator RhaS
CHQ_1_01871	gene	660	yghB			
CHQ_1_01871	CDS	660	yghB		COG0586	Inner membrane protein YghB
CHQ_1_01872	gene	1188	metC_1			
CHQ_1_01872	CDS	1188	metC_1	4.4.1.13	COG0626	Cystathionine beta-lyase MetC
CHQ_1_01873	gene	732	exbB			
CHQ_1_01873	CDS	732	exbB		COG0811	Biopolymer transport protein ExbB
CHQ_1_01874	gene	426	exbD			
CHQ_1_01874	CDS	426	exbD		COG0848	Biopolymer transport protein ExbD
CHQ_1_01875	gene	495				
CHQ_1_01875	CDS	495				hypothetical protein
CHQ_1_01876	gene	888				
CHQ_1_01876	CDS	888				hypothetical protein
CHQ_1_01877	gene	288				
CHQ_1_01877	CDS	288				hypothetical protein
CHQ_1_01878	gene	867	yghU			
CHQ_1_01878	CDS	867	yghU	1.8.4.-	COG0625	Disulfide-bond oxidoreductase YghU
CHQ_1_01879	gene	561				
CHQ_1_01879	CDS	561				hypothetical protein
CHQ_1_01880	gene	1866	gss			
CHQ_1_01880	CDS	1866	gss		COG0754	Bifunctional glutathionylspermidine synthetase/amidase
CHQ_1_01881	gene	1182	lysN_1			
CHQ_1_01881	CDS	1182	lysN_1	2.6.1.39	COG1167	2-aminoadipate transaminase
CHQ_1_01882	gene	90				
CHQ_1_01882	CDS	90				hypothetical protein
CHQ_1_01883	gene	189				
CHQ_1_01883	CDS	189				hypothetical protein
CHQ_1_01884	gene	339				
CHQ_1_01884	CDS	339				hypothetical protein
CHQ_1_01885	gene	603				
CHQ_1_01885	CDS	603				hypothetical protein
CHQ_1_01886	gene	912	dmlR_7			
CHQ_1_01886	CDS	912	dmlR_7			HTH-type transcriptional regulator DmlR
CHQ_1_01887	gene	1149	metC_2			
CHQ_1_01887	CDS	1149	metC_2	4.4.1.13	COG0626	Cystathionine beta-lyase
CHQ_1_01888	gene	1377	cbs			
CHQ_1_01888	CDS	1377	cbs	4.2.1.22	COG0031	Putative cystathionine beta-synthase
CHQ_1_01889	gene	76				
CHQ_1_01889	tRNA	76				tRNA-Phe(gaa)
CHQ_1_01890	gene	714	ydfK			
CHQ_1_01890	CDS	714	ydfK		COG1811	putative membrane protein YdfK
CHQ_1_01891	gene	2139	speC			
CHQ_1_01891	CDS	2139	speC	4.1.1.17	COG1982	Constitutive ornithine decarboxylase
CHQ_1_01892	gene	1254	nupG			
CHQ_1_01892	CDS	1254	nupG			Nucleoside permease NupG
CHQ_1_01893	gene	1086	mltC			
CHQ_1_01893	CDS	1086	mltC	4.2.2.-	COG0741	Membrane-bound lytic murein transglycosylase C
CHQ_1_01894	gene	276	yggX			
CHQ_1_01894	CDS	276	yggX		COG2924	putative Fe(2+)-trafficking protein
CHQ_1_01895	gene	1059	mutY			
CHQ_1_01895	CDS	1059	mutY	3.2.2.31	COG1194	Adenine DNA glycosylase
CHQ_1_01896	gene	720	trmB			
CHQ_1_01896	CDS	720	trmB	2.1.1.33	COG0220	tRNA (guanine-N(7)-)-methyltransferase
CHQ_1_01897	gene	327				
CHQ_1_01897	CDS	327			COG3171	putative protein
CHQ_1_01898	gene	717				
CHQ_1_01898	CDS	717				hypothetical protein
CHQ_1_01899	gene	1302	dctM			
CHQ_1_01899	CDS	1302	dctM		COG1593	C4-dicarboxylate TRAP transporter large permease protein DctM
CHQ_1_01900	gene	510	siaQ			
CHQ_1_01900	CDS	510	siaQ		COG3090	Sialic acid TRAP transporter small permease protein SiaQ
CHQ_1_01901	gene	987				
CHQ_1_01901	CDS	987			COG1638	Solute-binding protein
CHQ_1_01902	gene	1137	hemW			
CHQ_1_01902	CDS	1137	hemW		COG0635	Heme chaperone HemW
CHQ_1_01903	gene	594	rdgB			
CHQ_1_01903	CDS	594	rdgB	3.6.1.66	COG0127	dITP/XTP pyrophosphatase
CHQ_1_01904	gene	291				
CHQ_1_01904	CDS	291				hypothetical protein
CHQ_1_01905	gene	567				
CHQ_1_01905	CDS	567				hypothetical protein
CHQ_1_01906	gene	702	yggS			
CHQ_1_01906	CDS	702	yggS		COG0325	Pyridoxal phosphate homeostasis protein
CHQ_1_01907	gene	981	yggR			
CHQ_1_01907	CDS	981	yggR		COG2805	putative protein YggR
CHQ_1_01908	gene	654	csgD			
CHQ_1_01908	CDS	654	csgD		COG2771	CsgBAC operon transcriptional regulatory protein
CHQ_1_01909	gene	417	yqgF			
CHQ_1_01909	CDS	417	yqgF	3.1.-.-	COG0816	Putative pre-16S rRNA nuclease
CHQ_1_01910	gene	564				
CHQ_1_01910	CDS	564				hypothetical protein
CHQ_1_01911	gene	951	gshB			
CHQ_1_01911	CDS	951	gshB	6.3.2.3	COG0189	Glutathione synthetase
CHQ_1_01912	gene	732	rsmE			
CHQ_1_01912	CDS	732	rsmE	2.1.1.193	COG1385	Ribosomal RNA small subunit methyltransferase E
CHQ_1_01913	gene	708	endA			
CHQ_1_01913	CDS	708	endA	3.1.21.1	COG2356	Endonuclease-1
CHQ_1_01914	gene	459	sprT			
CHQ_1_01914	CDS	459	sprT			Protein SprT
CHQ_1_01915	gene	1395	galP			
CHQ_1_01915	CDS	1395	galP			Galactose-proton symporter
CHQ_1_01916	gene	1155	metK			
CHQ_1_01916	CDS	1155	metK	2.5.1.6	COG0192	S-adenosylmethionine synthase
CHQ_1_01917	gene	1977	speA			
CHQ_1_01917	CDS	1977	speA	4.1.1.19	COG1166	Biosynthetic arginine decarboxylase
CHQ_1_01918	gene	921	speB			
CHQ_1_01918	CDS	921	speB	3.5.3.11	COG0010	Agmatinase
CHQ_1_01919	gene	1221	lgoT_2			
CHQ_1_01919	CDS	1221	lgoT_2			putative L-galactonate transporter
CHQ_1_01920	gene	324	doxA			
CHQ_1_01920	CDS	324	doxA			Naphthalene 1,2-dioxygenase system, ferredoxin component
CHQ_1_01921	gene	309				
CHQ_1_01921	CDS	309				hypothetical protein
CHQ_1_01922	gene	1023				
CHQ_1_01922	CDS	1023				hypothetical protein
CHQ_1_01923	gene	750	pldh-t			
CHQ_1_01923	CDS	750	pldh-t	1.1.1.107		Pyridoxal 4-dehydrogenase
CHQ_1_01924	gene	789	pcaR_1			
CHQ_1_01924	CDS	789	pcaR_1		COG1414	Pca regulon regulatory protein
CHQ_1_01925	gene	927				
CHQ_1_01925	CDS	927				hypothetical protein
CHQ_1_01926	gene	1197	cmtAa			
CHQ_1_01926	CDS	1197	cmtAa	1.18.1.3	COG0446	p-cumate 2,3-dioxygenase system, ferredoxin--NAD(+) reductase component
CHQ_1_01927	gene	1257	sauU			
CHQ_1_01927	CDS	1257	sauU			putative sulfoacetate transporter SauU
CHQ_1_01928	gene	531				
CHQ_1_01928	CDS	531				hypothetical protein
CHQ_1_01929	gene	771	menH_3			
CHQ_1_01929	CDS	771	menH_3	4.2.99.20		2-succinyl-6-hydroxy-2,4-cyclohexadiene-1-carboxylate synthase
CHQ_1_01930	gene	795	baiA1			
CHQ_1_01930	CDS	795	baiA1	1.1.1.395		3alpha-hydroxy bile acid-CoA-ester 3-dehydrogenase 1/3
CHQ_1_01931	gene	765	nadX			
CHQ_1_01931	CDS	765	nadX	1.4.1.21	COG1712	L-aspartate dehydrogenase
CHQ_1_01932	gene	1470	betB_2			
CHQ_1_01932	CDS	1470	betB_2	1.2.1.8	COG1012	NAD/NADP-dependent betaine aldehyde dehydrogenase
CHQ_1_01933	gene	1641	ilvB_1			
CHQ_1_01933	CDS	1641	ilvB_1	2.2.1.6	COG0028	Acetolactate synthase isozyme 1 large subunit
CHQ_1_01934	gene	1269	oprD			
CHQ_1_01934	CDS	1269	oprD	3.4.21.-		Porin D
CHQ_1_01935	gene	1407	gnd			
CHQ_1_01935	CDS	1407	gnd	1.1.1.44	COG0362	6-phosphogluconate dehydrogenase, decarboxylating
CHQ_1_01936	gene	1440	tuaB			
CHQ_1_01936	CDS	1440	tuaB		COG2244	Teichuronic acid biosynthesis protein TuaB
CHQ_1_01937	gene	867				
CHQ_1_01937	CDS	867				hypothetical protein
CHQ_1_01938	gene	966				
CHQ_1_01938	CDS	966				hypothetical protein
CHQ_1_01939	gene	1086				
CHQ_1_01939	CDS	1086				hypothetical protein
CHQ_1_01940	gene	1152	mshA_4			
CHQ_1_01940	CDS	1152	mshA_4	2.4.1.250		D-inositol-3-phosphate glycosyltransferase
CHQ_1_01941	gene	1119				
CHQ_1_01941	CDS	1119				hypothetical protein
CHQ_1_01942	gene	1032				
CHQ_1_01942	CDS	1032				hypothetical protein
CHQ_1_01943	gene	978	mshA_5			
CHQ_1_01943	CDS	978	mshA_5	2.4.1.250		D-inositol-3-phosphate glycosyltransferase
CHQ_1_01944	gene	1428				
CHQ_1_01944	CDS	1428				hypothetical protein
CHQ_1_01945	gene	2157				
CHQ_1_01945	CDS	2157		2.7.10.-		Putative tyrosine-protein kinase in cps region
CHQ_1_01946	gene	132	amsI			
CHQ_1_01946	CDS	132	amsI	3.1.3.48	COG0394	putative low molecular weight protein-tyrosine-phosphatase AmsI
CHQ_1_01947	gene	1134				
CHQ_1_01947	CDS	1134				hypothetical protein
CHQ_1_01948	gene	1440				
CHQ_1_01948	CDS	1440				hypothetical protein
CHQ_1_01949	gene	630				
CHQ_1_01949	CDS	630				hypothetical protein
CHQ_1_01950	gene	897	galF			
CHQ_1_01950	CDS	897	galF	2.7.7.9	COG1210	UTP--glucose-1-phosphate uridylyltransferase
CHQ_1_01951	gene	1584				
CHQ_1_01951	CDS	1584				hypothetical protein
CHQ_1_01952	gene	1848				
CHQ_1_01952	CDS	1848				hypothetical protein
CHQ_1_01953	gene	582	dcd			
CHQ_1_01953	CDS	582	dcd	3.5.4.13	COG0717	dCTP deaminase
CHQ_1_01954	gene	642	udk			
CHQ_1_01954	CDS	642	udk	2.7.1.48	COG0572	Uridine kinase
CHQ_1_01955	gene	849	alkA			
CHQ_1_01955	CDS	849	alkA	3.2.2.21	COG0122	DNA-3-methyladenine glycosylase 2
CHQ_1_01956	gene	1353	dnaK_2			
CHQ_1_01956	CDS	1353	dnaK_2			Chaperone protein DnaK
CHQ_1_01957	gene	1935	sasA_2			
CHQ_1_01957	CDS	1935	sasA_2	2.7.-.-		Adaptive-response sensory-kinase SasA
CHQ_1_01958	gene	714	torR			
CHQ_1_01958	CDS	714	torR		COG0745	TorCAD operon transcriptional regulatory protein TorR
CHQ_1_01959	gene	141				
CHQ_1_01959	CDS	141				hypothetical protein
CHQ_1_01960	gene	612				
CHQ_1_01960	CDS	612				hypothetical protein
CHQ_1_01961	gene	1275	dctA_1			
CHQ_1_01961	CDS	1275	dctA_1		COG1301	C4-dicarboxylate transport protein
CHQ_1_01962	gene	1239	mdtA_2			
CHQ_1_01962	CDS	1239	mdtA_2			Multidrug resistance protein MdtA
CHQ_1_01963	gene	3123	mdtB			
CHQ_1_01963	CDS	3123	mdtB			Multidrug resistance protein MdtB
CHQ_1_01964	gene	3078	mdtC			
CHQ_1_01964	CDS	3078	mdtC			Multidrug resistance protein MdtC
CHQ_1_01965	gene	1416	mdtD_2			
CHQ_1_01965	CDS	1416	mdtD_2			Putative multidrug resistance protein MdtD
CHQ_1_01966	gene	1497	baeS			
CHQ_1_01966	CDS	1497	baeS	2.7.13.3	COG0642	Signal transduction histidine-protein kinase BaeS
CHQ_1_01967	gene	723	baeR			
CHQ_1_01967	CDS	723	baeR		COG0745	Transcriptional regulatory protein BaeR
CHQ_1_01968	gene	1362	rlhA_1			
CHQ_1_01968	CDS	1362	rlhA_1		COG0826	23S rRNA 5-hydroxycytidine synthase
CHQ_1_01969	gene	897	yegS			
CHQ_1_01969	CDS	897	yegS	2.7.1.-	COG1597	putative lipid kinase YegS
CHQ_1_01970	gene	774	oppF_1			
CHQ_1_01970	CDS	774	oppF_1		COG4608	Oligopeptide transport ATP-binding protein OppF
CHQ_1_01971	gene	864	oppD_2			
CHQ_1_01971	CDS	864	oppD_2		COG0444	Oligopeptide transport ATP-binding protein OppD
CHQ_1_01972	gene	906	ddpC_1			
CHQ_1_01972	CDS	906	ddpC_1		COG1173	putative D,D-dipeptide transport system permease protein DdpC
CHQ_1_01973	gene	1038	dppB_1			
CHQ_1_01973	CDS	1038	dppB_1		COG0601	Dipeptide transport system permease protein DppB
CHQ_1_01974	gene	1623	ddpA_1			
CHQ_1_01974	CDS	1623	ddpA_1		COG0747	putative D,D-dipeptide-binding periplasmic protein DdpA
CHQ_1_01975	gene	1155	gci			
CHQ_1_01975	CDS	1155	gci	5.5.1.27	COG4948	D-galactarolactone cycloisomerase
CHQ_1_01976	gene	663	hxpB_1			
CHQ_1_01976	CDS	663	hxpB_1	3.1.3.68	COG0637	Hexitol phosphatase B
CHQ_1_01977	gene	1278	csbX_1			
CHQ_1_01977	CDS	1278	csbX_1		COG0477	Alpha-ketoglutarate permease
CHQ_1_01978	gene	1464	xylB_1			
CHQ_1_01978	CDS	1464	xylB_1	2.7.1.17	COG1070	Xylulose kinase
CHQ_1_01979	gene	1368	mtlK			
CHQ_1_01979	CDS	1368	mtlK	1.1.1.67	COG0246	Mannitol 2-dehydrogenase
CHQ_1_01980	gene	942	eryD			
CHQ_1_01980	CDS	942	eryD		COG2390	Erythritol catabolism regulatory protein EryD
CHQ_1_01981	gene	1002	purR_1			
CHQ_1_01981	CDS	1002	purR_1			HTH-type transcriptional repressor PurR
CHQ_1_01982	gene	750	rbtD			
CHQ_1_01982	CDS	750	rbtD	1.1.1.56		Ribitol 2-dehydrogenase
CHQ_1_01983	gene	1608	araB_2			
CHQ_1_01983	CDS	1608	araB_2	2.7.1.16	COG1069	Ribulokinase
CHQ_1_01984	gene	1284	csbX_2			
CHQ_1_01984	CDS	1284	csbX_2		COG0477	Alpha-ketoglutarate permease
CHQ_1_01985	gene	1053	fbaB			
CHQ_1_01985	CDS	1053	fbaB	4.1.2.13	COG1830	Fructose-bisphosphate aldolase class 1
CHQ_1_01986	gene	801	thiD			
CHQ_1_01986	CDS	801	thiD	2.7.1.49	COG0351	Hydroxymethylpyrimidine/phosphomethylpyrimidine kinase
CHQ_1_01987	gene	774	thiM			
CHQ_1_01987	CDS	774	thiM	2.7.1.50	COG2145	Hydroxyethylthiazole kinase
CHQ_1_01988	gene	1977	yjcS_1			
CHQ_1_01988	CDS	1977	yjcS_1	3.1.6.-	COG2015	Putative alkyl/aryl-sulfatase YjcS
CHQ_1_01989	gene	636	iprA_2			
CHQ_1_01989	CDS	636	iprA_2			Inhibitor of hydrogen peroxide resistance
CHQ_1_01990	gene	1977	yjcS_2			
CHQ_1_01990	CDS	1977	yjcS_2	3.1.6.-	COG2015	Putative alkyl/aryl-sulfatase YjcS
CHQ_1_01991	gene	423				
CHQ_1_01991	CDS	423				hypothetical protein
CHQ_1_01992	gene	912	oxyR_2			
CHQ_1_01992	CDS	912	oxyR_2			Hydrogen peroxide-inducible genes activator
CHQ_1_01993	gene	1812	ade2			
CHQ_1_01993	CDS	1812	ade2	3.5.4.2	COG1001	Adenine deaminase 2
CHQ_1_01994	gene	1344	adeQ			
CHQ_1_01994	CDS	1344	adeQ		COG2252	Adenine permease AdeQ
CHQ_1_01995	gene	900	dmlR_8			
CHQ_1_01995	CDS	900	dmlR_8			HTH-type transcriptional regulator DmlR
CHQ_1_01996	gene	318	rcnB			
CHQ_1_01996	CDS	318	rcnB		COG5455	Nickel/cobalt homeostasis protein RcnB
CHQ_1_01997	gene	357				
CHQ_1_01997	CDS	357				hypothetical protein
CHQ_1_01998	gene	1110	apbC			
CHQ_1_01998	CDS	1110	apbC		COG0489	Iron-sulfur cluster carrier protein
CHQ_1_01999	gene	2043	metG			
CHQ_1_01999	CDS	2043	metG	6.1.1.10	COG0073	Methionine--tRNA ligase
CHQ_1_02000	gene	471				
CHQ_1_02000	CDS	471				hypothetical protein
CHQ_1_02001	gene	720	btsR			
CHQ_1_02001	CDS	720	btsR		COG3279	Transcriptional regulatory protein BtsR
CHQ_1_02002	gene	1689	btsS			
CHQ_1_02002	CDS	1689	btsS	2.7.13.3	COG3275	Sensor histidine kinase BtsS
CHQ_1_02003	gene	114				
CHQ_1_02003	CDS	114				hypothetical protein
CHQ_1_02004	gene	738	yehW			
CHQ_1_02004	CDS	738	yehW		COG1174	Glycine betaine uptake system permease protein YehW
CHQ_1_02005	gene	948	yehX			
CHQ_1_02005	CDS	948	yehX	3.6.3.-	COG1125	Glycine betaine uptake system ATP-binding protein YehX
CHQ_1_02006	gene	1158	yehY			
CHQ_1_02006	CDS	1158	yehY		COG1174	Glycine betaine uptake system permease protein YehY
CHQ_1_02007	gene	918	yehZ			
CHQ_1_02007	CDS	918	yehZ		COG1732	Glycine betaine-binding protein YehZ
CHQ_1_02008	gene	2298				
CHQ_1_02008	CDS	2298		3.2.1.-		Beta-xylosidase
CHQ_1_02009	gene	1746	dld			
CHQ_1_02009	CDS	1746	dld	1.1.5.12	COG0277	Quinone-dependent D-lactate dehydrogenase
CHQ_1_02010	gene	555	pat_1			
CHQ_1_02010	CDS	555	pat_1	2.3.1.183	COG1247	Phosphinothricin N-acetyltransferase
CHQ_1_02011	gene	951	pbpG			
CHQ_1_02011	CDS	951	pbpG	3.4.21.-	COG1686	D-alanyl-D-alanine endopeptidase
CHQ_1_02012	gene	588	yohC			
CHQ_1_02012	CDS	588	yohC			Inner membrane protein YohC
CHQ_1_02013	gene	570	yohD			
CHQ_1_02013	CDS	570	yohD		COG0586	Inner membrane protein YohD
CHQ_1_02014	gene	1440	cusC_2			
CHQ_1_02014	CDS	1440	cusC_2		COG1538	Cation efflux system protein CusC
CHQ_1_02015	gene	735	tam_2			
CHQ_1_02015	CDS	735	tam_2	2.1.1.144		Trans-aconitate 2-methyltransferase
CHQ_1_02016	gene	1395	bglB			
CHQ_1_02016	CDS	1395	bglB	3.2.1.86	COG2723	6-phospho-beta-glucosidase BglB
CHQ_1_02017	gene	1860	bglF_3			
CHQ_1_02017	CDS	1860	bglF_3		COG1263	PTS system beta-glucoside-specific EIIBCA component
CHQ_1_02018	gene	834	bglG			
CHQ_1_02018	CDS	834	bglG		COG3711	Cryptic beta-glucoside bgl operon antiterminator
CHQ_1_02019	gene	1365	oprB			
CHQ_1_02019	CDS	1365	oprB		COG3659	Porin B
CHQ_1_02020	gene	933	dusC			
CHQ_1_02020	CDS	933	dusC	1.3.1.-	COG0042	tRNA-dihydrouridine(16) synthase
CHQ_1_02021	gene	405				
CHQ_1_02021	CDS	405				hypothetical protein
CHQ_1_02022	gene	696	yohK_2			
CHQ_1_02022	CDS	696	yohK_2		COG1346	Inner membrane protein YohK
CHQ_1_02023	gene	885	cdd			
CHQ_1_02023	CDS	885	cdd	3.5.4.5	COG0295	Cytidine deaminase
CHQ_1_02024	gene	717				
CHQ_1_02024	CDS	717				hypothetical protein
CHQ_1_02025	gene	1011	mglC			
CHQ_1_02025	CDS	1011	mglC		COG4211	Galactoside transport system permease protein MglC
CHQ_1_02026	gene	1521	mglA_1			
CHQ_1_02026	CDS	1521	mglA_1	7.5.2.11	COG1129	Galactose/methyl galactoside import ATP-binding protein MglA
CHQ_1_02027	gene	999	mglB			
CHQ_1_02027	CDS	999	mglB		COG1879	D-galactose-binding periplasmic protein
CHQ_1_02028	gene	1023	galS			
CHQ_1_02028	CDS	1023	galS		COG1609	HTH-type transcriptional regulator GalS
CHQ_1_02029	gene	1158				
CHQ_1_02029	CDS	1158				hypothetical protein
CHQ_1_02030	gene	669	folE			
CHQ_1_02030	CDS	669	folE	3.5.4.16	COG0302	GTP cyclohydrolase 1
CHQ_1_02031	gene	834	yeiG			
CHQ_1_02031	CDS	834	yeiG	3.1.2.12	COG0627	S-formylglutathione hydrolase YeiG
CHQ_1_02032	gene	1974	cirA			
CHQ_1_02032	CDS	1974	cirA		COG4771	Colicin I receptor
CHQ_1_02033	gene	1470	lysP			
CHQ_1_02033	CDS	1470	lysP		COG0833	Lysine-specific permease
CHQ_1_02034	gene	867	cmpR_1			
CHQ_1_02034	CDS	867	cmpR_1			HTH-type transcriptional activator CmpR
CHQ_1_02035	gene	1050				
CHQ_1_02035	CDS	1050				hypothetical protein
CHQ_1_02036	gene	855	nfo			
CHQ_1_02036	CDS	855	nfo	3.1.21.2	COG0648	Endonuclease 4
CHQ_1_02037	gene	1695	fruA_2			
CHQ_1_02037	CDS	1695	fruA_2		COG1299	PTS system fructose-specific EIIB'BC component
CHQ_1_02038	gene	939	lacC_2			
CHQ_1_02038	CDS	939	lacC_2	2.7.1.144		Tagatose-6-phosphate kinase
CHQ_1_02039	gene	1131	fruB_2			
CHQ_1_02039	CDS	1131	fruB_2		COG1925	Multiphosphoryl transfer protein
CHQ_1_02040	gene	1182	setB			
CHQ_1_02040	CDS	1182	setB			Sugar efflux transporter B
CHQ_1_02041	gene	1137	yiaV_1			
CHQ_1_02041	CDS	1137	yiaV_1		COG1566	Inner membrane protein YiaV
CHQ_1_02042	gene	345	yiaW_1			
CHQ_1_02042	CDS	345	yiaW_1			Inner membrane protein YiaW
CHQ_1_02043	gene	933	pgrR_2			
CHQ_1_02043	CDS	933	pgrR_2			HTH-type transcriptional regulator PgrR
CHQ_1_02044	gene	255				
CHQ_1_02044	CDS	255				hypothetical protein
CHQ_1_02045	gene	573	yeiP			
CHQ_1_02045	CDS	573	yeiP		COG0231	Elongation factor P-like protein
CHQ_1_02046	gene	1332	uxuA_2			
CHQ_1_02046	CDS	1332	uxuA_2	4.2.1.8	COG1312	Mannonate dehydratase
CHQ_1_02047	gene	1467	por_2			
CHQ_1_02047	CDS	1467	por_2	1.1.1.-	COG0246	Polyol:NADP oxidoreductase
CHQ_1_02048	gene	978	yeiR			
CHQ_1_02048	CDS	978	yeiR	3.6.-.-	COG0523	Zinc-binding GTPase YeiR
CHQ_1_02049	gene	705	lpxT			
CHQ_1_02049	CDS	705	lpxT	2.7.4.29	COG0671	Lipid A 1-diphosphate synthase
CHQ_1_02050	gene	390	mepS_2			
CHQ_1_02050	CDS	390	mepS_2	3.4.-.-	COG0791	Murein DD-endopeptidase MepS/Murein LD-carboxypeptidase
CHQ_1_02051	gene	1563	pdeN			
CHQ_1_02051	CDS	1563	pdeN	3.1.4.52	COG2200	putative cyclic di-GMP phosphodiesterase PdeN
CHQ_1_02052	gene	1806				
CHQ_1_02052	CDS	1806				hypothetical protein
CHQ_1_02053	gene	1095	yejB			
CHQ_1_02053	CDS	1095	yejB		COG4174	Inner membrane ABC transporter permease protein YejB
CHQ_1_02054	gene	1026	yejE			
CHQ_1_02054	CDS	1026	yejE		COG4239	Inner membrane ABC transporter permease protein YejE
CHQ_1_02055	gene	1590	yejF			
CHQ_1_02055	CDS	1590	yejF		COG4172	putative ABC transporter ATP-binding protein YejF
CHQ_1_02056	gene	345	yejG			
CHQ_1_02056	CDS	345	yejG			putative protein YejG
CHQ_1_02057	gene	1197	bcr_1			
CHQ_1_02057	CDS	1197	bcr_1			Bicyclomycin resistance protein
CHQ_1_02058	gene	720	rsuA			
CHQ_1_02058	CDS	720	rsuA	5.4.99.19	COG1187	Ribosomal small subunit pseudouridine synthase A
CHQ_1_02059	gene	1758	radD			
CHQ_1_02059	CDS	1758	radD	3.6.4.12	COG1061	Putative DNA repair helicase RadD
CHQ_1_02060	gene	285	rplY			
CHQ_1_02060	CDS	285	rplY		COG1825	50S ribosomal protein L25
CHQ_1_02061	gene	888				
CHQ_1_02061	CDS	888				hypothetical protein
CHQ_1_02062	gene	1287				
CHQ_1_02062	CDS	1287				hypothetical protein
CHQ_1_02063	gene	597	nudK_1			
CHQ_1_02063	CDS	597	nudK_1	3.6.1.-		GDP-mannose pyrophosphatase NudK
CHQ_1_02064	gene	768	glcR_1			
CHQ_1_02064	CDS	768	glcR_1		COG1349	HTH-type transcriptional repressor GlcR
CHQ_1_02065	gene	1008	yejK			
CHQ_1_02065	CDS	1008	yejK		COG3081	Nucleoid-associated protein YejK
CHQ_1_02066	gene	228				
CHQ_1_02066	CDS	228				hypothetical protein
CHQ_1_02067	gene	1761	yejM			
CHQ_1_02067	CDS	1761	yejM		COG3083	Inner membrane protein YejM
CHQ_1_02068	gene	77				
CHQ_1_02068	tRNA	77				tRNA-Pro(ggg)
CHQ_1_02069	gene	1110				
CHQ_1_02069	CDS	1110			COG0628	Putative transport protein
CHQ_1_02070	gene	492	eco			
CHQ_1_02070	CDS	492	eco		COG4574	Ecotin
CHQ_1_02071	gene	1635	mqo_2			
CHQ_1_02071	CDS	1635	mqo_2	1.1.5.4	COG0579	Malate:quinone oxidoreductase
CHQ_1_02072	gene	1239				
CHQ_1_02072	CDS	1239				hypothetical protein
CHQ_1_02073	gene	1437				
CHQ_1_02073	CDS	1437			COG2239	Magnesium transporter MgtE
CHQ_1_02074	gene	1644	yojI			
CHQ_1_02074	CDS	1644	yojI		COG4615	ABC transporter ATP-binding/permease protein YojI
CHQ_1_02075	gene	654	alkB			
CHQ_1_02075	CDS	654	alkB	1.14.11.33	COG3145	Alpha-ketoglutarate-dependent dioxygenase AlkB
CHQ_1_02076	gene	1065	ada			
CHQ_1_02076	CDS	1065	ada		COG0350	Bifunctional transcriptional activator/DNA repair enzyme Ada
CHQ_1_02077	gene	1053	apbE_2			
CHQ_1_02077	CDS	1053	apbE_2	2.7.1.180	COG1477	FAD:protein FMN transferase
CHQ_1_02078	gene	1092	ompC			
CHQ_1_02078	CDS	1092	ompC			Outer membrane porin C
CHQ_1_02079	gene	2658	rcsD			
CHQ_1_02079	CDS	2658	rcsD	2.7.2.-	COG2198	Phosphotransferase RcsD
CHQ_1_02080	gene	651	rcsB			
CHQ_1_02080	CDS	651	rcsB		COG2197	Transcriptional regulatory protein RcsB
CHQ_1_02081	gene	2841	rcsC_3			
CHQ_1_02081	CDS	2841	rcsC_3	2.7.13.3		Sensor histidine kinase RcsC
CHQ_1_02082	gene	2634	gyrA			
CHQ_1_02082	CDS	2634	gyrA	5.6.2.2	COG0188	DNA gyrase subunit A
CHQ_1_02083	gene	729	ubiG			
CHQ_1_02083	CDS	729	ubiG	2.1.1.222	COG2227	Ubiquinone biosynthesis O-methyltransferase
CHQ_1_02084	gene	2286	nrdA			
CHQ_1_02084	CDS	2286	nrdA	1.17.4.1	COG0209	Ribonucleoside-diphosphate reductase 1 subunit alpha
CHQ_1_02085	gene	1131	nrdB			
CHQ_1_02085	CDS	1131	nrdB	1.17.4.1	COG0208	Ribonucleoside-diphosphate reductase 1 subunit beta
CHQ_1_02086	gene	255				
CHQ_1_02086	CDS	255				hypothetical protein
CHQ_1_02087	gene	1071	glpQ			
CHQ_1_02087	CDS	1071	glpQ	3.1.4.46	COG0584	Glycerophosphodiester phosphodiesterase, periplasmic
CHQ_1_02088	gene	1347	glpT_1			
CHQ_1_02088	CDS	1347	glpT_1		COG2271	Glycerol-3-phosphate transporter
CHQ_1_02089	gene	1623	glpA			
CHQ_1_02089	CDS	1623	glpA	1.1.5.3	COG0578	Anaerobic glycerol-3-phosphate dehydrogenase subunit A
CHQ_1_02090	gene	1260	glpB			
CHQ_1_02090	CDS	1260	glpB	1.1.5.3	COG3075	Anaerobic glycerol-3-phosphate dehydrogenase subunit B
CHQ_1_02091	gene	1179	glpC			
CHQ_1_02091	CDS	1179	glpC		COG0247	Anaerobic glycerol-3-phosphate dehydrogenase subunit C
CHQ_1_02092	gene	804	rhmA			
CHQ_1_02092	CDS	804	rhmA	4.1.2.53	COG3836	2-keto-3-deoxy-L-rhamnonate aldolase
CHQ_1_02093	gene	1293	rhmT			
CHQ_1_02093	CDS	1293	rhmT			Inner membrane transport protein RhmT
CHQ_1_02094	gene	1206	rhmD			
CHQ_1_02094	CDS	1206	rhmD	4.2.1.90	COG4948	L-rhamnonate dehydratase
CHQ_1_02095	gene	786	rhmR			
CHQ_1_02095	CDS	786	rhmR		COG1414	putative HTH-type transcriptional regulator RhmR
CHQ_1_02096	gene	1197	cinA			
CHQ_1_02096	CDS	1197	cinA			Putative competence-damage inducible protein
CHQ_1_02097	gene	543				
CHQ_1_02097	CDS	543				hypothetical protein
CHQ_1_02098	gene	942				
CHQ_1_02098	CDS	942				ISNCY family transposase ISRor2
CHQ_1_02099	gene	426	nudI			
CHQ_1_02099	CDS	426	nudI	3.6.1.9	COG0494	Nucleoside triphosphatase NudI
CHQ_1_02100	gene	1407	sasA_3			
CHQ_1_02100	CDS	1407	sasA_3	2.7.-.-		Adaptive-response sensory-kinase SasA
CHQ_1_02101	gene	678	tctD			
CHQ_1_02101	CDS	678	tctD		COG0745	Transcriptional regulatory protein tctD
CHQ_1_02102	gene	981				
CHQ_1_02102	CDS	981				hypothetical protein
CHQ_1_02103	gene	432				
CHQ_1_02103	CDS	432				hypothetical protein
CHQ_1_02104	gene	1518				
CHQ_1_02104	CDS	1518				hypothetical protein
CHQ_1_02105	gene	1362	menE			
CHQ_1_02105	CDS	1362	menE	6.2.1.26	COG0318	2-succinylbenzoate--CoA ligase
CHQ_1_02106	gene	966	menC			
CHQ_1_02106	CDS	966	menC	4.2.1.113	COG1441	o-succinylbenzoate synthase
CHQ_1_02107	gene	858	menB			
CHQ_1_02107	CDS	858	menB	4.1.3.36	COG0447	1,4-dihydroxy-2-naphthoyl-CoA synthase
CHQ_1_02108	gene	759	menH_4			
CHQ_1_02108	CDS	759	menH_4	4.2.99.20	COG0596	2-succinyl-6-hydroxy-2,4-cyclohexadiene-1-carboxylate synthase
CHQ_1_02109	gene	1671	menD			
CHQ_1_02109	CDS	1671	menD	2.2.1.9	COG1165	2-succinyl-5-enolpyruvyl-6-hydroxy-3-cyclohexene-1-carboxylate synthase
CHQ_1_02110	gene	1320	menF			
CHQ_1_02110	CDS	1320	menF	5.4.4.2	COG1169	Isochorismate synthase MenF
CHQ_1_02111	gene	459	elaA			
CHQ_1_02111	CDS	459	elaA		COG2153	Protein ElaA
CHQ_1_02112	gene	921	rbn_2			
CHQ_1_02112	CDS	921	rbn_2	3.1.-.-	COG1234	Ribonuclease BN
CHQ_1_02113	gene	1458	nuoN			
CHQ_1_02113	CDS	1458	nuoN	7.1.1.-	COG1007	NADH-quinone oxidoreductase subunit N
CHQ_1_02114	gene	1530	nuoM			
CHQ_1_02114	CDS	1530	nuoM	7.1.1.-	COG1008	NADH-quinone oxidoreductase subunit M
CHQ_1_02115	gene	1842	nuoL			
CHQ_1_02115	CDS	1842	nuoL	7.1.1.-	COG1009	NADH-quinone oxidoreductase subunit L
CHQ_1_02116	gene	303	nuoK			
CHQ_1_02116	CDS	303	nuoK	7.1.1.-	COG0713	NADH-quinone oxidoreductase subunit K
CHQ_1_02117	gene	555	nuoJ			
CHQ_1_02117	CDS	555	nuoJ	7.1.1.-	COG0839	NADH-quinone oxidoreductase subunit J
CHQ_1_02118	gene	543	nuoI			
CHQ_1_02118	CDS	543	nuoI	7.1.1.-	COG1143	NADH-quinone oxidoreductase subunit I
CHQ_1_02119	gene	978	nuoH			
CHQ_1_02119	CDS	978	nuoH	7.1.1.-	COG1005	NADH-quinone oxidoreductase subunit H
CHQ_1_02120	gene	2727	nuoG			
CHQ_1_02120	CDS	2727	nuoG	7.1.1.-	COG1034	NADH-quinone oxidoreductase subunit G
CHQ_1_02121	gene	1338	nuoF			
CHQ_1_02121	CDS	1338	nuoF	7.1.1.-	COG1894	NADH-quinone oxidoreductase subunit F
CHQ_1_02122	gene	501	nuoE			
CHQ_1_02122	CDS	501	nuoE	7.1.1.-	COG1905	NADH-quinone oxidoreductase subunit E
CHQ_1_02123	gene	1809	nuoC			
CHQ_1_02123	CDS	1809	nuoC	7.1.1.-	COG0649	NADH-quinone oxidoreductase subunit C/D
CHQ_1_02124	gene	675	nuoB			
CHQ_1_02124	CDS	675	nuoB	7.1.1.-	COG0377	NADH-quinone oxidoreductase subunit B
CHQ_1_02125	gene	447	ndhC			
CHQ_1_02125	CDS	447	ndhC	7.1.1.-		NAD(P)H-quinone oxidoreductase subunit 3
CHQ_1_02126	gene	927	cmpR_2			
CHQ_1_02126	CDS	927	cmpR_2		COG0583	HTH-type transcriptional activator CmpR
CHQ_1_02127	gene	1218	alaA			
CHQ_1_02127	CDS	1218	alaA	2.6.1.2	COG0436	Glutamate-pyruvate aminotransferase AlaA
CHQ_1_02128	gene	600	yfbR			
CHQ_1_02128	CDS	600	yfbR	3.1.3.89	COG1896	5'-deoxynucleotidase YfbR
CHQ_1_02129	gene	1833				
CHQ_1_02129	CDS	1833				hypothetical protein
CHQ_1_02130	gene	660	hxpA			
CHQ_1_02130	CDS	660	hxpA	3.1.3.22	COG0637	Hexitol phosphatase A
CHQ_1_02131	gene	495				
CHQ_1_02131	CDS	495				hypothetical protein
CHQ_1_02132	gene	456				
CHQ_1_02132	CDS	456				hypothetical protein
CHQ_1_02133	gene	1203	ackA			
CHQ_1_02133	CDS	1203	ackA	2.7.2.1	COG0282	Acetate kinase
CHQ_1_02134	gene	2148	pta			
CHQ_1_02134	CDS	2148	pta	2.3.1.8	COG0280	Phosphate acetyltransferase
CHQ_1_02135	gene	552	yfcD			
CHQ_1_02135	CDS	552	yfcD	3.6.-.-		putative Nudix hydrolase YfcD
CHQ_1_02136	gene	552	yfcE			
CHQ_1_02136	CDS	552	yfcE	3.1.4.-	COG0622	Phosphodiesterase YfcE
CHQ_1_02137	gene	645	yfcF			
CHQ_1_02137	CDS	645	yfcF	2.5.1.18	COG0625	Glutathione S-transferase YfcF
CHQ_1_02138	gene	630	yfcG			
CHQ_1_02138	CDS	630	yfcG	1.8.4.-	COG0625	Disulfide-bond oxidoreductase YfcG
CHQ_1_02139	gene	363	folX			
CHQ_1_02139	CDS	363	folX	5.1.99.7	COG1539	Dihydroneopterin triphosphate 2'-epimerase
CHQ_1_02140	gene	894				
CHQ_1_02140	CDS	894				Epimerase family protein
CHQ_1_02141	gene	528				
CHQ_1_02141	CDS	528				hypothetical protein
CHQ_1_02142	gene	774	hisP			
CHQ_1_02142	CDS	774	hisP		COG4598	Histidine transport ATP-binding protein HisP
CHQ_1_02143	gene	717	hisM			
CHQ_1_02143	CDS	717	hisM		COG4160	Histidine transport system permease protein HisM
CHQ_1_02144	gene	687	hisQ_1			
CHQ_1_02144	CDS	687	hisQ_1		COG4215	Histidine transport system permease protein HisQ
CHQ_1_02145	gene	783	hisJ_1			
CHQ_1_02145	CDS	783	hisJ_1		COG0834	Histidine-binding periplasmic protein
CHQ_1_02146	gene	783	argT_1			
CHQ_1_02146	CDS	783	argT_1		COG0834	Lysine/arginine/ornithine-binding periplasmic protein
CHQ_1_02147	gene	585	ubiX			
CHQ_1_02147	CDS	585	ubiX	2.5.1.129	COG0163	Flavin prenyltransferase UbiX
CHQ_1_02148	gene	1518	purF			
CHQ_1_02148	CDS	1518	purF	2.4.2.14	COG0034	Amidophosphoribosyltransferase
CHQ_1_02149	gene	489	cvpA			
CHQ_1_02149	CDS	489	cvpA		COG1286	Colicin V production protein
CHQ_1_02150	gene	687	dedD			
CHQ_1_02150	CDS	687	dedD			Cell division protein DedD
CHQ_1_02151	gene	1269	folC			
CHQ_1_02151	CDS	1269	folC	6.3.2.12	COG0285	Dihydrofolate synthase/folylpolyglutamate synthase
CHQ_1_02152	gene	984	accD			
CHQ_1_02152	CDS	984	accD	2.1.3.15	COG0777	Acetyl-coenzyme A carboxylase carboxyl transferase subunit beta
CHQ_1_02153	gene	660	dedA			
CHQ_1_02153	CDS	660	dedA		COG0586	Protein DedA
CHQ_1_02154	gene	813	truA			
CHQ_1_02154	CDS	813	truA	5.4.99.12	COG0101	tRNA pseudouridine synthase A
CHQ_1_02155	gene	1014	usg			
CHQ_1_02155	CDS	1014	usg		COG0136	USG-1 protein
CHQ_1_02156	gene	1137	pdxB			
CHQ_1_02156	CDS	1137	pdxB	1.1.1.290	COG0111	Erythronate-4-phosphate dehydrogenase
CHQ_1_02157	gene	978	flk			
CHQ_1_02157	CDS	978	flk			Flagellar regulator flk
CHQ_1_02158	gene	1176	yfcJ_2			
CHQ_1_02158	CDS	1176	yfcJ_2			putative MFS-type transporter YfcJ
CHQ_1_02159	gene	1221	fabB			
CHQ_1_02159	CDS	1221	fabB	2.3.1.41	COG0304	3-oxoacyl-[acyl-carrier-protein] synthase 1
CHQ_1_02160	gene	1989	mnmC			
CHQ_1_02160	CDS	1989	mnmC		COG0665	tRNA 5-methylaminomethyl-2-thiouridine biosynthesis bifunctional protein MnmC
CHQ_1_02161	gene	282				
CHQ_1_02161	CDS	282				hypothetical protein
CHQ_1_02162	gene	549	epmC			
CHQ_1_02162	CDS	549	epmC	1.14.-.-	COG3101	Elongation factor P hydroxylase
CHQ_1_02163	gene	810	yfcA			
CHQ_1_02163	CDS	810	yfcA		COG0730	putative membrane transporter protein YfcA
CHQ_1_02164	gene	825	mepA			
CHQ_1_02164	CDS	825	mepA	3.4.24.-	COG3770	Penicillin-insensitive murein endopeptidase
CHQ_1_02165	gene	1086	aroC			
CHQ_1_02165	CDS	1086	aroC	4.2.3.5	COG0082	Chorismate synthase
CHQ_1_02166	gene	1005	prmB			
CHQ_1_02166	CDS	1005	prmB	2.1.1.298	COG2890	50S ribosomal protein L3 glutamine methyltransferase
CHQ_1_02167	gene	552	mutS2			
CHQ_1_02167	CDS	552	mutS2	3.1.-.-		Endonuclease MutS2
CHQ_1_02168	gene	387	sixA			
CHQ_1_02168	CDS	387	sixA	3.1.3.-	COG2062	Phosphohistidine phosphatase SixA
CHQ_1_02169	gene	2145	fadJ			
CHQ_1_02169	CDS	2145	fadJ		COG1024	Fatty acid oxidation complex subunit alpha
CHQ_1_02170	gene	1311	fadI			
CHQ_1_02170	CDS	1311	fadI	2.3.1.16	COG0183	3-ketoacyl-CoA thiolase FadI
CHQ_1_02171	gene	285				
CHQ_1_02171	CDS	285				hypothetical protein
CHQ_1_02172	gene	1323	fadL			
CHQ_1_02172	CDS	1323	fadL		COG2067	Long-chain fatty acid transport protein
CHQ_1_02173	gene	762	mlaA			
CHQ_1_02173	CDS	762	mlaA		COG2853	Intermembrane phospholipid transport system lipoprotein MlaA
CHQ_1_02174	gene	930	yfdC			
CHQ_1_02174	CDS	930	yfdC		COG2116	Inner membrane protein YfdC
CHQ_1_02175	gene	759				
CHQ_1_02175	CDS	759				hypothetical protein
CHQ_1_02176	gene	369				
CHQ_1_02176	CDS	369				hypothetical protein
CHQ_1_02177	gene	240				
CHQ_1_02177	CDS	240				hypothetical protein
CHQ_1_02178	gene	426				
CHQ_1_02178	CDS	426				hypothetical protein
CHQ_1_02179	gene	843				
CHQ_1_02179	CDS	843				hypothetical protein
CHQ_1_02180	gene	264				
CHQ_1_02180	CDS	264				hypothetical protein
CHQ_1_02181	gene	789				
CHQ_1_02181	CDS	789				hypothetical protein
CHQ_1_02182	gene	1134	norW_2			
CHQ_1_02182	CDS	1134	norW_2	1.18.1.-	COG1251	Nitric oxide reductase FlRd-NAD(+) reductase
CHQ_1_02183	gene	1449	norV			
CHQ_1_02183	CDS	1449	norV		COG0426	Anaerobic nitric oxide reductase flavorubredoxin
CHQ_1_02184	gene	1551	norR_3			
CHQ_1_02184	CDS	1551	norR_3		COG3604	Anaerobic nitric oxide reductase transcription regulator NorR
CHQ_1_02185	gene	966	gutQ			
CHQ_1_02185	CDS	966	gutQ	5.3.1.13	COG0517	Arabinose 5-phosphate isomerase GutQ
CHQ_1_02186	gene	774	srlR_3			
CHQ_1_02186	CDS	774	srlR_3		COG1349	Glucitol operon repressor
CHQ_1_02187	gene	360				
CHQ_1_02187	CDS	360				hypothetical protein
CHQ_1_02188	gene	780	srlD			
CHQ_1_02188	CDS	780	srlD	1.1.1.140	COG1028	Sorbitol-6-phosphate 2-dehydrogenase
CHQ_1_02189	gene	363	srlB_1			
CHQ_1_02189	CDS	363	srlB_1		COG3731	PTS system glucitol/sorbitol-specific EIIA component
CHQ_1_02190	gene	981	srlE			
CHQ_1_02190	CDS	981	srlE	2.7.1.198	COG3732	PTS system glucitol/sorbitol-specific EIIB component
CHQ_1_02191	gene	564	srlA			
CHQ_1_02191	CDS	564	srlA		COG3730	PTS system glucitol/sorbitol-specific EIIC component
CHQ_1_02192	gene	1080	mltB			
CHQ_1_02192	CDS	1080	mltB	4.2.2.-	COG2951	Membrane-bound lytic murein transglycosylase B
CHQ_1_02193	gene	108				
CHQ_1_02193	CDS	108				hypothetical protein
CHQ_1_02194	gene	678	mntB_4			
CHQ_1_02194	CDS	678	mntB_4		COG1121	Manganese transport system ATP-binding protein MntB
CHQ_1_02195	gene	864	mntB_5			
CHQ_1_02195	CDS	864	mntB_5			Manganese transport system membrane protein MntB
CHQ_1_02196	gene	879	mntA			
CHQ_1_02196	CDS	879	mntA		COG0803	Manganese-binding lipoprotein MntA
CHQ_1_02197	gene	498	pncC_2			
CHQ_1_02197	CDS	498	pncC_2	3.5.1.42	COG1546	Nicotinamide-nucleotide amidohydrolase PncC
CHQ_1_02198	gene	1059	recA			
CHQ_1_02198	CDS	1059	recA		COG0468	Protein RecA
CHQ_1_02199	gene	501	recX			
CHQ_1_02199	CDS	501	recX		COG2137	Regulatory protein RecX
CHQ_1_02200	gene	2628	alaS			
CHQ_1_02200	CDS	2628	alaS	6.1.1.7	COG0013	Alanine--tRNA ligase
CHQ_1_02201	gene	186	csrA			
CHQ_1_02201	CDS	186	csrA		COG1551	Carbon storage regulator
CHQ_1_02202	gene	93				
CHQ_1_02202	tRNA	93				tRNA-Ser(gct)
CHQ_1_02203	gene	77				
CHQ_1_02203	tRNA	77				tRNA-Arg(acg)
CHQ_1_02204	gene	77				
CHQ_1_02204	tRNA	77				tRNA-Arg(acg)
CHQ_1_02205	gene	77				
CHQ_1_02205	tRNA	77				tRNA-Arg(acg)
CHQ_1_02206	gene	77				
CHQ_1_02206	tRNA	77				tRNA-Arg(acg)
CHQ_1_02207	gene	315	osmY_3			
CHQ_1_02207	CDS	315	osmY_3		COG2823	Osmotically-inducible protein Y
CHQ_1_02208	gene	567	yqaB			
CHQ_1_02208	CDS	567	yqaB	3.1.3.-	COG0637	Fructose-1-phosphate phosphatase YqaB
CHQ_1_02209	gene	429	yqaA			
CHQ_1_02209	CDS	429	yqaA		COG1238	Inner membrane protein YqaA
CHQ_1_02210	gene	1557	gshA			
CHQ_1_02210	CDS	1557	gshA	6.3.2.2	COG2918	Glutamate--cysteine ligase
CHQ_1_02211	gene	516	luxS			
CHQ_1_02211	CDS	516	luxS	4.4.1.21	COG1854	S-ribosylhomocysteine lyase
CHQ_1_02212	gene	768	nimR_1			
CHQ_1_02212	CDS	768	nimR_1			HTH-type transcriptional regulator NimR
CHQ_1_02213	gene	1677	leuA_2			
CHQ_1_02213	CDS	1677	leuA_2	2.3.3.13	COG0119	2-isopropylmalate synthase
CHQ_1_02214	gene	1539	emrB_2			
CHQ_1_02214	CDS	1539	emrB_2			Multidrug export protein EmrB
CHQ_1_02215	gene	1173	emrA_2			
CHQ_1_02215	CDS	1173	emrA_2		COG1566	Multidrug export protein EmrA
CHQ_1_02216	gene	531	mprA			
CHQ_1_02216	CDS	531	mprA		COG1846	Transcriptional repressor MprA
CHQ_1_02217	gene	336				
CHQ_1_02217	CDS	336				hypothetical protein
CHQ_1_02218	gene	747	ygaZ_2			
CHQ_1_02218	CDS	747	ygaZ_2		COG1296	Inner membrane protein YgaZ
CHQ_1_02219	gene	999	proX			
CHQ_1_02219	CDS	999	proX		COG2113	Glycine betaine/proline betaine-binding periplasmic protein
CHQ_1_02220	gene	1068	proW			
CHQ_1_02220	CDS	1068	proW		COG4176	Glycine betaine/proline betaine transport system permease protein ProW
CHQ_1_02221	gene	1203	proV			
CHQ_1_02221	CDS	1203	proV		COG4175	Glycine betaine/proline betaine transport system ATP-binding protein ProV
CHQ_1_02222	gene	963	nrdF			
CHQ_1_02222	CDS	963	nrdF	1.17.4.1	COG0208	Ribonucleoside-diphosphate reductase 2 subunit beta
CHQ_1_02223	gene	2142	nrdE			
CHQ_1_02223	CDS	2142	nrdE	1.17.4.1	COG0209	Ribonucleoside-diphosphate reductase 2 subunit alpha
CHQ_1_02224	gene	411	nrdI			
CHQ_1_02224	CDS	411	nrdI		COG1780	Protein NrdI
CHQ_1_02225	gene	246	nrdH			
CHQ_1_02225	CDS	246	nrdH		COG0695	Glutaredoxin-like protein NrdH
CHQ_1_02226	gene	432				
CHQ_1_02226	CDS	432				hypothetical protein
CHQ_1_02227	gene	1374	gabR_1			
CHQ_1_02227	CDS	1374	gabR_1		COG1167	HTH-type transcriptional regulatory protein GabR
CHQ_1_02228	gene	348	ygaM			
CHQ_1_02228	CDS	348	ygaM		COG4575	putative protein YgaM
CHQ_1_02229	gene	363				
CHQ_1_02229	CDS	363				hypothetical protein
CHQ_1_02230	gene	450	alaE			
CHQ_1_02230	CDS	450	alaE			L-alanine exporter AlaE
CHQ_1_02231	gene	402	stpA			
CHQ_1_02231	CDS	402	stpA		COG2916	DNA-binding protein StpA
CHQ_1_02232	gene	180				
CHQ_1_02232	CDS	180				hypothetical protein
CHQ_1_02233	gene	903				
CHQ_1_02233	CDS	903				hypothetical protein
CHQ_1_02234	gene	531	ygaP			
CHQ_1_02234	CDS	531	ygaP		COG0607	Inner membrane protein YgaP
CHQ_1_02235	gene	300	ygaV			
CHQ_1_02235	CDS	300	ygaV		COG0640	putative HTH-type transcriptional regulator YgaV
CHQ_1_02236	gene	606	azoR_1			
CHQ_1_02236	CDS	606	azoR_1	1.7.1.17	COG1182	FMN-dependent NADH-azoreductase
CHQ_1_02237	gene	918	dmlR_9			
CHQ_1_02237	CDS	918	dmlR_9			HTH-type transcriptional regulator DmlR
CHQ_1_02238	gene	597	ybjG_1			
CHQ_1_02238	CDS	597	ybjG_1	3.6.1.27	COG0671	Putative undecaprenyl-diphosphatase YbjG
CHQ_1_02239	gene	1788	acoR			
CHQ_1_02239	CDS	1788	acoR		COG3284	Acetoin dehydrogenase operon transcriptional activator AcoR
CHQ_1_02240	gene	1521	adh			
CHQ_1_02240	CDS	1521	adh	1.2.1.3	COG1012	Aldehyde dehydrogenase
CHQ_1_02241	gene	585	fimA_1			
CHQ_1_02241	CDS	585	fimA_1			Type-1 fimbrial protein, A chain
CHQ_1_02242	gene	663	lpfB_2			
CHQ_1_02242	CDS	663	lpfB_2			putative fimbrial chaperone LpfB
CHQ_1_02243	gene	2556	fimD_3			
CHQ_1_02243	CDS	2556	fimD_3		COG3188	Outer membrane usher protein FimD
CHQ_1_02244	gene	1095				
CHQ_1_02244	CDS	1095				hypothetical protein
CHQ_1_02245	gene	690				
CHQ_1_02245	CDS	690				hypothetical protein
CHQ_1_02246	gene	552	fimA_2			
CHQ_1_02246	CDS	552	fimA_2			Type-1 fimbrial protein, A chain
CHQ_1_02247	gene	762	pheC			
CHQ_1_02247	CDS	762	pheC			Cyclohexadienyl dehydratase
CHQ_1_02248	gene	621				
CHQ_1_02248	CDS	621				hypothetical protein
CHQ_1_02249	gene	795	fabG_1			
CHQ_1_02249	CDS	795	fabG_1	1.1.1.100		3-oxoacyl-[acyl-carrier-protein] reductase FabG
CHQ_1_02250	gene	933	ghrA_1			
CHQ_1_02250	CDS	933	ghrA_1	1.1.1.79	COG0111	Glyoxylate/hydroxypyruvate reductase A
CHQ_1_02251	gene	729	cloR			
CHQ_1_02251	CDS	729	cloR	1.13.11.83		4-hydroxy-3-prenylphenylpyruvate oxygenase/4-hydroxy-3-prenylbenzoate synthase
CHQ_1_02252	gene	1521	btuD_4			
CHQ_1_02252	CDS	1521	btuD_4	7.6.2.8		Vitamin B12 import ATP-binding protein BtuD
CHQ_1_02253	gene	804	artJ_2			
CHQ_1_02253	CDS	804	artJ_2		COG0834	ABC transporter arginine-binding protein 1
CHQ_1_02254	gene	1068	vldW_2			
CHQ_1_02254	CDS	1068	vldW_2	1.14.11.52		Validamycin A dioxygenase
CHQ_1_02255	gene	864				
CHQ_1_02255	CDS	864				hypothetical protein
CHQ_1_02256	gene	951	gbuA			
CHQ_1_02256	CDS	951	gbuA	3.5.3.7	COG0010	Guanidinobutyrase
CHQ_1_02257	gene	912				
CHQ_1_02257	CDS	912				hypothetical protein
CHQ_1_02258	gene	480				
CHQ_1_02258	CDS	480				hypothetical protein
CHQ_1_02259	gene	3153	oqxB9			
CHQ_1_02259	CDS	3153	oqxB9			multidrug efflux RND transporter permease subunit OqxB9
CHQ_1_02260	gene	1176	bepF			
CHQ_1_02260	CDS	1176	bepF			Efflux pump periplasmic linker BepF
CHQ_1_02261	gene	357	rob_3			
CHQ_1_02261	CDS	357	rob_3		COG2207	Right origin-binding protein
CHQ_1_02262	gene	573				
CHQ_1_02262	CDS	573				hypothetical protein
CHQ_1_02263	gene	885	pgrR_3			
CHQ_1_02263	CDS	885	pgrR_3			HTH-type transcriptional regulator PgrR
CHQ_1_02264	gene	801				
CHQ_1_02264	CDS	801				hypothetical protein
CHQ_1_02265	gene	789	fabG_2			
CHQ_1_02265	CDS	789	fabG_2	1.1.1.100		3-oxoacyl-[acyl-carrier-protein] reductase FabG
CHQ_1_02266	gene	1206	bcr_2			
CHQ_1_02266	CDS	1206	bcr_2			Bicyclomycin resistance protein
CHQ_1_02267	gene	1527	ydaP			
CHQ_1_02267	CDS	1527	ydaP		COG0028	Putative thiamine pyrophosphate-containing protein YdaP
CHQ_1_02268	gene	774				
CHQ_1_02268	CDS	774				hypothetical protein
CHQ_1_02269	gene	1350	aroA_1			
CHQ_1_02269	CDS	1350	aroA_1	2.5.1.19	COG0128	3-phosphoshikimate 1-carboxyvinyltransferase
CHQ_1_02270	gene	576				
CHQ_1_02270	CDS	576				hypothetical protein
CHQ_1_02271	gene	1065				
CHQ_1_02271	CDS	1065				hypothetical protein
CHQ_1_02272	gene	90				
CHQ_1_02272	CDS	90				hypothetical protein
CHQ_1_02273	gene	858				
CHQ_1_02273	CDS	858				hypothetical protein
CHQ_1_02274	gene	690	hsrA_2			
CHQ_1_02274	CDS	690	hsrA_2			putative transport protein HsrA
CHQ_1_02275	gene	687				
CHQ_1_02275	CDS	687				hypothetical protein
CHQ_1_02276	gene	696	menH_5			
CHQ_1_02276	CDS	696	menH_5	4.2.99.20		2-succinyl-6-hydroxy-2,4-cyclohexadiene-1-carboxylate synthase
CHQ_1_02277	gene	216	intA_2			
CHQ_1_02277	CDS	216	intA_2		COG0582	Prophage integrase IntA
CHQ_1_02278	gene	624				
CHQ_1_02278	CDS	624				hypothetical protein
CHQ_1_02279	gene	1032	xerC_2			
CHQ_1_02279	CDS	1032	xerC_2			Tyrosine recombinase XerC
CHQ_1_02280	gene	405				
CHQ_1_02280	CDS	405				hypothetical protein
CHQ_1_02281	gene	198				
CHQ_1_02281	CDS	198				hypothetical protein
CHQ_1_02282	gene	510				
CHQ_1_02282	CDS	510				hypothetical protein
CHQ_1_02283	gene	339				
CHQ_1_02283	CDS	339				hypothetical protein
CHQ_1_02284	gene	234				
CHQ_1_02284	CDS	234				hypothetical protein
CHQ_1_02285	gene	228	ybiI_1			
CHQ_1_02285	CDS	228	ybiI_1		COG1734	putative protein YbiI
CHQ_1_02286	gene	888	dam_2			
CHQ_1_02286	CDS	888	dam_2	2.1.1.72	COG0338	DNA adenine methylase
CHQ_1_02287	gene	2409				
CHQ_1_02287	CDS	2409				hypothetical protein
CHQ_1_02288	gene	189				
CHQ_1_02288	CDS	189				hypothetical protein
CHQ_1_02289	gene	672				
CHQ_1_02289	CDS	672				hypothetical protein
CHQ_1_02290	gene	1041				
CHQ_1_02290	CDS	1041				hypothetical protein
CHQ_1_02291	gene	975				
CHQ_1_02291	CDS	975				hypothetical protein
CHQ_1_02292	gene	339				
CHQ_1_02292	CDS	339				hypothetical protein
CHQ_1_02293	gene	1053				
CHQ_1_02293	CDS	1053				hypothetical protein
CHQ_1_02294	gene	1713				
CHQ_1_02294	CDS	1713				hypothetical protein
CHQ_1_02295	gene	828				
CHQ_1_02295	CDS	828				hypothetical protein
CHQ_1_02296	gene	1149				
CHQ_1_02296	CDS	1149				hypothetical protein
CHQ_1_02297	gene	654				
CHQ_1_02297	CDS	654				hypothetical protein
CHQ_1_02298	gene	468				
CHQ_1_02298	CDS	468				hypothetical protein
CHQ_1_02299	gene	204				
CHQ_1_02299	CDS	204				hypothetical protein
CHQ_1_02300	gene	216				
CHQ_1_02300	CDS	216				hypothetical protein
CHQ_1_02301	gene	516				
CHQ_1_02301	CDS	516				hypothetical protein
CHQ_1_02302	gene	429				
CHQ_1_02302	CDS	429				hypothetical protein
CHQ_1_02303	gene	432				
CHQ_1_02303	CDS	432				hypothetical protein
CHQ_1_02304	gene	447				
CHQ_1_02304	CDS	447				hypothetical protein
CHQ_1_02305	gene	891				
CHQ_1_02305	CDS	891				hypothetical protein
CHQ_1_02306	gene	573				
CHQ_1_02306	CDS	573				hypothetical protein
CHQ_1_02307	gene	363				
CHQ_1_02307	CDS	363				hypothetical protein
CHQ_1_02308	gene	909				
CHQ_1_02308	CDS	909				hypothetical protein
CHQ_1_02309	gene	597				
CHQ_1_02309	CDS	597				hypothetical protein
CHQ_1_02310	gene	2325				
CHQ_1_02310	CDS	2325				hypothetical protein
CHQ_1_02311	gene	297				
CHQ_1_02311	CDS	297				hypothetical protein
CHQ_1_02312	gene	1191				
CHQ_1_02312	CDS	1191				hypothetical protein
CHQ_1_02313	gene	1173	gpFI_1			
CHQ_1_02313	CDS	1173	gpFI_1			Putative prophage major tail sheath protein
CHQ_1_02314	gene	516				
CHQ_1_02314	CDS	516				hypothetical protein
CHQ_1_02315	gene	300				
CHQ_1_02315	CDS	300				hypothetical protein
CHQ_1_02316	gene	2628				
CHQ_1_02316	CDS	2628				hypothetical protein
CHQ_1_02317	gene	486				
CHQ_1_02317	CDS	486				hypothetical protein
CHQ_1_02318	gene	1098				
CHQ_1_02318	CDS	1098				hypothetical protein
CHQ_1_02319	gene	219				
CHQ_1_02319	CDS	219				hypothetical protein
CHQ_1_02320	gene	372				
CHQ_1_02320	CDS	372				hypothetical protein
CHQ_1_02321	gene	363	ssrA			
CHQ_1_02321	tmRNA	363	ssrA			transfer-messenger RNA, SsrA
CHQ_1_02322	gene	483	smpB			
CHQ_1_02322	CDS	483	smpB		COG0691	SsrA-binding protein
CHQ_1_02323	gene	438	ratA			
CHQ_1_02323	CDS	438	ratA		COG2867	Ribosome association toxin RatA
CHQ_1_02324	gene	291				
CHQ_1_02324	CDS	291				hypothetical protein
CHQ_1_02325	gene	342	bamE			
CHQ_1_02325	CDS	342	bamE		COG2913	Outer membrane protein assembly factor BamE
CHQ_1_02326	gene	1662	recN			
CHQ_1_02326	CDS	1662	recN		COG0497	DNA repair protein RecN
CHQ_1_02327	gene	879	nadK			
CHQ_1_02327	CDS	879	nadK	2.7.1.23	COG0061	NAD kinase
CHQ_1_02328	gene	591	grpE			
CHQ_1_02328	CDS	591	grpE		COG0576	Protein GrpE
CHQ_1_02329	gene	1287				
CHQ_1_02329	CDS	1287				hypothetical protein
CHQ_1_02330	gene	792	ypjD			
CHQ_1_02330	CDS	792	ypjD		COG4137	Inner membrane protein YpjD
CHQ_1_02331	gene	1365	ffh			
CHQ_1_02331	CDS	1365	ffh		COG0541	Signal recognition particle protein
CHQ_1_02332	gene	249	rpsP			
CHQ_1_02332	CDS	249	rpsP		COG0228	30S ribosomal protein S16
CHQ_1_02333	gene	549	rimM			
CHQ_1_02333	CDS	549	rimM		COG0806	Ribosome maturation factor RimM
CHQ_1_02334	gene	768	trmD			
CHQ_1_02334	CDS	768	trmD	2.1.1.228	COG0336	tRNA (guanine-N(1)-)-methyltransferase
CHQ_1_02335	gene	348	rplS			
CHQ_1_02335	CDS	348	rplS		COG0335	50S ribosomal protein L19
CHQ_1_02336	gene	462				
CHQ_1_02336	CDS	462				hypothetical protein
CHQ_1_02337	gene	1359				
CHQ_1_02337	CDS	1359				hypothetical protein
CHQ_1_02338	gene	483	pal_1			
CHQ_1_02338	CDS	483	pal_1			Peptidoglycan-associated lipoprotein
CHQ_1_02339	gene	1224	dgcN			
CHQ_1_02339	CDS	1224	dgcN	2.7.7.65	COG2199	Diguanylate cyclase DgcN
CHQ_1_02340	gene	510				
CHQ_1_02340	CDS	510				hypothetical protein
CHQ_1_02341	gene	1071	aroF			
CHQ_1_02341	CDS	1071	aroF	2.5.1.54	COG0722	Phospho-2-dehydro-3-deoxyheptonate aldolase, Tyr-sensitive
CHQ_1_02342	gene	1122	tyrA			
CHQ_1_02342	CDS	1122	tyrA		COG0287	T-protein
CHQ_1_02343	gene	873				
CHQ_1_02343	CDS	873		3.1.1.99		6-deoxy-6-sulfogluconolactonase
CHQ_1_02344	gene	1161	pheA			
CHQ_1_02344	CDS	1161	pheA		COG0077	Bifunctional chorismate mutase/prephenate dehydratase
CHQ_1_02345	gene	378	raiA			
CHQ_1_02345	CDS	378	raiA		COG1544	Ribosome-associated inhibitor A
CHQ_1_02346	gene	738	bamD			
CHQ_1_02346	CDS	738	bamD		COG4105	Outer membrane protein assembly factor BamD
CHQ_1_02347	gene	981	rluD			
CHQ_1_02347	CDS	981	rluD	5.4.99.23	COG0564	Ribosomal large subunit pseudouridine synthase D
CHQ_1_02348	gene	732	yfiH			
CHQ_1_02348	CDS	732	yfiH	1.10.3.-	COG1496	Polyphenol oxidase
CHQ_1_02349	gene	2574	clpB			
CHQ_1_02349	CDS	2574	clpB		COG0542	Chaperone protein ClpB
CHQ_1_02350	gene	792	moaF			
CHQ_1_02350	CDS	792	moaF			Protein MoaF
CHQ_1_02351	gene	777	fabG_3			
CHQ_1_02351	CDS	777	fabG_3	1.1.1.100		3-oxoacyl-[acyl-carrier-protein] reductase FabG
CHQ_1_02352	gene	1734	atsA			
CHQ_1_02352	CDS	1734	atsA	3.1.6.1	COG3119	Arylsulfatase
CHQ_1_02353	gene	1188	atsB			
CHQ_1_02353	CDS	1188	atsB	1.1.99.-	COG0641	Anaerobic sulfatase-maturating enzyme
CHQ_1_02354	gene	684	malT_1			
CHQ_1_02354	CDS	684	malT_1			HTH-type transcriptional regulator MalT
CHQ_1_02355	gene	1173				
CHQ_1_02355	CDS	1173				hypothetical protein
CHQ_1_02356	gene	1116				
CHQ_1_02356	CDS	1116		3.5.1.-	COG0123	Histone deacetylase-like amidohydrolase
CHQ_1_02357	gene	594				
CHQ_1_02357	CDS	594				hypothetical protein
CHQ_1_02358	gene	1500	steT			
CHQ_1_02358	CDS	1500	steT		COG0531	Serine/threonine exchanger SteT
CHQ_1_02359	gene	366				
CHQ_1_02359	CDS	366				hypothetical protein
CHQ_1_02360	gene	1302	puuB_1			
CHQ_1_02360	CDS	1302	puuB_1	1.4.3.-		Gamma-glutamylputrescine oxidoreductase
CHQ_1_02361	gene	1485	feaB_1			
CHQ_1_02361	CDS	1485	feaB_1	1.2.1.39	COG1012	Phenylacetaldehyde dehydrogenase
CHQ_1_02362	gene	1083	yncE_1			
CHQ_1_02362	CDS	1083	yncE_1		COG3391	putative protein YncE
CHQ_1_02363	gene	2184	fcuA			
CHQ_1_02363	CDS	2184	fcuA			Ferrichrome receptor FcuA
CHQ_1_02364	gene	1377	pheP			
CHQ_1_02364	CDS	1377	pheP		COG1113	Phenylalanine-specific permease
CHQ_1_02365	gene	1242	yegT			
CHQ_1_02365	CDS	1242	yegT			Putative nucleoside transporter YegT
CHQ_1_02366	gene	1023	iolE_2			
CHQ_1_02366	CDS	1023	iolE_2	4.2.1.44		Inosose dehydratase
CHQ_1_02367	gene	1152	apsD			
CHQ_1_02367	CDS	1152	apsD	1.1.1.-		D-apiose dehydrogenase
CHQ_1_02368	gene	417				
CHQ_1_02368	CDS	417				hypothetical protein
CHQ_1_02369	gene	636				
CHQ_1_02369	CDS	636				hypothetical protein
CHQ_1_02370	gene	684	ecpE_1			
CHQ_1_02370	CDS	684	ecpE_1			putative fimbrial chaperone EcpE
CHQ_1_02371	gene	1620	ecpD_1			
CHQ_1_02371	CDS	1620	ecpD_1			Fimbria adhesin EcpD
CHQ_1_02372	gene	2538	ecpC_1			
CHQ_1_02372	CDS	2538	ecpC_1			putative outer membrane usher protein EcpC
CHQ_1_02373	gene	678	ecpB_1			
CHQ_1_02373	CDS	678	ecpB_1			putative fimbrial chaperone EcpB
CHQ_1_02374	gene	579	ecpA_1			
CHQ_1_02374	CDS	579	ecpA_1			Common pilus major fimbrillin subunit EcpA
CHQ_1_02375	gene	393				
CHQ_1_02375	CDS	393				hypothetical protein
CHQ_1_02376	gene	981	rbsR_1			
CHQ_1_02376	CDS	981	rbsR_1		COG1609	Ribose operon repressor
CHQ_1_02377	gene	1245	ybdG_1			
CHQ_1_02377	CDS	1245	ybdG_1		COG0668	Miniconductance mechanosensitive channel YbdG
CHQ_1_02378	gene	1428	jefA			
CHQ_1_02378	CDS	1428	jefA			Drug efflux pump JefA
CHQ_1_02379	gene	870				
CHQ_1_02379	CDS	870				hypothetical protein
CHQ_1_02380	gene	1035				
CHQ_1_02380	CDS	1035				hypothetical protein
CHQ_1_02381	gene	2730	norR_4			
CHQ_1_02381	CDS	2730	norR_4			Anaerobic nitric oxide reductase transcription regulator NorR
CHQ_1_02382	gene	987	frlB_2			
CHQ_1_02382	CDS	987	frlB_2	3.5.-.-	COG2222	Fructosamine deglycase FrlB
CHQ_1_02383	gene	1062				
CHQ_1_02383	CDS	1062				hypothetical protein
CHQ_1_02384	gene	855	manZ_3			
CHQ_1_02384	CDS	855	manZ_3		COG3716	PTS system mannose-specific EIID component
CHQ_1_02385	gene	744	sorC_1			
CHQ_1_02385	CDS	744	sorC_1		COG3715	PTS system sorbose-specific EIIC component
CHQ_1_02386	gene	471	sorB			
CHQ_1_02386	CDS	471	sorB	2.7.1.206	COG3444	PTS system sorbose-specific EIIB component
CHQ_1_02387	gene	435				
CHQ_1_02387	CDS	435				hypothetical protein
CHQ_1_02388	gene	654	nfsB			
CHQ_1_02388	CDS	654	nfsB	1.-.-.-	COG0778	Oxygen-insensitive NAD(P)H nitroreductase
CHQ_1_02389	gene	369				
CHQ_1_02389	CDS	369				hypothetical protein
CHQ_1_02390	gene	597				
CHQ_1_02390	CDS	597				hypothetical protein
CHQ_1_02391	gene	1101				
CHQ_1_02391	CDS	1101			COG2220	putative protein
CHQ_1_02392	gene	342	marA_2			
CHQ_1_02392	CDS	342	marA_2			Multiple antibiotic resistance protein MarA
CHQ_1_02393	gene	249				
CHQ_1_02393	CDS	249				hypothetical protein
CHQ_1_02394	gene	111				
CHQ_1_02394	CDS	111				hypothetical protein
CHQ_1_02395	gene	2724	ctpF_1			
CHQ_1_02395	CDS	2724	ctpF_1	3.6.3.-	COG0474	putative cation-transporting ATPase F
CHQ_1_02396	gene	1080	mdtA_3			
CHQ_1_02396	CDS	1080	mdtA_3			Multidrug resistance protein MdtA
CHQ_1_02397	gene	3093	bepG			
CHQ_1_02397	CDS	3093	bepG			Efflux pump membrane transporter BepG
CHQ_1_02398	gene	720				
CHQ_1_02398	CDS	720				hypothetical protein
CHQ_1_02399	gene	1116	ybdK			
CHQ_1_02399	CDS	1116	ybdK	6.3.2.2	COG2170	Putative glutamate--cysteine ligase 2
CHQ_1_02400	gene	1668	dppA_1			
CHQ_1_02400	CDS	1668	dppA_1		COG0747	Periplasmic dipeptide transport protein
CHQ_1_02401	gene	954	gsiC_1			
CHQ_1_02401	CDS	954	gsiC_1		COG0601	Glutathione transport system permease protein GsiC
CHQ_1_02402	gene	894	gsiD_1			
CHQ_1_02402	CDS	894	gsiD_1		COG1173	Glutathione transport system permease protein GsiD
CHQ_1_02403	gene	1038	btuD_5			
CHQ_1_02403	CDS	1038	btuD_5	7.6.2.8		Vitamin B12 import ATP-binding protein BtuD
CHQ_1_02404	gene	1011	oppD_3			
CHQ_1_02404	CDS	1011	oppD_3		COG0444	Oligopeptide transport ATP-binding protein OppD
CHQ_1_02405	gene	1269	hyuC			
CHQ_1_02405	CDS	1269	hyuC	3.5.1.87	COG0624	N-carbamoyl-L-amino-acid hydrolase
CHQ_1_02406	gene	924				
CHQ_1_02406	CDS	924				hypothetical protein
CHQ_1_02407	gene	1335	hisC_2			
CHQ_1_02407	CDS	1335	hisC_2	2.6.1.9		Histidinol-phosphate aminotransferase
CHQ_1_02408	gene	1464	tauR			
CHQ_1_02408	CDS	1464	tauR		COG1167	HTH-type transcriptional regulator TauR
CHQ_1_02409	gene	852	fliY_3			
CHQ_1_02409	CDS	852	fliY_3		COG0834	L-cystine-binding protein FliY
CHQ_1_02410	gene	642	yecS_3			
CHQ_1_02410	CDS	642	yecS_3		COG0765	L-cystine transport system permease protein YecS
CHQ_1_02411	gene	666	hisQ_2			
CHQ_1_02411	CDS	666	hisQ_2		COG4215	Histidine transport system permease protein HisQ
CHQ_1_02412	gene	762	occP_1			
CHQ_1_02412	CDS	762	occP_1			Octopine permease ATP-binding protein P
CHQ_1_02413	gene	765	isfD			
CHQ_1_02413	CDS	765	isfD	1.1.1.313	COG4221	Sulfoacetaldehyde reductase
CHQ_1_02414	gene	1338	tpa			
CHQ_1_02414	CDS	1338	tpa	2.6.1.77	COG0161	Taurine--pyruvate aminotransferase
CHQ_1_02415	gene	705	oppF_2			
CHQ_1_02415	CDS	705	oppF_2		COG4608	Oligopeptide transport ATP-binding protein OppF
CHQ_1_02416	gene	837	dppD_1			
CHQ_1_02416	CDS	837	dppD_1		COG0444	Dipeptide transport ATP-binding protein DppD
CHQ_1_02417	gene	834	ddpC_2			
CHQ_1_02417	CDS	834	ddpC_2		COG1173	putative D,D-dipeptide transport system permease protein DdpC
CHQ_1_02418	gene	1023	dppB_2			
CHQ_1_02418	CDS	1023	dppB_2		COG0601	Dipeptide transport system permease protein DppB
CHQ_1_02419	gene	1569	ddpA_2			
CHQ_1_02419	CDS	1569	ddpA_2		COG0747	putative D,D-dipeptide-binding periplasmic protein DdpA
CHQ_1_02420	gene	696				
CHQ_1_02420	CDS	696				hypothetical protein
CHQ_1_02421	gene	219	ygdR_4			
CHQ_1_02421	CDS	219	ygdR_4			putative lipoprotein YgdR
CHQ_1_02422	gene	801	yddE_2			
CHQ_1_02422	CDS	801	yddE_2	5.1.-.-	COG0384	putative isomerase YddE
CHQ_1_02423	gene	669	dauR_1			
CHQ_1_02423	CDS	669	dauR_1		COG2964	Transcriptional regulator DauR
CHQ_1_02424	gene	357				
CHQ_1_02424	CDS	357				hypothetical protein
CHQ_1_02425	gene	1665	betA			
CHQ_1_02425	CDS	1665	betA	1.1.99.1	COG2303	Oxygen-dependent choline dehydrogenase
CHQ_1_02426	gene	1473	betB_3			
CHQ_1_02426	CDS	1473	betB_3	1.2.1.8	COG1012	NAD/NADP-dependent betaine aldehyde dehydrogenase
CHQ_1_02427	gene	588	betI_3			
CHQ_1_02427	CDS	588	betI_3		COG1309	HTH-type transcriptional regulator BetI
CHQ_1_02428	gene	2034	betT			
CHQ_1_02428	CDS	2034	betT		COG1292	High-affinity choline transport protein
CHQ_1_02429	gene	447	ivy			
CHQ_1_02429	CDS	447	ivy			Inhibitor of vertebrate lysozyme
CHQ_1_02430	gene	1257	ybdG_2			
CHQ_1_02430	CDS	1257	ybdG_2		COG0668	Miniconductance mechanosensitive channel YbdG
CHQ_1_02431	gene	894	gcvA_3			
CHQ_1_02431	CDS	894	gcvA_3			Glycine cleavage system transcriptional activator
CHQ_1_02432	gene	606				
CHQ_1_02432	CDS	606				hypothetical protein
CHQ_1_02433	gene	1500	aplK			
CHQ_1_02433	CDS	1500	aplK	2.7.1.-	COG0554	Apulose kinase
CHQ_1_02434	gene	1419				
CHQ_1_02434	CDS	1419				hypothetical protein
CHQ_1_02435	gene	957	aptB_1			
CHQ_1_02435	CDS	957	aptB_1	2.2.1.-	COG3958	Apulose-4-phosphate transketolase subunit B
CHQ_1_02436	gene	831	aptA_1			
CHQ_1_02436	CDS	831	aptA_1	2.2.1.-	COG3959	Apulose-4-phosphate transketolase subunit A
CHQ_1_02437	gene	951	deoR_1			
CHQ_1_02437	CDS	951	deoR_1		COG2390	Deoxyribonucleoside regulator
CHQ_1_02438	gene	984				
CHQ_1_02438	CDS	984				ISNCY family transposase ISPlu15
CHQ_1_02439	gene	1089	rbsC_2			
CHQ_1_02439	CDS	1089	rbsC_2		COG1172	Ribose import permease protein RbsC
CHQ_1_02440	gene	1527	araG_2			
CHQ_1_02440	CDS	1527	araG_2	7.5.2.12	COG1129	Arabinose import ATP-binding protein AraG
CHQ_1_02441	gene	612				
CHQ_1_02441	CDS	612				hypothetical protein
CHQ_1_02442	gene	942	rbsB_2			
CHQ_1_02442	CDS	942	rbsB_2		COG1879	Ribose import binding protein RbsB
CHQ_1_02443	gene	660	entD			
CHQ_1_02443	CDS	660	entD	2.7.8.-	COG2977	Enterobactin synthase component D
CHQ_1_02444	gene	2229	fepA_2			
CHQ_1_02444	CDS	2229	fepA_2		COG4771	Ferrienterobactin receptor
CHQ_1_02445	gene	1209	fes			
CHQ_1_02445	CDS	1209	fes		COG2382	Enterochelin esterase
CHQ_1_02446	gene	204	ybdZ			
CHQ_1_02446	CDS	204	ybdZ		COG3251	Enterobactin biosynthesis protein YbdZ
CHQ_1_02447	gene	3882	entF			
CHQ_1_02447	CDS	3882	entF	2.7.7.-	COG1020	Enterobactin synthase component F
CHQ_1_02448	gene	795	fepC			
CHQ_1_02448	CDS	795	fepC		COG1120	Ferric enterobactin transport ATP-binding protein FepC
CHQ_1_02449	gene	993	fepG			
CHQ_1_02449	CDS	993	fepG		COG4779	Ferric enterobactin transport system permease protein FepG
CHQ_1_02450	gene	1008	fepD			
CHQ_1_02450	CDS	1008	fepD		COG0609	Ferric enterobactin transport system permease protein FepD
CHQ_1_02451	gene	1242	entS			
CHQ_1_02451	CDS	1242	entS		COG0477	Enterobactin exporter EntS
CHQ_1_02452	gene	960	fepB			
CHQ_1_02452	CDS	960	fepB		COG4592	Ferrienterobactin-binding periplasmic protein
CHQ_1_02453	gene	1176	entC			
CHQ_1_02453	CDS	1176	entC	5.4.4.2	COG1169	Isochorismate synthase EntC
CHQ_1_02454	gene	1608	entE			
CHQ_1_02454	CDS	1608	entE	6.3.2.14	COG1021	Enterobactin synthase component E
CHQ_1_02455	gene	852	entB			
CHQ_1_02455	CDS	852	entB	6.3.2.14	COG1535	Enterobactin synthase component B
CHQ_1_02456	gene	756	entA			
CHQ_1_02456	CDS	756	entA	1.3.1.28	COG1028	2,3-dihydro-2,3-dihydroxybenzoate dehydrogenase
CHQ_1_02457	gene	414	entH			
CHQ_1_02457	CDS	414	entH	3.1.2.-	COG2050	Proofreading thioesterase EntH
CHQ_1_02458	gene	2106	cstA			
CHQ_1_02458	CDS	2106	cstA		COG1966	Peptide transporter CstA
CHQ_1_02459	gene	198				
CHQ_1_02459	CDS	198				hypothetical protein
CHQ_1_02460	gene	405				
CHQ_1_02460	CDS	405				hypothetical protein
CHQ_1_02461	gene	303				
CHQ_1_02461	CDS	303				hypothetical protein
CHQ_1_02462	gene	744	bdcA_1			
CHQ_1_02462	CDS	744	bdcA_1		COG1028	Cyclic-di-GMP-binding biofilm dispersal mediator protein
CHQ_1_02463	gene	1089	hcxA			
CHQ_1_02463	CDS	1089	hcxA	1.1.1.-	COG0371	Hydroxycarboxylate dehydrogenase A
CHQ_1_02464	gene	1503	rbsA_2			
CHQ_1_02464	CDS	1503	rbsA_2	7.5.2.7	COG1129	Ribose import ATP-binding protein RbsA
CHQ_1_02465	gene	999	rbsC_3			
CHQ_1_02465	CDS	999	rbsC_3		COG1172	Ribose import permease protein RbsC
CHQ_1_02466	gene	1065				
CHQ_1_02466	CDS	1065				hypothetical protein
CHQ_1_02467	gene	1242				
CHQ_1_02467	CDS	1242				hypothetical protein
CHQ_1_02468	gene	1200	mtnK			
CHQ_1_02468	CDS	1200	mtnK	2.7.1.100	COG4857	Methylthioribose kinase
CHQ_1_02469	gene	1029	mtnA			
CHQ_1_02469	CDS	1029	mtnA	5.3.1.23	COG0182	Methylthioribose-1-phosphate isomerase
CHQ_1_02470	gene	1269	agp_1			
CHQ_1_02470	CDS	1269	agp_1	3.1.3.10		Glucose-1-phosphatase
CHQ_1_02471	gene	1359	glpT_2			
CHQ_1_02471	CDS	1359	glpT_2		COG2271	Glycerol-3-phosphate transporter
CHQ_1_02472	gene	810	suhB_2			
CHQ_1_02472	CDS	810	suhB_2	3.1.3.25	COG0483	Inositol-1-monophosphatase
CHQ_1_02473	gene	1041	rbsR_2			
CHQ_1_02473	CDS	1041	rbsR_2		COG1609	Ribose operon repressor
CHQ_1_02474	gene	1239	codA_1			
CHQ_1_02474	CDS	1239	codA_1	3.5.4.1	COG0402	Cytosine deaminase
CHQ_1_02475	gene	1236				
CHQ_1_02475	CDS	1236				hypothetical protein
CHQ_1_02476	gene	1263	codB			
CHQ_1_02476	CDS	1263	codB		COG1457	Cytosine permease
CHQ_1_02477	gene	609	mtnB			
CHQ_1_02477	CDS	609	mtnB	4.2.1.109	COG0235	Methylthioribulose-1-phosphate dehydratase
CHQ_1_02478	gene	1497	lyx_1			
CHQ_1_02478	CDS	1497	lyx_1	2.7.1.-	COG1070	L-xylulose/3-keto-L-gulonate kinase
CHQ_1_02479	gene	1029	yoaD			
CHQ_1_02479	CDS	1029	yoaD	1.1.1.-	COG0111	Putative 2-hydroxyacid dehydrogenase YoaD
CHQ_1_02480	gene	942	ydjH_2			
CHQ_1_02480	CDS	942	ydjH_2	2.7.1.-	COG0524	putative sugar kinase YdjH
CHQ_1_02481	gene	1005	rbsC_4			
CHQ_1_02481	CDS	1005	rbsC_4		COG1172	Ribose import permease protein RbsC
CHQ_1_02482	gene	990	alsC			
CHQ_1_02482	CDS	990	alsC		COG1172	D-allose transport system permease protein AlsC
CHQ_1_02483	gene	1551	xylG_1			
CHQ_1_02483	CDS	1551	xylG_1	7.5.2.10	COG1129	Xylose import ATP-binding protein XylG
CHQ_1_02484	gene	981				
CHQ_1_02484	CDS	981				hypothetical protein
CHQ_1_02485	gene	2310	dmsA_1			
CHQ_1_02485	CDS	2310	dmsA_1	1.7.2.3	COG0243	Dimethyl sulfoxide/trimethylamine N-oxide reductase
CHQ_1_02486	gene	543	mtnD			
CHQ_1_02486	CDS	543	mtnD	1.13.11.54	COG1791	Acireductone dioxygenase
CHQ_1_02487	gene	690	mtnC			
CHQ_1_02487	CDS	690	mtnC	3.1.3.77		Enolase-phosphatase E1
CHQ_1_02488	gene	1161	ybdL			
CHQ_1_02488	CDS	1161	ybdL	2.6.1.88	COG0436	Methionine aminotransferase
CHQ_1_02489	gene	627	ybdM			
CHQ_1_02489	CDS	627	ybdM		COG1475	putative protein YbdM
CHQ_1_02490	gene	1224	cysH_2			
CHQ_1_02490	CDS	1224	cysH_2	1.8.4.8		Phosphoadenosine phosphosulfate reductase
CHQ_1_02491	gene	933	ybdO_1			
CHQ_1_02491	CDS	933	ybdO_1			putative HTH-type transcriptional regulator YbdO
CHQ_1_02492	gene	750	dsbG			
CHQ_1_02492	CDS	750	dsbG		COG1651	Thiol:disulfide interchange protein DsbG
CHQ_1_02493	gene	564	ahpC_1			
CHQ_1_02493	CDS	564	ahpC_1	1.11.1.15	COG0450	Alkyl hydroperoxide reductase C
CHQ_1_02494	gene	1566	ahpF			
CHQ_1_02494	CDS	1566	ahpF	1.8.1.-	COG3634	Alkyl hydroperoxide reductase subunit F
CHQ_1_02495	gene	429	uspG_2			
CHQ_1_02495	CDS	429	uspG_2		COG0589	Universal stress protein UP12
CHQ_1_02496	gene	411	rnk			
CHQ_1_02496	CDS	411	rnk		COG0782	Regulator of nucleoside diphosphate kinase
CHQ_1_02497	gene	798	rna			
CHQ_1_02497	CDS	798	rna	4.6.1.21	COG3719	Ribonuclease I
CHQ_1_02498	gene	1374	dcuD			
CHQ_1_02498	CDS	1374	dcuD		COG3069	Putative cryptic C4-dicarboxylate transporter DcuD
CHQ_1_02499	gene	519	pagP			
CHQ_1_02499	CDS	519	pagP	2.3.1.251		Lipid A palmitoyltransferase PagP
CHQ_1_02500	gene	210	cspE			
CHQ_1_02500	CDS	210	cspE			Cold shock-like protein CspE
CHQ_1_02501	gene	384	crcB			
CHQ_1_02501	CDS	384	crcB		COG0239	Putative fluoride ion transporter CrcB
CHQ_1_02502	gene	789	ybeM			
CHQ_1_02502	CDS	789	ybeM	3.5.1.128		Deaminated glutathione amidase
CHQ_1_02503	gene	207	tatE			
CHQ_1_02503	CDS	207	tatE		COG1826	Sec-independent protein translocase protein TatE
CHQ_1_02504	gene	966	lipA			
CHQ_1_02504	CDS	966	lipA	2.8.1.8	COG0320	Lipoyl synthase
CHQ_1_02505	gene	960	ybdO_2			
CHQ_1_02505	CDS	960	ybdO_2			putative HTH-type transcriptional regulator YbdO
CHQ_1_02506	gene	645	lipB			
CHQ_1_02506	CDS	645	lipB	2.3.1.181	COG0321	Octanoyltransferase
CHQ_1_02507	gene	264				
CHQ_1_02507	CDS	264				hypothetical protein
CHQ_1_02508	gene	1200	dacA			
CHQ_1_02508	CDS	1200	dacA	3.4.16.4	COG1686	D-alanyl-D-alanine carboxypeptidase DacA
CHQ_1_02509	gene	1143	rlpA			
CHQ_1_02509	CDS	1143	rlpA	4.2.2.-	COG0797	Endolytic peptidoglycan transglycosylase RlpA
CHQ_1_02510	gene	1113	mrdB			
CHQ_1_02510	CDS	1113	mrdB	2.4.1.129	COG0772	Peptidoglycan glycosyltransferase MrdB
CHQ_1_02511	gene	1902	mrdA_1			
CHQ_1_02511	CDS	1902	mrdA_1	3.4.16.4	COG0768	Peptidoglycan D,D-transpeptidase MrdA
CHQ_1_02512	gene	468	rlmH			
CHQ_1_02512	CDS	468	rlmH	2.1.1.177	COG1576	Ribosomal RNA large subunit methyltransferase H
CHQ_1_02513	gene	318	rsfS			
CHQ_1_02513	CDS	318	rsfS		COG0799	Ribosomal silencing factor RsfS
CHQ_1_02514	gene	630	cobC_2			
CHQ_1_02514	CDS	630	cobC_2	3.1.3.73	COG0406	Adenosylcobalamin/alpha-ribazole phosphatase
CHQ_1_02515	gene	651	nadD			
CHQ_1_02515	CDS	651	nadD	2.7.7.18	COG1057	Nicotinate-nucleotide adenylyltransferase
CHQ_1_02516	gene	1035	holA			
CHQ_1_02516	CDS	1035	holA	2.7.7.7	COG1466	DNA polymerase III subunit delta
CHQ_1_02517	gene	591	lptE			
CHQ_1_02517	CDS	591	lptE		COG2980	LPS-assembly lipoprotein LptE
CHQ_1_02518	gene	2583	leuS			
CHQ_1_02518	CDS	2583	leuS	6.1.1.4	COG0495	Leucine--tRNA ligase
CHQ_1_02519	gene	483				
CHQ_1_02519	CDS	483				hypothetical protein
CHQ_1_02520	gene	1794	cdiA			
CHQ_1_02520	CDS	1794	cdiA	3.1.-.-		tRNA nuclease CdiA
CHQ_1_02521	gene	1671	fhaC			
CHQ_1_02521	CDS	1671	fhaC		COG2831	Filamentous hemagglutinin transporter protein FhaC
CHQ_1_02522	gene	726	glnQ_4			
CHQ_1_02522	CDS	726	glnQ_4	3.6.3.-	COG1126	Glutamine transport ATP-binding protein GlnQ
CHQ_1_02523	gene	675	gltK			
CHQ_1_02523	CDS	675	gltK		COG0765	Glutamate/aspartate import permease protein GltK
CHQ_1_02524	gene	741	gltJ_1			
CHQ_1_02524	CDS	741	gltJ_1		COG0765	Glutamate/aspartate import permease protein GltJ
CHQ_1_02525	gene	912	gltI			
CHQ_1_02525	CDS	912	gltI		COG0834	Glutamate/aspartate import solute-binding protein
CHQ_1_02526	gene	1539	lnt			
CHQ_1_02526	CDS	1539	lnt	2.3.1.269	COG0815	Apolipoprotein N-acyltransferase
CHQ_1_02527	gene	879	corC			
CHQ_1_02527	CDS	879	corC		COG4535	Magnesium and cobalt efflux protein CorC
CHQ_1_02528	gene	474	ybeY			
CHQ_1_02528	CDS	474	ybeY	3.1.-.-	COG0319	Endoribonuclease YbeY
CHQ_1_02529	gene	1047	ybeZ			
CHQ_1_02529	CDS	1047	ybeZ		COG1702	PhoH-like protein
CHQ_1_02530	gene	1425	miaB			
CHQ_1_02530	CDS	1425	miaB	2.8.4.3	COG0621	tRNA-2-methylthio-N(6)-dimethylallyladenosine synthase
CHQ_1_02531	gene	1176	ubiF			
CHQ_1_02531	CDS	1176	ubiF	1.14.99.60	COG0654	3-demethoxyubiquinol 3-hydroxylase
CHQ_1_02532	gene	75				
CHQ_1_02532	tRNA	75				tRNA-Gln(ctg)
CHQ_1_02533	gene	75				
CHQ_1_02533	tRNA	75				tRNA-Gln(ctg)
CHQ_1_02534	gene	77				
CHQ_1_02534	tRNA	77				tRNA-Met(cat)
CHQ_1_02535	gene	75				
CHQ_1_02535	tRNA	75				tRNA-Gln(ttg)
CHQ_1_02536	gene	85				
CHQ_1_02536	tRNA	85				tRNA-Leu(tag)
CHQ_1_02537	gene	77				
CHQ_1_02537	tRNA	77				tRNA-Met(cat)
CHQ_1_02538	gene	1665	asnB			
CHQ_1_02538	CDS	1665	asnB	6.3.5.4	COG0367	Asparagine synthetase B [glutamine-hydrolyzing]
CHQ_1_02539	gene	753	nagD			
CHQ_1_02539	CDS	753	nagD	3.1.3.5	COG0647	Ribonucleotide monophosphatase NagD
CHQ_1_02540	gene	1221	nagC			
CHQ_1_02540	CDS	1221	nagC		COG1940	N-acetylglucosamine repressor
CHQ_1_02541	gene	1149	nagA			
CHQ_1_02541	CDS	1149	nagA	3.5.1.25	COG1820	N-acetylglucosamine-6-phosphate deacetylase
CHQ_1_02542	gene	801	nagB			
CHQ_1_02542	CDS	801	nagB	3.5.99.6	COG0363	Glucosamine-6-phosphate deaminase
CHQ_1_02543	gene	1956	nagE			
CHQ_1_02543	CDS	1956	nagE		COG1263	PTS system N-acetylglucosamine-specific EIICBA component
CHQ_1_02544	gene	1668	glnS			
CHQ_1_02544	CDS	1668	glnS	6.1.1.18	COG0008	Glutamine--tRNA ligase
CHQ_1_02545	gene	1404	chiP			
CHQ_1_02545	CDS	1404	chiP			Chitoporin
CHQ_1_02546	gene	333	chiQ			
CHQ_1_02546	CDS	333	chiQ			putative lipoprotein ChiQ
CHQ_1_02547	gene	1296	proP_4			
CHQ_1_02547	CDS	1296	proP_4			Proline/betaine transporter
CHQ_1_02548	gene	1140				
CHQ_1_02548	CDS	1140				hypothetical protein
CHQ_1_02549	gene	1110	ifcA			
CHQ_1_02549	CDS	1110	ifcA	1.3.5.4	COG1053	Fumarate reductase flavoprotein subunit
CHQ_1_02550	gene	231				
CHQ_1_02550	CDS	231				hypothetical protein
CHQ_1_02551	gene	927	cynR_1			
CHQ_1_02551	CDS	927	cynR_1			HTH-type transcriptional regulator CynR
CHQ_1_02552	gene	453	fur			
CHQ_1_02552	CDS	453	fur		COG0735	Ferric uptake regulation protein
CHQ_1_02553	gene	531	fldA			
CHQ_1_02553	CDS	531	fldA		COG0716	Flavodoxin
CHQ_1_02554	gene	294	ybfE			
CHQ_1_02554	CDS	294	ybfE			putative protein YbfE
CHQ_1_02555	gene	774	ybfF			
CHQ_1_02555	CDS	774	ybfF	3.1.-.-	COG0596	Esterase YbfF
CHQ_1_02556	gene	693	seqA			
CHQ_1_02556	CDS	693	seqA			Negative modulator of initiation of replication
CHQ_1_02557	gene	1641	pgm			
CHQ_1_02557	CDS	1641	pgm	5.4.2.2	COG0033	Phosphoglucomutase
CHQ_1_02558	gene	438				
CHQ_1_02558	CDS	438				hypothetical protein
CHQ_1_02559	gene	678	kdpE			
CHQ_1_02559	CDS	678	kdpE		COG0745	KDP operon transcriptional regulatory protein KdpE
CHQ_1_02560	gene	2688	kdpD			
CHQ_1_02560	CDS	2688	kdpD	2.7.13.3	COG2205	Sensor protein KdpD
CHQ_1_02561	gene	576	kdpC			
CHQ_1_02561	CDS	576	kdpC		COG2156	Potassium-transporting ATPase KdpC subunit
CHQ_1_02562	gene	2049	kdpB			
CHQ_1_02562	CDS	2049	kdpB	7.2.2.6	COG2216	Potassium-transporting ATPase ATP-binding subunit
CHQ_1_02563	gene	1680	kdpA			
CHQ_1_02563	CDS	1680	kdpA		COG2060	Potassium-transporting ATPase potassium-binding subunit
CHQ_1_02564	gene	207				
CHQ_1_02564	CDS	207				hypothetical protein
CHQ_1_02565	gene	1443	phrB			
CHQ_1_02565	CDS	1443	phrB	4.1.99.3	COG0415	Deoxyribodipyrimidine photo-lyase
CHQ_1_02566	gene	1479	dtpD			
CHQ_1_02566	CDS	1479	dtpD		COG3104	Dipeptide permease D
CHQ_1_02567	gene	744	ybgI			
CHQ_1_02567	CDS	744	ybgI		COG0327	GTP cyclohydrolase 1 type 2 
CHQ_1_02568	gene	657	pxpB			
CHQ_1_02568	CDS	657	pxpB	3.5.2.9	COG2049	5-oxoprolinase subunit B
CHQ_1_02569	gene	933	pxpC			
CHQ_1_02569	CDS	933	pxpC	3.5.2.9	COG1984	5-oxoprolinase subunit C
CHQ_1_02570	gene	753	pxpA			
CHQ_1_02570	CDS	753	pxpA	3.5.2.9	COG1540	5-oxoprolinase subunit A
CHQ_1_02571	gene	645	pcp			
CHQ_1_02571	CDS	645	pcp	3.4.19.3	COG2039	Pyrrolidone-carboxylate peptidase
CHQ_1_02572	gene	792	nei			
CHQ_1_02572	CDS	792	nei	3.2.2.-	COG0266	Endonuclease 8
CHQ_1_02573	gene	1284	gltA_1			
CHQ_1_02573	CDS	1284	gltA_1	2.3.3.16	COG0372	Citrate synthase
CHQ_1_02574	gene	405	sdhC			
CHQ_1_02574	CDS	405	sdhC		COG2009	Succinate dehydrogenase cytochrome b556 subunit
CHQ_1_02575	gene	348	sdhD			
CHQ_1_02575	CDS	348	sdhD		COG2142	Succinate dehydrogenase hydrophobic membrane anchor subunit
CHQ_1_02576	gene	1767	sdhA			
CHQ_1_02576	CDS	1767	sdhA	1.3.5.1	COG1053	Succinate dehydrogenase flavoprotein subunit
CHQ_1_02577	gene	717	sdhB			
CHQ_1_02577	CDS	717	sdhB	1.3.5.1	COG0479	Succinate dehydrogenase iron-sulfur subunit
CHQ_1_02578	gene	2808	sucA			
CHQ_1_02578	CDS	2808	sucA	1.2.4.2	COG0567	2-oxoglutarate dehydrogenase E1 component
CHQ_1_02579	gene	1227	sucB			
CHQ_1_02579	CDS	1227	sucB	2.3.1.61	COG0508	Dihydrolipoyllysine-residue succinyltransferase component of 2-oxoglutarate dehydrogenase complex
CHQ_1_02580	gene	1167	sucC			
CHQ_1_02580	CDS	1167	sucC	6.2.1.5	COG0045	Succinate--CoA ligase [ADP-forming] subunit beta
CHQ_1_02581	gene	870	sucD			
CHQ_1_02581	CDS	870	sucD	6.2.1.5	COG0074	Succinate--CoA ligase [ADP-forming] subunit alpha
CHQ_1_02582	gene	1569	cydA_1			
CHQ_1_02582	CDS	1569	cydA_1	7.1.1.7	COG1271	Cytochrome bd-I ubiquinol oxidase subunit 1
CHQ_1_02583	gene	1140	cydB_1			
CHQ_1_02583	CDS	1140	cydB_1	7.1.1.7	COG1294	Cytochrome bd-I ubiquinol oxidase subunit 2
CHQ_1_02584	gene	117	cydX			
CHQ_1_02584	CDS	117	cydX	7.1.1.7	COG4890	Cytochrome bd-I ubiquinol oxidase subunit X
CHQ_1_02585	gene	291				
CHQ_1_02585	CDS	291				hypothetical protein
CHQ_1_02586	gene	405	ybgC			
CHQ_1_02586	CDS	405	ybgC	3.1.2.-	COG0824	Acyl-CoA thioester hydrolase YbgC
CHQ_1_02587	gene	693	tolQ			
CHQ_1_02587	CDS	693	tolQ		COG0811	Tol-Pal system protein TolQ
CHQ_1_02588	gene	429	tolR			
CHQ_1_02588	CDS	429	tolR		COG0848	Tol-Pal system protein TolR
CHQ_1_02589	gene	1341				
CHQ_1_02589	CDS	1341				hypothetical protein
CHQ_1_02590	gene	1293	tolB			
CHQ_1_02590	CDS	1293	tolB		COG0823	Tol-Pal system protein TolB
CHQ_1_02591	gene	525	pal_2			
CHQ_1_02591	CDS	525	pal_2		COG2885	Peptidoglycan-associated lipoprotein
CHQ_1_02592	gene	795	cpoB			
CHQ_1_02592	CDS	795	cpoB		COG1729	Cell division coordinator CpoB
CHQ_1_02593	gene	76				
CHQ_1_02593	tRNA	76				tRNA-Lys(ttt)
CHQ_1_02594	gene	76				
CHQ_1_02594	tRNA	76				tRNA-Val(tac)
CHQ_1_02595	gene	76				
CHQ_1_02595	tRNA	76				tRNA-Lys(ttt)
CHQ_1_02596	gene	76				
CHQ_1_02596	tRNA	76				tRNA-Val(tac)
CHQ_1_02597	gene	76				
CHQ_1_02597	tRNA	76				tRNA-Lys(ttt)
CHQ_1_02598	gene	76				
CHQ_1_02598	tRNA	76				tRNA-Lys(ttt)
CHQ_1_02599	gene	76				
CHQ_1_02599	tRNA	76				tRNA-Lys(ttt)
CHQ_1_02600	gene	1044	nadA			
CHQ_1_02600	CDS	1044	nadA	2.5.1.72	COG0379	Quinolinate synthase A
CHQ_1_02601	gene	720	pnuC			
CHQ_1_02601	CDS	720	pnuC		COG3201	Nicotinamide riboside transporter PnuC
CHQ_1_02602	gene	945	zitB			
CHQ_1_02602	CDS	945	zitB		COG1230	Zinc transporter ZitB
CHQ_1_02603	gene	378				
CHQ_1_02603	CDS	378				hypothetical protein
CHQ_1_02604	gene	1053	aroG			
CHQ_1_02604	CDS	1053	aroG	2.5.1.54	COG0722	Phospho-2-dehydro-3-deoxyheptonate aldolase, Phe-sensitive
CHQ_1_02605	gene	753	gpmA			
CHQ_1_02605	CDS	753	gpmA	5.4.2.11	COG0588	2,3-bisphosphoglycerate-dependent phosphoglycerate mutase
CHQ_1_02606	gene	1044	galM			
CHQ_1_02606	CDS	1044	galM	5.1.3.3	COG2017	Aldose 1-epimerase
CHQ_1_02607	gene	1149	galK			
CHQ_1_02607	CDS	1149	galK	2.7.1.6	COG0153	Galactokinase
CHQ_1_02608	gene	1047	galT			
CHQ_1_02608	CDS	1047	galT	2.7.7.12	COG1085	Galactose-1-phosphate uridylyltransferase
CHQ_1_02609	gene	1017	galE			
CHQ_1_02609	CDS	1017	galE	5.1.3.2	COG1087	UDP-glucose 4-epimerase
CHQ_1_02610	gene	1473	modF			
CHQ_1_02610	CDS	1473	modF		COG1119	ABC transporter ATP-binding protein ModF
CHQ_1_02611	gene	789	modE			
CHQ_1_02611	CDS	789	modE		COG2005	DNA-binding transcriptional dual regulator ModE
CHQ_1_02612	gene	150	acrZ			
CHQ_1_02612	CDS	150	acrZ			Multidrug efflux pump accessory protein AcrZ
CHQ_1_02613	gene	774	modA			
CHQ_1_02613	CDS	774	modA		COG0725	Molybdate-binding protein ModA
CHQ_1_02614	gene	690	modB			
CHQ_1_02614	CDS	690	modB		COG4149	Molybdenum transport system permease protein ModB
CHQ_1_02615	gene	1062	btuD_6			
CHQ_1_02615	CDS	1062	btuD_6	7.6.2.8		Vitamin B12 import ATP-binding protein BtuD
CHQ_1_02616	gene	819	ybhA			
CHQ_1_02616	CDS	819	ybhA	3.1.3.74	COG0561	Pyridoxal phosphate phosphatase YbhA
CHQ_1_02617	gene	996	pgl_2			
CHQ_1_02617	CDS	996	pgl_2	3.1.1.31	COG2706	6-phosphogluconolactonase
CHQ_1_02618	gene	267	ariR			
CHQ_1_02618	CDS	267	ariR			putative two-component-system connector protein AriR
CHQ_1_02619	gene	306				
CHQ_1_02619	CDS	306				hypothetical protein
CHQ_1_02620	gene	246	ycgZ			
CHQ_1_02620	CDS	246	ycgZ			putative two-component-system connector protein YcgZ
CHQ_1_02621	gene	1212	bluF_2			
CHQ_1_02621	CDS	1212	bluF_2			Blue light- and temperature-regulated antirepressor BluF
CHQ_1_02622	gene	735	bluR			
CHQ_1_02622	CDS	735	bluR		COG0789	HTH-type transcriptional repressor BluR
CHQ_1_02623	gene	555				
CHQ_1_02623	CDS	555				hypothetical protein
CHQ_1_02624	gene	213				
CHQ_1_02624	CDS	213				hypothetical protein
CHQ_1_02625	gene	507				
CHQ_1_02625	CDS	507				hypothetical protein
CHQ_1_02626	gene	966				
CHQ_1_02626	CDS	966				hypothetical protein
CHQ_1_02627	gene	3066	bepE			
CHQ_1_02627	CDS	3066	bepE			Efflux pump membrane transporter BepE
CHQ_1_02628	gene	1086	mdtA_4			
CHQ_1_02628	CDS	1086	mdtA_4			Multidrug resistance protein MdtA
CHQ_1_02629	gene	111				
CHQ_1_02629	CDS	111				hypothetical protein
CHQ_1_02630	gene	432	uspG_3			
CHQ_1_02630	CDS	432	uspG_3		COG0589	Universal stress protein UP12
CHQ_1_02631	gene	2688	ctpF_2			
CHQ_1_02631	CDS	2688	ctpF_2	3.6.3.-	COG0474	putative cation-transporting ATPase F
CHQ_1_02632	gene	1284	ybhC			
CHQ_1_02632	CDS	1284	ybhC	3.1.2.-	COG4677	Putative acyl-CoA thioester hydrolase YbhC
CHQ_1_02633	gene	1260	hutI			
CHQ_1_02633	CDS	1260	hutI	3.5.2.7	COG1228	Imidazolonepropionase
CHQ_1_02634	gene	957	hutG			
CHQ_1_02634	CDS	957	hutG	3.5.3.8	COG0010	Formimidoylglutamase
CHQ_1_02635	gene	726	nagR			
CHQ_1_02635	CDS	726	nagR		COG2188	HTH-type transcriptional repressor NagR
CHQ_1_02636	gene	1689	hutU			
CHQ_1_02636	CDS	1689	hutU	4.2.1.49	COG2987	Urocanate hydratase
CHQ_1_02637	gene	1536	hutH_1			
CHQ_1_02637	CDS	1536	hutH_1	4.3.1.3	COG2986	Histidine ammonia-lyase
CHQ_1_02638	gene	1383	proY_1			
CHQ_1_02638	CDS	1383	proY_1		COG1113	Proline-specific permease ProY
CHQ_1_02639	gene	477				
CHQ_1_02639	CDS	477				hypothetical protein
CHQ_1_02640	gene	1290	bioA			
CHQ_1_02640	CDS	1290	bioA	2.6.1.62	COG0161	Adenosylmethionine-8-amino-7-oxononanoate aminotransferase
CHQ_1_02641	gene	1041	bioB			
CHQ_1_02641	CDS	1041	bioB	2.8.1.6	COG0502	Biotin synthase
CHQ_1_02642	gene	1158	bioF			
CHQ_1_02642	CDS	1158	bioF	2.3.1.47	COG0156	8-amino-7-oxononanoate synthase
CHQ_1_02643	gene	756	bioC			
CHQ_1_02643	CDS	756	bioC	2.1.1.197	COG0500	Malonyl-[acyl-carrier protein] O-methyltransferase
CHQ_1_02644	gene	723	bioD1_2			
CHQ_1_02644	CDS	723	bioD1_2	6.3.3.3	COG0132	ATP-dependent dethiobiotin synthetase BioD 1
CHQ_1_02645	gene	723	livF_4			
CHQ_1_02645	CDS	723	livF_4		COG0410	High-affinity branched-chain amino acid transport ATP-binding protein LivF
CHQ_1_02646	gene	2022	uvrB			
CHQ_1_02646	CDS	2022	uvrB		COG0556	UvrABC system protein B
CHQ_1_02647	gene	93				
CHQ_1_02647	CDS	93				hypothetical protein
CHQ_1_02648	gene	1098	basS			
CHQ_1_02648	CDS	1098	basS	2.7.13.3		Sensor protein BasS
CHQ_1_02649	gene	672	basR			
CHQ_1_02649	CDS	672	basR			Transcriptional regulatory protein BasR
CHQ_1_02650	gene	1641	eptA			
CHQ_1_02650	CDS	1641	eptA	2.7.-.-	COG2194	Phosphoethanolamine transferase EptA
CHQ_1_02651	gene	906	ybhK			
CHQ_1_02651	CDS	906	ybhK		COG0391	Putative gluconeogenesis factor
CHQ_1_02652	gene	990	moaA			
CHQ_1_02652	CDS	990	moaA	4.1.99.22	COG2896	GTP 3',8-cyclase
CHQ_1_02653	gene	513	moaB			
CHQ_1_02653	CDS	513	moaB		COG0521	Molybdenum cofactor biosynthesis protein B
CHQ_1_02654	gene	489	moaC			
CHQ_1_02654	CDS	489	moaC	4.6.1.17	COG0315	Cyclic pyranopterin monophosphate synthase
CHQ_1_02655	gene	249	moaD			
CHQ_1_02655	CDS	249	moaD		COG1977	Molybdopterin synthase sulfur carrier subunit
CHQ_1_02656	gene	453	moaE			
CHQ_1_02656	CDS	453	moaE	2.8.1.12	COG0314	Molybdopterin synthase catalytic subunit
CHQ_1_02657	gene	705	ybhL			
CHQ_1_02657	CDS	705	ybhL		COG0670	Inner membrane protein YbhL
CHQ_1_02658	gene	966	ybhN			
CHQ_1_02658	CDS	966	ybhN		COG0392	Inner membrane protein YbhN
CHQ_1_02659	gene	1245	clsB			
CHQ_1_02659	CDS	1245	clsB	2.7.8.-	COG1502	Cardiolipin synthase B
CHQ_1_02660	gene	762				
CHQ_1_02660	CDS	762				hypothetical protein
CHQ_1_02661	gene	438	ybhQ			
CHQ_1_02661	CDS	438	ybhQ			Inner membrane protein YbhQ
CHQ_1_02662	gene	1107	ybhR			
CHQ_1_02662	CDS	1107	ybhR		COG0842	putative multidrug ABC transporter permease YbhR
CHQ_1_02663	gene	1134	ybhS			
CHQ_1_02663	CDS	1134	ybhS		COG0842	putative multidrug ABC transporter permease YbhS
CHQ_1_02664	gene	1740	ybhF			
CHQ_1_02664	CDS	1740	ybhF		COG1131	putative multidrug ABC transporter ATP-binding protein YbhF
CHQ_1_02665	gene	996				
CHQ_1_02665	CDS	996				hypothetical protein
CHQ_1_02666	gene	660	cecR			
CHQ_1_02666	CDS	660	cecR		COG1309	HTH-type transcriptional dual regulator CecR
CHQ_1_02667	gene	924	perR			
CHQ_1_02667	CDS	924	perR			HTH-type transcriptional regulator PerR
CHQ_1_02668	gene	1335	gudP_3			
CHQ_1_02668	CDS	1335	gudP_3			putative glucarate transporter
CHQ_1_02669	gene	750	fabG_4			
CHQ_1_02669	CDS	750	fabG_4	1.1.1.100		3-oxoacyl-[acyl-carrier-protein] reductase FabG
CHQ_1_02670	gene	846	aptA_2			
CHQ_1_02670	CDS	846	aptA_2	2.2.1.-	COG3959	Apulose-4-phosphate transketolase subunit A
CHQ_1_02671	gene	993	aptB_2			
CHQ_1_02671	CDS	993	aptB_2	2.2.1.-	COG3958	Apulose-4-phosphate transketolase subunit B
CHQ_1_02672	gene	1356	rhlE			
CHQ_1_02672	CDS	1356	rhlE	3.6.4.13	COG0513	ATP-dependent RNA helicase RhlE
CHQ_1_02673	gene	2157	dinG			
CHQ_1_02673	CDS	2157	dinG	3.6.4.12	COG1199	ATP-dependent DNA helicase DinG
CHQ_1_02674	gene	966	ybiB			
CHQ_1_02674	CDS	966	ybiB		COG0547	putative protein YbiB
CHQ_1_02675	gene	261	bhsA_1			
CHQ_1_02675	CDS	261	bhsA_1			Multiple stress resistance protein BhsA
CHQ_1_02676	gene	267	ybiI_2			
CHQ_1_02676	CDS	267	ybiI_2		COG1734	putative protein YbiI
CHQ_1_02677	gene	261				
CHQ_1_02677	CDS	261				hypothetical protein
CHQ_1_02678	gene	615				
CHQ_1_02678	CDS	615				hypothetical protein
CHQ_1_02679	gene	915	rlmF			
CHQ_1_02679	CDS	915	rlmF	2.1.1.181	COG3129	Ribosomal RNA large subunit methyltransferase F
CHQ_1_02680	gene	2196	ybiO			
CHQ_1_02680	CDS	2196	ybiO		COG0668	Moderate conductance mechanosensitive channel YbiO
CHQ_1_02681	gene	723	glnQ_5			
CHQ_1_02681	CDS	723	glnQ_5		COG1126	Glutamine transport ATP-binding protein GlnQ
CHQ_1_02682	gene	660	glnP_1			
CHQ_1_02682	CDS	660	glnP_1		COG0765	Glutamine transport system permease protein GlnP
CHQ_1_02683	gene	747	glnH_2			
CHQ_1_02683	CDS	747	glnH_2		COG0834	Glutamine-binding periplasmic protein
CHQ_1_02684	gene	504	dps			
CHQ_1_02684	CDS	504	dps	1.16.-.-	COG0783	DNA protection during starvation protein
CHQ_1_02685	gene	888	rhtA			
CHQ_1_02685	CDS	888	rhtA		COG5006	Threonine/homoserine exporter RhtA
CHQ_1_02686	gene	513	ompX			
CHQ_1_02686	CDS	513	ompX		COG3637	Outer membrane protein X
CHQ_1_02687	gene	1581	opgE			
CHQ_1_02687	CDS	1581	opgE	2.7.-.-	COG2194	Phosphoethanolamine transferase OpgE
CHQ_1_02688	gene	126	mntS			
CHQ_1_02688	CDS	126	mntS			Small protein MntS
CHQ_1_02689	gene	474	mntR			
CHQ_1_02689	CDS	474	mntR		COG1321	Transcriptional regulator MntR
CHQ_1_02690	gene	1113	ybiR			
CHQ_1_02690	CDS	1113	ybiR		COG0471	Inner membrane protein YbiR
CHQ_1_02691	gene	1377	bglA_2			
CHQ_1_02691	CDS	1377	bglA_2	3.2.1.86	COG2723	Aryl-phospho-beta-D-glucosidase BglA
CHQ_1_02692	gene	717	gmuR			
CHQ_1_02692	CDS	717	gmuR		COG2188	HTH-type transcriptional regulator GmuR
CHQ_1_02693	gene	990	ybiS			
CHQ_1_02693	CDS	990	ybiS	2.-.-.-	COG1376	putative L,D-transpeptidase YbiS
CHQ_1_02694	gene	786				
CHQ_1_02694	CDS	786				hypothetical protein
CHQ_1_02695	gene	1593	ybiT			
CHQ_1_02695	CDS	1593	ybiT		COG0488	putative ABC transporter ATP-binding protein YbiT
CHQ_1_02696	gene	2364				
CHQ_1_02696	CDS	2364				hypothetical protein
CHQ_1_02697	gene	1302	exuT_3			
CHQ_1_02697	CDS	1302	exuT_3			Hexuronate transporter
CHQ_1_02698	gene	1074	cytR_1			
CHQ_1_02698	CDS	1074	cytR_1		COG1609	HTH-type transcriptional repressor CytR
CHQ_1_02699	gene	1266	ybiU			
CHQ_1_02699	CDS	1266	ybiU			putative protein YbiU
CHQ_1_02700	gene	816	ybiV			
CHQ_1_02700	CDS	816	ybiV	3.1.3.23	COG0561	Sugar phosphatase YbiV
CHQ_1_02701	gene	2433	pflD			
CHQ_1_02701	CDS	2433	pflD	4.2.1.172	COG1882	Trans-4-hydroxy-L-proline dehydratase
CHQ_1_02702	gene	900	cutD_2			
CHQ_1_02702	CDS	900	cutD_2	1.97.1.-	COG1180	Choline trimethylamine-lyase activating enzyme
CHQ_1_02703	gene	756	moeB			
CHQ_1_02703	CDS	756	moeB	2.7.7.80	COG0476	Molybdopterin-synthase adenylyltransferase
CHQ_1_02704	gene	1236	moeA			
CHQ_1_02704	CDS	1236	moeA	2.10.1.1	COG0303	Molybdopterin molybdenumtransferase
CHQ_1_02705	gene	942	iaaA			
CHQ_1_02705	CDS	942	iaaA	3.4.19.5	COG1446	Isoaspartyl peptidase
CHQ_1_02706	gene	1860	gsiA_1			
CHQ_1_02706	CDS	1860	gsiA_1	7.4.2.10	COG1123	Glutathione import ATP-binding protein GsiA
CHQ_1_02707	gene	1542	gsiB			
CHQ_1_02707	CDS	1542	gsiB		COG0747	Glutathione-binding protein GsiB
CHQ_1_02708	gene	921	gsiC_2			
CHQ_1_02708	CDS	921	gsiC_2		COG0601	Glutathione transport system permease protein GsiC
CHQ_1_02709	gene	912	gsiD_2			
CHQ_1_02709	CDS	912	gsiD_2		COG1173	Glutathione transport system permease protein GsiD
CHQ_1_02710	gene	162				
CHQ_1_02710	CDS	162				hypothetical protein
CHQ_1_02711	gene	579				
CHQ_1_02711	CDS	579				hypothetical protein
CHQ_1_02712	gene	573				
CHQ_1_02712	CDS	573				hypothetical protein
CHQ_1_02713	gene	312				
CHQ_1_02713	CDS	312				hypothetical protein
CHQ_1_02714	gene	540				
CHQ_1_02714	CDS	540				hypothetical protein
CHQ_1_02715	gene	348				
CHQ_1_02715	CDS	348				hypothetical protein
CHQ_1_02716	gene	276				
CHQ_1_02716	CDS	276				hypothetical protein
CHQ_1_02717	gene	303				
CHQ_1_02717	CDS	303				hypothetical protein
CHQ_1_02718	gene	435				
CHQ_1_02718	CDS	435				hypothetical protein
CHQ_1_02719	gene	351				
CHQ_1_02719	CDS	351				hypothetical protein
CHQ_1_02720	gene	498				
CHQ_1_02720	CDS	498				hypothetical protein
CHQ_1_02721	gene	1752				
CHQ_1_02721	CDS	1752				hypothetical protein
CHQ_1_02722	gene	162				
CHQ_1_02722	CDS	162				hypothetical protein
CHQ_1_02723	gene	1227				
CHQ_1_02723	CDS	1227				hypothetical protein
CHQ_1_02724	gene	600				
CHQ_1_02724	CDS	600				hypothetical protein
CHQ_1_02725	gene	1239				
CHQ_1_02725	CDS	1239				hypothetical protein
CHQ_1_02726	gene	318				
CHQ_1_02726	CDS	318				hypothetical protein
CHQ_1_02727	gene	474				
CHQ_1_02727	CDS	474				hypothetical protein
CHQ_1_02728	gene	525				
CHQ_1_02728	CDS	525				hypothetical protein
CHQ_1_02729	gene	753				
CHQ_1_02729	CDS	753				hypothetical protein
CHQ_1_02730	gene	765	dasR			
CHQ_1_02730	CDS	765	dasR		COG2188	HTH-type transcriptional repressor DasR
CHQ_1_02731	gene	786	argT_2			
CHQ_1_02731	CDS	786	argT_2		COG0834	Lysine/arginine/ornithine-binding periplasmic protein
CHQ_1_02732	gene	975	frlB_3			
CHQ_1_02732	CDS	975	frlB_3	3.5.-.-	COG2222	Fructosamine deglycase FrlB
CHQ_1_02733	gene	813	frlD			
CHQ_1_02733	CDS	813	frlD	2.7.1.-	COG0524	Fructosamine kinase FrlD
CHQ_1_02734	gene	441				
CHQ_1_02734	CDS	441				hypothetical protein
CHQ_1_02735	gene	162				
CHQ_1_02735	CDS	162				hypothetical protein
CHQ_1_02736	gene	822				
CHQ_1_02736	CDS	822				hypothetical protein
CHQ_1_02737	gene	312				
CHQ_1_02737	CDS	312				hypothetical protein
CHQ_1_02738	gene	540				
CHQ_1_02738	CDS	540				hypothetical protein
CHQ_1_02739	gene	348				
CHQ_1_02739	CDS	348				hypothetical protein
CHQ_1_02740	gene	276				
CHQ_1_02740	CDS	276				hypothetical protein
CHQ_1_02741	gene	246				
CHQ_1_02741	CDS	246				hypothetical protein
CHQ_1_02742	gene	186				
CHQ_1_02742	CDS	186				hypothetical protein
CHQ_1_02743	gene	342				
CHQ_1_02743	CDS	342				hypothetical protein
CHQ_1_02744	gene	465				
CHQ_1_02744	CDS	465				hypothetical protein
CHQ_1_02745	gene	1743				
CHQ_1_02745	CDS	1743				hypothetical protein
CHQ_1_02746	gene	1308				
CHQ_1_02746	CDS	1308				hypothetical protein
CHQ_1_02747	gene	849	clpP_1			
CHQ_1_02747	CDS	849	clpP_1	3.4.21.92		ATP-dependent Clp protease proteolytic subunit
CHQ_1_02748	gene	1218				
CHQ_1_02748	CDS	1218				hypothetical protein
CHQ_1_02749	gene	207				
CHQ_1_02749	CDS	207				hypothetical protein
CHQ_1_02750	gene	198				
CHQ_1_02750	CDS	198				hypothetical protein
CHQ_1_02751	gene	924				
CHQ_1_02751	CDS	924			COG3039	IS5 family transposase IS903
CHQ_1_02752	gene	408				
CHQ_1_02752	CDS	408				hypothetical protein
CHQ_1_02753	gene	951	talB_2			
CHQ_1_02753	CDS	951	talB_2	2.2.1.2	COG0176	Transaldolase B
CHQ_1_02754	gene	459	derI			
CHQ_1_02754	CDS	459	derI	5.3.1.34	COG0698	D-erythrulose-4-phosphate isomerase
CHQ_1_02755	gene	375	srlB_2			
CHQ_1_02755	CDS	375	srlB_2		COG3731	PTS system glucitol/sorbitol-specific EIIA component
CHQ_1_02756	gene	1020	kdgT			
CHQ_1_02756	CDS	1020	kdgT			2-keto-3-deoxygluconate permease
CHQ_1_02757	gene	1719				
CHQ_1_02757	CDS	1719				hypothetical protein
CHQ_1_02758	gene	1008	pdxA2			
CHQ_1_02758	CDS	1008	pdxA2	1.1.1.409	COG1995	D-erythronate 4-phosphate dehydrogenase
CHQ_1_02759	gene	795	eryH			
CHQ_1_02759	CDS	795	eryH	5.3.1.33		L-erythrulose-1-phosphate isomerase
CHQ_1_02760	gene	963	sorC_2			
CHQ_1_02760	CDS	963	sorC_2		COG2390	Sorbitol operon regulator
CHQ_1_02761	gene	345				
CHQ_1_02761	CDS	345				hypothetical protein
CHQ_1_02762	gene	831	cobB			
CHQ_1_02762	CDS	831	cobB	2.3.1.286	COG0846	NAD-dependent protein deacylase
CHQ_1_02763	gene	912	nagK			
CHQ_1_02763	CDS	912	nagK	2.7.1.59	COG1940	N-acetyl-D-glucosamine kinase
CHQ_1_02764	gene	1245	lolE			
CHQ_1_02764	CDS	1245	lolE		COG4591	Lipoprotein-releasing system transmembrane protein LolE
CHQ_1_02765	gene	702	lolD			
CHQ_1_02765	CDS	702	lolD	3.6.3.-	COG1136	Lipoprotein-releasing system ATP-binding protein LolD
CHQ_1_02766	gene	1200	lolC			
CHQ_1_02766	CDS	1200	lolC		COG4591	Lipoprotein-releasing system transmembrane protein LolC
CHQ_1_02767	gene	3447	mfd			
CHQ_1_02767	CDS	3447	mfd	3.6.4.-	COG1197	Transcription-repair-coupling factor
CHQ_1_02768	gene	954	ycfS			
CHQ_1_02768	CDS	954	ycfS	2.-.-.-	COG1376	putative L,D-transpeptidase YcfS
CHQ_1_02769	gene	258	bhsA_2			
CHQ_1_02769	CDS	258	bhsA_2			Multiple stress resistance protein BhsA
CHQ_1_02770	gene	636	comR			
CHQ_1_02770	CDS	636	comR			HTH-type transcriptional repressor ComR
CHQ_1_02771	gene	2190	iutA			
CHQ_1_02771	CDS	2190	iutA			Ferric aerobactin receptor
CHQ_1_02772	gene	540				
CHQ_1_02772	CDS	540				hypothetical protein
CHQ_1_02773	gene	1305	ndh			
CHQ_1_02773	CDS	1305	ndh	1.6.99.3	COG1252	NADH dehydrogenase
CHQ_1_02774	gene	543				
CHQ_1_02774	CDS	543				hypothetical protein
CHQ_1_02775	gene	1023	nagZ			
CHQ_1_02775	CDS	1023	nagZ	3.2.1.52	COG1472	Beta-hexosaminidase
CHQ_1_02776	gene	828	thiK			
CHQ_1_02776	CDS	828	thiK	2.7.1.89	COG0510	Thiamine kinase
CHQ_1_02777	gene	648	lpoB			
CHQ_1_02777	CDS	648	lpoB		COG3417	Penicillin-binding protein activator LpoB
CHQ_1_02778	gene	375				
CHQ_1_02778	CDS	375				hypothetical protein
CHQ_1_02779	gene	357	hinT			
CHQ_1_02779	CDS	357	hinT	3.9.1.-	COG0537	Purine nucleoside phosphoramidase
CHQ_1_02780	gene	1434	ptsG			
CHQ_1_02780	CDS	1434	ptsG		COG1263	PTS system glucose-specific EIICB component
CHQ_1_02781	gene	795	ycfH			
CHQ_1_02781	CDS	795	ycfH	3.1.-.-	COG0084	putative metal-dependent hydrolase YcfH
CHQ_1_02782	gene	1005	holB			
CHQ_1_02782	CDS	1005	holB	2.7.7.7	COG0470	DNA polymerase III subunit delta'
CHQ_1_02783	gene	642	tmk			
CHQ_1_02783	CDS	642	tmk	2.7.4.9	COG0125	Thymidylate kinase
CHQ_1_02784	gene	1023	mltG			
CHQ_1_02784	CDS	1023	mltG	4.2.2.-	COG1559	Endolytic murein transglycosylase
CHQ_1_02785	gene	810	pabC			
CHQ_1_02785	CDS	810	pabC	4.1.3.38	COG0115	Aminodeoxychorismate lyase
CHQ_1_02786	gene	1242	fabF_2			
CHQ_1_02786	CDS	1242	fabF_2	2.3.1.179	COG0304	3-oxoacyl-[acyl-carrier-protein] synthase 2
CHQ_1_02787	gene	237	acpP			
CHQ_1_02787	CDS	237	acpP			Acyl carrier protein
CHQ_1_02788	gene	735	fabG_5			
CHQ_1_02788	CDS	735	fabG_5	1.1.1.100		3-oxoacyl-[acyl-carrier-protein] reductase FabG
CHQ_1_02789	gene	930	fabD_2			
CHQ_1_02789	CDS	930	fabD_2	2.3.1.39	COG0331	Malonyl CoA-acyl carrier protein transacylase
CHQ_1_02790	gene	954	fabH			
CHQ_1_02790	CDS	954	fabH	2.3.1.180	COG0332	3-oxoacyl-[acyl-carrier-protein] synthase 3
CHQ_1_02791	gene	1161	plsX			
CHQ_1_02791	CDS	1161	plsX	2.3.1.274	COG0416	Phosphate acyltransferase
CHQ_1_02792	gene	174	rpmF			
CHQ_1_02792	CDS	174	rpmF		COG0333	50S ribosomal protein L32
CHQ_1_02793	gene	522	yceD			
CHQ_1_02793	CDS	522	yceD		COG1399	Large ribosomal RNA subunit accumulation protein YceD
CHQ_1_02794	gene	585	yceF			
CHQ_1_02794	CDS	585	yceF	3.6.1.-	COG0424	7-methyl-GTP pyrophosphatase
CHQ_1_02795	gene	996	rluC			
CHQ_1_02795	CDS	996	rluC	5.4.99.24	COG0564	Ribosomal large subunit pseudouridine synthase C
CHQ_1_02796	gene	3234	rne			
CHQ_1_02796	CDS	3234	rne	3.1.26.12	COG1530	Ribonuclease E
CHQ_1_02797	gene	936	dmlR_10			
CHQ_1_02797	CDS	936	dmlR_10			HTH-type transcriptional regulator DmlR
CHQ_1_02798	gene	1215	sotB_2			
CHQ_1_02798	CDS	1215	sotB_2			sugar efflux transporter
CHQ_1_02799	gene	1536	murJ			
CHQ_1_02799	CDS	1536	murJ		COG0728	putative lipid II flippase MurJ
CHQ_1_02800	gene	924	yceM			
CHQ_1_02800	CDS	924	yceM	1.-.-.-	COG0673	Putative oxidoreductase YceM
CHQ_1_02801	gene	654				
CHQ_1_02801	CDS	654				hypothetical protein
CHQ_1_02802	gene	669	rimJ			
CHQ_1_02802	CDS	669	rimJ	2.3.1.267	COG1670	[Ribosomal protein S5]-alanine N-acetyltransferase
CHQ_1_02803	gene	1209	mdtH_2			
CHQ_1_02803	CDS	1209	mdtH_2			Multidrug resistance protein MdtH
CHQ_1_02804	gene	561	yceB			
CHQ_1_02804	CDS	561	yceB			putative lipoprotein YceB
CHQ_1_02805	gene	1047	pyrC			
CHQ_1_02805	CDS	1047	pyrC	3.5.2.3	COG0418	Dihydroorotase
CHQ_1_02806	gene	252	dinI			
CHQ_1_02806	CDS	252	dinI			DNA damage-inducible protein I
CHQ_1_02807	gene	255	bssS			
CHQ_1_02807	CDS	255	bssS			Biofilm regulator BssS
CHQ_1_02808	gene	1119	solA			
CHQ_1_02808	CDS	1119	solA	1.5.3.-	COG0665	N-methyl-L-tryptophan oxidase
CHQ_1_02809	gene	114	yceO			
CHQ_1_02809	CDS	114	yceO			putative protein YceO
CHQ_1_02810	gene	1065				
CHQ_1_02810	CDS	1065				hypothetical protein
CHQ_1_02811	gene	921	lpxL_1			
CHQ_1_02811	CDS	921	lpxL_1	2.3.1.241	COG1560	Lipid A biosynthesis lauroyltransferase
CHQ_1_02812	gene	1239	sbnD_1			
CHQ_1_02812	CDS	1239	sbnD_1			Staphyloferrin B transporter
CHQ_1_02813	gene	387				
CHQ_1_02813	CDS	387				hypothetical protein
CHQ_1_02814	gene	228				
CHQ_1_02814	CDS	228				hypothetical protein
CHQ_1_02815	gene	2529	mdoH			
CHQ_1_02815	CDS	2529	mdoH	2.4.1.-	COG2943	Glucans biosynthesis glucosyltransferase H
CHQ_1_02816	gene	1554	mdoG			
CHQ_1_02816	CDS	1554	mdoG		COG3131	Glucans biosynthesis protein G
CHQ_1_02817	gene	1161	mdoC			
CHQ_1_02817	CDS	1161	mdoC	2.1.-.-		Glucans biosynthesis protein C
CHQ_1_02818	gene	594	betI_4			
CHQ_1_02818	CDS	594	betI_4			HTH-type transcriptional regulator BetI
CHQ_1_02819	gene	528	ymdB			
CHQ_1_02819	CDS	528	ymdB	3.1.1.106	COG2110	O-acetyl-ADP-ribose deacetylase
CHQ_1_02820	gene	483	ycdZ			
CHQ_1_02820	CDS	483	ycdZ			Inner membrane protein YcdZ
CHQ_1_02821	gene	555	ycdY			
CHQ_1_02821	CDS	555	ycdY		COG3381	Chaperone protein YcdY
CHQ_1_02822	gene	738	ycdX			
CHQ_1_02822	CDS	738	ycdX	3.1.3.-	COG1387	putative phosphatase YcdX
CHQ_1_02823	gene	939	ghrA_2			
CHQ_1_02823	CDS	939	ghrA_2	1.1.1.79	COG0111	Glyoxylate/hydroxypyruvate reductase A
CHQ_1_02824	gene	88				
CHQ_1_02824	tRNA	88				tRNA-Ser(gga)
CHQ_1_02825	gene	906	dmlR_11			
CHQ_1_02825	CDS	906	dmlR_11			HTH-type transcriptional regulator DmlR
CHQ_1_02826	gene	861				
CHQ_1_02826	CDS	861				hypothetical protein
CHQ_1_02827	gene	678	ycaC			
CHQ_1_02827	CDS	678	ycaC	4.-.-.-	COG1335	putative hydrolase YcaC
CHQ_1_02828	gene	88				
CHQ_1_02828	tRNA	88				tRNA-Ser(gga)
CHQ_1_02829	gene	645	dsbA_1			
CHQ_1_02829	CDS	645	dsbA_1		COG0526	Thiol:disulfide interchange protein DsbA
CHQ_1_02830	gene	789	phoH			
CHQ_1_02830	CDS	789	phoH		COG1702	Protein PhoH
CHQ_1_02831	gene	1284	efeB			
CHQ_1_02831	CDS	1284	efeB	1.11.1.-	COG2837	Deferrochelatase/peroxidase EfeB
CHQ_1_02832	gene	1128	efeO			
CHQ_1_02832	CDS	1128	efeO		COG2822	Iron uptake system component EfeO
CHQ_1_02833	gene	831	efeU			
CHQ_1_02833	CDS	831	efeU		COG0672	Ferrous iron permease EfeU
CHQ_1_02834	gene	1218	nupC_1			
CHQ_1_02834	CDS	1218	nupC_1		COG1972	Nucleoside permease NupC
CHQ_1_02835	gene	435				
CHQ_1_02835	CDS	435				hypothetical protein
CHQ_1_02836	gene	1509	putP			
CHQ_1_02836	CDS	1509	putP		COG0591	Sodium/proline symporter
CHQ_1_02837	gene	3963	putA			
CHQ_1_02837	CDS	3963	putA		COG0506	Bifunctional protein PutA
CHQ_1_02838	gene	396				
CHQ_1_02838	CDS	396				hypothetical protein
CHQ_1_02839	gene	639	rutR			
CHQ_1_02839	CDS	639	rutR		COG1309	HTH-type transcriptional regulator RutR
CHQ_1_02840	gene	1092	rutA			
CHQ_1_02840	CDS	1092	rutA	1.14.99.46	COG2141	Pyrimidine monooxygenase RutA
CHQ_1_02841	gene	711	rutB_1			
CHQ_1_02841	CDS	711	rutB_1	3.5.1.110	COG1335	Peroxyureidoacrylate/ureidoacrylate amidohydrolase RutB
CHQ_1_02842	gene	393	rutC_3			
CHQ_1_02842	CDS	393	rutC_3	1.-.-.-	COG0251	Putative aminoacrylate peracid reductase RutC
CHQ_1_02843	gene	804	rutD			
CHQ_1_02843	CDS	804	rutD	3.5.1.-		Putative aminoacrylate hydrolase RutD
CHQ_1_02844	gene	591	rutE			
CHQ_1_02844	CDS	591	rutE	1.1.1.298	COG0778	putative malonic semialdehyde reductase RutE
CHQ_1_02845	gene	495	rutF			
CHQ_1_02845	CDS	495	rutF	1.5.1.42	COG1853	FMN reductase (NADH) RutF
CHQ_1_02846	gene	1323	rutG			
CHQ_1_02846	CDS	1323	rutG		COG2233	Putative pyrimidine permease RutG
CHQ_1_02847	gene	939				
CHQ_1_02847	CDS	939				hypothetical protein
CHQ_1_02848	gene	222				
CHQ_1_02848	CDS	222				hypothetical protein
CHQ_1_02849	gene	597	wrbA			
CHQ_1_02849	CDS	597	wrbA	1.6.5.2	COG0655	NAD(P)H dehydrogenase (quinone)
CHQ_1_02850	gene	228	yccJ			
CHQ_1_02850	CDS	228	yccJ			putative protein YccJ
CHQ_1_02851	gene	387				
CHQ_1_02851	CDS	387				hypothetical protein
CHQ_1_02852	gene	222				
CHQ_1_02852	CDS	222				hypothetical protein
CHQ_1_02853	gene	249				
CHQ_1_02853	CDS	249				hypothetical protein
CHQ_1_02854	gene	1155				
CHQ_1_02854	CDS	1155				hypothetical protein
CHQ_1_02855	gene	1182	gpFI_2			
CHQ_1_02855	CDS	1182	gpFI_2			Putative prophage major tail sheath protein
CHQ_1_02856	gene	516				
CHQ_1_02856	CDS	516				hypothetical protein
CHQ_1_02857	gene	300				
CHQ_1_02857	CDS	300				hypothetical protein
CHQ_1_02858	gene	2937				
CHQ_1_02858	CDS	2937				hypothetical protein
CHQ_1_02859	gene	489				
CHQ_1_02859	CDS	489				hypothetical protein
CHQ_1_02860	gene	855				
CHQ_1_02860	CDS	855				hypothetical protein
CHQ_1_02861	gene	1182				
CHQ_1_02861	CDS	1182				hypothetical protein
CHQ_1_02862	gene	264				
CHQ_1_02862	CDS	264				hypothetical protein
CHQ_1_02863	gene	789				
CHQ_1_02863	CDS	789				hypothetical protein
CHQ_1_02864	gene	204				
CHQ_1_02864	CDS	204				hypothetical protein
CHQ_1_02865	gene	1590	purH			
CHQ_1_02865	CDS	1590	purH		COG0138	Bifunctional purine biosynthesis protein PurH
CHQ_1_02866	gene	1296	purD			
CHQ_1_02866	CDS	1296	purD	6.3.4.13	COG0151	Phosphoribosylamine--glycine ligase
CHQ_1_02867	gene	1332	zraR			
CHQ_1_02867	CDS	1332	zraR		COG2204	Transcriptional regulatory protein ZraR
CHQ_1_02868	gene	1395	zraS			
CHQ_1_02868	CDS	1395	zraS	2.7.13.3		Sensor protein ZraS
CHQ_1_02869	gene	438	zraP			
CHQ_1_02869	CDS	438	zraP		COG3678	Zinc resistance-associated protein
CHQ_1_02870	gene	696				
CHQ_1_02870	CDS	696				hypothetical protein
CHQ_1_02871	gene	273	hupA			
CHQ_1_02871	CDS	273	hupA			DNA-binding protein HU-alpha
CHQ_1_02872	gene	591				
CHQ_1_02872	CDS	591			COG3068	putative protein
CHQ_1_02873	gene	672	nfi			
CHQ_1_02873	CDS	672	nfi	3.1.21.7	COG1515	Endonuclease V
CHQ_1_02874	gene	1065	hemE			
CHQ_1_02874	CDS	1065	hemE	4.1.1.37	COG0407	Uroporphyrinogen decarboxylase
CHQ_1_02875	gene	774	nudC			
CHQ_1_02875	CDS	774	nudC	3.6.1.22	COG2816	NADH pyrophosphatase
CHQ_1_02876	gene	498	rsd			
CHQ_1_02876	CDS	498	rsd		COG3160	Regulator of sigma D
CHQ_1_02877	gene	1896	thiC			
CHQ_1_02877	CDS	1896	thiC	4.1.99.17	COG0422	Phosphomethylpyrimidine synthase
CHQ_1_02878	gene	636	thiE			
CHQ_1_02878	CDS	636	thiE	2.5.1.3	COG0352	Thiamine-phosphate synthase
CHQ_1_02879	gene	756	thiF			
CHQ_1_02879	CDS	756	thiF	2.7.7.73	COG0476	Sulfur carrier protein ThiS adenylyltransferase
CHQ_1_02880	gene	201	thiS			
CHQ_1_02880	CDS	201	thiS		COG2104	Sulfur carrier protein ThiS
CHQ_1_02881	gene	771	thiG			
CHQ_1_02881	CDS	771	thiG	2.8.1.10	COG2022	Thiazole synthase
CHQ_1_02882	gene	1134	thiH			
CHQ_1_02882	CDS	1134	thiH	4.1.99.19	COG1060	2-iminoacetate synthase
CHQ_1_02883	gene	1533				
CHQ_1_02883	CDS	1533				hypothetical protein
CHQ_1_02884	gene	306	celA_1			
CHQ_1_02884	CDS	306	celA_1	2.7.1.205		PTS system cellobiose-specific EIIB component
CHQ_1_02885	gene	318	chbA_2			
CHQ_1_02885	CDS	318	chbA_2		COG1447	PTS system N,N'-diacetylchitobiose-specific EIIA component
CHQ_1_02886	gene	1341	dcuB			
CHQ_1_02886	CDS	1341	dcuB		COG2704	Anaerobic C4-dicarboxylate transporter DcuB
CHQ_1_02887	gene	4224	rpoC			
CHQ_1_02887	CDS	4224	rpoC	2.7.7.6	COG0086	DNA-directed RNA polymerase subunit beta'
CHQ_1_02888	gene	4029	rpoB			
CHQ_1_02888	CDS	4029	rpoB	2.7.7.6	COG0085	DNA-directed RNA polymerase subunit beta
CHQ_1_02889	gene	366	rplL			
CHQ_1_02889	CDS	366	rplL		COG0222	50S ribosomal protein L7/L12
CHQ_1_02890	gene	498	rplJ			
CHQ_1_02890	CDS	498	rplJ		COG0244	50S ribosomal protein L10
CHQ_1_02891	gene	705	rplA			
CHQ_1_02891	CDS	705	rplA		COG0081	50S ribosomal protein L1
CHQ_1_02892	gene	429	rplK			
CHQ_1_02892	CDS	429	rplK		COG0080	50S ribosomal protein L11
CHQ_1_02893	gene	546	nusG			
CHQ_1_02893	CDS	546	nusG		COG0250	Transcription termination/antitermination protein NusG
CHQ_1_02894	gene	384	secE			
CHQ_1_02894	CDS	384	secE		COG0690	Protein translocase subunit SecE
CHQ_1_02895	gene	261	tuf1_1			
CHQ_1_02895	CDS	261	tuf1_1			Elongation factor Tu 1
CHQ_1_02896	gene	1674				
CHQ_1_02896	CDS	1674				Tn3 family transposase ISSba14
CHQ_1_02897	gene	579				
CHQ_1_02897	CDS	579				Tn3 family transposase ISYps3
CHQ_1_02898	gene	1206	srpC_1			
CHQ_1_02898	CDS	1206	srpC_1		COG2059	putative chromate transport protein
CHQ_1_02899	gene	306				
CHQ_1_02899	CDS	306			COG1695	Transcriptional regulator
CHQ_1_02900	gene	699	arsH			
CHQ_1_02900	CDS	699	arsH	1.-.-.-	COG0431	NADPH-dependent FMN reductase ArsH
CHQ_1_02901	gene	321	arsR2			
CHQ_1_02901	CDS	321	arsR2		COG0640	Arsenic resistance transcriptional regulator ArsR2
CHQ_1_02902	gene	1368	arsB_2			
CHQ_1_02902	CDS	1368	arsB_2		COG1055	Arsenical pump membrane protein
CHQ_1_02903	gene	426	arsC_2			
CHQ_1_02903	CDS	426	arsC_2	1.20.4.1		Arsenate reductase
CHQ_1_02904	gene	279				
CHQ_1_02904	CDS	279				hypothetical protein
CHQ_1_02905	gene	252				
CHQ_1_02905	CDS	252				hypothetical protein
CHQ_1_02906	gene	768	fecE_2			
CHQ_1_02906	CDS	768	fecE_2		COG1120	Fe(3+) dicitrate transport ATP-binding protein FecE
CHQ_1_02907	gene	957	fecD			
CHQ_1_02907	CDS	957	fecD		COG0609	Fe(3+) dicitrate transport system permease protein FecD
CHQ_1_02908	gene	999	fecC			
CHQ_1_02908	CDS	999	fecC		COG0609	Fe(3+) dicitrate transport system permease protein FecC
CHQ_1_02909	gene	903	fecB			
CHQ_1_02909	CDS	903	fecB		COG4594	Fe(3+) dicitrate-binding periplasmic protein
CHQ_1_02910	gene	2325	fecA			
CHQ_1_02910	CDS	2325	fecA		COG4772	Fe(3+) dicitrate transport protein FecA
CHQ_1_02911	gene	954	fecR			
CHQ_1_02911	CDS	954	fecR		COG3712	Protein FecR
CHQ_1_02912	gene	522	fecI			
CHQ_1_02912	CDS	522	fecI		COG1595	putative RNA polymerase sigma factor FecI
CHQ_1_02913	gene	105				
CHQ_1_02913	CDS	105				hypothetical protein
CHQ_1_02914	gene	1218				
CHQ_1_02914	CDS	1218		3.5.3.3		Creatinase
CHQ_1_02915	gene	954	gcvA_4			
CHQ_1_02915	CDS	954	gcvA_4			Glycine cleavage system transcriptional activator
CHQ_1_02916	gene	849	glnH_3			
CHQ_1_02916	CDS	849	glnH_3		COG0834	Glutamine-binding periplasmic protein
CHQ_1_02917	gene	672	yecS_4			
CHQ_1_02917	CDS	672	yecS_4		COG0765	L-cystine transport system permease protein YecS
CHQ_1_02918	gene	663	yecS_5			
CHQ_1_02918	CDS	663	yecS_5		COG0765	L-cystine transport system permease protein YecS
CHQ_1_02919	gene	819	glnQ_6			
CHQ_1_02919	CDS	819	glnQ_6			Glutamine transport ATP-binding protein GlnQ
CHQ_1_02920	gene	966	ytfF_2			
CHQ_1_02920	CDS	966	ytfF_2			Inner membrane protein YtfF
CHQ_1_02921	gene	420				
CHQ_1_02921	CDS	420				hypothetical protein
CHQ_1_02922	gene	801	xerC_3			
CHQ_1_02922	CDS	801	xerC_3			Tyrosine recombinase XerC
CHQ_1_02923	gene	717				
CHQ_1_02923	CDS	717				hypothetical protein
CHQ_1_02924	gene	810				
CHQ_1_02924	CDS	810				hypothetical protein
CHQ_1_02925	gene	921				
CHQ_1_02925	CDS	921				hypothetical protein
CHQ_1_02926	gene	1089	pifC			
CHQ_1_02926	CDS	1089	pifC			Transcriptional repressor PifC
CHQ_1_02927	gene	1374				
CHQ_1_02927	CDS	1374				hypothetical protein
CHQ_1_02928	gene	1329				
CHQ_1_02928	CDS	1329				hypothetical protein
CHQ_1_02929	gene	576				
CHQ_1_02929	CDS	576				hypothetical protein
CHQ_1_02930	gene	231				
CHQ_1_02930	CDS	231				hypothetical protein
CHQ_1_02931	gene	402	vapC			
CHQ_1_02931	CDS	402	vapC	3.1.-.-	COG1487	tRNA(fMet)-specific endonuclease VapC
CHQ_1_02932	gene	1563				
CHQ_1_02932	CDS	1563				hypothetical protein
CHQ_1_02933	gene	1023				
CHQ_1_02933	CDS	1023				hypothetical protein
CHQ_1_02934	gene	996				
CHQ_1_02934	CDS	996				hypothetical protein
CHQ_1_02935	gene	126				
CHQ_1_02935	CDS	126				hypothetical protein
CHQ_1_02936	gene	351				
CHQ_1_02936	CDS	351				hypothetical protein
CHQ_1_02937	gene	432	silE_1			
CHQ_1_02937	CDS	432	silE_1			Silver-binding protein SilE
CHQ_1_02938	gene	1476	cusS			
CHQ_1_02938	CDS	1476	cusS	2.7.13.3	COG0642	Sensor histidine kinase CusS
CHQ_1_02939	gene	681	cusR			
CHQ_1_02939	CDS	681	cusR		COG0745	Transcriptional regulatory protein CusR
CHQ_1_02940	gene	1386	cusC_3			
CHQ_1_02940	CDS	1386	cusC_3		COG1538	Cation efflux system protein CusC
CHQ_1_02941	gene	354	cusF			
CHQ_1_02941	CDS	354	cusF		COG5569	Cation efflux system protein CusF
CHQ_1_02942	gene	1293	cusB			
CHQ_1_02942	CDS	1293	cusB			Cation efflux system protein CusB
CHQ_1_02943	gene	3147	cusA			
CHQ_1_02943	CDS	3147	cusA		COG3696	Cation efflux system protein CusA
CHQ_1_02944	gene	441				
CHQ_1_02944	CDS	441				hypothetical protein
CHQ_1_02945	gene	2457	silP			
CHQ_1_02945	CDS	2457	silP	7.2.2.15		Silver exporting P-type ATPase
CHQ_1_02946	gene	198				
CHQ_1_02946	CDS	198				hypothetical protein
CHQ_1_02947	gene	738	mepM_2			
CHQ_1_02947	CDS	738	mepM_2	3.4.24.-	COG0739	Murein DD-endopeptidase MepM
CHQ_1_02948	gene	450	silE_2			
CHQ_1_02948	CDS	450	silE_2			Silver-binding protein SilE
CHQ_1_02949	gene	1818	copA_1			
CHQ_1_02949	CDS	1818	copA_1			Copper resistance protein A
CHQ_1_02950	gene	897	copB			
CHQ_1_02950	CDS	897	copB			Copper resistance protein B
CHQ_1_02951	gene	381	pcoC			
CHQ_1_02951	CDS	381	pcoC		COG2372	Copper resistance protein C
CHQ_1_02952	gene	930	copD			
CHQ_1_02952	CDS	930	copD			Copper resistance protein D
CHQ_1_02953	gene	681	copR			
CHQ_1_02953	CDS	681	copR			Transcriptional activator protein CopR
CHQ_1_02954	gene	1401	sasA_4			
CHQ_1_02954	CDS	1401	sasA_4	2.7.-.-		Adaptive-response sensory-kinase SasA
CHQ_1_02955	gene	435	pcoE			
CHQ_1_02955	CDS	435	pcoE			putative copper-binding protein PcoE
CHQ_1_02956	gene	555	yrdA_1			
CHQ_1_02956	CDS	555	yrdA_1		COG0663	Protein YrdA
CHQ_1_02957	gene	258				
CHQ_1_02957	CDS	258				hypothetical protein
CHQ_1_02958	gene	819	aroE_2			
CHQ_1_02958	CDS	819	aroE_2	1.1.1.25	COG0169	Shikimate dehydrogenase (NADP(+))
CHQ_1_02959	gene	573	tsaC			
CHQ_1_02959	CDS	573	tsaC	2.7.7.87	COG0009	Threonylcarbamoyl-AMP synthase
CHQ_1_02960	gene	543	topA_1			
CHQ_1_02960	CDS	543	topA_1	5.6.2.1	COG0550	DNA topoisomerase 1
CHQ_1_02961	gene	474	smg			
CHQ_1_02961	CDS	474	smg			Protein Smg
CHQ_1_02962	gene	1125				
CHQ_1_02962	CDS	1125				hypothetical protein
CHQ_1_02963	gene	510	def			
CHQ_1_02963	CDS	510	def	3.5.1.88	COG0242	Peptide deformylase
CHQ_1_02964	gene	948	fmt			
CHQ_1_02964	CDS	948	fmt	2.1.2.9	COG0223	Methionyl-tRNA formyltransferase
CHQ_1_02965	gene	1296	rsmB			
CHQ_1_02965	CDS	1296	rsmB	2.1.1.176	COG0144	Ribosomal RNA small subunit methyltransferase B
CHQ_1_02966	gene	1377	trkA			
CHQ_1_02966	CDS	1377	trkA		COG0569	Trk system potassium uptake protein TrkA
CHQ_1_02967	gene	414	mscL			
CHQ_1_02967	CDS	414	mscL		COG1970	Large-conductance mechanosensitive channel
CHQ_1_02968	gene	279				
CHQ_1_02968	CDS	279				hypothetical protein
CHQ_1_02969	gene	426	zntR			
CHQ_1_02969	CDS	426	zntR		COG0789	HTH-type transcriptional regulator ZntR
CHQ_1_02970	gene	369				
CHQ_1_02970	CDS	369				hypothetical protein
CHQ_1_02971	gene	387	rplQ			
CHQ_1_02971	CDS	387	rplQ		COG0203	50S ribosomal protein L17
CHQ_1_02972	gene	990	rpoA			
CHQ_1_02972	CDS	990	rpoA	2.7.7.6		DNA-directed RNA polymerase subunit alpha
CHQ_1_02973	gene	621	rpsD			
CHQ_1_02973	CDS	621	rpsD		COG0522	30S ribosomal protein S4
CHQ_1_02974	gene	357	rpsM			
CHQ_1_02974	CDS	357	rpsM		COG0099	30S ribosomal protein S13
CHQ_1_02975	gene	1332	secY			
CHQ_1_02975	CDS	1332	secY		COG0201	Protein translocase subunit SecY
CHQ_1_02976	gene	435	rplO			
CHQ_1_02976	CDS	435	rplO		COG0200	50S ribosomal protein L15
CHQ_1_02977	gene	180	rpmD			
CHQ_1_02977	CDS	180	rpmD		COG1841	50S ribosomal protein L30
CHQ_1_02978	gene	504	rpsE			
CHQ_1_02978	CDS	504	rpsE		COG0098	30S ribosomal protein S5
CHQ_1_02979	gene	534	rplF			
CHQ_1_02979	CDS	534	rplF		COG0097	50S ribosomal protein L6
CHQ_1_02980	gene	393	rpsH			
CHQ_1_02980	CDS	393	rpsH		COG0096	30S ribosomal protein S8
CHQ_1_02981	gene	306	rpsN			
CHQ_1_02981	CDS	306	rpsN		COG0199	30S ribosomal protein S14
CHQ_1_02982	gene	540	rplE			
CHQ_1_02982	CDS	540	rplE		COG0094	50S ribosomal protein L5
CHQ_1_02983	gene	315	rplX			
CHQ_1_02983	CDS	315	rplX		COG0198	50S ribosomal protein L24
CHQ_1_02984	gene	372	rplN			
CHQ_1_02984	CDS	372	rplN		COG0093	50S ribosomal protein L14
CHQ_1_02985	gene	255	rpsQ			
CHQ_1_02985	CDS	255	rpsQ		COG0186	30S ribosomal protein S17
CHQ_1_02986	gene	192	rpmC			
CHQ_1_02986	CDS	192	rpmC		COG0255	50S ribosomal protein L29
CHQ_1_02987	gene	411	rplP			
CHQ_1_02987	CDS	411	rplP		COG0197	50S ribosomal protein L16
CHQ_1_02988	gene	699	rpsC			
CHQ_1_02988	CDS	699	rpsC		COG0092	30S ribosomal protein S3
CHQ_1_02989	gene	333	rplV			
CHQ_1_02989	CDS	333	rplV		COG0091	50S ribosomal protein L22
CHQ_1_02990	gene	279	rpsS			
CHQ_1_02990	CDS	279	rpsS		COG0185	30S ribosomal protein S19
CHQ_1_02991	gene	822	rplB			
CHQ_1_02991	CDS	822	rplB		COG0090	50S ribosomal protein L2
CHQ_1_02992	gene	303	rplW			
CHQ_1_02992	CDS	303	rplW		COG0089	50S ribosomal protein L23
CHQ_1_02993	gene	606	rplD			
CHQ_1_02993	CDS	606	rplD		COG0088	50S ribosomal protein L4
CHQ_1_02994	gene	630	rplC			
CHQ_1_02994	CDS	630	rplC		COG0087	50S ribosomal protein L3
CHQ_1_02995	gene	312	rpsJ			
CHQ_1_02995	CDS	312	rpsJ		COG0051	30S ribosomal protein S10
CHQ_1_02996	gene	507				
CHQ_1_02996	CDS	507				hypothetical protein
CHQ_1_02997	gene	477	bfr			
CHQ_1_02997	CDS	477	bfr	1.16.3.1	COG2193	Bacterioferritin
CHQ_1_02998	gene	195	bfd			
CHQ_1_02998	CDS	195	bfd		COG2906	Bacterioferritin-associated ferredoxin
CHQ_1_02999	gene	261	tuf1_2			
CHQ_1_02999	CDS	261	tuf1_2			Elongation factor Tu 1
CHQ_1_03000	gene	543	hemG			
CHQ_1_03000	CDS	543	hemG	1.3.5.3	COG4635	Protoporphyrinogen IX dehydrogenase [menaquinone]
CHQ_1_03001	gene	1452	trkH			
CHQ_1_03001	CDS	1452	trkH		COG0168	Trk system potassium uptake protein TrkH
CHQ_1_03002	gene	615	yigZ			
CHQ_1_03002	CDS	615	yigZ		COG1739	IMPACT family member YigZ
CHQ_1_03003	gene	1332	pepQ			
CHQ_1_03003	CDS	1332	pepQ	3.4.13.9	COG0006	Xaa-Pro dipeptidase
CHQ_1_03004	gene	2190	fadB			
CHQ_1_03004	CDS	2190	fadB		COG1024	Fatty acid oxidation complex subunit alpha
CHQ_1_03005	gene	1164	fadA			
CHQ_1_03005	CDS	1164	fadA	2.3.1.16	COG0183	3-ketoacyl-CoA thiolase
CHQ_1_03006	gene	702	fre			
CHQ_1_03006	CDS	702	fre	1.5.1.41	COG0543	NAD(P)H-flavin reductase
CHQ_1_03007	gene	1476	ubiD			
CHQ_1_03007	CDS	1476	ubiD	4.1.1.98	COG0043	3-octaprenyl-4-hydroxybenzoate carboxy-lyase
CHQ_1_03008	gene	489	rfaH			
CHQ_1_03008	CDS	489	rfaH		COG0250	Transcription antitermination protein RfaH
CHQ_1_03009	gene	792	tatD			
CHQ_1_03009	CDS	792	tatD	3.1.11.-	COG0084	3'-5' ssDNA/RNA exonuclease TatD
CHQ_1_03010	gene	780	tatC			
CHQ_1_03010	CDS	780	tatC		COG0805	Sec-independent protein translocase protein TatC
CHQ_1_03011	gene	525	tatB			
CHQ_1_03011	CDS	525	tatB		COG1826	Sec-independent protein translocase protein TatB
CHQ_1_03012	gene	252	tatA			
CHQ_1_03012	CDS	252	tatA		COG1826	Sec-independent protein translocase protein TatA
CHQ_1_03013	gene	1641	ubiB			
CHQ_1_03013	CDS	1641	ubiB	2.7.-.-	COG0661	putative protein kinase UbiB
CHQ_1_03014	gene	606	ubiJ_2			
CHQ_1_03014	CDS	606	ubiJ_2		COG3165	Ubiquinone biosynthesis accessory factor UbiJ
CHQ_1_03015	gene	756	ubiE			
CHQ_1_03015	CDS	756	ubiE	2.1.1.163	COG2226	Ubiquinone/menaquinone biosynthesis C-methyltransferase UbiE
CHQ_1_03016	gene	1449				
CHQ_1_03016	CDS	1449				hypothetical protein
CHQ_1_03017	gene	762	udp			
CHQ_1_03017	CDS	762	udp	2.4.2.3	COG2820	Uridine phosphorylase
CHQ_1_03018	gene	813	clcD			
CHQ_1_03018	CDS	813	clcD	3.1.1.45		Carboxymethylenebutenolidase
CHQ_1_03019	gene	2265	metE			
CHQ_1_03019	CDS	2265	metE	2.1.1.14	COG0620	5-methyltetrahydropteroyltriglutamate--homocysteine methyltransferase
CHQ_1_03020	gene	954	metR			
CHQ_1_03020	CDS	954	metR			HTH-type transcriptional regulator MetR
CHQ_1_03021	gene	900	bioP			
CHQ_1_03021	CDS	900	bioP		COG0697	Biotin transporter
CHQ_1_03022	gene	801	yigL			
CHQ_1_03022	CDS	801	yigL	3.1.3.74	COG0561	Pyridoxal phosphate phosphatase YigL
CHQ_1_03023	gene	993	pldB			
CHQ_1_03023	CDS	993	pldB	3.1.1.5	COG2267	Lysophospholipase L2
CHQ_1_03024	gene	621	rhtB_2			
CHQ_1_03024	CDS	621	rhtB_2		COG1280	Homoserine/homoserine lactone efflux protein
CHQ_1_03025	gene	933				
CHQ_1_03025	CDS	933				ISNCY family transposase ISSen7
CHQ_1_03026	gene	621	rhtC_2			
CHQ_1_03026	CDS	621	rhtC_2		COG1280	Threonine efflux protein
CHQ_1_03027	gene	1827	recQ			
CHQ_1_03027	CDS	1827	recQ	3.6.4.12	COG0514	ATP-dependent DNA helicase RecQ
CHQ_1_03028	gene	861	pldA			
CHQ_1_03028	CDS	861	pldA	3.1.1.32	COG2829	Phospholipase A1
CHQ_1_03029	gene	465				
CHQ_1_03029	CDS	465				hypothetical protein
CHQ_1_03030	gene	894	rarD			
CHQ_1_03030	CDS	894	rarD		COG2962	Protein RarD
CHQ_1_03031	gene	951	corA			
CHQ_1_03031	CDS	951	corA		COG0598	Magnesium transport protein CorA
CHQ_1_03032	gene	2163	uvrD			
CHQ_1_03032	CDS	2163	uvrD	3.6.4.12	COG0210	DNA helicase II
CHQ_1_03033	gene	717	yigB			
CHQ_1_03033	CDS	717	yigB	3.1.3.104	COG1011	5-amino-6-(5-phospho-D-ribitylamino)uracil phosphatase YigB
CHQ_1_03034	gene	903	xerC_4			
CHQ_1_03034	CDS	903	xerC_4		COG4973	Tyrosine recombinase XerC
CHQ_1_03035	gene	708				
CHQ_1_03035	CDS	708				hypothetical protein
CHQ_1_03036	gene	825	dapF_1			
CHQ_1_03036	CDS	825	dapF_1	5.1.1.7	COG0253	Diaminopimelate epimerase
CHQ_1_03037	gene	225				
CHQ_1_03037	CDS	225				hypothetical protein
CHQ_1_03038	gene	321	cyaY			
CHQ_1_03038	CDS	321	cyaY		COG1965	Iron-sulfur cluster assembly protein CyaY
CHQ_1_03039	gene	2631	cyaA			
CHQ_1_03039	CDS	2631	cyaA	4.6.1.1	COG3072	Adenylate cyclase
CHQ_1_03040	gene	957	hemC			
CHQ_1_03040	CDS	957	hemC	2.5.1.61	COG0181	Porphobilinogen deaminase
CHQ_1_03041	gene	741	hemD			
CHQ_1_03041	CDS	741	hemD	4.2.1.75	COG1587	Uroporphyrinogen-III synthase
CHQ_1_03042	gene	1191	hemX			
CHQ_1_03042	CDS	1191	hemX		COG2959	Protein HemX
CHQ_1_03043	gene	1197	hemY			
CHQ_1_03043	CDS	1197	hemY		COG3071	Protein HemY
CHQ_1_03044	gene	77				
CHQ_1_03044	tRNA	77				tRNA-Pro(tgg)
CHQ_1_03045	gene	87				
CHQ_1_03045	tRNA	87				tRNA-Leu(cag)
CHQ_1_03046	gene	76				
CHQ_1_03046	tRNA	76				tRNA-His(gtg)
CHQ_1_03047	gene	77				
CHQ_1_03047	tRNA	77				tRNA-Arg(ccg)
CHQ_1_03048	gene	1386	yifK			
CHQ_1_03048	CDS	1386	yifK		COG1113	putative transport protein YifK
CHQ_1_03049	gene	741	wecG			
CHQ_1_03049	CDS	741	wecG	2.4.1.180	COG1922	UDP-N-acetyl-D-mannosaminuronic acid transferase
CHQ_1_03050	gene	1347	wzyE			
CHQ_1_03050	CDS	1347	wzyE			putative ECA polymerase
CHQ_1_03051	gene	1077	wecF			
CHQ_1_03051	CDS	1077	wecF	2.4.1.325		TDP-N-acetylfucosamine:lipid II N-acetylfucosaminyltransferase
CHQ_1_03052	gene	1251	wzxE			
CHQ_1_03052	CDS	1251	wzxE		COG2244	Lipid III flippase
CHQ_1_03053	gene	1131	wecE			
CHQ_1_03053	CDS	1131	wecE	2.6.1.59	COG0399	dTDP-4-amino-4,6-dideoxygalactose transaminase
CHQ_1_03054	gene	675	wecD			
CHQ_1_03054	CDS	675	wecD	2.3.1.210	COG0454	dTDP-fucosamine acetyltransferase
CHQ_1_03055	gene	882	rffH_2			
CHQ_1_03055	CDS	882	rffH_2	2.7.7.24	COG1209	Glucose-1-phosphate thymidylyltransferase 2
CHQ_1_03056	gene	1068	rffG_2			
CHQ_1_03056	CDS	1068	rffG_2	4.2.1.46	COG1088	dTDP-glucose 4,6-dehydratase 2
CHQ_1_03057	gene	1263	wecC			
CHQ_1_03057	CDS	1263	wecC	1.1.1.336	COG0677	UDP-N-acetyl-D-mannosamine dehydrogenase
CHQ_1_03058	gene	1086	wecB			
CHQ_1_03058	CDS	1086	wecB	5.1.3.14	COG0381	UDP-N-acetylglucosamine 2-epimerase
CHQ_1_03059	gene	1017	wzzE			
CHQ_1_03059	CDS	1017	wzzE		COG3765	ECA polysaccharide chain length modulation protein
CHQ_1_03060	gene	1104	wecA			
CHQ_1_03060	CDS	1104	wecA	2.7.8.33	COG0472	Undecaprenyl-phosphate alpha-N-acetylglucosaminyl 1-phosphate transferase
CHQ_1_03061	gene	1260	rho			
CHQ_1_03061	CDS	1260	rho	3.6.4.-	COG1158	Transcription termination factor Rho
CHQ_1_03062	gene	189				
CHQ_1_03062	CDS	189				hypothetical protein
CHQ_1_03063	gene	330	trxA			
CHQ_1_03063	CDS	330	trxA		COG0526	Thioredoxin 1
CHQ_1_03064	gene	1266	rhlB			
CHQ_1_03064	CDS	1266	rhlB	3.6.4.13	COG0513	ATP-dependent RNA helicase RhlB
CHQ_1_03065	gene	1491	gppA			
CHQ_1_03065	CDS	1491	gppA	3.6.1.40	COG0248	Guanosine-5'-triphosphate,3'-diphosphate pyrophosphatase
CHQ_1_03066	gene	2025	rep_3			
CHQ_1_03066	CDS	2025	rep_3	3.6.4.12	COG0210	ATP-dependent DNA helicase Rep
CHQ_1_03067	gene	282	ppiC_1			
CHQ_1_03067	CDS	282	ppiC_1	5.2.1.8	COG0760	Peptidyl-prolyl cis-trans isomerase C
CHQ_1_03068	gene	282	ppiC_2			
CHQ_1_03068	CDS	282	ppiC_2	5.2.1.8	COG0760	Peptidyl-prolyl cis-trans isomerase C
CHQ_1_03069	gene	1476	ilvC			
CHQ_1_03069	CDS	1476	ilvC	1.1.1.86	COG0059	Ketol-acid reductoisomerase (NADP(+))
CHQ_1_03070	gene	891	oxyR_3			
CHQ_1_03070	CDS	891	oxyR_3			Hydrogen peroxide-inducible genes activator
CHQ_1_03071	gene	1545	ilvA			
CHQ_1_03071	CDS	1545	ilvA	4.3.1.19	COG1171	L-threonine dehydratase biosynthetic IlvA
CHQ_1_03072	gene	1851	ilvD			
CHQ_1_03072	CDS	1851	ilvD	4.2.1.9	COG0129	Dihydroxy-acid dehydratase
CHQ_1_03073	gene	930	ilvE			
CHQ_1_03073	CDS	930	ilvE	2.6.1.42	COG0115	Branched-chain-amino-acid aminotransferase
CHQ_1_03074	gene	258	ilvM			
CHQ_1_03074	CDS	258	ilvM	2.2.1.6	COG3978	Acetolactate synthase isozyme 2 small subunit
CHQ_1_03075	gene	1647	ilvG			
CHQ_1_03075	CDS	1647	ilvG	2.2.1.6		Acetolactate synthase isozyme 2 large subunit
CHQ_1_03076	gene	1521	comM			
CHQ_1_03076	CDS	1521	comM		COG0606	Competence protein ComM
CHQ_1_03077	gene	339				
CHQ_1_03077	CDS	339				hypothetical protein
CHQ_1_03078	gene	822	hdfR_2			
CHQ_1_03078	CDS	822	hdfR_2			HTH-type transcriptional regulator HdfR
CHQ_1_03079	gene	76				
CHQ_1_03079	tRNA	76				tRNA-Trp(cca)
CHQ_1_03080	gene	77				
CHQ_1_03080	tRNA	77				tRNA-Asp(gtc)
CHQ_1_03081	gene	741	xerC_5			
CHQ_1_03081	CDS	741	xerC_5			Tyrosine recombinase XerC
CHQ_1_03082	gene	1011	repB			
CHQ_1_03082	CDS	1011	repB			RepFIB replication protein A
CHQ_1_03083	gene	1167				
CHQ_1_03083	CDS	1167				hypothetical protein
CHQ_1_03084	gene	972	sopB			
CHQ_1_03084	CDS	972	sopB			Protein SopB
CHQ_1_03085	gene	306				
CHQ_1_03085	CDS	306				hypothetical protein
CHQ_1_03086	gene	252				
CHQ_1_03086	CDS	252				hypothetical protein
CHQ_1_03087	gene	1272	umuC_1			
CHQ_1_03087	CDS	1272	umuC_1		COG0389	Protein UmuC
CHQ_1_03088	gene	426	umuD_1			
CHQ_1_03088	CDS	426	umuD_1	3.4.21.-	COG1974	Protein UmuD
CHQ_1_03089	gene	231				
CHQ_1_03089	CDS	231				hypothetical protein
CHQ_1_03090	gene	426	klcA_1			
CHQ_1_03090	CDS	426	klcA_1			Antirestriction protein KlcA
CHQ_1_03091	gene	255				
CHQ_1_03091	CDS	255				hypothetical protein
CHQ_1_03092	gene	321				
CHQ_1_03092	CDS	321				hypothetical protein
CHQ_1_03093	gene	543	ssb_2			
CHQ_1_03093	CDS	543	ssb_2			Plasmid-derived single-stranded DNA-binding protein
CHQ_1_03094	gene	249				
CHQ_1_03094	CDS	249				hypothetical protein
CHQ_1_03095	gene	507				
CHQ_1_03095	CDS	507				hypothetical protein
CHQ_1_03096	gene	834				
CHQ_1_03096	CDS	834				hypothetical protein
CHQ_1_03097	gene	531	klcA_2			
CHQ_1_03097	CDS	531	klcA_2			Antirestriction protein KlcA
CHQ_1_03098	gene	408				
CHQ_1_03098	CDS	408				hypothetical protein
CHQ_1_03099	gene	393	traM			
CHQ_1_03099	CDS	393	traM			Relaxosome protein TraM
CHQ_1_03100	gene	2478	traI_1			
CHQ_1_03100	CDS	2478	traI_1			Multifunctional conjugation protein TraI
CHQ_1_03101	gene	645				
CHQ_1_03101	CDS	645				hypothetical protein
CHQ_1_03102	gene	597	finO			
CHQ_1_03102	CDS	597	finO			Fertility inhibition protein
CHQ_1_03103	gene	348				
CHQ_1_03103	CDS	348				hypothetical protein
CHQ_1_03104	gene	546				
CHQ_1_03104	CDS	546				hypothetical protein
CHQ_1_03105	gene	966	arsA_1			
CHQ_1_03105	CDS	966	arsA_1	7.3.2.7		Arsenical pump-driving ATPase
CHQ_1_03106	gene	429				
CHQ_1_03106	CDS	429				hypothetical protein
CHQ_1_03107	gene	426	arsC_3			
CHQ_1_03107	CDS	426	arsC_3	1.20.4.1		Arsenate reductase
CHQ_1_03108	gene	1290	arsB_3			
CHQ_1_03108	CDS	1290	arsB_3		COG1055	Arsenical pump membrane protein
CHQ_1_03109	gene	1752	arsA_2			
CHQ_1_03109	CDS	1752	arsA_2	7.3.2.7		Arsenical pump-driving ATPase
CHQ_1_03110	gene	363	arsD			
CHQ_1_03110	CDS	363	arsD			Arsenical resistance operon trans-acting repressor ArsD
CHQ_1_03111	gene	351				
CHQ_1_03111	CDS	351				hypothetical protein
CHQ_1_03112	gene	249				
CHQ_1_03112	CDS	249				hypothetical protein
CHQ_1_03113	gene	1209				
CHQ_1_03113	CDS	1209				hypothetical protein
CHQ_1_03114	gene	492				
CHQ_1_03114	CDS	492				hypothetical protein
CHQ_1_03115	gene	231				
CHQ_1_03115	CDS	231				hypothetical protein
CHQ_1_03116	gene	267				
CHQ_1_03116	CDS	267				hypothetical protein
CHQ_1_03117	gene	1077				
CHQ_1_03117	CDS	1077				IS110 family transposase ISEc21
CHQ_1_03118	gene	507				
CHQ_1_03118	CDS	507				hypothetical protein
CHQ_1_03119	gene	399	nikR			
CHQ_1_03119	CDS	399	nikR		COG0864	Nickel-responsive regulator
CHQ_1_03120	gene	792	nikE			
CHQ_1_03120	CDS	792	nikE	7.2.2.11		Nickel import ATP-binding protein NikE
CHQ_1_03121	gene	765	nikD			
CHQ_1_03121	CDS	765	nikD	7.2.2.11		Nickel import ATP-binding protein NikD
CHQ_1_03122	gene	834	nikC			
CHQ_1_03122	CDS	834	nikC		COG1173	Nickel transport system permease protein NikC
CHQ_1_03123	gene	945	nikB			
CHQ_1_03123	CDS	945	nikB		COG0601	Nickel transport system permease protein NikB
CHQ_1_03124	gene	1569	nikA			
CHQ_1_03124	CDS	1569	nikA		COG0747	Nickel-binding periplasmic protein
CHQ_1_03125	gene	861	allS			
CHQ_1_03125	CDS	861	allS			HTH-type transcriptional activator AllS
CHQ_1_03126	gene	507	padC			
CHQ_1_03126	CDS	507	padC	4.1.1.102	COG3479	Phenolic acid decarboxylase PadC
CHQ_1_03127	gene	1140	arnB			
CHQ_1_03127	CDS	1140	arnB	2.6.1.87	COG0399	UDP-4-amino-4-deoxy-L-arabinose--oxoglutarate aminotransferase
CHQ_1_03128	gene	984	arnC_2			
CHQ_1_03128	CDS	984	arnC_2	2.4.2.53	COG0463	Undecaprenyl-phosphate 4-deoxy-4-formamido-L-arabinose transferase
CHQ_1_03129	gene	1986	arnA			
CHQ_1_03129	CDS	1986	arnA		COG0223	Bifunctional polymyxin resistance protein ArnA
CHQ_1_03130	gene	903	arnD			
CHQ_1_03130	CDS	903	arnD	3.5.1.-	COG0726	putative 4-deoxy-4-formamido-L-arabinose-phosphoundecaprenol deformylase ArnD
CHQ_1_03131	gene	1656	arnT			
CHQ_1_03131	CDS	1656	arnT	2.4.2.43	COG1807	Undecaprenyl phosphate-alpha-4-amino-4-deoxy-L-arabinose arabinosyl transferase
CHQ_1_03132	gene	339	arnE			
CHQ_1_03132	CDS	339	arnE		COG0697	putative 4-amino-4-deoxy-L-arabinose-phosphoundecaprenol flippase subunit ArnE
CHQ_1_03133	gene	381	arnF			
CHQ_1_03133	CDS	381	arnF		COG0697	putative 4-amino-4-deoxy-L-arabinose-phosphoundecaprenol flippase subunit ArnF
CHQ_1_03134	gene	1050	yhhT_1			
CHQ_1_03134	CDS	1050	yhhT_1		COG0628	Putative transport protein YhhT
CHQ_1_03135	gene	1221	yhhS_2			
CHQ_1_03135	CDS	1221	yhhS_2			putative MFS-type transporter YhhS
CHQ_1_03136	gene	558				
CHQ_1_03136	CDS	558				hypothetical protein
CHQ_1_03137	gene	666	yhhQ			
CHQ_1_03137	CDS	666	yhhQ		COG1738	Queuosine precursor transporter
CHQ_1_03138	gene	246	tusA			
CHQ_1_03138	CDS	246	tusA		COG0425	Sulfur carrier protein TusA
CHQ_1_03139	gene	2211	zntA			
CHQ_1_03139	CDS	2211	zntA	3.6.3.3		Zinc/cadmium/lead-transporting P-type ATPase
CHQ_1_03140	gene	627				
CHQ_1_03140	CDS	627				hypothetical protein
CHQ_1_03141	gene	351				
CHQ_1_03141	CDS	351				hypothetical protein
CHQ_1_03142	gene	276				
CHQ_1_03142	CDS	276				hypothetical protein
CHQ_1_03143	gene	597	rsmD			
CHQ_1_03143	CDS	597	rsmD	2.1.1.171	COG0742	Ribosomal RNA small subunit methyltransferase D
CHQ_1_03144	gene	1524	ftsY			
CHQ_1_03144	CDS	1524	ftsY		COG0552	Signal recognition particle receptor FtsY
CHQ_1_03145	gene	669	ftsE			
CHQ_1_03145	CDS	669	ftsE		COG2884	Cell division ATP-binding protein FtsE
CHQ_1_03146	gene	1056	ftsX			
CHQ_1_03146	CDS	1056	ftsX		COG2177	Cell division protein FtsX
CHQ_1_03147	gene	855	rpoH			
CHQ_1_03147	CDS	855	rpoH		COG0568	RNA polymerase sigma factor RpoH
CHQ_1_03148	gene	1524	gabR_2			
CHQ_1_03148	CDS	1524	gabR_2		COG1167	HTH-type transcriptional regulatory protein GabR
CHQ_1_03149	gene	1266	puuE			
CHQ_1_03149	CDS	1266	puuE	2.6.1.19	COG0160	4-aminobutyrate aminotransferase PuuE
CHQ_1_03150	gene	1245				
CHQ_1_03150	CDS	1245				hypothetical protein
CHQ_1_03151	gene	1098	livJ_2			
CHQ_1_03151	CDS	1098	livJ_2		COG0683	Leu/Ile/Val-binding protein
CHQ_1_03152	gene	384	panM			
CHQ_1_03152	CDS	384	panM			PanD regulatory factor
CHQ_1_03153	gene	1110	livK			
CHQ_1_03153	CDS	1110	livK		COG0683	Leucine-specific-binding protein
CHQ_1_03154	gene	927	livH_2			
CHQ_1_03154	CDS	927	livH_2		COG0559	High-affinity branched-chain amino acid transport system permease protein LivH
CHQ_1_03155	gene	1278				
CHQ_1_03155	CDS	1278				hypothetical protein
CHQ_1_03156	gene	768	lptB_2			
CHQ_1_03156	CDS	768	lptB_2	3.6.3.-	COG1137	Lipopolysaccharide export system ATP-binding protein LptB
CHQ_1_03157	gene	714	livF_5			
CHQ_1_03157	CDS	714	livF_5		COG0410	High-affinity branched-chain amino acid transport ATP-binding protein LivF
CHQ_1_03158	gene	1317	ugpB_2			
CHQ_1_03158	CDS	1317	ugpB_2		COG1653	sn-glycerol-3-phosphate-binding periplasmic protein UgpB
CHQ_1_03159	gene	888	ugpA_2			
CHQ_1_03159	CDS	888	ugpA_2		COG1175	sn-glycerol-3-phosphate transport system permease protein UgpA
CHQ_1_03160	gene	846	lacG			
CHQ_1_03160	CDS	846	lacG			Lactose transport system permease protein LacG
CHQ_1_03161	gene	1071	ugpC_3			
CHQ_1_03161	CDS	1071	ugpC_3	7.6.2.10	COG3839	sn-glycerol-3-phosphate import ATP-binding protein UgpC
CHQ_1_03162	gene	741	ugpQ			
CHQ_1_03162	CDS	741	ugpQ	3.1.4.46	COG0584	Glycerophosphodiester phosphodiesterase, cytoplasmic
CHQ_1_03163	gene	321	yhhA			
CHQ_1_03163	CDS	321	yhhA			putative protein YhhA
CHQ_1_03164	gene	1746	ggt			
CHQ_1_03164	CDS	1746	ggt	3.4.19.13	COG0405	Glutathione hydrolase proenzyme
CHQ_1_03165	gene	489	aaaT			
CHQ_1_03165	CDS	489	aaaT	2.3.1.-	COG0454	L-amino acid N-acetyltransferase AaaT
CHQ_1_03166	gene	642				
CHQ_1_03166	CDS	642				hypothetical protein
CHQ_1_03167	gene	1038	yhhX			
CHQ_1_03167	CDS	1038	yhhX	1.-.-.-	COG0673	putative oxidoreductase YhhX
CHQ_1_03168	gene	696	yhhW			
CHQ_1_03168	CDS	696	yhhW	1.13.11.24	COG1741	Quercetin 2,3-dioxygenase
CHQ_1_03169	gene	996	gntR			
CHQ_1_03169	CDS	996	gntR			HTH-type transcriptional regulator GntR
CHQ_1_03170	gene	492	gntK			
CHQ_1_03170	CDS	492	gntK	2.7.1.12	COG3265	Thermoresistant gluconokinase
CHQ_1_03171	gene	1341	gntU			
CHQ_1_03171	CDS	1341	gntU		COG2610	Low-affinity gluconate transporter
CHQ_1_03172	gene	1107	asd_2			
CHQ_1_03172	CDS	1107	asd_2	1.2.1.11	COG0136	Aspartate-semialdehyde dehydrogenase
CHQ_1_03173	gene	2187	glgB			
CHQ_1_03173	CDS	2187	glgB	2.4.1.18	COG0296	1,4-alpha-glucan branching enzyme GlgB
CHQ_1_03174	gene	1977	glgX			
CHQ_1_03174	CDS	1977	glgX	3.2.1.196	COG1523	Glycogen debranching enzyme
CHQ_1_03175	gene	1296	glgC			
CHQ_1_03175	CDS	1296	glgC	2.7.7.27	COG0448	Glucose-1-phosphate adenylyltransferase
CHQ_1_03176	gene	1434	glgA			
CHQ_1_03176	CDS	1434	glgA	2.4.1.21	COG0297	Glycogen synthase
CHQ_1_03177	gene	2448	malP_1			
CHQ_1_03177	CDS	2448	malP_1	2.4.1.1	COG0058	Maltodextrin phosphorylase
CHQ_1_03178	gene	1509	glpD			
CHQ_1_03178	CDS	1509	glpD	1.1.5.3	COG0578	Aerobic glycerol-3-phosphate dehydrogenase
CHQ_1_03179	gene	330	glpE_2			
CHQ_1_03179	CDS	330	glpE_2	2.8.1.1	COG0607	Thiosulfate sulfurtransferase GlpE
CHQ_1_03180	gene	825	glpG			
CHQ_1_03180	CDS	825	glpG	3.4.21.105	COG0705	Rhomboid protease GlpG
CHQ_1_03181	gene	759	glpR_2			
CHQ_1_03181	CDS	759	glpR_2		COG1349	Glycerol-3-phosphate regulon repressor
CHQ_1_03182	gene	2706	malT_2			
CHQ_1_03182	CDS	2706	malT_2		COG2909	HTH-type transcriptional regulator MalT
CHQ_1_03183	gene	2391	malP_2			
CHQ_1_03183	CDS	2391	malP_2	2.4.1.1	COG0058	Maltodextrin phosphorylase
CHQ_1_03184	gene	2094	malQ			
CHQ_1_03184	CDS	2094	malQ	2.4.1.25	COG1640	4-alpha-glucanotransferase
CHQ_1_03185	gene	1317	gntT			
CHQ_1_03185	CDS	1317	gntT		COG2610	High-affinity gluconate transporter
CHQ_1_03186	gene	576	nfuA			
CHQ_1_03186	CDS	576	nfuA		COG0316	Fe/S biogenesis protein NfuA
CHQ_1_03187	gene	675				
CHQ_1_03187	CDS	675				hypothetical protein
CHQ_1_03188	gene	774	bioH			
CHQ_1_03188	CDS	774	bioH	3.1.1.85	COG0596	Pimeloyl-[acyl-carrier protein] methyl ester esterase
CHQ_1_03189	gene	270				
CHQ_1_03189	CDS	270				hypothetical protein
CHQ_1_03190	gene	240	feoC			
CHQ_1_03190	CDS	240	feoC			putative [Fe-S]-dependent transcriptional repressor
CHQ_1_03191	gene	2319	feoB			
CHQ_1_03191	CDS	2319	feoB		COG0370	Fe(2+) transporter FeoB
CHQ_1_03192	gene	228	feoA			
CHQ_1_03192	CDS	228	feoA		COG1918	Fe(2+) transport protein A
CHQ_1_03193	gene	2331	yhgF			
CHQ_1_03193	CDS	2331	yhgF		COG2183	Protein YhgF
CHQ_1_03194	gene	474	greB			
CHQ_1_03194	CDS	474	greB		COG0782	Transcription elongation factor GreB
CHQ_1_03195	gene	720	ompR_2			
CHQ_1_03195	CDS	720	ompR_2			Transcriptional regulatory protein OmpR
CHQ_1_03196	gene	1356	envZ			
CHQ_1_03196	CDS	1356	envZ	2.7.13.3		Osmolarity sensor protein EnvZ
CHQ_1_03197	gene	1623	pckA_2			
CHQ_1_03197	CDS	1623	pckA_2	4.1.1.49	COG1866	Phosphoenolpyruvate carboxykinase (ATP)
CHQ_1_03198	gene	879	hslO			
CHQ_1_03198	CDS	879	hslO		COG1281	33 kDa chaperonin
CHQ_1_03199	gene	402	hslR			
CHQ_1_03199	CDS	402	hslR		COG1188	Heat shock protein 15
CHQ_1_03200	gene	684	yrfG			
CHQ_1_03200	CDS	684	yrfG	3.1.3.5	COG1011	GMP/IMP nucleotidase YrfG
CHQ_1_03201	gene	2130	igaA			
CHQ_1_03201	CDS	2130	igaA			Intracellular growth attenuator protein igaA
CHQ_1_03202	gene	561	nudE			
CHQ_1_03202	CDS	561	nudE	3.6.1.-	COG0494	ADP compounds hydrolase NudE
CHQ_1_03203	gene	2559	mrcA			
CHQ_1_03203	CDS	2559	mrcA		COG5009	Penicillin-binding protein 1A
CHQ_1_03204	gene	801				
CHQ_1_03204	CDS	801				hypothetical protein
CHQ_1_03205	gene	534				
CHQ_1_03205	CDS	534				hypothetical protein
CHQ_1_03206	gene	429				
CHQ_1_03206	CDS	429				hypothetical protein
CHQ_1_03207	gene	378				
CHQ_1_03207	CDS	378				hypothetical protein
CHQ_1_03208	gene	1236	pilQ			
CHQ_1_03208	CDS	1236	pilQ		COG4796	Type IV pilus biogenesis and competence protein PilQ
CHQ_1_03209	gene	522	aroK			
CHQ_1_03209	CDS	522	aroK	2.7.1.71	COG0703	Shikimate kinase 1
CHQ_1_03210	gene	1095	aroB			
CHQ_1_03210	CDS	1095	aroB	4.2.3.4	COG0337	3-dehydroquinate synthase
CHQ_1_03211	gene	1269	damX			
CHQ_1_03211	CDS	1269	damX		COG3266	Cell division protein DamX
CHQ_1_03212	gene	828	dam_3			
CHQ_1_03212	CDS	828	dam_3	2.1.1.72	COG0338	DNA adenine methylase
CHQ_1_03213	gene	678	rpe			
CHQ_1_03213	CDS	678	rpe	5.1.3.1	COG0036	Ribulose-phosphate 3-epimerase
CHQ_1_03214	gene	762	gph			
CHQ_1_03214	CDS	762	gph	3.1.3.18	COG0546	Phosphoglycolate phosphatase
CHQ_1_03215	gene	1005	trpS			
CHQ_1_03215	CDS	1005	trpS	6.1.1.2	COG0180	Tryptophan--tRNA ligase
CHQ_1_03216	gene	1374	cysG_2			
CHQ_1_03216	CDS	1374	cysG_2		COG0007	Siroheme synthase
CHQ_1_03217	gene	327	nirD			
CHQ_1_03217	CDS	327	nirD	1.7.1.15	COG2146	Nitrite reductase (NADH) small subunit
CHQ_1_03218	gene	2544	nasD			
CHQ_1_03218	CDS	2544	nasD	1.7.1.4	COG1251	Nitrite reductase [NAD(P)H]
CHQ_1_03219	gene	1323	codA_2			
CHQ_1_03219	CDS	1323	codA_2	3.5.4.1	COG0402	Cytosine deaminase
CHQ_1_03220	gene	1188	tsgA			
CHQ_1_03220	CDS	1188	tsgA		COG0477	Protein TsgA
CHQ_1_03221	gene	570	ppiA			
CHQ_1_03221	CDS	570	ppiA	5.2.1.8	COG0652	Peptidyl-prolyl cis-trans isomerase A
CHQ_1_03222	gene	168	yhfG			
CHQ_1_03222	CDS	168	yhfG			putative protein YhfG
CHQ_1_03223	gene	603	fic			
CHQ_1_03223	CDS	603	fic	2.7.7.-	COG2184	putative protein adenylyltransferase Fic
CHQ_1_03224	gene	564	pabA			
CHQ_1_03224	CDS	564	pabA	2.6.1.85	COG0512	Aminodeoxychorismate synthase component 2
CHQ_1_03225	gene	1221	argD			
CHQ_1_03225	CDS	1221	argD	2.6.1.11	COG4992	Acetylornithine/succinyldiaminopimelate aminotransferase
CHQ_1_03226	gene	2079				
CHQ_1_03226	CDS	2079				hypothetical protein
CHQ_1_03227	gene	633	crp			
CHQ_1_03227	CDS	633	crp		COG0664	cAMP-activated global transcriptional regulator CRP
CHQ_1_03228	gene	405	yhfA			
CHQ_1_03228	CDS	405	yhfA		COG1765	Protein YhfA
CHQ_1_03229	gene	870	cfxP			
CHQ_1_03229	CDS	870	cfxP	2.7.1.19	COG3954	Phosphoribulokinase, plasmid
CHQ_1_03230	gene	219				
CHQ_1_03230	CDS	219				hypothetical protein
CHQ_1_03231	gene	1023				
CHQ_1_03231	CDS	1023				hypothetical protein
CHQ_1_03232	gene	1905	yheS_1			
CHQ_1_03232	CDS	1905	yheS_1		COG0488	putative ABC transporter ATP-binding protein YheS
CHQ_1_03233	gene	561	ywrO			
CHQ_1_03233	CDS	561	ywrO	1.6.99.-	COG2249	General stress protein 14
CHQ_1_03234	gene	1806	kefC_2			
CHQ_1_03234	CDS	1806	kefC_2		COG0475	Glutathione-regulated potassium-efflux system protein KefC
CHQ_1_03235	gene	201				
CHQ_1_03235	CDS	201				hypothetical protein
CHQ_1_03236	gene	594				
CHQ_1_03236	CDS	594				hypothetical protein
CHQ_1_03237	gene	219	slyX			
CHQ_1_03237	CDS	219	slyX		COG2900	Protein SlyX 
CHQ_1_03238	gene	831	fkpA			
CHQ_1_03238	CDS	831	fkpA	5.2.1.8	COG0545	FKBP-type peptidyl-prolyl cis-trans isomerase FkpA
CHQ_1_03239	gene	723	dauR_2			
CHQ_1_03239	CDS	723	dauR_2		COG2964	Transcriptional regulator DauR
CHQ_1_03240	gene	387	tusD			
CHQ_1_03240	CDS	387	tusD	2.8.1.-	COG1553	Sulfurtransferase TusD
CHQ_1_03241	gene	360	tusC			
CHQ_1_03241	CDS	360	tusC		COG2923	Protein TusC
CHQ_1_03242	gene	288	tusB			
CHQ_1_03242	CDS	288	tusB		COG2168	Protein TusB
CHQ_1_03243	gene	375	rpsL			
CHQ_1_03243	CDS	375	rpsL		COG0048	30S ribosomal protein S12
CHQ_1_03244	gene	471	rpsG			
CHQ_1_03244	CDS	471	rpsG		COG0049	30S ribosomal protein S7
CHQ_1_03245	gene	2115	fusA_2			
CHQ_1_03245	CDS	2115	fusA_2		COG0480	Elongation factor G
CHQ_1_03246	gene	852	murI			
CHQ_1_03246	CDS	852	murI	5.1.1.3	COG0796	Glutamate racemase
CHQ_1_03247	gene	1839	btuB			
CHQ_1_03247	CDS	1839	btuB		COG4206	Vitamin B12 transporter BtuB
CHQ_1_03248	gene	1101	trmA			
CHQ_1_03248	CDS	1101	trmA	2.1.1.-	COG2265	tRNA/tmRNA (uracil-C(5))-methyltransferase
CHQ_1_03249	gene	360	yijD			
CHQ_1_03249	CDS	360	yijD			Inner membrane protein YijD
CHQ_1_03250	gene	636	fabR			
CHQ_1_03250	CDS	636	fabR		COG1309	HTH-type transcriptional repressor FabR
CHQ_1_03251	gene	1401	sthA			
CHQ_1_03251	CDS	1401	sthA	1.6.1.1	COG1249	Soluble pyridine nucleotide transhydrogenase
CHQ_1_03252	gene	918	oxyR_4			
CHQ_1_03252	CDS	918	oxyR_4			Hydrogen peroxide-inducible genes activator
CHQ_1_03253	gene	1374	argH			
CHQ_1_03253	CDS	1374	argH	4.3.2.1	COG0165	Argininosuccinate lyase
CHQ_1_03254	gene	774	argB			
CHQ_1_03254	CDS	774	argB	2.7.2.8	COG0548	Acetylglutamate kinase
CHQ_1_03255	gene	1005	argC			
CHQ_1_03255	CDS	1005	argC	1.2.1.38	COG0002	N-acetyl-gamma-glutamyl-phosphate reductase
CHQ_1_03256	gene	1152	argE_1			
CHQ_1_03256	CDS	1152	argE_1	3.5.1.16	COG0624	Acetylornithine deacetylase
CHQ_1_03257	gene	2652	ppc			
CHQ_1_03257	CDS	2652	ppc	4.1.1.31	COG2352	Phosphoenolpyruvate carboxylase
CHQ_1_03258	gene	651	zinT			
CHQ_1_03258	CDS	651	zinT		COG3443	Metal-binding protein ZinT
CHQ_1_03259	gene	864	rhaS_8			
CHQ_1_03259	CDS	864	rhaS_8			HTH-type transcriptional activator RhaS
CHQ_1_03260	gene	663	fsaB			
CHQ_1_03260	CDS	663	fsaB	4.1.2.-	COG0176	Fructose-6-phosphate aldolase 2
CHQ_1_03261	gene	1104	gldA			
CHQ_1_03261	CDS	1104	gldA	1.1.1.6	COG0371	Glycerol dehydrogenase
CHQ_1_03262	gene	888	metF			
CHQ_1_03262	CDS	888	metF	1.5.1.20	COG0685	5,10-methylenetetrahydrofolate reductase
CHQ_1_03263	gene	942	catM			
CHQ_1_03263	CDS	942	catM			HTH-type transcriptional regulator CatM
CHQ_1_03264	gene	372				
CHQ_1_03264	CDS	372				hypothetical protein
CHQ_1_03265	gene	2433	metL			
CHQ_1_03265	CDS	2433	metL		COG0460	Bifunctional aspartokinase/homoserine dehydrogenase 2
CHQ_1_03266	gene	1161	metB			
CHQ_1_03266	CDS	1161	metB	2.5.1.48	COG0626	Cystathionine gamma-synthase
CHQ_1_03267	gene	318	metJ			
CHQ_1_03267	CDS	318	metJ		COG3060	Met repressor
CHQ_1_03268	gene	213	rpmE			
CHQ_1_03268	CDS	213	rpmE		COG0254	50S ribosomal protein L31
CHQ_1_03269	gene	2196	priA			
CHQ_1_03269	CDS	2196	priA	3.6.4.-	COG1198	Primosomal protein N'
CHQ_1_03270	gene	1029	cytR_2			
CHQ_1_03270	CDS	1029	cytR_2		COG1609	HTH-type transcriptional repressor CytR
CHQ_1_03271	gene	852	ftsN			
CHQ_1_03271	CDS	852	ftsN		COG3087	Cell division protein FtsN
CHQ_1_03272	gene	531	hslV			
CHQ_1_03272	CDS	531	hslV	3.4.25.2	COG5405	ATP-dependent protease subunit HslV
CHQ_1_03273	gene	1335	hslU			
CHQ_1_03273	CDS	1335	hslU		COG1220	ATP-dependent protease ATPase subunit HslU
CHQ_1_03274	gene	921	menA			
CHQ_1_03274	CDS	921	menA	2.5.1.74	COG1575	1,4-dihydroxy-2-naphthoate octaprenyltransferase
CHQ_1_03275	gene	486	rraA			
CHQ_1_03275	CDS	486	rraA		COG0684	Regulator of ribonuclease activity A
CHQ_1_03276	gene	963	pfkA			
CHQ_1_03276	CDS	963	pfkA	2.7.1.11	COG0205	ATP-dependent 6-phosphofructokinase isozyme 1
CHQ_1_03277	gene	903	fieF			
CHQ_1_03277	CDS	903	fieF		COG0053	Ferrous-iron efflux pump FieF
CHQ_1_03278	gene	504	cpxP			
CHQ_1_03278	CDS	504	cpxP		COG3678	Periplasmic protein CpxP
CHQ_1_03279	gene	699	cpxR			
CHQ_1_03279	CDS	699	cpxR		COG0745	Transcriptional regulatory protein CpxR
CHQ_1_03280	gene	1374	cpxA			
CHQ_1_03280	CDS	1374	cpxA	2.7.13.3		Sensor histidine kinase CpxA
CHQ_1_03281	gene	675	yiiM			
CHQ_1_03281	CDS	675	yiiM		COG2258	Protein YiiM
CHQ_1_03282	gene	621	sodA			
CHQ_1_03282	CDS	621	sodA	1.15.1.1	COG0605	Superoxide dismutase [Mn]
CHQ_1_03283	gene	1035	rhaT			
CHQ_1_03283	CDS	1035	rhaT		COG0697	L-rhamnose-proton symporter
CHQ_1_03284	gene	846	rhaR_3			
CHQ_1_03284	CDS	846	rhaR_3			HTH-type transcriptional activator RhaR
CHQ_1_03285	gene	837	rhaS_9			
CHQ_1_03285	CDS	837	rhaS_9			HTH-type transcriptional activator RhaS
CHQ_1_03286	gene	1467	rhaB			
CHQ_1_03286	CDS	1467	rhaB	2.7.1.5	COG1070	L-Rhamnulokinase
CHQ_1_03287	gene	1260	rhaA			
CHQ_1_03287	CDS	1260	rhaA	5.3.1.14	COG4806	L-rhamnose isomerase
CHQ_1_03288	gene	831	rhaD			
CHQ_1_03288	CDS	831	rhaD	4.1.2.19	COG0235	Rhamnulose-1-phosphate aldolase
CHQ_1_03289	gene	987	lsrB_2			
CHQ_1_03289	CDS	987	lsrB_2			Autoinducer 2-binding protein LsrB
CHQ_1_03290	gene	1512	rbsA_3			
CHQ_1_03290	CDS	1512	rbsA_3	7.5.2.7	COG1129	Ribose import ATP-binding protein RbsA
CHQ_1_03291	gene	1008	rbsC_5			
CHQ_1_03291	CDS	1008	rbsC_5		COG1172	Ribose import permease protein RbsC
CHQ_1_03292	gene	1005	lsrD_2			
CHQ_1_03292	CDS	1005	lsrD_2			Autoinducer 2 import system permease protein LsrD
CHQ_1_03293	gene	1149	adhB			
CHQ_1_03293	CDS	1149	adhB	1.1.1.1		Alcohol dehydrogenase 2
CHQ_1_03294	gene	315	rhaM			
CHQ_1_03294	CDS	315	rhaM	5.1.3.32	COG3254	L-rhamnose mutarotase
CHQ_1_03295	gene	594	lacA			
CHQ_1_03295	CDS	594	lacA	2.3.1.18	COG0110	Galactoside O-acetyltransferase
CHQ_1_03296	gene	1266	melY			
CHQ_1_03296	CDS	1266	melY			Melibiose permease
CHQ_1_03297	gene	2124	rafA			
CHQ_1_03297	CDS	2124	rafA	3.2.1.22		Alpha-galactosidase
CHQ_1_03298	gene	996	rafR			
CHQ_1_03298	CDS	996	rafR			HTH-type transcriptional regulator RafR
CHQ_1_03299	gene	549	sutR_1			
CHQ_1_03299	CDS	549	sutR_1		COG1396	HTH-type transcriptional regulator SutR
CHQ_1_03300	gene	690				
CHQ_1_03300	CDS	690				hypothetical protein
CHQ_1_03301	gene	324				
CHQ_1_03301	CDS	324				hypothetical protein
CHQ_1_03302	gene	594				
CHQ_1_03302	CDS	594				hypothetical protein
CHQ_1_03303	gene	438	ulaC_2			
CHQ_1_03303	CDS	438	ulaC_2		COG1762	Ascorbate-specific PTS system EIIA component
CHQ_1_03304	gene	270				
CHQ_1_03304	CDS	270				hypothetical protein
CHQ_1_03305	gene	849	fbaA_2			
CHQ_1_03305	CDS	849	fbaA_2	4.1.2.13	COG0191	putative fructose-bisphosphate aldolase
CHQ_1_03306	gene	1368	ulaA_2			
CHQ_1_03306	CDS	1368	ulaA_2		COG3037	Ascorbate-specific PTS system EIIC component
CHQ_1_03307	gene	315				
CHQ_1_03307	CDS	315				hypothetical protein
CHQ_1_03308	gene	981	pfp			
CHQ_1_03308	CDS	981	pfp	2.7.1.90	COG0205	Pyrophosphate--fructose 6-phosphate 1-phosphotransferase
CHQ_1_03309	gene	213				
CHQ_1_03309	CDS	213				hypothetical protein
CHQ_1_03310	gene	837	fdhD			
CHQ_1_03310	CDS	837	fdhD		COG1526	Sulfur carrier protein FdhD
CHQ_1_03311	gene	588	fdoG_1			
CHQ_1_03311	CDS	588	fdoG_1	1.17.1.9	COG0243	Formate dehydrogenase-O major subunit
CHQ_1_03312	gene	2415	fdoG_2			
CHQ_1_03312	CDS	2415	fdoG_2	1.17.1.9	COG0243	Formate dehydrogenase-O major subunit
CHQ_1_03313	gene	903	fdoH			
CHQ_1_03313	CDS	903	fdoH		COG0437	Formate dehydrogenase-O iron-sulfur subunit
CHQ_1_03314	gene	636	fdoI			
CHQ_1_03314	CDS	636	fdoI		COG2864	Formate dehydrogenase, cytochrome b556(fdo) subunit
CHQ_1_03315	gene	930	fdhE			
CHQ_1_03315	CDS	930	fdhE		COG3058	Protein FdhE
CHQ_1_03316	gene	918	nlhH			
CHQ_1_03316	CDS	918	nlhH	3.1.1.1	COG0657	Carboxylesterase NlhH
CHQ_1_03317	gene	942				
CHQ_1_03317	CDS	942				hypothetical protein
CHQ_1_03318	gene	438	dtd			
CHQ_1_03318	CDS	438	dtd	3.1.1.96	COG1490	D-aminoacyl-tRNA deacylase
CHQ_1_03319	gene	861				
CHQ_1_03319	CDS	861				hypothetical protein
CHQ_1_03320	gene	600	yihX			
CHQ_1_03320	CDS	600	yihX	3.1.3.10	COG1011	Alpha-D-glucose 1-phosphate phosphatase YihX
CHQ_1_03321	gene	1824	typA			
CHQ_1_03321	CDS	1824	typA		COG1217	GTP-binding protein TypA/BipA
CHQ_1_03322	gene	1410	glnA			
CHQ_1_03322	CDS	1410	glnA	6.3.1.2	COG0174	Glutamine synthetase
CHQ_1_03323	gene	1050	glnL			
CHQ_1_03323	CDS	1050	glnL	2.7.13.3	COG3852	Sensory histidine kinase/phosphatase NtrB
CHQ_1_03324	gene	1410	ntrC			
CHQ_1_03324	CDS	1410	ntrC		COG2204	DNA-binding transcriptional regulator NtrC
CHQ_1_03325	gene	1374	hemN			
CHQ_1_03325	CDS	1374	hemN	1.3.98.3	COG0635	Oxygen-independent coproporphyrinogen III oxidase
CHQ_1_03326	gene	237	yihI			
CHQ_1_03326	CDS	237	yihI		COG3078	Der GTPase-activating protein YihI
CHQ_1_03327	gene	636	engB			
CHQ_1_03327	CDS	636	engB		COG0218	putative GTP-binding protein EngB
CHQ_1_03328	gene	2793	polA			
CHQ_1_03328	CDS	2793	polA	2.7.7.7	COG0258	DNA polymerase I
CHQ_1_03329	gene	918	yihG			
CHQ_1_03329	CDS	918	yihG	2.3.-.-	COG0204	putative acyltransferase YihG
CHQ_1_03330	gene	624	dsbA_2			
CHQ_1_03330	CDS	624	dsbA_2		COG0526	Thiol:disulfide interchange protein DsbA
CHQ_1_03331	gene	987	srkA_1			
CHQ_1_03331	CDS	987	srkA_1	2.7.11.1	COG2334	Stress response kinase A
CHQ_1_03332	gene	270	yihD			
CHQ_1_03332	CDS	270	yihD		COG3084	Protein YihD
CHQ_1_03333	gene	582	mobA			
CHQ_1_03333	CDS	582	mobA	2.7.7.77	COG0746	Molybdenum cofactor guanylyltransferase
CHQ_1_03334	gene	507	mobB			
CHQ_1_03334	CDS	507	mobB		COG1763	Molybdopterin-guanine dinucleotide biosynthesis adapter protein
CHQ_1_03335	gene	111				
CHQ_1_03335	rRNA	111				5S ribosomal RNA
CHQ_1_03336	gene	2899				
CHQ_1_03336	rRNA	2899				23S ribosomal RNA
CHQ_1_03337	gene	76				
CHQ_1_03337	tRNA	76				tRNA-Ala(tgc)
CHQ_1_03338	gene	77				
CHQ_1_03338	tRNA	77				tRNA-Ile(gat)
CHQ_1_03339	gene	885	phnE			
CHQ_1_03339	CDS	885	phnE		COG3639	Phosphate-import permease protein PhnE
CHQ_1_03340	gene	873				
CHQ_1_03340	CDS	873				hypothetical protein
CHQ_1_03341	gene	900				
CHQ_1_03341	CDS	900				hypothetical protein
CHQ_1_03342	gene	843	phnC			
CHQ_1_03342	CDS	843	phnC	7.3.2.1	COG3638	Phosphate-import ATP-binding protein PhnC
CHQ_1_03343	gene	543	ecpR			
CHQ_1_03343	CDS	543	ecpR			HTH-type transcriptional regulator EcpR
CHQ_1_03344	gene	588	ecpA_2			
CHQ_1_03344	CDS	588	ecpA_2			Common pilus major fimbrillin subunit EcpA
CHQ_1_03345	gene	669	ecpB_2			
CHQ_1_03345	CDS	669	ecpB_2			putative fimbrial chaperone EcpB
CHQ_1_03346	gene	2526	ecpC_2			
CHQ_1_03346	CDS	2526	ecpC_2			putative outer membrane usher protein EcpC
CHQ_1_03347	gene	1644	ecpD_2			
CHQ_1_03347	CDS	1644	ecpD_2			Fimbria adhesin EcpD
CHQ_1_03348	gene	711	ecpE_2			
CHQ_1_03348	CDS	711	ecpE_2			putative fimbrial chaperone EcpE
CHQ_1_03349	gene	690	glnP_2			
CHQ_1_03349	CDS	690	glnP_2		COG0765	putative glutamine ABC transporter permease protein GlnP
CHQ_1_03350	gene	753	gltJ_2			
CHQ_1_03350	CDS	753	gltJ_2		COG0765	Glutamate/aspartate import permease protein GltJ
CHQ_1_03351	gene	819	glnQ_7			
CHQ_1_03351	CDS	819	glnQ_7			Glutamine transport ATP-binding protein GlnQ
CHQ_1_03352	gene	810	glnH_4			
CHQ_1_03352	CDS	810	glnH_4		COG0834	ABC transporter glutamine-binding protein GlnH
CHQ_1_03353	gene	171				
CHQ_1_03353	CDS	171				hypothetical protein
CHQ_1_03354	gene	696	livF_6			
CHQ_1_03354	CDS	696	livF_6		COG0410	High-affinity branched-chain amino acid transport ATP-binding protein LivF
CHQ_1_03355	gene	783	lptB_3			
CHQ_1_03355	CDS	783	lptB_3	3.6.3.-	COG1137	Lipopolysaccharide export system ATP-binding protein LptB
CHQ_1_03356	gene	1050				
CHQ_1_03356	CDS	1050				hypothetical protein
CHQ_1_03357	gene	900	livH_3			
CHQ_1_03357	CDS	900	livH_3		COG0559	High-affinity branched-chain amino acid transport system permease protein LivH
CHQ_1_03358	gene	1137				
CHQ_1_03358	CDS	1137			COG0683	Leu/Ile/Val-binding protein 
CHQ_1_03359	gene	777	eutC_1			
CHQ_1_03359	CDS	777	eutC_1	4.3.1.7	COG4302	Ethanolamine ammonia-lyase light chain
CHQ_1_03360	gene	1389	eutB_1			
CHQ_1_03360	CDS	1389	eutB_1	4.3.1.7	COG4303	Ethanolamine ammonia-lyase heavy chain
CHQ_1_03361	gene	1380	yhdG			
CHQ_1_03361	CDS	1380	yhdG		COG0531	putative amino acid permease YhdG
CHQ_1_03362	gene	1410	rocC			
CHQ_1_03362	CDS	1410	rocC		COG0833	Amino-acid permease RocC
CHQ_1_03363	gene	933	mmuM			
CHQ_1_03363	CDS	933	mmuM	2.1.1.10	COG2040	Homocysteine S-methyltransferase
CHQ_1_03364	gene	963	tauA			
CHQ_1_03364	CDS	963	tauA		COG4521	Taurine-binding periplasmic protein
CHQ_1_03365	gene	768	tauB			
CHQ_1_03365	CDS	768	tauB	7.6.2.7	COG4525	Taurine import ATP-binding protein TauB
CHQ_1_03366	gene	828	ssuC_1			
CHQ_1_03366	CDS	828	ssuC_1		COG0600	Putative aliphatic sulfonates transport permease protein SsuC
CHQ_1_03367	gene	852	tauD			
CHQ_1_03367	CDS	852	tauD	1.14.11.17	COG2175	Alpha-ketoglutarate-dependent taurine dioxygenase
CHQ_1_03368	gene	1719				
CHQ_1_03368	CDS	1719				hypothetical protein
CHQ_1_03369	gene	492	rayT			
CHQ_1_03369	CDS	492	rayT		COG1943	REP-associated tyrosine transposase
CHQ_1_03370	gene	975	hemB			
CHQ_1_03370	CDS	975	hemB	4.2.1.24	COG0113	Delta-aminolevulinic acid dehydratase
CHQ_1_03371	gene	1161	ampH			
CHQ_1_03371	CDS	1161	ampH	3.4.-.-	COG1680	D-alanyl-D-alanine-carboxypeptidase/endopeptidase AmpH
CHQ_1_03372	gene	534	rutB_2			
CHQ_1_03372	CDS	534	rutB_2	3.5.1.110		Peroxyureidoacrylate/ureidoacrylate amidohydrolase RutB
CHQ_1_03373	gene	1221	sbmA			
CHQ_1_03373	CDS	1221	sbmA		COG1133	Peptide antibiotic transporter SbmA
CHQ_1_03374	gene	1107				
CHQ_1_03374	CDS	1107				hypothetical protein
CHQ_1_03375	gene	303	yaiY			
CHQ_1_03375	CDS	303	yaiY			Inner membrane protein YaiY
CHQ_1_03376	gene	204				
CHQ_1_03376	CDS	204				hypothetical protein
CHQ_1_03377	gene	1098	ddlA			
CHQ_1_03377	CDS	1098	ddlA	6.3.2.4	COG1181	D-alanine--D-alanine ligase A
CHQ_1_03378	gene	684				
CHQ_1_03378	CDS	684				hypothetical protein
CHQ_1_03379	gene	1200	sbnD_2			
CHQ_1_03379	CDS	1200	sbnD_2			Staphyloferrin B transporter
CHQ_1_03380	gene	261	iraP			
CHQ_1_03380	CDS	261	iraP			Anti-adapter protein IraP
CHQ_1_03381	gene	1416	phoA			
CHQ_1_03381	CDS	1416	phoA	3.1.3.1	COG1785	Alkaline phosphatase
CHQ_1_03382	gene	318	psiF			
CHQ_1_03382	CDS	318	psiF			Phosphate starvation-inducible protein PsiF
CHQ_1_03383	gene	810	proC			
CHQ_1_03383	CDS	810	proC	1.5.1.2	COG0345	Pyrroline-5-carboxylate reductase
CHQ_1_03384	gene	459				
CHQ_1_03384	CDS	459				hypothetical protein
CHQ_1_03385	gene	702				
CHQ_1_03385	CDS	702				hypothetical protein
CHQ_1_03386	gene	534	aroL			
CHQ_1_03386	CDS	534	aroL	2.7.1.71	COG0703	Shikimate kinase 2
CHQ_1_03387	gene	192	yaiA			
CHQ_1_03387	CDS	192	yaiA			putative protein YaiA
CHQ_1_03388	gene	666				
CHQ_1_03388	CDS	666				hypothetical protein
CHQ_1_03389	gene	285	ppnP			
CHQ_1_03389	CDS	285	ppnP	2.4.2.1	COG3123	Pyrimidine/purine nucleoside phosphorylase
CHQ_1_03390	gene	912	rdgC			
CHQ_1_03390	CDS	912	rdgC		COG2974	Recombination-associated protein RdgC
CHQ_1_03391	gene	915	mak_2			
CHQ_1_03391	CDS	915	mak_2	2.7.1.4	COG1940	Fructokinase
CHQ_1_03392	gene	3150	sbcC			
CHQ_1_03392	CDS	3150	sbcC		COG0419	Nuclease SbcCD subunit C
CHQ_1_03393	gene	1206	sbcD			
CHQ_1_03393	CDS	1206	sbcD		COG0420	Nuclease SbcCD subunit D
CHQ_1_03394	gene	690	phoB_2			
CHQ_1_03394	CDS	690	phoB_2		COG0745	Phosphate regulon transcriptional regulatory protein PhoB
CHQ_1_03395	gene	1296	phoR			
CHQ_1_03395	CDS	1296	phoR	2.7.13.3		Phosphate regulon sensor protein PhoR
CHQ_1_03396	gene	1320	brnQ			
CHQ_1_03396	CDS	1320	brnQ		COG1114	Branched-chain amino acid transport system 2 carrier protein
CHQ_1_03397	gene	1374	proY_2			
CHQ_1_03397	CDS	1374	proY_2		COG1113	Proline-specific permease ProY
CHQ_1_03398	gene	1818	malZ			
CHQ_1_03398	CDS	1818	malZ	3.2.1.20	COG0366	Maltodextrin glucosidase
CHQ_1_03399	gene	903	yhaJ_3			
CHQ_1_03399	CDS	903	yhaJ_3			HTH-type transcriptional regulator YhaJ
CHQ_1_03400	gene	642				
CHQ_1_03400	CDS	642				hypothetical protein
CHQ_1_03401	gene	546				
CHQ_1_03401	CDS	546				hypothetical protein
CHQ_1_03402	gene	1869	nfdA			
CHQ_1_03402	CDS	1869	nfdA	3.5.1.91		N-substituted formamide deformylase
CHQ_1_03403	gene	861	fba			
CHQ_1_03403	CDS	861	fba	4.1.2.13		Fructose-bisphosphate aldolase
CHQ_1_03404	gene	963	yihV			
CHQ_1_03404	CDS	963	yihV	2.7.1.184		Sulfofructose kinase
CHQ_1_03405	gene	1392	ulaA_3			
CHQ_1_03405	CDS	1392	ulaA_3		COG3037	Ascorbate-specific PTS system EIIC component
CHQ_1_03406	gene	288				
CHQ_1_03406	CDS	288				hypothetical protein
CHQ_1_03407	gene	444				
CHQ_1_03407	CDS	444				hypothetical protein
CHQ_1_03408	gene	603	ahpC_2			
CHQ_1_03408	CDS	603	ahpC_2	1.11.1.15	COG0450	Alkyl hydroperoxide reductase C
CHQ_1_03409	gene	582	acpH			
CHQ_1_03409	CDS	582	acpH	3.1.4.14	COG3124	Acyl carrier protein phosphodiesterase
CHQ_1_03410	gene	1065	queA			
CHQ_1_03410	CDS	1065	queA	2.4.99.17	COG0809	S-adenosylmethionine:tRNA ribosyltransferase-isomerase
CHQ_1_03411	gene	1128	tgt			
CHQ_1_03411	CDS	1128	tgt	2.4.2.29	COG0343	Queuine tRNA-ribosyltransferase
CHQ_1_03412	gene	333	yajC			
CHQ_1_03412	CDS	333	yajC		COG1862	Sec translocon accessory complex subunit YajC
CHQ_1_03413	gene	1815	secD			
CHQ_1_03413	CDS	1815	secD		COG0342	Protein translocase subunit SecD
CHQ_1_03414	gene	972	secF			
CHQ_1_03414	CDS	972	secF		COG0341	Protein translocase subunit SecF
CHQ_1_03415	gene	366				
CHQ_1_03415	CDS	366				hypothetical protein
CHQ_1_03416	gene	696				
CHQ_1_03416	CDS	696				hypothetical protein
CHQ_1_03417	gene	885	tsx			
CHQ_1_03417	CDS	885	tsx		COG3248	Nucleoside-specific channel-forming protein Tsx
CHQ_1_03418	gene	540	yajI			
CHQ_1_03418	CDS	540	yajI			putative lipoprotein YajI
CHQ_1_03419	gene	450	nrdR			
CHQ_1_03419	CDS	450	nrdR		COG1327	Transcriptional repressor NrdR
CHQ_1_03420	gene	1104	ribD			
CHQ_1_03420	CDS	1104	ribD		COG0117	Riboflavin biosynthesis protein RibD
CHQ_1_03421	gene	471	ribE			
CHQ_1_03421	CDS	471	ribE	2.5.1.78	COG0054	6,7-dimethyl-8-ribityllumazine synthase
CHQ_1_03422	gene	420	nusB			
CHQ_1_03422	CDS	420	nusB		COG0781	Transcription antitermination protein NusB
CHQ_1_03423	gene	972	thiL			
CHQ_1_03423	CDS	972	thiL	2.7.4.16	COG0611	Thiamine-monophosphate kinase
CHQ_1_03424	gene	504	pgpA			
CHQ_1_03424	CDS	504	pgpA	3.1.3.27	COG1267	Phosphatidylglycerophosphatase A
CHQ_1_03425	gene	975	yajO_2			
CHQ_1_03425	CDS	975	yajO_2	1.1.-.-	COG0667	1-deoxyxylulose-5-phosphate synthase YajO
CHQ_1_03426	gene	1863	dxs			
CHQ_1_03426	CDS	1863	dxs	2.2.1.7	COG1154	1-deoxy-D-xylulose-5-phosphate synthase
CHQ_1_03427	gene	900	ispA			
CHQ_1_03427	CDS	900	ispA	2.5.1.10	COG0142	Farnesyl diphosphate synthase
CHQ_1_03428	gene	243	xseB			
CHQ_1_03428	CDS	243	xseB	3.1.11.6	COG1722	Exodeoxyribonuclease 7 small subunit
CHQ_1_03429	gene	1449	thiI			
CHQ_1_03429	CDS	1449	thiI	2.8.1.4	COG0301	tRNA sulfurtransferase
CHQ_1_03430	gene	477				
CHQ_1_03430	CDS	477				hypothetical protein
CHQ_1_03431	gene	594	yajL			
CHQ_1_03431	CDS	594	yajL	3.1.2.-	COG0693	Protein/nucleic acid deglycase 3
CHQ_1_03432	gene	912	panE			
CHQ_1_03432	CDS	912	panE	1.1.1.169	COG1893	2-dehydropantoate 2-reductase
CHQ_1_03433	gene	492				
CHQ_1_03433	CDS	492				hypothetical protein
CHQ_1_03434	gene	1365	yajR			
CHQ_1_03434	CDS	1365	yajR		COG0477	Inner membrane transport protein YajR
CHQ_1_03435	gene	1179	iolG_2			
CHQ_1_03435	CDS	1179	iolG_2	1.1.1.369		Inositol 2-dehydrogenase/D-chiro-inositol 3-dehydrogenase
CHQ_1_03436	gene	1362	pcaK_1			
CHQ_1_03436	CDS	1362	pcaK_1		COG0477	4-hydroxybenzoate transporter PcaK
CHQ_1_03437	gene	819				
CHQ_1_03437	CDS	819				hypothetical protein
CHQ_1_03438	gene	1692	ksdD			
CHQ_1_03438	CDS	1692	ksdD	1.3.99.4	COG1053	3-oxosteroid 1-dehydrogenase
CHQ_1_03439	gene	321				
CHQ_1_03439	CDS	321				hypothetical protein
CHQ_1_03440	gene	1677	kstD			
CHQ_1_03440	CDS	1677	kstD	1.3.99.4	COG1053	3-oxosteroid 1-dehydrogenase
CHQ_1_03441	gene	822	ydiB_2			
CHQ_1_03441	CDS	822	ydiB_2	1.1.1.282	COG0169	Quinate/shikimate dehydrogenase
CHQ_1_03442	gene	759	pcaU			
CHQ_1_03442	CDS	759	pcaU		COG1414	Pca operon regulatory protein
CHQ_1_03443	gene	333				
CHQ_1_03443	CDS	333				hypothetical protein
CHQ_1_03444	gene	888	cyoE			
CHQ_1_03444	CDS	888	cyoE	2.5.1.141	COG0109	Protoheme IX farnesyltransferase
CHQ_1_03445	gene	330	cyoD			
CHQ_1_03445	CDS	330	cyoD		COG3125	Cytochrome bo(3) ubiquinol oxidase subunit 4
CHQ_1_03446	gene	612	cyoC			
CHQ_1_03446	CDS	612	cyoC		COG1845	Cytochrome bo(3) ubiquinol oxidase subunit 3
CHQ_1_03447	gene	1992	cyoB			
CHQ_1_03447	CDS	1992	cyoB	7.1.1.3	COG0843	Cytochrome bo(3) ubiquinol oxidase subunit 1
CHQ_1_03448	gene	945	cyoA			
CHQ_1_03448	CDS	945	cyoA		COG1622	Cytochrome bo(3) ubiquinol oxidase subunit 2
CHQ_1_03449	gene	1476	ampG			
CHQ_1_03449	CDS	1476	ampG		COG0477	Anhydromuropeptide permease
CHQ_1_03450	gene	579				
CHQ_1_03450	CDS	579				hypothetical protein
CHQ_1_03451	gene	315	bolA			
CHQ_1_03451	CDS	315	bolA		COG0271	DNA-binding transcriptional regulator BolA
CHQ_1_03452	gene	1299	tig			
CHQ_1_03452	CDS	1299	tig	5.2.1.8	COG0544	Trigger factor
CHQ_1_03453	gene	624	clpP_2			
CHQ_1_03453	CDS	624	clpP_2	3.4.21.92	COG0740	ATP-dependent Clp protease proteolytic subunit
CHQ_1_03454	gene	1275	clpX			
CHQ_1_03454	CDS	1275	clpX		COG1219	ATP-dependent Clp protease ATP-binding subunit ClpX
CHQ_1_03455	gene	2355	lon_1			
CHQ_1_03455	CDS	2355	lon_1	3.4.21.53	COG0466	Lon protease
CHQ_1_03456	gene	1875	ppiD			
CHQ_1_03456	CDS	1875	ppiD	5.2.1.8	COG0760	Peptidyl-prolyl cis-trans isomerase D
CHQ_1_03457	gene	369				
CHQ_1_03457	CDS	369			COG1555	putative protein
CHQ_1_03458	gene	402	fadM			
CHQ_1_03458	CDS	402	fadM	3.1.2.-	COG0824	Long-chain acyl-CoA thioesterase FadM
CHQ_1_03459	gene	702	queC			
CHQ_1_03459	CDS	702	queC	6.3.4.20	COG0603	7-cyano-7-deazaguanine synthase
CHQ_1_03460	gene	1698	sgrR_2			
CHQ_1_03460	CDS	1698	sgrR_2		COG4533	HTH-type transcriptional regulator SgrR
CHQ_1_03461	gene	819	cof			
CHQ_1_03461	CDS	819	cof	3.6.1.-	COG0561	HMP-PP phosphatase
CHQ_1_03462	gene	1053	sbnA			
CHQ_1_03462	CDS	1053	sbnA	2.5.1.140		N-(2-amino-2-carboxyethyl)-L-glutamate synthase
CHQ_1_03463	gene	459	decR			
CHQ_1_03463	CDS	459	decR		COG1522	DNA-binding transcriptional activator DecR
CHQ_1_03464	gene	1773	yheI			
CHQ_1_03464	CDS	1773	yheI	3.6.3.-	COG1132	putative multidrug resistance ABC transporter ATP-binding/permease protein YheI
CHQ_1_03465	gene	1779	mdlB			
CHQ_1_03465	CDS	1779	mdlB	7.6.2.2	COG1132	Multidrug resistance-like ATP-binding protein MdlB
CHQ_1_03466	gene	339	glnK			
CHQ_1_03466	CDS	339	glnK		COG0347	Nitrogen regulatory protein P-II 2
CHQ_1_03467	gene	1287	amtB			
CHQ_1_03467	CDS	1287	amtB			Ammonia channel
CHQ_1_03468	gene	864	tesB			
CHQ_1_03468	CDS	864	tesB	3.1.2.-	COG1946	Acyl-CoA thioesterase 2
CHQ_1_03469	gene	492	ybaY			
CHQ_1_03469	CDS	492	ybaY		COG3126	putative lipoprotein YbaY
CHQ_1_03470	gene	312	atl			
CHQ_1_03470	CDS	312	atl		COG3695	DNA base-flipping protein
CHQ_1_03471	gene	408				
CHQ_1_03471	CDS	408				hypothetical protein
CHQ_1_03472	gene	258				
CHQ_1_03472	CDS	258				hypothetical protein
CHQ_1_03473	gene	216				
CHQ_1_03473	CDS	216				hypothetical protein
CHQ_1_03474	gene	1428	norG_2			
CHQ_1_03474	CDS	1428	norG_2		COG1167	HTH-type transcriptional regulator NorG
CHQ_1_03475	gene	615				
CHQ_1_03475	CDS	615				hypothetical protein
CHQ_1_03476	gene	828	rcnA			
CHQ_1_03476	CDS	828	rcnA		COG2215	Nickel/cobalt efflux system RcnA
CHQ_1_03477	gene	273	rcnR			
CHQ_1_03477	CDS	273	rcnR		COG1937	Transcriptional repressor RcnR
CHQ_1_03478	gene	1560	pdeB			
CHQ_1_03478	CDS	1560	pdeB	3.1.4.52	COG4943	putative cyclic di-GMP phosphodiesterase PdeB
CHQ_1_03479	gene	1110	malK_2			
CHQ_1_03479	CDS	1110	malK_2	7.5.2.1	COG3839	Maltose/maltodextrin import ATP-binding protein MalK
CHQ_1_03480	gene	1233	cycB			
CHQ_1_03480	CDS	1233	cycB		COG2182	Cyclodextrin-binding protein
CHQ_1_03481	gene	1308				
CHQ_1_03481	CDS	1308				hypothetical protein
CHQ_1_03482	gene	852	malG_2			
CHQ_1_03482	CDS	852	malG_2		COG3833	Maltose/maltodextrin transport system permease protein MalG
CHQ_1_03483	gene	1203	ganB			
CHQ_1_03483	CDS	1203	ganB	3.2.1.89	COG3867	Arabinogalactan endo-beta-1,4-galactanase
CHQ_1_03484	gene	2058	bglY			
CHQ_1_03484	CDS	2058	bglY	3.2.1.23	COG1874	Beta-galactosidase BglY
CHQ_1_03485	gene	315				
CHQ_1_03485	CDS	315				hypothetical protein
CHQ_1_03486	gene	1272	lamB_2			
CHQ_1_03486	CDS	1272	lamB_2		COG4580	Maltoporin
CHQ_1_03487	gene	1071	lacI_3			
CHQ_1_03487	CDS	1071	lacI_3		COG1609	Lactose operon repressor
CHQ_1_03488	gene	264	rpmE2			
CHQ_1_03488	CDS	264	rpmE2		COG0254	50S ribosomal protein L31 type B
CHQ_1_03489	gene	141	ykgO			
CHQ_1_03489	CDS	141	ykgO		COG0257	50S ribosomal protein L36 2
CHQ_1_03490	gene	699				
CHQ_1_03490	CDS	699				hypothetical protein
CHQ_1_03491	gene	1458	gabR_3			
CHQ_1_03491	CDS	1458	gabR_3		COG1167	HTH-type transcriptional regulatory protein GabR
CHQ_1_03492	gene	471	ylaC			
CHQ_1_03492	CDS	471	ylaC			Inner membrane protein YlaC
CHQ_1_03493	gene	567	maa			
CHQ_1_03493	CDS	567	maa	2.3.1.79	COG0110	Maltose O-acetyltransferase
CHQ_1_03494	gene	219	hha			
CHQ_1_03494	CDS	219	hha			Hemolysin expression-modulating protein Hha
CHQ_1_03495	gene	375	tomB			
CHQ_1_03495	CDS	375	tomB			Hha toxicity modulator TomB
CHQ_1_03496	gene	3147	acrB_1			
CHQ_1_03496	CDS	3147	acrB_1		COG0841	Multidrug efflux pump subunit AcrB
CHQ_1_03497	gene	1086	acrA			
CHQ_1_03497	CDS	1086	acrA			Multidrug efflux pump subunit AcrA
CHQ_1_03498	gene	651	acrR_2			
CHQ_1_03498	CDS	651	acrR_2		COG1309	HTH-type transcriptional regulator AcrR
CHQ_1_03499	gene	3348	mscK			
CHQ_1_03499	CDS	3348	mscK		COG3264	Mechanosensitive channel MscK
CHQ_1_03500	gene	912				
CHQ_1_03500	CDS	912				ISNCY family transposase ISSen7
CHQ_1_03501	gene	174				
CHQ_1_03501	CDS	174				hypothetical protein
CHQ_1_03502	gene	528	priC			
CHQ_1_03502	CDS	528	priC		COG3923	Primosomal replication protein N''
CHQ_1_03503	gene	378	ybaN			
CHQ_1_03503	CDS	378	ybaN		COG2832	Inner membrane protein YbaN
CHQ_1_03504	gene	552	apt			
CHQ_1_03504	CDS	552	apt	2.4.2.7	COG0503	Adenine phosphoribosyltransferase
CHQ_1_03505	gene	1908	dnaX			
CHQ_1_03505	CDS	1908	dnaX	2.7.7.7	COG2812	DNA polymerase III subunit tau
CHQ_1_03506	gene	333	ybaB			
CHQ_1_03506	CDS	333	ybaB		COG0718	Nucleoid-associated protein YbaB
CHQ_1_03507	gene	606	recR			
CHQ_1_03507	CDS	606	recR		COG0353	Recombination protein RecR
CHQ_1_03508	gene	1875	htpG			
CHQ_1_03508	CDS	1875	htpG		COG0326	Chaperone protein HtpG
CHQ_1_03509	gene	645	adk			
CHQ_1_03509	CDS	645	adk	2.7.4.3	COG0563	Adenylate kinase
CHQ_1_03510	gene	963	hemH			
CHQ_1_03510	CDS	963	hemH	4.99.1.1	COG0276	Ferrochelatase
CHQ_1_03511	gene	1305	gsk			
CHQ_1_03511	CDS	1305	gsk	2.7.1.73	COG0524	Inosine-guanosine kinase
CHQ_1_03512	gene	1677	ybaL			
CHQ_1_03512	CDS	1677	ybaL		COG1226	Putative cation/proton antiporter YbaL
CHQ_1_03513	gene	1221	fsr			
CHQ_1_03513	CDS	1221	fsr			Fosmidomycin resistance protein
CHQ_1_03514	gene	1653	ushA			
CHQ_1_03514	CDS	1653	ushA		COG0737	Protein UshA
CHQ_1_03515	gene	480	ybaK			
CHQ_1_03515	CDS	480	ybaK	4.2.-.-	COG2606	Cys-tRNA(Pro)/Cys-tRNA(Cys) deacylase YbaK
CHQ_1_03516	gene	795				
CHQ_1_03516	CDS	795				hypothetical protein
CHQ_1_03517	gene	2502	copA_2			
CHQ_1_03517	CDS	2502	copA_2	7.2.2.8	COG2217	Copper-exporting P-type ATPase
CHQ_1_03518	gene	411	cueR			
CHQ_1_03518	CDS	411	cueR		COG0789	HTH-type transcriptional regulator CueR
CHQ_1_03519	gene	459	ybbJ			
CHQ_1_03519	CDS	459	ybbJ		COG1585	Inner membrane protein YbbJ
CHQ_1_03520	gene	918	qmcA			
CHQ_1_03520	CDS	918	qmcA		COG0330	Protein QmcA
CHQ_1_03521	gene	678	fetA			
CHQ_1_03521	CDS	678	fetA	3.6.3.-	COG4619	putative iron export ATP-binding protein FetA
CHQ_1_03522	gene	783	fetB			
CHQ_1_03522	CDS	783	fetB		COG0390	putative iron export permease protein FetB
CHQ_1_03523	gene	855	cnoX			
CHQ_1_03523	CDS	855	cnoX		COG3118	Chaperedoxin
CHQ_1_03524	gene	771				
CHQ_1_03524	CDS	771				hypothetical protein
CHQ_1_03525	gene	594	tesA			
CHQ_1_03525	CDS	594	tesA	3.1.2.2	COG2755	Thioesterase 1/protease 1/lysophospholipase L1
CHQ_1_03526	gene	687				
CHQ_1_03526	CDS	687			COG1136	putative ABC transporter ATP-binding protein
CHQ_1_03527	gene	2415				
CHQ_1_03527	CDS	2415				hypothetical protein
CHQ_1_03528	gene	1146				
CHQ_1_03528	CDS	1146				hypothetical protein
CHQ_1_03529	gene	1077	selU			
CHQ_1_03529	CDS	1077	selU	2.5.1.-	COG2603	tRNA 2-selenouridine synthase
CHQ_1_03530	gene	1068	purK			
CHQ_1_03530	CDS	1068	purK	6.3.4.18	COG0026	N5-carboxyaminoimidazole ribonucleotide synthase
CHQ_1_03531	gene	510	purE			
CHQ_1_03531	CDS	510	purE	5.4.99.18	COG0041	N5-carboxyaminoimidazole ribonucleotide mutase
CHQ_1_03532	gene	339				
CHQ_1_03532	CDS	339				hypothetical protein
CHQ_1_03533	gene	723	lpxH			
CHQ_1_03533	CDS	723	lpxH	3.6.1.54	COG2908	UDP-2,3-diacylglucosamine hydrolase
CHQ_1_03534	gene	495	ppiB			
CHQ_1_03534	CDS	495	ppiB	5.2.1.8	COG0652	Peptidyl-prolyl cis-trans isomerase B
CHQ_1_03535	gene	1386	cysS			
CHQ_1_03535	CDS	1386	cysS	6.1.1.16	COG0215	Cysteine--tRNA ligase
CHQ_1_03536	gene	213	ybcJ			
CHQ_1_03536	CDS	213	ybcJ		COG2501	putative protein YbcJ
CHQ_1_03537	gene	867	folD			
CHQ_1_03537	CDS	867	folD		COG0190	Bifunctional protein FolD protein
CHQ_1_03538	gene	77				
CHQ_1_03538	tRNA	77				tRNA-Arg(tct)
CHQ_1_03539	gene	1215	intS_2			
CHQ_1_03539	CDS	1215	intS_2		COG0582	Prophage integrase IntS
CHQ_1_03540	gene	726				
CHQ_1_03540	CDS	726				hypothetical protein
CHQ_1_03541	gene	198				
CHQ_1_03541	CDS	198				hypothetical protein
CHQ_1_03542	gene	435				
CHQ_1_03542	CDS	435				hypothetical protein
CHQ_1_03543	gene	810				
CHQ_1_03543	CDS	810				hypothetical protein
CHQ_1_03544	gene	180				
CHQ_1_03544	CDS	180				hypothetical protein
CHQ_1_03545	gene	795				
CHQ_1_03545	CDS	795				hypothetical protein
CHQ_1_03546	gene	180				
CHQ_1_03546	CDS	180				hypothetical protein
CHQ_1_03547	gene	318				
CHQ_1_03547	CDS	318				hypothetical protein
CHQ_1_03548	gene	264				
CHQ_1_03548	CDS	264				hypothetical protein
CHQ_1_03549	gene	216				
CHQ_1_03549	CDS	216				hypothetical protein
CHQ_1_03550	gene	2115				
CHQ_1_03550	CDS	2115				hypothetical protein
CHQ_1_03551	gene	1230				
CHQ_1_03551	CDS	1230				hypothetical protein
CHQ_1_03552	gene	384				
CHQ_1_03552	CDS	384				Single-stranded DNA-binding protein
CHQ_1_03553	gene	579				
CHQ_1_03553	CDS	579				hypothetical protein
CHQ_1_03554	gene	312				
CHQ_1_03554	CDS	312				hypothetical protein
CHQ_1_03555	gene	186				
CHQ_1_03555	CDS	186				hypothetical protein
CHQ_1_03556	gene	543				
CHQ_1_03556	CDS	543				hypothetical protein
CHQ_1_03557	gene	360				
CHQ_1_03557	CDS	360				hypothetical protein
CHQ_1_03558	gene	1140				
CHQ_1_03558	CDS	1140				hypothetical protein
CHQ_1_03559	gene	546				
CHQ_1_03559	CDS	546				hypothetical protein
CHQ_1_03560	gene	195				
CHQ_1_03560	CDS	195				hypothetical protein
CHQ_1_03561	gene	1818				
CHQ_1_03561	CDS	1818				hypothetical protein
CHQ_1_03562	gene	459				
CHQ_1_03562	CDS	459				hypothetical protein
CHQ_1_03563	gene	438				
CHQ_1_03563	CDS	438				hypothetical protein
CHQ_1_03564	gene	240				
CHQ_1_03564	CDS	240				hypothetical protein
CHQ_1_03565	gene	402	hiuH			
CHQ_1_03565	CDS	402	hiuH	3.5.2.17	COG2351	5-hydroxyisourate hydrolase
CHQ_1_03566	gene	1305	gltA_2			
CHQ_1_03566	CDS	1305	gltA_2	2.3.3.16	COG0372	Citrate synthase
CHQ_1_03567	gene	867				
CHQ_1_03567	CDS	867				hypothetical protein
CHQ_1_03568	gene	921	lpxL_2			
CHQ_1_03568	CDS	921	lpxL_2	2.3.1.241	COG1560	Lipid A biosynthesis lauroyltransferase
CHQ_1_03569	gene	273				
CHQ_1_03569	CDS	273				hypothetical protein
CHQ_1_03570	gene	1569	cadC			
CHQ_1_03570	CDS	1569	cadC		COG3710	Transcriptional activator CadC
CHQ_1_03571	gene	1335	cadB			
CHQ_1_03571	CDS	1335	cadB		COG0531	putative cadaverine/lysine antiporter
CHQ_1_03572	gene	2148	cadA			
CHQ_1_03572	CDS	2148	cadA	4.1.1.18	COG1982	Inducible lysine decarboxylase
CHQ_1_03573	gene	1476	dtpC			
CHQ_1_03573	CDS	1476	dtpC		COG3104	Dipeptide and tripeptide permease C
CHQ_1_03574	gene	1518	lysU			
CHQ_1_03574	CDS	1518	lysU	6.1.1.6	COG1190	Lysine--tRNA ligase, heat inducible
CHQ_1_03575	gene	426				
CHQ_1_03575	CDS	426				hypothetical protein
CHQ_1_03576	gene	921	iolE_3			
CHQ_1_03576	CDS	921	iolE_3	4.2.1.44	COG1082	Inosose dehydratase
CHQ_1_03577	gene	1173	iolG_3			
CHQ_1_03577	CDS	1173	iolG_3	1.1.1.369		Inositol 2-dehydrogenase/D-chiro-inositol 3-dehydrogenase
CHQ_1_03578	gene	1032	iolU_2			
CHQ_1_03578	CDS	1032	iolU_2	1.1.1.371	COG0673	scyllo-inositol 2-dehydrogenase (NADP(+)) IolU
CHQ_1_03579	gene	1008	iolG_4			
CHQ_1_03579	CDS	1008	iolG_4	1.1.1.18	COG0673	Myo-inositol 2-dehydrogenase
CHQ_1_03580	gene	1020				
CHQ_1_03580	CDS	1020				hypothetical protein
CHQ_1_03581	gene	123				
CHQ_1_03581	CDS	123				hypothetical protein
CHQ_1_03582	gene	924	thpA_2			
CHQ_1_03582	CDS	924	thpA_2		COG1879	D-threitol-binding protein
CHQ_1_03583	gene	1485	mglA_2			
CHQ_1_03583	CDS	1485	mglA_2	7.5.2.11	COG1129	Galactose/methyl galactoside import ATP-binding protein MglA
CHQ_1_03584	gene	1032	rbsC_6			
CHQ_1_03584	CDS	1032	rbsC_6		COG1172	Ribose import permease protein RbsC
CHQ_1_03585	gene	642				
CHQ_1_03585	CDS	642				hypothetical protein
CHQ_1_03586	gene	1005	cra_2			
CHQ_1_03586	CDS	1005	cra_2		COG1609	Catabolite repressor/activator
CHQ_1_03587	gene	1401	scrB			
CHQ_1_03587	CDS	1401	scrB	3.2.1.26	COG1621	Sucrose-6-phosphate hydrolase
CHQ_1_03588	gene	1371	sacX			
CHQ_1_03588	CDS	1371	sacX		COG1263	Negative regulator of SacY activity
CHQ_1_03589	gene	1518	scrY_2			
CHQ_1_03589	CDS	1518	scrY_2			Sucrose porin
CHQ_1_03590	gene	924	scrK			
CHQ_1_03590	CDS	924	scrK	2.7.1.4	COG0524	Fructokinase
CHQ_1_03591	gene	768	iprA_3			
CHQ_1_03591	CDS	768	iprA_3			Inhibitor of hydrogen peroxide resistance
CHQ_1_03592	gene	345	yiaW_2			
CHQ_1_03592	CDS	345	yiaW_2			Inner membrane protein YiaW
CHQ_1_03593	gene	1143	yiaV_2			
CHQ_1_03593	CDS	1143	yiaV_2		COG1566	Inner membrane protein YiaV
CHQ_1_03594	gene	717	fhuC_2			
CHQ_1_03594	CDS	717	fhuC_2	7.2.2.16	COG1120	Iron(3+)-hydroxamate import ATP-binding protein FhuC
CHQ_1_03595	gene	1083	hmuU_2			
CHQ_1_03595	CDS	1083	hmuU_2		COG0609	Hemin transport system permease protein HmuU
CHQ_1_03596	gene	1119	btuF_2			
CHQ_1_03596	CDS	1119	btuF_2			Vitamin B12-binding protein
CHQ_1_03597	gene	390				
CHQ_1_03597	CDS	390				hypothetical protein
CHQ_1_03598	gene	456				
CHQ_1_03598	CDS	456				hypothetical protein
CHQ_1_03599	gene	588				
CHQ_1_03599	CDS	588				hypothetical protein
CHQ_1_03600	gene	1179	hipO_2			
CHQ_1_03600	CDS	1179	hipO_2	3.5.1.32	COG1473	Hippurate hydrolase
CHQ_1_03601	gene	777	hisJ_2			
CHQ_1_03601	CDS	777	hisJ_2		COG0834	Histidine-binding periplasmic protein
CHQ_1_03602	gene	954	yajO_3			
CHQ_1_03602	CDS	954	yajO_3	1.1.-.-	COG0667	1-deoxyxylulose-5-phosphate synthase YajO
CHQ_1_03603	gene	90				
CHQ_1_03603	rRNA	90				5S ribosomal RNA (partial)
CHQ_1_03604	gene	456	yjaB			
CHQ_1_03604	CDS	456	yjaB	2.3.1.-	COG0454	Peptidyl-lysine N-acetyltransferase YjaB
CHQ_1_03605	gene	930	metAS			
CHQ_1_03605	CDS	930	metAS	2.3.1.46	COG1897	Homoserine O-succinyltransferase
CHQ_1_03606	gene	1602	aceB			
CHQ_1_03606	CDS	1602	aceB	2.3.3.9	COG2225	Malate synthase A
CHQ_1_03607	gene	1320	aceA			
CHQ_1_03607	CDS	1320	aceA	4.1.3.1	COG2224	Isocitrate lyase
CHQ_1_03608	gene	1785	aceK			
CHQ_1_03608	CDS	1785	aceK	2.7.11.5	COG4579	Isocitrate dehydrogenase kinase/phosphatase
CHQ_1_03609	gene	831	iclR			
CHQ_1_03609	CDS	831	iclR		COG1414	Transcriptional repressor IclR
CHQ_1_03610	gene	3684	metH			
CHQ_1_03610	CDS	3684	metH	2.1.1.13	COG0646	Methionine synthase
CHQ_1_03611	gene	1632				
CHQ_1_03611	CDS	1632				hypothetical protein
CHQ_1_03612	gene	690	pepE			
CHQ_1_03612	CDS	690	pepE	3.4.13.21	COG3340	Peptidase E
CHQ_1_03613	gene	876	rluF			
CHQ_1_03613	CDS	876	rluF	5.4.99.-	COG1187	Dual-specificity RNA pseudouridine synthase RluF
CHQ_1_03614	gene	273				
CHQ_1_03614	CDS	273				hypothetical protein
CHQ_1_03615	gene	357				
CHQ_1_03615	CDS	357				hypothetical protein
CHQ_1_03616	gene	339				
CHQ_1_03616	CDS	339				hypothetical protein
CHQ_1_03617	gene	441	panS			
CHQ_1_03617	CDS	441	panS		COG0385	Pantothenate precursors transporter PanS
CHQ_1_03618	gene	1326	rimO			
CHQ_1_03618	CDS	1326	rimO	2.8.4.4	COG0621	Ribosomal protein S12 methylthiotransferase RimO
CHQ_1_03619	gene	1242	rafB_2			
CHQ_1_03619	CDS	1242	rafB_2			Raffinose permease
CHQ_1_03620	gene	384				
CHQ_1_03620	CDS	384				hypothetical protein
CHQ_1_03621	gene	1110	yliI			
CHQ_1_03621	CDS	1110	yliI	1.1.5.-	COG2133	Aldose sugar dehydrogenase YliI
CHQ_1_03622	gene	627	gstB_2			
CHQ_1_03622	CDS	627	gstB_2	2.5.1.18	COG0625	Glutathione S-transferase GstB
CHQ_1_03623	gene	1212	dacC			
CHQ_1_03623	CDS	1212	dacC	3.4.16.4	COG1686	D-alanyl-D-alanine carboxypeptidase DacC
CHQ_1_03624	gene	759	deoR_2			
CHQ_1_03624	CDS	759	deoR_2		COG1349	Deoxyribose operon repressor
CHQ_1_03625	gene	594	ybjG_2			
CHQ_1_03625	CDS	594	ybjG_2	3.6.1.27	COG0671	Putative undecaprenyl-diphosphatase YbjG
CHQ_1_03626	gene	1233	mdfA			
CHQ_1_03626	CDS	1233	mdfA			Multidrug transporter MdfA
CHQ_1_03627	gene	813	ybjI			
CHQ_1_03627	CDS	813	ybjI	3.1.3.104	COG0561	5-amino-6-(5-phospho-D-ribitylamino)uracil phosphatase YbjI
CHQ_1_03628	gene	1203	ybjJ			
CHQ_1_03628	CDS	1203	ybjJ			Inner membrane protein YbjJ
CHQ_1_03629	gene	564	rcdA			
CHQ_1_03629	CDS	564	rcdA		COG3226	HTH-type transcriptional regulator RcdA
CHQ_1_03630	gene	1053	xerC_6			
CHQ_1_03630	CDS	1053	xerC_6			Tyrosine recombinase XerC
CHQ_1_03631	gene	1995				
CHQ_1_03631	CDS	1995				hypothetical protein
CHQ_1_03632	gene	591				
CHQ_1_03632	CDS	591				hypothetical protein
CHQ_1_03633	gene	222				
CHQ_1_03633	CDS	222				hypothetical protein
CHQ_1_03634	gene	510				
CHQ_1_03634	CDS	510				hypothetical protein
CHQ_1_03635	gene	186				
CHQ_1_03635	CDS	186				hypothetical protein
CHQ_1_03636	gene	204				
CHQ_1_03636	CDS	204				hypothetical protein
CHQ_1_03637	gene	237				
CHQ_1_03637	CDS	237				hypothetical protein
CHQ_1_03638	gene	1371				
CHQ_1_03638	CDS	1371				hypothetical protein
CHQ_1_03639	gene	186				
CHQ_1_03639	CDS	186				hypothetical protein
CHQ_1_03640	gene	648				
CHQ_1_03640	CDS	648				hypothetical protein
CHQ_1_03641	gene	1023				
CHQ_1_03641	CDS	1023				hypothetical protein
CHQ_1_03642	gene	843				
CHQ_1_03642	CDS	843				hypothetical protein
CHQ_1_03643	gene	1203				
CHQ_1_03643	CDS	1203				hypothetical protein
CHQ_1_03644	gene	597				
CHQ_1_03644	CDS	597				hypothetical protein
CHQ_1_03645	gene	363				
CHQ_1_03645	CDS	363				hypothetical protein
CHQ_1_03646	gene	507				
CHQ_1_03646	CDS	507				hypothetical protein
CHQ_1_03647	gene	921				
CHQ_1_03647	CDS	921				hypothetical protein
CHQ_1_03648	gene	1686	aspT_1			
CHQ_1_03648	CDS	1686	aspT_1			Aspartate/alanine antiporter
CHQ_1_03649	gene	384	ybjM			
CHQ_1_03649	CDS	384	ybjM			Inner membrane protein YbjM
CHQ_1_03650	gene	264	grxA			
CHQ_1_03650	CDS	264	grxA		COG0695	Glutaredoxin 1
CHQ_1_03651	gene	288				
CHQ_1_03651	CDS	288				hypothetical protein
CHQ_1_03652	gene	723	nfsA			
CHQ_1_03652	CDS	723	nfsA	1.-.-.-	COG0778	Oxygen-insensitive NADPH nitroreductase
CHQ_1_03653	gene	903	rimK			
CHQ_1_03653	CDS	903	rimK	6.3.2.-	COG0189	Ribosomal protein S6--L-glutamate ligase
CHQ_1_03654	gene	480	ybjN			
CHQ_1_03654	CDS	480	ybjN			putative protein YbjN
CHQ_1_03655	gene	1113	potF			
CHQ_1_03655	CDS	1113	potF		COG0687	Putrescine-binding periplasmic protein
CHQ_1_03656	gene	1167	potA_4			
CHQ_1_03656	CDS	1167	potA_4	7.6.2.11	COG3842	Spermidine/putrescine import ATP-binding protein PotA
CHQ_1_03657	gene	954	potH			
CHQ_1_03657	CDS	954	potH		COG1176	Putrescine transport system permease protein PotH
CHQ_1_03658	gene	846	ydcV_2			
CHQ_1_03658	CDS	846	ydcV_2			Inner membrane ABC transporter permease protein YdcV
CHQ_1_03659	gene	489	ybjO			
CHQ_1_03659	CDS	489	ybjO			Inner membrane protein YbjO
CHQ_1_03660	gene	1128	rlmC			
CHQ_1_03660	CDS	1128	rlmC	2.1.1.189	COG2265	23S rRNA (uracil(747)-C(5))-methyltransferase RlmC
CHQ_1_03661	gene	717	phoP_2			
CHQ_1_03661	CDS	717	phoP_2		COG0745	Alkaline phosphatase synthesis transcriptional regulatory protein PhoP
CHQ_1_03662	gene	1473	sasA_5			
CHQ_1_03662	CDS	1473	sasA_5	2.7.-.-		Adaptive-response sensory-kinase SasA
CHQ_1_03663	gene	732	artJ_3			
CHQ_1_03663	CDS	732	artJ_3		COG0834	ABC transporter arginine-binding protein 1
CHQ_1_03664	gene	669	artM_2			
CHQ_1_03664	CDS	669	artM_2		COG4160	Arginine ABC transporter permease protein ArtM
CHQ_1_03665	gene	717	artQ_2			
CHQ_1_03665	CDS	717	artQ_2		COG4215	Arginine ABC transporter permease protein ArtQ
CHQ_1_03666	gene	753	artI			
CHQ_1_03666	CDS	753	artI		COG0834	Putative ABC transporter arginine-binding protein 2
CHQ_1_03667	gene	729	artP			
CHQ_1_03667	CDS	729	artP	3.6.3.-	COG4161	Arginine transport ATP-binding protein ArtP
CHQ_1_03668	gene	516	ybjP			
CHQ_1_03668	CDS	516	ybjP			putative lipoprotein YbjP
CHQ_1_03669	gene	273				
CHQ_1_03669	CDS	273				hypothetical protein
CHQ_1_03670	gene	1140				
CHQ_1_03670	CDS	1140				hypothetical protein
CHQ_1_03671	gene	831	amiD			
CHQ_1_03671	CDS	831	amiD	3.5.1.28	COG3023	N-acetylmuramoyl-L-alanine amidase AmiD
CHQ_1_03672	gene	1014	oleD			
CHQ_1_03672	CDS	1014	oleD	1.1.1.412	COG0451	2-alkyl-3-oxoalkanoate reductase
CHQ_1_03673	gene	1443				
CHQ_1_03673	CDS	1443				hypothetical protein
CHQ_1_03674	gene	1002	ltaE			
CHQ_1_03674	CDS	1002	ltaE	4.1.2.48	COG2008	Low specificity L-threonine aldolase
CHQ_1_03675	gene	1719	poxB			
CHQ_1_03675	CDS	1719	poxB	1.2.5.1	COG0028	Pyruvate dehydrogenase [ubiquinone]
CHQ_1_03676	gene	435				
CHQ_1_03676	CDS	435				hypothetical protein
CHQ_1_03677	gene	969	hcr			
CHQ_1_03677	CDS	969	hcr	1.-.-.-	COG1018	NADH oxidoreductase HCR
CHQ_1_03678	gene	1686	hcp			
CHQ_1_03678	CDS	1686	hcp	1.7.99.1	COG1151	Hydroxylamine reductase
CHQ_1_03679	gene	900	lysO			
CHQ_1_03679	CDS	900	lysO		COG2431	Lysine exporter LysO
CHQ_1_03680	gene	696	aqpZ			
CHQ_1_03680	CDS	696	aqpZ		COG0580	Aquaporin Z
CHQ_1_03681	gene	1659				
CHQ_1_03681	CDS	1659				hypothetical protein
CHQ_1_03682	gene	1116	macA_2			
CHQ_1_03682	CDS	1116	macA_2		COG0845	Macrolide export protein MacA
CHQ_1_03683	gene	1941	macB			
CHQ_1_03683	CDS	1941	macB	3.6.3.-	COG0577	Macrolide export ATP-binding/permease protein MacB
CHQ_1_03684	gene	222	cspD			
CHQ_1_03684	CDS	222	cspD		COG1278	Cold shock-like protein CspD
CHQ_1_03685	gene	318	clpS			
CHQ_1_03685	CDS	318	clpS		COG2127	ATP-dependent Clp protease adapter protein ClpS
CHQ_1_03686	gene	2280	clpA			
CHQ_1_03686	CDS	2280	clpA		COG0542	ATP-dependent Clp protease ATP-binding subunit ClpA
CHQ_1_03687	gene	219	infA			
CHQ_1_03687	CDS	219	infA		COG0361	Translation initiation factor IF-1
CHQ_1_03688	gene	705	aat			
CHQ_1_03688	CDS	705	aat	2.3.2.6	COG2360	Leucyl/phenylalanyl-tRNA--protein transferase
CHQ_1_03689	gene	1722	msbA_1			
CHQ_1_03689	CDS	1722	msbA_1	7.5.2.6	COG1132	Lipid A export ATP-binding/permease protein MsbA
CHQ_1_03690	gene	1767	cydD			
CHQ_1_03690	CDS	1767	cydD		COG4988	ATP-binding/permease protein CydD
CHQ_1_03691	gene	996	trxB			
CHQ_1_03691	CDS	996	trxB	1.8.1.9	COG0492	Thioredoxin reductase
CHQ_1_03692	gene	495	lrp_1			
CHQ_1_03692	CDS	495	lrp_1		COG1522	Leucine-responsive regulatory protein
CHQ_1_03693	gene	4269				
CHQ_1_03693	CDS	4269				hypothetical protein
CHQ_1_03694	gene	612	lolA			
CHQ_1_03694	CDS	612	lolA		COG2834	Outer-membrane lipoprotein carrier protein
CHQ_1_03695	gene	1344	rarA			
CHQ_1_03695	CDS	1344	rarA		COG2256	Replication-associated recombination protein A
CHQ_1_03696	gene	1293	serS			
CHQ_1_03696	CDS	1293	serS	6.1.1.11	COG0172	Serine--tRNA ligase
CHQ_1_03697	gene	183	dmsA_2			
CHQ_1_03697	CDS	183	dmsA_2	1.8.5.3	COG0243	Dimethyl sulfoxide reductase DmsA
CHQ_1_03698	gene	2223	dmsA_3			
CHQ_1_03698	CDS	2223	dmsA_3	1.8.5.3	COG0243	Dimethyl sulfoxide reductase DmsA
CHQ_1_03699	gene	618	dmsB_2			
CHQ_1_03699	CDS	618	dmsB_2		COG0437	Anaerobic dimethyl sulfoxide reductase chain B
CHQ_1_03700	gene	864	dmsC_2			
CHQ_1_03700	CDS	864	dmsC_2		COG3302	Anaerobic dimethyl sulfoxide reductase chain C
CHQ_1_03701	gene	1149	ycaD_2			
CHQ_1_03701	CDS	1149	ycaD_2			putative MFS-type transporter YcaD
CHQ_1_03702	gene	741	pflA			
CHQ_1_03702	CDS	741	pflA	1.97.1.4	COG1180	Pyruvate formate-lyase 1-activating enzyme
CHQ_1_03703	gene	2283	pflB			
CHQ_1_03703	CDS	2283	pflB	2.3.1.54	COG1882	Formate acetyltransferase 1
CHQ_1_03704	gene	858	focA			
CHQ_1_03704	CDS	858	focA		COG2116	putative formate transporter 1
CHQ_1_03705	gene	1761	ycaO			
CHQ_1_03705	CDS	1761	ycaO		COG1944	Ribosomal protein S12 methylthiotransferase accessory factor YcaO
CHQ_1_03706	gene	693				
CHQ_1_03706	CDS	693				hypothetical protein
CHQ_1_03707	gene	1089	serC			
CHQ_1_03707	CDS	1089	serC	2.6.1.52	COG1932	Phosphoserine aminotransferase
CHQ_1_03708	gene	1284	aroA_2			
CHQ_1_03708	CDS	1284	aroA_2	2.5.1.19	COG0128	3-phosphoshikimate 1-carboxyvinyltransferase
CHQ_1_03709	gene	684	cmk			
CHQ_1_03709	CDS	684	cmk	2.7.4.25	COG0283	Cytidylate kinase
CHQ_1_03710	gene	1674	rpsA			
CHQ_1_03710	CDS	1674	rpsA		COG0539	30S ribosomal protein S1
CHQ_1_03711	gene	288	ihfB			
CHQ_1_03711	CDS	288	ihfB		COG0776	Integration host factor subunit beta
CHQ_1_03712	gene	2265				
CHQ_1_03712	CDS	2265				hypothetical protein
CHQ_1_03713	gene	1749	msbA_2			
CHQ_1_03713	CDS	1749	msbA_2	7.5.2.6	COG1132	Lipid A export ATP-binding/permease protein MsbA
CHQ_1_03714	gene	981	lpxK			
CHQ_1_03714	CDS	981	lpxK	2.7.1.130	COG1663	Tetraacyldisaccharide 4'-kinase
CHQ_1_03715	gene	1230				
CHQ_1_03715	CDS	1230				hypothetical protein
CHQ_1_03716	gene	183				
CHQ_1_03716	CDS	183				hypothetical protein
CHQ_1_03717	gene	747	kdsB			
CHQ_1_03717	CDS	747	kdsB	2.7.7.38	COG1212	3-deoxy-manno-octulosonate cytidylyltransferase
CHQ_1_03718	gene	894				
CHQ_1_03718	CDS	894				hypothetical protein
CHQ_1_03719	gene	780				
CHQ_1_03719	CDS	780				hypothetical protein
CHQ_1_03720	gene	801	cmoM			
CHQ_1_03720	CDS	801	cmoM	2.1.1.-	COG0500	tRNA 5-carboxymethoxyuridine methyltransferase
CHQ_1_03721	gene	1323	mukF			
CHQ_1_03721	CDS	1323	mukF		COG3006	Chromosome partition protein MukF
CHQ_1_03722	gene	705	mukE			
CHQ_1_03722	CDS	705	mukE		COG3095	Chromosome partition protein MukE
CHQ_1_03723	gene	4449	mukB			
CHQ_1_03723	CDS	4449	mukB		COG3096	Chromosome partition protein MukB
CHQ_1_03724	gene	1791	ycbB			
CHQ_1_03724	CDS	1791	ycbB	2.-.-.-	COG2989	putative L,D-transpeptidase YcbB
CHQ_1_03725	gene	216				
CHQ_1_03725	CDS	216				hypothetical protein
CHQ_1_03726	gene	552				
CHQ_1_03726	CDS	552				hypothetical protein
CHQ_1_03727	gene	648	gloC			
CHQ_1_03727	CDS	648	gloC	3.1.2.6	COG0491	Hydroxyacylglutathione hydrolase GloC
CHQ_1_03728	gene	1191	aspC			
CHQ_1_03728	CDS	1191	aspC	2.6.1.1	COG1448	Aspartate aminotransferase
CHQ_1_03729	gene	1083	yedS			
CHQ_1_03729	CDS	1083	yedS		COG3203	Outer membrane protein YedS
CHQ_1_03730	gene	1401	asnS			
CHQ_1_03730	CDS	1401	asnS	6.1.1.22	COG0017	Asparagine--tRNA ligase
CHQ_1_03731	gene	1203	pncB			
CHQ_1_03731	CDS	1203	pncB	6.3.4.21	COG1488	Nicotinate phosphoribosyltransferase
CHQ_1_03732	gene	2616	pepN			
CHQ_1_03732	CDS	2616	pepN	3.4.11.2	COG0308	Aminopeptidase N
CHQ_1_03733	gene	774	ssuB_2			
CHQ_1_03733	CDS	774	ssuB_2	3.6.3.-	COG1116	Aliphatic sulfonates import ATP-binding protein SsuB
CHQ_1_03734	gene	792	ssuC_2			
CHQ_1_03734	CDS	792	ssuC_2		COG0600	Putative aliphatic sulfonates transport permease protein SsuC
CHQ_1_03735	gene	1146	ssuD			
CHQ_1_03735	CDS	1146	ssuD	1.14.14.5	COG2141	Alkanesulfonate monooxygenase
CHQ_1_03736	gene	963	ssuA_3			
CHQ_1_03736	CDS	963	ssuA_3			Putative aliphatic sulfonates-binding protein
CHQ_1_03737	gene	576	ssuE			
CHQ_1_03737	CDS	576	ssuE	1.5.1.38	COG0431	FMN reductase (NADPH)
CHQ_1_03738	gene	1011	pyrD			
CHQ_1_03738	CDS	1011	pyrD	1.3.5.2	COG0167	Dihydroorotate dehydrogenase (quinone)
CHQ_1_03739	gene	543	zapC			
CHQ_1_03739	CDS	543	zapC			Cell division protein ZapC
CHQ_1_03740	gene	1110	ycbX			
CHQ_1_03740	CDS	1110	ycbX		COG0633	putative protein YcbX
CHQ_1_03741	gene	2106	rlmL			
CHQ_1_03741	CDS	2106	rlmL		COG0116	Ribosomal RNA large subunit methyltransferase K/L
CHQ_1_03742	gene	1908	uup			
CHQ_1_03742	CDS	1908	uup		COG0488	ABC transporter ATP-binding protein uup
CHQ_1_03743	gene	1269	pqiA			
CHQ_1_03743	CDS	1269	pqiA		COG2995	Intermembrane transport protein PqiA
CHQ_1_03744	gene	1638	pqiB			
CHQ_1_03744	CDS	1638	pqiB		COG3008	Intermembrane transport protein PqiB
CHQ_1_03745	gene	564	pqiC			
CHQ_1_03745	CDS	564	pqiC		COG3009	Intermembrane transport lipoprotein PqiC
CHQ_1_03746	gene	519	fabA			
CHQ_1_03746	CDS	519	fabA	4.2.1.59	COG0764	3-hydroxydecanoyl-[acyl-carrier-protein] dehydratase
CHQ_1_03747	gene	1758	lon_2			
CHQ_1_03747	CDS	1758	lon_2	3.4.21.53		Lon protease
CHQ_1_03748	gene	453	matP			
CHQ_1_03748	CDS	453	matP		COG3120	Macrodomain Ter protein
CHQ_1_03749	gene	1071	ompA			
CHQ_1_03749	CDS	1071	ompA		COG2885	Outer membrane protein A
CHQ_1_03750	gene	510	sulA			
CHQ_1_03750	CDS	510	sulA		COG5404	Cell division inhibitor SulA
CHQ_1_03751	gene	597	sxy			
CHQ_1_03751	CDS	597	sxy		COG3070	Protein Sxy
CHQ_1_03752	gene	2136	yccS			
CHQ_1_03752	CDS	2136	yccS		COG1289	Inner membrane protein YccS
CHQ_1_03753	gene	447	yccF			
CHQ_1_03753	CDS	447	yccF		COG3304	Inner membrane protein YccF
CHQ_1_03754	gene	2055	helD			
CHQ_1_03754	CDS	2055	helD	3.6.4.12	COG0210	DNA helicase IV
CHQ_1_03755	gene	474	mgsA			
CHQ_1_03755	CDS	474	mgsA	4.2.3.3	COG1803	Methylglyoxal synthase
CHQ_1_03756	gene	414	yccU			
CHQ_1_03756	CDS	414	yccU		COG1832	putative protein YccU
CHQ_1_03757	gene	318	hspQ			
CHQ_1_03757	CDS	318	hspQ		COG3785	Heat shock protein HspQ
CHQ_1_03758	gene	1203	rlmI			
CHQ_1_03758	CDS	1203	rlmI	2.1.1.191	COG1092	Ribosomal RNA large subunit methyltransferase I
CHQ_1_03759	gene	555				
CHQ_1_03759	CDS	555				hypothetical protein
CHQ_1_03760	gene	789	appY			
CHQ_1_03760	CDS	789	appY		COG2207	HTH-type transcriptional regulator AppY
CHQ_1_03761	gene	282	yccX			
CHQ_1_03761	CDS	282	yccX	3.6.1.7	COG1254	Acylphosphatase
CHQ_1_03762	gene	330	tusE			
CHQ_1_03762	CDS	330	tusE	2.8.1.-	COG2920	Sulfurtransferase TusE
CHQ_1_03763	gene	660	yccA			
CHQ_1_03763	CDS	660	yccA		COG0670	Modulator of FtsH protease YccA
CHQ_1_03764	gene	1653	oppA_2			
CHQ_1_03764	CDS	1653	oppA_2		COG4166	Periplasmic oligopeptide-binding protein
CHQ_1_03765	gene	88				
CHQ_1_03765	tRNA	88				tRNA-Ser(tga)
CHQ_1_03766	gene	2427	malP_3			
CHQ_1_03766	CDS	2427	malP_3	2.4.1.1	COG0058	Maltodextrin phosphorylase
CHQ_1_03767	gene	342				
CHQ_1_03767	CDS	342			COG1366	Putative anti-sigma factor antagonist
CHQ_1_03768	gene	1536	pdeG			
CHQ_1_03768	CDS	1536	pdeG	3.1.4.52		putative cyclic di-GMP phosphodiesterase PdeG
CHQ_1_03769	gene	1017	fbpA			
CHQ_1_03769	CDS	1017	fbpA			Fe(3+)-binding periplasmic protein
CHQ_1_03770	gene	1575				
CHQ_1_03770	CDS	1575				hypothetical protein
CHQ_1_03771	gene	1029	fbpC			
CHQ_1_03771	CDS	1029	fbpC	7.2.2.7		Fe(3+) ions import ATP-binding protein FbpC
CHQ_1_03772	gene	900				
CHQ_1_03772	CDS	900				hypothetical protein
CHQ_1_03773	gene	834	rhaR_4			
CHQ_1_03773	CDS	834	rhaR_4			HTH-type transcriptional activator RhaR
CHQ_1_03774	gene	768				
CHQ_1_03774	CDS	768				hypothetical protein
CHQ_1_03775	gene	342	frwD			
CHQ_1_03775	CDS	342	frwD	2.7.1.202	COG1445	PTS system fructose-like EIIB component 3
CHQ_1_03776	gene	876	cutD_3			
CHQ_1_03776	CDS	876	cutD_3	1.97.1.-	COG1180	Choline trimethylamine-lyase activating enzyme
CHQ_1_03777	gene	2298	cutC_3			
CHQ_1_03777	CDS	2298	cutC_3	4.3.99.4	COG1882	Choline trimethylamine-lyase
CHQ_1_03778	gene	321	fruA_3			
CHQ_1_03778	CDS	321	fruA_3		COG1299	PTS system fructose-specific EIIB'BC component
CHQ_1_03779	gene	1077	manP			
CHQ_1_03779	CDS	1077	manP		COG1299	PTS system mannose-specific EIIBCA component
CHQ_1_03780	gene	2502	fryA			
CHQ_1_03780	CDS	2502	fryA		COG1080	Multiphosphoryl transfer protein 1
CHQ_1_03781	gene	966	yeaX_1			
CHQ_1_03781	CDS	966	yeaX_1	1.14.13.239	COG1018	Carnitine monooxygenase reductase subunit
CHQ_1_03782	gene	1449	gabD_1			
CHQ_1_03782	CDS	1449	gabD_1	1.2.1.79	COG1012	Succinate-semialdehyde dehydrogenase [NADP(+)] GabD
CHQ_1_03783	gene	1125	yeaW			
CHQ_1_03783	CDS	1125	yeaW	1.14.13.239	COG4638	Carnitine monooxygenase oxygenase subunit
CHQ_1_03784	gene	1608	caiT			
CHQ_1_03784	CDS	1608	caiT		COG1292	L-carnitine/gamma-butyrobetaine antiporter
CHQ_1_03785	gene	1086	dmlA			
CHQ_1_03785	CDS	1086	dmlA	1.1.1.83	COG0473	D-malate dehydrogenase [decarboxylating]
CHQ_1_03786	gene	942	dmlR_12			
CHQ_1_03786	CDS	942	dmlR_12			HTH-type transcriptional regulator DmlR
CHQ_1_03787	gene	1281	puuB_2			
CHQ_1_03787	CDS	1281	puuB_2	1.4.3.-		Gamma-glutamylputrescine oxidoreductase
CHQ_1_03788	gene	1488	puuC			
CHQ_1_03788	CDS	1488	puuC	1.2.1.5	COG1012	NADP/NAD-dependent aldehyde dehydrogenase PuuC
CHQ_1_03789	gene	558	puuR			
CHQ_1_03789	CDS	558	puuR			HTH-type transcriptional regulator PuuR
CHQ_1_03790	gene	765	puuD			
CHQ_1_03790	CDS	765	puuD	3.5.1.94	COG2071	Gamma-glutamyl-gamma-aminobutyrate hydrolase PuuD
CHQ_1_03791	gene	1422	puuA			
CHQ_1_03791	CDS	1422	puuA	6.3.1.11	COG0174	Gamma-glutamylputrescine synthetase PuuA
CHQ_1_03792	gene	1392	puuP			
CHQ_1_03792	CDS	1392	puuP		COG0531	Putrescine importer PuuP
CHQ_1_03793	gene	123				
CHQ_1_03793	CDS	123				hypothetical protein
CHQ_1_03794	gene	222				
CHQ_1_03794	CDS	222				hypothetical protein
CHQ_1_03795	gene	789				
CHQ_1_03795	CDS	789				hypothetical protein
CHQ_1_03796	gene	450				
CHQ_1_03796	CDS	450			COG1733	putative HTH-type transcriptional regulator
CHQ_1_03797	gene	1248	agp_2			
CHQ_1_03797	CDS	1248	agp_2	3.1.3.10		Glucose-1-phosphatase
CHQ_1_03798	gene	1008	xerC_7			
CHQ_1_03798	CDS	1008	xerC_7			Tyrosine recombinase XerC
CHQ_1_03799	gene	303				
CHQ_1_03799	CDS	303				hypothetical protein
CHQ_1_03800	gene	333				
CHQ_1_03800	CDS	333				hypothetical protein
CHQ_1_03801	gene	264				
CHQ_1_03801	CDS	264				hypothetical protein
CHQ_1_03802	gene	240				
CHQ_1_03802	CDS	240				hypothetical protein
CHQ_1_03803	gene	279				
CHQ_1_03803	CDS	279				hypothetical protein
CHQ_1_03804	gene	246				
CHQ_1_03804	CDS	246				hypothetical protein
CHQ_1_03805	gene	582				
CHQ_1_03805	CDS	582				hypothetical protein
CHQ_1_03806	gene	969	dam_4			
CHQ_1_03806	CDS	969	dam_4	2.1.1.72	COG0338	DNA adenine methylase
CHQ_1_03807	gene	174				
CHQ_1_03807	CDS	174				hypothetical protein
CHQ_1_03808	gene	153				
CHQ_1_03808	CDS	153				hypothetical protein
CHQ_1_03809	gene	162				
CHQ_1_03809	CDS	162				hypothetical protein
CHQ_1_03810	gene	330				
CHQ_1_03810	CDS	330				hypothetical protein
CHQ_1_03811	gene	2649				
CHQ_1_03811	CDS	2649				hypothetical protein
CHQ_1_03812	gene	363				
CHQ_1_03812	CDS	363				hypothetical protein
CHQ_1_03813	gene	1053				
CHQ_1_03813	CDS	1053				hypothetical protein
CHQ_1_03814	gene	1722				
CHQ_1_03814	CDS	1722				hypothetical protein
CHQ_1_03815	gene	834				
CHQ_1_03815	CDS	834				hypothetical protein
CHQ_1_03816	gene	1050				
CHQ_1_03816	CDS	1050				hypothetical protein
CHQ_1_03817	gene	915				
CHQ_1_03817	CDS	915				hypothetical protein
CHQ_1_03818	gene	498				
CHQ_1_03818	CDS	498				hypothetical protein
CHQ_1_03819	gene	201				
CHQ_1_03819	CDS	201				hypothetical protein
CHQ_1_03820	gene	282				
CHQ_1_03820	CDS	282				hypothetical protein
CHQ_1_03821	gene	552				
CHQ_1_03821	CDS	552				hypothetical protein
CHQ_1_03822	gene	396				
CHQ_1_03822	CDS	396				hypothetical protein
CHQ_1_03823	gene	459				
CHQ_1_03823	CDS	459				hypothetical protein
CHQ_1_03824	gene	642				
CHQ_1_03824	CDS	642				hypothetical protein
CHQ_1_03825	gene	585				
CHQ_1_03825	CDS	585				hypothetical protein
CHQ_1_03826	gene	369				
CHQ_1_03826	CDS	369				hypothetical protein
CHQ_1_03827	gene	900				
CHQ_1_03827	CDS	900				hypothetical protein
CHQ_1_03828	gene	597				
CHQ_1_03828	CDS	597				hypothetical protein
CHQ_1_03829	gene	351				
CHQ_1_03829	CDS	351				hypothetical protein
CHQ_1_03830	gene	702				
CHQ_1_03830	CDS	702				IS3 family transposase ISEc36
CHQ_1_03831	gene	366				
CHQ_1_03831	CDS	366				hypothetical protein
CHQ_1_03832	gene	90				
CHQ_1_03832	rRNA	90				5S ribosomal RNA (partial)
CHQ_1_03833	gene	1299	kgtP			
CHQ_1_03833	CDS	1299	kgtP			Alpha-ketoglutarate permease
CHQ_1_03834	gene	324				
CHQ_1_03834	CDS	324				hypothetical protein
CHQ_1_03835	gene	1356	pssA			
CHQ_1_03835	CDS	1356	pssA	2.7.8.8	COG1502	CDP-diacylglycerol--serine O-phosphatidyltransferase
CHQ_1_03836	gene	2652	pat_2			
CHQ_1_03836	CDS	2652	pat_2	2.3.1.-	COG0454	Peptidyl-lysine N-acetyltransferase Pat
CHQ_1_03837	gene	699				
CHQ_1_03837	CDS	699				hypothetical protein
CHQ_1_03838	gene	426	trxC			
CHQ_1_03838	CDS	426	trxC	1.8.1.8	COG0526	Thioredoxin 2
CHQ_1_03839	gene	1071	yfiF			
CHQ_1_03839	CDS	1071	yfiF	2.1.1.-	COG0566	putative tRNA/rRNA methyltransferase YfiF
CHQ_1_03840	gene	690	ung			
CHQ_1_03840	CDS	690	ung	3.2.2.27	COG0692	Uracil-DNA glycosylase
CHQ_1_03841	gene	384	grcA			
CHQ_1_03841	CDS	384	grcA		COG3445	Autonomous glycyl radical cofactor
CHQ_1_03842	gene	1332	srmB			
CHQ_1_03842	CDS	1332	srmB	3.6.4.13	COG0513	ATP-dependent RNA helicase SrmB
CHQ_1_03843	gene	738	yfiC			
CHQ_1_03843	CDS	738	yfiC	2.1.1.223	COG4123	tRNA1(Val) (adenine(37)-N6)-methyltransferase
CHQ_1_03844	gene	1620	nadB			
CHQ_1_03844	CDS	1620	nadB	1.4.3.16	COG0029	L-aspartate oxidase
CHQ_1_03845	gene	576	rpoE			
CHQ_1_03845	CDS	576	rpoE			ECF RNA polymerase sigma-E factor
CHQ_1_03846	gene	651	rseA			
CHQ_1_03846	CDS	651	rseA		COG3073	Anti-sigma-E factor RseA
CHQ_1_03847	gene	957	rseB			
CHQ_1_03847	CDS	957	rseB		COG3026	Sigma-E factor regulatory protein RseB
CHQ_1_03848	gene	480	rseC			
CHQ_1_03848	CDS	480	rseC		COG3086	Protein RseC
CHQ_1_03849	gene	1800	lepA			
CHQ_1_03849	CDS	1800	lepA	3.6.5.-	COG0481	Elongation factor 4
CHQ_1_03850	gene	975	lepB			
CHQ_1_03850	CDS	975	lepB	3.4.21.89	COG0681	Signal peptidase I
CHQ_1_03851	gene	681	rnc			
CHQ_1_03851	CDS	681	rnc	3.1.26.3	COG0571	Ribonuclease 3
CHQ_1_03852	gene	906	era			
CHQ_1_03852	CDS	906	era		COG1159	GTPase Era
CHQ_1_03853	gene	738	recO			
CHQ_1_03853	CDS	738	recO		COG1381	DNA repair protein RecO
CHQ_1_03854	gene	732	pdxJ			
CHQ_1_03854	CDS	732	pdxJ	2.6.99.2	COG0854	Pyridoxine 5'-phosphate synthase
CHQ_1_03855	gene	381	acpS			
CHQ_1_03855	CDS	381	acpS	2.7.8.7	COG0736	Holo-[acyl-carrier-protein] synthase
CHQ_1_03856	gene	261	yfhL			
CHQ_1_03856	CDS	261	yfhL		COG1145	Ferredoxin YfhL
CHQ_1_03857	gene	849	murR			
CHQ_1_03857	CDS	849	murR		COG1737	HTH-type transcriptional regulator MurR
CHQ_1_03858	gene	612	pgpC			
CHQ_1_03858	CDS	612	pgpC	3.1.3.27	COG0560	Phosphatidylglycerophosphatase C
CHQ_1_03859	gene	510	tadA			
CHQ_1_03859	CDS	510	tadA	3.5.4.33	COG0590	tRNA-specific adenosine deaminase
CHQ_1_03860	gene	1617	mltF_2			
CHQ_1_03860	CDS	1617	mltF_2	4.2.2.-	COG4623	Membrane-bound lytic murein transglycosylase F
CHQ_1_03861	gene	3888	purL			
CHQ_1_03861	CDS	3888	purL	6.3.5.3	COG0046	Phosphoribosylformylglycinamidine synthase
CHQ_1_03862	gene	1440	qseE			
CHQ_1_03862	CDS	1440	qseE	2.7.13.3		Sensor histidine kinase QseE
CHQ_1_03863	gene	687	qseG			
CHQ_1_03863	CDS	687	qseG			Quorum-sensing regulator protein G
CHQ_1_03864	gene	1338	qseF			
CHQ_1_03864	CDS	1338	qseF		COG2204	Transcriptional regulatory protein QseF
CHQ_1_03865	gene	339	glnB			
CHQ_1_03865	CDS	339	glnB		COG0347	Nitrogen regulatory protein P-II
CHQ_1_03866	gene	1191	hmp			
CHQ_1_03866	CDS	1191	hmp	1.14.12.17	COG1017	Flavohemoprotein
CHQ_1_03867	gene	1254	glyA			
CHQ_1_03867	CDS	1254	glyA	2.1.2.1	COG0112	Serine hydroxymethyltransferase
CHQ_1_03868	gene	423	yphA			
CHQ_1_03868	CDS	423	yphA		COG2259	Inner membrane protein YphA
CHQ_1_03869	gene	1137	hcaT			
CHQ_1_03869	CDS	1137	hcaT			putative 3-phenylpropionic acid transporter
CHQ_1_03870	gene	1278				
CHQ_1_03870	CDS	1278				hypothetical protein
CHQ_1_03871	gene	639				
CHQ_1_03871	CDS	639				hypothetical protein
CHQ_1_03872	gene	981				
CHQ_1_03872	CDS	981				hypothetical protein
CHQ_1_03873	gene	837				
CHQ_1_03873	CDS	837				hypothetical protein
CHQ_1_03874	gene	804	suhB_3			
CHQ_1_03874	CDS	804	suhB_3	3.1.3.25	COG0483	Inositol-1-monophosphatase
CHQ_1_03875	gene	735	trmJ			
CHQ_1_03875	CDS	735	trmJ	2.1.1.200	COG0565	tRNA (cytidine/uridine-2'-O-)-methyltransferase TrmJ
CHQ_1_03876	gene	492	iscR			
CHQ_1_03876	CDS	492	iscR		COG1959	HTH-type transcriptional regulator IscR
CHQ_1_03877	gene	1215	iscS			
CHQ_1_03877	CDS	1215	iscS	2.8.1.7	COG1104	Cysteine desulfurase IscS
CHQ_1_03878	gene	387	iscU			
CHQ_1_03878	CDS	387	iscU		COG0822	Iron-sulfur cluster assembly scaffold protein IscU
CHQ_1_03879	gene	324	iscA			
CHQ_1_03879	CDS	324	iscA		COG0316	Iron-binding protein IscA
CHQ_1_03880	gene	516	hscB			
CHQ_1_03880	CDS	516	hscB		COG1076	Co-chaperone protein HscB
CHQ_1_03881	gene	1851	hscA			
CHQ_1_03881	CDS	1851	hscA		COG0443	Chaperone protein HscA
CHQ_1_03882	gene	336	fdx			
CHQ_1_03882	CDS	336	fdx		COG0633	2Fe-2S ferredoxin
CHQ_1_03883	gene	201	iscX			
CHQ_1_03883	CDS	201	iscX		COG2975	Protein IscX
CHQ_1_03884	gene	1287	pepB			
CHQ_1_03884	CDS	1287	pepB	3.4.11.23	COG0260	Peptidase B
CHQ_1_03885	gene	777				
CHQ_1_03885	CDS	777				hypothetical protein
CHQ_1_03886	gene	843				
CHQ_1_03886	CDS	843				hypothetical protein
CHQ_1_03887	gene	498				
CHQ_1_03887	CDS	498				hypothetical protein
CHQ_1_03888	gene	159				
CHQ_1_03888	CDS	159				hypothetical protein
CHQ_1_03889	gene	858	sseA			
CHQ_1_03889	CDS	858	sseA	2.8.1.2	COG2897	3-mercaptopyruvate sulfurtransferase
CHQ_1_03890	gene	4950	yfhM			
CHQ_1_03890	CDS	4950	yfhM		COG2373	Alpha-2-macroglobulin
CHQ_1_03891	gene	2325	pbpC			
CHQ_1_03891	CDS	2325	pbpC		COG4953	Penicillin-binding protein 1C
CHQ_1_03892	gene	432	ndk			
CHQ_1_03892	CDS	432	ndk	2.7.4.6	COG0105	Nucleoside diphosphate kinase
CHQ_1_03893	gene	1167	rlmN			
CHQ_1_03893	CDS	1167	rlmN	2.1.1.192	COG0820	Dual-specificity RNA methyltransferase RlmN
CHQ_1_03894	gene	993	rodZ			
CHQ_1_03894	CDS	993	rodZ		COG1426	Cytoskeleton protein RodZ
CHQ_1_03895	gene	1122	ispG			
CHQ_1_03895	CDS	1122	ispG	1.17.7.3	COG0821	4-hydroxy-3-methylbut-2-en-1-yl diphosphate synthase (flavodoxin)
CHQ_1_03896	gene	1275	hisS			
CHQ_1_03896	CDS	1275	hisS	6.1.1.21	COG0124	Histidine--tRNA ligase
CHQ_1_03897	gene	621				
CHQ_1_03897	CDS	621				hypothetical protein
CHQ_1_03898	gene	1179	bamB			
CHQ_1_03898	CDS	1179	bamB		COG1520	Outer membrane protein assembly factor BamB
CHQ_1_03899	gene	1479	der			
CHQ_1_03899	CDS	1479	der		COG1160	GTPase Der
CHQ_1_03900	gene	1080				
CHQ_1_03900	CDS	1080				hypothetical protein
CHQ_1_03901	gene	219	yfgJ			
CHQ_1_03901	CDS	219	yfgJ			putative protein YfgJ
CHQ_1_03902	gene	1392	xseA			
CHQ_1_03902	CDS	1392	xseA	3.1.11.6	COG1570	Exodeoxyribonuclease 7 large subunit
CHQ_1_03903	gene	1467	guaB			
CHQ_1_03903	CDS	1467	guaB	1.1.1.205	COG0516	Inosine-5'-monophosphate dehydrogenase
CHQ_1_03904	gene	1578	guaA			
CHQ_1_03904	CDS	1578	guaA	6.3.5.2	COG0518	GMP synthase [glutamine-hydrolyzing]
CHQ_1_03905	gene	1221				
CHQ_1_03905	CDS	1221				hypothetical protein
CHQ_1_03906	gene	888	yofA			
CHQ_1_03906	CDS	888	yofA		COG0583	HTH-type transcriptional regulator YofA
CHQ_1_03907	gene	174	yfgG			
CHQ_1_03907	CDS	174	yfgG			Protein YfgG
CHQ_1_03908	gene	2229	pdeF			
CHQ_1_03908	CDS	2229	pdeF	3.1.4.52		Cyclic di-GMP phosphodiesterase PdeF
CHQ_1_03909	gene	1533	ppx			
CHQ_1_03909	CDS	1533	ppx	3.6.1.11	COG0248	Exopolyphosphatase
CHQ_1_03910	gene	2061	ppk			
CHQ_1_03910	CDS	2061	ppk	2.7.4.1	COG0855	Polyphosphate kinase
CHQ_1_03911	gene	1668				
CHQ_1_03911	CDS	1668				hypothetical protein
CHQ_1_03912	gene	1098	yesR_2			
CHQ_1_03912	CDS	1098	yesR_2	3.2.1.172	COG4225	Unsaturated rhamnogalacturonyl hydrolase YesR
CHQ_1_03913	gene	1509	yjmB			
CHQ_1_03913	CDS	1509	yjmB		COG2211	putative symporter YjmB
CHQ_1_03914	gene	1341				
CHQ_1_03914	CDS	1341				hypothetical protein
CHQ_1_03915	gene	642	purN			
CHQ_1_03915	CDS	642	purN	2.1.2.2	COG0299	Phosphoribosylglycinamide formyltransferase
CHQ_1_03916	gene	1038	purM			
CHQ_1_03916	CDS	1038	purM	6.3.3.1	COG0150	Phosphoribosylformylglycinamidine cyclo-ligase
CHQ_1_03917	gene	894	bglK			
CHQ_1_03917	CDS	894	bglK	2.7.1.85	COG1940	Beta-glucoside kinase
CHQ_1_03918	gene	1431	bglA_3			
CHQ_1_03918	CDS	1431	bglA_3	3.2.1.86	COG2723	6-phospho-beta-glucosidase BglA
CHQ_1_03919	gene	627	upp			
CHQ_1_03919	CDS	627	upp	2.4.2.9	COG0035	Uracil phosphoribosyltransferase
CHQ_1_03920	gene	1287	uraA			
CHQ_1_03920	CDS	1287	uraA		COG2233	Uracil permease
CHQ_1_03921	gene	678	hda			
CHQ_1_03921	CDS	678	hda		COG0593	DnaA regulatory inactivator Hda
CHQ_1_03922	gene	912				
CHQ_1_03922	CDS	912				ISNCY family transposase ISSen7
CHQ_1_03923	gene	360	yfgD			
CHQ_1_03923	CDS	360	yfgD		COG1393	putative protein YfgD
CHQ_1_03924	gene	1464	bepA_1			
CHQ_1_03924	CDS	1464	bepA_1	3.4.-.-	COG4783	Beta-barrel assembly-enhancing protease
CHQ_1_03925	gene	1065	yhhT_2			
CHQ_1_03925	CDS	1065	yhhT_2		COG0628	Putative transport protein YhhT
CHQ_1_03926	gene	471	bcp			
CHQ_1_03926	CDS	471	bcp	1.11.1.15	COG1225	Peroxiredoxin Bcp
CHQ_1_03927	gene	567	gcvR			
CHQ_1_03927	CDS	567	gcvR		COG2716	Glycine cleavage system transcriptional repressor
CHQ_1_03928	gene	879	dapA_2			
CHQ_1_03928	CDS	879	dapA_2	4.3.3.7	COG0329	4-hydroxy-tetrahydrodipicolinate synthase
CHQ_1_03929	gene	1035	bamC			
CHQ_1_03929	CDS	1035	bamC		COG3317	Outer membrane protein assembly factor BamC
CHQ_1_03930	gene	714	purC			
CHQ_1_03930	CDS	714	purC	6.3.2.6	COG0152	Phosphoribosylaminoimidazole-succinocarboxamide synthase
CHQ_1_03931	gene	876				
CHQ_1_03931	CDS	876				hypothetical protein
CHQ_1_03932	gene	2004	tmcA			
CHQ_1_03932	CDS	2004	tmcA	2.3.1.193	COG1444	tRNA(Met) cytidine acetyltransferase TmcA
CHQ_1_03933	gene	696				
CHQ_1_03933	CDS	696				hypothetical protein
CHQ_1_03934	gene	204				
CHQ_1_03934	CDS	204				hypothetical protein
CHQ_1_03935	gene	1128	dapE			
CHQ_1_03935	CDS	1128	dapE	3.5.1.18	COG0624	Succinyl-diaminopimelate desuccinylase
CHQ_1_03936	gene	354	yffB			
CHQ_1_03936	CDS	354	yffB		COG1393	Protein YffB
CHQ_1_03937	gene	3114	acrB_2			
CHQ_1_03937	CDS	3114	acrB_2		COG0841	Multidrug efflux pump subunit AcrB
CHQ_1_03938	gene	1983				
CHQ_1_03938	CDS	1983		1.18.1.2		Ferredoxin--NADP reductase
CHQ_1_03939	gene	597	nudK_2			
CHQ_1_03939	CDS	597	nudK_2	3.6.1.-		GDP-mannose pyrophosphatase NudK
CHQ_1_03940	gene	1047				
CHQ_1_03940	CDS	1047				hypothetical protein
CHQ_1_03941	gene	1995	tktB			
CHQ_1_03941	CDS	1995	tktB	2.2.1.1	COG0021	Transketolase 2
CHQ_1_03942	gene	957	tal			
CHQ_1_03942	CDS	957	tal	2.2.1.2		Transaldolase
CHQ_1_03943	gene	2280	maeB			
CHQ_1_03943	CDS	2280	maeB	1.1.1.40	COG0280	NADP-dependent malic enzyme
CHQ_1_03944	gene	336	eutS			
CHQ_1_03944	CDS	336	eutS		COG4810	Ethanolamine utilization protein EutS
CHQ_1_03945	gene	480				
CHQ_1_03945	CDS	480				hypothetical protein
CHQ_1_03946	gene	681	eutQ			
CHQ_1_03946	CDS	681	eutQ		COG4766	Ethanolamine utilization protein EutQ
CHQ_1_03947	gene	810				
CHQ_1_03947	CDS	810				hypothetical protein
CHQ_1_03948	gene	1017	eutD			
CHQ_1_03948	CDS	1017	eutD		COG0280	Ethanolamine utilization protein EutD
CHQ_1_03949	gene	291	eutM			
CHQ_1_03949	CDS	291	eutM		COG4577	Ethanolamine utilization protein EutM
CHQ_1_03950	gene	288	eutN			
CHQ_1_03950	CDS	288	eutN		COG4576	Ethanolamine utilization protein EutN
CHQ_1_03951	gene	1404	proA_1			
CHQ_1_03951	CDS	1404	proA_1	1.2.1.41		Gamma-glutamyl phosphate reductase
CHQ_1_03952	gene	840	ftsA_2			
CHQ_1_03952	CDS	840	ftsA_2			Cell division protein FtsA
CHQ_1_03953	gene	1188	mdh_2			
CHQ_1_03953	CDS	1188	mdh_2	1.1.1.244		NAD-dependent methanol dehydrogenase
CHQ_1_03954	gene	1233				
CHQ_1_03954	CDS	1233				hypothetical protein
CHQ_1_03955	gene	1404				
CHQ_1_03955	CDS	1404				hypothetical protein
CHQ_1_03956	gene	1362	eutB_2			
CHQ_1_03956	CDS	1362	eutB_2	4.3.1.7	COG4303	Ethanolamine ammonia-lyase heavy chain
CHQ_1_03957	gene	900	eutC_2			
CHQ_1_03957	CDS	900	eutC_2	4.3.1.7	COG4302	Ethanolamine ammonia-lyase light chain
CHQ_1_03958	gene	660	eutL			
CHQ_1_03958	CDS	660	eutL		COG4816	Ethanolamine utilization protein EutL
CHQ_1_03959	gene	486	eutK			
CHQ_1_03959	CDS	486	eutK		COG4577	Ethanolamine utilization protein EutK
CHQ_1_03960	gene	1053				
CHQ_1_03960	CDS	1053				hypothetical protein
CHQ_1_03961	gene	900	hemF			
CHQ_1_03961	CDS	900	hemF	1.3.3.3	COG0408	Oxygen-dependent coproporphyrinogen-III oxidase
CHQ_1_03962	gene	873	amiA			
CHQ_1_03962	CDS	873	amiA	3.5.1.28	COG0860	N-acetylmuramoyl-L-alanine amidase AmiA
CHQ_1_03963	gene	426	ypeA			
CHQ_1_03963	CDS	426	ypeA	2.3.1.-	COG0456	Acetyltransferase YpeA
CHQ_1_03964	gene	450	yfeZ			
CHQ_1_03964	CDS	450	yfeZ			Inner membrane protein YfeZ
CHQ_1_03965	gene	576	yfeY			
CHQ_1_03965	CDS	576	yfeY			putative protein YfeY
CHQ_1_03966	gene	900	yfeX			
CHQ_1_03966	CDS	900	yfeX	1.11.1.-	COG2837	Dye-decolorizing peroxidase YfeX
CHQ_1_03967	gene	1017	cysP			
CHQ_1_03967	CDS	1017	cysP		COG4150	Thiosulfate-binding protein
CHQ_1_03968	gene	834	cysT			
CHQ_1_03968	CDS	834	cysT		COG0555	Sulfate transport system permease protein CysT
CHQ_1_03969	gene	876	cysW			
CHQ_1_03969	CDS	876	cysW		COG4208	Sulfate transport system permease protein CysW
CHQ_1_03970	gene	1095	cysA			
CHQ_1_03970	CDS	1095	cysA	7.3.2.3	COG1118	Sulfate/thiosulfate import ATP-binding protein CysA
CHQ_1_03971	gene	912	cysM			
CHQ_1_03971	CDS	912	cysM	2.5.1.47	COG0031	Cysteine synthase B
CHQ_1_03972	gene	396	yybH			
CHQ_1_03972	CDS	396	yybH		COG4319	putative protein YybH
CHQ_1_03973	gene	1299	ptsJ			
CHQ_1_03973	CDS	1299	ptsJ		COG1167	Vitamin B6 salvage pathway transcriptional repressor PtsJ
CHQ_1_03974	gene	867	pdxK			
CHQ_1_03974	CDS	867	pdxK	2.7.1.35	COG2240	Pyridoxine/pyridoxal/pyridoxamine kinase
CHQ_1_03975	gene	240				
CHQ_1_03975	CDS	240				hypothetical protein
CHQ_1_03976	gene	510	crr			
CHQ_1_03976	CDS	510	crr		COG2190	PTS system glucose-specific EIIA component
CHQ_1_03977	gene	1728	ptsI			
CHQ_1_03977	CDS	1728	ptsI	2.7.3.9	COG1080	Phosphoenolpyruvate-protein phosphotransferase
CHQ_1_03978	gene	258	ptsH			
CHQ_1_03978	CDS	258	ptsH		COG1925	Phosphocarrier protein HPr
CHQ_1_03979	gene	972	cysK			
CHQ_1_03979	CDS	972	cysK	2.5.1.47	COG0031	Cysteine synthase A
CHQ_1_03980	gene	762	cysZ			
CHQ_1_03980	CDS	762	cysZ		COG2981	Sulfate transporter CysZ
CHQ_1_03981	gene	1062	zipA			
CHQ_1_03981	CDS	1062	zipA		COG3115	Cell division protein ZipA
CHQ_1_03982	gene	2016	ligA			
CHQ_1_03982	CDS	2016	ligA	6.5.1.2	COG0272	DNA ligase
CHQ_1_03983	gene	219				
CHQ_1_03983	CDS	219				hypothetical protein
CHQ_1_03984	gene	999				
CHQ_1_03984	CDS	999				hypothetical protein
CHQ_1_03985	gene	927	cynR_2			
CHQ_1_03985	CDS	927	cynR_2			HTH-type transcriptional regulator CynR
CHQ_1_03986	gene	76				
CHQ_1_03986	tRNA	76				tRNA-Lys(ttt)
CHQ_1_03987	gene	76				
CHQ_1_03987	tRNA	76				tRNA-Val(tac)
CHQ_1_03988	gene	76				
CHQ_1_03988	tRNA	76				tRNA-Val(tac)
CHQ_1_03989	gene	76				
CHQ_1_03989	tRNA	76				tRNA-Val(tac)
CHQ_1_03990	gene	1419	gltX			
CHQ_1_03990	CDS	1419	gltX	6.1.1.17	COG0008	Glutamate--tRNA ligase
CHQ_1_03991	gene	393				
CHQ_1_03991	CDS	393				hypothetical protein
CHQ_1_03992	gene	354				
CHQ_1_03992	CDS	354				hypothetical protein
CHQ_1_03993	gene	76				
CHQ_1_03993	tRNA	76				tRNA-Ala(ggc)
CHQ_1_03994	gene	76				
CHQ_1_03994	tRNA	76				tRNA-Ala(ggc)
CHQ_1_03995	gene	2172	pdeA			
CHQ_1_03995	CDS	2172	pdeA	3.1.4.52		putative cyclic di-GMP phosphodiesterase PdeA
CHQ_1_03996	gene	1203	nupC_2			
CHQ_1_03996	CDS	1203	nupC_2		COG1972	Nucleoside permease NupC
CHQ_1_03997	gene	1242	mntH			
CHQ_1_03997	CDS	1242	mntH		COG1914	Divalent metal cation transporter MntH
CHQ_1_03998	gene	360				
CHQ_1_03998	CDS	360				hypothetical protein
CHQ_1_03999	gene	993	gpr			
CHQ_1_03999	CDS	993	gpr	1.1.1.-	COG0667	L-glyceraldehyde 3-phosphate reductase
CHQ_1_04000	gene	1662	ipdC			
CHQ_1_04000	CDS	1662	ipdC	4.1.1.74	COG3961	Indole-3-pyruvate decarboxylase
CHQ_1_04001	gene	1236	yfeO			
CHQ_1_04001	CDS	1236	yfeO			Putative ion-transport protein YfeO
CHQ_1_04002	gene	966	glk			
CHQ_1_04002	CDS	966	glk	2.7.1.2	COG0837	Glucokinase
CHQ_1_04003	gene	738	ypdB			
CHQ_1_04003	CDS	738	ypdB		COG3279	Transcriptional regulatory protein YpdB
CHQ_1_04004	gene	1698	ypdA			
CHQ_1_04004	CDS	1698	ypdA	2.7.13.3	COG3275	Sensor histidine kinase YpdA
CHQ_1_04005	gene	1215	alaC			
CHQ_1_04005	CDS	1215	alaC	2.6.1.2	COG0436	Glutamate-pyruvate aminotransferase AlaC
CHQ_1_04006	gene	1197	yycB			
CHQ_1_04006	CDS	1197	yycB		COG2807	putative transporter YycB
CHQ_1_04007	gene	459	guaD_1			
CHQ_1_04007	CDS	459	guaD_1	3.5.4.3	COG0590	Guanine deaminase
CHQ_1_04008	gene	909	cynR_3			
CHQ_1_04008	CDS	909	cynR_3			HTH-type transcriptional regulator CynR
CHQ_1_04009	gene	813				
CHQ_1_04009	CDS	813				hypothetical protein
CHQ_1_04010	gene	483				
CHQ_1_04010	CDS	483				hypothetical protein
CHQ_1_04011	gene	291	dgcT_1			
CHQ_1_04011	CDS	291	dgcT_1	2.7.7.65		putative diguanylate cyclase DgcT
CHQ_1_04012	gene	1029	dgcT_2			
CHQ_1_04012	CDS	1029	dgcT_2	2.7.7.65		putative diguanylate cyclase DgcT
CHQ_1_04013	gene	75				
CHQ_1_04013	tRNA	75				tRNA-Arg(cct)
CHQ_1_04014	gene	1176	intA_3			
CHQ_1_04014	CDS	1176	intA_3		COG0582	Prophage integrase IntA
CHQ_1_04015	gene	129				
CHQ_1_04015	CDS	129				hypothetical protein
CHQ_1_04016	gene	639				
CHQ_1_04016	CDS	639				hypothetical protein
CHQ_1_04017	gene	216				
CHQ_1_04017	CDS	216				hypothetical protein
CHQ_1_04018	gene	375				
CHQ_1_04018	CDS	375				hypothetical protein
CHQ_1_04019	gene	345				
CHQ_1_04019	CDS	345				hypothetical protein
CHQ_1_04020	gene	135				
CHQ_1_04020	CDS	135				hypothetical protein
CHQ_1_04021	gene	786				
CHQ_1_04021	CDS	786				hypothetical protein
CHQ_1_04022	gene	300				
CHQ_1_04022	CDS	300				hypothetical protein
CHQ_1_04023	gene	774	nimR_2			
CHQ_1_04023	CDS	774	nimR_2			HTH-type transcriptional regulator NimR
CHQ_1_04024	gene	726				
CHQ_1_04024	CDS	726				hypothetical protein
CHQ_1_04025	gene	927	yjiE_2			
CHQ_1_04025	CDS	927	yjiE_2			HTH-type transcriptional regulator YjiE
CHQ_1_04026	gene	1164	tarD			
CHQ_1_04026	CDS	1164	tarD	4.2.1.81	COG4948	D(-)-tartrate dehydratase
CHQ_1_04027	gene	846				
CHQ_1_04027	CDS	846				hypothetical protein
CHQ_1_04028	gene	1344	abaQ			
CHQ_1_04028	CDS	1344	abaQ			Quinolone resistance transporter
CHQ_1_04029	gene	636	pspA_1			
CHQ_1_04029	CDS	636	pspA_1	3.1.3.3	COG0406	Phosphoserine phosphatase 1
CHQ_1_04030	gene	768	nimR_3			
CHQ_1_04030	CDS	768	nimR_3			HTH-type transcriptional regulator NimR
CHQ_1_04031	gene	792				
CHQ_1_04031	CDS	792				hypothetical protein
CHQ_1_04032	gene	933				
CHQ_1_04032	CDS	933				hypothetical protein
CHQ_1_04033	gene	744	hyuA			
CHQ_1_04033	CDS	744	hyuA	5.1.99.5	COG4126	Hydantoin racemase
CHQ_1_04034	gene	717				
CHQ_1_04034	CDS	717				hypothetical protein
CHQ_1_04035	gene	1497	pucI			
CHQ_1_04035	CDS	1497	pucI		COG1953	putative allantoin permease
CHQ_1_04036	gene	1311	guaD_2			
CHQ_1_04036	CDS	1311	guaD_2	3.5.4.3	COG0402	Guanine deaminase
CHQ_1_04037	gene	951				
CHQ_1_04037	CDS	951				hypothetical protein
CHQ_1_04038	gene	1293	dgcM			
CHQ_1_04038	CDS	1293	dgcM	2.7.7.65	COG2199	Diguanylate cyclase DgcM
CHQ_1_04039	gene	1053				
CHQ_1_04039	CDS	1053				hypothetical protein
CHQ_1_04040	gene	924	iolE_4			
CHQ_1_04040	CDS	924	iolE_4	4.2.1.44	COG1082	Inosose dehydratase
CHQ_1_04041	gene	1173	ntdC			
CHQ_1_04041	CDS	1173	ntdC	1.1.1.361	COG0673	Glucose-6-phosphate 3-dehydrogenase
CHQ_1_04042	gene	1107				
CHQ_1_04042	CDS	1107				hypothetical protein
CHQ_1_04043	gene	945				
CHQ_1_04043	CDS	945				hypothetical protein
CHQ_1_04044	gene	1122				
CHQ_1_04044	CDS	1122				hypothetical protein
CHQ_1_04045	gene	696	tenA			
CHQ_1_04045	CDS	696	tenA	3.5.99.2	COG0819	Aminopyrimidine aminohydrolase
CHQ_1_04046	gene	729	ssuB_3			
CHQ_1_04046	CDS	729	ssuB_3	3.6.3.-	COG1116	Aliphatic sulfonates import ATP-binding protein SsuB
CHQ_1_04047	gene	741	ribX_1			
CHQ_1_04047	CDS	741	ribX_1			Riboflavin transport system permease protein RibX
CHQ_1_04048	gene	936				
CHQ_1_04048	CDS	936			COG0715	Putative thiamine biosynthesis protein
CHQ_1_04049	gene	1383	dat			
CHQ_1_04049	CDS	1383	dat	2.6.1.76	COG0160	Diaminobutyrate--2-oxoglutarate aminotransferase
CHQ_1_04050	gene	1473	ddc			
CHQ_1_04050	CDS	1473	ddc	4.1.1.86	COG0076	L-2,4-diaminobutyrate decarboxylase
CHQ_1_04051	gene	882	hdfR_3			
CHQ_1_04051	CDS	882	hdfR_3			HTH-type transcriptional regulator HdfR
CHQ_1_04052	gene	1191	dipZ			
CHQ_1_04052	CDS	1191	dipZ		COG0785	Protein DipZ
CHQ_1_04053	gene	1344	rcsC_4			
CHQ_1_04053	CDS	1344	rcsC_4	2.7.13.3		Sensor histidine kinase RcsC
CHQ_1_04054	gene	720	ompR_3			
CHQ_1_04054	CDS	720	ompR_3			Transcriptional regulatory protein OmpR
CHQ_1_04055	gene	993	dhmA			
CHQ_1_04055	CDS	993	dhmA	3.8.1.5		Haloalkane dehalogenase
CHQ_1_04056	gene	1020				
CHQ_1_04056	CDS	1020				hypothetical protein
CHQ_1_04057	gene	927	pqqB			
CHQ_1_04057	CDS	927	pqqB		COG1235	Coenzyme PQQ synthesis protein B
CHQ_1_04058	gene	756	pqqC			
CHQ_1_04058	CDS	756	pqqC	1.3.3.11	COG5424	Pyrroloquinoline-quinone synthase
CHQ_1_04059	gene	279	pqqD			
CHQ_1_04059	CDS	279	pqqD			PqqA binding protein
CHQ_1_04060	gene	1143	pqqE			
CHQ_1_04060	CDS	1143	pqqE	1.21.98.4	COG0535	PqqA peptide cyclase
CHQ_1_04061	gene	2286				
CHQ_1_04061	CDS	2286				hypothetical protein
CHQ_1_04062	gene	738	ipuF			
CHQ_1_04062	CDS	738	ipuF	3.4.-.-		Gamma-glutamyl-L-1-hydroxyisopropylamide hydrolase
CHQ_1_04063	gene	1911	mrdA_2			
CHQ_1_04063	CDS	1911	mrdA_2	3.4.16.4	COG0768	Peptidoglycan D,D-transpeptidase MrdA
CHQ_1_04064	gene	633	leuE_1			
CHQ_1_04064	CDS	633	leuE_1		COG1280	Leucine efflux protein
CHQ_1_04065	gene	2178	katG			
CHQ_1_04065	CDS	2178	katG	1.11.1.21	COG0376	Catalase-peroxidase
CHQ_1_04066	gene	1062	zapE_2			
CHQ_1_04066	CDS	1062	zapE_2		COG1485	Cell division protein ZapE
CHQ_1_04067	gene	681	mgtC			
CHQ_1_04067	CDS	681	mgtC		COG1285	Protein MgtC
CHQ_1_04068	gene	1407	ydjE			
CHQ_1_04068	CDS	1407	ydjE			Inner membrane metabolite transport protein YdjE
CHQ_1_04069	gene	882	oxyR_5			
CHQ_1_04069	CDS	882	oxyR_5			Hydrogen peroxide-inducible genes activator
CHQ_1_04070	gene	2301	ydeP			
CHQ_1_04070	CDS	2301	ydeP		COG0243	Protein YdeP
CHQ_1_04071	gene	918				
CHQ_1_04071	CDS	918				hypothetical protein
CHQ_1_04072	gene	942	mneP			
CHQ_1_04072	CDS	942	mneP		COG0053	Manganese efflux system protein MneP
CHQ_1_04073	gene	687				
CHQ_1_04073	CDS	687				hypothetical protein
CHQ_1_04074	gene	870				
CHQ_1_04074	CDS	870				hypothetical protein
CHQ_1_04075	gene	432	osmC			
CHQ_1_04075	CDS	432	osmC	1.11.1.15	COG1764	Peroxiredoxin OsmC
CHQ_1_04076	gene	147				
CHQ_1_04076	CDS	147				hypothetical protein
CHQ_1_04077	gene	405	ygiW_2			
CHQ_1_04077	CDS	405	ygiW_2		COG3111	Protein YgiW
CHQ_1_04078	gene	504				
CHQ_1_04078	CDS	504				hypothetical protein
CHQ_1_04079	gene	447				
CHQ_1_04079	CDS	447				hypothetical protein
CHQ_1_04080	gene	96				
CHQ_1_04080	CDS	96				hypothetical protein
CHQ_1_04081	gene	996	hcaB			
CHQ_1_04081	CDS	996	hcaB	1.3.1.87		3-phenylpropionate-dihydrodiol/cinnamic acid-dihydrodiol dehydrogenase
CHQ_1_04082	gene	1626	treS			
CHQ_1_04082	CDS	1626	treS	3.2.1.1	COG0366	Trehalose synthase/amylase TreS
CHQ_1_04083	gene	174				
CHQ_1_04083	CDS	174				hypothetical protein
CHQ_1_04084	gene	507	yciE_1			
CHQ_1_04084	CDS	507	yciE_1		COG3685	Protein YciE
CHQ_1_04085	gene	216				
CHQ_1_04085	CDS	216				hypothetical protein
CHQ_1_04086	gene	915	yghA			
CHQ_1_04086	CDS	915	yghA	1.-.-.-		putative oxidoreductase YghA
CHQ_1_04087	gene	246				
CHQ_1_04087	CDS	246				hypothetical protein
CHQ_1_04088	gene	894	dmlR_13			
CHQ_1_04088	CDS	894	dmlR_13			HTH-type transcriptional regulator DmlR
CHQ_1_04089	gene	852				
CHQ_1_04089	CDS	852				hypothetical protein
CHQ_1_04090	gene	141	sra			
CHQ_1_04090	CDS	141	sra			Stationary-phase-induced ribosome-associated protein
CHQ_1_04091	gene	1698	maeA_2			
CHQ_1_04091	CDS	1698	maeA_2	1.1.1.38	COG0281	NAD-dependent malic enzyme
CHQ_1_04092	gene	708				
CHQ_1_04092	CDS	708				hypothetical protein
CHQ_1_04093	gene	687				
CHQ_1_04093	CDS	687				hypothetical protein
CHQ_1_04094	gene	1713	yheS_2			
CHQ_1_04094	CDS	1713	yheS_2		COG0488	putative ABC transporter ATP-binding protein YheS
CHQ_1_04095	gene	954				
CHQ_1_04095	CDS	954				hypothetical protein
CHQ_1_04096	gene	600	ppa_2			
CHQ_1_04096	CDS	600	ppa_2	3.6.1.1	COG0221	Inorganic pyrophosphatase
CHQ_1_04097	gene	1011	adhP			
CHQ_1_04097	CDS	1011	adhP	1.1.1.1	COG1064	Alcohol dehydrogenase, propanol-preferring
CHQ_1_04098	gene	1623				
CHQ_1_04098	CDS	1623				hypothetical protein
CHQ_1_04099	gene	945	gsiC_3			
CHQ_1_04099	CDS	945	gsiC_3		COG0601	Glutathione transport system permease protein GsiC
CHQ_1_04100	gene	849	ddpC_3			
CHQ_1_04100	CDS	849	ddpC_3		COG1173	putative D,D-dipeptide transport system permease protein DdpC
CHQ_1_04101	gene	1617	gsiA_2			
CHQ_1_04101	CDS	1617	gsiA_2	7.4.2.10	COG1123	Glutathione import ATP-binding protein GsiA
CHQ_1_04102	gene	987	luxA			
CHQ_1_04102	CDS	987	luxA	1.14.14.3	COG2141	Alkanal monooxygenase alpha chain
CHQ_1_04103	gene	1092				
CHQ_1_04103	CDS	1092				hypothetical protein
CHQ_1_04104	gene	1155	araJ			
CHQ_1_04104	CDS	1155	araJ		COG2814	Putative transporter AraJ
CHQ_1_04105	gene	438				
CHQ_1_04105	CDS	438				hypothetical protein
CHQ_1_04106	gene	819				
CHQ_1_04106	CDS	819		2.7.4.1		Polyphosphate:ADP phosphotransferase 3
CHQ_1_04107	gene	657	fdnI			
CHQ_1_04107	CDS	657	fdnI		COG2864	Formate dehydrogenase, nitrate-inducible, cytochrome b556(Fdn) subunit
CHQ_1_04108	gene	885	fdnH			
CHQ_1_04108	CDS	885	fdnH		COG0437	Formate dehydrogenase, nitrate-inducible, iron-sulfur subunit
CHQ_1_04109	gene	2412	fdnG_1			
CHQ_1_04109	CDS	2412	fdnG_1	1.17.5.3	COG0243	Formate dehydrogenase, nitrate-inducible, major subunit
CHQ_1_04110	gene	588	fdnG_2			
CHQ_1_04110	CDS	588	fdnG_2	1.17.5.3	COG0243	Formate dehydrogenase, nitrate-inducible, major subunit
CHQ_1_04111	gene	879	yddG			
CHQ_1_04111	CDS	879	yddG		COG0697	Aromatic amino acid exporter YddG
CHQ_1_04112	gene	774	lvr			
CHQ_1_04112	CDS	774	lvr	1.1.1.-		Levodione reductase
CHQ_1_04113	gene	1017	benC			
CHQ_1_04113	CDS	1017	benC		COG0543	Benzoate 1,2-dioxygenase electron transfer component
CHQ_1_04114	gene	486	cbdB			
CHQ_1_04114	CDS	486	cbdB	1.14.12.13		2-halobenzoate 1,2-dioxygenase small subunit
CHQ_1_04115	gene	1383	cbdA			
CHQ_1_04115	CDS	1383	cbdA	1.14.12.13		2-halobenzoate 1,2-dioxygenase large subunit
CHQ_1_04116	gene	927	catA			
CHQ_1_04116	CDS	927	catA	1.13.11.1	COG3485	Catechol 1,2-dioxygenase
CHQ_1_04117	gene	291	catC			
CHQ_1_04117	CDS	291	catC	5.3.3.4	COG4829	Muconolactone Delta-isomerase
CHQ_1_04118	gene	1119	catB			
CHQ_1_04118	CDS	1119	catB	5.5.1.1	COG4948	Muconate cycloisomerase 1
CHQ_1_04119	gene	798	pcaR_2			
CHQ_1_04119	CDS	798	pcaR_2		COG1414	Pca regulon regulatory protein
CHQ_1_04120	gene	1500	smvA			
CHQ_1_04120	CDS	1500	smvA			Methyl viologen resistance protein SmvA
CHQ_1_04121	gene	537				
CHQ_1_04121	CDS	537				hypothetical protein
CHQ_1_04122	gene	1383	narU			
CHQ_1_04122	CDS	1383	narU		COG2223	Nitrate/nitrite transporter NarU
CHQ_1_04123	gene	3741	narZ			
CHQ_1_04123	CDS	3741	narZ	1.7.5.1	COG5013	Respiratory nitrate reductase 2 alpha chain
CHQ_1_04124	gene	1545	narY			
CHQ_1_04124	CDS	1545	narY	1.7.5.1	COG1140	Respiratory nitrate reductase 2 beta chain
CHQ_1_04125	gene	696	narW			
CHQ_1_04125	CDS	696	narW		COG2180	putative nitrate reductase molybdenum cofactor assembly chaperone NarW
CHQ_1_04126	gene	681	narV			
CHQ_1_04126	CDS	681	narV	1.7.5.1	COG2181	Respiratory nitrate reductase 2 gamma chain
CHQ_1_04127	gene	846	nhoA			
CHQ_1_04127	CDS	846	nhoA	2.3.1.5	COG2162	Arylamine N-acetyltransferase
CHQ_1_04128	gene	1656				
CHQ_1_04128	CDS	1656				hypothetical protein
CHQ_1_04129	gene	969				
CHQ_1_04129	CDS	969				hypothetical protein
CHQ_1_04130	gene	702	msiK			
CHQ_1_04130	CDS	702	msiK	7.5.2.-	COG3839	Diacetylchitobiose uptake system ATP-binding protein MsiK
CHQ_1_04131	gene	582				
CHQ_1_04131	CDS	582				hypothetical protein
CHQ_1_04132	gene	825	rhaS_10			
CHQ_1_04132	CDS	825	rhaS_10			HTH-type transcriptional activator RhaS
CHQ_1_04133	gene	1569				
CHQ_1_04133	CDS	1569				hypothetical protein
CHQ_1_04134	gene	1383	xylP			
CHQ_1_04134	CDS	1383	xylP			Isoprimeverose transporter
CHQ_1_04135	gene	1617	scrY_3			
CHQ_1_04135	CDS	1617	scrY_3			Sucrose porin
CHQ_1_04136	gene	228	pptA			
CHQ_1_04136	CDS	228	pptA	5.3.2.-	COG1942	Tautomerase PptA
CHQ_1_04137	gene	618	gstB_3			
CHQ_1_04137	CDS	618	gstB_3	2.5.1.18	COG0625	Glutathione S-transferase GST-6.0
CHQ_1_04138	gene	894				
CHQ_1_04138	CDS	894				hypothetical protein
CHQ_1_04139	gene	780	glnQ_8			
CHQ_1_04139	CDS	780	glnQ_8	3.6.3.-	COG1126	Glutamine transport ATP-binding protein GlnQ
CHQ_1_04140	gene	927				
CHQ_1_04140	CDS	927				hypothetical protein
CHQ_1_04141	gene	510				
CHQ_1_04141	CDS	510				hypothetical protein
CHQ_1_04142	gene	933				
CHQ_1_04142	CDS	933				hypothetical protein
CHQ_1_04143	gene	1314	moxC			
CHQ_1_04143	CDS	1314	moxC	1.14.-.-	COG2141	Putative monooxygenase MoxC
CHQ_1_04144	gene	1122	scmP			
CHQ_1_04144	CDS	1122	scmP	3.5.1.-	COG1473	N-acetylcysteine deacetylase
CHQ_1_04145	gene	1008				
CHQ_1_04145	CDS	1008				hypothetical protein
CHQ_1_04146	gene	552				
CHQ_1_04146	CDS	552				hypothetical protein
CHQ_1_04147	gene	393				
CHQ_1_04147	CDS	393				hypothetical protein
CHQ_1_04148	gene	906	dapF_2			
CHQ_1_04148	CDS	906	dapF_2	5.1.1.7	COG0253	Diaminopimelate epimerase
CHQ_1_04149	gene	1455	ansP2			
CHQ_1_04149	CDS	1455	ansP2		COG1113	L-asparagine permease 2
CHQ_1_04150	gene	222	ygdR_5			
CHQ_1_04150	CDS	222	ygdR_5			putative lipoprotein YgdR
CHQ_1_04151	gene	1062	yncE_2			
CHQ_1_04151	CDS	1062	yncE_2		COG3391	putative protein YncE
CHQ_1_04152	gene	2106	cntO_2			
CHQ_1_04152	CDS	2106	cntO_2			Metal-pseudopaline receptor CntO
CHQ_1_04153	gene	300				
CHQ_1_04153	CDS	300				hypothetical protein
CHQ_1_04154	gene	936	rihA			
CHQ_1_04154	CDS	936	rihA	3.2.-.-	COG1957	Pyrimidine-specific ribonucleoside hydrolase RihA
CHQ_1_04155	gene	1038	curA			
CHQ_1_04155	CDS	1038	curA	1.3.1.-	COG2130	NADPH-dependent curcumin reductase
CHQ_1_04156	gene	582				
CHQ_1_04156	CDS	582				hypothetical protein
CHQ_1_04157	gene	519	mnaT			
CHQ_1_04157	CDS	519	mnaT	2.3.1.-	COG1247	L-amino acid N-acyltransferase MnaT
CHQ_1_04158	gene	450	ydcZ			
CHQ_1_04158	CDS	450	ydcZ		COG3238	Inner membrane protein YdcZ
CHQ_1_04159	gene	234	ydcY			
CHQ_1_04159	CDS	234	ydcY			putative protein YdcY
CHQ_1_04160	gene	1599	dppA_2			
CHQ_1_04160	CDS	1599	dppA_2		COG0747	Periplasmic dipeptide transport protein
CHQ_1_04161	gene	1434	vdh			
CHQ_1_04161	CDS	1434	vdh	1.2.1.67		Vanillin dehydrogenase
CHQ_1_04162	gene	750	menH_6			
CHQ_1_04162	CDS	750	menH_6	4.2.99.20		2-succinyl-6-hydroxy-2,4-cyclohexadiene-1-carboxylate synthase
CHQ_1_04163	gene	174	ortT			
CHQ_1_04163	CDS	174	ortT			Orphan toxin OrtT
CHQ_1_04164	gene	93				
CHQ_1_04164	CDS	93				hypothetical protein
CHQ_1_04165	gene	252				
CHQ_1_04165	CDS	252				hypothetical protein
CHQ_1_04166	gene	123				
CHQ_1_04166	CDS	123				hypothetical protein
CHQ_1_04167	gene	1428	prr			
CHQ_1_04167	CDS	1428	prr	1.2.1.19	COG1012	Gamma-aminobutyraldehyde dehydrogenase
CHQ_1_04168	gene	807	ydcV_3			
CHQ_1_04168	CDS	807	ydcV_3			Inner membrane ABC transporter permease protein YdcV
CHQ_1_04169	gene	930	ydcU			
CHQ_1_04169	CDS	930	ydcU		COG1176	Inner membrane ABC transporter permease protein YdcU
CHQ_1_04170	gene	1014	potA_5			
CHQ_1_04170	CDS	1014	potA_5	7.6.2.11	COG3842	Spermidine/putrescine import ATP-binding protein PotA
CHQ_1_04171	gene	1146	ydcS			
CHQ_1_04171	CDS	1146	ydcS	2.3.1.-		Bifunctional polyhydroxybutyrate synthase / ABC transporter periplasmic binding protein
CHQ_1_04172	gene	1413	lysN_2			
CHQ_1_04172	CDS	1413	lysN_2	2.6.1.39	COG1167	2-aminoadipate transaminase
CHQ_1_04173	gene	1398	cydA_2			
CHQ_1_04173	CDS	1398	cydA_2	7.1.1.7	COG1271	Cytochrome bd-I ubiquinol oxidase subunit 1
CHQ_1_04174	gene	1011	cydB_2			
CHQ_1_04174	CDS	1011	cydB_2	7.1.1.7	COG1294	Cytochrome bd-I ubiquinol oxidase subunit 2
CHQ_1_04175	gene	126				
CHQ_1_04175	CDS	126				hypothetical protein
CHQ_1_04176	gene	285				
CHQ_1_04176	CDS	285				hypothetical protein
CHQ_1_04177	gene	234				
CHQ_1_04177	CDS	234				hypothetical protein
CHQ_1_04178	gene	1962	rlhA_2			
CHQ_1_04178	CDS	1962	rlhA_2		COG0826	23S rRNA 5-hydroxycytidine synthase
CHQ_1_04179	gene	570	sutR_2			
CHQ_1_04179	CDS	570	sutR_2		COG1396	HTH-type transcriptional regulator SutR
CHQ_1_04180	gene	1167	ydcO			
CHQ_1_04180	CDS	1167	ydcO		COG3135	Inner membrane protein YdcO
CHQ_1_04181	gene	870	rhaR_5			
CHQ_1_04181	CDS	870	rhaR_5			HTH-type transcriptional activator RhaR
CHQ_1_04182	gene	897				
CHQ_1_04182	CDS	897				hypothetical protein
CHQ_1_04183	gene	669				
CHQ_1_04183	CDS	669				hypothetical protein
CHQ_1_04184	gene	597	tehB			
CHQ_1_04184	CDS	597	tehB	2.1.1.265	COG0500	Tellurite methyltransferase
CHQ_1_04185	gene	1005	tehA			
CHQ_1_04185	CDS	1005	tehA		COG1275	Tellurite resistance protein TehA
CHQ_1_04186	gene	981				
CHQ_1_04186	CDS	981				hypothetical protein
CHQ_1_04187	gene	579	rimL			
CHQ_1_04187	CDS	579	rimL	2.3.1.-	COG1670	Ribosomal-protein-serine acetyltransferase
CHQ_1_04188	gene	1656	mdoD			
CHQ_1_04188	CDS	1656	mdoD		COG3131	Glucans biosynthesis protein D
CHQ_1_04189	gene	1506	pnbA			
CHQ_1_04189	CDS	1506	pnbA	3.1.1.-	COG2272	Para-nitrobenzyl esterase
CHQ_1_04190	gene	1344				
CHQ_1_04190	CDS	1344			COG5383	putative protein
CHQ_1_04191	gene	741	pcaH			
CHQ_1_04191	CDS	741	pcaH	1.13.11.3	COG3485	Protocatechuate 3,4-dioxygenase beta chain
CHQ_1_04192	gene	621	pcaG			
CHQ_1_04192	CDS	621	pcaG	1.13.11.3	COG3485	Protocatechuate 3,4-dioxygenase alpha chain
CHQ_1_04193	gene	924	gbpR			
CHQ_1_04193	CDS	924	gbpR			HTH-type transcriptional regulator GbpR
CHQ_1_04194	gene	2373	quiA			
CHQ_1_04194	CDS	2373	quiA	1.1.5.8	COG4993	Quinate/shikimate dehydrogenase (quinone)
CHQ_1_04195	gene	1119	frmA			
CHQ_1_04195	CDS	1119	frmA	1.1.1.284	COG1062	S-(hydroxymethyl)glutathione dehydrogenase
CHQ_1_04196	gene	276	frmR			
CHQ_1_04196	CDS	276	frmR		COG1937	Transcriptional repressor FrmR
CHQ_1_04197	gene	528	cybB			
CHQ_1_04197	CDS	528	cybB		COG3038	Cytochrome b561
CHQ_1_04198	gene	369				
CHQ_1_04198	CDS	369				hypothetical protein
CHQ_1_04199	gene	186				
CHQ_1_04199	CDS	186				hypothetical protein
CHQ_1_04200	gene	465				
CHQ_1_04200	CDS	465				hypothetical protein
CHQ_1_04201	gene	1218				
CHQ_1_04201	CDS	1218				putative transporter
CHQ_1_04202	gene	1002	add			
CHQ_1_04202	CDS	1002	add	3.5.4.4	COG1816	Adenosine deaminase
CHQ_1_04203	gene	1041	ydgJ_1			
CHQ_1_04203	CDS	1041	ydgJ_1	1.-.-.-	COG0673	putative oxidoreductase YdgJ
CHQ_1_04204	gene	1371	bglC			
CHQ_1_04204	CDS	1371	bglC	3.2.1.86	COG2723	Aryl-phospho-beta-D-glucosidase BglC
CHQ_1_04205	gene	216	ydgT			
CHQ_1_04205	CDS	216	ydgT			Transcription modulator YdgT
CHQ_1_04206	gene	441	ydgK			
CHQ_1_04206	CDS	441	ydgK			Inner membrane protein YdgK
CHQ_1_04207	gene	582	rsxA			
CHQ_1_04207	CDS	582	rsxA	7.-.-.-	COG4657	Ion-translocating oxidoreductase complex subunit A
CHQ_1_04208	gene	579	rsxB			
CHQ_1_04208	CDS	579	rsxB	7.-.-.-	COG2878	Ion-translocating oxidoreductase complex subunit B
CHQ_1_04209	gene	2160	rsxC_2			
CHQ_1_04209	CDS	2160	rsxC_2	7.-.-.-	COG4656	Ion-translocating oxidoreductase complex subunit C
CHQ_1_04210	gene	1053	rsxD			
CHQ_1_04210	CDS	1053	rsxD	7.-.-.-	COG4658	Ion-translocating oxidoreductase complex subunit D
CHQ_1_04211	gene	624	rsxG			
CHQ_1_04211	CDS	624	rsxG	7.-.-.-	COG4659	Ion-translocating oxidoreductase complex subunit G
CHQ_1_04212	gene	699	rsxE			
CHQ_1_04212	CDS	699	rsxE	7.-.-.-	COG4660	Ion-translocating oxidoreductase complex subunit E
CHQ_1_04213	gene	636	nth			
CHQ_1_04213	CDS	636	nth	4.2.99.18	COG0177	Endonuclease III
CHQ_1_04214	gene	1506	dtpA			
CHQ_1_04214	CDS	1506	dtpA		COG3104	Dipeptide and tripeptide permease A
CHQ_1_04215	gene	606	gstA			
CHQ_1_04215	CDS	606	gstA	2.5.1.18	COG0625	Glutathione S-transferase GstA
CHQ_1_04216	gene	861	pdxY			
CHQ_1_04216	CDS	861	pdxY	2.7.1.35	COG2240	Pyridoxal kinase PdxY
CHQ_1_04217	gene	1275	tyrS			
CHQ_1_04217	CDS	1275	tyrS	6.1.1.1	COG0162	Tyrosine--tRNA ligase
CHQ_1_04218	gene	663	pdxH			
CHQ_1_04218	CDS	663	pdxH	1.4.3.5	COG0259	Pyridoxine/pyridoxamine 5'-phosphate oxidase
CHQ_1_04219	gene	360	mliC			
CHQ_1_04219	CDS	360	mliC		COG3895	Membrane-bound lysozyme inhibitor of C-type lysozyme
CHQ_1_04220	gene	1125	anmK			
CHQ_1_04220	CDS	1125	anmK	2.7.1.170	COG2377	Anhydro-N-acetylmuramic acid kinase
CHQ_1_04221	gene	468	slyB			
CHQ_1_04221	CDS	468	slyB		COG3133	Outer membrane lipoprotein SlyB
CHQ_1_04222	gene	1362				
CHQ_1_04222	CDS	1362				hypothetical protein
CHQ_1_04223	gene	435	slyA_2			
CHQ_1_04223	CDS	435	slyA_2		COG1846	Transcriptional regulator SlyA
CHQ_1_04224	gene	237				
CHQ_1_04224	CDS	237				hypothetical protein
CHQ_1_04225	gene	897	aaeA_2			
CHQ_1_04225	CDS	897	aaeA_2		COG1566	p-hydroxybenzoic acid efflux pump subunit AaeA
CHQ_1_04226	gene	2025	aaeB_2			
CHQ_1_04226	CDS	2025	aaeB_2			p-hydroxybenzoic acid efflux pump subunit AaeB
CHQ_1_04227	gene	522	sodC			
CHQ_1_04227	CDS	522	sodC	1.15.1.1	COG2032	Superoxide dismutase [Cu-Zn]
CHQ_1_04228	gene	897	ydhF			
CHQ_1_04228	CDS	897	ydhF	1.-.-.-	COG4989	Oxidoreductase YdhF
CHQ_1_04229	gene	240				
CHQ_1_04229	CDS	240				hypothetical protein
CHQ_1_04230	gene	600	nemR			
CHQ_1_04230	CDS	600	nemR			HTH-type transcriptional repressor NemR
CHQ_1_04231	gene	1098	nemA_1			
CHQ_1_04231	CDS	1098	nemA_1	1.3.1.-	COG1902	N-ethylmaleimide reductase
CHQ_1_04232	gene	408	gloA			
CHQ_1_04232	CDS	408	gloA	4.4.1.5	COG0346	Lactoylglutathione lyase
CHQ_1_04233	gene	648	rnt			
CHQ_1_04233	CDS	648	rnt	3.1.13.-	COG0847	Ribonuclease T
CHQ_1_04234	gene	348	grxD			
CHQ_1_04234	CDS	348	grxD		COG0278	Glutaredoxin 4
CHQ_1_04235	gene	873	mepH			
CHQ_1_04235	CDS	873	mepH	3.4.-.-	COG0791	Murein DD-endopeptidase MepH
CHQ_1_04236	gene	486	rhaS_11			
CHQ_1_04236	CDS	486	rhaS_11			HTH-type transcriptional activator RhaS
CHQ_1_04237	gene	582	sodB			
CHQ_1_04237	CDS	582	sodB	1.15.1.1	COG0605	Superoxide dismutase [Fe]
CHQ_1_04238	gene	1170	ydhP_1			
CHQ_1_04238	CDS	1170	ydhP_1		COG2814	Inner membrane transport protein YdhP
CHQ_1_04239	gene	93				
CHQ_1_04239	CDS	93				hypothetical protein
CHQ_1_04240	gene	1026	purR_2			
CHQ_1_04240	CDS	1026	purR_2		COG1609	HTH-type transcriptional repressor PurR
CHQ_1_04241	gene	912	yahB			
CHQ_1_04241	CDS	912	yahB			putative HTH-type transcriptional regulator YahB
CHQ_1_04242	gene	1182	ydhC			
CHQ_1_04242	CDS	1182	ydhC			Inner membrane transport protein YdhC
CHQ_1_04243	gene	1149	cfa			
CHQ_1_04243	CDS	1149	cfa	2.1.1.79	COG2230	Cyclopropane-fatty-acyl-phospholipid synthase
CHQ_1_04244	gene	636	ribC			
CHQ_1_04244	CDS	636	ribC	2.5.1.9	COG0307	Riboflavin synthase
CHQ_1_04245	gene	1374	mdtK			
CHQ_1_04245	CDS	1374	mdtK		COG0534	Multidrug resistance protein MdtK
CHQ_1_04246	gene	351	asr			
CHQ_1_04246	CDS	351	asr			Acid shock protein
CHQ_1_04247	gene	579				
CHQ_1_04247	CDS	579		3.2.2.-	COG1611	Putative cytokinin riboside 5'-monophosphate phosphoribohydrolase
CHQ_1_04248	gene	77				
CHQ_1_04248	tRNA	77				tRNA-Val(gac)
CHQ_1_04249	gene	77				
CHQ_1_04249	tRNA	77				tRNA-Val(gac)
CHQ_1_04250	gene	77				
CHQ_1_04250	tRNA	77				tRNA-Val(gac)
CHQ_1_04251	gene	753	ydfG_2			
CHQ_1_04251	CDS	753	ydfG_2	1.1.1.381	COG4221	NADP-dependent 3-hydroxy acid dehydrogenase YdfG
CHQ_1_04252	gene	921				
CHQ_1_04252	CDS	921			COG3039	IS5 family transposase IS4811
CHQ_1_04253	gene	885	gcvA_5			
CHQ_1_04253	CDS	885	gcvA_5			Glycine cleavage system transcriptional activator
CHQ_1_04254	gene	516				
CHQ_1_04254	CDS	516				hypothetical protein
CHQ_1_04255	gene	837				
CHQ_1_04255	CDS	837				hypothetical protein
CHQ_1_04256	gene	150				
CHQ_1_04256	CDS	150				hypothetical protein
CHQ_1_04257	gene	435				
CHQ_1_04257	CDS	435				hypothetical protein
CHQ_1_04258	gene	717				
CHQ_1_04258	CDS	717				hypothetical protein
CHQ_1_04259	gene	210				
CHQ_1_04259	CDS	210				hypothetical protein
CHQ_1_04260	gene	1017	adhT			
CHQ_1_04260	CDS	1017	adhT	1.1.1.1		Alcohol dehydrogenase
CHQ_1_04261	gene	636	cynT			
CHQ_1_04261	CDS	636	cynT	4.2.1.1	COG0288	Carbonic anhydrase 1
CHQ_1_04262	gene	630	rhtC_3			
CHQ_1_04262	CDS	630	rhtC_3		COG1280	Threonine efflux protein
CHQ_1_04263	gene	771	glpR_3			
CHQ_1_04263	CDS	771	glpR_3		COG1349	Glycerol-3-phosphate regulon repressor
CHQ_1_04264	gene	384				
CHQ_1_04264	CDS	384				hypothetical protein
CHQ_1_04265	gene	684	cat3			
CHQ_1_04265	CDS	684	cat3	2.3.1.28		Chloramphenicol acetyltransferase 3
CHQ_1_04266	gene	1227	sfnC_2			
CHQ_1_04266	CDS	1227	sfnC_2	1.14.14.-		putative FMNH2-dependent monooxygenase SfnC
CHQ_1_04267	gene	675	metP			
CHQ_1_04267	CDS	675	metP		COG2011	Methionine import system permease protein MetP
CHQ_1_04268	gene	777	metQ_4			
CHQ_1_04268	CDS	777	metQ_4		COG1464	Methionine-binding lipoprotein MetQ
CHQ_1_04269	gene	1044	metN2_2			
CHQ_1_04269	CDS	1044	metN2_2	3.6.3.-	COG1135	Methionine import ATP-binding protein MetN 2
CHQ_1_04270	gene	1704	appA			
CHQ_1_04270	CDS	1704	appA			Oligopeptide-binding protein AppA
CHQ_1_04271	gene	960	gsiC_4			
CHQ_1_04271	CDS	960	gsiC_4		COG0601	Glutathione transport system permease protein GsiC
CHQ_1_04272	gene	948	gsiD_3			
CHQ_1_04272	CDS	948	gsiD_3		COG1173	Glutathione transport system permease protein GsiD
CHQ_1_04273	gene	981	ddpD			
CHQ_1_04273	CDS	981	ddpD		COG0444	putative D,D-dipeptide transport ATP-binding protein DdpD
CHQ_1_04274	gene	972	oppF_3			
CHQ_1_04274	CDS	972	oppF_3		COG4608	Oligopeptide transport ATP-binding protein OppF
CHQ_1_04275	gene	528				
CHQ_1_04275	CDS	528				hypothetical protein
CHQ_1_04276	gene	489				
CHQ_1_04276	CDS	489				hypothetical protein
CHQ_1_04277	gene	1074				
CHQ_1_04277	CDS	1074				hypothetical protein
CHQ_1_04278	gene	1533	stp			
CHQ_1_04278	CDS	1533	stp			Multidrug resistance protein Stp
CHQ_1_04279	gene	918	pgrR_4			
CHQ_1_04279	CDS	918	pgrR_4			HTH-type transcriptional regulator PgrR
CHQ_1_04280	gene	1527				
CHQ_1_04280	CDS	1527				hypothetical protein
CHQ_1_04281	gene	771	fabG_6			
CHQ_1_04281	CDS	771	fabG_6	1.1.1.100		3-oxoacyl-[acyl-carrier-protein] reductase FabG
CHQ_1_04282	gene	1032	srkA_2			
CHQ_1_04282	CDS	1032	srkA_2	2.7.11.1		Stress response kinase A
CHQ_1_04283	gene	1338	dgdA			
CHQ_1_04283	CDS	1338	dgdA	4.1.1.64		2,2-dialkylglycine decarboxylase
CHQ_1_04284	gene	783	glpR_4			
CHQ_1_04284	CDS	783	glpR_4		COG1349	Glycerol-3-phosphate regulon repressor
CHQ_1_04285	gene	990	vldW_3			
CHQ_1_04285	CDS	990	vldW_3	1.14.11.52		Validamycin A dioxygenase
CHQ_1_04286	gene	1419				
CHQ_1_04286	CDS	1419		3.5.4.11		Isoxanthopterin deaminase
CHQ_1_04287	gene	990	ribY			
CHQ_1_04287	CDS	990	ribY		COG0715	Riboflavin-binding protein RibY
CHQ_1_04288	gene	900	hdfR_4			
CHQ_1_04288	CDS	900	hdfR_4			HTH-type transcriptional regulator HdfR
CHQ_1_04289	gene	969	yeaX_2			
CHQ_1_04289	CDS	969	yeaX_2	1.14.13.239	COG1018	Carnitine monooxygenase reductase subunit
CHQ_1_04290	gene	1284	codAch2			
CHQ_1_04290	CDS	1284	codAch2	3.5.4.11	COG0402	Pterin deaminase
CHQ_1_04291	gene	483	rutC_4			
CHQ_1_04291	CDS	483	rutC_4	1.-.-.-		Putative aminoacrylate peracid reductase RutC
CHQ_1_04292	gene	882	crnA			
CHQ_1_04292	CDS	882	crnA	3.5.2.10		Creatinine amidohydrolase
CHQ_1_04293	gene	984				
CHQ_1_04293	CDS	984				hypothetical protein
CHQ_1_04294	gene	831	btuD_7			
CHQ_1_04294	CDS	831	btuD_7	7.6.2.8		Vitamin B12 import ATP-binding protein BtuD
CHQ_1_04295	gene	816	ribX_2			
CHQ_1_04295	CDS	816	ribX_2			Riboflavin transport system permease protein RibX
CHQ_1_04296	gene	1419				
CHQ_1_04296	CDS	1419				hypothetical protein
CHQ_1_04297	gene	1365				
CHQ_1_04297	CDS	1365				hypothetical protein
CHQ_1_04298	gene	483				
CHQ_1_04298	CDS	483				hypothetical protein
CHQ_1_04299	gene	1368	srpC_2			
CHQ_1_04299	CDS	1368	srpC_2		COG2059	putative chromate transport protein
CHQ_1_04300	gene	960	chrB1			
CHQ_1_04300	CDS	960	chrB1			Protein ChrB
CHQ_1_04301	gene	1179	rfnT			
CHQ_1_04301	CDS	1179	rfnT			Riboflavin transporter RfnT
CHQ_1_04302	gene	237				
CHQ_1_04302	CDS	237				hypothetical protein
CHQ_1_04303	gene	462				
CHQ_1_04303	CDS	462				hypothetical protein
CHQ_1_04304	gene	1218				
CHQ_1_04304	CDS	1218				putative MFS-type transporter
CHQ_1_04305	gene	909				
CHQ_1_04305	CDS	909				hypothetical protein
CHQ_1_04306	gene	141				
CHQ_1_04306	CDS	141				hypothetical protein
CHQ_1_04307	gene	891	hcaR_3			
CHQ_1_04307	CDS	891	hcaR_3			Hca operon transcriptional activator HcaR
CHQ_1_04308	gene	708	scoA			
CHQ_1_04308	CDS	708	scoA	2.8.3.5	COG1788	putative succinyl-CoA:3-ketoacid coenzyme A transferase subunit A
CHQ_1_04309	gene	657	scoB			
CHQ_1_04309	CDS	657	scoB	2.8.3.5	COG2057	putative succinyl-CoA:3-ketoacid coenzyme A transferase subunit B
CHQ_1_04310	gene	1182	thlA_2			
CHQ_1_04310	CDS	1182	thlA_2	2.3.1.9	COG0183	Acetyl-CoA acetyltransferase
CHQ_1_04311	gene	924	hbd			
CHQ_1_04311	CDS	924	hbd	1.1.1.157	COG1250	3-hydroxybutyryl-CoA dehydrogenase
CHQ_1_04312	gene	1392				
CHQ_1_04312	CDS	1392				hypothetical protein
CHQ_1_04313	gene	771	bdhA			
CHQ_1_04313	CDS	771	bdhA	1.1.1.30		D-beta-hydroxybutyrate dehydrogenase
CHQ_1_04314	gene	873	benM_1			
CHQ_1_04314	CDS	873	benM_1			HTH-type transcriptional regulator BenM
CHQ_1_04315	gene	780	budA			
CHQ_1_04315	CDS	780	budA	4.1.1.5		Alpha-acetolactate decarboxylase
CHQ_1_04316	gene	1680	budB			
CHQ_1_04316	CDS	1680	budB	2.2.1.6	COG0028	Acetolactate synthase, catabolic
CHQ_1_04317	gene	771	budC			
CHQ_1_04317	CDS	771	budC	1.1.1.304		Diacetyl reductase [(S)-acetoin forming]
CHQ_1_04318	gene	76				
CHQ_1_04318	tRNA	76				tRNA-Thr(ggt)
CHQ_1_04319	gene	75				
CHQ_1_04319	tRNA	75				tRNA-Gly(tcc)
CHQ_1_04320	gene	85				
CHQ_1_04320	tRNA	85				tRNA-Tyr(gta)
CHQ_1_04321	gene	76				
CHQ_1_04321	tRNA	76				tRNA-Thr(tgt)
CHQ_1_04322	gene	927	coaA			
CHQ_1_04322	CDS	927	coaA	2.7.1.33		Pantothenate kinase
CHQ_1_04323	gene	963	birA			
CHQ_1_04323	CDS	963	birA	6.3.4.15	COG0340	Bifunctional ligase/repressor BirA
CHQ_1_04324	gene	1029	murB			
CHQ_1_04324	CDS	1029	murB	1.3.1.98	COG0812	UDP-N-acetylenolpyruvoylglucosamine reductase
CHQ_1_04325	gene	111				
CHQ_1_04325	rRNA	111				5S ribosomal RNA
CHQ_1_04326	gene	666				
CHQ_1_04326	CDS	666		3.1.3.-	COG0560	putative phosphatase
CHQ_1_04327	gene	870				
CHQ_1_04327	CDS	870				hypothetical protein
CHQ_1_04328	gene	462				
CHQ_1_04328	CDS	462				hypothetical protein
CHQ_1_04329	gene	1053	phoE			
CHQ_1_04329	CDS	1053	phoE		COG3203	Outer membrane porin PhoE
CHQ_1_04330	gene	1104	proB			
CHQ_1_04330	CDS	1104	proB	2.7.2.11	COG0263	Glutamate 5-kinase
CHQ_1_04331	gene	1254	proA_2			
CHQ_1_04331	CDS	1254	proA_2	1.2.1.41	COG0014	Gamma-glutamyl phosphate reductase
CHQ_1_04332	gene	76				
CHQ_1_04332	tRNA	76				tRNA-Thr(cgt)
CHQ_1_04333	gene	615				
CHQ_1_04333	CDS	615				hypothetical protein
CHQ_1_04334	gene	444				
CHQ_1_04334	CDS	444				hypothetical protein
CHQ_1_04335	gene	801				
CHQ_1_04335	CDS	801				hypothetical protein
CHQ_1_04336	gene	501				
CHQ_1_04336	CDS	501				hypothetical protein
CHQ_1_04337	gene	948	fimH_2			
CHQ_1_04337	CDS	948	fimH_2			Type 1 fimbrin D-mannose specific adhesin
CHQ_1_04338	gene	504	fimG_2			
CHQ_1_04338	CDS	504	fimG_2			Protein FimG
CHQ_1_04339	gene	525	fimF_2			
CHQ_1_04339	CDS	525	fimF_2			Protein FimF
CHQ_1_04340	gene	2634	fimD_4			
CHQ_1_04340	CDS	2634	fimD_4		COG3188	Outer membrane usher protein FimD
CHQ_1_04341	gene	711	fimC_3			
CHQ_1_04341	CDS	711	fimC_3			Chaperone protein FimC
CHQ_1_04342	gene	543	fimA_3			
CHQ_1_04342	CDS	543	fimA_3			Type-1 fimbrial protein, A chain
CHQ_1_04343	gene	573	fimA_4			
CHQ_1_04343	CDS	573	fimA_4			Type-1 fimbrial protein, A chain
CHQ_1_04344	gene	114				
CHQ_1_04344	CDS	114				hypothetical protein
CHQ_1_04345	gene	2766	pknK			
CHQ_1_04345	CDS	2766	pknK	2.7.11.1	COG2909	Serine/threonine-protein kinase PknK
CHQ_1_04346	gene	960	acoA			
CHQ_1_04346	CDS	960	acoA	1.1.1.-	COG1071	Acetoin:2,6-dichlorophenolindophenol oxidoreductase subunit alpha
CHQ_1_04347	gene	1020	acoB			
CHQ_1_04347	CDS	1020	acoB	1.1.1.-	COG0022	Acetoin:2,6-dichlorophenolindophenol oxidoreductase subunit beta
CHQ_1_04348	gene	1536				
CHQ_1_04348	CDS	1536				hypothetical protein
CHQ_1_04349	gene	1398	lpd			
CHQ_1_04349	CDS	1398	lpd	1.8.1.4	COG1249	Dihydrolipoyl dehydrogenase
CHQ_1_04350	gene	252				
CHQ_1_04350	CDS	252				hypothetical protein
CHQ_1_04351	gene	792	lsrF_2			
CHQ_1_04351	CDS	792	lsrF_2	2.3.1.245	COG1830	3-hydroxy-5-phosphonooxypentane-2,4-dione thiolase
CHQ_1_04352	gene	552	glpP			
CHQ_1_04352	CDS	552	glpP		COG1954	Glycerol uptake operon antiterminator regulatory protein
CHQ_1_04353	gene	1539	lyx_2			
CHQ_1_04353	CDS	1539	lyx_2	2.7.1.-	COG1070	L-xylulose/3-keto-L-gulonate kinase
CHQ_1_04354	gene	762	fabG_7			
CHQ_1_04354	CDS	762	fabG_7	1.1.1.100		3-oxoacyl-[acyl-carrier-protein] reductase FabG
CHQ_1_04355	gene	996				
CHQ_1_04355	CDS	996		1.17.1.9		Formate dehydrogenase, mitochondrial
CHQ_1_04356	gene	1263	gatC_2			
CHQ_1_04356	CDS	1263	gatC_2		COG3775	PTS system galactitol-specific EIIC component
CHQ_1_04357	gene	639	gstB_4			
CHQ_1_04357	CDS	639	gstB_4	2.5.1.18	COG0625	Glutathione S-transferase GstB
CHQ_1_04358	gene	750	yjhP			
CHQ_1_04358	CDS	750	yjhP			putative protein YjhP
CHQ_1_04359	gene	258				
CHQ_1_04359	CDS	258				hypothetical protein
CHQ_1_04360	gene	978	glaH			
CHQ_1_04360	CDS	978	glaH	1.14.11.-		Glutarate 2-hydroxylase
CHQ_1_04361	gene	1269	lhgD			
CHQ_1_04361	CDS	1269	lhgD	1.1.5.-	COG0579	L-2-hydroxyglutarate dehydrogenase
CHQ_1_04362	gene	1449	gabD_2			
CHQ_1_04362	CDS	1449	gabD_2	1.2.1.79	COG1012	Succinate-semialdehyde dehydrogenase [NADP(+)] GabD
CHQ_1_04363	gene	1284	gabT			
CHQ_1_04363	CDS	1284	gabT	2.6.1.19	COG0160	4-aminobutyrate aminotransferase GabT
CHQ_1_04364	gene	1401	gabP			
CHQ_1_04364	CDS	1401	gabP		COG1113	GABA permease
CHQ_1_04365	gene	693	glaR			
CHQ_1_04365	CDS	693	glaR		COG1802	HTH-type transcriptional repressor GlaR
CHQ_1_04366	gene	1404				
CHQ_1_04366	CDS	1404				hypothetical protein
CHQ_1_04367	gene	1287				
CHQ_1_04367	CDS	1287				hypothetical protein
CHQ_1_04368	gene	555				
CHQ_1_04368	CDS	555				hypothetical protein
CHQ_1_04369	gene	2088				
CHQ_1_04369	CDS	2088				hypothetical protein
CHQ_1_04370	gene	1218				
CHQ_1_04370	CDS	1218				hypothetical protein
CHQ_1_04371	gene	1383				
CHQ_1_04371	CDS	1383				hypothetical protein
CHQ_1_04372	gene	1026				
CHQ_1_04372	CDS	1026				hypothetical protein
CHQ_1_04373	gene	1215	mshA_6			
CHQ_1_04373	CDS	1215	mshA_6	2.4.1.250		D-inositol-3-phosphate glycosyltransferase
CHQ_1_04374	gene	1101				
CHQ_1_04374	CDS	1101				hypothetical protein
CHQ_1_04375	gene	414				
CHQ_1_04375	CDS	414				hypothetical protein
CHQ_1_04376	gene	1326				
CHQ_1_04376	CDS	1326				hypothetical protein
CHQ_1_04377	gene	522	lpxD_2			
CHQ_1_04377	CDS	522	lpxD_2	2.3.1.191		UDP-3-O-(3-hydroxymyristoyl)glucosamine N-acyltransferase
CHQ_1_04378	gene	399	crl			
CHQ_1_04378	CDS	399	crl			Sigma factor-binding protein Crl
CHQ_1_04379	gene	1245				
CHQ_1_04379	CDS	1245				hypothetical protein
CHQ_1_04380	gene	459	gpt			
CHQ_1_04380	CDS	459	gpt	2.4.2.22	COG0503	Xanthine phosphoribosyltransferase
CHQ_1_04381	gene	1458	pepD			
CHQ_1_04381	CDS	1458	pepD	3.4.13.18	COG2195	Cytosol non-specific dipeptidase
CHQ_1_04382	gene	447	yafP			
CHQ_1_04382	CDS	447	yafP	2.3.1.-	COG0454	putative N-acetyltransferase YafP
CHQ_1_04383	gene	1089	dinB			
CHQ_1_04383	CDS	1089	dinB	2.7.7.7	COG0389	DNA polymerase IV
CHQ_1_04384	gene	861				
CHQ_1_04384	CDS	861			COG0584	putative protein
CHQ_1_04385	gene	216				
CHQ_1_04385	CDS	216				hypothetical protein
CHQ_1_04386	gene	1224	nqrF			
CHQ_1_04386	CDS	1224	nqrF	7.2.1.1	COG2871	Na(+)-translocating NADH-quinone reductase subunit F
CHQ_1_04387	gene	597	nqrE			
CHQ_1_04387	CDS	597	nqrE	7.2.1.1	COG2209	Na(+)-translocating NADH-quinone reductase subunit E
CHQ_1_04388	gene	639	nqrD			
CHQ_1_04388	CDS	639	nqrD	7.2.1.1	COG1347	Na(+)-translocating NADH-quinone reductase subunit D
CHQ_1_04389	gene	795	nqrC			
CHQ_1_04389	CDS	795	nqrC	7.2.1.1	COG2869	Na(+)-translocating NADH-quinone reductase subunit C
CHQ_1_04390	gene	1239	nqrB			
CHQ_1_04390	CDS	1239	nqrB	7.2.1.1	COG1805	Na(+)-translocating NADH-quinone reductase subunit B
CHQ_1_04391	gene	1344	nqrA			
CHQ_1_04391	CDS	1344	nqrA	7.2.1.1	COG1726	Na(+)-translocating NADH-quinone reductase subunit A
CHQ_1_04392	gene	741				
CHQ_1_04392	CDS	741				hypothetical protein
CHQ_1_04393	gene	768	yafJ			
CHQ_1_04393	CDS	768	yafJ	2.4.2.-	COG0121	Putative glutamine amidotransferase YafJ
CHQ_1_04394	gene	582	gmhA			
CHQ_1_04394	CDS	582	gmhA	5.3.1.28	COG0279	Phosphoheptose isomerase
CHQ_1_04395	gene	2445	fadE			
CHQ_1_04395	CDS	2445	fadE	1.3.8.7	COG1960	Acyl-coenzyme A dehydrogenase
CHQ_1_04396	gene	771	yafV			
CHQ_1_04396	CDS	771	yafV	3.5.1.3		Omega-amidase YafV
CHQ_1_04397	gene	1101	ydiK_2			
CHQ_1_04397	CDS	1101	ydiK_2		COG0628	Putative transport protein YdiK
CHQ_1_04398	gene	591	eamB			
CHQ_1_04398	CDS	591	eamB		COG1280	Cysteine/O-acetylserine efflux protein
CHQ_1_04399	gene	882	cmpR_3			
CHQ_1_04399	CDS	882	cmpR_3			HTH-type transcriptional activator CmpR
CHQ_1_04400	gene	77				
CHQ_1_04400	tRNA	77				tRNA-Asp(gtc)
CHQ_1_04401	gene	741	dnaQ			
CHQ_1_04401	CDS	741	dnaQ	2.7.7.7	COG0847	DNA polymerase III subunit epsilon
CHQ_1_04402	gene	468	rnhA			
CHQ_1_04402	CDS	468	rnhA	3.1.26.4	COG0328	Ribonuclease HI
CHQ_1_04403	gene	723				
CHQ_1_04403	CDS	723				hypothetical protein
CHQ_1_04404	gene	756	gloB			
CHQ_1_04404	CDS	756	gloB	3.1.2.6	COG0491	Hydroxyacylglutathione hydrolase
CHQ_1_04405	gene	1155	mltD			
CHQ_1_04405	CDS	1155	mltD	4.2.2.-	COG0741	Membrane-bound lytic murein transglycosylase D
CHQ_1_04406	gene	771	ycgJ			
CHQ_1_04406	CDS	771	ycgJ	2.1.1.-		putative methyltransferase YcgJ
CHQ_1_04407	gene	807				
CHQ_1_04407	CDS	807				hypothetical protein
CHQ_1_04408	gene	1191	ydhP_2			
CHQ_1_04408	CDS	1191	ydhP_2		COG2814	Inner membrane transport protein YdhP
CHQ_1_04409	gene	906	dmlR_14			
CHQ_1_04409	CDS	906	dmlR_14			HTH-type transcriptional regulator DmlR
CHQ_1_04410	gene	804	dkgB			
CHQ_1_04410	CDS	804	dkgB	1.1.1.346	COG0656	2,5-diketo-D-gluconic acid reductase B
CHQ_1_04411	gene	77				
CHQ_1_04411	tRNA	77				tRNA-Asp(gtc)
CHQ_1_04412	gene	390				
CHQ_1_04412	CDS	390				hypothetical protein
CHQ_1_04413	gene	768	catD			
CHQ_1_04413	CDS	768	catD	3.1.1.24	COG0596	3-oxoadipate enol-lactonase 2
CHQ_1_04414	gene	1353	pcaB			
CHQ_1_04414	CDS	1353	pcaB	5.5.1.2	COG0015	3-carboxy-cis,cis-muconate cycloisomerase
CHQ_1_04415	gene	1203	pcaF			
CHQ_1_04415	CDS	1203	pcaF	2.3.1.174	COG0183	Beta-ketoadipyl-CoA thiolase
CHQ_1_04416	gene	657	pcaJ			
CHQ_1_04416	CDS	657	pcaJ	2.8.3.6	COG2057	3-oxoadipate CoA-transferase subunit B
CHQ_1_04417	gene	687	pcaI			
CHQ_1_04417	CDS	687	pcaI	2.8.3.6	COG1788	3-oxoadipate CoA-transferase subunit A
CHQ_1_04418	gene	807	pcaR_3			
CHQ_1_04418	CDS	807	pcaR_3		COG1414	Pca regulon regulatory protein
CHQ_1_04419	gene	564	smrA			
CHQ_1_04419	CDS	564	smrA	3.1.-.-	COG2840	putative DNA endonuclease SmrA
CHQ_1_04420	gene	909	tsaR_2			
CHQ_1_04420	CDS	909	tsaR_2			HTH-type transcriptional regulator TsaR
CHQ_1_04421	gene	1311	iaaH			
CHQ_1_04421	CDS	1311	iaaH	3.5.1.-		Indole-3-acetyl-aspartic acid hydrolase
CHQ_1_04422	gene	1446	abgB			
CHQ_1_04422	CDS	1446	abgB	3.5.1.-	COG1473	p-aminobenzoyl-glutamate hydrolase subunit B
CHQ_1_04423	gene	1527	abgT			
CHQ_1_04423	CDS	1527	abgT		COG2978	p-aminobenzoyl-glutamate transport protein
CHQ_1_04424	gene	159				
CHQ_1_04424	CDS	159				hypothetical protein
CHQ_1_04425	gene	516	ogt			
CHQ_1_04425	CDS	516	ogt	2.1.1.63	COG0350	Methylated-DNA--protein-cysteine methyltransferase
CHQ_1_04426	gene	753	fnr			
CHQ_1_04426	CDS	753	fnr		COG0664	Fumarate and nitrate reduction regulatory protein
CHQ_1_04427	gene	951	uspE			
CHQ_1_04427	CDS	951	uspE		COG0589	Universal stress protein E
CHQ_1_04428	gene	189				
CHQ_1_04428	CDS	189				hypothetical protein
CHQ_1_04429	gene	1389	pntB			
CHQ_1_04429	CDS	1389	pntB	7.1.1.1	COG1282	NAD(P) transhydrogenase subunit beta
CHQ_1_04430	gene	1530	pntA			
CHQ_1_04430	CDS	1530	pntA	7.1.1.1	COG3288	NAD(P) transhydrogenase subunit alpha
CHQ_1_04431	gene	951	ydgH			
CHQ_1_04431	CDS	951	ydgH			Protein YdgH
CHQ_1_04432	gene	1383	ydgI			
CHQ_1_04432	CDS	1383	ydgI		COG0531	Putative arginine/ornithine antiporter
CHQ_1_04433	gene	723	folM			
CHQ_1_04433	CDS	723	folM	1.5.1.50	COG1028	Dihydromonapterin reductase
CHQ_1_04434	gene	336	ydgC			
CHQ_1_04434	CDS	336	ydgC		COG3136	Inner membrane protein YdgC
CHQ_1_04435	gene	717	rstA			
CHQ_1_04435	CDS	717	rstA		COG0745	Transcriptional regulatory protein RstA
CHQ_1_04436	gene	363				
CHQ_1_04436	CDS	363				hypothetical protein
CHQ_1_04437	gene	1302	rstB			
CHQ_1_04437	CDS	1302	rstB	2.7.13.3		Sensor protein RstB
CHQ_1_04438	gene	933	tus			
CHQ_1_04438	CDS	933	tus			DNA replication terminus site-binding protein
CHQ_1_04439	gene	1401	fumC			
CHQ_1_04439	CDS	1401	fumC	4.2.1.2	COG0114	Fumarate hydratase class II
CHQ_1_04440	gene	1647	fumA			
CHQ_1_04440	CDS	1647	fumA	4.2.1.2	COG1838	Fumarate hydratase class I, aerobic
CHQ_1_04441	gene	1179	manA			
CHQ_1_04441	CDS	1179	manA	5.3.1.8	COG1482	Mannose-6-phosphate isomerase
CHQ_1_04442	gene	1560	ydgA			
CHQ_1_04442	CDS	1560	ydgA		COG5339	Protein YdgA
CHQ_1_04443	gene	1029	malI			
CHQ_1_04443	CDS	1029	malI		COG1609	Maltose regulon regulatory protein MalI
CHQ_1_04444	gene	1593	malX_2			
CHQ_1_04444	CDS	1593	malX_2		COG1263	PTS system maltose-specific EIICB component
CHQ_1_04445	gene	1173	malY			
CHQ_1_04445	CDS	1173	malY		COG1168	Protein MalY
CHQ_1_04446	gene	1029	zntB_1			
CHQ_1_04446	CDS	1029	zntB_1		COG0598	Zinc transport protein ZntB
CHQ_1_04447	gene	204	ydfZ			
CHQ_1_04447	CDS	204	ydfZ			Putative selenoprotein YdfZ
CHQ_1_04448	gene	519				
CHQ_1_04448	CDS	519				hypothetical protein
CHQ_1_04449	gene	354				
CHQ_1_04449	CDS	354				hypothetical protein
CHQ_1_04450	gene	1212				
CHQ_1_04450	CDS	1212				hypothetical protein
CHQ_1_04451	gene	234	yedF			
CHQ_1_04451	CDS	234	yedF		COG0425	Putative sulfur carrier protein YedF
CHQ_1_04452	gene	393	ydfO			
CHQ_1_04452	CDS	393	ydfO		COG5562	putative protein YdfO
CHQ_1_04453	gene	159				
CHQ_1_04453	CDS	159				hypothetical protein
CHQ_1_04454	gene	999	gap			
CHQ_1_04454	CDS	999	gap	1.2.1.12		Glyceraldehyde-3-phosphate dehydrogenase
CHQ_1_04455	gene	1440	aldA			
CHQ_1_04455	CDS	1440	aldA	1.2.1.22	COG1012	Lactaldehyde dehydrogenase
CHQ_1_04456	gene	801	ydcF			
CHQ_1_04456	CDS	801	ydcF		COG1434	Protein YdcF
CHQ_1_04457	gene	1326	abaF_2			
CHQ_1_04457	CDS	1326	abaF_2			Fosfomycin resistance protein AbaF
CHQ_1_04458	gene	1431	cycA_2			
CHQ_1_04458	CDS	1431	cycA_2		COG1113	D-serine/D-alanine/glycine transporter
CHQ_1_04459	gene	996	astE_1			
CHQ_1_04459	CDS	996	astE_1	3.5.1.96	COG2988	Succinylglutamate desuccinylase
CHQ_1_04460	gene	1341	astB_1			
CHQ_1_04460	CDS	1341	astB_1	3.5.3.23	COG3724	N-succinylarginine dihydrolase
CHQ_1_04461	gene	1467	astD_1			
CHQ_1_04461	CDS	1467	astD_1	1.2.1.71	COG1012	N-succinylglutamate 5-semialdehyde dehydrogenase
CHQ_1_04462	gene	1023	astA_1			
CHQ_1_04462	CDS	1023	astA_1	2.3.1.109	COG3138	Arginine N-succinyltransferase
CHQ_1_04463	gene	1206	astC_1			
CHQ_1_04463	CDS	1206	astC_1	2.6.1.81	COG4992	Succinylornithine transaminase
CHQ_1_04464	gene	1275	gdhA_1			
CHQ_1_04464	CDS	1275	gdhA_1	1.4.1.3	COG0334	Glutamate dehydrogenase
CHQ_1_04465	gene	654				
CHQ_1_04465	CDS	654		3.1.3.-	COG0560	putative phosphatase
CHQ_1_04466	gene	786				
CHQ_1_04466	CDS	786				hypothetical protein
CHQ_1_04467	gene	1206	thlA_3			
CHQ_1_04467	CDS	1206	thlA_3	2.3.1.9	COG0183	Acetyl-CoA acetyltransferase
CHQ_1_04468	gene	1485	oxyL			
CHQ_1_04468	CDS	1485	oxyL	1.14.13.232		6-methylpretetramide 4-monooxygenase
CHQ_1_04469	gene	1065	yajO_4			
CHQ_1_04469	CDS	1065	yajO_4	1.1.-.-	COG0667	1-deoxyxylulose-5-phosphate synthase YajO
CHQ_1_04470	gene	1188	ydhP_3			
CHQ_1_04470	CDS	1188	ydhP_3		COG2814	Inner membrane transport protein YdhP
CHQ_1_04471	gene	999	iolS			
CHQ_1_04471	CDS	999	iolS	1.1.1.-	COG0667	Aldo-keto reductase IolS
CHQ_1_04472	gene	915	pgrR_5			
CHQ_1_04472	CDS	915	pgrR_5			HTH-type transcriptional regulator PgrR
CHQ_1_04473	gene	432	slyA_3			
CHQ_1_04473	CDS	432	slyA_3			Transcriptional regulator SlyA
CHQ_1_04474	gene	1653				
CHQ_1_04474	CDS	1653				hypothetical protein
CHQ_1_04475	gene	1086	emrA_3			
CHQ_1_04475	CDS	1086	emrA_3			Colistin resistance protein EmrA
CHQ_1_04476	gene	1371	oprM_1			
CHQ_1_04476	CDS	1371	oprM_1		COG1538	Outer membrane protein OprM
CHQ_1_04477	gene	660				
CHQ_1_04477	CDS	660		2.1.1.6	COG4122	Catechol O-methyltransferase
CHQ_1_04478	gene	690				
CHQ_1_04478	CDS	690				hypothetical protein
CHQ_1_04479	gene	3903				
CHQ_1_04479	CDS	3903				hypothetical protein
CHQ_1_04480	gene	606	azoR_2			
CHQ_1_04480	CDS	606	azoR_2	1.7.1.17	COG1182	FMN-dependent NADH-azoreductase
CHQ_1_04481	gene	441				
CHQ_1_04481	CDS	441				hypothetical protein
CHQ_1_04482	gene	597	yrdA_2			
CHQ_1_04482	CDS	597	yrdA_2		COG0663	Protein YrdA
CHQ_1_04483	gene	936	paaX			
CHQ_1_04483	CDS	936	paaX		COG3327	Transcriptional repressor PaaX
CHQ_1_04484	gene	1317	paaK			
CHQ_1_04484	CDS	1317	paaK	6.2.1.30	COG1541	Phenylacetate-coenzyme A ligase
CHQ_1_04485	gene	1206	paaJ			
CHQ_1_04485	CDS	1206	paaJ	2.3.1.174	COG0183	3-oxoadipyl-CoA/3-oxo-5,6-dehydrosuberyl-CoA thiolase
CHQ_1_04486	gene	423	paaI			
CHQ_1_04486	CDS	423	paaI	3.1.2.-	COG2050	Acyl-coenzyme A thioesterase PaaI
CHQ_1_04487	gene	1422	paaH			
CHQ_1_04487	CDS	1422	paaH	1.1.1.-	COG1250	3-hydroxyadipyl-CoA dehydrogenase
CHQ_1_04488	gene	789	paaG			
CHQ_1_04488	CDS	789	paaG	5.3.3.18	COG1024	1,2-epoxyphenylacetyl-CoA isomerase
CHQ_1_04489	gene	768	paaF			
CHQ_1_04489	CDS	768	paaF	4.2.1.17	COG1024	2,3-dehydroadipyl-CoA hydratase
CHQ_1_04490	gene	1071	paaE			
CHQ_1_04490	CDS	1071	paaE	1.-.-.-	COG1018	1,2-phenylacetyl-CoA epoxidase, subunit E
CHQ_1_04491	gene	498	paaD			
CHQ_1_04491	CDS	498	paaD		COG2151	Putative 1,2-phenylacetyl-CoA epoxidase, subunit D
CHQ_1_04492	gene	756	paaC			
CHQ_1_04492	CDS	756	paaC		COG3396	1,2-phenylacetyl-CoA epoxidase, subunit C
CHQ_1_04493	gene	288	paaB			
CHQ_1_04493	CDS	288	paaB		COG3460	1,2-phenylacetyl-CoA epoxidase, subunit B
CHQ_1_04494	gene	930	paaA			
CHQ_1_04494	CDS	930	paaA	1.14.13.149	COG3396	1,2-phenylacetyl-CoA epoxidase, subunit A
CHQ_1_04495	gene	2046	paaZ			
CHQ_1_04495	CDS	2046	paaZ		COG2030	Bifunctional protein PaaZ
CHQ_1_04496	gene	192				
CHQ_1_04496	CDS	192				hypothetical protein
CHQ_1_04497	gene	2268	maoA			
CHQ_1_04497	CDS	2268	maoA	1.4.3.21	COG3733	Primary amine oxidase
CHQ_1_04498	gene	951				
CHQ_1_04498	CDS	951				hypothetical protein
CHQ_1_04499	gene	819				
CHQ_1_04499	CDS	819				hypothetical protein
CHQ_1_04500	gene	1185	argE_2			
CHQ_1_04500	CDS	1185	argE_2	3.5.1.16	COG0624	Acetylornithine deacetylase
CHQ_1_04501	gene	675				
CHQ_1_04501	CDS	675				hypothetical protein
CHQ_1_04502	gene	435				
CHQ_1_04502	CDS	435				hypothetical protein
CHQ_1_04503	gene	1257				
CHQ_1_04503	CDS	1257				hypothetical protein
CHQ_1_04504	gene	915	hdfR_5			
CHQ_1_04504	CDS	915	hdfR_5			HTH-type transcriptional regulator HdfR
CHQ_1_04505	gene	1521	btuD_8			
CHQ_1_04505	CDS	1521	btuD_8	7.6.2.8		Vitamin B12 import ATP-binding protein BtuD
CHQ_1_04506	gene	873				
CHQ_1_04506	CDS	873				hypothetical protein
CHQ_1_04507	gene	831	fliY_4			
CHQ_1_04507	CDS	831	fliY_4		COG0834	L-cystine-binding protein FliY
CHQ_1_04508	gene	732	novR			
CHQ_1_04508	CDS	732	novR	4.1.-.-		Decarboxylase NovR
CHQ_1_04509	gene	891				
CHQ_1_04509	CDS	891		1.1.1.169	COG1893	2-dehydropantoate 2-reductase
CHQ_1_04510	gene	1500	feaB_2			
CHQ_1_04510	CDS	1500	feaB_2	1.2.1.39	COG1012	Phenylacetaldehyde dehydrogenase
CHQ_1_04511	gene	903	feaR			
CHQ_1_04511	CDS	903	feaR		COG2207	Transcriptional activator FeaR
CHQ_1_04512	gene	324				
CHQ_1_04512	CDS	324				hypothetical protein
CHQ_1_04513	gene	186				
CHQ_1_04513	CDS	186				hypothetical protein
CHQ_1_04514	gene	2640				
CHQ_1_04514	CDS	2640				hypothetical protein
CHQ_1_04515	gene	501	yabI_2			
CHQ_1_04515	CDS	501	yabI_2		COG0586	Inner membrane protein YabI
CHQ_1_04516	gene	990	ldhA			
CHQ_1_04516	CDS	990	ldhA	1.1.1.28	COG1052	D-lactate dehydrogenase
CHQ_1_04517	gene	441	hslJ			
CHQ_1_04517	CDS	441	hslJ		COG3187	Heat shock protein HslJ
CHQ_1_04518	gene	264				
CHQ_1_04518	CDS	264				hypothetical protein
CHQ_1_04519	gene	3528	nifJ			
CHQ_1_04519	CDS	3528	nifJ	1.2.7.-	COG0674	Pyruvate-flavodoxin oxidoreductase
CHQ_1_04520	gene	1125	ompN_2			
CHQ_1_04520	CDS	1125	ompN_2		COG3203	Outer membrane porin N
CHQ_1_04521	gene	213				
CHQ_1_04521	CDS	213				hypothetical protein
CHQ_1_04522	gene	435	uspF			
CHQ_1_04522	CDS	435	uspF		COG0589	Universal stress protein F
CHQ_1_04523	gene	936	ttcA			
CHQ_1_04523	CDS	936	ttcA	2.8.1.-	COG0037	tRNA-cytidine(32) 2-sulfurtransferase
CHQ_1_04524	gene	1374	dbpA			
CHQ_1_04524	CDS	1374	dbpA	3.6.4.13	COG0513	ATP-dependent RNA helicase DbpA
CHQ_1_04525	gene	984	zntB_2			
CHQ_1_04525	CDS	984	zntB_2		COG0598	Zinc transport protein ZntB
CHQ_1_04526	gene	744	glcR_2			
CHQ_1_04526	CDS	744	glcR_2		COG1349	HTH-type transcriptional repressor GlcR
CHQ_1_04527	gene	1119	ydgJ_2			
CHQ_1_04527	CDS	1119	ydgJ_2	1.-.-.-	COG0673	putative oxidoreductase YdgJ
CHQ_1_04528	gene	195				
CHQ_1_04528	CDS	195				hypothetical protein
CHQ_1_04529	gene	750				
CHQ_1_04529	CDS	750				hypothetical protein
CHQ_1_04530	gene	1380	aroP_2			
CHQ_1_04530	CDS	1380	aroP_2		COG1113	Aromatic amino acid transport protein AroP
CHQ_1_04531	gene	480	lrp_2			
CHQ_1_04531	CDS	480	lrp_2		COG1522	Leucine-responsive regulatory protein
CHQ_1_04532	gene	615				
CHQ_1_04532	CDS	615				hypothetical protein
CHQ_1_04533	gene	1200	tyrB_2			
CHQ_1_04533	CDS	1200	tyrB_2	2.6.1.57	COG1448	Aromatic-amino-acid aminotransferase
CHQ_1_04534	gene	669	metI_4			
CHQ_1_04534	CDS	669	metI_4		COG2011	D-methionine transport system permease protein MetI
CHQ_1_04535	gene	1026	metN_3			
CHQ_1_04535	CDS	1026	metN_3	3.6.3.-	COG1135	Methionine import ATP-binding protein MetN
CHQ_1_04536	gene	804	metQ_5			
CHQ_1_04536	CDS	804	metQ_5		COG1464	putative D-methionine-binding lipoprotein MetQ
CHQ_1_04537	gene	1176	dapL			
CHQ_1_04537	CDS	1176	dapL	2.6.1.83	COG0436	LL-diaminopimelate aminotransferase
CHQ_1_04538	gene	360				
CHQ_1_04538	CDS	360				hypothetical protein
CHQ_1_04539	gene	912				
CHQ_1_04539	CDS	912				hypothetical protein
CHQ_1_04540	gene	861	ytnP			
CHQ_1_04540	CDS	861	ytnP	3.1.1.-	COG0491	putative quorum-quenching lactonase YtnP
CHQ_1_04541	gene	924	nodD2_2			
CHQ_1_04541	CDS	924	nodD2_2			Nodulation protein D 2
CHQ_1_04542	gene	906	pgrR_6			
CHQ_1_04542	CDS	906	pgrR_6			HTH-type transcriptional regulator PgrR
CHQ_1_04543	gene	930				
CHQ_1_04543	CDS	930				hypothetical protein
CHQ_1_04544	gene	213				
CHQ_1_04544	CDS	213				hypothetical protein
CHQ_1_04545	gene	879	rhaS_12			
CHQ_1_04545	CDS	879	rhaS_12			HTH-type transcriptional activator RhaS
CHQ_1_04546	gene	756	fabG_8			
CHQ_1_04546	CDS	756	fabG_8	1.1.1.100		3-oxoacyl-[acyl-carrier-protein] reductase FabG
CHQ_1_04547	gene	594	bdcR			
CHQ_1_04547	CDS	594	bdcR			HTH-type transcriptional repressor BdcR
CHQ_1_04548	gene	714	bdcA_2			
CHQ_1_04548	CDS	714	bdcA_2		COG1028	Cyclic-di-GMP-binding biofilm dispersal mediator protein
CHQ_1_04549	gene	567	yraA			
CHQ_1_04549	CDS	567	yraA	3.2.-.-	COG0693	Putative cysteine protease YraA
CHQ_1_04550	gene	459	fabG_9			
CHQ_1_04550	CDS	459	fabG_9	1.1.1.100		3-oxoacyl-[acyl-carrier-protein] reductase FabG
CHQ_1_04551	gene	309				
CHQ_1_04551	CDS	309				hypothetical protein
CHQ_1_04552	gene	483	rsbW			
CHQ_1_04552	CDS	483	rsbW	2.7.11.1		Serine-protein kinase RsbW
CHQ_1_04553	gene	339				
CHQ_1_04553	CDS	339				hypothetical protein
CHQ_1_04554	gene	1215	rssB_2			
CHQ_1_04554	CDS	1215	rssB_2			Regulator of RpoS
CHQ_1_04555	gene	900				
CHQ_1_04555	CDS	900				hypothetical protein
CHQ_1_04556	gene	1218				
CHQ_1_04556	CDS	1218				hypothetical protein
CHQ_1_04557	gene	1818	acsAB_1			
CHQ_1_04557	CDS	1818	acsAB_1		COG1215	Cellulose synthase 1
CHQ_1_04558	gene	1332				
CHQ_1_04558	CDS	1332				hypothetical protein
CHQ_1_04559	gene	1548				
CHQ_1_04559	CDS	1548				hypothetical protein
CHQ_1_04560	gene	1395				
CHQ_1_04560	CDS	1395				hypothetical protein
CHQ_1_04561	gene	435				
CHQ_1_04561	CDS	435				hypothetical protein
CHQ_1_04562	gene	2694	rcsC_5			
CHQ_1_04562	CDS	2694	rcsC_5	2.7.13.3		Sensor histidine kinase RcsC
CHQ_1_04563	gene	2199	lacZ_3			
CHQ_1_04563	CDS	2199	lacZ_3	3.2.1.23		Beta-galactosidase
CHQ_1_04564	gene	870	ytbE			
CHQ_1_04564	CDS	870	ytbE	1.-.-.-	COG0656	putative oxidoreductase YtbE
CHQ_1_04565	gene	1203	nepI_2			
CHQ_1_04565	CDS	1203	nepI_2		COG2814	Purine ribonucleoside efflux pump NepI
CHQ_1_04566	gene	1056				
CHQ_1_04566	CDS	1056			COG1073	putative protein
CHQ_1_04567	gene	885	pgrR_7			
CHQ_1_04567	CDS	885	pgrR_7			HTH-type transcriptional regulator PgrR
CHQ_1_04568	gene	591				
CHQ_1_04568	CDS	591				hypothetical protein
CHQ_1_04569	gene	1617	mppA			
CHQ_1_04569	CDS	1617	mppA		COG4166	Periplasmic murein peptide-binding protein
CHQ_1_04570	gene	708	mpaA			
CHQ_1_04570	CDS	708	mpaA	3.4.17.-	COG2866	Murein peptide amidase A
CHQ_1_04571	gene	966	ycjG			
CHQ_1_04571	CDS	966	ycjG	5.1.1.20	COG4948	L-Ala-D/L-Glu epimerase
CHQ_1_04572	gene	507	tpx			
CHQ_1_04572	CDS	507	tpx	1.11.1.15	COG2077	Thiol peroxidase
CHQ_1_04573	gene	1053				
CHQ_1_04573	CDS	1053				hypothetical protein
CHQ_1_04574	gene	1542	tyrR			
CHQ_1_04574	CDS	1542	tyrR		COG3283	Transcriptional regulatory protein TyrR
CHQ_1_04575	gene	1062				
CHQ_1_04575	CDS	1062				hypothetical protein
CHQ_1_04576	gene	1398	ycjX			
CHQ_1_04576	CDS	1398	ycjX		COG3106	putative protein YcjX
CHQ_1_04577	gene	219	pspD			
CHQ_1_04577	CDS	219	pspD			Phage shock protein D
CHQ_1_04578	gene	360	pspC			
CHQ_1_04578	CDS	360	pspC		COG1983	Phage shock protein C
CHQ_1_04579	gene	225	pspB			
CHQ_1_04579	CDS	225	pspB			Phage shock protein B
CHQ_1_04580	gene	669	pspA_2			
CHQ_1_04580	CDS	669	pspA_2		COG1842	Phage shock protein A
CHQ_1_04581	gene	975	pspF			
CHQ_1_04581	CDS	975	pspF		COG1221	Psp operon transcriptional activator
CHQ_1_04582	gene	1392	norB			
CHQ_1_04582	CDS	1392	norB			Quinolone resistance protein NorB
CHQ_1_04583	gene	1170	hipO_3			
CHQ_1_04583	CDS	1170	hipO_3	3.5.1.32	COG1473	Hippurate hydrolase
CHQ_1_04584	gene	2322	rhaR_6			
CHQ_1_04584	CDS	2322	rhaR_6			HTH-type transcriptional activator RhaR
CHQ_1_04585	gene	843				
CHQ_1_04585	CDS	843				hypothetical protein
CHQ_1_04586	gene	906				
CHQ_1_04586	CDS	906				hypothetical protein
CHQ_1_04587	gene	1644	sapA			
CHQ_1_04587	CDS	1644	sapA		COG4166	Peptide transport periplasmic protein SapA
CHQ_1_04588	gene	966	sapB			
CHQ_1_04588	CDS	966	sapB		COG4168	Putrescine export system permease protein SapB
CHQ_1_04589	gene	891	sapC			
CHQ_1_04589	CDS	891	sapC		COG4171	Peptide transport system permease protein SapC
CHQ_1_04590	gene	993	sapD			
CHQ_1_04590	CDS	993	sapD		COG4170	Peptide transport system ATP-binding protein SapD
CHQ_1_04591	gene	810	sapF			
CHQ_1_04591	CDS	810	sapF		COG4167	Peptide transport system ATP-binding protein SapF
CHQ_1_04592	gene	1500	hutH_2			
CHQ_1_04592	CDS	1500	hutH_2	4.3.1.3	COG2986	Histidine ammonia-lyase
CHQ_1_04593	gene	795	occP_2			
CHQ_1_04593	CDS	795	occP_2			Octopine permease ATP-binding protein P
CHQ_1_04594	gene	732	occM			
CHQ_1_04594	CDS	732	occM			Octopine transport system permease protein OccM
CHQ_1_04595	gene	94				
CHQ_1_04595	tRNA	94				tRNA-Asp(atc)
CHQ_1_04596	gene	846	nocT			
CHQ_1_04596	CDS	846	nocT			Nopaline-binding periplasmic protein
CHQ_1_04597	gene	543	ves			
CHQ_1_04597	CDS	543	ves		COG3758	Protein Ves
CHQ_1_04598	gene	789	fabI			
CHQ_1_04598	CDS	789	fabI	1.3.1.9	COG0623	Enoyl-[acyl-carrier-protein] reductase [NADH] FabI
CHQ_1_04599	gene	1158				
CHQ_1_04599	CDS	1158				hypothetical protein
CHQ_1_04600	gene	1935	rnb			
CHQ_1_04600	CDS	1935	rnb	3.1.13.1	COG4776	Exoribonuclease 2
CHQ_1_04601	gene	180				
CHQ_1_04601	CDS	180				hypothetical protein
CHQ_1_04602	gene	750	srlR_4			
CHQ_1_04602	CDS	750	srlR_4		COG1349	Glucitol operon repressor
CHQ_1_04603	gene	222	osmB			
CHQ_1_04603	CDS	222	osmB			Osmotically-inducible lipoprotein B
CHQ_1_04604	gene	327	yciH			
CHQ_1_04604	CDS	327	yciH		COG0023	putative protein YciH
CHQ_1_04605	gene	738	pyrF			
CHQ_1_04605	CDS	738	pyrF	4.1.1.23	COG0284	Orotidine 5'-phosphate decarboxylase
CHQ_1_04606	gene	1170	lapB			
CHQ_1_04606	CDS	1170	lapB		COG2956	Lipopolysaccharide assembly protein B
CHQ_1_04607	gene	309	lapA			
CHQ_1_04607	CDS	309	lapA		COG3771	Lipopolysaccharide assembly protein A
CHQ_1_04608	gene	768	pgpB			
CHQ_1_04608	CDS	768	pgpB	3.1.3.27	COG0671	Phosphatidylglycerophosphatase B
CHQ_1_04609	gene	603	ribA			
CHQ_1_04609	CDS	603	ribA	3.5.4.25	COG0807	GTP cyclohydrolase-2
CHQ_1_04610	gene	2673	acnA			
CHQ_1_04610	CDS	2673	acnA	4.2.1.3	COG1048	Aconitate hydratase A
CHQ_1_04611	gene	168				
CHQ_1_04611	CDS	168				hypothetical protein
CHQ_1_04612	gene	975	cysB			
CHQ_1_04612	CDS	975	cysB			HTH-type transcriptional regulator CysB
CHQ_1_04613	gene	2598	topA_2			
CHQ_1_04613	CDS	2598	topA_2	5.6.2.1	COG0550	DNA topoisomerase 1
CHQ_1_04614	gene	252	yciN			
CHQ_1_04614	CDS	252	yciN			Protein YciN
CHQ_1_04615	gene	1092	sohB			
CHQ_1_04615	CDS	1092	sohB	3.4.21.-	COG0616	putative protease SohB
CHQ_1_04616	gene	801	yciK			
CHQ_1_04616	CDS	801	yciK	1.-.-.-	COG1028	putative oxidoreductase YciK
CHQ_1_04617	gene	591	btuR			
CHQ_1_04617	CDS	591	btuR	2.5.1.17	COG2109	Corrinoid adenosyltransferase
CHQ_1_04618	gene	903	rluB			
CHQ_1_04618	CDS	903	rluB	5.4.99.22	COG1187	Ribosomal large subunit pseudouridine synthase B
CHQ_1_04619	gene	897	gcvA_6			
CHQ_1_04619	CDS	897	gcvA_6			Glycine cleavage system transcriptional activator
CHQ_1_04620	gene	909				
CHQ_1_04620	CDS	909				hypothetical protein
CHQ_1_04621	gene	621	yciO			
CHQ_1_04621	CDS	621	yciO		COG0009	putative protein YciO
CHQ_1_04622	gene	864	yciV			
CHQ_1_04622	CDS	864	yciV	3.1.13.-	COG0613	5'-3' exoribonuclease
CHQ_1_04623	gene	1563	trpE			
CHQ_1_04623	CDS	1563	trpE	4.1.3.27	COG0147	Anthranilate synthase component 1
CHQ_1_04624	gene	1596	trpGD			
CHQ_1_04624	CDS	1596	trpGD		COG0512	Bifunctional protein TrpGD
CHQ_1_04625	gene	1359	trpC			
CHQ_1_04625	CDS	1359	trpC		COG0134	Tryptophan biosynthesis protein TrpCF
CHQ_1_04626	gene	1194	trpB			
CHQ_1_04626	CDS	1194	trpB	4.2.1.20	COG0133	Tryptophan synthase beta chain
CHQ_1_04627	gene	810	trpA			
CHQ_1_04627	CDS	810	trpA	4.2.1.20		Tryptophan synthase alpha chain
CHQ_1_04628	gene	1260	ttuD			
CHQ_1_04628	CDS	1260	ttuD	1.1.1.81		Putative hydroxypyruvate reductase
CHQ_1_04629	gene	1089	ttuC'			
CHQ_1_04629	CDS	1089	ttuC'	1.1.1.93		putative tartrate dehydrogenase/decarboxylase TtuC'
CHQ_1_04630	gene	1311	ttuB_3			
CHQ_1_04630	CDS	1311	ttuB_3			Putative tartrate transporter
CHQ_1_04631	gene	909	benM_2			
CHQ_1_04631	CDS	909	benM_2			HTH-type transcriptional regulator BenM
CHQ_1_04632	gene	267				
CHQ_1_04632	CDS	267				hypothetical protein
CHQ_1_04633	gene	2286	fiu			
CHQ_1_04633	CDS	2286	fiu		COG4774	Catecholate siderophore receptor Fiu
CHQ_1_04634	gene	678				
CHQ_1_04634	CDS	678		1.14.11.-	COG3128	PKHD-type hydroxylase
CHQ_1_04635	gene	639	ompW			
CHQ_1_04635	CDS	639	ompW		COG3047	Outer membrane protein W
CHQ_1_04636	gene	414				
CHQ_1_04636	CDS	414				hypothetical protein
CHQ_1_04637	gene	744				
CHQ_1_04637	CDS	744				hypothetical protein
CHQ_1_04638	gene	540	yciB			
CHQ_1_04638	CDS	540	yciB		COG2917	putative intracellular septation protein A
CHQ_1_04639	gene	2184	pfeA			
CHQ_1_04639	CDS	2184	pfeA		COG4771	Ferric enterobactin receptor
CHQ_1_04640	gene	399				
CHQ_1_04640	CDS	399		3.1.2.-	COG1607	putative acyl-CoA thioester hydrolase
CHQ_1_04641	gene	537				
CHQ_1_04641	CDS	537				hypothetical protein
CHQ_1_04642	gene	669	hxpB_2			
CHQ_1_04642	CDS	669	hxpB_2	3.1.3.68	COG0637	Hexitol phosphatase B
CHQ_1_04643	gene	762	kduD_2			
CHQ_1_04643	CDS	762	kduD_2	1.1.1.127		2-dehydro-3-deoxy-D-gluconate 5-dehydrogenase
CHQ_1_04644	gene	591	ydjM			
CHQ_1_04644	CDS	591	ydjM		COG1988	Inner membrane protein YdjM
CHQ_1_04645	gene	1392	tcyP			
CHQ_1_04645	CDS	1392	tcyP		COG1823	L-cystine uptake protein TcyP
CHQ_1_04646	gene	333	cedA			
CHQ_1_04646	CDS	333	cedA			Cell division activator CedA
CHQ_1_04647	gene	2259	katE			
CHQ_1_04647	CDS	2259	katE	1.11.1.6	COG0753	Catalase HPII
CHQ_1_04648	gene	759	chbG			
CHQ_1_04648	CDS	759	chbG	3.5.1.105	COG3394	Chitooligosaccharide deacetylase ChbG
CHQ_1_04649	gene	1347	chbF			
CHQ_1_04649	CDS	1347	chbF	3.2.1.86	COG1486	6-phospho-beta-glucosidase
CHQ_1_04650	gene	825	chbR			
CHQ_1_04650	CDS	825	chbR			HTH-type transcriptional regulator ChbR
CHQ_1_04651	gene	348	chbA_3			
CHQ_1_04651	CDS	348	chbA_3		COG1447	PTS system N,N'-diacetylchitobiose-specific EIIA component
CHQ_1_04652	gene	1359	chbC			
CHQ_1_04652	CDS	1359	chbC		COG1455	PTS system N,N'-diacetylchitobiose-specific EIIC component
CHQ_1_04653	gene	321	chbB			
CHQ_1_04653	CDS	321	chbB	2.7.1.196	COG1440	PTS system N,N'-diacetylchitobiose-specific EIIB component
CHQ_1_04654	gene	339	osmE			
CHQ_1_04654	CDS	339	osmE			Osmotically-inducible putative lipoprotein OsmE
CHQ_1_04655	gene	828	nadE			
CHQ_1_04655	CDS	828	nadE	6.3.1.5	COG0171	NH(3)-dependent NAD(+) synthetase
CHQ_1_04656	gene	864	cho			
CHQ_1_04656	CDS	864	cho	3.1.25.-	COG0322	Excinuclease cho
CHQ_1_04657	gene	483	spy			
CHQ_1_04657	CDS	483	spy		COG3678	Periplasmic chaperone Spy
CHQ_1_04658	gene	966	astE_2			
CHQ_1_04658	CDS	966	astE_2	3.5.1.96	COG2988	Succinylglutamate desuccinylase
CHQ_1_04659	gene	1326	astB_2			
CHQ_1_04659	CDS	1326	astB_2	3.5.3.23	COG3724	N-succinylarginine dihydrolase
CHQ_1_04660	gene	1479	astD_2			
CHQ_1_04660	CDS	1479	astD_2	1.2.1.71	COG1012	N-succinylglutamate 5-semialdehyde dehydrogenase
CHQ_1_04661	gene	1035	astA_2			
CHQ_1_04661	CDS	1035	astA_2	2.3.1.109	COG3138	Arginine N-succinyltransferase
CHQ_1_04662	gene	1221	astC_2			
CHQ_1_04662	CDS	1221	astC_2	2.6.1.81	COG4992	Succinylornithine transaminase
CHQ_1_04663	gene	807	xthA			
CHQ_1_04663	CDS	807	xthA	3.1.11.2	COG0708	Exodeoxyribonuclease III
CHQ_1_04664	gene	144				
CHQ_1_04664	CDS	144				hypothetical protein
CHQ_1_04665	gene	492	ydjZ_1			
CHQ_1_04665	CDS	492	ydjZ_1		COG0398	TVP38/TMEM64 family inner membrane protein YdjZ
CHQ_1_04666	gene	711	ydjZ_2			
CHQ_1_04666	CDS	711	ydjZ_2		COG0398	TVP38/TMEM64 family inner membrane protein YdjZ
CHQ_1_04667	gene	561				
CHQ_1_04667	CDS	561				hypothetical protein
CHQ_1_04668	gene	1179	ynjB			
CHQ_1_04668	CDS	1179	ynjB		COG4134	Protein YnjB
CHQ_1_04669	gene	1536	ynjC			
CHQ_1_04669	CDS	1536	ynjC		COG4135	Inner membrane ABC transporter permease protein YnjC
CHQ_1_04670	gene	633	fbpC2			
CHQ_1_04670	CDS	633	fbpC2	7.2.2.7	COG3842	Fe(3+) ions import ATP-binding protein FbpC 2
CHQ_1_04671	gene	1308	ynjE			
CHQ_1_04671	CDS	1308	ynjE	2.8.1.1	COG2897	Thiosulfate sulfurtransferase YnjE
CHQ_1_04672	gene	615	ynjF			
CHQ_1_04672	CDS	615	ynjF		COG0558	Inner membrane protein YnjF
CHQ_1_04673	gene	411	nudG			
CHQ_1_04673	CDS	411	nudG	3.6.1.65	COG0494	CTP pyrophosphohydrolase
CHQ_1_04674	gene	1344	gdhA_2			
CHQ_1_04674	CDS	1344	gdhA_2	1.4.1.4	COG0334	NADP-specific glutamate dehydrogenase
CHQ_1_04675	gene	981	qorA_2			
CHQ_1_04675	CDS	981	qorA_2	1.6.5.5	COG0604	Quinone oxidoreductase 1
CHQ_1_04676	gene	1941	topB			
CHQ_1_04676	CDS	1941	topB	5.6.2.1	COG0550	DNA topoisomerase 3
CHQ_1_04677	gene	1044	selD			
CHQ_1_04677	CDS	1044	selD	2.7.9.3	COG0709	Selenide, water dikinase
CHQ_1_04678	gene	747	phoC			
CHQ_1_04678	CDS	747	phoC	3.1.3.2		Major phosphate-irrepressible acid phosphatase
CHQ_1_04679	gene	213				
CHQ_1_04679	CDS	213				hypothetical protein
CHQ_1_04680	gene	798	phnV			
CHQ_1_04680	CDS	798	phnV		COG1177	Putative 2-aminoethylphosphonate transport system permease protein PhnV
CHQ_1_04681	gene	861	phnU			
CHQ_1_04681	CDS	861	phnU		COG0555	Putative 2-aminoethylphosphonate transport system permease protein PhnU
CHQ_1_04682	gene	1113	phnT			
CHQ_1_04682	CDS	1113	phnT		COG3842	Putative 2-aminoethylphosphonate import ATP-binding protein PhnT
CHQ_1_04683	gene	1014	phnS			
CHQ_1_04683	CDS	1014	phnS		COG1840	Putative 2-aminoethylphosphonate-binding periplasmic protein
CHQ_1_04684	gene	720	phnR			
CHQ_1_04684	CDS	720	phnR		COG2188	Putative transcriptional regulator of 2-aminoethylphosphonate degradation operons
CHQ_1_04685	gene	1104	phnW			
CHQ_1_04685	CDS	1104	phnW	2.6.1.37	COG0075	2-aminoethylphosphonate--pyruvate transaminase
CHQ_1_04686	gene	810	phnX			
CHQ_1_04686	CDS	810	phnX	3.11.1.1	COG0637	Phosphonoacetaldehyde hydrolase
CHQ_1_04687	gene	1194	nepI_3			
CHQ_1_04687	CDS	1194	nepI_3		COG2814	Purine ribonucleoside efflux pump NepI
CHQ_1_04688	gene	132				
CHQ_1_04688	CDS	132				hypothetical protein
CHQ_1_04689	gene	138				
CHQ_1_04689	CDS	138				hypothetical protein
CHQ_1_04690	gene	324				
CHQ_1_04690	CDS	324				hypothetical protein
CHQ_1_04691	gene	453				
CHQ_1_04691	CDS	453				hypothetical protein
CHQ_1_04692	gene	1392	uhpT			
CHQ_1_04692	CDS	1392	uhpT		COG2271	Hexose-6-phosphate:phosphate antiporter
CHQ_1_04693	gene	1329	uhpC			
CHQ_1_04693	CDS	1329	uhpC		COG2271	Membrane sensor protein UhpC
CHQ_1_04694	gene	1503	uhpB			
CHQ_1_04694	CDS	1503	uhpB	2.7.13.3		Signal transduction histidine-protein kinase/phosphatase UhpB
CHQ_1_04695	gene	594	uhpA			
CHQ_1_04695	CDS	594	uhpA		COG2197	Transcriptional regulatory protein UhpA
CHQ_1_04696	gene	288	ilvN			
CHQ_1_04696	CDS	288	ilvN	2.2.1.6	COG0440	Acetolactate synthase isozyme 1 small subunit
CHQ_1_04697	gene	1689	ilvB_2			
CHQ_1_04697	CDS	1689	ilvB_2	2.2.1.6	COG0028	Acetolactate synthase isozyme 1 large subunit
CHQ_1_04698	gene	96				
CHQ_1_04698	CDS	96				hypothetical protein
CHQ_1_04699	gene	90				
CHQ_1_04699	CDS	90				hypothetical protein
CHQ_1_04700	gene	447				
CHQ_1_04700	CDS	447				hypothetical protein
CHQ_1_04701	gene	834				
CHQ_1_04701	CDS	834				hypothetical protein
CHQ_1_04702	gene	1185	emrD			
CHQ_1_04702	CDS	1185	emrD			Multidrug resistance protein D
CHQ_1_04703	gene	924	dsdC			
CHQ_1_04703	CDS	924	dsdC		COG0583	HTH-type transcriptional regulator DsdC
CHQ_1_04704	gene	1338	dsdX			
CHQ_1_04704	CDS	1338	dsdX			D-serine transporter DsdX
CHQ_1_04705	gene	1329	dsdA			
CHQ_1_04705	CDS	1329	dsdA	4.3.1.18	COG3048	D-serine dehydratase
CHQ_1_04706	gene	501				
CHQ_1_04706	CDS	501				hypothetical protein
CHQ_1_04707	gene	363	yidG			
CHQ_1_04707	CDS	363	yidG			Inner membrane protein YidG
CHQ_1_04708	gene	348	yidH			
CHQ_1_04708	CDS	348	yidH		COG2149	Inner membrane protein YidH
CHQ_1_04709	gene	1323	aglB			
CHQ_1_04709	CDS	1323	aglB	3.2.1.122	COG1486	6-phospho-alpha-glucosidase
CHQ_1_04710	gene	1623	malP_4			
CHQ_1_04710	CDS	1623	malP_4		COG1263	PTS system maltose-specific EIICB component
CHQ_1_04711	gene	747	mngR_2			
CHQ_1_04711	CDS	747	mngR_2		COG2188	Mannosyl-D-glycerate transport/metabolism system repressor MngR
CHQ_1_04712	gene	1662	aspT_2			
CHQ_1_04712	CDS	1662	aspT_2			Aspartate/alanine antiporter
CHQ_1_04713	gene	429	ibpB_2			
CHQ_1_04713	CDS	429	ibpB_2		COG0071	Small heat shock protein IbpB
CHQ_1_04714	gene	414	ibpA			
CHQ_1_04714	CDS	414	ibpA		COG0071	Small heat shock protein IbpA
CHQ_1_04715	gene	333				
CHQ_1_04715	CDS	333				hypothetical protein
CHQ_1_04716	gene	1266				
CHQ_1_04716	CDS	1266				hypothetical protein
CHQ_1_04717	gene	1140				
CHQ_1_04717	CDS	1140				hypothetical protein
CHQ_1_04718	gene	1083				
CHQ_1_04718	CDS	1083				hypothetical protein
CHQ_1_04719	gene	813	yidA			
CHQ_1_04719	CDS	813	yidA	3.1.3.23	COG0561	Sugar phosphatase YidA
CHQ_1_04720	gene	2415	gyrB			
CHQ_1_04720	CDS	2415	gyrB	5.6.2.2	COG0187	DNA gyrase subunit B
CHQ_1_04721	gene	1074	recF			
CHQ_1_04721	CDS	1074	recF		COG1195	DNA replication and repair protein RecF
CHQ_1_04722	gene	1101	dnaN			
CHQ_1_04722	CDS	1101	dnaN		COG0592	Beta sliding clamp
CHQ_1_04723	gene	1404	dnaA			
CHQ_1_04723	CDS	1404	dnaA		COG0593	Chromosomal replication initiator protein DnaA
CHQ_1_04724	gene	198				
CHQ_1_04724	CDS	198				hypothetical protein
CHQ_1_04725	gene	1647	yidC			
CHQ_1_04725	CDS	1647	yidC			Membrane protein insertase YidC
CHQ_1_04726	gene	1365	mnmE			
CHQ_1_04726	CDS	1365	mnmE	3.6.-.-	COG0486	tRNA modification GTPase MnmE
CHQ_1_04727	gene	420				
CHQ_1_04727	CDS	420				hypothetical protein
CHQ_1_04728	gene	1185	mdtL			
CHQ_1_04728	CDS	1185	mdtL			Multidrug resistance protein MdtL
CHQ_1_04729	gene	960	yidZ			
CHQ_1_04729	CDS	960	yidZ			HTH-type transcriptional regulator YidZ
CHQ_1_04730	gene	729				
CHQ_1_04730	CDS	729				hypothetical protein
CHQ_1_04731	gene	567	chrR			
CHQ_1_04731	CDS	567	chrR	1.6.5.2	COG0431	Quinone reductase
CHQ_1_04732	gene	1338	adeP			
CHQ_1_04732	CDS	1338	adeP		COG2252	Adenine permease AdeP
CHQ_1_04733	gene	666	yieH			
CHQ_1_04733	CDS	666	yieH	3.1.3.-	COG0637	6-phosphogluconate phosphatase
CHQ_1_04734	gene	1167	axe1-6A			
CHQ_1_04734	CDS	1167	axe1-6A		COG2382	Carbohydrate acetyl esterase/feruloyl esterase
CHQ_1_04735	gene	1632	bglH_4			
CHQ_1_04735	CDS	1632	bglH_4		COG4580	Cryptic outer membrane porin BglH
CHQ_1_04736	gene	726	phoU			
CHQ_1_04736	CDS	726	phoU		COG0704	Phosphate-specific transport system accessory protein PhoU
CHQ_1_04737	gene	774	pstB			
CHQ_1_04737	CDS	774	pstB	7.3.2.1	COG1117	Phosphate import ATP-binding protein PstB
CHQ_1_04738	gene	891	pstA			
CHQ_1_04738	CDS	891	pstA		COG0581	Phosphate transport system permease protein PstA
CHQ_1_04739	gene	960	pstC			
CHQ_1_04739	CDS	960	pstC		COG0573	Phosphate transport system permease protein PstC
CHQ_1_04740	gene	1041	pstS			
CHQ_1_04740	CDS	1041	pstS		COG0226	Phosphate-binding protein PstS
CHQ_1_04741	gene	1830	glmS_2			
CHQ_1_04741	CDS	1830	glmS_2	2.6.1.16	COG0449	Glutamine--fructose-6-phosphate aminotransferase [isomerizing]
CHQ_1_04742	gene	1371	glmU			
CHQ_1_04742	CDS	1371	glmU		COG1207	Bifunctional protein GlmU
CHQ_1_04743	gene	420	atpC			
CHQ_1_04743	CDS	420	atpC		COG0355	ATP synthase epsilon chain
CHQ_1_04744	gene	1383	atpD			
CHQ_1_04744	CDS	1383	atpD	7.1.2.2	COG0055	ATP synthase subunit beta
CHQ_1_04745	gene	864	atpG			
CHQ_1_04745	CDS	864	atpG		COG0224	ATP synthase gamma chain
CHQ_1_04746	gene	1542	atpA			
CHQ_1_04746	CDS	1542	atpA	7.1.2.2		ATP synthase subunit alpha
CHQ_1_04747	gene	534	atpH			
CHQ_1_04747	CDS	534	atpH		COG0712	ATP synthase subunit delta
CHQ_1_04748	gene	471	atpF			
CHQ_1_04748	CDS	471	atpF		COG0711	ATP synthase subunit b
CHQ_1_04749	gene	240	atpE			
CHQ_1_04749	CDS	240	atpE		COG0636	ATP synthase subunit c
CHQ_1_04750	gene	816	atpB			
CHQ_1_04750	CDS	816	atpB		COG0356	ATP synthase subunit a
CHQ_1_04751	gene	381	atpI			
CHQ_1_04751	CDS	381	atpI		COG3312	ATP synthase protein I
CHQ_1_04752	gene	624	rsmG			
CHQ_1_04752	CDS	624	rsmG	2.1.1.170	COG0357	Ribosomal RNA small subunit methyltransferase G
CHQ_1_04753	gene	1890	mnmG			
CHQ_1_04753	CDS	1890	mnmG		COG0445	tRNA uridine 5-carboxymethylaminomethyl modification enzyme MnmG
CHQ_1_04754	gene	441	mioC			
CHQ_1_04754	CDS	441	mioC		COG0716	Protein MioC
CHQ_1_04755	gene	459	asnC			
CHQ_1_04755	CDS	459	asnC		COG1522	Regulatory protein AsnC
CHQ_1_04756	gene	993	asnA			
CHQ_1_04756	CDS	993	asnA	6.3.1.1	COG2502	Aspartate--ammonia ligase
CHQ_1_04757	gene	1449	viaA			
CHQ_1_04757	CDS	1449	viaA		COG2425	Protein ViaA
CHQ_1_04758	gene	1500	ravA			
CHQ_1_04758	CDS	1500	ravA	3.6.3.-	COG0714	ATPase RavA
CHQ_1_04759	gene	1869	kup			
CHQ_1_04759	CDS	1869	kup			Low affinity potassium transport system protein kup
CHQ_1_04760	gene	420	rbsD			
CHQ_1_04760	CDS	420	rbsD	5.4.99.62	COG1869	D-ribose pyranase
CHQ_1_04761	gene	1506	rbsA_4			
CHQ_1_04761	CDS	1506	rbsA_4	7.5.2.7	COG1129	Ribose import ATP-binding protein RbsA
CHQ_1_04762	gene	966	rbsC_7			
CHQ_1_04762	CDS	966	rbsC_7		COG1172	Ribose import permease protein RbsC
CHQ_1_04763	gene	891	rbsB_3			
CHQ_1_04763	CDS	891	rbsB_3		COG1879	Ribose import binding protein RbsB
CHQ_1_04764	gene	930	rbsK_2			
CHQ_1_04764	CDS	930	rbsK_2	2.7.1.15	COG0524	Ribokinase
CHQ_1_04765	gene	984	rbsR_3			
CHQ_1_04765	CDS	984	rbsR_3		COG1609	Ribose operon repressor
CHQ_1_04766	gene	1398	hsrA_3			
CHQ_1_04766	CDS	1398	hsrA_3			putative transport protein HsrA
CHQ_1_04767	gene	702	nanR_2			
CHQ_1_04767	CDS	702	nanR_2			HTH-type transcriptional repressor NanR
CHQ_1_04768	gene	303	chbA_4			
CHQ_1_04768	CDS	303	chbA_4		COG1447	PTS system N,N'-diacetylchitobiose-specific EIIA component
CHQ_1_04769	gene	1323	licC_5			
CHQ_1_04769	CDS	1323	licC_5		COG1455	Lichenan permease IIC component
CHQ_1_04770	gene	315	celA_2			
CHQ_1_04770	CDS	315	celA_2	2.7.1.205		PTS system cellobiose-specific EIIB component
CHQ_1_04771	gene	945				
CHQ_1_04771	CDS	945			COG1609	HTH-type transcriptional regulator
CHQ_1_04772	gene	1371	pcaK_2			
CHQ_1_04772	CDS	1371	pcaK_2		COG0477	4-hydroxybenzoate transporter PcaK
CHQ_1_04773	gene	1263	galA			
CHQ_1_04773	CDS	1263	galA	1.13.11.57		Gallate dioxygenase
CHQ_1_04774	gene	1227	hdfR_6			
CHQ_1_04774	CDS	1227	hdfR_6			HTH-type transcriptional regulator HdfR
CHQ_1_04775	gene	741	galB			
CHQ_1_04775	CDS	741	galB	4.2.1.83	COG2120	4-oxalmesaconate hydratase
CHQ_1_04776	gene	714	galC			
CHQ_1_04776	CDS	714	galC	4.1.3.17	COG0684	4-carboxy-4-hydroxy-2-oxoadipic acid aldolase
CHQ_1_04777	gene	1086	galD			
CHQ_1_04777	CDS	1086	galD	5.3.2.8	COG2828	4-oxalomesaconate tautomerase
CHQ_1_04778	gene	867				
CHQ_1_04778	CDS	867				hypothetical protein
CHQ_1_04779	gene	291				
CHQ_1_04779	CDS	291				hypothetical protein
CHQ_1_04780	gene	903	yicL			
CHQ_1_04780	CDS	903	yicL		COG0697	putative inner membrane transporter YicL
CHQ_1_04781	gene	1431	murP			
CHQ_1_04781	CDS	1431	murP		COG2190	PTS system N-acetylmuramic acid-specific EIIBC component
CHQ_1_04782	gene	903	murQ_2			
CHQ_1_04782	CDS	903	murQ_2	4.2.1.126	COG2103	N-acetylmuramic acid 6-phosphate etherase
CHQ_1_04783	gene	1164	bcr_3			
CHQ_1_04783	CDS	1164	bcr_3			Bicyclomycin resistance protein
CHQ_1_04784	gene	1365	oprM_2			
CHQ_1_04784	CDS	1365	oprM_2		COG1538	Outer membrane protein OprM
CHQ_1_04785	gene	3108	mexB_2			
CHQ_1_04785	CDS	3108	mexB_2		COG0841	Multidrug resistance protein MexB
CHQ_1_04786	gene	1125	mexA			
CHQ_1_04786	CDS	1125	mexA			Multidrug resistance protein MexA
CHQ_1_04787	gene	417				
CHQ_1_04787	CDS	417		2.3.1.-		Acetyltransferase
CHQ_1_04788	gene	579				
CHQ_1_04788	CDS	579				hypothetical protein
CHQ_1_04789	gene	648	betI_5			
CHQ_1_04789	CDS	648	betI_5			HTH-type transcriptional regulator BetI
CHQ_1_04790	gene	1494	bmr3			
CHQ_1_04790	CDS	1494	bmr3			Multidrug resistance protein 3
CHQ_1_04791	gene	915	dmlR_15			
CHQ_1_04791	CDS	915	dmlR_15			HTH-type transcriptional regulator DmlR
CHQ_1_04792	gene	633				
CHQ_1_04792	CDS	633				hypothetical protein
CHQ_1_04793	gene	471				
CHQ_1_04793	CDS	471				hypothetical protein
CHQ_1_04794	gene	537				
CHQ_1_04794	CDS	537				hypothetical protein
CHQ_1_04795	gene	906	mtrA			
CHQ_1_04795	CDS	906	mtrA			HTH-type transcriptional regulator MtrA
CHQ_1_04796	gene	810	nlpA			
CHQ_1_04796	CDS	810	nlpA		COG1464	Lipoprotein 28
CHQ_1_04797	gene	855				
CHQ_1_04797	CDS	855				hypothetical protein
CHQ_1_04798	gene	561	rppH_2			
CHQ_1_04798	CDS	561	rppH_2	3.6.1.-		RNA pyrophosphohydrolase
CHQ_1_04799	gene	780				
CHQ_1_04799	CDS	780				hypothetical protein
CHQ_1_04800	gene	954	cdhR			
CHQ_1_04800	CDS	954	cdhR		COG4977	HTH-type transcriptional regulator CdhR
CHQ_1_04801	gene	1050	yahK			
CHQ_1_04801	CDS	1050	yahK	1.1.1.2	COG1064	Aldehyde reductase YahK
CHQ_1_04802	gene	291	ycnE			
CHQ_1_04802	CDS	291	ycnE	1.-.-.-	COG1359	Putative monooxygenase YcnE
CHQ_1_04803	gene	1008				
CHQ_1_04803	CDS	1008				Zinc-type alcohol dehydrogenase-like protein
CHQ_1_04804	gene	468				
CHQ_1_04804	CDS	468				hypothetical protein
CHQ_1_04805	gene	95				
CHQ_1_04805	tRNA	95				tRNA-SeC(tca)
CHQ_1_04806	gene	1395	yicJ_3			
CHQ_1_04806	CDS	1395	yicJ_3		COG2211	Inner membrane symporter YicJ
CHQ_1_04807	gene	2319	yicI			
CHQ_1_04807	CDS	2319	yicI	3.2.1.177	COG1501	Alpha-xylosidase
CHQ_1_04808	gene	723				
CHQ_1_04808	CDS	723				hypothetical protein
CHQ_1_04809	gene	1380	pagL			
CHQ_1_04809	CDS	1380	pagL	3.2.1.-	COG1486	Phospho-alpha-glucosidase PagL
CHQ_1_04810	gene	1560	malP_5			
CHQ_1_04810	CDS	1560	malP_5		COG1263	PTS system maltose-specific EIICB component
CHQ_1_04811	gene	1716				
CHQ_1_04811	CDS	1716				hypothetical protein
CHQ_1_04812	gene	1392	xanP_2			
CHQ_1_04812	CDS	1392	xanP_2		COG2233	Xanthine permease XanP
CHQ_1_04813	gene	1203	gltS			
CHQ_1_04813	CDS	1203	gltS		COG0786	Sodium/glutamate symporter
CHQ_1_04814	gene	1512	glpK			
CHQ_1_04814	CDS	1512	glpK	2.7.1.30	COG0554	Glycerol kinase
CHQ_1_04815	gene	852	glpF			
CHQ_1_04815	CDS	852	glpF		COG0580	Glycerol uptake facilitator protein
CHQ_1_04816	gene	240	zapB			
CHQ_1_04816	CDS	240	zapB		COG3074	Cell division protein ZapB
CHQ_1_04817	gene	990	sbp			
CHQ_1_04817	CDS	990	sbp		COG1613	Sulfate-binding protein
CHQ_1_04818	gene	765	cdh			
CHQ_1_04818	CDS	765	cdh	3.6.1.26	COG2134	CDP-diacylglycerol pyrophosphatase
CHQ_1_04819	gene	1305				
CHQ_1_04819	CDS	1305				hypothetical protein
CHQ_1_04820	gene	768	tpiA			
CHQ_1_04820	CDS	768	tpiA	5.3.1.1	COG0149	Triosephosphate isomerase
CHQ_1_04821	gene	600				
CHQ_1_04821	CDS	600				hypothetical protein
CHQ_1_04822	gene	429				
CHQ_1_04822	CDS	429				hypothetical protein
CHQ_1_04823	gene	747	fpr			
CHQ_1_04823	CDS	747	fpr	1.18.1.2	COG1018	Flavodoxin/ferredoxin--NADP reductase
CHQ_1_04824	gene	1011	glpX			
CHQ_1_04824	CDS	1011	glpX	3.1.3.11	COG1494	Fructose-1,6-bisphosphatase 1 class 2
CHQ_1_04825	gene	2082	recG			
CHQ_1_04825	CDS	2082	recG	3.6.4.12	COG1200	ATP-dependent DNA helicase RecG
CHQ_1_04826	gene	690	trmH_2			
CHQ_1_04826	CDS	690	trmH_2	2.1.1.34	COG0566	tRNA (guanosine(18)-2'-O)-methyltransferase
CHQ_1_04827	gene	2121	spoT			
CHQ_1_04827	CDS	2121	spoT		COG0317	Bifunctional (p)ppGpp synthase/hydrolase SpoT
CHQ_1_04828	gene	276	rpoZ			
CHQ_1_04828	CDS	276	rpoZ	2.7.7.6	COG1758	DNA-directed RNA polymerase subunit omega
CHQ_1_04829	gene	624	gmk			
CHQ_1_04829	CDS	624	gmk	2.7.4.8	COG0194	Guanylate kinase
CHQ_1_04830	gene	1677	ligB			
CHQ_1_04830	CDS	1677	ligB	6.5.1.2	COG0272	DNA ligase B
CHQ_1_04831	gene	618				
CHQ_1_04831	CDS	618				hypothetical protein
CHQ_1_04832	gene	1260	clcB_2			
CHQ_1_04832	CDS	1260	clcB_2			Voltage-gated ClC-type chloride channel ClcB
CHQ_1_04833	gene	864				
CHQ_1_04833	CDS	864				hypothetical protein
CHQ_1_04834	gene	717	rph			
CHQ_1_04834	CDS	717	rph	2.7.7.56		Ribonuclease PH
CHQ_1_04835	gene	642	pyrE			
CHQ_1_04835	CDS	642	pyrE	2.4.2.10	COG0461	Orotate phosphoribosyltransferase
CHQ_1_04836	gene	597	slmA			
CHQ_1_04836	CDS	597	slmA			Nucleoid occlusion factor SlmA
CHQ_1_04837	gene	459	dut			
CHQ_1_04837	CDS	459	dut	3.6.1.23	COG0756	Deoxyuridine 5'-triphosphate nucleotidohydrolase
CHQ_1_04838	gene	1218	coaBC			
CHQ_1_04838	CDS	1218	coaBC		COG0452	Coenzyme A biosynthesis bifunctional protein CoaBC
CHQ_1_04839	gene	666				
CHQ_1_04839	CDS	666				hypothetical protein
CHQ_1_04840	gene	237	rpmB			
CHQ_1_04840	CDS	237	rpmB		COG0227	50S ribosomal protein L28
CHQ_1_04841	gene	168	rpmG			
CHQ_1_04841	CDS	168	rpmG		COG0267	50S ribosomal protein L33
CHQ_1_04842	gene	810	mutM			
CHQ_1_04842	CDS	810	mutM	3.2.2.23	COG0266	Formamidopyrimidine-DNA glycosylase
CHQ_1_04843	gene	480	coaD			
CHQ_1_04843	CDS	480	coaD	2.7.7.3	COG0669	Phosphopantetheine adenylyltransferase
CHQ_1_04844	gene	777				
CHQ_1_04844	CDS	777				hypothetical protein
CHQ_1_04845	gene	1275	waaA			
CHQ_1_04845	CDS	1275	waaA	2.4.99.12	COG1519	3-deoxy-D-manno-octulosonic acid transferase
CHQ_1_04846	gene	990				
CHQ_1_04846	CDS	990				hypothetical protein
CHQ_1_04847	gene	1095	pglJ			
CHQ_1_04847	CDS	1095	pglJ	2.4.1.291	COG0438	N-acetylgalactosamine-N,N'-diacetylbacillosaminyl-diphospho-undecaprenol 4-alpha-N-acetylgalactosaminyltransferase
CHQ_1_04848	gene	1128	rfaG			
CHQ_1_04848	CDS	1128	rfaG	2.4.-.-		Lipopolysaccharide core biosynthesis protein RfaG
CHQ_1_04849	gene	1077	rfaQ			
CHQ_1_04849	CDS	1077	rfaQ	2.-.-.-	COG0859	Lipopolysaccharide core heptosyltransferase RfaQ
CHQ_1_04850	gene	963				
CHQ_1_04850	CDS	963				hypothetical protein
CHQ_1_04851	gene	1080				
CHQ_1_04851	CDS	1080				hypothetical protein
CHQ_1_04852	gene	1170				
CHQ_1_04852	CDS	1170				hypothetical protein
CHQ_1_04853	gene	909				
CHQ_1_04853	CDS	909				hypothetical protein
CHQ_1_04854	gene	972	rfaC			
CHQ_1_04854	CDS	972	rfaC	2.-.-.-	COG0859	Lipopolysaccharide heptosyltransferase 1
CHQ_1_04855	gene	1059	rfaF			
CHQ_1_04855	CDS	1059	rfaF	2.-.-.-	COG0859	ADP-heptose--LPS heptosyltransferase 2
CHQ_1_04856	gene	933	hldD			
CHQ_1_04856	CDS	933	hldD	5.1.3.20	COG0451	ADP-L-glycero-D-manno-heptose-6-epimerase
CHQ_1_04857	gene	1194	kbl			
CHQ_1_04857	CDS	1194	kbl	2.3.1.29	COG0156	2-amino-3-ketobutyrate coenzyme A ligase
CHQ_1_04858	gene	1026	tdh			
CHQ_1_04858	CDS	1026	tdh	1.1.1.103	COG1063	L-threonine 3-dehydrogenase
CHQ_1_04859	gene	789				
CHQ_1_04859	CDS	789				hypothetical protein
CHQ_1_04860	gene	957				
CHQ_1_04860	CDS	957				hypothetical protein
CHQ_1_04861	gene	1272	envC			
CHQ_1_04861	CDS	1272	envC		COG4942	Murein hydrolase activator EnvC
CHQ_1_04862	gene	1545	gpmI			
CHQ_1_04862	CDS	1545	gpmI	5.4.2.12	COG0696	2,3-bisphosphoglycerate-independent phosphoglycerate mutase
CHQ_1_04863	gene	432	yibN			
CHQ_1_04863	CDS	432	yibN		COG0607	putative protein YibN
CHQ_1_04864	gene	252	grxC			
CHQ_1_04864	CDS	252	grxC		COG0695	Glutaredoxin 3
CHQ_1_04865	gene	468	secB			
CHQ_1_04865	CDS	468	secB		COG1952	Protein-export protein SecB
CHQ_1_04866	gene	1020	gpsA			
CHQ_1_04866	CDS	1020	gpsA	1.1.1.94	COG0240	Glycerol-3-phosphate dehydrogenase [NAD(P)+]
CHQ_1_04867	gene	822	cysE			
CHQ_1_04867	CDS	822	cysE	2.3.1.30	COG1045	Serine acetyltransferase
CHQ_1_04868	gene	474	trmL			
CHQ_1_04868	CDS	474	trmL	2.1.1.207	COG0219	tRNA (cytidine(34)-2'-O)-methyltransferase
CHQ_1_04869	gene	1185	lldD_2			
CHQ_1_04869	CDS	1185	lldD_2	1.1.-.-	COG1304	L-lactate dehydrogenase
CHQ_1_04870	gene	774	lldR_3			
CHQ_1_04870	CDS	774	lldR_3		COG2186	Putative L-lactate dehydrogenase operon regulatory protein
CHQ_1_04871	gene	1656	lldP			
CHQ_1_04871	CDS	1656	lldP		COG1620	L-lactate permease
CHQ_1_04872	gene	363	yibL			
CHQ_1_04872	CDS	363	yibL			putative protein YibL
CHQ_1_04873	gene	225	glgS_2			
CHQ_1_04873	CDS	225	glgS_2			Surface composition regulator
CHQ_1_04874	gene	600	mtlR			
CHQ_1_04874	CDS	600	mtlR		COG3722	Mannitol operon repressor
CHQ_1_04875	gene	1149	mtlD			
CHQ_1_04875	CDS	1149	mtlD	1.1.1.17	COG0246	Mannitol-1-phosphate 5-dehydrogenase
CHQ_1_04876	gene	1908	mtlA			
CHQ_1_04876	CDS	1908	mtlA		COG2213	PTS system mannitol-specific EIICBA component
CHQ_1_04877	gene	369	yiaW_3			
CHQ_1_04877	CDS	369	yiaW_3			Inner membrane protein YiaW
CHQ_1_04878	gene	1137	yibH_2			
CHQ_1_04878	CDS	1137	yibH_2		COG1566	Inner membrane protein YibH
CHQ_1_04879	gene	609	yibF			
CHQ_1_04879	CDS	609	yibF		COG0625	putative GST-like protein YibF
CHQ_1_04880	gene	1389	selA			
CHQ_1_04880	CDS	1389	selA	2.9.1.1	COG1921	L-seryl-tRNA(Sec) selenium transferase
CHQ_1_04881	gene	1842	selB			
CHQ_1_04881	CDS	1842	selB		COG3276	Selenocysteine-specific elongation factor
CHQ_1_04882	gene	1950	hypBA1			
CHQ_1_04882	CDS	1950	hypBA1	3.2.1.185		Non-reducing end beta-L-arabinofuranosidase
CHQ_1_04883	gene	1401	yicJ_4			
CHQ_1_04883	CDS	1401	yicJ_4		COG2211	Inner membrane symporter YicJ
CHQ_1_04884	gene	816	rhaR_7			
CHQ_1_04884	CDS	816	rhaR_7			HTH-type transcriptional activator RhaR
CHQ_1_04885	gene	486	hyfA_2			
CHQ_1_04885	CDS	486	hyfA_2	1.-.-.-	COG1142	Hydrogenase-4 component A
CHQ_1_04886	gene	1257	avtA			
CHQ_1_04886	CDS	1257	avtA	2.6.1.66	COG3977	Valine--pyruvate aminotransferase
CHQ_1_04887	gene	2034	malS			
CHQ_1_04887	CDS	2034	malS	3.2.1.1	COG0366	Periplasmic alpha-amylase
CHQ_1_04888	gene	564				
CHQ_1_04888	CDS	564				hypothetical protein
CHQ_1_04889	gene	1179	xylR			
CHQ_1_04889	CDS	1179	xylR			Xylose operon regulatory protein
CHQ_1_04890	gene	1182	xylH			
CHQ_1_04890	CDS	1182	xylH		COG4214	Xylose transport system permease protein XylH
CHQ_1_04891	gene	1542	xylG_2			
CHQ_1_04891	CDS	1542	xylG_2	7.5.2.10	COG1129	Xylose import ATP-binding protein XylG
CHQ_1_04892	gene	996	xylF			
CHQ_1_04892	CDS	996	xylF		COG4213	D-xylose-binding periplasmic protein
CHQ_1_04893	gene	1323	xylA_2			
CHQ_1_04893	CDS	1323	xylA_2	5.3.1.5		Xylose isomerase
CHQ_1_04894	gene	1455	xylB_2			
CHQ_1_04894	CDS	1455	xylB_2	2.7.1.17	COG1070	Xylulose kinase
CHQ_1_04895	gene	372	yiaB			
CHQ_1_04895	CDS	372	yiaB		COG4682	Inner membrane protein YiaB
CHQ_1_04896	gene	996	wecH			
CHQ_1_04896	CDS	996	wecH	2.3.1.-	COG3274	O-acetyltransferase WecH
CHQ_1_04897	gene	303				
CHQ_1_04897	CDS	303				hypothetical protein
CHQ_1_04898	gene	912	glyQ			
CHQ_1_04898	CDS	912	glyQ	6.1.1.14	COG0752	Glycine--tRNA ligase alpha subunit
CHQ_1_04899	gene	2070	glyS			
CHQ_1_04899	CDS	2070	glyS	6.1.1.14	COG0751	Glycine--tRNA ligase beta subunit
CHQ_1_04900	gene	153	hokA			
CHQ_1_04900	CDS	153	hokA			Protein HokA
CHQ_1_04901	gene	1620	yheS_3			
CHQ_1_04901	CDS	1620	yheS_3		COG0488	putative ABC transporter ATP-binding protein YheS
CHQ_1_04902	gene	213	cspA			
CHQ_1_04902	CDS	213	cspA		COG1278	Cold shock protein CspA
CHQ_1_04903	gene	291				
CHQ_1_04903	CDS	291				hypothetical protein
CHQ_1_04904	gene	1356	pcaK_3			
CHQ_1_04904	CDS	1356	pcaK_3		COG0477	4-hydroxybenzoate transporter PcaK
CHQ_1_04905	gene	711				
CHQ_1_04905	CDS	711				hypothetical protein
CHQ_1_04906	gene	972	ghrB			
CHQ_1_04906	CDS	972	ghrB	1.1.1.79	COG1052	Glyoxylate/hydroxypyruvate reductase B
CHQ_1_04907	gene	1281	ttuB_4			
CHQ_1_04907	CDS	1281	ttuB_4			Putative tartrate transporter
CHQ_1_04908	gene	936	kdgK_1			
CHQ_1_04908	CDS	936	kdgK_1	2.7.1.45	COG0524	2-dehydro-3-deoxygluconokinase
CHQ_1_04909	gene	750				
CHQ_1_04909	CDS	750				hypothetical protein
CHQ_1_04910	gene	1017	kdgR_2			
CHQ_1_04910	CDS	1017	kdgR_2		COG1609	HTH-type transcriptional regulator KdgR
CHQ_1_04911	gene	663	yiaD			
CHQ_1_04911	CDS	663	yiaD		COG2885	putative lipoprotein YiaD
CHQ_1_04912	gene	2331	bisC			
CHQ_1_04912	CDS	2331	bisC	1.-.-.-	COG0243	Biotin sulfoxide reductase
CHQ_1_04913	gene	441	yiaC			
CHQ_1_04913	CDS	441	yiaC	2.3.1.-	COG0454	Peptidyl-lysine N-acetyltransferase YiaC
CHQ_1_04914	gene	582	tag			
CHQ_1_04914	CDS	582	tag	3.2.2.20	COG2818	DNA-3-methyladenine glycosylase 1
CHQ_1_04915	gene	645				
CHQ_1_04915	CDS	645				hypothetical protein
CHQ_1_04916	gene	1206	yhjX			
CHQ_1_04916	CDS	1206	yhjX			putative MFS-type transporter YhjX
CHQ_1_04917	gene	1674	eptB			
CHQ_1_04917	CDS	1674	eptB	2.7.8.42	COG2194	Kdo(2)-lipid A phosphoethanolamine 7''-transferase
CHQ_1_04918	gene	1395				
CHQ_1_04918	CDS	1395				hypothetical protein
CHQ_1_04919	gene	77				
CHQ_1_04919	tRNA	77				tRNA-Pro(cgg)
CHQ_1_04920	gene	1608	dppA_3			
CHQ_1_04920	CDS	1608	dppA_3		COG0747	Periplasmic dipeptide transport protein
CHQ_1_04921	gene	1020	dppB_3			
CHQ_1_04921	CDS	1020	dppB_3		COG0601	Dipeptide transport system permease protein DppB
CHQ_1_04922	gene	903	dppC			
CHQ_1_04922	CDS	903	dppC		COG1173	Dipeptide transport system permease protein DppC
CHQ_1_04923	gene	984	dppD_2			
CHQ_1_04923	CDS	984	dppD_2		COG0444	Dipeptide transport ATP-binding protein DppD
CHQ_1_04924	gene	1014	oppF_4			
CHQ_1_04924	CDS	1014	oppF_4		COG4608	Oligopeptide transport ATP-binding protein OppF
CHQ_1_04925	gene	537				
CHQ_1_04925	CDS	537				hypothetical protein
CHQ_1_04926	gene	804	bcsQ_1			
CHQ_1_04926	CDS	804	bcsQ_1			Cellulose biosynthesis protein BcsQ
CHQ_1_04927	gene	2112	acsAB_2			
CHQ_1_04927	CDS	2112	acsAB_2		COG1215	Cellulose synthase 1
CHQ_1_04928	gene	2436	bcsB_1			
CHQ_1_04928	CDS	2436	bcsB_1			Cyclic di-GMP-binding protein
CHQ_1_04929	gene	4053	bepA_2			
CHQ_1_04929	CDS	4053	bepA_2	3.4.-.-		Beta-barrel assembly-enhancing protease
CHQ_1_04930	gene	477				
CHQ_1_04930	CDS	477				hypothetical protein
CHQ_1_04931	gene	1002				
CHQ_1_04931	CDS	1002		3.2.1.4		Endoglucanase
CHQ_1_04932	gene	1677	bcsG			
CHQ_1_04932	CDS	1677	bcsG			Cellulose biosynthesis protein BcsG
CHQ_1_04933	gene	198				
CHQ_1_04933	CDS	198				hypothetical protein
CHQ_1_04934	gene	1554	bcsE			
CHQ_1_04934	CDS	1554	bcsE			Cyclic di-GMP binding protein BcsE
CHQ_1_04935	gene	189	yhjR			
CHQ_1_04935	CDS	189	yhjR			Protein YhjR
CHQ_1_04936	gene	732	bcsQ_2			
CHQ_1_04936	CDS	732	bcsQ_2			Cellulose biosynthesis protein BcsQ
CHQ_1_04937	gene	2619	bcsA			
CHQ_1_04937	CDS	2619	bcsA	2.4.1.12	COG1215	Cellulose synthase catalytic subunit [UDP-forming]
CHQ_1_04938	gene	2325	bcsB_2			
CHQ_1_04938	CDS	2325	bcsB_2			Cyclic di-GMP-binding protein
CHQ_1_04939	gene	1110	bcsZ			
CHQ_1_04939	CDS	1110	bcsZ	3.2.1.4	COG3405	Endoglucanase
CHQ_1_04940	gene	3480	bcsC			
CHQ_1_04940	CDS	3480	bcsC		COG0457	Cellulose synthase operon protein C
CHQ_1_04941	gene	2007	pdeK			
CHQ_1_04941	CDS	2007	pdeK	3.1.4.52		putative cyclic di-GMP phosphodiesterase PdeK
CHQ_1_04942	gene	1287	dctA_2			
CHQ_1_04942	CDS	1287	dctA_2		COG1301	Aerobic C4-dicarboxylate transport protein
CHQ_1_04943	gene	1512	yhjJ			
CHQ_1_04943	CDS	1512	yhjJ		COG0612	Protein YhjJ
CHQ_1_04944	gene	930	kdgK_2			
CHQ_1_04944	CDS	930	kdgK_2	2.7.1.45		2-dehydro-3-deoxygluconokinase
CHQ_1_04945	gene	2052				
CHQ_1_04945	CDS	2052				hypothetical protein
CHQ_1_04946	gene	1323	yhjE			
CHQ_1_04946	CDS	1323	yhjE			Inner membrane metabolite transport protein YhjE
CHQ_1_04947	gene	1032	yhjD			
CHQ_1_04947	CDS	1032	yhjD		COG1295	Inner membrane protein YhjD
CHQ_1_04948	gene	900	dmlR_16			
CHQ_1_04948	CDS	900	dmlR_16			HTH-type transcriptional regulator DmlR
CHQ_1_04949	gene	759	fabG_10			
CHQ_1_04949	CDS	759	fabG_10	1.1.1.100		3-oxoacyl-[acyl-carrier-protein] reductase FabG
CHQ_1_04950	gene	534				
CHQ_1_04950	CDS	534				hypothetical protein
CHQ_1_04951	gene	1653	treF			
CHQ_1_04951	CDS	1653	treF	3.2.1.28	COG1626	Cytoplasmic trehalase
CHQ_1_04952	gene	1194	adh1			
CHQ_1_04952	CDS	1194	adh1	1.1.1.192	COG1454	Long-chain-alcohol dehydrogenase 1
CHQ_1_04953	gene	624	gstB_5			
CHQ_1_04953	CDS	624	gstB_5	2.5.1.18	COG0625	Glutathione S-transferase GstB
CHQ_1_04954	gene	1353	gor			
CHQ_1_04954	CDS	1353	gor	1.8.1.7	COG1249	Glutathione reductase
CHQ_1_04955	gene	843	rlmJ			
CHQ_1_04955	CDS	843	rlmJ	2.1.1.266	COG2961	Ribosomal RNA large subunit methyltransferase J
CHQ_1_04956	gene	1272				
CHQ_1_04956	CDS	1272				hypothetical protein
CHQ_1_04957	gene	2043	prlC			
CHQ_1_04957	CDS	2043	prlC	3.4.24.70	COG0339	Oligopeptidase A
CHQ_1_04958	gene	795	rsmJ			
CHQ_1_04958	CDS	795	rsmJ	2.1.1.242		Ribosomal RNA small subunit methyltransferase J
CHQ_1_04959	gene	1473	dtpB			
CHQ_1_04959	CDS	1473	dtpB		COG3104	Dipeptide and tripeptide permease B
CHQ_1_04960	gene	438	uspA			
CHQ_1_04960	CDS	438	uspA		COG0589	Universal stress protein A
CHQ_1_04961	gene	336	uspB			
CHQ_1_04961	CDS	336	uspB			Universal stress protein B
CHQ_1_04962	gene	1497	pitA			
CHQ_1_04962	CDS	1497	pitA		COG0306	Low-affinity inorganic phosphate transporter 1
CHQ_1_04963	gene	1149				
CHQ_1_04963	CDS	1149			COG2081	putative protein
CHQ_1_04964	gene	1884	norR_5			
CHQ_1_04964	CDS	1884	norR_5			Anaerobic nitric oxide reductase transcription regulator NorR
CHQ_1_04965	gene	1164				
CHQ_1_04965	CDS	1164		3.1.1.-	COG3964	Deacetylase
CHQ_1_04966	gene	1395	ybhI			
CHQ_1_04966	CDS	1395	ybhI		COG0471	Inner membrane protein YbhI
CHQ_1_04967	gene	699	proA_3			
CHQ_1_04967	CDS	699	proA_3	4.1.3.16		4-hydroxy-4-methyl-2-oxoglutarate aldolase/4-carboxy-4-hydroxy-2-oxoadipate aldolase
CHQ_1_04968	gene	954				
CHQ_1_04968	CDS	954		1.1.1.81	COG0111	Hydroxypyruvate reductase
CHQ_1_04969	gene	276				
CHQ_1_04969	CDS	276				hypothetical protein
CHQ_1_04970	gene	498				
CHQ_1_04970	CDS	498			COG2239	Magnesium transporter MgtE
CHQ_1_04971	gene	552	ydjA			
CHQ_1_04971	CDS	552	ydjA	1.-.-.-	COG0778	Putative NAD(P)H nitroreductase YdjA
CHQ_1_04972	gene	1854	sppA			
CHQ_1_04972	CDS	1854	sppA	3.4.21.-	COG0616	Protease 4
CHQ_1_04973	gene	1020	ansA			
CHQ_1_04973	CDS	1020	ansA	3.5.1.1	COG0252	L-asparaginase 1
CHQ_1_04974	gene	642	pncA			
CHQ_1_04974	CDS	642	pncA	3.5.1.19	COG1335	Nicotinamidase
CHQ_1_04975	gene	1254	chiA1			
CHQ_1_04975	CDS	1254	chiA1	3.2.1.14		Chitinase A1
CHQ_1_04976	gene	345				
CHQ_1_04976	CDS	345				hypothetical protein
CHQ_1_04977	gene	279				
CHQ_1_04977	CDS	279				hypothetical protein
CHQ_1_04978	gene	414	msrB			
CHQ_1_04978	CDS	414	msrB	1.8.4.12	COG0229	Peptide methionine sulfoxide reductase MsrB
CHQ_1_04979	gene	996	gapA			
CHQ_1_04979	CDS	996	gapA	1.2.1.12	COG0057	Glyceraldehyde-3-phosphate dehydrogenase A
CHQ_1_04980	gene	885	yeaD			
CHQ_1_04980	CDS	885	yeaD	5.1.3.15	COG0676	Putative glucose-6-phosphate 1-epimerase
CHQ_1_04981	gene	855				
CHQ_1_04981	CDS	855				hypothetical protein
CHQ_1_04982	gene	747	mipA			
CHQ_1_04982	CDS	747	mipA		COG3713	MltA-interacting protein
CHQ_1_04983	gene	1935				
CHQ_1_04983	CDS	1935				hypothetical protein
CHQ_1_04984	gene	1287				
CHQ_1_04984	CDS	1287				hypothetical protein
CHQ_1_04985	gene	483	gpx1			
CHQ_1_04985	CDS	483	gpx1	1.11.1.22		Hydroperoxy fatty acid reductase gpx1
CHQ_1_04986	gene	561				
CHQ_1_04986	CDS	561				hypothetical protein
CHQ_1_04987	gene	312				
CHQ_1_04987	CDS	312				hypothetical protein
CHQ_1_04988	gene	882	dmlR_17			
CHQ_1_04988	CDS	882	dmlR_17			HTH-type transcriptional regulator DmlR
CHQ_1_04989	gene	1191	sotB_3			
CHQ_1_04989	CDS	1191	sotB_3			Sugar efflux transporter B
CHQ_1_04990	gene	1017				
CHQ_1_04990	CDS	1017				hypothetical protein
CHQ_1_04991	gene	729	glnQ_9			
CHQ_1_04991	CDS	729	glnQ_9		COG1126	Glutamine transport ATP-binding protein GlnQ
CHQ_1_04992	gene	657	glnP_3			
CHQ_1_04992	CDS	657	glnP_3		COG0765	Glutamine transport system permease protein GlnP
CHQ_1_04993	gene	753	glnH_5			
CHQ_1_04993	CDS	753	glnH_5		COG0834	Glutamine-binding periplasmic protein
CHQ_1_04994	gene	555				
CHQ_1_04994	CDS	555				hypothetical protein
CHQ_1_04995	gene	1329				
CHQ_1_04995	CDS	1329		2.6.1.-	COG0161	putative aminotransferase
CHQ_1_04996	gene	858	hexR_4			
CHQ_1_04996	CDS	858	hexR_4		COG1737	HTH-type transcriptional regulator HexR
CHQ_1_04997	gene	909	dmlR_18			
CHQ_1_04997	CDS	909	dmlR_18			HTH-type transcriptional regulator DmlR
CHQ_1_04998	gene	1110	nemA_2			
CHQ_1_04998	CDS	1110	nemA_2	1.3.1.-	COG1902	N-ethylmaleimide reductase
CHQ_1_04999	gene	594				
CHQ_1_04999	CDS	594				hypothetical protein
CHQ_1_05000	gene	750	butA			
CHQ_1_05000	CDS	750	butA	1.1.1.304		Diacetyl reductase [(S)-acetoin forming]
CHQ_1_05001	gene	906	pgrR_8			
CHQ_1_05001	CDS	906	pgrR_8			HTH-type transcriptional regulator PgrR
CHQ_1_05002	gene	1266	umuC_2			
CHQ_1_05002	CDS	1266	umuC_2		COG0389	Protein UmuC
CHQ_1_05003	gene	420	umuD_2			
CHQ_1_05003	CDS	420	umuD_2	3.4.21.-	COG1974	Protein UmuD
CHQ_1_05004	gene	243				
CHQ_1_05004	CDS	243				hypothetical protein
CHQ_1_05005	gene	1140				
CHQ_1_05005	CDS	1140				hypothetical protein
CHQ_1_05006	gene	501				
CHQ_1_05006	CDS	501				hypothetical protein
CHQ_1_05007	gene	447				
CHQ_1_05007	CDS	447				hypothetical protein
CHQ_1_05008	gene	792	nimR_4			
CHQ_1_05008	CDS	792	nimR_4			HTH-type transcriptional regulator NimR
CHQ_1_05009	gene	1185	nimT			
CHQ_1_05009	CDS	1185	nimT		COG2807	2-nitroimidazole transporter
CHQ_1_05010	gene	693	pyrG_2			
CHQ_1_05010	CDS	693	pyrG_2	6.3.4.2		CTP synthase
CHQ_1_05011	gene	510				
CHQ_1_05011	CDS	510				hypothetical protein
CHQ_1_05012	gene	357				
CHQ_1_05012	CDS	357				hypothetical protein
CHQ_1_05013	gene	240				
CHQ_1_05013	CDS	240				hypothetical protein
CHQ_1_05014	gene	1014	dgcP			
CHQ_1_05014	CDS	1014	dgcP	2.7.7.65	COG2203	Diguanylate cyclase DgcP
CHQ_1_05015	gene	102	yoaK			
CHQ_1_05015	CDS	102	yoaK			putative membrane protein YoaK
CHQ_1_05016	gene	264				
CHQ_1_05016	CDS	264				hypothetical protein
CHQ_1_05017	gene	639	leuE_2			
CHQ_1_05017	CDS	639	leuE_2		COG1280	Leucine efflux protein
CHQ_1_05018	gene	915	lpxP			
CHQ_1_05018	CDS	915	lpxP	2.3.1.242	COG1560	Lipid A biosynthesis palmitoleoyltransferase
CHQ_1_05019	gene	1044	ansB			
CHQ_1_05019	CDS	1044	ansB	3.5.1.1		L-asparaginase
CHQ_1_05020	gene	1209				
CHQ_1_05020	CDS	1209		3.1.4.-	COG2206	3'3'-cGAMP-specific phosphodiesterase 1
CHQ_1_05021	gene	1785				
CHQ_1_05021	CDS	1785				hypothetical protein
CHQ_1_05022	gene	900	gltC_4			
CHQ_1_05022	CDS	900	gltC_4			HTH-type transcriptional regulator GltC
CHQ_1_05023	gene	1503	lpdC			
CHQ_1_05023	CDS	1503	lpdC	4.1.1.59	COG0043	Gallate decarboxylase
CHQ_1_05024	gene	411				
CHQ_1_05024	CDS	411				hypothetical protein
CHQ_1_05025	gene	687	pdeH_2			
CHQ_1_05025	CDS	687	pdeH_2	3.1.4.52		Cyclic di-GMP phosphodiesterase PdeH
CHQ_1_05026	gene	633				
CHQ_1_05026	CDS	633				hypothetical protein
CHQ_1_05027	gene	105				
CHQ_1_05027	CDS	105				hypothetical protein
CHQ_1_05028	gene	198				
CHQ_1_05028	CDS	198				hypothetical protein
CHQ_1_05029	gene	1011	cydB_3			
CHQ_1_05029	CDS	1011	cydB_3	7.1.1.7	COG1294	Cytochrome bd-I ubiquinol oxidase subunit 2
CHQ_1_05030	gene	1422	cydA_3			
CHQ_1_05030	CDS	1422	cydA_3	1.10.3.-	COG1271	Cytochrome bd ubiquinol oxidase subunit 1
CHQ_1_05031	gene	888				
CHQ_1_05031	CDS	888				hypothetical protein
CHQ_1_05032	gene	507	yciE_2			
CHQ_1_05032	CDS	507	yciE_2		COG3685	Protein YciE
CHQ_1_05033	gene	495	yciF			
CHQ_1_05033	CDS	495	yciF		COG3685	Protein YciF
CHQ_1_05034	gene	186				
CHQ_1_05034	CDS	186				hypothetical protein
CHQ_1_05035	gene	1194				
CHQ_1_05035	CDS	1194		1.1.1.1	COG1063	putative zinc-binding alcohol dehydrogenase
CHQ_1_05036	gene	228				
CHQ_1_05036	CDS	228				hypothetical protein
CHQ_1_05037	gene	546				
CHQ_1_05037	CDS	546				hypothetical protein
CHQ_1_05038	gene	642				
CHQ_1_05038	CDS	642			COG1802	putative HTH-type transcriptional regulator
CHQ_1_05039	gene	474				
CHQ_1_05039	CDS	474				hypothetical protein
CHQ_1_05040	gene	324	yqjZ			
CHQ_1_05040	CDS	324	yqjZ		COG2329	putative protein YqjZ
CHQ_1_05041	gene	393				
CHQ_1_05041	CDS	393				hypothetical protein
CHQ_1_05042	gene	714				
CHQ_1_05042	CDS	714				hypothetical protein
CHQ_1_05043	gene	177	icd_2			
CHQ_1_05043	CDS	177	icd_2	1.1.1.42	COG0538	Isocitrate dehydrogenase [NADP]
CHQ_1_05044	gene	810				
CHQ_1_05044	CDS	810				hypothetical protein
CHQ_1_05045	gene	678	yedK_2			
CHQ_1_05045	CDS	678	yedK_2	3.4.-.-	COG2135	SOS response-associated protein YedK
CHQ_1_05046	gene	1050				
CHQ_1_05046	CDS	1050				hypothetical protein
CHQ_1_05047	gene	1311	umuC_3			
CHQ_1_05047	CDS	1311	umuC_3		COG0389	Protein UmuC
CHQ_1_05048	gene	420	umuD_3			
CHQ_1_05048	CDS	420	umuD_3	3.4.21.-	COG1974	Protein UmuD
CHQ_1_05049	gene	843				
CHQ_1_05049	CDS	843				hypothetical protein
CHQ_1_05050	gene	264				
CHQ_1_05050	CDS	264				hypothetical protein
CHQ_1_05051	gene	2472				
CHQ_1_05051	CDS	2472				hypothetical protein
CHQ_1_05052	gene	2583				
CHQ_1_05052	CDS	2583				hypothetical protein
CHQ_1_05053	gene	366				
CHQ_1_05053	CDS	366				hypothetical protein
CHQ_1_05054	gene	540				
CHQ_1_05054	CDS	540				hypothetical protein
CHQ_1_05055	gene	366				
CHQ_1_05055	CDS	366				hypothetical protein
CHQ_1_05056	gene	540				
CHQ_1_05056	CDS	540				hypothetical protein
CHQ_1_05057	gene	585				
CHQ_1_05057	CDS	585				hypothetical protein
CHQ_1_05058	gene	717	pdeH_3			
CHQ_1_05058	CDS	717	pdeH_3	3.1.4.52		Cyclic di-GMP phosphodiesterase PdeH
CHQ_1_05059	gene	651				
CHQ_1_05059	CDS	651				hypothetical protein
CHQ_1_05060	gene	975	mrkD_2			
CHQ_1_05060	CDS	975	mrkD_2			Fimbria adhesin protein
CHQ_1_05061	gene	2487	htrE_2			
CHQ_1_05061	CDS	2487	htrE_2		COG3188	Outer membrane usher protein HtrE
CHQ_1_05062	gene	702	yadV_2			
CHQ_1_05062	CDS	702	yadV_2			putative fimbrial chaperone YadV
CHQ_1_05063	gene	609				
CHQ_1_05063	CDS	609				hypothetical protein
CHQ_1_05064	gene	108				
CHQ_1_05064	CDS	108				hypothetical protein
CHQ_1_05065	gene	282				
CHQ_1_05065	CDS	282				IS21 family transposase ISEc62
CHQ_1_05066	gene	282				
CHQ_1_05066	CDS	282				hypothetical protein
CHQ_1_05067	gene	858				
CHQ_1_05067	CDS	858				hypothetical protein
CHQ_1_05068	gene	381	pld			
CHQ_1_05068	CDS	381	pld	3.1.4.4		Phospholipase D
CHQ_1_05069	gene	1359				
CHQ_1_05069	CDS	1359				hypothetical protein
CHQ_1_05070	gene	861	bla_2			
CHQ_1_05070	CDS	861	bla_2	3.5.2.6		Beta-lactamase SHV-2
CHQ_1_05071	gene	762	glpR_5			
CHQ_1_05071	CDS	762	glpR_5		COG1349	Glycerol-3-phosphate regulon repressor
CHQ_1_05072	gene	2898				
CHQ_1_05072	CDS	2898				Tn3 family transposase
CHQ_1_05073	gene	606	pinR			
CHQ_1_05073	CDS	606	pinR	3.1.22.-	COG1961	Serine recombinase PinR
CHQ_1_05074	gene	2088				
CHQ_1_05074	CDS	2088				hypothetical protein
CHQ_1_05075	gene	951				
CHQ_1_05075	CDS	951				hypothetical protein
CHQ_1_05076	gene	1308				
CHQ_1_05076	CDS	1308				hypothetical protein
CHQ_1_05077	gene	396				
CHQ_1_05077	CDS	396				hypothetical protein
CHQ_1_05078	gene	351				
CHQ_1_05078	CDS	351				hypothetical protein
CHQ_1_05079	gene	654				
CHQ_1_05079	CDS	654				hypothetical protein
CHQ_1_05080	gene	258	pemI			
CHQ_1_05080	CDS	258	pemI			Antitoxin PemI
CHQ_1_05081	gene	333	pemK			
CHQ_1_05081	CDS	333	pemK	3.1.-.-		Endoribonuclease PemK
CHQ_1_05082	gene	435	umuD_4			
CHQ_1_05082	CDS	435	umuD_4	3.4.21.-	COG1974	Protein UmuD
CHQ_1_05083	gene	546	umuC_4			
CHQ_1_05083	CDS	546	umuC_4		COG0389	Protein UmuC
CHQ_1_05084	gene	744	umuC_5			
CHQ_1_05084	CDS	744	umuC_5		COG0389	Protein UmuC
CHQ_1_05085	gene	210				
CHQ_1_05085	CDS	210				hypothetical protein
CHQ_1_05086	gene	219				
CHQ_1_05086	CDS	219				hypothetical protein
CHQ_1_05087	gene	684				
CHQ_1_05087	CDS	684				hypothetical protein
CHQ_1_05088	gene	258				
CHQ_1_05088	CDS	258				hypothetical protein
CHQ_1_05089	gene	1275				
CHQ_1_05089	CDS	1275				hypothetical protein
CHQ_1_05090	gene	357				
CHQ_1_05090	CDS	357				hypothetical protein
CHQ_1_05091	gene	579				
CHQ_1_05091	CDS	579				hypothetical protein
CHQ_1_05092	gene	408				
CHQ_1_05092	CDS	408				hypothetical protein
CHQ_1_05093	gene	546				
CHQ_1_05093	CDS	546				hypothetical protein
CHQ_1_05094	gene	471				
CHQ_1_05094	CDS	471				hypothetical protein
CHQ_1_05095	gene	249				
CHQ_1_05095	CDS	249				hypothetical protein
CHQ_1_05096	gene	588				
CHQ_1_05096	CDS	588				hypothetical protein
CHQ_1_05097	gene	486				
CHQ_1_05097	CDS	486				hypothetical protein
CHQ_1_05098	gene	249				
CHQ_1_05098	CDS	249				hypothetical protein
CHQ_1_05099	gene	741	xerC_8			
CHQ_1_05099	CDS	741	xerC_8			Tyrosine recombinase XerC
CHQ_1_05100	gene	975	parM_2			
CHQ_1_05100	CDS	975	parM_2			Plasmid segregation protein ParM
CHQ_1_05101	gene	444	stbB			
CHQ_1_05101	CDS	444	stbB			Protein StbB
CHQ_1_05102	gene	564				
CHQ_1_05102	CDS	564				hypothetical protein
CHQ_1_05103	gene	507				
CHQ_1_05103	CDS	507				hypothetical protein
CHQ_1_05104	gene	480				
CHQ_1_05104	CDS	480				hypothetical protein
CHQ_1_05105	gene	411				
CHQ_1_05105	CDS	411				hypothetical protein
CHQ_1_05106	gene	264				
CHQ_1_05106	CDS	264				hypothetical protein
CHQ_1_05107	gene	363				
CHQ_1_05107	CDS	363				hypothetical protein
CHQ_1_05108	gene	450				
CHQ_1_05108	CDS	450				hypothetical protein
CHQ_1_05109	gene	267				
CHQ_1_05109	CDS	267				hypothetical protein
CHQ_1_05110	gene	180				
CHQ_1_05110	CDS	180				hypothetical protein
CHQ_1_05111	gene	861				
CHQ_1_05111	CDS	861				hypothetical protein
CHQ_1_05112	gene	339				
CHQ_1_05112	CDS	339				hypothetical protein
CHQ_1_05113	gene	231	ymoA			
CHQ_1_05113	CDS	231	ymoA			Modulating protein YmoA
CHQ_1_05114	gene	114				
CHQ_1_05114	CDS	114				hypothetical protein
CHQ_1_05115	gene	411				
CHQ_1_05115	CDS	411				hypothetical protein
CHQ_1_05116	gene	306				
CHQ_1_05116	CDS	306				hypothetical protein
CHQ_1_05117	gene	441	klcA_3			
CHQ_1_05117	CDS	441	klcA_3			Antirestriction protein KlcA
CHQ_1_05118	gene	285				
CHQ_1_05118	CDS	285				hypothetical protein
CHQ_1_05119	gene	222				
CHQ_1_05119	CDS	222				hypothetical protein
CHQ_1_05120	gene	435				
CHQ_1_05120	CDS	435				Single-stranded DNA-binding protein
CHQ_1_05121	gene	312				
CHQ_1_05121	CDS	312				hypothetical protein
CHQ_1_05122	gene	537				
CHQ_1_05122	CDS	537				hypothetical protein
CHQ_1_05123	gene	141				
CHQ_1_05123	CDS	141				hypothetical protein
CHQ_1_05124	gene	366				
CHQ_1_05124	CDS	366				hypothetical protein
CHQ_1_05125	gene	1980	traI_2			
CHQ_1_05125	CDS	1980	traI_2			Protein TraI
CHQ_1_05126	gene	501				
CHQ_1_05126	CDS	501				hypothetical protein
CHQ_1_05127	gene	780				
CHQ_1_05127	CDS	780				hypothetical protein
CHQ_1_05128	gene	1164				
CHQ_1_05128	CDS	1164				hypothetical protein
CHQ_1_05129	gene	261				
CHQ_1_05129	CDS	261				hypothetical protein
CHQ_1_05130	gene	3261				
CHQ_1_05130	CDS	3261				hypothetical protein
CHQ_1_05131	gene	537				
CHQ_1_05131	CDS	537				hypothetical protein
CHQ_1_05132	gene	411				
CHQ_1_05132	CDS	411				hypothetical protein
CHQ_1_05133	gene	714				
CHQ_1_05133	CDS	714				hypothetical protein
CHQ_1_05134	gene	1152				
CHQ_1_05134	CDS	1152				hypothetical protein
CHQ_1_05135	gene	1350				
CHQ_1_05135	CDS	1350				hypothetical protein
CHQ_1_05136	gene	705				
CHQ_1_05136	CDS	705				hypothetical protein
CHQ_1_05137	gene	531				
CHQ_1_05137	CDS	531				hypothetical protein
CHQ_1_05138	gene	390				
CHQ_1_05138	CDS	390				hypothetical protein
CHQ_1_05139	gene	495				
CHQ_1_05139	CDS	495				hypothetical protein
CHQ_1_05140	gene	3051				
CHQ_1_05140	CDS	3051				hypothetical protein
CHQ_1_05141	gene	1209				
CHQ_1_05141	CDS	1209				hypothetical protein
CHQ_1_05142	gene	651				
CHQ_1_05142	CDS	651				hypothetical protein
CHQ_1_05143	gene	2181				
CHQ_1_05143	CDS	2181				hypothetical protein
CHQ_1_05144	gene	654				
CHQ_1_05144	CDS	654				hypothetical protein
CHQ_1_05145	gene	231				
CHQ_1_05145	CDS	231				hypothetical protein
CHQ_1_05146	gene	1056	repA			
CHQ_1_05146	CDS	1056	repA			Replication initiation protein
CHQ_1_05147	gene	1014	xerC_9			
CHQ_1_05147	CDS	1014	xerC_9			Tyrosine recombinase XerC
CHQ_1_05148	gene	648	aadB			
CHQ_1_05148	CDS	648	aadB	2.7.7.46		2''-aminoglycoside nucleotidyltransferase
CHQ_1_05149	gene	789	aphA_2			
CHQ_1_05149	CDS	789	aphA_2	2.7.1.95		Aminoglycoside 3'-phosphotransferase
CHQ_1_05150	gene	858	ant1			
CHQ_1_05150	CDS	858	ant1	2.7.7.47		Streptomycin 3''-adenylyltransferase
CHQ_1_05151	gene	828	bla_3			
CHQ_1_05151	CDS	828	bla_3	3.5.2.6		Beta-lactamase OXA-2
CHQ_1_05152	gene	348	emrE			
CHQ_1_05152	CDS	348	emrE		COG2076	Multidrug transporter EmrE
CHQ_1_05153	gene	840	folP_2			
CHQ_1_05153	CDS	840	folP_2	2.5.1.15	COG0294	Dihydropteroate synthase
CHQ_1_05154	gene	501				
CHQ_1_05154	CDS	501				hypothetical protein
CHQ_1_05155	gene	765				
CHQ_1_05155	CDS	765				IS6 family transposase IS6100
CHQ_1_05156	gene	213				
CHQ_1_05156	CDS	213				hypothetical protein
CHQ_1_05157	gene	237				
CHQ_1_05157	CDS	237				hypothetical protein
CHQ_1_05158	gene	366				
CHQ_1_05158	CDS	366				hypothetical protein
CHQ_1_05159	gene	267	merA			
CHQ_1_05159	CDS	267	merA	1.16.1.1		Mercuric reductase
