Discrepancy Report Results

Summary
FATAL: BAD_LOCUS_TAG_FORMAT:5159 locus tags are incorrectly formatted.
DISC_SOURCE_QUALS_ASNDISC:strain (all present, all same)
DISC_SOURCE_QUALS_ASNDISC:taxname (all present, all same)
DISC_FEATURE_COUNT:gene: 5159 present
DISC_FEATURE_COUNT:CDS: 5072 present
DISC_FEATURE_COUNT:tRNA: 78 present
DISC_FEATURE_COUNT:rRNA: 8 present
DISC_FEATURE_COUNT:tmRNA: 1 present
DISC_COUNT_NUCLEOTIDES:51 nucleotide Bioseqs are present
OVERLAPPING_GENES:1361 genes overlap another gene on the same strand.
OVERLAPPING_CDS:8 coding regions overlap another coding region with a similar or identical name.
SUSPECT_PRODUCT_NAMES:7 product_names contain suspect phrase or characters
	Putative Typo
		1 features May contain plural
	Use short product name instead of descriptive phrase
		1 features Is longer than 100 characters. Remove descriptive phrases or synonyms from product names. Keep valid long product names, eg long enzyme names
	use protein instead of gene as appropriate
		5 features contains 'genes'
FIND_BADLEN_TRNAS:1 tRNAs are too long
NO_ANNOTATION:2 bioseqs have no features
DISC_QUALITY_SCORES:Quality scores are missing on all sequences.
FATAL: DISC_SUSPECT_RRNA_PRODUCTS:2 rRNA product names contain suspect phrase
ONCALLER_COMMENT_PRESENT:51 comment descriptors were found (all same)
SHORT_PROT_SEQUENCES:49 protein sequences are shorter than 50 aa.
MISSING_GENOMEASSEMBLY_COMMENTS:51 bioseqs are missing GenomeAssembly structured comments
MOLTYPE_NOT_MRNA:51 molecule types are not set as mRNA.
TECHNIQUE_NOT_TSA:51 technique are not set as TSA
MISSING_STRUCTURED_COMMENT:51 sequences do not include structured comments.
MISSING_PROJECT:5123 sequences do not include project.
FATAL: RRNA_NAME_CONFLICTS:2 rRNA product names are not standard. Correct the names to the standard format, eg "16S ribosomal RNA"
DISC_INCONSISTENT_MOLINFO_TECH:Molinfo Technique Report (some missing, all same)


Detailed Report

FATAL: DiscRep_ALL:BAD_LOCUS_TAG_FORMAT::5159 locus e incorrectly rectly formatted.
prokka_CHQ_1/CHQ_1:Gene	gmhB	CHQ_1_1:c833-267	CHQ_1_00001
prokka_CHQ_1/CHQ_1:Gene	metN_1	CHQ_1_1:1022-2053	CHQ_1_00002
prokka_CHQ_1/CHQ_1:Gene	metI_1	CHQ_1_1:2046-2699	CHQ_1_00003
prokka_CHQ_1/CHQ_1:Gene	metQ_1	CHQ_1_1:2743-3558	CHQ_1_00004
prokka_CHQ_1/CHQ_1:Gene	rcsF	CHQ_1_1:3666-4073	CHQ_1_00005
prokka_CHQ_1/CHQ_1:Gene	trmO	CHQ_1_1:4070-4777	CHQ_1_00006
prokka_CHQ_1/CHQ_1:Gene	proS	CHQ_1_1:4890-6608	CHQ_1_00007
prokka_CHQ_1/CHQ_1:Gene	CHQ_1_00008	CHQ_1_1:6667-6990	CHQ_1_00008
prokka_CHQ_1/CHQ_1:Gene	nlpE	CHQ_1_1:c7846-7148	CHQ_1_00009
prokka_CHQ_1/CHQ_1:Gene	arfB	CHQ_1_1:c8302-7889	CHQ_1_00010
prokka_CHQ_1/CHQ_1:Gene	yaeQ	CHQ_1_1:c8844-8299	CHQ_1_00011
prokka_CHQ_1/CHQ_1:Gene	CHQ_1_00012	CHQ_1_1:9041-9241	CHQ_1_00012
prokka_CHQ_1/CHQ_1:Gene	rof	CHQ_1_1:9228-9488	CHQ_1_00013
prokka_CHQ_1/CHQ_1:Gene	tilS	CHQ_1_1:c10802-9501	CHQ_1_00014
prokka_CHQ_1/CHQ_1:Gene	CHQ_1_00015	CHQ_1_1:c11257-10868	CHQ_1_00015
prokka_CHQ_1/CHQ_1:Gene	ldcC	CHQ_1_1:c13493-11304	CHQ_1_00016
prokka_CHQ_1/CHQ_1:Gene	accA	CHQ_1_1:c14530-13571	CHQ_1_00017
prokka_CHQ_1/CHQ_1:Gene	dnaE	CHQ_1_1:c18025-14543	CHQ_1_00018
prokka_CHQ_1/CHQ_1:Gene	rnhB	CHQ_1_1:c18642-18043	CHQ_1_00019
prokka_CHQ_1/CHQ_1:Gene	lpxB	CHQ_1_1:c19790-18639	CHQ_1_00020
prokka_CHQ_1/CHQ_1:Gene	lpxA	CHQ_1_1:c20578-19790	CHQ_1_00021
prokka_CHQ_1/CHQ_1:Gene	fabZ	CHQ_1_1:c21037-20582	CHQ_1_00022
prokka_CHQ_1/CHQ_1:Gene	lpxD_1	CHQ_1_1:c22168-21143	CHQ_1_00023
prokka_CHQ_1/CHQ_1:Gene	skp	CHQ_1_1:c22657-22172	CHQ_1_00024
prokka_CHQ_1/CHQ_1:Gene	bamA_1	CHQ_1_1:c25208-22779	CHQ_1_00025
prokka_CHQ_1/CHQ_1:Gene	rseP	CHQ_1_1:c26592-25240	CHQ_1_00026
prokka_CHQ_1/CHQ_1:Gene	cdsA	CHQ_1_1:c27461-26604	CHQ_1_00027
prokka_CHQ_1/CHQ_1:Gene	ispU	CHQ_1_1:c28163-27474	CHQ_1_00028
prokka_CHQ_1/CHQ_1:Gene	dxr	CHQ_1_1:c29672-28470	CHQ_1_00029
prokka_CHQ_1/CHQ_1:Gene	frr	CHQ_1_1:c30458-29901	CHQ_1_00030
prokka_CHQ_1/CHQ_1:Gene	pyrH	CHQ_1_1:c31334-30609	CHQ_1_00031
prokka_CHQ_1/CHQ_1:Gene	tsf	CHQ_1_1:c32333-31482	CHQ_1_00032
prokka_CHQ_1/CHQ_1:Gene	rpsB	CHQ_1_1:c33178-32453	CHQ_1_00033
prokka_CHQ_1/CHQ_1:Gene	map_1	CHQ_1_1:33500-34294	CHQ_1_00034
prokka_CHQ_1/CHQ_1:Gene	glnD	CHQ_1_1:34352-37015	CHQ_1_00035
prokka_CHQ_1/CHQ_1:Gene	dapD	CHQ_1_1:37046-37870	CHQ_1_00036
prokka_CHQ_1/CHQ_1:Gene	CHQ_1_00037	CHQ_1_1:37978-38364	CHQ_1_00037
prokka_CHQ_1/CHQ_1:Gene	cdaR	CHQ_1_1:c39696-38485	CHQ_1_00038
prokka_CHQ_1/CHQ_1:Gene	degP	CHQ_1_1:c41243-39810	CHQ_1_00039
prokka_CHQ_1/CHQ_1:Gene	dgt	CHQ_1_1:c42892-41378	CHQ_1_00040
prokka_CHQ_1/CHQ_1:Gene	mtnN	CHQ_1_1:42976-43674	CHQ_1_00041
prokka_CHQ_1/CHQ_1:Gene	btuF_1	CHQ_1_1:43667-44467	CHQ_1_00042
prokka_CHQ_1/CHQ_1:Gene	CHQ_1_00043	CHQ_1_1:44504-45130	CHQ_1_00043
prokka_CHQ_1/CHQ_1:Gene	erpA	CHQ_1_1:c45556-45212	CHQ_1_00044
prokka_CHQ_1/CHQ_1:Gene	clcA	CHQ_1_1:c47149-45638	CHQ_1_00045
prokka_CHQ_1/CHQ_1:Gene	hemL	CHQ_1_1:47237-48517	CHQ_1_00046
prokka_CHQ_1/CHQ_1:Gene	fhuB	CHQ_1_1:c50674-48692	CHQ_1_00047
prokka_CHQ_1/CHQ_1:Gene	fhuD	CHQ_1_1:c51561-50671	CHQ_1_00048
prokka_CHQ_1/CHQ_1:Gene	fhuC_1	CHQ_1_1:c52358-51561	CHQ_1_00049
prokka_CHQ_1/CHQ_1:Gene	fhuA_1	CHQ_1_1:c54611-52404	CHQ_1_00050
prokka_CHQ_1/CHQ_1:Gene	mrcB	CHQ_1_1:c57407-54846	CHQ_1_00051
prokka_CHQ_1/CHQ_1:Gene	pulS	CHQ_1_1:57995-58369	CHQ_1_00052
prokka_CHQ_1/CHQ_1:Gene	CHQ_1_00053	CHQ_1_1:c58966-58409	CHQ_1_00053
prokka_CHQ_1/CHQ_1:Gene	pulA	CHQ_1_1:c62317-59027	CHQ_1_00054
prokka_CHQ_1/CHQ_1:Gene	outC	CHQ_1_1:62624-63466	CHQ_1_00055
prokka_CHQ_1/CHQ_1:Gene	pulD	CHQ_1_1:63476-65449	CHQ_1_00056
prokka_CHQ_1/CHQ_1:Gene	epsE_1	CHQ_1_1:65446-66939	CHQ_1_00057
prokka_CHQ_1/CHQ_1:Gene	epsF_1	CHQ_1_1:66941-68155	CHQ_1_00058
prokka_CHQ_1/CHQ_1:Gene	pulG	CHQ_1_1:68176-68598	CHQ_1_00059
prokka_CHQ_1/CHQ_1:Gene	gspH	CHQ_1_1:68598-69113	CHQ_1_00060
prokka_CHQ_1/CHQ_1:Gene	CHQ_1_00061	CHQ_1_1:69110-69475	CHQ_1_00061
prokka_CHQ_1/CHQ_1:Gene	xcpW	CHQ_1_1:69472-70068	CHQ_1_00062
prokka_CHQ_1/CHQ_1:Gene	gspK	CHQ_1_1:70065-71045	CHQ_1_00063
prokka_CHQ_1/CHQ_1:Gene	epsL	CHQ_1_1:71038-72234	CHQ_1_00064
prokka_CHQ_1/CHQ_1:Gene	epsM	CHQ_1_1:72227-72712	CHQ_1_00065
prokka_CHQ_1/CHQ_1:Gene	outN	CHQ_1_1:72702-73430	CHQ_1_00066
prokka_CHQ_1/CHQ_1:Gene	outO	CHQ_1_1:73445-74245	CHQ_1_00067
prokka_CHQ_1/CHQ_1:Gene	hrpB	CHQ_1_1:c76722-74293	CHQ_1_00068
prokka_CHQ_1/CHQ_1:Gene	thpR	CHQ_1_1:76795-77331	CHQ_1_00069
prokka_CHQ_1/CHQ_1:Gene	sfsA	CHQ_1_1:77331-78047	CHQ_1_00070
prokka_CHQ_1/CHQ_1:Gene	dksA	CHQ_1_1:78210-78665	CHQ_1_00071
prokka_CHQ_1/CHQ_1:Gene	gluQ	CHQ_1_1:78725-79606	CHQ_1_00072
prokka_CHQ_1/CHQ_1:Gene	pcnB	CHQ_1_1:79702-81063	CHQ_1_00073
prokka_CHQ_1/CHQ_1:Gene	folK	CHQ_1_1:81060-81539	CHQ_1_00074
prokka_CHQ_1/CHQ_1:Gene	panB	CHQ_1_1:81659-82450	CHQ_1_00075
prokka_CHQ_1/CHQ_1:Gene	panC	CHQ_1_1:82462-83316	CHQ_1_00076
prokka_CHQ_1/CHQ_1:Gene	panD	CHQ_1_1:83410-83790	CHQ_1_00077
prokka_CHQ_1/CHQ_1:Gene	CHQ_1_00078	CHQ_1_1:c85080-83827	CHQ_1_00078
prokka_CHQ_1/CHQ_1:Gene	CHQ_1_00079	CHQ_1_1:c85579-85139	CHQ_1_00079
prokka_CHQ_1/CHQ_1:Gene	yadH	CHQ_1_1:c86469-85702	CHQ_1_00080
prokka_CHQ_1/CHQ_1:Gene	yadG	CHQ_1_1:c87395-86469	CHQ_1_00081
prokka_CHQ_1/CHQ_1:Gene	can_1	CHQ_1_1:87574-88236	CHQ_1_00082
prokka_CHQ_1/CHQ_1:Gene	hpt	CHQ_1_1:c88819-88283	CHQ_1_00083
prokka_CHQ_1/CHQ_1:Gene	gcd	CHQ_1_1:89023-91413	CHQ_1_00084
prokka_CHQ_1/CHQ_1:Gene	cueO	CHQ_1_1:c93099-91489	CHQ_1_00085
prokka_CHQ_1/CHQ_1:Gene	CHQ_1_00086	CHQ_1_1:93266-93592	CHQ_1_00086
prokka_CHQ_1/CHQ_1:Gene	CHQ_1_00087	CHQ_1_1:93839-94249	CHQ_1_00087
prokka_CHQ_1/CHQ_1:Gene	CHQ_1_00088	CHQ_1_1:94246-96009	CHQ_1_00088
prokka_CHQ_1/CHQ_1:Gene	speE	CHQ_1_1:96157-97017	CHQ_1_00089
prokka_CHQ_1/CHQ_1:Gene	speD	CHQ_1_1:97042-97836	CHQ_1_00090
prokka_CHQ_1/CHQ_1:Gene	CHQ_1_00091	CHQ_1_1:c98355-97993	CHQ_1_00091
prokka_CHQ_1/CHQ_1:Gene	acnB	CHQ_1_1:c101140-98543	CHQ_1_00092
prokka_CHQ_1/CHQ_1:Gene	CHQ_1_00093	CHQ_1_1:101572-103149	CHQ_1_00093
prokka_CHQ_1/CHQ_1:Gene	CHQ_1_00094	CHQ_1_1:103161-103967	CHQ_1_00094
prokka_CHQ_1/CHQ_1:Gene	CHQ_1_00095	CHQ_1_1:c104296-104012	CHQ_1_00095
prokka_CHQ_1/CHQ_1:Gene	lpdA	CHQ_1_1:c105885-104461	CHQ_1_00096
prokka_CHQ_1/CHQ_1:Gene	aceF	CHQ_1_1:c107990-106092	CHQ_1_00097
prokka_CHQ_1/CHQ_1:Gene	aceE	CHQ_1_1:c110668-108005	CHQ_1_00098
prokka_CHQ_1/CHQ_1:Gene	pdhR	CHQ_1_1:c111585-110806	CHQ_1_00099
prokka_CHQ_1/CHQ_1:Gene	aroP_1	CHQ_1_1:112230-113600	CHQ_1_00100
prokka_CHQ_1/CHQ_1:Gene	yicJ_1	CHQ_1_1:113785-115191	CHQ_1_00101
prokka_CHQ_1/CHQ_1:Gene	CHQ_1_00102	CHQ_1_1:115191-116141	CHQ_1_00102
prokka_CHQ_1/CHQ_1:Gene	ampE	CHQ_1_1:c117219-116365	CHQ_1_00103
prokka_CHQ_1/CHQ_1:Gene	ampD	CHQ_1_1:c117779-117216	CHQ_1_00104
prokka_CHQ_1/CHQ_1:Gene	nadC	CHQ_1_1:117913-118806	CHQ_1_00105
prokka_CHQ_1/CHQ_1:Gene	CHQ_1_00106	CHQ_1_1:118987-119418	CHQ_1_00106
prokka_CHQ_1/CHQ_1:Gene	epsE_2	CHQ_1_1:119429-120814	CHQ_1_00107
prokka_CHQ_1/CHQ_1:Gene	epsF_2	CHQ_1_1:120804-122009	CHQ_1_00108
prokka_CHQ_1/CHQ_1:Gene	guaC	CHQ_1_1:c123089-122046	CHQ_1_00109
prokka_CHQ_1/CHQ_1:Gene	coaE	CHQ_1_1:123433-124053	CHQ_1_00110
prokka_CHQ_1/CHQ_1:Gene	zapD	CHQ_1_1:124053-124796	CHQ_1_00111
prokka_CHQ_1/CHQ_1:Gene	yacG	CHQ_1_1:124806-125000	CHQ_1_00112
prokka_CHQ_1/CHQ_1:Gene	mutT	CHQ_1_1:c125445-125053	CHQ_1_00113
prokka_CHQ_1/CHQ_1:Gene	secA	CHQ_1_1:c128208-125503	CHQ_1_00114
prokka_CHQ_1/CHQ_1:Gene	secM	CHQ_1_1:c128774-128271	CHQ_1_00115
prokka_CHQ_1/CHQ_1:Gene	lpxC	CHQ_1_1:c130009-129092	CHQ_1_00116
prokka_CHQ_1/CHQ_1:Gene	ftsZ	CHQ_1_1:c131261-130110	CHQ_1_00117
prokka_CHQ_1/CHQ_1:Gene	ftsA_1	CHQ_1_1:c132586-131324	CHQ_1_00118
prokka_CHQ_1/CHQ_1:Gene	ftsQ	CHQ_1_1:c133413-132583	CHQ_1_00119
prokka_CHQ_1/CHQ_1:Gene	ddlB	CHQ_1_1:c134335-133415	CHQ_1_00120
prokka_CHQ_1/CHQ_1:Gene	murC	CHQ_1_1:c135803-134328	CHQ_1_00121
prokka_CHQ_1/CHQ_1:Gene	murG	CHQ_1_1:c136897-135851	CHQ_1_00122
prokka_CHQ_1/CHQ_1:Gene	ftsW	CHQ_1_1:c138192-136918	CHQ_1_00123
prokka_CHQ_1/CHQ_1:Gene	murD	CHQ_1_1:c139508-138192	CHQ_1_00124
prokka_CHQ_1/CHQ_1:Gene	mraY	CHQ_1_1:c140593-139511	CHQ_1_00125
prokka_CHQ_1/CHQ_1:Gene	murF	CHQ_1_1:c141945-140587	CHQ_1_00126
prokka_CHQ_1/CHQ_1:Gene	murE	CHQ_1_1:c143429-141942	CHQ_1_00127
prokka_CHQ_1/CHQ_1:Gene	ftsI_1	CHQ_1_1:c145182-143416	CHQ_1_00128
prokka_CHQ_1/CHQ_1:Gene	ftsL	CHQ_1_1:c145563-145198	CHQ_1_00129
prokka_CHQ_1/CHQ_1:Gene	rsmH	CHQ_1_1:c146501-145560	CHQ_1_00130
prokka_CHQ_1/CHQ_1:Gene	mraZ	CHQ_1_1:c146962-146504	CHQ_1_00131
prokka_CHQ_1/CHQ_1:Gene	cra_1	CHQ_1_1:c148606-147602	CHQ_1_00132
prokka_CHQ_1/CHQ_1:Gene	ilvH	CHQ_1_1:c149278-148787	CHQ_1_00133
prokka_CHQ_1/CHQ_1:Gene	ilvI	CHQ_1_1:c151005-149281	CHQ_1_00134
prokka_CHQ_1/CHQ_1:Gene	leuO	CHQ_1_1:c152350-151400	CHQ_1_00135
prokka_CHQ_1/CHQ_1:Gene	leuA_1	CHQ_1_1:153165-154736	CHQ_1_00136
prokka_CHQ_1/CHQ_1:Gene	leuB	CHQ_1_1:154736-155827	CHQ_1_00137
prokka_CHQ_1/CHQ_1:Gene	leuC	CHQ_1_1:155830-157230	CHQ_1_00138
prokka_CHQ_1/CHQ_1:Gene	leuD1	CHQ_1_1:157241-157846	CHQ_1_00139
prokka_CHQ_1/CHQ_1:Gene	CHQ_1_00140	CHQ_1_1:158244-160277	CHQ_1_00140
prokka_CHQ_1/CHQ_1:Gene	aroE_1	CHQ_1_1:160289-161152	CHQ_1_00141
prokka_CHQ_1/CHQ_1:Gene	ydiM	CHQ_1_1:161163-162377	CHQ_1_00142
prokka_CHQ_1/CHQ_1:Gene	aroD	CHQ_1_1:162408-163163	CHQ_1_00143
prokka_CHQ_1/CHQ_1:Gene	gltC_1	CHQ_1_1:c164097-163201	CHQ_1_00144
prokka_CHQ_1/CHQ_1:Gene	gudP_1	CHQ_1_1:164329-165639	CHQ_1_00145
prokka_CHQ_1/CHQ_1:Gene	setA	CHQ_1_1:c166868-165684	CHQ_1_00146
prokka_CHQ_1/CHQ_1:Gene	CHQ_1_00147	CHQ_1_1:c167307-167155	CHQ_1_00147
prokka_CHQ_1/CHQ_1:Gene	sgrR_1	CHQ_1_1:167395-169050	CHQ_1_00148
prokka_CHQ_1/CHQ_1:Gene	thiB	CHQ_1_1:169339-170322	CHQ_1_00149
prokka_CHQ_1/CHQ_1:Gene	CHQ_1_00150	CHQ_1_1:170298-171908	CHQ_1_00150
prokka_CHQ_1/CHQ_1:Gene	thiQ	CHQ_1_1:171892-172593	CHQ_1_00151
prokka_CHQ_1/CHQ_1:Gene	yabI_1	CHQ_1_1:c173347-172580	CHQ_1_00152
prokka_CHQ_1/CHQ_1:Gene	araC_1	CHQ_1_1:c174321-173476	CHQ_1_00153
prokka_CHQ_1/CHQ_1:Gene	araB_1	CHQ_1_1:174659-176368	CHQ_1_00154
prokka_CHQ_1/CHQ_1:Gene	araA	CHQ_1_1:176379-177881	CHQ_1_00155
prokka_CHQ_1/CHQ_1:Gene	araD	CHQ_1_1:178018-178713	CHQ_1_00156
prokka_CHQ_1/CHQ_1:Gene	polB	CHQ_1_1:178889-181246	CHQ_1_00157
prokka_CHQ_1/CHQ_1:Gene	rapA	CHQ_1_1:181434-184340	CHQ_1_00158
prokka_CHQ_1/CHQ_1:Gene	rluA_1	CHQ_1_1:184352-185011	CHQ_1_00159
prokka_CHQ_1/CHQ_1:Gene	citX	CHQ_1_1:c185593-185054	CHQ_1_00160
prokka_CHQ_1/CHQ_1:Gene	cimH_1	CHQ_1_1:c187137-185773	CHQ_1_00161
prokka_CHQ_1/CHQ_1:Gene	citA_1	CHQ_1_1:187461-189086	CHQ_1_00162
prokka_CHQ_1/CHQ_1:Gene	citB_1	CHQ_1_1:189076-189774	CHQ_1_00163
prokka_CHQ_1/CHQ_1:Gene	djlA	CHQ_1_1:c190632-189805	CHQ_1_00164
prokka_CHQ_1/CHQ_1:Gene	lptD	CHQ_1_1:190909-193224	CHQ_1_00165
prokka_CHQ_1/CHQ_1:Gene	surA_1	CHQ_1_1:193279-194565	CHQ_1_00166
prokka_CHQ_1/CHQ_1:Gene	pdxA	CHQ_1_1:194571-195560	CHQ_1_00167
prokka_CHQ_1/CHQ_1:Gene	rsmA	CHQ_1_1:195557-196378	CHQ_1_00168
prokka_CHQ_1/CHQ_1:Gene	apaG	CHQ_1_1:196381-196758	CHQ_1_00169
prokka_CHQ_1/CHQ_1:Gene	apaH	CHQ_1_1:196763-197611	CHQ_1_00170
prokka_CHQ_1/CHQ_1:Gene	folA	CHQ_1_1:c198536-198057	CHQ_1_00171
prokka_CHQ_1/CHQ_1:Gene	kefC_1	CHQ_1_1:c200575-198710	CHQ_1_00172
prokka_CHQ_1/CHQ_1:Gene	kefF_1	CHQ_1_1:c201101-200568	CHQ_1_00173
prokka_CHQ_1/CHQ_1:Gene	ygdR_1	CHQ_1_1:c201466-201233	CHQ_1_00174
prokka_CHQ_1/CHQ_1:Gene	carB	CHQ_1_1:c204859-201635	CHQ_1_00175
prokka_CHQ_1/CHQ_1:Gene	carA	CHQ_1_1:c206025-204877	CHQ_1_00176
prokka_CHQ_1/CHQ_1:Gene	dapB	CHQ_1_1:c207304-206483	CHQ_1_00177
prokka_CHQ_1/CHQ_1:Gene	citG_1	CHQ_1_1:c208439-207531	CHQ_1_00178
prokka_CHQ_1/CHQ_1:Gene	citF	CHQ_1_1:c209966-208458	CHQ_1_00179
prokka_CHQ_1/CHQ_1:Gene	citE	CHQ_1_1:c210864-209995	CHQ_1_00180
prokka_CHQ_1/CHQ_1:Gene	citD	CHQ_1_1:c211154-210861	CHQ_1_00181
prokka_CHQ_1/CHQ_1:Gene	citC	CHQ_1_1:c212105-211185	CHQ_1_00182
prokka_CHQ_1/CHQ_1:Gene	citS	CHQ_1_1:212470-213810	CHQ_1_00183
prokka_CHQ_1/CHQ_1:Gene	oadG	CHQ_1_1:213968-214216	CHQ_1_00184
prokka_CHQ_1/CHQ_1:Gene	oadA	CHQ_1_1:214232-216001	CHQ_1_00185
prokka_CHQ_1/CHQ_1:Gene	oadB	CHQ_1_1:216017-217318	CHQ_1_00186
prokka_CHQ_1/CHQ_1:Gene	citA_2	CHQ_1_1:217469-219112	CHQ_1_00187
prokka_CHQ_1/CHQ_1:Gene	citB_2	CHQ_1_1:219105-219809	CHQ_1_00188
prokka_CHQ_1/CHQ_1:Gene	CHQ_1_00189	CHQ_1_1:c220444-219815	CHQ_1_00189
prokka_CHQ_1/CHQ_1:Gene	dmlR_1	CHQ_1_1:220537-221466	CHQ_1_00190
prokka_CHQ_1/CHQ_1:Gene	yhaI	CHQ_1_1:c221779-221414	CHQ_1_00191
prokka_CHQ_1/CHQ_1:Gene	rihC	CHQ_1_1:c222723-221809	CHQ_1_00192
prokka_CHQ_1/CHQ_1:Gene	ispH	CHQ_1_1:c223741-222791	CHQ_1_00193
prokka_CHQ_1/CHQ_1:Gene	fkpB	CHQ_1_1:c224192-223743	CHQ_1_00194
prokka_CHQ_1/CHQ_1:Gene	lspA	CHQ_1_1:c224809-224309	CHQ_1_00195
prokka_CHQ_1/CHQ_1:Gene	ileS	CHQ_1_1:c227661-224809	CHQ_1_00196
prokka_CHQ_1/CHQ_1:Gene	ribF	CHQ_1_1:c228607-227669	CHQ_1_00197
prokka_CHQ_1/CHQ_1:Gene	CHQ_1_00198	CHQ_1_1:c229161-228952	CHQ_1_00198
prokka_CHQ_1/CHQ_1:Gene	nhaR	CHQ_1_1:c230205-229309	CHQ_1_00199
prokka_CHQ_1/CHQ_1:Gene	nhaA	CHQ_1_1:c231482-230259	CHQ_1_00200
prokka_CHQ_1/CHQ_1:Gene	dnaJ	CHQ_1_1:c232744-231611	CHQ_1_00201
prokka_CHQ_1/CHQ_1:Gene	dnaK_1	CHQ_1_1:c234748-232832	CHQ_1_00202
prokka_CHQ_1/CHQ_1:Gene	CHQ_1_00203	CHQ_1_1:235145-235549	CHQ_1_00203
prokka_CHQ_1/CHQ_1:Gene	CHQ_1_00204	CHQ_1_1:235578-236327	CHQ_1_00204
prokka_CHQ_1/CHQ_1:Gene	satP	CHQ_1_1:236416-236982	CHQ_1_00205
prokka_CHQ_1/CHQ_1:Gene	proP_1	CHQ_1_1:c238340-237039	CHQ_1_00206
prokka_CHQ_1/CHQ_1:Gene	mog	CHQ_1_1:c239047-238460	CHQ_1_00207
prokka_CHQ_1/CHQ_1:Gene	talB_1	CHQ_1_1:c240100-239147	CHQ_1_00208
prokka_CHQ_1/CHQ_1:Gene	alsT	CHQ_1_1:240303-241733	CHQ_1_00209
prokka_CHQ_1/CHQ_1:Gene	yaaA	CHQ_1_1:241811-242584	CHQ_1_00210
prokka_CHQ_1/CHQ_1:Gene	thrC	CHQ_1_1:c243913-242633	CHQ_1_00211
prokka_CHQ_1/CHQ_1:Gene	thrB	CHQ_1_1:c244846-243917	CHQ_1_00212
prokka_CHQ_1/CHQ_1:Gene	thrA	CHQ_1_1:c247310-244848	CHQ_1_00213
prokka_CHQ_1/CHQ_1:Gene	trmH_1	CHQ_1_1:c248409-247672	CHQ_1_00214
prokka_CHQ_1/CHQ_1:Gene	arcA	CHQ_1_1:248992-249708	CHQ_1_00215
prokka_CHQ_1/CHQ_1:Gene	creD	CHQ_1_1:c251130-249772	CHQ_1_00216
prokka_CHQ_1/CHQ_1:Gene	creC	CHQ_1_1:c252614-251190	CHQ_1_00217
prokka_CHQ_1/CHQ_1:Gene	creB	CHQ_1_1:c253303-252614	CHQ_1_00218
prokka_CHQ_1/CHQ_1:Gene	CHQ_1_00219	CHQ_1_1:c253789-253316	CHQ_1_00219
prokka_CHQ_1/CHQ_1:Gene	rob_1	CHQ_1_1:253999-254868	CHQ_1_00220
prokka_CHQ_1/CHQ_1:Gene	cobC_1	CHQ_1_1:c255512-254865	CHQ_1_00221
prokka_CHQ_1/CHQ_1:Gene	yjjX	CHQ_1_1:255626-256141	CHQ_1_00222
prokka_CHQ_1/CHQ_1:Gene	trpR	CHQ_1_1:c256511-256128	CHQ_1_00223
prokka_CHQ_1/CHQ_1:Gene	slt	CHQ_1_1:c258507-256546	CHQ_1_00224
prokka_CHQ_1/CHQ_1:Gene	ettA	CHQ_1_1:258712-260379	CHQ_1_00225
prokka_CHQ_1/CHQ_1:Gene	nadR	CHQ_1_1:c261787-260555	CHQ_1_00226
prokka_CHQ_1/CHQ_1:Gene	radA	CHQ_1_1:c263191-261809	CHQ_1_00227
prokka_CHQ_1/CHQ_1:Gene	serB	CHQ_1_1:c264172-263201	CHQ_1_00228
prokka_CHQ_1/CHQ_1:Gene	ytjB	CHQ_1_1:264277-264924	CHQ_1_00229
prokka_CHQ_1/CHQ_1:Gene	lplA	CHQ_1_1:264924-265940	CHQ_1_00230
prokka_CHQ_1/CHQ_1:Gene	deoD	CHQ_1_1:c266749-266030	CHQ_1_00231
prokka_CHQ_1/CHQ_1:Gene	deoB	CHQ_1_1:c268076-266853	CHQ_1_00232
prokka_CHQ_1/CHQ_1:Gene	deoA	CHQ_1_1:c269463-268129	CHQ_1_00233
prokka_CHQ_1/CHQ_1:Gene	deoC	CHQ_1_1:c270340-269561	CHQ_1_00234
prokka_CHQ_1/CHQ_1:Gene	nupX	CHQ_1_1:c272033-270756	CHQ_1_00235
prokka_CHQ_1/CHQ_1:Gene	yjjV	CHQ_1_1:c272957-272163	CHQ_1_00236
prokka_CHQ_1/CHQ_1:Gene	CHQ_1_00237	CHQ_1_1:c274027-272954	CHQ_1_00237
prokka_CHQ_1/CHQ_1:Gene	CHQ_1_00238	CHQ_1_1:c274342-274181	CHQ_1_00238
prokka_CHQ_1/CHQ_1:Gene	osmY_1	CHQ_1_1:c275092-274472	CHQ_1_00239
prokka_CHQ_1/CHQ_1:Gene	prfC	CHQ_1_1:c276901-275312	CHQ_1_00240
prokka_CHQ_1/CHQ_1:Gene	yjjG	CHQ_1_1:c277669-276992	CHQ_1_00241
prokka_CHQ_1/CHQ_1:Gene	rimI	CHQ_1_1:c278130-277684	CHQ_1_00242
prokka_CHQ_1/CHQ_1:Gene	holD	CHQ_1_1:c278512-278099	CHQ_1_00243
prokka_CHQ_1/CHQ_1:Gene	rsmC	CHQ_1_1:278615-279643	CHQ_1_00244
prokka_CHQ_1/CHQ_1:Gene	CHQ_1_00245	CHQ_1_1:279815-279901	CHQ_1_00245
prokka_CHQ_1/CHQ_1:Gene	CHQ_1_00246	CHQ_1_1:279930-280016	CHQ_1_00246
prokka_CHQ_1/CHQ_1:Gene	CHQ_1_00247	CHQ_1_1:280047-280133	CHQ_1_00247
prokka_CHQ_1/CHQ_1:Gene	CHQ_1_00248	CHQ_1_1:c280394-280155	CHQ_1_00248
prokka_CHQ_1/CHQ_1:Gene	CHQ_1_00249	CHQ_1_1:280659-281705	CHQ_1_00249
prokka_CHQ_1/CHQ_1:Gene	fhuF	CHQ_1_1:281812-282600	CHQ_1_00250
prokka_CHQ_1/CHQ_1:Gene	licC_1	CHQ_1_1:c283994-282651	CHQ_1_00251
prokka_CHQ_1/CHQ_1:Gene	CHQ_1_00252	CHQ_1_1:284328-284786	CHQ_1_00252
prokka_CHQ_1/CHQ_1:Gene	bglJ	CHQ_1_1:c285466-284792	CHQ_1_00253
prokka_CHQ_1/CHQ_1:Gene	yjjQ	CHQ_1_1:c286149-285427	CHQ_1_00254
prokka_CHQ_1/CHQ_1:Gene	rhaR_1	CHQ_1_1:c287295-286414	CHQ_1_00255
prokka_CHQ_1/CHQ_1:Gene	pobA	CHQ_1_1:c288496-287312	CHQ_1_00256
prokka_CHQ_1/CHQ_1:Gene	yjjP	CHQ_1_1:288777-289553	CHQ_1_00257
prokka_CHQ_1/CHQ_1:Gene	CHQ_1_00258	CHQ_1_1:289544-290017	CHQ_1_00258
prokka_CHQ_1/CHQ_1:Gene	dnaT	CHQ_1_1:290120-290659	CHQ_1_00259
prokka_CHQ_1/CHQ_1:Gene	dnaC	CHQ_1_1:290656-291399	CHQ_1_00260
prokka_CHQ_1/CHQ_1:Gene	CHQ_1_00261	CHQ_1_1:291465-291959	CHQ_1_00261
prokka_CHQ_1/CHQ_1:Gene	mdoB	CHQ_1_1:292217-294508	CHQ_1_00262
prokka_CHQ_1/CHQ_1:Gene	CHQ_1_00263	CHQ_1_1:c295501-294563	CHQ_1_00263
prokka_CHQ_1/CHQ_1:Gene	frlB_1	CHQ_1_1:c296651-295641	CHQ_1_00264
prokka_CHQ_1/CHQ_1:Gene	glmS_1	CHQ_1_1:c297730-296669	CHQ_1_00265
prokka_CHQ_1/CHQ_1:Gene	manZ_1	CHQ_1_1:c298594-297743	CHQ_1_00266
prokka_CHQ_1/CHQ_1:Gene	agaC	CHQ_1_1:c299351-298572	CHQ_1_00267
prokka_CHQ_1/CHQ_1:Gene	CHQ_1_00268	CHQ_1_1:c299838-299368	CHQ_1_00268
prokka_CHQ_1/CHQ_1:Gene	CHQ_1_00269	CHQ_1_1:c300275-299853	CHQ_1_00269
prokka_CHQ_1/CHQ_1:Gene	norR_1	CHQ_1_1:c303140-300375	CHQ_1_00270
prokka_CHQ_1/CHQ_1:Gene	mshD	CHQ_1_1:c304070-303240	CHQ_1_00271
prokka_CHQ_1/CHQ_1:Gene	CHQ_1_00272	CHQ_1_1:304103-304636	CHQ_1_00272
prokka_CHQ_1/CHQ_1:Gene	hexR_1	CHQ_1_1:304707-305570	CHQ_1_00273
prokka_CHQ_1/CHQ_1:Gene	dgoA	CHQ_1_1:c306166-305567	CHQ_1_00274
prokka_CHQ_1/CHQ_1:Gene	dgoK1	CHQ_1_1:c307025-306153	CHQ_1_00275
prokka_CHQ_1/CHQ_1:Gene	sglT	CHQ_1_1:c308506-307022	CHQ_1_00276
prokka_CHQ_1/CHQ_1:Gene	rutC_1	CHQ_1_1:c309001-308609	CHQ_1_00277
prokka_CHQ_1/CHQ_1:Gene	dan	CHQ_1_1:c310451-309012	CHQ_1_00278
prokka_CHQ_1/CHQ_1:Gene	CHQ_1_00279	CHQ_1_1:310652-311872	CHQ_1_00279
prokka_CHQ_1/CHQ_1:Gene	lhpD	CHQ_1_1:c313073-312057	CHQ_1_00280
prokka_CHQ_1/CHQ_1:Gene	yveA	CHQ_1_1:c314686-313085	CHQ_1_00281
prokka_CHQ_1/CHQ_1:Gene	CHQ_1_00282	CHQ_1_1:c316306-314702	CHQ_1_00282
prokka_CHQ_1/CHQ_1:Gene	dapAL	CHQ_1_1:c317241-316321	CHQ_1_00283
prokka_CHQ_1/CHQ_1:Gene	rhaS_1	CHQ_1_1:c318217-317393	CHQ_1_00284
prokka_CHQ_1/CHQ_1:Gene	CHQ_1_00285	CHQ_1_1:318528-319475	CHQ_1_00285
prokka_CHQ_1/CHQ_1:Gene	thiO	CHQ_1_1:319472-320581	CHQ_1_00286
prokka_CHQ_1/CHQ_1:Gene	CHQ_1_00287	CHQ_1_1:320578-320841	CHQ_1_00287
prokka_CHQ_1/CHQ_1:Gene	hcnB	CHQ_1_1:320822-322084	CHQ_1_00288
prokka_CHQ_1/CHQ_1:Gene	farR	CHQ_1_1:c322528-322088	CHQ_1_00289
prokka_CHQ_1/CHQ_1:Gene	hpcE_1	CHQ_1_1:322815-323447	CHQ_1_00290
prokka_CHQ_1/CHQ_1:Gene	hpcE_2	CHQ_1_1:323444-324208	CHQ_1_00291
prokka_CHQ_1/CHQ_1:Gene	betB_1	CHQ_1_1:324205-325671	CHQ_1_00292
prokka_CHQ_1/CHQ_1:Gene	hpcB	CHQ_1_1:325673-326530	CHQ_1_00293
prokka_CHQ_1/CHQ_1:Gene	hpcD	CHQ_1_1:326540-326920	CHQ_1_00294
prokka_CHQ_1/CHQ_1:Gene	hpcG	CHQ_1_1:327029-327832	CHQ_1_00295
prokka_CHQ_1/CHQ_1:Gene	hpcH	CHQ_1_1:327843-328640	CHQ_1_00296
prokka_CHQ_1/CHQ_1:Gene	ttuB_1	CHQ_1_1:328662-330020	CHQ_1_00297
prokka_CHQ_1/CHQ_1:Gene	rhaR_2	CHQ_1_1:330030-330920	CHQ_1_00298
prokka_CHQ_1/CHQ_1:Gene	hpaB	CHQ_1_1:331144-332706	CHQ_1_00299
prokka_CHQ_1/CHQ_1:Gene	hpaC	CHQ_1_1:332726-333238	CHQ_1_00300
prokka_CHQ_1/CHQ_1:Gene	btsT	CHQ_1_1:333534-335684	CHQ_1_00301
prokka_CHQ_1/CHQ_1:Gene	CHQ_1_00302	CHQ_1_1:335795-335998	CHQ_1_00302
prokka_CHQ_1/CHQ_1:Gene	yjiA	CHQ_1_1:336010-336966	CHQ_1_00303
prokka_CHQ_1/CHQ_1:Gene	CHQ_1_00304	CHQ_1_1:337359-337904	CHQ_1_00304
prokka_CHQ_1/CHQ_1:Gene	CHQ_1_00305	CHQ_1_1:337904-338224	CHQ_1_00305
prokka_CHQ_1/CHQ_1:Gene	gabD1	CHQ_1_1:c339643-338273	CHQ_1_00306
prokka_CHQ_1/CHQ_1:Gene	CHQ_1_00307	CHQ_1_1:c340717-339803	CHQ_1_00307
prokka_CHQ_1/CHQ_1:Gene	rhaS_2	CHQ_1_1:340933-341748	CHQ_1_00308
prokka_CHQ_1/CHQ_1:Gene	rhtC_1	CHQ_1_1:341796-342458	CHQ_1_00309
prokka_CHQ_1/CHQ_1:Gene	CHQ_1_00310	CHQ_1_1:342451-343743	CHQ_1_00310
prokka_CHQ_1/CHQ_1:Gene	mdtM_1	CHQ_1_1:343797-345032	CHQ_1_00311
prokka_CHQ_1/CHQ_1:Gene	CHQ_1_00312	CHQ_1_1:345058-345297	CHQ_1_00312
prokka_CHQ_1/CHQ_1:Gene	fldC	CHQ_1_1:345395-346546	CHQ_1_00313
prokka_CHQ_1/CHQ_1:Gene	fldI	CHQ_1_1:346556-347323	CHQ_1_00314
prokka_CHQ_1/CHQ_1:Gene	CHQ_1_00315	CHQ_1_1:347320-347574	CHQ_1_00315
prokka_CHQ_1/CHQ_1:Gene	CHQ_1_00316	CHQ_1_1:c348635-347571	CHQ_1_00316
prokka_CHQ_1/CHQ_1:Gene	yibH_1	CHQ_1_1:c349692-348625	CHQ_1_00317
prokka_CHQ_1/CHQ_1:Gene	slyA_1	CHQ_1_1:c350163-349699	CHQ_1_00318
prokka_CHQ_1/CHQ_1:Gene	CHQ_1_00319	CHQ_1_1:c350492-350328	CHQ_1_00319
prokka_CHQ_1/CHQ_1:Gene	norG_1	CHQ_1_1:350670-352082	CHQ_1_00320
prokka_CHQ_1/CHQ_1:Gene	rep_1	CHQ_1_1:352387-354237	CHQ_1_00321
prokka_CHQ_1/CHQ_1:Gene	fosA	CHQ_1_1:c354667-354248	CHQ_1_00322
prokka_CHQ_1/CHQ_1:Gene	syrM1	CHQ_1_1:c355569-354661	CHQ_1_00323
prokka_CHQ_1/CHQ_1:Gene	kefG	CHQ_1_1:355656-356438	CHQ_1_00324
prokka_CHQ_1/CHQ_1:Gene	betI_1	CHQ_1_1:356580-357164	CHQ_1_00325
prokka_CHQ_1/CHQ_1:Gene	CHQ_1_00326	CHQ_1_1:357186-357992	CHQ_1_00326
prokka_CHQ_1/CHQ_1:Gene	CHQ_1_00327	CHQ_1_1:357989-358507	CHQ_1_00327
prokka_CHQ_1/CHQ_1:Gene	pduA_1	CHQ_1_1:358957-359235	CHQ_1_00328
prokka_CHQ_1/CHQ_1:Gene	pduA_2	CHQ_1_1:359253-359537	CHQ_1_00329
prokka_CHQ_1/CHQ_1:Gene	pduA_3	CHQ_1_1:359550-359828	CHQ_1_00330
prokka_CHQ_1/CHQ_1:Gene	adhE_1	CHQ_1_1:359882-361486	CHQ_1_00331
prokka_CHQ_1/CHQ_1:Gene	CHQ_1_00332	CHQ_1_1:361512-361778	CHQ_1_00332
prokka_CHQ_1/CHQ_1:Gene	adhE_2	CHQ_1_1:361787-362941	CHQ_1_00333
prokka_CHQ_1/CHQ_1:Gene	cutC_1	CHQ_1_1:362967-366353	CHQ_1_00334
prokka_CHQ_1/CHQ_1:Gene	cutD_1	CHQ_1_1:366439-367386	CHQ_1_00335
prokka_CHQ_1/CHQ_1:Gene	CHQ_1_00336	CHQ_1_1:367399-367797	CHQ_1_00336
prokka_CHQ_1/CHQ_1:Gene	pduL_1	CHQ_1_1:367794-368414	CHQ_1_00337
prokka_CHQ_1/CHQ_1:Gene	CHQ_1_00338	CHQ_1_1:368427-369095	CHQ_1_00338
prokka_CHQ_1/CHQ_1:Gene	mdtJ_1	CHQ_1_1:369127-369531	CHQ_1_00339
prokka_CHQ_1/CHQ_1:Gene	qacC	CHQ_1_1:369551-369880	CHQ_1_00340
prokka_CHQ_1/CHQ_1:Gene	trpS2	CHQ_1_1:370160-371167	CHQ_1_00341
prokka_CHQ_1/CHQ_1:Gene	CHQ_1_00342	CHQ_1_1:371474-372541	CHQ_1_00342
prokka_CHQ_1/CHQ_1:Gene	rbbA	CHQ_1_1:372538-375282	CHQ_1_00343
prokka_CHQ_1/CHQ_1:Gene	yhhJ	CHQ_1_1:375282-376406	CHQ_1_00344
prokka_CHQ_1/CHQ_1:Gene	CHQ_1_00345	CHQ_1_1:c376765-376448	CHQ_1_00345
prokka_CHQ_1/CHQ_1:Gene	CHQ_1_00346	CHQ_1_1:c377841-377731	CHQ_1_00346
prokka_CHQ_1/CHQ_1:Gene	CHQ_1_00347	CHQ_1_2:78-377	CHQ_1_00347
prokka_CHQ_1/CHQ_1:Gene	CHQ_1_00348	CHQ_1_2:377-1162	CHQ_1_00348
prokka_CHQ_1/CHQ_1:Gene	CHQ_1_00349	CHQ_1_2:1159-1293	CHQ_1_00349
prokka_CHQ_1/CHQ_1:Gene	CHQ_1_00350	CHQ_1_2:1290-1634	CHQ_1_00350
prokka_CHQ_1/CHQ_1:Gene	CHQ_1_00351	CHQ_1_2:1627-2109	CHQ_1_00351
prokka_CHQ_1/CHQ_1:Gene	CHQ_1_00352	CHQ_1_2:2106-2330	CHQ_1_00352
prokka_CHQ_1/CHQ_1:Gene	CHQ_1_00353	CHQ_1_2:2323-2601	CHQ_1_00353
prokka_CHQ_1/CHQ_1:Gene	CHQ_1_00354	CHQ_1_2:3126-4268	CHQ_1_00354
prokka_CHQ_1/CHQ_1:Gene	icd_1	CHQ_1_2:c5631-4381	CHQ_1_00355
prokka_CHQ_1/CHQ_1:Gene	rluE	CHQ_1_2:5872-6522	CHQ_1_00356
prokka_CHQ_1/CHQ_1:Gene	nudJ	CHQ_1_2:6539-6997	CHQ_1_00357
prokka_CHQ_1/CHQ_1:Gene	mnmA	CHQ_1_2:6994-8160	CHQ_1_00358
prokka_CHQ_1/CHQ_1:Gene	hflD	CHQ_1_2:8215-8856	CHQ_1_00359
prokka_CHQ_1/CHQ_1:Gene	purB	CHQ_1_2:8860-10230	CHQ_1_00360
prokka_CHQ_1/CHQ_1:Gene	CHQ_1_00361	CHQ_1_2:c10647-10285	CHQ_1_00361
prokka_CHQ_1/CHQ_1:Gene	CHQ_1_00362	CHQ_1_2:c11537-10731	CHQ_1_00362
prokka_CHQ_1/CHQ_1:Gene	phoP_1	CHQ_1_2:11820-12491	CHQ_1_00363
prokka_CHQ_1/CHQ_1:Gene	phoQ	CHQ_1_2:12491-13957	CHQ_1_00364
prokka_CHQ_1/CHQ_1:Gene	roxA	CHQ_1_2:14043-15164	CHQ_1_00365
prokka_CHQ_1/CHQ_1:Gene	pepT	CHQ_1_2:c16536-15304	CHQ_1_00366
prokka_CHQ_1/CHQ_1:Gene	potA_1	CHQ_1_2:16794-17930	CHQ_1_00367
prokka_CHQ_1/CHQ_1:Gene	potB	CHQ_1_2:17914-18771	CHQ_1_00368
prokka_CHQ_1/CHQ_1:Gene	ydcV_1	CHQ_1_2:18768-19553	CHQ_1_00369
prokka_CHQ_1/CHQ_1:Gene	potD	CHQ_1_2:19550-20596	CHQ_1_00370
prokka_CHQ_1/CHQ_1:Gene	CHQ_1_00371	CHQ_1_2:c22365-20641	CHQ_1_00371
prokka_CHQ_1/CHQ_1:Gene	dmdB	CHQ_1_2:c23990-22362	CHQ_1_00372
prokka_CHQ_1/CHQ_1:Gene	tktA_1	CHQ_1_2:c24614-24228	CHQ_1_00373
prokka_CHQ_1/CHQ_1:Gene	merP_1	CHQ_1_3:54-329	CHQ_1_00374
prokka_CHQ_1/CHQ_1:Gene	merC_1	CHQ_1_3:357-764	CHQ_1_00375
prokka_CHQ_1/CHQ_1:Gene	merT	CHQ_1_4:425-622	CHQ_1_00376
prokka_CHQ_1/CHQ_1:Gene	arnC_1	CHQ_1_4:c1884-889	CHQ_1_00377
prokka_CHQ_1/CHQ_1:Gene	CHQ_1_00378	CHQ_1_4:c2772-1945	CHQ_1_00378
prokka_CHQ_1/CHQ_1:Gene	dauA_1	CHQ_1_4:c4269-2791	CHQ_1_00379
prokka_CHQ_1/CHQ_1:Gene	CHQ_1_00380	CHQ_1_4:c5201-4944	CHQ_1_00380
prokka_CHQ_1/CHQ_1:Gene	CHQ_1_00381	CHQ_1_4:5373-8357	CHQ_1_00381
prokka_CHQ_1/CHQ_1:Gene	merP_2	CHQ_1_4:8601-8876	CHQ_1_00382
prokka_CHQ_1/CHQ_1:Gene	merC_2	CHQ_1_4:8904-9329	CHQ_1_00383
prokka_CHQ_1/CHQ_1:Gene	CHQ_1_00384	CHQ_1_4:c9940-9512	CHQ_1_00384
prokka_CHQ_1/CHQ_1:Gene	CHQ_1_00385	CHQ_1_4:c10741-10130	CHQ_1_00385
prokka_CHQ_1/CHQ_1:Gene	CHQ_1_00386	CHQ_1_5:334-603	CHQ_1_00386
prokka_CHQ_1/CHQ_1:Gene	CHQ_1_00387	CHQ_1_5:c952-584	CHQ_1_00387
prokka_CHQ_1/CHQ_1:Gene	CHQ_1_00388	CHQ_1_7:c1536-589	CHQ_1_00388
prokka_CHQ_1/CHQ_1:Gene	ligK	CHQ_1_7:c2228-1533	CHQ_1_00389
prokka_CHQ_1/CHQ_1:Gene	kipR	CHQ_1_7:2395-3111	CHQ_1_00390
prokka_CHQ_1/CHQ_1:Gene	ttuB_2	CHQ_1_7:c4484-3150	CHQ_1_00391
prokka_CHQ_1/CHQ_1:Gene	yjhB_1	CHQ_1_7:c5811-4543	CHQ_1_00392
prokka_CHQ_1/CHQ_1:Gene	CHQ_1_00393	CHQ_1_7:c6856-5801	CHQ_1_00393
prokka_CHQ_1/CHQ_1:Gene	hoxN	CHQ_1_7:c8188-7175	CHQ_1_00394
prokka_CHQ_1/CHQ_1:Gene	hypF	CHQ_1_7:c10419-8185	CHQ_1_00395
prokka_CHQ_1/CHQ_1:Gene	cooF	CHQ_1_7:c10955-10428	CHQ_1_00396
prokka_CHQ_1/CHQ_1:Gene	ascG_1	CHQ_1_7:c12104-11091	CHQ_1_00397
prokka_CHQ_1/CHQ_1:Gene	bglF_1	CHQ_1_7:12371-13819	CHQ_1_00398
prokka_CHQ_1/CHQ_1:Gene	bglH_1	CHQ_1_7:13846-15270	CHQ_1_00399
prokka_CHQ_1/CHQ_1:Gene	symE	CHQ_1_7:15452-15745	CHQ_1_00400
prokka_CHQ_1/CHQ_1:Gene	hycI	CHQ_1_7:c16227-15757	CHQ_1_00401
prokka_CHQ_1/CHQ_1:Gene	CHQ_1_00402	CHQ_1_7:c16630-16220	CHQ_1_00402
prokka_CHQ_1/CHQ_1:Gene	hycG	CHQ_1_7:c17394-16627	CHQ_1_00403
prokka_CHQ_1/CHQ_1:Gene	ndhI	CHQ_1_7:c17936-17394	CHQ_1_00404
prokka_CHQ_1/CHQ_1:Gene	hycE	CHQ_1_7:c19655-17946	CHQ_1_00405
prokka_CHQ_1/CHQ_1:Gene	hycD	CHQ_1_7:c20596-19673	CHQ_1_00406
prokka_CHQ_1/CHQ_1:Gene	hyfB	CHQ_1_7:c22425-20599	CHQ_1_00407
prokka_CHQ_1/CHQ_1:Gene	hyfA_1	CHQ_1_7:c23030-22422	CHQ_1_00408
prokka_CHQ_1/CHQ_1:Gene	hycA	CHQ_1_7:c23562-23113	CHQ_1_00409
prokka_CHQ_1/CHQ_1:Gene	hypA	CHQ_1_7:23773-24117	CHQ_1_00410
prokka_CHQ_1/CHQ_1:Gene	hypB	CHQ_1_7:24121-24993	CHQ_1_00411
prokka_CHQ_1/CHQ_1:Gene	hypC	CHQ_1_7:24984-25256	CHQ_1_00412
prokka_CHQ_1/CHQ_1:Gene	hypD	CHQ_1_7:25256-26377	CHQ_1_00413
prokka_CHQ_1/CHQ_1:Gene	hypE	CHQ_1_7:26374-27384	CHQ_1_00414
prokka_CHQ_1/CHQ_1:Gene	fhlA	CHQ_1_7:27620-29692	CHQ_1_00415
prokka_CHQ_1/CHQ_1:Gene	gmuD_1	CHQ_1_7:c31146-29746	CHQ_1_00416
prokka_CHQ_1/CHQ_1:Gene	CHQ_1_00417	CHQ_1_7:c32133-31198	CHQ_1_00417
prokka_CHQ_1/CHQ_1:Gene	CHQ_1_00418	CHQ_1_7:c33389-32118	CHQ_1_00418
prokka_CHQ_1/CHQ_1:Gene	scrY_1	CHQ_1_7:c34739-33402	CHQ_1_00419
prokka_CHQ_1/CHQ_1:Gene	licC_2	CHQ_1_7:c36375-35002	CHQ_1_00420
prokka_CHQ_1/CHQ_1:Gene	gmuB	CHQ_1_7:36451-36765	CHQ_1_00421
prokka_CHQ_1/CHQ_1:Gene	licC_3	CHQ_1_7:36775-38097	CHQ_1_00422
prokka_CHQ_1/CHQ_1:Gene	chbA_1	CHQ_1_7:38121-38435	CHQ_1_00423
prokka_CHQ_1/CHQ_1:Gene	mak_1	CHQ_1_7:38486-39400	CHQ_1_00424
prokka_CHQ_1/CHQ_1:Gene	ascG_2	CHQ_1_7:39517-40419	CHQ_1_00425
prokka_CHQ_1/CHQ_1:Gene	CHQ_1_00426	CHQ_1_7:40600-41517	CHQ_1_00426
prokka_CHQ_1/CHQ_1:Gene	mntB_1	CHQ_1_7:41514-42335	CHQ_1_00427
prokka_CHQ_1/CHQ_1:Gene	mntB_2	CHQ_1_7:42332-43180	CHQ_1_00428
prokka_CHQ_1/CHQ_1:Gene	mntB_3	CHQ_1_7:43174-44028	CHQ_1_00429
prokka_CHQ_1/CHQ_1:Gene	CHQ_1_00430	CHQ_1_7:c44439-44098	CHQ_1_00430
prokka_CHQ_1/CHQ_1:Gene	CHQ_1_00431	CHQ_1_7:c44810-44517	CHQ_1_00431
prokka_CHQ_1/CHQ_1:Gene	CHQ_1_00432	CHQ_1_7:45026-47389	CHQ_1_00432
prokka_CHQ_1/CHQ_1:Gene	hemS	CHQ_1_7:47461-48492	CHQ_1_00433
prokka_CHQ_1/CHQ_1:Gene	hmuT	CHQ_1_7:48489-49307	CHQ_1_00434
prokka_CHQ_1/CHQ_1:Gene	hmuU_1	CHQ_1_7:49307-50302	CHQ_1_00435
prokka_CHQ_1/CHQ_1:Gene	hmuV	CHQ_1_7:50295-51074	CHQ_1_00436
prokka_CHQ_1/CHQ_1:Gene	mutS	CHQ_1_7:51228-53789	CHQ_1_00437
prokka_CHQ_1/CHQ_1:Gene	hokE	CHQ_1_7:c54069-53917	CHQ_1_00438
prokka_CHQ_1/CHQ_1:Gene	vdcD	CHQ_1_7:c54737-54501	CHQ_1_00439
prokka_CHQ_1/CHQ_1:Gene	edcC	CHQ_1_7:c56175-54748	CHQ_1_00440
prokka_CHQ_1/CHQ_1:Gene	ecdB	CHQ_1_7:c56768-56175	CHQ_1_00441
prokka_CHQ_1/CHQ_1:Gene	hosA	CHQ_1_7:56941-57348	CHQ_1_00442
prokka_CHQ_1/CHQ_1:Gene	dmlR_2	CHQ_1_7:c58244-57357	CHQ_1_00443
prokka_CHQ_1/CHQ_1:Gene	mdtD_1	CHQ_1_7:58353-59555	CHQ_1_00444
prokka_CHQ_1/CHQ_1:Gene	CHQ_1_00445	CHQ_1_7:59552-59929	CHQ_1_00445
prokka_CHQ_1/CHQ_1:Gene	rpoS	CHQ_1_7:c60974-59982	CHQ_1_00446
prokka_CHQ_1/CHQ_1:Gene	nlpD_1	CHQ_1_7:c62263-61133	CHQ_1_00447
prokka_CHQ_1/CHQ_1:Gene	pcm	CHQ_1_7:c63015-62389	CHQ_1_00448
prokka_CHQ_1/CHQ_1:Gene	surE	CHQ_1_7:c63770-63009	CHQ_1_00449
prokka_CHQ_1/CHQ_1:Gene	truD	CHQ_1_7:c64800-63751	CHQ_1_00450
prokka_CHQ_1/CHQ_1:Gene	ispF	CHQ_1_7:c65276-64797	CHQ_1_00451
prokka_CHQ_1/CHQ_1:Gene	ispD	CHQ_1_7:c65986-65276	CHQ_1_00452
prokka_CHQ_1/CHQ_1:Gene	ftsB	CHQ_1_7:c66323-66006	CHQ_1_00453
prokka_CHQ_1/CHQ_1:Gene	ygbE	CHQ_1_7:c66790-66464	CHQ_1_00454
prokka_CHQ_1/CHQ_1:Gene	cysC	CHQ_1_7:c67446-66841	CHQ_1_00455
prokka_CHQ_1/CHQ_1:Gene	cysN	CHQ_1_7:c68873-67446	CHQ_1_00456
prokka_CHQ_1/CHQ_1:Gene	cysD	CHQ_1_7:c69791-68883	CHQ_1_00457
prokka_CHQ_1/CHQ_1:Gene	cysG_1	CHQ_1_7:c71216-69801	CHQ_1_00458
prokka_CHQ_1/CHQ_1:Gene	CHQ_1_00459	CHQ_1_7:71455-72501	CHQ_1_00459
prokka_CHQ_1/CHQ_1:Gene	cysH_1	CHQ_1_7:c73303-72569	CHQ_1_00460
prokka_CHQ_1/CHQ_1:Gene	cysI	CHQ_1_7:c75114-73402	CHQ_1_00461
prokka_CHQ_1/CHQ_1:Gene	cysJ	CHQ_1_7:c76913-75114	CHQ_1_00462
prokka_CHQ_1/CHQ_1:Gene	queD	CHQ_1_7:77230-77595	CHQ_1_00463
prokka_CHQ_1/CHQ_1:Gene	queE	CHQ_1_7:c78307-77636	CHQ_1_00464
prokka_CHQ_1/CHQ_1:Gene	CHQ_1_00465	CHQ_1_7:78785-79894	CHQ_1_00465
prokka_CHQ_1/CHQ_1:Gene	eno	CHQ_1_7:c81256-79958	CHQ_1_00466
prokka_CHQ_1/CHQ_1:Gene	pyrG_1	CHQ_1_7:c82975-81338	CHQ_1_00467
prokka_CHQ_1/CHQ_1:Gene	mazG	CHQ_1_7:c84047-83256	CHQ_1_00468
prokka_CHQ_1/CHQ_1:Gene	relA	CHQ_1_7:c86395-84158	CHQ_1_00469
prokka_CHQ_1/CHQ_1:Gene	rlmD	CHQ_1_7:c87821-86517	CHQ_1_00470
prokka_CHQ_1/CHQ_1:Gene	barA	CHQ_1_7:87934-90684	CHQ_1_00471
prokka_CHQ_1/CHQ_1:Gene	garK	CHQ_1_7:c92051-90912	CHQ_1_00472
prokka_CHQ_1/CHQ_1:Gene	gudD	CHQ_1_7:c93464-92124	CHQ_1_00473
prokka_CHQ_1/CHQ_1:Gene	gudX	CHQ_1_7:c94823-93483	CHQ_1_00474
prokka_CHQ_1/CHQ_1:Gene	gudP_2	CHQ_1_7:c96178-94826	CHQ_1_00475
prokka_CHQ_1/CHQ_1:Gene	CHQ_1_00476	CHQ_1_7:c97092-96649	CHQ_1_00476
prokka_CHQ_1/CHQ_1:Gene	truC	CHQ_1_7:c97891-97097	CHQ_1_00477
prokka_CHQ_1/CHQ_1:Gene	yqcC	CHQ_1_7:c98220-97891	CHQ_1_00478
prokka_CHQ_1/CHQ_1:Gene	syd	CHQ_1_7:c99398-98853	CHQ_1_00479
prokka_CHQ_1/CHQ_1:Gene	queF	CHQ_1_7:99467-100312	CHQ_1_00480
prokka_CHQ_1/CHQ_1:Gene	ppnN	CHQ_1_7:100424-101791	CHQ_1_00481
prokka_CHQ_1/CHQ_1:Gene	sdaC	CHQ_1_7:102292-103581	CHQ_1_00482
prokka_CHQ_1/CHQ_1:Gene	sdaB	CHQ_1_7:103647-105014	CHQ_1_00483
prokka_CHQ_1/CHQ_1:Gene	ssuA_1	CHQ_1_7:105146-106087	CHQ_1_00484
prokka_CHQ_1/CHQ_1:Gene	sfnC_1	CHQ_1_7:c107356-106133	CHQ_1_00485
prokka_CHQ_1/CHQ_1:Gene	ygcS	CHQ_1_7:c108788-107367	CHQ_1_00486
prokka_CHQ_1/CHQ_1:Gene	CHQ_1_00487	CHQ_1_7:c109860-108982	CHQ_1_00487
prokka_CHQ_1/CHQ_1:Gene	metI_2	CHQ_1_7:c110555-109857	CHQ_1_00488
prokka_CHQ_1/CHQ_1:Gene	metN_2	CHQ_1_7:c111574-110552	CHQ_1_00489
prokka_CHQ_1/CHQ_1:Gene	dmoA	CHQ_1_7:c112977-111571	CHQ_1_00490
prokka_CHQ_1/CHQ_1:Gene	CHQ_1_00491	CHQ_1_7:c114448-113051	CHQ_1_00491
prokka_CHQ_1/CHQ_1:Gene	msuD_1	CHQ_1_7:c115667-114495	CHQ_1_00492
prokka_CHQ_1/CHQ_1:Gene	norR_2	CHQ_1_7:115940-117883	CHQ_1_00493
prokka_CHQ_1/CHQ_1:Gene	ygdG	CHQ_1_7:117980-118735	CHQ_1_00494
prokka_CHQ_1/CHQ_1:Gene	fucO	CHQ_1_7:c119942-118794	CHQ_1_00495
prokka_CHQ_1/CHQ_1:Gene	fucA	CHQ_1_7:c120617-119970	CHQ_1_00496
prokka_CHQ_1/CHQ_1:Gene	fucP	CHQ_1_7:121184-122494	CHQ_1_00497
prokka_CHQ_1/CHQ_1:Gene	fucI	CHQ_1_7:122527-124302	CHQ_1_00498
prokka_CHQ_1/CHQ_1:Gene	fucK	CHQ_1_7:124410-125828	CHQ_1_00499
prokka_CHQ_1/CHQ_1:Gene	fucU	CHQ_1_7:125830-126252	CHQ_1_00500
prokka_CHQ_1/CHQ_1:Gene	ydjF	CHQ_1_7:126311-127021	CHQ_1_00501
prokka_CHQ_1/CHQ_1:Gene	rlmM	CHQ_1_7:c128174-127074	CHQ_1_00502
prokka_CHQ_1/CHQ_1:Gene	CHQ_1_00503	CHQ_1_7:c128562-128167	CHQ_1_00503
prokka_CHQ_1/CHQ_1:Gene	gcvA_1	CHQ_1_7:c129406-128582	CHQ_1_00504
prokka_CHQ_1/CHQ_1:Gene	ygdR_2	CHQ_1_7:c130081-129851	CHQ_1_00505
prokka_CHQ_1/CHQ_1:Gene	csdA	CHQ_1_7:130273-131478	CHQ_1_00506
prokka_CHQ_1/CHQ_1:Gene	csdE	CHQ_1_7:131478-131909	CHQ_1_00507
prokka_CHQ_1/CHQ_1:Gene	tcdA	CHQ_1_7:c132757-131936	CHQ_1_00508
prokka_CHQ_1/CHQ_1:Gene	mltA	CHQ_1_7:c133942-132845	CHQ_1_00509
prokka_CHQ_1/CHQ_1:Gene	CHQ_1_00510	CHQ_1_7:134153-134229	CHQ_1_00510
prokka_CHQ_1/CHQ_1:Gene	CHQ_1_00511	CHQ_1_7:134263-134339	CHQ_1_00511
prokka_CHQ_1/CHQ_1:Gene	CHQ_1_00512	CHQ_1_7:134372-134448	CHQ_1_00512
prokka_CHQ_1/CHQ_1:Gene	cobT_1	CHQ_1_7:c135599-134544	CHQ_1_00513
prokka_CHQ_1/CHQ_1:Gene	cobU	CHQ_1_7:c136188-135643	CHQ_1_00514
prokka_CHQ_1/CHQ_1:Gene	cobQ	CHQ_1_7:c137705-136182	CHQ_1_00515
prokka_CHQ_1/CHQ_1:Gene	cbiO	CHQ_1_7:c138526-137702	CHQ_1_00516
prokka_CHQ_1/CHQ_1:Gene	cbiQ	CHQ_1_7:c139212-138535	CHQ_1_00517
prokka_CHQ_1/CHQ_1:Gene	cbiN	CHQ_1_7:c139480-139199	CHQ_1_00518
prokka_CHQ_1/CHQ_1:Gene	cbiM	CHQ_1_7:c140219-139482	CHQ_1_00519
prokka_CHQ_1/CHQ_1:Gene	cbiL	CHQ_1_7:c140929-140219	CHQ_1_00520
prokka_CHQ_1/CHQ_1:Gene	cbiK	CHQ_1_7:c141720-140926	CHQ_1_00521
prokka_CHQ_1/CHQ_1:Gene	cbiJ	CHQ_1_7:c142516-141731	CHQ_1_00522
prokka_CHQ_1/CHQ_1:Gene	cbiH	CHQ_1_7:c143238-142513	CHQ_1_00523
prokka_CHQ_1/CHQ_1:Gene	cbiG	CHQ_1_7:c144293-143238	CHQ_1_00524
prokka_CHQ_1/CHQ_1:Gene	cbiF	CHQ_1_7:c145047-144274	CHQ_1_00525
prokka_CHQ_1/CHQ_1:Gene	cbiT	CHQ_1_7:c145609-145040	CHQ_1_00526
prokka_CHQ_1/CHQ_1:Gene	cbiE	CHQ_1_7:c146204-145599	CHQ_1_00527
prokka_CHQ_1/CHQ_1:Gene	cbiD	CHQ_1_7:c147337-146198	CHQ_1_00528
prokka_CHQ_1/CHQ_1:Gene	cbiC	CHQ_1_7:c147969-147334	CHQ_1_00529
prokka_CHQ_1/CHQ_1:Gene	cobD_1	CHQ_1_7:c148939-147980	CHQ_1_00530
prokka_CHQ_1/CHQ_1:Gene	cbiA	CHQ_1_7:c150312-148936	CHQ_1_00531
prokka_CHQ_1/CHQ_1:Gene	rhaS_3	CHQ_1_7:c151774-150863	CHQ_1_00532
prokka_CHQ_1/CHQ_1:Gene	pduF	CHQ_1_7:c152763-151963	CHQ_1_00533
prokka_CHQ_1/CHQ_1:Gene	pduA_4	CHQ_1_7:153289-153573	CHQ_1_00534
prokka_CHQ_1/CHQ_1:Gene	pduB	CHQ_1_7:153570-154382	CHQ_1_00535
prokka_CHQ_1/CHQ_1:Gene	pduC	CHQ_1_7:154401-156065	CHQ_1_00536
prokka_CHQ_1/CHQ_1:Gene	pduD	CHQ_1_7:156076-156750	CHQ_1_00537
prokka_CHQ_1/CHQ_1:Gene	pduE	CHQ_1_7:156765-157286	CHQ_1_00538
prokka_CHQ_1/CHQ_1:Gene	ddrA	CHQ_1_7:157302-159134	CHQ_1_00539
prokka_CHQ_1/CHQ_1:Gene	CHQ_1_00540	CHQ_1_7:159124-159474	CHQ_1_00540
prokka_CHQ_1/CHQ_1:Gene	pduA_5	CHQ_1_7:159494-159769	CHQ_1_00541
prokka_CHQ_1/CHQ_1:Gene	CHQ_1_00542	CHQ_1_7:159794-160255	CHQ_1_00542
prokka_CHQ_1/CHQ_1:Gene	pduL_2	CHQ_1_7:160255-160887	CHQ_1_00543
prokka_CHQ_1/CHQ_1:Gene	CHQ_1_00544	CHQ_1_7:160884-161375	CHQ_1_00544
prokka_CHQ_1/CHQ_1:Gene	ccmL	CHQ_1_7:161379-161654	CHQ_1_00545
prokka_CHQ_1/CHQ_1:Gene	CHQ_1_00546	CHQ_1_7:161664-162674	CHQ_1_00546
prokka_CHQ_1/CHQ_1:Gene	adhE_3	CHQ_1_7:162671-164065	CHQ_1_00547
prokka_CHQ_1/CHQ_1:Gene	adhE_4	CHQ_1_7:164077-165189	CHQ_1_00548
prokka_CHQ_1/CHQ_1:Gene	rsxC_1	CHQ_1_7:165186-166541	CHQ_1_00549
prokka_CHQ_1/CHQ_1:Gene	CHQ_1_00550	CHQ_1_7:166544-167098	CHQ_1_00550
prokka_CHQ_1/CHQ_1:Gene	pduU	CHQ_1_7:167098-167448	CHQ_1_00551
prokka_CHQ_1/CHQ_1:Gene	pduV	CHQ_1_7:167453-167893	CHQ_1_00552
prokka_CHQ_1/CHQ_1:Gene	pduW	CHQ_1_7:167890-169107	CHQ_1_00553
prokka_CHQ_1/CHQ_1:Gene	pduX	CHQ_1_7:169164-170066	CHQ_1_00554
prokka_CHQ_1/CHQ_1:Gene	cobD_2	CHQ_1_7:c171146-170070	CHQ_1_00555
prokka_CHQ_1/CHQ_1:Gene	amiC_1	CHQ_1_7:c172417-171164	CHQ_1_00556
prokka_CHQ_1/CHQ_1:Gene	argA	CHQ_1_7:172645-173976	CHQ_1_00557
prokka_CHQ_1/CHQ_1:Gene	CHQ_1_00558	CHQ_1_7:174206-174526	CHQ_1_00558
prokka_CHQ_1/CHQ_1:Gene	recD	CHQ_1_7:c176428-174584	CHQ_1_00559
prokka_CHQ_1/CHQ_1:Gene	recB	CHQ_1_7:c179961-176425	CHQ_1_00560
prokka_CHQ_1/CHQ_1:Gene	ptrA	CHQ_1_7:c182843-179958	CHQ_1_00561
prokka_CHQ_1/CHQ_1:Gene	recC	CHQ_1_7:c186341-182964	CHQ_1_00562
prokka_CHQ_1/CHQ_1:Gene	CHQ_1_00563	CHQ_1_7:c186677-186354	CHQ_1_00563
prokka_CHQ_1/CHQ_1:Gene	CHQ_1_00564	CHQ_1_7:c187069-186662	CHQ_1_00564
prokka_CHQ_1/CHQ_1:Gene	CHQ_1_00565	CHQ_1_7:c187623-187066	CHQ_1_00565
prokka_CHQ_1/CHQ_1:Gene	CHQ_1_00566	CHQ_1_7:c188171-187620	CHQ_1_00566
prokka_CHQ_1/CHQ_1:Gene	thyA	CHQ_1_7:c189156-188362	CHQ_1_00567
prokka_CHQ_1/CHQ_1:Gene	lgt	CHQ_1_7:c190038-189163	CHQ_1_00568
prokka_CHQ_1/CHQ_1:Gene	ptsP	CHQ_1_7:c192528-190282	CHQ_1_00569
prokka_CHQ_1/CHQ_1:Gene	rppH_1	CHQ_1_7:c193071-192541	CHQ_1_00570
prokka_CHQ_1/CHQ_1:Gene	mutH	CHQ_1_7:193754-194449	CHQ_1_00571
prokka_CHQ_1/CHQ_1:Gene	CHQ_1_00572	CHQ_1_7:194513-195226	CHQ_1_00572
prokka_CHQ_1/CHQ_1:Gene	ygdR_3	CHQ_1_7:195350-195568	CHQ_1_00573
prokka_CHQ_1/CHQ_1:Gene	tas	CHQ_1_7:195788-196828	CHQ_1_00574
prokka_CHQ_1/CHQ_1:Gene	lplT	CHQ_1_7:c198220-197027	CHQ_1_00575
prokka_CHQ_1/CHQ_1:Gene	aas	CHQ_1_7:c200372-198213	CHQ_1_00576
prokka_CHQ_1/CHQ_1:Gene	galR	CHQ_1_7:200993-202009	CHQ_1_00577
prokka_CHQ_1/CHQ_1:Gene	CHQ_1_00578	CHQ_1_7:c202449-201970	CHQ_1_00578
prokka_CHQ_1/CHQ_1:Gene	lldR_1	CHQ_1_7:c203219-202446	CHQ_1_00579
prokka_CHQ_1/CHQ_1:Gene	gmuD_2	CHQ_1_7:c204714-203287	CHQ_1_00580
prokka_CHQ_1/CHQ_1:Gene	licC_4	CHQ_1_7:c206059-204722	CHQ_1_00581
prokka_CHQ_1/CHQ_1:Gene	ascG_3	CHQ_1_7:206350-207360	CHQ_1_00582
prokka_CHQ_1/CHQ_1:Gene	lysA	CHQ_1_7:c208615-207353	CHQ_1_00583
prokka_CHQ_1/CHQ_1:Gene	occR	CHQ_1_7:208752-209678	CHQ_1_00584
prokka_CHQ_1/CHQ_1:Gene	ygeA	CHQ_1_7:c210357-209644	CHQ_1_00585
prokka_CHQ_1/CHQ_1:Gene	CHQ_1_00586	CHQ_1_7:210497-210823	CHQ_1_00586
prokka_CHQ_1/CHQ_1:Gene	lacF	CHQ_1_7:211276-212166	CHQ_1_00587
prokka_CHQ_1/CHQ_1:Gene	dasC	CHQ_1_7:212159-213061	CHQ_1_00588
prokka_CHQ_1/CHQ_1:Gene	msmX	CHQ_1_7:213074-214201	CHQ_1_00589
prokka_CHQ_1/CHQ_1:Gene	yesO	CHQ_1_7:214218-215504	CHQ_1_00590
prokka_CHQ_1/CHQ_1:Gene	CHQ_1_00591	CHQ_1_7:c216903-215560	CHQ_1_00591
prokka_CHQ_1/CHQ_1:Gene	sacA	CHQ_1_7:c218458-217025	CHQ_1_00592
prokka_CHQ_1/CHQ_1:Gene	cscB	CHQ_1_7:c219719-218478	CHQ_1_00593
prokka_CHQ_1/CHQ_1:Gene	ccpA_1	CHQ_1_7:219961-220956	CHQ_1_00594
prokka_CHQ_1/CHQ_1:Gene	araE	CHQ_1_7:c222374-220953	CHQ_1_00595
prokka_CHQ_1/CHQ_1:Gene	kduD_1	CHQ_1_7:c223432-222671	CHQ_1_00596
prokka_CHQ_1/CHQ_1:Gene	ogl	CHQ_1_7:223917-225092	CHQ_1_00597
prokka_CHQ_1/CHQ_1:Gene	kdgM	CHQ_1_7:c225922-225227	CHQ_1_00598
prokka_CHQ_1/CHQ_1:Gene	thlA_1	CHQ_1_7:c227349-226171	CHQ_1_00599
prokka_CHQ_1/CHQ_1:Gene	gltC_2	CHQ_1_7:c228337-227468	CHQ_1_00600
prokka_CHQ_1/CHQ_1:Gene	CHQ_1_00601	CHQ_1_7:228440-228901	CHQ_1_00601
prokka_CHQ_1/CHQ_1:Gene	yqeG	CHQ_1_7:229025-230254	CHQ_1_00602
prokka_CHQ_1/CHQ_1:Gene	pdxI	CHQ_1_7:230375-231253	CHQ_1_00603
prokka_CHQ_1/CHQ_1:Gene	ycgR	CHQ_1_7:231637-232341	CHQ_1_00604
prokka_CHQ_1/CHQ_1:Gene	CHQ_1_00605	CHQ_1_7:232359-232931	CHQ_1_00605
prokka_CHQ_1/CHQ_1:Gene	pdeH_1	CHQ_1_7:233075-233791	CHQ_1_00606
prokka_CHQ_1/CHQ_1:Gene	CHQ_1_00607	CHQ_1_7:c234460-233825	CHQ_1_00607
prokka_CHQ_1/CHQ_1:Gene	mrkD_1	CHQ_1_7:c235469-234474	CHQ_1_00608
prokka_CHQ_1/CHQ_1:Gene	htrE_1	CHQ_1_7:c237946-235460	CHQ_1_00609
prokka_CHQ_1/CHQ_1:Gene	yadV_1	CHQ_1_7:c238659-237958	CHQ_1_00610
prokka_CHQ_1/CHQ_1:Gene	CHQ_1_00611	CHQ_1_7:c239363-238755	CHQ_1_00611
prokka_CHQ_1/CHQ_1:Gene	CHQ_1_00612	CHQ_1_7:240069-240278	CHQ_1_00612
prokka_CHQ_1/CHQ_1:Gene	CHQ_1_00613	CHQ_1_7:c241270-240374	CHQ_1_00613
prokka_CHQ_1/CHQ_1:Gene	CHQ_1_00614	CHQ_1_7:241352-241858	CHQ_1_00614
prokka_CHQ_1/CHQ_1:Gene	CHQ_1_00615	CHQ_1_7:c242811-241855	CHQ_1_00615
prokka_CHQ_1/CHQ_1:Gene	CHQ_1_00616	CHQ_1_7:c243953-242964	CHQ_1_00616
prokka_CHQ_1/CHQ_1:Gene	yehB	CHQ_1_7:c246446-243966	CHQ_1_00617
prokka_CHQ_1/CHQ_1:Gene	yehC	CHQ_1_7:c247142-246459	CHQ_1_00618
prokka_CHQ_1/CHQ_1:Gene	yehD	CHQ_1_7:c247746-247204	CHQ_1_00619
prokka_CHQ_1/CHQ_1:Gene	CHQ_1_00620	CHQ_1_7:248093-248338	CHQ_1_00620
prokka_CHQ_1/CHQ_1:Gene	CHQ_1_00621	CHQ_1_7:249116-249721	CHQ_1_00621
prokka_CHQ_1/CHQ_1:Gene	CHQ_1_00622	CHQ_1_7:250176-250784	CHQ_1_00622
prokka_CHQ_1/CHQ_1:Gene	fim	CHQ_1_7:251266-251814	CHQ_1_00623
prokka_CHQ_1/CHQ_1:Gene	lpfA	CHQ_1_7:251886-252422	CHQ_1_00624
prokka_CHQ_1/CHQ_1:Gene	fimC_1	CHQ_1_7:252472-253176	CHQ_1_00625
prokka_CHQ_1/CHQ_1:Gene	fimD_1	CHQ_1_7:253258-255870	CHQ_1_00626
prokka_CHQ_1/CHQ_1:Gene	fimF_1	CHQ_1_7:255881-256408	CHQ_1_00627
prokka_CHQ_1/CHQ_1:Gene	fimG_1	CHQ_1_7:256421-256921	CHQ_1_00628
prokka_CHQ_1/CHQ_1:Gene	fimH_1	CHQ_1_7:256936-257844	CHQ_1_00629
prokka_CHQ_1/CHQ_1:Gene	CHQ_1_00630	CHQ_1_7:257841-258497	CHQ_1_00630
prokka_CHQ_1/CHQ_1:Gene	yjdJ	CHQ_1_7:c258847-258575	CHQ_1_00631
prokka_CHQ_1/CHQ_1:Gene	CHQ_1_00632	CHQ_1_7:c259089-258859	CHQ_1_00632
prokka_CHQ_1/CHQ_1:Gene	CHQ_1_00633	CHQ_1_7:259314-259586	CHQ_1_00633
prokka_CHQ_1/CHQ_1:Gene	mdtN	CHQ_1_7:259593-260618	CHQ_1_00634
prokka_CHQ_1/CHQ_1:Gene	mdtO	CHQ_1_7:260631-262568	CHQ_1_00635
prokka_CHQ_1/CHQ_1:Gene	cusC_1	CHQ_1_7:262565-264013	CHQ_1_00636
prokka_CHQ_1/CHQ_1:Gene	CHQ_1_00637	CHQ_1_7:c264577-264278	CHQ_1_00637
prokka_CHQ_1/CHQ_1:Gene	dtpT	CHQ_1_7:c266315-264762	CHQ_1_00638
prokka_CHQ_1/CHQ_1:Gene	arsC_1	CHQ_1_7:c267209-266787	CHQ_1_00639
prokka_CHQ_1/CHQ_1:Gene	arsB_1	CHQ_1_7:c268511-267219	CHQ_1_00640
prokka_CHQ_1/CHQ_1:Gene	CHQ_1_00641	CHQ_1_7:c268892-268563	CHQ_1_00641
prokka_CHQ_1/CHQ_1:Gene	CHQ_1_00642	CHQ_1_7:269112-269405	CHQ_1_00642
prokka_CHQ_1/CHQ_1:Gene	CHQ_1_00643	CHQ_1_7:269424-269996	CHQ_1_00643
prokka_CHQ_1/CHQ_1:Gene	CHQ_1_00644	CHQ_1_7:c270263-270000	CHQ_1_00644
prokka_CHQ_1/CHQ_1:Gene	pgrR_1	CHQ_1_7:c271323-270424	CHQ_1_00645
prokka_CHQ_1/CHQ_1:Gene	CHQ_1_00646	CHQ_1_7:271462-271770	CHQ_1_00646
prokka_CHQ_1/CHQ_1:Gene	kefF_2	CHQ_1_7:271773-272336	CHQ_1_00647
prokka_CHQ_1/CHQ_1:Gene	yajO_1	CHQ_1_7:272357-273376	CHQ_1_00648
prokka_CHQ_1/CHQ_1:Gene	CHQ_1_00649	CHQ_1_7:273409-274212	CHQ_1_00649
prokka_CHQ_1/CHQ_1:Gene	nodD2_1	CHQ_1_7:c275377-274460	CHQ_1_00650
prokka_CHQ_1/CHQ_1:Gene	ribZ_1	CHQ_1_7:275507-276895	CHQ_1_00651
prokka_CHQ_1/CHQ_1:Gene	CHQ_1_00652	CHQ_1_7:c277136-277063	CHQ_1_00652
prokka_CHQ_1/CHQ_1:Gene	nlpD_2	CHQ_1_7:c277930-277217	CHQ_1_00653
prokka_CHQ_1/CHQ_1:Gene	idi	CHQ_1_7:278244-278798	CHQ_1_00654
prokka_CHQ_1/CHQ_1:Gene	lysS	CHQ_1_7:c280562-279045	CHQ_1_00655
prokka_CHQ_1/CHQ_1:Gene	prfB	CHQ_1_7:c281453-280572	CHQ_1_00656
prokka_CHQ_1/CHQ_1:Gene	recJ	CHQ_1_7:c283489-281756	CHQ_1_00657
prokka_CHQ_1/CHQ_1:Gene	dsbC	CHQ_1_7:c284208-283495	CHQ_1_00658
prokka_CHQ_1/CHQ_1:Gene	xerD	CHQ_1_7:c285127-284231	CHQ_1_00659
prokka_CHQ_1/CHQ_1:Gene	fldB	CHQ_1_7:285228-285749	CHQ_1_00660
prokka_CHQ_1/CHQ_1:Gene	ygfX	CHQ_1_7:c286166-285756	CHQ_1_00661
prokka_CHQ_1/CHQ_1:Gene	sdhE	CHQ_1_7:c286413-286147	CHQ_1_00662
prokka_CHQ_1/CHQ_1:Gene	ygfZ	CHQ_1_7:286659-287642	CHQ_1_00663
prokka_CHQ_1/CHQ_1:Gene	CHQ_1_00664	CHQ_1_7:c288458-287799	CHQ_1_00664
prokka_CHQ_1/CHQ_1:Gene	CHQ_1_00665	CHQ_1_7:c288932-288621	CHQ_1_00665
prokka_CHQ_1/CHQ_1:Gene	glvR	CHQ_1_7:288982-289710	CHQ_1_00666
prokka_CHQ_1/CHQ_1:Gene	bglA_1	CHQ_1_7:289829-291262	CHQ_1_00667
prokka_CHQ_1/CHQ_1:Gene	CHQ_1_00668	CHQ_1_7:291387-291746	CHQ_1_00668
prokka_CHQ_1/CHQ_1:Gene	dsbD_1	CHQ_1_7:291796-293805	CHQ_1_00669
prokka_CHQ_1/CHQ_1:Gene	CHQ_1_00670	CHQ_1_7:293807-294418	CHQ_1_00670
prokka_CHQ_1/CHQ_1:Gene	resA	CHQ_1_7:294408-294911	CHQ_1_00671
prokka_CHQ_1/CHQ_1:Gene	ygfF	CHQ_1_7:c295849-295106	CHQ_1_00672
prokka_CHQ_1/CHQ_1:Gene	gcvP	CHQ_1_7:c298784-295911	CHQ_1_00673
prokka_CHQ_1/CHQ_1:Gene	gcvH	CHQ_1_7:c299319-298930	CHQ_1_00674
prokka_CHQ_1/CHQ_1:Gene	gcvT	CHQ_1_7:c300438-299344	CHQ_1_00675
prokka_CHQ_1/CHQ_1:Gene	ubiI	CHQ_1_7:c302064-300862	CHQ_1_00676
prokka_CHQ_1/CHQ_1:Gene	ubiH	CHQ_1_7:c303253-302075	CHQ_1_00677
prokka_CHQ_1/CHQ_1:Gene	pepP	CHQ_1_7:c304566-303250	CHQ_1_00678
prokka_CHQ_1/CHQ_1:Gene	CHQ_1_00679	CHQ_1_7:c305174-304590	CHQ_1_00679
prokka_CHQ_1/CHQ_1:Gene	zapA	CHQ_1_7:305335-305664	CHQ_1_00680
prokka_CHQ_1/CHQ_1:Gene	ygfA	CHQ_1_7:305989-306585	CHQ_1_00681
prokka_CHQ_1/CHQ_1:Gene	serA	CHQ_1_7:c307901-306669	CHQ_1_00682
prokka_CHQ_1/CHQ_1:Gene	rpiA	CHQ_1_7:c308830-308171	CHQ_1_00683
prokka_CHQ_1/CHQ_1:Gene	argP_1	CHQ_1_7:308998-309891	CHQ_1_00684
prokka_CHQ_1/CHQ_1:Gene	CHQ_1_00685	CHQ_1_7:c310713-309946	CHQ_1_00685
prokka_CHQ_1/CHQ_1:Gene	argO	CHQ_1_7:c311438-310803	CHQ_1_00686
prokka_CHQ_1/CHQ_1:Gene	mscS	CHQ_1_7:c312447-311590	CHQ_1_00687
prokka_CHQ_1/CHQ_1:Gene	fbaA_1	CHQ_1_7:c313717-312638	CHQ_1_00688
prokka_CHQ_1/CHQ_1:Gene	pgk	CHQ_1_7:c314978-313815	CHQ_1_00689
prokka_CHQ_1/CHQ_1:Gene	epd	CHQ_1_7:c316046-315018	CHQ_1_00690
prokka_CHQ_1/CHQ_1:Gene	tktA_2	CHQ_1_7:c318380-316434	CHQ_1_00691
prokka_CHQ_1/CHQ_1:Gene	CHQ_1_00692	CHQ_1_8:210-995	CHQ_1_00692
prokka_CHQ_1/CHQ_1:Gene	btuD_1	CHQ_1_8:998-2293	CHQ_1_00693
prokka_CHQ_1/CHQ_1:Gene	wbdD	CHQ_1_8:2313-4439	CHQ_1_00694
prokka_CHQ_1/CHQ_1:Gene	mshA_1	CHQ_1_8:4450-6972	CHQ_1_00695
prokka_CHQ_1/CHQ_1:Gene	mshA_2	CHQ_1_8:7019-8164	CHQ_1_00696
prokka_CHQ_1/CHQ_1:Gene	mshA_3	CHQ_1_8:8174-9289	CHQ_1_00697
prokka_CHQ_1/CHQ_1:Gene	hisI	CHQ_1_8:c9924-9328	CHQ_1_00698
prokka_CHQ_1/CHQ_1:Gene	hisF	CHQ_1_8:c10694-9918	CHQ_1_00699
prokka_CHQ_1/CHQ_1:Gene	hisA	CHQ_1_8:c11413-10676	CHQ_1_00700
prokka_CHQ_1/CHQ_1:Gene	hisH	CHQ_1_8:c12003-11413	CHQ_1_00701
prokka_CHQ_1/CHQ_1:Gene	hisB	CHQ_1_8:c13070-12003	CHQ_1_00702
prokka_CHQ_1/CHQ_1:Gene	hisC_1	CHQ_1_8:c14128-13067	CHQ_1_00703
prokka_CHQ_1/CHQ_1:Gene	hisD	CHQ_1_8:c15429-14125	CHQ_1_00704
prokka_CHQ_1/CHQ_1:Gene	hisG	CHQ_1_8:c16368-15469	CHQ_1_00705
prokka_CHQ_1/CHQ_1:Gene	yeeZ	CHQ_1_8:16740-17564	CHQ_1_00706
prokka_CHQ_1/CHQ_1:Gene	yhaJ_1	CHQ_1_8:17603-18493	CHQ_1_00707
prokka_CHQ_1/CHQ_1:Gene	plaP	CHQ_1_8:18783-20141	CHQ_1_00708
prokka_CHQ_1/CHQ_1:Gene	CHQ_1_00709	CHQ_1_8:c21782-21267	CHQ_1_00709
prokka_CHQ_1/CHQ_1:Gene	nifB	CHQ_1_8:c23188-21782	CHQ_1_00710
prokka_CHQ_1/CHQ_1:Gene	nifA	CHQ_1_8:c24927-23353	CHQ_1_00711
prokka_CHQ_1/CHQ_1:Gene	nifL	CHQ_1_8:c26408-24924	CHQ_1_00712
prokka_CHQ_1/CHQ_1:Gene	nifF	CHQ_1_8:26728-27258	CHQ_1_00713
prokka_CHQ_1/CHQ_1:Gene	surA_2	CHQ_1_8:c28081-27281	CHQ_1_00714
prokka_CHQ_1/CHQ_1:Gene	CHQ_1_00715	CHQ_1_8:c28524-28081	CHQ_1_00715
prokka_CHQ_1/CHQ_1:Gene	nifW	CHQ_1_8:c28778-28521	CHQ_1_00716
prokka_CHQ_1/CHQ_1:Gene	frbC	CHQ_1_8:c29923-28781	CHQ_1_00717
prokka_CHQ_1/CHQ_1:Gene	nifS	CHQ_1_8:c31141-29939	CHQ_1_00718
prokka_CHQ_1/CHQ_1:Gene	CHQ_1_00719	CHQ_1_8:c31996-31157	CHQ_1_00719
prokka_CHQ_1/CHQ_1:Gene	CHQ_1_00720	CHQ_1_8:c32661-32191	CHQ_1_00720
prokka_CHQ_1/CHQ_1:Gene	nifK_1	CHQ_1_8:c34033-32648	CHQ_1_00721
prokka_CHQ_1/CHQ_1:Gene	nifD_1	CHQ_1_8:c35416-34043	CHQ_1_00722
prokka_CHQ_1/CHQ_1:Gene	CHQ_1_00723	CHQ_1_8:c35994-35488	CHQ_1_00723
prokka_CHQ_1/CHQ_1:Gene	CHQ_1_00724	CHQ_1_8:c36792-36130	CHQ_1_00724
prokka_CHQ_1/CHQ_1:Gene	CHQ_1_00725	CHQ_1_8:c37021-36803	CHQ_1_00725
prokka_CHQ_1/CHQ_1:Gene	nifK_2	CHQ_1_8:c38623-37061	CHQ_1_00726
prokka_CHQ_1/CHQ_1:Gene	nifD_2	CHQ_1_8:c40127-38679	CHQ_1_00727
prokka_CHQ_1/CHQ_1:Gene	nifH	CHQ_1_8:c41025-40144	CHQ_1_00728
prokka_CHQ_1/CHQ_1:Gene	CHQ_1_00729	CHQ_1_8:41429-44944	CHQ_1_00729
prokka_CHQ_1/CHQ_1:Gene	CHQ_1_00730	CHQ_1_8:c45269-44961	CHQ_1_00730
prokka_CHQ_1/CHQ_1:Gene	fusA_1	CHQ_1_8:45499-47601	CHQ_1_00731
prokka_CHQ_1/CHQ_1:Gene	sbcB	CHQ_1_8:c49225-47801	CHQ_1_00732
prokka_CHQ_1/CHQ_1:Gene	dacD	CHQ_1_8:49406-50569	CHQ_1_00733
prokka_CHQ_1/CHQ_1:Gene	sbmC	CHQ_1_8:50755-51228	CHQ_1_00734
prokka_CHQ_1/CHQ_1:Gene	yeeA	CHQ_1_8:51327-52385	CHQ_1_00735
prokka_CHQ_1/CHQ_1:Gene	CHQ_1_00736	CHQ_1_8:52553-52876	CHQ_1_00736
prokka_CHQ_1/CHQ_1:Gene	cobS	CHQ_1_8:53189-53929	CHQ_1_00737
prokka_CHQ_1/CHQ_1:Gene	cobT_2	CHQ_1_8:53957-55024	CHQ_1_00738
prokka_CHQ_1/CHQ_1:Gene	ahcY	CHQ_1_8:c56168-55059	CHQ_1_00739
prokka_CHQ_1/CHQ_1:Gene	CHQ_1_00740	CHQ_1_8:56367-57098	CHQ_1_00740
prokka_CHQ_1/CHQ_1:Gene	CHQ_1_00741	CHQ_1_8:c57509-57120	CHQ_1_00741
prokka_CHQ_1/CHQ_1:Gene	dmlR_3	CHQ_1_8:57626-58582	CHQ_1_00742
prokka_CHQ_1/CHQ_1:Gene	CHQ_1_00743	CHQ_1_8:c59282-58542	CHQ_1_00743
prokka_CHQ_1/CHQ_1:Gene	abaF_1	CHQ_1_8:c60648-59329	CHQ_1_00744
prokka_CHQ_1/CHQ_1:Gene	CHQ_1_00745	CHQ_1_8:60989-61450	CHQ_1_00745
prokka_CHQ_1/CHQ_1:Gene	CHQ_1_00746	CHQ_1_8:61584-63371	CHQ_1_00746
prokka_CHQ_1/CHQ_1:Gene	yeaR_1	CHQ_1_8:63595-63927	CHQ_1_00747
prokka_CHQ_1/CHQ_1:Gene	CHQ_1_00748	CHQ_1_8:63932-64267	CHQ_1_00748
prokka_CHQ_1/CHQ_1:Gene	gcvA_2	CHQ_1_8:c65187-64273	CHQ_1_00749
prokka_CHQ_1/CHQ_1:Gene	CHQ_1_00750	CHQ_1_8:65319-65894	CHQ_1_00750
prokka_CHQ_1/CHQ_1:Gene	cpo	CHQ_1_8:66087-66923	CHQ_1_00751
prokka_CHQ_1/CHQ_1:Gene	CHQ_1_00752	CHQ_1_8:67129-68100	CHQ_1_00752
prokka_CHQ_1/CHQ_1:Gene	CHQ_1_00753	CHQ_1_8:c69200-68097	CHQ_1_00753
prokka_CHQ_1/CHQ_1:Gene	CHQ_1_00754	CHQ_1_8:c69557-69482	CHQ_1_00754
prokka_CHQ_1/CHQ_1:Gene	yeeO	CHQ_1_8:69751-71187	CHQ_1_00755
prokka_CHQ_1/CHQ_1:Gene	CHQ_1_00756	CHQ_1_8:71314-71389	CHQ_1_00756
prokka_CHQ_1/CHQ_1:Gene	amn	CHQ_1_8:c73012-71558	CHQ_1_00757
prokka_CHQ_1/CHQ_1:Gene	pmrD	CHQ_1_8:c73387-73142	CHQ_1_00758
prokka_CHQ_1/CHQ_1:Gene	menH_1	CHQ_1_8:73658-75280	CHQ_1_00759
prokka_CHQ_1/CHQ_1:Gene	CHQ_1_00760	CHQ_1_8:c76123-75191	CHQ_1_00760
prokka_CHQ_1/CHQ_1:Gene	acuI	CHQ_1_8:c77218-76241	CHQ_1_00761
prokka_CHQ_1/CHQ_1:Gene	acuR	CHQ_1_8:c77922-77215	CHQ_1_00762
prokka_CHQ_1/CHQ_1:Gene	CHQ_1_00763	CHQ_1_8:78413-80047	CHQ_1_00763
prokka_CHQ_1/CHQ_1:Gene	CHQ_1_00764	CHQ_1_8:c80216-80141	CHQ_1_00764
prokka_CHQ_1/CHQ_1:Gene	argP_2	CHQ_1_8:80547-81464	CHQ_1_00765
prokka_CHQ_1/CHQ_1:Gene	cbl	CHQ_1_8:81571-82521	CHQ_1_00766
prokka_CHQ_1/CHQ_1:Gene	erfK	CHQ_1_8:82600-83541	CHQ_1_00767
prokka_CHQ_1/CHQ_1:Gene	CHQ_1_00768	CHQ_1_8:c83706-83631	CHQ_1_00768
prokka_CHQ_1/CHQ_1:Gene	mtfA	CHQ_1_8:c84604-83807	CHQ_1_00769
prokka_CHQ_1/CHQ_1:Gene	CHQ_1_00770	CHQ_1_8:84698-84787	CHQ_1_00770
prokka_CHQ_1/CHQ_1:Gene	ompN_1	CHQ_1_8:c86198-85062	CHQ_1_00771
prokka_CHQ_1/CHQ_1:Gene	yedR	CHQ_1_8:86736-87017	CHQ_1_00772
prokka_CHQ_1/CHQ_1:Gene	yedJ	CHQ_1_8:87059-87769	CHQ_1_00773
prokka_CHQ_1/CHQ_1:Gene	dcm	CHQ_1_8:87846-89246	CHQ_1_00774
prokka_CHQ_1/CHQ_1:Gene	vsr	CHQ_1_8:89227-89721	CHQ_1_00775
prokka_CHQ_1/CHQ_1:Gene	yedA	CHQ_1_8:c90607-89696	CHQ_1_00776
prokka_CHQ_1/CHQ_1:Gene	yedI	CHQ_1_8:90791-91702	CHQ_1_00777
prokka_CHQ_1/CHQ_1:Gene	dgcQ	CHQ_1_8:91820-93499	CHQ_1_00778
prokka_CHQ_1/CHQ_1:Gene	CHQ_1_00779	CHQ_1_8:c94023-93799	CHQ_1_00779
prokka_CHQ_1/CHQ_1:Gene	dsrB	CHQ_1_8:94156-94347	CHQ_1_00780
prokka_CHQ_1/CHQ_1:Gene	rcsA	CHQ_1_8:c95003-94380	CHQ_1_00781
prokka_CHQ_1/CHQ_1:Gene	CHQ_1_00782	CHQ_1_8:95381-95812	CHQ_1_00782
prokka_CHQ_1/CHQ_1:Gene	amyA	CHQ_1_8:c97341-95854	CHQ_1_00783
prokka_CHQ_1/CHQ_1:Gene	fliY_1	CHQ_1_8:97575-98342	CHQ_1_00784
prokka_CHQ_1/CHQ_1:Gene	dcyD	CHQ_1_8:98438-99424	CHQ_1_00785
prokka_CHQ_1/CHQ_1:Gene	yecS_1	CHQ_1_8:99440-100108	CHQ_1_00786
prokka_CHQ_1/CHQ_1:Gene	artM_1	CHQ_1_8:100105-100857	CHQ_1_00787
prokka_CHQ_1/CHQ_1:Gene	sdiA	CHQ_1_8:101172-101894	CHQ_1_00788
prokka_CHQ_1/CHQ_1:Gene	CHQ_1_00789	CHQ_1_8:c102186-101962	CHQ_1_00789
prokka_CHQ_1/CHQ_1:Gene	uvrY	CHQ_1_8:102648-103304	CHQ_1_00790
prokka_CHQ_1/CHQ_1:Gene	uvrC	CHQ_1_8:103301-105133	CHQ_1_00791
prokka_CHQ_1/CHQ_1:Gene	pgsA	CHQ_1_8:105191-105739	CHQ_1_00792
prokka_CHQ_1/CHQ_1:Gene	CHQ_1_00793	CHQ_1_8:105890-105965	CHQ_1_00793
prokka_CHQ_1/CHQ_1:Gene	CHQ_1_00794	CHQ_1_8:106006-106079	CHQ_1_00794
prokka_CHQ_1/CHQ_1:Gene	CHQ_1_00795	CHQ_1_8:106093-106179	CHQ_1_00795
prokka_CHQ_1/CHQ_1:Gene	dapA_1	CHQ_1_8:107644-108525	CHQ_1_00796
prokka_CHQ_1/CHQ_1:Gene	CHQ_1_00797	CHQ_1_8:108624-109292	CHQ_1_00797
prokka_CHQ_1/CHQ_1:Gene	tyrP	CHQ_1_8:c110460-109318	CHQ_1_00798
prokka_CHQ_1/CHQ_1:Gene	CHQ_1_00799	CHQ_1_8:110722-110961	CHQ_1_00799
prokka_CHQ_1/CHQ_1:Gene	ftnA_1	CHQ_1_8:c111495-110998	CHQ_1_00800
prokka_CHQ_1/CHQ_1:Gene	CHQ_1_00801	CHQ_1_8:111905-112543	CHQ_1_00801
prokka_CHQ_1/CHQ_1:Gene	hsrA_1	CHQ_1_8:c114002-112581	CHQ_1_00802
prokka_CHQ_1/CHQ_1:Gene	CHQ_1_00803	CHQ_1_8:114150-114401	CHQ_1_00803
prokka_CHQ_1/CHQ_1:Gene	yagG_1	CHQ_1_8:c116000-114438	CHQ_1_00804
prokka_CHQ_1/CHQ_1:Gene	ftnA_2	CHQ_1_8:c116762-116253	CHQ_1_00805
prokka_CHQ_1/CHQ_1:Gene	araF	CHQ_1_8:117655-118635	CHQ_1_00806
prokka_CHQ_1/CHQ_1:Gene	araG_1	CHQ_1_8:118696-120210	CHQ_1_00807
prokka_CHQ_1/CHQ_1:Gene	araH	CHQ_1_8:120225-121205	CHQ_1_00808
prokka_CHQ_1/CHQ_1:Gene	otsB	CHQ_1_8:121367-122155	CHQ_1_00809
prokka_CHQ_1/CHQ_1:Gene	otsA	CHQ_1_8:122130-123554	CHQ_1_00810
prokka_CHQ_1/CHQ_1:Gene	uspC	CHQ_1_8:c124006-123578	CHQ_1_00811
prokka_CHQ_1/CHQ_1:Gene	yagG_2	CHQ_1_8:124359-125942	CHQ_1_00812
prokka_CHQ_1/CHQ_1:Gene	yesR_1	CHQ_1_8:125947-127086	CHQ_1_00813
prokka_CHQ_1/CHQ_1:Gene	argS	CHQ_1_8:c128880-127147	CHQ_1_00814
prokka_CHQ_1/CHQ_1:Gene	yecM	CHQ_1_8:129117-129686	CHQ_1_00815
prokka_CHQ_1/CHQ_1:Gene	cutC_2	CHQ_1_8:129763-130506	CHQ_1_00816
prokka_CHQ_1/CHQ_1:Gene	cmoB	CHQ_1_8:c131591-130587	CHQ_1_00817
prokka_CHQ_1/CHQ_1:Gene	cmoA	CHQ_1_8:c132331-131588	CHQ_1_00818
prokka_CHQ_1/CHQ_1:Gene	yecN	CHQ_1_8:c132766-132371	CHQ_1_00819
prokka_CHQ_1/CHQ_1:Gene	CHQ_1_00820	CHQ_1_8:c133637-132819	CHQ_1_00820
prokka_CHQ_1/CHQ_1:Gene	yecD	CHQ_1_8:c134200-133634	CHQ_1_00821
prokka_CHQ_1/CHQ_1:Gene	aspS	CHQ_1_8:134468-136255	CHQ_1_00822
prokka_CHQ_1/CHQ_1:Gene	nudB	CHQ_1_8:136257-136700	CHQ_1_00823
prokka_CHQ_1/CHQ_1:Gene	yebC	CHQ_1_8:136728-137468	CHQ_1_00824
prokka_CHQ_1/CHQ_1:Gene	ruvC	CHQ_1_8:137503-138024	CHQ_1_00825
prokka_CHQ_1/CHQ_1:Gene	ruvA	CHQ_1_8:138104-138715	CHQ_1_00826
prokka_CHQ_1/CHQ_1:Gene	ruvB	CHQ_1_8:138724-139734	CHQ_1_00827
prokka_CHQ_1/CHQ_1:Gene	znuB	CHQ_1_8:c140583-139798	CHQ_1_00828
prokka_CHQ_1/CHQ_1:Gene	znuC	CHQ_1_8:c141341-140583	CHQ_1_00829
prokka_CHQ_1/CHQ_1:Gene	znuA	CHQ_1_8:141399-142358	CHQ_1_00830
prokka_CHQ_1/CHQ_1:Gene	mepM_1	CHQ_1_8:142374-143693	CHQ_1_00831
prokka_CHQ_1/CHQ_1:Gene	lpxM	CHQ_1_8:143811-144782	CHQ_1_00832
prokka_CHQ_1/CHQ_1:Gene	dcuR_1	CHQ_1_8:c145529-144813	CHQ_1_00833
prokka_CHQ_1/CHQ_1:Gene	maeA_1	CHQ_1_8:c147268-145583	CHQ_1_00834
prokka_CHQ_1/CHQ_1:Gene	CHQ_1_00835	CHQ_1_8:c148278-147331	CHQ_1_00835
prokka_CHQ_1/CHQ_1:Gene	cimH_2	CHQ_1_8:148695-150029	CHQ_1_00836
prokka_CHQ_1/CHQ_1:Gene	pykA	CHQ_1_8:c151530-150088	CHQ_1_00837
prokka_CHQ_1/CHQ_1:Gene	hexR_2	CHQ_1_8:c152543-151656	CHQ_1_00838
prokka_CHQ_1/CHQ_1:Gene	zwf	CHQ_1_8:152881-154356	CHQ_1_00839
prokka_CHQ_1/CHQ_1:Gene	edd	CHQ_1_8:154579-156390	CHQ_1_00840
prokka_CHQ_1/CHQ_1:Gene	eda	CHQ_1_8:156429-157070	CHQ_1_00841
prokka_CHQ_1/CHQ_1:Gene	purT	CHQ_1_8:c158307-157129	CHQ_1_00842
prokka_CHQ_1/CHQ_1:Gene	CHQ_1_00843	CHQ_1_8:158443-158790	CHQ_1_00843
prokka_CHQ_1/CHQ_1:Gene	yebE	CHQ_1_8:158970-159629	CHQ_1_00844
prokka_CHQ_1/CHQ_1:Gene	ptrB	CHQ_1_8:159783-161810	CHQ_1_00845
prokka_CHQ_1/CHQ_1:Gene	exoX	CHQ_1_8:c162473-161814	CHQ_1_00846
prokka_CHQ_1/CHQ_1:Gene	holE	CHQ_1_8:c162782-162552	CHQ_1_00847
prokka_CHQ_1/CHQ_1:Gene	yobA	CHQ_1_8:162895-163269	CHQ_1_00848
prokka_CHQ_1/CHQ_1:Gene	yebZ	CHQ_1_8:163273-164142	CHQ_1_00849
prokka_CHQ_1/CHQ_1:Gene	CHQ_1_00850	CHQ_1_8:164159-164497	CHQ_1_00850
prokka_CHQ_1/CHQ_1:Gene	CHQ_1_00851	CHQ_1_8:c165292-165146	CHQ_1_00851
prokka_CHQ_1/CHQ_1:Gene	CHQ_1_00852	CHQ_1_8:c166352-165393	CHQ_1_00852
prokka_CHQ_1/CHQ_1:Gene	pphA	CHQ_1_8:166518-167171	CHQ_1_00853
prokka_CHQ_1/CHQ_1:Gene	CHQ_1_00854	CHQ_1_8:c167359-167168	CHQ_1_00854
prokka_CHQ_1/CHQ_1:Gene	CHQ_1_00855	CHQ_1_8:c167750-167457	CHQ_1_00855
prokka_CHQ_1/CHQ_1:Gene	rsmF	CHQ_1_8:c169201-167813	CHQ_1_00856
prokka_CHQ_1/CHQ_1:Gene	yebT	CHQ_1_8:c172008-169375	CHQ_1_00857
prokka_CHQ_1/CHQ_1:Gene	yebS	CHQ_1_8:c173260-171977	CHQ_1_00858
prokka_CHQ_1/CHQ_1:Gene	msrC	CHQ_1_8:173336-173890	CHQ_1_00859
prokka_CHQ_1/CHQ_1:Gene	proQ	CHQ_1_8:173988-174665	CHQ_1_00860
prokka_CHQ_1/CHQ_1:Gene	prc	CHQ_1_8:174685-176733	CHQ_1_00861
prokka_CHQ_1/CHQ_1:Gene	htpX	CHQ_1_8:176969-177853	CHQ_1_00862
prokka_CHQ_1/CHQ_1:Gene	ribZ_2	CHQ_1_8:c179344-177923	CHQ_1_00863
prokka_CHQ_1/CHQ_1:Gene	kdgR_1	CHQ_1_8:179471-180262	CHQ_1_00864
prokka_CHQ_1/CHQ_1:Gene	CHQ_1_00865	CHQ_1_8:c180557-180318	CHQ_1_00865
prokka_CHQ_1/CHQ_1:Gene	CHQ_1_00866	CHQ_1_8:180935-181225	CHQ_1_00866
prokka_CHQ_1/CHQ_1:Gene	cspC	CHQ_1_8:181974-182183	CHQ_1_00867
prokka_CHQ_1/CHQ_1:Gene	ftsI_2	CHQ_1_8:182374-184119	CHQ_1_00868
prokka_CHQ_1/CHQ_1:Gene	rlmA	CHQ_1_8:184181-184975	CHQ_1_00869
prokka_CHQ_1/CHQ_1:Gene	mntP	CHQ_1_8:c185545-184979	CHQ_1_00870
prokka_CHQ_1/CHQ_1:Gene	CHQ_1_00871	CHQ_1_8:c186423-185965	CHQ_1_00871
prokka_CHQ_1/CHQ_1:Gene	manZ_2	CHQ_1_8:c187337-186486	CHQ_1_00872
prokka_CHQ_1/CHQ_1:Gene	manY	CHQ_1_8:c188150-187350	CHQ_1_00873
prokka_CHQ_1/CHQ_1:Gene	manX	CHQ_1_8:c189178-188207	CHQ_1_00874
prokka_CHQ_1/CHQ_1:Gene	CHQ_1_00875	CHQ_1_8:189625-191187	CHQ_1_00875
prokka_CHQ_1/CHQ_1:Gene	pdeD	CHQ_1_8:c192780-191224	CHQ_1_00876
prokka_CHQ_1/CHQ_1:Gene	sdaA	CHQ_1_8:c194334-192970	CHQ_1_00877
prokka_CHQ_1/CHQ_1:Gene	nudL	CHQ_1_8:c195075-194497	CHQ_1_00878
prokka_CHQ_1/CHQ_1:Gene	pabB	CHQ_1_8:c196434-195079	CHQ_1_00879
prokka_CHQ_1/CHQ_1:Gene	CHQ_1_00880	CHQ_1_8:196523-196708	CHQ_1_00880
prokka_CHQ_1/CHQ_1:Gene	yabJ	CHQ_1_8:c197053-196709	CHQ_1_00881
prokka_CHQ_1/CHQ_1:Gene	yoaA	CHQ_1_8:197185-199095	CHQ_1_00882
prokka_CHQ_1/CHQ_1:Gene	tsaB	CHQ_1_8:199241-199936	CHQ_1_00883
prokka_CHQ_1/CHQ_1:Gene	slp	CHQ_1_8:199975-200556	CHQ_1_00884
prokka_CHQ_1/CHQ_1:Gene	fadD	CHQ_1_8:200729-202447	CHQ_1_00885
prokka_CHQ_1/CHQ_1:Gene	rnd	CHQ_1_8:202529-203644	CHQ_1_00886
prokka_CHQ_1/CHQ_1:Gene	minE	CHQ_1_8:c203991-203722	CHQ_1_00887
prokka_CHQ_1/CHQ_1:Gene	minD	CHQ_1_8:c204807-203995	CHQ_1_00888
prokka_CHQ_1/CHQ_1:Gene	minC	CHQ_1_8:c205529-204831	CHQ_1_00889
prokka_CHQ_1/CHQ_1:Gene	ycgL	CHQ_1_8:205656-205937	CHQ_1_00890
prokka_CHQ_1/CHQ_1:Gene	ycgM	CHQ_1_8:205954-206613	CHQ_1_00891
prokka_CHQ_1/CHQ_1:Gene	CHQ_1_00892	CHQ_1_8:206708-207154	CHQ_1_00892
prokka_CHQ_1/CHQ_1:Gene	yeaR_2	CHQ_1_8:c207505-207161	CHQ_1_00893
prokka_CHQ_1/CHQ_1:Gene	dsbB	CHQ_1_8:c208184-207654	CHQ_1_00894
prokka_CHQ_1/CHQ_1:Gene	nhaB	CHQ_1_8:c209863-208313	CHQ_1_00895
prokka_CHQ_1/CHQ_1:Gene	fadR	CHQ_1_8:210112-210831	CHQ_1_00896
prokka_CHQ_1/CHQ_1:Gene	CHQ_1_00897	CHQ_1_8:c212437-210905	CHQ_1_00897
prokka_CHQ_1/CHQ_1:Gene	dadA_1	CHQ_1_8:212759-214057	CHQ_1_00898
prokka_CHQ_1/CHQ_1:Gene	dadX	CHQ_1_8:214067-215137	CHQ_1_00899
prokka_CHQ_1/CHQ_1:Gene	cvrA	CHQ_1_8:c216887-215154	CHQ_1_00900
prokka_CHQ_1/CHQ_1:Gene	ldcA	CHQ_1_8:c217894-216980	CHQ_1_00901
prokka_CHQ_1/CHQ_1:Gene	emtA	CHQ_1_8:218070-218681	CHQ_1_00902
prokka_CHQ_1/CHQ_1:Gene	CHQ_1_00903	CHQ_1_8:c219538-218714	CHQ_1_00903
prokka_CHQ_1/CHQ_1:Gene	CHQ_1_00904	CHQ_1_8:c220402-219551	CHQ_1_00904
prokka_CHQ_1/CHQ_1:Gene	fhuA_2	CHQ_1_8:c222703-220583	CHQ_1_00905
prokka_CHQ_1/CHQ_1:Gene	treA	CHQ_1_8:c224697-222955	CHQ_1_00906
prokka_CHQ_1/CHQ_1:Gene	yicJ_2	CHQ_1_8:225104-226462	CHQ_1_00907
prokka_CHQ_1/CHQ_1:Gene	CHQ_1_00908	CHQ_1_8:226563-227954	CHQ_1_00908
prokka_CHQ_1/CHQ_1:Gene	CHQ_1_00909	CHQ_1_8:228241-229680	CHQ_1_00909
prokka_CHQ_1/CHQ_1:Gene	CHQ_1_00910	CHQ_1_8:229674-230603	CHQ_1_00910
prokka_CHQ_1/CHQ_1:Gene	CHQ_1_00911	CHQ_1_8:230600-231415	CHQ_1_00911
prokka_CHQ_1/CHQ_1:Gene	CHQ_1_00912	CHQ_1_8:231432-232178	CHQ_1_00912
prokka_CHQ_1/CHQ_1:Gene	ugpC_1	CHQ_1_8:c233325-232240	CHQ_1_00913
prokka_CHQ_1/CHQ_1:Gene	ydjH_1	CHQ_1_8:c234274-233312	CHQ_1_00914
prokka_CHQ_1/CHQ_1:Gene	sugB	CHQ_1_8:c235119-234277	CHQ_1_00915
prokka_CHQ_1/CHQ_1:Gene	sugA	CHQ_1_8:c236014-235106	CHQ_1_00916
prokka_CHQ_1/CHQ_1:Gene	CHQ_1_00917	CHQ_1_8:c237268-236024	CHQ_1_00917
prokka_CHQ_1/CHQ_1:Gene	mlc_1	CHQ_1_8:237483-238691	CHQ_1_00918
prokka_CHQ_1/CHQ_1:Gene	CHQ_1_00919	CHQ_1_8:238739-239752	CHQ_1_00919
prokka_CHQ_1/CHQ_1:Gene	CHQ_1_00920	CHQ_1_8:239745-240545	CHQ_1_00920
prokka_CHQ_1/CHQ_1:Gene	ntaA	CHQ_1_8:c241951-240593	CHQ_1_00921
prokka_CHQ_1/CHQ_1:Gene	opuBC	CHQ_1_8:c242894-241995	CHQ_1_00922
prokka_CHQ_1/CHQ_1:Gene	opuCB	CHQ_1_8:c243623-242955	CHQ_1_00923
prokka_CHQ_1/CHQ_1:Gene	opuBB	CHQ_1_8:c244252-243623	CHQ_1_00924
prokka_CHQ_1/CHQ_1:Gene	osmV	CHQ_1_8:c245333-244245	CHQ_1_00925
prokka_CHQ_1/CHQ_1:Gene	tsaR_1	CHQ_1_8:246091-247029	CHQ_1_00926
prokka_CHQ_1/CHQ_1:Gene	tdcB	CHQ_1_8:247123-248112	CHQ_1_00927
prokka_CHQ_1/CHQ_1:Gene	tdcC	CHQ_1_8:248138-249469	CHQ_1_00928
prokka_CHQ_1/CHQ_1:Gene	tdcD	CHQ_1_8:249497-250705	CHQ_1_00929
prokka_CHQ_1/CHQ_1:Gene	tdcE	CHQ_1_8:250735-253029	CHQ_1_00930
prokka_CHQ_1/CHQ_1:Gene	livJ_1	CHQ_1_8:253511-254575	CHQ_1_00931
prokka_CHQ_1/CHQ_1:Gene	livH_1	CHQ_1_8:254685-255599	CHQ_1_00932
prokka_CHQ_1/CHQ_1:Gene	CHQ_1_00933	CHQ_1_8:255609-256895	CHQ_1_00933
prokka_CHQ_1/CHQ_1:Gene	glnQ_1	CHQ_1_8:256892-257767	CHQ_1_00934
prokka_CHQ_1/CHQ_1:Gene	livF_1	CHQ_1_8:257764-258483	CHQ_1_00935
prokka_CHQ_1/CHQ_1:Gene	yjiE_1	CHQ_1_8:c259382-258489	CHQ_1_00936
prokka_CHQ_1/CHQ_1:Gene	pckA_1	CHQ_1_8:259666-261309	CHQ_1_00937
prokka_CHQ_1/CHQ_1:Gene	CHQ_1_00938	CHQ_1_8:c261835-261359	CHQ_1_00938
prokka_CHQ_1/CHQ_1:Gene	pcpR	CHQ_1_8:261932-262867	CHQ_1_00939
prokka_CHQ_1/CHQ_1:Gene	proP_2	CHQ_1_8:263194-264489	CHQ_1_00940
prokka_CHQ_1/CHQ_1:Gene	ais	CHQ_1_8:264504-265310	CHQ_1_00941
prokka_CHQ_1/CHQ_1:Gene	oxyR_1	CHQ_1_8:c266184-265285	CHQ_1_00942
prokka_CHQ_1/CHQ_1:Gene	CHQ_1_00943	CHQ_1_8:c266781-266299	CHQ_1_00943
prokka_CHQ_1/CHQ_1:Gene	rluA_2	CHQ_1_8:266904-267671	CHQ_1_00944
prokka_CHQ_1/CHQ_1:Gene	CHQ_1_00945	CHQ_1_8:c268235-267696	CHQ_1_00945
prokka_CHQ_1/CHQ_1:Gene	CHQ_1_00946	CHQ_1_8:c268680-268351	CHQ_1_00946
prokka_CHQ_1/CHQ_1:Gene	CHQ_1_00947	CHQ_1_8:268969-269340	CHQ_1_00947
prokka_CHQ_1/CHQ_1:Gene	thpA_1	CHQ_1_8:269472-270386	CHQ_1_00948
prokka_CHQ_1/CHQ_1:Gene	CHQ_1_00949	CHQ_1_8:270470-270799	CHQ_1_00949
prokka_CHQ_1/CHQ_1:Gene	ychF	CHQ_1_8:c271977-270886	CHQ_1_00950
prokka_CHQ_1/CHQ_1:Gene	pth	CHQ_1_8:c272679-272095	CHQ_1_00951
prokka_CHQ_1/CHQ_1:Gene	CHQ_1_00952	CHQ_1_8:272952-273227	CHQ_1_00952
prokka_CHQ_1/CHQ_1:Gene	CHQ_1_00953	CHQ_1_8:273450-274496	CHQ_1_00953
prokka_CHQ_1/CHQ_1:Gene	dauA_2	CHQ_1_8:c276149-274497	CHQ_1_00954
prokka_CHQ_1/CHQ_1:Gene	prs	CHQ_1_8:c277374-276427	CHQ_1_00955
prokka_CHQ_1/CHQ_1:Gene	ispE	CHQ_1_8:c278409-277558	CHQ_1_00956
prokka_CHQ_1/CHQ_1:Gene	lolB	CHQ_1_8:c279017-278406	CHQ_1_00957
prokka_CHQ_1/CHQ_1:Gene	hemA	CHQ_1_8:279289-280545	CHQ_1_00958
prokka_CHQ_1/CHQ_1:Gene	prfA	CHQ_1_8:280588-281670	CHQ_1_00959
prokka_CHQ_1/CHQ_1:Gene	prmC	CHQ_1_8:281670-282518	CHQ_1_00960
prokka_CHQ_1/CHQ_1:Gene	ychQ	CHQ_1_8:282518-282910	CHQ_1_00961
prokka_CHQ_1/CHQ_1:Gene	CHQ_1_00962	CHQ_1_8:282914-283726	CHQ_1_00962
prokka_CHQ_1/CHQ_1:Gene	kdsA	CHQ_1_8:283766-284620	CHQ_1_00963
prokka_CHQ_1/CHQ_1:Gene	chaA	CHQ_1_8:c285808-284708	CHQ_1_00964
prokka_CHQ_1/CHQ_1:Gene	CHQ_1_00965	CHQ_1_8:c286070-285894	CHQ_1_00965
prokka_CHQ_1/CHQ_1:Gene	chaB	CHQ_1_8:286072-286302	CHQ_1_00966
prokka_CHQ_1/CHQ_1:Gene	chaC	CHQ_1_8:286439-287119	CHQ_1_00967
prokka_CHQ_1/CHQ_1:Gene	CHQ_1_00968	CHQ_1_8:c287418-287176	CHQ_1_00968
prokka_CHQ_1/CHQ_1:Gene	ychN	CHQ_1_8:c288010-287657	CHQ_1_00969
prokka_CHQ_1/CHQ_1:Gene	nasR	CHQ_1_8:288079-289260	CHQ_1_00970
prokka_CHQ_1/CHQ_1:Gene	nrtA	CHQ_1_8:289506-290762	CHQ_1_00971
prokka_CHQ_1/CHQ_1:Gene	cmpB	CHQ_1_8:290764-291648	CHQ_1_00972
prokka_CHQ_1/CHQ_1:Gene	nrtD	CHQ_1_8:291658-292446	CHQ_1_00973
prokka_CHQ_1/CHQ_1:Gene	norW_1	CHQ_1_8:292457-296524	CHQ_1_00974
prokka_CHQ_1/CHQ_1:Gene	nasA	CHQ_1_8:296521-299130	CHQ_1_00975
prokka_CHQ_1/CHQ_1:Gene	CHQ_1_00976	CHQ_1_8:299284-300666	CHQ_1_00976
prokka_CHQ_1/CHQ_1:Gene	narL	CHQ_1_8:c301313-300663	CHQ_1_00977
prokka_CHQ_1/CHQ_1:Gene	narX	CHQ_1_8:c303102-301324	CHQ_1_00978
prokka_CHQ_1/CHQ_1:Gene	narK	CHQ_1_8:303414-304802	CHQ_1_00979
prokka_CHQ_1/CHQ_1:Gene	narG	CHQ_1_8:305207-308956	CHQ_1_00980
prokka_CHQ_1/CHQ_1:Gene	narH	CHQ_1_8:308953-310488	CHQ_1_00981
prokka_CHQ_1/CHQ_1:Gene	narJ	CHQ_1_8:310485-311195	CHQ_1_00982
prokka_CHQ_1/CHQ_1:Gene	narI	CHQ_1_8:311195-311872	CHQ_1_00983
prokka_CHQ_1/CHQ_1:Gene	CHQ_1_00984	CHQ_1_8:c312765-311869	CHQ_1_00984
prokka_CHQ_1/CHQ_1:Gene	lrpC	CHQ_1_8:312873-313316	CHQ_1_00985
prokka_CHQ_1/CHQ_1:Gene	CHQ_1_00986	CHQ_1_8:c313692-313608	CHQ_1_00986
prokka_CHQ_1/CHQ_1:Gene	CHQ_1_00987	CHQ_1_8:c313991-313907	CHQ_1_00987
prokka_CHQ_1/CHQ_1:Gene	purU	CHQ_1_8:c314993-314151	CHQ_1_00988
prokka_CHQ_1/CHQ_1:Gene	CHQ_1_00989	CHQ_1_8:c315395-315036	CHQ_1_00989
prokka_CHQ_1/CHQ_1:Gene	CHQ_1_00990	CHQ_1_8:315607-316509	CHQ_1_00990
prokka_CHQ_1/CHQ_1:Gene	rssB_1	CHQ_1_8:316599-317612	CHQ_1_00991
prokka_CHQ_1/CHQ_1:Gene	galU	CHQ_1_8:317810-318712	CHQ_1_00992
prokka_CHQ_1/CHQ_1:Gene	hns	CHQ_1_8:c319241-318834	CHQ_1_00993
prokka_CHQ_1/CHQ_1:Gene	tdk	CHQ_1_8:319893-320420	CHQ_1_00994
prokka_CHQ_1/CHQ_1:Gene	adhE_5	CHQ_1_8:c323243-320568	CHQ_1_00995
prokka_CHQ_1/CHQ_1:Gene	CHQ_1_00996	CHQ_1_8:323720-324367	CHQ_1_00996
prokka_CHQ_1/CHQ_1:Gene	oppA_1	CHQ_1_8:325111-326745	CHQ_1_00997
prokka_CHQ_1/CHQ_1:Gene	oppB	CHQ_1_8:326831-327751	CHQ_1_00998
prokka_CHQ_1/CHQ_1:Gene	oppC	CHQ_1_8:327766-328674	CHQ_1_00999
prokka_CHQ_1/CHQ_1:Gene	oppD_1	CHQ_1_8:328686-329699	CHQ_1_01000
prokka_CHQ_1/CHQ_1:Gene	btuD_2	CHQ_1_8:329696-330700	CHQ_1_01001
prokka_CHQ_1/CHQ_1:Gene	CHQ_1_01002	CHQ_1_8:330750-331583	CHQ_1_01002
prokka_CHQ_1/CHQ_1:Gene	CHQ_1_01003	CHQ_1_8:c331976-331647	CHQ_1_01003
prokka_CHQ_1/CHQ_1:Gene	clsA	CHQ_1_8:c333471-332011	CHQ_1_01004
prokka_CHQ_1/CHQ_1:Gene	CHQ_1_01005	CHQ_1_8:333615-333788	CHQ_1_01005
prokka_CHQ_1/CHQ_1:Gene	yceI	CHQ_1_8:c334645-334067	CHQ_1_01006
prokka_CHQ_1/CHQ_1:Gene	yciI	CHQ_1_8:c335691-335395	CHQ_1_01007
prokka_CHQ_1/CHQ_1:Gene	tonB	CHQ_1_8:335911-336648	CHQ_1_01008
prokka_CHQ_1/CHQ_1:Gene	CHQ_1_01009	CHQ_1_8:c337564-336692	CHQ_1_01009
prokka_CHQ_1/CHQ_1:Gene	CHQ_1_01010	CHQ_1_8:c337954-337670	CHQ_1_01010
prokka_CHQ_1/CHQ_1:Gene	pfkB	CHQ_1_8:c338980-338048	CHQ_1_01011
prokka_CHQ_1/CHQ_1:Gene	CHQ_1_01012	CHQ_1_8:339337-340095	CHQ_1_01012
prokka_CHQ_1/CHQ_1:Gene	CHQ_1_01013	CHQ_1_8:340365-340598	CHQ_1_01013
prokka_CHQ_1/CHQ_1:Gene	thrS	CHQ_1_8:341030-342958	CHQ_1_01014
prokka_CHQ_1/CHQ_1:Gene	infC	CHQ_1_8:343070-343504	CHQ_1_01015
prokka_CHQ_1/CHQ_1:Gene	rpmI	CHQ_1_8:343597-343794	CHQ_1_01016
prokka_CHQ_1/CHQ_1:Gene	rplT	CHQ_1_8:343845-344201	CHQ_1_01017
prokka_CHQ_1/CHQ_1:Gene	pheS	CHQ_1_8:344508-345491	CHQ_1_01018
prokka_CHQ_1/CHQ_1:Gene	pheT	CHQ_1_8:345507-347894	CHQ_1_01019
prokka_CHQ_1/CHQ_1:Gene	ihfA	CHQ_1_8:347899-348198	CHQ_1_01020
prokka_CHQ_1/CHQ_1:Gene	rutC_2	CHQ_1_8:c348619-348251	CHQ_1_01021
prokka_CHQ_1/CHQ_1:Gene	dadA_2	CHQ_1_8:c349854-348601	CHQ_1_01022
prokka_CHQ_1/CHQ_1:Gene	hcaR_1	CHQ_1_8:c350818-349904	CHQ_1_01023
prokka_CHQ_1/CHQ_1:Gene	CHQ_1_01024	CHQ_1_8:351095-352528	CHQ_1_01024
prokka_CHQ_1/CHQ_1:Gene	btuC	CHQ_1_8:352650-353627	CHQ_1_01025
prokka_CHQ_1/CHQ_1:Gene	metQ_2	CHQ_1_8:c354473-353673	CHQ_1_01026
prokka_CHQ_1/CHQ_1:Gene	btuE	CHQ_1_8:354710-355261	CHQ_1_01027
prokka_CHQ_1/CHQ_1:Gene	btuD_3	CHQ_1_8:355261-356010	CHQ_1_01028
prokka_CHQ_1/CHQ_1:Gene	mepS_1	CHQ_1_8:356092-356556	CHQ_1_01029
prokka_CHQ_1/CHQ_1:Gene	selO	CHQ_1_8:356670-358112	CHQ_1_01030
prokka_CHQ_1/CHQ_1:Gene	ydiE	CHQ_1_8:c358321-358142	CHQ_1_01031
prokka_CHQ_1/CHQ_1:Gene	aroH	CHQ_1_8:c359522-358476	CHQ_1_01032
prokka_CHQ_1/CHQ_1:Gene	ppsR	CHQ_1_8:c360510-359677	CHQ_1_01033
prokka_CHQ_1/CHQ_1:Gene	ppsA	CHQ_1_8:360850-363228	CHQ_1_01034
prokka_CHQ_1/CHQ_1:Gene	ydiK_1	CHQ_1_8:c364724-363612	CHQ_1_01035
prokka_CHQ_1/CHQ_1:Gene	CHQ_1_01036	CHQ_1_8:364943-367999	CHQ_1_01036
prokka_CHQ_1/CHQ_1:Gene	menI	CHQ_1_8:367996-368406	CHQ_1_01037
prokka_CHQ_1/CHQ_1:Gene	CHQ_1_01038	CHQ_1_8:368609-368857	CHQ_1_01038
prokka_CHQ_1/CHQ_1:Gene	CHQ_1_01039	CHQ_1_8:c369276-368956	CHQ_1_01039
prokka_CHQ_1/CHQ_1:Gene	CHQ_1_01040	CHQ_1_8:369874-370851	CHQ_1_01040
prokka_CHQ_1/CHQ_1:Gene	xecA1	CHQ_1_8:370875-371906	CHQ_1_01041
prokka_CHQ_1/CHQ_1:Gene	mdtH_1	CHQ_1_8:c373203-371971	CHQ_1_01042
prokka_CHQ_1/CHQ_1:Gene	fecE_1	CHQ_1_8:c373976-373215	CHQ_1_01043
prokka_CHQ_1/CHQ_1:Gene	feuC_1	CHQ_1_8:c375013-373976	CHQ_1_01044
prokka_CHQ_1/CHQ_1:Gene	CHQ_1_01045	CHQ_1_8:c376011-375013	CHQ_1_01045
prokka_CHQ_1/CHQ_1:Gene	hdfR_1	CHQ_1_8:c377080-376169	CHQ_1_01046
prokka_CHQ_1/CHQ_1:Gene	CHQ_1_01047	CHQ_1_8:377177-378172	CHQ_1_01047
prokka_CHQ_1/CHQ_1:Gene	CHQ_1_01048	CHQ_1_8:378270-378884	CHQ_1_01048
prokka_CHQ_1/CHQ_1:Gene	mdtA_1	CHQ_1_8:378959-380068	CHQ_1_01049
prokka_CHQ_1/CHQ_1:Gene	cnrA	CHQ_1_8:380065-383166	CHQ_1_01050
prokka_CHQ_1/CHQ_1:Gene	lldD_1	CHQ_1_8:c384406-383222	CHQ_1_01051
prokka_CHQ_1/CHQ_1:Gene	CHQ_1_01052	CHQ_1_8:384786-384983	CHQ_1_01052
prokka_CHQ_1/CHQ_1:Gene	sufA	CHQ_1_8:385464-385841	CHQ_1_01053
prokka_CHQ_1/CHQ_1:Gene	sufB	CHQ_1_8:385844-387331	CHQ_1_01054
prokka_CHQ_1/CHQ_1:Gene	sufC	CHQ_1_8:387348-388094	CHQ_1_01055
prokka_CHQ_1/CHQ_1:Gene	sufD	CHQ_1_8:388069-389343	CHQ_1_01056
prokka_CHQ_1/CHQ_1:Gene	sufS	CHQ_1_8:389340-390560	CHQ_1_01057
prokka_CHQ_1/CHQ_1:Gene	sufE	CHQ_1_8:390572-390988	CHQ_1_01058
prokka_CHQ_1/CHQ_1:Gene	ynhG	CHQ_1_8:391088-392074	CHQ_1_01059
prokka_CHQ_1/CHQ_1:Gene	lpp1	CHQ_1_8:c392372-392136	CHQ_1_01060
prokka_CHQ_1/CHQ_1:Gene	pykF	CHQ_1_8:c394098-392686	CHQ_1_01061
prokka_CHQ_1/CHQ_1:Gene	fumD	CHQ_1_8:394604-394816	CHQ_1_01062
prokka_CHQ_1/CHQ_1:Gene	nicS	CHQ_1_8:c395472-394834	CHQ_1_01063
prokka_CHQ_1/CHQ_1:Gene	CHQ_1_01064	CHQ_1_8:395599-397452	CHQ_1_01064
prokka_CHQ_1/CHQ_1:Gene	dgoT	CHQ_1_8:397524-398846	CHQ_1_01065
prokka_CHQ_1/CHQ_1:Gene	ydiB_1	CHQ_1_8:398862-399698	CHQ_1_01066
prokka_CHQ_1/CHQ_1:Gene	CHQ_1_01067	CHQ_1_8:399758-400498	CHQ_1_01067
prokka_CHQ_1/CHQ_1:Gene	CHQ_1_01068	CHQ_1_8:c401231-400482	CHQ_1_01068
prokka_CHQ_1/CHQ_1:Gene	CHQ_1_01069	CHQ_1_8:c402235-401228	CHQ_1_01069
prokka_CHQ_1/CHQ_1:Gene	CHQ_1_01070	CHQ_1_8:c403283-402225	CHQ_1_01070
prokka_CHQ_1/CHQ_1:Gene	xynR	CHQ_1_8:c404188-403376	CHQ_1_01071
prokka_CHQ_1/CHQ_1:Gene	mhpA	CHQ_1_8:404366-406030	CHQ_1_01072
prokka_CHQ_1/CHQ_1:Gene	mhpB	CHQ_1_8:406032-406976	CHQ_1_01073
prokka_CHQ_1/CHQ_1:Gene	mhpC	CHQ_1_8:406994-407860	CHQ_1_01074
prokka_CHQ_1/CHQ_1:Gene	mhpD	CHQ_1_8:407870-408676	CHQ_1_01075
prokka_CHQ_1/CHQ_1:Gene	mhpF	CHQ_1_8:408669-409619	CHQ_1_01076
prokka_CHQ_1/CHQ_1:Gene	mhpE	CHQ_1_8:409616-410632	CHQ_1_01077
prokka_CHQ_1/CHQ_1:Gene	mhpT	CHQ_1_8:410704-411900	CHQ_1_01078
prokka_CHQ_1/CHQ_1:Gene	CHQ_1_01079	CHQ_1_8:411900-412727	CHQ_1_01079
prokka_CHQ_1/CHQ_1:Gene	glpE_1	CHQ_1_8:c414320-412740	CHQ_1_01080
prokka_CHQ_1/CHQ_1:Gene	CHQ_1_01081	CHQ_1_8:c414928-414326	CHQ_1_01081
prokka_CHQ_1/CHQ_1:Gene	cysL	CHQ_1_8:415035-415928	CHQ_1_01082
prokka_CHQ_1/CHQ_1:Gene	msuD_2	CHQ_1_8:416073-417158	CHQ_1_01083
prokka_CHQ_1/CHQ_1:Gene	ydbM	CHQ_1_8:417155-418306	CHQ_1_01084
prokka_CHQ_1/CHQ_1:Gene	ssuA_2	CHQ_1_8:418312-419286	CHQ_1_01085
prokka_CHQ_1/CHQ_1:Gene	CHQ_1_01086	CHQ_1_8:419283-420320	CHQ_1_01086
prokka_CHQ_1/CHQ_1:Gene	CHQ_1_01087	CHQ_1_8:420301-421296	CHQ_1_01087
prokka_CHQ_1/CHQ_1:Gene	ssuB_1	CHQ_1_8:421290-422078	CHQ_1_01088
prokka_CHQ_1/CHQ_1:Gene	cntO_1	CHQ_1_8:c424359-422206	CHQ_1_01089
prokka_CHQ_1/CHQ_1:Gene	yusV	CHQ_1_8:424784-425605	CHQ_1_01090
prokka_CHQ_1/CHQ_1:Gene	yfiZ	CHQ_1_8:425602-426627	CHQ_1_01091
prokka_CHQ_1/CHQ_1:Gene	feuC_2	CHQ_1_8:426624-427676	CHQ_1_01092
prokka_CHQ_1/CHQ_1:Gene	CHQ_1_01093	CHQ_1_8:427690-428643	CHQ_1_01093
prokka_CHQ_1/CHQ_1:Gene	CHQ_1_01094	CHQ_1_8:428640-429542	CHQ_1_01094
prokka_CHQ_1/CHQ_1:Gene	glnH_1	CHQ_1_8:429635-430402	CHQ_1_01095
prokka_CHQ_1/CHQ_1:Gene	artQ_1	CHQ_1_8:430466-431230	CHQ_1_01096
prokka_CHQ_1/CHQ_1:Gene	glnQ_2	CHQ_1_8:431217-431939	CHQ_1_01097
prokka_CHQ_1/CHQ_1:Gene	CHQ_1_01098	CHQ_1_8:432212-432826	CHQ_1_01098
prokka_CHQ_1/CHQ_1:Gene	CHQ_1_01099	CHQ_1_8:c433348-432956	CHQ_1_01099
prokka_CHQ_1/CHQ_1:Gene	mdtM_2	CHQ_1_8:c434617-433385	CHQ_1_01100
prokka_CHQ_1/CHQ_1:Gene	CHQ_1_01101	CHQ_1_8:c435614-435180	CHQ_1_01101
prokka_CHQ_1/CHQ_1:Gene	ycaD_1	CHQ_1_8:c436929-435730	CHQ_1_01102
prokka_CHQ_1/CHQ_1:Gene	hipO_1	CHQ_1_8:437226-438383	CHQ_1_01103
prokka_CHQ_1/CHQ_1:Gene	fdhF_1	CHQ_1_8:c440576-438426	CHQ_1_01104
prokka_CHQ_1/CHQ_1:Gene	hcxB	CHQ_1_8:c441902-440823	CHQ_1_01105
prokka_CHQ_1/CHQ_1:Gene	CHQ_1_01106	CHQ_1_8:442206-443294	CHQ_1_01106
prokka_CHQ_1/CHQ_1:Gene	CHQ_1_01107	CHQ_1_8:443369-445138	CHQ_1_01107
prokka_CHQ_1/CHQ_1:Gene	potA_2	CHQ_1_8:445131-446201	CHQ_1_01108
prokka_CHQ_1/CHQ_1:Gene	CHQ_1_01109	CHQ_1_8:c446580-446209	CHQ_1_01109
prokka_CHQ_1/CHQ_1:Gene	CHQ_1_01110	CHQ_1_8:447082-447837	CHQ_1_01110
prokka_CHQ_1/CHQ_1:Gene	CHQ_1_01111	CHQ_1_8:447840-449624	CHQ_1_01111
prokka_CHQ_1/CHQ_1:Gene	CHQ_1_01112	CHQ_1_8:449638-450975	CHQ_1_01112
prokka_CHQ_1/CHQ_1:Gene	ccmA	CHQ_1_8:451059-451682	CHQ_1_01113
prokka_CHQ_1/CHQ_1:Gene	ccmB	CHQ_1_8:451679-452338	CHQ_1_01114
prokka_CHQ_1/CHQ_1:Gene	ccmC	CHQ_1_8:452388-453125	CHQ_1_01115
prokka_CHQ_1/CHQ_1:Gene	CHQ_1_01116	CHQ_1_8:453122-453352	CHQ_1_01116
prokka_CHQ_1/CHQ_1:Gene	ccmE	CHQ_1_8:453336-453794	CHQ_1_01117
prokka_CHQ_1/CHQ_1:Gene	ccmF	CHQ_1_8:453791-455743	CHQ_1_01118
prokka_CHQ_1/CHQ_1:Gene	dsbE	CHQ_1_8:455740-456294	CHQ_1_01119
prokka_CHQ_1/CHQ_1:Gene	ccmH	CHQ_1_8:456306-456752	CHQ_1_01120
prokka_CHQ_1/CHQ_1:Gene	CHQ_1_01121	CHQ_1_8:456749-457591	CHQ_1_01121
prokka_CHQ_1/CHQ_1:Gene	mtgA_1	CHQ_1_8:458373-458978	CHQ_1_01122
prokka_CHQ_1/CHQ_1:Gene	CHQ_1_01123	CHQ_1_8:458965-459624	CHQ_1_01123
prokka_CHQ_1/CHQ_1:Gene	xerC_1	CHQ_1_8:459844-460446	CHQ_1_01124
prokka_CHQ_1/CHQ_1:Gene	CHQ_1_01125	CHQ_1_8:c461155-460517	CHQ_1_01125
prokka_CHQ_1/CHQ_1:Gene	CHQ_1_01126	CHQ_1_9:c1576-38	CHQ_1_01126
prokka_CHQ_1/CHQ_1:Gene	CHQ_1_01127	CHQ_1_9:c1973-1626	CHQ_1_01127
prokka_CHQ_1/CHQ_1:Gene	CHQ_1_01128	CHQ_1_9:c3097-2459	CHQ_1_01128
prokka_CHQ_1/CHQ_1:Gene	CHQ_1_01129	CHQ_1_10:c634-11	CHQ_1_01129
prokka_CHQ_1/CHQ_1:Gene	lysC	CHQ_1_10:c2122-773	CHQ_1_01130
prokka_CHQ_1/CHQ_1:Gene	pgi	CHQ_1_10:2886-4535	CHQ_1_01131
prokka_CHQ_1/CHQ_1:Gene	fdtC	CHQ_1_10:c5039-4584	CHQ_1_01132
prokka_CHQ_1/CHQ_1:Gene	CHQ_1_01133	CHQ_1_10:c5557-5048	CHQ_1_01133
prokka_CHQ_1/CHQ_1:Gene	ridA_1	CHQ_1_10:c6046-5666	CHQ_1_01134
prokka_CHQ_1/CHQ_1:Gene	CHQ_1_01135	CHQ_1_10:c6386-6066	CHQ_1_01135
prokka_CHQ_1/CHQ_1:Gene	ygaZ_1	CHQ_1_10:c7119-6379	CHQ_1_01136
prokka_CHQ_1/CHQ_1:Gene	CHQ_1_01137	CHQ_1_10:c8459-7182	CHQ_1_01137
prokka_CHQ_1/CHQ_1:Gene	psiE	CHQ_1_10:8830-9240	CHQ_1_01138
prokka_CHQ_1/CHQ_1:Gene	malG_1	CHQ_1_10:c10322-9432	CHQ_1_01139
prokka_CHQ_1/CHQ_1:Gene	malF	CHQ_1_10:c12023-10479	CHQ_1_01140
prokka_CHQ_1/CHQ_1:Gene	malE	CHQ_1_10:c13331-12141	CHQ_1_01141
prokka_CHQ_1/CHQ_1:Gene	malK_1	CHQ_1_10:13702-14811	CHQ_1_01142
prokka_CHQ_1/CHQ_1:Gene	lamB_1	CHQ_1_10:14897-16186	CHQ_1_01143
prokka_CHQ_1/CHQ_1:Gene	CHQ_1_01144	CHQ_1_10:16301-17230	CHQ_1_01144
prokka_CHQ_1/CHQ_1:Gene	ubiC	CHQ_1_10:17418-17915	CHQ_1_01145
prokka_CHQ_1/CHQ_1:Gene	ubiA	CHQ_1_10:17928-18794	CHQ_1_01146
prokka_CHQ_1/CHQ_1:Gene	plsB	CHQ_1_10:c21276-18853	CHQ_1_01147
prokka_CHQ_1/CHQ_1:Gene	dgkA	CHQ_1_10:21406-21774	CHQ_1_01148
prokka_CHQ_1/CHQ_1:Gene	lexA	CHQ_1_10:21897-22505	CHQ_1_01149
prokka_CHQ_1/CHQ_1:Gene	dinF	CHQ_1_10:22575-23891	CHQ_1_01150
prokka_CHQ_1/CHQ_1:Gene	CHQ_1_01151	CHQ_1_10:24127-24336	CHQ_1_01151
prokka_CHQ_1/CHQ_1:Gene	zur	CHQ_1_10:c24947-24432	CHQ_1_01152
prokka_CHQ_1/CHQ_1:Gene	CHQ_1_01153	CHQ_1_10:25196-25684	CHQ_1_01153
prokka_CHQ_1/CHQ_1:Gene	dusA	CHQ_1_10:25842-26783	CHQ_1_01154
prokka_CHQ_1/CHQ_1:Gene	pspG	CHQ_1_10:26924-27166	CHQ_1_01155
prokka_CHQ_1/CHQ_1:Gene	qorA_1	CHQ_1_10:c28346-27363	CHQ_1_01156
prokka_CHQ_1/CHQ_1:Gene	dnaB	CHQ_1_10:28516-29931	CHQ_1_01157
prokka_CHQ_1/CHQ_1:Gene	alr	CHQ_1_10:29963-31042	CHQ_1_01158
prokka_CHQ_1/CHQ_1:Gene	tyrB_1	CHQ_1_10:31220-32413	CHQ_1_01159
prokka_CHQ_1/CHQ_1:Gene	aphA_1	CHQ_1_10:32605-33318	CHQ_1_01160
prokka_CHQ_1/CHQ_1:Gene	CHQ_1_01161	CHQ_1_10:33450-33866	CHQ_1_01161
prokka_CHQ_1/CHQ_1:Gene	yjbR	CHQ_1_10:33870-34226	CHQ_1_01162
prokka_CHQ_1/CHQ_1:Gene	uvrA	CHQ_1_10:c37052-34227	CHQ_1_01163
prokka_CHQ_1/CHQ_1:Gene	ssb_1	CHQ_1_10:37304-37828	CHQ_1_01164
prokka_CHQ_1/CHQ_1:Gene	mltF_1	CHQ_1_10:c39530-37950	CHQ_1_01165
prokka_CHQ_1/CHQ_1:Gene	fepA_1	CHQ_1_10:40119-42377	CHQ_1_01166
prokka_CHQ_1/CHQ_1:Gene	soxS_1	CHQ_1_10:c43011-42643	CHQ_1_01167
prokka_CHQ_1/CHQ_1:Gene	CHQ_1_01168	CHQ_1_10:c44805-43045	CHQ_1_01168
prokka_CHQ_1/CHQ_1:Gene	bamA_2	CHQ_1_10:45430-47853	CHQ_1_01169
prokka_CHQ_1/CHQ_1:Gene	iraM	CHQ_1_10:48404-48757	CHQ_1_01170
prokka_CHQ_1/CHQ_1:Gene	CHQ_1_01171	CHQ_1_10:c48954-48796	CHQ_1_01171
prokka_CHQ_1/CHQ_1:Gene	suhB_1	CHQ_1_10:c49457-48951	CHQ_1_01172
prokka_CHQ_1/CHQ_1:Gene	ccpA_2	CHQ_1_10:c50487-49468	CHQ_1_01173
prokka_CHQ_1/CHQ_1:Gene	rbn_1	CHQ_1_10:c51254-50484	CHQ_1_01174
prokka_CHQ_1/CHQ_1:Gene	potA_3	CHQ_1_10:51417-52448	CHQ_1_01175
prokka_CHQ_1/CHQ_1:Gene	CHQ_1_01176	CHQ_1_10:52478-53617	CHQ_1_01176
prokka_CHQ_1/CHQ_1:Gene	CHQ_1_01177	CHQ_1_10:53678-54508	CHQ_1_01177
prokka_CHQ_1/CHQ_1:Gene	CHQ_1_01178	CHQ_1_10:54505-55365	CHQ_1_01178
prokka_CHQ_1/CHQ_1:Gene	CHQ_1_01179	CHQ_1_10:c55693-55412	CHQ_1_01179
prokka_CHQ_1/CHQ_1:Gene	pdeC	CHQ_1_10:56203-57807	CHQ_1_01180
prokka_CHQ_1/CHQ_1:Gene	soxS_2	CHQ_1_10:c58121-57792	CHQ_1_01181
prokka_CHQ_1/CHQ_1:Gene	soxR	CHQ_1_10:58206-58664	CHQ_1_01182
prokka_CHQ_1/CHQ_1:Gene	CHQ_1_01183	CHQ_1_10:58924-59592	CHQ_1_01183
prokka_CHQ_1/CHQ_1:Gene	ghxP	CHQ_1_10:59983-61332	CHQ_1_01184
prokka_CHQ_1/CHQ_1:Gene	nhaK	CHQ_1_10:61480-63126	CHQ_1_01185
prokka_CHQ_1/CHQ_1:Gene	gltC_3	CHQ_1_10:c64169-63288	CHQ_1_01186
prokka_CHQ_1/CHQ_1:Gene	cidA	CHQ_1_10:64275-64682	CHQ_1_01187
prokka_CHQ_1/CHQ_1:Gene	yohK_1	CHQ_1_10:64679-65368	CHQ_1_01188
prokka_CHQ_1/CHQ_1:Gene	elfA	CHQ_1_10:65896-66435	CHQ_1_01189
prokka_CHQ_1/CHQ_1:Gene	lpfB_1	CHQ_1_10:66495-67184	CHQ_1_01190
prokka_CHQ_1/CHQ_1:Gene	fimD_2	CHQ_1_10:67138-69729	CHQ_1_01191
prokka_CHQ_1/CHQ_1:Gene	CHQ_1_01192	CHQ_1_10:69729-70316	CHQ_1_01192
prokka_CHQ_1/CHQ_1:Gene	CHQ_1_01193	CHQ_1_10:70337-71434	CHQ_1_01193
prokka_CHQ_1/CHQ_1:Gene	actP	CHQ_1_10:c73142-71487	CHQ_1_01194
prokka_CHQ_1/CHQ_1:Gene	yjcH	CHQ_1_10:c73450-73139	CHQ_1_01195
prokka_CHQ_1/CHQ_1:Gene	acs	CHQ_1_10:c75593-73635	CHQ_1_01196
prokka_CHQ_1/CHQ_1:Gene	gltP	CHQ_1_10:76006-77319	CHQ_1_01197
prokka_CHQ_1/CHQ_1:Gene	CHQ_1_01198	CHQ_1_10:c78040-77354	CHQ_1_01198
prokka_CHQ_1/CHQ_1:Gene	fdhF_2	CHQ_1_10:c79924-78245	CHQ_1_01199
prokka_CHQ_1/CHQ_1:Gene	fdhF_3	CHQ_1_10:c80392-79973	CHQ_1_01200
prokka_CHQ_1/CHQ_1:Gene	ompR_1	CHQ_1_10:80665-81393	CHQ_1_01201
prokka_CHQ_1/CHQ_1:Gene	rbsK_1	CHQ_1_10:c82451-81444	CHQ_1_01202
prokka_CHQ_1/CHQ_1:Gene	rbsB_1	CHQ_1_10:c83467-82526	CHQ_1_01203
prokka_CHQ_1/CHQ_1:Gene	rbsC_1	CHQ_1_10:c84496-83498	CHQ_1_01204
prokka_CHQ_1/CHQ_1:Gene	rbsA_1	CHQ_1_10:c86013-84493	CHQ_1_01205
prokka_CHQ_1/CHQ_1:Gene	rcsC_1	CHQ_1_10:86193-88478	CHQ_1_01206
prokka_CHQ_1/CHQ_1:Gene	CHQ_1_01207	CHQ_1_10:88534-88902	CHQ_1_01207
prokka_CHQ_1/CHQ_1:Gene	phnP	CHQ_1_10:c89683-88925	CHQ_1_01208
prokka_CHQ_1/CHQ_1:Gene	phnN	CHQ_1_10:c90262-89699	CHQ_1_01209
prokka_CHQ_1/CHQ_1:Gene	phnM	CHQ_1_10:c91398-90262	CHQ_1_01210
prokka_CHQ_1/CHQ_1:Gene	phnL	CHQ_1_10:c92075-91395	CHQ_1_01211
prokka_CHQ_1/CHQ_1:Gene	phnK	CHQ_1_10:c92941-92183	CHQ_1_01212
prokka_CHQ_1/CHQ_1:Gene	phnJ	CHQ_1_10:c93786-92938	CHQ_1_01213
prokka_CHQ_1/CHQ_1:Gene	phnI	CHQ_1_10:c94843-93779	CHQ_1_01214
prokka_CHQ_1/CHQ_1:Gene	phnH	CHQ_1_10:c95428-94844	CHQ_1_01215
prokka_CHQ_1/CHQ_1:Gene	phnG	CHQ_1_10:c95877-95425	CHQ_1_01216
prokka_CHQ_1/CHQ_1:Gene	phnF	CHQ_1_10:c96603-95878	CHQ_1_01217
prokka_CHQ_1/CHQ_1:Gene	CHQ_1_01218	CHQ_1_10:c97193-96759	CHQ_1_01218
prokka_CHQ_1/CHQ_1:Gene	CHQ_1_01219	CHQ_1_10:c97756-97421	CHQ_1_01219
prokka_CHQ_1/CHQ_1:Gene	proP_3	CHQ_1_10:98301-99803	CHQ_1_01220
prokka_CHQ_1/CHQ_1:Gene	melR	CHQ_1_10:c100792-99854	CHQ_1_01221
prokka_CHQ_1/CHQ_1:Gene	melA	CHQ_1_10:101032-102384	CHQ_1_01222
prokka_CHQ_1/CHQ_1:Gene	melB	CHQ_1_10:102478-103893	CHQ_1_01223
prokka_CHQ_1/CHQ_1:Gene	parM_1	CHQ_1_10:104169-105125	CHQ_1_01224
prokka_CHQ_1/CHQ_1:Gene	CHQ_1_01225	CHQ_1_10:105135-105506	CHQ_1_01225
prokka_CHQ_1/CHQ_1:Gene	cbpM	CHQ_1_10:c106021-105716	CHQ_1_01226
prokka_CHQ_1/CHQ_1:Gene	cbpA	CHQ_1_10:c106938-106021	CHQ_1_01227
prokka_CHQ_1/CHQ_1:Gene	CHQ_1_01228	CHQ_1_10:c107767-107084	CHQ_1_01228
prokka_CHQ_1/CHQ_1:Gene	CHQ_1_01229	CHQ_1_10:107993-108778	CHQ_1_01229
prokka_CHQ_1/CHQ_1:Gene	CHQ_1_01230	CHQ_1_10:c109272-108826	CHQ_1_01230
prokka_CHQ_1/CHQ_1:Gene	pgaC	CHQ_1_10:c110600-109269	CHQ_1_01231
prokka_CHQ_1/CHQ_1:Gene	pgaB	CHQ_1_10:c112608-110593	CHQ_1_01232
prokka_CHQ_1/CHQ_1:Gene	pgaA	CHQ_1_10:c115106-112617	CHQ_1_01233
prokka_CHQ_1/CHQ_1:Gene	CHQ_1_01234	CHQ_1_10:115698-116264	CHQ_1_01234
prokka_CHQ_1/CHQ_1:Gene	CHQ_1_01235	CHQ_1_10:116576-116866	CHQ_1_01235
prokka_CHQ_1/CHQ_1:Gene	CHQ_1_01236	CHQ_1_10:c117521-117446	CHQ_1_01236
prokka_CHQ_1/CHQ_1:Gene	CHQ_1_01237	CHQ_1_10:c119724-117637	CHQ_1_01237
prokka_CHQ_1/CHQ_1:Gene	CHQ_1_01238	CHQ_1_10:c120382-119792	CHQ_1_01238
prokka_CHQ_1/CHQ_1:Gene	dsbD_2	CHQ_1_10:c122199-120403	CHQ_1_01239
prokka_CHQ_1/CHQ_1:Gene	cutA	CHQ_1_10:c122498-122175	CHQ_1_01240
prokka_CHQ_1/CHQ_1:Gene	dcuA	CHQ_1_10:c123924-122623	CHQ_1_01241
prokka_CHQ_1/CHQ_1:Gene	aspA	CHQ_1_10:c125475-124039	CHQ_1_01242
prokka_CHQ_1/CHQ_1:Gene	CHQ_1_01243	CHQ_1_10:125813-126289	CHQ_1_01243
prokka_CHQ_1/CHQ_1:Gene	yjeH	CHQ_1_10:c127590-126340	CHQ_1_01244
prokka_CHQ_1/CHQ_1:Gene	groS	CHQ_1_10:127824-128117	CHQ_1_01245
prokka_CHQ_1/CHQ_1:Gene	groL	CHQ_1_10:128155-129801	CHQ_1_01246
prokka_CHQ_1/CHQ_1:Gene	CHQ_1_01247	CHQ_1_10:130060-130413	CHQ_1_01247
prokka_CHQ_1/CHQ_1:Gene	CHQ_1_01248	CHQ_1_10:c131331-130468	CHQ_1_01248
prokka_CHQ_1/CHQ_1:Gene	hlyB	CHQ_1_10:c133468-131345	CHQ_1_01249
prokka_CHQ_1/CHQ_1:Gene	cvaA	CHQ_1_10:c134747-133461	CHQ_1_01250
prokka_CHQ_1/CHQ_1:Gene	CHQ_1_01251	CHQ_1_10:c136588-135557	CHQ_1_01251
prokka_CHQ_1/CHQ_1:Gene	elfC	CHQ_1_10:c139154-136611	CHQ_1_01252
prokka_CHQ_1/CHQ_1:Gene	fimC_2	CHQ_1_10:c139876-139190	CHQ_1_01253
prokka_CHQ_1/CHQ_1:Gene	CHQ_1_01254	CHQ_1_10:c140436-139936	CHQ_1_01254
prokka_CHQ_1/CHQ_1:Gene	CHQ_1_01255	CHQ_1_10:140943-141617	CHQ_1_01255
prokka_CHQ_1/CHQ_1:Gene	epmB	CHQ_1_10:c142775-141747	CHQ_1_01256
prokka_CHQ_1/CHQ_1:Gene	efp	CHQ_1_10:142817-143383	CHQ_1_01257
prokka_CHQ_1/CHQ_1:Gene	CHQ_1_01258	CHQ_1_10:143457-143588	CHQ_1_01258
prokka_CHQ_1/CHQ_1:Gene	CHQ_1_01259	CHQ_1_10:143701-143892	CHQ_1_01259
prokka_CHQ_1/CHQ_1:Gene	gdx	CHQ_1_10:144036-144353	CHQ_1_01260
prokka_CHQ_1/CHQ_1:Gene	blc	CHQ_1_10:c144883-144350	CHQ_1_01261
prokka_CHQ_1/CHQ_1:Gene	frdD	CHQ_1_10:c145356-144997	CHQ_1_01262
prokka_CHQ_1/CHQ_1:Gene	frdC	CHQ_1_10:c145762-145367	CHQ_1_01263
prokka_CHQ_1/CHQ_1:Gene	frdB	CHQ_1_10:c146507-145773	CHQ_1_01264
prokka_CHQ_1/CHQ_1:Gene	frdA	CHQ_1_10:c148290-146500	CHQ_1_01265
prokka_CHQ_1/CHQ_1:Gene	epmA	CHQ_1_10:148565-149542	CHQ_1_01266
prokka_CHQ_1/CHQ_1:Gene	yjeM	CHQ_1_10:149701-149898	CHQ_1_01267
prokka_CHQ_1/CHQ_1:Gene	mscM	CHQ_1_10:c153265-149936	CHQ_1_01268
prokka_CHQ_1/CHQ_1:Gene	psd	CHQ_1_10:c154251-153289	CHQ_1_01269
prokka_CHQ_1/CHQ_1:Gene	rsgA	CHQ_1_10:c155473-154412	CHQ_1_01270
prokka_CHQ_1/CHQ_1:Gene	orn	CHQ_1_10:155568-156113	CHQ_1_01271
prokka_CHQ_1/CHQ_1:Gene	artJ_1	CHQ_1_10:c156888-156157	CHQ_1_01272
prokka_CHQ_1/CHQ_1:Gene	CHQ_1_01273	CHQ_1_10:157183-157258	CHQ_1_01273
prokka_CHQ_1/CHQ_1:Gene	CHQ_1_01274	CHQ_1_10:157327-157402	CHQ_1_01274
prokka_CHQ_1/CHQ_1:Gene	CHQ_1_01275	CHQ_1_10:157475-157550	CHQ_1_01275
prokka_CHQ_1/CHQ_1:Gene	queG	CHQ_1_10:c158960-157821	CHQ_1_01276
prokka_CHQ_1/CHQ_1:Gene	nnr	CHQ_1_10:158974-160485	CHQ_1_01277
prokka_CHQ_1/CHQ_1:Gene	tsaE	CHQ_1_10:160478-160939	CHQ_1_01278
prokka_CHQ_1/CHQ_1:Gene	amiB	CHQ_1_10:160956-162308	CHQ_1_01279
prokka_CHQ_1/CHQ_1:Gene	mutL	CHQ_1_10:162319-164178	CHQ_1_01280
prokka_CHQ_1/CHQ_1:Gene	miaA	CHQ_1_10:164171-165121	CHQ_1_01281
prokka_CHQ_1/CHQ_1:Gene	hfq	CHQ_1_10:165214-165522	CHQ_1_01282
prokka_CHQ_1/CHQ_1:Gene	hflX	CHQ_1_10:165598-166878	CHQ_1_01283
prokka_CHQ_1/CHQ_1:Gene	hflK	CHQ_1_10:166944-168206	CHQ_1_01284
prokka_CHQ_1/CHQ_1:Gene	hflC	CHQ_1_10:168209-169213	CHQ_1_01285
prokka_CHQ_1/CHQ_1:Gene	CHQ_1_01286	CHQ_1_10:c169587-169297	CHQ_1_01286
prokka_CHQ_1/CHQ_1:Gene	CHQ_1_01287	CHQ_1_10:169754-170008	CHQ_1_01287
prokka_CHQ_1/CHQ_1:Gene	purA	CHQ_1_10:170111-171409	CHQ_1_01288
prokka_CHQ_1/CHQ_1:Gene	nsrR	CHQ_1_10:171560-171985	CHQ_1_01289
prokka_CHQ_1/CHQ_1:Gene	rnr	CHQ_1_10:172022-174460	CHQ_1_01290
prokka_CHQ_1/CHQ_1:Gene	rlmB	CHQ_1_10:174540-175271	CHQ_1_01291
prokka_CHQ_1/CHQ_1:Gene	aidB	CHQ_1_10:175396-177033	CHQ_1_01292
prokka_CHQ_1/CHQ_1:Gene	CHQ_1_01293	CHQ_1_10:c177299-177024	CHQ_1_01293
prokka_CHQ_1/CHQ_1:Gene	bsmA	CHQ_1_10:c177745-177437	CHQ_1_01294
prokka_CHQ_1/CHQ_1:Gene	CHQ_1_01295	CHQ_1_10:177955-178671	CHQ_1_01295
prokka_CHQ_1/CHQ_1:Gene	ulaR	CHQ_1_10:c179423-178668	CHQ_1_01296
prokka_CHQ_1/CHQ_1:Gene	ulaG	CHQ_1_10:c180595-179531	CHQ_1_01297
prokka_CHQ_1/CHQ_1:Gene	ulaA_1	CHQ_1_10:180959-182359	CHQ_1_01298
prokka_CHQ_1/CHQ_1:Gene	ulaB	CHQ_1_10:182372-182677	CHQ_1_01299
prokka_CHQ_1/CHQ_1:Gene	ulaC_1	CHQ_1_10:182687-183154	CHQ_1_01300
prokka_CHQ_1/CHQ_1:Gene	ulaD	CHQ_1_10:183168-183818	CHQ_1_01301
prokka_CHQ_1/CHQ_1:Gene	ulaE	CHQ_1_10:183828-184682	CHQ_1_01302
prokka_CHQ_1/CHQ_1:Gene	ulaF	CHQ_1_10:184682-185368	CHQ_1_01303
prokka_CHQ_1/CHQ_1:Gene	yfcJ_1	CHQ_1_10:c186625-185432	CHQ_1_01304
prokka_CHQ_1/CHQ_1:Gene	CHQ_1_01305	CHQ_1_10:c187050-186775	CHQ_1_01305
prokka_CHQ_1/CHQ_1:Gene	rpsF	CHQ_1_10:187392-187787	CHQ_1_01306
prokka_CHQ_1/CHQ_1:Gene	priB	CHQ_1_10:187793-188107	CHQ_1_01307
prokka_CHQ_1/CHQ_1:Gene	rpsR	CHQ_1_10:188112-188339	CHQ_1_01308
prokka_CHQ_1/CHQ_1:Gene	rplI	CHQ_1_10:188381-188830	CHQ_1_01309
prokka_CHQ_1/CHQ_1:Gene	CHQ_1_01310	CHQ_1_10:c189613-188939	CHQ_1_01310
prokka_CHQ_1/CHQ_1:Gene	fklB	CHQ_1_10:189833-190453	CHQ_1_01311
prokka_CHQ_1/CHQ_1:Gene	cycA_1	CHQ_1_10:190759-192162	CHQ_1_01312
prokka_CHQ_1/CHQ_1:Gene	ytfE	CHQ_1_10:c192929-192267	CHQ_1_01313
prokka_CHQ_1/CHQ_1:Gene	ytfF_1	CHQ_1_10:c193983-193012	CHQ_1_01314
prokka_CHQ_1/CHQ_1:Gene	rhaS_4	CHQ_1_10:c194883-194059	CHQ_1_01315
prokka_CHQ_1/CHQ_1:Gene	qorB	CHQ_1_10:c195810-194962	CHQ_1_01316
prokka_CHQ_1/CHQ_1:Gene	CHQ_1_01317	CHQ_1_10:195901-196272	CHQ_1_01317
prokka_CHQ_1/CHQ_1:Gene	cpdB	CHQ_1_10:c198442-196499	CHQ_1_01318
prokka_CHQ_1/CHQ_1:Gene	cysQ	CHQ_1_10:198634-199377	CHQ_1_01319
prokka_CHQ_1/CHQ_1:Gene	ytfJ	CHQ_1_10:c199924-199367	CHQ_1_01320
prokka_CHQ_1/CHQ_1:Gene	CHQ_1_01321	CHQ_1_10:200249-200455	CHQ_1_01321
prokka_CHQ_1/CHQ_1:Gene	araC_2	CHQ_1_10:c201389-200517	CHQ_1_01322
prokka_CHQ_1/CHQ_1:Gene	bgaA	CHQ_1_10:c203429-201420	CHQ_1_01323
prokka_CHQ_1/CHQ_1:Gene	rafB_1	CHQ_1_10:c204680-203448	CHQ_1_01324
prokka_CHQ_1/CHQ_1:Gene	CHQ_1_01325	CHQ_1_10:c206218-204881	CHQ_1_01325
prokka_CHQ_1/CHQ_1:Gene	msrA	CHQ_1_10:c207037-206399	CHQ_1_01326
prokka_CHQ_1/CHQ_1:Gene	tamA	CHQ_1_10:207247-208980	CHQ_1_01327
prokka_CHQ_1/CHQ_1:Gene	tamB	CHQ_1_10:208977-212753	CHQ_1_01328
prokka_CHQ_1/CHQ_1:Gene	ytfP	CHQ_1_10:212756-213100	CHQ_1_01329
prokka_CHQ_1/CHQ_1:Gene	CHQ_1_01330	CHQ_1_10:c214433-213246	CHQ_1_01330
prokka_CHQ_1/CHQ_1:Gene	ppa_1	CHQ_1_10:c215037-214507	CHQ_1_01331
prokka_CHQ_1/CHQ_1:Gene	ytfQ	CHQ_1_10:215441-216397	CHQ_1_01332
prokka_CHQ_1/CHQ_1:Gene	fruK	CHQ_1_10:216521-218023	CHQ_1_01333
prokka_CHQ_1/CHQ_1:Gene	ytfT	CHQ_1_10:218034-219059	CHQ_1_01334
prokka_CHQ_1/CHQ_1:Gene	yjfF	CHQ_1_10:219046-220044	CHQ_1_01335
prokka_CHQ_1/CHQ_1:Gene	fbp	CHQ_1_10:c221087-220089	CHQ_1_01336
prokka_CHQ_1/CHQ_1:Gene	mpl	CHQ_1_10:221263-222636	CHQ_1_01337
prokka_CHQ_1/CHQ_1:Gene	CHQ_1_01338	CHQ_1_10:222705-223232	CHQ_1_01338
prokka_CHQ_1/CHQ_1:Gene	CHQ_1_01339	CHQ_1_10:c224484-223276	CHQ_1_01339
prokka_CHQ_1/CHQ_1:Gene	CHQ_1_01340	CHQ_1_10:c225738-225187	CHQ_1_01340
prokka_CHQ_1/CHQ_1:Gene	pmbA	CHQ_1_10:225846-227186	CHQ_1_01341
prokka_CHQ_1/CHQ_1:Gene	cybC	CHQ_1_10:227223-227609	CHQ_1_01342
prokka_CHQ_1/CHQ_1:Gene	CHQ_1_01343	CHQ_1_10:227899-228237	CHQ_1_01343
prokka_CHQ_1/CHQ_1:Gene	CHQ_1_01344	CHQ_1_10:228248-228610	CHQ_1_01344
prokka_CHQ_1/CHQ_1:Gene	CHQ_1_01345	CHQ_1_10:228613-228912	CHQ_1_01345
prokka_CHQ_1/CHQ_1:Gene	CHQ_1_01346	CHQ_1_10:228934-229710	CHQ_1_01346
prokka_CHQ_1/CHQ_1:Gene	CHQ_1_01347	CHQ_1_10:229724-230368	CHQ_1_01347
prokka_CHQ_1/CHQ_1:Gene	CHQ_1_01348	CHQ_1_10:230481-231614	CHQ_1_01348
prokka_CHQ_1/CHQ_1:Gene	dgaE	CHQ_1_10:231598-232716	CHQ_1_01349
prokka_CHQ_1/CHQ_1:Gene	dgaF	CHQ_1_10:232713-233453	CHQ_1_01350
prokka_CHQ_1/CHQ_1:Gene	pgl_1	CHQ_1_10:233521-234672	CHQ_1_01351
prokka_CHQ_1/CHQ_1:Gene	licR	CHQ_1_10:234695-236605	CHQ_1_01352
prokka_CHQ_1/CHQ_1:Gene	relB	CHQ_1_10:236683-236925	CHQ_1_01353
prokka_CHQ_1/CHQ_1:Gene	relE	CHQ_1_10:236915-237199	CHQ_1_01354
prokka_CHQ_1/CHQ_1:Gene	nrdG	CHQ_1_10:c237667-237203	CHQ_1_01355
prokka_CHQ_1/CHQ_1:Gene	nrdD	CHQ_1_10:c240116-237978	CHQ_1_01356
prokka_CHQ_1/CHQ_1:Gene	CHQ_1_01357	CHQ_1_10:240386-240577	CHQ_1_01357
prokka_CHQ_1/CHQ_1:Gene	treC	CHQ_1_10:c242157-240502	CHQ_1_01358
prokka_CHQ_1/CHQ_1:Gene	treB	CHQ_1_10:c243627-242209	CHQ_1_01359
prokka_CHQ_1/CHQ_1:Gene	treR	CHQ_1_10:c244705-243758	CHQ_1_01360
prokka_CHQ_1/CHQ_1:Gene	mgtA	CHQ_1_10:245083-247791	CHQ_1_01361
prokka_CHQ_1/CHQ_1:Gene	ridA_2	CHQ_1_10:c248251-247865	CHQ_1_01362
prokka_CHQ_1/CHQ_1:Gene	pyrI	CHQ_1_10:c248865-248404	CHQ_1_01363
prokka_CHQ_1/CHQ_1:Gene	pyrB	CHQ_1_10:c249815-248880	CHQ_1_01364
prokka_CHQ_1/CHQ_1:Gene	tabA	CHQ_1_10:250151-250603	CHQ_1_01365
prokka_CHQ_1/CHQ_1:Gene	argI	CHQ_1_10:c251677-250673	CHQ_1_01366
prokka_CHQ_1/CHQ_1:Gene	rraB	CHQ_1_10:251841-252263	CHQ_1_01367
prokka_CHQ_1/CHQ_1:Gene	CHQ_1_01368	CHQ_1_10:252322-253086	CHQ_1_01368
prokka_CHQ_1/CHQ_1:Gene	CHQ_1_01369	CHQ_1_10:c253873-253370	CHQ_1_01369
prokka_CHQ_1/CHQ_1:Gene	valS	CHQ_1_10:c256848-253993	CHQ_1_01370
prokka_CHQ_1/CHQ_1:Gene	holC	CHQ_1_10:c257291-256848	CHQ_1_01371
prokka_CHQ_1/CHQ_1:Gene	pepA	CHQ_1_10:c258924-257413	CHQ_1_01372
prokka_CHQ_1/CHQ_1:Gene	lptF	CHQ_1_10:259314-260411	CHQ_1_01373
prokka_CHQ_1/CHQ_1:Gene	lptG	CHQ_1_10:260411-261493	CHQ_1_01374
prokka_CHQ_1/CHQ_1:Gene	CHQ_1_01375	CHQ_1_10:c263044-261542	CHQ_1_01375
prokka_CHQ_1/CHQ_1:Gene	CHQ_1_01376	CHQ_1_10:c263963-263142	CHQ_1_01376
prokka_CHQ_1/CHQ_1:Gene	bauC	CHQ_1_10:264315-265820	CHQ_1_01377
prokka_CHQ_1/CHQ_1:Gene	iolB	CHQ_1_10:265839-266648	CHQ_1_01378
prokka_CHQ_1/CHQ_1:Gene	hexR_3	CHQ_1_10:c268490-267633	CHQ_1_01379
prokka_CHQ_1/CHQ_1:Gene	iolC	CHQ_1_10:c270555-268642	CHQ_1_01380
prokka_CHQ_1/CHQ_1:Gene	iolD	CHQ_1_10:271061-273001	CHQ_1_01381
prokka_CHQ_1/CHQ_1:Gene	iolG_1	CHQ_1_10:273048-274061	CHQ_1_01382
prokka_CHQ_1/CHQ_1:Gene	CHQ_1_01383	CHQ_1_10:274103-274987	CHQ_1_01383
prokka_CHQ_1/CHQ_1:Gene	iolE_1	CHQ_1_10:275011-275910	CHQ_1_01384
prokka_CHQ_1/CHQ_1:Gene	ugpB_1	CHQ_1_10:c277449-276139	CHQ_1_01385
prokka_CHQ_1/CHQ_1:Gene	ugpC_2	CHQ_1_10:c278515-277442	CHQ_1_01386
prokka_CHQ_1/CHQ_1:Gene	cpdA_1	CHQ_1_10:c279345-278521	CHQ_1_01387
prokka_CHQ_1/CHQ_1:Gene	ngcG	CHQ_1_10:c280243-279356	CHQ_1_01388
prokka_CHQ_1/CHQ_1:Gene	ugpA_1	CHQ_1_10:c281105-280233	CHQ_1_01389
prokka_CHQ_1/CHQ_1:Gene	ahr	CHQ_1_10:c282267-281248	CHQ_1_01390
prokka_CHQ_1/CHQ_1:Gene	dauA_3	CHQ_1_10:c283848-282379	CHQ_1_01391
prokka_CHQ_1/CHQ_1:Gene	can_2	CHQ_1_10:c284519-283845	CHQ_1_01392
prokka_CHQ_1/CHQ_1:Gene	CHQ_1_01393	CHQ_1_10:285114-285198	CHQ_1_01393
prokka_CHQ_1/CHQ_1:Gene	intS_1	CHQ_1_10:285408-285584	CHQ_1_01394
prokka_CHQ_1/CHQ_1:Gene	intA_1	CHQ_1_10:285605-285982	CHQ_1_01395
prokka_CHQ_1/CHQ_1:Gene	CHQ_1_01396	CHQ_1_10:286103-287089	CHQ_1_01396
prokka_CHQ_1/CHQ_1:Gene	CHQ_1_01397	CHQ_1_10:287530-288963	CHQ_1_01397
prokka_CHQ_1/CHQ_1:Gene	rep_2	CHQ_1_10:c291560-289887	CHQ_1_01398
prokka_CHQ_1/CHQ_1:Gene	CHQ_1_01399	CHQ_1_10:c293587-291557	CHQ_1_01399
prokka_CHQ_1/CHQ_1:Gene	CHQ_1_01400	CHQ_1_10:c294994-294008	CHQ_1_01400
prokka_CHQ_1/CHQ_1:Gene	CHQ_1_01401	CHQ_1_10:295574-295969	CHQ_1_01401
prokka_CHQ_1/CHQ_1:Gene	CHQ_1_01402	CHQ_1_10:296204-296797	CHQ_1_01402
prokka_CHQ_1/CHQ_1:Gene	CHQ_1_01403	CHQ_1_10:c298125-297256	CHQ_1_01403
prokka_CHQ_1/CHQ_1:Gene	CHQ_1_01404	CHQ_1_10:298305-298943	CHQ_1_01404
prokka_CHQ_1/CHQ_1:Gene	xynB	CHQ_1_10:c300705-299026	CHQ_1_01405
prokka_CHQ_1/CHQ_1:Gene	uidB	CHQ_1_10:c302218-300764	CHQ_1_01406
prokka_CHQ_1/CHQ_1:Gene	xylA_1	CHQ_1_10:302630-303949	CHQ_1_01407
prokka_CHQ_1/CHQ_1:Gene	loiP	CHQ_1_11:c892-131	CHQ_1_01408
prokka_CHQ_1/CHQ_1:Gene	lacY_1	CHQ_1_12:c1453-200	CHQ_1_01409
prokka_CHQ_1/CHQ_1:Gene	lacZ_1	CHQ_1_12:c4579-1505	CHQ_1_01410
prokka_CHQ_1/CHQ_1:Gene	lacI_1	CHQ_1_12:c5849-4701	CHQ_1_01411
prokka_CHQ_1/CHQ_1:Gene	wbgU	CHQ_1_13:1308-2312	CHQ_1_01412
prokka_CHQ_1/CHQ_1:Gene	ugd	CHQ_1_13:c4423-3257	CHQ_1_01413
prokka_CHQ_1/CHQ_1:Gene	rfbC	CHQ_1_13:c5158-4604	CHQ_1_01414
prokka_CHQ_1/CHQ_1:Gene	rfbD	CHQ_1_13:c6063-5173	CHQ_1_01415
prokka_CHQ_1/CHQ_1:Gene	rffH_1	CHQ_1_13:c6964-6095	CHQ_1_01416
prokka_CHQ_1/CHQ_1:Gene	rffG_1	CHQ_1_13:c8055-6991	CHQ_1_01417
prokka_CHQ_1/CHQ_1:Gene	rusA	CHQ_1_14:c1105-728	CHQ_1_01418
prokka_CHQ_1/CHQ_1:Gene	dam_1	CHQ_1_14:c1924-1115	CHQ_1_01419
prokka_CHQ_1/CHQ_1:Gene	CHQ_1_01420	CHQ_1_14:c2835-1921	CHQ_1_01420
prokka_CHQ_1/CHQ_1:Gene	CHQ_1_01421	CHQ_1_14:c3703-3242	CHQ_1_01421
prokka_CHQ_1/CHQ_1:Gene	CHQ_1_01422	CHQ_1_14:4078-4773	CHQ_1_01422
prokka_CHQ_1/CHQ_1:Gene	CHQ_1_01423	CHQ_1_15:c789-379	CHQ_1_01423
prokka_CHQ_1/CHQ_1:Gene	dmlR_4	CHQ_1_15:c1922-987	CHQ_1_01424
prokka_CHQ_1/CHQ_1:Gene	CHQ_1_01425	CHQ_1_15:2021-2455	CHQ_1_01425
prokka_CHQ_1/CHQ_1:Gene	CHQ_1_01426	CHQ_1_15:2465-2956	CHQ_1_01426
prokka_CHQ_1/CHQ_1:Gene	bglH_2	CHQ_1_15:3799-5394	CHQ_1_01427
prokka_CHQ_1/CHQ_1:Gene	bglF_2	CHQ_1_15:5665-7533	CHQ_1_01428
prokka_CHQ_1/CHQ_1:Gene	bglH_3	CHQ_1_15:7538-8998	CHQ_1_01429
prokka_CHQ_1/CHQ_1:Gene	licT	CHQ_1_15:9022-9855	CHQ_1_01430
prokka_CHQ_1/CHQ_1:Gene	argP_3	CHQ_1_15:c10802-9927	CHQ_1_01431
prokka_CHQ_1/CHQ_1:Gene	gstB_1	CHQ_1_15:10932-11546	CHQ_1_01432
prokka_CHQ_1/CHQ_1:Gene	CHQ_1_01433	CHQ_1_15:c11909-11595	CHQ_1_01433
prokka_CHQ_1/CHQ_1:Gene	fabF_1	CHQ_1_15:c13449-12175	CHQ_1_01434
prokka_CHQ_1/CHQ_1:Gene	emrB_1	CHQ_1_15:c15031-13469	CHQ_1_01435
prokka_CHQ_1/CHQ_1:Gene	emrA_1	CHQ_1_15:c16068-15028	CHQ_1_01436
prokka_CHQ_1/CHQ_1:Gene	CHQ_1_01437	CHQ_1_15:c16609-16052	CHQ_1_01437
prokka_CHQ_1/CHQ_1:Gene	asd_1	CHQ_1_15:16917-18035	CHQ_1_01438
prokka_CHQ_1/CHQ_1:Gene	phnO	CHQ_1_15:c18598-18176	CHQ_1_01439
prokka_CHQ_1/CHQ_1:Gene	CHQ_1_01440	CHQ_1_15:c19071-18685	CHQ_1_01440
prokka_CHQ_1/CHQ_1:Gene	atzE	CHQ_1_15:c20465-19068	CHQ_1_01441
prokka_CHQ_1/CHQ_1:Gene	CHQ_1_01442	CHQ_1_15:c20647-20462	CHQ_1_01442
prokka_CHQ_1/CHQ_1:Gene	hpxW	CHQ_1_15:c22244-20658	CHQ_1_01443
prokka_CHQ_1/CHQ_1:Gene	CHQ_1_01444	CHQ_1_15:22424-23263	CHQ_1_01444
prokka_CHQ_1/CHQ_1:Gene	fliY_2	CHQ_1_15:23478-24263	CHQ_1_01445
prokka_CHQ_1/CHQ_1:Gene	CHQ_1_01446	CHQ_1_15:24273-24938	CHQ_1_01446
prokka_CHQ_1/CHQ_1:Gene	yecS_2	CHQ_1_15:24935-25594	CHQ_1_01447
prokka_CHQ_1/CHQ_1:Gene	glnQ_3	CHQ_1_15:25575-26312	CHQ_1_01448
prokka_CHQ_1/CHQ_1:Gene	pucG	CHQ_1_15:26328-27569	CHQ_1_01449
prokka_CHQ_1/CHQ_1:Gene	amaB	CHQ_1_15:27566-28825	CHQ_1_01450
prokka_CHQ_1/CHQ_1:Gene	CHQ_1_01451	CHQ_1_15:c29835-28858	CHQ_1_01451
prokka_CHQ_1/CHQ_1:Gene	dmlR_5	CHQ_1_15:30020-30913	CHQ_1_01452
prokka_CHQ_1/CHQ_1:Gene	CHQ_1_01453	CHQ_1_15:31008-31490	CHQ_1_01453
prokka_CHQ_1/CHQ_1:Gene	namA_1	CHQ_1_15:c32820-31720	CHQ_1_01454
prokka_CHQ_1/CHQ_1:Gene	CHQ_1_01455	CHQ_1_15:c34535-32928	CHQ_1_01455
prokka_CHQ_1/CHQ_1:Gene	yjhB_2	CHQ_1_15:34812-36044	CHQ_1_01456
prokka_CHQ_1/CHQ_1:Gene	CHQ_1_01457	CHQ_1_15:c36998-36084	CHQ_1_01457
prokka_CHQ_1/CHQ_1:Gene	CHQ_1_01458	CHQ_1_15:37201-38301	CHQ_1_01458
prokka_CHQ_1/CHQ_1:Gene	betI_2	CHQ_1_15:c38855-38277	CHQ_1_01459
prokka_CHQ_1/CHQ_1:Gene	CHQ_1_01460	CHQ_1_15:39009-39611	CHQ_1_01460
prokka_CHQ_1/CHQ_1:Gene	CHQ_1_01461	CHQ_1_15:39683-40219	CHQ_1_01461
prokka_CHQ_1/CHQ_1:Gene	oxlT	CHQ_1_15:c41514-40258	CHQ_1_01462
prokka_CHQ_1/CHQ_1:Gene	CHQ_1_01463	CHQ_1_15:42218-42649	CHQ_1_01463
prokka_CHQ_1/CHQ_1:Gene	CHQ_1_01464	CHQ_1_15:c43513-43163	CHQ_1_01464
prokka_CHQ_1/CHQ_1:Gene	CHQ_1_01465	CHQ_1_15:44210-45268	CHQ_1_01465
prokka_CHQ_1/CHQ_1:Gene	CHQ_1_01466	CHQ_1_15:45293-46108	CHQ_1_01466
prokka_CHQ_1/CHQ_1:Gene	cmpD	CHQ_1_15:46105-46881	CHQ_1_01467
prokka_CHQ_1/CHQ_1:Gene	CHQ_1_01468	CHQ_1_15:46886-47614	CHQ_1_01468
prokka_CHQ_1/CHQ_1:Gene	CHQ_1_01469	CHQ_1_15:47625-48260	CHQ_1_01469
prokka_CHQ_1/CHQ_1:Gene	ddl	CHQ_1_15:48427-52032	CHQ_1_01470
prokka_CHQ_1/CHQ_1:Gene	atzF	CHQ_1_15:52029-53825	CHQ_1_01471
prokka_CHQ_1/CHQ_1:Gene	CHQ_1_01472	CHQ_1_15:54179-54970	CHQ_1_01472
prokka_CHQ_1/CHQ_1:Gene	rhtB_1	CHQ_1_15:55167-55787	CHQ_1_01473
prokka_CHQ_1/CHQ_1:Gene	kbp	CHQ_1_15:55918-56367	CHQ_1_01474
prokka_CHQ_1/CHQ_1:Gene	pgtP	CHQ_1_15:c57904-56513	CHQ_1_01475
prokka_CHQ_1/CHQ_1:Gene	pgtC	CHQ_1_15:58259-59527	CHQ_1_01476
prokka_CHQ_1/CHQ_1:Gene	pgtB	CHQ_1_15:59524-61533	CHQ_1_01477
prokka_CHQ_1/CHQ_1:Gene	dctD	CHQ_1_15:61523-62773	CHQ_1_01478
prokka_CHQ_1/CHQ_1:Gene	CHQ_1_01479	CHQ_1_15:62993-63331	CHQ_1_01479
prokka_CHQ_1/CHQ_1:Gene	CHQ_1_01480	CHQ_1_15:c64643-63858	CHQ_1_01480
prokka_CHQ_1/CHQ_1:Gene	phoB_1	CHQ_1_15:64768-65463	CHQ_1_01481
prokka_CHQ_1/CHQ_1:Gene	sasA_1	CHQ_1_15:65460-66656	CHQ_1_01482
prokka_CHQ_1/CHQ_1:Gene	macA_1	CHQ_1_15:66735-67883	CHQ_1_01483
prokka_CHQ_1/CHQ_1:Gene	mexB_1	CHQ_1_15:67880-70954	CHQ_1_01484
prokka_CHQ_1/CHQ_1:Gene	menH_2	CHQ_1_15:71132-72601	CHQ_1_01485
prokka_CHQ_1/CHQ_1:Gene	yihU	CHQ_1_15:c73529-72654	CHQ_1_01486
prokka_CHQ_1/CHQ_1:Gene	CHQ_1_01487	CHQ_1_15:c74589-73660	CHQ_1_01487
prokka_CHQ_1/CHQ_1:Gene	CHQ_1_01488	CHQ_1_15:74652-75407	CHQ_1_01488
prokka_CHQ_1/CHQ_1:Gene	mngR_1	CHQ_1_15:c76147-75404	CHQ_1_01489
prokka_CHQ_1/CHQ_1:Gene	malX_1	CHQ_1_15:76370-77908	CHQ_1_01490
prokka_CHQ_1/CHQ_1:Gene	malH	CHQ_1_15:77920-79248	CHQ_1_01491
prokka_CHQ_1/CHQ_1:Gene	iolT	CHQ_1_15:79990-81435	CHQ_1_01492
prokka_CHQ_1/CHQ_1:Gene	fruB_1	CHQ_1_15:81425-81868	CHQ_1_01493
prokka_CHQ_1/CHQ_1:Gene	CHQ_1_01494	CHQ_1_15:82300-82551	CHQ_1_01494
prokka_CHQ_1/CHQ_1:Gene	CHQ_1_01495	CHQ_1_15:82564-82704	CHQ_1_01495
prokka_CHQ_1/CHQ_1:Gene	CHQ_1_01496	CHQ_1_15:82892-83830	CHQ_1_01496
prokka_CHQ_1/CHQ_1:Gene	CHQ_1_01497	CHQ_1_15:c85519-83864	CHQ_1_01497
prokka_CHQ_1/CHQ_1:Gene	CHQ_1_01498	CHQ_1_15:85816-86064	CHQ_1_01498
prokka_CHQ_1/CHQ_1:Gene	CHQ_1_01499	CHQ_1_15:86355-86573	CHQ_1_01499
prokka_CHQ_1/CHQ_1:Gene	map_2	CHQ_1_15:86554-87336	CHQ_1_01500
prokka_CHQ_1/CHQ_1:Gene	dap	CHQ_1_15:87605-88720	CHQ_1_01501
prokka_CHQ_1/CHQ_1:Gene	CHQ_1_01502	CHQ_1_15:88707-89051	CHQ_1_01502
prokka_CHQ_1/CHQ_1:Gene	CHQ_1_01503	CHQ_1_15:89080-89613	CHQ_1_01503
prokka_CHQ_1/CHQ_1:Gene	CHQ_1_01504	CHQ_1_15:89616-89822	CHQ_1_01504
prokka_CHQ_1/CHQ_1:Gene	CHQ_1_01505	CHQ_1_15:89964-91256	CHQ_1_01505
prokka_CHQ_1/CHQ_1:Gene	hipA	CHQ_1_15:c92595-91273	CHQ_1_01506
prokka_CHQ_1/CHQ_1:Gene	hipB	CHQ_1_15:c92882-92595	CHQ_1_01507
prokka_CHQ_1/CHQ_1:Gene	pucM	CHQ_1_15:c93470-93144	CHQ_1_01508
prokka_CHQ_1/CHQ_1:Gene	uao	CHQ_1_15:c93967-93467	CHQ_1_01509
prokka_CHQ_1/CHQ_1:Gene	xanP_1	CHQ_1_15:c95324-93945	CHQ_1_01510
prokka_CHQ_1/CHQ_1:Gene	hpxO	CHQ_1_15:95670-96824	CHQ_1_01511
prokka_CHQ_1/CHQ_1:Gene	argP_4	CHQ_1_15:c97728-96805	CHQ_1_01512
prokka_CHQ_1/CHQ_1:Gene	ndmA	CHQ_1_15:97854-98891	CHQ_1_01513
prokka_CHQ_1/CHQ_1:Gene	pht2	CHQ_1_15:98903-99877	CHQ_1_01514
prokka_CHQ_1/CHQ_1:Gene	nepI_1	CHQ_1_15:c101092-99854	CHQ_1_01515
prokka_CHQ_1/CHQ_1:Gene	rclR	CHQ_1_15:101198-102142	CHQ_1_01516
prokka_CHQ_1/CHQ_1:Gene	CHQ_1_01517	CHQ_1_15:c102907-102152	CHQ_1_01517
prokka_CHQ_1/CHQ_1:Gene	CHQ_1_01518	CHQ_1_15:c103397-103086	CHQ_1_01518
prokka_CHQ_1/CHQ_1:Gene	CHQ_1_01519	CHQ_1_15:c103682-103419	CHQ_1_01519
prokka_CHQ_1/CHQ_1:Gene	vldW_1	CHQ_1_15:103964-104992	CHQ_1_01520
prokka_CHQ_1/CHQ_1:Gene	metQ_3	CHQ_1_15:105016-105822	CHQ_1_01521
prokka_CHQ_1/CHQ_1:Gene	metN2_1	CHQ_1_15:105819-106610	CHQ_1_01522
prokka_CHQ_1/CHQ_1:Gene	metI_3	CHQ_1_15:106595-107266	CHQ_1_01523
prokka_CHQ_1/CHQ_1:Gene	pnoA	CHQ_1_15:c108335-107277	CHQ_1_01524
prokka_CHQ_1/CHQ_1:Gene	gltR_1	CHQ_1_15:108425-109270	CHQ_1_01525
prokka_CHQ_1/CHQ_1:Gene	yycE	CHQ_1_15:109473-109895	CHQ_1_01526
prokka_CHQ_1/CHQ_1:Gene	yhhS_1	CHQ_1_15:110051-111238	CHQ_1_01527
prokka_CHQ_1/CHQ_1:Gene	CHQ_1_01528	CHQ_1_15:111468-111758	CHQ_1_01528
prokka_CHQ_1/CHQ_1:Gene	tam_1	CHQ_1_15:111962-112723	CHQ_1_01529
prokka_CHQ_1/CHQ_1:Gene	CHQ_1_01530	CHQ_1_15:112885-113205	CHQ_1_01530
prokka_CHQ_1/CHQ_1:Gene	CHQ_1_01531	CHQ_1_15:113196-113576	CHQ_1_01531
prokka_CHQ_1/CHQ_1:Gene	CHQ_1_01532	CHQ_1_15:c113721-113623	CHQ_1_01532
prokka_CHQ_1/CHQ_1:Gene	CHQ_1_01533	CHQ_1_15:c114232-113786	CHQ_1_01533
prokka_CHQ_1/CHQ_1:Gene	uxaB	CHQ_1_15:c115937-114486	CHQ_1_01534
prokka_CHQ_1/CHQ_1:Gene	ttr	CHQ_1_15:c116581-116051	CHQ_1_01535
prokka_CHQ_1/CHQ_1:Gene	CHQ_1_01536	CHQ_1_15:c118083-116659	CHQ_1_01536
prokka_CHQ_1/CHQ_1:Gene	CHQ_1_01537	CHQ_1_15:c118566-118198	CHQ_1_01537
prokka_CHQ_1/CHQ_1:Gene	glsA2	CHQ_1_15:c119492-118566	CHQ_1_01538
prokka_CHQ_1/CHQ_1:Gene	sad	CHQ_1_15:c120958-119573	CHQ_1_01539
prokka_CHQ_1/CHQ_1:Gene	gltR_2	CHQ_1_15:121065-121943	CHQ_1_01540
prokka_CHQ_1/CHQ_1:Gene	CHQ_1_01541	CHQ_1_15:c122379-121897	CHQ_1_01541
prokka_CHQ_1/CHQ_1:Gene	ldh1	CHQ_1_15:122525-123469	CHQ_1_01542
prokka_CHQ_1/CHQ_1:Gene	yddE_1	CHQ_1_15:c124365-123571	CHQ_1_01543
prokka_CHQ_1/CHQ_1:Gene	sotB_1	CHQ_1_15:124567-125766	CHQ_1_01544
prokka_CHQ_1/CHQ_1:Gene	CHQ_1_01545	CHQ_1_15:c126502-125834	CHQ_1_01545
prokka_CHQ_1/CHQ_1:Gene	marR	CHQ_1_15:126764-127198	CHQ_1_01546
prokka_CHQ_1/CHQ_1:Gene	marA_1	CHQ_1_15:127219-127599	CHQ_1_01547
prokka_CHQ_1/CHQ_1:Gene	CHQ_1_01548	CHQ_1_15:127634-127852	CHQ_1_01548
prokka_CHQ_1/CHQ_1:Gene	eamA	CHQ_1_15:c128800-127901	CHQ_1_01549
prokka_CHQ_1/CHQ_1:Gene	mdrP	CHQ_1_15:128995-130191	CHQ_1_01550
prokka_CHQ_1/CHQ_1:Gene	CHQ_1_01551	CHQ_1_15:130321-130803	CHQ_1_01551
prokka_CHQ_1/CHQ_1:Gene	livF_2	CHQ_1_15:c131537-130839	CHQ_1_01552
prokka_CHQ_1/CHQ_1:Gene	livF_3	CHQ_1_15:c132344-131547	CHQ_1_01553
prokka_CHQ_1/CHQ_1:Gene	CHQ_1_01554	CHQ_1_15:c133417-132344	CHQ_1_01554
prokka_CHQ_1/CHQ_1:Gene	CHQ_1_01555	CHQ_1_15:c134991-133417	CHQ_1_01555
prokka_CHQ_1/CHQ_1:Gene	amiC_2	CHQ_1_15:c136324-135053	CHQ_1_01556
prokka_CHQ_1/CHQ_1:Gene	CHQ_1_01557	CHQ_1_15:c137598-136495	CHQ_1_01557
prokka_CHQ_1/CHQ_1:Gene	CHQ_1_01558	CHQ_1_15:c138145-137747	CHQ_1_01558
prokka_CHQ_1/CHQ_1:Gene	rhaS_5	CHQ_1_15:138213-139310	CHQ_1_01559
prokka_CHQ_1/CHQ_1:Gene	CHQ_1_01560	CHQ_1_15:139276-139494	CHQ_1_01560
prokka_CHQ_1/CHQ_1:Gene	CHQ_1_01561	CHQ_1_15:c139989-139549	CHQ_1_01561
prokka_CHQ_1/CHQ_1:Gene	lacI_2	CHQ_1_15:c141317-140253	CHQ_1_01562
prokka_CHQ_1/CHQ_1:Gene	lacZ_2	CHQ_1_15:141514-144621	CHQ_1_01563
prokka_CHQ_1/CHQ_1:Gene	lacY_2	CHQ_1_15:144676-145941	CHQ_1_01564
prokka_CHQ_1/CHQ_1:Gene	CHQ_1_01565	CHQ_1_15:c147060-145972	CHQ_1_01565
prokka_CHQ_1/CHQ_1:Gene	CHQ_1_01566	CHQ_1_15:c147407-147147	CHQ_1_01566
prokka_CHQ_1/CHQ_1:Gene	CHQ_1_01567	CHQ_1_15:c147522-147391	CHQ_1_01567
prokka_CHQ_1/CHQ_1:Gene	bla_1	CHQ_1_15:147704-148564	CHQ_1_01568
prokka_CHQ_1/CHQ_1:Gene	glpR_1	CHQ_1_15:c149346-148585	CHQ_1_01569
prokka_CHQ_1/CHQ_1:Gene	ltnD	CHQ_1_15:149607-150509	CHQ_1_01570
prokka_CHQ_1/CHQ_1:Gene	otnK	CHQ_1_15:150521-151786	CHQ_1_01571
prokka_CHQ_1/CHQ_1:Gene	otnC	CHQ_1_15:151779-152399	CHQ_1_01572
prokka_CHQ_1/CHQ_1:Gene	otnI	CHQ_1_15:152404-153186	CHQ_1_01573
prokka_CHQ_1/CHQ_1:Gene	ygbN	CHQ_1_15:153243-154607	CHQ_1_01574
prokka_CHQ_1/CHQ_1:Gene	rob_2	CHQ_1_15:c155548-154634	CHQ_1_01575
prokka_CHQ_1/CHQ_1:Gene	CHQ_1_01576	CHQ_1_15:155854-156465	CHQ_1_01576
prokka_CHQ_1/CHQ_1:Gene	bluF_1	CHQ_1_15:157014-158231	CHQ_1_01577
prokka_CHQ_1/CHQ_1:Gene	pncC_1	CHQ_1_15:c158764-158252	CHQ_1_01578
prokka_CHQ_1/CHQ_1:Gene	ibpB_1	CHQ_1_15:c159407-158934	CHQ_1_01579
prokka_CHQ_1/CHQ_1:Gene	CHQ_1_01580	CHQ_1_15:159901-160005	CHQ_1_01580
prokka_CHQ_1/CHQ_1:Gene	yedK_1	CHQ_1_15:160344-161015	CHQ_1_01581
prokka_CHQ_1/CHQ_1:Gene	CHQ_1_01582	CHQ_1_15:c161630-161094	CHQ_1_01582
prokka_CHQ_1/CHQ_1:Gene	CHQ_1_01583	CHQ_1_15:c162430-161741	CHQ_1_01583
prokka_CHQ_1/CHQ_1:Gene	CHQ_1_01584	CHQ_1_15:c163063-162482	CHQ_1_01584
prokka_CHQ_1/CHQ_1:Gene	dcp	CHQ_1_15:c165412-163367	CHQ_1_01585
prokka_CHQ_1/CHQ_1:Gene	ydfG_1	CHQ_1_15:165543-166292	CHQ_1_01586
prokka_CHQ_1/CHQ_1:Gene	rspR	CHQ_1_15:166384-167070	CHQ_1_01587
prokka_CHQ_1/CHQ_1:Gene	uspG_1	CHQ_1_15:c167553-167122	CHQ_1_01588
prokka_CHQ_1/CHQ_1:Gene	por_1	CHQ_1_15:c169284-167821	CHQ_1_01589
prokka_CHQ_1/CHQ_1:Gene	lgoT_1	CHQ_1_15:c170837-169554	CHQ_1_01590
prokka_CHQ_1/CHQ_1:Gene	CHQ_1_01591	CHQ_1_15:c171278-170952	CHQ_1_01591
prokka_CHQ_1/CHQ_1:Gene	CHQ_1_01592	CHQ_1_15:171423-171764	CHQ_1_01592
prokka_CHQ_1/CHQ_1:Gene	speG	CHQ_1_15:171831-172391	CHQ_1_01593
prokka_CHQ_1/CHQ_1:Gene	CHQ_1_01594	CHQ_1_15:c173095-172385	CHQ_1_01594
prokka_CHQ_1/CHQ_1:Gene	CHQ_1_01595	CHQ_1_15:173197-173466	CHQ_1_01595
prokka_CHQ_1/CHQ_1:Gene	ynfE	CHQ_1_15:173617-176052	CHQ_1_01596
prokka_CHQ_1/CHQ_1:Gene	dmsB_1	CHQ_1_15:176063-176680	CHQ_1_01597
prokka_CHQ_1/CHQ_1:Gene	dmsC_1	CHQ_1_15:176682-177539	CHQ_1_01598
prokka_CHQ_1/CHQ_1:Gene	dmsD	CHQ_1_15:177581-178189	CHQ_1_01599
prokka_CHQ_1/CHQ_1:Gene	clcB_1	CHQ_1_15:178323-179618	CHQ_1_01600
prokka_CHQ_1/CHQ_1:Gene	bioD1_1	CHQ_1_15:c180266-179571	CHQ_1_01601
prokka_CHQ_1/CHQ_1:Gene	mlc_2	CHQ_1_15:c181617-180394	CHQ_1_01602
prokka_CHQ_1/CHQ_1:Gene	hcaR_2	CHQ_1_15:c182641-181739	CHQ_1_01603
prokka_CHQ_1/CHQ_1:Gene	ynfM	CHQ_1_15:182772-184022	CHQ_1_01604
prokka_CHQ_1/CHQ_1:Gene	CHQ_1_01605	CHQ_1_15:184373-185860	CHQ_1_01605
prokka_CHQ_1/CHQ_1:Gene	CHQ_1_01606	CHQ_1_15:c186408-186037	CHQ_1_01606
prokka_CHQ_1/CHQ_1:Gene	CHQ_1_01607	CHQ_1_15:c186903-186799	CHQ_1_01607
prokka_CHQ_1/CHQ_1:Gene	CHQ_1_01608	CHQ_1_15:187385-188197	CHQ_1_01608
prokka_CHQ_1/CHQ_1:Gene	CHQ_1_01609	CHQ_1_15:c190300-188198	CHQ_1_01609
prokka_CHQ_1/CHQ_1:Gene	mdtI	CHQ_1_15:c190789-190460	CHQ_1_01610
prokka_CHQ_1/CHQ_1:Gene	mdtJ_2	CHQ_1_15:c191138-190776	CHQ_1_01611
prokka_CHQ_1/CHQ_1:Gene	tqsA	CHQ_1_15:191581-192615	CHQ_1_01612
prokka_CHQ_1/CHQ_1:Gene	madA	CHQ_1_15:192837-194492	CHQ_1_01613
prokka_CHQ_1/CHQ_1:Gene	citG_2	CHQ_1_15:194492-195334	CHQ_1_01614
prokka_CHQ_1/CHQ_1:Gene	mdcC	CHQ_1_15:195352-195651	CHQ_1_01615
prokka_CHQ_1/CHQ_1:Gene	madC	CHQ_1_15:195644-196477	CHQ_1_01616
prokka_CHQ_1/CHQ_1:Gene	CHQ_1_01617	CHQ_1_15:196477-197277	CHQ_1_01617
prokka_CHQ_1/CHQ_1:Gene	CHQ_1_01618	CHQ_1_15:197414-198373	CHQ_1_01618
prokka_CHQ_1/CHQ_1:Gene	mdcG	CHQ_1_15:198377-198994	CHQ_1_01619
prokka_CHQ_1/CHQ_1:Gene	fabD_1	CHQ_1_15:198994-199896	CHQ_1_01620
prokka_CHQ_1/CHQ_1:Gene	CHQ_1_01621	CHQ_1_15:c200812-199886	CHQ_1_01621
prokka_CHQ_1/CHQ_1:Gene	mqo_1	CHQ_1_15:c202615-200969	CHQ_1_01622
prokka_CHQ_1/CHQ_1:Gene	murQ_1	CHQ_1_15:c203806-202886	CHQ_1_01623
prokka_CHQ_1/CHQ_1:Gene	CHQ_1_01624	CHQ_1_15:c204329-204006	CHQ_1_01624
prokka_CHQ_1/CHQ_1:Gene	dcuS	CHQ_1_15:204482-206098	CHQ_1_01625
prokka_CHQ_1/CHQ_1:Gene	dcuR_2	CHQ_1_15:206095-206814	CHQ_1_01626
prokka_CHQ_1/CHQ_1:Gene	apbE_1	CHQ_1_15:c207745-206795	CHQ_1_01627
prokka_CHQ_1/CHQ_1:Gene	namA_2	CHQ_1_15:c210588-207811	CHQ_1_01628
prokka_CHQ_1/CHQ_1:Gene	ttdT	CHQ_1_15:211308-212741	CHQ_1_01629
prokka_CHQ_1/CHQ_1:Gene	fumB	CHQ_1_15:212796-214448	CHQ_1_01630
prokka_CHQ_1/CHQ_1:Gene	CHQ_1_01631	CHQ_1_15:214613-216229	CHQ_1_01631
prokka_CHQ_1/CHQ_1:Gene	manC1	CHQ_1_16:14-1324	CHQ_1_01632
prokka_CHQ_1/CHQ_1:Gene	CHQ_1_01633	CHQ_1_16:c2346-1357	CHQ_1_01633
prokka_CHQ_1/CHQ_1:Gene	CHQ_1_01634	CHQ_1_17:73-183	CHQ_1_01634
prokka_CHQ_1/CHQ_1:Gene	CHQ_1_01635	CHQ_1_17:201-276	CHQ_1_01635
prokka_CHQ_1/CHQ_1:Gene	CHQ_1_01636	CHQ_1_17:317-426	CHQ_1_01636
prokka_CHQ_1/CHQ_1:Gene	CHQ_1_01637	CHQ_1_17:c878-657	CHQ_1_01637
prokka_CHQ_1/CHQ_1:Gene	acrF	CHQ_1_17:c4281-1171	CHQ_1_01638
prokka_CHQ_1/CHQ_1:Gene	acrE	CHQ_1_17:c5433-4294	CHQ_1_01639
prokka_CHQ_1/CHQ_1:Gene	acrR_1	CHQ_1_17:5809-6462	CHQ_1_01640
prokka_CHQ_1/CHQ_1:Gene	fis	CHQ_1_17:c6843-6547	CHQ_1_01641
prokka_CHQ_1/CHQ_1:Gene	dusB	CHQ_1_17:c7833-6868	CHQ_1_01642
prokka_CHQ_1/CHQ_1:Gene	prmA	CHQ_1_17:c9072-8191	CHQ_1_01643
prokka_CHQ_1/CHQ_1:Gene	panF	CHQ_1_17:c10535-9084	CHQ_1_01644
prokka_CHQ_1/CHQ_1:Gene	yhdT	CHQ_1_17:c10767-10525	CHQ_1_01645
prokka_CHQ_1/CHQ_1:Gene	accC	CHQ_1_17:c12227-10878	CHQ_1_01646
prokka_CHQ_1/CHQ_1:Gene	accB	CHQ_1_17:c12705-12238	CHQ_1_01647
prokka_CHQ_1/CHQ_1:Gene	aroQ	CHQ_1_17:c13180-12728	CHQ_1_01648
prokka_CHQ_1/CHQ_1:Gene	msrQ	CHQ_1_17:c14012-13413	CHQ_1_01649
prokka_CHQ_1/CHQ_1:Gene	msrP	CHQ_1_17:c15013-14012	CHQ_1_01650
prokka_CHQ_1/CHQ_1:Gene	csrD	CHQ_1_17:15523-17463	CHQ_1_01651
prokka_CHQ_1/CHQ_1:Gene	mreB	CHQ_1_17:17769-18812	CHQ_1_01652
prokka_CHQ_1/CHQ_1:Gene	mreC	CHQ_1_17:18883-19875	CHQ_1_01653
prokka_CHQ_1/CHQ_1:Gene	mreD	CHQ_1_17:19875-20363	CHQ_1_01654
prokka_CHQ_1/CHQ_1:Gene	yhdE	CHQ_1_17:20371-20952	CHQ_1_01655
prokka_CHQ_1/CHQ_1:Gene	rng	CHQ_1_17:20955-22424	CHQ_1_01656
prokka_CHQ_1/CHQ_1:Gene	CHQ_1_01657	CHQ_1_17:22462-26259	CHQ_1_01657
prokka_CHQ_1/CHQ_1:Gene	tldD	CHQ_1_17:26348-27793	CHQ_1_01658
prokka_CHQ_1/CHQ_1:Gene	dmlR_6	CHQ_1_17:c28758-27829	CHQ_1_01659
prokka_CHQ_1/CHQ_1:Gene	aaeX	CHQ_1_17:28890-29093	CHQ_1_01660
prokka_CHQ_1/CHQ_1:Gene	aaeA_1	CHQ_1_17:29101-30033	CHQ_1_01661
prokka_CHQ_1/CHQ_1:Gene	aaeB_1	CHQ_1_17:30039-32006	CHQ_1_01662
prokka_CHQ_1/CHQ_1:Gene	yhcO	CHQ_1_17:32086-32361	CHQ_1_01663
prokka_CHQ_1/CHQ_1:Gene	CHQ_1_01664	CHQ_1_17:c32678-32412	CHQ_1_01664
prokka_CHQ_1/CHQ_1:Gene	CHQ_1_01665	CHQ_1_17:c33039-32776	CHQ_1_01665
prokka_CHQ_1/CHQ_1:Gene	argR	CHQ_1_17:c33882-33412	CHQ_1_01666
prokka_CHQ_1/CHQ_1:Gene	mdh_1	CHQ_1_17:34297-35235	CHQ_1_01667
prokka_CHQ_1/CHQ_1:Gene	degS	CHQ_1_17:c36429-35371	CHQ_1_01668
prokka_CHQ_1/CHQ_1:Gene	degQ	CHQ_1_17:c37884-36517	CHQ_1_01669
prokka_CHQ_1/CHQ_1:Gene	yhcB	CHQ_1_17:c38457-38059	CHQ_1_01670
prokka_CHQ_1/CHQ_1:Gene	zapE_1	CHQ_1_17:38648-39775	CHQ_1_01671
prokka_CHQ_1/CHQ_1:Gene	rplM	CHQ_1_17:40041-40469	CHQ_1_01672
prokka_CHQ_1/CHQ_1:Gene	rpsI	CHQ_1_17:40485-40877	CHQ_1_01673
prokka_CHQ_1/CHQ_1:Gene	sspA	CHQ_1_17:41189-41827	CHQ_1_01674
prokka_CHQ_1/CHQ_1:Gene	sspB	CHQ_1_17:41831-42325	CHQ_1_01675
prokka_CHQ_1/CHQ_1:Gene	nanR_1	CHQ_1_17:42428-43198	CHQ_1_01676
prokka_CHQ_1/CHQ_1:Gene	nanA	CHQ_1_17:43347-44240	CHQ_1_01677
prokka_CHQ_1/CHQ_1:Gene	nanT	CHQ_1_17:44345-45832	CHQ_1_01678
prokka_CHQ_1/CHQ_1:Gene	nanE	CHQ_1_17:45882-46571	CHQ_1_01679
prokka_CHQ_1/CHQ_1:Gene	nanK	CHQ_1_17:46568-47452	CHQ_1_01680
prokka_CHQ_1/CHQ_1:Gene	yhcH	CHQ_1_17:47439-47906	CHQ_1_01681
prokka_CHQ_1/CHQ_1:Gene	gltD	CHQ_1_17:c49396-47978	CHQ_1_01682
prokka_CHQ_1/CHQ_1:Gene	gltB	CHQ_1_17:c53866-49406	CHQ_1_01683
prokka_CHQ_1/CHQ_1:Gene	CHQ_1_01684	CHQ_1_17:54540-55475	CHQ_1_01684
prokka_CHQ_1/CHQ_1:Gene	exuT_1	CHQ_1_17:c56811-55528	CHQ_1_01685
prokka_CHQ_1/CHQ_1:Gene	rspB	CHQ_1_17:c57904-56888	CHQ_1_01686
prokka_CHQ_1/CHQ_1:Gene	uxuA_1	CHQ_1_17:58196-59266	CHQ_1_01687
prokka_CHQ_1/CHQ_1:Gene	arcB	CHQ_1_17:59415-61754	CHQ_1_01688
prokka_CHQ_1/CHQ_1:Gene	elbB	CHQ_1_17:61988-62641	CHQ_1_01689
prokka_CHQ_1/CHQ_1:Gene	mtgA_2	CHQ_1_17:62638-63363	CHQ_1_01690
prokka_CHQ_1/CHQ_1:Gene	ptsO	CHQ_1_17:c63698-63426	CHQ_1_01691
prokka_CHQ_1/CHQ_1:Gene	rapZ	CHQ_1_17:c64549-63695	CHQ_1_01692
prokka_CHQ_1/CHQ_1:Gene	ptsN	CHQ_1_17:c65083-64595	CHQ_1_01693
prokka_CHQ_1/CHQ_1:Gene	hpf	CHQ_1_17:c65441-65154	CHQ_1_01694
prokka_CHQ_1/CHQ_1:Gene	rpoN	CHQ_1_17:c66897-65464	CHQ_1_01695
prokka_CHQ_1/CHQ_1:Gene	lptB_1	CHQ_1_17:c67670-66945	CHQ_1_01696
prokka_CHQ_1/CHQ_1:Gene	lptA	CHQ_1_17:c68222-67677	CHQ_1_01697
prokka_CHQ_1/CHQ_1:Gene	lptC	CHQ_1_17:c68766-68191	CHQ_1_01698
prokka_CHQ_1/CHQ_1:Gene	kdsC	CHQ_1_17:c69329-68763	CHQ_1_01699
prokka_CHQ_1/CHQ_1:Gene	kdsD	CHQ_1_17:c70330-69344	CHQ_1_01700
prokka_CHQ_1/CHQ_1:Gene	yrbG	CHQ_1_17:c71322-70345	CHQ_1_01701
prokka_CHQ_1/CHQ_1:Gene	mlaF	CHQ_1_17:71532-72344	CHQ_1_01702
prokka_CHQ_1/CHQ_1:Gene	mlaE	CHQ_1_17:72352-73134	CHQ_1_01703
prokka_CHQ_1/CHQ_1:Gene	mlaD	CHQ_1_17:73139-73690	CHQ_1_01704
prokka_CHQ_1/CHQ_1:Gene	mlaC	CHQ_1_17:73709-74344	CHQ_1_01705
prokka_CHQ_1/CHQ_1:Gene	mlaB	CHQ_1_17:74344-74634	CHQ_1_01706
prokka_CHQ_1/CHQ_1:Gene	ibaG	CHQ_1_17:74771-75025	CHQ_1_01707
prokka_CHQ_1/CHQ_1:Gene	murA	CHQ_1_17:75079-76338	CHQ_1_01708
prokka_CHQ_1/CHQ_1:Gene	CHQ_1_01709	CHQ_1_17:c76665-76393	CHQ_1_01709
prokka_CHQ_1/CHQ_1:Gene	ispB	CHQ_1_17:c77834-76863	CHQ_1_01710
prokka_CHQ_1/CHQ_1:Gene	CHQ_1_01711	CHQ_1_17:c78361-78044	CHQ_1_01711
prokka_CHQ_1/CHQ_1:Gene	rpmA	CHQ_1_17:78427-78684	CHQ_1_01712
prokka_CHQ_1/CHQ_1:Gene	yhbE	CHQ_1_17:78778-79743	CHQ_1_01713
prokka_CHQ_1/CHQ_1:Gene	obgE	CHQ_1_17:79759-80937	CHQ_1_01714
prokka_CHQ_1/CHQ_1:Gene	dacB	CHQ_1_17:c82423-80990	CHQ_1_01715
prokka_CHQ_1/CHQ_1:Gene	greA	CHQ_1_17:82659-83135	CHQ_1_01716
prokka_CHQ_1/CHQ_1:Gene	yhbY	CHQ_1_17:c83620-83288	CHQ_1_01717
prokka_CHQ_1/CHQ_1:Gene	rlmE	CHQ_1_17:83705-84334	CHQ_1_01718
prokka_CHQ_1/CHQ_1:Gene	ftsH	CHQ_1_17:84434-86368	CHQ_1_01719
prokka_CHQ_1/CHQ_1:Gene	folP_1	CHQ_1_17:86465-87313	CHQ_1_01720
prokka_CHQ_1/CHQ_1:Gene	glmM	CHQ_1_17:87306-88643	CHQ_1_01721
prokka_CHQ_1/CHQ_1:Gene	secG	CHQ_1_17:88873-89202	CHQ_1_01722
prokka_CHQ_1/CHQ_1:Gene	CHQ_1_01723	CHQ_1_17:89212-89298	CHQ_1_01723
prokka_CHQ_1/CHQ_1:Gene	CHQ_1_01724	CHQ_1_17:89443-89844	CHQ_1_01724
prokka_CHQ_1/CHQ_1:Gene	CHQ_1_01725	CHQ_1_17:c90437-89886	CHQ_1_01725
prokka_CHQ_1/CHQ_1:Gene	iprA_1	CHQ_1_17:c91420-90791	CHQ_1_01726
prokka_CHQ_1/CHQ_1:Gene	argG	CHQ_1_17:c92937-91594	CHQ_1_01727
prokka_CHQ_1/CHQ_1:Gene	CHQ_1_01728	CHQ_1_17:93245-93321	CHQ_1_01728
prokka_CHQ_1/CHQ_1:Gene	rimP	CHQ_1_17:93560-93982	CHQ_1_01729
prokka_CHQ_1/CHQ_1:Gene	nusA	CHQ_1_17:94010-95497	CHQ_1_01730
prokka_CHQ_1/CHQ_1:Gene	infB	CHQ_1_17:95522-98212	CHQ_1_01731
prokka_CHQ_1/CHQ_1:Gene	rbfA	CHQ_1_17:98315-98716	CHQ_1_01732
prokka_CHQ_1/CHQ_1:Gene	truB	CHQ_1_17:98716-99660	CHQ_1_01733
prokka_CHQ_1/CHQ_1:Gene	rpsO	CHQ_1_17:99809-100078	CHQ_1_01734
prokka_CHQ_1/CHQ_1:Gene	pnp	CHQ_1_17:100321-102456	CHQ_1_01735
prokka_CHQ_1/CHQ_1:Gene	nlpI	CHQ_1_17:102565-103449	CHQ_1_01736
prokka_CHQ_1/CHQ_1:Gene	deaD	CHQ_1_17:103627-105558	CHQ_1_01737
prokka_CHQ_1/CHQ_1:Gene	mtr	CHQ_1_17:105702-106946	CHQ_1_01738
prokka_CHQ_1/CHQ_1:Gene	CHQ_1_01739	CHQ_1_17:c107998-106991	CHQ_1_01739
prokka_CHQ_1/CHQ_1:Gene	CHQ_1_01740	CHQ_1_17:c109020-108142	CHQ_1_01740
prokka_CHQ_1/CHQ_1:Gene	yhbU	CHQ_1_17:c110021-109026	CHQ_1_01741
prokka_CHQ_1/CHQ_1:Gene	ubiJ_1	CHQ_1_17:110243-110767	CHQ_1_01742
prokka_CHQ_1/CHQ_1:Gene	CHQ_1_01743	CHQ_1_17:110761-111264	CHQ_1_01743
prokka_CHQ_1/CHQ_1:Gene	CHQ_1_01744	CHQ_1_17:c111571-111251	CHQ_1_01744
prokka_CHQ_1/CHQ_1:Gene	CHQ_1_01745	CHQ_1_17:111591-112034	CHQ_1_01745
prokka_CHQ_1/CHQ_1:Gene	yhbO	CHQ_1_17:c112532-111996	CHQ_1_01746
prokka_CHQ_1/CHQ_1:Gene	CHQ_1_01747	CHQ_1_17:112661-113308	CHQ_1_01747
prokka_CHQ_1/CHQ_1:Gene	CHQ_1_01748	CHQ_1_17:113384-114424	CHQ_1_01748
prokka_CHQ_1/CHQ_1:Gene	osmY_2	CHQ_1_17:c115121-114546	CHQ_1_01749
prokka_CHQ_1/CHQ_1:Gene	diaA	CHQ_1_17:c115721-115131	CHQ_1_01750
prokka_CHQ_1/CHQ_1:Gene	CHQ_1_01751	CHQ_1_17:c116133-115747	CHQ_1_01751
prokka_CHQ_1/CHQ_1:Gene	lpoA	CHQ_1_17:c118193-116091	CHQ_1_01752
prokka_CHQ_1/CHQ_1:Gene	rsmI	CHQ_1_17:118257-119120	CHQ_1_01753
prokka_CHQ_1/CHQ_1:Gene	srlR_1	CHQ_1_17:c120043-119270	CHQ_1_01754
prokka_CHQ_1/CHQ_1:Gene	gatD	CHQ_1_17:c121197-120154	CHQ_1_01755
prokka_CHQ_1/CHQ_1:Gene	gatC_1	CHQ_1_17:c122629-121247	CHQ_1_01756
prokka_CHQ_1/CHQ_1:Gene	gatB	CHQ_1_17:c122919-122635	CHQ_1_01757
prokka_CHQ_1/CHQ_1:Gene	gatA	CHQ_1_17:c123413-122946	CHQ_1_01758
prokka_CHQ_1/CHQ_1:Gene	gatZ	CHQ_1_17:c124699-123428	CHQ_1_01759
prokka_CHQ_1/CHQ_1:Gene	CHQ_1_01760	CHQ_1_17:c125691-124876	CHQ_1_01760
prokka_CHQ_1/CHQ_1:Gene	fruA_1	CHQ_1_17:c127114-125702	CHQ_1_01761
prokka_CHQ_1/CHQ_1:Gene	lacC_1	CHQ_1_17:c128039-127125	CHQ_1_01762
prokka_CHQ_1/CHQ_1:Gene	gatY	CHQ_1_17:c128918-128064	CHQ_1_01763
prokka_CHQ_1/CHQ_1:Gene	srlR_2	CHQ_1_17:129233-130072	CHQ_1_01764
prokka_CHQ_1/CHQ_1:Gene	CHQ_1_01765	CHQ_1_17:130072-131022	CHQ_1_01765
prokka_CHQ_1/CHQ_1:Gene	garD	CHQ_1_17:c132648-131077	CHQ_1_01766
prokka_CHQ_1/CHQ_1:Gene	garL	CHQ_1_17:133213-133983	CHQ_1_01767
prokka_CHQ_1/CHQ_1:Gene	garR	CHQ_1_17:134010-134900	CHQ_1_01768
prokka_CHQ_1/CHQ_1:Gene	CHQ_1_01769	CHQ_1_17:c136107-135643	CHQ_1_01769
prokka_CHQ_1/CHQ_1:Gene	CHQ_1_01770	CHQ_1_17:136422-136832	CHQ_1_01770
prokka_CHQ_1/CHQ_1:Gene	CHQ_1_01771	CHQ_1_17:c137073-136906	CHQ_1_01771
prokka_CHQ_1/CHQ_1:Gene	yhaK	CHQ_1_17:c137799-137098	CHQ_1_01772
prokka_CHQ_1/CHQ_1:Gene	yhaJ_2	CHQ_1_17:137904-138800	CHQ_1_01773
prokka_CHQ_1/CHQ_1:Gene	yhaH	CHQ_1_17:c139209-138841	CHQ_1_01774
prokka_CHQ_1/CHQ_1:Gene	yqjG	CHQ_1_17:c140322-139336	CHQ_1_01775
prokka_CHQ_1/CHQ_1:Gene	yqjF	CHQ_1_17:c140791-140399	CHQ_1_01776
prokka_CHQ_1/CHQ_1:Gene	CHQ_1_01777	CHQ_1_17:c141438-141142	CHQ_1_01777
prokka_CHQ_1/CHQ_1:Gene	yqjE	CHQ_1_17:c141833-141435	CHQ_1_01778
prokka_CHQ_1/CHQ_1:Gene	yqjD	CHQ_1_17:c142141-141836	CHQ_1_01779
prokka_CHQ_1/CHQ_1:Gene	yqjC	CHQ_1_17:c142555-142187	CHQ_1_01780
prokka_CHQ_1/CHQ_1:Gene	mzrA	CHQ_1_17:c143091-142705	CHQ_1_01781
prokka_CHQ_1/CHQ_1:Gene	yqjA	CHQ_1_17:c143753-143091	CHQ_1_01782
prokka_CHQ_1/CHQ_1:Gene	lldR_2	CHQ_1_17:c144871-144095	CHQ_1_01783
prokka_CHQ_1/CHQ_1:Gene	exuT_2	CHQ_1_17:c146303-145002	CHQ_1_01784
prokka_CHQ_1/CHQ_1:Gene	uxaC	CHQ_1_17:146784-148196	CHQ_1_01785
prokka_CHQ_1/CHQ_1:Gene	uxaA	CHQ_1_17:148215-149702	CHQ_1_01786
prokka_CHQ_1/CHQ_1:Gene	ygjV	CHQ_1_17:149832-150386	CHQ_1_01787
prokka_CHQ_1/CHQ_1:Gene	sstT	CHQ_1_17:c151649-150402	CHQ_1_01788
prokka_CHQ_1/CHQ_1:Gene	alx	CHQ_1_17:c152888-151917	CHQ_1_01789
prokka_CHQ_1/CHQ_1:Gene	iolU_1	CHQ_1_17:c154150-153161	CHQ_1_01790
prokka_CHQ_1/CHQ_1:Gene	ygjP	CHQ_1_17:c154724-154224	CHQ_1_01791
prokka_CHQ_1/CHQ_1:Gene	CHQ_1_01792	CHQ_1_17:c155346-154744	CHQ_1_01792
prokka_CHQ_1/CHQ_1:Gene	CHQ_1_01793	CHQ_1_17:155390-156097	CHQ_1_01793
prokka_CHQ_1/CHQ_1:Gene	rlmG	CHQ_1_17:156183-157313	CHQ_1_01794
prokka_CHQ_1/CHQ_1:Gene	fadH	CHQ_1_17:c159466-157445	CHQ_1_01795
prokka_CHQ_1/CHQ_1:Gene	lsrK	CHQ_1_17:c161429-159831	CHQ_1_01796
prokka_CHQ_1/CHQ_1:Gene	lsrR	CHQ_1_17:c162438-161467	CHQ_1_01797
prokka_CHQ_1/CHQ_1:Gene	lsrA	CHQ_1_17:162657-164144	CHQ_1_01798
prokka_CHQ_1/CHQ_1:Gene	lsrC	CHQ_1_17:164141-165175	CHQ_1_01799
prokka_CHQ_1/CHQ_1:Gene	lsrD_1	CHQ_1_17:165176-166180	CHQ_1_01800
prokka_CHQ_1/CHQ_1:Gene	lsrB_1	CHQ_1_17:166177-167190	CHQ_1_01801
prokka_CHQ_1/CHQ_1:Gene	lsrF_1	CHQ_1_17:167202-168089	CHQ_1_01802
prokka_CHQ_1/CHQ_1:Gene	lsrG	CHQ_1_17:168086-168382	CHQ_1_01803
prokka_CHQ_1/CHQ_1:Gene	patA	CHQ_1_17:c169832-168453	CHQ_1_01804
prokka_CHQ_1/CHQ_1:Gene	yqjI	CHQ_1_17:c170644-170090	CHQ_1_01805
prokka_CHQ_1/CHQ_1:Gene	yqjH	CHQ_1_17:170882-171658	CHQ_1_01806
prokka_CHQ_1/CHQ_1:Gene	dhaK_1	CHQ_1_17:c173462-171813	CHQ_1_01807
prokka_CHQ_1/CHQ_1:Gene	dhaM	CHQ_1_17:c174958-173537	CHQ_1_01808
prokka_CHQ_1/CHQ_1:Gene	dhaL	CHQ_1_17:c175601-174969	CHQ_1_01809
prokka_CHQ_1/CHQ_1:Gene	dhaK_2	CHQ_1_17:c176682-175612	CHQ_1_01810
prokka_CHQ_1/CHQ_1:Gene	dhaD	CHQ_1_17:177292-178389	CHQ_1_01811
prokka_CHQ_1/CHQ_1:Gene	dhaR	CHQ_1_17:178491-180416	CHQ_1_01812
prokka_CHQ_1/CHQ_1:Gene	hdeB_1	CHQ_1_17:c180911-180606	CHQ_1_01813
prokka_CHQ_1/CHQ_1:Gene	hdeD	CHQ_1_17:c181513-180938	CHQ_1_01814
prokka_CHQ_1/CHQ_1:Gene	yfdX	CHQ_1_17:181783-182415	CHQ_1_01815
prokka_CHQ_1/CHQ_1:Gene	rcsC_2	CHQ_1_17:c185747-182505	CHQ_1_01816
prokka_CHQ_1/CHQ_1:Gene	evgA	CHQ_1_17:c186366-185752	CHQ_1_01817
prokka_CHQ_1/CHQ_1:Gene	hdeB_2	CHQ_1_17:186718-187032	CHQ_1_01818
prokka_CHQ_1/CHQ_1:Gene	CHQ_1_01819	CHQ_1_17:c187463-187101	CHQ_1_01819
prokka_CHQ_1/CHQ_1:Gene	CHQ_1_01820	CHQ_1_17:189131-189280	CHQ_1_01820
prokka_CHQ_1/CHQ_1:Gene	CHQ_1_01821	CHQ_1_17:189220-189396	CHQ_1_01821
prokka_CHQ_1/CHQ_1:Gene	CHQ_1_01822	CHQ_1_17:190564-190761	CHQ_1_01822
prokka_CHQ_1/CHQ_1:Gene	CHQ_1_01823	CHQ_1_17:c191058-190983	CHQ_1_01823
prokka_CHQ_1/CHQ_1:Gene	mug	CHQ_1_17:191183-191689	CHQ_1_01824
prokka_CHQ_1/CHQ_1:Gene	rpoD	CHQ_1_17:c193630-191789	CHQ_1_01825
prokka_CHQ_1/CHQ_1:Gene	dnaG	CHQ_1_17:c195595-193850	CHQ_1_01826
prokka_CHQ_1/CHQ_1:Gene	rpsU	CHQ_1_17:c195922-195707	CHQ_1_01827
prokka_CHQ_1/CHQ_1:Gene	tsaD	CHQ_1_17:196160-197173	CHQ_1_01828
prokka_CHQ_1/CHQ_1:Gene	CHQ_1_01829	CHQ_1_17:c198825-197218	CHQ_1_01829
prokka_CHQ_1/CHQ_1:Gene	ureG	CHQ_1_17:c199595-198978	CHQ_1_01830
prokka_CHQ_1/CHQ_1:Gene	ureF	CHQ_1_17:c200314-199604	CHQ_1_01831
prokka_CHQ_1/CHQ_1:Gene	ureE	CHQ_1_17:c200756-200280	CHQ_1_01832
prokka_CHQ_1/CHQ_1:Gene	ureC	CHQ_1_17:c202469-200766	CHQ_1_01833
prokka_CHQ_1/CHQ_1:Gene	ureB	CHQ_1_17:c202782-202462	CHQ_1_01834
prokka_CHQ_1/CHQ_1:Gene	ureA	CHQ_1_17:c203094-202792	CHQ_1_01835
prokka_CHQ_1/CHQ_1:Gene	ureD	CHQ_1_17:c203928-203104	CHQ_1_01836
prokka_CHQ_1/CHQ_1:Gene	plsY	CHQ_1_17:c204943-204326	CHQ_1_01837
prokka_CHQ_1/CHQ_1:Gene	folB	CHQ_1_17:205051-205434	CHQ_1_01838
prokka_CHQ_1/CHQ_1:Gene	uppP	CHQ_1_17:205633-206454	CHQ_1_01839
prokka_CHQ_1/CHQ_1:Gene	cca	CHQ_1_17:c207707-206466	CHQ_1_01840
prokka_CHQ_1/CHQ_1:Gene	CHQ_1_01841	CHQ_1_17:c208389-207769	CHQ_1_01841
prokka_CHQ_1/CHQ_1:Gene	ygiF	CHQ_1_17:208604-209902	CHQ_1_01842
prokka_CHQ_1/CHQ_1:Gene	glnE	CHQ_1_17:209923-212760	CHQ_1_01843
prokka_CHQ_1/CHQ_1:Gene	hldE	CHQ_1_17:212819-214252	CHQ_1_01844
prokka_CHQ_1/CHQ_1:Gene	glgS_1	CHQ_1_17:214471-214668	CHQ_1_01845
prokka_CHQ_1/CHQ_1:Gene	ubiK	CHQ_1_17:c214975-214703	CHQ_1_01846
prokka_CHQ_1/CHQ_1:Gene	ribB	CHQ_1_17:215353-216006	CHQ_1_01847
prokka_CHQ_1/CHQ_1:Gene	zupT	CHQ_1_17:c216840-216070	CHQ_1_01848
prokka_CHQ_1/CHQ_1:Gene	ygiD	CHQ_1_17:217027-217818	CHQ_1_01849
prokka_CHQ_1/CHQ_1:Gene	ygiC	CHQ_1_17:c219023-217863	CHQ_1_01850
prokka_CHQ_1/CHQ_1:Gene	CHQ_1_01851	CHQ_1_17:c219700-219029	CHQ_1_01851
prokka_CHQ_1/CHQ_1:Gene	tolC	CHQ_1_17:c221328-219868	CHQ_1_01852
prokka_CHQ_1/CHQ_1:Gene	nudF	CHQ_1_17:221525-222157	CHQ_1_01853
prokka_CHQ_1/CHQ_1:Gene	CHQ_1_01854	CHQ_1_17:222154-222576	CHQ_1_01854
prokka_CHQ_1/CHQ_1:Gene	cpdA_2	CHQ_1_17:222601-223428	CHQ_1_01855
prokka_CHQ_1/CHQ_1:Gene	CHQ_1_01856	CHQ_1_17:223428-224003	CHQ_1_01856
prokka_CHQ_1/CHQ_1:Gene	parE	CHQ_1_17:224034-225929	CHQ_1_01857
prokka_CHQ_1/CHQ_1:Gene	ygiN	CHQ_1_17:c226317-226003	CHQ_1_01858
prokka_CHQ_1/CHQ_1:Gene	mdaB	CHQ_1_17:c226980-226399	CHQ_1_01859
prokka_CHQ_1/CHQ_1:Gene	qseC	CHQ_1_17:c228436-227087	CHQ_1_01860
prokka_CHQ_1/CHQ_1:Gene	qseB	CHQ_1_17:c229092-228433	CHQ_1_01861
prokka_CHQ_1/CHQ_1:Gene	ygiW_1	CHQ_1_17:229242-229649	CHQ_1_01862
prokka_CHQ_1/CHQ_1:Gene	rhaS_6	CHQ_1_17:229727-230596	CHQ_1_01863
prokka_CHQ_1/CHQ_1:Gene	parC	CHQ_1_17:230717-232975	CHQ_1_01864
prokka_CHQ_1/CHQ_1:Gene	plsC	CHQ_1_17:233167-233904	CHQ_1_01865
prokka_CHQ_1/CHQ_1:Gene	ftsP	CHQ_1_17:233988-235400	CHQ_1_01866
prokka_CHQ_1/CHQ_1:Gene	CHQ_1_01867	CHQ_1_17:235524-237707	CHQ_1_01867
prokka_CHQ_1/CHQ_1:Gene	dkgA	CHQ_1_17:c238621-237794	CHQ_1_01868
prokka_CHQ_1/CHQ_1:Gene	yqhD	CHQ_1_17:c239929-238766	CHQ_1_01869
prokka_CHQ_1/CHQ_1:Gene	rhaS_7	CHQ_1_17:240120-241025	CHQ_1_01870
prokka_CHQ_1/CHQ_1:Gene	yghB	CHQ_1_17:c241735-241076	CHQ_1_01871
prokka_CHQ_1/CHQ_1:Gene	metC_1	CHQ_1_17:c243054-241867	CHQ_1_01872
prokka_CHQ_1/CHQ_1:Gene	exbB	CHQ_1_17:243305-244036	CHQ_1_01873
prokka_CHQ_1/CHQ_1:Gene	exbD	CHQ_1_17:244043-244468	CHQ_1_01874
prokka_CHQ_1/CHQ_1:Gene	CHQ_1_01875	CHQ_1_17:244609-245103	CHQ_1_01875
prokka_CHQ_1/CHQ_1:Gene	CHQ_1_01876	CHQ_1_17:245225-246112	CHQ_1_01876
prokka_CHQ_1/CHQ_1:Gene	CHQ_1_01877	CHQ_1_17:246191-246478	CHQ_1_01877
prokka_CHQ_1/CHQ_1:Gene	yghU	CHQ_1_17:c247380-246514	CHQ_1_01878
prokka_CHQ_1/CHQ_1:Gene	CHQ_1_01879	CHQ_1_17:c247988-247428	CHQ_1_01879
prokka_CHQ_1/CHQ_1:Gene	gss	CHQ_1_17:248207-250072	CHQ_1_01880
prokka_CHQ_1/CHQ_1:Gene	lysN_1	CHQ_1_17:250223-251404	CHQ_1_01881
prokka_CHQ_1/CHQ_1:Gene	CHQ_1_01882	CHQ_1_17:c251579-251490	CHQ_1_01882
prokka_CHQ_1/CHQ_1:Gene	CHQ_1_01883	CHQ_1_17:c251788-251600	CHQ_1_01883
prokka_CHQ_1/CHQ_1:Gene	CHQ_1_01884	CHQ_1_17:c252332-251994	CHQ_1_01884
prokka_CHQ_1/CHQ_1:Gene	CHQ_1_01885	CHQ_1_17:c253021-252419	CHQ_1_01885
prokka_CHQ_1/CHQ_1:Gene	dmlR_7	CHQ_1_17:253119-254030	CHQ_1_01886
prokka_CHQ_1/CHQ_1:Gene	metC_2	CHQ_1_17:c255179-254031	CHQ_1_01887
prokka_CHQ_1/CHQ_1:Gene	cbs	CHQ_1_17:c256566-255190	CHQ_1_01888
prokka_CHQ_1/CHQ_1:Gene	CHQ_1_01889	CHQ_1_17:c257201-257126	CHQ_1_01889
prokka_CHQ_1/CHQ_1:Gene	ydfK	CHQ_1_17:c258020-257307	CHQ_1_01890
prokka_CHQ_1/CHQ_1:Gene	speC	CHQ_1_17:258440-260578	CHQ_1_01891
prokka_CHQ_1/CHQ_1:Gene	nupG	CHQ_1_17:c261874-260621	CHQ_1_01892
prokka_CHQ_1/CHQ_1:Gene	mltC	CHQ_1_17:c263150-262065	CHQ_1_01893
prokka_CHQ_1/CHQ_1:Gene	yggX	CHQ_1_17:c263471-263196	CHQ_1_01894
prokka_CHQ_1/CHQ_1:Gene	mutY	CHQ_1_17:c264557-263499	CHQ_1_01895
prokka_CHQ_1/CHQ_1:Gene	trmB	CHQ_1_17:264694-265413	CHQ_1_01896
prokka_CHQ_1/CHQ_1:Gene	CHQ_1_01897	CHQ_1_17:265413-265739	CHQ_1_01897
prokka_CHQ_1/CHQ_1:Gene	CHQ_1_01898	CHQ_1_17:265793-266509	CHQ_1_01898
prokka_CHQ_1/CHQ_1:Gene	dctM	CHQ_1_17:c267858-266557	CHQ_1_01899
prokka_CHQ_1/CHQ_1:Gene	siaQ	CHQ_1_17:c268360-267851	CHQ_1_01900
prokka_CHQ_1/CHQ_1:Gene	CHQ_1_01901	CHQ_1_17:c269393-268407	CHQ_1_01901
prokka_CHQ_1/CHQ_1:Gene	hemW	CHQ_1_17:c270835-269699	CHQ_1_01902
prokka_CHQ_1/CHQ_1:Gene	rdgB	CHQ_1_17:c271421-270828	CHQ_1_01903
prokka_CHQ_1/CHQ_1:Gene	CHQ_1_01904	CHQ_1_17:c271724-271434	CHQ_1_01904
prokka_CHQ_1/CHQ_1:Gene	CHQ_1_01905	CHQ_1_17:c272287-271721	CHQ_1_01905
prokka_CHQ_1/CHQ_1:Gene	yggS	CHQ_1_17:c273009-272308	CHQ_1_01906
prokka_CHQ_1/CHQ_1:Gene	yggR	CHQ_1_17:273026-274006	CHQ_1_01907
prokka_CHQ_1/CHQ_1:Gene	csgD	CHQ_1_17:274355-275008	CHQ_1_01908
prokka_CHQ_1/CHQ_1:Gene	yqgF	CHQ_1_17:c275477-275061	CHQ_1_01909
prokka_CHQ_1/CHQ_1:Gene	CHQ_1_01910	CHQ_1_17:c276040-275477	CHQ_1_01910
prokka_CHQ_1/CHQ_1:Gene	gshB	CHQ_1_17:c277165-276215	CHQ_1_01911
prokka_CHQ_1/CHQ_1:Gene	rsmE	CHQ_1_17:c277917-277186	CHQ_1_01912
prokka_CHQ_1/CHQ_1:Gene	endA	CHQ_1_17:c278716-278009	CHQ_1_01913
prokka_CHQ_1/CHQ_1:Gene	sprT	CHQ_1_17:c279269-278811	CHQ_1_01914
prokka_CHQ_1/CHQ_1:Gene	galP	CHQ_1_17:c280783-279389	CHQ_1_01915
prokka_CHQ_1/CHQ_1:Gene	metK	CHQ_1_17:c282318-281164	CHQ_1_01916
prokka_CHQ_1/CHQ_1:Gene	speA	CHQ_1_17:283160-285136	CHQ_1_01917
prokka_CHQ_1/CHQ_1:Gene	speB	CHQ_1_17:285370-286290	CHQ_1_01918
prokka_CHQ_1/CHQ_1:Gene	lgoT_2	CHQ_1_17:c287514-286294	CHQ_1_01919
prokka_CHQ_1/CHQ_1:Gene	doxA	CHQ_1_17:287942-288265	CHQ_1_01920
prokka_CHQ_1/CHQ_1:Gene	CHQ_1_01921	CHQ_1_17:288262-288570	CHQ_1_01921
prokka_CHQ_1/CHQ_1:Gene	CHQ_1_01922	CHQ_1_17:288581-289603	CHQ_1_01922
prokka_CHQ_1/CHQ_1:Gene	pldh-t	CHQ_1_17:289603-290352	CHQ_1_01923
prokka_CHQ_1/CHQ_1:Gene	pcaR_1	CHQ_1_17:290366-291154	CHQ_1_01924
prokka_CHQ_1/CHQ_1:Gene	CHQ_1_01925	CHQ_1_17:291243-292169	CHQ_1_01925
prokka_CHQ_1/CHQ_1:Gene	cmtAa	CHQ_1_17:292166-293362	CHQ_1_01926
prokka_CHQ_1/CHQ_1:Gene	sauU	CHQ_1_17:293389-294645	CHQ_1_01927
prokka_CHQ_1/CHQ_1:Gene	CHQ_1_01928	CHQ_1_17:294656-295186	CHQ_1_01928
prokka_CHQ_1/CHQ_1:Gene	menH_3	CHQ_1_17:295196-295966	CHQ_1_01929
prokka_CHQ_1/CHQ_1:Gene	baiA1	CHQ_1_17:295950-296744	CHQ_1_01930
prokka_CHQ_1/CHQ_1:Gene	nadX	CHQ_1_17:296754-297518	CHQ_1_01931
prokka_CHQ_1/CHQ_1:Gene	betB_2	CHQ_1_17:297534-299003	CHQ_1_01932
prokka_CHQ_1/CHQ_1:Gene	ilvB_1	CHQ_1_17:299017-300657	CHQ_1_01933
prokka_CHQ_1/CHQ_1:Gene	oprD	CHQ_1_17:c302062-300794	CHQ_1_01934
prokka_CHQ_1/CHQ_1:Gene	gnd	CHQ_1_18:c1866-460	CHQ_1_01935
prokka_CHQ_1/CHQ_1:Gene	tuaB	CHQ_1_18:c3452-2013	CHQ_1_01936
prokka_CHQ_1/CHQ_1:Gene	CHQ_1_01937	CHQ_1_18:c4363-3497	CHQ_1_01937
prokka_CHQ_1/CHQ_1:Gene	CHQ_1_01938	CHQ_1_18:c5379-4414	CHQ_1_01938
prokka_CHQ_1/CHQ_1:Gene	CHQ_1_01939	CHQ_1_18:c6467-5382	CHQ_1_01939
prokka_CHQ_1/CHQ_1:Gene	mshA_4	CHQ_1_18:c7709-6558	CHQ_1_01940
prokka_CHQ_1/CHQ_1:Gene	CHQ_1_01941	CHQ_1_18:c8954-7836	CHQ_1_01941
prokka_CHQ_1/CHQ_1:Gene	CHQ_1_01942	CHQ_1_18:c10040-9009	CHQ_1_01942
prokka_CHQ_1/CHQ_1:Gene	mshA_5	CHQ_1_18:c11022-10045	CHQ_1_01943
prokka_CHQ_1/CHQ_1:Gene	CHQ_1_01944	CHQ_1_18:c12471-11044	CHQ_1_01944
prokka_CHQ_1/CHQ_1:Gene	CHQ_1_01945	CHQ_1_18:c14713-12557	CHQ_1_01945
prokka_CHQ_1/CHQ_1:Gene	amsI	CHQ_1_18:c14861-14730	CHQ_1_01946
prokka_CHQ_1/CHQ_1:Gene	CHQ_1_01947	CHQ_1_18:c16301-15168	CHQ_1_01947
prokka_CHQ_1/CHQ_1:Gene	CHQ_1_01948	CHQ_1_18:c17886-16447	CHQ_1_01948
prokka_CHQ_1/CHQ_1:Gene	CHQ_1_01949	CHQ_1_18:c19473-18844	CHQ_1_01949
prokka_CHQ_1/CHQ_1:Gene	galF	CHQ_1_18:c20762-19866	CHQ_1_01950
prokka_CHQ_1/CHQ_1:Gene	CHQ_1_01951	CHQ_1_18:21533-23116	CHQ_1_01951
prokka_CHQ_1/CHQ_1:Gene	CHQ_1_01952	CHQ_1_18:c25381-23534	CHQ_1_01952
prokka_CHQ_1/CHQ_1:Gene	dcd	CHQ_1_18:c25993-25412	CHQ_1_01953
prokka_CHQ_1/CHQ_1:Gene	udk	CHQ_1_18:c26725-26084	CHQ_1_01954
prokka_CHQ_1/CHQ_1:Gene	alkA	CHQ_1_18:c27688-26840	CHQ_1_01955
prokka_CHQ_1/CHQ_1:Gene	dnaK_2	CHQ_1_18:27826-29178	CHQ_1_01956
prokka_CHQ_1/CHQ_1:Gene	sasA_2	CHQ_1_18:29389-31323	CHQ_1_01957
prokka_CHQ_1/CHQ_1:Gene	torR	CHQ_1_18:31338-32051	CHQ_1_01958
prokka_CHQ_1/CHQ_1:Gene	CHQ_1_01959	CHQ_1_18:32289-32429	CHQ_1_01959
prokka_CHQ_1/CHQ_1:Gene	CHQ_1_01960	CHQ_1_18:32546-33157	CHQ_1_01960
prokka_CHQ_1/CHQ_1:Gene	dctA_1	CHQ_1_18:c34706-33432	CHQ_1_01961
prokka_CHQ_1/CHQ_1:Gene	mdtA_2	CHQ_1_18:35007-36245	CHQ_1_01962
prokka_CHQ_1/CHQ_1:Gene	mdtB	CHQ_1_18:36245-39367	CHQ_1_01963
prokka_CHQ_1/CHQ_1:Gene	mdtC	CHQ_1_18:39368-42445	CHQ_1_01964
prokka_CHQ_1/CHQ_1:Gene	mdtD_2	CHQ_1_18:42447-43862	CHQ_1_01965
prokka_CHQ_1/CHQ_1:Gene	baeS	CHQ_1_18:43859-45355	CHQ_1_01966
prokka_CHQ_1/CHQ_1:Gene	baeR	CHQ_1_18:45352-46074	CHQ_1_01967
prokka_CHQ_1/CHQ_1:Gene	rlhA_1	CHQ_1_18:46393-47754	CHQ_1_01968
prokka_CHQ_1/CHQ_1:Gene	yegS	CHQ_1_18:47997-48893	CHQ_1_01969
prokka_CHQ_1/CHQ_1:Gene	oppF_1	CHQ_1_18:c49907-49134	CHQ_1_01970
prokka_CHQ_1/CHQ_1:Gene	oppD_2	CHQ_1_18:c50781-49918	CHQ_1_01971
prokka_CHQ_1/CHQ_1:Gene	ddpC_1	CHQ_1_18:c51658-50753	CHQ_1_01972
prokka_CHQ_1/CHQ_1:Gene	dppB_1	CHQ_1_18:c52692-51655	CHQ_1_01973
prokka_CHQ_1/CHQ_1:Gene	ddpA_1	CHQ_1_18:c54311-52689	CHQ_1_01974
prokka_CHQ_1/CHQ_1:Gene	gci	CHQ_1_18:c55585-54431	CHQ_1_01975
prokka_CHQ_1/CHQ_1:Gene	hxpB_1	CHQ_1_18:c56545-55883	CHQ_1_01976
prokka_CHQ_1/CHQ_1:Gene	csbX_1	CHQ_1_18:c57872-56595	CHQ_1_01977
prokka_CHQ_1/CHQ_1:Gene	xylB_1	CHQ_1_18:c59405-57942	CHQ_1_01978
prokka_CHQ_1/CHQ_1:Gene	mtlK	CHQ_1_18:c60782-59415	CHQ_1_01979
prokka_CHQ_1/CHQ_1:Gene	eryD	CHQ_1_18:60989-61930	CHQ_1_01980
prokka_CHQ_1/CHQ_1:Gene	purR_1	CHQ_1_18:c62946-61945	CHQ_1_01981
prokka_CHQ_1/CHQ_1:Gene	rbtD	CHQ_1_18:63202-63951	CHQ_1_01982
prokka_CHQ_1/CHQ_1:Gene	araB_2	CHQ_1_18:63979-65586	CHQ_1_01983
prokka_CHQ_1/CHQ_1:Gene	csbX_2	CHQ_1_18:65667-66950	CHQ_1_01984
prokka_CHQ_1/CHQ_1:Gene	fbaB	CHQ_1_18:c68063-67011	CHQ_1_01985
prokka_CHQ_1/CHQ_1:Gene	thiD	CHQ_1_18:c69011-68211	CHQ_1_01986
prokka_CHQ_1/CHQ_1:Gene	thiM	CHQ_1_18:c69781-69008	CHQ_1_01987
prokka_CHQ_1/CHQ_1:Gene	yjcS_1	CHQ_1_18:70144-72120	CHQ_1_01988
prokka_CHQ_1/CHQ_1:Gene	iprA_2	CHQ_1_18:c72823-72188	CHQ_1_01989
prokka_CHQ_1/CHQ_1:Gene	yjcS_2	CHQ_1_18:73027-75003	CHQ_1_01990
prokka_CHQ_1/CHQ_1:Gene	CHQ_1_01991	CHQ_1_18:75144-75566	CHQ_1_01991
prokka_CHQ_1/CHQ_1:Gene	oxyR_2	CHQ_1_18:c76474-75563	CHQ_1_01992
prokka_CHQ_1/CHQ_1:Gene	ade2	CHQ_1_18:76612-78423	CHQ_1_01993
prokka_CHQ_1/CHQ_1:Gene	adeQ	CHQ_1_18:78426-79769	CHQ_1_01994
prokka_CHQ_1/CHQ_1:Gene	dmlR_8	CHQ_1_18:c80658-79759	CHQ_1_01995
prokka_CHQ_1/CHQ_1:Gene	rcnB	CHQ_1_18:80842-81159	CHQ_1_01996
prokka_CHQ_1/CHQ_1:Gene	CHQ_1_01997	CHQ_1_18:81239-81595	CHQ_1_01997
prokka_CHQ_1/CHQ_1:Gene	apbC	CHQ_1_18:c82701-81592	CHQ_1_01998
prokka_CHQ_1/CHQ_1:Gene	metG	CHQ_1_18:82846-84888	CHQ_1_01999
prokka_CHQ_1/CHQ_1:Gene	CHQ_1_02000	CHQ_1_18:c85468-84998	CHQ_1_02000
prokka_CHQ_1/CHQ_1:Gene	btsR	CHQ_1_18:c86235-85516	CHQ_1_02001
prokka_CHQ_1/CHQ_1:Gene	btsS	CHQ_1_18:c87917-86229	CHQ_1_02002
prokka_CHQ_1/CHQ_1:Gene	CHQ_1_02003	CHQ_1_18:88147-88260	CHQ_1_02003
prokka_CHQ_1/CHQ_1:Gene	yehW	CHQ_1_18:c88972-88235	CHQ_1_02004
prokka_CHQ_1/CHQ_1:Gene	yehX	CHQ_1_18:c89903-88956	CHQ_1_02005
prokka_CHQ_1/CHQ_1:Gene	yehY	CHQ_1_18:c91053-89896	CHQ_1_02006
prokka_CHQ_1/CHQ_1:Gene	yehZ	CHQ_1_18:c91978-91061	CHQ_1_02007
prokka_CHQ_1/CHQ_1:Gene	CHQ_1_02008	CHQ_1_18:c94412-92115	CHQ_1_02008
prokka_CHQ_1/CHQ_1:Gene	dld	CHQ_1_18:94607-96352	CHQ_1_02009
prokka_CHQ_1/CHQ_1:Gene	pat_1	CHQ_1_18:96438-96992	CHQ_1_02010
prokka_CHQ_1/CHQ_1:Gene	pbpG	CHQ_1_18:c98161-97211	CHQ_1_02011
prokka_CHQ_1/CHQ_1:Gene	yohC	CHQ_1_18:c98937-98350	CHQ_1_02012
prokka_CHQ_1/CHQ_1:Gene	yohD	CHQ_1_18:99091-99660	CHQ_1_02013
prokka_CHQ_1/CHQ_1:Gene	cusC_2	CHQ_1_18:c101133-99694	CHQ_1_02014
prokka_CHQ_1/CHQ_1:Gene	tam_2	CHQ_1_18:101262-101996	CHQ_1_02015
prokka_CHQ_1/CHQ_1:Gene	bglB	CHQ_1_18:c103424-102030	CHQ_1_02016
prokka_CHQ_1/CHQ_1:Gene	bglF_3	CHQ_1_18:c105299-103440	CHQ_1_02017
prokka_CHQ_1/CHQ_1:Gene	bglG	CHQ_1_18:c106272-105439	CHQ_1_02018
prokka_CHQ_1/CHQ_1:Gene	oprB	CHQ_1_18:c107792-106428	CHQ_1_02019
prokka_CHQ_1/CHQ_1:Gene	dusC	CHQ_1_18:c109081-108149	CHQ_1_02020
prokka_CHQ_1/CHQ_1:Gene	CHQ_1_02021	CHQ_1_18:109439-109843	CHQ_1_02021
prokka_CHQ_1/CHQ_1:Gene	yohK_2	CHQ_1_18:109833-110528	CHQ_1_02022
prokka_CHQ_1/CHQ_1:Gene	cdd	CHQ_1_18:110657-111541	CHQ_1_02023
prokka_CHQ_1/CHQ_1:Gene	CHQ_1_02024	CHQ_1_18:111817-112533	CHQ_1_02024
prokka_CHQ_1/CHQ_1:Gene	mglC	CHQ_1_18:c113613-112603	CHQ_1_02025
prokka_CHQ_1/CHQ_1:Gene	mglA_1	CHQ_1_18:c115149-113629	CHQ_1_02026
prokka_CHQ_1/CHQ_1:Gene	mglB	CHQ_1_18:c116266-115268	CHQ_1_02027
prokka_CHQ_1/CHQ_1:Gene	galS	CHQ_1_18:c117584-116562	CHQ_1_02028
prokka_CHQ_1/CHQ_1:Gene	CHQ_1_02029	CHQ_1_18:c118897-117740	CHQ_1_02029
prokka_CHQ_1/CHQ_1:Gene	folE	CHQ_1_18:c119581-118913	CHQ_1_02030
prokka_CHQ_1/CHQ_1:Gene	yeiG	CHQ_1_18:119942-120775	CHQ_1_02031
prokka_CHQ_1/CHQ_1:Gene	cirA	CHQ_1_18:c122819-120846	CHQ_1_02032
prokka_CHQ_1/CHQ_1:Gene	lysP	CHQ_1_18:c124589-123120	CHQ_1_02033
prokka_CHQ_1/CHQ_1:Gene	cmpR_1	CHQ_1_18:c125637-124771	CHQ_1_02034
prokka_CHQ_1/CHQ_1:Gene	CHQ_1_02035	CHQ_1_18:125903-126952	CHQ_1_02035
prokka_CHQ_1/CHQ_1:Gene	nfo	CHQ_1_18:127024-127878	CHQ_1_02036
prokka_CHQ_1/CHQ_1:Gene	fruA_2	CHQ_1_18:c129626-127932	CHQ_1_02037
prokka_CHQ_1/CHQ_1:Gene	lacC_2	CHQ_1_18:c130581-129643	CHQ_1_02038
prokka_CHQ_1/CHQ_1:Gene	fruB_2	CHQ_1_18:c131712-130582	CHQ_1_02039
prokka_CHQ_1/CHQ_1:Gene	setB	CHQ_1_18:132049-133230	CHQ_1_02040
prokka_CHQ_1/CHQ_1:Gene	yiaV_1	CHQ_1_18:c134401-133265	CHQ_1_02041
prokka_CHQ_1/CHQ_1:Gene	yiaW_1	CHQ_1_18:c134747-134403	CHQ_1_02042
prokka_CHQ_1/CHQ_1:Gene	pgrR_2	CHQ_1_18:134961-135893	CHQ_1_02043
prokka_CHQ_1/CHQ_1:Gene	CHQ_1_02044	CHQ_1_18:c136150-135896	CHQ_1_02044
prokka_CHQ_1/CHQ_1:Gene	yeiP	CHQ_1_18:136298-136870	CHQ_1_02045
prokka_CHQ_1/CHQ_1:Gene	uxuA_2	CHQ_1_18:c138272-136941	CHQ_1_02046
prokka_CHQ_1/CHQ_1:Gene	por_2	CHQ_1_18:138339-139805	CHQ_1_02047
prokka_CHQ_1/CHQ_1:Gene	yeiR	CHQ_1_18:139926-140903	CHQ_1_02048
prokka_CHQ_1/CHQ_1:Gene	lpxT	CHQ_1_18:140950-141654	CHQ_1_02049
prokka_CHQ_1/CHQ_1:Gene	mepS_2	CHQ_1_18:142262-142651	CHQ_1_02050
prokka_CHQ_1/CHQ_1:Gene	pdeN	CHQ_1_18:142839-144401	CHQ_1_02051
prokka_CHQ_1/CHQ_1:Gene	CHQ_1_02052	CHQ_1_18:144470-146275	CHQ_1_02052
prokka_CHQ_1/CHQ_1:Gene	yejB	CHQ_1_18:146285-147379	CHQ_1_02053
prokka_CHQ_1/CHQ_1:Gene	yejE	CHQ_1_18:147379-148404	CHQ_1_02054
prokka_CHQ_1/CHQ_1:Gene	yejF	CHQ_1_18:148406-149995	CHQ_1_02055
prokka_CHQ_1/CHQ_1:Gene	yejG	CHQ_1_18:c150343-149999	CHQ_1_02056
prokka_CHQ_1/CHQ_1:Gene	bcr_1	CHQ_1_18:c151870-150674	CHQ_1_02057
prokka_CHQ_1/CHQ_1:Gene	rsuA	CHQ_1_18:c152586-151867	CHQ_1_02058
prokka_CHQ_1/CHQ_1:Gene	radD	CHQ_1_18:152734-154491	CHQ_1_02059
prokka_CHQ_1/CHQ_1:Gene	rplY	CHQ_1_18:154628-154912	CHQ_1_02060
prokka_CHQ_1/CHQ_1:Gene	CHQ_1_02061	CHQ_1_18:c155858-154971	CHQ_1_02061
prokka_CHQ_1/CHQ_1:Gene	CHQ_1_02062	CHQ_1_18:155962-157248	CHQ_1_02062
prokka_CHQ_1/CHQ_1:Gene	nudK_1	CHQ_1_18:c157864-157268	CHQ_1_02063
prokka_CHQ_1/CHQ_1:Gene	glcR_1	CHQ_1_18:157946-158713	CHQ_1_02064
prokka_CHQ_1/CHQ_1:Gene	yejK	CHQ_1_18:c159735-158728	CHQ_1_02065
prokka_CHQ_1/CHQ_1:Gene	CHQ_1_02066	CHQ_1_18:159922-160149	CHQ_1_02066
prokka_CHQ_1/CHQ_1:Gene	yejM	CHQ_1_18:160168-161928	CHQ_1_02067
prokka_CHQ_1/CHQ_1:Gene	CHQ_1_02068	CHQ_1_18:162005-162081	CHQ_1_02068
prokka_CHQ_1/CHQ_1:Gene	CHQ_1_02069	CHQ_1_18:162267-163376	CHQ_1_02069
prokka_CHQ_1/CHQ_1:Gene	eco	CHQ_1_18:163550-164041	CHQ_1_02070
prokka_CHQ_1/CHQ_1:Gene	mqo_2	CHQ_1_18:c165731-164097	CHQ_1_02071
prokka_CHQ_1/CHQ_1:Gene	CHQ_1_02072	CHQ_1_18:166012-167250	CHQ_1_02072
prokka_CHQ_1/CHQ_1:Gene	CHQ_1_02073	CHQ_1_18:c168649-167213	CHQ_1_02073
prokka_CHQ_1/CHQ_1:Gene	yojI	CHQ_1_18:c170441-168798	CHQ_1_02074
prokka_CHQ_1/CHQ_1:Gene	alkB	CHQ_1_18:c171169-170516	CHQ_1_02075
prokka_CHQ_1/CHQ_1:Gene	ada	CHQ_1_18:c172233-171169	CHQ_1_02076
prokka_CHQ_1/CHQ_1:Gene	apbE_2	CHQ_1_18:c173359-172307	CHQ_1_02077
prokka_CHQ_1/CHQ_1:Gene	ompC	CHQ_1_18:c174554-173463	CHQ_1_02078
prokka_CHQ_1/CHQ_1:Gene	rcsD	CHQ_1_18:175327-177984	CHQ_1_02079
prokka_CHQ_1/CHQ_1:Gene	rcsB	CHQ_1_18:178000-178650	CHQ_1_02080
prokka_CHQ_1/CHQ_1:Gene	rcsC_3	CHQ_1_18:c181536-178696	CHQ_1_02081
prokka_CHQ_1/CHQ_1:Gene	gyrA	CHQ_1_18:c184301-181668	CHQ_1_02082
prokka_CHQ_1/CHQ_1:Gene	ubiG	CHQ_1_18:184448-185176	CHQ_1_02083
prokka_CHQ_1/CHQ_1:Gene	nrdA	CHQ_1_18:185521-187806	CHQ_1_02084
prokka_CHQ_1/CHQ_1:Gene	nrdB	CHQ_1_18:187908-189038	CHQ_1_02085
prokka_CHQ_1/CHQ_1:Gene	CHQ_1_02086	CHQ_1_18:189038-189292	CHQ_1_02086
prokka_CHQ_1/CHQ_1:Gene	glpQ	CHQ_1_18:c190826-189756	CHQ_1_02087
prokka_CHQ_1/CHQ_1:Gene	glpT_1	CHQ_1_18:c192182-190836	CHQ_1_02088
prokka_CHQ_1/CHQ_1:Gene	glpA	CHQ_1_18:192455-194077	CHQ_1_02089
prokka_CHQ_1/CHQ_1:Gene	glpB	CHQ_1_18:194067-195326	CHQ_1_02090
prokka_CHQ_1/CHQ_1:Gene	glpC	CHQ_1_18:195323-196501	CHQ_1_02091
prokka_CHQ_1/CHQ_1:Gene	rhmA	CHQ_1_18:c197326-196523	CHQ_1_02092
prokka_CHQ_1/CHQ_1:Gene	rhmT	CHQ_1_18:c198633-197341	CHQ_1_02093
prokka_CHQ_1/CHQ_1:Gene	rhmD	CHQ_1_18:c199877-198672	CHQ_1_02094
prokka_CHQ_1/CHQ_1:Gene	rhmR	CHQ_1_18:c200673-199888	CHQ_1_02095
prokka_CHQ_1/CHQ_1:Gene	cinA	CHQ_1_18:c202073-200877	CHQ_1_02096
prokka_CHQ_1/CHQ_1:Gene	CHQ_1_02097	CHQ_1_18:c202718-202176	CHQ_1_02097
prokka_CHQ_1/CHQ_1:Gene	CHQ_1_02098	CHQ_1_18:c203943-203002	CHQ_1_02098
prokka_CHQ_1/CHQ_1:Gene	nudI	CHQ_1_18:204082-204507	CHQ_1_02099
prokka_CHQ_1/CHQ_1:Gene	sasA_3	CHQ_1_18:c205905-204499	CHQ_1_02100
prokka_CHQ_1/CHQ_1:Gene	tctD	CHQ_1_18:c206569-205892	CHQ_1_02101
prokka_CHQ_1/CHQ_1:Gene	CHQ_1_02102	CHQ_1_18:206703-207683	CHQ_1_02102
prokka_CHQ_1/CHQ_1:Gene	CHQ_1_02103	CHQ_1_18:207699-208130	CHQ_1_02103
prokka_CHQ_1/CHQ_1:Gene	CHQ_1_02104	CHQ_1_18:208142-209659	CHQ_1_02104
prokka_CHQ_1/CHQ_1:Gene	menE	CHQ_1_18:c211017-209656	CHQ_1_02105
prokka_CHQ_1/CHQ_1:Gene	menC	CHQ_1_18:c211979-211014	CHQ_1_02106
prokka_CHQ_1/CHQ_1:Gene	menB	CHQ_1_18:c212836-211979	CHQ_1_02107
prokka_CHQ_1/CHQ_1:Gene	menH_4	CHQ_1_18:c213609-212851	CHQ_1_02108
prokka_CHQ_1/CHQ_1:Gene	menD	CHQ_1_18:c215276-213606	CHQ_1_02109
prokka_CHQ_1/CHQ_1:Gene	menF	CHQ_1_18:c216677-215358	CHQ_1_02110
prokka_CHQ_1/CHQ_1:Gene	elaA	CHQ_1_18:c217241-216783	CHQ_1_02111
prokka_CHQ_1/CHQ_1:Gene	rbn_2	CHQ_1_18:217302-218222	CHQ_1_02112
prokka_CHQ_1/CHQ_1:Gene	nuoN	CHQ_1_18:c219736-218279	CHQ_1_02113
prokka_CHQ_1/CHQ_1:Gene	nuoM	CHQ_1_18:c221272-219743	CHQ_1_02114
prokka_CHQ_1/CHQ_1:Gene	nuoL	CHQ_1_18:c223412-221571	CHQ_1_02115
prokka_CHQ_1/CHQ_1:Gene	nuoK	CHQ_1_18:c223711-223409	CHQ_1_02116
prokka_CHQ_1/CHQ_1:Gene	nuoJ	CHQ_1_18:c224262-223708	CHQ_1_02117
prokka_CHQ_1/CHQ_1:Gene	nuoI	CHQ_1_18:c224815-224273	CHQ_1_02118
prokka_CHQ_1/CHQ_1:Gene	nuoH	CHQ_1_18:c225807-224830	CHQ_1_02119
prokka_CHQ_1/CHQ_1:Gene	nuoG	CHQ_1_18:c228530-225804	CHQ_1_02120
prokka_CHQ_1/CHQ_1:Gene	nuoF	CHQ_1_18:c229901-228564	CHQ_1_02121
prokka_CHQ_1/CHQ_1:Gene	nuoE	CHQ_1_18:c230398-229898	CHQ_1_02122
prokka_CHQ_1/CHQ_1:Gene	nuoC	CHQ_1_18:c232209-230401	CHQ_1_02123
prokka_CHQ_1/CHQ_1:Gene	nuoB	CHQ_1_18:c232971-232297	CHQ_1_02124
prokka_CHQ_1/CHQ_1:Gene	ndhC	CHQ_1_18:c233433-232987	CHQ_1_02125
prokka_CHQ_1/CHQ_1:Gene	cmpR_2	CHQ_1_18:c235010-234084	CHQ_1_02126
prokka_CHQ_1/CHQ_1:Gene	alaA	CHQ_1_18:235886-237103	CHQ_1_02127
prokka_CHQ_1/CHQ_1:Gene	yfbR	CHQ_1_18:237185-237784	CHQ_1_02128
prokka_CHQ_1/CHQ_1:Gene	CHQ_1_02129	CHQ_1_18:c239662-237830	CHQ_1_02129
prokka_CHQ_1/CHQ_1:Gene	hxpA	CHQ_1_18:c240398-239739	CHQ_1_02130
prokka_CHQ_1/CHQ_1:Gene	CHQ_1_02131	CHQ_1_18:c240904-240410	CHQ_1_02131
prokka_CHQ_1/CHQ_1:Gene	CHQ_1_02132	CHQ_1_18:c241447-240992	CHQ_1_02132
prokka_CHQ_1/CHQ_1:Gene	ackA	CHQ_1_18:241786-242988	CHQ_1_02133
prokka_CHQ_1/CHQ_1:Gene	pta	CHQ_1_18:243179-245326	CHQ_1_02134
prokka_CHQ_1/CHQ_1:Gene	yfcD	CHQ_1_18:c245966-245415	CHQ_1_02135
prokka_CHQ_1/CHQ_1:Gene	yfcE	CHQ_1_18:c246575-246024	CHQ_1_02136
prokka_CHQ_1/CHQ_1:Gene	yfcF	CHQ_1_18:c247276-246632	CHQ_1_02137
prokka_CHQ_1/CHQ_1:Gene	yfcG	CHQ_1_18:247446-248075	CHQ_1_02138
prokka_CHQ_1/CHQ_1:Gene	folX	CHQ_1_18:248141-248503	CHQ_1_02139
prokka_CHQ_1/CHQ_1:Gene	CHQ_1_02140	CHQ_1_18:248522-249415	CHQ_1_02140
prokka_CHQ_1/CHQ_1:Gene	CHQ_1_02141	CHQ_1_18:249631-250158	CHQ_1_02141
prokka_CHQ_1/CHQ_1:Gene	hisP	CHQ_1_18:c250937-250164	CHQ_1_02142
prokka_CHQ_1/CHQ_1:Gene	hisM	CHQ_1_18:c251661-250945	CHQ_1_02143
prokka_CHQ_1/CHQ_1:Gene	hisQ_1	CHQ_1_18:c252344-251658	CHQ_1_02144
prokka_CHQ_1/CHQ_1:Gene	hisJ_1	CHQ_1_18:c253193-252411	CHQ_1_02145
prokka_CHQ_1/CHQ_1:Gene	argT_1	CHQ_1_18:c254243-253461	CHQ_1_02146
prokka_CHQ_1/CHQ_1:Gene	ubiX	CHQ_1_18:c255095-254511	CHQ_1_02147
prokka_CHQ_1/CHQ_1:Gene	purF	CHQ_1_18:c256750-255233	CHQ_1_02148
prokka_CHQ_1/CHQ_1:Gene	cvpA	CHQ_1_18:c257272-256784	CHQ_1_02149
prokka_CHQ_1/CHQ_1:Gene	dedD	CHQ_1_18:c258176-257490	CHQ_1_02150
prokka_CHQ_1/CHQ_1:Gene	folC	CHQ_1_18:c259434-258166	CHQ_1_02151
prokka_CHQ_1/CHQ_1:Gene	accD	CHQ_1_18:c260493-259510	CHQ_1_02152
prokka_CHQ_1/CHQ_1:Gene	dedA	CHQ_1_18:c261275-260616	CHQ_1_02153
prokka_CHQ_1/CHQ_1:Gene	truA	CHQ_1_18:c262114-261302	CHQ_1_02154
prokka_CHQ_1/CHQ_1:Gene	usg	CHQ_1_18:c263127-262114	CHQ_1_02155
prokka_CHQ_1/CHQ_1:Gene	pdxB	CHQ_1_18:c264327-263191	CHQ_1_02156
prokka_CHQ_1/CHQ_1:Gene	flk	CHQ_1_18:264438-265415	CHQ_1_02157
prokka_CHQ_1/CHQ_1:Gene	yfcJ_2	CHQ_1_18:c266677-265502	CHQ_1_02158
prokka_CHQ_1/CHQ_1:Gene	fabB	CHQ_1_18:c268107-266887	CHQ_1_02159
prokka_CHQ_1/CHQ_1:Gene	mnmC	CHQ_1_18:268266-270254	CHQ_1_02160
prokka_CHQ_1/CHQ_1:Gene	CHQ_1_02161	CHQ_1_18:c270597-270316	CHQ_1_02161
prokka_CHQ_1/CHQ_1:Gene	epmC	CHQ_1_18:c271177-270629	CHQ_1_02162
prokka_CHQ_1/CHQ_1:Gene	yfcA	CHQ_1_18:c271986-271177	CHQ_1_02163
prokka_CHQ_1/CHQ_1:Gene	mepA	CHQ_1_18:c272810-271986	CHQ_1_02164
prokka_CHQ_1/CHQ_1:Gene	aroC	CHQ_1_18:c273898-272813	CHQ_1_02165
prokka_CHQ_1/CHQ_1:Gene	prmB	CHQ_1_18:c274945-273941	CHQ_1_02166
prokka_CHQ_1/CHQ_1:Gene	mutS2	CHQ_1_18:275041-275592	CHQ_1_02167
prokka_CHQ_1/CHQ_1:Gene	sixA	CHQ_1_18:c275998-275612	CHQ_1_02168
prokka_CHQ_1/CHQ_1:Gene	fadJ	CHQ_1_18:c278451-276307	CHQ_1_02169
prokka_CHQ_1/CHQ_1:Gene	fadI	CHQ_1_18:c279761-278451	CHQ_1_02170
prokka_CHQ_1/CHQ_1:Gene	CHQ_1_02171	CHQ_1_18:c280204-279920	CHQ_1_02171
prokka_CHQ_1/CHQ_1:Gene	fadL	CHQ_1_18:280578-281900	CHQ_1_02172
prokka_CHQ_1/CHQ_1:Gene	mlaA	CHQ_1_18:c282720-281959	CHQ_1_02173
prokka_CHQ_1/CHQ_1:Gene	yfdC	CHQ_1_18:283010-283939	CHQ_1_02174
prokka_CHQ_1/CHQ_1:Gene	CHQ_1_02175	CHQ_1_18:c285185-284427	CHQ_1_02175
prokka_CHQ_1/CHQ_1:Gene	CHQ_1_02176	CHQ_1_18:c285646-285278	CHQ_1_02176
prokka_CHQ_1/CHQ_1:Gene	CHQ_1_02177	CHQ_1_18:c285842-285603	CHQ_1_02177
prokka_CHQ_1/CHQ_1:Gene	CHQ_1_02178	CHQ_1_18:286604-287029	CHQ_1_02178
prokka_CHQ_1/CHQ_1:Gene	CHQ_1_02179	CHQ_1_18:287411-288253	CHQ_1_02179
prokka_CHQ_1/CHQ_1:Gene	CHQ_1_02180	CHQ_1_18:c288591-288328	CHQ_1_02180
prokka_CHQ_1/CHQ_1:Gene	CHQ_1_02181	CHQ_1_18:c289382-288594	CHQ_1_02181
prokka_CHQ_1/CHQ_1:Gene	norW_2	CHQ_1_19:c1529-396	CHQ_1_02182
prokka_CHQ_1/CHQ_1:Gene	norV	CHQ_1_19:c2974-1526	CHQ_1_02183
prokka_CHQ_1/CHQ_1:Gene	norR_3	CHQ_1_19:3162-4712	CHQ_1_02184
prokka_CHQ_1/CHQ_1:Gene	gutQ	CHQ_1_19:c5640-4675	CHQ_1_02185
prokka_CHQ_1/CHQ_1:Gene	srlR_3	CHQ_1_19:c6406-5633	CHQ_1_02186
prokka_CHQ_1/CHQ_1:Gene	CHQ_1_02187	CHQ_1_19:c6832-6473	CHQ_1_02187
prokka_CHQ_1/CHQ_1:Gene	srlD	CHQ_1_19:c7766-6987	CHQ_1_02188
prokka_CHQ_1/CHQ_1:Gene	srlB_1	CHQ_1_19:c8141-7779	CHQ_1_02189
prokka_CHQ_1/CHQ_1:Gene	srlE	CHQ_1_19:c9135-8155	CHQ_1_02190
prokka_CHQ_1/CHQ_1:Gene	srlA	CHQ_1_19:c9695-9132	CHQ_1_02191
prokka_CHQ_1/CHQ_1:Gene	mltB	CHQ_1_19:9973-11052	CHQ_1_02192
prokka_CHQ_1/CHQ_1:Gene	CHQ_1_02193	CHQ_1_19:11320-11427	CHQ_1_02193
prokka_CHQ_1/CHQ_1:Gene	mntB_4	CHQ_1_19:11424-12101	CHQ_1_02194
prokka_CHQ_1/CHQ_1:Gene	mntB_5	CHQ_1_19:12098-12961	CHQ_1_02195
prokka_CHQ_1/CHQ_1:Gene	mntA	CHQ_1_19:12969-13847	CHQ_1_02196
prokka_CHQ_1/CHQ_1:Gene	pncC_2	CHQ_1_19:13986-14483	CHQ_1_02197
prokka_CHQ_1/CHQ_1:Gene	recA	CHQ_1_19:14574-15632	CHQ_1_02198
prokka_CHQ_1/CHQ_1:Gene	recX	CHQ_1_19:15703-16203	CHQ_1_02199
prokka_CHQ_1/CHQ_1:Gene	alaS	CHQ_1_19:16454-19081	CHQ_1_02200
prokka_CHQ_1/CHQ_1:Gene	csrA	CHQ_1_19:19445-19630	CHQ_1_02201
prokka_CHQ_1/CHQ_1:Gene	CHQ_1_02202	CHQ_1_19:19953-20045	CHQ_1_02202
prokka_CHQ_1/CHQ_1:Gene	CHQ_1_02203	CHQ_1_19:20050-20126	CHQ_1_02203
prokka_CHQ_1/CHQ_1:Gene	CHQ_1_02204	CHQ_1_19:20277-20353	CHQ_1_02204
prokka_CHQ_1/CHQ_1:Gene	CHQ_1_02205	CHQ_1_19:20415-20491	CHQ_1_02205
prokka_CHQ_1/CHQ_1:Gene	CHQ_1_02206	CHQ_1_19:20588-20664	CHQ_1_02206
prokka_CHQ_1/CHQ_1:Gene	osmY_3	CHQ_1_19:21020-21334	CHQ_1_02207
prokka_CHQ_1/CHQ_1:Gene	yqaB	CHQ_1_19:21460-22026	CHQ_1_02208
prokka_CHQ_1/CHQ_1:Gene	yqaA	CHQ_1_19:22023-22451	CHQ_1_02209
prokka_CHQ_1/CHQ_1:Gene	gshA	CHQ_1_19:22518-24074	CHQ_1_02210
prokka_CHQ_1/CHQ_1:Gene	luxS	CHQ_1_19:24240-24755	CHQ_1_02211
prokka_CHQ_1/CHQ_1:Gene	nimR_1	CHQ_1_19:24808-25575	CHQ_1_02212
prokka_CHQ_1/CHQ_1:Gene	leuA_2	CHQ_1_19:c27230-25554	CHQ_1_02213
prokka_CHQ_1/CHQ_1:Gene	emrB_2	CHQ_1_19:c28905-27367	CHQ_1_02214
prokka_CHQ_1/CHQ_1:Gene	emrA_2	CHQ_1_19:c30093-28921	CHQ_1_02215
prokka_CHQ_1/CHQ_1:Gene	mprA	CHQ_1_19:c30749-30219	CHQ_1_02216
prokka_CHQ_1/CHQ_1:Gene	CHQ_1_02217	CHQ_1_19:c31175-30840	CHQ_1_02217
prokka_CHQ_1/CHQ_1:Gene	ygaZ_2	CHQ_1_19:c31911-31165	CHQ_1_02218
prokka_CHQ_1/CHQ_1:Gene	proX	CHQ_1_19:c33091-32093	CHQ_1_02219
prokka_CHQ_1/CHQ_1:Gene	proW	CHQ_1_19:c34237-33170	CHQ_1_02220
prokka_CHQ_1/CHQ_1:Gene	proV	CHQ_1_19:c35432-34230	CHQ_1_02221
prokka_CHQ_1/CHQ_1:Gene	nrdF	CHQ_1_19:c36752-35790	CHQ_1_02222
prokka_CHQ_1/CHQ_1:Gene	nrdE	CHQ_1_19:c38904-36763	CHQ_1_02223
prokka_CHQ_1/CHQ_1:Gene	nrdI	CHQ_1_19:c39287-38877	CHQ_1_02224
prokka_CHQ_1/CHQ_1:Gene	nrdH	CHQ_1_19:c39529-39284	CHQ_1_02225
prokka_CHQ_1/CHQ_1:Gene	CHQ_1_02226	CHQ_1_19:c40144-39713	CHQ_1_02226
prokka_CHQ_1/CHQ_1:Gene	gabR_1	CHQ_1_19:40233-41606	CHQ_1_02227
prokka_CHQ_1/CHQ_1:Gene	ygaM	CHQ_1_19:c42073-41726	CHQ_1_02228
prokka_CHQ_1/CHQ_1:Gene	CHQ_1_02229	CHQ_1_19:42223-42585	CHQ_1_02229
prokka_CHQ_1/CHQ_1:Gene	alaE	CHQ_1_19:c43113-42664	CHQ_1_02230
prokka_CHQ_1/CHQ_1:Gene	stpA	CHQ_1_19:43842-44243	CHQ_1_02231
prokka_CHQ_1/CHQ_1:Gene	CHQ_1_02232	CHQ_1_19:c44500-44321	CHQ_1_02232
prokka_CHQ_1/CHQ_1:Gene	CHQ_1_02233	CHQ_1_19:44706-45608	CHQ_1_02233
prokka_CHQ_1/CHQ_1:Gene	ygaP	CHQ_1_19:c46135-45605	CHQ_1_02234
prokka_CHQ_1/CHQ_1:Gene	ygaV	CHQ_1_19:c46442-46143	CHQ_1_02235
prokka_CHQ_1/CHQ_1:Gene	azoR_1	CHQ_1_19:c47122-46517	CHQ_1_02236
prokka_CHQ_1/CHQ_1:Gene	dmlR_9	CHQ_1_19:47226-48143	CHQ_1_02237
prokka_CHQ_1/CHQ_1:Gene	ybjG_1	CHQ_1_19:48203-48799	CHQ_1_02238
prokka_CHQ_1/CHQ_1:Gene	acoR	CHQ_1_19:c50589-48802	CHQ_1_02239
prokka_CHQ_1/CHQ_1:Gene	adh	CHQ_1_19:50853-52373	CHQ_1_02240
prokka_CHQ_1/CHQ_1:Gene	fimA_1	CHQ_1_19:53073-53657	CHQ_1_02241
prokka_CHQ_1/CHQ_1:Gene	lpfB_2	CHQ_1_19:53852-54514	CHQ_1_02242
prokka_CHQ_1/CHQ_1:Gene	fimD_3	CHQ_1_19:54551-57106	CHQ_1_02243
prokka_CHQ_1/CHQ_1:Gene	CHQ_1_02244	CHQ_1_19:57114-58208	CHQ_1_02244
prokka_CHQ_1/CHQ_1:Gene	CHQ_1_02245	CHQ_1_19:c58894-58205	CHQ_1_02245
prokka_CHQ_1/CHQ_1:Gene	fimA_2	CHQ_1_19:c59488-58937	CHQ_1_02246
prokka_CHQ_1/CHQ_1:Gene	pheC	CHQ_1_19:60039-60800	CHQ_1_02247
prokka_CHQ_1/CHQ_1:Gene	CHQ_1_02248	CHQ_1_19:c61475-60855	CHQ_1_02248
prokka_CHQ_1/CHQ_1:Gene	fabG_1	CHQ_1_19:c62425-61631	CHQ_1_02249
prokka_CHQ_1/CHQ_1:Gene	ghrA_1	CHQ_1_19:c63418-62486	CHQ_1_02250
prokka_CHQ_1/CHQ_1:Gene	cloR	CHQ_1_19:c64152-63424	CHQ_1_02251
prokka_CHQ_1/CHQ_1:Gene	btuD_4	CHQ_1_19:c65673-64153	CHQ_1_02252
prokka_CHQ_1/CHQ_1:Gene	artJ_2	CHQ_1_19:c66507-65704	CHQ_1_02253
prokka_CHQ_1/CHQ_1:Gene	vldW_2	CHQ_1_19:c67594-66527	CHQ_1_02254
prokka_CHQ_1/CHQ_1:Gene	CHQ_1_02255	CHQ_1_19:c68454-67591	CHQ_1_02255
prokka_CHQ_1/CHQ_1:Gene	gbuA	CHQ_1_19:c69415-68465	CHQ_1_02256
prokka_CHQ_1/CHQ_1:Gene	CHQ_1_02257	CHQ_1_19:69531-70442	CHQ_1_02257
prokka_CHQ_1/CHQ_1:Gene	CHQ_1_02258	CHQ_1_19:70856-71335	CHQ_1_02258
prokka_CHQ_1/CHQ_1:Gene	oqxB9	CHQ_1_19:c74556-71404	CHQ_1_02259
prokka_CHQ_1/CHQ_1:Gene	bepF	CHQ_1_19:c75755-74580	CHQ_1_02260
prokka_CHQ_1/CHQ_1:Gene	rob_3	CHQ_1_19:76086-76442	CHQ_1_02261
prokka_CHQ_1/CHQ_1:Gene	CHQ_1_02262	CHQ_1_19:c77034-76462	CHQ_1_02262
prokka_CHQ_1/CHQ_1:Gene	pgrR_3	CHQ_1_19:77246-78130	CHQ_1_02263
prokka_CHQ_1/CHQ_1:Gene	CHQ_1_02264	CHQ_1_19:78251-79051	CHQ_1_02264
prokka_CHQ_1/CHQ_1:Gene	fabG_2	CHQ_1_19:c80641-79853	CHQ_1_02265
prokka_CHQ_1/CHQ_1:Gene	bcr_2	CHQ_1_19:c81859-80654	CHQ_1_02266
prokka_CHQ_1/CHQ_1:Gene	ydaP	CHQ_1_19:c83399-81873	CHQ_1_02267
prokka_CHQ_1/CHQ_1:Gene	CHQ_1_02268	CHQ_1_19:c84380-83607	CHQ_1_02268
prokka_CHQ_1/CHQ_1:Gene	aroA_1	CHQ_1_19:c85775-84426	CHQ_1_02269
prokka_CHQ_1/CHQ_1:Gene	CHQ_1_02270	CHQ_1_19:86496-87071	CHQ_1_02270
prokka_CHQ_1/CHQ_1:Gene	CHQ_1_02271	CHQ_1_19:87253-88317	CHQ_1_02271
prokka_CHQ_1/CHQ_1:Gene	CHQ_1_02272	CHQ_1_19:c88441-88352	CHQ_1_02272
prokka_CHQ_1/CHQ_1:Gene	CHQ_1_02273	CHQ_1_19:88914-89771	CHQ_1_02273
prokka_CHQ_1/CHQ_1:Gene	hsrA_2	CHQ_1_19:89773-90462	CHQ_1_02274
prokka_CHQ_1/CHQ_1:Gene	CHQ_1_02275	CHQ_1_19:90466-91152	CHQ_1_02275
prokka_CHQ_1/CHQ_1:Gene	menH_5	CHQ_1_19:91197-91892	CHQ_1_02276
prokka_CHQ_1/CHQ_1:Gene	intA_2	CHQ_1_19:c92491-92276	CHQ_1_02277
prokka_CHQ_1/CHQ_1:Gene	CHQ_1_02278	CHQ_1_19:c93488-92865	CHQ_1_02278
prokka_CHQ_1/CHQ_1:Gene	xerC_2	CHQ_1_19:c94521-93490	CHQ_1_02279
prokka_CHQ_1/CHQ_1:Gene	CHQ_1_02280	CHQ_1_19:c94928-94524	CHQ_1_02280
prokka_CHQ_1/CHQ_1:Gene	CHQ_1_02281	CHQ_1_19:c95488-95291	CHQ_1_02281
prokka_CHQ_1/CHQ_1:Gene	CHQ_1_02282	CHQ_1_19:95551-96060	CHQ_1_02282
prokka_CHQ_1/CHQ_1:Gene	CHQ_1_02283	CHQ_1_19:96232-96570	CHQ_1_02283
prokka_CHQ_1/CHQ_1:Gene	CHQ_1_02284	CHQ_1_19:96638-96871	CHQ_1_02284
prokka_CHQ_1/CHQ_1:Gene	ybiI_1	CHQ_1_19:96871-97098	CHQ_1_02285
prokka_CHQ_1/CHQ_1:Gene	dam_2	CHQ_1_19:97095-97982	CHQ_1_02286
prokka_CHQ_1/CHQ_1:Gene	CHQ_1_02287	CHQ_1_19:97963-100371	CHQ_1_02287
prokka_CHQ_1/CHQ_1:Gene	CHQ_1_02288	CHQ_1_19:100555-100743	CHQ_1_02288
prokka_CHQ_1/CHQ_1:Gene	CHQ_1_02289	CHQ_1_19:c101986-101315	CHQ_1_02289
prokka_CHQ_1/CHQ_1:Gene	CHQ_1_02290	CHQ_1_19:c103023-101983	CHQ_1_02290
prokka_CHQ_1/CHQ_1:Gene	CHQ_1_02291	CHQ_1_19:103477-104451	CHQ_1_02291
prokka_CHQ_1/CHQ_1:Gene	CHQ_1_02292	CHQ_1_19:104451-104789	CHQ_1_02292
prokka_CHQ_1/CHQ_1:Gene	CHQ_1_02293	CHQ_1_19:c105886-104834	CHQ_1_02293
prokka_CHQ_1/CHQ_1:Gene	CHQ_1_02294	CHQ_1_19:c107598-105886	CHQ_1_02294
prokka_CHQ_1/CHQ_1:Gene	CHQ_1_02295	CHQ_1_19:107799-108626	CHQ_1_02295
prokka_CHQ_1/CHQ_1:Gene	CHQ_1_02296	CHQ_1_19:108642-109790	CHQ_1_02296
prokka_CHQ_1/CHQ_1:Gene	CHQ_1_02297	CHQ_1_19:109794-110447	CHQ_1_02297
prokka_CHQ_1/CHQ_1:Gene	CHQ_1_02298	CHQ_1_19:110546-111013	CHQ_1_02298
prokka_CHQ_1/CHQ_1:Gene	CHQ_1_02299	CHQ_1_19:111013-111216	CHQ_1_02299
prokka_CHQ_1/CHQ_1:Gene	CHQ_1_02300	CHQ_1_19:111220-111435	CHQ_1_02300
prokka_CHQ_1/CHQ_1:Gene	CHQ_1_02301	CHQ_1_19:111416-111931	CHQ_1_02301
prokka_CHQ_1/CHQ_1:Gene	CHQ_1_02302	CHQ_1_19:111928-112356	CHQ_1_02302
prokka_CHQ_1/CHQ_1:Gene	CHQ_1_02303	CHQ_1_19:112452-112883	CHQ_1_02303
prokka_CHQ_1/CHQ_1:Gene	CHQ_1_02304	CHQ_1_19:112876-113322	CHQ_1_02304
prokka_CHQ_1/CHQ_1:Gene	CHQ_1_02305	CHQ_1_19:c114175-113285	CHQ_1_02305
prokka_CHQ_1/CHQ_1:Gene	CHQ_1_02306	CHQ_1_19:114253-114825	CHQ_1_02306
prokka_CHQ_1/CHQ_1:Gene	CHQ_1_02307	CHQ_1_19:114822-115184	CHQ_1_02307
prokka_CHQ_1/CHQ_1:Gene	CHQ_1_02308	CHQ_1_19:115171-116079	CHQ_1_02308
prokka_CHQ_1/CHQ_1:Gene	CHQ_1_02309	CHQ_1_19:116072-116668	CHQ_1_02309
prokka_CHQ_1/CHQ_1:Gene	CHQ_1_02310	CHQ_1_19:116674-118998	CHQ_1_02310
prokka_CHQ_1/CHQ_1:Gene	CHQ_1_02311	CHQ_1_19:119010-119306	CHQ_1_02311
prokka_CHQ_1/CHQ_1:Gene	CHQ_1_02312	CHQ_1_19:119318-120508	CHQ_1_02312
prokka_CHQ_1/CHQ_1:Gene	gpFI_1	CHQ_1_19:120658-121830	CHQ_1_02313
prokka_CHQ_1/CHQ_1:Gene	CHQ_1_02314	CHQ_1_19:121840-122355	CHQ_1_02314
prokka_CHQ_1/CHQ_1:Gene	CHQ_1_02315	CHQ_1_19:122408-122707	CHQ_1_02315
prokka_CHQ_1/CHQ_1:Gene	CHQ_1_02316	CHQ_1_19:122834-125461	CHQ_1_02316
prokka_CHQ_1/CHQ_1:Gene	CHQ_1_02317	CHQ_1_19:125458-125943	CHQ_1_02317
prokka_CHQ_1/CHQ_1:Gene	CHQ_1_02318	CHQ_1_19:125940-127037	CHQ_1_02318
prokka_CHQ_1/CHQ_1:Gene	CHQ_1_02319	CHQ_1_19:127104-127322	CHQ_1_02319
prokka_CHQ_1/CHQ_1:Gene	CHQ_1_02320	CHQ_1_19:c127751-127380	CHQ_1_02320
prokka_CHQ_1/CHQ_1:Gene	ssrA	CHQ_1_19:c128210-127848	CHQ_1_02321
prokka_CHQ_1/CHQ_1:Gene	smpB	CHQ_1_19:c128837-128355	CHQ_1_02322
prokka_CHQ_1/CHQ_1:Gene	ratA	CHQ_1_19:128987-129424	CHQ_1_02323
prokka_CHQ_1/CHQ_1:Gene	CHQ_1_02324	CHQ_1_19:129414-129704	CHQ_1_02324
prokka_CHQ_1/CHQ_1:Gene	bamE	CHQ_1_19:c130115-129774	CHQ_1_02325
prokka_CHQ_1/CHQ_1:Gene	recN	CHQ_1_19:c131923-130262	CHQ_1_02326
prokka_CHQ_1/CHQ_1:Gene	nadK	CHQ_1_19:c132888-132010	CHQ_1_02327
prokka_CHQ_1/CHQ_1:Gene	grpE	CHQ_1_19:133013-133603	CHQ_1_02328
prokka_CHQ_1/CHQ_1:Gene	CHQ_1_02329	CHQ_1_19:c135009-133723	CHQ_1_02329
prokka_CHQ_1/CHQ_1:Gene	ypjD	CHQ_1_19:c135820-135029	CHQ_1_02330
prokka_CHQ_1/CHQ_1:Gene	ffh	CHQ_1_19:135984-137348	CHQ_1_02331
prokka_CHQ_1/CHQ_1:Gene	rpsP	CHQ_1_19:137608-137856	CHQ_1_02332
prokka_CHQ_1/CHQ_1:Gene	rimM	CHQ_1_19:137875-138423	CHQ_1_02333
prokka_CHQ_1/CHQ_1:Gene	trmD	CHQ_1_19:138455-139222	CHQ_1_02334
prokka_CHQ_1/CHQ_1:Gene	rplS	CHQ_1_19:139262-139609	CHQ_1_02335
prokka_CHQ_1/CHQ_1:Gene	CHQ_1_02336	CHQ_1_19:139729-140190	CHQ_1_02336
prokka_CHQ_1/CHQ_1:Gene	CHQ_1_02337	CHQ_1_19:140245-141603	CHQ_1_02337
prokka_CHQ_1/CHQ_1:Gene	pal_1	CHQ_1_19:c142094-141612	CHQ_1_02338
prokka_CHQ_1/CHQ_1:Gene	dgcN	CHQ_1_19:c143331-142108	CHQ_1_02339
prokka_CHQ_1/CHQ_1:Gene	CHQ_1_02340	CHQ_1_19:c143833-143324	CHQ_1_02340
prokka_CHQ_1/CHQ_1:Gene	aroF	CHQ_1_19:144176-145246	CHQ_1_02341
prokka_CHQ_1/CHQ_1:Gene	tyrA	CHQ_1_19:145256-146377	CHQ_1_02342
prokka_CHQ_1/CHQ_1:Gene	CHQ_1_02343	CHQ_1_19:146440-147312	CHQ_1_02343
prokka_CHQ_1/CHQ_1:Gene	pheA	CHQ_1_19:c148469-147309	CHQ_1_02344
prokka_CHQ_1/CHQ_1:Gene	raiA	CHQ_1_19:c149101-148724	CHQ_1_02345
prokka_CHQ_1/CHQ_1:Gene	bamD	CHQ_1_19:c150068-149331	CHQ_1_02346
prokka_CHQ_1/CHQ_1:Gene	rluD	CHQ_1_19:150200-151180	CHQ_1_02347
prokka_CHQ_1/CHQ_1:Gene	yfiH	CHQ_1_19:151177-151908	CHQ_1_02348
prokka_CHQ_1/CHQ_1:Gene	clpB	CHQ_1_19:152037-154610	CHQ_1_02349
prokka_CHQ_1/CHQ_1:Gene	moaF	CHQ_1_20:c1092-301	CHQ_1_02350
prokka_CHQ_1/CHQ_1:Gene	fabG_3	CHQ_1_20:c1894-1118	CHQ_1_02351
prokka_CHQ_1/CHQ_1:Gene	atsA	CHQ_1_20:c3714-1981	CHQ_1_02352
prokka_CHQ_1/CHQ_1:Gene	atsB	CHQ_1_20:c4947-3760	CHQ_1_02353
prokka_CHQ_1/CHQ_1:Gene	malT_1	CHQ_1_20:5373-6056	CHQ_1_02354
prokka_CHQ_1/CHQ_1:Gene	CHQ_1_02355	CHQ_1_20:6174-7346	CHQ_1_02355
prokka_CHQ_1/CHQ_1:Gene	CHQ_1_02356	CHQ_1_20:7363-8478	CHQ_1_02356
prokka_CHQ_1/CHQ_1:Gene	CHQ_1_02357	CHQ_1_20:c9078-8485	CHQ_1_02357
prokka_CHQ_1/CHQ_1:Gene	steT	CHQ_1_20:c10555-9056	CHQ_1_02358
prokka_CHQ_1/CHQ_1:Gene	CHQ_1_02359	CHQ_1_20:c11351-10986	CHQ_1_02359
prokka_CHQ_1/CHQ_1:Gene	puuB_1	CHQ_1_20:c12666-11365	CHQ_1_02360
prokka_CHQ_1/CHQ_1:Gene	feaB_1	CHQ_1_20:12826-14310	CHQ_1_02361
prokka_CHQ_1/CHQ_1:Gene	yncE_1	CHQ_1_20:14707-15789	CHQ_1_02362
prokka_CHQ_1/CHQ_1:Gene	fcuA	CHQ_1_20:15849-18032	CHQ_1_02363
prokka_CHQ_1/CHQ_1:Gene	pheP	CHQ_1_20:18140-19516	CHQ_1_02364
prokka_CHQ_1/CHQ_1:Gene	yegT	CHQ_1_20:19668-20909	CHQ_1_02365
prokka_CHQ_1/CHQ_1:Gene	iolE_2	CHQ_1_20:20926-21948	CHQ_1_02366
prokka_CHQ_1/CHQ_1:Gene	apsD	CHQ_1_20:21950-23101	CHQ_1_02367
prokka_CHQ_1/CHQ_1:Gene	CHQ_1_02368	CHQ_1_20:c23536-23120	CHQ_1_02368
prokka_CHQ_1/CHQ_1:Gene	CHQ_1_02369	CHQ_1_20:24277-24912	CHQ_1_02369
prokka_CHQ_1/CHQ_1:Gene	ecpE_1	CHQ_1_20:c25602-24919	CHQ_1_02370
prokka_CHQ_1/CHQ_1:Gene	ecpD_1	CHQ_1_20:c27218-25599	CHQ_1_02371
prokka_CHQ_1/CHQ_1:Gene	ecpC_1	CHQ_1_20:c29745-27208	CHQ_1_02372
prokka_CHQ_1/CHQ_1:Gene	ecpB_1	CHQ_1_20:c30431-29754	CHQ_1_02373
prokka_CHQ_1/CHQ_1:Gene	ecpA_1	CHQ_1_20:c31074-30496	CHQ_1_02374
prokka_CHQ_1/CHQ_1:Gene	CHQ_1_02375	CHQ_1_20:c32835-32443	CHQ_1_02375
prokka_CHQ_1/CHQ_1:Gene	rbsR_1	CHQ_1_20:33103-34083	CHQ_1_02376
prokka_CHQ_1/CHQ_1:Gene	ybdG_1	CHQ_1_20:c35330-34086	CHQ_1_02377
prokka_CHQ_1/CHQ_1:Gene	jefA	CHQ_1_20:c36828-35401	CHQ_1_02378
prokka_CHQ_1/CHQ_1:Gene	CHQ_1_02379	CHQ_1_20:36937-37806	CHQ_1_02379
prokka_CHQ_1/CHQ_1:Gene	CHQ_1_02380	CHQ_1_20:38339-39373	CHQ_1_02380
prokka_CHQ_1/CHQ_1:Gene	norR_4	CHQ_1_20:39470-42199	CHQ_1_02381
prokka_CHQ_1/CHQ_1:Gene	frlB_2	CHQ_1_20:c43238-42252	CHQ_1_02382
prokka_CHQ_1/CHQ_1:Gene	CHQ_1_02383	CHQ_1_20:c44364-43303	CHQ_1_02383
prokka_CHQ_1/CHQ_1:Gene	manZ_3	CHQ_1_20:c45236-44382	CHQ_1_02384
prokka_CHQ_1/CHQ_1:Gene	sorC_1	CHQ_1_20:c45982-45239	CHQ_1_02385
prokka_CHQ_1/CHQ_1:Gene	sorB	CHQ_1_20:c46467-45997	CHQ_1_02386
prokka_CHQ_1/CHQ_1:Gene	CHQ_1_02387	CHQ_1_20:c46894-46460	CHQ_1_02387
prokka_CHQ_1/CHQ_1:Gene	nfsB	CHQ_1_20:c47795-47142	CHQ_1_02388
prokka_CHQ_1/CHQ_1:Gene	CHQ_1_02389	CHQ_1_20:c48283-47915	CHQ_1_02389
prokka_CHQ_1/CHQ_1:Gene	CHQ_1_02390	CHQ_1_20:c48879-48283	CHQ_1_02390
prokka_CHQ_1/CHQ_1:Gene	CHQ_1_02391	CHQ_1_20:49059-50159	CHQ_1_02391
prokka_CHQ_1/CHQ_1:Gene	marA_2	CHQ_1_20:50190-50531	CHQ_1_02392
prokka_CHQ_1/CHQ_1:Gene	CHQ_1_02393	CHQ_1_20:c50797-50549	CHQ_1_02393
prokka_CHQ_1/CHQ_1:Gene	CHQ_1_02394	CHQ_1_20:c51096-50986	CHQ_1_02394
prokka_CHQ_1/CHQ_1:Gene	ctpF_1	CHQ_1_20:51299-54022	CHQ_1_02395
prokka_CHQ_1/CHQ_1:Gene	mdtA_3	CHQ_1_20:54075-55154	CHQ_1_02396
prokka_CHQ_1/CHQ_1:Gene	bepG	CHQ_1_20:55168-58260	CHQ_1_02397
prokka_CHQ_1/CHQ_1:Gene	CHQ_1_02398	CHQ_1_20:c59328-58609	CHQ_1_02398
prokka_CHQ_1/CHQ_1:Gene	ybdK	CHQ_1_20:c60491-59376	CHQ_1_02399
prokka_CHQ_1/CHQ_1:Gene	dppA_1	CHQ_1_20:60818-62485	CHQ_1_02400
prokka_CHQ_1/CHQ_1:Gene	gsiC_1	CHQ_1_20:62504-63457	CHQ_1_02401
prokka_CHQ_1/CHQ_1:Gene	gsiD_1	CHQ_1_20:63460-64353	CHQ_1_02402
prokka_CHQ_1/CHQ_1:Gene	btuD_5	CHQ_1_20:64357-65394	CHQ_1_02403
prokka_CHQ_1/CHQ_1:Gene	oppD_3	CHQ_1_20:65384-66394	CHQ_1_02404
prokka_CHQ_1/CHQ_1:Gene	hyuC	CHQ_1_20:66489-67757	CHQ_1_02405
prokka_CHQ_1/CHQ_1:Gene	CHQ_1_02406	CHQ_1_20:c68787-67864	CHQ_1_02406
prokka_CHQ_1/CHQ_1:Gene	hisC_2	CHQ_1_20:68897-70231	CHQ_1_02407
prokka_CHQ_1/CHQ_1:Gene	tauR	CHQ_1_20:c71691-70228	CHQ_1_02408
prokka_CHQ_1/CHQ_1:Gene	fliY_3	CHQ_1_20:71932-72783	CHQ_1_02409
prokka_CHQ_1/CHQ_1:Gene	yecS_3	CHQ_1_20:72831-73472	CHQ_1_02410
prokka_CHQ_1/CHQ_1:Gene	hisQ_2	CHQ_1_20:73487-74152	CHQ_1_02411
prokka_CHQ_1/CHQ_1:Gene	occP_1	CHQ_1_20:74145-74906	CHQ_1_02412
prokka_CHQ_1/CHQ_1:Gene	isfD	CHQ_1_20:c75723-74959	CHQ_1_02413
prokka_CHQ_1/CHQ_1:Gene	tpa	CHQ_1_20:75904-77241	CHQ_1_02414
prokka_CHQ_1/CHQ_1:Gene	oppF_2	CHQ_1_20:c78800-78096	CHQ_1_02415
prokka_CHQ_1/CHQ_1:Gene	dppD_1	CHQ_1_20:c79623-78787	CHQ_1_02416
prokka_CHQ_1/CHQ_1:Gene	ddpC_2	CHQ_1_20:c80449-79616	CHQ_1_02417
prokka_CHQ_1/CHQ_1:Gene	dppB_2	CHQ_1_20:c81471-80449	CHQ_1_02418
prokka_CHQ_1/CHQ_1:Gene	ddpA_2	CHQ_1_20:c83160-81592	CHQ_1_02419
prokka_CHQ_1/CHQ_1:Gene	CHQ_1_02420	CHQ_1_20:83366-84061	CHQ_1_02420
prokka_CHQ_1/CHQ_1:Gene	ygdR_4	CHQ_1_20:c84333-84115	CHQ_1_02421
prokka_CHQ_1/CHQ_1:Gene	yddE_2	CHQ_1_20:c85757-84957	CHQ_1_02422
prokka_CHQ_1/CHQ_1:Gene	dauR_1	CHQ_1_20:c86415-85747	CHQ_1_02423
prokka_CHQ_1/CHQ_1:Gene	CHQ_1_02424	CHQ_1_20:86617-86973	CHQ_1_02424
prokka_CHQ_1/CHQ_1:Gene	betA	CHQ_1_20:c88701-87037	CHQ_1_02425
prokka_CHQ_1/CHQ_1:Gene	betB_3	CHQ_1_20:c90187-88715	CHQ_1_02426
prokka_CHQ_1/CHQ_1:Gene	betI_3	CHQ_1_20:c90788-90201	CHQ_1_02427
prokka_CHQ_1/CHQ_1:Gene	betT	CHQ_1_20:90917-92950	CHQ_1_02428
prokka_CHQ_1/CHQ_1:Gene	ivy	CHQ_1_20:c93442-92996	CHQ_1_02429
prokka_CHQ_1/CHQ_1:Gene	ybdG_2	CHQ_1_20:93668-94924	CHQ_1_02430
prokka_CHQ_1/CHQ_1:Gene	gcvA_3	CHQ_1_20:c95814-94921	CHQ_1_02431
prokka_CHQ_1/CHQ_1:Gene	CHQ_1_02432	CHQ_1_20:96068-96673	CHQ_1_02432
prokka_CHQ_1/CHQ_1:Gene	aplK	CHQ_1_20:c98235-96736	CHQ_1_02433
prokka_CHQ_1/CHQ_1:Gene	CHQ_1_02434	CHQ_1_20:c99668-98250	CHQ_1_02434
prokka_CHQ_1/CHQ_1:Gene	aptB_1	CHQ_1_20:c100652-99696	CHQ_1_02435
prokka_CHQ_1/CHQ_1:Gene	aptA_1	CHQ_1_20:c101475-100645	CHQ_1_02436
prokka_CHQ_1/CHQ_1:Gene	deoR_1	CHQ_1_20:101787-102737	CHQ_1_02437
prokka_CHQ_1/CHQ_1:Gene	CHQ_1_02438	CHQ_1_20:c103710-102727	CHQ_1_02438
prokka_CHQ_1/CHQ_1:Gene	rbsC_2	CHQ_1_20:c104952-103864	CHQ_1_02439
prokka_CHQ_1/CHQ_1:Gene	araG_2	CHQ_1_20:c106480-104954	CHQ_1_02440
prokka_CHQ_1/CHQ_1:Gene	CHQ_1_02441	CHQ_1_20:c107091-106480	CHQ_1_02441
prokka_CHQ_1/CHQ_1:Gene	rbsB_2	CHQ_1_20:c108040-107099	CHQ_1_02442
prokka_CHQ_1/CHQ_1:Gene	entD	CHQ_1_20:c108817-108158	CHQ_1_02443
prokka_CHQ_1/CHQ_1:Gene	fepA_2	CHQ_1_20:c111112-108884	CHQ_1_02444
prokka_CHQ_1/CHQ_1:Gene	fes	CHQ_1_20:111372-112580	CHQ_1_02445
prokka_CHQ_1/CHQ_1:Gene	ybdZ	CHQ_1_20:112608-112811	CHQ_1_02446
prokka_CHQ_1/CHQ_1:Gene	entF	CHQ_1_20:112822-116703	CHQ_1_02447
prokka_CHQ_1/CHQ_1:Gene	fepC	CHQ_1_20:c117562-116768	CHQ_1_02448
prokka_CHQ_1/CHQ_1:Gene	fepG	CHQ_1_20:c118551-117559	CHQ_1_02449
prokka_CHQ_1/CHQ_1:Gene	fepD	CHQ_1_20:c119555-118548	CHQ_1_02450
prokka_CHQ_1/CHQ_1:Gene	entS	CHQ_1_20:119668-120909	CHQ_1_02451
prokka_CHQ_1/CHQ_1:Gene	fepB	CHQ_1_20:c122000-121041	CHQ_1_02452
prokka_CHQ_1/CHQ_1:Gene	entC	CHQ_1_20:122189-123364	CHQ_1_02453
prokka_CHQ_1/CHQ_1:Gene	entE	CHQ_1_20:123374-124981	CHQ_1_02454
prokka_CHQ_1/CHQ_1:Gene	entB	CHQ_1_20:124995-125846	CHQ_1_02455
prokka_CHQ_1/CHQ_1:Gene	entA	CHQ_1_20:125846-126601	CHQ_1_02456
prokka_CHQ_1/CHQ_1:Gene	entH	CHQ_1_20:126602-127015	CHQ_1_02457
prokka_CHQ_1/CHQ_1:Gene	cstA	CHQ_1_20:127423-129528	CHQ_1_02458
prokka_CHQ_1/CHQ_1:Gene	CHQ_1_02459	CHQ_1_20:129633-129830	CHQ_1_02459
prokka_CHQ_1/CHQ_1:Gene	CHQ_1_02460	CHQ_1_20:c130231-129827	CHQ_1_02460
prokka_CHQ_1/CHQ_1:Gene	CHQ_1_02461	CHQ_1_20:c130508-130206	CHQ_1_02461
prokka_CHQ_1/CHQ_1:Gene	bdcA_1	CHQ_1_20:c131435-130692	CHQ_1_02462
prokka_CHQ_1/CHQ_1:Gene	hcxA	CHQ_1_20:c132581-131493	CHQ_1_02463
prokka_CHQ_1/CHQ_1:Gene	rbsA_2	CHQ_1_20:132745-134247	CHQ_1_02464
prokka_CHQ_1/CHQ_1:Gene	rbsC_3	CHQ_1_20:134244-135242	CHQ_1_02465
prokka_CHQ_1/CHQ_1:Gene	CHQ_1_02466	CHQ_1_20:135263-136327	CHQ_1_02466
prokka_CHQ_1/CHQ_1:Gene	CHQ_1_02467	CHQ_1_20:136456-137697	CHQ_1_02467
prokka_CHQ_1/CHQ_1:Gene	mtnK	CHQ_1_20:c139112-137913	CHQ_1_02468
prokka_CHQ_1/CHQ_1:Gene	mtnA	CHQ_1_20:139214-140242	CHQ_1_02469
prokka_CHQ_1/CHQ_1:Gene	agp_1	CHQ_1_20:c141566-140298	CHQ_1_02470
prokka_CHQ_1/CHQ_1:Gene	glpT_2	CHQ_1_20:c142951-141593	CHQ_1_02471
prokka_CHQ_1/CHQ_1:Gene	suhB_2	CHQ_1_20:c143871-143062	CHQ_1_02472
prokka_CHQ_1/CHQ_1:Gene	rbsR_2	CHQ_1_20:c145033-143993	CHQ_1_02473
prokka_CHQ_1/CHQ_1:Gene	codA_1	CHQ_1_20:c146327-145089	CHQ_1_02474
prokka_CHQ_1/CHQ_1:Gene	CHQ_1_02475	CHQ_1_20:c147559-146324	CHQ_1_02475
prokka_CHQ_1/CHQ_1:Gene	codB	CHQ_1_20:c148818-147556	CHQ_1_02476
prokka_CHQ_1/CHQ_1:Gene	mtnB	CHQ_1_20:149272-149880	CHQ_1_02477
prokka_CHQ_1/CHQ_1:Gene	lyx_1	CHQ_1_20:149893-151389	CHQ_1_02478
prokka_CHQ_1/CHQ_1:Gene	yoaD	CHQ_1_20:151386-152414	CHQ_1_02479
prokka_CHQ_1/CHQ_1:Gene	ydjH_2	CHQ_1_20:c153398-152457	CHQ_1_02480
prokka_CHQ_1/CHQ_1:Gene	rbsC_4	CHQ_1_20:c154414-153410	CHQ_1_02481
prokka_CHQ_1/CHQ_1:Gene	alsC	CHQ_1_20:c155400-154411	CHQ_1_02482
prokka_CHQ_1/CHQ_1:Gene	xylG_1	CHQ_1_20:c156947-155397	CHQ_1_02483
prokka_CHQ_1/CHQ_1:Gene	CHQ_1_02484	CHQ_1_20:c157924-156944	CHQ_1_02484
prokka_CHQ_1/CHQ_1:Gene	dmsA_1	CHQ_1_20:158333-160642	CHQ_1_02485
prokka_CHQ_1/CHQ_1:Gene	mtnD	CHQ_1_20:c161311-160769	CHQ_1_02486
prokka_CHQ_1/CHQ_1:Gene	mtnC	CHQ_1_20:c161997-161308	CHQ_1_02487
prokka_CHQ_1/CHQ_1:Gene	ybdL	CHQ_1_20:162124-163284	CHQ_1_02488
prokka_CHQ_1/CHQ_1:Gene	ybdM	CHQ_1_20:c163911-163285	CHQ_1_02489
prokka_CHQ_1/CHQ_1:Gene	cysH_2	CHQ_1_20:c165119-163896	CHQ_1_02490
prokka_CHQ_1/CHQ_1:Gene	ybdO_1	CHQ_1_20:c166165-165233	CHQ_1_02491
prokka_CHQ_1/CHQ_1:Gene	dsbG	CHQ_1_20:c167094-166345	CHQ_1_02492
prokka_CHQ_1/CHQ_1:Gene	ahpC_1	CHQ_1_20:167505-168068	CHQ_1_02493
prokka_CHQ_1/CHQ_1:Gene	ahpF	CHQ_1_20:168311-169876	CHQ_1_02494
prokka_CHQ_1/CHQ_1:Gene	uspG_2	CHQ_1_20:c170382-169954	CHQ_1_02495
prokka_CHQ_1/CHQ_1:Gene	rnk	CHQ_1_20:c170981-170571	CHQ_1_02496
prokka_CHQ_1/CHQ_1:Gene	rna	CHQ_1_20:c171957-171160	CHQ_1_02497
prokka_CHQ_1/CHQ_1:Gene	dcuD	CHQ_1_20:c173423-172050	CHQ_1_02498
prokka_CHQ_1/CHQ_1:Gene	pagP	CHQ_1_20:173761-174279	CHQ_1_02499
prokka_CHQ_1/CHQ_1:Gene	cspE	CHQ_1_20:174474-174683	CHQ_1_02500
prokka_CHQ_1/CHQ_1:Gene	crcB	CHQ_1_20:c175134-174751	CHQ_1_02501
prokka_CHQ_1/CHQ_1:Gene	ybeM	CHQ_1_20:175224-176012	CHQ_1_02502
prokka_CHQ_1/CHQ_1:Gene	tatE	CHQ_1_20:176255-176461	CHQ_1_02503
prokka_CHQ_1/CHQ_1:Gene	lipA	CHQ_1_20:c177616-176651	CHQ_1_02504
prokka_CHQ_1/CHQ_1:Gene	ybdO_2	CHQ_1_20:c178756-177797	CHQ_1_02505
prokka_CHQ_1/CHQ_1:Gene	lipB	CHQ_1_20:c179531-178887	CHQ_1_02506
prokka_CHQ_1/CHQ_1:Gene	CHQ_1_02507	CHQ_1_20:c179899-179636	CHQ_1_02507
prokka_CHQ_1/CHQ_1:Gene	dacA	CHQ_1_20:c181211-180012	CHQ_1_02508
prokka_CHQ_1/CHQ_1:Gene	rlpA	CHQ_1_20:c182493-181351	CHQ_1_02509
prokka_CHQ_1/CHQ_1:Gene	mrdB	CHQ_1_20:c183617-182505	CHQ_1_02510
prokka_CHQ_1/CHQ_1:Gene	mrdA_1	CHQ_1_20:c185518-183617	CHQ_1_02511
prokka_CHQ_1/CHQ_1:Gene	rlmH	CHQ_1_20:c186013-185546	CHQ_1_02512
prokka_CHQ_1/CHQ_1:Gene	rsfS	CHQ_1_20:c186334-186017	CHQ_1_02513
prokka_CHQ_1/CHQ_1:Gene	cobC_2	CHQ_1_20:c187187-186558	CHQ_1_02514
prokka_CHQ_1/CHQ_1:Gene	nadD	CHQ_1_20:c187910-187260	CHQ_1_02515
prokka_CHQ_1/CHQ_1:Gene	holA	CHQ_1_20:c188937-187903	CHQ_1_02516
prokka_CHQ_1/CHQ_1:Gene	lptE	CHQ_1_20:c189524-188934	CHQ_1_02517
prokka_CHQ_1/CHQ_1:Gene	leuS	CHQ_1_20:c192121-189539	CHQ_1_02518
prokka_CHQ_1/CHQ_1:Gene	CHQ_1_02519	CHQ_1_20:192348-192830	CHQ_1_02519
prokka_CHQ_1/CHQ_1:Gene	cdiA	CHQ_1_20:c194701-192908	CHQ_1_02520
prokka_CHQ_1/CHQ_1:Gene	fhaC	CHQ_1_20:c196434-194764	CHQ_1_02521
prokka_CHQ_1/CHQ_1:Gene	glnQ_4	CHQ_1_20:c197532-196807	CHQ_1_02522
prokka_CHQ_1/CHQ_1:Gene	gltK	CHQ_1_20:c198206-197532	CHQ_1_02523
prokka_CHQ_1/CHQ_1:Gene	gltJ_1	CHQ_1_20:c198946-198206	CHQ_1_02524
prokka_CHQ_1/CHQ_1:Gene	gltI	CHQ_1_20:c200022-199111	CHQ_1_02525
prokka_CHQ_1/CHQ_1:Gene	lnt	CHQ_1_20:c201915-200377	CHQ_1_02526
prokka_CHQ_1/CHQ_1:Gene	corC	CHQ_1_20:c202920-202042	CHQ_1_02527
prokka_CHQ_1/CHQ_1:Gene	ybeY	CHQ_1_20:c203540-203067	CHQ_1_02528
prokka_CHQ_1/CHQ_1:Gene	ybeZ	CHQ_1_20:c204583-203537	CHQ_1_02529
prokka_CHQ_1/CHQ_1:Gene	miaB	CHQ_1_20:c206161-204737	CHQ_1_02530
prokka_CHQ_1/CHQ_1:Gene	ubiF	CHQ_1_20:206341-207516	CHQ_1_02531
prokka_CHQ_1/CHQ_1:Gene	CHQ_1_02532	CHQ_1_20:c207710-207636	CHQ_1_02532
prokka_CHQ_1/CHQ_1:Gene	CHQ_1_02533	CHQ_1_20:c207861-207787	CHQ_1_02533
prokka_CHQ_1/CHQ_1:Gene	CHQ_1_02534	CHQ_1_20:c207985-207909	CHQ_1_02534
prokka_CHQ_1/CHQ_1:Gene	CHQ_1_02535	CHQ_1_20:c208083-208009	CHQ_1_02535
prokka_CHQ_1/CHQ_1:Gene	CHQ_1_02536	CHQ_1_20:c208191-208107	CHQ_1_02536
prokka_CHQ_1/CHQ_1:Gene	CHQ_1_02537	CHQ_1_20:c208277-208201	CHQ_1_02537
prokka_CHQ_1/CHQ_1:Gene	asnB	CHQ_1_20:c210179-208515	CHQ_1_02538
prokka_CHQ_1/CHQ_1:Gene	nagD	CHQ_1_20:c211210-210458	CHQ_1_02539
prokka_CHQ_1/CHQ_1:Gene	nagC	CHQ_1_20:c212550-211330	CHQ_1_02540
prokka_CHQ_1/CHQ_1:Gene	nagA	CHQ_1_20:c213707-212559	CHQ_1_02541
prokka_CHQ_1/CHQ_1:Gene	nagB	CHQ_1_20:c214621-213821	CHQ_1_02542
prokka_CHQ_1/CHQ_1:Gene	nagE	CHQ_1_20:214937-216892	CHQ_1_02543
prokka_CHQ_1/CHQ_1:Gene	glnS	CHQ_1_20:217071-218738	CHQ_1_02544
prokka_CHQ_1/CHQ_1:Gene	chiP	CHQ_1_20:219176-220579	CHQ_1_02545
prokka_CHQ_1/CHQ_1:Gene	chiQ	CHQ_1_20:220627-220959	CHQ_1_02546
prokka_CHQ_1/CHQ_1:Gene	proP_4	CHQ_1_20:c222306-221011	CHQ_1_02547
prokka_CHQ_1/CHQ_1:Gene	CHQ_1_02548	CHQ_1_20:c223501-222362	CHQ_1_02548
prokka_CHQ_1/CHQ_1:Gene	ifcA	CHQ_1_20:c224597-223488	CHQ_1_02549
prokka_CHQ_1/CHQ_1:Gene	CHQ_1_02550	CHQ_1_20:c224891-224661	CHQ_1_02550
prokka_CHQ_1/CHQ_1:Gene	cynR_1	CHQ_1_20:c225915-224989	CHQ_1_02551
prokka_CHQ_1/CHQ_1:Gene	fur	CHQ_1_20:c226495-226043	CHQ_1_02552
prokka_CHQ_1/CHQ_1:Gene	fldA	CHQ_1_20:c227317-226787	CHQ_1_02553
prokka_CHQ_1/CHQ_1:Gene	ybfE	CHQ_1_20:c227762-227469	CHQ_1_02554
prokka_CHQ_1/CHQ_1:Gene	ybfF	CHQ_1_20:c228669-227896	CHQ_1_02555
prokka_CHQ_1/CHQ_1:Gene	seqA	CHQ_1_20:228709-229401	CHQ_1_02556
prokka_CHQ_1/CHQ_1:Gene	pgm	CHQ_1_20:229434-231074	CHQ_1_02557
prokka_CHQ_1/CHQ_1:Gene	CHQ_1_02558	CHQ_1_20:231129-231566	CHQ_1_02558
prokka_CHQ_1/CHQ_1:Gene	kdpE	CHQ_1_20:c232225-231548	CHQ_1_02559
prokka_CHQ_1/CHQ_1:Gene	kdpD	CHQ_1_20:c234909-232222	CHQ_1_02560
prokka_CHQ_1/CHQ_1:Gene	kdpC	CHQ_1_20:c235485-234910	CHQ_1_02561
prokka_CHQ_1/CHQ_1:Gene	kdpB	CHQ_1_20:c237544-235496	CHQ_1_02562
prokka_CHQ_1/CHQ_1:Gene	kdpA	CHQ_1_20:c239244-237565	CHQ_1_02563
prokka_CHQ_1/CHQ_1:Gene	CHQ_1_02564	CHQ_1_20:239642-239848	CHQ_1_02564
prokka_CHQ_1/CHQ_1:Gene	phrB	CHQ_1_20:240032-241474	CHQ_1_02565
prokka_CHQ_1/CHQ_1:Gene	dtpD	CHQ_1_20:c242924-241446	CHQ_1_02566
prokka_CHQ_1/CHQ_1:Gene	ybgI	CHQ_1_20:243192-243935	CHQ_1_02567
prokka_CHQ_1/CHQ_1:Gene	pxpB	CHQ_1_20:243950-244606	CHQ_1_02568
prokka_CHQ_1/CHQ_1:Gene	pxpC	CHQ_1_20:244600-245532	CHQ_1_02569
prokka_CHQ_1/CHQ_1:Gene	pxpA	CHQ_1_20:245522-246274	CHQ_1_02570
prokka_CHQ_1/CHQ_1:Gene	pcp	CHQ_1_20:246304-246948	CHQ_1_02571
prokka_CHQ_1/CHQ_1:Gene	nei	CHQ_1_20:246964-247755	CHQ_1_02572
prokka_CHQ_1/CHQ_1:Gene	gltA_1	CHQ_1_20:c249128-247845	CHQ_1_02573
prokka_CHQ_1/CHQ_1:Gene	sdhC	CHQ_1_20:249769-250173	CHQ_1_02574
prokka_CHQ_1/CHQ_1:Gene	sdhD	CHQ_1_20:250167-250514	CHQ_1_02575
prokka_CHQ_1/CHQ_1:Gene	sdhA	CHQ_1_20:250514-252280	CHQ_1_02576
prokka_CHQ_1/CHQ_1:Gene	sdhB	CHQ_1_20:252296-253012	CHQ_1_02577
prokka_CHQ_1/CHQ_1:Gene	sucA	CHQ_1_20:253453-256260	CHQ_1_02578
prokka_CHQ_1/CHQ_1:Gene	sucB	CHQ_1_20:256275-257501	CHQ_1_02579
prokka_CHQ_1/CHQ_1:Gene	sucC	CHQ_1_20:257605-258771	CHQ_1_02580
prokka_CHQ_1/CHQ_1:Gene	sucD	CHQ_1_20:258771-259640	CHQ_1_02581
prokka_CHQ_1/CHQ_1:Gene	cydA_1	CHQ_1_20:260469-262037	CHQ_1_02582
prokka_CHQ_1/CHQ_1:Gene	cydB_1	CHQ_1_20:262053-263192	CHQ_1_02583
prokka_CHQ_1/CHQ_1:Gene	cydX	CHQ_1_20:263208-263324	CHQ_1_02584
prokka_CHQ_1/CHQ_1:Gene	CHQ_1_02585	CHQ_1_20:263324-263614	CHQ_1_02585
prokka_CHQ_1/CHQ_1:Gene	ybgC	CHQ_1_20:263764-264168	CHQ_1_02586
prokka_CHQ_1/CHQ_1:Gene	tolQ	CHQ_1_20:264165-264857	CHQ_1_02587
prokka_CHQ_1/CHQ_1:Gene	tolR	CHQ_1_20:264861-265289	CHQ_1_02588
prokka_CHQ_1/CHQ_1:Gene	CHQ_1_02589	CHQ_1_20:265389-266729	CHQ_1_02589
prokka_CHQ_1/CHQ_1:Gene	tolB	CHQ_1_20:266862-268154	CHQ_1_02590
prokka_CHQ_1/CHQ_1:Gene	pal_2	CHQ_1_20:268189-268713	CHQ_1_02591
prokka_CHQ_1/CHQ_1:Gene	cpoB	CHQ_1_20:268723-269517	CHQ_1_02592
prokka_CHQ_1/CHQ_1:Gene	CHQ_1_02593	CHQ_1_20:269679-269754	CHQ_1_02593
prokka_CHQ_1/CHQ_1:Gene	CHQ_1_02594	CHQ_1_20:269880-269955	CHQ_1_02594
prokka_CHQ_1/CHQ_1:Gene	CHQ_1_02595	CHQ_1_20:269958-270033	CHQ_1_02595
prokka_CHQ_1/CHQ_1:Gene	CHQ_1_02596	CHQ_1_20:270086-270161	CHQ_1_02596
prokka_CHQ_1/CHQ_1:Gene	CHQ_1_02597	CHQ_1_20:270165-270240	CHQ_1_02597
prokka_CHQ_1/CHQ_1:Gene	CHQ_1_02598	CHQ_1_20:270287-270362	CHQ_1_02598
prokka_CHQ_1/CHQ_1:Gene	CHQ_1_02599	CHQ_1_20:270496-270571	CHQ_1_02599
prokka_CHQ_1/CHQ_1:Gene	nadA	CHQ_1_20:271021-272064	CHQ_1_02600
prokka_CHQ_1/CHQ_1:Gene	pnuC	CHQ_1_20:272100-272819	CHQ_1_02601
prokka_CHQ_1/CHQ_1:Gene	zitB	CHQ_1_20:c273760-272816	CHQ_1_02602
prokka_CHQ_1/CHQ_1:Gene	CHQ_1_02603	CHQ_1_20:c274256-273879	CHQ_1_02603
prokka_CHQ_1/CHQ_1:Gene	aroG	CHQ_1_20:274573-275625	CHQ_1_02604
prokka_CHQ_1/CHQ_1:Gene	gpmA	CHQ_1_20:c276450-275698	CHQ_1_02605
prokka_CHQ_1/CHQ_1:Gene	galM	CHQ_1_20:c277784-276741	CHQ_1_02606
prokka_CHQ_1/CHQ_1:Gene	galK	CHQ_1_20:c278926-277778	CHQ_1_02607
prokka_CHQ_1/CHQ_1:Gene	galT	CHQ_1_20:c279975-278929	CHQ_1_02608
prokka_CHQ_1/CHQ_1:Gene	galE	CHQ_1_20:c281001-279985	CHQ_1_02609
prokka_CHQ_1/CHQ_1:Gene	modF	CHQ_1_20:c282683-281211	CHQ_1_02610
prokka_CHQ_1/CHQ_1:Gene	modE	CHQ_1_20:c283539-282751	CHQ_1_02611
prokka_CHQ_1/CHQ_1:Gene	acrZ	CHQ_1_20:283693-283842	CHQ_1_02612
prokka_CHQ_1/CHQ_1:Gene	modA	CHQ_1_20:283985-284758	CHQ_1_02613
prokka_CHQ_1/CHQ_1:Gene	modB	CHQ_1_20:284758-285447	CHQ_1_02614
prokka_CHQ_1/CHQ_1:Gene	btuD_6	CHQ_1_20:285447-286508	CHQ_1_02615
prokka_CHQ_1/CHQ_1:Gene	ybhA	CHQ_1_20:c287327-286509	CHQ_1_02616
prokka_CHQ_1/CHQ_1:Gene	pgl_2	CHQ_1_20:287555-288550	CHQ_1_02617
prokka_CHQ_1/CHQ_1:Gene	ariR	CHQ_1_20:c288926-288660	CHQ_1_02618
prokka_CHQ_1/CHQ_1:Gene	CHQ_1_02619	CHQ_1_20:c289283-288978	CHQ_1_02619
prokka_CHQ_1/CHQ_1:Gene	ycgZ	CHQ_1_20:c289653-289408	CHQ_1_02620
prokka_CHQ_1/CHQ_1:Gene	bluF_2	CHQ_1_20:289983-291194	CHQ_1_02621
prokka_CHQ_1/CHQ_1:Gene	bluR	CHQ_1_20:291349-292083	CHQ_1_02622
prokka_CHQ_1/CHQ_1:Gene	CHQ_1_02623	CHQ_1_20:c292679-292125	CHQ_1_02623
prokka_CHQ_1/CHQ_1:Gene	CHQ_1_02624	CHQ_1_20:c292974-292762	CHQ_1_02624
prokka_CHQ_1/CHQ_1:Gene	CHQ_1_02625	CHQ_1_20:293694-294200	CHQ_1_02625
prokka_CHQ_1/CHQ_1:Gene	CHQ_1_02626	CHQ_1_20:c295182-294217	CHQ_1_02626
prokka_CHQ_1/CHQ_1:Gene	bepE	CHQ_1_20:c298244-295179	CHQ_1_02627
prokka_CHQ_1/CHQ_1:Gene	mdtA_4	CHQ_1_20:c299330-298245	CHQ_1_02628
prokka_CHQ_1/CHQ_1:Gene	CHQ_1_02629	CHQ_1_20:c299495-299385	CHQ_1_02629
prokka_CHQ_1/CHQ_1:Gene	uspG_3	CHQ_1_20:299865-300296	CHQ_1_02630
prokka_CHQ_1/CHQ_1:Gene	ctpF_2	CHQ_1_20:300348-303035	CHQ_1_02631
prokka_CHQ_1/CHQ_1:Gene	ybhC	CHQ_1_20:c304395-303112	CHQ_1_02632
prokka_CHQ_1/CHQ_1:Gene	hutI	CHQ_1_20:304610-305869	CHQ_1_02633
prokka_CHQ_1/CHQ_1:Gene	hutG	CHQ_1_20:305866-306822	CHQ_1_02634
prokka_CHQ_1/CHQ_1:Gene	nagR	CHQ_1_20:306880-307605	CHQ_1_02635
prokka_CHQ_1/CHQ_1:Gene	hutU	CHQ_1_20:307748-309436	CHQ_1_02636
prokka_CHQ_1/CHQ_1:Gene	hutH_1	CHQ_1_20:309433-310968	CHQ_1_02637
prokka_CHQ_1/CHQ_1:Gene	proY_1	CHQ_1_20:311067-312449	CHQ_1_02638
prokka_CHQ_1/CHQ_1:Gene	CHQ_1_02639	CHQ_1_20:c313178-312702	CHQ_1_02639
prokka_CHQ_1/CHQ_1:Gene	bioA	CHQ_1_20:c314538-313249	CHQ_1_02640
prokka_CHQ_1/CHQ_1:Gene	bioB	CHQ_1_20:314624-315664	CHQ_1_02641
prokka_CHQ_1/CHQ_1:Gene	bioF	CHQ_1_20:315661-316818	CHQ_1_02642
prokka_CHQ_1/CHQ_1:Gene	bioC	CHQ_1_20:316802-317557	CHQ_1_02643
prokka_CHQ_1/CHQ_1:Gene	bioD1_2	CHQ_1_20:317550-318272	CHQ_1_02644
prokka_CHQ_1/CHQ_1:Gene	livF_4	CHQ_1_20:c318936-318214	CHQ_1_02645
prokka_CHQ_1/CHQ_1:Gene	uvrB	CHQ_1_20:319646-321667	CHQ_1_02646
prokka_CHQ_1/CHQ_1:Gene	CHQ_1_02647	CHQ_1_20:321849-321941	CHQ_1_02647
prokka_CHQ_1/CHQ_1:Gene	basS	CHQ_1_20:c323017-321920	CHQ_1_02648
prokka_CHQ_1/CHQ_1:Gene	basR	CHQ_1_20:c323692-323021	CHQ_1_02649
prokka_CHQ_1/CHQ_1:Gene	eptA	CHQ_1_20:c325332-323692	CHQ_1_02650
prokka_CHQ_1/CHQ_1:Gene	ybhK	CHQ_1_20:c326341-325436	CHQ_1_02651
prokka_CHQ_1/CHQ_1:Gene	moaA	CHQ_1_20:326676-327665	CHQ_1_02652
prokka_CHQ_1/CHQ_1:Gene	moaB	CHQ_1_20:327689-328201	CHQ_1_02653
prokka_CHQ_1/CHQ_1:Gene	moaC	CHQ_1_20:328205-328693	CHQ_1_02654
prokka_CHQ_1/CHQ_1:Gene	moaD	CHQ_1_20:328686-328934	CHQ_1_02655
prokka_CHQ_1/CHQ_1:Gene	moaE	CHQ_1_20:328936-329388	CHQ_1_02656
prokka_CHQ_1/CHQ_1:Gene	ybhL	CHQ_1_20:329434-330138	CHQ_1_02657
prokka_CHQ_1/CHQ_1:Gene	ybhN	CHQ_1_20:c331283-330318	CHQ_1_02658
prokka_CHQ_1/CHQ_1:Gene	clsB	CHQ_1_20:c332524-331280	CHQ_1_02659
prokka_CHQ_1/CHQ_1:Gene	CHQ_1_02660	CHQ_1_20:c333282-332521	CHQ_1_02660
prokka_CHQ_1/CHQ_1:Gene	ybhQ	CHQ_1_20:333414-333851	CHQ_1_02661
prokka_CHQ_1/CHQ_1:Gene	ybhR	CHQ_1_20:c335018-333912	CHQ_1_02662
prokka_CHQ_1/CHQ_1:Gene	ybhS	CHQ_1_20:c336281-335148	CHQ_1_02663
prokka_CHQ_1/CHQ_1:Gene	ybhF	CHQ_1_20:c338010-336271	CHQ_1_02664
prokka_CHQ_1/CHQ_1:Gene	CHQ_1_02665	CHQ_1_20:c338998-338003	CHQ_1_02665
prokka_CHQ_1/CHQ_1:Gene	cecR	CHQ_1_20:c339657-338998	CHQ_1_02666
prokka_CHQ_1/CHQ_1:Gene	perR	CHQ_1_20:c340653-339730	CHQ_1_02667
prokka_CHQ_1/CHQ_1:Gene	gudP_3	CHQ_1_20:341071-342405	CHQ_1_02668
prokka_CHQ_1/CHQ_1:Gene	fabG_4	CHQ_1_20:342456-343205	CHQ_1_02669
prokka_CHQ_1/CHQ_1:Gene	aptA_2	CHQ_1_20:343219-344064	CHQ_1_02670
prokka_CHQ_1/CHQ_1:Gene	aptB_2	CHQ_1_20:344064-345056	CHQ_1_02671
prokka_CHQ_1/CHQ_1:Gene	rhlE	CHQ_1_20:345271-346626	CHQ_1_02672
prokka_CHQ_1/CHQ_1:Gene	dinG	CHQ_1_20:346819-348975	CHQ_1_02673
prokka_CHQ_1/CHQ_1:Gene	ybiB	CHQ_1_20:349003-349968	CHQ_1_02674
prokka_CHQ_1/CHQ_1:Gene	bhsA_1	CHQ_1_20:c350338-350078	CHQ_1_02675
prokka_CHQ_1/CHQ_1:Gene	ybiI_2	CHQ_1_20:c350890-350624	CHQ_1_02676
prokka_CHQ_1/CHQ_1:Gene	CHQ_1_02677	CHQ_1_20:c351171-350911	CHQ_1_02677
prokka_CHQ_1/CHQ_1:Gene	CHQ_1_02678	CHQ_1_20:c351926-351312	CHQ_1_02678
prokka_CHQ_1/CHQ_1:Gene	rlmF	CHQ_1_20:352023-352937	CHQ_1_02679
prokka_CHQ_1/CHQ_1:Gene	ybiO	CHQ_1_20:c355133-352938	CHQ_1_02680
prokka_CHQ_1/CHQ_1:Gene	glnQ_5	CHQ_1_20:c355966-355244	CHQ_1_02681
prokka_CHQ_1/CHQ_1:Gene	glnP_1	CHQ_1_20:c356622-355963	CHQ_1_02682
prokka_CHQ_1/CHQ_1:Gene	glnH_2	CHQ_1_20:c357494-356748	CHQ_1_02683
prokka_CHQ_1/CHQ_1:Gene	dps	CHQ_1_20:c358413-357910	CHQ_1_02684
prokka_CHQ_1/CHQ_1:Gene	rhtA	CHQ_1_20:c359538-358651	CHQ_1_02685
prokka_CHQ_1/CHQ_1:Gene	ompX	CHQ_1_20:359890-360402	CHQ_1_02686
prokka_CHQ_1/CHQ_1:Gene	opgE	CHQ_1_20:c362079-360499	CHQ_1_02687
prokka_CHQ_1/CHQ_1:Gene	mntS	CHQ_1_20:c362473-362348	CHQ_1_02688
prokka_CHQ_1/CHQ_1:Gene	mntR	CHQ_1_20:362659-363132	CHQ_1_02689
prokka_CHQ_1/CHQ_1:Gene	ybiR	CHQ_1_20:363129-364241	CHQ_1_02690
prokka_CHQ_1/CHQ_1:Gene	bglA_2	CHQ_1_20:364412-365788	CHQ_1_02691
prokka_CHQ_1/CHQ_1:Gene	gmuR	CHQ_1_20:365856-366572	CHQ_1_02692
prokka_CHQ_1/CHQ_1:Gene	ybiS	CHQ_1_20:c367693-366704	CHQ_1_02693
prokka_CHQ_1/CHQ_1:Gene	CHQ_1_02694	CHQ_1_20:c368581-367796	CHQ_1_02694
prokka_CHQ_1/CHQ_1:Gene	ybiT	CHQ_1_20:368760-370352	CHQ_1_02695
prokka_CHQ_1/CHQ_1:Gene	CHQ_1_02696	CHQ_1_20:c373092-370729	CHQ_1_02696
prokka_CHQ_1/CHQ_1:Gene	exuT_3	CHQ_1_20:c374409-373108	CHQ_1_02697
prokka_CHQ_1/CHQ_1:Gene	cytR_1	CHQ_1_20:374710-375783	CHQ_1_02698
prokka_CHQ_1/CHQ_1:Gene	ybiU	CHQ_1_20:c377045-375780	CHQ_1_02699
prokka_CHQ_1/CHQ_1:Gene	ybiV	CHQ_1_20:c378001-377186	CHQ_1_02700
prokka_CHQ_1/CHQ_1:Gene	pflD	CHQ_1_20:c380613-378181	CHQ_1_02701
prokka_CHQ_1/CHQ_1:Gene	cutD_2	CHQ_1_20:c381517-380618	CHQ_1_02702
prokka_CHQ_1/CHQ_1:Gene	moeB	CHQ_1_20:c382427-381672	CHQ_1_02703
prokka_CHQ_1/CHQ_1:Gene	moeA	CHQ_1_20:c383662-382427	CHQ_1_02704
prokka_CHQ_1/CHQ_1:Gene	iaaA	CHQ_1_20:383898-384839	CHQ_1_02705
prokka_CHQ_1/CHQ_1:Gene	gsiA_1	CHQ_1_20:384857-386716	CHQ_1_02706
prokka_CHQ_1/CHQ_1:Gene	gsiB	CHQ_1_20:386749-388290	CHQ_1_02707
prokka_CHQ_1/CHQ_1:Gene	gsiC_2	CHQ_1_20:388363-389283	CHQ_1_02708
prokka_CHQ_1/CHQ_1:Gene	gsiD_2	CHQ_1_20:389285-390196	CHQ_1_02709
prokka_CHQ_1/CHQ_1:Gene	CHQ_1_02710	CHQ_1_21:134-295	CHQ_1_02710
prokka_CHQ_1/CHQ_1:Gene	CHQ_1_02711	CHQ_1_21:309-887	CHQ_1_02711
prokka_CHQ_1/CHQ_1:Gene	CHQ_1_02712	CHQ_1_21:1642-2214	CHQ_1_02712
prokka_CHQ_1/CHQ_1:Gene	CHQ_1_02713	CHQ_1_21:2386-2697	CHQ_1_02713
prokka_CHQ_1/CHQ_1:Gene	CHQ_1_02714	CHQ_1_21:2694-3233	CHQ_1_02714
prokka_CHQ_1/CHQ_1:Gene	CHQ_1_02715	CHQ_1_21:3230-3577	CHQ_1_02715
prokka_CHQ_1/CHQ_1:Gene	CHQ_1_02716	CHQ_1_21:3574-3849	CHQ_1_02716
prokka_CHQ_1/CHQ_1:Gene	CHQ_1_02717	CHQ_1_21:4332-4634	CHQ_1_02717
prokka_CHQ_1/CHQ_1:Gene	CHQ_1_02718	CHQ_1_21:4733-5167	CHQ_1_02718
prokka_CHQ_1/CHQ_1:Gene	CHQ_1_02719	CHQ_1_21:5290-5640	CHQ_1_02719
prokka_CHQ_1/CHQ_1:Gene	CHQ_1_02720	CHQ_1_21:5798-6295	CHQ_1_02720
prokka_CHQ_1/CHQ_1:Gene	CHQ_1_02721	CHQ_1_21:6299-8050	CHQ_1_02721
prokka_CHQ_1/CHQ_1:Gene	CHQ_1_02722	CHQ_1_21:8047-8208	CHQ_1_02722
prokka_CHQ_1/CHQ_1:Gene	CHQ_1_02723	CHQ_1_21:8198-9424	CHQ_1_02723
prokka_CHQ_1/CHQ_1:Gene	CHQ_1_02724	CHQ_1_21:9417-10016	CHQ_1_02724
prokka_CHQ_1/CHQ_1:Gene	CHQ_1_02725	CHQ_1_21:10026-11264	CHQ_1_02725
prokka_CHQ_1/CHQ_1:Gene	CHQ_1_02726	CHQ_1_21:11342-11659	CHQ_1_02726
prokka_CHQ_1/CHQ_1:Gene	CHQ_1_02727	CHQ_1_22:770-1243	CHQ_1_02727
prokka_CHQ_1/CHQ_1:Gene	CHQ_1_02728	CHQ_1_22:1267-1791	CHQ_1_02728
prokka_CHQ_1/CHQ_1:Gene	CHQ_1_02729	CHQ_1_22:1788-2540	CHQ_1_02729
prokka_CHQ_1/CHQ_1:Gene	dasR	CHQ_1_22:c3405-2641	CHQ_1_02730
prokka_CHQ_1/CHQ_1:Gene	argT_2	CHQ_1_22:3632-4417	CHQ_1_02731
prokka_CHQ_1/CHQ_1:Gene	frlB_3	CHQ_1_22:4422-5396	CHQ_1_02732
prokka_CHQ_1/CHQ_1:Gene	frlD	CHQ_1_22:5409-6221	CHQ_1_02733
prokka_CHQ_1/CHQ_1:Gene	CHQ_1_02734	CHQ_1_22:6523-6963	CHQ_1_02734
prokka_CHQ_1/CHQ_1:Gene	CHQ_1_02735	CHQ_1_23:134-295	CHQ_1_02735
prokka_CHQ_1/CHQ_1:Gene	CHQ_1_02736	CHQ_1_23:c2035-1214	CHQ_1_02736
prokka_CHQ_1/CHQ_1:Gene	CHQ_1_02737	CHQ_1_23:3433-3744	CHQ_1_02737
prokka_CHQ_1/CHQ_1:Gene	CHQ_1_02738	CHQ_1_23:3741-4280	CHQ_1_02738
prokka_CHQ_1/CHQ_1:Gene	CHQ_1_02739	CHQ_1_23:4277-4624	CHQ_1_02739
prokka_CHQ_1/CHQ_1:Gene	CHQ_1_02740	CHQ_1_23:4621-4896	CHQ_1_02740
prokka_CHQ_1/CHQ_1:Gene	CHQ_1_02741	CHQ_1_23:5617-5862	CHQ_1_02741
prokka_CHQ_1/CHQ_1:Gene	CHQ_1_02742	CHQ_1_23:5943-6128	CHQ_1_02742
prokka_CHQ_1/CHQ_1:Gene	CHQ_1_02743	CHQ_1_23:6186-6527	CHQ_1_02743
prokka_CHQ_1/CHQ_1:Gene	CHQ_1_02744	CHQ_1_23:6710-7174	CHQ_1_02744
prokka_CHQ_1/CHQ_1:Gene	CHQ_1_02745	CHQ_1_23:7128-8870	CHQ_1_02745
prokka_CHQ_1/CHQ_1:Gene	CHQ_1_02746	CHQ_1_23:8870-10177	CHQ_1_02746
prokka_CHQ_1/CHQ_1:Gene	clpP_1	CHQ_1_23:10190-11038	CHQ_1_02747
prokka_CHQ_1/CHQ_1:Gene	CHQ_1_02748	CHQ_1_23:11048-12265	CHQ_1_02748
prokka_CHQ_1/CHQ_1:Gene	CHQ_1_02749	CHQ_1_23:12308-12514	CHQ_1_02749
prokka_CHQ_1/CHQ_1:Gene	CHQ_1_02750	CHQ_1_23:12912-13109	CHQ_1_02750
prokka_CHQ_1/CHQ_1:Gene	CHQ_1_02751	CHQ_1_24:383-1306	CHQ_1_02751
prokka_CHQ_1/CHQ_1:Gene	CHQ_1_02752	CHQ_1_24:1733-2140	CHQ_1_02752
prokka_CHQ_1/CHQ_1:Gene	talB_2	CHQ_1_25:c1163-213	CHQ_1_02753
prokka_CHQ_1/CHQ_1:Gene	derI	CHQ_1_25:c1652-1194	CHQ_1_02754
prokka_CHQ_1/CHQ_1:Gene	srlB_2	CHQ_1_25:c2055-1681	CHQ_1_02755
prokka_CHQ_1/CHQ_1:Gene	kdgT	CHQ_1_25:c3076-2057	CHQ_1_02756
prokka_CHQ_1/CHQ_1:Gene	CHQ_1_02757	CHQ_1_25:c4887-3169	CHQ_1_02757
prokka_CHQ_1/CHQ_1:Gene	pdxA2	CHQ_1_25:c5930-4923	CHQ_1_02758
prokka_CHQ_1/CHQ_1:Gene	eryH	CHQ_1_25:6174-6968	CHQ_1_02759
prokka_CHQ_1/CHQ_1:Gene	sorC_2	CHQ_1_25:7004-7966	CHQ_1_02760
prokka_CHQ_1/CHQ_1:Gene	CHQ_1_02761	CHQ_1_25:c8335-7991	CHQ_1_02761
prokka_CHQ_1/CHQ_1:Gene	cobB	CHQ_1_25:c9256-8426	CHQ_1_02762
prokka_CHQ_1/CHQ_1:Gene	nagK	CHQ_1_25:c10182-9271	CHQ_1_02763
prokka_CHQ_1/CHQ_1:Gene	lolE	CHQ_1_25:c11475-10231	CHQ_1_02764
prokka_CHQ_1/CHQ_1:Gene	lolD	CHQ_1_25:c12176-11475	CHQ_1_02765
prokka_CHQ_1/CHQ_1:Gene	lolC	CHQ_1_25:c13368-12169	CHQ_1_02766
prokka_CHQ_1/CHQ_1:Gene	mfd	CHQ_1_25:13673-17119	CHQ_1_02767
prokka_CHQ_1/CHQ_1:Gene	ycfS	CHQ_1_25:17284-18237	CHQ_1_02768
prokka_CHQ_1/CHQ_1:Gene	bhsA_2	CHQ_1_25:c18623-18366	CHQ_1_02769
prokka_CHQ_1/CHQ_1:Gene	comR	CHQ_1_25:18873-19508	CHQ_1_02770
prokka_CHQ_1/CHQ_1:Gene	iutA	CHQ_1_25:19753-21942	CHQ_1_02771
prokka_CHQ_1/CHQ_1:Gene	CHQ_1_02772	CHQ_1_25:c22539-22000	CHQ_1_02772
prokka_CHQ_1/CHQ_1:Gene	ndh	CHQ_1_25:c24037-22733	CHQ_1_02773
prokka_CHQ_1/CHQ_1:Gene	CHQ_1_02774	CHQ_1_25:c24824-24282	CHQ_1_02774
prokka_CHQ_1/CHQ_1:Gene	nagZ	CHQ_1_25:c25882-24860	CHQ_1_02775
prokka_CHQ_1/CHQ_1:Gene	thiK	CHQ_1_25:c26721-25894	CHQ_1_02776
prokka_CHQ_1/CHQ_1:Gene	lpoB	CHQ_1_25:c27349-26702	CHQ_1_02777
prokka_CHQ_1/CHQ_1:Gene	CHQ_1_02778	CHQ_1_25:c27736-27362	CHQ_1_02778
prokka_CHQ_1/CHQ_1:Gene	hinT	CHQ_1_25:c28097-27741	CHQ_1_02779
prokka_CHQ_1/CHQ_1:Gene	ptsG	CHQ_1_25:c29792-28359	CHQ_1_02780
prokka_CHQ_1/CHQ_1:Gene	ycfH	CHQ_1_25:c30883-30089	CHQ_1_02781
prokka_CHQ_1/CHQ_1:Gene	holB	CHQ_1_25:c31898-30894	CHQ_1_02782
prokka_CHQ_1/CHQ_1:Gene	tmk	CHQ_1_25:c32536-31895	CHQ_1_02783
prokka_CHQ_1/CHQ_1:Gene	mltG	CHQ_1_25:c33548-32526	CHQ_1_02784
prokka_CHQ_1/CHQ_1:Gene	pabC	CHQ_1_25:c34359-33550	CHQ_1_02785
prokka_CHQ_1/CHQ_1:Gene	fabF_2	CHQ_1_25:c35726-34485	CHQ_1_02786
prokka_CHQ_1/CHQ_1:Gene	acpP	CHQ_1_25:c36051-35815	CHQ_1_02787
prokka_CHQ_1/CHQ_1:Gene	fabG_5	CHQ_1_25:c36996-36262	CHQ_1_02788
prokka_CHQ_1/CHQ_1:Gene	fabD_2	CHQ_1_25:c37938-37009	CHQ_1_02789
prokka_CHQ_1/CHQ_1:Gene	fabH	CHQ_1_25:c38907-37954	CHQ_1_02790
prokka_CHQ_1/CHQ_1:Gene	plsX	CHQ_1_25:c40121-38961	CHQ_1_02791
prokka_CHQ_1/CHQ_1:Gene	rpmF	CHQ_1_25:c40435-40262	CHQ_1_02792
prokka_CHQ_1/CHQ_1:Gene	yceD	CHQ_1_25:c40973-40452	CHQ_1_02793
prokka_CHQ_1/CHQ_1:Gene	yceF	CHQ_1_25:41115-41699	CHQ_1_02794
prokka_CHQ_1/CHQ_1:Gene	rluC	CHQ_1_25:c42732-41737	CHQ_1_02795
prokka_CHQ_1/CHQ_1:Gene	rne	CHQ_1_25:43390-46623	CHQ_1_02796
prokka_CHQ_1/CHQ_1:Gene	dmlR_10	CHQ_1_25:c47597-46662	CHQ_1_02797
prokka_CHQ_1/CHQ_1:Gene	sotB_2	CHQ_1_25:47707-48921	CHQ_1_02798
prokka_CHQ_1/CHQ_1:Gene	murJ	CHQ_1_25:c50510-48975	CHQ_1_02799
prokka_CHQ_1/CHQ_1:Gene	yceM	CHQ_1_25:c51545-50622	CHQ_1_02800
prokka_CHQ_1/CHQ_1:Gene	CHQ_1_02801	CHQ_1_25:c52201-51548	CHQ_1_02801
prokka_CHQ_1/CHQ_1:Gene	rimJ	CHQ_1_25:c52879-52211	CHQ_1_02802
prokka_CHQ_1/CHQ_1:Gene	mdtH_2	CHQ_1_25:53024-54232	CHQ_1_02803
prokka_CHQ_1/CHQ_1:Gene	yceB	CHQ_1_25:54346-54906	CHQ_1_02804
prokka_CHQ_1/CHQ_1:Gene	pyrC	CHQ_1_25:55032-56078	CHQ_1_02805
prokka_CHQ_1/CHQ_1:Gene	dinI	CHQ_1_25:56151-56402	CHQ_1_02806
prokka_CHQ_1/CHQ_1:Gene	bssS	CHQ_1_25:56706-56960	CHQ_1_02807
prokka_CHQ_1/CHQ_1:Gene	solA	CHQ_1_25:57086-58204	CHQ_1_02808
prokka_CHQ_1/CHQ_1:Gene	yceO	CHQ_1_25:58278-58391	CHQ_1_02809
prokka_CHQ_1/CHQ_1:Gene	CHQ_1_02810	CHQ_1_25:c59441-58377	CHQ_1_02810
prokka_CHQ_1/CHQ_1:Gene	lpxL_1	CHQ_1_25:59647-60567	CHQ_1_02811
prokka_CHQ_1/CHQ_1:Gene	sbnD_1	CHQ_1_25:60739-61977	CHQ_1_02812
prokka_CHQ_1/CHQ_1:Gene	CHQ_1_02813	CHQ_1_25:62069-62455	CHQ_1_02813
prokka_CHQ_1/CHQ_1:Gene	CHQ_1_02814	CHQ_1_25:c62683-62456	CHQ_1_02814
prokka_CHQ_1/CHQ_1:Gene	mdoH	CHQ_1_25:c65278-62750	CHQ_1_02815
prokka_CHQ_1/CHQ_1:Gene	mdoG	CHQ_1_25:c66824-65271	CHQ_1_02816
prokka_CHQ_1/CHQ_1:Gene	mdoC	CHQ_1_25:67076-68236	CHQ_1_02817
prokka_CHQ_1/CHQ_1:Gene	betI_4	CHQ_1_25:c68864-68271	CHQ_1_02818
prokka_CHQ_1/CHQ_1:Gene	ymdB	CHQ_1_25:c69458-68931	CHQ_1_02819
prokka_CHQ_1/CHQ_1:Gene	ycdZ	CHQ_1_25:c70093-69611	CHQ_1_02820
prokka_CHQ_1/CHQ_1:Gene	ycdY	CHQ_1_25:c70751-70197	CHQ_1_02821
prokka_CHQ_1/CHQ_1:Gene	ycdX	CHQ_1_25:c71511-70774	CHQ_1_02822
prokka_CHQ_1/CHQ_1:Gene	ghrA_2	CHQ_1_25:c72538-71600	CHQ_1_02823
prokka_CHQ_1/CHQ_1:Gene	CHQ_1_02824	CHQ_1_25:72807-72894	CHQ_1_02824
prokka_CHQ_1/CHQ_1:Gene	dmlR_11	CHQ_1_25:c73891-72986	CHQ_1_02825
prokka_CHQ_1/CHQ_1:Gene	CHQ_1_02826	CHQ_1_25:74006-74866	CHQ_1_02826
prokka_CHQ_1/CHQ_1:Gene	ycaC	CHQ_1_25:74885-75562	CHQ_1_02827
prokka_CHQ_1/CHQ_1:Gene	CHQ_1_02828	CHQ_1_25:75708-75795	CHQ_1_02828
prokka_CHQ_1/CHQ_1:Gene	dsbA_1	CHQ_1_25:c76594-75950	CHQ_1_02829
prokka_CHQ_1/CHQ_1:Gene	phoH	CHQ_1_25:c77620-76832	CHQ_1_02830
prokka_CHQ_1/CHQ_1:Gene	efeB	CHQ_1_25:c79408-78125	CHQ_1_02831
prokka_CHQ_1/CHQ_1:Gene	efeO	CHQ_1_25:c80540-79413	CHQ_1_02832
prokka_CHQ_1/CHQ_1:Gene	efeU	CHQ_1_25:c81422-80592	CHQ_1_02833
prokka_CHQ_1/CHQ_1:Gene	nupC_1	CHQ_1_25:81660-82877	CHQ_1_02834
prokka_CHQ_1/CHQ_1:Gene	CHQ_1_02835	CHQ_1_25:c83343-82909	CHQ_1_02835
prokka_CHQ_1/CHQ_1:Gene	putP	CHQ_1_25:c84986-83478	CHQ_1_02836
prokka_CHQ_1/CHQ_1:Gene	putA	CHQ_1_25:85407-89369	CHQ_1_02837
prokka_CHQ_1/CHQ_1:Gene	CHQ_1_02838	CHQ_1_25:89719-90114	CHQ_1_02838
prokka_CHQ_1/CHQ_1:Gene	rutR	CHQ_1_25:c90753-90115	CHQ_1_02839
prokka_CHQ_1/CHQ_1:Gene	rutA	CHQ_1_25:91038-92129	CHQ_1_02840
prokka_CHQ_1/CHQ_1:Gene	rutB_1	CHQ_1_25:92129-92839	CHQ_1_02841
prokka_CHQ_1/CHQ_1:Gene	rutC_3	CHQ_1_25:92832-93224	CHQ_1_02842
prokka_CHQ_1/CHQ_1:Gene	rutD	CHQ_1_25:93221-94024	CHQ_1_02843
prokka_CHQ_1/CHQ_1:Gene	rutE	CHQ_1_25:94021-94611	CHQ_1_02844
prokka_CHQ_1/CHQ_1:Gene	rutF	CHQ_1_25:94622-95116	CHQ_1_02845
prokka_CHQ_1/CHQ_1:Gene	rutG	CHQ_1_25:95138-96460	CHQ_1_02846
prokka_CHQ_1/CHQ_1:Gene	CHQ_1_02847	CHQ_1_25:c98252-97314	CHQ_1_02847
prokka_CHQ_1/CHQ_1:Gene	CHQ_1_02848	CHQ_1_25:98677-98898	CHQ_1_02848
prokka_CHQ_1/CHQ_1:Gene	wrbA	CHQ_1_25:99026-99622	CHQ_1_02849
prokka_CHQ_1/CHQ_1:Gene	yccJ	CHQ_1_25:99643-99870	CHQ_1_02850
prokka_CHQ_1/CHQ_1:Gene	CHQ_1_02851	CHQ_1_25:100040-100426	CHQ_1_02851
prokka_CHQ_1/CHQ_1:Gene	CHQ_1_02852	CHQ_1_25:c100687-100466	CHQ_1_02852
prokka_CHQ_1/CHQ_1:Gene	CHQ_1_02853	CHQ_1_25:c100951-100703	CHQ_1_02853
prokka_CHQ_1/CHQ_1:Gene	CHQ_1_02854	CHQ_1_25:c102150-100996	CHQ_1_02854
prokka_CHQ_1/CHQ_1:Gene	gpFI_2	CHQ_1_25:102304-103485	CHQ_1_02855
prokka_CHQ_1/CHQ_1:Gene	CHQ_1_02856	CHQ_1_25:103485-104000	CHQ_1_02856
prokka_CHQ_1/CHQ_1:Gene	CHQ_1_02857	CHQ_1_25:104055-104354	CHQ_1_02857
prokka_CHQ_1/CHQ_1:Gene	CHQ_1_02858	CHQ_1_25:104517-107453	CHQ_1_02858
prokka_CHQ_1/CHQ_1:Gene	CHQ_1_02859	CHQ_1_25:107465-107953	CHQ_1_02859
prokka_CHQ_1/CHQ_1:Gene	CHQ_1_02860	CHQ_1_25:108229-109083	CHQ_1_02860
prokka_CHQ_1/CHQ_1:Gene	CHQ_1_02861	CHQ_1_25:c110364-109183	CHQ_1_02861
prokka_CHQ_1/CHQ_1:Gene	CHQ_1_02862	CHQ_1_25:c110814-110551	CHQ_1_02862
prokka_CHQ_1/CHQ_1:Gene	CHQ_1_02863	CHQ_1_25:c111605-110817	CHQ_1_02863
prokka_CHQ_1/CHQ_1:Gene	CHQ_1_02864	CHQ_1_26:256-459	CHQ_1_02864
prokka_CHQ_1/CHQ_1:Gene	purH	CHQ_1_26:464-2053	CHQ_1_02865
prokka_CHQ_1/CHQ_1:Gene	purD	CHQ_1_26:2069-3364	CHQ_1_02866
prokka_CHQ_1/CHQ_1:Gene	zraR	CHQ_1_26:c4685-3354	CHQ_1_02867
prokka_CHQ_1/CHQ_1:Gene	zraS	CHQ_1_26:c6066-4672	CHQ_1_02868
prokka_CHQ_1/CHQ_1:Gene	zraP	CHQ_1_26:6326-6763	CHQ_1_02869
prokka_CHQ_1/CHQ_1:Gene	CHQ_1_02870	CHQ_1_26:c7462-6767	CHQ_1_02870
prokka_CHQ_1/CHQ_1:Gene	hupA	CHQ_1_26:c7747-7475	CHQ_1_02871
prokka_CHQ_1/CHQ_1:Gene	CHQ_1_02872	CHQ_1_26:c8524-7934	CHQ_1_02872
prokka_CHQ_1/CHQ_1:Gene	nfi	CHQ_1_26:c9238-8567	CHQ_1_02873
prokka_CHQ_1/CHQ_1:Gene	hemE	CHQ_1_26:c10315-9251	CHQ_1_02874
prokka_CHQ_1/CHQ_1:Gene	nudC	CHQ_1_26:c11129-10356	CHQ_1_02875
prokka_CHQ_1/CHQ_1:Gene	rsd	CHQ_1_26:11223-11720	CHQ_1_02876
prokka_CHQ_1/CHQ_1:Gene	thiC	CHQ_1_26:11982-13877	CHQ_1_02877
prokka_CHQ_1/CHQ_1:Gene	thiE	CHQ_1_26:13877-14512	CHQ_1_02878
prokka_CHQ_1/CHQ_1:Gene	thiF	CHQ_1_26:14505-15260	CHQ_1_02879
prokka_CHQ_1/CHQ_1:Gene	thiS	CHQ_1_26:15244-15444	CHQ_1_02880
prokka_CHQ_1/CHQ_1:Gene	thiG	CHQ_1_26:15446-16216	CHQ_1_02881
prokka_CHQ_1/CHQ_1:Gene	thiH	CHQ_1_26:16213-17346	CHQ_1_02882
prokka_CHQ_1/CHQ_1:Gene	CHQ_1_02883	CHQ_1_26:17663-19195	CHQ_1_02883
prokka_CHQ_1/CHQ_1:Gene	celA_1	CHQ_1_26:19368-19673	CHQ_1_02884
prokka_CHQ_1/CHQ_1:Gene	chbA_2	CHQ_1_26:19677-19994	CHQ_1_02885
prokka_CHQ_1/CHQ_1:Gene	dcuB	CHQ_1_26:c21378-20038	CHQ_1_02886
prokka_CHQ_1/CHQ_1:Gene	rpoC	CHQ_1_26:c26001-21778	CHQ_1_02887
prokka_CHQ_1/CHQ_1:Gene	rpoB	CHQ_1_26:c30106-26078	CHQ_1_02888
prokka_CHQ_1/CHQ_1:Gene	rplL	CHQ_1_26:c30796-30431	CHQ_1_02889
prokka_CHQ_1/CHQ_1:Gene	rplJ	CHQ_1_26:c31360-30863	CHQ_1_02890
prokka_CHQ_1/CHQ_1:Gene	rplA	CHQ_1_26:c32354-31650	CHQ_1_02891
prokka_CHQ_1/CHQ_1:Gene	rplK	CHQ_1_26:c32786-32358	CHQ_1_02892
prokka_CHQ_1/CHQ_1:Gene	nusG	CHQ_1_26:c33488-32943	CHQ_1_02893
prokka_CHQ_1/CHQ_1:Gene	secE	CHQ_1_26:c33873-33490	CHQ_1_02894
prokka_CHQ_1/CHQ_1:Gene	tuf1_1	CHQ_1_26:c34470-34210	CHQ_1_02895
prokka_CHQ_1/CHQ_1:Gene	CHQ_1_02896	CHQ_1_27:c1746-73	CHQ_1_02896
prokka_CHQ_1/CHQ_1:Gene	CHQ_1_02897	CHQ_1_27:1905-2483	CHQ_1_02897
prokka_CHQ_1/CHQ_1:Gene	srpC_1	CHQ_1_27:2659-3864	CHQ_1_02898
prokka_CHQ_1/CHQ_1:Gene	CHQ_1_02899	CHQ_1_27:3875-4180	CHQ_1_02899
prokka_CHQ_1/CHQ_1:Gene	arsH	CHQ_1_27:c5007-4309	CHQ_1_02900
prokka_CHQ_1/CHQ_1:Gene	arsR2	CHQ_1_27:5093-5413	CHQ_1_02901
prokka_CHQ_1/CHQ_1:Gene	arsB_2	CHQ_1_27:5380-6747	CHQ_1_02902
prokka_CHQ_1/CHQ_1:Gene	arsC_2	CHQ_1_27:6760-7185	CHQ_1_02903
prokka_CHQ_1/CHQ_1:Gene	CHQ_1_02904	CHQ_1_27:7299-7577	CHQ_1_02904
prokka_CHQ_1/CHQ_1:Gene	CHQ_1_02905	CHQ_1_27:c8159-7908	CHQ_1_02905
prokka_CHQ_1/CHQ_1:Gene	fecE_2	CHQ_1_27:c9067-8300	CHQ_1_02906
prokka_CHQ_1/CHQ_1:Gene	fecD	CHQ_1_27:c10024-9068	CHQ_1_02907
prokka_CHQ_1/CHQ_1:Gene	fecC	CHQ_1_27:c11019-10021	CHQ_1_02908
prokka_CHQ_1/CHQ_1:Gene	fecB	CHQ_1_27:c11918-11016	CHQ_1_02909
prokka_CHQ_1/CHQ_1:Gene	fecA	CHQ_1_27:c14287-11963	CHQ_1_02910
prokka_CHQ_1/CHQ_1:Gene	fecR	CHQ_1_27:c15327-14374	CHQ_1_02911
prokka_CHQ_1/CHQ_1:Gene	fecI	CHQ_1_27:c15845-15324	CHQ_1_02912
prokka_CHQ_1/CHQ_1:Gene	CHQ_1_02913	CHQ_1_27:c16425-16321	CHQ_1_02913
prokka_CHQ_1/CHQ_1:Gene	CHQ_1_02914	CHQ_1_27:c17696-16479	CHQ_1_02914
prokka_CHQ_1/CHQ_1:Gene	gcvA_4	CHQ_1_27:c18736-17783	CHQ_1_02915
prokka_CHQ_1/CHQ_1:Gene	glnH_3	CHQ_1_27:18892-19740	CHQ_1_02916
prokka_CHQ_1/CHQ_1:Gene	yecS_4	CHQ_1_27:19764-20435	CHQ_1_02917
prokka_CHQ_1/CHQ_1:Gene	yecS_5	CHQ_1_27:20432-21094	CHQ_1_02918
prokka_CHQ_1/CHQ_1:Gene	glnQ_6	CHQ_1_27:21099-21917	CHQ_1_02919
prokka_CHQ_1/CHQ_1:Gene	ytfF_2	CHQ_1_27:21914-22879	CHQ_1_02920
prokka_CHQ_1/CHQ_1:Gene	CHQ_1_02921	CHQ_1_27:c23554-23135	CHQ_1_02921
prokka_CHQ_1/CHQ_1:Gene	xerC_3	CHQ_1_27:c24530-23730	CHQ_1_02922
prokka_CHQ_1/CHQ_1:Gene	CHQ_1_02923	CHQ_1_27:c25285-24569	CHQ_1_02923
prokka_CHQ_1/CHQ_1:Gene	CHQ_1_02924	CHQ_1_27:c26087-25278	CHQ_1_02924
prokka_CHQ_1/CHQ_1:Gene	CHQ_1_02925	CHQ_1_27:c27004-26084	CHQ_1_02925
prokka_CHQ_1/CHQ_1:Gene	pifC	CHQ_1_27:27574-28662	CHQ_1_02926
prokka_CHQ_1/CHQ_1:Gene	CHQ_1_02927	CHQ_1_27:28673-30046	CHQ_1_02927
prokka_CHQ_1/CHQ_1:Gene	CHQ_1_02928	CHQ_1_27:30231-31559	CHQ_1_02928
prokka_CHQ_1/CHQ_1:Gene	CHQ_1_02929	CHQ_1_27:31567-32142	CHQ_1_02929
prokka_CHQ_1/CHQ_1:Gene	CHQ_1_02930	CHQ_1_27:32608-32838	CHQ_1_02930
prokka_CHQ_1/CHQ_1:Gene	vapC	CHQ_1_27:32850-33251	CHQ_1_02931
prokka_CHQ_1/CHQ_1:Gene	CHQ_1_02932	CHQ_1_27:33325-34887	CHQ_1_02932
prokka_CHQ_1/CHQ_1:Gene	CHQ_1_02933	CHQ_1_27:34872-35894	CHQ_1_02933
prokka_CHQ_1/CHQ_1:Gene	CHQ_1_02934	CHQ_1_27:36351-37346	CHQ_1_02934
prokka_CHQ_1/CHQ_1:Gene	CHQ_1_02935	CHQ_1_27:37347-37472	CHQ_1_02935
prokka_CHQ_1/CHQ_1:Gene	CHQ_1_02936	CHQ_1_27:c37882-37532	CHQ_1_02936
prokka_CHQ_1/CHQ_1:Gene	silE_1	CHQ_1_27:c38461-38030	CHQ_1_02937
prokka_CHQ_1/CHQ_1:Gene	cusS	CHQ_1_27:c40187-38712	CHQ_1_02938
prokka_CHQ_1/CHQ_1:Gene	cusR	CHQ_1_27:c40860-40180	CHQ_1_02939
prokka_CHQ_1/CHQ_1:Gene	cusC_3	CHQ_1_27:41050-42435	CHQ_1_02940
prokka_CHQ_1/CHQ_1:Gene	cusF	CHQ_1_27:42464-42817	CHQ_1_02941
prokka_CHQ_1/CHQ_1:Gene	cusB	CHQ_1_27:42931-44223	CHQ_1_02942
prokka_CHQ_1/CHQ_1:Gene	cusA	CHQ_1_27:44234-47380	CHQ_1_02943
prokka_CHQ_1/CHQ_1:Gene	CHQ_1_02944	CHQ_1_27:47467-47907	CHQ_1_02944
prokka_CHQ_1/CHQ_1:Gene	silP	CHQ_1_27:48034-50490	CHQ_1_02945
prokka_CHQ_1/CHQ_1:Gene	CHQ_1_02946	CHQ_1_27:50531-50728	CHQ_1_02946
prokka_CHQ_1/CHQ_1:Gene	mepM_2	CHQ_1_27:c51499-50762	CHQ_1_02947
prokka_CHQ_1/CHQ_1:Gene	silE_2	CHQ_1_27:c52237-51788	CHQ_1_02948
prokka_CHQ_1/CHQ_1:Gene	copA_1	CHQ_1_27:52471-54288	CHQ_1_02949
prokka_CHQ_1/CHQ_1:Gene	copB	CHQ_1_27:54288-55184	CHQ_1_02950
prokka_CHQ_1/CHQ_1:Gene	pcoC	CHQ_1_27:55224-55604	CHQ_1_02951
prokka_CHQ_1/CHQ_1:Gene	copD	CHQ_1_27:55609-56538	CHQ_1_02952
prokka_CHQ_1/CHQ_1:Gene	copR	CHQ_1_27:56593-57273	CHQ_1_02953
prokka_CHQ_1/CHQ_1:Gene	sasA_4	CHQ_1_27:57270-58670	CHQ_1_02954
prokka_CHQ_1/CHQ_1:Gene	pcoE	CHQ_1_27:58886-59320	CHQ_1_02955
prokka_CHQ_1/CHQ_1:Gene	yrdA_1	CHQ_1_28:370-924	CHQ_1_02956
prokka_CHQ_1/CHQ_1:Gene	CHQ_1_02957	CHQ_1_28:c1157-900	CHQ_1_02957
prokka_CHQ_1/CHQ_1:Gene	aroE_2	CHQ_1_28:c1972-1154	CHQ_1_02958
prokka_CHQ_1/CHQ_1:Gene	tsaC	CHQ_1_28:c2548-1976	CHQ_1_02959
prokka_CHQ_1/CHQ_1:Gene	topA_1	CHQ_1_28:c3095-2553	CHQ_1_02960
prokka_CHQ_1/CHQ_1:Gene	smg	CHQ_1_28:c3595-3122	CHQ_1_02961
prokka_CHQ_1/CHQ_1:Gene	CHQ_1_02962	CHQ_1_28:c4691-3567	CHQ_1_02962
prokka_CHQ_1/CHQ_1:Gene	def	CHQ_1_28:4820-5329	CHQ_1_02963
prokka_CHQ_1/CHQ_1:Gene	fmt	CHQ_1_28:5344-6291	CHQ_1_02964
prokka_CHQ_1/CHQ_1:Gene	rsmB	CHQ_1_28:6344-7639	CHQ_1_02965
prokka_CHQ_1/CHQ_1:Gene	trkA	CHQ_1_28:7653-9029	CHQ_1_02966
prokka_CHQ_1/CHQ_1:Gene	mscL	CHQ_1_28:9169-9582	CHQ_1_02967
prokka_CHQ_1/CHQ_1:Gene	CHQ_1_02968	CHQ_1_28:c9796-9518	CHQ_1_02968
prokka_CHQ_1/CHQ_1:Gene	zntR	CHQ_1_28:c10279-9854	CHQ_1_02969
prokka_CHQ_1/CHQ_1:Gene	CHQ_1_02970	CHQ_1_28:c10650-10282	CHQ_1_02970
prokka_CHQ_1/CHQ_1:Gene	rplQ	CHQ_1_28:c11145-10759	CHQ_1_02971
prokka_CHQ_1/CHQ_1:Gene	rpoA	CHQ_1_28:c12175-11186	CHQ_1_02972
prokka_CHQ_1/CHQ_1:Gene	rpsD	CHQ_1_28:c12821-12201	CHQ_1_02973
prokka_CHQ_1/CHQ_1:Gene	rpsM	CHQ_1_28:c13617-13261	CHQ_1_02974
prokka_CHQ_1/CHQ_1:Gene	secY	CHQ_1_28:c15245-13914	CHQ_1_02975
prokka_CHQ_1/CHQ_1:Gene	rplO	CHQ_1_28:c15687-15253	CHQ_1_02976
prokka_CHQ_1/CHQ_1:Gene	rpmD	CHQ_1_28:c15870-15691	CHQ_1_02977
prokka_CHQ_1/CHQ_1:Gene	rpsE	CHQ_1_28:c16377-15874	CHQ_1_02978
prokka_CHQ_1/CHQ_1:Gene	rplF	CHQ_1_28:c17288-16755	CHQ_1_02979
prokka_CHQ_1/CHQ_1:Gene	rpsH	CHQ_1_28:c17693-17301	CHQ_1_02980
prokka_CHQ_1/CHQ_1:Gene	rpsN	CHQ_1_28:c18032-17727	CHQ_1_02981
prokka_CHQ_1/CHQ_1:Gene	rplE	CHQ_1_28:c18586-18047	CHQ_1_02982
prokka_CHQ_1/CHQ_1:Gene	rplX	CHQ_1_28:c18915-18601	CHQ_1_02983
prokka_CHQ_1/CHQ_1:Gene	rplN	CHQ_1_28:c19297-18926	CHQ_1_02984
prokka_CHQ_1/CHQ_1:Gene	rpsQ	CHQ_1_28:c19717-19463	CHQ_1_02985
prokka_CHQ_1/CHQ_1:Gene	rpmC	CHQ_1_28:c19908-19717	CHQ_1_02986
prokka_CHQ_1/CHQ_1:Gene	rplP	CHQ_1_28:c20318-19908	CHQ_1_02987
prokka_CHQ_1/CHQ_1:Gene	rpsC	CHQ_1_28:c21029-20331	CHQ_1_02988
prokka_CHQ_1/CHQ_1:Gene	rplV	CHQ_1_28:c21379-21047	CHQ_1_02989
prokka_CHQ_1/CHQ_1:Gene	rpsS	CHQ_1_28:c21672-21394	CHQ_1_02990
prokka_CHQ_1/CHQ_1:Gene	rplB	CHQ_1_28:c22510-21689	CHQ_1_02991
prokka_CHQ_1/CHQ_1:Gene	rplW	CHQ_1_28:c22830-22528	CHQ_1_02992
prokka_CHQ_1/CHQ_1:Gene	rplD	CHQ_1_28:c23432-22827	CHQ_1_02993
prokka_CHQ_1/CHQ_1:Gene	rplC	CHQ_1_28:c24072-23443	CHQ_1_02994
prokka_CHQ_1/CHQ_1:Gene	rpsJ	CHQ_1_28:c24416-24105	CHQ_1_02995
prokka_CHQ_1/CHQ_1:Gene	CHQ_1_02996	CHQ_1_28:24779-25285	CHQ_1_02996
prokka_CHQ_1/CHQ_1:Gene	bfr	CHQ_1_28:c25745-25269	CHQ_1_02997
prokka_CHQ_1/CHQ_1:Gene	bfd	CHQ_1_28:c26013-25819	CHQ_1_02998
prokka_CHQ_1/CHQ_1:Gene	tuf1_2	CHQ_1_28:c26454-26194	CHQ_1_02999
prokka_CHQ_1/CHQ_1:Gene	hemG	CHQ_1_29:c992-450	CHQ_1_03000
prokka_CHQ_1/CHQ_1:Gene	trkH	CHQ_1_29:c2455-1004	CHQ_1_03001
prokka_CHQ_1/CHQ_1:Gene	yigZ	CHQ_1_29:c3109-2495	CHQ_1_03002
prokka_CHQ_1/CHQ_1:Gene	pepQ	CHQ_1_29:c4440-3109	CHQ_1_03003
prokka_CHQ_1/CHQ_1:Gene	fadB	CHQ_1_29:4632-6821	CHQ_1_03004
prokka_CHQ_1/CHQ_1:Gene	fadA	CHQ_1_29:6831-7994	CHQ_1_03005
prokka_CHQ_1/CHQ_1:Gene	fre	CHQ_1_29:c8889-8188	CHQ_1_03006
prokka_CHQ_1/CHQ_1:Gene	ubiD	CHQ_1_29:c10414-8939	CHQ_1_03007
prokka_CHQ_1/CHQ_1:Gene	rfaH	CHQ_1_29:10593-11081	CHQ_1_03008
prokka_CHQ_1/CHQ_1:Gene	tatD	CHQ_1_29:c11869-11078	CHQ_1_03009
prokka_CHQ_1/CHQ_1:Gene	tatC	CHQ_1_29:c12692-11913	CHQ_1_03010
prokka_CHQ_1/CHQ_1:Gene	tatB	CHQ_1_29:c13219-12695	CHQ_1_03011
prokka_CHQ_1/CHQ_1:Gene	tatA	CHQ_1_29:c13474-13223	CHQ_1_03012
prokka_CHQ_1/CHQ_1:Gene	ubiB	CHQ_1_29:c15244-13604	CHQ_1_03013
prokka_CHQ_1/CHQ_1:Gene	ubiJ_2	CHQ_1_29:c15846-15241	CHQ_1_03014
prokka_CHQ_1/CHQ_1:Gene	ubiE	CHQ_1_29:c16615-15860	CHQ_1_03015
prokka_CHQ_1/CHQ_1:Gene	CHQ_1_03016	CHQ_1_29:c18134-16686	CHQ_1_03016
prokka_CHQ_1/CHQ_1:Gene	udp	CHQ_1_29:c19029-18268	CHQ_1_03017
prokka_CHQ_1/CHQ_1:Gene	clcD	CHQ_1_29:19302-20114	CHQ_1_03018
prokka_CHQ_1/CHQ_1:Gene	metE	CHQ_1_29:c22437-20173	CHQ_1_03019
prokka_CHQ_1/CHQ_1:Gene	metR	CHQ_1_29:22685-23638	CHQ_1_03020
prokka_CHQ_1/CHQ_1:Gene	bioP	CHQ_1_29:c24425-23526	CHQ_1_03021
prokka_CHQ_1/CHQ_1:Gene	yigL	CHQ_1_29:c25314-24514	CHQ_1_03022
prokka_CHQ_1/CHQ_1:Gene	pldB	CHQ_1_29:c26351-25359	CHQ_1_03023
prokka_CHQ_1/CHQ_1:Gene	rhtB_2	CHQ_1_29:26461-27081	CHQ_1_03024
prokka_CHQ_1/CHQ_1:Gene	CHQ_1_03025	CHQ_1_29:27244-28176	CHQ_1_03025
prokka_CHQ_1/CHQ_1:Gene	rhtC_2	CHQ_1_29:c28841-28221	CHQ_1_03026
prokka_CHQ_1/CHQ_1:Gene	recQ	CHQ_1_29:c30729-28903	CHQ_1_03027
prokka_CHQ_1/CHQ_1:Gene	pldA	CHQ_1_29:c31657-30797	CHQ_1_03028
prokka_CHQ_1/CHQ_1:Gene	CHQ_1_03029	CHQ_1_29:31810-32274	CHQ_1_03029
prokka_CHQ_1/CHQ_1:Gene	rarD	CHQ_1_29:32323-33216	CHQ_1_03030
prokka_CHQ_1/CHQ_1:Gene	corA	CHQ_1_29:c34254-33304	CHQ_1_03031
prokka_CHQ_1/CHQ_1:Gene	uvrD	CHQ_1_29:c36772-34610	CHQ_1_03032
prokka_CHQ_1/CHQ_1:Gene	yigB	CHQ_1_29:c37552-36836	CHQ_1_03033
prokka_CHQ_1/CHQ_1:Gene	xerC_4	CHQ_1_29:c38454-37552	CHQ_1_03034
prokka_CHQ_1/CHQ_1:Gene	CHQ_1_03035	CHQ_1_29:c39158-38451	CHQ_1_03035
prokka_CHQ_1/CHQ_1:Gene	dapF_1	CHQ_1_29:c39979-39155	CHQ_1_03036
prokka_CHQ_1/CHQ_1:Gene	CHQ_1_03037	CHQ_1_29:c40239-40015	CHQ_1_03037
prokka_CHQ_1/CHQ_1:Gene	cyaY	CHQ_1_29:40365-40685	CHQ_1_03038
prokka_CHQ_1/CHQ_1:Gene	cyaA	CHQ_1_29:c43364-40734	CHQ_1_03039
prokka_CHQ_1/CHQ_1:Gene	hemC	CHQ_1_29:43629-44585	CHQ_1_03040
prokka_CHQ_1/CHQ_1:Gene	hemD	CHQ_1_29:44582-45322	CHQ_1_03041
prokka_CHQ_1/CHQ_1:Gene	hemX	CHQ_1_29:45344-46534	CHQ_1_03042
prokka_CHQ_1/CHQ_1:Gene	hemY	CHQ_1_29:46538-47734	CHQ_1_03043
prokka_CHQ_1/CHQ_1:Gene	CHQ_1_03044	CHQ_1_29:c48272-48196	CHQ_1_03044
prokka_CHQ_1/CHQ_1:Gene	CHQ_1_03045	CHQ_1_29:c48401-48315	CHQ_1_03045
prokka_CHQ_1/CHQ_1:Gene	CHQ_1_03046	CHQ_1_29:c48500-48425	CHQ_1_03046
prokka_CHQ_1/CHQ_1:Gene	CHQ_1_03047	CHQ_1_29:c48632-48556	CHQ_1_03047
prokka_CHQ_1/CHQ_1:Gene	yifK	CHQ_1_29:c50120-48735	CHQ_1_03048
prokka_CHQ_1/CHQ_1:Gene	wecG	CHQ_1_29:c51066-50326	CHQ_1_03049
prokka_CHQ_1/CHQ_1:Gene	wzyE	CHQ_1_29:c52424-51078	CHQ_1_03050
prokka_CHQ_1/CHQ_1:Gene	wecF	CHQ_1_29:c53497-52421	CHQ_1_03051
prokka_CHQ_1/CHQ_1:Gene	wzxE	CHQ_1_29:c54744-53494	CHQ_1_03052
prokka_CHQ_1/CHQ_1:Gene	wecE	CHQ_1_29:c55876-54746	CHQ_1_03053
prokka_CHQ_1/CHQ_1:Gene	wecD	CHQ_1_29:c56555-55881	CHQ_1_03054
prokka_CHQ_1/CHQ_1:Gene	rffH_2	CHQ_1_29:c57414-56533	CHQ_1_03055
prokka_CHQ_1/CHQ_1:Gene	rffG_2	CHQ_1_29:c58500-57433	CHQ_1_03056
prokka_CHQ_1/CHQ_1:Gene	wecC	CHQ_1_29:c59759-58497	CHQ_1_03057
prokka_CHQ_1/CHQ_1:Gene	wecB	CHQ_1_29:c60841-59756	CHQ_1_03058
prokka_CHQ_1/CHQ_1:Gene	wzzE	CHQ_1_29:c61959-60943	CHQ_1_03059
prokka_CHQ_1/CHQ_1:Gene	wecA	CHQ_1_29:c63106-62003	CHQ_1_03060
prokka_CHQ_1/CHQ_1:Gene	rho	CHQ_1_29:c64606-63347	CHQ_1_03061
prokka_CHQ_1/CHQ_1:Gene	CHQ_1_03062	CHQ_1_29:64677-64865	CHQ_1_03062
prokka_CHQ_1/CHQ_1:Gene	trxA	CHQ_1_29:c65268-64939	CHQ_1_03063
prokka_CHQ_1/CHQ_1:Gene	rhlB	CHQ_1_29:65611-66876	CHQ_1_03064
prokka_CHQ_1/CHQ_1:Gene	gppA	CHQ_1_29:66994-68484	CHQ_1_03065
prokka_CHQ_1/CHQ_1:Gene	rep_3	CHQ_1_29:c70560-68536	CHQ_1_03066
prokka_CHQ_1/CHQ_1:Gene	ppiC_1	CHQ_1_29:70673-70954	CHQ_1_03067
prokka_CHQ_1/CHQ_1:Gene	ppiC_2	CHQ_1_29:71005-71286	CHQ_1_03068
prokka_CHQ_1/CHQ_1:Gene	ilvC	CHQ_1_29:c72965-71490	CHQ_1_03069
prokka_CHQ_1/CHQ_1:Gene	oxyR_3	CHQ_1_29:73118-74008	CHQ_1_03070
prokka_CHQ_1/CHQ_1:Gene	ilvA	CHQ_1_29:c75549-74005	CHQ_1_03071
prokka_CHQ_1/CHQ_1:Gene	ilvD	CHQ_1_29:c77402-75552	CHQ_1_03072
prokka_CHQ_1/CHQ_1:Gene	ilvE	CHQ_1_29:c78392-77463	CHQ_1_03073
prokka_CHQ_1/CHQ_1:Gene	ilvM	CHQ_1_29:c78666-78409	CHQ_1_03074
prokka_CHQ_1/CHQ_1:Gene	ilvG	CHQ_1_29:c80309-78663	CHQ_1_03075
prokka_CHQ_1/CHQ_1:Gene	comM	CHQ_1_29:80903-82423	CHQ_1_03076
prokka_CHQ_1/CHQ_1:Gene	CHQ_1_03077	CHQ_1_29:c82786-82448	CHQ_1_03077
prokka_CHQ_1/CHQ_1:Gene	hdfR_2	CHQ_1_29:82905-83726	CHQ_1_03078
prokka_CHQ_1/CHQ_1:Gene	CHQ_1_03079	CHQ_1_29:c83910-83835	CHQ_1_03079
prokka_CHQ_1/CHQ_1:Gene	CHQ_1_03080	CHQ_1_29:c84040-83964	CHQ_1_03080
prokka_CHQ_1/CHQ_1:Gene	xerC_5	CHQ_1_30:762-1502	CHQ_1_03081
prokka_CHQ_1/CHQ_1:Gene	repB	CHQ_1_30:c3209-2199	CHQ_1_03082
prokka_CHQ_1/CHQ_1:Gene	CHQ_1_03083	CHQ_1_30:3960-5126	CHQ_1_03083
prokka_CHQ_1/CHQ_1:Gene	sopB	CHQ_1_30:5126-6097	CHQ_1_03084
prokka_CHQ_1/CHQ_1:Gene	CHQ_1_03085	CHQ_1_30:c7556-7251	CHQ_1_03085
prokka_CHQ_1/CHQ_1:Gene	CHQ_1_03086	CHQ_1_30:c7861-7610	CHQ_1_03086
prokka_CHQ_1/CHQ_1:Gene	umuC_1	CHQ_1_30:c9211-7940	CHQ_1_03087
prokka_CHQ_1/CHQ_1:Gene	umuD_1	CHQ_1_30:c9636-9211	CHQ_1_03088
prokka_CHQ_1/CHQ_1:Gene	CHQ_1_03089	CHQ_1_30:9851-10081	CHQ_1_03089
prokka_CHQ_1/CHQ_1:Gene	klcA_1	CHQ_1_30:10602-11027	CHQ_1_03090
prokka_CHQ_1/CHQ_1:Gene	CHQ_1_03091	CHQ_1_30:11264-11518	CHQ_1_03091
prokka_CHQ_1/CHQ_1:Gene	CHQ_1_03092	CHQ_1_30:11553-11873	CHQ_1_03092
prokka_CHQ_1/CHQ_1:Gene	ssb_2	CHQ_1_30:12548-13090	CHQ_1_03093
prokka_CHQ_1/CHQ_1:Gene	CHQ_1_03094	CHQ_1_30:13139-13387	CHQ_1_03094
prokka_CHQ_1/CHQ_1:Gene	CHQ_1_03095	CHQ_1_30:13456-13962	CHQ_1_03095
prokka_CHQ_1/CHQ_1:Gene	CHQ_1_03096	CHQ_1_30:14009-14842	CHQ_1_03096
prokka_CHQ_1/CHQ_1:Gene	klcA_2	CHQ_1_30:15467-15997	CHQ_1_03097
prokka_CHQ_1/CHQ_1:Gene	CHQ_1_03098	CHQ_1_30:c16442-16035	CHQ_1_03098
prokka_CHQ_1/CHQ_1:Gene	traM	CHQ_1_30:16948-17340	CHQ_1_03099
prokka_CHQ_1/CHQ_1:Gene	traI_1	CHQ_1_30:17428-19905	CHQ_1_03100
prokka_CHQ_1/CHQ_1:Gene	CHQ_1_03101	CHQ_1_30:20030-20674	CHQ_1_03101
prokka_CHQ_1/CHQ_1:Gene	finO	CHQ_1_30:20831-21427	CHQ_1_03102
prokka_CHQ_1/CHQ_1:Gene	CHQ_1_03103	CHQ_1_30:21447-21794	CHQ_1_03103
prokka_CHQ_1/CHQ_1:Gene	CHQ_1_03104	CHQ_1_30:c22554-22009	CHQ_1_03104
prokka_CHQ_1/CHQ_1:Gene	arsA_1	CHQ_1_31:158-1123	CHQ_1_03105
prokka_CHQ_1/CHQ_1:Gene	CHQ_1_03106	CHQ_1_31:1245-1673	CHQ_1_03106
prokka_CHQ_1/CHQ_1:Gene	arsC_3	CHQ_1_31:c2131-1706	CHQ_1_03107
prokka_CHQ_1/CHQ_1:Gene	arsB_3	CHQ_1_31:c3433-2144	CHQ_1_03108
prokka_CHQ_1/CHQ_1:Gene	arsA_2	CHQ_1_31:c5232-3481	CHQ_1_03109
prokka_CHQ_1/CHQ_1:Gene	arsD	CHQ_1_31:c5612-5250	CHQ_1_03110
prokka_CHQ_1/CHQ_1:Gene	CHQ_1_03111	CHQ_1_31:c6014-5664	CHQ_1_03111
prokka_CHQ_1/CHQ_1:Gene	CHQ_1_03112	CHQ_1_31:6372-6620	CHQ_1_03112
prokka_CHQ_1/CHQ_1:Gene	CHQ_1_03113	CHQ_1_31:6620-7828	CHQ_1_03113
prokka_CHQ_1/CHQ_1:Gene	CHQ_1_03114	CHQ_1_31:7962-8453	CHQ_1_03114
prokka_CHQ_1/CHQ_1:Gene	CHQ_1_03115	CHQ_1_31:8731-8961	CHQ_1_03115
prokka_CHQ_1/CHQ_1:Gene	CHQ_1_03116	CHQ_1_31:9406-9672	CHQ_1_03116
prokka_CHQ_1/CHQ_1:Gene	CHQ_1_03117	CHQ_1_32:282-1358	CHQ_1_03117
prokka_CHQ_1/CHQ_1:Gene	CHQ_1_03118	CHQ_1_32:c1868-1362	CHQ_1_03118
prokka_CHQ_1/CHQ_1:Gene	nikR	CHQ_1_32:c2603-2205	CHQ_1_03119
prokka_CHQ_1/CHQ_1:Gene	nikE	CHQ_1_32:c3382-2591	CHQ_1_03120
prokka_CHQ_1/CHQ_1:Gene	nikD	CHQ_1_32:c4143-3379	CHQ_1_03121
prokka_CHQ_1/CHQ_1:Gene	nikC	CHQ_1_32:c4976-4143	CHQ_1_03122
prokka_CHQ_1/CHQ_1:Gene	nikB	CHQ_1_32:c5917-4973	CHQ_1_03123
prokka_CHQ_1/CHQ_1:Gene	nikA	CHQ_1_32:c7485-5917	CHQ_1_03124
prokka_CHQ_1/CHQ_1:Gene	allS	CHQ_1_32:c8483-7623	CHQ_1_03125
prokka_CHQ_1/CHQ_1:Gene	padC	CHQ_1_32:8581-9087	CHQ_1_03126
prokka_CHQ_1/CHQ_1:Gene	arnB	CHQ_1_32:9484-10623	CHQ_1_03127
prokka_CHQ_1/CHQ_1:Gene	arnC_2	CHQ_1_32:10625-11608	CHQ_1_03128
prokka_CHQ_1/CHQ_1:Gene	arnA	CHQ_1_32:11605-13590	CHQ_1_03129
prokka_CHQ_1/CHQ_1:Gene	arnD	CHQ_1_32:13587-14489	CHQ_1_03130
prokka_CHQ_1/CHQ_1:Gene	arnT	CHQ_1_32:14489-16144	CHQ_1_03131
prokka_CHQ_1/CHQ_1:Gene	arnE	CHQ_1_32:16141-16479	CHQ_1_03132
prokka_CHQ_1/CHQ_1:Gene	arnF	CHQ_1_32:16479-16859	CHQ_1_03133
prokka_CHQ_1/CHQ_1:Gene	yhhT_1	CHQ_1_32:c17905-16856	CHQ_1_03134
prokka_CHQ_1/CHQ_1:Gene	yhhS_2	CHQ_1_32:18039-19259	CHQ_1_03135
prokka_CHQ_1/CHQ_1:Gene	CHQ_1_03136	CHQ_1_32:c19817-19260	CHQ_1_03136
prokka_CHQ_1/CHQ_1:Gene	yhhQ	CHQ_1_32:c20556-19891	CHQ_1_03137
prokka_CHQ_1/CHQ_1:Gene	tusA	CHQ_1_32:20763-21008	CHQ_1_03138
prokka_CHQ_1/CHQ_1:Gene	zntA	CHQ_1_32:c23409-21199	CHQ_1_03139
prokka_CHQ_1/CHQ_1:Gene	CHQ_1_03140	CHQ_1_32:c24114-23488	CHQ_1_03140
prokka_CHQ_1/CHQ_1:Gene	CHQ_1_03141	CHQ_1_32:24265-24615	CHQ_1_03141
prokka_CHQ_1/CHQ_1:Gene	CHQ_1_03142	CHQ_1_32:c24904-24629	CHQ_1_03142
prokka_CHQ_1/CHQ_1:Gene	rsmD	CHQ_1_32:c25490-24894	CHQ_1_03143
prokka_CHQ_1/CHQ_1:Gene	ftsY	CHQ_1_32:25673-27196	CHQ_1_03144
prokka_CHQ_1/CHQ_1:Gene	ftsE	CHQ_1_32:27199-27867	CHQ_1_03145
prokka_CHQ_1/CHQ_1:Gene	ftsX	CHQ_1_32:27860-28915	CHQ_1_03146
prokka_CHQ_1/CHQ_1:Gene	rpoH	CHQ_1_32:29184-30038	CHQ_1_03147
prokka_CHQ_1/CHQ_1:Gene	gabR_2	CHQ_1_32:c31607-30084	CHQ_1_03148
prokka_CHQ_1/CHQ_1:Gene	puuE	CHQ_1_32:31726-32991	CHQ_1_03149
prokka_CHQ_1/CHQ_1:Gene	CHQ_1_03150	CHQ_1_32:33139-34383	CHQ_1_03150
prokka_CHQ_1/CHQ_1:Gene	livJ_2	CHQ_1_32:34647-35744	CHQ_1_03151
prokka_CHQ_1/CHQ_1:Gene	panM	CHQ_1_32:c36326-35943	CHQ_1_03152
prokka_CHQ_1/CHQ_1:Gene	livK	CHQ_1_32:36750-37859	CHQ_1_03153
prokka_CHQ_1/CHQ_1:Gene	livH_2	CHQ_1_32:37921-38847	CHQ_1_03154
prokka_CHQ_1/CHQ_1:Gene	CHQ_1_03155	CHQ_1_32:38844-40121	CHQ_1_03155
prokka_CHQ_1/CHQ_1:Gene	lptB_2	CHQ_1_32:40118-40885	CHQ_1_03156
prokka_CHQ_1/CHQ_1:Gene	livF_5	CHQ_1_32:40887-41600	CHQ_1_03157
prokka_CHQ_1/CHQ_1:Gene	ugpB_2	CHQ_1_32:41872-43188	CHQ_1_03158
prokka_CHQ_1/CHQ_1:Gene	ugpA_2	CHQ_1_32:43295-44182	CHQ_1_03159
prokka_CHQ_1/CHQ_1:Gene	lacG	CHQ_1_32:44179-45024	CHQ_1_03160
prokka_CHQ_1/CHQ_1:Gene	ugpC_3	CHQ_1_32:45026-46096	CHQ_1_03161
prokka_CHQ_1/CHQ_1:Gene	ugpQ	CHQ_1_32:46093-46833	CHQ_1_03162
prokka_CHQ_1/CHQ_1:Gene	yhhA	CHQ_1_32:c47178-46858	CHQ_1_03163
prokka_CHQ_1/CHQ_1:Gene	ggt	CHQ_1_32:47302-49047	CHQ_1_03164
prokka_CHQ_1/CHQ_1:Gene	aaaT	CHQ_1_32:c49625-49137	CHQ_1_03165
prokka_CHQ_1/CHQ_1:Gene	CHQ_1_03166	CHQ_1_32:c50494-49853	CHQ_1_03166
prokka_CHQ_1/CHQ_1:Gene	yhhX	CHQ_1_32:50759-51796	CHQ_1_03167
prokka_CHQ_1/CHQ_1:Gene	yhhW	CHQ_1_32:51918-52613	CHQ_1_03168
prokka_CHQ_1/CHQ_1:Gene	gntR	CHQ_1_32:52853-53848	CHQ_1_03169
prokka_CHQ_1/CHQ_1:Gene	gntK	CHQ_1_32:54068-54559	CHQ_1_03170
prokka_CHQ_1/CHQ_1:Gene	gntU	CHQ_1_32:54559-55899	CHQ_1_03171
prokka_CHQ_1/CHQ_1:Gene	asd_2	CHQ_1_32:56362-57468	CHQ_1_03172
prokka_CHQ_1/CHQ_1:Gene	glgB	CHQ_1_32:57706-59892	CHQ_1_03173
prokka_CHQ_1/CHQ_1:Gene	glgX	CHQ_1_32:59889-61865	CHQ_1_03174
prokka_CHQ_1/CHQ_1:Gene	glgC	CHQ_1_32:61945-63240	CHQ_1_03175
prokka_CHQ_1/CHQ_1:Gene	glgA	CHQ_1_32:63240-64673	CHQ_1_03176
prokka_CHQ_1/CHQ_1:Gene	malP_1	CHQ_1_32:64691-67138	CHQ_1_03177
prokka_CHQ_1/CHQ_1:Gene	glpD	CHQ_1_32:c68736-67228	CHQ_1_03178
prokka_CHQ_1/CHQ_1:Gene	glpE_2	CHQ_1_32:68941-69270	CHQ_1_03179
prokka_CHQ_1/CHQ_1:Gene	glpG	CHQ_1_32:69327-70151	CHQ_1_03180
prokka_CHQ_1/CHQ_1:Gene	glpR_2	CHQ_1_32:70201-70959	CHQ_1_03181
prokka_CHQ_1/CHQ_1:Gene	malT_2	CHQ_1_32:c73680-70975	CHQ_1_03182
prokka_CHQ_1/CHQ_1:Gene	malP_2	CHQ_1_32:74305-76695	CHQ_1_03183
prokka_CHQ_1/CHQ_1:Gene	malQ	CHQ_1_32:76706-78799	CHQ_1_03184
prokka_CHQ_1/CHQ_1:Gene	gntT	CHQ_1_32:c80218-78902	CHQ_1_03185
prokka_CHQ_1/CHQ_1:Gene	nfuA	CHQ_1_32:c81130-80555	CHQ_1_03186
prokka_CHQ_1/CHQ_1:Gene	CHQ_1_03187	CHQ_1_32:c81863-81189	CHQ_1_03187
prokka_CHQ_1/CHQ_1:Gene	bioH	CHQ_1_32:81903-82676	CHQ_1_03188
prokka_CHQ_1/CHQ_1:Gene	CHQ_1_03189	CHQ_1_32:82797-83066	CHQ_1_03189
prokka_CHQ_1/CHQ_1:Gene	feoC	CHQ_1_32:c83393-83154	CHQ_1_03190
prokka_CHQ_1/CHQ_1:Gene	feoB	CHQ_1_32:c85721-83403	CHQ_1_03191
prokka_CHQ_1/CHQ_1:Gene	feoA	CHQ_1_32:c85977-85750	CHQ_1_03192
prokka_CHQ_1/CHQ_1:Gene	yhgF	CHQ_1_32:c88720-86390	CHQ_1_03193
prokka_CHQ_1/CHQ_1:Gene	greB	CHQ_1_32:c89294-88821	CHQ_1_03194
prokka_CHQ_1/CHQ_1:Gene	ompR_2	CHQ_1_32:89522-90241	CHQ_1_03195
prokka_CHQ_1/CHQ_1:Gene	envZ	CHQ_1_32:90238-91593	CHQ_1_03196
prokka_CHQ_1/CHQ_1:Gene	pckA_2	CHQ_1_32:c93293-91671	CHQ_1_03197
prokka_CHQ_1/CHQ_1:Gene	hslO	CHQ_1_32:c94531-93653	CHQ_1_03198
prokka_CHQ_1/CHQ_1:Gene	hslR	CHQ_1_32:c94957-94556	CHQ_1_03199
prokka_CHQ_1/CHQ_1:Gene	yrfG	CHQ_1_32:c95637-94954	CHQ_1_03200
prokka_CHQ_1/CHQ_1:Gene	igaA	CHQ_1_32:c97827-95698	CHQ_1_03201
prokka_CHQ_1/CHQ_1:Gene	nudE	CHQ_1_32:98148-98708	CHQ_1_03202
prokka_CHQ_1/CHQ_1:Gene	mrcA	CHQ_1_32:c101320-98762	CHQ_1_03203
prokka_CHQ_1/CHQ_1:Gene	CHQ_1_03204	CHQ_1_32:101439-102239	CHQ_1_03204
prokka_CHQ_1/CHQ_1:Gene	CHQ_1_03205	CHQ_1_32:102223-102756	CHQ_1_03205
prokka_CHQ_1/CHQ_1:Gene	CHQ_1_03206	CHQ_1_32:102746-103174	CHQ_1_03206
prokka_CHQ_1/CHQ_1:Gene	CHQ_1_03207	CHQ_1_32:103164-103541	CHQ_1_03207
prokka_CHQ_1/CHQ_1:Gene	pilQ	CHQ_1_32:103483-104718	CHQ_1_03208
prokka_CHQ_1/CHQ_1:Gene	aroK	CHQ_1_32:104989-105510	CHQ_1_03209
prokka_CHQ_1/CHQ_1:Gene	aroB	CHQ_1_32:105566-106660	CHQ_1_03210
prokka_CHQ_1/CHQ_1:Gene	damX	CHQ_1_32:106772-108040	CHQ_1_03211
prokka_CHQ_1/CHQ_1:Gene	dam_3	CHQ_1_32:108119-108946	CHQ_1_03212
prokka_CHQ_1/CHQ_1:Gene	rpe	CHQ_1_32:108964-109641	CHQ_1_03213
prokka_CHQ_1/CHQ_1:Gene	gph	CHQ_1_32:109634-110395	CHQ_1_03214
prokka_CHQ_1/CHQ_1:Gene	trpS	CHQ_1_32:110388-111392	CHQ_1_03215
prokka_CHQ_1/CHQ_1:Gene	cysG_2	CHQ_1_32:c112840-111467	CHQ_1_03216
prokka_CHQ_1/CHQ_1:Gene	nirD	CHQ_1_32:c113320-112994	CHQ_1_03217
prokka_CHQ_1/CHQ_1:Gene	nasD	CHQ_1_32:c115860-113317	CHQ_1_03218
prokka_CHQ_1/CHQ_1:Gene	codA_2	CHQ_1_32:116099-117421	CHQ_1_03219
prokka_CHQ_1/CHQ_1:Gene	tsgA	CHQ_1_32:c118605-117418	CHQ_1_03220
prokka_CHQ_1/CHQ_1:Gene	ppiA	CHQ_1_32:118882-119451	CHQ_1_03221
prokka_CHQ_1/CHQ_1:Gene	yhfG	CHQ_1_32:119556-119723	CHQ_1_03222
prokka_CHQ_1/CHQ_1:Gene	fic	CHQ_1_32:119713-120315	CHQ_1_03223
prokka_CHQ_1/CHQ_1:Gene	pabA	CHQ_1_32:120347-120910	CHQ_1_03224
prokka_CHQ_1/CHQ_1:Gene	argD	CHQ_1_32:121000-122220	CHQ_1_03225
prokka_CHQ_1/CHQ_1:Gene	CHQ_1_03226	CHQ_1_32:c124288-122210	CHQ_1_03226
prokka_CHQ_1/CHQ_1:Gene	crp	CHQ_1_32:c124972-124340	CHQ_1_03227
prokka_CHQ_1/CHQ_1:Gene	yhfA	CHQ_1_32:125279-125683	CHQ_1_03228
prokka_CHQ_1/CHQ_1:Gene	cfxP	CHQ_1_32:c126608-125739	CHQ_1_03229
prokka_CHQ_1/CHQ_1:Gene	CHQ_1_03230	CHQ_1_32:c126863-126645	CHQ_1_03230
prokka_CHQ_1/CHQ_1:Gene	CHQ_1_03231	CHQ_1_32:c127882-126860	CHQ_1_03231
prokka_CHQ_1/CHQ_1:Gene	yheS_1	CHQ_1_32:c129989-128085	CHQ_1_03232
prokka_CHQ_1/CHQ_1:Gene	ywrO	CHQ_1_32:130166-130726	CHQ_1_03233
prokka_CHQ_1/CHQ_1:Gene	kefC_2	CHQ_1_32:130713-132518	CHQ_1_03234
prokka_CHQ_1/CHQ_1:Gene	CHQ_1_03235	CHQ_1_32:132530-132730	CHQ_1_03235
prokka_CHQ_1/CHQ_1:Gene	CHQ_1_03236	CHQ_1_32:132824-133417	CHQ_1_03236
prokka_CHQ_1/CHQ_1:Gene	slyX	CHQ_1_32:c133693-133475	CHQ_1_03237
prokka_CHQ_1/CHQ_1:Gene	fkpA	CHQ_1_32:133916-134746	CHQ_1_03238
prokka_CHQ_1/CHQ_1:Gene	dauR_2	CHQ_1_32:134915-135637	CHQ_1_03239
prokka_CHQ_1/CHQ_1:Gene	tusD	CHQ_1_32:135637-136023	CHQ_1_03240
prokka_CHQ_1/CHQ_1:Gene	tusC	CHQ_1_32:136023-136382	CHQ_1_03241
prokka_CHQ_1/CHQ_1:Gene	tusB	CHQ_1_32:136390-136677	CHQ_1_03242
prokka_CHQ_1/CHQ_1:Gene	rpsL	CHQ_1_32:136802-137176	CHQ_1_03243
prokka_CHQ_1/CHQ_1:Gene	rpsG	CHQ_1_32:137273-137743	CHQ_1_03244
prokka_CHQ_1/CHQ_1:Gene	fusA_2	CHQ_1_32:137840-139954	CHQ_1_03245
prokka_CHQ_1/CHQ_1:Gene	murI	CHQ_1_34:c1311-460	CHQ_1_03246
prokka_CHQ_1/CHQ_1:Gene	btuB	CHQ_1_34:c3094-1256	CHQ_1_03247
prokka_CHQ_1/CHQ_1:Gene	trmA	CHQ_1_34:3461-4561	CHQ_1_03248
prokka_CHQ_1/CHQ_1:Gene	yijD	CHQ_1_34:c4971-4612	CHQ_1_03249
prokka_CHQ_1/CHQ_1:Gene	fabR	CHQ_1_34:c5622-4987	CHQ_1_03250
prokka_CHQ_1/CHQ_1:Gene	sthA	CHQ_1_34:5819-7219	CHQ_1_03251
prokka_CHQ_1/CHQ_1:Gene	oxyR_4	CHQ_1_34:c8119-7202	CHQ_1_03252
prokka_CHQ_1/CHQ_1:Gene	argH	CHQ_1_34:c9751-8378	CHQ_1_03253
prokka_CHQ_1/CHQ_1:Gene	argB	CHQ_1_34:c10625-9852	CHQ_1_03254
prokka_CHQ_1/CHQ_1:Gene	argC	CHQ_1_34:c11639-10635	CHQ_1_03255
prokka_CHQ_1/CHQ_1:Gene	argE_1	CHQ_1_34:11753-12904	CHQ_1_03256
prokka_CHQ_1/CHQ_1:Gene	ppc	CHQ_1_34:13163-15814	CHQ_1_03257
prokka_CHQ_1/CHQ_1:Gene	zinT	CHQ_1_34:c16511-15861	CHQ_1_03258
prokka_CHQ_1/CHQ_1:Gene	rhaS_8	CHQ_1_34:16659-17522	CHQ_1_03259
prokka_CHQ_1/CHQ_1:Gene	fsaB	CHQ_1_34:17728-18390	CHQ_1_03260
prokka_CHQ_1/CHQ_1:Gene	gldA	CHQ_1_34:18445-19548	CHQ_1_03261
prokka_CHQ_1/CHQ_1:Gene	metF	CHQ_1_34:c20529-19642	CHQ_1_03262
prokka_CHQ_1/CHQ_1:Gene	catM	CHQ_1_34:c21665-20724	CHQ_1_03263
prokka_CHQ_1/CHQ_1:Gene	CHQ_1_03264	CHQ_1_34:21757-22128	CHQ_1_03264
prokka_CHQ_1/CHQ_1:Gene	metL	CHQ_1_34:c24599-22167	CHQ_1_03265
prokka_CHQ_1/CHQ_1:Gene	metB	CHQ_1_34:c25762-24602	CHQ_1_03266
prokka_CHQ_1/CHQ_1:Gene	metJ	CHQ_1_34:26030-26347	CHQ_1_03267
prokka_CHQ_1/CHQ_1:Gene	rpmE	CHQ_1_34:c26661-26449	CHQ_1_03268
prokka_CHQ_1/CHQ_1:Gene	priA	CHQ_1_34:26914-29109	CHQ_1_03269
prokka_CHQ_1/CHQ_1:Gene	cytR_2	CHQ_1_34:29260-30288	CHQ_1_03270
prokka_CHQ_1/CHQ_1:Gene	ftsN	CHQ_1_34:30496-31347	CHQ_1_03271
prokka_CHQ_1/CHQ_1:Gene	hslV	CHQ_1_34:31439-31969	CHQ_1_03272
prokka_CHQ_1/CHQ_1:Gene	hslU	CHQ_1_34:31979-33313	CHQ_1_03273
prokka_CHQ_1/CHQ_1:Gene	menA	CHQ_1_34:33383-34303	CHQ_1_03274
prokka_CHQ_1/CHQ_1:Gene	rraA	CHQ_1_34:34396-34881	CHQ_1_03275
prokka_CHQ_1/CHQ_1:Gene	pfkA	CHQ_1_34:c35905-34943	CHQ_1_03276
prokka_CHQ_1/CHQ_1:Gene	fieF	CHQ_1_34:c37004-36102	CHQ_1_03277
prokka_CHQ_1/CHQ_1:Gene	cpxP	CHQ_1_34:c37667-37164	CHQ_1_03278
prokka_CHQ_1/CHQ_1:Gene	cpxR	CHQ_1_34:37817-38515	CHQ_1_03279
prokka_CHQ_1/CHQ_1:Gene	cpxA	CHQ_1_34:38512-39885	CHQ_1_03280
prokka_CHQ_1/CHQ_1:Gene	yiiM	CHQ_1_34:c40623-39949	CHQ_1_03281
prokka_CHQ_1/CHQ_1:Gene	sodA	CHQ_1_34:c41316-40696	CHQ_1_03282
prokka_CHQ_1/CHQ_1:Gene	rhaT	CHQ_1_34:41606-42640	CHQ_1_03283
prokka_CHQ_1/CHQ_1:Gene	rhaR_3	CHQ_1_34:c43518-42673	CHQ_1_03284
prokka_CHQ_1/CHQ_1:Gene	rhaS_9	CHQ_1_34:c44428-43592	CHQ_1_03285
prokka_CHQ_1/CHQ_1:Gene	rhaB	CHQ_1_34:44739-46205	CHQ_1_03286
prokka_CHQ_1/CHQ_1:Gene	rhaA	CHQ_1_34:46202-47461	CHQ_1_03287
prokka_CHQ_1/CHQ_1:Gene	rhaD	CHQ_1_34:47613-48443	CHQ_1_03288
prokka_CHQ_1/CHQ_1:Gene	lsrB_2	CHQ_1_34:48525-49511	CHQ_1_03289
prokka_CHQ_1/CHQ_1:Gene	rbsA_3	CHQ_1_34:49657-51168	CHQ_1_03290
prokka_CHQ_1/CHQ_1:Gene	rbsC_5	CHQ_1_34:51165-52172	CHQ_1_03291
prokka_CHQ_1/CHQ_1:Gene	lsrD_2	CHQ_1_34:52169-53173	CHQ_1_03292
prokka_CHQ_1/CHQ_1:Gene	adhB	CHQ_1_34:53263-54411	CHQ_1_03293
prokka_CHQ_1/CHQ_1:Gene	rhaM	CHQ_1_34:54408-54722	CHQ_1_03294
prokka_CHQ_1/CHQ_1:Gene	lacA	CHQ_1_34:c55438-54845	CHQ_1_03295
prokka_CHQ_1/CHQ_1:Gene	melY	CHQ_1_34:c56755-55490	CHQ_1_03296
prokka_CHQ_1/CHQ_1:Gene	rafA	CHQ_1_34:c58920-56797	CHQ_1_03297
prokka_CHQ_1/CHQ_1:Gene	rafR	CHQ_1_34:c60030-59035	CHQ_1_03298
prokka_CHQ_1/CHQ_1:Gene	sutR_1	CHQ_1_34:c60669-60121	CHQ_1_03299
prokka_CHQ_1/CHQ_1:Gene	CHQ_1_03300	CHQ_1_34:60739-61428	CHQ_1_03300
prokka_CHQ_1/CHQ_1:Gene	CHQ_1_03301	CHQ_1_34:61428-61751	CHQ_1_03301
prokka_CHQ_1/CHQ_1:Gene	CHQ_1_03302	CHQ_1_34:c62341-61748	CHQ_1_03302
prokka_CHQ_1/CHQ_1:Gene	ulaC_2	CHQ_1_34:c62775-62338	CHQ_1_03303
prokka_CHQ_1/CHQ_1:Gene	CHQ_1_03304	CHQ_1_34:c63054-62785	CHQ_1_03304
prokka_CHQ_1/CHQ_1:Gene	fbaA_2	CHQ_1_34:c63962-63114	CHQ_1_03305
prokka_CHQ_1/CHQ_1:Gene	ulaA_2	CHQ_1_34:c65310-63943	CHQ_1_03306
prokka_CHQ_1/CHQ_1:Gene	CHQ_1_03307	CHQ_1_34:c65617-65303	CHQ_1_03307
prokka_CHQ_1/CHQ_1:Gene	pfp	CHQ_1_34:c66609-65629	CHQ_1_03308
prokka_CHQ_1/CHQ_1:Gene	CHQ_1_03309	CHQ_1_34:c67211-66999	CHQ_1_03309
prokka_CHQ_1/CHQ_1:Gene	fdhD	CHQ_1_34:c68176-67340	CHQ_1_03310
prokka_CHQ_1/CHQ_1:Gene	fdoG_1	CHQ_1_34:68333-68920	CHQ_1_03311
prokka_CHQ_1/CHQ_1:Gene	fdoG_2	CHQ_1_34:68969-71383	CHQ_1_03312
prokka_CHQ_1/CHQ_1:Gene	fdoH	CHQ_1_34:71396-72298	CHQ_1_03313
prokka_CHQ_1/CHQ_1:Gene	fdoI	CHQ_1_34:72295-72930	CHQ_1_03314
prokka_CHQ_1/CHQ_1:Gene	fdhE	CHQ_1_34:72927-73856	CHQ_1_03315
prokka_CHQ_1/CHQ_1:Gene	nlhH	CHQ_1_34:74181-75098	CHQ_1_03316
prokka_CHQ_1/CHQ_1:Gene	CHQ_1_03317	CHQ_1_34:c76051-75110	CHQ_1_03317
prokka_CHQ_1/CHQ_1:Gene	dtd	CHQ_1_34:c76533-76096	CHQ_1_03318
prokka_CHQ_1/CHQ_1:Gene	CHQ_1_03319	CHQ_1_34:c77390-76530	CHQ_1_03319
prokka_CHQ_1/CHQ_1:Gene	yihX	CHQ_1_34:c77983-77384	CHQ_1_03320
prokka_CHQ_1/CHQ_1:Gene	typA	CHQ_1_34:c79942-78119	CHQ_1_03321
prokka_CHQ_1/CHQ_1:Gene	glnA	CHQ_1_34:80321-81730	CHQ_1_03322
prokka_CHQ_1/CHQ_1:Gene	glnL	CHQ_1_34:81919-82968	CHQ_1_03323
prokka_CHQ_1/CHQ_1:Gene	ntrC	CHQ_1_34:82977-84386	CHQ_1_03324
prokka_CHQ_1/CHQ_1:Gene	hemN	CHQ_1_34:c86016-84643	CHQ_1_03325
prokka_CHQ_1/CHQ_1:Gene	yihI	CHQ_1_34:c86441-86205	CHQ_1_03326
prokka_CHQ_1/CHQ_1:Gene	engB	CHQ_1_34:87297-87932	CHQ_1_03327
prokka_CHQ_1/CHQ_1:Gene	polA	CHQ_1_34:c91084-88292	CHQ_1_03328
prokka_CHQ_1/CHQ_1:Gene	yihG	CHQ_1_34:91481-92398	CHQ_1_03329
prokka_CHQ_1/CHQ_1:Gene	dsbA_2	CHQ_1_34:c93052-92429	CHQ_1_03330
prokka_CHQ_1/CHQ_1:Gene	srkA_1	CHQ_1_34:c94066-93080	CHQ_1_03331
prokka_CHQ_1/CHQ_1:Gene	yihD	CHQ_1_34:c94411-94142	CHQ_1_03332
prokka_CHQ_1/CHQ_1:Gene	mobA	CHQ_1_34:94483-95064	CHQ_1_03333
prokka_CHQ_1/CHQ_1:Gene	mobB	CHQ_1_34:95061-95567	CHQ_1_03334
prokka_CHQ_1/CHQ_1:Gene	CHQ_1_03335	CHQ_1_34:c95872-95762	CHQ_1_03335
prokka_CHQ_1/CHQ_1:Gene	CHQ_1_03336	CHQ_1_34:c98868-95970	CHQ_1_03336
prokka_CHQ_1/CHQ_1:Gene	CHQ_1_03337	CHQ_1_34:c99115-99040	CHQ_1_03337
prokka_CHQ_1/CHQ_1:Gene	CHQ_1_03338	CHQ_1_34:c99228-99152	CHQ_1_03338
prokka_CHQ_1/CHQ_1:Gene	phnE	CHQ_1_35:c1239-355	CHQ_1_03339
prokka_CHQ_1/CHQ_1:Gene	CHQ_1_03340	CHQ_1_35:c2108-1236	CHQ_1_03340
prokka_CHQ_1/CHQ_1:Gene	CHQ_1_03341	CHQ_1_35:c3074-2175	CHQ_1_03341
prokka_CHQ_1/CHQ_1:Gene	phnC	CHQ_1_35:c3978-3136	CHQ_1_03342
prokka_CHQ_1/CHQ_1:Gene	ecpR	CHQ_1_35:4816-5358	CHQ_1_03343
prokka_CHQ_1/CHQ_1:Gene	ecpA_2	CHQ_1_35:5432-6019	CHQ_1_03344
prokka_CHQ_1/CHQ_1:Gene	ecpB_2	CHQ_1_35:6077-6745	CHQ_1_03345
prokka_CHQ_1/CHQ_1:Gene	ecpC_2	CHQ_1_35:6771-9296	CHQ_1_03346
prokka_CHQ_1/CHQ_1:Gene	ecpD_2	CHQ_1_35:9286-10929	CHQ_1_03347
prokka_CHQ_1/CHQ_1:Gene	ecpE_2	CHQ_1_35:10898-11608	CHQ_1_03348
prokka_CHQ_1/CHQ_1:Gene	glnP_2	CHQ_1_35:c12301-11612	CHQ_1_03349
prokka_CHQ_1/CHQ_1:Gene	gltJ_2	CHQ_1_35:c13043-12291	CHQ_1_03350
prokka_CHQ_1/CHQ_1:Gene	glnQ_7	CHQ_1_35:c13858-13040	CHQ_1_03351
prokka_CHQ_1/CHQ_1:Gene	glnH_4	CHQ_1_35:c14669-13860	CHQ_1_03352
prokka_CHQ_1/CHQ_1:Gene	CHQ_1_03353	CHQ_1_35:15004-15174	CHQ_1_03353
prokka_CHQ_1/CHQ_1:Gene	livF_6	CHQ_1_35:c15986-15291	CHQ_1_03354
prokka_CHQ_1/CHQ_1:Gene	lptB_3	CHQ_1_35:c16761-15979	CHQ_1_03355
prokka_CHQ_1/CHQ_1:Gene	CHQ_1_03356	CHQ_1_35:c17797-16748	CHQ_1_03356
prokka_CHQ_1/CHQ_1:Gene	livH_3	CHQ_1_35:c18696-17797	CHQ_1_03357
prokka_CHQ_1/CHQ_1:Gene	CHQ_1_03358	CHQ_1_35:c19852-18716	CHQ_1_03358
prokka_CHQ_1/CHQ_1:Gene	eutC_1	CHQ_1_35:c21161-20385	CHQ_1_03359
prokka_CHQ_1/CHQ_1:Gene	eutB_1	CHQ_1_35:c22546-21158	CHQ_1_03360
prokka_CHQ_1/CHQ_1:Gene	yhdG	CHQ_1_35:c23935-22556	CHQ_1_03361
prokka_CHQ_1/CHQ_1:Gene	rocC	CHQ_1_35:24209-25618	CHQ_1_03362
prokka_CHQ_1/CHQ_1:Gene	mmuM	CHQ_1_35:25605-26537	CHQ_1_03363
prokka_CHQ_1/CHQ_1:Gene	tauA	CHQ_1_35:26778-27740	CHQ_1_03364
prokka_CHQ_1/CHQ_1:Gene	tauB	CHQ_1_35:27752-28519	CHQ_1_03365
prokka_CHQ_1/CHQ_1:Gene	ssuC_1	CHQ_1_35:28516-29343	CHQ_1_03366
prokka_CHQ_1/CHQ_1:Gene	tauD	CHQ_1_35:29340-30191	CHQ_1_03367
prokka_CHQ_1/CHQ_1:Gene	CHQ_1_03368	CHQ_1_35:c32084-30366	CHQ_1_03368
prokka_CHQ_1/CHQ_1:Gene	rayT	CHQ_1_35:c32754-32263	CHQ_1_03369
prokka_CHQ_1/CHQ_1:Gene	hemB	CHQ_1_35:c33985-33011	CHQ_1_03370
prokka_CHQ_1/CHQ_1:Gene	ampH	CHQ_1_35:c35252-34092	CHQ_1_03371
prokka_CHQ_1/CHQ_1:Gene	rutB_2	CHQ_1_35:35451-35984	CHQ_1_03372
prokka_CHQ_1/CHQ_1:Gene	sbmA	CHQ_1_35:36102-37322	CHQ_1_03373
prokka_CHQ_1/CHQ_1:Gene	CHQ_1_03374	CHQ_1_35:37341-38447	CHQ_1_03374
prokka_CHQ_1/CHQ_1:Gene	yaiY	CHQ_1_35:c38746-38444	CHQ_1_03375
prokka_CHQ_1/CHQ_1:Gene	CHQ_1_03376	CHQ_1_35:38999-39202	CHQ_1_03376
prokka_CHQ_1/CHQ_1:Gene	ddlA	CHQ_1_35:c40332-39235	CHQ_1_03377
prokka_CHQ_1/CHQ_1:Gene	CHQ_1_03378	CHQ_1_35:40432-41115	CHQ_1_03378
prokka_CHQ_1/CHQ_1:Gene	sbnD_2	CHQ_1_35:41285-42484	CHQ_1_03379
prokka_CHQ_1/CHQ_1:Gene	iraP	CHQ_1_35:42786-43046	CHQ_1_03380
prokka_CHQ_1/CHQ_1:Gene	phoA	CHQ_1_35:43151-44566	CHQ_1_03381
prokka_CHQ_1/CHQ_1:Gene	psiF	CHQ_1_35:44658-44975	CHQ_1_03382
prokka_CHQ_1/CHQ_1:Gene	proC	CHQ_1_35:c45852-45043	CHQ_1_03383
prokka_CHQ_1/CHQ_1:Gene	CHQ_1_03384	CHQ_1_35:45969-46427	CHQ_1_03384
prokka_CHQ_1/CHQ_1:Gene	CHQ_1_03385	CHQ_1_35:c47125-46424	CHQ_1_03385
prokka_CHQ_1/CHQ_1:Gene	aroL	CHQ_1_35:47455-47988	CHQ_1_03386
prokka_CHQ_1/CHQ_1:Gene	yaiA	CHQ_1_35:48060-48251	CHQ_1_03387
prokka_CHQ_1/CHQ_1:Gene	CHQ_1_03388	CHQ_1_35:48516-49181	CHQ_1_03388
prokka_CHQ_1/CHQ_1:Gene	ppnP	CHQ_1_35:49259-49543	CHQ_1_03389
prokka_CHQ_1/CHQ_1:Gene	rdgC	CHQ_1_35:c50527-49616	CHQ_1_03390
prokka_CHQ_1/CHQ_1:Gene	mak_2	CHQ_1_35:50619-51533	CHQ_1_03391
prokka_CHQ_1/CHQ_1:Gene	sbcC	CHQ_1_35:c54884-51735	CHQ_1_03392
prokka_CHQ_1/CHQ_1:Gene	sbcD	CHQ_1_35:c56086-54881	CHQ_1_03393
prokka_CHQ_1/CHQ_1:Gene	phoB_2	CHQ_1_35:56269-56958	CHQ_1_03394
prokka_CHQ_1/CHQ_1:Gene	phoR	CHQ_1_35:56980-58275	CHQ_1_03395
prokka_CHQ_1/CHQ_1:Gene	brnQ	CHQ_1_35:58690-60009	CHQ_1_03396
prokka_CHQ_1/CHQ_1:Gene	proY_2	CHQ_1_35:60096-61469	CHQ_1_03397
prokka_CHQ_1/CHQ_1:Gene	malZ	CHQ_1_35:61621-63438	CHQ_1_03398
prokka_CHQ_1/CHQ_1:Gene	yhaJ_3	CHQ_1_35:c64337-63435	CHQ_1_03399
prokka_CHQ_1/CHQ_1:Gene	CHQ_1_03400	CHQ_1_35:64603-65244	CHQ_1_03400
prokka_CHQ_1/CHQ_1:Gene	CHQ_1_03401	CHQ_1_35:65427-65972	CHQ_1_03401
prokka_CHQ_1/CHQ_1:Gene	nfdA	CHQ_1_35:65997-67865	CHQ_1_03402
prokka_CHQ_1/CHQ_1:Gene	fba	CHQ_1_35:c68783-67923	CHQ_1_03403
prokka_CHQ_1/CHQ_1:Gene	yihV	CHQ_1_35:c69775-68813	CHQ_1_03404
prokka_CHQ_1/CHQ_1:Gene	ulaA_3	CHQ_1_35:c71232-69841	CHQ_1_03405
prokka_CHQ_1/CHQ_1:Gene	CHQ_1_03406	CHQ_1_35:c71540-71253	CHQ_1_03406
prokka_CHQ_1/CHQ_1:Gene	CHQ_1_03407	CHQ_1_35:c71989-71546	CHQ_1_03407
prokka_CHQ_1/CHQ_1:Gene	ahpC_2	CHQ_1_35:c72938-72336	CHQ_1_03408
prokka_CHQ_1/CHQ_1:Gene	acpH	CHQ_1_35:c73647-73066	CHQ_1_03409
prokka_CHQ_1/CHQ_1:Gene	queA	CHQ_1_35:73916-74980	CHQ_1_03410
prokka_CHQ_1/CHQ_1:Gene	tgt	CHQ_1_35:75091-76218	CHQ_1_03411
prokka_CHQ_1/CHQ_1:Gene	yajC	CHQ_1_35:76241-76573	CHQ_1_03412
prokka_CHQ_1/CHQ_1:Gene	secD	CHQ_1_35:76633-78447	CHQ_1_03413
prokka_CHQ_1/CHQ_1:Gene	secF	CHQ_1_35:78458-79429	CHQ_1_03414
prokka_CHQ_1/CHQ_1:Gene	CHQ_1_03415	CHQ_1_35:79567-79932	CHQ_1_03415
prokka_CHQ_1/CHQ_1:Gene	CHQ_1_03416	CHQ_1_35:79957-80652	CHQ_1_03416
prokka_CHQ_1/CHQ_1:Gene	tsx	CHQ_1_35:c81579-80695	CHQ_1_03417
prokka_CHQ_1/CHQ_1:Gene	yajI	CHQ_1_35:c82419-81880	CHQ_1_03418
prokka_CHQ_1/CHQ_1:Gene	nrdR	CHQ_1_35:82567-83016	CHQ_1_03419
prokka_CHQ_1/CHQ_1:Gene	ribD	CHQ_1_35:83020-84123	CHQ_1_03420
prokka_CHQ_1/CHQ_1:Gene	ribE	CHQ_1_35:84211-84681	CHQ_1_03421
prokka_CHQ_1/CHQ_1:Gene	nusB	CHQ_1_35:84701-85120	CHQ_1_03422
prokka_CHQ_1/CHQ_1:Gene	thiL	CHQ_1_35:85192-86163	CHQ_1_03423
prokka_CHQ_1/CHQ_1:Gene	pgpA	CHQ_1_35:86156-86659	CHQ_1_03424
prokka_CHQ_1/CHQ_1:Gene	yajO_2	CHQ_1_35:c87679-86705	CHQ_1_03425
prokka_CHQ_1/CHQ_1:Gene	dxs	CHQ_1_35:c89602-87740	CHQ_1_03426
prokka_CHQ_1/CHQ_1:Gene	ispA	CHQ_1_35:c90520-89621	CHQ_1_03427
prokka_CHQ_1/CHQ_1:Gene	xseB	CHQ_1_35:c90763-90521	CHQ_1_03428
prokka_CHQ_1/CHQ_1:Gene	thiI	CHQ_1_35:90945-92393	CHQ_1_03429
prokka_CHQ_1/CHQ_1:Gene	CHQ_1_03430	CHQ_1_35:c92936-92460	CHQ_1_03430
prokka_CHQ_1/CHQ_1:Gene	yajL	CHQ_1_35:c93581-92988	CHQ_1_03431
prokka_CHQ_1/CHQ_1:Gene	panE	CHQ_1_35:c94455-93544	CHQ_1_03432
prokka_CHQ_1/CHQ_1:Gene	CHQ_1_03433	CHQ_1_35:94674-95165	CHQ_1_03433
prokka_CHQ_1/CHQ_1:Gene	yajR	CHQ_1_35:c96573-95209	CHQ_1_03434
prokka_CHQ_1/CHQ_1:Gene	iolG_2	CHQ_1_35:c97911-96733	CHQ_1_03435
prokka_CHQ_1/CHQ_1:Gene	pcaK_1	CHQ_1_35:c99604-98243	CHQ_1_03436
prokka_CHQ_1/CHQ_1:Gene	CHQ_1_03437	CHQ_1_35:c100433-99615	CHQ_1_03437
prokka_CHQ_1/CHQ_1:Gene	ksdD	CHQ_1_35:c102183-100492	CHQ_1_03438
prokka_CHQ_1/CHQ_1:Gene	CHQ_1_03439	CHQ_1_35:c102514-102194	CHQ_1_03439
prokka_CHQ_1/CHQ_1:Gene	kstD	CHQ_1_35:c104204-102528	CHQ_1_03440
prokka_CHQ_1/CHQ_1:Gene	ydiB_2	CHQ_1_35:c105022-104201	CHQ_1_03441
prokka_CHQ_1/CHQ_1:Gene	pcaU	CHQ_1_35:105175-105933	CHQ_1_03442
prokka_CHQ_1/CHQ_1:Gene	CHQ_1_03443	CHQ_1_35:c106304-105972	CHQ_1_03443
prokka_CHQ_1/CHQ_1:Gene	cyoE	CHQ_1_35:c107440-106553	CHQ_1_03444
prokka_CHQ_1/CHQ_1:Gene	cyoD	CHQ_1_35:c107781-107452	CHQ_1_03445
prokka_CHQ_1/CHQ_1:Gene	cyoC	CHQ_1_35:c108392-107781	CHQ_1_03446
prokka_CHQ_1/CHQ_1:Gene	cyoB	CHQ_1_35:c110373-108382	CHQ_1_03447
prokka_CHQ_1/CHQ_1:Gene	cyoA	CHQ_1_35:c111337-110393	CHQ_1_03448
prokka_CHQ_1/CHQ_1:Gene	ampG	CHQ_1_35:c113292-111817	CHQ_1_03449
prokka_CHQ_1/CHQ_1:Gene	CHQ_1_03450	CHQ_1_35:c113914-113336	CHQ_1_03450
prokka_CHQ_1/CHQ_1:Gene	bolA	CHQ_1_35:114220-114534	CHQ_1_03451
prokka_CHQ_1/CHQ_1:Gene	tig	CHQ_1_35:114880-116178	CHQ_1_03452
prokka_CHQ_1/CHQ_1:Gene	clpP_2	CHQ_1_35:116488-117111	CHQ_1_03453
prokka_CHQ_1/CHQ_1:Gene	clpX	CHQ_1_35:117361-118635	CHQ_1_03454
prokka_CHQ_1/CHQ_1:Gene	lon_1	CHQ_1_35:118819-121173	CHQ_1_03455
prokka_CHQ_1/CHQ_1:Gene	ppiD	CHQ_1_35:121870-123744	CHQ_1_03456
prokka_CHQ_1/CHQ_1:Gene	CHQ_1_03457	CHQ_1_35:123893-124261	CHQ_1_03457
prokka_CHQ_1/CHQ_1:Gene	fadM	CHQ_1_35:124373-124774	CHQ_1_03458
prokka_CHQ_1/CHQ_1:Gene	queC	CHQ_1_35:c125608-124907	CHQ_1_03459
prokka_CHQ_1/CHQ_1:Gene	sgrR_2	CHQ_1_35:c127372-125675	CHQ_1_03460
prokka_CHQ_1/CHQ_1:Gene	cof	CHQ_1_35:127500-128318	CHQ_1_03461
prokka_CHQ_1/CHQ_1:Gene	sbnA	CHQ_1_35:c129415-128363	CHQ_1_03462
prokka_CHQ_1/CHQ_1:Gene	decR	CHQ_1_35:129531-129989	CHQ_1_03463
prokka_CHQ_1/CHQ_1:Gene	yheI	CHQ_1_35:130032-131804	CHQ_1_03464
prokka_CHQ_1/CHQ_1:Gene	mdlB	CHQ_1_35:131797-133575	CHQ_1_03465
prokka_CHQ_1/CHQ_1:Gene	glnK	CHQ_1_35:133819-134157	CHQ_1_03466
prokka_CHQ_1/CHQ_1:Gene	amtB	CHQ_1_35:134191-135477	CHQ_1_03467
prokka_CHQ_1/CHQ_1:Gene	tesB	CHQ_1_35:c136392-135529	CHQ_1_03468
prokka_CHQ_1/CHQ_1:Gene	ybaY	CHQ_1_35:136609-137100	CHQ_1_03469
prokka_CHQ_1/CHQ_1:Gene	atl	CHQ_1_35:c137450-137139	CHQ_1_03470
prokka_CHQ_1/CHQ_1:Gene	CHQ_1_03471	CHQ_1_35:c137924-137517	CHQ_1_03471
prokka_CHQ_1/CHQ_1:Gene	CHQ_1_03472	CHQ_1_35:138574-138831	CHQ_1_03472
prokka_CHQ_1/CHQ_1:Gene	CHQ_1_03473	CHQ_1_35:138828-139043	CHQ_1_03473
prokka_CHQ_1/CHQ_1:Gene	norG_2	CHQ_1_35:c140605-139178	CHQ_1_03474
prokka_CHQ_1/CHQ_1:Gene	CHQ_1_03475	CHQ_1_35:140694-141308	CHQ_1_03475
prokka_CHQ_1/CHQ_1:Gene	rcnA	CHQ_1_35:c142180-141353	CHQ_1_03476
prokka_CHQ_1/CHQ_1:Gene	rcnR	CHQ_1_35:142345-142617	CHQ_1_03477
prokka_CHQ_1/CHQ_1:Gene	pdeB	CHQ_1_35:c144239-142680	CHQ_1_03478
prokka_CHQ_1/CHQ_1:Gene	malK_2	CHQ_1_35:c145584-144475	CHQ_1_03479
prokka_CHQ_1/CHQ_1:Gene	cycB	CHQ_1_35:145940-147172	CHQ_1_03480
prokka_CHQ_1/CHQ_1:Gene	CHQ_1_03481	CHQ_1_35:147235-148542	CHQ_1_03481
prokka_CHQ_1/CHQ_1:Gene	malG_2	CHQ_1_35:148553-149404	CHQ_1_03482
prokka_CHQ_1/CHQ_1:Gene	ganB	CHQ_1_35:149409-150611	CHQ_1_03483
prokka_CHQ_1/CHQ_1:Gene	bglY	CHQ_1_35:150642-152699	CHQ_1_03484
prokka_CHQ_1/CHQ_1:Gene	CHQ_1_03485	CHQ_1_35:152764-153078	CHQ_1_03485
prokka_CHQ_1/CHQ_1:Gene	lamB_2	CHQ_1_35:c154486-153215	CHQ_1_03486
prokka_CHQ_1/CHQ_1:Gene	lacI_3	CHQ_1_35:154757-155827	CHQ_1_03487
prokka_CHQ_1/CHQ_1:Gene	rpmE2	CHQ_1_35:155944-156207	CHQ_1_03488
prokka_CHQ_1/CHQ_1:Gene	ykgO	CHQ_1_35:156207-156347	CHQ_1_03489
prokka_CHQ_1/CHQ_1:Gene	CHQ_1_03490	CHQ_1_35:c157042-156344	CHQ_1_03490
prokka_CHQ_1/CHQ_1:Gene	gabR_3	CHQ_1_35:157143-158600	CHQ_1_03491
prokka_CHQ_1/CHQ_1:Gene	ylaC	CHQ_1_35:c159039-158569	CHQ_1_03492
prokka_CHQ_1/CHQ_1:Gene	maa	CHQ_1_35:c159742-159176	CHQ_1_03493
prokka_CHQ_1/CHQ_1:Gene	hha	CHQ_1_35:c160119-159901	CHQ_1_03494
prokka_CHQ_1/CHQ_1:Gene	tomB	CHQ_1_35:c160520-160146	CHQ_1_03495
prokka_CHQ_1/CHQ_1:Gene	acrB_1	CHQ_1_35:c164151-161005	CHQ_1_03496
prokka_CHQ_1/CHQ_1:Gene	acrA	CHQ_1_35:c165259-164174	CHQ_1_03497
prokka_CHQ_1/CHQ_1:Gene	acrR_2	CHQ_1_35:165510-166160	CHQ_1_03498
prokka_CHQ_1/CHQ_1:Gene	mscK	CHQ_1_35:166289-169636	CHQ_1_03499
prokka_CHQ_1/CHQ_1:Gene	CHQ_1_03500	CHQ_1_35:c170583-169672	CHQ_1_03500
prokka_CHQ_1/CHQ_1:Gene	CHQ_1_03501	CHQ_1_35:c170824-170651	CHQ_1_03501
prokka_CHQ_1/CHQ_1:Gene	priC	CHQ_1_35:c171364-170837	CHQ_1_03502
prokka_CHQ_1/CHQ_1:Gene	ybaN	CHQ_1_35:171434-171811	CHQ_1_03503
prokka_CHQ_1/CHQ_1:Gene	apt	CHQ_1_35:171962-172513	CHQ_1_03504
prokka_CHQ_1/CHQ_1:Gene	dnaX	CHQ_1_35:172606-174513	CHQ_1_03505
prokka_CHQ_1/CHQ_1:Gene	ybaB	CHQ_1_35:174571-174903	CHQ_1_03506
prokka_CHQ_1/CHQ_1:Gene	recR	CHQ_1_35:174903-175508	CHQ_1_03507
prokka_CHQ_1/CHQ_1:Gene	htpG	CHQ_1_35:175620-177494	CHQ_1_03508
prokka_CHQ_1/CHQ_1:Gene	adk	CHQ_1_35:177717-178361	CHQ_1_03509
prokka_CHQ_1/CHQ_1:Gene	hemH	CHQ_1_35:178490-179452	CHQ_1_03510
prokka_CHQ_1/CHQ_1:Gene	gsk	CHQ_1_35:179516-180820	CHQ_1_03511
prokka_CHQ_1/CHQ_1:Gene	ybaL	CHQ_1_35:c182531-180855	CHQ_1_03512
prokka_CHQ_1/CHQ_1:Gene	fsr	CHQ_1_35:c183977-182757	CHQ_1_03513
prokka_CHQ_1/CHQ_1:Gene	ushA	CHQ_1_35:184246-185898	CHQ_1_03514
prokka_CHQ_1/CHQ_1:Gene	ybaK	CHQ_1_35:c186483-186004	CHQ_1_03515
prokka_CHQ_1/CHQ_1:Gene	CHQ_1_03516	CHQ_1_35:c187479-186685	CHQ_1_03516
prokka_CHQ_1/CHQ_1:Gene	copA_2	CHQ_1_35:c190113-187612	CHQ_1_03517
prokka_CHQ_1/CHQ_1:Gene	cueR	CHQ_1_35:190220-190630	CHQ_1_03518
prokka_CHQ_1/CHQ_1:Gene	ybbJ	CHQ_1_35:c191085-190627	CHQ_1_03519
prokka_CHQ_1/CHQ_1:Gene	qmcA	CHQ_1_35:c191999-191082	CHQ_1_03520
prokka_CHQ_1/CHQ_1:Gene	fetA	CHQ_1_35:192140-192817	CHQ_1_03521
prokka_CHQ_1/CHQ_1:Gene	fetB	CHQ_1_35:192804-193586	CHQ_1_03522
prokka_CHQ_1/CHQ_1:Gene	cnoX	CHQ_1_35:c194548-193694	CHQ_1_03523
prokka_CHQ_1/CHQ_1:Gene	CHQ_1_03524	CHQ_1_35:c195377-194607	CHQ_1_03524
prokka_CHQ_1/CHQ_1:Gene	tesA	CHQ_1_35:c195999-195406	CHQ_1_03525
prokka_CHQ_1/CHQ_1:Gene	CHQ_1_03526	CHQ_1_35:196000-196686	CHQ_1_03526
prokka_CHQ_1/CHQ_1:Gene	CHQ_1_03527	CHQ_1_35:196683-199097	CHQ_1_03527
prokka_CHQ_1/CHQ_1:Gene	CHQ_1_03528	CHQ_1_35:199279-200424	CHQ_1_03528
prokka_CHQ_1/CHQ_1:Gene	selU	CHQ_1_35:c201609-200533	CHQ_1_03529
prokka_CHQ_1/CHQ_1:Gene	purK	CHQ_1_35:c202788-201721	CHQ_1_03530
prokka_CHQ_1/CHQ_1:Gene	purE	CHQ_1_35:c203294-202785	CHQ_1_03531
prokka_CHQ_1/CHQ_1:Gene	CHQ_1_03532	CHQ_1_35:c203729-203391	CHQ_1_03532
prokka_CHQ_1/CHQ_1:Gene	lpxH	CHQ_1_35:c204559-203837	CHQ_1_03533
prokka_CHQ_1/CHQ_1:Gene	ppiB	CHQ_1_35:c205057-204563	CHQ_1_03534
prokka_CHQ_1/CHQ_1:Gene	cysS	CHQ_1_35:205233-206618	CHQ_1_03535
prokka_CHQ_1/CHQ_1:Gene	ybcJ	CHQ_1_35:c206876-206664	CHQ_1_03536
prokka_CHQ_1/CHQ_1:Gene	folD	CHQ_1_35:c207744-206878	CHQ_1_03537
prokka_CHQ_1/CHQ_1:Gene	CHQ_1_03538	CHQ_1_35:208084-208160	CHQ_1_03538
prokka_CHQ_1/CHQ_1:Gene	intS_2	CHQ_1_35:208326-209540	CHQ_1_03539
prokka_CHQ_1/CHQ_1:Gene	CHQ_1_03540	CHQ_1_35:209684-210409	CHQ_1_03540
prokka_CHQ_1/CHQ_1:Gene	CHQ_1_03541	CHQ_1_35:210637-210834	CHQ_1_03541
prokka_CHQ_1/CHQ_1:Gene	CHQ_1_03542	CHQ_1_35:210834-211268	CHQ_1_03542
prokka_CHQ_1/CHQ_1:Gene	CHQ_1_03543	CHQ_1_35:211282-212091	CHQ_1_03543
prokka_CHQ_1/CHQ_1:Gene	CHQ_1_03544	CHQ_1_35:212084-212263	CHQ_1_03544
prokka_CHQ_1/CHQ_1:Gene	CHQ_1_03545	CHQ_1_35:212260-213054	CHQ_1_03545
prokka_CHQ_1/CHQ_1:Gene	CHQ_1_03546	CHQ_1_35:213047-213226	CHQ_1_03546
prokka_CHQ_1/CHQ_1:Gene	CHQ_1_03547	CHQ_1_35:213223-213540	CHQ_1_03547
prokka_CHQ_1/CHQ_1:Gene	CHQ_1_03548	CHQ_1_35:213537-213800	CHQ_1_03548
prokka_CHQ_1/CHQ_1:Gene	CHQ_1_03549	CHQ_1_35:213797-214012	CHQ_1_03549
prokka_CHQ_1/CHQ_1:Gene	CHQ_1_03550	CHQ_1_35:214009-216123	CHQ_1_03550
prokka_CHQ_1/CHQ_1:Gene	CHQ_1_03551	CHQ_1_35:216430-217659	CHQ_1_03551
prokka_CHQ_1/CHQ_1:Gene	CHQ_1_03552	CHQ_1_35:217943-218326	CHQ_1_03552
prokka_CHQ_1/CHQ_1:Gene	CHQ_1_03553	CHQ_1_35:218338-218916	CHQ_1_03553
prokka_CHQ_1/CHQ_1:Gene	CHQ_1_03554	CHQ_1_35:219159-219470	CHQ_1_03554
prokka_CHQ_1/CHQ_1:Gene	CHQ_1_03555	CHQ_1_35:221057-221242	CHQ_1_03555
prokka_CHQ_1/CHQ_1:Gene	CHQ_1_03556	CHQ_1_35:221363-221905	CHQ_1_03556
prokka_CHQ_1/CHQ_1:Gene	CHQ_1_03557	CHQ_1_35:c222257-221898	CHQ_1_03557
prokka_CHQ_1/CHQ_1:Gene	CHQ_1_03558	CHQ_1_35:222755-223894	CHQ_1_03558
prokka_CHQ_1/CHQ_1:Gene	CHQ_1_03559	CHQ_1_35:c224895-224350	CHQ_1_03559
prokka_CHQ_1/CHQ_1:Gene	CHQ_1_03560	CHQ_1_35:225094-225288	CHQ_1_03560
prokka_CHQ_1/CHQ_1:Gene	CHQ_1_03561	CHQ_1_35:225320-227137	CHQ_1_03561
prokka_CHQ_1/CHQ_1:Gene	CHQ_1_03562	CHQ_1_35:227502-227960	CHQ_1_03562
prokka_CHQ_1/CHQ_1:Gene	CHQ_1_03563	CHQ_1_35:227963-228400	CHQ_1_03563
prokka_CHQ_1/CHQ_1:Gene	CHQ_1_03564	CHQ_1_35:c228666-228427	CHQ_1_03564
prokka_CHQ_1/CHQ_1:Gene	hiuH	CHQ_1_35:230348-230749	CHQ_1_03565
prokka_CHQ_1/CHQ_1:Gene	gltA_2	CHQ_1_35:231304-232608	CHQ_1_03566
prokka_CHQ_1/CHQ_1:Gene	CHQ_1_03567	CHQ_1_35:c233547-232681	CHQ_1_03567
prokka_CHQ_1/CHQ_1:Gene	lpxL_2	CHQ_1_35:234056-234976	CHQ_1_03568
prokka_CHQ_1/CHQ_1:Gene	CHQ_1_03569	CHQ_1_35:235077-235349	CHQ_1_03569
prokka_CHQ_1/CHQ_1:Gene	cadC	CHQ_1_35:235639-237207	CHQ_1_03570
prokka_CHQ_1/CHQ_1:Gene	cadB	CHQ_1_35:237573-238907	CHQ_1_03571
prokka_CHQ_1/CHQ_1:Gene	cadA	CHQ_1_35:238990-241137	CHQ_1_03572
prokka_CHQ_1/CHQ_1:Gene	dtpC	CHQ_1_35:241197-242672	CHQ_1_03573
prokka_CHQ_1/CHQ_1:Gene	lysU	CHQ_1_35:242992-244509	CHQ_1_03574
prokka_CHQ_1/CHQ_1:Gene	CHQ_1_03575	CHQ_1_35:c245066-244641	CHQ_1_03575
prokka_CHQ_1/CHQ_1:Gene	iolE_3	CHQ_1_35:245640-246560	CHQ_1_03576
prokka_CHQ_1/CHQ_1:Gene	iolG_3	CHQ_1_35:246557-247729	CHQ_1_03577
prokka_CHQ_1/CHQ_1:Gene	iolU_2	CHQ_1_35:247739-248770	CHQ_1_03578
prokka_CHQ_1/CHQ_1:Gene	iolG_4	CHQ_1_35:c250020-249013	CHQ_1_03579
prokka_CHQ_1/CHQ_1:Gene	CHQ_1_03580	CHQ_1_35:250124-251143	CHQ_1_03580
prokka_CHQ_1/CHQ_1:Gene	CHQ_1_03581	CHQ_1_35:c251497-251375	CHQ_1_03581
prokka_CHQ_1/CHQ_1:Gene	thpA_2	CHQ_1_35:251573-252496	CHQ_1_03582
prokka_CHQ_1/CHQ_1:Gene	mglA_2	CHQ_1_35:252529-254013	CHQ_1_03583
prokka_CHQ_1/CHQ_1:Gene	rbsC_6	CHQ_1_35:254024-255055	CHQ_1_03584
prokka_CHQ_1/CHQ_1:Gene	CHQ_1_03585	CHQ_1_35:255240-255881	CHQ_1_03585
prokka_CHQ_1/CHQ_1:Gene	cra_2	CHQ_1_35:c256901-255897	CHQ_1_03586
prokka_CHQ_1/CHQ_1:Gene	scrB	CHQ_1_35:c258331-256931	CHQ_1_03587
prokka_CHQ_1/CHQ_1:Gene	sacX	CHQ_1_35:c259701-258331	CHQ_1_03588
prokka_CHQ_1/CHQ_1:Gene	scrY_2	CHQ_1_35:c261323-259806	CHQ_1_03589
prokka_CHQ_1/CHQ_1:Gene	scrK	CHQ_1_35:c262411-261488	CHQ_1_03590
prokka_CHQ_1/CHQ_1:Gene	iprA_3	CHQ_1_35:262524-263291	CHQ_1_03591
prokka_CHQ_1/CHQ_1:Gene	yiaW_2	CHQ_1_35:263429-263773	CHQ_1_03592
prokka_CHQ_1/CHQ_1:Gene	yiaV_2	CHQ_1_35:263773-264915	CHQ_1_03593
prokka_CHQ_1/CHQ_1:Gene	fhuC_2	CHQ_1_35:c265754-265038	CHQ_1_03594
prokka_CHQ_1/CHQ_1:Gene	hmuU_2	CHQ_1_35:c266833-265751	CHQ_1_03595
prokka_CHQ_1/CHQ_1:Gene	btuF_2	CHQ_1_35:c267958-266840	CHQ_1_03596
prokka_CHQ_1/CHQ_1:Gene	CHQ_1_03597	CHQ_1_35:268228-268617	CHQ_1_03597
prokka_CHQ_1/CHQ_1:Gene	CHQ_1_03598	CHQ_1_35:268796-269251	CHQ_1_03598
prokka_CHQ_1/CHQ_1:Gene	CHQ_1_03599	CHQ_1_35:c269899-269312	CHQ_1_03599
prokka_CHQ_1/CHQ_1:Gene	hipO_2	CHQ_1_35:270133-271311	CHQ_1_03600
prokka_CHQ_1/CHQ_1:Gene	hisJ_2	CHQ_1_35:271331-272107	CHQ_1_03601
prokka_CHQ_1/CHQ_1:Gene	yajO_3	CHQ_1_35:272236-273189	CHQ_1_03602
prokka_CHQ_1/CHQ_1:Gene	CHQ_1_03603	CHQ_1_36:4-93	CHQ_1_03603
prokka_CHQ_1/CHQ_1:Gene	yjaB	CHQ_1_36:c743-288	CHQ_1_03604
prokka_CHQ_1/CHQ_1:Gene	metAS	CHQ_1_36:900-1829	CHQ_1_03605
prokka_CHQ_1/CHQ_1:Gene	aceB	CHQ_1_36:2090-3691	CHQ_1_03606
prokka_CHQ_1/CHQ_1:Gene	aceA	CHQ_1_36:3757-5076	CHQ_1_03607
prokka_CHQ_1/CHQ_1:Gene	aceK	CHQ_1_36:5179-6963	CHQ_1_03608
prokka_CHQ_1/CHQ_1:Gene	iclR	CHQ_1_36:c7844-7014	CHQ_1_03609
prokka_CHQ_1/CHQ_1:Gene	metH	CHQ_1_36:8039-11722	CHQ_1_03610
prokka_CHQ_1/CHQ_1:Gene	CHQ_1_03611	CHQ_1_36:11852-13483	CHQ_1_03611
prokka_CHQ_1/CHQ_1:Gene	pepE	CHQ_1_36:c14285-13596	CHQ_1_03612
prokka_CHQ_1/CHQ_1:Gene	rluF	CHQ_1_36:14484-15359	CHQ_1_03613
prokka_CHQ_1/CHQ_1:Gene	CHQ_1_03614	CHQ_1_36:c15628-15356	CHQ_1_03614
prokka_CHQ_1/CHQ_1:Gene	CHQ_1_03615	CHQ_1_36:15829-16185	CHQ_1_03615
prokka_CHQ_1/CHQ_1:Gene	CHQ_1_03616	CHQ_1_36:16182-16520	CHQ_1_03616
prokka_CHQ_1/CHQ_1:Gene	panS	CHQ_1_36:c16997-16557	CHQ_1_03617
prokka_CHQ_1/CHQ_1:Gene	rimO	CHQ_1_37:c1686-361	CHQ_1_03618
prokka_CHQ_1/CHQ_1:Gene	rafB_2	CHQ_1_37:c3163-1922	CHQ_1_03619
prokka_CHQ_1/CHQ_1:Gene	CHQ_1_03620	CHQ_1_37:3541-3924	CHQ_1_03620
prokka_CHQ_1/CHQ_1:Gene	yliI	CHQ_1_37:4040-5149	CHQ_1_03621
prokka_CHQ_1/CHQ_1:Gene	gstB_2	CHQ_1_37:c5778-5152	CHQ_1_03622
prokka_CHQ_1/CHQ_1:Gene	dacC	CHQ_1_37:6025-7236	CHQ_1_03623
prokka_CHQ_1/CHQ_1:Gene	deoR_2	CHQ_1_37:c8034-7276	CHQ_1_03624
prokka_CHQ_1/CHQ_1:Gene	ybjG_2	CHQ_1_37:c8730-8137	CHQ_1_03625
prokka_CHQ_1/CHQ_1:Gene	mdfA	CHQ_1_37:9057-10289	CHQ_1_03626
prokka_CHQ_1/CHQ_1:Gene	ybjI	CHQ_1_37:c11140-10328	CHQ_1_03627
prokka_CHQ_1/CHQ_1:Gene	ybjJ	CHQ_1_37:c12342-11140	CHQ_1_03628
prokka_CHQ_1/CHQ_1:Gene	rcdA	CHQ_1_37:12425-12988	CHQ_1_03629
prokka_CHQ_1/CHQ_1:Gene	xerC_6	CHQ_1_37:c14163-13111	CHQ_1_03630
prokka_CHQ_1/CHQ_1:Gene	CHQ_1_03631	CHQ_1_37:c16229-14235	CHQ_1_03631
prokka_CHQ_1/CHQ_1:Gene	CHQ_1_03632	CHQ_1_37:c16844-16254	CHQ_1_03632
prokka_CHQ_1/CHQ_1:Gene	CHQ_1_03633	CHQ_1_37:16940-17161	CHQ_1_03633
prokka_CHQ_1/CHQ_1:Gene	CHQ_1_03634	CHQ_1_37:17194-17703	CHQ_1_03634
prokka_CHQ_1/CHQ_1:Gene	CHQ_1_03635	CHQ_1_37:17711-17896	CHQ_1_03635
prokka_CHQ_1/CHQ_1:Gene	CHQ_1_03636	CHQ_1_37:18013-18216	CHQ_1_03636
prokka_CHQ_1/CHQ_1:Gene	CHQ_1_03637	CHQ_1_37:18284-18520	CHQ_1_03637
prokka_CHQ_1/CHQ_1:Gene	CHQ_1_03638	CHQ_1_37:18669-20039	CHQ_1_03638
prokka_CHQ_1/CHQ_1:Gene	CHQ_1_03639	CHQ_1_37:20155-20340	CHQ_1_03639
prokka_CHQ_1/CHQ_1:Gene	CHQ_1_03640	CHQ_1_37:20625-21272	CHQ_1_03640
prokka_CHQ_1/CHQ_1:Gene	CHQ_1_03641	CHQ_1_37:c22764-21742	CHQ_1_03641
prokka_CHQ_1/CHQ_1:Gene	CHQ_1_03642	CHQ_1_37:c23606-22764	CHQ_1_03642
prokka_CHQ_1/CHQ_1:Gene	CHQ_1_03643	CHQ_1_37:23838-25040	CHQ_1_03643
prokka_CHQ_1/CHQ_1:Gene	CHQ_1_03644	CHQ_1_37:25092-25688	CHQ_1_03644
prokka_CHQ_1/CHQ_1:Gene	CHQ_1_03645	CHQ_1_37:25685-26047	CHQ_1_03645
prokka_CHQ_1/CHQ_1:Gene	CHQ_1_03646	CHQ_1_37:26034-26540	CHQ_1_03646
prokka_CHQ_1/CHQ_1:Gene	CHQ_1_03647	CHQ_1_37:26537-27457	CHQ_1_03647
prokka_CHQ_1/CHQ_1:Gene	aspT_1	CHQ_1_37:c29670-27985	CHQ_1_03648
prokka_CHQ_1/CHQ_1:Gene	ybjM	CHQ_1_37:29938-30321	CHQ_1_03649
prokka_CHQ_1/CHQ_1:Gene	grxA	CHQ_1_37:c30591-30328	CHQ_1_03650
prokka_CHQ_1/CHQ_1:Gene	CHQ_1_03651	CHQ_1_37:30794-31081	CHQ_1_03651
prokka_CHQ_1/CHQ_1:Gene	nfsA	CHQ_1_37:31065-31787	CHQ_1_03652
prokka_CHQ_1/CHQ_1:Gene	rimK	CHQ_1_37:31902-32804	CHQ_1_03653
prokka_CHQ_1/CHQ_1:Gene	ybjN	CHQ_1_37:32893-33372	CHQ_1_03654
prokka_CHQ_1/CHQ_1:Gene	potF	CHQ_1_37:33721-34833	CHQ_1_03655
prokka_CHQ_1/CHQ_1:Gene	potA_4	CHQ_1_37:34962-36128	CHQ_1_03656
prokka_CHQ_1/CHQ_1:Gene	potH	CHQ_1_37:36139-37092	CHQ_1_03657
prokka_CHQ_1/CHQ_1:Gene	ydcV_2	CHQ_1_37:37089-37934	CHQ_1_03658
prokka_CHQ_1/CHQ_1:Gene	ybjO	CHQ_1_37:37992-38480	CHQ_1_03659
prokka_CHQ_1/CHQ_1:Gene	rlmC	CHQ_1_37:38522-39649	CHQ_1_03660
prokka_CHQ_1/CHQ_1:Gene	phoP_2	CHQ_1_37:39728-40444	CHQ_1_03661
prokka_CHQ_1/CHQ_1:Gene	sasA_5	CHQ_1_37:40441-41913	CHQ_1_03662
prokka_CHQ_1/CHQ_1:Gene	artJ_3	CHQ_1_37:c42728-41997	CHQ_1_03663
prokka_CHQ_1/CHQ_1:Gene	artM_2	CHQ_1_37:c43581-42913	CHQ_1_03664
prokka_CHQ_1/CHQ_1:Gene	artQ_2	CHQ_1_37:c44297-43581	CHQ_1_03665
prokka_CHQ_1/CHQ_1:Gene	artI	CHQ_1_37:c45056-44304	CHQ_1_03666
prokka_CHQ_1/CHQ_1:Gene	artP	CHQ_1_37:c45784-45056	CHQ_1_03667
prokka_CHQ_1/CHQ_1:Gene	ybjP	CHQ_1_37:c46526-46011	CHQ_1_03668
prokka_CHQ_1/CHQ_1:Gene	CHQ_1_03669	CHQ_1_37:c47049-46777	CHQ_1_03669
prokka_CHQ_1/CHQ_1:Gene	CHQ_1_03670	CHQ_1_37:47409-48548	CHQ_1_03670
prokka_CHQ_1/CHQ_1:Gene	amiD	CHQ_1_37:48580-49410	CHQ_1_03671
prokka_CHQ_1/CHQ_1:Gene	oleD	CHQ_1_37:c50420-49407	CHQ_1_03672
prokka_CHQ_1/CHQ_1:Gene	CHQ_1_03673	CHQ_1_37:c51950-50508	CHQ_1_03673
prokka_CHQ_1/CHQ_1:Gene	ltaE	CHQ_1_37:c52962-51961	CHQ_1_03674
prokka_CHQ_1/CHQ_1:Gene	poxB	CHQ_1_37:c54719-53001	CHQ_1_03675
prokka_CHQ_1/CHQ_1:Gene	CHQ_1_03676	CHQ_1_37:54871-55305	CHQ_1_03676
prokka_CHQ_1/CHQ_1:Gene	hcr	CHQ_1_37:c56480-55512	CHQ_1_03677
prokka_CHQ_1/CHQ_1:Gene	hcp	CHQ_1_37:c58176-56491	CHQ_1_03678
prokka_CHQ_1/CHQ_1:Gene	lysO	CHQ_1_37:c59186-58287	CHQ_1_03679
prokka_CHQ_1/CHQ_1:Gene	aqpZ	CHQ_1_37:c59996-59301	CHQ_1_03680
prokka_CHQ_1/CHQ_1:Gene	CHQ_1_03681	CHQ_1_37:60416-62074	CHQ_1_03681
prokka_CHQ_1/CHQ_1:Gene	macA_2	CHQ_1_37:62221-63336	CHQ_1_03682
prokka_CHQ_1/CHQ_1:Gene	macB	CHQ_1_37:63333-65273	CHQ_1_03683
prokka_CHQ_1/CHQ_1:Gene	cspD	CHQ_1_37:c65571-65350	CHQ_1_03684
prokka_CHQ_1/CHQ_1:Gene	clpS	CHQ_1_37:65897-66214	CHQ_1_03685
prokka_CHQ_1/CHQ_1:Gene	clpA	CHQ_1_37:66245-68524	CHQ_1_03686
prokka_CHQ_1/CHQ_1:Gene	infA	CHQ_1_37:c68866-68648	CHQ_1_03687
prokka_CHQ_1/CHQ_1:Gene	aat	CHQ_1_37:c69921-69217	CHQ_1_03688
prokka_CHQ_1/CHQ_1:Gene	msbA_1	CHQ_1_37:c71682-69961	CHQ_1_03689
prokka_CHQ_1/CHQ_1:Gene	cydD	CHQ_1_37:c73449-71683	CHQ_1_03690
prokka_CHQ_1/CHQ_1:Gene	trxB	CHQ_1_37:c74559-73564	CHQ_1_03691
prokka_CHQ_1/CHQ_1:Gene	lrp_1	CHQ_1_37:75065-75559	CHQ_1_03692
prokka_CHQ_1/CHQ_1:Gene	CHQ_1_03693	CHQ_1_37:75695-79963	CHQ_1_03693
prokka_CHQ_1/CHQ_1:Gene	lolA	CHQ_1_37:80086-80697	CHQ_1_03694
prokka_CHQ_1/CHQ_1:Gene	rarA	CHQ_1_37:80706-82049	CHQ_1_03695
prokka_CHQ_1/CHQ_1:Gene	serS	CHQ_1_37:82141-83433	CHQ_1_03696
prokka_CHQ_1/CHQ_1:Gene	dmsA_2	CHQ_1_37:83632-83814	CHQ_1_03697
prokka_CHQ_1/CHQ_1:Gene	dmsA_3	CHQ_1_37:83848-86070	CHQ_1_03698
prokka_CHQ_1/CHQ_1:Gene	dmsB_2	CHQ_1_37:86081-86698	CHQ_1_03699
prokka_CHQ_1/CHQ_1:Gene	dmsC_2	CHQ_1_37:86700-87563	CHQ_1_03700
prokka_CHQ_1/CHQ_1:Gene	ycaD_2	CHQ_1_37:87838-88986	CHQ_1_03701
prokka_CHQ_1/CHQ_1:Gene	pflA	CHQ_1_37:c89889-89149	CHQ_1_03702
prokka_CHQ_1/CHQ_1:Gene	pflB	CHQ_1_37:c92363-90081	CHQ_1_03703
prokka_CHQ_1/CHQ_1:Gene	focA	CHQ_1_37:c93272-92415	CHQ_1_03704
prokka_CHQ_1/CHQ_1:Gene	ycaO	CHQ_1_37:c95418-93658	CHQ_1_03705
prokka_CHQ_1/CHQ_1:Gene	CHQ_1_03706	CHQ_1_37:95534-96226	CHQ_1_03706
prokka_CHQ_1/CHQ_1:Gene	serC	CHQ_1_37:96415-97503	CHQ_1_03707
prokka_CHQ_1/CHQ_1:Gene	aroA_2	CHQ_1_37:97577-98860	CHQ_1_03708
prokka_CHQ_1/CHQ_1:Gene	cmk	CHQ_1_37:99035-99718	CHQ_1_03709
prokka_CHQ_1/CHQ_1:Gene	rpsA	CHQ_1_37:99852-101525	CHQ_1_03710
prokka_CHQ_1/CHQ_1:Gene	ihfB	CHQ_1_37:101677-101964	CHQ_1_03711
prokka_CHQ_1/CHQ_1:Gene	CHQ_1_03712	CHQ_1_37:102167-104431	CHQ_1_03712
prokka_CHQ_1/CHQ_1:Gene	msbA_2	CHQ_1_37:104468-106216	CHQ_1_03713
prokka_CHQ_1/CHQ_1:Gene	lpxK	CHQ_1_37:106213-107193	CHQ_1_03714
prokka_CHQ_1/CHQ_1:Gene	CHQ_1_03715	CHQ_1_37:107248-108477	CHQ_1_03715
prokka_CHQ_1/CHQ_1:Gene	CHQ_1_03716	CHQ_1_37:108541-108723	CHQ_1_03716
prokka_CHQ_1/CHQ_1:Gene	kdsB	CHQ_1_37:108720-109466	CHQ_1_03717
prokka_CHQ_1/CHQ_1:Gene	CHQ_1_03718	CHQ_1_37:109604-110497	CHQ_1_03718
prokka_CHQ_1/CHQ_1:Gene	CHQ_1_03719	CHQ_1_37:c111253-110474	CHQ_1_03719
prokka_CHQ_1/CHQ_1:Gene	cmoM	CHQ_1_37:111375-112175	CHQ_1_03720
prokka_CHQ_1/CHQ_1:Gene	mukF	CHQ_1_37:112172-113494	CHQ_1_03721
prokka_CHQ_1/CHQ_1:Gene	mukE	CHQ_1_37:113475-114179	CHQ_1_03722
prokka_CHQ_1/CHQ_1:Gene	mukB	CHQ_1_37:114179-118627	CHQ_1_03723
prokka_CHQ_1/CHQ_1:Gene	ycbB	CHQ_1_37:118828-120618	CHQ_1_03724
prokka_CHQ_1/CHQ_1:Gene	CHQ_1_03725	CHQ_1_37:c120770-120555	CHQ_1_03725
prokka_CHQ_1/CHQ_1:Gene	CHQ_1_03726	CHQ_1_37:120922-121473	CHQ_1_03726
prokka_CHQ_1/CHQ_1:Gene	gloC	CHQ_1_37:121487-122134	CHQ_1_03727
prokka_CHQ_1/CHQ_1:Gene	aspC	CHQ_1_37:c123391-122201	CHQ_1_03728
prokka_CHQ_1/CHQ_1:Gene	yedS	CHQ_1_37:c124661-123579	CHQ_1_03729
prokka_CHQ_1/CHQ_1:Gene	asnS	CHQ_1_37:c126653-125253	CHQ_1_03730
prokka_CHQ_1/CHQ_1:Gene	pncB	CHQ_1_37:c128021-126819	CHQ_1_03731
prokka_CHQ_1/CHQ_1:Gene	pepN	CHQ_1_37:128348-130963	CHQ_1_03732
prokka_CHQ_1/CHQ_1:Gene	ssuB_2	CHQ_1_37:c131941-131168	CHQ_1_03733
prokka_CHQ_1/CHQ_1:Gene	ssuC_2	CHQ_1_37:c132729-131938	CHQ_1_03734
prokka_CHQ_1/CHQ_1:Gene	ssuD	CHQ_1_37:c133885-132740	CHQ_1_03735
prokka_CHQ_1/CHQ_1:Gene	ssuA_3	CHQ_1_37:c134844-133882	CHQ_1_03736
prokka_CHQ_1/CHQ_1:Gene	ssuE	CHQ_1_37:c135412-134837	CHQ_1_03737
prokka_CHQ_1/CHQ_1:Gene	pyrD	CHQ_1_37:135661-136671	CHQ_1_03738
prokka_CHQ_1/CHQ_1:Gene	zapC	CHQ_1_37:136840-137382	CHQ_1_03739
prokka_CHQ_1/CHQ_1:Gene	ycbX	CHQ_1_37:c138488-137379	CHQ_1_03740
prokka_CHQ_1/CHQ_1:Gene	rlmL	CHQ_1_37:138588-140693	CHQ_1_03741
prokka_CHQ_1/CHQ_1:Gene	uup	CHQ_1_37:140706-142613	CHQ_1_03742
prokka_CHQ_1/CHQ_1:Gene	pqiA	CHQ_1_37:142628-143896	CHQ_1_03743
prokka_CHQ_1/CHQ_1:Gene	pqiB	CHQ_1_37:143886-145523	CHQ_1_03744
prokka_CHQ_1/CHQ_1:Gene	pqiC	CHQ_1_37:145523-146086	CHQ_1_03745
prokka_CHQ_1/CHQ_1:Gene	fabA	CHQ_1_37:c147093-146575	CHQ_1_03746
prokka_CHQ_1/CHQ_1:Gene	lon_2	CHQ_1_37:c148920-147163	CHQ_1_03747
prokka_CHQ_1/CHQ_1:Gene	matP	CHQ_1_37:149106-149558	CHQ_1_03748
prokka_CHQ_1/CHQ_1:Gene	ompA	CHQ_1_37:c150839-149769	CHQ_1_03749
prokka_CHQ_1/CHQ_1:Gene	sulA	CHQ_1_37:c151701-151192	CHQ_1_03750
prokka_CHQ_1/CHQ_1:Gene	sxy	CHQ_1_37:152050-152646	CHQ_1_03751
prokka_CHQ_1/CHQ_1:Gene	yccS	CHQ_1_37:c154792-152657	CHQ_1_03752
prokka_CHQ_1/CHQ_1:Gene	yccF	CHQ_1_37:c155256-154810	CHQ_1_03753
prokka_CHQ_1/CHQ_1:Gene	helD	CHQ_1_37:155381-157435	CHQ_1_03754
prokka_CHQ_1/CHQ_1:Gene	mgsA	CHQ_1_37:c157920-157447	CHQ_1_03755
prokka_CHQ_1/CHQ_1:Gene	yccU	CHQ_1_37:158060-158473	CHQ_1_03756
prokka_CHQ_1/CHQ_1:Gene	hspQ	CHQ_1_37:c158819-158502	CHQ_1_03757
prokka_CHQ_1/CHQ_1:Gene	rlmI	CHQ_1_37:c160081-158879	CHQ_1_03758
prokka_CHQ_1/CHQ_1:Gene	CHQ_1_03759	CHQ_1_37:160272-160826	CHQ_1_03759
prokka_CHQ_1/CHQ_1:Gene	appY	CHQ_1_37:160844-161632	CHQ_1_03760
prokka_CHQ_1/CHQ_1:Gene	yccX	CHQ_1_37:161681-161962	CHQ_1_03761
prokka_CHQ_1/CHQ_1:Gene	tusE	CHQ_1_37:c162288-161959	CHQ_1_03762
prokka_CHQ_1/CHQ_1:Gene	yccA	CHQ_1_37:c163035-162376	CHQ_1_03763
prokka_CHQ_1/CHQ_1:Gene	oppA_2	CHQ_1_37:163304-164956	CHQ_1_03764
prokka_CHQ_1/CHQ_1:Gene	CHQ_1_03765	CHQ_1_37:165076-165163	CHQ_1_03765
prokka_CHQ_1/CHQ_1:Gene	malP_3	CHQ_1_37:165465-167891	CHQ_1_03766
prokka_CHQ_1/CHQ_1:Gene	CHQ_1_03767	CHQ_1_37:167956-168297	CHQ_1_03767
prokka_CHQ_1/CHQ_1:Gene	pdeG	CHQ_1_37:c169876-168341	CHQ_1_03768
prokka_CHQ_1/CHQ_1:Gene	fbpA	CHQ_1_37:170277-171293	CHQ_1_03769
prokka_CHQ_1/CHQ_1:Gene	CHQ_1_03770	CHQ_1_37:171315-172889	CHQ_1_03770
prokka_CHQ_1/CHQ_1:Gene	fbpC	CHQ_1_37:172891-173919	CHQ_1_03771
prokka_CHQ_1/CHQ_1:Gene	CHQ_1_03772	CHQ_1_37:174164-175063	CHQ_1_03772
prokka_CHQ_1/CHQ_1:Gene	rhaR_4	CHQ_1_37:c175914-175081	CHQ_1_03773
prokka_CHQ_1/CHQ_1:Gene	CHQ_1_03774	CHQ_1_37:176176-176943	CHQ_1_03774
prokka_CHQ_1/CHQ_1:Gene	frwD	CHQ_1_37:c177298-176957	CHQ_1_03775
prokka_CHQ_1/CHQ_1:Gene	cutD_3	CHQ_1_37:c178189-177314	CHQ_1_03776
prokka_CHQ_1/CHQ_1:Gene	cutC_3	CHQ_1_37:c180452-178155	CHQ_1_03777
prokka_CHQ_1/CHQ_1:Gene	fruA_3	CHQ_1_37:c180823-180503	CHQ_1_03778
prokka_CHQ_1/CHQ_1:Gene	manP	CHQ_1_37:c181920-180844	CHQ_1_03779
prokka_CHQ_1/CHQ_1:Gene	fryA	CHQ_1_37:182230-184731	CHQ_1_03780
prokka_CHQ_1/CHQ_1:Gene	yeaX_1	CHQ_1_37:c185734-184769	CHQ_1_03781
prokka_CHQ_1/CHQ_1:Gene	gabD_1	CHQ_1_37:c187239-185791	CHQ_1_03782
prokka_CHQ_1/CHQ_1:Gene	yeaW	CHQ_1_37:c188382-187258	CHQ_1_03783
prokka_CHQ_1/CHQ_1:Gene	caiT	CHQ_1_37:c190026-188419	CHQ_1_03784
prokka_CHQ_1/CHQ_1:Gene	dmlA	CHQ_1_37:c191634-190549	CHQ_1_03785
prokka_CHQ_1/CHQ_1:Gene	dmlR_12	CHQ_1_37:191738-192679	CHQ_1_03786
prokka_CHQ_1/CHQ_1:Gene	puuB_2	CHQ_1_37:c193956-192676	CHQ_1_03787
prokka_CHQ_1/CHQ_1:Gene	puuC	CHQ_1_37:c195446-193959	CHQ_1_03788
prokka_CHQ_1/CHQ_1:Gene	puuR	CHQ_1_37:c196325-195768	CHQ_1_03789
prokka_CHQ_1/CHQ_1:Gene	puuD	CHQ_1_37:c197115-196351	CHQ_1_03790
prokka_CHQ_1/CHQ_1:Gene	puuA	CHQ_1_37:197329-198750	CHQ_1_03791
prokka_CHQ_1/CHQ_1:Gene	puuP	CHQ_1_37:199104-200495	CHQ_1_03792
prokka_CHQ_1/CHQ_1:Gene	CHQ_1_03793	CHQ_1_37:c200736-200614	CHQ_1_03793
prokka_CHQ_1/CHQ_1:Gene	CHQ_1_03794	CHQ_1_37:200993-201214	CHQ_1_03794
prokka_CHQ_1/CHQ_1:Gene	CHQ_1_03795	CHQ_1_37:c202022-201234	CHQ_1_03795
prokka_CHQ_1/CHQ_1:Gene	CHQ_1_03796	CHQ_1_37:c202587-202138	CHQ_1_03796
prokka_CHQ_1/CHQ_1:Gene	agp_2	CHQ_1_37:202740-203987	CHQ_1_03797
prokka_CHQ_1/CHQ_1:Gene	xerC_7	CHQ_1_37:c205090-204083	CHQ_1_03798
prokka_CHQ_1/CHQ_1:Gene	CHQ_1_03799	CHQ_1_37:c205480-205178	CHQ_1_03799
prokka_CHQ_1/CHQ_1:Gene	CHQ_1_03800	CHQ_1_37:205575-205907	CHQ_1_03800
prokka_CHQ_1/CHQ_1:Gene	CHQ_1_03801	CHQ_1_37:206033-206296	CHQ_1_03801
prokka_CHQ_1/CHQ_1:Gene	CHQ_1_03802	CHQ_1_37:206308-206547	CHQ_1_03802
prokka_CHQ_1/CHQ_1:Gene	CHQ_1_03803	CHQ_1_37:206544-206822	CHQ_1_03803
prokka_CHQ_1/CHQ_1:Gene	CHQ_1_03804	CHQ_1_37:206870-207115	CHQ_1_03804
prokka_CHQ_1/CHQ_1:Gene	CHQ_1_03805	CHQ_1_37:207112-207693	CHQ_1_03805
prokka_CHQ_1/CHQ_1:Gene	dam_4	CHQ_1_37:207702-208670	CHQ_1_03806
prokka_CHQ_1/CHQ_1:Gene	CHQ_1_03807	CHQ_1_37:208657-208830	CHQ_1_03807
prokka_CHQ_1/CHQ_1:Gene	CHQ_1_03808	CHQ_1_37:208841-208993	CHQ_1_03808
prokka_CHQ_1/CHQ_1:Gene	CHQ_1_03809	CHQ_1_37:209016-209177	CHQ_1_03809
prokka_CHQ_1/CHQ_1:Gene	CHQ_1_03810	CHQ_1_37:209208-209537	CHQ_1_03810
prokka_CHQ_1/CHQ_1:Gene	CHQ_1_03811	CHQ_1_37:209497-212145	CHQ_1_03811
prokka_CHQ_1/CHQ_1:Gene	CHQ_1_03812	CHQ_1_37:212730-213092	CHQ_1_03812
prokka_CHQ_1/CHQ_1:Gene	CHQ_1_03813	CHQ_1_37:c214602-213550	CHQ_1_03813
prokka_CHQ_1/CHQ_1:Gene	CHQ_1_03814	CHQ_1_37:c216323-214602	CHQ_1_03814
prokka_CHQ_1/CHQ_1:Gene	CHQ_1_03815	CHQ_1_37:216483-217316	CHQ_1_03815
prokka_CHQ_1/CHQ_1:Gene	CHQ_1_03816	CHQ_1_37:217341-218390	CHQ_1_03816
prokka_CHQ_1/CHQ_1:Gene	CHQ_1_03817	CHQ_1_37:218438-219352	CHQ_1_03817
prokka_CHQ_1/CHQ_1:Gene	CHQ_1_03818	CHQ_1_37:219455-219952	CHQ_1_03818
prokka_CHQ_1/CHQ_1:Gene	CHQ_1_03819	CHQ_1_37:219952-220152	CHQ_1_03819
prokka_CHQ_1/CHQ_1:Gene	CHQ_1_03820	CHQ_1_37:220143-220424	CHQ_1_03820
prokka_CHQ_1/CHQ_1:Gene	CHQ_1_03821	CHQ_1_37:220421-220972	CHQ_1_03821
prokka_CHQ_1/CHQ_1:Gene	CHQ_1_03822	CHQ_1_37:220969-221364	CHQ_1_03822
prokka_CHQ_1/CHQ_1:Gene	CHQ_1_03823	CHQ_1_37:221509-221967	CHQ_1_03823
prokka_CHQ_1/CHQ_1:Gene	CHQ_1_03824	CHQ_1_37:221964-222605	CHQ_1_03824
prokka_CHQ_1/CHQ_1:Gene	CHQ_1_03825	CHQ_1_37:222605-223189	CHQ_1_03825
prokka_CHQ_1/CHQ_1:Gene	CHQ_1_03826	CHQ_1_37:223186-223554	CHQ_1_03826
prokka_CHQ_1/CHQ_1:Gene	CHQ_1_03827	CHQ_1_37:223541-224440	CHQ_1_03827
prokka_CHQ_1/CHQ_1:Gene	CHQ_1_03828	CHQ_1_37:224433-225029	CHQ_1_03828
prokka_CHQ_1/CHQ_1:Gene	CHQ_1_03829	CHQ_1_37:c226089-225739	CHQ_1_03829
prokka_CHQ_1/CHQ_1:Gene	CHQ_1_03830	CHQ_1_38:c1031-330	CHQ_1_03830
prokka_CHQ_1/CHQ_1:Gene	CHQ_1_03831	CHQ_1_38:c1444-1079	CHQ_1_03831
prokka_CHQ_1/CHQ_1:Gene	CHQ_1_03832	CHQ_1_39:4-93	CHQ_1_03832
prokka_CHQ_1/CHQ_1:Gene	kgtP	CHQ_1_39:479-1777	CHQ_1_03833
prokka_CHQ_1/CHQ_1:Gene	CHQ_1_03834	CHQ_1_39:c2104-1781	CHQ_1_03834
prokka_CHQ_1/CHQ_1:Gene	pssA	CHQ_1_39:c3501-2146	CHQ_1_03835
prokka_CHQ_1/CHQ_1:Gene	pat_2	CHQ_1_39:c6273-3622	CHQ_1_03836
prokka_CHQ_1/CHQ_1:Gene	CHQ_1_03837	CHQ_1_39:c7006-6308	CHQ_1_03837
prokka_CHQ_1/CHQ_1:Gene	trxC	CHQ_1_39:c7501-7076	CHQ_1_03838
prokka_CHQ_1/CHQ_1:Gene	yfiF	CHQ_1_39:7705-8775	CHQ_1_03839
prokka_CHQ_1/CHQ_1:Gene	ung	CHQ_1_39:c9521-8832	CHQ_1_03840
prokka_CHQ_1/CHQ_1:Gene	grcA	CHQ_1_39:9833-10216	CHQ_1_03841
prokka_CHQ_1/CHQ_1:Gene	srmB	CHQ_1_39:c11594-10263	CHQ_1_03842
prokka_CHQ_1/CHQ_1:Gene	yfiC	CHQ_1_39:11726-12463	CHQ_1_03843
prokka_CHQ_1/CHQ_1:Gene	nadB	CHQ_1_39:c14067-12448	CHQ_1_03844
prokka_CHQ_1/CHQ_1:Gene	rpoE	CHQ_1_39:14488-15063	CHQ_1_03845
prokka_CHQ_1/CHQ_1:Gene	rseA	CHQ_1_39:15096-15746	CHQ_1_03846
prokka_CHQ_1/CHQ_1:Gene	rseB	CHQ_1_39:15746-16702	CHQ_1_03847
prokka_CHQ_1/CHQ_1:Gene	rseC	CHQ_1_39:16699-17178	CHQ_1_03848
prokka_CHQ_1/CHQ_1:Gene	lepA	CHQ_1_39:17364-19163	CHQ_1_03849
prokka_CHQ_1/CHQ_1:Gene	lepB	CHQ_1_39:19179-20153	CHQ_1_03850
prokka_CHQ_1/CHQ_1:Gene	rnc	CHQ_1_39:20403-21083	CHQ_1_03851
prokka_CHQ_1/CHQ_1:Gene	era	CHQ_1_39:21080-21985	CHQ_1_03852
prokka_CHQ_1/CHQ_1:Gene	recO	CHQ_1_39:21997-22734	CHQ_1_03853
prokka_CHQ_1/CHQ_1:Gene	pdxJ	CHQ_1_39:22746-23477	CHQ_1_03854
prokka_CHQ_1/CHQ_1:Gene	acpS	CHQ_1_39:23477-23857	CHQ_1_03855
prokka_CHQ_1/CHQ_1:Gene	yfhL	CHQ_1_39:c24130-23870	CHQ_1_03856
prokka_CHQ_1/CHQ_1:Gene	murR	CHQ_1_39:c25035-24187	CHQ_1_03857
prokka_CHQ_1/CHQ_1:Gene	pgpC	CHQ_1_39:25271-25882	CHQ_1_03858
prokka_CHQ_1/CHQ_1:Gene	tadA	CHQ_1_39:25945-26454	CHQ_1_03859
prokka_CHQ_1/CHQ_1:Gene	mltF_2	CHQ_1_39:c28067-26451	CHQ_1_03860
prokka_CHQ_1/CHQ_1:Gene	purL	CHQ_1_39:28243-32130	CHQ_1_03861
prokka_CHQ_1/CHQ_1:Gene	qseE	CHQ_1_39:32704-34143	CHQ_1_03862
prokka_CHQ_1/CHQ_1:Gene	qseG	CHQ_1_39:34173-34859	CHQ_1_03863
prokka_CHQ_1/CHQ_1:Gene	qseF	CHQ_1_39:34846-36183	CHQ_1_03864
prokka_CHQ_1/CHQ_1:Gene	glnB	CHQ_1_39:36249-36587	CHQ_1_03865
prokka_CHQ_1/CHQ_1:Gene	hmp	CHQ_1_39:c37852-36662	CHQ_1_03866
prokka_CHQ_1/CHQ_1:Gene	glyA	CHQ_1_39:38178-39431	CHQ_1_03867
prokka_CHQ_1/CHQ_1:Gene	yphA	CHQ_1_39:c39909-39487	CHQ_1_03868
prokka_CHQ_1/CHQ_1:Gene	hcaT	CHQ_1_39:40210-41346	CHQ_1_03869
prokka_CHQ_1/CHQ_1:Gene	CHQ_1_03870	CHQ_1_39:c42620-41343	CHQ_1_03870
prokka_CHQ_1/CHQ_1:Gene	CHQ_1_03871	CHQ_1_39:42745-43383	CHQ_1_03871
prokka_CHQ_1/CHQ_1:Gene	CHQ_1_03872	CHQ_1_39:43374-44354	CHQ_1_03872
prokka_CHQ_1/CHQ_1:Gene	CHQ_1_03873	CHQ_1_39:44454-45290	CHQ_1_03873
prokka_CHQ_1/CHQ_1:Gene	suhB_3	CHQ_1_39:c46140-45337	CHQ_1_03874
prokka_CHQ_1/CHQ_1:Gene	trmJ	CHQ_1_39:46261-46995	CHQ_1_03875
prokka_CHQ_1/CHQ_1:Gene	iscR	CHQ_1_39:47248-47739	CHQ_1_03876
prokka_CHQ_1/CHQ_1:Gene	iscS	CHQ_1_39:47918-49132	CHQ_1_03877
prokka_CHQ_1/CHQ_1:Gene	iscU	CHQ_1_39:49159-49545	CHQ_1_03878
prokka_CHQ_1/CHQ_1:Gene	iscA	CHQ_1_39:49563-49886	CHQ_1_03879
prokka_CHQ_1/CHQ_1:Gene	hscB	CHQ_1_39:49961-50476	CHQ_1_03880
prokka_CHQ_1/CHQ_1:Gene	hscA	CHQ_1_39:50492-52342	CHQ_1_03881
prokka_CHQ_1/CHQ_1:Gene	fdx	CHQ_1_39:52344-52679	CHQ_1_03882
prokka_CHQ_1/CHQ_1:Gene	iscX	CHQ_1_39:52681-52881	CHQ_1_03883
prokka_CHQ_1/CHQ_1:Gene	pepB	CHQ_1_39:52989-54275	CHQ_1_03884
prokka_CHQ_1/CHQ_1:Gene	CHQ_1_03885	CHQ_1_39:54372-55148	CHQ_1_03885
prokka_CHQ_1/CHQ_1:Gene	CHQ_1_03886	CHQ_1_39:c56057-55215	CHQ_1_03886
prokka_CHQ_1/CHQ_1:Gene	CHQ_1_03887	CHQ_1_39:c56656-56159	CHQ_1_03887
prokka_CHQ_1/CHQ_1:Gene	CHQ_1_03888	CHQ_1_39:c56811-56653	CHQ_1_03888
prokka_CHQ_1/CHQ_1:Gene	sseA	CHQ_1_39:c57829-56972	CHQ_1_03889
prokka_CHQ_1/CHQ_1:Gene	yfhM	CHQ_1_39:58036-62985	CHQ_1_03890
prokka_CHQ_1/CHQ_1:Gene	pbpC	CHQ_1_39:62986-65310	CHQ_1_03891
prokka_CHQ_1/CHQ_1:Gene	ndk	CHQ_1_39:65471-65902	CHQ_1_03892
prokka_CHQ_1/CHQ_1:Gene	rlmN	CHQ_1_39:66261-67427	CHQ_1_03893
prokka_CHQ_1/CHQ_1:Gene	rodZ	CHQ_1_39:67704-68696	CHQ_1_03894
prokka_CHQ_1/CHQ_1:Gene	ispG	CHQ_1_39:68723-69844	CHQ_1_03895
prokka_CHQ_1/CHQ_1:Gene	hisS	CHQ_1_39:69936-71210	CHQ_1_03896
prokka_CHQ_1/CHQ_1:Gene	CHQ_1_03897	CHQ_1_39:71245-71865	CHQ_1_03897
prokka_CHQ_1/CHQ_1:Gene	bamB	CHQ_1_39:71876-73054	CHQ_1_03898
prokka_CHQ_1/CHQ_1:Gene	der	CHQ_1_39:73168-74646	CHQ_1_03899
prokka_CHQ_1/CHQ_1:Gene	CHQ_1_03900	CHQ_1_39:74764-75843	CHQ_1_03900
prokka_CHQ_1/CHQ_1:Gene	yfgJ	CHQ_1_39:75893-76111	CHQ_1_03901
prokka_CHQ_1/CHQ_1:Gene	xseA	CHQ_1_39:c77486-76095	CHQ_1_03902
prokka_CHQ_1/CHQ_1:Gene	guaB	CHQ_1_39:77645-79111	CHQ_1_03903
prokka_CHQ_1/CHQ_1:Gene	guaA	CHQ_1_39:79179-80756	CHQ_1_03904
prokka_CHQ_1/CHQ_1:Gene	CHQ_1_03905	CHQ_1_39:c82115-80895	CHQ_1_03905
prokka_CHQ_1/CHQ_1:Gene	yofA	CHQ_1_39:82214-83101	CHQ_1_03906
prokka_CHQ_1/CHQ_1:Gene	yfgG	CHQ_1_39:c83372-83199	CHQ_1_03907
prokka_CHQ_1/CHQ_1:Gene	pdeF	CHQ_1_39:83743-85971	CHQ_1_03908
prokka_CHQ_1/CHQ_1:Gene	ppx	CHQ_1_39:c87559-86027	CHQ_1_03909
prokka_CHQ_1/CHQ_1:Gene	ppk	CHQ_1_39:c89623-87563	CHQ_1_03910
prokka_CHQ_1/CHQ_1:Gene	CHQ_1_03911	CHQ_1_39:89801-91468	CHQ_1_03911
prokka_CHQ_1/CHQ_1:Gene	yesR_2	CHQ_1_39:c92571-91474	CHQ_1_03912
prokka_CHQ_1/CHQ_1:Gene	yjmB	CHQ_1_39:c94054-92546	CHQ_1_03913
prokka_CHQ_1/CHQ_1:Gene	CHQ_1_03914	CHQ_1_39:94415-95755	CHQ_1_03914
prokka_CHQ_1/CHQ_1:Gene	purN	CHQ_1_39:c96447-95806	CHQ_1_03915
prokka_CHQ_1/CHQ_1:Gene	purM	CHQ_1_39:c97481-96444	CHQ_1_03916
prokka_CHQ_1/CHQ_1:Gene	bglK	CHQ_1_39:97745-98638	CHQ_1_03917
prokka_CHQ_1/CHQ_1:Gene	bglA_3	CHQ_1_39:98648-100078	CHQ_1_03918
prokka_CHQ_1/CHQ_1:Gene	upp	CHQ_1_39:100305-100931	CHQ_1_03919
prokka_CHQ_1/CHQ_1:Gene	uraA	CHQ_1_39:101018-102304	CHQ_1_03920
prokka_CHQ_1/CHQ_1:Gene	hda	CHQ_1_39:102427-103104	CHQ_1_03921
prokka_CHQ_1/CHQ_1:Gene	CHQ_1_03922	CHQ_1_39:c104012-103101	CHQ_1_03922
prokka_CHQ_1/CHQ_1:Gene	yfgD	CHQ_1_39:c104498-104139	CHQ_1_03923
prokka_CHQ_1/CHQ_1:Gene	bepA_1	CHQ_1_39:c105971-104508	CHQ_1_03924
prokka_CHQ_1/CHQ_1:Gene	yhhT_2	CHQ_1_39:106194-107258	CHQ_1_03925
prokka_CHQ_1/CHQ_1:Gene	bcp	CHQ_1_39:c107789-107319	CHQ_1_03926
prokka_CHQ_1/CHQ_1:Gene	gcvR	CHQ_1_39:c108359-107793	CHQ_1_03927
prokka_CHQ_1/CHQ_1:Gene	dapA_2	CHQ_1_39:108513-109391	CHQ_1_03928
prokka_CHQ_1/CHQ_1:Gene	bamC	CHQ_1_39:109408-110442	CHQ_1_03929
prokka_CHQ_1/CHQ_1:Gene	purC	CHQ_1_39:110671-111384	CHQ_1_03930
prokka_CHQ_1/CHQ_1:Gene	CHQ_1_03931	CHQ_1_39:111504-112379	CHQ_1_03931
prokka_CHQ_1/CHQ_1:Gene	tmcA	CHQ_1_39:112389-114392	CHQ_1_03932
prokka_CHQ_1/CHQ_1:Gene	CHQ_1_03933	CHQ_1_39:114469-115164	CHQ_1_03933
prokka_CHQ_1/CHQ_1:Gene	CHQ_1_03934	CHQ_1_39:c115416-115213	CHQ_1_03934
prokka_CHQ_1/CHQ_1:Gene	dapE	CHQ_1_39:c116570-115443	CHQ_1_03935
prokka_CHQ_1/CHQ_1:Gene	yffB	CHQ_1_39:c116927-116574	CHQ_1_03936
prokka_CHQ_1/CHQ_1:Gene	acrB_2	CHQ_1_39:c120594-117481	CHQ_1_03937
prokka_CHQ_1/CHQ_1:Gene	CHQ_1_03938	CHQ_1_39:120971-122953	CHQ_1_03938
prokka_CHQ_1/CHQ_1:Gene	nudK_2	CHQ_1_39:123012-123608	CHQ_1_03939
prokka_CHQ_1/CHQ_1:Gene	CHQ_1_03940	CHQ_1_39:123672-124718	CHQ_1_03940
prokka_CHQ_1/CHQ_1:Gene	tktB	CHQ_1_39:c126702-124708	CHQ_1_03941
prokka_CHQ_1/CHQ_1:Gene	tal	CHQ_1_39:c127675-126719	CHQ_1_03942
prokka_CHQ_1/CHQ_1:Gene	maeB	CHQ_1_39:127970-130249	CHQ_1_03943
prokka_CHQ_1/CHQ_1:Gene	eutS	CHQ_1_39:130468-130803	CHQ_1_03944
prokka_CHQ_1/CHQ_1:Gene	CHQ_1_03945	CHQ_1_39:130816-131295	CHQ_1_03945
prokka_CHQ_1/CHQ_1:Gene	eutQ	CHQ_1_39:131273-131953	CHQ_1_03946
prokka_CHQ_1/CHQ_1:Gene	CHQ_1_03947	CHQ_1_39:131950-132759	CHQ_1_03947
prokka_CHQ_1/CHQ_1:Gene	eutD	CHQ_1_39:132749-133765	CHQ_1_03948
prokka_CHQ_1/CHQ_1:Gene	eutM	CHQ_1_39:133804-134094	CHQ_1_03949
prokka_CHQ_1/CHQ_1:Gene	eutN	CHQ_1_39:134223-134510	CHQ_1_03950
prokka_CHQ_1/CHQ_1:Gene	proA_1	CHQ_1_39:134522-135925	CHQ_1_03951
prokka_CHQ_1/CHQ_1:Gene	ftsA_2	CHQ_1_39:135935-136774	CHQ_1_03952
prokka_CHQ_1/CHQ_1:Gene	mdh_2	CHQ_1_39:136764-137951	CHQ_1_03953
prokka_CHQ_1/CHQ_1:Gene	CHQ_1_03954	CHQ_1_39:138151-139383	CHQ_1_03954
prokka_CHQ_1/CHQ_1:Gene	CHQ_1_03955	CHQ_1_39:139380-140783	CHQ_1_03955
prokka_CHQ_1/CHQ_1:Gene	eutB_2	CHQ_1_39:140795-142156	CHQ_1_03956
prokka_CHQ_1/CHQ_1:Gene	eutC_2	CHQ_1_39:142177-143076	CHQ_1_03957
prokka_CHQ_1/CHQ_1:Gene	eutL	CHQ_1_39:143086-143745	CHQ_1_03958
prokka_CHQ_1/CHQ_1:Gene	eutK	CHQ_1_39:143757-144242	CHQ_1_03959
prokka_CHQ_1/CHQ_1:Gene	CHQ_1_03960	CHQ_1_39:144288-145340	CHQ_1_03960
prokka_CHQ_1/CHQ_1:Gene	hemF	CHQ_1_39:c146283-145384	CHQ_1_03961
prokka_CHQ_1/CHQ_1:Gene	amiA	CHQ_1_39:c147155-146283	CHQ_1_03962
prokka_CHQ_1/CHQ_1:Gene	ypeA	CHQ_1_39:147367-147792	CHQ_1_03963
prokka_CHQ_1/CHQ_1:Gene	yfeZ	CHQ_1_39:147779-148228	CHQ_1_03964
prokka_CHQ_1/CHQ_1:Gene	yfeY	CHQ_1_39:148290-148865	CHQ_1_03965
prokka_CHQ_1/CHQ_1:Gene	yfeX	CHQ_1_39:148960-149859	CHQ_1_03966
prokka_CHQ_1/CHQ_1:Gene	cysP	CHQ_1_39:150584-151600	CHQ_1_03967
prokka_CHQ_1/CHQ_1:Gene	cysT	CHQ_1_39:151600-152433	CHQ_1_03968
prokka_CHQ_1/CHQ_1:Gene	cysW	CHQ_1_39:152433-153308	CHQ_1_03969
prokka_CHQ_1/CHQ_1:Gene	cysA	CHQ_1_39:153298-154392	CHQ_1_03970
prokka_CHQ_1/CHQ_1:Gene	cysM	CHQ_1_39:154511-155422	CHQ_1_03971
prokka_CHQ_1/CHQ_1:Gene	yybH	CHQ_1_39:c155814-155419	CHQ_1_03972
prokka_CHQ_1/CHQ_1:Gene	ptsJ	CHQ_1_39:c157276-155978	CHQ_1_03973
prokka_CHQ_1/CHQ_1:Gene	pdxK	CHQ_1_39:157359-158225	CHQ_1_03974
prokka_CHQ_1/CHQ_1:Gene	CHQ_1_03975	CHQ_1_39:158222-158461	CHQ_1_03975
prokka_CHQ_1/CHQ_1:Gene	crr	CHQ_1_39:c159011-158502	CHQ_1_03976
prokka_CHQ_1/CHQ_1:Gene	ptsI	CHQ_1_39:c160781-159054	CHQ_1_03977
prokka_CHQ_1/CHQ_1:Gene	ptsH	CHQ_1_39:c161083-160826	CHQ_1_03978
prokka_CHQ_1/CHQ_1:Gene	cysK	CHQ_1_39:c162435-161464	CHQ_1_03979
prokka_CHQ_1/CHQ_1:Gene	cysZ	CHQ_1_39:c163373-162612	CHQ_1_03980
prokka_CHQ_1/CHQ_1:Gene	zipA	CHQ_1_39:163604-164665	CHQ_1_03981
prokka_CHQ_1/CHQ_1:Gene	ligA	CHQ_1_39:164735-166750	CHQ_1_03982
prokka_CHQ_1/CHQ_1:Gene	CHQ_1_03983	CHQ_1_39:166752-166970	CHQ_1_03983
prokka_CHQ_1/CHQ_1:Gene	CHQ_1_03984	CHQ_1_39:c167965-166967	CHQ_1_03984
prokka_CHQ_1/CHQ_1:Gene	cynR_2	CHQ_1_39:168054-168980	CHQ_1_03985
prokka_CHQ_1/CHQ_1:Gene	CHQ_1_03986	CHQ_1_39:c169300-169225	CHQ_1_03986
prokka_CHQ_1/CHQ_1:Gene	CHQ_1_03987	CHQ_1_39:c169380-169305	CHQ_1_03987
prokka_CHQ_1/CHQ_1:Gene	CHQ_1_03988	CHQ_1_39:c169502-169427	CHQ_1_03988
prokka_CHQ_1/CHQ_1:Gene	CHQ_1_03989	CHQ_1_39:c169623-169548	CHQ_1_03989
prokka_CHQ_1/CHQ_1:Gene	gltX	CHQ_1_39:169883-171301	CHQ_1_03990
prokka_CHQ_1/CHQ_1:Gene	CHQ_1_03991	CHQ_1_39:c171748-171356	CHQ_1_03991
prokka_CHQ_1/CHQ_1:Gene	CHQ_1_03992	CHQ_1_39:c172105-171752	CHQ_1_03992
prokka_CHQ_1/CHQ_1:Gene	CHQ_1_03993	CHQ_1_39:172325-172400	CHQ_1_03993
prokka_CHQ_1/CHQ_1:Gene	CHQ_1_03994	CHQ_1_39:172442-172517	CHQ_1_03994
prokka_CHQ_1/CHQ_1:Gene	pdeA	CHQ_1_39:172727-174898	CHQ_1_03995
prokka_CHQ_1/CHQ_1:Gene	nupC_2	CHQ_1_39:c176149-174947	CHQ_1_03996
prokka_CHQ_1/CHQ_1:Gene	mntH	CHQ_1_39:176495-177736	CHQ_1_03997
prokka_CHQ_1/CHQ_1:Gene	CHQ_1_03998	CHQ_1_39:c178153-177794	CHQ_1_03998
prokka_CHQ_1/CHQ_1:Gene	gpr	CHQ_1_39:c179276-178284	CHQ_1_03999
prokka_CHQ_1/CHQ_1:Gene	ipdC	CHQ_1_39:179457-181118	CHQ_1_04000
prokka_CHQ_1/CHQ_1:Gene	yfeO	CHQ_1_39:c182350-181115	CHQ_1_04001
prokka_CHQ_1/CHQ_1:Gene	glk	CHQ_1_39:182614-183579	CHQ_1_04002
prokka_CHQ_1/CHQ_1:Gene	ypdB	CHQ_1_39:c184371-183634	CHQ_1_04003
prokka_CHQ_1/CHQ_1:Gene	ypdA	CHQ_1_39:c186080-184383	CHQ_1_04004
prokka_CHQ_1/CHQ_1:Gene	alaC	CHQ_1_39:186463-187677	CHQ_1_04005
prokka_CHQ_1/CHQ_1:Gene	yycB	CHQ_1_39:c189352-188156	CHQ_1_04006
prokka_CHQ_1/CHQ_1:Gene	guaD_1	CHQ_1_39:c189807-189349	CHQ_1_04007
prokka_CHQ_1/CHQ_1:Gene	cynR_3	CHQ_1_39:189940-190848	CHQ_1_04008
prokka_CHQ_1/CHQ_1:Gene	CHQ_1_04009	CHQ_1_39:c191691-190879	CHQ_1_04009
prokka_CHQ_1/CHQ_1:Gene	CHQ_1_04010	CHQ_1_39:c192585-192103	CHQ_1_04010
prokka_CHQ_1/CHQ_1:Gene	dgcT_1	CHQ_1_39:c192994-192704	CHQ_1_04011
prokka_CHQ_1/CHQ_1:Gene	dgcT_2	CHQ_1_39:c194041-193013	CHQ_1_04012
prokka_CHQ_1/CHQ_1:Gene	CHQ_1_04013	CHQ_1_39:c194479-194405	CHQ_1_04013
prokka_CHQ_1/CHQ_1:Gene	intA_3	CHQ_1_39:194675-195850	CHQ_1_04014
prokka_CHQ_1/CHQ_1:Gene	CHQ_1_04015	CHQ_1_39:196197-196325	CHQ_1_04015
prokka_CHQ_1/CHQ_1:Gene	CHQ_1_04016	CHQ_1_39:c197597-196959	CHQ_1_04016
prokka_CHQ_1/CHQ_1:Gene	CHQ_1_04017	CHQ_1_39:c197809-197594	CHQ_1_04017
prokka_CHQ_1/CHQ_1:Gene	CHQ_1_04018	CHQ_1_39:c198183-197809	CHQ_1_04018
prokka_CHQ_1/CHQ_1:Gene	CHQ_1_04019	CHQ_1_39:c198520-198176	CHQ_1_04019
prokka_CHQ_1/CHQ_1:Gene	CHQ_1_04020	CHQ_1_39:c198651-198517	CHQ_1_04020
prokka_CHQ_1/CHQ_1:Gene	CHQ_1_04021	CHQ_1_39:c199433-198648	CHQ_1_04021
prokka_CHQ_1/CHQ_1:Gene	CHQ_1_04022	CHQ_1_39:c199732-199433	CHQ_1_04022
prokka_CHQ_1/CHQ_1:Gene	nimR_2	CHQ_1_40:c1365-592	CHQ_1_04023
prokka_CHQ_1/CHQ_1:Gene	CHQ_1_04024	CHQ_1_40:1485-2210	CHQ_1_04024
prokka_CHQ_1/CHQ_1:Gene	yjiE_2	CHQ_1_40:c3351-2425	CHQ_1_04025
prokka_CHQ_1/CHQ_1:Gene	tarD	CHQ_1_40:3534-4697	CHQ_1_04026
prokka_CHQ_1/CHQ_1:Gene	CHQ_1_04027	CHQ_1_40:4774-5619	CHQ_1_04027
prokka_CHQ_1/CHQ_1:Gene	abaQ	CHQ_1_40:5705-7048	CHQ_1_04028
prokka_CHQ_1/CHQ_1:Gene	pspA_1	CHQ_1_40:c8295-7660	CHQ_1_04029
prokka_CHQ_1/CHQ_1:Gene	nimR_3	CHQ_1_40:c9624-8857	CHQ_1_04030
prokka_CHQ_1/CHQ_1:Gene	CHQ_1_04031	CHQ_1_40:9734-10525	CHQ_1_04031
prokka_CHQ_1/CHQ_1:Gene	CHQ_1_04032	CHQ_1_40:c11558-10626	CHQ_1_04032
prokka_CHQ_1/CHQ_1:Gene	hyuA	CHQ_1_40:c12314-11571	CHQ_1_04033
prokka_CHQ_1/CHQ_1:Gene	CHQ_1_04034	CHQ_1_40:c13030-12314	CHQ_1_04034
prokka_CHQ_1/CHQ_1:Gene	pucI	CHQ_1_40:13175-14671	CHQ_1_04035
prokka_CHQ_1/CHQ_1:Gene	guaD_2	CHQ_1_40:14773-16083	CHQ_1_04036
prokka_CHQ_1/CHQ_1:Gene	CHQ_1_04037	CHQ_1_40:c17097-16147	CHQ_1_04037
prokka_CHQ_1/CHQ_1:Gene	dgcM	CHQ_1_40:c18502-17210	CHQ_1_04038
prokka_CHQ_1/CHQ_1:Gene	CHQ_1_04039	CHQ_1_40:18846-19898	CHQ_1_04039
prokka_CHQ_1/CHQ_1:Gene	iolE_4	CHQ_1_40:20089-21012	CHQ_1_04040
prokka_CHQ_1/CHQ_1:Gene	ntdC	CHQ_1_40:21026-22198	CHQ_1_04041
prokka_CHQ_1/CHQ_1:Gene	CHQ_1_04042	CHQ_1_40:c23341-22235	CHQ_1_04042
prokka_CHQ_1/CHQ_1:Gene	CHQ_1_04043	CHQ_1_40:c24351-23407	CHQ_1_04043
prokka_CHQ_1/CHQ_1:Gene	CHQ_1_04044	CHQ_1_40:c25491-24370	CHQ_1_04044
prokka_CHQ_1/CHQ_1:Gene	tenA	CHQ_1_40:25882-26577	CHQ_1_04045
prokka_CHQ_1/CHQ_1:Gene	ssuB_3	CHQ_1_40:26574-27302	CHQ_1_04046
prokka_CHQ_1/CHQ_1:Gene	ribX_1	CHQ_1_40:27299-28039	CHQ_1_04047
prokka_CHQ_1/CHQ_1:Gene	CHQ_1_04048	CHQ_1_40:28064-28999	CHQ_1_04048
prokka_CHQ_1/CHQ_1:Gene	dat	CHQ_1_40:29309-30691	CHQ_1_04049
prokka_CHQ_1/CHQ_1:Gene	ddc	CHQ_1_40:30710-32182	CHQ_1_04050
prokka_CHQ_1/CHQ_1:Gene	hdfR_3	CHQ_1_40:32405-33286	CHQ_1_04051
prokka_CHQ_1/CHQ_1:Gene	dipZ	CHQ_1_40:c34704-33514	CHQ_1_04052
prokka_CHQ_1/CHQ_1:Gene	rcsC_4	CHQ_1_40:c36150-34807	CHQ_1_04053
prokka_CHQ_1/CHQ_1:Gene	ompR_3	CHQ_1_40:c36866-36147	CHQ_1_04054
prokka_CHQ_1/CHQ_1:Gene	dhmA	CHQ_1_40:c37945-36953	CHQ_1_04055
prokka_CHQ_1/CHQ_1:Gene	CHQ_1_04056	CHQ_1_40:38188-39207	CHQ_1_04056
prokka_CHQ_1/CHQ_1:Gene	pqqB	CHQ_1_40:39470-40396	CHQ_1_04057
prokka_CHQ_1/CHQ_1:Gene	pqqC	CHQ_1_40:40390-41145	CHQ_1_04058
prokka_CHQ_1/CHQ_1:Gene	pqqD	CHQ_1_40:41148-41426	CHQ_1_04059
prokka_CHQ_1/CHQ_1:Gene	pqqE	CHQ_1_40:41413-42555	CHQ_1_04060
prokka_CHQ_1/CHQ_1:Gene	CHQ_1_04061	CHQ_1_40:42555-44840	CHQ_1_04061
prokka_CHQ_1/CHQ_1:Gene	ipuF	CHQ_1_40:c45574-44837	CHQ_1_04062
prokka_CHQ_1/CHQ_1:Gene	mrdA_2	CHQ_1_40:c47595-45685	CHQ_1_04063
prokka_CHQ_1/CHQ_1:Gene	leuE_1	CHQ_1_40:c48449-47817	CHQ_1_04064
prokka_CHQ_1/CHQ_1:Gene	katG	CHQ_1_40:48890-51067	CHQ_1_04065
prokka_CHQ_1/CHQ_1:Gene	zapE_2	CHQ_1_40:c52161-51100	CHQ_1_04066
prokka_CHQ_1/CHQ_1:Gene	mgtC	CHQ_1_40:c52938-52258	CHQ_1_04067
prokka_CHQ_1/CHQ_1:Gene	ydjE	CHQ_1_40:53538-54944	CHQ_1_04068
prokka_CHQ_1/CHQ_1:Gene	oxyR_5	CHQ_1_40:c55834-54953	CHQ_1_04069
prokka_CHQ_1/CHQ_1:Gene	ydeP	CHQ_1_40:c58281-55981	CHQ_1_04070
prokka_CHQ_1/CHQ_1:Gene	CHQ_1_04071	CHQ_1_40:c59520-58603	CHQ_1_04071
prokka_CHQ_1/CHQ_1:Gene	mneP	CHQ_1_40:c60705-59764	CHQ_1_04072
prokka_CHQ_1/CHQ_1:Gene	CHQ_1_04073	CHQ_1_40:60928-61614	CHQ_1_04073
prokka_CHQ_1/CHQ_1:Gene	CHQ_1_04074	CHQ_1_40:c62485-61616	CHQ_1_04074
prokka_CHQ_1/CHQ_1:Gene	osmC	CHQ_1_40:c63030-62599	CHQ_1_04075
prokka_CHQ_1/CHQ_1:Gene	CHQ_1_04076	CHQ_1_40:c63291-63145	CHQ_1_04076
prokka_CHQ_1/CHQ_1:Gene	ygiW_2	CHQ_1_40:c63711-63307	CHQ_1_04077
prokka_CHQ_1/CHQ_1:Gene	CHQ_1_04078	CHQ_1_40:63856-64359	CHQ_1_04078
prokka_CHQ_1/CHQ_1:Gene	CHQ_1_04079	CHQ_1_40:64368-64814	CHQ_1_04079
prokka_CHQ_1/CHQ_1:Gene	CHQ_1_04080	CHQ_1_40:c64921-64826	CHQ_1_04080
prokka_CHQ_1/CHQ_1:Gene	hcaB	CHQ_1_40:65135-66130	CHQ_1_04081
prokka_CHQ_1/CHQ_1:Gene	treS	CHQ_1_40:c67752-66127	CHQ_1_04082
prokka_CHQ_1/CHQ_1:Gene	CHQ_1_04083	CHQ_1_40:c67965-67792	CHQ_1_04083
prokka_CHQ_1/CHQ_1:Gene	yciE_1	CHQ_1_40:c68488-67982	CHQ_1_04084
prokka_CHQ_1/CHQ_1:Gene	CHQ_1_04085	CHQ_1_40:c68727-68512	CHQ_1_04085
prokka_CHQ_1/CHQ_1:Gene	yghA	CHQ_1_40:69938-70852	CHQ_1_04086
prokka_CHQ_1/CHQ_1:Gene	CHQ_1_04087	CHQ_1_40:71043-71288	CHQ_1_04087
prokka_CHQ_1/CHQ_1:Gene	dmlR_13	CHQ_1_40:c72249-71356	CHQ_1_04088
prokka_CHQ_1/CHQ_1:Gene	CHQ_1_04089	CHQ_1_40:72364-73215	CHQ_1_04089
prokka_CHQ_1/CHQ_1:Gene	sra	CHQ_1_40:73393-73533	CHQ_1_04090
prokka_CHQ_1/CHQ_1:Gene	maeA_2	CHQ_1_40:73716-75413	CHQ_1_04091
prokka_CHQ_1/CHQ_1:Gene	CHQ_1_04092	CHQ_1_40:75597-76304	CHQ_1_04092
prokka_CHQ_1/CHQ_1:Gene	CHQ_1_04093	CHQ_1_40:76305-76991	CHQ_1_04093
prokka_CHQ_1/CHQ_1:Gene	yheS_2	CHQ_1_40:77352-79064	CHQ_1_04094
prokka_CHQ_1/CHQ_1:Gene	CHQ_1_04095	CHQ_1_40:c80051-79098	CHQ_1_04095
prokka_CHQ_1/CHQ_1:Gene	ppa_2	CHQ_1_40:c80794-80195	CHQ_1_04096
prokka_CHQ_1/CHQ_1:Gene	adhP	CHQ_1_40:81048-82058	CHQ_1_04097
prokka_CHQ_1/CHQ_1:Gene	CHQ_1_04098	CHQ_1_40:82216-83838	CHQ_1_04098
prokka_CHQ_1/CHQ_1:Gene	gsiC_3	CHQ_1_40:83849-84793	CHQ_1_04099
prokka_CHQ_1/CHQ_1:Gene	ddpC_3	CHQ_1_40:84790-85638	CHQ_1_04100
prokka_CHQ_1/CHQ_1:Gene	gsiA_2	CHQ_1_40:85635-87251	CHQ_1_04101
prokka_CHQ_1/CHQ_1:Gene	luxA	CHQ_1_40:87251-88237	CHQ_1_04102
prokka_CHQ_1/CHQ_1:Gene	CHQ_1_04103	CHQ_1_40:88247-89338	CHQ_1_04103
prokka_CHQ_1/CHQ_1:Gene	araJ	CHQ_1_40:c90499-89345	CHQ_1_04104
prokka_CHQ_1/CHQ_1:Gene	CHQ_1_04105	CHQ_1_40:90778-91215	CHQ_1_04105
prokka_CHQ_1/CHQ_1:Gene	CHQ_1_04106	CHQ_1_40:91301-92119	CHQ_1_04106
prokka_CHQ_1/CHQ_1:Gene	fdnI	CHQ_1_40:c93515-92859	CHQ_1_04107
prokka_CHQ_1/CHQ_1:Gene	fdnH	CHQ_1_40:c94392-93508	CHQ_1_04108
prokka_CHQ_1/CHQ_1:Gene	fdnG_1	CHQ_1_40:c96815-94404	CHQ_1_04109
prokka_CHQ_1/CHQ_1:Gene	fdnG_2	CHQ_1_40:c97451-96864	CHQ_1_04110
prokka_CHQ_1/CHQ_1:Gene	yddG	CHQ_1_40:97677-98555	CHQ_1_04111
prokka_CHQ_1/CHQ_1:Gene	lvr	CHQ_1_40:c99325-98552	CHQ_1_04112
prokka_CHQ_1/CHQ_1:Gene	benC	CHQ_1_40:c100351-99335	CHQ_1_04113
prokka_CHQ_1/CHQ_1:Gene	cbdB	CHQ_1_40:c100846-100361	CHQ_1_04114
prokka_CHQ_1/CHQ_1:Gene	cbdA	CHQ_1_40:c102228-100846	CHQ_1_04115
prokka_CHQ_1/CHQ_1:Gene	catA	CHQ_1_40:c103264-102338	CHQ_1_04116
prokka_CHQ_1/CHQ_1:Gene	catC	CHQ_1_40:c103624-103334	CHQ_1_04117
prokka_CHQ_1/CHQ_1:Gene	catB	CHQ_1_40:c104762-103644	CHQ_1_04118
prokka_CHQ_1/CHQ_1:Gene	pcaR_2	CHQ_1_40:105018-105815	CHQ_1_04119
prokka_CHQ_1/CHQ_1:Gene	smvA	CHQ_1_40:c107309-105810	CHQ_1_04120
prokka_CHQ_1/CHQ_1:Gene	CHQ_1_04121	CHQ_1_40:107468-108004	CHQ_1_04121
prokka_CHQ_1/CHQ_1:Gene	narU	CHQ_1_40:108180-109562	CHQ_1_04122
prokka_CHQ_1/CHQ_1:Gene	narZ	CHQ_1_40:109676-113416	CHQ_1_04123
prokka_CHQ_1/CHQ_1:Gene	narY	CHQ_1_40:113413-114957	CHQ_1_04124
prokka_CHQ_1/CHQ_1:Gene	narW	CHQ_1_40:114957-115652	CHQ_1_04125
prokka_CHQ_1/CHQ_1:Gene	narV	CHQ_1_40:115649-116329	CHQ_1_04126
prokka_CHQ_1/CHQ_1:Gene	nhoA	CHQ_1_40:c117725-116880	CHQ_1_04127
prokka_CHQ_1/CHQ_1:Gene	CHQ_1_04128	CHQ_1_40:c119457-117802	CHQ_1_04128
prokka_CHQ_1/CHQ_1:Gene	CHQ_1_04129	CHQ_1_40:c120481-119513	CHQ_1_04129
prokka_CHQ_1/CHQ_1:Gene	msiK	CHQ_1_40:c121179-120478	CHQ_1_04130
prokka_CHQ_1/CHQ_1:Gene	CHQ_1_04131	CHQ_1_40:121394-121975	CHQ_1_04131
prokka_CHQ_1/CHQ_1:Gene	rhaS_10	CHQ_1_40:c122855-122031	CHQ_1_04132
prokka_CHQ_1/CHQ_1:Gene	CHQ_1_04133	CHQ_1_40:123060-124628	CHQ_1_04133
prokka_CHQ_1/CHQ_1:Gene	xylP	CHQ_1_40:124652-126034	CHQ_1_04134
prokka_CHQ_1/CHQ_1:Gene	scrY_3	CHQ_1_40:126078-127694	CHQ_1_04135
prokka_CHQ_1/CHQ_1:Gene	pptA	CHQ_1_40:c127961-127734	CHQ_1_04136
prokka_CHQ_1/CHQ_1:Gene	gstB_3	CHQ_1_40:c128649-128032	CHQ_1_04137
prokka_CHQ_1/CHQ_1:Gene	CHQ_1_04138	CHQ_1_40:c129620-128727	CHQ_1_04138
prokka_CHQ_1/CHQ_1:Gene	glnQ_8	CHQ_1_40:c130396-129617	CHQ_1_04139
prokka_CHQ_1/CHQ_1:Gene	CHQ_1_04140	CHQ_1_40:c131306-130380	CHQ_1_04140
prokka_CHQ_1/CHQ_1:Gene	CHQ_1_04141	CHQ_1_40:c131825-131316	CHQ_1_04141
prokka_CHQ_1/CHQ_1:Gene	CHQ_1_04142	CHQ_1_40:c132769-131837	CHQ_1_04142
prokka_CHQ_1/CHQ_1:Gene	moxC	CHQ_1_40:c134100-132787	CHQ_1_04143
prokka_CHQ_1/CHQ_1:Gene	scmP	CHQ_1_40:c135246-134125	CHQ_1_04144
prokka_CHQ_1/CHQ_1:Gene	CHQ_1_04145	CHQ_1_40:c136243-135236	CHQ_1_04145
prokka_CHQ_1/CHQ_1:Gene	CHQ_1_04146	CHQ_1_40:c136886-136335	CHQ_1_04146
prokka_CHQ_1/CHQ_1:Gene	CHQ_1_04147	CHQ_1_40:c137472-137080	CHQ_1_04147
prokka_CHQ_1/CHQ_1:Gene	dapF_2	CHQ_1_40:c138774-137869	CHQ_1_04148
prokka_CHQ_1/CHQ_1:Gene	ansP2	CHQ_1_40:139337-140791	CHQ_1_04149
prokka_CHQ_1/CHQ_1:Gene	ygdR_5	CHQ_1_40:c141063-140842	CHQ_1_04150
prokka_CHQ_1/CHQ_1:Gene	yncE_2	CHQ_1_40:c142273-141212	CHQ_1_04151
prokka_CHQ_1/CHQ_1:Gene	cntO_2	CHQ_1_40:142531-144636	CHQ_1_04152
prokka_CHQ_1/CHQ_1:Gene	CHQ_1_04153	CHQ_1_40:c145004-144705	CHQ_1_04153
prokka_CHQ_1/CHQ_1:Gene	rihA	CHQ_1_40:145282-146217	CHQ_1_04154
prokka_CHQ_1/CHQ_1:Gene	curA	CHQ_1_40:c147317-146280	CHQ_1_04155
prokka_CHQ_1/CHQ_1:Gene	CHQ_1_04156	CHQ_1_40:c147964-147383	CHQ_1_04156
prokka_CHQ_1/CHQ_1:Gene	mnaT	CHQ_1_40:148125-148643	CHQ_1_04157
prokka_CHQ_1/CHQ_1:Gene	ydcZ	CHQ_1_40:148640-149089	CHQ_1_04158
prokka_CHQ_1/CHQ_1:Gene	ydcY	CHQ_1_40:c149331-149098	CHQ_1_04159
prokka_CHQ_1/CHQ_1:Gene	dppA_2	CHQ_1_40:c150946-149348	CHQ_1_04160
prokka_CHQ_1/CHQ_1:Gene	vdh	CHQ_1_40:151219-152652	CHQ_1_04161
prokka_CHQ_1/CHQ_1:Gene	menH_6	CHQ_1_40:c153414-152665	CHQ_1_04162
prokka_CHQ_1/CHQ_1:Gene	ortT	CHQ_1_40:c153676-153503	CHQ_1_04163
prokka_CHQ_1/CHQ_1:Gene	CHQ_1_04164	CHQ_1_40:153872-153964	CHQ_1_04164
prokka_CHQ_1/CHQ_1:Gene	CHQ_1_04165	CHQ_1_40:c154267-154016	CHQ_1_04165
prokka_CHQ_1/CHQ_1:Gene	CHQ_1_04166	CHQ_1_40:154755-154877	CHQ_1_04166
prokka_CHQ_1/CHQ_1:Gene	prr	CHQ_1_40:c156645-155218	CHQ_1_04167
prokka_CHQ_1/CHQ_1:Gene	ydcV_3	CHQ_1_40:c157474-156668	CHQ_1_04168
prokka_CHQ_1/CHQ_1:Gene	ydcU	CHQ_1_40:c158393-157464	CHQ_1_04169
prokka_CHQ_1/CHQ_1:Gene	potA_5	CHQ_1_40:c159408-158395	CHQ_1_04170
prokka_CHQ_1/CHQ_1:Gene	ydcS	CHQ_1_40:c160570-159425	CHQ_1_04171
prokka_CHQ_1/CHQ_1:Gene	lysN_2	CHQ_1_40:c162288-160876	CHQ_1_04172
prokka_CHQ_1/CHQ_1:Gene	cydA_2	CHQ_1_40:163009-164406	CHQ_1_04173
prokka_CHQ_1/CHQ_1:Gene	cydB_2	CHQ_1_40:164406-165416	CHQ_1_04174
prokka_CHQ_1/CHQ_1:Gene	CHQ_1_04175	CHQ_1_40:165416-165541	CHQ_1_04175
prokka_CHQ_1/CHQ_1:Gene	CHQ_1_04176	CHQ_1_40:165638-165922	CHQ_1_04176
prokka_CHQ_1/CHQ_1:Gene	CHQ_1_04177	CHQ_1_40:166072-166305	CHQ_1_04177
prokka_CHQ_1/CHQ_1:Gene	rlhA_2	CHQ_1_40:c168279-166318	CHQ_1_04178
prokka_CHQ_1/CHQ_1:Gene	sutR_2	CHQ_1_40:c169060-168491	CHQ_1_04179
prokka_CHQ_1/CHQ_1:Gene	ydcO	CHQ_1_40:169245-170411	CHQ_1_04180
prokka_CHQ_1/CHQ_1:Gene	rhaR_5	CHQ_1_40:c171257-170388	CHQ_1_04181
prokka_CHQ_1/CHQ_1:Gene	CHQ_1_04182	CHQ_1_40:171443-172339	CHQ_1_04182
prokka_CHQ_1/CHQ_1:Gene	CHQ_1_04183	CHQ_1_40:c173055-172387	CHQ_1_04183
prokka_CHQ_1/CHQ_1:Gene	tehB	CHQ_1_40:c173914-173318	CHQ_1_04184
prokka_CHQ_1/CHQ_1:Gene	tehA	CHQ_1_40:c174915-173911	CHQ_1_04185
prokka_CHQ_1/CHQ_1:Gene	CHQ_1_04186	CHQ_1_40:175027-176007	CHQ_1_04186
prokka_CHQ_1/CHQ_1:Gene	rimL	CHQ_1_40:c176571-175993	CHQ_1_04187
prokka_CHQ_1/CHQ_1:Gene	mdoD	CHQ_1_40:c178279-176624	CHQ_1_04188
prokka_CHQ_1/CHQ_1:Gene	pnbA	CHQ_1_40:c180103-178598	CHQ_1_04189
prokka_CHQ_1/CHQ_1:Gene	CHQ_1_04190	CHQ_1_40:c181488-180145	CHQ_1_04190
prokka_CHQ_1/CHQ_1:Gene	pcaH	CHQ_1_40:181728-182468	CHQ_1_04191
prokka_CHQ_1/CHQ_1:Gene	pcaG	CHQ_1_40:182465-183085	CHQ_1_04192
prokka_CHQ_1/CHQ_1:Gene	gbpR	CHQ_1_40:183263-184186	CHQ_1_04193
prokka_CHQ_1/CHQ_1:Gene	quiA	CHQ_1_40:184464-186836	CHQ_1_04194
prokka_CHQ_1/CHQ_1:Gene	frmA	CHQ_1_40:c188023-186905	CHQ_1_04195
prokka_CHQ_1/CHQ_1:Gene	frmR	CHQ_1_40:c188323-188048	CHQ_1_04196
prokka_CHQ_1/CHQ_1:Gene	cybB	CHQ_1_40:c188955-188428	CHQ_1_04197
prokka_CHQ_1/CHQ_1:Gene	CHQ_1_04198	CHQ_1_40:189199-189567	CHQ_1_04198
prokka_CHQ_1/CHQ_1:Gene	CHQ_1_04199	CHQ_1_40:c189762-189577	CHQ_1_04199
prokka_CHQ_1/CHQ_1:Gene	CHQ_1_04200	CHQ_1_40:c190457-189993	CHQ_1_04200
prokka_CHQ_1/CHQ_1:Gene	CHQ_1_04201	CHQ_1_40:190588-191805	CHQ_1_04201
prokka_CHQ_1/CHQ_1:Gene	add	CHQ_1_40:191963-192964	CHQ_1_04202
prokka_CHQ_1/CHQ_1:Gene	ydgJ_1	CHQ_1_40:c194040-193000	CHQ_1_04203
prokka_CHQ_1/CHQ_1:Gene	bglC	CHQ_1_40:194484-195854	CHQ_1_04204
prokka_CHQ_1/CHQ_1:Gene	ydgT	CHQ_1_40:196070-196285	CHQ_1_04205
prokka_CHQ_1/CHQ_1:Gene	ydgK	CHQ_1_40:196361-196801	CHQ_1_04206
prokka_CHQ_1/CHQ_1:Gene	rsxA	CHQ_1_40:196880-197461	CHQ_1_04207
prokka_CHQ_1/CHQ_1:Gene	rsxB	CHQ_1_40:197461-198039	CHQ_1_04208
prokka_CHQ_1/CHQ_1:Gene	rsxC_2	CHQ_1_40:198032-200191	CHQ_1_04209
prokka_CHQ_1/CHQ_1:Gene	rsxD	CHQ_1_40:200192-201244	CHQ_1_04210
prokka_CHQ_1/CHQ_1:Gene	rsxG	CHQ_1_40:201252-201875	CHQ_1_04211
prokka_CHQ_1/CHQ_1:Gene	rsxE	CHQ_1_40:201878-202576	CHQ_1_04212
prokka_CHQ_1/CHQ_1:Gene	nth	CHQ_1_40:202578-203213	CHQ_1_04213
prokka_CHQ_1/CHQ_1:Gene	dtpA	CHQ_1_40:203816-205321	CHQ_1_04214
prokka_CHQ_1/CHQ_1:Gene	gstA	CHQ_1_40:205432-206037	CHQ_1_04215
prokka_CHQ_1/CHQ_1:Gene	pdxY	CHQ_1_40:c206940-206080	CHQ_1_04216
prokka_CHQ_1/CHQ_1:Gene	tyrS	CHQ_1_40:c208276-207002	CHQ_1_04217
prokka_CHQ_1/CHQ_1:Gene	pdxH	CHQ_1_40:c209063-208401	CHQ_1_04218
prokka_CHQ_1/CHQ_1:Gene	mliC	CHQ_1_40:c209474-209115	CHQ_1_04219
prokka_CHQ_1/CHQ_1:Gene	anmK	CHQ_1_40:c210655-209531	CHQ_1_04220
prokka_CHQ_1/CHQ_1:Gene	slyB	CHQ_1_40:210924-211391	CHQ_1_04221
prokka_CHQ_1/CHQ_1:Gene	CHQ_1_04222	CHQ_1_40:211615-212976	CHQ_1_04222
prokka_CHQ_1/CHQ_1:Gene	slyA_2	CHQ_1_40:c213445-213011	CHQ_1_04223
prokka_CHQ_1/CHQ_1:Gene	CHQ_1_04224	CHQ_1_40:213624-213860	CHQ_1_04224
prokka_CHQ_1/CHQ_1:Gene	aaeA_2	CHQ_1_40:213871-214767	CHQ_1_04225
prokka_CHQ_1/CHQ_1:Gene	aaeB_2	CHQ_1_40:214767-216791	CHQ_1_04226
prokka_CHQ_1/CHQ_1:Gene	sodC	CHQ_1_40:c217305-216784	CHQ_1_04227
prokka_CHQ_1/CHQ_1:Gene	ydhF	CHQ_1_40:c218271-217375	CHQ_1_04228
prokka_CHQ_1/CHQ_1:Gene	CHQ_1_04229	CHQ_1_40:c218559-218320	CHQ_1_04229
prokka_CHQ_1/CHQ_1:Gene	nemR	CHQ_1_40:218702-219301	CHQ_1_04230
prokka_CHQ_1/CHQ_1:Gene	nemA_1	CHQ_1_40:219355-220452	CHQ_1_04231
prokka_CHQ_1/CHQ_1:Gene	gloA	CHQ_1_40:220531-220938	CHQ_1_04232
prokka_CHQ_1/CHQ_1:Gene	rnt	CHQ_1_40:221076-221723	CHQ_1_04233
prokka_CHQ_1/CHQ_1:Gene	grxD	CHQ_1_40:c222118-221771	CHQ_1_04234
prokka_CHQ_1/CHQ_1:Gene	mepH	CHQ_1_40:222459-223331	CHQ_1_04235
prokka_CHQ_1/CHQ_1:Gene	rhaS_11	CHQ_1_40:c223771-223286	CHQ_1_04236
prokka_CHQ_1/CHQ_1:Gene	sodB	CHQ_1_40:224253-224834	CHQ_1_04237
prokka_CHQ_1/CHQ_1:Gene	ydhP_1	CHQ_1_40:c226063-224894	CHQ_1_04238
prokka_CHQ_1/CHQ_1:Gene	CHQ_1_04239	CHQ_1_40:c226323-226231	CHQ_1_04239
prokka_CHQ_1/CHQ_1:Gene	purR_2	CHQ_1_40:226616-227641	CHQ_1_04240
prokka_CHQ_1/CHQ_1:Gene	yahB	CHQ_1_40:c228571-227660	CHQ_1_04241
prokka_CHQ_1/CHQ_1:Gene	ydhC	CHQ_1_40:228684-229865	CHQ_1_04242
prokka_CHQ_1/CHQ_1:Gene	cfa	CHQ_1_40:230160-231308	CHQ_1_04243
prokka_CHQ_1/CHQ_1:Gene	ribC	CHQ_1_40:c231979-231344	CHQ_1_04244
prokka_CHQ_1/CHQ_1:Gene	mdtK	CHQ_1_40:232209-233582	CHQ_1_04245
prokka_CHQ_1/CHQ_1:Gene	asr	CHQ_1_40:233760-234110	CHQ_1_04246
prokka_CHQ_1/CHQ_1:Gene	CHQ_1_04247	CHQ_1_40:c234828-234250	CHQ_1_04247
prokka_CHQ_1/CHQ_1:Gene	CHQ_1_04248	CHQ_1_40:235082-235158	CHQ_1_04248
prokka_CHQ_1/CHQ_1:Gene	CHQ_1_04249	CHQ_1_40:235163-235239	CHQ_1_04249
prokka_CHQ_1/CHQ_1:Gene	CHQ_1_04250	CHQ_1_40:235244-235320	CHQ_1_04250
prokka_CHQ_1/CHQ_1:Gene	ydfG_2	CHQ_1_40:c236194-235442	CHQ_1_04251
prokka_CHQ_1/CHQ_1:Gene	CHQ_1_04252	CHQ_1_40:236292-237212	CHQ_1_04252
prokka_CHQ_1/CHQ_1:Gene	gcvA_5	CHQ_1_40:c238098-237214	CHQ_1_04253
prokka_CHQ_1/CHQ_1:Gene	CHQ_1_04254	CHQ_1_40:238255-238770	CHQ_1_04254
prokka_CHQ_1/CHQ_1:Gene	CHQ_1_04255	CHQ_1_40:238778-239614	CHQ_1_04255
prokka_CHQ_1/CHQ_1:Gene	CHQ_1_04256	CHQ_1_40:c239851-239702	CHQ_1_04256
prokka_CHQ_1/CHQ_1:Gene	CHQ_1_04257	CHQ_1_40:240252-240686	CHQ_1_04257
prokka_CHQ_1/CHQ_1:Gene	CHQ_1_04258	CHQ_1_40:240732-241448	CHQ_1_04258
prokka_CHQ_1/CHQ_1:Gene	CHQ_1_04259	CHQ_1_40:241533-241742	CHQ_1_04259
prokka_CHQ_1/CHQ_1:Gene	adhT	CHQ_1_40:241895-242911	CHQ_1_04260
prokka_CHQ_1/CHQ_1:Gene	cynT	CHQ_1_40:c243594-242959	CHQ_1_04261
prokka_CHQ_1/CHQ_1:Gene	rhtC_3	CHQ_1_40:243844-244473	CHQ_1_04262
prokka_CHQ_1/CHQ_1:Gene	glpR_3	CHQ_1_40:c245247-244477	CHQ_1_04263
prokka_CHQ_1/CHQ_1:Gene	CHQ_1_04264	CHQ_1_40:245338-245721	CHQ_1_04264
prokka_CHQ_1/CHQ_1:Gene	cat3	CHQ_1_40:245753-246436	CHQ_1_04265
prokka_CHQ_1/CHQ_1:Gene	sfnC_2	CHQ_1_40:246707-247933	CHQ_1_04266
prokka_CHQ_1/CHQ_1:Gene	metP	CHQ_1_40:247935-248609	CHQ_1_04267
prokka_CHQ_1/CHQ_1:Gene	metQ_4	CHQ_1_40:248641-249417	CHQ_1_04268
prokka_CHQ_1/CHQ_1:Gene	metN2_2	CHQ_1_40:249470-250513	CHQ_1_04269
prokka_CHQ_1/CHQ_1:Gene	appA	CHQ_1_40:250662-252365	CHQ_1_04270
prokka_CHQ_1/CHQ_1:Gene	gsiC_4	CHQ_1_40:252410-253369	CHQ_1_04271
prokka_CHQ_1/CHQ_1:Gene	gsiD_3	CHQ_1_40:253369-254316	CHQ_1_04272
prokka_CHQ_1/CHQ_1:Gene	ddpD	CHQ_1_40:254313-255293	CHQ_1_04273
prokka_CHQ_1/CHQ_1:Gene	oppF_3	CHQ_1_40:255290-256261	CHQ_1_04274
prokka_CHQ_1/CHQ_1:Gene	CHQ_1_04275	CHQ_1_40:256630-257157	CHQ_1_04275
prokka_CHQ_1/CHQ_1:Gene	CHQ_1_04276	CHQ_1_40:257275-257763	CHQ_1_04276
prokka_CHQ_1/CHQ_1:Gene	CHQ_1_04277	CHQ_1_40:c258850-257777	CHQ_1_04277
prokka_CHQ_1/CHQ_1:Gene	stp	CHQ_1_40:c260542-259010	CHQ_1_04278
prokka_CHQ_1/CHQ_1:Gene	pgrR_4	CHQ_1_40:260659-261576	CHQ_1_04279
prokka_CHQ_1/CHQ_1:Gene	CHQ_1_04280	CHQ_1_40:c263164-261638	CHQ_1_04280
prokka_CHQ_1/CHQ_1:Gene	fabG_6	CHQ_1_40:c263949-263179	CHQ_1_04281
prokka_CHQ_1/CHQ_1:Gene	srkA_2	CHQ_1_40:264397-265428	CHQ_1_04282
prokka_CHQ_1/CHQ_1:Gene	dgdA	CHQ_1_40:265418-266755	CHQ_1_04283
prokka_CHQ_1/CHQ_1:Gene	glpR_4	CHQ_1_40:266848-267630	CHQ_1_04284
prokka_CHQ_1/CHQ_1:Gene	vldW_3	CHQ_1_40:c268636-267647	CHQ_1_04285
prokka_CHQ_1/CHQ_1:Gene	CHQ_1_04286	CHQ_1_40:c270075-268657	CHQ_1_04286
prokka_CHQ_1/CHQ_1:Gene	ribY	CHQ_1_40:c271076-270087	CHQ_1_04287
prokka_CHQ_1/CHQ_1:Gene	hdfR_4	CHQ_1_40:c272270-271371	CHQ_1_04288
prokka_CHQ_1/CHQ_1:Gene	yeaX_2	CHQ_1_40:272478-273446	CHQ_1_04289
prokka_CHQ_1/CHQ_1:Gene	codAch2	CHQ_1_40:273458-274741	CHQ_1_04290
prokka_CHQ_1/CHQ_1:Gene	rutC_4	CHQ_1_40:274731-275213	CHQ_1_04291
prokka_CHQ_1/CHQ_1:Gene	crnA	CHQ_1_40:275206-276087	CHQ_1_04292
prokka_CHQ_1/CHQ_1:Gene	CHQ_1_04293	CHQ_1_40:276087-277070	CHQ_1_04293
prokka_CHQ_1/CHQ_1:Gene	btuD_7	CHQ_1_40:277067-277897	CHQ_1_04294
prokka_CHQ_1/CHQ_1:Gene	ribX_2	CHQ_1_40:277899-278714	CHQ_1_04295
prokka_CHQ_1/CHQ_1:Gene	CHQ_1_04296	CHQ_1_40:278744-280162	CHQ_1_04296
prokka_CHQ_1/CHQ_1:Gene	CHQ_1_04297	CHQ_1_40:280437-281801	CHQ_1_04297
prokka_CHQ_1/CHQ_1:Gene	CHQ_1_04298	CHQ_1_40:281910-282392	CHQ_1_04298
prokka_CHQ_1/CHQ_1:Gene	srpC_2	CHQ_1_40:c283896-282529	CHQ_1_04299
prokka_CHQ_1/CHQ_1:Gene	chrB1	CHQ_1_40:c284824-283865	CHQ_1_04300
prokka_CHQ_1/CHQ_1:Gene	rfnT	CHQ_1_40:c286132-284954	CHQ_1_04301
prokka_CHQ_1/CHQ_1:Gene	CHQ_1_04302	CHQ_1_40:c286581-286345	CHQ_1_04302
prokka_CHQ_1/CHQ_1:Gene	CHQ_1_04303	CHQ_1_40:286642-287103	CHQ_1_04303
prokka_CHQ_1/CHQ_1:Gene	CHQ_1_04304	CHQ_1_40:287340-288557	CHQ_1_04304
prokka_CHQ_1/CHQ_1:Gene	CHQ_1_04305	CHQ_1_40:c289526-288618	CHQ_1_04305
prokka_CHQ_1/CHQ_1:Gene	CHQ_1_04306	CHQ_1_40:289816-289956	CHQ_1_04306
prokka_CHQ_1/CHQ_1:Gene	hcaR_3	CHQ_1_40:c290891-290001	CHQ_1_04307
prokka_CHQ_1/CHQ_1:Gene	scoA	CHQ_1_40:291032-291739	CHQ_1_04308
prokka_CHQ_1/CHQ_1:Gene	scoB	CHQ_1_40:291741-292397	CHQ_1_04309
prokka_CHQ_1/CHQ_1:Gene	thlA_2	CHQ_1_40:292407-293588	CHQ_1_04310
prokka_CHQ_1/CHQ_1:Gene	hbd	CHQ_1_40:293600-294523	CHQ_1_04311
prokka_CHQ_1/CHQ_1:Gene	CHQ_1_04312	CHQ_1_40:294571-295962	CHQ_1_04312
prokka_CHQ_1/CHQ_1:Gene	bdhA	CHQ_1_40:295986-296756	CHQ_1_04313
prokka_CHQ_1/CHQ_1:Gene	benM_1	CHQ_1_40:c297648-296776	CHQ_1_04314
prokka_CHQ_1/CHQ_1:Gene	budA	CHQ_1_40:297755-298534	CHQ_1_04315
prokka_CHQ_1/CHQ_1:Gene	budB	CHQ_1_40:298544-300223	CHQ_1_04316
prokka_CHQ_1/CHQ_1:Gene	budC	CHQ_1_40:300247-301017	CHQ_1_04317
prokka_CHQ_1/CHQ_1:Gene	CHQ_1_04318	CHQ_1_41:c557-482	CHQ_1_04318
prokka_CHQ_1/CHQ_1:Gene	CHQ_1_04319	CHQ_1_41:c637-563	CHQ_1_04319
prokka_CHQ_1/CHQ_1:Gene	CHQ_1_04320	CHQ_1_41:c837-753	CHQ_1_04320
prokka_CHQ_1/CHQ_1:Gene	CHQ_1_04321	CHQ_1_41:c923-848	CHQ_1_04321
prokka_CHQ_1/CHQ_1:Gene	coaA	CHQ_1_41:1378-2304	CHQ_1_04322
prokka_CHQ_1/CHQ_1:Gene	birA	CHQ_1_41:c3293-2331	CHQ_1_04323
prokka_CHQ_1/CHQ_1:Gene	murB	CHQ_1_41:c4318-3290	CHQ_1_04324
prokka_CHQ_1/CHQ_1:Gene	CHQ_1_04325	CHQ_1_41:c4851-4741	CHQ_1_04325
prokka_CHQ_1/CHQ_1:Gene	CHQ_1_04326	CHQ_1_42:c1118-453	CHQ_1_04326
prokka_CHQ_1/CHQ_1:Gene	CHQ_1_04327	CHQ_1_42:c2083-1214	CHQ_1_04327
prokka_CHQ_1/CHQ_1:Gene	CHQ_1_04328	CHQ_1_42:2600-3061	CHQ_1_04328
prokka_CHQ_1/CHQ_1:Gene	phoE	CHQ_1_42:c4158-3106	CHQ_1_04329
prokka_CHQ_1/CHQ_1:Gene	proB	CHQ_1_42:4448-5551	CHQ_1_04330
prokka_CHQ_1/CHQ_1:Gene	proA_2	CHQ_1_42:5562-6815	CHQ_1_04331
prokka_CHQ_1/CHQ_1:Gene	CHQ_1_04332	CHQ_1_42:6929-7004	CHQ_1_04332
prokka_CHQ_1/CHQ_1:Gene	CHQ_1_04333	CHQ_1_42:c8626-8012	CHQ_1_04333
prokka_CHQ_1/CHQ_1:Gene	CHQ_1_04334	CHQ_1_42:c9348-8905	CHQ_1_04334
prokka_CHQ_1/CHQ_1:Gene	CHQ_1_04335	CHQ_1_42:9922-10722	CHQ_1_04335
prokka_CHQ_1/CHQ_1:Gene	CHQ_1_04336	CHQ_1_42:10689-11189	CHQ_1_04336
prokka_CHQ_1/CHQ_1:Gene	fimH_2	CHQ_1_42:c12290-11343	CHQ_1_04337
prokka_CHQ_1/CHQ_1:Gene	fimG_2	CHQ_1_42:c12808-12305	CHQ_1_04338
prokka_CHQ_1/CHQ_1:Gene	fimF_2	CHQ_1_42:c13345-12821	CHQ_1_04339
prokka_CHQ_1/CHQ_1:Gene	fimD_4	CHQ_1_42:c15993-13360	CHQ_1_04340
prokka_CHQ_1/CHQ_1:Gene	fimC_3	CHQ_1_42:c16779-16069	CHQ_1_04341
prokka_CHQ_1/CHQ_1:Gene	fimA_3	CHQ_1_42:c17374-16832	CHQ_1_04342
prokka_CHQ_1/CHQ_1:Gene	fimA_4	CHQ_1_42:c18019-17447	CHQ_1_04343
prokka_CHQ_1/CHQ_1:Gene	CHQ_1_04344	CHQ_1_42:18856-18969	CHQ_1_04344
prokka_CHQ_1/CHQ_1:Gene	pknK	CHQ_1_42:c21858-19093	CHQ_1_04345
prokka_CHQ_1/CHQ_1:Gene	acoA	CHQ_1_42:22114-23073	CHQ_1_04346
prokka_CHQ_1/CHQ_1:Gene	acoB	CHQ_1_42:23085-24104	CHQ_1_04347
prokka_CHQ_1/CHQ_1:Gene	CHQ_1_04348	CHQ_1_42:24108-25643	CHQ_1_04348
prokka_CHQ_1/CHQ_1:Gene	lpd	CHQ_1_42:25633-27030	CHQ_1_04349
prokka_CHQ_1/CHQ_1:Gene	CHQ_1_04350	CHQ_1_42:27208-27459	CHQ_1_04350
prokka_CHQ_1/CHQ_1:Gene	lsrF_2	CHQ_1_42:27970-28761	CHQ_1_04351
prokka_CHQ_1/CHQ_1:Gene	glpP	CHQ_1_42:28776-29327	CHQ_1_04352
prokka_CHQ_1/CHQ_1:Gene	lyx_2	CHQ_1_42:29348-30886	CHQ_1_04353
prokka_CHQ_1/CHQ_1:Gene	fabG_7	CHQ_1_42:30898-31659	CHQ_1_04354
prokka_CHQ_1/CHQ_1:Gene	CHQ_1_04355	CHQ_1_42:31676-32671	CHQ_1_04355
prokka_CHQ_1/CHQ_1:Gene	gatC_2	CHQ_1_42:32760-34022	CHQ_1_04356
prokka_CHQ_1/CHQ_1:Gene	gstB_4	CHQ_1_42:34240-34878	CHQ_1_04357
prokka_CHQ_1/CHQ_1:Gene	yjhP	CHQ_1_42:c35668-34919	CHQ_1_04358
prokka_CHQ_1/CHQ_1:Gene	CHQ_1_04359	CHQ_1_42:c35983-35726	CHQ_1_04359
prokka_CHQ_1/CHQ_1:Gene	glaH	CHQ_1_42:36447-37424	CHQ_1_04360
prokka_CHQ_1/CHQ_1:Gene	lhgD	CHQ_1_42:37452-38720	CHQ_1_04361
prokka_CHQ_1/CHQ_1:Gene	gabD_2	CHQ_1_42:38744-40192	CHQ_1_04362
prokka_CHQ_1/CHQ_1:Gene	gabT	CHQ_1_42:40205-41488	CHQ_1_04363
prokka_CHQ_1/CHQ_1:Gene	gabP	CHQ_1_42:41624-43024	CHQ_1_04364
prokka_CHQ_1/CHQ_1:Gene	glaR	CHQ_1_42:43070-43762	CHQ_1_04365
prokka_CHQ_1/CHQ_1:Gene	CHQ_1_04366	CHQ_1_42:44062-45465	CHQ_1_04366
prokka_CHQ_1/CHQ_1:Gene	CHQ_1_04367	CHQ_1_42:45455-46741	CHQ_1_04367
prokka_CHQ_1/CHQ_1:Gene	CHQ_1_04368	CHQ_1_42:46738-47292	CHQ_1_04368
prokka_CHQ_1/CHQ_1:Gene	CHQ_1_04369	CHQ_1_42:47294-49381	CHQ_1_04369
prokka_CHQ_1/CHQ_1:Gene	CHQ_1_04370	CHQ_1_42:49387-50604	CHQ_1_04370
prokka_CHQ_1/CHQ_1:Gene	CHQ_1_04371	CHQ_1_42:50595-51977	CHQ_1_04371
prokka_CHQ_1/CHQ_1:Gene	CHQ_1_04372	CHQ_1_42:51970-52995	CHQ_1_04372
prokka_CHQ_1/CHQ_1:Gene	mshA_6	CHQ_1_42:52976-54190	CHQ_1_04373
prokka_CHQ_1/CHQ_1:Gene	CHQ_1_04374	CHQ_1_42:54187-55287	CHQ_1_04374
prokka_CHQ_1/CHQ_1:Gene	CHQ_1_04375	CHQ_1_42:55299-55712	CHQ_1_04375
prokka_CHQ_1/CHQ_1:Gene	CHQ_1_04376	CHQ_1_42:55810-57135	CHQ_1_04376
prokka_CHQ_1/CHQ_1:Gene	lpxD_2	CHQ_1_42:57147-57668	CHQ_1_04377
prokka_CHQ_1/CHQ_1:Gene	crl	CHQ_1_42:c58149-57751	CHQ_1_04378
prokka_CHQ_1/CHQ_1:Gene	CHQ_1_04379	CHQ_1_42:c59451-58207	CHQ_1_04379
prokka_CHQ_1/CHQ_1:Gene	gpt	CHQ_1_42:c60015-59557	CHQ_1_04380
prokka_CHQ_1/CHQ_1:Gene	pepD	CHQ_1_42:60273-61730	CHQ_1_04381
prokka_CHQ_1/CHQ_1:Gene	yafP	CHQ_1_42:c62225-61779	CHQ_1_04382
prokka_CHQ_1/CHQ_1:Gene	dinB	CHQ_1_42:c63316-62228	CHQ_1_04383
prokka_CHQ_1/CHQ_1:Gene	CHQ_1_04384	CHQ_1_42:63443-64303	CHQ_1_04384
prokka_CHQ_1/CHQ_1:Gene	CHQ_1_04385	CHQ_1_42:c64666-64451	CHQ_1_04385
prokka_CHQ_1/CHQ_1:Gene	nqrF	CHQ_1_42:c65892-64669	CHQ_1_04386
prokka_CHQ_1/CHQ_1:Gene	nqrE	CHQ_1_42:c66501-65905	CHQ_1_04387
prokka_CHQ_1/CHQ_1:Gene	nqrD	CHQ_1_42:c67146-66508	CHQ_1_04388
prokka_CHQ_1/CHQ_1:Gene	nqrC	CHQ_1_42:c67933-67139	CHQ_1_04389
prokka_CHQ_1/CHQ_1:Gene	nqrB	CHQ_1_42:c69164-67926	CHQ_1_04390
prokka_CHQ_1/CHQ_1:Gene	nqrA	CHQ_1_42:c70511-69168	CHQ_1_04391
prokka_CHQ_1/CHQ_1:Gene	CHQ_1_04392	CHQ_1_42:70923-71663	CHQ_1_04392
prokka_CHQ_1/CHQ_1:Gene	yafJ	CHQ_1_42:c72401-71634	CHQ_1_04393
prokka_CHQ_1/CHQ_1:Gene	gmhA	CHQ_1_42:c73057-72476	CHQ_1_04394
prokka_CHQ_1/CHQ_1:Gene	fadE	CHQ_1_42:73297-75741	CHQ_1_04395
prokka_CHQ_1/CHQ_1:Gene	yafV	CHQ_1_42:75920-76690	CHQ_1_04396
prokka_CHQ_1/CHQ_1:Gene	ydiK_2	CHQ_1_42:76940-78040	CHQ_1_04397
prokka_CHQ_1/CHQ_1:Gene	eamB	CHQ_1_42:c78659-78069	CHQ_1_04398
prokka_CHQ_1/CHQ_1:Gene	cmpR_3	CHQ_1_42:78763-79644	CHQ_1_04399
prokka_CHQ_1/CHQ_1:Gene	CHQ_1_04400	CHQ_1_42:c79780-79704	CHQ_1_04400
prokka_CHQ_1/CHQ_1:Gene	dnaQ	CHQ_1_42:c80654-79914	CHQ_1_04401
prokka_CHQ_1/CHQ_1:Gene	rnhA	CHQ_1_42:80710-81177	CHQ_1_04402
prokka_CHQ_1/CHQ_1:Gene	CHQ_1_04403	CHQ_1_42:c81896-81174	CHQ_1_04403
prokka_CHQ_1/CHQ_1:Gene	gloB	CHQ_1_42:81929-82684	CHQ_1_04404
prokka_CHQ_1/CHQ_1:Gene	mltD	CHQ_1_42:82969-84123	CHQ_1_04405
prokka_CHQ_1/CHQ_1:Gene	ycgJ	CHQ_1_42:c84953-84183	CHQ_1_04406
prokka_CHQ_1/CHQ_1:Gene	CHQ_1_04407	CHQ_1_42:c85849-85043	CHQ_1_04407
prokka_CHQ_1/CHQ_1:Gene	ydhP_2	CHQ_1_42:c87133-85943	CHQ_1_04408
prokka_CHQ_1/CHQ_1:Gene	dmlR_14	CHQ_1_42:87238-88143	CHQ_1_04409
prokka_CHQ_1/CHQ_1:Gene	dkgB	CHQ_1_42:c88979-88176	CHQ_1_04410
prokka_CHQ_1/CHQ_1:Gene	CHQ_1_04411	CHQ_1_42:c89220-89144	CHQ_1_04411
prokka_CHQ_1/CHQ_1:Gene	CHQ_1_04412	CHQ_1_43:c908-519	CHQ_1_04412
prokka_CHQ_1/CHQ_1:Gene	catD	CHQ_1_43:c1665-898	CHQ_1_04413
prokka_CHQ_1/CHQ_1:Gene	pcaB	CHQ_1_43:c3007-1655	CHQ_1_04414
prokka_CHQ_1/CHQ_1:Gene	pcaF	CHQ_1_43:c4219-3017	CHQ_1_04415
prokka_CHQ_1/CHQ_1:Gene	pcaJ	CHQ_1_43:c4886-4230	CHQ_1_04416
prokka_CHQ_1/CHQ_1:Gene	pcaI	CHQ_1_43:c5583-4897	CHQ_1_04417
prokka_CHQ_1/CHQ_1:Gene	pcaR_3	CHQ_1_43:5753-6559	CHQ_1_04418
prokka_CHQ_1/CHQ_1:Gene	smrA	CHQ_1_43:c7119-6556	CHQ_1_04419
prokka_CHQ_1/CHQ_1:Gene	tsaR_2	CHQ_1_43:c8129-7221	CHQ_1_04420
prokka_CHQ_1/CHQ_1:Gene	iaaH	CHQ_1_43:8296-9606	CHQ_1_04421
prokka_CHQ_1/CHQ_1:Gene	abgB	CHQ_1_43:9606-11051	CHQ_1_04422
prokka_CHQ_1/CHQ_1:Gene	abgT	CHQ_1_43:11174-12700	CHQ_1_04423
prokka_CHQ_1/CHQ_1:Gene	CHQ_1_04424	CHQ_1_43:c12891-12733	CHQ_1_04424
prokka_CHQ_1/CHQ_1:Gene	ogt	CHQ_1_43:13159-13674	CHQ_1_04425
prokka_CHQ_1/CHQ_1:Gene	fnr	CHQ_1_43:13869-14621	CHQ_1_04426
prokka_CHQ_1/CHQ_1:Gene	uspE	CHQ_1_43:14760-15710	CHQ_1_04427
prokka_CHQ_1/CHQ_1:Gene	CHQ_1_04428	CHQ_1_43:c16018-15830	CHQ_1_04428
prokka_CHQ_1/CHQ_1:Gene	pntB	CHQ_1_43:c17555-16167	CHQ_1_04429
prokka_CHQ_1/CHQ_1:Gene	pntA	CHQ_1_43:c19095-17566	CHQ_1_04430
prokka_CHQ_1/CHQ_1:Gene	ydgH	CHQ_1_43:19617-20567	CHQ_1_04431
prokka_CHQ_1/CHQ_1:Gene	ydgI	CHQ_1_43:20745-22127	CHQ_1_04432
prokka_CHQ_1/CHQ_1:Gene	folM	CHQ_1_43:22164-22886	CHQ_1_04433
prokka_CHQ_1/CHQ_1:Gene	ydgC	CHQ_1_43:c23218-22883	CHQ_1_04434
prokka_CHQ_1/CHQ_1:Gene	rstA	CHQ_1_43:23347-24063	CHQ_1_04435
prokka_CHQ_1/CHQ_1:Gene	CHQ_1_04436	CHQ_1_43:24296-24658	CHQ_1_04436
prokka_CHQ_1/CHQ_1:Gene	rstB	CHQ_1_43:24922-26223	CHQ_1_04437
prokka_CHQ_1/CHQ_1:Gene	tus	CHQ_1_43:26299-27231	CHQ_1_04438
prokka_CHQ_1/CHQ_1:Gene	fumC	CHQ_1_43:c28621-27221	CHQ_1_04439
prokka_CHQ_1/CHQ_1:Gene	fumA	CHQ_1_43:c30410-28764	CHQ_1_04440
prokka_CHQ_1/CHQ_1:Gene	manA	CHQ_1_43:30611-31789	CHQ_1_04441
prokka_CHQ_1/CHQ_1:Gene	ydgA	CHQ_1_43:31876-33435	CHQ_1_04442
prokka_CHQ_1/CHQ_1:Gene	malI	CHQ_1_43:c34503-33475	CHQ_1_04443
prokka_CHQ_1/CHQ_1:Gene	malX_2	CHQ_1_43:34677-36269	CHQ_1_04444
prokka_CHQ_1/CHQ_1:Gene	malY	CHQ_1_43:36322-37494	CHQ_1_04445
prokka_CHQ_1/CHQ_1:Gene	zntB_1	CHQ_1_43:c38536-37508	CHQ_1_04446
prokka_CHQ_1/CHQ_1:Gene	ydfZ	CHQ_1_43:38845-39048	CHQ_1_04447
prokka_CHQ_1/CHQ_1:Gene	CHQ_1_04448	CHQ_1_43:c39637-39119	CHQ_1_04448
prokka_CHQ_1/CHQ_1:Gene	CHQ_1_04449	CHQ_1_43:39838-40191	CHQ_1_04449
prokka_CHQ_1/CHQ_1:Gene	CHQ_1_04450	CHQ_1_43:40295-41506	CHQ_1_04450
prokka_CHQ_1/CHQ_1:Gene	yedF	CHQ_1_43:41503-41736	CHQ_1_04451
prokka_CHQ_1/CHQ_1:Gene	ydfO	CHQ_1_43:41982-42374	CHQ_1_04452
prokka_CHQ_1/CHQ_1:Gene	CHQ_1_04453	CHQ_1_43:c42572-42414	CHQ_1_04453
prokka_CHQ_1/CHQ_1:Gene	gap	CHQ_1_43:42855-43853	CHQ_1_04454
prokka_CHQ_1/CHQ_1:Gene	aldA	CHQ_1_43:c45341-43902	CHQ_1_04455
prokka_CHQ_1/CHQ_1:Gene	ydcF	CHQ_1_43:c46339-45539	CHQ_1_04456
prokka_CHQ_1/CHQ_1:Gene	abaF_2	CHQ_1_43:46721-48046	CHQ_1_04457
prokka_CHQ_1/CHQ_1:Gene	cycA_2	CHQ_1_43:c49696-48266	CHQ_1_04458
prokka_CHQ_1/CHQ_1:Gene	astE_1	CHQ_1_43:c50701-49706	CHQ_1_04459
prokka_CHQ_1/CHQ_1:Gene	astB_1	CHQ_1_43:c52052-50712	CHQ_1_04460
prokka_CHQ_1/CHQ_1:Gene	astD_1	CHQ_1_43:c53540-52074	CHQ_1_04461
prokka_CHQ_1/CHQ_1:Gene	astA_1	CHQ_1_43:c54553-53531	CHQ_1_04462
prokka_CHQ_1/CHQ_1:Gene	astC_1	CHQ_1_43:c55777-54572	CHQ_1_04463
prokka_CHQ_1/CHQ_1:Gene	gdhA_1	CHQ_1_43:56306-57580	CHQ_1_04464
prokka_CHQ_1/CHQ_1:Gene	CHQ_1_04465	CHQ_1_43:c58296-57643	CHQ_1_04465
prokka_CHQ_1/CHQ_1:Gene	CHQ_1_04466	CHQ_1_43:c59062-58277	CHQ_1_04466
prokka_CHQ_1/CHQ_1:Gene	thlA_3	CHQ_1_43:c60281-59076	CHQ_1_04467
prokka_CHQ_1/CHQ_1:Gene	oxyL	CHQ_1_43:c61768-60284	CHQ_1_04468
prokka_CHQ_1/CHQ_1:Gene	yajO_4	CHQ_1_43:c62893-61829	CHQ_1_04469
prokka_CHQ_1/CHQ_1:Gene	ydhP_3	CHQ_1_43:c64077-62890	CHQ_1_04470
prokka_CHQ_1/CHQ_1:Gene	iolS	CHQ_1_43:c65125-64127	CHQ_1_04471
prokka_CHQ_1/CHQ_1:Gene	pgrR_5	CHQ_1_43:65226-66140	CHQ_1_04472
prokka_CHQ_1/CHQ_1:Gene	slyA_3	CHQ_1_43:66276-66707	CHQ_1_04473
prokka_CHQ_1/CHQ_1:Gene	CHQ_1_04474	CHQ_1_43:66707-68359	CHQ_1_04474
prokka_CHQ_1/CHQ_1:Gene	emrA_3	CHQ_1_43:68388-69473	CHQ_1_04475
prokka_CHQ_1/CHQ_1:Gene	oprM_1	CHQ_1_43:69470-70840	CHQ_1_04476
prokka_CHQ_1/CHQ_1:Gene	CHQ_1_04477	CHQ_1_43:70947-71606	CHQ_1_04477
prokka_CHQ_1/CHQ_1:Gene	CHQ_1_04478	CHQ_1_43:c72429-71740	CHQ_1_04478
prokka_CHQ_1/CHQ_1:Gene	CHQ_1_04479	CHQ_1_43:c76667-72765	CHQ_1_04479
prokka_CHQ_1/CHQ_1:Gene	azoR_2	CHQ_1_43:76871-77476	CHQ_1_04480
prokka_CHQ_1/CHQ_1:Gene	CHQ_1_04481	CHQ_1_43:c77920-77480	CHQ_1_04481
prokka_CHQ_1/CHQ_1:Gene	yrdA_2	CHQ_1_43:c78529-77933	CHQ_1_04482
prokka_CHQ_1/CHQ_1:Gene	paaX	CHQ_1_43:c79474-78539	CHQ_1_04483
prokka_CHQ_1/CHQ_1:Gene	paaK	CHQ_1_43:c80911-79595	CHQ_1_04484
prokka_CHQ_1/CHQ_1:Gene	paaJ	CHQ_1_43:c82143-80938	CHQ_1_04485
prokka_CHQ_1/CHQ_1:Gene	paaI	CHQ_1_43:c82565-82143	CHQ_1_04486
prokka_CHQ_1/CHQ_1:Gene	paaH	CHQ_1_43:c83976-82555	CHQ_1_04487
prokka_CHQ_1/CHQ_1:Gene	paaG	CHQ_1_43:c84768-83980	CHQ_1_04488
prokka_CHQ_1/CHQ_1:Gene	paaF	CHQ_1_43:c85538-84771	CHQ_1_04489
prokka_CHQ_1/CHQ_1:Gene	paaE	CHQ_1_43:c86605-85535	CHQ_1_04490
prokka_CHQ_1/CHQ_1:Gene	paaD	CHQ_1_43:c87110-86613	CHQ_1_04491
prokka_CHQ_1/CHQ_1:Gene	paaC	CHQ_1_43:c87877-87122	CHQ_1_04492
prokka_CHQ_1/CHQ_1:Gene	paaB	CHQ_1_43:c88172-87885	CHQ_1_04493
prokka_CHQ_1/CHQ_1:Gene	paaA	CHQ_1_43:c89113-88184	CHQ_1_04494
prokka_CHQ_1/CHQ_1:Gene	paaZ	CHQ_1_43:89400-91445	CHQ_1_04495
prokka_CHQ_1/CHQ_1:Gene	CHQ_1_04496	CHQ_1_43:91445-91636	CHQ_1_04496
prokka_CHQ_1/CHQ_1:Gene	maoA	CHQ_1_43:92193-94460	CHQ_1_04497
prokka_CHQ_1/CHQ_1:Gene	CHQ_1_04498	CHQ_1_43:c95413-94463	CHQ_1_04498
prokka_CHQ_1/CHQ_1:Gene	CHQ_1_04499	CHQ_1_43:c96287-95469	CHQ_1_04499
prokka_CHQ_1/CHQ_1:Gene	argE_2	CHQ_1_43:c97496-96312	CHQ_1_04500
prokka_CHQ_1/CHQ_1:Gene	CHQ_1_04501	CHQ_1_43:c98148-97474	CHQ_1_04501
prokka_CHQ_1/CHQ_1:Gene	CHQ_1_04502	CHQ_1_43:c98579-98145	CHQ_1_04502
prokka_CHQ_1/CHQ_1:Gene	CHQ_1_04503	CHQ_1_43:c99862-98606	CHQ_1_04503
prokka_CHQ_1/CHQ_1:Gene	hdfR_5	CHQ_1_43:c100946-100032	CHQ_1_04504
prokka_CHQ_1/CHQ_1:Gene	btuD_8	CHQ_1_43:101435-102955	CHQ_1_04505
prokka_CHQ_1/CHQ_1:Gene	CHQ_1_04506	CHQ_1_43:102982-103854	CHQ_1_04506
prokka_CHQ_1/CHQ_1:Gene	fliY_4	CHQ_1_43:103878-104708	CHQ_1_04507
prokka_CHQ_1/CHQ_1:Gene	novR	CHQ_1_43:104714-105445	CHQ_1_04508
prokka_CHQ_1/CHQ_1:Gene	CHQ_1_04509	CHQ_1_43:c106353-105463	CHQ_1_04509
prokka_CHQ_1/CHQ_1:Gene	feaB_2	CHQ_1_43:c107977-106478	CHQ_1_04510
prokka_CHQ_1/CHQ_1:Gene	feaR	CHQ_1_43:108213-109115	CHQ_1_04511
prokka_CHQ_1/CHQ_1:Gene	CHQ_1_04512	CHQ_1_43:c109439-109116	CHQ_1_04512
prokka_CHQ_1/CHQ_1:Gene	CHQ_1_04513	CHQ_1_43:c109632-109447	CHQ_1_04513
prokka_CHQ_1/CHQ_1:Gene	CHQ_1_04514	CHQ_1_43:c112268-109629	CHQ_1_04514
prokka_CHQ_1/CHQ_1:Gene	yabI_2	CHQ_1_43:112475-112975	CHQ_1_04515
prokka_CHQ_1/CHQ_1:Gene	ldhA	CHQ_1_43:113124-114113	CHQ_1_04516
prokka_CHQ_1/CHQ_1:Gene	hslJ	CHQ_1_43:114237-114677	CHQ_1_04517
prokka_CHQ_1/CHQ_1:Gene	CHQ_1_04518	CHQ_1_43:c114972-114709	CHQ_1_04518
prokka_CHQ_1/CHQ_1:Gene	nifJ	CHQ_1_43:115334-118861	CHQ_1_04519
prokka_CHQ_1/CHQ_1:Gene	ompN_2	CHQ_1_43:119219-120343	CHQ_1_04520
prokka_CHQ_1/CHQ_1:Gene	CHQ_1_04521	CHQ_1_43:120486-120698	CHQ_1_04521
prokka_CHQ_1/CHQ_1:Gene	uspF	CHQ_1_43:120780-121214	CHQ_1_04522
prokka_CHQ_1/CHQ_1:Gene	ttcA	CHQ_1_43:124017-124952	CHQ_1_04523
prokka_CHQ_1/CHQ_1:Gene	dbpA	CHQ_1_43:c126371-124998	CHQ_1_04524
prokka_CHQ_1/CHQ_1:Gene	zntB_2	CHQ_1_43:c127881-126898	CHQ_1_04525
prokka_CHQ_1/CHQ_1:Gene	glcR_2	CHQ_1_43:128160-128903	CHQ_1_04526
prokka_CHQ_1/CHQ_1:Gene	ydgJ_2	CHQ_1_43:128866-129984	CHQ_1_04527
prokka_CHQ_1/CHQ_1:Gene	CHQ_1_04528	CHQ_1_43:130221-130415	CHQ_1_04528
prokka_CHQ_1/CHQ_1:Gene	CHQ_1_04529	CHQ_1_43:c131277-130528	CHQ_1_04529
prokka_CHQ_1/CHQ_1:Gene	aroP_2	CHQ_1_43:c132907-131528	CHQ_1_04530
prokka_CHQ_1/CHQ_1:Gene	lrp_2	CHQ_1_43:133242-133721	CHQ_1_04531
prokka_CHQ_1/CHQ_1:Gene	CHQ_1_04532	CHQ_1_43:133973-134587	CHQ_1_04532
prokka_CHQ_1/CHQ_1:Gene	tyrB_2	CHQ_1_43:134626-135825	CHQ_1_04533
prokka_CHQ_1/CHQ_1:Gene	metI_4	CHQ_1_43:c136522-135854	CHQ_1_04534
prokka_CHQ_1/CHQ_1:Gene	metN_3	CHQ_1_43:c137540-136515	CHQ_1_04535
prokka_CHQ_1/CHQ_1:Gene	metQ_5	CHQ_1_43:c138340-137537	CHQ_1_04536
prokka_CHQ_1/CHQ_1:Gene	dapL	CHQ_1_43:138561-139736	CHQ_1_04537
prokka_CHQ_1/CHQ_1:Gene	CHQ_1_04538	CHQ_1_43:c140115-139756	CHQ_1_04538
prokka_CHQ_1/CHQ_1:Gene	CHQ_1_04539	CHQ_1_43:c141233-140322	CHQ_1_04539
prokka_CHQ_1/CHQ_1:Gene	ytnP	CHQ_1_43:c142093-141233	CHQ_1_04540
prokka_CHQ_1/CHQ_1:Gene	nodD2_2	CHQ_1_43:142184-143107	CHQ_1_04541
prokka_CHQ_1/CHQ_1:Gene	pgrR_6	CHQ_1_43:c144034-143129	CHQ_1_04542
prokka_CHQ_1/CHQ_1:Gene	CHQ_1_04543	CHQ_1_43:144173-145102	CHQ_1_04543
prokka_CHQ_1/CHQ_1:Gene	CHQ_1_04544	CHQ_1_43:145128-145340	CHQ_1_04544
prokka_CHQ_1/CHQ_1:Gene	rhaS_12	CHQ_1_43:c146269-145391	CHQ_1_04545
prokka_CHQ_1/CHQ_1:Gene	fabG_8	CHQ_1_43:146428-147183	CHQ_1_04546
prokka_CHQ_1/CHQ_1:Gene	bdcR	CHQ_1_43:c147781-147188	CHQ_1_04547
prokka_CHQ_1/CHQ_1:Gene	bdcA_2	CHQ_1_43:147855-148568	CHQ_1_04548
prokka_CHQ_1/CHQ_1:Gene	yraA	CHQ_1_43:149060-149626	CHQ_1_04549
prokka_CHQ_1/CHQ_1:Gene	fabG_9	CHQ_1_43:c150226-149768	CHQ_1_04550
prokka_CHQ_1/CHQ_1:Gene	CHQ_1_04551	CHQ_1_43:150260-150568	CHQ_1_04551
prokka_CHQ_1/CHQ_1:Gene	rsbW	CHQ_1_43:c151614-151132	CHQ_1_04552
prokka_CHQ_1/CHQ_1:Gene	CHQ_1_04553	CHQ_1_43:c151933-151595	CHQ_1_04553
prokka_CHQ_1/CHQ_1:Gene	rssB_2	CHQ_1_43:c153137-151923	CHQ_1_04554
prokka_CHQ_1/CHQ_1:Gene	CHQ_1_04555	CHQ_1_43:c154045-153146	CHQ_1_04555
prokka_CHQ_1/CHQ_1:Gene	CHQ_1_04556	CHQ_1_43:c155273-154056	CHQ_1_04556
prokka_CHQ_1/CHQ_1:Gene	acsAB_1	CHQ_1_43:155550-157367	CHQ_1_04557
prokka_CHQ_1/CHQ_1:Gene	CHQ_1_04558	CHQ_1_43:157364-158695	CHQ_1_04558
prokka_CHQ_1/CHQ_1:Gene	CHQ_1_04559	CHQ_1_43:158692-160239	CHQ_1_04559
prokka_CHQ_1/CHQ_1:Gene	CHQ_1_04560	CHQ_1_43:160224-161618	CHQ_1_04560
prokka_CHQ_1/CHQ_1:Gene	CHQ_1_04561	CHQ_1_43:161615-162049	CHQ_1_04561
prokka_CHQ_1/CHQ_1:Gene	rcsC_5	CHQ_1_43:162052-164745	CHQ_1_04562
prokka_CHQ_1/CHQ_1:Gene	lacZ_3	CHQ_1_43:164735-166933	CHQ_1_04563
prokka_CHQ_1/CHQ_1:Gene	ytbE	CHQ_1_43:c167827-166958	CHQ_1_04564
prokka_CHQ_1/CHQ_1:Gene	nepI_2	CHQ_1_43:c169108-167906	CHQ_1_04565
prokka_CHQ_1/CHQ_1:Gene	CHQ_1_04566	CHQ_1_43:c170232-169177	CHQ_1_04566
prokka_CHQ_1/CHQ_1:Gene	pgrR_7	CHQ_1_43:170480-171364	CHQ_1_04567
prokka_CHQ_1/CHQ_1:Gene	CHQ_1_04568	CHQ_1_43:c172467-171877	CHQ_1_04568
prokka_CHQ_1/CHQ_1:Gene	mppA	CHQ_1_43:c174496-172880	CHQ_1_04569
prokka_CHQ_1/CHQ_1:Gene	mpaA	CHQ_1_43:174683-175390	CHQ_1_04570
prokka_CHQ_1/CHQ_1:Gene	ycjG	CHQ_1_43:c176352-175387	CHQ_1_04571
prokka_CHQ_1/CHQ_1:Gene	tpx	CHQ_1_43:176455-176961	CHQ_1_04572
prokka_CHQ_1/CHQ_1:Gene	CHQ_1_04573	CHQ_1_43:c178084-177032	CHQ_1_04573
prokka_CHQ_1/CHQ_1:Gene	tyrR	CHQ_1_43:c179726-178185	CHQ_1_04574
prokka_CHQ_1/CHQ_1:Gene	CHQ_1_04575	CHQ_1_43:c181015-179954	CHQ_1_04575
prokka_CHQ_1/CHQ_1:Gene	ycjX	CHQ_1_43:c182409-181012	CHQ_1_04576
prokka_CHQ_1/CHQ_1:Gene	pspD	CHQ_1_43:c182730-182512	CHQ_1_04577
prokka_CHQ_1/CHQ_1:Gene	pspC	CHQ_1_43:c183118-182759	CHQ_1_04578
prokka_CHQ_1/CHQ_1:Gene	pspB	CHQ_1_43:c183342-183118	CHQ_1_04579
prokka_CHQ_1/CHQ_1:Gene	pspA_2	CHQ_1_43:c184066-183398	CHQ_1_04580
prokka_CHQ_1/CHQ_1:Gene	pspF	CHQ_1_43:184234-185208	CHQ_1_04581
prokka_CHQ_1/CHQ_1:Gene	norB	CHQ_1_43:c186590-185199	CHQ_1_04582
prokka_CHQ_1/CHQ_1:Gene	hipO_3	CHQ_1_43:c187785-186616	CHQ_1_04583
prokka_CHQ_1/CHQ_1:Gene	rhaR_6	CHQ_1_43:187957-190278	CHQ_1_04584
prokka_CHQ_1/CHQ_1:Gene	CHQ_1_04585	CHQ_1_43:c191087-190245	CHQ_1_04585
prokka_CHQ_1/CHQ_1:Gene	CHQ_1_04586	CHQ_1_43:191198-192103	CHQ_1_04586
prokka_CHQ_1/CHQ_1:Gene	sapA	CHQ_1_43:192439-194082	CHQ_1_04587
prokka_CHQ_1/CHQ_1:Gene	sapB	CHQ_1_43:194079-195044	CHQ_1_04588
prokka_CHQ_1/CHQ_1:Gene	sapC	CHQ_1_43:195031-195921	CHQ_1_04589
prokka_CHQ_1/CHQ_1:Gene	sapD	CHQ_1_43:195921-196913	CHQ_1_04590
prokka_CHQ_1/CHQ_1:Gene	sapF	CHQ_1_43:196915-197724	CHQ_1_04591
prokka_CHQ_1/CHQ_1:Gene	hutH_2	CHQ_1_43:c199253-197754	CHQ_1_04592
prokka_CHQ_1/CHQ_1:Gene	occP_2	CHQ_1_43:c200044-199250	CHQ_1_04593
prokka_CHQ_1/CHQ_1:Gene	occM	CHQ_1_43:c200777-200046	CHQ_1_04594
prokka_CHQ_1/CHQ_1:Gene	CHQ_1_04595	CHQ_1_43:c201417-201324	CHQ_1_04595
prokka_CHQ_1/CHQ_1:Gene	nocT	CHQ_1_43:c202363-201518	CHQ_1_04596
prokka_CHQ_1/CHQ_1:Gene	ves	CHQ_1_43:202573-203115	CHQ_1_04597
prokka_CHQ_1/CHQ_1:Gene	fabI	CHQ_1_43:203314-204102	CHQ_1_04598
prokka_CHQ_1/CHQ_1:Gene	CHQ_1_04599	CHQ_1_43:204291-205448	CHQ_1_04599
prokka_CHQ_1/CHQ_1:Gene	rnb	CHQ_1_43:205530-207464	CHQ_1_04600
prokka_CHQ_1/CHQ_1:Gene	CHQ_1_04601	CHQ_1_43:207623-207802	CHQ_1_04601
prokka_CHQ_1/CHQ_1:Gene	srlR_4	CHQ_1_43:207876-208625	CHQ_1_04602
prokka_CHQ_1/CHQ_1:Gene	osmB	CHQ_1_43:208898-209119	CHQ_1_04603
prokka_CHQ_1/CHQ_1:Gene	yciH	CHQ_1_43:c209575-209249	CHQ_1_04604
prokka_CHQ_1/CHQ_1:Gene	pyrF	CHQ_1_43:c210312-209575	CHQ_1_04605
prokka_CHQ_1/CHQ_1:Gene	lapB	CHQ_1_43:c211672-210503	CHQ_1_04606
prokka_CHQ_1/CHQ_1:Gene	lapA	CHQ_1_43:c211987-211679	CHQ_1_04607
prokka_CHQ_1/CHQ_1:Gene	pgpB	CHQ_1_43:c212890-212123	CHQ_1_04608
prokka_CHQ_1/CHQ_1:Gene	ribA	CHQ_1_43:213054-213656	CHQ_1_04609
prokka_CHQ_1/CHQ_1:Gene	acnA	CHQ_1_43:c216376-213704	CHQ_1_04610
prokka_CHQ_1/CHQ_1:Gene	CHQ_1_04611	CHQ_1_43:c216933-216766	CHQ_1_04611
prokka_CHQ_1/CHQ_1:Gene	cysB	CHQ_1_43:c218153-217179	CHQ_1_04612
prokka_CHQ_1/CHQ_1:Gene	topA_2	CHQ_1_43:c221094-218497	CHQ_1_04613
prokka_CHQ_1/CHQ_1:Gene	yciN	CHQ_1_43:221501-221752	CHQ_1_04614
prokka_CHQ_1/CHQ_1:Gene	sohB	CHQ_1_43:c222906-221815	CHQ_1_04615
prokka_CHQ_1/CHQ_1:Gene	yciK	CHQ_1_43:223077-223877	CHQ_1_04616
prokka_CHQ_1/CHQ_1:Gene	btuR	CHQ_1_43:223874-224464	CHQ_1_04617
prokka_CHQ_1/CHQ_1:Gene	rluB	CHQ_1_43:c225427-224525	CHQ_1_04618
prokka_CHQ_1/CHQ_1:Gene	gcvA_6	CHQ_1_43:c226611-225715	CHQ_1_04619
prokka_CHQ_1/CHQ_1:Gene	CHQ_1_04620	CHQ_1_43:226723-227631	CHQ_1_04620
prokka_CHQ_1/CHQ_1:Gene	yciO	CHQ_1_43:c228273-227653	CHQ_1_04621
prokka_CHQ_1/CHQ_1:Gene	yciV	CHQ_1_43:c229153-228290	CHQ_1_04622
prokka_CHQ_1/CHQ_1:Gene	trpE	CHQ_1_43:229442-231004	CHQ_1_04623
prokka_CHQ_1/CHQ_1:Gene	trpGD	CHQ_1_43:231004-232599	CHQ_1_04624
prokka_CHQ_1/CHQ_1:Gene	trpC	CHQ_1_43:232603-233961	CHQ_1_04625
prokka_CHQ_1/CHQ_1:Gene	trpB	CHQ_1_43:233971-235164	CHQ_1_04626
prokka_CHQ_1/CHQ_1:Gene	trpA	CHQ_1_43:235164-235973	CHQ_1_04627
prokka_CHQ_1/CHQ_1:Gene	ttuD	CHQ_1_43:c237449-236190	CHQ_1_04628
prokka_CHQ_1/CHQ_1:Gene	ttuC'	CHQ_1_43:c238540-237452	CHQ_1_04629
prokka_CHQ_1/CHQ_1:Gene	ttuB_3	CHQ_1_43:c239865-238555	CHQ_1_04630
prokka_CHQ_1/CHQ_1:Gene	benM_2	CHQ_1_43:239993-240901	CHQ_1_04631
prokka_CHQ_1/CHQ_1:Gene	CHQ_1_04632	CHQ_1_43:c241212-240946	CHQ_1_04632
prokka_CHQ_1/CHQ_1:Gene	fiu	CHQ_1_43:242247-244532	CHQ_1_04633
prokka_CHQ_1/CHQ_1:Gene	CHQ_1_04634	CHQ_1_43:244581-245258	CHQ_1_04634
prokka_CHQ_1/CHQ_1:Gene	ompW	CHQ_1_43:c245975-245337	CHQ_1_04635
prokka_CHQ_1/CHQ_1:Gene	CHQ_1_04636	CHQ_1_43:246245-246658	CHQ_1_04636
prokka_CHQ_1/CHQ_1:Gene	CHQ_1_04637	CHQ_1_43:246684-247427	CHQ_1_04637
prokka_CHQ_1/CHQ_1:Gene	yciB	CHQ_1_43:247482-248021	CHQ_1_04638
prokka_CHQ_1/CHQ_1:Gene	pfeA	CHQ_1_43:248289-250472	CHQ_1_04639
prokka_CHQ_1/CHQ_1:Gene	CHQ_1_04640	CHQ_1_43:250571-250969	CHQ_1_04640
prokka_CHQ_1/CHQ_1:Gene	CHQ_1_04641	CHQ_1_43:c251535-250999	CHQ_1_04641
prokka_CHQ_1/CHQ_1:Gene	hxpB_2	CHQ_1_43:251724-252392	CHQ_1_04642
prokka_CHQ_1/CHQ_1:Gene	kduD_2	CHQ_1_43:252542-253303	CHQ_1_04643
prokka_CHQ_1/CHQ_1:Gene	ydjM	CHQ_1_43:253395-253985	CHQ_1_04644
prokka_CHQ_1/CHQ_1:Gene	tcyP	CHQ_1_43:254121-255512	CHQ_1_04645
prokka_CHQ_1/CHQ_1:Gene	cedA	CHQ_1_43:c255902-255570	CHQ_1_04646
prokka_CHQ_1/CHQ_1:Gene	katE	CHQ_1_43:256015-258273	CHQ_1_04647
prokka_CHQ_1/CHQ_1:Gene	chbG	CHQ_1_43:c259087-258329	CHQ_1_04648
prokka_CHQ_1/CHQ_1:Gene	chbF	CHQ_1_43:c260446-259100	CHQ_1_04649
prokka_CHQ_1/CHQ_1:Gene	chbR	CHQ_1_43:c261381-260557	CHQ_1_04650
prokka_CHQ_1/CHQ_1:Gene	chbA_3	CHQ_1_43:c261756-261409	CHQ_1_04651
prokka_CHQ_1/CHQ_1:Gene	chbC	CHQ_1_43:c263168-261810	CHQ_1_04652
prokka_CHQ_1/CHQ_1:Gene	chbB	CHQ_1_43:c263636-263316	CHQ_1_04653
prokka_CHQ_1/CHQ_1:Gene	osmE	CHQ_1_43:c264253-263915	CHQ_1_04654
prokka_CHQ_1/CHQ_1:Gene	nadE	CHQ_1_43:264536-265363	CHQ_1_04655
prokka_CHQ_1/CHQ_1:Gene	cho	CHQ_1_43:265463-266326	CHQ_1_04656
prokka_CHQ_1/CHQ_1:Gene	spy	CHQ_1_43:c266896-266414	CHQ_1_04657
prokka_CHQ_1/CHQ_1:Gene	astE_2	CHQ_1_43:c268208-267243	CHQ_1_04658
prokka_CHQ_1/CHQ_1:Gene	astB_2	CHQ_1_43:c269543-268218	CHQ_1_04659
prokka_CHQ_1/CHQ_1:Gene	astD_2	CHQ_1_43:c271018-269540	CHQ_1_04660
prokka_CHQ_1/CHQ_1:Gene	astA_2	CHQ_1_43:c272049-271015	CHQ_1_04661
prokka_CHQ_1/CHQ_1:Gene	astC_2	CHQ_1_43:c273266-272046	CHQ_1_04662
prokka_CHQ_1/CHQ_1:Gene	xthA	CHQ_1_43:273705-274511	CHQ_1_04663
prokka_CHQ_1/CHQ_1:Gene	CHQ_1_04664	CHQ_1_43:c274811-274668	CHQ_1_04664
prokka_CHQ_1/CHQ_1:Gene	ydjZ_1	CHQ_1_43:274890-275381	CHQ_1_04665
prokka_CHQ_1/CHQ_1:Gene	ydjZ_2	CHQ_1_43:275368-276078	CHQ_1_04666
prokka_CHQ_1/CHQ_1:Gene	CHQ_1_04667	CHQ_1_43:276075-276635	CHQ_1_04667
prokka_CHQ_1/CHQ_1:Gene	ynjB	CHQ_1_43:276638-277816	CHQ_1_04668
prokka_CHQ_1/CHQ_1:Gene	ynjC	CHQ_1_43:277789-279324	CHQ_1_04669
prokka_CHQ_1/CHQ_1:Gene	fbpC2	CHQ_1_43:279324-279956	CHQ_1_04670
prokka_CHQ_1/CHQ_1:Gene	ynjE	CHQ_1_43:280050-281357	CHQ_1_04671
prokka_CHQ_1/CHQ_1:Gene	ynjF	CHQ_1_43:c282020-281406	CHQ_1_04672
prokka_CHQ_1/CHQ_1:Gene	nudG	CHQ_1_43:282107-282517	CHQ_1_04673
prokka_CHQ_1/CHQ_1:Gene	gdhA_2	CHQ_1_43:282700-284043	CHQ_1_04674
prokka_CHQ_1/CHQ_1:Gene	qorA_2	CHQ_1_43:c285067-284087	CHQ_1_04675
prokka_CHQ_1/CHQ_1:Gene	topB	CHQ_1_43:c287184-285244	CHQ_1_04676
prokka_CHQ_1/CHQ_1:Gene	selD	CHQ_1_43:c288232-287189	CHQ_1_04677
prokka_CHQ_1/CHQ_1:Gene	phoC	CHQ_1_43:288458-289204	CHQ_1_04678
prokka_CHQ_1/CHQ_1:Gene	CHQ_1_04679	CHQ_1_44:26-238	CHQ_1_04679
prokka_CHQ_1/CHQ_1:Gene	phnV	CHQ_1_44:c1486-689	CHQ_1_04680
prokka_CHQ_1/CHQ_1:Gene	phnU	CHQ_1_44:c2349-1489	CHQ_1_04681
prokka_CHQ_1/CHQ_1:Gene	phnT	CHQ_1_44:c3461-2349	CHQ_1_04682
prokka_CHQ_1/CHQ_1:Gene	phnS	CHQ_1_44:c4480-3467	CHQ_1_04683
prokka_CHQ_1/CHQ_1:Gene	phnR	CHQ_1_44:c5378-4659	CHQ_1_04684
prokka_CHQ_1/CHQ_1:Gene	phnW	CHQ_1_44:5520-6623	CHQ_1_04685
prokka_CHQ_1/CHQ_1:Gene	phnX	CHQ_1_44:6633-7442	CHQ_1_04686
prokka_CHQ_1/CHQ_1:Gene	nepI_3	CHQ_1_44:c8632-7439	CHQ_1_04687
prokka_CHQ_1/CHQ_1:Gene	CHQ_1_04688	CHQ_1_44:8844-8975	CHQ_1_04688
prokka_CHQ_1/CHQ_1:Gene	CHQ_1_04689	CHQ_1_44:9067-9204	CHQ_1_04689
prokka_CHQ_1/CHQ_1:Gene	CHQ_1_04690	CHQ_1_44:9188-9511	CHQ_1_04690
prokka_CHQ_1/CHQ_1:Gene	CHQ_1_04691	CHQ_1_44:c10092-9640	CHQ_1_04691
prokka_CHQ_1/CHQ_1:Gene	uhpT	CHQ_1_44:c11620-10229	CHQ_1_04692
prokka_CHQ_1/CHQ_1:Gene	uhpC	CHQ_1_44:c13094-11766	CHQ_1_04693
prokka_CHQ_1/CHQ_1:Gene	uhpB	CHQ_1_44:c14608-13106	CHQ_1_04694
prokka_CHQ_1/CHQ_1:Gene	uhpA	CHQ_1_44:c15198-14605	CHQ_1_04695
prokka_CHQ_1/CHQ_1:Gene	ilvN	CHQ_1_44:c15607-15320	CHQ_1_04696
prokka_CHQ_1/CHQ_1:Gene	ilvB_2	CHQ_1_44:c17299-15611	CHQ_1_04697
prokka_CHQ_1/CHQ_1:Gene	CHQ_1_04698	CHQ_1_44:c17499-17404	CHQ_1_04698
prokka_CHQ_1/CHQ_1:Gene	CHQ_1_04699	CHQ_1_44:18160-18249	CHQ_1_04699
prokka_CHQ_1/CHQ_1:Gene	CHQ_1_04700	CHQ_1_44:18340-18786	CHQ_1_04700
prokka_CHQ_1/CHQ_1:Gene	CHQ_1_04701	CHQ_1_44:18854-19687	CHQ_1_04701
prokka_CHQ_1/CHQ_1:Gene	emrD	CHQ_1_44:19863-21047	CHQ_1_04702
prokka_CHQ_1/CHQ_1:Gene	dsdC	CHQ_1_44:c22040-21117	CHQ_1_04703
prokka_CHQ_1/CHQ_1:Gene	dsdX	CHQ_1_44:22267-23604	CHQ_1_04704
prokka_CHQ_1/CHQ_1:Gene	dsdA	CHQ_1_44:23622-24950	CHQ_1_04705
prokka_CHQ_1/CHQ_1:Gene	CHQ_1_04706	CHQ_1_44:c25454-24954	CHQ_1_04706
prokka_CHQ_1/CHQ_1:Gene	yidG	CHQ_1_44:c25813-25451	CHQ_1_04707
prokka_CHQ_1/CHQ_1:Gene	yidH	CHQ_1_44:c26150-25803	CHQ_1_04708
prokka_CHQ_1/CHQ_1:Gene	aglB	CHQ_1_44:c27573-26251	CHQ_1_04709
prokka_CHQ_1/CHQ_1:Gene	malP_4	CHQ_1_44:c29192-27570	CHQ_1_04710
prokka_CHQ_1/CHQ_1:Gene	mngR_2	CHQ_1_44:29491-30237	CHQ_1_04711
prokka_CHQ_1/CHQ_1:Gene	aspT_2	CHQ_1_44:c31866-30205	CHQ_1_04712
prokka_CHQ_1/CHQ_1:Gene	ibpB_2	CHQ_1_44:c32440-32012	CHQ_1_04713
prokka_CHQ_1/CHQ_1:Gene	ibpA	CHQ_1_44:c32970-32557	CHQ_1_04714
prokka_CHQ_1/CHQ_1:Gene	CHQ_1_04715	CHQ_1_44:33284-33616	CHQ_1_04715
prokka_CHQ_1/CHQ_1:Gene	CHQ_1_04716	CHQ_1_44:c34883-33618	CHQ_1_04716
prokka_CHQ_1/CHQ_1:Gene	CHQ_1_04717	CHQ_1_44:c36061-34922	CHQ_1_04717
prokka_CHQ_1/CHQ_1:Gene	CHQ_1_04718	CHQ_1_44:c37140-36058	CHQ_1_04718
prokka_CHQ_1/CHQ_1:Gene	yidA	CHQ_1_44:c38103-37291	CHQ_1_04719
prokka_CHQ_1/CHQ_1:Gene	gyrB	CHQ_1_44:c40718-38304	CHQ_1_04720
prokka_CHQ_1/CHQ_1:Gene	recF	CHQ_1_44:c41820-40747	CHQ_1_04721
prokka_CHQ_1/CHQ_1:Gene	dnaN	CHQ_1_44:c43069-41969	CHQ_1_04722
prokka_CHQ_1/CHQ_1:Gene	dnaA	CHQ_1_44:c44477-43074	CHQ_1_04723
prokka_CHQ_1/CHQ_1:Gene	CHQ_1_04724	CHQ_1_44:c45488-45291	CHQ_1_04724
prokka_CHQ_1/CHQ_1:Gene	yidC	CHQ_1_44:45838-47484	CHQ_1_04725
prokka_CHQ_1/CHQ_1:Gene	mnmE	CHQ_1_44:47607-48971	CHQ_1_04726
prokka_CHQ_1/CHQ_1:Gene	CHQ_1_04727	CHQ_1_44:49090-49509	CHQ_1_04727
prokka_CHQ_1/CHQ_1:Gene	mdtL	CHQ_1_44:49609-50793	CHQ_1_04728
prokka_CHQ_1/CHQ_1:Gene	yidZ	CHQ_1_44:50762-51721	CHQ_1_04729
prokka_CHQ_1/CHQ_1:Gene	CHQ_1_04730	CHQ_1_44:51879-52607	CHQ_1_04730
prokka_CHQ_1/CHQ_1:Gene	chrR	CHQ_1_44:52644-53210	CHQ_1_04731
prokka_CHQ_1/CHQ_1:Gene	adeP	CHQ_1_44:c54593-53256	CHQ_1_04732
prokka_CHQ_1/CHQ_1:Gene	yieH	CHQ_1_44:54763-55428	CHQ_1_04733
prokka_CHQ_1/CHQ_1:Gene	axe1-6A	CHQ_1_44:c56769-55603	CHQ_1_04734
prokka_CHQ_1/CHQ_1:Gene	bglH_4	CHQ_1_44:c58439-56808	CHQ_1_04735
prokka_CHQ_1/CHQ_1:Gene	phoU	CHQ_1_44:c59638-58913	CHQ_1_04736
prokka_CHQ_1/CHQ_1:Gene	pstB	CHQ_1_44:c60462-59689	CHQ_1_04737
prokka_CHQ_1/CHQ_1:Gene	pstA	CHQ_1_44:c61400-60510	CHQ_1_04738
prokka_CHQ_1/CHQ_1:Gene	pstC	CHQ_1_44:c62359-61400	CHQ_1_04739
prokka_CHQ_1/CHQ_1:Gene	pstS	CHQ_1_44:c63528-62488	CHQ_1_04740
prokka_CHQ_1/CHQ_1:Gene	glmS_2	CHQ_1_44:c65697-63868	CHQ_1_04741
prokka_CHQ_1/CHQ_1:Gene	glmU	CHQ_1_44:c67254-65884	CHQ_1_04742
prokka_CHQ_1/CHQ_1:Gene	atpC	CHQ_1_44:c68369-67950	CHQ_1_04743
prokka_CHQ_1/CHQ_1:Gene	atpD	CHQ_1_44:c69772-68390	CHQ_1_04744
prokka_CHQ_1/CHQ_1:Gene	atpG	CHQ_1_44:c70662-69799	CHQ_1_04745
prokka_CHQ_1/CHQ_1:Gene	atpA	CHQ_1_44:c72254-70713	CHQ_1_04746
prokka_CHQ_1/CHQ_1:Gene	atpH	CHQ_1_44:c72800-72267	CHQ_1_04747
prokka_CHQ_1/CHQ_1:Gene	atpF	CHQ_1_44:c73285-72815	CHQ_1_04748
prokka_CHQ_1/CHQ_1:Gene	atpE	CHQ_1_44:c73575-73336	CHQ_1_04749
prokka_CHQ_1/CHQ_1:Gene	atpB	CHQ_1_44:c74439-73624	CHQ_1_04750
prokka_CHQ_1/CHQ_1:Gene	atpI	CHQ_1_44:c74828-74448	CHQ_1_04751
prokka_CHQ_1/CHQ_1:Gene	rsmG	CHQ_1_44:c76068-75445	CHQ_1_04752
prokka_CHQ_1/CHQ_1:Gene	mnmG	CHQ_1_44:c78073-76184	CHQ_1_04753
prokka_CHQ_1/CHQ_1:Gene	mioC	CHQ_1_44:c78895-78455	CHQ_1_04754
prokka_CHQ_1/CHQ_1:Gene	asnC	CHQ_1_44:c79453-78995	CHQ_1_04755
prokka_CHQ_1/CHQ_1:Gene	asnA	CHQ_1_44:79605-80597	CHQ_1_04756
prokka_CHQ_1/CHQ_1:Gene	viaA	CHQ_1_44:c82049-80601	CHQ_1_04757
prokka_CHQ_1/CHQ_1:Gene	ravA	CHQ_1_44:c83545-82046	CHQ_1_04758
prokka_CHQ_1/CHQ_1:Gene	kup	CHQ_1_44:83763-85631	CHQ_1_04759
prokka_CHQ_1/CHQ_1:Gene	rbsD	CHQ_1_44:85817-86236	CHQ_1_04760
prokka_CHQ_1/CHQ_1:Gene	rbsA_4	CHQ_1_44:86247-87752	CHQ_1_04761
prokka_CHQ_1/CHQ_1:Gene	rbsC_7	CHQ_1_44:87758-88723	CHQ_1_04762
prokka_CHQ_1/CHQ_1:Gene	rbsB_3	CHQ_1_44:88751-89641	CHQ_1_04763
prokka_CHQ_1/CHQ_1:Gene	rbsK_2	CHQ_1_44:89744-90673	CHQ_1_04764
prokka_CHQ_1/CHQ_1:Gene	rbsR_3	CHQ_1_44:90686-91669	CHQ_1_04765
prokka_CHQ_1/CHQ_1:Gene	hsrA_3	CHQ_1_44:c93063-91666	CHQ_1_04766
prokka_CHQ_1/CHQ_1:Gene	nanR_2	CHQ_1_44:c93777-93076	CHQ_1_04767
prokka_CHQ_1/CHQ_1:Gene	chbA_4	CHQ_1_45:c749-447	CHQ_1_04768
prokka_CHQ_1/CHQ_1:Gene	licC_5	CHQ_1_45:c2170-848	CHQ_1_04769
prokka_CHQ_1/CHQ_1:Gene	celA_2	CHQ_1_45:c2496-2182	CHQ_1_04770
prokka_CHQ_1/CHQ_1:Gene	CHQ_1_04771	CHQ_1_45:2787-3731	CHQ_1_04771
prokka_CHQ_1/CHQ_1:Gene	pcaK_2	CHQ_1_45:3945-5315	CHQ_1_04772
prokka_CHQ_1/CHQ_1:Gene	galA	CHQ_1_45:5329-6591	CHQ_1_04773
prokka_CHQ_1/CHQ_1:Gene	hdfR_6	CHQ_1_45:c7814-6588	CHQ_1_04774
prokka_CHQ_1/CHQ_1:Gene	galB	CHQ_1_45:7942-8682	CHQ_1_04775
prokka_CHQ_1/CHQ_1:Gene	galC	CHQ_1_45:8679-9392	CHQ_1_04776
prokka_CHQ_1/CHQ_1:Gene	galD	CHQ_1_45:9394-10479	CHQ_1_04777
prokka_CHQ_1/CHQ_1:Gene	CHQ_1_04778	CHQ_1_45:10482-11348	CHQ_1_04778
prokka_CHQ_1/CHQ_1:Gene	CHQ_1_04779	CHQ_1_45:c11642-11352	CHQ_1_04779
prokka_CHQ_1/CHQ_1:Gene	yicL	CHQ_1_45:c12651-11749	CHQ_1_04780
prokka_CHQ_1/CHQ_1:Gene	murP	CHQ_1_45:c14233-12803	CHQ_1_04781
prokka_CHQ_1/CHQ_1:Gene	murQ_2	CHQ_1_45:c15160-14258	CHQ_1_04782
prokka_CHQ_1/CHQ_1:Gene	bcr_3	CHQ_1_45:c16486-15323	CHQ_1_04783
prokka_CHQ_1/CHQ_1:Gene	oprM_2	CHQ_1_45:c17896-16532	CHQ_1_04784
prokka_CHQ_1/CHQ_1:Gene	mexB_2	CHQ_1_45:c21007-17900	CHQ_1_04785
prokka_CHQ_1/CHQ_1:Gene	mexA	CHQ_1_45:c22131-21007	CHQ_1_04786
prokka_CHQ_1/CHQ_1:Gene	CHQ_1_04787	CHQ_1_45:22511-22927	CHQ_1_04787
prokka_CHQ_1/CHQ_1:Gene	CHQ_1_04788	CHQ_1_45:23131-23709	CHQ_1_04788
prokka_CHQ_1/CHQ_1:Gene	betI_5	CHQ_1_45:c24313-23666	CHQ_1_04789
prokka_CHQ_1/CHQ_1:Gene	bmr3	CHQ_1_45:24394-25887	CHQ_1_04790
prokka_CHQ_1/CHQ_1:Gene	dmlR_15	CHQ_1_45:c26798-25884	CHQ_1_04791
prokka_CHQ_1/CHQ_1:Gene	CHQ_1_04792	CHQ_1_45:26894-27526	CHQ_1_04792
prokka_CHQ_1/CHQ_1:Gene	CHQ_1_04793	CHQ_1_45:27523-27993	CHQ_1_04793
prokka_CHQ_1/CHQ_1:Gene	CHQ_1_04794	CHQ_1_45:c28550-28014	CHQ_1_04794
prokka_CHQ_1/CHQ_1:Gene	mtrA	CHQ_1_45:28669-29574	CHQ_1_04795
prokka_CHQ_1/CHQ_1:Gene	nlpA	CHQ_1_45:29701-30510	CHQ_1_04796
prokka_CHQ_1/CHQ_1:Gene	CHQ_1_04797	CHQ_1_45:30535-31389	CHQ_1_04797
prokka_CHQ_1/CHQ_1:Gene	rppH_2	CHQ_1_45:c31939-31379	CHQ_1_04798
prokka_CHQ_1/CHQ_1:Gene	CHQ_1_04799	CHQ_1_45:32106-32885	CHQ_1_04799
prokka_CHQ_1/CHQ_1:Gene	cdhR	CHQ_1_45:32907-33860	CHQ_1_04800
prokka_CHQ_1/CHQ_1:Gene	yahK	CHQ_1_45:c34906-33857	CHQ_1_04801
prokka_CHQ_1/CHQ_1:Gene	ycnE	CHQ_1_45:c35351-35061	CHQ_1_04802
prokka_CHQ_1/CHQ_1:Gene	CHQ_1_04803	CHQ_1_45:c36360-35353	CHQ_1_04803
prokka_CHQ_1/CHQ_1:Gene	CHQ_1_04804	CHQ_1_45:c36940-36473	CHQ_1_04804
prokka_CHQ_1/CHQ_1:Gene	CHQ_1_04805	CHQ_1_45:c37200-37106	CHQ_1_04805
prokka_CHQ_1/CHQ_1:Gene	yicJ_3	CHQ_1_45:37493-38887	CHQ_1_04806
prokka_CHQ_1/CHQ_1:Gene	yicI	CHQ_1_45:38900-41218	CHQ_1_04807
prokka_CHQ_1/CHQ_1:Gene	CHQ_1_04808	CHQ_1_45:41377-42099	CHQ_1_04808
prokka_CHQ_1/CHQ_1:Gene	pagL	CHQ_1_45:c44095-42716	CHQ_1_04809
prokka_CHQ_1/CHQ_1:Gene	malP_5	CHQ_1_45:c45667-44108	CHQ_1_04810
prokka_CHQ_1/CHQ_1:Gene	CHQ_1_04811	CHQ_1_45:c47634-45919	CHQ_1_04811
prokka_CHQ_1/CHQ_1:Gene	xanP_2	CHQ_1_45:c49176-47785	CHQ_1_04812
prokka_CHQ_1/CHQ_1:Gene	gltS	CHQ_1_45:49461-50663	CHQ_1_04813
prokka_CHQ_1/CHQ_1:Gene	glpK	CHQ_1_45:c52289-50778	CHQ_1_04814
prokka_CHQ_1/CHQ_1:Gene	glpF	CHQ_1_45:c53162-52311	CHQ_1_04815
prokka_CHQ_1/CHQ_1:Gene	zapB	CHQ_1_45:53611-53850	CHQ_1_04816
prokka_CHQ_1/CHQ_1:Gene	sbp	CHQ_1_45:54003-54992	CHQ_1_04817
prokka_CHQ_1/CHQ_1:Gene	cdh	CHQ_1_45:55241-56005	CHQ_1_04818
prokka_CHQ_1/CHQ_1:Gene	CHQ_1_04819	CHQ_1_45:56070-57374	CHQ_1_04819
prokka_CHQ_1/CHQ_1:Gene	tpiA	CHQ_1_45:c58234-57467	CHQ_1_04820
prokka_CHQ_1/CHQ_1:Gene	CHQ_1_04821	CHQ_1_45:c58943-58344	CHQ_1_04821
prokka_CHQ_1/CHQ_1:Gene	CHQ_1_04822	CHQ_1_45:59056-59484	CHQ_1_04822
prokka_CHQ_1/CHQ_1:Gene	fpr	CHQ_1_45:c60231-59485	CHQ_1_04823
prokka_CHQ_1/CHQ_1:Gene	glpX	CHQ_1_45:c61392-60382	CHQ_1_04824
prokka_CHQ_1/CHQ_1:Gene	recG	CHQ_1_45:c63522-61441	CHQ_1_04825
prokka_CHQ_1/CHQ_1:Gene	trmH_2	CHQ_1_45:c64217-63528	CHQ_1_04826
prokka_CHQ_1/CHQ_1:Gene	spoT	CHQ_1_45:c66499-64379	CHQ_1_04827
prokka_CHQ_1/CHQ_1:Gene	rpoZ	CHQ_1_45:c66793-66518	CHQ_1_04828
prokka_CHQ_1/CHQ_1:Gene	gmk	CHQ_1_45:c67471-66848	CHQ_1_04829
prokka_CHQ_1/CHQ_1:Gene	ligB	CHQ_1_45:67730-69406	CHQ_1_04830
prokka_CHQ_1/CHQ_1:Gene	CHQ_1_04831	CHQ_1_45:c70029-69412	CHQ_1_04831
prokka_CHQ_1/CHQ_1:Gene	clcB_2	CHQ_1_45:70305-71564	CHQ_1_04832
prokka_CHQ_1/CHQ_1:Gene	CHQ_1_04833	CHQ_1_45:c72476-71613	CHQ_1_04833
prokka_CHQ_1/CHQ_1:Gene	rph	CHQ_1_45:72603-73319	CHQ_1_04834
prokka_CHQ_1/CHQ_1:Gene	pyrE	CHQ_1_45:73385-74026	CHQ_1_04835
prokka_CHQ_1/CHQ_1:Gene	slmA	CHQ_1_45:c74668-74072	CHQ_1_04836
prokka_CHQ_1/CHQ_1:Gene	dut	CHQ_1_45:c75251-74793	CHQ_1_04837
prokka_CHQ_1/CHQ_1:Gene	coaBC	CHQ_1_45:c76446-75229	CHQ_1_04838
prokka_CHQ_1/CHQ_1:Gene	CHQ_1_04839	CHQ_1_45:76616-77281	CHQ_1_04839
prokka_CHQ_1/CHQ_1:Gene	rpmB	CHQ_1_45:77498-77734	CHQ_1_04840
prokka_CHQ_1/CHQ_1:Gene	rpmG	CHQ_1_45:77755-77922	CHQ_1_04841
prokka_CHQ_1/CHQ_1:Gene	mutM	CHQ_1_45:78058-78867	CHQ_1_04842
prokka_CHQ_1/CHQ_1:Gene	coaD	CHQ_1_45:c79497-79018	CHQ_1_04843
prokka_CHQ_1/CHQ_1:Gene	CHQ_1_04844	CHQ_1_45:c80270-79494	CHQ_1_04844
prokka_CHQ_1/CHQ_1:Gene	waaA	CHQ_1_45:c81544-80270	CHQ_1_04845
prokka_CHQ_1/CHQ_1:Gene	CHQ_1_04846	CHQ_1_45:c82625-81636	CHQ_1_04846
prokka_CHQ_1/CHQ_1:Gene	pglJ	CHQ_1_45:c83749-82655	CHQ_1_04847
prokka_CHQ_1/CHQ_1:Gene	rfaG	CHQ_1_45:c84879-83752	CHQ_1_04848
prokka_CHQ_1/CHQ_1:Gene	rfaQ	CHQ_1_45:c85952-84876	CHQ_1_04849
prokka_CHQ_1/CHQ_1:Gene	CHQ_1_04850	CHQ_1_45:86064-87026	CHQ_1_04850
prokka_CHQ_1/CHQ_1:Gene	CHQ_1_04851	CHQ_1_45:87045-88124	CHQ_1_04851
prokka_CHQ_1/CHQ_1:Gene	CHQ_1_04852	CHQ_1_45:c89338-88169	CHQ_1_04852
prokka_CHQ_1/CHQ_1:Gene	CHQ_1_04853	CHQ_1_45:c90224-89316	CHQ_1_04853
prokka_CHQ_1/CHQ_1:Gene	rfaC	CHQ_1_45:c91195-90224	CHQ_1_04854
prokka_CHQ_1/CHQ_1:Gene	rfaF	CHQ_1_45:c92257-91199	CHQ_1_04855
prokka_CHQ_1/CHQ_1:Gene	hldD	CHQ_1_45:c93198-92266	CHQ_1_04856
prokka_CHQ_1/CHQ_1:Gene	kbl	CHQ_1_45:93412-94605	CHQ_1_04857
prokka_CHQ_1/CHQ_1:Gene	tdh	CHQ_1_45:94618-95643	CHQ_1_04858
prokka_CHQ_1/CHQ_1:Gene	CHQ_1_04859	CHQ_1_45:95813-96601	CHQ_1_04859
prokka_CHQ_1/CHQ_1:Gene	CHQ_1_04860	CHQ_1_45:c97563-96607	CHQ_1_04860
prokka_CHQ_1/CHQ_1:Gene	envC	CHQ_1_45:c98838-97567	CHQ_1_04861
prokka_CHQ_1/CHQ_1:Gene	gpmI	CHQ_1_45:c100392-98848	CHQ_1_04862
prokka_CHQ_1/CHQ_1:Gene	yibN	CHQ_1_45:100638-101069	CHQ_1_04863
prokka_CHQ_1/CHQ_1:Gene	grxC	CHQ_1_45:101174-101425	CHQ_1_04864
prokka_CHQ_1/CHQ_1:Gene	secB	CHQ_1_45:101486-101953	CHQ_1_04865
prokka_CHQ_1/CHQ_1:Gene	gpsA	CHQ_1_45:101953-102972	CHQ_1_04866
prokka_CHQ_1/CHQ_1:Gene	cysE	CHQ_1_45:103046-103867	CHQ_1_04867
prokka_CHQ_1/CHQ_1:Gene	trmL	CHQ_1_45:c104443-103970	CHQ_1_04868
prokka_CHQ_1/CHQ_1:Gene	lldD_2	CHQ_1_45:c105876-104692	CHQ_1_04869
prokka_CHQ_1/CHQ_1:Gene	lldR_3	CHQ_1_45:c106649-105876	CHQ_1_04870
prokka_CHQ_1/CHQ_1:Gene	lldP	CHQ_1_45:c108301-106646	CHQ_1_04871
prokka_CHQ_1/CHQ_1:Gene	yibL	CHQ_1_45:c108947-108585	CHQ_1_04872
prokka_CHQ_1/CHQ_1:Gene	glgS_2	CHQ_1_45:109220-109444	CHQ_1_04873
prokka_CHQ_1/CHQ_1:Gene	mtlR	CHQ_1_45:c110032-109433	CHQ_1_04874
prokka_CHQ_1/CHQ_1:Gene	mtlD	CHQ_1_45:c111177-110029	CHQ_1_04875
prokka_CHQ_1/CHQ_1:Gene	mtlA	CHQ_1_45:c113187-111280	CHQ_1_04876
prokka_CHQ_1/CHQ_1:Gene	yiaW_3	CHQ_1_45:113726-114094	CHQ_1_04877
prokka_CHQ_1/CHQ_1:Gene	yibH_2	CHQ_1_45:114098-115234	CHQ_1_04878
prokka_CHQ_1/CHQ_1:Gene	yibF	CHQ_1_45:115327-115935	CHQ_1_04879
prokka_CHQ_1/CHQ_1:Gene	selA	CHQ_1_45:116041-117429	CHQ_1_04880
prokka_CHQ_1/CHQ_1:Gene	selB	CHQ_1_45:117426-119267	CHQ_1_04881
prokka_CHQ_1/CHQ_1:Gene	hypBA1	CHQ_1_45:c121291-119342	CHQ_1_04882
prokka_CHQ_1/CHQ_1:Gene	yicJ_4	CHQ_1_45:c122701-121301	CHQ_1_04883
prokka_CHQ_1/CHQ_1:Gene	rhaR_7	CHQ_1_45:122953-123768	CHQ_1_04884
prokka_CHQ_1/CHQ_1:Gene	hyfA_2	CHQ_1_45:123879-124364	CHQ_1_04885
prokka_CHQ_1/CHQ_1:Gene	avtA	CHQ_1_45:c125663-124407	CHQ_1_04886
prokka_CHQ_1/CHQ_1:Gene	malS	CHQ_1_45:c127864-125831	CHQ_1_04887
prokka_CHQ_1/CHQ_1:Gene	CHQ_1_04888	CHQ_1_45:128433-128996	CHQ_1_04888
prokka_CHQ_1/CHQ_1:Gene	xylR	CHQ_1_45:c130236-129058	CHQ_1_04889
prokka_CHQ_1/CHQ_1:Gene	xylH	CHQ_1_45:c131651-130470	CHQ_1_04890
prokka_CHQ_1/CHQ_1:Gene	xylG_2	CHQ_1_45:c133170-131629	CHQ_1_04891
prokka_CHQ_1/CHQ_1:Gene	xylF	CHQ_1_45:c134229-133234	CHQ_1_04892
prokka_CHQ_1/CHQ_1:Gene	xylA_2	CHQ_1_45:134725-136047	CHQ_1_04893
prokka_CHQ_1/CHQ_1:Gene	xylB_2	CHQ_1_45:136140-137594	CHQ_1_04894
prokka_CHQ_1/CHQ_1:Gene	yiaB	CHQ_1_45:137761-138132	CHQ_1_04895
prokka_CHQ_1/CHQ_1:Gene	wecH	CHQ_1_45:c139156-138161	CHQ_1_04896
prokka_CHQ_1/CHQ_1:Gene	CHQ_1_04897	CHQ_1_45:139333-139635	CHQ_1_04897
prokka_CHQ_1/CHQ_1:Gene	glyQ	CHQ_1_45:139763-140674	CHQ_1_04898
prokka_CHQ_1/CHQ_1:Gene	glyS	CHQ_1_45:140684-142753	CHQ_1_04899
prokka_CHQ_1/CHQ_1:Gene	hokA	CHQ_1_45:143079-143231	CHQ_1_04900
prokka_CHQ_1/CHQ_1:Gene	yheS_3	CHQ_1_45:143533-145152	CHQ_1_04901
prokka_CHQ_1/CHQ_1:Gene	cspA	CHQ_1_45:c145463-145251	CHQ_1_04902
prokka_CHQ_1/CHQ_1:Gene	CHQ_1_04903	CHQ_1_45:c146005-145715	CHQ_1_04903
prokka_CHQ_1/CHQ_1:Gene	pcaK_3	CHQ_1_45:c147605-146250	CHQ_1_04904
prokka_CHQ_1/CHQ_1:Gene	CHQ_1_04905	CHQ_1_45:148046-148756	CHQ_1_04905
prokka_CHQ_1/CHQ_1:Gene	ghrB	CHQ_1_45:c149836-148865	CHQ_1_04906
prokka_CHQ_1/CHQ_1:Gene	ttuB_4	CHQ_1_45:c151141-149861	CHQ_1_04907
prokka_CHQ_1/CHQ_1:Gene	kdgK_1	CHQ_1_45:c152181-151246	CHQ_1_04908
prokka_CHQ_1/CHQ_1:Gene	CHQ_1_04909	CHQ_1_45:c152934-152185	CHQ_1_04909
prokka_CHQ_1/CHQ_1:Gene	kdgR_2	CHQ_1_45:c154062-153046	CHQ_1_04910
prokka_CHQ_1/CHQ_1:Gene	yiaD	CHQ_1_45:c154828-154166	CHQ_1_04911
prokka_CHQ_1/CHQ_1:Gene	bisC	CHQ_1_45:154995-157325	CHQ_1_04912
prokka_CHQ_1/CHQ_1:Gene	yiaC	CHQ_1_45:c157734-157294	CHQ_1_04913
prokka_CHQ_1/CHQ_1:Gene	tag	CHQ_1_45:c158293-157712	CHQ_1_04914
prokka_CHQ_1/CHQ_1:Gene	CHQ_1_04915	CHQ_1_45:158436-159080	CHQ_1_04915
prokka_CHQ_1/CHQ_1:Gene	yhjX	CHQ_1_45:159322-160527	CHQ_1_04916
prokka_CHQ_1/CHQ_1:Gene	eptB	CHQ_1_45:160770-162443	CHQ_1_04917
prokka_CHQ_1/CHQ_1:Gene	CHQ_1_04918	CHQ_1_45:162636-164030	CHQ_1_04918
prokka_CHQ_1/CHQ_1:Gene	CHQ_1_04919	CHQ_1_45:164150-164226	CHQ_1_04919
prokka_CHQ_1/CHQ_1:Gene	dppA_3	CHQ_1_45:165222-166829	CHQ_1_04920
prokka_CHQ_1/CHQ_1:Gene	dppB_3	CHQ_1_45:166964-167983	CHQ_1_04921
prokka_CHQ_1/CHQ_1:Gene	dppC	CHQ_1_45:167993-168895	CHQ_1_04922
prokka_CHQ_1/CHQ_1:Gene	dppD_2	CHQ_1_45:168906-169889	CHQ_1_04923
prokka_CHQ_1/CHQ_1:Gene	oppF_4	CHQ_1_45:169886-170899	CHQ_1_04924
prokka_CHQ_1/CHQ_1:Gene	CHQ_1_04925	CHQ_1_45:171414-171950	CHQ_1_04925
prokka_CHQ_1/CHQ_1:Gene	bcsQ_1	CHQ_1_45:171941-172744	CHQ_1_04926
prokka_CHQ_1/CHQ_1:Gene	acsAB_2	CHQ_1_45:172764-174875	CHQ_1_04927
prokka_CHQ_1/CHQ_1:Gene	bcsB_1	CHQ_1_45:174872-177307	CHQ_1_04928
prokka_CHQ_1/CHQ_1:Gene	bepA_2	CHQ_1_45:177304-181356	CHQ_1_04929
prokka_CHQ_1/CHQ_1:Gene	CHQ_1_04930	CHQ_1_45:181356-181832	CHQ_1_04930
prokka_CHQ_1/CHQ_1:Gene	CHQ_1_04931	CHQ_1_45:181844-182845	CHQ_1_04931
prokka_CHQ_1/CHQ_1:Gene	bcsG	CHQ_1_45:c184628-182952	CHQ_1_04932
prokka_CHQ_1/CHQ_1:Gene	CHQ_1_04933	CHQ_1_45:c184822-184625	CHQ_1_04933
prokka_CHQ_1/CHQ_1:Gene	bcsE	CHQ_1_45:c186375-184822	CHQ_1_04934
prokka_CHQ_1/CHQ_1:Gene	yhjR	CHQ_1_45:186545-186733	CHQ_1_04935
prokka_CHQ_1/CHQ_1:Gene	bcsQ_2	CHQ_1_45:186745-187476	CHQ_1_04936
prokka_CHQ_1/CHQ_1:Gene	bcsA	CHQ_1_45:187473-190091	CHQ_1_04937
prokka_CHQ_1/CHQ_1:Gene	bcsB_2	CHQ_1_45:190123-192447	CHQ_1_04938
prokka_CHQ_1/CHQ_1:Gene	bcsZ	CHQ_1_45:192451-193560	CHQ_1_04939
prokka_CHQ_1/CHQ_1:Gene	bcsC	CHQ_1_45:193542-197021	CHQ_1_04940
prokka_CHQ_1/CHQ_1:Gene	pdeK	CHQ_1_45:197265-199271	CHQ_1_04941
prokka_CHQ_1/CHQ_1:Gene	dctA_2	CHQ_1_45:199428-200714	CHQ_1_04942
prokka_CHQ_1/CHQ_1:Gene	yhjJ	CHQ_1_45:200934-202445	CHQ_1_04943
prokka_CHQ_1/CHQ_1:Gene	kdgK_2	CHQ_1_45:c203429-202500	CHQ_1_04944
prokka_CHQ_1/CHQ_1:Gene	CHQ_1_04945	CHQ_1_45:203624-205675	CHQ_1_04945
prokka_CHQ_1/CHQ_1:Gene	yhjE	CHQ_1_45:c207035-205713	CHQ_1_04946
prokka_CHQ_1/CHQ_1:Gene	yhjD	CHQ_1_45:c208338-207307	CHQ_1_04947
prokka_CHQ_1/CHQ_1:Gene	dmlR_16	CHQ_1_45:c209344-208445	CHQ_1_04948
prokka_CHQ_1/CHQ_1:Gene	fabG_10	CHQ_1_45:209464-210222	CHQ_1_04949
prokka_CHQ_1/CHQ_1:Gene	CHQ_1_04950	CHQ_1_45:c210790-210257	CHQ_1_04950
prokka_CHQ_1/CHQ_1:Gene	treF	CHQ_1_45:c212509-210857	CHQ_1_04951
prokka_CHQ_1/CHQ_1:Gene	adh1	CHQ_1_45:c213942-212749	CHQ_1_04952
prokka_CHQ_1/CHQ_1:Gene	gstB_5	CHQ_1_45:214024-214647	CHQ_1_04953
prokka_CHQ_1/CHQ_1:Gene	gor	CHQ_1_45:c216053-214701	CHQ_1_04954
prokka_CHQ_1/CHQ_1:Gene	rlmJ	CHQ_1_45:c216968-216126	CHQ_1_04955
prokka_CHQ_1/CHQ_1:Gene	CHQ_1_04956	CHQ_1_45:217162-218433	CHQ_1_04956
prokka_CHQ_1/CHQ_1:Gene	prlC	CHQ_1_45:218616-220658	CHQ_1_04957
prokka_CHQ_1/CHQ_1:Gene	rsmJ	CHQ_1_45:220624-221418	CHQ_1_04958
prokka_CHQ_1/CHQ_1:Gene	dtpB	CHQ_1_45:c223036-221564	CHQ_1_04959
prokka_CHQ_1/CHQ_1:Gene	uspA	CHQ_1_45:c223729-223292	CHQ_1_04960
prokka_CHQ_1/CHQ_1:Gene	uspB	CHQ_1_45:224112-224447	CHQ_1_04961
prokka_CHQ_1/CHQ_1:Gene	pitA	CHQ_1_45:c226002-224506	CHQ_1_04962
prokka_CHQ_1/CHQ_1:Gene	CHQ_1_04963	CHQ_1_45:226277-227425	CHQ_1_04963
prokka_CHQ_1/CHQ_1:Gene	norR_5	CHQ_1_45:c229340-227457	CHQ_1_04964
prokka_CHQ_1/CHQ_1:Gene	CHQ_1_04965	CHQ_1_45:c230645-229482	CHQ_1_04965
prokka_CHQ_1/CHQ_1:Gene	ybhI	CHQ_1_45:c232052-230658	CHQ_1_04966
prokka_CHQ_1/CHQ_1:Gene	proA_3	CHQ_1_45:c232815-232117	CHQ_1_04967
prokka_CHQ_1/CHQ_1:Gene	CHQ_1_04968	CHQ_1_45:c233779-232826	CHQ_1_04968
prokka_CHQ_1/CHQ_1:Gene	CHQ_1_04969	CHQ_1_45:234116-234391	CHQ_1_04969
prokka_CHQ_1/CHQ_1:Gene	CHQ_1_04970	CHQ_1_45:c234923-234426	CHQ_1_04970
prokka_CHQ_1/CHQ_1:Gene	ydjA	CHQ_1_46:c967-416	CHQ_1_04971
prokka_CHQ_1/CHQ_1:Gene	sppA	CHQ_1_46:1134-2987	CHQ_1_04972
prokka_CHQ_1/CHQ_1:Gene	ansA	CHQ_1_46:3126-4145	CHQ_1_04973
prokka_CHQ_1/CHQ_1:Gene	pncA	CHQ_1_46:4155-4796	CHQ_1_04974
prokka_CHQ_1/CHQ_1:Gene	chiA1	CHQ_1_46:4967-6220	CHQ_1_04975
prokka_CHQ_1/CHQ_1:Gene	CHQ_1_04976	CHQ_1_46:6381-6725	CHQ_1_04976
prokka_CHQ_1/CHQ_1:Gene	CHQ_1_04977	CHQ_1_46:c7097-6819	CHQ_1_04977
prokka_CHQ_1/CHQ_1:Gene	msrB	CHQ_1_46:c7554-7141	CHQ_1_04978
prokka_CHQ_1/CHQ_1:Gene	gapA	CHQ_1_46:7893-8888	CHQ_1_04979
prokka_CHQ_1/CHQ_1:Gene	yeaD	CHQ_1_46:8963-9847	CHQ_1_04980
prokka_CHQ_1/CHQ_1:Gene	CHQ_1_04981	CHQ_1_46:c10762-9908	CHQ_1_04981
prokka_CHQ_1/CHQ_1:Gene	mipA	CHQ_1_46:c11600-10854	CHQ_1_04982
prokka_CHQ_1/CHQ_1:Gene	CHQ_1_04983	CHQ_1_46:12017-13951	CHQ_1_04983
prokka_CHQ_1/CHQ_1:Gene	CHQ_1_04984	CHQ_1_46:14037-15323	CHQ_1_04984
prokka_CHQ_1/CHQ_1:Gene	gpx1	CHQ_1_46:15575-16057	CHQ_1_04985
prokka_CHQ_1/CHQ_1:Gene	CHQ_1_04986	CHQ_1_46:c16765-16205	CHQ_1_04986
prokka_CHQ_1/CHQ_1:Gene	CHQ_1_04987	CHQ_1_46:c17203-16892	CHQ_1_04987
prokka_CHQ_1/CHQ_1:Gene	dmlR_17	CHQ_1_46:c18342-17461	CHQ_1_04988
prokka_CHQ_1/CHQ_1:Gene	sotB_3	CHQ_1_46:18518-19708	CHQ_1_04989
prokka_CHQ_1/CHQ_1:Gene	CHQ_1_04990	CHQ_1_46:c20721-19705	CHQ_1_04990
prokka_CHQ_1/CHQ_1:Gene	glnQ_9	CHQ_1_46:c21471-20743	CHQ_1_04991
prokka_CHQ_1/CHQ_1:Gene	glnP_3	CHQ_1_46:c22124-21468	CHQ_1_04992
prokka_CHQ_1/CHQ_1:Gene	glnH_5	CHQ_1_46:c22928-22176	CHQ_1_04993
prokka_CHQ_1/CHQ_1:Gene	CHQ_1_04994	CHQ_1_46:c23610-23056	CHQ_1_04994
prokka_CHQ_1/CHQ_1:Gene	CHQ_1_04995	CHQ_1_46:c24935-23607	CHQ_1_04995
prokka_CHQ_1/CHQ_1:Gene	hexR_4	CHQ_1_46:c25921-25064	CHQ_1_04996
prokka_CHQ_1/CHQ_1:Gene	dmlR_18	CHQ_1_46:c26953-26045	CHQ_1_04997
prokka_CHQ_1/CHQ_1:Gene	nemA_2	CHQ_1_46:27054-28163	CHQ_1_04998
prokka_CHQ_1/CHQ_1:Gene	CHQ_1_04999	CHQ_1_46:28166-28759	CHQ_1_04999
prokka_CHQ_1/CHQ_1:Gene	butA	CHQ_1_46:c29597-28848	CHQ_1_05000
prokka_CHQ_1/CHQ_1:Gene	pgrR_8	CHQ_1_46:29764-30669	CHQ_1_05001
prokka_CHQ_1/CHQ_1:Gene	umuC_2	CHQ_1_46:c31941-30676	CHQ_1_05002
prokka_CHQ_1/CHQ_1:Gene	umuD_2	CHQ_1_46:c32363-31944	CHQ_1_05003
prokka_CHQ_1/CHQ_1:Gene	CHQ_1_05004	CHQ_1_46:32634-32876	CHQ_1_05004
prokka_CHQ_1/CHQ_1:Gene	CHQ_1_05005	CHQ_1_46:c34199-33060	CHQ_1_05005
prokka_CHQ_1/CHQ_1:Gene	CHQ_1_05006	CHQ_1_46:34443-34943	CHQ_1_05006
prokka_CHQ_1/CHQ_1:Gene	CHQ_1_05007	CHQ_1_46:35061-35507	CHQ_1_05007
prokka_CHQ_1/CHQ_1:Gene	nimR_4	CHQ_1_46:c36282-35491	CHQ_1_05008
prokka_CHQ_1/CHQ_1:Gene	nimT	CHQ_1_46:36384-37568	CHQ_1_05009
prokka_CHQ_1/CHQ_1:Gene	pyrG_2	CHQ_1_46:c38292-37600	CHQ_1_05010
prokka_CHQ_1/CHQ_1:Gene	CHQ_1_05011	CHQ_1_46:38438-38947	CHQ_1_05011
prokka_CHQ_1/CHQ_1:Gene	CHQ_1_05012	CHQ_1_46:38934-39290	CHQ_1_05012
prokka_CHQ_1/CHQ_1:Gene	CHQ_1_05013	CHQ_1_46:c39519-39280	CHQ_1_05013
prokka_CHQ_1/CHQ_1:Gene	dgcP	CHQ_1_46:39820-40833	CHQ_1_05014
prokka_CHQ_1/CHQ_1:Gene	yoaK	CHQ_1_46:40891-40992	CHQ_1_05015
prokka_CHQ_1/CHQ_1:Gene	CHQ_1_05016	CHQ_1_46:c41633-41370	CHQ_1_05016
prokka_CHQ_1/CHQ_1:Gene	leuE_2	CHQ_1_46:c42402-41764	CHQ_1_05017
prokka_CHQ_1/CHQ_1:Gene	lpxP	CHQ_1_46:c43406-42492	CHQ_1_05018
prokka_CHQ_1/CHQ_1:Gene	ansB	CHQ_1_46:c45123-44080	CHQ_1_05019
prokka_CHQ_1/CHQ_1:Gene	CHQ_1_05020	CHQ_1_46:45427-46635	CHQ_1_05020
prokka_CHQ_1/CHQ_1:Gene	CHQ_1_05021	CHQ_1_46:46709-48493	CHQ_1_05021
prokka_CHQ_1/CHQ_1:Gene	gltC_4	CHQ_1_46:c49389-48490	CHQ_1_05022
prokka_CHQ_1/CHQ_1:Gene	lpdC	CHQ_1_46:49511-51013	CHQ_1_05023
prokka_CHQ_1/CHQ_1:Gene	CHQ_1_05024	CHQ_1_46:c51509-51099	CHQ_1_05024
prokka_CHQ_1/CHQ_1:Gene	pdeH_2	CHQ_1_46:c52331-51645	CHQ_1_05025
prokka_CHQ_1/CHQ_1:Gene	CHQ_1_05026	CHQ_1_46:c53608-52976	CHQ_1_05026
prokka_CHQ_1/CHQ_1:Gene	CHQ_1_05027	CHQ_1_46:c53799-53695	CHQ_1_05027
prokka_CHQ_1/CHQ_1:Gene	CHQ_1_05028	CHQ_1_46:54176-54373	CHQ_1_05028
prokka_CHQ_1/CHQ_1:Gene	cydB_3	CHQ_1_46:c55742-54732	CHQ_1_05029
prokka_CHQ_1/CHQ_1:Gene	cydA_3	CHQ_1_46:c57160-55739	CHQ_1_05030
prokka_CHQ_1/CHQ_1:Gene	CHQ_1_05031	CHQ_1_46:c58087-57200	CHQ_1_05031
prokka_CHQ_1/CHQ_1:Gene	yciE_2	CHQ_1_46:c58610-58104	CHQ_1_05032
prokka_CHQ_1/CHQ_1:Gene	yciF	CHQ_1_46:c59131-58637	CHQ_1_05033
prokka_CHQ_1/CHQ_1:Gene	CHQ_1_05034	CHQ_1_46:c59407-59222	CHQ_1_05034
prokka_CHQ_1/CHQ_1:Gene	CHQ_1_05035	CHQ_1_46:60038-61231	CHQ_1_05035
prokka_CHQ_1/CHQ_1:Gene	CHQ_1_05036	CHQ_1_46:61343-61570	CHQ_1_05036
prokka_CHQ_1/CHQ_1:Gene	CHQ_1_05037	CHQ_1_46:c62170-61625	CHQ_1_05037
prokka_CHQ_1/CHQ_1:Gene	CHQ_1_05038	CHQ_1_46:c63102-62461	CHQ_1_05038
prokka_CHQ_1/CHQ_1:Gene	CHQ_1_05039	CHQ_1_46:63260-63733	CHQ_1_05039
prokka_CHQ_1/CHQ_1:Gene	yqjZ	CHQ_1_46:63870-64193	CHQ_1_05040
prokka_CHQ_1/CHQ_1:Gene	CHQ_1_05041	CHQ_1_46:64186-64578	CHQ_1_05041
prokka_CHQ_1/CHQ_1:Gene	CHQ_1_05042	CHQ_1_46:64575-65288	CHQ_1_05042
prokka_CHQ_1/CHQ_1:Gene	icd_2	CHQ_1_46:c65737-65561	CHQ_1_05043
prokka_CHQ_1/CHQ_1:Gene	CHQ_1_05044	CHQ_1_46:c67055-66246	CHQ_1_05044
prokka_CHQ_1/CHQ_1:Gene	yedK_2	CHQ_1_46:67302-67979	CHQ_1_05045
prokka_CHQ_1/CHQ_1:Gene	CHQ_1_05046	CHQ_1_46:68333-69382	CHQ_1_05046
prokka_CHQ_1/CHQ_1:Gene	umuC_3	CHQ_1_46:c71157-69847	CHQ_1_05047
prokka_CHQ_1/CHQ_1:Gene	umuD_3	CHQ_1_46:c71533-71114	CHQ_1_05048
prokka_CHQ_1/CHQ_1:Gene	CHQ_1_05049	CHQ_1_46:72116-72958	CHQ_1_05049
prokka_CHQ_1/CHQ_1:Gene	CHQ_1_05050	CHQ_1_46:c73303-73040	CHQ_1_05050
prokka_CHQ_1/CHQ_1:Gene	CHQ_1_05051	CHQ_1_46:c75777-73306	CHQ_1_05051
prokka_CHQ_1/CHQ_1:Gene	CHQ_1_05052	CHQ_1_46:c78416-75834	CHQ_1_05052
prokka_CHQ_1/CHQ_1:Gene	CHQ_1_05053	CHQ_1_47:c447-82	CHQ_1_05053
prokka_CHQ_1/CHQ_1:Gene	CHQ_1_05054	CHQ_1_47:c983-444	CHQ_1_05054
prokka_CHQ_1/CHQ_1:Gene	CHQ_1_05055	CHQ_1_48:c447-82	CHQ_1_05055
prokka_CHQ_1/CHQ_1:Gene	CHQ_1_05056	CHQ_1_48:c983-444	CHQ_1_05056
prokka_CHQ_1/CHQ_1:Gene	CHQ_1_05057	CHQ_1_49:1145-1729	CHQ_1_05057
prokka_CHQ_1/CHQ_1:Gene	pdeH_3	CHQ_1_49:1871-2587	CHQ_1_05058
prokka_CHQ_1/CHQ_1:Gene	CHQ_1_05059	CHQ_1_49:c3299-2649	CHQ_1_05059
prokka_CHQ_1/CHQ_1:Gene	mrkD_2	CHQ_1_49:c4288-3314	CHQ_1_05060
prokka_CHQ_1/CHQ_1:Gene	htrE_2	CHQ_1_49:c6765-4279	CHQ_1_05061
prokka_CHQ_1/CHQ_1:Gene	yadV_2	CHQ_1_49:c7478-6777	CHQ_1_05062
prokka_CHQ_1/CHQ_1:Gene	CHQ_1_05063	CHQ_1_49:c8280-7672	CHQ_1_05063
prokka_CHQ_1/CHQ_1:Gene	CHQ_1_05064	CHQ_1_49:8436-8543	CHQ_1_05064
prokka_CHQ_1/CHQ_1:Gene	CHQ_1_05065	CHQ_1_49:c9530-9249	CHQ_1_05065
prokka_CHQ_1/CHQ_1:Gene	CHQ_1_05066	CHQ_1_50:c591-310	CHQ_1_05066
prokka_CHQ_1/CHQ_1:Gene	CHQ_1_05067	CHQ_1_50:c3000-2143	CHQ_1_05067
prokka_CHQ_1/CHQ_1:Gene	pld	CHQ_1_50:c4266-3886	CHQ_1_05068
prokka_CHQ_1/CHQ_1:Gene	CHQ_1_05069	CHQ_1_50:c6344-4986	CHQ_1_05069
prokka_CHQ_1/CHQ_1:Gene	bla_2	CHQ_1_51:230-1090	CHQ_1_05070
prokka_CHQ_1/CHQ_1:Gene	glpR_5	CHQ_1_51:c1872-1111	CHQ_1_05071
prokka_CHQ_1/CHQ_1:Gene	CHQ_1_05072	CHQ_1_51:c4877-1980	CHQ_1_05072
prokka_CHQ_1/CHQ_1:Gene	pinR	CHQ_1_51:4972-5577	CHQ_1_05073
prokka_CHQ_1/CHQ_1:Gene	CHQ_1_05074	CHQ_1_51:c8247-6160	CHQ_1_05074
prokka_CHQ_1/CHQ_1:Gene	CHQ_1_05075	CHQ_1_51:c9210-8260	CHQ_1_05075
prokka_CHQ_1/CHQ_1:Gene	CHQ_1_05076	CHQ_1_51:c10528-9221	CHQ_1_05076
prokka_CHQ_1/CHQ_1:Gene	CHQ_1_05077	CHQ_1_51:c10923-10528	CHQ_1_05077
prokka_CHQ_1/CHQ_1:Gene	CHQ_1_05078	CHQ_1_51:c11378-11028	CHQ_1_05078
prokka_CHQ_1/CHQ_1:Gene	CHQ_1_05079	CHQ_1_51:11491-12144	CHQ_1_05079
prokka_CHQ_1/CHQ_1:Gene	pemI	CHQ_1_51:12236-12493	CHQ_1_05080
prokka_CHQ_1/CHQ_1:Gene	pemK	CHQ_1_51:12495-12827	CHQ_1_05081
prokka_CHQ_1/CHQ_1:Gene	umuD_4	CHQ_1_51:12920-13354	CHQ_1_05082
prokka_CHQ_1/CHQ_1:Gene	umuC_4	CHQ_1_51:13303-13848	CHQ_1_05083
prokka_CHQ_1/CHQ_1:Gene	umuC_5	CHQ_1_51:13863-14606	CHQ_1_05084
prokka_CHQ_1/CHQ_1:Gene	CHQ_1_05085	CHQ_1_51:c14938-14729	CHQ_1_05085
prokka_CHQ_1/CHQ_1:Gene	CHQ_1_05086	CHQ_1_51:c15159-14941	CHQ_1_05086
prokka_CHQ_1/CHQ_1:Gene	CHQ_1_05087	CHQ_1_51:c15887-15204	CHQ_1_05087
prokka_CHQ_1/CHQ_1:Gene	CHQ_1_05088	CHQ_1_51:c16145-15888	CHQ_1_05088
prokka_CHQ_1/CHQ_1:Gene	CHQ_1_05089	CHQ_1_51:c17437-16163	CHQ_1_05089
prokka_CHQ_1/CHQ_1:Gene	CHQ_1_05090	CHQ_1_51:17965-18321	CHQ_1_05090
prokka_CHQ_1/CHQ_1:Gene	CHQ_1_05091	CHQ_1_51:18299-18877	CHQ_1_05091
prokka_CHQ_1/CHQ_1:Gene	CHQ_1_05092	CHQ_1_51:18879-19286	CHQ_1_05092
prokka_CHQ_1/CHQ_1:Gene	CHQ_1_05093	CHQ_1_51:c19984-19439	CHQ_1_05093
prokka_CHQ_1/CHQ_1:Gene	CHQ_1_05094	CHQ_1_51:20125-20595	CHQ_1_05094
prokka_CHQ_1/CHQ_1:Gene	CHQ_1_05095	CHQ_1_51:20582-20830	CHQ_1_05095
prokka_CHQ_1/CHQ_1:Gene	CHQ_1_05096	CHQ_1_51:20823-21410	CHQ_1_05096
prokka_CHQ_1/CHQ_1:Gene	CHQ_1_05097	CHQ_1_51:21407-21892	CHQ_1_05097
prokka_CHQ_1/CHQ_1:Gene	CHQ_1_05098	CHQ_1_51:21889-22137	CHQ_1_05098
prokka_CHQ_1/CHQ_1:Gene	xerC_8	CHQ_1_51:22156-22896	CHQ_1_05099
prokka_CHQ_1/CHQ_1:Gene	parM_2	CHQ_1_51:23137-24111	CHQ_1_05100
prokka_CHQ_1/CHQ_1:Gene	stbB	CHQ_1_51:24114-24557	CHQ_1_05101
prokka_CHQ_1/CHQ_1:Gene	CHQ_1_05102	CHQ_1_51:24567-25130	CHQ_1_05102
prokka_CHQ_1/CHQ_1:Gene	CHQ_1_05103	CHQ_1_51:25248-25754	CHQ_1_05103
prokka_CHQ_1/CHQ_1:Gene	CHQ_1_05104	CHQ_1_51:25747-26226	CHQ_1_05104
prokka_CHQ_1/CHQ_1:Gene	CHQ_1_05105	CHQ_1_51:26255-26665	CHQ_1_05105
prokka_CHQ_1/CHQ_1:Gene	CHQ_1_05106	CHQ_1_51:26783-27046	CHQ_1_05106
prokka_CHQ_1/CHQ_1:Gene	CHQ_1_05107	CHQ_1_51:27068-27430	CHQ_1_05107
prokka_CHQ_1/CHQ_1:Gene	CHQ_1_05108	CHQ_1_51:27552-28001	CHQ_1_05108
prokka_CHQ_1/CHQ_1:Gene	CHQ_1_05109	CHQ_1_51:28046-28312	CHQ_1_05109
prokka_CHQ_1/CHQ_1:Gene	CHQ_1_05110	CHQ_1_51:28989-29168	CHQ_1_05110
prokka_CHQ_1/CHQ_1:Gene	CHQ_1_05111	CHQ_1_51:29241-30101	CHQ_1_05111
prokka_CHQ_1/CHQ_1:Gene	CHQ_1_05112	CHQ_1_51:30291-30629	CHQ_1_05112
prokka_CHQ_1/CHQ_1:Gene	ymoA	CHQ_1_51:30727-30957	CHQ_1_05113
prokka_CHQ_1/CHQ_1:Gene	CHQ_1_05114	CHQ_1_51:31070-31183	CHQ_1_05114
prokka_CHQ_1/CHQ_1:Gene	CHQ_1_05115	CHQ_1_51:31576-31986	CHQ_1_05115
prokka_CHQ_1/CHQ_1:Gene	CHQ_1_05116	CHQ_1_51:32048-32353	CHQ_1_05116
prokka_CHQ_1/CHQ_1:Gene	klcA_3	CHQ_1_51:32554-32994	CHQ_1_05117
prokka_CHQ_1/CHQ_1:Gene	CHQ_1_05118	CHQ_1_51:33038-33322	CHQ_1_05118
prokka_CHQ_1/CHQ_1:Gene	CHQ_1_05119	CHQ_1_51:33477-33698	CHQ_1_05119
prokka_CHQ_1/CHQ_1:Gene	CHQ_1_05120	CHQ_1_51:33770-34204	CHQ_1_05120
prokka_CHQ_1/CHQ_1:Gene	CHQ_1_05121	CHQ_1_51:34261-34572	CHQ_1_05121
prokka_CHQ_1/CHQ_1:Gene	CHQ_1_05122	CHQ_1_51:34705-35241	CHQ_1_05122
prokka_CHQ_1/CHQ_1:Gene	CHQ_1_05123	CHQ_1_51:35311-35451	CHQ_1_05123
prokka_CHQ_1/CHQ_1:Gene	CHQ_1_05124	CHQ_1_51:c36107-35742	CHQ_1_05124
prokka_CHQ_1/CHQ_1:Gene	traI_2	CHQ_1_51:36687-38666	CHQ_1_05125
prokka_CHQ_1/CHQ_1:Gene	CHQ_1_05126	CHQ_1_51:38680-39180	CHQ_1_05126
prokka_CHQ_1/CHQ_1:Gene	CHQ_1_05127	CHQ_1_51:39177-39956	CHQ_1_05127
prokka_CHQ_1/CHQ_1:Gene	CHQ_1_05128	CHQ_1_51:39967-41130	CHQ_1_05128
prokka_CHQ_1/CHQ_1:Gene	CHQ_1_05129	CHQ_1_51:41120-41380	CHQ_1_05129
prokka_CHQ_1/CHQ_1:Gene	CHQ_1_05130	CHQ_1_51:41405-44665	CHQ_1_05130
prokka_CHQ_1/CHQ_1:Gene	CHQ_1_05131	CHQ_1_51:44607-45143	CHQ_1_05131
prokka_CHQ_1/CHQ_1:Gene	CHQ_1_05132	CHQ_1_51:c45738-45328	CHQ_1_05132
prokka_CHQ_1/CHQ_1:Gene	CHQ_1_05133	CHQ_1_51:45806-46519	CHQ_1_05133
prokka_CHQ_1/CHQ_1:Gene	CHQ_1_05134	CHQ_1_51:46528-47679	CHQ_1_05134
prokka_CHQ_1/CHQ_1:Gene	CHQ_1_05135	CHQ_1_51:47691-49040	CHQ_1_05135
prokka_CHQ_1/CHQ_1:Gene	CHQ_1_05136	CHQ_1_51:49052-49756	CHQ_1_05136
prokka_CHQ_1/CHQ_1:Gene	CHQ_1_05137	CHQ_1_51:49780-50310	CHQ_1_05137
prokka_CHQ_1/CHQ_1:Gene	CHQ_1_05138	CHQ_1_51:50327-50716	CHQ_1_05138
prokka_CHQ_1/CHQ_1:Gene	CHQ_1_05139	CHQ_1_51:50762-51256	CHQ_1_05139
prokka_CHQ_1/CHQ_1:Gene	CHQ_1_05140	CHQ_1_51:51253-54303	CHQ_1_05140
prokka_CHQ_1/CHQ_1:Gene	CHQ_1_05141	CHQ_1_51:54300-55508	CHQ_1_05141
prokka_CHQ_1/CHQ_1:Gene	CHQ_1_05142	CHQ_1_51:55505-56155	CHQ_1_05142
prokka_CHQ_1/CHQ_1:Gene	CHQ_1_05143	CHQ_1_51:56148-58328	CHQ_1_05143
prokka_CHQ_1/CHQ_1:Gene	CHQ_1_05144	CHQ_1_51:58331-58984	CHQ_1_05144
prokka_CHQ_1/CHQ_1:Gene	CHQ_1_05145	CHQ_1_51:59058-59288	CHQ_1_05145
prokka_CHQ_1/CHQ_1:Gene	repA	CHQ_1_51:59585-60640	CHQ_1_05146
prokka_CHQ_1/CHQ_1:Gene	xerC_9	CHQ_1_51:c63901-62888	CHQ_1_05147
prokka_CHQ_1/CHQ_1:Gene	aadB	CHQ_1_51:63936-64583	CHQ_1_05148
prokka_CHQ_1/CHQ_1:Gene	aphA_2	CHQ_1_51:64663-65451	CHQ_1_05149
prokka_CHQ_1/CHQ_1:Gene	ant1	CHQ_1_51:65563-66420	CHQ_1_05150
prokka_CHQ_1/CHQ_1:Gene	bla_3	CHQ_1_51:66450-67277	CHQ_1_05151
prokka_CHQ_1/CHQ_1:Gene	emrE	CHQ_1_51:67413-67760	CHQ_1_05152
prokka_CHQ_1/CHQ_1:Gene	folP_2	CHQ_1_51:67754-68593	CHQ_1_05153
prokka_CHQ_1/CHQ_1:Gene	CHQ_1_05154	CHQ_1_51:68721-69221	CHQ_1_05154
prokka_CHQ_1/CHQ_1:Gene	CHQ_1_05155	CHQ_1_51:69563-70327	CHQ_1_05155
prokka_CHQ_1/CHQ_1:Gene	CHQ_1_05156	CHQ_1_51:c70777-70565	CHQ_1_05156
prokka_CHQ_1/CHQ_1:Gene	CHQ_1_05157	CHQ_1_51:c71079-70843	CHQ_1_05157
prokka_CHQ_1/CHQ_1:Gene	CHQ_1_05158	CHQ_1_51:c71441-71076	CHQ_1_05158
prokka_CHQ_1/CHQ_1:Gene	merA	CHQ_1_51:c71725-71459	CHQ_1_05159

DiscRep_ALL:DISC_SOURCE_QUALS_ASNDISC::strain (all present, all same)
DiscRep_SUB:DISC_SOURCE_QUALS_ASNDISC::51 sources have 'strain' for strain
DiscRep_ALL:DISC_SOURCE_QUALS_ASNDISC::taxname (all present, all same)
DiscRep_SUB:DISC_SOURCE_QUALS_ASNDISC::51 sources have 'Genus species' for taxname
DiscRep_ALL:DISC_FEATURE_COUNT::gene: 5159 present
DiscRep_ALL:DISC_FEATURE_COUNT::CDS: 5072 present
DiscRep_ALL:DISC_FEATURE_COUNT::tRNA: 78 present
DiscRep_ALL:DISC_FEATURE_COUNT::rRNA: 8 present
DiscRep_ALL:DISC_FEATURE_COUNT::tmRNA: 1 present
DiscRep_ALL:DISC_COUNT_NUCLEOTIDES::51 nucleotide Bioseqs are present
prokka_CHQ_1/CHQ_1:Prokka:CHQ_1_1 (length 377848)
prokka_CHQ_1/CHQ_1:Prokka:CHQ_1_2 (length 24665)
prokka_CHQ_1/CHQ_1:Prokka:CHQ_1_3 (length 2356)
prokka_CHQ_1/CHQ_1:Prokka:CHQ_1_4 (length 10924)
prokka_CHQ_1/CHQ_1:Prokka:CHQ_1_5 (length 1199)
prokka_CHQ_1/CHQ_1:Prokka:CHQ_1_6 (length 1122)
prokka_CHQ_1/CHQ_1:Prokka:CHQ_1_7 (length 318386)
prokka_CHQ_1/CHQ_1:Prokka:CHQ_1_8 (length 461267)
prokka_CHQ_1/CHQ_1:Prokka:CHQ_1_9 (length 3209)
prokka_CHQ_1/CHQ_1:Prokka:CHQ_1_10 (length 304583)
prokka_CHQ_1/CHQ_1:Prokka:CHQ_1_11 (length 1351)
prokka_CHQ_1/CHQ_1:Prokka:CHQ_1_12 (length 6019)
prokka_CHQ_1/CHQ_1:Prokka:CHQ_1_13 (length 8405)
prokka_CHQ_1/CHQ_1:Prokka:CHQ_1_14 (length 5132)
prokka_CHQ_1/CHQ_1:Prokka:CHQ_1_15 (length 216607)
prokka_CHQ_1/CHQ_1:Prokka:CHQ_1_16 (length 2667)
prokka_CHQ_1/CHQ_1:Prokka:CHQ_1_17 (length 302596)
prokka_CHQ_1/CHQ_1:Prokka:CHQ_1_18 (length 289500)
prokka_CHQ_1/CHQ_1:Prokka:CHQ_1_19 (length 155069)
prokka_CHQ_1/CHQ_1:Prokka:CHQ_1_20 (length 390437)
prokka_CHQ_1/CHQ_1:Prokka:CHQ_1_21 (length 12161)
prokka_CHQ_1/CHQ_1:Prokka:CHQ_1_22 (length 7099)
prokka_CHQ_1/CHQ_1:Prokka:CHQ_1_23 (length 13329)
prokka_CHQ_1/CHQ_1:Prokka:CHQ_1_24 (length 2218)
prokka_CHQ_1/CHQ_1:Prokka:CHQ_1_25 (length 111723)
prokka_CHQ_1/CHQ_1:Prokka:CHQ_1_26 (length 34483)
prokka_CHQ_1/CHQ_1:Prokka:CHQ_1_27 (length 60013)
prokka_CHQ_1/CHQ_1:Prokka:CHQ_1_28 (length 26467)
prokka_CHQ_1/CHQ_1:Prokka:CHQ_1_29 (length 84098)
prokka_CHQ_1/CHQ_1:Prokka:CHQ_1_30 (length 22810)
prokka_CHQ_1/CHQ_1:Prokka:CHQ_1_31 (length 10521)
prokka_CHQ_1/CHQ_1:Prokka:CHQ_1_32 (length 140389)
prokka_CHQ_1/CHQ_1:Prokka:CHQ_1_33 (length 1793)
prokka_CHQ_1/CHQ_1:Prokka:CHQ_1_34 (length 99418)
prokka_CHQ_1/CHQ_1:Prokka:CHQ_1_35 (length 273543)
prokka_CHQ_1/CHQ_1:Prokka:CHQ_1_36 (length 17141)
prokka_CHQ_1/CHQ_1:Prokka:CHQ_1_37 (length 226637)
prokka_CHQ_1/CHQ_1:Prokka:CHQ_1_38 (length 1715)
prokka_CHQ_1/CHQ_1:Prokka:CHQ_1_39 (length 199809)
prokka_CHQ_1/CHQ_1:Prokka:CHQ_1_40 (length 302529)
prokka_CHQ_1/CHQ_1:Prokka:CHQ_1_41 (length 4871)
prokka_CHQ_1/CHQ_1:Prokka:CHQ_1_42 (length 89278)
prokka_CHQ_1/CHQ_1:Prokka:CHQ_1_43 (length 289664)
prokka_CHQ_1/CHQ_1:Prokka:CHQ_1_44 (length 94249)
prokka_CHQ_1/CHQ_1:Prokka:CHQ_1_45 (length 235086)
prokka_CHQ_1/CHQ_1:Prokka:CHQ_1_46 (length 78570)
prokka_CHQ_1/CHQ_1:Prokka:CHQ_1_47 (length 1110)
prokka_CHQ_1/CHQ_1:Prokka:CHQ_1_48 (length 1110)
prokka_CHQ_1/CHQ_1:Prokka:CHQ_1_49 (length 10501)
prokka_CHQ_1/CHQ_1:Prokka:CHQ_1_50 (length 6454)
prokka_CHQ_1/CHQ_1:Prokka:CHQ_1_51 (length 71728)

DiscRep_ALL:OVERLAPPING_GENES::1361 genes overlap another gene on the same strand.
prokka_CHQ_1/CHQ_1:Gene	metN_1	CHQ_1_1:1022-2053	CHQ_1_00002
prokka_CHQ_1/CHQ_1:Gene	metI_1	CHQ_1_1:2046-2699	CHQ_1_00003
prokka_CHQ_1/CHQ_1:Gene	rcsF	CHQ_1_1:3666-4073	CHQ_1_00005
prokka_CHQ_1/CHQ_1:Gene	trmO	CHQ_1_1:4070-4777	CHQ_1_00006
prokka_CHQ_1/CHQ_1:Gene	arfB	CHQ_1_1:c8302-7889	CHQ_1_00010
prokka_CHQ_1/CHQ_1:Gene	yaeQ	CHQ_1_1:c8844-8299	CHQ_1_00011
prokka_CHQ_1/CHQ_1:Gene	CHQ_1_00012	CHQ_1_1:9041-9241	CHQ_1_00012
prokka_CHQ_1/CHQ_1:Gene	rof	CHQ_1_1:9228-9488	CHQ_1_00013
prokka_CHQ_1/CHQ_1:Gene	rnhB	CHQ_1_1:c18642-18043	CHQ_1_00019
prokka_CHQ_1/CHQ_1:Gene	lpxB	CHQ_1_1:c19790-18639	CHQ_1_00020
prokka_CHQ_1/CHQ_1:Gene	lpxA	CHQ_1_1:c20578-19790	CHQ_1_00021
prokka_CHQ_1/CHQ_1:Gene	mtnN	CHQ_1_1:42976-43674	CHQ_1_00041
prokka_CHQ_1/CHQ_1:Gene	btuF_1	CHQ_1_1:43667-44467	CHQ_1_00042
prokka_CHQ_1/CHQ_1:Gene	fhuB	CHQ_1_1:c50674-48692	CHQ_1_00047
prokka_CHQ_1/CHQ_1:Gene	fhuD	CHQ_1_1:c51561-50671	CHQ_1_00048
prokka_CHQ_1/CHQ_1:Gene	fhuC_1	CHQ_1_1:c52358-51561	CHQ_1_00049
prokka_CHQ_1/CHQ_1:Gene	pulD	CHQ_1_1:63476-65449	CHQ_1_00056
prokka_CHQ_1/CHQ_1:Gene	epsE_1	CHQ_1_1:65446-66939	CHQ_1_00057
prokka_CHQ_1/CHQ_1:Gene	pulG	CHQ_1_1:68176-68598	CHQ_1_00059
prokka_CHQ_1/CHQ_1:Gene	gspH	CHQ_1_1:68598-69113	CHQ_1_00060
prokka_CHQ_1/CHQ_1:Gene	CHQ_1_00061	CHQ_1_1:69110-69475	CHQ_1_00061
prokka_CHQ_1/CHQ_1:Gene	xcpW	CHQ_1_1:69472-70068	CHQ_1_00062
prokka_CHQ_1/CHQ_1:Gene	gspK	CHQ_1_1:70065-71045	CHQ_1_00063
prokka_CHQ_1/CHQ_1:Gene	epsL	CHQ_1_1:71038-72234	CHQ_1_00064
prokka_CHQ_1/CHQ_1:Gene	epsM	CHQ_1_1:72227-72712	CHQ_1_00065
prokka_CHQ_1/CHQ_1:Gene	outN	CHQ_1_1:72702-73430	CHQ_1_00066
prokka_CHQ_1/CHQ_1:Gene	thpR	CHQ_1_1:76795-77331	CHQ_1_00069
prokka_CHQ_1/CHQ_1:Gene	sfsA	CHQ_1_1:77331-78047	CHQ_1_00070
prokka_CHQ_1/CHQ_1:Gene	pcnB	CHQ_1_1:79702-81063	CHQ_1_00073
prokka_CHQ_1/CHQ_1:Gene	folK	CHQ_1_1:81060-81539	CHQ_1_00074
prokka_CHQ_1/CHQ_1:Gene	yadH	CHQ_1_1:c86469-85702	CHQ_1_00080
prokka_CHQ_1/CHQ_1:Gene	yadG	CHQ_1_1:c87395-86469	CHQ_1_00081
prokka_CHQ_1/CHQ_1:Gene	CHQ_1_00087	CHQ_1_1:93839-94249	CHQ_1_00087
prokka_CHQ_1/CHQ_1:Gene	CHQ_1_00088	CHQ_1_1:94246-96009	CHQ_1_00088
prokka_CHQ_1/CHQ_1:Gene	yicJ_1	CHQ_1_1:113785-115191	CHQ_1_00101
prokka_CHQ_1/CHQ_1:Gene	CHQ_1_00102	CHQ_1_1:115191-116141	CHQ_1_00102
prokka_CHQ_1/CHQ_1:Gene	ampE	CHQ_1_1:c117219-116365	CHQ_1_00103
prokka_CHQ_1/CHQ_1:Gene	ampD	CHQ_1_1:c117779-117216	CHQ_1_00104
prokka_CHQ_1/CHQ_1:Gene	epsE_2	CHQ_1_1:119429-120814	CHQ_1_00107
prokka_CHQ_1/CHQ_1:Gene	epsF_2	CHQ_1_1:120804-122009	CHQ_1_00108
prokka_CHQ_1/CHQ_1:Gene	coaE	CHQ_1_1:123433-124053	CHQ_1_00110
prokka_CHQ_1/CHQ_1:Gene	zapD	CHQ_1_1:124053-124796	CHQ_1_00111
prokka_CHQ_1/CHQ_1:Gene	ftsA_1	CHQ_1_1:c132586-131324	CHQ_1_00118
prokka_CHQ_1/CHQ_1:Gene	ftsQ	CHQ_1_1:c133413-132583	CHQ_1_00119
prokka_CHQ_1/CHQ_1:Gene	ddlB	CHQ_1_1:c134335-133415	CHQ_1_00120
prokka_CHQ_1/CHQ_1:Gene	murC	CHQ_1_1:c135803-134328	CHQ_1_00121
prokka_CHQ_1/CHQ_1:Gene	ftsW	CHQ_1_1:c138192-136918	CHQ_1_00123
prokka_CHQ_1/CHQ_1:Gene	murD	CHQ_1_1:c139508-138192	CHQ_1_00124
prokka_CHQ_1/CHQ_1:Gene	mraY	CHQ_1_1:c140593-139511	CHQ_1_00125
prokka_CHQ_1/CHQ_1:Gene	murF	CHQ_1_1:c141945-140587	CHQ_1_00126
prokka_CHQ_1/CHQ_1:Gene	murE	CHQ_1_1:c143429-141942	CHQ_1_00127
prokka_CHQ_1/CHQ_1:Gene	ftsI_1	CHQ_1_1:c145182-143416	CHQ_1_00128
prokka_CHQ_1/CHQ_1:Gene	ftsL	CHQ_1_1:c145563-145198	CHQ_1_00129
prokka_CHQ_1/CHQ_1:Gene	rsmH	CHQ_1_1:c146501-145560	CHQ_1_00130
prokka_CHQ_1/CHQ_1:Gene	leuA_1	CHQ_1_1:153165-154736	CHQ_1_00136
prokka_CHQ_1/CHQ_1:Gene	leuB	CHQ_1_1:154736-155827	CHQ_1_00137
prokka_CHQ_1/CHQ_1:Gene	thiB	CHQ_1_1:169339-170322	CHQ_1_00149
prokka_CHQ_1/CHQ_1:Gene	CHQ_1_00150	CHQ_1_1:170298-171908	CHQ_1_00150
prokka_CHQ_1/CHQ_1:Gene	thiQ	CHQ_1_1:171892-172593	CHQ_1_00151
prokka_CHQ_1/CHQ_1:Gene	citA_1	CHQ_1_1:187461-189086	CHQ_1_00162
prokka_CHQ_1/CHQ_1:Gene	citB_1	CHQ_1_1:189076-189774	CHQ_1_00163
prokka_CHQ_1/CHQ_1:Gene	pdxA	CHQ_1_1:194571-195560	CHQ_1_00167
prokka_CHQ_1/CHQ_1:Gene	rsmA	CHQ_1_1:195557-196378	CHQ_1_00168
prokka_CHQ_1/CHQ_1:Gene	kefC_1	CHQ_1_1:c200575-198710	CHQ_1_00172
prokka_CHQ_1/CHQ_1:Gene	kefF_1	CHQ_1_1:c201101-200568	CHQ_1_00173
prokka_CHQ_1/CHQ_1:Gene	citE	CHQ_1_1:c210864-209995	CHQ_1_00180
prokka_CHQ_1/CHQ_1:Gene	citD	CHQ_1_1:c211154-210861	CHQ_1_00181
prokka_CHQ_1/CHQ_1:Gene	citA_2	CHQ_1_1:217469-219112	CHQ_1_00187
prokka_CHQ_1/CHQ_1:Gene	citB_2	CHQ_1_1:219105-219809	CHQ_1_00188
prokka_CHQ_1/CHQ_1:Gene	lspA	CHQ_1_1:c224809-224309	CHQ_1_00195
prokka_CHQ_1/CHQ_1:Gene	ileS	CHQ_1_1:c227661-224809	CHQ_1_00196
prokka_CHQ_1/CHQ_1:Gene	creC	CHQ_1_1:c252614-251190	CHQ_1_00217
prokka_CHQ_1/CHQ_1:Gene	creB	CHQ_1_1:c253303-252614	CHQ_1_00218
prokka_CHQ_1/CHQ_1:Gene	ytjB	CHQ_1_1:264277-264924	CHQ_1_00229
prokka_CHQ_1/CHQ_1:Gene	lplA	CHQ_1_1:264924-265940	CHQ_1_00230
prokka_CHQ_1/CHQ_1:Gene	yjjV	CHQ_1_1:c272957-272163	CHQ_1_00236
prokka_CHQ_1/CHQ_1:Gene	CHQ_1_00237	CHQ_1_1:c274027-272954	CHQ_1_00237
prokka_CHQ_1/CHQ_1:Gene	rimI	CHQ_1_1:c278130-277684	CHQ_1_00242
prokka_CHQ_1/CHQ_1:Gene	holD	CHQ_1_1:c278512-278099	CHQ_1_00243
prokka_CHQ_1/CHQ_1:Gene	bglJ	CHQ_1_1:c285466-284792	CHQ_1_00253
prokka_CHQ_1/CHQ_1:Gene	yjjQ	CHQ_1_1:c286149-285427	CHQ_1_00254
prokka_CHQ_1/CHQ_1:Gene	yjjP	CHQ_1_1:288777-289553	CHQ_1_00257
prokka_CHQ_1/CHQ_1:Gene	CHQ_1_00258	CHQ_1_1:289544-290017	CHQ_1_00258
prokka_CHQ_1/CHQ_1:Gene	dnaT	CHQ_1_1:290120-290659	CHQ_1_00259
prokka_CHQ_1/CHQ_1:Gene	dnaC	CHQ_1_1:290656-291399	CHQ_1_00260
prokka_CHQ_1/CHQ_1:Gene	manZ_1	CHQ_1_1:c298594-297743	CHQ_1_00266
prokka_CHQ_1/CHQ_1:Gene	agaC	CHQ_1_1:c299351-298572	CHQ_1_00267
prokka_CHQ_1/CHQ_1:Gene	dgoA	CHQ_1_1:c306166-305567	CHQ_1_00274
prokka_CHQ_1/CHQ_1:Gene	dgoK1	CHQ_1_1:c307025-306153	CHQ_1_00275
prokka_CHQ_1/CHQ_1:Gene	sglT	CHQ_1_1:c308506-307022	CHQ_1_00276
prokka_CHQ_1/CHQ_1:Gene	CHQ_1_00285	CHQ_1_1:318528-319475	CHQ_1_00285
prokka_CHQ_1/CHQ_1:Gene	thiO	CHQ_1_1:319472-320581	CHQ_1_00286
prokka_CHQ_1/CHQ_1:Gene	CHQ_1_00287	CHQ_1_1:320578-320841	CHQ_1_00287
prokka_CHQ_1/CHQ_1:Gene	hcnB	CHQ_1_1:320822-322084	CHQ_1_00288
prokka_CHQ_1/CHQ_1:Gene	hpcE_1	CHQ_1_1:322815-323447	CHQ_1_00290
prokka_CHQ_1/CHQ_1:Gene	hpcE_2	CHQ_1_1:323444-324208	CHQ_1_00291
prokka_CHQ_1/CHQ_1:Gene	betB_1	CHQ_1_1:324205-325671	CHQ_1_00292
prokka_CHQ_1/CHQ_1:Gene	CHQ_1_00304	CHQ_1_1:337359-337904	CHQ_1_00304
prokka_CHQ_1/CHQ_1:Gene	CHQ_1_00305	CHQ_1_1:337904-338224	CHQ_1_00305
prokka_CHQ_1/CHQ_1:Gene	rhtC_1	CHQ_1_1:341796-342458	CHQ_1_00309
prokka_CHQ_1/CHQ_1:Gene	CHQ_1_00310	CHQ_1_1:342451-343743	CHQ_1_00310
prokka_CHQ_1/CHQ_1:Gene	fldI	CHQ_1_1:346556-347323	CHQ_1_00314
prokka_CHQ_1/CHQ_1:Gene	CHQ_1_00315	CHQ_1_1:347320-347574	CHQ_1_00315
prokka_CHQ_1/CHQ_1:Gene	CHQ_1_00316	CHQ_1_1:c348635-347571	CHQ_1_00316
prokka_CHQ_1/CHQ_1:Gene	yibH_1	CHQ_1_1:c349692-348625	CHQ_1_00317
prokka_CHQ_1/CHQ_1:Gene	fosA	CHQ_1_1:c354667-354248	CHQ_1_00322
prokka_CHQ_1/CHQ_1:Gene	syrM1	CHQ_1_1:c355569-354661	CHQ_1_00323
prokka_CHQ_1/CHQ_1:Gene	CHQ_1_00326	CHQ_1_1:357186-357992	CHQ_1_00326
prokka_CHQ_1/CHQ_1:Gene	CHQ_1_00327	CHQ_1_1:357989-358507	CHQ_1_00327
prokka_CHQ_1/CHQ_1:Gene	CHQ_1_00336	CHQ_1_1:367399-367797	CHQ_1_00336
prokka_CHQ_1/CHQ_1:Gene	pduL_1	CHQ_1_1:367794-368414	CHQ_1_00337
prokka_CHQ_1/CHQ_1:Gene	CHQ_1_00342	CHQ_1_1:371474-372541	CHQ_1_00342
prokka_CHQ_1/CHQ_1:Gene	rbbA	CHQ_1_1:372538-375282	CHQ_1_00343
prokka_CHQ_1/CHQ_1:Gene	yhhJ	CHQ_1_1:375282-376406	CHQ_1_00344
prokka_CHQ_1/CHQ_1:Gene	CHQ_1_00347	CHQ_1_2:78-377	CHQ_1_00347
prokka_CHQ_1/CHQ_1:Gene	CHQ_1_00348	CHQ_1_2:377-1162	CHQ_1_00348
prokka_CHQ_1/CHQ_1:Gene	CHQ_1_00349	CHQ_1_2:1159-1293	CHQ_1_00349
prokka_CHQ_1/CHQ_1:Gene	CHQ_1_00350	CHQ_1_2:1290-1634	CHQ_1_00350
prokka_CHQ_1/CHQ_1:Gene	CHQ_1_00351	CHQ_1_2:1627-2109	CHQ_1_00351
prokka_CHQ_1/CHQ_1:Gene	CHQ_1_00352	CHQ_1_2:2106-2330	CHQ_1_00352
prokka_CHQ_1/CHQ_1:Gene	CHQ_1_00353	CHQ_1_2:2323-2601	CHQ_1_00353
prokka_CHQ_1/CHQ_1:Gene	nudJ	CHQ_1_2:6539-6997	CHQ_1_00357
prokka_CHQ_1/CHQ_1:Gene	mnmA	CHQ_1_2:6994-8160	CHQ_1_00358
prokka_CHQ_1/CHQ_1:Gene	phoP_1	CHQ_1_2:11820-12491	CHQ_1_00363
prokka_CHQ_1/CHQ_1:Gene	phoQ	CHQ_1_2:12491-13957	CHQ_1_00364
prokka_CHQ_1/CHQ_1:Gene	potA_1	CHQ_1_2:16794-17930	CHQ_1_00367
prokka_CHQ_1/CHQ_1:Gene	potB	CHQ_1_2:17914-18771	CHQ_1_00368
prokka_CHQ_1/CHQ_1:Gene	ydcV_1	CHQ_1_2:18768-19553	CHQ_1_00369
prokka_CHQ_1/CHQ_1:Gene	potD	CHQ_1_2:19550-20596	CHQ_1_00370
prokka_CHQ_1/CHQ_1:Gene	CHQ_1_00371	CHQ_1_2:c22365-20641	CHQ_1_00371
prokka_CHQ_1/CHQ_1:Gene	dmdB	CHQ_1_2:c23990-22362	CHQ_1_00372
prokka_CHQ_1/CHQ_1:Gene	CHQ_1_00388	CHQ_1_7:c1536-589	CHQ_1_00388
prokka_CHQ_1/CHQ_1:Gene	ligK	CHQ_1_7:c2228-1533	CHQ_1_00389
prokka_CHQ_1/CHQ_1:Gene	yjhB_1	CHQ_1_7:c5811-4543	CHQ_1_00392
prokka_CHQ_1/CHQ_1:Gene	CHQ_1_00393	CHQ_1_7:c6856-5801	CHQ_1_00393
prokka_CHQ_1/CHQ_1:Gene	hoxN	CHQ_1_7:c8188-7175	CHQ_1_00394
prokka_CHQ_1/CHQ_1:Gene	hypF	CHQ_1_7:c10419-8185	CHQ_1_00395
prokka_CHQ_1/CHQ_1:Gene	hycI	CHQ_1_7:c16227-15757	CHQ_1_00401
prokka_CHQ_1/CHQ_1:Gene	CHQ_1_00402	CHQ_1_7:c16630-16220	CHQ_1_00402
prokka_CHQ_1/CHQ_1:Gene	hycG	CHQ_1_7:c17394-16627	CHQ_1_00403
prokka_CHQ_1/CHQ_1:Gene	ndhI	CHQ_1_7:c17936-17394	CHQ_1_00404
prokka_CHQ_1/CHQ_1:Gene	hyfB	CHQ_1_7:c22425-20599	CHQ_1_00407
prokka_CHQ_1/CHQ_1:Gene	hyfA_1	CHQ_1_7:c23030-22422	CHQ_1_00408
prokka_CHQ_1/CHQ_1:Gene	hypB	CHQ_1_7:24121-24993	CHQ_1_00411
prokka_CHQ_1/CHQ_1:Gene	hypC	CHQ_1_7:24984-25256	CHQ_1_00412
prokka_CHQ_1/CHQ_1:Gene	hypD	CHQ_1_7:25256-26377	CHQ_1_00413
prokka_CHQ_1/CHQ_1:Gene	hypE	CHQ_1_7:26374-27384	CHQ_1_00414
prokka_CHQ_1/CHQ_1:Gene	CHQ_1_00417	CHQ_1_7:c32133-31198	CHQ_1_00417
prokka_CHQ_1/CHQ_1:Gene	CHQ_1_00418	CHQ_1_7:c33389-32118	CHQ_1_00418
prokka_CHQ_1/CHQ_1:Gene	CHQ_1_00426	CHQ_1_7:40600-41517	CHQ_1_00426
prokka_CHQ_1/CHQ_1:Gene	mntB_1	CHQ_1_7:41514-42335	CHQ_1_00427
prokka_CHQ_1/CHQ_1:Gene	mntB_2	CHQ_1_7:42332-43180	CHQ_1_00428
prokka_CHQ_1/CHQ_1:Gene	mntB_3	CHQ_1_7:43174-44028	CHQ_1_00429
prokka_CHQ_1/CHQ_1:Gene	hemS	CHQ_1_7:47461-48492	CHQ_1_00433
prokka_CHQ_1/CHQ_1:Gene	hmuT	CHQ_1_7:48489-49307	CHQ_1_00434
prokka_CHQ_1/CHQ_1:Gene	hmuU_1	CHQ_1_7:49307-50302	CHQ_1_00435
prokka_CHQ_1/CHQ_1:Gene	hmuV	CHQ_1_7:50295-51074	CHQ_1_00436
prokka_CHQ_1/CHQ_1:Gene	edcC	CHQ_1_7:c56175-54748	CHQ_1_00440
prokka_CHQ_1/CHQ_1:Gene	ecdB	CHQ_1_7:c56768-56175	CHQ_1_00441
prokka_CHQ_1/CHQ_1:Gene	mdtD_1	CHQ_1_7:58353-59555	CHQ_1_00444
prokka_CHQ_1/CHQ_1:Gene	CHQ_1_00445	CHQ_1_7:59552-59929	CHQ_1_00445
prokka_CHQ_1/CHQ_1:Gene	pcm	CHQ_1_7:c63015-62389	CHQ_1_00448
prokka_CHQ_1/CHQ_1:Gene	surE	CHQ_1_7:c63770-63009	CHQ_1_00449
prokka_CHQ_1/CHQ_1:Gene	truD	CHQ_1_7:c64800-63751	CHQ_1_00450
prokka_CHQ_1/CHQ_1:Gene	ispF	CHQ_1_7:c65276-64797	CHQ_1_00451
prokka_CHQ_1/CHQ_1:Gene	ispD	CHQ_1_7:c65986-65276	CHQ_1_00452
prokka_CHQ_1/CHQ_1:Gene	cysC	CHQ_1_7:c67446-66841	CHQ_1_00455
prokka_CHQ_1/CHQ_1:Gene	cysN	CHQ_1_7:c68873-67446	CHQ_1_00456
prokka_CHQ_1/CHQ_1:Gene	cysI	CHQ_1_7:c75114-73402	CHQ_1_00461
prokka_CHQ_1/CHQ_1:Gene	cysJ	CHQ_1_7:c76913-75114	CHQ_1_00462
prokka_CHQ_1/CHQ_1:Gene	truC	CHQ_1_7:c97891-97097	CHQ_1_00477
prokka_CHQ_1/CHQ_1:Gene	yqcC	CHQ_1_7:c98220-97891	CHQ_1_00478
prokka_CHQ_1/CHQ_1:Gene	CHQ_1_00487	CHQ_1_7:c109860-108982	CHQ_1_00487
prokka_CHQ_1/CHQ_1:Gene	metI_2	CHQ_1_7:c110555-109857	CHQ_1_00488
prokka_CHQ_1/CHQ_1:Gene	metN_2	CHQ_1_7:c111574-110552	CHQ_1_00489
prokka_CHQ_1/CHQ_1:Gene	dmoA	CHQ_1_7:c112977-111571	CHQ_1_00490
prokka_CHQ_1/CHQ_1:Gene	rlmM	CHQ_1_7:c128174-127074	CHQ_1_00502
prokka_CHQ_1/CHQ_1:Gene	CHQ_1_00503	CHQ_1_7:c128562-128167	CHQ_1_00503
prokka_CHQ_1/CHQ_1:Gene	csdA	CHQ_1_7:130273-131478	CHQ_1_00506
prokka_CHQ_1/CHQ_1:Gene	csdE	CHQ_1_7:131478-131909	CHQ_1_00507
prokka_CHQ_1/CHQ_1:Gene	cobU	CHQ_1_7:c136188-135643	CHQ_1_00514
prokka_CHQ_1/CHQ_1:Gene	cobQ	CHQ_1_7:c137705-136182	CHQ_1_00515
prokka_CHQ_1/CHQ_1:Gene	cbiO	CHQ_1_7:c138526-137702	CHQ_1_00516
prokka_CHQ_1/CHQ_1:Gene	cbiQ	CHQ_1_7:c139212-138535	CHQ_1_00517
prokka_CHQ_1/CHQ_1:Gene	cbiN	CHQ_1_7:c139480-139199	CHQ_1_00518
prokka_CHQ_1/CHQ_1:Gene	cbiM	CHQ_1_7:c140219-139482	CHQ_1_00519
prokka_CHQ_1/CHQ_1:Gene	cbiL	CHQ_1_7:c140929-140219	CHQ_1_00520
prokka_CHQ_1/CHQ_1:Gene	cbiK	CHQ_1_7:c141720-140926	CHQ_1_00521
prokka_CHQ_1/CHQ_1:Gene	cbiJ	CHQ_1_7:c142516-141731	CHQ_1_00522
prokka_CHQ_1/CHQ_1:Gene	cbiH	CHQ_1_7:c143238-142513	CHQ_1_00523
prokka_CHQ_1/CHQ_1:Gene	cbiG	CHQ_1_7:c144293-143238	CHQ_1_00524
prokka_CHQ_1/CHQ_1:Gene	cbiF	CHQ_1_7:c145047-144274	CHQ_1_00525
prokka_CHQ_1/CHQ_1:Gene	cbiT	CHQ_1_7:c145609-145040	CHQ_1_00526
prokka_CHQ_1/CHQ_1:Gene	cbiE	CHQ_1_7:c146204-145599	CHQ_1_00527
prokka_CHQ_1/CHQ_1:Gene	cbiD	CHQ_1_7:c147337-146198	CHQ_1_00528
prokka_CHQ_1/CHQ_1:Gene	cbiC	CHQ_1_7:c147969-147334	CHQ_1_00529
prokka_CHQ_1/CHQ_1:Gene	cobD_1	CHQ_1_7:c148939-147980	CHQ_1_00530
prokka_CHQ_1/CHQ_1:Gene	cbiA	CHQ_1_7:c150312-148936	CHQ_1_00531
prokka_CHQ_1/CHQ_1:Gene	pduA_4	CHQ_1_7:153289-153573	CHQ_1_00534
prokka_CHQ_1/CHQ_1:Gene	pduB	CHQ_1_7:153570-154382	CHQ_1_00535
prokka_CHQ_1/CHQ_1:Gene	ddrA	CHQ_1_7:157302-159134	CHQ_1_00539
prokka_CHQ_1/CHQ_1:Gene	CHQ_1_00540	CHQ_1_7:159124-159474	CHQ_1_00540
prokka_CHQ_1/CHQ_1:Gene	CHQ_1_00542	CHQ_1_7:159794-160255	CHQ_1_00542
prokka_CHQ_1/CHQ_1:Gene	pduL_2	CHQ_1_7:160255-160887	CHQ_1_00543
prokka_CHQ_1/CHQ_1:Gene	CHQ_1_00544	CHQ_1_7:160884-161375	CHQ_1_00544
prokka_CHQ_1/CHQ_1:Gene	CHQ_1_00546	CHQ_1_7:161664-162674	CHQ_1_00546
prokka_CHQ_1/CHQ_1:Gene	adhE_3	CHQ_1_7:162671-164065	CHQ_1_00547
prokka_CHQ_1/CHQ_1:Gene	adhE_4	CHQ_1_7:164077-165189	CHQ_1_00548
prokka_CHQ_1/CHQ_1:Gene	rsxC_1	CHQ_1_7:165186-166541	CHQ_1_00549
prokka_CHQ_1/CHQ_1:Gene	CHQ_1_00550	CHQ_1_7:166544-167098	CHQ_1_00550
prokka_CHQ_1/CHQ_1:Gene	pduU	CHQ_1_7:167098-167448	CHQ_1_00551
prokka_CHQ_1/CHQ_1:Gene	pduV	CHQ_1_7:167453-167893	CHQ_1_00552
prokka_CHQ_1/CHQ_1:Gene	pduW	CHQ_1_7:167890-169107	CHQ_1_00553
prokka_CHQ_1/CHQ_1:Gene	recD	CHQ_1_7:c176428-174584	CHQ_1_00559
prokka_CHQ_1/CHQ_1:Gene	recB	CHQ_1_7:c179961-176425	CHQ_1_00560
prokka_CHQ_1/CHQ_1:Gene	ptrA	CHQ_1_7:c182843-179958	CHQ_1_00561
prokka_CHQ_1/CHQ_1:Gene	CHQ_1_00563	CHQ_1_7:c186677-186354	CHQ_1_00563
prokka_CHQ_1/CHQ_1:Gene	CHQ_1_00564	CHQ_1_7:c187069-186662	CHQ_1_00564
prokka_CHQ_1/CHQ_1:Gene	CHQ_1_00565	CHQ_1_7:c187623-187066	CHQ_1_00565
prokka_CHQ_1/CHQ_1:Gene	CHQ_1_00566	CHQ_1_7:c188171-187620	CHQ_1_00566
prokka_CHQ_1/CHQ_1:Gene	lplT	CHQ_1_7:c198220-197027	CHQ_1_00575
prokka_CHQ_1/CHQ_1:Gene	aas	CHQ_1_7:c200372-198213	CHQ_1_00576
prokka_CHQ_1/CHQ_1:Gene	CHQ_1_00578	CHQ_1_7:c202449-201970	CHQ_1_00578
prokka_CHQ_1/CHQ_1:Gene	lldR_1	CHQ_1_7:c203219-202446	CHQ_1_00579
prokka_CHQ_1/CHQ_1:Gene	lacF	CHQ_1_7:211276-212166	CHQ_1_00587
prokka_CHQ_1/CHQ_1:Gene	dasC	CHQ_1_7:212159-213061	CHQ_1_00588
prokka_CHQ_1/CHQ_1:Gene	mrkD_1	CHQ_1_7:c235469-234474	CHQ_1_00608
prokka_CHQ_1/CHQ_1:Gene	htrE_1	CHQ_1_7:c237946-235460	CHQ_1_00609
prokka_CHQ_1/CHQ_1:Gene	fimH_1	CHQ_1_7:256936-257844	CHQ_1_00629
prokka_CHQ_1/CHQ_1:Gene	CHQ_1_00630	CHQ_1_7:257841-258497	CHQ_1_00630
prokka_CHQ_1/CHQ_1:Gene	mdtO	CHQ_1_7:260631-262568	CHQ_1_00635
prokka_CHQ_1/CHQ_1:Gene	cusC_1	CHQ_1_7:262565-264013	CHQ_1_00636
prokka_CHQ_1/CHQ_1:Gene	ygfX	CHQ_1_7:c286166-285756	CHQ_1_00661
prokka_CHQ_1/CHQ_1:Gene	sdhE	CHQ_1_7:c286413-286147	CHQ_1_00662
prokka_CHQ_1/CHQ_1:Gene	CHQ_1_00670	CHQ_1_7:293807-294418	CHQ_1_00670
prokka_CHQ_1/CHQ_1:Gene	resA	CHQ_1_7:294408-294911	CHQ_1_00671
prokka_CHQ_1/CHQ_1:Gene	ubiH	CHQ_1_7:c303253-302075	CHQ_1_00677
prokka_CHQ_1/CHQ_1:Gene	pepP	CHQ_1_7:c304566-303250	CHQ_1_00678
prokka_CHQ_1/CHQ_1:Gene	hisI	CHQ_1_8:c9924-9328	CHQ_1_00698
prokka_CHQ_1/CHQ_1:Gene	hisF	CHQ_1_8:c10694-9918	CHQ_1_00699
prokka_CHQ_1/CHQ_1:Gene	hisA	CHQ_1_8:c11413-10676	CHQ_1_00700
prokka_CHQ_1/CHQ_1:Gene	hisH	CHQ_1_8:c12003-11413	CHQ_1_00701
prokka_CHQ_1/CHQ_1:Gene	hisB	CHQ_1_8:c13070-12003	CHQ_1_00702
prokka_CHQ_1/CHQ_1:Gene	hisC_1	CHQ_1_8:c14128-13067	CHQ_1_00703
prokka_CHQ_1/CHQ_1:Gene	hisD	CHQ_1_8:c15429-14125	CHQ_1_00704
prokka_CHQ_1/CHQ_1:Gene	CHQ_1_00709	CHQ_1_8:c21782-21267	CHQ_1_00709
prokka_CHQ_1/CHQ_1:Gene	nifB	CHQ_1_8:c23188-21782	CHQ_1_00710
prokka_CHQ_1/CHQ_1:Gene	nifA	CHQ_1_8:c24927-23353	CHQ_1_00711
prokka_CHQ_1/CHQ_1:Gene	nifL	CHQ_1_8:c26408-24924	CHQ_1_00712
prokka_CHQ_1/CHQ_1:Gene	surA_2	CHQ_1_8:c28081-27281	CHQ_1_00714
prokka_CHQ_1/CHQ_1:Gene	CHQ_1_00715	CHQ_1_8:c28524-28081	CHQ_1_00715
prokka_CHQ_1/CHQ_1:Gene	nifW	CHQ_1_8:c28778-28521	CHQ_1_00716
prokka_CHQ_1/CHQ_1:Gene	CHQ_1_00720	CHQ_1_8:c32661-32191	CHQ_1_00720
prokka_CHQ_1/CHQ_1:Gene	nifK_1	CHQ_1_8:c34033-32648	CHQ_1_00721
prokka_CHQ_1/CHQ_1:Gene	acuI	CHQ_1_8:c77218-76241	CHQ_1_00761
prokka_CHQ_1/CHQ_1:Gene	acuR	CHQ_1_8:c77922-77215	CHQ_1_00762
prokka_CHQ_1/CHQ_1:Gene	dcm	CHQ_1_8:87846-89246	CHQ_1_00774
prokka_CHQ_1/CHQ_1:Gene	vsr	CHQ_1_8:89227-89721	CHQ_1_00775
prokka_CHQ_1/CHQ_1:Gene	yecS_1	CHQ_1_8:99440-100108	CHQ_1_00786
prokka_CHQ_1/CHQ_1:Gene	artM_1	CHQ_1_8:100105-100857	CHQ_1_00787
prokka_CHQ_1/CHQ_1:Gene	uvrY	CHQ_1_8:102648-103304	CHQ_1_00790
prokka_CHQ_1/CHQ_1:Gene	uvrC	CHQ_1_8:103301-105133	CHQ_1_00791
prokka_CHQ_1/CHQ_1:Gene	otsB	CHQ_1_8:121367-122155	CHQ_1_00809
prokka_CHQ_1/CHQ_1:Gene	otsA	CHQ_1_8:122130-123554	CHQ_1_00810
prokka_CHQ_1/CHQ_1:Gene	cmoB	CHQ_1_8:c131591-130587	CHQ_1_00817
prokka_CHQ_1/CHQ_1:Gene	cmoA	CHQ_1_8:c132331-131588	CHQ_1_00818
prokka_CHQ_1/CHQ_1:Gene	CHQ_1_00820	CHQ_1_8:c133637-132819	CHQ_1_00820
prokka_CHQ_1/CHQ_1:Gene	yecD	CHQ_1_8:c134200-133634	CHQ_1_00821
prokka_CHQ_1/CHQ_1:Gene	znuB	CHQ_1_8:c140583-139798	CHQ_1_00828
prokka_CHQ_1/CHQ_1:Gene	znuC	CHQ_1_8:c141341-140583	CHQ_1_00829
prokka_CHQ_1/CHQ_1:Gene	yebT	CHQ_1_8:c172008-169375	CHQ_1_00857
prokka_CHQ_1/CHQ_1:Gene	yebS	CHQ_1_8:c173260-171977	CHQ_1_00858
prokka_CHQ_1/CHQ_1:Gene	CHQ_1_00909	CHQ_1_8:228241-229680	CHQ_1_00909
prokka_CHQ_1/CHQ_1:Gene	CHQ_1_00910	CHQ_1_8:229674-230603	CHQ_1_00910
prokka_CHQ_1/CHQ_1:Gene	CHQ_1_00911	CHQ_1_8:230600-231415	CHQ_1_00911
prokka_CHQ_1/CHQ_1:Gene	ugpC_1	CHQ_1_8:c233325-232240	CHQ_1_00913
prokka_CHQ_1/CHQ_1:Gene	ydjH_1	CHQ_1_8:c234274-233312	CHQ_1_00914
prokka_CHQ_1/CHQ_1:Gene	sugB	CHQ_1_8:c235119-234277	CHQ_1_00915
prokka_CHQ_1/CHQ_1:Gene	sugA	CHQ_1_8:c236014-235106	CHQ_1_00916
prokka_CHQ_1/CHQ_1:Gene	CHQ_1_00919	CHQ_1_8:238739-239752	CHQ_1_00919
prokka_CHQ_1/CHQ_1:Gene	CHQ_1_00920	CHQ_1_8:239745-240545	CHQ_1_00920
prokka_CHQ_1/CHQ_1:Gene	opuCB	CHQ_1_8:c243623-242955	CHQ_1_00923
prokka_CHQ_1/CHQ_1:Gene	opuBB	CHQ_1_8:c244252-243623	CHQ_1_00924
prokka_CHQ_1/CHQ_1:Gene	osmV	CHQ_1_8:c245333-244245	CHQ_1_00925
prokka_CHQ_1/CHQ_1:Gene	CHQ_1_00933	CHQ_1_8:255609-256895	CHQ_1_00933
prokka_CHQ_1/CHQ_1:Gene	glnQ_1	CHQ_1_8:256892-257767	CHQ_1_00934
prokka_CHQ_1/CHQ_1:Gene	livF_1	CHQ_1_8:257764-258483	CHQ_1_00935
prokka_CHQ_1/CHQ_1:Gene	ispE	CHQ_1_8:c278409-277558	CHQ_1_00956
prokka_CHQ_1/CHQ_1:Gene	lolB	CHQ_1_8:c279017-278406	CHQ_1_00957
prokka_CHQ_1/CHQ_1:Gene	prfA	CHQ_1_8:280588-281670	CHQ_1_00959
prokka_CHQ_1/CHQ_1:Gene	prmC	CHQ_1_8:281670-282518	CHQ_1_00960
prokka_CHQ_1/CHQ_1:Gene	ychQ	CHQ_1_8:282518-282910	CHQ_1_00961
prokka_CHQ_1/CHQ_1:Gene	norW_1	CHQ_1_8:292457-296524	CHQ_1_00974
prokka_CHQ_1/CHQ_1:Gene	nasA	CHQ_1_8:296521-299130	CHQ_1_00975
prokka_CHQ_1/CHQ_1:Gene	narG	CHQ_1_8:305207-308956	CHQ_1_00980
prokka_CHQ_1/CHQ_1:Gene	narH	CHQ_1_8:308953-310488	CHQ_1_00981
prokka_CHQ_1/CHQ_1:Gene	narJ	CHQ_1_8:310485-311195	CHQ_1_00982
prokka_CHQ_1/CHQ_1:Gene	narI	CHQ_1_8:311195-311872	CHQ_1_00983
prokka_CHQ_1/CHQ_1:Gene	oppD_1	CHQ_1_8:328686-329699	CHQ_1_01000
prokka_CHQ_1/CHQ_1:Gene	btuD_2	CHQ_1_8:329696-330700	CHQ_1_01001
prokka_CHQ_1/CHQ_1:Gene	rutC_2	CHQ_1_8:c348619-348251	CHQ_1_01021
prokka_CHQ_1/CHQ_1:Gene	dadA_2	CHQ_1_8:c349854-348601	CHQ_1_01022
prokka_CHQ_1/CHQ_1:Gene	btuE	CHQ_1_8:354710-355261	CHQ_1_01027
prokka_CHQ_1/CHQ_1:Gene	btuD_3	CHQ_1_8:355261-356010	CHQ_1_01028
prokka_CHQ_1/CHQ_1:Gene	CHQ_1_01036	CHQ_1_8:364943-367999	CHQ_1_01036
prokka_CHQ_1/CHQ_1:Gene	menI	CHQ_1_8:367996-368406	CHQ_1_01037
prokka_CHQ_1/CHQ_1:Gene	fecE_1	CHQ_1_8:c373976-373215	CHQ_1_01043
prokka_CHQ_1/CHQ_1:Gene	feuC_1	CHQ_1_8:c375013-373976	CHQ_1_01044
prokka_CHQ_1/CHQ_1:Gene	CHQ_1_01045	CHQ_1_8:c376011-375013	CHQ_1_01045
prokka_CHQ_1/CHQ_1:Gene	mdtA_1	CHQ_1_8:378959-380068	CHQ_1_01049
prokka_CHQ_1/CHQ_1:Gene	cnrA	CHQ_1_8:380065-383166	CHQ_1_01050
prokka_CHQ_1/CHQ_1:Gene	sufC	CHQ_1_8:387348-388094	CHQ_1_01055
prokka_CHQ_1/CHQ_1:Gene	sufD	CHQ_1_8:388069-389343	CHQ_1_01056
prokka_CHQ_1/CHQ_1:Gene	sufS	CHQ_1_8:389340-390560	CHQ_1_01057
prokka_CHQ_1/CHQ_1:Gene	CHQ_1_01068	CHQ_1_8:c401231-400482	CHQ_1_01068
prokka_CHQ_1/CHQ_1:Gene	CHQ_1_01069	CHQ_1_8:c402235-401228	CHQ_1_01069
prokka_CHQ_1/CHQ_1:Gene	CHQ_1_01070	CHQ_1_8:c403283-402225	CHQ_1_01070
prokka_CHQ_1/CHQ_1:Gene	mhpD	CHQ_1_8:407870-408676	CHQ_1_01075
prokka_CHQ_1/CHQ_1:Gene	mhpF	CHQ_1_8:408669-409619	CHQ_1_01076
prokka_CHQ_1/CHQ_1:Gene	mhpE	CHQ_1_8:409616-410632	CHQ_1_01077
prokka_CHQ_1/CHQ_1:Gene	mhpT	CHQ_1_8:410704-411900	CHQ_1_01078
prokka_CHQ_1/CHQ_1:Gene	CHQ_1_01079	CHQ_1_8:411900-412727	CHQ_1_01079
prokka_CHQ_1/CHQ_1:Gene	msuD_2	CHQ_1_8:416073-417158	CHQ_1_01083
prokka_CHQ_1/CHQ_1:Gene	ydbM	CHQ_1_8:417155-418306	CHQ_1_01084
prokka_CHQ_1/CHQ_1:Gene	ssuA_2	CHQ_1_8:418312-419286	CHQ_1_01085
prokka_CHQ_1/CHQ_1:Gene	CHQ_1_01086	CHQ_1_8:419283-420320	CHQ_1_01086
prokka_CHQ_1/CHQ_1:Gene	CHQ_1_01087	CHQ_1_8:420301-421296	CHQ_1_01087
prokka_CHQ_1/CHQ_1:Gene	ssuB_1	CHQ_1_8:421290-422078	CHQ_1_01088
prokka_CHQ_1/CHQ_1:Gene	yusV	CHQ_1_8:424784-425605	CHQ_1_01090
prokka_CHQ_1/CHQ_1:Gene	yfiZ	CHQ_1_8:425602-426627	CHQ_1_01091
prokka_CHQ_1/CHQ_1:Gene	feuC_2	CHQ_1_8:426624-427676	CHQ_1_01092
prokka_CHQ_1/CHQ_1:Gene	CHQ_1_01093	CHQ_1_8:427690-428643	CHQ_1_01093
prokka_CHQ_1/CHQ_1:Gene	CHQ_1_01094	CHQ_1_8:428640-429542	CHQ_1_01094
prokka_CHQ_1/CHQ_1:Gene	artQ_1	CHQ_1_8:430466-431230	CHQ_1_01096
prokka_CHQ_1/CHQ_1:Gene	glnQ_2	CHQ_1_8:431217-431939	CHQ_1_01097
prokka_CHQ_1/CHQ_1:Gene	CHQ_1_01107	CHQ_1_8:443369-445138	CHQ_1_01107
prokka_CHQ_1/CHQ_1:Gene	potA_2	CHQ_1_8:445131-446201	CHQ_1_01108
prokka_CHQ_1/CHQ_1:Gene	ccmA	CHQ_1_8:451059-451682	CHQ_1_01113
prokka_CHQ_1/CHQ_1:Gene	ccmB	CHQ_1_8:451679-452338	CHQ_1_01114
prokka_CHQ_1/CHQ_1:Gene	ccmC	CHQ_1_8:452388-453125	CHQ_1_01115
prokka_CHQ_1/CHQ_1:Gene	CHQ_1_01116	CHQ_1_8:453122-453352	CHQ_1_01116
prokka_CHQ_1/CHQ_1:Gene	ccmE	CHQ_1_8:453336-453794	CHQ_1_01117
prokka_CHQ_1/CHQ_1:Gene	ccmF	CHQ_1_8:453791-455743	CHQ_1_01118
prokka_CHQ_1/CHQ_1:Gene	dsbE	CHQ_1_8:455740-456294	CHQ_1_01119
prokka_CHQ_1/CHQ_1:Gene	ccmH	CHQ_1_8:456306-456752	CHQ_1_01120
prokka_CHQ_1/CHQ_1:Gene	CHQ_1_01121	CHQ_1_8:456749-457591	CHQ_1_01121
prokka_CHQ_1/CHQ_1:Gene	mtgA_1	CHQ_1_8:458373-458978	CHQ_1_01122
prokka_CHQ_1/CHQ_1:Gene	CHQ_1_01123	CHQ_1_8:458965-459624	CHQ_1_01123
prokka_CHQ_1/CHQ_1:Gene	CHQ_1_01135	CHQ_1_10:c6386-6066	CHQ_1_01135
prokka_CHQ_1/CHQ_1:Gene	ygaZ_1	CHQ_1_10:c7119-6379	CHQ_1_01136
prokka_CHQ_1/CHQ_1:Gene	CHQ_1_01171	CHQ_1_10:c48954-48796	CHQ_1_01171
prokka_CHQ_1/CHQ_1:Gene	suhB_1	CHQ_1_10:c49457-48951	CHQ_1_01172
prokka_CHQ_1/CHQ_1:Gene	ccpA_2	CHQ_1_10:c50487-49468	CHQ_1_01173
prokka_CHQ_1/CHQ_1:Gene	rbn_1	CHQ_1_10:c51254-50484	CHQ_1_01174
prokka_CHQ_1/CHQ_1:Gene	CHQ_1_01177	CHQ_1_10:53678-54508	CHQ_1_01177
prokka_CHQ_1/CHQ_1:Gene	CHQ_1_01178	CHQ_1_10:54505-55365	CHQ_1_01178
prokka_CHQ_1/CHQ_1:Gene	cidA	CHQ_1_10:64275-64682	CHQ_1_01187
prokka_CHQ_1/CHQ_1:Gene	yohK_1	CHQ_1_10:64679-65368	CHQ_1_01188
prokka_CHQ_1/CHQ_1:Gene	lpfB_1	CHQ_1_10:66495-67184	CHQ_1_01190
prokka_CHQ_1/CHQ_1:Gene	fimD_2	CHQ_1_10:67138-69729	CHQ_1_01191
prokka_CHQ_1/CHQ_1:Gene	CHQ_1_01192	CHQ_1_10:69729-70316	CHQ_1_01192
prokka_CHQ_1/CHQ_1:Gene	actP	CHQ_1_10:c73142-71487	CHQ_1_01194
prokka_CHQ_1/CHQ_1:Gene	yjcH	CHQ_1_10:c73450-73139	CHQ_1_01195
prokka_CHQ_1/CHQ_1:Gene	rbsC_1	CHQ_1_10:c84496-83498	CHQ_1_01204
prokka_CHQ_1/CHQ_1:Gene	rbsA_1	CHQ_1_10:c86013-84493	CHQ_1_01205
prokka_CHQ_1/CHQ_1:Gene	phnN	CHQ_1_10:c90262-89699	CHQ_1_01209
prokka_CHQ_1/CHQ_1:Gene	phnM	CHQ_1_10:c91398-90262	CHQ_1_01210
prokka_CHQ_1/CHQ_1:Gene	phnL	CHQ_1_10:c92075-91395	CHQ_1_01211
prokka_CHQ_1/CHQ_1:Gene	phnK	CHQ_1_10:c92941-92183	CHQ_1_01212
prokka_CHQ_1/CHQ_1:Gene	phnJ	CHQ_1_10:c93786-92938	CHQ_1_01213
prokka_CHQ_1/CHQ_1:Gene	phnI	CHQ_1_10:c94843-93779	CHQ_1_01214
prokka_CHQ_1/CHQ_1:Gene	phnH	CHQ_1_10:c95428-94844	CHQ_1_01215
prokka_CHQ_1/CHQ_1:Gene	phnG	CHQ_1_10:c95877-95425	CHQ_1_01216
prokka_CHQ_1/CHQ_1:Gene	cbpM	CHQ_1_10:c106021-105716	CHQ_1_01226
prokka_CHQ_1/CHQ_1:Gene	cbpA	CHQ_1_10:c106938-106021	CHQ_1_01227
prokka_CHQ_1/CHQ_1:Gene	CHQ_1_01230	CHQ_1_10:c109272-108826	CHQ_1_01230
prokka_CHQ_1/CHQ_1:Gene	pgaC	CHQ_1_10:c110600-109269	CHQ_1_01231
prokka_CHQ_1/CHQ_1:Gene	pgaB	CHQ_1_10:c112608-110593	CHQ_1_01232
prokka_CHQ_1/CHQ_1:Gene	dsbD_2	CHQ_1_10:c122199-120403	CHQ_1_01239
prokka_CHQ_1/CHQ_1:Gene	cutA	CHQ_1_10:c122498-122175	CHQ_1_01240
prokka_CHQ_1/CHQ_1:Gene	hlyB	CHQ_1_10:c133468-131345	CHQ_1_01249
prokka_CHQ_1/CHQ_1:Gene	cvaA	CHQ_1_10:c134747-133461	CHQ_1_01250
prokka_CHQ_1/CHQ_1:Gene	frdB	CHQ_1_10:c146507-145773	CHQ_1_01264
prokka_CHQ_1/CHQ_1:Gene	frdA	CHQ_1_10:c148290-146500	CHQ_1_01265
prokka_CHQ_1/CHQ_1:Gene	nnr	CHQ_1_10:158974-160485	CHQ_1_01277
prokka_CHQ_1/CHQ_1:Gene	tsaE	CHQ_1_10:160478-160939	CHQ_1_01278
prokka_CHQ_1/CHQ_1:Gene	mutL	CHQ_1_10:162319-164178	CHQ_1_01280
prokka_CHQ_1/CHQ_1:Gene	miaA	CHQ_1_10:164171-165121	CHQ_1_01281
prokka_CHQ_1/CHQ_1:Gene	ulaE	CHQ_1_10:183828-184682	CHQ_1_01302
prokka_CHQ_1/CHQ_1:Gene	ulaF	CHQ_1_10:184682-185368	CHQ_1_01303
prokka_CHQ_1/CHQ_1:Gene	tamA	CHQ_1_10:207247-208980	CHQ_1_01327
prokka_CHQ_1/CHQ_1:Gene	tamB	CHQ_1_10:208977-212753	CHQ_1_01328
prokka_CHQ_1/CHQ_1:Gene	ytfT	CHQ_1_10:218034-219059	CHQ_1_01334
prokka_CHQ_1/CHQ_1:Gene	yjfF	CHQ_1_10:219046-220044	CHQ_1_01335
prokka_CHQ_1/CHQ_1:Gene	CHQ_1_01348	CHQ_1_10:230481-231614	CHQ_1_01348
prokka_CHQ_1/CHQ_1:Gene	dgaE	CHQ_1_10:231598-232716	CHQ_1_01349
prokka_CHQ_1/CHQ_1:Gene	dgaF	CHQ_1_10:232713-233453	CHQ_1_01350
prokka_CHQ_1/CHQ_1:Gene	relB	CHQ_1_10:236683-236925	CHQ_1_01353
prokka_CHQ_1/CHQ_1:Gene	relE	CHQ_1_10:236915-237199	CHQ_1_01354
prokka_CHQ_1/CHQ_1:Gene	valS	CHQ_1_10:c256848-253993	CHQ_1_01370
prokka_CHQ_1/CHQ_1:Gene	holC	CHQ_1_10:c257291-256848	CHQ_1_01371
prokka_CHQ_1/CHQ_1:Gene	lptF	CHQ_1_10:259314-260411	CHQ_1_01373
prokka_CHQ_1/CHQ_1:Gene	lptG	CHQ_1_10:260411-261493	CHQ_1_01374
prokka_CHQ_1/CHQ_1:Gene	ugpB_1	CHQ_1_10:c277449-276139	CHQ_1_01385
prokka_CHQ_1/CHQ_1:Gene	ugpC_2	CHQ_1_10:c278515-277442	CHQ_1_01386
prokka_CHQ_1/CHQ_1:Gene	ngcG	CHQ_1_10:c280243-279356	CHQ_1_01388
prokka_CHQ_1/CHQ_1:Gene	ugpA_1	CHQ_1_10:c281105-280233	CHQ_1_01389
prokka_CHQ_1/CHQ_1:Gene	dauA_3	CHQ_1_10:c283848-282379	CHQ_1_01391
prokka_CHQ_1/CHQ_1:Gene	can_2	CHQ_1_10:c284519-283845	CHQ_1_01392
prokka_CHQ_1/CHQ_1:Gene	rep_2	CHQ_1_10:c291560-289887	CHQ_1_01398
prokka_CHQ_1/CHQ_1:Gene	CHQ_1_01399	CHQ_1_10:c293587-291557	CHQ_1_01399
prokka_CHQ_1/CHQ_1:Gene	dam_1	CHQ_1_14:c1924-1115	CHQ_1_01419
prokka_CHQ_1/CHQ_1:Gene	CHQ_1_01420	CHQ_1_14:c2835-1921	CHQ_1_01420
prokka_CHQ_1/CHQ_1:Gene	emrB_1	CHQ_1_15:c15031-13469	CHQ_1_01435
prokka_CHQ_1/CHQ_1:Gene	emrA_1	CHQ_1_15:c16068-15028	CHQ_1_01436
prokka_CHQ_1/CHQ_1:Gene	CHQ_1_01437	CHQ_1_15:c16609-16052	CHQ_1_01437
prokka_CHQ_1/CHQ_1:Gene	CHQ_1_01440	CHQ_1_15:c19071-18685	CHQ_1_01440
prokka_CHQ_1/CHQ_1:Gene	atzE	CHQ_1_15:c20465-19068	CHQ_1_01441
prokka_CHQ_1/CHQ_1:Gene	CHQ_1_01442	CHQ_1_15:c20647-20462	CHQ_1_01442
prokka_CHQ_1/CHQ_1:Gene	CHQ_1_01446	CHQ_1_15:24273-24938	CHQ_1_01446
prokka_CHQ_1/CHQ_1:Gene	yecS_2	CHQ_1_15:24935-25594	CHQ_1_01447
prokka_CHQ_1/CHQ_1:Gene	glnQ_3	CHQ_1_15:25575-26312	CHQ_1_01448
prokka_CHQ_1/CHQ_1:Gene	pucG	CHQ_1_15:26328-27569	CHQ_1_01449
prokka_CHQ_1/CHQ_1:Gene	amaB	CHQ_1_15:27566-28825	CHQ_1_01450
prokka_CHQ_1/CHQ_1:Gene	CHQ_1_01466	CHQ_1_15:45293-46108	CHQ_1_01466
prokka_CHQ_1/CHQ_1:Gene	cmpD	CHQ_1_15:46105-46881	CHQ_1_01467
prokka_CHQ_1/CHQ_1:Gene	ddl	CHQ_1_15:48427-52032	CHQ_1_01470
prokka_CHQ_1/CHQ_1:Gene	atzF	CHQ_1_15:52029-53825	CHQ_1_01471
prokka_CHQ_1/CHQ_1:Gene	pgtC	CHQ_1_15:58259-59527	CHQ_1_01476
prokka_CHQ_1/CHQ_1:Gene	pgtB	CHQ_1_15:59524-61533	CHQ_1_01477
prokka_CHQ_1/CHQ_1:Gene	dctD	CHQ_1_15:61523-62773	CHQ_1_01478
prokka_CHQ_1/CHQ_1:Gene	phoB_1	CHQ_1_15:64768-65463	CHQ_1_01481
prokka_CHQ_1/CHQ_1:Gene	sasA_1	CHQ_1_15:65460-66656	CHQ_1_01482
prokka_CHQ_1/CHQ_1:Gene	macA_1	CHQ_1_15:66735-67883	CHQ_1_01483
prokka_CHQ_1/CHQ_1:Gene	mexB_1	CHQ_1_15:67880-70954	CHQ_1_01484
prokka_CHQ_1/CHQ_1:Gene	iolT	CHQ_1_15:79990-81435	CHQ_1_01492
prokka_CHQ_1/CHQ_1:Gene	fruB_1	CHQ_1_15:81425-81868	CHQ_1_01493
prokka_CHQ_1/CHQ_1:Gene	CHQ_1_01499	CHQ_1_15:86355-86573	CHQ_1_01499
prokka_CHQ_1/CHQ_1:Gene	map_2	CHQ_1_15:86554-87336	CHQ_1_01500
prokka_CHQ_1/CHQ_1:Gene	dap	CHQ_1_15:87605-88720	CHQ_1_01501
prokka_CHQ_1/CHQ_1:Gene	CHQ_1_01502	CHQ_1_15:88707-89051	CHQ_1_01502
prokka_CHQ_1/CHQ_1:Gene	hipA	CHQ_1_15:c92595-91273	CHQ_1_01506
prokka_CHQ_1/CHQ_1:Gene	hipB	CHQ_1_15:c92882-92595	CHQ_1_01507
prokka_CHQ_1/CHQ_1:Gene	pucM	CHQ_1_15:c93470-93144	CHQ_1_01508
prokka_CHQ_1/CHQ_1:Gene	uao	CHQ_1_15:c93967-93467	CHQ_1_01509
prokka_CHQ_1/CHQ_1:Gene	xanP_1	CHQ_1_15:c95324-93945	CHQ_1_01510
prokka_CHQ_1/CHQ_1:Gene	metQ_3	CHQ_1_15:105016-105822	CHQ_1_01521
prokka_CHQ_1/CHQ_1:Gene	metN2_1	CHQ_1_15:105819-106610	CHQ_1_01522
prokka_CHQ_1/CHQ_1:Gene	metI_3	CHQ_1_15:106595-107266	CHQ_1_01523
prokka_CHQ_1/CHQ_1:Gene	CHQ_1_01530	CHQ_1_15:112885-113205	CHQ_1_01530
prokka_CHQ_1/CHQ_1:Gene	CHQ_1_01531	CHQ_1_15:113196-113576	CHQ_1_01531
prokka_CHQ_1/CHQ_1:Gene	CHQ_1_01537	CHQ_1_15:c118566-118198	CHQ_1_01537
prokka_CHQ_1/CHQ_1:Gene	glsA2	CHQ_1_15:c119492-118566	CHQ_1_01538
prokka_CHQ_1/CHQ_1:Gene	livF_3	CHQ_1_15:c132344-131547	CHQ_1_01553
prokka_CHQ_1/CHQ_1:Gene	CHQ_1_01554	CHQ_1_15:c133417-132344	CHQ_1_01554
prokka_CHQ_1/CHQ_1:Gene	CHQ_1_01555	CHQ_1_15:c134991-133417	CHQ_1_01555
prokka_CHQ_1/CHQ_1:Gene	rhaS_5	CHQ_1_15:138213-139310	CHQ_1_01559
prokka_CHQ_1/CHQ_1:Gene	CHQ_1_01560	CHQ_1_15:139276-139494	CHQ_1_01560
prokka_CHQ_1/CHQ_1:Gene	CHQ_1_01566	CHQ_1_15:c147407-147147	CHQ_1_01566
prokka_CHQ_1/CHQ_1:Gene	CHQ_1_01567	CHQ_1_15:c147522-147391	CHQ_1_01567
prokka_CHQ_1/CHQ_1:Gene	otnK	CHQ_1_15:150521-151786	CHQ_1_01571
prokka_CHQ_1/CHQ_1:Gene	otnC	CHQ_1_15:151779-152399	CHQ_1_01572
prokka_CHQ_1/CHQ_1:Gene	mdtI	CHQ_1_15:c190789-190460	CHQ_1_01610
prokka_CHQ_1/CHQ_1:Gene	mdtJ_2	CHQ_1_15:c191138-190776	CHQ_1_01611
prokka_CHQ_1/CHQ_1:Gene	madA	CHQ_1_15:192837-194492	CHQ_1_01613
prokka_CHQ_1/CHQ_1:Gene	citG_2	CHQ_1_15:194492-195334	CHQ_1_01614
prokka_CHQ_1/CHQ_1:Gene	mdcC	CHQ_1_15:195352-195651	CHQ_1_01615
prokka_CHQ_1/CHQ_1:Gene	madC	CHQ_1_15:195644-196477	CHQ_1_01616
prokka_CHQ_1/CHQ_1:Gene	CHQ_1_01617	CHQ_1_15:196477-197277	CHQ_1_01617
prokka_CHQ_1/CHQ_1:Gene	mdcG	CHQ_1_15:198377-198994	CHQ_1_01619
prokka_CHQ_1/CHQ_1:Gene	fabD_1	CHQ_1_15:198994-199896	CHQ_1_01620
prokka_CHQ_1/CHQ_1:Gene	dcuS	CHQ_1_15:204482-206098	CHQ_1_01625
prokka_CHQ_1/CHQ_1:Gene	dcuR_2	CHQ_1_15:206095-206814	CHQ_1_01626
prokka_CHQ_1/CHQ_1:Gene	panF	CHQ_1_17:c10535-9084	CHQ_1_01644
prokka_CHQ_1/CHQ_1:Gene	yhdT	CHQ_1_17:c10767-10525	CHQ_1_01645
prokka_CHQ_1/CHQ_1:Gene	msrQ	CHQ_1_17:c14012-13413	CHQ_1_01649
prokka_CHQ_1/CHQ_1:Gene	msrP	CHQ_1_17:c15013-14012	CHQ_1_01650
prokka_CHQ_1/CHQ_1:Gene	mreC	CHQ_1_17:18883-19875	CHQ_1_01653
prokka_CHQ_1/CHQ_1:Gene	mreD	CHQ_1_17:19875-20363	CHQ_1_01654
prokka_CHQ_1/CHQ_1:Gene	nanE	CHQ_1_17:45882-46571	CHQ_1_01679
prokka_CHQ_1/CHQ_1:Gene	nanK	CHQ_1_17:46568-47452	CHQ_1_01680
prokka_CHQ_1/CHQ_1:Gene	yhcH	CHQ_1_17:47439-47906	CHQ_1_01681
prokka_CHQ_1/CHQ_1:Gene	elbB	CHQ_1_17:61988-62641	CHQ_1_01689
prokka_CHQ_1/CHQ_1:Gene	mtgA_2	CHQ_1_17:62638-63363	CHQ_1_01690
prokka_CHQ_1/CHQ_1:Gene	ptsO	CHQ_1_17:c63698-63426	CHQ_1_01691
prokka_CHQ_1/CHQ_1:Gene	rapZ	CHQ_1_17:c64549-63695	CHQ_1_01692
prokka_CHQ_1/CHQ_1:Gene	lptA	CHQ_1_17:c68222-67677	CHQ_1_01697
prokka_CHQ_1/CHQ_1:Gene	lptC	CHQ_1_17:c68766-68191	CHQ_1_01698
prokka_CHQ_1/CHQ_1:Gene	kdsC	CHQ_1_17:c69329-68763	CHQ_1_01699
prokka_CHQ_1/CHQ_1:Gene	mlaC	CHQ_1_17:73709-74344	CHQ_1_01705
prokka_CHQ_1/CHQ_1:Gene	mlaB	CHQ_1_17:74344-74634	CHQ_1_01706
prokka_CHQ_1/CHQ_1:Gene	folP_1	CHQ_1_17:86465-87313	CHQ_1_01720
prokka_CHQ_1/CHQ_1:Gene	glmM	CHQ_1_17:87306-88643	CHQ_1_01721
prokka_CHQ_1/CHQ_1:Gene	rbfA	CHQ_1_17:98315-98716	CHQ_1_01732
prokka_CHQ_1/CHQ_1:Gene	truB	CHQ_1_17:98716-99660	CHQ_1_01733
prokka_CHQ_1/CHQ_1:Gene	ubiJ_1	CHQ_1_17:110243-110767	CHQ_1_01742
prokka_CHQ_1/CHQ_1:Gene	CHQ_1_01743	CHQ_1_17:110761-111264	CHQ_1_01743
prokka_CHQ_1/CHQ_1:Gene	CHQ_1_01751	CHQ_1_17:c116133-115747	CHQ_1_01751
prokka_CHQ_1/CHQ_1:Gene	lpoA	CHQ_1_17:c118193-116091	CHQ_1_01752
prokka_CHQ_1/CHQ_1:Gene	srlR_2	CHQ_1_17:129233-130072	CHQ_1_01764
prokka_CHQ_1/CHQ_1:Gene	CHQ_1_01765	CHQ_1_17:130072-131022	CHQ_1_01765
prokka_CHQ_1/CHQ_1:Gene	CHQ_1_01777	CHQ_1_17:c141438-141142	CHQ_1_01777
prokka_CHQ_1/CHQ_1:Gene	yqjE	CHQ_1_17:c141833-141435	CHQ_1_01778
prokka_CHQ_1/CHQ_1:Gene	mzrA	CHQ_1_17:c143091-142705	CHQ_1_01781
prokka_CHQ_1/CHQ_1:Gene	yqjA	CHQ_1_17:c143753-143091	CHQ_1_01782
prokka_CHQ_1/CHQ_1:Gene	lsrA	CHQ_1_17:162657-164144	CHQ_1_01798
prokka_CHQ_1/CHQ_1:Gene	lsrC	CHQ_1_17:164141-165175	CHQ_1_01799
prokka_CHQ_1/CHQ_1:Gene	lsrD_1	CHQ_1_17:165176-166180	CHQ_1_01800
prokka_CHQ_1/CHQ_1:Gene	lsrB_1	CHQ_1_17:166177-167190	CHQ_1_01801
prokka_CHQ_1/CHQ_1:Gene	lsrF_1	CHQ_1_17:167202-168089	CHQ_1_01802
prokka_CHQ_1/CHQ_1:Gene	lsrG	CHQ_1_17:168086-168382	CHQ_1_01803
prokka_CHQ_1/CHQ_1:Gene	CHQ_1_01820	CHQ_1_17:189131-189280	CHQ_1_01820
prokka_CHQ_1/CHQ_1:Gene	CHQ_1_01821	CHQ_1_17:189220-189396	CHQ_1_01821
prokka_CHQ_1/CHQ_1:Gene	ureF	CHQ_1_17:c200314-199604	CHQ_1_01831
prokka_CHQ_1/CHQ_1:Gene	ureE	CHQ_1_17:c200756-200280	CHQ_1_01832
prokka_CHQ_1/CHQ_1:Gene	ureC	CHQ_1_17:c202469-200766	CHQ_1_01833
prokka_CHQ_1/CHQ_1:Gene	ureB	CHQ_1_17:c202782-202462	CHQ_1_01834
prokka_CHQ_1/CHQ_1:Gene	nudF	CHQ_1_17:221525-222157	CHQ_1_01853
prokka_CHQ_1/CHQ_1:Gene	CHQ_1_01854	CHQ_1_17:222154-222576	CHQ_1_01854
prokka_CHQ_1/CHQ_1:Gene	cpdA_2	CHQ_1_17:222601-223428	CHQ_1_01855
prokka_CHQ_1/CHQ_1:Gene	CHQ_1_01856	CHQ_1_17:223428-224003	CHQ_1_01856
prokka_CHQ_1/CHQ_1:Gene	qseC	CHQ_1_17:c228436-227087	CHQ_1_01860
prokka_CHQ_1/CHQ_1:Gene	qseB	CHQ_1_17:c229092-228433	CHQ_1_01861
prokka_CHQ_1/CHQ_1:Gene	trmB	CHQ_1_17:264694-265413	CHQ_1_01896
prokka_CHQ_1/CHQ_1:Gene	CHQ_1_01897	CHQ_1_17:265413-265739	CHQ_1_01897
prokka_CHQ_1/CHQ_1:Gene	dctM	CHQ_1_17:c267858-266557	CHQ_1_01899
prokka_CHQ_1/CHQ_1:Gene	siaQ	CHQ_1_17:c268360-267851	CHQ_1_01900
prokka_CHQ_1/CHQ_1:Gene	hemW	CHQ_1_17:c270835-269699	CHQ_1_01902
prokka_CHQ_1/CHQ_1:Gene	rdgB	CHQ_1_17:c271421-270828	CHQ_1_01903
prokka_CHQ_1/CHQ_1:Gene	CHQ_1_01904	CHQ_1_17:c271724-271434	CHQ_1_01904
prokka_CHQ_1/CHQ_1:Gene	CHQ_1_01905	CHQ_1_17:c272287-271721	CHQ_1_01905
prokka_CHQ_1/CHQ_1:Gene	yqgF	CHQ_1_17:c275477-275061	CHQ_1_01909
prokka_CHQ_1/CHQ_1:Gene	CHQ_1_01910	CHQ_1_17:c276040-275477	CHQ_1_01910
prokka_CHQ_1/CHQ_1:Gene	doxA	CHQ_1_17:287942-288265	CHQ_1_01920
prokka_CHQ_1/CHQ_1:Gene	CHQ_1_01921	CHQ_1_17:288262-288570	CHQ_1_01921
prokka_CHQ_1/CHQ_1:Gene	CHQ_1_01922	CHQ_1_17:288581-289603	CHQ_1_01922
prokka_CHQ_1/CHQ_1:Gene	pldh-t	CHQ_1_17:289603-290352	CHQ_1_01923
prokka_CHQ_1/CHQ_1:Gene	CHQ_1_01925	CHQ_1_17:291243-292169	CHQ_1_01925
prokka_CHQ_1/CHQ_1:Gene	cmtAa	CHQ_1_17:292166-293362	CHQ_1_01926
prokka_CHQ_1/CHQ_1:Gene	menH_3	CHQ_1_17:295196-295966	CHQ_1_01929
prokka_CHQ_1/CHQ_1:Gene	baiA1	CHQ_1_17:295950-296744	CHQ_1_01930
prokka_CHQ_1/CHQ_1:Gene	mdtA_2	CHQ_1_18:35007-36245	CHQ_1_01962
prokka_CHQ_1/CHQ_1:Gene	mdtB	CHQ_1_18:36245-39367	CHQ_1_01963
prokka_CHQ_1/CHQ_1:Gene	mdtD_2	CHQ_1_18:42447-43862	CHQ_1_01965
prokka_CHQ_1/CHQ_1:Gene	baeS	CHQ_1_18:43859-45355	CHQ_1_01966
prokka_CHQ_1/CHQ_1:Gene	baeR	CHQ_1_18:45352-46074	CHQ_1_01967
prokka_CHQ_1/CHQ_1:Gene	oppD_2	CHQ_1_18:c50781-49918	CHQ_1_01971
prokka_CHQ_1/CHQ_1:Gene	ddpC_1	CHQ_1_18:c51658-50753	CHQ_1_01972
prokka_CHQ_1/CHQ_1:Gene	dppB_1	CHQ_1_18:c52692-51655	CHQ_1_01973
prokka_CHQ_1/CHQ_1:Gene	ddpA_1	CHQ_1_18:c54311-52689	CHQ_1_01974
prokka_CHQ_1/CHQ_1:Gene	thiD	CHQ_1_18:c69011-68211	CHQ_1_01986
prokka_CHQ_1/CHQ_1:Gene	thiM	CHQ_1_18:c69781-69008	CHQ_1_01987
prokka_CHQ_1/CHQ_1:Gene	btsR	CHQ_1_18:c86235-85516	CHQ_1_02001
prokka_CHQ_1/CHQ_1:Gene	btsS	CHQ_1_18:c87917-86229	CHQ_1_02002
prokka_CHQ_1/CHQ_1:Gene	yehW	CHQ_1_18:c88972-88235	CHQ_1_02004
prokka_CHQ_1/CHQ_1:Gene	yehX	CHQ_1_18:c89903-88956	CHQ_1_02005
prokka_CHQ_1/CHQ_1:Gene	yehY	CHQ_1_18:c91053-89896	CHQ_1_02006
prokka_CHQ_1/CHQ_1:Gene	CHQ_1_02021	CHQ_1_18:109439-109843	CHQ_1_02021
prokka_CHQ_1/CHQ_1:Gene	yohK_2	CHQ_1_18:109833-110528	CHQ_1_02022
prokka_CHQ_1/CHQ_1:Gene	yejB	CHQ_1_18:146285-147379	CHQ_1_02053
prokka_CHQ_1/CHQ_1:Gene	yejE	CHQ_1_18:147379-148404	CHQ_1_02054
prokka_CHQ_1/CHQ_1:Gene	bcr_1	CHQ_1_18:c151870-150674	CHQ_1_02057
prokka_CHQ_1/CHQ_1:Gene	rsuA	CHQ_1_18:c152586-151867	CHQ_1_02058
prokka_CHQ_1/CHQ_1:Gene	alkB	CHQ_1_18:c171169-170516	CHQ_1_02075
prokka_CHQ_1/CHQ_1:Gene	ada	CHQ_1_18:c172233-171169	CHQ_1_02076
prokka_CHQ_1/CHQ_1:Gene	nrdB	CHQ_1_18:187908-189038	CHQ_1_02085
prokka_CHQ_1/CHQ_1:Gene	CHQ_1_02086	CHQ_1_18:189038-189292	CHQ_1_02086
prokka_CHQ_1/CHQ_1:Gene	glpA	CHQ_1_18:192455-194077	CHQ_1_02089
prokka_CHQ_1/CHQ_1:Gene	glpB	CHQ_1_18:194067-195326	CHQ_1_02090
prokka_CHQ_1/CHQ_1:Gene	glpC	CHQ_1_18:195323-196501	CHQ_1_02091
prokka_CHQ_1/CHQ_1:Gene	sasA_3	CHQ_1_18:c205905-204499	CHQ_1_02100
prokka_CHQ_1/CHQ_1:Gene	tctD	CHQ_1_18:c206569-205892	CHQ_1_02101
prokka_CHQ_1/CHQ_1:Gene	menE	CHQ_1_18:c211017-209656	CHQ_1_02105
prokka_CHQ_1/CHQ_1:Gene	menC	CHQ_1_18:c211979-211014	CHQ_1_02106
prokka_CHQ_1/CHQ_1:Gene	menB	CHQ_1_18:c212836-211979	CHQ_1_02107
prokka_CHQ_1/CHQ_1:Gene	menH_4	CHQ_1_18:c213609-212851	CHQ_1_02108
prokka_CHQ_1/CHQ_1:Gene	menD	CHQ_1_18:c215276-213606	CHQ_1_02109
prokka_CHQ_1/CHQ_1:Gene	nuoL	CHQ_1_18:c223412-221571	CHQ_1_02115
prokka_CHQ_1/CHQ_1:Gene	nuoK	CHQ_1_18:c223711-223409	CHQ_1_02116
prokka_CHQ_1/CHQ_1:Gene	nuoJ	CHQ_1_18:c224262-223708	CHQ_1_02117
prokka_CHQ_1/CHQ_1:Gene	nuoH	CHQ_1_18:c225807-224830	CHQ_1_02119
prokka_CHQ_1/CHQ_1:Gene	nuoG	CHQ_1_18:c228530-225804	CHQ_1_02120
prokka_CHQ_1/CHQ_1:Gene	nuoF	CHQ_1_18:c229901-228564	CHQ_1_02121
prokka_CHQ_1/CHQ_1:Gene	nuoE	CHQ_1_18:c230398-229898	CHQ_1_02122
prokka_CHQ_1/CHQ_1:Gene	hisM	CHQ_1_18:c251661-250945	CHQ_1_02143
prokka_CHQ_1/CHQ_1:Gene	hisQ_1	CHQ_1_18:c252344-251658	CHQ_1_02144
prokka_CHQ_1/CHQ_1:Gene	dedD	CHQ_1_18:c258176-257490	CHQ_1_02150
prokka_CHQ_1/CHQ_1:Gene	folC	CHQ_1_18:c259434-258166	CHQ_1_02151
prokka_CHQ_1/CHQ_1:Gene	truA	CHQ_1_18:c262114-261302	CHQ_1_02154
prokka_CHQ_1/CHQ_1:Gene	usg	CHQ_1_18:c263127-262114	CHQ_1_02155
prokka_CHQ_1/CHQ_1:Gene	epmC	CHQ_1_18:c271177-270629	CHQ_1_02162
prokka_CHQ_1/CHQ_1:Gene	yfcA	CHQ_1_18:c271986-271177	CHQ_1_02163
prokka_CHQ_1/CHQ_1:Gene	mepA	CHQ_1_18:c272810-271986	CHQ_1_02164
prokka_CHQ_1/CHQ_1:Gene	fadJ	CHQ_1_18:c278451-276307	CHQ_1_02169
prokka_CHQ_1/CHQ_1:Gene	fadI	CHQ_1_18:c279761-278451	CHQ_1_02170
prokka_CHQ_1/CHQ_1:Gene	CHQ_1_02176	CHQ_1_18:c285646-285278	CHQ_1_02176
prokka_CHQ_1/CHQ_1:Gene	CHQ_1_02177	CHQ_1_18:c285842-285603	CHQ_1_02177
prokka_CHQ_1/CHQ_1:Gene	norW_2	CHQ_1_19:c1529-396	CHQ_1_02182
prokka_CHQ_1/CHQ_1:Gene	norV	CHQ_1_19:c2974-1526	CHQ_1_02183
prokka_CHQ_1/CHQ_1:Gene	gutQ	CHQ_1_19:c5640-4675	CHQ_1_02185
prokka_CHQ_1/CHQ_1:Gene	srlR_3	CHQ_1_19:c6406-5633	CHQ_1_02186
prokka_CHQ_1/CHQ_1:Gene	srlE	CHQ_1_19:c9135-8155	CHQ_1_02190
prokka_CHQ_1/CHQ_1:Gene	srlA	CHQ_1_19:c9695-9132	CHQ_1_02191
prokka_CHQ_1/CHQ_1:Gene	CHQ_1_02193	CHQ_1_19:11320-11427	CHQ_1_02193
prokka_CHQ_1/CHQ_1:Gene	mntB_4	CHQ_1_19:11424-12101	CHQ_1_02194
prokka_CHQ_1/CHQ_1:Gene	mntB_5	CHQ_1_19:12098-12961	CHQ_1_02195
prokka_CHQ_1/CHQ_1:Gene	yqaB	CHQ_1_19:21460-22026	CHQ_1_02208
prokka_CHQ_1/CHQ_1:Gene	yqaA	CHQ_1_19:22023-22451	CHQ_1_02209
prokka_CHQ_1/CHQ_1:Gene	CHQ_1_02217	CHQ_1_19:c31175-30840	CHQ_1_02217
prokka_CHQ_1/CHQ_1:Gene	ygaZ_2	CHQ_1_19:c31911-31165	CHQ_1_02218
prokka_CHQ_1/CHQ_1:Gene	proW	CHQ_1_19:c34237-33170	CHQ_1_02220
prokka_CHQ_1/CHQ_1:Gene	proV	CHQ_1_19:c35432-34230	CHQ_1_02221
prokka_CHQ_1/CHQ_1:Gene	nrdE	CHQ_1_19:c38904-36763	CHQ_1_02223
prokka_CHQ_1/CHQ_1:Gene	nrdI	CHQ_1_19:c39287-38877	CHQ_1_02224
prokka_CHQ_1/CHQ_1:Gene	nrdH	CHQ_1_19:c39529-39284	CHQ_1_02225
prokka_CHQ_1/CHQ_1:Gene	vldW_2	CHQ_1_19:c67594-66527	CHQ_1_02254
prokka_CHQ_1/CHQ_1:Gene	CHQ_1_02255	CHQ_1_19:c68454-67591	CHQ_1_02255
prokka_CHQ_1/CHQ_1:Gene	CHQ_1_02284	CHQ_1_19:96638-96871	CHQ_1_02284
prokka_CHQ_1/CHQ_1:Gene	ybiI_1	CHQ_1_19:96871-97098	CHQ_1_02285
prokka_CHQ_1/CHQ_1:Gene	dam_2	CHQ_1_19:97095-97982	CHQ_1_02286
prokka_CHQ_1/CHQ_1:Gene	CHQ_1_02287	CHQ_1_19:97963-100371	CHQ_1_02287
prokka_CHQ_1/CHQ_1:Gene	CHQ_1_02289	CHQ_1_19:c101986-101315	CHQ_1_02289
prokka_CHQ_1/CHQ_1:Gene	CHQ_1_02290	CHQ_1_19:c103023-101983	CHQ_1_02290
prokka_CHQ_1/CHQ_1:Gene	CHQ_1_02291	CHQ_1_19:103477-104451	CHQ_1_02291
prokka_CHQ_1/CHQ_1:Gene	CHQ_1_02292	CHQ_1_19:104451-104789	CHQ_1_02292
prokka_CHQ_1/CHQ_1:Gene	CHQ_1_02293	CHQ_1_19:c105886-104834	CHQ_1_02293
prokka_CHQ_1/CHQ_1:Gene	CHQ_1_02294	CHQ_1_19:c107598-105886	CHQ_1_02294
prokka_CHQ_1/CHQ_1:Gene	CHQ_1_02298	CHQ_1_19:110546-111013	CHQ_1_02298
prokka_CHQ_1/CHQ_1:Gene	CHQ_1_02299	CHQ_1_19:111013-111216	CHQ_1_02299
prokka_CHQ_1/CHQ_1:Gene	CHQ_1_02300	CHQ_1_19:111220-111435	CHQ_1_02300
prokka_CHQ_1/CHQ_1:Gene	CHQ_1_02301	CHQ_1_19:111416-111931	CHQ_1_02301
prokka_CHQ_1/CHQ_1:Gene	CHQ_1_02302	CHQ_1_19:111928-112356	CHQ_1_02302
prokka_CHQ_1/CHQ_1:Gene	CHQ_1_02303	CHQ_1_19:112452-112883	CHQ_1_02303
prokka_CHQ_1/CHQ_1:Gene	CHQ_1_02304	CHQ_1_19:112876-113322	CHQ_1_02304
prokka_CHQ_1/CHQ_1:Gene	CHQ_1_02306	CHQ_1_19:114253-114825	CHQ_1_02306
prokka_CHQ_1/CHQ_1:Gene	CHQ_1_02307	CHQ_1_19:114822-115184	CHQ_1_02307
prokka_CHQ_1/CHQ_1:Gene	CHQ_1_02308	CHQ_1_19:115171-116079	CHQ_1_02308
prokka_CHQ_1/CHQ_1:Gene	CHQ_1_02309	CHQ_1_19:116072-116668	CHQ_1_02309
prokka_CHQ_1/CHQ_1:Gene	CHQ_1_02316	CHQ_1_19:122834-125461	CHQ_1_02316
prokka_CHQ_1/CHQ_1:Gene	CHQ_1_02317	CHQ_1_19:125458-125943	CHQ_1_02317
prokka_CHQ_1/CHQ_1:Gene	CHQ_1_02318	CHQ_1_19:125940-127037	CHQ_1_02318
prokka_CHQ_1/CHQ_1:Gene	ratA	CHQ_1_19:128987-129424	CHQ_1_02323
prokka_CHQ_1/CHQ_1:Gene	CHQ_1_02324	CHQ_1_19:129414-129704	CHQ_1_02324
prokka_CHQ_1/CHQ_1:Gene	dgcN	CHQ_1_19:c143331-142108	CHQ_1_02339
prokka_CHQ_1/CHQ_1:Gene	CHQ_1_02340	CHQ_1_19:c143833-143324	CHQ_1_02340
prokka_CHQ_1/CHQ_1:Gene	rluD	CHQ_1_19:150200-151180	CHQ_1_02347
prokka_CHQ_1/CHQ_1:Gene	yfiH	CHQ_1_19:151177-151908	CHQ_1_02348
prokka_CHQ_1/CHQ_1:Gene	CHQ_1_02357	CHQ_1_20:c9078-8485	CHQ_1_02357
prokka_CHQ_1/CHQ_1:Gene	steT	CHQ_1_20:c10555-9056	CHQ_1_02358
prokka_CHQ_1/CHQ_1:Gene	ecpE_1	CHQ_1_20:c25602-24919	CHQ_1_02370
prokka_CHQ_1/CHQ_1:Gene	ecpD_1	CHQ_1_20:c27218-25599	CHQ_1_02371
prokka_CHQ_1/CHQ_1:Gene	ecpC_1	CHQ_1_20:c29745-27208	CHQ_1_02372
prokka_CHQ_1/CHQ_1:Gene	sorB	CHQ_1_20:c46467-45997	CHQ_1_02386
prokka_CHQ_1/CHQ_1:Gene	CHQ_1_02387	CHQ_1_20:c46894-46460	CHQ_1_02387
prokka_CHQ_1/CHQ_1:Gene	CHQ_1_02389	CHQ_1_20:c48283-47915	CHQ_1_02389
prokka_CHQ_1/CHQ_1:Gene	CHQ_1_02390	CHQ_1_20:c48879-48283	CHQ_1_02390
prokka_CHQ_1/CHQ_1:Gene	btuD_5	CHQ_1_20:64357-65394	CHQ_1_02403
prokka_CHQ_1/CHQ_1:Gene	oppD_3	CHQ_1_20:65384-66394	CHQ_1_02404
prokka_CHQ_1/CHQ_1:Gene	hisQ_2	CHQ_1_20:73487-74152	CHQ_1_02411
prokka_CHQ_1/CHQ_1:Gene	occP_1	CHQ_1_20:74145-74906	CHQ_1_02412
prokka_CHQ_1/CHQ_1:Gene	oppF_2	CHQ_1_20:c78800-78096	CHQ_1_02415
prokka_CHQ_1/CHQ_1:Gene	dppD_1	CHQ_1_20:c79623-78787	CHQ_1_02416
prokka_CHQ_1/CHQ_1:Gene	ddpC_2	CHQ_1_20:c80449-79616	CHQ_1_02417
prokka_CHQ_1/CHQ_1:Gene	dppB_2	CHQ_1_20:c81471-80449	CHQ_1_02418
prokka_CHQ_1/CHQ_1:Gene	yddE_2	CHQ_1_20:c85757-84957	CHQ_1_02422
prokka_CHQ_1/CHQ_1:Gene	dauR_1	CHQ_1_20:c86415-85747	CHQ_1_02423
prokka_CHQ_1/CHQ_1:Gene	aptB_1	CHQ_1_20:c100652-99696	CHQ_1_02435
prokka_CHQ_1/CHQ_1:Gene	aptA_1	CHQ_1_20:c101475-100645	CHQ_1_02436
prokka_CHQ_1/CHQ_1:Gene	araG_2	CHQ_1_20:c106480-104954	CHQ_1_02440
prokka_CHQ_1/CHQ_1:Gene	CHQ_1_02441	CHQ_1_20:c107091-106480	CHQ_1_02441
prokka_CHQ_1/CHQ_1:Gene	fepC	CHQ_1_20:c117562-116768	CHQ_1_02448
prokka_CHQ_1/CHQ_1:Gene	fepG	CHQ_1_20:c118551-117559	CHQ_1_02449
prokka_CHQ_1/CHQ_1:Gene	fepD	CHQ_1_20:c119555-118548	CHQ_1_02450
prokka_CHQ_1/CHQ_1:Gene	entB	CHQ_1_20:124995-125846	CHQ_1_02455
prokka_CHQ_1/CHQ_1:Gene	entA	CHQ_1_20:125846-126601	CHQ_1_02456
prokka_CHQ_1/CHQ_1:Gene	CHQ_1_02460	CHQ_1_20:c130231-129827	CHQ_1_02460
prokka_CHQ_1/CHQ_1:Gene	CHQ_1_02461	CHQ_1_20:c130508-130206	CHQ_1_02461
prokka_CHQ_1/CHQ_1:Gene	rbsA_2	CHQ_1_20:132745-134247	CHQ_1_02464
prokka_CHQ_1/CHQ_1:Gene	rbsC_3	CHQ_1_20:134244-135242	CHQ_1_02465
prokka_CHQ_1/CHQ_1:Gene	codA_1	CHQ_1_20:c146327-145089	CHQ_1_02474
prokka_CHQ_1/CHQ_1:Gene	CHQ_1_02475	CHQ_1_20:c147559-146324	CHQ_1_02475
prokka_CHQ_1/CHQ_1:Gene	codB	CHQ_1_20:c148818-147556	CHQ_1_02476
prokka_CHQ_1/CHQ_1:Gene	lyx_1	CHQ_1_20:149893-151389	CHQ_1_02478
prokka_CHQ_1/CHQ_1:Gene	yoaD	CHQ_1_20:151386-152414	CHQ_1_02479
prokka_CHQ_1/CHQ_1:Gene	rbsC_4	CHQ_1_20:c154414-153410	CHQ_1_02481
prokka_CHQ_1/CHQ_1:Gene	alsC	CHQ_1_20:c155400-154411	CHQ_1_02482
prokka_CHQ_1/CHQ_1:Gene	xylG_1	CHQ_1_20:c156947-155397	CHQ_1_02483
prokka_CHQ_1/CHQ_1:Gene	CHQ_1_02484	CHQ_1_20:c157924-156944	CHQ_1_02484
prokka_CHQ_1/CHQ_1:Gene	mtnD	CHQ_1_20:c161311-160769	CHQ_1_02486
prokka_CHQ_1/CHQ_1:Gene	mtnC	CHQ_1_20:c161997-161308	CHQ_1_02487
prokka_CHQ_1/CHQ_1:Gene	ybdM	CHQ_1_20:c163911-163285	CHQ_1_02489
prokka_CHQ_1/CHQ_1:Gene	cysH_2	CHQ_1_20:c165119-163896	CHQ_1_02490
prokka_CHQ_1/CHQ_1:Gene	mrdB	CHQ_1_20:c183617-182505	CHQ_1_02510
prokka_CHQ_1/CHQ_1:Gene	mrdA_1	CHQ_1_20:c185518-183617	CHQ_1_02511
prokka_CHQ_1/CHQ_1:Gene	nadD	CHQ_1_20:c187910-187260	CHQ_1_02515
prokka_CHQ_1/CHQ_1:Gene	holA	CHQ_1_20:c188937-187903	CHQ_1_02516
prokka_CHQ_1/CHQ_1:Gene	lptE	CHQ_1_20:c189524-188934	CHQ_1_02517
prokka_CHQ_1/CHQ_1:Gene	glnQ_4	CHQ_1_20:c197532-196807	CHQ_1_02522
prokka_CHQ_1/CHQ_1:Gene	gltK	CHQ_1_20:c198206-197532	CHQ_1_02523
prokka_CHQ_1/CHQ_1:Gene	gltJ_1	CHQ_1_20:c198946-198206	CHQ_1_02524
prokka_CHQ_1/CHQ_1:Gene	ybeY	CHQ_1_20:c203540-203067	CHQ_1_02528
prokka_CHQ_1/CHQ_1:Gene	ybeZ	CHQ_1_20:c204583-203537	CHQ_1_02529
prokka_CHQ_1/CHQ_1:Gene	CHQ_1_02548	CHQ_1_20:c223501-222362	CHQ_1_02548
prokka_CHQ_1/CHQ_1:Gene	ifcA	CHQ_1_20:c224597-223488	CHQ_1_02549
prokka_CHQ_1/CHQ_1:Gene	kdpE	CHQ_1_20:c232225-231548	CHQ_1_02559
prokka_CHQ_1/CHQ_1:Gene	kdpD	CHQ_1_20:c234909-232222	CHQ_1_02560
prokka_CHQ_1/CHQ_1:Gene	pxpB	CHQ_1_20:243950-244606	CHQ_1_02568
prokka_CHQ_1/CHQ_1:Gene	pxpC	CHQ_1_20:244600-245532	CHQ_1_02569
prokka_CHQ_1/CHQ_1:Gene	pxpA	CHQ_1_20:245522-246274	CHQ_1_02570
prokka_CHQ_1/CHQ_1:Gene	sdhC	CHQ_1_20:249769-250173	CHQ_1_02574
prokka_CHQ_1/CHQ_1:Gene	sdhD	CHQ_1_20:250167-250514	CHQ_1_02575
prokka_CHQ_1/CHQ_1:Gene	sdhA	CHQ_1_20:250514-252280	CHQ_1_02576
prokka_CHQ_1/CHQ_1:Gene	sucC	CHQ_1_20:257605-258771	CHQ_1_02580
prokka_CHQ_1/CHQ_1:Gene	sucD	CHQ_1_20:258771-259640	CHQ_1_02581
prokka_CHQ_1/CHQ_1:Gene	cydX	CHQ_1_20:263208-263324	CHQ_1_02584
prokka_CHQ_1/CHQ_1:Gene	CHQ_1_02585	CHQ_1_20:263324-263614	CHQ_1_02585
prokka_CHQ_1/CHQ_1:Gene	ybgC	CHQ_1_20:263764-264168	CHQ_1_02586
prokka_CHQ_1/CHQ_1:Gene	tolQ	CHQ_1_20:264165-264857	CHQ_1_02587
prokka_CHQ_1/CHQ_1:Gene	galM	CHQ_1_20:c277784-276741	CHQ_1_02606
prokka_CHQ_1/CHQ_1:Gene	galK	CHQ_1_20:c278926-277778	CHQ_1_02607
prokka_CHQ_1/CHQ_1:Gene	modA	CHQ_1_20:283985-284758	CHQ_1_02613
prokka_CHQ_1/CHQ_1:Gene	modB	CHQ_1_20:284758-285447	CHQ_1_02614
prokka_CHQ_1/CHQ_1:Gene	btuD_6	CHQ_1_20:285447-286508	CHQ_1_02615
prokka_CHQ_1/CHQ_1:Gene	CHQ_1_02626	CHQ_1_20:c295182-294217	CHQ_1_02626
prokka_CHQ_1/CHQ_1:Gene	bepE	CHQ_1_20:c298244-295179	CHQ_1_02627
prokka_CHQ_1/CHQ_1:Gene	hutI	CHQ_1_20:304610-305869	CHQ_1_02633
prokka_CHQ_1/CHQ_1:Gene	hutG	CHQ_1_20:305866-306822	CHQ_1_02634
prokka_CHQ_1/CHQ_1:Gene	hutU	CHQ_1_20:307748-309436	CHQ_1_02636
prokka_CHQ_1/CHQ_1:Gene	hutH_1	CHQ_1_20:309433-310968	CHQ_1_02637
prokka_CHQ_1/CHQ_1:Gene	bioB	CHQ_1_20:314624-315664	CHQ_1_02641
prokka_CHQ_1/CHQ_1:Gene	bioF	CHQ_1_20:315661-316818	CHQ_1_02642
prokka_CHQ_1/CHQ_1:Gene	bioC	CHQ_1_20:316802-317557	CHQ_1_02643
prokka_CHQ_1/CHQ_1:Gene	bioD1_2	CHQ_1_20:317550-318272	CHQ_1_02644
prokka_CHQ_1/CHQ_1:Gene	basR	CHQ_1_20:c323692-323021	CHQ_1_02649
prokka_CHQ_1/CHQ_1:Gene	eptA	CHQ_1_20:c325332-323692	CHQ_1_02650
prokka_CHQ_1/CHQ_1:Gene	moaC	CHQ_1_20:328205-328693	CHQ_1_02654
prokka_CHQ_1/CHQ_1:Gene	moaD	CHQ_1_20:328686-328934	CHQ_1_02655
prokka_CHQ_1/CHQ_1:Gene	ybhN	CHQ_1_20:c331283-330318	CHQ_1_02658
prokka_CHQ_1/CHQ_1:Gene	clsB	CHQ_1_20:c332524-331280	CHQ_1_02659
prokka_CHQ_1/CHQ_1:Gene	CHQ_1_02660	CHQ_1_20:c333282-332521	CHQ_1_02660
prokka_CHQ_1/CHQ_1:Gene	ybhS	CHQ_1_20:c336281-335148	CHQ_1_02663
prokka_CHQ_1/CHQ_1:Gene	ybhF	CHQ_1_20:c338010-336271	CHQ_1_02664
prokka_CHQ_1/CHQ_1:Gene	CHQ_1_02665	CHQ_1_20:c338998-338003	CHQ_1_02665
prokka_CHQ_1/CHQ_1:Gene	cecR	CHQ_1_20:c339657-338998	CHQ_1_02666
prokka_CHQ_1/CHQ_1:Gene	aptA_2	CHQ_1_20:343219-344064	CHQ_1_02670
prokka_CHQ_1/CHQ_1:Gene	aptB_2	CHQ_1_20:344064-345056	CHQ_1_02671
prokka_CHQ_1/CHQ_1:Gene	glnQ_5	CHQ_1_20:c355966-355244	CHQ_1_02681
prokka_CHQ_1/CHQ_1:Gene	glnP_1	CHQ_1_20:c356622-355963	CHQ_1_02682
prokka_CHQ_1/CHQ_1:Gene	mntR	CHQ_1_20:362659-363132	CHQ_1_02689
prokka_CHQ_1/CHQ_1:Gene	ybiR	CHQ_1_20:363129-364241	CHQ_1_02690
prokka_CHQ_1/CHQ_1:Gene	moeB	CHQ_1_20:c382427-381672	CHQ_1_02703
prokka_CHQ_1/CHQ_1:Gene	moeA	CHQ_1_20:c383662-382427	CHQ_1_02704
prokka_CHQ_1/CHQ_1:Gene	CHQ_1_02713	CHQ_1_21:2386-2697	CHQ_1_02713
prokka_CHQ_1/CHQ_1:Gene	CHQ_1_02714	CHQ_1_21:2694-3233	CHQ_1_02714
prokka_CHQ_1/CHQ_1:Gene	CHQ_1_02715	CHQ_1_21:3230-3577	CHQ_1_02715
prokka_CHQ_1/CHQ_1:Gene	CHQ_1_02716	CHQ_1_21:3574-3849	CHQ_1_02716
prokka_CHQ_1/CHQ_1:Gene	CHQ_1_02721	CHQ_1_21:6299-8050	CHQ_1_02721
prokka_CHQ_1/CHQ_1:Gene	CHQ_1_02722	CHQ_1_21:8047-8208	CHQ_1_02722
prokka_CHQ_1/CHQ_1:Gene	CHQ_1_02723	CHQ_1_21:8198-9424	CHQ_1_02723
prokka_CHQ_1/CHQ_1:Gene	CHQ_1_02724	CHQ_1_21:9417-10016	CHQ_1_02724
prokka_CHQ_1/CHQ_1:Gene	CHQ_1_02728	CHQ_1_22:1267-1791	CHQ_1_02728
prokka_CHQ_1/CHQ_1:Gene	CHQ_1_02729	CHQ_1_22:1788-2540	CHQ_1_02729
prokka_CHQ_1/CHQ_1:Gene	CHQ_1_02737	CHQ_1_23:3433-3744	CHQ_1_02737
prokka_CHQ_1/CHQ_1:Gene	CHQ_1_02738	CHQ_1_23:3741-4280	CHQ_1_02738
prokka_CHQ_1/CHQ_1:Gene	CHQ_1_02739	CHQ_1_23:4277-4624	CHQ_1_02739
prokka_CHQ_1/CHQ_1:Gene	CHQ_1_02740	CHQ_1_23:4621-4896	CHQ_1_02740
prokka_CHQ_1/CHQ_1:Gene	CHQ_1_02744	CHQ_1_23:6710-7174	CHQ_1_02744
prokka_CHQ_1/CHQ_1:Gene	CHQ_1_02745	CHQ_1_23:7128-8870	CHQ_1_02745
prokka_CHQ_1/CHQ_1:Gene	CHQ_1_02746	CHQ_1_23:8870-10177	CHQ_1_02746
prokka_CHQ_1/CHQ_1:Gene	lolE	CHQ_1_25:c11475-10231	CHQ_1_02764
prokka_CHQ_1/CHQ_1:Gene	lolD	CHQ_1_25:c12176-11475	CHQ_1_02765
prokka_CHQ_1/CHQ_1:Gene	lolC	CHQ_1_25:c13368-12169	CHQ_1_02766
prokka_CHQ_1/CHQ_1:Gene	thiK	CHQ_1_25:c26721-25894	CHQ_1_02776
prokka_CHQ_1/CHQ_1:Gene	lpoB	CHQ_1_25:c27349-26702	CHQ_1_02777
prokka_CHQ_1/CHQ_1:Gene	holB	CHQ_1_25:c31898-30894	CHQ_1_02782
prokka_CHQ_1/CHQ_1:Gene	tmk	CHQ_1_25:c32536-31895	CHQ_1_02783
prokka_CHQ_1/CHQ_1:Gene	mltG	CHQ_1_25:c33548-32526	CHQ_1_02784
prokka_CHQ_1/CHQ_1:Gene	mdoH	CHQ_1_25:c65278-62750	CHQ_1_02815
prokka_CHQ_1/CHQ_1:Gene	mdoG	CHQ_1_25:c66824-65271	CHQ_1_02816
prokka_CHQ_1/CHQ_1:Gene	rutA	CHQ_1_25:91038-92129	CHQ_1_02840
prokka_CHQ_1/CHQ_1:Gene	rutB_1	CHQ_1_25:92129-92839	CHQ_1_02841
prokka_CHQ_1/CHQ_1:Gene	rutC_3	CHQ_1_25:92832-93224	CHQ_1_02842
prokka_CHQ_1/CHQ_1:Gene	rutD	CHQ_1_25:93221-94024	CHQ_1_02843
prokka_CHQ_1/CHQ_1:Gene	rutE	CHQ_1_25:94021-94611	CHQ_1_02844
prokka_CHQ_1/CHQ_1:Gene	gpFI_2	CHQ_1_25:102304-103485	CHQ_1_02855
prokka_CHQ_1/CHQ_1:Gene	CHQ_1_02856	CHQ_1_25:103485-104000	CHQ_1_02856
prokka_CHQ_1/CHQ_1:Gene	zraR	CHQ_1_26:c4685-3354	CHQ_1_02867
prokka_CHQ_1/CHQ_1:Gene	zraS	CHQ_1_26:c6066-4672	CHQ_1_02868
prokka_CHQ_1/CHQ_1:Gene	thiC	CHQ_1_26:11982-13877	CHQ_1_02877
prokka_CHQ_1/CHQ_1:Gene	thiE	CHQ_1_26:13877-14512	CHQ_1_02878
prokka_CHQ_1/CHQ_1:Gene	thiF	CHQ_1_26:14505-15260	CHQ_1_02879
prokka_CHQ_1/CHQ_1:Gene	thiS	CHQ_1_26:15244-15444	CHQ_1_02880
prokka_CHQ_1/CHQ_1:Gene	thiG	CHQ_1_26:15446-16216	CHQ_1_02881
prokka_CHQ_1/CHQ_1:Gene	thiH	CHQ_1_26:16213-17346	CHQ_1_02882
prokka_CHQ_1/CHQ_1:Gene	arsR2	CHQ_1_27:5093-5413	CHQ_1_02901
prokka_CHQ_1/CHQ_1:Gene	arsB_2	CHQ_1_27:5380-6747	CHQ_1_02902
prokka_CHQ_1/CHQ_1:Gene	fecD	CHQ_1_27:c10024-9068	CHQ_1_02907
prokka_CHQ_1/CHQ_1:Gene	fecC	CHQ_1_27:c11019-10021	CHQ_1_02908
prokka_CHQ_1/CHQ_1:Gene	fecB	CHQ_1_27:c11918-11016	CHQ_1_02909
prokka_CHQ_1/CHQ_1:Gene	fecR	CHQ_1_27:c15327-14374	CHQ_1_02911
prokka_CHQ_1/CHQ_1:Gene	fecI	CHQ_1_27:c15845-15324	CHQ_1_02912
prokka_CHQ_1/CHQ_1:Gene	yecS_4	CHQ_1_27:19764-20435	CHQ_1_02917
prokka_CHQ_1/CHQ_1:Gene	yecS_5	CHQ_1_27:20432-21094	CHQ_1_02918
prokka_CHQ_1/CHQ_1:Gene	glnQ_6	CHQ_1_27:21099-21917	CHQ_1_02919
prokka_CHQ_1/CHQ_1:Gene	ytfF_2	CHQ_1_27:21914-22879	CHQ_1_02920
prokka_CHQ_1/CHQ_1:Gene	CHQ_1_02923	CHQ_1_27:c25285-24569	CHQ_1_02923
prokka_CHQ_1/CHQ_1:Gene	CHQ_1_02924	CHQ_1_27:c26087-25278	CHQ_1_02924
prokka_CHQ_1/CHQ_1:Gene	CHQ_1_02925	CHQ_1_27:c27004-26084	CHQ_1_02925
prokka_CHQ_1/CHQ_1:Gene	CHQ_1_02932	CHQ_1_27:33325-34887	CHQ_1_02932
prokka_CHQ_1/CHQ_1:Gene	CHQ_1_02933	CHQ_1_27:34872-35894	CHQ_1_02933
prokka_CHQ_1/CHQ_1:Gene	cusS	CHQ_1_27:c40187-38712	CHQ_1_02938
prokka_CHQ_1/CHQ_1:Gene	cusR	CHQ_1_27:c40860-40180	CHQ_1_02939
prokka_CHQ_1/CHQ_1:Gene	copA_1	CHQ_1_27:52471-54288	CHQ_1_02949
prokka_CHQ_1/CHQ_1:Gene	copB	CHQ_1_27:54288-55184	CHQ_1_02950
prokka_CHQ_1/CHQ_1:Gene	copR	CHQ_1_27:56593-57273	CHQ_1_02953
prokka_CHQ_1/CHQ_1:Gene	sasA_4	CHQ_1_27:57270-58670	CHQ_1_02954
prokka_CHQ_1/CHQ_1:Gene	CHQ_1_02957	CHQ_1_28:c1157-900	CHQ_1_02957
prokka_CHQ_1/CHQ_1:Gene	aroE_2	CHQ_1_28:c1972-1154	CHQ_1_02958
prokka_CHQ_1/CHQ_1:Gene	smg	CHQ_1_28:c3595-3122	CHQ_1_02961
prokka_CHQ_1/CHQ_1:Gene	CHQ_1_02962	CHQ_1_28:c4691-3567	CHQ_1_02962
prokka_CHQ_1/CHQ_1:Gene	rpsQ	CHQ_1_28:c19717-19463	CHQ_1_02985
prokka_CHQ_1/CHQ_1:Gene	rpmC	CHQ_1_28:c19908-19717	CHQ_1_02986
prokka_CHQ_1/CHQ_1:Gene	rplP	CHQ_1_28:c20318-19908	CHQ_1_02987
prokka_CHQ_1/CHQ_1:Gene	rplW	CHQ_1_28:c22830-22528	CHQ_1_02992
prokka_CHQ_1/CHQ_1:Gene	rplD	CHQ_1_28:c23432-22827	CHQ_1_02993
prokka_CHQ_1/CHQ_1:Gene	yigZ	CHQ_1_29:c3109-2495	CHQ_1_03002
prokka_CHQ_1/CHQ_1:Gene	pepQ	CHQ_1_29:c4440-3109	CHQ_1_03003
prokka_CHQ_1/CHQ_1:Gene	ubiB	CHQ_1_29:c15244-13604	CHQ_1_03013
prokka_CHQ_1/CHQ_1:Gene	ubiJ_2	CHQ_1_29:c15846-15241	CHQ_1_03014
prokka_CHQ_1/CHQ_1:Gene	yigB	CHQ_1_29:c37552-36836	CHQ_1_03033
prokka_CHQ_1/CHQ_1:Gene	xerC_4	CHQ_1_29:c38454-37552	CHQ_1_03034
prokka_CHQ_1/CHQ_1:Gene	CHQ_1_03035	CHQ_1_29:c39158-38451	CHQ_1_03035
prokka_CHQ_1/CHQ_1:Gene	dapF_1	CHQ_1_29:c39979-39155	CHQ_1_03036
prokka_CHQ_1/CHQ_1:Gene	hemC	CHQ_1_29:43629-44585	CHQ_1_03040
prokka_CHQ_1/CHQ_1:Gene	hemD	CHQ_1_29:44582-45322	CHQ_1_03041
prokka_CHQ_1/CHQ_1:Gene	wzyE	CHQ_1_29:c52424-51078	CHQ_1_03050
prokka_CHQ_1/CHQ_1:Gene	wecF	CHQ_1_29:c53497-52421	CHQ_1_03051
prokka_CHQ_1/CHQ_1:Gene	wzxE	CHQ_1_29:c54744-53494	CHQ_1_03052
prokka_CHQ_1/CHQ_1:Gene	wecD	CHQ_1_29:c56555-55881	CHQ_1_03054
prokka_CHQ_1/CHQ_1:Gene	rffH_2	CHQ_1_29:c57414-56533	CHQ_1_03055
prokka_CHQ_1/CHQ_1:Gene	rffG_2	CHQ_1_29:c58500-57433	CHQ_1_03056
prokka_CHQ_1/CHQ_1:Gene	wecC	CHQ_1_29:c59759-58497	CHQ_1_03057
prokka_CHQ_1/CHQ_1:Gene	wecB	CHQ_1_29:c60841-59756	CHQ_1_03058
prokka_CHQ_1/CHQ_1:Gene	ilvM	CHQ_1_29:c78666-78409	CHQ_1_03074
prokka_CHQ_1/CHQ_1:Gene	ilvG	CHQ_1_29:c80309-78663	CHQ_1_03075
prokka_CHQ_1/CHQ_1:Gene	CHQ_1_03083	CHQ_1_30:3960-5126	CHQ_1_03083
prokka_CHQ_1/CHQ_1:Gene	sopB	CHQ_1_30:5126-6097	CHQ_1_03084
prokka_CHQ_1/CHQ_1:Gene	umuC_1	CHQ_1_30:c9211-7940	CHQ_1_03087
prokka_CHQ_1/CHQ_1:Gene	umuD_1	CHQ_1_30:c9636-9211	CHQ_1_03088
prokka_CHQ_1/CHQ_1:Gene	CHQ_1_03112	CHQ_1_31:6372-6620	CHQ_1_03112
prokka_CHQ_1/CHQ_1:Gene	CHQ_1_03113	CHQ_1_31:6620-7828	CHQ_1_03113
prokka_CHQ_1/CHQ_1:Gene	nikR	CHQ_1_32:c2603-2205	CHQ_1_03119
prokka_CHQ_1/CHQ_1:Gene	nikE	CHQ_1_32:c3382-2591	CHQ_1_03120
prokka_CHQ_1/CHQ_1:Gene	nikD	CHQ_1_32:c4143-3379	CHQ_1_03121
prokka_CHQ_1/CHQ_1:Gene	nikC	CHQ_1_32:c4976-4143	CHQ_1_03122
prokka_CHQ_1/CHQ_1:Gene	nikB	CHQ_1_32:c5917-4973	CHQ_1_03123
prokka_CHQ_1/CHQ_1:Gene	nikA	CHQ_1_32:c7485-5917	CHQ_1_03124
prokka_CHQ_1/CHQ_1:Gene	arnC_2	CHQ_1_32:10625-11608	CHQ_1_03128
prokka_CHQ_1/CHQ_1:Gene	arnA	CHQ_1_32:11605-13590	CHQ_1_03129
prokka_CHQ_1/CHQ_1:Gene	arnD	CHQ_1_32:13587-14489	CHQ_1_03130
prokka_CHQ_1/CHQ_1:Gene	arnT	CHQ_1_32:14489-16144	CHQ_1_03131
prokka_CHQ_1/CHQ_1:Gene	arnE	CHQ_1_32:16141-16479	CHQ_1_03132
prokka_CHQ_1/CHQ_1:Gene	arnF	CHQ_1_32:16479-16859	CHQ_1_03133
prokka_CHQ_1/CHQ_1:Gene	CHQ_1_03142	CHQ_1_32:c24904-24629	CHQ_1_03142
prokka_CHQ_1/CHQ_1:Gene	rsmD	CHQ_1_32:c25490-24894	CHQ_1_03143
prokka_CHQ_1/CHQ_1:Gene	ftsE	CHQ_1_32:27199-27867	CHQ_1_03145
prokka_CHQ_1/CHQ_1:Gene	ftsX	CHQ_1_32:27860-28915	CHQ_1_03146
prokka_CHQ_1/CHQ_1:Gene	livH_2	CHQ_1_32:37921-38847	CHQ_1_03154
prokka_CHQ_1/CHQ_1:Gene	CHQ_1_03155	CHQ_1_32:38844-40121	CHQ_1_03155
prokka_CHQ_1/CHQ_1:Gene	lptB_2	CHQ_1_32:40118-40885	CHQ_1_03156
prokka_CHQ_1/CHQ_1:Gene	ugpA_2	CHQ_1_32:43295-44182	CHQ_1_03159
prokka_CHQ_1/CHQ_1:Gene	lacG	CHQ_1_32:44179-45024	CHQ_1_03160
prokka_CHQ_1/CHQ_1:Gene	ugpC_3	CHQ_1_32:45026-46096	CHQ_1_03161
prokka_CHQ_1/CHQ_1:Gene	ugpQ	CHQ_1_32:46093-46833	CHQ_1_03162
prokka_CHQ_1/CHQ_1:Gene	gntK	CHQ_1_32:54068-54559	CHQ_1_03170
prokka_CHQ_1/CHQ_1:Gene	gntU	CHQ_1_32:54559-55899	CHQ_1_03171
prokka_CHQ_1/CHQ_1:Gene	glgB	CHQ_1_32:57706-59892	CHQ_1_03173
prokka_CHQ_1/CHQ_1:Gene	glgX	CHQ_1_32:59889-61865	CHQ_1_03174
prokka_CHQ_1/CHQ_1:Gene	glgC	CHQ_1_32:61945-63240	CHQ_1_03175
prokka_CHQ_1/CHQ_1:Gene	glgA	CHQ_1_32:63240-64673	CHQ_1_03176
prokka_CHQ_1/CHQ_1:Gene	ompR_2	CHQ_1_32:89522-90241	CHQ_1_03195
prokka_CHQ_1/CHQ_1:Gene	envZ	CHQ_1_32:90238-91593	CHQ_1_03196
prokka_CHQ_1/CHQ_1:Gene	hslR	CHQ_1_32:c94957-94556	CHQ_1_03199
prokka_CHQ_1/CHQ_1:Gene	yrfG	CHQ_1_32:c95637-94954	CHQ_1_03200
prokka_CHQ_1/CHQ_1:Gene	CHQ_1_03204	CHQ_1_32:101439-102239	CHQ_1_03204
prokka_CHQ_1/CHQ_1:Gene	CHQ_1_03205	CHQ_1_32:102223-102756	CHQ_1_03205
prokka_CHQ_1/CHQ_1:Gene	CHQ_1_03206	CHQ_1_32:102746-103174	CHQ_1_03206
prokka_CHQ_1/CHQ_1:Gene	CHQ_1_03207	CHQ_1_32:103164-103541	CHQ_1_03207
prokka_CHQ_1/CHQ_1:Gene	pilQ	CHQ_1_32:103483-104718	CHQ_1_03208
prokka_CHQ_1/CHQ_1:Gene	rpe	CHQ_1_32:108964-109641	CHQ_1_03213
prokka_CHQ_1/CHQ_1:Gene	gph	CHQ_1_32:109634-110395	CHQ_1_03214
prokka_CHQ_1/CHQ_1:Gene	trpS	CHQ_1_32:110388-111392	CHQ_1_03215
prokka_CHQ_1/CHQ_1:Gene	nirD	CHQ_1_32:c113320-112994	CHQ_1_03217
prokka_CHQ_1/CHQ_1:Gene	nasD	CHQ_1_32:c115860-113317	CHQ_1_03218
prokka_CHQ_1/CHQ_1:Gene	yhfG	CHQ_1_32:119556-119723	CHQ_1_03222
prokka_CHQ_1/CHQ_1:Gene	fic	CHQ_1_32:119713-120315	CHQ_1_03223
prokka_CHQ_1/CHQ_1:Gene	CHQ_1_03230	CHQ_1_32:c126863-126645	CHQ_1_03230
prokka_CHQ_1/CHQ_1:Gene	CHQ_1_03231	CHQ_1_32:c127882-126860	CHQ_1_03231
prokka_CHQ_1/CHQ_1:Gene	ywrO	CHQ_1_32:130166-130726	CHQ_1_03233
prokka_CHQ_1/CHQ_1:Gene	kefC_2	CHQ_1_32:130713-132518	CHQ_1_03234
prokka_CHQ_1/CHQ_1:Gene	dauR_2	CHQ_1_32:134915-135637	CHQ_1_03239
prokka_CHQ_1/CHQ_1:Gene	tusD	CHQ_1_32:135637-136023	CHQ_1_03240
prokka_CHQ_1/CHQ_1:Gene	tusC	CHQ_1_32:136023-136382	CHQ_1_03241
prokka_CHQ_1/CHQ_1:Gene	murI	CHQ_1_34:c1311-460	CHQ_1_03246
prokka_CHQ_1/CHQ_1:Gene	btuB	CHQ_1_34:c3094-1256	CHQ_1_03247
prokka_CHQ_1/CHQ_1:Gene	cpxR	CHQ_1_34:37817-38515	CHQ_1_03279
prokka_CHQ_1/CHQ_1:Gene	cpxA	CHQ_1_34:38512-39885	CHQ_1_03280
prokka_CHQ_1/CHQ_1:Gene	rhaB	CHQ_1_34:44739-46205	CHQ_1_03286
prokka_CHQ_1/CHQ_1:Gene	rhaA	CHQ_1_34:46202-47461	CHQ_1_03287
prokka_CHQ_1/CHQ_1:Gene	rbsA_3	CHQ_1_34:49657-51168	CHQ_1_03290
prokka_CHQ_1/CHQ_1:Gene	rbsC_5	CHQ_1_34:51165-52172	CHQ_1_03291
prokka_CHQ_1/CHQ_1:Gene	lsrD_2	CHQ_1_34:52169-53173	CHQ_1_03292
prokka_CHQ_1/CHQ_1:Gene	adhB	CHQ_1_34:53263-54411	CHQ_1_03293
prokka_CHQ_1/CHQ_1:Gene	rhaM	CHQ_1_34:54408-54722	CHQ_1_03294
prokka_CHQ_1/CHQ_1:Gene	CHQ_1_03300	CHQ_1_34:60739-61428	CHQ_1_03300
prokka_CHQ_1/CHQ_1:Gene	CHQ_1_03301	CHQ_1_34:61428-61751	CHQ_1_03301
prokka_CHQ_1/CHQ_1:Gene	CHQ_1_03302	CHQ_1_34:c62341-61748	CHQ_1_03302
prokka_CHQ_1/CHQ_1:Gene	ulaC_2	CHQ_1_34:c62775-62338	CHQ_1_03303
prokka_CHQ_1/CHQ_1:Gene	fbaA_2	CHQ_1_34:c63962-63114	CHQ_1_03305
prokka_CHQ_1/CHQ_1:Gene	ulaA_2	CHQ_1_34:c65310-63943	CHQ_1_03306
prokka_CHQ_1/CHQ_1:Gene	CHQ_1_03307	CHQ_1_34:c65617-65303	CHQ_1_03307
prokka_CHQ_1/CHQ_1:Gene	fdoH	CHQ_1_34:71396-72298	CHQ_1_03313
prokka_CHQ_1/CHQ_1:Gene	fdoI	CHQ_1_34:72295-72930	CHQ_1_03314
prokka_CHQ_1/CHQ_1:Gene	fdhE	CHQ_1_34:72927-73856	CHQ_1_03315
prokka_CHQ_1/CHQ_1:Gene	dtd	CHQ_1_34:c76533-76096	CHQ_1_03318
prokka_CHQ_1/CHQ_1:Gene	CHQ_1_03319	CHQ_1_34:c77390-76530	CHQ_1_03319
prokka_CHQ_1/CHQ_1:Gene	yihX	CHQ_1_34:c77983-77384	CHQ_1_03320
prokka_CHQ_1/CHQ_1:Gene	mobA	CHQ_1_34:94483-95064	CHQ_1_03333
prokka_CHQ_1/CHQ_1:Gene	mobB	CHQ_1_34:95061-95567	CHQ_1_03334
prokka_CHQ_1/CHQ_1:Gene	phnE	CHQ_1_35:c1239-355	CHQ_1_03339
prokka_CHQ_1/CHQ_1:Gene	CHQ_1_03340	CHQ_1_35:c2108-1236	CHQ_1_03340
prokka_CHQ_1/CHQ_1:Gene	ecpC_2	CHQ_1_35:6771-9296	CHQ_1_03346
prokka_CHQ_1/CHQ_1:Gene	ecpD_2	CHQ_1_35:9286-10929	CHQ_1_03347
prokka_CHQ_1/CHQ_1:Gene	ecpE_2	CHQ_1_35:10898-11608	CHQ_1_03348
prokka_CHQ_1/CHQ_1:Gene	glnP_2	CHQ_1_35:c12301-11612	CHQ_1_03349
prokka_CHQ_1/CHQ_1:Gene	gltJ_2	CHQ_1_35:c13043-12291	CHQ_1_03350
prokka_CHQ_1/CHQ_1:Gene	glnQ_7	CHQ_1_35:c13858-13040	CHQ_1_03351
prokka_CHQ_1/CHQ_1:Gene	livF_6	CHQ_1_35:c15986-15291	CHQ_1_03354
prokka_CHQ_1/CHQ_1:Gene	lptB_3	CHQ_1_35:c16761-15979	CHQ_1_03355
prokka_CHQ_1/CHQ_1:Gene	CHQ_1_03356	CHQ_1_35:c17797-16748	CHQ_1_03356
prokka_CHQ_1/CHQ_1:Gene	livH_3	CHQ_1_35:c18696-17797	CHQ_1_03357
prokka_CHQ_1/CHQ_1:Gene	eutC_1	CHQ_1_35:c21161-20385	CHQ_1_03359
prokka_CHQ_1/CHQ_1:Gene	eutB_1	CHQ_1_35:c22546-21158	CHQ_1_03360
prokka_CHQ_1/CHQ_1:Gene	rocC	CHQ_1_35:24209-25618	CHQ_1_03362
prokka_CHQ_1/CHQ_1:Gene	mmuM	CHQ_1_35:25605-26537	CHQ_1_03363
prokka_CHQ_1/CHQ_1:Gene	tauB	CHQ_1_35:27752-28519	CHQ_1_03365
prokka_CHQ_1/CHQ_1:Gene	ssuC_1	CHQ_1_35:28516-29343	CHQ_1_03366
prokka_CHQ_1/CHQ_1:Gene	tauD	CHQ_1_35:29340-30191	CHQ_1_03367
prokka_CHQ_1/CHQ_1:Gene	sbcC	CHQ_1_35:c54884-51735	CHQ_1_03392
prokka_CHQ_1/CHQ_1:Gene	sbcD	CHQ_1_35:c56086-54881	CHQ_1_03393
prokka_CHQ_1/CHQ_1:Gene	thiL	CHQ_1_35:85192-86163	CHQ_1_03423
prokka_CHQ_1/CHQ_1:Gene	pgpA	CHQ_1_35:86156-86659	CHQ_1_03424
prokka_CHQ_1/CHQ_1:Gene	yajL	CHQ_1_35:c93581-92988	CHQ_1_03431
prokka_CHQ_1/CHQ_1:Gene	panE	CHQ_1_35:c94455-93544	CHQ_1_03432
prokka_CHQ_1/CHQ_1:Gene	kstD	CHQ_1_35:c104204-102528	CHQ_1_03440
prokka_CHQ_1/CHQ_1:Gene	ydiB_2	CHQ_1_35:c105022-104201	CHQ_1_03441
prokka_CHQ_1/CHQ_1:Gene	cyoD	CHQ_1_35:c107781-107452	CHQ_1_03445
prokka_CHQ_1/CHQ_1:Gene	cyoC	CHQ_1_35:c108392-107781	CHQ_1_03446
prokka_CHQ_1/CHQ_1:Gene	cyoB	CHQ_1_35:c110373-108382	CHQ_1_03447
prokka_CHQ_1/CHQ_1:Gene	yheI	CHQ_1_35:130032-131804	CHQ_1_03464
prokka_CHQ_1/CHQ_1:Gene	mdlB	CHQ_1_35:131797-133575	CHQ_1_03465
prokka_CHQ_1/CHQ_1:Gene	CHQ_1_03472	CHQ_1_35:138574-138831	CHQ_1_03472
prokka_CHQ_1/CHQ_1:Gene	CHQ_1_03473	CHQ_1_35:138828-139043	CHQ_1_03473
prokka_CHQ_1/CHQ_1:Gene	rpmE2	CHQ_1_35:155944-156207	CHQ_1_03488
prokka_CHQ_1/CHQ_1:Gene	ykgO	CHQ_1_35:156207-156347	CHQ_1_03489
prokka_CHQ_1/CHQ_1:Gene	ybaB	CHQ_1_35:174571-174903	CHQ_1_03506
prokka_CHQ_1/CHQ_1:Gene	recR	CHQ_1_35:174903-175508	CHQ_1_03507
prokka_CHQ_1/CHQ_1:Gene	ybbJ	CHQ_1_35:c191085-190627	CHQ_1_03519
prokka_CHQ_1/CHQ_1:Gene	qmcA	CHQ_1_35:c191999-191082	CHQ_1_03520
prokka_CHQ_1/CHQ_1:Gene	fetA	CHQ_1_35:192140-192817	CHQ_1_03521
prokka_CHQ_1/CHQ_1:Gene	fetB	CHQ_1_35:192804-193586	CHQ_1_03522
prokka_CHQ_1/CHQ_1:Gene	CHQ_1_03526	CHQ_1_35:196000-196686	CHQ_1_03526
prokka_CHQ_1/CHQ_1:Gene	CHQ_1_03527	CHQ_1_35:196683-199097	CHQ_1_03527
prokka_CHQ_1/CHQ_1:Gene	purK	CHQ_1_35:c202788-201721	CHQ_1_03530
prokka_CHQ_1/CHQ_1:Gene	purE	CHQ_1_35:c203294-202785	CHQ_1_03531
prokka_CHQ_1/CHQ_1:Gene	CHQ_1_03541	CHQ_1_35:210637-210834	CHQ_1_03541
prokka_CHQ_1/CHQ_1:Gene	CHQ_1_03542	CHQ_1_35:210834-211268	CHQ_1_03542
prokka_CHQ_1/CHQ_1:Gene	CHQ_1_03543	CHQ_1_35:211282-212091	CHQ_1_03543
prokka_CHQ_1/CHQ_1:Gene	CHQ_1_03544	CHQ_1_35:212084-212263	CHQ_1_03544
prokka_CHQ_1/CHQ_1:Gene	CHQ_1_03545	CHQ_1_35:212260-213054	CHQ_1_03545
prokka_CHQ_1/CHQ_1:Gene	CHQ_1_03546	CHQ_1_35:213047-213226	CHQ_1_03546
prokka_CHQ_1/CHQ_1:Gene	CHQ_1_03547	CHQ_1_35:213223-213540	CHQ_1_03547
prokka_CHQ_1/CHQ_1:Gene	CHQ_1_03548	CHQ_1_35:213537-213800	CHQ_1_03548
prokka_CHQ_1/CHQ_1:Gene	CHQ_1_03549	CHQ_1_35:213797-214012	CHQ_1_03549
prokka_CHQ_1/CHQ_1:Gene	CHQ_1_03550	CHQ_1_35:214009-216123	CHQ_1_03550
prokka_CHQ_1/CHQ_1:Gene	iolE_3	CHQ_1_35:245640-246560	CHQ_1_03576
prokka_CHQ_1/CHQ_1:Gene	iolG_3	CHQ_1_35:246557-247729	CHQ_1_03577
prokka_CHQ_1/CHQ_1:Gene	scrB	CHQ_1_35:c258331-256931	CHQ_1_03587
prokka_CHQ_1/CHQ_1:Gene	sacX	CHQ_1_35:c259701-258331	CHQ_1_03588
prokka_CHQ_1/CHQ_1:Gene	yiaW_2	CHQ_1_35:263429-263773	CHQ_1_03592
prokka_CHQ_1/CHQ_1:Gene	yiaV_2	CHQ_1_35:263773-264915	CHQ_1_03593
prokka_CHQ_1/CHQ_1:Gene	fhuC_2	CHQ_1_35:c265754-265038	CHQ_1_03594
prokka_CHQ_1/CHQ_1:Gene	hmuU_2	CHQ_1_35:c266833-265751	CHQ_1_03595
prokka_CHQ_1/CHQ_1:Gene	CHQ_1_03615	CHQ_1_36:15829-16185	CHQ_1_03615
prokka_CHQ_1/CHQ_1:Gene	CHQ_1_03616	CHQ_1_36:16182-16520	CHQ_1_03616
prokka_CHQ_1/CHQ_1:Gene	ybjI	CHQ_1_37:c11140-10328	CHQ_1_03627
prokka_CHQ_1/CHQ_1:Gene	ybjJ	CHQ_1_37:c12342-11140	CHQ_1_03628
prokka_CHQ_1/CHQ_1:Gene	CHQ_1_03641	CHQ_1_37:c22764-21742	CHQ_1_03641
prokka_CHQ_1/CHQ_1:Gene	CHQ_1_03642	CHQ_1_37:c23606-22764	CHQ_1_03642
prokka_CHQ_1/CHQ_1:Gene	CHQ_1_03644	CHQ_1_37:25092-25688	CHQ_1_03644
prokka_CHQ_1/CHQ_1:Gene	CHQ_1_03645	CHQ_1_37:25685-26047	CHQ_1_03645
prokka_CHQ_1/CHQ_1:Gene	CHQ_1_03646	CHQ_1_37:26034-26540	CHQ_1_03646
prokka_CHQ_1/CHQ_1:Gene	CHQ_1_03647	CHQ_1_37:26537-27457	CHQ_1_03647
prokka_CHQ_1/CHQ_1:Gene	CHQ_1_03651	CHQ_1_37:30794-31081	CHQ_1_03651
prokka_CHQ_1/CHQ_1:Gene	nfsA	CHQ_1_37:31065-31787	CHQ_1_03652
prokka_CHQ_1/CHQ_1:Gene	potH	CHQ_1_37:36139-37092	CHQ_1_03657
prokka_CHQ_1/CHQ_1:Gene	ydcV_2	CHQ_1_37:37089-37934	CHQ_1_03658
prokka_CHQ_1/CHQ_1:Gene	phoP_2	CHQ_1_37:39728-40444	CHQ_1_03661
prokka_CHQ_1/CHQ_1:Gene	sasA_5	CHQ_1_37:40441-41913	CHQ_1_03662
prokka_CHQ_1/CHQ_1:Gene	artM_2	CHQ_1_37:c43581-42913	CHQ_1_03664
prokka_CHQ_1/CHQ_1:Gene	artQ_2	CHQ_1_37:c44297-43581	CHQ_1_03665
prokka_CHQ_1/CHQ_1:Gene	artI	CHQ_1_37:c45056-44304	CHQ_1_03666
prokka_CHQ_1/CHQ_1:Gene	artP	CHQ_1_37:c45784-45056	CHQ_1_03667
prokka_CHQ_1/CHQ_1:Gene	macA_2	CHQ_1_37:62221-63336	CHQ_1_03682
prokka_CHQ_1/CHQ_1:Gene	macB	CHQ_1_37:63333-65273	CHQ_1_03683
prokka_CHQ_1/CHQ_1:Gene	msbA_2	CHQ_1_37:104468-106216	CHQ_1_03713
prokka_CHQ_1/CHQ_1:Gene	lpxK	CHQ_1_37:106213-107193	CHQ_1_03714
prokka_CHQ_1/CHQ_1:Gene	CHQ_1_03716	CHQ_1_37:108541-108723	CHQ_1_03716
prokka_CHQ_1/CHQ_1:Gene	kdsB	CHQ_1_37:108720-109466	CHQ_1_03717
prokka_CHQ_1/CHQ_1:Gene	cmoM	CHQ_1_37:111375-112175	CHQ_1_03720
prokka_CHQ_1/CHQ_1:Gene	mukF	CHQ_1_37:112172-113494	CHQ_1_03721
prokka_CHQ_1/CHQ_1:Gene	mukE	CHQ_1_37:113475-114179	CHQ_1_03722
prokka_CHQ_1/CHQ_1:Gene	mukB	CHQ_1_37:114179-118627	CHQ_1_03723
prokka_CHQ_1/CHQ_1:Gene	ssuB_2	CHQ_1_37:c131941-131168	CHQ_1_03733
prokka_CHQ_1/CHQ_1:Gene	ssuC_2	CHQ_1_37:c132729-131938	CHQ_1_03734
prokka_CHQ_1/CHQ_1:Gene	ssuD	CHQ_1_37:c133885-132740	CHQ_1_03735
prokka_CHQ_1/CHQ_1:Gene	ssuA_3	CHQ_1_37:c134844-133882	CHQ_1_03736
prokka_CHQ_1/CHQ_1:Gene	ssuE	CHQ_1_37:c135412-134837	CHQ_1_03737
prokka_CHQ_1/CHQ_1:Gene	pqiA	CHQ_1_37:142628-143896	CHQ_1_03743
prokka_CHQ_1/CHQ_1:Gene	pqiB	CHQ_1_37:143886-145523	CHQ_1_03744
prokka_CHQ_1/CHQ_1:Gene	pqiC	CHQ_1_37:145523-146086	CHQ_1_03745
prokka_CHQ_1/CHQ_1:Gene	cutD_3	CHQ_1_37:c178189-177314	CHQ_1_03776
prokka_CHQ_1/CHQ_1:Gene	cutC_3	CHQ_1_37:c180452-178155	CHQ_1_03777
prokka_CHQ_1/CHQ_1:Gene	CHQ_1_03802	CHQ_1_37:206308-206547	CHQ_1_03802
prokka_CHQ_1/CHQ_1:Gene	CHQ_1_03803	CHQ_1_37:206544-206822	CHQ_1_03803
prokka_CHQ_1/CHQ_1:Gene	CHQ_1_03804	CHQ_1_37:206870-207115	CHQ_1_03804
prokka_CHQ_1/CHQ_1:Gene	CHQ_1_03805	CHQ_1_37:207112-207693	CHQ_1_03805
prokka_CHQ_1/CHQ_1:Gene	dam_4	CHQ_1_37:207702-208670	CHQ_1_03806
prokka_CHQ_1/CHQ_1:Gene	CHQ_1_03807	CHQ_1_37:208657-208830	CHQ_1_03807
prokka_CHQ_1/CHQ_1:Gene	CHQ_1_03810	CHQ_1_37:209208-209537	CHQ_1_03810
prokka_CHQ_1/CHQ_1:Gene	CHQ_1_03811	CHQ_1_37:209497-212145	CHQ_1_03811
prokka_CHQ_1/CHQ_1:Gene	CHQ_1_03813	CHQ_1_37:c214602-213550	CHQ_1_03813
prokka_CHQ_1/CHQ_1:Gene	CHQ_1_03814	CHQ_1_37:c216323-214602	CHQ_1_03814
prokka_CHQ_1/CHQ_1:Gene	CHQ_1_03818	CHQ_1_37:219455-219952	CHQ_1_03818
prokka_CHQ_1/CHQ_1:Gene	CHQ_1_03819	CHQ_1_37:219952-220152	CHQ_1_03819
prokka_CHQ_1/CHQ_1:Gene	CHQ_1_03820	CHQ_1_37:220143-220424	CHQ_1_03820
prokka_CHQ_1/CHQ_1:Gene	CHQ_1_03821	CHQ_1_37:220421-220972	CHQ_1_03821
prokka_CHQ_1/CHQ_1:Gene	CHQ_1_03822	CHQ_1_37:220969-221364	CHQ_1_03822
prokka_CHQ_1/CHQ_1:Gene	CHQ_1_03823	CHQ_1_37:221509-221967	CHQ_1_03823
prokka_CHQ_1/CHQ_1:Gene	CHQ_1_03824	CHQ_1_37:221964-222605	CHQ_1_03824
prokka_CHQ_1/CHQ_1:Gene	CHQ_1_03825	CHQ_1_37:222605-223189	CHQ_1_03825
prokka_CHQ_1/CHQ_1:Gene	CHQ_1_03826	CHQ_1_37:223186-223554	CHQ_1_03826
prokka_CHQ_1/CHQ_1:Gene	CHQ_1_03827	CHQ_1_37:223541-224440	CHQ_1_03827
prokka_CHQ_1/CHQ_1:Gene	CHQ_1_03828	CHQ_1_37:224433-225029	CHQ_1_03828
prokka_CHQ_1/CHQ_1:Gene	rseA	CHQ_1_39:15096-15746	CHQ_1_03846
prokka_CHQ_1/CHQ_1:Gene	rseB	CHQ_1_39:15746-16702	CHQ_1_03847
prokka_CHQ_1/CHQ_1:Gene	rseC	CHQ_1_39:16699-17178	CHQ_1_03848
prokka_CHQ_1/CHQ_1:Gene	rnc	CHQ_1_39:20403-21083	CHQ_1_03851
prokka_CHQ_1/CHQ_1:Gene	era	CHQ_1_39:21080-21985	CHQ_1_03852
prokka_CHQ_1/CHQ_1:Gene	pdxJ	CHQ_1_39:22746-23477	CHQ_1_03854
prokka_CHQ_1/CHQ_1:Gene	acpS	CHQ_1_39:23477-23857	CHQ_1_03855
prokka_CHQ_1/CHQ_1:Gene	qseG	CHQ_1_39:34173-34859	CHQ_1_03863
prokka_CHQ_1/CHQ_1:Gene	qseF	CHQ_1_39:34846-36183	CHQ_1_03864
prokka_CHQ_1/CHQ_1:Gene	CHQ_1_03871	CHQ_1_39:42745-43383	CHQ_1_03871
prokka_CHQ_1/CHQ_1:Gene	CHQ_1_03872	CHQ_1_39:43374-44354	CHQ_1_03872
prokka_CHQ_1/CHQ_1:Gene	CHQ_1_03887	CHQ_1_39:c56656-56159	CHQ_1_03887
prokka_CHQ_1/CHQ_1:Gene	CHQ_1_03888	CHQ_1_39:c56811-56653	CHQ_1_03888
prokka_CHQ_1/CHQ_1:Gene	yesR_2	CHQ_1_39:c92571-91474	CHQ_1_03912
prokka_CHQ_1/CHQ_1:Gene	yjmB	CHQ_1_39:c94054-92546	CHQ_1_03913
prokka_CHQ_1/CHQ_1:Gene	purN	CHQ_1_39:c96447-95806	CHQ_1_03915
prokka_CHQ_1/CHQ_1:Gene	purM	CHQ_1_39:c97481-96444	CHQ_1_03916
prokka_CHQ_1/CHQ_1:Gene	CHQ_1_03945	CHQ_1_39:130816-131295	CHQ_1_03945
prokka_CHQ_1/CHQ_1:Gene	eutQ	CHQ_1_39:131273-131953	CHQ_1_03946
prokka_CHQ_1/CHQ_1:Gene	CHQ_1_03947	CHQ_1_39:131950-132759	CHQ_1_03947
prokka_CHQ_1/CHQ_1:Gene	eutD	CHQ_1_39:132749-133765	CHQ_1_03948
prokka_CHQ_1/CHQ_1:Gene	ftsA_2	CHQ_1_39:135935-136774	CHQ_1_03952
prokka_CHQ_1/CHQ_1:Gene	mdh_2	CHQ_1_39:136764-137951	CHQ_1_03953
prokka_CHQ_1/CHQ_1:Gene	CHQ_1_03954	CHQ_1_39:138151-139383	CHQ_1_03954
prokka_CHQ_1/CHQ_1:Gene	CHQ_1_03955	CHQ_1_39:139380-140783	CHQ_1_03955
prokka_CHQ_1/CHQ_1:Gene	hemF	CHQ_1_39:c146283-145384	CHQ_1_03961
prokka_CHQ_1/CHQ_1:Gene	amiA	CHQ_1_39:c147155-146283	CHQ_1_03962
prokka_CHQ_1/CHQ_1:Gene	ypeA	CHQ_1_39:147367-147792	CHQ_1_03963
prokka_CHQ_1/CHQ_1:Gene	yfeZ	CHQ_1_39:147779-148228	CHQ_1_03964
prokka_CHQ_1/CHQ_1:Gene	cysP	CHQ_1_39:150584-151600	CHQ_1_03967
prokka_CHQ_1/CHQ_1:Gene	cysT	CHQ_1_39:151600-152433	CHQ_1_03968
prokka_CHQ_1/CHQ_1:Gene	cysW	CHQ_1_39:152433-153308	CHQ_1_03969
prokka_CHQ_1/CHQ_1:Gene	cysA	CHQ_1_39:153298-154392	CHQ_1_03970
prokka_CHQ_1/CHQ_1:Gene	pdxK	CHQ_1_39:157359-158225	CHQ_1_03974
prokka_CHQ_1/CHQ_1:Gene	CHQ_1_03975	CHQ_1_39:158222-158461	CHQ_1_03975
prokka_CHQ_1/CHQ_1:Gene	yycB	CHQ_1_39:c189352-188156	CHQ_1_04006
prokka_CHQ_1/CHQ_1:Gene	guaD_1	CHQ_1_39:c189807-189349	CHQ_1_04007
prokka_CHQ_1/CHQ_1:Gene	CHQ_1_04016	CHQ_1_39:c197597-196959	CHQ_1_04016
prokka_CHQ_1/CHQ_1:Gene	CHQ_1_04017	CHQ_1_39:c197809-197594	CHQ_1_04017
prokka_CHQ_1/CHQ_1:Gene	CHQ_1_04018	CHQ_1_39:c198183-197809	CHQ_1_04018
prokka_CHQ_1/CHQ_1:Gene	CHQ_1_04019	CHQ_1_39:c198520-198176	CHQ_1_04019
prokka_CHQ_1/CHQ_1:Gene	CHQ_1_04020	CHQ_1_39:c198651-198517	CHQ_1_04020
prokka_CHQ_1/CHQ_1:Gene	CHQ_1_04021	CHQ_1_39:c199433-198648	CHQ_1_04021
prokka_CHQ_1/CHQ_1:Gene	CHQ_1_04022	CHQ_1_39:c199732-199433	CHQ_1_04022
prokka_CHQ_1/CHQ_1:Gene	hyuA	CHQ_1_40:c12314-11571	CHQ_1_04033
prokka_CHQ_1/CHQ_1:Gene	CHQ_1_04034	CHQ_1_40:c13030-12314	CHQ_1_04034
prokka_CHQ_1/CHQ_1:Gene	tenA	CHQ_1_40:25882-26577	CHQ_1_04045
prokka_CHQ_1/CHQ_1:Gene	ssuB_3	CHQ_1_40:26574-27302	CHQ_1_04046
prokka_CHQ_1/CHQ_1:Gene	ribX_1	CHQ_1_40:27299-28039	CHQ_1_04047
prokka_CHQ_1/CHQ_1:Gene	rcsC_4	CHQ_1_40:c36150-34807	CHQ_1_04053
prokka_CHQ_1/CHQ_1:Gene	ompR_3	CHQ_1_40:c36866-36147	CHQ_1_04054
prokka_CHQ_1/CHQ_1:Gene	pqqB	CHQ_1_40:39470-40396	CHQ_1_04057
prokka_CHQ_1/CHQ_1:Gene	pqqC	CHQ_1_40:40390-41145	CHQ_1_04058
prokka_CHQ_1/CHQ_1:Gene	pqqD	CHQ_1_40:41148-41426	CHQ_1_04059
prokka_CHQ_1/CHQ_1:Gene	pqqE	CHQ_1_40:41413-42555	CHQ_1_04060
prokka_CHQ_1/CHQ_1:Gene	CHQ_1_04061	CHQ_1_40:42555-44840	CHQ_1_04061
prokka_CHQ_1/CHQ_1:Gene	gsiC_3	CHQ_1_40:83849-84793	CHQ_1_04099
prokka_CHQ_1/CHQ_1:Gene	ddpC_3	CHQ_1_40:84790-85638	CHQ_1_04100
prokka_CHQ_1/CHQ_1:Gene	gsiA_2	CHQ_1_40:85635-87251	CHQ_1_04101
prokka_CHQ_1/CHQ_1:Gene	luxA	CHQ_1_40:87251-88237	CHQ_1_04102
prokka_CHQ_1/CHQ_1:Gene	fdnI	CHQ_1_40:c93515-92859	CHQ_1_04107
prokka_CHQ_1/CHQ_1:Gene	fdnH	CHQ_1_40:c94392-93508	CHQ_1_04108
prokka_CHQ_1/CHQ_1:Gene	cbdB	CHQ_1_40:c100846-100361	CHQ_1_04114
prokka_CHQ_1/CHQ_1:Gene	cbdA	CHQ_1_40:c102228-100846	CHQ_1_04115
prokka_CHQ_1/CHQ_1:Gene	narZ	CHQ_1_40:109676-113416	CHQ_1_04123
prokka_CHQ_1/CHQ_1:Gene	narY	CHQ_1_40:113413-114957	CHQ_1_04124
prokka_CHQ_1/CHQ_1:Gene	narW	CHQ_1_40:114957-115652	CHQ_1_04125
prokka_CHQ_1/CHQ_1:Gene	narV	CHQ_1_40:115649-116329	CHQ_1_04126
prokka_CHQ_1/CHQ_1:Gene	CHQ_1_04129	CHQ_1_40:c120481-119513	CHQ_1_04129
prokka_CHQ_1/CHQ_1:Gene	msiK	CHQ_1_40:c121179-120478	CHQ_1_04130
prokka_CHQ_1/CHQ_1:Gene	CHQ_1_04138	CHQ_1_40:c129620-128727	CHQ_1_04138
prokka_CHQ_1/CHQ_1:Gene	glnQ_8	CHQ_1_40:c130396-129617	CHQ_1_04139
prokka_CHQ_1/CHQ_1:Gene	CHQ_1_04140	CHQ_1_40:c131306-130380	CHQ_1_04140
prokka_CHQ_1/CHQ_1:Gene	scmP	CHQ_1_40:c135246-134125	CHQ_1_04144
prokka_CHQ_1/CHQ_1:Gene	CHQ_1_04145	CHQ_1_40:c136243-135236	CHQ_1_04145
prokka_CHQ_1/CHQ_1:Gene	mnaT	CHQ_1_40:148125-148643	CHQ_1_04157
prokka_CHQ_1/CHQ_1:Gene	ydcZ	CHQ_1_40:148640-149089	CHQ_1_04158
prokka_CHQ_1/CHQ_1:Gene	ydcV_3	CHQ_1_40:c157474-156668	CHQ_1_04168
prokka_CHQ_1/CHQ_1:Gene	ydcU	CHQ_1_40:c158393-157464	CHQ_1_04169
prokka_CHQ_1/CHQ_1:Gene	cydA_2	CHQ_1_40:163009-164406	CHQ_1_04173
prokka_CHQ_1/CHQ_1:Gene	cydB_2	CHQ_1_40:164406-165416	CHQ_1_04174
prokka_CHQ_1/CHQ_1:Gene	CHQ_1_04175	CHQ_1_40:165416-165541	CHQ_1_04175
prokka_CHQ_1/CHQ_1:Gene	tehB	CHQ_1_40:c173914-173318	CHQ_1_04184
prokka_CHQ_1/CHQ_1:Gene	tehA	CHQ_1_40:c174915-173911	CHQ_1_04185
prokka_CHQ_1/CHQ_1:Gene	pcaH	CHQ_1_40:181728-182468	CHQ_1_04191
prokka_CHQ_1/CHQ_1:Gene	pcaG	CHQ_1_40:182465-183085	CHQ_1_04192
prokka_CHQ_1/CHQ_1:Gene	rsxA	CHQ_1_40:196880-197461	CHQ_1_04207
prokka_CHQ_1/CHQ_1:Gene	rsxB	CHQ_1_40:197461-198039	CHQ_1_04208
prokka_CHQ_1/CHQ_1:Gene	rsxC_2	CHQ_1_40:198032-200191	CHQ_1_04209
prokka_CHQ_1/CHQ_1:Gene	aaeA_2	CHQ_1_40:213871-214767	CHQ_1_04225
prokka_CHQ_1/CHQ_1:Gene	aaeB_2	CHQ_1_40:214767-216791	CHQ_1_04226
prokka_CHQ_1/CHQ_1:Gene	gsiC_4	CHQ_1_40:252410-253369	CHQ_1_04271
prokka_CHQ_1/CHQ_1:Gene	gsiD_3	CHQ_1_40:253369-254316	CHQ_1_04272
prokka_CHQ_1/CHQ_1:Gene	ddpD	CHQ_1_40:254313-255293	CHQ_1_04273
prokka_CHQ_1/CHQ_1:Gene	oppF_3	CHQ_1_40:255290-256261	CHQ_1_04274
prokka_CHQ_1/CHQ_1:Gene	srkA_2	CHQ_1_40:264397-265428	CHQ_1_04282
prokka_CHQ_1/CHQ_1:Gene	dgdA	CHQ_1_40:265418-266755	CHQ_1_04283
prokka_CHQ_1/CHQ_1:Gene	codAch2	CHQ_1_40:273458-274741	CHQ_1_04290
prokka_CHQ_1/CHQ_1:Gene	rutC_4	CHQ_1_40:274731-275213	CHQ_1_04291
prokka_CHQ_1/CHQ_1:Gene	crnA	CHQ_1_40:275206-276087	CHQ_1_04292
prokka_CHQ_1/CHQ_1:Gene	CHQ_1_04293	CHQ_1_40:276087-277070	CHQ_1_04293
prokka_CHQ_1/CHQ_1:Gene	btuD_7	CHQ_1_40:277067-277897	CHQ_1_04294
prokka_CHQ_1/CHQ_1:Gene	srpC_2	CHQ_1_40:c283896-282529	CHQ_1_04299
prokka_CHQ_1/CHQ_1:Gene	chrB1	CHQ_1_40:c284824-283865	CHQ_1_04300
prokka_CHQ_1/CHQ_1:Gene	birA	CHQ_1_41:c3293-2331	CHQ_1_04323
prokka_CHQ_1/CHQ_1:Gene	murB	CHQ_1_41:c4318-3290	CHQ_1_04324
prokka_CHQ_1/CHQ_1:Gene	CHQ_1_04335	CHQ_1_42:9922-10722	CHQ_1_04335
prokka_CHQ_1/CHQ_1:Gene	CHQ_1_04336	CHQ_1_42:10689-11189	CHQ_1_04336
prokka_CHQ_1/CHQ_1:Gene	CHQ_1_04348	CHQ_1_42:24108-25643	CHQ_1_04348
prokka_CHQ_1/CHQ_1:Gene	lpd	CHQ_1_42:25633-27030	CHQ_1_04349
prokka_CHQ_1/CHQ_1:Gene	CHQ_1_04366	CHQ_1_42:44062-45465	CHQ_1_04366
prokka_CHQ_1/CHQ_1:Gene	CHQ_1_04367	CHQ_1_42:45455-46741	CHQ_1_04367
prokka_CHQ_1/CHQ_1:Gene	CHQ_1_04368	CHQ_1_42:46738-47292	CHQ_1_04368
prokka_CHQ_1/CHQ_1:Gene	CHQ_1_04370	CHQ_1_42:49387-50604	CHQ_1_04370
prokka_CHQ_1/CHQ_1:Gene	CHQ_1_04371	CHQ_1_42:50595-51977	CHQ_1_04371
prokka_CHQ_1/CHQ_1:Gene	CHQ_1_04372	CHQ_1_42:51970-52995	CHQ_1_04372
prokka_CHQ_1/CHQ_1:Gene	mshA_6	CHQ_1_42:52976-54190	CHQ_1_04373
prokka_CHQ_1/CHQ_1:Gene	CHQ_1_04374	CHQ_1_42:54187-55287	CHQ_1_04374
prokka_CHQ_1/CHQ_1:Gene	nqrD	CHQ_1_42:c67146-66508	CHQ_1_04388
prokka_CHQ_1/CHQ_1:Gene	nqrC	CHQ_1_42:c67933-67139	CHQ_1_04389
prokka_CHQ_1/CHQ_1:Gene	nqrB	CHQ_1_42:c69164-67926	CHQ_1_04390
prokka_CHQ_1/CHQ_1:Gene	CHQ_1_04412	CHQ_1_43:c908-519	CHQ_1_04412
prokka_CHQ_1/CHQ_1:Gene	catD	CHQ_1_43:c1665-898	CHQ_1_04413
prokka_CHQ_1/CHQ_1:Gene	pcaB	CHQ_1_43:c3007-1655	CHQ_1_04414
prokka_CHQ_1/CHQ_1:Gene	iaaH	CHQ_1_43:8296-9606	CHQ_1_04421
prokka_CHQ_1/CHQ_1:Gene	abgB	CHQ_1_43:9606-11051	CHQ_1_04422
prokka_CHQ_1/CHQ_1:Gene	CHQ_1_04450	CHQ_1_43:40295-41506	CHQ_1_04450
prokka_CHQ_1/CHQ_1:Gene	yedF	CHQ_1_43:41503-41736	CHQ_1_04451
prokka_CHQ_1/CHQ_1:Gene	astD_1	CHQ_1_43:c53540-52074	CHQ_1_04461
prokka_CHQ_1/CHQ_1:Gene	astA_1	CHQ_1_43:c54553-53531	CHQ_1_04462
prokka_CHQ_1/CHQ_1:Gene	CHQ_1_04465	CHQ_1_43:c58296-57643	CHQ_1_04465
prokka_CHQ_1/CHQ_1:Gene	CHQ_1_04466	CHQ_1_43:c59062-58277	CHQ_1_04466
prokka_CHQ_1/CHQ_1:Gene	yajO_4	CHQ_1_43:c62893-61829	CHQ_1_04469
prokka_CHQ_1/CHQ_1:Gene	ydhP_3	CHQ_1_43:c64077-62890	CHQ_1_04470
prokka_CHQ_1/CHQ_1:Gene	slyA_3	CHQ_1_43:66276-66707	CHQ_1_04473
prokka_CHQ_1/CHQ_1:Gene	CHQ_1_04474	CHQ_1_43:66707-68359	CHQ_1_04474
prokka_CHQ_1/CHQ_1:Gene	emrA_3	CHQ_1_43:68388-69473	CHQ_1_04475
prokka_CHQ_1/CHQ_1:Gene	oprM_1	CHQ_1_43:69470-70840	CHQ_1_04476
prokka_CHQ_1/CHQ_1:Gene	paaJ	CHQ_1_43:c82143-80938	CHQ_1_04485
prokka_CHQ_1/CHQ_1:Gene	paaI	CHQ_1_43:c82565-82143	CHQ_1_04486
prokka_CHQ_1/CHQ_1:Gene	paaH	CHQ_1_43:c83976-82555	CHQ_1_04487
prokka_CHQ_1/CHQ_1:Gene	paaF	CHQ_1_43:c85538-84771	CHQ_1_04489
prokka_CHQ_1/CHQ_1:Gene	paaE	CHQ_1_43:c86605-85535	CHQ_1_04490
prokka_CHQ_1/CHQ_1:Gene	paaZ	CHQ_1_43:89400-91445	CHQ_1_04495
prokka_CHQ_1/CHQ_1:Gene	CHQ_1_04496	CHQ_1_43:91445-91636	CHQ_1_04496
prokka_CHQ_1/CHQ_1:Gene	argE_2	CHQ_1_43:c97496-96312	CHQ_1_04500
prokka_CHQ_1/CHQ_1:Gene	CHQ_1_04501	CHQ_1_43:c98148-97474	CHQ_1_04501
prokka_CHQ_1/CHQ_1:Gene	CHQ_1_04502	CHQ_1_43:c98579-98145	CHQ_1_04502
prokka_CHQ_1/CHQ_1:Gene	CHQ_1_04513	CHQ_1_43:c109632-109447	CHQ_1_04513
prokka_CHQ_1/CHQ_1:Gene	CHQ_1_04514	CHQ_1_43:c112268-109629	CHQ_1_04514
prokka_CHQ_1/CHQ_1:Gene	glcR_2	CHQ_1_43:128160-128903	CHQ_1_04526
prokka_CHQ_1/CHQ_1:Gene	ydgJ_2	CHQ_1_43:128866-129984	CHQ_1_04527
prokka_CHQ_1/CHQ_1:Gene	metI_4	CHQ_1_43:c136522-135854	CHQ_1_04534
prokka_CHQ_1/CHQ_1:Gene	metN_3	CHQ_1_43:c137540-136515	CHQ_1_04535
prokka_CHQ_1/CHQ_1:Gene	metQ_5	CHQ_1_43:c138340-137537	CHQ_1_04536
prokka_CHQ_1/CHQ_1:Gene	CHQ_1_04539	CHQ_1_43:c141233-140322	CHQ_1_04539
prokka_CHQ_1/CHQ_1:Gene	ytnP	CHQ_1_43:c142093-141233	CHQ_1_04540
prokka_CHQ_1/CHQ_1:Gene	rsbW	CHQ_1_43:c151614-151132	CHQ_1_04552
prokka_CHQ_1/CHQ_1:Gene	CHQ_1_04553	CHQ_1_43:c151933-151595	CHQ_1_04553
prokka_CHQ_1/CHQ_1:Gene	rssB_2	CHQ_1_43:c153137-151923	CHQ_1_04554
prokka_CHQ_1/CHQ_1:Gene	acsAB_1	CHQ_1_43:155550-157367	CHQ_1_04557
prokka_CHQ_1/CHQ_1:Gene	CHQ_1_04558	CHQ_1_43:157364-158695	CHQ_1_04558
prokka_CHQ_1/CHQ_1:Gene	CHQ_1_04559	CHQ_1_43:158692-160239	CHQ_1_04559
prokka_CHQ_1/CHQ_1:Gene	CHQ_1_04560	CHQ_1_43:160224-161618	CHQ_1_04560
prokka_CHQ_1/CHQ_1:Gene	CHQ_1_04561	CHQ_1_43:161615-162049	CHQ_1_04561
prokka_CHQ_1/CHQ_1:Gene	rcsC_5	CHQ_1_43:162052-164745	CHQ_1_04562
prokka_CHQ_1/CHQ_1:Gene	lacZ_3	CHQ_1_43:164735-166933	CHQ_1_04563
prokka_CHQ_1/CHQ_1:Gene	CHQ_1_04575	CHQ_1_43:c181015-179954	CHQ_1_04575
prokka_CHQ_1/CHQ_1:Gene	ycjX	CHQ_1_43:c182409-181012	CHQ_1_04576
prokka_CHQ_1/CHQ_1:Gene	pspC	CHQ_1_43:c183118-182759	CHQ_1_04578
prokka_CHQ_1/CHQ_1:Gene	pspB	CHQ_1_43:c183342-183118	CHQ_1_04579
prokka_CHQ_1/CHQ_1:Gene	sapA	CHQ_1_43:192439-194082	CHQ_1_04587
prokka_CHQ_1/CHQ_1:Gene	sapB	CHQ_1_43:194079-195044	CHQ_1_04588
prokka_CHQ_1/CHQ_1:Gene	sapC	CHQ_1_43:195031-195921	CHQ_1_04589
prokka_CHQ_1/CHQ_1:Gene	sapD	CHQ_1_43:195921-196913	CHQ_1_04590
prokka_CHQ_1/CHQ_1:Gene	hutH_2	CHQ_1_43:c199253-197754	CHQ_1_04592
prokka_CHQ_1/CHQ_1:Gene	occP_2	CHQ_1_43:c200044-199250	CHQ_1_04593
prokka_CHQ_1/CHQ_1:Gene	yciH	CHQ_1_43:c209575-209249	CHQ_1_04604
prokka_CHQ_1/CHQ_1:Gene	pyrF	CHQ_1_43:c210312-209575	CHQ_1_04605
prokka_CHQ_1/CHQ_1:Gene	yciK	CHQ_1_43:223077-223877	CHQ_1_04616
prokka_CHQ_1/CHQ_1:Gene	btuR	CHQ_1_43:223874-224464	CHQ_1_04617
prokka_CHQ_1/CHQ_1:Gene	trpE	CHQ_1_43:229442-231004	CHQ_1_04623
prokka_CHQ_1/CHQ_1:Gene	trpGD	CHQ_1_43:231004-232599	CHQ_1_04624
prokka_CHQ_1/CHQ_1:Gene	trpB	CHQ_1_43:233971-235164	CHQ_1_04626
prokka_CHQ_1/CHQ_1:Gene	trpA	CHQ_1_43:235164-235973	CHQ_1_04627
prokka_CHQ_1/CHQ_1:Gene	astB_2	CHQ_1_43:c269543-268218	CHQ_1_04659
prokka_CHQ_1/CHQ_1:Gene	astD_2	CHQ_1_43:c271018-269540	CHQ_1_04660
prokka_CHQ_1/CHQ_1:Gene	astA_2	CHQ_1_43:c272049-271015	CHQ_1_04661
prokka_CHQ_1/CHQ_1:Gene	astC_2	CHQ_1_43:c273266-272046	CHQ_1_04662
prokka_CHQ_1/CHQ_1:Gene	ydjZ_1	CHQ_1_43:274890-275381	CHQ_1_04665
prokka_CHQ_1/CHQ_1:Gene	ydjZ_2	CHQ_1_43:275368-276078	CHQ_1_04666
prokka_CHQ_1/CHQ_1:Gene	CHQ_1_04667	CHQ_1_43:276075-276635	CHQ_1_04667
prokka_CHQ_1/CHQ_1:Gene	ynjB	CHQ_1_43:276638-277816	CHQ_1_04668
prokka_CHQ_1/CHQ_1:Gene	ynjC	CHQ_1_43:277789-279324	CHQ_1_04669
prokka_CHQ_1/CHQ_1:Gene	fbpC2	CHQ_1_43:279324-279956	CHQ_1_04670
prokka_CHQ_1/CHQ_1:Gene	phnU	CHQ_1_44:c2349-1489	CHQ_1_04681
prokka_CHQ_1/CHQ_1:Gene	phnT	CHQ_1_44:c3461-2349	CHQ_1_04682
prokka_CHQ_1/CHQ_1:Gene	CHQ_1_04689	CHQ_1_44:9067-9204	CHQ_1_04689
prokka_CHQ_1/CHQ_1:Gene	CHQ_1_04690	CHQ_1_44:9188-9511	CHQ_1_04690
prokka_CHQ_1/CHQ_1:Gene	uhpB	CHQ_1_44:c14608-13106	CHQ_1_04694
prokka_CHQ_1/CHQ_1:Gene	uhpA	CHQ_1_44:c15198-14605	CHQ_1_04695
prokka_CHQ_1/CHQ_1:Gene	CHQ_1_04706	CHQ_1_44:c25454-24954	CHQ_1_04706
prokka_CHQ_1/CHQ_1:Gene	yidG	CHQ_1_44:c25813-25451	CHQ_1_04707
prokka_CHQ_1/CHQ_1:Gene	yidH	CHQ_1_44:c26150-25803	CHQ_1_04708
prokka_CHQ_1/CHQ_1:Gene	aglB	CHQ_1_44:c27573-26251	CHQ_1_04709
prokka_CHQ_1/CHQ_1:Gene	malP_4	CHQ_1_44:c29192-27570	CHQ_1_04710
prokka_CHQ_1/CHQ_1:Gene	CHQ_1_04717	CHQ_1_44:c36061-34922	CHQ_1_04717
prokka_CHQ_1/CHQ_1:Gene	CHQ_1_04718	CHQ_1_44:c37140-36058	CHQ_1_04718
prokka_CHQ_1/CHQ_1:Gene	mdtL	CHQ_1_44:49609-50793	CHQ_1_04728
prokka_CHQ_1/CHQ_1:Gene	yidZ	CHQ_1_44:50762-51721	CHQ_1_04729
prokka_CHQ_1/CHQ_1:Gene	pstA	CHQ_1_44:c61400-60510	CHQ_1_04738
prokka_CHQ_1/CHQ_1:Gene	pstC	CHQ_1_44:c62359-61400	CHQ_1_04739
prokka_CHQ_1/CHQ_1:Gene	viaA	CHQ_1_44:c82049-80601	CHQ_1_04757
prokka_CHQ_1/CHQ_1:Gene	ravA	CHQ_1_44:c83545-82046	CHQ_1_04758
prokka_CHQ_1/CHQ_1:Gene	galB	CHQ_1_45:7942-8682	CHQ_1_04775
prokka_CHQ_1/CHQ_1:Gene	galC	CHQ_1_45:8679-9392	CHQ_1_04776
prokka_CHQ_1/CHQ_1:Gene	mexB_2	CHQ_1_45:c21007-17900	CHQ_1_04785
prokka_CHQ_1/CHQ_1:Gene	mexA	CHQ_1_45:c22131-21007	CHQ_1_04786
prokka_CHQ_1/CHQ_1:Gene	CHQ_1_04792	CHQ_1_45:26894-27526	CHQ_1_04792
prokka_CHQ_1/CHQ_1:Gene	CHQ_1_04793	CHQ_1_45:27523-27993	CHQ_1_04793
prokka_CHQ_1/CHQ_1:Gene	dut	CHQ_1_45:c75251-74793	CHQ_1_04837
prokka_CHQ_1/CHQ_1:Gene	coaBC	CHQ_1_45:c76446-75229	CHQ_1_04838
prokka_CHQ_1/CHQ_1:Gene	coaD	CHQ_1_45:c79497-79018	CHQ_1_04843
prokka_CHQ_1/CHQ_1:Gene	CHQ_1_04844	CHQ_1_45:c80270-79494	CHQ_1_04844
prokka_CHQ_1/CHQ_1:Gene	waaA	CHQ_1_45:c81544-80270	CHQ_1_04845
prokka_CHQ_1/CHQ_1:Gene	rfaG	CHQ_1_45:c84879-83752	CHQ_1_04848
prokka_CHQ_1/CHQ_1:Gene	rfaQ	CHQ_1_45:c85952-84876	CHQ_1_04849
prokka_CHQ_1/CHQ_1:Gene	CHQ_1_04852	CHQ_1_45:c89338-88169	CHQ_1_04852
prokka_CHQ_1/CHQ_1:Gene	CHQ_1_04853	CHQ_1_45:c90224-89316	CHQ_1_04853
prokka_CHQ_1/CHQ_1:Gene	rfaC	CHQ_1_45:c91195-90224	CHQ_1_04854
prokka_CHQ_1/CHQ_1:Gene	secB	CHQ_1_45:101486-101953	CHQ_1_04865
prokka_CHQ_1/CHQ_1:Gene	gpsA	CHQ_1_45:101953-102972	CHQ_1_04866
prokka_CHQ_1/CHQ_1:Gene	lldD_2	CHQ_1_45:c105876-104692	CHQ_1_04869
prokka_CHQ_1/CHQ_1:Gene	lldR_3	CHQ_1_45:c106649-105876	CHQ_1_04870
prokka_CHQ_1/CHQ_1:Gene	lldP	CHQ_1_45:c108301-106646	CHQ_1_04871
prokka_CHQ_1/CHQ_1:Gene	mtlR	CHQ_1_45:c110032-109433	CHQ_1_04874
prokka_CHQ_1/CHQ_1:Gene	mtlD	CHQ_1_45:c111177-110029	CHQ_1_04875
prokka_CHQ_1/CHQ_1:Gene	selA	CHQ_1_45:116041-117429	CHQ_1_04880
prokka_CHQ_1/CHQ_1:Gene	selB	CHQ_1_45:117426-119267	CHQ_1_04881
prokka_CHQ_1/CHQ_1:Gene	xylH	CHQ_1_45:c131651-130470	CHQ_1_04890
prokka_CHQ_1/CHQ_1:Gene	xylG_2	CHQ_1_45:c133170-131629	CHQ_1_04891
prokka_CHQ_1/CHQ_1:Gene	yiaC	CHQ_1_45:c157734-157294	CHQ_1_04913
prokka_CHQ_1/CHQ_1:Gene	tag	CHQ_1_45:c158293-157712	CHQ_1_04914
prokka_CHQ_1/CHQ_1:Gene	dppD_2	CHQ_1_45:168906-169889	CHQ_1_04923
prokka_CHQ_1/CHQ_1:Gene	oppF_4	CHQ_1_45:169886-170899	CHQ_1_04924
prokka_CHQ_1/CHQ_1:Gene	CHQ_1_04925	CHQ_1_45:171414-171950	CHQ_1_04925
prokka_CHQ_1/CHQ_1:Gene	bcsQ_1	CHQ_1_45:171941-172744	CHQ_1_04926
prokka_CHQ_1/CHQ_1:Gene	acsAB_2	CHQ_1_45:172764-174875	CHQ_1_04927
prokka_CHQ_1/CHQ_1:Gene	bcsB_1	CHQ_1_45:174872-177307	CHQ_1_04928
prokka_CHQ_1/CHQ_1:Gene	bepA_2	CHQ_1_45:177304-181356	CHQ_1_04929
prokka_CHQ_1/CHQ_1:Gene	CHQ_1_04930	CHQ_1_45:181356-181832	CHQ_1_04930
prokka_CHQ_1/CHQ_1:Gene	bcsG	CHQ_1_45:c184628-182952	CHQ_1_04932
prokka_CHQ_1/CHQ_1:Gene	CHQ_1_04933	CHQ_1_45:c184822-184625	CHQ_1_04933
prokka_CHQ_1/CHQ_1:Gene	bcsE	CHQ_1_45:c186375-184822	CHQ_1_04934
prokka_CHQ_1/CHQ_1:Gene	bcsQ_2	CHQ_1_45:186745-187476	CHQ_1_04936
prokka_CHQ_1/CHQ_1:Gene	bcsA	CHQ_1_45:187473-190091	CHQ_1_04937
prokka_CHQ_1/CHQ_1:Gene	bcsZ	CHQ_1_45:192451-193560	CHQ_1_04939
prokka_CHQ_1/CHQ_1:Gene	bcsC	CHQ_1_45:193542-197021	CHQ_1_04940
prokka_CHQ_1/CHQ_1:Gene	prlC	CHQ_1_45:218616-220658	CHQ_1_04957
prokka_CHQ_1/CHQ_1:Gene	rsmJ	CHQ_1_45:220624-221418	CHQ_1_04958
prokka_CHQ_1/CHQ_1:Gene	glnQ_9	CHQ_1_46:c21471-20743	CHQ_1_04991
prokka_CHQ_1/CHQ_1:Gene	glnP_3	CHQ_1_46:c22124-21468	CHQ_1_04992
prokka_CHQ_1/CHQ_1:Gene	CHQ_1_04994	CHQ_1_46:c23610-23056	CHQ_1_04994
prokka_CHQ_1/CHQ_1:Gene	CHQ_1_04995	CHQ_1_46:c24935-23607	CHQ_1_04995
prokka_CHQ_1/CHQ_1:Gene	CHQ_1_05011	CHQ_1_46:38438-38947	CHQ_1_05011
prokka_CHQ_1/CHQ_1:Gene	CHQ_1_05012	CHQ_1_46:38934-39290	CHQ_1_05012
prokka_CHQ_1/CHQ_1:Gene	cydB_3	CHQ_1_46:c55742-54732	CHQ_1_05029
prokka_CHQ_1/CHQ_1:Gene	cydA_3	CHQ_1_46:c57160-55739	CHQ_1_05030
prokka_CHQ_1/CHQ_1:Gene	yqjZ	CHQ_1_46:63870-64193	CHQ_1_05040
prokka_CHQ_1/CHQ_1:Gene	CHQ_1_05041	CHQ_1_46:64186-64578	CHQ_1_05041
prokka_CHQ_1/CHQ_1:Gene	CHQ_1_05042	CHQ_1_46:64575-65288	CHQ_1_05042
prokka_CHQ_1/CHQ_1:Gene	umuC_3	CHQ_1_46:c71157-69847	CHQ_1_05047
prokka_CHQ_1/CHQ_1:Gene	umuD_3	CHQ_1_46:c71533-71114	CHQ_1_05048
prokka_CHQ_1/CHQ_1:Gene	CHQ_1_05053	CHQ_1_47:c447-82	CHQ_1_05053
prokka_CHQ_1/CHQ_1:Gene	CHQ_1_05054	CHQ_1_47:c983-444	CHQ_1_05054
prokka_CHQ_1/CHQ_1:Gene	CHQ_1_05055	CHQ_1_48:c447-82	CHQ_1_05055
prokka_CHQ_1/CHQ_1:Gene	CHQ_1_05056	CHQ_1_48:c983-444	CHQ_1_05056
prokka_CHQ_1/CHQ_1:Gene	mrkD_2	CHQ_1_49:c4288-3314	CHQ_1_05060
prokka_CHQ_1/CHQ_1:Gene	htrE_2	CHQ_1_49:c6765-4279	CHQ_1_05061
prokka_CHQ_1/CHQ_1:Gene	CHQ_1_05076	CHQ_1_51:c10528-9221	CHQ_1_05076
prokka_CHQ_1/CHQ_1:Gene	CHQ_1_05077	CHQ_1_51:c10923-10528	CHQ_1_05077
prokka_CHQ_1/CHQ_1:Gene	umuD_4	CHQ_1_51:12920-13354	CHQ_1_05082
prokka_CHQ_1/CHQ_1:Gene	umuC_4	CHQ_1_51:13303-13848	CHQ_1_05083
prokka_CHQ_1/CHQ_1:Gene	CHQ_1_05090	CHQ_1_51:17965-18321	CHQ_1_05090
prokka_CHQ_1/CHQ_1:Gene	CHQ_1_05091	CHQ_1_51:18299-18877	CHQ_1_05091
prokka_CHQ_1/CHQ_1:Gene	CHQ_1_05094	CHQ_1_51:20125-20595	CHQ_1_05094
prokka_CHQ_1/CHQ_1:Gene	CHQ_1_05095	CHQ_1_51:20582-20830	CHQ_1_05095
prokka_CHQ_1/CHQ_1:Gene	CHQ_1_05096	CHQ_1_51:20823-21410	CHQ_1_05096
prokka_CHQ_1/CHQ_1:Gene	CHQ_1_05097	CHQ_1_51:21407-21892	CHQ_1_05097
prokka_CHQ_1/CHQ_1:Gene	CHQ_1_05098	CHQ_1_51:21889-22137	CHQ_1_05098
prokka_CHQ_1/CHQ_1:Gene	CHQ_1_05103	CHQ_1_51:25248-25754	CHQ_1_05103
prokka_CHQ_1/CHQ_1:Gene	CHQ_1_05104	CHQ_1_51:25747-26226	CHQ_1_05104
prokka_CHQ_1/CHQ_1:Gene	CHQ_1_05126	CHQ_1_51:38680-39180	CHQ_1_05126
prokka_CHQ_1/CHQ_1:Gene	CHQ_1_05127	CHQ_1_51:39177-39956	CHQ_1_05127
prokka_CHQ_1/CHQ_1:Gene	CHQ_1_05128	CHQ_1_51:39967-41130	CHQ_1_05128
prokka_CHQ_1/CHQ_1:Gene	CHQ_1_05129	CHQ_1_51:41120-41380	CHQ_1_05129
prokka_CHQ_1/CHQ_1:Gene	CHQ_1_05130	CHQ_1_51:41405-44665	CHQ_1_05130
prokka_CHQ_1/CHQ_1:Gene	CHQ_1_05131	CHQ_1_51:44607-45143	CHQ_1_05131
prokka_CHQ_1/CHQ_1:Gene	CHQ_1_05139	CHQ_1_51:50762-51256	CHQ_1_05139
prokka_CHQ_1/CHQ_1:Gene	CHQ_1_05140	CHQ_1_51:51253-54303	CHQ_1_05140
prokka_CHQ_1/CHQ_1:Gene	CHQ_1_05141	CHQ_1_51:54300-55508	CHQ_1_05141
prokka_CHQ_1/CHQ_1:Gene	CHQ_1_05142	CHQ_1_51:55505-56155	CHQ_1_05142
prokka_CHQ_1/CHQ_1:Gene	CHQ_1_05143	CHQ_1_51:56148-58328	CHQ_1_05143
prokka_CHQ_1/CHQ_1:Gene	emrE	CHQ_1_51:67413-67760	CHQ_1_05152
prokka_CHQ_1/CHQ_1:Gene	folP_2	CHQ_1_51:67754-68593	CHQ_1_05153
prokka_CHQ_1/CHQ_1:Gene	CHQ_1_05157	CHQ_1_51:c71079-70843	CHQ_1_05157
prokka_CHQ_1/CHQ_1:Gene	CHQ_1_05158	CHQ_1_51:c71441-71076	CHQ_1_05158

DiscRep_ALL:OVERLAPPING_CDS::8 coding regions overlap another coding region with a similar or identical name.
DiscRep_SUB:OVERLAPPING_CDS::8 coding regions overlap another coding region with a similar or identical name that do not have the appropriate note text
prokka_CHQ_1/CHQ_1:CDS	Homoprotocatechuate catabolism bifunctional isomerase/decarboxylase	CHQ_1_1:322815-323447	CHQ_1_00290
prokka_CHQ_1/CHQ_1:CDS	Homoprotocatechuate catabolism bifunctional isomerase/decarboxylase	CHQ_1_1:323444-324208	CHQ_1_00291
prokka_CHQ_1/CHQ_1:CDS	Manganese transport system membrane protein MntB	CHQ_1_7:42332-43180	CHQ_1_00428
prokka_CHQ_1/CHQ_1:CDS	Manganese transport system membrane protein MntB	CHQ_1_7:43174-44028	CHQ_1_00429
prokka_CHQ_1/CHQ_1:CDS	L-cystine transport system permease protein YecS	CHQ_1_27:19764-20435	CHQ_1_02917
prokka_CHQ_1/CHQ_1:CDS	L-cystine transport system permease protein YecS	CHQ_1_27:20432-21094	CHQ_1_02918
prokka_CHQ_1/CHQ_1:CDS	TVP38/TMEM64 family inner membrane protein YdjZ	CHQ_1_43:274890-275381	CHQ_1_04665
prokka_CHQ_1/CHQ_1:CDS	TVP38/TMEM64 family inner membrane protein YdjZ	CHQ_1_43:275368-276078	CHQ_1_04666

DiscRep_ALL:SUSPECT_PRODUCT_NAMES::7 product_names contain suspect phrase or characters
DiscRep_SUB:SUSPECT_PRODUCT_NAMES::Putative Typo
DiscRep_SUB:SUSPECT_PRODUCT_NAMES::1 features May contain plural
prokka_CHQ_1/CHQ_1:CDS	Putative transcriptional regulator of 2-aminoethylphosphonate degradation operons	CHQ_1_44:c5378-4659	CHQ_1_04684

DiscRep_SUB:SUSPECT_PRODUCT_NAMES::Use short product name instead of descriptive phrase
DiscRep_SUB:SUSPECT_PRODUCT_NAMES::1 features Is longer than 100 characters. Remove descriptive phrases or synonyms from product names. Keep valid long product names, eg long enzyme names
prokka_CHQ_1/CHQ_1:CDS	N-acetylgalactosamine-N,N'-diacetylbacillosaminyl-diphospho-undecaprenol 4-alpha-N-acetylgalactosaminyltransferase	CHQ_1_45:c83749-82655	CHQ_1_04847

DiscRep_SUB:SUSPECT_PRODUCT_NAMES::use protein instead of gene as appropriate
DiscRep_SUB:SUSPECT_PRODUCT_NAMES::5 features contains 'genes'
prokka_CHQ_1/CHQ_1:CDS	Hydrogen peroxide-inducible genes activator	CHQ_1_8:c266184-265285	CHQ_1_00942
prokka_CHQ_1/CHQ_1:CDS	Hydrogen peroxide-inducible genes activator	CHQ_1_18:c76474-75563	CHQ_1_01992
prokka_CHQ_1/CHQ_1:CDS	Hydrogen peroxide-inducible genes activator	CHQ_1_29:73118-74008	CHQ_1_03070
prokka_CHQ_1/CHQ_1:CDS	Hydrogen peroxide-inducible genes activator	CHQ_1_34:c8119-7202	CHQ_1_03252
prokka_CHQ_1/CHQ_1:CDS	Hydrogen peroxide-inducible genes activator	CHQ_1_40:c55834-54953	CHQ_1_04069

DiscRep_ALL:FIND_BADLEN_TRNAS::1 tRNAs are too long
prokka_CHQ_1/CHQ_1:tRNA	Asp	CHQ_1_43:c201417-201324	CHQ_1_04595

DiscRep_ALL:NO_ANNOTATION::2 bioseqs have no features
prokka_CHQ_1/CHQ_1:Prokka:CHQ_1_6 (length 1122)
prokka_CHQ_1/CHQ_1:Prokka:CHQ_1_33 (length 1793)

DiscRep_ALL:DISC_QUALITY_SCORES::Quality scores are missing on all sequences.

FATAL: DiscRep_ALL:DISC_SUSPECT_RRNA_PRODUCTS::2 rRNA produs contain susain suspect phrase
FATAL: DiscRep_SUB:DISC_SUSPECT_RRNA_PRODUCTS::2 rRNA pnames contains 'pains 'partial'
prokka_CHQ_1/CHQ_1:rRNA	5S ribosomal RNA (partial)	CHQ_1_36:4-93	CHQ_1_03603
prokka_CHQ_1/CHQ_1:rRNA	5S ribosomal RNA (partial)	CHQ_1_39:4-93	CHQ_1_03832

DiscRep_ALL:ONCALLER_COMMENT_PRESENT::51 comment descriptors were found (all same)
prokka_CHQ_1/CHQ_1:Prokka:CHQ_1_1:Annotated using prokka 1.14.6 from https://github.com/tseemann/prokka
prokka_CHQ_1/CHQ_1:Prokka:CHQ_1_2:Annotated using prokka 1.14.6 from https://github.com/tseemann/prokka
prokka_CHQ_1/CHQ_1:Prokka:CHQ_1_3:Annotated using prokka 1.14.6 from https://github.com/tseemann/prokka
prokka_CHQ_1/CHQ_1:Prokka:CHQ_1_4:Annotated using prokka 1.14.6 from https://github.com/tseemann/prokka
prokka_CHQ_1/CHQ_1:Prokka:CHQ_1_5:Annotated using prokka 1.14.6 from https://github.com/tseemann/prokka
prokka_CHQ_1/CHQ_1:Prokka:CHQ_1_6:Annotated using prokka 1.14.6 from https://github.com/tseemann/prokka
prokka_CHQ_1/CHQ_1:Prokka:CHQ_1_7:Annotated using prokka 1.14.6 from https://github.com/tseemann/prokka
prokka_CHQ_1/CHQ_1:Prokka:CHQ_1_8:Annotated using prokka 1.14.6 from https://github.com/tseemann/prokka
prokka_CHQ_1/CHQ_1:Prokka:CHQ_1_9:Annotated using prokka 1.14.6 from https://github.com/tseemann/prokka
prokka_CHQ_1/CHQ_1:Prokka:CHQ_1_10:Annotated using prokka 1.14.6 from https://github.com/tseemann/prokka
prokka_CHQ_1/CHQ_1:Prokka:CHQ_1_11:Annotated using prokka 1.14.6 from https://github.com/tseemann/prokka
prokka_CHQ_1/CHQ_1:Prokka:CHQ_1_12:Annotated using prokka 1.14.6 from https://github.com/tseemann/prokka
prokka_CHQ_1/CHQ_1:Prokka:CHQ_1_13:Annotated using prokka 1.14.6 from https://github.com/tseemann/prokka
prokka_CHQ_1/CHQ_1:Prokka:CHQ_1_14:Annotated using prokka 1.14.6 from https://github.com/tseemann/prokka
prokka_CHQ_1/CHQ_1:Prokka:CHQ_1_15:Annotated using prokka 1.14.6 from https://github.com/tseemann/prokka
prokka_CHQ_1/CHQ_1:Prokka:CHQ_1_16:Annotated using prokka 1.14.6 from https://github.com/tseemann/prokka
prokka_CHQ_1/CHQ_1:Prokka:CHQ_1_17:Annotated using prokka 1.14.6 from https://github.com/tseemann/prokka
prokka_CHQ_1/CHQ_1:Prokka:CHQ_1_18:Annotated using prokka 1.14.6 from https://github.com/tseemann/prokka
prokka_CHQ_1/CHQ_1:Prokka:CHQ_1_19:Annotated using prokka 1.14.6 from https://github.com/tseemann/prokka
prokka_CHQ_1/CHQ_1:Prokka:CHQ_1_20:Annotated using prokka 1.14.6 from https://github.com/tseemann/prokka
prokka_CHQ_1/CHQ_1:Prokka:CHQ_1_21:Annotated using prokka 1.14.6 from https://github.com/tseemann/prokka
prokka_CHQ_1/CHQ_1:Prokka:CHQ_1_22:Annotated using prokka 1.14.6 from https://github.com/tseemann/prokka
prokka_CHQ_1/CHQ_1:Prokka:CHQ_1_23:Annotated using prokka 1.14.6 from https://github.com/tseemann/prokka
prokka_CHQ_1/CHQ_1:Prokka:CHQ_1_24:Annotated using prokka 1.14.6 from https://github.com/tseemann/prokka
prokka_CHQ_1/CHQ_1:Prokka:CHQ_1_25:Annotated using prokka 1.14.6 from https://github.com/tseemann/prokka
prokka_CHQ_1/CHQ_1:Prokka:CHQ_1_26:Annotated using prokka 1.14.6 from https://github.com/tseemann/prokka
prokka_CHQ_1/CHQ_1:Prokka:CHQ_1_27:Annotated using prokka 1.14.6 from https://github.com/tseemann/prokka
prokka_CHQ_1/CHQ_1:Prokka:CHQ_1_28:Annotated using prokka 1.14.6 from https://github.com/tseemann/prokka
prokka_CHQ_1/CHQ_1:Prokka:CHQ_1_29:Annotated using prokka 1.14.6 from https://github.com/tseemann/prokka
prokka_CHQ_1/CHQ_1:Prokka:CHQ_1_30:Annotated using prokka 1.14.6 from https://github.com/tseemann/prokka
prokka_CHQ_1/CHQ_1:Prokka:CHQ_1_31:Annotated using prokka 1.14.6 from https://github.com/tseemann/prokka
prokka_CHQ_1/CHQ_1:Prokka:CHQ_1_32:Annotated using prokka 1.14.6 from https://github.com/tseemann/prokka
prokka_CHQ_1/CHQ_1:Prokka:CHQ_1_33:Annotated using prokka 1.14.6 from https://github.com/tseemann/prokka
prokka_CHQ_1/CHQ_1:Prokka:CHQ_1_34:Annotated using prokka 1.14.6 from https://github.com/tseemann/prokka
prokka_CHQ_1/CHQ_1:Prokka:CHQ_1_35:Annotated using prokka 1.14.6 from https://github.com/tseemann/prokka
prokka_CHQ_1/CHQ_1:Prokka:CHQ_1_36:Annotated using prokka 1.14.6 from https://github.com/tseemann/prokka
prokka_CHQ_1/CHQ_1:Prokka:CHQ_1_37:Annotated using prokka 1.14.6 from https://github.com/tseemann/prokka
prokka_CHQ_1/CHQ_1:Prokka:CHQ_1_38:Annotated using prokka 1.14.6 from https://github.com/tseemann/prokka
prokka_CHQ_1/CHQ_1:Prokka:CHQ_1_39:Annotated using prokka 1.14.6 from https://github.com/tseemann/prokka
prokka_CHQ_1/CHQ_1:Prokka:CHQ_1_40:Annotated using prokka 1.14.6 from https://github.com/tseemann/prokka
prokka_CHQ_1/CHQ_1:Prokka:CHQ_1_41:Annotated using prokka 1.14.6 from https://github.com/tseemann/prokka
prokka_CHQ_1/CHQ_1:Prokka:CHQ_1_42:Annotated using prokka 1.14.6 from https://github.com/tseemann/prokka
prokka_CHQ_1/CHQ_1:Prokka:CHQ_1_43:Annotated using prokka 1.14.6 from https://github.com/tseemann/prokka
prokka_CHQ_1/CHQ_1:Prokka:CHQ_1_44:Annotated using prokka 1.14.6 from https://github.com/tseemann/prokka
prokka_CHQ_1/CHQ_1:Prokka:CHQ_1_45:Annotated using prokka 1.14.6 from https://github.com/tseemann/prokka
prokka_CHQ_1/CHQ_1:Prokka:CHQ_1_46:Annotated using prokka 1.14.6 from https://github.com/tseemann/prokka
prokka_CHQ_1/CHQ_1:Prokka:CHQ_1_47:Annotated using prokka 1.14.6 from https://github.com/tseemann/prokka
prokka_CHQ_1/CHQ_1:Prokka:CHQ_1_48:Annotated using prokka 1.14.6 from https://github.com/tseemann/prokka
prokka_CHQ_1/CHQ_1:Prokka:CHQ_1_49:Annotated using prokka 1.14.6 from https://github.com/tseemann/prokka
prokka_CHQ_1/CHQ_1:Prokka:CHQ_1_50:Annotated using prokka 1.14.6 from https://github.com/tseemann/prokka
prokka_CHQ_1/CHQ_1:Prokka:CHQ_1_51:Annotated using prokka 1.14.6 from https://github.com/tseemann/prokka

DiscRep_ALL:SHORT_PROT_SEQUENCES::49 protein sequences are shorter than 50 aa.
prokka_CHQ_1/CHQ_1:Prokka:CHQ_1_00349 (length 44)
prokka_CHQ_1/CHQ_1:Prokka:CHQ_1_00851 (length 48)
prokka_CHQ_1/CHQ_1:Prokka:CHQ_1_01258 (length 43)
prokka_CHQ_1/CHQ_1:Prokka:CHQ_1_01495 (length 46)
prokka_CHQ_1/CHQ_1:Prokka:CHQ_1_01532 (length 32)
prokka_CHQ_1/CHQ_1:Prokka:CHQ_1_01567 (length 43)
prokka_CHQ_1/CHQ_1:Prokka:CHQ_1_01580 (length 34)
prokka_CHQ_1/CHQ_1:Prokka:CHQ_1_01607 (length 34)
prokka_CHQ_1/CHQ_1:Prokka:CHQ_1_01820 (length 49)
prokka_CHQ_1/CHQ_1:Prokka:CHQ_1_01882 (length 29)
prokka_CHQ_1/CHQ_1:Prokka:CHQ_1_01946 (length 43)
prokka_CHQ_1/CHQ_1:Prokka:CHQ_1_01959 (length 46)
prokka_CHQ_1/CHQ_1:Prokka:CHQ_1_02003 (length 37)
prokka_CHQ_1/CHQ_1:Prokka:CHQ_1_02193 (length 35)
prokka_CHQ_1/CHQ_1:Prokka:CHQ_1_02272 (length 29)
prokka_CHQ_1/CHQ_1:Prokka:CHQ_1_02394 (length 36)
prokka_CHQ_1/CHQ_1:Prokka:CHQ_1_02584 (length 38)
prokka_CHQ_1/CHQ_1:Prokka:CHQ_1_02612 (length 49)
prokka_CHQ_1/CHQ_1:Prokka:CHQ_1_02629 (length 36)
prokka_CHQ_1/CHQ_1:Prokka:CHQ_1_02647 (length 30)
prokka_CHQ_1/CHQ_1:Prokka:CHQ_1_02688 (length 41)
prokka_CHQ_1/CHQ_1:Prokka:CHQ_1_02809 (length 37)
prokka_CHQ_1/CHQ_1:Prokka:CHQ_1_02913 (length 34)
prokka_CHQ_1/CHQ_1:Prokka:CHQ_1_02935 (length 41)
prokka_CHQ_1/CHQ_1:Prokka:CHQ_1_03489 (length 46)
prokka_CHQ_1/CHQ_1:Prokka:CHQ_1_03581 (length 40)
prokka_CHQ_1/CHQ_1:Prokka:CHQ_1_03793 (length 40)
prokka_CHQ_1/CHQ_1:Prokka:CHQ_1_04015 (length 42)
prokka_CHQ_1/CHQ_1:Prokka:CHQ_1_04020 (length 44)
prokka_CHQ_1/CHQ_1:Prokka:CHQ_1_04076 (length 48)
prokka_CHQ_1/CHQ_1:Prokka:CHQ_1_04080 (length 31)
prokka_CHQ_1/CHQ_1:Prokka:CHQ_1_04090 (length 46)
prokka_CHQ_1/CHQ_1:Prokka:CHQ_1_04164 (length 30)
prokka_CHQ_1/CHQ_1:Prokka:CHQ_1_04166 (length 40)
prokka_CHQ_1/CHQ_1:Prokka:CHQ_1_04175 (length 41)
prokka_CHQ_1/CHQ_1:Prokka:CHQ_1_04239 (length 30)
prokka_CHQ_1/CHQ_1:Prokka:CHQ_1_04256 (length 49)
prokka_CHQ_1/CHQ_1:Prokka:CHQ_1_04306 (length 46)
prokka_CHQ_1/CHQ_1:Prokka:CHQ_1_04344 (length 37)
prokka_CHQ_1/CHQ_1:Prokka:CHQ_1_04664 (length 47)
prokka_CHQ_1/CHQ_1:Prokka:CHQ_1_04688 (length 43)
prokka_CHQ_1/CHQ_1:Prokka:CHQ_1_04689 (length 45)
prokka_CHQ_1/CHQ_1:Prokka:CHQ_1_04698 (length 31)
prokka_CHQ_1/CHQ_1:Prokka:CHQ_1_04699 (length 29)
prokka_CHQ_1/CHQ_1:Prokka:CHQ_1_05015 (length 33)
prokka_CHQ_1/CHQ_1:Prokka:CHQ_1_05027 (length 34)
prokka_CHQ_1/CHQ_1:Prokka:CHQ_1_05064 (length 35)
prokka_CHQ_1/CHQ_1:Prokka:CHQ_1_05114 (length 37)
prokka_CHQ_1/CHQ_1:Prokka:CHQ_1_05123 (length 46)

DiscRep_ALL:MISSING_GENOMEASSEMBLY_COMMENTS::51 bioseqs are missing GenomeAssembly structured comments
prokka_CHQ_1/CHQ_1:Prokka:CHQ_1_1 (length 377848)
prokka_CHQ_1/CHQ_1:Prokka:CHQ_1_2 (length 24665)
prokka_CHQ_1/CHQ_1:Prokka:CHQ_1_3 (length 2356)
prokka_CHQ_1/CHQ_1:Prokka:CHQ_1_4 (length 10924)
prokka_CHQ_1/CHQ_1:Prokka:CHQ_1_5 (length 1199)
prokka_CHQ_1/CHQ_1:Prokka:CHQ_1_6 (length 1122)
prokka_CHQ_1/CHQ_1:Prokka:CHQ_1_7 (length 318386)
prokka_CHQ_1/CHQ_1:Prokka:CHQ_1_8 (length 461267)
prokka_CHQ_1/CHQ_1:Prokka:CHQ_1_9 (length 3209)
prokka_CHQ_1/CHQ_1:Prokka:CHQ_1_10 (length 304583)
prokka_CHQ_1/CHQ_1:Prokka:CHQ_1_11 (length 1351)
prokka_CHQ_1/CHQ_1:Prokka:CHQ_1_12 (length 6019)
prokka_CHQ_1/CHQ_1:Prokka:CHQ_1_13 (length 8405)
prokka_CHQ_1/CHQ_1:Prokka:CHQ_1_14 (length 5132)
prokka_CHQ_1/CHQ_1:Prokka:CHQ_1_15 (length 216607)
prokka_CHQ_1/CHQ_1:Prokka:CHQ_1_16 (length 2667)
prokka_CHQ_1/CHQ_1:Prokka:CHQ_1_17 (length 302596)
prokka_CHQ_1/CHQ_1:Prokka:CHQ_1_18 (length 289500)
prokka_CHQ_1/CHQ_1:Prokka:CHQ_1_19 (length 155069)
prokka_CHQ_1/CHQ_1:Prokka:CHQ_1_20 (length 390437)
prokka_CHQ_1/CHQ_1:Prokka:CHQ_1_21 (length 12161)
prokka_CHQ_1/CHQ_1:Prokka:CHQ_1_22 (length 7099)
prokka_CHQ_1/CHQ_1:Prokka:CHQ_1_23 (length 13329)
prokka_CHQ_1/CHQ_1:Prokka:CHQ_1_24 (length 2218)
prokka_CHQ_1/CHQ_1:Prokka:CHQ_1_25 (length 111723)
prokka_CHQ_1/CHQ_1:Prokka:CHQ_1_26 (length 34483)
prokka_CHQ_1/CHQ_1:Prokka:CHQ_1_27 (length 60013)
prokka_CHQ_1/CHQ_1:Prokka:CHQ_1_28 (length 26467)
prokka_CHQ_1/CHQ_1:Prokka:CHQ_1_29 (length 84098)
prokka_CHQ_1/CHQ_1:Prokka:CHQ_1_30 (length 22810)
prokka_CHQ_1/CHQ_1:Prokka:CHQ_1_31 (length 10521)
prokka_CHQ_1/CHQ_1:Prokka:CHQ_1_32 (length 140389)
prokka_CHQ_1/CHQ_1:Prokka:CHQ_1_33 (length 1793)
prokka_CHQ_1/CHQ_1:Prokka:CHQ_1_34 (length 99418)
prokka_CHQ_1/CHQ_1:Prokka:CHQ_1_35 (length 273543)
prokka_CHQ_1/CHQ_1:Prokka:CHQ_1_36 (length 17141)
prokka_CHQ_1/CHQ_1:Prokka:CHQ_1_37 (length 226637)
prokka_CHQ_1/CHQ_1:Prokka:CHQ_1_38 (length 1715)
prokka_CHQ_1/CHQ_1:Prokka:CHQ_1_39 (length 199809)
prokka_CHQ_1/CHQ_1:Prokka:CHQ_1_40 (length 302529)
prokka_CHQ_1/CHQ_1:Prokka:CHQ_1_41 (length 4871)
prokka_CHQ_1/CHQ_1:Prokka:CHQ_1_42 (length 89278)
prokka_CHQ_1/CHQ_1:Prokka:CHQ_1_43 (length 289664)
prokka_CHQ_1/CHQ_1:Prokka:CHQ_1_44 (length 94249)
prokka_CHQ_1/CHQ_1:Prokka:CHQ_1_45 (length 235086)
prokka_CHQ_1/CHQ_1:Prokka:CHQ_1_46 (length 78570)
prokka_CHQ_1/CHQ_1:Prokka:CHQ_1_47 (length 1110)
prokka_CHQ_1/CHQ_1:Prokka:CHQ_1_48 (length 1110)
prokka_CHQ_1/CHQ_1:Prokka:CHQ_1_49 (length 10501)
prokka_CHQ_1/CHQ_1:Prokka:CHQ_1_50 (length 6454)
prokka_CHQ_1/CHQ_1:Prokka:CHQ_1_51 (length 71728)

DiscRep_ALL:MOLTYPE_NOT_MRNA::51 molecule types are not set as mRNA.
prokka_CHQ_1/CHQ_1:Prokka:CHQ_1_1 (length 377848)
prokka_CHQ_1/CHQ_1:Prokka:CHQ_1_2 (length 24665)
prokka_CHQ_1/CHQ_1:Prokka:CHQ_1_3 (length 2356)
prokka_CHQ_1/CHQ_1:Prokka:CHQ_1_4 (length 10924)
prokka_CHQ_1/CHQ_1:Prokka:CHQ_1_5 (length 1199)
prokka_CHQ_1/CHQ_1:Prokka:CHQ_1_6 (length 1122)
prokka_CHQ_1/CHQ_1:Prokka:CHQ_1_7 (length 318386)
prokka_CHQ_1/CHQ_1:Prokka:CHQ_1_8 (length 461267)
prokka_CHQ_1/CHQ_1:Prokka:CHQ_1_9 (length 3209)
prokka_CHQ_1/CHQ_1:Prokka:CHQ_1_10 (length 304583)
prokka_CHQ_1/CHQ_1:Prokka:CHQ_1_11 (length 1351)
prokka_CHQ_1/CHQ_1:Prokka:CHQ_1_12 (length 6019)
prokka_CHQ_1/CHQ_1:Prokka:CHQ_1_13 (length 8405)
prokka_CHQ_1/CHQ_1:Prokka:CHQ_1_14 (length 5132)
prokka_CHQ_1/CHQ_1:Prokka:CHQ_1_15 (length 216607)
prokka_CHQ_1/CHQ_1:Prokka:CHQ_1_16 (length 2667)
prokka_CHQ_1/CHQ_1:Prokka:CHQ_1_17 (length 302596)
prokka_CHQ_1/CHQ_1:Prokka:CHQ_1_18 (length 289500)
prokka_CHQ_1/CHQ_1:Prokka:CHQ_1_19 (length 155069)
prokka_CHQ_1/CHQ_1:Prokka:CHQ_1_20 (length 390437)
prokka_CHQ_1/CHQ_1:Prokka:CHQ_1_21 (length 12161)
prokka_CHQ_1/CHQ_1:Prokka:CHQ_1_22 (length 7099)
prokka_CHQ_1/CHQ_1:Prokka:CHQ_1_23 (length 13329)
prokka_CHQ_1/CHQ_1:Prokka:CHQ_1_24 (length 2218)
prokka_CHQ_1/CHQ_1:Prokka:CHQ_1_25 (length 111723)
prokka_CHQ_1/CHQ_1:Prokka:CHQ_1_26 (length 34483)
prokka_CHQ_1/CHQ_1:Prokka:CHQ_1_27 (length 60013)
prokka_CHQ_1/CHQ_1:Prokka:CHQ_1_28 (length 26467)
prokka_CHQ_1/CHQ_1:Prokka:CHQ_1_29 (length 84098)
prokka_CHQ_1/CHQ_1:Prokka:CHQ_1_30 (length 22810)
prokka_CHQ_1/CHQ_1:Prokka:CHQ_1_31 (length 10521)
prokka_CHQ_1/CHQ_1:Prokka:CHQ_1_32 (length 140389)
prokka_CHQ_1/CHQ_1:Prokka:CHQ_1_33 (length 1793)
prokka_CHQ_1/CHQ_1:Prokka:CHQ_1_34 (length 99418)
prokka_CHQ_1/CHQ_1:Prokka:CHQ_1_35 (length 273543)
prokka_CHQ_1/CHQ_1:Prokka:CHQ_1_36 (length 17141)
prokka_CHQ_1/CHQ_1:Prokka:CHQ_1_37 (length 226637)
prokka_CHQ_1/CHQ_1:Prokka:CHQ_1_38 (length 1715)
prokka_CHQ_1/CHQ_1:Prokka:CHQ_1_39 (length 199809)
prokka_CHQ_1/CHQ_1:Prokka:CHQ_1_40 (length 302529)
prokka_CHQ_1/CHQ_1:Prokka:CHQ_1_41 (length 4871)
prokka_CHQ_1/CHQ_1:Prokka:CHQ_1_42 (length 89278)
prokka_CHQ_1/CHQ_1:Prokka:CHQ_1_43 (length 289664)
prokka_CHQ_1/CHQ_1:Prokka:CHQ_1_44 (length 94249)
prokka_CHQ_1/CHQ_1:Prokka:CHQ_1_45 (length 235086)
prokka_CHQ_1/CHQ_1:Prokka:CHQ_1_46 (length 78570)
prokka_CHQ_1/CHQ_1:Prokka:CHQ_1_47 (length 1110)
prokka_CHQ_1/CHQ_1:Prokka:CHQ_1_48 (length 1110)
prokka_CHQ_1/CHQ_1:Prokka:CHQ_1_49 (length 10501)
prokka_CHQ_1/CHQ_1:Prokka:CHQ_1_50 (length 6454)
prokka_CHQ_1/CHQ_1:Prokka:CHQ_1_51 (length 71728)

DiscRep_ALL:TECHNIQUE_NOT_TSA::51 technique are not set as TSA
prokka_CHQ_1/CHQ_1:Prokka:CHQ_1_1 (length 377848)
prokka_CHQ_1/CHQ_1:Prokka:CHQ_1_2 (length 24665)
prokka_CHQ_1/CHQ_1:Prokka:CHQ_1_3 (length 2356)
prokka_CHQ_1/CHQ_1:Prokka:CHQ_1_4 (length 10924)
prokka_CHQ_1/CHQ_1:Prokka:CHQ_1_5 (length 1199)
prokka_CHQ_1/CHQ_1:Prokka:CHQ_1_6 (length 1122)
prokka_CHQ_1/CHQ_1:Prokka:CHQ_1_7 (length 318386)
prokka_CHQ_1/CHQ_1:Prokka:CHQ_1_8 (length 461267)
prokka_CHQ_1/CHQ_1:Prokka:CHQ_1_9 (length 3209)
prokka_CHQ_1/CHQ_1:Prokka:CHQ_1_10 (length 304583)
prokka_CHQ_1/CHQ_1:Prokka:CHQ_1_11 (length 1351)
prokka_CHQ_1/CHQ_1:Prokka:CHQ_1_12 (length 6019)
prokka_CHQ_1/CHQ_1:Prokka:CHQ_1_13 (length 8405)
prokka_CHQ_1/CHQ_1:Prokka:CHQ_1_14 (length 5132)
prokka_CHQ_1/CHQ_1:Prokka:CHQ_1_15 (length 216607)
prokka_CHQ_1/CHQ_1:Prokka:CHQ_1_16 (length 2667)
prokka_CHQ_1/CHQ_1:Prokka:CHQ_1_17 (length 302596)
prokka_CHQ_1/CHQ_1:Prokka:CHQ_1_18 (length 289500)
prokka_CHQ_1/CHQ_1:Prokka:CHQ_1_19 (length 155069)
prokka_CHQ_1/CHQ_1:Prokka:CHQ_1_20 (length 390437)
prokka_CHQ_1/CHQ_1:Prokka:CHQ_1_21 (length 12161)
prokka_CHQ_1/CHQ_1:Prokka:CHQ_1_22 (length 7099)
prokka_CHQ_1/CHQ_1:Prokka:CHQ_1_23 (length 13329)
prokka_CHQ_1/CHQ_1:Prokka:CHQ_1_24 (length 2218)
prokka_CHQ_1/CHQ_1:Prokka:CHQ_1_25 (length 111723)
prokka_CHQ_1/CHQ_1:Prokka:CHQ_1_26 (length 34483)
prokka_CHQ_1/CHQ_1:Prokka:CHQ_1_27 (length 60013)
prokka_CHQ_1/CHQ_1:Prokka:CHQ_1_28 (length 26467)
prokka_CHQ_1/CHQ_1:Prokka:CHQ_1_29 (length 84098)
prokka_CHQ_1/CHQ_1:Prokka:CHQ_1_30 (length 22810)
prokka_CHQ_1/CHQ_1:Prokka:CHQ_1_31 (length 10521)
prokka_CHQ_1/CHQ_1:Prokka:CHQ_1_32 (length 140389)
prokka_CHQ_1/CHQ_1:Prokka:CHQ_1_33 (length 1793)
prokka_CHQ_1/CHQ_1:Prokka:CHQ_1_34 (length 99418)
prokka_CHQ_1/CHQ_1:Prokka:CHQ_1_35 (length 273543)
prokka_CHQ_1/CHQ_1:Prokka:CHQ_1_36 (length 17141)
prokka_CHQ_1/CHQ_1:Prokka:CHQ_1_37 (length 226637)
prokka_CHQ_1/CHQ_1:Prokka:CHQ_1_38 (length 1715)
prokka_CHQ_1/CHQ_1:Prokka:CHQ_1_39 (length 199809)
prokka_CHQ_1/CHQ_1:Prokka:CHQ_1_40 (length 302529)
prokka_CHQ_1/CHQ_1:Prokka:CHQ_1_41 (length 4871)
prokka_CHQ_1/CHQ_1:Prokka:CHQ_1_42 (length 89278)
prokka_CHQ_1/CHQ_1:Prokka:CHQ_1_43 (length 289664)
prokka_CHQ_1/CHQ_1:Prokka:CHQ_1_44 (length 94249)
prokka_CHQ_1/CHQ_1:Prokka:CHQ_1_45 (length 235086)
prokka_CHQ_1/CHQ_1:Prokka:CHQ_1_46 (length 78570)
prokka_CHQ_1/CHQ_1:Prokka:CHQ_1_47 (length 1110)
prokka_CHQ_1/CHQ_1:Prokka:CHQ_1_48 (length 1110)
prokka_CHQ_1/CHQ_1:Prokka:CHQ_1_49 (length 10501)
prokka_CHQ_1/CHQ_1:Prokka:CHQ_1_50 (length 6454)
prokka_CHQ_1/CHQ_1:Prokka:CHQ_1_51 (length 71728)

DiscRep_ALL:MISSING_STRUCTURED_COMMENT::51 sequences do not include structured comments.
prokka_CHQ_1/CHQ_1:Prokka:CHQ_1_1 (length 377848)
prokka_CHQ_1/CHQ_1:Prokka:CHQ_1_2 (length 24665)
prokka_CHQ_1/CHQ_1:Prokka:CHQ_1_3 (length 2356)
prokka_CHQ_1/CHQ_1:Prokka:CHQ_1_4 (length 10924)
prokka_CHQ_1/CHQ_1:Prokka:CHQ_1_5 (length 1199)
prokka_CHQ_1/CHQ_1:Prokka:CHQ_1_6 (length 1122)
prokka_CHQ_1/CHQ_1:Prokka:CHQ_1_7 (length 318386)
prokka_CHQ_1/CHQ_1:Prokka:CHQ_1_8 (length 461267)
prokka_CHQ_1/CHQ_1:Prokka:CHQ_1_9 (length 3209)
prokka_CHQ_1/CHQ_1:Prokka:CHQ_1_10 (length 304583)
prokka_CHQ_1/CHQ_1:Prokka:CHQ_1_11 (length 1351)
prokka_CHQ_1/CHQ_1:Prokka:CHQ_1_12 (length 6019)
prokka_CHQ_1/CHQ_1:Prokka:CHQ_1_13 (length 8405)
prokka_CHQ_1/CHQ_1:Prokka:CHQ_1_14 (length 5132)
prokka_CHQ_1/CHQ_1:Prokka:CHQ_1_15 (length 216607)
prokka_CHQ_1/CHQ_1:Prokka:CHQ_1_16 (length 2667)
prokka_CHQ_1/CHQ_1:Prokka:CHQ_1_17 (length 302596)
prokka_CHQ_1/CHQ_1:Prokka:CHQ_1_18 (length 289500)
prokka_CHQ_1/CHQ_1:Prokka:CHQ_1_19 (length 155069)
prokka_CHQ_1/CHQ_1:Prokka:CHQ_1_20 (length 390437)
prokka_CHQ_1/CHQ_1:Prokka:CHQ_1_21 (length 12161)
prokka_CHQ_1/CHQ_1:Prokka:CHQ_1_22 (length 7099)
prokka_CHQ_1/CHQ_1:Prokka:CHQ_1_23 (length 13329)
prokka_CHQ_1/CHQ_1:Prokka:CHQ_1_24 (length 2218)
prokka_CHQ_1/CHQ_1:Prokka:CHQ_1_25 (length 111723)
prokka_CHQ_1/CHQ_1:Prokka:CHQ_1_26 (length 34483)
prokka_CHQ_1/CHQ_1:Prokka:CHQ_1_27 (length 60013)
prokka_CHQ_1/CHQ_1:Prokka:CHQ_1_28 (length 26467)
prokka_CHQ_1/CHQ_1:Prokka:CHQ_1_29 (length 84098)
prokka_CHQ_1/CHQ_1:Prokka:CHQ_1_30 (length 22810)
prokka_CHQ_1/CHQ_1:Prokka:CHQ_1_31 (length 10521)
prokka_CHQ_1/CHQ_1:Prokka:CHQ_1_32 (length 140389)
prokka_CHQ_1/CHQ_1:Prokka:CHQ_1_33 (length 1793)
prokka_CHQ_1/CHQ_1:Prokka:CHQ_1_34 (length 99418)
prokka_CHQ_1/CHQ_1:Prokka:CHQ_1_35 (length 273543)
prokka_CHQ_1/CHQ_1:Prokka:CHQ_1_36 (length 17141)
prokka_CHQ_1/CHQ_1:Prokka:CHQ_1_37 (length 226637)
prokka_CHQ_1/CHQ_1:Prokka:CHQ_1_38 (length 1715)
prokka_CHQ_1/CHQ_1:Prokka:CHQ_1_39 (length 199809)
prokka_CHQ_1/CHQ_1:Prokka:CHQ_1_40 (length 302529)
prokka_CHQ_1/CHQ_1:Prokka:CHQ_1_41 (length 4871)
prokka_CHQ_1/CHQ_1:Prokka:CHQ_1_42 (length 89278)
prokka_CHQ_1/CHQ_1:Prokka:CHQ_1_43 (length 289664)
prokka_CHQ_1/CHQ_1:Prokka:CHQ_1_44 (length 94249)
prokka_CHQ_1/CHQ_1:Prokka:CHQ_1_45 (length 235086)
prokka_CHQ_1/CHQ_1:Prokka:CHQ_1_46 (length 78570)
prokka_CHQ_1/CHQ_1:Prokka:CHQ_1_47 (length 1110)
prokka_CHQ_1/CHQ_1:Prokka:CHQ_1_48 (length 1110)
prokka_CHQ_1/CHQ_1:Prokka:CHQ_1_49 (length 10501)
prokka_CHQ_1/CHQ_1:Prokka:CHQ_1_50 (length 6454)
prokka_CHQ_1/CHQ_1:Prokka:CHQ_1_51 (length 71728)

DiscRep_ALL:MISSING_PROJECT::5123 sequences do not include project.
prokka_CHQ_1/CHQ_1:Prokka:CHQ_1_1 (length 377848)
prokka_CHQ_1/CHQ_1:Prokka:CHQ_1_00001 (length 188)
prokka_CHQ_1/CHQ_1:Prokka:CHQ_1_00002 (length 343)
prokka_CHQ_1/CHQ_1:Prokka:CHQ_1_00003 (length 217)
prokka_CHQ_1/CHQ_1:Prokka:CHQ_1_00004 (length 271)
prokka_CHQ_1/CHQ_1:Prokka:CHQ_1_00005 (length 135)
prokka_CHQ_1/CHQ_1:Prokka:CHQ_1_00006 (length 235)
prokka_CHQ_1/CHQ_1:Prokka:CHQ_1_00007 (length 572)
prokka_CHQ_1/CHQ_1:Prokka:CHQ_1_00008 (length 107)
prokka_CHQ_1/CHQ_1:Prokka:CHQ_1_00009 (length 232)
prokka_CHQ_1/CHQ_1:Prokka:CHQ_1_00010 (length 137)
prokka_CHQ_1/CHQ_1:Prokka:CHQ_1_00011 (length 181)
prokka_CHQ_1/CHQ_1:Prokka:CHQ_1_00012 (length 66)
prokka_CHQ_1/CHQ_1:Prokka:CHQ_1_00013 (length 86)
prokka_CHQ_1/CHQ_1:Prokka:CHQ_1_00014 (length 433)
prokka_CHQ_1/CHQ_1:Prokka:CHQ_1_00015 (length 129)
prokka_CHQ_1/CHQ_1:Prokka:CHQ_1_00016 (length 729)
prokka_CHQ_1/CHQ_1:Prokka:CHQ_1_00017 (length 319)
prokka_CHQ_1/CHQ_1:Prokka:CHQ_1_00018 (length 1160)
prokka_CHQ_1/CHQ_1:Prokka:CHQ_1_00019 (length 199)
prokka_CHQ_1/CHQ_1:Prokka:CHQ_1_00020 (length 383)
prokka_CHQ_1/CHQ_1:Prokka:CHQ_1_00021 (length 262)
prokka_CHQ_1/CHQ_1:Prokka:CHQ_1_00022 (length 151)
prokka_CHQ_1/CHQ_1:Prokka:CHQ_1_00023 (length 341)
prokka_CHQ_1/CHQ_1:Prokka:CHQ_1_00024 (length 161)
prokka_CHQ_1/CHQ_1:Prokka:CHQ_1_00025 (length 809)
prokka_CHQ_1/CHQ_1:Prokka:CHQ_1_00026 (length 450)
prokka_CHQ_1/CHQ_1:Prokka:CHQ_1_00027 (length 285)
prokka_CHQ_1/CHQ_1:Prokka:CHQ_1_00028 (length 229)
prokka_CHQ_1/CHQ_1:Prokka:CHQ_1_00029 (length 400)
prokka_CHQ_1/CHQ_1:Prokka:CHQ_1_00030 (length 185)
prokka_CHQ_1/CHQ_1:Prokka:CHQ_1_00031 (length 241)
prokka_CHQ_1/CHQ_1:Prokka:CHQ_1_00032 (length 283)
prokka_CHQ_1/CHQ_1:Prokka:CHQ_1_00033 (length 241)
prokka_CHQ_1/CHQ_1:Prokka:CHQ_1_00034 (length 264)
prokka_CHQ_1/CHQ_1:Prokka:CHQ_1_00035 (length 887)
prokka_CHQ_1/CHQ_1:Prokka:CHQ_1_00036 (length 274)
prokka_CHQ_1/CHQ_1:Prokka:CHQ_1_00037 (length 128)
prokka_CHQ_1/CHQ_1:Prokka:CHQ_1_00038 (length 403)
prokka_CHQ_1/CHQ_1:Prokka:CHQ_1_00039 (length 477)
prokka_CHQ_1/CHQ_1:Prokka:CHQ_1_00040 (length 504)
prokka_CHQ_1/CHQ_1:Prokka:CHQ_1_00041 (length 232)
prokka_CHQ_1/CHQ_1:Prokka:CHQ_1_00042 (length 266)
prokka_CHQ_1/CHQ_1:Prokka:CHQ_1_00043 (length 208)
prokka_CHQ_1/CHQ_1:Prokka:CHQ_1_00044 (length 114)
prokka_CHQ_1/CHQ_1:Prokka:CHQ_1_00045 (length 503)
prokka_CHQ_1/CHQ_1:Prokka:CHQ_1_00046 (length 426)
prokka_CHQ_1/CHQ_1:Prokka:CHQ_1_00047 (length 660)
prokka_CHQ_1/CHQ_1:Prokka:CHQ_1_00048 (length 296)
prokka_CHQ_1/CHQ_1:Prokka:CHQ_1_00049 (length 265)
prokka_CHQ_1/CHQ_1:Prokka:CHQ_1_00050 (length 735)
prokka_CHQ_1/CHQ_1:Prokka:CHQ_1_00051 (length 853)
prokka_CHQ_1/CHQ_1:Prokka:CHQ_1_00052 (length 124)
prokka_CHQ_1/CHQ_1:Prokka:CHQ_1_00053 (length 185)
prokka_CHQ_1/CHQ_1:Prokka:CHQ_1_00054 (length 1096)
prokka_CHQ_1/CHQ_1:Prokka:CHQ_1_00055 (length 280)
prokka_CHQ_1/CHQ_1:Prokka:CHQ_1_00056 (length 657)
prokka_CHQ_1/CHQ_1:Prokka:CHQ_1_00057 (length 497)
prokka_CHQ_1/CHQ_1:Prokka:CHQ_1_00058 (length 404)
prokka_CHQ_1/CHQ_1:Prokka:CHQ_1_00059 (length 140)
prokka_CHQ_1/CHQ_1:Prokka:CHQ_1_00060 (length 171)
prokka_CHQ_1/CHQ_1:Prokka:CHQ_1_00061 (length 121)
prokka_CHQ_1/CHQ_1:Prokka:CHQ_1_00062 (length 198)
prokka_CHQ_1/CHQ_1:Prokka:CHQ_1_00063 (length 326)
prokka_CHQ_1/CHQ_1:Prokka:CHQ_1_00064 (length 398)
prokka_CHQ_1/CHQ_1:Prokka:CHQ_1_00065 (length 161)
prokka_CHQ_1/CHQ_1:Prokka:CHQ_1_00066 (length 242)
prokka_CHQ_1/CHQ_1:Prokka:CHQ_1_00067 (length 266)
prokka_CHQ_1/CHQ_1:Prokka:CHQ_1_00068 (length 809)
prokka_CHQ_1/CHQ_1:Prokka:CHQ_1_00069 (length 178)
prokka_CHQ_1/CHQ_1:Prokka:CHQ_1_00070 (length 238)
prokka_CHQ_1/CHQ_1:Prokka:CHQ_1_00071 (length 151)
prokka_CHQ_1/CHQ_1:Prokka:CHQ_1_00072 (length 293)
prokka_CHQ_1/CHQ_1:Prokka:CHQ_1_00073 (length 453)
prokka_CHQ_1/CHQ_1:Prokka:CHQ_1_00074 (length 159)
prokka_CHQ_1/CHQ_1:Prokka:CHQ_1_00075 (length 263)
prokka_CHQ_1/CHQ_1:Prokka:CHQ_1_00076 (length 284)
prokka_CHQ_1/CHQ_1:Prokka:CHQ_1_00077 (length 126)
prokka_CHQ_1/CHQ_1:Prokka:CHQ_1_00078 (length 417)
prokka_CHQ_1/CHQ_1:Prokka:CHQ_1_00079 (length 146)
prokka_CHQ_1/CHQ_1:Prokka:CHQ_1_00080 (length 255)
prokka_CHQ_1/CHQ_1:Prokka:CHQ_1_00081 (length 308)
prokka_CHQ_1/CHQ_1:Prokka:CHQ_1_00082 (length 220)
prokka_CHQ_1/CHQ_1:Prokka:CHQ_1_00083 (length 178)
prokka_CHQ_1/CHQ_1:Prokka:CHQ_1_00084 (length 796)
prokka_CHQ_1/CHQ_1:Prokka:CHQ_1_00085 (length 536)
prokka_CHQ_1/CHQ_1:Prokka:CHQ_1_00086 (length 108)
prokka_CHQ_1/CHQ_1:Prokka:CHQ_1_00087 (length 136)
prokka_CHQ_1/CHQ_1:Prokka:CHQ_1_00088 (length 587)
prokka_CHQ_1/CHQ_1:Prokka:CHQ_1_00089 (length 286)
prokka_CHQ_1/CHQ_1:Prokka:CHQ_1_00090 (length 264)
prokka_CHQ_1/CHQ_1:Prokka:CHQ_1_00091 (length 120)
prokka_CHQ_1/CHQ_1:Prokka:CHQ_1_00092 (length 865)
prokka_CHQ_1/CHQ_1:Prokka:CHQ_1_00093 (length 525)
prokka_CHQ_1/CHQ_1:Prokka:CHQ_1_00094 (length 268)
prokka_CHQ_1/CHQ_1:Prokka:CHQ_1_00095 (length 94)
prokka_CHQ_1/CHQ_1:Prokka:CHQ_1_00096 (length 474)
prokka_CHQ_1/CHQ_1:Prokka:CHQ_1_00097 (length 632)
prokka_CHQ_1/CHQ_1:Prokka:CHQ_1_00098 (length 887)
prokka_CHQ_1/CHQ_1:Prokka:CHQ_1_00099 (length 259)
prokka_CHQ_1/CHQ_1:Prokka:CHQ_1_00100 (length 456)
prokka_CHQ_1/CHQ_1:Prokka:CHQ_1_00101 (length 468)
prokka_CHQ_1/CHQ_1:Prokka:CHQ_1_00102 (length 316)
prokka_CHQ_1/CHQ_1:Prokka:CHQ_1_00103 (length 284)
prokka_CHQ_1/CHQ_1:Prokka:CHQ_1_00104 (length 187)
prokka_CHQ_1/CHQ_1:Prokka:CHQ_1_00105 (length 297)
prokka_CHQ_1/CHQ_1:Prokka:CHQ_1_00106 (length 143)
prokka_CHQ_1/CHQ_1:Prokka:CHQ_1_00107 (length 461)
prokka_CHQ_1/CHQ_1:Prokka:CHQ_1_00108 (length 401)
prokka_CHQ_1/CHQ_1:Prokka:CHQ_1_00109 (length 347)
prokka_CHQ_1/CHQ_1:Prokka:CHQ_1_00110 (length 206)
prokka_CHQ_1/CHQ_1:Prokka:CHQ_1_00111 (length 247)
prokka_CHQ_1/CHQ_1:Prokka:CHQ_1_00112 (length 64)
prokka_CHQ_1/CHQ_1:Prokka:CHQ_1_00113 (length 130)
prokka_CHQ_1/CHQ_1:Prokka:CHQ_1_00114 (length 901)
prokka_CHQ_1/CHQ_1:Prokka:CHQ_1_00115 (length 167)
prokka_CHQ_1/CHQ_1:Prokka:CHQ_1_00116 (length 305)
prokka_CHQ_1/CHQ_1:Prokka:CHQ_1_00117 (length 383)
prokka_CHQ_1/CHQ_1:Prokka:CHQ_1_00118 (length 420)
prokka_CHQ_1/CHQ_1:Prokka:CHQ_1_00119 (length 276)
prokka_CHQ_1/CHQ_1:Prokka:CHQ_1_00120 (length 306)
prokka_CHQ_1/CHQ_1:Prokka:CHQ_1_00121 (length 491)
prokka_CHQ_1/CHQ_1:Prokka:CHQ_1_00122 (length 348)
prokka_CHQ_1/CHQ_1:Prokka:CHQ_1_00123 (length 424)
prokka_CHQ_1/CHQ_1:Prokka:CHQ_1_00124 (length 438)
prokka_CHQ_1/CHQ_1:Prokka:CHQ_1_00125 (length 360)
prokka_CHQ_1/CHQ_1:Prokka:CHQ_1_00126 (length 452)
prokka_CHQ_1/CHQ_1:Prokka:CHQ_1_00127 (length 495)
prokka_CHQ_1/CHQ_1:Prokka:CHQ_1_00128 (length 588)
prokka_CHQ_1/CHQ_1:Prokka:CHQ_1_00129 (length 121)
prokka_CHQ_1/CHQ_1:Prokka:CHQ_1_00130 (length 313)
prokka_CHQ_1/CHQ_1:Prokka:CHQ_1_00131 (length 152)
prokka_CHQ_1/CHQ_1:Prokka:CHQ_1_00132 (length 334)
prokka_CHQ_1/CHQ_1:Prokka:CHQ_1_00133 (length 163)
prokka_CHQ_1/CHQ_1:Prokka:CHQ_1_00134 (length 574)
prokka_CHQ_1/CHQ_1:Prokka:CHQ_1_00135 (length 316)
prokka_CHQ_1/CHQ_1:Prokka:CHQ_1_00136 (length 523)
prokka_CHQ_1/CHQ_1:Prokka:CHQ_1_00137 (length 363)
prokka_CHQ_1/CHQ_1:Prokka:CHQ_1_00138 (length 466)
prokka_CHQ_1/CHQ_1:Prokka:CHQ_1_00139 (length 201)
prokka_CHQ_1/CHQ_1:Prokka:CHQ_1_00140 (length 677)
prokka_CHQ_1/CHQ_1:Prokka:CHQ_1_00141 (length 287)
prokka_CHQ_1/CHQ_1:Prokka:CHQ_1_00142 (length 404)
prokka_CHQ_1/CHQ_1:Prokka:CHQ_1_00143 (length 251)
prokka_CHQ_1/CHQ_1:Prokka:CHQ_1_00144 (length 298)
prokka_CHQ_1/CHQ_1:Prokka:CHQ_1_00145 (length 436)
prokka_CHQ_1/CHQ_1:Prokka:CHQ_1_00146 (length 394)
prokka_CHQ_1/CHQ_1:Prokka:CHQ_1_00147 (length 50)
prokka_CHQ_1/CHQ_1:Prokka:CHQ_1_00148 (length 551)
prokka_CHQ_1/CHQ_1:Prokka:CHQ_1_00149 (length 327)
prokka_CHQ_1/CHQ_1:Prokka:CHQ_1_00150 (length 536)
prokka_CHQ_1/CHQ_1:Prokka:CHQ_1_00151 (length 233)
prokka_CHQ_1/CHQ_1:Prokka:CHQ_1_00152 (length 255)
prokka_CHQ_1/CHQ_1:Prokka:CHQ_1_00153 (length 281)
prokka_CHQ_1/CHQ_1:Prokka:CHQ_1_00154 (length 569)
prokka_CHQ_1/CHQ_1:Prokka:CHQ_1_00155 (length 500)
prokka_CHQ_1/CHQ_1:Prokka:CHQ_1_00156 (length 231)
prokka_CHQ_1/CHQ_1:Prokka:CHQ_1_00157 (length 785)
prokka_CHQ_1/CHQ_1:Prokka:CHQ_1_00158 (length 968)
prokka_CHQ_1/CHQ_1:Prokka:CHQ_1_00159 (length 219)
prokka_CHQ_1/CHQ_1:Prokka:CHQ_1_00160 (length 179)
prokka_CHQ_1/CHQ_1:Prokka:CHQ_1_00161 (length 454)
prokka_CHQ_1/CHQ_1:Prokka:CHQ_1_00162 (length 541)
prokka_CHQ_1/CHQ_1:Prokka:CHQ_1_00163 (length 232)
prokka_CHQ_1/CHQ_1:Prokka:CHQ_1_00164 (length 275)
prokka_CHQ_1/CHQ_1:Prokka:CHQ_1_00165 (length 771)
prokka_CHQ_1/CHQ_1:Prokka:CHQ_1_00166 (length 428)
prokka_CHQ_1/CHQ_1:Prokka:CHQ_1_00167 (length 329)
prokka_CHQ_1/CHQ_1:Prokka:CHQ_1_00168 (length 273)
prokka_CHQ_1/CHQ_1:Prokka:CHQ_1_00169 (length 125)
prokka_CHQ_1/CHQ_1:Prokka:CHQ_1_00170 (length 282)
prokka_CHQ_1/CHQ_1:Prokka:CHQ_1_00171 (length 159)
prokka_CHQ_1/CHQ_1:Prokka:CHQ_1_00172 (length 621)
prokka_CHQ_1/CHQ_1:Prokka:CHQ_1_00173 (length 177)
prokka_CHQ_1/CHQ_1:Prokka:CHQ_1_00174 (length 77)
prokka_CHQ_1/CHQ_1:Prokka:CHQ_1_00175 (length 1074)
prokka_CHQ_1/CHQ_1:Prokka:CHQ_1_00176 (length 382)
prokka_CHQ_1/CHQ_1:Prokka:CHQ_1_00177 (length 273)
prokka_CHQ_1/CHQ_1:Prokka:CHQ_1_00178 (length 302)
prokka_CHQ_1/CHQ_1:Prokka:CHQ_1_00179 (length 502)
prokka_CHQ_1/CHQ_1:Prokka:CHQ_1_00180 (length 289)
prokka_CHQ_1/CHQ_1:Prokka:CHQ_1_00181 (length 97)
prokka_CHQ_1/CHQ_1:Prokka:CHQ_1_00182 (length 306)
prokka_CHQ_1/CHQ_1:Prokka:CHQ_1_00183 (length 446)
prokka_CHQ_1/CHQ_1:Prokka:CHQ_1_00184 (length 82)
prokka_CHQ_1/CHQ_1:Prokka:CHQ_1_00185 (length 589)
prokka_CHQ_1/CHQ_1:Prokka:CHQ_1_00186 (length 433)
prokka_CHQ_1/CHQ_1:Prokka:CHQ_1_00187 (length 547)
prokka_CHQ_1/CHQ_1:Prokka:CHQ_1_00188 (length 234)
prokka_CHQ_1/CHQ_1:Prokka:CHQ_1_00189 (length 209)
prokka_CHQ_1/CHQ_1:Prokka:CHQ_1_00190 (length 309)
prokka_CHQ_1/CHQ_1:Prokka:CHQ_1_00191 (length 121)
prokka_CHQ_1/CHQ_1:Prokka:CHQ_1_00192 (length 304)
prokka_CHQ_1/CHQ_1:Prokka:CHQ_1_00193 (length 316)
prokka_CHQ_1/CHQ_1:Prokka:CHQ_1_00194 (length 149)
prokka_CHQ_1/CHQ_1:Prokka:CHQ_1_00195 (length 166)
prokka_CHQ_1/CHQ_1:Prokka:CHQ_1_00196 (length 950)
prokka_CHQ_1/CHQ_1:Prokka:CHQ_1_00197 (length 312)
prokka_CHQ_1/CHQ_1:Prokka:CHQ_1_00198 (length 69)
prokka_CHQ_1/CHQ_1:Prokka:CHQ_1_00199 (length 298)
prokka_CHQ_1/CHQ_1:Prokka:CHQ_1_00200 (length 407)
prokka_CHQ_1/CHQ_1:Prokka:CHQ_1_00201 (length 377)
prokka_CHQ_1/CHQ_1:Prokka:CHQ_1_00202 (length 638)
prokka_CHQ_1/CHQ_1:Prokka:CHQ_1_00203 (length 134)
prokka_CHQ_1/CHQ_1:Prokka:CHQ_1_00204 (length 249)
prokka_CHQ_1/CHQ_1:Prokka:CHQ_1_00205 (length 188)
prokka_CHQ_1/CHQ_1:Prokka:CHQ_1_00206 (length 433)
prokka_CHQ_1/CHQ_1:Prokka:CHQ_1_00207 (length 195)
prokka_CHQ_1/CHQ_1:Prokka:CHQ_1_00208 (length 317)
prokka_CHQ_1/CHQ_1:Prokka:CHQ_1_00209 (length 476)
prokka_CHQ_1/CHQ_1:Prokka:CHQ_1_00210 (length 257)
prokka_CHQ_1/CHQ_1:Prokka:CHQ_1_00211 (length 426)
prokka_CHQ_1/CHQ_1:Prokka:CHQ_1_00212 (length 309)
prokka_CHQ_1/CHQ_1:Prokka:CHQ_1_00213 (length 820)
prokka_CHQ_1/CHQ_1:Prokka:CHQ_1_00214 (length 245)
prokka_CHQ_1/CHQ_1:Prokka:CHQ_1_00215 (length 238)
prokka_CHQ_1/CHQ_1:Prokka:CHQ_1_00216 (length 452)
prokka_CHQ_1/CHQ_1:Prokka:CHQ_1_00217 (length 474)
prokka_CHQ_1/CHQ_1:Prokka:CHQ_1_00218 (length 229)
prokka_CHQ_1/CHQ_1:Prokka:CHQ_1_00219 (length 157)
prokka_CHQ_1/CHQ_1:Prokka:CHQ_1_00220 (length 289)
prokka_CHQ_1/CHQ_1:Prokka:CHQ_1_00221 (length 215)
prokka_CHQ_1/CHQ_1:Prokka:CHQ_1_00222 (length 171)
prokka_CHQ_1/CHQ_1:Prokka:CHQ_1_00223 (length 127)
prokka_CHQ_1/CHQ_1:Prokka:CHQ_1_00224 (length 653)
prokka_CHQ_1/CHQ_1:Prokka:CHQ_1_00225 (length 555)
prokka_CHQ_1/CHQ_1:Prokka:CHQ_1_00226 (length 410)
prokka_CHQ_1/CHQ_1:Prokka:CHQ_1_00227 (length 460)
prokka_CHQ_1/CHQ_1:Prokka:CHQ_1_00228 (length 323)
prokka_CHQ_1/CHQ_1:Prokka:CHQ_1_00229 (length 215)
prokka_CHQ_1/CHQ_1:Prokka:CHQ_1_00230 (length 338)
prokka_CHQ_1/CHQ_1:Prokka:CHQ_1_00231 (length 239)
prokka_CHQ_1/CHQ_1:Prokka:CHQ_1_00232 (length 407)
prokka_CHQ_1/CHQ_1:Prokka:CHQ_1_00233 (length 444)
prokka_CHQ_1/CHQ_1:Prokka:CHQ_1_00234 (length 259)
prokka_CHQ_1/CHQ_1:Prokka:CHQ_1_00235 (length 425)
prokka_CHQ_1/CHQ_1:Prokka:CHQ_1_00236 (length 264)
prokka_CHQ_1/CHQ_1:Prokka:CHQ_1_00237 (length 357)
prokka_CHQ_1/CHQ_1:Prokka:CHQ_1_00238 (length 53)
prokka_CHQ_1/CHQ_1:Prokka:CHQ_1_00239 (length 206)
prokka_CHQ_1/CHQ_1:Prokka:CHQ_1_00240 (length 529)
prokka_CHQ_1/CHQ_1:Prokka:CHQ_1_00241 (length 225)
prokka_CHQ_1/CHQ_1:Prokka:CHQ_1_00242 (length 148)
prokka_CHQ_1/CHQ_1:Prokka:CHQ_1_00243 (length 137)
prokka_CHQ_1/CHQ_1:Prokka:CHQ_1_00244 (length 342)
prokka_CHQ_1/CHQ_1:Prokka:CHQ_1_00248 (length 79)
prokka_CHQ_1/CHQ_1:Prokka:CHQ_1_00249 (length 348)
prokka_CHQ_1/CHQ_1:Prokka:CHQ_1_00250 (length 262)
prokka_CHQ_1/CHQ_1:Prokka:CHQ_1_00251 (length 447)
prokka_CHQ_1/CHQ_1:Prokka:CHQ_1_00252 (length 152)
prokka_CHQ_1/CHQ_1:Prokka:CHQ_1_00253 (length 224)
prokka_CHQ_1/CHQ_1:Prokka:CHQ_1_00254 (length 240)
prokka_CHQ_1/CHQ_1:Prokka:CHQ_1_00255 (length 293)
prokka_CHQ_1/CHQ_1:Prokka:CHQ_1_00256 (length 394)
prokka_CHQ_1/CHQ_1:Prokka:CHQ_1_00257 (length 258)
prokka_CHQ_1/CHQ_1:Prokka:CHQ_1_00258 (length 157)
prokka_CHQ_1/CHQ_1:Prokka:CHQ_1_00259 (length 179)
prokka_CHQ_1/CHQ_1:Prokka:CHQ_1_00260 (length 247)
prokka_CHQ_1/CHQ_1:Prokka:CHQ_1_00261 (length 164)
prokka_CHQ_1/CHQ_1:Prokka:CHQ_1_00262 (length 763)
prokka_CHQ_1/CHQ_1:Prokka:CHQ_1_00263 (length 312)
prokka_CHQ_1/CHQ_1:Prokka:CHQ_1_00264 (length 336)
prokka_CHQ_1/CHQ_1:Prokka:CHQ_1_00265 (length 353)
prokka_CHQ_1/CHQ_1:Prokka:CHQ_1_00266 (length 283)
prokka_CHQ_1/CHQ_1:Prokka:CHQ_1_00267 (length 259)
prokka_CHQ_1/CHQ_1:Prokka:CHQ_1_00268 (length 156)
prokka_CHQ_1/CHQ_1:Prokka:CHQ_1_00269 (length 140)
prokka_CHQ_1/CHQ_1:Prokka:CHQ_1_00270 (length 921)
prokka_CHQ_1/CHQ_1:Prokka:CHQ_1_00271 (length 276)
prokka_CHQ_1/CHQ_1:Prokka:CHQ_1_00272 (length 177)
prokka_CHQ_1/CHQ_1:Prokka:CHQ_1_00273 (length 287)
prokka_CHQ_1/CHQ_1:Prokka:CHQ_1_00274 (length 199)
prokka_CHQ_1/CHQ_1:Prokka:CHQ_1_00275 (length 290)
prokka_CHQ_1/CHQ_1:Prokka:CHQ_1_00276 (length 494)
prokka_CHQ_1/CHQ_1:Prokka:CHQ_1_00277 (length 130)
prokka_CHQ_1/CHQ_1:Prokka:CHQ_1_00278 (length 479)
prokka_CHQ_1/CHQ_1:Prokka:CHQ_1_00279 (length 406)
prokka_CHQ_1/CHQ_1:Prokka:CHQ_1_00280 (length 338)
prokka_CHQ_1/CHQ_1:Prokka:CHQ_1_00281 (length 533)
prokka_CHQ_1/CHQ_1:Prokka:CHQ_1_00282 (length 534)
prokka_CHQ_1/CHQ_1:Prokka:CHQ_1_00283 (length 306)
prokka_CHQ_1/CHQ_1:Prokka:CHQ_1_00284 (length 274)
prokka_CHQ_1/CHQ_1:Prokka:CHQ_1_00285 (length 315)
prokka_CHQ_1/CHQ_1:Prokka:CHQ_1_00286 (length 369)
prokka_CHQ_1/CHQ_1:Prokka:CHQ_1_00287 (length 87)
prokka_CHQ_1/CHQ_1:Prokka:CHQ_1_00288 (length 420)
prokka_CHQ_1/CHQ_1:Prokka:CHQ_1_00289 (length 146)
prokka_CHQ_1/CHQ_1:Prokka:CHQ_1_00290 (length 210)
prokka_CHQ_1/CHQ_1:Prokka:CHQ_1_00291 (length 254)
prokka_CHQ_1/CHQ_1:Prokka:CHQ_1_00292 (length 488)
prokka_CHQ_1/CHQ_1:Prokka:CHQ_1_00293 (length 285)
prokka_CHQ_1/CHQ_1:Prokka:CHQ_1_00294 (length 126)
prokka_CHQ_1/CHQ_1:Prokka:CHQ_1_00295 (length 267)
prokka_CHQ_1/CHQ_1:Prokka:CHQ_1_00296 (length 265)
prokka_CHQ_1/CHQ_1:Prokka:CHQ_1_00297 (length 452)
prokka_CHQ_1/CHQ_1:Prokka:CHQ_1_00298 (length 296)
prokka_CHQ_1/CHQ_1:Prokka:CHQ_1_00299 (length 520)
prokka_CHQ_1/CHQ_1:Prokka:CHQ_1_00300 (length 170)
prokka_CHQ_1/CHQ_1:Prokka:CHQ_1_00301 (length 716)
prokka_CHQ_1/CHQ_1:Prokka:CHQ_1_00302 (length 67)
prokka_CHQ_1/CHQ_1:Prokka:CHQ_1_00303 (length 318)
prokka_CHQ_1/CHQ_1:Prokka:CHQ_1_00304 (length 181)
prokka_CHQ_1/CHQ_1:Prokka:CHQ_1_00305 (length 106)
prokka_CHQ_1/CHQ_1:Prokka:CHQ_1_00306 (length 456)
prokka_CHQ_1/CHQ_1:Prokka:CHQ_1_00307 (length 304)
prokka_CHQ_1/CHQ_1:Prokka:CHQ_1_00308 (length 271)
prokka_CHQ_1/CHQ_1:Prokka:CHQ_1_00309 (length 220)
prokka_CHQ_1/CHQ_1:Prokka:CHQ_1_00310 (length 430)
prokka_CHQ_1/CHQ_1:Prokka:CHQ_1_00311 (length 411)
prokka_CHQ_1/CHQ_1:Prokka:CHQ_1_00312 (length 79)
prokka_CHQ_1/CHQ_1:Prokka:CHQ_1_00313 (length 383)
prokka_CHQ_1/CHQ_1:Prokka:CHQ_1_00314 (length 255)
prokka_CHQ_1/CHQ_1:Prokka:CHQ_1_00315 (length 84)
prokka_CHQ_1/CHQ_1:Prokka:CHQ_1_00316 (length 354)
prokka_CHQ_1/CHQ_1:Prokka:CHQ_1_00317 (length 355)
prokka_CHQ_1/CHQ_1:Prokka:CHQ_1_00318 (length 154)
prokka_CHQ_1/CHQ_1:Prokka:CHQ_1_00319 (length 54)
prokka_CHQ_1/CHQ_1:Prokka:CHQ_1_00320 (length 470)
prokka_CHQ_1/CHQ_1:Prokka:CHQ_1_00321 (length 616)
prokka_CHQ_1/CHQ_1:Prokka:CHQ_1_00322 (length 139)
prokka_CHQ_1/CHQ_1:Prokka:CHQ_1_00323 (length 302)
prokka_CHQ_1/CHQ_1:Prokka:CHQ_1_00324 (length 260)
prokka_CHQ_1/CHQ_1:Prokka:CHQ_1_00325 (length 194)
prokka_CHQ_1/CHQ_1:Prokka:CHQ_1_00326 (length 268)
prokka_CHQ_1/CHQ_1:Prokka:CHQ_1_00327 (length 172)
prokka_CHQ_1/CHQ_1:Prokka:CHQ_1_00328 (length 92)
prokka_CHQ_1/CHQ_1:Prokka:CHQ_1_00329 (length 94)
prokka_CHQ_1/CHQ_1:Prokka:CHQ_1_00330 (length 92)
prokka_CHQ_1/CHQ_1:Prokka:CHQ_1_00331 (length 534)
prokka_CHQ_1/CHQ_1:Prokka:CHQ_1_00332 (length 88)
prokka_CHQ_1/CHQ_1:Prokka:CHQ_1_00333 (length 384)
prokka_CHQ_1/CHQ_1:Prokka:CHQ_1_00334 (length 1128)
prokka_CHQ_1/CHQ_1:Prokka:CHQ_1_00335 (length 315)
prokka_CHQ_1/CHQ_1:Prokka:CHQ_1_00336 (length 132)
prokka_CHQ_1/CHQ_1:Prokka:CHQ_1_00337 (length 206)
prokka_CHQ_1/CHQ_1:Prokka:CHQ_1_00338 (length 222)
prokka_CHQ_1/CHQ_1:Prokka:CHQ_1_00339 (length 134)
prokka_CHQ_1/CHQ_1:Prokka:CHQ_1_00340 (length 109)
prokka_CHQ_1/CHQ_1:Prokka:CHQ_1_00341 (length 335)
prokka_CHQ_1/CHQ_1:Prokka:CHQ_1_00342 (length 355)
prokka_CHQ_1/CHQ_1:Prokka:CHQ_1_00343 (length 914)
prokka_CHQ_1/CHQ_1:Prokka:CHQ_1_00344 (length 374)
prokka_CHQ_1/CHQ_1:Prokka:CHQ_1_00345 (length 105)
prokka_CHQ_1/CHQ_1:Prokka:CHQ_1_2 (length 24665)
prokka_CHQ_1/CHQ_1:Prokka:CHQ_1_00347 (length 99)
prokka_CHQ_1/CHQ_1:Prokka:CHQ_1_00348 (length 261)
prokka_CHQ_1/CHQ_1:Prokka:CHQ_1_00349 (length 44)
prokka_CHQ_1/CHQ_1:Prokka:CHQ_1_00350 (length 114)
prokka_CHQ_1/CHQ_1:Prokka:CHQ_1_00351 (length 160)
prokka_CHQ_1/CHQ_1:Prokka:CHQ_1_00352 (length 74)
prokka_CHQ_1/CHQ_1:Prokka:CHQ_1_00353 (length 92)
prokka_CHQ_1/CHQ_1:Prokka:CHQ_1_00354 (length 380)
prokka_CHQ_1/CHQ_1:Prokka:CHQ_1_00355 (length 416)
prokka_CHQ_1/CHQ_1:Prokka:CHQ_1_00356 (length 216)
prokka_CHQ_1/CHQ_1:Prokka:CHQ_1_00357 (length 152)
prokka_CHQ_1/CHQ_1:Prokka:CHQ_1_00358 (length 388)
prokka_CHQ_1/CHQ_1:Prokka:CHQ_1_00359 (length 213)
prokka_CHQ_1/CHQ_1:Prokka:CHQ_1_00360 (length 456)
prokka_CHQ_1/CHQ_1:Prokka:CHQ_1_00361 (length 120)
prokka_CHQ_1/CHQ_1:Prokka:CHQ_1_00362 (length 268)
prokka_CHQ_1/CHQ_1:Prokka:CHQ_1_00363 (length 223)
prokka_CHQ_1/CHQ_1:Prokka:CHQ_1_00364 (length 488)
prokka_CHQ_1/CHQ_1:Prokka:CHQ_1_00365 (length 373)
prokka_CHQ_1/CHQ_1:Prokka:CHQ_1_00366 (length 410)
prokka_CHQ_1/CHQ_1:Prokka:CHQ_1_00367 (length 378)
prokka_CHQ_1/CHQ_1:Prokka:CHQ_1_00368 (length 285)
prokka_CHQ_1/CHQ_1:Prokka:CHQ_1_00369 (length 261)
prokka_CHQ_1/CHQ_1:Prokka:CHQ_1_00370 (length 348)
prokka_CHQ_1/CHQ_1:Prokka:CHQ_1_00371 (length 574)
prokka_CHQ_1/CHQ_1:Prokka:CHQ_1_00372 (length 542)
prokka_CHQ_1/CHQ_1:Prokka:CHQ_1_00373 (length 128)
prokka_CHQ_1/CHQ_1:Prokka:CHQ_1_3 (length 2356)
prokka_CHQ_1/CHQ_1:Prokka:CHQ_1_00374 (length 91)
prokka_CHQ_1/CHQ_1:Prokka:CHQ_1_00375 (length 135)
prokka_CHQ_1/CHQ_1:Prokka:CHQ_1_4 (length 10924)
prokka_CHQ_1/CHQ_1:Prokka:CHQ_1_00376 (length 65)
prokka_CHQ_1/CHQ_1:Prokka:CHQ_1_00377 (length 331)
prokka_CHQ_1/CHQ_1:Prokka:CHQ_1_00378 (length 275)
prokka_CHQ_1/CHQ_1:Prokka:CHQ_1_00379 (length 492)
prokka_CHQ_1/CHQ_1:Prokka:CHQ_1_00380 (length 85)
prokka_CHQ_1/CHQ_1:Prokka:CHQ_1_00381 (length 994)
prokka_CHQ_1/CHQ_1:Prokka:CHQ_1_00382 (length 91)
prokka_CHQ_1/CHQ_1:Prokka:CHQ_1_00383 (length 141)
prokka_CHQ_1/CHQ_1:Prokka:CHQ_1_00384 (length 142)
prokka_CHQ_1/CHQ_1:Prokka:CHQ_1_00385 (length 203)
prokka_CHQ_1/CHQ_1:Prokka:CHQ_1_5 (length 1199)
prokka_CHQ_1/CHQ_1:Prokka:CHQ_1_00386 (length 89)
prokka_CHQ_1/CHQ_1:Prokka:CHQ_1_00387 (length 122)
prokka_CHQ_1/CHQ_1:Prokka:CHQ_1_6 (length 1122)
prokka_CHQ_1/CHQ_1:Prokka:CHQ_1_7 (length 318386)
prokka_CHQ_1/CHQ_1:Prokka:CHQ_1_00388 (length 315)
prokka_CHQ_1/CHQ_1:Prokka:CHQ_1_00389 (length 231)
prokka_CHQ_1/CHQ_1:Prokka:CHQ_1_00390 (length 238)
prokka_CHQ_1/CHQ_1:Prokka:CHQ_1_00391 (length 444)
prokka_CHQ_1/CHQ_1:Prokka:CHQ_1_00392 (length 422)
prokka_CHQ_1/CHQ_1:Prokka:CHQ_1_00393 (length 351)
prokka_CHQ_1/CHQ_1:Prokka:CHQ_1_00394 (length 337)
prokka_CHQ_1/CHQ_1:Prokka:CHQ_1_00395 (length 744)
prokka_CHQ_1/CHQ_1:Prokka:CHQ_1_00396 (length 175)
prokka_CHQ_1/CHQ_1:Prokka:CHQ_1_00397 (length 337)
prokka_CHQ_1/CHQ_1:Prokka:CHQ_1_00398 (length 482)
prokka_CHQ_1/CHQ_1:Prokka:CHQ_1_00399 (length 474)
prokka_CHQ_1/CHQ_1:Prokka:CHQ_1_00400 (length 97)
prokka_CHQ_1/CHQ_1:Prokka:CHQ_1_00401 (length 156)
prokka_CHQ_1/CHQ_1:Prokka:CHQ_1_00402 (length 136)
prokka_CHQ_1/CHQ_1:Prokka:CHQ_1_00403 (length 255)
prokka_CHQ_1/CHQ_1:Prokka:CHQ_1_00404 (length 180)
prokka_CHQ_1/CHQ_1:Prokka:CHQ_1_00405 (length 569)
prokka_CHQ_1/CHQ_1:Prokka:CHQ_1_00406 (length 307)
prokka_CHQ_1/CHQ_1:Prokka:CHQ_1_00407 (length 608)
prokka_CHQ_1/CHQ_1:Prokka:CHQ_1_00408 (length 202)
prokka_CHQ_1/CHQ_1:Prokka:CHQ_1_00409 (length 149)
prokka_CHQ_1/CHQ_1:Prokka:CHQ_1_00410 (length 114)
prokka_CHQ_1/CHQ_1:Prokka:CHQ_1_00411 (length 290)
prokka_CHQ_1/CHQ_1:Prokka:CHQ_1_00412 (length 90)
prokka_CHQ_1/CHQ_1:Prokka:CHQ_1_00413 (length 373)
prokka_CHQ_1/CHQ_1:Prokka:CHQ_1_00414 (length 336)
prokka_CHQ_1/CHQ_1:Prokka:CHQ_1_00415 (length 690)
prokka_CHQ_1/CHQ_1:Prokka:CHQ_1_00416 (length 466)
prokka_CHQ_1/CHQ_1:Prokka:CHQ_1_00417 (length 311)
prokka_CHQ_1/CHQ_1:Prokka:CHQ_1_00418 (length 423)
prokka_CHQ_1/CHQ_1:Prokka:CHQ_1_00419 (length 445)
prokka_CHQ_1/CHQ_1:Prokka:CHQ_1_00420 (length 457)
prokka_CHQ_1/CHQ_1:Prokka:CHQ_1_00421 (length 104)
prokka_CHQ_1/CHQ_1:Prokka:CHQ_1_00422 (length 440)
prokka_CHQ_1/CHQ_1:Prokka:CHQ_1_00423 (length 104)
prokka_CHQ_1/CHQ_1:Prokka:CHQ_1_00424 (length 304)
prokka_CHQ_1/CHQ_1:Prokka:CHQ_1_00425 (length 300)
prokka_CHQ_1/CHQ_1:Prokka:CHQ_1_00426 (length 305)
prokka_CHQ_1/CHQ_1:Prokka:CHQ_1_00427 (length 273)
prokka_CHQ_1/CHQ_1:Prokka:CHQ_1_00428 (length 282)
prokka_CHQ_1/CHQ_1:Prokka:CHQ_1_00429 (length 284)
prokka_CHQ_1/CHQ_1:Prokka:CHQ_1_00430 (length 113)
prokka_CHQ_1/CHQ_1:Prokka:CHQ_1_00431 (length 97)
prokka_CHQ_1/CHQ_1:Prokka:CHQ_1_00432 (length 787)
prokka_CHQ_1/CHQ_1:Prokka:CHQ_1_00433 (length 343)
prokka_CHQ_1/CHQ_1:Prokka:CHQ_1_00434 (length 272)
prokka_CHQ_1/CHQ_1:Prokka:CHQ_1_00435 (length 331)
prokka_CHQ_1/CHQ_1:Prokka:CHQ_1_00436 (length 259)
prokka_CHQ_1/CHQ_1:Prokka:CHQ_1_00437 (length 853)
prokka_CHQ_1/CHQ_1:Prokka:CHQ_1_00438 (length 50)
prokka_CHQ_1/CHQ_1:Prokka:CHQ_1_00439 (length 78)
prokka_CHQ_1/CHQ_1:Prokka:CHQ_1_00440 (length 475)
prokka_CHQ_1/CHQ_1:Prokka:CHQ_1_00441 (length 197)
prokka_CHQ_1/CHQ_1:Prokka:CHQ_1_00442 (length 135)
prokka_CHQ_1/CHQ_1:Prokka:CHQ_1_00443 (length 295)
prokka_CHQ_1/CHQ_1:Prokka:CHQ_1_00444 (length 400)
prokka_CHQ_1/CHQ_1:Prokka:CHQ_1_00445 (length 125)
prokka_CHQ_1/CHQ_1:Prokka:CHQ_1_00446 (length 330)
prokka_CHQ_1/CHQ_1:Prokka:CHQ_1_00447 (length 376)
prokka_CHQ_1/CHQ_1:Prokka:CHQ_1_00448 (length 208)
prokka_CHQ_1/CHQ_1:Prokka:CHQ_1_00449 (length 253)
prokka_CHQ_1/CHQ_1:Prokka:CHQ_1_00450 (length 349)
prokka_CHQ_1/CHQ_1:Prokka:CHQ_1_00451 (length 159)
prokka_CHQ_1/CHQ_1:Prokka:CHQ_1_00452 (length 236)
prokka_CHQ_1/CHQ_1:Prokka:CHQ_1_00453 (length 105)
prokka_CHQ_1/CHQ_1:Prokka:CHQ_1_00454 (length 108)
prokka_CHQ_1/CHQ_1:Prokka:CHQ_1_00455 (length 201)
prokka_CHQ_1/CHQ_1:Prokka:CHQ_1_00456 (length 475)
prokka_CHQ_1/CHQ_1:Prokka:CHQ_1_00457 (length 302)
prokka_CHQ_1/CHQ_1:Prokka:CHQ_1_00458 (length 471)
prokka_CHQ_1/CHQ_1:Prokka:CHQ_1_00459 (length 348)
prokka_CHQ_1/CHQ_1:Prokka:CHQ_1_00460 (length 244)
prokka_CHQ_1/CHQ_1:Prokka:CHQ_1_00461 (length 570)
prokka_CHQ_1/CHQ_1:Prokka:CHQ_1_00462 (length 599)
prokka_CHQ_1/CHQ_1:Prokka:CHQ_1_00463 (length 121)
prokka_CHQ_1/CHQ_1:Prokka:CHQ_1_00464 (length 223)
prokka_CHQ_1/CHQ_1:Prokka:CHQ_1_00465 (length 369)
prokka_CHQ_1/CHQ_1:Prokka:CHQ_1_00466 (length 432)
prokka_CHQ_1/CHQ_1:Prokka:CHQ_1_00467 (length 545)
prokka_CHQ_1/CHQ_1:Prokka:CHQ_1_00468 (length 263)
prokka_CHQ_1/CHQ_1:Prokka:CHQ_1_00469 (length 745)
prokka_CHQ_1/CHQ_1:Prokka:CHQ_1_00470 (length 434)
prokka_CHQ_1/CHQ_1:Prokka:CHQ_1_00471 (length 916)
prokka_CHQ_1/CHQ_1:Prokka:CHQ_1_00472 (length 379)
prokka_CHQ_1/CHQ_1:Prokka:CHQ_1_00473 (length 446)
prokka_CHQ_1/CHQ_1:Prokka:CHQ_1_00474 (length 446)
prokka_CHQ_1/CHQ_1:Prokka:CHQ_1_00475 (length 450)
prokka_CHQ_1/CHQ_1:Prokka:CHQ_1_00476 (length 147)
prokka_CHQ_1/CHQ_1:Prokka:CHQ_1_00477 (length 264)
prokka_CHQ_1/CHQ_1:Prokka:CHQ_1_00478 (length 109)
prokka_CHQ_1/CHQ_1:Prokka:CHQ_1_00479 (length 181)
prokka_CHQ_1/CHQ_1:Prokka:CHQ_1_00480 (length 281)
prokka_CHQ_1/CHQ_1:Prokka:CHQ_1_00481 (length 455)
prokka_CHQ_1/CHQ_1:Prokka:CHQ_1_00482 (length 429)
prokka_CHQ_1/CHQ_1:Prokka:CHQ_1_00483 (length 455)
prokka_CHQ_1/CHQ_1:Prokka:CHQ_1_00484 (length 313)
prokka_CHQ_1/CHQ_1:Prokka:CHQ_1_00485 (length 407)
prokka_CHQ_1/CHQ_1:Prokka:CHQ_1_00486 (length 473)
prokka_CHQ_1/CHQ_1:Prokka:CHQ_1_00487 (length 292)
prokka_CHQ_1/CHQ_1:Prokka:CHQ_1_00488 (length 232)
prokka_CHQ_1/CHQ_1:Prokka:CHQ_1_00489 (length 340)
prokka_CHQ_1/CHQ_1:Prokka:CHQ_1_00490 (length 468)
prokka_CHQ_1/CHQ_1:Prokka:CHQ_1_00491 (length 465)
prokka_CHQ_1/CHQ_1:Prokka:CHQ_1_00492 (length 390)
prokka_CHQ_1/CHQ_1:Prokka:CHQ_1_00493 (length 647)
prokka_CHQ_1/CHQ_1:Prokka:CHQ_1_00494 (length 251)
prokka_CHQ_1/CHQ_1:Prokka:CHQ_1_00495 (length 382)
prokka_CHQ_1/CHQ_1:Prokka:CHQ_1_00496 (length 215)
prokka_CHQ_1/CHQ_1:Prokka:CHQ_1_00497 (length 436)
prokka_CHQ_1/CHQ_1:Prokka:CHQ_1_00498 (length 591)
prokka_CHQ_1/CHQ_1:Prokka:CHQ_1_00499 (length 472)
prokka_CHQ_1/CHQ_1:Prokka:CHQ_1_00500 (length 140)
prokka_CHQ_1/CHQ_1:Prokka:CHQ_1_00501 (length 236)
prokka_CHQ_1/CHQ_1:Prokka:CHQ_1_00502 (length 366)
prokka_CHQ_1/CHQ_1:Prokka:CHQ_1_00503 (length 131)
prokka_CHQ_1/CHQ_1:Prokka:CHQ_1_00504 (length 274)
prokka_CHQ_1/CHQ_1:Prokka:CHQ_1_00505 (length 76)
prokka_CHQ_1/CHQ_1:Prokka:CHQ_1_00506 (length 401)
prokka_CHQ_1/CHQ_1:Prokka:CHQ_1_00507 (length 143)
prokka_CHQ_1/CHQ_1:Prokka:CHQ_1_00508 (length 273)
prokka_CHQ_1/CHQ_1:Prokka:CHQ_1_00509 (length 365)
prokka_CHQ_1/CHQ_1:Prokka:CHQ_1_00513 (length 351)
prokka_CHQ_1/CHQ_1:Prokka:CHQ_1_00514 (length 181)
prokka_CHQ_1/CHQ_1:Prokka:CHQ_1_00515 (length 507)
prokka_CHQ_1/CHQ_1:Prokka:CHQ_1_00516 (length 274)
prokka_CHQ_1/CHQ_1:Prokka:CHQ_1_00517 (length 225)
prokka_CHQ_1/CHQ_1:Prokka:CHQ_1_00518 (length 93)
prokka_CHQ_1/CHQ_1:Prokka:CHQ_1_00519 (length 245)
prokka_CHQ_1/CHQ_1:Prokka:CHQ_1_00520 (length 236)
prokka_CHQ_1/CHQ_1:Prokka:CHQ_1_00521 (length 264)
prokka_CHQ_1/CHQ_1:Prokka:CHQ_1_00522 (length 261)
prokka_CHQ_1/CHQ_1:Prokka:CHQ_1_00523 (length 241)
prokka_CHQ_1/CHQ_1:Prokka:CHQ_1_00524 (length 351)
prokka_CHQ_1/CHQ_1:Prokka:CHQ_1_00525 (length 257)
prokka_CHQ_1/CHQ_1:Prokka:CHQ_1_00526 (length 189)
prokka_CHQ_1/CHQ_1:Prokka:CHQ_1_00527 (length 201)
prokka_CHQ_1/CHQ_1:Prokka:CHQ_1_00528 (length 379)
prokka_CHQ_1/CHQ_1:Prokka:CHQ_1_00529 (length 211)
prokka_CHQ_1/CHQ_1:Prokka:CHQ_1_00530 (length 319)
prokka_CHQ_1/CHQ_1:Prokka:CHQ_1_00531 (length 458)
prokka_CHQ_1/CHQ_1:Prokka:CHQ_1_00532 (length 303)
prokka_CHQ_1/CHQ_1:Prokka:CHQ_1_00533 (length 266)
prokka_CHQ_1/CHQ_1:Prokka:CHQ_1_00534 (length 94)
prokka_CHQ_1/CHQ_1:Prokka:CHQ_1_00535 (length 270)
prokka_CHQ_1/CHQ_1:Prokka:CHQ_1_00536 (length 554)
prokka_CHQ_1/CHQ_1:Prokka:CHQ_1_00537 (length 224)
prokka_CHQ_1/CHQ_1:Prokka:CHQ_1_00538 (length 173)
prokka_CHQ_1/CHQ_1:Prokka:CHQ_1_00539 (length 610)
prokka_CHQ_1/CHQ_1:Prokka:CHQ_1_00540 (length 116)
prokka_CHQ_1/CHQ_1:Prokka:CHQ_1_00541 (length 91)
prokka_CHQ_1/CHQ_1:Prokka:CHQ_1_00542 (length 153)
prokka_CHQ_1/CHQ_1:Prokka:CHQ_1_00543 (length 210)
prokka_CHQ_1/CHQ_1:Prokka:CHQ_1_00544 (length 163)
prokka_CHQ_1/CHQ_1:Prokka:CHQ_1_00545 (length 91)
prokka_CHQ_1/CHQ_1:Prokka:CHQ_1_00546 (length 336)
prokka_CHQ_1/CHQ_1:Prokka:CHQ_1_00547 (length 464)
prokka_CHQ_1/CHQ_1:Prokka:CHQ_1_00548 (length 370)
prokka_CHQ_1/CHQ_1:Prokka:CHQ_1_00549 (length 451)
prokka_CHQ_1/CHQ_1:Prokka:CHQ_1_00550 (length 184)
prokka_CHQ_1/CHQ_1:Prokka:CHQ_1_00551 (length 116)
prokka_CHQ_1/CHQ_1:Prokka:CHQ_1_00552 (length 146)
prokka_CHQ_1/CHQ_1:Prokka:CHQ_1_00553 (length 405)
prokka_CHQ_1/CHQ_1:Prokka:CHQ_1_00554 (length 300)
prokka_CHQ_1/CHQ_1:Prokka:CHQ_1_00555 (length 358)
prokka_CHQ_1/CHQ_1:Prokka:CHQ_1_00556 (length 417)
prokka_CHQ_1/CHQ_1:Prokka:CHQ_1_00557 (length 443)
prokka_CHQ_1/CHQ_1:Prokka:CHQ_1_00558 (length 106)
prokka_CHQ_1/CHQ_1:Prokka:CHQ_1_00559 (length 614)
prokka_CHQ_1/CHQ_1:Prokka:CHQ_1_00560 (length 1178)
prokka_CHQ_1/CHQ_1:Prokka:CHQ_1_00561 (length 961)
prokka_CHQ_1/CHQ_1:Prokka:CHQ_1_00562 (length 1125)
prokka_CHQ_1/CHQ_1:Prokka:CHQ_1_00563 (length 107)
prokka_CHQ_1/CHQ_1:Prokka:CHQ_1_00564 (length 135)
prokka_CHQ_1/CHQ_1:Prokka:CHQ_1_00565 (length 185)
prokka_CHQ_1/CHQ_1:Prokka:CHQ_1_00566 (length 183)
prokka_CHQ_1/CHQ_1:Prokka:CHQ_1_00567 (length 264)
prokka_CHQ_1/CHQ_1:Prokka:CHQ_1_00568 (length 291)
prokka_CHQ_1/CHQ_1:Prokka:CHQ_1_00569 (length 748)
prokka_CHQ_1/CHQ_1:Prokka:CHQ_1_00570 (length 176)
prokka_CHQ_1/CHQ_1:Prokka:CHQ_1_00571 (length 231)
prokka_CHQ_1/CHQ_1:Prokka:CHQ_1_00572 (length 237)
prokka_CHQ_1/CHQ_1:Prokka:CHQ_1_00573 (length 72)
prokka_CHQ_1/CHQ_1:Prokka:CHQ_1_00574 (length 346)
prokka_CHQ_1/CHQ_1:Prokka:CHQ_1_00575 (length 397)
prokka_CHQ_1/CHQ_1:Prokka:CHQ_1_00576 (length 719)
prokka_CHQ_1/CHQ_1:Prokka:CHQ_1_00577 (length 338)
prokka_CHQ_1/CHQ_1:Prokka:CHQ_1_00578 (length 159)
prokka_CHQ_1/CHQ_1:Prokka:CHQ_1_00579 (length 257)
prokka_CHQ_1/CHQ_1:Prokka:CHQ_1_00580 (length 475)
prokka_CHQ_1/CHQ_1:Prokka:CHQ_1_00581 (length 445)
prokka_CHQ_1/CHQ_1:Prokka:CHQ_1_00582 (length 336)
prokka_CHQ_1/CHQ_1:Prokka:CHQ_1_00583 (length 420)
prokka_CHQ_1/CHQ_1:Prokka:CHQ_1_00584 (length 308)
prokka_CHQ_1/CHQ_1:Prokka:CHQ_1_00585 (length 237)
prokka_CHQ_1/CHQ_1:Prokka:CHQ_1_00586 (length 108)
prokka_CHQ_1/CHQ_1:Prokka:CHQ_1_00587 (length 296)
prokka_CHQ_1/CHQ_1:Prokka:CHQ_1_00588 (length 300)
prokka_CHQ_1/CHQ_1:Prokka:CHQ_1_00589 (length 375)
prokka_CHQ_1/CHQ_1:Prokka:CHQ_1_00590 (length 428)
prokka_CHQ_1/CHQ_1:Prokka:CHQ_1_00591 (length 447)
prokka_CHQ_1/CHQ_1:Prokka:CHQ_1_00592 (length 477)
prokka_CHQ_1/CHQ_1:Prokka:CHQ_1_00593 (length 413)
prokka_CHQ_1/CHQ_1:Prokka:CHQ_1_00594 (length 331)
prokka_CHQ_1/CHQ_1:Prokka:CHQ_1_00595 (length 473)
prokka_CHQ_1/CHQ_1:Prokka:CHQ_1_00596 (length 253)
prokka_CHQ_1/CHQ_1:Prokka:CHQ_1_00597 (length 391)
prokka_CHQ_1/CHQ_1:Prokka:CHQ_1_00598 (length 231)
prokka_CHQ_1/CHQ_1:Prokka:CHQ_1_00599 (length 392)
prokka_CHQ_1/CHQ_1:Prokka:CHQ_1_00600 (length 289)
prokka_CHQ_1/CHQ_1:Prokka:CHQ_1_00601 (length 153)
prokka_CHQ_1/CHQ_1:Prokka:CHQ_1_00602 (length 409)
prokka_CHQ_1/CHQ_1:Prokka:CHQ_1_00603 (length 292)
prokka_CHQ_1/CHQ_1:Prokka:CHQ_1_00604 (length 234)
prokka_CHQ_1/CHQ_1:Prokka:CHQ_1_00605 (length 190)
prokka_CHQ_1/CHQ_1:Prokka:CHQ_1_00606 (length 238)
prokka_CHQ_1/CHQ_1:Prokka:CHQ_1_00607 (length 211)
prokka_CHQ_1/CHQ_1:Prokka:CHQ_1_00608 (length 331)
prokka_CHQ_1/CHQ_1:Prokka:CHQ_1_00609 (length 828)
prokka_CHQ_1/CHQ_1:Prokka:CHQ_1_00610 (length 233)
prokka_CHQ_1/CHQ_1:Prokka:CHQ_1_00611 (length 202)
prokka_CHQ_1/CHQ_1:Prokka:CHQ_1_00612 (length 69)
prokka_CHQ_1/CHQ_1:Prokka:CHQ_1_00613 (length 298)
prokka_CHQ_1/CHQ_1:Prokka:CHQ_1_00614 (length 168)
prokka_CHQ_1/CHQ_1:Prokka:CHQ_1_00615 (length 318)
prokka_CHQ_1/CHQ_1:Prokka:CHQ_1_00616 (length 329)
prokka_CHQ_1/CHQ_1:Prokka:CHQ_1_00617 (length 826)
prokka_CHQ_1/CHQ_1:Prokka:CHQ_1_00618 (length 227)
prokka_CHQ_1/CHQ_1:Prokka:CHQ_1_00619 (length 180)
prokka_CHQ_1/CHQ_1:Prokka:CHQ_1_00620 (length 81)
prokka_CHQ_1/CHQ_1:Prokka:CHQ_1_00621 (length 201)
prokka_CHQ_1/CHQ_1:Prokka:CHQ_1_00622 (length 202)
prokka_CHQ_1/CHQ_1:Prokka:CHQ_1_00623 (length 182)
prokka_CHQ_1/CHQ_1:Prokka:CHQ_1_00624 (length 178)
prokka_CHQ_1/CHQ_1:Prokka:CHQ_1_00625 (length 234)
prokka_CHQ_1/CHQ_1:Prokka:CHQ_1_00626 (length 870)
prokka_CHQ_1/CHQ_1:Prokka:CHQ_1_00627 (length 175)
prokka_CHQ_1/CHQ_1:Prokka:CHQ_1_00628 (length 166)
prokka_CHQ_1/CHQ_1:Prokka:CHQ_1_00629 (length 302)
prokka_CHQ_1/CHQ_1:Prokka:CHQ_1_00630 (length 218)
prokka_CHQ_1/CHQ_1:Prokka:CHQ_1_00631 (length 90)
prokka_CHQ_1/CHQ_1:Prokka:CHQ_1_00632 (length 76)
prokka_CHQ_1/CHQ_1:Prokka:CHQ_1_00633 (length 90)
prokka_CHQ_1/CHQ_1:Prokka:CHQ_1_00634 (length 341)
prokka_CHQ_1/CHQ_1:Prokka:CHQ_1_00635 (length 645)
prokka_CHQ_1/CHQ_1:Prokka:CHQ_1_00636 (length 482)
prokka_CHQ_1/CHQ_1:Prokka:CHQ_1_00637 (length 99)
prokka_CHQ_1/CHQ_1:Prokka:CHQ_1_00638 (length 517)
prokka_CHQ_1/CHQ_1:Prokka:CHQ_1_00639 (length 140)
prokka_CHQ_1/CHQ_1:Prokka:CHQ_1_00640 (length 430)
prokka_CHQ_1/CHQ_1:Prokka:CHQ_1_00641 (length 109)
prokka_CHQ_1/CHQ_1:Prokka:CHQ_1_00642 (length 97)
prokka_CHQ_1/CHQ_1:Prokka:CHQ_1_00643 (length 190)
prokka_CHQ_1/CHQ_1:Prokka:CHQ_1_00644 (length 87)
prokka_CHQ_1/CHQ_1:Prokka:CHQ_1_00645 (length 299)
prokka_CHQ_1/CHQ_1:Prokka:CHQ_1_00646 (length 102)
prokka_CHQ_1/CHQ_1:Prokka:CHQ_1_00647 (length 187)
prokka_CHQ_1/CHQ_1:Prokka:CHQ_1_00648 (length 339)
prokka_CHQ_1/CHQ_1:Prokka:CHQ_1_00649 (length 267)
prokka_CHQ_1/CHQ_1:Prokka:CHQ_1_00650 (length 305)
prokka_CHQ_1/CHQ_1:Prokka:CHQ_1_00651 (length 462)
prokka_CHQ_1/CHQ_1:Prokka:CHQ_1_00653 (length 237)
prokka_CHQ_1/CHQ_1:Prokka:CHQ_1_00654 (length 184)
prokka_CHQ_1/CHQ_1:Prokka:CHQ_1_00655 (length 505)
prokka_CHQ_1/CHQ_1:Prokka:CHQ_1_00656 (length 293)
prokka_CHQ_1/CHQ_1:Prokka:CHQ_1_00657 (length 577)
prokka_CHQ_1/CHQ_1:Prokka:CHQ_1_00658 (length 237)
prokka_CHQ_1/CHQ_1:Prokka:CHQ_1_00659 (length 298)
prokka_CHQ_1/CHQ_1:Prokka:CHQ_1_00660 (length 173)
prokka_CHQ_1/CHQ_1:Prokka:CHQ_1_00661 (length 136)
prokka_CHQ_1/CHQ_1:Prokka:CHQ_1_00662 (length 88)
prokka_CHQ_1/CHQ_1:Prokka:CHQ_1_00663 (length 327)
prokka_CHQ_1/CHQ_1:Prokka:CHQ_1_00664 (length 219)
prokka_CHQ_1/CHQ_1:Prokka:CHQ_1_00665 (length 103)
prokka_CHQ_1/CHQ_1:Prokka:CHQ_1_00666 (length 242)
prokka_CHQ_1/CHQ_1:Prokka:CHQ_1_00667 (length 477)
prokka_CHQ_1/CHQ_1:Prokka:CHQ_1_00668 (length 119)
prokka_CHQ_1/CHQ_1:Prokka:CHQ_1_00669 (length 669)
prokka_CHQ_1/CHQ_1:Prokka:CHQ_1_00670 (length 203)
prokka_CHQ_1/CHQ_1:Prokka:CHQ_1_00671 (length 167)
prokka_CHQ_1/CHQ_1:Prokka:CHQ_1_00672 (length 247)
prokka_CHQ_1/CHQ_1:Prokka:CHQ_1_00673 (length 957)
prokka_CHQ_1/CHQ_1:Prokka:CHQ_1_00674 (length 129)
prokka_CHQ_1/CHQ_1:Prokka:CHQ_1_00675 (length 364)
prokka_CHQ_1/CHQ_1:Prokka:CHQ_1_00676 (length 400)
prokka_CHQ_1/CHQ_1:Prokka:CHQ_1_00677 (length 392)
prokka_CHQ_1/CHQ_1:Prokka:CHQ_1_00678 (length 438)
prokka_CHQ_1/CHQ_1:Prokka:CHQ_1_00679 (length 194)
prokka_CHQ_1/CHQ_1:Prokka:CHQ_1_00680 (length 109)
prokka_CHQ_1/CHQ_1:Prokka:CHQ_1_00681 (length 198)
prokka_CHQ_1/CHQ_1:Prokka:CHQ_1_00682 (length 410)
prokka_CHQ_1/CHQ_1:Prokka:CHQ_1_00683 (length 219)
prokka_CHQ_1/CHQ_1:Prokka:CHQ_1_00684 (length 297)
prokka_CHQ_1/CHQ_1:Prokka:CHQ_1_00685 (length 255)
prokka_CHQ_1/CHQ_1:Prokka:CHQ_1_00686 (length 211)
prokka_CHQ_1/CHQ_1:Prokka:CHQ_1_00687 (length 285)
prokka_CHQ_1/CHQ_1:Prokka:CHQ_1_00688 (length 359)
prokka_CHQ_1/CHQ_1:Prokka:CHQ_1_00689 (length 387)
prokka_CHQ_1/CHQ_1:Prokka:CHQ_1_00690 (length 342)
prokka_CHQ_1/CHQ_1:Prokka:CHQ_1_00691 (length 648)
prokka_CHQ_1/CHQ_1:Prokka:CHQ_1_8 (length 461267)
prokka_CHQ_1/CHQ_1:Prokka:CHQ_1_00692 (length 261)
prokka_CHQ_1/CHQ_1:Prokka:CHQ_1_00693 (length 431)
prokka_CHQ_1/CHQ_1:Prokka:CHQ_1_00694 (length 708)
prokka_CHQ_1/CHQ_1:Prokka:CHQ_1_00695 (length 840)
prokka_CHQ_1/CHQ_1:Prokka:CHQ_1_00696 (length 381)
prokka_CHQ_1/CHQ_1:Prokka:CHQ_1_00697 (length 371)
prokka_CHQ_1/CHQ_1:Prokka:CHQ_1_00698 (length 198)
prokka_CHQ_1/CHQ_1:Prokka:CHQ_1_00699 (length 258)
prokka_CHQ_1/CHQ_1:Prokka:CHQ_1_00700 (length 245)
prokka_CHQ_1/CHQ_1:Prokka:CHQ_1_00701 (length 196)
prokka_CHQ_1/CHQ_1:Prokka:CHQ_1_00702 (length 355)
prokka_CHQ_1/CHQ_1:Prokka:CHQ_1_00703 (length 353)
prokka_CHQ_1/CHQ_1:Prokka:CHQ_1_00704 (length 434)
prokka_CHQ_1/CHQ_1:Prokka:CHQ_1_00705 (length 299)
prokka_CHQ_1/CHQ_1:Prokka:CHQ_1_00706 (length 274)
prokka_CHQ_1/CHQ_1:Prokka:CHQ_1_00707 (length 296)
prokka_CHQ_1/CHQ_1:Prokka:CHQ_1_00708 (length 452)
prokka_CHQ_1/CHQ_1:Prokka:CHQ_1_00709 (length 171)
prokka_CHQ_1/CHQ_1:Prokka:CHQ_1_00710 (length 468)
prokka_CHQ_1/CHQ_1:Prokka:CHQ_1_00711 (length 524)
prokka_CHQ_1/CHQ_1:Prokka:CHQ_1_00712 (length 494)
prokka_CHQ_1/CHQ_1:Prokka:CHQ_1_00713 (length 176)
prokka_CHQ_1/CHQ_1:Prokka:CHQ_1_00714 (length 266)
prokka_CHQ_1/CHQ_1:Prokka:CHQ_1_00715 (length 147)
prokka_CHQ_1/CHQ_1:Prokka:CHQ_1_00716 (length 85)
prokka_CHQ_1/CHQ_1:Prokka:CHQ_1_00717 (length 380)
prokka_CHQ_1/CHQ_1:Prokka:CHQ_1_00718 (length 400)
prokka_CHQ_1/CHQ_1:Prokka:CHQ_1_00719 (length 279)
prokka_CHQ_1/CHQ_1:Prokka:CHQ_1_00720 (length 156)
prokka_CHQ_1/CHQ_1:Prokka:CHQ_1_00721 (length 461)
prokka_CHQ_1/CHQ_1:Prokka:CHQ_1_00722 (length 457)
prokka_CHQ_1/CHQ_1:Prokka:CHQ_1_00723 (length 168)
prokka_CHQ_1/CHQ_1:Prokka:CHQ_1_00724 (length 220)
prokka_CHQ_1/CHQ_1:Prokka:CHQ_1_00725 (length 72)
prokka_CHQ_1/CHQ_1:Prokka:CHQ_1_00726 (length 520)
prokka_CHQ_1/CHQ_1:Prokka:CHQ_1_00727 (length 482)
prokka_CHQ_1/CHQ_1:Prokka:CHQ_1_00728 (length 293)
prokka_CHQ_1/CHQ_1:Prokka:CHQ_1_00729 (length 1171)
prokka_CHQ_1/CHQ_1:Prokka:CHQ_1_00730 (length 102)
prokka_CHQ_1/CHQ_1:Prokka:CHQ_1_00731 (length 700)
prokka_CHQ_1/CHQ_1:Prokka:CHQ_1_00732 (length 474)
prokka_CHQ_1/CHQ_1:Prokka:CHQ_1_00733 (length 387)
prokka_CHQ_1/CHQ_1:Prokka:CHQ_1_00734 (length 157)
prokka_CHQ_1/CHQ_1:Prokka:CHQ_1_00735 (length 352)
prokka_CHQ_1/CHQ_1:Prokka:CHQ_1_00736 (length 107)
prokka_CHQ_1/CHQ_1:Prokka:CHQ_1_00737 (length 246)
prokka_CHQ_1/CHQ_1:Prokka:CHQ_1_00738 (length 355)
prokka_CHQ_1/CHQ_1:Prokka:CHQ_1_00739 (length 369)
prokka_CHQ_1/CHQ_1:Prokka:CHQ_1_00740 (length 243)
prokka_CHQ_1/CHQ_1:Prokka:CHQ_1_00741 (length 129)
prokka_CHQ_1/CHQ_1:Prokka:CHQ_1_00742 (length 318)
prokka_CHQ_1/CHQ_1:Prokka:CHQ_1_00743 (length 246)
prokka_CHQ_1/CHQ_1:Prokka:CHQ_1_00744 (length 439)
prokka_CHQ_1/CHQ_1:Prokka:CHQ_1_00745 (length 153)
prokka_CHQ_1/CHQ_1:Prokka:CHQ_1_00746 (length 595)
prokka_CHQ_1/CHQ_1:Prokka:CHQ_1_00747 (length 110)
prokka_CHQ_1/CHQ_1:Prokka:CHQ_1_00748 (length 111)
prokka_CHQ_1/CHQ_1:Prokka:CHQ_1_00749 (length 304)
prokka_CHQ_1/CHQ_1:Prokka:CHQ_1_00750 (length 191)
prokka_CHQ_1/CHQ_1:Prokka:CHQ_1_00751 (length 278)
prokka_CHQ_1/CHQ_1:Prokka:CHQ_1_00752 (length 323)
prokka_CHQ_1/CHQ_1:Prokka:CHQ_1_00753 (length 367)
prokka_CHQ_1/CHQ_1:Prokka:CHQ_1_00755 (length 478)
prokka_CHQ_1/CHQ_1:Prokka:CHQ_1_00757 (length 484)
prokka_CHQ_1/CHQ_1:Prokka:CHQ_1_00758 (length 81)
prokka_CHQ_1/CHQ_1:Prokka:CHQ_1_00759 (length 540)
prokka_CHQ_1/CHQ_1:Prokka:CHQ_1_00760 (length 310)
prokka_CHQ_1/CHQ_1:Prokka:CHQ_1_00761 (length 325)
prokka_CHQ_1/CHQ_1:Prokka:CHQ_1_00762 (length 235)
prokka_CHQ_1/CHQ_1:Prokka:CHQ_1_00763 (length 544)
prokka_CHQ_1/CHQ_1:Prokka:CHQ_1_00765 (length 305)
prokka_CHQ_1/CHQ_1:Prokka:CHQ_1_00766 (length 316)
prokka_CHQ_1/CHQ_1:Prokka:CHQ_1_00767 (length 313)
prokka_CHQ_1/CHQ_1:Prokka:CHQ_1_00769 (length 265)
prokka_CHQ_1/CHQ_1:Prokka:CHQ_1_00771 (length 378)
prokka_CHQ_1/CHQ_1:Prokka:CHQ_1_00772 (length 93)
prokka_CHQ_1/CHQ_1:Prokka:CHQ_1_00773 (length 236)
prokka_CHQ_1/CHQ_1:Prokka:CHQ_1_00774 (length 466)
prokka_CHQ_1/CHQ_1:Prokka:CHQ_1_00775 (length 164)
prokka_CHQ_1/CHQ_1:Prokka:CHQ_1_00776 (length 303)
prokka_CHQ_1/CHQ_1:Prokka:CHQ_1_00777 (length 303)
prokka_CHQ_1/CHQ_1:Prokka:CHQ_1_00778 (length 559)
prokka_CHQ_1/CHQ_1:Prokka:CHQ_1_00779 (length 74)
prokka_CHQ_1/CHQ_1:Prokka:CHQ_1_00780 (length 63)
prokka_CHQ_1/CHQ_1:Prokka:CHQ_1_00781 (length 207)
prokka_CHQ_1/CHQ_1:Prokka:CHQ_1_00782 (length 143)
prokka_CHQ_1/CHQ_1:Prokka:CHQ_1_00783 (length 495)
prokka_CHQ_1/CHQ_1:Prokka:CHQ_1_00784 (length 255)
prokka_CHQ_1/CHQ_1:Prokka:CHQ_1_00785 (length 328)
prokka_CHQ_1/CHQ_1:Prokka:CHQ_1_00786 (length 222)
prokka_CHQ_1/CHQ_1:Prokka:CHQ_1_00787 (length 250)
prokka_CHQ_1/CHQ_1:Prokka:CHQ_1_00788 (length 240)
prokka_CHQ_1/CHQ_1:Prokka:CHQ_1_00789 (length 74)
prokka_CHQ_1/CHQ_1:Prokka:CHQ_1_00790 (length 218)
prokka_CHQ_1/CHQ_1:Prokka:CHQ_1_00791 (length 610)
prokka_CHQ_1/CHQ_1:Prokka:CHQ_1_00792 (length 182)
prokka_CHQ_1/CHQ_1:Prokka:CHQ_1_00796 (length 293)
prokka_CHQ_1/CHQ_1:Prokka:CHQ_1_00797 (length 222)
prokka_CHQ_1/CHQ_1:Prokka:CHQ_1_00798 (length 380)
prokka_CHQ_1/CHQ_1:Prokka:CHQ_1_00799 (length 79)
prokka_CHQ_1/CHQ_1:Prokka:CHQ_1_00800 (length 165)
prokka_CHQ_1/CHQ_1:Prokka:CHQ_1_00801 (length 212)
prokka_CHQ_1/CHQ_1:Prokka:CHQ_1_00802 (length 473)
prokka_CHQ_1/CHQ_1:Prokka:CHQ_1_00803 (length 83)
prokka_CHQ_1/CHQ_1:Prokka:CHQ_1_00804 (length 520)
prokka_CHQ_1/CHQ_1:Prokka:CHQ_1_00805 (length 169)
prokka_CHQ_1/CHQ_1:Prokka:CHQ_1_00806 (length 326)
prokka_CHQ_1/CHQ_1:Prokka:CHQ_1_00807 (length 504)
prokka_CHQ_1/CHQ_1:Prokka:CHQ_1_00808 (length 326)
prokka_CHQ_1/CHQ_1:Prokka:CHQ_1_00809 (length 262)
prokka_CHQ_1/CHQ_1:Prokka:CHQ_1_00810 (length 474)
prokka_CHQ_1/CHQ_1:Prokka:CHQ_1_00811 (length 142)
prokka_CHQ_1/CHQ_1:Prokka:CHQ_1_00812 (length 527)
prokka_CHQ_1/CHQ_1:Prokka:CHQ_1_00813 (length 379)
prokka_CHQ_1/CHQ_1:Prokka:CHQ_1_00814 (length 577)
prokka_CHQ_1/CHQ_1:Prokka:CHQ_1_00815 (length 189)
prokka_CHQ_1/CHQ_1:Prokka:CHQ_1_00816 (length 247)
prokka_CHQ_1/CHQ_1:Prokka:CHQ_1_00817 (length 334)
prokka_CHQ_1/CHQ_1:Prokka:CHQ_1_00818 (length 247)
prokka_CHQ_1/CHQ_1:Prokka:CHQ_1_00819 (length 131)
prokka_CHQ_1/CHQ_1:Prokka:CHQ_1_00820 (length 272)
prokka_CHQ_1/CHQ_1:Prokka:CHQ_1_00821 (length 188)
prokka_CHQ_1/CHQ_1:Prokka:CHQ_1_00822 (length 595)
prokka_CHQ_1/CHQ_1:Prokka:CHQ_1_00823 (length 147)
prokka_CHQ_1/CHQ_1:Prokka:CHQ_1_00824 (length 246)
prokka_CHQ_1/CHQ_1:Prokka:CHQ_1_00825 (length 173)
prokka_CHQ_1/CHQ_1:Prokka:CHQ_1_00826 (length 203)
prokka_CHQ_1/CHQ_1:Prokka:CHQ_1_00827 (length 336)
prokka_CHQ_1/CHQ_1:Prokka:CHQ_1_00828 (length 261)
prokka_CHQ_1/CHQ_1:Prokka:CHQ_1_00829 (length 252)
prokka_CHQ_1/CHQ_1:Prokka:CHQ_1_00830 (length 319)
prokka_CHQ_1/CHQ_1:Prokka:CHQ_1_00831 (length 439)
prokka_CHQ_1/CHQ_1:Prokka:CHQ_1_00832 (length 323)
prokka_CHQ_1/CHQ_1:Prokka:CHQ_1_00833 (length 238)
prokka_CHQ_1/CHQ_1:Prokka:CHQ_1_00834 (length 561)
prokka_CHQ_1/CHQ_1:Prokka:CHQ_1_00835 (length 315)
prokka_CHQ_1/CHQ_1:Prokka:CHQ_1_00836 (length 444)
prokka_CHQ_1/CHQ_1:Prokka:CHQ_1_00837 (length 480)
prokka_CHQ_1/CHQ_1:Prokka:CHQ_1_00838 (length 295)
prokka_CHQ_1/CHQ_1:Prokka:CHQ_1_00839 (length 491)
prokka_CHQ_1/CHQ_1:Prokka:CHQ_1_00840 (length 603)
prokka_CHQ_1/CHQ_1:Prokka:CHQ_1_00841 (length 213)
prokka_CHQ_1/CHQ_1:Prokka:CHQ_1_00842 (length 392)
prokka_CHQ_1/CHQ_1:Prokka:CHQ_1_00843 (length 115)
prokka_CHQ_1/CHQ_1:Prokka:CHQ_1_00844 (length 219)
prokka_CHQ_1/CHQ_1:Prokka:CHQ_1_00845 (length 675)
prokka_CHQ_1/CHQ_1:Prokka:CHQ_1_00846 (length 219)
prokka_CHQ_1/CHQ_1:Prokka:CHQ_1_00847 (length 76)
prokka_CHQ_1/CHQ_1:Prokka:CHQ_1_00848 (length 124)
prokka_CHQ_1/CHQ_1:Prokka:CHQ_1_00849 (length 289)
prokka_CHQ_1/CHQ_1:Prokka:CHQ_1_00850 (length 112)
prokka_CHQ_1/CHQ_1:Prokka:CHQ_1_00851 (length 48)
prokka_CHQ_1/CHQ_1:Prokka:CHQ_1_00852 (length 319)
prokka_CHQ_1/CHQ_1:Prokka:CHQ_1_00853 (length 217)
prokka_CHQ_1/CHQ_1:Prokka:CHQ_1_00854 (length 63)
prokka_CHQ_1/CHQ_1:Prokka:CHQ_1_00855 (length 97)
prokka_CHQ_1/CHQ_1:Prokka:CHQ_1_00856 (length 462)
prokka_CHQ_1/CHQ_1:Prokka:CHQ_1_00857 (length 877)
prokka_CHQ_1/CHQ_1:Prokka:CHQ_1_00858 (length 427)
prokka_CHQ_1/CHQ_1:Prokka:CHQ_1_00859 (length 184)
prokka_CHQ_1/CHQ_1:Prokka:CHQ_1_00860 (length 225)
prokka_CHQ_1/CHQ_1:Prokka:CHQ_1_00861 (length 682)
prokka_CHQ_1/CHQ_1:Prokka:CHQ_1_00862 (length 294)
prokka_CHQ_1/CHQ_1:Prokka:CHQ_1_00863 (length 473)
prokka_CHQ_1/CHQ_1:Prokka:CHQ_1_00864 (length 263)
prokka_CHQ_1/CHQ_1:Prokka:CHQ_1_00865 (length 79)
prokka_CHQ_1/CHQ_1:Prokka:CHQ_1_00866 (length 96)
prokka_CHQ_1/CHQ_1:Prokka:CHQ_1_00867 (length 69)
prokka_CHQ_1/CHQ_1:Prokka:CHQ_1_00868 (length 581)
prokka_CHQ_1/CHQ_1:Prokka:CHQ_1_00869 (length 264)
prokka_CHQ_1/CHQ_1:Prokka:CHQ_1_00870 (length 188)
prokka_CHQ_1/CHQ_1:Prokka:CHQ_1_00871 (length 152)
prokka_CHQ_1/CHQ_1:Prokka:CHQ_1_00872 (length 283)
prokka_CHQ_1/CHQ_1:Prokka:CHQ_1_00873 (length 266)
prokka_CHQ_1/CHQ_1:Prokka:CHQ_1_00874 (length 323)
prokka_CHQ_1/CHQ_1:Prokka:CHQ_1_00875 (length 520)
prokka_CHQ_1/CHQ_1:Prokka:CHQ_1_00876 (length 518)
prokka_CHQ_1/CHQ_1:Prokka:CHQ_1_00877 (length 454)
prokka_CHQ_1/CHQ_1:Prokka:CHQ_1_00878 (length 192)
prokka_CHQ_1/CHQ_1:Prokka:CHQ_1_00879 (length 451)
prokka_CHQ_1/CHQ_1:Prokka:CHQ_1_00880 (length 61)
prokka_CHQ_1/CHQ_1:Prokka:CHQ_1_00881 (length 114)
prokka_CHQ_1/CHQ_1:Prokka:CHQ_1_00882 (length 636)
prokka_CHQ_1/CHQ_1:Prokka:CHQ_1_00883 (length 231)
prokka_CHQ_1/CHQ_1:Prokka:CHQ_1_00884 (length 193)
prokka_CHQ_1/CHQ_1:Prokka:CHQ_1_00885 (length 572)
prokka_CHQ_1/CHQ_1:Prokka:CHQ_1_00886 (length 371)
prokka_CHQ_1/CHQ_1:Prokka:CHQ_1_00887 (length 89)
prokka_CHQ_1/CHQ_1:Prokka:CHQ_1_00888 (length 270)
prokka_CHQ_1/CHQ_1:Prokka:CHQ_1_00889 (length 232)
prokka_CHQ_1/CHQ_1:Prokka:CHQ_1_00890 (length 93)
prokka_CHQ_1/CHQ_1:Prokka:CHQ_1_00891 (length 219)
prokka_CHQ_1/CHQ_1:Prokka:CHQ_1_00892 (length 148)
prokka_CHQ_1/CHQ_1:Prokka:CHQ_1_00893 (length 114)
prokka_CHQ_1/CHQ_1:Prokka:CHQ_1_00894 (length 176)
prokka_CHQ_1/CHQ_1:Prokka:CHQ_1_00895 (length 516)
prokka_CHQ_1/CHQ_1:Prokka:CHQ_1_00896 (length 239)
prokka_CHQ_1/CHQ_1:Prokka:CHQ_1_00897 (length 510)
prokka_CHQ_1/CHQ_1:Prokka:CHQ_1_00898 (length 432)
prokka_CHQ_1/CHQ_1:Prokka:CHQ_1_00899 (length 356)
prokka_CHQ_1/CHQ_1:Prokka:CHQ_1_00900 (length 577)
prokka_CHQ_1/CHQ_1:Prokka:CHQ_1_00901 (length 304)
prokka_CHQ_1/CHQ_1:Prokka:CHQ_1_00902 (length 203)
prokka_CHQ_1/CHQ_1:Prokka:CHQ_1_00903 (length 274)
prokka_CHQ_1/CHQ_1:Prokka:CHQ_1_00904 (length 283)
prokka_CHQ_1/CHQ_1:Prokka:CHQ_1_00905 (length 706)
prokka_CHQ_1/CHQ_1:Prokka:CHQ_1_00906 (length 580)
prokka_CHQ_1/CHQ_1:Prokka:CHQ_1_00907 (length 452)
prokka_CHQ_1/CHQ_1:Prokka:CHQ_1_00908 (length 463)
prokka_CHQ_1/CHQ_1:Prokka:CHQ_1_00909 (length 479)
prokka_CHQ_1/CHQ_1:Prokka:CHQ_1_00910 (length 309)
prokka_CHQ_1/CHQ_1:Prokka:CHQ_1_00911 (length 271)
prokka_CHQ_1/CHQ_1:Prokka:CHQ_1_00912 (length 248)
prokka_CHQ_1/CHQ_1:Prokka:CHQ_1_00913 (length 361)
prokka_CHQ_1/CHQ_1:Prokka:CHQ_1_00914 (length 320)
prokka_CHQ_1/CHQ_1:Prokka:CHQ_1_00915 (length 280)
prokka_CHQ_1/CHQ_1:Prokka:CHQ_1_00916 (length 302)
prokka_CHQ_1/CHQ_1:Prokka:CHQ_1_00917 (length 414)
prokka_CHQ_1/CHQ_1:Prokka:CHQ_1_00918 (length 402)
prokka_CHQ_1/CHQ_1:Prokka:CHQ_1_00919 (length 337)
prokka_CHQ_1/CHQ_1:Prokka:CHQ_1_00920 (length 266)
prokka_CHQ_1/CHQ_1:Prokka:CHQ_1_00921 (length 452)
prokka_CHQ_1/CHQ_1:Prokka:CHQ_1_00922 (length 299)
prokka_CHQ_1/CHQ_1:Prokka:CHQ_1_00923 (length 222)
prokka_CHQ_1/CHQ_1:Prokka:CHQ_1_00924 (length 209)
prokka_CHQ_1/CHQ_1:Prokka:CHQ_1_00925 (length 362)
prokka_CHQ_1/CHQ_1:Prokka:CHQ_1_00926 (length 312)
prokka_CHQ_1/CHQ_1:Prokka:CHQ_1_00927 (length 329)
prokka_CHQ_1/CHQ_1:Prokka:CHQ_1_00928 (length 443)
prokka_CHQ_1/CHQ_1:Prokka:CHQ_1_00929 (length 402)
prokka_CHQ_1/CHQ_1:Prokka:CHQ_1_00930 (length 764)
prokka_CHQ_1/CHQ_1:Prokka:CHQ_1_00931 (length 354)
prokka_CHQ_1/CHQ_1:Prokka:CHQ_1_00932 (length 304)
prokka_CHQ_1/CHQ_1:Prokka:CHQ_1_00933 (length 428)
prokka_CHQ_1/CHQ_1:Prokka:CHQ_1_00934 (length 291)
prokka_CHQ_1/CHQ_1:Prokka:CHQ_1_00935 (length 239)
prokka_CHQ_1/CHQ_1:Prokka:CHQ_1_00936 (length 297)
prokka_CHQ_1/CHQ_1:Prokka:CHQ_1_00937 (length 547)
prokka_CHQ_1/CHQ_1:Prokka:CHQ_1_00938 (length 158)
prokka_CHQ_1/CHQ_1:Prokka:CHQ_1_00939 (length 311)
prokka_CHQ_1/CHQ_1:Prokka:CHQ_1_00940 (length 431)
prokka_CHQ_1/CHQ_1:Prokka:CHQ_1_00941 (length 268)
prokka_CHQ_1/CHQ_1:Prokka:CHQ_1_00942 (length 299)
prokka_CHQ_1/CHQ_1:Prokka:CHQ_1_00943 (length 160)
prokka_CHQ_1/CHQ_1:Prokka:CHQ_1_00944 (length 255)
prokka_CHQ_1/CHQ_1:Prokka:CHQ_1_00945 (length 179)
prokka_CHQ_1/CHQ_1:Prokka:CHQ_1_00946 (length 109)
prokka_CHQ_1/CHQ_1:Prokka:CHQ_1_00947 (length 123)
prokka_CHQ_1/CHQ_1:Prokka:CHQ_1_00948 (length 304)
prokka_CHQ_1/CHQ_1:Prokka:CHQ_1_00949 (length 109)
prokka_CHQ_1/CHQ_1:Prokka:CHQ_1_00950 (length 363)
prokka_CHQ_1/CHQ_1:Prokka:CHQ_1_00951 (length 194)
prokka_CHQ_1/CHQ_1:Prokka:CHQ_1_00952 (length 91)
prokka_CHQ_1/CHQ_1:Prokka:CHQ_1_00953 (length 348)
prokka_CHQ_1/CHQ_1:Prokka:CHQ_1_00954 (length 550)
prokka_CHQ_1/CHQ_1:Prokka:CHQ_1_00955 (length 315)
prokka_CHQ_1/CHQ_1:Prokka:CHQ_1_00956 (length 283)
prokka_CHQ_1/CHQ_1:Prokka:CHQ_1_00957 (length 203)
prokka_CHQ_1/CHQ_1:Prokka:CHQ_1_00958 (length 418)
prokka_CHQ_1/CHQ_1:Prokka:CHQ_1_00959 (length 360)
prokka_CHQ_1/CHQ_1:Prokka:CHQ_1_00960 (length 282)
prokka_CHQ_1/CHQ_1:Prokka:CHQ_1_00961 (length 130)
prokka_CHQ_1/CHQ_1:Prokka:CHQ_1_00962 (length 270)
prokka_CHQ_1/CHQ_1:Prokka:CHQ_1_00963 (length 284)
prokka_CHQ_1/CHQ_1:Prokka:CHQ_1_00964 (length 366)
prokka_CHQ_1/CHQ_1:Prokka:CHQ_1_00965 (length 58)
prokka_CHQ_1/CHQ_1:Prokka:CHQ_1_00966 (length 76)
prokka_CHQ_1/CHQ_1:Prokka:CHQ_1_00967 (length 226)
prokka_CHQ_1/CHQ_1:Prokka:CHQ_1_00968 (length 80)
prokka_CHQ_1/CHQ_1:Prokka:CHQ_1_00969 (length 117)
prokka_CHQ_1/CHQ_1:Prokka:CHQ_1_00970 (length 393)
prokka_CHQ_1/CHQ_1:Prokka:CHQ_1_00971 (length 418)
prokka_CHQ_1/CHQ_1:Prokka:CHQ_1_00972 (length 294)
prokka_CHQ_1/CHQ_1:Prokka:CHQ_1_00973 (length 262)
prokka_CHQ_1/CHQ_1:Prokka:CHQ_1_00974 (length 1355)
prokka_CHQ_1/CHQ_1:Prokka:CHQ_1_00975 (length 869)
prokka_CHQ_1/CHQ_1:Prokka:CHQ_1_00976 (length 460)
prokka_CHQ_1/CHQ_1:Prokka:CHQ_1_00977 (length 216)
prokka_CHQ_1/CHQ_1:Prokka:CHQ_1_00978 (length 592)
prokka_CHQ_1/CHQ_1:Prokka:CHQ_1_00979 (length 462)
prokka_CHQ_1/CHQ_1:Prokka:CHQ_1_00980 (length 1249)
prokka_CHQ_1/CHQ_1:Prokka:CHQ_1_00981 (length 511)
prokka_CHQ_1/CHQ_1:Prokka:CHQ_1_00982 (length 236)
prokka_CHQ_1/CHQ_1:Prokka:CHQ_1_00983 (length 225)
prokka_CHQ_1/CHQ_1:Prokka:CHQ_1_00984 (length 298)
prokka_CHQ_1/CHQ_1:Prokka:CHQ_1_00985 (length 147)
prokka_CHQ_1/CHQ_1:Prokka:CHQ_1_00988 (length 280)
prokka_CHQ_1/CHQ_1:Prokka:CHQ_1_00989 (length 119)
prokka_CHQ_1/CHQ_1:Prokka:CHQ_1_00990 (length 300)
prokka_CHQ_1/CHQ_1:Prokka:CHQ_1_00991 (length 337)
prokka_CHQ_1/CHQ_1:Prokka:CHQ_1_00992 (length 300)
prokka_CHQ_1/CHQ_1:Prokka:CHQ_1_00993 (length 135)
prokka_CHQ_1/CHQ_1:Prokka:CHQ_1_00994 (length 175)
prokka_CHQ_1/CHQ_1:Prokka:CHQ_1_00995 (length 891)
prokka_CHQ_1/CHQ_1:Prokka:CHQ_1_00996 (length 215)
prokka_CHQ_1/CHQ_1:Prokka:CHQ_1_00997 (length 544)
prokka_CHQ_1/CHQ_1:Prokka:CHQ_1_00998 (length 306)
prokka_CHQ_1/CHQ_1:Prokka:CHQ_1_00999 (length 302)
prokka_CHQ_1/CHQ_1:Prokka:CHQ_1_01000 (length 337)
prokka_CHQ_1/CHQ_1:Prokka:CHQ_1_01001 (length 334)
prokka_CHQ_1/CHQ_1:Prokka:CHQ_1_01002 (length 277)
prokka_CHQ_1/CHQ_1:Prokka:CHQ_1_01003 (length 109)
prokka_CHQ_1/CHQ_1:Prokka:CHQ_1_01004 (length 486)
prokka_CHQ_1/CHQ_1:Prokka:CHQ_1_01005 (length 57)
prokka_CHQ_1/CHQ_1:Prokka:CHQ_1_01006 (length 192)
prokka_CHQ_1/CHQ_1:Prokka:CHQ_1_01007 (length 98)
prokka_CHQ_1/CHQ_1:Prokka:CHQ_1_01008 (length 245)
prokka_CHQ_1/CHQ_1:Prokka:CHQ_1_01009 (length 290)
prokka_CHQ_1/CHQ_1:Prokka:CHQ_1_01010 (length 94)
prokka_CHQ_1/CHQ_1:Prokka:CHQ_1_01011 (length 310)
prokka_CHQ_1/CHQ_1:Prokka:CHQ_1_01012 (length 252)
prokka_CHQ_1/CHQ_1:Prokka:CHQ_1_01013 (length 77)
prokka_CHQ_1/CHQ_1:Prokka:CHQ_1_01014 (length 642)
prokka_CHQ_1/CHQ_1:Prokka:CHQ_1_01015 (length 144)
prokka_CHQ_1/CHQ_1:Prokka:CHQ_1_01016 (length 65)
prokka_CHQ_1/CHQ_1:Prokka:CHQ_1_01017 (length 118)
prokka_CHQ_1/CHQ_1:Prokka:CHQ_1_01018 (length 327)
prokka_CHQ_1/CHQ_1:Prokka:CHQ_1_01019 (length 795)
prokka_CHQ_1/CHQ_1:Prokka:CHQ_1_01020 (length 99)
prokka_CHQ_1/CHQ_1:Prokka:CHQ_1_01021 (length 122)
prokka_CHQ_1/CHQ_1:Prokka:CHQ_1_01022 (length 417)
prokka_CHQ_1/CHQ_1:Prokka:CHQ_1_01023 (length 304)
prokka_CHQ_1/CHQ_1:Prokka:CHQ_1_01024 (length 477)
prokka_CHQ_1/CHQ_1:Prokka:CHQ_1_01025 (length 325)
prokka_CHQ_1/CHQ_1:Prokka:CHQ_1_01026 (length 266)
prokka_CHQ_1/CHQ_1:Prokka:CHQ_1_01027 (length 183)
prokka_CHQ_1/CHQ_1:Prokka:CHQ_1_01028 (length 249)
prokka_CHQ_1/CHQ_1:Prokka:CHQ_1_01029 (length 154)
prokka_CHQ_1/CHQ_1:Prokka:CHQ_1_01030 (length 480)
prokka_CHQ_1/CHQ_1:Prokka:CHQ_1_01031 (length 59)
prokka_CHQ_1/CHQ_1:Prokka:CHQ_1_01032 (length 348)
prokka_CHQ_1/CHQ_1:Prokka:CHQ_1_01033 (length 277)
prokka_CHQ_1/CHQ_1:Prokka:CHQ_1_01034 (length 792)
prokka_CHQ_1/CHQ_1:Prokka:CHQ_1_01035 (length 370)
prokka_CHQ_1/CHQ_1:Prokka:CHQ_1_01036 (length 1018)
prokka_CHQ_1/CHQ_1:Prokka:CHQ_1_01037 (length 136)
prokka_CHQ_1/CHQ_1:Prokka:CHQ_1_01038 (length 82)
prokka_CHQ_1/CHQ_1:Prokka:CHQ_1_01039 (length 106)
prokka_CHQ_1/CHQ_1:Prokka:CHQ_1_01040 (length 325)
prokka_CHQ_1/CHQ_1:Prokka:CHQ_1_01041 (length 343)
prokka_CHQ_1/CHQ_1:Prokka:CHQ_1_01042 (length 410)
prokka_CHQ_1/CHQ_1:Prokka:CHQ_1_01043 (length 253)
prokka_CHQ_1/CHQ_1:Prokka:CHQ_1_01044 (length 345)
prokka_CHQ_1/CHQ_1:Prokka:CHQ_1_01045 (length 332)
prokka_CHQ_1/CHQ_1:Prokka:CHQ_1_01046 (length 303)
prokka_CHQ_1/CHQ_1:Prokka:CHQ_1_01047 (length 331)
prokka_CHQ_1/CHQ_1:Prokka:CHQ_1_01048 (length 204)
prokka_CHQ_1/CHQ_1:Prokka:CHQ_1_01049 (length 369)
prokka_CHQ_1/CHQ_1:Prokka:CHQ_1_01050 (length 1033)
prokka_CHQ_1/CHQ_1:Prokka:CHQ_1_01051 (length 394)
prokka_CHQ_1/CHQ_1:Prokka:CHQ_1_01052 (length 65)
prokka_CHQ_1/CHQ_1:Prokka:CHQ_1_01053 (length 125)
prokka_CHQ_1/CHQ_1:Prokka:CHQ_1_01054 (length 495)
prokka_CHQ_1/CHQ_1:Prokka:CHQ_1_01055 (length 248)
prokka_CHQ_1/CHQ_1:Prokka:CHQ_1_01056 (length 424)
prokka_CHQ_1/CHQ_1:Prokka:CHQ_1_01057 (length 406)
prokka_CHQ_1/CHQ_1:Prokka:CHQ_1_01058 (length 138)
prokka_CHQ_1/CHQ_1:Prokka:CHQ_1_01059 (length 328)
prokka_CHQ_1/CHQ_1:Prokka:CHQ_1_01060 (length 78)
prokka_CHQ_1/CHQ_1:Prokka:CHQ_1_01061 (length 470)
prokka_CHQ_1/CHQ_1:Prokka:CHQ_1_01062 (length 70)
prokka_CHQ_1/CHQ_1:Prokka:CHQ_1_01063 (length 212)
prokka_CHQ_1/CHQ_1:Prokka:CHQ_1_01064 (length 617)
prokka_CHQ_1/CHQ_1:Prokka:CHQ_1_01065 (length 440)
prokka_CHQ_1/CHQ_1:Prokka:CHQ_1_01066 (length 278)
prokka_CHQ_1/CHQ_1:Prokka:CHQ_1_01067 (length 246)
prokka_CHQ_1/CHQ_1:Prokka:CHQ_1_01068 (length 249)
prokka_CHQ_1/CHQ_1:Prokka:CHQ_1_01069 (length 335)
prokka_CHQ_1/CHQ_1:Prokka:CHQ_1_01070 (length 352)
prokka_CHQ_1/CHQ_1:Prokka:CHQ_1_01071 (length 270)
prokka_CHQ_1/CHQ_1:Prokka:CHQ_1_01072 (length 554)
prokka_CHQ_1/CHQ_1:Prokka:CHQ_1_01073 (length 314)
prokka_CHQ_1/CHQ_1:Prokka:CHQ_1_01074 (length 288)
prokka_CHQ_1/CHQ_1:Prokka:CHQ_1_01075 (length 268)
prokka_CHQ_1/CHQ_1:Prokka:CHQ_1_01076 (length 316)
prokka_CHQ_1/CHQ_1:Prokka:CHQ_1_01077 (length 338)
prokka_CHQ_1/CHQ_1:Prokka:CHQ_1_01078 (length 398)
prokka_CHQ_1/CHQ_1:Prokka:CHQ_1_01079 (length 275)
prokka_CHQ_1/CHQ_1:Prokka:CHQ_1_01080 (length 526)
prokka_CHQ_1/CHQ_1:Prokka:CHQ_1_01081 (length 200)
prokka_CHQ_1/CHQ_1:Prokka:CHQ_1_01082 (length 297)
prokka_CHQ_1/CHQ_1:Prokka:CHQ_1_01083 (length 361)
prokka_CHQ_1/CHQ_1:Prokka:CHQ_1_01084 (length 383)
prokka_CHQ_1/CHQ_1:Prokka:CHQ_1_01085 (length 324)
prokka_CHQ_1/CHQ_1:Prokka:CHQ_1_01086 (length 345)
prokka_CHQ_1/CHQ_1:Prokka:CHQ_1_01087 (length 331)
prokka_CHQ_1/CHQ_1:Prokka:CHQ_1_01088 (length 262)
prokka_CHQ_1/CHQ_1:Prokka:CHQ_1_01089 (length 717)
prokka_CHQ_1/CHQ_1:Prokka:CHQ_1_01090 (length 273)
prokka_CHQ_1/CHQ_1:Prokka:CHQ_1_01091 (length 341)
prokka_CHQ_1/CHQ_1:Prokka:CHQ_1_01092 (length 350)
prokka_CHQ_1/CHQ_1:Prokka:CHQ_1_01093 (length 317)
prokka_CHQ_1/CHQ_1:Prokka:CHQ_1_01094 (length 300)
prokka_CHQ_1/CHQ_1:Prokka:CHQ_1_01095 (length 255)
prokka_CHQ_1/CHQ_1:Prokka:CHQ_1_01096 (length 254)
prokka_CHQ_1/CHQ_1:Prokka:CHQ_1_01097 (length 240)
prokka_CHQ_1/CHQ_1:Prokka:CHQ_1_01098 (length 204)
prokka_CHQ_1/CHQ_1:Prokka:CHQ_1_01099 (length 130)
prokka_CHQ_1/CHQ_1:Prokka:CHQ_1_01100 (length 410)
prokka_CHQ_1/CHQ_1:Prokka:CHQ_1_01101 (length 144)
prokka_CHQ_1/CHQ_1:Prokka:CHQ_1_01102 (length 399)
prokka_CHQ_1/CHQ_1:Prokka:CHQ_1_01103 (length 385)
prokka_CHQ_1/CHQ_1:Prokka:CHQ_1_01104 (length 716)
prokka_CHQ_1/CHQ_1:Prokka:CHQ_1_01105 (length 359)
prokka_CHQ_1/CHQ_1:Prokka:CHQ_1_01106 (length 362)
prokka_CHQ_1/CHQ_1:Prokka:CHQ_1_01107 (length 589)
prokka_CHQ_1/CHQ_1:Prokka:CHQ_1_01108 (length 356)
prokka_CHQ_1/CHQ_1:Prokka:CHQ_1_01109 (length 123)
prokka_CHQ_1/CHQ_1:Prokka:CHQ_1_01110 (length 251)
prokka_CHQ_1/CHQ_1:Prokka:CHQ_1_01111 (length 594)
prokka_CHQ_1/CHQ_1:Prokka:CHQ_1_01112 (length 445)
prokka_CHQ_1/CHQ_1:Prokka:CHQ_1_01113 (length 207)
prokka_CHQ_1/CHQ_1:Prokka:CHQ_1_01114 (length 219)
prokka_CHQ_1/CHQ_1:Prokka:CHQ_1_01115 (length 245)
prokka_CHQ_1/CHQ_1:Prokka:CHQ_1_01116 (length 76)
prokka_CHQ_1/CHQ_1:Prokka:CHQ_1_01117 (length 152)
prokka_CHQ_1/CHQ_1:Prokka:CHQ_1_01118 (length 650)
prokka_CHQ_1/CHQ_1:Prokka:CHQ_1_01119 (length 184)
prokka_CHQ_1/CHQ_1:Prokka:CHQ_1_01120 (length 148)
prokka_CHQ_1/CHQ_1:Prokka:CHQ_1_01121 (length 280)
prokka_CHQ_1/CHQ_1:Prokka:CHQ_1_01122 (length 201)
prokka_CHQ_1/CHQ_1:Prokka:CHQ_1_01123 (length 219)
prokka_CHQ_1/CHQ_1:Prokka:CHQ_1_01124 (length 200)
prokka_CHQ_1/CHQ_1:Prokka:CHQ_1_01125 (length 212)
prokka_CHQ_1/CHQ_1:Prokka:CHQ_1_9 (length 3209)
prokka_CHQ_1/CHQ_1:Prokka:CHQ_1_01126 (length 512)
prokka_CHQ_1/CHQ_1:Prokka:CHQ_1_01127 (length 115)
prokka_CHQ_1/CHQ_1:Prokka:CHQ_1_01128 (length 212)
prokka_CHQ_1/CHQ_1:Prokka:CHQ_1_10 (length 304583)
prokka_CHQ_1/CHQ_1:Prokka:CHQ_1_01129 (length 207)
prokka_CHQ_1/CHQ_1:Prokka:CHQ_1_01130 (length 449)
prokka_CHQ_1/CHQ_1:Prokka:CHQ_1_01131 (length 549)
prokka_CHQ_1/CHQ_1:Prokka:CHQ_1_01132 (length 151)
prokka_CHQ_1/CHQ_1:Prokka:CHQ_1_01133 (length 169)
prokka_CHQ_1/CHQ_1:Prokka:CHQ_1_01134 (length 126)
prokka_CHQ_1/CHQ_1:Prokka:CHQ_1_01135 (length 106)
prokka_CHQ_1/CHQ_1:Prokka:CHQ_1_01136 (length 246)
prokka_CHQ_1/CHQ_1:Prokka:CHQ_1_01137 (length 425)
prokka_CHQ_1/CHQ_1:Prokka:CHQ_1_01138 (length 136)
prokka_CHQ_1/CHQ_1:Prokka:CHQ_1_01139 (length 296)
prokka_CHQ_1/CHQ_1:Prokka:CHQ_1_01140 (length 514)
prokka_CHQ_1/CHQ_1:Prokka:CHQ_1_01141 (length 396)
prokka_CHQ_1/CHQ_1:Prokka:CHQ_1_01142 (length 369)
prokka_CHQ_1/CHQ_1:Prokka:CHQ_1_01143 (length 429)
prokka_CHQ_1/CHQ_1:Prokka:CHQ_1_01144 (length 309)
prokka_CHQ_1/CHQ_1:Prokka:CHQ_1_01145 (length 165)
prokka_CHQ_1/CHQ_1:Prokka:CHQ_1_01146 (length 288)
prokka_CHQ_1/CHQ_1:Prokka:CHQ_1_01147 (length 807)
prokka_CHQ_1/CHQ_1:Prokka:CHQ_1_01148 (length 122)
prokka_CHQ_1/CHQ_1:Prokka:CHQ_1_01149 (length 202)
prokka_CHQ_1/CHQ_1:Prokka:CHQ_1_01150 (length 438)
prokka_CHQ_1/CHQ_1:Prokka:CHQ_1_01151 (length 69)
prokka_CHQ_1/CHQ_1:Prokka:CHQ_1_01152 (length 171)
prokka_CHQ_1/CHQ_1:Prokka:CHQ_1_01153 (length 162)
prokka_CHQ_1/CHQ_1:Prokka:CHQ_1_01154 (length 313)
prokka_CHQ_1/CHQ_1:Prokka:CHQ_1_01155 (length 80)
prokka_CHQ_1/CHQ_1:Prokka:CHQ_1_01156 (length 327)
prokka_CHQ_1/CHQ_1:Prokka:CHQ_1_01157 (length 471)
prokka_CHQ_1/CHQ_1:Prokka:CHQ_1_01158 (length 359)
prokka_CHQ_1/CHQ_1:Prokka:CHQ_1_01159 (length 397)
prokka_CHQ_1/CHQ_1:Prokka:CHQ_1_01160 (length 237)
prokka_CHQ_1/CHQ_1:Prokka:CHQ_1_01161 (length 138)
prokka_CHQ_1/CHQ_1:Prokka:CHQ_1_01162 (length 118)
prokka_CHQ_1/CHQ_1:Prokka:CHQ_1_01163 (length 941)
prokka_CHQ_1/CHQ_1:Prokka:CHQ_1_01164 (length 174)
prokka_CHQ_1/CHQ_1:Prokka:CHQ_1_01165 (length 526)
prokka_CHQ_1/CHQ_1:Prokka:CHQ_1_01166 (length 752)
prokka_CHQ_1/CHQ_1:Prokka:CHQ_1_01167 (length 122)
prokka_CHQ_1/CHQ_1:Prokka:CHQ_1_01168 (length 586)
prokka_CHQ_1/CHQ_1:Prokka:CHQ_1_01169 (length 807)
prokka_CHQ_1/CHQ_1:Prokka:CHQ_1_01170 (length 117)
prokka_CHQ_1/CHQ_1:Prokka:CHQ_1_01171 (length 52)
prokka_CHQ_1/CHQ_1:Prokka:CHQ_1_01172 (length 168)
prokka_CHQ_1/CHQ_1:Prokka:CHQ_1_01173 (length 339)
prokka_CHQ_1/CHQ_1:Prokka:CHQ_1_01174 (length 256)
prokka_CHQ_1/CHQ_1:Prokka:CHQ_1_01175 (length 343)
prokka_CHQ_1/CHQ_1:Prokka:CHQ_1_01176 (length 379)
prokka_CHQ_1/CHQ_1:Prokka:CHQ_1_01177 (length 276)
prokka_CHQ_1/CHQ_1:Prokka:CHQ_1_01178 (length 286)
prokka_CHQ_1/CHQ_1:Prokka:CHQ_1_01179 (length 93)
prokka_CHQ_1/CHQ_1:Prokka:CHQ_1_01180 (length 534)
prokka_CHQ_1/CHQ_1:Prokka:CHQ_1_01181 (length 109)
prokka_CHQ_1/CHQ_1:Prokka:CHQ_1_01182 (length 152)
prokka_CHQ_1/CHQ_1:Prokka:CHQ_1_01183 (length 222)
prokka_CHQ_1/CHQ_1:Prokka:CHQ_1_01184 (length 449)
prokka_CHQ_1/CHQ_1:Prokka:CHQ_1_01185 (length 548)
prokka_CHQ_1/CHQ_1:Prokka:CHQ_1_01186 (length 293)
prokka_CHQ_1/CHQ_1:Prokka:CHQ_1_01187 (length 135)
prokka_CHQ_1/CHQ_1:Prokka:CHQ_1_01188 (length 229)
prokka_CHQ_1/CHQ_1:Prokka:CHQ_1_01189 (length 179)
prokka_CHQ_1/CHQ_1:Prokka:CHQ_1_01190 (length 229)
prokka_CHQ_1/CHQ_1:Prokka:CHQ_1_01191 (length 863)
prokka_CHQ_1/CHQ_1:Prokka:CHQ_1_01192 (length 195)
prokka_CHQ_1/CHQ_1:Prokka:CHQ_1_01193 (length 365)
prokka_CHQ_1/CHQ_1:Prokka:CHQ_1_01194 (length 551)
prokka_CHQ_1/CHQ_1:Prokka:CHQ_1_01195 (length 103)
prokka_CHQ_1/CHQ_1:Prokka:CHQ_1_01196 (length 652)
prokka_CHQ_1/CHQ_1:Prokka:CHQ_1_01197 (length 437)
prokka_CHQ_1/CHQ_1:Prokka:CHQ_1_01198 (length 228)
prokka_CHQ_1/CHQ_1:Prokka:CHQ_1_01199 (length 559)
prokka_CHQ_1/CHQ_1:Prokka:CHQ_1_01200 (length 139)
prokka_CHQ_1/CHQ_1:Prokka:CHQ_1_01201 (length 242)
prokka_CHQ_1/CHQ_1:Prokka:CHQ_1_01202 (length 335)
prokka_CHQ_1/CHQ_1:Prokka:CHQ_1_01203 (length 313)
prokka_CHQ_1/CHQ_1:Prokka:CHQ_1_01204 (length 332)
prokka_CHQ_1/CHQ_1:Prokka:CHQ_1_01205 (length 506)
prokka_CHQ_1/CHQ_1:Prokka:CHQ_1_01206 (length 761)
prokka_CHQ_1/CHQ_1:Prokka:CHQ_1_01207 (length 122)
prokka_CHQ_1/CHQ_1:Prokka:CHQ_1_01208 (length 252)
prokka_CHQ_1/CHQ_1:Prokka:CHQ_1_01209 (length 187)
prokka_CHQ_1/CHQ_1:Prokka:CHQ_1_01210 (length 378)
prokka_CHQ_1/CHQ_1:Prokka:CHQ_1_01211 (length 226)
prokka_CHQ_1/CHQ_1:Prokka:CHQ_1_01212 (length 252)
prokka_CHQ_1/CHQ_1:Prokka:CHQ_1_01213 (length 282)
prokka_CHQ_1/CHQ_1:Prokka:CHQ_1_01214 (length 354)
prokka_CHQ_1/CHQ_1:Prokka:CHQ_1_01215 (length 194)
prokka_CHQ_1/CHQ_1:Prokka:CHQ_1_01216 (length 150)
prokka_CHQ_1/CHQ_1:Prokka:CHQ_1_01217 (length 241)
prokka_CHQ_1/CHQ_1:Prokka:CHQ_1_01218 (length 144)
prokka_CHQ_1/CHQ_1:Prokka:CHQ_1_01219 (length 111)
prokka_CHQ_1/CHQ_1:Prokka:CHQ_1_01220 (length 500)
prokka_CHQ_1/CHQ_1:Prokka:CHQ_1_01221 (length 312)
prokka_CHQ_1/CHQ_1:Prokka:CHQ_1_01222 (length 450)
prokka_CHQ_1/CHQ_1:Prokka:CHQ_1_01223 (length 471)
prokka_CHQ_1/CHQ_1:Prokka:CHQ_1_01224 (length 318)
prokka_CHQ_1/CHQ_1:Prokka:CHQ_1_01225 (length 123)
prokka_CHQ_1/CHQ_1:Prokka:CHQ_1_01226 (length 101)
prokka_CHQ_1/CHQ_1:Prokka:CHQ_1_01227 (length 305)
prokka_CHQ_1/CHQ_1:Prokka:CHQ_1_01228 (length 227)
prokka_CHQ_1/CHQ_1:Prokka:CHQ_1_01229 (length 261)
prokka_CHQ_1/CHQ_1:Prokka:CHQ_1_01230 (length 148)
prokka_CHQ_1/CHQ_1:Prokka:CHQ_1_01231 (length 443)
prokka_CHQ_1/CHQ_1:Prokka:CHQ_1_01232 (length 671)
prokka_CHQ_1/CHQ_1:Prokka:CHQ_1_01233 (length 829)
prokka_CHQ_1/CHQ_1:Prokka:CHQ_1_01234 (length 188)
prokka_CHQ_1/CHQ_1:Prokka:CHQ_1_01235 (length 96)
prokka_CHQ_1/CHQ_1:Prokka:CHQ_1_01237 (length 695)
prokka_CHQ_1/CHQ_1:Prokka:CHQ_1_01238 (length 196)
prokka_CHQ_1/CHQ_1:Prokka:CHQ_1_01239 (length 598)
prokka_CHQ_1/CHQ_1:Prokka:CHQ_1_01240 (length 107)
prokka_CHQ_1/CHQ_1:Prokka:CHQ_1_01241 (length 433)
prokka_CHQ_1/CHQ_1:Prokka:CHQ_1_01242 (length 478)
prokka_CHQ_1/CHQ_1:Prokka:CHQ_1_01243 (length 158)
prokka_CHQ_1/CHQ_1:Prokka:CHQ_1_01244 (length 416)
prokka_CHQ_1/CHQ_1:Prokka:CHQ_1_01245 (length 97)
prokka_CHQ_1/CHQ_1:Prokka:CHQ_1_01246 (length 548)
prokka_CHQ_1/CHQ_1:Prokka:CHQ_1_01247 (length 117)
prokka_CHQ_1/CHQ_1:Prokka:CHQ_1_01248 (length 287)
prokka_CHQ_1/CHQ_1:Prokka:CHQ_1_01249 (length 707)
prokka_CHQ_1/CHQ_1:Prokka:CHQ_1_01250 (length 428)
prokka_CHQ_1/CHQ_1:Prokka:CHQ_1_01251 (length 343)
prokka_CHQ_1/CHQ_1:Prokka:CHQ_1_01252 (length 847)
prokka_CHQ_1/CHQ_1:Prokka:CHQ_1_01253 (length 228)
prokka_CHQ_1/CHQ_1:Prokka:CHQ_1_01254 (length 166)
prokka_CHQ_1/CHQ_1:Prokka:CHQ_1_01255 (length 224)
prokka_CHQ_1/CHQ_1:Prokka:CHQ_1_01256 (length 342)
prokka_CHQ_1/CHQ_1:Prokka:CHQ_1_01257 (length 188)
prokka_CHQ_1/CHQ_1:Prokka:CHQ_1_01258 (length 43)
prokka_CHQ_1/CHQ_1:Prokka:CHQ_1_01259 (length 63)
prokka_CHQ_1/CHQ_1:Prokka:CHQ_1_01260 (length 105)
prokka_CHQ_1/CHQ_1:Prokka:CHQ_1_01261 (length 177)
prokka_CHQ_1/CHQ_1:Prokka:CHQ_1_01262 (length 119)
prokka_CHQ_1/CHQ_1:Prokka:CHQ_1_01263 (length 131)
prokka_CHQ_1/CHQ_1:Prokka:CHQ_1_01264 (length 244)
prokka_CHQ_1/CHQ_1:Prokka:CHQ_1_01265 (length 596)
prokka_CHQ_1/CHQ_1:Prokka:CHQ_1_01266 (length 325)
prokka_CHQ_1/CHQ_1:Prokka:CHQ_1_01267 (length 65)
prokka_CHQ_1/CHQ_1:Prokka:CHQ_1_01268 (length 1109)
prokka_CHQ_1/CHQ_1:Prokka:CHQ_1_01269 (length 320)
prokka_CHQ_1/CHQ_1:Prokka:CHQ_1_01270 (length 353)
prokka_CHQ_1/CHQ_1:Prokka:CHQ_1_01271 (length 181)
prokka_CHQ_1/CHQ_1:Prokka:CHQ_1_01272 (length 243)
prokka_CHQ_1/CHQ_1:Prokka:CHQ_1_01276 (length 379)
prokka_CHQ_1/CHQ_1:Prokka:CHQ_1_01277 (length 503)
prokka_CHQ_1/CHQ_1:Prokka:CHQ_1_01278 (length 153)
prokka_CHQ_1/CHQ_1:Prokka:CHQ_1_01279 (length 450)
prokka_CHQ_1/CHQ_1:Prokka:CHQ_1_01280 (length 619)
prokka_CHQ_1/CHQ_1:Prokka:CHQ_1_01281 (length 316)
prokka_CHQ_1/CHQ_1:Prokka:CHQ_1_01282 (length 102)
prokka_CHQ_1/CHQ_1:Prokka:CHQ_1_01283 (length 426)
prokka_CHQ_1/CHQ_1:Prokka:CHQ_1_01284 (length 420)
prokka_CHQ_1/CHQ_1:Prokka:CHQ_1_01285 (length 334)
prokka_CHQ_1/CHQ_1:Prokka:CHQ_1_01286 (length 96)
prokka_CHQ_1/CHQ_1:Prokka:CHQ_1_01287 (length 84)
prokka_CHQ_1/CHQ_1:Prokka:CHQ_1_01288 (length 432)
prokka_CHQ_1/CHQ_1:Prokka:CHQ_1_01289 (length 141)
prokka_CHQ_1/CHQ_1:Prokka:CHQ_1_01290 (length 812)
prokka_CHQ_1/CHQ_1:Prokka:CHQ_1_01291 (length 243)
prokka_CHQ_1/CHQ_1:Prokka:CHQ_1_01292 (length 545)
prokka_CHQ_1/CHQ_1:Prokka:CHQ_1_01293 (length 91)
prokka_CHQ_1/CHQ_1:Prokka:CHQ_1_01294 (length 102)
prokka_CHQ_1/CHQ_1:Prokka:CHQ_1_01295 (length 238)
prokka_CHQ_1/CHQ_1:Prokka:CHQ_1_01296 (length 251)
prokka_CHQ_1/CHQ_1:Prokka:CHQ_1_01297 (length 354)
prokka_CHQ_1/CHQ_1:Prokka:CHQ_1_01298 (length 466)
prokka_CHQ_1/CHQ_1:Prokka:CHQ_1_01299 (length 101)
prokka_CHQ_1/CHQ_1:Prokka:CHQ_1_01300 (length 155)
prokka_CHQ_1/CHQ_1:Prokka:CHQ_1_01301 (length 216)
prokka_CHQ_1/CHQ_1:Prokka:CHQ_1_01302 (length 284)
prokka_CHQ_1/CHQ_1:Prokka:CHQ_1_01303 (length 228)
prokka_CHQ_1/CHQ_1:Prokka:CHQ_1_01304 (length 397)
prokka_CHQ_1/CHQ_1:Prokka:CHQ_1_01305 (length 91)
prokka_CHQ_1/CHQ_1:Prokka:CHQ_1_01306 (length 131)
prokka_CHQ_1/CHQ_1:Prokka:CHQ_1_01307 (length 104)
prokka_CHQ_1/CHQ_1:Prokka:CHQ_1_01308 (length 75)
prokka_CHQ_1/CHQ_1:Prokka:CHQ_1_01309 (length 149)
prokka_CHQ_1/CHQ_1:Prokka:CHQ_1_01310 (length 224)
prokka_CHQ_1/CHQ_1:Prokka:CHQ_1_01311 (length 206)
prokka_CHQ_1/CHQ_1:Prokka:CHQ_1_01312 (length 467)
prokka_CHQ_1/CHQ_1:Prokka:CHQ_1_01313 (length 220)
prokka_CHQ_1/CHQ_1:Prokka:CHQ_1_01314 (length 323)
prokka_CHQ_1/CHQ_1:Prokka:CHQ_1_01315 (length 274)
prokka_CHQ_1/CHQ_1:Prokka:CHQ_1_01316 (length 282)
prokka_CHQ_1/CHQ_1:Prokka:CHQ_1_01317 (length 123)
prokka_CHQ_1/CHQ_1:Prokka:CHQ_1_01318 (length 647)
prokka_CHQ_1/CHQ_1:Prokka:CHQ_1_01319 (length 247)
prokka_CHQ_1/CHQ_1:Prokka:CHQ_1_01320 (length 185)
prokka_CHQ_1/CHQ_1:Prokka:CHQ_1_01321 (length 68)
prokka_CHQ_1/CHQ_1:Prokka:CHQ_1_01322 (length 290)
prokka_CHQ_1/CHQ_1:Prokka:CHQ_1_01323 (length 669)
prokka_CHQ_1/CHQ_1:Prokka:CHQ_1_01324 (length 410)
prokka_CHQ_1/CHQ_1:Prokka:CHQ_1_01325 (length 445)
prokka_CHQ_1/CHQ_1:Prokka:CHQ_1_01326 (length 212)
prokka_CHQ_1/CHQ_1:Prokka:CHQ_1_01327 (length 577)
prokka_CHQ_1/CHQ_1:Prokka:CHQ_1_01328 (length 1258)
prokka_CHQ_1/CHQ_1:Prokka:CHQ_1_01329 (length 114)
prokka_CHQ_1/CHQ_1:Prokka:CHQ_1_01330 (length 395)
prokka_CHQ_1/CHQ_1:Prokka:CHQ_1_01331 (length 176)
prokka_CHQ_1/CHQ_1:Prokka:CHQ_1_01332 (length 318)
prokka_CHQ_1/CHQ_1:Prokka:CHQ_1_01333 (length 500)
prokka_CHQ_1/CHQ_1:Prokka:CHQ_1_01334 (length 341)
prokka_CHQ_1/CHQ_1:Prokka:CHQ_1_01335 (length 332)
prokka_CHQ_1/CHQ_1:Prokka:CHQ_1_01336 (length 332)
prokka_CHQ_1/CHQ_1:Prokka:CHQ_1_01337 (length 457)
prokka_CHQ_1/CHQ_1:Prokka:CHQ_1_01338 (length 175)
prokka_CHQ_1/CHQ_1:Prokka:CHQ_1_01339 (length 402)
prokka_CHQ_1/CHQ_1:Prokka:CHQ_1_01340 (length 183)
prokka_CHQ_1/CHQ_1:Prokka:CHQ_1_01341 (length 446)
prokka_CHQ_1/CHQ_1:Prokka:CHQ_1_01342 (length 128)
prokka_CHQ_1/CHQ_1:Prokka:CHQ_1_01343 (length 112)
prokka_CHQ_1/CHQ_1:Prokka:CHQ_1_01344 (length 120)
prokka_CHQ_1/CHQ_1:Prokka:CHQ_1_01345 (length 99)
prokka_CHQ_1/CHQ_1:Prokka:CHQ_1_01346 (length 258)
prokka_CHQ_1/CHQ_1:Prokka:CHQ_1_01347 (length 214)
prokka_CHQ_1/CHQ_1:Prokka:CHQ_1_01348 (length 377)
prokka_CHQ_1/CHQ_1:Prokka:CHQ_1_01349 (length 372)
prokka_CHQ_1/CHQ_1:Prokka:CHQ_1_01350 (length 246)
prokka_CHQ_1/CHQ_1:Prokka:CHQ_1_01351 (length 383)
prokka_CHQ_1/CHQ_1:Prokka:CHQ_1_01352 (length 636)
prokka_CHQ_1/CHQ_1:Prokka:CHQ_1_01353 (length 80)
prokka_CHQ_1/CHQ_1:Prokka:CHQ_1_01354 (length 94)
prokka_CHQ_1/CHQ_1:Prokka:CHQ_1_01355 (length 154)
prokka_CHQ_1/CHQ_1:Prokka:CHQ_1_01356 (length 712)
prokka_CHQ_1/CHQ_1:Prokka:CHQ_1_01357 (length 63)
prokka_CHQ_1/CHQ_1:Prokka:CHQ_1_01358 (length 551)
prokka_CHQ_1/CHQ_1:Prokka:CHQ_1_01359 (length 472)
prokka_CHQ_1/CHQ_1:Prokka:CHQ_1_01360 (length 315)
prokka_CHQ_1/CHQ_1:Prokka:CHQ_1_01361 (length 902)
prokka_CHQ_1/CHQ_1:Prokka:CHQ_1_01362 (length 128)
prokka_CHQ_1/CHQ_1:Prokka:CHQ_1_01363 (length 153)
prokka_CHQ_1/CHQ_1:Prokka:CHQ_1_01364 (length 311)
prokka_CHQ_1/CHQ_1:Prokka:CHQ_1_01365 (length 150)
prokka_CHQ_1/CHQ_1:Prokka:CHQ_1_01366 (length 334)
prokka_CHQ_1/CHQ_1:Prokka:CHQ_1_01367 (length 140)
prokka_CHQ_1/CHQ_1:Prokka:CHQ_1_01368 (length 254)
prokka_CHQ_1/CHQ_1:Prokka:CHQ_1_01369 (length 167)
prokka_CHQ_1/CHQ_1:Prokka:CHQ_1_01370 (length 951)
prokka_CHQ_1/CHQ_1:Prokka:CHQ_1_01371 (length 147)
prokka_CHQ_1/CHQ_1:Prokka:CHQ_1_01372 (length 503)
prokka_CHQ_1/CHQ_1:Prokka:CHQ_1_01373 (length 365)
prokka_CHQ_1/CHQ_1:Prokka:CHQ_1_01374 (length 360)
prokka_CHQ_1/CHQ_1:Prokka:CHQ_1_01375 (length 500)
prokka_CHQ_1/CHQ_1:Prokka:CHQ_1_01376 (length 273)
prokka_CHQ_1/CHQ_1:Prokka:CHQ_1_01377 (length 501)
prokka_CHQ_1/CHQ_1:Prokka:CHQ_1_01378 (length 269)
prokka_CHQ_1/CHQ_1:Prokka:CHQ_1_01379 (length 285)
prokka_CHQ_1/CHQ_1:Prokka:CHQ_1_01380 (length 637)
prokka_CHQ_1/CHQ_1:Prokka:CHQ_1_01381 (length 646)
prokka_CHQ_1/CHQ_1:Prokka:CHQ_1_01382 (length 337)
prokka_CHQ_1/CHQ_1:Prokka:CHQ_1_01383 (length 294)
prokka_CHQ_1/CHQ_1:Prokka:CHQ_1_01384 (length 299)
prokka_CHQ_1/CHQ_1:Prokka:CHQ_1_01385 (length 436)
prokka_CHQ_1/CHQ_1:Prokka:CHQ_1_01386 (length 357)
prokka_CHQ_1/CHQ_1:Prokka:CHQ_1_01387 (length 274)
prokka_CHQ_1/CHQ_1:Prokka:CHQ_1_01388 (length 295)
prokka_CHQ_1/CHQ_1:Prokka:CHQ_1_01389 (length 290)
prokka_CHQ_1/CHQ_1:Prokka:CHQ_1_01390 (length 339)
prokka_CHQ_1/CHQ_1:Prokka:CHQ_1_01391 (length 489)
prokka_CHQ_1/CHQ_1:Prokka:CHQ_1_01392 (length 224)
prokka_CHQ_1/CHQ_1:Prokka:CHQ_1_01394 (length 58)
prokka_CHQ_1/CHQ_1:Prokka:CHQ_1_01395 (length 125)
prokka_CHQ_1/CHQ_1:Prokka:CHQ_1_01396 (length 328)
prokka_CHQ_1/CHQ_1:Prokka:CHQ_1_01397 (length 477)
prokka_CHQ_1/CHQ_1:Prokka:CHQ_1_01398 (length 557)
prokka_CHQ_1/CHQ_1:Prokka:CHQ_1_01399 (length 676)
prokka_CHQ_1/CHQ_1:Prokka:CHQ_1_01400 (length 328)
prokka_CHQ_1/CHQ_1:Prokka:CHQ_1_01401 (length 131)
prokka_CHQ_1/CHQ_1:Prokka:CHQ_1_01402 (length 197)
prokka_CHQ_1/CHQ_1:Prokka:CHQ_1_01403 (length 289)
prokka_CHQ_1/CHQ_1:Prokka:CHQ_1_01404 (length 212)
prokka_CHQ_1/CHQ_1:Prokka:CHQ_1_01405 (length 559)
prokka_CHQ_1/CHQ_1:Prokka:CHQ_1_01406 (length 484)
prokka_CHQ_1/CHQ_1:Prokka:CHQ_1_01407 (length 439)
prokka_CHQ_1/CHQ_1:Prokka:CHQ_1_11 (length 1351)
prokka_CHQ_1/CHQ_1:Prokka:CHQ_1_01408 (length 253)
prokka_CHQ_1/CHQ_1:Prokka:CHQ_1_12 (length 6019)
prokka_CHQ_1/CHQ_1:Prokka:CHQ_1_01409 (length 417)
prokka_CHQ_1/CHQ_1:Prokka:CHQ_1_01410 (length 1024)
prokka_CHQ_1/CHQ_1:Prokka:CHQ_1_01411 (length 382)
prokka_CHQ_1/CHQ_1:Prokka:CHQ_1_13 (length 8405)
prokka_CHQ_1/CHQ_1:Prokka:CHQ_1_01412 (length 334)
prokka_CHQ_1/CHQ_1:Prokka:CHQ_1_01413 (length 388)
prokka_CHQ_1/CHQ_1:Prokka:CHQ_1_01414 (length 184)
prokka_CHQ_1/CHQ_1:Prokka:CHQ_1_01415 (length 296)
prokka_CHQ_1/CHQ_1:Prokka:CHQ_1_01416 (length 289)
prokka_CHQ_1/CHQ_1:Prokka:CHQ_1_01417 (length 354)
prokka_CHQ_1/CHQ_1:Prokka:CHQ_1_14 (length 5132)
prokka_CHQ_1/CHQ_1:Prokka:CHQ_1_01418 (length 125)
prokka_CHQ_1/CHQ_1:Prokka:CHQ_1_01419 (length 269)
prokka_CHQ_1/CHQ_1:Prokka:CHQ_1_01420 (length 304)
prokka_CHQ_1/CHQ_1:Prokka:CHQ_1_01421 (length 153)
prokka_CHQ_1/CHQ_1:Prokka:CHQ_1_01422 (length 231)
prokka_CHQ_1/CHQ_1:Prokka:CHQ_1_15 (length 216607)
prokka_CHQ_1/CHQ_1:Prokka:CHQ_1_01423 (length 136)
prokka_CHQ_1/CHQ_1:Prokka:CHQ_1_01424 (length 311)
prokka_CHQ_1/CHQ_1:Prokka:CHQ_1_01425 (length 144)
prokka_CHQ_1/CHQ_1:Prokka:CHQ_1_01426 (length 163)
prokka_CHQ_1/CHQ_1:Prokka:CHQ_1_01427 (length 531)
prokka_CHQ_1/CHQ_1:Prokka:CHQ_1_01428 (length 622)
prokka_CHQ_1/CHQ_1:Prokka:CHQ_1_01429 (length 486)
prokka_CHQ_1/CHQ_1:Prokka:CHQ_1_01430 (length 277)
prokka_CHQ_1/CHQ_1:Prokka:CHQ_1_01431 (length 291)
prokka_CHQ_1/CHQ_1:Prokka:CHQ_1_01432 (length 204)
prokka_CHQ_1/CHQ_1:Prokka:CHQ_1_01433 (length 104)
prokka_CHQ_1/CHQ_1:Prokka:CHQ_1_01434 (length 424)
prokka_CHQ_1/CHQ_1:Prokka:CHQ_1_01435 (length 520)
prokka_CHQ_1/CHQ_1:Prokka:CHQ_1_01436 (length 346)
prokka_CHQ_1/CHQ_1:Prokka:CHQ_1_01437 (length 185)
prokka_CHQ_1/CHQ_1:Prokka:CHQ_1_01438 (length 372)
prokka_CHQ_1/CHQ_1:Prokka:CHQ_1_01439 (length 140)
prokka_CHQ_1/CHQ_1:Prokka:CHQ_1_01440 (length 128)
prokka_CHQ_1/CHQ_1:Prokka:CHQ_1_01441 (length 465)
prokka_CHQ_1/CHQ_1:Prokka:CHQ_1_01442 (length 61)
prokka_CHQ_1/CHQ_1:Prokka:CHQ_1_01443 (length 528)
prokka_CHQ_1/CHQ_1:Prokka:CHQ_1_01444 (length 279)
prokka_CHQ_1/CHQ_1:Prokka:CHQ_1_01445 (length 261)
prokka_CHQ_1/CHQ_1:Prokka:CHQ_1_01446 (length 221)
prokka_CHQ_1/CHQ_1:Prokka:CHQ_1_01447 (length 219)
prokka_CHQ_1/CHQ_1:Prokka:CHQ_1_01448 (length 245)
prokka_CHQ_1/CHQ_1:Prokka:CHQ_1_01449 (length 413)
prokka_CHQ_1/CHQ_1:Prokka:CHQ_1_01450 (length 419)
prokka_CHQ_1/CHQ_1:Prokka:CHQ_1_01451 (length 325)
prokka_CHQ_1/CHQ_1:Prokka:CHQ_1_01452 (length 297)
prokka_CHQ_1/CHQ_1:Prokka:CHQ_1_01453 (length 160)
prokka_CHQ_1/CHQ_1:Prokka:CHQ_1_01454 (length 366)
prokka_CHQ_1/CHQ_1:Prokka:CHQ_1_01455 (length 535)
prokka_CHQ_1/CHQ_1:Prokka:CHQ_1_01456 (length 410)
prokka_CHQ_1/CHQ_1:Prokka:CHQ_1_01457 (length 304)
prokka_CHQ_1/CHQ_1:Prokka:CHQ_1_01458 (length 366)
prokka_CHQ_1/CHQ_1:Prokka:CHQ_1_01459 (length 192)
prokka_CHQ_1/CHQ_1:Prokka:CHQ_1_01460 (length 200)
prokka_CHQ_1/CHQ_1:Prokka:CHQ_1_01461 (length 178)
prokka_CHQ_1/CHQ_1:Prokka:CHQ_1_01462 (length 418)
prokka_CHQ_1/CHQ_1:Prokka:CHQ_1_01463 (length 143)
prokka_CHQ_1/CHQ_1:Prokka:CHQ_1_01464 (length 116)
prokka_CHQ_1/CHQ_1:Prokka:CHQ_1_01465 (length 352)
prokka_CHQ_1/CHQ_1:Prokka:CHQ_1_01466 (length 271)
prokka_CHQ_1/CHQ_1:Prokka:CHQ_1_01467 (length 258)
prokka_CHQ_1/CHQ_1:Prokka:CHQ_1_01468 (length 242)
prokka_CHQ_1/CHQ_1:Prokka:CHQ_1_01469 (length 211)
prokka_CHQ_1/CHQ_1:Prokka:CHQ_1_01470 (length 1201)
prokka_CHQ_1/CHQ_1:Prokka:CHQ_1_01471 (length 598)
prokka_CHQ_1/CHQ_1:Prokka:CHQ_1_01472 (length 263)
prokka_CHQ_1/CHQ_1:Prokka:CHQ_1_01473 (length 206)
prokka_CHQ_1/CHQ_1:Prokka:CHQ_1_01474 (length 149)
prokka_CHQ_1/CHQ_1:Prokka:CHQ_1_01475 (length 463)
prokka_CHQ_1/CHQ_1:Prokka:CHQ_1_01476 (length 422)
prokka_CHQ_1/CHQ_1:Prokka:CHQ_1_01477 (length 669)
prokka_CHQ_1/CHQ_1:Prokka:CHQ_1_01478 (length 416)
prokka_CHQ_1/CHQ_1:Prokka:CHQ_1_01479 (length 112)
prokka_CHQ_1/CHQ_1:Prokka:CHQ_1_01480 (length 261)
prokka_CHQ_1/CHQ_1:Prokka:CHQ_1_01481 (length 231)
prokka_CHQ_1/CHQ_1:Prokka:CHQ_1_01482 (length 398)
prokka_CHQ_1/CHQ_1:Prokka:CHQ_1_01483 (length 382)
prokka_CHQ_1/CHQ_1:Prokka:CHQ_1_01484 (length 1024)
prokka_CHQ_1/CHQ_1:Prokka:CHQ_1_01485 (length 489)
prokka_CHQ_1/CHQ_1:Prokka:CHQ_1_01486 (length 291)
prokka_CHQ_1/CHQ_1:Prokka:CHQ_1_01487 (length 309)
prokka_CHQ_1/CHQ_1:Prokka:CHQ_1_01488 (length 251)
prokka_CHQ_1/CHQ_1:Prokka:CHQ_1_01489 (length 247)
prokka_CHQ_1/CHQ_1:Prokka:CHQ_1_01490 (length 512)
prokka_CHQ_1/CHQ_1:Prokka:CHQ_1_01491 (length 442)
prokka_CHQ_1/CHQ_1:Prokka:CHQ_1_01492 (length 481)
prokka_CHQ_1/CHQ_1:Prokka:CHQ_1_01493 (length 147)
prokka_CHQ_1/CHQ_1:Prokka:CHQ_1_01494 (length 83)
prokka_CHQ_1/CHQ_1:Prokka:CHQ_1_01495 (length 46)
prokka_CHQ_1/CHQ_1:Prokka:CHQ_1_01496 (length 312)
prokka_CHQ_1/CHQ_1:Prokka:CHQ_1_01497 (length 551)
prokka_CHQ_1/CHQ_1:Prokka:CHQ_1_01498 (length 82)
prokka_CHQ_1/CHQ_1:Prokka:CHQ_1_01499 (length 72)
prokka_CHQ_1/CHQ_1:Prokka:CHQ_1_01500 (length 260)
prokka_CHQ_1/CHQ_1:Prokka:CHQ_1_01501 (length 371)
prokka_CHQ_1/CHQ_1:Prokka:CHQ_1_01502 (length 114)
prokka_CHQ_1/CHQ_1:Prokka:CHQ_1_01503 (length 177)
prokka_CHQ_1/CHQ_1:Prokka:CHQ_1_01504 (length 68)
prokka_CHQ_1/CHQ_1:Prokka:CHQ_1_01505 (length 430)
prokka_CHQ_1/CHQ_1:Prokka:CHQ_1_01506 (length 440)
prokka_CHQ_1/CHQ_1:Prokka:CHQ_1_01507 (length 95)
prokka_CHQ_1/CHQ_1:Prokka:CHQ_1_01508 (length 108)
prokka_CHQ_1/CHQ_1:Prokka:CHQ_1_01509 (length 166)
prokka_CHQ_1/CHQ_1:Prokka:CHQ_1_01510 (length 459)
prokka_CHQ_1/CHQ_1:Prokka:CHQ_1_01511 (length 384)
prokka_CHQ_1/CHQ_1:Prokka:CHQ_1_01512 (length 307)
prokka_CHQ_1/CHQ_1:Prokka:CHQ_1_01513 (length 345)
prokka_CHQ_1/CHQ_1:Prokka:CHQ_1_01514 (length 324)
prokka_CHQ_1/CHQ_1:Prokka:CHQ_1_01515 (length 412)
prokka_CHQ_1/CHQ_1:Prokka:CHQ_1_01516 (length 314)
prokka_CHQ_1/CHQ_1:Prokka:CHQ_1_01517 (length 251)
prokka_CHQ_1/CHQ_1:Prokka:CHQ_1_01518 (length 103)
prokka_CHQ_1/CHQ_1:Prokka:CHQ_1_01519 (length 87)
prokka_CHQ_1/CHQ_1:Prokka:CHQ_1_01520 (length 342)
prokka_CHQ_1/CHQ_1:Prokka:CHQ_1_01521 (length 268)
prokka_CHQ_1/CHQ_1:Prokka:CHQ_1_01522 (length 263)
prokka_CHQ_1/CHQ_1:Prokka:CHQ_1_01523 (length 223)
prokka_CHQ_1/CHQ_1:Prokka:CHQ_1_01524 (length 352)
prokka_CHQ_1/CHQ_1:Prokka:CHQ_1_01525 (length 281)
prokka_CHQ_1/CHQ_1:Prokka:CHQ_1_01526 (length 140)
prokka_CHQ_1/CHQ_1:Prokka:CHQ_1_01527 (length 395)
prokka_CHQ_1/CHQ_1:Prokka:CHQ_1_01528 (length 96)
prokka_CHQ_1/CHQ_1:Prokka:CHQ_1_01529 (length 253)
prokka_CHQ_1/CHQ_1:Prokka:CHQ_1_01530 (length 106)
prokka_CHQ_1/CHQ_1:Prokka:CHQ_1_01531 (length 126)
prokka_CHQ_1/CHQ_1:Prokka:CHQ_1_01532 (length 32)
prokka_CHQ_1/CHQ_1:Prokka:CHQ_1_01533 (length 148)
prokka_CHQ_1/CHQ_1:Prokka:CHQ_1_01534 (length 483)
prokka_CHQ_1/CHQ_1:Prokka:CHQ_1_01535 (length 176)
prokka_CHQ_1/CHQ_1:Prokka:CHQ_1_01536 (length 474)
prokka_CHQ_1/CHQ_1:Prokka:CHQ_1_01537 (length 122)
prokka_CHQ_1/CHQ_1:Prokka:CHQ_1_01538 (length 308)
prokka_CHQ_1/CHQ_1:Prokka:CHQ_1_01539 (length 461)
prokka_CHQ_1/CHQ_1:Prokka:CHQ_1_01540 (length 292)
prokka_CHQ_1/CHQ_1:Prokka:CHQ_1_01541 (length 160)
prokka_CHQ_1/CHQ_1:Prokka:CHQ_1_01542 (length 314)
prokka_CHQ_1/CHQ_1:Prokka:CHQ_1_01543 (length 264)
prokka_CHQ_1/CHQ_1:Prokka:CHQ_1_01544 (length 399)
prokka_CHQ_1/CHQ_1:Prokka:CHQ_1_01545 (length 222)
prokka_CHQ_1/CHQ_1:Prokka:CHQ_1_01546 (length 144)
prokka_CHQ_1/CHQ_1:Prokka:CHQ_1_01547 (length 126)
prokka_CHQ_1/CHQ_1:Prokka:CHQ_1_01548 (length 72)
prokka_CHQ_1/CHQ_1:Prokka:CHQ_1_01549 (length 299)
prokka_CHQ_1/CHQ_1:Prokka:CHQ_1_01550 (length 398)
prokka_CHQ_1/CHQ_1:Prokka:CHQ_1_01551 (length 160)
prokka_CHQ_1/CHQ_1:Prokka:CHQ_1_01552 (length 232)
prokka_CHQ_1/CHQ_1:Prokka:CHQ_1_01553 (length 265)
prokka_CHQ_1/CHQ_1:Prokka:CHQ_1_01554 (length 357)
prokka_CHQ_1/CHQ_1:Prokka:CHQ_1_01555 (length 524)
prokka_CHQ_1/CHQ_1:Prokka:CHQ_1_01556 (length 423)
prokka_CHQ_1/CHQ_1:Prokka:CHQ_1_01557 (length 367)
prokka_CHQ_1/CHQ_1:Prokka:CHQ_1_01558 (length 132)
prokka_CHQ_1/CHQ_1:Prokka:CHQ_1_01559 (length 365)
prokka_CHQ_1/CHQ_1:Prokka:CHQ_1_01560 (length 72)
prokka_CHQ_1/CHQ_1:Prokka:CHQ_1_01561 (length 146)
prokka_CHQ_1/CHQ_1:Prokka:CHQ_1_01562 (length 354)
prokka_CHQ_1/CHQ_1:Prokka:CHQ_1_01563 (length 1035)
prokka_CHQ_1/CHQ_1:Prokka:CHQ_1_01564 (length 421)
prokka_CHQ_1/CHQ_1:Prokka:CHQ_1_01565 (length 362)
prokka_CHQ_1/CHQ_1:Prokka:CHQ_1_01566 (length 86)
prokka_CHQ_1/CHQ_1:Prokka:CHQ_1_01567 (length 43)
prokka_CHQ_1/CHQ_1:Prokka:CHQ_1_01568 (length 286)
prokka_CHQ_1/CHQ_1:Prokka:CHQ_1_01569 (length 253)
prokka_CHQ_1/CHQ_1:Prokka:CHQ_1_01570 (length 300)
prokka_CHQ_1/CHQ_1:Prokka:CHQ_1_01571 (length 421)
prokka_CHQ_1/CHQ_1:Prokka:CHQ_1_01572 (length 206)
prokka_CHQ_1/CHQ_1:Prokka:CHQ_1_01573 (length 260)
prokka_CHQ_1/CHQ_1:Prokka:CHQ_1_01574 (length 454)
prokka_CHQ_1/CHQ_1:Prokka:CHQ_1_01575 (length 304)
prokka_CHQ_1/CHQ_1:Prokka:CHQ_1_01576 (length 203)
prokka_CHQ_1/CHQ_1:Prokka:CHQ_1_01577 (length 405)
prokka_CHQ_1/CHQ_1:Prokka:CHQ_1_01578 (length 170)
prokka_CHQ_1/CHQ_1:Prokka:CHQ_1_01579 (length 157)
prokka_CHQ_1/CHQ_1:Prokka:CHQ_1_01580 (length 34)
prokka_CHQ_1/CHQ_1:Prokka:CHQ_1_01581 (length 223)
prokka_CHQ_1/CHQ_1:Prokka:CHQ_1_01582 (length 178)
prokka_CHQ_1/CHQ_1:Prokka:CHQ_1_01583 (length 229)
prokka_CHQ_1/CHQ_1:Prokka:CHQ_1_01584 (length 193)
prokka_CHQ_1/CHQ_1:Prokka:CHQ_1_01585 (length 681)
prokka_CHQ_1/CHQ_1:Prokka:CHQ_1_01586 (length 249)
prokka_CHQ_1/CHQ_1:Prokka:CHQ_1_01587 (length 228)
prokka_CHQ_1/CHQ_1:Prokka:CHQ_1_01588 (length 143)
prokka_CHQ_1/CHQ_1:Prokka:CHQ_1_01589 (length 487)
prokka_CHQ_1/CHQ_1:Prokka:CHQ_1_01590 (length 427)
prokka_CHQ_1/CHQ_1:Prokka:CHQ_1_01591 (length 108)
prokka_CHQ_1/CHQ_1:Prokka:CHQ_1_01592 (length 113)
prokka_CHQ_1/CHQ_1:Prokka:CHQ_1_01593 (length 186)
prokka_CHQ_1/CHQ_1:Prokka:CHQ_1_01594 (length 236)
prokka_CHQ_1/CHQ_1:Prokka:CHQ_1_01595 (length 89)
prokka_CHQ_1/CHQ_1:Prokka:CHQ_1_01596 (length 811)
prokka_CHQ_1/CHQ_1:Prokka:CHQ_1_01597 (length 205)
prokka_CHQ_1/CHQ_1:Prokka:CHQ_1_01598 (length 285)
prokka_CHQ_1/CHQ_1:Prokka:CHQ_1_01599 (length 202)
prokka_CHQ_1/CHQ_1:Prokka:CHQ_1_01600 (length 431)
prokka_CHQ_1/CHQ_1:Prokka:CHQ_1_01601 (length 231)
prokka_CHQ_1/CHQ_1:Prokka:CHQ_1_01602 (length 407)
prokka_CHQ_1/CHQ_1:Prokka:CHQ_1_01603 (length 300)
prokka_CHQ_1/CHQ_1:Prokka:CHQ_1_01604 (length 416)
prokka_CHQ_1/CHQ_1:Prokka:CHQ_1_01605 (length 495)
prokka_CHQ_1/CHQ_1:Prokka:CHQ_1_01606 (length 123)
prokka_CHQ_1/CHQ_1:Prokka:CHQ_1_01607 (length 34)
prokka_CHQ_1/CHQ_1:Prokka:CHQ_1_01608 (length 270)
prokka_CHQ_1/CHQ_1:Prokka:CHQ_1_01609 (length 700)
prokka_CHQ_1/CHQ_1:Prokka:CHQ_1_01610 (length 109)
prokka_CHQ_1/CHQ_1:Prokka:CHQ_1_01611 (length 120)
prokka_CHQ_1/CHQ_1:Prokka:CHQ_1_01612 (length 344)
prokka_CHQ_1/CHQ_1:Prokka:CHQ_1_01613 (length 551)
prokka_CHQ_1/CHQ_1:Prokka:CHQ_1_01614 (length 280)
prokka_CHQ_1/CHQ_1:Prokka:CHQ_1_01615 (length 99)
prokka_CHQ_1/CHQ_1:Prokka:CHQ_1_01616 (length 277)
prokka_CHQ_1/CHQ_1:Prokka:CHQ_1_01617 (length 266)
prokka_CHQ_1/CHQ_1:Prokka:CHQ_1_01618 (length 319)
prokka_CHQ_1/CHQ_1:Prokka:CHQ_1_01619 (length 205)
prokka_CHQ_1/CHQ_1:Prokka:CHQ_1_01620 (length 300)
prokka_CHQ_1/CHQ_1:Prokka:CHQ_1_01621 (length 308)
prokka_CHQ_1/CHQ_1:Prokka:CHQ_1_01622 (length 548)
prokka_CHQ_1/CHQ_1:Prokka:CHQ_1_01623 (length 306)
prokka_CHQ_1/CHQ_1:Prokka:CHQ_1_01624 (length 107)
prokka_CHQ_1/CHQ_1:Prokka:CHQ_1_01625 (length 538)
prokka_CHQ_1/CHQ_1:Prokka:CHQ_1_01626 (length 239)
prokka_CHQ_1/CHQ_1:Prokka:CHQ_1_01627 (length 316)
prokka_CHQ_1/CHQ_1:Prokka:CHQ_1_01628 (length 925)
prokka_CHQ_1/CHQ_1:Prokka:CHQ_1_01629 (length 477)
prokka_CHQ_1/CHQ_1:Prokka:CHQ_1_01630 (length 550)
prokka_CHQ_1/CHQ_1:Prokka:CHQ_1_01631 (length 538)
prokka_CHQ_1/CHQ_1:Prokka:CHQ_1_16 (length 2667)
prokka_CHQ_1/CHQ_1:Prokka:CHQ_1_01632 (length 436)
prokka_CHQ_1/CHQ_1:Prokka:CHQ_1_01633 (length 329)
prokka_CHQ_1/CHQ_1:Prokka:CHQ_1_17 (length 302596)
prokka_CHQ_1/CHQ_1:Prokka:CHQ_1_01637 (length 73)
prokka_CHQ_1/CHQ_1:Prokka:CHQ_1_01638 (length 1036)
prokka_CHQ_1/CHQ_1:Prokka:CHQ_1_01639 (length 379)
prokka_CHQ_1/CHQ_1:Prokka:CHQ_1_01640 (length 217)
prokka_CHQ_1/CHQ_1:Prokka:CHQ_1_01641 (length 98)
prokka_CHQ_1/CHQ_1:Prokka:CHQ_1_01642 (length 321)
prokka_CHQ_1/CHQ_1:Prokka:CHQ_1_01643 (length 293)
prokka_CHQ_1/CHQ_1:Prokka:CHQ_1_01644 (length 483)
prokka_CHQ_1/CHQ_1:Prokka:CHQ_1_01645 (length 80)
prokka_CHQ_1/CHQ_1:Prokka:CHQ_1_01646 (length 449)
prokka_CHQ_1/CHQ_1:Prokka:CHQ_1_01647 (length 155)
prokka_CHQ_1/CHQ_1:Prokka:CHQ_1_01648 (length 150)
prokka_CHQ_1/CHQ_1:Prokka:CHQ_1_01649 (length 199)
prokka_CHQ_1/CHQ_1:Prokka:CHQ_1_01650 (length 333)
prokka_CHQ_1/CHQ_1:Prokka:CHQ_1_01651 (length 646)
prokka_CHQ_1/CHQ_1:Prokka:CHQ_1_01652 (length 347)
prokka_CHQ_1/CHQ_1:Prokka:CHQ_1_01653 (length 330)
prokka_CHQ_1/CHQ_1:Prokka:CHQ_1_01654 (length 162)
prokka_CHQ_1/CHQ_1:Prokka:CHQ_1_01655 (length 193)
prokka_CHQ_1/CHQ_1:Prokka:CHQ_1_01656 (length 489)
prokka_CHQ_1/CHQ_1:Prokka:CHQ_1_01657 (length 1265)
prokka_CHQ_1/CHQ_1:Prokka:CHQ_1_01658 (length 481)
prokka_CHQ_1/CHQ_1:Prokka:CHQ_1_01659 (length 309)
prokka_CHQ_1/CHQ_1:Prokka:CHQ_1_01660 (length 67)
prokka_CHQ_1/CHQ_1:Prokka:CHQ_1_01661 (length 310)
prokka_CHQ_1/CHQ_1:Prokka:CHQ_1_01662 (length 655)
prokka_CHQ_1/CHQ_1:Prokka:CHQ_1_01663 (length 91)
prokka_CHQ_1/CHQ_1:Prokka:CHQ_1_01664 (length 88)
prokka_CHQ_1/CHQ_1:Prokka:CHQ_1_01665 (length 87)
prokka_CHQ_1/CHQ_1:Prokka:CHQ_1_01666 (length 156)
prokka_CHQ_1/CHQ_1:Prokka:CHQ_1_01667 (length 312)
prokka_CHQ_1/CHQ_1:Prokka:CHQ_1_01668 (length 352)
prokka_CHQ_1/CHQ_1:Prokka:CHQ_1_01669 (length 455)
prokka_CHQ_1/CHQ_1:Prokka:CHQ_1_01670 (length 132)
prokka_CHQ_1/CHQ_1:Prokka:CHQ_1_01671 (length 375)
prokka_CHQ_1/CHQ_1:Prokka:CHQ_1_01672 (length 142)
prokka_CHQ_1/CHQ_1:Prokka:CHQ_1_01673 (length 130)
prokka_CHQ_1/CHQ_1:Prokka:CHQ_1_01674 (length 212)
prokka_CHQ_1/CHQ_1:Prokka:CHQ_1_01675 (length 164)
prokka_CHQ_1/CHQ_1:Prokka:CHQ_1_01676 (length 256)
prokka_CHQ_1/CHQ_1:Prokka:CHQ_1_01677 (length 297)
prokka_CHQ_1/CHQ_1:Prokka:CHQ_1_01678 (length 495)
prokka_CHQ_1/CHQ_1:Prokka:CHQ_1_01679 (length 229)
prokka_CHQ_1/CHQ_1:Prokka:CHQ_1_01680 (length 294)
prokka_CHQ_1/CHQ_1:Prokka:CHQ_1_01681 (length 155)
prokka_CHQ_1/CHQ_1:Prokka:CHQ_1_01682 (length 472)
prokka_CHQ_1/CHQ_1:Prokka:CHQ_1_01683 (length 1486)
prokka_CHQ_1/CHQ_1:Prokka:CHQ_1_01684 (length 311)
prokka_CHQ_1/CHQ_1:Prokka:CHQ_1_01685 (length 427)
prokka_CHQ_1/CHQ_1:Prokka:CHQ_1_01686 (length 338)
prokka_CHQ_1/CHQ_1:Prokka:CHQ_1_01687 (length 356)
prokka_CHQ_1/CHQ_1:Prokka:CHQ_1_01688 (length 779)
prokka_CHQ_1/CHQ_1:Prokka:CHQ_1_01689 (length 217)
prokka_CHQ_1/CHQ_1:Prokka:CHQ_1_01690 (length 241)
prokka_CHQ_1/CHQ_1:Prokka:CHQ_1_01691 (length 90)
prokka_CHQ_1/CHQ_1:Prokka:CHQ_1_01692 (length 284)
prokka_CHQ_1/CHQ_1:Prokka:CHQ_1_01693 (length 162)
prokka_CHQ_1/CHQ_1:Prokka:CHQ_1_01694 (length 95)
prokka_CHQ_1/CHQ_1:Prokka:CHQ_1_01695 (length 477)
prokka_CHQ_1/CHQ_1:Prokka:CHQ_1_01696 (length 241)
prokka_CHQ_1/CHQ_1:Prokka:CHQ_1_01697 (length 181)
prokka_CHQ_1/CHQ_1:Prokka:CHQ_1_01698 (length 191)
prokka_CHQ_1/CHQ_1:Prokka:CHQ_1_01699 (length 188)
prokka_CHQ_1/CHQ_1:Prokka:CHQ_1_01700 (length 328)
prokka_CHQ_1/CHQ_1:Prokka:CHQ_1_01701 (length 325)
prokka_CHQ_1/CHQ_1:Prokka:CHQ_1_01702 (length 270)
prokka_CHQ_1/CHQ_1:Prokka:CHQ_1_01703 (length 260)
prokka_CHQ_1/CHQ_1:Prokka:CHQ_1_01704 (length 183)
prokka_CHQ_1/CHQ_1:Prokka:CHQ_1_01705 (length 211)
prokka_CHQ_1/CHQ_1:Prokka:CHQ_1_01706 (length 96)
prokka_CHQ_1/CHQ_1:Prokka:CHQ_1_01707 (length 84)
prokka_CHQ_1/CHQ_1:Prokka:CHQ_1_01708 (length 419)
prokka_CHQ_1/CHQ_1:Prokka:CHQ_1_01709 (length 90)
prokka_CHQ_1/CHQ_1:Prokka:CHQ_1_01710 (length 323)
prokka_CHQ_1/CHQ_1:Prokka:CHQ_1_01711 (length 105)
prokka_CHQ_1/CHQ_1:Prokka:CHQ_1_01712 (length 85)
prokka_CHQ_1/CHQ_1:Prokka:CHQ_1_01713 (length 321)
prokka_CHQ_1/CHQ_1:Prokka:CHQ_1_01714 (length 392)
prokka_CHQ_1/CHQ_1:Prokka:CHQ_1_01715 (length 477)
prokka_CHQ_1/CHQ_1:Prokka:CHQ_1_01716 (length 158)
prokka_CHQ_1/CHQ_1:Prokka:CHQ_1_01717 (length 110)
prokka_CHQ_1/CHQ_1:Prokka:CHQ_1_01718 (length 209)
prokka_CHQ_1/CHQ_1:Prokka:CHQ_1_01719 (length 644)
prokka_CHQ_1/CHQ_1:Prokka:CHQ_1_01720 (length 282)
prokka_CHQ_1/CHQ_1:Prokka:CHQ_1_01721 (length 445)
prokka_CHQ_1/CHQ_1:Prokka:CHQ_1_01722 (length 109)
prokka_CHQ_1/CHQ_1:Prokka:CHQ_1_01724 (length 133)
prokka_CHQ_1/CHQ_1:Prokka:CHQ_1_01725 (length 183)
prokka_CHQ_1/CHQ_1:Prokka:CHQ_1_01726 (length 209)
prokka_CHQ_1/CHQ_1:Prokka:CHQ_1_01727 (length 447)
prokka_CHQ_1/CHQ_1:Prokka:CHQ_1_01729 (length 140)
prokka_CHQ_1/CHQ_1:Prokka:CHQ_1_01730 (length 495)
prokka_CHQ_1/CHQ_1:Prokka:CHQ_1_01731 (length 896)
prokka_CHQ_1/CHQ_1:Prokka:CHQ_1_01732 (length 133)
prokka_CHQ_1/CHQ_1:Prokka:CHQ_1_01733 (length 314)
prokka_CHQ_1/CHQ_1:Prokka:CHQ_1_01734 (length 89)
prokka_CHQ_1/CHQ_1:Prokka:CHQ_1_01735 (length 711)
prokka_CHQ_1/CHQ_1:Prokka:CHQ_1_01736 (length 294)
prokka_CHQ_1/CHQ_1:Prokka:CHQ_1_01737 (length 643)
prokka_CHQ_1/CHQ_1:Prokka:CHQ_1_01738 (length 414)
prokka_CHQ_1/CHQ_1:Prokka:CHQ_1_01739 (length 335)
prokka_CHQ_1/CHQ_1:Prokka:CHQ_1_01740 (length 292)
prokka_CHQ_1/CHQ_1:Prokka:CHQ_1_01741 (length 331)
prokka_CHQ_1/CHQ_1:Prokka:CHQ_1_01742 (length 174)
prokka_CHQ_1/CHQ_1:Prokka:CHQ_1_01743 (length 167)
prokka_CHQ_1/CHQ_1:Prokka:CHQ_1_01744 (length 106)
prokka_CHQ_1/CHQ_1:Prokka:CHQ_1_01745 (length 147)
prokka_CHQ_1/CHQ_1:Prokka:CHQ_1_01746 (length 178)
prokka_CHQ_1/CHQ_1:Prokka:CHQ_1_01747 (length 215)
prokka_CHQ_1/CHQ_1:Prokka:CHQ_1_01748 (length 346)
prokka_CHQ_1/CHQ_1:Prokka:CHQ_1_01749 (length 191)
prokka_CHQ_1/CHQ_1:Prokka:CHQ_1_01750 (length 196)
prokka_CHQ_1/CHQ_1:Prokka:CHQ_1_01751 (length 128)
prokka_CHQ_1/CHQ_1:Prokka:CHQ_1_01752 (length 700)
prokka_CHQ_1/CHQ_1:Prokka:CHQ_1_01753 (length 287)
prokka_CHQ_1/CHQ_1:Prokka:CHQ_1_01754 (length 257)
prokka_CHQ_1/CHQ_1:Prokka:CHQ_1_01755 (length 347)
prokka_CHQ_1/CHQ_1:Prokka:CHQ_1_01756 (length 460)
prokka_CHQ_1/CHQ_1:Prokka:CHQ_1_01757 (length 94)
prokka_CHQ_1/CHQ_1:Prokka:CHQ_1_01758 (length 155)
prokka_CHQ_1/CHQ_1:Prokka:CHQ_1_01759 (length 423)
prokka_CHQ_1/CHQ_1:Prokka:CHQ_1_01760 (length 271)
prokka_CHQ_1/CHQ_1:Prokka:CHQ_1_01761 (length 470)
prokka_CHQ_1/CHQ_1:Prokka:CHQ_1_01762 (length 304)
prokka_CHQ_1/CHQ_1:Prokka:CHQ_1_01763 (length 284)
prokka_CHQ_1/CHQ_1:Prokka:CHQ_1_01764 (length 279)
prokka_CHQ_1/CHQ_1:Prokka:CHQ_1_01765 (length 316)
prokka_CHQ_1/CHQ_1:Prokka:CHQ_1_01766 (length 523)
prokka_CHQ_1/CHQ_1:Prokka:CHQ_1_01767 (length 256)
prokka_CHQ_1/CHQ_1:Prokka:CHQ_1_01768 (length 296)
prokka_CHQ_1/CHQ_1:Prokka:CHQ_1_01769 (length 154)
prokka_CHQ_1/CHQ_1:Prokka:CHQ_1_01770 (length 136)
prokka_CHQ_1/CHQ_1:Prokka:CHQ_1_01771 (length 55)
prokka_CHQ_1/CHQ_1:Prokka:CHQ_1_01772 (length 233)
prokka_CHQ_1/CHQ_1:Prokka:CHQ_1_01773 (length 298)
prokka_CHQ_1/CHQ_1:Prokka:CHQ_1_01774 (length 122)
prokka_CHQ_1/CHQ_1:Prokka:CHQ_1_01775 (length 328)
prokka_CHQ_1/CHQ_1:Prokka:CHQ_1_01776 (length 130)
prokka_CHQ_1/CHQ_1:Prokka:CHQ_1_01777 (length 98)
prokka_CHQ_1/CHQ_1:Prokka:CHQ_1_01778 (length 132)
prokka_CHQ_1/CHQ_1:Prokka:CHQ_1_01779 (length 101)
prokka_CHQ_1/CHQ_1:Prokka:CHQ_1_01780 (length 122)
prokka_CHQ_1/CHQ_1:Prokka:CHQ_1_01781 (length 128)
prokka_CHQ_1/CHQ_1:Prokka:CHQ_1_01782 (length 220)
prokka_CHQ_1/CHQ_1:Prokka:CHQ_1_01783 (length 258)
prokka_CHQ_1/CHQ_1:Prokka:CHQ_1_01784 (length 433)
prokka_CHQ_1/CHQ_1:Prokka:CHQ_1_01785 (length 470)
prokka_CHQ_1/CHQ_1:Prokka:CHQ_1_01786 (length 495)
prokka_CHQ_1/CHQ_1:Prokka:CHQ_1_01787 (length 184)
prokka_CHQ_1/CHQ_1:Prokka:CHQ_1_01788 (length 415)
prokka_CHQ_1/CHQ_1:Prokka:CHQ_1_01789 (length 323)
prokka_CHQ_1/CHQ_1:Prokka:CHQ_1_01790 (length 329)
prokka_CHQ_1/CHQ_1:Prokka:CHQ_1_01791 (length 166)
prokka_CHQ_1/CHQ_1:Prokka:CHQ_1_01792 (length 200)
prokka_CHQ_1/CHQ_1:Prokka:CHQ_1_01793 (length 235)
prokka_CHQ_1/CHQ_1:Prokka:CHQ_1_01794 (length 376)
prokka_CHQ_1/CHQ_1:Prokka:CHQ_1_01795 (length 673)
prokka_CHQ_1/CHQ_1:Prokka:CHQ_1_01796 (length 532)
prokka_CHQ_1/CHQ_1:Prokka:CHQ_1_01797 (length 323)
prokka_CHQ_1/CHQ_1:Prokka:CHQ_1_01798 (length 495)
prokka_CHQ_1/CHQ_1:Prokka:CHQ_1_01799 (length 344)
prokka_CHQ_1/CHQ_1:Prokka:CHQ_1_01800 (length 334)
prokka_CHQ_1/CHQ_1:Prokka:CHQ_1_01801 (length 337)
prokka_CHQ_1/CHQ_1:Prokka:CHQ_1_01802 (length 295)
prokka_CHQ_1/CHQ_1:Prokka:CHQ_1_01803 (length 98)
prokka_CHQ_1/CHQ_1:Prokka:CHQ_1_01804 (length 459)
prokka_CHQ_1/CHQ_1:Prokka:CHQ_1_01805 (length 184)
prokka_CHQ_1/CHQ_1:Prokka:CHQ_1_01806 (length 258)
prokka_CHQ_1/CHQ_1:Prokka:CHQ_1_01807 (length 549)
prokka_CHQ_1/CHQ_1:Prokka:CHQ_1_01808 (length 473)
prokka_CHQ_1/CHQ_1:Prokka:CHQ_1_01809 (length 210)
prokka_CHQ_1/CHQ_1:Prokka:CHQ_1_01810 (length 356)
prokka_CHQ_1/CHQ_1:Prokka:CHQ_1_01811 (length 365)
prokka_CHQ_1/CHQ_1:Prokka:CHQ_1_01812 (length 641)
prokka_CHQ_1/CHQ_1:Prokka:CHQ_1_01813 (length 101)
prokka_CHQ_1/CHQ_1:Prokka:CHQ_1_01814 (length 191)
prokka_CHQ_1/CHQ_1:Prokka:CHQ_1_01815 (length 210)
prokka_CHQ_1/CHQ_1:Prokka:CHQ_1_01816 (length 1080)
prokka_CHQ_1/CHQ_1:Prokka:CHQ_1_01817 (length 204)
prokka_CHQ_1/CHQ_1:Prokka:CHQ_1_01818 (length 104)
prokka_CHQ_1/CHQ_1:Prokka:CHQ_1_01819 (length 120)
prokka_CHQ_1/CHQ_1:Prokka:CHQ_1_01820 (length 49)
prokka_CHQ_1/CHQ_1:Prokka:CHQ_1_01821 (length 58)
prokka_CHQ_1/CHQ_1:Prokka:CHQ_1_01822 (length 65)
prokka_CHQ_1/CHQ_1:Prokka:CHQ_1_01824 (length 168)
prokka_CHQ_1/CHQ_1:Prokka:CHQ_1_01825 (length 613)
prokka_CHQ_1/CHQ_1:Prokka:CHQ_1_01826 (length 581)
prokka_CHQ_1/CHQ_1:Prokka:CHQ_1_01827 (length 71)
prokka_CHQ_1/CHQ_1:Prokka:CHQ_1_01828 (length 337)
prokka_CHQ_1/CHQ_1:Prokka:CHQ_1_01829 (length 535)
prokka_CHQ_1/CHQ_1:Prokka:CHQ_1_01830 (length 205)
prokka_CHQ_1/CHQ_1:Prokka:CHQ_1_01831 (length 236)
prokka_CHQ_1/CHQ_1:Prokka:CHQ_1_01832 (length 158)
prokka_CHQ_1/CHQ_1:Prokka:CHQ_1_01833 (length 567)
prokka_CHQ_1/CHQ_1:Prokka:CHQ_1_01834 (length 106)
prokka_CHQ_1/CHQ_1:Prokka:CHQ_1_01835 (length 100)
prokka_CHQ_1/CHQ_1:Prokka:CHQ_1_01836 (length 274)
prokka_CHQ_1/CHQ_1:Prokka:CHQ_1_01837 (length 205)
prokka_CHQ_1/CHQ_1:Prokka:CHQ_1_01838 (length 127)
prokka_CHQ_1/CHQ_1:Prokka:CHQ_1_01839 (length 273)
prokka_CHQ_1/CHQ_1:Prokka:CHQ_1_01840 (length 413)
prokka_CHQ_1/CHQ_1:Prokka:CHQ_1_01841 (length 206)
prokka_CHQ_1/CHQ_1:Prokka:CHQ_1_01842 (length 432)
prokka_CHQ_1/CHQ_1:Prokka:CHQ_1_01843 (length 945)
prokka_CHQ_1/CHQ_1:Prokka:CHQ_1_01844 (length 477)
prokka_CHQ_1/CHQ_1:Prokka:CHQ_1_01845 (length 65)
prokka_CHQ_1/CHQ_1:Prokka:CHQ_1_01846 (length 90)
prokka_CHQ_1/CHQ_1:Prokka:CHQ_1_01847 (length 217)
prokka_CHQ_1/CHQ_1:Prokka:CHQ_1_01848 (length 256)
prokka_CHQ_1/CHQ_1:Prokka:CHQ_1_01849 (length 263)
prokka_CHQ_1/CHQ_1:Prokka:CHQ_1_01850 (length 386)
prokka_CHQ_1/CHQ_1:Prokka:CHQ_1_01851 (length 223)
prokka_CHQ_1/CHQ_1:Prokka:CHQ_1_01852 (length 486)
prokka_CHQ_1/CHQ_1:Prokka:CHQ_1_01853 (length 210)
prokka_CHQ_1/CHQ_1:Prokka:CHQ_1_01854 (length 140)
prokka_CHQ_1/CHQ_1:Prokka:CHQ_1_01855 (length 275)
prokka_CHQ_1/CHQ_1:Prokka:CHQ_1_01856 (length 191)
prokka_CHQ_1/CHQ_1:Prokka:CHQ_1_01857 (length 631)
prokka_CHQ_1/CHQ_1:Prokka:CHQ_1_01858 (length 104)
prokka_CHQ_1/CHQ_1:Prokka:CHQ_1_01859 (length 193)
prokka_CHQ_1/CHQ_1:Prokka:CHQ_1_01860 (length 449)
prokka_CHQ_1/CHQ_1:Prokka:CHQ_1_01861 (length 219)
prokka_CHQ_1/CHQ_1:Prokka:CHQ_1_01862 (length 135)
prokka_CHQ_1/CHQ_1:Prokka:CHQ_1_01863 (length 289)
prokka_CHQ_1/CHQ_1:Prokka:CHQ_1_01864 (length 752)
prokka_CHQ_1/CHQ_1:Prokka:CHQ_1_01865 (length 245)
prokka_CHQ_1/CHQ_1:Prokka:CHQ_1_01866 (length 470)
prokka_CHQ_1/CHQ_1:Prokka:CHQ_1_01867 (length 727)
prokka_CHQ_1/CHQ_1:Prokka:CHQ_1_01868 (length 275)
prokka_CHQ_1/CHQ_1:Prokka:CHQ_1_01869 (length 387)
prokka_CHQ_1/CHQ_1:Prokka:CHQ_1_01870 (length 301)
prokka_CHQ_1/CHQ_1:Prokka:CHQ_1_01871 (length 219)
prokka_CHQ_1/CHQ_1:Prokka:CHQ_1_01872 (length 395)
prokka_CHQ_1/CHQ_1:Prokka:CHQ_1_01873 (length 243)
prokka_CHQ_1/CHQ_1:Prokka:CHQ_1_01874 (length 141)
prokka_CHQ_1/CHQ_1:Prokka:CHQ_1_01875 (length 164)
prokka_CHQ_1/CHQ_1:Prokka:CHQ_1_01876 (length 295)
prokka_CHQ_1/CHQ_1:Prokka:CHQ_1_01877 (length 95)
prokka_CHQ_1/CHQ_1:Prokka:CHQ_1_01878 (length 288)
prokka_CHQ_1/CHQ_1:Prokka:CHQ_1_01879 (length 186)
prokka_CHQ_1/CHQ_1:Prokka:CHQ_1_01880 (length 621)
prokka_CHQ_1/CHQ_1:Prokka:CHQ_1_01881 (length 393)
prokka_CHQ_1/CHQ_1:Prokka:CHQ_1_01882 (length 29)
prokka_CHQ_1/CHQ_1:Prokka:CHQ_1_01883 (length 62)
prokka_CHQ_1/CHQ_1:Prokka:CHQ_1_01884 (length 112)
prokka_CHQ_1/CHQ_1:Prokka:CHQ_1_01885 (length 200)
prokka_CHQ_1/CHQ_1:Prokka:CHQ_1_01886 (length 303)
prokka_CHQ_1/CHQ_1:Prokka:CHQ_1_01887 (length 382)
prokka_CHQ_1/CHQ_1:Prokka:CHQ_1_01888 (length 458)
prokka_CHQ_1/CHQ_1:Prokka:CHQ_1_01890 (length 237)
prokka_CHQ_1/CHQ_1:Prokka:CHQ_1_01891 (length 712)
prokka_CHQ_1/CHQ_1:Prokka:CHQ_1_01892 (length 417)
prokka_CHQ_1/CHQ_1:Prokka:CHQ_1_01893 (length 361)
prokka_CHQ_1/CHQ_1:Prokka:CHQ_1_01894 (length 91)
prokka_CHQ_1/CHQ_1:Prokka:CHQ_1_01895 (length 352)
prokka_CHQ_1/CHQ_1:Prokka:CHQ_1_01896 (length 239)
prokka_CHQ_1/CHQ_1:Prokka:CHQ_1_01897 (length 108)
prokka_CHQ_1/CHQ_1:Prokka:CHQ_1_01898 (length 238)
prokka_CHQ_1/CHQ_1:Prokka:CHQ_1_01899 (length 433)
prokka_CHQ_1/CHQ_1:Prokka:CHQ_1_01900 (length 169)
prokka_CHQ_1/CHQ_1:Prokka:CHQ_1_01901 (length 328)
prokka_CHQ_1/CHQ_1:Prokka:CHQ_1_01902 (length 378)
prokka_CHQ_1/CHQ_1:Prokka:CHQ_1_01903 (length 197)
prokka_CHQ_1/CHQ_1:Prokka:CHQ_1_01904 (length 96)
prokka_CHQ_1/CHQ_1:Prokka:CHQ_1_01905 (length 188)
prokka_CHQ_1/CHQ_1:Prokka:CHQ_1_01906 (length 233)
prokka_CHQ_1/CHQ_1:Prokka:CHQ_1_01907 (length 326)
prokka_CHQ_1/CHQ_1:Prokka:CHQ_1_01908 (length 217)
prokka_CHQ_1/CHQ_1:Prokka:CHQ_1_01909 (length 138)
prokka_CHQ_1/CHQ_1:Prokka:CHQ_1_01910 (length 187)
prokka_CHQ_1/CHQ_1:Prokka:CHQ_1_01911 (length 316)
prokka_CHQ_1/CHQ_1:Prokka:CHQ_1_01912 (length 243)
prokka_CHQ_1/CHQ_1:Prokka:CHQ_1_01913 (length 235)
prokka_CHQ_1/CHQ_1:Prokka:CHQ_1_01914 (length 152)
prokka_CHQ_1/CHQ_1:Prokka:CHQ_1_01915 (length 464)
prokka_CHQ_1/CHQ_1:Prokka:CHQ_1_01916 (length 384)
prokka_CHQ_1/CHQ_1:Prokka:CHQ_1_01917 (length 658)
prokka_CHQ_1/CHQ_1:Prokka:CHQ_1_01918 (length 306)
prokka_CHQ_1/CHQ_1:Prokka:CHQ_1_01919 (length 406)
prokka_CHQ_1/CHQ_1:Prokka:CHQ_1_01920 (length 107)
prokka_CHQ_1/CHQ_1:Prokka:CHQ_1_01921 (length 102)
prokka_CHQ_1/CHQ_1:Prokka:CHQ_1_01922 (length 340)
prokka_CHQ_1/CHQ_1:Prokka:CHQ_1_01923 (length 249)
prokka_CHQ_1/CHQ_1:Prokka:CHQ_1_01924 (length 262)
prokka_CHQ_1/CHQ_1:Prokka:CHQ_1_01925 (length 308)
prokka_CHQ_1/CHQ_1:Prokka:CHQ_1_01926 (length 398)
prokka_CHQ_1/CHQ_1:Prokka:CHQ_1_01927 (length 418)
prokka_CHQ_1/CHQ_1:Prokka:CHQ_1_01928 (length 176)
prokka_CHQ_1/CHQ_1:Prokka:CHQ_1_01929 (length 256)
prokka_CHQ_1/CHQ_1:Prokka:CHQ_1_01930 (length 264)
prokka_CHQ_1/CHQ_1:Prokka:CHQ_1_01931 (length 254)
prokka_CHQ_1/CHQ_1:Prokka:CHQ_1_01932 (length 489)
prokka_CHQ_1/CHQ_1:Prokka:CHQ_1_01933 (length 546)
prokka_CHQ_1/CHQ_1:Prokka:CHQ_1_01934 (length 422)
prokka_CHQ_1/CHQ_1:Prokka:CHQ_1_18 (length 289500)
prokka_CHQ_1/CHQ_1:Prokka:CHQ_1_01935 (length 468)
prokka_CHQ_1/CHQ_1:Prokka:CHQ_1_01936 (length 479)
prokka_CHQ_1/CHQ_1:Prokka:CHQ_1_01937 (length 288)
prokka_CHQ_1/CHQ_1:Prokka:CHQ_1_01938 (length 321)
prokka_CHQ_1/CHQ_1:Prokka:CHQ_1_01939 (length 361)
prokka_CHQ_1/CHQ_1:Prokka:CHQ_1_01940 (length 383)
prokka_CHQ_1/CHQ_1:Prokka:CHQ_1_01941 (length 372)
prokka_CHQ_1/CHQ_1:Prokka:CHQ_1_01942 (length 343)
prokka_CHQ_1/CHQ_1:Prokka:CHQ_1_01943 (length 325)
prokka_CHQ_1/CHQ_1:Prokka:CHQ_1_01944 (length 475)
prokka_CHQ_1/CHQ_1:Prokka:CHQ_1_01945 (length 718)
prokka_CHQ_1/CHQ_1:Prokka:CHQ_1_01946 (length 43)
prokka_CHQ_1/CHQ_1:Prokka:CHQ_1_01947 (length 377)
prokka_CHQ_1/CHQ_1:Prokka:CHQ_1_01948 (length 479)
prokka_CHQ_1/CHQ_1:Prokka:CHQ_1_01949 (length 209)
prokka_CHQ_1/CHQ_1:Prokka:CHQ_1_01950 (length 298)
prokka_CHQ_1/CHQ_1:Prokka:CHQ_1_01951 (length 527)
prokka_CHQ_1/CHQ_1:Prokka:CHQ_1_01952 (length 615)
prokka_CHQ_1/CHQ_1:Prokka:CHQ_1_01953 (length 193)
prokka_CHQ_1/CHQ_1:Prokka:CHQ_1_01954 (length 213)
prokka_CHQ_1/CHQ_1:Prokka:CHQ_1_01955 (length 282)
prokka_CHQ_1/CHQ_1:Prokka:CHQ_1_01956 (length 450)
prokka_CHQ_1/CHQ_1:Prokka:CHQ_1_01957 (length 644)
prokka_CHQ_1/CHQ_1:Prokka:CHQ_1_01958 (length 237)
prokka_CHQ_1/CHQ_1:Prokka:CHQ_1_01959 (length 46)
prokka_CHQ_1/CHQ_1:Prokka:CHQ_1_01960 (length 203)
prokka_CHQ_1/CHQ_1:Prokka:CHQ_1_01961 (length 424)
prokka_CHQ_1/CHQ_1:Prokka:CHQ_1_01962 (length 412)
prokka_CHQ_1/CHQ_1:Prokka:CHQ_1_01963 (length 1040)
prokka_CHQ_1/CHQ_1:Prokka:CHQ_1_01964 (length 1025)
prokka_CHQ_1/CHQ_1:Prokka:CHQ_1_01965 (length 471)
prokka_CHQ_1/CHQ_1:Prokka:CHQ_1_01966 (length 498)
prokka_CHQ_1/CHQ_1:Prokka:CHQ_1_01967 (length 240)
prokka_CHQ_1/CHQ_1:Prokka:CHQ_1_01968 (length 453)
prokka_CHQ_1/CHQ_1:Prokka:CHQ_1_01969 (length 298)
prokka_CHQ_1/CHQ_1:Prokka:CHQ_1_01970 (length 257)
prokka_CHQ_1/CHQ_1:Prokka:CHQ_1_01971 (length 287)
prokka_CHQ_1/CHQ_1:Prokka:CHQ_1_01972 (length 301)
prokka_CHQ_1/CHQ_1:Prokka:CHQ_1_01973 (length 345)
prokka_CHQ_1/CHQ_1:Prokka:CHQ_1_01974 (length 540)
prokka_CHQ_1/CHQ_1:Prokka:CHQ_1_01975 (length 384)
prokka_CHQ_1/CHQ_1:Prokka:CHQ_1_01976 (length 220)
prokka_CHQ_1/CHQ_1:Prokka:CHQ_1_01977 (length 425)
prokka_CHQ_1/CHQ_1:Prokka:CHQ_1_01978 (length 487)
prokka_CHQ_1/CHQ_1:Prokka:CHQ_1_01979 (length 455)
prokka_CHQ_1/CHQ_1:Prokka:CHQ_1_01980 (length 313)
prokka_CHQ_1/CHQ_1:Prokka:CHQ_1_01981 (length 333)
prokka_CHQ_1/CHQ_1:Prokka:CHQ_1_01982 (length 249)
prokka_CHQ_1/CHQ_1:Prokka:CHQ_1_01983 (length 535)
prokka_CHQ_1/CHQ_1:Prokka:CHQ_1_01984 (length 427)
prokka_CHQ_1/CHQ_1:Prokka:CHQ_1_01985 (length 350)
prokka_CHQ_1/CHQ_1:Prokka:CHQ_1_01986 (length 266)
prokka_CHQ_1/CHQ_1:Prokka:CHQ_1_01987 (length 257)
prokka_CHQ_1/CHQ_1:Prokka:CHQ_1_01988 (length 658)
prokka_CHQ_1/CHQ_1:Prokka:CHQ_1_01989 (length 211)
prokka_CHQ_1/CHQ_1:Prokka:CHQ_1_01990 (length 658)
prokka_CHQ_1/CHQ_1:Prokka:CHQ_1_01991 (length 140)
prokka_CHQ_1/CHQ_1:Prokka:CHQ_1_01992 (length 303)
prokka_CHQ_1/CHQ_1:Prokka:CHQ_1_01993 (length 603)
prokka_CHQ_1/CHQ_1:Prokka:CHQ_1_01994 (length 447)
prokka_CHQ_1/CHQ_1:Prokka:CHQ_1_01995 (length 299)
prokka_CHQ_1/CHQ_1:Prokka:CHQ_1_01996 (length 105)
prokka_CHQ_1/CHQ_1:Prokka:CHQ_1_01997 (length 118)
prokka_CHQ_1/CHQ_1:Prokka:CHQ_1_01998 (length 369)
prokka_CHQ_1/CHQ_1:Prokka:CHQ_1_01999 (length 680)
prokka_CHQ_1/CHQ_1:Prokka:CHQ_1_02000 (length 156)
prokka_CHQ_1/CHQ_1:Prokka:CHQ_1_02001 (length 239)
prokka_CHQ_1/CHQ_1:Prokka:CHQ_1_02002 (length 562)
prokka_CHQ_1/CHQ_1:Prokka:CHQ_1_02003 (length 37)
prokka_CHQ_1/CHQ_1:Prokka:CHQ_1_02004 (length 245)
prokka_CHQ_1/CHQ_1:Prokka:CHQ_1_02005 (length 315)
prokka_CHQ_1/CHQ_1:Prokka:CHQ_1_02006 (length 385)
prokka_CHQ_1/CHQ_1:Prokka:CHQ_1_02007 (length 305)
prokka_CHQ_1/CHQ_1:Prokka:CHQ_1_02008 (length 765)
prokka_CHQ_1/CHQ_1:Prokka:CHQ_1_02009 (length 581)
prokka_CHQ_1/CHQ_1:Prokka:CHQ_1_02010 (length 184)
prokka_CHQ_1/CHQ_1:Prokka:CHQ_1_02011 (length 316)
prokka_CHQ_1/CHQ_1:Prokka:CHQ_1_02012 (length 195)
prokka_CHQ_1/CHQ_1:Prokka:CHQ_1_02013 (length 189)
prokka_CHQ_1/CHQ_1:Prokka:CHQ_1_02014 (length 479)
prokka_CHQ_1/CHQ_1:Prokka:CHQ_1_02015 (length 244)
prokka_CHQ_1/CHQ_1:Prokka:CHQ_1_02016 (length 464)
prokka_CHQ_1/CHQ_1:Prokka:CHQ_1_02017 (length 619)
prokka_CHQ_1/CHQ_1:Prokka:CHQ_1_02018 (length 277)
prokka_CHQ_1/CHQ_1:Prokka:CHQ_1_02019 (length 454)
prokka_CHQ_1/CHQ_1:Prokka:CHQ_1_02020 (length 310)
prokka_CHQ_1/CHQ_1:Prokka:CHQ_1_02021 (length 134)
prokka_CHQ_1/CHQ_1:Prokka:CHQ_1_02022 (length 231)
prokka_CHQ_1/CHQ_1:Prokka:CHQ_1_02023 (length 294)
prokka_CHQ_1/CHQ_1:Prokka:CHQ_1_02024 (length 238)
prokka_CHQ_1/CHQ_1:Prokka:CHQ_1_02025 (length 336)
prokka_CHQ_1/CHQ_1:Prokka:CHQ_1_02026 (length 506)
prokka_CHQ_1/CHQ_1:Prokka:CHQ_1_02027 (length 332)
prokka_CHQ_1/CHQ_1:Prokka:CHQ_1_02028 (length 340)
prokka_CHQ_1/CHQ_1:Prokka:CHQ_1_02029 (length 385)
prokka_CHQ_1/CHQ_1:Prokka:CHQ_1_02030 (length 222)
prokka_CHQ_1/CHQ_1:Prokka:CHQ_1_02031 (length 277)
prokka_CHQ_1/CHQ_1:Prokka:CHQ_1_02032 (length 657)
prokka_CHQ_1/CHQ_1:Prokka:CHQ_1_02033 (length 489)
prokka_CHQ_1/CHQ_1:Prokka:CHQ_1_02034 (length 288)
prokka_CHQ_1/CHQ_1:Prokka:CHQ_1_02035 (length 349)
prokka_CHQ_1/CHQ_1:Prokka:CHQ_1_02036 (length 284)
prokka_CHQ_1/CHQ_1:Prokka:CHQ_1_02037 (length 564)
prokka_CHQ_1/CHQ_1:Prokka:CHQ_1_02038 (length 312)
prokka_CHQ_1/CHQ_1:Prokka:CHQ_1_02039 (length 376)
prokka_CHQ_1/CHQ_1:Prokka:CHQ_1_02040 (length 393)
prokka_CHQ_1/CHQ_1:Prokka:CHQ_1_02041 (length 378)
prokka_CHQ_1/CHQ_1:Prokka:CHQ_1_02042 (length 114)
prokka_CHQ_1/CHQ_1:Prokka:CHQ_1_02043 (length 310)
prokka_CHQ_1/CHQ_1:Prokka:CHQ_1_02044 (length 84)
prokka_CHQ_1/CHQ_1:Prokka:CHQ_1_02045 (length 190)
prokka_CHQ_1/CHQ_1:Prokka:CHQ_1_02046 (length 443)
prokka_CHQ_1/CHQ_1:Prokka:CHQ_1_02047 (length 488)
prokka_CHQ_1/CHQ_1:Prokka:CHQ_1_02048 (length 325)
prokka_CHQ_1/CHQ_1:Prokka:CHQ_1_02049 (length 234)
prokka_CHQ_1/CHQ_1:Prokka:CHQ_1_02050 (length 129)
prokka_CHQ_1/CHQ_1:Prokka:CHQ_1_02051 (length 520)
prokka_CHQ_1/CHQ_1:Prokka:CHQ_1_02052 (length 601)
prokka_CHQ_1/CHQ_1:Prokka:CHQ_1_02053 (length 364)
prokka_CHQ_1/CHQ_1:Prokka:CHQ_1_02054 (length 341)
prokka_CHQ_1/CHQ_1:Prokka:CHQ_1_02055 (length 529)
prokka_CHQ_1/CHQ_1:Prokka:CHQ_1_02056 (length 114)
prokka_CHQ_1/CHQ_1:Prokka:CHQ_1_02057 (length 398)
prokka_CHQ_1/CHQ_1:Prokka:CHQ_1_02058 (length 239)
prokka_CHQ_1/CHQ_1:Prokka:CHQ_1_02059 (length 585)
prokka_CHQ_1/CHQ_1:Prokka:CHQ_1_02060 (length 94)
prokka_CHQ_1/CHQ_1:Prokka:CHQ_1_02061 (length 295)
prokka_CHQ_1/CHQ_1:Prokka:CHQ_1_02062 (length 428)
prokka_CHQ_1/CHQ_1:Prokka:CHQ_1_02063 (length 198)
prokka_CHQ_1/CHQ_1:Prokka:CHQ_1_02064 (length 255)
prokka_CHQ_1/CHQ_1:Prokka:CHQ_1_02065 (length 335)
prokka_CHQ_1/CHQ_1:Prokka:CHQ_1_02066 (length 75)
prokka_CHQ_1/CHQ_1:Prokka:CHQ_1_02067 (length 586)
prokka_CHQ_1/CHQ_1:Prokka:CHQ_1_02069 (length 369)
prokka_CHQ_1/CHQ_1:Prokka:CHQ_1_02070 (length 163)
prokka_CHQ_1/CHQ_1:Prokka:CHQ_1_02071 (length 544)
prokka_CHQ_1/CHQ_1:Prokka:CHQ_1_02072 (length 412)
prokka_CHQ_1/CHQ_1:Prokka:CHQ_1_02073 (length 478)
prokka_CHQ_1/CHQ_1:Prokka:CHQ_1_02074 (length 547)
prokka_CHQ_1/CHQ_1:Prokka:CHQ_1_02075 (length 217)
prokka_CHQ_1/CHQ_1:Prokka:CHQ_1_02076 (length 354)
prokka_CHQ_1/CHQ_1:Prokka:CHQ_1_02077 (length 350)
prokka_CHQ_1/CHQ_1:Prokka:CHQ_1_02078 (length 363)
prokka_CHQ_1/CHQ_1:Prokka:CHQ_1_02079 (length 885)
prokka_CHQ_1/CHQ_1:Prokka:CHQ_1_02080 (length 216)
prokka_CHQ_1/CHQ_1:Prokka:CHQ_1_02081 (length 946)
prokka_CHQ_1/CHQ_1:Prokka:CHQ_1_02082 (length 877)
prokka_CHQ_1/CHQ_1:Prokka:CHQ_1_02083 (length 242)
prokka_CHQ_1/CHQ_1:Prokka:CHQ_1_02084 (length 761)
prokka_CHQ_1/CHQ_1:Prokka:CHQ_1_02085 (length 376)
prokka_CHQ_1/CHQ_1:Prokka:CHQ_1_02086 (length 84)
prokka_CHQ_1/CHQ_1:Prokka:CHQ_1_02087 (length 356)
prokka_CHQ_1/CHQ_1:Prokka:CHQ_1_02088 (length 448)
prokka_CHQ_1/CHQ_1:Prokka:CHQ_1_02089 (length 540)
prokka_CHQ_1/CHQ_1:Prokka:CHQ_1_02090 (length 419)
prokka_CHQ_1/CHQ_1:Prokka:CHQ_1_02091 (length 392)
prokka_CHQ_1/CHQ_1:Prokka:CHQ_1_02092 (length 267)
prokka_CHQ_1/CHQ_1:Prokka:CHQ_1_02093 (length 430)
prokka_CHQ_1/CHQ_1:Prokka:CHQ_1_02094 (length 401)
prokka_CHQ_1/CHQ_1:Prokka:CHQ_1_02095 (length 261)
prokka_CHQ_1/CHQ_1:Prokka:CHQ_1_02096 (length 398)
prokka_CHQ_1/CHQ_1:Prokka:CHQ_1_02097 (length 180)
prokka_CHQ_1/CHQ_1:Prokka:CHQ_1_02098 (length 313)
prokka_CHQ_1/CHQ_1:Prokka:CHQ_1_02099 (length 141)
prokka_CHQ_1/CHQ_1:Prokka:CHQ_1_02100 (length 468)
prokka_CHQ_1/CHQ_1:Prokka:CHQ_1_02101 (length 225)
prokka_CHQ_1/CHQ_1:Prokka:CHQ_1_02102 (length 326)
prokka_CHQ_1/CHQ_1:Prokka:CHQ_1_02103 (length 143)
prokka_CHQ_1/CHQ_1:Prokka:CHQ_1_02104 (length 505)
prokka_CHQ_1/CHQ_1:Prokka:CHQ_1_02105 (length 453)
prokka_CHQ_1/CHQ_1:Prokka:CHQ_1_02106 (length 321)
prokka_CHQ_1/CHQ_1:Prokka:CHQ_1_02107 (length 285)
prokka_CHQ_1/CHQ_1:Prokka:CHQ_1_02108 (length 252)
prokka_CHQ_1/CHQ_1:Prokka:CHQ_1_02109 (length 556)
prokka_CHQ_1/CHQ_1:Prokka:CHQ_1_02110 (length 439)
prokka_CHQ_1/CHQ_1:Prokka:CHQ_1_02111 (length 152)
prokka_CHQ_1/CHQ_1:Prokka:CHQ_1_02112 (length 306)
prokka_CHQ_1/CHQ_1:Prokka:CHQ_1_02113 (length 485)
prokka_CHQ_1/CHQ_1:Prokka:CHQ_1_02114 (length 509)
prokka_CHQ_1/CHQ_1:Prokka:CHQ_1_02115 (length 613)
prokka_CHQ_1/CHQ_1:Prokka:CHQ_1_02116 (length 100)
prokka_CHQ_1/CHQ_1:Prokka:CHQ_1_02117 (length 184)
prokka_CHQ_1/CHQ_1:Prokka:CHQ_1_02118 (length 180)
prokka_CHQ_1/CHQ_1:Prokka:CHQ_1_02119 (length 325)
prokka_CHQ_1/CHQ_1:Prokka:CHQ_1_02120 (length 908)
prokka_CHQ_1/CHQ_1:Prokka:CHQ_1_02121 (length 445)
prokka_CHQ_1/CHQ_1:Prokka:CHQ_1_02122 (length 166)
prokka_CHQ_1/CHQ_1:Prokka:CHQ_1_02123 (length 602)
prokka_CHQ_1/CHQ_1:Prokka:CHQ_1_02124 (length 224)
prokka_CHQ_1/CHQ_1:Prokka:CHQ_1_02125 (length 148)
prokka_CHQ_1/CHQ_1:Prokka:CHQ_1_02126 (length 308)
prokka_CHQ_1/CHQ_1:Prokka:CHQ_1_02127 (length 405)
prokka_CHQ_1/CHQ_1:Prokka:CHQ_1_02128 (length 199)
prokka_CHQ_1/CHQ_1:Prokka:CHQ_1_02129 (length 610)
prokka_CHQ_1/CHQ_1:Prokka:CHQ_1_02130 (length 219)
prokka_CHQ_1/CHQ_1:Prokka:CHQ_1_02131 (length 164)
prokka_CHQ_1/CHQ_1:Prokka:CHQ_1_02132 (length 151)
prokka_CHQ_1/CHQ_1:Prokka:CHQ_1_02133 (length 400)
prokka_CHQ_1/CHQ_1:Prokka:CHQ_1_02134 (length 715)
prokka_CHQ_1/CHQ_1:Prokka:CHQ_1_02135 (length 183)
prokka_CHQ_1/CHQ_1:Prokka:CHQ_1_02136 (length 183)
prokka_CHQ_1/CHQ_1:Prokka:CHQ_1_02137 (length 214)
prokka_CHQ_1/CHQ_1:Prokka:CHQ_1_02138 (length 209)
prokka_CHQ_1/CHQ_1:Prokka:CHQ_1_02139 (length 120)
prokka_CHQ_1/CHQ_1:Prokka:CHQ_1_02140 (length 297)
prokka_CHQ_1/CHQ_1:Prokka:CHQ_1_02141 (length 175)
prokka_CHQ_1/CHQ_1:Prokka:CHQ_1_02142 (length 257)
prokka_CHQ_1/CHQ_1:Prokka:CHQ_1_02143 (length 238)
prokka_CHQ_1/CHQ_1:Prokka:CHQ_1_02144 (length 228)
prokka_CHQ_1/CHQ_1:Prokka:CHQ_1_02145 (length 260)
prokka_CHQ_1/CHQ_1:Prokka:CHQ_1_02146 (length 260)
prokka_CHQ_1/CHQ_1:Prokka:CHQ_1_02147 (length 194)
prokka_CHQ_1/CHQ_1:Prokka:CHQ_1_02148 (length 505)
prokka_CHQ_1/CHQ_1:Prokka:CHQ_1_02149 (length 162)
prokka_CHQ_1/CHQ_1:Prokka:CHQ_1_02150 (length 228)
prokka_CHQ_1/CHQ_1:Prokka:CHQ_1_02151 (length 422)
prokka_CHQ_1/CHQ_1:Prokka:CHQ_1_02152 (length 327)
prokka_CHQ_1/CHQ_1:Prokka:CHQ_1_02153 (length 219)
prokka_CHQ_1/CHQ_1:Prokka:CHQ_1_02154 (length 270)
prokka_CHQ_1/CHQ_1:Prokka:CHQ_1_02155 (length 337)
prokka_CHQ_1/CHQ_1:Prokka:CHQ_1_02156 (length 378)
prokka_CHQ_1/CHQ_1:Prokka:CHQ_1_02157 (length 325)
prokka_CHQ_1/CHQ_1:Prokka:CHQ_1_02158 (length 391)
prokka_CHQ_1/CHQ_1:Prokka:CHQ_1_02159 (length 406)
prokka_CHQ_1/CHQ_1:Prokka:CHQ_1_02160 (length 662)
prokka_CHQ_1/CHQ_1:Prokka:CHQ_1_02161 (length 93)
prokka_CHQ_1/CHQ_1:Prokka:CHQ_1_02162 (length 182)
prokka_CHQ_1/CHQ_1:Prokka:CHQ_1_02163 (length 269)
prokka_CHQ_1/CHQ_1:Prokka:CHQ_1_02164 (length 274)
prokka_CHQ_1/CHQ_1:Prokka:CHQ_1_02165 (length 361)
prokka_CHQ_1/CHQ_1:Prokka:CHQ_1_02166 (length 334)
prokka_CHQ_1/CHQ_1:Prokka:CHQ_1_02167 (length 183)
prokka_CHQ_1/CHQ_1:Prokka:CHQ_1_02168 (length 128)
prokka_CHQ_1/CHQ_1:Prokka:CHQ_1_02169 (length 714)
prokka_CHQ_1/CHQ_1:Prokka:CHQ_1_02170 (length 436)
prokka_CHQ_1/CHQ_1:Prokka:CHQ_1_02171 (length 94)
prokka_CHQ_1/CHQ_1:Prokka:CHQ_1_02172 (length 440)
prokka_CHQ_1/CHQ_1:Prokka:CHQ_1_02173 (length 253)
prokka_CHQ_1/CHQ_1:Prokka:CHQ_1_02174 (length 309)
prokka_CHQ_1/CHQ_1:Prokka:CHQ_1_02175 (length 252)
prokka_CHQ_1/CHQ_1:Prokka:CHQ_1_02176 (length 122)
prokka_CHQ_1/CHQ_1:Prokka:CHQ_1_02177 (length 79)
prokka_CHQ_1/CHQ_1:Prokka:CHQ_1_02178 (length 141)
prokka_CHQ_1/CHQ_1:Prokka:CHQ_1_02179 (length 280)
prokka_CHQ_1/CHQ_1:Prokka:CHQ_1_02180 (length 87)
prokka_CHQ_1/CHQ_1:Prokka:CHQ_1_02181 (length 262)
prokka_CHQ_1/CHQ_1:Prokka:CHQ_1_19 (length 155069)
prokka_CHQ_1/CHQ_1:Prokka:CHQ_1_02182 (length 377)
prokka_CHQ_1/CHQ_1:Prokka:CHQ_1_02183 (length 482)
prokka_CHQ_1/CHQ_1:Prokka:CHQ_1_02184 (length 516)
prokka_CHQ_1/CHQ_1:Prokka:CHQ_1_02185 (length 321)
prokka_CHQ_1/CHQ_1:Prokka:CHQ_1_02186 (length 257)
prokka_CHQ_1/CHQ_1:Prokka:CHQ_1_02187 (length 119)
prokka_CHQ_1/CHQ_1:Prokka:CHQ_1_02188 (length 259)
prokka_CHQ_1/CHQ_1:Prokka:CHQ_1_02189 (length 120)
prokka_CHQ_1/CHQ_1:Prokka:CHQ_1_02190 (length 326)
prokka_CHQ_1/CHQ_1:Prokka:CHQ_1_02191 (length 187)
prokka_CHQ_1/CHQ_1:Prokka:CHQ_1_02192 (length 359)
prokka_CHQ_1/CHQ_1:Prokka:CHQ_1_02193 (length 35)
prokka_CHQ_1/CHQ_1:Prokka:CHQ_1_02194 (length 225)
prokka_CHQ_1/CHQ_1:Prokka:CHQ_1_02195 (length 287)
prokka_CHQ_1/CHQ_1:Prokka:CHQ_1_02196 (length 292)
prokka_CHQ_1/CHQ_1:Prokka:CHQ_1_02197 (length 165)
prokka_CHQ_1/CHQ_1:Prokka:CHQ_1_02198 (length 352)
prokka_CHQ_1/CHQ_1:Prokka:CHQ_1_02199 (length 166)
prokka_CHQ_1/CHQ_1:Prokka:CHQ_1_02200 (length 875)
prokka_CHQ_1/CHQ_1:Prokka:CHQ_1_02201 (length 61)
prokka_CHQ_1/CHQ_1:Prokka:CHQ_1_02207 (length 104)
prokka_CHQ_1/CHQ_1:Prokka:CHQ_1_02208 (length 188)
prokka_CHQ_1/CHQ_1:Prokka:CHQ_1_02209 (length 142)
prokka_CHQ_1/CHQ_1:Prokka:CHQ_1_02210 (length 518)
prokka_CHQ_1/CHQ_1:Prokka:CHQ_1_02211 (length 171)
prokka_CHQ_1/CHQ_1:Prokka:CHQ_1_02212 (length 255)
prokka_CHQ_1/CHQ_1:Prokka:CHQ_1_02213 (length 558)
prokka_CHQ_1/CHQ_1:Prokka:CHQ_1_02214 (length 512)
prokka_CHQ_1/CHQ_1:Prokka:CHQ_1_02215 (length 390)
prokka_CHQ_1/CHQ_1:Prokka:CHQ_1_02216 (length 176)
prokka_CHQ_1/CHQ_1:Prokka:CHQ_1_02217 (length 111)
prokka_CHQ_1/CHQ_1:Prokka:CHQ_1_02218 (length 248)
prokka_CHQ_1/CHQ_1:Prokka:CHQ_1_02219 (length 332)
prokka_CHQ_1/CHQ_1:Prokka:CHQ_1_02220 (length 355)
prokka_CHQ_1/CHQ_1:Prokka:CHQ_1_02221 (length 400)
prokka_CHQ_1/CHQ_1:Prokka:CHQ_1_02222 (length 320)
prokka_CHQ_1/CHQ_1:Prokka:CHQ_1_02223 (length 713)
prokka_CHQ_1/CHQ_1:Prokka:CHQ_1_02224 (length 136)
prokka_CHQ_1/CHQ_1:Prokka:CHQ_1_02225 (length 81)
prokka_CHQ_1/CHQ_1:Prokka:CHQ_1_02226 (length 143)
prokka_CHQ_1/CHQ_1:Prokka:CHQ_1_02227 (length 457)
prokka_CHQ_1/CHQ_1:Prokka:CHQ_1_02228 (length 115)
prokka_CHQ_1/CHQ_1:Prokka:CHQ_1_02229 (length 120)
prokka_CHQ_1/CHQ_1:Prokka:CHQ_1_02230 (length 149)
prokka_CHQ_1/CHQ_1:Prokka:CHQ_1_02231 (length 133)
prokka_CHQ_1/CHQ_1:Prokka:CHQ_1_02232 (length 59)
prokka_CHQ_1/CHQ_1:Prokka:CHQ_1_02233 (length 300)
prokka_CHQ_1/CHQ_1:Prokka:CHQ_1_02234 (length 176)
prokka_CHQ_1/CHQ_1:Prokka:CHQ_1_02235 (length 99)
prokka_CHQ_1/CHQ_1:Prokka:CHQ_1_02236 (length 201)
prokka_CHQ_1/CHQ_1:Prokka:CHQ_1_02237 (length 305)
prokka_CHQ_1/CHQ_1:Prokka:CHQ_1_02238 (length 198)
prokka_CHQ_1/CHQ_1:Prokka:CHQ_1_02239 (length 595)
prokka_CHQ_1/CHQ_1:Prokka:CHQ_1_02240 (length 506)
prokka_CHQ_1/CHQ_1:Prokka:CHQ_1_02241 (length 194)
prokka_CHQ_1/CHQ_1:Prokka:CHQ_1_02242 (length 220)
prokka_CHQ_1/CHQ_1:Prokka:CHQ_1_02243 (length 851)
prokka_CHQ_1/CHQ_1:Prokka:CHQ_1_02244 (length 364)
prokka_CHQ_1/CHQ_1:Prokka:CHQ_1_02245 (length 229)
prokka_CHQ_1/CHQ_1:Prokka:CHQ_1_02246 (length 183)
prokka_CHQ_1/CHQ_1:Prokka:CHQ_1_02247 (length 253)
prokka_CHQ_1/CHQ_1:Prokka:CHQ_1_02248 (length 206)
prokka_CHQ_1/CHQ_1:Prokka:CHQ_1_02249 (length 264)
prokka_CHQ_1/CHQ_1:Prokka:CHQ_1_02250 (length 310)
prokka_CHQ_1/CHQ_1:Prokka:CHQ_1_02251 (length 242)
prokka_CHQ_1/CHQ_1:Prokka:CHQ_1_02252 (length 506)
prokka_CHQ_1/CHQ_1:Prokka:CHQ_1_02253 (length 267)
prokka_CHQ_1/CHQ_1:Prokka:CHQ_1_02254 (length 355)
prokka_CHQ_1/CHQ_1:Prokka:CHQ_1_02255 (length 287)
prokka_CHQ_1/CHQ_1:Prokka:CHQ_1_02256 (length 316)
prokka_CHQ_1/CHQ_1:Prokka:CHQ_1_02257 (length 303)
prokka_CHQ_1/CHQ_1:Prokka:CHQ_1_02258 (length 159)
prokka_CHQ_1/CHQ_1:Prokka:CHQ_1_02259 (length 1050)
prokka_CHQ_1/CHQ_1:Prokka:CHQ_1_02260 (length 391)
prokka_CHQ_1/CHQ_1:Prokka:CHQ_1_02261 (length 118)
prokka_CHQ_1/CHQ_1:Prokka:CHQ_1_02262 (length 190)
prokka_CHQ_1/CHQ_1:Prokka:CHQ_1_02263 (length 294)
prokka_CHQ_1/CHQ_1:Prokka:CHQ_1_02264 (length 266)
prokka_CHQ_1/CHQ_1:Prokka:CHQ_1_02265 (length 262)
prokka_CHQ_1/CHQ_1:Prokka:CHQ_1_02266 (length 401)
prokka_CHQ_1/CHQ_1:Prokka:CHQ_1_02267 (length 508)
prokka_CHQ_1/CHQ_1:Prokka:CHQ_1_02268 (length 257)
prokka_CHQ_1/CHQ_1:Prokka:CHQ_1_02269 (length 449)
prokka_CHQ_1/CHQ_1:Prokka:CHQ_1_02270 (length 191)
prokka_CHQ_1/CHQ_1:Prokka:CHQ_1_02271 (length 354)
prokka_CHQ_1/CHQ_1:Prokka:CHQ_1_02272 (length 29)
prokka_CHQ_1/CHQ_1:Prokka:CHQ_1_02273 (length 285)
prokka_CHQ_1/CHQ_1:Prokka:CHQ_1_02274 (length 229)
prokka_CHQ_1/CHQ_1:Prokka:CHQ_1_02275 (length 228)
prokka_CHQ_1/CHQ_1:Prokka:CHQ_1_02276 (length 231)
prokka_CHQ_1/CHQ_1:Prokka:CHQ_1_02277 (length 71)
prokka_CHQ_1/CHQ_1:Prokka:CHQ_1_02278 (length 207)
prokka_CHQ_1/CHQ_1:Prokka:CHQ_1_02279 (length 343)
prokka_CHQ_1/CHQ_1:Prokka:CHQ_1_02280 (length 134)
prokka_CHQ_1/CHQ_1:Prokka:CHQ_1_02281 (length 65)
prokka_CHQ_1/CHQ_1:Prokka:CHQ_1_02282 (length 169)
prokka_CHQ_1/CHQ_1:Prokka:CHQ_1_02283 (length 112)
prokka_CHQ_1/CHQ_1:Prokka:CHQ_1_02284 (length 77)
prokka_CHQ_1/CHQ_1:Prokka:CHQ_1_02285 (length 75)
prokka_CHQ_1/CHQ_1:Prokka:CHQ_1_02286 (length 295)
prokka_CHQ_1/CHQ_1:Prokka:CHQ_1_02287 (length 802)
prokka_CHQ_1/CHQ_1:Prokka:CHQ_1_02288 (length 62)
prokka_CHQ_1/CHQ_1:Prokka:CHQ_1_02289 (length 223)
prokka_CHQ_1/CHQ_1:Prokka:CHQ_1_02290 (length 346)
prokka_CHQ_1/CHQ_1:Prokka:CHQ_1_02291 (length 324)
prokka_CHQ_1/CHQ_1:Prokka:CHQ_1_02292 (length 112)
prokka_CHQ_1/CHQ_1:Prokka:CHQ_1_02293 (length 350)
prokka_CHQ_1/CHQ_1:Prokka:CHQ_1_02294 (length 570)
prokka_CHQ_1/CHQ_1:Prokka:CHQ_1_02295 (length 275)
prokka_CHQ_1/CHQ_1:Prokka:CHQ_1_02296 (length 382)
prokka_CHQ_1/CHQ_1:Prokka:CHQ_1_02297 (length 217)
prokka_CHQ_1/CHQ_1:Prokka:CHQ_1_02298 (length 155)
prokka_CHQ_1/CHQ_1:Prokka:CHQ_1_02299 (length 67)
prokka_CHQ_1/CHQ_1:Prokka:CHQ_1_02300 (length 71)
prokka_CHQ_1/CHQ_1:Prokka:CHQ_1_02301 (length 171)
prokka_CHQ_1/CHQ_1:Prokka:CHQ_1_02302 (length 142)
prokka_CHQ_1/CHQ_1:Prokka:CHQ_1_02303 (length 143)
prokka_CHQ_1/CHQ_1:Prokka:CHQ_1_02304 (length 148)
prokka_CHQ_1/CHQ_1:Prokka:CHQ_1_02305 (length 296)
prokka_CHQ_1/CHQ_1:Prokka:CHQ_1_02306 (length 190)
prokka_CHQ_1/CHQ_1:Prokka:CHQ_1_02307 (length 120)
prokka_CHQ_1/CHQ_1:Prokka:CHQ_1_02308 (length 302)
prokka_CHQ_1/CHQ_1:Prokka:CHQ_1_02309 (length 198)
prokka_CHQ_1/CHQ_1:Prokka:CHQ_1_02310 (length 774)
prokka_CHQ_1/CHQ_1:Prokka:CHQ_1_02311 (length 98)
prokka_CHQ_1/CHQ_1:Prokka:CHQ_1_02312 (length 396)
prokka_CHQ_1/CHQ_1:Prokka:CHQ_1_02313 (length 390)
prokka_CHQ_1/CHQ_1:Prokka:CHQ_1_02314 (length 171)
prokka_CHQ_1/CHQ_1:Prokka:CHQ_1_02315 (length 99)
prokka_CHQ_1/CHQ_1:Prokka:CHQ_1_02316 (length 875)
prokka_CHQ_1/CHQ_1:Prokka:CHQ_1_02317 (length 161)
prokka_CHQ_1/CHQ_1:Prokka:CHQ_1_02318 (length 365)
prokka_CHQ_1/CHQ_1:Prokka:CHQ_1_02319 (length 72)
prokka_CHQ_1/CHQ_1:Prokka:CHQ_1_02320 (length 123)
prokka_CHQ_1/CHQ_1:Prokka:CHQ_1_02322 (length 160)
prokka_CHQ_1/CHQ_1:Prokka:CHQ_1_02323 (length 145)
prokka_CHQ_1/CHQ_1:Prokka:CHQ_1_02324 (length 96)
prokka_CHQ_1/CHQ_1:Prokka:CHQ_1_02325 (length 113)
prokka_CHQ_1/CHQ_1:Prokka:CHQ_1_02326 (length 553)
prokka_CHQ_1/CHQ_1:Prokka:CHQ_1_02327 (length 292)
prokka_CHQ_1/CHQ_1:Prokka:CHQ_1_02328 (length 196)
prokka_CHQ_1/CHQ_1:Prokka:CHQ_1_02329 (length 428)
prokka_CHQ_1/CHQ_1:Prokka:CHQ_1_02330 (length 263)
prokka_CHQ_1/CHQ_1:Prokka:CHQ_1_02331 (length 454)
prokka_CHQ_1/CHQ_1:Prokka:CHQ_1_02332 (length 82)
prokka_CHQ_1/CHQ_1:Prokka:CHQ_1_02333 (length 182)
prokka_CHQ_1/CHQ_1:Prokka:CHQ_1_02334 (length 255)
prokka_CHQ_1/CHQ_1:Prokka:CHQ_1_02335 (length 115)
prokka_CHQ_1/CHQ_1:Prokka:CHQ_1_02336 (length 153)
prokka_CHQ_1/CHQ_1:Prokka:CHQ_1_02337 (length 452)
prokka_CHQ_1/CHQ_1:Prokka:CHQ_1_02338 (length 160)
prokka_CHQ_1/CHQ_1:Prokka:CHQ_1_02339 (length 407)
prokka_CHQ_1/CHQ_1:Prokka:CHQ_1_02340 (length 169)
prokka_CHQ_1/CHQ_1:Prokka:CHQ_1_02341 (length 356)
prokka_CHQ_1/CHQ_1:Prokka:CHQ_1_02342 (length 373)
prokka_CHQ_1/CHQ_1:Prokka:CHQ_1_02343 (length 290)
prokka_CHQ_1/CHQ_1:Prokka:CHQ_1_02344 (length 386)
prokka_CHQ_1/CHQ_1:Prokka:CHQ_1_02345 (length 125)
prokka_CHQ_1/CHQ_1:Prokka:CHQ_1_02346 (length 245)
prokka_CHQ_1/CHQ_1:Prokka:CHQ_1_02347 (length 326)
prokka_CHQ_1/CHQ_1:Prokka:CHQ_1_02348 (length 243)
prokka_CHQ_1/CHQ_1:Prokka:CHQ_1_02349 (length 857)
prokka_CHQ_1/CHQ_1:Prokka:CHQ_1_20 (length 390437)
prokka_CHQ_1/CHQ_1:Prokka:CHQ_1_02350 (length 263)
prokka_CHQ_1/CHQ_1:Prokka:CHQ_1_02351 (length 258)
prokka_CHQ_1/CHQ_1:Prokka:CHQ_1_02352 (length 577)
prokka_CHQ_1/CHQ_1:Prokka:CHQ_1_02353 (length 395)
prokka_CHQ_1/CHQ_1:Prokka:CHQ_1_02354 (length 227)
prokka_CHQ_1/CHQ_1:Prokka:CHQ_1_02355 (length 390)
prokka_CHQ_1/CHQ_1:Prokka:CHQ_1_02356 (length 371)
prokka_CHQ_1/CHQ_1:Prokka:CHQ_1_02357 (length 197)
prokka_CHQ_1/CHQ_1:Prokka:CHQ_1_02358 (length 499)
prokka_CHQ_1/CHQ_1:Prokka:CHQ_1_02359 (length 121)
prokka_CHQ_1/CHQ_1:Prokka:CHQ_1_02360 (length 433)
prokka_CHQ_1/CHQ_1:Prokka:CHQ_1_02361 (length 494)
prokka_CHQ_1/CHQ_1:Prokka:CHQ_1_02362 (length 360)
prokka_CHQ_1/CHQ_1:Prokka:CHQ_1_02363 (length 727)
prokka_CHQ_1/CHQ_1:Prokka:CHQ_1_02364 (length 458)
prokka_CHQ_1/CHQ_1:Prokka:CHQ_1_02365 (length 413)
prokka_CHQ_1/CHQ_1:Prokka:CHQ_1_02366 (length 340)
prokka_CHQ_1/CHQ_1:Prokka:CHQ_1_02367 (length 383)
prokka_CHQ_1/CHQ_1:Prokka:CHQ_1_02368 (length 138)
prokka_CHQ_1/CHQ_1:Prokka:CHQ_1_02369 (length 211)
prokka_CHQ_1/CHQ_1:Prokka:CHQ_1_02370 (length 227)
prokka_CHQ_1/CHQ_1:Prokka:CHQ_1_02371 (length 539)
prokka_CHQ_1/CHQ_1:Prokka:CHQ_1_02372 (length 845)
prokka_CHQ_1/CHQ_1:Prokka:CHQ_1_02373 (length 225)
prokka_CHQ_1/CHQ_1:Prokka:CHQ_1_02374 (length 192)
prokka_CHQ_1/CHQ_1:Prokka:CHQ_1_02375 (length 130)
prokka_CHQ_1/CHQ_1:Prokka:CHQ_1_02376 (length 326)
prokka_CHQ_1/CHQ_1:Prokka:CHQ_1_02377 (length 414)
prokka_CHQ_1/CHQ_1:Prokka:CHQ_1_02378 (length 475)
prokka_CHQ_1/CHQ_1:Prokka:CHQ_1_02379 (length 289)
prokka_CHQ_1/CHQ_1:Prokka:CHQ_1_02380 (length 344)
prokka_CHQ_1/CHQ_1:Prokka:CHQ_1_02381 (length 909)
prokka_CHQ_1/CHQ_1:Prokka:CHQ_1_02382 (length 328)
prokka_CHQ_1/CHQ_1:Prokka:CHQ_1_02383 (length 353)
prokka_CHQ_1/CHQ_1:Prokka:CHQ_1_02384 (length 284)
prokka_CHQ_1/CHQ_1:Prokka:CHQ_1_02385 (length 247)
prokka_CHQ_1/CHQ_1:Prokka:CHQ_1_02386 (length 156)
prokka_CHQ_1/CHQ_1:Prokka:CHQ_1_02387 (length 144)
prokka_CHQ_1/CHQ_1:Prokka:CHQ_1_02388 (length 217)
prokka_CHQ_1/CHQ_1:Prokka:CHQ_1_02389 (length 122)
prokka_CHQ_1/CHQ_1:Prokka:CHQ_1_02390 (length 198)
prokka_CHQ_1/CHQ_1:Prokka:CHQ_1_02391 (length 366)
prokka_CHQ_1/CHQ_1:Prokka:CHQ_1_02392 (length 113)
prokka_CHQ_1/CHQ_1:Prokka:CHQ_1_02393 (length 82)
prokka_CHQ_1/CHQ_1:Prokka:CHQ_1_02394 (length 36)
prokka_CHQ_1/CHQ_1:Prokka:CHQ_1_02395 (length 907)
prokka_CHQ_1/CHQ_1:Prokka:CHQ_1_02396 (length 359)
prokka_CHQ_1/CHQ_1:Prokka:CHQ_1_02397 (length 1030)
prokka_CHQ_1/CHQ_1:Prokka:CHQ_1_02398 (length 239)
prokka_CHQ_1/CHQ_1:Prokka:CHQ_1_02399 (length 371)
prokka_CHQ_1/CHQ_1:Prokka:CHQ_1_02400 (length 555)
prokka_CHQ_1/CHQ_1:Prokka:CHQ_1_02401 (length 317)
prokka_CHQ_1/CHQ_1:Prokka:CHQ_1_02402 (length 297)
prokka_CHQ_1/CHQ_1:Prokka:CHQ_1_02403 (length 345)
prokka_CHQ_1/CHQ_1:Prokka:CHQ_1_02404 (length 336)
prokka_CHQ_1/CHQ_1:Prokka:CHQ_1_02405 (length 422)
prokka_CHQ_1/CHQ_1:Prokka:CHQ_1_02406 (length 307)
prokka_CHQ_1/CHQ_1:Prokka:CHQ_1_02407 (length 444)
prokka_CHQ_1/CHQ_1:Prokka:CHQ_1_02408 (length 487)
prokka_CHQ_1/CHQ_1:Prokka:CHQ_1_02409 (length 283)
prokka_CHQ_1/CHQ_1:Prokka:CHQ_1_02410 (length 213)
prokka_CHQ_1/CHQ_1:Prokka:CHQ_1_02411 (length 221)
prokka_CHQ_1/CHQ_1:Prokka:CHQ_1_02412 (length 253)
prokka_CHQ_1/CHQ_1:Prokka:CHQ_1_02413 (length 254)
prokka_CHQ_1/CHQ_1:Prokka:CHQ_1_02414 (length 445)
prokka_CHQ_1/CHQ_1:Prokka:CHQ_1_02415 (length 234)
prokka_CHQ_1/CHQ_1:Prokka:CHQ_1_02416 (length 278)
prokka_CHQ_1/CHQ_1:Prokka:CHQ_1_02417 (length 277)
prokka_CHQ_1/CHQ_1:Prokka:CHQ_1_02418 (length 340)
prokka_CHQ_1/CHQ_1:Prokka:CHQ_1_02419 (length 522)
prokka_CHQ_1/CHQ_1:Prokka:CHQ_1_02420 (length 231)
prokka_CHQ_1/CHQ_1:Prokka:CHQ_1_02421 (length 72)
prokka_CHQ_1/CHQ_1:Prokka:CHQ_1_02422 (length 266)
prokka_CHQ_1/CHQ_1:Prokka:CHQ_1_02423 (length 222)
prokka_CHQ_1/CHQ_1:Prokka:CHQ_1_02424 (length 118)
prokka_CHQ_1/CHQ_1:Prokka:CHQ_1_02425 (length 554)
prokka_CHQ_1/CHQ_1:Prokka:CHQ_1_02426 (length 490)
prokka_CHQ_1/CHQ_1:Prokka:CHQ_1_02427 (length 195)
prokka_CHQ_1/CHQ_1:Prokka:CHQ_1_02428 (length 677)
prokka_CHQ_1/CHQ_1:Prokka:CHQ_1_02429 (length 148)
prokka_CHQ_1/CHQ_1:Prokka:CHQ_1_02430 (length 418)
prokka_CHQ_1/CHQ_1:Prokka:CHQ_1_02431 (length 297)
prokka_CHQ_1/CHQ_1:Prokka:CHQ_1_02432 (length 201)
prokka_CHQ_1/CHQ_1:Prokka:CHQ_1_02433 (length 499)
prokka_CHQ_1/CHQ_1:Prokka:CHQ_1_02434 (length 472)
prokka_CHQ_1/CHQ_1:Prokka:CHQ_1_02435 (length 318)
prokka_CHQ_1/CHQ_1:Prokka:CHQ_1_02436 (length 276)
prokka_CHQ_1/CHQ_1:Prokka:CHQ_1_02437 (length 316)
prokka_CHQ_1/CHQ_1:Prokka:CHQ_1_02438 (length 327)
prokka_CHQ_1/CHQ_1:Prokka:CHQ_1_02439 (length 362)
prokka_CHQ_1/CHQ_1:Prokka:CHQ_1_02440 (length 508)
prokka_CHQ_1/CHQ_1:Prokka:CHQ_1_02441 (length 203)
prokka_CHQ_1/CHQ_1:Prokka:CHQ_1_02442 (length 313)
prokka_CHQ_1/CHQ_1:Prokka:CHQ_1_02443 (length 219)
prokka_CHQ_1/CHQ_1:Prokka:CHQ_1_02444 (length 742)
prokka_CHQ_1/CHQ_1:Prokka:CHQ_1_02445 (length 402)
prokka_CHQ_1/CHQ_1:Prokka:CHQ_1_02446 (length 67)
prokka_CHQ_1/CHQ_1:Prokka:CHQ_1_02447 (length 1293)
prokka_CHQ_1/CHQ_1:Prokka:CHQ_1_02448 (length 264)
prokka_CHQ_1/CHQ_1:Prokka:CHQ_1_02449 (length 330)
prokka_CHQ_1/CHQ_1:Prokka:CHQ_1_02450 (length 335)
prokka_CHQ_1/CHQ_1:Prokka:CHQ_1_02451 (length 413)
prokka_CHQ_1/CHQ_1:Prokka:CHQ_1_02452 (length 319)
prokka_CHQ_1/CHQ_1:Prokka:CHQ_1_02453 (length 391)
prokka_CHQ_1/CHQ_1:Prokka:CHQ_1_02454 (length 535)
prokka_CHQ_1/CHQ_1:Prokka:CHQ_1_02455 (length 283)
prokka_CHQ_1/CHQ_1:Prokka:CHQ_1_02456 (length 251)
prokka_CHQ_1/CHQ_1:Prokka:CHQ_1_02457 (length 137)
prokka_CHQ_1/CHQ_1:Prokka:CHQ_1_02458 (length 701)
prokka_CHQ_1/CHQ_1:Prokka:CHQ_1_02459 (length 65)
prokka_CHQ_1/CHQ_1:Prokka:CHQ_1_02460 (length 134)
prokka_CHQ_1/CHQ_1:Prokka:CHQ_1_02461 (length 100)
prokka_CHQ_1/CHQ_1:Prokka:CHQ_1_02462 (length 247)
prokka_CHQ_1/CHQ_1:Prokka:CHQ_1_02463 (length 362)
prokka_CHQ_1/CHQ_1:Prokka:CHQ_1_02464 (length 500)
prokka_CHQ_1/CHQ_1:Prokka:CHQ_1_02465 (length 332)
prokka_CHQ_1/CHQ_1:Prokka:CHQ_1_02466 (length 354)
prokka_CHQ_1/CHQ_1:Prokka:CHQ_1_02467 (length 413)
prokka_CHQ_1/CHQ_1:Prokka:CHQ_1_02468 (length 399)
prokka_CHQ_1/CHQ_1:Prokka:CHQ_1_02469 (length 342)
prokka_CHQ_1/CHQ_1:Prokka:CHQ_1_02470 (length 422)
prokka_CHQ_1/CHQ_1:Prokka:CHQ_1_02471 (length 452)
prokka_CHQ_1/CHQ_1:Prokka:CHQ_1_02472 (length 269)
prokka_CHQ_1/CHQ_1:Prokka:CHQ_1_02473 (length 346)
prokka_CHQ_1/CHQ_1:Prokka:CHQ_1_02474 (length 412)
prokka_CHQ_1/CHQ_1:Prokka:CHQ_1_02475 (length 411)
prokka_CHQ_1/CHQ_1:Prokka:CHQ_1_02476 (length 420)
prokka_CHQ_1/CHQ_1:Prokka:CHQ_1_02477 (length 202)
prokka_CHQ_1/CHQ_1:Prokka:CHQ_1_02478 (length 498)
prokka_CHQ_1/CHQ_1:Prokka:CHQ_1_02479 (length 342)
prokka_CHQ_1/CHQ_1:Prokka:CHQ_1_02480 (length 313)
prokka_CHQ_1/CHQ_1:Prokka:CHQ_1_02481 (length 334)
prokka_CHQ_1/CHQ_1:Prokka:CHQ_1_02482 (length 329)
prokka_CHQ_1/CHQ_1:Prokka:CHQ_1_02483 (length 516)
prokka_CHQ_1/CHQ_1:Prokka:CHQ_1_02484 (length 326)
prokka_CHQ_1/CHQ_1:Prokka:CHQ_1_02485 (length 769)
prokka_CHQ_1/CHQ_1:Prokka:CHQ_1_02486 (length 180)
prokka_CHQ_1/CHQ_1:Prokka:CHQ_1_02487 (length 229)
prokka_CHQ_1/CHQ_1:Prokka:CHQ_1_02488 (length 386)
prokka_CHQ_1/CHQ_1:Prokka:CHQ_1_02489 (length 208)
prokka_CHQ_1/CHQ_1:Prokka:CHQ_1_02490 (length 407)
prokka_CHQ_1/CHQ_1:Prokka:CHQ_1_02491 (length 310)
prokka_CHQ_1/CHQ_1:Prokka:CHQ_1_02492 (length 249)
prokka_CHQ_1/CHQ_1:Prokka:CHQ_1_02493 (length 187)
prokka_CHQ_1/CHQ_1:Prokka:CHQ_1_02494 (length 521)
prokka_CHQ_1/CHQ_1:Prokka:CHQ_1_02495 (length 142)
prokka_CHQ_1/CHQ_1:Prokka:CHQ_1_02496 (length 136)
prokka_CHQ_1/CHQ_1:Prokka:CHQ_1_02497 (length 265)
prokka_CHQ_1/CHQ_1:Prokka:CHQ_1_02498 (length 457)
prokka_CHQ_1/CHQ_1:Prokka:CHQ_1_02499 (length 172)
prokka_CHQ_1/CHQ_1:Prokka:CHQ_1_02500 (length 69)
prokka_CHQ_1/CHQ_1:Prokka:CHQ_1_02501 (length 127)
prokka_CHQ_1/CHQ_1:Prokka:CHQ_1_02502 (length 262)
prokka_CHQ_1/CHQ_1:Prokka:CHQ_1_02503 (length 68)
prokka_CHQ_1/CHQ_1:Prokka:CHQ_1_02504 (length 321)
prokka_CHQ_1/CHQ_1:Prokka:CHQ_1_02505 (length 319)
prokka_CHQ_1/CHQ_1:Prokka:CHQ_1_02506 (length 214)
prokka_CHQ_1/CHQ_1:Prokka:CHQ_1_02507 (length 87)
prokka_CHQ_1/CHQ_1:Prokka:CHQ_1_02508 (length 399)
prokka_CHQ_1/CHQ_1:Prokka:CHQ_1_02509 (length 380)
prokka_CHQ_1/CHQ_1:Prokka:CHQ_1_02510 (length 370)
prokka_CHQ_1/CHQ_1:Prokka:CHQ_1_02511 (length 633)
prokka_CHQ_1/CHQ_1:Prokka:CHQ_1_02512 (length 155)
prokka_CHQ_1/CHQ_1:Prokka:CHQ_1_02513 (length 105)
prokka_CHQ_1/CHQ_1:Prokka:CHQ_1_02514 (length 209)
prokka_CHQ_1/CHQ_1:Prokka:CHQ_1_02515 (length 216)
prokka_CHQ_1/CHQ_1:Prokka:CHQ_1_02516 (length 344)
prokka_CHQ_1/CHQ_1:Prokka:CHQ_1_02517 (length 196)
prokka_CHQ_1/CHQ_1:Prokka:CHQ_1_02518 (length 860)
prokka_CHQ_1/CHQ_1:Prokka:CHQ_1_02519 (length 160)
prokka_CHQ_1/CHQ_1:Prokka:CHQ_1_02520 (length 597)
prokka_CHQ_1/CHQ_1:Prokka:CHQ_1_02521 (length 556)
prokka_CHQ_1/CHQ_1:Prokka:CHQ_1_02522 (length 241)
prokka_CHQ_1/CHQ_1:Prokka:CHQ_1_02523 (length 224)
prokka_CHQ_1/CHQ_1:Prokka:CHQ_1_02524 (length 246)
prokka_CHQ_1/CHQ_1:Prokka:CHQ_1_02525 (length 303)
prokka_CHQ_1/CHQ_1:Prokka:CHQ_1_02526 (length 512)
prokka_CHQ_1/CHQ_1:Prokka:CHQ_1_02527 (length 292)
prokka_CHQ_1/CHQ_1:Prokka:CHQ_1_02528 (length 157)
prokka_CHQ_1/CHQ_1:Prokka:CHQ_1_02529 (length 348)
prokka_CHQ_1/CHQ_1:Prokka:CHQ_1_02530 (length 474)
prokka_CHQ_1/CHQ_1:Prokka:CHQ_1_02531 (length 391)
prokka_CHQ_1/CHQ_1:Prokka:CHQ_1_02538 (length 554)
prokka_CHQ_1/CHQ_1:Prokka:CHQ_1_02539 (length 250)
prokka_CHQ_1/CHQ_1:Prokka:CHQ_1_02540 (length 406)
prokka_CHQ_1/CHQ_1:Prokka:CHQ_1_02541 (length 382)
prokka_CHQ_1/CHQ_1:Prokka:CHQ_1_02542 (length 266)
prokka_CHQ_1/CHQ_1:Prokka:CHQ_1_02543 (length 651)
prokka_CHQ_1/CHQ_1:Prokka:CHQ_1_02544 (length 555)
prokka_CHQ_1/CHQ_1:Prokka:CHQ_1_02545 (length 467)
prokka_CHQ_1/CHQ_1:Prokka:CHQ_1_02546 (length 110)
prokka_CHQ_1/CHQ_1:Prokka:CHQ_1_02547 (length 431)
prokka_CHQ_1/CHQ_1:Prokka:CHQ_1_02548 (length 379)
prokka_CHQ_1/CHQ_1:Prokka:CHQ_1_02549 (length 369)
prokka_CHQ_1/CHQ_1:Prokka:CHQ_1_02550 (length 76)
prokka_CHQ_1/CHQ_1:Prokka:CHQ_1_02551 (length 308)
prokka_CHQ_1/CHQ_1:Prokka:CHQ_1_02552 (length 150)
prokka_CHQ_1/CHQ_1:Prokka:CHQ_1_02553 (length 176)
prokka_CHQ_1/CHQ_1:Prokka:CHQ_1_02554 (length 97)
prokka_CHQ_1/CHQ_1:Prokka:CHQ_1_02555 (length 257)
prokka_CHQ_1/CHQ_1:Prokka:CHQ_1_02556 (length 230)
prokka_CHQ_1/CHQ_1:Prokka:CHQ_1_02557 (length 546)
prokka_CHQ_1/CHQ_1:Prokka:CHQ_1_02558 (length 145)
prokka_CHQ_1/CHQ_1:Prokka:CHQ_1_02559 (length 225)
prokka_CHQ_1/CHQ_1:Prokka:CHQ_1_02560 (length 895)
prokka_CHQ_1/CHQ_1:Prokka:CHQ_1_02561 (length 191)
prokka_CHQ_1/CHQ_1:Prokka:CHQ_1_02562 (length 682)
prokka_CHQ_1/CHQ_1:Prokka:CHQ_1_02563 (length 559)
prokka_CHQ_1/CHQ_1:Prokka:CHQ_1_02564 (length 68)
prokka_CHQ_1/CHQ_1:Prokka:CHQ_1_02565 (length 480)
prokka_CHQ_1/CHQ_1:Prokka:CHQ_1_02566 (length 492)
prokka_CHQ_1/CHQ_1:Prokka:CHQ_1_02567 (length 247)
prokka_CHQ_1/CHQ_1:Prokka:CHQ_1_02568 (length 218)
prokka_CHQ_1/CHQ_1:Prokka:CHQ_1_02569 (length 310)
prokka_CHQ_1/CHQ_1:Prokka:CHQ_1_02570 (length 250)
prokka_CHQ_1/CHQ_1:Prokka:CHQ_1_02571 (length 214)
prokka_CHQ_1/CHQ_1:Prokka:CHQ_1_02572 (length 263)
prokka_CHQ_1/CHQ_1:Prokka:CHQ_1_02573 (length 427)
prokka_CHQ_1/CHQ_1:Prokka:CHQ_1_02574 (length 134)
prokka_CHQ_1/CHQ_1:Prokka:CHQ_1_02575 (length 115)
prokka_CHQ_1/CHQ_1:Prokka:CHQ_1_02576 (length 588)
prokka_CHQ_1/CHQ_1:Prokka:CHQ_1_02577 (length 238)
prokka_CHQ_1/CHQ_1:Prokka:CHQ_1_02578 (length 935)
prokka_CHQ_1/CHQ_1:Prokka:CHQ_1_02579 (length 408)
prokka_CHQ_1/CHQ_1:Prokka:CHQ_1_02580 (length 388)
prokka_CHQ_1/CHQ_1:Prokka:CHQ_1_02581 (length 289)
prokka_CHQ_1/CHQ_1:Prokka:CHQ_1_02582 (length 522)
prokka_CHQ_1/CHQ_1:Prokka:CHQ_1_02583 (length 379)
prokka_CHQ_1/CHQ_1:Prokka:CHQ_1_02584 (length 38)
prokka_CHQ_1/CHQ_1:Prokka:CHQ_1_02585 (length 96)
prokka_CHQ_1/CHQ_1:Prokka:CHQ_1_02586 (length 134)
prokka_CHQ_1/CHQ_1:Prokka:CHQ_1_02587 (length 230)
prokka_CHQ_1/CHQ_1:Prokka:CHQ_1_02588 (length 142)
prokka_CHQ_1/CHQ_1:Prokka:CHQ_1_02589 (length 446)
prokka_CHQ_1/CHQ_1:Prokka:CHQ_1_02590 (length 430)
prokka_CHQ_1/CHQ_1:Prokka:CHQ_1_02591 (length 174)
prokka_CHQ_1/CHQ_1:Prokka:CHQ_1_02592 (length 264)
prokka_CHQ_1/CHQ_1:Prokka:CHQ_1_02600 (length 347)
prokka_CHQ_1/CHQ_1:Prokka:CHQ_1_02601 (length 239)
prokka_CHQ_1/CHQ_1:Prokka:CHQ_1_02602 (length 314)
prokka_CHQ_1/CHQ_1:Prokka:CHQ_1_02603 (length 125)
prokka_CHQ_1/CHQ_1:Prokka:CHQ_1_02604 (length 350)
prokka_CHQ_1/CHQ_1:Prokka:CHQ_1_02605 (length 250)
prokka_CHQ_1/CHQ_1:Prokka:CHQ_1_02606 (length 347)
prokka_CHQ_1/CHQ_1:Prokka:CHQ_1_02607 (length 382)
prokka_CHQ_1/CHQ_1:Prokka:CHQ_1_02608 (length 348)
prokka_CHQ_1/CHQ_1:Prokka:CHQ_1_02609 (length 338)
prokka_CHQ_1/CHQ_1:Prokka:CHQ_1_02610 (length 490)
prokka_CHQ_1/CHQ_1:Prokka:CHQ_1_02611 (length 262)
prokka_CHQ_1/CHQ_1:Prokka:CHQ_1_02612 (length 49)
prokka_CHQ_1/CHQ_1:Prokka:CHQ_1_02613 (length 257)
prokka_CHQ_1/CHQ_1:Prokka:CHQ_1_02614 (length 229)
prokka_CHQ_1/CHQ_1:Prokka:CHQ_1_02615 (length 353)
prokka_CHQ_1/CHQ_1:Prokka:CHQ_1_02616 (length 272)
prokka_CHQ_1/CHQ_1:Prokka:CHQ_1_02617 (length 331)
prokka_CHQ_1/CHQ_1:Prokka:CHQ_1_02618 (length 88)
prokka_CHQ_1/CHQ_1:Prokka:CHQ_1_02619 (length 101)
prokka_CHQ_1/CHQ_1:Prokka:CHQ_1_02620 (length 81)
prokka_CHQ_1/CHQ_1:Prokka:CHQ_1_02621 (length 403)
prokka_CHQ_1/CHQ_1:Prokka:CHQ_1_02622 (length 244)
prokka_CHQ_1/CHQ_1:Prokka:CHQ_1_02623 (length 184)
prokka_CHQ_1/CHQ_1:Prokka:CHQ_1_02624 (length 70)
prokka_CHQ_1/CHQ_1:Prokka:CHQ_1_02625 (length 168)
prokka_CHQ_1/CHQ_1:Prokka:CHQ_1_02626 (length 321)
prokka_CHQ_1/CHQ_1:Prokka:CHQ_1_02627 (length 1021)
prokka_CHQ_1/CHQ_1:Prokka:CHQ_1_02628 (length 361)
prokka_CHQ_1/CHQ_1:Prokka:CHQ_1_02629 (length 36)
prokka_CHQ_1/CHQ_1:Prokka:CHQ_1_02630 (length 143)
prokka_CHQ_1/CHQ_1:Prokka:CHQ_1_02631 (length 895)
prokka_CHQ_1/CHQ_1:Prokka:CHQ_1_02632 (length 427)
prokka_CHQ_1/CHQ_1:Prokka:CHQ_1_02633 (length 419)
prokka_CHQ_1/CHQ_1:Prokka:CHQ_1_02634 (length 318)
prokka_CHQ_1/CHQ_1:Prokka:CHQ_1_02635 (length 241)
prokka_CHQ_1/CHQ_1:Prokka:CHQ_1_02636 (length 562)
prokka_CHQ_1/CHQ_1:Prokka:CHQ_1_02637 (length 511)
prokka_CHQ_1/CHQ_1:Prokka:CHQ_1_02638 (length 460)
prokka_CHQ_1/CHQ_1:Prokka:CHQ_1_02639 (length 158)
prokka_CHQ_1/CHQ_1:Prokka:CHQ_1_02640 (length 429)
prokka_CHQ_1/CHQ_1:Prokka:CHQ_1_02641 (length 346)
prokka_CHQ_1/CHQ_1:Prokka:CHQ_1_02642 (length 385)
prokka_CHQ_1/CHQ_1:Prokka:CHQ_1_02643 (length 251)
prokka_CHQ_1/CHQ_1:Prokka:CHQ_1_02644 (length 240)
prokka_CHQ_1/CHQ_1:Prokka:CHQ_1_02645 (length 240)
prokka_CHQ_1/CHQ_1:Prokka:CHQ_1_02646 (length 673)
prokka_CHQ_1/CHQ_1:Prokka:CHQ_1_02647 (length 30)
prokka_CHQ_1/CHQ_1:Prokka:CHQ_1_02648 (length 365)
prokka_CHQ_1/CHQ_1:Prokka:CHQ_1_02649 (length 223)
prokka_CHQ_1/CHQ_1:Prokka:CHQ_1_02650 (length 546)
prokka_CHQ_1/CHQ_1:Prokka:CHQ_1_02651 (length 301)
prokka_CHQ_1/CHQ_1:Prokka:CHQ_1_02652 (length 329)
prokka_CHQ_1/CHQ_1:Prokka:CHQ_1_02653 (length 170)
prokka_CHQ_1/CHQ_1:Prokka:CHQ_1_02654 (length 162)
prokka_CHQ_1/CHQ_1:Prokka:CHQ_1_02655 (length 82)
prokka_CHQ_1/CHQ_1:Prokka:CHQ_1_02656 (length 150)
prokka_CHQ_1/CHQ_1:Prokka:CHQ_1_02657 (length 234)
prokka_CHQ_1/CHQ_1:Prokka:CHQ_1_02658 (length 321)
prokka_CHQ_1/CHQ_1:Prokka:CHQ_1_02659 (length 414)
prokka_CHQ_1/CHQ_1:Prokka:CHQ_1_02660 (length 253)
prokka_CHQ_1/CHQ_1:Prokka:CHQ_1_02661 (length 145)
prokka_CHQ_1/CHQ_1:Prokka:CHQ_1_02662 (length 368)
prokka_CHQ_1/CHQ_1:Prokka:CHQ_1_02663 (length 377)
prokka_CHQ_1/CHQ_1:Prokka:CHQ_1_02664 (length 579)
prokka_CHQ_1/CHQ_1:Prokka:CHQ_1_02665 (length 331)
prokka_CHQ_1/CHQ_1:Prokka:CHQ_1_02666 (length 219)
prokka_CHQ_1/CHQ_1:Prokka:CHQ_1_02667 (length 307)
prokka_CHQ_1/CHQ_1:Prokka:CHQ_1_02668 (length 444)
prokka_CHQ_1/CHQ_1:Prokka:CHQ_1_02669 (length 249)
prokka_CHQ_1/CHQ_1:Prokka:CHQ_1_02670 (length 281)
prokka_CHQ_1/CHQ_1:Prokka:CHQ_1_02671 (length 330)
prokka_CHQ_1/CHQ_1:Prokka:CHQ_1_02672 (length 451)
prokka_CHQ_1/CHQ_1:Prokka:CHQ_1_02673 (length 718)
prokka_CHQ_1/CHQ_1:Prokka:CHQ_1_02674 (length 321)
prokka_CHQ_1/CHQ_1:Prokka:CHQ_1_02675 (length 86)
prokka_CHQ_1/CHQ_1:Prokka:CHQ_1_02676 (length 88)
prokka_CHQ_1/CHQ_1:Prokka:CHQ_1_02677 (length 86)
prokka_CHQ_1/CHQ_1:Prokka:CHQ_1_02678 (length 204)
prokka_CHQ_1/CHQ_1:Prokka:CHQ_1_02679 (length 304)
prokka_CHQ_1/CHQ_1:Prokka:CHQ_1_02680 (length 731)
prokka_CHQ_1/CHQ_1:Prokka:CHQ_1_02681 (length 240)
prokka_CHQ_1/CHQ_1:Prokka:CHQ_1_02682 (length 219)
prokka_CHQ_1/CHQ_1:Prokka:CHQ_1_02683 (length 248)
prokka_CHQ_1/CHQ_1:Prokka:CHQ_1_02684 (length 167)
prokka_CHQ_1/CHQ_1:Prokka:CHQ_1_02685 (length 295)
prokka_CHQ_1/CHQ_1:Prokka:CHQ_1_02686 (length 170)
prokka_CHQ_1/CHQ_1:Prokka:CHQ_1_02687 (length 526)
prokka_CHQ_1/CHQ_1:Prokka:CHQ_1_02688 (length 41)
prokka_CHQ_1/CHQ_1:Prokka:CHQ_1_02689 (length 157)
prokka_CHQ_1/CHQ_1:Prokka:CHQ_1_02690 (length 370)
prokka_CHQ_1/CHQ_1:Prokka:CHQ_1_02691 (length 458)
prokka_CHQ_1/CHQ_1:Prokka:CHQ_1_02692 (length 238)
prokka_CHQ_1/CHQ_1:Prokka:CHQ_1_02693 (length 329)
prokka_CHQ_1/CHQ_1:Prokka:CHQ_1_02694 (length 261)
prokka_CHQ_1/CHQ_1:Prokka:CHQ_1_02695 (length 530)
prokka_CHQ_1/CHQ_1:Prokka:CHQ_1_02696 (length 787)
prokka_CHQ_1/CHQ_1:Prokka:CHQ_1_02697 (length 433)
prokka_CHQ_1/CHQ_1:Prokka:CHQ_1_02698 (length 357)
prokka_CHQ_1/CHQ_1:Prokka:CHQ_1_02699 (length 421)
prokka_CHQ_1/CHQ_1:Prokka:CHQ_1_02700 (length 271)
prokka_CHQ_1/CHQ_1:Prokka:CHQ_1_02701 (length 810)
prokka_CHQ_1/CHQ_1:Prokka:CHQ_1_02702 (length 299)
prokka_CHQ_1/CHQ_1:Prokka:CHQ_1_02703 (length 251)
prokka_CHQ_1/CHQ_1:Prokka:CHQ_1_02704 (length 411)
prokka_CHQ_1/CHQ_1:Prokka:CHQ_1_02705 (length 313)
prokka_CHQ_1/CHQ_1:Prokka:CHQ_1_02706 (length 619)
prokka_CHQ_1/CHQ_1:Prokka:CHQ_1_02707 (length 513)
prokka_CHQ_1/CHQ_1:Prokka:CHQ_1_02708 (length 306)
prokka_CHQ_1/CHQ_1:Prokka:CHQ_1_02709 (length 303)
prokka_CHQ_1/CHQ_1:Prokka:CHQ_1_21 (length 12161)
prokka_CHQ_1/CHQ_1:Prokka:CHQ_1_02710 (length 53)
prokka_CHQ_1/CHQ_1:Prokka:CHQ_1_02711 (length 192)
prokka_CHQ_1/CHQ_1:Prokka:CHQ_1_02712 (length 190)
prokka_CHQ_1/CHQ_1:Prokka:CHQ_1_02713 (length 103)
prokka_CHQ_1/CHQ_1:Prokka:CHQ_1_02714 (length 179)
prokka_CHQ_1/CHQ_1:Prokka:CHQ_1_02715 (length 115)
prokka_CHQ_1/CHQ_1:Prokka:CHQ_1_02716 (length 91)
prokka_CHQ_1/CHQ_1:Prokka:CHQ_1_02717 (length 100)
prokka_CHQ_1/CHQ_1:Prokka:CHQ_1_02718 (length 144)
prokka_CHQ_1/CHQ_1:Prokka:CHQ_1_02719 (length 116)
prokka_CHQ_1/CHQ_1:Prokka:CHQ_1_02720 (length 165)
prokka_CHQ_1/CHQ_1:Prokka:CHQ_1_02721 (length 583)
prokka_CHQ_1/CHQ_1:Prokka:CHQ_1_02722 (length 53)
prokka_CHQ_1/CHQ_1:Prokka:CHQ_1_02723 (length 408)
prokka_CHQ_1/CHQ_1:Prokka:CHQ_1_02724 (length 199)
prokka_CHQ_1/CHQ_1:Prokka:CHQ_1_02725 (length 412)
prokka_CHQ_1/CHQ_1:Prokka:CHQ_1_02726 (length 105)
prokka_CHQ_1/CHQ_1:Prokka:CHQ_1_22 (length 7099)
prokka_CHQ_1/CHQ_1:Prokka:CHQ_1_02727 (length 157)
prokka_CHQ_1/CHQ_1:Prokka:CHQ_1_02728 (length 174)
prokka_CHQ_1/CHQ_1:Prokka:CHQ_1_02729 (length 250)
prokka_CHQ_1/CHQ_1:Prokka:CHQ_1_02730 (length 254)
prokka_CHQ_1/CHQ_1:Prokka:CHQ_1_02731 (length 261)
prokka_CHQ_1/CHQ_1:Prokka:CHQ_1_02732 (length 324)
prokka_CHQ_1/CHQ_1:Prokka:CHQ_1_02733 (length 270)
prokka_CHQ_1/CHQ_1:Prokka:CHQ_1_02734 (length 146)
prokka_CHQ_1/CHQ_1:Prokka:CHQ_1_23 (length 13329)
prokka_CHQ_1/CHQ_1:Prokka:CHQ_1_02735 (length 53)
prokka_CHQ_1/CHQ_1:Prokka:CHQ_1_02736 (length 273)
prokka_CHQ_1/CHQ_1:Prokka:CHQ_1_02737 (length 103)
prokka_CHQ_1/CHQ_1:Prokka:CHQ_1_02738 (length 179)
prokka_CHQ_1/CHQ_1:Prokka:CHQ_1_02739 (length 115)
prokka_CHQ_1/CHQ_1:Prokka:CHQ_1_02740 (length 91)
prokka_CHQ_1/CHQ_1:Prokka:CHQ_1_02741 (length 81)
prokka_CHQ_1/CHQ_1:Prokka:CHQ_1_02742 (length 61)
prokka_CHQ_1/CHQ_1:Prokka:CHQ_1_02743 (length 113)
prokka_CHQ_1/CHQ_1:Prokka:CHQ_1_02744 (length 154)
prokka_CHQ_1/CHQ_1:Prokka:CHQ_1_02745 (length 580)
prokka_CHQ_1/CHQ_1:Prokka:CHQ_1_02746 (length 435)
prokka_CHQ_1/CHQ_1:Prokka:CHQ_1_02747 (length 282)
prokka_CHQ_1/CHQ_1:Prokka:CHQ_1_02748 (length 405)
prokka_CHQ_1/CHQ_1:Prokka:CHQ_1_02749 (length 68)
prokka_CHQ_1/CHQ_1:Prokka:CHQ_1_02750 (length 65)
prokka_CHQ_1/CHQ_1:Prokka:CHQ_1_24 (length 2218)
prokka_CHQ_1/CHQ_1:Prokka:CHQ_1_02751 (length 307)
prokka_CHQ_1/CHQ_1:Prokka:CHQ_1_02752 (length 135)
prokka_CHQ_1/CHQ_1:Prokka:CHQ_1_25 (length 111723)
prokka_CHQ_1/CHQ_1:Prokka:CHQ_1_02753 (length 316)
prokka_CHQ_1/CHQ_1:Prokka:CHQ_1_02754 (length 152)
prokka_CHQ_1/CHQ_1:Prokka:CHQ_1_02755 (length 124)
prokka_CHQ_1/CHQ_1:Prokka:CHQ_1_02756 (length 339)
prokka_CHQ_1/CHQ_1:Prokka:CHQ_1_02757 (length 572)
prokka_CHQ_1/CHQ_1:Prokka:CHQ_1_02758 (length 335)
prokka_CHQ_1/CHQ_1:Prokka:CHQ_1_02759 (length 264)
prokka_CHQ_1/CHQ_1:Prokka:CHQ_1_02760 (length 320)
prokka_CHQ_1/CHQ_1:Prokka:CHQ_1_02761 (length 114)
prokka_CHQ_1/CHQ_1:Prokka:CHQ_1_02762 (length 276)
prokka_CHQ_1/CHQ_1:Prokka:CHQ_1_02763 (length 303)
prokka_CHQ_1/CHQ_1:Prokka:CHQ_1_02764 (length 414)
prokka_CHQ_1/CHQ_1:Prokka:CHQ_1_02765 (length 233)
prokka_CHQ_1/CHQ_1:Prokka:CHQ_1_02766 (length 399)
prokka_CHQ_1/CHQ_1:Prokka:CHQ_1_02767 (length 1148)
prokka_CHQ_1/CHQ_1:Prokka:CHQ_1_02768 (length 317)
prokka_CHQ_1/CHQ_1:Prokka:CHQ_1_02769 (length 85)
prokka_CHQ_1/CHQ_1:Prokka:CHQ_1_02770 (length 211)
prokka_CHQ_1/CHQ_1:Prokka:CHQ_1_02771 (length 729)
prokka_CHQ_1/CHQ_1:Prokka:CHQ_1_02772 (length 179)
prokka_CHQ_1/CHQ_1:Prokka:CHQ_1_02773 (length 434)
prokka_CHQ_1/CHQ_1:Prokka:CHQ_1_02774 (length 180)
prokka_CHQ_1/CHQ_1:Prokka:CHQ_1_02775 (length 340)
prokka_CHQ_1/CHQ_1:Prokka:CHQ_1_02776 (length 275)
prokka_CHQ_1/CHQ_1:Prokka:CHQ_1_02777 (length 215)
prokka_CHQ_1/CHQ_1:Prokka:CHQ_1_02778 (length 124)
prokka_CHQ_1/CHQ_1:Prokka:CHQ_1_02779 (length 118)
prokka_CHQ_1/CHQ_1:Prokka:CHQ_1_02780 (length 477)
prokka_CHQ_1/CHQ_1:Prokka:CHQ_1_02781 (length 264)
prokka_CHQ_1/CHQ_1:Prokka:CHQ_1_02782 (length 334)
prokka_CHQ_1/CHQ_1:Prokka:CHQ_1_02783 (length 213)
prokka_CHQ_1/CHQ_1:Prokka:CHQ_1_02784 (length 340)
prokka_CHQ_1/CHQ_1:Prokka:CHQ_1_02785 (length 269)
prokka_CHQ_1/CHQ_1:Prokka:CHQ_1_02786 (length 413)
prokka_CHQ_1/CHQ_1:Prokka:CHQ_1_02787 (length 78)
prokka_CHQ_1/CHQ_1:Prokka:CHQ_1_02788 (length 244)
prokka_CHQ_1/CHQ_1:Prokka:CHQ_1_02789 (length 309)
prokka_CHQ_1/CHQ_1:Prokka:CHQ_1_02790 (length 317)
prokka_CHQ_1/CHQ_1:Prokka:CHQ_1_02791 (length 386)
prokka_CHQ_1/CHQ_1:Prokka:CHQ_1_02792 (length 57)
prokka_CHQ_1/CHQ_1:Prokka:CHQ_1_02793 (length 173)
prokka_CHQ_1/CHQ_1:Prokka:CHQ_1_02794 (length 194)
prokka_CHQ_1/CHQ_1:Prokka:CHQ_1_02795 (length 331)
prokka_CHQ_1/CHQ_1:Prokka:CHQ_1_02796 (length 1077)
prokka_CHQ_1/CHQ_1:Prokka:CHQ_1_02797 (length 311)
prokka_CHQ_1/CHQ_1:Prokka:CHQ_1_02798 (length 404)
prokka_CHQ_1/CHQ_1:Prokka:CHQ_1_02799 (length 511)
prokka_CHQ_1/CHQ_1:Prokka:CHQ_1_02800 (length 307)
prokka_CHQ_1/CHQ_1:Prokka:CHQ_1_02801 (length 217)
prokka_CHQ_1/CHQ_1:Prokka:CHQ_1_02802 (length 222)
prokka_CHQ_1/CHQ_1:Prokka:CHQ_1_02803 (length 402)
prokka_CHQ_1/CHQ_1:Prokka:CHQ_1_02804 (length 186)
prokka_CHQ_1/CHQ_1:Prokka:CHQ_1_02805 (length 348)
prokka_CHQ_1/CHQ_1:Prokka:CHQ_1_02806 (length 83)
prokka_CHQ_1/CHQ_1:Prokka:CHQ_1_02807 (length 84)
prokka_CHQ_1/CHQ_1:Prokka:CHQ_1_02808 (length 372)
prokka_CHQ_1/CHQ_1:Prokka:CHQ_1_02809 (length 37)
prokka_CHQ_1/CHQ_1:Prokka:CHQ_1_02810 (length 354)
prokka_CHQ_1/CHQ_1:Prokka:CHQ_1_02811 (length 306)
prokka_CHQ_1/CHQ_1:Prokka:CHQ_1_02812 (length 412)
prokka_CHQ_1/CHQ_1:Prokka:CHQ_1_02813 (length 128)
prokka_CHQ_1/CHQ_1:Prokka:CHQ_1_02814 (length 75)
prokka_CHQ_1/CHQ_1:Prokka:CHQ_1_02815 (length 842)
prokka_CHQ_1/CHQ_1:Prokka:CHQ_1_02816 (length 517)
prokka_CHQ_1/CHQ_1:Prokka:CHQ_1_02817 (length 386)
prokka_CHQ_1/CHQ_1:Prokka:CHQ_1_02818 (length 197)
prokka_CHQ_1/CHQ_1:Prokka:CHQ_1_02819 (length 175)
prokka_CHQ_1/CHQ_1:Prokka:CHQ_1_02820 (length 160)
prokka_CHQ_1/CHQ_1:Prokka:CHQ_1_02821 (length 184)
prokka_CHQ_1/CHQ_1:Prokka:CHQ_1_02822 (length 245)
prokka_CHQ_1/CHQ_1:Prokka:CHQ_1_02823 (length 312)
prokka_CHQ_1/CHQ_1:Prokka:CHQ_1_02825 (length 301)
prokka_CHQ_1/CHQ_1:Prokka:CHQ_1_02826 (length 286)
prokka_CHQ_1/CHQ_1:Prokka:CHQ_1_02827 (length 225)
prokka_CHQ_1/CHQ_1:Prokka:CHQ_1_02829 (length 214)
prokka_CHQ_1/CHQ_1:Prokka:CHQ_1_02830 (length 262)
prokka_CHQ_1/CHQ_1:Prokka:CHQ_1_02831 (length 427)
prokka_CHQ_1/CHQ_1:Prokka:CHQ_1_02832 (length 375)
prokka_CHQ_1/CHQ_1:Prokka:CHQ_1_02833 (length 276)
prokka_CHQ_1/CHQ_1:Prokka:CHQ_1_02834 (length 405)
prokka_CHQ_1/CHQ_1:Prokka:CHQ_1_02835 (length 144)
prokka_CHQ_1/CHQ_1:Prokka:CHQ_1_02836 (length 502)
prokka_CHQ_1/CHQ_1:Prokka:CHQ_1_02837 (length 1320)
prokka_CHQ_1/CHQ_1:Prokka:CHQ_1_02838 (length 131)
prokka_CHQ_1/CHQ_1:Prokka:CHQ_1_02839 (length 212)
prokka_CHQ_1/CHQ_1:Prokka:CHQ_1_02840 (length 363)
prokka_CHQ_1/CHQ_1:Prokka:CHQ_1_02841 (length 236)
prokka_CHQ_1/CHQ_1:Prokka:CHQ_1_02842 (length 130)
prokka_CHQ_1/CHQ_1:Prokka:CHQ_1_02843 (length 267)
prokka_CHQ_1/CHQ_1:Prokka:CHQ_1_02844 (length 196)
prokka_CHQ_1/CHQ_1:Prokka:CHQ_1_02845 (length 164)
prokka_CHQ_1/CHQ_1:Prokka:CHQ_1_02846 (length 440)
prokka_CHQ_1/CHQ_1:Prokka:CHQ_1_02847 (length 312)
prokka_CHQ_1/CHQ_1:Prokka:CHQ_1_02848 (length 73)
prokka_CHQ_1/CHQ_1:Prokka:CHQ_1_02849 (length 198)
prokka_CHQ_1/CHQ_1:Prokka:CHQ_1_02850 (length 75)
prokka_CHQ_1/CHQ_1:Prokka:CHQ_1_02851 (length 128)
prokka_CHQ_1/CHQ_1:Prokka:CHQ_1_02852 (length 73)
prokka_CHQ_1/CHQ_1:Prokka:CHQ_1_02853 (length 82)
prokka_CHQ_1/CHQ_1:Prokka:CHQ_1_02854 (length 384)
prokka_CHQ_1/CHQ_1:Prokka:CHQ_1_02855 (length 393)
prokka_CHQ_1/CHQ_1:Prokka:CHQ_1_02856 (length 171)
prokka_CHQ_1/CHQ_1:Prokka:CHQ_1_02857 (length 99)
prokka_CHQ_1/CHQ_1:Prokka:CHQ_1_02858 (length 978)
prokka_CHQ_1/CHQ_1:Prokka:CHQ_1_02859 (length 162)
prokka_CHQ_1/CHQ_1:Prokka:CHQ_1_02860 (length 284)
prokka_CHQ_1/CHQ_1:Prokka:CHQ_1_02861 (length 393)
prokka_CHQ_1/CHQ_1:Prokka:CHQ_1_02862 (length 87)
prokka_CHQ_1/CHQ_1:Prokka:CHQ_1_02863 (length 262)
prokka_CHQ_1/CHQ_1:Prokka:CHQ_1_26 (length 34483)
prokka_CHQ_1/CHQ_1:Prokka:CHQ_1_02864 (length 67)
prokka_CHQ_1/CHQ_1:Prokka:CHQ_1_02865 (length 529)
prokka_CHQ_1/CHQ_1:Prokka:CHQ_1_02866 (length 431)
prokka_CHQ_1/CHQ_1:Prokka:CHQ_1_02867 (length 443)
prokka_CHQ_1/CHQ_1:Prokka:CHQ_1_02868 (length 464)
prokka_CHQ_1/CHQ_1:Prokka:CHQ_1_02869 (length 145)
prokka_CHQ_1/CHQ_1:Prokka:CHQ_1_02870 (length 231)
prokka_CHQ_1/CHQ_1:Prokka:CHQ_1_02871 (length 90)
prokka_CHQ_1/CHQ_1:Prokka:CHQ_1_02872 (length 196)
prokka_CHQ_1/CHQ_1:Prokka:CHQ_1_02873 (length 223)
prokka_CHQ_1/CHQ_1:Prokka:CHQ_1_02874 (length 354)
prokka_CHQ_1/CHQ_1:Prokka:CHQ_1_02875 (length 257)
prokka_CHQ_1/CHQ_1:Prokka:CHQ_1_02876 (length 165)
prokka_CHQ_1/CHQ_1:Prokka:CHQ_1_02877 (length 631)
prokka_CHQ_1/CHQ_1:Prokka:CHQ_1_02878 (length 211)
prokka_CHQ_1/CHQ_1:Prokka:CHQ_1_02879 (length 251)
prokka_CHQ_1/CHQ_1:Prokka:CHQ_1_02880 (length 66)
prokka_CHQ_1/CHQ_1:Prokka:CHQ_1_02881 (length 256)
prokka_CHQ_1/CHQ_1:Prokka:CHQ_1_02882 (length 377)
prokka_CHQ_1/CHQ_1:Prokka:CHQ_1_02883 (length 510)
prokka_CHQ_1/CHQ_1:Prokka:CHQ_1_02884 (length 101)
prokka_CHQ_1/CHQ_1:Prokka:CHQ_1_02885 (length 105)
prokka_CHQ_1/CHQ_1:Prokka:CHQ_1_02886 (length 446)
prokka_CHQ_1/CHQ_1:Prokka:CHQ_1_02887 (length 1407)
prokka_CHQ_1/CHQ_1:Prokka:CHQ_1_02888 (length 1342)
prokka_CHQ_1/CHQ_1:Prokka:CHQ_1_02889 (length 121)
prokka_CHQ_1/CHQ_1:Prokka:CHQ_1_02890 (length 165)
prokka_CHQ_1/CHQ_1:Prokka:CHQ_1_02891 (length 234)
prokka_CHQ_1/CHQ_1:Prokka:CHQ_1_02892 (length 142)
prokka_CHQ_1/CHQ_1:Prokka:CHQ_1_02893 (length 181)
prokka_CHQ_1/CHQ_1:Prokka:CHQ_1_02894 (length 127)
prokka_CHQ_1/CHQ_1:Prokka:CHQ_1_02895 (length 86)
prokka_CHQ_1/CHQ_1:Prokka:CHQ_1_27 (length 60013)
prokka_CHQ_1/CHQ_1:Prokka:CHQ_1_02896 (length 557)
prokka_CHQ_1/CHQ_1:Prokka:CHQ_1_02897 (length 192)
prokka_CHQ_1/CHQ_1:Prokka:CHQ_1_02898 (length 401)
prokka_CHQ_1/CHQ_1:Prokka:CHQ_1_02899 (length 101)
prokka_CHQ_1/CHQ_1:Prokka:CHQ_1_02900 (length 232)
prokka_CHQ_1/CHQ_1:Prokka:CHQ_1_02901 (length 106)
prokka_CHQ_1/CHQ_1:Prokka:CHQ_1_02902 (length 455)
prokka_CHQ_1/CHQ_1:Prokka:CHQ_1_02903 (length 141)
prokka_CHQ_1/CHQ_1:Prokka:CHQ_1_02904 (length 92)
prokka_CHQ_1/CHQ_1:Prokka:CHQ_1_02905 (length 83)
prokka_CHQ_1/CHQ_1:Prokka:CHQ_1_02906 (length 255)
prokka_CHQ_1/CHQ_1:Prokka:CHQ_1_02907 (length 318)
prokka_CHQ_1/CHQ_1:Prokka:CHQ_1_02908 (length 332)
prokka_CHQ_1/CHQ_1:Prokka:CHQ_1_02909 (length 300)
prokka_CHQ_1/CHQ_1:Prokka:CHQ_1_02910 (length 774)
prokka_CHQ_1/CHQ_1:Prokka:CHQ_1_02911 (length 317)
prokka_CHQ_1/CHQ_1:Prokka:CHQ_1_02912 (length 173)
prokka_CHQ_1/CHQ_1:Prokka:CHQ_1_02913 (length 34)
prokka_CHQ_1/CHQ_1:Prokka:CHQ_1_02914 (length 405)
prokka_CHQ_1/CHQ_1:Prokka:CHQ_1_02915 (length 317)
prokka_CHQ_1/CHQ_1:Prokka:CHQ_1_02916 (length 282)
prokka_CHQ_1/CHQ_1:Prokka:CHQ_1_02917 (length 223)
prokka_CHQ_1/CHQ_1:Prokka:CHQ_1_02918 (length 220)
prokka_CHQ_1/CHQ_1:Prokka:CHQ_1_02919 (length 272)
prokka_CHQ_1/CHQ_1:Prokka:CHQ_1_02920 (length 321)
prokka_CHQ_1/CHQ_1:Prokka:CHQ_1_02921 (length 139)
prokka_CHQ_1/CHQ_1:Prokka:CHQ_1_02922 (length 266)
prokka_CHQ_1/CHQ_1:Prokka:CHQ_1_02923 (length 238)
prokka_CHQ_1/CHQ_1:Prokka:CHQ_1_02924 (length 269)
prokka_CHQ_1/CHQ_1:Prokka:CHQ_1_02925 (length 306)
prokka_CHQ_1/CHQ_1:Prokka:CHQ_1_02926 (length 362)
prokka_CHQ_1/CHQ_1:Prokka:CHQ_1_02927 (length 457)
prokka_CHQ_1/CHQ_1:Prokka:CHQ_1_02928 (length 442)
prokka_CHQ_1/CHQ_1:Prokka:CHQ_1_02929 (length 191)
prokka_CHQ_1/CHQ_1:Prokka:CHQ_1_02930 (length 76)
prokka_CHQ_1/CHQ_1:Prokka:CHQ_1_02931 (length 133)
prokka_CHQ_1/CHQ_1:Prokka:CHQ_1_02932 (length 520)
prokka_CHQ_1/CHQ_1:Prokka:CHQ_1_02933 (length 340)
prokka_CHQ_1/CHQ_1:Prokka:CHQ_1_02934 (length 331)
prokka_CHQ_1/CHQ_1:Prokka:CHQ_1_02935 (length 41)
prokka_CHQ_1/CHQ_1:Prokka:CHQ_1_02936 (length 116)
prokka_CHQ_1/CHQ_1:Prokka:CHQ_1_02937 (length 143)
prokka_CHQ_1/CHQ_1:Prokka:CHQ_1_02938 (length 491)
prokka_CHQ_1/CHQ_1:Prokka:CHQ_1_02939 (length 226)
prokka_CHQ_1/CHQ_1:Prokka:CHQ_1_02940 (length 461)
prokka_CHQ_1/CHQ_1:Prokka:CHQ_1_02941 (length 117)
prokka_CHQ_1/CHQ_1:Prokka:CHQ_1_02942 (length 430)
prokka_CHQ_1/CHQ_1:Prokka:CHQ_1_02943 (length 1048)
prokka_CHQ_1/CHQ_1:Prokka:CHQ_1_02944 (length 146)
prokka_CHQ_1/CHQ_1:Prokka:CHQ_1_02945 (length 818)
prokka_CHQ_1/CHQ_1:Prokka:CHQ_1_02946 (length 65)
prokka_CHQ_1/CHQ_1:Prokka:CHQ_1_02947 (length 245)
prokka_CHQ_1/CHQ_1:Prokka:CHQ_1_02948 (length 149)
prokka_CHQ_1/CHQ_1:Prokka:CHQ_1_02949 (length 605)
prokka_CHQ_1/CHQ_1:Prokka:CHQ_1_02950 (length 298)
prokka_CHQ_1/CHQ_1:Prokka:CHQ_1_02951 (length 126)
prokka_CHQ_1/CHQ_1:Prokka:CHQ_1_02952 (length 309)
prokka_CHQ_1/CHQ_1:Prokka:CHQ_1_02953 (length 226)
prokka_CHQ_1/CHQ_1:Prokka:CHQ_1_02954 (length 466)
prokka_CHQ_1/CHQ_1:Prokka:CHQ_1_02955 (length 144)
prokka_CHQ_1/CHQ_1:Prokka:CHQ_1_28 (length 26467)
prokka_CHQ_1/CHQ_1:Prokka:CHQ_1_02956 (length 184)
prokka_CHQ_1/CHQ_1:Prokka:CHQ_1_02957 (length 85)
prokka_CHQ_1/CHQ_1:Prokka:CHQ_1_02958 (length 272)
prokka_CHQ_1/CHQ_1:Prokka:CHQ_1_02959 (length 190)
prokka_CHQ_1/CHQ_1:Prokka:CHQ_1_02960 (length 180)
prokka_CHQ_1/CHQ_1:Prokka:CHQ_1_02961 (length 157)
prokka_CHQ_1/CHQ_1:Prokka:CHQ_1_02962 (length 374)
prokka_CHQ_1/CHQ_1:Prokka:CHQ_1_02963 (length 169)
prokka_CHQ_1/CHQ_1:Prokka:CHQ_1_02964 (length 315)
prokka_CHQ_1/CHQ_1:Prokka:CHQ_1_02965 (length 431)
prokka_CHQ_1/CHQ_1:Prokka:CHQ_1_02966 (length 458)
prokka_CHQ_1/CHQ_1:Prokka:CHQ_1_02967 (length 137)
prokka_CHQ_1/CHQ_1:Prokka:CHQ_1_02968 (length 92)
prokka_CHQ_1/CHQ_1:Prokka:CHQ_1_02969 (length 141)
prokka_CHQ_1/CHQ_1:Prokka:CHQ_1_02970 (length 122)
prokka_CHQ_1/CHQ_1:Prokka:CHQ_1_02971 (length 128)
prokka_CHQ_1/CHQ_1:Prokka:CHQ_1_02972 (length 329)
prokka_CHQ_1/CHQ_1:Prokka:CHQ_1_02973 (length 206)
prokka_CHQ_1/CHQ_1:Prokka:CHQ_1_02974 (length 118)
prokka_CHQ_1/CHQ_1:Prokka:CHQ_1_02975 (length 443)
prokka_CHQ_1/CHQ_1:Prokka:CHQ_1_02976 (length 144)
prokka_CHQ_1/CHQ_1:Prokka:CHQ_1_02977 (length 59)
prokka_CHQ_1/CHQ_1:Prokka:CHQ_1_02978 (length 167)
prokka_CHQ_1/CHQ_1:Prokka:CHQ_1_02979 (length 177)
prokka_CHQ_1/CHQ_1:Prokka:CHQ_1_02980 (length 130)
prokka_CHQ_1/CHQ_1:Prokka:CHQ_1_02981 (length 101)
prokka_CHQ_1/CHQ_1:Prokka:CHQ_1_02982 (length 179)
prokka_CHQ_1/CHQ_1:Prokka:CHQ_1_02983 (length 104)
prokka_CHQ_1/CHQ_1:Prokka:CHQ_1_02984 (length 123)
prokka_CHQ_1/CHQ_1:Prokka:CHQ_1_02985 (length 84)
prokka_CHQ_1/CHQ_1:Prokka:CHQ_1_02986 (length 63)
prokka_CHQ_1/CHQ_1:Prokka:CHQ_1_02987 (length 136)
prokka_CHQ_1/CHQ_1:Prokka:CHQ_1_02988 (length 232)
prokka_CHQ_1/CHQ_1:Prokka:CHQ_1_02989 (length 110)
prokka_CHQ_1/CHQ_1:Prokka:CHQ_1_02990 (length 92)
prokka_CHQ_1/CHQ_1:Prokka:CHQ_1_02991 (length 273)
prokka_CHQ_1/CHQ_1:Prokka:CHQ_1_02992 (length 100)
prokka_CHQ_1/CHQ_1:Prokka:CHQ_1_02993 (length 201)
prokka_CHQ_1/CHQ_1:Prokka:CHQ_1_02994 (length 209)
prokka_CHQ_1/CHQ_1:Prokka:CHQ_1_02995 (length 103)
prokka_CHQ_1/CHQ_1:Prokka:CHQ_1_02996 (length 168)
prokka_CHQ_1/CHQ_1:Prokka:CHQ_1_02997 (length 158)
prokka_CHQ_1/CHQ_1:Prokka:CHQ_1_02998 (length 64)
prokka_CHQ_1/CHQ_1:Prokka:CHQ_1_02999 (length 86)
prokka_CHQ_1/CHQ_1:Prokka:CHQ_1_29 (length 84098)
prokka_CHQ_1/CHQ_1:Prokka:CHQ_1_03000 (length 180)
prokka_CHQ_1/CHQ_1:Prokka:CHQ_1_03001 (length 483)
prokka_CHQ_1/CHQ_1:Prokka:CHQ_1_03002 (length 204)
prokka_CHQ_1/CHQ_1:Prokka:CHQ_1_03003 (length 443)
prokka_CHQ_1/CHQ_1:Prokka:CHQ_1_03004 (length 729)
prokka_CHQ_1/CHQ_1:Prokka:CHQ_1_03005 (length 387)
prokka_CHQ_1/CHQ_1:Prokka:CHQ_1_03006 (length 233)
prokka_CHQ_1/CHQ_1:Prokka:CHQ_1_03007 (length 491)
prokka_CHQ_1/CHQ_1:Prokka:CHQ_1_03008 (length 162)
prokka_CHQ_1/CHQ_1:Prokka:CHQ_1_03009 (length 263)
prokka_CHQ_1/CHQ_1:Prokka:CHQ_1_03010 (length 259)
prokka_CHQ_1/CHQ_1:Prokka:CHQ_1_03011 (length 174)
prokka_CHQ_1/CHQ_1:Prokka:CHQ_1_03012 (length 83)
prokka_CHQ_1/CHQ_1:Prokka:CHQ_1_03013 (length 546)
prokka_CHQ_1/CHQ_1:Prokka:CHQ_1_03014 (length 201)
prokka_CHQ_1/CHQ_1:Prokka:CHQ_1_03015 (length 251)
prokka_CHQ_1/CHQ_1:Prokka:CHQ_1_03016 (length 482)
prokka_CHQ_1/CHQ_1:Prokka:CHQ_1_03017 (length 253)
prokka_CHQ_1/CHQ_1:Prokka:CHQ_1_03018 (length 270)
prokka_CHQ_1/CHQ_1:Prokka:CHQ_1_03019 (length 754)
prokka_CHQ_1/CHQ_1:Prokka:CHQ_1_03020 (length 317)
prokka_CHQ_1/CHQ_1:Prokka:CHQ_1_03021 (length 299)
prokka_CHQ_1/CHQ_1:Prokka:CHQ_1_03022 (length 266)
prokka_CHQ_1/CHQ_1:Prokka:CHQ_1_03023 (length 330)
prokka_CHQ_1/CHQ_1:Prokka:CHQ_1_03024 (length 206)
prokka_CHQ_1/CHQ_1:Prokka:CHQ_1_03025 (length 310)
prokka_CHQ_1/CHQ_1:Prokka:CHQ_1_03026 (length 206)
prokka_CHQ_1/CHQ_1:Prokka:CHQ_1_03027 (length 608)
prokka_CHQ_1/CHQ_1:Prokka:CHQ_1_03028 (length 286)
prokka_CHQ_1/CHQ_1:Prokka:CHQ_1_03029 (length 154)
prokka_CHQ_1/CHQ_1:Prokka:CHQ_1_03030 (length 297)
prokka_CHQ_1/CHQ_1:Prokka:CHQ_1_03031 (length 316)
prokka_CHQ_1/CHQ_1:Prokka:CHQ_1_03032 (length 720)
prokka_CHQ_1/CHQ_1:Prokka:CHQ_1_03033 (length 238)
prokka_CHQ_1/CHQ_1:Prokka:CHQ_1_03034 (length 300)
prokka_CHQ_1/CHQ_1:Prokka:CHQ_1_03035 (length 235)
prokka_CHQ_1/CHQ_1:Prokka:CHQ_1_03036 (length 274)
prokka_CHQ_1/CHQ_1:Prokka:CHQ_1_03037 (length 74)
prokka_CHQ_1/CHQ_1:Prokka:CHQ_1_03038 (length 106)
prokka_CHQ_1/CHQ_1:Prokka:CHQ_1_03039 (length 876)
prokka_CHQ_1/CHQ_1:Prokka:CHQ_1_03040 (length 318)
prokka_CHQ_1/CHQ_1:Prokka:CHQ_1_03041 (length 246)
prokka_CHQ_1/CHQ_1:Prokka:CHQ_1_03042 (length 396)
prokka_CHQ_1/CHQ_1:Prokka:CHQ_1_03043 (length 398)
prokka_CHQ_1/CHQ_1:Prokka:CHQ_1_03048 (length 461)
prokka_CHQ_1/CHQ_1:Prokka:CHQ_1_03049 (length 246)
prokka_CHQ_1/CHQ_1:Prokka:CHQ_1_03050 (length 448)
prokka_CHQ_1/CHQ_1:Prokka:CHQ_1_03051 (length 358)
prokka_CHQ_1/CHQ_1:Prokka:CHQ_1_03052 (length 416)
prokka_CHQ_1/CHQ_1:Prokka:CHQ_1_03053 (length 376)
prokka_CHQ_1/CHQ_1:Prokka:CHQ_1_03054 (length 224)
prokka_CHQ_1/CHQ_1:Prokka:CHQ_1_03055 (length 293)
prokka_CHQ_1/CHQ_1:Prokka:CHQ_1_03056 (length 355)
prokka_CHQ_1/CHQ_1:Prokka:CHQ_1_03057 (length 420)
prokka_CHQ_1/CHQ_1:Prokka:CHQ_1_03058 (length 361)
prokka_CHQ_1/CHQ_1:Prokka:CHQ_1_03059 (length 338)
prokka_CHQ_1/CHQ_1:Prokka:CHQ_1_03060 (length 367)
prokka_CHQ_1/CHQ_1:Prokka:CHQ_1_03061 (length 419)
prokka_CHQ_1/CHQ_1:Prokka:CHQ_1_03062 (length 62)
prokka_CHQ_1/CHQ_1:Prokka:CHQ_1_03063 (length 109)
prokka_CHQ_1/CHQ_1:Prokka:CHQ_1_03064 (length 421)
prokka_CHQ_1/CHQ_1:Prokka:CHQ_1_03065 (length 496)
prokka_CHQ_1/CHQ_1:Prokka:CHQ_1_03066 (length 674)
prokka_CHQ_1/CHQ_1:Prokka:CHQ_1_03067 (length 93)
prokka_CHQ_1/CHQ_1:Prokka:CHQ_1_03068 (length 93)
prokka_CHQ_1/CHQ_1:Prokka:CHQ_1_03069 (length 491)
prokka_CHQ_1/CHQ_1:Prokka:CHQ_1_03070 (length 296)
prokka_CHQ_1/CHQ_1:Prokka:CHQ_1_03071 (length 514)
prokka_CHQ_1/CHQ_1:Prokka:CHQ_1_03072 (length 616)
prokka_CHQ_1/CHQ_1:Prokka:CHQ_1_03073 (length 309)
prokka_CHQ_1/CHQ_1:Prokka:CHQ_1_03074 (length 85)
prokka_CHQ_1/CHQ_1:Prokka:CHQ_1_03075 (length 548)
prokka_CHQ_1/CHQ_1:Prokka:CHQ_1_03076 (length 506)
prokka_CHQ_1/CHQ_1:Prokka:CHQ_1_03077 (length 112)
prokka_CHQ_1/CHQ_1:Prokka:CHQ_1_03078 (length 273)
prokka_CHQ_1/CHQ_1:Prokka:CHQ_1_30 (length 22810)
prokka_CHQ_1/CHQ_1:Prokka:CHQ_1_03081 (length 246)
prokka_CHQ_1/CHQ_1:Prokka:CHQ_1_03082 (length 336)
prokka_CHQ_1/CHQ_1:Prokka:CHQ_1_03083 (length 388)
prokka_CHQ_1/CHQ_1:Prokka:CHQ_1_03084 (length 323)
prokka_CHQ_1/CHQ_1:Prokka:CHQ_1_03085 (length 101)
prokka_CHQ_1/CHQ_1:Prokka:CHQ_1_03086 (length 83)
prokka_CHQ_1/CHQ_1:Prokka:CHQ_1_03087 (length 423)
prokka_CHQ_1/CHQ_1:Prokka:CHQ_1_03088 (length 141)
prokka_CHQ_1/CHQ_1:Prokka:CHQ_1_03089 (length 76)
prokka_CHQ_1/CHQ_1:Prokka:CHQ_1_03090 (length 141)
prokka_CHQ_1/CHQ_1:Prokka:CHQ_1_03091 (length 84)
prokka_CHQ_1/CHQ_1:Prokka:CHQ_1_03092 (length 106)
prokka_CHQ_1/CHQ_1:Prokka:CHQ_1_03093 (length 180)
prokka_CHQ_1/CHQ_1:Prokka:CHQ_1_03094 (length 82)
prokka_CHQ_1/CHQ_1:Prokka:CHQ_1_03095 (length 168)
prokka_CHQ_1/CHQ_1:Prokka:CHQ_1_03096 (length 277)
prokka_CHQ_1/CHQ_1:Prokka:CHQ_1_03097 (length 176)
prokka_CHQ_1/CHQ_1:Prokka:CHQ_1_03098 (length 135)
prokka_CHQ_1/CHQ_1:Prokka:CHQ_1_03099 (length 130)
prokka_CHQ_1/CHQ_1:Prokka:CHQ_1_03100 (length 825)
prokka_CHQ_1/CHQ_1:Prokka:CHQ_1_03101 (length 214)
prokka_CHQ_1/CHQ_1:Prokka:CHQ_1_03102 (length 198)
prokka_CHQ_1/CHQ_1:Prokka:CHQ_1_03103 (length 115)
prokka_CHQ_1/CHQ_1:Prokka:CHQ_1_03104 (length 181)
prokka_CHQ_1/CHQ_1:Prokka:CHQ_1_31 (length 10521)
prokka_CHQ_1/CHQ_1:Prokka:CHQ_1_03105 (length 321)
prokka_CHQ_1/CHQ_1:Prokka:CHQ_1_03106 (length 142)
prokka_CHQ_1/CHQ_1:Prokka:CHQ_1_03107 (length 141)
prokka_CHQ_1/CHQ_1:Prokka:CHQ_1_03108 (length 429)
prokka_CHQ_1/CHQ_1:Prokka:CHQ_1_03109 (length 583)
prokka_CHQ_1/CHQ_1:Prokka:CHQ_1_03110 (length 120)
prokka_CHQ_1/CHQ_1:Prokka:CHQ_1_03111 (length 116)
prokka_CHQ_1/CHQ_1:Prokka:CHQ_1_03112 (length 82)
prokka_CHQ_1/CHQ_1:Prokka:CHQ_1_03113 (length 402)
prokka_CHQ_1/CHQ_1:Prokka:CHQ_1_03114 (length 163)
prokka_CHQ_1/CHQ_1:Prokka:CHQ_1_03115 (length 76)
prokka_CHQ_1/CHQ_1:Prokka:CHQ_1_03116 (length 88)
prokka_CHQ_1/CHQ_1:Prokka:CHQ_1_32 (length 140389)
prokka_CHQ_1/CHQ_1:Prokka:CHQ_1_03117 (length 358)
prokka_CHQ_1/CHQ_1:Prokka:CHQ_1_03118 (length 168)
prokka_CHQ_1/CHQ_1:Prokka:CHQ_1_03119 (length 132)
prokka_CHQ_1/CHQ_1:Prokka:CHQ_1_03120 (length 263)
prokka_CHQ_1/CHQ_1:Prokka:CHQ_1_03121 (length 254)
prokka_CHQ_1/CHQ_1:Prokka:CHQ_1_03122 (length 277)
prokka_CHQ_1/CHQ_1:Prokka:CHQ_1_03123 (length 314)
prokka_CHQ_1/CHQ_1:Prokka:CHQ_1_03124 (length 522)
prokka_CHQ_1/CHQ_1:Prokka:CHQ_1_03125 (length 286)
prokka_CHQ_1/CHQ_1:Prokka:CHQ_1_03126 (length 168)
prokka_CHQ_1/CHQ_1:Prokka:CHQ_1_03127 (length 379)
prokka_CHQ_1/CHQ_1:Prokka:CHQ_1_03128 (length 327)
prokka_CHQ_1/CHQ_1:Prokka:CHQ_1_03129 (length 661)
prokka_CHQ_1/CHQ_1:Prokka:CHQ_1_03130 (length 300)
prokka_CHQ_1/CHQ_1:Prokka:CHQ_1_03131 (length 551)
prokka_CHQ_1/CHQ_1:Prokka:CHQ_1_03132 (length 112)
prokka_CHQ_1/CHQ_1:Prokka:CHQ_1_03133 (length 126)
prokka_CHQ_1/CHQ_1:Prokka:CHQ_1_03134 (length 349)
prokka_CHQ_1/CHQ_1:Prokka:CHQ_1_03135 (length 406)
prokka_CHQ_1/CHQ_1:Prokka:CHQ_1_03136 (length 185)
prokka_CHQ_1/CHQ_1:Prokka:CHQ_1_03137 (length 221)
prokka_CHQ_1/CHQ_1:Prokka:CHQ_1_03138 (length 81)
prokka_CHQ_1/CHQ_1:Prokka:CHQ_1_03139 (length 736)
prokka_CHQ_1/CHQ_1:Prokka:CHQ_1_03140 (length 208)
prokka_CHQ_1/CHQ_1:Prokka:CHQ_1_03141 (length 116)
prokka_CHQ_1/CHQ_1:Prokka:CHQ_1_03142 (length 91)
prokka_CHQ_1/CHQ_1:Prokka:CHQ_1_03143 (length 198)
prokka_CHQ_1/CHQ_1:Prokka:CHQ_1_03144 (length 507)
prokka_CHQ_1/CHQ_1:Prokka:CHQ_1_03145 (length 222)
prokka_CHQ_1/CHQ_1:Prokka:CHQ_1_03146 (length 351)
prokka_CHQ_1/CHQ_1:Prokka:CHQ_1_03147 (length 284)
prokka_CHQ_1/CHQ_1:Prokka:CHQ_1_03148 (length 507)
prokka_CHQ_1/CHQ_1:Prokka:CHQ_1_03149 (length 421)
prokka_CHQ_1/CHQ_1:Prokka:CHQ_1_03150 (length 414)
prokka_CHQ_1/CHQ_1:Prokka:CHQ_1_03151 (length 365)
prokka_CHQ_1/CHQ_1:Prokka:CHQ_1_03152 (length 127)
prokka_CHQ_1/CHQ_1:Prokka:CHQ_1_03153 (length 369)
prokka_CHQ_1/CHQ_1:Prokka:CHQ_1_03154 (length 308)
prokka_CHQ_1/CHQ_1:Prokka:CHQ_1_03155 (length 425)
prokka_CHQ_1/CHQ_1:Prokka:CHQ_1_03156 (length 255)
prokka_CHQ_1/CHQ_1:Prokka:CHQ_1_03157 (length 237)
prokka_CHQ_1/CHQ_1:Prokka:CHQ_1_03158 (length 438)
prokka_CHQ_1/CHQ_1:Prokka:CHQ_1_03159 (length 295)
prokka_CHQ_1/CHQ_1:Prokka:CHQ_1_03160 (length 281)
prokka_CHQ_1/CHQ_1:Prokka:CHQ_1_03161 (length 356)
prokka_CHQ_1/CHQ_1:Prokka:CHQ_1_03162 (length 246)
prokka_CHQ_1/CHQ_1:Prokka:CHQ_1_03163 (length 106)
prokka_CHQ_1/CHQ_1:Prokka:CHQ_1_03164 (length 581)
prokka_CHQ_1/CHQ_1:Prokka:CHQ_1_03165 (length 162)
prokka_CHQ_1/CHQ_1:Prokka:CHQ_1_03166 (length 213)
prokka_CHQ_1/CHQ_1:Prokka:CHQ_1_03167 (length 345)
prokka_CHQ_1/CHQ_1:Prokka:CHQ_1_03168 (length 231)
prokka_CHQ_1/CHQ_1:Prokka:CHQ_1_03169 (length 331)
prokka_CHQ_1/CHQ_1:Prokka:CHQ_1_03170 (length 163)
prokka_CHQ_1/CHQ_1:Prokka:CHQ_1_03171 (length 446)
prokka_CHQ_1/CHQ_1:Prokka:CHQ_1_03172 (length 368)
prokka_CHQ_1/CHQ_1:Prokka:CHQ_1_03173 (length 728)
prokka_CHQ_1/CHQ_1:Prokka:CHQ_1_03174 (length 658)
prokka_CHQ_1/CHQ_1:Prokka:CHQ_1_03175 (length 431)
prokka_CHQ_1/CHQ_1:Prokka:CHQ_1_03176 (length 477)
prokka_CHQ_1/CHQ_1:Prokka:CHQ_1_03177 (length 815)
prokka_CHQ_1/CHQ_1:Prokka:CHQ_1_03178 (length 502)
prokka_CHQ_1/CHQ_1:Prokka:CHQ_1_03179 (length 109)
prokka_CHQ_1/CHQ_1:Prokka:CHQ_1_03180 (length 274)
prokka_CHQ_1/CHQ_1:Prokka:CHQ_1_03181 (length 252)
prokka_CHQ_1/CHQ_1:Prokka:CHQ_1_03182 (length 901)
prokka_CHQ_1/CHQ_1:Prokka:CHQ_1_03183 (length 796)
prokka_CHQ_1/CHQ_1:Prokka:CHQ_1_03184 (length 697)
prokka_CHQ_1/CHQ_1:Prokka:CHQ_1_03185 (length 438)
prokka_CHQ_1/CHQ_1:Prokka:CHQ_1_03186 (length 191)
prokka_CHQ_1/CHQ_1:Prokka:CHQ_1_03187 (length 224)
prokka_CHQ_1/CHQ_1:Prokka:CHQ_1_03188 (length 257)
prokka_CHQ_1/CHQ_1:Prokka:CHQ_1_03189 (length 89)
prokka_CHQ_1/CHQ_1:Prokka:CHQ_1_03190 (length 79)
prokka_CHQ_1/CHQ_1:Prokka:CHQ_1_03191 (length 772)
prokka_CHQ_1/CHQ_1:Prokka:CHQ_1_03192 (length 75)
prokka_CHQ_1/CHQ_1:Prokka:CHQ_1_03193 (length 776)
prokka_CHQ_1/CHQ_1:Prokka:CHQ_1_03194 (length 157)
prokka_CHQ_1/CHQ_1:Prokka:CHQ_1_03195 (length 239)
prokka_CHQ_1/CHQ_1:Prokka:CHQ_1_03196 (length 451)
prokka_CHQ_1/CHQ_1:Prokka:CHQ_1_03197 (length 540)
prokka_CHQ_1/CHQ_1:Prokka:CHQ_1_03198 (length 292)
prokka_CHQ_1/CHQ_1:Prokka:CHQ_1_03199 (length 133)
prokka_CHQ_1/CHQ_1:Prokka:CHQ_1_03200 (length 227)
prokka_CHQ_1/CHQ_1:Prokka:CHQ_1_03201 (length 709)
prokka_CHQ_1/CHQ_1:Prokka:CHQ_1_03202 (length 186)
prokka_CHQ_1/CHQ_1:Prokka:CHQ_1_03203 (length 852)
prokka_CHQ_1/CHQ_1:Prokka:CHQ_1_03204 (length 266)
prokka_CHQ_1/CHQ_1:Prokka:CHQ_1_03205 (length 177)
prokka_CHQ_1/CHQ_1:Prokka:CHQ_1_03206 (length 142)
prokka_CHQ_1/CHQ_1:Prokka:CHQ_1_03207 (length 125)
prokka_CHQ_1/CHQ_1:Prokka:CHQ_1_03208 (length 411)
prokka_CHQ_1/CHQ_1:Prokka:CHQ_1_03209 (length 173)
prokka_CHQ_1/CHQ_1:Prokka:CHQ_1_03210 (length 364)
prokka_CHQ_1/CHQ_1:Prokka:CHQ_1_03211 (length 422)
prokka_CHQ_1/CHQ_1:Prokka:CHQ_1_03212 (length 275)
prokka_CHQ_1/CHQ_1:Prokka:CHQ_1_03213 (length 225)
prokka_CHQ_1/CHQ_1:Prokka:CHQ_1_03214 (length 253)
prokka_CHQ_1/CHQ_1:Prokka:CHQ_1_03215 (length 334)
prokka_CHQ_1/CHQ_1:Prokka:CHQ_1_03216 (length 457)
prokka_CHQ_1/CHQ_1:Prokka:CHQ_1_03217 (length 108)
prokka_CHQ_1/CHQ_1:Prokka:CHQ_1_03218 (length 847)
prokka_CHQ_1/CHQ_1:Prokka:CHQ_1_03219 (length 440)
prokka_CHQ_1/CHQ_1:Prokka:CHQ_1_03220 (length 395)
prokka_CHQ_1/CHQ_1:Prokka:CHQ_1_03221 (length 189)
prokka_CHQ_1/CHQ_1:Prokka:CHQ_1_03222 (length 55)
prokka_CHQ_1/CHQ_1:Prokka:CHQ_1_03223 (length 200)
prokka_CHQ_1/CHQ_1:Prokka:CHQ_1_03224 (length 187)
prokka_CHQ_1/CHQ_1:Prokka:CHQ_1_03225 (length 406)
prokka_CHQ_1/CHQ_1:Prokka:CHQ_1_03226 (length 692)
prokka_CHQ_1/CHQ_1:Prokka:CHQ_1_03227 (length 210)
prokka_CHQ_1/CHQ_1:Prokka:CHQ_1_03228 (length 134)
prokka_CHQ_1/CHQ_1:Prokka:CHQ_1_03229 (length 289)
prokka_CHQ_1/CHQ_1:Prokka:CHQ_1_03230 (length 72)
prokka_CHQ_1/CHQ_1:Prokka:CHQ_1_03231 (length 340)
prokka_CHQ_1/CHQ_1:Prokka:CHQ_1_03232 (length 634)
prokka_CHQ_1/CHQ_1:Prokka:CHQ_1_03233 (length 186)
prokka_CHQ_1/CHQ_1:Prokka:CHQ_1_03234 (length 601)
prokka_CHQ_1/CHQ_1:Prokka:CHQ_1_03235 (length 66)
prokka_CHQ_1/CHQ_1:Prokka:CHQ_1_03236 (length 197)
prokka_CHQ_1/CHQ_1:Prokka:CHQ_1_03237 (length 72)
prokka_CHQ_1/CHQ_1:Prokka:CHQ_1_03238 (length 276)
prokka_CHQ_1/CHQ_1:Prokka:CHQ_1_03239 (length 240)
prokka_CHQ_1/CHQ_1:Prokka:CHQ_1_03240 (length 128)
prokka_CHQ_1/CHQ_1:Prokka:CHQ_1_03241 (length 119)
prokka_CHQ_1/CHQ_1:Prokka:CHQ_1_03242 (length 95)
prokka_CHQ_1/CHQ_1:Prokka:CHQ_1_03243 (length 124)
prokka_CHQ_1/CHQ_1:Prokka:CHQ_1_03244 (length 156)
prokka_CHQ_1/CHQ_1:Prokka:CHQ_1_03245 (length 704)
prokka_CHQ_1/CHQ_1:Prokka:CHQ_1_33 (length 1793)
prokka_CHQ_1/CHQ_1:Prokka:CHQ_1_34 (length 99418)
prokka_CHQ_1/CHQ_1:Prokka:CHQ_1_03246 (length 283)
prokka_CHQ_1/CHQ_1:Prokka:CHQ_1_03247 (length 612)
prokka_CHQ_1/CHQ_1:Prokka:CHQ_1_03248 (length 366)
prokka_CHQ_1/CHQ_1:Prokka:CHQ_1_03249 (length 119)
prokka_CHQ_1/CHQ_1:Prokka:CHQ_1_03250 (length 211)
prokka_CHQ_1/CHQ_1:Prokka:CHQ_1_03251 (length 466)
prokka_CHQ_1/CHQ_1:Prokka:CHQ_1_03252 (length 305)
prokka_CHQ_1/CHQ_1:Prokka:CHQ_1_03253 (length 457)
prokka_CHQ_1/CHQ_1:Prokka:CHQ_1_03254 (length 257)
prokka_CHQ_1/CHQ_1:Prokka:CHQ_1_03255 (length 334)
prokka_CHQ_1/CHQ_1:Prokka:CHQ_1_03256 (length 383)
prokka_CHQ_1/CHQ_1:Prokka:CHQ_1_03257 (length 883)
prokka_CHQ_1/CHQ_1:Prokka:CHQ_1_03258 (length 216)
prokka_CHQ_1/CHQ_1:Prokka:CHQ_1_03259 (length 287)
prokka_CHQ_1/CHQ_1:Prokka:CHQ_1_03260 (length 220)
prokka_CHQ_1/CHQ_1:Prokka:CHQ_1_03261 (length 367)
prokka_CHQ_1/CHQ_1:Prokka:CHQ_1_03262 (length 295)
prokka_CHQ_1/CHQ_1:Prokka:CHQ_1_03263 (length 313)
prokka_CHQ_1/CHQ_1:Prokka:CHQ_1_03264 (length 123)
prokka_CHQ_1/CHQ_1:Prokka:CHQ_1_03265 (length 810)
prokka_CHQ_1/CHQ_1:Prokka:CHQ_1_03266 (length 386)
prokka_CHQ_1/CHQ_1:Prokka:CHQ_1_03267 (length 105)
prokka_CHQ_1/CHQ_1:Prokka:CHQ_1_03268 (length 70)
prokka_CHQ_1/CHQ_1:Prokka:CHQ_1_03269 (length 731)
prokka_CHQ_1/CHQ_1:Prokka:CHQ_1_03270 (length 342)
prokka_CHQ_1/CHQ_1:Prokka:CHQ_1_03271 (length 283)
prokka_CHQ_1/CHQ_1:Prokka:CHQ_1_03272 (length 176)
prokka_CHQ_1/CHQ_1:Prokka:CHQ_1_03273 (length 444)
prokka_CHQ_1/CHQ_1:Prokka:CHQ_1_03274 (length 306)
prokka_CHQ_1/CHQ_1:Prokka:CHQ_1_03275 (length 161)
prokka_CHQ_1/CHQ_1:Prokka:CHQ_1_03276 (length 320)
prokka_CHQ_1/CHQ_1:Prokka:CHQ_1_03277 (length 300)
prokka_CHQ_1/CHQ_1:Prokka:CHQ_1_03278 (length 167)
prokka_CHQ_1/CHQ_1:Prokka:CHQ_1_03279 (length 232)
prokka_CHQ_1/CHQ_1:Prokka:CHQ_1_03280 (length 457)
prokka_CHQ_1/CHQ_1:Prokka:CHQ_1_03281 (length 224)
prokka_CHQ_1/CHQ_1:Prokka:CHQ_1_03282 (length 206)
prokka_CHQ_1/CHQ_1:Prokka:CHQ_1_03283 (length 344)
prokka_CHQ_1/CHQ_1:Prokka:CHQ_1_03284 (length 281)
prokka_CHQ_1/CHQ_1:Prokka:CHQ_1_03285 (length 278)
prokka_CHQ_1/CHQ_1:Prokka:CHQ_1_03286 (length 488)
prokka_CHQ_1/CHQ_1:Prokka:CHQ_1_03287 (length 419)
prokka_CHQ_1/CHQ_1:Prokka:CHQ_1_03288 (length 276)
prokka_CHQ_1/CHQ_1:Prokka:CHQ_1_03289 (length 328)
prokka_CHQ_1/CHQ_1:Prokka:CHQ_1_03290 (length 503)
prokka_CHQ_1/CHQ_1:Prokka:CHQ_1_03291 (length 335)
prokka_CHQ_1/CHQ_1:Prokka:CHQ_1_03292 (length 334)
prokka_CHQ_1/CHQ_1:Prokka:CHQ_1_03293 (length 382)
prokka_CHQ_1/CHQ_1:Prokka:CHQ_1_03294 (length 104)
prokka_CHQ_1/CHQ_1:Prokka:CHQ_1_03295 (length 197)
prokka_CHQ_1/CHQ_1:Prokka:CHQ_1_03296 (length 421)
prokka_CHQ_1/CHQ_1:Prokka:CHQ_1_03297 (length 707)
prokka_CHQ_1/CHQ_1:Prokka:CHQ_1_03298 (length 331)
prokka_CHQ_1/CHQ_1:Prokka:CHQ_1_03299 (length 182)
prokka_CHQ_1/CHQ_1:Prokka:CHQ_1_03300 (length 229)
prokka_CHQ_1/CHQ_1:Prokka:CHQ_1_03301 (length 107)
prokka_CHQ_1/CHQ_1:Prokka:CHQ_1_03302 (length 197)
prokka_CHQ_1/CHQ_1:Prokka:CHQ_1_03303 (length 145)
prokka_CHQ_1/CHQ_1:Prokka:CHQ_1_03304 (length 89)
prokka_CHQ_1/CHQ_1:Prokka:CHQ_1_03305 (length 282)
prokka_CHQ_1/CHQ_1:Prokka:CHQ_1_03306 (length 455)
prokka_CHQ_1/CHQ_1:Prokka:CHQ_1_03307 (length 104)
prokka_CHQ_1/CHQ_1:Prokka:CHQ_1_03308 (length 326)
prokka_CHQ_1/CHQ_1:Prokka:CHQ_1_03309 (length 70)
prokka_CHQ_1/CHQ_1:Prokka:CHQ_1_03310 (length 278)
prokka_CHQ_1/CHQ_1:Prokka:CHQ_1_03311 (length 195)
prokka_CHQ_1/CHQ_1:Prokka:CHQ_1_03312 (length 804)
prokka_CHQ_1/CHQ_1:Prokka:CHQ_1_03313 (length 300)
prokka_CHQ_1/CHQ_1:Prokka:CHQ_1_03314 (length 211)
prokka_CHQ_1/CHQ_1:Prokka:CHQ_1_03315 (length 309)
prokka_CHQ_1/CHQ_1:Prokka:CHQ_1_03316 (length 305)
prokka_CHQ_1/CHQ_1:Prokka:CHQ_1_03317 (length 313)
prokka_CHQ_1/CHQ_1:Prokka:CHQ_1_03318 (length 145)
prokka_CHQ_1/CHQ_1:Prokka:CHQ_1_03319 (length 286)
prokka_CHQ_1/CHQ_1:Prokka:CHQ_1_03320 (length 199)
prokka_CHQ_1/CHQ_1:Prokka:CHQ_1_03321 (length 607)
prokka_CHQ_1/CHQ_1:Prokka:CHQ_1_03322 (length 469)
prokka_CHQ_1/CHQ_1:Prokka:CHQ_1_03323 (length 349)
prokka_CHQ_1/CHQ_1:Prokka:CHQ_1_03324 (length 469)
prokka_CHQ_1/CHQ_1:Prokka:CHQ_1_03325 (length 457)
prokka_CHQ_1/CHQ_1:Prokka:CHQ_1_03326 (length 78)
prokka_CHQ_1/CHQ_1:Prokka:CHQ_1_03327 (length 211)
prokka_CHQ_1/CHQ_1:Prokka:CHQ_1_03328 (length 930)
prokka_CHQ_1/CHQ_1:Prokka:CHQ_1_03329 (length 305)
prokka_CHQ_1/CHQ_1:Prokka:CHQ_1_03330 (length 207)
prokka_CHQ_1/CHQ_1:Prokka:CHQ_1_03331 (length 328)
prokka_CHQ_1/CHQ_1:Prokka:CHQ_1_03332 (length 89)
prokka_CHQ_1/CHQ_1:Prokka:CHQ_1_03333 (length 193)
prokka_CHQ_1/CHQ_1:Prokka:CHQ_1_03334 (length 168)
prokka_CHQ_1/CHQ_1:Prokka:CHQ_1_35 (length 273543)
prokka_CHQ_1/CHQ_1:Prokka:CHQ_1_03339 (length 294)
prokka_CHQ_1/CHQ_1:Prokka:CHQ_1_03340 (length 290)
prokka_CHQ_1/CHQ_1:Prokka:CHQ_1_03341 (length 299)
prokka_CHQ_1/CHQ_1:Prokka:CHQ_1_03342 (length 280)
prokka_CHQ_1/CHQ_1:Prokka:CHQ_1_03343 (length 180)
prokka_CHQ_1/CHQ_1:Prokka:CHQ_1_03344 (length 195)
prokka_CHQ_1/CHQ_1:Prokka:CHQ_1_03345 (length 222)
prokka_CHQ_1/CHQ_1:Prokka:CHQ_1_03346 (length 841)
prokka_CHQ_1/CHQ_1:Prokka:CHQ_1_03347 (length 547)
prokka_CHQ_1/CHQ_1:Prokka:CHQ_1_03348 (length 236)
prokka_CHQ_1/CHQ_1:Prokka:CHQ_1_03349 (length 229)
prokka_CHQ_1/CHQ_1:Prokka:CHQ_1_03350 (length 250)
prokka_CHQ_1/CHQ_1:Prokka:CHQ_1_03351 (length 272)
prokka_CHQ_1/CHQ_1:Prokka:CHQ_1_03352 (length 269)
prokka_CHQ_1/CHQ_1:Prokka:CHQ_1_03353 (length 56)
prokka_CHQ_1/CHQ_1:Prokka:CHQ_1_03354 (length 231)
prokka_CHQ_1/CHQ_1:Prokka:CHQ_1_03355 (length 260)
prokka_CHQ_1/CHQ_1:Prokka:CHQ_1_03356 (length 349)
prokka_CHQ_1/CHQ_1:Prokka:CHQ_1_03357 (length 299)
prokka_CHQ_1/CHQ_1:Prokka:CHQ_1_03358 (length 378)
prokka_CHQ_1/CHQ_1:Prokka:CHQ_1_03359 (length 258)
prokka_CHQ_1/CHQ_1:Prokka:CHQ_1_03360 (length 462)
prokka_CHQ_1/CHQ_1:Prokka:CHQ_1_03361 (length 459)
prokka_CHQ_1/CHQ_1:Prokka:CHQ_1_03362 (length 469)
prokka_CHQ_1/CHQ_1:Prokka:CHQ_1_03363 (length 310)
prokka_CHQ_1/CHQ_1:Prokka:CHQ_1_03364 (length 320)
prokka_CHQ_1/CHQ_1:Prokka:CHQ_1_03365 (length 255)
prokka_CHQ_1/CHQ_1:Prokka:CHQ_1_03366 (length 275)
prokka_CHQ_1/CHQ_1:Prokka:CHQ_1_03367 (length 283)
prokka_CHQ_1/CHQ_1:Prokka:CHQ_1_03368 (length 572)
prokka_CHQ_1/CHQ_1:Prokka:CHQ_1_03369 (length 163)
prokka_CHQ_1/CHQ_1:Prokka:CHQ_1_03370 (length 324)
prokka_CHQ_1/CHQ_1:Prokka:CHQ_1_03371 (length 386)
prokka_CHQ_1/CHQ_1:Prokka:CHQ_1_03372 (length 177)
prokka_CHQ_1/CHQ_1:Prokka:CHQ_1_03373 (length 406)
prokka_CHQ_1/CHQ_1:Prokka:CHQ_1_03374 (length 368)
prokka_CHQ_1/CHQ_1:Prokka:CHQ_1_03375 (length 100)
prokka_CHQ_1/CHQ_1:Prokka:CHQ_1_03376 (length 67)
prokka_CHQ_1/CHQ_1:Prokka:CHQ_1_03377 (length 365)
prokka_CHQ_1/CHQ_1:Prokka:CHQ_1_03378 (length 227)
prokka_CHQ_1/CHQ_1:Prokka:CHQ_1_03379 (length 399)
prokka_CHQ_1/CHQ_1:Prokka:CHQ_1_03380 (length 86)
prokka_CHQ_1/CHQ_1:Prokka:CHQ_1_03381 (length 471)
prokka_CHQ_1/CHQ_1:Prokka:CHQ_1_03382 (length 105)
prokka_CHQ_1/CHQ_1:Prokka:CHQ_1_03383 (length 269)
prokka_CHQ_1/CHQ_1:Prokka:CHQ_1_03384 (length 152)
prokka_CHQ_1/CHQ_1:Prokka:CHQ_1_03385 (length 233)
prokka_CHQ_1/CHQ_1:Prokka:CHQ_1_03386 (length 177)
prokka_CHQ_1/CHQ_1:Prokka:CHQ_1_03387 (length 63)
prokka_CHQ_1/CHQ_1:Prokka:CHQ_1_03388 (length 221)
prokka_CHQ_1/CHQ_1:Prokka:CHQ_1_03389 (length 94)
prokka_CHQ_1/CHQ_1:Prokka:CHQ_1_03390 (length 303)
prokka_CHQ_1/CHQ_1:Prokka:CHQ_1_03391 (length 304)
prokka_CHQ_1/CHQ_1:Prokka:CHQ_1_03392 (length 1049)
prokka_CHQ_1/CHQ_1:Prokka:CHQ_1_03393 (length 401)
prokka_CHQ_1/CHQ_1:Prokka:CHQ_1_03394 (length 229)
prokka_CHQ_1/CHQ_1:Prokka:CHQ_1_03395 (length 431)
prokka_CHQ_1/CHQ_1:Prokka:CHQ_1_03396 (length 439)
prokka_CHQ_1/CHQ_1:Prokka:CHQ_1_03397 (length 457)
prokka_CHQ_1/CHQ_1:Prokka:CHQ_1_03398 (length 605)
prokka_CHQ_1/CHQ_1:Prokka:CHQ_1_03399 (length 300)
prokka_CHQ_1/CHQ_1:Prokka:CHQ_1_03400 (length 213)
prokka_CHQ_1/CHQ_1:Prokka:CHQ_1_03401 (length 181)
prokka_CHQ_1/CHQ_1:Prokka:CHQ_1_03402 (length 622)
prokka_CHQ_1/CHQ_1:Prokka:CHQ_1_03403 (length 286)
prokka_CHQ_1/CHQ_1:Prokka:CHQ_1_03404 (length 320)
prokka_CHQ_1/CHQ_1:Prokka:CHQ_1_03405 (length 463)
prokka_CHQ_1/CHQ_1:Prokka:CHQ_1_03406 (length 95)
prokka_CHQ_1/CHQ_1:Prokka:CHQ_1_03407 (length 147)
prokka_CHQ_1/CHQ_1:Prokka:CHQ_1_03408 (length 200)
prokka_CHQ_1/CHQ_1:Prokka:CHQ_1_03409 (length 193)
prokka_CHQ_1/CHQ_1:Prokka:CHQ_1_03410 (length 354)
prokka_CHQ_1/CHQ_1:Prokka:CHQ_1_03411 (length 375)
prokka_CHQ_1/CHQ_1:Prokka:CHQ_1_03412 (length 110)
prokka_CHQ_1/CHQ_1:Prokka:CHQ_1_03413 (length 604)
prokka_CHQ_1/CHQ_1:Prokka:CHQ_1_03414 (length 323)
prokka_CHQ_1/CHQ_1:Prokka:CHQ_1_03415 (length 121)
prokka_CHQ_1/CHQ_1:Prokka:CHQ_1_03416 (length 231)
prokka_CHQ_1/CHQ_1:Prokka:CHQ_1_03417 (length 294)
prokka_CHQ_1/CHQ_1:Prokka:CHQ_1_03418 (length 179)
prokka_CHQ_1/CHQ_1:Prokka:CHQ_1_03419 (length 149)
prokka_CHQ_1/CHQ_1:Prokka:CHQ_1_03420 (length 367)
prokka_CHQ_1/CHQ_1:Prokka:CHQ_1_03421 (length 156)
prokka_CHQ_1/CHQ_1:Prokka:CHQ_1_03422 (length 139)
prokka_CHQ_1/CHQ_1:Prokka:CHQ_1_03423 (length 323)
prokka_CHQ_1/CHQ_1:Prokka:CHQ_1_03424 (length 167)
prokka_CHQ_1/CHQ_1:Prokka:CHQ_1_03425 (length 324)
prokka_CHQ_1/CHQ_1:Prokka:CHQ_1_03426 (length 620)
prokka_CHQ_1/CHQ_1:Prokka:CHQ_1_03427 (length 299)
prokka_CHQ_1/CHQ_1:Prokka:CHQ_1_03428 (length 80)
prokka_CHQ_1/CHQ_1:Prokka:CHQ_1_03429 (length 482)
prokka_CHQ_1/CHQ_1:Prokka:CHQ_1_03430 (length 158)
prokka_CHQ_1/CHQ_1:Prokka:CHQ_1_03431 (length 197)
prokka_CHQ_1/CHQ_1:Prokka:CHQ_1_03432 (length 303)
prokka_CHQ_1/CHQ_1:Prokka:CHQ_1_03433 (length 163)
prokka_CHQ_1/CHQ_1:Prokka:CHQ_1_03434 (length 454)
prokka_CHQ_1/CHQ_1:Prokka:CHQ_1_03435 (length 392)
prokka_CHQ_1/CHQ_1:Prokka:CHQ_1_03436 (length 453)
prokka_CHQ_1/CHQ_1:Prokka:CHQ_1_03437 (length 272)
prokka_CHQ_1/CHQ_1:Prokka:CHQ_1_03438 (length 563)
prokka_CHQ_1/CHQ_1:Prokka:CHQ_1_03439 (length 106)
prokka_CHQ_1/CHQ_1:Prokka:CHQ_1_03440 (length 558)
prokka_CHQ_1/CHQ_1:Prokka:CHQ_1_03441 (length 273)
prokka_CHQ_1/CHQ_1:Prokka:CHQ_1_03442 (length 252)
prokka_CHQ_1/CHQ_1:Prokka:CHQ_1_03443 (length 110)
prokka_CHQ_1/CHQ_1:Prokka:CHQ_1_03444 (length 295)
prokka_CHQ_1/CHQ_1:Prokka:CHQ_1_03445 (length 109)
prokka_CHQ_1/CHQ_1:Prokka:CHQ_1_03446 (length 203)
prokka_CHQ_1/CHQ_1:Prokka:CHQ_1_03447 (length 663)
prokka_CHQ_1/CHQ_1:Prokka:CHQ_1_03448 (length 314)
prokka_CHQ_1/CHQ_1:Prokka:CHQ_1_03449 (length 491)
prokka_CHQ_1/CHQ_1:Prokka:CHQ_1_03450 (length 192)
prokka_CHQ_1/CHQ_1:Prokka:CHQ_1_03451 (length 104)
prokka_CHQ_1/CHQ_1:Prokka:CHQ_1_03452 (length 432)
prokka_CHQ_1/CHQ_1:Prokka:CHQ_1_03453 (length 207)
prokka_CHQ_1/CHQ_1:Prokka:CHQ_1_03454 (length 424)
prokka_CHQ_1/CHQ_1:Prokka:CHQ_1_03455 (length 784)
prokka_CHQ_1/CHQ_1:Prokka:CHQ_1_03456 (length 624)
prokka_CHQ_1/CHQ_1:Prokka:CHQ_1_03457 (length 122)
prokka_CHQ_1/CHQ_1:Prokka:CHQ_1_03458 (length 133)
prokka_CHQ_1/CHQ_1:Prokka:CHQ_1_03459 (length 233)
prokka_CHQ_1/CHQ_1:Prokka:CHQ_1_03460 (length 565)
prokka_CHQ_1/CHQ_1:Prokka:CHQ_1_03461 (length 272)
prokka_CHQ_1/CHQ_1:Prokka:CHQ_1_03462 (length 350)
prokka_CHQ_1/CHQ_1:Prokka:CHQ_1_03463 (length 152)
prokka_CHQ_1/CHQ_1:Prokka:CHQ_1_03464 (length 590)
prokka_CHQ_1/CHQ_1:Prokka:CHQ_1_03465 (length 592)
prokka_CHQ_1/CHQ_1:Prokka:CHQ_1_03466 (length 112)
prokka_CHQ_1/CHQ_1:Prokka:CHQ_1_03467 (length 428)
prokka_CHQ_1/CHQ_1:Prokka:CHQ_1_03468 (length 287)
prokka_CHQ_1/CHQ_1:Prokka:CHQ_1_03469 (length 163)
prokka_CHQ_1/CHQ_1:Prokka:CHQ_1_03470 (length 103)
prokka_CHQ_1/CHQ_1:Prokka:CHQ_1_03471 (length 135)
prokka_CHQ_1/CHQ_1:Prokka:CHQ_1_03472 (length 85)
prokka_CHQ_1/CHQ_1:Prokka:CHQ_1_03473 (length 71)
prokka_CHQ_1/CHQ_1:Prokka:CHQ_1_03474 (length 475)
prokka_CHQ_1/CHQ_1:Prokka:CHQ_1_03475 (length 204)
prokka_CHQ_1/CHQ_1:Prokka:CHQ_1_03476 (length 275)
prokka_CHQ_1/CHQ_1:Prokka:CHQ_1_03477 (length 90)
prokka_CHQ_1/CHQ_1:Prokka:CHQ_1_03478 (length 519)
prokka_CHQ_1/CHQ_1:Prokka:CHQ_1_03479 (length 369)
prokka_CHQ_1/CHQ_1:Prokka:CHQ_1_03480 (length 410)
prokka_CHQ_1/CHQ_1:Prokka:CHQ_1_03481 (length 435)
prokka_CHQ_1/CHQ_1:Prokka:CHQ_1_03482 (length 283)
prokka_CHQ_1/CHQ_1:Prokka:CHQ_1_03483 (length 400)
prokka_CHQ_1/CHQ_1:Prokka:CHQ_1_03484 (length 685)
prokka_CHQ_1/CHQ_1:Prokka:CHQ_1_03485 (length 104)
prokka_CHQ_1/CHQ_1:Prokka:CHQ_1_03486 (length 423)
prokka_CHQ_1/CHQ_1:Prokka:CHQ_1_03487 (length 356)
prokka_CHQ_1/CHQ_1:Prokka:CHQ_1_03488 (length 87)
prokka_CHQ_1/CHQ_1:Prokka:CHQ_1_03489 (length 46)
prokka_CHQ_1/CHQ_1:Prokka:CHQ_1_03490 (length 232)
prokka_CHQ_1/CHQ_1:Prokka:CHQ_1_03491 (length 485)
prokka_CHQ_1/CHQ_1:Prokka:CHQ_1_03492 (length 156)
prokka_CHQ_1/CHQ_1:Prokka:CHQ_1_03493 (length 188)
prokka_CHQ_1/CHQ_1:Prokka:CHQ_1_03494 (length 72)
prokka_CHQ_1/CHQ_1:Prokka:CHQ_1_03495 (length 124)
prokka_CHQ_1/CHQ_1:Prokka:CHQ_1_03496 (length 1048)
prokka_CHQ_1/CHQ_1:Prokka:CHQ_1_03497 (length 361)
prokka_CHQ_1/CHQ_1:Prokka:CHQ_1_03498 (length 216)
prokka_CHQ_1/CHQ_1:Prokka:CHQ_1_03499 (length 1115)
prokka_CHQ_1/CHQ_1:Prokka:CHQ_1_03500 (length 303)
prokka_CHQ_1/CHQ_1:Prokka:CHQ_1_03501 (length 57)
prokka_CHQ_1/CHQ_1:Prokka:CHQ_1_03502 (length 175)
prokka_CHQ_1/CHQ_1:Prokka:CHQ_1_03503 (length 125)
prokka_CHQ_1/CHQ_1:Prokka:CHQ_1_03504 (length 183)
prokka_CHQ_1/CHQ_1:Prokka:CHQ_1_03505 (length 635)
prokka_CHQ_1/CHQ_1:Prokka:CHQ_1_03506 (length 110)
prokka_CHQ_1/CHQ_1:Prokka:CHQ_1_03507 (length 201)
prokka_CHQ_1/CHQ_1:Prokka:CHQ_1_03508 (length 624)
prokka_CHQ_1/CHQ_1:Prokka:CHQ_1_03509 (length 214)
prokka_CHQ_1/CHQ_1:Prokka:CHQ_1_03510 (length 320)
prokka_CHQ_1/CHQ_1:Prokka:CHQ_1_03511 (length 434)
prokka_CHQ_1/CHQ_1:Prokka:CHQ_1_03512 (length 558)
prokka_CHQ_1/CHQ_1:Prokka:CHQ_1_03513 (length 406)
prokka_CHQ_1/CHQ_1:Prokka:CHQ_1_03514 (length 550)
prokka_CHQ_1/CHQ_1:Prokka:CHQ_1_03515 (length 159)
prokka_CHQ_1/CHQ_1:Prokka:CHQ_1_03516 (length 264)
prokka_CHQ_1/CHQ_1:Prokka:CHQ_1_03517 (length 833)
prokka_CHQ_1/CHQ_1:Prokka:CHQ_1_03518 (length 136)
prokka_CHQ_1/CHQ_1:Prokka:CHQ_1_03519 (length 152)
prokka_CHQ_1/CHQ_1:Prokka:CHQ_1_03520 (length 305)
prokka_CHQ_1/CHQ_1:Prokka:CHQ_1_03521 (length 225)
prokka_CHQ_1/CHQ_1:Prokka:CHQ_1_03522 (length 260)
prokka_CHQ_1/CHQ_1:Prokka:CHQ_1_03523 (length 284)
prokka_CHQ_1/CHQ_1:Prokka:CHQ_1_03524 (length 256)
prokka_CHQ_1/CHQ_1:Prokka:CHQ_1_03525 (length 197)
prokka_CHQ_1/CHQ_1:Prokka:CHQ_1_03526 (length 228)
prokka_CHQ_1/CHQ_1:Prokka:CHQ_1_03527 (length 804)
prokka_CHQ_1/CHQ_1:Prokka:CHQ_1_03528 (length 381)
prokka_CHQ_1/CHQ_1:Prokka:CHQ_1_03529 (length 358)
prokka_CHQ_1/CHQ_1:Prokka:CHQ_1_03530 (length 355)
prokka_CHQ_1/CHQ_1:Prokka:CHQ_1_03531 (length 169)
prokka_CHQ_1/CHQ_1:Prokka:CHQ_1_03532 (length 112)
prokka_CHQ_1/CHQ_1:Prokka:CHQ_1_03533 (length 240)
prokka_CHQ_1/CHQ_1:Prokka:CHQ_1_03534 (length 164)
prokka_CHQ_1/CHQ_1:Prokka:CHQ_1_03535 (length 461)
prokka_CHQ_1/CHQ_1:Prokka:CHQ_1_03536 (length 70)
prokka_CHQ_1/CHQ_1:Prokka:CHQ_1_03537 (length 288)
prokka_CHQ_1/CHQ_1:Prokka:CHQ_1_03539 (length 404)
prokka_CHQ_1/CHQ_1:Prokka:CHQ_1_03540 (length 241)
prokka_CHQ_1/CHQ_1:Prokka:CHQ_1_03541 (length 65)
prokka_CHQ_1/CHQ_1:Prokka:CHQ_1_03542 (length 144)
prokka_CHQ_1/CHQ_1:Prokka:CHQ_1_03543 (length 269)
prokka_CHQ_1/CHQ_1:Prokka:CHQ_1_03544 (length 59)
prokka_CHQ_1/CHQ_1:Prokka:CHQ_1_03545 (length 264)
prokka_CHQ_1/CHQ_1:Prokka:CHQ_1_03546 (length 59)
prokka_CHQ_1/CHQ_1:Prokka:CHQ_1_03547 (length 105)
prokka_CHQ_1/CHQ_1:Prokka:CHQ_1_03548 (length 87)
prokka_CHQ_1/CHQ_1:Prokka:CHQ_1_03549 (length 71)
prokka_CHQ_1/CHQ_1:Prokka:CHQ_1_03550 (length 704)
prokka_CHQ_1/CHQ_1:Prokka:CHQ_1_03551 (length 409)
prokka_CHQ_1/CHQ_1:Prokka:CHQ_1_03552 (length 127)
prokka_CHQ_1/CHQ_1:Prokka:CHQ_1_03553 (length 192)
prokka_CHQ_1/CHQ_1:Prokka:CHQ_1_03554 (length 103)
prokka_CHQ_1/CHQ_1:Prokka:CHQ_1_03555 (length 61)
prokka_CHQ_1/CHQ_1:Prokka:CHQ_1_03556 (length 180)
prokka_CHQ_1/CHQ_1:Prokka:CHQ_1_03557 (length 119)
prokka_CHQ_1/CHQ_1:Prokka:CHQ_1_03558 (length 379)
prokka_CHQ_1/CHQ_1:Prokka:CHQ_1_03559 (length 181)
prokka_CHQ_1/CHQ_1:Prokka:CHQ_1_03560 (length 64)
prokka_CHQ_1/CHQ_1:Prokka:CHQ_1_03561 (length 605)
prokka_CHQ_1/CHQ_1:Prokka:CHQ_1_03562 (length 152)
prokka_CHQ_1/CHQ_1:Prokka:CHQ_1_03563 (length 145)
prokka_CHQ_1/CHQ_1:Prokka:CHQ_1_03564 (length 79)
prokka_CHQ_1/CHQ_1:Prokka:CHQ_1_03565 (length 133)
prokka_CHQ_1/CHQ_1:Prokka:CHQ_1_03566 (length 434)
prokka_CHQ_1/CHQ_1:Prokka:CHQ_1_03567 (length 288)
prokka_CHQ_1/CHQ_1:Prokka:CHQ_1_03568 (length 306)
prokka_CHQ_1/CHQ_1:Prokka:CHQ_1_03569 (length 90)
prokka_CHQ_1/CHQ_1:Prokka:CHQ_1_03570 (length 522)
prokka_CHQ_1/CHQ_1:Prokka:CHQ_1_03571 (length 444)
prokka_CHQ_1/CHQ_1:Prokka:CHQ_1_03572 (length 715)
prokka_CHQ_1/CHQ_1:Prokka:CHQ_1_03573 (length 491)
prokka_CHQ_1/CHQ_1:Prokka:CHQ_1_03574 (length 505)
prokka_CHQ_1/CHQ_1:Prokka:CHQ_1_03575 (length 141)
prokka_CHQ_1/CHQ_1:Prokka:CHQ_1_03576 (length 306)
prokka_CHQ_1/CHQ_1:Prokka:CHQ_1_03577 (length 390)
prokka_CHQ_1/CHQ_1:Prokka:CHQ_1_03578 (length 343)
prokka_CHQ_1/CHQ_1:Prokka:CHQ_1_03579 (length 335)
prokka_CHQ_1/CHQ_1:Prokka:CHQ_1_03580 (length 339)
prokka_CHQ_1/CHQ_1:Prokka:CHQ_1_03581 (length 40)
prokka_CHQ_1/CHQ_1:Prokka:CHQ_1_03582 (length 307)
prokka_CHQ_1/CHQ_1:Prokka:CHQ_1_03583 (length 494)
prokka_CHQ_1/CHQ_1:Prokka:CHQ_1_03584 (length 343)
prokka_CHQ_1/CHQ_1:Prokka:CHQ_1_03585 (length 213)
prokka_CHQ_1/CHQ_1:Prokka:CHQ_1_03586 (length 334)
prokka_CHQ_1/CHQ_1:Prokka:CHQ_1_03587 (length 466)
prokka_CHQ_1/CHQ_1:Prokka:CHQ_1_03588 (length 456)
prokka_CHQ_1/CHQ_1:Prokka:CHQ_1_03589 (length 505)
prokka_CHQ_1/CHQ_1:Prokka:CHQ_1_03590 (length 307)
prokka_CHQ_1/CHQ_1:Prokka:CHQ_1_03591 (length 255)
prokka_CHQ_1/CHQ_1:Prokka:CHQ_1_03592 (length 114)
prokka_CHQ_1/CHQ_1:Prokka:CHQ_1_03593 (length 380)
prokka_CHQ_1/CHQ_1:Prokka:CHQ_1_03594 (length 238)
prokka_CHQ_1/CHQ_1:Prokka:CHQ_1_03595 (length 360)
prokka_CHQ_1/CHQ_1:Prokka:CHQ_1_03596 (length 372)
prokka_CHQ_1/CHQ_1:Prokka:CHQ_1_03597 (length 129)
prokka_CHQ_1/CHQ_1:Prokka:CHQ_1_03598 (length 151)
prokka_CHQ_1/CHQ_1:Prokka:CHQ_1_03599 (length 195)
prokka_CHQ_1/CHQ_1:Prokka:CHQ_1_03600 (length 392)
prokka_CHQ_1/CHQ_1:Prokka:CHQ_1_03601 (length 258)
prokka_CHQ_1/CHQ_1:Prokka:CHQ_1_03602 (length 317)
prokka_CHQ_1/CHQ_1:Prokka:CHQ_1_36 (length 17141)
prokka_CHQ_1/CHQ_1:Prokka:CHQ_1_03604 (length 151)
prokka_CHQ_1/CHQ_1:Prokka:CHQ_1_03605 (length 309)
prokka_CHQ_1/CHQ_1:Prokka:CHQ_1_03606 (length 533)
prokka_CHQ_1/CHQ_1:Prokka:CHQ_1_03607 (length 439)
prokka_CHQ_1/CHQ_1:Prokka:CHQ_1_03608 (length 594)
prokka_CHQ_1/CHQ_1:Prokka:CHQ_1_03609 (length 276)
prokka_CHQ_1/CHQ_1:Prokka:CHQ_1_03610 (length 1227)
prokka_CHQ_1/CHQ_1:Prokka:CHQ_1_03611 (length 543)
prokka_CHQ_1/CHQ_1:Prokka:CHQ_1_03612 (length 229)
prokka_CHQ_1/CHQ_1:Prokka:CHQ_1_03613 (length 291)
prokka_CHQ_1/CHQ_1:Prokka:CHQ_1_03614 (length 90)
prokka_CHQ_1/CHQ_1:Prokka:CHQ_1_03615 (length 118)
prokka_CHQ_1/CHQ_1:Prokka:CHQ_1_03616 (length 112)
prokka_CHQ_1/CHQ_1:Prokka:CHQ_1_03617 (length 146)
prokka_CHQ_1/CHQ_1:Prokka:CHQ_1_37 (length 226637)
prokka_CHQ_1/CHQ_1:Prokka:CHQ_1_03618 (length 441)
prokka_CHQ_1/CHQ_1:Prokka:CHQ_1_03619 (length 413)
prokka_CHQ_1/CHQ_1:Prokka:CHQ_1_03620 (length 127)
prokka_CHQ_1/CHQ_1:Prokka:CHQ_1_03621 (length 369)
prokka_CHQ_1/CHQ_1:Prokka:CHQ_1_03622 (length 208)
prokka_CHQ_1/CHQ_1:Prokka:CHQ_1_03623 (length 403)
prokka_CHQ_1/CHQ_1:Prokka:CHQ_1_03624 (length 252)
prokka_CHQ_1/CHQ_1:Prokka:CHQ_1_03625 (length 197)
prokka_CHQ_1/CHQ_1:Prokka:CHQ_1_03626 (length 410)
prokka_CHQ_1/CHQ_1:Prokka:CHQ_1_03627 (length 270)
prokka_CHQ_1/CHQ_1:Prokka:CHQ_1_03628 (length 400)
prokka_CHQ_1/CHQ_1:Prokka:CHQ_1_03629 (length 187)
prokka_CHQ_1/CHQ_1:Prokka:CHQ_1_03630 (length 350)
prokka_CHQ_1/CHQ_1:Prokka:CHQ_1_03631 (length 664)
prokka_CHQ_1/CHQ_1:Prokka:CHQ_1_03632 (length 196)
prokka_CHQ_1/CHQ_1:Prokka:CHQ_1_03633 (length 73)
prokka_CHQ_1/CHQ_1:Prokka:CHQ_1_03634 (length 169)
prokka_CHQ_1/CHQ_1:Prokka:CHQ_1_03635 (length 61)
prokka_CHQ_1/CHQ_1:Prokka:CHQ_1_03636 (length 67)
prokka_CHQ_1/CHQ_1:Prokka:CHQ_1_03637 (length 78)
prokka_CHQ_1/CHQ_1:Prokka:CHQ_1_03638 (length 456)
prokka_CHQ_1/CHQ_1:Prokka:CHQ_1_03639 (length 61)
prokka_CHQ_1/CHQ_1:Prokka:CHQ_1_03640 (length 215)
prokka_CHQ_1/CHQ_1:Prokka:CHQ_1_03641 (length 340)
prokka_CHQ_1/CHQ_1:Prokka:CHQ_1_03642 (length 280)
prokka_CHQ_1/CHQ_1:Prokka:CHQ_1_03643 (length 400)
prokka_CHQ_1/CHQ_1:Prokka:CHQ_1_03644 (length 198)
prokka_CHQ_1/CHQ_1:Prokka:CHQ_1_03645 (length 120)
prokka_CHQ_1/CHQ_1:Prokka:CHQ_1_03646 (length 168)
prokka_CHQ_1/CHQ_1:Prokka:CHQ_1_03647 (length 306)
prokka_CHQ_1/CHQ_1:Prokka:CHQ_1_03648 (length 561)
prokka_CHQ_1/CHQ_1:Prokka:CHQ_1_03649 (length 127)
prokka_CHQ_1/CHQ_1:Prokka:CHQ_1_03650 (length 87)
prokka_CHQ_1/CHQ_1:Prokka:CHQ_1_03651 (length 95)
prokka_CHQ_1/CHQ_1:Prokka:CHQ_1_03652 (length 240)
prokka_CHQ_1/CHQ_1:Prokka:CHQ_1_03653 (length 300)
prokka_CHQ_1/CHQ_1:Prokka:CHQ_1_03654 (length 159)
prokka_CHQ_1/CHQ_1:Prokka:CHQ_1_03655 (length 370)
prokka_CHQ_1/CHQ_1:Prokka:CHQ_1_03656 (length 388)
prokka_CHQ_1/CHQ_1:Prokka:CHQ_1_03657 (length 317)
prokka_CHQ_1/CHQ_1:Prokka:CHQ_1_03658 (length 281)
prokka_CHQ_1/CHQ_1:Prokka:CHQ_1_03659 (length 162)
prokka_CHQ_1/CHQ_1:Prokka:CHQ_1_03660 (length 375)
prokka_CHQ_1/CHQ_1:Prokka:CHQ_1_03661 (length 238)
prokka_CHQ_1/CHQ_1:Prokka:CHQ_1_03662 (length 490)
prokka_CHQ_1/CHQ_1:Prokka:CHQ_1_03663 (length 243)
prokka_CHQ_1/CHQ_1:Prokka:CHQ_1_03664 (length 222)
prokka_CHQ_1/CHQ_1:Prokka:CHQ_1_03665 (length 238)
prokka_CHQ_1/CHQ_1:Prokka:CHQ_1_03666 (length 250)
prokka_CHQ_1/CHQ_1:Prokka:CHQ_1_03667 (length 242)
prokka_CHQ_1/CHQ_1:Prokka:CHQ_1_03668 (length 171)
prokka_CHQ_1/CHQ_1:Prokka:CHQ_1_03669 (length 90)
prokka_CHQ_1/CHQ_1:Prokka:CHQ_1_03670 (length 379)
prokka_CHQ_1/CHQ_1:Prokka:CHQ_1_03671 (length 276)
prokka_CHQ_1/CHQ_1:Prokka:CHQ_1_03672 (length 337)
prokka_CHQ_1/CHQ_1:Prokka:CHQ_1_03673 (length 480)
prokka_CHQ_1/CHQ_1:Prokka:CHQ_1_03674 (length 333)
prokka_CHQ_1/CHQ_1:Prokka:CHQ_1_03675 (length 572)
prokka_CHQ_1/CHQ_1:Prokka:CHQ_1_03676 (length 144)
prokka_CHQ_1/CHQ_1:Prokka:CHQ_1_03677 (length 322)
prokka_CHQ_1/CHQ_1:Prokka:CHQ_1_03678 (length 561)
prokka_CHQ_1/CHQ_1:Prokka:CHQ_1_03679 (length 299)
prokka_CHQ_1/CHQ_1:Prokka:CHQ_1_03680 (length 231)
prokka_CHQ_1/CHQ_1:Prokka:CHQ_1_03681 (length 552)
prokka_CHQ_1/CHQ_1:Prokka:CHQ_1_03682 (length 371)
prokka_CHQ_1/CHQ_1:Prokka:CHQ_1_03683 (length 646)
prokka_CHQ_1/CHQ_1:Prokka:CHQ_1_03684 (length 73)
prokka_CHQ_1/CHQ_1:Prokka:CHQ_1_03685 (length 105)
prokka_CHQ_1/CHQ_1:Prokka:CHQ_1_03686 (length 759)
prokka_CHQ_1/CHQ_1:Prokka:CHQ_1_03687 (length 72)
prokka_CHQ_1/CHQ_1:Prokka:CHQ_1_03688 (length 234)
prokka_CHQ_1/CHQ_1:Prokka:CHQ_1_03689 (length 573)
prokka_CHQ_1/CHQ_1:Prokka:CHQ_1_03690 (length 588)
prokka_CHQ_1/CHQ_1:Prokka:CHQ_1_03691 (length 331)
prokka_CHQ_1/CHQ_1:Prokka:CHQ_1_03692 (length 164)
prokka_CHQ_1/CHQ_1:Prokka:CHQ_1_03693 (length 1422)
prokka_CHQ_1/CHQ_1:Prokka:CHQ_1_03694 (length 203)
prokka_CHQ_1/CHQ_1:Prokka:CHQ_1_03695 (length 447)
prokka_CHQ_1/CHQ_1:Prokka:CHQ_1_03696 (length 430)
prokka_CHQ_1/CHQ_1:Prokka:CHQ_1_03697 (length 60)
prokka_CHQ_1/CHQ_1:Prokka:CHQ_1_03698 (length 740)
prokka_CHQ_1/CHQ_1:Prokka:CHQ_1_03699 (length 205)
prokka_CHQ_1/CHQ_1:Prokka:CHQ_1_03700 (length 287)
prokka_CHQ_1/CHQ_1:Prokka:CHQ_1_03701 (length 382)
prokka_CHQ_1/CHQ_1:Prokka:CHQ_1_03702 (length 246)
prokka_CHQ_1/CHQ_1:Prokka:CHQ_1_03703 (length 760)
prokka_CHQ_1/CHQ_1:Prokka:CHQ_1_03704 (length 285)
prokka_CHQ_1/CHQ_1:Prokka:CHQ_1_03705 (length 586)
prokka_CHQ_1/CHQ_1:Prokka:CHQ_1_03706 (length 230)
prokka_CHQ_1/CHQ_1:Prokka:CHQ_1_03707 (length 362)
prokka_CHQ_1/CHQ_1:Prokka:CHQ_1_03708 (length 427)
prokka_CHQ_1/CHQ_1:Prokka:CHQ_1_03709 (length 227)
prokka_CHQ_1/CHQ_1:Prokka:CHQ_1_03710 (length 557)
prokka_CHQ_1/CHQ_1:Prokka:CHQ_1_03711 (length 95)
prokka_CHQ_1/CHQ_1:Prokka:CHQ_1_03712 (length 754)
prokka_CHQ_1/CHQ_1:Prokka:CHQ_1_03713 (length 582)
prokka_CHQ_1/CHQ_1:Prokka:CHQ_1_03714 (length 326)
prokka_CHQ_1/CHQ_1:Prokka:CHQ_1_03715 (length 409)
prokka_CHQ_1/CHQ_1:Prokka:CHQ_1_03716 (length 60)
prokka_CHQ_1/CHQ_1:Prokka:CHQ_1_03717 (length 248)
prokka_CHQ_1/CHQ_1:Prokka:CHQ_1_03718 (length 297)
prokka_CHQ_1/CHQ_1:Prokka:CHQ_1_03719 (length 259)
prokka_CHQ_1/CHQ_1:Prokka:CHQ_1_03720 (length 266)
prokka_CHQ_1/CHQ_1:Prokka:CHQ_1_03721 (length 440)
prokka_CHQ_1/CHQ_1:Prokka:CHQ_1_03722 (length 234)
prokka_CHQ_1/CHQ_1:Prokka:CHQ_1_03723 (length 1482)
prokka_CHQ_1/CHQ_1:Prokka:CHQ_1_03724 (length 596)
prokka_CHQ_1/CHQ_1:Prokka:CHQ_1_03725 (length 71)
prokka_CHQ_1/CHQ_1:Prokka:CHQ_1_03726 (length 183)
prokka_CHQ_1/CHQ_1:Prokka:CHQ_1_03727 (length 215)
prokka_CHQ_1/CHQ_1:Prokka:CHQ_1_03728 (length 396)
prokka_CHQ_1/CHQ_1:Prokka:CHQ_1_03729 (length 360)
prokka_CHQ_1/CHQ_1:Prokka:CHQ_1_03730 (length 466)
prokka_CHQ_1/CHQ_1:Prokka:CHQ_1_03731 (length 400)
prokka_CHQ_1/CHQ_1:Prokka:CHQ_1_03732 (length 871)
prokka_CHQ_1/CHQ_1:Prokka:CHQ_1_03733 (length 257)
prokka_CHQ_1/CHQ_1:Prokka:CHQ_1_03734 (length 263)
prokka_CHQ_1/CHQ_1:Prokka:CHQ_1_03735 (length 381)
prokka_CHQ_1/CHQ_1:Prokka:CHQ_1_03736 (length 320)
prokka_CHQ_1/CHQ_1:Prokka:CHQ_1_03737 (length 191)
prokka_CHQ_1/CHQ_1:Prokka:CHQ_1_03738 (length 336)
prokka_CHQ_1/CHQ_1:Prokka:CHQ_1_03739 (length 180)
prokka_CHQ_1/CHQ_1:Prokka:CHQ_1_03740 (length 369)
prokka_CHQ_1/CHQ_1:Prokka:CHQ_1_03741 (length 701)
prokka_CHQ_1/CHQ_1:Prokka:CHQ_1_03742 (length 635)
prokka_CHQ_1/CHQ_1:Prokka:CHQ_1_03743 (length 422)
prokka_CHQ_1/CHQ_1:Prokka:CHQ_1_03744 (length 545)
prokka_CHQ_1/CHQ_1:Prokka:CHQ_1_03745 (length 187)
prokka_CHQ_1/CHQ_1:Prokka:CHQ_1_03746 (length 172)
prokka_CHQ_1/CHQ_1:Prokka:CHQ_1_03747 (length 585)
prokka_CHQ_1/CHQ_1:Prokka:CHQ_1_03748 (length 150)
prokka_CHQ_1/CHQ_1:Prokka:CHQ_1_03749 (length 356)
prokka_CHQ_1/CHQ_1:Prokka:CHQ_1_03750 (length 169)
prokka_CHQ_1/CHQ_1:Prokka:CHQ_1_03751 (length 198)
prokka_CHQ_1/CHQ_1:Prokka:CHQ_1_03752 (length 711)
prokka_CHQ_1/CHQ_1:Prokka:CHQ_1_03753 (length 148)
prokka_CHQ_1/CHQ_1:Prokka:CHQ_1_03754 (length 684)
prokka_CHQ_1/CHQ_1:Prokka:CHQ_1_03755 (length 157)
prokka_CHQ_1/CHQ_1:Prokka:CHQ_1_03756 (length 137)
prokka_CHQ_1/CHQ_1:Prokka:CHQ_1_03757 (length 105)
prokka_CHQ_1/CHQ_1:Prokka:CHQ_1_03758 (length 400)
prokka_CHQ_1/CHQ_1:Prokka:CHQ_1_03759 (length 184)
prokka_CHQ_1/CHQ_1:Prokka:CHQ_1_03760 (length 262)
prokka_CHQ_1/CHQ_1:Prokka:CHQ_1_03761 (length 93)
prokka_CHQ_1/CHQ_1:Prokka:CHQ_1_03762 (length 109)
prokka_CHQ_1/CHQ_1:Prokka:CHQ_1_03763 (length 219)
prokka_CHQ_1/CHQ_1:Prokka:CHQ_1_03764 (length 550)
prokka_CHQ_1/CHQ_1:Prokka:CHQ_1_03766 (length 808)
prokka_CHQ_1/CHQ_1:Prokka:CHQ_1_03767 (length 113)
prokka_CHQ_1/CHQ_1:Prokka:CHQ_1_03768 (length 511)
prokka_CHQ_1/CHQ_1:Prokka:CHQ_1_03769 (length 338)
prokka_CHQ_1/CHQ_1:Prokka:CHQ_1_03770 (length 524)
prokka_CHQ_1/CHQ_1:Prokka:CHQ_1_03771 (length 342)
prokka_CHQ_1/CHQ_1:Prokka:CHQ_1_03772 (length 299)
prokka_CHQ_1/CHQ_1:Prokka:CHQ_1_03773 (length 277)
prokka_CHQ_1/CHQ_1:Prokka:CHQ_1_03774 (length 255)
prokka_CHQ_1/CHQ_1:Prokka:CHQ_1_03775 (length 113)
prokka_CHQ_1/CHQ_1:Prokka:CHQ_1_03776 (length 291)
prokka_CHQ_1/CHQ_1:Prokka:CHQ_1_03777 (length 765)
prokka_CHQ_1/CHQ_1:Prokka:CHQ_1_03778 (length 106)
prokka_CHQ_1/CHQ_1:Prokka:CHQ_1_03779 (length 358)
prokka_CHQ_1/CHQ_1:Prokka:CHQ_1_03780 (length 833)
prokka_CHQ_1/CHQ_1:Prokka:CHQ_1_03781 (length 321)
prokka_CHQ_1/CHQ_1:Prokka:CHQ_1_03782 (length 482)
prokka_CHQ_1/CHQ_1:Prokka:CHQ_1_03783 (length 374)
prokka_CHQ_1/CHQ_1:Prokka:CHQ_1_03784 (length 535)
prokka_CHQ_1/CHQ_1:Prokka:CHQ_1_03785 (length 361)
prokka_CHQ_1/CHQ_1:Prokka:CHQ_1_03786 (length 313)
prokka_CHQ_1/CHQ_1:Prokka:CHQ_1_03787 (length 426)
prokka_CHQ_1/CHQ_1:Prokka:CHQ_1_03788 (length 495)
prokka_CHQ_1/CHQ_1:Prokka:CHQ_1_03789 (length 185)
prokka_CHQ_1/CHQ_1:Prokka:CHQ_1_03790 (length 254)
prokka_CHQ_1/CHQ_1:Prokka:CHQ_1_03791 (length 473)
prokka_CHQ_1/CHQ_1:Prokka:CHQ_1_03792 (length 463)
prokka_CHQ_1/CHQ_1:Prokka:CHQ_1_03793 (length 40)
prokka_CHQ_1/CHQ_1:Prokka:CHQ_1_03794 (length 73)
prokka_CHQ_1/CHQ_1:Prokka:CHQ_1_03795 (length 262)
prokka_CHQ_1/CHQ_1:Prokka:CHQ_1_03796 (length 149)
prokka_CHQ_1/CHQ_1:Prokka:CHQ_1_03797 (length 415)
prokka_CHQ_1/CHQ_1:Prokka:CHQ_1_03798 (length 335)
prokka_CHQ_1/CHQ_1:Prokka:CHQ_1_03799 (length 100)
prokka_CHQ_1/CHQ_1:Prokka:CHQ_1_03800 (length 110)
prokka_CHQ_1/CHQ_1:Prokka:CHQ_1_03801 (length 87)
prokka_CHQ_1/CHQ_1:Prokka:CHQ_1_03802 (length 79)
prokka_CHQ_1/CHQ_1:Prokka:CHQ_1_03803 (length 92)
prokka_CHQ_1/CHQ_1:Prokka:CHQ_1_03804 (length 81)
prokka_CHQ_1/CHQ_1:Prokka:CHQ_1_03805 (length 193)
prokka_CHQ_1/CHQ_1:Prokka:CHQ_1_03806 (length 322)
prokka_CHQ_1/CHQ_1:Prokka:CHQ_1_03807 (length 57)
prokka_CHQ_1/CHQ_1:Prokka:CHQ_1_03808 (length 50)
prokka_CHQ_1/CHQ_1:Prokka:CHQ_1_03809 (length 53)
prokka_CHQ_1/CHQ_1:Prokka:CHQ_1_03810 (length 109)
prokka_CHQ_1/CHQ_1:Prokka:CHQ_1_03811 (length 882)
prokka_CHQ_1/CHQ_1:Prokka:CHQ_1_03812 (length 120)
prokka_CHQ_1/CHQ_1:Prokka:CHQ_1_03813 (length 350)
prokka_CHQ_1/CHQ_1:Prokka:CHQ_1_03814 (length 573)
prokka_CHQ_1/CHQ_1:Prokka:CHQ_1_03815 (length 277)
prokka_CHQ_1/CHQ_1:Prokka:CHQ_1_03816 (length 349)
prokka_CHQ_1/CHQ_1:Prokka:CHQ_1_03817 (length 304)
prokka_CHQ_1/CHQ_1:Prokka:CHQ_1_03818 (length 165)
prokka_CHQ_1/CHQ_1:Prokka:CHQ_1_03819 (length 66)
prokka_CHQ_1/CHQ_1:Prokka:CHQ_1_03820 (length 93)
prokka_CHQ_1/CHQ_1:Prokka:CHQ_1_03821 (length 183)
prokka_CHQ_1/CHQ_1:Prokka:CHQ_1_03822 (length 131)
prokka_CHQ_1/CHQ_1:Prokka:CHQ_1_03823 (length 152)
prokka_CHQ_1/CHQ_1:Prokka:CHQ_1_03824 (length 213)
prokka_CHQ_1/CHQ_1:Prokka:CHQ_1_03825 (length 194)
prokka_CHQ_1/CHQ_1:Prokka:CHQ_1_03826 (length 122)
prokka_CHQ_1/CHQ_1:Prokka:CHQ_1_03827 (length 299)
prokka_CHQ_1/CHQ_1:Prokka:CHQ_1_03828 (length 198)
prokka_CHQ_1/CHQ_1:Prokka:CHQ_1_03829 (length 116)
prokka_CHQ_1/CHQ_1:Prokka:CHQ_1_38 (length 1715)
prokka_CHQ_1/CHQ_1:Prokka:CHQ_1_03830 (length 233)
prokka_CHQ_1/CHQ_1:Prokka:CHQ_1_03831 (length 121)
prokka_CHQ_1/CHQ_1:Prokka:CHQ_1_39 (length 199809)
prokka_CHQ_1/CHQ_1:Prokka:CHQ_1_03833 (length 432)
prokka_CHQ_1/CHQ_1:Prokka:CHQ_1_03834 (length 107)
prokka_CHQ_1/CHQ_1:Prokka:CHQ_1_03835 (length 451)
prokka_CHQ_1/CHQ_1:Prokka:CHQ_1_03836 (length 883)
prokka_CHQ_1/CHQ_1:Prokka:CHQ_1_03837 (length 232)
prokka_CHQ_1/CHQ_1:Prokka:CHQ_1_03838 (length 141)
prokka_CHQ_1/CHQ_1:Prokka:CHQ_1_03839 (length 356)
prokka_CHQ_1/CHQ_1:Prokka:CHQ_1_03840 (length 229)
prokka_CHQ_1/CHQ_1:Prokka:CHQ_1_03841 (length 127)
prokka_CHQ_1/CHQ_1:Prokka:CHQ_1_03842 (length 443)
prokka_CHQ_1/CHQ_1:Prokka:CHQ_1_03843 (length 245)
prokka_CHQ_1/CHQ_1:Prokka:CHQ_1_03844 (length 539)
prokka_CHQ_1/CHQ_1:Prokka:CHQ_1_03845 (length 191)
prokka_CHQ_1/CHQ_1:Prokka:CHQ_1_03846 (length 216)
prokka_CHQ_1/CHQ_1:Prokka:CHQ_1_03847 (length 318)
prokka_CHQ_1/CHQ_1:Prokka:CHQ_1_03848 (length 159)
prokka_CHQ_1/CHQ_1:Prokka:CHQ_1_03849 (length 599)
prokka_CHQ_1/CHQ_1:Prokka:CHQ_1_03850 (length 324)
prokka_CHQ_1/CHQ_1:Prokka:CHQ_1_03851 (length 226)
prokka_CHQ_1/CHQ_1:Prokka:CHQ_1_03852 (length 301)
prokka_CHQ_1/CHQ_1:Prokka:CHQ_1_03853 (length 245)
prokka_CHQ_1/CHQ_1:Prokka:CHQ_1_03854 (length 243)
prokka_CHQ_1/CHQ_1:Prokka:CHQ_1_03855 (length 126)
prokka_CHQ_1/CHQ_1:Prokka:CHQ_1_03856 (length 86)
prokka_CHQ_1/CHQ_1:Prokka:CHQ_1_03857 (length 282)
prokka_CHQ_1/CHQ_1:Prokka:CHQ_1_03858 (length 203)
prokka_CHQ_1/CHQ_1:Prokka:CHQ_1_03859 (length 169)
prokka_CHQ_1/CHQ_1:Prokka:CHQ_1_03860 (length 538)
prokka_CHQ_1/CHQ_1:Prokka:CHQ_1_03861 (length 1295)
prokka_CHQ_1/CHQ_1:Prokka:CHQ_1_03862 (length 479)
prokka_CHQ_1/CHQ_1:Prokka:CHQ_1_03863 (length 228)
prokka_CHQ_1/CHQ_1:Prokka:CHQ_1_03864 (length 445)
prokka_CHQ_1/CHQ_1:Prokka:CHQ_1_03865 (length 112)
prokka_CHQ_1/CHQ_1:Prokka:CHQ_1_03866 (length 396)
prokka_CHQ_1/CHQ_1:Prokka:CHQ_1_03867 (length 417)
prokka_CHQ_1/CHQ_1:Prokka:CHQ_1_03868 (length 140)
prokka_CHQ_1/CHQ_1:Prokka:CHQ_1_03869 (length 378)
prokka_CHQ_1/CHQ_1:Prokka:CHQ_1_03870 (length 425)
prokka_CHQ_1/CHQ_1:Prokka:CHQ_1_03871 (length 212)
prokka_CHQ_1/CHQ_1:Prokka:CHQ_1_03872 (length 326)
prokka_CHQ_1/CHQ_1:Prokka:CHQ_1_03873 (length 278)
prokka_CHQ_1/CHQ_1:Prokka:CHQ_1_03874 (length 267)
prokka_CHQ_1/CHQ_1:Prokka:CHQ_1_03875 (length 244)
prokka_CHQ_1/CHQ_1:Prokka:CHQ_1_03876 (length 163)
prokka_CHQ_1/CHQ_1:Prokka:CHQ_1_03877 (length 404)
prokka_CHQ_1/CHQ_1:Prokka:CHQ_1_03878 (length 128)
prokka_CHQ_1/CHQ_1:Prokka:CHQ_1_03879 (length 107)
prokka_CHQ_1/CHQ_1:Prokka:CHQ_1_03880 (length 171)
prokka_CHQ_1/CHQ_1:Prokka:CHQ_1_03881 (length 616)
prokka_CHQ_1/CHQ_1:Prokka:CHQ_1_03882 (length 111)
prokka_CHQ_1/CHQ_1:Prokka:CHQ_1_03883 (length 66)
prokka_CHQ_1/CHQ_1:Prokka:CHQ_1_03884 (length 428)
prokka_CHQ_1/CHQ_1:Prokka:CHQ_1_03885 (length 258)
prokka_CHQ_1/CHQ_1:Prokka:CHQ_1_03886 (length 280)
prokka_CHQ_1/CHQ_1:Prokka:CHQ_1_03887 (length 165)
prokka_CHQ_1/CHQ_1:Prokka:CHQ_1_03888 (length 52)
prokka_CHQ_1/CHQ_1:Prokka:CHQ_1_03889 (length 285)
prokka_CHQ_1/CHQ_1:Prokka:CHQ_1_03890 (length 1649)
prokka_CHQ_1/CHQ_1:Prokka:CHQ_1_03891 (length 774)
prokka_CHQ_1/CHQ_1:Prokka:CHQ_1_03892 (length 143)
prokka_CHQ_1/CHQ_1:Prokka:CHQ_1_03893 (length 388)
prokka_CHQ_1/CHQ_1:Prokka:CHQ_1_03894 (length 330)
prokka_CHQ_1/CHQ_1:Prokka:CHQ_1_03895 (length 373)
prokka_CHQ_1/CHQ_1:Prokka:CHQ_1_03896 (length 424)
prokka_CHQ_1/CHQ_1:Prokka:CHQ_1_03897 (length 206)
prokka_CHQ_1/CHQ_1:Prokka:CHQ_1_03898 (length 392)
prokka_CHQ_1/CHQ_1:Prokka:CHQ_1_03899 (length 492)
prokka_CHQ_1/CHQ_1:Prokka:CHQ_1_03900 (length 359)
prokka_CHQ_1/CHQ_1:Prokka:CHQ_1_03901 (length 72)
prokka_CHQ_1/CHQ_1:Prokka:CHQ_1_03902 (length 463)
prokka_CHQ_1/CHQ_1:Prokka:CHQ_1_03903 (length 488)
prokka_CHQ_1/CHQ_1:Prokka:CHQ_1_03904 (length 525)
prokka_CHQ_1/CHQ_1:Prokka:CHQ_1_03905 (length 406)
prokka_CHQ_1/CHQ_1:Prokka:CHQ_1_03906 (length 295)
prokka_CHQ_1/CHQ_1:Prokka:CHQ_1_03907 (length 57)
prokka_CHQ_1/CHQ_1:Prokka:CHQ_1_03908 (length 742)
prokka_CHQ_1/CHQ_1:Prokka:CHQ_1_03909 (length 510)
prokka_CHQ_1/CHQ_1:Prokka:CHQ_1_03910 (length 686)
prokka_CHQ_1/CHQ_1:Prokka:CHQ_1_03911 (length 555)
prokka_CHQ_1/CHQ_1:Prokka:CHQ_1_03912 (length 365)
prokka_CHQ_1/CHQ_1:Prokka:CHQ_1_03913 (length 502)
prokka_CHQ_1/CHQ_1:Prokka:CHQ_1_03914 (length 446)
prokka_CHQ_1/CHQ_1:Prokka:CHQ_1_03915 (length 213)
prokka_CHQ_1/CHQ_1:Prokka:CHQ_1_03916 (length 345)
prokka_CHQ_1/CHQ_1:Prokka:CHQ_1_03917 (length 297)
prokka_CHQ_1/CHQ_1:Prokka:CHQ_1_03918 (length 476)
prokka_CHQ_1/CHQ_1:Prokka:CHQ_1_03919 (length 208)
prokka_CHQ_1/CHQ_1:Prokka:CHQ_1_03920 (length 428)
prokka_CHQ_1/CHQ_1:Prokka:CHQ_1_03921 (length 225)
prokka_CHQ_1/CHQ_1:Prokka:CHQ_1_03922 (length 303)
prokka_CHQ_1/CHQ_1:Prokka:CHQ_1_03923 (length 119)
prokka_CHQ_1/CHQ_1:Prokka:CHQ_1_03924 (length 487)
prokka_CHQ_1/CHQ_1:Prokka:CHQ_1_03925 (length 354)
prokka_CHQ_1/CHQ_1:Prokka:CHQ_1_03926 (length 156)
prokka_CHQ_1/CHQ_1:Prokka:CHQ_1_03927 (length 188)
prokka_CHQ_1/CHQ_1:Prokka:CHQ_1_03928 (length 292)
prokka_CHQ_1/CHQ_1:Prokka:CHQ_1_03929 (length 344)
prokka_CHQ_1/CHQ_1:Prokka:CHQ_1_03930 (length 237)
prokka_CHQ_1/CHQ_1:Prokka:CHQ_1_03931 (length 291)
prokka_CHQ_1/CHQ_1:Prokka:CHQ_1_03932 (length 667)
prokka_CHQ_1/CHQ_1:Prokka:CHQ_1_03933 (length 231)
prokka_CHQ_1/CHQ_1:Prokka:CHQ_1_03934 (length 67)
prokka_CHQ_1/CHQ_1:Prokka:CHQ_1_03935 (length 375)
prokka_CHQ_1/CHQ_1:Prokka:CHQ_1_03936 (length 117)
prokka_CHQ_1/CHQ_1:Prokka:CHQ_1_03937 (length 1037)
prokka_CHQ_1/CHQ_1:Prokka:CHQ_1_03938 (length 660)
prokka_CHQ_1/CHQ_1:Prokka:CHQ_1_03939 (length 198)
prokka_CHQ_1/CHQ_1:Prokka:CHQ_1_03940 (length 348)
prokka_CHQ_1/CHQ_1:Prokka:CHQ_1_03941 (length 664)
prokka_CHQ_1/CHQ_1:Prokka:CHQ_1_03942 (length 318)
prokka_CHQ_1/CHQ_1:Prokka:CHQ_1_03943 (length 759)
prokka_CHQ_1/CHQ_1:Prokka:CHQ_1_03944 (length 111)
prokka_CHQ_1/CHQ_1:Prokka:CHQ_1_03945 (length 159)
prokka_CHQ_1/CHQ_1:Prokka:CHQ_1_03946 (length 226)
prokka_CHQ_1/CHQ_1:Prokka:CHQ_1_03947 (length 269)
prokka_CHQ_1/CHQ_1:Prokka:CHQ_1_03948 (length 338)
prokka_CHQ_1/CHQ_1:Prokka:CHQ_1_03949 (length 96)
prokka_CHQ_1/CHQ_1:Prokka:CHQ_1_03950 (length 95)
prokka_CHQ_1/CHQ_1:Prokka:CHQ_1_03951 (length 467)
prokka_CHQ_1/CHQ_1:Prokka:CHQ_1_03952 (length 279)
prokka_CHQ_1/CHQ_1:Prokka:CHQ_1_03953 (length 395)
prokka_CHQ_1/CHQ_1:Prokka:CHQ_1_03954 (length 410)
prokka_CHQ_1/CHQ_1:Prokka:CHQ_1_03955 (length 467)
prokka_CHQ_1/CHQ_1:Prokka:CHQ_1_03956 (length 453)
prokka_CHQ_1/CHQ_1:Prokka:CHQ_1_03957 (length 299)
prokka_CHQ_1/CHQ_1:Prokka:CHQ_1_03958 (length 219)
prokka_CHQ_1/CHQ_1:Prokka:CHQ_1_03959 (length 161)
prokka_CHQ_1/CHQ_1:Prokka:CHQ_1_03960 (length 350)
prokka_CHQ_1/CHQ_1:Prokka:CHQ_1_03961 (length 299)
prokka_CHQ_1/CHQ_1:Prokka:CHQ_1_03962 (length 290)
prokka_CHQ_1/CHQ_1:Prokka:CHQ_1_03963 (length 141)
prokka_CHQ_1/CHQ_1:Prokka:CHQ_1_03964 (length 149)
prokka_CHQ_1/CHQ_1:Prokka:CHQ_1_03965 (length 191)
prokka_CHQ_1/CHQ_1:Prokka:CHQ_1_03966 (length 299)
prokka_CHQ_1/CHQ_1:Prokka:CHQ_1_03967 (length 338)
prokka_CHQ_1/CHQ_1:Prokka:CHQ_1_03968 (length 277)
prokka_CHQ_1/CHQ_1:Prokka:CHQ_1_03969 (length 291)
prokka_CHQ_1/CHQ_1:Prokka:CHQ_1_03970 (length 364)
prokka_CHQ_1/CHQ_1:Prokka:CHQ_1_03971 (length 303)
prokka_CHQ_1/CHQ_1:Prokka:CHQ_1_03972 (length 131)
prokka_CHQ_1/CHQ_1:Prokka:CHQ_1_03973 (length 432)
prokka_CHQ_1/CHQ_1:Prokka:CHQ_1_03974 (length 288)
prokka_CHQ_1/CHQ_1:Prokka:CHQ_1_03975 (length 79)
prokka_CHQ_1/CHQ_1:Prokka:CHQ_1_03976 (length 169)
prokka_CHQ_1/CHQ_1:Prokka:CHQ_1_03977 (length 575)
prokka_CHQ_1/CHQ_1:Prokka:CHQ_1_03978 (length 85)
prokka_CHQ_1/CHQ_1:Prokka:CHQ_1_03979 (length 323)
prokka_CHQ_1/CHQ_1:Prokka:CHQ_1_03980 (length 253)
prokka_CHQ_1/CHQ_1:Prokka:CHQ_1_03981 (length 353)
prokka_CHQ_1/CHQ_1:Prokka:CHQ_1_03982 (length 671)
prokka_CHQ_1/CHQ_1:Prokka:CHQ_1_03983 (length 72)
prokka_CHQ_1/CHQ_1:Prokka:CHQ_1_03984 (length 332)
prokka_CHQ_1/CHQ_1:Prokka:CHQ_1_03985 (length 308)
prokka_CHQ_1/CHQ_1:Prokka:CHQ_1_03990 (length 472)
prokka_CHQ_1/CHQ_1:Prokka:CHQ_1_03991 (length 130)
prokka_CHQ_1/CHQ_1:Prokka:CHQ_1_03992 (length 117)
prokka_CHQ_1/CHQ_1:Prokka:CHQ_1_03995 (length 723)
prokka_CHQ_1/CHQ_1:Prokka:CHQ_1_03996 (length 400)
prokka_CHQ_1/CHQ_1:Prokka:CHQ_1_03997 (length 413)
prokka_CHQ_1/CHQ_1:Prokka:CHQ_1_03998 (length 119)
prokka_CHQ_1/CHQ_1:Prokka:CHQ_1_03999 (length 330)
prokka_CHQ_1/CHQ_1:Prokka:CHQ_1_04000 (length 553)
prokka_CHQ_1/CHQ_1:Prokka:CHQ_1_04001 (length 411)
prokka_CHQ_1/CHQ_1:Prokka:CHQ_1_04002 (length 321)
prokka_CHQ_1/CHQ_1:Prokka:CHQ_1_04003 (length 245)
prokka_CHQ_1/CHQ_1:Prokka:CHQ_1_04004 (length 565)
prokka_CHQ_1/CHQ_1:Prokka:CHQ_1_04005 (length 404)
prokka_CHQ_1/CHQ_1:Prokka:CHQ_1_04006 (length 398)
prokka_CHQ_1/CHQ_1:Prokka:CHQ_1_04007 (length 152)
prokka_CHQ_1/CHQ_1:Prokka:CHQ_1_04008 (length 302)
prokka_CHQ_1/CHQ_1:Prokka:CHQ_1_04009 (length 270)
prokka_CHQ_1/CHQ_1:Prokka:CHQ_1_04010 (length 160)
prokka_CHQ_1/CHQ_1:Prokka:CHQ_1_04011 (length 96)
prokka_CHQ_1/CHQ_1:Prokka:CHQ_1_04012 (length 342)
prokka_CHQ_1/CHQ_1:Prokka:CHQ_1_04014 (length 391)
prokka_CHQ_1/CHQ_1:Prokka:CHQ_1_04015 (length 42)
prokka_CHQ_1/CHQ_1:Prokka:CHQ_1_04016 (length 212)
prokka_CHQ_1/CHQ_1:Prokka:CHQ_1_04017 (length 71)
prokka_CHQ_1/CHQ_1:Prokka:CHQ_1_04018 (length 124)
prokka_CHQ_1/CHQ_1:Prokka:CHQ_1_04019 (length 114)
prokka_CHQ_1/CHQ_1:Prokka:CHQ_1_04020 (length 44)
prokka_CHQ_1/CHQ_1:Prokka:CHQ_1_04021 (length 261)
prokka_CHQ_1/CHQ_1:Prokka:CHQ_1_04022 (length 99)
prokka_CHQ_1/CHQ_1:Prokka:CHQ_1_40 (length 302529)
prokka_CHQ_1/CHQ_1:Prokka:CHQ_1_04023 (length 257)
prokka_CHQ_1/CHQ_1:Prokka:CHQ_1_04024 (length 241)
prokka_CHQ_1/CHQ_1:Prokka:CHQ_1_04025 (length 308)
prokka_CHQ_1/CHQ_1:Prokka:CHQ_1_04026 (length 387)
prokka_CHQ_1/CHQ_1:Prokka:CHQ_1_04027 (length 281)
prokka_CHQ_1/CHQ_1:Prokka:CHQ_1_04028 (length 447)
prokka_CHQ_1/CHQ_1:Prokka:CHQ_1_04029 (length 211)
prokka_CHQ_1/CHQ_1:Prokka:CHQ_1_04030 (length 255)
prokka_CHQ_1/CHQ_1:Prokka:CHQ_1_04031 (length 263)
prokka_CHQ_1/CHQ_1:Prokka:CHQ_1_04032 (length 310)
prokka_CHQ_1/CHQ_1:Prokka:CHQ_1_04033 (length 247)
prokka_CHQ_1/CHQ_1:Prokka:CHQ_1_04034 (length 238)
prokka_CHQ_1/CHQ_1:Prokka:CHQ_1_04035 (length 498)
prokka_CHQ_1/CHQ_1:Prokka:CHQ_1_04036 (length 436)
prokka_CHQ_1/CHQ_1:Prokka:CHQ_1_04037 (length 316)
prokka_CHQ_1/CHQ_1:Prokka:CHQ_1_04038 (length 430)
prokka_CHQ_1/CHQ_1:Prokka:CHQ_1_04039 (length 350)
prokka_CHQ_1/CHQ_1:Prokka:CHQ_1_04040 (length 307)
prokka_CHQ_1/CHQ_1:Prokka:CHQ_1_04041 (length 390)
prokka_CHQ_1/CHQ_1:Prokka:CHQ_1_04042 (length 368)
prokka_CHQ_1/CHQ_1:Prokka:CHQ_1_04043 (length 314)
prokka_CHQ_1/CHQ_1:Prokka:CHQ_1_04044 (length 373)
prokka_CHQ_1/CHQ_1:Prokka:CHQ_1_04045 (length 231)
prokka_CHQ_1/CHQ_1:Prokka:CHQ_1_04046 (length 242)
prokka_CHQ_1/CHQ_1:Prokka:CHQ_1_04047 (length 246)
prokka_CHQ_1/CHQ_1:Prokka:CHQ_1_04048 (length 311)
prokka_CHQ_1/CHQ_1:Prokka:CHQ_1_04049 (length 460)
prokka_CHQ_1/CHQ_1:Prokka:CHQ_1_04050 (length 490)
prokka_CHQ_1/CHQ_1:Prokka:CHQ_1_04051 (length 293)
prokka_CHQ_1/CHQ_1:Prokka:CHQ_1_04052 (length 396)
prokka_CHQ_1/CHQ_1:Prokka:CHQ_1_04053 (length 447)
prokka_CHQ_1/CHQ_1:Prokka:CHQ_1_04054 (length 239)
prokka_CHQ_1/CHQ_1:Prokka:CHQ_1_04055 (length 330)
prokka_CHQ_1/CHQ_1:Prokka:CHQ_1_04056 (length 339)
prokka_CHQ_1/CHQ_1:Prokka:CHQ_1_04057 (length 308)
prokka_CHQ_1/CHQ_1:Prokka:CHQ_1_04058 (length 251)
prokka_CHQ_1/CHQ_1:Prokka:CHQ_1_04059 (length 92)
prokka_CHQ_1/CHQ_1:Prokka:CHQ_1_04060 (length 380)
prokka_CHQ_1/CHQ_1:Prokka:CHQ_1_04061 (length 761)
prokka_CHQ_1/CHQ_1:Prokka:CHQ_1_04062 (length 245)
prokka_CHQ_1/CHQ_1:Prokka:CHQ_1_04063 (length 636)
prokka_CHQ_1/CHQ_1:Prokka:CHQ_1_04064 (length 210)
prokka_CHQ_1/CHQ_1:Prokka:CHQ_1_04065 (length 725)
prokka_CHQ_1/CHQ_1:Prokka:CHQ_1_04066 (length 353)
prokka_CHQ_1/CHQ_1:Prokka:CHQ_1_04067 (length 226)
prokka_CHQ_1/CHQ_1:Prokka:CHQ_1_04068 (length 468)
prokka_CHQ_1/CHQ_1:Prokka:CHQ_1_04069 (length 293)
prokka_CHQ_1/CHQ_1:Prokka:CHQ_1_04070 (length 766)
prokka_CHQ_1/CHQ_1:Prokka:CHQ_1_04071 (length 305)
prokka_CHQ_1/CHQ_1:Prokka:CHQ_1_04072 (length 313)
prokka_CHQ_1/CHQ_1:Prokka:CHQ_1_04073 (length 228)
prokka_CHQ_1/CHQ_1:Prokka:CHQ_1_04074 (length 289)
prokka_CHQ_1/CHQ_1:Prokka:CHQ_1_04075 (length 143)
prokka_CHQ_1/CHQ_1:Prokka:CHQ_1_04076 (length 48)
prokka_CHQ_1/CHQ_1:Prokka:CHQ_1_04077 (length 134)
prokka_CHQ_1/CHQ_1:Prokka:CHQ_1_04078 (length 167)
prokka_CHQ_1/CHQ_1:Prokka:CHQ_1_04079 (length 148)
prokka_CHQ_1/CHQ_1:Prokka:CHQ_1_04080 (length 31)
prokka_CHQ_1/CHQ_1:Prokka:CHQ_1_04081 (length 331)
prokka_CHQ_1/CHQ_1:Prokka:CHQ_1_04082 (length 541)
prokka_CHQ_1/CHQ_1:Prokka:CHQ_1_04083 (length 57)
prokka_CHQ_1/CHQ_1:Prokka:CHQ_1_04084 (length 168)
prokka_CHQ_1/CHQ_1:Prokka:CHQ_1_04085 (length 71)
prokka_CHQ_1/CHQ_1:Prokka:CHQ_1_04086 (length 304)
prokka_CHQ_1/CHQ_1:Prokka:CHQ_1_04087 (length 81)
prokka_CHQ_1/CHQ_1:Prokka:CHQ_1_04088 (length 297)
prokka_CHQ_1/CHQ_1:Prokka:CHQ_1_04089 (length 283)
prokka_CHQ_1/CHQ_1:Prokka:CHQ_1_04090 (length 46)
prokka_CHQ_1/CHQ_1:Prokka:CHQ_1_04091 (length 565)
prokka_CHQ_1/CHQ_1:Prokka:CHQ_1_04092 (length 235)
prokka_CHQ_1/CHQ_1:Prokka:CHQ_1_04093 (length 228)
prokka_CHQ_1/CHQ_1:Prokka:CHQ_1_04094 (length 570)
prokka_CHQ_1/CHQ_1:Prokka:CHQ_1_04095 (length 317)
prokka_CHQ_1/CHQ_1:Prokka:CHQ_1_04096 (length 199)
prokka_CHQ_1/CHQ_1:Prokka:CHQ_1_04097 (length 336)
prokka_CHQ_1/CHQ_1:Prokka:CHQ_1_04098 (length 540)
prokka_CHQ_1/CHQ_1:Prokka:CHQ_1_04099 (length 314)
prokka_CHQ_1/CHQ_1:Prokka:CHQ_1_04100 (length 282)
prokka_CHQ_1/CHQ_1:Prokka:CHQ_1_04101 (length 538)
prokka_CHQ_1/CHQ_1:Prokka:CHQ_1_04102 (length 328)
prokka_CHQ_1/CHQ_1:Prokka:CHQ_1_04103 (length 363)
prokka_CHQ_1/CHQ_1:Prokka:CHQ_1_04104 (length 384)
prokka_CHQ_1/CHQ_1:Prokka:CHQ_1_04105 (length 145)
prokka_CHQ_1/CHQ_1:Prokka:CHQ_1_04106 (length 272)
prokka_CHQ_1/CHQ_1:Prokka:CHQ_1_04107 (length 218)
prokka_CHQ_1/CHQ_1:Prokka:CHQ_1_04108 (length 294)
prokka_CHQ_1/CHQ_1:Prokka:CHQ_1_04109 (length 803)
prokka_CHQ_1/CHQ_1:Prokka:CHQ_1_04110 (length 195)
prokka_CHQ_1/CHQ_1:Prokka:CHQ_1_04111 (length 292)
prokka_CHQ_1/CHQ_1:Prokka:CHQ_1_04112 (length 257)
prokka_CHQ_1/CHQ_1:Prokka:CHQ_1_04113 (length 338)
prokka_CHQ_1/CHQ_1:Prokka:CHQ_1_04114 (length 161)
prokka_CHQ_1/CHQ_1:Prokka:CHQ_1_04115 (length 460)
prokka_CHQ_1/CHQ_1:Prokka:CHQ_1_04116 (length 308)
prokka_CHQ_1/CHQ_1:Prokka:CHQ_1_04117 (length 96)
prokka_CHQ_1/CHQ_1:Prokka:CHQ_1_04118 (length 372)
prokka_CHQ_1/CHQ_1:Prokka:CHQ_1_04119 (length 265)
prokka_CHQ_1/CHQ_1:Prokka:CHQ_1_04120 (length 499)
prokka_CHQ_1/CHQ_1:Prokka:CHQ_1_04121 (length 178)
prokka_CHQ_1/CHQ_1:Prokka:CHQ_1_04122 (length 460)
prokka_CHQ_1/CHQ_1:Prokka:CHQ_1_04123 (length 1246)
prokka_CHQ_1/CHQ_1:Prokka:CHQ_1_04124 (length 514)
prokka_CHQ_1/CHQ_1:Prokka:CHQ_1_04125 (length 231)
prokka_CHQ_1/CHQ_1:Prokka:CHQ_1_04126 (length 226)
prokka_CHQ_1/CHQ_1:Prokka:CHQ_1_04127 (length 281)
prokka_CHQ_1/CHQ_1:Prokka:CHQ_1_04128 (length 551)
prokka_CHQ_1/CHQ_1:Prokka:CHQ_1_04129 (length 322)
prokka_CHQ_1/CHQ_1:Prokka:CHQ_1_04130 (length 233)
prokka_CHQ_1/CHQ_1:Prokka:CHQ_1_04131 (length 193)
prokka_CHQ_1/CHQ_1:Prokka:CHQ_1_04132 (length 274)
prokka_CHQ_1/CHQ_1:Prokka:CHQ_1_04133 (length 522)
prokka_CHQ_1/CHQ_1:Prokka:CHQ_1_04134 (length 460)
prokka_CHQ_1/CHQ_1:Prokka:CHQ_1_04135 (length 538)
prokka_CHQ_1/CHQ_1:Prokka:CHQ_1_04136 (length 75)
prokka_CHQ_1/CHQ_1:Prokka:CHQ_1_04137 (length 205)
prokka_CHQ_1/CHQ_1:Prokka:CHQ_1_04138 (length 297)
prokka_CHQ_1/CHQ_1:Prokka:CHQ_1_04139 (length 259)
prokka_CHQ_1/CHQ_1:Prokka:CHQ_1_04140 (length 308)
prokka_CHQ_1/CHQ_1:Prokka:CHQ_1_04141 (length 169)
prokka_CHQ_1/CHQ_1:Prokka:CHQ_1_04142 (length 310)
prokka_CHQ_1/CHQ_1:Prokka:CHQ_1_04143 (length 437)
prokka_CHQ_1/CHQ_1:Prokka:CHQ_1_04144 (length 373)
prokka_CHQ_1/CHQ_1:Prokka:CHQ_1_04145 (length 335)
prokka_CHQ_1/CHQ_1:Prokka:CHQ_1_04146 (length 183)
prokka_CHQ_1/CHQ_1:Prokka:CHQ_1_04147 (length 130)
prokka_CHQ_1/CHQ_1:Prokka:CHQ_1_04148 (length 301)
prokka_CHQ_1/CHQ_1:Prokka:CHQ_1_04149 (length 484)
prokka_CHQ_1/CHQ_1:Prokka:CHQ_1_04150 (length 73)
prokka_CHQ_1/CHQ_1:Prokka:CHQ_1_04151 (length 353)
prokka_CHQ_1/CHQ_1:Prokka:CHQ_1_04152 (length 701)
prokka_CHQ_1/CHQ_1:Prokka:CHQ_1_04153 (length 99)
prokka_CHQ_1/CHQ_1:Prokka:CHQ_1_04154 (length 311)
prokka_CHQ_1/CHQ_1:Prokka:CHQ_1_04155 (length 345)
prokka_CHQ_1/CHQ_1:Prokka:CHQ_1_04156 (length 193)
prokka_CHQ_1/CHQ_1:Prokka:CHQ_1_04157 (length 172)
prokka_CHQ_1/CHQ_1:Prokka:CHQ_1_04158 (length 149)
prokka_CHQ_1/CHQ_1:Prokka:CHQ_1_04159 (length 77)
prokka_CHQ_1/CHQ_1:Prokka:CHQ_1_04160 (length 532)
prokka_CHQ_1/CHQ_1:Prokka:CHQ_1_04161 (length 477)
prokka_CHQ_1/CHQ_1:Prokka:CHQ_1_04162 (length 249)
prokka_CHQ_1/CHQ_1:Prokka:CHQ_1_04163 (length 57)
prokka_CHQ_1/CHQ_1:Prokka:CHQ_1_04164 (length 30)
prokka_CHQ_1/CHQ_1:Prokka:CHQ_1_04165 (length 83)
prokka_CHQ_1/CHQ_1:Prokka:CHQ_1_04166 (length 40)
prokka_CHQ_1/CHQ_1:Prokka:CHQ_1_04167 (length 475)
prokka_CHQ_1/CHQ_1:Prokka:CHQ_1_04168 (length 268)
prokka_CHQ_1/CHQ_1:Prokka:CHQ_1_04169 (length 309)
prokka_CHQ_1/CHQ_1:Prokka:CHQ_1_04170 (length 337)
prokka_CHQ_1/CHQ_1:Prokka:CHQ_1_04171 (length 381)
prokka_CHQ_1/CHQ_1:Prokka:CHQ_1_04172 (length 470)
prokka_CHQ_1/CHQ_1:Prokka:CHQ_1_04173 (length 465)
prokka_CHQ_1/CHQ_1:Prokka:CHQ_1_04174 (length 336)
prokka_CHQ_1/CHQ_1:Prokka:CHQ_1_04175 (length 41)
prokka_CHQ_1/CHQ_1:Prokka:CHQ_1_04176 (length 94)
prokka_CHQ_1/CHQ_1:Prokka:CHQ_1_04177 (length 77)
prokka_CHQ_1/CHQ_1:Prokka:CHQ_1_04178 (length 653)
prokka_CHQ_1/CHQ_1:Prokka:CHQ_1_04179 (length 189)
prokka_CHQ_1/CHQ_1:Prokka:CHQ_1_04180 (length 388)
prokka_CHQ_1/CHQ_1:Prokka:CHQ_1_04181 (length 289)
prokka_CHQ_1/CHQ_1:Prokka:CHQ_1_04182 (length 298)
prokka_CHQ_1/CHQ_1:Prokka:CHQ_1_04183 (length 222)
prokka_CHQ_1/CHQ_1:Prokka:CHQ_1_04184 (length 198)
prokka_CHQ_1/CHQ_1:Prokka:CHQ_1_04185 (length 334)
prokka_CHQ_1/CHQ_1:Prokka:CHQ_1_04186 (length 326)
prokka_CHQ_1/CHQ_1:Prokka:CHQ_1_04187 (length 192)
prokka_CHQ_1/CHQ_1:Prokka:CHQ_1_04188 (length 551)
prokka_CHQ_1/CHQ_1:Prokka:CHQ_1_04189 (length 501)
prokka_CHQ_1/CHQ_1:Prokka:CHQ_1_04190 (length 447)
prokka_CHQ_1/CHQ_1:Prokka:CHQ_1_04191 (length 246)
prokka_CHQ_1/CHQ_1:Prokka:CHQ_1_04192 (length 206)
prokka_CHQ_1/CHQ_1:Prokka:CHQ_1_04193 (length 307)
prokka_CHQ_1/CHQ_1:Prokka:CHQ_1_04194 (length 790)
prokka_CHQ_1/CHQ_1:Prokka:CHQ_1_04195 (length 372)
prokka_CHQ_1/CHQ_1:Prokka:CHQ_1_04196 (length 91)
prokka_CHQ_1/CHQ_1:Prokka:CHQ_1_04197 (length 175)
prokka_CHQ_1/CHQ_1:Prokka:CHQ_1_04198 (length 122)
prokka_CHQ_1/CHQ_1:Prokka:CHQ_1_04199 (length 61)
prokka_CHQ_1/CHQ_1:Prokka:CHQ_1_04200 (length 154)
prokka_CHQ_1/CHQ_1:Prokka:CHQ_1_04201 (length 405)
prokka_CHQ_1/CHQ_1:Prokka:CHQ_1_04202 (length 333)
prokka_CHQ_1/CHQ_1:Prokka:CHQ_1_04203 (length 346)
prokka_CHQ_1/CHQ_1:Prokka:CHQ_1_04204 (length 456)
prokka_CHQ_1/CHQ_1:Prokka:CHQ_1_04205 (length 71)
prokka_CHQ_1/CHQ_1:Prokka:CHQ_1_04206 (length 146)
prokka_CHQ_1/CHQ_1:Prokka:CHQ_1_04207 (length 193)
prokka_CHQ_1/CHQ_1:Prokka:CHQ_1_04208 (length 192)
prokka_CHQ_1/CHQ_1:Prokka:CHQ_1_04209 (length 719)
prokka_CHQ_1/CHQ_1:Prokka:CHQ_1_04210 (length 350)
prokka_CHQ_1/CHQ_1:Prokka:CHQ_1_04211 (length 207)
prokka_CHQ_1/CHQ_1:Prokka:CHQ_1_04212 (length 232)
prokka_CHQ_1/CHQ_1:Prokka:CHQ_1_04213 (length 211)
prokka_CHQ_1/CHQ_1:Prokka:CHQ_1_04214 (length 501)
prokka_CHQ_1/CHQ_1:Prokka:CHQ_1_04215 (length 201)
prokka_CHQ_1/CHQ_1:Prokka:CHQ_1_04216 (length 286)
prokka_CHQ_1/CHQ_1:Prokka:CHQ_1_04217 (length 424)
prokka_CHQ_1/CHQ_1:Prokka:CHQ_1_04218 (length 220)
prokka_CHQ_1/CHQ_1:Prokka:CHQ_1_04219 (length 119)
prokka_CHQ_1/CHQ_1:Prokka:CHQ_1_04220 (length 374)
prokka_CHQ_1/CHQ_1:Prokka:CHQ_1_04221 (length 155)
prokka_CHQ_1/CHQ_1:Prokka:CHQ_1_04222 (length 453)
prokka_CHQ_1/CHQ_1:Prokka:CHQ_1_04223 (length 144)
prokka_CHQ_1/CHQ_1:Prokka:CHQ_1_04224 (length 78)
prokka_CHQ_1/CHQ_1:Prokka:CHQ_1_04225 (length 298)
prokka_CHQ_1/CHQ_1:Prokka:CHQ_1_04226 (length 674)
prokka_CHQ_1/CHQ_1:Prokka:CHQ_1_04227 (length 173)
prokka_CHQ_1/CHQ_1:Prokka:CHQ_1_04228 (length 298)
prokka_CHQ_1/CHQ_1:Prokka:CHQ_1_04229 (length 79)
prokka_CHQ_1/CHQ_1:Prokka:CHQ_1_04230 (length 199)
prokka_CHQ_1/CHQ_1:Prokka:CHQ_1_04231 (length 365)
prokka_CHQ_1/CHQ_1:Prokka:CHQ_1_04232 (length 135)
prokka_CHQ_1/CHQ_1:Prokka:CHQ_1_04233 (length 215)
prokka_CHQ_1/CHQ_1:Prokka:CHQ_1_04234 (length 115)
prokka_CHQ_1/CHQ_1:Prokka:CHQ_1_04235 (length 290)
prokka_CHQ_1/CHQ_1:Prokka:CHQ_1_04236 (length 161)
prokka_CHQ_1/CHQ_1:Prokka:CHQ_1_04237 (length 193)
prokka_CHQ_1/CHQ_1:Prokka:CHQ_1_04238 (length 389)
prokka_CHQ_1/CHQ_1:Prokka:CHQ_1_04239 (length 30)
prokka_CHQ_1/CHQ_1:Prokka:CHQ_1_04240 (length 341)
prokka_CHQ_1/CHQ_1:Prokka:CHQ_1_04241 (length 303)
prokka_CHQ_1/CHQ_1:Prokka:CHQ_1_04242 (length 393)
prokka_CHQ_1/CHQ_1:Prokka:CHQ_1_04243 (length 382)
prokka_CHQ_1/CHQ_1:Prokka:CHQ_1_04244 (length 211)
prokka_CHQ_1/CHQ_1:Prokka:CHQ_1_04245 (length 457)
prokka_CHQ_1/CHQ_1:Prokka:CHQ_1_04246 (length 116)
prokka_CHQ_1/CHQ_1:Prokka:CHQ_1_04247 (length 192)
prokka_CHQ_1/CHQ_1:Prokka:CHQ_1_04251 (length 250)
prokka_CHQ_1/CHQ_1:Prokka:CHQ_1_04252 (length 306)
prokka_CHQ_1/CHQ_1:Prokka:CHQ_1_04253 (length 294)
prokka_CHQ_1/CHQ_1:Prokka:CHQ_1_04254 (length 171)
prokka_CHQ_1/CHQ_1:Prokka:CHQ_1_04255 (length 278)
prokka_CHQ_1/CHQ_1:Prokka:CHQ_1_04256 (length 49)
prokka_CHQ_1/CHQ_1:Prokka:CHQ_1_04257 (length 144)
prokka_CHQ_1/CHQ_1:Prokka:CHQ_1_04258 (length 238)
prokka_CHQ_1/CHQ_1:Prokka:CHQ_1_04259 (length 69)
prokka_CHQ_1/CHQ_1:Prokka:CHQ_1_04260 (length 338)
prokka_CHQ_1/CHQ_1:Prokka:CHQ_1_04261 (length 211)
prokka_CHQ_1/CHQ_1:Prokka:CHQ_1_04262 (length 209)
prokka_CHQ_1/CHQ_1:Prokka:CHQ_1_04263 (length 256)
prokka_CHQ_1/CHQ_1:Prokka:CHQ_1_04264 (length 127)
prokka_CHQ_1/CHQ_1:Prokka:CHQ_1_04265 (length 227)
prokka_CHQ_1/CHQ_1:Prokka:CHQ_1_04266 (length 408)
prokka_CHQ_1/CHQ_1:Prokka:CHQ_1_04267 (length 224)
prokka_CHQ_1/CHQ_1:Prokka:CHQ_1_04268 (length 258)
prokka_CHQ_1/CHQ_1:Prokka:CHQ_1_04269 (length 347)
prokka_CHQ_1/CHQ_1:Prokka:CHQ_1_04270 (length 567)
prokka_CHQ_1/CHQ_1:Prokka:CHQ_1_04271 (length 319)
prokka_CHQ_1/CHQ_1:Prokka:CHQ_1_04272 (length 315)
prokka_CHQ_1/CHQ_1:Prokka:CHQ_1_04273 (length 326)
prokka_CHQ_1/CHQ_1:Prokka:CHQ_1_04274 (length 323)
prokka_CHQ_1/CHQ_1:Prokka:CHQ_1_04275 (length 175)
prokka_CHQ_1/CHQ_1:Prokka:CHQ_1_04276 (length 162)
prokka_CHQ_1/CHQ_1:Prokka:CHQ_1_04277 (length 357)
prokka_CHQ_1/CHQ_1:Prokka:CHQ_1_04278 (length 510)
prokka_CHQ_1/CHQ_1:Prokka:CHQ_1_04279 (length 305)
prokka_CHQ_1/CHQ_1:Prokka:CHQ_1_04280 (length 508)
prokka_CHQ_1/CHQ_1:Prokka:CHQ_1_04281 (length 256)
prokka_CHQ_1/CHQ_1:Prokka:CHQ_1_04282 (length 343)
prokka_CHQ_1/CHQ_1:Prokka:CHQ_1_04283 (length 445)
prokka_CHQ_1/CHQ_1:Prokka:CHQ_1_04284 (length 260)
prokka_CHQ_1/CHQ_1:Prokka:CHQ_1_04285 (length 329)
prokka_CHQ_1/CHQ_1:Prokka:CHQ_1_04286 (length 472)
prokka_CHQ_1/CHQ_1:Prokka:CHQ_1_04287 (length 329)
prokka_CHQ_1/CHQ_1:Prokka:CHQ_1_04288 (length 299)
prokka_CHQ_1/CHQ_1:Prokka:CHQ_1_04289 (length 322)
prokka_CHQ_1/CHQ_1:Prokka:CHQ_1_04290 (length 427)
prokka_CHQ_1/CHQ_1:Prokka:CHQ_1_04291 (length 160)
prokka_CHQ_1/CHQ_1:Prokka:CHQ_1_04292 (length 293)
prokka_CHQ_1/CHQ_1:Prokka:CHQ_1_04293 (length 327)
prokka_CHQ_1/CHQ_1:Prokka:CHQ_1_04294 (length 276)
prokka_CHQ_1/CHQ_1:Prokka:CHQ_1_04295 (length 271)
prokka_CHQ_1/CHQ_1:Prokka:CHQ_1_04296 (length 472)
prokka_CHQ_1/CHQ_1:Prokka:CHQ_1_04297 (length 454)
prokka_CHQ_1/CHQ_1:Prokka:CHQ_1_04298 (length 160)
prokka_CHQ_1/CHQ_1:Prokka:CHQ_1_04299 (length 455)
prokka_CHQ_1/CHQ_1:Prokka:CHQ_1_04300 (length 319)
prokka_CHQ_1/CHQ_1:Prokka:CHQ_1_04301 (length 392)
prokka_CHQ_1/CHQ_1:Prokka:CHQ_1_04302 (length 78)
prokka_CHQ_1/CHQ_1:Prokka:CHQ_1_04303 (length 153)
prokka_CHQ_1/CHQ_1:Prokka:CHQ_1_04304 (length 405)
prokka_CHQ_1/CHQ_1:Prokka:CHQ_1_04305 (length 302)
prokka_CHQ_1/CHQ_1:Prokka:CHQ_1_04306 (length 46)
prokka_CHQ_1/CHQ_1:Prokka:CHQ_1_04307 (length 296)
prokka_CHQ_1/CHQ_1:Prokka:CHQ_1_04308 (length 235)
prokka_CHQ_1/CHQ_1:Prokka:CHQ_1_04309 (length 218)
prokka_CHQ_1/CHQ_1:Prokka:CHQ_1_04310 (length 393)
prokka_CHQ_1/CHQ_1:Prokka:CHQ_1_04311 (length 307)
prokka_CHQ_1/CHQ_1:Prokka:CHQ_1_04312 (length 463)
prokka_CHQ_1/CHQ_1:Prokka:CHQ_1_04313 (length 256)
prokka_CHQ_1/CHQ_1:Prokka:CHQ_1_04314 (length 290)
prokka_CHQ_1/CHQ_1:Prokka:CHQ_1_04315 (length 259)
prokka_CHQ_1/CHQ_1:Prokka:CHQ_1_04316 (length 559)
prokka_CHQ_1/CHQ_1:Prokka:CHQ_1_04317 (length 256)
prokka_CHQ_1/CHQ_1:Prokka:CHQ_1_41 (length 4871)
prokka_CHQ_1/CHQ_1:Prokka:CHQ_1_04322 (length 308)
prokka_CHQ_1/CHQ_1:Prokka:CHQ_1_04323 (length 320)
prokka_CHQ_1/CHQ_1:Prokka:CHQ_1_04324 (length 342)
prokka_CHQ_1/CHQ_1:Prokka:CHQ_1_42 (length 89278)
prokka_CHQ_1/CHQ_1:Prokka:CHQ_1_04326 (length 221)
prokka_CHQ_1/CHQ_1:Prokka:CHQ_1_04327 (length 289)
prokka_CHQ_1/CHQ_1:Prokka:CHQ_1_04328 (length 153)
prokka_CHQ_1/CHQ_1:Prokka:CHQ_1_04329 (length 350)
prokka_CHQ_1/CHQ_1:Prokka:CHQ_1_04330 (length 367)
prokka_CHQ_1/CHQ_1:Prokka:CHQ_1_04331 (length 417)
prokka_CHQ_1/CHQ_1:Prokka:CHQ_1_04333 (length 204)
prokka_CHQ_1/CHQ_1:Prokka:CHQ_1_04334 (length 147)
prokka_CHQ_1/CHQ_1:Prokka:CHQ_1_04335 (length 266)
prokka_CHQ_1/CHQ_1:Prokka:CHQ_1_04336 (length 166)
prokka_CHQ_1/CHQ_1:Prokka:CHQ_1_04337 (length 315)
prokka_CHQ_1/CHQ_1:Prokka:CHQ_1_04338 (length 167)
prokka_CHQ_1/CHQ_1:Prokka:CHQ_1_04339 (length 174)
prokka_CHQ_1/CHQ_1:Prokka:CHQ_1_04340 (length 877)
prokka_CHQ_1/CHQ_1:Prokka:CHQ_1_04341 (length 236)
prokka_CHQ_1/CHQ_1:Prokka:CHQ_1_04342 (length 180)
prokka_CHQ_1/CHQ_1:Prokka:CHQ_1_04343 (length 190)
prokka_CHQ_1/CHQ_1:Prokka:CHQ_1_04344 (length 37)
prokka_CHQ_1/CHQ_1:Prokka:CHQ_1_04345 (length 921)
prokka_CHQ_1/CHQ_1:Prokka:CHQ_1_04346 (length 319)
prokka_CHQ_1/CHQ_1:Prokka:CHQ_1_04347 (length 339)
prokka_CHQ_1/CHQ_1:Prokka:CHQ_1_04348 (length 511)
prokka_CHQ_1/CHQ_1:Prokka:CHQ_1_04349 (length 465)
prokka_CHQ_1/CHQ_1:Prokka:CHQ_1_04350 (length 83)
prokka_CHQ_1/CHQ_1:Prokka:CHQ_1_04351 (length 263)
prokka_CHQ_1/CHQ_1:Prokka:CHQ_1_04352 (length 183)
prokka_CHQ_1/CHQ_1:Prokka:CHQ_1_04353 (length 512)
prokka_CHQ_1/CHQ_1:Prokka:CHQ_1_04354 (length 253)
prokka_CHQ_1/CHQ_1:Prokka:CHQ_1_04355 (length 331)
prokka_CHQ_1/CHQ_1:Prokka:CHQ_1_04356 (length 420)
prokka_CHQ_1/CHQ_1:Prokka:CHQ_1_04357 (length 212)
prokka_CHQ_1/CHQ_1:Prokka:CHQ_1_04358 (length 249)
prokka_CHQ_1/CHQ_1:Prokka:CHQ_1_04359 (length 85)
prokka_CHQ_1/CHQ_1:Prokka:CHQ_1_04360 (length 325)
prokka_CHQ_1/CHQ_1:Prokka:CHQ_1_04361 (length 422)
prokka_CHQ_1/CHQ_1:Prokka:CHQ_1_04362 (length 482)
prokka_CHQ_1/CHQ_1:Prokka:CHQ_1_04363 (length 427)
prokka_CHQ_1/CHQ_1:Prokka:CHQ_1_04364 (length 466)
prokka_CHQ_1/CHQ_1:Prokka:CHQ_1_04365 (length 230)
prokka_CHQ_1/CHQ_1:Prokka:CHQ_1_04366 (length 467)
prokka_CHQ_1/CHQ_1:Prokka:CHQ_1_04367 (length 428)
prokka_CHQ_1/CHQ_1:Prokka:CHQ_1_04368 (length 184)
prokka_CHQ_1/CHQ_1:Prokka:CHQ_1_04369 (length 695)
prokka_CHQ_1/CHQ_1:Prokka:CHQ_1_04370 (length 405)
prokka_CHQ_1/CHQ_1:Prokka:CHQ_1_04371 (length 460)
prokka_CHQ_1/CHQ_1:Prokka:CHQ_1_04372 (length 341)
prokka_CHQ_1/CHQ_1:Prokka:CHQ_1_04373 (length 404)
prokka_CHQ_1/CHQ_1:Prokka:CHQ_1_04374 (length 366)
prokka_CHQ_1/CHQ_1:Prokka:CHQ_1_04375 (length 137)
prokka_CHQ_1/CHQ_1:Prokka:CHQ_1_04376 (length 441)
prokka_CHQ_1/CHQ_1:Prokka:CHQ_1_04377 (length 173)
prokka_CHQ_1/CHQ_1:Prokka:CHQ_1_04378 (length 132)
prokka_CHQ_1/CHQ_1:Prokka:CHQ_1_04379 (length 414)
prokka_CHQ_1/CHQ_1:Prokka:CHQ_1_04380 (length 152)
prokka_CHQ_1/CHQ_1:Prokka:CHQ_1_04381 (length 485)
prokka_CHQ_1/CHQ_1:Prokka:CHQ_1_04382 (length 148)
prokka_CHQ_1/CHQ_1:Prokka:CHQ_1_04383 (length 362)
prokka_CHQ_1/CHQ_1:Prokka:CHQ_1_04384 (length 286)
prokka_CHQ_1/CHQ_1:Prokka:CHQ_1_04385 (length 71)
prokka_CHQ_1/CHQ_1:Prokka:CHQ_1_04386 (length 407)
prokka_CHQ_1/CHQ_1:Prokka:CHQ_1_04387 (length 198)
prokka_CHQ_1/CHQ_1:Prokka:CHQ_1_04388 (length 212)
prokka_CHQ_1/CHQ_1:Prokka:CHQ_1_04389 (length 264)
prokka_CHQ_1/CHQ_1:Prokka:CHQ_1_04390 (length 412)
prokka_CHQ_1/CHQ_1:Prokka:CHQ_1_04391 (length 447)
prokka_CHQ_1/CHQ_1:Prokka:CHQ_1_04392 (length 246)
prokka_CHQ_1/CHQ_1:Prokka:CHQ_1_04393 (length 255)
prokka_CHQ_1/CHQ_1:Prokka:CHQ_1_04394 (length 193)
prokka_CHQ_1/CHQ_1:Prokka:CHQ_1_04395 (length 814)
prokka_CHQ_1/CHQ_1:Prokka:CHQ_1_04396 (length 256)
prokka_CHQ_1/CHQ_1:Prokka:CHQ_1_04397 (length 366)
prokka_CHQ_1/CHQ_1:Prokka:CHQ_1_04398 (length 196)
prokka_CHQ_1/CHQ_1:Prokka:CHQ_1_04399 (length 293)
prokka_CHQ_1/CHQ_1:Prokka:CHQ_1_04401 (length 246)
prokka_CHQ_1/CHQ_1:Prokka:CHQ_1_04402 (length 155)
prokka_CHQ_1/CHQ_1:Prokka:CHQ_1_04403 (length 240)
prokka_CHQ_1/CHQ_1:Prokka:CHQ_1_04404 (length 251)
prokka_CHQ_1/CHQ_1:Prokka:CHQ_1_04405 (length 384)
prokka_CHQ_1/CHQ_1:Prokka:CHQ_1_04406 (length 256)
prokka_CHQ_1/CHQ_1:Prokka:CHQ_1_04407 (length 268)
prokka_CHQ_1/CHQ_1:Prokka:CHQ_1_04408 (length 396)
prokka_CHQ_1/CHQ_1:Prokka:CHQ_1_04409 (length 301)
prokka_CHQ_1/CHQ_1:Prokka:CHQ_1_04410 (length 267)
prokka_CHQ_1/CHQ_1:Prokka:CHQ_1_43 (length 289664)
prokka_CHQ_1/CHQ_1:Prokka:CHQ_1_04412 (length 129)
prokka_CHQ_1/CHQ_1:Prokka:CHQ_1_04413 (length 255)
prokka_CHQ_1/CHQ_1:Prokka:CHQ_1_04414 (length 450)
prokka_CHQ_1/CHQ_1:Prokka:CHQ_1_04415 (length 400)
prokka_CHQ_1/CHQ_1:Prokka:CHQ_1_04416 (length 218)
prokka_CHQ_1/CHQ_1:Prokka:CHQ_1_04417 (length 228)
prokka_CHQ_1/CHQ_1:Prokka:CHQ_1_04418 (length 268)
prokka_CHQ_1/CHQ_1:Prokka:CHQ_1_04419 (length 187)
prokka_CHQ_1/CHQ_1:Prokka:CHQ_1_04420 (length 302)
prokka_CHQ_1/CHQ_1:Prokka:CHQ_1_04421 (length 436)
prokka_CHQ_1/CHQ_1:Prokka:CHQ_1_04422 (length 481)
prokka_CHQ_1/CHQ_1:Prokka:CHQ_1_04423 (length 508)
prokka_CHQ_1/CHQ_1:Prokka:CHQ_1_04424 (length 52)
prokka_CHQ_1/CHQ_1:Prokka:CHQ_1_04425 (length 171)
prokka_CHQ_1/CHQ_1:Prokka:CHQ_1_04426 (length 250)
prokka_CHQ_1/CHQ_1:Prokka:CHQ_1_04427 (length 316)
prokka_CHQ_1/CHQ_1:Prokka:CHQ_1_04428 (length 62)
prokka_CHQ_1/CHQ_1:Prokka:CHQ_1_04429 (length 462)
prokka_CHQ_1/CHQ_1:Prokka:CHQ_1_04430 (length 509)
prokka_CHQ_1/CHQ_1:Prokka:CHQ_1_04431 (length 316)
prokka_CHQ_1/CHQ_1:Prokka:CHQ_1_04432 (length 460)
prokka_CHQ_1/CHQ_1:Prokka:CHQ_1_04433 (length 240)
prokka_CHQ_1/CHQ_1:Prokka:CHQ_1_04434 (length 111)
prokka_CHQ_1/CHQ_1:Prokka:CHQ_1_04435 (length 238)
prokka_CHQ_1/CHQ_1:Prokka:CHQ_1_04436 (length 120)
prokka_CHQ_1/CHQ_1:Prokka:CHQ_1_04437 (length 433)
prokka_CHQ_1/CHQ_1:Prokka:CHQ_1_04438 (length 310)
prokka_CHQ_1/CHQ_1:Prokka:CHQ_1_04439 (length 466)
prokka_CHQ_1/CHQ_1:Prokka:CHQ_1_04440 (length 548)
prokka_CHQ_1/CHQ_1:Prokka:CHQ_1_04441 (length 392)
prokka_CHQ_1/CHQ_1:Prokka:CHQ_1_04442 (length 519)
prokka_CHQ_1/CHQ_1:Prokka:CHQ_1_04443 (length 342)
prokka_CHQ_1/CHQ_1:Prokka:CHQ_1_04444 (length 530)
prokka_CHQ_1/CHQ_1:Prokka:CHQ_1_04445 (length 390)
prokka_CHQ_1/CHQ_1:Prokka:CHQ_1_04446 (length 342)
prokka_CHQ_1/CHQ_1:Prokka:CHQ_1_04447 (length 67)
prokka_CHQ_1/CHQ_1:Prokka:CHQ_1_04448 (length 172)
prokka_CHQ_1/CHQ_1:Prokka:CHQ_1_04449 (length 117)
prokka_CHQ_1/CHQ_1:Prokka:CHQ_1_04450 (length 403)
prokka_CHQ_1/CHQ_1:Prokka:CHQ_1_04451 (length 77)
prokka_CHQ_1/CHQ_1:Prokka:CHQ_1_04452 (length 130)
prokka_CHQ_1/CHQ_1:Prokka:CHQ_1_04453 (length 52)
prokka_CHQ_1/CHQ_1:Prokka:CHQ_1_04454 (length 332)
prokka_CHQ_1/CHQ_1:Prokka:CHQ_1_04455 (length 479)
prokka_CHQ_1/CHQ_1:Prokka:CHQ_1_04456 (length 266)
prokka_CHQ_1/CHQ_1:Prokka:CHQ_1_04457 (length 441)
prokka_CHQ_1/CHQ_1:Prokka:CHQ_1_04458 (length 476)
prokka_CHQ_1/CHQ_1:Prokka:CHQ_1_04459 (length 331)
prokka_CHQ_1/CHQ_1:Prokka:CHQ_1_04460 (length 446)
prokka_CHQ_1/CHQ_1:Prokka:CHQ_1_04461 (length 488)
prokka_CHQ_1/CHQ_1:Prokka:CHQ_1_04462 (length 340)
prokka_CHQ_1/CHQ_1:Prokka:CHQ_1_04463 (length 401)
prokka_CHQ_1/CHQ_1:Prokka:CHQ_1_04464 (length 424)
prokka_CHQ_1/CHQ_1:Prokka:CHQ_1_04465 (length 217)
prokka_CHQ_1/CHQ_1:Prokka:CHQ_1_04466 (length 261)
prokka_CHQ_1/CHQ_1:Prokka:CHQ_1_04467 (length 401)
prokka_CHQ_1/CHQ_1:Prokka:CHQ_1_04468 (length 494)
prokka_CHQ_1/CHQ_1:Prokka:CHQ_1_04469 (length 354)
prokka_CHQ_1/CHQ_1:Prokka:CHQ_1_04470 (length 395)
prokka_CHQ_1/CHQ_1:Prokka:CHQ_1_04471 (length 332)
prokka_CHQ_1/CHQ_1:Prokka:CHQ_1_04472 (length 304)
prokka_CHQ_1/CHQ_1:Prokka:CHQ_1_04473 (length 143)
prokka_CHQ_1/CHQ_1:Prokka:CHQ_1_04474 (length 550)
prokka_CHQ_1/CHQ_1:Prokka:CHQ_1_04475 (length 361)
prokka_CHQ_1/CHQ_1:Prokka:CHQ_1_04476 (length 456)
prokka_CHQ_1/CHQ_1:Prokka:CHQ_1_04477 (length 219)
prokka_CHQ_1/CHQ_1:Prokka:CHQ_1_04478 (length 229)
prokka_CHQ_1/CHQ_1:Prokka:CHQ_1_04479 (length 1300)
prokka_CHQ_1/CHQ_1:Prokka:CHQ_1_04480 (length 201)
prokka_CHQ_1/CHQ_1:Prokka:CHQ_1_04481 (length 146)
prokka_CHQ_1/CHQ_1:Prokka:CHQ_1_04482 (length 198)
prokka_CHQ_1/CHQ_1:Prokka:CHQ_1_04483 (length 311)
prokka_CHQ_1/CHQ_1:Prokka:CHQ_1_04484 (length 438)
prokka_CHQ_1/CHQ_1:Prokka:CHQ_1_04485 (length 401)
prokka_CHQ_1/CHQ_1:Prokka:CHQ_1_04486 (length 140)
prokka_CHQ_1/CHQ_1:Prokka:CHQ_1_04487 (length 473)
prokka_CHQ_1/CHQ_1:Prokka:CHQ_1_04488 (length 262)
prokka_CHQ_1/CHQ_1:Prokka:CHQ_1_04489 (length 255)
prokka_CHQ_1/CHQ_1:Prokka:CHQ_1_04490 (length 356)
prokka_CHQ_1/CHQ_1:Prokka:CHQ_1_04491 (length 165)
prokka_CHQ_1/CHQ_1:Prokka:CHQ_1_04492 (length 251)
prokka_CHQ_1/CHQ_1:Prokka:CHQ_1_04493 (length 95)
prokka_CHQ_1/CHQ_1:Prokka:CHQ_1_04494 (length 309)
prokka_CHQ_1/CHQ_1:Prokka:CHQ_1_04495 (length 681)
prokka_CHQ_1/CHQ_1:Prokka:CHQ_1_04496 (length 63)
prokka_CHQ_1/CHQ_1:Prokka:CHQ_1_04497 (length 755)
prokka_CHQ_1/CHQ_1:Prokka:CHQ_1_04498 (length 316)
prokka_CHQ_1/CHQ_1:Prokka:CHQ_1_04499 (length 272)
prokka_CHQ_1/CHQ_1:Prokka:CHQ_1_04500 (length 394)
prokka_CHQ_1/CHQ_1:Prokka:CHQ_1_04501 (length 224)
prokka_CHQ_1/CHQ_1:Prokka:CHQ_1_04502 (length 144)
prokka_CHQ_1/CHQ_1:Prokka:CHQ_1_04503 (length 418)
prokka_CHQ_1/CHQ_1:Prokka:CHQ_1_04504 (length 304)
prokka_CHQ_1/CHQ_1:Prokka:CHQ_1_04505 (length 506)
prokka_CHQ_1/CHQ_1:Prokka:CHQ_1_04506 (length 290)
prokka_CHQ_1/CHQ_1:Prokka:CHQ_1_04507 (length 276)
prokka_CHQ_1/CHQ_1:Prokka:CHQ_1_04508 (length 243)
prokka_CHQ_1/CHQ_1:Prokka:CHQ_1_04509 (length 296)
prokka_CHQ_1/CHQ_1:Prokka:CHQ_1_04510 (length 499)
prokka_CHQ_1/CHQ_1:Prokka:CHQ_1_04511 (length 300)
prokka_CHQ_1/CHQ_1:Prokka:CHQ_1_04512 (length 107)
prokka_CHQ_1/CHQ_1:Prokka:CHQ_1_04513 (length 61)
prokka_CHQ_1/CHQ_1:Prokka:CHQ_1_04514 (length 879)
prokka_CHQ_1/CHQ_1:Prokka:CHQ_1_04515 (length 166)
prokka_CHQ_1/CHQ_1:Prokka:CHQ_1_04516 (length 329)
prokka_CHQ_1/CHQ_1:Prokka:CHQ_1_04517 (length 146)
prokka_CHQ_1/CHQ_1:Prokka:CHQ_1_04518 (length 87)
prokka_CHQ_1/CHQ_1:Prokka:CHQ_1_04519 (length 1175)
prokka_CHQ_1/CHQ_1:Prokka:CHQ_1_04520 (length 374)
prokka_CHQ_1/CHQ_1:Prokka:CHQ_1_04521 (length 70)
prokka_CHQ_1/CHQ_1:Prokka:CHQ_1_04522 (length 144)
prokka_CHQ_1/CHQ_1:Prokka:CHQ_1_04523 (length 311)
prokka_CHQ_1/CHQ_1:Prokka:CHQ_1_04524 (length 457)
prokka_CHQ_1/CHQ_1:Prokka:CHQ_1_04525 (length 327)
prokka_CHQ_1/CHQ_1:Prokka:CHQ_1_04526 (length 247)
prokka_CHQ_1/CHQ_1:Prokka:CHQ_1_04527 (length 372)
prokka_CHQ_1/CHQ_1:Prokka:CHQ_1_04528 (length 64)
prokka_CHQ_1/CHQ_1:Prokka:CHQ_1_04529 (length 249)
prokka_CHQ_1/CHQ_1:Prokka:CHQ_1_04530 (length 459)
prokka_CHQ_1/CHQ_1:Prokka:CHQ_1_04531 (length 159)
prokka_CHQ_1/CHQ_1:Prokka:CHQ_1_04532 (length 204)
prokka_CHQ_1/CHQ_1:Prokka:CHQ_1_04533 (length 399)
prokka_CHQ_1/CHQ_1:Prokka:CHQ_1_04534 (length 222)
prokka_CHQ_1/CHQ_1:Prokka:CHQ_1_04535 (length 341)
prokka_CHQ_1/CHQ_1:Prokka:CHQ_1_04536 (length 267)
prokka_CHQ_1/CHQ_1:Prokka:CHQ_1_04537 (length 391)
prokka_CHQ_1/CHQ_1:Prokka:CHQ_1_04538 (length 119)
prokka_CHQ_1/CHQ_1:Prokka:CHQ_1_04539 (length 303)
prokka_CHQ_1/CHQ_1:Prokka:CHQ_1_04540 (length 286)
prokka_CHQ_1/CHQ_1:Prokka:CHQ_1_04541 (length 307)
prokka_CHQ_1/CHQ_1:Prokka:CHQ_1_04542 (length 301)
prokka_CHQ_1/CHQ_1:Prokka:CHQ_1_04543 (length 309)
prokka_CHQ_1/CHQ_1:Prokka:CHQ_1_04544 (length 70)
prokka_CHQ_1/CHQ_1:Prokka:CHQ_1_04545 (length 292)
prokka_CHQ_1/CHQ_1:Prokka:CHQ_1_04546 (length 251)
prokka_CHQ_1/CHQ_1:Prokka:CHQ_1_04547 (length 197)
prokka_CHQ_1/CHQ_1:Prokka:CHQ_1_04548 (length 237)
prokka_CHQ_1/CHQ_1:Prokka:CHQ_1_04549 (length 188)
prokka_CHQ_1/CHQ_1:Prokka:CHQ_1_04550 (length 152)
prokka_CHQ_1/CHQ_1:Prokka:CHQ_1_04551 (length 102)
prokka_CHQ_1/CHQ_1:Prokka:CHQ_1_04552 (length 160)
prokka_CHQ_1/CHQ_1:Prokka:CHQ_1_04553 (length 112)
prokka_CHQ_1/CHQ_1:Prokka:CHQ_1_04554 (length 404)
prokka_CHQ_1/CHQ_1:Prokka:CHQ_1_04555 (length 299)
prokka_CHQ_1/CHQ_1:Prokka:CHQ_1_04556 (length 405)
prokka_CHQ_1/CHQ_1:Prokka:CHQ_1_04557 (length 605)
prokka_CHQ_1/CHQ_1:Prokka:CHQ_1_04558 (length 443)
prokka_CHQ_1/CHQ_1:Prokka:CHQ_1_04559 (length 515)
prokka_CHQ_1/CHQ_1:Prokka:CHQ_1_04560 (length 464)
prokka_CHQ_1/CHQ_1:Prokka:CHQ_1_04561 (length 144)
prokka_CHQ_1/CHQ_1:Prokka:CHQ_1_04562 (length 897)
prokka_CHQ_1/CHQ_1:Prokka:CHQ_1_04563 (length 732)
prokka_CHQ_1/CHQ_1:Prokka:CHQ_1_04564 (length 289)
prokka_CHQ_1/CHQ_1:Prokka:CHQ_1_04565 (length 400)
prokka_CHQ_1/CHQ_1:Prokka:CHQ_1_04566 (length 351)
prokka_CHQ_1/CHQ_1:Prokka:CHQ_1_04567 (length 294)
prokka_CHQ_1/CHQ_1:Prokka:CHQ_1_04568 (length 196)
prokka_CHQ_1/CHQ_1:Prokka:CHQ_1_04569 (length 538)
prokka_CHQ_1/CHQ_1:Prokka:CHQ_1_04570 (length 235)
prokka_CHQ_1/CHQ_1:Prokka:CHQ_1_04571 (length 321)
prokka_CHQ_1/CHQ_1:Prokka:CHQ_1_04572 (length 168)
prokka_CHQ_1/CHQ_1:Prokka:CHQ_1_04573 (length 350)
prokka_CHQ_1/CHQ_1:Prokka:CHQ_1_04574 (length 513)
prokka_CHQ_1/CHQ_1:Prokka:CHQ_1_04575 (length 353)
prokka_CHQ_1/CHQ_1:Prokka:CHQ_1_04576 (length 465)
prokka_CHQ_1/CHQ_1:Prokka:CHQ_1_04577 (length 72)
prokka_CHQ_1/CHQ_1:Prokka:CHQ_1_04578 (length 119)
prokka_CHQ_1/CHQ_1:Prokka:CHQ_1_04579 (length 74)
prokka_CHQ_1/CHQ_1:Prokka:CHQ_1_04580 (length 222)
prokka_CHQ_1/CHQ_1:Prokka:CHQ_1_04581 (length 324)
prokka_CHQ_1/CHQ_1:Prokka:CHQ_1_04582 (length 463)
prokka_CHQ_1/CHQ_1:Prokka:CHQ_1_04583 (length 389)
prokka_CHQ_1/CHQ_1:Prokka:CHQ_1_04584 (length 773)
prokka_CHQ_1/CHQ_1:Prokka:CHQ_1_04585 (length 280)
prokka_CHQ_1/CHQ_1:Prokka:CHQ_1_04586 (length 301)
prokka_CHQ_1/CHQ_1:Prokka:CHQ_1_04587 (length 547)
prokka_CHQ_1/CHQ_1:Prokka:CHQ_1_04588 (length 321)
prokka_CHQ_1/CHQ_1:Prokka:CHQ_1_04589 (length 296)
prokka_CHQ_1/CHQ_1:Prokka:CHQ_1_04590 (length 330)
prokka_CHQ_1/CHQ_1:Prokka:CHQ_1_04591 (length 269)
prokka_CHQ_1/CHQ_1:Prokka:CHQ_1_04592 (length 499)
prokka_CHQ_1/CHQ_1:Prokka:CHQ_1_04593 (length 264)
prokka_CHQ_1/CHQ_1:Prokka:CHQ_1_04594 (length 243)
prokka_CHQ_1/CHQ_1:Prokka:CHQ_1_04596 (length 281)
prokka_CHQ_1/CHQ_1:Prokka:CHQ_1_04597 (length 180)
prokka_CHQ_1/CHQ_1:Prokka:CHQ_1_04598 (length 262)
prokka_CHQ_1/CHQ_1:Prokka:CHQ_1_04599 (length 385)
prokka_CHQ_1/CHQ_1:Prokka:CHQ_1_04600 (length 644)
prokka_CHQ_1/CHQ_1:Prokka:CHQ_1_04601 (length 59)
prokka_CHQ_1/CHQ_1:Prokka:CHQ_1_04602 (length 249)
prokka_CHQ_1/CHQ_1:Prokka:CHQ_1_04603 (length 73)
prokka_CHQ_1/CHQ_1:Prokka:CHQ_1_04604 (length 108)
prokka_CHQ_1/CHQ_1:Prokka:CHQ_1_04605 (length 245)
prokka_CHQ_1/CHQ_1:Prokka:CHQ_1_04606 (length 389)
prokka_CHQ_1/CHQ_1:Prokka:CHQ_1_04607 (length 102)
prokka_CHQ_1/CHQ_1:Prokka:CHQ_1_04608 (length 255)
prokka_CHQ_1/CHQ_1:Prokka:CHQ_1_04609 (length 200)
prokka_CHQ_1/CHQ_1:Prokka:CHQ_1_04610 (length 890)
prokka_CHQ_1/CHQ_1:Prokka:CHQ_1_04611 (length 55)
prokka_CHQ_1/CHQ_1:Prokka:CHQ_1_04612 (length 324)
prokka_CHQ_1/CHQ_1:Prokka:CHQ_1_04613 (length 865)
prokka_CHQ_1/CHQ_1:Prokka:CHQ_1_04614 (length 83)
prokka_CHQ_1/CHQ_1:Prokka:CHQ_1_04615 (length 363)
prokka_CHQ_1/CHQ_1:Prokka:CHQ_1_04616 (length 266)
prokka_CHQ_1/CHQ_1:Prokka:CHQ_1_04617 (length 196)
prokka_CHQ_1/CHQ_1:Prokka:CHQ_1_04618 (length 300)
prokka_CHQ_1/CHQ_1:Prokka:CHQ_1_04619 (length 298)
prokka_CHQ_1/CHQ_1:Prokka:CHQ_1_04620 (length 302)
prokka_CHQ_1/CHQ_1:Prokka:CHQ_1_04621 (length 206)
prokka_CHQ_1/CHQ_1:Prokka:CHQ_1_04622 (length 287)
prokka_CHQ_1/CHQ_1:Prokka:CHQ_1_04623 (length 520)
prokka_CHQ_1/CHQ_1:Prokka:CHQ_1_04624 (length 531)
prokka_CHQ_1/CHQ_1:Prokka:CHQ_1_04625 (length 452)
prokka_CHQ_1/CHQ_1:Prokka:CHQ_1_04626 (length 397)
prokka_CHQ_1/CHQ_1:Prokka:CHQ_1_04627 (length 269)
prokka_CHQ_1/CHQ_1:Prokka:CHQ_1_04628 (length 419)
prokka_CHQ_1/CHQ_1:Prokka:CHQ_1_04629 (length 362)
prokka_CHQ_1/CHQ_1:Prokka:CHQ_1_04630 (length 436)
prokka_CHQ_1/CHQ_1:Prokka:CHQ_1_04631 (length 302)
prokka_CHQ_1/CHQ_1:Prokka:CHQ_1_04632 (length 88)
prokka_CHQ_1/CHQ_1:Prokka:CHQ_1_04633 (length 761)
prokka_CHQ_1/CHQ_1:Prokka:CHQ_1_04634 (length 225)
prokka_CHQ_1/CHQ_1:Prokka:CHQ_1_04635 (length 212)
prokka_CHQ_1/CHQ_1:Prokka:CHQ_1_04636 (length 137)
prokka_CHQ_1/CHQ_1:Prokka:CHQ_1_04637 (length 247)
prokka_CHQ_1/CHQ_1:Prokka:CHQ_1_04638 (length 179)
prokka_CHQ_1/CHQ_1:Prokka:CHQ_1_04639 (length 727)
prokka_CHQ_1/CHQ_1:Prokka:CHQ_1_04640 (length 132)
prokka_CHQ_1/CHQ_1:Prokka:CHQ_1_04641 (length 178)
prokka_CHQ_1/CHQ_1:Prokka:CHQ_1_04642 (length 222)
prokka_CHQ_1/CHQ_1:Prokka:CHQ_1_04643 (length 253)
prokka_CHQ_1/CHQ_1:Prokka:CHQ_1_04644 (length 196)
prokka_CHQ_1/CHQ_1:Prokka:CHQ_1_04645 (length 463)
prokka_CHQ_1/CHQ_1:Prokka:CHQ_1_04646 (length 110)
prokka_CHQ_1/CHQ_1:Prokka:CHQ_1_04647 (length 752)
prokka_CHQ_1/CHQ_1:Prokka:CHQ_1_04648 (length 252)
prokka_CHQ_1/CHQ_1:Prokka:CHQ_1_04649 (length 448)
prokka_CHQ_1/CHQ_1:Prokka:CHQ_1_04650 (length 274)
prokka_CHQ_1/CHQ_1:Prokka:CHQ_1_04651 (length 115)
prokka_CHQ_1/CHQ_1:Prokka:CHQ_1_04652 (length 452)
prokka_CHQ_1/CHQ_1:Prokka:CHQ_1_04653 (length 106)
prokka_CHQ_1/CHQ_1:Prokka:CHQ_1_04654 (length 112)
prokka_CHQ_1/CHQ_1:Prokka:CHQ_1_04655 (length 275)
prokka_CHQ_1/CHQ_1:Prokka:CHQ_1_04656 (length 287)
prokka_CHQ_1/CHQ_1:Prokka:CHQ_1_04657 (length 160)
prokka_CHQ_1/CHQ_1:Prokka:CHQ_1_04658 (length 321)
prokka_CHQ_1/CHQ_1:Prokka:CHQ_1_04659 (length 441)
prokka_CHQ_1/CHQ_1:Prokka:CHQ_1_04660 (length 492)
prokka_CHQ_1/CHQ_1:Prokka:CHQ_1_04661 (length 344)
prokka_CHQ_1/CHQ_1:Prokka:CHQ_1_04662 (length 406)
prokka_CHQ_1/CHQ_1:Prokka:CHQ_1_04663 (length 268)
prokka_CHQ_1/CHQ_1:Prokka:CHQ_1_04664 (length 47)
prokka_CHQ_1/CHQ_1:Prokka:CHQ_1_04665 (length 163)
prokka_CHQ_1/CHQ_1:Prokka:CHQ_1_04666 (length 236)
prokka_CHQ_1/CHQ_1:Prokka:CHQ_1_04667 (length 186)
prokka_CHQ_1/CHQ_1:Prokka:CHQ_1_04668 (length 392)
prokka_CHQ_1/CHQ_1:Prokka:CHQ_1_04669 (length 511)
prokka_CHQ_1/CHQ_1:Prokka:CHQ_1_04670 (length 210)
prokka_CHQ_1/CHQ_1:Prokka:CHQ_1_04671 (length 435)
prokka_CHQ_1/CHQ_1:Prokka:CHQ_1_04672 (length 204)
prokka_CHQ_1/CHQ_1:Prokka:CHQ_1_04673 (length 136)
prokka_CHQ_1/CHQ_1:Prokka:CHQ_1_04674 (length 447)
prokka_CHQ_1/CHQ_1:Prokka:CHQ_1_04675 (length 326)
prokka_CHQ_1/CHQ_1:Prokka:CHQ_1_04676 (length 646)
prokka_CHQ_1/CHQ_1:Prokka:CHQ_1_04677 (length 347)
prokka_CHQ_1/CHQ_1:Prokka:CHQ_1_04678 (length 248)
prokka_CHQ_1/CHQ_1:Prokka:CHQ_1_44 (length 94249)
prokka_CHQ_1/CHQ_1:Prokka:CHQ_1_04679 (length 70)
prokka_CHQ_1/CHQ_1:Prokka:CHQ_1_04680 (length 265)
prokka_CHQ_1/CHQ_1:Prokka:CHQ_1_04681 (length 286)
prokka_CHQ_1/CHQ_1:Prokka:CHQ_1_04682 (length 370)
prokka_CHQ_1/CHQ_1:Prokka:CHQ_1_04683 (length 337)
prokka_CHQ_1/CHQ_1:Prokka:CHQ_1_04684 (length 239)
prokka_CHQ_1/CHQ_1:Prokka:CHQ_1_04685 (length 367)
prokka_CHQ_1/CHQ_1:Prokka:CHQ_1_04686 (length 269)
prokka_CHQ_1/CHQ_1:Prokka:CHQ_1_04687 (length 397)
prokka_CHQ_1/CHQ_1:Prokka:CHQ_1_04688 (length 43)
prokka_CHQ_1/CHQ_1:Prokka:CHQ_1_04689 (length 45)
prokka_CHQ_1/CHQ_1:Prokka:CHQ_1_04690 (length 107)
prokka_CHQ_1/CHQ_1:Prokka:CHQ_1_04691 (length 150)
prokka_CHQ_1/CHQ_1:Prokka:CHQ_1_04692 (length 463)
prokka_CHQ_1/CHQ_1:Prokka:CHQ_1_04693 (length 442)
prokka_CHQ_1/CHQ_1:Prokka:CHQ_1_04694 (length 500)
prokka_CHQ_1/CHQ_1:Prokka:CHQ_1_04695 (length 197)
prokka_CHQ_1/CHQ_1:Prokka:CHQ_1_04696 (length 95)
prokka_CHQ_1/CHQ_1:Prokka:CHQ_1_04697 (length 562)
prokka_CHQ_1/CHQ_1:Prokka:CHQ_1_04698 (length 31)
prokka_CHQ_1/CHQ_1:Prokka:CHQ_1_04699 (length 29)
prokka_CHQ_1/CHQ_1:Prokka:CHQ_1_04700 (length 148)
prokka_CHQ_1/CHQ_1:Prokka:CHQ_1_04701 (length 277)
prokka_CHQ_1/CHQ_1:Prokka:CHQ_1_04702 (length 394)
prokka_CHQ_1/CHQ_1:Prokka:CHQ_1_04703 (length 307)
prokka_CHQ_1/CHQ_1:Prokka:CHQ_1_04704 (length 445)
prokka_CHQ_1/CHQ_1:Prokka:CHQ_1_04705 (length 442)
prokka_CHQ_1/CHQ_1:Prokka:CHQ_1_04706 (length 166)
prokka_CHQ_1/CHQ_1:Prokka:CHQ_1_04707 (length 120)
prokka_CHQ_1/CHQ_1:Prokka:CHQ_1_04708 (length 115)
prokka_CHQ_1/CHQ_1:Prokka:CHQ_1_04709 (length 440)
prokka_CHQ_1/CHQ_1:Prokka:CHQ_1_04710 (length 540)
prokka_CHQ_1/CHQ_1:Prokka:CHQ_1_04711 (length 248)
prokka_CHQ_1/CHQ_1:Prokka:CHQ_1_04712 (length 553)
prokka_CHQ_1/CHQ_1:Prokka:CHQ_1_04713 (length 142)
prokka_CHQ_1/CHQ_1:Prokka:CHQ_1_04714 (length 137)
prokka_CHQ_1/CHQ_1:Prokka:CHQ_1_04715 (length 110)
prokka_CHQ_1/CHQ_1:Prokka:CHQ_1_04716 (length 421)
prokka_CHQ_1/CHQ_1:Prokka:CHQ_1_04717 (length 379)
prokka_CHQ_1/CHQ_1:Prokka:CHQ_1_04718 (length 360)
prokka_CHQ_1/CHQ_1:Prokka:CHQ_1_04719 (length 270)
prokka_CHQ_1/CHQ_1:Prokka:CHQ_1_04720 (length 804)
prokka_CHQ_1/CHQ_1:Prokka:CHQ_1_04721 (length 357)
prokka_CHQ_1/CHQ_1:Prokka:CHQ_1_04722 (length 366)
prokka_CHQ_1/CHQ_1:Prokka:CHQ_1_04723 (length 467)
prokka_CHQ_1/CHQ_1:Prokka:CHQ_1_04724 (length 65)
prokka_CHQ_1/CHQ_1:Prokka:CHQ_1_04725 (length 548)
prokka_CHQ_1/CHQ_1:Prokka:CHQ_1_04726 (length 454)
prokka_CHQ_1/CHQ_1:Prokka:CHQ_1_04727 (length 139)
prokka_CHQ_1/CHQ_1:Prokka:CHQ_1_04728 (length 394)
prokka_CHQ_1/CHQ_1:Prokka:CHQ_1_04729 (length 319)
prokka_CHQ_1/CHQ_1:Prokka:CHQ_1_04730 (length 242)
prokka_CHQ_1/CHQ_1:Prokka:CHQ_1_04731 (length 188)
prokka_CHQ_1/CHQ_1:Prokka:CHQ_1_04732 (length 445)
prokka_CHQ_1/CHQ_1:Prokka:CHQ_1_04733 (length 221)
prokka_CHQ_1/CHQ_1:Prokka:CHQ_1_04734 (length 388)
prokka_CHQ_1/CHQ_1:Prokka:CHQ_1_04735 (length 543)
prokka_CHQ_1/CHQ_1:Prokka:CHQ_1_04736 (length 241)
prokka_CHQ_1/CHQ_1:Prokka:CHQ_1_04737 (length 257)
prokka_CHQ_1/CHQ_1:Prokka:CHQ_1_04738 (length 296)
prokka_CHQ_1/CHQ_1:Prokka:CHQ_1_04739 (length 319)
prokka_CHQ_1/CHQ_1:Prokka:CHQ_1_04740 (length 346)
prokka_CHQ_1/CHQ_1:Prokka:CHQ_1_04741 (length 609)
prokka_CHQ_1/CHQ_1:Prokka:CHQ_1_04742 (length 456)
prokka_CHQ_1/CHQ_1:Prokka:CHQ_1_04743 (length 139)
prokka_CHQ_1/CHQ_1:Prokka:CHQ_1_04744 (length 460)
prokka_CHQ_1/CHQ_1:Prokka:CHQ_1_04745 (length 287)
prokka_CHQ_1/CHQ_1:Prokka:CHQ_1_04746 (length 513)
prokka_CHQ_1/CHQ_1:Prokka:CHQ_1_04747 (length 177)
prokka_CHQ_1/CHQ_1:Prokka:CHQ_1_04748 (length 156)
prokka_CHQ_1/CHQ_1:Prokka:CHQ_1_04749 (length 79)
prokka_CHQ_1/CHQ_1:Prokka:CHQ_1_04750 (length 271)
prokka_CHQ_1/CHQ_1:Prokka:CHQ_1_04751 (length 126)
prokka_CHQ_1/CHQ_1:Prokka:CHQ_1_04752 (length 207)
prokka_CHQ_1/CHQ_1:Prokka:CHQ_1_04753 (length 629)
prokka_CHQ_1/CHQ_1:Prokka:CHQ_1_04754 (length 146)
prokka_CHQ_1/CHQ_1:Prokka:CHQ_1_04755 (length 152)
prokka_CHQ_1/CHQ_1:Prokka:CHQ_1_04756 (length 330)
prokka_CHQ_1/CHQ_1:Prokka:CHQ_1_04757 (length 482)
prokka_CHQ_1/CHQ_1:Prokka:CHQ_1_04758 (length 499)
prokka_CHQ_1/CHQ_1:Prokka:CHQ_1_04759 (length 622)
prokka_CHQ_1/CHQ_1:Prokka:CHQ_1_04760 (length 139)
prokka_CHQ_1/CHQ_1:Prokka:CHQ_1_04761 (length 501)
prokka_CHQ_1/CHQ_1:Prokka:CHQ_1_04762 (length 321)
prokka_CHQ_1/CHQ_1:Prokka:CHQ_1_04763 (length 296)
prokka_CHQ_1/CHQ_1:Prokka:CHQ_1_04764 (length 309)
prokka_CHQ_1/CHQ_1:Prokka:CHQ_1_04765 (length 327)
prokka_CHQ_1/CHQ_1:Prokka:CHQ_1_04766 (length 465)
prokka_CHQ_1/CHQ_1:Prokka:CHQ_1_04767 (length 233)
prokka_CHQ_1/CHQ_1:Prokka:CHQ_1_45 (length 235086)
prokka_CHQ_1/CHQ_1:Prokka:CHQ_1_04768 (length 100)
prokka_CHQ_1/CHQ_1:Prokka:CHQ_1_04769 (length 440)
prokka_CHQ_1/CHQ_1:Prokka:CHQ_1_04770 (length 104)
prokka_CHQ_1/CHQ_1:Prokka:CHQ_1_04771 (length 314)
prokka_CHQ_1/CHQ_1:Prokka:CHQ_1_04772 (length 456)
prokka_CHQ_1/CHQ_1:Prokka:CHQ_1_04773 (length 420)
prokka_CHQ_1/CHQ_1:Prokka:CHQ_1_04774 (length 408)
prokka_CHQ_1/CHQ_1:Prokka:CHQ_1_04775 (length 246)
prokka_CHQ_1/CHQ_1:Prokka:CHQ_1_04776 (length 237)
prokka_CHQ_1/CHQ_1:Prokka:CHQ_1_04777 (length 361)
prokka_CHQ_1/CHQ_1:Prokka:CHQ_1_04778 (length 288)
prokka_CHQ_1/CHQ_1:Prokka:CHQ_1_04779 (length 96)
prokka_CHQ_1/CHQ_1:Prokka:CHQ_1_04780 (length 300)
prokka_CHQ_1/CHQ_1:Prokka:CHQ_1_04781 (length 476)
prokka_CHQ_1/CHQ_1:Prokka:CHQ_1_04782 (length 300)
prokka_CHQ_1/CHQ_1:Prokka:CHQ_1_04783 (length 387)
prokka_CHQ_1/CHQ_1:Prokka:CHQ_1_04784 (length 454)
prokka_CHQ_1/CHQ_1:Prokka:CHQ_1_04785 (length 1035)
prokka_CHQ_1/CHQ_1:Prokka:CHQ_1_04786 (length 374)
prokka_CHQ_1/CHQ_1:Prokka:CHQ_1_04787 (length 138)
prokka_CHQ_1/CHQ_1:Prokka:CHQ_1_04788 (length 192)
prokka_CHQ_1/CHQ_1:Prokka:CHQ_1_04789 (length 215)
prokka_CHQ_1/CHQ_1:Prokka:CHQ_1_04790 (length 497)
prokka_CHQ_1/CHQ_1:Prokka:CHQ_1_04791 (length 304)
prokka_CHQ_1/CHQ_1:Prokka:CHQ_1_04792 (length 210)
prokka_CHQ_1/CHQ_1:Prokka:CHQ_1_04793 (length 156)
prokka_CHQ_1/CHQ_1:Prokka:CHQ_1_04794 (length 178)
prokka_CHQ_1/CHQ_1:Prokka:CHQ_1_04795 (length 301)
prokka_CHQ_1/CHQ_1:Prokka:CHQ_1_04796 (length 269)
prokka_CHQ_1/CHQ_1:Prokka:CHQ_1_04797 (length 284)
prokka_CHQ_1/CHQ_1:Prokka:CHQ_1_04798 (length 186)
prokka_CHQ_1/CHQ_1:Prokka:CHQ_1_04799 (length 259)
prokka_CHQ_1/CHQ_1:Prokka:CHQ_1_04800 (length 317)
prokka_CHQ_1/CHQ_1:Prokka:CHQ_1_04801 (length 349)
prokka_CHQ_1/CHQ_1:Prokka:CHQ_1_04802 (length 96)
prokka_CHQ_1/CHQ_1:Prokka:CHQ_1_04803 (length 335)
prokka_CHQ_1/CHQ_1:Prokka:CHQ_1_04804 (length 155)
prokka_CHQ_1/CHQ_1:Prokka:CHQ_1_04806 (length 464)
prokka_CHQ_1/CHQ_1:Prokka:CHQ_1_04807 (length 772)
prokka_CHQ_1/CHQ_1:Prokka:CHQ_1_04808 (length 240)
prokka_CHQ_1/CHQ_1:Prokka:CHQ_1_04809 (length 459)
prokka_CHQ_1/CHQ_1:Prokka:CHQ_1_04810 (length 519)
prokka_CHQ_1/CHQ_1:Prokka:CHQ_1_04811 (length 571)
prokka_CHQ_1/CHQ_1:Prokka:CHQ_1_04812 (length 463)
prokka_CHQ_1/CHQ_1:Prokka:CHQ_1_04813 (length 400)
prokka_CHQ_1/CHQ_1:Prokka:CHQ_1_04814 (length 503)
prokka_CHQ_1/CHQ_1:Prokka:CHQ_1_04815 (length 283)
prokka_CHQ_1/CHQ_1:Prokka:CHQ_1_04816 (length 79)
prokka_CHQ_1/CHQ_1:Prokka:CHQ_1_04817 (length 329)
prokka_CHQ_1/CHQ_1:Prokka:CHQ_1_04818 (length 254)
prokka_CHQ_1/CHQ_1:Prokka:CHQ_1_04819 (length 434)
prokka_CHQ_1/CHQ_1:Prokka:CHQ_1_04820 (length 255)
prokka_CHQ_1/CHQ_1:Prokka:CHQ_1_04821 (length 199)
prokka_CHQ_1/CHQ_1:Prokka:CHQ_1_04822 (length 142)
prokka_CHQ_1/CHQ_1:Prokka:CHQ_1_04823 (length 248)
prokka_CHQ_1/CHQ_1:Prokka:CHQ_1_04824 (length 336)
prokka_CHQ_1/CHQ_1:Prokka:CHQ_1_04825 (length 693)
prokka_CHQ_1/CHQ_1:Prokka:CHQ_1_04826 (length 229)
prokka_CHQ_1/CHQ_1:Prokka:CHQ_1_04827 (length 706)
prokka_CHQ_1/CHQ_1:Prokka:CHQ_1_04828 (length 91)
prokka_CHQ_1/CHQ_1:Prokka:CHQ_1_04829 (length 207)
prokka_CHQ_1/CHQ_1:Prokka:CHQ_1_04830 (length 558)
prokka_CHQ_1/CHQ_1:Prokka:CHQ_1_04831 (length 205)
prokka_CHQ_1/CHQ_1:Prokka:CHQ_1_04832 (length 419)
prokka_CHQ_1/CHQ_1:Prokka:CHQ_1_04833 (length 287)
prokka_CHQ_1/CHQ_1:Prokka:CHQ_1_04834 (length 238)
prokka_CHQ_1/CHQ_1:Prokka:CHQ_1_04835 (length 213)
prokka_CHQ_1/CHQ_1:Prokka:CHQ_1_04836 (length 198)
prokka_CHQ_1/CHQ_1:Prokka:CHQ_1_04837 (length 152)
prokka_CHQ_1/CHQ_1:Prokka:CHQ_1_04838 (length 405)
prokka_CHQ_1/CHQ_1:Prokka:CHQ_1_04839 (length 221)
prokka_CHQ_1/CHQ_1:Prokka:CHQ_1_04840 (length 78)
prokka_CHQ_1/CHQ_1:Prokka:CHQ_1_04841 (length 55)
prokka_CHQ_1/CHQ_1:Prokka:CHQ_1_04842 (length 269)
prokka_CHQ_1/CHQ_1:Prokka:CHQ_1_04843 (length 159)
prokka_CHQ_1/CHQ_1:Prokka:CHQ_1_04844 (length 258)
prokka_CHQ_1/CHQ_1:Prokka:CHQ_1_04845 (length 424)
prokka_CHQ_1/CHQ_1:Prokka:CHQ_1_04846 (length 329)
prokka_CHQ_1/CHQ_1:Prokka:CHQ_1_04847 (length 364)
prokka_CHQ_1/CHQ_1:Prokka:CHQ_1_04848 (length 375)
prokka_CHQ_1/CHQ_1:Prokka:CHQ_1_04849 (length 358)
prokka_CHQ_1/CHQ_1:Prokka:CHQ_1_04850 (length 320)
prokka_CHQ_1/CHQ_1:Prokka:CHQ_1_04851 (length 359)
prokka_CHQ_1/CHQ_1:Prokka:CHQ_1_04852 (length 389)
prokka_CHQ_1/CHQ_1:Prokka:CHQ_1_04853 (length 302)
prokka_CHQ_1/CHQ_1:Prokka:CHQ_1_04854 (length 323)
prokka_CHQ_1/CHQ_1:Prokka:CHQ_1_04855 (length 352)
prokka_CHQ_1/CHQ_1:Prokka:CHQ_1_04856 (length 310)
prokka_CHQ_1/CHQ_1:Prokka:CHQ_1_04857 (length 397)
prokka_CHQ_1/CHQ_1:Prokka:CHQ_1_04858 (length 341)
prokka_CHQ_1/CHQ_1:Prokka:CHQ_1_04859 (length 262)
prokka_CHQ_1/CHQ_1:Prokka:CHQ_1_04860 (length 318)
prokka_CHQ_1/CHQ_1:Prokka:CHQ_1_04861 (length 423)
prokka_CHQ_1/CHQ_1:Prokka:CHQ_1_04862 (length 514)
prokka_CHQ_1/CHQ_1:Prokka:CHQ_1_04863 (length 143)
prokka_CHQ_1/CHQ_1:Prokka:CHQ_1_04864 (length 83)
prokka_CHQ_1/CHQ_1:Prokka:CHQ_1_04865 (length 155)
prokka_CHQ_1/CHQ_1:Prokka:CHQ_1_04866 (length 339)
prokka_CHQ_1/CHQ_1:Prokka:CHQ_1_04867 (length 273)
prokka_CHQ_1/CHQ_1:Prokka:CHQ_1_04868 (length 157)
prokka_CHQ_1/CHQ_1:Prokka:CHQ_1_04869 (length 394)
prokka_CHQ_1/CHQ_1:Prokka:CHQ_1_04870 (length 257)
prokka_CHQ_1/CHQ_1:Prokka:CHQ_1_04871 (length 551)
prokka_CHQ_1/CHQ_1:Prokka:CHQ_1_04872 (length 120)
prokka_CHQ_1/CHQ_1:Prokka:CHQ_1_04873 (length 74)
prokka_CHQ_1/CHQ_1:Prokka:CHQ_1_04874 (length 199)
prokka_CHQ_1/CHQ_1:Prokka:CHQ_1_04875 (length 382)
prokka_CHQ_1/CHQ_1:Prokka:CHQ_1_04876 (length 635)
prokka_CHQ_1/CHQ_1:Prokka:CHQ_1_04877 (length 122)
prokka_CHQ_1/CHQ_1:Prokka:CHQ_1_04878 (length 378)
prokka_CHQ_1/CHQ_1:Prokka:CHQ_1_04879 (length 202)
prokka_CHQ_1/CHQ_1:Prokka:CHQ_1_04880 (length 462)
prokka_CHQ_1/CHQ_1:Prokka:CHQ_1_04881 (length 613)
prokka_CHQ_1/CHQ_1:Prokka:CHQ_1_04882 (length 649)
prokka_CHQ_1/CHQ_1:Prokka:CHQ_1_04883 (length 466)
prokka_CHQ_1/CHQ_1:Prokka:CHQ_1_04884 (length 271)
prokka_CHQ_1/CHQ_1:Prokka:CHQ_1_04885 (length 161)
prokka_CHQ_1/CHQ_1:Prokka:CHQ_1_04886 (length 418)
prokka_CHQ_1/CHQ_1:Prokka:CHQ_1_04887 (length 677)
prokka_CHQ_1/CHQ_1:Prokka:CHQ_1_04888 (length 187)
prokka_CHQ_1/CHQ_1:Prokka:CHQ_1_04889 (length 392)
prokka_CHQ_1/CHQ_1:Prokka:CHQ_1_04890 (length 393)
prokka_CHQ_1/CHQ_1:Prokka:CHQ_1_04891 (length 513)
prokka_CHQ_1/CHQ_1:Prokka:CHQ_1_04892 (length 331)
prokka_CHQ_1/CHQ_1:Prokka:CHQ_1_04893 (length 440)
prokka_CHQ_1/CHQ_1:Prokka:CHQ_1_04894 (length 484)
prokka_CHQ_1/CHQ_1:Prokka:CHQ_1_04895 (length 123)
prokka_CHQ_1/CHQ_1:Prokka:CHQ_1_04896 (length 331)
prokka_CHQ_1/CHQ_1:Prokka:CHQ_1_04897 (length 100)
prokka_CHQ_1/CHQ_1:Prokka:CHQ_1_04898 (length 303)
prokka_CHQ_1/CHQ_1:Prokka:CHQ_1_04899 (length 689)
prokka_CHQ_1/CHQ_1:Prokka:CHQ_1_04900 (length 50)
prokka_CHQ_1/CHQ_1:Prokka:CHQ_1_04901 (length 539)
prokka_CHQ_1/CHQ_1:Prokka:CHQ_1_04902 (length 70)
prokka_CHQ_1/CHQ_1:Prokka:CHQ_1_04903 (length 96)
prokka_CHQ_1/CHQ_1:Prokka:CHQ_1_04904 (length 451)
prokka_CHQ_1/CHQ_1:Prokka:CHQ_1_04905 (length 236)
prokka_CHQ_1/CHQ_1:Prokka:CHQ_1_04906 (length 323)
prokka_CHQ_1/CHQ_1:Prokka:CHQ_1_04907 (length 426)
prokka_CHQ_1/CHQ_1:Prokka:CHQ_1_04908 (length 311)
prokka_CHQ_1/CHQ_1:Prokka:CHQ_1_04909 (length 249)
prokka_CHQ_1/CHQ_1:Prokka:CHQ_1_04910 (length 338)
prokka_CHQ_1/CHQ_1:Prokka:CHQ_1_04911 (length 220)
prokka_CHQ_1/CHQ_1:Prokka:CHQ_1_04912 (length 776)
prokka_CHQ_1/CHQ_1:Prokka:CHQ_1_04913 (length 146)
prokka_CHQ_1/CHQ_1:Prokka:CHQ_1_04914 (length 193)
prokka_CHQ_1/CHQ_1:Prokka:CHQ_1_04915 (length 214)
prokka_CHQ_1/CHQ_1:Prokka:CHQ_1_04916 (length 401)
prokka_CHQ_1/CHQ_1:Prokka:CHQ_1_04917 (length 557)
prokka_CHQ_1/CHQ_1:Prokka:CHQ_1_04918 (length 464)
prokka_CHQ_1/CHQ_1:Prokka:CHQ_1_04920 (length 535)
prokka_CHQ_1/CHQ_1:Prokka:CHQ_1_04921 (length 339)
prokka_CHQ_1/CHQ_1:Prokka:CHQ_1_04922 (length 300)
prokka_CHQ_1/CHQ_1:Prokka:CHQ_1_04923 (length 327)
prokka_CHQ_1/CHQ_1:Prokka:CHQ_1_04924 (length 337)
prokka_CHQ_1/CHQ_1:Prokka:CHQ_1_04925 (length 178)
prokka_CHQ_1/CHQ_1:Prokka:CHQ_1_04926 (length 267)
prokka_CHQ_1/CHQ_1:Prokka:CHQ_1_04927 (length 703)
prokka_CHQ_1/CHQ_1:Prokka:CHQ_1_04928 (length 811)
prokka_CHQ_1/CHQ_1:Prokka:CHQ_1_04929 (length 1350)
prokka_CHQ_1/CHQ_1:Prokka:CHQ_1_04930 (length 158)
prokka_CHQ_1/CHQ_1:Prokka:CHQ_1_04931 (length 333)
prokka_CHQ_1/CHQ_1:Prokka:CHQ_1_04932 (length 558)
prokka_CHQ_1/CHQ_1:Prokka:CHQ_1_04933 (length 65)
prokka_CHQ_1/CHQ_1:Prokka:CHQ_1_04934 (length 517)
prokka_CHQ_1/CHQ_1:Prokka:CHQ_1_04935 (length 62)
prokka_CHQ_1/CHQ_1:Prokka:CHQ_1_04936 (length 243)
prokka_CHQ_1/CHQ_1:Prokka:CHQ_1_04937 (length 872)
prokka_CHQ_1/CHQ_1:Prokka:CHQ_1_04938 (length 774)
prokka_CHQ_1/CHQ_1:Prokka:CHQ_1_04939 (length 369)
prokka_CHQ_1/CHQ_1:Prokka:CHQ_1_04940 (length 1159)
prokka_CHQ_1/CHQ_1:Prokka:CHQ_1_04941 (length 668)
prokka_CHQ_1/CHQ_1:Prokka:CHQ_1_04942 (length 428)
prokka_CHQ_1/CHQ_1:Prokka:CHQ_1_04943 (length 503)
prokka_CHQ_1/CHQ_1:Prokka:CHQ_1_04944 (length 309)
prokka_CHQ_1/CHQ_1:Prokka:CHQ_1_04945 (length 683)
prokka_CHQ_1/CHQ_1:Prokka:CHQ_1_04946 (length 440)
prokka_CHQ_1/CHQ_1:Prokka:CHQ_1_04947 (length 343)
prokka_CHQ_1/CHQ_1:Prokka:CHQ_1_04948 (length 299)
prokka_CHQ_1/CHQ_1:Prokka:CHQ_1_04949 (length 252)
prokka_CHQ_1/CHQ_1:Prokka:CHQ_1_04950 (length 177)
prokka_CHQ_1/CHQ_1:Prokka:CHQ_1_04951 (length 550)
prokka_CHQ_1/CHQ_1:Prokka:CHQ_1_04952 (length 397)
prokka_CHQ_1/CHQ_1:Prokka:CHQ_1_04953 (length 207)
prokka_CHQ_1/CHQ_1:Prokka:CHQ_1_04954 (length 450)
prokka_CHQ_1/CHQ_1:Prokka:CHQ_1_04955 (length 280)
prokka_CHQ_1/CHQ_1:Prokka:CHQ_1_04956 (length 423)
prokka_CHQ_1/CHQ_1:Prokka:CHQ_1_04957 (length 680)
prokka_CHQ_1/CHQ_1:Prokka:CHQ_1_04958 (length 264)
prokka_CHQ_1/CHQ_1:Prokka:CHQ_1_04959 (length 490)
prokka_CHQ_1/CHQ_1:Prokka:CHQ_1_04960 (length 145)
prokka_CHQ_1/CHQ_1:Prokka:CHQ_1_04961 (length 111)
prokka_CHQ_1/CHQ_1:Prokka:CHQ_1_04962 (length 498)
prokka_CHQ_1/CHQ_1:Prokka:CHQ_1_04963 (length 382)
prokka_CHQ_1/CHQ_1:Prokka:CHQ_1_04964 (length 627)
prokka_CHQ_1/CHQ_1:Prokka:CHQ_1_04965 (length 387)
prokka_CHQ_1/CHQ_1:Prokka:CHQ_1_04966 (length 464)
prokka_CHQ_1/CHQ_1:Prokka:CHQ_1_04967 (length 232)
prokka_CHQ_1/CHQ_1:Prokka:CHQ_1_04968 (length 317)
prokka_CHQ_1/CHQ_1:Prokka:CHQ_1_04969 (length 91)
prokka_CHQ_1/CHQ_1:Prokka:CHQ_1_04970 (length 165)
prokka_CHQ_1/CHQ_1:Prokka:CHQ_1_46 (length 78570)
prokka_CHQ_1/CHQ_1:Prokka:CHQ_1_04971 (length 183)
prokka_CHQ_1/CHQ_1:Prokka:CHQ_1_04972 (length 617)
prokka_CHQ_1/CHQ_1:Prokka:CHQ_1_04973 (length 339)
prokka_CHQ_1/CHQ_1:Prokka:CHQ_1_04974 (length 213)
prokka_CHQ_1/CHQ_1:Prokka:CHQ_1_04975 (length 417)
prokka_CHQ_1/CHQ_1:Prokka:CHQ_1_04976 (length 114)
prokka_CHQ_1/CHQ_1:Prokka:CHQ_1_04977 (length 92)
prokka_CHQ_1/CHQ_1:Prokka:CHQ_1_04978 (length 137)
prokka_CHQ_1/CHQ_1:Prokka:CHQ_1_04979 (length 331)
prokka_CHQ_1/CHQ_1:Prokka:CHQ_1_04980 (length 294)
prokka_CHQ_1/CHQ_1:Prokka:CHQ_1_04981 (length 284)
prokka_CHQ_1/CHQ_1:Prokka:CHQ_1_04982 (length 248)
prokka_CHQ_1/CHQ_1:Prokka:CHQ_1_04983 (length 644)
prokka_CHQ_1/CHQ_1:Prokka:CHQ_1_04984 (length 428)
prokka_CHQ_1/CHQ_1:Prokka:CHQ_1_04985 (length 160)
prokka_CHQ_1/CHQ_1:Prokka:CHQ_1_04986 (length 186)
prokka_CHQ_1/CHQ_1:Prokka:CHQ_1_04987 (length 103)
prokka_CHQ_1/CHQ_1:Prokka:CHQ_1_04988 (length 293)
prokka_CHQ_1/CHQ_1:Prokka:CHQ_1_04989 (length 396)
prokka_CHQ_1/CHQ_1:Prokka:CHQ_1_04990 (length 338)
prokka_CHQ_1/CHQ_1:Prokka:CHQ_1_04991 (length 242)
prokka_CHQ_1/CHQ_1:Prokka:CHQ_1_04992 (length 218)
prokka_CHQ_1/CHQ_1:Prokka:CHQ_1_04993 (length 250)
prokka_CHQ_1/CHQ_1:Prokka:CHQ_1_04994 (length 184)
prokka_CHQ_1/CHQ_1:Prokka:CHQ_1_04995 (length 442)
prokka_CHQ_1/CHQ_1:Prokka:CHQ_1_04996 (length 285)
prokka_CHQ_1/CHQ_1:Prokka:CHQ_1_04997 (length 302)
prokka_CHQ_1/CHQ_1:Prokka:CHQ_1_04998 (length 369)
prokka_CHQ_1/CHQ_1:Prokka:CHQ_1_04999 (length 197)
prokka_CHQ_1/CHQ_1:Prokka:CHQ_1_05000 (length 249)
prokka_CHQ_1/CHQ_1:Prokka:CHQ_1_05001 (length 301)
prokka_CHQ_1/CHQ_1:Prokka:CHQ_1_05002 (length 421)
prokka_CHQ_1/CHQ_1:Prokka:CHQ_1_05003 (length 139)
prokka_CHQ_1/CHQ_1:Prokka:CHQ_1_05004 (length 80)
prokka_CHQ_1/CHQ_1:Prokka:CHQ_1_05005 (length 379)
prokka_CHQ_1/CHQ_1:Prokka:CHQ_1_05006 (length 166)
prokka_CHQ_1/CHQ_1:Prokka:CHQ_1_05007 (length 148)
prokka_CHQ_1/CHQ_1:Prokka:CHQ_1_05008 (length 263)
prokka_CHQ_1/CHQ_1:Prokka:CHQ_1_05009 (length 394)
prokka_CHQ_1/CHQ_1:Prokka:CHQ_1_05010 (length 230)
prokka_CHQ_1/CHQ_1:Prokka:CHQ_1_05011 (length 169)
prokka_CHQ_1/CHQ_1:Prokka:CHQ_1_05012 (length 118)
prokka_CHQ_1/CHQ_1:Prokka:CHQ_1_05013 (length 79)
prokka_CHQ_1/CHQ_1:Prokka:CHQ_1_05014 (length 337)
prokka_CHQ_1/CHQ_1:Prokka:CHQ_1_05015 (length 33)
prokka_CHQ_1/CHQ_1:Prokka:CHQ_1_05016 (length 87)
prokka_CHQ_1/CHQ_1:Prokka:CHQ_1_05017 (length 212)
prokka_CHQ_1/CHQ_1:Prokka:CHQ_1_05018 (length 304)
prokka_CHQ_1/CHQ_1:Prokka:CHQ_1_05019 (length 347)
prokka_CHQ_1/CHQ_1:Prokka:CHQ_1_05020 (length 402)
prokka_CHQ_1/CHQ_1:Prokka:CHQ_1_05021 (length 594)
prokka_CHQ_1/CHQ_1:Prokka:CHQ_1_05022 (length 299)
prokka_CHQ_1/CHQ_1:Prokka:CHQ_1_05023 (length 500)
prokka_CHQ_1/CHQ_1:Prokka:CHQ_1_05024 (length 136)
prokka_CHQ_1/CHQ_1:Prokka:CHQ_1_05025 (length 228)
prokka_CHQ_1/CHQ_1:Prokka:CHQ_1_05026 (length 210)
prokka_CHQ_1/CHQ_1:Prokka:CHQ_1_05027 (length 34)
prokka_CHQ_1/CHQ_1:Prokka:CHQ_1_05028 (length 65)
prokka_CHQ_1/CHQ_1:Prokka:CHQ_1_05029 (length 336)
prokka_CHQ_1/CHQ_1:Prokka:CHQ_1_05030 (length 473)
prokka_CHQ_1/CHQ_1:Prokka:CHQ_1_05031 (length 295)
prokka_CHQ_1/CHQ_1:Prokka:CHQ_1_05032 (length 168)
prokka_CHQ_1/CHQ_1:Prokka:CHQ_1_05033 (length 164)
prokka_CHQ_1/CHQ_1:Prokka:CHQ_1_05034 (length 61)
prokka_CHQ_1/CHQ_1:Prokka:CHQ_1_05035 (length 397)
prokka_CHQ_1/CHQ_1:Prokka:CHQ_1_05036 (length 75)
prokka_CHQ_1/CHQ_1:Prokka:CHQ_1_05037 (length 181)
prokka_CHQ_1/CHQ_1:Prokka:CHQ_1_05038 (length 213)
prokka_CHQ_1/CHQ_1:Prokka:CHQ_1_05039 (length 157)
prokka_CHQ_1/CHQ_1:Prokka:CHQ_1_05040 (length 107)
prokka_CHQ_1/CHQ_1:Prokka:CHQ_1_05041 (length 130)
prokka_CHQ_1/CHQ_1:Prokka:CHQ_1_05042 (length 237)
prokka_CHQ_1/CHQ_1:Prokka:CHQ_1_05043 (length 58)
prokka_CHQ_1/CHQ_1:Prokka:CHQ_1_05044 (length 269)
prokka_CHQ_1/CHQ_1:Prokka:CHQ_1_05045 (length 225)
prokka_CHQ_1/CHQ_1:Prokka:CHQ_1_05046 (length 349)
prokka_CHQ_1/CHQ_1:Prokka:CHQ_1_05047 (length 436)
prokka_CHQ_1/CHQ_1:Prokka:CHQ_1_05048 (length 139)
prokka_CHQ_1/CHQ_1:Prokka:CHQ_1_05049 (length 280)
prokka_CHQ_1/CHQ_1:Prokka:CHQ_1_05050 (length 87)
prokka_CHQ_1/CHQ_1:Prokka:CHQ_1_05051 (length 823)
prokka_CHQ_1/CHQ_1:Prokka:CHQ_1_05052 (length 860)
prokka_CHQ_1/CHQ_1:Prokka:CHQ_1_47 (length 1110)
prokka_CHQ_1/CHQ_1:Prokka:CHQ_1_05053 (length 121)
prokka_CHQ_1/CHQ_1:Prokka:CHQ_1_05054 (length 179)
prokka_CHQ_1/CHQ_1:Prokka:CHQ_1_48 (length 1110)
prokka_CHQ_1/CHQ_1:Prokka:CHQ_1_05055 (length 121)
prokka_CHQ_1/CHQ_1:Prokka:CHQ_1_05056 (length 179)
prokka_CHQ_1/CHQ_1:Prokka:CHQ_1_49 (length 10501)
prokka_CHQ_1/CHQ_1:Prokka:CHQ_1_05057 (length 194)
prokka_CHQ_1/CHQ_1:Prokka:CHQ_1_05058 (length 238)
prokka_CHQ_1/CHQ_1:Prokka:CHQ_1_05059 (length 216)
prokka_CHQ_1/CHQ_1:Prokka:CHQ_1_05060 (length 324)
prokka_CHQ_1/CHQ_1:Prokka:CHQ_1_05061 (length 828)
prokka_CHQ_1/CHQ_1:Prokka:CHQ_1_05062 (length 233)
prokka_CHQ_1/CHQ_1:Prokka:CHQ_1_05063 (length 202)
prokka_CHQ_1/CHQ_1:Prokka:CHQ_1_05064 (length 35)
prokka_CHQ_1/CHQ_1:Prokka:CHQ_1_05065 (length 93)
prokka_CHQ_1/CHQ_1:Prokka:CHQ_1_50 (length 6454)
prokka_CHQ_1/CHQ_1:Prokka:CHQ_1_05066 (length 93)
prokka_CHQ_1/CHQ_1:Prokka:CHQ_1_05067 (length 285)
prokka_CHQ_1/CHQ_1:Prokka:CHQ_1_05068 (length 126)
prokka_CHQ_1/CHQ_1:Prokka:CHQ_1_05069 (length 452)
prokka_CHQ_1/CHQ_1:Prokka:CHQ_1_51 (length 71728)
prokka_CHQ_1/CHQ_1:Prokka:CHQ_1_05070 (length 286)
prokka_CHQ_1/CHQ_1:Prokka:CHQ_1_05071 (length 253)
prokka_CHQ_1/CHQ_1:Prokka:CHQ_1_05072 (length 965)
prokka_CHQ_1/CHQ_1:Prokka:CHQ_1_05073 (length 201)
prokka_CHQ_1/CHQ_1:Prokka:CHQ_1_05074 (length 695)
prokka_CHQ_1/CHQ_1:Prokka:CHQ_1_05075 (length 316)
prokka_CHQ_1/CHQ_1:Prokka:CHQ_1_05076 (length 435)
prokka_CHQ_1/CHQ_1:Prokka:CHQ_1_05077 (length 131)
prokka_CHQ_1/CHQ_1:Prokka:CHQ_1_05078 (length 116)
prokka_CHQ_1/CHQ_1:Prokka:CHQ_1_05079 (length 217)
prokka_CHQ_1/CHQ_1:Prokka:CHQ_1_05080 (length 85)
prokka_CHQ_1/CHQ_1:Prokka:CHQ_1_05081 (length 110)
prokka_CHQ_1/CHQ_1:Prokka:CHQ_1_05082 (length 144)
prokka_CHQ_1/CHQ_1:Prokka:CHQ_1_05083 (length 181)
prokka_CHQ_1/CHQ_1:Prokka:CHQ_1_05084 (length 247)
prokka_CHQ_1/CHQ_1:Prokka:CHQ_1_05085 (length 69)
prokka_CHQ_1/CHQ_1:Prokka:CHQ_1_05086 (length 72)
prokka_CHQ_1/CHQ_1:Prokka:CHQ_1_05087 (length 227)
prokka_CHQ_1/CHQ_1:Prokka:CHQ_1_05088 (length 85)
prokka_CHQ_1/CHQ_1:Prokka:CHQ_1_05089 (length 424)
prokka_CHQ_1/CHQ_1:Prokka:CHQ_1_05090 (length 118)
prokka_CHQ_1/CHQ_1:Prokka:CHQ_1_05091 (length 192)
prokka_CHQ_1/CHQ_1:Prokka:CHQ_1_05092 (length 135)
prokka_CHQ_1/CHQ_1:Prokka:CHQ_1_05093 (length 181)
prokka_CHQ_1/CHQ_1:Prokka:CHQ_1_05094 (length 156)
prokka_CHQ_1/CHQ_1:Prokka:CHQ_1_05095 (length 82)
prokka_CHQ_1/CHQ_1:Prokka:CHQ_1_05096 (length 195)
prokka_CHQ_1/CHQ_1:Prokka:CHQ_1_05097 (length 161)
prokka_CHQ_1/CHQ_1:Prokka:CHQ_1_05098 (length 82)
prokka_CHQ_1/CHQ_1:Prokka:CHQ_1_05099 (length 246)
prokka_CHQ_1/CHQ_1:Prokka:CHQ_1_05100 (length 324)
prokka_CHQ_1/CHQ_1:Prokka:CHQ_1_05101 (length 147)
prokka_CHQ_1/CHQ_1:Prokka:CHQ_1_05102 (length 187)
prokka_CHQ_1/CHQ_1:Prokka:CHQ_1_05103 (length 168)
prokka_CHQ_1/CHQ_1:Prokka:CHQ_1_05104 (length 159)
prokka_CHQ_1/CHQ_1:Prokka:CHQ_1_05105 (length 136)
prokka_CHQ_1/CHQ_1:Prokka:CHQ_1_05106 (length 87)
prokka_CHQ_1/CHQ_1:Prokka:CHQ_1_05107 (length 120)
prokka_CHQ_1/CHQ_1:Prokka:CHQ_1_05108 (length 149)
prokka_CHQ_1/CHQ_1:Prokka:CHQ_1_05109 (length 88)
prokka_CHQ_1/CHQ_1:Prokka:CHQ_1_05110 (length 59)
prokka_CHQ_1/CHQ_1:Prokka:CHQ_1_05111 (length 286)
prokka_CHQ_1/CHQ_1:Prokka:CHQ_1_05112 (length 112)
prokka_CHQ_1/CHQ_1:Prokka:CHQ_1_05113 (length 76)
prokka_CHQ_1/CHQ_1:Prokka:CHQ_1_05114 (length 37)
prokka_CHQ_1/CHQ_1:Prokka:CHQ_1_05115 (length 136)
prokka_CHQ_1/CHQ_1:Prokka:CHQ_1_05116 (length 101)
prokka_CHQ_1/CHQ_1:Prokka:CHQ_1_05117 (length 146)
prokka_CHQ_1/CHQ_1:Prokka:CHQ_1_05118 (length 94)
prokka_CHQ_1/CHQ_1:Prokka:CHQ_1_05119 (length 73)
prokka_CHQ_1/CHQ_1:Prokka:CHQ_1_05120 (length 144)
prokka_CHQ_1/CHQ_1:Prokka:CHQ_1_05121 (length 103)
prokka_CHQ_1/CHQ_1:Prokka:CHQ_1_05122 (length 178)
prokka_CHQ_1/CHQ_1:Prokka:CHQ_1_05123 (length 46)
prokka_CHQ_1/CHQ_1:Prokka:CHQ_1_05124 (length 121)
prokka_CHQ_1/CHQ_1:Prokka:CHQ_1_05125 (length 659)
prokka_CHQ_1/CHQ_1:Prokka:CHQ_1_05126 (length 166)
prokka_CHQ_1/CHQ_1:Prokka:CHQ_1_05127 (length 259)
prokka_CHQ_1/CHQ_1:Prokka:CHQ_1_05128 (length 387)
prokka_CHQ_1/CHQ_1:Prokka:CHQ_1_05129 (length 86)
prokka_CHQ_1/CHQ_1:Prokka:CHQ_1_05130 (length 1086)
prokka_CHQ_1/CHQ_1:Prokka:CHQ_1_05131 (length 178)
prokka_CHQ_1/CHQ_1:Prokka:CHQ_1_05132 (length 136)
prokka_CHQ_1/CHQ_1:Prokka:CHQ_1_05133 (length 237)
prokka_CHQ_1/CHQ_1:Prokka:CHQ_1_05134 (length 383)
prokka_CHQ_1/CHQ_1:Prokka:CHQ_1_05135 (length 449)
prokka_CHQ_1/CHQ_1:Prokka:CHQ_1_05136 (length 234)
prokka_CHQ_1/CHQ_1:Prokka:CHQ_1_05137 (length 176)
prokka_CHQ_1/CHQ_1:Prokka:CHQ_1_05138 (length 129)
prokka_CHQ_1/CHQ_1:Prokka:CHQ_1_05139 (length 164)
prokka_CHQ_1/CHQ_1:Prokka:CHQ_1_05140 (length 1016)
prokka_CHQ_1/CHQ_1:Prokka:CHQ_1_05141 (length 402)
prokka_CHQ_1/CHQ_1:Prokka:CHQ_1_05142 (length 216)
prokka_CHQ_1/CHQ_1:Prokka:CHQ_1_05143 (length 726)
prokka_CHQ_1/CHQ_1:Prokka:CHQ_1_05144 (length 217)
prokka_CHQ_1/CHQ_1:Prokka:CHQ_1_05145 (length 76)
prokka_CHQ_1/CHQ_1:Prokka:CHQ_1_05146 (length 351)
prokka_CHQ_1/CHQ_1:Prokka:CHQ_1_05147 (length 337)
prokka_CHQ_1/CHQ_1:Prokka:CHQ_1_05148 (length 215)
prokka_CHQ_1/CHQ_1:Prokka:CHQ_1_05149 (length 262)
prokka_CHQ_1/CHQ_1:Prokka:CHQ_1_05150 (length 285)
prokka_CHQ_1/CHQ_1:Prokka:CHQ_1_05151 (length 275)
prokka_CHQ_1/CHQ_1:Prokka:CHQ_1_05152 (length 115)
prokka_CHQ_1/CHQ_1:Prokka:CHQ_1_05153 (length 279)
prokka_CHQ_1/CHQ_1:Prokka:CHQ_1_05154 (length 166)
prokka_CHQ_1/CHQ_1:Prokka:CHQ_1_05155 (length 254)
prokka_CHQ_1/CHQ_1:Prokka:CHQ_1_05156 (length 70)
prokka_CHQ_1/CHQ_1:Prokka:CHQ_1_05157 (length 78)
prokka_CHQ_1/CHQ_1:Prokka:CHQ_1_05158 (length 121)
prokka_CHQ_1/CHQ_1:Prokka:CHQ_1_05159 (length 88)

FATAL: DiscRep_ALL:RRNA_NAME_CONFLICTS::2 rRNA product names are not standard. Correct the names to the standard format, eg "16S ribosomal RNA"
prokka_CHQ_1/CHQ_1:rRNA	5S ribosomal RNA (partial)	CHQ_1_36:4-93	CHQ_1_03603
prokka_CHQ_1/CHQ_1:rRNA	5S ribosomal RNA (partial)	CHQ_1_39:4-93	CHQ_1_03832

DiscRep_ALL:DISC_INCONSISTENT_MOLINFO_TECH::Molinfo Technique Report (some missing, all same)
DiscRep_SUB:DISC_INCONSISTENT_MOLINFO_TECH::technique (all missing)
DiscRep_SUB:DISC_INCONSISTENT_MOLINFO_TECH::51 Molinfos are missing field technique
prokka_CHQ_1/CHQ_1:Prokka:CHQ_1_1 (length 377848)
prokka_CHQ_1/CHQ_1:Prokka:CHQ_1_2 (length 24665)
prokka_CHQ_1/CHQ_1:Prokka:CHQ_1_3 (length 2356)
prokka_CHQ_1/CHQ_1:Prokka:CHQ_1_4 (length 10924)
prokka_CHQ_1/CHQ_1:Prokka:CHQ_1_5 (length 1199)
prokka_CHQ_1/CHQ_1:Prokka:CHQ_1_6 (length 1122)
prokka_CHQ_1/CHQ_1:Prokka:CHQ_1_7 (length 318386)
prokka_CHQ_1/CHQ_1:Prokka:CHQ_1_8 (length 461267)
prokka_CHQ_1/CHQ_1:Prokka:CHQ_1_9 (length 3209)
prokka_CHQ_1/CHQ_1:Prokka:CHQ_1_10 (length 304583)
prokka_CHQ_1/CHQ_1:Prokka:CHQ_1_11 (length 1351)
prokka_CHQ_1/CHQ_1:Prokka:CHQ_1_12 (length 6019)
prokka_CHQ_1/CHQ_1:Prokka:CHQ_1_13 (length 8405)
prokka_CHQ_1/CHQ_1:Prokka:CHQ_1_14 (length 5132)
prokka_CHQ_1/CHQ_1:Prokka:CHQ_1_15 (length 216607)
prokka_CHQ_1/CHQ_1:Prokka:CHQ_1_16 (length 2667)
prokka_CHQ_1/CHQ_1:Prokka:CHQ_1_17 (length 302596)
prokka_CHQ_1/CHQ_1:Prokka:CHQ_1_18 (length 289500)
prokka_CHQ_1/CHQ_1:Prokka:CHQ_1_19 (length 155069)
prokka_CHQ_1/CHQ_1:Prokka:CHQ_1_20 (length 390437)
prokka_CHQ_1/CHQ_1:Prokka:CHQ_1_21 (length 12161)
prokka_CHQ_1/CHQ_1:Prokka:CHQ_1_22 (length 7099)
prokka_CHQ_1/CHQ_1:Prokka:CHQ_1_23 (length 13329)
prokka_CHQ_1/CHQ_1:Prokka:CHQ_1_24 (length 2218)
prokka_CHQ_1/CHQ_1:Prokka:CHQ_1_25 (length 111723)
prokka_CHQ_1/CHQ_1:Prokka:CHQ_1_26 (length 34483)
prokka_CHQ_1/CHQ_1:Prokka:CHQ_1_27 (length 60013)
prokka_CHQ_1/CHQ_1:Prokka:CHQ_1_28 (length 26467)
prokka_CHQ_1/CHQ_1:Prokka:CHQ_1_29 (length 84098)
prokka_CHQ_1/CHQ_1:Prokka:CHQ_1_30 (length 22810)
prokka_CHQ_1/CHQ_1:Prokka:CHQ_1_31 (length 10521)
prokka_CHQ_1/CHQ_1:Prokka:CHQ_1_32 (length 140389)
prokka_CHQ_1/CHQ_1:Prokka:CHQ_1_33 (length 1793)
prokka_CHQ_1/CHQ_1:Prokka:CHQ_1_34 (length 99418)
prokka_CHQ_1/CHQ_1:Prokka:CHQ_1_35 (length 273543)
prokka_CHQ_1/CHQ_1:Prokka:CHQ_1_36 (length 17141)
prokka_CHQ_1/CHQ_1:Prokka:CHQ_1_37 (length 226637)
prokka_CHQ_1/CHQ_1:Prokka:CHQ_1_38 (length 1715)
prokka_CHQ_1/CHQ_1:Prokka:CHQ_1_39 (length 199809)
prokka_CHQ_1/CHQ_1:Prokka:CHQ_1_40 (length 302529)
prokka_CHQ_1/CHQ_1:Prokka:CHQ_1_41 (length 4871)
prokka_CHQ_1/CHQ_1:Prokka:CHQ_1_42 (length 89278)
prokka_CHQ_1/CHQ_1:Prokka:CHQ_1_43 (length 289664)
prokka_CHQ_1/CHQ_1:Prokka:CHQ_1_44 (length 94249)
prokka_CHQ_1/CHQ_1:Prokka:CHQ_1_45 (length 235086)
prokka_CHQ_1/CHQ_1:Prokka:CHQ_1_46 (length 78570)
prokka_CHQ_1/CHQ_1:Prokka:CHQ_1_47 (length 1110)
prokka_CHQ_1/CHQ_1:Prokka:CHQ_1_48 (length 1110)
prokka_CHQ_1/CHQ_1:Prokka:CHQ_1_49 (length 10501)
prokka_CHQ_1/CHQ_1:Prokka:CHQ_1_50 (length 6454)
prokka_CHQ_1/CHQ_1:Prokka:CHQ_1_51 (length 71728)

