Discrepancy Report Results

Summary
FATAL: BAD_LOCUS_TAG_FORMAT:1121 locus tags are incorrectly formatted.
DISC_SOURCE_QUALS_ASNDISC:strain (all present, all same)
DISC_SOURCE_QUALS_ASNDISC:taxname (all present, all same)
DISC_FEATURE_COUNT:gene: 1121 present
DISC_FEATURE_COUNT:CDS: 1089 present
DISC_FEATURE_COUNT:tRNA: 31 present
DISC_FEATURE_COUNT:tmRNA: 1 present
DISC_COUNT_NUCLEOTIDES:28 nucleotide Bioseqs are present
OVERLAPPING_GENES:322 genes overlap another gene on the same strand.
OVERLAPPING_CDS:4 coding regions overlap another coding region with a similar or identical name.
SUSPECT_PRODUCT_NAMES:4 product_names contain suspect phrase or characters
	May contain database identifier more appropriate in note; remove from product name
		2 features contains three or more numbers together that may be identifiers more appropriate in note
	Use short product name instead of descriptive phrase
		1 features Is longer than 100 characters. Remove descriptive phrases or synonyms from product names. Keep valid long product names, eg long enzyme names
	use protein instead of gene as appropriate
		1 features contains 'genes'
DISC_QUALITY_SCORES:Quality scores are missing on all sequences.
ONCALLER_COMMENT_PRESENT:28 comment descriptors were found (all same)
SHORT_PROT_SEQUENCES:12 protein sequences are shorter than 50 aa.
MISSING_GENOMEASSEMBLY_COMMENTS:28 bioseqs are missing GenomeAssembly structured comments
MOLTYPE_NOT_MRNA:28 molecule types are not set as mRNA.
TECHNIQUE_NOT_TSA:28 technique are not set as TSA
MISSING_STRUCTURED_COMMENT:28 sequences do not include structured comments.
MISSING_PROJECT:1117 sequences do not include project.
DISC_INCONSISTENT_MOLINFO_TECH:Molinfo Technique Report (some missing, all same)


Detailed Report

FATAL: DiscRep_ALL:BAD_LOCUS_TAG_FORMAT::1121 locus e incorrectly rectly formatted.
prokka_UBT_5/UBT_5:Gene	UBT_5_00001	UBT_5_1:c1205-156	UBT_5_00001
prokka_UBT_5/UBT_5:Gene	UBT_5_00002	UBT_5_1:c2260-1268	UBT_5_00002
prokka_UBT_5/UBT_5:Gene	dapX	UBT_5_1:c3449-2265	UBT_5_00003
prokka_UBT_5/UBT_5:Gene	gmk_1	UBT_5_1:c4348-3758	UBT_5_00004
prokka_UBT_5/UBT_5:Gene	yhdG_1	UBT_5_1:4469-5869	UBT_5_00005
prokka_UBT_5/UBT_5:Gene	ezrA	UBT_5_1:c7648-5936	UBT_5_00006
prokka_UBT_5/UBT_5:Gene	rpsD	UBT_5_1:7962-8573	UBT_5_00007
prokka_UBT_5/UBT_5:Gene	yueI	UBT_5_1:8694-9065	UBT_5_00008
prokka_UBT_5/UBT_5:Gene	UBT_5_00009	UBT_5_1:9145-10437	UBT_5_00009
prokka_UBT_5/UBT_5:Gene	UBT_5_00010	UBT_5_1:10820-11263	UBT_5_00010
prokka_UBT_5/UBT_5:Gene	UBT_5_00011	UBT_5_1:c12181-11315	UBT_5_00011
prokka_UBT_5/UBT_5:Gene	ddl	UBT_5_1:c13314-12181	UBT_5_00012
prokka_UBT_5/UBT_5:Gene	UBT_5_00013	UBT_5_1:c14365-13376	UBT_5_00013
prokka_UBT_5/UBT_5:Gene	rodA	UBT_5_1:c15585-14365	UBT_5_00014
prokka_UBT_5/UBT_5:Gene	UBT_5_00015	UBT_5_1:c15861-15652	UBT_5_00015
prokka_UBT_5/UBT_5:Gene	mbl	UBT_5_1:c16855-15863	UBT_5_00016
prokka_UBT_5/UBT_5:Gene	UBT_5_00017	UBT_5_1:c17175-16954	UBT_5_00017
prokka_UBT_5/UBT_5:Gene	lysP	UBT_5_1:c18757-17318	UBT_5_00018
prokka_UBT_5/UBT_5:Gene	UBT_5_00019	UBT_5_1:c19675-19019	UBT_5_00019
prokka_UBT_5/UBT_5:Gene	UBT_5_00020	UBT_5_1:19794-20621	UBT_5_00020
prokka_UBT_5/UBT_5:Gene	UBT_5_00021	UBT_5_1:20633-20995	UBT_5_00021
prokka_UBT_5/UBT_5:Gene	brpA_1	UBT_5_1:21012-22187	UBT_5_00022
prokka_UBT_5/UBT_5:Gene	trpS2	UBT_5_1:c23235-22219	UBT_5_00023
prokka_UBT_5/UBT_5:Gene	UBT_5_00024	UBT_5_1:23392-24387	UBT_5_00024
prokka_UBT_5/UBT_5:Gene	UBT_5_00025	UBT_5_1:c25418-24423	UBT_5_00025
prokka_UBT_5/UBT_5:Gene	UBT_5_00026	UBT_5_1:c26480-25458	UBT_5_00026
prokka_UBT_5/UBT_5:Gene	clpC_1	UBT_5_1:c28682-26562	UBT_5_00027
prokka_UBT_5/UBT_5:Gene	UBT_5_00028	UBT_5_1:c28994-28755	UBT_5_00028
prokka_UBT_5/UBT_5:Gene	rlmCD	UBT_5_1:29227-30741	UBT_5_00029
prokka_UBT_5/UBT_5:Gene	UBT_5_00030	UBT_5_1:c31624-30779	UBT_5_00030
prokka_UBT_5/UBT_5:Gene	UBT_5_00031	UBT_5_1:c31958-31626	UBT_5_00031
prokka_UBT_5/UBT_5:Gene	UBT_5_00032	UBT_5_1:c32156-32082	UBT_5_00032
prokka_UBT_5/UBT_5:Gene	UBT_5_00033	UBT_5_1:c32302-32219	UBT_5_00033
prokka_UBT_5/UBT_5:Gene	UBT_5_00034	UBT_5_1:c32736-32365	UBT_5_00034
prokka_UBT_5/UBT_5:Gene	yhhT	UBT_5_1:c33888-32785	UBT_5_00035
prokka_UBT_5/UBT_5:Gene	mutY	UBT_5_1:c34910-33888	UBT_5_00036
prokka_UBT_5/UBT_5:Gene	UBT_5_00037	UBT_5_1:35036-35179	UBT_5_00037
prokka_UBT_5/UBT_5:Gene	ribZ_1	UBT_5_1:35265-36662	UBT_5_00038
prokka_UBT_5/UBT_5:Gene	rlmH	UBT_5_1:c37184-36705	UBT_5_00039
prokka_UBT_5/UBT_5:Gene	htrA_1	UBT_5_1:c38976-37837	UBT_5_00040
prokka_UBT_5/UBT_5:Gene	UBT_5_00041	UBT_5_1:c39820-39041	UBT_5_00041
prokka_UBT_5/UBT_5:Gene	UBT_5_00042	UBT_5_1:c41149-39833	UBT_5_00042
prokka_UBT_5/UBT_5:Gene	walK	UBT_5_1:c43010-41139	UBT_5_00043
prokka_UBT_5/UBT_5:Gene	walR	UBT_5_1:c43821-43114	UBT_5_00044
prokka_UBT_5/UBT_5:Gene	prs	UBT_5_1:c44926-43946	UBT_5_00045
prokka_UBT_5/UBT_5:Gene	tpx	UBT_5_1:c45568-45071	UBT_5_00046
prokka_UBT_5/UBT_5:Gene	yidA_1	UBT_5_1:c46420-45605	UBT_5_00047
prokka_UBT_5/UBT_5:Gene	mdrP	UBT_5_1:c47803-46571	UBT_5_00048
prokka_UBT_5/UBT_5:Gene	idi	UBT_5_1:c48382-47861	UBT_5_00049
prokka_UBT_5/UBT_5:Gene	ppaX	UBT_5_1:c49052-48375	UBT_5_00050
prokka_UBT_5/UBT_5:Gene	hisK	UBT_5_1:c49867-49049	UBT_5_00051
prokka_UBT_5/UBT_5:Gene	xpkA	UBT_5_1:c52462-50009	UBT_5_00052
prokka_UBT_5/UBT_5:Gene	gmuR	UBT_5_1:c53457-52654	UBT_5_00053
prokka_UBT_5/UBT_5:Gene	ybaK	UBT_5_1:53504-53959	UBT_5_00054
prokka_UBT_5/UBT_5:Gene	dnaC	UBT_5_1:c55467-54001	UBT_5_00055
prokka_UBT_5/UBT_5:Gene	rplI	UBT_5_1:c55921-55469	UBT_5_00056
prokka_UBT_5/UBT_5:Gene	gdpP	UBT_5_1:c58001-55971	UBT_5_00057
prokka_UBT_5/UBT_5:Gene	UBT_5_00058	UBT_5_1:c58434-58150	UBT_5_00058
prokka_UBT_5/UBT_5:Gene	ssbA	UBT_5_1:c59014-58469	UBT_5_00059
prokka_UBT_5/UBT_5:Gene	rpsF	UBT_5_1:c59343-59047	UBT_5_00060
prokka_UBT_5/UBT_5:Gene	UBT_5_00061	UBT_5_1:c59814-59509	UBT_5_00061
prokka_UBT_5/UBT_5:Gene	UBT_5_00062	UBT_5_1:c61331-59880	UBT_5_00062
prokka_UBT_5/UBT_5:Gene	ecfT_1	UBT_5_1:c62176-61352	UBT_5_00063
prokka_UBT_5/UBT_5:Gene	ykoD_1	UBT_5_1:c63870-62173	UBT_5_00064
prokka_UBT_5/UBT_5:Gene	UBT_5_00065	UBT_5_1:c64491-63925	UBT_5_00065
prokka_UBT_5/UBT_5:Gene	UBT_5_00066	UBT_5_1:c65425-64886	UBT_5_00066
prokka_UBT_5/UBT_5:Gene	adhA	UBT_5_1:c66641-65586	UBT_5_00067
prokka_UBT_5/UBT_5:Gene	tdh	UBT_5_1:c67698-66796	UBT_5_00068
prokka_UBT_5/UBT_5:Gene	gltX	UBT_5_1:c69330-67834	UBT_5_00069
prokka_UBT_5/UBT_5:Gene	radA	UBT_5_1:c70817-69600	UBT_5_00070
prokka_UBT_5/UBT_5:Gene	dut	UBT_5_1:c71535-70996	UBT_5_00071
prokka_UBT_5/UBT_5:Gene	UBT_5_00072	UBT_5_1:71761-72042	UBT_5_00072
prokka_UBT_5/UBT_5:Gene	rpiA	UBT_5_1:72039-72722	UBT_5_00073
prokka_UBT_5/UBT_5:Gene	aspA	UBT_5_1:72892-74325	UBT_5_00074
prokka_UBT_5/UBT_5:Gene	UBT_5_00075	UBT_5_1:c74432-74358	UBT_5_00075
prokka_UBT_5/UBT_5:Gene	UBT_5_00076	UBT_5_2:c104-31	UBT_5_00076
prokka_UBT_5/UBT_5:Gene	UBT_5_00077	UBT_5_2:c1469-234	UBT_5_00077
prokka_UBT_5/UBT_5:Gene	UBT_5_00078	UBT_5_2:c2418-1504	UBT_5_00078
prokka_UBT_5/UBT_5:Gene	UBT_5_00079	UBT_5_2:c3163-2564	UBT_5_00079
prokka_UBT_5/UBT_5:Gene	yfkN	UBT_5_2:c4819-3314	UBT_5_00080
prokka_UBT_5/UBT_5:Gene	UBT_5_00081	UBT_5_2:c5675-4866	UBT_5_00081
prokka_UBT_5/UBT_5:Gene	phnE	UBT_5_2:c6508-5687	UBT_5_00082
prokka_UBT_5/UBT_5:Gene	ftsE	UBT_5_2:c7254-6508	UBT_5_00083
prokka_UBT_5/UBT_5:Gene	UBT_5_00084	UBT_5_2:c7548-7375	UBT_5_00084
prokka_UBT_5/UBT_5:Gene	UBT_5_00085	UBT_5_2:c8594-7548	UBT_5_00085
prokka_UBT_5/UBT_5:Gene	atpC	UBT_5_2:c9367-8918	UBT_5_00086
prokka_UBT_5/UBT_5:Gene	atpD	UBT_5_2:c10782-9382	UBT_5_00087
prokka_UBT_5/UBT_5:Gene	atpG	UBT_5_2:c11804-10896	UBT_5_00088
prokka_UBT_5/UBT_5:Gene	atpA	UBT_5_2:c13334-11820	UBT_5_00089
prokka_UBT_5/UBT_5:Gene	atpH	UBT_5_2:c13889-13347	UBT_5_00090
prokka_UBT_5/UBT_5:Gene	atpF	UBT_5_2:c14410-13901	UBT_5_00091
prokka_UBT_5/UBT_5:Gene	atpE	UBT_5_2:c14664-14437	UBT_5_00092
prokka_UBT_5/UBT_5:Gene	atpB	UBT_5_2:c15554-14829	UBT_5_00093
prokka_UBT_5/UBT_5:Gene	pyrP	UBT_5_2:c17258-15960	UBT_5_00094
prokka_UBT_5/UBT_5:Gene	prfC	UBT_5_2:c19264-17753	UBT_5_00095
prokka_UBT_5/UBT_5:Gene	UBT_5_00096	UBT_5_2:c19980-19357	UBT_5_00096
prokka_UBT_5/UBT_5:Gene	nnr	UBT_5_2:20113-20781	UBT_5_00097
prokka_UBT_5/UBT_5:Gene	uppP	UBT_5_2:c21696-20848	UBT_5_00098
prokka_UBT_5/UBT_5:Gene	UBT_5_00099	UBT_5_2:21874-21950	UBT_5_00099
prokka_UBT_5/UBT_5:Gene	UBT_5_00100	UBT_5_2:c22689-22051	UBT_5_00100
prokka_UBT_5/UBT_5:Gene	degV	UBT_5_2:c23695-22814	UBT_5_00101
prokka_UBT_5/UBT_5:Gene	crcB_1	UBT_5_2:c24085-23744	UBT_5_00102
prokka_UBT_5/UBT_5:Gene	crcB_2	UBT_5_2:c24516-24082	UBT_5_00103
prokka_UBT_5/UBT_5:Gene	UBT_5_00104	UBT_5_2:24566-24814	UBT_5_00104
prokka_UBT_5/UBT_5:Gene	yflS	UBT_5_2:c26277-24856	UBT_5_00105
prokka_UBT_5/UBT_5:Gene	UBT_5_00106	UBT_5_2:c27699-26305	UBT_5_00106
prokka_UBT_5/UBT_5:Gene	fumC	UBT_5_2:c29097-27706	UBT_5_00107
prokka_UBT_5/UBT_5:Gene	oxyR	UBT_5_2:c30007-29123	UBT_5_00108
prokka_UBT_5/UBT_5:Gene	UBT_5_00109	UBT_5_2:c30555-30085	UBT_5_00109
prokka_UBT_5/UBT_5:Gene	apbE	UBT_5_2:c31507-30530	UBT_5_00110
prokka_UBT_5/UBT_5:Gene	UBT_5_00111	UBT_5_2:c32361-31504	UBT_5_00111
prokka_UBT_5/UBT_5:Gene	UBT_5_00112	UBT_5_2:c32797-32597	UBT_5_00112
prokka_UBT_5/UBT_5:Gene	UBT_5_00113	UBT_5_2:33265-34269	UBT_5_00113
prokka_UBT_5/UBT_5:Gene	UBT_5_00114	UBT_5_2:34266-35165	UBT_5_00114
prokka_UBT_5/UBT_5:Gene	ugpC	UBT_5_2:35158-35913	UBT_5_00115
prokka_UBT_5/UBT_5:Gene	cycA	UBT_5_2:c37324-35987	UBT_5_00116
prokka_UBT_5/UBT_5:Gene	UBT_5_00117	UBT_5_2:37566-38480	UBT_5_00117
prokka_UBT_5/UBT_5:Gene	nupG	UBT_5_2:c39796-38573	UBT_5_00118
prokka_UBT_5/UBT_5:Gene	UBT_5_00119	UBT_5_2:c40936-39980	UBT_5_00119
prokka_UBT_5/UBT_5:Gene	UBT_5_00120	UBT_5_2:c42075-40939	UBT_5_00120
prokka_UBT_5/UBT_5:Gene	mglA	UBT_5_2:c43631-42075	UBT_5_00121
prokka_UBT_5/UBT_5:Gene	argR_1	UBT_5_2:c44093-43833	UBT_5_00122
prokka_UBT_5/UBT_5:Gene	arcC1	UBT_5_2:c45043-44090	UBT_5_00123
prokka_UBT_5/UBT_5:Gene	arcD1	UBT_5_2:c46504-45068	UBT_5_00124
prokka_UBT_5/UBT_5:Gene	arcB_1	UBT_5_2:c47555-46509	UBT_5_00125
prokka_UBT_5/UBT_5:Gene	arcA	UBT_5_2:c48827-47589	UBT_5_00126
prokka_UBT_5/UBT_5:Gene	UBT_5_00127	UBT_5_2:48951-50111	UBT_5_00127
prokka_UBT_5/UBT_5:Gene	UBT_5_00128	UBT_5_2:c50511-50218	UBT_5_00128
prokka_UBT_5/UBT_5:Gene	ntpJ	UBT_5_2:50671-52074	UBT_5_00129
prokka_UBT_5/UBT_5:Gene	ktrA	UBT_5_2:52093-52758	UBT_5_00130
prokka_UBT_5/UBT_5:Gene	UBT_5_00131	UBT_5_2:c53636-52815	UBT_5_00131
prokka_UBT_5/UBT_5:Gene	ohrB	UBT_5_2:c54153-53728	UBT_5_00132
prokka_UBT_5/UBT_5:Gene	UBT_5_00133	UBT_5_2:c54698-54180	UBT_5_00133
prokka_UBT_5/UBT_5:Gene	mdtD_1	UBT_5_2:c56279-54738	UBT_5_00134
prokka_UBT_5/UBT_5:Gene	UBT_5_00135	UBT_5_2:c56696-56391	UBT_5_00135
prokka_UBT_5/UBT_5:Gene	UBT_5_00136	UBT_5_2:56795-57193	UBT_5_00136
prokka_UBT_5/UBT_5:Gene	UBT_5_00137	UBT_5_2:57190-57696	UBT_5_00137
prokka_UBT_5/UBT_5:Gene	argC	UBT_5_2:57821-58864	UBT_5_00138
prokka_UBT_5/UBT_5:Gene	argJ	UBT_5_2:58881-60095	UBT_5_00139
prokka_UBT_5/UBT_5:Gene	argB	UBT_5_2:60118-60855	UBT_5_00140
prokka_UBT_5/UBT_5:Gene	argD	UBT_5_2:60866-61987	UBT_5_00141
prokka_UBT_5/UBT_5:Gene	UBT_5_00142	UBT_5_2:62043-62116	UBT_5_00142
prokka_UBT_5/UBT_5:Gene	menG	UBT_5_2:c62967-62230	UBT_5_00143
prokka_UBT_5/UBT_5:Gene	menE_1	UBT_5_2:c64424-62985	UBT_5_00144
prokka_UBT_5/UBT_5:Gene	copY	UBT_5_2:64513-64947	UBT_5_00145
prokka_UBT_5/UBT_5:Gene	copB	UBT_5_2:64944-66989	UBT_5_00146
prokka_UBT_5/UBT_5:Gene	UBT_5_00147	UBT_5_2:c67753-67016	UBT_5_00147
prokka_UBT_5/UBT_5:Gene	gntT	UBT_5_2:c69203-67848	UBT_5_00148
prokka_UBT_5/UBT_5:Gene	aqpZ	UBT_5_2:69487-70206	UBT_5_00149
prokka_UBT_5/UBT_5:Gene	gtfC_1	UBT_5_3:379-4896	UBT_5_00150
prokka_UBT_5/UBT_5:Gene	UBT_5_00151	UBT_5_3:c5294-4932	UBT_5_00151
prokka_UBT_5/UBT_5:Gene	UBT_5_00152	UBT_5_3:c6243-5296	UBT_5_00152
prokka_UBT_5/UBT_5:Gene	pdhD_1	UBT_5_3:c6758-6258	UBT_5_00153
prokka_UBT_5/UBT_5:Gene	UBT_5_00154	UBT_5_4:c657-289	UBT_5_00154
prokka_UBT_5/UBT_5:Gene	UBT_5_00155	UBT_5_4:1285-1461	UBT_5_00155
prokka_UBT_5/UBT_5:Gene	UBT_5_00156	UBT_5_4:c1950-1690	UBT_5_00156
prokka_UBT_5/UBT_5:Gene	UBT_5_00157	UBT_5_4:c2782-2108	UBT_5_00157
prokka_UBT_5/UBT_5:Gene	UBT_5_00158	UBT_5_4:2984-3202	UBT_5_00158
prokka_UBT_5/UBT_5:Gene	UBT_5_00159	UBT_5_4:3312-3941	UBT_5_00159
prokka_UBT_5/UBT_5:Gene	aldh	UBT_5_4:4171-5577	UBT_5_00160
prokka_UBT_5/UBT_5:Gene	recG	UBT_5_4:5669-7699	UBT_5_00161
prokka_UBT_5/UBT_5:Gene	mutS	UBT_5_4:7741-10338	UBT_5_00162
prokka_UBT_5/UBT_5:Gene	mutL	UBT_5_4:10367-12364	UBT_5_00163
prokka_UBT_5/UBT_5:Gene	UBT_5_00164	UBT_5_4:12405-12908	UBT_5_00164
prokka_UBT_5/UBT_5:Gene	ndkA	UBT_5_4:12977-13390	UBT_5_00165
prokka_UBT_5/UBT_5:Gene	murB	UBT_5_4:13505-14383	UBT_5_00166
prokka_UBT_5/UBT_5:Gene	nhaK	UBT_5_4:14387-16483	UBT_5_00167
prokka_UBT_5/UBT_5:Gene	cdaA	UBT_5_4:16534-17349	UBT_5_00168
prokka_UBT_5/UBT_5:Gene	cdaR	UBT_5_4:17346-18398	UBT_5_00169
prokka_UBT_5/UBT_5:Gene	glmM	UBT_5_4:18417-19784	UBT_5_00170
prokka_UBT_5/UBT_5:Gene	rnc	UBT_5_4:19870-20571	UBT_5_00171
prokka_UBT_5/UBT_5:Gene	smc	UBT_5_4:20575-24129	UBT_5_00172
prokka_UBT_5/UBT_5:Gene	UBT_5_00173	UBT_5_5:c74-1	UBT_5_00173
prokka_UBT_5/UBT_5:Gene	UBT_5_00174	UBT_5_5:c196-112	UBT_5_00174
prokka_UBT_5/UBT_5:Gene	UBT_5_00175	UBT_5_5:382-1050	UBT_5_00175
prokka_UBT_5/UBT_5:Gene	nrdF	UBT_5_5:c2084-1110	UBT_5_00176
prokka_UBT_5/UBT_5:Gene	UBT_5_00177	UBT_5_5:c2527-2087	UBT_5_00177
prokka_UBT_5/UBT_5:Gene	nrdE2	UBT_5_5:c4779-2608	UBT_5_00178
prokka_UBT_5/UBT_5:Gene	nrdH	UBT_5_5:c5093-4863	UBT_5_00179
prokka_UBT_5/UBT_5:Gene	UBT_5_00180	UBT_5_5:5579-6985	UBT_5_00180
prokka_UBT_5/UBT_5:Gene	gpmA_1	UBT_5_5:7114-7779	UBT_5_00181
prokka_UBT_5/UBT_5:Gene	hflX	UBT_5_5:7995-9293	UBT_5_00182
prokka_UBT_5/UBT_5:Gene	UBT_5_00183	UBT_5_5:c9402-9329	UBT_5_00183
prokka_UBT_5/UBT_5:Gene	rpsI	UBT_5_5:c9922-9527	UBT_5_00184
prokka_UBT_5/UBT_5:Gene	rplM	UBT_5_5:c10384-9941	UBT_5_00185
prokka_UBT_5/UBT_5:Gene	UBT_5_00186	UBT_5_6:14-87	UBT_5_00186
prokka_UBT_5/UBT_5:Gene	helD	UBT_5_6:230-2596	UBT_5_00187
prokka_UBT_5/UBT_5:Gene	coaA	UBT_5_6:2593-3273	UBT_5_00188
prokka_UBT_5/UBT_5:Gene	ribZ_2	UBT_5_6:3386-4888	UBT_5_00189
prokka_UBT_5/UBT_5:Gene	UBT_5_00190	UBT_5_6:4890-5570	UBT_5_00190
prokka_UBT_5/UBT_5:Gene	gtfA_1	UBT_5_6:5704-7140	UBT_5_00191
prokka_UBT_5/UBT_5:Gene	gtfB	UBT_5_6:7137-7970	UBT_5_00192
prokka_UBT_5/UBT_5:Gene	pgk	UBT_5_6:8051-9268	UBT_5_00193
prokka_UBT_5/UBT_5:Gene	cysS	UBT_5_6:9408-10817	UBT_5_00194
prokka_UBT_5/UBT_5:Gene	bacF	UBT_5_7:c1334-156	UBT_5_00195
prokka_UBT_5/UBT_5:Gene	yafV	UBT_5_7:c2136-1345	UBT_5_00196
prokka_UBT_5/UBT_5:Gene	menB	UBT_5_7:c3069-2236	UBT_5_00197
prokka_UBT_5/UBT_5:Gene	UBT_5_00198	UBT_5_7:3110-3484	UBT_5_00198
prokka_UBT_5/UBT_5:Gene	UBT_5_00199	UBT_5_7:c4531-3500	UBT_5_00199
prokka_UBT_5/UBT_5:Gene	asp2	UBT_5_7:c6061-4535	UBT_5_00200
prokka_UBT_5/UBT_5:Gene	asp1	UBT_5_7:c7549-6065	UBT_5_00201
prokka_UBT_5/UBT_5:Gene	UBT_5_00202	UBT_5_7:c8285-7653	UBT_5_00202
prokka_UBT_5/UBT_5:Gene	UBT_5_00203	UBT_5_7:8417-8962	UBT_5_00203
prokka_UBT_5/UBT_5:Gene	UBT_5_00204	UBT_5_7:c10110-8959	UBT_5_00204
prokka_UBT_5/UBT_5:Gene	menE_2	UBT_5_7:c11387-10107	UBT_5_00205
prokka_UBT_5/UBT_5:Gene	xpt	UBT_5_7:c12024-11452	UBT_5_00206
prokka_UBT_5/UBT_5:Gene	UBT_5_00207	UBT_5_7:c12960-12037	UBT_5_00207
prokka_UBT_5/UBT_5:Gene	UBT_5_00208	UBT_5_7:c13408-12944	UBT_5_00208
prokka_UBT_5/UBT_5:Gene	UBT_5_00209	UBT_5_7:c15178-13505	UBT_5_00209
prokka_UBT_5/UBT_5:Gene	misCA	UBT_5_7:c16139-15300	UBT_5_00210
prokka_UBT_5/UBT_5:Gene	rnpA	UBT_5_7:c16486-16136	UBT_5_00211
prokka_UBT_5/UBT_5:Gene	rpmH	UBT_5_7:c16747-16613	UBT_5_00212
prokka_UBT_5/UBT_5:Gene	yeeN	UBT_5_7:c17669-16953	UBT_5_00213
prokka_UBT_5/UBT_5:Gene	rluE	UBT_5_7:c18308-17766	UBT_5_00214
prokka_UBT_5/UBT_5:Gene	dnaA	UBT_5_7:18789-20135	UBT_5_00215
prokka_UBT_5/UBT_5:Gene	dnaN	UBT_5_7:20321-21454	UBT_5_00216
prokka_UBT_5/UBT_5:Gene	UBT_5_00217	UBT_5_7:21595-22059	UBT_5_00217
prokka_UBT_5/UBT_5:Gene	recF	UBT_5_7:22041-23177	UBT_5_00218
prokka_UBT_5/UBT_5:Gene	gyrB	UBT_5_7:23199-25208	UBT_5_00219
prokka_UBT_5/UBT_5:Gene	gyrA	UBT_5_7:25294-27849	UBT_5_00220
prokka_UBT_5/UBT_5:Gene	UBT_5_00221	UBT_5_7:c28262-28011	UBT_5_00221
prokka_UBT_5/UBT_5:Gene	UBT_5_00222	UBT_5_7:c28463-28275	UBT_5_00222
prokka_UBT_5/UBT_5:Gene	UBT_5_00223	UBT_5_7:c29820-28504	UBT_5_00223
prokka_UBT_5/UBT_5:Gene	UBT_5_00224	UBT_5_7:c30167-29817	UBT_5_00224
prokka_UBT_5/UBT_5:Gene	UBT_5_00225	UBT_5_7:c30484-30275	UBT_5_00225
prokka_UBT_5/UBT_5:Gene	UBT_5_00226	UBT_5_7:30621-30716	UBT_5_00226
prokka_UBT_5/UBT_5:Gene	ftsY	UBT_5_8:190-1032	UBT_5_00227
prokka_UBT_5/UBT_5:Gene	UBT_5_00228	UBT_5_8:1029-1373	UBT_5_00228
prokka_UBT_5/UBT_5:Gene	ffh	UBT_5_8:1444-2919	UBT_5_00229
prokka_UBT_5/UBT_5:Gene	UBT_5_00230	UBT_5_8:2916-3098	UBT_5_00230
prokka_UBT_5/UBT_5:Gene	ybiV	UBT_5_8:3151-3954	UBT_5_00231
prokka_UBT_5/UBT_5:Gene	UBT_5_00232	UBT_5_9:c359-18	UBT_5_00232
prokka_UBT_5/UBT_5:Gene	UBT_5_00233	UBT_5_9:c1030-404	UBT_5_00233
prokka_UBT_5/UBT_5:Gene	UBT_5_00234	UBT_5_9:1146-1619	UBT_5_00234
prokka_UBT_5/UBT_5:Gene	UBT_5_00235	UBT_5_9:c2143-1631	UBT_5_00235
prokka_UBT_5/UBT_5:Gene	UBT_5_00236	UBT_5_9:2313-2897	UBT_5_00236
prokka_UBT_5/UBT_5:Gene	pnbA	UBT_5_9:2919-4292	UBT_5_00237
prokka_UBT_5/UBT_5:Gene	UBT_5_00238	UBT_5_9:c4881-4336	UBT_5_00238
prokka_UBT_5/UBT_5:Gene	UBT_5_00239	UBT_5_9:c5330-5034	UBT_5_00239
prokka_UBT_5/UBT_5:Gene	rnhC	UBT_5_9:c6287-5361	UBT_5_00240
prokka_UBT_5/UBT_5:Gene	UBT_5_00241	UBT_5_9:6360-6764	UBT_5_00241
prokka_UBT_5/UBT_5:Gene	UBT_5_00242	UBT_5_9:6761-7282	UBT_5_00242
prokka_UBT_5/UBT_5:Gene	mutS2	UBT_5_9:7348-9753	UBT_5_00243
prokka_UBT_5/UBT_5:Gene	mutM	UBT_5_9:9930-10772	UBT_5_00244
prokka_UBT_5/UBT_5:Gene	UBT_5_00245	UBT_5_9:10781-11512	UBT_5_00245
prokka_UBT_5/UBT_5:Gene	coaE	UBT_5_9:11512-12132	UBT_5_00246
prokka_UBT_5/UBT_5:Gene	UBT_5_00247	UBT_5_9:12119-13456	UBT_5_00247
prokka_UBT_5/UBT_5:Gene	dnaI	UBT_5_9:13458-14384	UBT_5_00248
prokka_UBT_5/UBT_5:Gene	UBT_5_00249	UBT_5_9:14390-15469	UBT_5_00249
prokka_UBT_5/UBT_5:Gene	UBT_5_00250	UBT_5_9:15466-16248	UBT_5_00250
prokka_UBT_5/UBT_5:Gene	UBT_5_00251	UBT_5_9:16232-16534	UBT_5_00251
prokka_UBT_5/UBT_5:Gene	UBT_5_00252	UBT_5_9:16584-16979	UBT_5_00252
prokka_UBT_5/UBT_5:Gene	UBT_5_00253	UBT_5_9:17060-17130	UBT_5_00253
prokka_UBT_5/UBT_5:Gene	gtf3	UBT_5_9:c18142-17159	UBT_5_00254
prokka_UBT_5/UBT_5:Gene	tmpC	UBT_5_9:18346-19407	UBT_5_00255
prokka_UBT_5/UBT_5:Gene	mltF_1	UBT_5_9:19550-20998	UBT_5_00256
prokka_UBT_5/UBT_5:Gene	artM	UBT_5_9:20995-21747	UBT_5_00257
prokka_UBT_5/UBT_5:Gene	mltF_2	UBT_5_9:21842-23281	UBT_5_00258
prokka_UBT_5/UBT_5:Gene	UBT_5_00259	UBT_5_9:23330-24367	UBT_5_00259
prokka_UBT_5/UBT_5:Gene	pepF1_1	UBT_5_9:24455-26242	UBT_5_00260
prokka_UBT_5/UBT_5:Gene	cdd	UBT_5_9:26294-26695	UBT_5_00261
prokka_UBT_5/UBT_5:Gene	ghrB_1	UBT_5_9:26715-27635	UBT_5_00262
prokka_UBT_5/UBT_5:Gene	degA	UBT_5_9:c28636-27668	UBT_5_00263
prokka_UBT_5/UBT_5:Gene	UBT_5_00264	UBT_5_9:28826-29842	UBT_5_00264
prokka_UBT_5/UBT_5:Gene	UBT_5_00265	UBT_5_9:29847-30578	UBT_5_00265
prokka_UBT_5/UBT_5:Gene	UBT_5_00266	UBT_5_9:30644-31027	UBT_5_00266
prokka_UBT_5/UBT_5:Gene	UBT_5_00267	UBT_5_9:31259-32716	UBT_5_00267
prokka_UBT_5/UBT_5:Gene	yodB_1	UBT_5_10:189-551	UBT_5_00268
prokka_UBT_5/UBT_5:Gene	pheS	UBT_5_10:869-1918	UBT_5_00269
prokka_UBT_5/UBT_5:Gene	pheT	UBT_5_10:1921-4380	UBT_5_00270
prokka_UBT_5/UBT_5:Gene	murA2	UBT_5_10:4461-5747	UBT_5_00271
prokka_UBT_5/UBT_5:Gene	rpmE2	UBT_5_10:5852-6118	UBT_5_00272
prokka_UBT_5/UBT_5:Gene	UBT_5_00273	UBT_5_10:6249-7625	UBT_5_00273
prokka_UBT_5/UBT_5:Gene	murF	UBT_5_10:7739-9073	UBT_5_00274
prokka_UBT_5/UBT_5:Gene	dap	UBT_5_10:9094-10230	UBT_5_00275
prokka_UBT_5/UBT_5:Gene	cshA	UBT_5_10:10269-11837	UBT_5_00276
prokka_UBT_5/UBT_5:Gene	fpgS	UBT_5_10:11943-13124	UBT_5_00277
prokka_UBT_5/UBT_5:Gene	hsrA	UBT_5_10:13121-14524	UBT_5_00278
prokka_UBT_5/UBT_5:Gene	UBT_5_00279	UBT_5_10:14554-15165	UBT_5_00279
prokka_UBT_5/UBT_5:Gene	tgt	UBT_5_10:15327-16544	UBT_5_00280
prokka_UBT_5/UBT_5:Gene	UBT_5_00281	UBT_5_10:16633-17004	UBT_5_00281
prokka_UBT_5/UBT_5:Gene	menH	UBT_5_10:17056-17793	UBT_5_00282
prokka_UBT_5/UBT_5:Gene	mprF	UBT_5_10:17780-20326	UBT_5_00283
prokka_UBT_5/UBT_5:Gene	yfbR	UBT_5_10:20367-21041	UBT_5_00284
prokka_UBT_5/UBT_5:Gene	rppH	UBT_5_10:21071-21568	UBT_5_00285
prokka_UBT_5/UBT_5:Gene	macB_1	UBT_5_10:21607-23589	UBT_5_00286
prokka_UBT_5/UBT_5:Gene	UBT_5_00287	UBT_5_10:23726-25444	UBT_5_00287
prokka_UBT_5/UBT_5:Gene	UBT_5_00288	UBT_5_10:25446-27227	UBT_5_00288
prokka_UBT_5/UBT_5:Gene	UBT_5_00289	UBT_5_10:27371-28600	UBT_5_00289
prokka_UBT_5/UBT_5:Gene	dgs	UBT_5_10:28601-29608	UBT_5_00290
prokka_UBT_5/UBT_5:Gene	UBT_5_00291	UBT_5_10:29626-30684	UBT_5_00291
prokka_UBT_5/UBT_5:Gene	UBT_5_00292	UBT_5_10:30656-30922	UBT_5_00292
prokka_UBT_5/UBT_5:Gene	ltaS1_1	UBT_5_10:31008-33167	UBT_5_00293
prokka_UBT_5/UBT_5:Gene	uvrB	UBT_5_10:33240-35246	UBT_5_00294
prokka_UBT_5/UBT_5:Gene	uvrA_1	UBT_5_10:35366-38236	UBT_5_00295
prokka_UBT_5/UBT_5:Gene	UBT_5_00296	UBT_5_10:c38411-38289	UBT_5_00296
prokka_UBT_5/UBT_5:Gene	UBT_5_00297	UBT_5_10:38660-39634	UBT_5_00297
prokka_UBT_5/UBT_5:Gene	whiA	UBT_5_10:39634-40578	UBT_5_00298
prokka_UBT_5/UBT_5:Gene	clpP	UBT_5_10:40705-41307	UBT_5_00299
prokka_UBT_5/UBT_5:Gene	ldhA	UBT_5_10:41461-42459	UBT_5_00300
prokka_UBT_5/UBT_5:Gene	UBT_5_00301	UBT_5_10:42548-43786	UBT_5_00301
prokka_UBT_5/UBT_5:Gene	UBT_5_00302	UBT_5_10:44057-44716	UBT_5_00302
prokka_UBT_5/UBT_5:Gene	gph	UBT_5_10:44829-45365	UBT_5_00303
prokka_UBT_5/UBT_5:Gene	yqeH	UBT_5_10:45355-46500	UBT_5_00304
prokka_UBT_5/UBT_5:Gene	UBT_5_00305	UBT_5_10:46500-46814	UBT_5_00305
prokka_UBT_5/UBT_5:Gene	nadD	UBT_5_10:46828-47466	UBT_5_00306
prokka_UBT_5/UBT_5:Gene	UBT_5_00307	UBT_5_10:47459-48049	UBT_5_00307
prokka_UBT_5/UBT_5:Gene	rsfS	UBT_5_10:48070-48441	UBT_5_00308
prokka_UBT_5/UBT_5:Gene	cmoM	UBT_5_10:48489-49247	UBT_5_00309
prokka_UBT_5/UBT_5:Gene	tmcAL	UBT_5_10:49244-50437	UBT_5_00310
prokka_UBT_5/UBT_5:Gene	UBT_5_00311	UBT_5_10:50434-50979	UBT_5_00311
prokka_UBT_5/UBT_5:Gene	arlR_1	UBT_5_10:51078-51767	UBT_5_00312
prokka_UBT_5/UBT_5:Gene	arlS	UBT_5_10:51777-52883	UBT_5_00313
prokka_UBT_5/UBT_5:Gene	yccX	UBT_5_10:52861-53133	UBT_5_00314
prokka_UBT_5/UBT_5:Gene	yidC	UBT_5_10:53185-54099	UBT_5_00315
prokka_UBT_5/UBT_5:Gene	rlmB	UBT_5_10:54162-54935	UBT_5_00316
prokka_UBT_5/UBT_5:Gene	secG	UBT_5_10:55016-55258	UBT_5_00317
prokka_UBT_5/UBT_5:Gene	rnr	UBT_5_10:55330-57654	UBT_5_00318
prokka_UBT_5/UBT_5:Gene	smpB	UBT_5_10:57681-58148	UBT_5_00319
prokka_UBT_5/UBT_5:Gene	rny	UBT_5_10:58248-59804	UBT_5_00320
prokka_UBT_5/UBT_5:Gene	UBT_5_00321	UBT_5_10:59934-60335	UBT_5_00321
prokka_UBT_5/UBT_5:Gene	UBT_5_00322	UBT_5_10:60335-60916	UBT_5_00322
prokka_UBT_5/UBT_5:Gene	UBT_5_00323	UBT_5_10:61072-61422	UBT_5_00323
prokka_UBT_5/UBT_5:Gene	UBT_5_00324	UBT_5_10:61452-62528	UBT_5_00324
prokka_UBT_5/UBT_5:Gene	UBT_5_00325	UBT_5_10:c62893-62552	UBT_5_00325
prokka_UBT_5/UBT_5:Gene	gmk_2	UBT_5_10:63150-63746	UBT_5_00326
prokka_UBT_5/UBT_5:Gene	rpoZ	UBT_5_10:63758-63970	UBT_5_00327
prokka_UBT_5/UBT_5:Gene	UBT_5_00328	UBT_5_10:64011-64520	UBT_5_00328
prokka_UBT_5/UBT_5:Gene	yugI	UBT_5_10:64561-64941	UBT_5_00329
prokka_UBT_5/UBT_5:Gene	UBT_5_00330	UBT_5_10:64954-65322	UBT_5_00330
prokka_UBT_5/UBT_5:Gene	oppA_1	UBT_5_11:67-1593	UBT_5_00331
prokka_UBT_5/UBT_5:Gene	oppB	UBT_5_11:1680-2594	UBT_5_00332
prokka_UBT_5/UBT_5:Gene	dppC	UBT_5_11:2603-3637	UBT_5_00333
prokka_UBT_5/UBT_5:Gene	oppD	UBT_5_11:3651-4703	UBT_5_00334
prokka_UBT_5/UBT_5:Gene	oppF	UBT_5_11:4706-5641	UBT_5_00335
prokka_UBT_5/UBT_5:Gene	pepO	UBT_5_11:5766-7658	UBT_5_00336
prokka_UBT_5/UBT_5:Gene	UBT_5_00337	UBT_5_11:7784-8677	UBT_5_00337
prokka_UBT_5/UBT_5:Gene	UBT_5_00338	UBT_5_11:8731-8815	UBT_5_00338
prokka_UBT_5/UBT_5:Gene	UBT_5_00339	UBT_5_11:8853-8926	UBT_5_00339
prokka_UBT_5/UBT_5:Gene	UBT_5_00340	UBT_5_12:85-309	UBT_5_00340
prokka_UBT_5/UBT_5:Gene	naiP_1	UBT_5_12:c1689-520	UBT_5_00341
prokka_UBT_5/UBT_5:Gene	UBT_5_00342	UBT_5_12:c2498-1758	UBT_5_00342
prokka_UBT_5/UBT_5:Gene	folT	UBT_5_12:2805-3383	UBT_5_00343
prokka_UBT_5/UBT_5:Gene	UBT_5_00344	UBT_5_12:3476-3967	UBT_5_00344
prokka_UBT_5/UBT_5:Gene	UBT_5_00345	UBT_5_12:c4680-4000	UBT_5_00345
prokka_UBT_5/UBT_5:Gene	butA	UBT_5_12:4828-5598	UBT_5_00346
prokka_UBT_5/UBT_5:Gene	sorC	UBT_5_12:c6607-5666	UBT_5_00347
prokka_UBT_5/UBT_5:Gene	UBT_5_00348	UBT_5_12:6865-8025	UBT_5_00348
prokka_UBT_5/UBT_5:Gene	citC	UBT_5_12:8025-9080	UBT_5_00349
prokka_UBT_5/UBT_5:Gene	citD	UBT_5_12:9070-9363	UBT_5_00350
prokka_UBT_5/UBT_5:Gene	citE	UBT_5_12:9363-10274	UBT_5_00351
prokka_UBT_5/UBT_5:Gene	citF	UBT_5_12:10264-11802	UBT_5_00352
prokka_UBT_5/UBT_5:Gene	citG	UBT_5_12:11858-13252	UBT_5_00353
prokka_UBT_5/UBT_5:Gene	UBT_5_00354	UBT_5_13:296-976	UBT_5_00354
prokka_UBT_5/UBT_5:Gene	clcB	UBT_5_13:1004-2287	UBT_5_00355
prokka_UBT_5/UBT_5:Gene	bcrR	UBT_5_13:2463-2858	UBT_5_00356
prokka_UBT_5/UBT_5:Gene	UBT_5_00357	UBT_5_13:c3225-2893	UBT_5_00357
prokka_UBT_5/UBT_5:Gene	yheS	UBT_5_13:3326-4882	UBT_5_00358
prokka_UBT_5/UBT_5:Gene	UBT_5_00359	UBT_5_13:5042-5521	UBT_5_00359
prokka_UBT_5/UBT_5:Gene	UBT_5_00360	UBT_5_13:5782-6894	UBT_5_00360
prokka_UBT_5/UBT_5:Gene	asd	UBT_5_13:6929-8026	UBT_5_00361
prokka_UBT_5/UBT_5:Gene	UBT_5_00362	UBT_5_13:8044-8988	UBT_5_00362
prokka_UBT_5/UBT_5:Gene	glnQ_1	UBT_5_13:9224-9961	UBT_5_00363
prokka_UBT_5/UBT_5:Gene	glnH	UBT_5_13:10009-10875	UBT_5_00364
prokka_UBT_5/UBT_5:Gene	glnM	UBT_5_13:10875-11516	UBT_5_00365
prokka_UBT_5/UBT_5:Gene	glnP	UBT_5_13:11526-12185	UBT_5_00366
prokka_UBT_5/UBT_5:Gene	UBT_5_00367	UBT_5_14:46-1407	UBT_5_00367
prokka_UBT_5/UBT_5:Gene	UBT_5_00368	UBT_5_14:1610-2353	UBT_5_00368
prokka_UBT_5/UBT_5:Gene	UBT_5_00369	UBT_5_14:2346-2930	UBT_5_00369
prokka_UBT_5/UBT_5:Gene	UBT_5_00370	UBT_5_14:2934-4274	UBT_5_00370
prokka_UBT_5/UBT_5:Gene	UBT_5_00371	UBT_5_14:4277-4654	UBT_5_00371
prokka_UBT_5/UBT_5:Gene	UBT_5_00372	UBT_5_14:4669-6234	UBT_5_00372
prokka_UBT_5/UBT_5:Gene	purA	UBT_5_14:6481-7764	UBT_5_00373
prokka_UBT_5/UBT_5:Gene	UBT_5_00374	UBT_5_14:7794-8315	UBT_5_00374
prokka_UBT_5/UBT_5:Gene	clpE	UBT_5_14:c10431-8368	UBT_5_00375
prokka_UBT_5/UBT_5:Gene	UBT_5_00376	UBT_5_14:10594-10767	UBT_5_00376
prokka_UBT_5/UBT_5:Gene	mreB	UBT_5_14:10858-11865	UBT_5_00377
prokka_UBT_5/UBT_5:Gene	mreC	UBT_5_14:11944-12801	UBT_5_00378
prokka_UBT_5/UBT_5:Gene	UBT_5_00379	UBT_5_14:12801-13328	UBT_5_00379
prokka_UBT_5/UBT_5:Gene	yecS_1	UBT_5_14:13768-14409	UBT_5_00380
prokka_UBT_5/UBT_5:Gene	glnQ_2	UBT_5_14:14413-15051	UBT_5_00381
prokka_UBT_5/UBT_5:Gene	argT	UBT_5_14:15051-15902	UBT_5_00382
prokka_UBT_5/UBT_5:Gene	clsA	UBT_5_14:16027-17481	UBT_5_00383
prokka_UBT_5/UBT_5:Gene	albE	UBT_5_14:17430-18755	UBT_5_00384
prokka_UBT_5/UBT_5:Gene	UBT_5_00385	UBT_5_14:18752-20023	UBT_5_00385
prokka_UBT_5/UBT_5:Gene	UBT_5_00386	UBT_5_14:20038-20910	UBT_5_00386
prokka_UBT_5/UBT_5:Gene	pgsA	UBT_5_14:20921-21502	UBT_5_00387
prokka_UBT_5/UBT_5:Gene	recA	UBT_5_14:21633-22778	UBT_5_00388
prokka_UBT_5/UBT_5:Gene	phoP	UBT_5_14:22890-23579	UBT_5_00389
prokka_UBT_5/UBT_5:Gene	pstS1_1	UBT_5_14:23763-24674	UBT_5_00390
prokka_UBT_5/UBT_5:Gene	sasA_1	UBT_5_14:24743-26101	UBT_5_00391
prokka_UBT_5/UBT_5:Gene	pstS1_2	UBT_5_14:26199-27080	UBT_5_00392
prokka_UBT_5/UBT_5:Gene	UBT_5_00393	UBT_5_14:27170-28093	UBT_5_00393
prokka_UBT_5/UBT_5:Gene	UBT_5_00394	UBT_5_14:28093-28977	UBT_5_00394
prokka_UBT_5/UBT_5:Gene	pstB3_1	UBT_5_14:29058-29897	UBT_5_00395
prokka_UBT_5/UBT_5:Gene	pstB3_2	UBT_5_14:29894-30664	UBT_5_00396
prokka_UBT_5/UBT_5:Gene	phoU	UBT_5_14:30694-31371	UBT_5_00397
prokka_UBT_5/UBT_5:Gene	UBT_5_00398	UBT_5_14:31525-31878	UBT_5_00398
prokka_UBT_5/UBT_5:Gene	hprK	UBT_5_14:31883-32845	UBT_5_00399
prokka_UBT_5/UBT_5:Gene	gpsA	UBT_5_14:32838-33854	UBT_5_00400
prokka_UBT_5/UBT_5:Gene	gtaB	UBT_5_14:33890-34762	UBT_5_00401
prokka_UBT_5/UBT_5:Gene	trxB	UBT_5_14:34860-35828	UBT_5_00402
prokka_UBT_5/UBT_5:Gene	UBT_5_00403	UBT_5_14:36084-37283	UBT_5_00403
prokka_UBT_5/UBT_5:Gene	gtfA_2	UBT_5_14:37375-38826	UBT_5_00404
prokka_UBT_5/UBT_5:Gene	UBT_5_00405	UBT_5_14:38890-39546	UBT_5_00405
prokka_UBT_5/UBT_5:Gene	pgcA	UBT_5_14:39592-41292	UBT_5_00406
prokka_UBT_5/UBT_5:Gene	rplS	UBT_5_14:41414-41773	UBT_5_00407
prokka_UBT_5/UBT_5:Gene	dinB	UBT_5_14:42114-43199	UBT_5_00408
prokka_UBT_5/UBT_5:Gene	nrnA	UBT_5_14:43238-44248	UBT_5_00409
prokka_UBT_5/UBT_5:Gene	cshB	UBT_5_14:44279-45643	UBT_5_00410
prokka_UBT_5/UBT_5:Gene	UBT_5_00411	UBT_5_14:c46506-45676	UBT_5_00411
prokka_UBT_5/UBT_5:Gene	UBT_5_00412	UBT_5_14:c47713-46496	UBT_5_00412
prokka_UBT_5/UBT_5:Gene	UBT_5_00413	UBT_5_14:47866-48006	UBT_5_00413
prokka_UBT_5/UBT_5:Gene	dltA	UBT_5_14:48021-49553	UBT_5_00414
prokka_UBT_5/UBT_5:Gene	UBT_5_00415	UBT_5_14:49546-50754	UBT_5_00415
prokka_UBT_5/UBT_5:Gene	dltC	UBT_5_14:50783-51019	UBT_5_00416
prokka_UBT_5/UBT_5:Gene	dltD	UBT_5_14:51025-52308	UBT_5_00417
prokka_UBT_5/UBT_5:Gene	UBT_5_00418	UBT_5_14:c53066-52347	UBT_5_00418
prokka_UBT_5/UBT_5:Gene	murI	UBT_5_14:53156-54025	UBT_5_00419
prokka_UBT_5/UBT_5:Gene	UBT_5_00420	UBT_5_14:54000-54602	UBT_5_00420
prokka_UBT_5/UBT_5:Gene	UBT_5_00421	UBT_5_14:54608-55144	UBT_5_00421
prokka_UBT_5/UBT_5:Gene	ruvB_1	UBT_5_14:55182-56240	UBT_5_00422
prokka_UBT_5/UBT_5:Gene	UBT_5_00423	UBT_5_14:56240-57100	UBT_5_00423
prokka_UBT_5/UBT_5:Gene	queA	UBT_5_14:57093-58160	UBT_5_00424
prokka_UBT_5/UBT_5:Gene	ruvA	UBT_5_14:58207-58797	UBT_5_00425
prokka_UBT_5/UBT_5:Gene	UBT_5_00426	UBT_5_14:c59468-58836	UBT_5_00426
prokka_UBT_5/UBT_5:Gene	mscL	UBT_5_14:c59946-59566	UBT_5_00427
prokka_UBT_5/UBT_5:Gene	UBT_5_00428	UBT_5_14:60197-60385	UBT_5_00428
prokka_UBT_5/UBT_5:Gene	UBT_5_00429	UBT_5_14:60412-60903	UBT_5_00429
prokka_UBT_5/UBT_5:Gene	UBT_5_00430	UBT_5_14:60893-62353	UBT_5_00430
prokka_UBT_5/UBT_5:Gene	UBT_5_00431	UBT_5_14:62442-62855	UBT_5_00431
prokka_UBT_5/UBT_5:Gene	UBT_5_00432	UBT_5_14:63022-63618	UBT_5_00432
prokka_UBT_5/UBT_5:Gene	srlR	UBT_5_14:63759-64523	UBT_5_00433
prokka_UBT_5/UBT_5:Gene	lacC	UBT_5_14:64520-65437	UBT_5_00434
prokka_UBT_5/UBT_5:Gene	fruA	UBT_5_14:65447-67366	UBT_5_00435
prokka_UBT_5/UBT_5:Gene	adaB	UBT_5_14:67428-67925	UBT_5_00436
prokka_UBT_5/UBT_5:Gene	UBT_5_00437	UBT_5_14:c68937-68107	UBT_5_00437
prokka_UBT_5/UBT_5:Gene	tagG	UBT_5_15:c3361-2546	UBT_5_00438
prokka_UBT_5/UBT_5:Gene	btuD_1	UBT_5_15:c4466-3369	UBT_5_00439
prokka_UBT_5/UBT_5:Gene	UBT_5_00440	UBT_5_15:c5206-4619	UBT_5_00440
prokka_UBT_5/UBT_5:Gene	nrdD	UBT_5_15:c7331-5199	UBT_5_00441
prokka_UBT_5/UBT_5:Gene	alsS	UBT_5_15:c9371-7686	UBT_5_00442
prokka_UBT_5/UBT_5:Gene	obg	UBT_5_15:c10992-9592	UBT_5_00443
prokka_UBT_5/UBT_5:Gene	uvrC	UBT_5_15:c12864-11068	UBT_5_00444
prokka_UBT_5/UBT_5:Gene	pyrG	UBT_5_15:c14558-12939	UBT_5_00445
prokka_UBT_5/UBT_5:Gene	UBT_5_00446	UBT_5_15:c16144-14759	UBT_5_00446
prokka_UBT_5/UBT_5:Gene	dagK	UBT_5_15:c17227-16238	UBT_5_00447
prokka_UBT_5/UBT_5:Gene	gatB	UBT_5_15:c18789-17350	UBT_5_00448
prokka_UBT_5/UBT_5:Gene	gatA	UBT_5_15:c20276-18807	UBT_5_00449
prokka_UBT_5/UBT_5:Gene	gatC	UBT_5_15:c20584-20276	UBT_5_00450
prokka_UBT_5/UBT_5:Gene	rpsO	UBT_5_15:20815-21084	UBT_5_00451
prokka_UBT_5/UBT_5:Gene	rpsT	UBT_5_15:21136-21387	UBT_5_00452
prokka_UBT_5/UBT_5:Gene	yqeN	UBT_5_15:c22432-21431	UBT_5_00453
prokka_UBT_5/UBT_5:Gene	comEC	UBT_5_15:c24692-22395	UBT_5_00454
prokka_UBT_5/UBT_5:Gene	UBT_5_00455	UBT_5_15:c25344-24694	UBT_5_00455
prokka_UBT_5/UBT_5:Gene	clcA	UBT_5_15:c27184-25649	UBT_5_00456
prokka_UBT_5/UBT_5:Gene	UBT_5_00457	UBT_5_15:27241-27498	UBT_5_00457
prokka_UBT_5/UBT_5:Gene	UBT_5_00458	UBT_5_15:c27993-27520	UBT_5_00458
prokka_UBT_5/UBT_5:Gene	glmU	UBT_5_15:c29474-28101	UBT_5_00459
prokka_UBT_5/UBT_5:Gene	purR_1	UBT_5_15:c30313-29480	UBT_5_00460
prokka_UBT_5/UBT_5:Gene	znuB	UBT_5_15:c31206-30415	UBT_5_00461
prokka_UBT_5/UBT_5:Gene	znuC	UBT_5_15:c31903-31199	UBT_5_00462
prokka_UBT_5/UBT_5:Gene	UBT_5_00463	UBT_5_15:c32754-31900	UBT_5_00463
prokka_UBT_5/UBT_5:Gene	veg	UBT_5_15:c33037-32807	UBT_5_00464
prokka_UBT_5/UBT_5:Gene	rsmA	UBT_5_15:c34028-33141	UBT_5_00465
prokka_UBT_5/UBT_5:Gene	rnmV	UBT_5_15:c34593-34030	UBT_5_00466
prokka_UBT_5/UBT_5:Gene	dtd3	UBT_5_15:c35383-34586	UBT_5_00467
prokka_UBT_5/UBT_5:Gene	nusB	UBT_5_15:c35974-35552	UBT_5_00468
prokka_UBT_5/UBT_5:Gene	UBT_5_00469	UBT_5_15:c36435-35974	UBT_5_00469
prokka_UBT_5/UBT_5:Gene	efp	UBT_5_15:c37154-36594	UBT_5_00470
prokka_UBT_5/UBT_5:Gene	UBT_5_00471	UBT_5_15:c37715-37251	UBT_5_00471
prokka_UBT_5/UBT_5:Gene	fas6	UBT_5_15:c38285-37731	UBT_5_00472
prokka_UBT_5/UBT_5:Gene	UBT_5_00473	UBT_5_15:38437-38649	UBT_5_00473
prokka_UBT_5/UBT_5:Gene	rnj1	UBT_5_15:38653-40335	UBT_5_00474
prokka_UBT_5/UBT_5:Gene	ppcA	UBT_5_15:40503-42020	UBT_5_00475
prokka_UBT_5/UBT_5:Gene	ytlR	UBT_5_15:42085-43014	UBT_5_00476
prokka_UBT_5/UBT_5:Gene	UBT_5_00477	UBT_5_15:c43990-43052	UBT_5_00477
prokka_UBT_5/UBT_5:Gene	metK	UBT_5_15:c45181-44024	UBT_5_00478
prokka_UBT_5/UBT_5:Gene	UBT_5_00479	UBT_5_15:45493-46311	UBT_5_00479
prokka_UBT_5/UBT_5:Gene	UBT_5_00480	UBT_5_15:c46944-46342	UBT_5_00480
prokka_UBT_5/UBT_5:Gene	UBT_5_00481	UBT_5_15:c47800-46934	UBT_5_00481
prokka_UBT_5/UBT_5:Gene	UBT_5_00482	UBT_5_15:c48564-47863	UBT_5_00482
prokka_UBT_5/UBT_5:Gene	UBT_5_00483	UBT_5_15:c49283-48609	UBT_5_00483
prokka_UBT_5/UBT_5:Gene	perR	UBT_5_15:49407-49814	UBT_5_00484
prokka_UBT_5/UBT_5:Gene	UBT_5_00485	UBT_5_15:c50302-49850	UBT_5_00485
prokka_UBT_5/UBT_5:Gene	UBT_5_00486	UBT_5_15:c52971-50308	UBT_5_00486
prokka_UBT_5/UBT_5:Gene	UBT_5_00487	UBT_5_15:c55103-53253	UBT_5_00487
prokka_UBT_5/UBT_5:Gene	UBT_5_00488	UBT_5_15:55292-55960	UBT_5_00488
prokka_UBT_5/UBT_5:Gene	metQ_1	UBT_5_15:56369-57214	UBT_5_00489
prokka_UBT_5/UBT_5:Gene	metQ_2	UBT_5_15:57239-58081	UBT_5_00490
prokka_UBT_5/UBT_5:Gene	dapE	UBT_5_15:58146-59498	UBT_5_00491
prokka_UBT_5/UBT_5:Gene	metN	UBT_5_15:59511-60596	UBT_5_00492
prokka_UBT_5/UBT_5:Gene	metP	UBT_5_15:60593-61288	UBT_5_00493
prokka_UBT_5/UBT_5:Gene	nagR	UBT_5_15:c62027-61317	UBT_5_00494
prokka_UBT_5/UBT_5:Gene	nagA	UBT_5_15:c63169-62027	UBT_5_00495
prokka_UBT_5/UBT_5:Gene	UBT_5_00496	UBT_5_16:c269-57	UBT_5_00496
prokka_UBT_5/UBT_5:Gene	UBT_5_00497	UBT_5_16:423-803	UBT_5_00497
prokka_UBT_5/UBT_5:Gene	UBT_5_00498	UBT_5_16:787-1242	UBT_5_00498
prokka_UBT_5/UBT_5:Gene	frp	UBT_5_16:c2008-1271	UBT_5_00499
prokka_UBT_5/UBT_5:Gene	UBT_5_00500	UBT_5_16:2133-2615	UBT_5_00500
prokka_UBT_5/UBT_5:Gene	ybjI_1	UBT_5_16:c3482-2664	UBT_5_00501
prokka_UBT_5/UBT_5:Gene	femX	UBT_5_16:c4709-3672	UBT_5_00502
prokka_UBT_5/UBT_5:Gene	rex	UBT_5_16:c5365-4715	UBT_5_00503
prokka_UBT_5/UBT_5:Gene	tsaD	UBT_5_16:c6536-5520	UBT_5_00504
prokka_UBT_5/UBT_5:Gene	rimI	UBT_5_16:c6913-6539	UBT_5_00505
prokka_UBT_5/UBT_5:Gene	UBT_5_00506	UBT_5_16:c7481-6924	UBT_5_00506
prokka_UBT_5/UBT_5:Gene	tsaB	UBT_5_16:c8175-7465	UBT_5_00507
prokka_UBT_5/UBT_5:Gene	UBT_5_00508	UBT_5_16:c9284-8256	UBT_5_00508
prokka_UBT_5/UBT_5:Gene	sigM	UBT_5_16:c9759-9274	UBT_5_00509
prokka_UBT_5/UBT_5:Gene	ptsI	UBT_5_16:c11583-9868	UBT_5_00510
prokka_UBT_5/UBT_5:Gene	ptsH	UBT_5_16:c11855-11586	UBT_5_00511
prokka_UBT_5/UBT_5:Gene	ywlC	UBT_5_16:c13076-12066	UBT_5_00512
prokka_UBT_5/UBT_5:Gene	prmC	UBT_5_16:c14104-13106	UBT_5_00513
prokka_UBT_5/UBT_5:Gene	prfA	UBT_5_16:c15179-14106	UBT_5_00514
prokka_UBT_5/UBT_5:Gene	tdk	UBT_5_16:c15856-15251	UBT_5_00515
prokka_UBT_5/UBT_5:Gene	murT	UBT_5_16:16087-17445	UBT_5_00516
prokka_UBT_5/UBT_5:Gene	gatD	UBT_5_16:17445-18176	UBT_5_00517
prokka_UBT_5/UBT_5:Gene	UBT_5_00518	UBT_5_16:c18386-18213	UBT_5_00518
prokka_UBT_5/UBT_5:Gene	kimA	UBT_5_16:c20325-18481	UBT_5_00519
prokka_UBT_5/UBT_5:Gene	puuD	UBT_5_16:c21177-20464	UBT_5_00520
prokka_UBT_5/UBT_5:Gene	oppA_2	UBT_5_16:c22802-21201	UBT_5_00521
prokka_UBT_5/UBT_5:Gene	metE_1	UBT_5_16:c24096-22969	UBT_5_00522
prokka_UBT_5/UBT_5:Gene	luxS	UBT_5_16:c25020-24544	UBT_5_00523
prokka_UBT_5/UBT_5:Gene	metE_2	UBT_5_16:c26214-25093	UBT_5_00524
prokka_UBT_5/UBT_5:Gene	metC	UBT_5_16:c27371-26220	UBT_5_00525
prokka_UBT_5/UBT_5:Gene	metI	UBT_5_16:c28477-27368	UBT_5_00526
prokka_UBT_5/UBT_5:Gene	metAA	UBT_5_16:c29374-28493	UBT_5_00527
prokka_UBT_5/UBT_5:Gene	ytpP	UBT_5_16:29884-30213	UBT_5_00528
prokka_UBT_5/UBT_5:Gene	UBT_5_00529	UBT_5_16:c30633-30247	UBT_5_00529
prokka_UBT_5/UBT_5:Gene	fucP	UBT_5_16:c31986-30655	UBT_5_00530
prokka_UBT_5/UBT_5:Gene	htrA_2	UBT_5_16:c33042-32176	UBT_5_00531
prokka_UBT_5/UBT_5:Gene	sasA_2	UBT_5_16:c34377-33094	UBT_5_00532
prokka_UBT_5/UBT_5:Gene	arlR_2	UBT_5_16:c35059-34370	UBT_5_00533
prokka_UBT_5/UBT_5:Gene	nixA	UBT_5_16:c36271-35246	UBT_5_00534
prokka_UBT_5/UBT_5:Gene	UBT_5_00535	UBT_5_16:c37095-36301	UBT_5_00535
prokka_UBT_5/UBT_5:Gene	UBT_5_00536	UBT_5_16:c37199-37110	UBT_5_00536
prokka_UBT_5/UBT_5:Gene	leuD	UBT_5_16:c37795-37211	UBT_5_00537
prokka_UBT_5/UBT_5:Gene	leuC	UBT_5_16:c39179-37812	UBT_5_00538
prokka_UBT_5/UBT_5:Gene	leuB	UBT_5_16:c40246-39176	UBT_5_00539
prokka_UBT_5/UBT_5:Gene	leuA	UBT_5_16:c41417-40239	UBT_5_00540
prokka_UBT_5/UBT_5:Gene	sufT	UBT_5_16:c42029-41724	UBT_5_00541
prokka_UBT_5/UBT_5:Gene	UBT_5_00542	UBT_5_16:c43460-42030	UBT_5_00542
prokka_UBT_5/UBT_5:Gene	sufU	UBT_5_16:c43905-43465	UBT_5_00543
prokka_UBT_5/UBT_5:Gene	sufS	UBT_5_16:c45116-43902	UBT_5_00544
prokka_UBT_5/UBT_5:Gene	UBT_5_00545	UBT_5_16:c46272-45106	UBT_5_00545
prokka_UBT_5/UBT_5:Gene	sufC	UBT_5_16:c47071-46265	UBT_5_00546
prokka_UBT_5/UBT_5:Gene	UBT_5_00547	UBT_5_16:c47913-47068	UBT_5_00547
prokka_UBT_5/UBT_5:Gene	deaD	UBT_5_16:c49481-48183	UBT_5_00548
prokka_UBT_5/UBT_5:Gene	iolU	UBT_5_16:c50487-49489	UBT_5_00549
prokka_UBT_5/UBT_5:Gene	UBT_5_00550	UBT_5_16:c51224-50484	UBT_5_00550
prokka_UBT_5/UBT_5:Gene	pepS	UBT_5_16:51395-52624	UBT_5_00551
prokka_UBT_5/UBT_5:Gene	proC	UBT_5_16:c53445-52678	UBT_5_00552
prokka_UBT_5/UBT_5:Gene	UBT_5_00553	UBT_5_16:c54130-53489	UBT_5_00553
prokka_UBT_5/UBT_5:Gene	vanYB	UBT_5_16:c54958-54200	UBT_5_00554
prokka_UBT_5/UBT_5:Gene	UBT_5_00555	UBT_5_16:c55161-55088	UBT_5_00555
prokka_UBT_5/UBT_5:Gene	UBT_5_00556	UBT_5_16:c55680-55240	UBT_5_00556
prokka_UBT_5/UBT_5:Gene	UBT_5_00557	UBT_5_16:c55879-55673	UBT_5_00557
prokka_UBT_5/UBT_5:Gene	galE	UBT_5_16:c56984-55992	UBT_5_00558
prokka_UBT_5/UBT_5:Gene	UBT_5_00559	UBT_5_16:c57762-57025	UBT_5_00559
prokka_UBT_5/UBT_5:Gene	rsmI	UBT_5_16:c58648-57773	UBT_5_00560
prokka_UBT_5/UBT_5:Gene	UBT_5_00561	UBT_5_16:c59585-58650	UBT_5_00561
prokka_UBT_5/UBT_5:Gene	darA	UBT_5_16:c59914-59585	UBT_5_00562
prokka_UBT_5/UBT_5:Gene	tmk	UBT_5_16:c60565-59921	UBT_5_00563
prokka_UBT_5/UBT_5:Gene	UBT_5_00564	UBT_5_16:c60872-60612	UBT_5_00564
prokka_UBT_5/UBT_5:Gene	recR	UBT_5_16:c61474-60869	UBT_5_00565
prokka_UBT_5/UBT_5:Gene	ruvB_2	UBT_5_16:c63335-61521	UBT_5_00566
prokka_UBT_5/UBT_5:Gene	UBT_5_00567	UBT_5_16:c64064-63546	UBT_5_00567
prokka_UBT_5/UBT_5:Gene	tadA_1	UBT_5_16:c64638-64129	UBT_5_00568
prokka_UBT_5/UBT_5:Gene	rsmC	UBT_5_16:c65257-64616	UBT_5_00569
prokka_UBT_5/UBT_5:Gene	rplL	UBT_5_16:c65758-65393	UBT_5_00570
prokka_UBT_5/UBT_5:Gene	rplJ	UBT_5_16:c66363-65833	UBT_5_00571
prokka_UBT_5/UBT_5:Gene	rplA	UBT_5_16:c67238-66546	UBT_5_00572
prokka_UBT_5/UBT_5:Gene	UBT_5_00573	UBT_5_16:c67768-67238	UBT_5_00573
prokka_UBT_5/UBT_5:Gene	nusG	UBT_5_16:c68449-67814	UBT_5_00574
prokka_UBT_5/UBT_5:Gene	UBT_5_00575	UBT_5_16:c68732-68559	UBT_5_00575
prokka_UBT_5/UBT_5:Gene	rpmG3	UBT_5_16:c68893-68744	UBT_5_00576
prokka_UBT_5/UBT_5:Gene	slmA	UBT_5_16:c69535-68945	UBT_5_00577
prokka_UBT_5/UBT_5:Gene	UBT_5_00578	UBT_5_16:c71144-69609	UBT_5_00578
prokka_UBT_5/UBT_5:Gene	hpf	UBT_5_16:c71854-71306	UBT_5_00579
prokka_UBT_5/UBT_5:Gene	UBT_5_00580	UBT_5_16:c72604-71936	UBT_5_00580
prokka_UBT_5/UBT_5:Gene	comFA	UBT_5_16:c73884-72604	UBT_5_00581
prokka_UBT_5/UBT_5:Gene	yigZ	UBT_5_16:73902-74537	UBT_5_00582
prokka_UBT_5/UBT_5:Gene	UBT_5_00583	UBT_5_16:74556-74629	UBT_5_00583
prokka_UBT_5/UBT_5:Gene	ghrB_2	UBT_5_16:c75612-74674	UBT_5_00584
prokka_UBT_5/UBT_5:Gene	kdgK	UBT_5_16:c76577-75609	UBT_5_00585
prokka_UBT_5/UBT_5:Gene	UBT_5_00586	UBT_5_16:c77878-76601	UBT_5_00586
prokka_UBT_5/UBT_5:Gene	UBT_5_00587	UBT_5_16:c78630-77875	UBT_5_00587
prokka_UBT_5/UBT_5:Gene	UBT_5_00588	UBT_5_16:c78899-78642	UBT_5_00588
prokka_UBT_5/UBT_5:Gene	kdgR	UBT_5_16:79012-80001	UBT_5_00589
prokka_UBT_5/UBT_5:Gene	ppx	UBT_5_16:c80982-79993	UBT_5_00590
prokka_UBT_5/UBT_5:Gene	ppk	UBT_5_16:c83123-80979	UBT_5_00591
prokka_UBT_5/UBT_5:Gene	gppA_1	UBT_5_16:c84616-83123	UBT_5_00592
prokka_UBT_5/UBT_5:Gene	tag	UBT_5_16:c85268-84681	UBT_5_00593
prokka_UBT_5/UBT_5:Gene	eno2	UBT_5_16:c86835-85510	UBT_5_00594
prokka_UBT_5/UBT_5:Gene	UBT_5_00595	UBT_5_16:c87485-86925	UBT_5_00595
prokka_UBT_5/UBT_5:Gene	UBT_5_00596	UBT_5_16:c88266-87505	UBT_5_00596
prokka_UBT_5/UBT_5:Gene	mrnC	UBT_5_16:c88670-88263	UBT_5_00597
prokka_UBT_5/UBT_5:Gene	rpoC	UBT_5_16:c92542-88880	UBT_5_00598
prokka_UBT_5/UBT_5:Gene	rpoB	UBT_5_16:c96298-92684	UBT_5_00599
prokka_UBT_5/UBT_5:Gene	tpiA_1	UBT_5_16:c97346-96534	UBT_5_00600
prokka_UBT_5/UBT_5:Gene	UBT_5_00601	UBT_5_16:c97690-97349	UBT_5_00601
prokka_UBT_5/UBT_5:Gene	UBT_5_00602	UBT_5_16:c97875-97791	UBT_5_00602
prokka_UBT_5/UBT_5:Gene	cspLA	UBT_5_16:98135-98335	UBT_5_00603
prokka_UBT_5/UBT_5:Gene	gpmA_2	UBT_5_16:98445-99158	UBT_5_00604
prokka_UBT_5/UBT_5:Gene	UBT_5_00605	UBT_5_16:c99326-99253	UBT_5_00605
prokka_UBT_5/UBT_5:Gene	UBT_5_00606	UBT_5_17:409-903	UBT_5_00606
prokka_UBT_5/UBT_5:Gene	UBT_5_00607	UBT_5_17:928-1953	UBT_5_00607
prokka_UBT_5/UBT_5:Gene	yknY	UBT_5_17:1946-2635	UBT_5_00608
prokka_UBT_5/UBT_5:Gene	macB_2	UBT_5_17:2622-3803	UBT_5_00609
prokka_UBT_5/UBT_5:Gene	uvrA_2	UBT_5_17:3962-6211	UBT_5_00610
prokka_UBT_5/UBT_5:Gene	UBT_5_00611	UBT_5_17:c6996-6259	UBT_5_00611
prokka_UBT_5/UBT_5:Gene	ribZ_3	UBT_5_17:c8496-7138	UBT_5_00612
prokka_UBT_5/UBT_5:Gene	UBT_5_00613	UBT_5_17:c8928-8500	UBT_5_00613
prokka_UBT_5/UBT_5:Gene	UBT_5_00614	UBT_5_17:9256-9936	UBT_5_00614
prokka_UBT_5/UBT_5:Gene	btuD_2	UBT_5_17:10132-11031	UBT_5_00615
prokka_UBT_5/UBT_5:Gene	UBT_5_00616	UBT_5_17:11028-11786	UBT_5_00616
prokka_UBT_5/UBT_5:Gene	UBT_5_00617	UBT_5_17:c12600-11836	UBT_5_00617
prokka_UBT_5/UBT_5:Gene	UBT_5_00618	UBT_5_17:c13612-12674	UBT_5_00618
prokka_UBT_5/UBT_5:Gene	UBT_5_00619	UBT_5_17:c14485-13709	UBT_5_00619
prokka_UBT_5/UBT_5:Gene	tyrS	UBT_5_17:14874-16121	UBT_5_00620
prokka_UBT_5/UBT_5:Gene	ldhD	UBT_5_17:16176-17165	UBT_5_00621
prokka_UBT_5/UBT_5:Gene	garR	UBT_5_17:17170-18033	UBT_5_00622
prokka_UBT_5/UBT_5:Gene	gshAB	UBT_5_17:c19725-18265	UBT_5_00623
prokka_UBT_5/UBT_5:Gene	UBT_5_00624	UBT_5_17:19916-21220	UBT_5_00624
prokka_UBT_5/UBT_5:Gene	UBT_5_00625	UBT_5_17:21220-21942	UBT_5_00625
prokka_UBT_5/UBT_5:Gene	UBT_5_00626	UBT_5_17:22047-23903	UBT_5_00626
prokka_UBT_5/UBT_5:Gene	ybjI_2	UBT_5_17:24002-24823	UBT_5_00627
prokka_UBT_5/UBT_5:Gene	aes_1	UBT_5_17:c25727-24825	UBT_5_00628
prokka_UBT_5/UBT_5:Gene	yagU	UBT_5_17:c26344-25805	UBT_5_00629
prokka_UBT_5/UBT_5:Gene	UBT_5_00630	UBT_5_17:c26900-26385	UBT_5_00630
prokka_UBT_5/UBT_5:Gene	UBT_5_00631	UBT_5_17:c27837-27280	UBT_5_00631
prokka_UBT_5/UBT_5:Gene	ytrA	UBT_5_17:28110-28499	UBT_5_00632
prokka_UBT_5/UBT_5:Gene	ytrB	UBT_5_17:28496-29401	UBT_5_00633
prokka_UBT_5/UBT_5:Gene	UBT_5_00634	UBT_5_17:29398-30234	UBT_5_00634
prokka_UBT_5/UBT_5:Gene	bcrA	UBT_5_17:30257-31162	UBT_5_00635
prokka_UBT_5/UBT_5:Gene	UBT_5_00636	UBT_5_17:31168-31935	UBT_5_00636
prokka_UBT_5/UBT_5:Gene	yvgN	UBT_5_17:c32836-31976	UBT_5_00637
prokka_UBT_5/UBT_5:Gene	psaA	UBT_5_17:c33836-32949	UBT_5_00638
prokka_UBT_5/UBT_5:Gene	UBT_5_00639	UBT_5_17:c34273-33833	UBT_5_00639
prokka_UBT_5/UBT_5:Gene	UBT_5_00640	UBT_5_17:34435-35187	UBT_5_00640
prokka_UBT_5/UBT_5:Gene	tauB	UBT_5_17:35203-35793	UBT_5_00641
prokka_UBT_5/UBT_5:Gene	UBT_5_00642	UBT_5_17:35966-37783	UBT_5_00642
prokka_UBT_5/UBT_5:Gene	zwf	UBT_5_17:c39285-37825	UBT_5_00643
prokka_UBT_5/UBT_5:Gene	nlhH	UBT_5_17:c40322-39441	UBT_5_00644
prokka_UBT_5/UBT_5:Gene	UBT_5_00645	UBT_5_17:c41109-40306	UBT_5_00645
prokka_UBT_5/UBT_5:Gene	UBT_5_00646	UBT_5_17:c42102-41140	UBT_5_00646
prokka_UBT_5/UBT_5:Gene	xylP_1	UBT_5_17:42355-43716	UBT_5_00647
prokka_UBT_5/UBT_5:Gene	UBT_5_00648	UBT_5_17:43719-44495	UBT_5_00648
prokka_UBT_5/UBT_5:Gene	purR_2	UBT_5_17:44524-45513	UBT_5_00649
prokka_UBT_5/UBT_5:Gene	UBT_5_00650	UBT_5_17:45593-46792	UBT_5_00650
prokka_UBT_5/UBT_5:Gene	nhaC	UBT_5_17:47082-48437	UBT_5_00651
prokka_UBT_5/UBT_5:Gene	UBT_5_00652	UBT_5_17:c49586-48594	UBT_5_00652
prokka_UBT_5/UBT_5:Gene	cysL	UBT_5_17:49714-50538	UBT_5_00653
prokka_UBT_5/UBT_5:Gene	UBT_5_00654	UBT_5_18:20-2017	UBT_5_00654
prokka_UBT_5/UBT_5:Gene	UBT_5_00655	UBT_5_18:2372-2683	UBT_5_00655
prokka_UBT_5/UBT_5:Gene	tetA	UBT_5_18:c3910-2738	UBT_5_00656
prokka_UBT_5/UBT_5:Gene	steT	UBT_5_18:4299-5618	UBT_5_00657
prokka_UBT_5/UBT_5:Gene	ctpF	UBT_5_18:5871-8561	UBT_5_00658
prokka_UBT_5/UBT_5:Gene	UBT_5_00659	UBT_5_18:8672-10063	UBT_5_00659
prokka_UBT_5/UBT_5:Gene	UBT_5_00660	UBT_5_18:c10582-10509	UBT_5_00660
prokka_UBT_5/UBT_5:Gene	UBT_5_00661	UBT_5_19:44-117	UBT_5_00661
prokka_UBT_5/UBT_5:Gene	UBT_5_00662	UBT_5_19:141-226	UBT_5_00662
prokka_UBT_5/UBT_5:Gene	acpS	UBT_5_19:435-842	UBT_5_00663
prokka_UBT_5/UBT_5:Gene	alr	UBT_5_19:845-1975	UBT_5_00664
prokka_UBT_5/UBT_5:Gene	ndoA	UBT_5_19:2017-2382	UBT_5_00665
prokka_UBT_5/UBT_5:Gene	UBT_5_00666	UBT_5_19:2411-3421	UBT_5_00666
prokka_UBT_5/UBT_5:Gene	valS	UBT_5_19:3721-6405	UBT_5_00667
prokka_UBT_5/UBT_5:Gene	UBT_5_00668	UBT_5_19:6498-7175	UBT_5_00668
prokka_UBT_5/UBT_5:Gene	fabH_1	UBT_5_19:7275-8249	UBT_5_00669
prokka_UBT_5/UBT_5:Gene	UBT_5_00670	UBT_5_19:8554-9714	UBT_5_00670
prokka_UBT_5/UBT_5:Gene	UBT_5_00671	UBT_5_19:9731-10081	UBT_5_00671
prokka_UBT_5/UBT_5:Gene	UBT_5_00672	UBT_5_19:10292-11338	UBT_5_00672
prokka_UBT_5/UBT_5:Gene	femA	UBT_5_19:11412-12665	UBT_5_00673
prokka_UBT_5/UBT_5:Gene	brpA_2	UBT_5_19:12751-13932	UBT_5_00674
prokka_UBT_5/UBT_5:Gene	UBT_5_00675	UBT_5_19:14054-15049	UBT_5_00675
prokka_UBT_5/UBT_5:Gene	gppA_2	UBT_5_19:15314-16234	UBT_5_00676
prokka_UBT_5/UBT_5:Gene	mvaA	UBT_5_19:16227-17441	UBT_5_00677
prokka_UBT_5/UBT_5:Gene	UBT_5_00678	UBT_5_19:17438-18382	UBT_5_00678
prokka_UBT_5/UBT_5:Gene	cobB	UBT_5_19:18382-19098	UBT_5_00679
prokka_UBT_5/UBT_5:Gene	czcD	UBT_5_19:19171-20076	UBT_5_00680
prokka_UBT_5/UBT_5:Gene	mntH	UBT_5_19:20442-21833	UBT_5_00681
prokka_UBT_5/UBT_5:Gene	UBT_5_00682	UBT_5_19:21858-22319	UBT_5_00682
prokka_UBT_5/UBT_5:Gene	UBT_5_00683	UBT_5_19:22710-23321	UBT_5_00683
prokka_UBT_5/UBT_5:Gene	nmtR	UBT_5_19:23329-23631	UBT_5_00684
prokka_UBT_5/UBT_5:Gene	UBT_5_00685	UBT_5_19:23716-23802	UBT_5_00685
prokka_UBT_5/UBT_5:Gene	UBT_5_00686	UBT_5_19:c25056-23896	UBT_5_00686
prokka_UBT_5/UBT_5:Gene	gspA	UBT_5_19:25158-26009	UBT_5_00687
prokka_UBT_5/UBT_5:Gene	UBT_5_00688	UBT_5_19:c26267-26058	UBT_5_00688
prokka_UBT_5/UBT_5:Gene	rihC	UBT_5_19:26765-27718	UBT_5_00689
prokka_UBT_5/UBT_5:Gene	rsmG	UBT_5_19:27794-28513	UBT_5_00690
prokka_UBT_5/UBT_5:Gene	soj	UBT_5_19:28568-29329	UBT_5_00691
prokka_UBT_5/UBT_5:Gene	spo0J	UBT_5_19:29319-30221	UBT_5_00692
prokka_UBT_5/UBT_5:Gene	UBT_5_00693	UBT_5_19:30222-30425	UBT_5_00693
prokka_UBT_5/UBT_5:Gene	ychF	UBT_5_19:30501-31601	UBT_5_00694
prokka_UBT_5/UBT_5:Gene	UBT_5_00695	UBT_5_19:31650-32354	UBT_5_00695
prokka_UBT_5/UBT_5:Gene	srrA	UBT_5_19:32367-33056	UBT_5_00696
prokka_UBT_5/UBT_5:Gene	sasA_3	UBT_5_19:33056-34165	UBT_5_00697
prokka_UBT_5/UBT_5:Gene	dacA	UBT_5_19:34152-35429	UBT_5_00698
prokka_UBT_5/UBT_5:Gene	nagB	UBT_5_19:35559-36260	UBT_5_00699
prokka_UBT_5/UBT_5:Gene	pgi	UBT_5_19:36346-37698	UBT_5_00700
prokka_UBT_5/UBT_5:Gene	gspE	UBT_5_19:37877-38833	UBT_5_00701
prokka_UBT_5/UBT_5:Gene	UBT_5_00702	UBT_5_19:38811-39827	UBT_5_00702
prokka_UBT_5/UBT_5:Gene	UBT_5_00703	UBT_5_19:39824-40147	UBT_5_00703
prokka_UBT_5/UBT_5:Gene	UBT_5_00704	UBT_5_19:40131-40526	UBT_5_00704
prokka_UBT_5/UBT_5:Gene	UBT_5_00705	UBT_5_19:40510-40713	UBT_5_00705
prokka_UBT_5/UBT_5:Gene	UBT_5_00706	UBT_5_19:40652-41122	UBT_5_00706
prokka_UBT_5/UBT_5:Gene	UBT_5_00707	UBT_5_19:41119-41415	UBT_5_00707
prokka_UBT_5/UBT_5:Gene	UBT_5_00708	UBT_5_19:41447-42457	UBT_5_00708
prokka_UBT_5/UBT_5:Gene	ackA	UBT_5_19:42481-43827	UBT_5_00709
prokka_UBT_5/UBT_5:Gene	mltG	UBT_5_19:43939-45261	UBT_5_00710
prokka_UBT_5/UBT_5:Gene	glcU	UBT_5_19:45526-46482	UBT_5_00711
prokka_UBT_5/UBT_5:Gene	greA	UBT_5_19:c47006-46524	UBT_5_00712
prokka_UBT_5/UBT_5:Gene	UBT_5_00713	UBT_5_19:c49672-47063	UBT_5_00713
prokka_UBT_5/UBT_5:Gene	penA	UBT_5_19:49768-51816	UBT_5_00714
prokka_UBT_5/UBT_5:Gene	UBT_5_00715	UBT_5_19:c52468-51851	UBT_5_00715
prokka_UBT_5/UBT_5:Gene	UBT_5_00716	UBT_5_19:52533-53690	UBT_5_00716
prokka_UBT_5/UBT_5:Gene	UBT_5_00717	UBT_5_19:53687-54856	UBT_5_00717
prokka_UBT_5/UBT_5:Gene	UBT_5_00718	UBT_5_19:54884-55180	UBT_5_00718
prokka_UBT_5/UBT_5:Gene	UBT_5_00719	UBT_5_19:55177-55680	UBT_5_00719
prokka_UBT_5/UBT_5:Gene	UBT_5_00720	UBT_5_19:55938-56462	UBT_5_00720
prokka_UBT_5/UBT_5:Gene	thiM	UBT_5_19:56459-57238	UBT_5_00721
prokka_UBT_5/UBT_5:Gene	thiD	UBT_5_19:57231-58061	UBT_5_00722
prokka_UBT_5/UBT_5:Gene	thiE	UBT_5_19:58051-58689	UBT_5_00723
prokka_UBT_5/UBT_5:Gene	UBT_5_00724	UBT_5_19:58743-59579	UBT_5_00724
prokka_UBT_5/UBT_5:Gene	pepF1_2	UBT_5_19:c61412-59613	UBT_5_00725
prokka_UBT_5/UBT_5:Gene	UBT_5_00726	UBT_5_19:61582-62511	UBT_5_00726
prokka_UBT_5/UBT_5:Gene	proB	UBT_5_19:62675-63490	UBT_5_00727
prokka_UBT_5/UBT_5:Gene	proA	UBT_5_19:63492-64739	UBT_5_00728
prokka_UBT_5/UBT_5:Gene	rihB	UBT_5_19:c65772-64780	UBT_5_00729
prokka_UBT_5/UBT_5:Gene	yumC	UBT_5_19:65854-66936	UBT_5_00730
prokka_UBT_5/UBT_5:Gene	UBT_5_00731	UBT_5_19:c67865-66984	UBT_5_00731
prokka_UBT_5/UBT_5:Gene	tcyC	UBT_5_19:c68669-67932	UBT_5_00732
prokka_UBT_5/UBT_5:Gene	yecS_2	UBT_5_19:c69364-68666	UBT_5_00733
prokka_UBT_5/UBT_5:Gene	UBT_5_00734	UBT_5_19:c70218-69424	UBT_5_00734
prokka_UBT_5/UBT_5:Gene	yedJ	UBT_5_19:c71088-70432	UBT_5_00735
prokka_UBT_5/UBT_5:Gene	metG	UBT_5_19:71307-73424	UBT_5_00736
prokka_UBT_5/UBT_5:Gene	birA	UBT_5_19:73496-74476	UBT_5_00737
prokka_UBT_5/UBT_5:Gene	gap	UBT_5_19:74830-75849	UBT_5_00738
prokka_UBT_5/UBT_5:Gene	UBT_5_00739	UBT_5_19:75969-76778	UBT_5_00739
prokka_UBT_5/UBT_5:Gene	fabZ_1	UBT_5_19:76941-77387	UBT_5_00740
prokka_UBT_5/UBT_5:Gene	UBT_5_00741	UBT_5_19:77371-77838	UBT_5_00741
prokka_UBT_5/UBT_5:Gene	fabH_2	UBT_5_19:77851-78819	UBT_5_00742
prokka_UBT_5/UBT_5:Gene	acpP_1	UBT_5_19:78893-79132	UBT_5_00743
prokka_UBT_5/UBT_5:Gene	UBT_5_00744	UBT_5_19:79188-80156	UBT_5_00744
prokka_UBT_5/UBT_5:Gene	fabD	UBT_5_19:80206-81156	UBT_5_00745
prokka_UBT_5/UBT_5:Gene	fabG_1	UBT_5_19:81153-81884	UBT_5_00746
prokka_UBT_5/UBT_5:Gene	fabF	UBT_5_19:81903-83165	UBT_5_00747
prokka_UBT_5/UBT_5:Gene	accB	UBT_5_19:83169-83633	UBT_5_00748
prokka_UBT_5/UBT_5:Gene	fabZ_2	UBT_5_19:83723-84154	UBT_5_00749
prokka_UBT_5/UBT_5:Gene	cfiB	UBT_5_19:84157-85533	UBT_5_00750
prokka_UBT_5/UBT_5:Gene	accD	UBT_5_19:85671-86510	UBT_5_00751
prokka_UBT_5/UBT_5:Gene	accA	UBT_5_19:86512-87312	UBT_5_00752
prokka_UBT_5/UBT_5:Gene	ssrA	UBT_5_19:87361-87717	UBT_5_00753
prokka_UBT_5/UBT_5:Gene	gbuB	UBT_5_20:c1541-519	UBT_5_00754
prokka_UBT_5/UBT_5:Gene	gbuA	UBT_5_20:c2727-1534	UBT_5_00755
prokka_UBT_5/UBT_5:Gene	UBT_5_00756	UBT_5_20:2912-3535	UBT_5_00756
prokka_UBT_5/UBT_5:Gene	bioY	UBT_5_20:3627-4172	UBT_5_00757
prokka_UBT_5/UBT_5:Gene	folD	UBT_5_20:c5359-4511	UBT_5_00758
prokka_UBT_5/UBT_5:Gene	tadA_2	UBT_5_20:5433-5918	UBT_5_00759
prokka_UBT_5/UBT_5:Gene	thyA	UBT_5_20:6206-7165	UBT_5_00760
prokka_UBT_5/UBT_5:Gene	speG	UBT_5_20:7202-7702	UBT_5_00761
prokka_UBT_5/UBT_5:Gene	UBT_5_00762	UBT_5_20:c8711-7734	UBT_5_00762
prokka_UBT_5/UBT_5:Gene	UBT_5_00763	UBT_5_20:c9863-8805	UBT_5_00763
prokka_UBT_5/UBT_5:Gene	UBT_5_00764	UBT_5_20:c11583-9856	UBT_5_00764
prokka_UBT_5/UBT_5:Gene	tarF	UBT_5_20:c11885-11580	UBT_5_00765
prokka_UBT_5/UBT_5:Gene	truA	UBT_5_21:c1034-252	UBT_5_00766
prokka_UBT_5/UBT_5:Gene	ecfT_2	UBT_5_21:c1876-1070	UBT_5_00767
prokka_UBT_5/UBT_5:Gene	ecfA2	UBT_5_21:c2726-1869	UBT_5_00768
prokka_UBT_5/UBT_5:Gene	ecfA1	UBT_5_21:c3523-2702	UBT_5_00769
prokka_UBT_5/UBT_5:Gene	norW	UBT_5_21:3712-5382	UBT_5_00770
prokka_UBT_5/UBT_5:Gene	UBT_5_00771	UBT_5_21:5483-6481	UBT_5_00771
prokka_UBT_5/UBT_5:Gene	rplQ	UBT_5_21:c6930-6547	UBT_5_00772
prokka_UBT_5/UBT_5:Gene	rpoA	UBT_5_21:c7912-6968	UBT_5_00773
prokka_UBT_5/UBT_5:Gene	rpsK	UBT_5_21:c8345-7959	UBT_5_00774
prokka_UBT_5/UBT_5:Gene	rpsM	UBT_5_21:c8848-8477	UBT_5_00775
prokka_UBT_5/UBT_5:Gene	infA	UBT_5_21:c9311-9096	UBT_5_00776
prokka_UBT_5/UBT_5:Gene	adk	UBT_5_21:c9980-9417	UBT_5_00777
prokka_UBT_5/UBT_5:Gene	secY	UBT_5_21:c11307-9973	UBT_5_00778
prokka_UBT_5/UBT_5:Gene	rplO	UBT_5_21:c11741-11307	UBT_5_00779
prokka_UBT_5/UBT_5:Gene	rpmD	UBT_5_21:c11953-11771	UBT_5_00780
prokka_UBT_5/UBT_5:Gene	rpsE	UBT_5_21:c12471-11965	UBT_5_00781
prokka_UBT_5/UBT_5:Gene	rplR	UBT_5_21:c12845-12492	UBT_5_00782
prokka_UBT_5/UBT_5:Gene	rplF	UBT_5_21:c13465-12929	UBT_5_00783
prokka_UBT_5/UBT_5:Gene	rpsH	UBT_5_21:c13888-13490	UBT_5_00784
prokka_UBT_5/UBT_5:Gene	rplE	UBT_5_21:c14569-14027	UBT_5_00785
prokka_UBT_5/UBT_5:Gene	rplX	UBT_5_21:c14901-14593	UBT_5_00786
prokka_UBT_5/UBT_5:Gene	rplN	UBT_5_21:c15293-14925	UBT_5_00787
prokka_UBT_5/UBT_5:Gene	rpsQ	UBT_5_21:c15612-15346	UBT_5_00788
prokka_UBT_5/UBT_5:Gene	rpmC	UBT_5_21:c15841-15635	UBT_5_00789
prokka_UBT_5/UBT_5:Gene	rplP	UBT_5_21:c16254-15841	UBT_5_00790
prokka_UBT_5/UBT_5:Gene	rpsC	UBT_5_21:c16940-16269	UBT_5_00791
prokka_UBT_5/UBT_5:Gene	rplV	UBT_5_21:c17296-16940	UBT_5_00792
prokka_UBT_5/UBT_5:Gene	rpsS	UBT_5_21:c17594-17313	UBT_5_00793
prokka_UBT_5/UBT_5:Gene	rplB	UBT_5_21:c18444-17611	UBT_5_00794
prokka_UBT_5/UBT_5:Gene	rplW	UBT_5_21:c18754-18467	UBT_5_00795
prokka_UBT_5/UBT_5:Gene	rplD	UBT_5_21:c19377-18754	UBT_5_00796
prokka_UBT_5/UBT_5:Gene	rplC	UBT_5_21:c20093-19410	UBT_5_00797
prokka_UBT_5/UBT_5:Gene	rpsJ	UBT_5_21:c20470-20162	UBT_5_00798
prokka_UBT_5/UBT_5:Gene	potD	UBT_5_21:c21840-20761	UBT_5_00799
prokka_UBT_5/UBT_5:Gene	UBT_5_00800	UBT_5_21:c22669-21842	UBT_5_00800
prokka_UBT_5/UBT_5:Gene	potB	UBT_5_21:c23504-22674	UBT_5_00801
prokka_UBT_5/UBT_5:Gene	potA	UBT_5_21:c24672-23488	UBT_5_00802
prokka_UBT_5/UBT_5:Gene	yycB	UBT_5_21:c25872-24682	UBT_5_00803
prokka_UBT_5/UBT_5:Gene	fusA	UBT_5_21:c28092-25981	UBT_5_00804
prokka_UBT_5/UBT_5:Gene	rpsG	UBT_5_21:c28763-28293	UBT_5_00805
prokka_UBT_5/UBT_5:Gene	rpsL	UBT_5_21:c29192-28779	UBT_5_00806
prokka_UBT_5/UBT_5:Gene	UBT_5_00807	UBT_5_21:29456-30133	UBT_5_00807
prokka_UBT_5/UBT_5:Gene	clpC_2	UBT_5_21:c32605-30140	UBT_5_00808
prokka_UBT_5/UBT_5:Gene	prfB	UBT_5_21:c33846-32728	UBT_5_00809
prokka_UBT_5/UBT_5:Gene	secA	UBT_5_21:c36338-33924	UBT_5_00810
prokka_UBT_5/UBT_5:Gene	serS	UBT_5_21:c37778-36468	UBT_5_00811
prokka_UBT_5/UBT_5:Gene	UBT_5_00812	UBT_5_21:c38186-38113	UBT_5_00812
prokka_UBT_5/UBT_5:Gene	rfbC	UBT_5_22:19-279	UBT_5_00813
prokka_UBT_5/UBT_5:Gene	rmlB	UBT_5_22:353-1390	UBT_5_00814
prokka_UBT_5/UBT_5:Gene	rmlD	UBT_5_22:1447-2286	UBT_5_00815
prokka_UBT_5/UBT_5:Gene	UBT_5_00816	UBT_5_22:c4032-2338	UBT_5_00816
prokka_UBT_5/UBT_5:Gene	UBT_5_00817	UBT_5_22:c4205-4077	UBT_5_00817
prokka_UBT_5/UBT_5:Gene	UBT_5_00818	UBT_5_22:c4854-4297	UBT_5_00818
prokka_UBT_5/UBT_5:Gene	UBT_5_00819	UBT_5_22:5008-6069	UBT_5_00819
prokka_UBT_5/UBT_5:Gene	phrB	UBT_5_22:6080-7516	UBT_5_00820
prokka_UBT_5/UBT_5:Gene	UBT_5_00821	UBT_5_22:7603-8940	UBT_5_00821
prokka_UBT_5/UBT_5:Gene	araR	UBT_5_22:9201-10292	UBT_5_00822
prokka_UBT_5/UBT_5:Gene	araA	UBT_5_22:10549-11973	UBT_5_00823
prokka_UBT_5/UBT_5:Gene	xylT	UBT_5_22:11982-13364	UBT_5_00824
prokka_UBT_5/UBT_5:Gene	xylB_1	UBT_5_22:13461-15083	UBT_5_00825
prokka_UBT_5/UBT_5:Gene	araD	UBT_5_22:15088-15810	UBT_5_00826
prokka_UBT_5/UBT_5:Gene	panE	UBT_5_22:15866-16930	UBT_5_00827
prokka_UBT_5/UBT_5:Gene	msrA	UBT_5_22:17000-17524	UBT_5_00828
prokka_UBT_5/UBT_5:Gene	rnz	UBT_5_22:17690-18658	UBT_5_00829
prokka_UBT_5/UBT_5:Gene	UBT_5_00830	UBT_5_22:18670-20634	UBT_5_00830
prokka_UBT_5/UBT_5:Gene	apt	UBT_5_22:20681-21253	UBT_5_00831
prokka_UBT_5/UBT_5:Gene	UBT_5_00832	UBT_5_22:c22000-21287	UBT_5_00832
prokka_UBT_5/UBT_5:Gene	UBT_5_00833	UBT_5_22:c22596-22012	UBT_5_00833
prokka_UBT_5/UBT_5:Gene	yjbM	UBT_5_22:22844-23422	UBT_5_00834
prokka_UBT_5/UBT_5:Gene	nadK	UBT_5_22:23419-24216	UBT_5_00835
prokka_UBT_5/UBT_5:Gene	UBT_5_00836	UBT_5_22:24289-25191	UBT_5_00836
prokka_UBT_5/UBT_5:Gene	mgtE	UBT_5_22:25230-26594	UBT_5_00837
prokka_UBT_5/UBT_5:Gene	brpA_3	UBT_5_22:26656-27636	UBT_5_00838
prokka_UBT_5/UBT_5:Gene	argG	UBT_5_22:27791-29023	UBT_5_00839
prokka_UBT_5/UBT_5:Gene	argH	UBT_5_22:29103-30491	UBT_5_00840
prokka_UBT_5/UBT_5:Gene	arcB_2	UBT_5_22:30488-31504	UBT_5_00841
prokka_UBT_5/UBT_5:Gene	ribZ_4	UBT_5_22:c32879-31536	UBT_5_00842
prokka_UBT_5/UBT_5:Gene	rqcH	UBT_5_22:c34725-33028	UBT_5_00843
prokka_UBT_5/UBT_5:Gene	cutC	UBT_5_22:c35473-34838	UBT_5_00844
prokka_UBT_5/UBT_5:Gene	rpmF	UBT_5_22:c35764-35594	UBT_5_00845
prokka_UBT_5/UBT_5:Gene	UBT_5_00846	UBT_5_22:c36677-35862	UBT_5_00846
prokka_UBT_5/UBT_5:Gene	UBT_5_00847	UBT_5_22:c37307-36771	UBT_5_00847
prokka_UBT_5/UBT_5:Gene	dedA	UBT_5_22:37549-38226	UBT_5_00848
prokka_UBT_5/UBT_5:Gene	UBT_5_00849	UBT_5_22:38264-38812	UBT_5_00849
prokka_UBT_5/UBT_5:Gene	UBT_5_00850	UBT_5_22:38809-40185	UBT_5_00850
prokka_UBT_5/UBT_5:Gene	UBT_5_00851	UBT_5_22:40195-40530	UBT_5_00851
prokka_UBT_5/UBT_5:Gene	lysA	UBT_5_22:40878-42179	UBT_5_00852
prokka_UBT_5/UBT_5:Gene	dapH	UBT_5_22:42198-42902	UBT_5_00853
prokka_UBT_5/UBT_5:Gene	ykuR	UBT_5_22:42902-44065	UBT_5_00854
prokka_UBT_5/UBT_5:Gene	dapA	UBT_5_22:44067-44942	UBT_5_00855
prokka_UBT_5/UBT_5:Gene	dapB	UBT_5_22:44942-45667	UBT_5_00856
prokka_UBT_5/UBT_5:Gene	recX	UBT_5_22:45713-46531	UBT_5_00857
prokka_UBT_5/UBT_5:Gene	UBT_5_00858	UBT_5_22:46534-46806	UBT_5_00858
prokka_UBT_5/UBT_5:Gene	UBT_5_00859	UBT_5_22:46875-47444	UBT_5_00859
prokka_UBT_5/UBT_5:Gene	addB	UBT_5_22:47527-51042	UBT_5_00860
prokka_UBT_5/UBT_5:Gene	addA	UBT_5_22:51045-54755	UBT_5_00861
prokka_UBT_5/UBT_5:Gene	glpG	UBT_5_22:54793-55482	UBT_5_00862
prokka_UBT_5/UBT_5:Gene	UBT_5_00863	UBT_5_22:55479-55691	UBT_5_00863
prokka_UBT_5/UBT_5:Gene	glcK	UBT_5_22:55851-56810	UBT_5_00864
prokka_UBT_5/UBT_5:Gene	map	UBT_5_22:56965-57753	UBT_5_00865
prokka_UBT_5/UBT_5:Gene	wcaJ	UBT_5_22:57769-58404	UBT_5_00866
prokka_UBT_5/UBT_5:Gene	UBT_5_00867	UBT_5_22:58465-59247	UBT_5_00867
prokka_UBT_5/UBT_5:Gene	UBT_5_00868	UBT_5_22:59270-60844	UBT_5_00868
prokka_UBT_5/UBT_5:Gene	glf	UBT_5_22:60996-62186	UBT_5_00869
prokka_UBT_5/UBT_5:Gene	yfdH	UBT_5_22:62234-63178	UBT_5_00870
prokka_UBT_5/UBT_5:Gene	tarD	UBT_5_22:63197-63628	UBT_5_00871
prokka_UBT_5/UBT_5:Gene	UBT_5_00872	UBT_5_22:63701-64657	UBT_5_00872
prokka_UBT_5/UBT_5:Gene	adeP	UBT_5_22:64740-66275	UBT_5_00873
prokka_UBT_5/UBT_5:Gene	cspV	UBT_5_22:66357-66581	UBT_5_00874
prokka_UBT_5/UBT_5:Gene	nudF	UBT_5_22:66584-67135	UBT_5_00875
prokka_UBT_5/UBT_5:Gene	UBT_5_00876	UBT_5_22:67137-67433	UBT_5_00876
prokka_UBT_5/UBT_5:Gene	mtnN	UBT_5_22:67479-68153	UBT_5_00877
prokka_UBT_5/UBT_5:Gene	UBT_5_00878	UBT_5_22:68235-68891	UBT_5_00878
prokka_UBT_5/UBT_5:Gene	UBT_5_00879	UBT_5_22:68893-69033	UBT_5_00879
prokka_UBT_5/UBT_5:Gene	murC	UBT_5_22:69033-70367	UBT_5_00880
prokka_UBT_5/UBT_5:Gene	ybhL	UBT_5_22:70532-71251	UBT_5_00881
prokka_UBT_5/UBT_5:Gene	polA	UBT_5_22:71330-74011	UBT_5_00882
prokka_UBT_5/UBT_5:Gene	glnR	UBT_5_22:74128-74463	UBT_5_00883
prokka_UBT_5/UBT_5:Gene	glnA	UBT_5_22:74509-75855	UBT_5_00884
prokka_UBT_5/UBT_5:Gene	UBT_5_00885	UBT_5_22:75974-76954	UBT_5_00885
prokka_UBT_5/UBT_5:Gene	UBT_5_00886	UBT_5_22:76970-77155	UBT_5_00886
prokka_UBT_5/UBT_5:Gene	ccpA_1	UBT_5_22:c78174-77200	UBT_5_00887
prokka_UBT_5/UBT_5:Gene	UBT_5_00888	UBT_5_22:78348-80306	UBT_5_00888
prokka_UBT_5/UBT_5:Gene	scrB	UBT_5_22:80322-81590	UBT_5_00889
prokka_UBT_5/UBT_5:Gene	sarZ	UBT_5_23:c1368-913	UBT_5_00890
prokka_UBT_5/UBT_5:Gene	bglF	UBT_5_23:c3302-1473	UBT_5_00891
prokka_UBT_5/UBT_5:Gene	licT	UBT_5_23:c4247-3399	UBT_5_00892
prokka_UBT_5/UBT_5:Gene	bglA	UBT_5_23:c5909-4425	UBT_5_00893
prokka_UBT_5/UBT_5:Gene	bglK	UBT_5_23:c6904-5999	UBT_5_00894
prokka_UBT_5/UBT_5:Gene	aes_2	UBT_5_23:c7962-6916	UBT_5_00895
prokka_UBT_5/UBT_5:Gene	UBT_5_00896	UBT_5_23:c9173-7959	UBT_5_00896
prokka_UBT_5/UBT_5:Gene	rhaS	UBT_5_23:c10143-9271	UBT_5_00897
prokka_UBT_5/UBT_5:Gene	UBT_5_00898	UBT_5_23:c10762-10262	UBT_5_00898
prokka_UBT_5/UBT_5:Gene	UBT_5_00899	UBT_5_23:c11877-10777	UBT_5_00899
prokka_UBT_5/UBT_5:Gene	recQ	UBT_5_24:c1950-124	UBT_5_00900
prokka_UBT_5/UBT_5:Gene	UBT_5_00901	UBT_5_24:c2548-1970	UBT_5_00901
prokka_UBT_5/UBT_5:Gene	infC	UBT_5_25:c667-236	UBT_5_00902
prokka_UBT_5/UBT_5:Gene	UBT_5_00903	UBT_5_25:c1581-946	UBT_5_00903
prokka_UBT_5/UBT_5:Gene	serP2	UBT_5_25:c3051-1678	UBT_5_00904
prokka_UBT_5/UBT_5:Gene	thrS	UBT_5_25:c5109-3148	UBT_5_00905
prokka_UBT_5/UBT_5:Gene	UBT_5_00906	UBT_5_25:c5565-5443	UBT_5_00906
prokka_UBT_5/UBT_5:Gene	larD	UBT_5_25:c6388-5669	UBT_5_00907
prokka_UBT_5/UBT_5:Gene	UBT_5_00908	UBT_5_25:6640-7092	UBT_5_00908
prokka_UBT_5/UBT_5:Gene	pmpR	UBT_5_25:c7859-7137	UBT_5_00909
prokka_UBT_5/UBT_5:Gene	ypjQ_1	UBT_5_25:c8471-7983	UBT_5_00910
prokka_UBT_5/UBT_5:Gene	serA	UBT_5_25:c9658-8480	UBT_5_00911
prokka_UBT_5/UBT_5:Gene	serC	UBT_5_25:c10746-9655	UBT_5_00912
prokka_UBT_5/UBT_5:Gene	UBT_5_00913	UBT_5_25:10997-11083	UBT_5_00913
prokka_UBT_5/UBT_5:Gene	UBT_5_00914	UBT_5_25:11232-11351	UBT_5_00914
prokka_UBT_5/UBT_5:Gene	msbA	UBT_5_25:11413-13188	UBT_5_00915
prokka_UBT_5/UBT_5:Gene	UBT_5_00916	UBT_5_25:13205-13438	UBT_5_00916
prokka_UBT_5/UBT_5:Gene	pta	UBT_5_25:c14453-13467	UBT_5_00917
prokka_UBT_5/UBT_5:Gene	ung	UBT_5_25:c15225-14566	UBT_5_00918
prokka_UBT_5/UBT_5:Gene	UBT_5_00919	UBT_5_25:15268-15807	UBT_5_00919
prokka_UBT_5/UBT_5:Gene	mmuM	UBT_5_25:c16813-15899	UBT_5_00920
prokka_UBT_5/UBT_5:Gene	rocC	UBT_5_25:c18212-16800	UBT_5_00921
prokka_UBT_5/UBT_5:Gene	livF	UBT_5_25:c19330-18602	UBT_5_00922
prokka_UBT_5/UBT_5:Gene	lptB	UBT_5_25:c20112-19327	UBT_5_00923
prokka_UBT_5/UBT_5:Gene	UBT_5_00924	UBT_5_25:c21058-20078	UBT_5_00924
prokka_UBT_5/UBT_5:Gene	livH	UBT_5_25:c21941-21063	UBT_5_00925
prokka_UBT_5/UBT_5:Gene	livK	UBT_5_25:c23125-21953	UBT_5_00926
prokka_UBT_5/UBT_5:Gene	UBT_5_00927	UBT_5_25:c24296-23154	UBT_5_00927
prokka_UBT_5/UBT_5:Gene	upp	UBT_5_25:c25297-24668	UBT_5_00928
prokka_UBT_5/UBT_5:Gene	brnQ	UBT_5_25:c26774-25410	UBT_5_00929
prokka_UBT_5/UBT_5:Gene	mhpD	UBT_5_25:c27570-26767	UBT_5_00930
prokka_UBT_5/UBT_5:Gene	UBT_5_00931	UBT_5_25:27854-27928	UBT_5_00931
prokka_UBT_5/UBT_5:Gene	panT	UBT_5_25:c28578-27964	UBT_5_00932
prokka_UBT_5/UBT_5:Gene	ptcA	UBT_5_25:c29043-28723	UBT_5_00933
prokka_UBT_5/UBT_5:Gene	ptcB	UBT_5_25:c29365-29045	UBT_5_00934
prokka_UBT_5/UBT_5:Gene	ileS	UBT_5_25:c32291-29499	UBT_5_00935
prokka_UBT_5/UBT_5:Gene	gpsB	UBT_5_25:c33257-32577	UBT_5_00936
prokka_UBT_5/UBT_5:Gene	UBT_5_00937	UBT_5_25:c34085-33294	UBT_5_00937
prokka_UBT_5/UBT_5:Gene	UBT_5_00938	UBT_5_25:c34356-34093	UBT_5_00938
prokka_UBT_5/UBT_5:Gene	sepF	UBT_5_25:c34831-34361	UBT_5_00939
prokka_UBT_5/UBT_5:Gene	ftsZ	UBT_5_25:c36264-34951	UBT_5_00940
prokka_UBT_5/UBT_5:Gene	ftsA	UBT_5_25:c37659-36286	UBT_5_00941
prokka_UBT_5/UBT_5:Gene	divIB	UBT_5_25:c38494-37787	UBT_5_00942
prokka_UBT_5/UBT_5:Gene	murG	UBT_5_25:c39638-38529	UBT_5_00943
prokka_UBT_5/UBT_5:Gene	murD	UBT_5_25:c40989-39640	UBT_5_00944
prokka_UBT_5/UBT_5:Gene	mraY	UBT_5_25:c42003-41041	UBT_5_00945
prokka_UBT_5/UBT_5:Gene	pbpB	UBT_5_25:c44194-42014	UBT_5_00946
prokka_UBT_5/UBT_5:Gene	ftsL_1	UBT_5_25:c44553-44197	UBT_5_00947
prokka_UBT_5/UBT_5:Gene	rsmH	UBT_5_25:c45512-44571	UBT_5_00948
prokka_UBT_5/UBT_5:Gene	mraZ	UBT_5_25:c45962-45531	UBT_5_00949
prokka_UBT_5/UBT_5:Gene	UBT_5_00950	UBT_5_25:c46460-46116	UBT_5_00950
prokka_UBT_5/UBT_5:Gene	UBT_5_00951	UBT_5_25:46619-46825	UBT_5_00951
prokka_UBT_5/UBT_5:Gene	UBT_5_00952	UBT_5_25:c48581-46884	UBT_5_00952
prokka_UBT_5/UBT_5:Gene	UBT_5_00953	UBT_5_25:c48948-48589	UBT_5_00953
prokka_UBT_5/UBT_5:Gene	rpmB	UBT_5_25:c49313-49113	UBT_5_00954
prokka_UBT_5/UBT_5:Gene	trxA	UBT_5_25:c49716-49402	UBT_5_00955
prokka_UBT_5/UBT_5:Gene	thiN	UBT_5_25:c50401-49763	UBT_5_00956
prokka_UBT_5/UBT_5:Gene	rpe	UBT_5_25:c51057-50401	UBT_5_00957
prokka_UBT_5/UBT_5:Gene	rsgA	UBT_5_25:c51979-51074	UBT_5_00958
prokka_UBT_5/UBT_5:Gene	prkC	UBT_5_25:c53925-52033	UBT_5_00959
prokka_UBT_5/UBT_5:Gene	stp	UBT_5_25:c54674-53928	UBT_5_00960
prokka_UBT_5/UBT_5:Gene	rsmB	UBT_5_25:c56057-54705	UBT_5_00961
prokka_UBT_5/UBT_5:Gene	fmt	UBT_5_25:c57018-56047	UBT_5_00962
prokka_UBT_5/UBT_5:Gene	priA	UBT_5_25:c59613-57193	UBT_5_00963
prokka_UBT_5/UBT_5:Gene	engB	UBT_5_25:c60268-59684	UBT_5_00964
prokka_UBT_5/UBT_5:Gene	clpX	UBT_5_25:c61520-60273	UBT_5_00965
prokka_UBT_5/UBT_5:Gene	tig	UBT_5_25:c63031-61736	UBT_5_00966
prokka_UBT_5/UBT_5:Gene	UBT_5_00967	UBT_5_25:c64431-63088	UBT_5_00967
prokka_UBT_5/UBT_5:Gene	budC	UBT_5_25:c65303-64527	UBT_5_00968
prokka_UBT_5/UBT_5:Gene	nadR	UBT_5_25:c66584-65436	UBT_5_00969
prokka_UBT_5/UBT_5:Gene	UBT_5_00970	UBT_5_25:c68330-66915	UBT_5_00970
prokka_UBT_5/UBT_5:Gene	UBT_5_00971	UBT_5_25:68566-68727	UBT_5_00971
prokka_UBT_5/UBT_5:Gene	nnrD	UBT_5_25:68782-69615	UBT_5_00972
prokka_UBT_5/UBT_5:Gene	exoA	UBT_5_25:69632-70456	UBT_5_00973
prokka_UBT_5/UBT_5:Gene	polC	UBT_5_25:c71028-70495	UBT_5_00974
prokka_UBT_5/UBT_5:Gene	UBT_5_00975	UBT_5_25:c71533-71030	UBT_5_00975
prokka_UBT_5/UBT_5:Gene	tsaE	UBT_5_25:c71979-71530	UBT_5_00976
prokka_UBT_5/UBT_5:Gene	pncB2	UBT_5_25:72052-73401	UBT_5_00977
prokka_UBT_5/UBT_5:Gene	nadE	UBT_5_25:73403-74230	UBT_5_00978
prokka_UBT_5/UBT_5:Gene	UBT_5_00979	UBT_5_25:74265-74954	UBT_5_00979
prokka_UBT_5/UBT_5:Gene	ylbL	UBT_5_25:c76073-74991	UBT_5_00980
prokka_UBT_5/UBT_5:Gene	coaD	UBT_5_25:c76549-76073	UBT_5_00981
prokka_UBT_5/UBT_5:Gene	rsmD	UBT_5_25:c77141-76566	UBT_5_00982
prokka_UBT_5/UBT_5:Gene	UBT_5_00983	UBT_5_25:c77443-77156	UBT_5_00983
prokka_UBT_5/UBT_5:Gene	ftsW	UBT_5_25:c78624-77440	UBT_5_00984
prokka_UBT_5/UBT_5:Gene	pepA	UBT_5_25:c79707-78631	UBT_5_00985
prokka_UBT_5/UBT_5:Gene	gpmA_3	UBT_5_25:c80414-79734	UBT_5_00986
prokka_UBT_5/UBT_5:Gene	pbuG	UBT_5_25:80710-82017	UBT_5_00987
prokka_UBT_5/UBT_5:Gene	recN	UBT_5_25:c83773-82088	UBT_5_00988
prokka_UBT_5/UBT_5:Gene	argR_2	UBT_5_25:c84259-83801	UBT_5_00989
prokka_UBT_5/UBT_5:Gene	tlyA	UBT_5_25:c85091-84249	UBT_5_00990
prokka_UBT_5/UBT_5:Gene	UBT_5_00991	UBT_5_25:c86002-85088	UBT_5_00991
prokka_UBT_5/UBT_5:Gene	xseB	UBT_5_25:c86219-85995	UBT_5_00992
prokka_UBT_5/UBT_5:Gene	xseA	UBT_5_25:c87498-86212	UBT_5_00993
prokka_UBT_5/UBT_5:Gene	UBT_5_00994	UBT_5_25:c88696-87554	UBT_5_00994
prokka_UBT_5/UBT_5:Gene	ligA	UBT_5_25:c90738-88693	UBT_5_00995
prokka_UBT_5/UBT_5:Gene	pcrA	UBT_5_25:c93060-90811	UBT_5_00996
prokka_UBT_5/UBT_5:Gene	lytG	UBT_5_25:c93790-93161	UBT_5_00997
prokka_UBT_5/UBT_5:Gene	UBT_5_00998	UBT_5_25:c95515-93791	UBT_5_00998
prokka_UBT_5/UBT_5:Gene	cydD	UBT_5_25:c97239-95512	UBT_5_00999
prokka_UBT_5/UBT_5:Gene	cydB	UBT_5_25:c98334-97321	UBT_5_01000
prokka_UBT_5/UBT_5:Gene	cydA	UBT_5_25:c99806-98334	UBT_5_01001
prokka_UBT_5/UBT_5:Gene	UBT_5_01002	UBT_5_25:c100284-99988	UBT_5_01002
prokka_UBT_5/UBT_5:Gene	yrrK	UBT_5_25:c100819-100388	UBT_5_01003
prokka_UBT_5/UBT_5:Gene	UBT_5_01004	UBT_5_25:c101070-100819	UBT_5_01004
prokka_UBT_5/UBT_5:Gene	alaS	UBT_5_25:c103861-101177	UBT_5_01005
prokka_UBT_5/UBT_5:Gene	UBT_5_01006	UBT_5_25:c105457-104123	UBT_5_01006
prokka_UBT_5/UBT_5:Gene	yhdG_2	UBT_5_25:c106953-105526	UBT_5_01007
prokka_UBT_5/UBT_5:Gene	idnT	UBT_5_25:c108426-107056	UBT_5_01008
prokka_UBT_5/UBT_5:Gene	xylB_2	UBT_5_25:c110037-108499	UBT_5_01009
prokka_UBT_5/UBT_5:Gene	UBT_5_01010	UBT_5_25:c111057-110149	UBT_5_01010
prokka_UBT_5/UBT_5:Gene	hexR	UBT_5_25:111215-112066	UBT_5_01011
prokka_UBT_5/UBT_5:Gene	udk	UBT_5_25:c112732-112100	UBT_5_01012
prokka_UBT_5/UBT_5:Gene	aldC	UBT_5_25:c113454-112732	UBT_5_01013
prokka_UBT_5/UBT_5:Gene	oatA	UBT_5_25:c115442-113586	UBT_5_01014
prokka_UBT_5/UBT_5:Gene	ccpA_2	UBT_5_25:c116571-115564	UBT_5_01015
prokka_UBT_5/UBT_5:Gene	pepQ	UBT_5_25:116784-117884	UBT_5_01016
prokka_UBT_5/UBT_5:Gene	UBT_5_01017	UBT_5_25:c118647-117913	UBT_5_01017
prokka_UBT_5/UBT_5:Gene	UBT_5_01018	UBT_5_25:c118849-118649	UBT_5_01018
prokka_UBT_5/UBT_5:Gene	yidA_2	UBT_5_25:c119681-118851	UBT_5_01019
prokka_UBT_5/UBT_5:Gene	UBT_5_01020	UBT_5_25:c120189-119734	UBT_5_01020
prokka_UBT_5/UBT_5:Gene	UBT_5_01021	UBT_5_25:c121700-120186	UBT_5_01021
prokka_UBT_5/UBT_5:Gene	garB_1	UBT_5_25:c123146-121803	UBT_5_01022
prokka_UBT_5/UBT_5:Gene	UBT_5_01023	UBT_5_25:c123678-123196	UBT_5_01023
prokka_UBT_5/UBT_5:Gene	acpP_2	UBT_5_25:c124296-124045	UBT_5_01024
prokka_UBT_5/UBT_5:Gene	plsX	UBT_5_25:c125376-124351	UBT_5_01025
prokka_UBT_5/UBT_5:Gene	yifK	UBT_5_25:c126887-125505	UBT_5_01026
prokka_UBT_5/UBT_5:Gene	UBT_5_01027	UBT_5_25:c127174-127049	UBT_5_01027
prokka_UBT_5/UBT_5:Gene	UBT_5_01028	UBT_5_25:c127398-127324	UBT_5_01028
prokka_UBT_5/UBT_5:Gene	rpoE	UBT_5_25:c128141-127560	UBT_5_01029
prokka_UBT_5/UBT_5:Gene	UBT_5_01030	UBT_5_25:c128616-128167	UBT_5_01030
prokka_UBT_5/UBT_5:Gene	UBT_5_01031	UBT_5_25:128769-130124	UBT_5_01031
prokka_UBT_5/UBT_5:Gene	yceI	UBT_5_25:c130831-130169	UBT_5_01032
prokka_UBT_5/UBT_5:Gene	naiP_2	UBT_5_25:c132257-130992	UBT_5_01033
prokka_UBT_5/UBT_5:Gene	pepN	UBT_5_25:c134981-132447	UBT_5_01034
prokka_UBT_5/UBT_5:Gene	nhaP2	UBT_5_25:135159-137252	UBT_5_01035
prokka_UBT_5/UBT_5:Gene	miaA	UBT_5_25:c138216-137332	UBT_5_01036
prokka_UBT_5/UBT_5:Gene	glpQ	UBT_5_25:c138964-138209	UBT_5_01037
prokka_UBT_5/UBT_5:Gene	UBT_5_01038	UBT_5_25:139050-139232	UBT_5_01038
prokka_UBT_5/UBT_5:Gene	UBT_5_01039	UBT_5_25:c139872-139261	UBT_5_01039
prokka_UBT_5/UBT_5:Gene	emrB	UBT_5_25:140018-141760	UBT_5_01040
prokka_UBT_5/UBT_5:Gene	kduD	UBT_5_25:c142577-141807	UBT_5_01041
prokka_UBT_5/UBT_5:Gene	UBT_5_01042	UBT_5_25:c143008-142655	UBT_5_01042
prokka_UBT_5/UBT_5:Gene	UBT_5_01043	UBT_5_25:c143387-142992	UBT_5_01043
prokka_UBT_5/UBT_5:Gene	ahpC	UBT_5_25:143526-144092	UBT_5_01044
prokka_UBT_5/UBT_5:Gene	UBT_5_01045	UBT_5_25:144106-145788	UBT_5_01045
prokka_UBT_5/UBT_5:Gene	ydjP	UBT_5_25:c146612-145809	UBT_5_01046
prokka_UBT_5/UBT_5:Gene	pdhD_2	UBT_5_25:c148050-146641	UBT_5_01047
prokka_UBT_5/UBT_5:Gene	pdhC	UBT_5_25:c149375-148053	UBT_5_01048
prokka_UBT_5/UBT_5:Gene	pdhB	UBT_5_25:c150348-149368	UBT_5_01049
prokka_UBT_5/UBT_5:Gene	pdhA	UBT_5_25:c151486-150350	UBT_5_01050
prokka_UBT_5/UBT_5:Gene	lplJ	UBT_5_25:c152489-151479	UBT_5_01051
prokka_UBT_5/UBT_5:Gene	UBT_5_01052	UBT_5_25:c153042-152641	UBT_5_01052
prokka_UBT_5/UBT_5:Gene	mecA	UBT_5_25:c153787-153104	UBT_5_01053
prokka_UBT_5/UBT_5:Gene	spxA	UBT_5_25:c154292-153858	UBT_5_01054
prokka_UBT_5/UBT_5:Gene	UBT_5_01055	UBT_5_26:264-1469	UBT_5_01055
prokka_UBT_5/UBT_5:Gene	ypjQ_2	UBT_5_26:c2135-1623	UBT_5_01056
prokka_UBT_5/UBT_5:Gene	UBT_5_01057	UBT_5_26:2244-2317	UBT_5_01057
prokka_UBT_5/UBT_5:Gene	garB_2	UBT_5_26:c3777-2440	UBT_5_01058
prokka_UBT_5/UBT_5:Gene	ykoE	UBT_5_26:4120-4701	UBT_5_01059
prokka_UBT_5/UBT_5:Gene	ykoD_2	UBT_5_26:4694-6103	UBT_5_01060
prokka_UBT_5/UBT_5:Gene	ykoC	UBT_5_26:6100-6762	UBT_5_01061
prokka_UBT_5/UBT_5:Gene	tenA	UBT_5_26:6774-7445	UBT_5_01062
prokka_UBT_5/UBT_5:Gene	gtfC_2	UBT_5_26:c12001-7496	UBT_5_01063
prokka_UBT_5/UBT_5:Gene	mdtD_2	UBT_5_26:c13569-12199	UBT_5_01064
prokka_UBT_5/UBT_5:Gene	yfeX	UBT_5_26:13719-14678	UBT_5_01065
prokka_UBT_5/UBT_5:Gene	gldA	UBT_5_26:c15837-14761	UBT_5_01066
prokka_UBT_5/UBT_5:Gene	fabG_2	UBT_5_26:c16587-15853	UBT_5_01067
prokka_UBT_5/UBT_5:Gene	cinA	UBT_5_26:c17859-16606	UBT_5_01068
prokka_UBT_5/UBT_5:Gene	tpiA_2	UBT_5_26:c18574-17867	UBT_5_01069
prokka_UBT_5/UBT_5:Gene	mdaB	UBT_5_26:c19125-18571	UBT_5_01070
prokka_UBT_5/UBT_5:Gene	UBT_5_01071	UBT_5_26:c20340-19141	UBT_5_01071
prokka_UBT_5/UBT_5:Gene	yodB_2	UBT_5_26:20470-20766	UBT_5_01072
prokka_UBT_5/UBT_5:Gene	topA	UBT_5_26:c22882-20804	UBT_5_01073
prokka_UBT_5/UBT_5:Gene	UBT_5_01074	UBT_5_26:c23441-23043	UBT_5_01074
prokka_UBT_5/UBT_5:Gene	UBT_5_01075	UBT_5_26:c23889-23422	UBT_5_01075
prokka_UBT_5/UBT_5:Gene	UBT_5_01076	UBT_5_26:c24696-23950	UBT_5_01076
prokka_UBT_5/UBT_5:Gene	btuD_3	UBT_5_26:c25565-24693	UBT_5_01077
prokka_UBT_5/UBT_5:Gene	yvdM	UBT_5_26:c26357-25689	UBT_5_01078
prokka_UBT_5/UBT_5:Gene	trePP	UBT_5_26:c28722-26350	UBT_5_01079
prokka_UBT_5/UBT_5:Gene	UBT_5_01080	UBT_5_26:c30756-28735	UBT_5_01080
prokka_UBT_5/UBT_5:Gene	treR	UBT_5_26:c31502-30804	UBT_5_01081
prokka_UBT_5/UBT_5:Gene	UBT_5_01082	UBT_5_26:31929-32252	UBT_5_01082
prokka_UBT_5/UBT_5:Gene	UBT_5_01083	UBT_5_26:32333-32406	UBT_5_01083
prokka_UBT_5/UBT_5:Gene	UBT_5_01084	UBT_5_27:42-115	UBT_5_01084
prokka_UBT_5/UBT_5:Gene	yfcJ	UBT_5_27:477-1679	UBT_5_01085
prokka_UBT_5/UBT_5:Gene	yutF	UBT_5_27:c2492-1719	UBT_5_01086
prokka_UBT_5/UBT_5:Gene	UBT_5_01087	UBT_5_27:2769-3197	UBT_5_01087
prokka_UBT_5/UBT_5:Gene	UBT_5_01088	UBT_5_27:3198-4001	UBT_5_01088
prokka_UBT_5/UBT_5:Gene	UBT_5_01089	UBT_5_27:c4441-3998	UBT_5_01089
prokka_UBT_5/UBT_5:Gene	ltaS1_2	UBT_5_27:4500-6701	UBT_5_01090
prokka_UBT_5/UBT_5:Gene	pglH	UBT_5_27:6791-7858	UBT_5_01091
prokka_UBT_5/UBT_5:Gene	UBT_5_01092	UBT_5_27:7894-8376	UBT_5_01092
prokka_UBT_5/UBT_5:Gene	manA	UBT_5_28:192-1172	UBT_5_01093
prokka_UBT_5/UBT_5:Gene	manX	UBT_5_28:1378-2328	UBT_5_01094
prokka_UBT_5/UBT_5:Gene	sorA	UBT_5_28:2360-3169	UBT_5_01095
prokka_UBT_5/UBT_5:Gene	manZ	UBT_5_28:3181-4095	UBT_5_01096
prokka_UBT_5/UBT_5:Gene	UBT_5_01097	UBT_5_28:4238-4615	UBT_5_01097
prokka_UBT_5/UBT_5:Gene	UBT_5_01098	UBT_5_28:4615-5448	UBT_5_01098
prokka_UBT_5/UBT_5:Gene	groS	UBT_5_28:5599-5883	UBT_5_01099
prokka_UBT_5/UBT_5:Gene	groL	UBT_5_28:5959-7578	UBT_5_01100
prokka_UBT_5/UBT_5:Gene	UBT_5_01101	UBT_5_28:7715-8125	UBT_5_01101
prokka_UBT_5/UBT_5:Gene	UBT_5_01102	UBT_5_28:8237-8680	UBT_5_01102
prokka_UBT_5/UBT_5:Gene	UBT_5_01103	UBT_5_28:8677-9321	UBT_5_01103
prokka_UBT_5/UBT_5:Gene	menA	UBT_5_28:9367-10254	UBT_5_01104
prokka_UBT_5/UBT_5:Gene	rbsR	UBT_5_28:c11269-10274	UBT_5_01105
prokka_UBT_5/UBT_5:Gene	UBT_5_01106	UBT_5_28:c11571-11326	UBT_5_01106
prokka_UBT_5/UBT_5:Gene	xylP_2	UBT_5_28:c12999-11590	UBT_5_01107
prokka_UBT_5/UBT_5:Gene	malL	UBT_5_28:c14717-13017	UBT_5_01108
prokka_UBT_5/UBT_5:Gene	UBT_5_01109	UBT_5_28:c15551-14904	UBT_5_01109
prokka_UBT_5/UBT_5:Gene	pth	UBT_5_28:15599-16240	UBT_5_01110
prokka_UBT_5/UBT_5:Gene	mfd	UBT_5_28:16261-19797	UBT_5_01111
prokka_UBT_5/UBT_5:Gene	hslR	UBT_5_28:19815-20108	UBT_5_01112
prokka_UBT_5/UBT_5:Gene	ftsL_2	UBT_5_28:20171-20566	UBT_5_01113
prokka_UBT_5/UBT_5:Gene	tilS	UBT_5_28:20596-21903	UBT_5_01114
prokka_UBT_5/UBT_5:Gene	hpt	UBT_5_28:21903-22442	UBT_5_01115
prokka_UBT_5/UBT_5:Gene	ftsH	UBT_5_28:22466-24556	UBT_5_01116
prokka_UBT_5/UBT_5:Gene	hslO	UBT_5_28:24621-25517	UBT_5_01117
prokka_UBT_5/UBT_5:Gene	lysS	UBT_5_28:25608-27116	UBT_5_01118
prokka_UBT_5/UBT_5:Gene	UBT_5_01119	UBT_5_28:27197-27271	UBT_5_01119
prokka_UBT_5/UBT_5:Gene	UBT_5_01120	UBT_5_28:27397-27471	UBT_5_01120
prokka_UBT_5/UBT_5:Gene	UBT_5_01121	UBT_5_28:27499-27574	UBT_5_01121

DiscRep_ALL:DISC_SOURCE_QUALS_ASNDISC::strain (all present, all same)
DiscRep_SUB:DISC_SOURCE_QUALS_ASNDISC::28 sources have 'strain' for strain
DiscRep_ALL:DISC_SOURCE_QUALS_ASNDISC::taxname (all present, all same)
DiscRep_SUB:DISC_SOURCE_QUALS_ASNDISC::28 sources have 'Genus species' for taxname
DiscRep_ALL:DISC_FEATURE_COUNT::gene: 1121 present
DiscRep_ALL:DISC_FEATURE_COUNT::CDS: 1089 present
DiscRep_ALL:DISC_FEATURE_COUNT::tRNA: 31 present
DiscRep_ALL:DISC_FEATURE_COUNT::tmRNA: 1 present
DiscRep_ALL:DISC_COUNT_NUCLEOTIDES::28 nucleotide Bioseqs are present
prokka_UBT_5/UBT_5:Prokka:UBT_5_1 (length 74477)
prokka_UBT_5/UBT_5:Prokka:UBT_5_2 (length 70376)
prokka_UBT_5/UBT_5:Prokka:UBT_5_3 (length 6801)
prokka_UBT_5/UBT_5:Prokka:UBT_5_4 (length 24408)
prokka_UBT_5/UBT_5:Prokka:UBT_5_5 (length 10405)
prokka_UBT_5/UBT_5:Prokka:UBT_5_6 (length 11055)
prokka_UBT_5/UBT_5:Prokka:UBT_5_7 (length 30759)
prokka_UBT_5/UBT_5:Prokka:UBT_5_8 (length 5053)
prokka_UBT_5/UBT_5:Prokka:UBT_5_9 (length 33539)
prokka_UBT_5/UBT_5:Prokka:UBT_5_10 (length 65531)
prokka_UBT_5/UBT_5:Prokka:UBT_5_11 (length 8926)
prokka_UBT_5/UBT_5:Prokka:UBT_5_12 (length 13844)
prokka_UBT_5/UBT_5:Prokka:UBT_5_13 (length 12200)
prokka_UBT_5/UBT_5:Prokka:UBT_5_14 (length 69481)
prokka_UBT_5/UBT_5:Prokka:UBT_5_15 (length 63423)
prokka_UBT_5/UBT_5:Prokka:UBT_5_16 (length 99371)
prokka_UBT_5/UBT_5:Prokka:UBT_5_17 (length 50980)
prokka_UBT_5/UBT_5:Prokka:UBT_5_18 (length 10595)
prokka_UBT_5/UBT_5:Prokka:UBT_5_19 (length 87746)
prokka_UBT_5/UBT_5:Prokka:UBT_5_20 (length 11912)
prokka_UBT_5/UBT_5:Prokka:UBT_5_21 (length 38227)
prokka_UBT_5/UBT_5:Prokka:UBT_5_22 (length 82431)
prokka_UBT_5/UBT_5:Prokka:UBT_5_23 (length 11907)
prokka_UBT_5/UBT_5:Prokka:UBT_5_24 (length 2554)
prokka_UBT_5/UBT_5:Prokka:UBT_5_25 (length 154517)
prokka_UBT_5/UBT_5:Prokka:UBT_5_26 (length 32436)
prokka_UBT_5/UBT_5:Prokka:UBT_5_27 (length 9301)
prokka_UBT_5/UBT_5:Prokka:UBT_5_28 (length 28176)

DiscRep_ALL:OVERLAPPING_GENES::322 genes overlap another gene on the same strand.
prokka_UBT_5/UBT_5:Gene	UBT_5_00011	UBT_5_1:c12181-11315	UBT_5_00011
prokka_UBT_5/UBT_5:Gene	ddl	UBT_5_1:c13314-12181	UBT_5_00012
prokka_UBT_5/UBT_5:Gene	UBT_5_00013	UBT_5_1:c14365-13376	UBT_5_00013
prokka_UBT_5/UBT_5:Gene	rodA	UBT_5_1:c15585-14365	UBT_5_00014
prokka_UBT_5/UBT_5:Gene	yhhT	UBT_5_1:c33888-32785	UBT_5_00035
prokka_UBT_5/UBT_5:Gene	mutY	UBT_5_1:c34910-33888	UBT_5_00036
prokka_UBT_5/UBT_5:Gene	UBT_5_00042	UBT_5_1:c41149-39833	UBT_5_00042
prokka_UBT_5/UBT_5:Gene	walK	UBT_5_1:c43010-41139	UBT_5_00043
prokka_UBT_5/UBT_5:Gene	idi	UBT_5_1:c48382-47861	UBT_5_00049
prokka_UBT_5/UBT_5:Gene	ppaX	UBT_5_1:c49052-48375	UBT_5_00050
prokka_UBT_5/UBT_5:Gene	hisK	UBT_5_1:c49867-49049	UBT_5_00051
prokka_UBT_5/UBT_5:Gene	ecfT_1	UBT_5_1:c62176-61352	UBT_5_00063
prokka_UBT_5/UBT_5:Gene	ykoD_1	UBT_5_1:c63870-62173	UBT_5_00064
prokka_UBT_5/UBT_5:Gene	UBT_5_00072	UBT_5_1:71761-72042	UBT_5_00072
prokka_UBT_5/UBT_5:Gene	rpiA	UBT_5_1:72039-72722	UBT_5_00073
prokka_UBT_5/UBT_5:Gene	phnE	UBT_5_2:c6508-5687	UBT_5_00082
prokka_UBT_5/UBT_5:Gene	ftsE	UBT_5_2:c7254-6508	UBT_5_00083
prokka_UBT_5/UBT_5:Gene	UBT_5_00084	UBT_5_2:c7548-7375	UBT_5_00084
prokka_UBT_5/UBT_5:Gene	UBT_5_00085	UBT_5_2:c8594-7548	UBT_5_00085
prokka_UBT_5/UBT_5:Gene	crcB_1	UBT_5_2:c24085-23744	UBT_5_00102
prokka_UBT_5/UBT_5:Gene	crcB_2	UBT_5_2:c24516-24082	UBT_5_00103
prokka_UBT_5/UBT_5:Gene	UBT_5_00109	UBT_5_2:c30555-30085	UBT_5_00109
prokka_UBT_5/UBT_5:Gene	apbE	UBT_5_2:c31507-30530	UBT_5_00110
prokka_UBT_5/UBT_5:Gene	UBT_5_00111	UBT_5_2:c32361-31504	UBT_5_00111
prokka_UBT_5/UBT_5:Gene	UBT_5_00113	UBT_5_2:33265-34269	UBT_5_00113
prokka_UBT_5/UBT_5:Gene	UBT_5_00114	UBT_5_2:34266-35165	UBT_5_00114
prokka_UBT_5/UBT_5:Gene	ugpC	UBT_5_2:35158-35913	UBT_5_00115
prokka_UBT_5/UBT_5:Gene	UBT_5_00120	UBT_5_2:c42075-40939	UBT_5_00120
prokka_UBT_5/UBT_5:Gene	mglA	UBT_5_2:c43631-42075	UBT_5_00121
prokka_UBT_5/UBT_5:Gene	argR_1	UBT_5_2:c44093-43833	UBT_5_00122
prokka_UBT_5/UBT_5:Gene	arcC1	UBT_5_2:c45043-44090	UBT_5_00123
prokka_UBT_5/UBT_5:Gene	UBT_5_00136	UBT_5_2:56795-57193	UBT_5_00136
prokka_UBT_5/UBT_5:Gene	UBT_5_00137	UBT_5_2:57190-57696	UBT_5_00137
prokka_UBT_5/UBT_5:Gene	copY	UBT_5_2:64513-64947	UBT_5_00145
prokka_UBT_5/UBT_5:Gene	copB	UBT_5_2:64944-66989	UBT_5_00146
prokka_UBT_5/UBT_5:Gene	cdaA	UBT_5_4:16534-17349	UBT_5_00168
prokka_UBT_5/UBT_5:Gene	cdaR	UBT_5_4:17346-18398	UBT_5_00169
prokka_UBT_5/UBT_5:Gene	helD	UBT_5_6:230-2596	UBT_5_00187
prokka_UBT_5/UBT_5:Gene	coaA	UBT_5_6:2593-3273	UBT_5_00188
prokka_UBT_5/UBT_5:Gene	gtfA_1	UBT_5_6:5704-7140	UBT_5_00191
prokka_UBT_5/UBT_5:Gene	gtfB	UBT_5_6:7137-7970	UBT_5_00192
prokka_UBT_5/UBT_5:Gene	UBT_5_00204	UBT_5_7:c10110-8959	UBT_5_00204
prokka_UBT_5/UBT_5:Gene	menE_2	UBT_5_7:c11387-10107	UBT_5_00205
prokka_UBT_5/UBT_5:Gene	UBT_5_00207	UBT_5_7:c12960-12037	UBT_5_00207
prokka_UBT_5/UBT_5:Gene	UBT_5_00208	UBT_5_7:c13408-12944	UBT_5_00208
prokka_UBT_5/UBT_5:Gene	misCA	UBT_5_7:c16139-15300	UBT_5_00210
prokka_UBT_5/UBT_5:Gene	rnpA	UBT_5_7:c16486-16136	UBT_5_00211
prokka_UBT_5/UBT_5:Gene	UBT_5_00217	UBT_5_7:21595-22059	UBT_5_00217
prokka_UBT_5/UBT_5:Gene	recF	UBT_5_7:22041-23177	UBT_5_00218
prokka_UBT_5/UBT_5:Gene	UBT_5_00223	UBT_5_7:c29820-28504	UBT_5_00223
prokka_UBT_5/UBT_5:Gene	UBT_5_00224	UBT_5_7:c30167-29817	UBT_5_00224
prokka_UBT_5/UBT_5:Gene	ftsY	UBT_5_8:190-1032	UBT_5_00227
prokka_UBT_5/UBT_5:Gene	UBT_5_00228	UBT_5_8:1029-1373	UBT_5_00228
prokka_UBT_5/UBT_5:Gene	ffh	UBT_5_8:1444-2919	UBT_5_00229
prokka_UBT_5/UBT_5:Gene	UBT_5_00230	UBT_5_8:2916-3098	UBT_5_00230
prokka_UBT_5/UBT_5:Gene	UBT_5_00241	UBT_5_9:6360-6764	UBT_5_00241
prokka_UBT_5/UBT_5:Gene	UBT_5_00242	UBT_5_9:6761-7282	UBT_5_00242
prokka_UBT_5/UBT_5:Gene	UBT_5_00245	UBT_5_9:10781-11512	UBT_5_00245
prokka_UBT_5/UBT_5:Gene	coaE	UBT_5_9:11512-12132	UBT_5_00246
prokka_UBT_5/UBT_5:Gene	UBT_5_00247	UBT_5_9:12119-13456	UBT_5_00247
prokka_UBT_5/UBT_5:Gene	UBT_5_00249	UBT_5_9:14390-15469	UBT_5_00249
prokka_UBT_5/UBT_5:Gene	UBT_5_00250	UBT_5_9:15466-16248	UBT_5_00250
prokka_UBT_5/UBT_5:Gene	UBT_5_00251	UBT_5_9:16232-16534	UBT_5_00251
prokka_UBT_5/UBT_5:Gene	mltF_1	UBT_5_9:19550-20998	UBT_5_00256
prokka_UBT_5/UBT_5:Gene	artM	UBT_5_9:20995-21747	UBT_5_00257
prokka_UBT_5/UBT_5:Gene	fpgS	UBT_5_10:11943-13124	UBT_5_00277
prokka_UBT_5/UBT_5:Gene	hsrA	UBT_5_10:13121-14524	UBT_5_00278
prokka_UBT_5/UBT_5:Gene	menH	UBT_5_10:17056-17793	UBT_5_00282
prokka_UBT_5/UBT_5:Gene	mprF	UBT_5_10:17780-20326	UBT_5_00283
prokka_UBT_5/UBT_5:Gene	UBT_5_00291	UBT_5_10:29626-30684	UBT_5_00291
prokka_UBT_5/UBT_5:Gene	UBT_5_00292	UBT_5_10:30656-30922	UBT_5_00292
prokka_UBT_5/UBT_5:Gene	UBT_5_00297	UBT_5_10:38660-39634	UBT_5_00297
prokka_UBT_5/UBT_5:Gene	whiA	UBT_5_10:39634-40578	UBT_5_00298
prokka_UBT_5/UBT_5:Gene	gph	UBT_5_10:44829-45365	UBT_5_00303
prokka_UBT_5/UBT_5:Gene	yqeH	UBT_5_10:45355-46500	UBT_5_00304
prokka_UBT_5/UBT_5:Gene	UBT_5_00305	UBT_5_10:46500-46814	UBT_5_00305
prokka_UBT_5/UBT_5:Gene	nadD	UBT_5_10:46828-47466	UBT_5_00306
prokka_UBT_5/UBT_5:Gene	UBT_5_00307	UBT_5_10:47459-48049	UBT_5_00307
prokka_UBT_5/UBT_5:Gene	cmoM	UBT_5_10:48489-49247	UBT_5_00309
prokka_UBT_5/UBT_5:Gene	tmcAL	UBT_5_10:49244-50437	UBT_5_00310
prokka_UBT_5/UBT_5:Gene	UBT_5_00311	UBT_5_10:50434-50979	UBT_5_00311
prokka_UBT_5/UBT_5:Gene	arlS	UBT_5_10:51777-52883	UBT_5_00313
prokka_UBT_5/UBT_5:Gene	yccX	UBT_5_10:52861-53133	UBT_5_00314
prokka_UBT_5/UBT_5:Gene	UBT_5_00321	UBT_5_10:59934-60335	UBT_5_00321
prokka_UBT_5/UBT_5:Gene	UBT_5_00322	UBT_5_10:60335-60916	UBT_5_00322
prokka_UBT_5/UBT_5:Gene	UBT_5_00348	UBT_5_12:6865-8025	UBT_5_00348
prokka_UBT_5/UBT_5:Gene	citC	UBT_5_12:8025-9080	UBT_5_00349
prokka_UBT_5/UBT_5:Gene	citD	UBT_5_12:9070-9363	UBT_5_00350
prokka_UBT_5/UBT_5:Gene	citE	UBT_5_12:9363-10274	UBT_5_00351
prokka_UBT_5/UBT_5:Gene	citF	UBT_5_12:10264-11802	UBT_5_00352
prokka_UBT_5/UBT_5:Gene	glnH	UBT_5_13:10009-10875	UBT_5_00364
prokka_UBT_5/UBT_5:Gene	glnM	UBT_5_13:10875-11516	UBT_5_00365
prokka_UBT_5/UBT_5:Gene	UBT_5_00368	UBT_5_14:1610-2353	UBT_5_00368
prokka_UBT_5/UBT_5:Gene	UBT_5_00369	UBT_5_14:2346-2930	UBT_5_00369
prokka_UBT_5/UBT_5:Gene	mreC	UBT_5_14:11944-12801	UBT_5_00378
prokka_UBT_5/UBT_5:Gene	UBT_5_00379	UBT_5_14:12801-13328	UBT_5_00379
prokka_UBT_5/UBT_5:Gene	glnQ_2	UBT_5_14:14413-15051	UBT_5_00381
prokka_UBT_5/UBT_5:Gene	argT	UBT_5_14:15051-15902	UBT_5_00382
prokka_UBT_5/UBT_5:Gene	clsA	UBT_5_14:16027-17481	UBT_5_00383
prokka_UBT_5/UBT_5:Gene	albE	UBT_5_14:17430-18755	UBT_5_00384
prokka_UBT_5/UBT_5:Gene	UBT_5_00385	UBT_5_14:18752-20023	UBT_5_00385
prokka_UBT_5/UBT_5:Gene	UBT_5_00393	UBT_5_14:27170-28093	UBT_5_00393
prokka_UBT_5/UBT_5:Gene	UBT_5_00394	UBT_5_14:28093-28977	UBT_5_00394
prokka_UBT_5/UBT_5:Gene	pstB3_1	UBT_5_14:29058-29897	UBT_5_00395
prokka_UBT_5/UBT_5:Gene	pstB3_2	UBT_5_14:29894-30664	UBT_5_00396
prokka_UBT_5/UBT_5:Gene	hprK	UBT_5_14:31883-32845	UBT_5_00399
prokka_UBT_5/UBT_5:Gene	gpsA	UBT_5_14:32838-33854	UBT_5_00400
prokka_UBT_5/UBT_5:Gene	UBT_5_00411	UBT_5_14:c46506-45676	UBT_5_00411
prokka_UBT_5/UBT_5:Gene	UBT_5_00412	UBT_5_14:c47713-46496	UBT_5_00412
prokka_UBT_5/UBT_5:Gene	dltA	UBT_5_14:48021-49553	UBT_5_00414
prokka_UBT_5/UBT_5:Gene	UBT_5_00415	UBT_5_14:49546-50754	UBT_5_00415
prokka_UBT_5/UBT_5:Gene	murI	UBT_5_14:53156-54025	UBT_5_00419
prokka_UBT_5/UBT_5:Gene	UBT_5_00420	UBT_5_14:54000-54602	UBT_5_00420
prokka_UBT_5/UBT_5:Gene	ruvB_1	UBT_5_14:55182-56240	UBT_5_00422
prokka_UBT_5/UBT_5:Gene	UBT_5_00423	UBT_5_14:56240-57100	UBT_5_00423
prokka_UBT_5/UBT_5:Gene	queA	UBT_5_14:57093-58160	UBT_5_00424
prokka_UBT_5/UBT_5:Gene	UBT_5_00429	UBT_5_14:60412-60903	UBT_5_00429
prokka_UBT_5/UBT_5:Gene	UBT_5_00430	UBT_5_14:60893-62353	UBT_5_00430
prokka_UBT_5/UBT_5:Gene	srlR	UBT_5_14:63759-64523	UBT_5_00433
prokka_UBT_5/UBT_5:Gene	lacC	UBT_5_14:64520-65437	UBT_5_00434
prokka_UBT_5/UBT_5:Gene	UBT_5_00440	UBT_5_15:c5206-4619	UBT_5_00440
prokka_UBT_5/UBT_5:Gene	nrdD	UBT_5_15:c7331-5199	UBT_5_00441
prokka_UBT_5/UBT_5:Gene	gatA	UBT_5_15:c20276-18807	UBT_5_00449
prokka_UBT_5/UBT_5:Gene	gatC	UBT_5_15:c20584-20276	UBT_5_00450
prokka_UBT_5/UBT_5:Gene	yqeN	UBT_5_15:c22432-21431	UBT_5_00453
prokka_UBT_5/UBT_5:Gene	comEC	UBT_5_15:c24692-22395	UBT_5_00454
prokka_UBT_5/UBT_5:Gene	znuB	UBT_5_15:c31206-30415	UBT_5_00461
prokka_UBT_5/UBT_5:Gene	znuC	UBT_5_15:c31903-31199	UBT_5_00462
prokka_UBT_5/UBT_5:Gene	UBT_5_00463	UBT_5_15:c32754-31900	UBT_5_00463
prokka_UBT_5/UBT_5:Gene	rnmV	UBT_5_15:c34593-34030	UBT_5_00466
prokka_UBT_5/UBT_5:Gene	dtd3	UBT_5_15:c35383-34586	UBT_5_00467
prokka_UBT_5/UBT_5:Gene	nusB	UBT_5_15:c35974-35552	UBT_5_00468
prokka_UBT_5/UBT_5:Gene	UBT_5_00469	UBT_5_15:c36435-35974	UBT_5_00469
prokka_UBT_5/UBT_5:Gene	UBT_5_00480	UBT_5_15:c46944-46342	UBT_5_00480
prokka_UBT_5/UBT_5:Gene	UBT_5_00481	UBT_5_15:c47800-46934	UBT_5_00481
prokka_UBT_5/UBT_5:Gene	metN	UBT_5_15:59511-60596	UBT_5_00492
prokka_UBT_5/UBT_5:Gene	metP	UBT_5_15:60593-61288	UBT_5_00493
prokka_UBT_5/UBT_5:Gene	nagR	UBT_5_15:c62027-61317	UBT_5_00494
prokka_UBT_5/UBT_5:Gene	nagA	UBT_5_15:c63169-62027	UBT_5_00495
prokka_UBT_5/UBT_5:Gene	UBT_5_00497	UBT_5_16:423-803	UBT_5_00497
prokka_UBT_5/UBT_5:Gene	UBT_5_00498	UBT_5_16:787-1242	UBT_5_00498
prokka_UBT_5/UBT_5:Gene	UBT_5_00506	UBT_5_16:c7481-6924	UBT_5_00506
prokka_UBT_5/UBT_5:Gene	tsaB	UBT_5_16:c8175-7465	UBT_5_00507
prokka_UBT_5/UBT_5:Gene	UBT_5_00508	UBT_5_16:c9284-8256	UBT_5_00508
prokka_UBT_5/UBT_5:Gene	sigM	UBT_5_16:c9759-9274	UBT_5_00509
prokka_UBT_5/UBT_5:Gene	murT	UBT_5_16:16087-17445	UBT_5_00516
prokka_UBT_5/UBT_5:Gene	gatD	UBT_5_16:17445-18176	UBT_5_00517
prokka_UBT_5/UBT_5:Gene	metC	UBT_5_16:c27371-26220	UBT_5_00525
prokka_UBT_5/UBT_5:Gene	metI	UBT_5_16:c28477-27368	UBT_5_00526
prokka_UBT_5/UBT_5:Gene	sasA_2	UBT_5_16:c34377-33094	UBT_5_00532
prokka_UBT_5/UBT_5:Gene	arlR_2	UBT_5_16:c35059-34370	UBT_5_00533
prokka_UBT_5/UBT_5:Gene	leuC	UBT_5_16:c39179-37812	UBT_5_00538
prokka_UBT_5/UBT_5:Gene	leuB	UBT_5_16:c40246-39176	UBT_5_00539
prokka_UBT_5/UBT_5:Gene	leuA	UBT_5_16:c41417-40239	UBT_5_00540
prokka_UBT_5/UBT_5:Gene	sufU	UBT_5_16:c43905-43465	UBT_5_00543
prokka_UBT_5/UBT_5:Gene	sufS	UBT_5_16:c45116-43902	UBT_5_00544
prokka_UBT_5/UBT_5:Gene	UBT_5_00545	UBT_5_16:c46272-45106	UBT_5_00545
prokka_UBT_5/UBT_5:Gene	sufC	UBT_5_16:c47071-46265	UBT_5_00546
prokka_UBT_5/UBT_5:Gene	UBT_5_00547	UBT_5_16:c47913-47068	UBT_5_00547
prokka_UBT_5/UBT_5:Gene	iolU	UBT_5_16:c50487-49489	UBT_5_00549
prokka_UBT_5/UBT_5:Gene	UBT_5_00550	UBT_5_16:c51224-50484	UBT_5_00550
prokka_UBT_5/UBT_5:Gene	UBT_5_00556	UBT_5_16:c55680-55240	UBT_5_00556
prokka_UBT_5/UBT_5:Gene	UBT_5_00557	UBT_5_16:c55879-55673	UBT_5_00557
prokka_UBT_5/UBT_5:Gene	UBT_5_00561	UBT_5_16:c59585-58650	UBT_5_00561
prokka_UBT_5/UBT_5:Gene	darA	UBT_5_16:c59914-59585	UBT_5_00562
prokka_UBT_5/UBT_5:Gene	UBT_5_00564	UBT_5_16:c60872-60612	UBT_5_00564
prokka_UBT_5/UBT_5:Gene	recR	UBT_5_16:c61474-60869	UBT_5_00565
prokka_UBT_5/UBT_5:Gene	tadA_1	UBT_5_16:c64638-64129	UBT_5_00568
prokka_UBT_5/UBT_5:Gene	rsmC	UBT_5_16:c65257-64616	UBT_5_00569
prokka_UBT_5/UBT_5:Gene	rplA	UBT_5_16:c67238-66546	UBT_5_00572
prokka_UBT_5/UBT_5:Gene	UBT_5_00573	UBT_5_16:c67768-67238	UBT_5_00573
prokka_UBT_5/UBT_5:Gene	UBT_5_00580	UBT_5_16:c72604-71936	UBT_5_00580
prokka_UBT_5/UBT_5:Gene	comFA	UBT_5_16:c73884-72604	UBT_5_00581
prokka_UBT_5/UBT_5:Gene	ghrB_2	UBT_5_16:c75612-74674	UBT_5_00584
prokka_UBT_5/UBT_5:Gene	kdgK	UBT_5_16:c76577-75609	UBT_5_00585
prokka_UBT_5/UBT_5:Gene	UBT_5_00586	UBT_5_16:c77878-76601	UBT_5_00586
prokka_UBT_5/UBT_5:Gene	UBT_5_00587	UBT_5_16:c78630-77875	UBT_5_00587
prokka_UBT_5/UBT_5:Gene	ppx	UBT_5_16:c80982-79993	UBT_5_00590
prokka_UBT_5/UBT_5:Gene	ppk	UBT_5_16:c83123-80979	UBT_5_00591
prokka_UBT_5/UBT_5:Gene	gppA_1	UBT_5_16:c84616-83123	UBT_5_00592
prokka_UBT_5/UBT_5:Gene	UBT_5_00596	UBT_5_16:c88266-87505	UBT_5_00596
prokka_UBT_5/UBT_5:Gene	mrnC	UBT_5_16:c88670-88263	UBT_5_00597
prokka_UBT_5/UBT_5:Gene	UBT_5_00607	UBT_5_17:928-1953	UBT_5_00607
prokka_UBT_5/UBT_5:Gene	yknY	UBT_5_17:1946-2635	UBT_5_00608
prokka_UBT_5/UBT_5:Gene	macB_2	UBT_5_17:2622-3803	UBT_5_00609
prokka_UBT_5/UBT_5:Gene	btuD_2	UBT_5_17:10132-11031	UBT_5_00615
prokka_UBT_5/UBT_5:Gene	UBT_5_00616	UBT_5_17:11028-11786	UBT_5_00616
prokka_UBT_5/UBT_5:Gene	UBT_5_00624	UBT_5_17:19916-21220	UBT_5_00624
prokka_UBT_5/UBT_5:Gene	UBT_5_00625	UBT_5_17:21220-21942	UBT_5_00625
prokka_UBT_5/UBT_5:Gene	ytrA	UBT_5_17:28110-28499	UBT_5_00632
prokka_UBT_5/UBT_5:Gene	ytrB	UBT_5_17:28496-29401	UBT_5_00633
prokka_UBT_5/UBT_5:Gene	UBT_5_00634	UBT_5_17:29398-30234	UBT_5_00634
prokka_UBT_5/UBT_5:Gene	psaA	UBT_5_17:c33836-32949	UBT_5_00638
prokka_UBT_5/UBT_5:Gene	UBT_5_00639	UBT_5_17:c34273-33833	UBT_5_00639
prokka_UBT_5/UBT_5:Gene	nlhH	UBT_5_17:c40322-39441	UBT_5_00644
prokka_UBT_5/UBT_5:Gene	UBT_5_00645	UBT_5_17:c41109-40306	UBT_5_00645
prokka_UBT_5/UBT_5:Gene	gppA_2	UBT_5_19:15314-16234	UBT_5_00676
prokka_UBT_5/UBT_5:Gene	mvaA	UBT_5_19:16227-17441	UBT_5_00677
prokka_UBT_5/UBT_5:Gene	UBT_5_00678	UBT_5_19:17438-18382	UBT_5_00678
prokka_UBT_5/UBT_5:Gene	cobB	UBT_5_19:18382-19098	UBT_5_00679
prokka_UBT_5/UBT_5:Gene	soj	UBT_5_19:28568-29329	UBT_5_00691
prokka_UBT_5/UBT_5:Gene	spo0J	UBT_5_19:29319-30221	UBT_5_00692
prokka_UBT_5/UBT_5:Gene	srrA	UBT_5_19:32367-33056	UBT_5_00696
prokka_UBT_5/UBT_5:Gene	sasA_3	UBT_5_19:33056-34165	UBT_5_00697
prokka_UBT_5/UBT_5:Gene	dacA	UBT_5_19:34152-35429	UBT_5_00698
prokka_UBT_5/UBT_5:Gene	gspE	UBT_5_19:37877-38833	UBT_5_00701
prokka_UBT_5/UBT_5:Gene	UBT_5_00702	UBT_5_19:38811-39827	UBT_5_00702
prokka_UBT_5/UBT_5:Gene	UBT_5_00703	UBT_5_19:39824-40147	UBT_5_00703
prokka_UBT_5/UBT_5:Gene	UBT_5_00704	UBT_5_19:40131-40526	UBT_5_00704
prokka_UBT_5/UBT_5:Gene	UBT_5_00705	UBT_5_19:40510-40713	UBT_5_00705
prokka_UBT_5/UBT_5:Gene	UBT_5_00706	UBT_5_19:40652-41122	UBT_5_00706
prokka_UBT_5/UBT_5:Gene	UBT_5_00707	UBT_5_19:41119-41415	UBT_5_00707
prokka_UBT_5/UBT_5:Gene	UBT_5_00716	UBT_5_19:52533-53690	UBT_5_00716
prokka_UBT_5/UBT_5:Gene	UBT_5_00717	UBT_5_19:53687-54856	UBT_5_00717
prokka_UBT_5/UBT_5:Gene	UBT_5_00718	UBT_5_19:54884-55180	UBT_5_00718
prokka_UBT_5/UBT_5:Gene	UBT_5_00719	UBT_5_19:55177-55680	UBT_5_00719
prokka_UBT_5/UBT_5:Gene	UBT_5_00720	UBT_5_19:55938-56462	UBT_5_00720
prokka_UBT_5/UBT_5:Gene	thiM	UBT_5_19:56459-57238	UBT_5_00721
prokka_UBT_5/UBT_5:Gene	thiD	UBT_5_19:57231-58061	UBT_5_00722
prokka_UBT_5/UBT_5:Gene	thiE	UBT_5_19:58051-58689	UBT_5_00723
prokka_UBT_5/UBT_5:Gene	tcyC	UBT_5_19:c68669-67932	UBT_5_00732
prokka_UBT_5/UBT_5:Gene	yecS_2	UBT_5_19:c69364-68666	UBT_5_00733
prokka_UBT_5/UBT_5:Gene	fabZ_1	UBT_5_19:76941-77387	UBT_5_00740
prokka_UBT_5/UBT_5:Gene	UBT_5_00741	UBT_5_19:77371-77838	UBT_5_00741
prokka_UBT_5/UBT_5:Gene	fabD	UBT_5_19:80206-81156	UBT_5_00745
prokka_UBT_5/UBT_5:Gene	fabG_1	UBT_5_19:81153-81884	UBT_5_00746
prokka_UBT_5/UBT_5:Gene	gbuB	UBT_5_20:c1541-519	UBT_5_00754
prokka_UBT_5/UBT_5:Gene	gbuA	UBT_5_20:c2727-1534	UBT_5_00755
prokka_UBT_5/UBT_5:Gene	UBT_5_00763	UBT_5_20:c9863-8805	UBT_5_00763
prokka_UBT_5/UBT_5:Gene	UBT_5_00764	UBT_5_20:c11583-9856	UBT_5_00764
prokka_UBT_5/UBT_5:Gene	tarF	UBT_5_20:c11885-11580	UBT_5_00765
prokka_UBT_5/UBT_5:Gene	ecfT_2	UBT_5_21:c1876-1070	UBT_5_00767
prokka_UBT_5/UBT_5:Gene	ecfA2	UBT_5_21:c2726-1869	UBT_5_00768
prokka_UBT_5/UBT_5:Gene	ecfA1	UBT_5_21:c3523-2702	UBT_5_00769
prokka_UBT_5/UBT_5:Gene	adk	UBT_5_21:c9980-9417	UBT_5_00777
prokka_UBT_5/UBT_5:Gene	secY	UBT_5_21:c11307-9973	UBT_5_00778
prokka_UBT_5/UBT_5:Gene	rplO	UBT_5_21:c11741-11307	UBT_5_00779
prokka_UBT_5/UBT_5:Gene	rpmC	UBT_5_21:c15841-15635	UBT_5_00789
prokka_UBT_5/UBT_5:Gene	rplP	UBT_5_21:c16254-15841	UBT_5_00790
prokka_UBT_5/UBT_5:Gene	rpsC	UBT_5_21:c16940-16269	UBT_5_00791
prokka_UBT_5/UBT_5:Gene	rplV	UBT_5_21:c17296-16940	UBT_5_00792
prokka_UBT_5/UBT_5:Gene	rplW	UBT_5_21:c18754-18467	UBT_5_00795
prokka_UBT_5/UBT_5:Gene	rplD	UBT_5_21:c19377-18754	UBT_5_00796
prokka_UBT_5/UBT_5:Gene	potB	UBT_5_21:c23504-22674	UBT_5_00801
prokka_UBT_5/UBT_5:Gene	potA	UBT_5_21:c24672-23488	UBT_5_00802
prokka_UBT_5/UBT_5:Gene	yjbM	UBT_5_22:22844-23422	UBT_5_00834
prokka_UBT_5/UBT_5:Gene	nadK	UBT_5_22:23419-24216	UBT_5_00835
prokka_UBT_5/UBT_5:Gene	argH	UBT_5_22:29103-30491	UBT_5_00840
prokka_UBT_5/UBT_5:Gene	arcB_2	UBT_5_22:30488-31504	UBT_5_00841
prokka_UBT_5/UBT_5:Gene	UBT_5_00849	UBT_5_22:38264-38812	UBT_5_00849
prokka_UBT_5/UBT_5:Gene	UBT_5_00850	UBT_5_22:38809-40185	UBT_5_00850
prokka_UBT_5/UBT_5:Gene	dapH	UBT_5_22:42198-42902	UBT_5_00853
prokka_UBT_5/UBT_5:Gene	ykuR	UBT_5_22:42902-44065	UBT_5_00854
prokka_UBT_5/UBT_5:Gene	dapA	UBT_5_22:44067-44942	UBT_5_00855
prokka_UBT_5/UBT_5:Gene	dapB	UBT_5_22:44942-45667	UBT_5_00856
prokka_UBT_5/UBT_5:Gene	glpG	UBT_5_22:54793-55482	UBT_5_00862
prokka_UBT_5/UBT_5:Gene	UBT_5_00863	UBT_5_22:55479-55691	UBT_5_00863
prokka_UBT_5/UBT_5:Gene	UBT_5_00879	UBT_5_22:68893-69033	UBT_5_00879
prokka_UBT_5/UBT_5:Gene	murC	UBT_5_22:69033-70367	UBT_5_00880
prokka_UBT_5/UBT_5:Gene	aes_2	UBT_5_23:c7962-6916	UBT_5_00895
prokka_UBT_5/UBT_5:Gene	UBT_5_00896	UBT_5_23:c9173-7959	UBT_5_00896
prokka_UBT_5/UBT_5:Gene	serA	UBT_5_25:c9658-8480	UBT_5_00911
prokka_UBT_5/UBT_5:Gene	serC	UBT_5_25:c10746-9655	UBT_5_00912
prokka_UBT_5/UBT_5:Gene	mmuM	UBT_5_25:c16813-15899	UBT_5_00920
prokka_UBT_5/UBT_5:Gene	rocC	UBT_5_25:c18212-16800	UBT_5_00921
prokka_UBT_5/UBT_5:Gene	livF	UBT_5_25:c19330-18602	UBT_5_00922
prokka_UBT_5/UBT_5:Gene	lptB	UBT_5_25:c20112-19327	UBT_5_00923
prokka_UBT_5/UBT_5:Gene	UBT_5_00924	UBT_5_25:c21058-20078	UBT_5_00924
prokka_UBT_5/UBT_5:Gene	brnQ	UBT_5_25:c26774-25410	UBT_5_00929
prokka_UBT_5/UBT_5:Gene	mhpD	UBT_5_25:c27570-26767	UBT_5_00930
prokka_UBT_5/UBT_5:Gene	thiN	UBT_5_25:c50401-49763	UBT_5_00956
prokka_UBT_5/UBT_5:Gene	rpe	UBT_5_25:c51057-50401	UBT_5_00957
prokka_UBT_5/UBT_5:Gene	rsmB	UBT_5_25:c56057-54705	UBT_5_00961
prokka_UBT_5/UBT_5:Gene	fmt	UBT_5_25:c57018-56047	UBT_5_00962
prokka_UBT_5/UBT_5:Gene	UBT_5_00975	UBT_5_25:c71533-71030	UBT_5_00975
prokka_UBT_5/UBT_5:Gene	tsaE	UBT_5_25:c71979-71530	UBT_5_00976
prokka_UBT_5/UBT_5:Gene	ylbL	UBT_5_25:c76073-74991	UBT_5_00980
prokka_UBT_5/UBT_5:Gene	coaD	UBT_5_25:c76549-76073	UBT_5_00981
prokka_UBT_5/UBT_5:Gene	UBT_5_00983	UBT_5_25:c77443-77156	UBT_5_00983
prokka_UBT_5/UBT_5:Gene	ftsW	UBT_5_25:c78624-77440	UBT_5_00984
prokka_UBT_5/UBT_5:Gene	argR_2	UBT_5_25:c84259-83801	UBT_5_00989
prokka_UBT_5/UBT_5:Gene	tlyA	UBT_5_25:c85091-84249	UBT_5_00990
prokka_UBT_5/UBT_5:Gene	UBT_5_00991	UBT_5_25:c86002-85088	UBT_5_00991
prokka_UBT_5/UBT_5:Gene	xseB	UBT_5_25:c86219-85995	UBT_5_00992
prokka_UBT_5/UBT_5:Gene	xseA	UBT_5_25:c87498-86212	UBT_5_00993
prokka_UBT_5/UBT_5:Gene	UBT_5_00994	UBT_5_25:c88696-87554	UBT_5_00994
prokka_UBT_5/UBT_5:Gene	ligA	UBT_5_25:c90738-88693	UBT_5_00995
prokka_UBT_5/UBT_5:Gene	UBT_5_00998	UBT_5_25:c95515-93791	UBT_5_00998
prokka_UBT_5/UBT_5:Gene	cydD	UBT_5_25:c97239-95512	UBT_5_00999
prokka_UBT_5/UBT_5:Gene	cydB	UBT_5_25:c98334-97321	UBT_5_01000
prokka_UBT_5/UBT_5:Gene	cydA	UBT_5_25:c99806-98334	UBT_5_01001
prokka_UBT_5/UBT_5:Gene	yrrK	UBT_5_25:c100819-100388	UBT_5_01003
prokka_UBT_5/UBT_5:Gene	UBT_5_01004	UBT_5_25:c101070-100819	UBT_5_01004
prokka_UBT_5/UBT_5:Gene	udk	UBT_5_25:c112732-112100	UBT_5_01012
prokka_UBT_5/UBT_5:Gene	aldC	UBT_5_25:c113454-112732	UBT_5_01013
prokka_UBT_5/UBT_5:Gene	UBT_5_01020	UBT_5_25:c120189-119734	UBT_5_01020
prokka_UBT_5/UBT_5:Gene	UBT_5_01021	UBT_5_25:c121700-120186	UBT_5_01021
prokka_UBT_5/UBT_5:Gene	miaA	UBT_5_25:c138216-137332	UBT_5_01036
prokka_UBT_5/UBT_5:Gene	glpQ	UBT_5_25:c138964-138209	UBT_5_01037
prokka_UBT_5/UBT_5:Gene	UBT_5_01042	UBT_5_25:c143008-142655	UBT_5_01042
prokka_UBT_5/UBT_5:Gene	UBT_5_01043	UBT_5_25:c143387-142992	UBT_5_01043
prokka_UBT_5/UBT_5:Gene	pdhC	UBT_5_25:c149375-148053	UBT_5_01048
prokka_UBT_5/UBT_5:Gene	pdhB	UBT_5_25:c150348-149368	UBT_5_01049
prokka_UBT_5/UBT_5:Gene	pdhA	UBT_5_25:c151486-150350	UBT_5_01050
prokka_UBT_5/UBT_5:Gene	lplJ	UBT_5_25:c152489-151479	UBT_5_01051
prokka_UBT_5/UBT_5:Gene	ykoE	UBT_5_26:4120-4701	UBT_5_01059
prokka_UBT_5/UBT_5:Gene	ykoD_2	UBT_5_26:4694-6103	UBT_5_01060
prokka_UBT_5/UBT_5:Gene	ykoC	UBT_5_26:6100-6762	UBT_5_01061
prokka_UBT_5/UBT_5:Gene	tpiA_2	UBT_5_26:c18574-17867	UBT_5_01069
prokka_UBT_5/UBT_5:Gene	mdaB	UBT_5_26:c19125-18571	UBT_5_01070
prokka_UBT_5/UBT_5:Gene	UBT_5_01074	UBT_5_26:c23441-23043	UBT_5_01074
prokka_UBT_5/UBT_5:Gene	UBT_5_01075	UBT_5_26:c23889-23422	UBT_5_01075
prokka_UBT_5/UBT_5:Gene	UBT_5_01076	UBT_5_26:c24696-23950	UBT_5_01076
prokka_UBT_5/UBT_5:Gene	btuD_3	UBT_5_26:c25565-24693	UBT_5_01077
prokka_UBT_5/UBT_5:Gene	yvdM	UBT_5_26:c26357-25689	UBT_5_01078
prokka_UBT_5/UBT_5:Gene	trePP	UBT_5_26:c28722-26350	UBT_5_01079
prokka_UBT_5/UBT_5:Gene	UBT_5_01097	UBT_5_28:4238-4615	UBT_5_01097
prokka_UBT_5/UBT_5:Gene	UBT_5_01098	UBT_5_28:4615-5448	UBT_5_01098
prokka_UBT_5/UBT_5:Gene	UBT_5_01102	UBT_5_28:8237-8680	UBT_5_01102
prokka_UBT_5/UBT_5:Gene	UBT_5_01103	UBT_5_28:8677-9321	UBT_5_01103
prokka_UBT_5/UBT_5:Gene	tilS	UBT_5_28:20596-21903	UBT_5_01114
prokka_UBT_5/UBT_5:Gene	hpt	UBT_5_28:21903-22442	UBT_5_01115

DiscRep_ALL:OVERLAPPING_CDS::4 coding regions overlap another coding region with a similar or identical name.
DiscRep_SUB:OVERLAPPING_CDS::4 coding regions overlap another coding region with a similar or identical name that do not have the appropriate note text
prokka_UBT_5/UBT_5:CDS	Putative fluoride ion transporter CrcB	UBT_5_2:c24085-23744	UBT_5_00102
prokka_UBT_5/UBT_5:CDS	Putative fluoride ion transporter CrcB	UBT_5_2:c24516-24082	UBT_5_00103
prokka_UBT_5/UBT_5:CDS	Phosphate import ATP-binding protein PstB 3	UBT_5_14:29058-29897	UBT_5_00395
prokka_UBT_5/UBT_5:CDS	Phosphate import ATP-binding protein PstB 3	UBT_5_14:29894-30664	UBT_5_00396

DiscRep_ALL:SUSPECT_PRODUCT_NAMES::4 product_names contain suspect phrase or characters
DiscRep_SUB:SUSPECT_PRODUCT_NAMES::May contain database identifier more appropriate in note; remove from product name
DiscRep_SUB:SUSPECT_PRODUCT_NAMES::2 features contains three or more numbers together that may be identifiers more appropriate in note
prokka_UBT_5/UBT_5:CDS	Putative metallophosphoesterase MG207	UBT_5_14:54608-55144	UBT_5_00421
prokka_UBT_5/UBT_5:CDS	Vegetative protein 296	UBT_5_16:c47071-46265	UBT_5_00546

DiscRep_SUB:SUSPECT_PRODUCT_NAMES::Use short product name instead of descriptive phrase
DiscRep_SUB:SUSPECT_PRODUCT_NAMES::1 features Is longer than 100 characters. Remove descriptive phrases or synonyms from product names. Keep valid long product names, eg long enzyme names
prokka_UBT_5/UBT_5:CDS	GalNAc-alpha-(1->4)-GalNAc-alpha-(1->3)-diNAcBac-PP-undecaprenol alpha-1,4-N-acetyl-D-galactosaminyltransferase	UBT_5_27:6791-7858	UBT_5_01091

DiscRep_SUB:SUSPECT_PRODUCT_NAMES::use protein instead of gene as appropriate
DiscRep_SUB:SUSPECT_PRODUCT_NAMES::1 features contains 'genes'
prokka_UBT_5/UBT_5:CDS	Hydrogen peroxide-inducible genes activator	UBT_5_2:c30007-29123	UBT_5_00108

DiscRep_ALL:DISC_QUALITY_SCORES::Quality scores are missing on all sequences.

DiscRep_ALL:ONCALLER_COMMENT_PRESENT::28 comment descriptors were found (all same)
prokka_UBT_5/UBT_5:Prokka:UBT_5_1:Annotated using prokka 1.14.6 from https://github.com/tseemann/prokka
prokka_UBT_5/UBT_5:Prokka:UBT_5_2:Annotated using prokka 1.14.6 from https://github.com/tseemann/prokka
prokka_UBT_5/UBT_5:Prokka:UBT_5_3:Annotated using prokka 1.14.6 from https://github.com/tseemann/prokka
prokka_UBT_5/UBT_5:Prokka:UBT_5_4:Annotated using prokka 1.14.6 from https://github.com/tseemann/prokka
prokka_UBT_5/UBT_5:Prokka:UBT_5_5:Annotated using prokka 1.14.6 from https://github.com/tseemann/prokka
prokka_UBT_5/UBT_5:Prokka:UBT_5_6:Annotated using prokka 1.14.6 from https://github.com/tseemann/prokka
prokka_UBT_5/UBT_5:Prokka:UBT_5_7:Annotated using prokka 1.14.6 from https://github.com/tseemann/prokka
prokka_UBT_5/UBT_5:Prokka:UBT_5_8:Annotated using prokka 1.14.6 from https://github.com/tseemann/prokka
prokka_UBT_5/UBT_5:Prokka:UBT_5_9:Annotated using prokka 1.14.6 from https://github.com/tseemann/prokka
prokka_UBT_5/UBT_5:Prokka:UBT_5_10:Annotated using prokka 1.14.6 from https://github.com/tseemann/prokka
prokka_UBT_5/UBT_5:Prokka:UBT_5_11:Annotated using prokka 1.14.6 from https://github.com/tseemann/prokka
prokka_UBT_5/UBT_5:Prokka:UBT_5_12:Annotated using prokka 1.14.6 from https://github.com/tseemann/prokka
prokka_UBT_5/UBT_5:Prokka:UBT_5_13:Annotated using prokka 1.14.6 from https://github.com/tseemann/prokka
prokka_UBT_5/UBT_5:Prokka:UBT_5_14:Annotated using prokka 1.14.6 from https://github.com/tseemann/prokka
prokka_UBT_5/UBT_5:Prokka:UBT_5_15:Annotated using prokka 1.14.6 from https://github.com/tseemann/prokka
prokka_UBT_5/UBT_5:Prokka:UBT_5_16:Annotated using prokka 1.14.6 from https://github.com/tseemann/prokka
prokka_UBT_5/UBT_5:Prokka:UBT_5_17:Annotated using prokka 1.14.6 from https://github.com/tseemann/prokka
prokka_UBT_5/UBT_5:Prokka:UBT_5_18:Annotated using prokka 1.14.6 from https://github.com/tseemann/prokka
prokka_UBT_5/UBT_5:Prokka:UBT_5_19:Annotated using prokka 1.14.6 from https://github.com/tseemann/prokka
prokka_UBT_5/UBT_5:Prokka:UBT_5_20:Annotated using prokka 1.14.6 from https://github.com/tseemann/prokka
prokka_UBT_5/UBT_5:Prokka:UBT_5_21:Annotated using prokka 1.14.6 from https://github.com/tseemann/prokka
prokka_UBT_5/UBT_5:Prokka:UBT_5_22:Annotated using prokka 1.14.6 from https://github.com/tseemann/prokka
prokka_UBT_5/UBT_5:Prokka:UBT_5_23:Annotated using prokka 1.14.6 from https://github.com/tseemann/prokka
prokka_UBT_5/UBT_5:Prokka:UBT_5_24:Annotated using prokka 1.14.6 from https://github.com/tseemann/prokka
prokka_UBT_5/UBT_5:Prokka:UBT_5_25:Annotated using prokka 1.14.6 from https://github.com/tseemann/prokka
prokka_UBT_5/UBT_5:Prokka:UBT_5_26:Annotated using prokka 1.14.6 from https://github.com/tseemann/prokka
prokka_UBT_5/UBT_5:Prokka:UBT_5_27:Annotated using prokka 1.14.6 from https://github.com/tseemann/prokka
prokka_UBT_5/UBT_5:Prokka:UBT_5_28:Annotated using prokka 1.14.6 from https://github.com/tseemann/prokka

DiscRep_ALL:SHORT_PROT_SEQUENCES::12 protein sequences are shorter than 50 aa.
prokka_UBT_5/UBT_5:Prokka:UBT_5_00037 (length 47)
prokka_UBT_5/UBT_5:Prokka:UBT_5_00212 (length 44)
prokka_UBT_5/UBT_5:Prokka:UBT_5_00226 (length 31)
prokka_UBT_5/UBT_5:Prokka:UBT_5_00296 (length 40)
prokka_UBT_5/UBT_5:Prokka:UBT_5_00413 (length 46)
prokka_UBT_5/UBT_5:Prokka:UBT_5_00536 (length 29)
prokka_UBT_5/UBT_5:Prokka:UBT_5_00576 (length 49)
prokka_UBT_5/UBT_5:Prokka:UBT_5_00817 (length 42)
prokka_UBT_5/UBT_5:Prokka:UBT_5_00879 (length 46)
prokka_UBT_5/UBT_5:Prokka:UBT_5_00906 (length 40)
prokka_UBT_5/UBT_5:Prokka:UBT_5_00914 (length 39)
prokka_UBT_5/UBT_5:Prokka:UBT_5_01027 (length 41)

DiscRep_ALL:MISSING_GENOMEASSEMBLY_COMMENTS::28 bioseqs are missing GenomeAssembly structured comments
prokka_UBT_5/UBT_5:Prokka:UBT_5_1 (length 74477)
prokka_UBT_5/UBT_5:Prokka:UBT_5_2 (length 70376)
prokka_UBT_5/UBT_5:Prokka:UBT_5_3 (length 6801)
prokka_UBT_5/UBT_5:Prokka:UBT_5_4 (length 24408)
prokka_UBT_5/UBT_5:Prokka:UBT_5_5 (length 10405)
prokka_UBT_5/UBT_5:Prokka:UBT_5_6 (length 11055)
prokka_UBT_5/UBT_5:Prokka:UBT_5_7 (length 30759)
prokka_UBT_5/UBT_5:Prokka:UBT_5_8 (length 5053)
prokka_UBT_5/UBT_5:Prokka:UBT_5_9 (length 33539)
prokka_UBT_5/UBT_5:Prokka:UBT_5_10 (length 65531)
prokka_UBT_5/UBT_5:Prokka:UBT_5_11 (length 8926)
prokka_UBT_5/UBT_5:Prokka:UBT_5_12 (length 13844)
prokka_UBT_5/UBT_5:Prokka:UBT_5_13 (length 12200)
prokka_UBT_5/UBT_5:Prokka:UBT_5_14 (length 69481)
prokka_UBT_5/UBT_5:Prokka:UBT_5_15 (length 63423)
prokka_UBT_5/UBT_5:Prokka:UBT_5_16 (length 99371)
prokka_UBT_5/UBT_5:Prokka:UBT_5_17 (length 50980)
prokka_UBT_5/UBT_5:Prokka:UBT_5_18 (length 10595)
prokka_UBT_5/UBT_5:Prokka:UBT_5_19 (length 87746)
prokka_UBT_5/UBT_5:Prokka:UBT_5_20 (length 11912)
prokka_UBT_5/UBT_5:Prokka:UBT_5_21 (length 38227)
prokka_UBT_5/UBT_5:Prokka:UBT_5_22 (length 82431)
prokka_UBT_5/UBT_5:Prokka:UBT_5_23 (length 11907)
prokka_UBT_5/UBT_5:Prokka:UBT_5_24 (length 2554)
prokka_UBT_5/UBT_5:Prokka:UBT_5_25 (length 154517)
prokka_UBT_5/UBT_5:Prokka:UBT_5_26 (length 32436)
prokka_UBT_5/UBT_5:Prokka:UBT_5_27 (length 9301)
prokka_UBT_5/UBT_5:Prokka:UBT_5_28 (length 28176)

DiscRep_ALL:MOLTYPE_NOT_MRNA::28 molecule types are not set as mRNA.
prokka_UBT_5/UBT_5:Prokka:UBT_5_1 (length 74477)
prokka_UBT_5/UBT_5:Prokka:UBT_5_2 (length 70376)
prokka_UBT_5/UBT_5:Prokka:UBT_5_3 (length 6801)
prokka_UBT_5/UBT_5:Prokka:UBT_5_4 (length 24408)
prokka_UBT_5/UBT_5:Prokka:UBT_5_5 (length 10405)
prokka_UBT_5/UBT_5:Prokka:UBT_5_6 (length 11055)
prokka_UBT_5/UBT_5:Prokka:UBT_5_7 (length 30759)
prokka_UBT_5/UBT_5:Prokka:UBT_5_8 (length 5053)
prokka_UBT_5/UBT_5:Prokka:UBT_5_9 (length 33539)
prokka_UBT_5/UBT_5:Prokka:UBT_5_10 (length 65531)
prokka_UBT_5/UBT_5:Prokka:UBT_5_11 (length 8926)
prokka_UBT_5/UBT_5:Prokka:UBT_5_12 (length 13844)
prokka_UBT_5/UBT_5:Prokka:UBT_5_13 (length 12200)
prokka_UBT_5/UBT_5:Prokka:UBT_5_14 (length 69481)
prokka_UBT_5/UBT_5:Prokka:UBT_5_15 (length 63423)
prokka_UBT_5/UBT_5:Prokka:UBT_5_16 (length 99371)
prokka_UBT_5/UBT_5:Prokka:UBT_5_17 (length 50980)
prokka_UBT_5/UBT_5:Prokka:UBT_5_18 (length 10595)
prokka_UBT_5/UBT_5:Prokka:UBT_5_19 (length 87746)
prokka_UBT_5/UBT_5:Prokka:UBT_5_20 (length 11912)
prokka_UBT_5/UBT_5:Prokka:UBT_5_21 (length 38227)
prokka_UBT_5/UBT_5:Prokka:UBT_5_22 (length 82431)
prokka_UBT_5/UBT_5:Prokka:UBT_5_23 (length 11907)
prokka_UBT_5/UBT_5:Prokka:UBT_5_24 (length 2554)
prokka_UBT_5/UBT_5:Prokka:UBT_5_25 (length 154517)
prokka_UBT_5/UBT_5:Prokka:UBT_5_26 (length 32436)
prokka_UBT_5/UBT_5:Prokka:UBT_5_27 (length 9301)
prokka_UBT_5/UBT_5:Prokka:UBT_5_28 (length 28176)

DiscRep_ALL:TECHNIQUE_NOT_TSA::28 technique are not set as TSA
prokka_UBT_5/UBT_5:Prokka:UBT_5_1 (length 74477)
prokka_UBT_5/UBT_5:Prokka:UBT_5_2 (length 70376)
prokka_UBT_5/UBT_5:Prokka:UBT_5_3 (length 6801)
prokka_UBT_5/UBT_5:Prokka:UBT_5_4 (length 24408)
prokka_UBT_5/UBT_5:Prokka:UBT_5_5 (length 10405)
prokka_UBT_5/UBT_5:Prokka:UBT_5_6 (length 11055)
prokka_UBT_5/UBT_5:Prokka:UBT_5_7 (length 30759)
prokka_UBT_5/UBT_5:Prokka:UBT_5_8 (length 5053)
prokka_UBT_5/UBT_5:Prokka:UBT_5_9 (length 33539)
prokka_UBT_5/UBT_5:Prokka:UBT_5_10 (length 65531)
prokka_UBT_5/UBT_5:Prokka:UBT_5_11 (length 8926)
prokka_UBT_5/UBT_5:Prokka:UBT_5_12 (length 13844)
prokka_UBT_5/UBT_5:Prokka:UBT_5_13 (length 12200)
prokka_UBT_5/UBT_5:Prokka:UBT_5_14 (length 69481)
prokka_UBT_5/UBT_5:Prokka:UBT_5_15 (length 63423)
prokka_UBT_5/UBT_5:Prokka:UBT_5_16 (length 99371)
prokka_UBT_5/UBT_5:Prokka:UBT_5_17 (length 50980)
prokka_UBT_5/UBT_5:Prokka:UBT_5_18 (length 10595)
prokka_UBT_5/UBT_5:Prokka:UBT_5_19 (length 87746)
prokka_UBT_5/UBT_5:Prokka:UBT_5_20 (length 11912)
prokka_UBT_5/UBT_5:Prokka:UBT_5_21 (length 38227)
prokka_UBT_5/UBT_5:Prokka:UBT_5_22 (length 82431)
prokka_UBT_5/UBT_5:Prokka:UBT_5_23 (length 11907)
prokka_UBT_5/UBT_5:Prokka:UBT_5_24 (length 2554)
prokka_UBT_5/UBT_5:Prokka:UBT_5_25 (length 154517)
prokka_UBT_5/UBT_5:Prokka:UBT_5_26 (length 32436)
prokka_UBT_5/UBT_5:Prokka:UBT_5_27 (length 9301)
prokka_UBT_5/UBT_5:Prokka:UBT_5_28 (length 28176)

DiscRep_ALL:MISSING_STRUCTURED_COMMENT::28 sequences do not include structured comments.
prokka_UBT_5/UBT_5:Prokka:UBT_5_1 (length 74477)
prokka_UBT_5/UBT_5:Prokka:UBT_5_2 (length 70376)
prokka_UBT_5/UBT_5:Prokka:UBT_5_3 (length 6801)
prokka_UBT_5/UBT_5:Prokka:UBT_5_4 (length 24408)
prokka_UBT_5/UBT_5:Prokka:UBT_5_5 (length 10405)
prokka_UBT_5/UBT_5:Prokka:UBT_5_6 (length 11055)
prokka_UBT_5/UBT_5:Prokka:UBT_5_7 (length 30759)
prokka_UBT_5/UBT_5:Prokka:UBT_5_8 (length 5053)
prokka_UBT_5/UBT_5:Prokka:UBT_5_9 (length 33539)
prokka_UBT_5/UBT_5:Prokka:UBT_5_10 (length 65531)
prokka_UBT_5/UBT_5:Prokka:UBT_5_11 (length 8926)
prokka_UBT_5/UBT_5:Prokka:UBT_5_12 (length 13844)
prokka_UBT_5/UBT_5:Prokka:UBT_5_13 (length 12200)
prokka_UBT_5/UBT_5:Prokka:UBT_5_14 (length 69481)
prokka_UBT_5/UBT_5:Prokka:UBT_5_15 (length 63423)
prokka_UBT_5/UBT_5:Prokka:UBT_5_16 (length 99371)
prokka_UBT_5/UBT_5:Prokka:UBT_5_17 (length 50980)
prokka_UBT_5/UBT_5:Prokka:UBT_5_18 (length 10595)
prokka_UBT_5/UBT_5:Prokka:UBT_5_19 (length 87746)
prokka_UBT_5/UBT_5:Prokka:UBT_5_20 (length 11912)
prokka_UBT_5/UBT_5:Prokka:UBT_5_21 (length 38227)
prokka_UBT_5/UBT_5:Prokka:UBT_5_22 (length 82431)
prokka_UBT_5/UBT_5:Prokka:UBT_5_23 (length 11907)
prokka_UBT_5/UBT_5:Prokka:UBT_5_24 (length 2554)
prokka_UBT_5/UBT_5:Prokka:UBT_5_25 (length 154517)
prokka_UBT_5/UBT_5:Prokka:UBT_5_26 (length 32436)
prokka_UBT_5/UBT_5:Prokka:UBT_5_27 (length 9301)
prokka_UBT_5/UBT_5:Prokka:UBT_5_28 (length 28176)

DiscRep_ALL:MISSING_PROJECT::1117 sequences do not include project.
prokka_UBT_5/UBT_5:Prokka:UBT_5_1 (length 74477)
prokka_UBT_5/UBT_5:Prokka:UBT_5_00001 (length 349)
prokka_UBT_5/UBT_5:Prokka:UBT_5_00002 (length 330)
prokka_UBT_5/UBT_5:Prokka:UBT_5_00003 (length 394)
prokka_UBT_5/UBT_5:Prokka:UBT_5_00004 (length 196)
prokka_UBT_5/UBT_5:Prokka:UBT_5_00005 (length 466)
prokka_UBT_5/UBT_5:Prokka:UBT_5_00006 (length 570)
prokka_UBT_5/UBT_5:Prokka:UBT_5_00007 (length 203)
prokka_UBT_5/UBT_5:Prokka:UBT_5_00008 (length 123)
prokka_UBT_5/UBT_5:Prokka:UBT_5_00009 (length 430)
prokka_UBT_5/UBT_5:Prokka:UBT_5_00010 (length 147)
prokka_UBT_5/UBT_5:Prokka:UBT_5_00011 (length 288)
prokka_UBT_5/UBT_5:Prokka:UBT_5_00012 (length 377)
prokka_UBT_5/UBT_5:Prokka:UBT_5_00013 (length 329)
prokka_UBT_5/UBT_5:Prokka:UBT_5_00014 (length 406)
prokka_UBT_5/UBT_5:Prokka:UBT_5_00015 (length 69)
prokka_UBT_5/UBT_5:Prokka:UBT_5_00016 (length 330)
prokka_UBT_5/UBT_5:Prokka:UBT_5_00017 (length 73)
prokka_UBT_5/UBT_5:Prokka:UBT_5_00018 (length 479)
prokka_UBT_5/UBT_5:Prokka:UBT_5_00019 (length 218)
prokka_UBT_5/UBT_5:Prokka:UBT_5_00020 (length 275)
prokka_UBT_5/UBT_5:Prokka:UBT_5_00021 (length 120)
prokka_UBT_5/UBT_5:Prokka:UBT_5_00022 (length 391)
prokka_UBT_5/UBT_5:Prokka:UBT_5_00023 (length 338)
prokka_UBT_5/UBT_5:Prokka:UBT_5_00024 (length 331)
prokka_UBT_5/UBT_5:Prokka:UBT_5_00025 (length 331)
prokka_UBT_5/UBT_5:Prokka:UBT_5_00026 (length 340)
prokka_UBT_5/UBT_5:Prokka:UBT_5_00027 (length 706)
prokka_UBT_5/UBT_5:Prokka:UBT_5_00028 (length 79)
prokka_UBT_5/UBT_5:Prokka:UBT_5_00029 (length 504)
prokka_UBT_5/UBT_5:Prokka:UBT_5_00030 (length 281)
prokka_UBT_5/UBT_5:Prokka:UBT_5_00031 (length 110)
prokka_UBT_5/UBT_5:Prokka:UBT_5_00034 (length 123)
prokka_UBT_5/UBT_5:Prokka:UBT_5_00035 (length 367)
prokka_UBT_5/UBT_5:Prokka:UBT_5_00036 (length 340)
prokka_UBT_5/UBT_5:Prokka:UBT_5_00037 (length 47)
prokka_UBT_5/UBT_5:Prokka:UBT_5_00038 (length 465)
prokka_UBT_5/UBT_5:Prokka:UBT_5_00039 (length 159)
prokka_UBT_5/UBT_5:Prokka:UBT_5_00040 (length 379)
prokka_UBT_5/UBT_5:Prokka:UBT_5_00041 (length 259)
prokka_UBT_5/UBT_5:Prokka:UBT_5_00042 (length 438)
prokka_UBT_5/UBT_5:Prokka:UBT_5_00043 (length 623)
prokka_UBT_5/UBT_5:Prokka:UBT_5_00044 (length 235)
prokka_UBT_5/UBT_5:Prokka:UBT_5_00045 (length 326)
prokka_UBT_5/UBT_5:Prokka:UBT_5_00046 (length 165)
prokka_UBT_5/UBT_5:Prokka:UBT_5_00047 (length 271)
prokka_UBT_5/UBT_5:Prokka:UBT_5_00048 (length 410)
prokka_UBT_5/UBT_5:Prokka:UBT_5_00049 (length 173)
prokka_UBT_5/UBT_5:Prokka:UBT_5_00050 (length 225)
prokka_UBT_5/UBT_5:Prokka:UBT_5_00051 (length 272)
prokka_UBT_5/UBT_5:Prokka:UBT_5_00052 (length 817)
prokka_UBT_5/UBT_5:Prokka:UBT_5_00053 (length 267)
prokka_UBT_5/UBT_5:Prokka:UBT_5_00054 (length 151)
prokka_UBT_5/UBT_5:Prokka:UBT_5_00055 (length 488)
prokka_UBT_5/UBT_5:Prokka:UBT_5_00056 (length 150)
prokka_UBT_5/UBT_5:Prokka:UBT_5_00057 (length 676)
prokka_UBT_5/UBT_5:Prokka:UBT_5_00058 (length 94)
prokka_UBT_5/UBT_5:Prokka:UBT_5_00059 (length 181)
prokka_UBT_5/UBT_5:Prokka:UBT_5_00060 (length 98)
prokka_UBT_5/UBT_5:Prokka:UBT_5_00061 (length 101)
prokka_UBT_5/UBT_5:Prokka:UBT_5_00062 (length 483)
prokka_UBT_5/UBT_5:Prokka:UBT_5_00063 (length 274)
prokka_UBT_5/UBT_5:Prokka:UBT_5_00064 (length 565)
prokka_UBT_5/UBT_5:Prokka:UBT_5_00065 (length 188)
prokka_UBT_5/UBT_5:Prokka:UBT_5_00066 (length 179)
prokka_UBT_5/UBT_5:Prokka:UBT_5_00067 (length 351)
prokka_UBT_5/UBT_5:Prokka:UBT_5_00068 (length 300)
prokka_UBT_5/UBT_5:Prokka:UBT_5_00069 (length 498)
prokka_UBT_5/UBT_5:Prokka:UBT_5_00070 (length 405)
prokka_UBT_5/UBT_5:Prokka:UBT_5_00071 (length 179)
prokka_UBT_5/UBT_5:Prokka:UBT_5_00072 (length 93)
prokka_UBT_5/UBT_5:Prokka:UBT_5_00073 (length 227)
prokka_UBT_5/UBT_5:Prokka:UBT_5_00074 (length 477)
prokka_UBT_5/UBT_5:Prokka:UBT_5_2 (length 70376)
prokka_UBT_5/UBT_5:Prokka:UBT_5_00077 (length 411)
prokka_UBT_5/UBT_5:Prokka:UBT_5_00078 (length 304)
prokka_UBT_5/UBT_5:Prokka:UBT_5_00079 (length 199)
prokka_UBT_5/UBT_5:Prokka:UBT_5_00080 (length 501)
prokka_UBT_5/UBT_5:Prokka:UBT_5_00081 (length 269)
prokka_UBT_5/UBT_5:Prokka:UBT_5_00082 (length 273)
prokka_UBT_5/UBT_5:Prokka:UBT_5_00083 (length 248)
prokka_UBT_5/UBT_5:Prokka:UBT_5_00084 (length 57)
prokka_UBT_5/UBT_5:Prokka:UBT_5_00085 (length 348)
prokka_UBT_5/UBT_5:Prokka:UBT_5_00086 (length 149)
prokka_UBT_5/UBT_5:Prokka:UBT_5_00087 (length 466)
prokka_UBT_5/UBT_5:Prokka:UBT_5_00088 (length 302)
prokka_UBT_5/UBT_5:Prokka:UBT_5_00089 (length 504)
prokka_UBT_5/UBT_5:Prokka:UBT_5_00090 (length 180)
prokka_UBT_5/UBT_5:Prokka:UBT_5_00091 (length 169)
prokka_UBT_5/UBT_5:Prokka:UBT_5_00092 (length 75)
prokka_UBT_5/UBT_5:Prokka:UBT_5_00093 (length 241)
prokka_UBT_5/UBT_5:Prokka:UBT_5_00094 (length 432)
prokka_UBT_5/UBT_5:Prokka:UBT_5_00095 (length 503)
prokka_UBT_5/UBT_5:Prokka:UBT_5_00096 (length 207)
prokka_UBT_5/UBT_5:Prokka:UBT_5_00097 (length 222)
prokka_UBT_5/UBT_5:Prokka:UBT_5_00098 (length 282)
prokka_UBT_5/UBT_5:Prokka:UBT_5_00100 (length 212)
prokka_UBT_5/UBT_5:Prokka:UBT_5_00101 (length 293)
prokka_UBT_5/UBT_5:Prokka:UBT_5_00102 (length 113)
prokka_UBT_5/UBT_5:Prokka:UBT_5_00103 (length 144)
prokka_UBT_5/UBT_5:Prokka:UBT_5_00104 (length 82)
prokka_UBT_5/UBT_5:Prokka:UBT_5_00105 (length 473)
prokka_UBT_5/UBT_5:Prokka:UBT_5_00106 (length 464)
prokka_UBT_5/UBT_5:Prokka:UBT_5_00107 (length 463)
prokka_UBT_5/UBT_5:Prokka:UBT_5_00108 (length 294)
prokka_UBT_5/UBT_5:Prokka:UBT_5_00109 (length 156)
prokka_UBT_5/UBT_5:Prokka:UBT_5_00110 (length 325)
prokka_UBT_5/UBT_5:Prokka:UBT_5_00111 (length 285)
prokka_UBT_5/UBT_5:Prokka:UBT_5_00112 (length 66)
prokka_UBT_5/UBT_5:Prokka:UBT_5_00113 (length 334)
prokka_UBT_5/UBT_5:Prokka:UBT_5_00114 (length 299)
prokka_UBT_5/UBT_5:Prokka:UBT_5_00115 (length 251)
prokka_UBT_5/UBT_5:Prokka:UBT_5_00116 (length 445)
prokka_UBT_5/UBT_5:Prokka:UBT_5_00117 (length 304)
prokka_UBT_5/UBT_5:Prokka:UBT_5_00118 (length 407)
prokka_UBT_5/UBT_5:Prokka:UBT_5_00119 (length 318)
prokka_UBT_5/UBT_5:Prokka:UBT_5_00120 (length 378)
prokka_UBT_5/UBT_5:Prokka:UBT_5_00121 (length 518)
prokka_UBT_5/UBT_5:Prokka:UBT_5_00122 (length 86)
prokka_UBT_5/UBT_5:Prokka:UBT_5_00123 (length 317)
prokka_UBT_5/UBT_5:Prokka:UBT_5_00124 (length 478)
prokka_UBT_5/UBT_5:Prokka:UBT_5_00125 (length 348)
prokka_UBT_5/UBT_5:Prokka:UBT_5_00126 (length 412)
prokka_UBT_5/UBT_5:Prokka:UBT_5_00127 (length 386)
prokka_UBT_5/UBT_5:Prokka:UBT_5_00128 (length 97)
prokka_UBT_5/UBT_5:Prokka:UBT_5_00129 (length 467)
prokka_UBT_5/UBT_5:Prokka:UBT_5_00130 (length 221)
prokka_UBT_5/UBT_5:Prokka:UBT_5_00131 (length 273)
prokka_UBT_5/UBT_5:Prokka:UBT_5_00132 (length 141)
prokka_UBT_5/UBT_5:Prokka:UBT_5_00133 (length 172)
prokka_UBT_5/UBT_5:Prokka:UBT_5_00134 (length 513)
prokka_UBT_5/UBT_5:Prokka:UBT_5_00135 (length 101)
prokka_UBT_5/UBT_5:Prokka:UBT_5_00136 (length 132)
prokka_UBT_5/UBT_5:Prokka:UBT_5_00137 (length 168)
prokka_UBT_5/UBT_5:Prokka:UBT_5_00138 (length 347)
prokka_UBT_5/UBT_5:Prokka:UBT_5_00139 (length 404)
prokka_UBT_5/UBT_5:Prokka:UBT_5_00140 (length 245)
prokka_UBT_5/UBT_5:Prokka:UBT_5_00141 (length 373)
prokka_UBT_5/UBT_5:Prokka:UBT_5_00143 (length 245)
prokka_UBT_5/UBT_5:Prokka:UBT_5_00144 (length 479)
prokka_UBT_5/UBT_5:Prokka:UBT_5_00145 (length 144)
prokka_UBT_5/UBT_5:Prokka:UBT_5_00146 (length 681)
prokka_UBT_5/UBT_5:Prokka:UBT_5_00147 (length 245)
prokka_UBT_5/UBT_5:Prokka:UBT_5_00148 (length 451)
prokka_UBT_5/UBT_5:Prokka:UBT_5_00149 (length 239)
prokka_UBT_5/UBT_5:Prokka:UBT_5_3 (length 6801)
prokka_UBT_5/UBT_5:Prokka:UBT_5_00150 (length 1505)
prokka_UBT_5/UBT_5:Prokka:UBT_5_00151 (length 120)
prokka_UBT_5/UBT_5:Prokka:UBT_5_00152 (length 315)
prokka_UBT_5/UBT_5:Prokka:UBT_5_00153 (length 166)
prokka_UBT_5/UBT_5:Prokka:UBT_5_4 (length 24408)
prokka_UBT_5/UBT_5:Prokka:UBT_5_00154 (length 122)
prokka_UBT_5/UBT_5:Prokka:UBT_5_00155 (length 58)
prokka_UBT_5/UBT_5:Prokka:UBT_5_00156 (length 86)
prokka_UBT_5/UBT_5:Prokka:UBT_5_00157 (length 224)
prokka_UBT_5/UBT_5:Prokka:UBT_5_00158 (length 72)
prokka_UBT_5/UBT_5:Prokka:UBT_5_00159 (length 209)
prokka_UBT_5/UBT_5:Prokka:UBT_5_00160 (length 468)
prokka_UBT_5/UBT_5:Prokka:UBT_5_00161 (length 676)
prokka_UBT_5/UBT_5:Prokka:UBT_5_00162 (length 865)
prokka_UBT_5/UBT_5:Prokka:UBT_5_00163 (length 665)
prokka_UBT_5/UBT_5:Prokka:UBT_5_00164 (length 167)
prokka_UBT_5/UBT_5:Prokka:UBT_5_00165 (length 137)
prokka_UBT_5/UBT_5:Prokka:UBT_5_00166 (length 292)
prokka_UBT_5/UBT_5:Prokka:UBT_5_00167 (length 698)
prokka_UBT_5/UBT_5:Prokka:UBT_5_00168 (length 271)
prokka_UBT_5/UBT_5:Prokka:UBT_5_00169 (length 350)
prokka_UBT_5/UBT_5:Prokka:UBT_5_00170 (length 455)
prokka_UBT_5/UBT_5:Prokka:UBT_5_00171 (length 233)
prokka_UBT_5/UBT_5:Prokka:UBT_5_00172 (length 1184)
prokka_UBT_5/UBT_5:Prokka:UBT_5_5 (length 10405)
prokka_UBT_5/UBT_5:Prokka:UBT_5_00175 (length 222)
prokka_UBT_5/UBT_5:Prokka:UBT_5_00176 (length 324)
prokka_UBT_5/UBT_5:Prokka:UBT_5_00177 (length 146)
prokka_UBT_5/UBT_5:Prokka:UBT_5_00178 (length 723)
prokka_UBT_5/UBT_5:Prokka:UBT_5_00179 (length 76)
prokka_UBT_5/UBT_5:Prokka:UBT_5_00180 (length 468)
prokka_UBT_5/UBT_5:Prokka:UBT_5_00181 (length 221)
prokka_UBT_5/UBT_5:Prokka:UBT_5_00182 (length 432)
prokka_UBT_5/UBT_5:Prokka:UBT_5_00184 (length 131)
prokka_UBT_5/UBT_5:Prokka:UBT_5_00185 (length 147)
prokka_UBT_5/UBT_5:Prokka:UBT_5_6 (length 11055)
prokka_UBT_5/UBT_5:Prokka:UBT_5_00187 (length 788)
prokka_UBT_5/UBT_5:Prokka:UBT_5_00188 (length 226)
prokka_UBT_5/UBT_5:Prokka:UBT_5_00189 (length 500)
prokka_UBT_5/UBT_5:Prokka:UBT_5_00190 (length 226)
prokka_UBT_5/UBT_5:Prokka:UBT_5_00191 (length 478)
prokka_UBT_5/UBT_5:Prokka:UBT_5_00192 (length 277)
prokka_UBT_5/UBT_5:Prokka:UBT_5_00193 (length 405)
prokka_UBT_5/UBT_5:Prokka:UBT_5_00194 (length 469)
prokka_UBT_5/UBT_5:Prokka:UBT_5_7 (length 30759)
prokka_UBT_5/UBT_5:Prokka:UBT_5_00195 (length 392)
prokka_UBT_5/UBT_5:Prokka:UBT_5_00196 (length 263)
prokka_UBT_5/UBT_5:Prokka:UBT_5_00197 (length 277)
prokka_UBT_5/UBT_5:Prokka:UBT_5_00198 (length 124)
prokka_UBT_5/UBT_5:Prokka:UBT_5_00199 (length 343)
prokka_UBT_5/UBT_5:Prokka:UBT_5_00200 (length 508)
prokka_UBT_5/UBT_5:Prokka:UBT_5_00201 (length 494)
prokka_UBT_5/UBT_5:Prokka:UBT_5_00202 (length 210)
prokka_UBT_5/UBT_5:Prokka:UBT_5_00203 (length 181)
prokka_UBT_5/UBT_5:Prokka:UBT_5_00204 (length 383)
prokka_UBT_5/UBT_5:Prokka:UBT_5_00205 (length 426)
prokka_UBT_5/UBT_5:Prokka:UBT_5_00206 (length 190)
prokka_UBT_5/UBT_5:Prokka:UBT_5_00207 (length 307)
prokka_UBT_5/UBT_5:Prokka:UBT_5_00208 (length 154)
prokka_UBT_5/UBT_5:Prokka:UBT_5_00209 (length 557)
prokka_UBT_5/UBT_5:Prokka:UBT_5_00210 (length 279)
prokka_UBT_5/UBT_5:Prokka:UBT_5_00211 (length 116)
prokka_UBT_5/UBT_5:Prokka:UBT_5_00212 (length 44)
prokka_UBT_5/UBT_5:Prokka:UBT_5_00213 (length 238)
prokka_UBT_5/UBT_5:Prokka:UBT_5_00214 (length 180)
prokka_UBT_5/UBT_5:Prokka:UBT_5_00215 (length 448)
prokka_UBT_5/UBT_5:Prokka:UBT_5_00216 (length 377)
prokka_UBT_5/UBT_5:Prokka:UBT_5_00217 (length 154)
prokka_UBT_5/UBT_5:Prokka:UBT_5_00218 (length 378)
prokka_UBT_5/UBT_5:Prokka:UBT_5_00219 (length 669)
prokka_UBT_5/UBT_5:Prokka:UBT_5_00220 (length 851)
prokka_UBT_5/UBT_5:Prokka:UBT_5_00221 (length 83)
prokka_UBT_5/UBT_5:Prokka:UBT_5_00222 (length 62)
prokka_UBT_5/UBT_5:Prokka:UBT_5_00223 (length 438)
prokka_UBT_5/UBT_5:Prokka:UBT_5_00224 (length 116)
prokka_UBT_5/UBT_5:Prokka:UBT_5_00225 (length 69)
prokka_UBT_5/UBT_5:Prokka:UBT_5_00226 (length 31)
prokka_UBT_5/UBT_5:Prokka:UBT_5_8 (length 5053)
prokka_UBT_5/UBT_5:Prokka:UBT_5_00227 (length 280)
prokka_UBT_5/UBT_5:Prokka:UBT_5_00228 (length 114)
prokka_UBT_5/UBT_5:Prokka:UBT_5_00229 (length 491)
prokka_UBT_5/UBT_5:Prokka:UBT_5_00230 (length 60)
prokka_UBT_5/UBT_5:Prokka:UBT_5_00231 (length 267)
prokka_UBT_5/UBT_5:Prokka:UBT_5_9 (length 33539)
prokka_UBT_5/UBT_5:Prokka:UBT_5_00232 (length 113)
prokka_UBT_5/UBT_5:Prokka:UBT_5_00233 (length 208)
prokka_UBT_5/UBT_5:Prokka:UBT_5_00234 (length 157)
prokka_UBT_5/UBT_5:Prokka:UBT_5_00235 (length 170)
prokka_UBT_5/UBT_5:Prokka:UBT_5_00236 (length 194)
prokka_UBT_5/UBT_5:Prokka:UBT_5_00237 (length 457)
prokka_UBT_5/UBT_5:Prokka:UBT_5_00238 (length 181)
prokka_UBT_5/UBT_5:Prokka:UBT_5_00239 (length 98)
prokka_UBT_5/UBT_5:Prokka:UBT_5_00240 (length 308)
prokka_UBT_5/UBT_5:Prokka:UBT_5_00241 (length 134)
prokka_UBT_5/UBT_5:Prokka:UBT_5_00242 (length 173)
prokka_UBT_5/UBT_5:Prokka:UBT_5_00243 (length 801)
prokka_UBT_5/UBT_5:Prokka:UBT_5_00244 (length 280)
prokka_UBT_5/UBT_5:Prokka:UBT_5_00245 (length 243)
prokka_UBT_5/UBT_5:Prokka:UBT_5_00246 (length 206)
prokka_UBT_5/UBT_5:Prokka:UBT_5_00247 (length 445)
prokka_UBT_5/UBT_5:Prokka:UBT_5_00248 (length 308)
prokka_UBT_5/UBT_5:Prokka:UBT_5_00249 (length 359)
prokka_UBT_5/UBT_5:Prokka:UBT_5_00250 (length 260)
prokka_UBT_5/UBT_5:Prokka:UBT_5_00251 (length 100)
prokka_UBT_5/UBT_5:Prokka:UBT_5_00252 (length 131)
prokka_UBT_5/UBT_5:Prokka:UBT_5_00254 (length 327)
prokka_UBT_5/UBT_5:Prokka:UBT_5_00255 (length 353)
prokka_UBT_5/UBT_5:Prokka:UBT_5_00256 (length 482)
prokka_UBT_5/UBT_5:Prokka:UBT_5_00257 (length 250)
prokka_UBT_5/UBT_5:Prokka:UBT_5_00258 (length 479)
prokka_UBT_5/UBT_5:Prokka:UBT_5_00259 (length 345)
prokka_UBT_5/UBT_5:Prokka:UBT_5_00260 (length 595)
prokka_UBT_5/UBT_5:Prokka:UBT_5_00261 (length 133)
prokka_UBT_5/UBT_5:Prokka:UBT_5_00262 (length 306)
prokka_UBT_5/UBT_5:Prokka:UBT_5_00263 (length 322)
prokka_UBT_5/UBT_5:Prokka:UBT_5_00264 (length 338)
prokka_UBT_5/UBT_5:Prokka:UBT_5_00265 (length 243)
prokka_UBT_5/UBT_5:Prokka:UBT_5_00266 (length 127)
prokka_UBT_5/UBT_5:Prokka:UBT_5_00267 (length 485)
prokka_UBT_5/UBT_5:Prokka:UBT_5_10 (length 65531)
prokka_UBT_5/UBT_5:Prokka:UBT_5_00268 (length 120)
prokka_UBT_5/UBT_5:Prokka:UBT_5_00269 (length 349)
prokka_UBT_5/UBT_5:Prokka:UBT_5_00270 (length 819)
prokka_UBT_5/UBT_5:Prokka:UBT_5_00271 (length 428)
prokka_UBT_5/UBT_5:Prokka:UBT_5_00272 (length 88)
prokka_UBT_5/UBT_5:Prokka:UBT_5_00273 (length 458)
prokka_UBT_5/UBT_5:Prokka:UBT_5_00274 (length 444)
prokka_UBT_5/UBT_5:Prokka:UBT_5_00275 (length 378)
prokka_UBT_5/UBT_5:Prokka:UBT_5_00276 (length 522)
prokka_UBT_5/UBT_5:Prokka:UBT_5_00277 (length 393)
prokka_UBT_5/UBT_5:Prokka:UBT_5_00278 (length 467)
prokka_UBT_5/UBT_5:Prokka:UBT_5_00279 (length 203)
prokka_UBT_5/UBT_5:Prokka:UBT_5_00280 (length 405)
prokka_UBT_5/UBT_5:Prokka:UBT_5_00281 (length 123)
prokka_UBT_5/UBT_5:Prokka:UBT_5_00282 (length 245)
prokka_UBT_5/UBT_5:Prokka:UBT_5_00283 (length 848)
prokka_UBT_5/UBT_5:Prokka:UBT_5_00284 (length 224)
prokka_UBT_5/UBT_5:Prokka:UBT_5_00285 (length 165)
prokka_UBT_5/UBT_5:Prokka:UBT_5_00286 (length 660)
prokka_UBT_5/UBT_5:Prokka:UBT_5_00287 (length 572)
prokka_UBT_5/UBT_5:Prokka:UBT_5_00288 (length 593)
prokka_UBT_5/UBT_5:Prokka:UBT_5_00289 (length 409)
prokka_UBT_5/UBT_5:Prokka:UBT_5_00290 (length 335)
prokka_UBT_5/UBT_5:Prokka:UBT_5_00291 (length 352)
prokka_UBT_5/UBT_5:Prokka:UBT_5_00292 (length 88)
prokka_UBT_5/UBT_5:Prokka:UBT_5_00293 (length 719)
prokka_UBT_5/UBT_5:Prokka:UBT_5_00294 (length 668)
prokka_UBT_5/UBT_5:Prokka:UBT_5_00295 (length 956)
prokka_UBT_5/UBT_5:Prokka:UBT_5_00296 (length 40)
prokka_UBT_5/UBT_5:Prokka:UBT_5_00297 (length 324)
prokka_UBT_5/UBT_5:Prokka:UBT_5_00298 (length 314)
prokka_UBT_5/UBT_5:Prokka:UBT_5_00299 (length 200)
prokka_UBT_5/UBT_5:Prokka:UBT_5_00300 (length 332)
prokka_UBT_5/UBT_5:Prokka:UBT_5_00301 (length 412)
prokka_UBT_5/UBT_5:Prokka:UBT_5_00302 (length 219)
prokka_UBT_5/UBT_5:Prokka:UBT_5_00303 (length 178)
prokka_UBT_5/UBT_5:Prokka:UBT_5_00304 (length 381)
prokka_UBT_5/UBT_5:Prokka:UBT_5_00305 (length 104)
prokka_UBT_5/UBT_5:Prokka:UBT_5_00306 (length 212)
prokka_UBT_5/UBT_5:Prokka:UBT_5_00307 (length 196)
prokka_UBT_5/UBT_5:Prokka:UBT_5_00308 (length 123)
prokka_UBT_5/UBT_5:Prokka:UBT_5_00309 (length 252)
prokka_UBT_5/UBT_5:Prokka:UBT_5_00310 (length 397)
prokka_UBT_5/UBT_5:Prokka:UBT_5_00311 (length 181)
prokka_UBT_5/UBT_5:Prokka:UBT_5_00312 (length 229)
prokka_UBT_5/UBT_5:Prokka:UBT_5_00313 (length 368)
prokka_UBT_5/UBT_5:Prokka:UBT_5_00314 (length 90)
prokka_UBT_5/UBT_5:Prokka:UBT_5_00315 (length 304)
prokka_UBT_5/UBT_5:Prokka:UBT_5_00316 (length 257)
prokka_UBT_5/UBT_5:Prokka:UBT_5_00317 (length 80)
prokka_UBT_5/UBT_5:Prokka:UBT_5_00318 (length 774)
prokka_UBT_5/UBT_5:Prokka:UBT_5_00319 (length 155)
prokka_UBT_5/UBT_5:Prokka:UBT_5_00320 (length 518)
prokka_UBT_5/UBT_5:Prokka:UBT_5_00321 (length 133)
prokka_UBT_5/UBT_5:Prokka:UBT_5_00322 (length 193)
prokka_UBT_5/UBT_5:Prokka:UBT_5_00323 (length 116)
prokka_UBT_5/UBT_5:Prokka:UBT_5_00324 (length 358)
prokka_UBT_5/UBT_5:Prokka:UBT_5_00325 (length 113)
prokka_UBT_5/UBT_5:Prokka:UBT_5_00326 (length 198)
prokka_UBT_5/UBT_5:Prokka:UBT_5_00327 (length 70)
prokka_UBT_5/UBT_5:Prokka:UBT_5_00328 (length 169)
prokka_UBT_5/UBT_5:Prokka:UBT_5_00329 (length 126)
prokka_UBT_5/UBT_5:Prokka:UBT_5_00330 (length 122)
prokka_UBT_5/UBT_5:Prokka:UBT_5_11 (length 8926)
prokka_UBT_5/UBT_5:Prokka:UBT_5_00331 (length 508)
prokka_UBT_5/UBT_5:Prokka:UBT_5_00332 (length 304)
prokka_UBT_5/UBT_5:Prokka:UBT_5_00333 (length 344)
prokka_UBT_5/UBT_5:Prokka:UBT_5_00334 (length 350)
prokka_UBT_5/UBT_5:Prokka:UBT_5_00335 (length 311)
prokka_UBT_5/UBT_5:Prokka:UBT_5_00336 (length 630)
prokka_UBT_5/UBT_5:Prokka:UBT_5_00337 (length 297)
prokka_UBT_5/UBT_5:Prokka:UBT_5_12 (length 13844)
prokka_UBT_5/UBT_5:Prokka:UBT_5_00340 (length 74)
prokka_UBT_5/UBT_5:Prokka:UBT_5_00341 (length 389)
prokka_UBT_5/UBT_5:Prokka:UBT_5_00342 (length 246)
prokka_UBT_5/UBT_5:Prokka:UBT_5_00343 (length 192)
prokka_UBT_5/UBT_5:Prokka:UBT_5_00344 (length 163)
prokka_UBT_5/UBT_5:Prokka:UBT_5_00345 (length 226)
prokka_UBT_5/UBT_5:Prokka:UBT_5_00346 (length 256)
prokka_UBT_5/UBT_5:Prokka:UBT_5_00347 (length 313)
prokka_UBT_5/UBT_5:Prokka:UBT_5_00348 (length 386)
prokka_UBT_5/UBT_5:Prokka:UBT_5_00349 (length 351)
prokka_UBT_5/UBT_5:Prokka:UBT_5_00350 (length 97)
prokka_UBT_5/UBT_5:Prokka:UBT_5_00351 (length 303)
prokka_UBT_5/UBT_5:Prokka:UBT_5_00352 (length 512)
prokka_UBT_5/UBT_5:Prokka:UBT_5_00353 (length 464)
prokka_UBT_5/UBT_5:Prokka:UBT_5_13 (length 12200)
prokka_UBT_5/UBT_5:Prokka:UBT_5_00354 (length 226)
prokka_UBT_5/UBT_5:Prokka:UBT_5_00355 (length 427)
prokka_UBT_5/UBT_5:Prokka:UBT_5_00356 (length 131)
prokka_UBT_5/UBT_5:Prokka:UBT_5_00357 (length 110)
prokka_UBT_5/UBT_5:Prokka:UBT_5_00358 (length 518)
prokka_UBT_5/UBT_5:Prokka:UBT_5_00359 (length 159)
prokka_UBT_5/UBT_5:Prokka:UBT_5_00360 (length 370)
prokka_UBT_5/UBT_5:Prokka:UBT_5_00361 (length 365)
prokka_UBT_5/UBT_5:Prokka:UBT_5_00362 (length 314)
prokka_UBT_5/UBT_5:Prokka:UBT_5_00363 (length 245)
prokka_UBT_5/UBT_5:Prokka:UBT_5_00364 (length 288)
prokka_UBT_5/UBT_5:Prokka:UBT_5_00365 (length 213)
prokka_UBT_5/UBT_5:Prokka:UBT_5_00366 (length 219)
prokka_UBT_5/UBT_5:Prokka:UBT_5_14 (length 69481)
prokka_UBT_5/UBT_5:Prokka:UBT_5_00367 (length 453)
prokka_UBT_5/UBT_5:Prokka:UBT_5_00368 (length 247)
prokka_UBT_5/UBT_5:Prokka:UBT_5_00369 (length 194)
prokka_UBT_5/UBT_5:Prokka:UBT_5_00370 (length 446)
prokka_UBT_5/UBT_5:Prokka:UBT_5_00371 (length 125)
prokka_UBT_5/UBT_5:Prokka:UBT_5_00372 (length 521)
prokka_UBT_5/UBT_5:Prokka:UBT_5_00373 (length 427)
prokka_UBT_5/UBT_5:Prokka:UBT_5_00374 (length 173)
prokka_UBT_5/UBT_5:Prokka:UBT_5_00375 (length 687)
prokka_UBT_5/UBT_5:Prokka:UBT_5_00376 (length 57)
prokka_UBT_5/UBT_5:Prokka:UBT_5_00377 (length 335)
prokka_UBT_5/UBT_5:Prokka:UBT_5_00378 (length 285)
prokka_UBT_5/UBT_5:Prokka:UBT_5_00379 (length 175)
prokka_UBT_5/UBT_5:Prokka:UBT_5_00380 (length 213)
prokka_UBT_5/UBT_5:Prokka:UBT_5_00381 (length 212)
prokka_UBT_5/UBT_5:Prokka:UBT_5_00382 (length 283)
prokka_UBT_5/UBT_5:Prokka:UBT_5_00383 (length 484)
prokka_UBT_5/UBT_5:Prokka:UBT_5_00384 (length 441)
prokka_UBT_5/UBT_5:Prokka:UBT_5_00385 (length 423)
prokka_UBT_5/UBT_5:Prokka:UBT_5_00386 (length 290)
prokka_UBT_5/UBT_5:Prokka:UBT_5_00387 (length 193)
prokka_UBT_5/UBT_5:Prokka:UBT_5_00388 (length 381)
prokka_UBT_5/UBT_5:Prokka:UBT_5_00389 (length 229)
prokka_UBT_5/UBT_5:Prokka:UBT_5_00390 (length 303)
prokka_UBT_5/UBT_5:Prokka:UBT_5_00391 (length 452)
prokka_UBT_5/UBT_5:Prokka:UBT_5_00392 (length 293)
prokka_UBT_5/UBT_5:Prokka:UBT_5_00393 (length 307)
prokka_UBT_5/UBT_5:Prokka:UBT_5_00394 (length 294)
prokka_UBT_5/UBT_5:Prokka:UBT_5_00395 (length 279)
prokka_UBT_5/UBT_5:Prokka:UBT_5_00396 (length 256)
prokka_UBT_5/UBT_5:Prokka:UBT_5_00397 (length 225)
prokka_UBT_5/UBT_5:Prokka:UBT_5_00398 (length 117)
prokka_UBT_5/UBT_5:Prokka:UBT_5_00399 (length 320)
prokka_UBT_5/UBT_5:Prokka:UBT_5_00400 (length 338)
prokka_UBT_5/UBT_5:Prokka:UBT_5_00401 (length 290)
prokka_UBT_5/UBT_5:Prokka:UBT_5_00402 (length 322)
prokka_UBT_5/UBT_5:Prokka:UBT_5_00403 (length 399)
prokka_UBT_5/UBT_5:Prokka:UBT_5_00404 (length 483)
prokka_UBT_5/UBT_5:Prokka:UBT_5_00405 (length 218)
prokka_UBT_5/UBT_5:Prokka:UBT_5_00406 (length 566)
prokka_UBT_5/UBT_5:Prokka:UBT_5_00407 (length 119)
prokka_UBT_5/UBT_5:Prokka:UBT_5_00408 (length 361)
prokka_UBT_5/UBT_5:Prokka:UBT_5_00409 (length 336)
prokka_UBT_5/UBT_5:Prokka:UBT_5_00410 (length 454)
prokka_UBT_5/UBT_5:Prokka:UBT_5_00411 (length 276)
prokka_UBT_5/UBT_5:Prokka:UBT_5_00412 (length 405)
prokka_UBT_5/UBT_5:Prokka:UBT_5_00413 (length 46)
prokka_UBT_5/UBT_5:Prokka:UBT_5_00414 (length 510)
prokka_UBT_5/UBT_5:Prokka:UBT_5_00415 (length 402)
prokka_UBT_5/UBT_5:Prokka:UBT_5_00416 (length 78)
prokka_UBT_5/UBT_5:Prokka:UBT_5_00417 (length 427)
prokka_UBT_5/UBT_5:Prokka:UBT_5_00418 (length 239)
prokka_UBT_5/UBT_5:Prokka:UBT_5_00419 (length 289)
prokka_UBT_5/UBT_5:Prokka:UBT_5_00420 (length 200)
prokka_UBT_5/UBT_5:Prokka:UBT_5_00421 (length 178)
prokka_UBT_5/UBT_5:Prokka:UBT_5_00422 (length 352)
prokka_UBT_5/UBT_5:Prokka:UBT_5_00423 (length 286)
prokka_UBT_5/UBT_5:Prokka:UBT_5_00424 (length 355)
prokka_UBT_5/UBT_5:Prokka:UBT_5_00425 (length 196)
prokka_UBT_5/UBT_5:Prokka:UBT_5_00426 (length 210)
prokka_UBT_5/UBT_5:Prokka:UBT_5_00427 (length 126)
prokka_UBT_5/UBT_5:Prokka:UBT_5_00428 (length 62)
prokka_UBT_5/UBT_5:Prokka:UBT_5_00429 (length 163)
prokka_UBT_5/UBT_5:Prokka:UBT_5_00430 (length 486)
prokka_UBT_5/UBT_5:Prokka:UBT_5_00431 (length 137)
prokka_UBT_5/UBT_5:Prokka:UBT_5_00432 (length 198)
prokka_UBT_5/UBT_5:Prokka:UBT_5_00433 (length 254)
prokka_UBT_5/UBT_5:Prokka:UBT_5_00434 (length 305)
prokka_UBT_5/UBT_5:Prokka:UBT_5_00435 (length 639)
prokka_UBT_5/UBT_5:Prokka:UBT_5_00436 (length 165)
prokka_UBT_5/UBT_5:Prokka:UBT_5_00437 (length 276)
prokka_UBT_5/UBT_5:Prokka:UBT_5_15 (length 63423)
prokka_UBT_5/UBT_5:Prokka:UBT_5_00438 (length 271)
prokka_UBT_5/UBT_5:Prokka:UBT_5_00439 (length 365)
prokka_UBT_5/UBT_5:Prokka:UBT_5_00440 (length 195)
prokka_UBT_5/UBT_5:Prokka:UBT_5_00441 (length 710)
prokka_UBT_5/UBT_5:Prokka:UBT_5_00442 (length 561)
prokka_UBT_5/UBT_5:Prokka:UBT_5_00443 (length 466)
prokka_UBT_5/UBT_5:Prokka:UBT_5_00444 (length 598)
prokka_UBT_5/UBT_5:Prokka:UBT_5_00445 (length 539)
prokka_UBT_5/UBT_5:Prokka:UBT_5_00446 (length 461)
prokka_UBT_5/UBT_5:Prokka:UBT_5_00447 (length 329)
prokka_UBT_5/UBT_5:Prokka:UBT_5_00448 (length 479)
prokka_UBT_5/UBT_5:Prokka:UBT_5_00449 (length 489)
prokka_UBT_5/UBT_5:Prokka:UBT_5_00450 (length 102)
prokka_UBT_5/UBT_5:Prokka:UBT_5_00451 (length 89)
prokka_UBT_5/UBT_5:Prokka:UBT_5_00452 (length 83)
prokka_UBT_5/UBT_5:Prokka:UBT_5_00453 (length 333)
prokka_UBT_5/UBT_5:Prokka:UBT_5_00454 (length 765)
prokka_UBT_5/UBT_5:Prokka:UBT_5_00455 (length 216)
prokka_UBT_5/UBT_5:Prokka:UBT_5_00456 (length 511)
prokka_UBT_5/UBT_5:Prokka:UBT_5_00457 (length 85)
prokka_UBT_5/UBT_5:Prokka:UBT_5_00458 (length 157)
prokka_UBT_5/UBT_5:Prokka:UBT_5_00459 (length 457)
prokka_UBT_5/UBT_5:Prokka:UBT_5_00460 (length 277)
prokka_UBT_5/UBT_5:Prokka:UBT_5_00461 (length 263)
prokka_UBT_5/UBT_5:Prokka:UBT_5_00462 (length 234)
prokka_UBT_5/UBT_5:Prokka:UBT_5_00463 (length 284)
prokka_UBT_5/UBT_5:Prokka:UBT_5_00464 (length 76)
prokka_UBT_5/UBT_5:Prokka:UBT_5_00465 (length 295)
prokka_UBT_5/UBT_5:Prokka:UBT_5_00466 (length 187)
prokka_UBT_5/UBT_5:Prokka:UBT_5_00467 (length 265)
prokka_UBT_5/UBT_5:Prokka:UBT_5_00468 (length 140)
prokka_UBT_5/UBT_5:Prokka:UBT_5_00469 (length 153)
prokka_UBT_5/UBT_5:Prokka:UBT_5_00470 (length 186)
prokka_UBT_5/UBT_5:Prokka:UBT_5_00471 (length 154)
prokka_UBT_5/UBT_5:Prokka:UBT_5_00472 (length 184)
prokka_UBT_5/UBT_5:Prokka:UBT_5_00473 (length 70)
prokka_UBT_5/UBT_5:Prokka:UBT_5_00474 (length 560)
prokka_UBT_5/UBT_5:Prokka:UBT_5_00475 (length 505)
prokka_UBT_5/UBT_5:Prokka:UBT_5_00476 (length 309)
prokka_UBT_5/UBT_5:Prokka:UBT_5_00477 (length 312)
prokka_UBT_5/UBT_5:Prokka:UBT_5_00478 (length 385)
prokka_UBT_5/UBT_5:Prokka:UBT_5_00479 (length 272)
prokka_UBT_5/UBT_5:Prokka:UBT_5_00480 (length 200)
prokka_UBT_5/UBT_5:Prokka:UBT_5_00481 (length 288)
prokka_UBT_5/UBT_5:Prokka:UBT_5_00482 (length 233)
prokka_UBT_5/UBT_5:Prokka:UBT_5_00483 (length 224)
prokka_UBT_5/UBT_5:Prokka:UBT_5_00484 (length 135)
prokka_UBT_5/UBT_5:Prokka:UBT_5_00485 (length 150)
prokka_UBT_5/UBT_5:Prokka:UBT_5_00486 (length 887)
prokka_UBT_5/UBT_5:Prokka:UBT_5_00487 (length 616)
prokka_UBT_5/UBT_5:Prokka:UBT_5_00488 (length 222)
prokka_UBT_5/UBT_5:Prokka:UBT_5_00489 (length 281)
prokka_UBT_5/UBT_5:Prokka:UBT_5_00490 (length 280)
prokka_UBT_5/UBT_5:Prokka:UBT_5_00491 (length 450)
prokka_UBT_5/UBT_5:Prokka:UBT_5_00492 (length 361)
prokka_UBT_5/UBT_5:Prokka:UBT_5_00493 (length 231)
prokka_UBT_5/UBT_5:Prokka:UBT_5_00494 (length 236)
prokka_UBT_5/UBT_5:Prokka:UBT_5_00495 (length 380)
prokka_UBT_5/UBT_5:Prokka:UBT_5_16 (length 99371)
prokka_UBT_5/UBT_5:Prokka:UBT_5_00496 (length 70)
prokka_UBT_5/UBT_5:Prokka:UBT_5_00497 (length 126)
prokka_UBT_5/UBT_5:Prokka:UBT_5_00498 (length 151)
prokka_UBT_5/UBT_5:Prokka:UBT_5_00499 (length 245)
prokka_UBT_5/UBT_5:Prokka:UBT_5_00500 (length 160)
prokka_UBT_5/UBT_5:Prokka:UBT_5_00501 (length 272)
prokka_UBT_5/UBT_5:Prokka:UBT_5_00502 (length 345)
prokka_UBT_5/UBT_5:Prokka:UBT_5_00503 (length 216)
prokka_UBT_5/UBT_5:Prokka:UBT_5_00504 (length 338)
prokka_UBT_5/UBT_5:Prokka:UBT_5_00505 (length 124)
prokka_UBT_5/UBT_5:Prokka:UBT_5_00506 (length 185)
prokka_UBT_5/UBT_5:Prokka:UBT_5_00507 (length 236)
prokka_UBT_5/UBT_5:Prokka:UBT_5_00508 (length 342)
prokka_UBT_5/UBT_5:Prokka:UBT_5_00509 (length 161)
prokka_UBT_5/UBT_5:Prokka:UBT_5_00510 (length 571)
prokka_UBT_5/UBT_5:Prokka:UBT_5_00511 (length 89)
prokka_UBT_5/UBT_5:Prokka:UBT_5_00512 (length 336)
prokka_UBT_5/UBT_5:Prokka:UBT_5_00513 (length 332)
prokka_UBT_5/UBT_5:Prokka:UBT_5_00514 (length 357)
prokka_UBT_5/UBT_5:Prokka:UBT_5_00515 (length 201)
prokka_UBT_5/UBT_5:Prokka:UBT_5_00516 (length 452)
prokka_UBT_5/UBT_5:Prokka:UBT_5_00517 (length 243)
prokka_UBT_5/UBT_5:Prokka:UBT_5_00518 (length 57)
prokka_UBT_5/UBT_5:Prokka:UBT_5_00519 (length 614)
prokka_UBT_5/UBT_5:Prokka:UBT_5_00520 (length 237)
prokka_UBT_5/UBT_5:Prokka:UBT_5_00521 (length 533)
prokka_UBT_5/UBT_5:Prokka:UBT_5_00522 (length 375)
prokka_UBT_5/UBT_5:Prokka:UBT_5_00523 (length 158)
prokka_UBT_5/UBT_5:Prokka:UBT_5_00524 (length 373)
prokka_UBT_5/UBT_5:Prokka:UBT_5_00525 (length 383)
prokka_UBT_5/UBT_5:Prokka:UBT_5_00526 (length 369)
prokka_UBT_5/UBT_5:Prokka:UBT_5_00527 (length 293)
prokka_UBT_5/UBT_5:Prokka:UBT_5_00528 (length 109)
prokka_UBT_5/UBT_5:Prokka:UBT_5_00529 (length 128)
prokka_UBT_5/UBT_5:Prokka:UBT_5_00530 (length 443)
prokka_UBT_5/UBT_5:Prokka:UBT_5_00531 (length 288)
prokka_UBT_5/UBT_5:Prokka:UBT_5_00532 (length 427)
prokka_UBT_5/UBT_5:Prokka:UBT_5_00533 (length 229)
prokka_UBT_5/UBT_5:Prokka:UBT_5_00534 (length 341)
prokka_UBT_5/UBT_5:Prokka:UBT_5_00535 (length 264)
prokka_UBT_5/UBT_5:Prokka:UBT_5_00536 (length 29)
prokka_UBT_5/UBT_5:Prokka:UBT_5_00537 (length 194)
prokka_UBT_5/UBT_5:Prokka:UBT_5_00538 (length 455)
prokka_UBT_5/UBT_5:Prokka:UBT_5_00539 (length 356)
prokka_UBT_5/UBT_5:Prokka:UBT_5_00540 (length 392)
prokka_UBT_5/UBT_5:Prokka:UBT_5_00541 (length 101)
prokka_UBT_5/UBT_5:Prokka:UBT_5_00542 (length 476)
prokka_UBT_5/UBT_5:Prokka:UBT_5_00543 (length 146)
prokka_UBT_5/UBT_5:Prokka:UBT_5_00544 (length 404)
prokka_UBT_5/UBT_5:Prokka:UBT_5_00545 (length 388)
prokka_UBT_5/UBT_5:Prokka:UBT_5_00546 (length 268)
prokka_UBT_5/UBT_5:Prokka:UBT_5_00547 (length 281)
prokka_UBT_5/UBT_5:Prokka:UBT_5_00548 (length 432)
prokka_UBT_5/UBT_5:Prokka:UBT_5_00549 (length 332)
prokka_UBT_5/UBT_5:Prokka:UBT_5_00550 (length 246)
prokka_UBT_5/UBT_5:Prokka:UBT_5_00551 (length 409)
prokka_UBT_5/UBT_5:Prokka:UBT_5_00552 (length 255)
prokka_UBT_5/UBT_5:Prokka:UBT_5_00553 (length 213)
prokka_UBT_5/UBT_5:Prokka:UBT_5_00554 (length 252)
prokka_UBT_5/UBT_5:Prokka:UBT_5_00556 (length 146)
prokka_UBT_5/UBT_5:Prokka:UBT_5_00557 (length 68)
prokka_UBT_5/UBT_5:Prokka:UBT_5_00558 (length 330)
prokka_UBT_5/UBT_5:Prokka:UBT_5_00559 (length 245)
prokka_UBT_5/UBT_5:Prokka:UBT_5_00560 (length 291)
prokka_UBT_5/UBT_5:Prokka:UBT_5_00561 (length 311)
prokka_UBT_5/UBT_5:Prokka:UBT_5_00562 (length 109)
prokka_UBT_5/UBT_5:Prokka:UBT_5_00563 (length 214)
prokka_UBT_5/UBT_5:Prokka:UBT_5_00564 (length 86)
prokka_UBT_5/UBT_5:Prokka:UBT_5_00565 (length 201)
prokka_UBT_5/UBT_5:Prokka:UBT_5_00566 (length 604)
prokka_UBT_5/UBT_5:Prokka:UBT_5_00567 (length 172)
prokka_UBT_5/UBT_5:Prokka:UBT_5_00568 (length 169)
prokka_UBT_5/UBT_5:Prokka:UBT_5_00569 (length 213)
prokka_UBT_5/UBT_5:Prokka:UBT_5_00570 (length 121)
prokka_UBT_5/UBT_5:Prokka:UBT_5_00571 (length 176)
prokka_UBT_5/UBT_5:Prokka:UBT_5_00572 (length 230)
prokka_UBT_5/UBT_5:Prokka:UBT_5_00573 (length 176)
prokka_UBT_5/UBT_5:Prokka:UBT_5_00574 (length 211)
prokka_UBT_5/UBT_5:Prokka:UBT_5_00575 (length 57)
prokka_UBT_5/UBT_5:Prokka:UBT_5_00576 (length 49)
prokka_UBT_5/UBT_5:Prokka:UBT_5_00577 (length 196)
prokka_UBT_5/UBT_5:Prokka:UBT_5_00578 (length 511)
prokka_UBT_5/UBT_5:Prokka:UBT_5_00579 (length 182)
prokka_UBT_5/UBT_5:Prokka:UBT_5_00580 (length 222)
prokka_UBT_5/UBT_5:Prokka:UBT_5_00581 (length 426)
prokka_UBT_5/UBT_5:Prokka:UBT_5_00582 (length 211)
prokka_UBT_5/UBT_5:Prokka:UBT_5_00584 (length 312)
prokka_UBT_5/UBT_5:Prokka:UBT_5_00585 (length 322)
prokka_UBT_5/UBT_5:Prokka:UBT_5_00586 (length 425)
prokka_UBT_5/UBT_5:Prokka:UBT_5_00587 (length 251)
prokka_UBT_5/UBT_5:Prokka:UBT_5_00588 (length 85)
prokka_UBT_5/UBT_5:Prokka:UBT_5_00589 (length 329)
prokka_UBT_5/UBT_5:Prokka:UBT_5_00590 (length 329)
prokka_UBT_5/UBT_5:Prokka:UBT_5_00591 (length 714)
prokka_UBT_5/UBT_5:Prokka:UBT_5_00592 (length 497)
prokka_UBT_5/UBT_5:Prokka:UBT_5_00593 (length 195)
prokka_UBT_5/UBT_5:Prokka:UBT_5_00594 (length 441)
prokka_UBT_5/UBT_5:Prokka:UBT_5_00595 (length 186)
prokka_UBT_5/UBT_5:Prokka:UBT_5_00596 (length 253)
prokka_UBT_5/UBT_5:Prokka:UBT_5_00597 (length 135)
prokka_UBT_5/UBT_5:Prokka:UBT_5_00598 (length 1220)
prokka_UBT_5/UBT_5:Prokka:UBT_5_00599 (length 1204)
prokka_UBT_5/UBT_5:Prokka:UBT_5_00600 (length 270)
prokka_UBT_5/UBT_5:Prokka:UBT_5_00601 (length 113)
prokka_UBT_5/UBT_5:Prokka:UBT_5_00603 (length 66)
prokka_UBT_5/UBT_5:Prokka:UBT_5_00604 (length 237)
prokka_UBT_5/UBT_5:Prokka:UBT_5_17 (length 50980)
prokka_UBT_5/UBT_5:Prokka:UBT_5_00606 (length 164)
prokka_UBT_5/UBT_5:Prokka:UBT_5_00607 (length 341)
prokka_UBT_5/UBT_5:Prokka:UBT_5_00608 (length 229)
prokka_UBT_5/UBT_5:Prokka:UBT_5_00609 (length 393)
prokka_UBT_5/UBT_5:Prokka:UBT_5_00610 (length 749)
prokka_UBT_5/UBT_5:Prokka:UBT_5_00611 (length 245)
prokka_UBT_5/UBT_5:Prokka:UBT_5_00612 (length 452)
prokka_UBT_5/UBT_5:Prokka:UBT_5_00613 (length 142)
prokka_UBT_5/UBT_5:Prokka:UBT_5_00614 (length 226)
prokka_UBT_5/UBT_5:Prokka:UBT_5_00615 (length 299)
prokka_UBT_5/UBT_5:Prokka:UBT_5_00616 (length 252)
prokka_UBT_5/UBT_5:Prokka:UBT_5_00617 (length 254)
prokka_UBT_5/UBT_5:Prokka:UBT_5_00618 (length 312)
prokka_UBT_5/UBT_5:Prokka:UBT_5_00619 (length 258)
prokka_UBT_5/UBT_5:Prokka:UBT_5_00620 (length 415)
prokka_UBT_5/UBT_5:Prokka:UBT_5_00621 (length 329)
prokka_UBT_5/UBT_5:Prokka:UBT_5_00622 (length 287)
prokka_UBT_5/UBT_5:Prokka:UBT_5_00623 (length 486)
prokka_UBT_5/UBT_5:Prokka:UBT_5_00624 (length 434)
prokka_UBT_5/UBT_5:Prokka:UBT_5_00625 (length 240)
prokka_UBT_5/UBT_5:Prokka:UBT_5_00626 (length 618)
prokka_UBT_5/UBT_5:Prokka:UBT_5_00627 (length 273)
prokka_UBT_5/UBT_5:Prokka:UBT_5_00628 (length 300)
prokka_UBT_5/UBT_5:Prokka:UBT_5_00629 (length 179)
prokka_UBT_5/UBT_5:Prokka:UBT_5_00630 (length 171)
prokka_UBT_5/UBT_5:Prokka:UBT_5_00631 (length 185)
prokka_UBT_5/UBT_5:Prokka:UBT_5_00632 (length 129)
prokka_UBT_5/UBT_5:Prokka:UBT_5_00633 (length 301)
prokka_UBT_5/UBT_5:Prokka:UBT_5_00634 (length 278)
prokka_UBT_5/UBT_5:Prokka:UBT_5_00635 (length 301)
prokka_UBT_5/UBT_5:Prokka:UBT_5_00636 (length 255)
prokka_UBT_5/UBT_5:Prokka:UBT_5_00637 (length 286)
prokka_UBT_5/UBT_5:Prokka:UBT_5_00638 (length 295)
prokka_UBT_5/UBT_5:Prokka:UBT_5_00639 (length 146)
prokka_UBT_5/UBT_5:Prokka:UBT_5_00640 (length 250)
prokka_UBT_5/UBT_5:Prokka:UBT_5_00641 (length 196)
prokka_UBT_5/UBT_5:Prokka:UBT_5_00642 (length 605)
prokka_UBT_5/UBT_5:Prokka:UBT_5_00643 (length 486)
prokka_UBT_5/UBT_5:Prokka:UBT_5_00644 (length 293)
prokka_UBT_5/UBT_5:Prokka:UBT_5_00645 (length 267)
prokka_UBT_5/UBT_5:Prokka:UBT_5_00646 (length 320)
prokka_UBT_5/UBT_5:Prokka:UBT_5_00647 (length 453)
prokka_UBT_5/UBT_5:Prokka:UBT_5_00648 (length 258)
prokka_UBT_5/UBT_5:Prokka:UBT_5_00649 (length 329)
prokka_UBT_5/UBT_5:Prokka:UBT_5_00650 (length 399)
prokka_UBT_5/UBT_5:Prokka:UBT_5_00651 (length 451)
prokka_UBT_5/UBT_5:Prokka:UBT_5_00652 (length 330)
prokka_UBT_5/UBT_5:Prokka:UBT_5_00653 (length 274)
prokka_UBT_5/UBT_5:Prokka:UBT_5_18 (length 10595)
prokka_UBT_5/UBT_5:Prokka:UBT_5_00654 (length 665)
prokka_UBT_5/UBT_5:Prokka:UBT_5_00655 (length 103)
prokka_UBT_5/UBT_5:Prokka:UBT_5_00656 (length 390)
prokka_UBT_5/UBT_5:Prokka:UBT_5_00657 (length 439)
prokka_UBT_5/UBT_5:Prokka:UBT_5_00658 (length 896)
prokka_UBT_5/UBT_5:Prokka:UBT_5_00659 (length 463)
prokka_UBT_5/UBT_5:Prokka:UBT_5_19 (length 87746)
prokka_UBT_5/UBT_5:Prokka:UBT_5_00663 (length 135)
prokka_UBT_5/UBT_5:Prokka:UBT_5_00664 (length 376)
prokka_UBT_5/UBT_5:Prokka:UBT_5_00665 (length 121)
prokka_UBT_5/UBT_5:Prokka:UBT_5_00666 (length 336)
prokka_UBT_5/UBT_5:Prokka:UBT_5_00667 (length 894)
prokka_UBT_5/UBT_5:Prokka:UBT_5_00668 (length 225)
prokka_UBT_5/UBT_5:Prokka:UBT_5_00669 (length 324)
prokka_UBT_5/UBT_5:Prokka:UBT_5_00670 (length 386)
prokka_UBT_5/UBT_5:Prokka:UBT_5_00671 (length 116)
prokka_UBT_5/UBT_5:Prokka:UBT_5_00672 (length 348)
prokka_UBT_5/UBT_5:Prokka:UBT_5_00673 (length 417)
prokka_UBT_5/UBT_5:Prokka:UBT_5_00674 (length 393)
prokka_UBT_5/UBT_5:Prokka:UBT_5_00675 (length 331)
prokka_UBT_5/UBT_5:Prokka:UBT_5_00676 (length 306)
prokka_UBT_5/UBT_5:Prokka:UBT_5_00677 (length 404)
prokka_UBT_5/UBT_5:Prokka:UBT_5_00678 (length 314)
prokka_UBT_5/UBT_5:Prokka:UBT_5_00679 (length 238)
prokka_UBT_5/UBT_5:Prokka:UBT_5_00680 (length 301)
prokka_UBT_5/UBT_5:Prokka:UBT_5_00681 (length 463)
prokka_UBT_5/UBT_5:Prokka:UBT_5_00682 (length 153)
prokka_UBT_5/UBT_5:Prokka:UBT_5_00683 (length 203)
prokka_UBT_5/UBT_5:Prokka:UBT_5_00684 (length 100)
prokka_UBT_5/UBT_5:Prokka:UBT_5_00686 (length 386)
prokka_UBT_5/UBT_5:Prokka:UBT_5_00687 (length 283)
prokka_UBT_5/UBT_5:Prokka:UBT_5_00688 (length 69)
prokka_UBT_5/UBT_5:Prokka:UBT_5_00689 (length 317)
prokka_UBT_5/UBT_5:Prokka:UBT_5_00690 (length 239)
prokka_UBT_5/UBT_5:Prokka:UBT_5_00691 (length 253)
prokka_UBT_5/UBT_5:Prokka:UBT_5_00692 (length 300)
prokka_UBT_5/UBT_5:Prokka:UBT_5_00693 (length 67)
prokka_UBT_5/UBT_5:Prokka:UBT_5_00694 (length 366)
prokka_UBT_5/UBT_5:Prokka:UBT_5_00695 (length 234)
prokka_UBT_5/UBT_5:Prokka:UBT_5_00696 (length 229)
prokka_UBT_5/UBT_5:Prokka:UBT_5_00697 (length 369)
prokka_UBT_5/UBT_5:Prokka:UBT_5_00698 (length 425)
prokka_UBT_5/UBT_5:Prokka:UBT_5_00699 (length 233)
prokka_UBT_5/UBT_5:Prokka:UBT_5_00700 (length 450)
prokka_UBT_5/UBT_5:Prokka:UBT_5_00701 (length 318)
prokka_UBT_5/UBT_5:Prokka:UBT_5_00702 (length 338)
prokka_UBT_5/UBT_5:Prokka:UBT_5_00703 (length 107)
prokka_UBT_5/UBT_5:Prokka:UBT_5_00704 (length 131)
prokka_UBT_5/UBT_5:Prokka:UBT_5_00705 (length 67)
prokka_UBT_5/UBT_5:Prokka:UBT_5_00706 (length 156)
prokka_UBT_5/UBT_5:Prokka:UBT_5_00707 (length 98)
prokka_UBT_5/UBT_5:Prokka:UBT_5_00708 (length 336)
prokka_UBT_5/UBT_5:Prokka:UBT_5_00709 (length 448)
prokka_UBT_5/UBT_5:Prokka:UBT_5_00710 (length 440)
prokka_UBT_5/UBT_5:Prokka:UBT_5_00711 (length 318)
prokka_UBT_5/UBT_5:Prokka:UBT_5_00712 (length 160)
prokka_UBT_5/UBT_5:Prokka:UBT_5_00713 (length 869)
prokka_UBT_5/UBT_5:Prokka:UBT_5_00714 (length 682)
prokka_UBT_5/UBT_5:Prokka:UBT_5_00715 (length 205)
prokka_UBT_5/UBT_5:Prokka:UBT_5_00716 (length 385)
prokka_UBT_5/UBT_5:Prokka:UBT_5_00717 (length 389)
prokka_UBT_5/UBT_5:Prokka:UBT_5_00718 (length 98)
prokka_UBT_5/UBT_5:Prokka:UBT_5_00719 (length 167)
prokka_UBT_5/UBT_5:Prokka:UBT_5_00720 (length 174)
prokka_UBT_5/UBT_5:Prokka:UBT_5_00721 (length 259)
prokka_UBT_5/UBT_5:Prokka:UBT_5_00722 (length 276)
prokka_UBT_5/UBT_5:Prokka:UBT_5_00723 (length 212)
prokka_UBT_5/UBT_5:Prokka:UBT_5_00724 (length 278)
prokka_UBT_5/UBT_5:Prokka:UBT_5_00725 (length 599)
prokka_UBT_5/UBT_5:Prokka:UBT_5_00726 (length 309)
prokka_UBT_5/UBT_5:Prokka:UBT_5_00727 (length 271)
prokka_UBT_5/UBT_5:Prokka:UBT_5_00728 (length 415)
prokka_UBT_5/UBT_5:Prokka:UBT_5_00729 (length 330)
prokka_UBT_5/UBT_5:Prokka:UBT_5_00730 (length 360)
prokka_UBT_5/UBT_5:Prokka:UBT_5_00731 (length 293)
prokka_UBT_5/UBT_5:Prokka:UBT_5_00732 (length 245)
prokka_UBT_5/UBT_5:Prokka:UBT_5_00733 (length 232)
prokka_UBT_5/UBT_5:Prokka:UBT_5_00734 (length 264)
prokka_UBT_5/UBT_5:Prokka:UBT_5_00735 (length 218)
prokka_UBT_5/UBT_5:Prokka:UBT_5_00736 (length 705)
prokka_UBT_5/UBT_5:Prokka:UBT_5_00737 (length 326)
prokka_UBT_5/UBT_5:Prokka:UBT_5_00738 (length 339)
prokka_UBT_5/UBT_5:Prokka:UBT_5_00739 (length 269)
prokka_UBT_5/UBT_5:Prokka:UBT_5_00740 (length 148)
prokka_UBT_5/UBT_5:Prokka:UBT_5_00741 (length 155)
prokka_UBT_5/UBT_5:Prokka:UBT_5_00742 (length 322)
prokka_UBT_5/UBT_5:Prokka:UBT_5_00743 (length 79)
prokka_UBT_5/UBT_5:Prokka:UBT_5_00744 (length 322)
prokka_UBT_5/UBT_5:Prokka:UBT_5_00745 (length 316)
prokka_UBT_5/UBT_5:Prokka:UBT_5_00746 (length 243)
prokka_UBT_5/UBT_5:Prokka:UBT_5_00747 (length 420)
prokka_UBT_5/UBT_5:Prokka:UBT_5_00748 (length 154)
prokka_UBT_5/UBT_5:Prokka:UBT_5_00749 (length 143)
prokka_UBT_5/UBT_5:Prokka:UBT_5_00750 (length 458)
prokka_UBT_5/UBT_5:Prokka:UBT_5_00751 (length 279)
prokka_UBT_5/UBT_5:Prokka:UBT_5_00752 (length 266)
prokka_UBT_5/UBT_5:Prokka:UBT_5_20 (length 11912)
prokka_UBT_5/UBT_5:Prokka:UBT_5_00754 (length 340)
prokka_UBT_5/UBT_5:Prokka:UBT_5_00755 (length 397)
prokka_UBT_5/UBT_5:Prokka:UBT_5_00756 (length 207)
prokka_UBT_5/UBT_5:Prokka:UBT_5_00757 (length 181)
prokka_UBT_5/UBT_5:Prokka:UBT_5_00758 (length 282)
prokka_UBT_5/UBT_5:Prokka:UBT_5_00759 (length 161)
prokka_UBT_5/UBT_5:Prokka:UBT_5_00760 (length 319)
prokka_UBT_5/UBT_5:Prokka:UBT_5_00761 (length 166)
prokka_UBT_5/UBT_5:Prokka:UBT_5_00762 (length 325)
prokka_UBT_5/UBT_5:Prokka:UBT_5_00763 (length 352)
prokka_UBT_5/UBT_5:Prokka:UBT_5_00764 (length 575)
prokka_UBT_5/UBT_5:Prokka:UBT_5_00765 (length 101)
prokka_UBT_5/UBT_5:Prokka:UBT_5_21 (length 38227)
prokka_UBT_5/UBT_5:Prokka:UBT_5_00766 (length 260)
prokka_UBT_5/UBT_5:Prokka:UBT_5_00767 (length 268)
prokka_UBT_5/UBT_5:Prokka:UBT_5_00768 (length 285)
prokka_UBT_5/UBT_5:Prokka:UBT_5_00769 (length 273)
prokka_UBT_5/UBT_5:Prokka:UBT_5_00770 (length 556)
prokka_UBT_5/UBT_5:Prokka:UBT_5_00771 (length 332)
prokka_UBT_5/UBT_5:Prokka:UBT_5_00772 (length 127)
prokka_UBT_5/UBT_5:Prokka:UBT_5_00773 (length 314)
prokka_UBT_5/UBT_5:Prokka:UBT_5_00774 (length 128)
prokka_UBT_5/UBT_5:Prokka:UBT_5_00775 (length 123)
prokka_UBT_5/UBT_5:Prokka:UBT_5_00776 (length 71)
prokka_UBT_5/UBT_5:Prokka:UBT_5_00777 (length 187)
prokka_UBT_5/UBT_5:Prokka:UBT_5_00778 (length 444)
prokka_UBT_5/UBT_5:Prokka:UBT_5_00779 (length 144)
prokka_UBT_5/UBT_5:Prokka:UBT_5_00780 (length 60)
prokka_UBT_5/UBT_5:Prokka:UBT_5_00781 (length 168)
prokka_UBT_5/UBT_5:Prokka:UBT_5_00782 (length 117)
prokka_UBT_5/UBT_5:Prokka:UBT_5_00783 (length 178)
prokka_UBT_5/UBT_5:Prokka:UBT_5_00784 (length 132)
prokka_UBT_5/UBT_5:Prokka:UBT_5_00785 (length 180)
prokka_UBT_5/UBT_5:Prokka:UBT_5_00786 (length 102)
prokka_UBT_5/UBT_5:Prokka:UBT_5_00787 (length 122)
prokka_UBT_5/UBT_5:Prokka:UBT_5_00788 (length 88)
prokka_UBT_5/UBT_5:Prokka:UBT_5_00789 (length 68)
prokka_UBT_5/UBT_5:Prokka:UBT_5_00790 (length 137)
prokka_UBT_5/UBT_5:Prokka:UBT_5_00791 (length 223)
prokka_UBT_5/UBT_5:Prokka:UBT_5_00792 (length 118)
prokka_UBT_5/UBT_5:Prokka:UBT_5_00793 (length 93)
prokka_UBT_5/UBT_5:Prokka:UBT_5_00794 (length 277)
prokka_UBT_5/UBT_5:Prokka:UBT_5_00795 (length 95)
prokka_UBT_5/UBT_5:Prokka:UBT_5_00796 (length 207)
prokka_UBT_5/UBT_5:Prokka:UBT_5_00797 (length 227)
prokka_UBT_5/UBT_5:Prokka:UBT_5_00798 (length 102)
prokka_UBT_5/UBT_5:Prokka:UBT_5_00799 (length 359)
prokka_UBT_5/UBT_5:Prokka:UBT_5_00800 (length 275)
prokka_UBT_5/UBT_5:Prokka:UBT_5_00801 (length 276)
prokka_UBT_5/UBT_5:Prokka:UBT_5_00802 (length 394)
prokka_UBT_5/UBT_5:Prokka:UBT_5_00803 (length 396)
prokka_UBT_5/UBT_5:Prokka:UBT_5_00804 (length 703)
prokka_UBT_5/UBT_5:Prokka:UBT_5_00805 (length 156)
prokka_UBT_5/UBT_5:Prokka:UBT_5_00806 (length 137)
prokka_UBT_5/UBT_5:Prokka:UBT_5_00807 (length 225)
prokka_UBT_5/UBT_5:Prokka:UBT_5_00808 (length 821)
prokka_UBT_5/UBT_5:Prokka:UBT_5_00809 (length 372)
prokka_UBT_5/UBT_5:Prokka:UBT_5_00810 (length 804)
prokka_UBT_5/UBT_5:Prokka:UBT_5_00811 (length 436)
prokka_UBT_5/UBT_5:Prokka:UBT_5_22 (length 82431)
prokka_UBT_5/UBT_5:Prokka:UBT_5_00813 (length 86)
prokka_UBT_5/UBT_5:Prokka:UBT_5_00814 (length 345)
prokka_UBT_5/UBT_5:Prokka:UBT_5_00815 (length 279)
prokka_UBT_5/UBT_5:Prokka:UBT_5_00816 (length 564)
prokka_UBT_5/UBT_5:Prokka:UBT_5_00817 (length 42)
prokka_UBT_5/UBT_5:Prokka:UBT_5_00818 (length 185)
prokka_UBT_5/UBT_5:Prokka:UBT_5_00819 (length 353)
prokka_UBT_5/UBT_5:Prokka:UBT_5_00820 (length 478)
prokka_UBT_5/UBT_5:Prokka:UBT_5_00821 (length 445)
prokka_UBT_5/UBT_5:Prokka:UBT_5_00822 (length 363)
prokka_UBT_5/UBT_5:Prokka:UBT_5_00823 (length 474)
prokka_UBT_5/UBT_5:Prokka:UBT_5_00824 (length 460)
prokka_UBT_5/UBT_5:Prokka:UBT_5_00825 (length 540)
prokka_UBT_5/UBT_5:Prokka:UBT_5_00826 (length 240)
prokka_UBT_5/UBT_5:Prokka:UBT_5_00827 (length 354)
prokka_UBT_5/UBT_5:Prokka:UBT_5_00828 (length 174)
prokka_UBT_5/UBT_5:Prokka:UBT_5_00829 (length 322)
prokka_UBT_5/UBT_5:Prokka:UBT_5_00830 (length 654)
prokka_UBT_5/UBT_5:Prokka:UBT_5_00831 (length 190)
prokka_UBT_5/UBT_5:Prokka:UBT_5_00832 (length 237)
prokka_UBT_5/UBT_5:Prokka:UBT_5_00833 (length 194)
prokka_UBT_5/UBT_5:Prokka:UBT_5_00834 (length 192)
prokka_UBT_5/UBT_5:Prokka:UBT_5_00835 (length 265)
prokka_UBT_5/UBT_5:Prokka:UBT_5_00836 (length 300)
prokka_UBT_5/UBT_5:Prokka:UBT_5_00837 (length 454)
prokka_UBT_5/UBT_5:Prokka:UBT_5_00838 (length 326)
prokka_UBT_5/UBT_5:Prokka:UBT_5_00839 (length 410)
prokka_UBT_5/UBT_5:Prokka:UBT_5_00840 (length 462)
prokka_UBT_5/UBT_5:Prokka:UBT_5_00841 (length 338)
prokka_UBT_5/UBT_5:Prokka:UBT_5_00842 (length 447)
prokka_UBT_5/UBT_5:Prokka:UBT_5_00843 (length 565)
prokka_UBT_5/UBT_5:Prokka:UBT_5_00844 (length 211)
prokka_UBT_5/UBT_5:Prokka:UBT_5_00845 (length 56)
prokka_UBT_5/UBT_5:Prokka:UBT_5_00846 (length 271)
prokka_UBT_5/UBT_5:Prokka:UBT_5_00847 (length 178)
prokka_UBT_5/UBT_5:Prokka:UBT_5_00848 (length 225)
prokka_UBT_5/UBT_5:Prokka:UBT_5_00849 (length 182)
prokka_UBT_5/UBT_5:Prokka:UBT_5_00850 (length 458)
prokka_UBT_5/UBT_5:Prokka:UBT_5_00851 (length 111)
prokka_UBT_5/UBT_5:Prokka:UBT_5_00852 (length 433)
prokka_UBT_5/UBT_5:Prokka:UBT_5_00853 (length 234)
prokka_UBT_5/UBT_5:Prokka:UBT_5_00854 (length 387)
prokka_UBT_5/UBT_5:Prokka:UBT_5_00855 (length 291)
prokka_UBT_5/UBT_5:Prokka:UBT_5_00856 (length 241)
prokka_UBT_5/UBT_5:Prokka:UBT_5_00857 (length 272)
prokka_UBT_5/UBT_5:Prokka:UBT_5_00858 (length 90)
prokka_UBT_5/UBT_5:Prokka:UBT_5_00859 (length 189)
prokka_UBT_5/UBT_5:Prokka:UBT_5_00860 (length 1171)
prokka_UBT_5/UBT_5:Prokka:UBT_5_00861 (length 1236)
prokka_UBT_5/UBT_5:Prokka:UBT_5_00862 (length 229)
prokka_UBT_5/UBT_5:Prokka:UBT_5_00863 (length 70)
prokka_UBT_5/UBT_5:Prokka:UBT_5_00864 (length 319)
prokka_UBT_5/UBT_5:Prokka:UBT_5_00865 (length 262)
prokka_UBT_5/UBT_5:Prokka:UBT_5_00866 (length 211)
prokka_UBT_5/UBT_5:Prokka:UBT_5_00867 (length 260)
prokka_UBT_5/UBT_5:Prokka:UBT_5_00868 (length 524)
prokka_UBT_5/UBT_5:Prokka:UBT_5_00869 (length 396)
prokka_UBT_5/UBT_5:Prokka:UBT_5_00870 (length 314)
prokka_UBT_5/UBT_5:Prokka:UBT_5_00871 (length 143)
prokka_UBT_5/UBT_5:Prokka:UBT_5_00872 (length 318)
prokka_UBT_5/UBT_5:Prokka:UBT_5_00873 (length 511)
prokka_UBT_5/UBT_5:Prokka:UBT_5_00874 (length 74)
prokka_UBT_5/UBT_5:Prokka:UBT_5_00875 (length 183)
prokka_UBT_5/UBT_5:Prokka:UBT_5_00876 (length 98)
prokka_UBT_5/UBT_5:Prokka:UBT_5_00877 (length 224)
prokka_UBT_5/UBT_5:Prokka:UBT_5_00878 (length 218)
prokka_UBT_5/UBT_5:Prokka:UBT_5_00879 (length 46)
prokka_UBT_5/UBT_5:Prokka:UBT_5_00880 (length 444)
prokka_UBT_5/UBT_5:Prokka:UBT_5_00881 (length 239)
prokka_UBT_5/UBT_5:Prokka:UBT_5_00882 (length 893)
prokka_UBT_5/UBT_5:Prokka:UBT_5_00883 (length 111)
prokka_UBT_5/UBT_5:Prokka:UBT_5_00884 (length 448)
prokka_UBT_5/UBT_5:Prokka:UBT_5_00885 (length 326)
prokka_UBT_5/UBT_5:Prokka:UBT_5_00886 (length 61)
prokka_UBT_5/UBT_5:Prokka:UBT_5_00887 (length 324)
prokka_UBT_5/UBT_5:Prokka:UBT_5_00888 (length 652)
prokka_UBT_5/UBT_5:Prokka:UBT_5_00889 (length 422)
prokka_UBT_5/UBT_5:Prokka:UBT_5_23 (length 11907)
prokka_UBT_5/UBT_5:Prokka:UBT_5_00890 (length 151)
prokka_UBT_5/UBT_5:Prokka:UBT_5_00891 (length 609)
prokka_UBT_5/UBT_5:Prokka:UBT_5_00892 (length 282)
prokka_UBT_5/UBT_5:Prokka:UBT_5_00893 (length 494)
prokka_UBT_5/UBT_5:Prokka:UBT_5_00894 (length 301)
prokka_UBT_5/UBT_5:Prokka:UBT_5_00895 (length 348)
prokka_UBT_5/UBT_5:Prokka:UBT_5_00896 (length 404)
prokka_UBT_5/UBT_5:Prokka:UBT_5_00897 (length 290)
prokka_UBT_5/UBT_5:Prokka:UBT_5_00898 (length 166)
prokka_UBT_5/UBT_5:Prokka:UBT_5_00899 (length 366)
prokka_UBT_5/UBT_5:Prokka:UBT_5_24 (length 2554)
prokka_UBT_5/UBT_5:Prokka:UBT_5_00900 (length 608)
prokka_UBT_5/UBT_5:Prokka:UBT_5_00901 (length 192)
prokka_UBT_5/UBT_5:Prokka:UBT_5_25 (length 154517)
prokka_UBT_5/UBT_5:Prokka:UBT_5_00902 (length 143)
prokka_UBT_5/UBT_5:Prokka:UBT_5_00903 (length 211)
prokka_UBT_5/UBT_5:Prokka:UBT_5_00904 (length 457)
prokka_UBT_5/UBT_5:Prokka:UBT_5_00905 (length 653)
prokka_UBT_5/UBT_5:Prokka:UBT_5_00906 (length 40)
prokka_UBT_5/UBT_5:Prokka:UBT_5_00907 (length 239)
prokka_UBT_5/UBT_5:Prokka:UBT_5_00908 (length 150)
prokka_UBT_5/UBT_5:Prokka:UBT_5_00909 (length 240)
prokka_UBT_5/UBT_5:Prokka:UBT_5_00910 (length 162)
prokka_UBT_5/UBT_5:Prokka:UBT_5_00911 (length 392)
prokka_UBT_5/UBT_5:Prokka:UBT_5_00912 (length 363)
prokka_UBT_5/UBT_5:Prokka:UBT_5_00914 (length 39)
prokka_UBT_5/UBT_5:Prokka:UBT_5_00915 (length 591)
prokka_UBT_5/UBT_5:Prokka:UBT_5_00916 (length 77)
prokka_UBT_5/UBT_5:Prokka:UBT_5_00917 (length 328)
prokka_UBT_5/UBT_5:Prokka:UBT_5_00918 (length 219)
prokka_UBT_5/UBT_5:Prokka:UBT_5_00919 (length 179)
prokka_UBT_5/UBT_5:Prokka:UBT_5_00920 (length 304)
prokka_UBT_5/UBT_5:Prokka:UBT_5_00921 (length 470)
prokka_UBT_5/UBT_5:Prokka:UBT_5_00922 (length 242)
prokka_UBT_5/UBT_5:Prokka:UBT_5_00923 (length 261)
prokka_UBT_5/UBT_5:Prokka:UBT_5_00924 (length 326)
prokka_UBT_5/UBT_5:Prokka:UBT_5_00925 (length 292)
prokka_UBT_5/UBT_5:Prokka:UBT_5_00926 (length 390)
prokka_UBT_5/UBT_5:Prokka:UBT_5_00927 (length 380)
prokka_UBT_5/UBT_5:Prokka:UBT_5_00928 (length 209)
prokka_UBT_5/UBT_5:Prokka:UBT_5_00929 (length 454)
prokka_UBT_5/UBT_5:Prokka:UBT_5_00930 (length 267)
prokka_UBT_5/UBT_5:Prokka:UBT_5_00932 (length 204)
prokka_UBT_5/UBT_5:Prokka:UBT_5_00933 (length 106)
prokka_UBT_5/UBT_5:Prokka:UBT_5_00934 (length 106)
prokka_UBT_5/UBT_5:Prokka:UBT_5_00935 (length 930)
prokka_UBT_5/UBT_5:Prokka:UBT_5_00936 (length 226)
prokka_UBT_5/UBT_5:Prokka:UBT_5_00937 (length 263)
prokka_UBT_5/UBT_5:Prokka:UBT_5_00938 (length 87)
prokka_UBT_5/UBT_5:Prokka:UBT_5_00939 (length 156)
prokka_UBT_5/UBT_5:Prokka:UBT_5_00940 (length 437)
prokka_UBT_5/UBT_5:Prokka:UBT_5_00941 (length 457)
prokka_UBT_5/UBT_5:Prokka:UBT_5_00942 (length 235)
prokka_UBT_5/UBT_5:Prokka:UBT_5_00943 (length 369)
prokka_UBT_5/UBT_5:Prokka:UBT_5_00944 (length 449)
prokka_UBT_5/UBT_5:Prokka:UBT_5_00945 (length 320)
prokka_UBT_5/UBT_5:Prokka:UBT_5_00946 (length 726)
prokka_UBT_5/UBT_5:Prokka:UBT_5_00947 (length 118)
prokka_UBT_5/UBT_5:Prokka:UBT_5_00948 (length 313)
prokka_UBT_5/UBT_5:Prokka:UBT_5_00949 (length 143)
prokka_UBT_5/UBT_5:Prokka:UBT_5_00950 (length 114)
prokka_UBT_5/UBT_5:Prokka:UBT_5_00951 (length 68)
prokka_UBT_5/UBT_5:Prokka:UBT_5_00952 (length 565)
prokka_UBT_5/UBT_5:Prokka:UBT_5_00953 (length 119)
prokka_UBT_5/UBT_5:Prokka:UBT_5_00954 (length 66)
prokka_UBT_5/UBT_5:Prokka:UBT_5_00955 (length 104)
prokka_UBT_5/UBT_5:Prokka:UBT_5_00956 (length 212)
prokka_UBT_5/UBT_5:Prokka:UBT_5_00957 (length 218)
prokka_UBT_5/UBT_5:Prokka:UBT_5_00958 (length 301)
prokka_UBT_5/UBT_5:Prokka:UBT_5_00959 (length 630)
prokka_UBT_5/UBT_5:Prokka:UBT_5_00960 (length 248)
prokka_UBT_5/UBT_5:Prokka:UBT_5_00961 (length 450)
prokka_UBT_5/UBT_5:Prokka:UBT_5_00962 (length 323)
prokka_UBT_5/UBT_5:Prokka:UBT_5_00963 (length 806)
prokka_UBT_5/UBT_5:Prokka:UBT_5_00964 (length 194)
prokka_UBT_5/UBT_5:Prokka:UBT_5_00965 (length 415)
prokka_UBT_5/UBT_5:Prokka:UBT_5_00966 (length 431)
prokka_UBT_5/UBT_5:Prokka:UBT_5_00967 (length 447)
prokka_UBT_5/UBT_5:Prokka:UBT_5_00968 (length 258)
prokka_UBT_5/UBT_5:Prokka:UBT_5_00969 (length 382)
prokka_UBT_5/UBT_5:Prokka:UBT_5_00970 (length 471)
prokka_UBT_5/UBT_5:Prokka:UBT_5_00971 (length 53)
prokka_UBT_5/UBT_5:Prokka:UBT_5_00972 (length 277)
prokka_UBT_5/UBT_5:Prokka:UBT_5_00973 (length 274)
prokka_UBT_5/UBT_5:Prokka:UBT_5_00974 (length 177)
prokka_UBT_5/UBT_5:Prokka:UBT_5_00975 (length 167)
prokka_UBT_5/UBT_5:Prokka:UBT_5_00976 (length 149)
prokka_UBT_5/UBT_5:Prokka:UBT_5_00977 (length 449)
prokka_UBT_5/UBT_5:Prokka:UBT_5_00978 (length 275)
prokka_UBT_5/UBT_5:Prokka:UBT_5_00979 (length 229)
prokka_UBT_5/UBT_5:Prokka:UBT_5_00980 (length 360)
prokka_UBT_5/UBT_5:Prokka:UBT_5_00981 (length 158)
prokka_UBT_5/UBT_5:Prokka:UBT_5_00982 (length 191)
prokka_UBT_5/UBT_5:Prokka:UBT_5_00983 (length 95)
prokka_UBT_5/UBT_5:Prokka:UBT_5_00984 (length 394)
prokka_UBT_5/UBT_5:Prokka:UBT_5_00985 (length 358)
prokka_UBT_5/UBT_5:Prokka:UBT_5_00986 (length 226)
prokka_UBT_5/UBT_5:Prokka:UBT_5_00987 (length 435)
prokka_UBT_5/UBT_5:Prokka:UBT_5_00988 (length 561)
prokka_UBT_5/UBT_5:Prokka:UBT_5_00989 (length 152)
prokka_UBT_5/UBT_5:Prokka:UBT_5_00990 (length 280)
prokka_UBT_5/UBT_5:Prokka:UBT_5_00991 (length 304)
prokka_UBT_5/UBT_5:Prokka:UBT_5_00992 (length 74)
prokka_UBT_5/UBT_5:Prokka:UBT_5_00993 (length 428)
prokka_UBT_5/UBT_5:Prokka:UBT_5_00994 (length 380)
prokka_UBT_5/UBT_5:Prokka:UBT_5_00995 (length 681)
prokka_UBT_5/UBT_5:Prokka:UBT_5_00996 (length 749)
prokka_UBT_5/UBT_5:Prokka:UBT_5_00997 (length 209)
prokka_UBT_5/UBT_5:Prokka:UBT_5_00998 (length 574)
prokka_UBT_5/UBT_5:Prokka:UBT_5_00999 (length 575)
prokka_UBT_5/UBT_5:Prokka:UBT_5_01000 (length 337)
prokka_UBT_5/UBT_5:Prokka:UBT_5_01001 (length 490)
prokka_UBT_5/UBT_5:Prokka:UBT_5_01002 (length 98)
prokka_UBT_5/UBT_5:Prokka:UBT_5_01003 (length 143)
prokka_UBT_5/UBT_5:Prokka:UBT_5_01004 (length 83)
prokka_UBT_5/UBT_5:Prokka:UBT_5_01005 (length 894)
prokka_UBT_5/UBT_5:Prokka:UBT_5_01006 (length 444)
prokka_UBT_5/UBT_5:Prokka:UBT_5_01007 (length 475)
prokka_UBT_5/UBT_5:Prokka:UBT_5_01008 (length 456)
prokka_UBT_5/UBT_5:Prokka:UBT_5_01009 (length 512)
prokka_UBT_5/UBT_5:Prokka:UBT_5_01010 (length 302)
prokka_UBT_5/UBT_5:Prokka:UBT_5_01011 (length 283)
prokka_UBT_5/UBT_5:Prokka:UBT_5_01012 (length 210)
prokka_UBT_5/UBT_5:Prokka:UBT_5_01013 (length 240)
prokka_UBT_5/UBT_5:Prokka:UBT_5_01014 (length 618)
prokka_UBT_5/UBT_5:Prokka:UBT_5_01015 (length 335)
prokka_UBT_5/UBT_5:Prokka:UBT_5_01016 (length 366)
prokka_UBT_5/UBT_5:Prokka:UBT_5_01017 (length 244)
prokka_UBT_5/UBT_5:Prokka:UBT_5_01018 (length 66)
prokka_UBT_5/UBT_5:Prokka:UBT_5_01019 (length 276)
prokka_UBT_5/UBT_5:Prokka:UBT_5_01020 (length 151)
prokka_UBT_5/UBT_5:Prokka:UBT_5_01021 (length 504)
prokka_UBT_5/UBT_5:Prokka:UBT_5_01022 (length 447)
prokka_UBT_5/UBT_5:Prokka:UBT_5_01023 (length 160)
prokka_UBT_5/UBT_5:Prokka:UBT_5_01024 (length 83)
prokka_UBT_5/UBT_5:Prokka:UBT_5_01025 (length 341)
prokka_UBT_5/UBT_5:Prokka:UBT_5_01026 (length 460)
prokka_UBT_5/UBT_5:Prokka:UBT_5_01027 (length 41)
prokka_UBT_5/UBT_5:Prokka:UBT_5_01029 (length 193)
prokka_UBT_5/UBT_5:Prokka:UBT_5_01030 (length 149)
prokka_UBT_5/UBT_5:Prokka:UBT_5_01031 (length 451)
prokka_UBT_5/UBT_5:Prokka:UBT_5_01032 (length 220)
prokka_UBT_5/UBT_5:Prokka:UBT_5_01033 (length 421)
prokka_UBT_5/UBT_5:Prokka:UBT_5_01034 (length 844)
prokka_UBT_5/UBT_5:Prokka:UBT_5_01035 (length 697)
prokka_UBT_5/UBT_5:Prokka:UBT_5_01036 (length 294)
prokka_UBT_5/UBT_5:Prokka:UBT_5_01037 (length 251)
prokka_UBT_5/UBT_5:Prokka:UBT_5_01038 (length 60)
prokka_UBT_5/UBT_5:Prokka:UBT_5_01039 (length 203)
prokka_UBT_5/UBT_5:Prokka:UBT_5_01040 (length 580)
prokka_UBT_5/UBT_5:Prokka:UBT_5_01041 (length 256)
prokka_UBT_5/UBT_5:Prokka:UBT_5_01042 (length 117)
prokka_UBT_5/UBT_5:Prokka:UBT_5_01043 (length 131)
prokka_UBT_5/UBT_5:Prokka:UBT_5_01044 (length 188)
prokka_UBT_5/UBT_5:Prokka:UBT_5_01045 (length 560)
prokka_UBT_5/UBT_5:Prokka:UBT_5_01046 (length 267)
prokka_UBT_5/UBT_5:Prokka:UBT_5_01047 (length 469)
prokka_UBT_5/UBT_5:Prokka:UBT_5_01048 (length 440)
prokka_UBT_5/UBT_5:Prokka:UBT_5_01049 (length 326)
prokka_UBT_5/UBT_5:Prokka:UBT_5_01050 (length 378)
prokka_UBT_5/UBT_5:Prokka:UBT_5_01051 (length 336)
prokka_UBT_5/UBT_5:Prokka:UBT_5_01052 (length 133)
prokka_UBT_5/UBT_5:Prokka:UBT_5_01053 (length 227)
prokka_UBT_5/UBT_5:Prokka:UBT_5_01054 (length 144)
prokka_UBT_5/UBT_5:Prokka:UBT_5_26 (length 32436)
prokka_UBT_5/UBT_5:Prokka:UBT_5_01055 (length 401)
prokka_UBT_5/UBT_5:Prokka:UBT_5_01056 (length 170)
prokka_UBT_5/UBT_5:Prokka:UBT_5_01058 (length 445)
prokka_UBT_5/UBT_5:Prokka:UBT_5_01059 (length 193)
prokka_UBT_5/UBT_5:Prokka:UBT_5_01060 (length 469)
prokka_UBT_5/UBT_5:Prokka:UBT_5_01061 (length 220)
prokka_UBT_5/UBT_5:Prokka:UBT_5_01062 (length 223)
prokka_UBT_5/UBT_5:Prokka:UBT_5_01063 (length 1501)
prokka_UBT_5/UBT_5:Prokka:UBT_5_01064 (length 456)
prokka_UBT_5/UBT_5:Prokka:UBT_5_01065 (length 319)
prokka_UBT_5/UBT_5:Prokka:UBT_5_01066 (length 358)
prokka_UBT_5/UBT_5:Prokka:UBT_5_01067 (length 244)
prokka_UBT_5/UBT_5:Prokka:UBT_5_01068 (length 417)
prokka_UBT_5/UBT_5:Prokka:UBT_5_01069 (length 235)
prokka_UBT_5/UBT_5:Prokka:UBT_5_01070 (length 184)
prokka_UBT_5/UBT_5:Prokka:UBT_5_01071 (length 399)
prokka_UBT_5/UBT_5:Prokka:UBT_5_01072 (length 98)
prokka_UBT_5/UBT_5:Prokka:UBT_5_01073 (length 692)
prokka_UBT_5/UBT_5:Prokka:UBT_5_01074 (length 132)
prokka_UBT_5/UBT_5:Prokka:UBT_5_01075 (length 155)
prokka_UBT_5/UBT_5:Prokka:UBT_5_01076 (length 248)
prokka_UBT_5/UBT_5:Prokka:UBT_5_01077 (length 290)
prokka_UBT_5/UBT_5:Prokka:UBT_5_01078 (length 222)
prokka_UBT_5/UBT_5:Prokka:UBT_5_01079 (length 790)
prokka_UBT_5/UBT_5:Prokka:UBT_5_01080 (length 673)
prokka_UBT_5/UBT_5:Prokka:UBT_5_01081 (length 232)
prokka_UBT_5/UBT_5:Prokka:UBT_5_01082 (length 107)
prokka_UBT_5/UBT_5:Prokka:UBT_5_27 (length 9301)
prokka_UBT_5/UBT_5:Prokka:UBT_5_01085 (length 400)
prokka_UBT_5/UBT_5:Prokka:UBT_5_01086 (length 257)
prokka_UBT_5/UBT_5:Prokka:UBT_5_01087 (length 142)
prokka_UBT_5/UBT_5:Prokka:UBT_5_01088 (length 267)
prokka_UBT_5/UBT_5:Prokka:UBT_5_01089 (length 147)
prokka_UBT_5/UBT_5:Prokka:UBT_5_01090 (length 733)
prokka_UBT_5/UBT_5:Prokka:UBT_5_01091 (length 355)
prokka_UBT_5/UBT_5:Prokka:UBT_5_01092 (length 160)
prokka_UBT_5/UBT_5:Prokka:UBT_5_28 (length 28176)
prokka_UBT_5/UBT_5:Prokka:UBT_5_01093 (length 326)
prokka_UBT_5/UBT_5:Prokka:UBT_5_01094 (length 316)
prokka_UBT_5/UBT_5:Prokka:UBT_5_01095 (length 269)
prokka_UBT_5/UBT_5:Prokka:UBT_5_01096 (length 304)
prokka_UBT_5/UBT_5:Prokka:UBT_5_01097 (length 125)
prokka_UBT_5/UBT_5:Prokka:UBT_5_01098 (length 277)
prokka_UBT_5/UBT_5:Prokka:UBT_5_01099 (length 94)
prokka_UBT_5/UBT_5:Prokka:UBT_5_01100 (length 539)
prokka_UBT_5/UBT_5:Prokka:UBT_5_01101 (length 136)
prokka_UBT_5/UBT_5:Prokka:UBT_5_01102 (length 147)
prokka_UBT_5/UBT_5:Prokka:UBT_5_01103 (length 214)
prokka_UBT_5/UBT_5:Prokka:UBT_5_01104 (length 295)
prokka_UBT_5/UBT_5:Prokka:UBT_5_01105 (length 331)
prokka_UBT_5/UBT_5:Prokka:UBT_5_01106 (length 81)
prokka_UBT_5/UBT_5:Prokka:UBT_5_01107 (length 469)
prokka_UBT_5/UBT_5:Prokka:UBT_5_01108 (length 566)
prokka_UBT_5/UBT_5:Prokka:UBT_5_01109 (length 215)
prokka_UBT_5/UBT_5:Prokka:UBT_5_01110 (length 213)
prokka_UBT_5/UBT_5:Prokka:UBT_5_01111 (length 1178)
prokka_UBT_5/UBT_5:Prokka:UBT_5_01112 (length 97)
prokka_UBT_5/UBT_5:Prokka:UBT_5_01113 (length 131)
prokka_UBT_5/UBT_5:Prokka:UBT_5_01114 (length 435)
prokka_UBT_5/UBT_5:Prokka:UBT_5_01115 (length 179)
prokka_UBT_5/UBT_5:Prokka:UBT_5_01116 (length 696)
prokka_UBT_5/UBT_5:Prokka:UBT_5_01117 (length 298)
prokka_UBT_5/UBT_5:Prokka:UBT_5_01118 (length 502)

DiscRep_ALL:DISC_INCONSISTENT_MOLINFO_TECH::Molinfo Technique Report (some missing, all same)
DiscRep_SUB:DISC_INCONSISTENT_MOLINFO_TECH::technique (all missing)
DiscRep_SUB:DISC_INCONSISTENT_MOLINFO_TECH::28 Molinfos are missing field technique
prokka_UBT_5/UBT_5:Prokka:UBT_5_1 (length 74477)
prokka_UBT_5/UBT_5:Prokka:UBT_5_2 (length 70376)
prokka_UBT_5/UBT_5:Prokka:UBT_5_3 (length 6801)
prokka_UBT_5/UBT_5:Prokka:UBT_5_4 (length 24408)
prokka_UBT_5/UBT_5:Prokka:UBT_5_5 (length 10405)
prokka_UBT_5/UBT_5:Prokka:UBT_5_6 (length 11055)
prokka_UBT_5/UBT_5:Prokka:UBT_5_7 (length 30759)
prokka_UBT_5/UBT_5:Prokka:UBT_5_8 (length 5053)
prokka_UBT_5/UBT_5:Prokka:UBT_5_9 (length 33539)
prokka_UBT_5/UBT_5:Prokka:UBT_5_10 (length 65531)
prokka_UBT_5/UBT_5:Prokka:UBT_5_11 (length 8926)
prokka_UBT_5/UBT_5:Prokka:UBT_5_12 (length 13844)
prokka_UBT_5/UBT_5:Prokka:UBT_5_13 (length 12200)
prokka_UBT_5/UBT_5:Prokka:UBT_5_14 (length 69481)
prokka_UBT_5/UBT_5:Prokka:UBT_5_15 (length 63423)
prokka_UBT_5/UBT_5:Prokka:UBT_5_16 (length 99371)
prokka_UBT_5/UBT_5:Prokka:UBT_5_17 (length 50980)
prokka_UBT_5/UBT_5:Prokka:UBT_5_18 (length 10595)
prokka_UBT_5/UBT_5:Prokka:UBT_5_19 (length 87746)
prokka_UBT_5/UBT_5:Prokka:UBT_5_20 (length 11912)
prokka_UBT_5/UBT_5:Prokka:UBT_5_21 (length 38227)
prokka_UBT_5/UBT_5:Prokka:UBT_5_22 (length 82431)
prokka_UBT_5/UBT_5:Prokka:UBT_5_23 (length 11907)
prokka_UBT_5/UBT_5:Prokka:UBT_5_24 (length 2554)
prokka_UBT_5/UBT_5:Prokka:UBT_5_25 (length 154517)
prokka_UBT_5/UBT_5:Prokka:UBT_5_26 (length 32436)
prokka_UBT_5/UBT_5:Prokka:UBT_5_27 (length 9301)
prokka_UBT_5/UBT_5:Prokka:UBT_5_28 (length 28176)

