Discrepancy Report Results

Summary
FATAL: BAD_LOCUS_TAG_FORMAT:1269 locus tags are incorrectly formatted.
DISC_SOURCE_QUALS_ASNDISC:strain (all present, all same)
DISC_SOURCE_QUALS_ASNDISC:taxname (all present, all same)
DISC_FEATURE_COUNT:gene: 1269 present
DISC_FEATURE_COUNT:CDS: 1242 present
DISC_FEATURE_COUNT:tRNA: 22 present
DISC_FEATURE_COUNT:rRNA: 4 present
DISC_FEATURE_COUNT:tmRNA: 1 present
DISC_COUNT_NUCLEOTIDES:55 nucleotide Bioseqs are present
OVERLAPPING_GENES:287 genes overlap another gene on the same strand.
OVERLAPPING_CDS:4 coding regions overlap another coding region with a similar or identical name.
SUSPECT_PRODUCT_NAMES:4 product_names contain suspect phrase or characters
	May contain database identifier more appropriate in note; remove from product name
		1 features contains three or more numbers together that may be identifiers more appropriate in note
		1 features Contains underscore
	use protein instead of gene as appropriate
		2 features contains 'genes'
DISC_LONG_NO_ANNOTATION:1 bioseqs are longer than 5000nt and have no features
NO_ANNOTATION:8 bioseqs have no features
DISC_QUALITY_SCORES:Quality scores are missing on all sequences.
FATAL: DISC_SUSPECT_RRNA_PRODUCTS:1 rRNA product names contain suspect phrase
FATAL: DISC_SHORT_RRNA:1 rRNA features are too short
DISC_BAD_BACTERIAL_GENE_NAME:1 bacterial genes do not start with lowercase letters
ONCALLER_COMMENT_PRESENT:55 comment descriptors were found (all same)
SHORT_PROT_SEQUENCES:20 protein sequences are shorter than 50 aa.
MISSING_GENOMEASSEMBLY_COMMENTS:55 bioseqs are missing GenomeAssembly structured comments
MOLTYPE_NOT_MRNA:55 molecule types are not set as mRNA.
TECHNIQUE_NOT_TSA:55 technique are not set as TSA
MISSING_STRUCTURED_COMMENT:55 sequences do not include structured comments.
MISSING_PROJECT:1297 sequences do not include project.
FATAL: RRNA_NAME_CONFLICTS:1 rRNA product names are not standard. Correct the names to the standard format, eg "16S ribosomal RNA"
DISC_INCONSISTENT_MOLINFO_TECH:Molinfo Technique Report (some missing, all same)


Detailed Report

FATAL: DiscRep_ALL:BAD_LOCUS_TAG_FORMAT::1269 locus e incorrectly formattedrmatted.
prokka_FOM_4/FOM_4:Gene	FOM_4_00001	FOM_4_2:20-538	FOM_4_00001
prokka_FOM_4/FOM_4:Gene	FOM_4_00002	FOM_4_2:739-1395	FOM_4_00002
prokka_FOM_4/FOM_4:Gene	FOM_4_00003	FOM_4_3:c675-187	FOM_4_00003
prokka_FOM_4/FOM_4:Gene	FOM_4_00004	FOM_4_3:c1110-760	FOM_4_00004
prokka_FOM_4/FOM_4:Gene	FOM_4_00005	FOM_4_3:c1488-1114	FOM_4_00005
prokka_FOM_4/FOM_4:Gene	FOM_4_00006	FOM_4_3:1661-1966	FOM_4_00006
prokka_FOM_4/FOM_4:Gene	FOM_4_00007	FOM_4_3:c2828-1986	FOM_4_00007
prokka_FOM_4/FOM_4:Gene	FOM_4_00008	FOM_4_3:c3576-2872	FOM_4_00008
prokka_FOM_4/FOM_4:Gene	FOM_4_00009	FOM_4_3:c3910-3581	FOM_4_00009
prokka_FOM_4/FOM_4:Gene	FOM_4_00010	FOM_4_3:4022-4513	FOM_4_00010
prokka_FOM_4/FOM_4:Gene	yecD	FOM_4_3:c5377-4793	FOM_4_00011
prokka_FOM_4/FOM_4:Gene	FOM_4_00012	FOM_4_3:c6145-5498	FOM_4_00012
prokka_FOM_4/FOM_4:Gene	FOM_4_00013	FOM_4_3:c7639-6545	FOM_4_00013
prokka_FOM_4/FOM_4:Gene	sbnD	FOM_4_3:c9048-7786	FOM_4_00014
prokka_FOM_4/FOM_4:Gene	gerN	FOM_4_3:9264-10223	FOM_4_00015
prokka_FOM_4/FOM_4:Gene	FOM_4_00016	FOM_4_3:c10936-10352	FOM_4_00016
prokka_FOM_4/FOM_4:Gene	FOM_4_00017	FOM_4_3:c11559-10951	FOM_4_00017
prokka_FOM_4/FOM_4:Gene	cwlS	FOM_4_3:12136-13062	FOM_4_00018
prokka_FOM_4/FOM_4:Gene	zur	FOM_4_3:c13694-13254	FOM_4_00019
prokka_FOM_4/FOM_4:Gene	FOM_4_00020	FOM_4_3:13834-14754	FOM_4_00020
prokka_FOM_4/FOM_4:Gene	znuB	FOM_4_3:14894-15682	FOM_4_00021
prokka_FOM_4/FOM_4:Gene	FOM_4_00022	FOM_4_3:15862-16662	FOM_4_00022
prokka_FOM_4/FOM_4:Gene	FOM_4_00023	FOM_4_3:16744-17457	FOM_4_00023
prokka_FOM_4/FOM_4:Gene	dtpT_1	FOM_4_3:17850-19358	FOM_4_00024
prokka_FOM_4/FOM_4:Gene	dacA_1	FOM_4_3:c20419-19457	FOM_4_00025
prokka_FOM_4/FOM_4:Gene	dacA_2	FOM_4_3:c21724-20738	FOM_4_00026
prokka_FOM_4/FOM_4:Gene	melR_1	FOM_4_3:c22902-21859	FOM_4_00027
prokka_FOM_4/FOM_4:Gene	melR_2	FOM_4_3:c23963-22920	FOM_4_00028
prokka_FOM_4/FOM_4:Gene	FOM_4_00029	FOM_4_3:c25056-24049	FOM_4_00029
prokka_FOM_4/FOM_4:Gene	lacS_1	FOM_4_3:c25886-25053	FOM_4_00030
prokka_FOM_4/FOM_4:Gene	lacS_2	FOM_4_3:c26558-25893	FOM_4_00031
prokka_FOM_4/FOM_4:Gene	galK	FOM_4_3:c27721-26534	FOM_4_00032
prokka_FOM_4/FOM_4:Gene	glnQ_1	FOM_4_3:c28827-28093	FOM_4_00033
prokka_FOM_4/FOM_4:Gene	mdrP_1	FOM_4_3:c30302-29112	FOM_4_00034
prokka_FOM_4/FOM_4:Gene	FOM_4_00035	FOM_4_3:c32270-30645	FOM_4_00035
prokka_FOM_4/FOM_4:Gene	FOM_4_00036	FOM_4_3:c32862-32482	FOM_4_00036
prokka_FOM_4/FOM_4:Gene	strA_1	FOM_4_3:c33862-33155	FOM_4_00037
prokka_FOM_4/FOM_4:Gene	FOM_4_00038	FOM_4_3:c34711-33944	FOM_4_00038
prokka_FOM_4/FOM_4:Gene	bcrA	FOM_4_3:c35619-34714	FOM_4_00039
prokka_FOM_4/FOM_4:Gene	FOM_4_00040	FOM_4_3:c36587-35862	FOM_4_00040
prokka_FOM_4/FOM_4:Gene	FOM_4_00041	FOM_4_3:c37054-36584	FOM_4_00041
prokka_FOM_4/FOM_4:Gene	FOM_4_00042	FOM_4_3:c37566-37309	FOM_4_00042
prokka_FOM_4/FOM_4:Gene	mltF_1	FOM_4_3:c39237-37735	FOM_4_00043
prokka_FOM_4/FOM_4:Gene	ppx	FOM_4_3:c40654-39680	FOM_4_00044
prokka_FOM_4/FOM_4:Gene	ppk	FOM_4_3:c42845-40695	FOM_4_00045
prokka_FOM_4/FOM_4:Gene	gppA	FOM_4_3:c44362-42845	FOM_4_00046
prokka_FOM_4/FOM_4:Gene	bepA	FOM_4_3:c45902-44631	FOM_4_00047
prokka_FOM_4/FOM_4:Gene	der	FOM_4_3:c47306-45996	FOM_4_00048
prokka_FOM_4/FOM_4:Gene	rps1	FOM_4_3:c48594-47392	FOM_4_00049
prokka_FOM_4/FOM_4:Gene	cmk	FOM_4_3:c49387-48692	FOM_4_00050
prokka_FOM_4/FOM_4:Gene	FOM_4_00051	FOM_4_3:c50088-49414	FOM_4_00051
prokka_FOM_4/FOM_4:Gene	dbpA	FOM_4_3:c51590-50145	FOM_4_00052
prokka_FOM_4/FOM_4:Gene	FOM_4_00053	FOM_4_3:c52629-51577	FOM_4_00053
prokka_FOM_4/FOM_4:Gene	rsmB	FOM_4_3:c54007-52649	FOM_4_00054
prokka_FOM_4/FOM_4:Gene	fmt	FOM_4_3:c54950-54000	FOM_4_00055
prokka_FOM_4/FOM_4:Gene	priA	FOM_4_3:c57456-54967	FOM_4_00056
prokka_FOM_4/FOM_4:Gene	FOM_4_00057	FOM_4_3:57669-58280	FOM_4_00057
prokka_FOM_4/FOM_4:Gene	FOM_4_00058	FOM_4_3:58304-58591	FOM_4_00058
prokka_FOM_4/FOM_4:Gene	FOM_4_00059	FOM_4_3:c59464-59066	FOM_4_00059
prokka_FOM_4/FOM_4:Gene	rsmE	FOM_4_3:c60243-59497	FOM_4_00060
prokka_FOM_4/FOM_4:Gene	prmA	FOM_4_3:c61230-60253	FOM_4_00061
prokka_FOM_4/FOM_4:Gene	FOM_4_00062	FOM_4_3:61490-61681	FOM_4_00062
prokka_FOM_4/FOM_4:Gene	FOM_4_00063	FOM_4_4:28-387	FOM_4_00063
prokka_FOM_4/FOM_4:Gene	FOM_4_00064	FOM_4_4:c1053-730	FOM_4_00064
prokka_FOM_4/FOM_4:Gene	malF	FOM_4_5:20-745	FOM_4_00065
prokka_FOM_4/FOM_4:Gene	FOM_4_00066	FOM_4_7:440-1360	FOM_4_00066
prokka_FOM_4/FOM_4:Gene	FOM_4_00067	FOM_4_7:1372-1815	FOM_4_00067
prokka_FOM_4/FOM_4:Gene	FOM_4_00068	FOM_4_7:1994-2245	FOM_4_00068
prokka_FOM_4/FOM_4:Gene	FOM_4_00069	FOM_4_7:2238-2705	FOM_4_00069
prokka_FOM_4/FOM_4:Gene	secB	FOM_4_7:2715-3158	FOM_4_00070
prokka_FOM_4/FOM_4:Gene	kimA	FOM_4_8:c2211-376	FOM_4_00071
prokka_FOM_4/FOM_4:Gene	FOM_4_00072	FOM_4_8:2436-3071	FOM_4_00072
prokka_FOM_4/FOM_4:Gene	FOM_4_00073	FOM_4_8:c3672-3220	FOM_4_00073
prokka_FOM_4/FOM_4:Gene	FOM_4_00074	FOM_4_8:c5680-3899	FOM_4_00074
prokka_FOM_4/FOM_4:Gene	FOM_4_00075	FOM_4_8:c7394-5682	FOM_4_00075
prokka_FOM_4/FOM_4:Gene	FOM_4_00076	FOM_4_8:c7945-7481	FOM_4_00076
prokka_FOM_4/FOM_4:Gene	FOM_4_00077	FOM_4_8:8087-8416	FOM_4_00077
prokka_FOM_4/FOM_4:Gene	FOM_4_00078	FOM_4_8:8564-8818	FOM_4_00078
prokka_FOM_4/FOM_4:Gene	menH_1	FOM_4_8:c9816-8875	FOM_4_00079
prokka_FOM_4/FOM_4:Gene	FOM_4_00080	FOM_4_8:9986-11794	FOM_4_00080
prokka_FOM_4/FOM_4:Gene	FOM_4_00081	FOM_4_8:11807-12214	FOM_4_00081
prokka_FOM_4/FOM_4:Gene	FOM_4_00082	FOM_4_8:12234-13076	FOM_4_00082
prokka_FOM_4/FOM_4:Gene	pepO	FOM_4_8:c15151-13265	FOM_4_00083
prokka_FOM_4/FOM_4:Gene	oppA	FOM_4_8:c17125-15326	FOM_4_00084
prokka_FOM_4/FOM_4:Gene	FOM_4_00085	FOM_4_8:c19218-17422	FOM_4_00085
prokka_FOM_4/FOM_4:Gene	dppC	FOM_4_8:c20408-19464	FOM_4_00086
prokka_FOM_4/FOM_4:Gene	gsiC	FOM_4_8:c21383-20424	FOM_4_00087
prokka_FOM_4/FOM_4:Gene	oppF	FOM_4_8:c22344-21385	FOM_4_00088
prokka_FOM_4/FOM_4:Gene	oppD	FOM_4_8:c23357-22368	FOM_4_00089
prokka_FOM_4/FOM_4:Gene	glnP	FOM_4_8:c24262-23594	FOM_4_00090
prokka_FOM_4/FOM_4:Gene	glnM	FOM_4_8:c24912-24277	FOM_4_00091
prokka_FOM_4/FOM_4:Gene	glnH	FOM_4_8:c25744-24905	FOM_4_00092
prokka_FOM_4/FOM_4:Gene	glnQ_2	FOM_4_8:c26515-25778	FOM_4_00093
prokka_FOM_4/FOM_4:Gene	FOM_4_00094	FOM_4_8:c27489-26692	FOM_4_00094
prokka_FOM_4/FOM_4:Gene	FOM_4_00095	FOM_4_8:c27993-27511	FOM_4_00095
prokka_FOM_4/FOM_4:Gene	gmk	FOM_4_8:c28644-28078	FOM_4_00096
prokka_FOM_4/FOM_4:Gene	yhdG_1	FOM_4_8:c30270-28867	FOM_4_00097
prokka_FOM_4/FOM_4:Gene	pepX	FOM_4_8:30689-33094	FOM_4_00098
prokka_FOM_4/FOM_4:Gene	bioY2	FOM_4_8:c33742-33194	FOM_4_00099
prokka_FOM_4/FOM_4:Gene	birA	FOM_4_8:c34697-33735	FOM_4_00100
prokka_FOM_4/FOM_4:Gene	fpaP	FOM_4_8:c35724-34819	FOM_4_00101
prokka_FOM_4/FOM_4:Gene	FOM_4_00102	FOM_4_8:35852-36706	FOM_4_00102
prokka_FOM_4/FOM_4:Gene	FOM_4_00103	FOM_4_8:c37563-36931	FOM_4_00103
prokka_FOM_4/FOM_4:Gene	FOM_4_00104	FOM_4_8:c38017-37568	FOM_4_00104
prokka_FOM_4/FOM_4:Gene	FOM_4_00105	FOM_4_8:c38531-38106	FOM_4_00105
prokka_FOM_4/FOM_4:Gene	alr	FOM_4_8:c39654-38533	FOM_4_00106
prokka_FOM_4/FOM_4:Gene	acpS	FOM_4_8:c40036-39680	FOM_4_00107
prokka_FOM_4/FOM_4:Gene	cshA	FOM_4_8:c41953-40352	FOM_4_00108
prokka_FOM_4/FOM_4:Gene	ypjQ	FOM_4_8:c42897-42367	FOM_4_00109
prokka_FOM_4/FOM_4:Gene	sasA_1	FOM_4_8:c44199-42958	FOM_4_00110
prokka_FOM_4/FOM_4:Gene	arlR	FOM_4_8:c44881-44192	FOM_4_00111
prokka_FOM_4/FOM_4:Gene	rihB_1	FOM_4_8:c45966-45028	FOM_4_00112
prokka_FOM_4/FOM_4:Gene	FOM_4_00113	FOM_4_8:c46578-46069	FOM_4_00113
prokka_FOM_4/FOM_4:Gene	FOM_4_00114	FOM_4_8:46681-49284	FOM_4_00114
prokka_FOM_4/FOM_4:Gene	FOM_4_00115	FOM_4_8:c49624-49538	FOM_4_00115
prokka_FOM_4/FOM_4:Gene	FOM_4_00116	FOM_4_8:c50156-49707	FOM_4_00116
prokka_FOM_4/FOM_4:Gene	yhgF	FOM_4_8:c52308-50149	FOM_4_00117
prokka_FOM_4/FOM_4:Gene	ltaS1_1	FOM_4_8:c54574-52397	FOM_4_00118
prokka_FOM_4/FOM_4:Gene	FOM_4_00119	FOM_4_8:54672-55103	FOM_4_00119
prokka_FOM_4/FOM_4:Gene	adeC	FOM_4_8:55166-56842	FOM_4_00120
prokka_FOM_4/FOM_4:Gene	glxR	FOM_4_8:56947-57819	FOM_4_00121
prokka_FOM_4/FOM_4:Gene	uppP	FOM_4_8:c58721-57876	FOM_4_00122
prokka_FOM_4/FOM_4:Gene	FOM_4_00123	FOM_4_8:58950-60308	FOM_4_00123
prokka_FOM_4/FOM_4:Gene	FOM_4_00124	FOM_4_8:c61482-60577	FOM_4_00124
prokka_FOM_4/FOM_4:Gene	hexR	FOM_4_8:61649-62497	FOM_4_00125
prokka_FOM_4/FOM_4:Gene	rpmE2	FOM_4_8:c62910-62668	FOM_4_00126
prokka_FOM_4/FOM_4:Gene	murA1	FOM_4_8:c64311-63037	FOM_4_00127
prokka_FOM_4/FOM_4:Gene	pyrG	FOM_4_8:c66395-64782	FOM_4_00128
prokka_FOM_4/FOM_4:Gene	rpoE	FOM_4_8:c67176-66580	FOM_4_00129
prokka_FOM_4/FOM_4:Gene	FOM_4_00130	FOM_4_8:c67659-67225	FOM_4_00130
prokka_FOM_4/FOM_4:Gene	lipL	FOM_4_8:67772-68599	FOM_4_00131
prokka_FOM_4/FOM_4:Gene	FOM_4_00132	FOM_4_8:68584-69951	FOM_4_00132
prokka_FOM_4/FOM_4:Gene	yidA_1	FOM_4_8:69966-70769	FOM_4_00133
prokka_FOM_4/FOM_4:Gene	FOM_4_00134	FOM_4_8:71040-72713	FOM_4_00134
prokka_FOM_4/FOM_4:Gene	FOM_4_00135	FOM_4_8:c74063-72900	FOM_4_00135
prokka_FOM_4/FOM_4:Gene	FOM_4_00136	FOM_4_8:74375-74860	FOM_4_00136
prokka_FOM_4/FOM_4:Gene	FOM_4_00137	FOM_4_9:c1452-343	FOM_4_00137
prokka_FOM_4/FOM_4:Gene	arcA	FOM_4_9:1627-2865	FOM_4_00138
prokka_FOM_4/FOM_4:Gene	arcB	FOM_4_9:2900-3946	FOM_4_00139
prokka_FOM_4/FOM_4:Gene	arcD1_1	FOM_4_9:3951-5387	FOM_4_00140
prokka_FOM_4/FOM_4:Gene	arcC1	FOM_4_9:5412-6365	FOM_4_00141
prokka_FOM_4/FOM_4:Gene	argR_1	FOM_4_9:6362-6622	FOM_4_00142
prokka_FOM_4/FOM_4:Gene	FOM_4_00143	FOM_4_10:c1046-456	FOM_4_00143
prokka_FOM_4/FOM_4:Gene	dapE	FOM_4_10:c2086-1052	FOM_4_00144
prokka_FOM_4/FOM_4:Gene	FOM_4_00145	FOM_4_11:c354-220	FOM_4_00145
prokka_FOM_4/FOM_4:Gene	FOM_4_00146	FOM_4_11:c1348-335	FOM_4_00146
prokka_FOM_4/FOM_4:Gene	FOM_4_00147	FOM_4_12:230-3958	FOM_4_00147
prokka_FOM_4/FOM_4:Gene	FOM_4_00148	FOM_4_12:4511-5242	FOM_4_00148
prokka_FOM_4/FOM_4:Gene	FOM_4_00149	FOM_4_13:35-418	FOM_4_00149
prokka_FOM_4/FOM_4:Gene	gmuE_1	FOM_4_13:590-1459	FOM_4_00150
prokka_FOM_4/FOM_4:Gene	FOM_4_00151	FOM_4_13:c2056-1532	FOM_4_00151
prokka_FOM_4/FOM_4:Gene	FOM_4_00152	FOM_4_14:579-746	FOM_4_00152
prokka_FOM_4/FOM_4:Gene	FOM_4_00153	FOM_4_14:1129-1521	FOM_4_00153
prokka_FOM_4/FOM_4:Gene	FOM_4_00154	FOM_4_14:1698-2138	FOM_4_00154
prokka_FOM_4/FOM_4:Gene	FOM_4_00155	FOM_4_14:c2543-2262	FOM_4_00155
prokka_FOM_4/FOM_4:Gene	FOM_4_00156	FOM_4_14:2758-2946	FOM_4_00156
prokka_FOM_4/FOM_4:Gene	FOM_4_00157	FOM_4_14:3026-3313	FOM_4_00157
prokka_FOM_4/FOM_4:Gene	FOM_4_00158	FOM_4_14:c3544-3395	FOM_4_00158
prokka_FOM_4/FOM_4:Gene	FOM_4_00159	FOM_4_14:c4600-3638	FOM_4_00159
prokka_FOM_4/FOM_4:Gene	sutR	FOM_4_14:c5158-4610	FOM_4_00160
prokka_FOM_4/FOM_4:Gene	FOM_4_00161	FOM_4_14:5374-6633	FOM_4_00161
prokka_FOM_4/FOM_4:Gene	pox5_1	FOM_4_14:7361-7555	FOM_4_00162
prokka_FOM_4/FOM_4:Gene	pox5_2	FOM_4_14:7640-8668	FOM_4_00163
prokka_FOM_4/FOM_4:Gene	pox5_3	FOM_4_14:8693-9181	FOM_4_00164
prokka_FOM_4/FOM_4:Gene	FOM_4_00165	FOM_4_14:c9907-9365	FOM_4_00165
prokka_FOM_4/FOM_4:Gene	FOM_4_00166	FOM_4_14:c10835-10083	FOM_4_00166
prokka_FOM_4/FOM_4:Gene	licC	FOM_4_14:10990-12255	FOM_4_00167
prokka_FOM_4/FOM_4:Gene	licH	FOM_4_14:12272-13594	FOM_4_00168
prokka_FOM_4/FOM_4:Gene	FOM_4_00169	FOM_4_14:c17293-13922	FOM_4_00169
prokka_FOM_4/FOM_4:Gene	FOM_4_00170	FOM_4_14:17467-18207	FOM_4_00170
prokka_FOM_4/FOM_4:Gene	FOM_4_00171	FOM_4_14:18173-18511	FOM_4_00171
prokka_FOM_4/FOM_4:Gene	FOM_4_00172	FOM_4_14:18521-18970	FOM_4_00172
prokka_FOM_4/FOM_4:Gene	FOM_4_00173	FOM_4_14:19035-20723	FOM_4_00173
prokka_FOM_4/FOM_4:Gene	FOM_4_00174	FOM_4_14:20752-21501	FOM_4_00174
prokka_FOM_4/FOM_4:Gene	FOM_4_00175	FOM_4_14:c21852-21682	FOM_4_00175
prokka_FOM_4/FOM_4:Gene	FOM_4_00176	FOM_4_14:c22178-21948	FOM_4_00176
prokka_FOM_4/FOM_4:Gene	nrnB	FOM_4_14:22385-23359	FOM_4_00177
prokka_FOM_4/FOM_4:Gene	lsrR	FOM_4_14:c24425-23478	FOM_4_00178
prokka_FOM_4/FOM_4:Gene	FOM_4_00179	FOM_4_14:24655-25803	FOM_4_00179
prokka_FOM_4/FOM_4:Gene	citC	FOM_4_14:25825-26877	FOM_4_00180
prokka_FOM_4/FOM_4:Gene	citD	FOM_4_14:26867-27160	FOM_4_00181
prokka_FOM_4/FOM_4:Gene	citE	FOM_4_14:27163-28077	FOM_4_00182
prokka_FOM_4/FOM_4:Gene	citF	FOM_4_14:28067-29605	FOM_4_00183
prokka_FOM_4/FOM_4:Gene	citG	FOM_4_14:29636-31018	FOM_4_00184
prokka_FOM_4/FOM_4:Gene	citS	FOM_4_14:31155-32474	FOM_4_00185
prokka_FOM_4/FOM_4:Gene	glpT_1	FOM_4_14:c34048-32711	FOM_4_00186
prokka_FOM_4/FOM_4:Gene	xylB_1	FOM_4_14:34299-35801	FOM_4_00187
prokka_FOM_4/FOM_4:Gene	hbd	FOM_4_14:c36876-35932	FOM_4_00188
prokka_FOM_4/FOM_4:Gene	gatC_1	FOM_4_14:c38331-36964	FOM_4_00189
prokka_FOM_4/FOM_4:Gene	FOM_4_00190	FOM_4_14:38583-38729	FOM_4_00190
prokka_FOM_4/FOM_4:Gene	xerC_1	FOM_4_14:c39848-38805	FOM_4_00191
prokka_FOM_4/FOM_4:Gene	FOM_4_00192	FOM_4_14:c40772-39987	FOM_4_00192
prokka_FOM_4/FOM_4:Gene	FOM_4_00193	FOM_4_14:c41273-40788	FOM_4_00193
prokka_FOM_4/FOM_4:Gene	FOM_4_00194	FOM_4_14:c42543-41341	FOM_4_00194
prokka_FOM_4/FOM_4:Gene	FOM_4_00195	FOM_4_14:c42952-42536	FOM_4_00195
prokka_FOM_4/FOM_4:Gene	FOM_4_00196	FOM_4_14:c43283-42954	FOM_4_00196
prokka_FOM_4/FOM_4:Gene	FOM_4_00197	FOM_4_14:43544-43747	FOM_4_00197
prokka_FOM_4/FOM_4:Gene	FOM_4_00198	FOM_4_14:44298-45023	FOM_4_00198
prokka_FOM_4/FOM_4:Gene	FOM_4_00199	FOM_4_14:45044-45262	FOM_4_00199
prokka_FOM_4/FOM_4:Gene	FOM_4_00200	FOM_4_14:45360-45578	FOM_4_00200
prokka_FOM_4/FOM_4:Gene	FOM_4_00201	FOM_4_14:45578-45739	FOM_4_00201
prokka_FOM_4/FOM_4:Gene	FOM_4_00202	FOM_4_14:45901-46116	FOM_4_00202
prokka_FOM_4/FOM_4:Gene	FOM_4_00203	FOM_4_14:46109-47008	FOM_4_00203
prokka_FOM_4/FOM_4:Gene	FOM_4_00204	FOM_4_14:47011-47859	FOM_4_00204
prokka_FOM_4/FOM_4:Gene	FOM_4_00205	FOM_4_14:47862-48680	FOM_4_00205
prokka_FOM_4/FOM_4:Gene	FOM_4_00206	FOM_4_14:48673-49467	FOM_4_00206
prokka_FOM_4/FOM_4:Gene	FOM_4_00207	FOM_4_14:49469-49804	FOM_4_00207
prokka_FOM_4/FOM_4:Gene	FOM_4_00208	FOM_4_14:49815-50213	FOM_4_00208
prokka_FOM_4/FOM_4:Gene	FOM_4_00209	FOM_4_14:50210-50419	FOM_4_00209
prokka_FOM_4/FOM_4:Gene	FOM_4_00210	FOM_4_14:50432-50590	FOM_4_00210
prokka_FOM_4/FOM_4:Gene	FOM_4_00211	FOM_4_14:50583-50867	FOM_4_00211
prokka_FOM_4/FOM_4:Gene	FOM_4_00212	FOM_4_14:50876-51553	FOM_4_00212
prokka_FOM_4/FOM_4:Gene	FOM_4_00213	FOM_4_14:51543-51740	FOM_4_00213
prokka_FOM_4/FOM_4:Gene	FOM_4_00214	FOM_4_14:51733-51936	FOM_4_00214
prokka_FOM_4/FOM_4:Gene	ssb	FOM_4_14:51929-52396	FOM_4_00215
prokka_FOM_4/FOM_4:Gene	FOM_4_00216	FOM_4_14:52584-52901	FOM_4_00216
prokka_FOM_4/FOM_4:Gene	FOM_4_00217	FOM_4_14:52953-53306	FOM_4_00217
prokka_FOM_4/FOM_4:Gene	FOM_4_00218	FOM_4_14:53306-53647	FOM_4_00218
prokka_FOM_4/FOM_4:Gene	FOM_4_00219	FOM_4_14:53640-53813	FOM_4_00219
prokka_FOM_4/FOM_4:Gene	FOM_4_00220	FOM_4_14:53813-54160	FOM_4_00220
prokka_FOM_4/FOM_4:Gene	FOM_4_00221	FOM_4_14:54151-54573	FOM_4_00221
prokka_FOM_4/FOM_4:Gene	FOM_4_00222	FOM_4_14:54826-55221	FOM_4_00222
prokka_FOM_4/FOM_4:Gene	FOM_4_00223	FOM_4_14:55266-56009	FOM_4_00223
prokka_FOM_4/FOM_4:Gene	FOM_4_00224	FOM_4_14:56009-57292	FOM_4_00224
prokka_FOM_4/FOM_4:Gene	FOM_4_00225	FOM_4_14:57294-58850	FOM_4_00225
prokka_FOM_4/FOM_4:Gene	FOM_4_00226	FOM_4_14:58822-60444	FOM_4_00226
prokka_FOM_4/FOM_4:Gene	FOM_4_00227	FOM_4_14:60441-60587	FOM_4_00227
prokka_FOM_4/FOM_4:Gene	FOM_4_00228	FOM_4_14:60803-61309	FOM_4_00228
prokka_FOM_4/FOM_4:Gene	FOM_4_00229	FOM_4_14:61323-62204	FOM_4_00229
prokka_FOM_4/FOM_4:Gene	FOM_4_00230	FOM_4_14:62265-62606	FOM_4_00230
prokka_FOM_4/FOM_4:Gene	FOM_4_00231	FOM_4_14:62606-62893	FOM_4_00231
prokka_FOM_4/FOM_4:Gene	FOM_4_00232	FOM_4_14:62895-63251	FOM_4_00232
prokka_FOM_4/FOM_4:Gene	FOM_4_00233	FOM_4_14:63251-63616	FOM_4_00233
prokka_FOM_4/FOM_4:Gene	FOM_4_00234	FOM_4_14:63629-64225	FOM_4_00234
prokka_FOM_4/FOM_4:Gene	FOM_4_00235	FOM_4_14:64267-64716	FOM_4_00235
prokka_FOM_4/FOM_4:Gene	FOM_4_00236	FOM_4_14:64791-65039	FOM_4_00236
prokka_FOM_4/FOM_4:Gene	FOM_4_00237	FOM_4_14:65032-67728	FOM_4_00237
prokka_FOM_4/FOM_4:Gene	FOM_4_00238	FOM_4_14:67728-68555	FOM_4_00238
prokka_FOM_4/FOM_4:Gene	FOM_4_00239	FOM_4_15:c770-27	FOM_4_00239
prokka_FOM_4/FOM_4:Gene	FOM_4_00240	FOM_4_16:54-164	FOM_4_00240
prokka_FOM_4/FOM_4:Gene	FOM_4_00241	FOM_4_16:250-360	FOM_4_00241
prokka_FOM_4/FOM_4:Gene	FOM_4_00242	FOM_4_16:373-447	FOM_4_00242
prokka_FOM_4/FOM_4:Gene	FOM_4_00243	FOM_4_16:629-1573	FOM_4_00243
prokka_FOM_4/FOM_4:Gene	helD_1	FOM_4_16:1589-3889	FOM_4_00244
prokka_FOM_4/FOM_4:Gene	yidA_2	FOM_4_16:3902-4711	FOM_4_00245
prokka_FOM_4/FOM_4:Gene	FOM_4_00246	FOM_4_16:5005-5370	FOM_4_00246
prokka_FOM_4/FOM_4:Gene	yciB	FOM_4_16:c6252-5611	FOM_4_00247
prokka_FOM_4/FOM_4:Gene	FOM_4_00248	FOM_4_16:6520-7455	FOM_4_00248
prokka_FOM_4/FOM_4:Gene	FOM_4_00249	FOM_4_16:7645-8571	FOM_4_00249
prokka_FOM_4/FOM_4:Gene	FOM_4_00250	FOM_4_16:c9700-8855	FOM_4_00250
prokka_FOM_4/FOM_4:Gene	FOM_4_00251	FOM_4_16:c10409-9789	FOM_4_00251
prokka_FOM_4/FOM_4:Gene	metG	FOM_4_16:10694-12736	FOM_4_00252
prokka_FOM_4/FOM_4:Gene	dtd3	FOM_4_16:13103-13876	FOM_4_00253
prokka_FOM_4/FOM_4:Gene	rnmV	FOM_4_16:13876-14433	FOM_4_00254
prokka_FOM_4/FOM_4:Gene	rsmA	FOM_4_16:14437-15327	FOM_4_00255
prokka_FOM_4/FOM_4:Gene	galE	FOM_4_16:15382-16374	FOM_4_00256
prokka_FOM_4/FOM_4:Gene	veg	FOM_4_16:16465-16701	FOM_4_00257
prokka_FOM_4/FOM_4:Gene	ispE	FOM_4_16:17122-17976	FOM_4_00258
prokka_FOM_4/FOM_4:Gene	FOM_4_00259	FOM_4_16:18504-19082	FOM_4_00259
prokka_FOM_4/FOM_4:Gene	gabD1	FOM_4_16:19938-21347	FOM_4_00260
prokka_FOM_4/FOM_4:Gene	FOM_4_00261	FOM_4_16:21688-21894	FOM_4_00261
prokka_FOM_4/FOM_4:Gene	FOM_4_00262	FOM_4_16:21913-22149	FOM_4_00262
prokka_FOM_4/FOM_4:Gene	FOM_4_00263	FOM_4_16:c22669-22298	FOM_4_00263
prokka_FOM_4/FOM_4:Gene	FOM_4_00264	FOM_4_16:22865-23380	FOM_4_00264
prokka_FOM_4/FOM_4:Gene	FOM_4_00265	FOM_4_16:23706-24089	FOM_4_00265
prokka_FOM_4/FOM_4:Gene	FOM_4_00266	FOM_4_16:24245-24715	FOM_4_00266
prokka_FOM_4/FOM_4:Gene	znuC	FOM_4_16:24729-25448	FOM_4_00267
prokka_FOM_4/FOM_4:Gene	FOM_4_00268	FOM_4_17:993-1901	FOM_4_00268
prokka_FOM_4/FOM_4:Gene	FOM_4_00269	FOM_4_17:1894-2202	FOM_4_00269
prokka_FOM_4/FOM_4:Gene	FOM_4_00270	FOM_4_17:2216-2407	FOM_4_00270
prokka_FOM_4/FOM_4:Gene	FOM_4_00271	FOM_4_17:c2834-2487	FOM_4_00271
prokka_FOM_4/FOM_4:Gene	FOM_4_00272	FOM_4_17:c4760-2979	FOM_4_00272
prokka_FOM_4/FOM_4:Gene	FOM_4_00273	FOM_4_17:c5122-4757	FOM_4_00273
prokka_FOM_4/FOM_4:Gene	tagU	FOM_4_18:418-891	FOM_4_00274
prokka_FOM_4/FOM_4:Gene	FOM_4_00275	FOM_4_18:981-1214	FOM_4_00275
prokka_FOM_4/FOM_4:Gene	FOM_4_00276	FOM_4_19:138-449	FOM_4_00276
prokka_FOM_4/FOM_4:Gene	FOM_4_00277	FOM_4_19:883-3078	FOM_4_00277
prokka_FOM_4/FOM_4:Gene	FOM_4_00278	FOM_4_19:3232-3402	FOM_4_00278
prokka_FOM_4/FOM_4:Gene	FOM_4_00279	FOM_4_19:3519-4046	FOM_4_00279
prokka_FOM_4/FOM_4:Gene	FOM_4_00280	FOM_4_19:4250-5401	FOM_4_00280
prokka_FOM_4/FOM_4:Gene	FOM_4_00281	FOM_4_19:5489-8464	FOM_4_00281
prokka_FOM_4/FOM_4:Gene	FOM_4_00282	FOM_4_19:8487-9173	FOM_4_00282
prokka_FOM_4/FOM_4:Gene	FOM_4_00283	FOM_4_19:9542-11029	FOM_4_00283
prokka_FOM_4/FOM_4:Gene	FOM_4_00284	FOM_4_19:11189-12082	FOM_4_00284
prokka_FOM_4/FOM_4:Gene	FOM_4_00285	FOM_4_19:12079-14217	FOM_4_00285
prokka_FOM_4/FOM_4:Gene	licR	FOM_4_19:14566-16008	FOM_4_00286
prokka_FOM_4/FOM_4:Gene	FOM_4_00287	FOM_4_19:16001-16408	FOM_4_00287
prokka_FOM_4/FOM_4:Gene	gatA_1	FOM_4_19:16401-16850	FOM_4_00288
prokka_FOM_4/FOM_4:Gene	gatC_2	FOM_4_19:16864-18204	FOM_4_00289
prokka_FOM_4/FOM_4:Gene	FOM_4_00290	FOM_4_19:18231-18524	FOM_4_00290
prokka_FOM_4/FOM_4:Gene	hsdM	FOM_4_19:18632-20158	FOM_4_00291
prokka_FOM_4/FOM_4:Gene	FOM_4_00292	FOM_4_19:20148-20762	FOM_4_00292
prokka_FOM_4/FOM_4:Gene	FOM_4_00293	FOM_4_19:c21258-20653	FOM_4_00293
prokka_FOM_4/FOM_4:Gene	FOM_4_00294	FOM_4_19:21332-22141	FOM_4_00294
prokka_FOM_4/FOM_4:Gene	FOM_4_00295	FOM_4_19:22134-24425	FOM_4_00295
prokka_FOM_4/FOM_4:Gene	FOM_4_00296	FOM_4_19:24556-25386	FOM_4_00296
prokka_FOM_4/FOM_4:Gene	FOM_4_00297	FOM_4_19:25520-26569	FOM_4_00297
prokka_FOM_4/FOM_4:Gene	FOM_4_00298	FOM_4_19:26550-28475	FOM_4_00298
prokka_FOM_4/FOM_4:Gene	FOM_4_00299	FOM_4_19:28746-29741	FOM_4_00299
prokka_FOM_4/FOM_4:Gene	FOM_4_00300	FOM_4_19:29728-29853	FOM_4_00300
prokka_FOM_4/FOM_4:Gene	FOM_4_00301	FOM_4_19:30416-31177	FOM_4_00301
prokka_FOM_4/FOM_4:Gene	FOM_4_00302	FOM_4_19:31177-33654	FOM_4_00302
prokka_FOM_4/FOM_4:Gene	lnrL	FOM_4_19:34055-34990	FOM_4_00303
prokka_FOM_4/FOM_4:Gene	FOM_4_00304	FOM_4_19:34992-35882	FOM_4_00304
prokka_FOM_4/FOM_4:Gene	FOM_4_00305	FOM_4_19:36253-36531	FOM_4_00305
prokka_FOM_4/FOM_4:Gene	FOM_4_00306	FOM_4_19:c37002-36856	FOM_4_00306
prokka_FOM_4/FOM_4:Gene	FOM_4_00307	FOM_4_19:c37236-37027	FOM_4_00307
prokka_FOM_4/FOM_4:Gene	dld	FOM_4_19:c39617-37932	FOM_4_00308
prokka_FOM_4/FOM_4:Gene	rutD	FOM_4_19:c40733-39933	FOM_4_00309
prokka_FOM_4/FOM_4:Gene	FOM_4_00310	FOM_4_19:40834-40962	FOM_4_00310
prokka_FOM_4/FOM_4:Gene	FOM_4_00311	FOM_4_19:c41666-41148	FOM_4_00311
prokka_FOM_4/FOM_4:Gene	FOM_4_00312	FOM_4_19:c41859-41653	FOM_4_00312
prokka_FOM_4/FOM_4:Gene	FOM_4_00313	FOM_4_19:42121-42324	FOM_4_00313
prokka_FOM_4/FOM_4:Gene	FOM_4_00314	FOM_4_19:42411-42566	FOM_4_00314
prokka_FOM_4/FOM_4:Gene	FOM_4_00315	FOM_4_19:c44082-42832	FOM_4_00315
prokka_FOM_4/FOM_4:Gene	FOM_4_00316	FOM_4_19:44370-45557	FOM_4_00316
prokka_FOM_4/FOM_4:Gene	FOM_4_00317	FOM_4_19:45774-46244	FOM_4_00317
prokka_FOM_4/FOM_4:Gene	FOM_4_00318	FOM_4_19:46511-46768	FOM_4_00318
prokka_FOM_4/FOM_4:Gene	FOM_4_00319	FOM_4_19:c47203-46925	FOM_4_00319
prokka_FOM_4/FOM_4:Gene	FOM_4_00320	FOM_4_19:c47438-47196	FOM_4_00320
prokka_FOM_4/FOM_4:Gene	FOM_4_00321	FOM_4_19:47591-47905	FOM_4_00321
prokka_FOM_4/FOM_4:Gene	FOM_4_00322	FOM_4_19:47919-48059	FOM_4_00322
prokka_FOM_4/FOM_4:Gene	FOM_4_00323	FOM_4_19:48456-48680	FOM_4_00323
prokka_FOM_4/FOM_4:Gene	btuD_1	FOM_4_19:49312-49779	FOM_4_00324
prokka_FOM_4/FOM_4:Gene	FOM_4_00325	FOM_4_19:49757-51022	FOM_4_00325
prokka_FOM_4/FOM_4:Gene	FOM_4_00326	FOM_4_19:51067-51378	FOM_4_00326
prokka_FOM_4/FOM_4:Gene	FOM_4_00327	FOM_4_19:51527-51757	FOM_4_00327
prokka_FOM_4/FOM_4:Gene	FOM_4_00328	FOM_4_19:51964-52227	FOM_4_00328
prokka_FOM_4/FOM_4:Gene	FOM_4_00329	FOM_4_19:52214-53527	FOM_4_00329
prokka_FOM_4/FOM_4:Gene	FOM_4_00330	FOM_4_20:210-1124	FOM_4_00330
prokka_FOM_4/FOM_4:Gene	FOM_4_00331	FOM_4_20:1127-3094	FOM_4_00331
prokka_FOM_4/FOM_4:Gene	FOM_4_00332	FOM_4_20:3743-4807	FOM_4_00332
prokka_FOM_4/FOM_4:Gene	FOM_4_00333	FOM_4_20:c5583-4894	FOM_4_00333
prokka_FOM_4/FOM_4:Gene	FOM_4_00334	FOM_4_20:5717-7576	FOM_4_00334
prokka_FOM_4/FOM_4:Gene	FOM_4_00335	FOM_4_20:7738-8352	FOM_4_00335
prokka_FOM_4/FOM_4:Gene	yhdG_2	FOM_4_20:c9217-8267	FOM_4_00336
prokka_FOM_4/FOM_4:Gene	mcpB_1	FOM_4_20:9517-11577	FOM_4_00337
prokka_FOM_4/FOM_4:Gene	mcpB_2	FOM_4_20:11735-13807	FOM_4_00338
prokka_FOM_4/FOM_4:Gene	bdlA	FOM_4_20:c14800-13889	FOM_4_00339
prokka_FOM_4/FOM_4:Gene	FOM_4_00340	FOM_4_20:14989-15399	FOM_4_00340
prokka_FOM_4/FOM_4:Gene	FOM_4_00341	FOM_4_20:15507-16286	FOM_4_00341
prokka_FOM_4/FOM_4:Gene	rihB_2	FOM_4_20:c17417-16461	FOM_4_00342
prokka_FOM_4/FOM_4:Gene	yumC	FOM_4_20:17711-18718	FOM_4_00343
prokka_FOM_4/FOM_4:Gene	FOM_4_00344	FOM_4_20:18729-18995	FOM_4_00344
prokka_FOM_4/FOM_4:Gene	phnD	FOM_4_20:19407-20330	FOM_4_00345
prokka_FOM_4/FOM_4:Gene	phnC	FOM_4_20:20488-21264	FOM_4_00346
prokka_FOM_4/FOM_4:Gene	phnE_1	FOM_4_20:21266-22054	FOM_4_00347
prokka_FOM_4/FOM_4:Gene	phnE_2	FOM_4_20:22054-22845	FOM_4_00348
prokka_FOM_4/FOM_4:Gene	yfkN	FOM_4_20:22875-24440	FOM_4_00349
prokka_FOM_4/FOM_4:Gene	FOM_4_00350	FOM_4_20:24787-25200	FOM_4_00350
prokka_FOM_4/FOM_4:Gene	alsS_1	FOM_4_20:25526-27217	FOM_4_00351
prokka_FOM_4/FOM_4:Gene	emrY	FOM_4_20:27806-29248	FOM_4_00352
prokka_FOM_4/FOM_4:Gene	ybaK	FOM_4_20:29262-29759	FOM_4_00353
prokka_FOM_4/FOM_4:Gene	yedJ	FOM_4_20:29771-30445	FOM_4_00354
prokka_FOM_4/FOM_4:Gene	gmuR	FOM_4_20:30596-31324	FOM_4_00355
prokka_FOM_4/FOM_4:Gene	gmuE_2	FOM_4_20:31882-32757	FOM_4_00356
prokka_FOM_4/FOM_4:Gene	FOM_4_00357	FOM_4_20:32810-33811	FOM_4_00357
prokka_FOM_4/FOM_4:Gene	FOM_4_00358	FOM_4_20:33812-34570	FOM_4_00358
prokka_FOM_4/FOM_4:Gene	FOM_4_00359	FOM_4_20:34589-34984	FOM_4_00359
prokka_FOM_4/FOM_4:Gene	FOM_4_00360	FOM_4_20:35206-36240	FOM_4_00360
prokka_FOM_4/FOM_4:Gene	FOM_4_00361	FOM_4_20:36244-42273	FOM_4_00361
prokka_FOM_4/FOM_4:Gene	folB	FOM_4_20:42487-42852	FOM_4_00362
prokka_FOM_4/FOM_4:Gene	FOM_4_00363	FOM_4_20:42845-43348	FOM_4_00363
prokka_FOM_4/FOM_4:Gene	folE	FOM_4_20:43341-43910	FOM_4_00364
prokka_FOM_4/FOM_4:Gene	FOM_4_00365	FOM_4_20:43926-44522	FOM_4_00365
prokka_FOM_4/FOM_4:Gene	FOM_4_00366	FOM_4_20:44523-45665	FOM_4_00366
prokka_FOM_4/FOM_4:Gene	pnuC	FOM_4_20:45748-46500	FOM_4_00367
prokka_FOM_4/FOM_4:Gene	garB_1	FOM_4_20:46657-47847	FOM_4_00368
prokka_FOM_4/FOM_4:Gene	xpkA	FOM_4_20:48335-50779	FOM_4_00369
prokka_FOM_4/FOM_4:Gene	hflX	FOM_4_20:c52158-50872	FOM_4_00370
prokka_FOM_4/FOM_4:Gene	gpmA_1	FOM_4_20:c52862-52179	FOM_4_00371
prokka_FOM_4/FOM_4:Gene	helD_2	FOM_4_20:53020-55311	FOM_4_00372
prokka_FOM_4/FOM_4:Gene	coaA	FOM_4_20:55315-56202	FOM_4_00373
prokka_FOM_4/FOM_4:Gene	FOM_4_00374	FOM_4_20:56604-57254	FOM_4_00374
prokka_FOM_4/FOM_4:Gene	emrB_1	FOM_4_20:57675-59147	FOM_4_00375
prokka_FOM_4/FOM_4:Gene	FOM_4_00376	FOM_4_20:59144-59875	FOM_4_00376
prokka_FOM_4/FOM_4:Gene	cspLA	FOM_4_20:60113-60313	FOM_4_00377
prokka_FOM_4/FOM_4:Gene	rsmG	FOM_4_20:60642-61367	FOM_4_00378
prokka_FOM_4/FOM_4:Gene	noc	FOM_4_20:61392-61934	FOM_4_00379
prokka_FOM_4/FOM_4:Gene	soj	FOM_4_20:61935-62705	FOM_4_00380
prokka_FOM_4/FOM_4:Gene	spo0J	FOM_4_20:62692-63609	FOM_4_00381
prokka_FOM_4/FOM_4:Gene	FOM_4_00382	FOM_4_20:63621-63818	FOM_4_00382
prokka_FOM_4/FOM_4:Gene	ychF	FOM_4_20:63840-64943	FOM_4_00383
prokka_FOM_4/FOM_4:Gene	FOM_4_00384	FOM_4_20:65028-65777	FOM_4_00384
prokka_FOM_4/FOM_4:Gene	phoP_1	FOM_4_20:65818-66510	FOM_4_00385
prokka_FOM_4/FOM_4:Gene	sasA_2	FOM_4_20:66621-67802	FOM_4_00386
prokka_FOM_4/FOM_4:Gene	dacA_3	FOM_4_20:67762-69021	FOM_4_00387
prokka_FOM_4/FOM_4:Gene	FOM_4_00388	FOM_4_20:69088-69534	FOM_4_00388
prokka_FOM_4/FOM_4:Gene	prs	FOM_4_20:69689-70675	FOM_4_00389
prokka_FOM_4/FOM_4:Gene	FOM_4_00390	FOM_4_20:70913-71239	FOM_4_00390
prokka_FOM_4/FOM_4:Gene	yhdG_3	FOM_4_20:71430-72842	FOM_4_00391
prokka_FOM_4/FOM_4:Gene	fadR	FOM_4_20:73120-73359	FOM_4_00392
prokka_FOM_4/FOM_4:Gene	FOM_4_00393	FOM_4_20:73360-73776	FOM_4_00393
prokka_FOM_4/FOM_4:Gene	FOM_4_00394	FOM_4_20:73814-74464	FOM_4_00394
prokka_FOM_4/FOM_4:Gene	FOM_4_00395	FOM_4_20:c74844-74590	FOM_4_00395
prokka_FOM_4/FOM_4:Gene	FOM_4_00396	FOM_4_20:c75822-74902	FOM_4_00396
prokka_FOM_4/FOM_4:Gene	FOM_4_00397	FOM_4_20:c76536-75877	FOM_4_00397
prokka_FOM_4/FOM_4:Gene	ykoD	FOM_4_20:c77933-76539	FOM_4_00398
prokka_FOM_4/FOM_4:Gene	ykoE	FOM_4_20:c78591-78031	FOM_4_00399
prokka_FOM_4/FOM_4:Gene	rluD_1	FOM_4_20:78939-79829	FOM_4_00400
prokka_FOM_4/FOM_4:Gene	FOM_4_00401	FOM_4_20:79844-80176	FOM_4_00401
prokka_FOM_4/FOM_4:Gene	FOM_4_00402	FOM_4_20:80376-81152	FOM_4_00402
prokka_FOM_4/FOM_4:Gene	FOM_4_00403	FOM_4_20:81168-81506	FOM_4_00403
prokka_FOM_4/FOM_4:Gene	gpmA_2	FOM_4_20:81638-82333	FOM_4_00404
prokka_FOM_4/FOM_4:Gene	FOM_4_00405	FOM_4_20:82606-83241	FOM_4_00405
prokka_FOM_4/FOM_4:Gene	FOM_4_00406	FOM_4_20:c83461-83351	FOM_4_00406
prokka_FOM_4/FOM_4:Gene	cpdA_1	FOM_4_20:c84481-83654	FOM_4_00407
prokka_FOM_4/FOM_4:Gene	FOM_4_00408	FOM_4_20:84701-85075	FOM_4_00408
prokka_FOM_4/FOM_4:Gene	FOM_4_00409	FOM_4_20:85088-85846	FOM_4_00409
prokka_FOM_4/FOM_4:Gene	adhA	FOM_4_20:85997-87052	FOM_4_00410
prokka_FOM_4/FOM_4:Gene	FOM_4_00411	FOM_4_20:87206-88600	FOM_4_00411
prokka_FOM_4/FOM_4:Gene	tetM	FOM_4_20:c90834-88906	FOM_4_00412
prokka_FOM_4/FOM_4:Gene	mvaA	FOM_4_20:90977-92215	FOM_4_00413
prokka_FOM_4/FOM_4:Gene	FOM_4_00414	FOM_4_20:92215-93210	FOM_4_00414
prokka_FOM_4/FOM_4:Gene	cobB	FOM_4_20:93230-93931	FOM_4_00415
prokka_FOM_4/FOM_4:Gene	FOM_4_00416	FOM_4_20:94316-95407	FOM_4_00416
prokka_FOM_4/FOM_4:Gene	FOM_4_00417	FOM_4_20:95425-96246	FOM_4_00417
prokka_FOM_4/FOM_4:Gene	FOM_4_00418	FOM_4_20:96248-97045	FOM_4_00418
prokka_FOM_4/FOM_4:Gene	btuD_2	FOM_4_20:97055-98077	FOM_4_00419
prokka_FOM_4/FOM_4:Gene	hisK	FOM_4_20:98081-98950	FOM_4_00420
prokka_FOM_4/FOM_4:Gene	cpdA_2	FOM_4_20:98968-99819	FOM_4_00421
prokka_FOM_4/FOM_4:Gene	FOM_4_00422	FOM_4_20:c100681-100064	FOM_4_00422
prokka_FOM_4/FOM_4:Gene	smc_1	FOM_4_20:100824-103388	FOM_4_00423
prokka_FOM_4/FOM_4:Gene	nylA	FOM_4_21:853-2346	FOM_4_00424
prokka_FOM_4/FOM_4:Gene	FOM_4_00425	FOM_4_21:2415-2936	FOM_4_00425
prokka_FOM_4/FOM_4:Gene	menE	FOM_4_21:c4506-3070	FOM_4_00426
prokka_FOM_4/FOM_4:Gene	menB	FOM_4_21:c5346-4525	FOM_4_00427
prokka_FOM_4/FOM_4:Gene	FOM_4_00428	FOM_4_21:5402-5782	FOM_4_00428
prokka_FOM_4/FOM_4:Gene	FOM_4_00429	FOM_4_21:c6992-6045	FOM_4_00429
prokka_FOM_4/FOM_4:Gene	FOM_4_00430	FOM_4_21:c7655-7002	FOM_4_00430
prokka_FOM_4/FOM_4:Gene	FOM_4_00431	FOM_4_21:c8354-7770	FOM_4_00431
prokka_FOM_4/FOM_4:Gene	FOM_4_00432	FOM_4_21:c9280-8420	FOM_4_00432
prokka_FOM_4/FOM_4:Gene	FOM_4_00433	FOM_4_21:c10050-9367	FOM_4_00433
prokka_FOM_4/FOM_4:Gene	luxA	FOM_4_21:c11086-10043	FOM_4_00434
prokka_FOM_4/FOM_4:Gene	FOM_4_00435	FOM_4_21:11255-12100	FOM_4_00435
prokka_FOM_4/FOM_4:Gene	FOM_4_00436	FOM_4_21:12126-12731	FOM_4_00436
prokka_FOM_4/FOM_4:Gene	ecfT_1	FOM_4_21:c13657-12824	FOM_4_00437
prokka_FOM_4/FOM_4:Gene	btuD_3	FOM_4_21:c15974-13650	FOM_4_00438
prokka_FOM_4/FOM_4:Gene	malL	FOM_4_21:c17854-16181	FOM_4_00439
prokka_FOM_4/FOM_4:Gene	FOM_4_00440	FOM_4_21:c19227-17872	FOM_4_00440
prokka_FOM_4/FOM_4:Gene	cytR	FOM_4_21:19359-20330	FOM_4_00441
prokka_FOM_4/FOM_4:Gene	aes_1	FOM_4_21:20395-21378	FOM_4_00442
prokka_FOM_4/FOM_4:Gene	sph	FOM_4_21:c23189-21420	FOM_4_00443
prokka_FOM_4/FOM_4:Gene	yfcJ	FOM_4_21:c24554-23310	FOM_4_00444
prokka_FOM_4/FOM_4:Gene	gltC	FOM_4_21:24749-25636	FOM_4_00445
prokka_FOM_4/FOM_4:Gene	FOM_4_00446	FOM_4_21:c25883-25722	FOM_4_00446
prokka_FOM_4/FOM_4:Gene	yvdD	FOM_4_21:c26467-25901	FOM_4_00447
prokka_FOM_4/FOM_4:Gene	ydjP	FOM_4_21:c27275-26487	FOM_4_00448
prokka_FOM_4/FOM_4:Gene	yifK_1	FOM_4_21:c28766-27372	FOM_4_00449
prokka_FOM_4/FOM_4:Gene	yifK_2	FOM_4_21:c30548-29139	FOM_4_00450
prokka_FOM_4/FOM_4:Gene	msbA	FOM_4_21:31018-32817	FOM_4_00451
prokka_FOM_4/FOM_4:Gene	aroE	FOM_4_21:c33730-32927	FOM_4_00452
prokka_FOM_4/FOM_4:Gene	aroK	FOM_4_21:c34244-33723	FOM_4_00453
prokka_FOM_4/FOM_4:Gene	aroA1	FOM_4_21:c35551-34259	FOM_4_00454
prokka_FOM_4/FOM_4:Gene	aroC	FOM_4_21:c36756-35578	FOM_4_00455
prokka_FOM_4/FOM_4:Gene	yjeM	FOM_4_21:c38477-36993	FOM_4_00456
prokka_FOM_4/FOM_4:Gene	aqpZ	FOM_4_21:38740-39405	FOM_4_00457
prokka_FOM_4/FOM_4:Gene	naiP	FOM_4_21:39721-40989	FOM_4_00458
prokka_FOM_4/FOM_4:Gene	FOM_4_00459	FOM_4_21:c41553-41164	FOM_4_00459
prokka_FOM_4/FOM_4:Gene	desR	FOM_4_21:c42237-41632	FOM_4_00460
prokka_FOM_4/FOM_4:Gene	desK	FOM_4_21:c43376-42234	FOM_4_00461
prokka_FOM_4/FOM_4:Gene	FOM_4_00462	FOM_4_21:c44113-43379	FOM_4_00462
prokka_FOM_4/FOM_4:Gene	btuD_4	FOM_4_21:c44995-44114	FOM_4_00463
prokka_FOM_4/FOM_4:Gene	FOM_4_00464	FOM_4_21:c45429-45145	FOM_4_00464
prokka_FOM_4/FOM_4:Gene	FOM_4_00465	FOM_4_21:45575-45877	FOM_4_00465
prokka_FOM_4/FOM_4:Gene	FOM_4_00466	FOM_4_21:c46451-45945	FOM_4_00466
prokka_FOM_4/FOM_4:Gene	idi	FOM_4_21:c46942-46424	FOM_4_00467
prokka_FOM_4/FOM_4:Gene	menC	FOM_4_21:c48091-46979	FOM_4_00468
prokka_FOM_4/FOM_4:Gene	menH_2	FOM_4_21:c48878-48075	FOM_4_00469
prokka_FOM_4/FOM_4:Gene	menD	FOM_4_21:c50556-48871	FOM_4_00470
prokka_FOM_4/FOM_4:Gene	menF	FOM_4_21:c51706-50561	FOM_4_00471
prokka_FOM_4/FOM_4:Gene	budC	FOM_4_21:52108-52890	FOM_4_00472
prokka_FOM_4/FOM_4:Gene	FOM_4_00473	FOM_4_21:c53427-53125	FOM_4_00473
prokka_FOM_4/FOM_4:Gene	FOM_4_00474	FOM_4_21:c53869-53429	FOM_4_00474
prokka_FOM_4/FOM_4:Gene	ydhF	FOM_4_21:54021-54974	FOM_4_00475
prokka_FOM_4/FOM_4:Gene	yvgN	FOM_4_21:55005-55868	FOM_4_00476
prokka_FOM_4/FOM_4:Gene	ribBA	FOM_4_21:c56646-55975	FOM_4_00477
prokka_FOM_4/FOM_4:Gene	FOM_4_00478	FOM_4_21:c57767-57081	FOM_4_00478
prokka_FOM_4/FOM_4:Gene	fucP	FOM_4_21:c59383-58055	FOM_4_00479
prokka_FOM_4/FOM_4:Gene	FOM_4_00480	FOM_4_21:59619-59692	FOM_4_00480
prokka_FOM_4/FOM_4:Gene	FOM_4_00481	FOM_4_21:59730-59803	FOM_4_00481
prokka_FOM_4/FOM_4:Gene	xly	FOM_4_21:c62322-59860	FOM_4_00482
prokka_FOM_4/FOM_4:Gene	rpsN2	FOM_4_21:c62745-62476	FOM_4_00483
prokka_FOM_4/FOM_4:Gene	rpmGA	FOM_4_21:c62903-62754	FOM_4_00484
prokka_FOM_4/FOM_4:Gene	FOM_4_00485	FOM_4_21:c64767-62980	FOM_4_00485
prokka_FOM_4/FOM_4:Gene	FOM_4_00486	FOM_4_21:65149-65775	FOM_4_00486
prokka_FOM_4/FOM_4:Gene	FOM_4_00487	FOM_4_21:66496-66702	FOM_4_00487
prokka_FOM_4/FOM_4:Gene	FOM_4_00488	FOM_4_21:66675-67289	FOM_4_00488
prokka_FOM_4/FOM_4:Gene	FOM_4_00489	FOM_4_21:c67864-67373	FOM_4_00489
prokka_FOM_4/FOM_4:Gene	natA	FOM_4_21:c68457-67864	FOM_4_00490
prokka_FOM_4/FOM_4:Gene	FOM_4_00491	FOM_4_21:c69052-68474	FOM_4_00491
prokka_FOM_4/FOM_4:Gene	FOM_4_00492	FOM_4_21:c69877-69059	FOM_4_00492
prokka_FOM_4/FOM_4:Gene	FOM_4_00493	FOM_4_21:c70346-69945	FOM_4_00493
prokka_FOM_4/FOM_4:Gene	yflS	FOM_4_21:c71963-70542	FOM_4_00494
prokka_FOM_4/FOM_4:Gene	FOM_4_00495	FOM_4_21:c73388-71994	FOM_4_00495
prokka_FOM_4/FOM_4:Gene	fumC_1	FOM_4_21:c74784-73393	FOM_4_00496
prokka_FOM_4/FOM_4:Gene	oxyR_1	FOM_4_21:c75689-74781	FOM_4_00497
prokka_FOM_4/FOM_4:Gene	FOM_4_00498	FOM_4_21:c76252-75782	FOM_4_00498
prokka_FOM_4/FOM_4:Gene	apbE	FOM_4_21:c77203-76256	FOM_4_00499
prokka_FOM_4/FOM_4:Gene	FOM_4_00500	FOM_4_21:c78045-77200	FOM_4_00500
prokka_FOM_4/FOM_4:Gene	FOM_4_00501	FOM_4_21:c79404-78322	FOM_4_00501
prokka_FOM_4/FOM_4:Gene	FOM_4_00502	FOM_4_21:c79861-79424	FOM_4_00502
prokka_FOM_4/FOM_4:Gene	rlmH	FOM_4_21:c80563-80084	FOM_4_00503
prokka_FOM_4/FOM_4:Gene	dnaC	FOM_4_21:c82733-81330	FOM_4_00504
prokka_FOM_4/FOM_4:Gene	rplI	FOM_4_21:c83314-82868	FOM_4_00505
prokka_FOM_4/FOM_4:Gene	gdpP	FOM_4_21:c85325-83328	FOM_4_00506
prokka_FOM_4/FOM_4:Gene	rpsR	FOM_4_21:c85713-85474	FOM_4_00507
prokka_FOM_4/FOM_4:Gene	ssbA	FOM_4_21:c86261-85734	FOM_4_00508
prokka_FOM_4/FOM_4:Gene	rpsF	FOM_4_21:c86610-86323	FOM_4_00509
prokka_FOM_4/FOM_4:Gene	FOM_4_00510	FOM_4_21:c89993-86814	FOM_4_00510
prokka_FOM_4/FOM_4:Gene	sbcD	FOM_4_21:c91171-89993	FOM_4_00511
prokka_FOM_4/FOM_4:Gene	FOM_4_00512	FOM_4_21:91357-92085	FOM_4_00512
prokka_FOM_4/FOM_4:Gene	gyrA	FOM_4_21:c94902-92302	FOM_4_00513
prokka_FOM_4/FOM_4:Gene	gyrB	FOM_4_21:c96951-94960	FOM_4_00514
prokka_FOM_4/FOM_4:Gene	recF	FOM_4_21:c98068-96944	FOM_4_00515
prokka_FOM_4/FOM_4:Gene	FOM_4_00516	FOM_4_21:c98295-98077	FOM_4_00516
prokka_FOM_4/FOM_4:Gene	dnaN	FOM_4_21:c99770-98640	FOM_4_00517
prokka_FOM_4/FOM_4:Gene	dnaA	FOM_4_21:c101307-99955	FOM_4_00518
prokka_FOM_4/FOM_4:Gene	rpmH	FOM_4_21:101821-101955	FOM_4_00519
prokka_FOM_4/FOM_4:Gene	rnpA	FOM_4_21:102015-102365	FOM_4_00520
prokka_FOM_4/FOM_4:Gene	misCA	FOM_4_21:102401-103246	FOM_4_00521
prokka_FOM_4/FOM_4:Gene	ndk	FOM_4_21:103493-103930	FOM_4_00522
prokka_FOM_4/FOM_4:Gene	FOM_4_00523	FOM_4_21:104110-104895	FOM_4_00523
prokka_FOM_4/FOM_4:Gene	mnmE	FOM_4_21:105352-106758	FOM_4_00524
prokka_FOM_4/FOM_4:Gene	mnmG	FOM_4_21:106783-108705	FOM_4_00525
prokka_FOM_4/FOM_4:Gene	FOM_4_00526	FOM_4_21:108846-110060	FOM_4_00526
prokka_FOM_4/FOM_4:Gene	motB	FOM_4_21:c111268-110531	FOM_4_00527
prokka_FOM_4/FOM_4:Gene	pomA	FOM_4_21:c112040-111282	FOM_4_00528
prokka_FOM_4/FOM_4:Gene	flgB	FOM_4_21:112312-112680	FOM_4_00529
prokka_FOM_4/FOM_4:Gene	flgC	FOM_4_21:112701-113144	FOM_4_00530
prokka_FOM_4/FOM_4:Gene	fliE	FOM_4_21:113162-113482	FOM_4_00531
prokka_FOM_4/FOM_4:Gene	fliF	FOM_4_21:113509-115035	FOM_4_00532
prokka_FOM_4/FOM_4:Gene	fliG	FOM_4_21:115057-116061	FOM_4_00533
prokka_FOM_4/FOM_4:Gene	FOM_4_00534	FOM_4_21:116045-116740	FOM_4_00534
prokka_FOM_4/FOM_4:Gene	yscN	FOM_4_21:116744-118075	FOM_4_00535
prokka_FOM_4/FOM_4:Gene	FOM_4_00536	FOM_4_21:118087-118527	FOM_4_00536
prokka_FOM_4/FOM_4:Gene	FOM_4_00537	FOM_4_21:118549-119919	FOM_4_00537
prokka_FOM_4/FOM_4:Gene	FOM_4_00538	FOM_4_21:119932-120456	FOM_4_00538
prokka_FOM_4/FOM_4:Gene	flgG_1	FOM_4_21:120519-121397	FOM_4_00539
prokka_FOM_4/FOM_4:Gene	swrD	FOM_4_21:121415-121609	FOM_4_00540
prokka_FOM_4/FOM_4:Gene	FOM_4_00541	FOM_4_21:121616-122104	FOM_4_00541
prokka_FOM_4/FOM_4:Gene	FOM_4_00542	FOM_4_21:122120-122476	FOM_4_00542
prokka_FOM_4/FOM_4:Gene	fliP	FOM_4_21:122477-123262	FOM_4_00543
prokka_FOM_4/FOM_4:Gene	FOM_4_00544	FOM_4_21:123275-123538	FOM_4_00544
prokka_FOM_4/FOM_4:Gene	fliR	FOM_4_21:123546-124298	FOM_4_00545
prokka_FOM_4/FOM_4:Gene	flhB	FOM_4_21:124302-125369	FOM_4_00546
prokka_FOM_4/FOM_4:Gene	flhA	FOM_4_21:125392-127467	FOM_4_00547
prokka_FOM_4/FOM_4:Gene	sigD	FOM_4_21:127500-128213	FOM_4_00548
prokka_FOM_4/FOM_4:Gene	flgG_2	FOM_4_21:128210-128914	FOM_4_00549
prokka_FOM_4/FOM_4:Gene	flgG_3	FOM_4_21:128931-129710	FOM_4_00550
prokka_FOM_4/FOM_4:Gene	FOM_4_00551	FOM_4_21:129823-130947	FOM_4_00551
prokka_FOM_4/FOM_4:Gene	FOM_4_00552	FOM_4_21:130964-131434	FOM_4_00552
prokka_FOM_4/FOM_4:Gene	cheD	FOM_4_21:131427-131909	FOM_4_00553
prokka_FOM_4/FOM_4:Gene	cheB	FOM_4_21:131927-132931	FOM_4_00554
prokka_FOM_4/FOM_4:Gene	cheR	FOM_4_21:132934-133710	FOM_4_00555
prokka_FOM_4/FOM_4:Gene	cheA	FOM_4_21:133727-135787	FOM_4_00556
prokka_FOM_4/FOM_4:Gene	cheC	FOM_4_21:135777-136364	FOM_4_00557
prokka_FOM_4/FOM_4:Gene	cheY	FOM_4_21:136377-136739	FOM_4_00558
prokka_FOM_4/FOM_4:Gene	cheW	FOM_4_21:136761-137153	FOM_4_00559
prokka_FOM_4/FOM_4:Gene	fliM	FOM_4_21:137169-138179	FOM_4_00560
prokka_FOM_4/FOM_4:Gene	FOM_4_00561	FOM_4_21:138172-139338	FOM_4_00561
prokka_FOM_4/FOM_4:Gene	mcpB_3	FOM_4_21:139604-141694	FOM_4_00562
prokka_FOM_4/FOM_4:Gene	mcpB_4	FOM_4_21:141795-143954	FOM_4_00563
prokka_FOM_4/FOM_4:Gene	FOM_4_00564	FOM_4_21:144112-144363	FOM_4_00564
prokka_FOM_4/FOM_4:Gene	FOM_4_00565	FOM_4_21:144475-144771	FOM_4_00565
prokka_FOM_4/FOM_4:Gene	FOM_4_00566	FOM_4_21:144785-145144	FOM_4_00566
prokka_FOM_4/FOM_4:Gene	flgK	FOM_4_21:145154-146740	FOM_4_00567
prokka_FOM_4/FOM_4:Gene	flgL	FOM_4_21:146740-147714	FOM_4_00568
prokka_FOM_4/FOM_4:Gene	hag_1	FOM_4_21:148134-149108	FOM_4_00569
prokka_FOM_4/FOM_4:Gene	hag_2	FOM_4_21:149307-150227	FOM_4_00570
prokka_FOM_4/FOM_4:Gene	FOM_4_00571	FOM_4_21:150479-152017	FOM_4_00571
prokka_FOM_4/FOM_4:Gene	FOM_4_00572	FOM_4_21:152043-152372	FOM_4_00572
prokka_FOM_4/FOM_4:Gene	fliS	FOM_4_21:152387-152758	FOM_4_00573
prokka_FOM_4/FOM_4:Gene	FOM_4_00574	FOM_4_21:c155451-152815	FOM_4_00574
prokka_FOM_4/FOM_4:Gene	FOM_4_00575	FOM_4_21:155595-156341	FOM_4_00575
prokka_FOM_4/FOM_4:Gene	isdE	FOM_4_21:156362-157225	FOM_4_00576
prokka_FOM_4/FOM_4:Gene	fpuB	FOM_4_21:157222-158127	FOM_4_00577
prokka_FOM_4/FOM_4:Gene	fhuC	FOM_4_21:158117-158752	FOM_4_00578
prokka_FOM_4/FOM_4:Gene	FOM_4_00579	FOM_4_21:c159530-159258	FOM_4_00579
prokka_FOM_4/FOM_4:Gene	gshAB	FOM_4_21:c160976-159720	FOM_4_00580
prokka_FOM_4/FOM_4:Gene	aes_2	FOM_4_21:161114-162010	FOM_4_00581
prokka_FOM_4/FOM_4:Gene	FOM_4_00582	FOM_4_21:c162563-162210	FOM_4_00582
prokka_FOM_4/FOM_4:Gene	FOM_4_00583	FOM_4_21:162592-162717	FOM_4_00583
prokka_FOM_4/FOM_4:Gene	FOM_4_00584	FOM_4_21:c163599-162700	FOM_4_00584
prokka_FOM_4/FOM_4:Gene	FOM_4_00585	FOM_4_21:c165691-163829	FOM_4_00585
prokka_FOM_4/FOM_4:Gene	nnr	FOM_4_21:c166360-165725	FOM_4_00586
prokka_FOM_4/FOM_4:Gene	FOM_4_00587	FOM_4_21:166464-166790	FOM_4_00587
prokka_FOM_4/FOM_4:Gene	FOM_4_00588	FOM_4_21:166811-167725	FOM_4_00588
prokka_FOM_4/FOM_4:Gene	FOM_4_00589	FOM_4_21:c167928-167776	FOM_4_00589
prokka_FOM_4/FOM_4:Gene	FOM_4_00590	FOM_4_22:27-215	FOM_4_00590
prokka_FOM_4/FOM_4:Gene	FOM_4_00591	FOM_4_22:c2730-223	FOM_4_00591
prokka_FOM_4/FOM_4:Gene	FOM_4_00592	FOM_4_23:36-398	FOM_4_00592
prokka_FOM_4/FOM_4:Gene	pinR	FOM_4_23:597-1154	FOM_4_00593
prokka_FOM_4/FOM_4:Gene	FOM_4_00594	FOM_4_23:1212-1592	FOM_4_00594
prokka_FOM_4/FOM_4:Gene	FOM_4_00595	FOM_4_23:c2290-1946	FOM_4_00595
prokka_FOM_4/FOM_4:Gene	FOM_4_00596	FOM_4_23:c2589-2287	FOM_4_00596
prokka_FOM_4/FOM_4:Gene	FOM_4_00597	FOM_4_23:c3342-2677	FOM_4_00597
prokka_FOM_4/FOM_4:Gene	FOM_4_00598	FOM_4_23:c4945-3686	FOM_4_00598
prokka_FOM_4/FOM_4:Gene	FOM_4_00599	FOM_4_23:c5619-4990	FOM_4_00599
prokka_FOM_4/FOM_4:Gene	FOM_4_00600	FOM_4_23:c6149-5619	FOM_4_00600
prokka_FOM_4/FOM_4:Gene	strA_2	FOM_4_23:c7155-6181	FOM_4_00601
prokka_FOM_4/FOM_4:Gene	FOM_4_00602	FOM_4_23:c7691-7155	FOM_4_00602
prokka_FOM_4/FOM_4:Gene	FOM_4_00603	FOM_4_23:c8100-7711	FOM_4_00603
prokka_FOM_4/FOM_4:Gene	FOM_4_00604	FOM_4_23:c10175-8106	FOM_4_00604
prokka_FOM_4/FOM_4:Gene	FOM_4_00605	FOM_4_23:c13074-10552	FOM_4_00605
prokka_FOM_4/FOM_4:Gene	FOM_4_00606	FOM_4_23:c13328-13137	FOM_4_00606
prokka_FOM_4/FOM_4:Gene	FOM_4_00607	FOM_4_23:c13849-13328	FOM_4_00607
prokka_FOM_4/FOM_4:Gene	FOM_4_00608	FOM_4_23:c14782-13880	FOM_4_00608
prokka_FOM_4/FOM_4:Gene	FOM_4_00609	FOM_4_23:c16633-14870	FOM_4_00609
prokka_FOM_4/FOM_4:Gene	FOM_4_00610	FOM_4_23:c16893-16681	FOM_4_00610
prokka_FOM_4/FOM_4:Gene	FOM_4_00611	FOM_4_23:c17368-16919	FOM_4_00611
prokka_FOM_4/FOM_4:Gene	FOM_4_00612	FOM_4_23:c17633-17370	FOM_4_00612
prokka_FOM_4/FOM_4:Gene	FOM_4_00613	FOM_4_23:c18617-17646	FOM_4_00613
prokka_FOM_4/FOM_4:Gene	FOM_4_00614	FOM_4_23:c18922-18623	FOM_4_00614
prokka_FOM_4/FOM_4:Gene	FOM_4_00615	FOM_4_23:c20081-18948	FOM_4_00615
prokka_FOM_4/FOM_4:Gene	FOM_4_00616	FOM_4_23:c20427-20116	FOM_4_00616
prokka_FOM_4/FOM_4:Gene	FOM_4_00617	FOM_4_23:c21756-20896	FOM_4_00617
prokka_FOM_4/FOM_4:Gene	FOM_4_00618	FOM_4_23:c22862-21774	FOM_4_00618
prokka_FOM_4/FOM_4:Gene	FOM_4_00619	FOM_4_23:c23302-22856	FOM_4_00619
prokka_FOM_4/FOM_4:Gene	FOM_4_00620	FOM_4_23:c24031-23324	FOM_4_00620
prokka_FOM_4/FOM_4:Gene	FOM_4_00621	FOM_4_23:c24263-24114	FOM_4_00621
prokka_FOM_4/FOM_4:Gene	FOM_4_00622	FOM_4_23:c24447-24256	FOM_4_00622
prokka_FOM_4/FOM_4:Gene	FOM_4_00623	FOM_4_23:25170-25532	FOM_4_00623
prokka_FOM_4/FOM_4:Gene	FOM_4_00624	FOM_4_23:25533-26189	FOM_4_00624
prokka_FOM_4/FOM_4:Gene	FOM_4_00625	FOM_4_24:c491-381	FOM_4_00625
prokka_FOM_4/FOM_4:Gene	bdhB	FOM_4_24:c1700-516	FOM_4_00626
prokka_FOM_4/FOM_4:Gene	cfa	FOM_4_24:c3091-1898	FOM_4_00627
prokka_FOM_4/FOM_4:Gene	FOM_4_00628	FOM_4_24:3482-4480	FOM_4_00628
prokka_FOM_4/FOM_4:Gene	FOM_4_00629	FOM_4_24:4551-5783	FOM_4_00629
prokka_FOM_4/FOM_4:Gene	yegS	FOM_4_24:c6814-5906	FOM_4_00630
prokka_FOM_4/FOM_4:Gene	stp	FOM_4_24:c8613-7069	FOM_4_00631
prokka_FOM_4/FOM_4:Gene	FOM_4_00632	FOM_4_24:c9158-8616	FOM_4_00632
prokka_FOM_4/FOM_4:Gene	FOM_4_00633	FOM_4_24:c9952-9473	FOM_4_00633
prokka_FOM_4/FOM_4:Gene	FOM_4_00634	FOM_4_24:c12872-10077	FOM_4_00634
prokka_FOM_4/FOM_4:Gene	FOM_4_00635	FOM_4_24:c13323-13039	FOM_4_00635
prokka_FOM_4/FOM_4:Gene	FOM_4_00636	FOM_4_24:c13920-13762	FOM_4_00636
prokka_FOM_4/FOM_4:Gene	era	FOM_4_24:c15039-14131	FOM_4_00637
prokka_FOM_4/FOM_4:Gene	dgkA	FOM_4_24:c15498-15073	FOM_4_00638
prokka_FOM_4/FOM_4:Gene	ybeY	FOM_4_24:c15958-15476	FOM_4_00639
prokka_FOM_4/FOM_4:Gene	FOM_4_00640	FOM_4_24:c16926-15958	FOM_4_00640
prokka_FOM_4/FOM_4:Gene	FOM_4_00641	FOM_4_24:c17626-17246	FOM_4_00641
prokka_FOM_4/FOM_4:Gene	nfdA	FOM_4_24:c19406-17820	FOM_4_00642
prokka_FOM_4/FOM_4:Gene	potD_1	FOM_4_24:c20509-19403	FOM_4_00643
prokka_FOM_4/FOM_4:Gene	ydcV_1	FOM_4_24:c21320-20526	FOM_4_00644
prokka_FOM_4/FOM_4:Gene	potB_1	FOM_4_24:c22129-21320	FOM_4_00645
prokka_FOM_4/FOM_4:Gene	potA_1	FOM_4_24:c23226-22129	FOM_4_00646
prokka_FOM_4/FOM_4:Gene	dltD	FOM_4_24:c24728-23454	FOM_4_00647
prokka_FOM_4/FOM_4:Gene	dltC	FOM_4_24:c24960-24721	FOM_4_00648
prokka_FOM_4/FOM_4:Gene	FOM_4_00649	FOM_4_24:c26250-24985	FOM_4_00649
prokka_FOM_4/FOM_4:Gene	dltA	FOM_4_24:c27785-26247	FOM_4_00650
prokka_FOM_4/FOM_4:Gene	FOM_4_00651	FOM_4_24:c27965-27816	FOM_4_00651
prokka_FOM_4/FOM_4:Gene	rnhB	FOM_4_24:c28997-28230	FOM_4_00652
prokka_FOM_4/FOM_4:Gene	rbgA	FOM_4_24:c29883-28978	FOM_4_00653
prokka_FOM_4/FOM_4:Gene	FOM_4_00654	FOM_4_24:c30107-29886	FOM_4_00654
prokka_FOM_4/FOM_4:Gene	FOM_4_00655	FOM_4_24:c30700-30107	FOM_4_00655
prokka_FOM_4/FOM_4:Gene	FOM_4_00656	FOM_4_24:c31614-30718	FOM_4_00656
prokka_FOM_4/FOM_4:Gene	FOM_4_00657	FOM_4_24:c32618-31767	FOM_4_00657
prokka_FOM_4/FOM_4:Gene	FOM_4_00658	FOM_4_24:c33155-32676	FOM_4_00658
prokka_FOM_4/FOM_4:Gene	FOM_4_00659	FOM_4_24:33289-33501	FOM_4_00659
prokka_FOM_4/FOM_4:Gene	rnj1	FOM_4_24:33506-35185	FOM_4_00660
prokka_FOM_4/FOM_4:Gene	FOM_4_00661	FOM_4_24:35385-36020	FOM_4_00661
prokka_FOM_4/FOM_4:Gene	glpK	FOM_4_24:c37680-36181	FOM_4_00662
prokka_FOM_4/FOM_4:Gene	FOM_4_00663	FOM_4_24:c37937-37749	FOM_4_00663
prokka_FOM_4/FOM_4:Gene	FOM_4_00664	FOM_4_24:c38893-37991	FOM_4_00664
prokka_FOM_4/FOM_4:Gene	lrgB	FOM_4_24:c39864-39121	FOM_4_00665
prokka_FOM_4/FOM_4:Gene	lrgA	FOM_4_24:c40294-39869	FOM_4_00666
prokka_FOM_4/FOM_4:Gene	emrB_2	FOM_4_24:40587-41957	FOM_4_00667
prokka_FOM_4/FOM_4:Gene	metF	FOM_4_24:c42980-42093	FOM_4_00668
prokka_FOM_4/FOM_4:Gene	metE_1	FOM_4_24:c44967-42967	FOM_4_00669
prokka_FOM_4/FOM_4:Gene	metE_2	FOM_4_24:c45233-44979	FOM_4_00670
prokka_FOM_4/FOM_4:Gene	FOM_4_00671	FOM_4_24:45802-46320	FOM_4_00671
prokka_FOM_4/FOM_4:Gene	hmpT	FOM_4_24:c46871-46380	FOM_4_00672
prokka_FOM_4/FOM_4:Gene	FOM_4_00673	FOM_4_24:c47441-46875	FOM_4_00673
prokka_FOM_4/FOM_4:Gene	pdxK	FOM_4_24:c48297-47470	FOM_4_00674
prokka_FOM_4/FOM_4:Gene	FOM_4_00675	FOM_4_24:c48597-48415	FOM_4_00675
prokka_FOM_4/FOM_4:Gene	FOM_4_00676	FOM_4_24:c48909-48821	FOM_4_00676
prokka_FOM_4/FOM_4:Gene	carB	FOM_4_24:c51452-48969	FOM_4_00677
prokka_FOM_4/FOM_4:Gene	carA	FOM_4_24:c52531-51455	FOM_4_00678
prokka_FOM_4/FOM_4:Gene	pyrR	FOM_4_24:c53079-52567	FOM_4_00679
prokka_FOM_4/FOM_4:Gene	rluD_2	FOM_4_24:c54055-53126	FOM_4_00680
prokka_FOM_4/FOM_4:Gene	lspA	FOM_4_24:c54528-54055	FOM_4_00681
prokka_FOM_4/FOM_4:Gene	FOM_4_00682	FOM_4_24:c54931-54536	FOM_4_00682
prokka_FOM_4/FOM_4:Gene	rnhA	FOM_4_24:54959-55351	FOM_4_00683
prokka_FOM_4/FOM_4:Gene	thiO	FOM_4_24:c56424-55345	FOM_4_00684
prokka_FOM_4/FOM_4:Gene	FOM_4_00685	FOM_4_24:c57289-56684	FOM_4_00685
prokka_FOM_4/FOM_4:Gene	FOM_4_00686	FOM_4_24:57547-57711	FOM_4_00686
prokka_FOM_4/FOM_4:Gene	FOM_4_00687	FOM_4_24:c58595-57870	FOM_4_00687
prokka_FOM_4/FOM_4:Gene	typA	FOM_4_24:c60601-58763	FOM_4_00688
prokka_FOM_4/FOM_4:Gene	suhB	FOM_4_24:c61481-60702	FOM_4_00689
prokka_FOM_4/FOM_4:Gene	FOM_4_00690	FOM_4_24:c61782-61501	FOM_4_00690
prokka_FOM_4/FOM_4:Gene	FOM_4_00691	FOM_4_24:c62609-61887	FOM_4_00691
prokka_FOM_4/FOM_4:Gene	ccpA	FOM_4_24:c63724-62723	FOM_4_00692
prokka_FOM_4/FOM_4:Gene	pepQ	FOM_4_24:63922-65025	FOM_4_00693
prokka_FOM_4/FOM_4:Gene	dfrA	FOM_4_24:c65691-65194	FOM_4_00694
prokka_FOM_4/FOM_4:Gene	thyA	FOM_4_24:c66547-65708	FOM_4_00695
prokka_FOM_4/FOM_4:Gene	ettA	FOM_4_24:c68465-66573	FOM_4_00696
prokka_FOM_4/FOM_4:Gene	cca	FOM_4_24:c69687-68467	FOM_4_00697
prokka_FOM_4/FOM_4:Gene	FOM_4_00698	FOM_4_24:69880-70782	FOM_4_00698
prokka_FOM_4/FOM_4:Gene	FOM_4_00699	FOM_4_24:70791-71060	FOM_4_00699
prokka_FOM_4/FOM_4:Gene	FOM_4_00700	FOM_4_24:c72158-71202	FOM_4_00700
prokka_FOM_4/FOM_4:Gene	FOM_4_00701	FOM_4_24:c72626-72303	FOM_4_00701
prokka_FOM_4/FOM_4:Gene	rpsU	FOM_4_24:c73000-72812	FOM_4_00702
prokka_FOM_4/FOM_4:Gene	nfo	FOM_4_24:c74036-73110	FOM_4_00703
prokka_FOM_4/FOM_4:Gene	FOM_4_00704	FOM_4_24:c75022-74144	FOM_4_00704
prokka_FOM_4/FOM_4:Gene	FOM_4_00705	FOM_4_24:75209-76060	FOM_4_00705
prokka_FOM_4/FOM_4:Gene	bglA	FOM_4_24:c77577-76138	FOM_4_00706
prokka_FOM_4/FOM_4:Gene	fumC_2	FOM_4_24:77798-78832	FOM_4_00707
prokka_FOM_4/FOM_4:Gene	glyS	FOM_4_24:c81112-79028	FOM_4_00708
prokka_FOM_4/FOM_4:Gene	glyQ	FOM_4_24:c82053-81115	FOM_4_00709
prokka_FOM_4/FOM_4:Gene	FOM_4_00710	FOM_4_24:c82473-82393	FOM_4_00710
prokka_FOM_4/FOM_4:Gene	FOM_4_00711	FOM_4_24:c83676-82621	FOM_4_00711
prokka_FOM_4/FOM_4:Gene	FOM_4_00712	FOM_4_24:c84049-83969	FOM_4_00712
prokka_FOM_4/FOM_4:Gene	ribF	FOM_4_24:c85077-84136	FOM_4_00713
prokka_FOM_4/FOM_4:Gene	truB	FOM_4_24:c86010-85099	FOM_4_00714
prokka_FOM_4/FOM_4:Gene	rbfA	FOM_4_24:c86541-86188	FOM_4_00715
prokka_FOM_4/FOM_4:Gene	infB	FOM_4_24:c88859-86589	FOM_4_00716
prokka_FOM_4/FOM_4:Gene	rplGA	FOM_4_24:c89187-88867	FOM_4_00717
prokka_FOM_4/FOM_4:Gene	FOM_4_00718	FOM_4_24:c89476-89177	FOM_4_00718
prokka_FOM_4/FOM_4:Gene	nusA	FOM_4_24:c90684-89512	FOM_4_00719
prokka_FOM_4/FOM_4:Gene	rimP	FOM_4_24:c91187-90711	FOM_4_00720
prokka_FOM_4/FOM_4:Gene	cycA_1	FOM_4_24:c92720-91356	FOM_4_00721
prokka_FOM_4/FOM_4:Gene	pdhD	FOM_4_24:c94540-93128	FOM_4_00722
prokka_FOM_4/FOM_4:Gene	pdhC	FOM_4_24:c95834-94545	FOM_4_00723
prokka_FOM_4/FOM_4:Gene	pdhB	FOM_4_24:c96827-95847	FOM_4_00724
prokka_FOM_4/FOM_4:Gene	pdhA	FOM_4_24:c97942-96830	FOM_4_00725
prokka_FOM_4/FOM_4:Gene	def2	FOM_4_24:98154-98714	FOM_4_00726
prokka_FOM_4/FOM_4:Gene	plsY	FOM_4_24:c99497-98886	FOM_4_00727
prokka_FOM_4/FOM_4:Gene	lacX	FOM_4_24:c100463-99579	FOM_4_00728
prokka_FOM_4/FOM_4:Gene	xerC_2	FOM_4_24:c101462-100554	FOM_4_00729
prokka_FOM_4/FOM_4:Gene	lysN	FOM_4_24:101615-102826	FOM_4_00730
prokka_FOM_4/FOM_4:Gene	FOM_4_00731	FOM_4_24:103045-103386	FOM_4_00731
prokka_FOM_4/FOM_4:Gene	qmcA	FOM_4_24:103403-104224	FOM_4_00732
prokka_FOM_4/FOM_4:Gene	FOM_4_00733	FOM_4_24:c106337-104352	FOM_4_00733
prokka_FOM_4/FOM_4:Gene	FOM_4_00734	FOM_4_25:c2313-1312	FOM_4_00734
prokka_FOM_4/FOM_4:Gene	FOM_4_00735	FOM_4_27:c960-577	FOM_4_00735
prokka_FOM_4/FOM_4:Gene	FOM_4_00736	FOM_4_27:c1122-982	FOM_4_00736
prokka_FOM_4/FOM_4:Gene	FOM_4_00737	FOM_4_27:c1466-1122	FOM_4_00737
prokka_FOM_4/FOM_4:Gene	FOM_4_00738	FOM_4_27:c2195-1479	FOM_4_00738
prokka_FOM_4/FOM_4:Gene	FOM_4_00739	FOM_4_27:c3916-2195	FOM_4_00739
prokka_FOM_4/FOM_4:Gene	FOM_4_00740	FOM_4_27:c4217-3909	FOM_4_00740
prokka_FOM_4/FOM_4:Gene	FOM_4_00741	FOM_4_27:c4638-4210	FOM_4_00741
prokka_FOM_4/FOM_4:Gene	FOM_4_00742	FOM_4_27:c5746-4640	FOM_4_00742
prokka_FOM_4/FOM_4:Gene	FOM_4_00743	FOM_4_27:c6585-5746	FOM_4_00743
prokka_FOM_4/FOM_4:Gene	FOM_4_00744	FOM_4_27:c8323-6575	FOM_4_00744
prokka_FOM_4/FOM_4:Gene	secY2	FOM_4_28:118-606	FOM_4_00745
prokka_FOM_4/FOM_4:Gene	asp1	FOM_4_28:603-2192	FOM_4_00746
prokka_FOM_4/FOM_4:Gene	asp2	FOM_4_28:2171-3775	FOM_4_00747
prokka_FOM_4/FOM_4:Gene	FOM_4_00748	FOM_4_28:3768-4523	FOM_4_00748
prokka_FOM_4/FOM_4:Gene	gtf3_1	FOM_4_28:4539-5609	FOM_4_00749
prokka_FOM_4/FOM_4:Gene	gtf3_2	FOM_4_28:5612-6661	FOM_4_00750
prokka_FOM_4/FOM_4:Gene	FOM_4_00751	FOM_4_29:121-615	FOM_4_00751
prokka_FOM_4/FOM_4:Gene	FOM_4_00752	FOM_4_29:665-2224	FOM_4_00752
prokka_FOM_4/FOM_4:Gene	FOM_4_00753	FOM_4_29:2244-4001	FOM_4_00753
prokka_FOM_4/FOM_4:Gene	FOM_4_00754	FOM_4_29:4304-4855	FOM_4_00754
prokka_FOM_4/FOM_4:Gene	FOM_4_00755	FOM_4_29:4888-6048	FOM_4_00755
prokka_FOM_4/FOM_4:Gene	FOM_4_00756	FOM_4_30:34-119	FOM_4_00756
prokka_FOM_4/FOM_4:Gene	FOM_4_00757	FOM_4_30:244-314	FOM_4_00757
prokka_FOM_4/FOM_4:Gene	ybiV	FOM_4_30:417-1223	FOM_4_00758
prokka_FOM_4/FOM_4:Gene	dgs	FOM_4_30:1223-2221	FOM_4_00759
prokka_FOM_4/FOM_4:Gene	FOM_4_00760	FOM_4_30:c3186-2395	FOM_4_00760
prokka_FOM_4/FOM_4:Gene	metK	FOM_4_30:3443-4648	FOM_4_00761
prokka_FOM_4/FOM_4:Gene	FOM_4_00762	FOM_4_30:c5363-4800	FOM_4_00762
prokka_FOM_4/FOM_4:Gene	leuS	FOM_4_30:5729-8143	FOM_4_00763
prokka_FOM_4/FOM_4:Gene	femX	FOM_4_30:8401-9456	FOM_4_00764
prokka_FOM_4/FOM_4:Gene	murJ_1	FOM_4_30:9739-11397	FOM_4_00765
prokka_FOM_4/FOM_4:Gene	FOM_4_00766	FOM_4_30:11414-12640	FOM_4_00766
prokka_FOM_4/FOM_4:Gene	nnrD	FOM_4_30:c13504-12653	FOM_4_00767
prokka_FOM_4/FOM_4:Gene	FOM_4_00768	FOM_4_30:13613-15022	FOM_4_00768
prokka_FOM_4/FOM_4:Gene	glnQ_3	FOM_4_30:15395-16132	FOM_4_00769
prokka_FOM_4/FOM_4:Gene	mltF_2	FOM_4_30:16152-17612	FOM_4_00770
prokka_FOM_4/FOM_4:Gene	FOM_4_00771	FOM_4_30:17701-17799	FOM_4_00771
prokka_FOM_4/FOM_4:Gene	glnQ_4	FOM_4_30:17980-18717	FOM_4_00772
prokka_FOM_4/FOM_4:Gene	mltF_3	FOM_4_30:18739-20193	FOM_4_00773
prokka_FOM_4/FOM_4:Gene	FOM_4_00774	FOM_4_30:c20920-20369	FOM_4_00774
prokka_FOM_4/FOM_4:Gene	ung	FOM_4_30:21079-21753	FOM_4_00775
prokka_FOM_4/FOM_4:Gene	pta	FOM_4_30:21788-22762	FOM_4_00776
prokka_FOM_4/FOM_4:Gene	adhE	FOM_4_30:23106-25796	FOM_4_00777
prokka_FOM_4/FOM_4:Gene	msrC	FOM_4_30:c26427-25975	FOM_4_00778
prokka_FOM_4/FOM_4:Gene	fpgS	FOM_4_30:26602-27954	FOM_4_00779
prokka_FOM_4/FOM_4:Gene	FOM_4_00780	FOM_4_30:28005-28691	FOM_4_00780
prokka_FOM_4/FOM_4:Gene	lemA	FOM_4_30:28743-29312	FOM_4_00781
prokka_FOM_4/FOM_4:Gene	htpX	FOM_4_30:29327-30223	FOM_4_00782
prokka_FOM_4/FOM_4:Gene	gatD	FOM_4_30:c31011-30298	FOM_4_00783
prokka_FOM_4/FOM_4:Gene	murT	FOM_4_30:c32360-31011	FOM_4_00784
prokka_FOM_4/FOM_4:Gene	tdk	FOM_4_30:32564-33154	FOM_4_00785
prokka_FOM_4/FOM_4:Gene	prfA	FOM_4_30:33213-34298	FOM_4_00786
prokka_FOM_4/FOM_4:Gene	prmC	FOM_4_30:34291-35118	FOM_4_00787
prokka_FOM_4/FOM_4:Gene	ywlC	FOM_4_30:35124-36149	FOM_4_00788
prokka_FOM_4/FOM_4:Gene	upp	FOM_4_30:36474-37103	FOM_4_00789
prokka_FOM_4/FOM_4:Gene	yveA	FOM_4_30:c38862-37255	FOM_4_00790
prokka_FOM_4/FOM_4:Gene	pyrP	FOM_4_30:39360-40646	FOM_4_00791
prokka_FOM_4/FOM_4:Gene	atpB	FOM_4_30:41201-41920	FOM_4_00792
prokka_FOM_4/FOM_4:Gene	atpH_1	FOM_4_30:41973-42203	FOM_4_00793
prokka_FOM_4/FOM_4:Gene	atpF	FOM_4_30:42240-42758	FOM_4_00794
prokka_FOM_4/FOM_4:Gene	atpH_2	FOM_4_30:42748-43290	FOM_4_00795
prokka_FOM_4/FOM_4:Gene	atpA	FOM_4_30:43312-44826	FOM_4_00796
prokka_FOM_4/FOM_4:Gene	atpG	FOM_4_30:44859-45752	FOM_4_00797
prokka_FOM_4/FOM_4:Gene	atpD	FOM_4_30:45785-47185	FOM_4_00798
prokka_FOM_4/FOM_4:Gene	atpC	FOM_4_30:47197-47619	FOM_4_00799
prokka_FOM_4/FOM_4:Gene	FOM_4_00800	FOM_4_30:47711-47935	FOM_4_00800
prokka_FOM_4/FOM_4:Gene	mbl	FOM_4_30:48041-49036	FOM_4_00801
prokka_FOM_4/FOM_4:Gene	FOM_4_00802	FOM_4_30:49036-49317	FOM_4_00802
prokka_FOM_4/FOM_4:Gene	FOM_4_00803	FOM_4_30:49339-49548	FOM_4_00803
prokka_FOM_4/FOM_4:Gene	rodA	FOM_4_30:49598-50809	FOM_4_00804
prokka_FOM_4/FOM_4:Gene	gcvH	FOM_4_30:50819-51115	FOM_4_00805
prokka_FOM_4/FOM_4:Gene	ssrA	FOM_4_30:c51561-51200	FOM_4_00806
prokka_FOM_4/FOM_4:Gene	srrA	FOM_4_30:51717-52433	FOM_4_00807
prokka_FOM_4/FOM_4:Gene	glcU	FOM_4_30:52570-53508	FOM_4_00808
prokka_FOM_4/FOM_4:Gene	pepS	FOM_4_30:c54929-53970	FOM_4_00809
prokka_FOM_4/FOM_4:Gene	FOM_4_00810	FOM_4_30:c55204-55037	FOM_4_00810
prokka_FOM_4/FOM_4:Gene	map	FOM_4_30:55427-56212	FOM_4_00811
prokka_FOM_4/FOM_4:Gene	iolU	FOM_4_30:56338-57339	FOM_4_00812
prokka_FOM_4/FOM_4:Gene	yfmL	FOM_4_30:57367-58710	FOM_4_00813
prokka_FOM_4/FOM_4:Gene	FOM_4_00814	FOM_4_30:58795-58869	FOM_4_00814
prokka_FOM_4/FOM_4:Gene	FOM_4_00815	FOM_4_30:58897-59313	FOM_4_00815
prokka_FOM_4/FOM_4:Gene	FOM_4_00816	FOM_4_30:59374-59448	FOM_4_00816
prokka_FOM_4/FOM_4:Gene	FOM_4_00817	FOM_4_30:59744-59917	FOM_4_00817
prokka_FOM_4/FOM_4:Gene	hup	FOM_4_30:60120-60395	FOM_4_00818
prokka_FOM_4/FOM_4:Gene	FOM_4_00819	FOM_4_30:c60870-60508	FOM_4_00819
prokka_FOM_4/FOM_4:Gene	gatC_3	FOM_4_30:61009-61323	FOM_4_00820
prokka_FOM_4/FOM_4:Gene	gatA_2	FOM_4_30:61323-62786	FOM_4_00821
prokka_FOM_4/FOM_4:Gene	gatB	FOM_4_30:62786-64213	FOM_4_00822
prokka_FOM_4/FOM_4:Gene	dagK	FOM_4_30:64345-65337	FOM_4_00823
prokka_FOM_4/FOM_4:Gene	FOM_4_00824	FOM_4_30:65377-66747	FOM_4_00824
prokka_FOM_4/FOM_4:Gene	FOM_4_00825	FOM_4_30:67145-67399	FOM_4_00825
prokka_FOM_4/FOM_4:Gene	gatA_3	FOM_4_30:67399-68850	FOM_4_00826
prokka_FOM_4/FOM_4:Gene	FOM_4_00827	FOM_4_30:68931-69278	FOM_4_00827
prokka_FOM_4/FOM_4:Gene	FOM_4_00828	FOM_4_30:69462-71000	FOM_4_00828
prokka_FOM_4/FOM_4:Gene	btuD_5	FOM_4_30:70997-71959	FOM_4_00829
prokka_FOM_4/FOM_4:Gene	iscS	FOM_4_30:72436-73587	FOM_4_00830
prokka_FOM_4/FOM_4:Gene	thiI	FOM_4_30:73612-74829	FOM_4_00831
prokka_FOM_4/FOM_4:Gene	FOM_4_00832	FOM_4_30:75180-76109	FOM_4_00832
prokka_FOM_4/FOM_4:Gene	cutC	FOM_4_30:c76914-76276	FOM_4_00833
prokka_FOM_4/FOM_4:Gene	pgl	FOM_4_30:c78075-77056	FOM_4_00834
prokka_FOM_4/FOM_4:Gene	rlmA	FOM_4_30:78273-79124	FOM_4_00835
prokka_FOM_4/FOM_4:Gene	FOM_4_00836	FOM_4_30:79144-79869	FOM_4_00836
prokka_FOM_4/FOM_4:Gene	trmL	FOM_4_30:79910-80425	FOM_4_00837
prokka_FOM_4/FOM_4:Gene	ftsK	FOM_4_30:80485-83046	FOM_4_00838
prokka_FOM_4/FOM_4:Gene	FOM_4_00839	FOM_4_30:c84593-83073	FOM_4_00839
prokka_FOM_4/FOM_4:Gene	FOM_4_00840	FOM_4_30:c85062-84586	FOM_4_00840
prokka_FOM_4/FOM_4:Gene	tpx	FOM_4_30:85226-85726	FOM_4_00841
prokka_FOM_4/FOM_4:Gene	valS	FOM_4_30:86030-88690	FOM_4_00842
prokka_FOM_4/FOM_4:Gene	tag	FOM_4_30:89050-89604	FOM_4_00843
prokka_FOM_4/FOM_4:Gene	secG	FOM_4_30:89687-89926	FOM_4_00844
prokka_FOM_4/FOM_4:Gene	est	FOM_4_30:90126-90869	FOM_4_00845
prokka_FOM_4/FOM_4:Gene	rnr	FOM_4_30:90894-93302	FOM_4_00846
prokka_FOM_4/FOM_4:Gene	smpB	FOM_4_30:93329-93787	FOM_4_00847
prokka_FOM_4/FOM_4:Gene	FOM_4_00848	FOM_4_30:93959-94426	FOM_4_00848
prokka_FOM_4/FOM_4:Gene	mreB	FOM_4_30:94671-95678	FOM_4_00849
prokka_FOM_4/FOM_4:Gene	mreC	FOM_4_30:95778-96623	FOM_4_00850
prokka_FOM_4/FOM_4:Gene	FOM_4_00851	FOM_4_30:96633-97175	FOM_4_00851
prokka_FOM_4/FOM_4:Gene	artQ	FOM_4_30:97464-98105	FOM_4_00852
prokka_FOM_4/FOM_4:Gene	glnQ_5	FOM_4_30:98117-98752	FOM_4_00853
prokka_FOM_4/FOM_4:Gene	fliY	FOM_4_30:98761-99600	FOM_4_00854
prokka_FOM_4/FOM_4:Gene	FOM_4_00855	FOM_4_30:99733-100941	FOM_4_00855
prokka_FOM_4/FOM_4:Gene	FOM_4_00856	FOM_4_30:100931-103318	FOM_4_00856
prokka_FOM_4/FOM_4:Gene	yhaM	FOM_4_30:103354-104307	FOM_4_00857
prokka_FOM_4/FOM_4:Gene	FOM_4_00858	FOM_4_30:c104875-104549	FOM_4_00858
prokka_FOM_4/FOM_4:Gene	pepA	FOM_4_30:105087-106163	FOM_4_00859
prokka_FOM_4/FOM_4:Gene	ytpP	FOM_4_30:106229-106546	FOM_4_00860
prokka_FOM_4/FOM_4:Gene	FOM_4_00861	FOM_4_30:106672-107310	FOM_4_00861
prokka_FOM_4/FOM_4:Gene	murC	FOM_4_30:107443-108750	FOM_4_00862
prokka_FOM_4/FOM_4:Gene	ybhL	FOM_4_30:108818-109537	FOM_4_00863
prokka_FOM_4/FOM_4:Gene	FOM_4_00864	FOM_4_31:32-313	FOM_4_00864
prokka_FOM_4/FOM_4:Gene	FOM_4_00865	FOM_4_31:313-471	FOM_4_00865
prokka_FOM_4/FOM_4:Gene	FOM_4_00866	FOM_4_31:502-663	FOM_4_00866
prokka_FOM_4/FOM_4:Gene	FOM_4_00867	FOM_4_31:810-1397	FOM_4_00867
prokka_FOM_4/FOM_4:Gene	FOM_4_00868	FOM_4_33:c1397-1092	FOM_4_00868
prokka_FOM_4/FOM_4:Gene	FOM_4_00869	FOM_4_34:c1173-2	FOM_4_00869
prokka_FOM_4/FOM_4:Gene	FOM_4_00870	FOM_4_34:c1436-1362	FOM_4_00870
prokka_FOM_4/FOM_4:Gene	FOM_4_00871	FOM_4_34:c1516-1441	FOM_4_00871
prokka_FOM_4/FOM_4:Gene	FOM_4_00872	FOM_4_34:c3168-1605	FOM_4_00872
prokka_FOM_4/FOM_4:Gene	lysS	FOM_4_34:c5082-3595	FOM_4_00873
prokka_FOM_4/FOM_4:Gene	hslO	FOM_4_34:c6053-5172	FOM_4_00874
prokka_FOM_4/FOM_4:Gene	ftsH	FOM_4_34:c8255-6183	FOM_4_00875
prokka_FOM_4/FOM_4:Gene	hpt	FOM_4_34:c8903-8328	FOM_4_00876
prokka_FOM_4/FOM_4:Gene	tilS	FOM_4_34:c10275-8917	FOM_4_00877
prokka_FOM_4/FOM_4:Gene	FOM_4_00878	FOM_4_34:c10714-10340	FOM_4_00878
prokka_FOM_4/FOM_4:Gene	FOM_4_00879	FOM_4_34:c11052-10777	FOM_4_00879
prokka_FOM_4/FOM_4:Gene	murJ_2	FOM_4_34:c12610-11039	FOM_4_00880
prokka_FOM_4/FOM_4:Gene	mfd	FOM_4_34:c16130-12600	FOM_4_00881
prokka_FOM_4/FOM_4:Gene	pth	FOM_4_34:c16730-16167	FOM_4_00882
prokka_FOM_4/FOM_4:Gene	FOM_4_00883	FOM_4_34:16924-17556	FOM_4_00883
prokka_FOM_4/FOM_4:Gene	FOM_4_00884	FOM_4_34:c18196-17801	FOM_4_00884
prokka_FOM_4/FOM_4:Gene	uvrA	FOM_4_34:c21055-18209	FOM_4_00885
prokka_FOM_4/FOM_4:Gene	uvrB	FOM_4_34:c23083-21065	FOM_4_00886
prokka_FOM_4/FOM_4:Gene	yfbR	FOM_4_34:c23837-23208	FOM_4_00887
prokka_FOM_4/FOM_4:Gene	pgcA	FOM_4_34:c25676-23949	FOM_4_00888
prokka_FOM_4/FOM_4:Gene	trxB_1	FOM_4_34:c26700-25771	FOM_4_00889
prokka_FOM_4/FOM_4:Gene	gtaB	FOM_4_34:c27705-26833	FOM_4_00890
prokka_FOM_4/FOM_4:Gene	gpsA	FOM_4_34:c28812-27796	FOM_4_00891
prokka_FOM_4/FOM_4:Gene	lgt	FOM_4_34:c29671-28835	FOM_4_00892
prokka_FOM_4/FOM_4:Gene	hprK	FOM_4_34:c30626-29694	FOM_4_00893
prokka_FOM_4/FOM_4:Gene	FOM_4_00894	FOM_4_34:c30999-30640	FOM_4_00894
prokka_FOM_4/FOM_4:Gene	FOM_4_00895	FOM_4_34:c31401-31003	FOM_4_00895
prokka_FOM_4/FOM_4:Gene	phoU	FOM_4_34:c32296-31619	FOM_4_00896
prokka_FOM_4/FOM_4:Gene	pstB3_1	FOM_4_34:c33077-32319	FOM_4_00897
prokka_FOM_4/FOM_4:Gene	pstB3_2	FOM_4_34:c33910-33092	FOM_4_00898
prokka_FOM_4/FOM_4:Gene	FOM_4_00899	FOM_4_34:c34827-33940	FOM_4_00899
prokka_FOM_4/FOM_4:Gene	FOM_4_00900	FOM_4_34:c35747-34827	FOM_4_00900
prokka_FOM_4/FOM_4:Gene	rcsC	FOM_4_34:c37499-36111	FOM_4_00901
prokka_FOM_4/FOM_4:Gene	phoP_2	FOM_4_34:c38210-37503	FOM_4_00902
prokka_FOM_4/FOM_4:Gene	prfB	FOM_4_34:c39431-38316	FOM_4_00903
prokka_FOM_4/FOM_4:Gene	secA	FOM_4_34:c41886-39523	FOM_4_00904
prokka_FOM_4/FOM_4:Gene	hpf	FOM_4_34:c42674-42123	FOM_4_00905
prokka_FOM_4/FOM_4:Gene	FOM_4_00906	FOM_4_34:c43478-42801	FOM_4_00906
prokka_FOM_4/FOM_4:Gene	comFA	FOM_4_34:c44754-43468	FOM_4_00907
prokka_FOM_4/FOM_4:Gene	yigZ	FOM_4_34:44843-45481	FOM_4_00908
prokka_FOM_4/FOM_4:Gene	pstS1	FOM_4_34:c46483-45590	FOM_4_00909
prokka_FOM_4/FOM_4:Gene	pepC	FOM_4_34:c48121-46787	FOM_4_00910
prokka_FOM_4/FOM_4:Gene	FOM_4_00911	FOM_4_34:c48689-48243	FOM_4_00911
prokka_FOM_4/FOM_4:Gene	FOM_4_00912	FOM_4_34:c51453-48802	FOM_4_00912
prokka_FOM_4/FOM_4:Gene	nadE	FOM_4_34:c52566-51730	FOM_4_00913
prokka_FOM_4/FOM_4:Gene	pncB2	FOM_4_34:c54052-52568	FOM_4_00914
prokka_FOM_4/FOM_4:Gene	FOM_4_00915	FOM_4_34:54221-54910	FOM_4_00915
prokka_FOM_4/FOM_4:Gene	panT	FOM_4_34:c55660-55049	FOM_4_00916
prokka_FOM_4/FOM_4:Gene	ghrB	FOM_4_34:55786-56736	FOM_4_00917
prokka_FOM_4/FOM_4:Gene	yhdG_4	FOM_4_34:c58339-56903	FOM_4_00918
prokka_FOM_4/FOM_4:Gene	dus	FOM_4_34:c59716-58667	FOM_4_00919
prokka_FOM_4/FOM_4:Gene	menA	FOM_4_34:c60764-59859	FOM_4_00920
prokka_FOM_4/FOM_4:Gene	rpsI	FOM_4_34:c61300-60908	FOM_4_00921
prokka_FOM_4/FOM_4:Gene	rplM	FOM_4_34:c61758-61315	FOM_4_00922
prokka_FOM_4/FOM_4:Gene	truA	FOM_4_34:c62680-61916	FOM_4_00923
prokka_FOM_4/FOM_4:Gene	ecfT_2	FOM_4_34:c63491-62691	FOM_4_00924
prokka_FOM_4/FOM_4:Gene	ecfA2	FOM_4_34:c64353-63484	FOM_4_00925
prokka_FOM_4/FOM_4:Gene	ecfA1	FOM_4_34:c65171-64329	FOM_4_00926
prokka_FOM_4/FOM_4:Gene	hepT	FOM_4_34:65474-66457	FOM_4_00927
prokka_FOM_4/FOM_4:Gene	gpmA_3	FOM_4_34:c67141-66479	FOM_4_00928
prokka_FOM_4/FOM_4:Gene	fabH	FOM_4_34:c68216-67242	FOM_4_00929
prokka_FOM_4/FOM_4:Gene	IMPDH	FOM_4_34:68476-70539	FOM_4_00930
prokka_FOM_4/FOM_4:Gene	guaA	FOM_4_34:70573-72120	FOM_4_00931
prokka_FOM_4/FOM_4:Gene	glpQ_1	FOM_4_34:c73075-72338	FOM_4_00932
prokka_FOM_4/FOM_4:Gene	ugpB_1	FOM_4_34:c74435-73092	FOM_4_00933
prokka_FOM_4/FOM_4:Gene	lacG	FOM_4_34:c75268-74447	FOM_4_00934
prokka_FOM_4/FOM_4:Gene	ugpA	FOM_4_34:c76185-75265	FOM_4_00935
prokka_FOM_4/FOM_4:Gene	msmX	FOM_4_34:c77299-76175	FOM_4_00936
prokka_FOM_4/FOM_4:Gene	FOM_4_00937	FOM_4_34:c78014-77574	FOM_4_00937
prokka_FOM_4/FOM_4:Gene	FOM_4_00938	FOM_4_34:c78773-78186	FOM_4_00938
prokka_FOM_4/FOM_4:Gene	FOM_4_00939	FOM_4_34:c79900-79040	FOM_4_00939
prokka_FOM_4/FOM_4:Gene	FOM_4_00940	FOM_4_34:80001-81341	FOM_4_00940
prokka_FOM_4/FOM_4:Gene	FOM_4_00941	FOM_4_34:c82273-81395	FOM_4_00941
prokka_FOM_4/FOM_4:Gene	rplQ	FOM_4_34:c82857-82474	FOM_4_00942
prokka_FOM_4/FOM_4:Gene	rpoA	FOM_4_34:c83832-82888	FOM_4_00943
prokka_FOM_4/FOM_4:Gene	rpsK	FOM_4_34:c84313-83927	FOM_4_00944
prokka_FOM_4/FOM_4:Gene	rpsM	FOM_4_34:c84711-84346	FOM_4_00945
prokka_FOM_4/FOM_4:Gene	rpmJ	FOM_4_34:c84894-84775	FOM_4_00946
prokka_FOM_4/FOM_4:Gene	infA	FOM_4_34:c85138-84923	FOM_4_00947
prokka_FOM_4/FOM_4:Gene	adk	FOM_4_34:c85847-85287	FOM_4_00948
prokka_FOM_4/FOM_4:Gene	secY	FOM_4_34:c87155-85851	FOM_4_00949
prokka_FOM_4/FOM_4:Gene	rplO	FOM_4_34:c87589-87155	FOM_4_00950
prokka_FOM_4/FOM_4:Gene	rpmD	FOM_4_34:c87806-87624	FOM_4_00951
prokka_FOM_4/FOM_4:Gene	rpsE	FOM_4_34:c88325-87822	FOM_4_00952
prokka_FOM_4/FOM_4:Gene	rplR	FOM_4_34:c88702-88346	FOM_4_00953
prokka_FOM_4/FOM_4:Gene	rplF	FOM_4_34:c89291-88755	FOM_4_00954
prokka_FOM_4/FOM_4:Gene	rpsH	FOM_4_34:c89723-89325	FOM_4_00955
prokka_FOM_4/FOM_4:Gene	rpsZ	FOM_4_34:c89968-89783	FOM_4_00956
prokka_FOM_4/FOM_4:Gene	rplE	FOM_4_34:c90528-89986	FOM_4_00957
prokka_FOM_4/FOM_4:Gene	rplX	FOM_4_34:c90869-90561	FOM_4_00958
prokka_FOM_4/FOM_4:Gene	rplN	FOM_4_34:c91277-90909	FOM_4_00959
prokka_FOM_4/FOM_4:Gene	rpsQ	FOM_4_34:c91604-91338	FOM_4_00960
prokka_FOM_4/FOM_4:Gene	rpmC	FOM_4_34:c91822-91628	FOM_4_00961
prokka_FOM_4/FOM_4:Gene	rplP	FOM_4_34:c92244-91825	FOM_4_00962
prokka_FOM_4/FOM_4:Gene	rpsC	FOM_4_34:c92896-92246	FOM_4_00963
prokka_FOM_4/FOM_4:Gene	rplV	FOM_4_34:c93261-92911	FOM_4_00964
prokka_FOM_4/FOM_4:Gene	rpsS	FOM_4_34:c93562-93281	FOM_4_00965
prokka_FOM_4/FOM_4:Gene	rplB	FOM_4_34:c94441-93608	FOM_4_00966
prokka_FOM_4/FOM_4:Gene	rplW	FOM_4_34:c94753-94466	FOM_4_00967
prokka_FOM_4/FOM_4:Gene	rplD	FOM_4_34:c95376-94753	FOM_4_00968
prokka_FOM_4/FOM_4:Gene	rplC	FOM_4_34:c96025-95399	FOM_4_00969
prokka_FOM_4/FOM_4:Gene	rpsJ	FOM_4_34:c96391-96083	FOM_4_00970
prokka_FOM_4/FOM_4:Gene	rutB	FOM_4_34:96699-97247	FOM_4_00971
prokka_FOM_4/FOM_4:Gene	potD_2	FOM_4_34:c98548-97457	FOM_4_00972
prokka_FOM_4/FOM_4:Gene	ydcV_2	FOM_4_34:c99363-98548	FOM_4_00973
prokka_FOM_4/FOM_4:Gene	potB_2	FOM_4_34:c100169-99363	FOM_4_00974
prokka_FOM_4/FOM_4:Gene	potA_2	FOM_4_34:c101265-100180	FOM_4_00975
prokka_FOM_4/FOM_4:Gene	fus	FOM_4_34:c103513-101396	FOM_4_00976
prokka_FOM_4/FOM_4:Gene	rpsG	FOM_4_34:c104089-103619	FOM_4_00977
prokka_FOM_4/FOM_4:Gene	rpsL	FOM_4_34:c104520-104107	FOM_4_00978
prokka_FOM_4/FOM_4:Gene	FOM_4_00979	FOM_4_34:104815-105408	FOM_4_00979
prokka_FOM_4/FOM_4:Gene	rpoC	FOM_4_34:c109100-105453	FOM_4_00980
prokka_FOM_4/FOM_4:Gene	rpoB	FOM_4_34:c112688-109119	FOM_4_00981
prokka_FOM_4/FOM_4:Gene	clpC	FOM_4_34:c115461-112996	FOM_4_00982
prokka_FOM_4/FOM_4:Gene	ctsR	FOM_4_34:c115953-115486	FOM_4_00983
prokka_FOM_4/FOM_4:Gene	FOM_4_00984	FOM_4_34:c116180-116104	FOM_4_00984
prokka_FOM_4/FOM_4:Gene	FOM_4_00985	FOM_4_35:c990-589	FOM_4_00985
prokka_FOM_4/FOM_4:Gene	FOM_4_00986	FOM_4_35:1051-1401	FOM_4_00986
prokka_FOM_4/FOM_4:Gene	FOM_4_00987	FOM_4_36:c1755-493	FOM_4_00987
prokka_FOM_4/FOM_4:Gene	ltaS1_2	FOM_4_36:c3981-1897	FOM_4_00988
prokka_FOM_4/FOM_4:Gene	FOM_4_00989	FOM_4_36:c4380-4132	FOM_4_00989
prokka_FOM_4/FOM_4:Gene	FOM_4_00990	FOM_4_36:c5441-4380	FOM_4_00990
prokka_FOM_4/FOM_4:Gene	FOM_4_00991	FOM_4_36:c6671-5463	FOM_4_00991
prokka_FOM_4/FOM_4:Gene	ptsI	FOM_4_36:c8672-6948	FOM_4_00992
prokka_FOM_4/FOM_4:Gene	ptsH	FOM_4_36:c8938-8672	FOM_4_00993
prokka_FOM_4/FOM_4:Gene	FOM_4_00994	FOM_4_36:c9408-9226	FOM_4_00994
prokka_FOM_4/FOM_4:Gene	clpE	FOM_4_36:9663-11909	FOM_4_00995
prokka_FOM_4/FOM_4:Gene	prfC	FOM_4_36:c13643-12072	FOM_4_00996
prokka_FOM_4/FOM_4:Gene	eno2	FOM_4_36:c15166-13841	FOM_4_00997
prokka_FOM_4/FOM_4:Gene	tpiA	FOM_4_36:c16049-15291	FOM_4_00998
prokka_FOM_4/FOM_4:Gene	pgk	FOM_4_36:c17376-16174	FOM_4_00999
prokka_FOM_4/FOM_4:Gene	gap	FOM_4_36:c18537-17515	FOM_4_01000
prokka_FOM_4/FOM_4:Gene	arcD1_2	FOM_4_36:c20160-18745	FOM_4_01001
prokka_FOM_4/FOM_4:Gene	ybjI	FOM_4_36:c21232-20399	FOM_4_01002
prokka_FOM_4/FOM_4:Gene	rpsD	FOM_4_36:c21988-21377	FOM_4_01003
prokka_FOM_4/FOM_4:Gene	FOM_4_01004	FOM_4_36:22317-22781	FOM_4_01004
prokka_FOM_4/FOM_4:Gene	FOM_4_01005	FOM_4_36:22786-24054	FOM_4_01005
prokka_FOM_4/FOM_4:Gene	FOM_4_01006	FOM_4_36:24351-24638	FOM_4_01006
prokka_FOM_4/FOM_4:Gene	FOM_4_01007	FOM_4_36:24720-25169	FOM_4_01007
prokka_FOM_4/FOM_4:Gene	FOM_4_01008	FOM_4_36:c26162-25338	FOM_4_01008
prokka_FOM_4/FOM_4:Gene	FOM_4_01009	FOM_4_36:c26706-26185	FOM_4_01009
prokka_FOM_4/FOM_4:Gene	yvyI	FOM_4_36:c28287-27331	FOM_4_01010
prokka_FOM_4/FOM_4:Gene	FOM_4_01011	FOM_4_36:c28949-28482	FOM_4_01011
prokka_FOM_4/FOM_4:Gene	FOM_4_01012	FOM_4_36:c29326-29024	FOM_4_01012
prokka_FOM_4/FOM_4:Gene	nagB	FOM_4_36:c30225-29521	FOM_4_01013
prokka_FOM_4/FOM_4:Gene	glmS	FOM_4_36:c32371-30542	FOM_4_01014
prokka_FOM_4/FOM_4:Gene	glmM	FOM_4_36:c34256-32886	FOM_4_01015
prokka_FOM_4/FOM_4:Gene	cdaR	FOM_4_36:c35431-34268	FOM_4_01016
prokka_FOM_4/FOM_4:Gene	dacA_4	FOM_4_36:c36261-35431	FOM_4_01017
prokka_FOM_4/FOM_4:Gene	clpP	FOM_4_36:c37032-36442	FOM_4_01018
prokka_FOM_4/FOM_4:Gene	whiA	FOM_4_36:c38097-37141	FOM_4_01019
prokka_FOM_4/FOM_4:Gene	FOM_4_01020	FOM_4_36:c39085-38114	FOM_4_01020
prokka_FOM_4/FOM_4:Gene	yvcJ	FOM_4_36:c39957-39082	FOM_4_01021
prokka_FOM_4/FOM_4:Gene	FOM_4_01022	FOM_4_36:c40885-40109	FOM_4_01022
prokka_FOM_4/FOM_4:Gene	FOM_4_01023	FOM_4_36:c42106-41132	FOM_4_01023
prokka_FOM_4/FOM_4:Gene	oxyR_2	FOM_4_36:42485-43372	FOM_4_01024
prokka_FOM_4/FOM_4:Gene	tyrS	FOM_4_36:c44894-43641	FOM_4_01025
prokka_FOM_4/FOM_4:Gene	FOM_4_01026	FOM_4_36:c45972-45154	FOM_4_01026
prokka_FOM_4/FOM_4:Gene	FOM_4_01027	FOM_4_36:c46246-45986	FOM_4_01027
prokka_FOM_4/FOM_4:Gene	recR	FOM_4_36:c46842-46243	FOM_4_01028
prokka_FOM_4/FOM_4:Gene	FOM_4_01029	FOM_4_36:c47171-46866	FOM_4_01029
prokka_FOM_4/FOM_4:Gene	FOM_4_01030	FOM_4_36:c49057-47198	FOM_4_01030
prokka_FOM_4/FOM_4:Gene	tadA_1	FOM_4_36:c49819-49301	FOM_4_01031
prokka_FOM_4/FOM_4:Gene	rsmC	FOM_4_36:c50437-49832	FOM_4_01032
prokka_FOM_4/FOM_4:Gene	nrdH	FOM_4_36:50647-50874	FOM_4_01033
prokka_FOM_4/FOM_4:Gene	nrdE2	FOM_4_36:51003-53168	FOM_4_01034
prokka_FOM_4/FOM_4:Gene	nrdF	FOM_4_36:53328-54281	FOM_4_01035
prokka_FOM_4/FOM_4:Gene	rplL	FOM_4_36:c54957-54592	FOM_4_01036
prokka_FOM_4/FOM_4:Gene	rplJ	FOM_4_36:c55504-54998	FOM_4_01037
prokka_FOM_4/FOM_4:Gene	rplA	FOM_4_36:c56414-55722	FOM_4_01038
prokka_FOM_4/FOM_4:Gene	rplK	FOM_4_36:c56937-56512	FOM_4_01039
prokka_FOM_4/FOM_4:Gene	mepA	FOM_4_36:c58427-57078	FOM_4_01040
prokka_FOM_4/FOM_4:Gene	nusG	FOM_4_36:c59124-58570	FOM_4_01041
prokka_FOM_4/FOM_4:Gene	FOM_4_01042	FOM_4_36:c59412-59242	FOM_4_01042
prokka_FOM_4/FOM_4:Gene	rpmG3	FOM_4_36:c59577-59428	FOM_4_01043
prokka_FOM_4/FOM_4:Gene	FOM_4_01044	FOM_4_36:c60230-59646	FOM_4_01044
prokka_FOM_4/FOM_4:Gene	FOM_4_01045	FOM_4_36:c61298-60417	FOM_4_01045
prokka_FOM_4/FOM_4:Gene	mrnC	FOM_4_36:c61716-61288	FOM_4_01046
prokka_FOM_4/FOM_4:Gene	cysS	FOM_4_36:c63122-61701	FOM_4_01047
prokka_FOM_4/FOM_4:Gene	gltX	FOM_4_36:c64774-63278	FOM_4_01048
prokka_FOM_4/FOM_4:Gene	yacL	FOM_4_36:c66007-64892	FOM_4_01049
prokka_FOM_4/FOM_4:Gene	radA	FOM_4_36:c67502-66093	FOM_4_01050
prokka_FOM_4/FOM_4:Gene	dut	FOM_4_36:c68060-67518	FOM_4_01051
prokka_FOM_4/FOM_4:Gene	yjdJ	FOM_4_36:68216-68497	FOM_4_01052
prokka_FOM_4/FOM_4:Gene	rpiA	FOM_4_36:68564-69250	FOM_4_01053
prokka_FOM_4/FOM_4:Gene	purK_1	FOM_4_36:c70560-69424	FOM_4_01054
prokka_FOM_4/FOM_4:Gene	lytG	FOM_4_36:c71261-70590	FOM_4_01055
prokka_FOM_4/FOM_4:Gene	FOM_4_01056	FOM_4_36:c73038-71281	FOM_4_01056
prokka_FOM_4/FOM_4:Gene	cydD	FOM_4_36:c74780-73038	FOM_4_01057
prokka_FOM_4/FOM_4:Gene	cydB	FOM_4_36:c75833-74817	FOM_4_01058
prokka_FOM_4/FOM_4:Gene	cydA	FOM_4_36:c77284-75833	FOM_4_01059
prokka_FOM_4/FOM_4:Gene	metQ	FOM_4_36:77845-78675	FOM_4_01060
prokka_FOM_4/FOM_4:Gene	metN	FOM_4_36:79085-80167	FOM_4_01061
prokka_FOM_4/FOM_4:Gene	metP	FOM_4_36:80167-80859	FOM_4_01062
prokka_FOM_4/FOM_4:Gene	nagR	FOM_4_36:c81677-80976	FOM_4_01063
prokka_FOM_4/FOM_4:Gene	nagA	FOM_4_36:c82831-81695	FOM_4_01064
prokka_FOM_4/FOM_4:Gene	proC	FOM_4_36:c83646-82855	FOM_4_01065
prokka_FOM_4/FOM_4:Gene	FOM_4_01066	FOM_4_36:c83842-83769	FOM_4_01066
prokka_FOM_4/FOM_4:Gene	FOM_4_01067	FOM_4_36:c83927-83847	FOM_4_01067
prokka_FOM_4/FOM_4:Gene	dtpT_2	FOM_4_36:c85672-84215	FOM_4_01068
prokka_FOM_4/FOM_4:Gene	FOM_4_01069	FOM_4_36:c85983-85909	FOM_4_01069
prokka_FOM_4/FOM_4:Gene	FOM_4_01070	FOM_4_36:c86108-86034	FOM_4_01070
prokka_FOM_4/FOM_4:Gene	glpT_2	FOM_4_37:c1360-263	FOM_4_01071
prokka_FOM_4/FOM_4:Gene	yueI	FOM_4_38:c503-129	FOM_4_01072
prokka_FOM_4/FOM_4:Gene	mdrP_2	FOM_4_38:c1827-598	FOM_4_01073
prokka_FOM_4/FOM_4:Gene	speG	FOM_4_39:c779-267	FOM_4_01074
prokka_FOM_4/FOM_4:Gene	bsaA	FOM_4_39:1141-1614	FOM_4_01075
prokka_FOM_4/FOM_4:Gene	FOM_4_01076	FOM_4_39:c2060-1782	FOM_4_01076
prokka_FOM_4/FOM_4:Gene	FOM_4_01077	FOM_4_39:2239-2514	FOM_4_01077
prokka_FOM_4/FOM_4:Gene	sugC	FOM_4_39:2781-3590	FOM_4_01078
prokka_FOM_4/FOM_4:Gene	FOM_4_01079	FOM_4_39:3587-3820	FOM_4_01079
prokka_FOM_4/FOM_4:Gene	lacF	FOM_4_39:3817-4713	FOM_4_01080
prokka_FOM_4/FOM_4:Gene	araQ	FOM_4_39:4728-5552	FOM_4_01081
prokka_FOM_4/FOM_4:Gene	ugpB_2	FOM_4_39:5612-6898	FOM_4_01082
prokka_FOM_4/FOM_4:Gene	FOM_4_01083	FOM_4_39:6922-8172	FOM_4_01083
prokka_FOM_4/FOM_4:Gene	fhs1	FOM_4_39:c10046-8385	FOM_4_01084
prokka_FOM_4/FOM_4:Gene	purD	FOM_4_39:c11318-10071	FOM_4_01085
prokka_FOM_4/FOM_4:Gene	purH	FOM_4_39:c12858-11329	FOM_4_01086
prokka_FOM_4/FOM_4:Gene	purN	FOM_4_39:c13447-12875	FOM_4_01087
prokka_FOM_4/FOM_4:Gene	purM	FOM_4_39:c14474-13437	FOM_4_01088
prokka_FOM_4/FOM_4:Gene	purF	FOM_4_39:c15928-14444	FOM_4_01089
prokka_FOM_4/FOM_4:Gene	purL	FOM_4_39:c18144-15928	FOM_4_01090
prokka_FOM_4/FOM_4:Gene	purQ	FOM_4_39:c18824-18141	FOM_4_01091
prokka_FOM_4/FOM_4:Gene	purS	FOM_4_39:c19089-18835	FOM_4_01092
prokka_FOM_4/FOM_4:Gene	purC	FOM_4_39:c19826-19089	FOM_4_01093
prokka_FOM_4/FOM_4:Gene	purK_2	FOM_4_39:c20952-19831	FOM_4_01094
prokka_FOM_4/FOM_4:Gene	purE	FOM_4_39:c21430-20945	FOM_4_01095
prokka_FOM_4/FOM_4:Gene	mepS	FOM_4_39:c22092-21628	FOM_4_01096
prokka_FOM_4/FOM_4:Gene	rpsP	FOM_4_39:c22610-22338	FOM_4_01097
prokka_FOM_4/FOM_4:Gene	FOM_4_01098	FOM_4_39:c23138-22743	FOM_4_01098
prokka_FOM_4/FOM_4:Gene	FOM_4_01099	FOM_4_39:c25540-23156	FOM_4_01099
prokka_FOM_4/FOM_4:Gene	FOM_4_01100	FOM_4_39:c26960-25542	FOM_4_01100
prokka_FOM_4/FOM_4:Gene	ffh	FOM_4_39:c28843-27368	FOM_4_01101
prokka_FOM_4/FOM_4:Gene	FOM_4_01102	FOM_4_39:c29199-28858	FOM_4_01102
prokka_FOM_4/FOM_4:Gene	ftsY	FOM_4_39:c30482-29214	FOM_4_01103
prokka_FOM_4/FOM_4:Gene	smc_2	FOM_4_39:c34049-30498	FOM_4_01104
prokka_FOM_4/FOM_4:Gene	rnc	FOM_4_39:c34758-34057	FOM_4_01105
prokka_FOM_4/FOM_4:Gene	acpP	FOM_4_39:c35396-35145	FOM_4_01106
prokka_FOM_4/FOM_4:Gene	plsX	FOM_4_39:c36438-35401	FOM_4_01107
prokka_FOM_4/FOM_4:Gene	recG	FOM_4_39:c38521-36467	FOM_4_01108
prokka_FOM_4/FOM_4:Gene	FOM_4_01109	FOM_4_39:c40407-38731	FOM_4_01109
prokka_FOM_4/FOM_4:Gene	FOM_4_01110	FOM_4_39:c40800-40438	FOM_4_01110
prokka_FOM_4/FOM_4:Gene	rpmB	FOM_4_39:c41203-41003	FOM_4_01111
prokka_FOM_4/FOM_4:Gene	thiN	FOM_4_39:c42067-41405	FOM_4_01112
prokka_FOM_4/FOM_4:Gene	rpe	FOM_4_39:c42811-42155	FOM_4_01113
prokka_FOM_4/FOM_4:Gene	rsgA	FOM_4_39:c43729-42827	FOM_4_01114
prokka_FOM_4/FOM_4:Gene	yqeY	FOM_4_39:c44375-43932	FOM_4_01115
prokka_FOM_4/FOM_4:Gene	FOM_4_01116	FOM_4_39:c46265-44439	FOM_4_01116
prokka_FOM_4/FOM_4:Gene	FOM_4_01117	FOM_4_39:46418-47233	FOM_4_01117
prokka_FOM_4/FOM_4:Gene	mutS2	FOM_4_39:c49788-47413	FOM_4_01118
prokka_FOM_4/FOM_4:Gene	FOM_4_01119	FOM_4_39:c50354-49809	FOM_4_01119
prokka_FOM_4/FOM_4:Gene	zapA	FOM_4_39:c50624-50358	FOM_4_01120
prokka_FOM_4/FOM_4:Gene	rnhC	FOM_4_39:50801-51736	FOM_4_01121
prokka_FOM_4/FOM_4:Gene	FOM_4_01122	FOM_4_39:c52356-51907	FOM_4_01122
prokka_FOM_4/FOM_4:Gene	mntH	FOM_4_39:c53742-52375	FOM_4_01123
prokka_FOM_4/FOM_4:Gene	FOM_4_01124	FOM_4_39:c54647-53973	FOM_4_01124
prokka_FOM_4/FOM_4:Gene	FOM_4_01125	FOM_4_39:c55367-54660	FOM_4_01125
prokka_FOM_4/FOM_4:Gene	perR	FOM_4_39:55470-55952	FOM_4_01126
prokka_FOM_4/FOM_4:Gene	pyk	FOM_4_39:c57436-56000	FOM_4_01127
prokka_FOM_4/FOM_4:Gene	dnaE	FOM_4_39:c60886-57539	FOM_4_01128
prokka_FOM_4/FOM_4:Gene	FOM_4_01129	FOM_4_39:61023-61205	FOM_4_01129
prokka_FOM_4/FOM_4:Gene	pepT	FOM_4_39:c62477-61248	FOM_4_01130
prokka_FOM_4/FOM_4:Gene	FOM_4_01131	FOM_4_39:c63307-62501	FOM_4_01131
prokka_FOM_4/FOM_4:Gene	trmK	FOM_4_39:c63981-63304	FOM_4_01132
prokka_FOM_4/FOM_4:Gene	rpsT	FOM_4_39:c64387-64133	FOM_4_01133
prokka_FOM_4/FOM_4:Gene	rpsO	FOM_4_39:c64720-64451	FOM_4_01134
prokka_FOM_4/FOM_4:Gene	yqeN	FOM_4_39:c65871-64855	FOM_4_01135
prokka_FOM_4/FOM_4:Gene	comEC	FOM_4_39:c67134-65878	FOM_4_01136
prokka_FOM_4/FOM_4:Gene	FOM_4_01137	FOM_4_39:c68057-67191	FOM_4_01137
prokka_FOM_4/FOM_4:Gene	tadA_2	FOM_4_39:c68601-68128	FOM_4_01138
prokka_FOM_4/FOM_4:Gene	comEA	FOM_4_39:c69382-68678	FOM_4_01139
prokka_FOM_4/FOM_4:Gene	trxA	FOM_4_39:c69810-69493	FOM_4_01140
prokka_FOM_4/FOM_4:Gene	FOM_4_01141	FOM_4_39:69992-70144	FOM_4_01141
prokka_FOM_4/FOM_4:Gene	FOM_4_01142	FOM_4_39:c70616-70323	FOM_4_01142
prokka_FOM_4/FOM_4:Gene	engB	FOM_4_39:c71245-70619	FOM_4_01143
prokka_FOM_4/FOM_4:Gene	clpX	FOM_4_39:c72668-71415	FOM_4_01144
prokka_FOM_4/FOM_4:Gene	tig	FOM_4_39:c74154-72853	FOM_4_01145
prokka_FOM_4/FOM_4:Gene	tuf	FOM_4_39:c75575-74388	FOM_4_01146
prokka_FOM_4/FOM_4:Gene	FOM_4_01147	FOM_4_39:c76691-75780	FOM_4_01147
prokka_FOM_4/FOM_4:Gene	rnj2	FOM_4_39:c78638-76761	FOM_4_01148
prokka_FOM_4/FOM_4:Gene	mltG	FOM_4_39:c80089-78932	FOM_4_01149
prokka_FOM_4/FOM_4:Gene	pheT	FOM_4_39:c82525-80102	FOM_4_01150
prokka_FOM_4/FOM_4:Gene	pheS	FOM_4_39:c83572-82541	FOM_4_01151
prokka_FOM_4/FOM_4:Gene	yodB	FOM_4_39:c84263-83934	FOM_4_01152
prokka_FOM_4/FOM_4:Gene	FOM_4_01153	FOM_4_39:c84883-84401	FOM_4_01153
prokka_FOM_4/FOM_4:Gene	xylB_2	FOM_4_39:c86505-84970	FOM_4_01154
prokka_FOM_4/FOM_4:Gene	rlmB	FOM_4_39:c87451-86684	FOM_4_01155
prokka_FOM_4/FOM_4:Gene	yidC	FOM_4_39:c88505-87561	FOM_4_01156
prokka_FOM_4/FOM_4:Gene	FOM_4_01157	FOM_4_39:88777-89793	FOM_4_01157
prokka_FOM_4/FOM_4:Gene	FOM_4_01158	FOM_4_39:c90207-89866	FOM_4_01158
prokka_FOM_4/FOM_4:Gene	pbpF	FOM_4_39:c92363-90273	FOM_4_01159
prokka_FOM_4/FOM_4:Gene	argR_2	FOM_4_39:c92832-92365	FOM_4_01160
prokka_FOM_4/FOM_4:Gene	argS	FOM_4_39:c94694-93003	FOM_4_01161
prokka_FOM_4/FOM_4:Gene	FOM_4_01162	FOM_4_39:c95024-94954	FOM_4_01162
prokka_FOM_4/FOM_4:Gene	FOM_4_01163	FOM_4_39:c95375-95088	FOM_4_01163
prokka_FOM_4/FOM_4:Gene	FOM_4_01164	FOM_4_39:95507-95842	FOM_4_01164
prokka_FOM_4/FOM_4:Gene	obg	FOM_4_39:c97323-96010	FOM_4_01165
prokka_FOM_4/FOM_4:Gene	glnA	FOM_4_39:c98898-97552	FOM_4_01166
prokka_FOM_4/FOM_4:Gene	glnR	FOM_4_39:c99254-98901	FOM_4_01167
prokka_FOM_4/FOM_4:Gene	miaA	FOM_4_39:c100285-99344	FOM_4_01168
prokka_FOM_4/FOM_4:Gene	glpQ_2	FOM_4_39:c101016-100282	FOM_4_01169
prokka_FOM_4/FOM_4:Gene	FOM_4_01170	FOM_4_39:101128-101310	FOM_4_01170
prokka_FOM_4/FOM_4:Gene	FOM_4_01171	FOM_4_39:c102050-101538	FOM_4_01171
prokka_FOM_4/FOM_4:Gene	FOM_4_01172	FOM_4_39:102199-102275	FOM_4_01172
prokka_FOM_4/FOM_4:Gene	ileS	FOM_4_39:c105280-102482	FOM_4_01173
prokka_FOM_4/FOM_4:Gene	gpsB	FOM_4_39:c106232-105516	FOM_4_01174
prokka_FOM_4/FOM_4:Gene	FOM_4_01175	FOM_4_39:c107040-106243	FOM_4_01175
prokka_FOM_4/FOM_4:Gene	FOM_4_01176	FOM_4_39:c107334-107065	FOM_4_01176
prokka_FOM_4/FOM_4:Gene	sepF	FOM_4_39:c107792-107352	FOM_4_01177
prokka_FOM_4/FOM_4:Gene	ftsZ	FOM_4_39:c109087-107816	FOM_4_01178
prokka_FOM_4/FOM_4:Gene	ftsA	FOM_4_39:c110478-109105	FOM_4_01179
prokka_FOM_4/FOM_4:Gene	ylbL	FOM_4_39:c111773-110736	FOM_4_01180
prokka_FOM_4/FOM_4:Gene	coaD	FOM_4_39:c112272-111790	FOM_4_01181
prokka_FOM_4/FOM_4:Gene	rsmD	FOM_4_39:c112835-112278	FOM_4_01182
prokka_FOM_4/FOM_4:Gene	FOM_4_01183	FOM_4_39:c113152-112835	FOM_4_01183
prokka_FOM_4/FOM_4:Gene	ftsW	FOM_4_39:c114331-113168	FOM_4_01184
prokka_FOM_4/FOM_4:Gene	uvrC	FOM_4_39:c116191-114389	FOM_4_01185
prokka_FOM_4/FOM_4:Gene	dtd	FOM_4_39:c116707-116216	FOM_4_01186
prokka_FOM_4/FOM_4:Gene	relA	FOM_4_39:c119001-116770	FOM_4_01187
prokka_FOM_4/FOM_4:Gene	ypdF_1	FOM_4_39:c120028-119489	FOM_4_01188
prokka_FOM_4/FOM_4:Gene	ypdF_2	FOM_4_39:c120563-119994	FOM_4_01189
prokka_FOM_4/FOM_4:Gene	FOM_4_01190	FOM_4_39:c120926-120570	FOM_4_01190
prokka_FOM_4/FOM_4:Gene	manZ	FOM_4_39:c121954-121016	FOM_4_01191
prokka_FOM_4/FOM_4:Gene	sorA	FOM_4_39:c122769-121969	FOM_4_01192
prokka_FOM_4/FOM_4:Gene	manX	FOM_4_39:c123822-122836	FOM_4_01193
prokka_FOM_4/FOM_4:Gene	FOM_4_01194	FOM_4_39:c124975-123947	FOM_4_01194
prokka_FOM_4/FOM_4:Gene	FOM_4_01195	FOM_4_39:c125393-125187	FOM_4_01195
prokka_FOM_4/FOM_4:Gene	gluP	FOM_4_39:c126079-125411	FOM_4_01196
prokka_FOM_4/FOM_4:Gene	FOM_4_01197	FOM_4_39:c126626-126063	FOM_4_01197
prokka_FOM_4/FOM_4:Gene	gltT	FOM_4_39:c128049-126772	FOM_4_01198
prokka_FOM_4/FOM_4:Gene	cycA_2	FOM_4_39:c129497-128151	FOM_4_01199
prokka_FOM_4/FOM_4:Gene	dnaJ	FOM_4_39:c130928-129822	FOM_4_01200
prokka_FOM_4/FOM_4:Gene	dnaK	FOM_4_39:c132852-131023	FOM_4_01201
prokka_FOM_4/FOM_4:Gene	grpE	FOM_4_39:c133472-132888	FOM_4_01202
prokka_FOM_4/FOM_4:Gene	hrcA	FOM_4_39:c134535-133483	FOM_4_01203
prokka_FOM_4/FOM_4:Gene	mshD	FOM_4_39:c135210-134662	FOM_4_01204
prokka_FOM_4/FOM_4:Gene	FOM_4_01205	FOM_4_39:135375-136979	FOM_4_01205
prokka_FOM_4/FOM_4:Gene	dnaD	FOM_4_39:c137883-137173	FOM_4_01206
prokka_FOM_4/FOM_4:Gene	asnS	FOM_4_39:c139275-137980	FOM_4_01207
prokka_FOM_4/FOM_4:Gene	FOM_4_01208	FOM_4_39:c139913-139401	FOM_4_01208
prokka_FOM_4/FOM_4:Gene	FOM_4_01209	FOM_4_39:c140144-140069	FOM_4_01209
prokka_FOM_4/FOM_4:Gene	FOM_4_01210	FOM_4_39:c140258-140169	FOM_4_01210
prokka_FOM_4/FOM_4:Gene	lagD	FOM_4_41:855-3005	FOM_4_01211
prokka_FOM_4/FOM_4:Gene	lcnD	FOM_4_41:3015-4385	FOM_4_01212
prokka_FOM_4/FOM_4:Gene	FOM_4_01213	FOM_4_41:4388-4666	FOM_4_01213
prokka_FOM_4/FOM_4:Gene	alsS_2	FOM_4_42:c1180-659	FOM_4_01214
prokka_FOM_4/FOM_4:Gene	licT	FOM_4_43:c1198-338	FOM_4_01215
prokka_FOM_4/FOM_4:Gene	bglH	FOM_4_43:c2664-1210	FOM_4_01216
prokka_FOM_4/FOM_4:Gene	bglF	FOM_4_43:c4538-2664	FOM_4_01217
prokka_FOM_4/FOM_4:Gene	FOM_4_01218	FOM_4_45:c433-89	FOM_4_01218
prokka_FOM_4/FOM_4:Gene	FOM_4_01219	FOM_4_45:c1038-466	FOM_4_01219
prokka_FOM_4/FOM_4:Gene	trxB_2	FOM_4_46:112-1056	FOM_4_01220
prokka_FOM_4/FOM_4:Gene	FOM_4_01221	FOM_4_46:1075-1722	FOM_4_01221
prokka_FOM_4/FOM_4:Gene	FOM_4_01222	FOM_4_46:1735-1863	FOM_4_01222
prokka_FOM_4/FOM_4:Gene	garB_2	FOM_4_46:1881-3212	FOM_4_01223
prokka_FOM_4/FOM_4:Gene	FOM_4_01224	FOM_4_46:c4596-4102	FOM_4_01224
prokka_FOM_4/FOM_4:Gene	carC	FOM_4_46:c5810-4977	FOM_4_01225
prokka_FOM_4/FOM_4:Gene	adh	FOM_4_46:c6819-5812	FOM_4_01226
prokka_FOM_4/FOM_4:Gene	ywnA	FOM_4_46:c7245-6835	FOM_4_01227
prokka_FOM_4/FOM_4:Gene	FOM_4_01228	FOM_4_47:c1006-293	FOM_4_01228
prokka_FOM_4/FOM_4:Gene	FOM_4_01229	FOM_4_48:c271-20	FOM_4_01229
prokka_FOM_4/FOM_4:Gene	FOM_4_01230	FOM_4_48:c1795-275	FOM_4_01230
prokka_FOM_4/FOM_4:Gene	FOM_4_01231	FOM_4_49:c1759-1469	FOM_4_01231
prokka_FOM_4/FOM_4:Gene	FOM_4_01232	FOM_4_49:c2843-2397	FOM_4_01232
prokka_FOM_4/FOM_4:Gene	FOM_4_01233	FOM_4_49:c3501-2875	FOM_4_01233
prokka_FOM_4/FOM_4:Gene	FOM_4_01234	FOM_4_49:c4203-3577	FOM_4_01234
prokka_FOM_4/FOM_4:Gene	gtfA_1	FOM_4_49:c5743-4256	FOM_4_01235
prokka_FOM_4/FOM_4:Gene	tagE	FOM_4_49:c6345-5740	FOM_4_01236
prokka_FOM_4/FOM_4:Gene	gtfA_2	FOM_4_49:c7243-6323	FOM_4_01237
prokka_FOM_4/FOM_4:Gene	FOM_4_01238	FOM_4_49:c8649-8092	FOM_4_01238
prokka_FOM_4/FOM_4:Gene	rpiB	FOM_4_49:8842-9345	FOM_4_01239
prokka_FOM_4/FOM_4:Gene	FOM_4_01240	FOM_4_49:9700-9984	FOM_4_01240
prokka_FOM_4/FOM_4:Gene	FOM_4_01241	FOM_4_49:10173-10472	FOM_4_01241
prokka_FOM_4/FOM_4:Gene	FOM_4_01242	FOM_4_49:10539-10811	FOM_4_01242
prokka_FOM_4/FOM_4:Gene	FOM_4_01243	FOM_4_49:c11668-10901	FOM_4_01243
prokka_FOM_4/FOM_4:Gene	FOM_4_01244	FOM_4_49:c13043-11670	FOM_4_01244
prokka_FOM_4/FOM_4:Gene	FOM_4_01245	FOM_4_49:c13562-13359	FOM_4_01245
prokka_FOM_4/FOM_4:Gene	aroB	FOM_4_49:c14592-13576	FOM_4_01246
prokka_FOM_4/FOM_4:Gene	kdsA	FOM_4_49:c15585-14593	FOM_4_01247
prokka_FOM_4/FOM_4:Gene	aroD	FOM_4_49:c16308-15604	FOM_4_01248
prokka_FOM_4/FOM_4:Gene	FOM_4_01249	FOM_4_49:c17612-16566	FOM_4_01249
prokka_FOM_4/FOM_4:Gene	mleA	FOM_4_49:c19723-18101	FOM_4_01250
prokka_FOM_4/FOM_4:Gene	ydaF	FOM_4_49:c20559-20020	FOM_4_01251
prokka_FOM_4/FOM_4:Gene	FOM_4_01252	FOM_4_49:20753-21388	FOM_4_01252
prokka_FOM_4/FOM_4:Gene	FOM_4_01253	FOM_4_49:21403-22461	FOM_4_01253
prokka_FOM_4/FOM_4:Gene	FOM_4_01254	FOM_4_49:22573-22821	FOM_4_01254
prokka_FOM_4/FOM_4:Gene	oatA	FOM_4_49:c24957-23116	FOM_4_01255
prokka_FOM_4/FOM_4:Gene	FOM_4_01256	FOM_4_49:c25330-24947	FOM_4_01256
prokka_FOM_4/FOM_4:Gene	FOM_4_01257	FOM_4_51:213-1001	FOM_4_01257
prokka_FOM_4/FOM_4:Gene	FOM_4_01258	FOM_4_51:c2606-1056	FOM_4_01258
prokka_FOM_4/FOM_4:Gene	FOM_4_01259	FOM_4_52:c768-259	FOM_4_01259
prokka_FOM_4/FOM_4:Gene	FOM_4_01260	FOM_4_52:c1048-770	FOM_4_01260
prokka_FOM_4/FOM_4:Gene	FOM_4_01261	FOM_4_53:c768-259	FOM_4_01261
prokka_FOM_4/FOM_4:Gene	FOM_4_01262	FOM_4_53:c1081-770	FOM_4_01262
prokka_FOM_4/FOM_4:Gene	FOM_4_01263	FOM_4_55:44-1663	FOM_4_01263
prokka_FOM_4/FOM_4:Gene	xerC_3	FOM_4_55:2762-3736	FOM_4_01264
prokka_FOM_4/FOM_4:Gene	FOM_4_01265	FOM_4_55:3805-4005	FOM_4_01265
prokka_FOM_4/FOM_4:Gene	FOM_4_01266	FOM_4_55:4599-5093	FOM_4_01266
prokka_FOM_4/FOM_4:Gene	banIM	FOM_4_55:5594-7051	FOM_4_01267
prokka_FOM_4/FOM_4:Gene	nlaIVR	FOM_4_55:7193-7879	FOM_4_01268
prokka_FOM_4/FOM_4:Gene	FOM_4_01269	FOM_4_55:8102-8569	FOM_4_01269

DiscRep_ALL:DISC_SOURCE_QUALS_ASNDISC::strain (all present, all same)
DiscRep_SUB:DISC_SOURCE_QUALS_ASNDISC::55 sources have 'strain' for strain
DiscRep_ALL:DISC_SOURCE_QUALS_ASNDISC::taxname (all present, all same)
DiscRep_SUB:DISC_SOURCE_QUALS_ASNDISC::55 sources have 'Genus species' for taxname
DiscRep_ALL:DISC_FEATURE_COUNT::gene: 1269 present
DiscRep_ALL:DISC_FEATURE_COUNT::CDS: 1242 present
DiscRep_ALL:DISC_FEATURE_COUNT::tRNA: 22 present
DiscRep_ALL:DISC_FEATURE_COUNT::rRNA: 4 present
DiscRep_ALL:DISC_FEATURE_COUNT::tmRNA: 1 present
DiscRep_ALL:DISC_COUNT_NUCLEOTIDES::55 nucleotide Bioseqs are present
prokka_FOM_4/FOM_4:Prokka:FOM_4_1 (length 1387)
prokka_FOM_4/FOM_4:Prokka:FOM_4_2 (length 1402)
prokka_FOM_4/FOM_4:Prokka:FOM_4_3 (length 61825)
prokka_FOM_4/FOM_4:Prokka:FOM_4_4 (length 1060)
prokka_FOM_4/FOM_4:Prokka:FOM_4_5 (length 1049)
prokka_FOM_4/FOM_4:Prokka:FOM_4_6 (length 1937)
prokka_FOM_4/FOM_4:Prokka:FOM_4_7 (length 3843)
prokka_FOM_4/FOM_4:Prokka:FOM_4_8 (length 75716)
prokka_FOM_4/FOM_4:Prokka:FOM_4_9 (length 6769)
prokka_FOM_4/FOM_4:Prokka:FOM_4_10 (length 2191)
prokka_FOM_4/FOM_4:Prokka:FOM_4_11 (length 1504)
prokka_FOM_4/FOM_4:Prokka:FOM_4_12 (length 5245)
prokka_FOM_4/FOM_4:Prokka:FOM_4_13 (length 2373)
prokka_FOM_4/FOM_4:Prokka:FOM_4_14 (length 70128)
prokka_FOM_4/FOM_4:Prokka:FOM_4_15 (length 1139)
prokka_FOM_4/FOM_4:Prokka:FOM_4_16 (length 30018)
prokka_FOM_4/FOM_4:Prokka:FOM_4_17 (length 5147)
prokka_FOM_4/FOM_4:Prokka:FOM_4_18 (length 1933)
prokka_FOM_4/FOM_4:Prokka:FOM_4_19 (length 53816)
prokka_FOM_4/FOM_4:Prokka:FOM_4_20 (length 103502)
prokka_FOM_4/FOM_4:Prokka:FOM_4_21 (length 168474)
prokka_FOM_4/FOM_4:Prokka:FOM_4_22 (length 2802)
prokka_FOM_4/FOM_4:Prokka:FOM_4_23 (length 26837)
prokka_FOM_4/FOM_4:Prokka:FOM_4_24 (length 106660)
prokka_FOM_4/FOM_4:Prokka:FOM_4_25 (length 2589)
prokka_FOM_4/FOM_4:Prokka:FOM_4_26 (length 1487)
prokka_FOM_4/FOM_4:Prokka:FOM_4_27 (length 8383)
prokka_FOM_4/FOM_4:Prokka:FOM_4_28 (length 7701)
prokka_FOM_4/FOM_4:Prokka:FOM_4_29 (length 6430)
prokka_FOM_4/FOM_4:Prokka:FOM_4_30 (length 109989)
prokka_FOM_4/FOM_4:Prokka:FOM_4_31 (length 1536)
prokka_FOM_4/FOM_4:Prokka:FOM_4_32 (length 1994)
prokka_FOM_4/FOM_4:Prokka:FOM_4_33 (length 1417)
prokka_FOM_4/FOM_4:Prokka:FOM_4_34 (length 116223)
prokka_FOM_4/FOM_4:Prokka:FOM_4_35 (length 1666)
prokka_FOM_4/FOM_4:Prokka:FOM_4_36 (length 86152)
prokka_FOM_4/FOM_4:Prokka:FOM_4_37 (length 1375)
prokka_FOM_4/FOM_4:Prokka:FOM_4_38 (length 2035)
prokka_FOM_4/FOM_4:Prokka:FOM_4_39 (length 140286)
prokka_FOM_4/FOM_4:Prokka:FOM_4_40 (length 1062)
prokka_FOM_4/FOM_4:Prokka:FOM_4_41 (length 4930)
prokka_FOM_4/FOM_4:Prokka:FOM_4_42 (length 1212)
prokka_FOM_4/FOM_4:Prokka:FOM_4_43 (length 4970)
prokka_FOM_4/FOM_4:Prokka:FOM_4_44 (length 1316)
prokka_FOM_4/FOM_4:Prokka:FOM_4_45 (length 1134)
prokka_FOM_4/FOM_4:Prokka:FOM_4_46 (length 8085)
prokka_FOM_4/FOM_4:Prokka:FOM_4_47 (length 1006)
prokka_FOM_4/FOM_4:Prokka:FOM_4_48 (length 3321)
prokka_FOM_4/FOM_4:Prokka:FOM_4_49 (length 25651)
prokka_FOM_4/FOM_4:Prokka:FOM_4_50 (length 5075)
prokka_FOM_4/FOM_4:Prokka:FOM_4_51 (length 2779)
prokka_FOM_4/FOM_4:Prokka:FOM_4_52 (length 1255)
prokka_FOM_4/FOM_4:Prokka:FOM_4_53 (length 1290)
prokka_FOM_4/FOM_4:Prokka:FOM_4_54 (length 2952)
prokka_FOM_4/FOM_4:Prokka:FOM_4_55 (length 10220)

DiscRep_ALL:OVERLAPPING_GENES::287 genes overlap another gene on the same strand.
prokka_FOM_4/FOM_4:Gene	FOM_4_00029	FOM_4_3:c25056-24049	FOM_4_00029
prokka_FOM_4/FOM_4:Gene	lacS_1	FOM_4_3:c25886-25053	FOM_4_00030
prokka_FOM_4/FOM_4:Gene	lacS_2	FOM_4_3:c26558-25893	FOM_4_00031
prokka_FOM_4/FOM_4:Gene	galK	FOM_4_3:c27721-26534	FOM_4_00032
prokka_FOM_4/FOM_4:Gene	FOM_4_00040	FOM_4_3:c36587-35862	FOM_4_00040
prokka_FOM_4/FOM_4:Gene	FOM_4_00041	FOM_4_3:c37054-36584	FOM_4_00041
prokka_FOM_4/FOM_4:Gene	ppk	FOM_4_3:c42845-40695	FOM_4_00045
prokka_FOM_4/FOM_4:Gene	gppA	FOM_4_3:c44362-42845	FOM_4_00046
prokka_FOM_4/FOM_4:Gene	dbpA	FOM_4_3:c51590-50145	FOM_4_00052
prokka_FOM_4/FOM_4:Gene	FOM_4_00053	FOM_4_3:c52629-51577	FOM_4_00053
prokka_FOM_4/FOM_4:Gene	rsmB	FOM_4_3:c54007-52649	FOM_4_00054
prokka_FOM_4/FOM_4:Gene	fmt	FOM_4_3:c54950-54000	FOM_4_00055
prokka_FOM_4/FOM_4:Gene	FOM_4_00068	FOM_4_7:1994-2245	FOM_4_00068
prokka_FOM_4/FOM_4:Gene	FOM_4_00069	FOM_4_7:2238-2705	FOM_4_00069
prokka_FOM_4/FOM_4:Gene	glnM	FOM_4_8:c24912-24277	FOM_4_00091
prokka_FOM_4/FOM_4:Gene	glnH	FOM_4_8:c25744-24905	FOM_4_00092
prokka_FOM_4/FOM_4:Gene	bioY2	FOM_4_8:c33742-33194	FOM_4_00099
prokka_FOM_4/FOM_4:Gene	birA	FOM_4_8:c34697-33735	FOM_4_00100
prokka_FOM_4/FOM_4:Gene	sasA_1	FOM_4_8:c44199-42958	FOM_4_00110
prokka_FOM_4/FOM_4:Gene	arlR	FOM_4_8:c44881-44192	FOM_4_00111
prokka_FOM_4/FOM_4:Gene	FOM_4_00116	FOM_4_8:c50156-49707	FOM_4_00116
prokka_FOM_4/FOM_4:Gene	yhgF	FOM_4_8:c52308-50149	FOM_4_00117
prokka_FOM_4/FOM_4:Gene	lipL	FOM_4_8:67772-68599	FOM_4_00131
prokka_FOM_4/FOM_4:Gene	FOM_4_00132	FOM_4_8:68584-69951	FOM_4_00132
prokka_FOM_4/FOM_4:Gene	arcC1	FOM_4_9:5412-6365	FOM_4_00141
prokka_FOM_4/FOM_4:Gene	argR_1	FOM_4_9:6362-6622	FOM_4_00142
prokka_FOM_4/FOM_4:Gene	FOM_4_00145	FOM_4_11:c354-220	FOM_4_00145
prokka_FOM_4/FOM_4:Gene	FOM_4_00146	FOM_4_11:c1348-335	FOM_4_00146
prokka_FOM_4/FOM_4:Gene	FOM_4_00170	FOM_4_14:17467-18207	FOM_4_00170
prokka_FOM_4/FOM_4:Gene	FOM_4_00171	FOM_4_14:18173-18511	FOM_4_00171
prokka_FOM_4/FOM_4:Gene	citC	FOM_4_14:25825-26877	FOM_4_00180
prokka_FOM_4/FOM_4:Gene	citD	FOM_4_14:26867-27160	FOM_4_00181
prokka_FOM_4/FOM_4:Gene	citE	FOM_4_14:27163-28077	FOM_4_00182
prokka_FOM_4/FOM_4:Gene	citF	FOM_4_14:28067-29605	FOM_4_00183
prokka_FOM_4/FOM_4:Gene	FOM_4_00194	FOM_4_14:c42543-41341	FOM_4_00194
prokka_FOM_4/FOM_4:Gene	FOM_4_00195	FOM_4_14:c42952-42536	FOM_4_00195
prokka_FOM_4/FOM_4:Gene	FOM_4_00200	FOM_4_14:45360-45578	FOM_4_00200
prokka_FOM_4/FOM_4:Gene	FOM_4_00201	FOM_4_14:45578-45739	FOM_4_00201
prokka_FOM_4/FOM_4:Gene	FOM_4_00202	FOM_4_14:45901-46116	FOM_4_00202
prokka_FOM_4/FOM_4:Gene	FOM_4_00203	FOM_4_14:46109-47008	FOM_4_00203
prokka_FOM_4/FOM_4:Gene	FOM_4_00205	FOM_4_14:47862-48680	FOM_4_00205
prokka_FOM_4/FOM_4:Gene	FOM_4_00206	FOM_4_14:48673-49467	FOM_4_00206
prokka_FOM_4/FOM_4:Gene	FOM_4_00208	FOM_4_14:49815-50213	FOM_4_00208
prokka_FOM_4/FOM_4:Gene	FOM_4_00209	FOM_4_14:50210-50419	FOM_4_00209
prokka_FOM_4/FOM_4:Gene	FOM_4_00210	FOM_4_14:50432-50590	FOM_4_00210
prokka_FOM_4/FOM_4:Gene	FOM_4_00211	FOM_4_14:50583-50867	FOM_4_00211
prokka_FOM_4/FOM_4:Gene	FOM_4_00212	FOM_4_14:50876-51553	FOM_4_00212
prokka_FOM_4/FOM_4:Gene	FOM_4_00213	FOM_4_14:51543-51740	FOM_4_00213
prokka_FOM_4/FOM_4:Gene	FOM_4_00214	FOM_4_14:51733-51936	FOM_4_00214
prokka_FOM_4/FOM_4:Gene	ssb	FOM_4_14:51929-52396	FOM_4_00215
prokka_FOM_4/FOM_4:Gene	FOM_4_00217	FOM_4_14:52953-53306	FOM_4_00217
prokka_FOM_4/FOM_4:Gene	FOM_4_00218	FOM_4_14:53306-53647	FOM_4_00218
prokka_FOM_4/FOM_4:Gene	FOM_4_00219	FOM_4_14:53640-53813	FOM_4_00219
prokka_FOM_4/FOM_4:Gene	FOM_4_00220	FOM_4_14:53813-54160	FOM_4_00220
prokka_FOM_4/FOM_4:Gene	FOM_4_00221	FOM_4_14:54151-54573	FOM_4_00221
prokka_FOM_4/FOM_4:Gene	FOM_4_00223	FOM_4_14:55266-56009	FOM_4_00223
prokka_FOM_4/FOM_4:Gene	FOM_4_00224	FOM_4_14:56009-57292	FOM_4_00224
prokka_FOM_4/FOM_4:Gene	FOM_4_00225	FOM_4_14:57294-58850	FOM_4_00225
prokka_FOM_4/FOM_4:Gene	FOM_4_00226	FOM_4_14:58822-60444	FOM_4_00226
prokka_FOM_4/FOM_4:Gene	FOM_4_00227	FOM_4_14:60441-60587	FOM_4_00227
prokka_FOM_4/FOM_4:Gene	FOM_4_00230	FOM_4_14:62265-62606	FOM_4_00230
prokka_FOM_4/FOM_4:Gene	FOM_4_00231	FOM_4_14:62606-62893	FOM_4_00231
prokka_FOM_4/FOM_4:Gene	FOM_4_00232	FOM_4_14:62895-63251	FOM_4_00232
prokka_FOM_4/FOM_4:Gene	FOM_4_00233	FOM_4_14:63251-63616	FOM_4_00233
prokka_FOM_4/FOM_4:Gene	FOM_4_00236	FOM_4_14:64791-65039	FOM_4_00236
prokka_FOM_4/FOM_4:Gene	FOM_4_00237	FOM_4_14:65032-67728	FOM_4_00237
prokka_FOM_4/FOM_4:Gene	FOM_4_00238	FOM_4_14:67728-68555	FOM_4_00238
prokka_FOM_4/FOM_4:Gene	dtd3	FOM_4_16:13103-13876	FOM_4_00253
prokka_FOM_4/FOM_4:Gene	rnmV	FOM_4_16:13876-14433	FOM_4_00254
prokka_FOM_4/FOM_4:Gene	FOM_4_00268	FOM_4_17:993-1901	FOM_4_00268
prokka_FOM_4/FOM_4:Gene	FOM_4_00269	FOM_4_17:1894-2202	FOM_4_00269
prokka_FOM_4/FOM_4:Gene	FOM_4_00272	FOM_4_17:c4760-2979	FOM_4_00272
prokka_FOM_4/FOM_4:Gene	FOM_4_00273	FOM_4_17:c5122-4757	FOM_4_00273
prokka_FOM_4/FOM_4:Gene	FOM_4_00284	FOM_4_19:11189-12082	FOM_4_00284
prokka_FOM_4/FOM_4:Gene	FOM_4_00285	FOM_4_19:12079-14217	FOM_4_00285
prokka_FOM_4/FOM_4:Gene	licR	FOM_4_19:14566-16008	FOM_4_00286
prokka_FOM_4/FOM_4:Gene	FOM_4_00287	FOM_4_19:16001-16408	FOM_4_00287
prokka_FOM_4/FOM_4:Gene	gatA_1	FOM_4_19:16401-16850	FOM_4_00288
prokka_FOM_4/FOM_4:Gene	hsdM	FOM_4_19:18632-20158	FOM_4_00291
prokka_FOM_4/FOM_4:Gene	FOM_4_00292	FOM_4_19:20148-20762	FOM_4_00292
prokka_FOM_4/FOM_4:Gene	FOM_4_00294	FOM_4_19:21332-22141	FOM_4_00294
prokka_FOM_4/FOM_4:Gene	FOM_4_00295	FOM_4_19:22134-24425	FOM_4_00295
prokka_FOM_4/FOM_4:Gene	FOM_4_00297	FOM_4_19:25520-26569	FOM_4_00297
prokka_FOM_4/FOM_4:Gene	FOM_4_00298	FOM_4_19:26550-28475	FOM_4_00298
prokka_FOM_4/FOM_4:Gene	FOM_4_00299	FOM_4_19:28746-29741	FOM_4_00299
prokka_FOM_4/FOM_4:Gene	FOM_4_00300	FOM_4_19:29728-29853	FOM_4_00300
prokka_FOM_4/FOM_4:Gene	FOM_4_00301	FOM_4_19:30416-31177	FOM_4_00301
prokka_FOM_4/FOM_4:Gene	FOM_4_00302	FOM_4_19:31177-33654	FOM_4_00302
prokka_FOM_4/FOM_4:Gene	FOM_4_00311	FOM_4_19:c41666-41148	FOM_4_00311
prokka_FOM_4/FOM_4:Gene	FOM_4_00312	FOM_4_19:c41859-41653	FOM_4_00312
prokka_FOM_4/FOM_4:Gene	FOM_4_00319	FOM_4_19:c47203-46925	FOM_4_00319
prokka_FOM_4/FOM_4:Gene	FOM_4_00320	FOM_4_19:c47438-47196	FOM_4_00320
prokka_FOM_4/FOM_4:Gene	btuD_1	FOM_4_19:49312-49779	FOM_4_00324
prokka_FOM_4/FOM_4:Gene	FOM_4_00325	FOM_4_19:49757-51022	FOM_4_00325
prokka_FOM_4/FOM_4:Gene	FOM_4_00328	FOM_4_19:51964-52227	FOM_4_00328
prokka_FOM_4/FOM_4:Gene	FOM_4_00329	FOM_4_19:52214-53527	FOM_4_00329
prokka_FOM_4/FOM_4:Gene	phnE_1	FOM_4_20:21266-22054	FOM_4_00347
prokka_FOM_4/FOM_4:Gene	phnE_2	FOM_4_20:22054-22845	FOM_4_00348
prokka_FOM_4/FOM_4:Gene	folB	FOM_4_20:42487-42852	FOM_4_00362
prokka_FOM_4/FOM_4:Gene	FOM_4_00363	FOM_4_20:42845-43348	FOM_4_00363
prokka_FOM_4/FOM_4:Gene	folE	FOM_4_20:43341-43910	FOM_4_00364
prokka_FOM_4/FOM_4:Gene	emrB_1	FOM_4_20:57675-59147	FOM_4_00375
prokka_FOM_4/FOM_4:Gene	FOM_4_00376	FOM_4_20:59144-59875	FOM_4_00376
prokka_FOM_4/FOM_4:Gene	soj	FOM_4_20:61935-62705	FOM_4_00380
prokka_FOM_4/FOM_4:Gene	spo0J	FOM_4_20:62692-63609	FOM_4_00381
prokka_FOM_4/FOM_4:Gene	sasA_2	FOM_4_20:66621-67802	FOM_4_00386
prokka_FOM_4/FOM_4:Gene	dacA_3	FOM_4_20:67762-69021	FOM_4_00387
prokka_FOM_4/FOM_4:Gene	mvaA	FOM_4_20:90977-92215	FOM_4_00413
prokka_FOM_4/FOM_4:Gene	FOM_4_00414	FOM_4_20:92215-93210	FOM_4_00414
prokka_FOM_4/FOM_4:Gene	FOM_4_00433	FOM_4_21:c10050-9367	FOM_4_00433
prokka_FOM_4/FOM_4:Gene	luxA	FOM_4_21:c11086-10043	FOM_4_00434
prokka_FOM_4/FOM_4:Gene	ecfT_1	FOM_4_21:c13657-12824	FOM_4_00437
prokka_FOM_4/FOM_4:Gene	btuD_3	FOM_4_21:c15974-13650	FOM_4_00438
prokka_FOM_4/FOM_4:Gene	aroE	FOM_4_21:c33730-32927	FOM_4_00452
prokka_FOM_4/FOM_4:Gene	aroK	FOM_4_21:c34244-33723	FOM_4_00453
prokka_FOM_4/FOM_4:Gene	desR	FOM_4_21:c42237-41632	FOM_4_00460
prokka_FOM_4/FOM_4:Gene	desK	FOM_4_21:c43376-42234	FOM_4_00461
prokka_FOM_4/FOM_4:Gene	FOM_4_00466	FOM_4_21:c46451-45945	FOM_4_00466
prokka_FOM_4/FOM_4:Gene	idi	FOM_4_21:c46942-46424	FOM_4_00467
prokka_FOM_4/FOM_4:Gene	menC	FOM_4_21:c48091-46979	FOM_4_00468
prokka_FOM_4/FOM_4:Gene	menH_2	FOM_4_21:c48878-48075	FOM_4_00469
prokka_FOM_4/FOM_4:Gene	menD	FOM_4_21:c50556-48871	FOM_4_00470
prokka_FOM_4/FOM_4:Gene	FOM_4_00487	FOM_4_21:66496-66702	FOM_4_00487
prokka_FOM_4/FOM_4:Gene	FOM_4_00488	FOM_4_21:66675-67289	FOM_4_00488
prokka_FOM_4/FOM_4:Gene	FOM_4_00489	FOM_4_21:c67864-67373	FOM_4_00489
prokka_FOM_4/FOM_4:Gene	natA	FOM_4_21:c68457-67864	FOM_4_00490
prokka_FOM_4/FOM_4:Gene	fumC_1	FOM_4_21:c74784-73393	FOM_4_00496
prokka_FOM_4/FOM_4:Gene	oxyR_1	FOM_4_21:c75689-74781	FOM_4_00497
prokka_FOM_4/FOM_4:Gene	apbE	FOM_4_21:c77203-76256	FOM_4_00499
prokka_FOM_4/FOM_4:Gene	FOM_4_00500	FOM_4_21:c78045-77200	FOM_4_00500
prokka_FOM_4/FOM_4:Gene	FOM_4_00510	FOM_4_21:c89993-86814	FOM_4_00510
prokka_FOM_4/FOM_4:Gene	sbcD	FOM_4_21:c91171-89993	FOM_4_00511
prokka_FOM_4/FOM_4:Gene	gyrB	FOM_4_21:c96951-94960	FOM_4_00514
prokka_FOM_4/FOM_4:Gene	recF	FOM_4_21:c98068-96944	FOM_4_00515
prokka_FOM_4/FOM_4:Gene	fliG	FOM_4_21:115057-116061	FOM_4_00533
prokka_FOM_4/FOM_4:Gene	FOM_4_00534	FOM_4_21:116045-116740	FOM_4_00534
prokka_FOM_4/FOM_4:Gene	sigD	FOM_4_21:127500-128213	FOM_4_00548
prokka_FOM_4/FOM_4:Gene	flgG_2	FOM_4_21:128210-128914	FOM_4_00549
prokka_FOM_4/FOM_4:Gene	FOM_4_00552	FOM_4_21:130964-131434	FOM_4_00552
prokka_FOM_4/FOM_4:Gene	cheD	FOM_4_21:131427-131909	FOM_4_00553
prokka_FOM_4/FOM_4:Gene	cheA	FOM_4_21:133727-135787	FOM_4_00556
prokka_FOM_4/FOM_4:Gene	cheC	FOM_4_21:135777-136364	FOM_4_00557
prokka_FOM_4/FOM_4:Gene	fliM	FOM_4_21:137169-138179	FOM_4_00560
prokka_FOM_4/FOM_4:Gene	FOM_4_00561	FOM_4_21:138172-139338	FOM_4_00561
prokka_FOM_4/FOM_4:Gene	flgK	FOM_4_21:145154-146740	FOM_4_00567
prokka_FOM_4/FOM_4:Gene	flgL	FOM_4_21:146740-147714	FOM_4_00568
prokka_FOM_4/FOM_4:Gene	isdE	FOM_4_21:156362-157225	FOM_4_00576
prokka_FOM_4/FOM_4:Gene	fpuB	FOM_4_21:157222-158127	FOM_4_00577
prokka_FOM_4/FOM_4:Gene	fhuC	FOM_4_21:158117-158752	FOM_4_00578
prokka_FOM_4/FOM_4:Gene	FOM_4_00595	FOM_4_23:c2290-1946	FOM_4_00595
prokka_FOM_4/FOM_4:Gene	FOM_4_00596	FOM_4_23:c2589-2287	FOM_4_00596
prokka_FOM_4/FOM_4:Gene	FOM_4_00599	FOM_4_23:c5619-4990	FOM_4_00599
prokka_FOM_4/FOM_4:Gene	FOM_4_00600	FOM_4_23:c6149-5619	FOM_4_00600
prokka_FOM_4/FOM_4:Gene	strA_2	FOM_4_23:c7155-6181	FOM_4_00601
prokka_FOM_4/FOM_4:Gene	FOM_4_00602	FOM_4_23:c7691-7155	FOM_4_00602
prokka_FOM_4/FOM_4:Gene	FOM_4_00606	FOM_4_23:c13328-13137	FOM_4_00606
prokka_FOM_4/FOM_4:Gene	FOM_4_00607	FOM_4_23:c13849-13328	FOM_4_00607
prokka_FOM_4/FOM_4:Gene	FOM_4_00618	FOM_4_23:c22862-21774	FOM_4_00618
prokka_FOM_4/FOM_4:Gene	FOM_4_00619	FOM_4_23:c23302-22856	FOM_4_00619
prokka_FOM_4/FOM_4:Gene	FOM_4_00621	FOM_4_23:c24263-24114	FOM_4_00621
prokka_FOM_4/FOM_4:Gene	FOM_4_00622	FOM_4_23:c24447-24256	FOM_4_00622
prokka_FOM_4/FOM_4:Gene	dgkA	FOM_4_24:c15498-15073	FOM_4_00638
prokka_FOM_4/FOM_4:Gene	ybeY	FOM_4_24:c15958-15476	FOM_4_00639
prokka_FOM_4/FOM_4:Gene	FOM_4_00640	FOM_4_24:c16926-15958	FOM_4_00640
prokka_FOM_4/FOM_4:Gene	nfdA	FOM_4_24:c19406-17820	FOM_4_00642
prokka_FOM_4/FOM_4:Gene	potD_1	FOM_4_24:c20509-19403	FOM_4_00643
prokka_FOM_4/FOM_4:Gene	ydcV_1	FOM_4_24:c21320-20526	FOM_4_00644
prokka_FOM_4/FOM_4:Gene	potB_1	FOM_4_24:c22129-21320	FOM_4_00645
prokka_FOM_4/FOM_4:Gene	potA_1	FOM_4_24:c23226-22129	FOM_4_00646
prokka_FOM_4/FOM_4:Gene	dltD	FOM_4_24:c24728-23454	FOM_4_00647
prokka_FOM_4/FOM_4:Gene	dltC	FOM_4_24:c24960-24721	FOM_4_00648
prokka_FOM_4/FOM_4:Gene	FOM_4_00649	FOM_4_24:c26250-24985	FOM_4_00649
prokka_FOM_4/FOM_4:Gene	dltA	FOM_4_24:c27785-26247	FOM_4_00650
prokka_FOM_4/FOM_4:Gene	rnhB	FOM_4_24:c28997-28230	FOM_4_00652
prokka_FOM_4/FOM_4:Gene	rbgA	FOM_4_24:c29883-28978	FOM_4_00653
prokka_FOM_4/FOM_4:Gene	FOM_4_00654	FOM_4_24:c30107-29886	FOM_4_00654
prokka_FOM_4/FOM_4:Gene	FOM_4_00655	FOM_4_24:c30700-30107	FOM_4_00655
prokka_FOM_4/FOM_4:Gene	metF	FOM_4_24:c42980-42093	FOM_4_00668
prokka_FOM_4/FOM_4:Gene	metE_1	FOM_4_24:c44967-42967	FOM_4_00669
prokka_FOM_4/FOM_4:Gene	rluD_2	FOM_4_24:c54055-53126	FOM_4_00680
prokka_FOM_4/FOM_4:Gene	lspA	FOM_4_24:c54528-54055	FOM_4_00681
prokka_FOM_4/FOM_4:Gene	rplGA	FOM_4_24:c89187-88867	FOM_4_00717
prokka_FOM_4/FOM_4:Gene	FOM_4_00718	FOM_4_24:c89476-89177	FOM_4_00718
prokka_FOM_4/FOM_4:Gene	FOM_4_00736	FOM_4_27:c1122-982	FOM_4_00736
prokka_FOM_4/FOM_4:Gene	FOM_4_00737	FOM_4_27:c1466-1122	FOM_4_00737
prokka_FOM_4/FOM_4:Gene	FOM_4_00738	FOM_4_27:c2195-1479	FOM_4_00738
prokka_FOM_4/FOM_4:Gene	FOM_4_00739	FOM_4_27:c3916-2195	FOM_4_00739
prokka_FOM_4/FOM_4:Gene	FOM_4_00740	FOM_4_27:c4217-3909	FOM_4_00740
prokka_FOM_4/FOM_4:Gene	FOM_4_00741	FOM_4_27:c4638-4210	FOM_4_00741
prokka_FOM_4/FOM_4:Gene	FOM_4_00742	FOM_4_27:c5746-4640	FOM_4_00742
prokka_FOM_4/FOM_4:Gene	FOM_4_00743	FOM_4_27:c6585-5746	FOM_4_00743
prokka_FOM_4/FOM_4:Gene	FOM_4_00744	FOM_4_27:c8323-6575	FOM_4_00744
prokka_FOM_4/FOM_4:Gene	secY2	FOM_4_28:118-606	FOM_4_00745
prokka_FOM_4/FOM_4:Gene	asp1	FOM_4_28:603-2192	FOM_4_00746
prokka_FOM_4/FOM_4:Gene	asp2	FOM_4_28:2171-3775	FOM_4_00747
prokka_FOM_4/FOM_4:Gene	FOM_4_00748	FOM_4_28:3768-4523	FOM_4_00748
prokka_FOM_4/FOM_4:Gene	ybiV	FOM_4_30:417-1223	FOM_4_00758
prokka_FOM_4/FOM_4:Gene	dgs	FOM_4_30:1223-2221	FOM_4_00759
prokka_FOM_4/FOM_4:Gene	gatD	FOM_4_30:c31011-30298	FOM_4_00783
prokka_FOM_4/FOM_4:Gene	murT	FOM_4_30:c32360-31011	FOM_4_00784
prokka_FOM_4/FOM_4:Gene	prfA	FOM_4_30:33213-34298	FOM_4_00786
prokka_FOM_4/FOM_4:Gene	prmC	FOM_4_30:34291-35118	FOM_4_00787
prokka_FOM_4/FOM_4:Gene	atpF	FOM_4_30:42240-42758	FOM_4_00794
prokka_FOM_4/FOM_4:Gene	atpH_2	FOM_4_30:42748-43290	FOM_4_00795
prokka_FOM_4/FOM_4:Gene	mbl	FOM_4_30:48041-49036	FOM_4_00801
prokka_FOM_4/FOM_4:Gene	FOM_4_00802	FOM_4_30:49036-49317	FOM_4_00802
prokka_FOM_4/FOM_4:Gene	gatC_3	FOM_4_30:61009-61323	FOM_4_00820
prokka_FOM_4/FOM_4:Gene	gatA_2	FOM_4_30:61323-62786	FOM_4_00821
prokka_FOM_4/FOM_4:Gene	gatB	FOM_4_30:62786-64213	FOM_4_00822
prokka_FOM_4/FOM_4:Gene	FOM_4_00825	FOM_4_30:67145-67399	FOM_4_00825
prokka_FOM_4/FOM_4:Gene	gatA_3	FOM_4_30:67399-68850	FOM_4_00826
prokka_FOM_4/FOM_4:Gene	FOM_4_00828	FOM_4_30:69462-71000	FOM_4_00828
prokka_FOM_4/FOM_4:Gene	btuD_5	FOM_4_30:70997-71959	FOM_4_00829
prokka_FOM_4/FOM_4:Gene	FOM_4_00839	FOM_4_30:c84593-83073	FOM_4_00839
prokka_FOM_4/FOM_4:Gene	FOM_4_00840	FOM_4_30:c85062-84586	FOM_4_00840
prokka_FOM_4/FOM_4:Gene	FOM_4_00855	FOM_4_30:99733-100941	FOM_4_00855
prokka_FOM_4/FOM_4:Gene	FOM_4_00856	FOM_4_30:100931-103318	FOM_4_00856
prokka_FOM_4/FOM_4:Gene	FOM_4_00864	FOM_4_31:32-313	FOM_4_00864
prokka_FOM_4/FOM_4:Gene	FOM_4_00865	FOM_4_31:313-471	FOM_4_00865
prokka_FOM_4/FOM_4:Gene	FOM_4_00879	FOM_4_34:c11052-10777	FOM_4_00879
prokka_FOM_4/FOM_4:Gene	murJ_2	FOM_4_34:c12610-11039	FOM_4_00880
prokka_FOM_4/FOM_4:Gene	mfd	FOM_4_34:c16130-12600	FOM_4_00881
prokka_FOM_4/FOM_4:Gene	FOM_4_00899	FOM_4_34:c34827-33940	FOM_4_00899
prokka_FOM_4/FOM_4:Gene	FOM_4_00900	FOM_4_34:c35747-34827	FOM_4_00900
prokka_FOM_4/FOM_4:Gene	FOM_4_00906	FOM_4_34:c43478-42801	FOM_4_00906
prokka_FOM_4/FOM_4:Gene	comFA	FOM_4_34:c44754-43468	FOM_4_00907
prokka_FOM_4/FOM_4:Gene	ecfT_2	FOM_4_34:c63491-62691	FOM_4_00924
prokka_FOM_4/FOM_4:Gene	ecfA2	FOM_4_34:c64353-63484	FOM_4_00925
prokka_FOM_4/FOM_4:Gene	ecfA1	FOM_4_34:c65171-64329	FOM_4_00926
prokka_FOM_4/FOM_4:Gene	lacG	FOM_4_34:c75268-74447	FOM_4_00934
prokka_FOM_4/FOM_4:Gene	ugpA	FOM_4_34:c76185-75265	FOM_4_00935
prokka_FOM_4/FOM_4:Gene	msmX	FOM_4_34:c77299-76175	FOM_4_00936
prokka_FOM_4/FOM_4:Gene	secY	FOM_4_34:c87155-85851	FOM_4_00949
prokka_FOM_4/FOM_4:Gene	rplO	FOM_4_34:c87589-87155	FOM_4_00950
prokka_FOM_4/FOM_4:Gene	rplW	FOM_4_34:c94753-94466	FOM_4_00967
prokka_FOM_4/FOM_4:Gene	rplD	FOM_4_34:c95376-94753	FOM_4_00968
prokka_FOM_4/FOM_4:Gene	potD_2	FOM_4_34:c98548-97457	FOM_4_00972
prokka_FOM_4/FOM_4:Gene	ydcV_2	FOM_4_34:c99363-98548	FOM_4_00973
prokka_FOM_4/FOM_4:Gene	potB_2	FOM_4_34:c100169-99363	FOM_4_00974
prokka_FOM_4/FOM_4:Gene	FOM_4_00989	FOM_4_36:c4380-4132	FOM_4_00989
prokka_FOM_4/FOM_4:Gene	FOM_4_00990	FOM_4_36:c5441-4380	FOM_4_00990
prokka_FOM_4/FOM_4:Gene	ptsI	FOM_4_36:c8672-6948	FOM_4_00992
prokka_FOM_4/FOM_4:Gene	ptsH	FOM_4_36:c8938-8672	FOM_4_00993
prokka_FOM_4/FOM_4:Gene	cdaR	FOM_4_36:c35431-34268	FOM_4_01016
prokka_FOM_4/FOM_4:Gene	dacA_4	FOM_4_36:c36261-35431	FOM_4_01017
prokka_FOM_4/FOM_4:Gene	FOM_4_01020	FOM_4_36:c39085-38114	FOM_4_01020
prokka_FOM_4/FOM_4:Gene	yvcJ	FOM_4_36:c39957-39082	FOM_4_01021
prokka_FOM_4/FOM_4:Gene	FOM_4_01027	FOM_4_36:c46246-45986	FOM_4_01027
prokka_FOM_4/FOM_4:Gene	recR	FOM_4_36:c46842-46243	FOM_4_01028
prokka_FOM_4/FOM_4:Gene	FOM_4_01045	FOM_4_36:c61298-60417	FOM_4_01045
prokka_FOM_4/FOM_4:Gene	mrnC	FOM_4_36:c61716-61288	FOM_4_01046
prokka_FOM_4/FOM_4:Gene	cysS	FOM_4_36:c63122-61701	FOM_4_01047
prokka_FOM_4/FOM_4:Gene	FOM_4_01056	FOM_4_36:c73038-71281	FOM_4_01056
prokka_FOM_4/FOM_4:Gene	cydD	FOM_4_36:c74780-73038	FOM_4_01057
prokka_FOM_4/FOM_4:Gene	cydB	FOM_4_36:c75833-74817	FOM_4_01058
prokka_FOM_4/FOM_4:Gene	cydA	FOM_4_36:c77284-75833	FOM_4_01059
prokka_FOM_4/FOM_4:Gene	metN	FOM_4_36:79085-80167	FOM_4_01061
prokka_FOM_4/FOM_4:Gene	metP	FOM_4_36:80167-80859	FOM_4_01062
prokka_FOM_4/FOM_4:Gene	sugC	FOM_4_39:2781-3590	FOM_4_01078
prokka_FOM_4/FOM_4:Gene	FOM_4_01079	FOM_4_39:3587-3820	FOM_4_01079
prokka_FOM_4/FOM_4:Gene	lacF	FOM_4_39:3817-4713	FOM_4_01080
prokka_FOM_4/FOM_4:Gene	purN	FOM_4_39:c13447-12875	FOM_4_01087
prokka_FOM_4/FOM_4:Gene	purM	FOM_4_39:c14474-13437	FOM_4_01088
prokka_FOM_4/FOM_4:Gene	purF	FOM_4_39:c15928-14444	FOM_4_01089
prokka_FOM_4/FOM_4:Gene	purL	FOM_4_39:c18144-15928	FOM_4_01090
prokka_FOM_4/FOM_4:Gene	purQ	FOM_4_39:c18824-18141	FOM_4_01091
prokka_FOM_4/FOM_4:Gene	purS	FOM_4_39:c19089-18835	FOM_4_01092
prokka_FOM_4/FOM_4:Gene	purC	FOM_4_39:c19826-19089	FOM_4_01093
prokka_FOM_4/FOM_4:Gene	purK_2	FOM_4_39:c20952-19831	FOM_4_01094
prokka_FOM_4/FOM_4:Gene	purE	FOM_4_39:c21430-20945	FOM_4_01095
prokka_FOM_4/FOM_4:Gene	FOM_4_01131	FOM_4_39:c63307-62501	FOM_4_01131
prokka_FOM_4/FOM_4:Gene	trmK	FOM_4_39:c63981-63304	FOM_4_01132
prokka_FOM_4/FOM_4:Gene	miaA	FOM_4_39:c100285-99344	FOM_4_01168
prokka_FOM_4/FOM_4:Gene	glpQ_2	FOM_4_39:c101016-100282	FOM_4_01169
prokka_FOM_4/FOM_4:Gene	rsmD	FOM_4_39:c112835-112278	FOM_4_01182
prokka_FOM_4/FOM_4:Gene	FOM_4_01183	FOM_4_39:c113152-112835	FOM_4_01183
prokka_FOM_4/FOM_4:Gene	ypdF_1	FOM_4_39:c120028-119489	FOM_4_01188
prokka_FOM_4/FOM_4:Gene	ypdF_2	FOM_4_39:c120563-119994	FOM_4_01189
prokka_FOM_4/FOM_4:Gene	gluP	FOM_4_39:c126079-125411	FOM_4_01196
prokka_FOM_4/FOM_4:Gene	FOM_4_01197	FOM_4_39:c126626-126063	FOM_4_01197
prokka_FOM_4/FOM_4:Gene	bglH	FOM_4_43:c2664-1210	FOM_4_01216
prokka_FOM_4/FOM_4:Gene	bglF	FOM_4_43:c4538-2664	FOM_4_01217
prokka_FOM_4/FOM_4:Gene	gtfA_1	FOM_4_49:c5743-4256	FOM_4_01235
prokka_FOM_4/FOM_4:Gene	tagE	FOM_4_49:c6345-5740	FOM_4_01236
prokka_FOM_4/FOM_4:Gene	gtfA_2	FOM_4_49:c7243-6323	FOM_4_01237
prokka_FOM_4/FOM_4:Gene	oatA	FOM_4_49:c24957-23116	FOM_4_01255
prokka_FOM_4/FOM_4:Gene	FOM_4_01256	FOM_4_49:c25330-24947	FOM_4_01256

DiscRep_ALL:OVERLAPPING_CDS::4 coding regions overlap another coding region with a similar or identical name.
DiscRep_SUB:OVERLAPPING_CDS::4 coding regions overlap another coding region with a similar or identical name that do not have the appropriate note text
prokka_FOM_4/FOM_4:CDS	Phosphate-import permease protein PhnE	FOM_4_20:21266-22054	FOM_4_00347
prokka_FOM_4/FOM_4:CDS	Phosphate-import permease protein PhnE	FOM_4_20:22054-22845	FOM_4_00348
prokka_FOM_4/FOM_4:CDS	Aminopeptidase YpdF	FOM_4_39:c120028-119489	FOM_4_01188
prokka_FOM_4/FOM_4:CDS	Aminopeptidase YpdF	FOM_4_39:c120563-119994	FOM_4_01189

DiscRep_ALL:SUSPECT_PRODUCT_NAMES::4 product_names contain suspect phrase or characters
DiscRep_SUB:SUSPECT_PRODUCT_NAMES::May contain database identifier more appropriate in note; remove from product name
DiscRep_SUB:SUSPECT_PRODUCT_NAMES::1 features contains three or more numbers together that may be identifiers more appropriate in note
prokka_FOM_4/FOM_4:CDS	DegV domain-containing protein/M5005_Spy1226	FOM_4_24:c32618-31767	FOM_4_00657

DiscRep_SUB:SUSPECT_PRODUCT_NAMES::1 features Contains underscore
prokka_FOM_4/FOM_4:CDS	DegV domain-containing protein/M5005_Spy1226	FOM_4_24:c32618-31767	FOM_4_00657

DiscRep_SUB:SUSPECT_PRODUCT_NAMES::use protein instead of gene as appropriate
DiscRep_SUB:SUSPECT_PRODUCT_NAMES::2 features contains 'genes'
prokka_FOM_4/FOM_4:CDS	Hydrogen peroxide-inducible genes activator	FOM_4_21:c75689-74781	FOM_4_00497
prokka_FOM_4/FOM_4:CDS	Hydrogen peroxide-inducible genes activator	FOM_4_36:42485-43372	FOM_4_01024

DiscRep_ALL:DISC_LONG_NO_ANNOTATION::1 bioseqs are longer than 5000nt and have no features
prokka_FOM_4/FOM_4:Prokka:FOM_4_50 (length 5075)

DiscRep_ALL:NO_ANNOTATION::8 bioseqs have no features
prokka_FOM_4/FOM_4:Prokka:FOM_4_1 (length 1387)
prokka_FOM_4/FOM_4:Prokka:FOM_4_6 (length 1937)
prokka_FOM_4/FOM_4:Prokka:FOM_4_26 (length 1487)
prokka_FOM_4/FOM_4:Prokka:FOM_4_32 (length 1994)
prokka_FOM_4/FOM_4:Prokka:FOM_4_40 (length 1062)
prokka_FOM_4/FOM_4:Prokka:FOM_4_44 (length 1316)
prokka_FOM_4/FOM_4:Prokka:FOM_4_50 (length 5075)
prokka_FOM_4/FOM_4:Prokka:FOM_4_54 (length 2952)

DiscRep_ALL:DISC_QUALITY_SCORES::Quality scores are missing on all sequences.

FATAL: DiscRep_ALL:DISC_SUSPECT_RRNA_PRODUCTS::1 rRNA produs contain suspect phract phrase
FATAL: DiscRep_SUB:DISC_SUSPECT_RRNA_PRODUCTS::1 rRNA pnames contains 'pains 'partial'
prokka_FOM_4/FOM_4:rRNA	23S ribosomal RNA (partial)	FOM_4_34:c1173-2	FOM_4_00869

FATAL: DiscRep_ALL:DISC_SHORT_RRNA::1 rRNA features are too short
prokka_FOM_4/FOM_4:rRNA	23S ribosomal RNA (partial)	FOM_4_34:c1173-2	FOM_4_00869

DiscRep_ALL:DISC_BAD_BACTERIAL_GENE_NAME::1 bacterial genes do not start with lowercase letters
prokka_FOM_4/FOM_4:Gene	IMPDH	FOM_4_34:68476-70539	FOM_4_00930

DiscRep_ALL:ONCALLER_COMMENT_PRESENT::55 comment descriptors were found (all same)
prokka_FOM_4/FOM_4:Prokka:FOM_4_1:Annotated using prokka 1.14.6 from https://github.com/tseemann/prokka
prokka_FOM_4/FOM_4:Prokka:FOM_4_2:Annotated using prokka 1.14.6 from https://github.com/tseemann/prokka
prokka_FOM_4/FOM_4:Prokka:FOM_4_3:Annotated using prokka 1.14.6 from https://github.com/tseemann/prokka
prokka_FOM_4/FOM_4:Prokka:FOM_4_4:Annotated using prokka 1.14.6 from https://github.com/tseemann/prokka
prokka_FOM_4/FOM_4:Prokka:FOM_4_5:Annotated using prokka 1.14.6 from https://github.com/tseemann/prokka
prokka_FOM_4/FOM_4:Prokka:FOM_4_6:Annotated using prokka 1.14.6 from https://github.com/tseemann/prokka
prokka_FOM_4/FOM_4:Prokka:FOM_4_7:Annotated using prokka 1.14.6 from https://github.com/tseemann/prokka
prokka_FOM_4/FOM_4:Prokka:FOM_4_8:Annotated using prokka 1.14.6 from https://github.com/tseemann/prokka
prokka_FOM_4/FOM_4:Prokka:FOM_4_9:Annotated using prokka 1.14.6 from https://github.com/tseemann/prokka
prokka_FOM_4/FOM_4:Prokka:FOM_4_10:Annotated using prokka 1.14.6 from https://github.com/tseemann/prokka
prokka_FOM_4/FOM_4:Prokka:FOM_4_11:Annotated using prokka 1.14.6 from https://github.com/tseemann/prokka
prokka_FOM_4/FOM_4:Prokka:FOM_4_12:Annotated using prokka 1.14.6 from https://github.com/tseemann/prokka
prokka_FOM_4/FOM_4:Prokka:FOM_4_13:Annotated using prokka 1.14.6 from https://github.com/tseemann/prokka
prokka_FOM_4/FOM_4:Prokka:FOM_4_14:Annotated using prokka 1.14.6 from https://github.com/tseemann/prokka
prokka_FOM_4/FOM_4:Prokka:FOM_4_15:Annotated using prokka 1.14.6 from https://github.com/tseemann/prokka
prokka_FOM_4/FOM_4:Prokka:FOM_4_16:Annotated using prokka 1.14.6 from https://github.com/tseemann/prokka
prokka_FOM_4/FOM_4:Prokka:FOM_4_17:Annotated using prokka 1.14.6 from https://github.com/tseemann/prokka
prokka_FOM_4/FOM_4:Prokka:FOM_4_18:Annotated using prokka 1.14.6 from https://github.com/tseemann/prokka
prokka_FOM_4/FOM_4:Prokka:FOM_4_19:Annotated using prokka 1.14.6 from https://github.com/tseemann/prokka
prokka_FOM_4/FOM_4:Prokka:FOM_4_20:Annotated using prokka 1.14.6 from https://github.com/tseemann/prokka
prokka_FOM_4/FOM_4:Prokka:FOM_4_21:Annotated using prokka 1.14.6 from https://github.com/tseemann/prokka
prokka_FOM_4/FOM_4:Prokka:FOM_4_22:Annotated using prokka 1.14.6 from https://github.com/tseemann/prokka
prokka_FOM_4/FOM_4:Prokka:FOM_4_23:Annotated using prokka 1.14.6 from https://github.com/tseemann/prokka
prokka_FOM_4/FOM_4:Prokka:FOM_4_24:Annotated using prokka 1.14.6 from https://github.com/tseemann/prokka
prokka_FOM_4/FOM_4:Prokka:FOM_4_25:Annotated using prokka 1.14.6 from https://github.com/tseemann/prokka
prokka_FOM_4/FOM_4:Prokka:FOM_4_26:Annotated using prokka 1.14.6 from https://github.com/tseemann/prokka
prokka_FOM_4/FOM_4:Prokka:FOM_4_27:Annotated using prokka 1.14.6 from https://github.com/tseemann/prokka
prokka_FOM_4/FOM_4:Prokka:FOM_4_28:Annotated using prokka 1.14.6 from https://github.com/tseemann/prokka
prokka_FOM_4/FOM_4:Prokka:FOM_4_29:Annotated using prokka 1.14.6 from https://github.com/tseemann/prokka
prokka_FOM_4/FOM_4:Prokka:FOM_4_30:Annotated using prokka 1.14.6 from https://github.com/tseemann/prokka
prokka_FOM_4/FOM_4:Prokka:FOM_4_31:Annotated using prokka 1.14.6 from https://github.com/tseemann/prokka
prokka_FOM_4/FOM_4:Prokka:FOM_4_32:Annotated using prokka 1.14.6 from https://github.com/tseemann/prokka
prokka_FOM_4/FOM_4:Prokka:FOM_4_33:Annotated using prokka 1.14.6 from https://github.com/tseemann/prokka
prokka_FOM_4/FOM_4:Prokka:FOM_4_34:Annotated using prokka 1.14.6 from https://github.com/tseemann/prokka
prokka_FOM_4/FOM_4:Prokka:FOM_4_35:Annotated using prokka 1.14.6 from https://github.com/tseemann/prokka
prokka_FOM_4/FOM_4:Prokka:FOM_4_36:Annotated using prokka 1.14.6 from https://github.com/tseemann/prokka
prokka_FOM_4/FOM_4:Prokka:FOM_4_37:Annotated using prokka 1.14.6 from https://github.com/tseemann/prokka
prokka_FOM_4/FOM_4:Prokka:FOM_4_38:Annotated using prokka 1.14.6 from https://github.com/tseemann/prokka
prokka_FOM_4/FOM_4:Prokka:FOM_4_39:Annotated using prokka 1.14.6 from https://github.com/tseemann/prokka
prokka_FOM_4/FOM_4:Prokka:FOM_4_40:Annotated using prokka 1.14.6 from https://github.com/tseemann/prokka
prokka_FOM_4/FOM_4:Prokka:FOM_4_41:Annotated using prokka 1.14.6 from https://github.com/tseemann/prokka
prokka_FOM_4/FOM_4:Prokka:FOM_4_42:Annotated using prokka 1.14.6 from https://github.com/tseemann/prokka
prokka_FOM_4/FOM_4:Prokka:FOM_4_43:Annotated using prokka 1.14.6 from https://github.com/tseemann/prokka
prokka_FOM_4/FOM_4:Prokka:FOM_4_44:Annotated using prokka 1.14.6 from https://github.com/tseemann/prokka
prokka_FOM_4/FOM_4:Prokka:FOM_4_45:Annotated using prokka 1.14.6 from https://github.com/tseemann/prokka
prokka_FOM_4/FOM_4:Prokka:FOM_4_46:Annotated using prokka 1.14.6 from https://github.com/tseemann/prokka
prokka_FOM_4/FOM_4:Prokka:FOM_4_47:Annotated using prokka 1.14.6 from https://github.com/tseemann/prokka
prokka_FOM_4/FOM_4:Prokka:FOM_4_48:Annotated using prokka 1.14.6 from https://github.com/tseemann/prokka
prokka_FOM_4/FOM_4:Prokka:FOM_4_49:Annotated using prokka 1.14.6 from https://github.com/tseemann/prokka
prokka_FOM_4/FOM_4:Prokka:FOM_4_50:Annotated using prokka 1.14.6 from https://github.com/tseemann/prokka
prokka_FOM_4/FOM_4:Prokka:FOM_4_51:Annotated using prokka 1.14.6 from https://github.com/tseemann/prokka
prokka_FOM_4/FOM_4:Prokka:FOM_4_52:Annotated using prokka 1.14.6 from https://github.com/tseemann/prokka
prokka_FOM_4/FOM_4:Prokka:FOM_4_53:Annotated using prokka 1.14.6 from https://github.com/tseemann/prokka
prokka_FOM_4/FOM_4:Prokka:FOM_4_54:Annotated using prokka 1.14.6 from https://github.com/tseemann/prokka
prokka_FOM_4/FOM_4:Prokka:FOM_4_55:Annotated using prokka 1.14.6 from https://github.com/tseemann/prokka

DiscRep_ALL:SHORT_PROT_SEQUENCES::20 protein sequences are shorter than 50 aa.
prokka_FOM_4/FOM_4:Prokka:FOM_4_00145 (length 44)
prokka_FOM_4/FOM_4:Prokka:FOM_4_00158 (length 49)
prokka_FOM_4/FOM_4:Prokka:FOM_4_00190 (length 48)
prokka_FOM_4/FOM_4:Prokka:FOM_4_00227 (length 48)
prokka_FOM_4/FOM_4:Prokka:FOM_4_00300 (length 41)
prokka_FOM_4/FOM_4:Prokka:FOM_4_00306 (length 48)
prokka_FOM_4/FOM_4:Prokka:FOM_4_00310 (length 42)
prokka_FOM_4/FOM_4:Prokka:FOM_4_00322 (length 46)
prokka_FOM_4/FOM_4:Prokka:FOM_4_00406 (length 36)
prokka_FOM_4/FOM_4:Prokka:FOM_4_00484 (length 49)
prokka_FOM_4/FOM_4:Prokka:FOM_4_00519 (length 44)
prokka_FOM_4/FOM_4:Prokka:FOM_4_00583 (length 41)
prokka_FOM_4/FOM_4:Prokka:FOM_4_00621 (length 49)
prokka_FOM_4/FOM_4:Prokka:FOM_4_00625 (length 36)
prokka_FOM_4/FOM_4:Prokka:FOM_4_00651 (length 49)
prokka_FOM_4/FOM_4:Prokka:FOM_4_00736 (length 46)
prokka_FOM_4/FOM_4:Prokka:FOM_4_00771 (length 32)
prokka_FOM_4/FOM_4:Prokka:FOM_4_00946 (length 39)
prokka_FOM_4/FOM_4:Prokka:FOM_4_01043 (length 49)
prokka_FOM_4/FOM_4:Prokka:FOM_4_01222 (length 42)

DiscRep_ALL:MISSING_GENOMEASSEMBLY_COMMENTS::55 bioseqs are missing GenomeAssembly structured comments
prokka_FOM_4/FOM_4:Prokka:FOM_4_1 (length 1387)
prokka_FOM_4/FOM_4:Prokka:FOM_4_2 (length 1402)
prokka_FOM_4/FOM_4:Prokka:FOM_4_3 (length 61825)
prokka_FOM_4/FOM_4:Prokka:FOM_4_4 (length 1060)
prokka_FOM_4/FOM_4:Prokka:FOM_4_5 (length 1049)
prokka_FOM_4/FOM_4:Prokka:FOM_4_6 (length 1937)
prokka_FOM_4/FOM_4:Prokka:FOM_4_7 (length 3843)
prokka_FOM_4/FOM_4:Prokka:FOM_4_8 (length 75716)
prokka_FOM_4/FOM_4:Prokka:FOM_4_9 (length 6769)
prokka_FOM_4/FOM_4:Prokka:FOM_4_10 (length 2191)
prokka_FOM_4/FOM_4:Prokka:FOM_4_11 (length 1504)
prokka_FOM_4/FOM_4:Prokka:FOM_4_12 (length 5245)
prokka_FOM_4/FOM_4:Prokka:FOM_4_13 (length 2373)
prokka_FOM_4/FOM_4:Prokka:FOM_4_14 (length 70128)
prokka_FOM_4/FOM_4:Prokka:FOM_4_15 (length 1139)
prokka_FOM_4/FOM_4:Prokka:FOM_4_16 (length 30018)
prokka_FOM_4/FOM_4:Prokka:FOM_4_17 (length 5147)
prokka_FOM_4/FOM_4:Prokka:FOM_4_18 (length 1933)
prokka_FOM_4/FOM_4:Prokka:FOM_4_19 (length 53816)
prokka_FOM_4/FOM_4:Prokka:FOM_4_20 (length 103502)
prokka_FOM_4/FOM_4:Prokka:FOM_4_21 (length 168474)
prokka_FOM_4/FOM_4:Prokka:FOM_4_22 (length 2802)
prokka_FOM_4/FOM_4:Prokka:FOM_4_23 (length 26837)
prokka_FOM_4/FOM_4:Prokka:FOM_4_24 (length 106660)
prokka_FOM_4/FOM_4:Prokka:FOM_4_25 (length 2589)
prokka_FOM_4/FOM_4:Prokka:FOM_4_26 (length 1487)
prokka_FOM_4/FOM_4:Prokka:FOM_4_27 (length 8383)
prokka_FOM_4/FOM_4:Prokka:FOM_4_28 (length 7701)
prokka_FOM_4/FOM_4:Prokka:FOM_4_29 (length 6430)
prokka_FOM_4/FOM_4:Prokka:FOM_4_30 (length 109989)
prokka_FOM_4/FOM_4:Prokka:FOM_4_31 (length 1536)
prokka_FOM_4/FOM_4:Prokka:FOM_4_32 (length 1994)
prokka_FOM_4/FOM_4:Prokka:FOM_4_33 (length 1417)
prokka_FOM_4/FOM_4:Prokka:FOM_4_34 (length 116223)
prokka_FOM_4/FOM_4:Prokka:FOM_4_35 (length 1666)
prokka_FOM_4/FOM_4:Prokka:FOM_4_36 (length 86152)
prokka_FOM_4/FOM_4:Prokka:FOM_4_37 (length 1375)
prokka_FOM_4/FOM_4:Prokka:FOM_4_38 (length 2035)
prokka_FOM_4/FOM_4:Prokka:FOM_4_39 (length 140286)
prokka_FOM_4/FOM_4:Prokka:FOM_4_40 (length 1062)
prokka_FOM_4/FOM_4:Prokka:FOM_4_41 (length 4930)
prokka_FOM_4/FOM_4:Prokka:FOM_4_42 (length 1212)
prokka_FOM_4/FOM_4:Prokka:FOM_4_43 (length 4970)
prokka_FOM_4/FOM_4:Prokka:FOM_4_44 (length 1316)
prokka_FOM_4/FOM_4:Prokka:FOM_4_45 (length 1134)
prokka_FOM_4/FOM_4:Prokka:FOM_4_46 (length 8085)
prokka_FOM_4/FOM_4:Prokka:FOM_4_47 (length 1006)
prokka_FOM_4/FOM_4:Prokka:FOM_4_48 (length 3321)
prokka_FOM_4/FOM_4:Prokka:FOM_4_49 (length 25651)
prokka_FOM_4/FOM_4:Prokka:FOM_4_50 (length 5075)
prokka_FOM_4/FOM_4:Prokka:FOM_4_51 (length 2779)
prokka_FOM_4/FOM_4:Prokka:FOM_4_52 (length 1255)
prokka_FOM_4/FOM_4:Prokka:FOM_4_53 (length 1290)
prokka_FOM_4/FOM_4:Prokka:FOM_4_54 (length 2952)
prokka_FOM_4/FOM_4:Prokka:FOM_4_55 (length 10220)

DiscRep_ALL:MOLTYPE_NOT_MRNA::55 molecule types are not set as mRNA.
prokka_FOM_4/FOM_4:Prokka:FOM_4_1 (length 1387)
prokka_FOM_4/FOM_4:Prokka:FOM_4_2 (length 1402)
prokka_FOM_4/FOM_4:Prokka:FOM_4_3 (length 61825)
prokka_FOM_4/FOM_4:Prokka:FOM_4_4 (length 1060)
prokka_FOM_4/FOM_4:Prokka:FOM_4_5 (length 1049)
prokka_FOM_4/FOM_4:Prokka:FOM_4_6 (length 1937)
prokka_FOM_4/FOM_4:Prokka:FOM_4_7 (length 3843)
prokka_FOM_4/FOM_4:Prokka:FOM_4_8 (length 75716)
prokka_FOM_4/FOM_4:Prokka:FOM_4_9 (length 6769)
prokka_FOM_4/FOM_4:Prokka:FOM_4_10 (length 2191)
prokka_FOM_4/FOM_4:Prokka:FOM_4_11 (length 1504)
prokka_FOM_4/FOM_4:Prokka:FOM_4_12 (length 5245)
prokka_FOM_4/FOM_4:Prokka:FOM_4_13 (length 2373)
prokka_FOM_4/FOM_4:Prokka:FOM_4_14 (length 70128)
prokka_FOM_4/FOM_4:Prokka:FOM_4_15 (length 1139)
prokka_FOM_4/FOM_4:Prokka:FOM_4_16 (length 30018)
prokka_FOM_4/FOM_4:Prokka:FOM_4_17 (length 5147)
prokka_FOM_4/FOM_4:Prokka:FOM_4_18 (length 1933)
prokka_FOM_4/FOM_4:Prokka:FOM_4_19 (length 53816)
prokka_FOM_4/FOM_4:Prokka:FOM_4_20 (length 103502)
prokka_FOM_4/FOM_4:Prokka:FOM_4_21 (length 168474)
prokka_FOM_4/FOM_4:Prokka:FOM_4_22 (length 2802)
prokka_FOM_4/FOM_4:Prokka:FOM_4_23 (length 26837)
prokka_FOM_4/FOM_4:Prokka:FOM_4_24 (length 106660)
prokka_FOM_4/FOM_4:Prokka:FOM_4_25 (length 2589)
prokka_FOM_4/FOM_4:Prokka:FOM_4_26 (length 1487)
prokka_FOM_4/FOM_4:Prokka:FOM_4_27 (length 8383)
prokka_FOM_4/FOM_4:Prokka:FOM_4_28 (length 7701)
prokka_FOM_4/FOM_4:Prokka:FOM_4_29 (length 6430)
prokka_FOM_4/FOM_4:Prokka:FOM_4_30 (length 109989)
prokka_FOM_4/FOM_4:Prokka:FOM_4_31 (length 1536)
prokka_FOM_4/FOM_4:Prokka:FOM_4_32 (length 1994)
prokka_FOM_4/FOM_4:Prokka:FOM_4_33 (length 1417)
prokka_FOM_4/FOM_4:Prokka:FOM_4_34 (length 116223)
prokka_FOM_4/FOM_4:Prokka:FOM_4_35 (length 1666)
prokka_FOM_4/FOM_4:Prokka:FOM_4_36 (length 86152)
prokka_FOM_4/FOM_4:Prokka:FOM_4_37 (length 1375)
prokka_FOM_4/FOM_4:Prokka:FOM_4_38 (length 2035)
prokka_FOM_4/FOM_4:Prokka:FOM_4_39 (length 140286)
prokka_FOM_4/FOM_4:Prokka:FOM_4_40 (length 1062)
prokka_FOM_4/FOM_4:Prokka:FOM_4_41 (length 4930)
prokka_FOM_4/FOM_4:Prokka:FOM_4_42 (length 1212)
prokka_FOM_4/FOM_4:Prokka:FOM_4_43 (length 4970)
prokka_FOM_4/FOM_4:Prokka:FOM_4_44 (length 1316)
prokka_FOM_4/FOM_4:Prokka:FOM_4_45 (length 1134)
prokka_FOM_4/FOM_4:Prokka:FOM_4_46 (length 8085)
prokka_FOM_4/FOM_4:Prokka:FOM_4_47 (length 1006)
prokka_FOM_4/FOM_4:Prokka:FOM_4_48 (length 3321)
prokka_FOM_4/FOM_4:Prokka:FOM_4_49 (length 25651)
prokka_FOM_4/FOM_4:Prokka:FOM_4_50 (length 5075)
prokka_FOM_4/FOM_4:Prokka:FOM_4_51 (length 2779)
prokka_FOM_4/FOM_4:Prokka:FOM_4_52 (length 1255)
prokka_FOM_4/FOM_4:Prokka:FOM_4_53 (length 1290)
prokka_FOM_4/FOM_4:Prokka:FOM_4_54 (length 2952)
prokka_FOM_4/FOM_4:Prokka:FOM_4_55 (length 10220)

DiscRep_ALL:TECHNIQUE_NOT_TSA::55 technique are not set as TSA
prokka_FOM_4/FOM_4:Prokka:FOM_4_1 (length 1387)
prokka_FOM_4/FOM_4:Prokka:FOM_4_2 (length 1402)
prokka_FOM_4/FOM_4:Prokka:FOM_4_3 (length 61825)
prokka_FOM_4/FOM_4:Prokka:FOM_4_4 (length 1060)
prokka_FOM_4/FOM_4:Prokka:FOM_4_5 (length 1049)
prokka_FOM_4/FOM_4:Prokka:FOM_4_6 (length 1937)
prokka_FOM_4/FOM_4:Prokka:FOM_4_7 (length 3843)
prokka_FOM_4/FOM_4:Prokka:FOM_4_8 (length 75716)
prokka_FOM_4/FOM_4:Prokka:FOM_4_9 (length 6769)
prokka_FOM_4/FOM_4:Prokka:FOM_4_10 (length 2191)
prokka_FOM_4/FOM_4:Prokka:FOM_4_11 (length 1504)
prokka_FOM_4/FOM_4:Prokka:FOM_4_12 (length 5245)
prokka_FOM_4/FOM_4:Prokka:FOM_4_13 (length 2373)
prokka_FOM_4/FOM_4:Prokka:FOM_4_14 (length 70128)
prokka_FOM_4/FOM_4:Prokka:FOM_4_15 (length 1139)
prokka_FOM_4/FOM_4:Prokka:FOM_4_16 (length 30018)
prokka_FOM_4/FOM_4:Prokka:FOM_4_17 (length 5147)
prokka_FOM_4/FOM_4:Prokka:FOM_4_18 (length 1933)
prokka_FOM_4/FOM_4:Prokka:FOM_4_19 (length 53816)
prokka_FOM_4/FOM_4:Prokka:FOM_4_20 (length 103502)
prokka_FOM_4/FOM_4:Prokka:FOM_4_21 (length 168474)
prokka_FOM_4/FOM_4:Prokka:FOM_4_22 (length 2802)
prokka_FOM_4/FOM_4:Prokka:FOM_4_23 (length 26837)
prokka_FOM_4/FOM_4:Prokka:FOM_4_24 (length 106660)
prokka_FOM_4/FOM_4:Prokka:FOM_4_25 (length 2589)
prokka_FOM_4/FOM_4:Prokka:FOM_4_26 (length 1487)
prokka_FOM_4/FOM_4:Prokka:FOM_4_27 (length 8383)
prokka_FOM_4/FOM_4:Prokka:FOM_4_28 (length 7701)
prokka_FOM_4/FOM_4:Prokka:FOM_4_29 (length 6430)
prokka_FOM_4/FOM_4:Prokka:FOM_4_30 (length 109989)
prokka_FOM_4/FOM_4:Prokka:FOM_4_31 (length 1536)
prokka_FOM_4/FOM_4:Prokka:FOM_4_32 (length 1994)
prokka_FOM_4/FOM_4:Prokka:FOM_4_33 (length 1417)
prokka_FOM_4/FOM_4:Prokka:FOM_4_34 (length 116223)
prokka_FOM_4/FOM_4:Prokka:FOM_4_35 (length 1666)
prokka_FOM_4/FOM_4:Prokka:FOM_4_36 (length 86152)
prokka_FOM_4/FOM_4:Prokka:FOM_4_37 (length 1375)
prokka_FOM_4/FOM_4:Prokka:FOM_4_38 (length 2035)
prokka_FOM_4/FOM_4:Prokka:FOM_4_39 (length 140286)
prokka_FOM_4/FOM_4:Prokka:FOM_4_40 (length 1062)
prokka_FOM_4/FOM_4:Prokka:FOM_4_41 (length 4930)
prokka_FOM_4/FOM_4:Prokka:FOM_4_42 (length 1212)
prokka_FOM_4/FOM_4:Prokka:FOM_4_43 (length 4970)
prokka_FOM_4/FOM_4:Prokka:FOM_4_44 (length 1316)
prokka_FOM_4/FOM_4:Prokka:FOM_4_45 (length 1134)
prokka_FOM_4/FOM_4:Prokka:FOM_4_46 (length 8085)
prokka_FOM_4/FOM_4:Prokka:FOM_4_47 (length 1006)
prokka_FOM_4/FOM_4:Prokka:FOM_4_48 (length 3321)
prokka_FOM_4/FOM_4:Prokka:FOM_4_49 (length 25651)
prokka_FOM_4/FOM_4:Prokka:FOM_4_50 (length 5075)
prokka_FOM_4/FOM_4:Prokka:FOM_4_51 (length 2779)
prokka_FOM_4/FOM_4:Prokka:FOM_4_52 (length 1255)
prokka_FOM_4/FOM_4:Prokka:FOM_4_53 (length 1290)
prokka_FOM_4/FOM_4:Prokka:FOM_4_54 (length 2952)
prokka_FOM_4/FOM_4:Prokka:FOM_4_55 (length 10220)

DiscRep_ALL:MISSING_STRUCTURED_COMMENT::55 sequences do not include structured comments.
prokka_FOM_4/FOM_4:Prokka:FOM_4_1 (length 1387)
prokka_FOM_4/FOM_4:Prokka:FOM_4_2 (length 1402)
prokka_FOM_4/FOM_4:Prokka:FOM_4_3 (length 61825)
prokka_FOM_4/FOM_4:Prokka:FOM_4_4 (length 1060)
prokka_FOM_4/FOM_4:Prokka:FOM_4_5 (length 1049)
prokka_FOM_4/FOM_4:Prokka:FOM_4_6 (length 1937)
prokka_FOM_4/FOM_4:Prokka:FOM_4_7 (length 3843)
prokka_FOM_4/FOM_4:Prokka:FOM_4_8 (length 75716)
prokka_FOM_4/FOM_4:Prokka:FOM_4_9 (length 6769)
prokka_FOM_4/FOM_4:Prokka:FOM_4_10 (length 2191)
prokka_FOM_4/FOM_4:Prokka:FOM_4_11 (length 1504)
prokka_FOM_4/FOM_4:Prokka:FOM_4_12 (length 5245)
prokka_FOM_4/FOM_4:Prokka:FOM_4_13 (length 2373)
prokka_FOM_4/FOM_4:Prokka:FOM_4_14 (length 70128)
prokka_FOM_4/FOM_4:Prokka:FOM_4_15 (length 1139)
prokka_FOM_4/FOM_4:Prokka:FOM_4_16 (length 30018)
prokka_FOM_4/FOM_4:Prokka:FOM_4_17 (length 5147)
prokka_FOM_4/FOM_4:Prokka:FOM_4_18 (length 1933)
prokka_FOM_4/FOM_4:Prokka:FOM_4_19 (length 53816)
prokka_FOM_4/FOM_4:Prokka:FOM_4_20 (length 103502)
prokka_FOM_4/FOM_4:Prokka:FOM_4_21 (length 168474)
prokka_FOM_4/FOM_4:Prokka:FOM_4_22 (length 2802)
prokka_FOM_4/FOM_4:Prokka:FOM_4_23 (length 26837)
prokka_FOM_4/FOM_4:Prokka:FOM_4_24 (length 106660)
prokka_FOM_4/FOM_4:Prokka:FOM_4_25 (length 2589)
prokka_FOM_4/FOM_4:Prokka:FOM_4_26 (length 1487)
prokka_FOM_4/FOM_4:Prokka:FOM_4_27 (length 8383)
prokka_FOM_4/FOM_4:Prokka:FOM_4_28 (length 7701)
prokka_FOM_4/FOM_4:Prokka:FOM_4_29 (length 6430)
prokka_FOM_4/FOM_4:Prokka:FOM_4_30 (length 109989)
prokka_FOM_4/FOM_4:Prokka:FOM_4_31 (length 1536)
prokka_FOM_4/FOM_4:Prokka:FOM_4_32 (length 1994)
prokka_FOM_4/FOM_4:Prokka:FOM_4_33 (length 1417)
prokka_FOM_4/FOM_4:Prokka:FOM_4_34 (length 116223)
prokka_FOM_4/FOM_4:Prokka:FOM_4_35 (length 1666)
prokka_FOM_4/FOM_4:Prokka:FOM_4_36 (length 86152)
prokka_FOM_4/FOM_4:Prokka:FOM_4_37 (length 1375)
prokka_FOM_4/FOM_4:Prokka:FOM_4_38 (length 2035)
prokka_FOM_4/FOM_4:Prokka:FOM_4_39 (length 140286)
prokka_FOM_4/FOM_4:Prokka:FOM_4_40 (length 1062)
prokka_FOM_4/FOM_4:Prokka:FOM_4_41 (length 4930)
prokka_FOM_4/FOM_4:Prokka:FOM_4_42 (length 1212)
prokka_FOM_4/FOM_4:Prokka:FOM_4_43 (length 4970)
prokka_FOM_4/FOM_4:Prokka:FOM_4_44 (length 1316)
prokka_FOM_4/FOM_4:Prokka:FOM_4_45 (length 1134)
prokka_FOM_4/FOM_4:Prokka:FOM_4_46 (length 8085)
prokka_FOM_4/FOM_4:Prokka:FOM_4_47 (length 1006)
prokka_FOM_4/FOM_4:Prokka:FOM_4_48 (length 3321)
prokka_FOM_4/FOM_4:Prokka:FOM_4_49 (length 25651)
prokka_FOM_4/FOM_4:Prokka:FOM_4_50 (length 5075)
prokka_FOM_4/FOM_4:Prokka:FOM_4_51 (length 2779)
prokka_FOM_4/FOM_4:Prokka:FOM_4_52 (length 1255)
prokka_FOM_4/FOM_4:Prokka:FOM_4_53 (length 1290)
prokka_FOM_4/FOM_4:Prokka:FOM_4_54 (length 2952)
prokka_FOM_4/FOM_4:Prokka:FOM_4_55 (length 10220)

DiscRep_ALL:MISSING_PROJECT::1297 sequences do not include project.
prokka_FOM_4/FOM_4:Prokka:FOM_4_1 (length 1387)
prokka_FOM_4/FOM_4:Prokka:FOM_4_2 (length 1402)
prokka_FOM_4/FOM_4:Prokka:FOM_4_00001 (length 172)
prokka_FOM_4/FOM_4:Prokka:FOM_4_00002 (length 218)
prokka_FOM_4/FOM_4:Prokka:FOM_4_3 (length 61825)
prokka_FOM_4/FOM_4:Prokka:FOM_4_00003 (length 162)
prokka_FOM_4/FOM_4:Prokka:FOM_4_00004 (length 116)
prokka_FOM_4/FOM_4:Prokka:FOM_4_00005 (length 124)
prokka_FOM_4/FOM_4:Prokka:FOM_4_00006 (length 101)
prokka_FOM_4/FOM_4:Prokka:FOM_4_00007 (length 280)
prokka_FOM_4/FOM_4:Prokka:FOM_4_00008 (length 234)
prokka_FOM_4/FOM_4:Prokka:FOM_4_00009 (length 109)
prokka_FOM_4/FOM_4:Prokka:FOM_4_00010 (length 163)
prokka_FOM_4/FOM_4:Prokka:FOM_4_00011 (length 194)
prokka_FOM_4/FOM_4:Prokka:FOM_4_00012 (length 215)
prokka_FOM_4/FOM_4:Prokka:FOM_4_00013 (length 364)
prokka_FOM_4/FOM_4:Prokka:FOM_4_00014 (length 420)
prokka_FOM_4/FOM_4:Prokka:FOM_4_00015 (length 319)
prokka_FOM_4/FOM_4:Prokka:FOM_4_00016 (length 194)
prokka_FOM_4/FOM_4:Prokka:FOM_4_00017 (length 202)
prokka_FOM_4/FOM_4:Prokka:FOM_4_00018 (length 308)
prokka_FOM_4/FOM_4:Prokka:FOM_4_00019 (length 146)
prokka_FOM_4/FOM_4:Prokka:FOM_4_00020 (length 306)
prokka_FOM_4/FOM_4:Prokka:FOM_4_00021 (length 262)
prokka_FOM_4/FOM_4:Prokka:FOM_4_00022 (length 266)
prokka_FOM_4/FOM_4:Prokka:FOM_4_00023 (length 237)
prokka_FOM_4/FOM_4:Prokka:FOM_4_00024 (length 502)
prokka_FOM_4/FOM_4:Prokka:FOM_4_00025 (length 320)
prokka_FOM_4/FOM_4:Prokka:FOM_4_00026 (length 328)
prokka_FOM_4/FOM_4:Prokka:FOM_4_00027 (length 347)
prokka_FOM_4/FOM_4:Prokka:FOM_4_00028 (length 347)
prokka_FOM_4/FOM_4:Prokka:FOM_4_00029 (length 335)
prokka_FOM_4/FOM_4:Prokka:FOM_4_00030 (length 277)
prokka_FOM_4/FOM_4:Prokka:FOM_4_00031 (length 221)
prokka_FOM_4/FOM_4:Prokka:FOM_4_00032 (length 395)
prokka_FOM_4/FOM_4:Prokka:FOM_4_00033 (length 244)
prokka_FOM_4/FOM_4:Prokka:FOM_4_00034 (length 396)
prokka_FOM_4/FOM_4:Prokka:FOM_4_00035 (length 541)
prokka_FOM_4/FOM_4:Prokka:FOM_4_00036 (length 126)
prokka_FOM_4/FOM_4:Prokka:FOM_4_00037 (length 235)
prokka_FOM_4/FOM_4:Prokka:FOM_4_00038 (length 255)
prokka_FOM_4/FOM_4:Prokka:FOM_4_00039 (length 301)
prokka_FOM_4/FOM_4:Prokka:FOM_4_00040 (length 241)
prokka_FOM_4/FOM_4:Prokka:FOM_4_00041 (length 156)
prokka_FOM_4/FOM_4:Prokka:FOM_4_00042 (length 85)
prokka_FOM_4/FOM_4:Prokka:FOM_4_00043 (length 500)
prokka_FOM_4/FOM_4:Prokka:FOM_4_00044 (length 324)
prokka_FOM_4/FOM_4:Prokka:FOM_4_00045 (length 716)
prokka_FOM_4/FOM_4:Prokka:FOM_4_00046 (length 505)
prokka_FOM_4/FOM_4:Prokka:FOM_4_00047 (length 423)
prokka_FOM_4/FOM_4:Prokka:FOM_4_00048 (length 436)
prokka_FOM_4/FOM_4:Prokka:FOM_4_00049 (length 400)
prokka_FOM_4/FOM_4:Prokka:FOM_4_00050 (length 231)
prokka_FOM_4/FOM_4:Prokka:FOM_4_00051 (length 224)
prokka_FOM_4/FOM_4:Prokka:FOM_4_00052 (length 481)
prokka_FOM_4/FOM_4:Prokka:FOM_4_00053 (length 350)
prokka_FOM_4/FOM_4:Prokka:FOM_4_00054 (length 452)
prokka_FOM_4/FOM_4:Prokka:FOM_4_00055 (length 316)
prokka_FOM_4/FOM_4:Prokka:FOM_4_00056 (length 829)
prokka_FOM_4/FOM_4:Prokka:FOM_4_00057 (length 203)
prokka_FOM_4/FOM_4:Prokka:FOM_4_00058 (length 95)
prokka_FOM_4/FOM_4:Prokka:FOM_4_00059 (length 132)
prokka_FOM_4/FOM_4:Prokka:FOM_4_00060 (length 248)
prokka_FOM_4/FOM_4:Prokka:FOM_4_00061 (length 325)
prokka_FOM_4/FOM_4:Prokka:FOM_4_00062 (length 63)
prokka_FOM_4/FOM_4:Prokka:FOM_4_4 (length 1060)
prokka_FOM_4/FOM_4:Prokka:FOM_4_00063 (length 119)
prokka_FOM_4/FOM_4:Prokka:FOM_4_00064 (length 107)
prokka_FOM_4/FOM_4:Prokka:FOM_4_5 (length 1049)
prokka_FOM_4/FOM_4:Prokka:FOM_4_00065 (length 241)
prokka_FOM_4/FOM_4:Prokka:FOM_4_6 (length 1937)
prokka_FOM_4/FOM_4:Prokka:FOM_4_7 (length 3843)
prokka_FOM_4/FOM_4:Prokka:FOM_4_00066 (length 306)
prokka_FOM_4/FOM_4:Prokka:FOM_4_00067 (length 147)
prokka_FOM_4/FOM_4:Prokka:FOM_4_00068 (length 83)
prokka_FOM_4/FOM_4:Prokka:FOM_4_00069 (length 155)
prokka_FOM_4/FOM_4:Prokka:FOM_4_00070 (length 147)
prokka_FOM_4/FOM_4:Prokka:FOM_4_8 (length 75716)
prokka_FOM_4/FOM_4:Prokka:FOM_4_00071 (length 611)
prokka_FOM_4/FOM_4:Prokka:FOM_4_00072 (length 211)
prokka_FOM_4/FOM_4:Prokka:FOM_4_00073 (length 150)
prokka_FOM_4/FOM_4:Prokka:FOM_4_00074 (length 593)
prokka_FOM_4/FOM_4:Prokka:FOM_4_00075 (length 570)
prokka_FOM_4/FOM_4:Prokka:FOM_4_00076 (length 154)
prokka_FOM_4/FOM_4:Prokka:FOM_4_00077 (length 109)
prokka_FOM_4/FOM_4:Prokka:FOM_4_00078 (length 84)
prokka_FOM_4/FOM_4:Prokka:FOM_4_00079 (length 313)
prokka_FOM_4/FOM_4:Prokka:FOM_4_00080 (length 602)
prokka_FOM_4/FOM_4:Prokka:FOM_4_00081 (length 135)
prokka_FOM_4/FOM_4:Prokka:FOM_4_00082 (length 280)
prokka_FOM_4/FOM_4:Prokka:FOM_4_00083 (length 628)
prokka_FOM_4/FOM_4:Prokka:FOM_4_00084 (length 599)
prokka_FOM_4/FOM_4:Prokka:FOM_4_00085 (length 598)
prokka_FOM_4/FOM_4:Prokka:FOM_4_00086 (length 314)
prokka_FOM_4/FOM_4:Prokka:FOM_4_00087 (length 319)
prokka_FOM_4/FOM_4:Prokka:FOM_4_00088 (length 319)
prokka_FOM_4/FOM_4:Prokka:FOM_4_00089 (length 329)
prokka_FOM_4/FOM_4:Prokka:FOM_4_00090 (length 222)
prokka_FOM_4/FOM_4:Prokka:FOM_4_00091 (length 211)
prokka_FOM_4/FOM_4:Prokka:FOM_4_00092 (length 279)
prokka_FOM_4/FOM_4:Prokka:FOM_4_00093 (length 245)
prokka_FOM_4/FOM_4:Prokka:FOM_4_00094 (length 265)
prokka_FOM_4/FOM_4:Prokka:FOM_4_00095 (length 160)
prokka_FOM_4/FOM_4:Prokka:FOM_4_00096 (length 188)
prokka_FOM_4/FOM_4:Prokka:FOM_4_00097 (length 467)
prokka_FOM_4/FOM_4:Prokka:FOM_4_00098 (length 801)
prokka_FOM_4/FOM_4:Prokka:FOM_4_00099 (length 182)
prokka_FOM_4/FOM_4:Prokka:FOM_4_00100 (length 320)
prokka_FOM_4/FOM_4:Prokka:FOM_4_00101 (length 301)
prokka_FOM_4/FOM_4:Prokka:FOM_4_00102 (length 284)
prokka_FOM_4/FOM_4:Prokka:FOM_4_00103 (length 210)
prokka_FOM_4/FOM_4:Prokka:FOM_4_00104 (length 149)
prokka_FOM_4/FOM_4:Prokka:FOM_4_00105 (length 141)
prokka_FOM_4/FOM_4:Prokka:FOM_4_00106 (length 373)
prokka_FOM_4/FOM_4:Prokka:FOM_4_00107 (length 118)
prokka_FOM_4/FOM_4:Prokka:FOM_4_00108 (length 533)
prokka_FOM_4/FOM_4:Prokka:FOM_4_00109 (length 176)
prokka_FOM_4/FOM_4:Prokka:FOM_4_00110 (length 413)
prokka_FOM_4/FOM_4:Prokka:FOM_4_00111 (length 229)
prokka_FOM_4/FOM_4:Prokka:FOM_4_00112 (length 312)
prokka_FOM_4/FOM_4:Prokka:FOM_4_00113 (length 169)
prokka_FOM_4/FOM_4:Prokka:FOM_4_00114 (length 867)
prokka_FOM_4/FOM_4:Prokka:FOM_4_00116 (length 149)
prokka_FOM_4/FOM_4:Prokka:FOM_4_00117 (length 719)
prokka_FOM_4/FOM_4:Prokka:FOM_4_00118 (length 725)
prokka_FOM_4/FOM_4:Prokka:FOM_4_00119 (length 143)
prokka_FOM_4/FOM_4:Prokka:FOM_4_00120 (length 558)
prokka_FOM_4/FOM_4:Prokka:FOM_4_00121 (length 290)
prokka_FOM_4/FOM_4:Prokka:FOM_4_00122 (length 281)
prokka_FOM_4/FOM_4:Prokka:FOM_4_00123 (length 452)
prokka_FOM_4/FOM_4:Prokka:FOM_4_00124 (length 301)
prokka_FOM_4/FOM_4:Prokka:FOM_4_00125 (length 282)
prokka_FOM_4/FOM_4:Prokka:FOM_4_00126 (length 80)
prokka_FOM_4/FOM_4:Prokka:FOM_4_00127 (length 424)
prokka_FOM_4/FOM_4:Prokka:FOM_4_00128 (length 537)
prokka_FOM_4/FOM_4:Prokka:FOM_4_00129 (length 198)
prokka_FOM_4/FOM_4:Prokka:FOM_4_00130 (length 144)
prokka_FOM_4/FOM_4:Prokka:FOM_4_00131 (length 275)
prokka_FOM_4/FOM_4:Prokka:FOM_4_00132 (length 455)
prokka_FOM_4/FOM_4:Prokka:FOM_4_00133 (length 267)
prokka_FOM_4/FOM_4:Prokka:FOM_4_00134 (length 557)
prokka_FOM_4/FOM_4:Prokka:FOM_4_00135 (length 387)
prokka_FOM_4/FOM_4:Prokka:FOM_4_00136 (length 161)
prokka_FOM_4/FOM_4:Prokka:FOM_4_9 (length 6769)
prokka_FOM_4/FOM_4:Prokka:FOM_4_00137 (length 369)
prokka_FOM_4/FOM_4:Prokka:FOM_4_00138 (length 412)
prokka_FOM_4/FOM_4:Prokka:FOM_4_00139 (length 348)
prokka_FOM_4/FOM_4:Prokka:FOM_4_00140 (length 478)
prokka_FOM_4/FOM_4:Prokka:FOM_4_00141 (length 317)
prokka_FOM_4/FOM_4:Prokka:FOM_4_00142 (length 86)
prokka_FOM_4/FOM_4:Prokka:FOM_4_10 (length 2191)
prokka_FOM_4/FOM_4:Prokka:FOM_4_00143 (length 196)
prokka_FOM_4/FOM_4:Prokka:FOM_4_00144 (length 344)
prokka_FOM_4/FOM_4:Prokka:FOM_4_11 (length 1504)
prokka_FOM_4/FOM_4:Prokka:FOM_4_00145 (length 44)
prokka_FOM_4/FOM_4:Prokka:FOM_4_00146 (length 337)
prokka_FOM_4/FOM_4:Prokka:FOM_4_12 (length 5245)
prokka_FOM_4/FOM_4:Prokka:FOM_4_00147 (length 1242)
prokka_FOM_4/FOM_4:Prokka:FOM_4_00148 (length 243)
prokka_FOM_4/FOM_4:Prokka:FOM_4_13 (length 2373)
prokka_FOM_4/FOM_4:Prokka:FOM_4_00149 (length 127)
prokka_FOM_4/FOM_4:Prokka:FOM_4_00150 (length 289)
prokka_FOM_4/FOM_4:Prokka:FOM_4_00151 (length 174)
prokka_FOM_4/FOM_4:Prokka:FOM_4_14 (length 70128)
prokka_FOM_4/FOM_4:Prokka:FOM_4_00152 (length 55)
prokka_FOM_4/FOM_4:Prokka:FOM_4_00153 (length 130)
prokka_FOM_4/FOM_4:Prokka:FOM_4_00154 (length 146)
prokka_FOM_4/FOM_4:Prokka:FOM_4_00155 (length 93)
prokka_FOM_4/FOM_4:Prokka:FOM_4_00156 (length 62)
prokka_FOM_4/FOM_4:Prokka:FOM_4_00157 (length 95)
prokka_FOM_4/FOM_4:Prokka:FOM_4_00158 (length 49)
prokka_FOM_4/FOM_4:Prokka:FOM_4_00159 (length 320)
prokka_FOM_4/FOM_4:Prokka:FOM_4_00160 (length 182)
prokka_FOM_4/FOM_4:Prokka:FOM_4_00161 (length 419)
prokka_FOM_4/FOM_4:Prokka:FOM_4_00162 (length 64)
prokka_FOM_4/FOM_4:Prokka:FOM_4_00163 (length 342)
prokka_FOM_4/FOM_4:Prokka:FOM_4_00164 (length 162)
prokka_FOM_4/FOM_4:Prokka:FOM_4_00165 (length 180)
prokka_FOM_4/FOM_4:Prokka:FOM_4_00166 (length 250)
prokka_FOM_4/FOM_4:Prokka:FOM_4_00167 (length 421)
prokka_FOM_4/FOM_4:Prokka:FOM_4_00168 (length 440)
prokka_FOM_4/FOM_4:Prokka:FOM_4_00169 (length 1123)
prokka_FOM_4/FOM_4:Prokka:FOM_4_00170 (length 246)
prokka_FOM_4/FOM_4:Prokka:FOM_4_00171 (length 112)
prokka_FOM_4/FOM_4:Prokka:FOM_4_00172 (length 149)
prokka_FOM_4/FOM_4:Prokka:FOM_4_00173 (length 562)
prokka_FOM_4/FOM_4:Prokka:FOM_4_00174 (length 249)
prokka_FOM_4/FOM_4:Prokka:FOM_4_00175 (length 56)
prokka_FOM_4/FOM_4:Prokka:FOM_4_00176 (length 76)
prokka_FOM_4/FOM_4:Prokka:FOM_4_00177 (length 324)
prokka_FOM_4/FOM_4:Prokka:FOM_4_00178 (length 315)
prokka_FOM_4/FOM_4:Prokka:FOM_4_00179 (length 382)
prokka_FOM_4/FOM_4:Prokka:FOM_4_00180 (length 350)
prokka_FOM_4/FOM_4:Prokka:FOM_4_00181 (length 97)
prokka_FOM_4/FOM_4:Prokka:FOM_4_00182 (length 304)
prokka_FOM_4/FOM_4:Prokka:FOM_4_00183 (length 512)
prokka_FOM_4/FOM_4:Prokka:FOM_4_00184 (length 460)
prokka_FOM_4/FOM_4:Prokka:FOM_4_00185 (length 439)
prokka_FOM_4/FOM_4:Prokka:FOM_4_00186 (length 445)
prokka_FOM_4/FOM_4:Prokka:FOM_4_00187 (length 500)
prokka_FOM_4/FOM_4:Prokka:FOM_4_00188 (length 314)
prokka_FOM_4/FOM_4:Prokka:FOM_4_00189 (length 455)
prokka_FOM_4/FOM_4:Prokka:FOM_4_00190 (length 48)
prokka_FOM_4/FOM_4:Prokka:FOM_4_00191 (length 347)
prokka_FOM_4/FOM_4:Prokka:FOM_4_00192 (length 261)
prokka_FOM_4/FOM_4:Prokka:FOM_4_00193 (length 161)
prokka_FOM_4/FOM_4:Prokka:FOM_4_00194 (length 400)
prokka_FOM_4/FOM_4:Prokka:FOM_4_00195 (length 138)
prokka_FOM_4/FOM_4:Prokka:FOM_4_00196 (length 109)
prokka_FOM_4/FOM_4:Prokka:FOM_4_00197 (length 67)
prokka_FOM_4/FOM_4:Prokka:FOM_4_00198 (length 241)
prokka_FOM_4/FOM_4:Prokka:FOM_4_00199 (length 72)
prokka_FOM_4/FOM_4:Prokka:FOM_4_00200 (length 72)
prokka_FOM_4/FOM_4:Prokka:FOM_4_00201 (length 53)
prokka_FOM_4/FOM_4:Prokka:FOM_4_00202 (length 71)
prokka_FOM_4/FOM_4:Prokka:FOM_4_00203 (length 299)
prokka_FOM_4/FOM_4:Prokka:FOM_4_00204 (length 282)
prokka_FOM_4/FOM_4:Prokka:FOM_4_00205 (length 272)
prokka_FOM_4/FOM_4:Prokka:FOM_4_00206 (length 264)
prokka_FOM_4/FOM_4:Prokka:FOM_4_00207 (length 111)
prokka_FOM_4/FOM_4:Prokka:FOM_4_00208 (length 132)
prokka_FOM_4/FOM_4:Prokka:FOM_4_00209 (length 69)
prokka_FOM_4/FOM_4:Prokka:FOM_4_00210 (length 52)
prokka_FOM_4/FOM_4:Prokka:FOM_4_00211 (length 94)
prokka_FOM_4/FOM_4:Prokka:FOM_4_00212 (length 225)
prokka_FOM_4/FOM_4:Prokka:FOM_4_00213 (length 65)
prokka_FOM_4/FOM_4:Prokka:FOM_4_00214 (length 67)
prokka_FOM_4/FOM_4:Prokka:FOM_4_00215 (length 155)
prokka_FOM_4/FOM_4:Prokka:FOM_4_00216 (length 105)
prokka_FOM_4/FOM_4:Prokka:FOM_4_00217 (length 117)
prokka_FOM_4/FOM_4:Prokka:FOM_4_00218 (length 113)
prokka_FOM_4/FOM_4:Prokka:FOM_4_00219 (length 57)
prokka_FOM_4/FOM_4:Prokka:FOM_4_00220 (length 115)
prokka_FOM_4/FOM_4:Prokka:FOM_4_00221 (length 140)
prokka_FOM_4/FOM_4:Prokka:FOM_4_00222 (length 131)
prokka_FOM_4/FOM_4:Prokka:FOM_4_00223 (length 247)
prokka_FOM_4/FOM_4:Prokka:FOM_4_00224 (length 427)
prokka_FOM_4/FOM_4:Prokka:FOM_4_00225 (length 518)
prokka_FOM_4/FOM_4:Prokka:FOM_4_00226 (length 540)
prokka_FOM_4/FOM_4:Prokka:FOM_4_00227 (length 48)
prokka_FOM_4/FOM_4:Prokka:FOM_4_00228 (length 168)
prokka_FOM_4/FOM_4:Prokka:FOM_4_00229 (length 293)
prokka_FOM_4/FOM_4:Prokka:FOM_4_00230 (length 113)
prokka_FOM_4/FOM_4:Prokka:FOM_4_00231 (length 95)
prokka_FOM_4/FOM_4:Prokka:FOM_4_00232 (length 118)
prokka_FOM_4/FOM_4:Prokka:FOM_4_00233 (length 121)
prokka_FOM_4/FOM_4:Prokka:FOM_4_00234 (length 198)
prokka_FOM_4/FOM_4:Prokka:FOM_4_00235 (length 149)
prokka_FOM_4/FOM_4:Prokka:FOM_4_00236 (length 82)
prokka_FOM_4/FOM_4:Prokka:FOM_4_00237 (length 898)
prokka_FOM_4/FOM_4:Prokka:FOM_4_00238 (length 275)
prokka_FOM_4/FOM_4:Prokka:FOM_4_15 (length 1139)
prokka_FOM_4/FOM_4:Prokka:FOM_4_00239 (length 247)
prokka_FOM_4/FOM_4:Prokka:FOM_4_16 (length 30018)
prokka_FOM_4/FOM_4:Prokka:FOM_4_00243 (length 314)
prokka_FOM_4/FOM_4:Prokka:FOM_4_00244 (length 766)
prokka_FOM_4/FOM_4:Prokka:FOM_4_00245 (length 269)
prokka_FOM_4/FOM_4:Prokka:FOM_4_00246 (length 121)
prokka_FOM_4/FOM_4:Prokka:FOM_4_00247 (length 213)
prokka_FOM_4/FOM_4:Prokka:FOM_4_00248 (length 311)
prokka_FOM_4/FOM_4:Prokka:FOM_4_00249 (length 308)
prokka_FOM_4/FOM_4:Prokka:FOM_4_00250 (length 281)
prokka_FOM_4/FOM_4:Prokka:FOM_4_00251 (length 206)
prokka_FOM_4/FOM_4:Prokka:FOM_4_00252 (length 680)
prokka_FOM_4/FOM_4:Prokka:FOM_4_00253 (length 257)
prokka_FOM_4/FOM_4:Prokka:FOM_4_00254 (length 185)
prokka_FOM_4/FOM_4:Prokka:FOM_4_00255 (length 296)
prokka_FOM_4/FOM_4:Prokka:FOM_4_00256 (length 330)
prokka_FOM_4/FOM_4:Prokka:FOM_4_00257 (length 78)
prokka_FOM_4/FOM_4:Prokka:FOM_4_00258 (length 284)
prokka_FOM_4/FOM_4:Prokka:FOM_4_00259 (length 192)
prokka_FOM_4/FOM_4:Prokka:FOM_4_00260 (length 469)
prokka_FOM_4/FOM_4:Prokka:FOM_4_00261 (length 68)
prokka_FOM_4/FOM_4:Prokka:FOM_4_00262 (length 78)
prokka_FOM_4/FOM_4:Prokka:FOM_4_00263 (length 123)
prokka_FOM_4/FOM_4:Prokka:FOM_4_00264 (length 171)
prokka_FOM_4/FOM_4:Prokka:FOM_4_00265 (length 127)
prokka_FOM_4/FOM_4:Prokka:FOM_4_00266 (length 156)
prokka_FOM_4/FOM_4:Prokka:FOM_4_00267 (length 239)
prokka_FOM_4/FOM_4:Prokka:FOM_4_17 (length 5147)
prokka_FOM_4/FOM_4:Prokka:FOM_4_00268 (length 302)
prokka_FOM_4/FOM_4:Prokka:FOM_4_00269 (length 102)
prokka_FOM_4/FOM_4:Prokka:FOM_4_00270 (length 63)
prokka_FOM_4/FOM_4:Prokka:FOM_4_00271 (length 115)
prokka_FOM_4/FOM_4:Prokka:FOM_4_00272 (length 593)
prokka_FOM_4/FOM_4:Prokka:FOM_4_00273 (length 121)
prokka_FOM_4/FOM_4:Prokka:FOM_4_18 (length 1933)
prokka_FOM_4/FOM_4:Prokka:FOM_4_00274 (length 157)
prokka_FOM_4/FOM_4:Prokka:FOM_4_00275 (length 77)
prokka_FOM_4/FOM_4:Prokka:FOM_4_19 (length 53816)
prokka_FOM_4/FOM_4:Prokka:FOM_4_00276 (length 103)
prokka_FOM_4/FOM_4:Prokka:FOM_4_00277 (length 731)
prokka_FOM_4/FOM_4:Prokka:FOM_4_00278 (length 56)
prokka_FOM_4/FOM_4:Prokka:FOM_4_00279 (length 175)
prokka_FOM_4/FOM_4:Prokka:FOM_4_00280 (length 383)
prokka_FOM_4/FOM_4:Prokka:FOM_4_00281 (length 991)
prokka_FOM_4/FOM_4:Prokka:FOM_4_00282 (length 228)
prokka_FOM_4/FOM_4:Prokka:FOM_4_00283 (length 495)
prokka_FOM_4/FOM_4:Prokka:FOM_4_00284 (length 297)
prokka_FOM_4/FOM_4:Prokka:FOM_4_00285 (length 712)
prokka_FOM_4/FOM_4:Prokka:FOM_4_00286 (length 480)
prokka_FOM_4/FOM_4:Prokka:FOM_4_00287 (length 135)
prokka_FOM_4/FOM_4:Prokka:FOM_4_00288 (length 149)
prokka_FOM_4/FOM_4:Prokka:FOM_4_00289 (length 446)
prokka_FOM_4/FOM_4:Prokka:FOM_4_00290 (length 97)
prokka_FOM_4/FOM_4:Prokka:FOM_4_00291 (length 508)
prokka_FOM_4/FOM_4:Prokka:FOM_4_00292 (length 204)
prokka_FOM_4/FOM_4:Prokka:FOM_4_00293 (length 201)
prokka_FOM_4/FOM_4:Prokka:FOM_4_00294 (length 269)
prokka_FOM_4/FOM_4:Prokka:FOM_4_00295 (length 763)
prokka_FOM_4/FOM_4:Prokka:FOM_4_00296 (length 276)
prokka_FOM_4/FOM_4:Prokka:FOM_4_00297 (length 349)
prokka_FOM_4/FOM_4:Prokka:FOM_4_00298 (length 641)
prokka_FOM_4/FOM_4:Prokka:FOM_4_00299 (length 331)
prokka_FOM_4/FOM_4:Prokka:FOM_4_00300 (length 41)
prokka_FOM_4/FOM_4:Prokka:FOM_4_00301 (length 253)
prokka_FOM_4/FOM_4:Prokka:FOM_4_00302 (length 825)
prokka_FOM_4/FOM_4:Prokka:FOM_4_00303 (length 311)
prokka_FOM_4/FOM_4:Prokka:FOM_4_00304 (length 296)
prokka_FOM_4/FOM_4:Prokka:FOM_4_00305 (length 92)
prokka_FOM_4/FOM_4:Prokka:FOM_4_00306 (length 48)
prokka_FOM_4/FOM_4:Prokka:FOM_4_00307 (length 69)
prokka_FOM_4/FOM_4:Prokka:FOM_4_00308 (length 561)
prokka_FOM_4/FOM_4:Prokka:FOM_4_00309 (length 266)
prokka_FOM_4/FOM_4:Prokka:FOM_4_00310 (length 42)
prokka_FOM_4/FOM_4:Prokka:FOM_4_00311 (length 172)
prokka_FOM_4/FOM_4:Prokka:FOM_4_00312 (length 68)
prokka_FOM_4/FOM_4:Prokka:FOM_4_00313 (length 67)
prokka_FOM_4/FOM_4:Prokka:FOM_4_00314 (length 51)
prokka_FOM_4/FOM_4:Prokka:FOM_4_00315 (length 416)
prokka_FOM_4/FOM_4:Prokka:FOM_4_00316 (length 395)
prokka_FOM_4/FOM_4:Prokka:FOM_4_00317 (length 156)
prokka_FOM_4/FOM_4:Prokka:FOM_4_00318 (length 85)
prokka_FOM_4/FOM_4:Prokka:FOM_4_00319 (length 92)
prokka_FOM_4/FOM_4:Prokka:FOM_4_00320 (length 80)
prokka_FOM_4/FOM_4:Prokka:FOM_4_00321 (length 104)
prokka_FOM_4/FOM_4:Prokka:FOM_4_00322 (length 46)
prokka_FOM_4/FOM_4:Prokka:FOM_4_00323 (length 74)
prokka_FOM_4/FOM_4:Prokka:FOM_4_00324 (length 155)
prokka_FOM_4/FOM_4:Prokka:FOM_4_00325 (length 421)
prokka_FOM_4/FOM_4:Prokka:FOM_4_00326 (length 103)
prokka_FOM_4/FOM_4:Prokka:FOM_4_00327 (length 76)
prokka_FOM_4/FOM_4:Prokka:FOM_4_00328 (length 87)
prokka_FOM_4/FOM_4:Prokka:FOM_4_00329 (length 437)
prokka_FOM_4/FOM_4:Prokka:FOM_4_20 (length 103502)
prokka_FOM_4/FOM_4:Prokka:FOM_4_00330 (length 304)
prokka_FOM_4/FOM_4:Prokka:FOM_4_00331 (length 655)
prokka_FOM_4/FOM_4:Prokka:FOM_4_00332 (length 354)
prokka_FOM_4/FOM_4:Prokka:FOM_4_00333 (length 229)
prokka_FOM_4/FOM_4:Prokka:FOM_4_00334 (length 619)
prokka_FOM_4/FOM_4:Prokka:FOM_4_00335 (length 204)
prokka_FOM_4/FOM_4:Prokka:FOM_4_00336 (length 316)
prokka_FOM_4/FOM_4:Prokka:FOM_4_00337 (length 686)
prokka_FOM_4/FOM_4:Prokka:FOM_4_00338 (length 690)
prokka_FOM_4/FOM_4:Prokka:FOM_4_00339 (length 303)
prokka_FOM_4/FOM_4:Prokka:FOM_4_00340 (length 136)
prokka_FOM_4/FOM_4:Prokka:FOM_4_00341 (length 259)
prokka_FOM_4/FOM_4:Prokka:FOM_4_00342 (length 318)
prokka_FOM_4/FOM_4:Prokka:FOM_4_00343 (length 335)
prokka_FOM_4/FOM_4:Prokka:FOM_4_00344 (length 88)
prokka_FOM_4/FOM_4:Prokka:FOM_4_00345 (length 307)
prokka_FOM_4/FOM_4:Prokka:FOM_4_00346 (length 258)
prokka_FOM_4/FOM_4:Prokka:FOM_4_00347 (length 262)
prokka_FOM_4/FOM_4:Prokka:FOM_4_00348 (length 263)
prokka_FOM_4/FOM_4:Prokka:FOM_4_00349 (length 521)
prokka_FOM_4/FOM_4:Prokka:FOM_4_00350 (length 137)
prokka_FOM_4/FOM_4:Prokka:FOM_4_00351 (length 563)
prokka_FOM_4/FOM_4:Prokka:FOM_4_00352 (length 480)
prokka_FOM_4/FOM_4:Prokka:FOM_4_00353 (length 165)
prokka_FOM_4/FOM_4:Prokka:FOM_4_00354 (length 224)
prokka_FOM_4/FOM_4:Prokka:FOM_4_00355 (length 242)
prokka_FOM_4/FOM_4:Prokka:FOM_4_00356 (length 291)
prokka_FOM_4/FOM_4:Prokka:FOM_4_00357 (length 333)
prokka_FOM_4/FOM_4:Prokka:FOM_4_00358 (length 252)
prokka_FOM_4/FOM_4:Prokka:FOM_4_00359 (length 131)
prokka_FOM_4/FOM_4:Prokka:FOM_4_00360 (length 344)
prokka_FOM_4/FOM_4:Prokka:FOM_4_00361 (length 2009)
prokka_FOM_4/FOM_4:Prokka:FOM_4_00362 (length 121)
prokka_FOM_4/FOM_4:Prokka:FOM_4_00363 (length 167)
prokka_FOM_4/FOM_4:Prokka:FOM_4_00364 (length 189)
prokka_FOM_4/FOM_4:Prokka:FOM_4_00365 (length 198)
prokka_FOM_4/FOM_4:Prokka:FOM_4_00366 (length 380)
prokka_FOM_4/FOM_4:Prokka:FOM_4_00367 (length 250)
prokka_FOM_4/FOM_4:Prokka:FOM_4_00368 (length 396)
prokka_FOM_4/FOM_4:Prokka:FOM_4_00369 (length 814)
prokka_FOM_4/FOM_4:Prokka:FOM_4_00370 (length 428)
prokka_FOM_4/FOM_4:Prokka:FOM_4_00371 (length 227)
prokka_FOM_4/FOM_4:Prokka:FOM_4_00372 (length 763)
prokka_FOM_4/FOM_4:Prokka:FOM_4_00373 (length 295)
prokka_FOM_4/FOM_4:Prokka:FOM_4_00374 (length 216)
prokka_FOM_4/FOM_4:Prokka:FOM_4_00375 (length 490)
prokka_FOM_4/FOM_4:Prokka:FOM_4_00376 (length 243)
prokka_FOM_4/FOM_4:Prokka:FOM_4_00377 (length 66)
prokka_FOM_4/FOM_4:Prokka:FOM_4_00378 (length 241)
prokka_FOM_4/FOM_4:Prokka:FOM_4_00379 (length 180)
prokka_FOM_4/FOM_4:Prokka:FOM_4_00380 (length 256)
prokka_FOM_4/FOM_4:Prokka:FOM_4_00381 (length 305)
prokka_FOM_4/FOM_4:Prokka:FOM_4_00382 (length 65)
prokka_FOM_4/FOM_4:Prokka:FOM_4_00383 (length 367)
prokka_FOM_4/FOM_4:Prokka:FOM_4_00384 (length 249)
prokka_FOM_4/FOM_4:Prokka:FOM_4_00385 (length 230)
prokka_FOM_4/FOM_4:Prokka:FOM_4_00386 (length 393)
prokka_FOM_4/FOM_4:Prokka:FOM_4_00387 (length 419)
prokka_FOM_4/FOM_4:Prokka:FOM_4_00388 (length 148)
prokka_FOM_4/FOM_4:Prokka:FOM_4_00389 (length 328)
prokka_FOM_4/FOM_4:Prokka:FOM_4_00390 (length 108)
prokka_FOM_4/FOM_4:Prokka:FOM_4_00391 (length 470)
prokka_FOM_4/FOM_4:Prokka:FOM_4_00392 (length 79)
prokka_FOM_4/FOM_4:Prokka:FOM_4_00393 (length 138)
prokka_FOM_4/FOM_4:Prokka:FOM_4_00394 (length 216)
prokka_FOM_4/FOM_4:Prokka:FOM_4_00395 (length 84)
prokka_FOM_4/FOM_4:Prokka:FOM_4_00396 (length 306)
prokka_FOM_4/FOM_4:Prokka:FOM_4_00397 (length 219)
prokka_FOM_4/FOM_4:Prokka:FOM_4_00398 (length 464)
prokka_FOM_4/FOM_4:Prokka:FOM_4_00399 (length 186)
prokka_FOM_4/FOM_4:Prokka:FOM_4_00400 (length 296)
prokka_FOM_4/FOM_4:Prokka:FOM_4_00401 (length 110)
prokka_FOM_4/FOM_4:Prokka:FOM_4_00402 (length 258)
prokka_FOM_4/FOM_4:Prokka:FOM_4_00403 (length 112)
prokka_FOM_4/FOM_4:Prokka:FOM_4_00404 (length 231)
prokka_FOM_4/FOM_4:Prokka:FOM_4_00405 (length 211)
prokka_FOM_4/FOM_4:Prokka:FOM_4_00406 (length 36)
prokka_FOM_4/FOM_4:Prokka:FOM_4_00407 (length 275)
prokka_FOM_4/FOM_4:Prokka:FOM_4_00408 (length 124)
prokka_FOM_4/FOM_4:Prokka:FOM_4_00409 (length 252)
prokka_FOM_4/FOM_4:Prokka:FOM_4_00410 (length 351)
prokka_FOM_4/FOM_4:Prokka:FOM_4_00411 (length 464)
prokka_FOM_4/FOM_4:Prokka:FOM_4_00412 (length 642)
prokka_FOM_4/FOM_4:Prokka:FOM_4_00413 (length 412)
prokka_FOM_4/FOM_4:Prokka:FOM_4_00414 (length 331)
prokka_FOM_4/FOM_4:Prokka:FOM_4_00415 (length 233)
prokka_FOM_4/FOM_4:Prokka:FOM_4_00416 (length 363)
prokka_FOM_4/FOM_4:Prokka:FOM_4_00417 (length 273)
prokka_FOM_4/FOM_4:Prokka:FOM_4_00418 (length 265)
prokka_FOM_4/FOM_4:Prokka:FOM_4_00419 (length 340)
prokka_FOM_4/FOM_4:Prokka:FOM_4_00420 (length 289)
prokka_FOM_4/FOM_4:Prokka:FOM_4_00421 (length 283)
prokka_FOM_4/FOM_4:Prokka:FOM_4_00422 (length 205)
prokka_FOM_4/FOM_4:Prokka:FOM_4_00423 (length 854)
prokka_FOM_4/FOM_4:Prokka:FOM_4_21 (length 168474)
prokka_FOM_4/FOM_4:Prokka:FOM_4_00424 (length 497)
prokka_FOM_4/FOM_4:Prokka:FOM_4_00425 (length 173)
prokka_FOM_4/FOM_4:Prokka:FOM_4_00426 (length 478)
prokka_FOM_4/FOM_4:Prokka:FOM_4_00427 (length 273)
prokka_FOM_4/FOM_4:Prokka:FOM_4_00428 (length 126)
prokka_FOM_4/FOM_4:Prokka:FOM_4_00429 (length 315)
prokka_FOM_4/FOM_4:Prokka:FOM_4_00430 (length 217)
prokka_FOM_4/FOM_4:Prokka:FOM_4_00431 (length 194)
prokka_FOM_4/FOM_4:Prokka:FOM_4_00432 (length 286)
prokka_FOM_4/FOM_4:Prokka:FOM_4_00433 (length 227)
prokka_FOM_4/FOM_4:Prokka:FOM_4_00434 (length 347)
prokka_FOM_4/FOM_4:Prokka:FOM_4_00435 (length 281)
prokka_FOM_4/FOM_4:Prokka:FOM_4_00436 (length 201)
prokka_FOM_4/FOM_4:Prokka:FOM_4_00437 (length 277)
prokka_FOM_4/FOM_4:Prokka:FOM_4_00438 (length 774)
prokka_FOM_4/FOM_4:Prokka:FOM_4_00439 (length 557)
prokka_FOM_4/FOM_4:Prokka:FOM_4_00440 (length 451)
prokka_FOM_4/FOM_4:Prokka:FOM_4_00441 (length 323)
prokka_FOM_4/FOM_4:Prokka:FOM_4_00442 (length 327)
prokka_FOM_4/FOM_4:Prokka:FOM_4_00443 (length 589)
prokka_FOM_4/FOM_4:Prokka:FOM_4_00444 (length 414)
prokka_FOM_4/FOM_4:Prokka:FOM_4_00445 (length 295)
prokka_FOM_4/FOM_4:Prokka:FOM_4_00446 (length 53)
prokka_FOM_4/FOM_4:Prokka:FOM_4_00447 (length 188)
prokka_FOM_4/FOM_4:Prokka:FOM_4_00448 (length 262)
prokka_FOM_4/FOM_4:Prokka:FOM_4_00449 (length 464)
prokka_FOM_4/FOM_4:Prokka:FOM_4_00450 (length 469)
prokka_FOM_4/FOM_4:Prokka:FOM_4_00451 (length 599)
prokka_FOM_4/FOM_4:Prokka:FOM_4_00452 (length 267)
prokka_FOM_4/FOM_4:Prokka:FOM_4_00453 (length 173)
prokka_FOM_4/FOM_4:Prokka:FOM_4_00454 (length 430)
prokka_FOM_4/FOM_4:Prokka:FOM_4_00455 (length 392)
prokka_FOM_4/FOM_4:Prokka:FOM_4_00456 (length 494)
prokka_FOM_4/FOM_4:Prokka:FOM_4_00457 (length 221)
prokka_FOM_4/FOM_4:Prokka:FOM_4_00458 (length 422)
prokka_FOM_4/FOM_4:Prokka:FOM_4_00459 (length 129)
prokka_FOM_4/FOM_4:Prokka:FOM_4_00460 (length 201)
prokka_FOM_4/FOM_4:Prokka:FOM_4_00461 (length 380)
prokka_FOM_4/FOM_4:Prokka:FOM_4_00462 (length 244)
prokka_FOM_4/FOM_4:Prokka:FOM_4_00463 (length 293)
prokka_FOM_4/FOM_4:Prokka:FOM_4_00464 (length 94)
prokka_FOM_4/FOM_4:Prokka:FOM_4_00465 (length 100)
prokka_FOM_4/FOM_4:Prokka:FOM_4_00466 (length 168)
prokka_FOM_4/FOM_4:Prokka:FOM_4_00467 (length 172)
prokka_FOM_4/FOM_4:Prokka:FOM_4_00468 (length 370)
prokka_FOM_4/FOM_4:Prokka:FOM_4_00469 (length 267)
prokka_FOM_4/FOM_4:Prokka:FOM_4_00470 (length 561)
prokka_FOM_4/FOM_4:Prokka:FOM_4_00471 (length 381)
prokka_FOM_4/FOM_4:Prokka:FOM_4_00472 (length 260)
prokka_FOM_4/FOM_4:Prokka:FOM_4_00473 (length 100)
prokka_FOM_4/FOM_4:Prokka:FOM_4_00474 (length 146)
prokka_FOM_4/FOM_4:Prokka:FOM_4_00475 (length 317)
prokka_FOM_4/FOM_4:Prokka:FOM_4_00476 (length 287)
prokka_FOM_4/FOM_4:Prokka:FOM_4_00477 (length 223)
prokka_FOM_4/FOM_4:Prokka:FOM_4_00478 (length 228)
prokka_FOM_4/FOM_4:Prokka:FOM_4_00479 (length 442)
prokka_FOM_4/FOM_4:Prokka:FOM_4_00482 (length 820)
prokka_FOM_4/FOM_4:Prokka:FOM_4_00483 (length 89)
prokka_FOM_4/FOM_4:Prokka:FOM_4_00484 (length 49)
prokka_FOM_4/FOM_4:Prokka:FOM_4_00485 (length 595)
prokka_FOM_4/FOM_4:Prokka:FOM_4_00486 (length 208)
prokka_FOM_4/FOM_4:Prokka:FOM_4_00487 (length 68)
prokka_FOM_4/FOM_4:Prokka:FOM_4_00488 (length 204)
prokka_FOM_4/FOM_4:Prokka:FOM_4_00489 (length 163)
prokka_FOM_4/FOM_4:Prokka:FOM_4_00490 (length 197)
prokka_FOM_4/FOM_4:Prokka:FOM_4_00491 (length 192)
prokka_FOM_4/FOM_4:Prokka:FOM_4_00492 (length 272)
prokka_FOM_4/FOM_4:Prokka:FOM_4_00493 (length 133)
prokka_FOM_4/FOM_4:Prokka:FOM_4_00494 (length 473)
prokka_FOM_4/FOM_4:Prokka:FOM_4_00495 (length 464)
prokka_FOM_4/FOM_4:Prokka:FOM_4_00496 (length 463)
prokka_FOM_4/FOM_4:Prokka:FOM_4_00497 (length 302)
prokka_FOM_4/FOM_4:Prokka:FOM_4_00498 (length 156)
prokka_FOM_4/FOM_4:Prokka:FOM_4_00499 (length 315)
prokka_FOM_4/FOM_4:Prokka:FOM_4_00500 (length 281)
prokka_FOM_4/FOM_4:Prokka:FOM_4_00501 (length 360)
prokka_FOM_4/FOM_4:Prokka:FOM_4_00502 (length 145)
prokka_FOM_4/FOM_4:Prokka:FOM_4_00503 (length 159)
prokka_FOM_4/FOM_4:Prokka:FOM_4_00504 (length 467)
prokka_FOM_4/FOM_4:Prokka:FOM_4_00505 (length 148)
prokka_FOM_4/FOM_4:Prokka:FOM_4_00506 (length 665)
prokka_FOM_4/FOM_4:Prokka:FOM_4_00507 (length 79)
prokka_FOM_4/FOM_4:Prokka:FOM_4_00508 (length 175)
prokka_FOM_4/FOM_4:Prokka:FOM_4_00509 (length 95)
prokka_FOM_4/FOM_4:Prokka:FOM_4_00510 (length 1059)
prokka_FOM_4/FOM_4:Prokka:FOM_4_00511 (length 392)
prokka_FOM_4/FOM_4:Prokka:FOM_4_00512 (length 242)
prokka_FOM_4/FOM_4:Prokka:FOM_4_00513 (length 866)
prokka_FOM_4/FOM_4:Prokka:FOM_4_00514 (length 663)
prokka_FOM_4/FOM_4:Prokka:FOM_4_00515 (length 374)
prokka_FOM_4/FOM_4:Prokka:FOM_4_00516 (length 72)
prokka_FOM_4/FOM_4:Prokka:FOM_4_00517 (length 376)
prokka_FOM_4/FOM_4:Prokka:FOM_4_00518 (length 450)
prokka_FOM_4/FOM_4:Prokka:FOM_4_00519 (length 44)
prokka_FOM_4/FOM_4:Prokka:FOM_4_00520 (length 116)
prokka_FOM_4/FOM_4:Prokka:FOM_4_00521 (length 281)
prokka_FOM_4/FOM_4:Prokka:FOM_4_00522 (length 145)
prokka_FOM_4/FOM_4:Prokka:FOM_4_00523 (length 261)
prokka_FOM_4/FOM_4:Prokka:FOM_4_00524 (length 468)
prokka_FOM_4/FOM_4:Prokka:FOM_4_00525 (length 640)
prokka_FOM_4/FOM_4:Prokka:FOM_4_00526 (length 404)
prokka_FOM_4/FOM_4:Prokka:FOM_4_00527 (length 245)
prokka_FOM_4/FOM_4:Prokka:FOM_4_00528 (length 252)
prokka_FOM_4/FOM_4:Prokka:FOM_4_00529 (length 122)
prokka_FOM_4/FOM_4:Prokka:FOM_4_00530 (length 147)
prokka_FOM_4/FOM_4:Prokka:FOM_4_00531 (length 106)
prokka_FOM_4/FOM_4:Prokka:FOM_4_00532 (length 508)
prokka_FOM_4/FOM_4:Prokka:FOM_4_00533 (length 334)
prokka_FOM_4/FOM_4:Prokka:FOM_4_00534 (length 231)
prokka_FOM_4/FOM_4:Prokka:FOM_4_00535 (length 443)
prokka_FOM_4/FOM_4:Prokka:FOM_4_00536 (length 146)
prokka_FOM_4/FOM_4:Prokka:FOM_4_00537 (length 456)
prokka_FOM_4/FOM_4:Prokka:FOM_4_00538 (length 174)
prokka_FOM_4/FOM_4:Prokka:FOM_4_00539 (length 292)
prokka_FOM_4/FOM_4:Prokka:FOM_4_00540 (length 64)
prokka_FOM_4/FOM_4:Prokka:FOM_4_00541 (length 162)
prokka_FOM_4/FOM_4:Prokka:FOM_4_00542 (length 118)
prokka_FOM_4/FOM_4:Prokka:FOM_4_00543 (length 261)
prokka_FOM_4/FOM_4:Prokka:FOM_4_00544 (length 87)
prokka_FOM_4/FOM_4:Prokka:FOM_4_00545 (length 250)
prokka_FOM_4/FOM_4:Prokka:FOM_4_00546 (length 355)
prokka_FOM_4/FOM_4:Prokka:FOM_4_00547 (length 691)
prokka_FOM_4/FOM_4:Prokka:FOM_4_00548 (length 237)
prokka_FOM_4/FOM_4:Prokka:FOM_4_00549 (length 234)
prokka_FOM_4/FOM_4:Prokka:FOM_4_00550 (length 259)
prokka_FOM_4/FOM_4:Prokka:FOM_4_00551 (length 374)
prokka_FOM_4/FOM_4:Prokka:FOM_4_00552 (length 156)
prokka_FOM_4/FOM_4:Prokka:FOM_4_00553 (length 160)
prokka_FOM_4/FOM_4:Prokka:FOM_4_00554 (length 334)
prokka_FOM_4/FOM_4:Prokka:FOM_4_00555 (length 258)
prokka_FOM_4/FOM_4:Prokka:FOM_4_00556 (length 686)
prokka_FOM_4/FOM_4:Prokka:FOM_4_00557 (length 195)
prokka_FOM_4/FOM_4:Prokka:FOM_4_00558 (length 120)
prokka_FOM_4/FOM_4:Prokka:FOM_4_00559 (length 130)
prokka_FOM_4/FOM_4:Prokka:FOM_4_00560 (length 336)
prokka_FOM_4/FOM_4:Prokka:FOM_4_00561 (length 388)
prokka_FOM_4/FOM_4:Prokka:FOM_4_00562 (length 696)
prokka_FOM_4/FOM_4:Prokka:FOM_4_00563 (length 719)
prokka_FOM_4/FOM_4:Prokka:FOM_4_00564 (length 83)
prokka_FOM_4/FOM_4:Prokka:FOM_4_00565 (length 98)
prokka_FOM_4/FOM_4:Prokka:FOM_4_00566 (length 119)
prokka_FOM_4/FOM_4:Prokka:FOM_4_00567 (length 528)
prokka_FOM_4/FOM_4:Prokka:FOM_4_00568 (length 324)
prokka_FOM_4/FOM_4:Prokka:FOM_4_00569 (length 324)
prokka_FOM_4/FOM_4:Prokka:FOM_4_00570 (length 306)
prokka_FOM_4/FOM_4:Prokka:FOM_4_00571 (length 512)
prokka_FOM_4/FOM_4:Prokka:FOM_4_00572 (length 109)
prokka_FOM_4/FOM_4:Prokka:FOM_4_00573 (length 123)
prokka_FOM_4/FOM_4:Prokka:FOM_4_00574 (length 878)
prokka_FOM_4/FOM_4:Prokka:FOM_4_00575 (length 248)
prokka_FOM_4/FOM_4:Prokka:FOM_4_00576 (length 287)
prokka_FOM_4/FOM_4:Prokka:FOM_4_00577 (length 301)
prokka_FOM_4/FOM_4:Prokka:FOM_4_00578 (length 211)
prokka_FOM_4/FOM_4:Prokka:FOM_4_00579 (length 90)
prokka_FOM_4/FOM_4:Prokka:FOM_4_00580 (length 418)
prokka_FOM_4/FOM_4:Prokka:FOM_4_00581 (length 298)
prokka_FOM_4/FOM_4:Prokka:FOM_4_00582 (length 117)
prokka_FOM_4/FOM_4:Prokka:FOM_4_00583 (length 41)
prokka_FOM_4/FOM_4:Prokka:FOM_4_00584 (length 299)
prokka_FOM_4/FOM_4:Prokka:FOM_4_00585 (length 620)
prokka_FOM_4/FOM_4:Prokka:FOM_4_00586 (length 211)
prokka_FOM_4/FOM_4:Prokka:FOM_4_00587 (length 108)
prokka_FOM_4/FOM_4:Prokka:FOM_4_00588 (length 304)
prokka_FOM_4/FOM_4:Prokka:FOM_4_00589 (length 50)
prokka_FOM_4/FOM_4:Prokka:FOM_4_22 (length 2802)
prokka_FOM_4/FOM_4:Prokka:FOM_4_00590 (length 62)
prokka_FOM_4/FOM_4:Prokka:FOM_4_00591 (length 835)
prokka_FOM_4/FOM_4:Prokka:FOM_4_23 (length 26837)
prokka_FOM_4/FOM_4:Prokka:FOM_4_00592 (length 120)
prokka_FOM_4/FOM_4:Prokka:FOM_4_00593 (length 185)
prokka_FOM_4/FOM_4:Prokka:FOM_4_00594 (length 126)
prokka_FOM_4/FOM_4:Prokka:FOM_4_00595 (length 114)
prokka_FOM_4/FOM_4:Prokka:FOM_4_00596 (length 100)
prokka_FOM_4/FOM_4:Prokka:FOM_4_00597 (length 221)
prokka_FOM_4/FOM_4:Prokka:FOM_4_00598 (length 419)
prokka_FOM_4/FOM_4:Prokka:FOM_4_00599 (length 209)
prokka_FOM_4/FOM_4:Prokka:FOM_4_00600 (length 176)
prokka_FOM_4/FOM_4:Prokka:FOM_4_00601 (length 324)
prokka_FOM_4/FOM_4:Prokka:FOM_4_00602 (length 178)
prokka_FOM_4/FOM_4:Prokka:FOM_4_00603 (length 129)
prokka_FOM_4/FOM_4:Prokka:FOM_4_00604 (length 689)
prokka_FOM_4/FOM_4:Prokka:FOM_4_00605 (length 840)
prokka_FOM_4/FOM_4:Prokka:FOM_4_00606 (length 63)
prokka_FOM_4/FOM_4:Prokka:FOM_4_00607 (length 173)
prokka_FOM_4/FOM_4:Prokka:FOM_4_00608 (length 300)
prokka_FOM_4/FOM_4:Prokka:FOM_4_00609 (length 587)
prokka_FOM_4/FOM_4:Prokka:FOM_4_00610 (length 70)
prokka_FOM_4/FOM_4:Prokka:FOM_4_00611 (length 149)
prokka_FOM_4/FOM_4:Prokka:FOM_4_00612 (length 87)
prokka_FOM_4/FOM_4:Prokka:FOM_4_00613 (length 323)
prokka_FOM_4/FOM_4:Prokka:FOM_4_00614 (length 99)
prokka_FOM_4/FOM_4:Prokka:FOM_4_00615 (length 377)
prokka_FOM_4/FOM_4:Prokka:FOM_4_00616 (length 103)
prokka_FOM_4/FOM_4:Prokka:FOM_4_00617 (length 286)
prokka_FOM_4/FOM_4:Prokka:FOM_4_00618 (length 362)
prokka_FOM_4/FOM_4:Prokka:FOM_4_00619 (length 148)
prokka_FOM_4/FOM_4:Prokka:FOM_4_00620 (length 235)
prokka_FOM_4/FOM_4:Prokka:FOM_4_00621 (length 49)
prokka_FOM_4/FOM_4:Prokka:FOM_4_00622 (length 63)
prokka_FOM_4/FOM_4:Prokka:FOM_4_00623 (length 120)
prokka_FOM_4/FOM_4:Prokka:FOM_4_00624 (length 218)
prokka_FOM_4/FOM_4:Prokka:FOM_4_24 (length 106660)
prokka_FOM_4/FOM_4:Prokka:FOM_4_00625 (length 36)
prokka_FOM_4/FOM_4:Prokka:FOM_4_00626 (length 394)
prokka_FOM_4/FOM_4:Prokka:FOM_4_00627 (length 397)
prokka_FOM_4/FOM_4:Prokka:FOM_4_00628 (length 332)
prokka_FOM_4/FOM_4:Prokka:FOM_4_00629 (length 410)
prokka_FOM_4/FOM_4:Prokka:FOM_4_00630 (length 302)
prokka_FOM_4/FOM_4:Prokka:FOM_4_00631 (length 514)
prokka_FOM_4/FOM_4:Prokka:FOM_4_00632 (length 180)
prokka_FOM_4/FOM_4:Prokka:FOM_4_00633 (length 159)
prokka_FOM_4/FOM_4:Prokka:FOM_4_00634 (length 931)
prokka_FOM_4/FOM_4:Prokka:FOM_4_00635 (length 94)
prokka_FOM_4/FOM_4:Prokka:FOM_4_00636 (length 52)
prokka_FOM_4/FOM_4:Prokka:FOM_4_00637 (length 302)
prokka_FOM_4/FOM_4:Prokka:FOM_4_00638 (length 141)
prokka_FOM_4/FOM_4:Prokka:FOM_4_00639 (length 160)
prokka_FOM_4/FOM_4:Prokka:FOM_4_00640 (length 322)
prokka_FOM_4/FOM_4:Prokka:FOM_4_00641 (length 126)
prokka_FOM_4/FOM_4:Prokka:FOM_4_00642 (length 528)
prokka_FOM_4/FOM_4:Prokka:FOM_4_00643 (length 368)
prokka_FOM_4/FOM_4:Prokka:FOM_4_00644 (length 264)
prokka_FOM_4/FOM_4:Prokka:FOM_4_00645 (length 269)
prokka_FOM_4/FOM_4:Prokka:FOM_4_00646 (length 365)
prokka_FOM_4/FOM_4:Prokka:FOM_4_00647 (length 424)
prokka_FOM_4/FOM_4:Prokka:FOM_4_00648 (length 79)
prokka_FOM_4/FOM_4:Prokka:FOM_4_00649 (length 421)
prokka_FOM_4/FOM_4:Prokka:FOM_4_00650 (length 512)
prokka_FOM_4/FOM_4:Prokka:FOM_4_00651 (length 49)
prokka_FOM_4/FOM_4:Prokka:FOM_4_00652 (length 255)
prokka_FOM_4/FOM_4:Prokka:FOM_4_00653 (length 301)
prokka_FOM_4/FOM_4:Prokka:FOM_4_00654 (length 73)
prokka_FOM_4/FOM_4:Prokka:FOM_4_00655 (length 197)
prokka_FOM_4/FOM_4:Prokka:FOM_4_00656 (length 298)
prokka_FOM_4/FOM_4:Prokka:FOM_4_00657 (length 283)
prokka_FOM_4/FOM_4:Prokka:FOM_4_00658 (length 159)
prokka_FOM_4/FOM_4:Prokka:FOM_4_00659 (length 70)
prokka_FOM_4/FOM_4:Prokka:FOM_4_00660 (length 559)
prokka_FOM_4/FOM_4:Prokka:FOM_4_00661 (length 211)
prokka_FOM_4/FOM_4:Prokka:FOM_4_00662 (length 499)
prokka_FOM_4/FOM_4:Prokka:FOM_4_00663 (length 62)
prokka_FOM_4/FOM_4:Prokka:FOM_4_00664 (length 300)
prokka_FOM_4/FOM_4:Prokka:FOM_4_00665 (length 247)
prokka_FOM_4/FOM_4:Prokka:FOM_4_00666 (length 141)
prokka_FOM_4/FOM_4:Prokka:FOM_4_00667 (length 456)
prokka_FOM_4/FOM_4:Prokka:FOM_4_00668 (length 295)
prokka_FOM_4/FOM_4:Prokka:FOM_4_00669 (length 666)
prokka_FOM_4/FOM_4:Prokka:FOM_4_00670 (length 84)
prokka_FOM_4/FOM_4:Prokka:FOM_4_00671 (length 172)
prokka_FOM_4/FOM_4:Prokka:FOM_4_00672 (length 163)
prokka_FOM_4/FOM_4:Prokka:FOM_4_00673 (length 188)
prokka_FOM_4/FOM_4:Prokka:FOM_4_00674 (length 275)
prokka_FOM_4/FOM_4:Prokka:FOM_4_00675 (length 60)
prokka_FOM_4/FOM_4:Prokka:FOM_4_00677 (length 827)
prokka_FOM_4/FOM_4:Prokka:FOM_4_00678 (length 358)
prokka_FOM_4/FOM_4:Prokka:FOM_4_00679 (length 170)
prokka_FOM_4/FOM_4:Prokka:FOM_4_00680 (length 309)
prokka_FOM_4/FOM_4:Prokka:FOM_4_00681 (length 157)
prokka_FOM_4/FOM_4:Prokka:FOM_4_00682 (length 131)
prokka_FOM_4/FOM_4:Prokka:FOM_4_00683 (length 130)
prokka_FOM_4/FOM_4:Prokka:FOM_4_00684 (length 359)
prokka_FOM_4/FOM_4:Prokka:FOM_4_00685 (length 201)
prokka_FOM_4/FOM_4:Prokka:FOM_4_00686 (length 54)
prokka_FOM_4/FOM_4:Prokka:FOM_4_00687 (length 241)
prokka_FOM_4/FOM_4:Prokka:FOM_4_00688 (length 612)
prokka_FOM_4/FOM_4:Prokka:FOM_4_00689 (length 259)
prokka_FOM_4/FOM_4:Prokka:FOM_4_00690 (length 93)
prokka_FOM_4/FOM_4:Prokka:FOM_4_00691 (length 240)
prokka_FOM_4/FOM_4:Prokka:FOM_4_00692 (length 333)
prokka_FOM_4/FOM_4:Prokka:FOM_4_00693 (length 367)
prokka_FOM_4/FOM_4:Prokka:FOM_4_00694 (length 165)
prokka_FOM_4/FOM_4:Prokka:FOM_4_00695 (length 279)
prokka_FOM_4/FOM_4:Prokka:FOM_4_00696 (length 630)
prokka_FOM_4/FOM_4:Prokka:FOM_4_00697 (length 406)
prokka_FOM_4/FOM_4:Prokka:FOM_4_00698 (length 300)
prokka_FOM_4/FOM_4:Prokka:FOM_4_00699 (length 89)
prokka_FOM_4/FOM_4:Prokka:FOM_4_00700 (length 318)
prokka_FOM_4/FOM_4:Prokka:FOM_4_00701 (length 107)
prokka_FOM_4/FOM_4:Prokka:FOM_4_00702 (length 62)
prokka_FOM_4/FOM_4:Prokka:FOM_4_00703 (length 308)
prokka_FOM_4/FOM_4:Prokka:FOM_4_00704 (length 292)
prokka_FOM_4/FOM_4:Prokka:FOM_4_00705 (length 283)
prokka_FOM_4/FOM_4:Prokka:FOM_4_00706 (length 479)
prokka_FOM_4/FOM_4:Prokka:FOM_4_00707 (length 344)
prokka_FOM_4/FOM_4:Prokka:FOM_4_00708 (length 694)
prokka_FOM_4/FOM_4:Prokka:FOM_4_00709 (length 312)
prokka_FOM_4/FOM_4:Prokka:FOM_4_00711 (length 351)
prokka_FOM_4/FOM_4:Prokka:FOM_4_00713 (length 313)
prokka_FOM_4/FOM_4:Prokka:FOM_4_00714 (length 303)
prokka_FOM_4/FOM_4:Prokka:FOM_4_00715 (length 117)
prokka_FOM_4/FOM_4:Prokka:FOM_4_00716 (length 756)
prokka_FOM_4/FOM_4:Prokka:FOM_4_00717 (length 106)
prokka_FOM_4/FOM_4:Prokka:FOM_4_00718 (length 99)
prokka_FOM_4/FOM_4:Prokka:FOM_4_00719 (length 390)
prokka_FOM_4/FOM_4:Prokka:FOM_4_00720 (length 158)
prokka_FOM_4/FOM_4:Prokka:FOM_4_00721 (length 454)
prokka_FOM_4/FOM_4:Prokka:FOM_4_00722 (length 470)
prokka_FOM_4/FOM_4:Prokka:FOM_4_00723 (length 429)
prokka_FOM_4/FOM_4:Prokka:FOM_4_00724 (length 326)
prokka_FOM_4/FOM_4:Prokka:FOM_4_00725 (length 370)
prokka_FOM_4/FOM_4:Prokka:FOM_4_00726 (length 186)
prokka_FOM_4/FOM_4:Prokka:FOM_4_00727 (length 203)
prokka_FOM_4/FOM_4:Prokka:FOM_4_00728 (length 294)
prokka_FOM_4/FOM_4:Prokka:FOM_4_00729 (length 302)
prokka_FOM_4/FOM_4:Prokka:FOM_4_00730 (length 403)
prokka_FOM_4/FOM_4:Prokka:FOM_4_00731 (length 113)
prokka_FOM_4/FOM_4:Prokka:FOM_4_00732 (length 273)
prokka_FOM_4/FOM_4:Prokka:FOM_4_00733 (length 661)
prokka_FOM_4/FOM_4:Prokka:FOM_4_25 (length 2589)
prokka_FOM_4/FOM_4:Prokka:FOM_4_00734 (length 333)
prokka_FOM_4/FOM_4:Prokka:FOM_4_26 (length 1487)
prokka_FOM_4/FOM_4:Prokka:FOM_4_27 (length 8383)
prokka_FOM_4/FOM_4:Prokka:FOM_4_00735 (length 127)
prokka_FOM_4/FOM_4:Prokka:FOM_4_00736 (length 46)
prokka_FOM_4/FOM_4:Prokka:FOM_4_00737 (length 114)
prokka_FOM_4/FOM_4:Prokka:FOM_4_00738 (length 238)
prokka_FOM_4/FOM_4:Prokka:FOM_4_00739 (length 573)
prokka_FOM_4/FOM_4:Prokka:FOM_4_00740 (length 102)
prokka_FOM_4/FOM_4:Prokka:FOM_4_00741 (length 142)
prokka_FOM_4/FOM_4:Prokka:FOM_4_00742 (length 368)
prokka_FOM_4/FOM_4:Prokka:FOM_4_00743 (length 279)
prokka_FOM_4/FOM_4:Prokka:FOM_4_00744 (length 582)
prokka_FOM_4/FOM_4:Prokka:FOM_4_28 (length 7701)
prokka_FOM_4/FOM_4:Prokka:FOM_4_00745 (length 162)
prokka_FOM_4/FOM_4:Prokka:FOM_4_00746 (length 529)
prokka_FOM_4/FOM_4:Prokka:FOM_4_00747 (length 534)
prokka_FOM_4/FOM_4:Prokka:FOM_4_00748 (length 251)
prokka_FOM_4/FOM_4:Prokka:FOM_4_00749 (length 356)
prokka_FOM_4/FOM_4:Prokka:FOM_4_00750 (length 349)
prokka_FOM_4/FOM_4:Prokka:FOM_4_29 (length 6430)
prokka_FOM_4/FOM_4:Prokka:FOM_4_00751 (length 164)
prokka_FOM_4/FOM_4:Prokka:FOM_4_00752 (length 519)
prokka_FOM_4/FOM_4:Prokka:FOM_4_00753 (length 585)
prokka_FOM_4/FOM_4:Prokka:FOM_4_00754 (length 183)
prokka_FOM_4/FOM_4:Prokka:FOM_4_00755 (length 386)
prokka_FOM_4/FOM_4:Prokka:FOM_4_30 (length 109989)
prokka_FOM_4/FOM_4:Prokka:FOM_4_00758 (length 268)
prokka_FOM_4/FOM_4:Prokka:FOM_4_00759 (length 332)
prokka_FOM_4/FOM_4:Prokka:FOM_4_00760 (length 263)
prokka_FOM_4/FOM_4:Prokka:FOM_4_00761 (length 401)
prokka_FOM_4/FOM_4:Prokka:FOM_4_00762 (length 187)
prokka_FOM_4/FOM_4:Prokka:FOM_4_00763 (length 804)
prokka_FOM_4/FOM_4:Prokka:FOM_4_00764 (length 351)
prokka_FOM_4/FOM_4:Prokka:FOM_4_00765 (length 552)
prokka_FOM_4/FOM_4:Prokka:FOM_4_00766 (length 408)
prokka_FOM_4/FOM_4:Prokka:FOM_4_00767 (length 283)
prokka_FOM_4/FOM_4:Prokka:FOM_4_00768 (length 469)
prokka_FOM_4/FOM_4:Prokka:FOM_4_00769 (length 245)
prokka_FOM_4/FOM_4:Prokka:FOM_4_00770 (length 486)
prokka_FOM_4/FOM_4:Prokka:FOM_4_00771 (length 32)
prokka_FOM_4/FOM_4:Prokka:FOM_4_00772 (length 245)
prokka_FOM_4/FOM_4:Prokka:FOM_4_00773 (length 484)
prokka_FOM_4/FOM_4:Prokka:FOM_4_00774 (length 183)
prokka_FOM_4/FOM_4:Prokka:FOM_4_00775 (length 224)
prokka_FOM_4/FOM_4:Prokka:FOM_4_00776 (length 324)
prokka_FOM_4/FOM_4:Prokka:FOM_4_00777 (length 896)
prokka_FOM_4/FOM_4:Prokka:FOM_4_00778 (length 150)
prokka_FOM_4/FOM_4:Prokka:FOM_4_00779 (length 450)
prokka_FOM_4/FOM_4:Prokka:FOM_4_00780 (length 228)
prokka_FOM_4/FOM_4:Prokka:FOM_4_00781 (length 189)
prokka_FOM_4/FOM_4:Prokka:FOM_4_00782 (length 298)
prokka_FOM_4/FOM_4:Prokka:FOM_4_00783 (length 237)
prokka_FOM_4/FOM_4:Prokka:FOM_4_00784 (length 449)
prokka_FOM_4/FOM_4:Prokka:FOM_4_00785 (length 196)
prokka_FOM_4/FOM_4:Prokka:FOM_4_00786 (length 361)
prokka_FOM_4/FOM_4:Prokka:FOM_4_00787 (length 275)
prokka_FOM_4/FOM_4:Prokka:FOM_4_00788 (length 341)
prokka_FOM_4/FOM_4:Prokka:FOM_4_00789 (length 209)
prokka_FOM_4/FOM_4:Prokka:FOM_4_00790 (length 535)
prokka_FOM_4/FOM_4:Prokka:FOM_4_00791 (length 428)
prokka_FOM_4/FOM_4:Prokka:FOM_4_00792 (length 239)
prokka_FOM_4/FOM_4:Prokka:FOM_4_00793 (length 76)
prokka_FOM_4/FOM_4:Prokka:FOM_4_00794 (length 172)
prokka_FOM_4/FOM_4:Prokka:FOM_4_00795 (length 180)
prokka_FOM_4/FOM_4:Prokka:FOM_4_00796 (length 504)
prokka_FOM_4/FOM_4:Prokka:FOM_4_00797 (length 297)
prokka_FOM_4/FOM_4:Prokka:FOM_4_00798 (length 466)
prokka_FOM_4/FOM_4:Prokka:FOM_4_00799 (length 140)
prokka_FOM_4/FOM_4:Prokka:FOM_4_00800 (length 74)
prokka_FOM_4/FOM_4:Prokka:FOM_4_00801 (length 331)
prokka_FOM_4/FOM_4:Prokka:FOM_4_00802 (length 93)
prokka_FOM_4/FOM_4:Prokka:FOM_4_00803 (length 69)
prokka_FOM_4/FOM_4:Prokka:FOM_4_00804 (length 403)
prokka_FOM_4/FOM_4:Prokka:FOM_4_00805 (length 98)
prokka_FOM_4/FOM_4:Prokka:FOM_4_00807 (length 238)
prokka_FOM_4/FOM_4:Prokka:FOM_4_00808 (length 312)
prokka_FOM_4/FOM_4:Prokka:FOM_4_00809 (length 319)
prokka_FOM_4/FOM_4:Prokka:FOM_4_00810 (length 55)
prokka_FOM_4/FOM_4:Prokka:FOM_4_00811 (length 261)
prokka_FOM_4/FOM_4:Prokka:FOM_4_00812 (length 333)
prokka_FOM_4/FOM_4:Prokka:FOM_4_00813 (length 447)
prokka_FOM_4/FOM_4:Prokka:FOM_4_00815 (length 138)
prokka_FOM_4/FOM_4:Prokka:FOM_4_00817 (length 57)
prokka_FOM_4/FOM_4:Prokka:FOM_4_00818 (length 91)
prokka_FOM_4/FOM_4:Prokka:FOM_4_00819 (length 120)
prokka_FOM_4/FOM_4:Prokka:FOM_4_00820 (length 104)
prokka_FOM_4/FOM_4:Prokka:FOM_4_00821 (length 487)
prokka_FOM_4/FOM_4:Prokka:FOM_4_00822 (length 475)
prokka_FOM_4/FOM_4:Prokka:FOM_4_00823 (length 330)
prokka_FOM_4/FOM_4:Prokka:FOM_4_00824 (length 456)
prokka_FOM_4/FOM_4:Prokka:FOM_4_00825 (length 84)
prokka_FOM_4/FOM_4:Prokka:FOM_4_00826 (length 483)
prokka_FOM_4/FOM_4:Prokka:FOM_4_00827 (length 115)
prokka_FOM_4/FOM_4:Prokka:FOM_4_00828 (length 512)
prokka_FOM_4/FOM_4:Prokka:FOM_4_00829 (length 320)
prokka_FOM_4/FOM_4:Prokka:FOM_4_00830 (length 383)
prokka_FOM_4/FOM_4:Prokka:FOM_4_00831 (length 405)
prokka_FOM_4/FOM_4:Prokka:FOM_4_00832 (length 309)
prokka_FOM_4/FOM_4:Prokka:FOM_4_00833 (length 212)
prokka_FOM_4/FOM_4:Prokka:FOM_4_00834 (length 339)
prokka_FOM_4/FOM_4:Prokka:FOM_4_00835 (length 283)
prokka_FOM_4/FOM_4:Prokka:FOM_4_00836 (length 241)
prokka_FOM_4/FOM_4:Prokka:FOM_4_00837 (length 171)
prokka_FOM_4/FOM_4:Prokka:FOM_4_00838 (length 853)
prokka_FOM_4/FOM_4:Prokka:FOM_4_00839 (length 506)
prokka_FOM_4/FOM_4:Prokka:FOM_4_00840 (length 158)
prokka_FOM_4/FOM_4:Prokka:FOM_4_00841 (length 166)
prokka_FOM_4/FOM_4:Prokka:FOM_4_00842 (length 886)
prokka_FOM_4/FOM_4:Prokka:FOM_4_00843 (length 184)
prokka_FOM_4/FOM_4:Prokka:FOM_4_00844 (length 79)
prokka_FOM_4/FOM_4:Prokka:FOM_4_00845 (length 247)
prokka_FOM_4/FOM_4:Prokka:FOM_4_00846 (length 802)
prokka_FOM_4/FOM_4:Prokka:FOM_4_00847 (length 152)
prokka_FOM_4/FOM_4:Prokka:FOM_4_00848 (length 155)
prokka_FOM_4/FOM_4:Prokka:FOM_4_00849 (length 335)
prokka_FOM_4/FOM_4:Prokka:FOM_4_00850 (length 281)
prokka_FOM_4/FOM_4:Prokka:FOM_4_00851 (length 180)
prokka_FOM_4/FOM_4:Prokka:FOM_4_00852 (length 213)
prokka_FOM_4/FOM_4:Prokka:FOM_4_00853 (length 211)
prokka_FOM_4/FOM_4:Prokka:FOM_4_00854 (length 279)
prokka_FOM_4/FOM_4:Prokka:FOM_4_00855 (length 402)
prokka_FOM_4/FOM_4:Prokka:FOM_4_00856 (length 795)
prokka_FOM_4/FOM_4:Prokka:FOM_4_00857 (length 317)
prokka_FOM_4/FOM_4:Prokka:FOM_4_00858 (length 108)
prokka_FOM_4/FOM_4:Prokka:FOM_4_00859 (length 358)
prokka_FOM_4/FOM_4:Prokka:FOM_4_00860 (length 105)
prokka_FOM_4/FOM_4:Prokka:FOM_4_00861 (length 212)
prokka_FOM_4/FOM_4:Prokka:FOM_4_00862 (length 435)
prokka_FOM_4/FOM_4:Prokka:FOM_4_00863 (length 239)
prokka_FOM_4/FOM_4:Prokka:FOM_4_31 (length 1536)
prokka_FOM_4/FOM_4:Prokka:FOM_4_00864 (length 93)
prokka_FOM_4/FOM_4:Prokka:FOM_4_00865 (length 52)
prokka_FOM_4/FOM_4:Prokka:FOM_4_00866 (length 53)
prokka_FOM_4/FOM_4:Prokka:FOM_4_00867 (length 195)
prokka_FOM_4/FOM_4:Prokka:FOM_4_32 (length 1994)
prokka_FOM_4/FOM_4:Prokka:FOM_4_33 (length 1417)
prokka_FOM_4/FOM_4:Prokka:FOM_4_00868 (length 101)
prokka_FOM_4/FOM_4:Prokka:FOM_4_34 (length 116223)
prokka_FOM_4/FOM_4:Prokka:FOM_4_00873 (length 495)
prokka_FOM_4/FOM_4:Prokka:FOM_4_00874 (length 293)
prokka_FOM_4/FOM_4:Prokka:FOM_4_00875 (length 690)
prokka_FOM_4/FOM_4:Prokka:FOM_4_00876 (length 191)
prokka_FOM_4/FOM_4:Prokka:FOM_4_00877 (length 452)
prokka_FOM_4/FOM_4:Prokka:FOM_4_00878 (length 124)
prokka_FOM_4/FOM_4:Prokka:FOM_4_00879 (length 91)
prokka_FOM_4/FOM_4:Prokka:FOM_4_00880 (length 523)
prokka_FOM_4/FOM_4:Prokka:FOM_4_00881 (length 1176)
prokka_FOM_4/FOM_4:Prokka:FOM_4_00882 (length 187)
prokka_FOM_4/FOM_4:Prokka:FOM_4_00883 (length 210)
prokka_FOM_4/FOM_4:Prokka:FOM_4_00884 (length 131)
prokka_FOM_4/FOM_4:Prokka:FOM_4_00885 (length 948)
prokka_FOM_4/FOM_4:Prokka:FOM_4_00886 (length 672)
prokka_FOM_4/FOM_4:Prokka:FOM_4_00887 (length 209)
prokka_FOM_4/FOM_4:Prokka:FOM_4_00888 (length 575)
prokka_FOM_4/FOM_4:Prokka:FOM_4_00889 (length 309)
prokka_FOM_4/FOM_4:Prokka:FOM_4_00890 (length 290)
prokka_FOM_4/FOM_4:Prokka:FOM_4_00891 (length 338)
prokka_FOM_4/FOM_4:Prokka:FOM_4_00892 (length 278)
prokka_FOM_4/FOM_4:Prokka:FOM_4_00893 (length 310)
prokka_FOM_4/FOM_4:Prokka:FOM_4_00894 (length 119)
prokka_FOM_4/FOM_4:Prokka:FOM_4_00895 (length 132)
prokka_FOM_4/FOM_4:Prokka:FOM_4_00896 (length 225)
prokka_FOM_4/FOM_4:Prokka:FOM_4_00897 (length 252)
prokka_FOM_4/FOM_4:Prokka:FOM_4_00898 (length 272)
prokka_FOM_4/FOM_4:Prokka:FOM_4_00899 (length 295)
prokka_FOM_4/FOM_4:Prokka:FOM_4_00900 (length 306)
prokka_FOM_4/FOM_4:Prokka:FOM_4_00901 (length 462)
prokka_FOM_4/FOM_4:Prokka:FOM_4_00902 (length 235)
prokka_FOM_4/FOM_4:Prokka:FOM_4_00903 (length 371)
prokka_FOM_4/FOM_4:Prokka:FOM_4_00904 (length 787)
prokka_FOM_4/FOM_4:Prokka:FOM_4_00905 (length 183)
prokka_FOM_4/FOM_4:Prokka:FOM_4_00906 (length 225)
prokka_FOM_4/FOM_4:Prokka:FOM_4_00907 (length 428)
prokka_FOM_4/FOM_4:Prokka:FOM_4_00908 (length 212)
prokka_FOM_4/FOM_4:Prokka:FOM_4_00909 (length 297)
prokka_FOM_4/FOM_4:Prokka:FOM_4_00910 (length 444)
prokka_FOM_4/FOM_4:Prokka:FOM_4_00911 (length 148)
prokka_FOM_4/FOM_4:Prokka:FOM_4_00912 (length 883)
prokka_FOM_4/FOM_4:Prokka:FOM_4_00913 (length 278)
prokka_FOM_4/FOM_4:Prokka:FOM_4_00914 (length 494)
prokka_FOM_4/FOM_4:Prokka:FOM_4_00915 (length 229)
prokka_FOM_4/FOM_4:Prokka:FOM_4_00916 (length 203)
prokka_FOM_4/FOM_4:Prokka:FOM_4_00917 (length 316)
prokka_FOM_4/FOM_4:Prokka:FOM_4_00918 (length 478)
prokka_FOM_4/FOM_4:Prokka:FOM_4_00919 (length 349)
prokka_FOM_4/FOM_4:Prokka:FOM_4_00920 (length 301)
prokka_FOM_4/FOM_4:Prokka:FOM_4_00921 (length 130)
prokka_FOM_4/FOM_4:Prokka:FOM_4_00922 (length 147)
prokka_FOM_4/FOM_4:Prokka:FOM_4_00923 (length 254)
prokka_FOM_4/FOM_4:Prokka:FOM_4_00924 (length 266)
prokka_FOM_4/FOM_4:Prokka:FOM_4_00925 (length 289)
prokka_FOM_4/FOM_4:Prokka:FOM_4_00926 (length 280)
prokka_FOM_4/FOM_4:Prokka:FOM_4_00927 (length 327)
prokka_FOM_4/FOM_4:Prokka:FOM_4_00928 (length 220)
prokka_FOM_4/FOM_4:Prokka:FOM_4_00929 (length 324)
prokka_FOM_4/FOM_4:Prokka:FOM_4_00930 (length 687)
prokka_FOM_4/FOM_4:Prokka:FOM_4_00931 (length 515)
prokka_FOM_4/FOM_4:Prokka:FOM_4_00932 (length 245)
prokka_FOM_4/FOM_4:Prokka:FOM_4_00933 (length 447)
prokka_FOM_4/FOM_4:Prokka:FOM_4_00934 (length 273)
prokka_FOM_4/FOM_4:Prokka:FOM_4_00935 (length 306)
prokka_FOM_4/FOM_4:Prokka:FOM_4_00936 (length 374)
prokka_FOM_4/FOM_4:Prokka:FOM_4_00937 (length 146)
prokka_FOM_4/FOM_4:Prokka:FOM_4_00938 (length 195)
prokka_FOM_4/FOM_4:Prokka:FOM_4_00939 (length 286)
prokka_FOM_4/FOM_4:Prokka:FOM_4_00940 (length 446)
prokka_FOM_4/FOM_4:Prokka:FOM_4_00941 (length 292)
prokka_FOM_4/FOM_4:Prokka:FOM_4_00942 (length 127)
prokka_FOM_4/FOM_4:Prokka:FOM_4_00943 (length 314)
prokka_FOM_4/FOM_4:Prokka:FOM_4_00944 (length 128)
prokka_FOM_4/FOM_4:Prokka:FOM_4_00945 (length 121)
prokka_FOM_4/FOM_4:Prokka:FOM_4_00946 (length 39)
prokka_FOM_4/FOM_4:Prokka:FOM_4_00947 (length 71)
prokka_FOM_4/FOM_4:Prokka:FOM_4_00948 (length 186)
prokka_FOM_4/FOM_4:Prokka:FOM_4_00949 (length 434)
prokka_FOM_4/FOM_4:Prokka:FOM_4_00950 (length 144)
prokka_FOM_4/FOM_4:Prokka:FOM_4_00951 (length 60)
prokka_FOM_4/FOM_4:Prokka:FOM_4_00952 (length 167)
prokka_FOM_4/FOM_4:Prokka:FOM_4_00953 (length 118)
prokka_FOM_4/FOM_4:Prokka:FOM_4_00954 (length 178)
prokka_FOM_4/FOM_4:Prokka:FOM_4_00955 (length 132)
prokka_FOM_4/FOM_4:Prokka:FOM_4_00956 (length 61)
prokka_FOM_4/FOM_4:Prokka:FOM_4_00957 (length 180)
prokka_FOM_4/FOM_4:Prokka:FOM_4_00958 (length 102)
prokka_FOM_4/FOM_4:Prokka:FOM_4_00959 (length 122)
prokka_FOM_4/FOM_4:Prokka:FOM_4_00960 (length 88)
prokka_FOM_4/FOM_4:Prokka:FOM_4_00961 (length 64)
prokka_FOM_4/FOM_4:Prokka:FOM_4_00962 (length 139)
prokka_FOM_4/FOM_4:Prokka:FOM_4_00963 (length 216)
prokka_FOM_4/FOM_4:Prokka:FOM_4_00964 (length 116)
prokka_FOM_4/FOM_4:Prokka:FOM_4_00965 (length 93)
prokka_FOM_4/FOM_4:Prokka:FOM_4_00966 (length 277)
prokka_FOM_4/FOM_4:Prokka:FOM_4_00967 (length 95)
prokka_FOM_4/FOM_4:Prokka:FOM_4_00968 (length 207)
prokka_FOM_4/FOM_4:Prokka:FOM_4_00969 (length 208)
prokka_FOM_4/FOM_4:Prokka:FOM_4_00970 (length 102)
prokka_FOM_4/FOM_4:Prokka:FOM_4_00971 (length 182)
prokka_FOM_4/FOM_4:Prokka:FOM_4_00972 (length 363)
prokka_FOM_4/FOM_4:Prokka:FOM_4_00973 (length 271)
prokka_FOM_4/FOM_4:Prokka:FOM_4_00974 (length 268)
prokka_FOM_4/FOM_4:Prokka:FOM_4_00975 (length 361)
prokka_FOM_4/FOM_4:Prokka:FOM_4_00976 (length 705)
prokka_FOM_4/FOM_4:Prokka:FOM_4_00977 (length 156)
prokka_FOM_4/FOM_4:Prokka:FOM_4_00978 (length 137)
prokka_FOM_4/FOM_4:Prokka:FOM_4_00979 (length 197)
prokka_FOM_4/FOM_4:Prokka:FOM_4_00980 (length 1215)
prokka_FOM_4/FOM_4:Prokka:FOM_4_00981 (length 1189)
prokka_FOM_4/FOM_4:Prokka:FOM_4_00982 (length 821)
prokka_FOM_4/FOM_4:Prokka:FOM_4_00983 (length 155)
prokka_FOM_4/FOM_4:Prokka:FOM_4_35 (length 1666)
prokka_FOM_4/FOM_4:Prokka:FOM_4_00985 (length 133)
prokka_FOM_4/FOM_4:Prokka:FOM_4_00986 (length 116)
prokka_FOM_4/FOM_4:Prokka:FOM_4_36 (length 86152)
prokka_FOM_4/FOM_4:Prokka:FOM_4_00987 (length 420)
prokka_FOM_4/FOM_4:Prokka:FOM_4_00988 (length 694)
prokka_FOM_4/FOM_4:Prokka:FOM_4_00989 (length 82)
prokka_FOM_4/FOM_4:Prokka:FOM_4_00990 (length 353)
prokka_FOM_4/FOM_4:Prokka:FOM_4_00991 (length 402)
prokka_FOM_4/FOM_4:Prokka:FOM_4_00992 (length 574)
prokka_FOM_4/FOM_4:Prokka:FOM_4_00993 (length 88)
prokka_FOM_4/FOM_4:Prokka:FOM_4_00994 (length 60)
prokka_FOM_4/FOM_4:Prokka:FOM_4_00995 (length 748)
prokka_FOM_4/FOM_4:Prokka:FOM_4_00996 (length 523)
prokka_FOM_4/FOM_4:Prokka:FOM_4_00997 (length 441)
prokka_FOM_4/FOM_4:Prokka:FOM_4_00998 (length 252)
prokka_FOM_4/FOM_4:Prokka:FOM_4_00999 (length 400)
prokka_FOM_4/FOM_4:Prokka:FOM_4_01000 (length 340)
prokka_FOM_4/FOM_4:Prokka:FOM_4_01001 (length 471)
prokka_FOM_4/FOM_4:Prokka:FOM_4_01002 (length 277)
prokka_FOM_4/FOM_4:Prokka:FOM_4_01003 (length 203)
prokka_FOM_4/FOM_4:Prokka:FOM_4_01004 (length 154)
prokka_FOM_4/FOM_4:Prokka:FOM_4_01005 (length 422)
prokka_FOM_4/FOM_4:Prokka:FOM_4_01006 (length 95)
prokka_FOM_4/FOM_4:Prokka:FOM_4_01007 (length 149)
prokka_FOM_4/FOM_4:Prokka:FOM_4_01008 (length 274)
prokka_FOM_4/FOM_4:Prokka:FOM_4_01009 (length 173)
prokka_FOM_4/FOM_4:Prokka:FOM_4_01010 (length 318)
prokka_FOM_4/FOM_4:Prokka:FOM_4_01011 (length 155)
prokka_FOM_4/FOM_4:Prokka:FOM_4_01012 (length 100)
prokka_FOM_4/FOM_4:Prokka:FOM_4_01013 (length 234)
prokka_FOM_4/FOM_4:Prokka:FOM_4_01014 (length 609)
prokka_FOM_4/FOM_4:Prokka:FOM_4_01015 (length 456)
prokka_FOM_4/FOM_4:Prokka:FOM_4_01016 (length 387)
prokka_FOM_4/FOM_4:Prokka:FOM_4_01017 (length 276)
prokka_FOM_4/FOM_4:Prokka:FOM_4_01018 (length 196)
prokka_FOM_4/FOM_4:Prokka:FOM_4_01019 (length 318)
prokka_FOM_4/FOM_4:Prokka:FOM_4_01020 (length 323)
prokka_FOM_4/FOM_4:Prokka:FOM_4_01021 (length 291)
prokka_FOM_4/FOM_4:Prokka:FOM_4_01022 (length 258)
prokka_FOM_4/FOM_4:Prokka:FOM_4_01023 (length 324)
prokka_FOM_4/FOM_4:Prokka:FOM_4_01024 (length 295)
prokka_FOM_4/FOM_4:Prokka:FOM_4_01025 (length 417)
prokka_FOM_4/FOM_4:Prokka:FOM_4_01026 (length 272)
prokka_FOM_4/FOM_4:Prokka:FOM_4_01027 (length 86)
prokka_FOM_4/FOM_4:Prokka:FOM_4_01028 (length 199)
prokka_FOM_4/FOM_4:Prokka:FOM_4_01029 (length 101)
prokka_FOM_4/FOM_4:Prokka:FOM_4_01030 (length 619)
prokka_FOM_4/FOM_4:Prokka:FOM_4_01031 (length 172)
prokka_FOM_4/FOM_4:Prokka:FOM_4_01032 (length 201)
prokka_FOM_4/FOM_4:Prokka:FOM_4_01033 (length 75)
prokka_FOM_4/FOM_4:Prokka:FOM_4_01034 (length 721)
prokka_FOM_4/FOM_4:Prokka:FOM_4_01035 (length 317)
prokka_FOM_4/FOM_4:Prokka:FOM_4_01036 (length 121)
prokka_FOM_4/FOM_4:Prokka:FOM_4_01037 (length 168)
prokka_FOM_4/FOM_4:Prokka:FOM_4_01038 (length 230)
prokka_FOM_4/FOM_4:Prokka:FOM_4_01039 (length 141)
prokka_FOM_4/FOM_4:Prokka:FOM_4_01040 (length 449)
prokka_FOM_4/FOM_4:Prokka:FOM_4_01041 (length 184)
prokka_FOM_4/FOM_4:Prokka:FOM_4_01042 (length 56)
prokka_FOM_4/FOM_4:Prokka:FOM_4_01043 (length 49)
prokka_FOM_4/FOM_4:Prokka:FOM_4_01044 (length 194)
prokka_FOM_4/FOM_4:Prokka:FOM_4_01045 (length 293)
prokka_FOM_4/FOM_4:Prokka:FOM_4_01046 (length 142)
prokka_FOM_4/FOM_4:Prokka:FOM_4_01047 (length 473)
prokka_FOM_4/FOM_4:Prokka:FOM_4_01048 (length 498)
prokka_FOM_4/FOM_4:Prokka:FOM_4_01049 (length 371)
prokka_FOM_4/FOM_4:Prokka:FOM_4_01050 (length 469)
prokka_FOM_4/FOM_4:Prokka:FOM_4_01051 (length 180)
prokka_FOM_4/FOM_4:Prokka:FOM_4_01052 (length 93)
prokka_FOM_4/FOM_4:Prokka:FOM_4_01053 (length 228)
prokka_FOM_4/FOM_4:Prokka:FOM_4_01054 (length 378)
prokka_FOM_4/FOM_4:Prokka:FOM_4_01055 (length 223)
prokka_FOM_4/FOM_4:Prokka:FOM_4_01056 (length 585)
prokka_FOM_4/FOM_4:Prokka:FOM_4_01057 (length 580)
prokka_FOM_4/FOM_4:Prokka:FOM_4_01058 (length 338)
prokka_FOM_4/FOM_4:Prokka:FOM_4_01059 (length 483)
prokka_FOM_4/FOM_4:Prokka:FOM_4_01060 (length 276)
prokka_FOM_4/FOM_4:Prokka:FOM_4_01061 (length 360)
prokka_FOM_4/FOM_4:Prokka:FOM_4_01062 (length 230)
prokka_FOM_4/FOM_4:Prokka:FOM_4_01063 (length 233)
prokka_FOM_4/FOM_4:Prokka:FOM_4_01064 (length 378)
prokka_FOM_4/FOM_4:Prokka:FOM_4_01065 (length 263)
prokka_FOM_4/FOM_4:Prokka:FOM_4_01068 (length 485)
prokka_FOM_4/FOM_4:Prokka:FOM_4_37 (length 1375)
prokka_FOM_4/FOM_4:Prokka:FOM_4_01071 (length 365)
prokka_FOM_4/FOM_4:Prokka:FOM_4_38 (length 2035)
prokka_FOM_4/FOM_4:Prokka:FOM_4_01072 (length 124)
prokka_FOM_4/FOM_4:Prokka:FOM_4_01073 (length 409)
prokka_FOM_4/FOM_4:Prokka:FOM_4_39 (length 140286)
prokka_FOM_4/FOM_4:Prokka:FOM_4_01074 (length 170)
prokka_FOM_4/FOM_4:Prokka:FOM_4_01075 (length 157)
prokka_FOM_4/FOM_4:Prokka:FOM_4_01076 (length 92)
prokka_FOM_4/FOM_4:Prokka:FOM_4_01077 (length 91)
prokka_FOM_4/FOM_4:Prokka:FOM_4_01078 (length 269)
prokka_FOM_4/FOM_4:Prokka:FOM_4_01079 (length 77)
prokka_FOM_4/FOM_4:Prokka:FOM_4_01080 (length 298)
prokka_FOM_4/FOM_4:Prokka:FOM_4_01081 (length 274)
prokka_FOM_4/FOM_4:Prokka:FOM_4_01082 (length 428)
prokka_FOM_4/FOM_4:Prokka:FOM_4_01083 (length 416)
prokka_FOM_4/FOM_4:Prokka:FOM_4_01084 (length 553)
prokka_FOM_4/FOM_4:Prokka:FOM_4_01085 (length 415)
prokka_FOM_4/FOM_4:Prokka:FOM_4_01086 (length 509)
prokka_FOM_4/FOM_4:Prokka:FOM_4_01087 (length 190)
prokka_FOM_4/FOM_4:Prokka:FOM_4_01088 (length 345)
prokka_FOM_4/FOM_4:Prokka:FOM_4_01089 (length 494)
prokka_FOM_4/FOM_4:Prokka:FOM_4_01090 (length 738)
prokka_FOM_4/FOM_4:Prokka:FOM_4_01091 (length 227)
prokka_FOM_4/FOM_4:Prokka:FOM_4_01092 (length 84)
prokka_FOM_4/FOM_4:Prokka:FOM_4_01093 (length 245)
prokka_FOM_4/FOM_4:Prokka:FOM_4_01094 (length 373)
prokka_FOM_4/FOM_4:Prokka:FOM_4_01095 (length 161)
prokka_FOM_4/FOM_4:Prokka:FOM_4_01096 (length 154)
prokka_FOM_4/FOM_4:Prokka:FOM_4_01097 (length 90)
prokka_FOM_4/FOM_4:Prokka:FOM_4_01098 (length 131)
prokka_FOM_4/FOM_4:Prokka:FOM_4_01099 (length 794)
prokka_FOM_4/FOM_4:Prokka:FOM_4_01100 (length 472)
prokka_FOM_4/FOM_4:Prokka:FOM_4_01101 (length 491)
prokka_FOM_4/FOM_4:Prokka:FOM_4_01102 (length 113)
prokka_FOM_4/FOM_4:Prokka:FOM_4_01103 (length 422)
prokka_FOM_4/FOM_4:Prokka:FOM_4_01104 (length 1183)
prokka_FOM_4/FOM_4:Prokka:FOM_4_01105 (length 233)
prokka_FOM_4/FOM_4:Prokka:FOM_4_01106 (length 83)
prokka_FOM_4/FOM_4:Prokka:FOM_4_01107 (length 345)
prokka_FOM_4/FOM_4:Prokka:FOM_4_01108 (length 684)
prokka_FOM_4/FOM_4:Prokka:FOM_4_01109 (length 558)
prokka_FOM_4/FOM_4:Prokka:FOM_4_01110 (length 120)
prokka_FOM_4/FOM_4:Prokka:FOM_4_01111 (length 66)
prokka_FOM_4/FOM_4:Prokka:FOM_4_01112 (length 220)
prokka_FOM_4/FOM_4:Prokka:FOM_4_01113 (length 218)
prokka_FOM_4/FOM_4:Prokka:FOM_4_01114 (length 300)
prokka_FOM_4/FOM_4:Prokka:FOM_4_01115 (length 147)
prokka_FOM_4/FOM_4:Prokka:FOM_4_01116 (length 608)
prokka_FOM_4/FOM_4:Prokka:FOM_4_01117 (length 271)
prokka_FOM_4/FOM_4:Prokka:FOM_4_01118 (length 791)
prokka_FOM_4/FOM_4:Prokka:FOM_4_01119 (length 181)
prokka_FOM_4/FOM_4:Prokka:FOM_4_01120 (length 88)
prokka_FOM_4/FOM_4:Prokka:FOM_4_01121 (length 311)
prokka_FOM_4/FOM_4:Prokka:FOM_4_01122 (length 149)
prokka_FOM_4/FOM_4:Prokka:FOM_4_01123 (length 455)
prokka_FOM_4/FOM_4:Prokka:FOM_4_01124 (length 224)
prokka_FOM_4/FOM_4:Prokka:FOM_4_01125 (length 235)
prokka_FOM_4/FOM_4:Prokka:FOM_4_01126 (length 160)
prokka_FOM_4/FOM_4:Prokka:FOM_4_01127 (length 478)
prokka_FOM_4/FOM_4:Prokka:FOM_4_01128 (length 1115)
prokka_FOM_4/FOM_4:Prokka:FOM_4_01129 (length 60)
prokka_FOM_4/FOM_4:Prokka:FOM_4_01130 (length 409)
prokka_FOM_4/FOM_4:Prokka:FOM_4_01131 (length 268)
prokka_FOM_4/FOM_4:Prokka:FOM_4_01132 (length 225)
prokka_FOM_4/FOM_4:Prokka:FOM_4_01133 (length 84)
prokka_FOM_4/FOM_4:Prokka:FOM_4_01134 (length 89)
prokka_FOM_4/FOM_4:Prokka:FOM_4_01135 (length 338)
prokka_FOM_4/FOM_4:Prokka:FOM_4_01136 (length 418)
prokka_FOM_4/FOM_4:Prokka:FOM_4_01137 (length 288)
prokka_FOM_4/FOM_4:Prokka:FOM_4_01138 (length 157)
prokka_FOM_4/FOM_4:Prokka:FOM_4_01139 (length 234)
prokka_FOM_4/FOM_4:Prokka:FOM_4_01140 (length 105)
prokka_FOM_4/FOM_4:Prokka:FOM_4_01141 (length 50)
prokka_FOM_4/FOM_4:Prokka:FOM_4_01142 (length 97)
prokka_FOM_4/FOM_4:Prokka:FOM_4_01143 (length 208)
prokka_FOM_4/FOM_4:Prokka:FOM_4_01144 (length 417)
prokka_FOM_4/FOM_4:Prokka:FOM_4_01145 (length 433)
prokka_FOM_4/FOM_4:Prokka:FOM_4_01146 (length 395)
prokka_FOM_4/FOM_4:Prokka:FOM_4_01147 (length 303)
prokka_FOM_4/FOM_4:Prokka:FOM_4_01148 (length 625)
prokka_FOM_4/FOM_4:Prokka:FOM_4_01149 (length 385)
prokka_FOM_4/FOM_4:Prokka:FOM_4_01150 (length 807)
prokka_FOM_4/FOM_4:Prokka:FOM_4_01151 (length 343)
prokka_FOM_4/FOM_4:Prokka:FOM_4_01152 (length 109)
prokka_FOM_4/FOM_4:Prokka:FOM_4_01153 (length 160)
prokka_FOM_4/FOM_4:Prokka:FOM_4_01154 (length 511)
prokka_FOM_4/FOM_4:Prokka:FOM_4_01155 (length 255)
prokka_FOM_4/FOM_4:Prokka:FOM_4_01156 (length 314)
prokka_FOM_4/FOM_4:Prokka:FOM_4_01157 (length 338)
prokka_FOM_4/FOM_4:Prokka:FOM_4_01158 (length 113)
prokka_FOM_4/FOM_4:Prokka:FOM_4_01159 (length 696)
prokka_FOM_4/FOM_4:Prokka:FOM_4_01160 (length 155)
prokka_FOM_4/FOM_4:Prokka:FOM_4_01161 (length 563)
prokka_FOM_4/FOM_4:Prokka:FOM_4_01163 (length 95)
prokka_FOM_4/FOM_4:Prokka:FOM_4_01164 (length 111)
prokka_FOM_4/FOM_4:Prokka:FOM_4_01165 (length 437)
prokka_FOM_4/FOM_4:Prokka:FOM_4_01166 (length 448)
prokka_FOM_4/FOM_4:Prokka:FOM_4_01167 (length 117)
prokka_FOM_4/FOM_4:Prokka:FOM_4_01168 (length 313)
prokka_FOM_4/FOM_4:Prokka:FOM_4_01169 (length 244)
prokka_FOM_4/FOM_4:Prokka:FOM_4_01170 (length 60)
prokka_FOM_4/FOM_4:Prokka:FOM_4_01171 (length 170)
prokka_FOM_4/FOM_4:Prokka:FOM_4_01173 (length 932)
prokka_FOM_4/FOM_4:Prokka:FOM_4_01174 (length 238)
prokka_FOM_4/FOM_4:Prokka:FOM_4_01175 (length 265)
prokka_FOM_4/FOM_4:Prokka:FOM_4_01176 (length 89)
prokka_FOM_4/FOM_4:Prokka:FOM_4_01177 (length 146)
prokka_FOM_4/FOM_4:Prokka:FOM_4_01178 (length 423)
prokka_FOM_4/FOM_4:Prokka:FOM_4_01179 (length 457)
prokka_FOM_4/FOM_4:Prokka:FOM_4_01180 (length 345)
prokka_FOM_4/FOM_4:Prokka:FOM_4_01181 (length 160)
prokka_FOM_4/FOM_4:Prokka:FOM_4_01182 (length 185)
prokka_FOM_4/FOM_4:Prokka:FOM_4_01183 (length 105)
prokka_FOM_4/FOM_4:Prokka:FOM_4_01184 (length 387)
prokka_FOM_4/FOM_4:Prokka:FOM_4_01185 (length 600)
prokka_FOM_4/FOM_4:Prokka:FOM_4_01186 (length 163)
prokka_FOM_4/FOM_4:Prokka:FOM_4_01187 (length 743)
prokka_FOM_4/FOM_4:Prokka:FOM_4_01188 (length 179)
prokka_FOM_4/FOM_4:Prokka:FOM_4_01189 (length 189)
prokka_FOM_4/FOM_4:Prokka:FOM_4_01190 (length 118)
prokka_FOM_4/FOM_4:Prokka:FOM_4_01191 (length 312)
prokka_FOM_4/FOM_4:Prokka:FOM_4_01192 (length 266)
prokka_FOM_4/FOM_4:Prokka:FOM_4_01193 (length 328)
prokka_FOM_4/FOM_4:Prokka:FOM_4_01194 (length 342)
prokka_FOM_4/FOM_4:Prokka:FOM_4_01195 (length 68)
prokka_FOM_4/FOM_4:Prokka:FOM_4_01196 (length 222)
prokka_FOM_4/FOM_4:Prokka:FOM_4_01197 (length 187)
prokka_FOM_4/FOM_4:Prokka:FOM_4_01198 (length 425)
prokka_FOM_4/FOM_4:Prokka:FOM_4_01199 (length 448)
prokka_FOM_4/FOM_4:Prokka:FOM_4_01200 (length 368)
prokka_FOM_4/FOM_4:Prokka:FOM_4_01201 (length 609)
prokka_FOM_4/FOM_4:Prokka:FOM_4_01202 (length 194)
prokka_FOM_4/FOM_4:Prokka:FOM_4_01203 (length 350)
prokka_FOM_4/FOM_4:Prokka:FOM_4_01204 (length 182)
prokka_FOM_4/FOM_4:Prokka:FOM_4_01205 (length 534)
prokka_FOM_4/FOM_4:Prokka:FOM_4_01206 (length 236)
prokka_FOM_4/FOM_4:Prokka:FOM_4_01207 (length 431)
prokka_FOM_4/FOM_4:Prokka:FOM_4_01208 (length 170)
prokka_FOM_4/FOM_4:Prokka:FOM_4_40 (length 1062)
prokka_FOM_4/FOM_4:Prokka:FOM_4_41 (length 4930)
prokka_FOM_4/FOM_4:Prokka:FOM_4_01211 (length 716)
prokka_FOM_4/FOM_4:Prokka:FOM_4_01212 (length 456)
prokka_FOM_4/FOM_4:Prokka:FOM_4_01213 (length 92)
prokka_FOM_4/FOM_4:Prokka:FOM_4_42 (length 1212)
prokka_FOM_4/FOM_4:Prokka:FOM_4_01214 (length 173)
prokka_FOM_4/FOM_4:Prokka:FOM_4_43 (length 4970)
prokka_FOM_4/FOM_4:Prokka:FOM_4_01215 (length 286)
prokka_FOM_4/FOM_4:Prokka:FOM_4_01216 (length 484)
prokka_FOM_4/FOM_4:Prokka:FOM_4_01217 (length 624)
prokka_FOM_4/FOM_4:Prokka:FOM_4_44 (length 1316)
prokka_FOM_4/FOM_4:Prokka:FOM_4_45 (length 1134)
prokka_FOM_4/FOM_4:Prokka:FOM_4_01218 (length 114)
prokka_FOM_4/FOM_4:Prokka:FOM_4_01219 (length 190)
prokka_FOM_4/FOM_4:Prokka:FOM_4_46 (length 8085)
prokka_FOM_4/FOM_4:Prokka:FOM_4_01220 (length 314)
prokka_FOM_4/FOM_4:Prokka:FOM_4_01221 (length 215)
prokka_FOM_4/FOM_4:Prokka:FOM_4_01222 (length 42)
prokka_FOM_4/FOM_4:Prokka:FOM_4_01223 (length 443)
prokka_FOM_4/FOM_4:Prokka:FOM_4_01224 (length 164)
prokka_FOM_4/FOM_4:Prokka:FOM_4_01225 (length 277)
prokka_FOM_4/FOM_4:Prokka:FOM_4_01226 (length 335)
prokka_FOM_4/FOM_4:Prokka:FOM_4_01227 (length 136)
prokka_FOM_4/FOM_4:Prokka:FOM_4_47 (length 1006)
prokka_FOM_4/FOM_4:Prokka:FOM_4_01228 (length 237)
prokka_FOM_4/FOM_4:Prokka:FOM_4_48 (length 3321)
prokka_FOM_4/FOM_4:Prokka:FOM_4_01229 (length 83)
prokka_FOM_4/FOM_4:Prokka:FOM_4_01230 (length 506)
prokka_FOM_4/FOM_4:Prokka:FOM_4_49 (length 25651)
prokka_FOM_4/FOM_4:Prokka:FOM_4_01231 (length 96)
prokka_FOM_4/FOM_4:Prokka:FOM_4_01232 (length 148)
prokka_FOM_4/FOM_4:Prokka:FOM_4_01233 (length 208)
prokka_FOM_4/FOM_4:Prokka:FOM_4_01234 (length 208)
prokka_FOM_4/FOM_4:Prokka:FOM_4_01235 (length 495)
prokka_FOM_4/FOM_4:Prokka:FOM_4_01236 (length 201)
prokka_FOM_4/FOM_4:Prokka:FOM_4_01237 (length 306)
prokka_FOM_4/FOM_4:Prokka:FOM_4_01238 (length 185)
prokka_FOM_4/FOM_4:Prokka:FOM_4_01239 (length 167)
prokka_FOM_4/FOM_4:Prokka:FOM_4_01240 (length 94)
prokka_FOM_4/FOM_4:Prokka:FOM_4_01241 (length 99)
prokka_FOM_4/FOM_4:Prokka:FOM_4_01242 (length 90)
prokka_FOM_4/FOM_4:Prokka:FOM_4_01243 (length 255)
prokka_FOM_4/FOM_4:Prokka:FOM_4_01244 (length 457)
prokka_FOM_4/FOM_4:Prokka:FOM_4_01245 (length 67)
prokka_FOM_4/FOM_4:Prokka:FOM_4_01246 (length 338)
prokka_FOM_4/FOM_4:Prokka:FOM_4_01247 (length 330)
prokka_FOM_4/FOM_4:Prokka:FOM_4_01248 (length 234)
prokka_FOM_4/FOM_4:Prokka:FOM_4_01249 (length 348)
prokka_FOM_4/FOM_4:Prokka:FOM_4_01250 (length 540)
prokka_FOM_4/FOM_4:Prokka:FOM_4_01251 (length 179)
prokka_FOM_4/FOM_4:Prokka:FOM_4_01252 (length 211)
prokka_FOM_4/FOM_4:Prokka:FOM_4_01253 (length 352)
prokka_FOM_4/FOM_4:Prokka:FOM_4_01254 (length 82)
prokka_FOM_4/FOM_4:Prokka:FOM_4_01255 (length 613)
prokka_FOM_4/FOM_4:Prokka:FOM_4_01256 (length 127)
prokka_FOM_4/FOM_4:Prokka:FOM_4_50 (length 5075)
prokka_FOM_4/FOM_4:Prokka:FOM_4_51 (length 2779)
prokka_FOM_4/FOM_4:Prokka:FOM_4_01257 (length 262)
prokka_FOM_4/FOM_4:Prokka:FOM_4_01258 (length 516)
prokka_FOM_4/FOM_4:Prokka:FOM_4_52 (length 1255)
prokka_FOM_4/FOM_4:Prokka:FOM_4_01259 (length 169)
prokka_FOM_4/FOM_4:Prokka:FOM_4_01260 (length 92)
prokka_FOM_4/FOM_4:Prokka:FOM_4_53 (length 1290)
prokka_FOM_4/FOM_4:Prokka:FOM_4_01261 (length 169)
prokka_FOM_4/FOM_4:Prokka:FOM_4_01262 (length 103)
prokka_FOM_4/FOM_4:Prokka:FOM_4_54 (length 2952)
prokka_FOM_4/FOM_4:Prokka:FOM_4_55 (length 10220)
prokka_FOM_4/FOM_4:Prokka:FOM_4_01263 (length 539)
prokka_FOM_4/FOM_4:Prokka:FOM_4_01264 (length 324)
prokka_FOM_4/FOM_4:Prokka:FOM_4_01265 (length 66)
prokka_FOM_4/FOM_4:Prokka:FOM_4_01266 (length 164)
prokka_FOM_4/FOM_4:Prokka:FOM_4_01267 (length 485)
prokka_FOM_4/FOM_4:Prokka:FOM_4_01268 (length 228)
prokka_FOM_4/FOM_4:Prokka:FOM_4_01269 (length 155)

FATAL: DiscRep_ALL:RRNA_NAME_CONFLICTS::1 rRNA product names are not standard. Correct the names to the standard format, eg "16S ribosomal RNA"
prokka_FOM_4/FOM_4:rRNA	23S ribosomal RNA (partial)	FOM_4_34:c1173-2	FOM_4_00869

DiscRep_ALL:DISC_INCONSISTENT_MOLINFO_TECH::Molinfo Technique Report (some missing, all same)
DiscRep_SUB:DISC_INCONSISTENT_MOLINFO_TECH::technique (all missing)
DiscRep_SUB:DISC_INCONSISTENT_MOLINFO_TECH::55 Molinfos are missing field technique
prokka_FOM_4/FOM_4:Prokka:FOM_4_1 (length 1387)
prokka_FOM_4/FOM_4:Prokka:FOM_4_2 (length 1402)
prokka_FOM_4/FOM_4:Prokka:FOM_4_3 (length 61825)
prokka_FOM_4/FOM_4:Prokka:FOM_4_4 (length 1060)
prokka_FOM_4/FOM_4:Prokka:FOM_4_5 (length 1049)
prokka_FOM_4/FOM_4:Prokka:FOM_4_6 (length 1937)
prokka_FOM_4/FOM_4:Prokka:FOM_4_7 (length 3843)
prokka_FOM_4/FOM_4:Prokka:FOM_4_8 (length 75716)
prokka_FOM_4/FOM_4:Prokka:FOM_4_9 (length 6769)
prokka_FOM_4/FOM_4:Prokka:FOM_4_10 (length 2191)
prokka_FOM_4/FOM_4:Prokka:FOM_4_11 (length 1504)
prokka_FOM_4/FOM_4:Prokka:FOM_4_12 (length 5245)
prokka_FOM_4/FOM_4:Prokka:FOM_4_13 (length 2373)
prokka_FOM_4/FOM_4:Prokka:FOM_4_14 (length 70128)
prokka_FOM_4/FOM_4:Prokka:FOM_4_15 (length 1139)
prokka_FOM_4/FOM_4:Prokka:FOM_4_16 (length 30018)
prokka_FOM_4/FOM_4:Prokka:FOM_4_17 (length 5147)
prokka_FOM_4/FOM_4:Prokka:FOM_4_18 (length 1933)
prokka_FOM_4/FOM_4:Prokka:FOM_4_19 (length 53816)
prokka_FOM_4/FOM_4:Prokka:FOM_4_20 (length 103502)
prokka_FOM_4/FOM_4:Prokka:FOM_4_21 (length 168474)
prokka_FOM_4/FOM_4:Prokka:FOM_4_22 (length 2802)
prokka_FOM_4/FOM_4:Prokka:FOM_4_23 (length 26837)
prokka_FOM_4/FOM_4:Prokka:FOM_4_24 (length 106660)
prokka_FOM_4/FOM_4:Prokka:FOM_4_25 (length 2589)
prokka_FOM_4/FOM_4:Prokka:FOM_4_26 (length 1487)
prokka_FOM_4/FOM_4:Prokka:FOM_4_27 (length 8383)
prokka_FOM_4/FOM_4:Prokka:FOM_4_28 (length 7701)
prokka_FOM_4/FOM_4:Prokka:FOM_4_29 (length 6430)
prokka_FOM_4/FOM_4:Prokka:FOM_4_30 (length 109989)
prokka_FOM_4/FOM_4:Prokka:FOM_4_31 (length 1536)
prokka_FOM_4/FOM_4:Prokka:FOM_4_32 (length 1994)
prokka_FOM_4/FOM_4:Prokka:FOM_4_33 (length 1417)
prokka_FOM_4/FOM_4:Prokka:FOM_4_34 (length 116223)
prokka_FOM_4/FOM_4:Prokka:FOM_4_35 (length 1666)
prokka_FOM_4/FOM_4:Prokka:FOM_4_36 (length 86152)
prokka_FOM_4/FOM_4:Prokka:FOM_4_37 (length 1375)
prokka_FOM_4/FOM_4:Prokka:FOM_4_38 (length 2035)
prokka_FOM_4/FOM_4:Prokka:FOM_4_39 (length 140286)
prokka_FOM_4/FOM_4:Prokka:FOM_4_40 (length 1062)
prokka_FOM_4/FOM_4:Prokka:FOM_4_41 (length 4930)
prokka_FOM_4/FOM_4:Prokka:FOM_4_42 (length 1212)
prokka_FOM_4/FOM_4:Prokka:FOM_4_43 (length 4970)
prokka_FOM_4/FOM_4:Prokka:FOM_4_44 (length 1316)
prokka_FOM_4/FOM_4:Prokka:FOM_4_45 (length 1134)
prokka_FOM_4/FOM_4:Prokka:FOM_4_46 (length 8085)
prokka_FOM_4/FOM_4:Prokka:FOM_4_47 (length 1006)
prokka_FOM_4/FOM_4:Prokka:FOM_4_48 (length 3321)
prokka_FOM_4/FOM_4:Prokka:FOM_4_49 (length 25651)
prokka_FOM_4/FOM_4:Prokka:FOM_4_50 (length 5075)
prokka_FOM_4/FOM_4:Prokka:FOM_4_51 (length 2779)
prokka_FOM_4/FOM_4:Prokka:FOM_4_52 (length 1255)
prokka_FOM_4/FOM_4:Prokka:FOM_4_53 (length 1290)
prokka_FOM_4/FOM_4:Prokka:FOM_4_54 (length 2952)
prokka_FOM_4/FOM_4:Prokka:FOM_4_55 (length 10220)

