locus_tag	ftype	length_bp	gene	EC_number	COG	product
CHQ_3_00001	gene	762	loiP			
CHQ_3_00001	CDS	762	loiP	3.4.24.-	COG0501	Metalloprotease LoiP
CHQ_3_00002	gene	639				
CHQ_3_00002	CDS	639				hypothetical protein
CHQ_3_00003	gene	348				
CHQ_3_00003	CDS	348				hypothetical protein
CHQ_3_00004	gene	1539				
CHQ_3_00004	CDS	1539				IS66 family transposase ISSgsp1
CHQ_3_00005	gene	378	rusA			
CHQ_3_00005	CDS	378	rusA	3.1.22.4	COG4570	Crossover junction endodeoxyribonuclease RusA
CHQ_3_00006	gene	810	dam_1			
CHQ_3_00006	CDS	810	dam_1	2.1.1.72	COG0338	DNA adenine methylase
CHQ_3_00007	gene	915				
CHQ_3_00007	CDS	915				hypothetical protein
CHQ_3_00008	gene	462				
CHQ_3_00008	CDS	462				hypothetical protein
CHQ_3_00009	gene	696				
CHQ_3_00009	CDS	696				hypothetical protein
CHQ_3_00010	gene	270				
CHQ_3_00010	CDS	270				hypothetical protein
CHQ_3_00011	gene	369				
CHQ_3_00011	CDS	369				hypothetical protein
CHQ_3_00012	gene	1005	wbgU			
CHQ_3_00012	CDS	1005	wbgU	5.1.3.7		UDP-N-acetylglucosamine 4-epimerase
CHQ_3_00013	gene	1167	ugd			
CHQ_3_00013	CDS	1167	ugd	1.1.1.22	COG1004	UDP-glucose 6-dehydrogenase
CHQ_3_00014	gene	555	rfbC			
CHQ_3_00014	CDS	555	rfbC	5.1.3.13	COG1898	dTDP-4-dehydrorhamnose 3,5-epimerase
CHQ_3_00015	gene	891	rfbD			
CHQ_3_00015	CDS	891	rfbD	1.1.1.133	COG1091	dTDP-4-dehydrorhamnose reductase
CHQ_3_00016	gene	870	rffH_1			
CHQ_3_00016	CDS	870	rffH_1	2.7.7.24	COG1209	Glucose-1-phosphate thymidylyltransferase 2
CHQ_3_00017	gene	1065	rffG_1			
CHQ_3_00017	CDS	1065	rffG_1	4.2.1.46	COG1088	dTDP-glucose 4,6-dehydratase 2
CHQ_3_00018	gene	1254	lacY_1			
CHQ_3_00018	CDS	1254	lacY_1			Lactose permease
CHQ_3_00019	gene	3075	lacZ_1			
CHQ_3_00019	CDS	3075	lacZ_1	3.2.1.23	COG3250	Beta-galactosidase
CHQ_3_00020	gene	1149	lacI_1			
CHQ_3_00020	CDS	1149	lacI_1		COG1609	Lactose operon repressor
CHQ_3_00021	gene	474				
CHQ_3_00021	CDS	474				hypothetical protein
CHQ_3_00022	gene	525				
CHQ_3_00022	CDS	525				hypothetical protein
CHQ_3_00023	gene	753				
CHQ_3_00023	CDS	753				hypothetical protein
CHQ_3_00024	gene	765	dasR			
CHQ_3_00024	CDS	765	dasR		COG2188	HTH-type transcriptional repressor DasR
CHQ_3_00025	gene	786	argT_1			
CHQ_3_00025	CDS	786	argT_1		COG0834	Lysine/arginine/ornithine-binding periplasmic protein
CHQ_3_00026	gene	975	frlB_1			
CHQ_3_00026	CDS	975	frlB_1	3.5.-.-	COG2222	Fructosamine deglycase FrlB
CHQ_3_00027	gene	813	frlD			
CHQ_3_00027	CDS	813	frlD	2.7.1.-	COG0524	Fructosamine kinase FrlD
CHQ_3_00028	gene	441				
CHQ_3_00028	CDS	441				hypothetical protein
CHQ_3_00029	gene	1077				
CHQ_3_00029	CDS	1077				IS110 family transposase ISEc21
CHQ_3_00030	gene	507				
CHQ_3_00030	CDS	507				hypothetical protein
CHQ_3_00031	gene	399	nikR			
CHQ_3_00031	CDS	399	nikR		COG0864	Nickel-responsive regulator
CHQ_3_00032	gene	792	nikE			
CHQ_3_00032	CDS	792	nikE	7.2.2.11		Nickel import ATP-binding protein NikE
CHQ_3_00033	gene	765	nikD			
CHQ_3_00033	CDS	765	nikD	7.2.2.11		Nickel import ATP-binding protein NikD
CHQ_3_00034	gene	834	nikC			
CHQ_3_00034	CDS	834	nikC		COG1173	Nickel transport system permease protein NikC
CHQ_3_00035	gene	945	nikB			
CHQ_3_00035	CDS	945	nikB		COG0601	Nickel transport system permease protein NikB
CHQ_3_00036	gene	1569	nikA			
CHQ_3_00036	CDS	1569	nikA		COG0747	Nickel-binding periplasmic protein
CHQ_3_00037	gene	861	allS			
CHQ_3_00037	CDS	861	allS			HTH-type transcriptional activator AllS
CHQ_3_00038	gene	507	padC			
CHQ_3_00038	CDS	507	padC	4.1.1.102	COG3479	Phenolic acid decarboxylase PadC
CHQ_3_00039	gene	1140	arnB			
CHQ_3_00039	CDS	1140	arnB	2.6.1.87	COG0399	UDP-4-amino-4-deoxy-L-arabinose--oxoglutarate aminotransferase
CHQ_3_00040	gene	984	arnC_1			
CHQ_3_00040	CDS	984	arnC_1	2.4.2.53	COG0463	Undecaprenyl-phosphate 4-deoxy-4-formamido-L-arabinose transferase
CHQ_3_00041	gene	1986	arnA			
CHQ_3_00041	CDS	1986	arnA		COG0223	Bifunctional polymyxin resistance protein ArnA
CHQ_3_00042	gene	903	arnD			
CHQ_3_00042	CDS	903	arnD	3.5.1.-	COG0726	putative 4-deoxy-4-formamido-L-arabinose-phosphoundecaprenol deformylase ArnD
CHQ_3_00043	gene	1656	arnT			
CHQ_3_00043	CDS	1656	arnT	2.4.2.43	COG1807	Undecaprenyl phosphate-alpha-4-amino-4-deoxy-L-arabinose arabinosyl transferase
CHQ_3_00044	gene	339	arnE			
CHQ_3_00044	CDS	339	arnE		COG0697	putative 4-amino-4-deoxy-L-arabinose-phosphoundecaprenol flippase subunit ArnE
CHQ_3_00045	gene	381	arnF			
CHQ_3_00045	CDS	381	arnF		COG0697	putative 4-amino-4-deoxy-L-arabinose-phosphoundecaprenol flippase subunit ArnF
CHQ_3_00046	gene	1050	yhhT_1			
CHQ_3_00046	CDS	1050	yhhT_1		COG0628	Putative transport protein YhhT
CHQ_3_00047	gene	1221	yhhS_1			
CHQ_3_00047	CDS	1221	yhhS_1			putative MFS-type transporter YhhS
CHQ_3_00048	gene	558				
CHQ_3_00048	CDS	558				hypothetical protein
CHQ_3_00049	gene	666	yhhQ			
CHQ_3_00049	CDS	666	yhhQ		COG1738	Queuosine precursor transporter
CHQ_3_00050	gene	246	tusA			
CHQ_3_00050	CDS	246	tusA		COG0425	Sulfur carrier protein TusA
CHQ_3_00051	gene	2211	zntA			
CHQ_3_00051	CDS	2211	zntA	3.6.3.3		Zinc/cadmium/lead-transporting P-type ATPase
CHQ_3_00052	gene	627				
CHQ_3_00052	CDS	627				hypothetical protein
CHQ_3_00053	gene	351				
CHQ_3_00053	CDS	351				hypothetical protein
CHQ_3_00054	gene	276				
CHQ_3_00054	CDS	276				hypothetical protein
CHQ_3_00055	gene	597	rsmD			
CHQ_3_00055	CDS	597	rsmD	2.1.1.171	COG0742	Ribosomal RNA small subunit methyltransferase D
CHQ_3_00056	gene	1524	ftsY			
CHQ_3_00056	CDS	1524	ftsY		COG0552	Signal recognition particle receptor FtsY
CHQ_3_00057	gene	669	ftsE			
CHQ_3_00057	CDS	669	ftsE		COG2884	Cell division ATP-binding protein FtsE
CHQ_3_00058	gene	1056	ftsX			
CHQ_3_00058	CDS	1056	ftsX		COG2177	Cell division protein FtsX
CHQ_3_00059	gene	855	rpoH			
CHQ_3_00059	CDS	855	rpoH		COG0568	RNA polymerase sigma factor RpoH
CHQ_3_00060	gene	1524	gabR_1			
CHQ_3_00060	CDS	1524	gabR_1		COG1167	HTH-type transcriptional regulatory protein GabR
CHQ_3_00061	gene	1266	puuE			
CHQ_3_00061	CDS	1266	puuE	2.6.1.19	COG0160	4-aminobutyrate aminotransferase PuuE
CHQ_3_00062	gene	1245				
CHQ_3_00062	CDS	1245				hypothetical protein
CHQ_3_00063	gene	1098	livJ_1			
CHQ_3_00063	CDS	1098	livJ_1		COG0683	Leu/Ile/Val-binding protein
CHQ_3_00064	gene	384	panM			
CHQ_3_00064	CDS	384	panM			PanD regulatory factor
CHQ_3_00065	gene	1110	livK			
CHQ_3_00065	CDS	1110	livK		COG0683	Leucine-specific-binding protein
CHQ_3_00066	gene	927	livH_1			
CHQ_3_00066	CDS	927	livH_1		COG0559	High-affinity branched-chain amino acid transport system permease protein LivH
CHQ_3_00067	gene	1278				
CHQ_3_00067	CDS	1278				hypothetical protein
CHQ_3_00068	gene	768	lptB_1			
CHQ_3_00068	CDS	768	lptB_1	3.6.3.-	COG1137	Lipopolysaccharide export system ATP-binding protein LptB
CHQ_3_00069	gene	714	livF_1			
CHQ_3_00069	CDS	714	livF_1		COG0410	High-affinity branched-chain amino acid transport ATP-binding protein LivF
CHQ_3_00070	gene	1317	ugpB_1			
CHQ_3_00070	CDS	1317	ugpB_1		COG1653	sn-glycerol-3-phosphate-binding periplasmic protein UgpB
CHQ_3_00071	gene	888	ugpA_1			
CHQ_3_00071	CDS	888	ugpA_1		COG1175	sn-glycerol-3-phosphate transport system permease protein UgpA
CHQ_3_00072	gene	846	lacG			
CHQ_3_00072	CDS	846	lacG			Lactose transport system permease protein LacG
CHQ_3_00073	gene	1071	ugpC_1			
CHQ_3_00073	CDS	1071	ugpC_1	7.6.2.10	COG3839	sn-glycerol-3-phosphate import ATP-binding protein UgpC
CHQ_3_00074	gene	741	ugpQ			
CHQ_3_00074	CDS	741	ugpQ	3.1.4.46	COG0584	Glycerophosphodiester phosphodiesterase, cytoplasmic
CHQ_3_00075	gene	321	yhhA			
CHQ_3_00075	CDS	321	yhhA			putative protein YhhA
CHQ_3_00076	gene	1746	ggt			
CHQ_3_00076	CDS	1746	ggt	3.4.19.13	COG0405	Glutathione hydrolase proenzyme
CHQ_3_00077	gene	489	aaaT			
CHQ_3_00077	CDS	489	aaaT	2.3.1.-	COG0454	L-amino acid N-acetyltransferase AaaT
CHQ_3_00078	gene	642				
CHQ_3_00078	CDS	642				hypothetical protein
CHQ_3_00079	gene	1038	yhhX			
CHQ_3_00079	CDS	1038	yhhX	1.-.-.-	COG0673	putative oxidoreductase YhhX
CHQ_3_00080	gene	696	yhhW			
CHQ_3_00080	CDS	696	yhhW	1.13.11.24	COG1741	Quercetin 2,3-dioxygenase
CHQ_3_00081	gene	996	gntR			
CHQ_3_00081	CDS	996	gntR			HTH-type transcriptional regulator GntR
CHQ_3_00082	gene	492	gntK			
CHQ_3_00082	CDS	492	gntK	2.7.1.12	COG3265	Thermoresistant gluconokinase
CHQ_3_00083	gene	1341	gntU			
CHQ_3_00083	CDS	1341	gntU		COG2610	Low-affinity gluconate transporter
CHQ_3_00084	gene	1107	asd_1			
CHQ_3_00084	CDS	1107	asd_1	1.2.1.11	COG0136	Aspartate-semialdehyde dehydrogenase
CHQ_3_00085	gene	2187	glgB			
CHQ_3_00085	CDS	2187	glgB	2.4.1.18	COG0296	1,4-alpha-glucan branching enzyme GlgB
CHQ_3_00086	gene	1977	glgX			
CHQ_3_00086	CDS	1977	glgX	3.2.1.196	COG1523	Glycogen debranching enzyme
CHQ_3_00087	gene	1296	glgC			
CHQ_3_00087	CDS	1296	glgC	2.7.7.27	COG0448	Glucose-1-phosphate adenylyltransferase
CHQ_3_00088	gene	1434	glgA			
CHQ_3_00088	CDS	1434	glgA	2.4.1.21	COG0297	Glycogen synthase
CHQ_3_00089	gene	2448	malP_1			
CHQ_3_00089	CDS	2448	malP_1	2.4.1.1	COG0058	Maltodextrin phosphorylase
CHQ_3_00090	gene	1509	glpD			
CHQ_3_00090	CDS	1509	glpD	1.1.5.3	COG0578	Aerobic glycerol-3-phosphate dehydrogenase
CHQ_3_00091	gene	330	glpE_1			
CHQ_3_00091	CDS	330	glpE_1	2.8.1.1	COG0607	Thiosulfate sulfurtransferase GlpE
CHQ_3_00092	gene	831	glpG			
CHQ_3_00092	CDS	831	glpG	3.4.21.105	COG0705	Rhomboid protease GlpG
CHQ_3_00093	gene	759	glpR_1			
CHQ_3_00093	CDS	759	glpR_1		COG1349	Glycerol-3-phosphate regulon repressor
CHQ_3_00094	gene	2706	malT_1			
CHQ_3_00094	CDS	2706	malT_1		COG2909	HTH-type transcriptional regulator MalT
CHQ_3_00095	gene	2391	malP_2			
CHQ_3_00095	CDS	2391	malP_2	2.4.1.1	COG0058	Maltodextrin phosphorylase
CHQ_3_00096	gene	2094	malQ			
CHQ_3_00096	CDS	2094	malQ	2.4.1.25	COG1640	4-alpha-glucanotransferase
CHQ_3_00097	gene	1317	gntT			
CHQ_3_00097	CDS	1317	gntT		COG2610	High-affinity gluconate transporter
CHQ_3_00098	gene	576	nfuA			
CHQ_3_00098	CDS	576	nfuA		COG0316	Fe/S biogenesis protein NfuA
CHQ_3_00099	gene	675				
CHQ_3_00099	CDS	675				hypothetical protein
CHQ_3_00100	gene	774	bioH			
CHQ_3_00100	CDS	774	bioH	3.1.1.85	COG0596	Pimeloyl-[acyl-carrier protein] methyl ester esterase
CHQ_3_00101	gene	270				
CHQ_3_00101	CDS	270				hypothetical protein
CHQ_3_00102	gene	240	feoC			
CHQ_3_00102	CDS	240	feoC			putative [Fe-S]-dependent transcriptional repressor
CHQ_3_00103	gene	2319	feoB			
CHQ_3_00103	CDS	2319	feoB		COG0370	Fe(2+) transporter FeoB
CHQ_3_00104	gene	228	feoA			
CHQ_3_00104	CDS	228	feoA		COG1918	Fe(2+) transport protein A
CHQ_3_00105	gene	2331	yhgF			
CHQ_3_00105	CDS	2331	yhgF		COG2183	Protein YhgF
CHQ_3_00106	gene	474	greB			
CHQ_3_00106	CDS	474	greB		COG0782	Transcription elongation factor GreB
CHQ_3_00107	gene	720	ompR_1			
CHQ_3_00107	CDS	720	ompR_1			Transcriptional regulatory protein OmpR
CHQ_3_00108	gene	1356	envZ			
CHQ_3_00108	CDS	1356	envZ	2.7.13.3		Osmolarity sensor protein EnvZ
CHQ_3_00109	gene	1623	pckA_1			
CHQ_3_00109	CDS	1623	pckA_1	4.1.1.49	COG1866	Phosphoenolpyruvate carboxykinase (ATP)
CHQ_3_00110	gene	879	hslO			
CHQ_3_00110	CDS	879	hslO		COG1281	33 kDa chaperonin
CHQ_3_00111	gene	402	hslR			
CHQ_3_00111	CDS	402	hslR		COG1188	Heat shock protein 15
CHQ_3_00112	gene	684	yrfG			
CHQ_3_00112	CDS	684	yrfG	3.1.3.5	COG1011	GMP/IMP nucleotidase YrfG
CHQ_3_00113	gene	2130	igaA			
CHQ_3_00113	CDS	2130	igaA			Intracellular growth attenuator protein igaA
CHQ_3_00114	gene	561	nudE			
CHQ_3_00114	CDS	561	nudE	3.6.1.-	COG0494	ADP compounds hydrolase NudE
CHQ_3_00115	gene	2559	mrcA			
CHQ_3_00115	CDS	2559	mrcA		COG5009	Penicillin-binding protein 1A
CHQ_3_00116	gene	801				
CHQ_3_00116	CDS	801				hypothetical protein
CHQ_3_00117	gene	534				
CHQ_3_00117	CDS	534				hypothetical protein
CHQ_3_00118	gene	429				
CHQ_3_00118	CDS	429				hypothetical protein
CHQ_3_00119	gene	378				
CHQ_3_00119	CDS	378				hypothetical protein
CHQ_3_00120	gene	1236	pilQ			
CHQ_3_00120	CDS	1236	pilQ		COG4796	Type IV pilus biogenesis and competence protein PilQ
CHQ_3_00121	gene	522	aroK			
CHQ_3_00121	CDS	522	aroK	2.7.1.71	COG0703	Shikimate kinase 1
CHQ_3_00122	gene	1095	aroB			
CHQ_3_00122	CDS	1095	aroB	4.2.3.4	COG0337	3-dehydroquinate synthase
CHQ_3_00123	gene	1269	damX			
CHQ_3_00123	CDS	1269	damX		COG3266	Cell division protein DamX
CHQ_3_00124	gene	828	dam_2			
CHQ_3_00124	CDS	828	dam_2	2.1.1.72	COG0338	DNA adenine methylase
CHQ_3_00125	gene	678	rpe			
CHQ_3_00125	CDS	678	rpe	5.1.3.1	COG0036	Ribulose-phosphate 3-epimerase
CHQ_3_00126	gene	762	gph			
CHQ_3_00126	CDS	762	gph	3.1.3.18	COG0546	Phosphoglycolate phosphatase
CHQ_3_00127	gene	1005	trpS			
CHQ_3_00127	CDS	1005	trpS	6.1.1.2	COG0180	Tryptophan--tRNA ligase
CHQ_3_00128	gene	1374	cysG_1			
CHQ_3_00128	CDS	1374	cysG_1		COG0007	Siroheme synthase
CHQ_3_00129	gene	327	nirD			
CHQ_3_00129	CDS	327	nirD	1.7.1.15	COG2146	Nitrite reductase (NADH) small subunit
CHQ_3_00130	gene	2544	nasD			
CHQ_3_00130	CDS	2544	nasD	1.7.1.4	COG1251	Nitrite reductase [NAD(P)H]
CHQ_3_00131	gene	1323	codA_1			
CHQ_3_00131	CDS	1323	codA_1	3.5.4.1	COG0402	Cytosine deaminase
CHQ_3_00132	gene	1188	tsgA			
CHQ_3_00132	CDS	1188	tsgA		COG0477	Protein TsgA
CHQ_3_00133	gene	570	ppiA			
CHQ_3_00133	CDS	570	ppiA	5.2.1.8	COG0652	Peptidyl-prolyl cis-trans isomerase A
CHQ_3_00134	gene	168	yhfG			
CHQ_3_00134	CDS	168	yhfG			putative protein YhfG
CHQ_3_00135	gene	603	fic			
CHQ_3_00135	CDS	603	fic	2.7.7.-	COG2184	putative protein adenylyltransferase Fic
CHQ_3_00136	gene	564	pabA			
CHQ_3_00136	CDS	564	pabA	2.6.1.85	COG0512	Aminodeoxychorismate synthase component 2
CHQ_3_00137	gene	1221	argD			
CHQ_3_00137	CDS	1221	argD	2.6.1.11	COG4992	Acetylornithine/succinyldiaminopimelate aminotransferase
CHQ_3_00138	gene	2079				
CHQ_3_00138	CDS	2079				hypothetical protein
CHQ_3_00139	gene	633	crp			
CHQ_3_00139	CDS	633	crp		COG0664	cAMP-activated global transcriptional regulator CRP
CHQ_3_00140	gene	405	yhfA			
CHQ_3_00140	CDS	405	yhfA		COG1765	Protein YhfA
CHQ_3_00141	gene	870	cfxP			
CHQ_3_00141	CDS	870	cfxP	2.7.1.19	COG3954	Phosphoribulokinase, plasmid
CHQ_3_00142	gene	219				
CHQ_3_00142	CDS	219				hypothetical protein
CHQ_3_00143	gene	1023				
CHQ_3_00143	CDS	1023				hypothetical protein
CHQ_3_00144	gene	1905	yheS_1			
CHQ_3_00144	CDS	1905	yheS_1		COG0488	putative ABC transporter ATP-binding protein YheS
CHQ_3_00145	gene	561	ywrO			
CHQ_3_00145	CDS	561	ywrO	1.6.99.-	COG2249	General stress protein 14
CHQ_3_00146	gene	1806	kefC_1			
CHQ_3_00146	CDS	1806	kefC_1		COG0475	Glutathione-regulated potassium-efflux system protein KefC
CHQ_3_00147	gene	201				
CHQ_3_00147	CDS	201				hypothetical protein
CHQ_3_00148	gene	594				
CHQ_3_00148	CDS	594				hypothetical protein
CHQ_3_00149	gene	219	slyX			
CHQ_3_00149	CDS	219	slyX		COG2900	Protein SlyX 
CHQ_3_00150	gene	831	fkpA			
CHQ_3_00150	CDS	831	fkpA	5.2.1.8	COG0545	FKBP-type peptidyl-prolyl cis-trans isomerase FkpA
CHQ_3_00151	gene	723	dauR_1			
CHQ_3_00151	CDS	723	dauR_1		COG2964	Transcriptional regulator DauR
CHQ_3_00152	gene	387	tusD			
CHQ_3_00152	CDS	387	tusD	2.8.1.-	COG1553	Sulfurtransferase TusD
CHQ_3_00153	gene	360	tusC			
CHQ_3_00153	CDS	360	tusC		COG2923	Protein TusC
CHQ_3_00154	gene	288	tusB			
CHQ_3_00154	CDS	288	tusB		COG2168	Protein TusB
CHQ_3_00155	gene	375	rpsL			
CHQ_3_00155	CDS	375	rpsL		COG0048	30S ribosomal protein S12
CHQ_3_00156	gene	471	rpsG			
CHQ_3_00156	CDS	471	rpsG		COG0049	30S ribosomal protein S7
CHQ_3_00157	gene	2115	fusA_1			
CHQ_3_00157	CDS	2115	fusA_1		COG0480	Elongation factor G
CHQ_3_00158	gene	76				
CHQ_3_00158	tRNA	76				tRNA-Thr(ggt)
CHQ_3_00159	gene	75				
CHQ_3_00159	tRNA	75				tRNA-Gly(tcc)
CHQ_3_00160	gene	85				
CHQ_3_00160	tRNA	85				tRNA-Tyr(gta)
CHQ_3_00161	gene	76				
CHQ_3_00161	tRNA	76				tRNA-Thr(tgt)
CHQ_3_00162	gene	927	coaA			
CHQ_3_00162	CDS	927	coaA	2.7.1.33		Pantothenate kinase
CHQ_3_00163	gene	963	birA			
CHQ_3_00163	CDS	963	birA	6.3.4.15	COG0340	Bifunctional ligase/repressor BirA
CHQ_3_00164	gene	1029	murB			
CHQ_3_00164	CDS	1029	murB	1.3.1.98	COG0812	UDP-N-acetylenolpyruvoylglucosamine reductase
CHQ_3_00165	gene	111				
CHQ_3_00165	rRNA	111				5S ribosomal RNA
CHQ_3_00166	gene	111				
CHQ_3_00166	rRNA	111				5S ribosomal RNA
CHQ_3_00167	gene	507	mobB			
CHQ_3_00167	CDS	507	mobB		COG1763	Molybdopterin-guanine dinucleotide biosynthesis adapter protein
CHQ_3_00168	gene	582	mobA			
CHQ_3_00168	CDS	582	mobA	2.7.7.77	COG0746	Molybdenum cofactor guanylyltransferase
CHQ_3_00169	gene	270	yihD			
CHQ_3_00169	CDS	270	yihD		COG3084	Protein YihD
CHQ_3_00170	gene	987	srkA_1			
CHQ_3_00170	CDS	987	srkA_1	2.7.11.1	COG2334	Stress response kinase A
CHQ_3_00171	gene	624	dsbA_1			
CHQ_3_00171	CDS	624	dsbA_1		COG0526	Thiol:disulfide interchange protein DsbA
CHQ_3_00172	gene	918	yihG			
CHQ_3_00172	CDS	918	yihG	2.3.-.-	COG0204	putative acyltransferase YihG
CHQ_3_00173	gene	2793	polA			
CHQ_3_00173	CDS	2793	polA	2.7.7.7	COG0258	DNA polymerase I
CHQ_3_00174	gene	636	engB			
CHQ_3_00174	CDS	636	engB		COG0218	putative GTP-binding protein EngB
CHQ_3_00175	gene	237	yihI			
CHQ_3_00175	CDS	237	yihI		COG3078	Der GTPase-activating protein YihI
CHQ_3_00176	gene	1374	hemN			
CHQ_3_00176	CDS	1374	hemN	1.3.98.3	COG0635	Oxygen-independent coproporphyrinogen III oxidase
CHQ_3_00177	gene	1410	ntrC			
CHQ_3_00177	CDS	1410	ntrC		COG2204	DNA-binding transcriptional regulator NtrC
CHQ_3_00178	gene	1050	glnL			
CHQ_3_00178	CDS	1050	glnL	2.7.13.3	COG3852	Sensory histidine kinase/phosphatase NtrB
CHQ_3_00179	gene	1410	glnA			
CHQ_3_00179	CDS	1410	glnA	6.3.1.2	COG0174	Glutamine synthetase
CHQ_3_00180	gene	1824	typA			
CHQ_3_00180	CDS	1824	typA		COG1217	GTP-binding protein TypA/BipA
CHQ_3_00181	gene	600	yihX			
CHQ_3_00181	CDS	600	yihX	3.1.3.10	COG1011	Alpha-D-glucose 1-phosphate phosphatase YihX
CHQ_3_00182	gene	861				
CHQ_3_00182	CDS	861				hypothetical protein
CHQ_3_00183	gene	438	dtd			
CHQ_3_00183	CDS	438	dtd	3.1.1.96	COG1490	D-aminoacyl-tRNA deacylase
CHQ_3_00184	gene	942				
CHQ_3_00184	CDS	942				hypothetical protein
CHQ_3_00185	gene	918	nlhH			
CHQ_3_00185	CDS	918	nlhH	3.1.1.1	COG0657	Carboxylesterase NlhH
CHQ_3_00186	gene	930	fdhE			
CHQ_3_00186	CDS	930	fdhE		COG3058	Protein FdhE
CHQ_3_00187	gene	636	fdoI			
CHQ_3_00187	CDS	636	fdoI		COG2864	Formate dehydrogenase, cytochrome b556(fdo) subunit
CHQ_3_00188	gene	903	fdoH			
CHQ_3_00188	CDS	903	fdoH		COG0437	Formate dehydrogenase-O iron-sulfur subunit
CHQ_3_00189	gene	2415	fdoG_1			
CHQ_3_00189	CDS	2415	fdoG_1	1.17.1.9	COG0243	Formate dehydrogenase-O major subunit
CHQ_3_00190	gene	588	fdoG_2			
CHQ_3_00190	CDS	588	fdoG_2	1.17.1.9	COG0243	Formate dehydrogenase-O major subunit
CHQ_3_00191	gene	837	fdhD			
CHQ_3_00191	CDS	837	fdhD		COG1526	Sulfur carrier protein FdhD
CHQ_3_00192	gene	213				
CHQ_3_00192	CDS	213				hypothetical protein
CHQ_3_00193	gene	981	pfp			
CHQ_3_00193	CDS	981	pfp	2.7.1.90	COG0205	Pyrophosphate--fructose 6-phosphate 1-phosphotransferase
CHQ_3_00194	gene	315				
CHQ_3_00194	CDS	315				hypothetical protein
CHQ_3_00195	gene	1368	ulaA_1			
CHQ_3_00195	CDS	1368	ulaA_1		COG3037	Ascorbate-specific PTS system EIIC component
CHQ_3_00196	gene	849	fbaA_1			
CHQ_3_00196	CDS	849	fbaA_1	4.1.2.13	COG0191	putative fructose-bisphosphate aldolase
CHQ_3_00197	gene	270				
CHQ_3_00197	CDS	270				hypothetical protein
CHQ_3_00198	gene	438	ulaC_1			
CHQ_3_00198	CDS	438	ulaC_1		COG1762	Ascorbate-specific PTS system EIIA component
CHQ_3_00199	gene	594				
CHQ_3_00199	CDS	594				hypothetical protein
CHQ_3_00200	gene	324				
CHQ_3_00200	CDS	324				hypothetical protein
CHQ_3_00201	gene	690				
CHQ_3_00201	CDS	690				hypothetical protein
CHQ_3_00202	gene	549	sutR_1			
CHQ_3_00202	CDS	549	sutR_1		COG1396	HTH-type transcriptional regulator SutR
CHQ_3_00203	gene	996	rafR			
CHQ_3_00203	CDS	996	rafR			HTH-type transcriptional regulator RafR
CHQ_3_00204	gene	2124	rafA			
CHQ_3_00204	CDS	2124	rafA	3.2.1.22		Alpha-galactosidase
CHQ_3_00205	gene	1266	melY			
CHQ_3_00205	CDS	1266	melY			Melibiose permease
CHQ_3_00206	gene	594	lacA			
CHQ_3_00206	CDS	594	lacA	2.3.1.18	COG0110	Galactoside O-acetyltransferase
CHQ_3_00207	gene	315	rhaM			
CHQ_3_00207	CDS	315	rhaM	5.1.3.32	COG3254	L-rhamnose mutarotase
CHQ_3_00208	gene	1149	adhB			
CHQ_3_00208	CDS	1149	adhB	1.1.1.1		Alcohol dehydrogenase 2
CHQ_3_00209	gene	1005	lsrD_1			
CHQ_3_00209	CDS	1005	lsrD_1			Autoinducer 2 import system permease protein LsrD
CHQ_3_00210	gene	1008	rbsC_1			
CHQ_3_00210	CDS	1008	rbsC_1		COG1172	Ribose import permease protein RbsC
CHQ_3_00211	gene	1512	rbsA_1			
CHQ_3_00211	CDS	1512	rbsA_1	7.5.2.7	COG1129	Ribose import ATP-binding protein RbsA
CHQ_3_00212	gene	987	lsrB_1			
CHQ_3_00212	CDS	987	lsrB_1			Autoinducer 2-binding protein LsrB
CHQ_3_00213	gene	831	rhaD			
CHQ_3_00213	CDS	831	rhaD	4.1.2.19	COG0235	Rhamnulose-1-phosphate aldolase
CHQ_3_00214	gene	1260	rhaA			
CHQ_3_00214	CDS	1260	rhaA	5.3.1.14	COG4806	L-rhamnose isomerase
CHQ_3_00215	gene	1467	rhaB			
CHQ_3_00215	CDS	1467	rhaB	2.7.1.5	COG1070	L-Rhamnulokinase
CHQ_3_00216	gene	837	rhaS_1			
CHQ_3_00216	CDS	837	rhaS_1			HTH-type transcriptional activator RhaS
CHQ_3_00217	gene	846	rhaR_1			
CHQ_3_00217	CDS	846	rhaR_1			HTH-type transcriptional activator RhaR
CHQ_3_00218	gene	1035	rhaT			
CHQ_3_00218	CDS	1035	rhaT		COG0697	L-rhamnose-proton symporter
CHQ_3_00219	gene	621	sodA			
CHQ_3_00219	CDS	621	sodA	1.15.1.1	COG0605	Superoxide dismutase [Mn]
CHQ_3_00220	gene	675	yiiM			
CHQ_3_00220	CDS	675	yiiM		COG2258	Protein YiiM
CHQ_3_00221	gene	1374	cpxA			
CHQ_3_00221	CDS	1374	cpxA	2.7.13.3		Sensor histidine kinase CpxA
CHQ_3_00222	gene	699	cpxR			
CHQ_3_00222	CDS	699	cpxR		COG0745	Transcriptional regulatory protein CpxR
CHQ_3_00223	gene	504	cpxP			
CHQ_3_00223	CDS	504	cpxP		COG3678	Periplasmic protein CpxP
CHQ_3_00224	gene	903	fieF			
CHQ_3_00224	CDS	903	fieF		COG0053	Ferrous-iron efflux pump FieF
CHQ_3_00225	gene	963	pfkA			
CHQ_3_00225	CDS	963	pfkA	2.7.1.11	COG0205	ATP-dependent 6-phosphofructokinase isozyme 1
CHQ_3_00226	gene	486	rraA			
CHQ_3_00226	CDS	486	rraA		COG0684	Regulator of ribonuclease activity A
CHQ_3_00227	gene	921	menA			
CHQ_3_00227	CDS	921	menA	2.5.1.74	COG1575	1,4-dihydroxy-2-naphthoate octaprenyltransferase
CHQ_3_00228	gene	1335	hslU			
CHQ_3_00228	CDS	1335	hslU		COG1220	ATP-dependent protease ATPase subunit HslU
CHQ_3_00229	gene	531	hslV			
CHQ_3_00229	CDS	531	hslV	3.4.25.2	COG5405	ATP-dependent protease subunit HslV
CHQ_3_00230	gene	852	ftsN			
CHQ_3_00230	CDS	852	ftsN		COG3087	Cell division protein FtsN
CHQ_3_00231	gene	1029	cytR_1			
CHQ_3_00231	CDS	1029	cytR_1		COG1609	HTH-type transcriptional repressor CytR
CHQ_3_00232	gene	2196	priA			
CHQ_3_00232	CDS	2196	priA	3.6.4.-	COG1198	Primosomal protein N'
CHQ_3_00233	gene	213	rpmE			
CHQ_3_00233	CDS	213	rpmE		COG0254	50S ribosomal protein L31
CHQ_3_00234	gene	318	metJ			
CHQ_3_00234	CDS	318	metJ		COG3060	Met repressor
CHQ_3_00235	gene	1161	metB			
CHQ_3_00235	CDS	1161	metB	2.5.1.48	COG0626	Cystathionine gamma-synthase
CHQ_3_00236	gene	2433	metL			
CHQ_3_00236	CDS	2433	metL		COG0460	Bifunctional aspartokinase/homoserine dehydrogenase 2
CHQ_3_00237	gene	372				
CHQ_3_00237	CDS	372				hypothetical protein
CHQ_3_00238	gene	942	catM			
CHQ_3_00238	CDS	942	catM			HTH-type transcriptional regulator CatM
CHQ_3_00239	gene	888	metF			
CHQ_3_00239	CDS	888	metF	1.5.1.20	COG0685	5,10-methylenetetrahydrofolate reductase
CHQ_3_00240	gene	1104	gldA			
CHQ_3_00240	CDS	1104	gldA	1.1.1.6	COG0371	Glycerol dehydrogenase
CHQ_3_00241	gene	663	fsaB			
CHQ_3_00241	CDS	663	fsaB	4.1.2.-	COG0176	Fructose-6-phosphate aldolase 2
CHQ_3_00242	gene	864	rhaS_2			
CHQ_3_00242	CDS	864	rhaS_2			HTH-type transcriptional activator RhaS
CHQ_3_00243	gene	651	zinT			
CHQ_3_00243	CDS	651	zinT		COG3443	Metal-binding protein ZinT
CHQ_3_00244	gene	2652	ppc			
CHQ_3_00244	CDS	2652	ppc	4.1.1.31	COG2352	Phosphoenolpyruvate carboxylase
CHQ_3_00245	gene	1152	argE_1			
CHQ_3_00245	CDS	1152	argE_1	3.5.1.16	COG0624	Acetylornithine deacetylase
CHQ_3_00246	gene	1005	argC			
CHQ_3_00246	CDS	1005	argC	1.2.1.38	COG0002	N-acetyl-gamma-glutamyl-phosphate reductase
CHQ_3_00247	gene	774	argB			
CHQ_3_00247	CDS	774	argB	2.7.2.8	COG0548	Acetylglutamate kinase
CHQ_3_00248	gene	1374	argH			
CHQ_3_00248	CDS	1374	argH	4.3.2.1	COG0165	Argininosuccinate lyase
CHQ_3_00249	gene	918	oxyR_1			
CHQ_3_00249	CDS	918	oxyR_1			Hydrogen peroxide-inducible genes activator
CHQ_3_00250	gene	1401	sthA			
CHQ_3_00250	CDS	1401	sthA	1.6.1.1	COG1249	Soluble pyridine nucleotide transhydrogenase
CHQ_3_00251	gene	636	fabR			
CHQ_3_00251	CDS	636	fabR		COG1309	HTH-type transcriptional repressor FabR
CHQ_3_00252	gene	360	yijD			
CHQ_3_00252	CDS	360	yijD			Inner membrane protein YijD
CHQ_3_00253	gene	1101	trmA			
CHQ_3_00253	CDS	1101	trmA	2.1.1.-	COG2265	tRNA/tmRNA (uracil-C(5))-methyltransferase
CHQ_3_00254	gene	1839	btuB			
CHQ_3_00254	CDS	1839	btuB		COG4206	Vitamin B12 transporter BtuB
CHQ_3_00255	gene	852	murI			
CHQ_3_00255	CDS	852	murI	5.1.1.3	COG0796	Glutamate racemase
CHQ_3_00256	gene	948				
CHQ_3_00256	CDS	948		1.17.1.9		Formate dehydrogenase, mitochondrial
CHQ_3_00257	gene	696	ligK			
CHQ_3_00257	CDS	696	ligK	4.1.3.17	COG0684	4-carboxy-4-hydroxy-2-oxoadipate aldolase
CHQ_3_00258	gene	717	kipR			
CHQ_3_00258	CDS	717	kipR		COG1414	HTH-type transcriptional regulator KipR
CHQ_3_00259	gene	1335	ttuB_1			
CHQ_3_00259	CDS	1335	ttuB_1			Putative tartrate transporter
CHQ_3_00260	gene	1269	yjhB_1			
CHQ_3_00260	CDS	1269	yjhB_1			Putative metabolite transport protein YjhB
CHQ_3_00261	gene	1056				
CHQ_3_00261	CDS	1056				hypothetical protein
CHQ_3_00262	gene	1014	hoxN			
CHQ_3_00262	CDS	1014	hoxN			High-affinity nickel transport protein
CHQ_3_00263	gene	2235	hypF			
CHQ_3_00263	CDS	2235	hypF	6.2.-.-	COG0068	Carbamoyltransferase HypF
CHQ_3_00264	gene	528	cooF			
CHQ_3_00264	CDS	528	cooF		COG1142	Iron-sulfur protein
CHQ_3_00265	gene	1014	ascG_1			
CHQ_3_00265	CDS	1014	ascG_1		COG1609	HTH-type transcriptional regulator AscG
CHQ_3_00266	gene	1449	bglF_1			
CHQ_3_00266	CDS	1449	bglF_1		COG1263	PTS system beta-glucoside-specific EIIBCA component
CHQ_3_00267	gene	1425	bglH_1			
CHQ_3_00267	CDS	1425	bglH_1	3.2.1.86	COG2723	Aryl-phospho-beta-D-glucosidase BglH
CHQ_3_00268	gene	294	symE			
CHQ_3_00268	CDS	294	symE	3.1.-.-		Endoribonuclease SymE
CHQ_3_00269	gene	471	hycI			
CHQ_3_00269	CDS	471	hycI	3.4.23.51	COG0680	Hydrogenase 3 maturation protease
CHQ_3_00270	gene	411				
CHQ_3_00270	CDS	411				hypothetical protein
CHQ_3_00271	gene	768	hycG			
CHQ_3_00271	CDS	768	hycG		COG3260	Formate hydrogenlyase subunit 7
CHQ_3_00272	gene	543	ndhI			
CHQ_3_00272	CDS	543	ndhI	7.1.1.-		NAD(P)H-quinone oxidoreductase subunit I, chloroplastic
CHQ_3_00273	gene	1710	hycE			
CHQ_3_00273	CDS	1710	hycE		COG3261	Formate hydrogenlyase subunit 5
CHQ_3_00274	gene	924	hycD			
CHQ_3_00274	CDS	924	hycD		COG0650	Formate hydrogenlyase subunit 4
CHQ_3_00275	gene	1827	hyfB			
CHQ_3_00275	CDS	1827	hyfB	1.-.-.-	COG0651	Hydrogenase-4 component B
CHQ_3_00276	gene	609	hyfA_1			
CHQ_3_00276	CDS	609	hyfA_1	1.-.-.-	COG1142	Hydrogenase-4 component A
CHQ_3_00277	gene	450	hycA			
CHQ_3_00277	CDS	450	hycA			Formate hydrogenlyase regulatory protein HycA
CHQ_3_00278	gene	345	hypA			
CHQ_3_00278	CDS	345	hypA		COG0375	Hydrogenase maturation factor HypA
CHQ_3_00279	gene	873	hypB			
CHQ_3_00279	CDS	873	hypB		COG0378	Hydrogenase maturation factor HypB
CHQ_3_00280	gene	273	hypC			
CHQ_3_00280	CDS	273	hypC		COG0298	Hydrogenase maturation factor HypC
CHQ_3_00281	gene	1122	hypD			
CHQ_3_00281	CDS	1122	hypD		COG0409	Hydrogenase maturation factor HypD
CHQ_3_00282	gene	1011	hypE			
CHQ_3_00282	CDS	1011	hypE	4.2.1.-	COG0309	Carbamoyl dehydratase HypE
CHQ_3_00283	gene	2073	fhlA			
CHQ_3_00283	CDS	2073	fhlA		COG3604	Formate hydrogenlyase transcriptional activator
CHQ_3_00284	gene	1401	gmuD_1			
CHQ_3_00284	CDS	1401	gmuD_1	3.2.1.86	COG2723	6-phospho-beta-glucosidase GmuD
CHQ_3_00285	gene	936				
CHQ_3_00285	CDS	936				hypothetical protein
CHQ_3_00286	gene	1272				
CHQ_3_00286	CDS	1272				hypothetical protein
CHQ_3_00287	gene	1338	scrY_1			
CHQ_3_00287	CDS	1338	scrY_1			Sucrose porin
CHQ_3_00288	gene	1374	licC_1			
CHQ_3_00288	CDS	1374	licC_1		COG1455	Lichenan permease IIC component
CHQ_3_00289	gene	315	gmuB			
CHQ_3_00289	CDS	315	gmuB	2.7.1.205	COG1440	PTS system oligo-beta-mannoside-specific EIIB component
CHQ_3_00290	gene	1323	licC_2			
CHQ_3_00290	CDS	1323	licC_2		COG1455	Lichenan permease IIC component
CHQ_3_00291	gene	315	chbA_1			
CHQ_3_00291	CDS	315	chbA_1		COG1447	PTS system N,N'-diacetylchitobiose-specific EIIA component
CHQ_3_00292	gene	915	mak_1			
CHQ_3_00292	CDS	915	mak_1	2.7.1.4	COG1940	Fructokinase
CHQ_3_00293	gene	903	ascG_2			
CHQ_3_00293	CDS	903	ascG_2		COG1609	HTH-type transcriptional regulator AscG
CHQ_3_00294	gene	918				
CHQ_3_00294	CDS	918			COG0803	putative periplasmic iron-binding protein
CHQ_3_00295	gene	822	mntB_1			
CHQ_3_00295	CDS	822	mntB_1		COG1121	Manganese transport system ATP-binding protein MntB
CHQ_3_00296	gene	849	mntB_2			
CHQ_3_00296	CDS	849	mntB_2			Manganese transport system membrane protein MntB
CHQ_3_00297	gene	855	mntB_3			
CHQ_3_00297	CDS	855	mntB_3			Manganese transport system membrane protein MntB
CHQ_3_00298	gene	342				
CHQ_3_00298	CDS	342				hypothetical protein
CHQ_3_00299	gene	294				
CHQ_3_00299	CDS	294				hypothetical protein
CHQ_3_00300	gene	2364				
CHQ_3_00300	CDS	2364				hypothetical protein
CHQ_3_00301	gene	1032	hemS			
CHQ_3_00301	CDS	1032	hemS		COG3720	Hemin transport protein HemS
CHQ_3_00302	gene	819	hmuT			
CHQ_3_00302	CDS	819	hmuT		COG4558	Hemin-binding periplasmic protein HmuT
CHQ_3_00303	gene	996	hmuU_1			
CHQ_3_00303	CDS	996	hmuU_1		COG0609	Hemin transport system permease protein HmuU
CHQ_3_00304	gene	780	hmuV			
CHQ_3_00304	CDS	780	hmuV	3.6.3.-	COG4559	Hemin import ATP-binding protein HmuV
CHQ_3_00305	gene	2562	mutS			
CHQ_3_00305	CDS	2562	mutS		COG0249	DNA mismatch repair protein MutS
CHQ_3_00306	gene	153	hokE			
CHQ_3_00306	CDS	153	hokE			Toxic protein HokE
CHQ_3_00307	gene	237	vdcD			
CHQ_3_00307	CDS	237	vdcD			Protein VdcD
CHQ_3_00308	gene	1428	edcC			
CHQ_3_00308	CDS	1428	edcC	4.1.1.61	COG0043	Phenolic acid decarboxylase
CHQ_3_00309	gene	594	ecdB			
CHQ_3_00309	CDS	594	ecdB	2.5.1.129	COG0163	putative UbiX-like flavin prenyltransferase
CHQ_3_00310	gene	408	hosA			
CHQ_3_00310	CDS	408	hosA			Transcriptional regulator HosA
CHQ_3_00311	gene	888	dmlR_1			
CHQ_3_00311	CDS	888	dmlR_1			HTH-type transcriptional regulator DmlR
CHQ_3_00312	gene	1203	mdtD_1			
CHQ_3_00312	CDS	1203	mdtD_1			Putative multidrug resistance protein MdtD
CHQ_3_00313	gene	378				
CHQ_3_00313	CDS	378				hypothetical protein
CHQ_3_00314	gene	993	rpoS			
CHQ_3_00314	CDS	993	rpoS		COG0568	RNA polymerase sigma factor RpoS
CHQ_3_00315	gene	1131	nlpD_1			
CHQ_3_00315	CDS	1131	nlpD_1			Murein hydrolase activator NlpD
CHQ_3_00316	gene	627	pcm			
CHQ_3_00316	CDS	627	pcm	2.1.1.77	COG2518	Protein-L-isoaspartate O-methyltransferase
CHQ_3_00317	gene	762	surE			
CHQ_3_00317	CDS	762	surE	3.1.3.5	COG0496	5'/3'-nucleotidase SurE
CHQ_3_00318	gene	1050	truD			
CHQ_3_00318	CDS	1050	truD	5.4.99.27	COG0585	tRNA pseudouridine synthase D
CHQ_3_00319	gene	480	ispF			
CHQ_3_00319	CDS	480	ispF	4.6.1.12	COG0245	2-C-methyl-D-erythritol 2,4-cyclodiphosphate synthase
CHQ_3_00320	gene	711	ispD			
CHQ_3_00320	CDS	711	ispD	2.7.7.60	COG1211	2-C-methyl-D-erythritol 4-phosphate cytidylyltransferase
CHQ_3_00321	gene	318	ftsB			
CHQ_3_00321	CDS	318	ftsB		COG2919	Cell division protein FtsB
CHQ_3_00322	gene	327	ygbE			
CHQ_3_00322	CDS	327	ygbE			Inner membrane protein YgbE
CHQ_3_00323	gene	606	cysC			
CHQ_3_00323	CDS	606	cysC	2.7.1.25	COG0529	Adenylyl-sulfate kinase
CHQ_3_00324	gene	1428	cysN			
CHQ_3_00324	CDS	1428	cysN	2.7.7.4	COG2895	Sulfate adenylyltransferase subunit 1
CHQ_3_00325	gene	909	cysD			
CHQ_3_00325	CDS	909	cysD	2.7.7.4	COG0175	Sulfate adenylyltransferase subunit 2
CHQ_3_00326	gene	1416	cysG_2			
CHQ_3_00326	CDS	1416	cysG_2		COG0007	Siroheme synthase
CHQ_3_00327	gene	1047				
CHQ_3_00327	CDS	1047				hypothetical protein
CHQ_3_00328	gene	735	cysH_1			
CHQ_3_00328	CDS	735	cysH_1	1.8.4.8	COG0175	Phosphoadenosine phosphosulfate reductase
CHQ_3_00329	gene	1713	cysI			
CHQ_3_00329	CDS	1713	cysI	1.8.1.2	COG0155	Sulfite reductase [NADPH] hemoprotein beta-component
CHQ_3_00330	gene	1800	cysJ			
CHQ_3_00330	CDS	1800	cysJ	1.8.1.2	COG0369	Sulfite reductase [NADPH] flavoprotein alpha-component
CHQ_3_00331	gene	366	queD			
CHQ_3_00331	CDS	366	queD	4.1.2.50	COG0720	6-carboxy-5,6,7,8-tetrahydropterin synthase
CHQ_3_00332	gene	672	queE			
CHQ_3_00332	CDS	672	queE	4.3.99.3		7-carboxy-7-deazaguanine synthase
CHQ_3_00333	gene	1110				
CHQ_3_00333	CDS	1110				hypothetical protein
CHQ_3_00334	gene	1299	eno			
CHQ_3_00334	CDS	1299	eno	4.2.1.11	COG0148	Enolase
CHQ_3_00335	gene	1638	pyrG_1			
CHQ_3_00335	CDS	1638	pyrG_1	6.3.4.2	COG0504	CTP synthase
CHQ_3_00336	gene	792	mazG			
CHQ_3_00336	CDS	792	mazG	3.6.1.8	COG1694	Nucleoside triphosphate pyrophosphohydrolase
CHQ_3_00337	gene	2238	relA			
CHQ_3_00337	CDS	2238	relA	2.7.6.5	COG0317	GTP pyrophosphokinase
CHQ_3_00338	gene	1305	rlmD			
CHQ_3_00338	CDS	1305	rlmD	2.1.1.190	COG2265	23S rRNA (uracil(1939)-C(5))-methyltransferase RlmD
CHQ_3_00339	gene	2751	barA			
CHQ_3_00339	CDS	2751	barA	2.7.13.3	COG0784	Signal transduction histidine-protein kinase BarA
CHQ_3_00340	gene	1140	garK			
CHQ_3_00340	CDS	1140	garK	2.7.1.165	COG1929	Glycerate 2-kinase
CHQ_3_00341	gene	1341	gudD			
CHQ_3_00341	CDS	1341	gudD	4.2.1.40	COG4948	Glucarate dehydratase
CHQ_3_00342	gene	1341	gudX			
CHQ_3_00342	CDS	1341	gudX	4.2.1.-	COG4948	Glucarate dehydratase-related protein
CHQ_3_00343	gene	1353	gudP_1			
CHQ_3_00343	CDS	1353	gudP_1			putative glucarate transporter
CHQ_3_00344	gene	444				
CHQ_3_00344	CDS	444			COG0716	putative protein
CHQ_3_00345	gene	795	truC			
CHQ_3_00345	CDS	795	truC	5.4.99.26	COG0564	tRNA pseudouridine synthase C
CHQ_3_00346	gene	330	yqcC			
CHQ_3_00346	CDS	330	yqcC		COG3098	putative protein YqcC
CHQ_3_00347	gene	546	syd			
CHQ_3_00347	CDS	546	syd			Protein Syd
CHQ_3_00348	gene	846	queF			
CHQ_3_00348	CDS	846	queF	1.7.1.13	COG0780	NADPH-dependent 7-cyano-7-deazaguanine reductase
CHQ_3_00349	gene	1368	ppnN			
CHQ_3_00349	CDS	1368	ppnN	3.2.2.-	COG1611	Pyrimidine/purine nucleotide 5'-monophosphate nucleosidase
CHQ_3_00350	gene	1290	sdaC			
CHQ_3_00350	CDS	1290	sdaC		COG0814	Serine transporter
CHQ_3_00351	gene	1368	sdaB			
CHQ_3_00351	CDS	1368	sdaB	4.3.1.17	COG1760	L-serine dehydratase 2
CHQ_3_00352	gene	942	ssuA_1			
CHQ_3_00352	CDS	942	ssuA_1			Putative aliphatic sulfonates-binding protein
CHQ_3_00353	gene	1224	sfnC_1			
CHQ_3_00353	CDS	1224	sfnC_1	1.14.14.-		putative FMNH2-dependent monooxygenase SfnC
CHQ_3_00354	gene	1422	ygcS			
CHQ_3_00354	CDS	1422	ygcS			Inner membrane metabolite transport protein YgcS
CHQ_3_00355	gene	879				
CHQ_3_00355	CDS	879				hypothetical protein
CHQ_3_00356	gene	699	metI_1			
CHQ_3_00356	CDS	699	metI_1		COG2011	D-methionine transport system permease protein MetI
CHQ_3_00357	gene	1023	metN_1			
CHQ_3_00357	CDS	1023	metN_1	3.6.3.-	COG1135	Methionine import ATP-binding protein MetN
CHQ_3_00358	gene	1407	dmoA			
CHQ_3_00358	CDS	1407	dmoA	1.14.13.131		Dimethyl-sulfide monooxygenase
CHQ_3_00359	gene	1398				
CHQ_3_00359	CDS	1398				hypothetical protein
CHQ_3_00360	gene	1173	msuD_1			
CHQ_3_00360	CDS	1173	msuD_1	1.14.14.5	COG2141	Methanesulfonate monooxygenase
CHQ_3_00361	gene	1944	norR_1			
CHQ_3_00361	CDS	1944	norR_1			Anaerobic nitric oxide reductase transcription regulator NorR
CHQ_3_00362	gene	756	ygdG			
CHQ_3_00362	CDS	756	ygdG	3.1.-.-	COG0258	Flap endonuclease Xni
CHQ_3_00363	gene	1149	fucO			
CHQ_3_00363	CDS	1149	fucO	1.1.1.77	COG1454	Lactaldehyde reductase
CHQ_3_00364	gene	648	fucA			
CHQ_3_00364	CDS	648	fucA	4.1.2.17	COG0235	L-fuculose phosphate aldolase
CHQ_3_00365	gene	1311	fucP			
CHQ_3_00365	CDS	1311	fucP		COG0738	L-fucose-proton symporter
CHQ_3_00366	gene	1776	fucI			
CHQ_3_00366	CDS	1776	fucI	5.3.1.25	COG2407	L-fucose isomerase
CHQ_3_00367	gene	1419	fucK			
CHQ_3_00367	CDS	1419	fucK	2.7.1.51	COG1070	L-fuculokinase
CHQ_3_00368	gene	423	fucU			
CHQ_3_00368	CDS	423	fucU	5.1.3.29	COG4154	L-fucose mutarotase
CHQ_3_00369	gene	711	ydjF			
CHQ_3_00369	CDS	711	ydjF		COG1349	putative HTH-type transcriptional regulator YdjF
CHQ_3_00370	gene	1101	rlmM			
CHQ_3_00370	CDS	1101	rlmM	2.1.1.186	COG2933	Ribosomal RNA large subunit methyltransferase M
CHQ_3_00371	gene	396				
CHQ_3_00371	CDS	396				hypothetical protein
CHQ_3_00372	gene	825	gcvA_1			
CHQ_3_00372	CDS	825	gcvA_1			Glycine cleavage system transcriptional activator
CHQ_3_00373	gene	231	ygdR_1			
CHQ_3_00373	CDS	231	ygdR_1			putative lipoprotein YgdR
CHQ_3_00374	gene	1206	csdA			
CHQ_3_00374	CDS	1206	csdA	2.8.1.7	COG0520	Cysteine desulfurase CsdA
CHQ_3_00375	gene	432	csdE			
CHQ_3_00375	CDS	432	csdE		COG2166	Sulfur acceptor protein CsdE
CHQ_3_00376	gene	822	tcdA			
CHQ_3_00376	CDS	822	tcdA	6.1.-.-	COG1179	tRNA threonylcarbamoyladenosine dehydratase
CHQ_3_00377	gene	1098	mltA			
CHQ_3_00377	CDS	1098	mltA	4.2.2.-	COG2821	Membrane-bound lytic murein transglycosylase A
CHQ_3_00378	gene	77				
CHQ_3_00378	tRNA	77				tRNA-Met(cat)
CHQ_3_00379	gene	77				
CHQ_3_00379	tRNA	77				tRNA-Met(cat)
CHQ_3_00380	gene	77				
CHQ_3_00380	tRNA	77				tRNA-Met(cat)
CHQ_3_00381	gene	1056	cobT_1			
CHQ_3_00381	CDS	1056	cobT_1	2.4.2.21	COG2038	Nicotinate-nucleotide--dimethylbenzimidazole phosphoribosyltransferase
CHQ_3_00382	gene	546	cobU			
CHQ_3_00382	CDS	546	cobU	2.7.1.156	COG2087	Bifunctional adenosylcobalamin biosynthesis protein CobU
CHQ_3_00383	gene	1524	cobQ			
CHQ_3_00383	CDS	1524	cobQ			Cobyric acid synthase
CHQ_3_00384	gene	825	cbiO			
CHQ_3_00384	CDS	825	cbiO	7.-.-.-	COG1122	Cobalt import ATP-binding protein CbiO
CHQ_3_00385	gene	678	cbiQ			
CHQ_3_00385	CDS	678	cbiQ		COG0619	Cobalt transport protein CbiQ
CHQ_3_00386	gene	282	cbiN			
CHQ_3_00386	CDS	282	cbiN		COG1930	Cobalt transport protein CbiN
CHQ_3_00387	gene	738	cbiM			
CHQ_3_00387	CDS	738	cbiM		COG0310	Cobalt transport protein CbiM
CHQ_3_00388	gene	711	cbiL			
CHQ_3_00388	CDS	711	cbiL	2.1.1.151	COG2243	Cobalt-precorrin-2 C(20)-methyltransferase
CHQ_3_00389	gene	795	cbiK			
CHQ_3_00389	CDS	795	cbiK	4.99.1.3	COG4822	Sirohydrochlorin cobaltochelatase
CHQ_3_00390	gene	786	cbiJ			
CHQ_3_00390	CDS	786	cbiJ	1.3.1.106	COG2099	Cobalt-precorrin-6A reductase
CHQ_3_00391	gene	726	cbiH			
CHQ_3_00391	CDS	726	cbiH	2.1.1.-	COG1010	putative cobalt-factor III C(17)-methyltransferase
CHQ_3_00392	gene	1056	cbiG			
CHQ_3_00392	CDS	1056	cbiG	3.7.1.12	COG2073	Cobalt-precorrin-5A hydrolase
CHQ_3_00393	gene	774	cbiF			
CHQ_3_00393	CDS	774	cbiF	2.1.1.271	COG2875	Cobalt-precorrin-4 C(11)-methyltransferase
CHQ_3_00394	gene	570	cbiT			
CHQ_3_00394	CDS	570	cbiT	2.1.1.196	COG2242	Cobalt-precorrin-6B C(15)-methyltransferase (decarboxylating)
CHQ_3_00395	gene	606	cbiE			
CHQ_3_00395	CDS	606	cbiE	2.1.1.289	COG2241	Cobalt-precorrin-7 C(5)-methyltransferase
CHQ_3_00396	gene	1140	cbiD			
CHQ_3_00396	CDS	1140	cbiD	2.1.1.195	COG1903	Cobalt-precorrin-5B C(1)-methyltransferase
CHQ_3_00397	gene	636	cbiC			
CHQ_3_00397	CDS	636	cbiC	5.4.99.60	COG2082	Cobalt-precorrin-8 methylmutase
CHQ_3_00398	gene	960	cobD_1			
CHQ_3_00398	CDS	960	cobD_1		COG1270	Cobalamin biosynthesis protein CobD
CHQ_3_00399	gene	1377	cbiA			
CHQ_3_00399	CDS	1377	cbiA	6.3.5.11	COG1797	Cobyrinate a,c-diamide synthase
CHQ_3_00400	gene	912	rhaS_3			
CHQ_3_00400	CDS	912	rhaS_3			HTH-type transcriptional activator RhaS
CHQ_3_00401	gene	801	pduF			
CHQ_3_00401	CDS	801	pduF		COG0580	Propanediol diffusion facilitator
CHQ_3_00402	gene	285	pduA_1			
CHQ_3_00402	CDS	285	pduA_1		COG4577	Propanediol utilization protein PduA
CHQ_3_00403	gene	813	pduB			
CHQ_3_00403	CDS	813	pduB		COG4816	Propanediol utilization protein PduB
CHQ_3_00404	gene	1665	pduC			
CHQ_3_00404	CDS	1665	pduC	4.2.1.28	COG4909	Propanediol dehydratase large subunit
CHQ_3_00405	gene	675	pduD			
CHQ_3_00405	CDS	675	pduD	4.2.1.28		Propanediol dehydratase medium subunit
CHQ_3_00406	gene	522	pduE			
CHQ_3_00406	CDS	522	pduE	4.2.1.28	COG4910	Propanediol dehydratase small subunit
CHQ_3_00407	gene	1833	ddrA			
CHQ_3_00407	CDS	1833	ddrA			Diol dehydratase-reactivating factor alpha subunit
CHQ_3_00408	gene	351				
CHQ_3_00408	CDS	351				hypothetical protein
CHQ_3_00409	gene	276	pduA_2			
CHQ_3_00409	CDS	276	pduA_2		COG4577	Propanediol utilization protein PduA
CHQ_3_00410	gene	462				
CHQ_3_00410	CDS	462				hypothetical protein
CHQ_3_00411	gene	633	pduL_1			
CHQ_3_00411	CDS	633	pduL_1	2.3.1.222	COG4869	Phosphate propanoyltransferase
CHQ_3_00412	gene	492				
CHQ_3_00412	CDS	492				hypothetical protein
CHQ_3_00413	gene	276	ccmL			
CHQ_3_00413	CDS	276	ccmL			Carbon dioxide concentrating mechanism protein CcmL
CHQ_3_00414	gene	1011				
CHQ_3_00414	CDS	1011				hypothetical protein
CHQ_3_00415	gene	1395	adhE_1			
CHQ_3_00415	CDS	1395	adhE_1			Aldehyde-alcohol dehydrogenase
CHQ_3_00416	gene	1113	adhE_2			
CHQ_3_00416	CDS	1113	adhE_2		COG1012	Aldehyde-alcohol dehydrogenase
CHQ_3_00417	gene	1356	rsxC_1			
CHQ_3_00417	CDS	1356	rsxC_1	7.-.-.-		Ion-translocating oxidoreductase complex subunit C
CHQ_3_00418	gene	555				
CHQ_3_00418	CDS	555				hypothetical protein
CHQ_3_00419	gene	351	pduU			
CHQ_3_00419	CDS	351	pduU		COG4810	Propanediol utilization protein PduU
CHQ_3_00420	gene	441	pduV			
CHQ_3_00420	CDS	441	pduV		COG4917	Propanediol utilization protein PduV
CHQ_3_00421	gene	1218	pduW			
CHQ_3_00421	CDS	1218	pduW	2.7.2.15	COG0282	putative propionate kinase
CHQ_3_00422	gene	903	pduX			
CHQ_3_00422	CDS	903	pduX	2.7.1.177	COG4542	L-threonine kinase
CHQ_3_00423	gene	1077	cobD_2			
CHQ_3_00423	CDS	1077	cobD_2	4.1.1.81	COG0079	Threonine-phosphate decarboxylase
CHQ_3_00424	gene	1254	amiC_1			
CHQ_3_00424	CDS	1254	amiC_1	3.5.1.28	COG0860	N-acetylmuramoyl-L-alanine amidase AmiC
CHQ_3_00425	gene	1332	argA			
CHQ_3_00425	CDS	1332	argA	2.3.1.1	COG0548	Amino-acid acetyltransferase
CHQ_3_00426	gene	321				
CHQ_3_00426	CDS	321				hypothetical protein
CHQ_3_00427	gene	1845	recD			
CHQ_3_00427	CDS	1845	recD	3.1.11.5	COG0507	RecBCD enzyme subunit RecD
CHQ_3_00428	gene	3537	recB			
CHQ_3_00428	CDS	3537	recB	3.1.11.5	COG1074	RecBCD enzyme subunit RecB
CHQ_3_00429	gene	2886	ptrA			
CHQ_3_00429	CDS	2886	ptrA	3.4.24.55	COG1025	Protease 3
CHQ_3_00430	gene	3378	recC			
CHQ_3_00430	CDS	3378	recC	3.1.11.5	COG1330	RecBCD enzyme subunit RecC
CHQ_3_00431	gene	324				
CHQ_3_00431	CDS	324				hypothetical protein
CHQ_3_00432	gene	408				
CHQ_3_00432	CDS	408				hypothetical protein
CHQ_3_00433	gene	558				
CHQ_3_00433	CDS	558				hypothetical protein
CHQ_3_00434	gene	552				
CHQ_3_00434	CDS	552				hypothetical protein
CHQ_3_00435	gene	795	thyA			
CHQ_3_00435	CDS	795	thyA	2.1.1.45	COG0207	Thymidylate synthase
CHQ_3_00436	gene	876	lgt			
CHQ_3_00436	CDS	876	lgt	2.5.1.145	COG0682	Phosphatidylglycerol--prolipoprotein diacylglyceryl transferase
CHQ_3_00437	gene	2247	ptsP			
CHQ_3_00437	CDS	2247	ptsP	2.7.3.9	COG3605	Phosphoenolpyruvate-dependent phosphotransferase system
CHQ_3_00438	gene	531	rppH_1			
CHQ_3_00438	CDS	531	rppH_1	3.6.1.-	COG0494	RNA pyrophosphohydrolase
CHQ_3_00439	gene	696	mutH			
CHQ_3_00439	CDS	696	mutH		COG3066	DNA mismatch repair protein MutH
CHQ_3_00440	gene	714				
CHQ_3_00440	CDS	714				hypothetical protein
CHQ_3_00441	gene	219	ygdR_2			
CHQ_3_00441	CDS	219	ygdR_2			putative lipoprotein YgdR
CHQ_3_00442	gene	1041	tas			
CHQ_3_00442	CDS	1041	tas		COG0667	Protein tas
CHQ_3_00443	gene	1194	lplT			
CHQ_3_00443	CDS	1194	lplT			Lysophospholipid transporter LplT
CHQ_3_00444	gene	2160	aas			
CHQ_3_00444	CDS	2160	aas		COG0204	Bifunctional protein Aas
CHQ_3_00445	gene	1017	galR			
CHQ_3_00445	CDS	1017	galR		COG1609	HTH-type transcriptional regulator GalR
CHQ_3_00446	gene	480				
CHQ_3_00446	CDS	480				hypothetical protein
CHQ_3_00447	gene	774	lldR_1			
CHQ_3_00447	CDS	774	lldR_1		COG2186	Putative L-lactate dehydrogenase operon regulatory protein
CHQ_3_00448	gene	1428	gmuD_2			
CHQ_3_00448	CDS	1428	gmuD_2	3.2.1.86	COG2723	6-phospho-beta-glucosidase GmuD
CHQ_3_00449	gene	1338	licC_3			
CHQ_3_00449	CDS	1338	licC_3		COG1455	Lichenan permease IIC component
CHQ_3_00450	gene	1011	ascG_3			
CHQ_3_00450	CDS	1011	ascG_3		COG1609	HTH-type transcriptional regulator AscG
CHQ_3_00451	gene	1263	lysA			
CHQ_3_00451	CDS	1263	lysA	4.1.1.20		Diaminopimelate decarboxylase
CHQ_3_00452	gene	927	occR			
CHQ_3_00452	CDS	927	occR			Octopine catabolism/uptake operon regulatory protein OccR
CHQ_3_00453	gene	714	ygeA			
CHQ_3_00453	CDS	714	ygeA	5.1.1.13		L-aspartate/glutamate-specific racemase
CHQ_3_00454	gene	327				
CHQ_3_00454	CDS	327				hypothetical protein
CHQ_3_00455	gene	891	lacF			
CHQ_3_00455	CDS	891	lacF			Lactose transport system permease protein LacF
CHQ_3_00456	gene	903	dasC			
CHQ_3_00456	CDS	903	dasC		COG0395	Diacetylchitobiose uptake system permease protein DasC
CHQ_3_00457	gene	1128	msmX			
CHQ_3_00457	CDS	1128	msmX	7.5.2.-	COG3839	Oligosaccharides import ATP-binding protein MsmX
CHQ_3_00458	gene	1287	yesO			
CHQ_3_00458	CDS	1287	yesO		COG1653	Putative ABC transporter substrate-binding protein YesO
CHQ_3_00459	gene	1344				
CHQ_3_00459	CDS	1344				hypothetical protein
CHQ_3_00460	gene	1434	sacA			
CHQ_3_00460	CDS	1434	sacA	3.2.1.26		Sucrose-6-phosphate hydrolase
CHQ_3_00461	gene	1242	cscB			
CHQ_3_00461	CDS	1242	cscB			Sucrose permease
CHQ_3_00462	gene	996	ccpA_1			
CHQ_3_00462	CDS	996	ccpA_1		COG1609	Catabolite control protein A
CHQ_3_00463	gene	1422	araE			
CHQ_3_00463	CDS	1422	araE			Arabinose-proton symporter
CHQ_3_00464	gene	762	kduD_1			
CHQ_3_00464	CDS	762	kduD_1	1.1.1.127		2-dehydro-3-deoxy-D-gluconate 5-dehydrogenase
CHQ_3_00465	gene	1176	ogl			
CHQ_3_00465	CDS	1176	ogl	4.2.2.6	COG0823	Oligogalacturonate lyase
CHQ_3_00466	gene	696	kdgM			
CHQ_3_00466	CDS	696	kdgM			Oligogalacturonate-specific porin KdgM
CHQ_3_00467	gene	1179	thlA_1			
CHQ_3_00467	CDS	1179	thlA_1	2.3.1.9	COG0183	Acetyl-CoA acetyltransferase
CHQ_3_00468	gene	870	gltC_1			
CHQ_3_00468	CDS	870	gltC_1			HTH-type transcriptional regulator GltC
CHQ_3_00469	gene	462				
CHQ_3_00469	CDS	462				hypothetical protein
CHQ_3_00470	gene	1230	yqeG			
CHQ_3_00470	CDS	1230	yqeG		COG0814	Inner membrane transport protein YqeG
CHQ_3_00471	gene	879	pdxI			
CHQ_3_00471	CDS	879	pdxI	1.1.1.65		Pyridoxine 4-dehydrogenase
CHQ_3_00472	gene	705	ycgR			
CHQ_3_00472	CDS	705	ycgR			Flagellar brake protein YcgR
CHQ_3_00473	gene	573				
CHQ_3_00473	CDS	573				hypothetical protein
CHQ_3_00474	gene	717	pdeH_1			
CHQ_3_00474	CDS	717	pdeH_1	3.1.4.52		Cyclic di-GMP phosphodiesterase PdeH
CHQ_3_00475	gene	636				
CHQ_3_00475	CDS	636				hypothetical protein
CHQ_3_00476	gene	996	mrkD_1			
CHQ_3_00476	CDS	996	mrkD_1			Fimbria adhesin protein
CHQ_3_00477	gene	2487	htrE_1			
CHQ_3_00477	CDS	2487	htrE_1		COG3188	Outer membrane usher protein HtrE
CHQ_3_00478	gene	702	yadV_1			
CHQ_3_00478	CDS	702	yadV_1			putative fimbrial chaperone YadV
CHQ_3_00479	gene	609				
CHQ_3_00479	CDS	609				hypothetical protein
CHQ_3_00480	gene	210				
CHQ_3_00480	CDS	210				hypothetical protein
CHQ_3_00481	gene	897				
CHQ_3_00481	CDS	897				hypothetical protein
CHQ_3_00482	gene	507				
CHQ_3_00482	CDS	507				hypothetical protein
CHQ_3_00483	gene	957				
CHQ_3_00483	CDS	957				hypothetical protein
CHQ_3_00484	gene	990				
CHQ_3_00484	CDS	990				hypothetical protein
CHQ_3_00485	gene	2481	yehB			
CHQ_3_00485	CDS	2481	yehB		COG3188	Outer membrane usher protein YehB
CHQ_3_00486	gene	684	yehC			
CHQ_3_00486	CDS	684	yehC		COG3121	putative fimbrial chaperone YehC
CHQ_3_00487	gene	543	yehD			
CHQ_3_00487	CDS	543	yehD			putative fimbrial-like protein YehD
CHQ_3_00488	gene	246				
CHQ_3_00488	CDS	246				hypothetical protein
CHQ_3_00489	gene	606				
CHQ_3_00489	CDS	606				ISKra4 family transposase ISCep1
CHQ_3_00490	gene	609				
CHQ_3_00490	CDS	609				ISKra4 family transposase ISCep1
CHQ_3_00491	gene	549	fim			
CHQ_3_00491	CDS	549	fim			Fimbrial subunit type 1
CHQ_3_00492	gene	537	lpfA			
CHQ_3_00492	CDS	537	lpfA			putative major fimbrial subunit LpfA
CHQ_3_00493	gene	705	fimC_1			
CHQ_3_00493	CDS	705	fimC_1			Chaperone protein FimC
CHQ_3_00494	gene	2613	fimD_1			
CHQ_3_00494	CDS	2613	fimD_1		COG3188	Outer membrane usher protein FimD
CHQ_3_00495	gene	528	fimF_1			
CHQ_3_00495	CDS	528	fimF_1			Protein FimF
CHQ_3_00496	gene	501	fimG_1			
CHQ_3_00496	CDS	501	fimG_1			Protein FimG
CHQ_3_00497	gene	909	fimH_1			
CHQ_3_00497	CDS	909	fimH_1			Type 1 fimbrin D-mannose specific adhesin
CHQ_3_00498	gene	657				
CHQ_3_00498	CDS	657				hypothetical protein
CHQ_3_00499	gene	273	yjdJ			
CHQ_3_00499	CDS	273	yjdJ		COG2388	putative protein YjdJ
CHQ_3_00500	gene	231				
CHQ_3_00500	CDS	231				hypothetical protein
CHQ_3_00501	gene	273				
CHQ_3_00501	CDS	273				hypothetical protein
CHQ_3_00502	gene	1026	mdtN			
CHQ_3_00502	CDS	1026	mdtN		COG1566	Multidrug resistance protein MdtN
CHQ_3_00503	gene	1938	mdtO			
CHQ_3_00503	CDS	1938	mdtO		COG1289	Multidrug resistance protein MdtO
CHQ_3_00504	gene	1449	cusC_1			
CHQ_3_00504	CDS	1449	cusC_1		COG1538	Cation efflux system protein CusC
CHQ_3_00505	gene	300				
CHQ_3_00505	CDS	300				hypothetical protein
CHQ_3_00506	gene	1554	dtpT			
CHQ_3_00506	CDS	1554	dtpT		COG3104	Di-/tripeptide transporter
CHQ_3_00507	gene	423	arsC_1			
CHQ_3_00507	CDS	423	arsC_1	1.20.4.1		Arsenate reductase
CHQ_3_00508	gene	1293	arsB_1			
CHQ_3_00508	CDS	1293	arsB_1		COG1055	Arsenical pump membrane protein
CHQ_3_00509	gene	330				
CHQ_3_00509	CDS	330				hypothetical protein
CHQ_3_00510	gene	294				
CHQ_3_00510	CDS	294				hypothetical protein
CHQ_3_00511	gene	573				
CHQ_3_00511	CDS	573				hypothetical protein
CHQ_3_00512	gene	264				
CHQ_3_00512	CDS	264				hypothetical protein
CHQ_3_00513	gene	900	pgrR_1			
CHQ_3_00513	CDS	900	pgrR_1			HTH-type transcriptional regulator PgrR
CHQ_3_00514	gene	309				
CHQ_3_00514	CDS	309				hypothetical protein
CHQ_3_00515	gene	564	kefF_1			
CHQ_3_00515	CDS	564	kefF_1	1.6.5.2		Glutathione-regulated potassium-efflux system ancillary protein KefF
CHQ_3_00516	gene	1020	yajO_1			
CHQ_3_00516	CDS	1020	yajO_1	1.1.-.-	COG0667	1-deoxyxylulose-5-phosphate synthase YajO
CHQ_3_00517	gene	804				
CHQ_3_00517	CDS	804				hypothetical protein
CHQ_3_00518	gene	918	nodD2_1			
CHQ_3_00518	CDS	918	nodD2_1			Nodulation protein D 2
CHQ_3_00519	gene	1389	ribZ_1			
CHQ_3_00519	CDS	1389	ribZ_1			Riboflavin transporter RibZ
CHQ_3_00520	gene	74				
CHQ_3_00520	tRNA	74				tRNA-Gly(ccc)
CHQ_3_00521	gene	714	nlpD_2			
CHQ_3_00521	CDS	714	nlpD_2		COG0739	Murein hydrolase activator NlpD
CHQ_3_00522	gene	555	idi			
CHQ_3_00522	CDS	555	idi	5.3.3.2	COG1443	Isopentenyl-diphosphate Delta-isomerase
CHQ_3_00523	gene	1518	lysS			
CHQ_3_00523	CDS	1518	lysS	6.1.1.6	COG1190	Lysine--tRNA ligase
CHQ_3_00524	gene	882	prfB			
CHQ_3_00524	CDS	882	prfB		COG1186	Peptide chain release factor RF2
CHQ_3_00525	gene	1734	recJ			
CHQ_3_00525	CDS	1734	recJ	3.1.-.-	COG0608	Single-stranded-DNA-specific exonuclease RecJ
CHQ_3_00526	gene	714	dsbC			
CHQ_3_00526	CDS	714	dsbC		COG1651	Thiol:disulfide interchange protein DsbC
CHQ_3_00527	gene	897	xerD			
CHQ_3_00527	CDS	897	xerD		COG4974	Tyrosine recombinase XerD
CHQ_3_00528	gene	522	fldB			
CHQ_3_00528	CDS	522	fldB		COG0716	Flavodoxin 2
CHQ_3_00529	gene	411	ygfX			
CHQ_3_00529	CDS	411	ygfX			Inner membrane protein YgfX
CHQ_3_00530	gene	267	sdhE			
CHQ_3_00530	CDS	267	sdhE		COG2938	FAD assembly factor SdhE
CHQ_3_00531	gene	984	ygfZ			
CHQ_3_00531	CDS	984	ygfZ		COG0354	tRNA-modifying protein YgfZ
CHQ_3_00532	gene	660				
CHQ_3_00532	CDS	660				hypothetical protein
CHQ_3_00533	gene	312				
CHQ_3_00533	CDS	312				hypothetical protein
CHQ_3_00534	gene	729	glvR			
CHQ_3_00534	CDS	729	glvR		COG1737	HTH-type transcriptional regulator GlvR
CHQ_3_00535	gene	1434	bglA_1			
CHQ_3_00535	CDS	1434	bglA_1	3.2.1.86	COG2723	6-phospho-beta-glucosidase BglA
CHQ_3_00536	gene	360				
CHQ_3_00536	CDS	360				hypothetical protein
CHQ_3_00537	gene	2010	dsbD_1			
CHQ_3_00537	CDS	2010	dsbD_1	1.8.1.8	COG4232	Thiol:disulfide interchange protein DsbD
CHQ_3_00538	gene	612				
CHQ_3_00538	CDS	612				hypothetical protein
CHQ_3_00539	gene	504	resA			
CHQ_3_00539	CDS	504	resA			Thiol-disulfide oxidoreductase ResA
CHQ_3_00540	gene	744	ygfF			
CHQ_3_00540	CDS	744	ygfF	1.-.-.-		putative oxidoreductase YgfF
CHQ_3_00541	gene	2874	gcvP			
CHQ_3_00541	CDS	2874	gcvP	1.4.4.2	COG0403	Glycine dehydrogenase (decarboxylating)
CHQ_3_00542	gene	390	gcvH			
CHQ_3_00542	CDS	390	gcvH		COG0509	Glycine cleavage system H protein
CHQ_3_00543	gene	1095	gcvT			
CHQ_3_00543	CDS	1095	gcvT	2.1.2.10	COG0404	Aminomethyltransferase
CHQ_3_00544	gene	1203	ubiI			
CHQ_3_00544	CDS	1203	ubiI	1.14.13.240	COG0654	2-octaprenylphenol hydroxylase
CHQ_3_00545	gene	1179	ubiH			
CHQ_3_00545	CDS	1179	ubiH	1.14.13.-	COG0654	2-octaprenyl-6-methoxyphenol hydroxylase
CHQ_3_00546	gene	1317	pepP			
CHQ_3_00546	CDS	1317	pepP	3.4.11.9	COG0006	Xaa-Pro aminopeptidase
CHQ_3_00547	gene	585				
CHQ_3_00547	CDS	585				hypothetical protein
CHQ_3_00548	gene	330	zapA			
CHQ_3_00548	CDS	330	zapA		COG3027	Cell division protein ZapA
CHQ_3_00549	gene	597	ygfA			
CHQ_3_00549	CDS	597	ygfA	6.3.3.2	COG0212	5-formyltetrahydrofolate cyclo-ligase
CHQ_3_00550	gene	1233	serA			
CHQ_3_00550	CDS	1233	serA	1.1.1.95	COG0111	D-3-phosphoglycerate dehydrogenase
CHQ_3_00551	gene	660	rpiA			
CHQ_3_00551	CDS	660	rpiA	5.3.1.6	COG0120	Ribose-5-phosphate isomerase A
CHQ_3_00552	gene	894	argP_1			
CHQ_3_00552	CDS	894	argP_1		COG0583	HTH-type transcriptional regulator ArgP
CHQ_3_00553	gene	768				
CHQ_3_00553	CDS	768			COG2968	26 kDa periplasmic immunogenic protein
CHQ_3_00554	gene	636	argO			
CHQ_3_00554	CDS	636	argO		COG1279	Arginine exporter protein ArgO
CHQ_3_00555	gene	858	mscS			
CHQ_3_00555	CDS	858	mscS		COG0668	Small-conductance mechanosensitive channel
CHQ_3_00556	gene	1080	fbaA_2			
CHQ_3_00556	CDS	1080	fbaA_2	4.1.2.13	COG0191	Fructose-bisphosphate aldolase class 2
CHQ_3_00557	gene	1164	pgk			
CHQ_3_00557	CDS	1164	pgk	2.7.2.3	COG0126	Phosphoglycerate kinase
CHQ_3_00558	gene	1029	epd			
CHQ_3_00558	CDS	1029	epd	1.2.1.72	COG0057	D-erythrose-4-phosphate dehydrogenase
CHQ_3_00559	gene	1947	tktA_1			
CHQ_3_00559	CDS	1947	tktA_1	2.2.1.1	COG0021	Transketolase 1
CHQ_3_00560	gene	1311	manC1			
CHQ_3_00560	CDS	1311	manC1	2.7.7.13	COG0662	Mannose-1-phosphate guanylyltransferase 1
CHQ_3_00561	gene	990				
CHQ_3_00561	CDS	990				hypothetical protein
CHQ_3_00562	gene	1326	rimO			
CHQ_3_00562	CDS	1326	rimO	2.8.4.4	COG0621	Ribosomal protein S12 methylthiotransferase RimO
CHQ_3_00563	gene	1242	rafB_1			
CHQ_3_00563	CDS	1242	rafB_1			Raffinose permease
CHQ_3_00564	gene	384				
CHQ_3_00564	CDS	384				hypothetical protein
CHQ_3_00565	gene	1110	yliI			
CHQ_3_00565	CDS	1110	yliI	1.1.5.-	COG2133	Aldose sugar dehydrogenase YliI
CHQ_3_00566	gene	627	gstB_1			
CHQ_3_00566	CDS	627	gstB_1	2.5.1.18	COG0625	Glutathione S-transferase GstB
CHQ_3_00567	gene	1212	dacC			
CHQ_3_00567	CDS	1212	dacC	3.4.16.4	COG1686	D-alanyl-D-alanine carboxypeptidase DacC
CHQ_3_00568	gene	759	deoR_1			
CHQ_3_00568	CDS	759	deoR_1		COG1349	Deoxyribose operon repressor
CHQ_3_00569	gene	594	ybjG_1			
CHQ_3_00569	CDS	594	ybjG_1	3.6.1.27	COG0671	Putative undecaprenyl-diphosphatase YbjG
CHQ_3_00570	gene	1233	mdfA			
CHQ_3_00570	CDS	1233	mdfA			Multidrug transporter MdfA
CHQ_3_00571	gene	813	ybjI			
CHQ_3_00571	CDS	813	ybjI	3.1.3.104	COG0561	5-amino-6-(5-phospho-D-ribitylamino)uracil phosphatase YbjI
CHQ_3_00572	gene	1203	ybjJ			
CHQ_3_00572	CDS	1203	ybjJ			Inner membrane protein YbjJ
CHQ_3_00573	gene	564	rcdA			
CHQ_3_00573	CDS	564	rcdA		COG3226	HTH-type transcriptional regulator RcdA
CHQ_3_00574	gene	1053	xerC_1			
CHQ_3_00574	CDS	1053	xerC_1			Tyrosine recombinase XerC
CHQ_3_00575	gene	1995				
CHQ_3_00575	CDS	1995				hypothetical protein
CHQ_3_00576	gene	591				
CHQ_3_00576	CDS	591				hypothetical protein
CHQ_3_00577	gene	222				
CHQ_3_00577	CDS	222				hypothetical protein
CHQ_3_00578	gene	510				
CHQ_3_00578	CDS	510				hypothetical protein
CHQ_3_00579	gene	186				
CHQ_3_00579	CDS	186				hypothetical protein
CHQ_3_00580	gene	342				
CHQ_3_00580	CDS	342				hypothetical protein
CHQ_3_00581	gene	237				
CHQ_3_00581	CDS	237				hypothetical protein
CHQ_3_00582	gene	1371				
CHQ_3_00582	CDS	1371				hypothetical protein
CHQ_3_00583	gene	186				
CHQ_3_00583	CDS	186				hypothetical protein
CHQ_3_00584	gene	648				
CHQ_3_00584	CDS	648				hypothetical protein
CHQ_3_00585	gene	1023				
CHQ_3_00585	CDS	1023				hypothetical protein
CHQ_3_00586	gene	843				
CHQ_3_00586	CDS	843				hypothetical protein
CHQ_3_00587	gene	1203				
CHQ_3_00587	CDS	1203				hypothetical protein
CHQ_3_00588	gene	597				
CHQ_3_00588	CDS	597				hypothetical protein
CHQ_3_00589	gene	363				
CHQ_3_00589	CDS	363				hypothetical protein
CHQ_3_00590	gene	507				
CHQ_3_00590	CDS	507				hypothetical protein
CHQ_3_00591	gene	921				
CHQ_3_00591	CDS	921				hypothetical protein
CHQ_3_00592	gene	1686	aspT_1			
CHQ_3_00592	CDS	1686	aspT_1			Aspartate/alanine antiporter
CHQ_3_00593	gene	384	ybjM			
CHQ_3_00593	CDS	384	ybjM			Inner membrane protein YbjM
CHQ_3_00594	gene	264	grxA			
CHQ_3_00594	CDS	264	grxA		COG0695	Glutaredoxin 1
CHQ_3_00595	gene	288				
CHQ_3_00595	CDS	288				hypothetical protein
CHQ_3_00596	gene	723	nfsA			
CHQ_3_00596	CDS	723	nfsA	1.-.-.-	COG0778	Oxygen-insensitive NADPH nitroreductase
CHQ_3_00597	gene	903	rimK			
CHQ_3_00597	CDS	903	rimK	6.3.2.-	COG0189	Ribosomal protein S6--L-glutamate ligase
CHQ_3_00598	gene	480	ybjN			
CHQ_3_00598	CDS	480	ybjN			putative protein YbjN
CHQ_3_00599	gene	1113	potF			
CHQ_3_00599	CDS	1113	potF		COG0687	Putrescine-binding periplasmic protein
CHQ_3_00600	gene	1167	potA_1			
CHQ_3_00600	CDS	1167	potA_1	7.6.2.11	COG3842	Spermidine/putrescine import ATP-binding protein PotA
CHQ_3_00601	gene	954	potH			
CHQ_3_00601	CDS	954	potH		COG1176	Putrescine transport system permease protein PotH
CHQ_3_00602	gene	846	ydcV_1			
CHQ_3_00602	CDS	846	ydcV_1			Inner membrane ABC transporter permease protein YdcV
CHQ_3_00603	gene	489	ybjO			
CHQ_3_00603	CDS	489	ybjO			Inner membrane protein YbjO
CHQ_3_00604	gene	1128	rlmC			
CHQ_3_00604	CDS	1128	rlmC	2.1.1.189	COG2265	23S rRNA (uracil(747)-C(5))-methyltransferase RlmC
CHQ_3_00605	gene	717	phoP_1			
CHQ_3_00605	CDS	717	phoP_1		COG0745	Alkaline phosphatase synthesis transcriptional regulatory protein PhoP
CHQ_3_00606	gene	1473	sasA_1			
CHQ_3_00606	CDS	1473	sasA_1	2.7.-.-		Adaptive-response sensory-kinase SasA
CHQ_3_00607	gene	732	artJ_1			
CHQ_3_00607	CDS	732	artJ_1		COG0834	ABC transporter arginine-binding protein 1
CHQ_3_00608	gene	669	artM_1			
CHQ_3_00608	CDS	669	artM_1		COG4160	Arginine ABC transporter permease protein ArtM
CHQ_3_00609	gene	717	artQ_1			
CHQ_3_00609	CDS	717	artQ_1		COG4215	Arginine ABC transporter permease protein ArtQ
CHQ_3_00610	gene	753	artI			
CHQ_3_00610	CDS	753	artI		COG0834	Putative ABC transporter arginine-binding protein 2
CHQ_3_00611	gene	729	artP			
CHQ_3_00611	CDS	729	artP	3.6.3.-	COG4161	Arginine transport ATP-binding protein ArtP
CHQ_3_00612	gene	516	ybjP			
CHQ_3_00612	CDS	516	ybjP			putative lipoprotein YbjP
CHQ_3_00613	gene	273				
CHQ_3_00613	CDS	273				hypothetical protein
CHQ_3_00614	gene	1140				
CHQ_3_00614	CDS	1140				hypothetical protein
CHQ_3_00615	gene	831	amiD			
CHQ_3_00615	CDS	831	amiD	3.5.1.28	COG3023	N-acetylmuramoyl-L-alanine amidase AmiD
CHQ_3_00616	gene	1014	oleD			
CHQ_3_00616	CDS	1014	oleD	1.1.1.412	COG0451	2-alkyl-3-oxoalkanoate reductase
CHQ_3_00617	gene	1443				
CHQ_3_00617	CDS	1443				hypothetical protein
CHQ_3_00618	gene	1002	ltaE			
CHQ_3_00618	CDS	1002	ltaE	4.1.2.48	COG2008	Low specificity L-threonine aldolase
CHQ_3_00619	gene	1719	poxB			
CHQ_3_00619	CDS	1719	poxB	1.2.5.1	COG0028	Pyruvate dehydrogenase [ubiquinone]
CHQ_3_00620	gene	435				
CHQ_3_00620	CDS	435				hypothetical protein
CHQ_3_00621	gene	969	hcr			
CHQ_3_00621	CDS	969	hcr	1.-.-.-	COG1018	NADH oxidoreductase HCR
CHQ_3_00622	gene	1686	hcp			
CHQ_3_00622	CDS	1686	hcp	1.7.99.1	COG1151	Hydroxylamine reductase
CHQ_3_00623	gene	900	lysO			
CHQ_3_00623	CDS	900	lysO		COG2431	Lysine exporter LysO
CHQ_3_00624	gene	696	aqpZ			
CHQ_3_00624	CDS	696	aqpZ		COG0580	Aquaporin Z
CHQ_3_00625	gene	1659				
CHQ_3_00625	CDS	1659				hypothetical protein
CHQ_3_00626	gene	1116	macA_1			
CHQ_3_00626	CDS	1116	macA_1		COG0845	Macrolide export protein MacA
CHQ_3_00627	gene	1941	macB			
CHQ_3_00627	CDS	1941	macB	3.6.3.-	COG0577	Macrolide export ATP-binding/permease protein MacB
CHQ_3_00628	gene	222	cspD			
CHQ_3_00628	CDS	222	cspD		COG1278	Cold shock-like protein CspD
CHQ_3_00629	gene	318	clpS			
CHQ_3_00629	CDS	318	clpS		COG2127	ATP-dependent Clp protease adapter protein ClpS
CHQ_3_00630	gene	2280	clpA			
CHQ_3_00630	CDS	2280	clpA		COG0542	ATP-dependent Clp protease ATP-binding subunit ClpA
CHQ_3_00631	gene	219	infA			
CHQ_3_00631	CDS	219	infA		COG0361	Translation initiation factor IF-1
CHQ_3_00632	gene	705	aat			
CHQ_3_00632	CDS	705	aat	2.3.2.6	COG2360	Leucyl/phenylalanyl-tRNA--protein transferase
CHQ_3_00633	gene	1722	msbA_1			
CHQ_3_00633	CDS	1722	msbA_1	7.5.2.6	COG1132	Lipid A export ATP-binding/permease protein MsbA
CHQ_3_00634	gene	1767	cydD			
CHQ_3_00634	CDS	1767	cydD		COG4988	ATP-binding/permease protein CydD
CHQ_3_00635	gene	996	trxB			
CHQ_3_00635	CDS	996	trxB	1.8.1.9	COG0492	Thioredoxin reductase
CHQ_3_00636	gene	495	lrp_1			
CHQ_3_00636	CDS	495	lrp_1		COG1522	Leucine-responsive regulatory protein
CHQ_3_00637	gene	4269				
CHQ_3_00637	CDS	4269				hypothetical protein
CHQ_3_00638	gene	612	lolA			
CHQ_3_00638	CDS	612	lolA		COG2834	Outer-membrane lipoprotein carrier protein
CHQ_3_00639	gene	1344	rarA			
CHQ_3_00639	CDS	1344	rarA		COG2256	Replication-associated recombination protein A
CHQ_3_00640	gene	1293	serS			
CHQ_3_00640	CDS	1293	serS	6.1.1.11	COG0172	Serine--tRNA ligase
CHQ_3_00641	gene	183	dmsA_1			
CHQ_3_00641	CDS	183	dmsA_1	1.8.5.3	COG0243	Dimethyl sulfoxide reductase DmsA
CHQ_3_00642	gene	2223	dmsA_2			
CHQ_3_00642	CDS	2223	dmsA_2	1.8.5.3	COG0243	Dimethyl sulfoxide reductase DmsA
CHQ_3_00643	gene	618	dmsB_1			
CHQ_3_00643	CDS	618	dmsB_1		COG0437	Anaerobic dimethyl sulfoxide reductase chain B
CHQ_3_00644	gene	864	dmsC_1			
CHQ_3_00644	CDS	864	dmsC_1		COG3302	Anaerobic dimethyl sulfoxide reductase chain C
CHQ_3_00645	gene	1149	ycaD_1			
CHQ_3_00645	CDS	1149	ycaD_1			putative MFS-type transporter YcaD
CHQ_3_00646	gene	741	pflA			
CHQ_3_00646	CDS	741	pflA	1.97.1.4	COG1180	Pyruvate formate-lyase 1-activating enzyme
CHQ_3_00647	gene	2283	pflB			
CHQ_3_00647	CDS	2283	pflB	2.3.1.54	COG1882	Formate acetyltransferase 1
CHQ_3_00648	gene	858	focA			
CHQ_3_00648	CDS	858	focA		COG2116	putative formate transporter 1
CHQ_3_00649	gene	1761	ycaO			
CHQ_3_00649	CDS	1761	ycaO		COG1944	Ribosomal protein S12 methylthiotransferase accessory factor YcaO
CHQ_3_00650	gene	693				
CHQ_3_00650	CDS	693				hypothetical protein
CHQ_3_00651	gene	1089	serC			
CHQ_3_00651	CDS	1089	serC	2.6.1.52	COG1932	Phosphoserine aminotransferase
CHQ_3_00652	gene	1284	aroA_1			
CHQ_3_00652	CDS	1284	aroA_1	2.5.1.19	COG0128	3-phosphoshikimate 1-carboxyvinyltransferase
CHQ_3_00653	gene	684	cmk			
CHQ_3_00653	CDS	684	cmk	2.7.4.25	COG0283	Cytidylate kinase
CHQ_3_00654	gene	1674	rpsA			
CHQ_3_00654	CDS	1674	rpsA		COG0539	30S ribosomal protein S1
CHQ_3_00655	gene	288	ihfB			
CHQ_3_00655	CDS	288	ihfB		COG0776	Integration host factor subunit beta
CHQ_3_00656	gene	2265				
CHQ_3_00656	CDS	2265				hypothetical protein
CHQ_3_00657	gene	1749	msbA_2			
CHQ_3_00657	CDS	1749	msbA_2	7.5.2.6	COG1132	Lipid A export ATP-binding/permease protein MsbA
CHQ_3_00658	gene	981	lpxK			
CHQ_3_00658	CDS	981	lpxK	2.7.1.130	COG1663	Tetraacyldisaccharide 4'-kinase
CHQ_3_00659	gene	1230				
CHQ_3_00659	CDS	1230				hypothetical protein
CHQ_3_00660	gene	183				
CHQ_3_00660	CDS	183				hypothetical protein
CHQ_3_00661	gene	747	kdsB			
CHQ_3_00661	CDS	747	kdsB	2.7.7.38	COG1212	3-deoxy-manno-octulosonate cytidylyltransferase
CHQ_3_00662	gene	894				
CHQ_3_00662	CDS	894				hypothetical protein
CHQ_3_00663	gene	780				
CHQ_3_00663	CDS	780				hypothetical protein
CHQ_3_00664	gene	801	cmoM			
CHQ_3_00664	CDS	801	cmoM	2.1.1.-	COG0500	tRNA 5-carboxymethoxyuridine methyltransferase
CHQ_3_00665	gene	1323	mukF			
CHQ_3_00665	CDS	1323	mukF		COG3006	Chromosome partition protein MukF
CHQ_3_00666	gene	705	mukE			
CHQ_3_00666	CDS	705	mukE		COG3095	Chromosome partition protein MukE
CHQ_3_00667	gene	4449	mukB			
CHQ_3_00667	CDS	4449	mukB		COG3096	Chromosome partition protein MukB
CHQ_3_00668	gene	1791	ycbB			
CHQ_3_00668	CDS	1791	ycbB	2.-.-.-	COG2989	putative L,D-transpeptidase YcbB
CHQ_3_00669	gene	216				
CHQ_3_00669	CDS	216				hypothetical protein
CHQ_3_00670	gene	552				
CHQ_3_00670	CDS	552				hypothetical protein
CHQ_3_00671	gene	648	gloC			
CHQ_3_00671	CDS	648	gloC	3.1.2.6	COG0491	Hydroxyacylglutathione hydrolase GloC
CHQ_3_00672	gene	1191	aspC			
CHQ_3_00672	CDS	1191	aspC	2.6.1.1	COG1448	Aspartate aminotransferase
CHQ_3_00673	gene	1083	yedS			
CHQ_3_00673	CDS	1083	yedS		COG3203	Outer membrane protein YedS
CHQ_3_00674	gene	1401	asnS			
CHQ_3_00674	CDS	1401	asnS	6.1.1.22	COG0017	Asparagine--tRNA ligase
CHQ_3_00675	gene	1203	pncB			
CHQ_3_00675	CDS	1203	pncB	6.3.4.21	COG1488	Nicotinate phosphoribosyltransferase
CHQ_3_00676	gene	2616	pepN			
CHQ_3_00676	CDS	2616	pepN	3.4.11.2	COG0308	Aminopeptidase N
CHQ_3_00677	gene	774	ssuB_1			
CHQ_3_00677	CDS	774	ssuB_1	3.6.3.-	COG1116	Aliphatic sulfonates import ATP-binding protein SsuB
CHQ_3_00678	gene	792	ssuC_1			
CHQ_3_00678	CDS	792	ssuC_1		COG0600	Putative aliphatic sulfonates transport permease protein SsuC
CHQ_3_00679	gene	1146	ssuD			
CHQ_3_00679	CDS	1146	ssuD	1.14.14.5	COG2141	Alkanesulfonate monooxygenase
CHQ_3_00680	gene	963	ssuA_2			
CHQ_3_00680	CDS	963	ssuA_2			Putative aliphatic sulfonates-binding protein
CHQ_3_00681	gene	576	ssuE			
CHQ_3_00681	CDS	576	ssuE	1.5.1.38	COG0431	FMN reductase (NADPH)
CHQ_3_00682	gene	1011	pyrD			
CHQ_3_00682	CDS	1011	pyrD	1.3.5.2	COG0167	Dihydroorotate dehydrogenase (quinone)
CHQ_3_00683	gene	543	zapC			
CHQ_3_00683	CDS	543	zapC			Cell division protein ZapC
CHQ_3_00684	gene	1110	ycbX			
CHQ_3_00684	CDS	1110	ycbX		COG0633	putative protein YcbX
CHQ_3_00685	gene	2106	rlmL			
CHQ_3_00685	CDS	2106	rlmL		COG0116	Ribosomal RNA large subunit methyltransferase K/L
CHQ_3_00686	gene	1908	uup			
CHQ_3_00686	CDS	1908	uup		COG0488	ABC transporter ATP-binding protein uup
CHQ_3_00687	gene	1269	pqiA			
CHQ_3_00687	CDS	1269	pqiA		COG2995	Intermembrane transport protein PqiA
CHQ_3_00688	gene	1638	pqiB			
CHQ_3_00688	CDS	1638	pqiB		COG3008	Intermembrane transport protein PqiB
CHQ_3_00689	gene	564	pqiC			
CHQ_3_00689	CDS	564	pqiC		COG3009	Intermembrane transport lipoprotein PqiC
CHQ_3_00690	gene	519	fabA			
CHQ_3_00690	CDS	519	fabA	4.2.1.59	COG0764	3-hydroxydecanoyl-[acyl-carrier-protein] dehydratase
CHQ_3_00691	gene	1758	lon_1			
CHQ_3_00691	CDS	1758	lon_1	3.4.21.53		Lon protease
CHQ_3_00692	gene	453	matP			
CHQ_3_00692	CDS	453	matP		COG3120	Macrodomain Ter protein
CHQ_3_00693	gene	1071	ompA			
CHQ_3_00693	CDS	1071	ompA		COG2885	Outer membrane protein A
CHQ_3_00694	gene	510	sulA			
CHQ_3_00694	CDS	510	sulA		COG5404	Cell division inhibitor SulA
CHQ_3_00695	gene	597	sxy			
CHQ_3_00695	CDS	597	sxy		COG3070	Protein Sxy
CHQ_3_00696	gene	2136	yccS			
CHQ_3_00696	CDS	2136	yccS		COG1289	Inner membrane protein YccS
CHQ_3_00697	gene	447	yccF			
CHQ_3_00697	CDS	447	yccF		COG3304	Inner membrane protein YccF
CHQ_3_00698	gene	2055	helD			
CHQ_3_00698	CDS	2055	helD	3.6.4.12	COG0210	DNA helicase IV
CHQ_3_00699	gene	474	mgsA			
CHQ_3_00699	CDS	474	mgsA	4.2.3.3	COG1803	Methylglyoxal synthase
CHQ_3_00700	gene	414	yccU			
CHQ_3_00700	CDS	414	yccU		COG1832	putative protein YccU
CHQ_3_00701	gene	318	hspQ			
CHQ_3_00701	CDS	318	hspQ		COG3785	Heat shock protein HspQ
CHQ_3_00702	gene	1203	rlmI			
CHQ_3_00702	CDS	1203	rlmI	2.1.1.191	COG1092	Ribosomal RNA large subunit methyltransferase I
CHQ_3_00703	gene	555				
CHQ_3_00703	CDS	555				hypothetical protein
CHQ_3_00704	gene	789	appY			
CHQ_3_00704	CDS	789	appY		COG2207	HTH-type transcriptional regulator AppY
CHQ_3_00705	gene	282	yccX			
CHQ_3_00705	CDS	282	yccX	3.6.1.7	COG1254	Acylphosphatase
CHQ_3_00706	gene	330	tusE			
CHQ_3_00706	CDS	330	tusE	2.8.1.-	COG2920	Sulfurtransferase TusE
CHQ_3_00707	gene	660	yccA			
CHQ_3_00707	CDS	660	yccA		COG0670	Modulator of FtsH protease YccA
CHQ_3_00708	gene	1653	oppA_1			
CHQ_3_00708	CDS	1653	oppA_1		COG4166	Periplasmic oligopeptide-binding protein
CHQ_3_00709	gene	88				
CHQ_3_00709	tRNA	88				tRNA-Ser(tga)
CHQ_3_00710	gene	2427	malP_3			
CHQ_3_00710	CDS	2427	malP_3	2.4.1.1	COG0058	Maltodextrin phosphorylase
CHQ_3_00711	gene	342				
CHQ_3_00711	CDS	342			COG1366	Putative anti-sigma factor antagonist
CHQ_3_00712	gene	1536	pdeG			
CHQ_3_00712	CDS	1536	pdeG	3.1.4.52		putative cyclic di-GMP phosphodiesterase PdeG
CHQ_3_00713	gene	1017	fbpA			
CHQ_3_00713	CDS	1017	fbpA			Fe(3+)-binding periplasmic protein
CHQ_3_00714	gene	1575				
CHQ_3_00714	CDS	1575				hypothetical protein
CHQ_3_00715	gene	1029	fbpC			
CHQ_3_00715	CDS	1029	fbpC	7.2.2.7		Fe(3+) ions import ATP-binding protein FbpC
CHQ_3_00716	gene	900				
CHQ_3_00716	CDS	900				hypothetical protein
CHQ_3_00717	gene	834	rhaR_2			
CHQ_3_00717	CDS	834	rhaR_2			HTH-type transcriptional activator RhaR
CHQ_3_00718	gene	768				
CHQ_3_00718	CDS	768				hypothetical protein
CHQ_3_00719	gene	342	frwD			
CHQ_3_00719	CDS	342	frwD	2.7.1.202	COG1445	PTS system fructose-like EIIB component 3
CHQ_3_00720	gene	876	cutD_1			
CHQ_3_00720	CDS	876	cutD_1	1.97.1.-	COG1180	Choline trimethylamine-lyase activating enzyme
CHQ_3_00721	gene	2298	cutC_1			
CHQ_3_00721	CDS	2298	cutC_1	4.3.99.4	COG1882	Choline trimethylamine-lyase
CHQ_3_00722	gene	321	fruA_1			
CHQ_3_00722	CDS	321	fruA_1		COG1299	PTS system fructose-specific EIIB'BC component
CHQ_3_00723	gene	1077	manP			
CHQ_3_00723	CDS	1077	manP		COG1299	PTS system mannose-specific EIIBCA component
CHQ_3_00724	gene	2502	fryA			
CHQ_3_00724	CDS	2502	fryA		COG1080	Multiphosphoryl transfer protein 1
CHQ_3_00725	gene	966	yeaX_1			
CHQ_3_00725	CDS	966	yeaX_1	1.14.13.239	COG1018	Carnitine monooxygenase reductase subunit
CHQ_3_00726	gene	1449	gabD_1			
CHQ_3_00726	CDS	1449	gabD_1	1.2.1.79	COG1012	Succinate-semialdehyde dehydrogenase [NADP(+)] GabD
CHQ_3_00727	gene	1125	yeaW			
CHQ_3_00727	CDS	1125	yeaW	1.14.13.239	COG4638	Carnitine monooxygenase oxygenase subunit
CHQ_3_00728	gene	1608	caiT			
CHQ_3_00728	CDS	1608	caiT		COG1292	L-carnitine/gamma-butyrobetaine antiporter
CHQ_3_00729	gene	1086	dmlA			
CHQ_3_00729	CDS	1086	dmlA	1.1.1.83	COG0473	D-malate dehydrogenase [decarboxylating]
CHQ_3_00730	gene	942	dmlR_2			
CHQ_3_00730	CDS	942	dmlR_2			HTH-type transcriptional regulator DmlR
CHQ_3_00731	gene	1281	puuB_1			
CHQ_3_00731	CDS	1281	puuB_1	1.4.3.-		Gamma-glutamylputrescine oxidoreductase
CHQ_3_00732	gene	1488	puuC			
CHQ_3_00732	CDS	1488	puuC	1.2.1.5	COG1012	NADP/NAD-dependent aldehyde dehydrogenase PuuC
CHQ_3_00733	gene	558	puuR			
CHQ_3_00733	CDS	558	puuR			HTH-type transcriptional regulator PuuR
CHQ_3_00734	gene	765	puuD			
CHQ_3_00734	CDS	765	puuD	3.5.1.94	COG2071	Gamma-glutamyl-gamma-aminobutyrate hydrolase PuuD
CHQ_3_00735	gene	1422	puuA			
CHQ_3_00735	CDS	1422	puuA	6.3.1.11	COG0174	Gamma-glutamylputrescine synthetase PuuA
CHQ_3_00736	gene	1392	puuP			
CHQ_3_00736	CDS	1392	puuP		COG0531	Putrescine importer PuuP
CHQ_3_00737	gene	123				
CHQ_3_00737	CDS	123				hypothetical protein
CHQ_3_00738	gene	222				
CHQ_3_00738	CDS	222				hypothetical protein
CHQ_3_00739	gene	789				
CHQ_3_00739	CDS	789				hypothetical protein
CHQ_3_00740	gene	450				
CHQ_3_00740	CDS	450			COG1733	putative HTH-type transcriptional regulator
CHQ_3_00741	gene	1248	agp_1			
CHQ_3_00741	CDS	1248	agp_1	3.1.3.10		Glucose-1-phosphatase
CHQ_3_00742	gene	1008	xerC_2			
CHQ_3_00742	CDS	1008	xerC_2			Tyrosine recombinase XerC
CHQ_3_00743	gene	303				
CHQ_3_00743	CDS	303				hypothetical protein
CHQ_3_00744	gene	333				
CHQ_3_00744	CDS	333				hypothetical protein
CHQ_3_00745	gene	264				
CHQ_3_00745	CDS	264				hypothetical protein
CHQ_3_00746	gene	240				
CHQ_3_00746	CDS	240				hypothetical protein
CHQ_3_00747	gene	279				
CHQ_3_00747	CDS	279				hypothetical protein
CHQ_3_00748	gene	246				
CHQ_3_00748	CDS	246				hypothetical protein
CHQ_3_00749	gene	582				
CHQ_3_00749	CDS	582				hypothetical protein
CHQ_3_00750	gene	969	dam_3			
CHQ_3_00750	CDS	969	dam_3	2.1.1.72	COG0338	DNA adenine methylase
CHQ_3_00751	gene	174				
CHQ_3_00751	CDS	174				hypothetical protein
CHQ_3_00752	gene	153				
CHQ_3_00752	CDS	153				hypothetical protein
CHQ_3_00753	gene	162				
CHQ_3_00753	CDS	162				hypothetical protein
CHQ_3_00754	gene	330				
CHQ_3_00754	CDS	330				hypothetical protein
CHQ_3_00755	gene	2649				
CHQ_3_00755	CDS	2649				hypothetical protein
CHQ_3_00756	gene	363				
CHQ_3_00756	CDS	363				hypothetical protein
CHQ_3_00757	gene	1053				
CHQ_3_00757	CDS	1053				hypothetical protein
CHQ_3_00758	gene	1722				
CHQ_3_00758	CDS	1722				hypothetical protein
CHQ_3_00759	gene	834				
CHQ_3_00759	CDS	834				hypothetical protein
CHQ_3_00760	gene	1050				
CHQ_3_00760	CDS	1050				hypothetical protein
CHQ_3_00761	gene	915				
CHQ_3_00761	CDS	915				hypothetical protein
CHQ_3_00762	gene	498				
CHQ_3_00762	CDS	498				hypothetical protein
CHQ_3_00763	gene	201				
CHQ_3_00763	CDS	201				hypothetical protein
CHQ_3_00764	gene	282				
CHQ_3_00764	CDS	282				hypothetical protein
CHQ_3_00765	gene	552				
CHQ_3_00765	CDS	552				hypothetical protein
CHQ_3_00766	gene	396				
CHQ_3_00766	CDS	396				hypothetical protein
CHQ_3_00767	gene	459				
CHQ_3_00767	CDS	459				hypothetical protein
CHQ_3_00768	gene	642				
CHQ_3_00768	CDS	642				hypothetical protein
CHQ_3_00769	gene	585				
CHQ_3_00769	CDS	585				hypothetical protein
CHQ_3_00770	gene	369				
CHQ_3_00770	CDS	369				hypothetical protein
CHQ_3_00771	gene	900				
CHQ_3_00771	CDS	900				hypothetical protein
CHQ_3_00772	gene	597				
CHQ_3_00772	CDS	597				hypothetical protein
CHQ_3_00773	gene	351				
CHQ_3_00773	CDS	351				hypothetical protein
CHQ_3_00774	gene	639				
CHQ_3_00774	CDS	639				hypothetical protein
CHQ_3_00775	gene	603	xerC_3			
CHQ_3_00775	CDS	603	xerC_3			Tyrosine recombinase XerC
CHQ_3_00776	gene	660				
CHQ_3_00776	CDS	660				hypothetical protein
CHQ_3_00777	gene	606	mtgA_1			
CHQ_3_00777	CDS	606	mtgA_1	2.4.1.129		Biosynthetic peptidoglycan transglycosylase
CHQ_3_00778	gene	843				
CHQ_3_00778	CDS	843				hypothetical protein
CHQ_3_00779	gene	447	ccmH			
CHQ_3_00779	CDS	447	ccmH		COG3088	Cytochrome c-type biogenesis protein CcmH
CHQ_3_00780	gene	555	dsbE			
CHQ_3_00780	CDS	555	dsbE		COG0526	Thiol:disulfide interchange protein DsbE
CHQ_3_00781	gene	1953	ccmF			
CHQ_3_00781	CDS	1953	ccmF		COG1138	Cytochrome c-type biogenesis protein CcmF
CHQ_3_00782	gene	459	ccmE			
CHQ_3_00782	CDS	459	ccmE		COG2332	Cytochrome c-type biogenesis protein CcmE
CHQ_3_00783	gene	231				
CHQ_3_00783	CDS	231				hypothetical protein
CHQ_3_00784	gene	738	ccmC			
CHQ_3_00784	CDS	738	ccmC		COG0755	Heme exporter protein C
CHQ_3_00785	gene	660	ccmB			
CHQ_3_00785	CDS	660	ccmB		COG2386	Heme exporter protein B
CHQ_3_00786	gene	624	ccmA			
CHQ_3_00786	CDS	624	ccmA	7.6.2.5	COG4133	Cytochrome c biogenesis ATP-binding export protein CcmA
CHQ_3_00787	gene	1338				
CHQ_3_00787	CDS	1338		1.1.99.3		Gluconate 2-dehydrogenase cytochrome c subunit
CHQ_3_00788	gene	1785				
CHQ_3_00788	CDS	1785		1.1.99.3		Gluconate 2-dehydrogenase flavoprotein
CHQ_3_00789	gene	756				
CHQ_3_00789	CDS	756		1.1.99.3		Gluconate 2-dehydrogenase subunit 3
CHQ_3_00790	gene	372				
CHQ_3_00790	CDS	372				hypothetical protein
CHQ_3_00791	gene	1071	potA_2			
CHQ_3_00791	CDS	1071	potA_2	7.6.2.11	COG3842	Spermidine/putrescine import ATP-binding protein PotA
CHQ_3_00792	gene	1770				
CHQ_3_00792	CDS	1770				hypothetical protein
CHQ_3_00793	gene	1089				
CHQ_3_00793	CDS	1089				hypothetical protein
CHQ_3_00794	gene	1080	hcxB			
CHQ_3_00794	CDS	1080	hcxB	1.1.1.-	COG2055	Hydroxycarboxylate dehydrogenase B
CHQ_3_00795	gene	2151	fdhF_1			
CHQ_3_00795	CDS	2151	fdhF_1	1.17.1.9	COG0243	Formate dehydrogenase H
CHQ_3_00796	gene	1158	hipO_1			
CHQ_3_00796	CDS	1158	hipO_1	3.5.1.32	COG1473	Hippurate hydrolase
CHQ_3_00797	gene	1200	ycaD_2			
CHQ_3_00797	CDS	1200	ycaD_2			putative MFS-type transporter YcaD
CHQ_3_00798	gene	435				
CHQ_3_00798	CDS	435				hypothetical protein
CHQ_3_00799	gene	1233	mdtM_1			
CHQ_3_00799	CDS	1233	mdtM_1			Multidrug resistance protein MdtM
CHQ_3_00800	gene	393				
CHQ_3_00800	CDS	393				hypothetical protein
CHQ_3_00801	gene	615				
CHQ_3_00801	CDS	615				hypothetical protein
CHQ_3_00802	gene	723	glnQ_1			
CHQ_3_00802	CDS	723	glnQ_1			Glutamine transport ATP-binding protein GlnQ
CHQ_3_00803	gene	765	artQ_2			
CHQ_3_00803	CDS	765	artQ_2		COG0765	Arginine transport system permease protein ArtQ
CHQ_3_00804	gene	768	glnH_1			
CHQ_3_00804	CDS	768	glnH_1		COG0834	Glutamine-binding periplasmic protein
CHQ_3_00805	gene	903				
CHQ_3_00805	CDS	903				hypothetical protein
CHQ_3_00806	gene	954				
CHQ_3_00806	CDS	954				hypothetical protein
CHQ_3_00807	gene	1053	feuC_1			
CHQ_3_00807	CDS	1053	feuC_1		COG0609	Iron-uptake system permease protein FeuC
CHQ_3_00808	gene	1026	yfiZ			
CHQ_3_00808	CDS	1026	yfiZ		COG0609	putative siderophore transport system permease protein YfiZ
CHQ_3_00809	gene	822	yusV			
CHQ_3_00809	CDS	822	yusV		COG1120	putative siderophore transport system ATP-binding protein YusV
CHQ_3_00810	gene	2154	cntO_1			
CHQ_3_00810	CDS	2154	cntO_1			Metal-pseudopaline receptor CntO
CHQ_3_00811	gene	789	ssuB_2			
CHQ_3_00811	CDS	789	ssuB_2	3.6.3.-	COG1116	Aliphatic sulfonates import ATP-binding protein SsuB
CHQ_3_00812	gene	996				
CHQ_3_00812	CDS	996				hypothetical protein
CHQ_3_00813	gene	1038				
CHQ_3_00813	CDS	1038				hypothetical protein
CHQ_3_00814	gene	975	ssuA_3			
CHQ_3_00814	CDS	975	ssuA_3			Putative aliphatic sulfonates-binding protein
CHQ_3_00815	gene	1152	ydbM			
CHQ_3_00815	CDS	1152	ydbM	1.3.99.-		Putative acyl-CoA dehydrogenase YdbM
CHQ_3_00816	gene	1086	msuD_2			
CHQ_3_00816	CDS	1086	msuD_2	1.14.14.5	COG2141	Methanesulfonate monooxygenase
CHQ_3_00817	gene	894	cysL			
CHQ_3_00817	CDS	894	cysL		COG0583	HTH-type transcriptional regulator CysL
CHQ_3_00818	gene	603				
CHQ_3_00818	CDS	603		1.13.11.-	COG5553	3-mercaptopropionate dioxygenase
CHQ_3_00819	gene	1581	glpE_2			
CHQ_3_00819	CDS	1581	glpE_2	2.8.1.1		Thiosulfate sulfurtransferase GlpE
CHQ_3_00820	gene	828				
CHQ_3_00820	CDS	828				hypothetical protein
CHQ_3_00821	gene	1197	mhpT			
CHQ_3_00821	CDS	1197	mhpT			3-(3-hydroxy-phenyl)propionate transporter
CHQ_3_00822	gene	1017	mhpE			
CHQ_3_00822	CDS	1017	mhpE	4.1.3.39	COG0119	4-hydroxy-2-oxovalerate aldolase
CHQ_3_00823	gene	951	mhpF			
CHQ_3_00823	CDS	951	mhpF	1.2.1.10	COG4569	Acetaldehyde dehydrogenase
CHQ_3_00824	gene	807	mhpD			
CHQ_3_00824	CDS	807	mhpD	4.2.1.80	COG3971	2-keto-4-pentenoate hydratase
CHQ_3_00825	gene	867	mhpC			
CHQ_3_00825	CDS	867	mhpC	3.7.1.14	COG0596	2-hydroxy-6-oxononadienedioate/2-hydroxy-6-oxononatrienedioate hydrolase
CHQ_3_00826	gene	945	mhpB			
CHQ_3_00826	CDS	945	mhpB	1.13.11.16		2,3-dihydroxyphenylpropionate/2,3-dihydroxicinnamic acid 1,2-dioxygenase
CHQ_3_00827	gene	1665	mhpA			
CHQ_3_00827	CDS	1665	mhpA	1.14.13.127	COG0654	3-(3-hydroxy-phenyl)propionate/3-hydroxycinnamic acid hydroxylase
CHQ_3_00828	gene	813	xynR			
CHQ_3_00828	CDS	813	xynR		COG1414	HTH-type transcriptional regulator XynR
CHQ_3_00829	gene	1059				
CHQ_3_00829	CDS	1059			COG0614	putative protein
CHQ_3_00830	gene	1008				
CHQ_3_00830	CDS	1008			COG0609	putative ABC transporter permease protein
CHQ_3_00831	gene	750				
CHQ_3_00831	CDS	750			COG1120	putative ABC transporter ATP-binding protein
CHQ_3_00832	gene	741				
CHQ_3_00832	CDS	741				hypothetical protein
CHQ_3_00833	gene	837	ydiB_1			
CHQ_3_00833	CDS	837	ydiB_1	1.1.1.282	COG0169	Quinate/shikimate dehydrogenase
CHQ_3_00834	gene	1323	dgoT			
CHQ_3_00834	CDS	1323	dgoT			D-galactonate transporter
CHQ_3_00835	gene	1854				
CHQ_3_00835	CDS	1854				hypothetical protein
CHQ_3_00836	gene	639	nicS			
CHQ_3_00836	CDS	639	nicS			HTH-type transcriptional repressor NicS
CHQ_3_00837	gene	213	fumD			
CHQ_3_00837	CDS	213	fumD	4.2.1.2		Fumarase D
CHQ_3_00838	gene	1413	pykF			
CHQ_3_00838	CDS	1413	pykF	2.7.1.40	COG0469	Pyruvate kinase I
CHQ_3_00839	gene	237	lpp1			
CHQ_3_00839	CDS	237	lpp1			Major outer membrane lipoprotein Lpp 1
CHQ_3_00840	gene	987	ynhG			
CHQ_3_00840	CDS	987	ynhG	2.-.-.-	COG1376	putative L,D-transpeptidase YnhG
CHQ_3_00841	gene	417	sufE			
CHQ_3_00841	CDS	417	sufE		COG2166	Cysteine desulfuration protein SufE
CHQ_3_00842	gene	1221	sufS			
CHQ_3_00842	CDS	1221	sufS	2.8.1.7	COG0520	Cysteine desulfurase
CHQ_3_00843	gene	1275	sufD			
CHQ_3_00843	CDS	1275	sufD		COG0719	FeS cluster assembly protein SufD
CHQ_3_00844	gene	747	sufC			
CHQ_3_00844	CDS	747	sufC		COG0396	putative ATP-dependent transporter SufC
CHQ_3_00845	gene	1488	sufB			
CHQ_3_00845	CDS	1488	sufB		COG0719	FeS cluster assembly protein SufB
CHQ_3_00846	gene	378	sufA			
CHQ_3_00846	CDS	378	sufA		COG0316	Protein SufA
CHQ_3_00847	gene	198				
CHQ_3_00847	CDS	198				hypothetical protein
CHQ_3_00848	gene	1185	lldD_1			
CHQ_3_00848	CDS	1185	lldD_1	1.1.-.-	COG1304	L-lactate dehydrogenase
CHQ_3_00849	gene	3102	cnrA			
CHQ_3_00849	CDS	3102	cnrA			Nickel and cobalt resistance protein CnrA
CHQ_3_00850	gene	1110	mdtA_1			
CHQ_3_00850	CDS	1110	mdtA_1			Multidrug resistance protein MdtA
CHQ_3_00851	gene	615				
CHQ_3_00851	CDS	615				hypothetical protein
CHQ_3_00852	gene	996				
CHQ_3_00852	CDS	996				hypothetical protein
CHQ_3_00853	gene	912	hdfR_1			
CHQ_3_00853	CDS	912	hdfR_1			HTH-type transcriptional regulator HdfR
CHQ_3_00854	gene	999				
CHQ_3_00854	CDS	999				hypothetical protein
CHQ_3_00855	gene	1038	feuC_2			
CHQ_3_00855	CDS	1038	feuC_2		COG0609	Iron-uptake system permease protein FeuC
CHQ_3_00856	gene	762	fecE_1			
CHQ_3_00856	CDS	762	fecE_1		COG1120	Fe(3+) dicitrate transport ATP-binding protein FecE
CHQ_3_00857	gene	1233	mdtH_1			
CHQ_3_00857	CDS	1233	mdtH_1			Multidrug resistance protein MdtH
CHQ_3_00858	gene	1032	xecA1			
CHQ_3_00858	CDS	1032	xecA1	4.4.1.23		2-hydroxypropyl-CoM lyase
CHQ_3_00859	gene	978				
CHQ_3_00859	CDS	978				hypothetical protein
CHQ_3_00860	gene	321				
CHQ_3_00860	CDS	321				hypothetical protein
CHQ_3_00861	gene	249				
CHQ_3_00861	CDS	249				hypothetical protein
CHQ_3_00862	gene	411	menI			
CHQ_3_00862	CDS	411	menI	3.1.2.28	COG2050	1,4-dihydroxy-2-naphthoyl-CoA hydrolase
CHQ_3_00863	gene	3057				
CHQ_3_00863	CDS	3057			COG0247	putative protein
CHQ_3_00864	gene	1113	ydiK_1			
CHQ_3_00864	CDS	1113	ydiK_1		COG0628	Putative transport protein YdiK
CHQ_3_00865	gene	2379	ppsA			
CHQ_3_00865	CDS	2379	ppsA	2.7.9.2	COG0574	Phosphoenolpyruvate synthase
CHQ_3_00866	gene	834	ppsR			
CHQ_3_00866	CDS	834	ppsR	2.7.11.33	COG1806	Phosphoenolpyruvate synthase regulatory protein
CHQ_3_00867	gene	1047	aroH			
CHQ_3_00867	CDS	1047	aroH	2.5.1.54	COG0722	Phospho-2-dehydro-3-deoxyheptonate aldolase, Trp-sensitive
CHQ_3_00868	gene	180	ydiE			
CHQ_3_00868	CDS	180	ydiE		COG4256	putative protein YdiE
CHQ_3_00869	gene	1443	selO			
CHQ_3_00869	CDS	1443	selO	2.7.7.-	COG0397	Protein adenylyltransferase SelO
CHQ_3_00870	gene	465	mepS_1			
CHQ_3_00870	CDS	465	mepS_1	3.4.-.-	COG0791	Murein DD-endopeptidase MepS/Murein LD-carboxypeptidase
CHQ_3_00871	gene	750	btuD_1			
CHQ_3_00871	CDS	750	btuD_1	7.6.2.8	COG4138	Vitamin B12 import ATP-binding protein BtuD
CHQ_3_00872	gene	552	btuE			
CHQ_3_00872	CDS	552	btuE	1.11.1.15	COG0386	Thioredoxin/glutathione peroxidase BtuE
CHQ_3_00873	gene	801	metQ_1			
CHQ_3_00873	CDS	801	metQ_1		COG1464	D-methionine-binding lipoprotein MetQ
CHQ_3_00874	gene	978	btuC			
CHQ_3_00874	CDS	978	btuC		COG4139	Vitamin B12 import system permease protein BtuC
CHQ_3_00875	gene	1434				
CHQ_3_00875	CDS	1434				hypothetical protein
CHQ_3_00876	gene	915	hcaR_1			
CHQ_3_00876	CDS	915	hcaR_1			Hca operon transcriptional activator HcaR
CHQ_3_00877	gene	1254	dadA_1			
CHQ_3_00877	CDS	1254	dadA_1	1.4.99.-		D-amino acid dehydrogenase
CHQ_3_00878	gene	369	rutC_1			
CHQ_3_00878	CDS	369	rutC_1	1.-.-.-		Putative aminoacrylate peracid reductase RutC
CHQ_3_00879	gene	300	ihfA			
CHQ_3_00879	CDS	300	ihfA		COG0776	Integration host factor subunit alpha
CHQ_3_00880	gene	2388	pheT			
CHQ_3_00880	CDS	2388	pheT	6.1.1.20	COG0072	Phenylalanine--tRNA ligase beta subunit
CHQ_3_00881	gene	984	pheS			
CHQ_3_00881	CDS	984	pheS	6.1.1.20	COG0016	Phenylalanine--tRNA ligase alpha subunit
CHQ_3_00882	gene	357	rplT			
CHQ_3_00882	CDS	357	rplT		COG0292	50S ribosomal protein L20
CHQ_3_00883	gene	198	rpmI			
CHQ_3_00883	CDS	198	rpmI		COG0291	50S ribosomal protein L35
CHQ_3_00884	gene	435	infC			
CHQ_3_00884	CDS	435	infC		COG0290	Translation initiation factor IF-3
CHQ_3_00885	gene	1929	thrS			
CHQ_3_00885	CDS	1929	thrS	6.1.1.3	COG0441	Threonine--tRNA ligase
CHQ_3_00886	gene	234				
CHQ_3_00886	CDS	234				hypothetical protein
CHQ_3_00887	gene	759				
CHQ_3_00887	CDS	759				hypothetical protein
CHQ_3_00888	gene	933	pfkB			
CHQ_3_00888	CDS	933	pfkB	2.7.1.11	COG1105	ATP-dependent 6-phosphofructokinase isozyme 2
CHQ_3_00889	gene	285				
CHQ_3_00889	CDS	285				hypothetical protein
CHQ_3_00890	gene	873				
CHQ_3_00890	CDS	873		2.7.1.-		putative ketoamine kinase
CHQ_3_00891	gene	738	tonB			
CHQ_3_00891	CDS	738	tonB		COG0810	Protein TonB
CHQ_3_00892	gene	297	yciI			
CHQ_3_00892	CDS	297	yciI		COG2350	Protein YciI
CHQ_3_00893	gene	579	yceI			
CHQ_3_00893	CDS	579	yceI		COG2353	Protein YceI
CHQ_3_00894	gene	174				
CHQ_3_00894	CDS	174				hypothetical protein
CHQ_3_00895	gene	1461	clsA			
CHQ_3_00895	CDS	1461	clsA	2.7.8.-	COG1502	Cardiolipin synthase A
CHQ_3_00896	gene	330				
CHQ_3_00896	CDS	330				hypothetical protein
CHQ_3_00897	gene	834				
CHQ_3_00897	CDS	834				hypothetical protein
CHQ_3_00898	gene	1005	btuD_2			
CHQ_3_00898	CDS	1005	btuD_2	7.6.2.8		Vitamin B12 import ATP-binding protein BtuD
CHQ_3_00899	gene	1014	oppD_1			
CHQ_3_00899	CDS	1014	oppD_1		COG0444	Oligopeptide transport ATP-binding protein OppD
CHQ_3_00900	gene	909	oppC			
CHQ_3_00900	CDS	909	oppC		COG1173	Oligopeptide transport system permease protein OppC
CHQ_3_00901	gene	921	oppB			
CHQ_3_00901	CDS	921	oppB		COG0601	Oligopeptide transport system permease protein OppB
CHQ_3_00902	gene	1635	oppA_2			
CHQ_3_00902	CDS	1635	oppA_2		COG4166	Periplasmic oligopeptide-binding protein
CHQ_3_00903	gene	648				
CHQ_3_00903	CDS	648				hypothetical protein
CHQ_3_00904	gene	2676	adhE_3			
CHQ_3_00904	CDS	2676	adhE_3		COG1012	Aldehyde-alcohol dehydrogenase
CHQ_3_00905	gene	528	tdk			
CHQ_3_00905	CDS	528	tdk	2.7.1.21	COG1435	Thymidine kinase
CHQ_3_00906	gene	408	hns			
CHQ_3_00906	CDS	408	hns			DNA-binding protein H-NS
CHQ_3_00907	gene	903	galU			
CHQ_3_00907	CDS	903	galU	2.7.7.9	COG1210	UTP--glucose-1-phosphate uridylyltransferase
CHQ_3_00908	gene	1014	rssB_1			
CHQ_3_00908	CDS	1014	rssB_1		COG0784	Regulator of RpoS
CHQ_3_00909	gene	903				
CHQ_3_00909	CDS	903			COG1752	putative NTE family protein
CHQ_3_00910	gene	360				
CHQ_3_00910	CDS	360				hypothetical protein
CHQ_3_00911	gene	843	purU			
CHQ_3_00911	CDS	843	purU	3.5.1.10	COG0788	Formyltetrahydrofolate deformylase
CHQ_3_00912	gene	85				
CHQ_3_00912	tRNA	85				tRNA-Tyr(gta)
CHQ_3_00913	gene	85				
CHQ_3_00913	tRNA	85				tRNA-Tyr(gta)
CHQ_3_00914	gene	444	lrpC			
CHQ_3_00914	CDS	444	lrpC		COG1522	HTH-type transcriptional regulator LrpC
CHQ_3_00915	gene	897				
CHQ_3_00915	CDS	897				hypothetical protein
CHQ_3_00916	gene	678	narI			
CHQ_3_00916	CDS	678	narI	1.7.5.1	COG2181	Respiratory nitrate reductase 1 gamma chain
CHQ_3_00917	gene	711	narJ			
CHQ_3_00917	CDS	711	narJ		COG2180	Nitrate reductase molybdenum cofactor assembly chaperone NarJ
CHQ_3_00918	gene	1536	narH			
CHQ_3_00918	CDS	1536	narH	1.7.5.1	COG1140	Respiratory nitrate reductase 1 beta chain
CHQ_3_00919	gene	3750	narG			
CHQ_3_00919	CDS	3750	narG	1.7.5.1	COG5013	Respiratory nitrate reductase 1 alpha chain
CHQ_3_00920	gene	1389	narK			
CHQ_3_00920	CDS	1389	narK		COG2223	Nitrate/nitrite transporter NarK
CHQ_3_00921	gene	1779	narX			
CHQ_3_00921	CDS	1779	narX	2.7.13.3		Nitrate/nitrite sensor protein NarX
CHQ_3_00922	gene	651	narL			
CHQ_3_00922	CDS	651	narL		COG2197	Nitrate/nitrite response regulator protein NarL
CHQ_3_00923	gene	1383				
CHQ_3_00923	CDS	1383				Invasin
CHQ_3_00924	gene	2610	nasA			
CHQ_3_00924	CDS	2610	nasA	1.7.-.-		Nitrate reductase
CHQ_3_00925	gene	4068	norW_1			
CHQ_3_00925	CDS	4068	norW_1	1.18.1.-		Nitric oxide reductase FlRd-NAD(+) reductase
CHQ_3_00926	gene	789	nrtD			
CHQ_3_00926	CDS	789	nrtD	7.3.2.4	COG1116	Nitrate import ATP-binding protein NrtD
CHQ_3_00927	gene	885	cmpB			
CHQ_3_00927	CDS	885	cmpB			Bicarbonate transport system permease protein CmpB
CHQ_3_00928	gene	1257	nrtA			
CHQ_3_00928	CDS	1257	nrtA			Nitrate/nitrite binding protein NrtA
CHQ_3_00929	gene	1182	nasR			
CHQ_3_00929	CDS	1182	nasR			Nitrate regulatory protein
CHQ_3_00930	gene	354	ychN			
CHQ_3_00930	CDS	354	ychN		COG1553	Protein YchN
CHQ_3_00931	gene	243				
CHQ_3_00931	CDS	243				hypothetical protein
CHQ_3_00932	gene	681	chaC			
CHQ_3_00932	CDS	681	chaC	4.3.2.7	COG3703	Glutathione-specific gamma-glutamylcyclotransferase
CHQ_3_00933	gene	231	chaB			
CHQ_3_00933	CDS	231	chaB		COG4572	Putative cation transport regulator ChaB
CHQ_3_00934	gene	177				
CHQ_3_00934	CDS	177				hypothetical protein
CHQ_3_00935	gene	1101	chaA			
CHQ_3_00935	CDS	1101	chaA		COG0387	Sodium-potassium/proton antiporter ChaA
CHQ_3_00936	gene	855	kdsA			
CHQ_3_00936	CDS	855	kdsA	2.5.1.55	COG2877	2-dehydro-3-deoxyphosphooctonate aldolase
CHQ_3_00937	gene	813				
CHQ_3_00937	CDS	813				hypothetical protein
CHQ_3_00938	gene	393	ychQ			
CHQ_3_00938	CDS	393	ychQ		COG3094	Protein YchQ
CHQ_3_00939	gene	849	prmC			
CHQ_3_00939	CDS	849	prmC	2.1.1.297	COG2890	Release factor glutamine methyltransferase
CHQ_3_00940	gene	1083	prfA			
CHQ_3_00940	CDS	1083	prfA		COG0216	Peptide chain release factor RF1
CHQ_3_00941	gene	1257	hemA			
CHQ_3_00941	CDS	1257	hemA	1.2.1.70	COG0373	Glutamyl-tRNA reductase
CHQ_3_00942	gene	612	lolB			
CHQ_3_00942	CDS	612	lolB		COG3017	Outer-membrane lipoprotein LolB
CHQ_3_00943	gene	852	ispE			
CHQ_3_00943	CDS	852	ispE	2.7.1.148	COG1947	4-diphosphocytidyl-2-C-methyl-D-erythritol kinase
CHQ_3_00944	gene	948	prs			
CHQ_3_00944	CDS	948	prs	2.7.6.1	COG0462	Ribose-phosphate pyrophosphokinase
CHQ_3_00945	gene	1653	dauA_1			
CHQ_3_00945	CDS	1653	dauA_1		COG0659	C4-dicarboxylic acid transporter DauA
CHQ_3_00946	gene	1047				
CHQ_3_00946	CDS	1047				hypothetical protein
CHQ_3_00947	gene	276				
CHQ_3_00947	CDS	276				hypothetical protein
CHQ_3_00948	gene	585	pth			
CHQ_3_00948	CDS	585	pth	3.1.1.29	COG0193	Peptidyl-tRNA hydrolase
CHQ_3_00949	gene	1092	ychF			
CHQ_3_00949	CDS	1092	ychF		COG0012	Ribosome-binding ATPase YchF
CHQ_3_00950	gene	330				
CHQ_3_00950	CDS	330				hypothetical protein
CHQ_3_00951	gene	915	thpA_1			
CHQ_3_00951	CDS	915	thpA_1		COG1879	D-threitol-binding protein
CHQ_3_00952	gene	372				
CHQ_3_00952	CDS	372				hypothetical protein
CHQ_3_00953	gene	330				
CHQ_3_00953	CDS	330				hypothetical protein
CHQ_3_00954	gene	540				
CHQ_3_00954	CDS	540				hypothetical protein
CHQ_3_00955	gene	768	rluA_1			
CHQ_3_00955	CDS	768	rluA_1	5.4.99.28	COG0564	Dual-specificity RNA pseudouridine synthase RluA
CHQ_3_00956	gene	483				
CHQ_3_00956	CDS	483				hypothetical protein
CHQ_3_00957	gene	900	oxyR_2			
CHQ_3_00957	CDS	900	oxyR_2			Hydrogen peroxide-inducible genes activator
CHQ_3_00958	gene	807	ais			
CHQ_3_00958	CDS	807	ais	5.3.3.7		Aconitate isomerase
CHQ_3_00959	gene	1296	proP_1			
CHQ_3_00959	CDS	1296	proP_1			Proline/betaine transporter
CHQ_3_00960	gene	936	pcpR			
CHQ_3_00960	CDS	936	pcpR			PCP degradation transcriptional activation protein
CHQ_3_00961	gene	477				
CHQ_3_00961	CDS	477				hypothetical protein
CHQ_3_00962	gene	1644	pckA_2			
CHQ_3_00962	CDS	1644	pckA_2	4.1.1.49	COG1866	Phosphoenolpyruvate carboxykinase (ATP)
CHQ_3_00963	gene	894	yjiE_1			
CHQ_3_00963	CDS	894	yjiE_1			HTH-type transcriptional regulator YjiE
CHQ_3_00964	gene	720	livF_2			
CHQ_3_00964	CDS	720	livF_2		COG0410	High-affinity branched-chain amino acid transport ATP-binding protein LivF
CHQ_3_00965	gene	876	glnQ_2			
CHQ_3_00965	CDS	876	glnQ_2	3.6.3.-	COG1126	Glutamine transport ATP-binding protein GlnQ
CHQ_3_00966	gene	1287				
CHQ_3_00966	CDS	1287				hypothetical protein
CHQ_3_00967	gene	915	livH_2			
CHQ_3_00967	CDS	915	livH_2		COG0559	High-affinity branched-chain amino acid transport system permease protein LivH
CHQ_3_00968	gene	1065	livJ_2			
CHQ_3_00968	CDS	1065	livJ_2		COG0683	Leu/Ile/Val/Thr-binding protein
CHQ_3_00969	gene	2295	tdcE			
CHQ_3_00969	CDS	2295	tdcE	2.3.1.-	COG1882	PFL-like enzyme TdcE
CHQ_3_00970	gene	1209	tdcD			
CHQ_3_00970	CDS	1209	tdcD	2.7.2.15	COG0282	Propionate kinase
CHQ_3_00971	gene	1332	tdcC			
CHQ_3_00971	CDS	1332	tdcC		COG0814	Threonine/serine transporter TdcC
CHQ_3_00972	gene	990	tdcB			
CHQ_3_00972	CDS	990	tdcB	4.3.1.19	COG1171	L-threonine dehydratase catabolic TdcB
CHQ_3_00973	gene	939	tsaR_1			
CHQ_3_00973	CDS	939	tsaR_1			HTH-type transcriptional regulator TsaR
CHQ_3_00974	gene	1089	osmV			
CHQ_3_00974	CDS	1089	osmV	3.6.3.-	COG1125	Osmoprotectant import ATP-binding protein OsmV
CHQ_3_00975	gene	630	opuBB			
CHQ_3_00975	CDS	630	opuBB		COG1174	Choline transport system permease protein OpuBB
CHQ_3_00976	gene	669	opuCB			
CHQ_3_00976	CDS	669	opuCB		COG1174	Glycine betaine/carnitine/choline transport system permease protein OpuCB
CHQ_3_00977	gene	900	opuBC			
CHQ_3_00977	CDS	900	opuBC		COG1732	Choline-binding protein
CHQ_3_00978	gene	1359	ntaA			
CHQ_3_00978	CDS	1359	ntaA	1.14.14.10		Nitrilotriacetate monooxygenase component A
CHQ_3_00979	gene	801				
CHQ_3_00979	CDS	801				hypothetical protein
CHQ_3_00980	gene	1014				
CHQ_3_00980	CDS	1014				hypothetical protein
CHQ_3_00981	gene	1209	mlc_1			
CHQ_3_00981	CDS	1209	mlc_1		COG1940	Protein mlc
CHQ_3_00982	gene	1245				
CHQ_3_00982	CDS	1245			COG1653	putative ABC transporter-binding protein
CHQ_3_00983	gene	909	sugA			
CHQ_3_00983	CDS	909	sugA		COG1175	Trehalose transport system permease protein SugA
CHQ_3_00984	gene	843	sugB			
CHQ_3_00984	CDS	843	sugB		COG0395	Trehalose transport system permease protein SugB
CHQ_3_00985	gene	963	ydjH_1			
CHQ_3_00985	CDS	963	ydjH_1	2.7.1.-	COG0524	putative sugar kinase YdjH
CHQ_3_00986	gene	1086	ugpC_2			
CHQ_3_00986	CDS	1086	ugpC_2	7.6.2.10	COG3839	sn-glycerol-3-phosphate import ATP-binding protein UgpC
CHQ_3_00987	gene	747				
CHQ_3_00987	CDS	747				hypothetical protein
CHQ_3_00988	gene	816				
CHQ_3_00988	CDS	816			COG1305	putative protein
CHQ_3_00989	gene	930				
CHQ_3_00989	CDS	930			COG2307	putative protein
CHQ_3_00990	gene	1440				
CHQ_3_00990	CDS	1440			COG2308	putative protein
CHQ_3_00991	gene	1392				
CHQ_3_00991	CDS	1392				hypothetical protein
CHQ_3_00992	gene	1359	yicJ_1			
CHQ_3_00992	CDS	1359	yicJ_1		COG2211	Inner membrane symporter YicJ
CHQ_3_00993	gene	1743	treA			
CHQ_3_00993	CDS	1743	treA	3.2.1.28	COG1626	Periplasmic trehalase
CHQ_3_00994	gene	2121	fhuA_1			
CHQ_3_00994	CDS	2121	fhuA_1		COG1629	Ferrichrome outer membrane transporter/phage receptor
CHQ_3_00995	gene	852				
CHQ_3_00995	CDS	852				hypothetical protein
CHQ_3_00996	gene	825				
CHQ_3_00996	CDS	825				hypothetical protein
CHQ_3_00997	gene	612	emtA			
CHQ_3_00997	CDS	612	emtA	4.2.2.-	COG0741	Endo-type membrane-bound lytic murein transglycosylase A
CHQ_3_00998	gene	915	ldcA			
CHQ_3_00998	CDS	915	ldcA	3.4.17.13	COG1619	Murein tetrapeptide carboxypeptidase
CHQ_3_00999	gene	1734	cvrA			
CHQ_3_00999	CDS	1734	cvrA		COG3263	K(+)/H(+) antiporter NhaP2
CHQ_3_01000	gene	1071	dadX			
CHQ_3_01000	CDS	1071	dadX	5.1.1.1	COG0787	Alanine racemase, catabolic
CHQ_3_01001	gene	1299	dadA_2			
CHQ_3_01001	CDS	1299	dadA_2	1.4.99.-		D-amino acid dehydrogenase
CHQ_3_01002	gene	1533				
CHQ_3_01002	CDS	1533				hypothetical protein
CHQ_3_01003	gene	720	fadR			
CHQ_3_01003	CDS	720	fadR		COG2186	Fatty acid metabolism regulator protein
CHQ_3_01004	gene	1551	nhaB			
CHQ_3_01004	CDS	1551	nhaB		COG3067	Na(+)/H(+) antiporter NhaB
CHQ_3_01005	gene	531	dsbB			
CHQ_3_01005	CDS	531	dsbB		COG1495	Disulfide bond formation protein B
CHQ_3_01006	gene	345	yeaR_1			
CHQ_3_01006	CDS	345	yeaR_1		COG3615	putative protein YeaR
CHQ_3_01007	gene	447				
CHQ_3_01007	CDS	447				hypothetical protein
CHQ_3_01008	gene	660	ycgM			
CHQ_3_01008	CDS	660	ycgM		COG0179	putative protein YcgM
CHQ_3_01009	gene	282	ycgL			
CHQ_3_01009	CDS	282	ycgL		COG3100	Protein YcgL
CHQ_3_01010	gene	699	minC			
CHQ_3_01010	CDS	699	minC		COG0850	Septum site-determining protein MinC
CHQ_3_01011	gene	813	minD			
CHQ_3_01011	CDS	813	minD		COG2894	Septum site-determining protein MinD
CHQ_3_01012	gene	270	minE			
CHQ_3_01012	CDS	270	minE		COG0851	Cell division topological specificity factor
CHQ_3_01013	gene	1116	rnd			
CHQ_3_01013	CDS	1116	rnd	3.1.13.5	COG0349	Ribonuclease D
CHQ_3_01014	gene	1719	fadD			
CHQ_3_01014	CDS	1719	fadD	6.2.1.3	COG0318	Long-chain-fatty-acid--CoA ligase
CHQ_3_01015	gene	582	slp			
CHQ_3_01015	CDS	582	slp		COG3065	Outer membrane protein Slp
CHQ_3_01016	gene	696	tsaB			
CHQ_3_01016	CDS	696	tsaB		COG1214	tRNA threonylcarbamoyladenosine biosynthesis protein TsaB
CHQ_3_01017	gene	1911	yoaA			
CHQ_3_01017	CDS	1911	yoaA	3.6.4.12	COG1199	putative ATP-dependent DNA helicase YoaA
CHQ_3_01018	gene	345	yabJ			
CHQ_3_01018	CDS	345	yabJ	3.5.99.10	COG0251	2-iminobutanoate/2-iminopropanoate deaminase
CHQ_3_01019	gene	186				
CHQ_3_01019	CDS	186				hypothetical protein
CHQ_3_01020	gene	1356	pabB			
CHQ_3_01020	CDS	1356	pabB	2.6.1.85	COG0147	Aminodeoxychorismate synthase component 1
CHQ_3_01021	gene	579	nudL			
CHQ_3_01021	CDS	579	nudL	3.6.1.-		putative Nudix hydrolase NudL
CHQ_3_01022	gene	1365	sdaA			
CHQ_3_01022	CDS	1365	sdaA	4.3.1.17	COG1760	L-serine dehydratase 1
CHQ_3_01023	gene	1557	pdeD			
CHQ_3_01023	CDS	1557	pdeD	3.1.4.52	COG2200	putative cyclic di-GMP phosphodiesterase PdeD
CHQ_3_01024	gene	1563				
CHQ_3_01024	CDS	1563				hypothetical protein
CHQ_3_01025	gene	972	manX			
CHQ_3_01025	CDS	972	manX	2.7.1.191	COG2893	PTS system mannose-specific EIIAB component
CHQ_3_01026	gene	801	manY			
CHQ_3_01026	CDS	801	manY		COG3715	PTS system mannose-specific EIIC component
CHQ_3_01027	gene	852	manZ_1			
CHQ_3_01027	CDS	852	manZ_1		COG3716	PTS system mannose-specific EIID component
CHQ_3_01028	gene	459				
CHQ_3_01028	CDS	459				hypothetical protein
CHQ_3_01029	gene	567	mntP			
CHQ_3_01029	CDS	567	mntP		COG1971	putative manganese efflux pump MntP
CHQ_3_01030	gene	795	rlmA			
CHQ_3_01030	CDS	795	rlmA	2.1.1.187	COG0500	23S rRNA (guanine(745)-N(1))-methyltransferase
CHQ_3_01031	gene	1746	ftsI_1			
CHQ_3_01031	CDS	1746	ftsI_1	3.4.16.4	COG0768	Peptidoglycan D,D-transpeptidase FtsI
CHQ_3_01032	gene	210	cspC			
CHQ_3_01032	CDS	210	cspC			Cold shock-like protein CspC
CHQ_3_01033	gene	291				
CHQ_3_01033	CDS	291				hypothetical protein
CHQ_3_01034	gene	240				
CHQ_3_01034	CDS	240				hypothetical protein
CHQ_3_01035	gene	792	kdgR_1			
CHQ_3_01035	CDS	792	kdgR_1		COG1414	Transcriptional regulator KdgR
CHQ_3_01036	gene	1422	ribZ_2			
CHQ_3_01036	CDS	1422	ribZ_2			Riboflavin transporter RibZ
CHQ_3_01037	gene	885	htpX			
CHQ_3_01037	CDS	885	htpX	3.4.24.-	COG0501	Protease HtpX
CHQ_3_01038	gene	2049	prc			
CHQ_3_01038	CDS	2049	prc	3.4.21.102	COG0793	Tail-specific protease
CHQ_3_01039	gene	678	proQ			
CHQ_3_01039	CDS	678	proQ		COG3109	RNA chaperone ProQ
CHQ_3_01040	gene	555	msrC			
CHQ_3_01040	CDS	555	msrC	1.8.4.14	COG1956	Free methionine-R-sulfoxide reductase
CHQ_3_01041	gene	1284	yebS			
CHQ_3_01041	CDS	1284	yebS		COG2995	Intermembrane transport protein YebS
CHQ_3_01042	gene	2634	yebT			
CHQ_3_01042	CDS	2634	yebT		COG3008	Intermembrane transport protein YebT
CHQ_3_01043	gene	1389	rsmF			
CHQ_3_01043	CDS	1389	rsmF	2.1.1.178	COG0144	Ribosomal RNA small subunit methyltransferase F
CHQ_3_01044	gene	294				
CHQ_3_01044	CDS	294				hypothetical protein
CHQ_3_01045	gene	192				
CHQ_3_01045	CDS	192				hypothetical protein
CHQ_3_01046	gene	654	pphA			
CHQ_3_01046	CDS	654	pphA	3.1.3.16	COG0639	Serine/threonine-protein phosphatase 1
CHQ_3_01047	gene	960				
CHQ_3_01047	CDS	960			COG2990	putative protein
CHQ_3_01048	gene	147				
CHQ_3_01048	CDS	147				hypothetical protein
CHQ_3_01049	gene	339				
CHQ_3_01049	CDS	339				hypothetical protein
CHQ_3_01050	gene	870	yebZ			
CHQ_3_01050	CDS	870	yebZ		COG1276	Inner membrane protein YebZ
CHQ_3_01051	gene	375	yobA			
CHQ_3_01051	CDS	375	yobA		COG2372	Protein YobA
CHQ_3_01052	gene	231	holE			
CHQ_3_01052	CDS	231	holE	2.7.7.7		DNA polymerase III subunit theta
CHQ_3_01053	gene	660	exoX			
CHQ_3_01053	CDS	660	exoX	3.1.11.-	COG0847	Exodeoxyribonuclease 10
CHQ_3_01054	gene	2028	ptrB			
CHQ_3_01054	CDS	2028	ptrB	3.4.21.83	COG1770	Protease 2
CHQ_3_01055	gene	660	yebE			
CHQ_3_01055	CDS	660	yebE		COG2979	Inner membrane protein YebE
CHQ_3_01056	gene	348				
CHQ_3_01056	CDS	348				hypothetical protein
CHQ_3_01057	gene	1179	purT			
CHQ_3_01057	CDS	1179	purT	2.1.2.-	COG0027	Formate-dependent phosphoribosylglycinamide formyltransferase
CHQ_3_01058	gene	642	eda			
CHQ_3_01058	CDS	642	eda		COG0800	KHG/KDPG aldolase
CHQ_3_01059	gene	1812	edd			
CHQ_3_01059	CDS	1812	edd	4.2.1.12	COG0129	Phosphogluconate dehydratase
CHQ_3_01060	gene	1476	zwf			
CHQ_3_01060	CDS	1476	zwf	1.1.1.49	COG0364	Glucose-6-phosphate 1-dehydrogenase
CHQ_3_01061	gene	888	hexR_1			
CHQ_3_01061	CDS	888	hexR_1		COG1737	HTH-type transcriptional regulator HexR
CHQ_3_01062	gene	1443	pykA			
CHQ_3_01062	CDS	1443	pykA	2.7.1.40	COG0469	Pyruvate kinase II
CHQ_3_01063	gene	1335	cimH_1			
CHQ_3_01063	CDS	1335	cimH_1		COG3493	Citrate/malate transporter
CHQ_3_01064	gene	948				
CHQ_3_01064	CDS	948				hypothetical protein
CHQ_3_01065	gene	1686	maeA_1			
CHQ_3_01065	CDS	1686	maeA_1	1.1.1.38	COG0281	NAD-dependent malic enzyme
CHQ_3_01066	gene	717	dcuR_1			
CHQ_3_01066	CDS	717	dcuR_1		COG4565	Transcriptional regulatory protein DcuR
CHQ_3_01067	gene	972	lpxM			
CHQ_3_01067	CDS	972	lpxM	2.3.1.243	COG1560	Lipid A biosynthesis myristoyltransferase
CHQ_3_01068	gene	1320	mepM_1			
CHQ_3_01068	CDS	1320	mepM_1	3.4.24.-	COG0739	Murein DD-endopeptidase MepM
CHQ_3_01069	gene	960	znuA			
CHQ_3_01069	CDS	960	znuA		COG4531	High-affinity zinc uptake system protein ZnuA
CHQ_3_01070	gene	759	znuC			
CHQ_3_01070	CDS	759	znuC	7.2.2.-	COG1121	Zinc import ATP-binding protein ZnuC
CHQ_3_01071	gene	786	znuB			
CHQ_3_01071	CDS	786	znuB		COG1108	High-affinity zinc uptake system membrane protein ZnuB
CHQ_3_01072	gene	1011	ruvB			
CHQ_3_01072	CDS	1011	ruvB	3.6.4.12	COG2255	Holliday junction ATP-dependent DNA helicase RuvB
CHQ_3_01073	gene	612	ruvA			
CHQ_3_01073	CDS	612	ruvA	3.6.4.12	COG0632	Holliday junction ATP-dependent DNA helicase RuvA
CHQ_3_01074	gene	522	ruvC			
CHQ_3_01074	CDS	522	ruvC	3.1.22.4	COG0817	Crossover junction endodeoxyribonuclease RuvC
CHQ_3_01075	gene	741	yebC			
CHQ_3_01075	CDS	741	yebC		COG0217	putative transcriptional regulatory protein YebC
CHQ_3_01076	gene	444	nudB			
CHQ_3_01076	CDS	444	nudB	3.6.1.67	COG0494	Dihydroneopterin triphosphate diphosphatase
CHQ_3_01077	gene	1788	aspS			
CHQ_3_01077	CDS	1788	aspS	6.1.1.12	COG0173	Aspartate--tRNA ligase
CHQ_3_01078	gene	567	yecD			
CHQ_3_01078	CDS	567	yecD	3.-.-.-	COG1335	Isochorismatase family protein YecD
CHQ_3_01079	gene	819				
CHQ_3_01079	CDS	819				hypothetical protein
CHQ_3_01080	gene	396	yecN			
CHQ_3_01080	CDS	396	yecN		COG3788	Inner membrane protein YecN
CHQ_3_01081	gene	744	cmoA			
CHQ_3_01081	CDS	744	cmoA	2.1.3.-	COG0500	Carboxy-S-adenosyl-L-methionine synthase
CHQ_3_01082	gene	1005	cmoB			
CHQ_3_01082	CDS	1005	cmoB	2.5.1.-	COG0500	tRNA U34 carboxymethyltransferase
CHQ_3_01083	gene	744	cutC_2			
CHQ_3_01083	CDS	744	cutC_2		COG3142	Copper homeostasis protein CutC
CHQ_3_01084	gene	570	yecM			
CHQ_3_01084	CDS	570	yecM		COG3102	Protein YecM
CHQ_3_01085	gene	1734	argS			
CHQ_3_01085	CDS	1734	argS	6.1.1.19	COG0018	Arginine--tRNA ligase
CHQ_3_01086	gene	1140	yesR_1			
CHQ_3_01086	CDS	1140	yesR_1	3.2.1.172	COG4225	Unsaturated rhamnogalacturonyl hydrolase YesR
CHQ_3_01087	gene	1584	yagG_1			
CHQ_3_01087	CDS	1584	yagG_1		COG2211	Putative glycoside/cation symporter YagG
CHQ_3_01088	gene	429	uspC			
CHQ_3_01088	CDS	429	uspC		COG0589	Universal stress protein C
CHQ_3_01089	gene	1425	otsA			
CHQ_3_01089	CDS	1425	otsA	2.4.1.15	COG0380	Trehalose-6-phosphate synthase
CHQ_3_01090	gene	789	otsB			
CHQ_3_01090	CDS	789	otsB	3.1.3.12	COG1877	Trehalose-6-phosphate phosphatase
CHQ_3_01091	gene	981	araH			
CHQ_3_01091	CDS	981	araH		COG1172	L-arabinose transport system permease protein AraH
CHQ_3_01092	gene	1515	araG_1			
CHQ_3_01092	CDS	1515	araG_1	7.5.2.12	COG1129	Arabinose import ATP-binding protein AraG
CHQ_3_01093	gene	981	araF			
CHQ_3_01093	CDS	981	araF		COG1879	L-arabinose-binding periplasmic protein
CHQ_3_01094	gene	510	ftnA_1			
CHQ_3_01094	CDS	510	ftnA_1	1.16.3.2	COG1528	Bacterial non-heme ferritin
CHQ_3_01095	gene	1563	yagG_2			
CHQ_3_01095	CDS	1563	yagG_2		COG2211	Putative glycoside/cation symporter YagG
CHQ_3_01096	gene	252				
CHQ_3_01096	CDS	252				hypothetical protein
CHQ_3_01097	gene	1422	hsrA_1			
CHQ_3_01097	CDS	1422	hsrA_1			putative transport protein HsrA
CHQ_3_01098	gene	639				
CHQ_3_01098	CDS	639				hypothetical protein
CHQ_3_01099	gene	498	ftnA_2			
CHQ_3_01099	CDS	498	ftnA_2	1.16.3.2	COG1528	Bacterial non-heme ferritin
CHQ_3_01100	gene	240				
CHQ_3_01100	CDS	240				hypothetical protein
CHQ_3_01101	gene	1143	tyrP			
CHQ_3_01101	CDS	1143	tyrP		COG0814	Tyrosine-specific transport protein
CHQ_3_01102	gene	669				
CHQ_3_01102	CDS	669				hypothetical protein
CHQ_3_01103	gene	882	dapA_1			
CHQ_3_01103	CDS	882	dapA_1	4.3.3.7	COG0329	4-hydroxy-tetrahydrodipicolinate synthase
CHQ_3_01104	gene	87				
CHQ_3_01104	tRNA	87				tRNA-Leu(taa)
CHQ_3_01105	gene	74				
CHQ_3_01105	tRNA	74				tRNA-Cys(gca)
CHQ_3_01106	gene	76				
CHQ_3_01106	tRNA	76				tRNA-Gly(gcc)
CHQ_3_01107	gene	549	pgsA			
CHQ_3_01107	CDS	549	pgsA	2.7.8.5	COG0558	CDP-diacylglycerol--glycerol-3-phosphate 3-phosphatidyltransferase
CHQ_3_01108	gene	1833	uvrC			
CHQ_3_01108	CDS	1833	uvrC		COG0322	UvrABC system protein C
CHQ_3_01109	gene	657	uvrY			
CHQ_3_01109	CDS	657	uvrY		COG2197	Response regulator UvrY
CHQ_3_01110	gene	225				
CHQ_3_01110	CDS	225				hypothetical protein
CHQ_3_01111	gene	723	sdiA			
CHQ_3_01111	CDS	723	sdiA		COG2771	Regulatory protein SdiA
CHQ_3_01112	gene	753	artM_2			
CHQ_3_01112	CDS	753	artM_2		COG1126	Arginine transport ATP-binding protein ArtM
CHQ_3_01113	gene	669	yecS_1			
CHQ_3_01113	CDS	669	yecS_1		COG0765	L-cystine transport system permease protein YecS
CHQ_3_01114	gene	987	dcyD			
CHQ_3_01114	CDS	987	dcyD	4.4.1.15	COG2515	D-cysteine desulfhydrase
CHQ_3_01115	gene	768	fliY_1			
CHQ_3_01115	CDS	768	fliY_1		COG0834	L-cystine-binding protein FliY
CHQ_3_01116	gene	1488	amyA			
CHQ_3_01116	CDS	1488	amyA	3.2.1.1	COG0366	Cytoplasmic alpha-amylase
CHQ_3_01117	gene	432				
CHQ_3_01117	CDS	432				hypothetical protein
CHQ_3_01118	gene	624	rcsA			
CHQ_3_01118	CDS	624	rcsA		COG2771	Transcriptional regulatory protein RcsA
CHQ_3_01119	gene	192	dsrB			
CHQ_3_01119	CDS	192	dsrB			Protein DsrB
CHQ_3_01120	gene	225				
CHQ_3_01120	CDS	225				hypothetical protein
CHQ_3_01121	gene	1680	dgcQ			
CHQ_3_01121	CDS	1680	dgcQ	2.7.7.65		putative diguanylate cyclase DgcQ
CHQ_3_01122	gene	912	yedI			
CHQ_3_01122	CDS	912	yedI		COG2354	Inner membrane protein YedI
CHQ_3_01123	gene	912	yedA			
CHQ_3_01123	CDS	912	yedA			putative inner membrane transporter YedA
CHQ_3_01124	gene	495	vsr			
CHQ_3_01124	CDS	495	vsr	3.1.-.-	COG3727	Very short patch repair protein
CHQ_3_01125	gene	1401	dcm			
CHQ_3_01125	CDS	1401	dcm	2.1.1.37	COG0270	DNA-cytosine methyltransferase
CHQ_3_01126	gene	711	yedJ			
CHQ_3_01126	CDS	711	yedJ		COG1418	putative protein YedJ
CHQ_3_01127	gene	282	yedR			
CHQ_3_01127	CDS	282	yedR			Inner membrane protein YedR
CHQ_3_01128	gene	1137	ompN_1			
CHQ_3_01128	CDS	1137	ompN_1		COG3203	Outer membrane porin N
CHQ_3_01129	gene	90				
CHQ_3_01129	tRNA	90				tRNA-Ser(cga)
CHQ_3_01130	gene	798	mtfA			
CHQ_3_01130	CDS	798	mtfA		COG3228	Protein MtfA
CHQ_3_01131	gene	76				
CHQ_3_01131	tRNA	76				tRNA-Asn(gtt)
CHQ_3_01132	gene	942	erfK			
CHQ_3_01132	CDS	942	erfK	2.-.-.-	COG1376	putative L,D-transpeptidase ErfK/SrfK
CHQ_3_01133	gene	951	cbl			
CHQ_3_01133	CDS	951	cbl			HTH-type transcriptional regulator cbl
CHQ_3_01134	gene	918	argP_2			
CHQ_3_01134	CDS	918	argP_2			HTH-type transcriptional regulator ArgP
CHQ_3_01135	gene	76				
CHQ_3_01135	tRNA	76				tRNA-Asn(gtt)
CHQ_3_01136	gene	1635				
CHQ_3_01136	CDS	1635				hypothetical protein
CHQ_3_01137	gene	708	acuR			
CHQ_3_01137	CDS	708	acuR			Transcriptional regulator AcuR
CHQ_3_01138	gene	978	acuI			
CHQ_3_01138	CDS	978	acuI	1.3.1.84	COG0604	putative acrylyl-CoA reductase AcuI
CHQ_3_01139	gene	933				
CHQ_3_01139	CDS	933				hypothetical protein
CHQ_3_01140	gene	1623	menH_1			
CHQ_3_01140	CDS	1623	menH_1	4.2.99.20		2-succinyl-6-hydroxy-2,4-cyclohexadiene-1-carboxylate synthase
CHQ_3_01141	gene	246	pmrD			
CHQ_3_01141	CDS	246	pmrD			Signal transduction protein PmrD
CHQ_3_01142	gene	1455	amn			
CHQ_3_01142	CDS	1455	amn	3.2.2.4	COG0775	AMP nucleosidase
CHQ_3_01143	gene	76				
CHQ_3_01143	tRNA	76				tRNA-Asn(gtt)
CHQ_3_01144	gene	1437	yeeO			
CHQ_3_01144	CDS	1437	yeeO		COG0534	putative FMN/FAD exporter YeeO
CHQ_3_01145	gene	76				
CHQ_3_01145	tRNA	76				tRNA-Asn(gtt)
CHQ_3_01146	gene	1104				
CHQ_3_01146	CDS	1104				hypothetical protein
CHQ_3_01147	gene	972				
CHQ_3_01147	CDS	972				hypothetical protein
CHQ_3_01148	gene	837	cpo			
CHQ_3_01148	CDS	837	cpo	1.11.1.10		Non-heme chloroperoxidase
CHQ_3_01149	gene	576				
CHQ_3_01149	CDS	576				hypothetical protein
CHQ_3_01150	gene	915	gcvA_2			
CHQ_3_01150	CDS	915	gcvA_2			Glycine cleavage system transcriptional activator
CHQ_3_01151	gene	336				
CHQ_3_01151	CDS	336				hypothetical protein
CHQ_3_01152	gene	333	yeaR_2			
CHQ_3_01152	CDS	333	yeaR_2		COG3615	putative protein YeaR
CHQ_3_01153	gene	1788				
CHQ_3_01153	CDS	1788				hypothetical protein
CHQ_3_01154	gene	462				
CHQ_3_01154	CDS	462				hypothetical protein
CHQ_3_01155	gene	1320	abaF_1			
CHQ_3_01155	CDS	1320	abaF_1			Fosfomycin resistance protein AbaF
CHQ_3_01156	gene	741				
CHQ_3_01156	CDS	741				hypothetical protein
CHQ_3_01157	gene	957	dmlR_3			
CHQ_3_01157	CDS	957	dmlR_3			HTH-type transcriptional regulator DmlR
CHQ_3_01158	gene	390				
CHQ_3_01158	CDS	390				hypothetical protein
CHQ_3_01159	gene	732				
CHQ_3_01159	CDS	732				hypothetical protein
CHQ_3_01160	gene	1110	ahcY			
CHQ_3_01160	CDS	1110	ahcY	3.3.1.1	COG0499	Adenosylhomocysteinase
CHQ_3_01161	gene	1068	cobT_2			
CHQ_3_01161	CDS	1068	cobT_2	2.4.2.21	COG2038	Nicotinate-nucleotide--dimethylbenzimidazole phosphoribosyltransferase
CHQ_3_01162	gene	741	cobS			
CHQ_3_01162	CDS	741	cobS	2.7.8.26	COG0368	Adenosylcobinamide-GDP ribazoletransferase
CHQ_3_01163	gene	324				
CHQ_3_01163	CDS	324				hypothetical protein
CHQ_3_01164	gene	1059	yeeA			
CHQ_3_01164	CDS	1059	yeeA		COG1289	Inner membrane protein YeeA
CHQ_3_01165	gene	474	sbmC			
CHQ_3_01165	CDS	474	sbmC		COG3449	DNA gyrase inhibitor
CHQ_3_01166	gene	1164	dacD			
CHQ_3_01166	CDS	1164	dacD	3.4.16.4	COG1686	D-alanyl-D-alanine carboxypeptidase DacD
CHQ_3_01167	gene	1425	sbcB			
CHQ_3_01167	CDS	1425	sbcB	3.1.11.1	COG2925	Exodeoxyribonuclease I
CHQ_3_01168	gene	2103	fusA_2			
CHQ_3_01168	CDS	2103	fusA_2		COG0480	Elongation factor G
CHQ_3_01169	gene	309				
CHQ_3_01169	CDS	309				hypothetical protein
CHQ_3_01170	gene	3516				
CHQ_3_01170	CDS	3516		1.2.7.1	COG0674	Pyruvate:ferredoxin oxidoreductase
CHQ_3_01171	gene	882	nifH			
CHQ_3_01171	CDS	882	nifH	1.18.6.1		Nitrogenase iron protein
CHQ_3_01172	gene	1449	nifD_1			
CHQ_3_01172	CDS	1449	nifD_1	1.18.6.1		Nitrogenase molybdenum-iron protein alpha chain
CHQ_3_01173	gene	1563	nifK_1			
CHQ_3_01173	CDS	1563	nifK_1	1.18.6.1		Nitrogenase molybdenum-iron protein beta chain
CHQ_3_01174	gene	219				
CHQ_3_01174	CDS	219				hypothetical protein
CHQ_3_01175	gene	663				
CHQ_3_01175	CDS	663				hypothetical protein
CHQ_3_01176	gene	507				
CHQ_3_01176	CDS	507				hypothetical protein
CHQ_3_01177	gene	1374	nifD_2			
CHQ_3_01177	CDS	1374	nifD_2	1.18.6.1	COG2710	Nitrogenase molybdenum-iron protein alpha chain
CHQ_3_01178	gene	1386	nifK_2			
CHQ_3_01178	CDS	1386	nifK_2	1.18.6.1		Nitrogenase molybdenum-iron protein beta chain
CHQ_3_01179	gene	471				
CHQ_3_01179	CDS	471				hypothetical protein
CHQ_3_01180	gene	840				
CHQ_3_01180	CDS	840				hypothetical protein
CHQ_3_01181	gene	1203	nifS			
CHQ_3_01181	CDS	1203	nifS	2.8.1.7	COG1104	Cysteine desulfurase NifS
CHQ_3_01182	gene	1143	frbC			
CHQ_3_01182	CDS	1143	frbC	2.3.3.19		2-phosphonomethylmalate synthase
CHQ_3_01183	gene	258	nifW			
CHQ_3_01183	CDS	258	nifW			Nitrogenase-stabilizing/protective protein NifW
CHQ_3_01184	gene	444				
CHQ_3_01184	CDS	444				hypothetical protein
CHQ_3_01185	gene	801	surA_1			
CHQ_3_01185	CDS	801	surA_1	5.2.1.8		Chaperone SurA
CHQ_3_01186	gene	531	nifF			
CHQ_3_01186	CDS	531	nifF		COG0716	Flavodoxin 2
CHQ_3_01187	gene	1485	nifL			
CHQ_3_01187	CDS	1485	nifL			Nitrogen fixation regulatory protein
CHQ_3_01188	gene	1575	nifA			
CHQ_3_01188	CDS	1575	nifA			Nif-specific regulatory protein
CHQ_3_01189	gene	1407	nifB			
CHQ_3_01189	CDS	1407	nifB	4.-.-.-	COG0535	FeMo cofactor biosynthesis protein NifB
CHQ_3_01190	gene	516				
CHQ_3_01190	CDS	516				hypothetical protein
CHQ_3_01191	gene	1359	plaP			
CHQ_3_01191	CDS	1359	plaP		COG0531	Low-affinity putrescine importer PlaP
CHQ_3_01192	gene	891	yhaJ_1			
CHQ_3_01192	CDS	891	yhaJ_1			HTH-type transcriptional regulator YhaJ
CHQ_3_01193	gene	825	yeeZ			
CHQ_3_01193	CDS	825	yeeZ		COG0451	Protein YeeZ
CHQ_3_01194	gene	900	hisG			
CHQ_3_01194	CDS	900	hisG	2.4.2.17	COG0040	ATP phosphoribosyltransferase
CHQ_3_01195	gene	1305	hisD			
CHQ_3_01195	CDS	1305	hisD	1.1.1.23	COG0141	Histidinol dehydrogenase
CHQ_3_01196	gene	1062	hisC_1			
CHQ_3_01196	CDS	1062	hisC_1	2.6.1.9	COG0079	Histidinol-phosphate aminotransferase
CHQ_3_01197	gene	1068	hisB			
CHQ_3_01197	CDS	1068	hisB		COG0131	Histidine biosynthesis bifunctional protein HisB
CHQ_3_01198	gene	591	hisH			
CHQ_3_01198	CDS	591	hisH	4.3.2.10	COG0118	Imidazole glycerol phosphate synthase subunit HisH
CHQ_3_01199	gene	738	hisA			
CHQ_3_01199	CDS	738	hisA	5.3.1.16	COG0106	1-(5-phosphoribosyl)-5-[(5-phosphoribosylamino)methylideneamino] imidazole-4-carboxamide isomerase
CHQ_3_01200	gene	777	hisF			
CHQ_3_01200	CDS	777	hisF	4.3.2.10	COG0107	Imidazole glycerol phosphate synthase subunit HisF
CHQ_3_01201	gene	597	hisI			
CHQ_3_01201	CDS	597	hisI	3.5.4.19		Histidine biosynthesis bifunctional protein HisIE
CHQ_3_01202	gene	1116	mshA_1			
CHQ_3_01202	CDS	1116	mshA_1	2.4.1.250		D-inositol-3-phosphate glycosyltransferase
CHQ_3_01203	gene	1146	mshA_2			
CHQ_3_01203	CDS	1146	mshA_2	2.4.1.250		D-inositol-3-phosphate glycosyltransferase
CHQ_3_01204	gene	2523	mshA_3			
CHQ_3_01204	CDS	2523	mshA_3	2.4.1.250		D-inositol-3-phosphate glycosyltransferase
CHQ_3_01205	gene	2127	wbdD			
CHQ_3_01205	CDS	2127	wbdD			O-antigen chain terminator bifunctional methyltransferase/kinase WbdD
CHQ_3_01206	gene	1296	btuD_3			
CHQ_3_01206	CDS	1296	btuD_3	7.6.2.8		Vitamin B12 import ATP-binding protein BtuD
CHQ_3_01207	gene	786				
CHQ_3_01207	CDS	786				hypothetical protein
CHQ_3_01208	gene	543	hemG			
CHQ_3_01208	CDS	543	hemG	1.3.5.3	COG4635	Protoporphyrinogen IX dehydrogenase [menaquinone]
CHQ_3_01209	gene	1452	trkH			
CHQ_3_01209	CDS	1452	trkH		COG0168	Trk system potassium uptake protein TrkH
CHQ_3_01210	gene	615	yigZ			
CHQ_3_01210	CDS	615	yigZ		COG1739	IMPACT family member YigZ
CHQ_3_01211	gene	1332	pepQ			
CHQ_3_01211	CDS	1332	pepQ	3.4.13.9	COG0006	Xaa-Pro dipeptidase
CHQ_3_01212	gene	2190	fadB			
CHQ_3_01212	CDS	2190	fadB		COG1024	Fatty acid oxidation complex subunit alpha
CHQ_3_01213	gene	1164	fadA			
CHQ_3_01213	CDS	1164	fadA	2.3.1.16	COG0183	3-ketoacyl-CoA thiolase
CHQ_3_01214	gene	702	fre			
CHQ_3_01214	CDS	702	fre	1.5.1.41	COG0543	NAD(P)H-flavin reductase
CHQ_3_01215	gene	1476	ubiD			
CHQ_3_01215	CDS	1476	ubiD	4.1.1.98	COG0043	3-octaprenyl-4-hydroxybenzoate carboxy-lyase
CHQ_3_01216	gene	489	rfaH			
CHQ_3_01216	CDS	489	rfaH		COG0250	Transcription antitermination protein RfaH
CHQ_3_01217	gene	792	tatD			
CHQ_3_01217	CDS	792	tatD	3.1.11.-	COG0084	3'-5' ssDNA/RNA exonuclease TatD
CHQ_3_01218	gene	780	tatC			
CHQ_3_01218	CDS	780	tatC		COG0805	Sec-independent protein translocase protein TatC
CHQ_3_01219	gene	525	tatB			
CHQ_3_01219	CDS	525	tatB		COG1826	Sec-independent protein translocase protein TatB
CHQ_3_01220	gene	252	tatA			
CHQ_3_01220	CDS	252	tatA		COG1826	Sec-independent protein translocase protein TatA
CHQ_3_01221	gene	1641	ubiB			
CHQ_3_01221	CDS	1641	ubiB	2.7.-.-	COG0661	putative protein kinase UbiB
CHQ_3_01222	gene	606	ubiJ_1			
CHQ_3_01222	CDS	606	ubiJ_1		COG3165	Ubiquinone biosynthesis accessory factor UbiJ
CHQ_3_01223	gene	756	ubiE			
CHQ_3_01223	CDS	756	ubiE	2.1.1.163	COG2226	Ubiquinone/menaquinone biosynthesis C-methyltransferase UbiE
CHQ_3_01224	gene	1449				
CHQ_3_01224	CDS	1449				hypothetical protein
CHQ_3_01225	gene	762	udp			
CHQ_3_01225	CDS	762	udp	2.4.2.3	COG2820	Uridine phosphorylase
CHQ_3_01226	gene	813	clcD			
CHQ_3_01226	CDS	813	clcD	3.1.1.45		Carboxymethylenebutenolidase
CHQ_3_01227	gene	2265	metE			
CHQ_3_01227	CDS	2265	metE	2.1.1.14	COG0620	5-methyltetrahydropteroyltriglutamate--homocysteine methyltransferase
CHQ_3_01228	gene	954	metR			
CHQ_3_01228	CDS	954	metR			HTH-type transcriptional regulator MetR
CHQ_3_01229	gene	900	bioP			
CHQ_3_01229	CDS	900	bioP		COG0697	Biotin transporter
CHQ_3_01230	gene	801	yigL			
CHQ_3_01230	CDS	801	yigL	3.1.3.74	COG0561	Pyridoxal phosphate phosphatase YigL
CHQ_3_01231	gene	993	pldB			
CHQ_3_01231	CDS	993	pldB	3.1.1.5	COG2267	Lysophospholipase L2
CHQ_3_01232	gene	621	rhtB_1			
CHQ_3_01232	CDS	621	rhtB_1		COG1280	Homoserine/homoserine lactone efflux protein
CHQ_3_01233	gene	933				
CHQ_3_01233	CDS	933				ISNCY family transposase ISSen7
CHQ_3_01234	gene	621	rhtC_1			
CHQ_3_01234	CDS	621	rhtC_1		COG1280	Threonine efflux protein
CHQ_3_01235	gene	1827	recQ			
CHQ_3_01235	CDS	1827	recQ	3.6.4.12	COG0514	ATP-dependent DNA helicase RecQ
CHQ_3_01236	gene	861	pldA			
CHQ_3_01236	CDS	861	pldA	3.1.1.32	COG2829	Phospholipase A1
CHQ_3_01237	gene	465				
CHQ_3_01237	CDS	465				hypothetical protein
CHQ_3_01238	gene	894	rarD			
CHQ_3_01238	CDS	894	rarD		COG2962	Protein RarD
CHQ_3_01239	gene	951	corA			
CHQ_3_01239	CDS	951	corA		COG0598	Magnesium transport protein CorA
CHQ_3_01240	gene	2163	uvrD			
CHQ_3_01240	CDS	2163	uvrD	3.6.4.12	COG0210	DNA helicase II
CHQ_3_01241	gene	717	yigB			
CHQ_3_01241	CDS	717	yigB	3.1.3.104	COG1011	5-amino-6-(5-phospho-D-ribitylamino)uracil phosphatase YigB
CHQ_3_01242	gene	903	xerC_4			
CHQ_3_01242	CDS	903	xerC_4		COG4973	Tyrosine recombinase XerC
CHQ_3_01243	gene	708				
CHQ_3_01243	CDS	708				hypothetical protein
CHQ_3_01244	gene	825	dapF_1			
CHQ_3_01244	CDS	825	dapF_1	5.1.1.7	COG0253	Diaminopimelate epimerase
CHQ_3_01245	gene	225				
CHQ_3_01245	CDS	225				hypothetical protein
CHQ_3_01246	gene	321	cyaY			
CHQ_3_01246	CDS	321	cyaY		COG1965	Iron-sulfur cluster assembly protein CyaY
CHQ_3_01247	gene	2631	cyaA			
CHQ_3_01247	CDS	2631	cyaA	4.6.1.1	COG3072	Adenylate cyclase
CHQ_3_01248	gene	957	hemC			
CHQ_3_01248	CDS	957	hemC	2.5.1.61	COG0181	Porphobilinogen deaminase
CHQ_3_01249	gene	741	hemD			
CHQ_3_01249	CDS	741	hemD	4.2.1.75	COG1587	Uroporphyrinogen-III synthase
CHQ_3_01250	gene	1191	hemX			
CHQ_3_01250	CDS	1191	hemX		COG2959	Protein HemX
CHQ_3_01251	gene	1197	hemY			
CHQ_3_01251	CDS	1197	hemY		COG3071	Protein HemY
CHQ_3_01252	gene	77				
CHQ_3_01252	tRNA	77				tRNA-Pro(tgg)
CHQ_3_01253	gene	87				
CHQ_3_01253	tRNA	87				tRNA-Leu(cag)
CHQ_3_01254	gene	76				
CHQ_3_01254	tRNA	76				tRNA-His(gtg)
CHQ_3_01255	gene	77				
CHQ_3_01255	tRNA	77				tRNA-Arg(ccg)
CHQ_3_01256	gene	1386	yifK			
CHQ_3_01256	CDS	1386	yifK		COG1113	putative transport protein YifK
CHQ_3_01257	gene	741	wecG			
CHQ_3_01257	CDS	741	wecG	2.4.1.180	COG1922	UDP-N-acetyl-D-mannosaminuronic acid transferase
CHQ_3_01258	gene	1347	wzyE			
CHQ_3_01258	CDS	1347	wzyE			putative ECA polymerase
CHQ_3_01259	gene	1077	wecF			
CHQ_3_01259	CDS	1077	wecF	2.4.1.325		TDP-N-acetylfucosamine:lipid II N-acetylfucosaminyltransferase
CHQ_3_01260	gene	1251	wzxE			
CHQ_3_01260	CDS	1251	wzxE		COG2244	Lipid III flippase
CHQ_3_01261	gene	1131	wecE			
CHQ_3_01261	CDS	1131	wecE	2.6.1.59	COG0399	dTDP-4-amino-4,6-dideoxygalactose transaminase
CHQ_3_01262	gene	675	wecD			
CHQ_3_01262	CDS	675	wecD	2.3.1.210	COG0454	dTDP-fucosamine acetyltransferase
CHQ_3_01263	gene	882	rffH_2			
CHQ_3_01263	CDS	882	rffH_2	2.7.7.24	COG1209	Glucose-1-phosphate thymidylyltransferase 2
CHQ_3_01264	gene	1068	rffG_2			
CHQ_3_01264	CDS	1068	rffG_2	4.2.1.46	COG1088	dTDP-glucose 4,6-dehydratase 2
CHQ_3_01265	gene	1263	wecC			
CHQ_3_01265	CDS	1263	wecC	1.1.1.336	COG0677	UDP-N-acetyl-D-mannosamine dehydrogenase
CHQ_3_01266	gene	1086	wecB			
CHQ_3_01266	CDS	1086	wecB	5.1.3.14	COG0381	UDP-N-acetylglucosamine 2-epimerase
CHQ_3_01267	gene	1017	wzzE			
CHQ_3_01267	CDS	1017	wzzE		COG3765	ECA polysaccharide chain length modulation protein
CHQ_3_01268	gene	1104	wecA			
CHQ_3_01268	CDS	1104	wecA	2.7.8.33	COG0472	Undecaprenyl-phosphate alpha-N-acetylglucosaminyl 1-phosphate transferase
CHQ_3_01269	gene	1260	rho			
CHQ_3_01269	CDS	1260	rho	3.6.4.-	COG1158	Transcription termination factor Rho
CHQ_3_01270	gene	189				
CHQ_3_01270	CDS	189				hypothetical protein
CHQ_3_01271	gene	330	trxA			
CHQ_3_01271	CDS	330	trxA		COG0526	Thioredoxin 1
CHQ_3_01272	gene	1266	rhlB			
CHQ_3_01272	CDS	1266	rhlB	3.6.4.13	COG0513	ATP-dependent RNA helicase RhlB
CHQ_3_01273	gene	1491	gppA			
CHQ_3_01273	CDS	1491	gppA	3.6.1.40	COG0248	Guanosine-5'-triphosphate,3'-diphosphate pyrophosphatase
CHQ_3_01274	gene	2025	rep_1			
CHQ_3_01274	CDS	2025	rep_1	3.6.4.12	COG0210	ATP-dependent DNA helicase Rep
CHQ_3_01275	gene	282	ppiC_1			
CHQ_3_01275	CDS	282	ppiC_1	5.2.1.8	COG0760	Peptidyl-prolyl cis-trans isomerase C
CHQ_3_01276	gene	282	ppiC_2			
CHQ_3_01276	CDS	282	ppiC_2	5.2.1.8	COG0760	Peptidyl-prolyl cis-trans isomerase C
CHQ_3_01277	gene	1476	ilvC			
CHQ_3_01277	CDS	1476	ilvC	1.1.1.86	COG0059	Ketol-acid reductoisomerase (NADP(+))
CHQ_3_01278	gene	891	oxyR_3			
CHQ_3_01278	CDS	891	oxyR_3			Hydrogen peroxide-inducible genes activator
CHQ_3_01279	gene	1545	ilvA			
CHQ_3_01279	CDS	1545	ilvA	4.3.1.19	COG1171	L-threonine dehydratase biosynthetic IlvA
CHQ_3_01280	gene	1851	ilvD			
CHQ_3_01280	CDS	1851	ilvD	4.2.1.9	COG0129	Dihydroxy-acid dehydratase
CHQ_3_01281	gene	930	ilvE			
CHQ_3_01281	CDS	930	ilvE	2.6.1.42	COG0115	Branched-chain-amino-acid aminotransferase
CHQ_3_01282	gene	258	ilvM			
CHQ_3_01282	CDS	258	ilvM	2.2.1.6	COG3978	Acetolactate synthase isozyme 2 small subunit
CHQ_3_01283	gene	1647	ilvG			
CHQ_3_01283	CDS	1647	ilvG	2.2.1.6		Acetolactate synthase isozyme 2 large subunit
CHQ_3_01284	gene	1521	comM			
CHQ_3_01284	CDS	1521	comM		COG0606	Competence protein ComM
CHQ_3_01285	gene	339				
CHQ_3_01285	CDS	339				hypothetical protein
CHQ_3_01286	gene	822	hdfR_2			
CHQ_3_01286	CDS	822	hdfR_2			HTH-type transcriptional regulator HdfR
CHQ_3_01287	gene	76				
CHQ_3_01287	tRNA	76				tRNA-Trp(cca)
CHQ_3_01288	gene	77				
CHQ_3_01288	tRNA	77				tRNA-Asp(gtc)
CHQ_3_01289	gene	951	talB_1			
CHQ_3_01289	CDS	951	talB_1	2.2.1.2	COG0176	Transaldolase B
CHQ_3_01290	gene	459	derI			
CHQ_3_01290	CDS	459	derI	5.3.1.34	COG0698	D-erythrulose-4-phosphate isomerase
CHQ_3_01291	gene	375	srlB_1			
CHQ_3_01291	CDS	375	srlB_1		COG3731	PTS system glucitol/sorbitol-specific EIIA component
CHQ_3_01292	gene	1020	kdgT			
CHQ_3_01292	CDS	1020	kdgT			2-keto-3-deoxygluconate permease
CHQ_3_01293	gene	1719				
CHQ_3_01293	CDS	1719				hypothetical protein
CHQ_3_01294	gene	1008	pdxA2			
CHQ_3_01294	CDS	1008	pdxA2	1.1.1.409	COG1995	D-erythronate 4-phosphate dehydrogenase
CHQ_3_01295	gene	795	eryH			
CHQ_3_01295	CDS	795	eryH	5.3.1.33		L-erythrulose-1-phosphate isomerase
CHQ_3_01296	gene	963	sorC_1			
CHQ_3_01296	CDS	963	sorC_1		COG2390	Sorbitol operon regulator
CHQ_3_01297	gene	345				
CHQ_3_01297	CDS	345				hypothetical protein
CHQ_3_01298	gene	831	cobB			
CHQ_3_01298	CDS	831	cobB	2.3.1.286	COG0846	NAD-dependent protein deacylase
CHQ_3_01299	gene	912	nagK			
CHQ_3_01299	CDS	912	nagK	2.7.1.59	COG1940	N-acetyl-D-glucosamine kinase
CHQ_3_01300	gene	1245	lolE			
CHQ_3_01300	CDS	1245	lolE		COG4591	Lipoprotein-releasing system transmembrane protein LolE
CHQ_3_01301	gene	702	lolD			
CHQ_3_01301	CDS	702	lolD	3.6.3.-	COG1136	Lipoprotein-releasing system ATP-binding protein LolD
CHQ_3_01302	gene	1200	lolC			
CHQ_3_01302	CDS	1200	lolC		COG4591	Lipoprotein-releasing system transmembrane protein LolC
CHQ_3_01303	gene	3447	mfd			
CHQ_3_01303	CDS	3447	mfd	3.6.4.-	COG1197	Transcription-repair-coupling factor
CHQ_3_01304	gene	954	ycfS			
CHQ_3_01304	CDS	954	ycfS	2.-.-.-	COG1376	putative L,D-transpeptidase YcfS
CHQ_3_01305	gene	258	bhsA_1			
CHQ_3_01305	CDS	258	bhsA_1			Multiple stress resistance protein BhsA
CHQ_3_01306	gene	636	comR			
CHQ_3_01306	CDS	636	comR			HTH-type transcriptional repressor ComR
CHQ_3_01307	gene	2190	iutA			
CHQ_3_01307	CDS	2190	iutA			Ferric aerobactin receptor
CHQ_3_01308	gene	540				
CHQ_3_01308	CDS	540				hypothetical protein
CHQ_3_01309	gene	1305	ndh			
CHQ_3_01309	CDS	1305	ndh	1.6.99.3	COG1252	NADH dehydrogenase
CHQ_3_01310	gene	543				
CHQ_3_01310	CDS	543				hypothetical protein
CHQ_3_01311	gene	1023	nagZ			
CHQ_3_01311	CDS	1023	nagZ	3.2.1.52	COG1472	Beta-hexosaminidase
CHQ_3_01312	gene	828	thiK			
CHQ_3_01312	CDS	828	thiK	2.7.1.89	COG0510	Thiamine kinase
CHQ_3_01313	gene	648	lpoB			
CHQ_3_01313	CDS	648	lpoB		COG3417	Penicillin-binding protein activator LpoB
CHQ_3_01314	gene	375				
CHQ_3_01314	CDS	375				hypothetical protein
CHQ_3_01315	gene	357	hinT			
CHQ_3_01315	CDS	357	hinT	3.9.1.-	COG0537	Purine nucleoside phosphoramidase
CHQ_3_01316	gene	1434	ptsG			
CHQ_3_01316	CDS	1434	ptsG		COG1263	PTS system glucose-specific EIICB component
CHQ_3_01317	gene	795	ycfH			
CHQ_3_01317	CDS	795	ycfH	3.1.-.-	COG0084	putative metal-dependent hydrolase YcfH
CHQ_3_01318	gene	1005	holB			
CHQ_3_01318	CDS	1005	holB	2.7.7.7	COG0470	DNA polymerase III subunit delta'
CHQ_3_01319	gene	642	tmk			
CHQ_3_01319	CDS	642	tmk	2.7.4.9	COG0125	Thymidylate kinase
CHQ_3_01320	gene	1023	mltG			
CHQ_3_01320	CDS	1023	mltG	4.2.2.-	COG1559	Endolytic murein transglycosylase
CHQ_3_01321	gene	810	pabC			
CHQ_3_01321	CDS	810	pabC	4.1.3.38	COG0115	Aminodeoxychorismate lyase
CHQ_3_01322	gene	1242	fabF_1			
CHQ_3_01322	CDS	1242	fabF_1	2.3.1.179	COG0304	3-oxoacyl-[acyl-carrier-protein] synthase 2
CHQ_3_01323	gene	237	acpP			
CHQ_3_01323	CDS	237	acpP			Acyl carrier protein
CHQ_3_01324	gene	735	fabG_1			
CHQ_3_01324	CDS	735	fabG_1	1.1.1.100		3-oxoacyl-[acyl-carrier-protein] reductase FabG
CHQ_3_01325	gene	930	fabD_1			
CHQ_3_01325	CDS	930	fabD_1	2.3.1.39	COG0331	Malonyl CoA-acyl carrier protein transacylase
CHQ_3_01326	gene	954	fabH			
CHQ_3_01326	CDS	954	fabH	2.3.1.180	COG0332	3-oxoacyl-[acyl-carrier-protein] synthase 3
CHQ_3_01327	gene	1161	plsX			
CHQ_3_01327	CDS	1161	plsX	2.3.1.274	COG0416	Phosphate acyltransferase
CHQ_3_01328	gene	174	rpmF			
CHQ_3_01328	CDS	174	rpmF		COG0333	50S ribosomal protein L32
CHQ_3_01329	gene	522	yceD			
CHQ_3_01329	CDS	522	yceD		COG1399	Large ribosomal RNA subunit accumulation protein YceD
CHQ_3_01330	gene	585	yceF			
CHQ_3_01330	CDS	585	yceF	3.6.1.-	COG0424	7-methyl-GTP pyrophosphatase
CHQ_3_01331	gene	996	rluC			
CHQ_3_01331	CDS	996	rluC	5.4.99.24	COG0564	Ribosomal large subunit pseudouridine synthase C
CHQ_3_01332	gene	3234	rne			
CHQ_3_01332	CDS	3234	rne	3.1.26.12	COG1530	Ribonuclease E
CHQ_3_01333	gene	936	dmlR_4			
CHQ_3_01333	CDS	936	dmlR_4			HTH-type transcriptional regulator DmlR
CHQ_3_01334	gene	1215	sotB_1			
CHQ_3_01334	CDS	1215	sotB_1			sugar efflux transporter
CHQ_3_01335	gene	1536	murJ			
CHQ_3_01335	CDS	1536	murJ		COG0728	putative lipid II flippase MurJ
CHQ_3_01336	gene	924	yceM			
CHQ_3_01336	CDS	924	yceM	1.-.-.-	COG0673	Putative oxidoreductase YceM
CHQ_3_01337	gene	654				
CHQ_3_01337	CDS	654				hypothetical protein
CHQ_3_01338	gene	669	rimJ			
CHQ_3_01338	CDS	669	rimJ	2.3.1.267	COG1670	[Ribosomal protein S5]-alanine N-acetyltransferase
CHQ_3_01339	gene	1209	mdtH_2			
CHQ_3_01339	CDS	1209	mdtH_2			Multidrug resistance protein MdtH
CHQ_3_01340	gene	561	yceB			
CHQ_3_01340	CDS	561	yceB			putative lipoprotein YceB
CHQ_3_01341	gene	1047	pyrC			
CHQ_3_01341	CDS	1047	pyrC	3.5.2.3	COG0418	Dihydroorotase
CHQ_3_01342	gene	252	dinI			
CHQ_3_01342	CDS	252	dinI			DNA damage-inducible protein I
CHQ_3_01343	gene	255	bssS			
CHQ_3_01343	CDS	255	bssS			Biofilm regulator BssS
CHQ_3_01344	gene	1119	solA			
CHQ_3_01344	CDS	1119	solA	1.5.3.-	COG0665	N-methyl-L-tryptophan oxidase
CHQ_3_01345	gene	114	yceO			
CHQ_3_01345	CDS	114	yceO			putative protein YceO
CHQ_3_01346	gene	1065				
CHQ_3_01346	CDS	1065				hypothetical protein
CHQ_3_01347	gene	921	lpxL_1			
CHQ_3_01347	CDS	921	lpxL_1	2.3.1.241	COG1560	Lipid A biosynthesis lauroyltransferase
CHQ_3_01348	gene	1239	sbnD_1			
CHQ_3_01348	CDS	1239	sbnD_1			Staphyloferrin B transporter
CHQ_3_01349	gene	387				
CHQ_3_01349	CDS	387				hypothetical protein
CHQ_3_01350	gene	228				
CHQ_3_01350	CDS	228				hypothetical protein
CHQ_3_01351	gene	2529	mdoH			
CHQ_3_01351	CDS	2529	mdoH	2.4.1.-	COG2943	Glucans biosynthesis glucosyltransferase H
CHQ_3_01352	gene	1554	mdoG			
CHQ_3_01352	CDS	1554	mdoG		COG3131	Glucans biosynthesis protein G
CHQ_3_01353	gene	1161	mdoC			
CHQ_3_01353	CDS	1161	mdoC	2.1.-.-		Glucans biosynthesis protein C
CHQ_3_01354	gene	594	betI_1			
CHQ_3_01354	CDS	594	betI_1			HTH-type transcriptional regulator BetI
CHQ_3_01355	gene	528	ymdB			
CHQ_3_01355	CDS	528	ymdB	3.1.1.106	COG2110	O-acetyl-ADP-ribose deacetylase
CHQ_3_01356	gene	483	ycdZ			
CHQ_3_01356	CDS	483	ycdZ			Inner membrane protein YcdZ
CHQ_3_01357	gene	555	ycdY			
CHQ_3_01357	CDS	555	ycdY		COG3381	Chaperone protein YcdY
CHQ_3_01358	gene	738	ycdX			
CHQ_3_01358	CDS	738	ycdX	3.1.3.-	COG1387	putative phosphatase YcdX
CHQ_3_01359	gene	939	ghrA_1			
CHQ_3_01359	CDS	939	ghrA_1	1.1.1.79	COG0111	Glyoxylate/hydroxypyruvate reductase A
CHQ_3_01360	gene	88				
CHQ_3_01360	tRNA	88				tRNA-Ser(gga)
CHQ_3_01361	gene	906	dmlR_5			
CHQ_3_01361	CDS	906	dmlR_5			HTH-type transcriptional regulator DmlR
CHQ_3_01362	gene	861				
CHQ_3_01362	CDS	861				hypothetical protein
CHQ_3_01363	gene	678	ycaC			
CHQ_3_01363	CDS	678	ycaC	4.-.-.-	COG1335	putative hydrolase YcaC
CHQ_3_01364	gene	88				
CHQ_3_01364	tRNA	88				tRNA-Ser(gga)
CHQ_3_01365	gene	645	dsbA_2			
CHQ_3_01365	CDS	645	dsbA_2		COG0526	Thiol:disulfide interchange protein DsbA
CHQ_3_01366	gene	789	phoH			
CHQ_3_01366	CDS	789	phoH		COG1702	Protein PhoH
CHQ_3_01367	gene	1284	efeB			
CHQ_3_01367	CDS	1284	efeB	1.11.1.-	COG2837	Deferrochelatase/peroxidase EfeB
CHQ_3_01368	gene	1128	efeO			
CHQ_3_01368	CDS	1128	efeO		COG2822	Iron uptake system component EfeO
CHQ_3_01369	gene	831	efeU			
CHQ_3_01369	CDS	831	efeU		COG0672	Ferrous iron permease EfeU
CHQ_3_01370	gene	1218	nupC_1			
CHQ_3_01370	CDS	1218	nupC_1		COG1972	Nucleoside permease NupC
CHQ_3_01371	gene	435				
CHQ_3_01371	CDS	435				hypothetical protein
CHQ_3_01372	gene	1509	putP			
CHQ_3_01372	CDS	1509	putP		COG0591	Sodium/proline symporter
CHQ_3_01373	gene	3963	putA			
CHQ_3_01373	CDS	3963	putA		COG0506	Bifunctional protein PutA
CHQ_3_01374	gene	396				
CHQ_3_01374	CDS	396				hypothetical protein
CHQ_3_01375	gene	639	rutR			
CHQ_3_01375	CDS	639	rutR		COG1309	HTH-type transcriptional regulator RutR
CHQ_3_01376	gene	1092	rutA			
CHQ_3_01376	CDS	1092	rutA	1.14.99.46	COG2141	Pyrimidine monooxygenase RutA
CHQ_3_01377	gene	711	rutB_1			
CHQ_3_01377	CDS	711	rutB_1	3.5.1.110	COG1335	Peroxyureidoacrylate/ureidoacrylate amidohydrolase RutB
CHQ_3_01378	gene	393	rutC_2			
CHQ_3_01378	CDS	393	rutC_2	1.-.-.-	COG0251	Putative aminoacrylate peracid reductase RutC
CHQ_3_01379	gene	804	rutD			
CHQ_3_01379	CDS	804	rutD	3.5.1.-		Putative aminoacrylate hydrolase RutD
CHQ_3_01380	gene	591	rutE			
CHQ_3_01380	CDS	591	rutE	1.1.1.298	COG0778	putative malonic semialdehyde reductase RutE
CHQ_3_01381	gene	495	rutF			
CHQ_3_01381	CDS	495	rutF	1.5.1.42	COG1853	FMN reductase (NADH) RutF
CHQ_3_01382	gene	1323	rutG			
CHQ_3_01382	CDS	1323	rutG		COG2233	Putative pyrimidine permease RutG
CHQ_3_01383	gene	939				
CHQ_3_01383	CDS	939				hypothetical protein
CHQ_3_01384	gene	222				
CHQ_3_01384	CDS	222				hypothetical protein
CHQ_3_01385	gene	597	wrbA			
CHQ_3_01385	CDS	597	wrbA	1.6.5.2	COG0655	NAD(P)H dehydrogenase (quinone)
CHQ_3_01386	gene	228	yccJ			
CHQ_3_01386	CDS	228	yccJ			putative protein YccJ
CHQ_3_01387	gene	387				
CHQ_3_01387	CDS	387				hypothetical protein
CHQ_3_01388	gene	222				
CHQ_3_01388	CDS	222				hypothetical protein
CHQ_3_01389	gene	249				
CHQ_3_01389	CDS	249				hypothetical protein
CHQ_3_01390	gene	1155				
CHQ_3_01390	CDS	1155				hypothetical protein
CHQ_3_01391	gene	1182	gpFI_1			
CHQ_3_01391	CDS	1182	gpFI_1			Putative prophage major tail sheath protein
CHQ_3_01392	gene	516				
CHQ_3_01392	CDS	516				hypothetical protein
CHQ_3_01393	gene	300				
CHQ_3_01393	CDS	300				hypothetical protein
CHQ_3_01394	gene	2937				
CHQ_3_01394	CDS	2937				hypothetical protein
CHQ_3_01395	gene	489				
CHQ_3_01395	CDS	489				hypothetical protein
CHQ_3_01396	gene	855				
CHQ_3_01396	CDS	855				hypothetical protein
CHQ_3_01397	gene	1182				
CHQ_3_01397	CDS	1182				hypothetical protein
CHQ_3_01398	gene	189				
CHQ_3_01398	CDS	189				hypothetical protein
CHQ_3_01399	gene	264				
CHQ_3_01399	CDS	264				hypothetical protein
CHQ_3_01400	gene	789				
CHQ_3_01400	CDS	789				hypothetical protein
CHQ_3_01401	gene	1380	pagL			
CHQ_3_01401	CDS	1380	pagL	3.2.1.-	COG1486	Phospho-alpha-glucosidase PagL
CHQ_3_01402	gene	1560	malP_4			
CHQ_3_01402	CDS	1560	malP_4		COG1263	PTS system maltose-specific EIICB component
CHQ_3_01403	gene	1716				
CHQ_3_01403	CDS	1716				hypothetical protein
CHQ_3_01404	gene	1392	xanP_1			
CHQ_3_01404	CDS	1392	xanP_1		COG2233	Xanthine permease XanP
CHQ_3_01405	gene	1203	gltS			
CHQ_3_01405	CDS	1203	gltS		COG0786	Sodium/glutamate symporter
CHQ_3_01406	gene	1512	glpK			
CHQ_3_01406	CDS	1512	glpK	2.7.1.30	COG0554	Glycerol kinase
CHQ_3_01407	gene	852	glpF			
CHQ_3_01407	CDS	852	glpF		COG0580	Glycerol uptake facilitator protein
CHQ_3_01408	gene	240	zapB			
CHQ_3_01408	CDS	240	zapB		COG3074	Cell division protein ZapB
CHQ_3_01409	gene	990	sbp			
CHQ_3_01409	CDS	990	sbp		COG1613	Sulfate-binding protein
CHQ_3_01410	gene	765	cdh			
CHQ_3_01410	CDS	765	cdh	3.6.1.26	COG2134	CDP-diacylglycerol pyrophosphatase
CHQ_3_01411	gene	1305				
CHQ_3_01411	CDS	1305				hypothetical protein
CHQ_3_01412	gene	768	tpiA			
CHQ_3_01412	CDS	768	tpiA	5.3.1.1	COG0149	Triosephosphate isomerase
CHQ_3_01413	gene	600				
CHQ_3_01413	CDS	600				hypothetical protein
CHQ_3_01414	gene	429				
CHQ_3_01414	CDS	429				hypothetical protein
CHQ_3_01415	gene	747	fpr			
CHQ_3_01415	CDS	747	fpr	1.18.1.2	COG1018	Flavodoxin/ferredoxin--NADP reductase
CHQ_3_01416	gene	1011	glpX			
CHQ_3_01416	CDS	1011	glpX	3.1.3.11	COG1494	Fructose-1,6-bisphosphatase 1 class 2
CHQ_3_01417	gene	2082	recG			
CHQ_3_01417	CDS	2082	recG	3.6.4.12	COG1200	ATP-dependent DNA helicase RecG
CHQ_3_01418	gene	690	trmH_1			
CHQ_3_01418	CDS	690	trmH_1	2.1.1.34	COG0566	tRNA (guanosine(18)-2'-O)-methyltransferase
CHQ_3_01419	gene	2121	spoT			
CHQ_3_01419	CDS	2121	spoT		COG0317	Bifunctional (p)ppGpp synthase/hydrolase SpoT
CHQ_3_01420	gene	276	rpoZ			
CHQ_3_01420	CDS	276	rpoZ	2.7.7.6	COG1758	DNA-directed RNA polymerase subunit omega
CHQ_3_01421	gene	624	gmk			
CHQ_3_01421	CDS	624	gmk	2.7.4.8	COG0194	Guanylate kinase
CHQ_3_01422	gene	1677	ligB			
CHQ_3_01422	CDS	1677	ligB	6.5.1.2	COG0272	DNA ligase B
CHQ_3_01423	gene	618				
CHQ_3_01423	CDS	618				hypothetical protein
CHQ_3_01424	gene	1260	clcB_1			
CHQ_3_01424	CDS	1260	clcB_1			Voltage-gated ClC-type chloride channel ClcB
CHQ_3_01425	gene	864				
CHQ_3_01425	CDS	864				hypothetical protein
CHQ_3_01426	gene	717	rph			
CHQ_3_01426	CDS	717	rph	2.7.7.56		Ribonuclease PH
CHQ_3_01427	gene	642	pyrE			
CHQ_3_01427	CDS	642	pyrE	2.4.2.10	COG0461	Orotate phosphoribosyltransferase
CHQ_3_01428	gene	597	slmA			
CHQ_3_01428	CDS	597	slmA			Nucleoid occlusion factor SlmA
CHQ_3_01429	gene	459	dut			
CHQ_3_01429	CDS	459	dut	3.6.1.23	COG0756	Deoxyuridine 5'-triphosphate nucleotidohydrolase
CHQ_3_01430	gene	1218	coaBC			
CHQ_3_01430	CDS	1218	coaBC		COG0452	Coenzyme A biosynthesis bifunctional protein CoaBC
CHQ_3_01431	gene	666				
CHQ_3_01431	CDS	666				hypothetical protein
CHQ_3_01432	gene	237	rpmB			
CHQ_3_01432	CDS	237	rpmB		COG0227	50S ribosomal protein L28
CHQ_3_01433	gene	168	rpmG			
CHQ_3_01433	CDS	168	rpmG		COG0267	50S ribosomal protein L33
CHQ_3_01434	gene	810	mutM			
CHQ_3_01434	CDS	810	mutM	3.2.2.23	COG0266	Formamidopyrimidine-DNA glycosylase
CHQ_3_01435	gene	480	coaD			
CHQ_3_01435	CDS	480	coaD	2.7.7.3	COG0669	Phosphopantetheine adenylyltransferase
CHQ_3_01436	gene	777				
CHQ_3_01436	CDS	777				hypothetical protein
CHQ_3_01437	gene	1275	waaA			
CHQ_3_01437	CDS	1275	waaA	2.4.99.12	COG1519	3-deoxy-D-manno-octulosonic acid transferase
CHQ_3_01438	gene	990				
CHQ_3_01438	CDS	990				hypothetical protein
CHQ_3_01439	gene	1095	pglJ			
CHQ_3_01439	CDS	1095	pglJ	2.4.1.291	COG0438	N-acetylgalactosamine-N,N'-diacetylbacillosaminyl-diphospho-undecaprenol 4-alpha-N-acetylgalactosaminyltransferase
CHQ_3_01440	gene	1128	rfaG			
CHQ_3_01440	CDS	1128	rfaG	2.4.-.-		Lipopolysaccharide core biosynthesis protein RfaG
CHQ_3_01441	gene	1077	rfaQ			
CHQ_3_01441	CDS	1077	rfaQ	2.-.-.-	COG0859	Lipopolysaccharide core heptosyltransferase RfaQ
CHQ_3_01442	gene	963				
CHQ_3_01442	CDS	963				hypothetical protein
CHQ_3_01443	gene	1080				
CHQ_3_01443	CDS	1080				hypothetical protein
CHQ_3_01444	gene	1170				
CHQ_3_01444	CDS	1170				hypothetical protein
CHQ_3_01445	gene	909				
CHQ_3_01445	CDS	909				hypothetical protein
CHQ_3_01446	gene	972	rfaC			
CHQ_3_01446	CDS	972	rfaC	2.-.-.-	COG0859	Lipopolysaccharide heptosyltransferase 1
CHQ_3_01447	gene	1059	rfaF			
CHQ_3_01447	CDS	1059	rfaF	2.-.-.-	COG0859	ADP-heptose--LPS heptosyltransferase 2
CHQ_3_01448	gene	933	hldD			
CHQ_3_01448	CDS	933	hldD	5.1.3.20	COG0451	ADP-L-glycero-D-manno-heptose-6-epimerase
CHQ_3_01449	gene	1194	kbl			
CHQ_3_01449	CDS	1194	kbl	2.3.1.29	COG0156	2-amino-3-ketobutyrate coenzyme A ligase
CHQ_3_01450	gene	1026	tdh			
CHQ_3_01450	CDS	1026	tdh	1.1.1.103	COG1063	L-threonine 3-dehydrogenase
CHQ_3_01451	gene	789				
CHQ_3_01451	CDS	789				hypothetical protein
CHQ_3_01452	gene	957				
CHQ_3_01452	CDS	957				hypothetical protein
CHQ_3_01453	gene	1272	envC			
CHQ_3_01453	CDS	1272	envC		COG4942	Murein hydrolase activator EnvC
CHQ_3_01454	gene	1545	gpmI			
CHQ_3_01454	CDS	1545	gpmI	5.4.2.12	COG0696	2,3-bisphosphoglycerate-independent phosphoglycerate mutase
CHQ_3_01455	gene	432	yibN			
CHQ_3_01455	CDS	432	yibN		COG0607	putative protein YibN
CHQ_3_01456	gene	252	grxC			
CHQ_3_01456	CDS	252	grxC		COG0695	Glutaredoxin 3
CHQ_3_01457	gene	468	secB			
CHQ_3_01457	CDS	468	secB		COG1952	Protein-export protein SecB
CHQ_3_01458	gene	1020	gpsA			
CHQ_3_01458	CDS	1020	gpsA	1.1.1.94	COG0240	Glycerol-3-phosphate dehydrogenase [NAD(P)+]
CHQ_3_01459	gene	822	cysE			
CHQ_3_01459	CDS	822	cysE	2.3.1.30	COG1045	Serine acetyltransferase
CHQ_3_01460	gene	474	trmL			
CHQ_3_01460	CDS	474	trmL	2.1.1.207	COG0219	tRNA (cytidine(34)-2'-O)-methyltransferase
CHQ_3_01461	gene	1185	lldD_2			
CHQ_3_01461	CDS	1185	lldD_2	1.1.-.-	COG1304	L-lactate dehydrogenase
CHQ_3_01462	gene	774	lldR_2			
CHQ_3_01462	CDS	774	lldR_2		COG2186	Putative L-lactate dehydrogenase operon regulatory protein
CHQ_3_01463	gene	1656	lldP			
CHQ_3_01463	CDS	1656	lldP		COG1620	L-lactate permease
CHQ_3_01464	gene	363	yibL			
CHQ_3_01464	CDS	363	yibL			putative protein YibL
CHQ_3_01465	gene	225	glgS_1			
CHQ_3_01465	CDS	225	glgS_1			Surface composition regulator
CHQ_3_01466	gene	600	mtlR			
CHQ_3_01466	CDS	600	mtlR		COG3722	Mannitol operon repressor
CHQ_3_01467	gene	1149	mtlD			
CHQ_3_01467	CDS	1149	mtlD	1.1.1.17	COG0246	Mannitol-1-phosphate 5-dehydrogenase
CHQ_3_01468	gene	1908	mtlA			
CHQ_3_01468	CDS	1908	mtlA		COG2213	PTS system mannitol-specific EIICBA component
CHQ_3_01469	gene	369	yiaW_1			
CHQ_3_01469	CDS	369	yiaW_1			Inner membrane protein YiaW
CHQ_3_01470	gene	1137	yibH_1			
CHQ_3_01470	CDS	1137	yibH_1		COG1566	Inner membrane protein YibH
CHQ_3_01471	gene	609	yibF			
CHQ_3_01471	CDS	609	yibF		COG0625	putative GST-like protein YibF
CHQ_3_01472	gene	1389	selA			
CHQ_3_01472	CDS	1389	selA	2.9.1.1	COG1921	L-seryl-tRNA(Sec) selenium transferase
CHQ_3_01473	gene	1842	selB			
CHQ_3_01473	CDS	1842	selB		COG3276	Selenocysteine-specific elongation factor
CHQ_3_01474	gene	1950	hypBA1			
CHQ_3_01474	CDS	1950	hypBA1	3.2.1.185		Non-reducing end beta-L-arabinofuranosidase
CHQ_3_01475	gene	1401	yicJ_2			
CHQ_3_01475	CDS	1401	yicJ_2		COG2211	Inner membrane symporter YicJ
CHQ_3_01476	gene	816	rhaR_3			
CHQ_3_01476	CDS	816	rhaR_3			HTH-type transcriptional activator RhaR
CHQ_3_01477	gene	486	hyfA_2			
CHQ_3_01477	CDS	486	hyfA_2	1.-.-.-	COG1142	Hydrogenase-4 component A
CHQ_3_01478	gene	1257	avtA			
CHQ_3_01478	CDS	1257	avtA	2.6.1.66	COG3977	Valine--pyruvate aminotransferase
CHQ_3_01479	gene	2034	malS			
CHQ_3_01479	CDS	2034	malS	3.2.1.1	COG0366	Periplasmic alpha-amylase
CHQ_3_01480	gene	564				
CHQ_3_01480	CDS	564				hypothetical protein
CHQ_3_01481	gene	1179	xylR			
CHQ_3_01481	CDS	1179	xylR			Xylose operon regulatory protein
CHQ_3_01482	gene	1182	xylH			
CHQ_3_01482	CDS	1182	xylH		COG4214	Xylose transport system permease protein XylH
CHQ_3_01483	gene	1542	xylG_1			
CHQ_3_01483	CDS	1542	xylG_1	7.5.2.10	COG1129	Xylose import ATP-binding protein XylG
CHQ_3_01484	gene	996	xylF			
CHQ_3_01484	CDS	996	xylF		COG4213	D-xylose-binding periplasmic protein
CHQ_3_01485	gene	1323	xylA_1			
CHQ_3_01485	CDS	1323	xylA_1	5.3.1.5		Xylose isomerase
CHQ_3_01486	gene	1455	xylB_1			
CHQ_3_01486	CDS	1455	xylB_1	2.7.1.17	COG1070	Xylulose kinase
CHQ_3_01487	gene	372	yiaB			
CHQ_3_01487	CDS	372	yiaB		COG4682	Inner membrane protein YiaB
CHQ_3_01488	gene	996	wecH			
CHQ_3_01488	CDS	996	wecH	2.3.1.-	COG3274	O-acetyltransferase WecH
CHQ_3_01489	gene	303				
CHQ_3_01489	CDS	303				hypothetical protein
CHQ_3_01490	gene	912	glyQ			
CHQ_3_01490	CDS	912	glyQ	6.1.1.14	COG0752	Glycine--tRNA ligase alpha subunit
CHQ_3_01491	gene	2070	glyS			
CHQ_3_01491	CDS	2070	glyS	6.1.1.14	COG0751	Glycine--tRNA ligase beta subunit
CHQ_3_01492	gene	153	hokA			
CHQ_3_01492	CDS	153	hokA			Protein HokA
CHQ_3_01493	gene	1620	yheS_2			
CHQ_3_01493	CDS	1620	yheS_2		COG0488	putative ABC transporter ATP-binding protein YheS
CHQ_3_01494	gene	213	cspA			
CHQ_3_01494	CDS	213	cspA		COG1278	Cold shock protein CspA
CHQ_3_01495	gene	291				
CHQ_3_01495	CDS	291				hypothetical protein
CHQ_3_01496	gene	1356	pcaK_1			
CHQ_3_01496	CDS	1356	pcaK_1		COG0477	4-hydroxybenzoate transporter PcaK
CHQ_3_01497	gene	711				
CHQ_3_01497	CDS	711				hypothetical protein
CHQ_3_01498	gene	972	ghrB			
CHQ_3_01498	CDS	972	ghrB	1.1.1.79	COG1052	Glyoxylate/hydroxypyruvate reductase B
CHQ_3_01499	gene	1281	ttuB_2			
CHQ_3_01499	CDS	1281	ttuB_2			Putative tartrate transporter
CHQ_3_01500	gene	936	kdgK_1			
CHQ_3_01500	CDS	936	kdgK_1	2.7.1.45	COG0524	2-dehydro-3-deoxygluconokinase
CHQ_3_01501	gene	750				
CHQ_3_01501	CDS	750				hypothetical protein
CHQ_3_01502	gene	1017	kdgR_2			
CHQ_3_01502	CDS	1017	kdgR_2		COG1609	HTH-type transcriptional regulator KdgR
CHQ_3_01503	gene	663	yiaD			
CHQ_3_01503	CDS	663	yiaD		COG2885	putative lipoprotein YiaD
CHQ_3_01504	gene	2331	bisC			
CHQ_3_01504	CDS	2331	bisC	1.-.-.-	COG0243	Biotin sulfoxide reductase
CHQ_3_01505	gene	441	yiaC			
CHQ_3_01505	CDS	441	yiaC	2.3.1.-	COG0454	Peptidyl-lysine N-acetyltransferase YiaC
CHQ_3_01506	gene	582	tag			
CHQ_3_01506	CDS	582	tag	3.2.2.20	COG2818	DNA-3-methyladenine glycosylase 1
CHQ_3_01507	gene	645				
CHQ_3_01507	CDS	645				hypothetical protein
CHQ_3_01508	gene	1206	yhjX			
CHQ_3_01508	CDS	1206	yhjX			putative MFS-type transporter YhjX
CHQ_3_01509	gene	1674	eptB			
CHQ_3_01509	CDS	1674	eptB	2.7.8.42	COG2194	Kdo(2)-lipid A phosphoethanolamine 7''-transferase
CHQ_3_01510	gene	1395				
CHQ_3_01510	CDS	1395				hypothetical protein
CHQ_3_01511	gene	77				
CHQ_3_01511	tRNA	77				tRNA-Pro(cgg)
CHQ_3_01512	gene	1608	dppA_1			
CHQ_3_01512	CDS	1608	dppA_1		COG0747	Periplasmic dipeptide transport protein
CHQ_3_01513	gene	1020	dppB_1			
CHQ_3_01513	CDS	1020	dppB_1		COG0601	Dipeptide transport system permease protein DppB
CHQ_3_01514	gene	903	dppC			
CHQ_3_01514	CDS	903	dppC		COG1173	Dipeptide transport system permease protein DppC
CHQ_3_01515	gene	984	dppD_1			
CHQ_3_01515	CDS	984	dppD_1		COG0444	Dipeptide transport ATP-binding protein DppD
CHQ_3_01516	gene	1014	oppF_1			
CHQ_3_01516	CDS	1014	oppF_1		COG4608	Oligopeptide transport ATP-binding protein OppF
CHQ_3_01517	gene	537				
CHQ_3_01517	CDS	537				hypothetical protein
CHQ_3_01518	gene	804	bcsQ_1			
CHQ_3_01518	CDS	804	bcsQ_1			Cellulose biosynthesis protein BcsQ
CHQ_3_01519	gene	2112	acsAB_1			
CHQ_3_01519	CDS	2112	acsAB_1		COG1215	Cellulose synthase 1
CHQ_3_01520	gene	2436	bcsB_1			
CHQ_3_01520	CDS	2436	bcsB_1			Cyclic di-GMP-binding protein
CHQ_3_01521	gene	4053	bepA_1			
CHQ_3_01521	CDS	4053	bepA_1	3.4.-.-		Beta-barrel assembly-enhancing protease
CHQ_3_01522	gene	477				
CHQ_3_01522	CDS	477				hypothetical protein
CHQ_3_01523	gene	1002				
CHQ_3_01523	CDS	1002		3.2.1.4		Endoglucanase
CHQ_3_01524	gene	1677	bcsG			
CHQ_3_01524	CDS	1677	bcsG			Cellulose biosynthesis protein BcsG
CHQ_3_01525	gene	198				
CHQ_3_01525	CDS	198				hypothetical protein
CHQ_3_01526	gene	1554	bcsE			
CHQ_3_01526	CDS	1554	bcsE			Cyclic di-GMP binding protein BcsE
CHQ_3_01527	gene	189	yhjR			
CHQ_3_01527	CDS	189	yhjR			Protein YhjR
CHQ_3_01528	gene	732	bcsQ_2			
CHQ_3_01528	CDS	732	bcsQ_2			Cellulose biosynthesis protein BcsQ
CHQ_3_01529	gene	2619	bcsA			
CHQ_3_01529	CDS	2619	bcsA	2.4.1.12	COG1215	Cellulose synthase catalytic subunit [UDP-forming]
CHQ_3_01530	gene	2325	bcsB_2			
CHQ_3_01530	CDS	2325	bcsB_2			Cyclic di-GMP-binding protein
CHQ_3_01531	gene	1110	bcsZ			
CHQ_3_01531	CDS	1110	bcsZ	3.2.1.4	COG3405	Endoglucanase
CHQ_3_01532	gene	3480	bcsC			
CHQ_3_01532	CDS	3480	bcsC		COG0457	Cellulose synthase operon protein C
CHQ_3_01533	gene	2007	pdeK			
CHQ_3_01533	CDS	2007	pdeK	3.1.4.52		putative cyclic di-GMP phosphodiesterase PdeK
CHQ_3_01534	gene	1287	dctA_1			
CHQ_3_01534	CDS	1287	dctA_1		COG1301	Aerobic C4-dicarboxylate transport protein
CHQ_3_01535	gene	1512	yhjJ			
CHQ_3_01535	CDS	1512	yhjJ		COG0612	Protein YhjJ
CHQ_3_01536	gene	930	kdgK_2			
CHQ_3_01536	CDS	930	kdgK_2	2.7.1.45		2-dehydro-3-deoxygluconokinase
CHQ_3_01537	gene	2052				
CHQ_3_01537	CDS	2052				hypothetical protein
CHQ_3_01538	gene	1323	yhjE			
CHQ_3_01538	CDS	1323	yhjE			Inner membrane metabolite transport protein YhjE
CHQ_3_01539	gene	1032	yhjD			
CHQ_3_01539	CDS	1032	yhjD		COG1295	Inner membrane protein YhjD
CHQ_3_01540	gene	900	dmlR_6			
CHQ_3_01540	CDS	900	dmlR_6			HTH-type transcriptional regulator DmlR
CHQ_3_01541	gene	759	fabG_2			
CHQ_3_01541	CDS	759	fabG_2	1.1.1.100		3-oxoacyl-[acyl-carrier-protein] reductase FabG
CHQ_3_01542	gene	534				
CHQ_3_01542	CDS	534				hypothetical protein
CHQ_3_01543	gene	1653	treF			
CHQ_3_01543	CDS	1653	treF	3.2.1.28	COG1626	Cytoplasmic trehalase
CHQ_3_01544	gene	1194	adh1			
CHQ_3_01544	CDS	1194	adh1	1.1.1.192	COG1454	Long-chain-alcohol dehydrogenase 1
CHQ_3_01545	gene	624	gstB_2			
CHQ_3_01545	CDS	624	gstB_2	2.5.1.18	COG0625	Glutathione S-transferase GstB
CHQ_3_01546	gene	1353	gor			
CHQ_3_01546	CDS	1353	gor	1.8.1.7	COG1249	Glutathione reductase
CHQ_3_01547	gene	843	rlmJ			
CHQ_3_01547	CDS	843	rlmJ	2.1.1.266	COG2961	Ribosomal RNA large subunit methyltransferase J
CHQ_3_01548	gene	1272				
CHQ_3_01548	CDS	1272				hypothetical protein
CHQ_3_01549	gene	2043	prlC			
CHQ_3_01549	CDS	2043	prlC	3.4.24.70	COG0339	Oligopeptidase A
CHQ_3_01550	gene	795	rsmJ			
CHQ_3_01550	CDS	795	rsmJ	2.1.1.242		Ribosomal RNA small subunit methyltransferase J
CHQ_3_01551	gene	1473	dtpB			
CHQ_3_01551	CDS	1473	dtpB		COG3104	Dipeptide and tripeptide permease B
CHQ_3_01552	gene	438	uspA			
CHQ_3_01552	CDS	438	uspA		COG0589	Universal stress protein A
CHQ_3_01553	gene	336	uspB			
CHQ_3_01553	CDS	336	uspB			Universal stress protein B
CHQ_3_01554	gene	1497	pitA			
CHQ_3_01554	CDS	1497	pitA		COG0306	Low-affinity inorganic phosphate transporter 1
CHQ_3_01555	gene	1149				
CHQ_3_01555	CDS	1149			COG2081	putative protein
CHQ_3_01556	gene	1884	norR_2			
CHQ_3_01556	CDS	1884	norR_2			Anaerobic nitric oxide reductase transcription regulator NorR
CHQ_3_01557	gene	1164				
CHQ_3_01557	CDS	1164		3.1.1.-	COG3964	Deacetylase
CHQ_3_01558	gene	1395	ybhI			
CHQ_3_01558	CDS	1395	ybhI		COG0471	Inner membrane protein YbhI
CHQ_3_01559	gene	699	proA_1			
CHQ_3_01559	CDS	699	proA_1	4.1.3.16		4-hydroxy-4-methyl-2-oxoglutarate aldolase/4-carboxy-4-hydroxy-2-oxoadipate aldolase
CHQ_3_01560	gene	954				
CHQ_3_01560	CDS	954		1.1.1.81	COG0111	Hydroxypyruvate reductase
CHQ_3_01561	gene	276				
CHQ_3_01561	CDS	276				hypothetical protein
CHQ_3_01562	gene	498				
CHQ_3_01562	CDS	498			COG2239	Magnesium transporter MgtE
CHQ_3_01563	gene	204				
CHQ_3_01563	CDS	204				hypothetical protein
CHQ_3_01564	gene	1590	purH			
CHQ_3_01564	CDS	1590	purH		COG0138	Bifunctional purine biosynthesis protein PurH
CHQ_3_01565	gene	1296	purD			
CHQ_3_01565	CDS	1296	purD	6.3.4.13	COG0151	Phosphoribosylamine--glycine ligase
CHQ_3_01566	gene	1332	zraR			
CHQ_3_01566	CDS	1332	zraR		COG2204	Transcriptional regulatory protein ZraR
CHQ_3_01567	gene	1395	zraS			
CHQ_3_01567	CDS	1395	zraS	2.7.13.3		Sensor protein ZraS
CHQ_3_01568	gene	438	zraP			
CHQ_3_01568	CDS	438	zraP		COG3678	Zinc resistance-associated protein
CHQ_3_01569	gene	696				
CHQ_3_01569	CDS	696				hypothetical protein
CHQ_3_01570	gene	273	hupA			
CHQ_3_01570	CDS	273	hupA			DNA-binding protein HU-alpha
CHQ_3_01571	gene	591				
CHQ_3_01571	CDS	591			COG3068	putative protein
CHQ_3_01572	gene	672	nfi			
CHQ_3_01572	CDS	672	nfi	3.1.21.7	COG1515	Endonuclease V
CHQ_3_01573	gene	1065	hemE			
CHQ_3_01573	CDS	1065	hemE	4.1.1.37	COG0407	Uroporphyrinogen decarboxylase
CHQ_3_01574	gene	774	nudC			
CHQ_3_01574	CDS	774	nudC	3.6.1.22	COG2816	NADH pyrophosphatase
CHQ_3_01575	gene	498	rsd			
CHQ_3_01575	CDS	498	rsd		COG3160	Regulator of sigma D
CHQ_3_01576	gene	1896	thiC			
CHQ_3_01576	CDS	1896	thiC	4.1.99.17	COG0422	Phosphomethylpyrimidine synthase
CHQ_3_01577	gene	636	thiE			
CHQ_3_01577	CDS	636	thiE	2.5.1.3	COG0352	Thiamine-phosphate synthase
CHQ_3_01578	gene	756	thiF			
CHQ_3_01578	CDS	756	thiF	2.7.7.73	COG0476	Sulfur carrier protein ThiS adenylyltransferase
CHQ_3_01579	gene	201	thiS			
CHQ_3_01579	CDS	201	thiS		COG2104	Sulfur carrier protein ThiS
CHQ_3_01580	gene	771	thiG			
CHQ_3_01580	CDS	771	thiG	2.8.1.10	COG2022	Thiazole synthase
CHQ_3_01581	gene	1134	thiH			
CHQ_3_01581	CDS	1134	thiH	4.1.99.19	COG1060	2-iminoacetate synthase
CHQ_3_01582	gene	1533				
CHQ_3_01582	CDS	1533				hypothetical protein
CHQ_3_01583	gene	306	celA_1			
CHQ_3_01583	CDS	306	celA_1	2.7.1.205		PTS system cellobiose-specific EIIB component
CHQ_3_01584	gene	318	chbA_2			
CHQ_3_01584	CDS	318	chbA_2		COG1447	PTS system N,N'-diacetylchitobiose-specific EIIA component
CHQ_3_01585	gene	1341	dcuB			
CHQ_3_01585	CDS	1341	dcuB		COG2704	Anaerobic C4-dicarboxylate transporter DcuB
CHQ_3_01586	gene	4224	rpoC			
CHQ_3_01586	CDS	4224	rpoC	2.7.7.6	COG0086	DNA-directed RNA polymerase subunit beta'
CHQ_3_01587	gene	4029	rpoB			
CHQ_3_01587	CDS	4029	rpoB	2.7.7.6	COG0085	DNA-directed RNA polymerase subunit beta
CHQ_3_01588	gene	366	rplL			
CHQ_3_01588	CDS	366	rplL		COG0222	50S ribosomal protein L7/L12
CHQ_3_01589	gene	498	rplJ			
CHQ_3_01589	CDS	498	rplJ		COG0244	50S ribosomal protein L10
CHQ_3_01590	gene	705	rplA			
CHQ_3_01590	CDS	705	rplA		COG0081	50S ribosomal protein L1
CHQ_3_01591	gene	429	rplK			
CHQ_3_01591	CDS	429	rplK		COG0080	50S ribosomal protein L11
CHQ_3_01592	gene	546	nusG			
CHQ_3_01592	CDS	546	nusG		COG0250	Transcription termination/antitermination protein NusG
CHQ_3_01593	gene	384	secE			
CHQ_3_01593	CDS	384	secE		COG0690	Protein translocase subunit SecE
CHQ_3_01594	gene	261	tuf1_1			
CHQ_3_01594	CDS	261	tuf1_1			Elongation factor Tu 1
CHQ_3_01595	gene	162				
CHQ_3_01595	CDS	162				hypothetical protein
CHQ_3_01596	gene	579				
CHQ_3_01596	CDS	579				hypothetical protein
CHQ_3_01597	gene	573				
CHQ_3_01597	CDS	573				hypothetical protein
CHQ_3_01598	gene	312				
CHQ_3_01598	CDS	312				hypothetical protein
CHQ_3_01599	gene	540				
CHQ_3_01599	CDS	540				hypothetical protein
CHQ_3_01600	gene	348				
CHQ_3_01600	CDS	348				hypothetical protein
CHQ_3_01601	gene	276				
CHQ_3_01601	CDS	276				hypothetical protein
CHQ_3_01602	gene	303				
CHQ_3_01602	CDS	303				hypothetical protein
CHQ_3_01603	gene	435				
CHQ_3_01603	CDS	435				hypothetical protein
CHQ_3_01604	gene	351				
CHQ_3_01604	CDS	351				hypothetical protein
CHQ_3_01605	gene	498				
CHQ_3_01605	CDS	498				hypothetical protein
CHQ_3_01606	gene	1752				
CHQ_3_01606	CDS	1752				hypothetical protein
CHQ_3_01607	gene	162				
CHQ_3_01607	CDS	162				hypothetical protein
CHQ_3_01608	gene	1227				
CHQ_3_01608	CDS	1227				hypothetical protein
CHQ_3_01609	gene	600				
CHQ_3_01609	CDS	600				hypothetical protein
CHQ_3_01610	gene	1239				
CHQ_3_01610	CDS	1239				hypothetical protein
CHQ_3_01611	gene	318				
CHQ_3_01611	CDS	318				hypothetical protein
CHQ_3_01612	gene	555	yrdA_1			
CHQ_3_01612	CDS	555	yrdA_1		COG0663	Protein YrdA
CHQ_3_01613	gene	258				
CHQ_3_01613	CDS	258				hypothetical protein
CHQ_3_01614	gene	819	aroE_1			
CHQ_3_01614	CDS	819	aroE_1	1.1.1.25	COG0169	Shikimate dehydrogenase (NADP(+))
CHQ_3_01615	gene	573	tsaC			
CHQ_3_01615	CDS	573	tsaC	2.7.7.87	COG0009	Threonylcarbamoyl-AMP synthase
CHQ_3_01616	gene	543	topA_1			
CHQ_3_01616	CDS	543	topA_1	5.6.2.1	COG0550	DNA topoisomerase 1
CHQ_3_01617	gene	474	smg			
CHQ_3_01617	CDS	474	smg			Protein Smg
CHQ_3_01618	gene	1125				
CHQ_3_01618	CDS	1125				hypothetical protein
CHQ_3_01619	gene	510	def			
CHQ_3_01619	CDS	510	def	3.5.1.88	COG0242	Peptide deformylase
CHQ_3_01620	gene	948	fmt			
CHQ_3_01620	CDS	948	fmt	2.1.2.9	COG0223	Methionyl-tRNA formyltransferase
CHQ_3_01621	gene	1296	rsmB			
CHQ_3_01621	CDS	1296	rsmB	2.1.1.176	COG0144	Ribosomal RNA small subunit methyltransferase B
CHQ_3_01622	gene	1377	trkA			
CHQ_3_01622	CDS	1377	trkA		COG0569	Trk system potassium uptake protein TrkA
CHQ_3_01623	gene	414	mscL			
CHQ_3_01623	CDS	414	mscL		COG1970	Large-conductance mechanosensitive channel
CHQ_3_01624	gene	279				
CHQ_3_01624	CDS	279				hypothetical protein
CHQ_3_01625	gene	426	zntR			
CHQ_3_01625	CDS	426	zntR		COG0789	HTH-type transcriptional regulator ZntR
CHQ_3_01626	gene	369				
CHQ_3_01626	CDS	369				hypothetical protein
CHQ_3_01627	gene	387	rplQ			
CHQ_3_01627	CDS	387	rplQ		COG0203	50S ribosomal protein L17
CHQ_3_01628	gene	990	rpoA			
CHQ_3_01628	CDS	990	rpoA	2.7.7.6		DNA-directed RNA polymerase subunit alpha
CHQ_3_01629	gene	621	rpsD			
CHQ_3_01629	CDS	621	rpsD		COG0522	30S ribosomal protein S4
CHQ_3_01630	gene	357	rpsM			
CHQ_3_01630	CDS	357	rpsM		COG0099	30S ribosomal protein S13
CHQ_3_01631	gene	1332	secY			
CHQ_3_01631	CDS	1332	secY		COG0201	Protein translocase subunit SecY
CHQ_3_01632	gene	435	rplO			
CHQ_3_01632	CDS	435	rplO		COG0200	50S ribosomal protein L15
CHQ_3_01633	gene	180	rpmD			
CHQ_3_01633	CDS	180	rpmD		COG1841	50S ribosomal protein L30
CHQ_3_01634	gene	504	rpsE			
CHQ_3_01634	CDS	504	rpsE		COG0098	30S ribosomal protein S5
CHQ_3_01635	gene	354	rplR			
CHQ_3_01635	CDS	354	rplR		COG0256	50S ribosomal protein L18
CHQ_3_01636	gene	534	rplF			
CHQ_3_01636	CDS	534	rplF		COG0097	50S ribosomal protein L6
CHQ_3_01637	gene	393	rpsH			
CHQ_3_01637	CDS	393	rpsH		COG0096	30S ribosomal protein S8
CHQ_3_01638	gene	306	rpsN			
CHQ_3_01638	CDS	306	rpsN		COG0199	30S ribosomal protein S14
CHQ_3_01639	gene	540	rplE			
CHQ_3_01639	CDS	540	rplE		COG0094	50S ribosomal protein L5
CHQ_3_01640	gene	315	rplX			
CHQ_3_01640	CDS	315	rplX		COG0198	50S ribosomal protein L24
CHQ_3_01641	gene	372	rplN			
CHQ_3_01641	CDS	372	rplN		COG0093	50S ribosomal protein L14
CHQ_3_01642	gene	255	rpsQ			
CHQ_3_01642	CDS	255	rpsQ		COG0186	30S ribosomal protein S17
CHQ_3_01643	gene	192	rpmC			
CHQ_3_01643	CDS	192	rpmC		COG0255	50S ribosomal protein L29
CHQ_3_01644	gene	411	rplP			
CHQ_3_01644	CDS	411	rplP		COG0197	50S ribosomal protein L16
CHQ_3_01645	gene	699	rpsC			
CHQ_3_01645	CDS	699	rpsC		COG0092	30S ribosomal protein S3
CHQ_3_01646	gene	333	rplV			
CHQ_3_01646	CDS	333	rplV		COG0091	50S ribosomal protein L22
CHQ_3_01647	gene	279	rpsS			
CHQ_3_01647	CDS	279	rpsS		COG0185	30S ribosomal protein S19
CHQ_3_01648	gene	822	rplB			
CHQ_3_01648	CDS	822	rplB		COG0090	50S ribosomal protein L2
CHQ_3_01649	gene	303	rplW			
CHQ_3_01649	CDS	303	rplW		COG0089	50S ribosomal protein L23
CHQ_3_01650	gene	606	rplD			
CHQ_3_01650	CDS	606	rplD		COG0088	50S ribosomal protein L4
CHQ_3_01651	gene	630	rplC			
CHQ_3_01651	CDS	630	rplC		COG0087	50S ribosomal protein L3
CHQ_3_01652	gene	312	rpsJ			
CHQ_3_01652	CDS	312	rpsJ		COG0051	30S ribosomal protein S10
CHQ_3_01653	gene	507				
CHQ_3_01653	CDS	507				hypothetical protein
CHQ_3_01654	gene	477	bfr			
CHQ_3_01654	CDS	477	bfr	1.16.3.1	COG2193	Bacterioferritin
CHQ_3_01655	gene	195	bfd			
CHQ_3_01655	CDS	195	bfd		COG2906	Bacterioferritin-associated ferredoxin
CHQ_3_01656	gene	261	tuf1_2			
CHQ_3_01656	CDS	261	tuf1_2			Elongation factor Tu 1
CHQ_3_01657	gene	162				
CHQ_3_01657	CDS	162				hypothetical protein
CHQ_3_01658	gene	822				
CHQ_3_01658	CDS	822				hypothetical protein
CHQ_3_01659	gene	312				
CHQ_3_01659	CDS	312				hypothetical protein
CHQ_3_01660	gene	540				
CHQ_3_01660	CDS	540				hypothetical protein
CHQ_3_01661	gene	348				
CHQ_3_01661	CDS	348				hypothetical protein
CHQ_3_01662	gene	276				
CHQ_3_01662	CDS	276				hypothetical protein
CHQ_3_01663	gene	246				
CHQ_3_01663	CDS	246				hypothetical protein
CHQ_3_01664	gene	186				
CHQ_3_01664	CDS	186				hypothetical protein
CHQ_3_01665	gene	342				
CHQ_3_01665	CDS	342				hypothetical protein
CHQ_3_01666	gene	465				
CHQ_3_01666	CDS	465				hypothetical protein
CHQ_3_01667	gene	1743				
CHQ_3_01667	CDS	1743				hypothetical protein
CHQ_3_01668	gene	1308				
CHQ_3_01668	CDS	1308				hypothetical protein
CHQ_3_01669	gene	849	clpP_1			
CHQ_3_01669	CDS	849	clpP_1	3.4.21.92		ATP-dependent Clp protease proteolytic subunit
CHQ_3_01670	gene	1218				
CHQ_3_01670	CDS	1218				hypothetical protein
CHQ_3_01671	gene	207				
CHQ_3_01671	CDS	207				hypothetical protein
CHQ_3_01672	gene	198				
CHQ_3_01672	CDS	198				hypothetical protein
CHQ_3_01673	gene	885	phnE			
CHQ_3_01673	CDS	885	phnE		COG3639	Phosphate-import permease protein PhnE
CHQ_3_01674	gene	873				
CHQ_3_01674	CDS	873				hypothetical protein
CHQ_3_01675	gene	900				
CHQ_3_01675	CDS	900				hypothetical protein
CHQ_3_01676	gene	843	phnC			
CHQ_3_01676	CDS	843	phnC	7.3.2.1	COG3638	Phosphate-import ATP-binding protein PhnC
CHQ_3_01677	gene	543	ecpR			
CHQ_3_01677	CDS	543	ecpR			HTH-type transcriptional regulator EcpR
CHQ_3_01678	gene	588	ecpA_1			
CHQ_3_01678	CDS	588	ecpA_1			Common pilus major fimbrillin subunit EcpA
CHQ_3_01679	gene	669	ecpB_1			
CHQ_3_01679	CDS	669	ecpB_1			putative fimbrial chaperone EcpB
CHQ_3_01680	gene	2526	ecpC_1			
CHQ_3_01680	CDS	2526	ecpC_1			putative outer membrane usher protein EcpC
CHQ_3_01681	gene	1644	ecpD_1			
CHQ_3_01681	CDS	1644	ecpD_1			Fimbria adhesin EcpD
CHQ_3_01682	gene	711	ecpE_1			
CHQ_3_01682	CDS	711	ecpE_1			putative fimbrial chaperone EcpE
CHQ_3_01683	gene	690	glnP_1			
CHQ_3_01683	CDS	690	glnP_1		COG0765	putative glutamine ABC transporter permease protein GlnP
CHQ_3_01684	gene	753	gltJ_1			
CHQ_3_01684	CDS	753	gltJ_1		COG0765	Glutamate/aspartate import permease protein GltJ
CHQ_3_01685	gene	819	glnQ_3			
CHQ_3_01685	CDS	819	glnQ_3			Glutamine transport ATP-binding protein GlnQ
CHQ_3_01686	gene	810	glnH_2			
CHQ_3_01686	CDS	810	glnH_2		COG0834	ABC transporter glutamine-binding protein GlnH
CHQ_3_01687	gene	171				
CHQ_3_01687	CDS	171				hypothetical protein
CHQ_3_01688	gene	696	livF_3			
CHQ_3_01688	CDS	696	livF_3		COG0410	High-affinity branched-chain amino acid transport ATP-binding protein LivF
CHQ_3_01689	gene	783	lptB_2			
CHQ_3_01689	CDS	783	lptB_2	3.6.3.-	COG1137	Lipopolysaccharide export system ATP-binding protein LptB
CHQ_3_01690	gene	1050				
CHQ_3_01690	CDS	1050				hypothetical protein
CHQ_3_01691	gene	900	livH_3			
CHQ_3_01691	CDS	900	livH_3		COG0559	High-affinity branched-chain amino acid transport system permease protein LivH
CHQ_3_01692	gene	1137				
CHQ_3_01692	CDS	1137			COG0683	Leu/Ile/Val-binding protein 
CHQ_3_01693	gene	777	eutC_1			
CHQ_3_01693	CDS	777	eutC_1	4.3.1.7	COG4302	Ethanolamine ammonia-lyase light chain
CHQ_3_01694	gene	1389	eutB_1			
CHQ_3_01694	CDS	1389	eutB_1	4.3.1.7	COG4303	Ethanolamine ammonia-lyase heavy chain
CHQ_3_01695	gene	1380	yhdG			
CHQ_3_01695	CDS	1380	yhdG		COG0531	putative amino acid permease YhdG
CHQ_3_01696	gene	1410	rocC			
CHQ_3_01696	CDS	1410	rocC		COG0833	Amino-acid permease RocC
CHQ_3_01697	gene	933	mmuM			
CHQ_3_01697	CDS	933	mmuM	2.1.1.10	COG2040	Homocysteine S-methyltransferase
CHQ_3_01698	gene	963	tauA			
CHQ_3_01698	CDS	963	tauA		COG4521	Taurine-binding periplasmic protein
CHQ_3_01699	gene	768	tauB			
CHQ_3_01699	CDS	768	tauB	7.6.2.7	COG4525	Taurine import ATP-binding protein TauB
CHQ_3_01700	gene	828	ssuC_2			
CHQ_3_01700	CDS	828	ssuC_2		COG0600	Putative aliphatic sulfonates transport permease protein SsuC
CHQ_3_01701	gene	852	tauD			
CHQ_3_01701	CDS	852	tauD	1.14.11.17	COG2175	Alpha-ketoglutarate-dependent taurine dioxygenase
CHQ_3_01702	gene	1719				
CHQ_3_01702	CDS	1719				hypothetical protein
CHQ_3_01703	gene	492	rayT			
CHQ_3_01703	CDS	492	rayT		COG1943	REP-associated tyrosine transposase
CHQ_3_01704	gene	975	hemB			
CHQ_3_01704	CDS	975	hemB	4.2.1.24	COG0113	Delta-aminolevulinic acid dehydratase
CHQ_3_01705	gene	1161	ampH			
CHQ_3_01705	CDS	1161	ampH	3.4.-.-	COG1680	D-alanyl-D-alanine-carboxypeptidase/endopeptidase AmpH
CHQ_3_01706	gene	534	rutB_2			
CHQ_3_01706	CDS	534	rutB_2	3.5.1.110		Peroxyureidoacrylate/ureidoacrylate amidohydrolase RutB
CHQ_3_01707	gene	1221	sbmA			
CHQ_3_01707	CDS	1221	sbmA		COG1133	Peptide antibiotic transporter SbmA
CHQ_3_01708	gene	1107				
CHQ_3_01708	CDS	1107				hypothetical protein
CHQ_3_01709	gene	303	yaiY			
CHQ_3_01709	CDS	303	yaiY			Inner membrane protein YaiY
CHQ_3_01710	gene	204				
CHQ_3_01710	CDS	204				hypothetical protein
CHQ_3_01711	gene	1098	ddlA			
CHQ_3_01711	CDS	1098	ddlA	6.3.2.4	COG1181	D-alanine--D-alanine ligase A
CHQ_3_01712	gene	684				
CHQ_3_01712	CDS	684				hypothetical protein
CHQ_3_01713	gene	1200	sbnD_2			
CHQ_3_01713	CDS	1200	sbnD_2			Staphyloferrin B transporter
CHQ_3_01714	gene	261	iraP			
CHQ_3_01714	CDS	261	iraP			Anti-adapter protein IraP
CHQ_3_01715	gene	1416	phoA			
CHQ_3_01715	CDS	1416	phoA	3.1.3.1	COG1785	Alkaline phosphatase
CHQ_3_01716	gene	318	psiF			
CHQ_3_01716	CDS	318	psiF			Phosphate starvation-inducible protein PsiF
CHQ_3_01717	gene	810	proC			
CHQ_3_01717	CDS	810	proC	1.5.1.2	COG0345	Pyrroline-5-carboxylate reductase
CHQ_3_01718	gene	459				
CHQ_3_01718	CDS	459				hypothetical protein
CHQ_3_01719	gene	702				
CHQ_3_01719	CDS	702				hypothetical protein
CHQ_3_01720	gene	534	aroL			
CHQ_3_01720	CDS	534	aroL	2.7.1.71	COG0703	Shikimate kinase 2
CHQ_3_01721	gene	192	yaiA			
CHQ_3_01721	CDS	192	yaiA			putative protein YaiA
CHQ_3_01722	gene	666				
CHQ_3_01722	CDS	666				hypothetical protein
CHQ_3_01723	gene	285	ppnP			
CHQ_3_01723	CDS	285	ppnP	2.4.2.1	COG3123	Pyrimidine/purine nucleoside phosphorylase
CHQ_3_01724	gene	912	rdgC			
CHQ_3_01724	CDS	912	rdgC		COG2974	Recombination-associated protein RdgC
CHQ_3_01725	gene	915	mak_2			
CHQ_3_01725	CDS	915	mak_2	2.7.1.4	COG1940	Fructokinase
CHQ_3_01726	gene	3150	sbcC			
CHQ_3_01726	CDS	3150	sbcC		COG0419	Nuclease SbcCD subunit C
CHQ_3_01727	gene	1206	sbcD			
CHQ_3_01727	CDS	1206	sbcD		COG0420	Nuclease SbcCD subunit D
CHQ_3_01728	gene	690	phoB_1			
CHQ_3_01728	CDS	690	phoB_1		COG0745	Phosphate regulon transcriptional regulatory protein PhoB
CHQ_3_01729	gene	1296	phoR			
CHQ_3_01729	CDS	1296	phoR	2.7.13.3		Phosphate regulon sensor protein PhoR
CHQ_3_01730	gene	1320	brnQ			
CHQ_3_01730	CDS	1320	brnQ		COG1114	Branched-chain amino acid transport system 2 carrier protein
CHQ_3_01731	gene	1374	proY_1			
CHQ_3_01731	CDS	1374	proY_1		COG1113	Proline-specific permease ProY
CHQ_3_01732	gene	1818	malZ			
CHQ_3_01732	CDS	1818	malZ	3.2.1.20	COG0366	Maltodextrin glucosidase
CHQ_3_01733	gene	903	yhaJ_2			
CHQ_3_01733	CDS	903	yhaJ_2			HTH-type transcriptional regulator YhaJ
CHQ_3_01734	gene	642				
CHQ_3_01734	CDS	642				hypothetical protein
CHQ_3_01735	gene	546				
CHQ_3_01735	CDS	546				hypothetical protein
CHQ_3_01736	gene	1869	nfdA			
CHQ_3_01736	CDS	1869	nfdA	3.5.1.91		N-substituted formamide deformylase
CHQ_3_01737	gene	861	fba			
CHQ_3_01737	CDS	861	fba	4.1.2.13		Fructose-bisphosphate aldolase
CHQ_3_01738	gene	963	yihV			
CHQ_3_01738	CDS	963	yihV	2.7.1.184		Sulfofructose kinase
CHQ_3_01739	gene	1392	ulaA_2			
CHQ_3_01739	CDS	1392	ulaA_2		COG3037	Ascorbate-specific PTS system EIIC component
CHQ_3_01740	gene	288				
CHQ_3_01740	CDS	288				hypothetical protein
CHQ_3_01741	gene	444				
CHQ_3_01741	CDS	444				hypothetical protein
CHQ_3_01742	gene	603	ahpC_1			
CHQ_3_01742	CDS	603	ahpC_1	1.11.1.15	COG0450	Alkyl hydroperoxide reductase C
CHQ_3_01743	gene	582	acpH			
CHQ_3_01743	CDS	582	acpH	3.1.4.14	COG3124	Acyl carrier protein phosphodiesterase
CHQ_3_01744	gene	1065	queA			
CHQ_3_01744	CDS	1065	queA	2.4.99.17	COG0809	S-adenosylmethionine:tRNA ribosyltransferase-isomerase
CHQ_3_01745	gene	1128	tgt			
CHQ_3_01745	CDS	1128	tgt	2.4.2.29	COG0343	Queuine tRNA-ribosyltransferase
CHQ_3_01746	gene	333	yajC			
CHQ_3_01746	CDS	333	yajC		COG1862	Sec translocon accessory complex subunit YajC
CHQ_3_01747	gene	1815	secD			
CHQ_3_01747	CDS	1815	secD		COG0342	Protein translocase subunit SecD
CHQ_3_01748	gene	972	secF			
CHQ_3_01748	CDS	972	secF		COG0341	Protein translocase subunit SecF
CHQ_3_01749	gene	366				
CHQ_3_01749	CDS	366				hypothetical protein
CHQ_3_01750	gene	696				
CHQ_3_01750	CDS	696				hypothetical protein
CHQ_3_01751	gene	885	tsx			
CHQ_3_01751	CDS	885	tsx		COG3248	Nucleoside-specific channel-forming protein Tsx
CHQ_3_01752	gene	540	yajI			
CHQ_3_01752	CDS	540	yajI			putative lipoprotein YajI
CHQ_3_01753	gene	450	nrdR			
CHQ_3_01753	CDS	450	nrdR		COG1327	Transcriptional repressor NrdR
CHQ_3_01754	gene	1104	ribD			
CHQ_3_01754	CDS	1104	ribD		COG0117	Riboflavin biosynthesis protein RibD
CHQ_3_01755	gene	471	ribE			
CHQ_3_01755	CDS	471	ribE	2.5.1.78	COG0054	6,7-dimethyl-8-ribityllumazine synthase
CHQ_3_01756	gene	420	nusB			
CHQ_3_01756	CDS	420	nusB		COG0781	Transcription antitermination protein NusB
CHQ_3_01757	gene	972	thiL			
CHQ_3_01757	CDS	972	thiL	2.7.4.16	COG0611	Thiamine-monophosphate kinase
CHQ_3_01758	gene	504	pgpA			
CHQ_3_01758	CDS	504	pgpA	3.1.3.27	COG1267	Phosphatidylglycerophosphatase A
CHQ_3_01759	gene	975	yajO_2			
CHQ_3_01759	CDS	975	yajO_2	1.1.-.-	COG0667	1-deoxyxylulose-5-phosphate synthase YajO
CHQ_3_01760	gene	1863	dxs			
CHQ_3_01760	CDS	1863	dxs	2.2.1.7	COG1154	1-deoxy-D-xylulose-5-phosphate synthase
CHQ_3_01761	gene	900	ispA			
CHQ_3_01761	CDS	900	ispA	2.5.1.10	COG0142	Farnesyl diphosphate synthase
CHQ_3_01762	gene	243	xseB			
CHQ_3_01762	CDS	243	xseB	3.1.11.6	COG1722	Exodeoxyribonuclease 7 small subunit
CHQ_3_01763	gene	1449	thiI			
CHQ_3_01763	CDS	1449	thiI	2.8.1.4	COG0301	tRNA sulfurtransferase
CHQ_3_01764	gene	477				
CHQ_3_01764	CDS	477				hypothetical protein
CHQ_3_01765	gene	594	yajL			
CHQ_3_01765	CDS	594	yajL	3.1.2.-	COG0693	Protein/nucleic acid deglycase 3
CHQ_3_01766	gene	912	panE			
CHQ_3_01766	CDS	912	panE	1.1.1.169	COG1893	2-dehydropantoate 2-reductase
CHQ_3_01767	gene	492				
CHQ_3_01767	CDS	492				hypothetical protein
CHQ_3_01768	gene	1365	yajR			
CHQ_3_01768	CDS	1365	yajR		COG0477	Inner membrane transport protein YajR
CHQ_3_01769	gene	1179	iolG_1			
CHQ_3_01769	CDS	1179	iolG_1	1.1.1.369		Inositol 2-dehydrogenase/D-chiro-inositol 3-dehydrogenase
CHQ_3_01770	gene	1362	pcaK_2			
CHQ_3_01770	CDS	1362	pcaK_2		COG0477	4-hydroxybenzoate transporter PcaK
CHQ_3_01771	gene	819				
CHQ_3_01771	CDS	819				hypothetical protein
CHQ_3_01772	gene	1692	ksdD			
CHQ_3_01772	CDS	1692	ksdD	1.3.99.4	COG1053	3-oxosteroid 1-dehydrogenase
CHQ_3_01773	gene	321				
CHQ_3_01773	CDS	321				hypothetical protein
CHQ_3_01774	gene	1677	kstD			
CHQ_3_01774	CDS	1677	kstD	1.3.99.4	COG1053	3-oxosteroid 1-dehydrogenase
CHQ_3_01775	gene	822	ydiB_2			
CHQ_3_01775	CDS	822	ydiB_2	1.1.1.282	COG0169	Quinate/shikimate dehydrogenase
CHQ_3_01776	gene	759	pcaU			
CHQ_3_01776	CDS	759	pcaU		COG1414	Pca operon regulatory protein
CHQ_3_01777	gene	333				
CHQ_3_01777	CDS	333				hypothetical protein
CHQ_3_01778	gene	888	cyoE			
CHQ_3_01778	CDS	888	cyoE	2.5.1.141	COG0109	Protoheme IX farnesyltransferase
CHQ_3_01779	gene	330	cyoD			
CHQ_3_01779	CDS	330	cyoD		COG3125	Cytochrome bo(3) ubiquinol oxidase subunit 4
CHQ_3_01780	gene	612	cyoC			
CHQ_3_01780	CDS	612	cyoC		COG1845	Cytochrome bo(3) ubiquinol oxidase subunit 3
CHQ_3_01781	gene	1992	cyoB			
CHQ_3_01781	CDS	1992	cyoB	7.1.1.3	COG0843	Cytochrome bo(3) ubiquinol oxidase subunit 1
CHQ_3_01782	gene	945	cyoA			
CHQ_3_01782	CDS	945	cyoA		COG1622	Cytochrome bo(3) ubiquinol oxidase subunit 2
CHQ_3_01783	gene	1476	ampG			
CHQ_3_01783	CDS	1476	ampG		COG0477	Anhydromuropeptide permease
CHQ_3_01784	gene	579				
CHQ_3_01784	CDS	579				hypothetical protein
CHQ_3_01785	gene	315	bolA			
CHQ_3_01785	CDS	315	bolA		COG0271	DNA-binding transcriptional regulator BolA
CHQ_3_01786	gene	1299	tig			
CHQ_3_01786	CDS	1299	tig	5.2.1.8	COG0544	Trigger factor
CHQ_3_01787	gene	624	clpP_2			
CHQ_3_01787	CDS	624	clpP_2	3.4.21.92	COG0740	ATP-dependent Clp protease proteolytic subunit
CHQ_3_01788	gene	1275	clpX			
CHQ_3_01788	CDS	1275	clpX		COG1219	ATP-dependent Clp protease ATP-binding subunit ClpX
CHQ_3_01789	gene	2355	lon_2			
CHQ_3_01789	CDS	2355	lon_2	3.4.21.53	COG0466	Lon protease
CHQ_3_01790	gene	1875	ppiD			
CHQ_3_01790	CDS	1875	ppiD	5.2.1.8	COG0760	Peptidyl-prolyl cis-trans isomerase D
CHQ_3_01791	gene	369				
CHQ_3_01791	CDS	369			COG1555	putative protein
CHQ_3_01792	gene	402	fadM			
CHQ_3_01792	CDS	402	fadM	3.1.2.-	COG0824	Long-chain acyl-CoA thioesterase FadM
CHQ_3_01793	gene	702	queC			
CHQ_3_01793	CDS	702	queC	6.3.4.20	COG0603	7-cyano-7-deazaguanine synthase
CHQ_3_01794	gene	1698	sgrR_1			
CHQ_3_01794	CDS	1698	sgrR_1		COG4533	HTH-type transcriptional regulator SgrR
CHQ_3_01795	gene	819	cof			
CHQ_3_01795	CDS	819	cof	3.6.1.-	COG0561	HMP-PP phosphatase
CHQ_3_01796	gene	1053	sbnA			
CHQ_3_01796	CDS	1053	sbnA	2.5.1.140		N-(2-amino-2-carboxyethyl)-L-glutamate synthase
CHQ_3_01797	gene	459	decR			
CHQ_3_01797	CDS	459	decR		COG1522	DNA-binding transcriptional activator DecR
CHQ_3_01798	gene	1773	yheI			
CHQ_3_01798	CDS	1773	yheI	3.6.3.-	COG1132	putative multidrug resistance ABC transporter ATP-binding/permease protein YheI
CHQ_3_01799	gene	1779	mdlB			
CHQ_3_01799	CDS	1779	mdlB	7.6.2.2	COG1132	Multidrug resistance-like ATP-binding protein MdlB
CHQ_3_01800	gene	339	glnK			
CHQ_3_01800	CDS	339	glnK		COG0347	Nitrogen regulatory protein P-II 2
CHQ_3_01801	gene	1287	amtB			
CHQ_3_01801	CDS	1287	amtB			Ammonia channel
CHQ_3_01802	gene	864	tesB			
CHQ_3_01802	CDS	864	tesB	3.1.2.-	COG1946	Acyl-CoA thioesterase 2
CHQ_3_01803	gene	492	ybaY			
CHQ_3_01803	CDS	492	ybaY		COG3126	putative lipoprotein YbaY
CHQ_3_01804	gene	312	atl			
CHQ_3_01804	CDS	312	atl		COG3695	DNA base-flipping protein
CHQ_3_01805	gene	408				
CHQ_3_01805	CDS	408				hypothetical protein
CHQ_3_01806	gene	258				
CHQ_3_01806	CDS	258				hypothetical protein
CHQ_3_01807	gene	216				
CHQ_3_01807	CDS	216				hypothetical protein
CHQ_3_01808	gene	1428	norG_1			
CHQ_3_01808	CDS	1428	norG_1		COG1167	HTH-type transcriptional regulator NorG
CHQ_3_01809	gene	615				
CHQ_3_01809	CDS	615				hypothetical protein
CHQ_3_01810	gene	828	rcnA			
CHQ_3_01810	CDS	828	rcnA		COG2215	Nickel/cobalt efflux system RcnA
CHQ_3_01811	gene	273	rcnR			
CHQ_3_01811	CDS	273	rcnR		COG1937	Transcriptional repressor RcnR
CHQ_3_01812	gene	1560	pdeB			
CHQ_3_01812	CDS	1560	pdeB	3.1.4.52	COG4943	putative cyclic di-GMP phosphodiesterase PdeB
CHQ_3_01813	gene	1110	malK_1			
CHQ_3_01813	CDS	1110	malK_1	7.5.2.1	COG3839	Maltose/maltodextrin import ATP-binding protein MalK
CHQ_3_01814	gene	1233	cycB			
CHQ_3_01814	CDS	1233	cycB		COG2182	Cyclodextrin-binding protein
CHQ_3_01815	gene	1308				
CHQ_3_01815	CDS	1308				hypothetical protein
CHQ_3_01816	gene	852	malG_1			
CHQ_3_01816	CDS	852	malG_1		COG3833	Maltose/maltodextrin transport system permease protein MalG
CHQ_3_01817	gene	1203	ganB			
CHQ_3_01817	CDS	1203	ganB	3.2.1.89	COG3867	Arabinogalactan endo-beta-1,4-galactanase
CHQ_3_01818	gene	2058	bglY			
CHQ_3_01818	CDS	2058	bglY	3.2.1.23	COG1874	Beta-galactosidase BglY
CHQ_3_01819	gene	315				
CHQ_3_01819	CDS	315				hypothetical protein
CHQ_3_01820	gene	1272	lamB_1			
CHQ_3_01820	CDS	1272	lamB_1		COG4580	Maltoporin
CHQ_3_01821	gene	1071	lacI_2			
CHQ_3_01821	CDS	1071	lacI_2		COG1609	Lactose operon repressor
CHQ_3_01822	gene	264	rpmE2			
CHQ_3_01822	CDS	264	rpmE2		COG0254	50S ribosomal protein L31 type B
CHQ_3_01823	gene	141	ykgO			
CHQ_3_01823	CDS	141	ykgO		COG0257	50S ribosomal protein L36 2
CHQ_3_01824	gene	699				
CHQ_3_01824	CDS	699				hypothetical protein
CHQ_3_01825	gene	1458	gabR_2			
CHQ_3_01825	CDS	1458	gabR_2		COG1167	HTH-type transcriptional regulatory protein GabR
CHQ_3_01826	gene	471	ylaC			
CHQ_3_01826	CDS	471	ylaC			Inner membrane protein YlaC
CHQ_3_01827	gene	567	maa			
CHQ_3_01827	CDS	567	maa	2.3.1.79	COG0110	Maltose O-acetyltransferase
CHQ_3_01828	gene	219	hha			
CHQ_3_01828	CDS	219	hha			Hemolysin expression-modulating protein Hha
CHQ_3_01829	gene	375	tomB			
CHQ_3_01829	CDS	375	tomB			Hha toxicity modulator TomB
CHQ_3_01830	gene	3147	acrB_1			
CHQ_3_01830	CDS	3147	acrB_1		COG0841	Multidrug efflux pump subunit AcrB
CHQ_3_01831	gene	1086	acrA			
CHQ_3_01831	CDS	1086	acrA			Multidrug efflux pump subunit AcrA
CHQ_3_01832	gene	651	acrR_1			
CHQ_3_01832	CDS	651	acrR_1		COG1309	HTH-type transcriptional regulator AcrR
CHQ_3_01833	gene	3348	mscK			
CHQ_3_01833	CDS	3348	mscK		COG3264	Mechanosensitive channel MscK
CHQ_3_01834	gene	912				
CHQ_3_01834	CDS	912				ISNCY family transposase ISSen7
CHQ_3_01835	gene	174				
CHQ_3_01835	CDS	174				hypothetical protein
CHQ_3_01836	gene	528	priC			
CHQ_3_01836	CDS	528	priC		COG3923	Primosomal replication protein N''
CHQ_3_01837	gene	378	ybaN			
CHQ_3_01837	CDS	378	ybaN		COG2832	Inner membrane protein YbaN
CHQ_3_01838	gene	552	apt			
CHQ_3_01838	CDS	552	apt	2.4.2.7	COG0503	Adenine phosphoribosyltransferase
CHQ_3_01839	gene	1908	dnaX			
CHQ_3_01839	CDS	1908	dnaX	2.7.7.7	COG2812	DNA polymerase III subunit tau
CHQ_3_01840	gene	333	ybaB			
CHQ_3_01840	CDS	333	ybaB		COG0718	Nucleoid-associated protein YbaB
CHQ_3_01841	gene	606	recR			
CHQ_3_01841	CDS	606	recR		COG0353	Recombination protein RecR
CHQ_3_01842	gene	1875	htpG			
CHQ_3_01842	CDS	1875	htpG		COG0326	Chaperone protein HtpG
CHQ_3_01843	gene	645	adk			
CHQ_3_01843	CDS	645	adk	2.7.4.3	COG0563	Adenylate kinase
CHQ_3_01844	gene	963	hemH			
CHQ_3_01844	CDS	963	hemH	4.99.1.1	COG0276	Ferrochelatase
CHQ_3_01845	gene	1305	gsk			
CHQ_3_01845	CDS	1305	gsk	2.7.1.73	COG0524	Inosine-guanosine kinase
CHQ_3_01846	gene	1677	ybaL			
CHQ_3_01846	CDS	1677	ybaL		COG1226	Putative cation/proton antiporter YbaL
CHQ_3_01847	gene	1221	fsr			
CHQ_3_01847	CDS	1221	fsr			Fosmidomycin resistance protein
CHQ_3_01848	gene	1653	ushA			
CHQ_3_01848	CDS	1653	ushA		COG0737	Protein UshA
CHQ_3_01849	gene	480	ybaK			
CHQ_3_01849	CDS	480	ybaK	4.2.-.-	COG2606	Cys-tRNA(Pro)/Cys-tRNA(Cys) deacylase YbaK
CHQ_3_01850	gene	795				
CHQ_3_01850	CDS	795				hypothetical protein
CHQ_3_01851	gene	2502	copA_1			
CHQ_3_01851	CDS	2502	copA_1	7.2.2.8	COG2217	Copper-exporting P-type ATPase
CHQ_3_01852	gene	411	cueR			
CHQ_3_01852	CDS	411	cueR		COG0789	HTH-type transcriptional regulator CueR
CHQ_3_01853	gene	459	ybbJ			
CHQ_3_01853	CDS	459	ybbJ		COG1585	Inner membrane protein YbbJ
CHQ_3_01854	gene	918	qmcA			
CHQ_3_01854	CDS	918	qmcA		COG0330	Protein QmcA
CHQ_3_01855	gene	678	fetA			
CHQ_3_01855	CDS	678	fetA	3.6.3.-	COG4619	putative iron export ATP-binding protein FetA
CHQ_3_01856	gene	783	fetB			
CHQ_3_01856	CDS	783	fetB		COG0390	putative iron export permease protein FetB
CHQ_3_01857	gene	855	cnoX			
CHQ_3_01857	CDS	855	cnoX		COG3118	Chaperedoxin
CHQ_3_01858	gene	771				
CHQ_3_01858	CDS	771				hypothetical protein
CHQ_3_01859	gene	594	tesA			
CHQ_3_01859	CDS	594	tesA	3.1.2.2	COG2755	Thioesterase 1/protease 1/lysophospholipase L1
CHQ_3_01860	gene	687				
CHQ_3_01860	CDS	687			COG1136	putative ABC transporter ATP-binding protein
CHQ_3_01861	gene	2415				
CHQ_3_01861	CDS	2415				hypothetical protein
CHQ_3_01862	gene	1146				
CHQ_3_01862	CDS	1146				hypothetical protein
CHQ_3_01863	gene	1077	selU			
CHQ_3_01863	CDS	1077	selU	2.5.1.-	COG2603	tRNA 2-selenouridine synthase
CHQ_3_01864	gene	1068	purK			
CHQ_3_01864	CDS	1068	purK	6.3.4.18	COG0026	N5-carboxyaminoimidazole ribonucleotide synthase
CHQ_3_01865	gene	510	purE			
CHQ_3_01865	CDS	510	purE	5.4.99.18	COG0041	N5-carboxyaminoimidazole ribonucleotide mutase
CHQ_3_01866	gene	339				
CHQ_3_01866	CDS	339				hypothetical protein
CHQ_3_01867	gene	723	lpxH			
CHQ_3_01867	CDS	723	lpxH	3.6.1.54	COG2908	UDP-2,3-diacylglucosamine hydrolase
CHQ_3_01868	gene	495	ppiB			
CHQ_3_01868	CDS	495	ppiB	5.2.1.8	COG0652	Peptidyl-prolyl cis-trans isomerase B
CHQ_3_01869	gene	1386	cysS			
CHQ_3_01869	CDS	1386	cysS	6.1.1.16	COG0215	Cysteine--tRNA ligase
CHQ_3_01870	gene	213	ybcJ			
CHQ_3_01870	CDS	213	ybcJ		COG2501	putative protein YbcJ
CHQ_3_01871	gene	867	folD			
CHQ_3_01871	CDS	867	folD		COG0190	Bifunctional protein FolD protein
CHQ_3_01872	gene	77				
CHQ_3_01872	tRNA	77				tRNA-Arg(tct)
CHQ_3_01873	gene	1215	intS_1			
CHQ_3_01873	CDS	1215	intS_1		COG0582	Prophage integrase IntS
CHQ_3_01874	gene	726				
CHQ_3_01874	CDS	726				hypothetical protein
CHQ_3_01875	gene	198				
CHQ_3_01875	CDS	198				hypothetical protein
CHQ_3_01876	gene	435				
CHQ_3_01876	CDS	435				hypothetical protein
CHQ_3_01877	gene	810				
CHQ_3_01877	CDS	810				hypothetical protein
CHQ_3_01878	gene	180				
CHQ_3_01878	CDS	180				hypothetical protein
CHQ_3_01879	gene	795				
CHQ_3_01879	CDS	795				hypothetical protein
CHQ_3_01880	gene	180				
CHQ_3_01880	CDS	180				hypothetical protein
CHQ_3_01881	gene	318				
CHQ_3_01881	CDS	318				hypothetical protein
CHQ_3_01882	gene	264				
CHQ_3_01882	CDS	264				hypothetical protein
CHQ_3_01883	gene	216				
CHQ_3_01883	CDS	216				hypothetical protein
CHQ_3_01884	gene	2115				
CHQ_3_01884	CDS	2115				hypothetical protein
CHQ_3_01885	gene	1230				
CHQ_3_01885	CDS	1230				hypothetical protein
CHQ_3_01886	gene	384				
CHQ_3_01886	CDS	384				Single-stranded DNA-binding protein
CHQ_3_01887	gene	579				
CHQ_3_01887	CDS	579				hypothetical protein
CHQ_3_01888	gene	312				
CHQ_3_01888	CDS	312				hypothetical protein
CHQ_3_01889	gene	186				
CHQ_3_01889	CDS	186				hypothetical protein
CHQ_3_01890	gene	543				
CHQ_3_01890	CDS	543				hypothetical protein
CHQ_3_01891	gene	360				
CHQ_3_01891	CDS	360				hypothetical protein
CHQ_3_01892	gene	1140				
CHQ_3_01892	CDS	1140				hypothetical protein
CHQ_3_01893	gene	546				
CHQ_3_01893	CDS	546				hypothetical protein
CHQ_3_01894	gene	195				
CHQ_3_01894	CDS	195				hypothetical protein
CHQ_3_01895	gene	1818				
CHQ_3_01895	CDS	1818				hypothetical protein
CHQ_3_01896	gene	459				
CHQ_3_01896	CDS	459				hypothetical protein
CHQ_3_01897	gene	438				
CHQ_3_01897	CDS	438				hypothetical protein
CHQ_3_01898	gene	240				
CHQ_3_01898	CDS	240				hypothetical protein
CHQ_3_01899	gene	402	hiuH			
CHQ_3_01899	CDS	402	hiuH	3.5.2.17	COG2351	5-hydroxyisourate hydrolase
CHQ_3_01900	gene	1305	gltA_1			
CHQ_3_01900	CDS	1305	gltA_1	2.3.3.16	COG0372	Citrate synthase
CHQ_3_01901	gene	867				
CHQ_3_01901	CDS	867				hypothetical protein
CHQ_3_01902	gene	921	lpxL_2			
CHQ_3_01902	CDS	921	lpxL_2	2.3.1.241	COG1560	Lipid A biosynthesis lauroyltransferase
CHQ_3_01903	gene	273				
CHQ_3_01903	CDS	273				hypothetical protein
CHQ_3_01904	gene	1569	cadC			
CHQ_3_01904	CDS	1569	cadC		COG3710	Transcriptional activator CadC
CHQ_3_01905	gene	1335	cadB			
CHQ_3_01905	CDS	1335	cadB		COG0531	putative cadaverine/lysine antiporter
CHQ_3_01906	gene	2148	cadA			
CHQ_3_01906	CDS	2148	cadA	4.1.1.18	COG1982	Inducible lysine decarboxylase
CHQ_3_01907	gene	1476	dtpC			
CHQ_3_01907	CDS	1476	dtpC		COG3104	Dipeptide and tripeptide permease C
CHQ_3_01908	gene	1518	lysU			
CHQ_3_01908	CDS	1518	lysU	6.1.1.6	COG1190	Lysine--tRNA ligase, heat inducible
CHQ_3_01909	gene	426				
CHQ_3_01909	CDS	426				hypothetical protein
CHQ_3_01910	gene	921	iolE_1			
CHQ_3_01910	CDS	921	iolE_1	4.2.1.44	COG1082	Inosose dehydratase
CHQ_3_01911	gene	1173	iolG_2			
CHQ_3_01911	CDS	1173	iolG_2	1.1.1.369		Inositol 2-dehydrogenase/D-chiro-inositol 3-dehydrogenase
CHQ_3_01912	gene	1032	iolU_1			
CHQ_3_01912	CDS	1032	iolU_1	1.1.1.371	COG0673	scyllo-inositol 2-dehydrogenase (NADP(+)) IolU
CHQ_3_01913	gene	1008	iolG_3			
CHQ_3_01913	CDS	1008	iolG_3	1.1.1.18	COG0673	Myo-inositol 2-dehydrogenase
CHQ_3_01914	gene	1020				
CHQ_3_01914	CDS	1020				hypothetical protein
CHQ_3_01915	gene	123				
CHQ_3_01915	CDS	123				hypothetical protein
CHQ_3_01916	gene	924	thpA_2			
CHQ_3_01916	CDS	924	thpA_2		COG1879	D-threitol-binding protein
CHQ_3_01917	gene	1485	mglA_1			
CHQ_3_01917	CDS	1485	mglA_1	7.5.2.11	COG1129	Galactose/methyl galactoside import ATP-binding protein MglA
CHQ_3_01918	gene	1032	rbsC_2			
CHQ_3_01918	CDS	1032	rbsC_2		COG1172	Ribose import permease protein RbsC
CHQ_3_01919	gene	642				
CHQ_3_01919	CDS	642				hypothetical protein
CHQ_3_01920	gene	1005	cra_1			
CHQ_3_01920	CDS	1005	cra_1		COG1609	Catabolite repressor/activator
CHQ_3_01921	gene	1401	scrB			
CHQ_3_01921	CDS	1401	scrB	3.2.1.26	COG1621	Sucrose-6-phosphate hydrolase
CHQ_3_01922	gene	1371	sacX			
CHQ_3_01922	CDS	1371	sacX		COG1263	Negative regulator of SacY activity
CHQ_3_01923	gene	1518	scrY_2			
CHQ_3_01923	CDS	1518	scrY_2			Sucrose porin
CHQ_3_01924	gene	924	scrK			
CHQ_3_01924	CDS	924	scrK	2.7.1.4	COG0524	Fructokinase
CHQ_3_01925	gene	768	iprA_1			
CHQ_3_01925	CDS	768	iprA_1			Inhibitor of hydrogen peroxide resistance
CHQ_3_01926	gene	345	yiaW_2			
CHQ_3_01926	CDS	345	yiaW_2			Inner membrane protein YiaW
CHQ_3_01927	gene	1143	yiaV_1			
CHQ_3_01927	CDS	1143	yiaV_1		COG1566	Inner membrane protein YiaV
CHQ_3_01928	gene	717	fhuC_1			
CHQ_3_01928	CDS	717	fhuC_1	7.2.2.16	COG1120	Iron(3+)-hydroxamate import ATP-binding protein FhuC
CHQ_3_01929	gene	1083	hmuU_2			
CHQ_3_01929	CDS	1083	hmuU_2		COG0609	Hemin transport system permease protein HmuU
CHQ_3_01930	gene	1119	btuF_1			
CHQ_3_01930	CDS	1119	btuF_1			Vitamin B12-binding protein
CHQ_3_01931	gene	390				
CHQ_3_01931	CDS	390				hypothetical protein
CHQ_3_01932	gene	456				
CHQ_3_01932	CDS	456				hypothetical protein
CHQ_3_01933	gene	588				
CHQ_3_01933	CDS	588				hypothetical protein
CHQ_3_01934	gene	1179	hipO_2			
CHQ_3_01934	CDS	1179	hipO_2	3.5.1.32	COG1473	Hippurate hydrolase
CHQ_3_01935	gene	777	hisJ_1			
CHQ_3_01935	CDS	777	hisJ_1		COG0834	Histidine-binding periplasmic protein
CHQ_3_01936	gene	954	yajO_3			
CHQ_3_01936	CDS	954	yajO_3	1.1.-.-	COG0667	1-deoxyxylulose-5-phosphate synthase YajO
CHQ_3_01937	gene	1134	norW_2			
CHQ_3_01937	CDS	1134	norW_2	1.18.1.-	COG1251	Nitric oxide reductase FlRd-NAD(+) reductase
CHQ_3_01938	gene	1449	norV			
CHQ_3_01938	CDS	1449	norV		COG0426	Anaerobic nitric oxide reductase flavorubredoxin
CHQ_3_01939	gene	1551	norR_3			
CHQ_3_01939	CDS	1551	norR_3		COG3604	Anaerobic nitric oxide reductase transcription regulator NorR
CHQ_3_01940	gene	966	gutQ			
CHQ_3_01940	CDS	966	gutQ	5.3.1.13	COG0517	Arabinose 5-phosphate isomerase GutQ
CHQ_3_01941	gene	774	srlR_1			
CHQ_3_01941	CDS	774	srlR_1		COG1349	Glucitol operon repressor
CHQ_3_01942	gene	360				
CHQ_3_01942	CDS	360				hypothetical protein
CHQ_3_01943	gene	780	srlD			
CHQ_3_01943	CDS	780	srlD	1.1.1.140	COG1028	Sorbitol-6-phosphate 2-dehydrogenase
CHQ_3_01944	gene	363	srlB_2			
CHQ_3_01944	CDS	363	srlB_2		COG3731	PTS system glucitol/sorbitol-specific EIIA component
CHQ_3_01945	gene	981	srlE			
CHQ_3_01945	CDS	981	srlE	2.7.1.198	COG3732	PTS system glucitol/sorbitol-specific EIIB component
CHQ_3_01946	gene	564	srlA			
CHQ_3_01946	CDS	564	srlA		COG3730	PTS system glucitol/sorbitol-specific EIIC component
CHQ_3_01947	gene	1080	mltB			
CHQ_3_01947	CDS	1080	mltB	4.2.2.-	COG2951	Membrane-bound lytic murein transglycosylase B
CHQ_3_01948	gene	108				
CHQ_3_01948	CDS	108				hypothetical protein
CHQ_3_01949	gene	678	mntB_4			
CHQ_3_01949	CDS	678	mntB_4		COG1121	Manganese transport system ATP-binding protein MntB
CHQ_3_01950	gene	864	mntB_5			
CHQ_3_01950	CDS	864	mntB_5			Manganese transport system membrane protein MntB
CHQ_3_01951	gene	879	mntA			
CHQ_3_01951	CDS	879	mntA		COG0803	Manganese-binding lipoprotein MntA
CHQ_3_01952	gene	498	pncC_1			
CHQ_3_01952	CDS	498	pncC_1	3.5.1.42	COG1546	Nicotinamide-nucleotide amidohydrolase PncC
CHQ_3_01953	gene	1059	recA			
CHQ_3_01953	CDS	1059	recA		COG0468	Protein RecA
CHQ_3_01954	gene	501	recX			
CHQ_3_01954	CDS	501	recX		COG2137	Regulatory protein RecX
CHQ_3_01955	gene	2628	alaS			
CHQ_3_01955	CDS	2628	alaS	6.1.1.7	COG0013	Alanine--tRNA ligase
CHQ_3_01956	gene	186	csrA			
CHQ_3_01956	CDS	186	csrA		COG1551	Carbon storage regulator
CHQ_3_01957	gene	93				
CHQ_3_01957	tRNA	93				tRNA-Ser(gct)
CHQ_3_01958	gene	77				
CHQ_3_01958	tRNA	77				tRNA-Arg(acg)
CHQ_3_01959	gene	77				
CHQ_3_01959	tRNA	77				tRNA-Arg(acg)
CHQ_3_01960	gene	77				
CHQ_3_01960	tRNA	77				tRNA-Arg(acg)
CHQ_3_01961	gene	315	osmY_1			
CHQ_3_01961	CDS	315	osmY_1		COG2823	Osmotically-inducible protein Y
CHQ_3_01962	gene	567	yqaB			
CHQ_3_01962	CDS	567	yqaB	3.1.3.-	COG0637	Fructose-1-phosphate phosphatase YqaB
CHQ_3_01963	gene	429	yqaA			
CHQ_3_01963	CDS	429	yqaA		COG1238	Inner membrane protein YqaA
CHQ_3_01964	gene	1557	gshA			
CHQ_3_01964	CDS	1557	gshA	6.3.2.2	COG2918	Glutamate--cysteine ligase
CHQ_3_01965	gene	516	luxS			
CHQ_3_01965	CDS	516	luxS	4.4.1.21	COG1854	S-ribosylhomocysteine lyase
CHQ_3_01966	gene	768	nimR_1			
CHQ_3_01966	CDS	768	nimR_1			HTH-type transcriptional regulator NimR
CHQ_3_01967	gene	1677	leuA_1			
CHQ_3_01967	CDS	1677	leuA_1	2.3.3.13	COG0119	2-isopropylmalate synthase
CHQ_3_01968	gene	1539	emrB_1			
CHQ_3_01968	CDS	1539	emrB_1			Multidrug export protein EmrB
CHQ_3_01969	gene	1173	emrA_1			
CHQ_3_01969	CDS	1173	emrA_1		COG1566	Multidrug export protein EmrA
CHQ_3_01970	gene	531	mprA			
CHQ_3_01970	CDS	531	mprA		COG1846	Transcriptional repressor MprA
CHQ_3_01971	gene	336				
CHQ_3_01971	CDS	336				hypothetical protein
CHQ_3_01972	gene	747	ygaZ_1			
CHQ_3_01972	CDS	747	ygaZ_1		COG1296	Inner membrane protein YgaZ
CHQ_3_01973	gene	999	proX			
CHQ_3_01973	CDS	999	proX		COG2113	Glycine betaine/proline betaine-binding periplasmic protein
CHQ_3_01974	gene	1068	proW			
CHQ_3_01974	CDS	1068	proW		COG4176	Glycine betaine/proline betaine transport system permease protein ProW
CHQ_3_01975	gene	1203	proV			
CHQ_3_01975	CDS	1203	proV		COG4175	Glycine betaine/proline betaine transport system ATP-binding protein ProV
CHQ_3_01976	gene	963	nrdF			
CHQ_3_01976	CDS	963	nrdF	1.17.4.1	COG0208	Ribonucleoside-diphosphate reductase 2 subunit beta
CHQ_3_01977	gene	2142	nrdE			
CHQ_3_01977	CDS	2142	nrdE	1.17.4.1	COG0209	Ribonucleoside-diphosphate reductase 2 subunit alpha
CHQ_3_01978	gene	411	nrdI			
CHQ_3_01978	CDS	411	nrdI		COG1780	Protein NrdI
CHQ_3_01979	gene	246	nrdH			
CHQ_3_01979	CDS	246	nrdH		COG0695	Glutaredoxin-like protein NrdH
CHQ_3_01980	gene	432				
CHQ_3_01980	CDS	432				hypothetical protein
CHQ_3_01981	gene	1374	gabR_3			
CHQ_3_01981	CDS	1374	gabR_3		COG1167	HTH-type transcriptional regulatory protein GabR
CHQ_3_01982	gene	348	ygaM			
CHQ_3_01982	CDS	348	ygaM		COG4575	putative protein YgaM
CHQ_3_01983	gene	363				
CHQ_3_01983	CDS	363				hypothetical protein
CHQ_3_01984	gene	450	alaE			
CHQ_3_01984	CDS	450	alaE			L-alanine exporter AlaE
CHQ_3_01985	gene	402	stpA			
CHQ_3_01985	CDS	402	stpA		COG2916	DNA-binding protein StpA
CHQ_3_01986	gene	180				
CHQ_3_01986	CDS	180				hypothetical protein
CHQ_3_01987	gene	903				
CHQ_3_01987	CDS	903				hypothetical protein
CHQ_3_01988	gene	531	ygaP			
CHQ_3_01988	CDS	531	ygaP		COG0607	Inner membrane protein YgaP
CHQ_3_01989	gene	300	ygaV			
CHQ_3_01989	CDS	300	ygaV		COG0640	putative HTH-type transcriptional regulator YgaV
CHQ_3_01990	gene	606	azoR_1			
CHQ_3_01990	CDS	606	azoR_1	1.7.1.17	COG1182	FMN-dependent NADH-azoreductase
CHQ_3_01991	gene	918	dmlR_7			
CHQ_3_01991	CDS	918	dmlR_7			HTH-type transcriptional regulator DmlR
CHQ_3_01992	gene	597	ybjG_2			
CHQ_3_01992	CDS	597	ybjG_2	3.6.1.27	COG0671	Putative undecaprenyl-diphosphatase YbjG
CHQ_3_01993	gene	1788	acoR			
CHQ_3_01993	CDS	1788	acoR		COG3284	Acetoin dehydrogenase operon transcriptional activator AcoR
CHQ_3_01994	gene	1521	adh			
CHQ_3_01994	CDS	1521	adh	1.2.1.3	COG1012	Aldehyde dehydrogenase
CHQ_3_01995	gene	585	fimA_1			
CHQ_3_01995	CDS	585	fimA_1			Type-1 fimbrial protein, A chain
CHQ_3_01996	gene	663	lpfB_1			
CHQ_3_01996	CDS	663	lpfB_1			putative fimbrial chaperone LpfB
CHQ_3_01997	gene	2556	fimD_2			
CHQ_3_01997	CDS	2556	fimD_2		COG3188	Outer membrane usher protein FimD
CHQ_3_01998	gene	1095				
CHQ_3_01998	CDS	1095				hypothetical protein
CHQ_3_01999	gene	690				
CHQ_3_01999	CDS	690				hypothetical protein
CHQ_3_02000	gene	552	fimA_2			
CHQ_3_02000	CDS	552	fimA_2			Type-1 fimbrial protein, A chain
CHQ_3_02001	gene	762	pheC			
CHQ_3_02001	CDS	762	pheC			Cyclohexadienyl dehydratase
CHQ_3_02002	gene	621				
CHQ_3_02002	CDS	621				hypothetical protein
CHQ_3_02003	gene	795	fabG_3			
CHQ_3_02003	CDS	795	fabG_3	1.1.1.100		3-oxoacyl-[acyl-carrier-protein] reductase FabG
CHQ_3_02004	gene	933	ghrA_2			
CHQ_3_02004	CDS	933	ghrA_2	1.1.1.79	COG0111	Glyoxylate/hydroxypyruvate reductase A
CHQ_3_02005	gene	729	cloR			
CHQ_3_02005	CDS	729	cloR	1.13.11.83		4-hydroxy-3-prenylphenylpyruvate oxygenase/4-hydroxy-3-prenylbenzoate synthase
CHQ_3_02006	gene	1521	btuD_4			
CHQ_3_02006	CDS	1521	btuD_4	7.6.2.8		Vitamin B12 import ATP-binding protein BtuD
CHQ_3_02007	gene	804	artJ_2			
CHQ_3_02007	CDS	804	artJ_2		COG0834	ABC transporter arginine-binding protein 1
CHQ_3_02008	gene	1068	vldW_1			
CHQ_3_02008	CDS	1068	vldW_1	1.14.11.52		Validamycin A dioxygenase
CHQ_3_02009	gene	864				
CHQ_3_02009	CDS	864				hypothetical protein
CHQ_3_02010	gene	951	gbuA			
CHQ_3_02010	CDS	951	gbuA	3.5.3.7	COG0010	Guanidinobutyrase
CHQ_3_02011	gene	912				
CHQ_3_02011	CDS	912				hypothetical protein
CHQ_3_02012	gene	480				
CHQ_3_02012	CDS	480				hypothetical protein
CHQ_3_02013	gene	3153	oqxB9			
CHQ_3_02013	CDS	3153	oqxB9			multidrug efflux RND transporter permease subunit OqxB9
CHQ_3_02014	gene	1176	bepF			
CHQ_3_02014	CDS	1176	bepF			Efflux pump periplasmic linker BepF
CHQ_3_02015	gene	357	rob_1			
CHQ_3_02015	CDS	357	rob_1		COG2207	Right origin-binding protein
CHQ_3_02016	gene	573				
CHQ_3_02016	CDS	573				hypothetical protein
CHQ_3_02017	gene	885	pgrR_2			
CHQ_3_02017	CDS	885	pgrR_2			HTH-type transcriptional regulator PgrR
CHQ_3_02018	gene	801				
CHQ_3_02018	CDS	801				hypothetical protein
CHQ_3_02019	gene	789	fabG_4			
CHQ_3_02019	CDS	789	fabG_4	1.1.1.100		3-oxoacyl-[acyl-carrier-protein] reductase FabG
CHQ_3_02020	gene	1206	bcr_1			
CHQ_3_02020	CDS	1206	bcr_1			Bicyclomycin resistance protein
CHQ_3_02021	gene	1527	ydaP			
CHQ_3_02021	CDS	1527	ydaP		COG0028	Putative thiamine pyrophosphate-containing protein YdaP
CHQ_3_02022	gene	774				
CHQ_3_02022	CDS	774				hypothetical protein
CHQ_3_02023	gene	1350	aroA_2			
CHQ_3_02023	CDS	1350	aroA_2	2.5.1.19	COG0128	3-phosphoshikimate 1-carboxyvinyltransferase
CHQ_3_02024	gene	576				
CHQ_3_02024	CDS	576				hypothetical protein
CHQ_3_02025	gene	1065				
CHQ_3_02025	CDS	1065				hypothetical protein
CHQ_3_02026	gene	90				
CHQ_3_02026	CDS	90				hypothetical protein
CHQ_3_02027	gene	858				
CHQ_3_02027	CDS	858				hypothetical protein
CHQ_3_02028	gene	690	hsrA_2			
CHQ_3_02028	CDS	690	hsrA_2			putative transport protein HsrA
CHQ_3_02029	gene	687				
CHQ_3_02029	CDS	687				hypothetical protein
CHQ_3_02030	gene	696	menH_2			
CHQ_3_02030	CDS	696	menH_2	4.2.99.20		2-succinyl-6-hydroxy-2,4-cyclohexadiene-1-carboxylate synthase
CHQ_3_02031	gene	216	intA_1			
CHQ_3_02031	CDS	216	intA_1		COG0582	Prophage integrase IntA
CHQ_3_02032	gene	624				
CHQ_3_02032	CDS	624				hypothetical protein
CHQ_3_02033	gene	1032	xerC_5			
CHQ_3_02033	CDS	1032	xerC_5			Tyrosine recombinase XerC
CHQ_3_02034	gene	405				
CHQ_3_02034	CDS	405				hypothetical protein
CHQ_3_02035	gene	198				
CHQ_3_02035	CDS	198				hypothetical protein
CHQ_3_02036	gene	510				
CHQ_3_02036	CDS	510				hypothetical protein
CHQ_3_02037	gene	339				
CHQ_3_02037	CDS	339				hypothetical protein
CHQ_3_02038	gene	234				
CHQ_3_02038	CDS	234				hypothetical protein
CHQ_3_02039	gene	228	ybiI_1			
CHQ_3_02039	CDS	228	ybiI_1		COG1734	putative protein YbiI
CHQ_3_02040	gene	888	dam_4			
CHQ_3_02040	CDS	888	dam_4	2.1.1.72	COG0338	DNA adenine methylase
CHQ_3_02041	gene	2409				
CHQ_3_02041	CDS	2409				hypothetical protein
CHQ_3_02042	gene	189				
CHQ_3_02042	CDS	189				hypothetical protein
CHQ_3_02043	gene	672				
CHQ_3_02043	CDS	672				hypothetical protein
CHQ_3_02044	gene	1041				
CHQ_3_02044	CDS	1041				hypothetical protein
CHQ_3_02045	gene	975				
CHQ_3_02045	CDS	975				hypothetical protein
CHQ_3_02046	gene	339				
CHQ_3_02046	CDS	339				hypothetical protein
CHQ_3_02047	gene	1053				
CHQ_3_02047	CDS	1053				hypothetical protein
CHQ_3_02048	gene	1713				
CHQ_3_02048	CDS	1713				hypothetical protein
CHQ_3_02049	gene	828				
CHQ_3_02049	CDS	828				hypothetical protein
CHQ_3_02050	gene	1149				
CHQ_3_02050	CDS	1149				hypothetical protein
CHQ_3_02051	gene	654				
CHQ_3_02051	CDS	654				hypothetical protein
CHQ_3_02052	gene	468				
CHQ_3_02052	CDS	468				hypothetical protein
CHQ_3_02053	gene	204				
CHQ_3_02053	CDS	204				hypothetical protein
CHQ_3_02054	gene	216				
CHQ_3_02054	CDS	216				hypothetical protein
CHQ_3_02055	gene	516				
CHQ_3_02055	CDS	516				hypothetical protein
CHQ_3_02056	gene	429				
CHQ_3_02056	CDS	429				hypothetical protein
CHQ_3_02057	gene	432				
CHQ_3_02057	CDS	432				hypothetical protein
CHQ_3_02058	gene	447				
CHQ_3_02058	CDS	447				hypothetical protein
CHQ_3_02059	gene	891				
CHQ_3_02059	CDS	891				hypothetical protein
CHQ_3_02060	gene	573				
CHQ_3_02060	CDS	573				hypothetical protein
CHQ_3_02061	gene	363				
CHQ_3_02061	CDS	363				hypothetical protein
CHQ_3_02062	gene	909				
CHQ_3_02062	CDS	909				hypothetical protein
CHQ_3_02063	gene	597				
CHQ_3_02063	CDS	597				hypothetical protein
CHQ_3_02064	gene	2325				
CHQ_3_02064	CDS	2325				hypothetical protein
CHQ_3_02065	gene	297				
CHQ_3_02065	CDS	297				hypothetical protein
CHQ_3_02066	gene	1191				
CHQ_3_02066	CDS	1191				hypothetical protein
CHQ_3_02067	gene	1173	gpFI_2			
CHQ_3_02067	CDS	1173	gpFI_2			Putative prophage major tail sheath protein
CHQ_3_02068	gene	516				
CHQ_3_02068	CDS	516				hypothetical protein
CHQ_3_02069	gene	300				
CHQ_3_02069	CDS	300				hypothetical protein
CHQ_3_02070	gene	2628				
CHQ_3_02070	CDS	2628				hypothetical protein
CHQ_3_02071	gene	486				
CHQ_3_02071	CDS	486				hypothetical protein
CHQ_3_02072	gene	1098				
CHQ_3_02072	CDS	1098				hypothetical protein
CHQ_3_02073	gene	219				
CHQ_3_02073	CDS	219				hypothetical protein
CHQ_3_02074	gene	372				
CHQ_3_02074	CDS	372				hypothetical protein
CHQ_3_02075	gene	363	ssrA			
CHQ_3_02075	tmRNA	363	ssrA			transfer-messenger RNA, SsrA
CHQ_3_02076	gene	483	smpB			
CHQ_3_02076	CDS	483	smpB		COG0691	SsrA-binding protein
CHQ_3_02077	gene	438	ratA			
CHQ_3_02077	CDS	438	ratA		COG2867	Ribosome association toxin RatA
CHQ_3_02078	gene	291				
CHQ_3_02078	CDS	291				hypothetical protein
CHQ_3_02079	gene	342	bamE			
CHQ_3_02079	CDS	342	bamE		COG2913	Outer membrane protein assembly factor BamE
CHQ_3_02080	gene	1662	recN			
CHQ_3_02080	CDS	1662	recN		COG0497	DNA repair protein RecN
CHQ_3_02081	gene	879	nadK			
CHQ_3_02081	CDS	879	nadK	2.7.1.23	COG0061	NAD kinase
CHQ_3_02082	gene	591	grpE			
CHQ_3_02082	CDS	591	grpE		COG0576	Protein GrpE
CHQ_3_02083	gene	1287				
CHQ_3_02083	CDS	1287				hypothetical protein
CHQ_3_02084	gene	792	ypjD			
CHQ_3_02084	CDS	792	ypjD		COG4137	Inner membrane protein YpjD
CHQ_3_02085	gene	1365	ffh			
CHQ_3_02085	CDS	1365	ffh		COG0541	Signal recognition particle protein
CHQ_3_02086	gene	249	rpsP			
CHQ_3_02086	CDS	249	rpsP		COG0228	30S ribosomal protein S16
CHQ_3_02087	gene	549	rimM			
CHQ_3_02087	CDS	549	rimM		COG0806	Ribosome maturation factor RimM
CHQ_3_02088	gene	768	trmD			
CHQ_3_02088	CDS	768	trmD	2.1.1.228	COG0336	tRNA (guanine-N(1)-)-methyltransferase
CHQ_3_02089	gene	348	rplS			
CHQ_3_02089	CDS	348	rplS		COG0335	50S ribosomal protein L19
CHQ_3_02090	gene	462				
CHQ_3_02090	CDS	462				hypothetical protein
CHQ_3_02091	gene	1359				
CHQ_3_02091	CDS	1359				hypothetical protein
CHQ_3_02092	gene	483	pal_1			
CHQ_3_02092	CDS	483	pal_1			Peptidoglycan-associated lipoprotein
CHQ_3_02093	gene	1224	dgcN			
CHQ_3_02093	CDS	1224	dgcN	2.7.7.65	COG2199	Diguanylate cyclase DgcN
CHQ_3_02094	gene	510				
CHQ_3_02094	CDS	510				hypothetical protein
CHQ_3_02095	gene	1071	aroF			
CHQ_3_02095	CDS	1071	aroF	2.5.1.54	COG0722	Phospho-2-dehydro-3-deoxyheptonate aldolase, Tyr-sensitive
CHQ_3_02096	gene	1122	tyrA			
CHQ_3_02096	CDS	1122	tyrA		COG0287	T-protein
CHQ_3_02097	gene	873				
CHQ_3_02097	CDS	873		3.1.1.99		6-deoxy-6-sulfogluconolactonase
CHQ_3_02098	gene	1161	pheA			
CHQ_3_02098	CDS	1161	pheA		COG0077	Bifunctional chorismate mutase/prephenate dehydratase
CHQ_3_02099	gene	378	raiA			
CHQ_3_02099	CDS	378	raiA		COG1544	Ribosome-associated inhibitor A
CHQ_3_02100	gene	738	bamD			
CHQ_3_02100	CDS	738	bamD		COG4105	Outer membrane protein assembly factor BamD
CHQ_3_02101	gene	981	rluD			
CHQ_3_02101	CDS	981	rluD	5.4.99.23	COG0564	Ribosomal large subunit pseudouridine synthase D
CHQ_3_02102	gene	732	yfiH			
CHQ_3_02102	CDS	732	yfiH	1.10.3.-	COG1496	Polyphenol oxidase
CHQ_3_02103	gene	2574	clpB			
CHQ_3_02103	CDS	2574	clpB		COG0542	Chaperone protein ClpB
CHQ_3_02104	gene	741	xerC_6			
CHQ_3_02104	CDS	741	xerC_6			Tyrosine recombinase XerC
CHQ_3_02105	gene	1011	repB			
CHQ_3_02105	CDS	1011	repB			RepFIB replication protein A
CHQ_3_02106	gene	1167				
CHQ_3_02106	CDS	1167				hypothetical protein
CHQ_3_02107	gene	972	sopB			
CHQ_3_02107	CDS	972	sopB			Protein SopB
CHQ_3_02108	gene	306				
CHQ_3_02108	CDS	306				hypothetical protein
CHQ_3_02109	gene	252				
CHQ_3_02109	CDS	252				hypothetical protein
CHQ_3_02110	gene	1272	umuC_1			
CHQ_3_02110	CDS	1272	umuC_1		COG0389	Protein UmuC
CHQ_3_02111	gene	426	umuD_1			
CHQ_3_02111	CDS	426	umuD_1	3.4.21.-	COG1974	Protein UmuD
CHQ_3_02112	gene	231				
CHQ_3_02112	CDS	231				hypothetical protein
CHQ_3_02113	gene	426	klcA_1			
CHQ_3_02113	CDS	426	klcA_1			Antirestriction protein KlcA
CHQ_3_02114	gene	255				
CHQ_3_02114	CDS	255				hypothetical protein
CHQ_3_02115	gene	321				
CHQ_3_02115	CDS	321				hypothetical protein
CHQ_3_02116	gene	543	ssb_1			
CHQ_3_02116	CDS	543	ssb_1			Plasmid-derived single-stranded DNA-binding protein
CHQ_3_02117	gene	249				
CHQ_3_02117	CDS	249				hypothetical protein
CHQ_3_02118	gene	507				
CHQ_3_02118	CDS	507				hypothetical protein
CHQ_3_02119	gene	834				
CHQ_3_02119	CDS	834				hypothetical protein
CHQ_3_02120	gene	531	klcA_2			
CHQ_3_02120	CDS	531	klcA_2			Antirestriction protein KlcA
CHQ_3_02121	gene	408				
CHQ_3_02121	CDS	408				hypothetical protein
CHQ_3_02122	gene	393	traM			
CHQ_3_02122	CDS	393	traM			Relaxosome protein TraM
CHQ_3_02123	gene	2478	traI_1			
CHQ_3_02123	CDS	2478	traI_1			Multifunctional conjugation protein TraI
CHQ_3_02124	gene	645				
CHQ_3_02124	CDS	645				hypothetical protein
CHQ_3_02125	gene	597	finO			
CHQ_3_02125	CDS	597	finO			Fertility inhibition protein
CHQ_3_02126	gene	348				
CHQ_3_02126	CDS	348				hypothetical protein
CHQ_3_02127	gene	546				
CHQ_3_02127	CDS	546				hypothetical protein
CHQ_3_02128	gene	966	arsA_1			
CHQ_3_02128	CDS	966	arsA_1	7.3.2.7		Arsenical pump-driving ATPase
CHQ_3_02129	gene	429				
CHQ_3_02129	CDS	429				hypothetical protein
CHQ_3_02130	gene	426	arsC_2			
CHQ_3_02130	CDS	426	arsC_2	1.20.4.1		Arsenate reductase
CHQ_3_02131	gene	1290	arsB_2			
CHQ_3_02131	CDS	1290	arsB_2		COG1055	Arsenical pump membrane protein
CHQ_3_02132	gene	1752	arsA_2			
CHQ_3_02132	CDS	1752	arsA_2	7.3.2.7		Arsenical pump-driving ATPase
CHQ_3_02133	gene	363	arsD			
CHQ_3_02133	CDS	363	arsD			Arsenical resistance operon trans-acting repressor ArsD
CHQ_3_02134	gene	351				
CHQ_3_02134	CDS	351				hypothetical protein
CHQ_3_02135	gene	249				
CHQ_3_02135	CDS	249				hypothetical protein
CHQ_3_02136	gene	1209				
CHQ_3_02136	CDS	1209				hypothetical protein
CHQ_3_02137	gene	492				
CHQ_3_02137	CDS	492				hypothetical protein
CHQ_3_02138	gene	231				
CHQ_3_02138	CDS	231				hypothetical protein
CHQ_3_02139	gene	267				
CHQ_3_02139	CDS	267				hypothetical protein
CHQ_3_02140	gene	90				
CHQ_3_02140	rRNA	90				5S ribosomal RNA (partial)
CHQ_3_02141	gene	456	yjaB			
CHQ_3_02141	CDS	456	yjaB	2.3.1.-	COG0454	Peptidyl-lysine N-acetyltransferase YjaB
CHQ_3_02142	gene	930	metAS			
CHQ_3_02142	CDS	930	metAS	2.3.1.46	COG1897	Homoserine O-succinyltransferase
CHQ_3_02143	gene	1602	aceB			
CHQ_3_02143	CDS	1602	aceB	2.3.3.9	COG2225	Malate synthase A
CHQ_3_02144	gene	1320	aceA			
CHQ_3_02144	CDS	1320	aceA	4.1.3.1	COG2224	Isocitrate lyase
CHQ_3_02145	gene	1785	aceK			
CHQ_3_02145	CDS	1785	aceK	2.7.11.5	COG4579	Isocitrate dehydrogenase kinase/phosphatase
CHQ_3_02146	gene	831	iclR			
CHQ_3_02146	CDS	831	iclR		COG1414	Transcriptional repressor IclR
CHQ_3_02147	gene	3684	metH			
CHQ_3_02147	CDS	3684	metH	2.1.1.13	COG0646	Methionine synthase
CHQ_3_02148	gene	1632				
CHQ_3_02148	CDS	1632				hypothetical protein
CHQ_3_02149	gene	690	pepE			
CHQ_3_02149	CDS	690	pepE	3.4.13.21	COG3340	Peptidase E
CHQ_3_02150	gene	876	rluF			
CHQ_3_02150	CDS	876	rluF	5.4.99.-	COG1187	Dual-specificity RNA pseudouridine synthase RluF
CHQ_3_02151	gene	273				
CHQ_3_02151	CDS	273				hypothetical protein
CHQ_3_02152	gene	357				
CHQ_3_02152	CDS	357				hypothetical protein
CHQ_3_02153	gene	339				
CHQ_3_02153	CDS	339				hypothetical protein
CHQ_3_02154	gene	441	panS			
CHQ_3_02154	CDS	441	panS		COG0385	Pantothenate precursors transporter PanS
CHQ_3_02155	gene	90				
CHQ_3_02155	rRNA	90				5S ribosomal RNA (partial)
CHQ_3_02156	gene	1299	kgtP			
CHQ_3_02156	CDS	1299	kgtP			Alpha-ketoglutarate permease
CHQ_3_02157	gene	324				
CHQ_3_02157	CDS	324				hypothetical protein
CHQ_3_02158	gene	1356	pssA			
CHQ_3_02158	CDS	1356	pssA	2.7.8.8	COG1502	CDP-diacylglycerol--serine O-phosphatidyltransferase
CHQ_3_02159	gene	2652	pat_1			
CHQ_3_02159	CDS	2652	pat_1	2.3.1.-	COG0454	Peptidyl-lysine N-acetyltransferase Pat
CHQ_3_02160	gene	699				
CHQ_3_02160	CDS	699				hypothetical protein
CHQ_3_02161	gene	426	trxC			
CHQ_3_02161	CDS	426	trxC	1.8.1.8	COG0526	Thioredoxin 2
CHQ_3_02162	gene	1071	yfiF			
CHQ_3_02162	CDS	1071	yfiF	2.1.1.-	COG0566	putative tRNA/rRNA methyltransferase YfiF
CHQ_3_02163	gene	690	ung			
CHQ_3_02163	CDS	690	ung	3.2.2.27	COG0692	Uracil-DNA glycosylase
CHQ_3_02164	gene	384	grcA			
CHQ_3_02164	CDS	384	grcA		COG3445	Autonomous glycyl radical cofactor
CHQ_3_02165	gene	1332	srmB			
CHQ_3_02165	CDS	1332	srmB	3.6.4.13	COG0513	ATP-dependent RNA helicase SrmB
CHQ_3_02166	gene	738	yfiC			
CHQ_3_02166	CDS	738	yfiC	2.1.1.223	COG4123	tRNA1(Val) (adenine(37)-N6)-methyltransferase
CHQ_3_02167	gene	1620	nadB			
CHQ_3_02167	CDS	1620	nadB	1.4.3.16	COG0029	L-aspartate oxidase
CHQ_3_02168	gene	576	rpoE			
CHQ_3_02168	CDS	576	rpoE			ECF RNA polymerase sigma-E factor
CHQ_3_02169	gene	651	rseA			
CHQ_3_02169	CDS	651	rseA		COG3073	Anti-sigma-E factor RseA
CHQ_3_02170	gene	957	rseB			
CHQ_3_02170	CDS	957	rseB		COG3026	Sigma-E factor regulatory protein RseB
CHQ_3_02171	gene	480	rseC			
CHQ_3_02171	CDS	480	rseC		COG3086	Protein RseC
CHQ_3_02172	gene	1800	lepA			
CHQ_3_02172	CDS	1800	lepA	3.6.5.-	COG0481	Elongation factor 4
CHQ_3_02173	gene	975	lepB			
CHQ_3_02173	CDS	975	lepB	3.4.21.89	COG0681	Signal peptidase I
CHQ_3_02174	gene	681	rnc			
CHQ_3_02174	CDS	681	rnc	3.1.26.3	COG0571	Ribonuclease 3
CHQ_3_02175	gene	906	era			
CHQ_3_02175	CDS	906	era		COG1159	GTPase Era
CHQ_3_02176	gene	738	recO			
CHQ_3_02176	CDS	738	recO		COG1381	DNA repair protein RecO
CHQ_3_02177	gene	732	pdxJ			
CHQ_3_02177	CDS	732	pdxJ	2.6.99.2	COG0854	Pyridoxine 5'-phosphate synthase
CHQ_3_02178	gene	381	acpS			
CHQ_3_02178	CDS	381	acpS	2.7.8.7	COG0736	Holo-[acyl-carrier-protein] synthase
CHQ_3_02179	gene	261	yfhL			
CHQ_3_02179	CDS	261	yfhL		COG1145	Ferredoxin YfhL
CHQ_3_02180	gene	849	murR			
CHQ_3_02180	CDS	849	murR		COG1737	HTH-type transcriptional regulator MurR
CHQ_3_02181	gene	612	pgpC			
CHQ_3_02181	CDS	612	pgpC	3.1.3.27	COG0560	Phosphatidylglycerophosphatase C
CHQ_3_02182	gene	510	tadA			
CHQ_3_02182	CDS	510	tadA	3.5.4.33	COG0590	tRNA-specific adenosine deaminase
CHQ_3_02183	gene	1617	mltF_1			
CHQ_3_02183	CDS	1617	mltF_1	4.2.2.-	COG4623	Membrane-bound lytic murein transglycosylase F
CHQ_3_02184	gene	3888	purL			
CHQ_3_02184	CDS	3888	purL	6.3.5.3	COG0046	Phosphoribosylformylglycinamidine synthase
CHQ_3_02185	gene	1440	qseE			
CHQ_3_02185	CDS	1440	qseE	2.7.13.3		Sensor histidine kinase QseE
CHQ_3_02186	gene	687	qseG			
CHQ_3_02186	CDS	687	qseG			Quorum-sensing regulator protein G
CHQ_3_02187	gene	1338	qseF			
CHQ_3_02187	CDS	1338	qseF		COG2204	Transcriptional regulatory protein QseF
CHQ_3_02188	gene	339	glnB			
CHQ_3_02188	CDS	339	glnB		COG0347	Nitrogen regulatory protein P-II
CHQ_3_02189	gene	1191	hmp			
CHQ_3_02189	CDS	1191	hmp	1.14.12.17	COG1017	Flavohemoprotein
CHQ_3_02190	gene	1254	glyA			
CHQ_3_02190	CDS	1254	glyA	2.1.2.1	COG0112	Serine hydroxymethyltransferase
CHQ_3_02191	gene	423	yphA			
CHQ_3_02191	CDS	423	yphA		COG2259	Inner membrane protein YphA
CHQ_3_02192	gene	1137	hcaT			
CHQ_3_02192	CDS	1137	hcaT			putative 3-phenylpropionic acid transporter
CHQ_3_02193	gene	1278				
CHQ_3_02193	CDS	1278				hypothetical protein
CHQ_3_02194	gene	639				
CHQ_3_02194	CDS	639				hypothetical protein
CHQ_3_02195	gene	981				
CHQ_3_02195	CDS	981				hypothetical protein
CHQ_3_02196	gene	837				
CHQ_3_02196	CDS	837				hypothetical protein
CHQ_3_02197	gene	804	suhB_1			
CHQ_3_02197	CDS	804	suhB_1	3.1.3.25	COG0483	Inositol-1-monophosphatase
CHQ_3_02198	gene	735	trmJ			
CHQ_3_02198	CDS	735	trmJ	2.1.1.200	COG0565	tRNA (cytidine/uridine-2'-O-)-methyltransferase TrmJ
CHQ_3_02199	gene	492	iscR			
CHQ_3_02199	CDS	492	iscR		COG1959	HTH-type transcriptional regulator IscR
CHQ_3_02200	gene	1215	iscS			
CHQ_3_02200	CDS	1215	iscS	2.8.1.7	COG1104	Cysteine desulfurase IscS
CHQ_3_02201	gene	387	iscU			
CHQ_3_02201	CDS	387	iscU		COG0822	Iron-sulfur cluster assembly scaffold protein IscU
CHQ_3_02202	gene	324	iscA			
CHQ_3_02202	CDS	324	iscA		COG0316	Iron-binding protein IscA
CHQ_3_02203	gene	516	hscB			
CHQ_3_02203	CDS	516	hscB		COG1076	Co-chaperone protein HscB
CHQ_3_02204	gene	1851	hscA			
CHQ_3_02204	CDS	1851	hscA		COG0443	Chaperone protein HscA
CHQ_3_02205	gene	336	fdx			
CHQ_3_02205	CDS	336	fdx		COG0633	2Fe-2S ferredoxin
CHQ_3_02206	gene	201	iscX			
CHQ_3_02206	CDS	201	iscX		COG2975	Protein IscX
CHQ_3_02207	gene	1287	pepB			
CHQ_3_02207	CDS	1287	pepB	3.4.11.23	COG0260	Peptidase B
CHQ_3_02208	gene	777				
CHQ_3_02208	CDS	777				hypothetical protein
CHQ_3_02209	gene	843				
CHQ_3_02209	CDS	843				hypothetical protein
CHQ_3_02210	gene	498				
CHQ_3_02210	CDS	498				hypothetical protein
CHQ_3_02211	gene	159				
CHQ_3_02211	CDS	159				hypothetical protein
CHQ_3_02212	gene	858	sseA			
CHQ_3_02212	CDS	858	sseA	2.8.1.2	COG2897	3-mercaptopyruvate sulfurtransferase
CHQ_3_02213	gene	4950	yfhM			
CHQ_3_02213	CDS	4950	yfhM		COG2373	Alpha-2-macroglobulin
CHQ_3_02214	gene	2325	pbpC			
CHQ_3_02214	CDS	2325	pbpC		COG4953	Penicillin-binding protein 1C
CHQ_3_02215	gene	432	ndk			
CHQ_3_02215	CDS	432	ndk	2.7.4.6	COG0105	Nucleoside diphosphate kinase
CHQ_3_02216	gene	1167	rlmN			
CHQ_3_02216	CDS	1167	rlmN	2.1.1.192	COG0820	Dual-specificity RNA methyltransferase RlmN
CHQ_3_02217	gene	993	rodZ			
CHQ_3_02217	CDS	993	rodZ		COG1426	Cytoskeleton protein RodZ
CHQ_3_02218	gene	1122	ispG			
CHQ_3_02218	CDS	1122	ispG	1.17.7.3	COG0821	4-hydroxy-3-methylbut-2-en-1-yl diphosphate synthase (flavodoxin)
CHQ_3_02219	gene	1275	hisS			
CHQ_3_02219	CDS	1275	hisS	6.1.1.21	COG0124	Histidine--tRNA ligase
CHQ_3_02220	gene	621				
CHQ_3_02220	CDS	621				hypothetical protein
CHQ_3_02221	gene	1179	bamB			
CHQ_3_02221	CDS	1179	bamB		COG1520	Outer membrane protein assembly factor BamB
CHQ_3_02222	gene	1479	der			
CHQ_3_02222	CDS	1479	der		COG1160	GTPase Der
CHQ_3_02223	gene	1080				
CHQ_3_02223	CDS	1080				hypothetical protein
CHQ_3_02224	gene	219	yfgJ			
CHQ_3_02224	CDS	219	yfgJ			putative protein YfgJ
CHQ_3_02225	gene	1392	xseA			
CHQ_3_02225	CDS	1392	xseA	3.1.11.6	COG1570	Exodeoxyribonuclease 7 large subunit
CHQ_3_02226	gene	1467	guaB			
CHQ_3_02226	CDS	1467	guaB	1.1.1.205	COG0516	Inosine-5'-monophosphate dehydrogenase
CHQ_3_02227	gene	1578	guaA			
CHQ_3_02227	CDS	1578	guaA	6.3.5.2	COG0518	GMP synthase [glutamine-hydrolyzing]
CHQ_3_02228	gene	1221				
CHQ_3_02228	CDS	1221				hypothetical protein
CHQ_3_02229	gene	888	yofA			
CHQ_3_02229	CDS	888	yofA		COG0583	HTH-type transcriptional regulator YofA
CHQ_3_02230	gene	174	yfgG			
CHQ_3_02230	CDS	174	yfgG			Protein YfgG
CHQ_3_02231	gene	2229	pdeF			
CHQ_3_02231	CDS	2229	pdeF	3.1.4.52		Cyclic di-GMP phosphodiesterase PdeF
CHQ_3_02232	gene	1533	ppx			
CHQ_3_02232	CDS	1533	ppx	3.6.1.11	COG0248	Exopolyphosphatase
CHQ_3_02233	gene	2061	ppk			
CHQ_3_02233	CDS	2061	ppk	2.7.4.1	COG0855	Polyphosphate kinase
CHQ_3_02234	gene	1668				
CHQ_3_02234	CDS	1668				hypothetical protein
CHQ_3_02235	gene	1098	yesR_2			
CHQ_3_02235	CDS	1098	yesR_2	3.2.1.172	COG4225	Unsaturated rhamnogalacturonyl hydrolase YesR
CHQ_3_02236	gene	1509	yjmB			
CHQ_3_02236	CDS	1509	yjmB		COG2211	putative symporter YjmB
CHQ_3_02237	gene	1341				
CHQ_3_02237	CDS	1341				hypothetical protein
CHQ_3_02238	gene	642	purN			
CHQ_3_02238	CDS	642	purN	2.1.2.2	COG0299	Phosphoribosylglycinamide formyltransferase
CHQ_3_02239	gene	1038	purM			
CHQ_3_02239	CDS	1038	purM	6.3.3.1	COG0150	Phosphoribosylformylglycinamidine cyclo-ligase
CHQ_3_02240	gene	894	bglK			
CHQ_3_02240	CDS	894	bglK	2.7.1.85	COG1940	Beta-glucoside kinase
CHQ_3_02241	gene	1431	bglA_2			
CHQ_3_02241	CDS	1431	bglA_2	3.2.1.86	COG2723	6-phospho-beta-glucosidase BglA
CHQ_3_02242	gene	627	upp			
CHQ_3_02242	CDS	627	upp	2.4.2.9	COG0035	Uracil phosphoribosyltransferase
CHQ_3_02243	gene	1287	uraA			
CHQ_3_02243	CDS	1287	uraA		COG2233	Uracil permease
CHQ_3_02244	gene	678	hda			
CHQ_3_02244	CDS	678	hda		COG0593	DnaA regulatory inactivator Hda
CHQ_3_02245	gene	912				
CHQ_3_02245	CDS	912				ISNCY family transposase ISSen7
CHQ_3_02246	gene	360	yfgD			
CHQ_3_02246	CDS	360	yfgD		COG1393	putative protein YfgD
CHQ_3_02247	gene	1464	bepA_2			
CHQ_3_02247	CDS	1464	bepA_2	3.4.-.-	COG4783	Beta-barrel assembly-enhancing protease
CHQ_3_02248	gene	1065	yhhT_2			
CHQ_3_02248	CDS	1065	yhhT_2		COG0628	Putative transport protein YhhT
CHQ_3_02249	gene	471	bcp			
CHQ_3_02249	CDS	471	bcp	1.11.1.15	COG1225	Peroxiredoxin Bcp
CHQ_3_02250	gene	567	gcvR			
CHQ_3_02250	CDS	567	gcvR		COG2716	Glycine cleavage system transcriptional repressor
CHQ_3_02251	gene	879	dapA_2			
CHQ_3_02251	CDS	879	dapA_2	4.3.3.7	COG0329	4-hydroxy-tetrahydrodipicolinate synthase
CHQ_3_02252	gene	1035	bamC			
CHQ_3_02252	CDS	1035	bamC		COG3317	Outer membrane protein assembly factor BamC
CHQ_3_02253	gene	714	purC			
CHQ_3_02253	CDS	714	purC	6.3.2.6	COG0152	Phosphoribosylaminoimidazole-succinocarboxamide synthase
CHQ_3_02254	gene	876				
CHQ_3_02254	CDS	876				hypothetical protein
CHQ_3_02255	gene	2004	tmcA			
CHQ_3_02255	CDS	2004	tmcA	2.3.1.193	COG1444	tRNA(Met) cytidine acetyltransferase TmcA
CHQ_3_02256	gene	696				
CHQ_3_02256	CDS	696				hypothetical protein
CHQ_3_02257	gene	204				
CHQ_3_02257	CDS	204				hypothetical protein
CHQ_3_02258	gene	1128	dapE			
CHQ_3_02258	CDS	1128	dapE	3.5.1.18	COG0624	Succinyl-diaminopimelate desuccinylase
CHQ_3_02259	gene	354	yffB			
CHQ_3_02259	CDS	354	yffB		COG1393	Protein YffB
CHQ_3_02260	gene	3114	acrB_2			
CHQ_3_02260	CDS	3114	acrB_2		COG0841	Multidrug efflux pump subunit AcrB
CHQ_3_02261	gene	1983				
CHQ_3_02261	CDS	1983		1.18.1.2		Ferredoxin--NADP reductase
CHQ_3_02262	gene	597	nudK_1			
CHQ_3_02262	CDS	597	nudK_1	3.6.1.-		GDP-mannose pyrophosphatase NudK
CHQ_3_02263	gene	1047				
CHQ_3_02263	CDS	1047				hypothetical protein
CHQ_3_02264	gene	1995	tktB			
CHQ_3_02264	CDS	1995	tktB	2.2.1.1	COG0021	Transketolase 2
CHQ_3_02265	gene	957	tal			
CHQ_3_02265	CDS	957	tal	2.2.1.2		Transaldolase
CHQ_3_02266	gene	2280	maeB			
CHQ_3_02266	CDS	2280	maeB	1.1.1.40	COG0280	NADP-dependent malic enzyme
CHQ_3_02267	gene	336	eutS			
CHQ_3_02267	CDS	336	eutS		COG4810	Ethanolamine utilization protein EutS
CHQ_3_02268	gene	480				
CHQ_3_02268	CDS	480				hypothetical protein
CHQ_3_02269	gene	681	eutQ			
CHQ_3_02269	CDS	681	eutQ		COG4766	Ethanolamine utilization protein EutQ
CHQ_3_02270	gene	810				
CHQ_3_02270	CDS	810				hypothetical protein
CHQ_3_02271	gene	1017	eutD			
CHQ_3_02271	CDS	1017	eutD		COG0280	Ethanolamine utilization protein EutD
CHQ_3_02272	gene	291	eutM			
CHQ_3_02272	CDS	291	eutM		COG4577	Ethanolamine utilization protein EutM
CHQ_3_02273	gene	288	eutN			
CHQ_3_02273	CDS	288	eutN		COG4576	Ethanolamine utilization protein EutN
CHQ_3_02274	gene	1404	proA_2			
CHQ_3_02274	CDS	1404	proA_2	1.2.1.41		Gamma-glutamyl phosphate reductase
CHQ_3_02275	gene	840	ftsA_1			
CHQ_3_02275	CDS	840	ftsA_1			Cell division protein FtsA
CHQ_3_02276	gene	1188	mdh_1			
CHQ_3_02276	CDS	1188	mdh_1	1.1.1.244		NAD-dependent methanol dehydrogenase
CHQ_3_02277	gene	1233				
CHQ_3_02277	CDS	1233				hypothetical protein
CHQ_3_02278	gene	1404				
CHQ_3_02278	CDS	1404				hypothetical protein
CHQ_3_02279	gene	1362	eutB_2			
CHQ_3_02279	CDS	1362	eutB_2	4.3.1.7	COG4303	Ethanolamine ammonia-lyase heavy chain
CHQ_3_02280	gene	900	eutC_2			
CHQ_3_02280	CDS	900	eutC_2	4.3.1.7	COG4302	Ethanolamine ammonia-lyase light chain
CHQ_3_02281	gene	660	eutL			
CHQ_3_02281	CDS	660	eutL		COG4816	Ethanolamine utilization protein EutL
CHQ_3_02282	gene	486	eutK			
CHQ_3_02282	CDS	486	eutK		COG4577	Ethanolamine utilization protein EutK
CHQ_3_02283	gene	1053				
CHQ_3_02283	CDS	1053				hypothetical protein
CHQ_3_02284	gene	900	hemF			
CHQ_3_02284	CDS	900	hemF	1.3.3.3	COG0408	Oxygen-dependent coproporphyrinogen-III oxidase
CHQ_3_02285	gene	873	amiA			
CHQ_3_02285	CDS	873	amiA	3.5.1.28	COG0860	N-acetylmuramoyl-L-alanine amidase AmiA
CHQ_3_02286	gene	426	ypeA			
CHQ_3_02286	CDS	426	ypeA	2.3.1.-	COG0456	Acetyltransferase YpeA
CHQ_3_02287	gene	450	yfeZ			
CHQ_3_02287	CDS	450	yfeZ			Inner membrane protein YfeZ
CHQ_3_02288	gene	576	yfeY			
CHQ_3_02288	CDS	576	yfeY			putative protein YfeY
CHQ_3_02289	gene	900	yfeX			
CHQ_3_02289	CDS	900	yfeX	1.11.1.-	COG2837	Dye-decolorizing peroxidase YfeX
CHQ_3_02290	gene	1017	cysP			
CHQ_3_02290	CDS	1017	cysP		COG4150	Thiosulfate-binding protein
CHQ_3_02291	gene	834	cysT			
CHQ_3_02291	CDS	834	cysT		COG0555	Sulfate transport system permease protein CysT
CHQ_3_02292	gene	876	cysW			
CHQ_3_02292	CDS	876	cysW		COG4208	Sulfate transport system permease protein CysW
CHQ_3_02293	gene	1095	cysA			
CHQ_3_02293	CDS	1095	cysA	7.3.2.3	COG1118	Sulfate/thiosulfate import ATP-binding protein CysA
CHQ_3_02294	gene	912	cysM			
CHQ_3_02294	CDS	912	cysM	2.5.1.47	COG0031	Cysteine synthase B
CHQ_3_02295	gene	396	yybH			
CHQ_3_02295	CDS	396	yybH		COG4319	putative protein YybH
CHQ_3_02296	gene	1299	ptsJ			
CHQ_3_02296	CDS	1299	ptsJ		COG1167	Vitamin B6 salvage pathway transcriptional repressor PtsJ
CHQ_3_02297	gene	867	pdxK			
CHQ_3_02297	CDS	867	pdxK	2.7.1.35	COG2240	Pyridoxine/pyridoxal/pyridoxamine kinase
CHQ_3_02298	gene	240				
CHQ_3_02298	CDS	240				hypothetical protein
CHQ_3_02299	gene	510	crr			
CHQ_3_02299	CDS	510	crr		COG2190	PTS system glucose-specific EIIA component
CHQ_3_02300	gene	1728	ptsI			
CHQ_3_02300	CDS	1728	ptsI	2.7.3.9	COG1080	Phosphoenolpyruvate-protein phosphotransferase
CHQ_3_02301	gene	258	ptsH			
CHQ_3_02301	CDS	258	ptsH		COG1925	Phosphocarrier protein HPr
CHQ_3_02302	gene	972	cysK			
CHQ_3_02302	CDS	972	cysK	2.5.1.47	COG0031	Cysteine synthase A
CHQ_3_02303	gene	762	cysZ			
CHQ_3_02303	CDS	762	cysZ		COG2981	Sulfate transporter CysZ
CHQ_3_02304	gene	1062	zipA			
CHQ_3_02304	CDS	1062	zipA		COG3115	Cell division protein ZipA
CHQ_3_02305	gene	2016	ligA			
CHQ_3_02305	CDS	2016	ligA	6.5.1.2	COG0272	DNA ligase
CHQ_3_02306	gene	219				
CHQ_3_02306	CDS	219				hypothetical protein
CHQ_3_02307	gene	999				
CHQ_3_02307	CDS	999				hypothetical protein
CHQ_3_02308	gene	927	cynR_1			
CHQ_3_02308	CDS	927	cynR_1			HTH-type transcriptional regulator CynR
CHQ_3_02309	gene	76				
CHQ_3_02309	tRNA	76				tRNA-Lys(ttt)
CHQ_3_02310	gene	76				
CHQ_3_02310	tRNA	76				tRNA-Val(tac)
CHQ_3_02311	gene	76				
CHQ_3_02311	tRNA	76				tRNA-Val(tac)
CHQ_3_02312	gene	1419	gltX			
CHQ_3_02312	CDS	1419	gltX	6.1.1.17	COG0008	Glutamate--tRNA ligase
CHQ_3_02313	gene	393				
CHQ_3_02313	CDS	393				hypothetical protein
CHQ_3_02314	gene	354				
CHQ_3_02314	CDS	354				hypothetical protein
CHQ_3_02315	gene	76				
CHQ_3_02315	tRNA	76				tRNA-Ala(ggc)
CHQ_3_02316	gene	2172	pdeA			
CHQ_3_02316	CDS	2172	pdeA	3.1.4.52		putative cyclic di-GMP phosphodiesterase PdeA
CHQ_3_02317	gene	1203	nupC_2			
CHQ_3_02317	CDS	1203	nupC_2		COG1972	Nucleoside permease NupC
CHQ_3_02318	gene	1242	mntH			
CHQ_3_02318	CDS	1242	mntH		COG1914	Divalent metal cation transporter MntH
CHQ_3_02319	gene	360				
CHQ_3_02319	CDS	360				hypothetical protein
CHQ_3_02320	gene	993	gpr			
CHQ_3_02320	CDS	993	gpr	1.1.1.-	COG0667	L-glyceraldehyde 3-phosphate reductase
CHQ_3_02321	gene	1662	ipdC			
CHQ_3_02321	CDS	1662	ipdC	4.1.1.74	COG3961	Indole-3-pyruvate decarboxylase
CHQ_3_02322	gene	1236	yfeO			
CHQ_3_02322	CDS	1236	yfeO			Putative ion-transport protein YfeO
CHQ_3_02323	gene	966	glk			
CHQ_3_02323	CDS	966	glk	2.7.1.2	COG0837	Glucokinase
CHQ_3_02324	gene	738	ypdB			
CHQ_3_02324	CDS	738	ypdB		COG3279	Transcriptional regulatory protein YpdB
CHQ_3_02325	gene	1698	ypdA			
CHQ_3_02325	CDS	1698	ypdA	2.7.13.3	COG3275	Sensor histidine kinase YpdA
CHQ_3_02326	gene	1215	alaC			
CHQ_3_02326	CDS	1215	alaC	2.6.1.2	COG0436	Glutamate-pyruvate aminotransferase AlaC
CHQ_3_02327	gene	1197	yycB			
CHQ_3_02327	CDS	1197	yycB		COG2807	putative transporter YycB
CHQ_3_02328	gene	459	guaD_1			
CHQ_3_02328	CDS	459	guaD_1	3.5.4.3	COG0590	Guanine deaminase
CHQ_3_02329	gene	909	cynR_2			
CHQ_3_02329	CDS	909	cynR_2			HTH-type transcriptional regulator CynR
CHQ_3_02330	gene	813				
CHQ_3_02330	CDS	813				hypothetical protein
CHQ_3_02331	gene	483				
CHQ_3_02331	CDS	483				hypothetical protein
CHQ_3_02332	gene	291	dgcT_1			
CHQ_3_02332	CDS	291	dgcT_1	2.7.7.65		putative diguanylate cyclase DgcT
CHQ_3_02333	gene	1029	dgcT_2			
CHQ_3_02333	CDS	1029	dgcT_2	2.7.7.65		putative diguanylate cyclase DgcT
CHQ_3_02334	gene	75				
CHQ_3_02334	tRNA	75				tRNA-Arg(cct)
CHQ_3_02335	gene	1176	intA_2			
CHQ_3_02335	CDS	1176	intA_2		COG0582	Prophage integrase IntA
CHQ_3_02336	gene	129				
CHQ_3_02336	CDS	129				hypothetical protein
CHQ_3_02337	gene	639				
CHQ_3_02337	CDS	639				hypothetical protein
CHQ_3_02338	gene	216				
CHQ_3_02338	CDS	216				hypothetical protein
CHQ_3_02339	gene	375				
CHQ_3_02339	CDS	375				hypothetical protein
CHQ_3_02340	gene	345				
CHQ_3_02340	CDS	345				hypothetical protein
CHQ_3_02341	gene	135				
CHQ_3_02341	CDS	135				hypothetical protein
CHQ_3_02342	gene	786				
CHQ_3_02342	CDS	786				hypothetical protein
CHQ_3_02343	gene	300				
CHQ_3_02343	CDS	300				hypothetical protein
CHQ_3_02344	gene	354				
CHQ_3_02344	CDS	354				hypothetical protein
CHQ_3_02345	gene	492				
CHQ_3_02345	CDS	492				hypothetical protein
CHQ_3_02346	gene	624				
CHQ_3_02346	CDS	624				hypothetical protein
CHQ_3_02347	gene	1350	lysC			
CHQ_3_02347	CDS	1350	lysC	2.7.2.4	COG0527	Lysine-sensitive aspartokinase 3
CHQ_3_02348	gene	1650	pgi			
CHQ_3_02348	CDS	1650	pgi	5.3.1.9	COG0166	Glucose-6-phosphate isomerase
CHQ_3_02349	gene	456	fdtC			
CHQ_3_02349	CDS	456	fdtC	2.3.1.197		dTDP-3-amino-3,6-dideoxy-alpha-D-galactopyranose 3-N-acetyltransferase
CHQ_3_02350	gene	510				
CHQ_3_02350	CDS	510				hypothetical protein
CHQ_3_02351	gene	381	ridA_1			
CHQ_3_02351	CDS	381	ridA_1	3.5.99.10	COG0251	2-iminobutanoate/2-iminopropanoate deaminase
CHQ_3_02352	gene	321				
CHQ_3_02352	CDS	321				hypothetical protein
CHQ_3_02353	gene	741	ygaZ_2			
CHQ_3_02353	CDS	741	ygaZ_2		COG1296	Inner membrane protein YgaZ
CHQ_3_02354	gene	1278				
CHQ_3_02354	CDS	1278				hypothetical protein
CHQ_3_02355	gene	411	psiE			
CHQ_3_02355	CDS	411	psiE		COG3223	Protein PsiE
CHQ_3_02356	gene	891	malG_2			
CHQ_3_02356	CDS	891	malG_2		COG3833	Maltose/maltodextrin transport system permease protein MalG
CHQ_3_02357	gene	1545	malF			
CHQ_3_02357	CDS	1545	malF		COG1175	Maltose/maltodextrin transport system permease protein MalF
CHQ_3_02358	gene	1191	malE			
CHQ_3_02358	CDS	1191	malE		COG2182	Maltose/maltodextrin-binding periplasmic protein
CHQ_3_02359	gene	1110	malK_2			
CHQ_3_02359	CDS	1110	malK_2	7.5.2.1	COG3839	Maltose/maltodextrin import ATP-binding protein MalK
CHQ_3_02360	gene	1290	lamB_2			
CHQ_3_02360	CDS	1290	lamB_2		COG4580	Maltoporin
CHQ_3_02361	gene	930				
CHQ_3_02361	CDS	930				hypothetical protein
CHQ_3_02362	gene	498	ubiC			
CHQ_3_02362	CDS	498	ubiC	4.1.3.40	COG3161	Chorismate pyruvate-lyase
CHQ_3_02363	gene	867	ubiA			
CHQ_3_02363	CDS	867	ubiA	2.5.1.39	COG0382	4-hydroxybenzoate octaprenyltransferase
CHQ_3_02364	gene	2424	plsB			
CHQ_3_02364	CDS	2424	plsB	2.3.1.15	COG2937	Glycerol-3-phosphate acyltransferase
CHQ_3_02365	gene	369	dgkA			
CHQ_3_02365	CDS	369	dgkA	2.7.1.107	COG0818	Diacylglycerol kinase
CHQ_3_02366	gene	609	lexA			
CHQ_3_02366	CDS	609	lexA	3.4.21.88	COG1974	LexA repressor
CHQ_3_02367	gene	1317	dinF			
CHQ_3_02367	CDS	1317	dinF		COG0534	DNA damage-inducible protein F
CHQ_3_02368	gene	210				
CHQ_3_02368	CDS	210				hypothetical protein
CHQ_3_02369	gene	516	zur			
CHQ_3_02369	CDS	516	zur		COG0735	Zinc uptake regulation protein
CHQ_3_02370	gene	489				
CHQ_3_02370	CDS	489				hypothetical protein
CHQ_3_02371	gene	942	dusA			
CHQ_3_02371	CDS	942	dusA	1.3.1.-	COG0042	tRNA-dihydrouridine(20/20a) synthase
CHQ_3_02372	gene	243	pspG			
CHQ_3_02372	CDS	243	pspG			Phage shock protein G
CHQ_3_02373	gene	984	qorA_1			
CHQ_3_02373	CDS	984	qorA_1	1.6.5.5	COG0604	Quinone oxidoreductase 1
CHQ_3_02374	gene	1416	dnaB			
CHQ_3_02374	CDS	1416	dnaB	3.6.4.12	COG0305	Replicative DNA helicase
CHQ_3_02375	gene	1080	alr			
CHQ_3_02375	CDS	1080	alr	5.1.1.1	COG0787	Alanine racemase, biosynthetic
CHQ_3_02376	gene	1194	tyrB_1			
CHQ_3_02376	CDS	1194	tyrB_1	2.6.1.5	COG1448	Tyrosine aminotransferase
CHQ_3_02377	gene	714	aphA_1			
CHQ_3_02377	CDS	714	aphA_1	3.1.3.2	COG3700	Class B acid phosphatase
CHQ_3_02378	gene	417				
CHQ_3_02378	CDS	417				hypothetical protein
CHQ_3_02379	gene	357	yjbR			
CHQ_3_02379	CDS	357	yjbR		COG2315	putative protein YjbR
CHQ_3_02380	gene	2826	uvrA			
CHQ_3_02380	CDS	2826	uvrA		COG0178	UvrABC system protein A
CHQ_3_02381	gene	525	ssb_2			
CHQ_3_02381	CDS	525	ssb_2		COG0629	Single-stranded DNA-binding protein
CHQ_3_02382	gene	1581	mltF_2			
CHQ_3_02382	CDS	1581	mltF_2	4.2.2.-		Membrane-bound lytic murein transglycosylase F
CHQ_3_02383	gene	2259	fepA_1			
CHQ_3_02383	CDS	2259	fepA_1		COG4771	Ferrienterobactin receptor
CHQ_3_02384	gene	369	soxS_1			
CHQ_3_02384	CDS	369	soxS_1			Regulatory protein SoxS
CHQ_3_02385	gene	1761				
CHQ_3_02385	CDS	1761		3.1.1.102		Mono(2-hydroxyethyl) terephthalate hydrolase
CHQ_3_02386	gene	2424	bamA_1			
CHQ_3_02386	CDS	2424	bamA_1		COG4775	Outer membrane protein assembly factor BamA
CHQ_3_02387	gene	354	iraM			
CHQ_3_02387	CDS	354	iraM			Anti-adapter protein IraM
CHQ_3_02388	gene	159				
CHQ_3_02388	CDS	159				hypothetical protein
CHQ_3_02389	gene	507	suhB_2			
CHQ_3_02389	CDS	507	suhB_2	3.1.3.25	COG0483	Inositol-1-monophosphatase
CHQ_3_02390	gene	1020	ccpA_2			
CHQ_3_02390	CDS	1020	ccpA_2		COG1609	Catabolite control protein A
CHQ_3_02391	gene	771	rbn_1			
CHQ_3_02391	CDS	771	rbn_1	3.1.26.11		Ribonuclease BN
CHQ_3_02392	gene	1032	potA_3			
CHQ_3_02392	CDS	1032	potA_3	7.6.2.11	COG3842	Spermidine/putrescine import ATP-binding protein PotA
CHQ_3_02393	gene	1140				
CHQ_3_02393	CDS	1140				hypothetical protein
CHQ_3_02394	gene	831				
CHQ_3_02394	CDS	831				hypothetical protein
CHQ_3_02395	gene	861				
CHQ_3_02395	CDS	861				hypothetical protein
CHQ_3_02396	gene	282				
CHQ_3_02396	CDS	282				hypothetical protein
CHQ_3_02397	gene	1605	pdeC			
CHQ_3_02397	CDS	1605	pdeC	3.1.4.52	COG4943	putative cyclic di-GMP phosphodiesterase PdeC
CHQ_3_02398	gene	330	soxS_2			
CHQ_3_02398	CDS	330	soxS_2			Regulatory protein SoxS
CHQ_3_02399	gene	459	soxR			
CHQ_3_02399	CDS	459	soxR		COG0789	Redox-sensitive transcriptional activator SoxR
CHQ_3_02400	gene	669				
CHQ_3_02400	CDS	669				hypothetical protein
CHQ_3_02401	gene	1350	ghxP			
CHQ_3_02401	CDS	1350	ghxP		COG2252	Guanine/hypoxanthine permease GhxP
CHQ_3_02402	gene	1647	nhaK			
CHQ_3_02402	CDS	1647	nhaK		COG0025	Sodium, potassium, lithium and rubidium/H(+) antiporter
CHQ_3_02403	gene	882	gltC_2			
CHQ_3_02403	CDS	882	gltC_2			HTH-type transcriptional regulator GltC
CHQ_3_02404	gene	408	cidA			
CHQ_3_02404	CDS	408	cidA			Holin-like protein CidA
CHQ_3_02405	gene	690	yohK_1			
CHQ_3_02405	CDS	690	yohK_1		COG1346	Inner membrane protein YohK
CHQ_3_02406	gene	540	elfA			
CHQ_3_02406	CDS	540	elfA			Laminin-binding fimbrial subunit ElfA
CHQ_3_02407	gene	690	lpfB_2			
CHQ_3_02407	CDS	690	lpfB_2			putative fimbrial chaperone LpfB
CHQ_3_02408	gene	2592	fimD_3			
CHQ_3_02408	CDS	2592	fimD_3		COG3188	Outer membrane usher protein FimD
CHQ_3_02409	gene	588				
CHQ_3_02409	CDS	588				hypothetical protein
CHQ_3_02410	gene	1098				
CHQ_3_02410	CDS	1098				hypothetical protein
CHQ_3_02411	gene	1656	actP			
CHQ_3_02411	CDS	1656	actP		COG4147	Cation/acetate symporter ActP
CHQ_3_02412	gene	312	yjcH			
CHQ_3_02412	CDS	312	yjcH		COG3162	Inner membrane protein YjcH
CHQ_3_02413	gene	1959	acs			
CHQ_3_02413	CDS	1959	acs	6.2.1.1	COG0365	Acetyl-coenzyme A synthetase
CHQ_3_02414	gene	1314	gltP			
CHQ_3_02414	CDS	1314	gltP		COG1301	Proton/glutamate-aspartate symporter
CHQ_3_02415	gene	687				
CHQ_3_02415	CDS	687				hypothetical protein
CHQ_3_02416	gene	1680	fdhF_2			
CHQ_3_02416	CDS	1680	fdhF_2	1.17.1.9	COG0243	Formate dehydrogenase H
CHQ_3_02417	gene	420	fdhF_3			
CHQ_3_02417	CDS	420	fdhF_3	1.17.1.9	COG0243	Formate dehydrogenase H
CHQ_3_02418	gene	729	ompR_2			
CHQ_3_02418	CDS	729	ompR_2			Transcriptional regulatory protein OmpR
CHQ_3_02419	gene	1008	rbsK_1			
CHQ_3_02419	CDS	1008	rbsK_1	2.7.1.15	COG0524	Ribokinase
CHQ_3_02420	gene	942	rbsB_1			
CHQ_3_02420	CDS	942	rbsB_1		COG1879	Ribose import binding protein RbsB
CHQ_3_02421	gene	999	rbsC_3			
CHQ_3_02421	CDS	999	rbsC_3		COG1172	Ribose import permease protein RbsC
CHQ_3_02422	gene	1521	rbsA_2			
CHQ_3_02422	CDS	1521	rbsA_2	7.5.2.7	COG1129	Ribose import ATP-binding protein RbsA
CHQ_3_02423	gene	2286	rcsC_1			
CHQ_3_02423	CDS	2286	rcsC_1	2.7.13.3		Sensor histidine kinase RcsC
CHQ_3_02424	gene	369				
CHQ_3_02424	CDS	369				hypothetical protein
CHQ_3_02425	gene	759	phnP			
CHQ_3_02425	CDS	759	phnP	3.1.4.55	COG1235	Phosphoribosyl 1,2-cyclic phosphate phosphodiesterase
CHQ_3_02426	gene	564	phnN			
CHQ_3_02426	CDS	564	phnN	2.7.4.23	COG3709	Ribose 1,5-bisphosphate phosphokinase PhnN
CHQ_3_02427	gene	1137	phnM			
CHQ_3_02427	CDS	1137	phnM	3.6.1.63	COG3454	Alpha-D-ribose 1-methylphosphonate 5-triphosphate diphosphatase
CHQ_3_02428	gene	681	phnL			
CHQ_3_02428	CDS	681	phnL	2.7.8.37	COG4778	Alpha-D-ribose 1-methylphosphonate 5-triphosphate synthase subunit PhnL
CHQ_3_02429	gene	759	phnK			
CHQ_3_02429	CDS	759	phnK		COG4107	Putative phosphonates utilization ATP-binding protein PhnK
CHQ_3_02430	gene	849	phnJ			
CHQ_3_02430	CDS	849	phnJ	4.7.1.1	COG3627	Alpha-D-ribose 1-methylphosphonate 5-phosphate C-P lyase
CHQ_3_02431	gene	1065	phnI			
CHQ_3_02431	CDS	1065	phnI	2.7.8.37	COG3626	Alpha-D-ribose 1-methylphosphonate 5-triphosphate synthase subunit PhnI
CHQ_3_02432	gene	585	phnH			
CHQ_3_02432	CDS	585	phnH	2.7.8.37	COG3625	Alpha-D-ribose 1-methylphosphonate 5-triphosphate synthase subunit PhnH
CHQ_3_02433	gene	453	phnG			
CHQ_3_02433	CDS	453	phnG	2.7.8.37	COG3624	Alpha-D-ribose 1-methylphosphonate 5-triphosphate synthase subunit PhnG
CHQ_3_02434	gene	726	phnF			
CHQ_3_02434	CDS	726	phnF		COG2188	putative transcriptional regulator PhnF
CHQ_3_02435	gene	435				
CHQ_3_02435	CDS	435				hypothetical protein
CHQ_3_02436	gene	336				
CHQ_3_02436	CDS	336				hypothetical protein
CHQ_3_02437	gene	1503	proP_2			
CHQ_3_02437	CDS	1503	proP_2			Proline/betaine transporter
CHQ_3_02438	gene	939	melR			
CHQ_3_02438	CDS	939	melR			Melibiose operon regulatory protein
CHQ_3_02439	gene	1353	melA			
CHQ_3_02439	CDS	1353	melA	3.2.1.22	COG1486	Alpha-galactosidase
CHQ_3_02440	gene	1416	melB			
CHQ_3_02440	CDS	1416	melB		COG2211	Melibiose carrier protein
CHQ_3_02441	gene	957	parM_1			
CHQ_3_02441	CDS	957	parM_1			Plasmid segregation protein ParM
CHQ_3_02442	gene	372				
CHQ_3_02442	CDS	372				hypothetical protein
CHQ_3_02443	gene	306	cbpM			
CHQ_3_02443	CDS	306	cbpM			Chaperone modulatory protein CbpM
CHQ_3_02444	gene	918	cbpA			
CHQ_3_02444	CDS	918	cbpA		COG2214	Curved DNA-binding protein
CHQ_3_02445	gene	684				
CHQ_3_02445	CDS	684				hypothetical protein
CHQ_3_02446	gene	786				
CHQ_3_02446	CDS	786				hypothetical protein
CHQ_3_02447	gene	447				
CHQ_3_02447	CDS	447				hypothetical protein
CHQ_3_02448	gene	1332	pgaC			
CHQ_3_02448	CDS	1332	pgaC	2.4.1.-	COG1215	Poly-beta-1,6-N-acetyl-D-glucosamine synthase
CHQ_3_02449	gene	2016	pgaB			
CHQ_3_02449	CDS	2016	pgaB	3.5.1.-	COG0726	Poly-beta-1,6-N-acetyl-D-glucosamine N-deacetylase
CHQ_3_02450	gene	2490	pgaA			
CHQ_3_02450	CDS	2490	pgaA			Poly-beta-1,6-N-acetyl-D-glucosamine export protein
CHQ_3_02451	gene	567				
CHQ_3_02451	CDS	567				hypothetical protein
CHQ_3_02452	gene	291				
CHQ_3_02452	CDS	291				hypothetical protein
CHQ_3_02453	gene	76				
CHQ_3_02453	tRNA	76				tRNA-Phe(gaa)
CHQ_3_02454	gene	2088				
CHQ_3_02454	CDS	2088				hypothetical protein
CHQ_3_02455	gene	591				
CHQ_3_02455	CDS	591				hypothetical protein
CHQ_3_02456	gene	1797	dsbD_2			
CHQ_3_02456	CDS	1797	dsbD_2	1.8.1.8	COG4232	Thiol:disulfide interchange protein DsbD
CHQ_3_02457	gene	324	cutA			
CHQ_3_02457	CDS	324	cutA		COG1324	Divalent-cation tolerance protein CutA
CHQ_3_02458	gene	1302	dcuA			
CHQ_3_02458	CDS	1302	dcuA		COG2704	Anaerobic C4-dicarboxylate transporter DcuA
CHQ_3_02459	gene	1437	aspA			
CHQ_3_02459	CDS	1437	aspA	4.3.1.1	COG1027	Aspartate ammonia-lyase
CHQ_3_02460	gene	477				
CHQ_3_02460	CDS	477				hypothetical protein
CHQ_3_02461	gene	1251	yjeH			
CHQ_3_02461	CDS	1251	yjeH		COG0531	L-methionine/branched-chain amino acid exporter YjeH
CHQ_3_02462	gene	294	groS			
CHQ_3_02462	CDS	294	groS		COG0234	10 kDa chaperonin
CHQ_3_02463	gene	1647	groL			
CHQ_3_02463	CDS	1647	groL			60 kDa chaperonin
CHQ_3_02464	gene	354				
CHQ_3_02464	CDS	354				hypothetical protein
CHQ_3_02465	gene	864				
CHQ_3_02465	CDS	864				hypothetical protein
CHQ_3_02466	gene	2124	hlyB			
CHQ_3_02466	CDS	2124	hlyB		COG2274	Alpha-hemolysin translocation ATP-binding protein HlyB
CHQ_3_02467	gene	1287	cvaA			
CHQ_3_02467	CDS	1287	cvaA		COG0845	Colicin V secretion protein CvaA
CHQ_3_02468	gene	1032				
CHQ_3_02468	CDS	1032				hypothetical protein
CHQ_3_02469	gene	2544	elfC			
CHQ_3_02469	CDS	2544	elfC		COG3188	putative outer membrane usher protein ElfC
CHQ_3_02470	gene	687	fimC_2			
CHQ_3_02470	CDS	687	fimC_2			Chaperone protein FimC
CHQ_3_02471	gene	501				
CHQ_3_02471	CDS	501				hypothetical protein
CHQ_3_02472	gene	705				
CHQ_3_02472	CDS	705				hypothetical protein
CHQ_3_02473	gene	1029	epmB			
CHQ_3_02473	CDS	1029	epmB	5.4.3.-	COG1509	L-lysine 2,3-aminomutase
CHQ_3_02474	gene	567	efp			
CHQ_3_02474	CDS	567	efp		COG0231	Elongation factor P
CHQ_3_02475	gene	132				
CHQ_3_02475	CDS	132				hypothetical protein
CHQ_3_02476	gene	192				
CHQ_3_02476	CDS	192				hypothetical protein
CHQ_3_02477	gene	318	gdx			
CHQ_3_02477	CDS	318	gdx		COG2076	Guanidinium exporter
CHQ_3_02478	gene	534	blc			
CHQ_3_02478	CDS	534	blc		COG3040	Outer membrane lipoprotein Blc
CHQ_3_02479	gene	360	frdD			
CHQ_3_02479	CDS	360	frdD		COG3080	Fumarate reductase subunit D
CHQ_3_02480	gene	396	frdC			
CHQ_3_02480	CDS	396	frdC		COG3029	Fumarate reductase subunit C
CHQ_3_02481	gene	735	frdB			
CHQ_3_02481	CDS	735	frdB	1.3.5.1	COG0479	Fumarate reductase iron-sulfur subunit
CHQ_3_02482	gene	1791	frdA			
CHQ_3_02482	CDS	1791	frdA	1.3.5.4	COG1053	Fumarate reductase flavoprotein subunit
CHQ_3_02483	gene	978	epmA			
CHQ_3_02483	CDS	978	epmA	6.3.1.-	COG2269	Elongation factor P--(R)-beta-lysine ligase
CHQ_3_02484	gene	198	yjeM			
CHQ_3_02484	CDS	198	yjeM			Inner membrane transporter YjeM
CHQ_3_02485	gene	3330	mscM			
CHQ_3_02485	CDS	3330	mscM		COG3264	Miniconductance mechanosensitive channel MscM
CHQ_3_02486	gene	963	psd			
CHQ_3_02486	CDS	963	psd	4.1.1.65	COG0688	Phosphatidylserine decarboxylase proenzyme
CHQ_3_02487	gene	1062	rsgA			
CHQ_3_02487	CDS	1062	rsgA	3.6.1.-	COG1162	Small ribosomal subunit biogenesis GTPase RsgA
CHQ_3_02488	gene	546	orn			
CHQ_3_02488	CDS	546	orn	3.1.-.-	COG1949	Oligoribonuclease
CHQ_3_02489	gene	732	artJ_3			
CHQ_3_02489	CDS	732	artJ_3		COG0834	ABC transporter arginine-binding protein 1
CHQ_3_02490	gene	76				
CHQ_3_02490	tRNA	76				tRNA-Gly(gcc)
CHQ_3_02491	gene	76				
CHQ_3_02491	tRNA	76				tRNA-Gly(gcc)
CHQ_3_02492	gene	76				
CHQ_3_02492	tRNA	76				tRNA-Gly(gcc)
CHQ_3_02493	gene	1140	queG			
CHQ_3_02493	CDS	1140	queG	1.17.99.6		Epoxyqueuosine reductase
CHQ_3_02494	gene	1512	nnr			
CHQ_3_02494	CDS	1512	nnr		COG0062	Bifunctional NAD(P)H-hydrate repair enzyme Nnr
CHQ_3_02495	gene	462	tsaE			
CHQ_3_02495	CDS	462	tsaE		COG0802	tRNA threonylcarbamoyladenosine biosynthesis protein TsaE
CHQ_3_02496	gene	1353	amiB			
CHQ_3_02496	CDS	1353	amiB	3.5.1.28	COG0860	N-acetylmuramoyl-L-alanine amidase AmiB
CHQ_3_02497	gene	1860	mutL			
CHQ_3_02497	CDS	1860	mutL		COG0323	DNA mismatch repair protein MutL
CHQ_3_02498	gene	951	miaA			
CHQ_3_02498	CDS	951	miaA	2.5.1.75	COG0324	tRNA dimethylallyltransferase
CHQ_3_02499	gene	309	hfq			
CHQ_3_02499	CDS	309	hfq		COG1923	RNA-binding protein Hfq
CHQ_3_02500	gene	1281	hflX			
CHQ_3_02500	CDS	1281	hflX		COG2262	GTPase HflX
CHQ_3_02501	gene	1263	hflK			
CHQ_3_02501	CDS	1263	hflK		COG0330	Modulator of FtsH protease HflK
CHQ_3_02502	gene	1005	hflC			
CHQ_3_02502	CDS	1005	hflC		COG0330	Modulator of FtsH protease HflC
CHQ_3_02503	gene	291				
CHQ_3_02503	CDS	291				hypothetical protein
CHQ_3_02504	gene	255				
CHQ_3_02504	CDS	255				hypothetical protein
CHQ_3_02505	gene	1299	purA			
CHQ_3_02505	CDS	1299	purA	6.3.4.4	COG0104	Adenylosuccinate synthetase
CHQ_3_02506	gene	426	nsrR			
CHQ_3_02506	CDS	426	nsrR		COG1959	HTH-type transcriptional repressor NsrR
CHQ_3_02507	gene	2439	rnr			
CHQ_3_02507	CDS	2439	rnr	3.1.13.1	COG0557	Ribonuclease R
CHQ_3_02508	gene	732	rlmB			
CHQ_3_02508	CDS	732	rlmB	2.1.1.185	COG0566	23S rRNA (guanosine-2'-O-)-methyltransferase RlmB
CHQ_3_02509	gene	1638	aidB			
CHQ_3_02509	CDS	1638	aidB	1.3.99.-	COG1960	Putative acyl-CoA dehydrogenase AidB
CHQ_3_02510	gene	276				
CHQ_3_02510	CDS	276				hypothetical protein
CHQ_3_02511	gene	309	bsmA			
CHQ_3_02511	CDS	309	bsmA			Lipoprotein BsmA
CHQ_3_02512	gene	717				
CHQ_3_02512	CDS	717				hypothetical protein
CHQ_3_02513	gene	756	ulaR			
CHQ_3_02513	CDS	756	ulaR		COG1349	HTH-type transcriptional regulator UlaR
CHQ_3_02514	gene	1065	ulaG			
CHQ_3_02514	CDS	1065	ulaG	3.1.1.-	COG2220	putative L-ascorbate-6-phosphate lactonase UlaG
CHQ_3_02515	gene	1401	ulaA_3			
CHQ_3_02515	CDS	1401	ulaA_3		COG3037	Ascorbate-specific PTS system EIIC component
CHQ_3_02516	gene	306	ulaB			
CHQ_3_02516	CDS	306	ulaB	2.7.1.194	COG3414	Ascorbate-specific PTS system EIIB component
CHQ_3_02517	gene	468	ulaC_2			
CHQ_3_02517	CDS	468	ulaC_2		COG1762	Ascorbate-specific PTS system EIIA component
CHQ_3_02518	gene	651	ulaD			
CHQ_3_02518	CDS	651	ulaD	4.1.1.85	COG0269	3-keto-L-gulonate-6-phosphate decarboxylase UlaD
CHQ_3_02519	gene	855	ulaE			
CHQ_3_02519	CDS	855	ulaE	5.1.3.22	COG3623	L-ribulose-5-phosphate 3-epimerase UlaE
CHQ_3_02520	gene	687	ulaF			
CHQ_3_02520	CDS	687	ulaF	5.1.3.4	COG0235	L-ribulose-5-phosphate 4-epimerase UlaF
CHQ_3_02521	gene	1194	yfcJ_1			
CHQ_3_02521	CDS	1194	yfcJ_1			putative MFS-type transporter YfcJ
CHQ_3_02522	gene	276				
CHQ_3_02522	CDS	276				hypothetical protein
CHQ_3_02523	gene	396	rpsF			
CHQ_3_02523	CDS	396	rpsF		COG0360	30S ribosomal protein S6
CHQ_3_02524	gene	315	priB			
CHQ_3_02524	CDS	315	priB		COG2965	Primosomal replication protein N
CHQ_3_02525	gene	228	rpsR			
CHQ_3_02525	CDS	228	rpsR		COG0238	30S ribosomal protein S18
CHQ_3_02526	gene	450	rplI			
CHQ_3_02526	CDS	450	rplI		COG0359	50S ribosomal protein L9
CHQ_3_02527	gene	675				
CHQ_3_02527	CDS	675				hypothetical protein
CHQ_3_02528	gene	621	fklB			
CHQ_3_02528	CDS	621	fklB	5.2.1.8	COG0545	FKBP-type 22 kDa peptidyl-prolyl cis-trans isomerase
CHQ_3_02529	gene	1404	cycA_1			
CHQ_3_02529	CDS	1404	cycA_1		COG1113	D-serine/D-alanine/glycine transporter
CHQ_3_02530	gene	663	ytfE			
CHQ_3_02530	CDS	663	ytfE		COG2846	Iron-sulfur cluster repair protein YtfE
CHQ_3_02531	gene	972	ytfF_1			
CHQ_3_02531	CDS	972	ytfF_1			Inner membrane protein YtfF
CHQ_3_02532	gene	825	rhaS_4			
CHQ_3_02532	CDS	825	rhaS_4			HTH-type transcriptional activator RhaS
CHQ_3_02533	gene	849	qorB			
CHQ_3_02533	CDS	849	qorB	1.6.5.2	COG0702	Quinone oxidoreductase 2
CHQ_3_02534	gene	372				
CHQ_3_02534	CDS	372				hypothetical protein
CHQ_3_02535	gene	1944	cpdB			
CHQ_3_02535	CDS	1944	cpdB	3.1.3.6	COG0737	2',3'-cyclic-nucleotide 2'-phosphodiesterase/3'-nucleotidase
CHQ_3_02536	gene	744	cysQ			
CHQ_3_02536	CDS	744	cysQ	3.1.3.7	COG1218	3'(2'),5'-bisphosphate nucleotidase CysQ
CHQ_3_02537	gene	558	ytfJ			
CHQ_3_02537	CDS	558	ytfJ		COG3054	putative protein YtfJ
CHQ_3_02538	gene	207				
CHQ_3_02538	CDS	207				hypothetical protein
CHQ_3_02539	gene	873	araC_1			
CHQ_3_02539	CDS	873	araC_1			Arabinose operon regulatory protein
CHQ_3_02540	gene	2010	bgaA			
CHQ_3_02540	CDS	2010	bgaA	3.2.1.23	COG1874	Beta-galactosidase BgaA
CHQ_3_02541	gene	1233	rafB_2			
CHQ_3_02541	CDS	1233	rafB_2			Raffinose permease
CHQ_3_02542	gene	1338				
CHQ_3_02542	CDS	1338				hypothetical protein
CHQ_3_02543	gene	639	msrA			
CHQ_3_02543	CDS	639	msrA	1.8.4.11	COG0225	Peptide methionine sulfoxide reductase MsrA
CHQ_3_02544	gene	1734	tamA			
CHQ_3_02544	CDS	1734	tamA		COG0729	Translocation and assembly module subunit TamA
CHQ_3_02545	gene	3777	tamB			
CHQ_3_02545	CDS	3777	tamB		COG2911	Translocation and assembly module subunit TamB
CHQ_3_02546	gene	345	ytfP			
CHQ_3_02546	CDS	345	ytfP		COG2105	Gamma-glutamylcyclotransferase family protein ytfP
CHQ_3_02547	gene	1188				
CHQ_3_02547	CDS	1188				hypothetical protein
CHQ_3_02548	gene	531	ppa_1			
CHQ_3_02548	CDS	531	ppa_1	3.6.1.1	COG0221	Inorganic pyrophosphatase
CHQ_3_02549	gene	957	ytfQ			
CHQ_3_02549	CDS	957	ytfQ			ABC transporter periplasmic-binding protein YtfQ
CHQ_3_02550	gene	1503	fruK			
CHQ_3_02550	CDS	1503	fruK	7.5.2.-	COG1129	Fructose import ATP-binding protein FruK
CHQ_3_02551	gene	1026	ytfT			
CHQ_3_02551	CDS	1026	ytfT			Inner membrane ABC transporter permease protein YtfT
CHQ_3_02552	gene	999	yjfF			
CHQ_3_02552	CDS	999	yjfF			Inner membrane ABC transporter permease protein YjfF
CHQ_3_02553	gene	999	fbp			
CHQ_3_02553	CDS	999	fbp	3.1.3.11	COG0158	Fructose-1,6-bisphosphatase class 1
CHQ_3_02554	gene	1374	mpl			
CHQ_3_02554	CDS	1374	mpl	6.3.2.45	COG0773	UDP-N-acetylmuramate--L-alanyl-gamma-D-glutamyl-meso-2,6-diaminoheptandioate ligase
CHQ_3_02555	gene	528				
CHQ_3_02555	CDS	528				hypothetical protein
CHQ_3_02556	gene	1209				
CHQ_3_02556	CDS	1209				hypothetical protein
CHQ_3_02557	gene	552				
CHQ_3_02557	CDS	552				hypothetical protein
CHQ_3_02558	gene	1341	pmbA			
CHQ_3_02558	CDS	1341	pmbA	3.4.-.-	COG0312	Metalloprotease PmbA
CHQ_3_02559	gene	387	cybC			
CHQ_3_02559	CDS	387	cybC		COG3783	Soluble cytochrome b562
CHQ_3_02560	gene	339				
CHQ_3_02560	CDS	339				hypothetical protein
CHQ_3_02561	gene	363				
CHQ_3_02561	CDS	363				hypothetical protein
CHQ_3_02562	gene	300				
CHQ_3_02562	CDS	300				hypothetical protein
CHQ_3_02563	gene	777				
CHQ_3_02563	CDS	777				hypothetical protein
CHQ_3_02564	gene	645				
CHQ_3_02564	CDS	645				hypothetical protein
CHQ_3_02565	gene	1134				
CHQ_3_02565	CDS	1134		3.1.1.-	COG3964	Deacetylase
CHQ_3_02566	gene	1119	dgaE			
CHQ_3_02566	CDS	1119	dgaE	4.3.1.29		D-glucosaminate-6-phosphate ammonia lyase
CHQ_3_02567	gene	741	dgaF			
CHQ_3_02567	CDS	741	dgaF	4.1.2.14		2-dehydro-3-deoxy-phosphogluconate aldolase
CHQ_3_02568	gene	1152	pgl_1			
CHQ_3_02568	CDS	1152	pgl_1	3.1.1.31	COG2706	6-phosphogluconolactonase
CHQ_3_02569	gene	1911	licR			
CHQ_3_02569	CDS	1911	licR		COG1762	putative licABCH operon regulator
CHQ_3_02570	gene	243	relB			
CHQ_3_02570	CDS	243	relB		COG3077	Antitoxin RelB
CHQ_3_02571	gene	285	relE			
CHQ_3_02571	CDS	285	relE	3.1.-.-	COG2026	mRNA interferase toxin RelE
CHQ_3_02572	gene	465	nrdG			
CHQ_3_02572	CDS	465	nrdG	1.97.1.-	COG0602	Anaerobic ribonucleoside-triphosphate reductase-activating protein
CHQ_3_02573	gene	2139	nrdD			
CHQ_3_02573	CDS	2139	nrdD	1.1.98.6	COG1328	Anaerobic ribonucleoside-triphosphate reductase
CHQ_3_02574	gene	192				
CHQ_3_02574	CDS	192				hypothetical protein
CHQ_3_02575	gene	1656	treC			
CHQ_3_02575	CDS	1656	treC	3.2.1.93	COG0366	Trehalose-6-phosphate hydrolase
CHQ_3_02576	gene	1419	treB			
CHQ_3_02576	CDS	1419	treB		COG1263	PTS system trehalose-specific EIIBC component
CHQ_3_02577	gene	948	treR			
CHQ_3_02577	CDS	948	treR		COG1609	HTH-type transcriptional regulator TreR
CHQ_3_02578	gene	2709	mgtA			
CHQ_3_02578	CDS	2709	mgtA	7.2.2.14	COG0474	Magnesium-transporting ATPase, P-type 1
CHQ_3_02579	gene	387	ridA_2			
CHQ_3_02579	CDS	387	ridA_2	3.5.99.10	COG0251	2-iminobutanoate/2-iminopropanoate deaminase
CHQ_3_02580	gene	462	pyrI			
CHQ_3_02580	CDS	462	pyrI		COG1781	Aspartate carbamoyltransferase regulatory chain
CHQ_3_02581	gene	936	pyrB			
CHQ_3_02581	CDS	936	pyrB	2.1.3.2	COG0540	Aspartate carbamoyltransferase catalytic subunit
CHQ_3_02582	gene	453	tabA			
CHQ_3_02582	CDS	453	tabA		COG2731	Toxin-antitoxin biofilm protein TabA
CHQ_3_02583	gene	1005	argI			
CHQ_3_02583	CDS	1005	argI	2.1.3.3	COG0078	Ornithine carbamoyltransferase subunit I
CHQ_3_02584	gene	423	rraB			
CHQ_3_02584	CDS	423	rraB		COG3076	Regulator of ribonuclease activity B
CHQ_3_02585	gene	765				
CHQ_3_02585	CDS	765				hypothetical protein
CHQ_3_02586	gene	504				
CHQ_3_02586	CDS	504				hypothetical protein
CHQ_3_02587	gene	2856	valS			
CHQ_3_02587	CDS	2856	valS	6.1.1.9	COG0525	Valine--tRNA ligase
CHQ_3_02588	gene	444	holC			
CHQ_3_02588	CDS	444	holC	2.7.7.7	COG2927	DNA polymerase III subunit chi
CHQ_3_02589	gene	1512	pepA			
CHQ_3_02589	CDS	1512	pepA	3.4.11.1	COG0260	Cytosol aminopeptidase
CHQ_3_02590	gene	1098	lptF			
CHQ_3_02590	CDS	1098	lptF		COG0795	Lipopolysaccharide export system permease protein LptF
CHQ_3_02591	gene	1083	lptG			
CHQ_3_02591	CDS	1083	lptG		COG0795	Lipopolysaccharide export system permease protein LptG
CHQ_3_02592	gene	1503				
CHQ_3_02592	CDS	1503				hypothetical protein
CHQ_3_02593	gene	822				
CHQ_3_02593	CDS	822				hypothetical protein
CHQ_3_02594	gene	1506	bauC			
CHQ_3_02594	CDS	1506	bauC	1.2.1.-	COG1012	Putative 3-oxopropanoate dehydrogenase
CHQ_3_02595	gene	810	iolB			
CHQ_3_02595	CDS	810	iolB	5.3.1.30	COG3718	5-deoxy-glucuronate isomerase
CHQ_3_02596	gene	858	hexR_2			
CHQ_3_02596	CDS	858	hexR_2		COG1737	HTH-type transcriptional regulator HexR
CHQ_3_02597	gene	1914	iolC			
CHQ_3_02597	CDS	1914	iolC	2.7.1.92		5-dehydro-2-deoxygluconokinase
CHQ_3_02598	gene	1941	iolD			
CHQ_3_02598	CDS	1941	iolD	3.7.1.22	COG3962	3D-(3,5/4)-trihydroxycyclohexane-1,2-dione hydrolase
CHQ_3_02599	gene	1014	iolG_4			
CHQ_3_02599	CDS	1014	iolG_4	1.1.1.18	COG0673	Inositol 2-dehydrogenase/D-chiro-inositol 3-dehydrogenase
CHQ_3_02600	gene	885				
CHQ_3_02600	CDS	885				hypothetical protein
CHQ_3_02601	gene	900	iolE_2			
CHQ_3_02601	CDS	900	iolE_2	4.2.1.44	COG1082	Inosose dehydratase
CHQ_3_02602	gene	1311	ugpB_2			
CHQ_3_02602	CDS	1311	ugpB_2		COG1653	sn-glycerol-3-phosphate-binding periplasmic protein UgpB
CHQ_3_02603	gene	1074	ugpC_3			
CHQ_3_02603	CDS	1074	ugpC_3	7.6.2.10	COG3839	sn-glycerol-3-phosphate import ATP-binding protein UgpC
CHQ_3_02604	gene	825	cpdA_1			
CHQ_3_02604	CDS	825	cpdA_1	3.1.4.53		3',5'-cyclic adenosine monophosphate phosphodiesterase CpdA
CHQ_3_02605	gene	888	ngcG			
CHQ_3_02605	CDS	888	ngcG		COG0395	Diacetylchitobiose uptake system permease protein NgcG
CHQ_3_02606	gene	873	ugpA_2			
CHQ_3_02606	CDS	873	ugpA_2		COG1175	sn-glycerol-3-phosphate transport system permease protein UgpA
CHQ_3_02607	gene	1020	ahr			
CHQ_3_02607	CDS	1020	ahr	1.1.1.2	COG1064	Aldehyde reductase Ahr
CHQ_3_02608	gene	1470	dauA_2			
CHQ_3_02608	CDS	1470	dauA_2		COG0659	C4-dicarboxylic acid transporter DauA
CHQ_3_02609	gene	675	can_1			
CHQ_3_02609	CDS	675	can_1	4.2.1.1	COG0288	Carbonic anhydrase 2
CHQ_3_02610	gene	85				
CHQ_3_02610	tRNA	85				tRNA-Leu(caa)
CHQ_3_02611	gene	177	intS_2			
CHQ_3_02611	CDS	177	intS_2		COG0582	Prophage integrase IntS
CHQ_3_02612	gene	378	intA_3			
CHQ_3_02612	CDS	378	intA_3		COG0582	Prophage integrase IntA
CHQ_3_02613	gene	987				
CHQ_3_02613	CDS	987				hypothetical protein
CHQ_3_02614	gene	1434				
CHQ_3_02614	CDS	1434				hypothetical protein
CHQ_3_02615	gene	1674	rep_2			
CHQ_3_02615	CDS	1674	rep_2	3.6.4.12		ATP-dependent DNA helicase Rep
CHQ_3_02616	gene	2031				
CHQ_3_02616	CDS	2031				hypothetical protein
CHQ_3_02617	gene	987				
CHQ_3_02617	CDS	987				hypothetical protein
CHQ_3_02618	gene	396				
CHQ_3_02618	CDS	396				IS3 family transposase ISEae2
CHQ_3_02619	gene	594				
CHQ_3_02619	CDS	594				IS3 family transposase ISAs17
CHQ_3_02620	gene	870				
CHQ_3_02620	CDS	870				hypothetical protein
CHQ_3_02621	gene	639				
CHQ_3_02621	CDS	639				hypothetical protein
CHQ_3_02622	gene	1680	xynB			
CHQ_3_02622	CDS	1680	xynB	3.2.1.37		Beta-xylosidase
CHQ_3_02623	gene	1455	uidB			
CHQ_3_02623	CDS	1455	uidB		COG2211	Glucuronide carrier protein
CHQ_3_02624	gene	1320	xylA_2			
CHQ_3_02624	CDS	1320	xylA_2	5.3.1.5		Xylose isomerase
CHQ_3_02625	gene	2583				
CHQ_3_02625	CDS	2583				hypothetical protein
CHQ_3_02626	gene	2472				
CHQ_3_02626	CDS	2472				hypothetical protein
CHQ_3_02627	gene	264				
CHQ_3_02627	CDS	264				hypothetical protein
CHQ_3_02628	gene	843				
CHQ_3_02628	CDS	843				hypothetical protein
CHQ_3_02629	gene	420	umuD_2			
CHQ_3_02629	CDS	420	umuD_2	3.4.21.-	COG1974	Protein UmuD
CHQ_3_02630	gene	1311	umuC_2			
CHQ_3_02630	CDS	1311	umuC_2		COG0389	Protein UmuC
CHQ_3_02631	gene	1050				
CHQ_3_02631	CDS	1050				hypothetical protein
CHQ_3_02632	gene	678	yedK_1			
CHQ_3_02632	CDS	678	yedK_1	3.4.-.-	COG2135	SOS response-associated protein YedK
CHQ_3_02633	gene	810				
CHQ_3_02633	CDS	810				hypothetical protein
CHQ_3_02634	gene	177	icd_1			
CHQ_3_02634	CDS	177	icd_1	1.1.1.42	COG0538	Isocitrate dehydrogenase [NADP]
CHQ_3_02635	gene	714				
CHQ_3_02635	CDS	714				hypothetical protein
CHQ_3_02636	gene	393				
CHQ_3_02636	CDS	393				hypothetical protein
CHQ_3_02637	gene	324	yqjZ			
CHQ_3_02637	CDS	324	yqjZ		COG2329	putative protein YqjZ
CHQ_3_02638	gene	474				
CHQ_3_02638	CDS	474				hypothetical protein
CHQ_3_02639	gene	642				
CHQ_3_02639	CDS	642			COG1802	putative HTH-type transcriptional regulator
CHQ_3_02640	gene	546				
CHQ_3_02640	CDS	546				hypothetical protein
CHQ_3_02641	gene	228				
CHQ_3_02641	CDS	228				hypothetical protein
CHQ_3_02642	gene	1194				
CHQ_3_02642	CDS	1194		1.1.1.1	COG1063	putative zinc-binding alcohol dehydrogenase
CHQ_3_02643	gene	186				
CHQ_3_02643	CDS	186				hypothetical protein
CHQ_3_02644	gene	495	yciF			
CHQ_3_02644	CDS	495	yciF		COG3685	Protein YciF
CHQ_3_02645	gene	507	yciE_1			
CHQ_3_02645	CDS	507	yciE_1		COG3685	Protein YciE
CHQ_3_02646	gene	888				
CHQ_3_02646	CDS	888				hypothetical protein
CHQ_3_02647	gene	1422	cydA_1			
CHQ_3_02647	CDS	1422	cydA_1	1.10.3.-	COG1271	Cytochrome bd ubiquinol oxidase subunit 1
CHQ_3_02648	gene	1011	cydB_1			
CHQ_3_02648	CDS	1011	cydB_1	7.1.1.7	COG1294	Cytochrome bd-I ubiquinol oxidase subunit 2
CHQ_3_02649	gene	198				
CHQ_3_02649	CDS	198				hypothetical protein
CHQ_3_02650	gene	105				
CHQ_3_02650	CDS	105				hypothetical protein
CHQ_3_02651	gene	633				
CHQ_3_02651	CDS	633				hypothetical protein
CHQ_3_02652	gene	687	pdeH_2			
CHQ_3_02652	CDS	687	pdeH_2	3.1.4.52		Cyclic di-GMP phosphodiesterase PdeH
CHQ_3_02653	gene	411				
CHQ_3_02653	CDS	411				hypothetical protein
CHQ_3_02654	gene	1503	lpdC			
CHQ_3_02654	CDS	1503	lpdC	4.1.1.59	COG0043	Gallate decarboxylase
CHQ_3_02655	gene	900	gltC_3			
CHQ_3_02655	CDS	900	gltC_3			HTH-type transcriptional regulator GltC
CHQ_3_02656	gene	1785				
CHQ_3_02656	CDS	1785				hypothetical protein
CHQ_3_02657	gene	1209				
CHQ_3_02657	CDS	1209		3.1.4.-	COG2206	3'3'-cGAMP-specific phosphodiesterase 1
CHQ_3_02658	gene	1044	ansB			
CHQ_3_02658	CDS	1044	ansB	3.5.1.1		L-asparaginase
CHQ_3_02659	gene	915	lpxP			
CHQ_3_02659	CDS	915	lpxP	2.3.1.242	COG1560	Lipid A biosynthesis palmitoleoyltransferase
CHQ_3_02660	gene	639	leuE_1			
CHQ_3_02660	CDS	639	leuE_1		COG1280	Leucine efflux protein
CHQ_3_02661	gene	264				
CHQ_3_02661	CDS	264				hypothetical protein
CHQ_3_02662	gene	102	yoaK			
CHQ_3_02662	CDS	102	yoaK			putative membrane protein YoaK
CHQ_3_02663	gene	1014	dgcP			
CHQ_3_02663	CDS	1014	dgcP	2.7.7.65	COG2203	Diguanylate cyclase DgcP
CHQ_3_02664	gene	240				
CHQ_3_02664	CDS	240				hypothetical protein
CHQ_3_02665	gene	357				
CHQ_3_02665	CDS	357				hypothetical protein
CHQ_3_02666	gene	510				
CHQ_3_02666	CDS	510				hypothetical protein
CHQ_3_02667	gene	693	pyrG_2			
CHQ_3_02667	CDS	693	pyrG_2	6.3.4.2		CTP synthase
CHQ_3_02668	gene	1185	nimT			
CHQ_3_02668	CDS	1185	nimT		COG2807	2-nitroimidazole transporter
CHQ_3_02669	gene	792	nimR_2			
CHQ_3_02669	CDS	792	nimR_2			HTH-type transcriptional regulator NimR
CHQ_3_02670	gene	447				
CHQ_3_02670	CDS	447				hypothetical protein
CHQ_3_02671	gene	501				
CHQ_3_02671	CDS	501				hypothetical protein
CHQ_3_02672	gene	1140				
CHQ_3_02672	CDS	1140				hypothetical protein
CHQ_3_02673	gene	243				
CHQ_3_02673	CDS	243				hypothetical protein
CHQ_3_02674	gene	420	umuD_3			
CHQ_3_02674	CDS	420	umuD_3	3.4.21.-	COG1974	Protein UmuD
CHQ_3_02675	gene	1266	umuC_3			
CHQ_3_02675	CDS	1266	umuC_3		COG0389	Protein UmuC
CHQ_3_02676	gene	906	pgrR_3			
CHQ_3_02676	CDS	906	pgrR_3			HTH-type transcriptional regulator PgrR
CHQ_3_02677	gene	750	butA			
CHQ_3_02677	CDS	750	butA	1.1.1.304		Diacetyl reductase [(S)-acetoin forming]
CHQ_3_02678	gene	594				
CHQ_3_02678	CDS	594				hypothetical protein
CHQ_3_02679	gene	1110	nemA_1			
CHQ_3_02679	CDS	1110	nemA_1	1.3.1.-	COG1902	N-ethylmaleimide reductase
CHQ_3_02680	gene	909	dmlR_8			
CHQ_3_02680	CDS	909	dmlR_8			HTH-type transcriptional regulator DmlR
CHQ_3_02681	gene	858	hexR_3			
CHQ_3_02681	CDS	858	hexR_3		COG1737	HTH-type transcriptional regulator HexR
CHQ_3_02682	gene	1329				
CHQ_3_02682	CDS	1329		2.6.1.-	COG0161	putative aminotransferase
CHQ_3_02683	gene	555				
CHQ_3_02683	CDS	555				hypothetical protein
CHQ_3_02684	gene	753	glnH_3			
CHQ_3_02684	CDS	753	glnH_3		COG0834	Glutamine-binding periplasmic protein
CHQ_3_02685	gene	657	glnP_2			
CHQ_3_02685	CDS	657	glnP_2		COG0765	Glutamine transport system permease protein GlnP
CHQ_3_02686	gene	729	glnQ_4			
CHQ_3_02686	CDS	729	glnQ_4		COG1126	Glutamine transport ATP-binding protein GlnQ
CHQ_3_02687	gene	1017				
CHQ_3_02687	CDS	1017				hypothetical protein
CHQ_3_02688	gene	1191	sotB_2			
CHQ_3_02688	CDS	1191	sotB_2			Sugar efflux transporter B
CHQ_3_02689	gene	882	dmlR_9			
CHQ_3_02689	CDS	882	dmlR_9			HTH-type transcriptional regulator DmlR
CHQ_3_02690	gene	312				
CHQ_3_02690	CDS	312				hypothetical protein
CHQ_3_02691	gene	561				
CHQ_3_02691	CDS	561				hypothetical protein
CHQ_3_02692	gene	483	gpx1			
CHQ_3_02692	CDS	483	gpx1	1.11.1.22		Hydroperoxy fatty acid reductase gpx1
CHQ_3_02693	gene	1287				
CHQ_3_02693	CDS	1287				hypothetical protein
CHQ_3_02694	gene	1935				
CHQ_3_02694	CDS	1935				hypothetical protein
CHQ_3_02695	gene	747	mipA			
CHQ_3_02695	CDS	747	mipA		COG3713	MltA-interacting protein
CHQ_3_02696	gene	855				
CHQ_3_02696	CDS	855				hypothetical protein
CHQ_3_02697	gene	885	yeaD			
CHQ_3_02697	CDS	885	yeaD	5.1.3.15	COG0676	Putative glucose-6-phosphate 1-epimerase
CHQ_3_02698	gene	996	gapA			
CHQ_3_02698	CDS	996	gapA	1.2.1.12	COG0057	Glyceraldehyde-3-phosphate dehydrogenase A
CHQ_3_02699	gene	414	msrB			
CHQ_3_02699	CDS	414	msrB	1.8.4.12	COG0229	Peptide methionine sulfoxide reductase MsrB
CHQ_3_02700	gene	279				
CHQ_3_02700	CDS	279				hypothetical protein
CHQ_3_02701	gene	345				
CHQ_3_02701	CDS	345				hypothetical protein
CHQ_3_02702	gene	1254	chiA1			
CHQ_3_02702	CDS	1254	chiA1	3.2.1.14		Chitinase A1
CHQ_3_02703	gene	642	pncA			
CHQ_3_02703	CDS	642	pncA	3.5.1.19	COG1335	Nicotinamidase
CHQ_3_02704	gene	1020	ansA			
CHQ_3_02704	CDS	1020	ansA	3.5.1.1	COG0252	L-asparaginase 1
CHQ_3_02705	gene	1854	sppA			
CHQ_3_02705	CDS	1854	sppA	3.4.21.-	COG0616	Protease 4
CHQ_3_02706	gene	552	ydjA			
CHQ_3_02706	CDS	552	ydjA	1.-.-.-	COG0778	Putative NAD(P)H nitroreductase YdjA
CHQ_3_02707	gene	747	phoC			
CHQ_3_02707	CDS	747	phoC	3.1.3.2		Major phosphate-irrepressible acid phosphatase
CHQ_3_02708	gene	1044	selD			
CHQ_3_02708	CDS	1044	selD	2.7.9.3	COG0709	Selenide, water dikinase
CHQ_3_02709	gene	1941	topB			
CHQ_3_02709	CDS	1941	topB	5.6.2.1	COG0550	DNA topoisomerase 3
CHQ_3_02710	gene	981	qorA_2			
CHQ_3_02710	CDS	981	qorA_2	1.6.5.5	COG0604	Quinone oxidoreductase 1
CHQ_3_02711	gene	1344	gdhA_1			
CHQ_3_02711	CDS	1344	gdhA_1	1.4.1.4	COG0334	NADP-specific glutamate dehydrogenase
CHQ_3_02712	gene	411	nudG			
CHQ_3_02712	CDS	411	nudG	3.6.1.65	COG0494	CTP pyrophosphohydrolase
CHQ_3_02713	gene	615	ynjF			
CHQ_3_02713	CDS	615	ynjF		COG0558	Inner membrane protein YnjF
CHQ_3_02714	gene	1308	ynjE			
CHQ_3_02714	CDS	1308	ynjE	2.8.1.1	COG2897	Thiosulfate sulfurtransferase YnjE
CHQ_3_02715	gene	633	fbpC2			
CHQ_3_02715	CDS	633	fbpC2	7.2.2.7	COG3842	Fe(3+) ions import ATP-binding protein FbpC 2
CHQ_3_02716	gene	1536	ynjC			
CHQ_3_02716	CDS	1536	ynjC		COG4135	Inner membrane ABC transporter permease protein YnjC
CHQ_3_02717	gene	1179	ynjB			
CHQ_3_02717	CDS	1179	ynjB		COG4134	Protein YnjB
CHQ_3_02718	gene	561				
CHQ_3_02718	CDS	561				hypothetical protein
CHQ_3_02719	gene	711	ydjZ_1			
CHQ_3_02719	CDS	711	ydjZ_1		COG0398	TVP38/TMEM64 family inner membrane protein YdjZ
CHQ_3_02720	gene	492	ydjZ_2			
CHQ_3_02720	CDS	492	ydjZ_2		COG0398	TVP38/TMEM64 family inner membrane protein YdjZ
CHQ_3_02721	gene	144				
CHQ_3_02721	CDS	144				hypothetical protein
CHQ_3_02722	gene	807	xthA			
CHQ_3_02722	CDS	807	xthA	3.1.11.2	COG0708	Exodeoxyribonuclease III
CHQ_3_02723	gene	1221	astC_1			
CHQ_3_02723	CDS	1221	astC_1	2.6.1.81	COG4992	Succinylornithine transaminase
CHQ_3_02724	gene	1035	astA_1			
CHQ_3_02724	CDS	1035	astA_1	2.3.1.109	COG3138	Arginine N-succinyltransferase
CHQ_3_02725	gene	1479	astD_1			
CHQ_3_02725	CDS	1479	astD_1	1.2.1.71	COG1012	N-succinylglutamate 5-semialdehyde dehydrogenase
CHQ_3_02726	gene	1326	astB_1			
CHQ_3_02726	CDS	1326	astB_1	3.5.3.23	COG3724	N-succinylarginine dihydrolase
CHQ_3_02727	gene	966	astE_1			
CHQ_3_02727	CDS	966	astE_1	3.5.1.96	COG2988	Succinylglutamate desuccinylase
CHQ_3_02728	gene	483	spy			
CHQ_3_02728	CDS	483	spy		COG3678	Periplasmic chaperone Spy
CHQ_3_02729	gene	864	cho			
CHQ_3_02729	CDS	864	cho	3.1.25.-	COG0322	Excinuclease cho
CHQ_3_02730	gene	828	nadE			
CHQ_3_02730	CDS	828	nadE	6.3.1.5	COG0171	NH(3)-dependent NAD(+) synthetase
CHQ_3_02731	gene	339	osmE			
CHQ_3_02731	CDS	339	osmE			Osmotically-inducible putative lipoprotein OsmE
CHQ_3_02732	gene	321	chbB			
CHQ_3_02732	CDS	321	chbB	2.7.1.196	COG1440	PTS system N,N'-diacetylchitobiose-specific EIIB component
CHQ_3_02733	gene	1359	chbC			
CHQ_3_02733	CDS	1359	chbC		COG1455	PTS system N,N'-diacetylchitobiose-specific EIIC component
CHQ_3_02734	gene	348	chbA_3			
CHQ_3_02734	CDS	348	chbA_3		COG1447	PTS system N,N'-diacetylchitobiose-specific EIIA component
CHQ_3_02735	gene	825	chbR			
CHQ_3_02735	CDS	825	chbR			HTH-type transcriptional regulator ChbR
CHQ_3_02736	gene	1347	chbF			
CHQ_3_02736	CDS	1347	chbF	3.2.1.86	COG1486	6-phospho-beta-glucosidase
CHQ_3_02737	gene	759	chbG			
CHQ_3_02737	CDS	759	chbG	3.5.1.105	COG3394	Chitooligosaccharide deacetylase ChbG
CHQ_3_02738	gene	2259	katE			
CHQ_3_02738	CDS	2259	katE	1.11.1.6	COG0753	Catalase HPII
CHQ_3_02739	gene	333	cedA			
CHQ_3_02739	CDS	333	cedA			Cell division activator CedA
CHQ_3_02740	gene	1392	tcyP			
CHQ_3_02740	CDS	1392	tcyP		COG1823	L-cystine uptake protein TcyP
CHQ_3_02741	gene	591	ydjM			
CHQ_3_02741	CDS	591	ydjM		COG1988	Inner membrane protein YdjM
CHQ_3_02742	gene	762	kduD_2			
CHQ_3_02742	CDS	762	kduD_2	1.1.1.127		2-dehydro-3-deoxy-D-gluconate 5-dehydrogenase
CHQ_3_02743	gene	669	hxpB_1			
CHQ_3_02743	CDS	669	hxpB_1	3.1.3.68	COG0637	Hexitol phosphatase B
CHQ_3_02744	gene	537				
CHQ_3_02744	CDS	537				hypothetical protein
CHQ_3_02745	gene	399				
CHQ_3_02745	CDS	399		3.1.2.-	COG1607	putative acyl-CoA thioester hydrolase
CHQ_3_02746	gene	2184	pfeA			
CHQ_3_02746	CDS	2184	pfeA		COG4771	Ferric enterobactin receptor
CHQ_3_02747	gene	540	yciB			
CHQ_3_02747	CDS	540	yciB		COG2917	putative intracellular septation protein A
CHQ_3_02748	gene	744				
CHQ_3_02748	CDS	744				hypothetical protein
CHQ_3_02749	gene	414				
CHQ_3_02749	CDS	414				hypothetical protein
CHQ_3_02750	gene	639	ompW			
CHQ_3_02750	CDS	639	ompW		COG3047	Outer membrane protein W
CHQ_3_02751	gene	678				
CHQ_3_02751	CDS	678		1.14.11.-	COG3128	PKHD-type hydroxylase
CHQ_3_02752	gene	2286	fiu			
CHQ_3_02752	CDS	2286	fiu		COG4774	Catecholate siderophore receptor Fiu
CHQ_3_02753	gene	267				
CHQ_3_02753	CDS	267				hypothetical protein
CHQ_3_02754	gene	909	benM_1			
CHQ_3_02754	CDS	909	benM_1			HTH-type transcriptional regulator BenM
CHQ_3_02755	gene	1311	ttuB_3			
CHQ_3_02755	CDS	1311	ttuB_3			Putative tartrate transporter
CHQ_3_02756	gene	1089	ttuC'			
CHQ_3_02756	CDS	1089	ttuC'	1.1.1.93		putative tartrate dehydrogenase/decarboxylase TtuC'
CHQ_3_02757	gene	1260	ttuD			
CHQ_3_02757	CDS	1260	ttuD	1.1.1.81		Putative hydroxypyruvate reductase
CHQ_3_02758	gene	810	trpA			
CHQ_3_02758	CDS	810	trpA	4.2.1.20		Tryptophan synthase alpha chain
CHQ_3_02759	gene	1194	trpB			
CHQ_3_02759	CDS	1194	trpB	4.2.1.20	COG0133	Tryptophan synthase beta chain
CHQ_3_02760	gene	1359	trpC			
CHQ_3_02760	CDS	1359	trpC		COG0134	Tryptophan biosynthesis protein TrpCF
CHQ_3_02761	gene	1596	trpGD			
CHQ_3_02761	CDS	1596	trpGD		COG0512	Bifunctional protein TrpGD
CHQ_3_02762	gene	1563	trpE			
CHQ_3_02762	CDS	1563	trpE	4.1.3.27	COG0147	Anthranilate synthase component 1
CHQ_3_02763	gene	864	yciV			
CHQ_3_02763	CDS	864	yciV	3.1.13.-	COG0613	5'-3' exoribonuclease
CHQ_3_02764	gene	621	yciO			
CHQ_3_02764	CDS	621	yciO		COG0009	putative protein YciO
CHQ_3_02765	gene	909				
CHQ_3_02765	CDS	909				hypothetical protein
CHQ_3_02766	gene	897	gcvA_3			
CHQ_3_02766	CDS	897	gcvA_3			Glycine cleavage system transcriptional activator
CHQ_3_02767	gene	903	rluB			
CHQ_3_02767	CDS	903	rluB	5.4.99.22	COG1187	Ribosomal large subunit pseudouridine synthase B
CHQ_3_02768	gene	591	btuR			
CHQ_3_02768	CDS	591	btuR	2.5.1.17	COG2109	Corrinoid adenosyltransferase
CHQ_3_02769	gene	801	yciK			
CHQ_3_02769	CDS	801	yciK	1.-.-.-	COG1028	putative oxidoreductase YciK
CHQ_3_02770	gene	1092	sohB			
CHQ_3_02770	CDS	1092	sohB	3.4.21.-	COG0616	putative protease SohB
CHQ_3_02771	gene	252	yciN			
CHQ_3_02771	CDS	252	yciN			Protein YciN
CHQ_3_02772	gene	2598	topA_2			
CHQ_3_02772	CDS	2598	topA_2	5.6.2.1	COG0550	DNA topoisomerase 1
CHQ_3_02773	gene	975	cysB			
CHQ_3_02773	CDS	975	cysB			HTH-type transcriptional regulator CysB
CHQ_3_02774	gene	168				
CHQ_3_02774	CDS	168				hypothetical protein
CHQ_3_02775	gene	2673	acnA			
CHQ_3_02775	CDS	2673	acnA	4.2.1.3	COG1048	Aconitate hydratase A
CHQ_3_02776	gene	603	ribA			
CHQ_3_02776	CDS	603	ribA	3.5.4.25	COG0807	GTP cyclohydrolase-2
CHQ_3_02777	gene	768	pgpB			
CHQ_3_02777	CDS	768	pgpB	3.1.3.27	COG0671	Phosphatidylglycerophosphatase B
CHQ_3_02778	gene	309	lapA			
CHQ_3_02778	CDS	309	lapA		COG3771	Lipopolysaccharide assembly protein A
CHQ_3_02779	gene	1170	lapB			
CHQ_3_02779	CDS	1170	lapB		COG2956	Lipopolysaccharide assembly protein B
CHQ_3_02780	gene	738	pyrF			
CHQ_3_02780	CDS	738	pyrF	4.1.1.23	COG0284	Orotidine 5'-phosphate decarboxylase
CHQ_3_02781	gene	327	yciH			
CHQ_3_02781	CDS	327	yciH		COG0023	putative protein YciH
CHQ_3_02782	gene	222	osmB			
CHQ_3_02782	CDS	222	osmB			Osmotically-inducible lipoprotein B
CHQ_3_02783	gene	750	srlR_2			
CHQ_3_02783	CDS	750	srlR_2		COG1349	Glucitol operon repressor
CHQ_3_02784	gene	180				
CHQ_3_02784	CDS	180				hypothetical protein
CHQ_3_02785	gene	1935	rnb			
CHQ_3_02785	CDS	1935	rnb	3.1.13.1	COG4776	Exoribonuclease 2
CHQ_3_02786	gene	1158				
CHQ_3_02786	CDS	1158				hypothetical protein
CHQ_3_02787	gene	789	fabI			
CHQ_3_02787	CDS	789	fabI	1.3.1.9	COG0623	Enoyl-[acyl-carrier-protein] reductase [NADH] FabI
CHQ_3_02788	gene	543	ves			
CHQ_3_02788	CDS	543	ves		COG3758	Protein Ves
CHQ_3_02789	gene	846	nocT			
CHQ_3_02789	CDS	846	nocT			Nopaline-binding periplasmic protein
CHQ_3_02790	gene	94				
CHQ_3_02790	tRNA	94				tRNA-Asp(atc)
CHQ_3_02791	gene	732	occM			
CHQ_3_02791	CDS	732	occM			Octopine transport system permease protein OccM
CHQ_3_02792	gene	795	occP_1			
CHQ_3_02792	CDS	795	occP_1			Octopine permease ATP-binding protein P
CHQ_3_02793	gene	1500	hutH_1			
CHQ_3_02793	CDS	1500	hutH_1	4.3.1.3	COG2986	Histidine ammonia-lyase
CHQ_3_02794	gene	810	sapF			
CHQ_3_02794	CDS	810	sapF		COG4167	Peptide transport system ATP-binding protein SapF
CHQ_3_02795	gene	993	sapD			
CHQ_3_02795	CDS	993	sapD		COG4170	Peptide transport system ATP-binding protein SapD
CHQ_3_02796	gene	891	sapC			
CHQ_3_02796	CDS	891	sapC		COG4171	Peptide transport system permease protein SapC
CHQ_3_02797	gene	966	sapB			
CHQ_3_02797	CDS	966	sapB		COG4168	Putrescine export system permease protein SapB
CHQ_3_02798	gene	1644	sapA			
CHQ_3_02798	CDS	1644	sapA		COG4166	Peptide transport periplasmic protein SapA
CHQ_3_02799	gene	906				
CHQ_3_02799	CDS	906				hypothetical protein
CHQ_3_02800	gene	843				
CHQ_3_02800	CDS	843				hypothetical protein
CHQ_3_02801	gene	2322	rhaR_4			
CHQ_3_02801	CDS	2322	rhaR_4			HTH-type transcriptional activator RhaR
CHQ_3_02802	gene	1170	hipO_3			
CHQ_3_02802	CDS	1170	hipO_3	3.5.1.32	COG1473	Hippurate hydrolase
CHQ_3_02803	gene	1392	norB			
CHQ_3_02803	CDS	1392	norB			Quinolone resistance protein NorB
CHQ_3_02804	gene	975	pspF			
CHQ_3_02804	CDS	975	pspF		COG1221	Psp operon transcriptional activator
CHQ_3_02805	gene	669	pspA_1			
CHQ_3_02805	CDS	669	pspA_1		COG1842	Phage shock protein A
CHQ_3_02806	gene	225	pspB			
CHQ_3_02806	CDS	225	pspB			Phage shock protein B
CHQ_3_02807	gene	360	pspC			
CHQ_3_02807	CDS	360	pspC		COG1983	Phage shock protein C
CHQ_3_02808	gene	219	pspD			
CHQ_3_02808	CDS	219	pspD			Phage shock protein D
CHQ_3_02809	gene	1398	ycjX			
CHQ_3_02809	CDS	1398	ycjX		COG3106	putative protein YcjX
CHQ_3_02810	gene	1062				
CHQ_3_02810	CDS	1062				hypothetical protein
CHQ_3_02811	gene	1542	tyrR			
CHQ_3_02811	CDS	1542	tyrR		COG3283	Transcriptional regulatory protein TyrR
CHQ_3_02812	gene	1053				
CHQ_3_02812	CDS	1053				hypothetical protein
CHQ_3_02813	gene	507	tpx			
CHQ_3_02813	CDS	507	tpx	1.11.1.15	COG2077	Thiol peroxidase
CHQ_3_02814	gene	966	ycjG			
CHQ_3_02814	CDS	966	ycjG	5.1.1.20	COG4948	L-Ala-D/L-Glu epimerase
CHQ_3_02815	gene	708	mpaA			
CHQ_3_02815	CDS	708	mpaA	3.4.17.-	COG2866	Murein peptide amidase A
CHQ_3_02816	gene	1617	mppA			
CHQ_3_02816	CDS	1617	mppA		COG4166	Periplasmic murein peptide-binding protein
CHQ_3_02817	gene	591				
CHQ_3_02817	CDS	591				hypothetical protein
CHQ_3_02818	gene	885	pgrR_4			
CHQ_3_02818	CDS	885	pgrR_4			HTH-type transcriptional regulator PgrR
CHQ_3_02819	gene	1056				
CHQ_3_02819	CDS	1056			COG1073	putative protein
CHQ_3_02820	gene	1203	nepI_1			
CHQ_3_02820	CDS	1203	nepI_1		COG2814	Purine ribonucleoside efflux pump NepI
CHQ_3_02821	gene	870	ytbE			
CHQ_3_02821	CDS	870	ytbE	1.-.-.-	COG0656	putative oxidoreductase YtbE
CHQ_3_02822	gene	2199	lacZ_2			
CHQ_3_02822	CDS	2199	lacZ_2	3.2.1.23		Beta-galactosidase
CHQ_3_02823	gene	2694	rcsC_2			
CHQ_3_02823	CDS	2694	rcsC_2	2.7.13.3		Sensor histidine kinase RcsC
CHQ_3_02824	gene	435				
CHQ_3_02824	CDS	435				hypothetical protein
CHQ_3_02825	gene	1395				
CHQ_3_02825	CDS	1395				hypothetical protein
CHQ_3_02826	gene	1548				
CHQ_3_02826	CDS	1548				hypothetical protein
CHQ_3_02827	gene	1332				
CHQ_3_02827	CDS	1332				hypothetical protein
CHQ_3_02828	gene	1818	acsAB_2			
CHQ_3_02828	CDS	1818	acsAB_2		COG1215	Cellulose synthase 1
CHQ_3_02829	gene	1218				
CHQ_3_02829	CDS	1218				hypothetical protein
CHQ_3_02830	gene	900				
CHQ_3_02830	CDS	900				hypothetical protein
CHQ_3_02831	gene	1215	rssB_2			
CHQ_3_02831	CDS	1215	rssB_2			Regulator of RpoS
CHQ_3_02832	gene	339				
CHQ_3_02832	CDS	339				hypothetical protein
CHQ_3_02833	gene	384	rsbW			
CHQ_3_02833	CDS	384	rsbW	2.7.11.1		Serine-protein kinase RsbW
CHQ_3_02834	gene	309				
CHQ_3_02834	CDS	309				hypothetical protein
CHQ_3_02835	gene	459	fabG_5			
CHQ_3_02835	CDS	459	fabG_5	1.1.1.100		3-oxoacyl-[acyl-carrier-protein] reductase FabG
CHQ_3_02836	gene	567	yraA			
CHQ_3_02836	CDS	567	yraA	3.2.-.-	COG0693	Putative cysteine protease YraA
CHQ_3_02837	gene	714	bdcA_1			
CHQ_3_02837	CDS	714	bdcA_1		COG1028	Cyclic-di-GMP-binding biofilm dispersal mediator protein
CHQ_3_02838	gene	594	bdcR			
CHQ_3_02838	CDS	594	bdcR			HTH-type transcriptional repressor BdcR
CHQ_3_02839	gene	756	fabG_6			
CHQ_3_02839	CDS	756	fabG_6	1.1.1.100		3-oxoacyl-[acyl-carrier-protein] reductase FabG
CHQ_3_02840	gene	879	rhaS_5			
CHQ_3_02840	CDS	879	rhaS_5			HTH-type transcriptional activator RhaS
CHQ_3_02841	gene	213				
CHQ_3_02841	CDS	213				hypothetical protein
CHQ_3_02842	gene	930				
CHQ_3_02842	CDS	930				hypothetical protein
CHQ_3_02843	gene	906	pgrR_5			
CHQ_3_02843	CDS	906	pgrR_5			HTH-type transcriptional regulator PgrR
CHQ_3_02844	gene	924	nodD2_2			
CHQ_3_02844	CDS	924	nodD2_2			Nodulation protein D 2
CHQ_3_02845	gene	861	ytnP			
CHQ_3_02845	CDS	861	ytnP	3.1.1.-	COG0491	putative quorum-quenching lactonase YtnP
CHQ_3_02846	gene	912				
CHQ_3_02846	CDS	912				hypothetical protein
CHQ_3_02847	gene	360				
CHQ_3_02847	CDS	360				hypothetical protein
CHQ_3_02848	gene	1176	dapL			
CHQ_3_02848	CDS	1176	dapL	2.6.1.83	COG0436	LL-diaminopimelate aminotransferase
CHQ_3_02849	gene	804	metQ_2			
CHQ_3_02849	CDS	804	metQ_2		COG1464	putative D-methionine-binding lipoprotein MetQ
CHQ_3_02850	gene	1026	metN_2			
CHQ_3_02850	CDS	1026	metN_2	3.6.3.-	COG1135	Methionine import ATP-binding protein MetN
CHQ_3_02851	gene	669	metI_2			
CHQ_3_02851	CDS	669	metI_2		COG2011	D-methionine transport system permease protein MetI
CHQ_3_02852	gene	1200	tyrB_2			
CHQ_3_02852	CDS	1200	tyrB_2	2.6.1.57	COG1448	Aromatic-amino-acid aminotransferase
CHQ_3_02853	gene	615				
CHQ_3_02853	CDS	615				hypothetical protein
CHQ_3_02854	gene	480	lrp_2			
CHQ_3_02854	CDS	480	lrp_2		COG1522	Leucine-responsive regulatory protein
CHQ_3_02855	gene	1380	aroP_1			
CHQ_3_02855	CDS	1380	aroP_1		COG1113	Aromatic amino acid transport protein AroP
CHQ_3_02856	gene	750				
CHQ_3_02856	CDS	750				hypothetical protein
CHQ_3_02857	gene	195				
CHQ_3_02857	CDS	195				hypothetical protein
CHQ_3_02858	gene	1119	ydgJ_1			
CHQ_3_02858	CDS	1119	ydgJ_1	1.-.-.-	COG0673	putative oxidoreductase YdgJ
CHQ_3_02859	gene	744	glcR_1			
CHQ_3_02859	CDS	744	glcR_1		COG1349	HTH-type transcriptional repressor GlcR
CHQ_3_02860	gene	984	zntB_1			
CHQ_3_02860	CDS	984	zntB_1		COG0598	Zinc transport protein ZntB
CHQ_3_02861	gene	1374	dbpA			
CHQ_3_02861	CDS	1374	dbpA	3.6.4.13	COG0513	ATP-dependent RNA helicase DbpA
CHQ_3_02862	gene	936	ttcA			
CHQ_3_02862	CDS	936	ttcA	2.8.1.-	COG0037	tRNA-cytidine(32) 2-sulfurtransferase
CHQ_3_02863	gene	435	uspF			
CHQ_3_02863	CDS	435	uspF		COG0589	Universal stress protein F
CHQ_3_02864	gene	213				
CHQ_3_02864	CDS	213				hypothetical protein
CHQ_3_02865	gene	1125	ompN_2			
CHQ_3_02865	CDS	1125	ompN_2		COG3203	Outer membrane porin N
CHQ_3_02866	gene	3528	nifJ			
CHQ_3_02866	CDS	3528	nifJ	1.2.7.-	COG0674	Pyruvate-flavodoxin oxidoreductase
CHQ_3_02867	gene	264				
CHQ_3_02867	CDS	264				hypothetical protein
CHQ_3_02868	gene	441	hslJ			
CHQ_3_02868	CDS	441	hslJ		COG3187	Heat shock protein HslJ
CHQ_3_02869	gene	990	ldhA			
CHQ_3_02869	CDS	990	ldhA	1.1.1.28	COG1052	D-lactate dehydrogenase
CHQ_3_02870	gene	501	yabI_1			
CHQ_3_02870	CDS	501	yabI_1		COG0586	Inner membrane protein YabI
CHQ_3_02871	gene	2640				
CHQ_3_02871	CDS	2640				hypothetical protein
CHQ_3_02872	gene	186				
CHQ_3_02872	CDS	186				hypothetical protein
CHQ_3_02873	gene	324				
CHQ_3_02873	CDS	324				hypothetical protein
CHQ_3_02874	gene	903	feaR			
CHQ_3_02874	CDS	903	feaR		COG2207	Transcriptional activator FeaR
CHQ_3_02875	gene	1500	feaB_1			
CHQ_3_02875	CDS	1500	feaB_1	1.2.1.39	COG1012	Phenylacetaldehyde dehydrogenase
CHQ_3_02876	gene	891				
CHQ_3_02876	CDS	891		1.1.1.169	COG1893	2-dehydropantoate 2-reductase
CHQ_3_02877	gene	732	novR			
CHQ_3_02877	CDS	732	novR	4.1.-.-		Decarboxylase NovR
CHQ_3_02878	gene	831	fliY_2			
CHQ_3_02878	CDS	831	fliY_2		COG0834	L-cystine-binding protein FliY
CHQ_3_02879	gene	873				
CHQ_3_02879	CDS	873				hypothetical protein
CHQ_3_02880	gene	1521	btuD_5			
CHQ_3_02880	CDS	1521	btuD_5	7.6.2.8		Vitamin B12 import ATP-binding protein BtuD
CHQ_3_02881	gene	915	hdfR_3			
CHQ_3_02881	CDS	915	hdfR_3			HTH-type transcriptional regulator HdfR
CHQ_3_02882	gene	1257				
CHQ_3_02882	CDS	1257				hypothetical protein
CHQ_3_02883	gene	435				
CHQ_3_02883	CDS	435				hypothetical protein
CHQ_3_02884	gene	675				
CHQ_3_02884	CDS	675				hypothetical protein
CHQ_3_02885	gene	1185	argE_2			
CHQ_3_02885	CDS	1185	argE_2	3.5.1.16	COG0624	Acetylornithine deacetylase
CHQ_3_02886	gene	819				
CHQ_3_02886	CDS	819				hypothetical protein
CHQ_3_02887	gene	951				
CHQ_3_02887	CDS	951				hypothetical protein
CHQ_3_02888	gene	2268	maoA			
CHQ_3_02888	CDS	2268	maoA	1.4.3.21	COG3733	Primary amine oxidase
CHQ_3_02889	gene	192				
CHQ_3_02889	CDS	192				hypothetical protein
CHQ_3_02890	gene	2046	paaZ			
CHQ_3_02890	CDS	2046	paaZ		COG2030	Bifunctional protein PaaZ
CHQ_3_02891	gene	930	paaA			
CHQ_3_02891	CDS	930	paaA	1.14.13.149	COG3396	1,2-phenylacetyl-CoA epoxidase, subunit A
CHQ_3_02892	gene	288	paaB			
CHQ_3_02892	CDS	288	paaB		COG3460	1,2-phenylacetyl-CoA epoxidase, subunit B
CHQ_3_02893	gene	756	paaC			
CHQ_3_02893	CDS	756	paaC		COG3396	1,2-phenylacetyl-CoA epoxidase, subunit C
CHQ_3_02894	gene	498	paaD			
CHQ_3_02894	CDS	498	paaD		COG2151	Putative 1,2-phenylacetyl-CoA epoxidase, subunit D
CHQ_3_02895	gene	1071	paaE			
CHQ_3_02895	CDS	1071	paaE	1.-.-.-	COG1018	1,2-phenylacetyl-CoA epoxidase, subunit E
CHQ_3_02896	gene	768	paaF			
CHQ_3_02896	CDS	768	paaF	4.2.1.17	COG1024	2,3-dehydroadipyl-CoA hydratase
CHQ_3_02897	gene	789	paaG			
CHQ_3_02897	CDS	789	paaG	5.3.3.18	COG1024	1,2-epoxyphenylacetyl-CoA isomerase
CHQ_3_02898	gene	1422	paaH			
CHQ_3_02898	CDS	1422	paaH	1.1.1.-	COG1250	3-hydroxyadipyl-CoA dehydrogenase
CHQ_3_02899	gene	423	paaI			
CHQ_3_02899	CDS	423	paaI	3.1.2.-	COG2050	Acyl-coenzyme A thioesterase PaaI
CHQ_3_02900	gene	1206	paaJ			
CHQ_3_02900	CDS	1206	paaJ	2.3.1.174	COG0183	3-oxoadipyl-CoA/3-oxo-5,6-dehydrosuberyl-CoA thiolase
CHQ_3_02901	gene	1317	paaK			
CHQ_3_02901	CDS	1317	paaK	6.2.1.30	COG1541	Phenylacetate-coenzyme A ligase
CHQ_3_02902	gene	936	paaX			
CHQ_3_02902	CDS	936	paaX		COG3327	Transcriptional repressor PaaX
CHQ_3_02903	gene	597	yrdA_2			
CHQ_3_02903	CDS	597	yrdA_2		COG0663	Protein YrdA
CHQ_3_02904	gene	441				
CHQ_3_02904	CDS	441				hypothetical protein
CHQ_3_02905	gene	606	azoR_2			
CHQ_3_02905	CDS	606	azoR_2	1.7.1.17	COG1182	FMN-dependent NADH-azoreductase
CHQ_3_02906	gene	3903				
CHQ_3_02906	CDS	3903				hypothetical protein
CHQ_3_02907	gene	690				
CHQ_3_02907	CDS	690				hypothetical protein
CHQ_3_02908	gene	660				
CHQ_3_02908	CDS	660		2.1.1.6	COG4122	Catechol O-methyltransferase
CHQ_3_02909	gene	1371	oprM_1			
CHQ_3_02909	CDS	1371	oprM_1		COG1538	Outer membrane protein OprM
CHQ_3_02910	gene	1086	emrA_2			
CHQ_3_02910	CDS	1086	emrA_2			Colistin resistance protein EmrA
CHQ_3_02911	gene	1653				
CHQ_3_02911	CDS	1653				hypothetical protein
CHQ_3_02912	gene	432	slyA_1			
CHQ_3_02912	CDS	432	slyA_1			Transcriptional regulator SlyA
CHQ_3_02913	gene	915	pgrR_6			
CHQ_3_02913	CDS	915	pgrR_6			HTH-type transcriptional regulator PgrR
CHQ_3_02914	gene	999	iolS			
CHQ_3_02914	CDS	999	iolS	1.1.1.-	COG0667	Aldo-keto reductase IolS
CHQ_3_02915	gene	1188	ydhP_1			
CHQ_3_02915	CDS	1188	ydhP_1		COG2814	Inner membrane transport protein YdhP
CHQ_3_02916	gene	1065	yajO_4			
CHQ_3_02916	CDS	1065	yajO_4	1.1.-.-	COG0667	1-deoxyxylulose-5-phosphate synthase YajO
CHQ_3_02917	gene	1485	oxyL			
CHQ_3_02917	CDS	1485	oxyL	1.14.13.232		6-methylpretetramide 4-monooxygenase
CHQ_3_02918	gene	1206	thlA_2			
CHQ_3_02918	CDS	1206	thlA_2	2.3.1.9	COG0183	Acetyl-CoA acetyltransferase
CHQ_3_02919	gene	786				
CHQ_3_02919	CDS	786				hypothetical protein
CHQ_3_02920	gene	654				
CHQ_3_02920	CDS	654		3.1.3.-	COG0560	putative phosphatase
CHQ_3_02921	gene	1275	gdhA_2			
CHQ_3_02921	CDS	1275	gdhA_2	1.4.1.3	COG0334	Glutamate dehydrogenase
CHQ_3_02922	gene	1206	astC_2			
CHQ_3_02922	CDS	1206	astC_2	2.6.1.81	COG4992	Succinylornithine transaminase
CHQ_3_02923	gene	1023	astA_2			
CHQ_3_02923	CDS	1023	astA_2	2.3.1.109	COG3138	Arginine N-succinyltransferase
CHQ_3_02924	gene	1467	astD_2			
CHQ_3_02924	CDS	1467	astD_2	1.2.1.71	COG1012	N-succinylglutamate 5-semialdehyde dehydrogenase
CHQ_3_02925	gene	1341	astB_2			
CHQ_3_02925	CDS	1341	astB_2	3.5.3.23	COG3724	N-succinylarginine dihydrolase
CHQ_3_02926	gene	996	astE_2			
CHQ_3_02926	CDS	996	astE_2	3.5.1.96	COG2988	Succinylglutamate desuccinylase
CHQ_3_02927	gene	1431	cycA_2			
CHQ_3_02927	CDS	1431	cycA_2		COG1113	D-serine/D-alanine/glycine transporter
CHQ_3_02928	gene	1326	abaF_2			
CHQ_3_02928	CDS	1326	abaF_2			Fosfomycin resistance protein AbaF
CHQ_3_02929	gene	801	ydcF			
CHQ_3_02929	CDS	801	ydcF		COG1434	Protein YdcF
CHQ_3_02930	gene	1440	aldA			
CHQ_3_02930	CDS	1440	aldA	1.2.1.22	COG1012	Lactaldehyde dehydrogenase
CHQ_3_02931	gene	999	gap			
CHQ_3_02931	CDS	999	gap	1.2.1.12		Glyceraldehyde-3-phosphate dehydrogenase
CHQ_3_02932	gene	159				
CHQ_3_02932	CDS	159				hypothetical protein
CHQ_3_02933	gene	393	ydfO			
CHQ_3_02933	CDS	393	ydfO		COG5562	putative protein YdfO
CHQ_3_02934	gene	234	yedF			
CHQ_3_02934	CDS	234	yedF		COG0425	Putative sulfur carrier protein YedF
CHQ_3_02935	gene	1212				
CHQ_3_02935	CDS	1212				hypothetical protein
CHQ_3_02936	gene	354				
CHQ_3_02936	CDS	354				hypothetical protein
CHQ_3_02937	gene	519				
CHQ_3_02937	CDS	519				hypothetical protein
CHQ_3_02938	gene	204	ydfZ			
CHQ_3_02938	CDS	204	ydfZ			Putative selenoprotein YdfZ
CHQ_3_02939	gene	1029	zntB_2			
CHQ_3_02939	CDS	1029	zntB_2		COG0598	Zinc transport protein ZntB
CHQ_3_02940	gene	1173	malY			
CHQ_3_02940	CDS	1173	malY		COG1168	Protein MalY
CHQ_3_02941	gene	1593	malX_1			
CHQ_3_02941	CDS	1593	malX_1		COG1263	PTS system maltose-specific EIICB component
CHQ_3_02942	gene	1029	malI			
CHQ_3_02942	CDS	1029	malI		COG1609	Maltose regulon regulatory protein MalI
CHQ_3_02943	gene	1560	ydgA			
CHQ_3_02943	CDS	1560	ydgA		COG5339	Protein YdgA
CHQ_3_02944	gene	1179	manA			
CHQ_3_02944	CDS	1179	manA	5.3.1.8	COG1482	Mannose-6-phosphate isomerase
CHQ_3_02945	gene	1647	fumA			
CHQ_3_02945	CDS	1647	fumA	4.2.1.2	COG1838	Fumarate hydratase class I, aerobic
CHQ_3_02946	gene	1401	fumC			
CHQ_3_02946	CDS	1401	fumC	4.2.1.2	COG0114	Fumarate hydratase class II
CHQ_3_02947	gene	933	tus			
CHQ_3_02947	CDS	933	tus			DNA replication terminus site-binding protein
CHQ_3_02948	gene	1302	rstB			
CHQ_3_02948	CDS	1302	rstB	2.7.13.3		Sensor protein RstB
CHQ_3_02949	gene	363				
CHQ_3_02949	CDS	363				hypothetical protein
CHQ_3_02950	gene	717	rstA			
CHQ_3_02950	CDS	717	rstA		COG0745	Transcriptional regulatory protein RstA
CHQ_3_02951	gene	336	ydgC			
CHQ_3_02951	CDS	336	ydgC		COG3136	Inner membrane protein YdgC
CHQ_3_02952	gene	723	folM			
CHQ_3_02952	CDS	723	folM	1.5.1.50	COG1028	Dihydromonapterin reductase
CHQ_3_02953	gene	1383	ydgI			
CHQ_3_02953	CDS	1383	ydgI		COG0531	Putative arginine/ornithine antiporter
CHQ_3_02954	gene	951	ydgH			
CHQ_3_02954	CDS	951	ydgH			Protein YdgH
CHQ_3_02955	gene	1530	pntA			
CHQ_3_02955	CDS	1530	pntA	7.1.1.1	COG3288	NAD(P) transhydrogenase subunit alpha
CHQ_3_02956	gene	1389	pntB			
CHQ_3_02956	CDS	1389	pntB	7.1.1.1	COG1282	NAD(P) transhydrogenase subunit beta
CHQ_3_02957	gene	189				
CHQ_3_02957	CDS	189				hypothetical protein
CHQ_3_02958	gene	951	uspE			
CHQ_3_02958	CDS	951	uspE		COG0589	Universal stress protein E
CHQ_3_02959	gene	753	fnr			
CHQ_3_02959	CDS	753	fnr		COG0664	Fumarate and nitrate reduction regulatory protein
CHQ_3_02960	gene	516	ogt			
CHQ_3_02960	CDS	516	ogt	2.1.1.63	COG0350	Methylated-DNA--protein-cysteine methyltransferase
CHQ_3_02961	gene	159				
CHQ_3_02961	CDS	159				hypothetical protein
CHQ_3_02962	gene	1527	abgT			
CHQ_3_02962	CDS	1527	abgT		COG2978	p-aminobenzoyl-glutamate transport protein
CHQ_3_02963	gene	1446	abgB			
CHQ_3_02963	CDS	1446	abgB	3.5.1.-	COG1473	p-aminobenzoyl-glutamate hydrolase subunit B
CHQ_3_02964	gene	1311	iaaH			
CHQ_3_02964	CDS	1311	iaaH	3.5.1.-		Indole-3-acetyl-aspartic acid hydrolase
CHQ_3_02965	gene	909	tsaR_2			
CHQ_3_02965	CDS	909	tsaR_2			HTH-type transcriptional regulator TsaR
CHQ_3_02966	gene	564	smrA			
CHQ_3_02966	CDS	564	smrA	3.1.-.-	COG2840	putative DNA endonuclease SmrA
CHQ_3_02967	gene	807	pcaR_1			
CHQ_3_02967	CDS	807	pcaR_1		COG1414	Pca regulon regulatory protein
CHQ_3_02968	gene	687	pcaI			
CHQ_3_02968	CDS	687	pcaI	2.8.3.6	COG1788	3-oxoadipate CoA-transferase subunit A
CHQ_3_02969	gene	657	pcaJ			
CHQ_3_02969	CDS	657	pcaJ	2.8.3.6	COG2057	3-oxoadipate CoA-transferase subunit B
CHQ_3_02970	gene	1203	pcaF			
CHQ_3_02970	CDS	1203	pcaF	2.3.1.174	COG0183	Beta-ketoadipyl-CoA thiolase
CHQ_3_02971	gene	1353	pcaB			
CHQ_3_02971	CDS	1353	pcaB	5.5.1.2	COG0015	3-carboxy-cis,cis-muconate cycloisomerase
CHQ_3_02972	gene	768	catD			
CHQ_3_02972	CDS	768	catD	3.1.1.24	COG0596	3-oxoadipate enol-lactonase 2
CHQ_3_02973	gene	390				
CHQ_3_02973	CDS	390				hypothetical protein
CHQ_3_02974	gene	732				
CHQ_3_02974	CDS	732				hypothetical protein
CHQ_3_02975	gene	1617				
CHQ_3_02975	CDS	1617				hypothetical protein
CHQ_3_02976	gene	1653	fumB			
CHQ_3_02976	CDS	1653	fumB	4.2.1.2	COG1838	Fumarate hydratase class I, anaerobic
CHQ_3_02977	gene	1434	ttdT			
CHQ_3_02977	CDS	1434	ttdT		COG0471	L-tartrate/succinate antiporter
CHQ_3_02978	gene	2778	namA_1			
CHQ_3_02978	CDS	2778	namA_1	1.6.99.1		NADPH dehydrogenase
CHQ_3_02979	gene	951	apbE_1			
CHQ_3_02979	CDS	951	apbE_1	2.7.1.180	COG1477	FAD:protein FMN transferase
CHQ_3_02980	gene	720	dcuR_2			
CHQ_3_02980	CDS	720	dcuR_2		COG4565	Transcriptional regulatory protein DcuR
CHQ_3_02981	gene	1617	dcuS			
CHQ_3_02981	CDS	1617	dcuS	2.7.13.3	COG3290	Sensor histidine kinase DcuS
CHQ_3_02982	gene	324				
CHQ_3_02982	CDS	324				hypothetical protein
CHQ_3_02983	gene	921	murQ_1			
CHQ_3_02983	CDS	921	murQ_1	4.2.1.126	COG2103	N-acetylmuramic acid 6-phosphate etherase
CHQ_3_02984	gene	1647	mqo_1			
CHQ_3_02984	CDS	1647	mqo_1	1.1.5.4	COG0579	Malate:quinone oxidoreductase
CHQ_3_02985	gene	927				
CHQ_3_02985	CDS	927				hypothetical protein
CHQ_3_02986	gene	903	fabD_2			
CHQ_3_02986	CDS	903	fabD_2	2.3.1.39	COG0331	Malonyl CoA-acyl carrier protein transacylase
CHQ_3_02987	gene	618	mdcG			
CHQ_3_02987	CDS	618	mdcG	2.7.7.66		Phosphoribosyl-dephospho-CoA transferase
CHQ_3_02988	gene	960				
CHQ_3_02988	CDS	960				hypothetical protein
CHQ_3_02989	gene	801				
CHQ_3_02989	CDS	801				hypothetical protein
CHQ_3_02990	gene	834	madC			
CHQ_3_02990	CDS	834	madC	2.1.3.10		Malonyl-S-ACP:biotin-protein carboxyltransferase MADC
CHQ_3_02991	gene	300	mdcC			
CHQ_3_02991	CDS	300	mdcC			Malonate decarboxylase acyl carrier protein
CHQ_3_02992	gene	843	citG_1			
CHQ_3_02992	CDS	843	citG_1	2.4.2.52	COG1767	2-(5''-triphosphoribosyl)-3'-dephosphocoenzyme-A synthase
CHQ_3_02993	gene	1656	madA			
CHQ_3_02993	CDS	1656	madA	2.3.1.187		Acetyl-S-ACP:malonate ACP transferase
CHQ_3_02994	gene	1035	tqsA			
CHQ_3_02994	CDS	1035	tqsA		COG0628	AI-2 transport protein TqsA
CHQ_3_02995	gene	363	mdtJ_1			
CHQ_3_02995	CDS	363	mdtJ_1		COG2076	Spermidine export protein MdtJ
CHQ_3_02996	gene	330	mdtI			
CHQ_3_02996	CDS	330	mdtI		COG2076	Spermidine export protein MdtI
CHQ_3_02997	gene	2157				
CHQ_3_02997	CDS	2157				hypothetical protein
CHQ_3_02998	gene	813				
CHQ_3_02998	CDS	813				hypothetical protein
CHQ_3_02999	gene	105				
CHQ_3_02999	CDS	105				hypothetical protein
CHQ_3_03000	gene	372				
CHQ_3_03000	CDS	372				hypothetical protein
CHQ_3_03001	gene	1488				
CHQ_3_03001	CDS	1488		3.4.17.19	COG2317	Thermostable carboxypeptidase 1
CHQ_3_03002	gene	93				
CHQ_3_03002	CDS	93				hypothetical protein
CHQ_3_03003	gene	1251	ynfM			
CHQ_3_03003	CDS	1251	ynfM			Inner membrane transport protein YnfM
CHQ_3_03004	gene	903	hcaR_2			
CHQ_3_03004	CDS	903	hcaR_2			Hca operon transcriptional activator HcaR
CHQ_3_03005	gene	1224	mlc_2			
CHQ_3_03005	CDS	1224	mlc_2		COG1940	Protein mlc
CHQ_3_03006	gene	696	bioD1_1			
CHQ_3_03006	CDS	696	bioD1_1	6.3.3.3	COG0132	ATP-dependent dethiobiotin synthetase BioD 1
CHQ_3_03007	gene	1296	clcB_2			
CHQ_3_03007	CDS	1296	clcB_2		COG0038	Voltage-gated ClC-type chloride channel ClcB
CHQ_3_03008	gene	609	dmsD			
CHQ_3_03008	CDS	609	dmsD		COG3381	Tat proofreading chaperone DmsD
CHQ_3_03009	gene	858	dmsC_2			
CHQ_3_03009	CDS	858	dmsC_2		COG3302	Anaerobic dimethyl sulfoxide reductase chain C
CHQ_3_03010	gene	618	dmsB_2			
CHQ_3_03010	CDS	618	dmsB_2		COG0437	Anaerobic dimethyl sulfoxide reductase chain B
CHQ_3_03011	gene	2436	ynfE			
CHQ_3_03011	CDS	2436	ynfE	1.8.99.-	COG0243	Putative dimethyl sulfoxide reductase chain YnfE
CHQ_3_03012	gene	270				
CHQ_3_03012	CDS	270				hypothetical protein
CHQ_3_03013	gene	711				
CHQ_3_03013	CDS	711				hypothetical protein
CHQ_3_03014	gene	561	speG			
CHQ_3_03014	CDS	561	speG	2.3.1.57	COG1670	Spermidine N(1)-acetyltransferase
CHQ_3_03015	gene	342				
CHQ_3_03015	CDS	342				hypothetical protein
CHQ_3_03016	gene	327				
CHQ_3_03016	CDS	327				hypothetical protein
CHQ_3_03017	gene	1284	lgoT_1			
CHQ_3_03017	CDS	1284	lgoT_1			putative L-galactonate transporter
CHQ_3_03018	gene	1464	por_1			
CHQ_3_03018	CDS	1464	por_1	1.1.1.-	COG0246	Polyol:NADP oxidoreductase
CHQ_3_03019	gene	432	uspG_1			
CHQ_3_03019	CDS	432	uspG_1		COG0589	Universal stress protein UP12
CHQ_3_03020	gene	687	rspR			
CHQ_3_03020	CDS	687	rspR		COG1802	HTH-type transcriptional repressor RspR
CHQ_3_03021	gene	750	ydfG_1			
CHQ_3_03021	CDS	750	ydfG_1	1.1.1.381	COG4221	NADP-dependent 3-hydroxy acid dehydrogenase YdfG
CHQ_3_03022	gene	2046	dcp			
CHQ_3_03022	CDS	2046	dcp	3.4.15.5	COG0339	Dipeptidyl carboxypeptidase
CHQ_3_03023	gene	582				
CHQ_3_03023	CDS	582				hypothetical protein
CHQ_3_03024	gene	690				
CHQ_3_03024	CDS	690				hypothetical protein
CHQ_3_03025	gene	537				
CHQ_3_03025	CDS	537		2.3.1.-	COG1670	Acetyltransferase
CHQ_3_03026	gene	672	yedK_2			
CHQ_3_03026	CDS	672	yedK_2	3.4.-.-	COG2135	SOS response-associated protein YedK
CHQ_3_03027	gene	105				
CHQ_3_03027	CDS	105				hypothetical protein
CHQ_3_03028	gene	474	ibpB_1			
CHQ_3_03028	CDS	474	ibpB_1			Small heat shock protein IbpB
CHQ_3_03029	gene	513	pncC_2			
CHQ_3_03029	CDS	513	pncC_2	3.5.1.42	COG1546	Nicotinamide-nucleotide amidohydrolase PncC
CHQ_3_03030	gene	1218	bluF_1			
CHQ_3_03030	CDS	1218	bluF_1			Blue light- and temperature-regulated antirepressor BluF
CHQ_3_03031	gene	612				
CHQ_3_03031	CDS	612				hypothetical protein
CHQ_3_03032	gene	915	rob_2			
CHQ_3_03032	CDS	915	rob_2		COG2207	Right origin-binding protein
CHQ_3_03033	gene	1365	ygbN			
CHQ_3_03033	CDS	1365	ygbN		COG2610	Inner membrane permease YgbN
CHQ_3_03034	gene	783	otnI			
CHQ_3_03034	CDS	783	otnI	5.3.1.35	COG3622	2-oxo-tetronate isomerase
CHQ_3_03035	gene	621	otnC			
CHQ_3_03035	CDS	621	otnC	4.1.1.104	COG0235	3-oxo-tetronate 4-phosphate decarboxylase
CHQ_3_03036	gene	1266	otnK			
CHQ_3_03036	CDS	1266	otnK	2.7.1.217	COG3395	3-oxo-tetronate kinase
CHQ_3_03037	gene	903	ltnD			
CHQ_3_03037	CDS	903	ltnD	1.1.1.411		L-threonate dehydrogenase
CHQ_3_03038	gene	762	glpR_2			
CHQ_3_03038	CDS	762	glpR_2		COG1349	Glycerol-3-phosphate regulon repressor
CHQ_3_03039	gene	861	bla_1			
CHQ_3_03039	CDS	861	bla_1	3.5.2.6	COG2367	Beta-lactamase SHV-1
CHQ_3_03040	gene	132				
CHQ_3_03040	CDS	132				hypothetical protein
CHQ_3_03041	gene	261				
CHQ_3_03041	CDS	261				hypothetical protein
CHQ_3_03042	gene	1089				
CHQ_3_03042	CDS	1089				hypothetical protein
CHQ_3_03043	gene	1266	lacY_2			
CHQ_3_03043	CDS	1266	lacY_2			Lactose permease
CHQ_3_03044	gene	3108	lacZ_3			
CHQ_3_03044	CDS	3108	lacZ_3	3.2.1.23	COG3250	Beta-galactosidase
CHQ_3_03045	gene	1065	lacI_3			
CHQ_3_03045	CDS	1065	lacI_3		COG1609	Lactose operon repressor
CHQ_3_03046	gene	441				
CHQ_3_03046	CDS	441				hypothetical protein
CHQ_3_03047	gene	219				
CHQ_3_03047	CDS	219				hypothetical protein
CHQ_3_03048	gene	1098	rhaS_6			
CHQ_3_03048	CDS	1098	rhaS_6			HTH-type transcriptional activator RhaS
CHQ_3_03049	gene	399				
CHQ_3_03049	CDS	399				hypothetical protein
CHQ_3_03050	gene	1104				
CHQ_3_03050	CDS	1104				hypothetical protein
CHQ_3_03051	gene	1272	amiC_2			
CHQ_3_03051	CDS	1272	amiC_2			Aliphatic amidase expression-regulating protein
CHQ_3_03052	gene	1575				
CHQ_3_03052	CDS	1575				hypothetical protein
CHQ_3_03053	gene	1074				
CHQ_3_03053	CDS	1074				hypothetical protein
CHQ_3_03054	gene	798	livF_4			
CHQ_3_03054	CDS	798	livF_4		COG0410	High-affinity branched-chain amino acid transport ATP-binding protein LivF
CHQ_3_03055	gene	699	livF_5			
CHQ_3_03055	CDS	699	livF_5		COG0410	High-affinity branched-chain amino acid transport ATP-binding protein LivF
CHQ_3_03056	gene	483				
CHQ_3_03056	CDS	483				hypothetical protein
CHQ_3_03057	gene	1197	mdrP			
CHQ_3_03057	CDS	1197	mdrP			Na(+), Li(+), K(+)/H(+) antiporter
CHQ_3_03058	gene	900	eamA			
CHQ_3_03058	CDS	900	eamA		COG0697	putative amino-acid metabolite efflux pump
CHQ_3_03059	gene	219				
CHQ_3_03059	CDS	219				hypothetical protein
CHQ_3_03060	gene	381	marA_1			
CHQ_3_03060	CDS	381	marA_1			Multiple antibiotic resistance protein MarA
CHQ_3_03061	gene	435	marR			
CHQ_3_03061	CDS	435	marR		COG1846	Multiple antibiotic resistance protein MarR
CHQ_3_03062	gene	669				
CHQ_3_03062	CDS	669				hypothetical protein
CHQ_3_03063	gene	1200	sotB_3			
CHQ_3_03063	CDS	1200	sotB_3		COG2814	Sugar efflux transporter
CHQ_3_03064	gene	795	yddE_1			
CHQ_3_03064	CDS	795	yddE_1	5.1.-.-	COG0384	putative isomerase YddE
CHQ_3_03065	gene	945	ldh1			
CHQ_3_03065	CDS	945	ldh1	1.1.1.27		L-lactate dehydrogenase 1
CHQ_3_03066	gene	483				
CHQ_3_03066	CDS	483				hypothetical protein
CHQ_3_03067	gene	879	gltR_1			
CHQ_3_03067	CDS	879	gltR_1		COG0583	HTH-type transcriptional regulator GltR
CHQ_3_03068	gene	1386	sad			
CHQ_3_03068	CDS	1386	sad	1.2.1.16	COG1012	Succinate semialdehyde dehydrogenase [NAD(P)+] Sad
CHQ_3_03069	gene	927	glsA2			
CHQ_3_03069	CDS	927	glsA2	3.5.1.2	COG2066	Glutaminase 2
CHQ_3_03070	gene	369				
CHQ_3_03070	CDS	369				hypothetical protein
CHQ_3_03071	gene	1425				
CHQ_3_03071	CDS	1425				hypothetical protein
CHQ_3_03072	gene	531	ttr			
CHQ_3_03072	CDS	531	ttr	2.3.1.-		Acetyltransferase
CHQ_3_03073	gene	1452	uxaB			
CHQ_3_03073	CDS	1452	uxaB	1.1.1.58	COG0246	Altronate oxidoreductase
CHQ_3_03074	gene	447				
CHQ_3_03074	CDS	447				hypothetical protein
CHQ_3_03075	gene	99				
CHQ_3_03075	CDS	99				hypothetical protein
CHQ_3_03076	gene	381				
CHQ_3_03076	CDS	381				hypothetical protein
CHQ_3_03077	gene	321				
CHQ_3_03077	CDS	321				hypothetical protein
CHQ_3_03078	gene	762	tam_1			
CHQ_3_03078	CDS	762	tam_1	2.1.1.144	COG4106	Trans-aconitate 2-methyltransferase
CHQ_3_03079	gene	291				
CHQ_3_03079	CDS	291				hypothetical protein
CHQ_3_03080	gene	1188	yhhS_2			
CHQ_3_03080	CDS	1188	yhhS_2			putative MFS-type transporter YhhS
CHQ_3_03081	gene	423	yycE			
CHQ_3_03081	CDS	423	yycE			putative protein YycE
CHQ_3_03082	gene	846	gltR_2			
CHQ_3_03082	CDS	846	gltR_2		COG0583	HTH-type transcriptional regulator GltR
CHQ_3_03083	gene	1059	pnoA			
CHQ_3_03083	CDS	1059	pnoA	1.13.12.-		Nitronate monooxygenase
CHQ_3_03084	gene	672	metI_3			
CHQ_3_03084	CDS	672	metI_3		COG2011	D-methionine transport system permease protein MetI
CHQ_3_03085	gene	792	metN2_1			
CHQ_3_03085	CDS	792	metN2_1	3.6.3.-	COG1135	Methionine import ATP-binding protein MetN 2
CHQ_3_03086	gene	807	metQ_3			
CHQ_3_03086	CDS	807	metQ_3		COG1464	D-methionine-binding lipoprotein MetQ
CHQ_3_03087	gene	1029	vldW_2			
CHQ_3_03087	CDS	1029	vldW_2	1.14.11.52		Validamycin A dioxygenase
CHQ_3_03088	gene	264				
CHQ_3_03088	CDS	264				hypothetical protein
CHQ_3_03089	gene	312				
CHQ_3_03089	CDS	312				hypothetical protein
CHQ_3_03090	gene	756				
CHQ_3_03090	CDS	756				hypothetical protein
CHQ_3_03091	gene	945	rclR			
CHQ_3_03091	CDS	945	rclR		COG2207	RCS-specific HTH-type transcriptional activator RclR
CHQ_3_03092	gene	1239	nepI_2			
CHQ_3_03092	CDS	1239	nepI_2		COG2814	Purine ribonucleoside efflux pump NepI
CHQ_3_03093	gene	975	pht2			
CHQ_3_03093	CDS	975	pht2	1.14.12.7		Phthalate 4,5-dioxygenase oxygenase reductase subunit
CHQ_3_03094	gene	1038	ndmA			
CHQ_3_03094	CDS	1038	ndmA	1.14.13.178		Methylxanthine N1-demethylase NdmA
CHQ_3_03095	gene	924	argP_3			
CHQ_3_03095	CDS	924	argP_3			HTH-type transcriptional regulator ArgP
CHQ_3_03096	gene	1155	hpxO			
CHQ_3_03096	CDS	1155	hpxO	1.14.13.113	COG0654	FAD-dependent urate hydroxylase
CHQ_3_03097	gene	1380	xanP_2			
CHQ_3_03097	CDS	1380	xanP_2		COG2233	Xanthine permease XanP
CHQ_3_03098	gene	501	uao			
CHQ_3_03098	CDS	501	uao			Uric acid degradation bifunctional protein
CHQ_3_03099	gene	327	pucM			
CHQ_3_03099	CDS	327	pucM	3.5.2.17	COG2351	5-hydroxyisourate hydrolase
CHQ_3_03100	gene	288	hipB			
CHQ_3_03100	CDS	288	hipB		COG1396	Antitoxin HipB
CHQ_3_03101	gene	1323	hipA			
CHQ_3_03101	CDS	1323	hipA	2.7.11.1	COG3550	Serine/threonine-protein kinase toxin HipA
CHQ_3_03102	gene	1293				
CHQ_3_03102	CDS	1293				hypothetical protein
CHQ_3_03103	gene	207				
CHQ_3_03103	CDS	207				hypothetical protein
CHQ_3_03104	gene	534				
CHQ_3_03104	CDS	534				hypothetical protein
CHQ_3_03105	gene	345				
CHQ_3_03105	CDS	345				hypothetical protein
CHQ_3_03106	gene	1116	dap			
CHQ_3_03106	CDS	1116	dap	3.4.11.19		D-aminopeptidase
CHQ_3_03107	gene	783	map_1			
CHQ_3_03107	CDS	783	map_1	3.4.11.18	COG0024	Methionine aminopeptidase
CHQ_3_03108	gene	219				
CHQ_3_03108	CDS	219				hypothetical protein
CHQ_3_03109	gene	249				
CHQ_3_03109	CDS	249				hypothetical protein
CHQ_3_03110	gene	1656				
CHQ_3_03110	CDS	1656			COG2199	putative signaling protein
CHQ_3_03111	gene	939				
CHQ_3_03111	CDS	939				hypothetical protein
CHQ_3_03112	gene	141				
CHQ_3_03112	CDS	141				hypothetical protein
CHQ_3_03113	gene	252				
CHQ_3_03113	CDS	252				hypothetical protein
CHQ_3_03114	gene	444	fruB_1			
CHQ_3_03114	CDS	444	fruB_1		COG1925	Multiphosphoryl transfer protein
CHQ_3_03115	gene	1446	iolT			
CHQ_3_03115	CDS	1446	iolT			Major myo-inositol transporter IolT
CHQ_3_03116	gene	1329	malH			
CHQ_3_03116	CDS	1329	malH	3.2.1.122	COG1486	Maltose-6'-phosphate glucosidase
CHQ_3_03117	gene	1539	malX_2			
CHQ_3_03117	CDS	1539	malX_2		COG1263	PTS system maltose-specific EIICB component
CHQ_3_03118	gene	744	mngR_1			
CHQ_3_03118	CDS	744	mngR_1		COG2188	Mannosyl-D-glycerate transport/metabolism system repressor MngR
CHQ_3_03119	gene	756				
CHQ_3_03119	CDS	756				hypothetical protein
CHQ_3_03120	gene	930				
CHQ_3_03120	CDS	930				hypothetical protein
CHQ_3_03121	gene	876	yihU			
CHQ_3_03121	CDS	876	yihU	1.1.1.373	COG2084	3-sulfolactaldehyde reductase
CHQ_3_03122	gene	1470	menH_3			
CHQ_3_03122	CDS	1470	menH_3	4.2.99.20		2-succinyl-6-hydroxy-2,4-cyclohexadiene-1-carboxylate synthase
CHQ_3_03123	gene	3075	mexB_1			
CHQ_3_03123	CDS	3075	mexB_1		COG0841	Multidrug resistance protein MexB
CHQ_3_03124	gene	1149	macA_2			
CHQ_3_03124	CDS	1149	macA_2		COG0845	Macrolide export protein MacA
CHQ_3_03125	gene	1197	sasA_2			
CHQ_3_03125	CDS	1197	sasA_2	2.7.-.-		Adaptive-response sensory-kinase SasA
CHQ_3_03126	gene	696	phoB_2			
CHQ_3_03126	CDS	696	phoB_2		COG0745	Phosphate regulon transcriptional regulatory protein PhoB
CHQ_3_03127	gene	786				
CHQ_3_03127	CDS	786				hypothetical protein
CHQ_3_03128	gene	339				
CHQ_3_03128	CDS	339				hypothetical protein
CHQ_3_03129	gene	1251	dctD			
CHQ_3_03129	CDS	1251	dctD			C4-dicarboxylate transport transcriptional regulatory protein DctD
CHQ_3_03130	gene	2010	pgtB			
CHQ_3_03130	CDS	2010	pgtB	2.7.13.3	COG4192	Phosphoglycerate transport system sensor protein PgtB
CHQ_3_03131	gene	1269	pgtC			
CHQ_3_03131	CDS	1269	pgtC		COG1840	Phosphoglycerate transport regulatory protein PgtC
CHQ_3_03132	gene	1392	pgtP			
CHQ_3_03132	CDS	1392	pgtP		COG2271	Phosphoglycerate transporter protein
CHQ_3_03133	gene	450	kbp			
CHQ_3_03133	CDS	450	kbp		COG1652	Potassium binding protein Kbp
CHQ_3_03134	gene	621	rhtB_2			
CHQ_3_03134	CDS	621	rhtB_2		COG1280	Homoserine/homoserine lactone efflux protein
CHQ_3_03135	gene	792				
CHQ_3_03135	CDS	792				hypothetical protein
CHQ_3_03136	gene	1797	atzF			
CHQ_3_03136	CDS	1797	atzF	3.5.1.54		Allophanate hydrolase
CHQ_3_03137	gene	3606	ddl			
CHQ_3_03137	CDS	3606	ddl	6.3.2.4		D-alanine--D-alanine ligase
CHQ_3_03138	gene	636				
CHQ_3_03138	CDS	636				hypothetical protein
CHQ_3_03139	gene	729				
CHQ_3_03139	CDS	729				hypothetical protein
CHQ_3_03140	gene	777	cmpD			
CHQ_3_03140	CDS	777	cmpD	3.6.3.-		Bicarbonate transport ATP-binding protein CmpD
CHQ_3_03141	gene	816				
CHQ_3_03141	CDS	816				hypothetical protein
CHQ_3_03142	gene	1059				
CHQ_3_03142	CDS	1059				hypothetical protein
CHQ_3_03143	gene	351				
CHQ_3_03143	CDS	351				hypothetical protein
CHQ_3_03144	gene	432				
CHQ_3_03144	CDS	432				hypothetical protein
CHQ_3_03145	gene	1257	oxlT			
CHQ_3_03145	CDS	1257	oxlT			Oxalate:formate antiporter
CHQ_3_03146	gene	537				
CHQ_3_03146	CDS	537				hypothetical protein
CHQ_3_03147	gene	603				
CHQ_3_03147	CDS	603				hypothetical protein
CHQ_3_03148	gene	579	betI_2			
CHQ_3_03148	CDS	579	betI_2			HTH-type transcriptional regulator BetI
CHQ_3_03149	gene	1101				
CHQ_3_03149	CDS	1101				hypothetical protein
CHQ_3_03150	gene	915				
CHQ_3_03150	CDS	915				hypothetical protein
CHQ_3_03151	gene	1233	yjhB_2			
CHQ_3_03151	CDS	1233	yjhB_2			Putative metabolite transport protein YjhB
CHQ_3_03152	gene	1608				
CHQ_3_03152	CDS	1608				hypothetical protein
CHQ_3_03153	gene	1101	namA_2			
CHQ_3_03153	CDS	1101	namA_2	1.6.99.1	COG1902	NADPH dehydrogenase
CHQ_3_03154	gene	483				
CHQ_3_03154	CDS	483				hypothetical protein
CHQ_3_03155	gene	894	dmlR_10			
CHQ_3_03155	CDS	894	dmlR_10			HTH-type transcriptional regulator DmlR
CHQ_3_03156	gene	978				
CHQ_3_03156	CDS	978		1.6.5.11	COG2070	NADH:quinone reductase
CHQ_3_03157	gene	1260	amaB			
CHQ_3_03157	CDS	1260	amaB	3.5.1.87		N-carbamoyl-L-amino acid hydrolase
CHQ_3_03158	gene	1242	pucG			
CHQ_3_03158	CDS	1242	pucG	2.6.1.112	COG0075	(S)-ureidoglycine--glyoxylate transaminase
CHQ_3_03159	gene	738	glnQ_5			
CHQ_3_03159	CDS	738	glnQ_5			Glutamine transport ATP-binding protein GlnQ
CHQ_3_03160	gene	660	yecS_2			
CHQ_3_03160	CDS	660	yecS_2		COG0765	L-cystine transport system permease protein YecS
CHQ_3_03161	gene	666				
CHQ_3_03161	CDS	666				hypothetical protein
CHQ_3_03162	gene	786	fliY_3			
CHQ_3_03162	CDS	786	fliY_3		COG0834	L-cystine-binding protein FliY
CHQ_3_03163	gene	840				
CHQ_3_03163	CDS	840				hypothetical protein
CHQ_3_03164	gene	1587	hpxW			
CHQ_3_03164	CDS	1587	hpxW	3.5.1.126	COG0405	Oxamate amidohydrolase proenzyme
CHQ_3_03165	gene	186				
CHQ_3_03165	CDS	186				hypothetical protein
CHQ_3_03166	gene	1398	atzE			
CHQ_3_03166	CDS	1398	atzE	3.5.1.131		1-carboxybiuret hydrolase subunit AtzE
CHQ_3_03167	gene	387				
CHQ_3_03167	CDS	387				hypothetical protein
CHQ_3_03168	gene	423	phnO			
CHQ_3_03168	CDS	423	phnO	2.3.1.280		Aminoalkylphosphonate N-acetyltransferase
CHQ_3_03169	gene	1119	asd_2			
CHQ_3_03169	CDS	1119	asd_2	1.2.1.11	COG0136	Aspartate-semialdehyde dehydrogenase
CHQ_3_03170	gene	558				
CHQ_3_03170	CDS	558				hypothetical protein
CHQ_3_03171	gene	1041	emrA_3			
CHQ_3_03171	CDS	1041	emrA_3			Colistin resistance protein EmrA
CHQ_3_03172	gene	1563	emrB_2			
CHQ_3_03172	CDS	1563	emrB_2			Colistin resistance protein EmrB
CHQ_3_03173	gene	1275	fabF_2			
CHQ_3_03173	CDS	1275	fabF_2	2.3.1.179	COG0304	3-oxoacyl-[acyl-carrier-protein] synthase 2
CHQ_3_03174	gene	315				
CHQ_3_03174	CDS	315				hypothetical protein
CHQ_3_03175	gene	615	gstB_3			
CHQ_3_03175	CDS	615	gstB_3	2.5.1.18	COG0625	Glutathione S-transferase GST-6.0
CHQ_3_03176	gene	876	argP_4			
CHQ_3_03176	CDS	876	argP_4			HTH-type transcriptional regulator ArgP
CHQ_3_03177	gene	834	licT			
CHQ_3_03177	CDS	834	licT		COG3711	Transcription antiterminator LicT
CHQ_3_03178	gene	1461	bglH_2			
CHQ_3_03178	CDS	1461	bglH_2	3.2.1.86	COG2723	Aryl-phospho-beta-D-glucosidase BglH
CHQ_3_03179	gene	1869	bglF_2			
CHQ_3_03179	CDS	1869	bglF_2		COG1263	PTS system beta-glucoside-specific EIIBCA component
CHQ_3_03180	gene	1596	bglH_3			
CHQ_3_03180	CDS	1596	bglH_3		COG4580	Cryptic outer membrane porin BglH
CHQ_3_03181	gene	492				
CHQ_3_03181	CDS	492				hypothetical protein
CHQ_3_03182	gene	435				
CHQ_3_03182	CDS	435				hypothetical protein
CHQ_3_03183	gene	936	dmlR_11			
CHQ_3_03183	CDS	936	dmlR_11			HTH-type transcriptional regulator DmlR
CHQ_3_03184	gene	411				
CHQ_3_03184	CDS	411				hypothetical protein
CHQ_3_03185	gene	702	nanR_1			
CHQ_3_03185	CDS	702	nanR_1			HTH-type transcriptional repressor NanR
CHQ_3_03186	gene	1398	hsrA_3			
CHQ_3_03186	CDS	1398	hsrA_3			putative transport protein HsrA
CHQ_3_03187	gene	984	rbsR_1			
CHQ_3_03187	CDS	984	rbsR_1		COG1609	Ribose operon repressor
CHQ_3_03188	gene	930	rbsK_2			
CHQ_3_03188	CDS	930	rbsK_2	2.7.1.15	COG0524	Ribokinase
CHQ_3_03189	gene	891	rbsB_2			
CHQ_3_03189	CDS	891	rbsB_2		COG1879	Ribose import binding protein RbsB
CHQ_3_03190	gene	966	rbsC_4			
CHQ_3_03190	CDS	966	rbsC_4		COG1172	Ribose import permease protein RbsC
CHQ_3_03191	gene	1506	rbsA_3			
CHQ_3_03191	CDS	1506	rbsA_3	7.5.2.7	COG1129	Ribose import ATP-binding protein RbsA
CHQ_3_03192	gene	420	rbsD			
CHQ_3_03192	CDS	420	rbsD	5.4.99.62	COG1869	D-ribose pyranase
CHQ_3_03193	gene	1869	kup			
CHQ_3_03193	CDS	1869	kup			Low affinity potassium transport system protein kup
CHQ_3_03194	gene	1500	ravA			
CHQ_3_03194	CDS	1500	ravA	3.6.3.-	COG0714	ATPase RavA
CHQ_3_03195	gene	1449	viaA			
CHQ_3_03195	CDS	1449	viaA		COG2425	Protein ViaA
CHQ_3_03196	gene	993	asnA			
CHQ_3_03196	CDS	993	asnA	6.3.1.1	COG2502	Aspartate--ammonia ligase
CHQ_3_03197	gene	459	asnC			
CHQ_3_03197	CDS	459	asnC		COG1522	Regulatory protein AsnC
CHQ_3_03198	gene	441	mioC			
CHQ_3_03198	CDS	441	mioC		COG0716	Protein MioC
CHQ_3_03199	gene	1890	mnmG			
CHQ_3_03199	CDS	1890	mnmG		COG0445	tRNA uridine 5-carboxymethylaminomethyl modification enzyme MnmG
CHQ_3_03200	gene	624	rsmG			
CHQ_3_03200	CDS	624	rsmG	2.1.1.170	COG0357	Ribosomal RNA small subunit methyltransferase G
CHQ_3_03201	gene	381	atpI			
CHQ_3_03201	CDS	381	atpI		COG3312	ATP synthase protein I
CHQ_3_03202	gene	816	atpB			
CHQ_3_03202	CDS	816	atpB		COG0356	ATP synthase subunit a
CHQ_3_03203	gene	240	atpE			
CHQ_3_03203	CDS	240	atpE		COG0636	ATP synthase subunit c
CHQ_3_03204	gene	471	atpF			
CHQ_3_03204	CDS	471	atpF		COG0711	ATP synthase subunit b
CHQ_3_03205	gene	534	atpH			
CHQ_3_03205	CDS	534	atpH		COG0712	ATP synthase subunit delta
CHQ_3_03206	gene	1542	atpA			
CHQ_3_03206	CDS	1542	atpA	7.1.2.2		ATP synthase subunit alpha
CHQ_3_03207	gene	864	atpG			
CHQ_3_03207	CDS	864	atpG		COG0224	ATP synthase gamma chain
CHQ_3_03208	gene	1383	atpD			
CHQ_3_03208	CDS	1383	atpD	7.1.2.2	COG0055	ATP synthase subunit beta
CHQ_3_03209	gene	420	atpC			
CHQ_3_03209	CDS	420	atpC		COG0355	ATP synthase epsilon chain
CHQ_3_03210	gene	1371	glmU			
CHQ_3_03210	CDS	1371	glmU		COG1207	Bifunctional protein GlmU
CHQ_3_03211	gene	1830	glmS_1			
CHQ_3_03211	CDS	1830	glmS_1	2.6.1.16	COG0449	Glutamine--fructose-6-phosphate aminotransferase [isomerizing]
CHQ_3_03212	gene	1041	pstS			
CHQ_3_03212	CDS	1041	pstS		COG0226	Phosphate-binding protein PstS
CHQ_3_03213	gene	960	pstC			
CHQ_3_03213	CDS	960	pstC		COG0573	Phosphate transport system permease protein PstC
CHQ_3_03214	gene	891	pstA			
CHQ_3_03214	CDS	891	pstA		COG0581	Phosphate transport system permease protein PstA
CHQ_3_03215	gene	774	pstB			
CHQ_3_03215	CDS	774	pstB	7.3.2.1	COG1117	Phosphate import ATP-binding protein PstB
CHQ_3_03216	gene	726	phoU			
CHQ_3_03216	CDS	726	phoU		COG0704	Phosphate-specific transport system accessory protein PhoU
CHQ_3_03217	gene	1632	bglH_4			
CHQ_3_03217	CDS	1632	bglH_4		COG4580	Cryptic outer membrane porin BglH
CHQ_3_03218	gene	1167	axe1-6A			
CHQ_3_03218	CDS	1167	axe1-6A		COG2382	Carbohydrate acetyl esterase/feruloyl esterase
CHQ_3_03219	gene	666	yieH			
CHQ_3_03219	CDS	666	yieH	3.1.3.-	COG0637	6-phosphogluconate phosphatase
CHQ_3_03220	gene	1338	adeP			
CHQ_3_03220	CDS	1338	adeP		COG2252	Adenine permease AdeP
CHQ_3_03221	gene	567	chrR			
CHQ_3_03221	CDS	567	chrR	1.6.5.2	COG0431	Quinone reductase
CHQ_3_03222	gene	729				
CHQ_3_03222	CDS	729				hypothetical protein
CHQ_3_03223	gene	960	yidZ			
CHQ_3_03223	CDS	960	yidZ			HTH-type transcriptional regulator YidZ
CHQ_3_03224	gene	1185	mdtL			
CHQ_3_03224	CDS	1185	mdtL			Multidrug resistance protein MdtL
CHQ_3_03225	gene	420				
CHQ_3_03225	CDS	420				hypothetical protein
CHQ_3_03226	gene	1365	mnmE			
CHQ_3_03226	CDS	1365	mnmE	3.6.-.-	COG0486	tRNA modification GTPase MnmE
CHQ_3_03227	gene	1647	yidC			
CHQ_3_03227	CDS	1647	yidC			Membrane protein insertase YidC
CHQ_3_03228	gene	198				
CHQ_3_03228	CDS	198				hypothetical protein
CHQ_3_03229	gene	1404	dnaA			
CHQ_3_03229	CDS	1404	dnaA		COG0593	Chromosomal replication initiator protein DnaA
CHQ_3_03230	gene	1101	dnaN			
CHQ_3_03230	CDS	1101	dnaN		COG0592	Beta sliding clamp
CHQ_3_03231	gene	1074	recF			
CHQ_3_03231	CDS	1074	recF		COG1195	DNA replication and repair protein RecF
CHQ_3_03232	gene	2415	gyrB			
CHQ_3_03232	CDS	2415	gyrB	5.6.2.2	COG0187	DNA gyrase subunit B
CHQ_3_03233	gene	813	yidA			
CHQ_3_03233	CDS	813	yidA	3.1.3.23	COG0561	Sugar phosphatase YidA
CHQ_3_03234	gene	1083				
CHQ_3_03234	CDS	1083				hypothetical protein
CHQ_3_03235	gene	1140				
CHQ_3_03235	CDS	1140				hypothetical protein
CHQ_3_03236	gene	1266				
CHQ_3_03236	CDS	1266				hypothetical protein
CHQ_3_03237	gene	333				
CHQ_3_03237	CDS	333				hypothetical protein
CHQ_3_03238	gene	414	ibpA			
CHQ_3_03238	CDS	414	ibpA		COG0071	Small heat shock protein IbpA
CHQ_3_03239	gene	429	ibpB_2			
CHQ_3_03239	CDS	429	ibpB_2		COG0071	Small heat shock protein IbpB
CHQ_3_03240	gene	1662	aspT_2			
CHQ_3_03240	CDS	1662	aspT_2			Aspartate/alanine antiporter
CHQ_3_03241	gene	747	mngR_2			
CHQ_3_03241	CDS	747	mngR_2		COG2188	Mannosyl-D-glycerate transport/metabolism system repressor MngR
CHQ_3_03242	gene	1623	malP_5			
CHQ_3_03242	CDS	1623	malP_5		COG1263	PTS system maltose-specific EIICB component
CHQ_3_03243	gene	1323	aglB			
CHQ_3_03243	CDS	1323	aglB	3.2.1.122	COG1486	6-phospho-alpha-glucosidase
CHQ_3_03244	gene	348	yidH			
CHQ_3_03244	CDS	348	yidH		COG2149	Inner membrane protein YidH
CHQ_3_03245	gene	363	yidG			
CHQ_3_03245	CDS	363	yidG			Inner membrane protein YidG
CHQ_3_03246	gene	501				
CHQ_3_03246	CDS	501				hypothetical protein
CHQ_3_03247	gene	1329	dsdA			
CHQ_3_03247	CDS	1329	dsdA	4.3.1.18	COG3048	D-serine dehydratase
CHQ_3_03248	gene	1338	dsdX			
CHQ_3_03248	CDS	1338	dsdX			D-serine transporter DsdX
CHQ_3_03249	gene	924	dsdC			
CHQ_3_03249	CDS	924	dsdC		COG0583	HTH-type transcriptional regulator DsdC
CHQ_3_03250	gene	1185	emrD			
CHQ_3_03250	CDS	1185	emrD			Multidrug resistance protein D
CHQ_3_03251	gene	834				
CHQ_3_03251	CDS	834				hypothetical protein
CHQ_3_03252	gene	447				
CHQ_3_03252	CDS	447				hypothetical protein
CHQ_3_03253	gene	90				
CHQ_3_03253	CDS	90				hypothetical protein
CHQ_3_03254	gene	96				
CHQ_3_03254	CDS	96				hypothetical protein
CHQ_3_03255	gene	1689	ilvB_1			
CHQ_3_03255	CDS	1689	ilvB_1	2.2.1.6	COG0028	Acetolactate synthase isozyme 1 large subunit
CHQ_3_03256	gene	288	ilvN			
CHQ_3_03256	CDS	288	ilvN	2.2.1.6	COG0440	Acetolactate synthase isozyme 1 small subunit
CHQ_3_03257	gene	594	uhpA			
CHQ_3_03257	CDS	594	uhpA		COG2197	Transcriptional regulatory protein UhpA
CHQ_3_03258	gene	1503	uhpB			
CHQ_3_03258	CDS	1503	uhpB	2.7.13.3		Signal transduction histidine-protein kinase/phosphatase UhpB
CHQ_3_03259	gene	1329	uhpC			
CHQ_3_03259	CDS	1329	uhpC		COG2271	Membrane sensor protein UhpC
CHQ_3_03260	gene	1392	uhpT			
CHQ_3_03260	CDS	1392	uhpT		COG2271	Hexose-6-phosphate:phosphate antiporter
CHQ_3_03261	gene	453				
CHQ_3_03261	CDS	453				hypothetical protein
CHQ_3_03262	gene	324				
CHQ_3_03262	CDS	324				hypothetical protein
CHQ_3_03263	gene	138				
CHQ_3_03263	CDS	138				hypothetical protein
CHQ_3_03264	gene	132				
CHQ_3_03264	CDS	132				hypothetical protein
CHQ_3_03265	gene	1194	nepI_3			
CHQ_3_03265	CDS	1194	nepI_3		COG2814	Purine ribonucleoside efflux pump NepI
CHQ_3_03266	gene	810	phnX			
CHQ_3_03266	CDS	810	phnX	3.11.1.1	COG0637	Phosphonoacetaldehyde hydrolase
CHQ_3_03267	gene	1104	phnW			
CHQ_3_03267	CDS	1104	phnW	2.6.1.37	COG0075	2-aminoethylphosphonate--pyruvate transaminase
CHQ_3_03268	gene	720	phnR			
CHQ_3_03268	CDS	720	phnR		COG2188	Putative transcriptional regulator of 2-aminoethylphosphonate degradation operons
CHQ_3_03269	gene	1014	phnS			
CHQ_3_03269	CDS	1014	phnS		COG1840	Putative 2-aminoethylphosphonate-binding periplasmic protein
CHQ_3_03270	gene	1113	phnT			
CHQ_3_03270	CDS	1113	phnT		COG3842	Putative 2-aminoethylphosphonate import ATP-binding protein PhnT
CHQ_3_03271	gene	861	phnU			
CHQ_3_03271	CDS	861	phnU		COG0555	Putative 2-aminoethylphosphonate transport system permease protein PhnU
CHQ_3_03272	gene	798	phnV			
CHQ_3_03272	CDS	798	phnV		COG1177	Putative 2-aminoethylphosphonate transport system permease protein PhnV
CHQ_3_03273	gene	213				
CHQ_3_03273	CDS	213				hypothetical protein
CHQ_3_03274	gene	774	nimR_3			
CHQ_3_03274	CDS	774	nimR_3			HTH-type transcriptional regulator NimR
CHQ_3_03275	gene	726				
CHQ_3_03275	CDS	726				hypothetical protein
CHQ_3_03276	gene	927	yjiE_2			
CHQ_3_03276	CDS	927	yjiE_2			HTH-type transcriptional regulator YjiE
CHQ_3_03277	gene	1164	tarD			
CHQ_3_03277	CDS	1164	tarD	4.2.1.81	COG4948	D(-)-tartrate dehydratase
CHQ_3_03278	gene	846				
CHQ_3_03278	CDS	846				hypothetical protein
CHQ_3_03279	gene	1344	abaQ			
CHQ_3_03279	CDS	1344	abaQ			Quinolone resistance transporter
CHQ_3_03280	gene	636	pspA_2			
CHQ_3_03280	CDS	636	pspA_2	3.1.3.3	COG0406	Phosphoserine phosphatase 1
CHQ_3_03281	gene	768	nimR_4			
CHQ_3_03281	CDS	768	nimR_4			HTH-type transcriptional regulator NimR
CHQ_3_03282	gene	792				
CHQ_3_03282	CDS	792				hypothetical protein
CHQ_3_03283	gene	933				
CHQ_3_03283	CDS	933				hypothetical protein
CHQ_3_03284	gene	744	hyuA			
CHQ_3_03284	CDS	744	hyuA	5.1.99.5	COG4126	Hydantoin racemase
CHQ_3_03285	gene	717				
CHQ_3_03285	CDS	717				hypothetical protein
CHQ_3_03286	gene	1497	pucI			
CHQ_3_03286	CDS	1497	pucI		COG1953	putative allantoin permease
CHQ_3_03287	gene	1311	guaD_2			
CHQ_3_03287	CDS	1311	guaD_2	3.5.4.3	COG0402	Guanine deaminase
CHQ_3_03288	gene	951				
CHQ_3_03288	CDS	951				hypothetical protein
CHQ_3_03289	gene	1293	dgcM			
CHQ_3_03289	CDS	1293	dgcM	2.7.7.65	COG2199	Diguanylate cyclase DgcM
CHQ_3_03290	gene	1053				
CHQ_3_03290	CDS	1053				hypothetical protein
CHQ_3_03291	gene	924	iolE_3			
CHQ_3_03291	CDS	924	iolE_3	4.2.1.44	COG1082	Inosose dehydratase
CHQ_3_03292	gene	1173	ntdC			
CHQ_3_03292	CDS	1173	ntdC	1.1.1.361	COG0673	Glucose-6-phosphate 3-dehydrogenase
CHQ_3_03293	gene	1107				
CHQ_3_03293	CDS	1107				hypothetical protein
CHQ_3_03294	gene	945				
CHQ_3_03294	CDS	945				hypothetical protein
CHQ_3_03295	gene	1122				
CHQ_3_03295	CDS	1122				hypothetical protein
CHQ_3_03296	gene	696	tenA			
CHQ_3_03296	CDS	696	tenA	3.5.99.2	COG0819	Aminopyrimidine aminohydrolase
CHQ_3_03297	gene	729	ssuB_3			
CHQ_3_03297	CDS	729	ssuB_3	3.6.3.-	COG1116	Aliphatic sulfonates import ATP-binding protein SsuB
CHQ_3_03298	gene	741	ribX_1			
CHQ_3_03298	CDS	741	ribX_1			Riboflavin transport system permease protein RibX
CHQ_3_03299	gene	936				
CHQ_3_03299	CDS	936			COG0715	Putative thiamine biosynthesis protein
CHQ_3_03300	gene	1383	dat			
CHQ_3_03300	CDS	1383	dat	2.6.1.76	COG0160	Diaminobutyrate--2-oxoglutarate aminotransferase
CHQ_3_03301	gene	1473	ddc			
CHQ_3_03301	CDS	1473	ddc	4.1.1.86	COG0076	L-2,4-diaminobutyrate decarboxylase
CHQ_3_03302	gene	882	hdfR_4			
CHQ_3_03302	CDS	882	hdfR_4			HTH-type transcriptional regulator HdfR
CHQ_3_03303	gene	1191	dipZ			
CHQ_3_03303	CDS	1191	dipZ		COG0785	Protein DipZ
CHQ_3_03304	gene	1344	rcsC_3			
CHQ_3_03304	CDS	1344	rcsC_3	2.7.13.3		Sensor histidine kinase RcsC
CHQ_3_03305	gene	720	ompR_3			
CHQ_3_03305	CDS	720	ompR_3			Transcriptional regulatory protein OmpR
CHQ_3_03306	gene	993	dhmA			
CHQ_3_03306	CDS	993	dhmA	3.8.1.5		Haloalkane dehalogenase
CHQ_3_03307	gene	1020				
CHQ_3_03307	CDS	1020				hypothetical protein
CHQ_3_03308	gene	927	pqqB			
CHQ_3_03308	CDS	927	pqqB		COG1235	Coenzyme PQQ synthesis protein B
CHQ_3_03309	gene	756	pqqC			
CHQ_3_03309	CDS	756	pqqC	1.3.3.11	COG5424	Pyrroloquinoline-quinone synthase
CHQ_3_03310	gene	279	pqqD			
CHQ_3_03310	CDS	279	pqqD			PqqA binding protein
CHQ_3_03311	gene	1143	pqqE			
CHQ_3_03311	CDS	1143	pqqE	1.21.98.4	COG0535	PqqA peptide cyclase
CHQ_3_03312	gene	2286				
CHQ_3_03312	CDS	2286				hypothetical protein
CHQ_3_03313	gene	738	ipuF			
CHQ_3_03313	CDS	738	ipuF	3.4.-.-		Gamma-glutamyl-L-1-hydroxyisopropylamide hydrolase
CHQ_3_03314	gene	1911	mrdA_1			
CHQ_3_03314	CDS	1911	mrdA_1	3.4.16.4	COG0768	Peptidoglycan D,D-transpeptidase MrdA
CHQ_3_03315	gene	633	leuE_2			
CHQ_3_03315	CDS	633	leuE_2		COG1280	Leucine efflux protein
CHQ_3_03316	gene	2178	katG			
CHQ_3_03316	CDS	2178	katG	1.11.1.21	COG0376	Catalase-peroxidase
CHQ_3_03317	gene	1062	zapE_1			
CHQ_3_03317	CDS	1062	zapE_1		COG1485	Cell division protein ZapE
CHQ_3_03318	gene	681	mgtC			
CHQ_3_03318	CDS	681	mgtC		COG1285	Protein MgtC
CHQ_3_03319	gene	1407	ydjE			
CHQ_3_03319	CDS	1407	ydjE			Inner membrane metabolite transport protein YdjE
CHQ_3_03320	gene	882	oxyR_4			
CHQ_3_03320	CDS	882	oxyR_4			Hydrogen peroxide-inducible genes activator
CHQ_3_03321	gene	2301	ydeP			
CHQ_3_03321	CDS	2301	ydeP		COG0243	Protein YdeP
CHQ_3_03322	gene	918				
CHQ_3_03322	CDS	918				hypothetical protein
CHQ_3_03323	gene	942	mneP			
CHQ_3_03323	CDS	942	mneP		COG0053	Manganese efflux system protein MneP
CHQ_3_03324	gene	687				
CHQ_3_03324	CDS	687				hypothetical protein
CHQ_3_03325	gene	870				
CHQ_3_03325	CDS	870				hypothetical protein
CHQ_3_03326	gene	432	osmC			
CHQ_3_03326	CDS	432	osmC	1.11.1.15	COG1764	Peroxiredoxin OsmC
CHQ_3_03327	gene	147				
CHQ_3_03327	CDS	147				hypothetical protein
CHQ_3_03328	gene	405	ygiW_1			
CHQ_3_03328	CDS	405	ygiW_1		COG3111	Protein YgiW
CHQ_3_03329	gene	504				
CHQ_3_03329	CDS	504				hypothetical protein
CHQ_3_03330	gene	447				
CHQ_3_03330	CDS	447				hypothetical protein
CHQ_3_03331	gene	96				
CHQ_3_03331	CDS	96				hypothetical protein
CHQ_3_03332	gene	996	hcaB			
CHQ_3_03332	CDS	996	hcaB	1.3.1.87		3-phenylpropionate-dihydrodiol/cinnamic acid-dihydrodiol dehydrogenase
CHQ_3_03333	gene	1626	treS			
CHQ_3_03333	CDS	1626	treS	3.2.1.1	COG0366	Trehalose synthase/amylase TreS
CHQ_3_03334	gene	174				
CHQ_3_03334	CDS	174				hypothetical protein
CHQ_3_03335	gene	507	yciE_2			
CHQ_3_03335	CDS	507	yciE_2		COG3685	Protein YciE
CHQ_3_03336	gene	216				
CHQ_3_03336	CDS	216				hypothetical protein
CHQ_3_03337	gene	915	yghA			
CHQ_3_03337	CDS	915	yghA	1.-.-.-		putative oxidoreductase YghA
CHQ_3_03338	gene	246				
CHQ_3_03338	CDS	246				hypothetical protein
CHQ_3_03339	gene	894	dmlR_12			
CHQ_3_03339	CDS	894	dmlR_12			HTH-type transcriptional regulator DmlR
CHQ_3_03340	gene	852				
CHQ_3_03340	CDS	852				hypothetical protein
CHQ_3_03341	gene	141	sra			
CHQ_3_03341	CDS	141	sra			Stationary-phase-induced ribosome-associated protein
CHQ_3_03342	gene	1698	maeA_2			
CHQ_3_03342	CDS	1698	maeA_2	1.1.1.38	COG0281	NAD-dependent malic enzyme
CHQ_3_03343	gene	708				
CHQ_3_03343	CDS	708				hypothetical protein
CHQ_3_03344	gene	687				
CHQ_3_03344	CDS	687				hypothetical protein
CHQ_3_03345	gene	1713	yheS_3			
CHQ_3_03345	CDS	1713	yheS_3		COG0488	putative ABC transporter ATP-binding protein YheS
CHQ_3_03346	gene	954				
CHQ_3_03346	CDS	954				hypothetical protein
CHQ_3_03347	gene	600	ppa_2			
CHQ_3_03347	CDS	600	ppa_2	3.6.1.1	COG0221	Inorganic pyrophosphatase
CHQ_3_03348	gene	1011	adhP			
CHQ_3_03348	CDS	1011	adhP	1.1.1.1	COG1064	Alcohol dehydrogenase, propanol-preferring
CHQ_3_03349	gene	1623				
CHQ_3_03349	CDS	1623				hypothetical protein
CHQ_3_03350	gene	945	gsiC_1			
CHQ_3_03350	CDS	945	gsiC_1		COG0601	Glutathione transport system permease protein GsiC
CHQ_3_03351	gene	849	ddpC_1			
CHQ_3_03351	CDS	849	ddpC_1		COG1173	putative D,D-dipeptide transport system permease protein DdpC
CHQ_3_03352	gene	1617	gsiA_1			
CHQ_3_03352	CDS	1617	gsiA_1	7.4.2.10	COG1123	Glutathione import ATP-binding protein GsiA
CHQ_3_03353	gene	987	luxA			
CHQ_3_03353	CDS	987	luxA	1.14.14.3	COG2141	Alkanal monooxygenase alpha chain
CHQ_3_03354	gene	1092				
CHQ_3_03354	CDS	1092				hypothetical protein
CHQ_3_03355	gene	1155	araJ			
CHQ_3_03355	CDS	1155	araJ		COG2814	Putative transporter AraJ
CHQ_3_03356	gene	438				
CHQ_3_03356	CDS	438				hypothetical protein
CHQ_3_03357	gene	819				
CHQ_3_03357	CDS	819		2.7.4.1		Polyphosphate:ADP phosphotransferase 3
CHQ_3_03358	gene	657	fdnI			
CHQ_3_03358	CDS	657	fdnI		COG2864	Formate dehydrogenase, nitrate-inducible, cytochrome b556(Fdn) subunit
CHQ_3_03359	gene	885	fdnH			
CHQ_3_03359	CDS	885	fdnH		COG0437	Formate dehydrogenase, nitrate-inducible, iron-sulfur subunit
CHQ_3_03360	gene	2412	fdnG_1			
CHQ_3_03360	CDS	2412	fdnG_1	1.17.5.3	COG0243	Formate dehydrogenase, nitrate-inducible, major subunit
CHQ_3_03361	gene	588	fdnG_2			
CHQ_3_03361	CDS	588	fdnG_2	1.17.5.3	COG0243	Formate dehydrogenase, nitrate-inducible, major subunit
CHQ_3_03362	gene	879	yddG			
CHQ_3_03362	CDS	879	yddG		COG0697	Aromatic amino acid exporter YddG
CHQ_3_03363	gene	774	lvr			
CHQ_3_03363	CDS	774	lvr	1.1.1.-		Levodione reductase
CHQ_3_03364	gene	1017	benC			
CHQ_3_03364	CDS	1017	benC		COG0543	Benzoate 1,2-dioxygenase electron transfer component
CHQ_3_03365	gene	486	cbdB			
CHQ_3_03365	CDS	486	cbdB	1.14.12.13		2-halobenzoate 1,2-dioxygenase small subunit
CHQ_3_03366	gene	1383	cbdA			
CHQ_3_03366	CDS	1383	cbdA	1.14.12.13		2-halobenzoate 1,2-dioxygenase large subunit
CHQ_3_03367	gene	927	catA			
CHQ_3_03367	CDS	927	catA	1.13.11.1	COG3485	Catechol 1,2-dioxygenase
CHQ_3_03368	gene	291	catC			
CHQ_3_03368	CDS	291	catC	5.3.3.4	COG4829	Muconolactone Delta-isomerase
CHQ_3_03369	gene	1119	catB			
CHQ_3_03369	CDS	1119	catB	5.5.1.1	COG4948	Muconate cycloisomerase 1
CHQ_3_03370	gene	798	pcaR_2			
CHQ_3_03370	CDS	798	pcaR_2		COG1414	Pca regulon regulatory protein
CHQ_3_03371	gene	1500	smvA			
CHQ_3_03371	CDS	1500	smvA			Methyl viologen resistance protein SmvA
CHQ_3_03372	gene	537				
CHQ_3_03372	CDS	537				hypothetical protein
CHQ_3_03373	gene	1383	narU			
CHQ_3_03373	CDS	1383	narU		COG2223	Nitrate/nitrite transporter NarU
CHQ_3_03374	gene	3741	narZ			
CHQ_3_03374	CDS	3741	narZ	1.7.5.1	COG5013	Respiratory nitrate reductase 2 alpha chain
CHQ_3_03375	gene	1545	narY			
CHQ_3_03375	CDS	1545	narY	1.7.5.1	COG1140	Respiratory nitrate reductase 2 beta chain
CHQ_3_03376	gene	696	narW			
CHQ_3_03376	CDS	696	narW		COG2180	putative nitrate reductase molybdenum cofactor assembly chaperone NarW
CHQ_3_03377	gene	681	narV			
CHQ_3_03377	CDS	681	narV	1.7.5.1	COG2181	Respiratory nitrate reductase 2 gamma chain
CHQ_3_03378	gene	846	nhoA			
CHQ_3_03378	CDS	846	nhoA	2.3.1.5	COG2162	Arylamine N-acetyltransferase
CHQ_3_03379	gene	1656				
CHQ_3_03379	CDS	1656				hypothetical protein
CHQ_3_03380	gene	969				
CHQ_3_03380	CDS	969				hypothetical protein
CHQ_3_03381	gene	702	msiK			
CHQ_3_03381	CDS	702	msiK	7.5.2.-	COG3839	Diacetylchitobiose uptake system ATP-binding protein MsiK
CHQ_3_03382	gene	582				
CHQ_3_03382	CDS	582				hypothetical protein
CHQ_3_03383	gene	825	rhaS_7			
CHQ_3_03383	CDS	825	rhaS_7			HTH-type transcriptional activator RhaS
CHQ_3_03384	gene	1569				
CHQ_3_03384	CDS	1569				hypothetical protein
CHQ_3_03385	gene	1383	xylP			
CHQ_3_03385	CDS	1383	xylP			Isoprimeverose transporter
CHQ_3_03386	gene	1617	scrY_3			
CHQ_3_03386	CDS	1617	scrY_3			Sucrose porin
CHQ_3_03387	gene	228	pptA			
CHQ_3_03387	CDS	228	pptA	5.3.2.-	COG1942	Tautomerase PptA
CHQ_3_03388	gene	618	gstB_4			
CHQ_3_03388	CDS	618	gstB_4	2.5.1.18	COG0625	Glutathione S-transferase GST-6.0
CHQ_3_03389	gene	894				
CHQ_3_03389	CDS	894				hypothetical protein
CHQ_3_03390	gene	780	glnQ_6			
CHQ_3_03390	CDS	780	glnQ_6	3.6.3.-	COG1126	Glutamine transport ATP-binding protein GlnQ
CHQ_3_03391	gene	927				
CHQ_3_03391	CDS	927				hypothetical protein
CHQ_3_03392	gene	510				
CHQ_3_03392	CDS	510				hypothetical protein
CHQ_3_03393	gene	933				
CHQ_3_03393	CDS	933				hypothetical protein
CHQ_3_03394	gene	1314	moxC			
CHQ_3_03394	CDS	1314	moxC	1.14.-.-	COG2141	Putative monooxygenase MoxC
CHQ_3_03395	gene	1122	scmP			
CHQ_3_03395	CDS	1122	scmP	3.5.1.-	COG1473	N-acetylcysteine deacetylase
CHQ_3_03396	gene	1008				
CHQ_3_03396	CDS	1008				hypothetical protein
CHQ_3_03397	gene	552				
CHQ_3_03397	CDS	552				hypothetical protein
CHQ_3_03398	gene	393				
CHQ_3_03398	CDS	393				hypothetical protein
CHQ_3_03399	gene	906	dapF_2			
CHQ_3_03399	CDS	906	dapF_2	5.1.1.7	COG0253	Diaminopimelate epimerase
CHQ_3_03400	gene	1455	ansP2			
CHQ_3_03400	CDS	1455	ansP2		COG1113	L-asparagine permease 2
CHQ_3_03401	gene	222	ygdR_3			
CHQ_3_03401	CDS	222	ygdR_3			putative lipoprotein YgdR
CHQ_3_03402	gene	1062	yncE_1			
CHQ_3_03402	CDS	1062	yncE_1		COG3391	putative protein YncE
CHQ_3_03403	gene	2106	cntO_2			
CHQ_3_03403	CDS	2106	cntO_2			Metal-pseudopaline receptor CntO
CHQ_3_03404	gene	300				
CHQ_3_03404	CDS	300				hypothetical protein
CHQ_3_03405	gene	936	rihA			
CHQ_3_03405	CDS	936	rihA	3.2.-.-	COG1957	Pyrimidine-specific ribonucleoside hydrolase RihA
CHQ_3_03406	gene	1038	curA			
CHQ_3_03406	CDS	1038	curA	1.3.1.-	COG2130	NADPH-dependent curcumin reductase
CHQ_3_03407	gene	582				
CHQ_3_03407	CDS	582				hypothetical protein
CHQ_3_03408	gene	519	mnaT			
CHQ_3_03408	CDS	519	mnaT	2.3.1.-	COG1247	L-amino acid N-acyltransferase MnaT
CHQ_3_03409	gene	450	ydcZ			
CHQ_3_03409	CDS	450	ydcZ		COG3238	Inner membrane protein YdcZ
CHQ_3_03410	gene	234	ydcY			
CHQ_3_03410	CDS	234	ydcY			putative protein YdcY
CHQ_3_03411	gene	1599	dppA_2			
CHQ_3_03411	CDS	1599	dppA_2		COG0747	Periplasmic dipeptide transport protein
CHQ_3_03412	gene	1434	vdh			
CHQ_3_03412	CDS	1434	vdh	1.2.1.67		Vanillin dehydrogenase
CHQ_3_03413	gene	750	menH_4			
CHQ_3_03413	CDS	750	menH_4	4.2.99.20		2-succinyl-6-hydroxy-2,4-cyclohexadiene-1-carboxylate synthase
CHQ_3_03414	gene	174	ortT			
CHQ_3_03414	CDS	174	ortT			Orphan toxin OrtT
CHQ_3_03415	gene	93				
CHQ_3_03415	CDS	93				hypothetical protein
CHQ_3_03416	gene	252				
CHQ_3_03416	CDS	252				hypothetical protein
CHQ_3_03417	gene	123				
CHQ_3_03417	CDS	123				hypothetical protein
CHQ_3_03418	gene	1428	prr			
CHQ_3_03418	CDS	1428	prr	1.2.1.19	COG1012	Gamma-aminobutyraldehyde dehydrogenase
CHQ_3_03419	gene	807	ydcV_2			
CHQ_3_03419	CDS	807	ydcV_2			Inner membrane ABC transporter permease protein YdcV
CHQ_3_03420	gene	930	ydcU			
CHQ_3_03420	CDS	930	ydcU		COG1176	Inner membrane ABC transporter permease protein YdcU
CHQ_3_03421	gene	1014	potA_4			
CHQ_3_03421	CDS	1014	potA_4	7.6.2.11	COG3842	Spermidine/putrescine import ATP-binding protein PotA
CHQ_3_03422	gene	1146	ydcS			
CHQ_3_03422	CDS	1146	ydcS	2.3.1.-		Bifunctional polyhydroxybutyrate synthase / ABC transporter periplasmic binding protein
CHQ_3_03423	gene	1413	lysN_1			
CHQ_3_03423	CDS	1413	lysN_1	2.6.1.39	COG1167	2-aminoadipate transaminase
CHQ_3_03424	gene	1398	cydA_2			
CHQ_3_03424	CDS	1398	cydA_2	7.1.1.7	COG1271	Cytochrome bd-I ubiquinol oxidase subunit 1
CHQ_3_03425	gene	1011	cydB_2			
CHQ_3_03425	CDS	1011	cydB_2	7.1.1.7	COG1294	Cytochrome bd-I ubiquinol oxidase subunit 2
CHQ_3_03426	gene	126				
CHQ_3_03426	CDS	126				hypothetical protein
CHQ_3_03427	gene	285				
CHQ_3_03427	CDS	285				hypothetical protein
CHQ_3_03428	gene	234				
CHQ_3_03428	CDS	234				hypothetical protein
CHQ_3_03429	gene	1962	rlhA_1			
CHQ_3_03429	CDS	1962	rlhA_1		COG0826	23S rRNA 5-hydroxycytidine synthase
CHQ_3_03430	gene	570	sutR_2			
CHQ_3_03430	CDS	570	sutR_2		COG1396	HTH-type transcriptional regulator SutR
CHQ_3_03431	gene	1167	ydcO			
CHQ_3_03431	CDS	1167	ydcO		COG3135	Inner membrane protein YdcO
CHQ_3_03432	gene	870	rhaR_5			
CHQ_3_03432	CDS	870	rhaR_5			HTH-type transcriptional activator RhaR
CHQ_3_03433	gene	897				
CHQ_3_03433	CDS	897				hypothetical protein
CHQ_3_03434	gene	669				
CHQ_3_03434	CDS	669				hypothetical protein
CHQ_3_03435	gene	597	tehB			
CHQ_3_03435	CDS	597	tehB	2.1.1.265	COG0500	Tellurite methyltransferase
CHQ_3_03436	gene	1005	tehA			
CHQ_3_03436	CDS	1005	tehA		COG1275	Tellurite resistance protein TehA
CHQ_3_03437	gene	981				
CHQ_3_03437	CDS	981				hypothetical protein
CHQ_3_03438	gene	579	rimL			
CHQ_3_03438	CDS	579	rimL	2.3.1.-	COG1670	Ribosomal-protein-serine acetyltransferase
CHQ_3_03439	gene	1656	mdoD			
CHQ_3_03439	CDS	1656	mdoD		COG3131	Glucans biosynthesis protein D
CHQ_3_03440	gene	1506	pnbA			
CHQ_3_03440	CDS	1506	pnbA	3.1.1.-	COG2272	Para-nitrobenzyl esterase
CHQ_3_03441	gene	1344				
CHQ_3_03441	CDS	1344			COG5383	putative protein
CHQ_3_03442	gene	741	pcaH			
CHQ_3_03442	CDS	741	pcaH	1.13.11.3	COG3485	Protocatechuate 3,4-dioxygenase beta chain
CHQ_3_03443	gene	621	pcaG			
CHQ_3_03443	CDS	621	pcaG	1.13.11.3	COG3485	Protocatechuate 3,4-dioxygenase alpha chain
CHQ_3_03444	gene	924	gbpR			
CHQ_3_03444	CDS	924	gbpR			HTH-type transcriptional regulator GbpR
CHQ_3_03445	gene	2373	quiA			
CHQ_3_03445	CDS	2373	quiA	1.1.5.8	COG4993	Quinate/shikimate dehydrogenase (quinone)
CHQ_3_03446	gene	1119	frmA			
CHQ_3_03446	CDS	1119	frmA	1.1.1.284	COG1062	S-(hydroxymethyl)glutathione dehydrogenase
CHQ_3_03447	gene	276	frmR			
CHQ_3_03447	CDS	276	frmR		COG1937	Transcriptional repressor FrmR
CHQ_3_03448	gene	528	cybB			
CHQ_3_03448	CDS	528	cybB		COG3038	Cytochrome b561
CHQ_3_03449	gene	369				
CHQ_3_03449	CDS	369				hypothetical protein
CHQ_3_03450	gene	186				
CHQ_3_03450	CDS	186				hypothetical protein
CHQ_3_03451	gene	465				
CHQ_3_03451	CDS	465				hypothetical protein
CHQ_3_03452	gene	1218				
CHQ_3_03452	CDS	1218				putative transporter
CHQ_3_03453	gene	1002	add			
CHQ_3_03453	CDS	1002	add	3.5.4.4	COG1816	Adenosine deaminase
CHQ_3_03454	gene	1041	ydgJ_2			
CHQ_3_03454	CDS	1041	ydgJ_2	1.-.-.-	COG0673	putative oxidoreductase YdgJ
CHQ_3_03455	gene	1371	bglC			
CHQ_3_03455	CDS	1371	bglC	3.2.1.86	COG2723	Aryl-phospho-beta-D-glucosidase BglC
CHQ_3_03456	gene	216	ydgT			
CHQ_3_03456	CDS	216	ydgT			Transcription modulator YdgT
CHQ_3_03457	gene	441	ydgK			
CHQ_3_03457	CDS	441	ydgK			Inner membrane protein YdgK
CHQ_3_03458	gene	582	rsxA			
CHQ_3_03458	CDS	582	rsxA	7.-.-.-	COG4657	Ion-translocating oxidoreductase complex subunit A
CHQ_3_03459	gene	579	rsxB			
CHQ_3_03459	CDS	579	rsxB	7.-.-.-	COG2878	Ion-translocating oxidoreductase complex subunit B
CHQ_3_03460	gene	1956	rsxC_2			
CHQ_3_03460	CDS	1956	rsxC_2	7.-.-.-	COG4656	Ion-translocating oxidoreductase complex subunit C
CHQ_3_03461	gene	1053	rsxD			
CHQ_3_03461	CDS	1053	rsxD	7.-.-.-	COG4658	Ion-translocating oxidoreductase complex subunit D
CHQ_3_03462	gene	624	rsxG			
CHQ_3_03462	CDS	624	rsxG	7.-.-.-	COG4659	Ion-translocating oxidoreductase complex subunit G
CHQ_3_03463	gene	699	rsxE			
CHQ_3_03463	CDS	699	rsxE	7.-.-.-	COG4660	Ion-translocating oxidoreductase complex subunit E
CHQ_3_03464	gene	636	nth			
CHQ_3_03464	CDS	636	nth	4.2.99.18	COG0177	Endonuclease III
CHQ_3_03465	gene	1506	dtpA			
CHQ_3_03465	CDS	1506	dtpA		COG3104	Dipeptide and tripeptide permease A
CHQ_3_03466	gene	606	gstA			
CHQ_3_03466	CDS	606	gstA	2.5.1.18	COG0625	Glutathione S-transferase GstA
CHQ_3_03467	gene	861	pdxY			
CHQ_3_03467	CDS	861	pdxY	2.7.1.35	COG2240	Pyridoxal kinase PdxY
CHQ_3_03468	gene	1275	tyrS			
CHQ_3_03468	CDS	1275	tyrS	6.1.1.1	COG0162	Tyrosine--tRNA ligase
CHQ_3_03469	gene	663	pdxH			
CHQ_3_03469	CDS	663	pdxH	1.4.3.5	COG0259	Pyridoxine/pyridoxamine 5'-phosphate oxidase
CHQ_3_03470	gene	360	mliC			
CHQ_3_03470	CDS	360	mliC		COG3895	Membrane-bound lysozyme inhibitor of C-type lysozyme
CHQ_3_03471	gene	1125	anmK			
CHQ_3_03471	CDS	1125	anmK	2.7.1.170	COG2377	Anhydro-N-acetylmuramic acid kinase
CHQ_3_03472	gene	468	slyB			
CHQ_3_03472	CDS	468	slyB		COG3133	Outer membrane lipoprotein SlyB
CHQ_3_03473	gene	1362				
CHQ_3_03473	CDS	1362				hypothetical protein
CHQ_3_03474	gene	435	slyA_2			
CHQ_3_03474	CDS	435	slyA_2		COG1846	Transcriptional regulator SlyA
CHQ_3_03475	gene	237				
CHQ_3_03475	CDS	237				hypothetical protein
CHQ_3_03476	gene	897	aaeA_1			
CHQ_3_03476	CDS	897	aaeA_1		COG1566	p-hydroxybenzoic acid efflux pump subunit AaeA
CHQ_3_03477	gene	2025	aaeB_1			
CHQ_3_03477	CDS	2025	aaeB_1			p-hydroxybenzoic acid efflux pump subunit AaeB
CHQ_3_03478	gene	522	sodC			
CHQ_3_03478	CDS	522	sodC	1.15.1.1	COG2032	Superoxide dismutase [Cu-Zn]
CHQ_3_03479	gene	897	ydhF			
CHQ_3_03479	CDS	897	ydhF	1.-.-.-	COG4989	Oxidoreductase YdhF
CHQ_3_03480	gene	240				
CHQ_3_03480	CDS	240				hypothetical protein
CHQ_3_03481	gene	600	nemR			
CHQ_3_03481	CDS	600	nemR			HTH-type transcriptional repressor NemR
CHQ_3_03482	gene	1098	nemA_2			
CHQ_3_03482	CDS	1098	nemA_2	1.3.1.-	COG1902	N-ethylmaleimide reductase
CHQ_3_03483	gene	408	gloA			
CHQ_3_03483	CDS	408	gloA	4.4.1.5	COG0346	Lactoylglutathione lyase
CHQ_3_03484	gene	648	rnt			
CHQ_3_03484	CDS	648	rnt	3.1.13.-	COG0847	Ribonuclease T
CHQ_3_03485	gene	348	grxD			
CHQ_3_03485	CDS	348	grxD		COG0278	Glutaredoxin 4
CHQ_3_03486	gene	873	mepH			
CHQ_3_03486	CDS	873	mepH	3.4.-.-	COG0791	Murein DD-endopeptidase MepH
CHQ_3_03487	gene	486	rhaS_8			
CHQ_3_03487	CDS	486	rhaS_8			HTH-type transcriptional activator RhaS
CHQ_3_03488	gene	582	sodB			
CHQ_3_03488	CDS	582	sodB	1.15.1.1	COG0605	Superoxide dismutase [Fe]
CHQ_3_03489	gene	1170	ydhP_2			
CHQ_3_03489	CDS	1170	ydhP_2		COG2814	Inner membrane transport protein YdhP
CHQ_3_03490	gene	93				
CHQ_3_03490	CDS	93				hypothetical protein
CHQ_3_03491	gene	1026	purR_1			
CHQ_3_03491	CDS	1026	purR_1		COG1609	HTH-type transcriptional repressor PurR
CHQ_3_03492	gene	912	yahB			
CHQ_3_03492	CDS	912	yahB			putative HTH-type transcriptional regulator YahB
CHQ_3_03493	gene	1182	ydhC			
CHQ_3_03493	CDS	1182	ydhC			Inner membrane transport protein YdhC
CHQ_3_03494	gene	1149	cfa			
CHQ_3_03494	CDS	1149	cfa	2.1.1.79	COG2230	Cyclopropane-fatty-acyl-phospholipid synthase
CHQ_3_03495	gene	636	ribC			
CHQ_3_03495	CDS	636	ribC	2.5.1.9	COG0307	Riboflavin synthase
CHQ_3_03496	gene	1374	mdtK			
CHQ_3_03496	CDS	1374	mdtK		COG0534	Multidrug resistance protein MdtK
CHQ_3_03497	gene	351	asr			
CHQ_3_03497	CDS	351	asr			Acid shock protein
CHQ_3_03498	gene	579				
CHQ_3_03498	CDS	579		3.2.2.-	COG1611	Putative cytokinin riboside 5'-monophosphate phosphoribohydrolase
CHQ_3_03499	gene	77				
CHQ_3_03499	tRNA	77				tRNA-Val(gac)
CHQ_3_03500	gene	77				
CHQ_3_03500	tRNA	77				tRNA-Val(gac)
CHQ_3_03501	gene	77				
CHQ_3_03501	tRNA	77				tRNA-Val(gac)
CHQ_3_03502	gene	753	ydfG_2			
CHQ_3_03502	CDS	753	ydfG_2	1.1.1.381	COG4221	NADP-dependent 3-hydroxy acid dehydrogenase YdfG
CHQ_3_03503	gene	921				
CHQ_3_03503	CDS	921			COG3039	IS5 family transposase IS4811
CHQ_3_03504	gene	885	gcvA_4			
CHQ_3_03504	CDS	885	gcvA_4			Glycine cleavage system transcriptional activator
CHQ_3_03505	gene	516				
CHQ_3_03505	CDS	516				hypothetical protein
CHQ_3_03506	gene	837				
CHQ_3_03506	CDS	837				hypothetical protein
CHQ_3_03507	gene	150				
CHQ_3_03507	CDS	150				hypothetical protein
CHQ_3_03508	gene	435				
CHQ_3_03508	CDS	435				hypothetical protein
CHQ_3_03509	gene	717				
CHQ_3_03509	CDS	717				hypothetical protein
CHQ_3_03510	gene	210				
CHQ_3_03510	CDS	210				hypothetical protein
CHQ_3_03511	gene	1017	adhT			
CHQ_3_03511	CDS	1017	adhT	1.1.1.1		Alcohol dehydrogenase
CHQ_3_03512	gene	636	cynT			
CHQ_3_03512	CDS	636	cynT	4.2.1.1	COG0288	Carbonic anhydrase 1
CHQ_3_03513	gene	630	rhtC_2			
CHQ_3_03513	CDS	630	rhtC_2		COG1280	Threonine efflux protein
CHQ_3_03514	gene	771	glpR_3			
CHQ_3_03514	CDS	771	glpR_3		COG1349	Glycerol-3-phosphate regulon repressor
CHQ_3_03515	gene	384				
CHQ_3_03515	CDS	384				hypothetical protein
CHQ_3_03516	gene	684	cat3			
CHQ_3_03516	CDS	684	cat3	2.3.1.28		Chloramphenicol acetyltransferase 3
CHQ_3_03517	gene	1227	sfnC_2			
CHQ_3_03517	CDS	1227	sfnC_2	1.14.14.-		putative FMNH2-dependent monooxygenase SfnC
CHQ_3_03518	gene	675	metP			
CHQ_3_03518	CDS	675	metP		COG2011	Methionine import system permease protein MetP
CHQ_3_03519	gene	777	metQ_4			
CHQ_3_03519	CDS	777	metQ_4		COG1464	Methionine-binding lipoprotein MetQ
CHQ_3_03520	gene	1044	metN2_2			
CHQ_3_03520	CDS	1044	metN2_2	3.6.3.-	COG1135	Methionine import ATP-binding protein MetN 2
CHQ_3_03521	gene	1704	appA			
CHQ_3_03521	CDS	1704	appA			Oligopeptide-binding protein AppA
CHQ_3_03522	gene	960	gsiC_2			
CHQ_3_03522	CDS	960	gsiC_2		COG0601	Glutathione transport system permease protein GsiC
CHQ_3_03523	gene	948	gsiD_1			
CHQ_3_03523	CDS	948	gsiD_1		COG1173	Glutathione transport system permease protein GsiD
CHQ_3_03524	gene	981	ddpD			
CHQ_3_03524	CDS	981	ddpD		COG0444	putative D,D-dipeptide transport ATP-binding protein DdpD
CHQ_3_03525	gene	972	oppF_2			
CHQ_3_03525	CDS	972	oppF_2		COG4608	Oligopeptide transport ATP-binding protein OppF
CHQ_3_03526	gene	528				
CHQ_3_03526	CDS	528				hypothetical protein
CHQ_3_03527	gene	489				
CHQ_3_03527	CDS	489				hypothetical protein
CHQ_3_03528	gene	1074				
CHQ_3_03528	CDS	1074				hypothetical protein
CHQ_3_03529	gene	1533	stp			
CHQ_3_03529	CDS	1533	stp			Multidrug resistance protein Stp
CHQ_3_03530	gene	918	pgrR_7			
CHQ_3_03530	CDS	918	pgrR_7			HTH-type transcriptional regulator PgrR
CHQ_3_03531	gene	1527				
CHQ_3_03531	CDS	1527				hypothetical protein
CHQ_3_03532	gene	771	fabG_7			
CHQ_3_03532	CDS	771	fabG_7	1.1.1.100		3-oxoacyl-[acyl-carrier-protein] reductase FabG
CHQ_3_03533	gene	1032	srkA_2			
CHQ_3_03533	CDS	1032	srkA_2	2.7.11.1		Stress response kinase A
CHQ_3_03534	gene	1338	dgdA			
CHQ_3_03534	CDS	1338	dgdA	4.1.1.64		2,2-dialkylglycine decarboxylase
CHQ_3_03535	gene	783	glpR_4			
CHQ_3_03535	CDS	783	glpR_4		COG1349	Glycerol-3-phosphate regulon repressor
CHQ_3_03536	gene	990	vldW_3			
CHQ_3_03536	CDS	990	vldW_3	1.14.11.52		Validamycin A dioxygenase
CHQ_3_03537	gene	1419				
CHQ_3_03537	CDS	1419		3.5.4.11		Isoxanthopterin deaminase
CHQ_3_03538	gene	990	ribY			
CHQ_3_03538	CDS	990	ribY		COG0715	Riboflavin-binding protein RibY
CHQ_3_03539	gene	900	hdfR_5			
CHQ_3_03539	CDS	900	hdfR_5			HTH-type transcriptional regulator HdfR
CHQ_3_03540	gene	969	yeaX_2			
CHQ_3_03540	CDS	969	yeaX_2	1.14.13.239	COG1018	Carnitine monooxygenase reductase subunit
CHQ_3_03541	gene	1284	codAch2			
CHQ_3_03541	CDS	1284	codAch2	3.5.4.11	COG0402	Pterin deaminase
CHQ_3_03542	gene	483	rutC_3			
CHQ_3_03542	CDS	483	rutC_3	1.-.-.-		Putative aminoacrylate peracid reductase RutC
CHQ_3_03543	gene	882	crnA			
CHQ_3_03543	CDS	882	crnA	3.5.2.10		Creatinine amidohydrolase
CHQ_3_03544	gene	984				
CHQ_3_03544	CDS	984				hypothetical protein
CHQ_3_03545	gene	831	btuD_6			
CHQ_3_03545	CDS	831	btuD_6	7.6.2.8		Vitamin B12 import ATP-binding protein BtuD
CHQ_3_03546	gene	816	ribX_2			
CHQ_3_03546	CDS	816	ribX_2			Riboflavin transport system permease protein RibX
CHQ_3_03547	gene	1419				
CHQ_3_03547	CDS	1419				hypothetical protein
CHQ_3_03548	gene	1365				
CHQ_3_03548	CDS	1365				hypothetical protein
CHQ_3_03549	gene	483				
CHQ_3_03549	CDS	483				hypothetical protein
CHQ_3_03550	gene	1368	srpC_1			
CHQ_3_03550	CDS	1368	srpC_1		COG2059	putative chromate transport protein
CHQ_3_03551	gene	960	chrB1			
CHQ_3_03551	CDS	960	chrB1			Protein ChrB
CHQ_3_03552	gene	1179	rfnT			
CHQ_3_03552	CDS	1179	rfnT			Riboflavin transporter RfnT
CHQ_3_03553	gene	237				
CHQ_3_03553	CDS	237				hypothetical protein
CHQ_3_03554	gene	462				
CHQ_3_03554	CDS	462				hypothetical protein
CHQ_3_03555	gene	1218				
CHQ_3_03555	CDS	1218				putative MFS-type transporter
CHQ_3_03556	gene	909				
CHQ_3_03556	CDS	909				hypothetical protein
CHQ_3_03557	gene	141				
CHQ_3_03557	CDS	141				hypothetical protein
CHQ_3_03558	gene	891	hcaR_3			
CHQ_3_03558	CDS	891	hcaR_3			Hca operon transcriptional activator HcaR
CHQ_3_03559	gene	708	scoA			
CHQ_3_03559	CDS	708	scoA	2.8.3.5	COG1788	putative succinyl-CoA:3-ketoacid coenzyme A transferase subunit A
CHQ_3_03560	gene	657	scoB			
CHQ_3_03560	CDS	657	scoB	2.8.3.5	COG2057	putative succinyl-CoA:3-ketoacid coenzyme A transferase subunit B
CHQ_3_03561	gene	1182	thlA_3			
CHQ_3_03561	CDS	1182	thlA_3	2.3.1.9	COG0183	Acetyl-CoA acetyltransferase
CHQ_3_03562	gene	924	hbd			
CHQ_3_03562	CDS	924	hbd	1.1.1.157	COG1250	3-hydroxybutyryl-CoA dehydrogenase
CHQ_3_03563	gene	1392				
CHQ_3_03563	CDS	1392				hypothetical protein
CHQ_3_03564	gene	771	bdhA			
CHQ_3_03564	CDS	771	bdhA	1.1.1.30		D-beta-hydroxybutyrate dehydrogenase
CHQ_3_03565	gene	873	benM_2			
CHQ_3_03565	CDS	873	benM_2			HTH-type transcriptional regulator BenM
CHQ_3_03566	gene	780	budA			
CHQ_3_03566	CDS	780	budA	4.1.1.5		Alpha-acetolactate decarboxylase
CHQ_3_03567	gene	1680	budB			
CHQ_3_03567	CDS	1680	budB	2.2.1.6	COG0028	Acetolactate synthase, catabolic
CHQ_3_03568	gene	771	budC			
CHQ_3_03568	CDS	771	budC	1.1.1.304		Diacetyl reductase [(S)-acetoin forming]
CHQ_3_03569	gene	702				
CHQ_3_03569	CDS	702				IS3 family transposase ISEc36
CHQ_3_03570	gene	366				
CHQ_3_03570	CDS	366				hypothetical protein
CHQ_3_03571	gene	366				
CHQ_3_03571	CDS	366				hypothetical protein
CHQ_3_03572	gene	540				
CHQ_3_03572	CDS	540				hypothetical protein
CHQ_3_03573	gene	366				
CHQ_3_03573	CDS	366				hypothetical protein
CHQ_3_03574	gene	540				
CHQ_3_03574	CDS	540				hypothetical protein
CHQ_3_03575	gene	585				
CHQ_3_03575	CDS	585				hypothetical protein
CHQ_3_03576	gene	717	pdeH_3			
CHQ_3_03576	CDS	717	pdeH_3	3.1.4.52		Cyclic di-GMP phosphodiesterase PdeH
CHQ_3_03577	gene	651				
CHQ_3_03577	CDS	651				hypothetical protein
CHQ_3_03578	gene	975	mrkD_2			
CHQ_3_03578	CDS	975	mrkD_2			Fimbria adhesin protein
CHQ_3_03579	gene	2487	htrE_2			
CHQ_3_03579	CDS	2487	htrE_2		COG3188	Outer membrane usher protein HtrE
CHQ_3_03580	gene	702	yadV_2			
CHQ_3_03580	CDS	702	yadV_2			putative fimbrial chaperone YadV
CHQ_3_03581	gene	609				
CHQ_3_03581	CDS	609				hypothetical protein
CHQ_3_03582	gene	108				
CHQ_3_03582	CDS	108				hypothetical protein
CHQ_3_03583	gene	282				
CHQ_3_03583	CDS	282				IS21 family transposase ISEc62
CHQ_3_03584	gene	624	tktA_2			
CHQ_3_03584	CDS	624	tktA_2	2.2.1.1	COG0021	Transketolase 1
CHQ_3_03585	gene	1629	dmdB			
CHQ_3_03585	CDS	1629	dmdB	6.2.1.44	COG0318	3-methylmercaptopropionyl-CoA ligase
CHQ_3_03586	gene	1725				
CHQ_3_03586	CDS	1725				hypothetical protein
CHQ_3_03587	gene	1047	potD			
CHQ_3_03587	CDS	1047	potD		COG0687	Spermidine/putrescine-binding periplasmic protein
CHQ_3_03588	gene	786	ydcV_3			
CHQ_3_03588	CDS	786	ydcV_3			Inner membrane ABC transporter permease protein YdcV
CHQ_3_03589	gene	858	potB			
CHQ_3_03589	CDS	858	potB		COG1176	Spermidine/putrescine transport system permease protein PotB
CHQ_3_03590	gene	1137	potA_5			
CHQ_3_03590	CDS	1137	potA_5	7.6.2.11	COG3842	Spermidine/putrescine import ATP-binding protein PotA
CHQ_3_03591	gene	1233	pepT			
CHQ_3_03591	CDS	1233	pepT	3.4.11.4	COG2195	Peptidase T
CHQ_3_03592	gene	1122	roxA			
CHQ_3_03592	CDS	1122	roxA	1.14.11.47	COG2850	50S ribosomal protein L16 3-hydroxylase
CHQ_3_03593	gene	1467	phoQ			
CHQ_3_03593	CDS	1467	phoQ	2.7.13.3	COG0642	Sensor protein PhoQ
CHQ_3_03594	gene	672	phoP_2			
CHQ_3_03594	CDS	672	phoP_2			Transcriptional regulatory protein PhoP
CHQ_3_03595	gene	807				
CHQ_3_03595	CDS	807				hypothetical protein
CHQ_3_03596	gene	363				
CHQ_3_03596	CDS	363				hypothetical protein
CHQ_3_03597	gene	1371	purB			
CHQ_3_03597	CDS	1371	purB	4.3.2.2	COG0015	Adenylosuccinate lyase
CHQ_3_03598	gene	642	hflD			
CHQ_3_03598	CDS	642	hflD		COG2915	High frequency lysogenization protein HflD
CHQ_3_03599	gene	1167	mnmA			
CHQ_3_03599	CDS	1167	mnmA	2.8.1.13	COG0482	tRNA-specific 2-thiouridylase MnmA
CHQ_3_03600	gene	459	nudJ			
CHQ_3_03600	CDS	459	nudJ	3.6.1.-	COG0494	Phosphatase NudJ
CHQ_3_03601	gene	651	rluE			
CHQ_3_03601	CDS	651	rluE	5.4.99.20	COG1187	Ribosomal large subunit pseudouridine synthase E
CHQ_3_03602	gene	1251	icd_2			
CHQ_3_03602	CDS	1251	icd_2	1.1.1.42	COG0538	Isocitrate dehydrogenase [NADP]
CHQ_3_03603	gene	1143				
CHQ_3_03603	CDS	1143				hypothetical protein
CHQ_3_03604	gene	279				
CHQ_3_03604	CDS	279				hypothetical protein
CHQ_3_03605	gene	225				
CHQ_3_03605	CDS	225				hypothetical protein
CHQ_3_03606	gene	483				
CHQ_3_03606	CDS	483				hypothetical protein
CHQ_3_03607	gene	345				
CHQ_3_03607	CDS	345				hypothetical protein
CHQ_3_03608	gene	135				
CHQ_3_03608	CDS	135				hypothetical protein
CHQ_3_03609	gene	786				
CHQ_3_03609	CDS	786				hypothetical protein
CHQ_3_03610	gene	300				
CHQ_3_03610	CDS	300				hypothetical protein
CHQ_3_03611	gene	924				
CHQ_3_03611	CDS	924			COG3039	IS5 family transposase IS903
CHQ_3_03612	gene	408				
CHQ_3_03612	CDS	408				hypothetical protein
CHQ_3_03613	gene	276	merP_1			
CHQ_3_03613	CDS	276	merP_1			Mercuric transport protein periplasmic component
CHQ_3_03614	gene	426	merC_1			
CHQ_3_03614	CDS	426	merC_1			Mercuric transport protein MerC
CHQ_3_03615	gene	429				
CHQ_3_03615	CDS	429				hypothetical protein
CHQ_3_03616	gene	612				
CHQ_3_03616	CDS	612				hypothetical protein
CHQ_3_03617	gene	276	merP_2			
CHQ_3_03617	CDS	276	merP_2			Mercuric transport protein periplasmic component
CHQ_3_03618	gene	408	merC_2			
CHQ_3_03618	CDS	408	merC_2			Mercuric transport protein MerC
CHQ_3_03619	gene	1674				
CHQ_3_03619	CDS	1674				Tn3 family transposase ISSba14
CHQ_3_03620	gene	579				
CHQ_3_03620	CDS	579				Tn3 family transposase ISYps3
CHQ_3_03621	gene	1206	srpC_2			
CHQ_3_03621	CDS	1206	srpC_2		COG2059	putative chromate transport protein
CHQ_3_03622	gene	306				
CHQ_3_03622	CDS	306			COG1695	Transcriptional regulator
CHQ_3_03623	gene	699	arsH			
CHQ_3_03623	CDS	699	arsH	1.-.-.-	COG0431	NADPH-dependent FMN reductase ArsH
CHQ_3_03624	gene	321	arsR2			
CHQ_3_03624	CDS	321	arsR2		COG0640	Arsenic resistance transcriptional regulator ArsR2
CHQ_3_03625	gene	1368	arsB_3			
CHQ_3_03625	CDS	1368	arsB_3		COG1055	Arsenical pump membrane protein
CHQ_3_03626	gene	426	arsC_3			
CHQ_3_03626	CDS	426	arsC_3	1.20.4.1		Arsenate reductase
CHQ_3_03627	gene	279				
CHQ_3_03627	CDS	279				hypothetical protein
CHQ_3_03628	gene	252				
CHQ_3_03628	CDS	252				hypothetical protein
CHQ_3_03629	gene	768	fecE_2			
CHQ_3_03629	CDS	768	fecE_2		COG1120	Fe(3+) dicitrate transport ATP-binding protein FecE
CHQ_3_03630	gene	957	fecD			
CHQ_3_03630	CDS	957	fecD		COG0609	Fe(3+) dicitrate transport system permease protein FecD
CHQ_3_03631	gene	999	fecC			
CHQ_3_03631	CDS	999	fecC		COG0609	Fe(3+) dicitrate transport system permease protein FecC
CHQ_3_03632	gene	903	fecB			
CHQ_3_03632	CDS	903	fecB		COG4594	Fe(3+) dicitrate-binding periplasmic protein
CHQ_3_03633	gene	2325	fecA			
CHQ_3_03633	CDS	2325	fecA		COG4772	Fe(3+) dicitrate transport protein FecA
CHQ_3_03634	gene	954	fecR			
CHQ_3_03634	CDS	954	fecR		COG3712	Protein FecR
CHQ_3_03635	gene	522	fecI			
CHQ_3_03635	CDS	522	fecI		COG1595	putative RNA polymerase sigma factor FecI
CHQ_3_03636	gene	105				
CHQ_3_03636	CDS	105				hypothetical protein
CHQ_3_03637	gene	1218				
CHQ_3_03637	CDS	1218		3.5.3.3		Creatinase
CHQ_3_03638	gene	954	gcvA_5			
CHQ_3_03638	CDS	954	gcvA_5			Glycine cleavage system transcriptional activator
CHQ_3_03639	gene	849	glnH_4			
CHQ_3_03639	CDS	849	glnH_4		COG0834	Glutamine-binding periplasmic protein
CHQ_3_03640	gene	672	yecS_3			
CHQ_3_03640	CDS	672	yecS_3		COG0765	L-cystine transport system permease protein YecS
CHQ_3_03641	gene	663	yecS_4			
CHQ_3_03641	CDS	663	yecS_4		COG0765	L-cystine transport system permease protein YecS
CHQ_3_03642	gene	819	glnQ_7			
CHQ_3_03642	CDS	819	glnQ_7			Glutamine transport ATP-binding protein GlnQ
CHQ_3_03643	gene	966	ytfF_2			
CHQ_3_03643	CDS	966	ytfF_2			Inner membrane protein YtfF
CHQ_3_03644	gene	420				
CHQ_3_03644	CDS	420				hypothetical protein
CHQ_3_03645	gene	801	xerC_7			
CHQ_3_03645	CDS	801	xerC_7			Tyrosine recombinase XerC
CHQ_3_03646	gene	717				
CHQ_3_03646	CDS	717				hypothetical protein
CHQ_3_03647	gene	810				
CHQ_3_03647	CDS	810				hypothetical protein
CHQ_3_03648	gene	921				
CHQ_3_03648	CDS	921				hypothetical protein
CHQ_3_03649	gene	1089	pifC			
CHQ_3_03649	CDS	1089	pifC			Transcriptional repressor PifC
CHQ_3_03650	gene	1374				
CHQ_3_03650	CDS	1374				hypothetical protein
CHQ_3_03651	gene	1329				
CHQ_3_03651	CDS	1329				hypothetical protein
CHQ_3_03652	gene	576				
CHQ_3_03652	CDS	576				hypothetical protein
CHQ_3_03653	gene	231				
CHQ_3_03653	CDS	231				hypothetical protein
CHQ_3_03654	gene	402	vapC			
CHQ_3_03654	CDS	402	vapC	3.1.-.-	COG1487	tRNA(fMet)-specific endonuclease VapC
CHQ_3_03655	gene	1563				
CHQ_3_03655	CDS	1563				hypothetical protein
CHQ_3_03656	gene	1023				
CHQ_3_03656	CDS	1023				hypothetical protein
CHQ_3_03657	gene	996				
CHQ_3_03657	CDS	996				hypothetical protein
CHQ_3_03658	gene	126				
CHQ_3_03658	CDS	126				hypothetical protein
CHQ_3_03659	gene	351				
CHQ_3_03659	CDS	351				hypothetical protein
CHQ_3_03660	gene	432	silE_1			
CHQ_3_03660	CDS	432	silE_1			Silver-binding protein SilE
CHQ_3_03661	gene	1476	cusS			
CHQ_3_03661	CDS	1476	cusS	2.7.13.3	COG0642	Sensor histidine kinase CusS
CHQ_3_03662	gene	681	cusR			
CHQ_3_03662	CDS	681	cusR		COG0745	Transcriptional regulatory protein CusR
CHQ_3_03663	gene	1386	cusC_2			
CHQ_3_03663	CDS	1386	cusC_2		COG1538	Cation efflux system protein CusC
CHQ_3_03664	gene	354	cusF			
CHQ_3_03664	CDS	354	cusF		COG5569	Cation efflux system protein CusF
CHQ_3_03665	gene	1293	cusB			
CHQ_3_03665	CDS	1293	cusB			Cation efflux system protein CusB
CHQ_3_03666	gene	3147	cusA			
CHQ_3_03666	CDS	3147	cusA		COG3696	Cation efflux system protein CusA
CHQ_3_03667	gene	441				
CHQ_3_03667	CDS	441				hypothetical protein
CHQ_3_03668	gene	2457	silP			
CHQ_3_03668	CDS	2457	silP	7.2.2.15		Silver exporting P-type ATPase
CHQ_3_03669	gene	198				
CHQ_3_03669	CDS	198				hypothetical protein
CHQ_3_03670	gene	738	mepM_2			
CHQ_3_03670	CDS	738	mepM_2	3.4.24.-	COG0739	Murein DD-endopeptidase MepM
CHQ_3_03671	gene	450	silE_2			
CHQ_3_03671	CDS	450	silE_2			Silver-binding protein SilE
CHQ_3_03672	gene	1818	copA_2			
CHQ_3_03672	CDS	1818	copA_2			Copper resistance protein A
CHQ_3_03673	gene	897	copB			
CHQ_3_03673	CDS	897	copB			Copper resistance protein B
CHQ_3_03674	gene	381	pcoC			
CHQ_3_03674	CDS	381	pcoC		COG2372	Copper resistance protein C
CHQ_3_03675	gene	930	copD			
CHQ_3_03675	CDS	930	copD			Copper resistance protein D
CHQ_3_03676	gene	681	copR			
CHQ_3_03676	CDS	681	copR			Transcriptional activator protein CopR
CHQ_3_03677	gene	1401	sasA_3			
CHQ_3_03677	CDS	1401	sasA_3	2.7.-.-		Adaptive-response sensory-kinase SasA
CHQ_3_03678	gene	435	pcoE			
CHQ_3_03678	CDS	435	pcoE			putative copper-binding protein PcoE
CHQ_3_03679	gene	861	bla_2			
CHQ_3_03679	CDS	861	bla_2	3.5.2.6		Beta-lactamase SHV-2
CHQ_3_03680	gene	762	glpR_5			
CHQ_3_03680	CDS	762	glpR_5		COG1349	Glycerol-3-phosphate regulon repressor
CHQ_3_03681	gene	2898				
CHQ_3_03681	CDS	2898				Tn3 family transposase
CHQ_3_03682	gene	606	pinR			
CHQ_3_03682	CDS	606	pinR	3.1.22.-	COG1961	Serine recombinase PinR
CHQ_3_03683	gene	2088				
CHQ_3_03683	CDS	2088				hypothetical protein
CHQ_3_03684	gene	951				
CHQ_3_03684	CDS	951				hypothetical protein
CHQ_3_03685	gene	1308				
CHQ_3_03685	CDS	1308				hypothetical protein
CHQ_3_03686	gene	396				
CHQ_3_03686	CDS	396				hypothetical protein
CHQ_3_03687	gene	351				
CHQ_3_03687	CDS	351				hypothetical protein
CHQ_3_03688	gene	654				
CHQ_3_03688	CDS	654				hypothetical protein
CHQ_3_03689	gene	258	pemI			
CHQ_3_03689	CDS	258	pemI			Antitoxin PemI
CHQ_3_03690	gene	333	pemK			
CHQ_3_03690	CDS	333	pemK	3.1.-.-		Endoribonuclease PemK
CHQ_3_03691	gene	435	umuD_4			
CHQ_3_03691	CDS	435	umuD_4	3.4.21.-	COG1974	Protein UmuD
CHQ_3_03692	gene	546	umuC_4			
CHQ_3_03692	CDS	546	umuC_4		COG0389	Protein UmuC
CHQ_3_03693	gene	744	umuC_5			
CHQ_3_03693	CDS	744	umuC_5		COG0389	Protein UmuC
CHQ_3_03694	gene	210				
CHQ_3_03694	CDS	210				hypothetical protein
CHQ_3_03695	gene	219				
CHQ_3_03695	CDS	219				hypothetical protein
CHQ_3_03696	gene	684				
CHQ_3_03696	CDS	684				hypothetical protein
CHQ_3_03697	gene	258				
CHQ_3_03697	CDS	258				hypothetical protein
CHQ_3_03698	gene	1275				
CHQ_3_03698	CDS	1275				hypothetical protein
CHQ_3_03699	gene	357				
CHQ_3_03699	CDS	357				hypothetical protein
CHQ_3_03700	gene	579				
CHQ_3_03700	CDS	579				hypothetical protein
CHQ_3_03701	gene	408				
CHQ_3_03701	CDS	408				hypothetical protein
CHQ_3_03702	gene	546				
CHQ_3_03702	CDS	546				hypothetical protein
CHQ_3_03703	gene	471				
CHQ_3_03703	CDS	471				hypothetical protein
CHQ_3_03704	gene	249				
CHQ_3_03704	CDS	249				hypothetical protein
CHQ_3_03705	gene	588				
CHQ_3_03705	CDS	588				hypothetical protein
CHQ_3_03706	gene	486				
CHQ_3_03706	CDS	486				hypothetical protein
CHQ_3_03707	gene	249				
CHQ_3_03707	CDS	249				hypothetical protein
CHQ_3_03708	gene	741	xerC_8			
CHQ_3_03708	CDS	741	xerC_8			Tyrosine recombinase XerC
CHQ_3_03709	gene	975	parM_2			
CHQ_3_03709	CDS	975	parM_2			Plasmid segregation protein ParM
CHQ_3_03710	gene	444	stbB			
CHQ_3_03710	CDS	444	stbB			Protein StbB
CHQ_3_03711	gene	564				
CHQ_3_03711	CDS	564				hypothetical protein
CHQ_3_03712	gene	507				
CHQ_3_03712	CDS	507				hypothetical protein
CHQ_3_03713	gene	480				
CHQ_3_03713	CDS	480				hypothetical protein
CHQ_3_03714	gene	411				
CHQ_3_03714	CDS	411				hypothetical protein
CHQ_3_03715	gene	264				
CHQ_3_03715	CDS	264				hypothetical protein
CHQ_3_03716	gene	363				
CHQ_3_03716	CDS	363				hypothetical protein
CHQ_3_03717	gene	450				
CHQ_3_03717	CDS	450				hypothetical protein
CHQ_3_03718	gene	267				
CHQ_3_03718	CDS	267				hypothetical protein
CHQ_3_03719	gene	180				
CHQ_3_03719	CDS	180				hypothetical protein
CHQ_3_03720	gene	861				
CHQ_3_03720	CDS	861				hypothetical protein
CHQ_3_03721	gene	339				
CHQ_3_03721	CDS	339				hypothetical protein
CHQ_3_03722	gene	231	ymoA			
CHQ_3_03722	CDS	231	ymoA			Modulating protein YmoA
CHQ_3_03723	gene	114				
CHQ_3_03723	CDS	114				hypothetical protein
CHQ_3_03724	gene	411				
CHQ_3_03724	CDS	411				hypothetical protein
CHQ_3_03725	gene	306				
CHQ_3_03725	CDS	306				hypothetical protein
CHQ_3_03726	gene	441	klcA_3			
CHQ_3_03726	CDS	441	klcA_3			Antirestriction protein KlcA
CHQ_3_03727	gene	285				
CHQ_3_03727	CDS	285				hypothetical protein
CHQ_3_03728	gene	222				
CHQ_3_03728	CDS	222				hypothetical protein
CHQ_3_03729	gene	435				
CHQ_3_03729	CDS	435				Single-stranded DNA-binding protein
CHQ_3_03730	gene	312				
CHQ_3_03730	CDS	312				hypothetical protein
CHQ_3_03731	gene	537				
CHQ_3_03731	CDS	537				hypothetical protein
CHQ_3_03732	gene	141				
CHQ_3_03732	CDS	141				hypothetical protein
CHQ_3_03733	gene	366				
CHQ_3_03733	CDS	366				hypothetical protein
CHQ_3_03734	gene	1980	traI_2			
CHQ_3_03734	CDS	1980	traI_2			Protein TraI
CHQ_3_03735	gene	501				
CHQ_3_03735	CDS	501				hypothetical protein
CHQ_3_03736	gene	780				
CHQ_3_03736	CDS	780				hypothetical protein
CHQ_3_03737	gene	1164				
CHQ_3_03737	CDS	1164				hypothetical protein
CHQ_3_03738	gene	261				
CHQ_3_03738	CDS	261				hypothetical protein
CHQ_3_03739	gene	3306				
CHQ_3_03739	CDS	3306				hypothetical protein
CHQ_3_03740	gene	537				
CHQ_3_03740	CDS	537				hypothetical protein
CHQ_3_03741	gene	411				
CHQ_3_03741	CDS	411				hypothetical protein
CHQ_3_03742	gene	714				
CHQ_3_03742	CDS	714				hypothetical protein
CHQ_3_03743	gene	1152				
CHQ_3_03743	CDS	1152				hypothetical protein
CHQ_3_03744	gene	1350				
CHQ_3_03744	CDS	1350				hypothetical protein
CHQ_3_03745	gene	705				
CHQ_3_03745	CDS	705				hypothetical protein
CHQ_3_03746	gene	531				
CHQ_3_03746	CDS	531				hypothetical protein
CHQ_3_03747	gene	390				
CHQ_3_03747	CDS	390				hypothetical protein
CHQ_3_03748	gene	495				
CHQ_3_03748	CDS	495				hypothetical protein
CHQ_3_03749	gene	3051				
CHQ_3_03749	CDS	3051				hypothetical protein
CHQ_3_03750	gene	1209				
CHQ_3_03750	CDS	1209				hypothetical protein
CHQ_3_03751	gene	651				
CHQ_3_03751	CDS	651				hypothetical protein
CHQ_3_03752	gene	2181				
CHQ_3_03752	CDS	2181				hypothetical protein
CHQ_3_03753	gene	654				
CHQ_3_03753	CDS	654				hypothetical protein
CHQ_3_03754	gene	231				
CHQ_3_03754	CDS	231				hypothetical protein
CHQ_3_03755	gene	1056	repA			
CHQ_3_03755	CDS	1056	repA			Replication initiation protein
CHQ_3_03756	gene	1014	xerC_9			
CHQ_3_03756	CDS	1014	xerC_9			Tyrosine recombinase XerC
CHQ_3_03757	gene	648	aadB			
CHQ_3_03757	CDS	648	aadB	2.7.7.46		2''-aminoglycoside nucleotidyltransferase
CHQ_3_03758	gene	789	aphA_2			
CHQ_3_03758	CDS	789	aphA_2	2.7.1.95		Aminoglycoside 3'-phosphotransferase
CHQ_3_03759	gene	858	ant1			
CHQ_3_03759	CDS	858	ant1	2.7.7.47		Streptomycin 3''-adenylyltransferase
CHQ_3_03760	gene	828	bla_3			
CHQ_3_03760	CDS	828	bla_3	3.5.2.6		Beta-lactamase OXA-2
CHQ_3_03761	gene	348	emrE			
CHQ_3_03761	CDS	348	emrE		COG2076	Multidrug transporter EmrE
CHQ_3_03762	gene	840	folP_1			
CHQ_3_03762	CDS	840	folP_1	2.5.1.15	COG0294	Dihydropteroate synthase
CHQ_3_03763	gene	501				
CHQ_3_03763	CDS	501				hypothetical protein
CHQ_3_03764	gene	765				
CHQ_3_03764	CDS	765				IS6 family transposase IS6100
CHQ_3_03765	gene	213				
CHQ_3_03765	CDS	213				hypothetical protein
CHQ_3_03766	gene	237				
CHQ_3_03766	CDS	237				hypothetical protein
CHQ_3_03767	gene	366				
CHQ_3_03767	CDS	366				hypothetical protein
CHQ_3_03768	gene	267	merA			
CHQ_3_03768	CDS	267	merA	1.16.1.1		Mercuric reductase
CHQ_3_03769	gene	1269	oprD			
CHQ_3_03769	CDS	1269	oprD	3.4.21.-		Porin D
CHQ_3_03770	gene	1641	ilvB_2			
CHQ_3_03770	CDS	1641	ilvB_2	2.2.1.6	COG0028	Acetolactate synthase isozyme 1 large subunit
CHQ_3_03771	gene	1470	betB_1			
CHQ_3_03771	CDS	1470	betB_1	1.2.1.8	COG1012	NAD/NADP-dependent betaine aldehyde dehydrogenase
CHQ_3_03772	gene	765	nadX			
CHQ_3_03772	CDS	765	nadX	1.4.1.21	COG1712	L-aspartate dehydrogenase
CHQ_3_03773	gene	795	baiA1			
CHQ_3_03773	CDS	795	baiA1	1.1.1.395		3alpha-hydroxy bile acid-CoA-ester 3-dehydrogenase 1/3
CHQ_3_03774	gene	771	menH_5			
CHQ_3_03774	CDS	771	menH_5	4.2.99.20		2-succinyl-6-hydroxy-2,4-cyclohexadiene-1-carboxylate synthase
CHQ_3_03775	gene	531				
CHQ_3_03775	CDS	531				hypothetical protein
CHQ_3_03776	gene	1257	sauU			
CHQ_3_03776	CDS	1257	sauU			putative sulfoacetate transporter SauU
CHQ_3_03777	gene	1197	cmtAa			
CHQ_3_03777	CDS	1197	cmtAa	1.18.1.3	COG0446	p-cumate 2,3-dioxygenase system, ferredoxin--NAD(+) reductase component
CHQ_3_03778	gene	927				
CHQ_3_03778	CDS	927				hypothetical protein
CHQ_3_03779	gene	789	pcaR_3			
CHQ_3_03779	CDS	789	pcaR_3		COG1414	Pca regulon regulatory protein
CHQ_3_03780	gene	750	pldh-t			
CHQ_3_03780	CDS	750	pldh-t	1.1.1.107		Pyridoxal 4-dehydrogenase
CHQ_3_03781	gene	1023				
CHQ_3_03781	CDS	1023				hypothetical protein
CHQ_3_03782	gene	309				
CHQ_3_03782	CDS	309				hypothetical protein
CHQ_3_03783	gene	324	doxA			
CHQ_3_03783	CDS	324	doxA			Naphthalene 1,2-dioxygenase system, ferredoxin component
CHQ_3_03784	gene	1221	lgoT_2			
CHQ_3_03784	CDS	1221	lgoT_2			putative L-galactonate transporter
CHQ_3_03785	gene	921	speB			
CHQ_3_03785	CDS	921	speB	3.5.3.11	COG0010	Agmatinase
CHQ_3_03786	gene	1977	speA			
CHQ_3_03786	CDS	1977	speA	4.1.1.19	COG1166	Biosynthetic arginine decarboxylase
CHQ_3_03787	gene	1155	metK			
CHQ_3_03787	CDS	1155	metK	2.5.1.6	COG0192	S-adenosylmethionine synthase
CHQ_3_03788	gene	1395	galP			
CHQ_3_03788	CDS	1395	galP			Galactose-proton symporter
CHQ_3_03789	gene	459	sprT			
CHQ_3_03789	CDS	459	sprT			Protein SprT
CHQ_3_03790	gene	708	endA			
CHQ_3_03790	CDS	708	endA	3.1.21.1	COG2356	Endonuclease-1
CHQ_3_03791	gene	732	rsmE			
CHQ_3_03791	CDS	732	rsmE	2.1.1.193	COG1385	Ribosomal RNA small subunit methyltransferase E
CHQ_3_03792	gene	951	gshB			
CHQ_3_03792	CDS	951	gshB	6.3.2.3	COG0189	Glutathione synthetase
CHQ_3_03793	gene	564				
CHQ_3_03793	CDS	564				hypothetical protein
CHQ_3_03794	gene	417	yqgF			
CHQ_3_03794	CDS	417	yqgF	3.1.-.-	COG0816	Putative pre-16S rRNA nuclease
CHQ_3_03795	gene	654	csgD			
CHQ_3_03795	CDS	654	csgD		COG2771	CsgBAC operon transcriptional regulatory protein
CHQ_3_03796	gene	981	yggR			
CHQ_3_03796	CDS	981	yggR		COG2805	putative protein YggR
CHQ_3_03797	gene	702	yggS			
CHQ_3_03797	CDS	702	yggS		COG0325	Pyridoxal phosphate homeostasis protein
CHQ_3_03798	gene	567				
CHQ_3_03798	CDS	567				hypothetical protein
CHQ_3_03799	gene	291				
CHQ_3_03799	CDS	291				hypothetical protein
CHQ_3_03800	gene	594	rdgB			
CHQ_3_03800	CDS	594	rdgB	3.6.1.66	COG0127	dITP/XTP pyrophosphatase
CHQ_3_03801	gene	1137	hemW			
CHQ_3_03801	CDS	1137	hemW		COG0635	Heme chaperone HemW
CHQ_3_03802	gene	987				
CHQ_3_03802	CDS	987			COG1638	Solute-binding protein
CHQ_3_03803	gene	510	siaQ			
CHQ_3_03803	CDS	510	siaQ		COG3090	Sialic acid TRAP transporter small permease protein SiaQ
CHQ_3_03804	gene	1302	dctM			
CHQ_3_03804	CDS	1302	dctM		COG1593	C4-dicarboxylate TRAP transporter large permease protein DctM
CHQ_3_03805	gene	717				
CHQ_3_03805	CDS	717				hypothetical protein
CHQ_3_03806	gene	327				
CHQ_3_03806	CDS	327			COG3171	putative protein
CHQ_3_03807	gene	720	trmB			
CHQ_3_03807	CDS	720	trmB	2.1.1.33	COG0220	tRNA (guanine-N(7)-)-methyltransferase
CHQ_3_03808	gene	1059	mutY			
CHQ_3_03808	CDS	1059	mutY	3.2.2.31	COG1194	Adenine DNA glycosylase
CHQ_3_03809	gene	276	yggX			
CHQ_3_03809	CDS	276	yggX		COG2924	putative Fe(2+)-trafficking protein
CHQ_3_03810	gene	1086	mltC			
CHQ_3_03810	CDS	1086	mltC	4.2.2.-	COG0741	Membrane-bound lytic murein transglycosylase C
CHQ_3_03811	gene	1254	nupG			
CHQ_3_03811	CDS	1254	nupG			Nucleoside permease NupG
CHQ_3_03812	gene	2139	speC			
CHQ_3_03812	CDS	2139	speC	4.1.1.17	COG1982	Constitutive ornithine decarboxylase
CHQ_3_03813	gene	714	ydfK			
CHQ_3_03813	CDS	714	ydfK		COG1811	putative membrane protein YdfK
CHQ_3_03814	gene	76				
CHQ_3_03814	tRNA	76				tRNA-Phe(gaa)
CHQ_3_03815	gene	1377	cbs			
CHQ_3_03815	CDS	1377	cbs	4.2.1.22	COG0031	Putative cystathionine beta-synthase
CHQ_3_03816	gene	1149	metC_1			
CHQ_3_03816	CDS	1149	metC_1	4.4.1.13	COG0626	Cystathionine beta-lyase
CHQ_3_03817	gene	912	dmlR_13			
CHQ_3_03817	CDS	912	dmlR_13			HTH-type transcriptional regulator DmlR
CHQ_3_03818	gene	603				
CHQ_3_03818	CDS	603				hypothetical protein
CHQ_3_03819	gene	339				
CHQ_3_03819	CDS	339				hypothetical protein
CHQ_3_03820	gene	189				
CHQ_3_03820	CDS	189				hypothetical protein
CHQ_3_03821	gene	90				
CHQ_3_03821	CDS	90				hypothetical protein
CHQ_3_03822	gene	1182	lysN_2			
CHQ_3_03822	CDS	1182	lysN_2	2.6.1.39	COG1167	2-aminoadipate transaminase
CHQ_3_03823	gene	1866	gss			
CHQ_3_03823	CDS	1866	gss		COG0754	Bifunctional glutathionylspermidine synthetase/amidase
CHQ_3_03824	gene	561				
CHQ_3_03824	CDS	561				hypothetical protein
CHQ_3_03825	gene	867	yghU			
CHQ_3_03825	CDS	867	yghU	1.8.4.-	COG0625	Disulfide-bond oxidoreductase YghU
CHQ_3_03826	gene	288				
CHQ_3_03826	CDS	288				hypothetical protein
CHQ_3_03827	gene	888				
CHQ_3_03827	CDS	888				hypothetical protein
CHQ_3_03828	gene	495				
CHQ_3_03828	CDS	495				hypothetical protein
CHQ_3_03829	gene	426	exbD			
CHQ_3_03829	CDS	426	exbD		COG0848	Biopolymer transport protein ExbD
CHQ_3_03830	gene	732	exbB			
CHQ_3_03830	CDS	732	exbB		COG0811	Biopolymer transport protein ExbB
CHQ_3_03831	gene	1188	metC_2			
CHQ_3_03831	CDS	1188	metC_2	4.4.1.13	COG0626	Cystathionine beta-lyase MetC
CHQ_3_03832	gene	660	yghB			
CHQ_3_03832	CDS	660	yghB		COG0586	Inner membrane protein YghB
CHQ_3_03833	gene	906	rhaS_9			
CHQ_3_03833	CDS	906	rhaS_9			HTH-type transcriptional activator RhaS
CHQ_3_03834	gene	1164	yqhD			
CHQ_3_03834	CDS	1164	yqhD	1.1.1.-	COG1979	Alcohol dehydrogenase YqhD
CHQ_3_03835	gene	828	dkgA			
CHQ_3_03835	CDS	828	dkgA	1.1.1.274	COG0656	2,5-diketo-D-gluconic acid reductase A
CHQ_3_03836	gene	2184				
CHQ_3_03836	CDS	2184				hypothetical protein
CHQ_3_03837	gene	1413	ftsP			
CHQ_3_03837	CDS	1413	ftsP		COG2132	Cell division protein FtsP
CHQ_3_03838	gene	738	plsC			
CHQ_3_03838	CDS	738	plsC	2.3.1.51	COG0204	1-acyl-sn-glycerol-3-phosphate acyltransferase
CHQ_3_03839	gene	2259	parC			
CHQ_3_03839	CDS	2259	parC	5.6.2.2	COG0188	DNA topoisomerase 4 subunit A
CHQ_3_03840	gene	870	rhaS_10			
CHQ_3_03840	CDS	870	rhaS_10			HTH-type transcriptional activator RhaS
CHQ_3_03841	gene	408	ygiW_2			
CHQ_3_03841	CDS	408	ygiW_2		COG3111	Protein YgiW
CHQ_3_03842	gene	660	qseB			
CHQ_3_03842	CDS	660	qseB			Transcriptional regulatory protein QseB
CHQ_3_03843	gene	1350	qseC			
CHQ_3_03843	CDS	1350	qseC	2.7.13.3		Sensor protein QseC
CHQ_3_03844	gene	582	mdaB			
CHQ_3_03844	CDS	582	mdaB	1.6.5.10	COG2249	NADPH:quinone oxidoreductase MdaB
CHQ_3_03845	gene	315	ygiN			
CHQ_3_03845	CDS	315	ygiN	1.-.-.-	COG1359	putative quinol monooxygenase YgiN
CHQ_3_03846	gene	1896	parE			
CHQ_3_03846	CDS	1896	parE	5.6.2.2	COG0187	DNA topoisomerase 4 subunit B
CHQ_3_03847	gene	576				
CHQ_3_03847	CDS	576				hypothetical protein
CHQ_3_03848	gene	828	cpdA_2			
CHQ_3_03848	CDS	828	cpdA_2	3.1.4.53	COG1409	3',5'-cyclic adenosine monophosphate phosphodiesterase CpdA
CHQ_3_03849	gene	423				
CHQ_3_03849	CDS	423				hypothetical protein
CHQ_3_03850	gene	633	nudF			
CHQ_3_03850	CDS	633	nudF	3.6.1.13		ADP-ribose pyrophosphatase
CHQ_3_03851	gene	1461	tolC			
CHQ_3_03851	CDS	1461	tolC			Outer membrane protein TolC
CHQ_3_03852	gene	672				
CHQ_3_03852	CDS	672				hypothetical protein
CHQ_3_03853	gene	1161	ygiC			
CHQ_3_03853	CDS	1161	ygiC	6.3.1.-	COG0754	Putative acid--amine ligase YgiC
CHQ_3_03854	gene	792	ygiD			
CHQ_3_03854	CDS	792	ygiD	1.13.11.29	COG3384	4,5-DOPA dioxygenase extradiol
CHQ_3_03855	gene	771	zupT			
CHQ_3_03855	CDS	771	zupT		COG0428	Zinc transporter ZupT
CHQ_3_03856	gene	654	ribB			
CHQ_3_03856	CDS	654	ribB	4.1.99.12	COG0108	3,4-dihydroxy-2-butanone 4-phosphate synthase
CHQ_3_03857	gene	273	ubiK			
CHQ_3_03857	CDS	273	ubiK		COG2960	Ubiquinone biosynthesis accessory factor UbiK
CHQ_3_03858	gene	198	glgS_2			
CHQ_3_03858	CDS	198	glgS_2			Surface composition regulator
CHQ_3_03859	gene	1434	hldE			
CHQ_3_03859	CDS	1434	hldE		COG2870	Bifunctional protein HldE
CHQ_3_03860	gene	2838	glnE			
CHQ_3_03860	CDS	2838	glnE		COG1391	Bifunctional glutamine synthetase adenylyltransferase/adenylyl-removing enzyme
CHQ_3_03861	gene	1299	ygiF			
CHQ_3_03861	CDS	1299	ygiF	3.6.1.25	COG3025	Inorganic triphosphatase
CHQ_3_03862	gene	621				
CHQ_3_03862	CDS	621				hypothetical protein
CHQ_3_03863	gene	1242	cca			
CHQ_3_03863	CDS	1242	cca		COG0617	Multifunctional CCA protein
CHQ_3_03864	gene	822	uppP			
CHQ_3_03864	CDS	822	uppP	3.6.1.27	COG1968	Undecaprenyl-diphosphatase
CHQ_3_03865	gene	384	folB			
CHQ_3_03865	CDS	384	folB	4.1.2.25	COG1539	Dihydroneopterin aldolase
CHQ_3_03866	gene	618	plsY			
CHQ_3_03866	CDS	618	plsY	2.3.1.15	COG0344	putative glycerol-3-phosphate acyltransferase
CHQ_3_03867	gene	825	ureD			
CHQ_3_03867	CDS	825	ureD			Urease accessory protein UreD
CHQ_3_03868	gene	303	ureA			
CHQ_3_03868	CDS	303	ureA	3.5.1.5		Urease subunit gamma
CHQ_3_03869	gene	321	ureB			
CHQ_3_03869	CDS	321	ureB	3.5.1.5		Urease subunit beta
CHQ_3_03870	gene	1704	ureC			
CHQ_3_03870	CDS	1704	ureC	3.5.1.5		Urease subunit alpha
CHQ_3_03871	gene	477	ureE			
CHQ_3_03871	CDS	477	ureE			Urease accessory protein UreE
CHQ_3_03872	gene	711	ureF			
CHQ_3_03872	CDS	711	ureF			Urease accessory protein UreF
CHQ_3_03873	gene	618	ureG			
CHQ_3_03873	CDS	618	ureG			Urease accessory protein UreG
CHQ_3_03874	gene	1608				
CHQ_3_03874	CDS	1608				hypothetical protein
CHQ_3_03875	gene	1014	tsaD			
CHQ_3_03875	CDS	1014	tsaD	2.3.1.234	COG0533	tRNA N6-adenosine threonylcarbamoyltransferase
CHQ_3_03876	gene	216	rpsU			
CHQ_3_03876	CDS	216	rpsU		COG0828	30S ribosomal protein S21
CHQ_3_03877	gene	1746	dnaG			
CHQ_3_03877	CDS	1746	dnaG	2.7.7.-	COG0358	DNA primase
CHQ_3_03878	gene	1842	rpoD			
CHQ_3_03878	CDS	1842	rpoD		COG0568	RNA polymerase sigma factor RpoD
CHQ_3_03879	gene	507	mug			
CHQ_3_03879	CDS	507	mug	3.2.2.28	COG3663	G/U mismatch-specific DNA glycosylase
CHQ_3_03880	gene	76				
CHQ_3_03880	tRNA	76				tRNA-Met(cat)
CHQ_3_03881	gene	198				
CHQ_3_03881	CDS	198				hypothetical protein
CHQ_3_03882	gene	177				
CHQ_3_03882	CDS	177				IS3 family transposase ISYpe1
CHQ_3_03883	gene	150				
CHQ_3_03883	CDS	150				hypothetical protein
CHQ_3_03884	gene	363				
CHQ_3_03884	CDS	363				hypothetical protein
CHQ_3_03885	gene	315	hdeB_1			
CHQ_3_03885	CDS	315	hdeB_1			Acid stress chaperone HdeB
CHQ_3_03886	gene	615	evgA			
CHQ_3_03886	CDS	615	evgA			DNA-binding transcriptional activator EvgA
CHQ_3_03887	gene	3243	rcsC_4			
CHQ_3_03887	CDS	3243	rcsC_4	2.7.13.3		Sensor histidine kinase RcsC
CHQ_3_03888	gene	633	yfdX			
CHQ_3_03888	CDS	633	yfdX			Protein YfdX
CHQ_3_03889	gene	576	hdeD			
CHQ_3_03889	CDS	576	hdeD		COG3247	Protein HdeD
CHQ_3_03890	gene	306	hdeB_2			
CHQ_3_03890	CDS	306	hdeB_2			Acid stress chaperone HdeB
CHQ_3_03891	gene	1926	dhaR			
CHQ_3_03891	CDS	1926	dhaR		COG3284	PTS-dependent dihydroxyacetone kinase operon regulatory protein
CHQ_3_03892	gene	1098	dhaD			
CHQ_3_03892	CDS	1098	dhaD	1.1.1.6		Glycerol dehydrogenase
CHQ_3_03893	gene	1071	dhaK_1			
CHQ_3_03893	CDS	1071	dhaK_1	2.7.1.121	COG2376	PEP-dependent dihydroxyacetone kinase, dihydroxyacetone-binding subunit DhaK
CHQ_3_03894	gene	633	dhaL			
CHQ_3_03894	CDS	633	dhaL	2.7.1.121	COG2376	PEP-dependent dihydroxyacetone kinase, ADP-binding subunit DhaL
CHQ_3_03895	gene	1422	dhaM			
CHQ_3_03895	CDS	1422	dhaM	2.7.1.121	COG1080	PEP-dependent dihydroxyacetone kinase, phosphoryl donor subunit DhaM
CHQ_3_03896	gene	1650	dhaK_2			
CHQ_3_03896	CDS	1650	dhaK_2	2.7.1.29		Dihydroxyacetone kinase
CHQ_3_03897	gene	777	yqjH			
CHQ_3_03897	CDS	777	yqjH	1.16.1.9	COG2375	NADPH-dependent ferric-chelate reductase
CHQ_3_03898	gene	555	yqjI			
CHQ_3_03898	CDS	555	yqjI		COG1695	Transcriptional regulator YqjI
CHQ_3_03899	gene	1380	patA			
CHQ_3_03899	CDS	1380	patA	2.6.1.82	COG4992	Putrescine aminotransferase
CHQ_3_03900	gene	297	lsrG			
CHQ_3_03900	CDS	297	lsrG	5.3.1.32	COG1359	(4S)-4-hydroxy-5-phosphonooxypentane-2,3-dione isomerase
CHQ_3_03901	gene	888	lsrF_1			
CHQ_3_03901	CDS	888	lsrF_1	2.3.1.245	COG1830	3-hydroxy-5-phosphonooxypentane-2,4-dione thiolase
CHQ_3_03902	gene	1014	lsrB_2			
CHQ_3_03902	CDS	1014	lsrB_2			Autoinducer 2-binding protein LsrB
CHQ_3_03903	gene	1005	lsrD_2			
CHQ_3_03903	CDS	1005	lsrD_2			Autoinducer 2 import system permease protein LsrD
CHQ_3_03904	gene	1035	lsrC			
CHQ_3_03904	CDS	1035	lsrC		COG1172	Autoinducer 2 import system permease protein LsrC
CHQ_3_03905	gene	1488	lsrA			
CHQ_3_03905	CDS	1488	lsrA	3.6.3.-	COG1129	Autoinducer 2 import ATP-binding protein LsrA
CHQ_3_03906	gene	972	lsrR			
CHQ_3_03906	CDS	972	lsrR		COG2390	Transcriptional regulator LsrR
CHQ_3_03907	gene	1599	lsrK			
CHQ_3_03907	CDS	1599	lsrK	2.7.1.189	COG1070	Autoinducer-2 kinase
CHQ_3_03908	gene	2022	fadH			
CHQ_3_03908	CDS	2022	fadH	1.3.1.34	COG0446	2,4-dienoyl-CoA reductase
CHQ_3_03909	gene	1131	rlmG			
CHQ_3_03909	CDS	1131	rlmG	2.1.1.174	COG2813	Ribosomal RNA large subunit methyltransferase G
CHQ_3_03910	gene	708				
CHQ_3_03910	CDS	708				hypothetical protein
CHQ_3_03911	gene	603				
CHQ_3_03911	CDS	603				hypothetical protein
CHQ_3_03912	gene	501	ygjP			
CHQ_3_03912	CDS	501	ygjP	3.6.1.-	COG1451	UTP pyrophosphatase
CHQ_3_03913	gene	990	iolU_2			
CHQ_3_03913	CDS	990	iolU_2	1.1.1.371	COG0673	scyllo-inositol 2-dehydrogenase (NADP(+)) IolU
CHQ_3_03914	gene	972	alx			
CHQ_3_03914	CDS	972	alx		COG0861	Putative membrane-bound redox modulator Alx
CHQ_3_03915	gene	1248	sstT			
CHQ_3_03915	CDS	1248	sstT		COG3633	Serine/threonine transporter SstT
CHQ_3_03916	gene	555	ygjV			
CHQ_3_03916	CDS	555	ygjV			Inner membrane protein YgjV
CHQ_3_03917	gene	1488	uxaA			
CHQ_3_03917	CDS	1488	uxaA	4.2.1.7	COG2721	Altronate dehydratase
CHQ_3_03918	gene	1413	uxaC			
CHQ_3_03918	CDS	1413	uxaC	5.3.1.12	COG1904	Uronate isomerase
CHQ_3_03919	gene	1302	exuT_1			
CHQ_3_03919	CDS	1302	exuT_1			Hexuronate transporter
CHQ_3_03920	gene	777	lldR_3			
CHQ_3_03920	CDS	777	lldR_3		COG2186	Putative L-lactate dehydrogenase operon regulatory protein
CHQ_3_03921	gene	663	yqjA			
CHQ_3_03921	CDS	663	yqjA		COG0586	Inner membrane protein YqjA
CHQ_3_03922	gene	387	mzrA			
CHQ_3_03922	CDS	387	mzrA			Modulator protein MzrA
CHQ_3_03923	gene	369	yqjC			
CHQ_3_03923	CDS	369	yqjC			Protein YqjC
CHQ_3_03924	gene	306	yqjD			
CHQ_3_03924	CDS	306	yqjD		COG4575	putative protein YqjD
CHQ_3_03925	gene	399	yqjE			
CHQ_3_03925	CDS	399	yqjE		COG5393	Inner membrane protein YqjE
CHQ_3_03926	gene	297				
CHQ_3_03926	CDS	297				hypothetical protein
CHQ_3_03927	gene	393	yqjF			
CHQ_3_03927	CDS	393	yqjF		COG2259	Inner membrane protein YqjF
CHQ_3_03928	gene	987	yqjG			
CHQ_3_03928	CDS	987	yqjG	1.8.5.7	COG0435	Glutathionyl-hydroquinone reductase YqjG
CHQ_3_03929	gene	369	yhaH			
CHQ_3_03929	CDS	369	yhaH		COG3152	Inner membrane protein YhaH
CHQ_3_03930	gene	897	yhaJ_3			
CHQ_3_03930	CDS	897	yhaJ_3			HTH-type transcriptional regulator YhaJ
CHQ_3_03931	gene	702	yhaK			
CHQ_3_03931	CDS	702	yhaK		COG1741	Pirin-like protein YhaK
CHQ_3_03932	gene	168				
CHQ_3_03932	CDS	168				hypothetical protein
CHQ_3_03933	gene	411				
CHQ_3_03933	CDS	411				hypothetical protein
CHQ_3_03934	gene	465				
CHQ_3_03934	CDS	465				hypothetical protein
CHQ_3_03935	gene	891	garR			
CHQ_3_03935	CDS	891	garR	1.1.1.60	COG2084	2-hydroxy-3-oxopropionate reductase
CHQ_3_03936	gene	771	garL			
CHQ_3_03936	CDS	771	garL	4.1.2.20	COG3836	5-keto-4-deoxy-D-glucarate aldolase
CHQ_3_03937	gene	1572	garD			
CHQ_3_03937	CDS	1572	garD	4.2.1.42	COG2721	Galactarate dehydratase (L-threo-forming)
CHQ_3_03938	gene	951				
CHQ_3_03938	CDS	951		2.7.1.101	COG0524	Tagatose kinase
CHQ_3_03939	gene	840	srlR_3			
CHQ_3_03939	CDS	840	srlR_3		COG1349	Glucitol operon repressor
CHQ_3_03940	gene	855	gatY			
CHQ_3_03940	CDS	855	gatY	4.1.2.40		D-tagatose-1,6-bisphosphate aldolase subunit GatY
CHQ_3_03941	gene	915	lacC_1			
CHQ_3_03941	CDS	915	lacC_1	2.7.1.144	COG1105	Tagatose-6-phosphate kinase
CHQ_3_03942	gene	1413	fruA_2			
CHQ_3_03942	CDS	1413	fruA_2		COG1299	PTS system fructose-specific EIIABC component
CHQ_3_03943	gene	816				
CHQ_3_03943	CDS	816				hypothetical protein
CHQ_3_03944	gene	1272	gatZ			
CHQ_3_03944	CDS	1272	gatZ		COG4573	D-tagatose-1,6-bisphosphate aldolase subunit GatZ
CHQ_3_03945	gene	468	gatA			
CHQ_3_03945	CDS	468	gatA		COG1762	PTS system galactitol-specific EIIA component
CHQ_3_03946	gene	285	gatB			
CHQ_3_03946	CDS	285	gatB	2.7.1.200	COG3414	PTS system galactitol-specific EIIB component
CHQ_3_03947	gene	1383	gatC_1			
CHQ_3_03947	CDS	1383	gatC_1		COG3775	PTS system galactitol-specific EIIC component
CHQ_3_03948	gene	1044	gatD			
CHQ_3_03948	CDS	1044	gatD	1.1.1.251	COG1063	Galactitol 1-phosphate 5-dehydrogenase
CHQ_3_03949	gene	774	srlR_4			
CHQ_3_03949	CDS	774	srlR_4		COG1349	Glucitol operon repressor
CHQ_3_03950	gene	864	rsmI			
CHQ_3_03950	CDS	864	rsmI	2.1.1.198	COG0313	Ribosomal RNA small subunit methyltransferase I
CHQ_3_03951	gene	2103	lpoA			
CHQ_3_03951	CDS	2103	lpoA		COG3107	Penicillin-binding protein activator LpoA
CHQ_3_03952	gene	387				
CHQ_3_03952	CDS	387				hypothetical protein
CHQ_3_03953	gene	591	diaA			
CHQ_3_03953	CDS	591	diaA		COG0279	DnaA initiator-associating protein DiaA
CHQ_3_03954	gene	576	osmY_2			
CHQ_3_03954	CDS	576	osmY_2		COG2823	Osmotically-inducible protein Y
CHQ_3_03955	gene	1041				
CHQ_3_03955	CDS	1041				hypothetical protein
CHQ_3_03956	gene	648				
CHQ_3_03956	CDS	648				hypothetical protein
CHQ_3_03957	gene	537	yhbO			
CHQ_3_03957	CDS	537	yhbO	3.1.2.-	COG0693	Protein/nucleic acid deglycase 2
CHQ_3_03958	gene	444				
CHQ_3_03958	CDS	444				hypothetical protein
CHQ_3_03959	gene	321				
CHQ_3_03959	CDS	321				hypothetical protein
CHQ_3_03960	gene	504				
CHQ_3_03960	CDS	504				hypothetical protein
CHQ_3_03961	gene	525	ubiJ_2			
CHQ_3_03961	CDS	525	ubiJ_2			Ubiquinone biosynthesis accessory factor UbiJ
CHQ_3_03962	gene	996	yhbU			
CHQ_3_03962	CDS	996	yhbU	3.4.-.-	COG0826	putative protease YhbU
CHQ_3_03963	gene	879				
CHQ_3_03963	CDS	879				hypothetical protein
CHQ_3_03964	gene	1008				
CHQ_3_03964	CDS	1008				hypothetical protein
CHQ_3_03965	gene	1245	mtr			
CHQ_3_03965	CDS	1245	mtr		COG0814	Tryptophan-specific transport protein
CHQ_3_03966	gene	1932	deaD			
CHQ_3_03966	CDS	1932	deaD	3.6.4.13	COG0513	ATP-dependent RNA helicase DeaD
CHQ_3_03967	gene	885	nlpI			
CHQ_3_03967	CDS	885	nlpI		COG4785	Lipoprotein NlpI
CHQ_3_03968	gene	2136	pnp			
CHQ_3_03968	CDS	2136	pnp	2.7.7.8	COG1185	Polyribonucleotide nucleotidyltransferase
CHQ_3_03969	gene	270	rpsO			
CHQ_3_03969	CDS	270	rpsO		COG0184	30S ribosomal protein S15
CHQ_3_03970	gene	945	truB			
CHQ_3_03970	CDS	945	truB	5.4.99.25	COG0130	tRNA pseudouridine synthase B
CHQ_3_03971	gene	402	rbfA			
CHQ_3_03971	CDS	402	rbfA		COG0858	30S ribosome-binding factor
CHQ_3_03972	gene	2691	infB			
CHQ_3_03972	CDS	2691	infB		COG0532	Translation initiation factor IF-2
CHQ_3_03973	gene	1488	nusA			
CHQ_3_03973	CDS	1488	nusA		COG0195	Transcription termination/antitermination protein NusA
CHQ_3_03974	gene	423	rimP			
CHQ_3_03974	CDS	423	rimP		COG0779	Ribosome maturation factor RimP
CHQ_3_03975	gene	77				
CHQ_3_03975	tRNA	77				tRNA-Met(cat)
CHQ_3_03976	gene	1344	argG			
CHQ_3_03976	CDS	1344	argG	6.3.4.5	COG0137	Argininosuccinate synthase
CHQ_3_03977	gene	630	iprA_2			
CHQ_3_03977	CDS	630	iprA_2			Inhibitor of hydrogen peroxide resistance
CHQ_3_03978	gene	552				
CHQ_3_03978	CDS	552				hypothetical protein
CHQ_3_03979	gene	402				
CHQ_3_03979	CDS	402				hypothetical protein
CHQ_3_03980	gene	87				
CHQ_3_03980	tRNA	87				tRNA-Leu(gag)
CHQ_3_03981	gene	330	secG			
CHQ_3_03981	CDS	330	secG		COG1314	Protein-export membrane protein SecG
CHQ_3_03982	gene	1338	glmM			
CHQ_3_03982	CDS	1338	glmM	5.4.2.10	COG1109	Phosphoglucosamine mutase
CHQ_3_03983	gene	849	folP_2			
CHQ_3_03983	CDS	849	folP_2	2.5.1.15	COG0294	Dihydropteroate synthase
CHQ_3_03984	gene	1935	ftsH			
CHQ_3_03984	CDS	1935	ftsH	3.4.24.-	COG0465	ATP-dependent zinc metalloprotease FtsH
CHQ_3_03985	gene	630	rlmE			
CHQ_3_03985	CDS	630	rlmE	2.1.1.166	COG0293	Ribosomal RNA large subunit methyltransferase E
CHQ_3_03986	gene	333	yhbY			
CHQ_3_03986	CDS	333	yhbY		COG1534	RNA-binding protein YhbY
CHQ_3_03987	gene	477	greA			
CHQ_3_03987	CDS	477	greA		COG0782	Transcription elongation factor GreA
CHQ_3_03988	gene	1434	dacB			
CHQ_3_03988	CDS	1434	dacB	3.4.16.4	COG2027	D-alanyl-D-alanine carboxypeptidase DacB
CHQ_3_03989	gene	1179	obgE			
CHQ_3_03989	CDS	1179	obgE	3.6.5.-	COG0536	GTPase ObgE/CgtA
CHQ_3_03990	gene	966	yhbE			
CHQ_3_03990	CDS	966	yhbE		COG0697	putative inner membrane transporter YhbE
CHQ_3_03991	gene	258	rpmA			
CHQ_3_03991	CDS	258	rpmA		COG0211	50S ribosomal protein L27
CHQ_3_03992	gene	318				
CHQ_3_03992	CDS	318				hypothetical protein
CHQ_3_03993	gene	972	ispB			
CHQ_3_03993	CDS	972	ispB	2.5.1.90	COG0142	Octaprenyl diphosphate synthase
CHQ_3_03994	gene	273				
CHQ_3_03994	CDS	273				hypothetical protein
CHQ_3_03995	gene	1260	murA			
CHQ_3_03995	CDS	1260	murA	2.5.1.7	COG0766	UDP-N-acetylglucosamine 1-carboxyvinyltransferase
CHQ_3_03996	gene	255	ibaG			
CHQ_3_03996	CDS	255	ibaG		COG5007	Acid stress protein IbaG
CHQ_3_03997	gene	291	mlaB			
CHQ_3_03997	CDS	291	mlaB		COG3113	Intermembrane phospholipid transport system binding protein MlaB
CHQ_3_03998	gene	636	mlaC			
CHQ_3_03998	CDS	636	mlaC		COG2854	Intermembrane phospholipid transport system binding protein MlaC
CHQ_3_03999	gene	552	mlaD			
CHQ_3_03999	CDS	552	mlaD		COG1463	Intermembrane phospholipid transport system binding protein MlaD
CHQ_3_04000	gene	783	mlaE			
CHQ_3_04000	CDS	783	mlaE		COG0767	Intermembrane phospholipid transport system permease protein MlaE
CHQ_3_04001	gene	813	mlaF			
CHQ_3_04001	CDS	813	mlaF	3.6.3.-	COG1127	Intermembrane phospholipid transport system ATP-binding protein MlaF
CHQ_3_04002	gene	978	yrbG			
CHQ_3_04002	CDS	978	yrbG		COG0530	Inner membrane protein YrbG
CHQ_3_04003	gene	987	kdsD			
CHQ_3_04003	CDS	987	kdsD	5.3.1.13	COG0517	Arabinose 5-phosphate isomerase KdsD
CHQ_3_04004	gene	567	kdsC			
CHQ_3_04004	CDS	567	kdsC	3.1.3.45	COG1778	3-deoxy-D-manno-octulosonate 8-phosphate phosphatase KdsC
CHQ_3_04005	gene	576	lptC			
CHQ_3_04005	CDS	576	lptC		COG3117	Lipopolysaccharide export system protein LptC
CHQ_3_04006	gene	546	lptA			
CHQ_3_04006	CDS	546	lptA		COG1934	Lipopolysaccharide export system protein LptA
CHQ_3_04007	gene	726	lptB_3			
CHQ_3_04007	CDS	726	lptB_3	3.6.3.-	COG1137	Lipopolysaccharide export system ATP-binding protein LptB
CHQ_3_04008	gene	1434	rpoN			
CHQ_3_04008	CDS	1434	rpoN		COG1508	RNA polymerase sigma-54 factor
CHQ_3_04009	gene	288	hpf			
CHQ_3_04009	CDS	288	hpf		COG1544	Ribosome hibernation promoting factor
CHQ_3_04010	gene	489	ptsN			
CHQ_3_04010	CDS	489	ptsN		COG1762	Nitrogen regulatory protein
CHQ_3_04011	gene	855	rapZ			
CHQ_3_04011	CDS	855	rapZ		COG1660	RNase adapter protein RapZ
CHQ_3_04012	gene	273	ptsO			
CHQ_3_04012	CDS	273	ptsO		COG1925	Phosphocarrier protein NPr
CHQ_3_04013	gene	726	mtgA_2			
CHQ_3_04013	CDS	726	mtgA_2	2.4.1.129	COG0744	Biosynthetic peptidoglycan transglycosylase
CHQ_3_04014	gene	654	elbB			
CHQ_3_04014	CDS	654	elbB	4.2.1.-	COG3155	Glyoxalase ElbB
CHQ_3_04015	gene	2340	arcB			
CHQ_3_04015	CDS	2340	arcB	2.7.13.3	COG0642	Aerobic respiration control sensor protein ArcB
CHQ_3_04016	gene	1071	uxuA_1			
CHQ_3_04016	CDS	1071	uxuA_1	4.2.1.8	COG1312	Mannonate dehydratase
CHQ_3_04017	gene	1017	rspB			
CHQ_3_04017	CDS	1017	rspB	1.1.1.-	COG1063	Starvation-sensing protein RspB
CHQ_3_04018	gene	1284	exuT_2			
CHQ_3_04018	CDS	1284	exuT_2			Hexuronate transporter
CHQ_3_04019	gene	936				
CHQ_3_04019	CDS	936				hypothetical protein
CHQ_3_04020	gene	4461	gltB			
CHQ_3_04020	CDS	4461	gltB	1.4.1.13	COG0067	Glutamate synthase [NADPH] large chain
CHQ_3_04021	gene	1419	gltD			
CHQ_3_04021	CDS	1419	gltD	1.4.1.13	COG0493	Glutamate synthase [NADPH] small chain
CHQ_3_04022	gene	468	yhcH			
CHQ_3_04022	CDS	468	yhcH		COG2731	putative protein YhcH
CHQ_3_04023	gene	885	nanK			
CHQ_3_04023	CDS	885	nanK	2.7.1.60	COG1940	N-acetylmannosamine kinase
CHQ_3_04024	gene	690	nanE			
CHQ_3_04024	CDS	690	nanE	5.1.3.9	COG3010	Putative N-acetylmannosamine-6-phosphate 2-epimerase
CHQ_3_04025	gene	1488	nanT			
CHQ_3_04025	CDS	1488	nanT			Sialic acid transporter NanT
CHQ_3_04026	gene	894	nanA			
CHQ_3_04026	CDS	894	nanA	4.1.3.3	COG0329	N-acetylneuraminate lyase
CHQ_3_04027	gene	771	nanR_2			
CHQ_3_04027	CDS	771	nanR_2		COG2186	HTH-type transcriptional repressor NanR
CHQ_3_04028	gene	495	sspB			
CHQ_3_04028	CDS	495	sspB		COG2969	Stringent starvation protein B
CHQ_3_04029	gene	639	sspA			
CHQ_3_04029	CDS	639	sspA		COG0625	Stringent starvation protein A
CHQ_3_04030	gene	393	rpsI			
CHQ_3_04030	CDS	393	rpsI		COG0103	30S ribosomal protein S9
CHQ_3_04031	gene	429	rplM			
CHQ_3_04031	CDS	429	rplM		COG0102	50S ribosomal protein L13
CHQ_3_04032	gene	1128	zapE_2			
CHQ_3_04032	CDS	1128	zapE_2		COG1485	Cell division protein ZapE
CHQ_3_04033	gene	399	yhcB			
CHQ_3_04033	CDS	399	yhcB		COG3105	Inner membrane protein YhcB
CHQ_3_04034	gene	1368	degQ			
CHQ_3_04034	CDS	1368	degQ	3.4.21.107	COG0265	Periplasmic pH-dependent serine endoprotease DegQ
CHQ_3_04035	gene	1059	degS			
CHQ_3_04035	CDS	1059	degS	3.4.21.107	COG0265	Serine endoprotease DegS
CHQ_3_04036	gene	939	mdh_2			
CHQ_3_04036	CDS	939	mdh_2	1.1.1.37	COG0039	Malate dehydrogenase
CHQ_3_04037	gene	471	argR			
CHQ_3_04037	CDS	471	argR		COG1438	Arginine repressor
CHQ_3_04038	gene	264				
CHQ_3_04038	CDS	264				hypothetical protein
CHQ_3_04039	gene	267				
CHQ_3_04039	CDS	267				hypothetical protein
CHQ_3_04040	gene	276	yhcO			
CHQ_3_04040	CDS	276	yhcO		COG2732	putative protein YhcO
CHQ_3_04041	gene	1968	aaeB_2			
CHQ_3_04041	CDS	1968	aaeB_2		COG1289	p-hydroxybenzoic acid efflux pump subunit AaeB
CHQ_3_04042	gene	933	aaeA_2			
CHQ_3_04042	CDS	933	aaeA_2		COG1566	p-hydroxybenzoic acid efflux pump subunit AaeA
CHQ_3_04043	gene	204	aaeX			
CHQ_3_04043	CDS	204	aaeX			Protein AaeX
CHQ_3_04044	gene	930	dmlR_14			
CHQ_3_04044	CDS	930	dmlR_14			HTH-type transcriptional regulator DmlR
CHQ_3_04045	gene	1446	tldD			
CHQ_3_04045	CDS	1446	tldD	3.4.-.-	COG0312	Metalloprotease TldD
CHQ_3_04046	gene	3798				
CHQ_3_04046	CDS	3798				hypothetical protein
CHQ_3_04047	gene	1470	rng			
CHQ_3_04047	CDS	1470	rng	3.1.26.-	COG1530	Ribonuclease G
CHQ_3_04048	gene	582	yhdE			
CHQ_3_04048	CDS	582	yhdE	3.6.1.9	COG0424	dTTP/UTP pyrophosphatase
CHQ_3_04049	gene	489	mreD			
CHQ_3_04049	CDS	489	mreD		COG2891	Rod shape-determining protein MreD
CHQ_3_04050	gene	993	mreC			
CHQ_3_04050	CDS	993	mreC		COG1792	Cell shape-determining protein MreC
CHQ_3_04051	gene	1044	mreB			
CHQ_3_04051	CDS	1044	mreB		COG1077	Cell shape-determining protein MreB
CHQ_3_04052	gene	1941	csrD			
CHQ_3_04052	CDS	1941	csrD			RNase E specificity factor CsrD
CHQ_3_04053	gene	1002	msrP			
CHQ_3_04053	CDS	1002	msrP	1.8.5.-	COG2041	Protein-methionine-sulfoxide reductase catalytic subunit MsrP
CHQ_3_04054	gene	600	msrQ			
CHQ_3_04054	CDS	600	msrQ		COG2717	Protein-methionine-sulfoxide reductase heme-binding subunit MsrQ
CHQ_3_04055	gene	453	aroQ			
CHQ_3_04055	CDS	453	aroQ	4.2.1.10	COG0757	3-dehydroquinate dehydratase
CHQ_3_04056	gene	468	accB			
CHQ_3_04056	CDS	468	accB		COG0511	Biotin carboxyl carrier protein of acetyl-CoA carboxylase
CHQ_3_04057	gene	1350	accC			
CHQ_3_04057	CDS	1350	accC	6.3.4.14	COG0439	Biotin carboxylase
CHQ_3_04058	gene	243	yhdT			
CHQ_3_04058	CDS	243	yhdT		COG3924	putative membrane protein YhdT
CHQ_3_04059	gene	1452	panF			
CHQ_3_04059	CDS	1452	panF		COG4145	Sodium/pantothenate symporter
CHQ_3_04060	gene	882	prmA			
CHQ_3_04060	CDS	882	prmA	2.1.1.-	COG2264	Ribosomal protein L11 methyltransferase
CHQ_3_04061	gene	966	dusB			
CHQ_3_04061	CDS	966	dusB	1.3.1.-	COG0042	tRNA-dihydrouridine synthase B
CHQ_3_04062	gene	297	fis			
CHQ_3_04062	CDS	297	fis		COG2901	DNA-binding protein Fis
CHQ_3_04063	gene	654	acrR_2			
CHQ_3_04063	CDS	654	acrR_2		COG1309	HTH-type transcriptional regulator AcrR
CHQ_3_04064	gene	1140	acrE			
CHQ_3_04064	CDS	1140	acrE			Multidrug export protein AcrE
CHQ_3_04065	gene	3111	acrF			
CHQ_3_04065	CDS	3111	acrF		COG0841	Multidrug export protein AcrF
CHQ_3_04066	gene	222				
CHQ_3_04066	CDS	222				hypothetical protein
CHQ_3_04067	gene	110				
CHQ_3_04067	rRNA	110				5S ribosomal RNA
CHQ_3_04068	gene	76				
CHQ_3_04068	tRNA	76				tRNA-Thr(ggt)
CHQ_3_04069	gene	111				
CHQ_3_04069	rRNA	111				5S ribosomal RNA
CHQ_3_04070	gene	303	chbA_4			
CHQ_3_04070	CDS	303	chbA_4		COG1447	PTS system N,N'-diacetylchitobiose-specific EIIA component
CHQ_3_04071	gene	1323	licC_4			
CHQ_3_04071	CDS	1323	licC_4		COG1455	Lichenan permease IIC component
CHQ_3_04072	gene	315	celA_2			
CHQ_3_04072	CDS	315	celA_2	2.7.1.205		PTS system cellobiose-specific EIIB component
CHQ_3_04073	gene	945				
CHQ_3_04073	CDS	945			COG1609	HTH-type transcriptional regulator
CHQ_3_04074	gene	1371	pcaK_3			
CHQ_3_04074	CDS	1371	pcaK_3		COG0477	4-hydroxybenzoate transporter PcaK
CHQ_3_04075	gene	1263	galA			
CHQ_3_04075	CDS	1263	galA	1.13.11.57		Gallate dioxygenase
CHQ_3_04076	gene	1227	hdfR_6			
CHQ_3_04076	CDS	1227	hdfR_6			HTH-type transcriptional regulator HdfR
CHQ_3_04077	gene	741	galB			
CHQ_3_04077	CDS	741	galB	4.2.1.83	COG2120	4-oxalmesaconate hydratase
CHQ_3_04078	gene	714	galC			
CHQ_3_04078	CDS	714	galC	4.1.3.17	COG0684	4-carboxy-4-hydroxy-2-oxoadipic acid aldolase
CHQ_3_04079	gene	1086	galD			
CHQ_3_04079	CDS	1086	galD	5.3.2.8	COG2828	4-oxalomesaconate tautomerase
CHQ_3_04080	gene	867				
CHQ_3_04080	CDS	867				hypothetical protein
CHQ_3_04081	gene	291				
CHQ_3_04081	CDS	291				hypothetical protein
CHQ_3_04082	gene	903	yicL			
CHQ_3_04082	CDS	903	yicL		COG0697	putative inner membrane transporter YicL
CHQ_3_04083	gene	1431	murP			
CHQ_3_04083	CDS	1431	murP		COG2190	PTS system N-acetylmuramic acid-specific EIIBC component
CHQ_3_04084	gene	903	murQ_2			
CHQ_3_04084	CDS	903	murQ_2	4.2.1.126	COG2103	N-acetylmuramic acid 6-phosphate etherase
CHQ_3_04085	gene	1164	bcr_2			
CHQ_3_04085	CDS	1164	bcr_2			Bicyclomycin resistance protein
CHQ_3_04086	gene	1365	oprM_2			
CHQ_3_04086	CDS	1365	oprM_2		COG1538	Outer membrane protein OprM
CHQ_3_04087	gene	3108	mexB_2			
CHQ_3_04087	CDS	3108	mexB_2		COG0841	Multidrug resistance protein MexB
CHQ_3_04088	gene	1125	mexA			
CHQ_3_04088	CDS	1125	mexA			Multidrug resistance protein MexA
CHQ_3_04089	gene	417				
CHQ_3_04089	CDS	417		2.3.1.-		Acetyltransferase
CHQ_3_04090	gene	579				
CHQ_3_04090	CDS	579				hypothetical protein
CHQ_3_04091	gene	648	betI_3			
CHQ_3_04091	CDS	648	betI_3			HTH-type transcriptional regulator BetI
CHQ_3_04092	gene	1494	bmr3			
CHQ_3_04092	CDS	1494	bmr3			Multidrug resistance protein 3
CHQ_3_04093	gene	915	dmlR_15			
CHQ_3_04093	CDS	915	dmlR_15			HTH-type transcriptional regulator DmlR
CHQ_3_04094	gene	633				
CHQ_3_04094	CDS	633				hypothetical protein
CHQ_3_04095	gene	471				
CHQ_3_04095	CDS	471				hypothetical protein
CHQ_3_04096	gene	537				
CHQ_3_04096	CDS	537				hypothetical protein
CHQ_3_04097	gene	906	mtrA			
CHQ_3_04097	CDS	906	mtrA			HTH-type transcriptional regulator MtrA
CHQ_3_04098	gene	810	nlpA			
CHQ_3_04098	CDS	810	nlpA		COG1464	Lipoprotein 28
CHQ_3_04099	gene	855				
CHQ_3_04099	CDS	855				hypothetical protein
CHQ_3_04100	gene	561	rppH_2			
CHQ_3_04100	CDS	561	rppH_2	3.6.1.-		RNA pyrophosphohydrolase
CHQ_3_04101	gene	780				
CHQ_3_04101	CDS	780				hypothetical protein
CHQ_3_04102	gene	954	cdhR			
CHQ_3_04102	CDS	954	cdhR		COG4977	HTH-type transcriptional regulator CdhR
CHQ_3_04103	gene	1050	yahK			
CHQ_3_04103	CDS	1050	yahK	1.1.1.2	COG1064	Aldehyde reductase YahK
CHQ_3_04104	gene	291	ycnE			
CHQ_3_04104	CDS	291	ycnE	1.-.-.-	COG1359	Putative monooxygenase YcnE
CHQ_3_04105	gene	1008				
CHQ_3_04105	CDS	1008				Zinc-type alcohol dehydrogenase-like protein
CHQ_3_04106	gene	468				
CHQ_3_04106	CDS	468				hypothetical protein
CHQ_3_04107	gene	95				
CHQ_3_04107	tRNA	95				tRNA-SeC(tca)
CHQ_3_04108	gene	1395	yicJ_3			
CHQ_3_04108	CDS	1395	yicJ_3		COG2211	Inner membrane symporter YicJ
CHQ_3_04109	gene	2319	yicI			
CHQ_3_04109	CDS	2319	yicI	3.2.1.177	COG1501	Alpha-xylosidase
CHQ_3_04110	gene	723				
CHQ_3_04110	CDS	723				hypothetical protein
CHQ_3_04111	gene	2985				
CHQ_3_04111	CDS	2985				Tn3 family transposase ISSba14
CHQ_3_04112	gene	258				
CHQ_3_04112	CDS	258				hypothetical protein
CHQ_3_04113	gene	1479	dauA_3			
CHQ_3_04113	CDS	1479	dauA_3		COG0659	C4-dicarboxylic acid transporter DauA
CHQ_3_04114	gene	828				
CHQ_3_04114	CDS	828				hypothetical protein
CHQ_3_04115	gene	996	arnC_2			
CHQ_3_04115	CDS	996	arnC_2	2.4.2.53		Undecaprenyl-phosphate 4-deoxy-4-formamido-L-arabinose transferase
CHQ_3_04116	gene	198	merT			
CHQ_3_04116	CDS	198	merT			Mercuric transport protein MerT
CHQ_3_04117	gene	792	moaF			
CHQ_3_04117	CDS	792	moaF			Protein MoaF
CHQ_3_04118	gene	777	fabG_8			
CHQ_3_04118	CDS	777	fabG_8	1.1.1.100		3-oxoacyl-[acyl-carrier-protein] reductase FabG
CHQ_3_04119	gene	1734	atsA			
CHQ_3_04119	CDS	1734	atsA	3.1.6.1	COG3119	Arylsulfatase
CHQ_3_04120	gene	1188	atsB			
CHQ_3_04120	CDS	1188	atsB	1.1.99.-	COG0641	Anaerobic sulfatase-maturating enzyme
CHQ_3_04121	gene	684	malT_2			
CHQ_3_04121	CDS	684	malT_2			HTH-type transcriptional regulator MalT
CHQ_3_04122	gene	1173				
CHQ_3_04122	CDS	1173				hypothetical protein
CHQ_3_04123	gene	1116				
CHQ_3_04123	CDS	1116		3.5.1.-	COG0123	Histone deacetylase-like amidohydrolase
CHQ_3_04124	gene	594				
CHQ_3_04124	CDS	594				hypothetical protein
CHQ_3_04125	gene	1500	steT			
CHQ_3_04125	CDS	1500	steT		COG0531	Serine/threonine exchanger SteT
CHQ_3_04126	gene	366				
CHQ_3_04126	CDS	366				hypothetical protein
CHQ_3_04127	gene	1302	puuB_2			
CHQ_3_04127	CDS	1302	puuB_2	1.4.3.-		Gamma-glutamylputrescine oxidoreductase
CHQ_3_04128	gene	1485	feaB_2			
CHQ_3_04128	CDS	1485	feaB_2	1.2.1.39	COG1012	Phenylacetaldehyde dehydrogenase
CHQ_3_04129	gene	1083	yncE_2			
CHQ_3_04129	CDS	1083	yncE_2		COG3391	putative protein YncE
CHQ_3_04130	gene	2184	fcuA			
CHQ_3_04130	CDS	2184	fcuA			Ferrichrome receptor FcuA
CHQ_3_04131	gene	1377	pheP			
CHQ_3_04131	CDS	1377	pheP		COG1113	Phenylalanine-specific permease
CHQ_3_04132	gene	1242	yegT			
CHQ_3_04132	CDS	1242	yegT			Putative nucleoside transporter YegT
CHQ_3_04133	gene	1023	iolE_4			
CHQ_3_04133	CDS	1023	iolE_4	4.2.1.44		Inosose dehydratase
CHQ_3_04134	gene	1152	apsD			
CHQ_3_04134	CDS	1152	apsD	1.1.1.-		D-apiose dehydrogenase
CHQ_3_04135	gene	417				
CHQ_3_04135	CDS	417				hypothetical protein
CHQ_3_04136	gene	636				
CHQ_3_04136	CDS	636				hypothetical protein
CHQ_3_04137	gene	684	ecpE_2			
CHQ_3_04137	CDS	684	ecpE_2			putative fimbrial chaperone EcpE
CHQ_3_04138	gene	1620	ecpD_2			
CHQ_3_04138	CDS	1620	ecpD_2			Fimbria adhesin EcpD
CHQ_3_04139	gene	2538	ecpC_2			
CHQ_3_04139	CDS	2538	ecpC_2			putative outer membrane usher protein EcpC
CHQ_3_04140	gene	678	ecpB_2			
CHQ_3_04140	CDS	678	ecpB_2			putative fimbrial chaperone EcpB
CHQ_3_04141	gene	579	ecpA_2			
CHQ_3_04141	CDS	579	ecpA_2			Common pilus major fimbrillin subunit EcpA
CHQ_3_04142	gene	393				
CHQ_3_04142	CDS	393				hypothetical protein
CHQ_3_04143	gene	981	rbsR_2			
CHQ_3_04143	CDS	981	rbsR_2		COG1609	Ribose operon repressor
CHQ_3_04144	gene	1245	ybdG_1			
CHQ_3_04144	CDS	1245	ybdG_1		COG0668	Miniconductance mechanosensitive channel YbdG
CHQ_3_04145	gene	1428	jefA			
CHQ_3_04145	CDS	1428	jefA			Drug efflux pump JefA
CHQ_3_04146	gene	870				
CHQ_3_04146	CDS	870				hypothetical protein
CHQ_3_04147	gene	1035				
CHQ_3_04147	CDS	1035				hypothetical protein
CHQ_3_04148	gene	2730	norR_4			
CHQ_3_04148	CDS	2730	norR_4			Anaerobic nitric oxide reductase transcription regulator NorR
CHQ_3_04149	gene	987	frlB_2			
CHQ_3_04149	CDS	987	frlB_2	3.5.-.-	COG2222	Fructosamine deglycase FrlB
CHQ_3_04150	gene	1062				
CHQ_3_04150	CDS	1062				hypothetical protein
CHQ_3_04151	gene	855	manZ_2			
CHQ_3_04151	CDS	855	manZ_2		COG3716	PTS system mannose-specific EIID component
CHQ_3_04152	gene	744	sorC_2			
CHQ_3_04152	CDS	744	sorC_2		COG3715	PTS system sorbose-specific EIIC component
CHQ_3_04153	gene	471	sorB			
CHQ_3_04153	CDS	471	sorB	2.7.1.206	COG3444	PTS system sorbose-specific EIIB component
CHQ_3_04154	gene	435				
CHQ_3_04154	CDS	435				hypothetical protein
CHQ_3_04155	gene	654	nfsB			
CHQ_3_04155	CDS	654	nfsB	1.-.-.-	COG0778	Oxygen-insensitive NAD(P)H nitroreductase
CHQ_3_04156	gene	369				
CHQ_3_04156	CDS	369				hypothetical protein
CHQ_3_04157	gene	597				
CHQ_3_04157	CDS	597				hypothetical protein
CHQ_3_04158	gene	1101				
CHQ_3_04158	CDS	1101			COG2220	putative protein
CHQ_3_04159	gene	342	marA_2			
CHQ_3_04159	CDS	342	marA_2			Multiple antibiotic resistance protein MarA
CHQ_3_04160	gene	249				
CHQ_3_04160	CDS	249				hypothetical protein
CHQ_3_04161	gene	111				
CHQ_3_04161	CDS	111				hypothetical protein
CHQ_3_04162	gene	2724	ctpF_1			
CHQ_3_04162	CDS	2724	ctpF_1	3.6.3.-	COG0474	putative cation-transporting ATPase F
CHQ_3_04163	gene	1080	mdtA_2			
CHQ_3_04163	CDS	1080	mdtA_2			Multidrug resistance protein MdtA
CHQ_3_04164	gene	3093	bepG			
CHQ_3_04164	CDS	3093	bepG			Efflux pump membrane transporter BepG
CHQ_3_04165	gene	720				
CHQ_3_04165	CDS	720				hypothetical protein
CHQ_3_04166	gene	1116	ybdK			
CHQ_3_04166	CDS	1116	ybdK	6.3.2.2	COG2170	Putative glutamate--cysteine ligase 2
CHQ_3_04167	gene	1668	dppA_3			
CHQ_3_04167	CDS	1668	dppA_3		COG0747	Periplasmic dipeptide transport protein
CHQ_3_04168	gene	954	gsiC_3			
CHQ_3_04168	CDS	954	gsiC_3		COG0601	Glutathione transport system permease protein GsiC
CHQ_3_04169	gene	894	gsiD_2			
CHQ_3_04169	CDS	894	gsiD_2		COG1173	Glutathione transport system permease protein GsiD
CHQ_3_04170	gene	1038	btuD_7			
CHQ_3_04170	CDS	1038	btuD_7	7.6.2.8		Vitamin B12 import ATP-binding protein BtuD
CHQ_3_04171	gene	1011	oppD_2			
CHQ_3_04171	CDS	1011	oppD_2		COG0444	Oligopeptide transport ATP-binding protein OppD
CHQ_3_04172	gene	1269	hyuC			
CHQ_3_04172	CDS	1269	hyuC	3.5.1.87	COG0624	N-carbamoyl-L-amino-acid hydrolase
CHQ_3_04173	gene	924				
CHQ_3_04173	CDS	924				hypothetical protein
CHQ_3_04174	gene	1335	hisC_2			
CHQ_3_04174	CDS	1335	hisC_2	2.6.1.9		Histidinol-phosphate aminotransferase
CHQ_3_04175	gene	1464	tauR			
CHQ_3_04175	CDS	1464	tauR		COG1167	HTH-type transcriptional regulator TauR
CHQ_3_04176	gene	852	fliY_4			
CHQ_3_04176	CDS	852	fliY_4		COG0834	L-cystine-binding protein FliY
CHQ_3_04177	gene	642	yecS_5			
CHQ_3_04177	CDS	642	yecS_5		COG0765	L-cystine transport system permease protein YecS
CHQ_3_04178	gene	666	hisQ_1			
CHQ_3_04178	CDS	666	hisQ_1		COG4215	Histidine transport system permease protein HisQ
CHQ_3_04179	gene	762	occP_2			
CHQ_3_04179	CDS	762	occP_2			Octopine permease ATP-binding protein P
CHQ_3_04180	gene	765	isfD			
CHQ_3_04180	CDS	765	isfD	1.1.1.313	COG4221	Sulfoacetaldehyde reductase
CHQ_3_04181	gene	1338	tpa			
CHQ_3_04181	CDS	1338	tpa	2.6.1.77	COG0161	Taurine--pyruvate aminotransferase
CHQ_3_04182	gene	705	oppF_3			
CHQ_3_04182	CDS	705	oppF_3		COG4608	Oligopeptide transport ATP-binding protein OppF
CHQ_3_04183	gene	837	dppD_2			
CHQ_3_04183	CDS	837	dppD_2		COG0444	Dipeptide transport ATP-binding protein DppD
CHQ_3_04184	gene	834	ddpC_2			
CHQ_3_04184	CDS	834	ddpC_2		COG1173	putative D,D-dipeptide transport system permease protein DdpC
CHQ_3_04185	gene	1023	dppB_2			
CHQ_3_04185	CDS	1023	dppB_2		COG0601	Dipeptide transport system permease protein DppB
CHQ_3_04186	gene	1569	ddpA_1			
CHQ_3_04186	CDS	1569	ddpA_1		COG0747	putative D,D-dipeptide-binding periplasmic protein DdpA
CHQ_3_04187	gene	696				
CHQ_3_04187	CDS	696				hypothetical protein
CHQ_3_04188	gene	219	ygdR_4			
CHQ_3_04188	CDS	219	ygdR_4			putative lipoprotein YgdR
CHQ_3_04189	gene	801	yddE_2			
CHQ_3_04189	CDS	801	yddE_2	5.1.-.-	COG0384	putative isomerase YddE
CHQ_3_04190	gene	669	dauR_2			
CHQ_3_04190	CDS	669	dauR_2		COG2964	Transcriptional regulator DauR
CHQ_3_04191	gene	357				
CHQ_3_04191	CDS	357				hypothetical protein
CHQ_3_04192	gene	1665	betA			
CHQ_3_04192	CDS	1665	betA	1.1.99.1	COG2303	Oxygen-dependent choline dehydrogenase
CHQ_3_04193	gene	1473	betB_2			
CHQ_3_04193	CDS	1473	betB_2	1.2.1.8	COG1012	NAD/NADP-dependent betaine aldehyde dehydrogenase
CHQ_3_04194	gene	588	betI_4			
CHQ_3_04194	CDS	588	betI_4		COG1309	HTH-type transcriptional regulator BetI
CHQ_3_04195	gene	2034	betT			
CHQ_3_04195	CDS	2034	betT		COG1292	High-affinity choline transport protein
CHQ_3_04196	gene	447	ivy			
CHQ_3_04196	CDS	447	ivy			Inhibitor of vertebrate lysozyme
CHQ_3_04197	gene	1257	ybdG_2			
CHQ_3_04197	CDS	1257	ybdG_2		COG0668	Miniconductance mechanosensitive channel YbdG
CHQ_3_04198	gene	894	gcvA_6			
CHQ_3_04198	CDS	894	gcvA_6			Glycine cleavage system transcriptional activator
CHQ_3_04199	gene	606				
CHQ_3_04199	CDS	606				hypothetical protein
CHQ_3_04200	gene	1500	aplK			
CHQ_3_04200	CDS	1500	aplK	2.7.1.-	COG0554	Apulose kinase
CHQ_3_04201	gene	1419				
CHQ_3_04201	CDS	1419				hypothetical protein
CHQ_3_04202	gene	957	aptB_1			
CHQ_3_04202	CDS	957	aptB_1	2.2.1.-	COG3958	Apulose-4-phosphate transketolase subunit B
CHQ_3_04203	gene	831	aptA_1			
CHQ_3_04203	CDS	831	aptA_1	2.2.1.-	COG3959	Apulose-4-phosphate transketolase subunit A
CHQ_3_04204	gene	951	deoR_2			
CHQ_3_04204	CDS	951	deoR_2		COG2390	Deoxyribonucleoside regulator
CHQ_3_04205	gene	984				
CHQ_3_04205	CDS	984				ISNCY family transposase ISPlu15
CHQ_3_04206	gene	1089	rbsC_5			
CHQ_3_04206	CDS	1089	rbsC_5		COG1172	Ribose import permease protein RbsC
CHQ_3_04207	gene	1527	araG_2			
CHQ_3_04207	CDS	1527	araG_2	7.5.2.12	COG1129	Arabinose import ATP-binding protein AraG
CHQ_3_04208	gene	612				
CHQ_3_04208	CDS	612				hypothetical protein
CHQ_3_04209	gene	942	rbsB_3			
CHQ_3_04209	CDS	942	rbsB_3		COG1879	Ribose import binding protein RbsB
CHQ_3_04210	gene	660	entD			
CHQ_3_04210	CDS	660	entD	2.7.8.-	COG2977	Enterobactin synthase component D
CHQ_3_04211	gene	2229	fepA_2			
CHQ_3_04211	CDS	2229	fepA_2		COG4771	Ferrienterobactin receptor
CHQ_3_04212	gene	1209	fes			
CHQ_3_04212	CDS	1209	fes		COG2382	Enterochelin esterase
CHQ_3_04213	gene	204	ybdZ			
CHQ_3_04213	CDS	204	ybdZ		COG3251	Enterobactin biosynthesis protein YbdZ
CHQ_3_04214	gene	3882	entF			
CHQ_3_04214	CDS	3882	entF	2.7.7.-	COG1020	Enterobactin synthase component F
CHQ_3_04215	gene	795	fepC			
CHQ_3_04215	CDS	795	fepC		COG1120	Ferric enterobactin transport ATP-binding protein FepC
CHQ_3_04216	gene	993	fepG			
CHQ_3_04216	CDS	993	fepG		COG4779	Ferric enterobactin transport system permease protein FepG
CHQ_3_04217	gene	1008	fepD			
CHQ_3_04217	CDS	1008	fepD		COG0609	Ferric enterobactin transport system permease protein FepD
CHQ_3_04218	gene	1242	entS			
CHQ_3_04218	CDS	1242	entS		COG0477	Enterobactin exporter EntS
CHQ_3_04219	gene	960	fepB			
CHQ_3_04219	CDS	960	fepB		COG4592	Ferrienterobactin-binding periplasmic protein
CHQ_3_04220	gene	1176	entC			
CHQ_3_04220	CDS	1176	entC	5.4.4.2	COG1169	Isochorismate synthase EntC
CHQ_3_04221	gene	1608	entE			
CHQ_3_04221	CDS	1608	entE	6.3.2.14	COG1021	Enterobactin synthase component E
CHQ_3_04222	gene	852	entB			
CHQ_3_04222	CDS	852	entB	6.3.2.14	COG1535	Enterobactin synthase component B
CHQ_3_04223	gene	756	entA			
CHQ_3_04223	CDS	756	entA	1.3.1.28	COG1028	2,3-dihydro-2,3-dihydroxybenzoate dehydrogenase
CHQ_3_04224	gene	414	entH			
CHQ_3_04224	CDS	414	entH	3.1.2.-	COG2050	Proofreading thioesterase EntH
CHQ_3_04225	gene	2106	cstA			
CHQ_3_04225	CDS	2106	cstA		COG1966	Peptide transporter CstA
CHQ_3_04226	gene	198				
CHQ_3_04226	CDS	198				hypothetical protein
CHQ_3_04227	gene	405				
CHQ_3_04227	CDS	405				hypothetical protein
CHQ_3_04228	gene	303				
CHQ_3_04228	CDS	303				hypothetical protein
CHQ_3_04229	gene	744	bdcA_2			
CHQ_3_04229	CDS	744	bdcA_2		COG1028	Cyclic-di-GMP-binding biofilm dispersal mediator protein
CHQ_3_04230	gene	1089	hcxA			
CHQ_3_04230	CDS	1089	hcxA	1.1.1.-	COG0371	Hydroxycarboxylate dehydrogenase A
CHQ_3_04231	gene	1503	rbsA_4			
CHQ_3_04231	CDS	1503	rbsA_4	7.5.2.7	COG1129	Ribose import ATP-binding protein RbsA
CHQ_3_04232	gene	999	rbsC_6			
CHQ_3_04232	CDS	999	rbsC_6		COG1172	Ribose import permease protein RbsC
CHQ_3_04233	gene	1065				
CHQ_3_04233	CDS	1065				hypothetical protein
CHQ_3_04234	gene	1242				
CHQ_3_04234	CDS	1242				hypothetical protein
CHQ_3_04235	gene	1200	mtnK			
CHQ_3_04235	CDS	1200	mtnK	2.7.1.100	COG4857	Methylthioribose kinase
CHQ_3_04236	gene	1029	mtnA			
CHQ_3_04236	CDS	1029	mtnA	5.3.1.23	COG0182	Methylthioribose-1-phosphate isomerase
CHQ_3_04237	gene	1269	agp_2			
CHQ_3_04237	CDS	1269	agp_2	3.1.3.10		Glucose-1-phosphatase
CHQ_3_04238	gene	1359	glpT_1			
CHQ_3_04238	CDS	1359	glpT_1		COG2271	Glycerol-3-phosphate transporter
CHQ_3_04239	gene	810	suhB_3			
CHQ_3_04239	CDS	810	suhB_3	3.1.3.25	COG0483	Inositol-1-monophosphatase
CHQ_3_04240	gene	1041	rbsR_3			
CHQ_3_04240	CDS	1041	rbsR_3		COG1609	Ribose operon repressor
CHQ_3_04241	gene	1239	codA_2			
CHQ_3_04241	CDS	1239	codA_2	3.5.4.1	COG0402	Cytosine deaminase
CHQ_3_04242	gene	1236				
CHQ_3_04242	CDS	1236				hypothetical protein
CHQ_3_04243	gene	1263	codB			
CHQ_3_04243	CDS	1263	codB		COG1457	Cytosine permease
CHQ_3_04244	gene	609	mtnB			
CHQ_3_04244	CDS	609	mtnB	4.2.1.109	COG0235	Methylthioribulose-1-phosphate dehydratase
CHQ_3_04245	gene	1497	lyx_1			
CHQ_3_04245	CDS	1497	lyx_1	2.7.1.-	COG1070	L-xylulose/3-keto-L-gulonate kinase
CHQ_3_04246	gene	1029	yoaD			
CHQ_3_04246	CDS	1029	yoaD	1.1.1.-	COG0111	Putative 2-hydroxyacid dehydrogenase YoaD
CHQ_3_04247	gene	942	ydjH_2			
CHQ_3_04247	CDS	942	ydjH_2	2.7.1.-	COG0524	putative sugar kinase YdjH
CHQ_3_04248	gene	1005	rbsC_7			
CHQ_3_04248	CDS	1005	rbsC_7		COG1172	Ribose import permease protein RbsC
CHQ_3_04249	gene	990	alsC			
CHQ_3_04249	CDS	990	alsC		COG1172	D-allose transport system permease protein AlsC
CHQ_3_04250	gene	1551	xylG_2			
CHQ_3_04250	CDS	1551	xylG_2	7.5.2.10	COG1129	Xylose import ATP-binding protein XylG
CHQ_3_04251	gene	981				
CHQ_3_04251	CDS	981				hypothetical protein
CHQ_3_04252	gene	2310	dmsA_3			
CHQ_3_04252	CDS	2310	dmsA_3	1.7.2.3	COG0243	Dimethyl sulfoxide/trimethylamine N-oxide reductase
CHQ_3_04253	gene	543	mtnD			
CHQ_3_04253	CDS	543	mtnD	1.13.11.54	COG1791	Acireductone dioxygenase
CHQ_3_04254	gene	690	mtnC			
CHQ_3_04254	CDS	690	mtnC	3.1.3.77		Enolase-phosphatase E1
CHQ_3_04255	gene	1161	ybdL			
CHQ_3_04255	CDS	1161	ybdL	2.6.1.88	COG0436	Methionine aminotransferase
CHQ_3_04256	gene	627	ybdM			
CHQ_3_04256	CDS	627	ybdM		COG1475	putative protein YbdM
CHQ_3_04257	gene	1224	cysH_2			
CHQ_3_04257	CDS	1224	cysH_2	1.8.4.8		Phosphoadenosine phosphosulfate reductase
CHQ_3_04258	gene	933	ybdO_1			
CHQ_3_04258	CDS	933	ybdO_1			putative HTH-type transcriptional regulator YbdO
CHQ_3_04259	gene	750	dsbG			
CHQ_3_04259	CDS	750	dsbG		COG1651	Thiol:disulfide interchange protein DsbG
CHQ_3_04260	gene	564	ahpC_2			
CHQ_3_04260	CDS	564	ahpC_2	1.11.1.15	COG0450	Alkyl hydroperoxide reductase C
CHQ_3_04261	gene	1566	ahpF			
CHQ_3_04261	CDS	1566	ahpF	1.8.1.-	COG3634	Alkyl hydroperoxide reductase subunit F
CHQ_3_04262	gene	429	uspG_2			
CHQ_3_04262	CDS	429	uspG_2		COG0589	Universal stress protein UP12
CHQ_3_04263	gene	411	rnk			
CHQ_3_04263	CDS	411	rnk		COG0782	Regulator of nucleoside diphosphate kinase
CHQ_3_04264	gene	798	rna			
CHQ_3_04264	CDS	798	rna	4.6.1.21	COG3719	Ribonuclease I
CHQ_3_04265	gene	1374	dcuD			
CHQ_3_04265	CDS	1374	dcuD		COG3069	Putative cryptic C4-dicarboxylate transporter DcuD
CHQ_3_04266	gene	519	pagP			
CHQ_3_04266	CDS	519	pagP	2.3.1.251		Lipid A palmitoyltransferase PagP
CHQ_3_04267	gene	210	cspE			
CHQ_3_04267	CDS	210	cspE			Cold shock-like protein CspE
CHQ_3_04268	gene	384	crcB			
CHQ_3_04268	CDS	384	crcB		COG0239	Putative fluoride ion transporter CrcB
CHQ_3_04269	gene	789	ybeM			
CHQ_3_04269	CDS	789	ybeM	3.5.1.128		Deaminated glutathione amidase
CHQ_3_04270	gene	207	tatE			
CHQ_3_04270	CDS	207	tatE		COG1826	Sec-independent protein translocase protein TatE
CHQ_3_04271	gene	966	lipA			
CHQ_3_04271	CDS	966	lipA	2.8.1.8	COG0320	Lipoyl synthase
CHQ_3_04272	gene	960	ybdO_2			
CHQ_3_04272	CDS	960	ybdO_2			putative HTH-type transcriptional regulator YbdO
CHQ_3_04273	gene	645	lipB			
CHQ_3_04273	CDS	645	lipB	2.3.1.181	COG0321	Octanoyltransferase
CHQ_3_04274	gene	264				
CHQ_3_04274	CDS	264				hypothetical protein
CHQ_3_04275	gene	1200	dacA			
CHQ_3_04275	CDS	1200	dacA	3.4.16.4	COG1686	D-alanyl-D-alanine carboxypeptidase DacA
CHQ_3_04276	gene	1143	rlpA			
CHQ_3_04276	CDS	1143	rlpA	4.2.2.-	COG0797	Endolytic peptidoglycan transglycosylase RlpA
CHQ_3_04277	gene	1113	mrdB			
CHQ_3_04277	CDS	1113	mrdB	2.4.1.129	COG0772	Peptidoglycan glycosyltransferase MrdB
CHQ_3_04278	gene	1902	mrdA_2			
CHQ_3_04278	CDS	1902	mrdA_2	3.4.16.4	COG0768	Peptidoglycan D,D-transpeptidase MrdA
CHQ_3_04279	gene	468	rlmH			
CHQ_3_04279	CDS	468	rlmH	2.1.1.177	COG1576	Ribosomal RNA large subunit methyltransferase H
CHQ_3_04280	gene	318	rsfS			
CHQ_3_04280	CDS	318	rsfS		COG0799	Ribosomal silencing factor RsfS
CHQ_3_04281	gene	630	cobC_1			
CHQ_3_04281	CDS	630	cobC_1	3.1.3.73	COG0406	Adenosylcobalamin/alpha-ribazole phosphatase
CHQ_3_04282	gene	651	nadD			
CHQ_3_04282	CDS	651	nadD	2.7.7.18	COG1057	Nicotinate-nucleotide adenylyltransferase
CHQ_3_04283	gene	1035	holA			
CHQ_3_04283	CDS	1035	holA	2.7.7.7	COG1466	DNA polymerase III subunit delta
CHQ_3_04284	gene	591	lptE			
CHQ_3_04284	CDS	591	lptE		COG2980	LPS-assembly lipoprotein LptE
CHQ_3_04285	gene	2583	leuS			
CHQ_3_04285	CDS	2583	leuS	6.1.1.4	COG0495	Leucine--tRNA ligase
CHQ_3_04286	gene	483				
CHQ_3_04286	CDS	483				hypothetical protein
CHQ_3_04287	gene	1794	cdiA			
CHQ_3_04287	CDS	1794	cdiA	3.1.-.-		tRNA nuclease CdiA
CHQ_3_04288	gene	1671	fhaC			
CHQ_3_04288	CDS	1671	fhaC		COG2831	Filamentous hemagglutinin transporter protein FhaC
CHQ_3_04289	gene	726	glnQ_8			
CHQ_3_04289	CDS	726	glnQ_8	3.6.3.-	COG1126	Glutamine transport ATP-binding protein GlnQ
CHQ_3_04290	gene	675	gltK			
CHQ_3_04290	CDS	675	gltK		COG0765	Glutamate/aspartate import permease protein GltK
CHQ_3_04291	gene	741	gltJ_2			
CHQ_3_04291	CDS	741	gltJ_2		COG0765	Glutamate/aspartate import permease protein GltJ
CHQ_3_04292	gene	912	gltI			
CHQ_3_04292	CDS	912	gltI		COG0834	Glutamate/aspartate import solute-binding protein
CHQ_3_04293	gene	1539	lnt			
CHQ_3_04293	CDS	1539	lnt	2.3.1.269	COG0815	Apolipoprotein N-acyltransferase
CHQ_3_04294	gene	879	corC			
CHQ_3_04294	CDS	879	corC		COG4535	Magnesium and cobalt efflux protein CorC
CHQ_3_04295	gene	474	ybeY			
CHQ_3_04295	CDS	474	ybeY	3.1.-.-	COG0319	Endoribonuclease YbeY
CHQ_3_04296	gene	1047	ybeZ			
CHQ_3_04296	CDS	1047	ybeZ		COG1702	PhoH-like protein
CHQ_3_04297	gene	1425	miaB			
CHQ_3_04297	CDS	1425	miaB	2.8.4.3	COG0621	tRNA-2-methylthio-N(6)-dimethylallyladenosine synthase
CHQ_3_04298	gene	1176	ubiF			
CHQ_3_04298	CDS	1176	ubiF	1.14.99.60	COG0654	3-demethoxyubiquinol 3-hydroxylase
CHQ_3_04299	gene	75				
CHQ_3_04299	tRNA	75				tRNA-Gln(ctg)
CHQ_3_04300	gene	75				
CHQ_3_04300	tRNA	75				tRNA-Gln(ctg)
CHQ_3_04301	gene	77				
CHQ_3_04301	tRNA	77				tRNA-Met(cat)
CHQ_3_04302	gene	75				
CHQ_3_04302	tRNA	75				tRNA-Gln(ttg)
CHQ_3_04303	gene	85				
CHQ_3_04303	tRNA	85				tRNA-Leu(tag)
CHQ_3_04304	gene	77				
CHQ_3_04304	tRNA	77				tRNA-Met(cat)
CHQ_3_04305	gene	1665	asnB			
CHQ_3_04305	CDS	1665	asnB	6.3.5.4	COG0367	Asparagine synthetase B [glutamine-hydrolyzing]
CHQ_3_04306	gene	753	nagD			
CHQ_3_04306	CDS	753	nagD	3.1.3.5	COG0647	Ribonucleotide monophosphatase NagD
CHQ_3_04307	gene	1221	nagC			
CHQ_3_04307	CDS	1221	nagC		COG1940	N-acetylglucosamine repressor
CHQ_3_04308	gene	1149	nagA			
CHQ_3_04308	CDS	1149	nagA	3.5.1.25	COG1820	N-acetylglucosamine-6-phosphate deacetylase
CHQ_3_04309	gene	801	nagB			
CHQ_3_04309	CDS	801	nagB	3.5.99.6	COG0363	Glucosamine-6-phosphate deaminase
CHQ_3_04310	gene	1956	nagE			
CHQ_3_04310	CDS	1956	nagE		COG1263	PTS system N-acetylglucosamine-specific EIICBA component
CHQ_3_04311	gene	1668	glnS			
CHQ_3_04311	CDS	1668	glnS	6.1.1.18	COG0008	Glutamine--tRNA ligase
CHQ_3_04312	gene	1404	chiP			
CHQ_3_04312	CDS	1404	chiP			Chitoporin
CHQ_3_04313	gene	333	chiQ			
CHQ_3_04313	CDS	333	chiQ			putative lipoprotein ChiQ
CHQ_3_04314	gene	1296	proP_3			
CHQ_3_04314	CDS	1296	proP_3			Proline/betaine transporter
CHQ_3_04315	gene	1140				
CHQ_3_04315	CDS	1140				hypothetical protein
CHQ_3_04316	gene	1110	ifcA			
CHQ_3_04316	CDS	1110	ifcA	1.3.5.4	COG1053	Fumarate reductase flavoprotein subunit
CHQ_3_04317	gene	231				
CHQ_3_04317	CDS	231				hypothetical protein
CHQ_3_04318	gene	927	cynR_3			
CHQ_3_04318	CDS	927	cynR_3			HTH-type transcriptional regulator CynR
CHQ_3_04319	gene	453	fur			
CHQ_3_04319	CDS	453	fur		COG0735	Ferric uptake regulation protein
CHQ_3_04320	gene	531	fldA			
CHQ_3_04320	CDS	531	fldA		COG0716	Flavodoxin
CHQ_3_04321	gene	294	ybfE			
CHQ_3_04321	CDS	294	ybfE			putative protein YbfE
CHQ_3_04322	gene	774	ybfF			
CHQ_3_04322	CDS	774	ybfF	3.1.-.-	COG0596	Esterase YbfF
CHQ_3_04323	gene	693	seqA			
CHQ_3_04323	CDS	693	seqA			Negative modulator of initiation of replication
CHQ_3_04324	gene	1641	pgm			
CHQ_3_04324	CDS	1641	pgm	5.4.2.2	COG0033	Phosphoglucomutase
CHQ_3_04325	gene	438				
CHQ_3_04325	CDS	438				hypothetical protein
CHQ_3_04326	gene	678	kdpE			
CHQ_3_04326	CDS	678	kdpE		COG0745	KDP operon transcriptional regulatory protein KdpE
CHQ_3_04327	gene	2688	kdpD			
CHQ_3_04327	CDS	2688	kdpD	2.7.13.3	COG2205	Sensor protein KdpD
CHQ_3_04328	gene	576	kdpC			
CHQ_3_04328	CDS	576	kdpC		COG2156	Potassium-transporting ATPase KdpC subunit
CHQ_3_04329	gene	2049	kdpB			
CHQ_3_04329	CDS	2049	kdpB	7.2.2.6	COG2216	Potassium-transporting ATPase ATP-binding subunit
CHQ_3_04330	gene	1680	kdpA			
CHQ_3_04330	CDS	1680	kdpA		COG2060	Potassium-transporting ATPase potassium-binding subunit
CHQ_3_04331	gene	207				
CHQ_3_04331	CDS	207				hypothetical protein
CHQ_3_04332	gene	1443	phrB			
CHQ_3_04332	CDS	1443	phrB	4.1.99.3	COG0415	Deoxyribodipyrimidine photo-lyase
CHQ_3_04333	gene	1479	dtpD			
CHQ_3_04333	CDS	1479	dtpD		COG3104	Dipeptide permease D
CHQ_3_04334	gene	744	ybgI			
CHQ_3_04334	CDS	744	ybgI		COG0327	GTP cyclohydrolase 1 type 2 
CHQ_3_04335	gene	657	pxpB			
CHQ_3_04335	CDS	657	pxpB	3.5.2.9	COG2049	5-oxoprolinase subunit B
CHQ_3_04336	gene	933	pxpC			
CHQ_3_04336	CDS	933	pxpC	3.5.2.9	COG1984	5-oxoprolinase subunit C
CHQ_3_04337	gene	753	pxpA			
CHQ_3_04337	CDS	753	pxpA	3.5.2.9	COG1540	5-oxoprolinase subunit A
CHQ_3_04338	gene	645	pcp			
CHQ_3_04338	CDS	645	pcp	3.4.19.3	COG2039	Pyrrolidone-carboxylate peptidase
CHQ_3_04339	gene	792	nei			
CHQ_3_04339	CDS	792	nei	3.2.2.-	COG0266	Endonuclease 8
CHQ_3_04340	gene	1284	gltA_2			
CHQ_3_04340	CDS	1284	gltA_2	2.3.3.16	COG0372	Citrate synthase
CHQ_3_04341	gene	405	sdhC			
CHQ_3_04341	CDS	405	sdhC		COG2009	Succinate dehydrogenase cytochrome b556 subunit
CHQ_3_04342	gene	348	sdhD			
CHQ_3_04342	CDS	348	sdhD		COG2142	Succinate dehydrogenase hydrophobic membrane anchor subunit
CHQ_3_04343	gene	1767	sdhA			
CHQ_3_04343	CDS	1767	sdhA	1.3.5.1	COG1053	Succinate dehydrogenase flavoprotein subunit
CHQ_3_04344	gene	717	sdhB			
CHQ_3_04344	CDS	717	sdhB	1.3.5.1	COG0479	Succinate dehydrogenase iron-sulfur subunit
CHQ_3_04345	gene	2808	sucA			
CHQ_3_04345	CDS	2808	sucA	1.2.4.2	COG0567	2-oxoglutarate dehydrogenase E1 component
CHQ_3_04346	gene	1227	sucB			
CHQ_3_04346	CDS	1227	sucB	2.3.1.61	COG0508	Dihydrolipoyllysine-residue succinyltransferase component of 2-oxoglutarate dehydrogenase complex
CHQ_3_04347	gene	1167	sucC			
CHQ_3_04347	CDS	1167	sucC	6.2.1.5	COG0045	Succinate--CoA ligase [ADP-forming] subunit beta
CHQ_3_04348	gene	870	sucD			
CHQ_3_04348	CDS	870	sucD	6.2.1.5	COG0074	Succinate--CoA ligase [ADP-forming] subunit alpha
CHQ_3_04349	gene	1569	cydA_3			
CHQ_3_04349	CDS	1569	cydA_3	7.1.1.7	COG1271	Cytochrome bd-I ubiquinol oxidase subunit 1
CHQ_3_04350	gene	1140	cydB_3			
CHQ_3_04350	CDS	1140	cydB_3	7.1.1.7	COG1294	Cytochrome bd-I ubiquinol oxidase subunit 2
CHQ_3_04351	gene	117	cydX			
CHQ_3_04351	CDS	117	cydX	7.1.1.7	COG4890	Cytochrome bd-I ubiquinol oxidase subunit X
CHQ_3_04352	gene	291				
CHQ_3_04352	CDS	291				hypothetical protein
CHQ_3_04353	gene	405	ybgC			
CHQ_3_04353	CDS	405	ybgC	3.1.2.-	COG0824	Acyl-CoA thioester hydrolase YbgC
CHQ_3_04354	gene	693	tolQ			
CHQ_3_04354	CDS	693	tolQ		COG0811	Tol-Pal system protein TolQ
CHQ_3_04355	gene	429	tolR			
CHQ_3_04355	CDS	429	tolR		COG0848	Tol-Pal system protein TolR
CHQ_3_04356	gene	1341				
CHQ_3_04356	CDS	1341				hypothetical protein
CHQ_3_04357	gene	1293	tolB			
CHQ_3_04357	CDS	1293	tolB		COG0823	Tol-Pal system protein TolB
CHQ_3_04358	gene	525	pal_2			
CHQ_3_04358	CDS	525	pal_2		COG2885	Peptidoglycan-associated lipoprotein
CHQ_3_04359	gene	795	cpoB			
CHQ_3_04359	CDS	795	cpoB		COG1729	Cell division coordinator CpoB
CHQ_3_04360	gene	76				
CHQ_3_04360	tRNA	76				tRNA-Lys(ttt)
CHQ_3_04361	gene	76				
CHQ_3_04361	tRNA	76				tRNA-Val(tac)
CHQ_3_04362	gene	76				
CHQ_3_04362	tRNA	76				tRNA-Lys(ttt)
CHQ_3_04363	gene	76				
CHQ_3_04363	tRNA	76				tRNA-Val(tac)
CHQ_3_04364	gene	76				
CHQ_3_04364	tRNA	76				tRNA-Lys(ttt)
CHQ_3_04365	gene	76				
CHQ_3_04365	tRNA	76				tRNA-Lys(ttt)
CHQ_3_04366	gene	76				
CHQ_3_04366	tRNA	76				tRNA-Lys(ttt)
CHQ_3_04367	gene	1044	nadA			
CHQ_3_04367	CDS	1044	nadA	2.5.1.72	COG0379	Quinolinate synthase A
CHQ_3_04368	gene	720	pnuC			
CHQ_3_04368	CDS	720	pnuC		COG3201	Nicotinamide riboside transporter PnuC
CHQ_3_04369	gene	945	zitB			
CHQ_3_04369	CDS	945	zitB		COG1230	Zinc transporter ZitB
CHQ_3_04370	gene	378				
CHQ_3_04370	CDS	378				hypothetical protein
CHQ_3_04371	gene	1053	aroG			
CHQ_3_04371	CDS	1053	aroG	2.5.1.54	COG0722	Phospho-2-dehydro-3-deoxyheptonate aldolase, Phe-sensitive
CHQ_3_04372	gene	753	gpmA			
CHQ_3_04372	CDS	753	gpmA	5.4.2.11	COG0588	2,3-bisphosphoglycerate-dependent phosphoglycerate mutase
CHQ_3_04373	gene	1044	galM			
CHQ_3_04373	CDS	1044	galM	5.1.3.3	COG2017	Aldose 1-epimerase
CHQ_3_04374	gene	1149	galK			
CHQ_3_04374	CDS	1149	galK	2.7.1.6	COG0153	Galactokinase
CHQ_3_04375	gene	1047	galT			
CHQ_3_04375	CDS	1047	galT	2.7.7.12	COG1085	Galactose-1-phosphate uridylyltransferase
CHQ_3_04376	gene	1017	galE			
CHQ_3_04376	CDS	1017	galE	5.1.3.2	COG1087	UDP-glucose 4-epimerase
CHQ_3_04377	gene	1473	modF			
CHQ_3_04377	CDS	1473	modF		COG1119	ABC transporter ATP-binding protein ModF
CHQ_3_04378	gene	789	modE			
CHQ_3_04378	CDS	789	modE		COG2005	DNA-binding transcriptional dual regulator ModE
CHQ_3_04379	gene	150	acrZ			
CHQ_3_04379	CDS	150	acrZ			Multidrug efflux pump accessory protein AcrZ
CHQ_3_04380	gene	774	modA			
CHQ_3_04380	CDS	774	modA		COG0725	Molybdate-binding protein ModA
CHQ_3_04381	gene	690	modB			
CHQ_3_04381	CDS	690	modB		COG4149	Molybdenum transport system permease protein ModB
CHQ_3_04382	gene	1062	btuD_8			
CHQ_3_04382	CDS	1062	btuD_8	7.6.2.8		Vitamin B12 import ATP-binding protein BtuD
CHQ_3_04383	gene	819	ybhA			
CHQ_3_04383	CDS	819	ybhA	3.1.3.74	COG0561	Pyridoxal phosphate phosphatase YbhA
CHQ_3_04384	gene	996	pgl_2			
CHQ_3_04384	CDS	996	pgl_2	3.1.1.31	COG2706	6-phosphogluconolactonase
CHQ_3_04385	gene	267	ariR			
CHQ_3_04385	CDS	267	ariR			putative two-component-system connector protein AriR
CHQ_3_04386	gene	306				
CHQ_3_04386	CDS	306				hypothetical protein
CHQ_3_04387	gene	246	ycgZ			
CHQ_3_04387	CDS	246	ycgZ			putative two-component-system connector protein YcgZ
CHQ_3_04388	gene	1212	bluF_2			
CHQ_3_04388	CDS	1212	bluF_2			Blue light- and temperature-regulated antirepressor BluF
CHQ_3_04389	gene	735	bluR			
CHQ_3_04389	CDS	735	bluR		COG0789	HTH-type transcriptional repressor BluR
CHQ_3_04390	gene	555				
CHQ_3_04390	CDS	555				hypothetical protein
CHQ_3_04391	gene	213				
CHQ_3_04391	CDS	213				hypothetical protein
CHQ_3_04392	gene	507				
CHQ_3_04392	CDS	507				hypothetical protein
CHQ_3_04393	gene	966				
CHQ_3_04393	CDS	966				hypothetical protein
CHQ_3_04394	gene	3066	bepE			
CHQ_3_04394	CDS	3066	bepE			Efflux pump membrane transporter BepE
CHQ_3_04395	gene	1086	mdtA_3			
CHQ_3_04395	CDS	1086	mdtA_3			Multidrug resistance protein MdtA
CHQ_3_04396	gene	111				
CHQ_3_04396	CDS	111				hypothetical protein
CHQ_3_04397	gene	432	uspG_3			
CHQ_3_04397	CDS	432	uspG_3		COG0589	Universal stress protein UP12
CHQ_3_04398	gene	2688	ctpF_2			
CHQ_3_04398	CDS	2688	ctpF_2	3.6.3.-	COG0474	putative cation-transporting ATPase F
CHQ_3_04399	gene	1284	ybhC			
CHQ_3_04399	CDS	1284	ybhC	3.1.2.-	COG4677	Putative acyl-CoA thioester hydrolase YbhC
CHQ_3_04400	gene	1260	hutI			
CHQ_3_04400	CDS	1260	hutI	3.5.2.7	COG1228	Imidazolonepropionase
CHQ_3_04401	gene	957	hutG			
CHQ_3_04401	CDS	957	hutG	3.5.3.8	COG0010	Formimidoylglutamase
CHQ_3_04402	gene	726	nagR			
CHQ_3_04402	CDS	726	nagR		COG2188	HTH-type transcriptional repressor NagR
CHQ_3_04403	gene	1689	hutU			
CHQ_3_04403	CDS	1689	hutU	4.2.1.49	COG2987	Urocanate hydratase
CHQ_3_04404	gene	1536	hutH_2			
CHQ_3_04404	CDS	1536	hutH_2	4.3.1.3	COG2986	Histidine ammonia-lyase
CHQ_3_04405	gene	1383	proY_2			
CHQ_3_04405	CDS	1383	proY_2		COG1113	Proline-specific permease ProY
CHQ_3_04406	gene	477				
CHQ_3_04406	CDS	477				hypothetical protein
CHQ_3_04407	gene	1290	bioA			
CHQ_3_04407	CDS	1290	bioA	2.6.1.62	COG0161	Adenosylmethionine-8-amino-7-oxononanoate aminotransferase
CHQ_3_04408	gene	1041	bioB			
CHQ_3_04408	CDS	1041	bioB	2.8.1.6	COG0502	Biotin synthase
CHQ_3_04409	gene	1158	bioF			
CHQ_3_04409	CDS	1158	bioF	2.3.1.47	COG0156	8-amino-7-oxononanoate synthase
CHQ_3_04410	gene	756	bioC			
CHQ_3_04410	CDS	756	bioC	2.1.1.197	COG0500	Malonyl-[acyl-carrier protein] O-methyltransferase
CHQ_3_04411	gene	723	bioD1_2			
CHQ_3_04411	CDS	723	bioD1_2	6.3.3.3	COG0132	ATP-dependent dethiobiotin synthetase BioD 1
CHQ_3_04412	gene	723	livF_6			
CHQ_3_04412	CDS	723	livF_6		COG0410	High-affinity branched-chain amino acid transport ATP-binding protein LivF
CHQ_3_04413	gene	2022	uvrB			
CHQ_3_04413	CDS	2022	uvrB		COG0556	UvrABC system protein B
CHQ_3_04414	gene	93				
CHQ_3_04414	CDS	93				hypothetical protein
CHQ_3_04415	gene	1098	basS			
CHQ_3_04415	CDS	1098	basS	2.7.13.3		Sensor protein BasS
CHQ_3_04416	gene	672	basR			
CHQ_3_04416	CDS	672	basR			Transcriptional regulatory protein BasR
CHQ_3_04417	gene	1641	eptA			
CHQ_3_04417	CDS	1641	eptA	2.7.-.-	COG2194	Phosphoethanolamine transferase EptA
CHQ_3_04418	gene	906	ybhK			
CHQ_3_04418	CDS	906	ybhK		COG0391	Putative gluconeogenesis factor
CHQ_3_04419	gene	990	moaA			
CHQ_3_04419	CDS	990	moaA	4.1.99.22	COG2896	GTP 3',8-cyclase
CHQ_3_04420	gene	513	moaB			
CHQ_3_04420	CDS	513	moaB		COG0521	Molybdenum cofactor biosynthesis protein B
CHQ_3_04421	gene	489	moaC			
CHQ_3_04421	CDS	489	moaC	4.6.1.17	COG0315	Cyclic pyranopterin monophosphate synthase
CHQ_3_04422	gene	249	moaD			
CHQ_3_04422	CDS	249	moaD		COG1977	Molybdopterin synthase sulfur carrier subunit
CHQ_3_04423	gene	453	moaE			
CHQ_3_04423	CDS	453	moaE	2.8.1.12	COG0314	Molybdopterin synthase catalytic subunit
CHQ_3_04424	gene	705	ybhL			
CHQ_3_04424	CDS	705	ybhL		COG0670	Inner membrane protein YbhL
CHQ_3_04425	gene	966	ybhN			
CHQ_3_04425	CDS	966	ybhN		COG0392	Inner membrane protein YbhN
CHQ_3_04426	gene	1245	clsB			
CHQ_3_04426	CDS	1245	clsB	2.7.8.-	COG1502	Cardiolipin synthase B
CHQ_3_04427	gene	762				
CHQ_3_04427	CDS	762				hypothetical protein
CHQ_3_04428	gene	438	ybhQ			
CHQ_3_04428	CDS	438	ybhQ			Inner membrane protein YbhQ
CHQ_3_04429	gene	1107	ybhR			
CHQ_3_04429	CDS	1107	ybhR		COG0842	putative multidrug ABC transporter permease YbhR
CHQ_3_04430	gene	1134	ybhS			
CHQ_3_04430	CDS	1134	ybhS		COG0842	putative multidrug ABC transporter permease YbhS
CHQ_3_04431	gene	1740	ybhF			
CHQ_3_04431	CDS	1740	ybhF		COG1131	putative multidrug ABC transporter ATP-binding protein YbhF
CHQ_3_04432	gene	996				
CHQ_3_04432	CDS	996				hypothetical protein
CHQ_3_04433	gene	660	cecR			
CHQ_3_04433	CDS	660	cecR		COG1309	HTH-type transcriptional dual regulator CecR
CHQ_3_04434	gene	924	perR			
CHQ_3_04434	CDS	924	perR			HTH-type transcriptional regulator PerR
CHQ_3_04435	gene	1335	gudP_2			
CHQ_3_04435	CDS	1335	gudP_2			putative glucarate transporter
CHQ_3_04436	gene	750	fabG_9			
CHQ_3_04436	CDS	750	fabG_9	1.1.1.100		3-oxoacyl-[acyl-carrier-protein] reductase FabG
CHQ_3_04437	gene	846	aptA_2			
CHQ_3_04437	CDS	846	aptA_2	2.2.1.-	COG3959	Apulose-4-phosphate transketolase subunit A
CHQ_3_04438	gene	993	aptB_2			
CHQ_3_04438	CDS	993	aptB_2	2.2.1.-	COG3958	Apulose-4-phosphate transketolase subunit B
CHQ_3_04439	gene	1356	rhlE			
CHQ_3_04439	CDS	1356	rhlE	3.6.4.13	COG0513	ATP-dependent RNA helicase RhlE
CHQ_3_04440	gene	2157	dinG			
CHQ_3_04440	CDS	2157	dinG	3.6.4.12	COG1199	ATP-dependent DNA helicase DinG
CHQ_3_04441	gene	966	ybiB			
CHQ_3_04441	CDS	966	ybiB		COG0547	putative protein YbiB
CHQ_3_04442	gene	261	bhsA_2			
CHQ_3_04442	CDS	261	bhsA_2			Multiple stress resistance protein BhsA
CHQ_3_04443	gene	267	ybiI_2			
CHQ_3_04443	CDS	267	ybiI_2		COG1734	putative protein YbiI
CHQ_3_04444	gene	261				
CHQ_3_04444	CDS	261				hypothetical protein
CHQ_3_04445	gene	615				
CHQ_3_04445	CDS	615				hypothetical protein
CHQ_3_04446	gene	915	rlmF			
CHQ_3_04446	CDS	915	rlmF	2.1.1.181	COG3129	Ribosomal RNA large subunit methyltransferase F
CHQ_3_04447	gene	2196	ybiO			
CHQ_3_04447	CDS	2196	ybiO		COG0668	Moderate conductance mechanosensitive channel YbiO
CHQ_3_04448	gene	723	glnQ_9			
CHQ_3_04448	CDS	723	glnQ_9		COG1126	Glutamine transport ATP-binding protein GlnQ
CHQ_3_04449	gene	660	glnP_3			
CHQ_3_04449	CDS	660	glnP_3		COG0765	Glutamine transport system permease protein GlnP
CHQ_3_04450	gene	747	glnH_5			
CHQ_3_04450	CDS	747	glnH_5		COG0834	Glutamine-binding periplasmic protein
CHQ_3_04451	gene	504	dps			
CHQ_3_04451	CDS	504	dps	1.16.-.-	COG0783	DNA protection during starvation protein
CHQ_3_04452	gene	888	rhtA			
CHQ_3_04452	CDS	888	rhtA		COG5006	Threonine/homoserine exporter RhtA
CHQ_3_04453	gene	513	ompX			
CHQ_3_04453	CDS	513	ompX		COG3637	Outer membrane protein X
CHQ_3_04454	gene	1581	opgE			
CHQ_3_04454	CDS	1581	opgE	2.7.-.-	COG2194	Phosphoethanolamine transferase OpgE
CHQ_3_04455	gene	126	mntS			
CHQ_3_04455	CDS	126	mntS			Small protein MntS
CHQ_3_04456	gene	474	mntR			
CHQ_3_04456	CDS	474	mntR		COG1321	Transcriptional regulator MntR
CHQ_3_04457	gene	1113	ybiR			
CHQ_3_04457	CDS	1113	ybiR		COG0471	Inner membrane protein YbiR
CHQ_3_04458	gene	1377	bglA_3			
CHQ_3_04458	CDS	1377	bglA_3	3.2.1.86	COG2723	Aryl-phospho-beta-D-glucosidase BglA
CHQ_3_04459	gene	717	gmuR			
CHQ_3_04459	CDS	717	gmuR		COG2188	HTH-type transcriptional regulator GmuR
CHQ_3_04460	gene	990	ybiS			
CHQ_3_04460	CDS	990	ybiS	2.-.-.-	COG1376	putative L,D-transpeptidase YbiS
CHQ_3_04461	gene	786				
CHQ_3_04461	CDS	786				hypothetical protein
CHQ_3_04462	gene	1593	ybiT			
CHQ_3_04462	CDS	1593	ybiT		COG0488	putative ABC transporter ATP-binding protein YbiT
CHQ_3_04463	gene	2364				
CHQ_3_04463	CDS	2364				hypothetical protein
CHQ_3_04464	gene	1302	exuT_3			
CHQ_3_04464	CDS	1302	exuT_3			Hexuronate transporter
CHQ_3_04465	gene	1074	cytR_2			
CHQ_3_04465	CDS	1074	cytR_2		COG1609	HTH-type transcriptional repressor CytR
CHQ_3_04466	gene	1266	ybiU			
CHQ_3_04466	CDS	1266	ybiU			putative protein YbiU
CHQ_3_04467	gene	816	ybiV			
CHQ_3_04467	CDS	816	ybiV	3.1.3.23	COG0561	Sugar phosphatase YbiV
CHQ_3_04468	gene	2433	pflD			
CHQ_3_04468	CDS	2433	pflD	4.2.1.172	COG1882	Trans-4-hydroxy-L-proline dehydratase
CHQ_3_04469	gene	900	cutD_2			
CHQ_3_04469	CDS	900	cutD_2	1.97.1.-	COG1180	Choline trimethylamine-lyase activating enzyme
CHQ_3_04470	gene	756	moeB			
CHQ_3_04470	CDS	756	moeB	2.7.7.80	COG0476	Molybdopterin-synthase adenylyltransferase
CHQ_3_04471	gene	1236	moeA			
CHQ_3_04471	CDS	1236	moeA	2.10.1.1	COG0303	Molybdopterin molybdenumtransferase
CHQ_3_04472	gene	942	iaaA			
CHQ_3_04472	CDS	942	iaaA	3.4.19.5	COG1446	Isoaspartyl peptidase
CHQ_3_04473	gene	1860	gsiA_2			
CHQ_3_04473	CDS	1860	gsiA_2	7.4.2.10	COG1123	Glutathione import ATP-binding protein GsiA
CHQ_3_04474	gene	1542	gsiB			
CHQ_3_04474	CDS	1542	gsiB		COG0747	Glutathione-binding protein GsiB
CHQ_3_04475	gene	921	gsiC_4			
CHQ_3_04475	CDS	921	gsiC_4		COG0601	Glutathione transport system permease protein GsiC
CHQ_3_04476	gene	912	gsiD_3			
CHQ_3_04476	CDS	912	gsiD_3		COG1173	Glutathione transport system permease protein GsiD
CHQ_3_04477	gene	666				
CHQ_3_04477	CDS	666		3.1.3.-	COG0560	putative phosphatase
CHQ_3_04478	gene	870				
CHQ_3_04478	CDS	870				hypothetical protein
CHQ_3_04479	gene	462				
CHQ_3_04479	CDS	462				hypothetical protein
CHQ_3_04480	gene	1053	phoE			
CHQ_3_04480	CDS	1053	phoE		COG3203	Outer membrane porin PhoE
CHQ_3_04481	gene	1104	proB			
CHQ_3_04481	CDS	1104	proB	2.7.2.11	COG0263	Glutamate 5-kinase
CHQ_3_04482	gene	1254	proA_3			
CHQ_3_04482	CDS	1254	proA_3	1.2.1.41	COG0014	Gamma-glutamyl phosphate reductase
CHQ_3_04483	gene	76				
CHQ_3_04483	tRNA	76				tRNA-Thr(cgt)
CHQ_3_04484	gene	615				
CHQ_3_04484	CDS	615				hypothetical protein
CHQ_3_04485	gene	444				
CHQ_3_04485	CDS	444				hypothetical protein
CHQ_3_04486	gene	801				
CHQ_3_04486	CDS	801				hypothetical protein
CHQ_3_04487	gene	501				
CHQ_3_04487	CDS	501				hypothetical protein
CHQ_3_04488	gene	948	fimH_2			
CHQ_3_04488	CDS	948	fimH_2			Type 1 fimbrin D-mannose specific adhesin
CHQ_3_04489	gene	504	fimG_2			
CHQ_3_04489	CDS	504	fimG_2			Protein FimG
CHQ_3_04490	gene	525	fimF_2			
CHQ_3_04490	CDS	525	fimF_2			Protein FimF
CHQ_3_04491	gene	2634	fimD_4			
CHQ_3_04491	CDS	2634	fimD_4		COG3188	Outer membrane usher protein FimD
CHQ_3_04492	gene	711	fimC_3			
CHQ_3_04492	CDS	711	fimC_3			Chaperone protein FimC
CHQ_3_04493	gene	543	fimA_3			
CHQ_3_04493	CDS	543	fimA_3			Type-1 fimbrial protein, A chain
CHQ_3_04494	gene	573	fimA_4			
CHQ_3_04494	CDS	573	fimA_4			Type-1 fimbrial protein, A chain
CHQ_3_04495	gene	114				
CHQ_3_04495	CDS	114				hypothetical protein
CHQ_3_04496	gene	2766	pknK			
CHQ_3_04496	CDS	2766	pknK	2.7.11.1	COG2909	Serine/threonine-protein kinase PknK
CHQ_3_04497	gene	960	acoA			
CHQ_3_04497	CDS	960	acoA	1.1.1.-	COG1071	Acetoin:2,6-dichlorophenolindophenol oxidoreductase subunit alpha
CHQ_3_04498	gene	1020	acoB			
CHQ_3_04498	CDS	1020	acoB	1.1.1.-	COG0022	Acetoin:2,6-dichlorophenolindophenol oxidoreductase subunit beta
CHQ_3_04499	gene	1536				
CHQ_3_04499	CDS	1536				hypothetical protein
CHQ_3_04500	gene	1398	lpd			
CHQ_3_04500	CDS	1398	lpd	1.8.1.4	COG1249	Dihydrolipoyl dehydrogenase
CHQ_3_04501	gene	252				
CHQ_3_04501	CDS	252				hypothetical protein
CHQ_3_04502	gene	792	lsrF_2			
CHQ_3_04502	CDS	792	lsrF_2	2.3.1.245	COG1830	3-hydroxy-5-phosphonooxypentane-2,4-dione thiolase
CHQ_3_04503	gene	552	glpP			
CHQ_3_04503	CDS	552	glpP		COG1954	Glycerol uptake operon antiterminator regulatory protein
CHQ_3_04504	gene	1539	lyx_2			
CHQ_3_04504	CDS	1539	lyx_2	2.7.1.-	COG1070	L-xylulose/3-keto-L-gulonate kinase
CHQ_3_04505	gene	762	fabG_10			
CHQ_3_04505	CDS	762	fabG_10	1.1.1.100		3-oxoacyl-[acyl-carrier-protein] reductase FabG
CHQ_3_04506	gene	996				
CHQ_3_04506	CDS	996		1.17.1.9		Formate dehydrogenase, mitochondrial
CHQ_3_04507	gene	1263	gatC_2			
CHQ_3_04507	CDS	1263	gatC_2		COG3775	PTS system galactitol-specific EIIC component
CHQ_3_04508	gene	639	gstB_5			
CHQ_3_04508	CDS	639	gstB_5	2.5.1.18	COG0625	Glutathione S-transferase GstB
CHQ_3_04509	gene	750	yjhP			
CHQ_3_04509	CDS	750	yjhP			putative protein YjhP
CHQ_3_04510	gene	258				
CHQ_3_04510	CDS	258				hypothetical protein
CHQ_3_04511	gene	978	glaH			
CHQ_3_04511	CDS	978	glaH	1.14.11.-		Glutarate 2-hydroxylase
CHQ_3_04512	gene	1269	lhgD			
CHQ_3_04512	CDS	1269	lhgD	1.1.5.-	COG0579	L-2-hydroxyglutarate dehydrogenase
CHQ_3_04513	gene	1449	gabD_2			
CHQ_3_04513	CDS	1449	gabD_2	1.2.1.79	COG1012	Succinate-semialdehyde dehydrogenase [NADP(+)] GabD
CHQ_3_04514	gene	1284	gabT			
CHQ_3_04514	CDS	1284	gabT	2.6.1.19	COG0160	4-aminobutyrate aminotransferase GabT
CHQ_3_04515	gene	1401	gabP			
CHQ_3_04515	CDS	1401	gabP		COG1113	GABA permease
CHQ_3_04516	gene	693	glaR			
CHQ_3_04516	CDS	693	glaR		COG1802	HTH-type transcriptional repressor GlaR
CHQ_3_04517	gene	1404				
CHQ_3_04517	CDS	1404				hypothetical protein
CHQ_3_04518	gene	1287				
CHQ_3_04518	CDS	1287				hypothetical protein
CHQ_3_04519	gene	555				
CHQ_3_04519	CDS	555				hypothetical protein
CHQ_3_04520	gene	2088				
CHQ_3_04520	CDS	2088				hypothetical protein
CHQ_3_04521	gene	1218				
CHQ_3_04521	CDS	1218				hypothetical protein
CHQ_3_04522	gene	1383				
CHQ_3_04522	CDS	1383				hypothetical protein
CHQ_3_04523	gene	1026				
CHQ_3_04523	CDS	1026				hypothetical protein
CHQ_3_04524	gene	1215	mshA_4			
CHQ_3_04524	CDS	1215	mshA_4	2.4.1.250		D-inositol-3-phosphate glycosyltransferase
CHQ_3_04525	gene	1101				
CHQ_3_04525	CDS	1101				hypothetical protein
CHQ_3_04526	gene	414				
CHQ_3_04526	CDS	414				hypothetical protein
CHQ_3_04527	gene	1326				
CHQ_3_04527	CDS	1326				hypothetical protein
CHQ_3_04528	gene	522	lpxD_1			
CHQ_3_04528	CDS	522	lpxD_1	2.3.1.191		UDP-3-O-(3-hydroxymyristoyl)glucosamine N-acyltransferase
CHQ_3_04529	gene	399	crl			
CHQ_3_04529	CDS	399	crl			Sigma factor-binding protein Crl
CHQ_3_04530	gene	1245				
CHQ_3_04530	CDS	1245				hypothetical protein
CHQ_3_04531	gene	459	gpt			
CHQ_3_04531	CDS	459	gpt	2.4.2.22	COG0503	Xanthine phosphoribosyltransferase
CHQ_3_04532	gene	1458	pepD			
CHQ_3_04532	CDS	1458	pepD	3.4.13.18	COG2195	Cytosol non-specific dipeptidase
CHQ_3_04533	gene	447	yafP			
CHQ_3_04533	CDS	447	yafP	2.3.1.-	COG0454	putative N-acetyltransferase YafP
CHQ_3_04534	gene	1089	dinB			
CHQ_3_04534	CDS	1089	dinB	2.7.7.7	COG0389	DNA polymerase IV
CHQ_3_04535	gene	861				
CHQ_3_04535	CDS	861			COG0584	putative protein
CHQ_3_04536	gene	216				
CHQ_3_04536	CDS	216				hypothetical protein
CHQ_3_04537	gene	1224	nqrF			
CHQ_3_04537	CDS	1224	nqrF	7.2.1.1	COG2871	Na(+)-translocating NADH-quinone reductase subunit F
CHQ_3_04538	gene	597	nqrE			
CHQ_3_04538	CDS	597	nqrE	7.2.1.1	COG2209	Na(+)-translocating NADH-quinone reductase subunit E
CHQ_3_04539	gene	639	nqrD			
CHQ_3_04539	CDS	639	nqrD	7.2.1.1	COG1347	Na(+)-translocating NADH-quinone reductase subunit D
CHQ_3_04540	gene	795	nqrC			
CHQ_3_04540	CDS	795	nqrC	7.2.1.1	COG2869	Na(+)-translocating NADH-quinone reductase subunit C
CHQ_3_04541	gene	1239	nqrB			
CHQ_3_04541	CDS	1239	nqrB	7.2.1.1	COG1805	Na(+)-translocating NADH-quinone reductase subunit B
CHQ_3_04542	gene	1344	nqrA			
CHQ_3_04542	CDS	1344	nqrA	7.2.1.1	COG1726	Na(+)-translocating NADH-quinone reductase subunit A
CHQ_3_04543	gene	741				
CHQ_3_04543	CDS	741				hypothetical protein
CHQ_3_04544	gene	768	yafJ			
CHQ_3_04544	CDS	768	yafJ	2.4.2.-	COG0121	Putative glutamine amidotransferase YafJ
CHQ_3_04545	gene	582	gmhA			
CHQ_3_04545	CDS	582	gmhA	5.3.1.28	COG0279	Phosphoheptose isomerase
CHQ_3_04546	gene	2445	fadE			
CHQ_3_04546	CDS	2445	fadE	1.3.8.7	COG1960	Acyl-coenzyme A dehydrogenase
CHQ_3_04547	gene	771	yafV			
CHQ_3_04547	CDS	771	yafV	3.5.1.3		Omega-amidase YafV
CHQ_3_04548	gene	1101	ydiK_2			
CHQ_3_04548	CDS	1101	ydiK_2		COG0628	Putative transport protein YdiK
CHQ_3_04549	gene	591	eamB			
CHQ_3_04549	CDS	591	eamB		COG1280	Cysteine/O-acetylserine efflux protein
CHQ_3_04550	gene	882	cmpR_1			
CHQ_3_04550	CDS	882	cmpR_1			HTH-type transcriptional activator CmpR
CHQ_3_04551	gene	77				
CHQ_3_04551	tRNA	77				tRNA-Asp(gtc)
CHQ_3_04552	gene	741	dnaQ			
CHQ_3_04552	CDS	741	dnaQ	2.7.7.7	COG0847	DNA polymerase III subunit epsilon
CHQ_3_04553	gene	468	rnhA			
CHQ_3_04553	CDS	468	rnhA	3.1.26.4	COG0328	Ribonuclease HI
CHQ_3_04554	gene	723				
CHQ_3_04554	CDS	723				hypothetical protein
CHQ_3_04555	gene	756	gloB			
CHQ_3_04555	CDS	756	gloB	3.1.2.6	COG0491	Hydroxyacylglutathione hydrolase
CHQ_3_04556	gene	1155	mltD			
CHQ_3_04556	CDS	1155	mltD	4.2.2.-	COG0741	Membrane-bound lytic murein transglycosylase D
CHQ_3_04557	gene	771	ycgJ			
CHQ_3_04557	CDS	771	ycgJ	2.1.1.-		putative methyltransferase YcgJ
CHQ_3_04558	gene	807				
CHQ_3_04558	CDS	807				hypothetical protein
CHQ_3_04559	gene	1191	ydhP_3			
CHQ_3_04559	CDS	1191	ydhP_3		COG2814	Inner membrane transport protein YdhP
CHQ_3_04560	gene	906	dmlR_16			
CHQ_3_04560	CDS	906	dmlR_16			HTH-type transcriptional regulator DmlR
CHQ_3_04561	gene	804	dkgB			
CHQ_3_04561	CDS	804	dkgB	1.1.1.346	COG0656	2,5-diketo-D-gluconic acid reductase B
CHQ_3_04562	gene	77				
CHQ_3_04562	tRNA	77				tRNA-Asp(gtc)
CHQ_3_04563	gene	282				
CHQ_3_04563	CDS	282				hypothetical protein
CHQ_3_04564	gene	858				
CHQ_3_04564	CDS	858				hypothetical protein
CHQ_3_04565	gene	381	pld			
CHQ_3_04565	CDS	381	pld	3.1.4.4		Phospholipase D
CHQ_3_04566	gene	1359				
CHQ_3_04566	CDS	1359				hypothetical protein
CHQ_3_04567	gene	567	gmhB			
CHQ_3_04567	CDS	567	gmhB	3.1.3.82	COG0241	D-glycero-beta-D-manno-heptose-1,7-bisphosphate 7-phosphatase
CHQ_3_04568	gene	1032	metN_3			
CHQ_3_04568	CDS	1032	metN_3	3.6.3.-	COG1135	Methionine import ATP-binding protein MetN
CHQ_3_04569	gene	654	metI_4			
CHQ_3_04569	CDS	654	metI_4		COG2011	D-methionine transport system permease protein MetI
CHQ_3_04570	gene	816	metQ_5			
CHQ_3_04570	CDS	816	metQ_5		COG1464	D-methionine-binding lipoprotein MetQ
CHQ_3_04571	gene	408	rcsF			
CHQ_3_04571	CDS	408	rcsF			Outer membrane lipoprotein RcsF
CHQ_3_04572	gene	708	trmO			
CHQ_3_04572	CDS	708	trmO	2.1.1.-	COG1720	tRNA (adenine(37)-N6)-methyltransferase
CHQ_3_04573	gene	1719	proS			
CHQ_3_04573	CDS	1719	proS	6.1.1.15	COG0442	Proline--tRNA ligase
CHQ_3_04574	gene	324				
CHQ_3_04574	CDS	324				hypothetical protein
CHQ_3_04575	gene	699	nlpE			
CHQ_3_04575	CDS	699	nlpE		COG3015	Lipoprotein NlpE
CHQ_3_04576	gene	414	arfB			
CHQ_3_04576	CDS	414	arfB	3.1.1.29	COG1186	Peptidyl-tRNA hydrolase ArfB
CHQ_3_04577	gene	546	yaeQ			
CHQ_3_04577	CDS	546	yaeQ		COG4681	putative protein YaeQ
CHQ_3_04578	gene	201				
CHQ_3_04578	CDS	201				hypothetical protein
CHQ_3_04579	gene	261	rof			
CHQ_3_04579	CDS	261	rof		COG4568	Protein rof
CHQ_3_04580	gene	1302	tilS			
CHQ_3_04580	CDS	1302	tilS	6.3.4.19	COG0037	tRNA(Ile)-lysidine synthase
CHQ_3_04581	gene	390				
CHQ_3_04581	CDS	390				hypothetical protein
CHQ_3_04582	gene	2190	ldcC			
CHQ_3_04582	CDS	2190	ldcC	4.1.1.18	COG1982	Constitutive lysine decarboxylase
CHQ_3_04583	gene	960	accA			
CHQ_3_04583	CDS	960	accA	2.1.3.15	COG0825	Acetyl-coenzyme A carboxylase carboxyl transferase subunit alpha
CHQ_3_04584	gene	3483	dnaE			
CHQ_3_04584	CDS	3483	dnaE	2.7.7.7	COG0587	DNA polymerase III subunit alpha
CHQ_3_04585	gene	600	rnhB			
CHQ_3_04585	CDS	600	rnhB	3.1.26.4	COG0164	Ribonuclease HII
CHQ_3_04586	gene	1152	lpxB			
CHQ_3_04586	CDS	1152	lpxB	2.4.1.182	COG0763	Lipid-A-disaccharide synthase
CHQ_3_04587	gene	789	lpxA			
CHQ_3_04587	CDS	789	lpxA	2.3.1.129	COG1043	Acyl-[acyl-carrier-protein]--UDP-N-acetylglucosamine O-acyltransferase
CHQ_3_04588	gene	456	fabZ			
CHQ_3_04588	CDS	456	fabZ	4.2.1.59	COG0764	3-hydroxyacyl-[acyl-carrier-protein] dehydratase FabZ
CHQ_3_04589	gene	1026	lpxD_2			
CHQ_3_04589	CDS	1026	lpxD_2	2.3.1.191	COG1044	UDP-3-O-(3-hydroxymyristoyl)glucosamine N-acyltransferase
CHQ_3_04590	gene	486	skp			
CHQ_3_04590	CDS	486	skp		COG2825	Chaperone protein Skp
CHQ_3_04591	gene	2430	bamA_2			
CHQ_3_04591	CDS	2430	bamA_2		COG4775	Outer membrane protein assembly factor BamA
CHQ_3_04592	gene	1353	rseP			
CHQ_3_04592	CDS	1353	rseP	3.4.24.-	COG0750	Regulator of sigma-E protease RseP
CHQ_3_04593	gene	858	cdsA			
CHQ_3_04593	CDS	858	cdsA	2.7.7.41	COG0575	Phosphatidate cytidylyltransferase
CHQ_3_04594	gene	690	ispU			
CHQ_3_04594	CDS	690	ispU	2.5.1.31	COG0020	Ditrans,polycis-undecaprenyl-diphosphate synthase ((2E,6E)-farnesyl-diphosphate specific)
CHQ_3_04595	gene	1203	dxr			
CHQ_3_04595	CDS	1203	dxr	1.1.1.267	COG0743	1-deoxy-D-xylulose 5-phosphate reductoisomerase
CHQ_3_04596	gene	558	frr			
CHQ_3_04596	CDS	558	frr		COG0233	Ribosome-recycling factor
CHQ_3_04597	gene	726	pyrH			
CHQ_3_04597	CDS	726	pyrH	2.7.4.22	COG0528	Uridylate kinase
CHQ_3_04598	gene	852	tsf			
CHQ_3_04598	CDS	852	tsf		COG0264	Elongation factor Ts
CHQ_3_04599	gene	726	rpsB			
CHQ_3_04599	CDS	726	rpsB		COG0052	30S ribosomal protein S2
CHQ_3_04600	gene	795	map_2			
CHQ_3_04600	CDS	795	map_2	3.4.11.18	COG0024	Methionine aminopeptidase
CHQ_3_04601	gene	2664	glnD			
CHQ_3_04601	CDS	2664	glnD		COG2844	Bifunctional uridylyltransferase/uridylyl-removing enzyme
CHQ_3_04602	gene	825	dapD			
CHQ_3_04602	CDS	825	dapD	2.3.1.117	COG2171	2,3,4,5-tetrahydropyridine-2,6-dicarboxylate N-succinyltransferase
CHQ_3_04603	gene	387				
CHQ_3_04603	CDS	387				hypothetical protein
CHQ_3_04604	gene	1212	cdaR			
CHQ_3_04604	CDS	1212	cdaR		COG3835	Carbohydrate diacid regulator
CHQ_3_04605	gene	1434	degP			
CHQ_3_04605	CDS	1434	degP	3.4.21.107	COG0265	Periplasmic serine endoprotease DegP
CHQ_3_04606	gene	1515	dgt			
CHQ_3_04606	CDS	1515	dgt	3.1.5.1	COG0232	Deoxyguanosinetriphosphate triphosphohydrolase
CHQ_3_04607	gene	699	mtnN			
CHQ_3_04607	CDS	699	mtnN	3.2.2.9	COG0775	5'-methylthioadenosine/S-adenosylhomocysteine nucleosidase
CHQ_3_04608	gene	801	btuF_2			
CHQ_3_04608	CDS	801	btuF_2		COG0614	Vitamin B12-binding protein
CHQ_3_04609	gene	627				
CHQ_3_04609	CDS	627				hypothetical protein
CHQ_3_04610	gene	345	erpA			
CHQ_3_04610	CDS	345	erpA		COG0316	Iron-sulfur cluster insertion protein ErpA
CHQ_3_04611	gene	1512	clcA			
CHQ_3_04611	CDS	1512	clcA		COG0038	H(+)/Cl(-) exchange transporter ClcA
CHQ_3_04612	gene	1281	hemL			
CHQ_3_04612	CDS	1281	hemL	5.4.3.8	COG0001	Glutamate-1-semialdehyde 2,1-aminomutase
CHQ_3_04613	gene	1983	fhuB			
CHQ_3_04613	CDS	1983	fhuB		COG0609	Iron(3+)-hydroxamate import system permease protein FhuB
CHQ_3_04614	gene	891	fhuD			
CHQ_3_04614	CDS	891	fhuD		COG0614	Iron(3+)-hydroxamate-binding protein FhuD
CHQ_3_04615	gene	798	fhuC_2			
CHQ_3_04615	CDS	798	fhuC_2	7.2.2.16	COG1120	Iron(3+)-hydroxamate import ATP-binding protein FhuC
CHQ_3_04616	gene	2208	fhuA_2			
CHQ_3_04616	CDS	2208	fhuA_2		COG1629	Ferrichrome outer membrane transporter/phage receptor
CHQ_3_04617	gene	2562	mrcB			
CHQ_3_04617	CDS	2562	mrcB		COG0744	Penicillin-binding protein 1B
CHQ_3_04618	gene	375	pulS			
CHQ_3_04618	CDS	375	pulS			Pullulanase secretion protein PulS
CHQ_3_04619	gene	558				
CHQ_3_04619	CDS	558				hypothetical protein
CHQ_3_04620	gene	3291	pulA			
CHQ_3_04620	CDS	3291	pulA	3.2.1.41		Pullulanase
CHQ_3_04621	gene	843	outC			
CHQ_3_04621	CDS	843	outC		COG3031	Type II secretion system protein C
CHQ_3_04622	gene	1974	pulD			
CHQ_3_04622	CDS	1974	pulD			Secretin PulD
CHQ_3_04623	gene	1494	epsE_1			
CHQ_3_04623	CDS	1494	epsE_1		COG2804	Type II secretion system protein E
CHQ_3_04624	gene	1215	epsF_1			
CHQ_3_04624	CDS	1215	epsF_1		COG1459	Type II secretion system protein F
CHQ_3_04625	gene	423	pulG			
CHQ_3_04625	CDS	423	pulG			Type II secretion system protein G
CHQ_3_04626	gene	516	gspH			
CHQ_3_04626	CDS	516	gspH		COG2165	Putative type II secretion system protein H
CHQ_3_04627	gene	366				
CHQ_3_04627	CDS	366				hypothetical protein
CHQ_3_04628	gene	597	xcpW			
CHQ_3_04628	CDS	597	xcpW		COG4795	Type II secretion system protein J
CHQ_3_04629	gene	981	gspK			
CHQ_3_04629	CDS	981	gspK		COG3156	Putative type II secretion system protein K
CHQ_3_04630	gene	1197	epsL			
CHQ_3_04630	CDS	1197	epsL		COG3297	Type II secretion system protein L
CHQ_3_04631	gene	486	epsM			
CHQ_3_04631	CDS	486	epsM		COG3149	Type II secretion system protein M
CHQ_3_04632	gene	729	outN			
CHQ_3_04632	CDS	729	outN			Type II secretion system protein N
CHQ_3_04633	gene	801	outO			
CHQ_3_04633	CDS	801	outO			Type 4 prepilin-like proteins leader peptide-processing enzyme
CHQ_3_04634	gene	2430	hrpB			
CHQ_3_04634	CDS	2430	hrpB	3.6.4.13	COG1643	ATP-dependent RNA helicase HrpB
CHQ_3_04635	gene	537	thpR			
CHQ_3_04635	CDS	537	thpR	3.1.4.58	COG1514	RNA 2',3'-cyclic phosphodiesterase
CHQ_3_04636	gene	717	sfsA			
CHQ_3_04636	CDS	717	sfsA		COG1489	Sugar fermentation stimulation protein A
CHQ_3_04637	gene	456	dksA			
CHQ_3_04637	CDS	456	dksA		COG1734	RNA polymerase-binding transcription factor DksA
CHQ_3_04638	gene	882	gluQ			
CHQ_3_04638	CDS	882	gluQ	6.1.1.-	COG0008	Glutamyl-Q tRNA(Asp) synthetase
CHQ_3_04639	gene	1362	pcnB			
CHQ_3_04639	CDS	1362	pcnB	2.7.7.19	COG0617	Poly(A) polymerase I
CHQ_3_04640	gene	480	folK			
CHQ_3_04640	CDS	480	folK	2.7.6.3	COG0801	2-amino-4-hydroxy-6-hydroxymethyldihydropteridine pyrophosphokinase
CHQ_3_04641	gene	792	panB			
CHQ_3_04641	CDS	792	panB	2.1.2.11	COG0413	3-methyl-2-oxobutanoate hydroxymethyltransferase
CHQ_3_04642	gene	855	panC			
CHQ_3_04642	CDS	855	panC	6.3.2.1	COG0414	Pantothenate synthetase
CHQ_3_04643	gene	381	panD			
CHQ_3_04643	CDS	381	panD	4.1.1.11		Aspartate 1-decarboxylase
CHQ_3_04644	gene	1254				
CHQ_3_04644	CDS	1254				hypothetical protein
CHQ_3_04645	gene	441				
CHQ_3_04645	CDS	441				hypothetical protein
CHQ_3_04646	gene	768	yadH			
CHQ_3_04646	CDS	768	yadH		COG0842	Inner membrane transport permease YadH
CHQ_3_04647	gene	927	yadG			
CHQ_3_04647	CDS	927	yadG		COG1131	putative ABC transporter ATP-binding protein YadG
CHQ_3_04648	gene	663	can_2			
CHQ_3_04648	CDS	663	can_2	4.2.1.1	COG0288	Carbonic anhydrase 2
CHQ_3_04649	gene	537	hpt			
CHQ_3_04649	CDS	537	hpt	2.4.2.8	COG0634	Hypoxanthine phosphoribosyltransferase
CHQ_3_04650	gene	2391	gcd			
CHQ_3_04650	CDS	2391	gcd	1.1.5.2	COG4993	Quinoprotein glucose dehydrogenase
CHQ_3_04651	gene	1611	cueO			
CHQ_3_04651	CDS	1611	cueO		COG2132	Blue copper oxidase CueO
CHQ_3_04652	gene	327				
CHQ_3_04652	CDS	327				hypothetical protein
CHQ_3_04653	gene	411				
CHQ_3_04653	CDS	411				hypothetical protein
CHQ_3_04654	gene	1764				
CHQ_3_04654	CDS	1764				hypothetical protein
CHQ_3_04655	gene	861	speE			
CHQ_3_04655	CDS	861	speE	2.5.1.-	COG0421	Polyamine aminopropyltransferase
CHQ_3_04656	gene	795	speD			
CHQ_3_04656	CDS	795	speD	4.1.1.50	COG1586	S-adenosylmethionine decarboxylase proenzyme
CHQ_3_04657	gene	363				
CHQ_3_04657	CDS	363				hypothetical protein
CHQ_3_04658	gene	2598	acnB			
CHQ_3_04658	CDS	2598	acnB	4.2.1.3	COG1049	Aconitate hydratase B
CHQ_3_04659	gene	1578				
CHQ_3_04659	CDS	1578				hypothetical protein
CHQ_3_04660	gene	807				
CHQ_3_04660	CDS	807				hypothetical protein
CHQ_3_04661	gene	285				
CHQ_3_04661	CDS	285				hypothetical protein
CHQ_3_04662	gene	1425	lpdA			
CHQ_3_04662	CDS	1425	lpdA	1.8.1.4	COG1249	Dihydrolipoyl dehydrogenase
CHQ_3_04663	gene	1899	aceF			
CHQ_3_04663	CDS	1899	aceF	2.3.1.12	COG0508	Dihydrolipoyllysine-residue acetyltransferase component of pyruvate dehydrogenase complex
CHQ_3_04664	gene	2664	aceE			
CHQ_3_04664	CDS	2664	aceE	1.2.4.1	COG2609	Pyruvate dehydrogenase E1 component
CHQ_3_04665	gene	780	pdhR			
CHQ_3_04665	CDS	780	pdhR		COG2186	Pyruvate dehydrogenase complex repressor
CHQ_3_04666	gene	1371	aroP_2			
CHQ_3_04666	CDS	1371	aroP_2		COG1113	Aromatic amino acid transport protein AroP
CHQ_3_04667	gene	1407	yicJ_4			
CHQ_3_04667	CDS	1407	yicJ_4		COG2211	Inner membrane symporter YicJ
CHQ_3_04668	gene	951				
CHQ_3_04668	CDS	951		3.2.1.55	COG3940	Extracellular exo-alpha-(1->5)-L-arabinofuranosidase
CHQ_3_04669	gene	855	ampE			
CHQ_3_04669	CDS	855	ampE		COG3725	Protein AmpE
CHQ_3_04670	gene	564	ampD			
CHQ_3_04670	CDS	564	ampD	3.5.1.28		1,6-anhydro-N-acetylmuramyl-L-alanine amidase AmpD
CHQ_3_04671	gene	894	nadC			
CHQ_3_04671	CDS	894	nadC	2.4.2.19	COG0157	Nicotinate-nucleotide pyrophosphorylase [carboxylating]
CHQ_3_04672	gene	432				
CHQ_3_04672	CDS	432				hypothetical protein
CHQ_3_04673	gene	1386	epsE_2			
CHQ_3_04673	CDS	1386	epsE_2		COG2804	Type II secretion system protein E
CHQ_3_04674	gene	1206	epsF_2			
CHQ_3_04674	CDS	1206	epsF_2		COG1459	Type II secretion system protein F
CHQ_3_04675	gene	1044	guaC			
CHQ_3_04675	CDS	1044	guaC	1.7.1.7	COG0516	GMP reductase
CHQ_3_04676	gene	621	coaE			
CHQ_3_04676	CDS	621	coaE	2.7.1.24	COG0237	Dephospho-CoA kinase
CHQ_3_04677	gene	744	zapD			
CHQ_3_04677	CDS	744	zapD		COG4582	Cell division protein ZapD
CHQ_3_04678	gene	195	yacG			
CHQ_3_04678	CDS	195	yacG		COG3024	DNA gyrase inhibitor YacG
CHQ_3_04679	gene	393	mutT			
CHQ_3_04679	CDS	393	mutT	3.6.1.55	COG0494	8-oxo-dGTP diphosphatase
CHQ_3_04680	gene	2706	secA			
CHQ_3_04680	CDS	2706	secA		COG0653	Protein translocase subunit SecA
CHQ_3_04681	gene	504	secM			
CHQ_3_04681	CDS	504	secM			Secretion monitor
CHQ_3_04682	gene	918	lpxC			
CHQ_3_04682	CDS	918	lpxC	3.5.1.108	COG0774	UDP-3-O-acyl-N-acetylglucosamine deacetylase
CHQ_3_04683	gene	1152	ftsZ			
CHQ_3_04683	CDS	1152	ftsZ		COG0206	Cell division protein FtsZ
CHQ_3_04684	gene	1263	ftsA_2			
CHQ_3_04684	CDS	1263	ftsA_2		COG0849	Cell division protein FtsA
CHQ_3_04685	gene	831	ftsQ			
CHQ_3_04685	CDS	831	ftsQ		COG1589	Cell division protein FtsQ
CHQ_3_04686	gene	921	ddlB			
CHQ_3_04686	CDS	921	ddlB	6.3.2.4	COG1181	D-alanine--D-alanine ligase B
CHQ_3_04687	gene	1476	murC			
CHQ_3_04687	CDS	1476	murC	6.3.2.8	COG0773	UDP-N-acetylmuramate--L-alanine ligase
CHQ_3_04688	gene	1047	murG			
CHQ_3_04688	CDS	1047	murG	2.4.1.227	COG0707	UDP-N-acetylglucosamine--N-acetylmuramyl-(pentapeptide) pyrophosphoryl-undecaprenol N-acetylglucosamine transferase
CHQ_3_04689	gene	1275	ftsW			
CHQ_3_04689	CDS	1275	ftsW	2.4.1.129	COG0772	putative peptidoglycan glycosyltransferase FtsW
CHQ_3_04690	gene	1317	murD			
CHQ_3_04690	CDS	1317	murD	6.3.2.9	COG0771	UDP-N-acetylmuramoylalanine--D-glutamate ligase
CHQ_3_04691	gene	1083	mraY			
CHQ_3_04691	CDS	1083	mraY	2.7.8.13	COG0472	Phospho-N-acetylmuramoyl-pentapeptide-transferase
CHQ_3_04692	gene	1359	murF			
CHQ_3_04692	CDS	1359	murF	6.3.2.10	COG0770	UDP-N-acetylmuramoyl-tripeptide--D-alanyl-D-alanine ligase
CHQ_3_04693	gene	1488	murE			
CHQ_3_04693	CDS	1488	murE	6.3.2.13	COG0769	UDP-N-acetylmuramoyl-L-alanyl-D-glutamate--2,6-diaminopimelate ligase
CHQ_3_04694	gene	1767	ftsI_2			
CHQ_3_04694	CDS	1767	ftsI_2	3.4.16.4	COG0768	Peptidoglycan D,D-transpeptidase FtsI
CHQ_3_04695	gene	366	ftsL			
CHQ_3_04695	CDS	366	ftsL		COG3116	Cell division protein FtsL
CHQ_3_04696	gene	942	rsmH			
CHQ_3_04696	CDS	942	rsmH	2.1.1.199	COG0275	Ribosomal RNA small subunit methyltransferase H
CHQ_3_04697	gene	459	mraZ			
CHQ_3_04697	CDS	459	mraZ		COG2001	Transcriptional regulator MraZ
CHQ_3_04698	gene	1005	cra_2			
CHQ_3_04698	CDS	1005	cra_2		COG1609	Catabolite repressor/activator
CHQ_3_04699	gene	492	ilvH			
CHQ_3_04699	CDS	492	ilvH	2.2.1.6	COG0440	Acetolactate synthase isozyme 3 small subunit
CHQ_3_04700	gene	1725	ilvI			
CHQ_3_04700	CDS	1725	ilvI	2.2.1.6	COG0028	Acetolactate synthase isozyme 3 large subunit
CHQ_3_04701	gene	951	leuO			
CHQ_3_04701	CDS	951	leuO			HTH-type transcriptional regulator LeuO
CHQ_3_04702	gene	1572	leuA_2			
CHQ_3_04702	CDS	1572	leuA_2	2.3.3.13	COG0119	2-isopropylmalate synthase
CHQ_3_04703	gene	1092	leuB			
CHQ_3_04703	CDS	1092	leuB	1.1.1.85	COG0473	3-isopropylmalate dehydrogenase
CHQ_3_04704	gene	1401	leuC			
CHQ_3_04704	CDS	1401	leuC	4.2.1.33	COG0065	3-isopropylmalate dehydratase large subunit
CHQ_3_04705	gene	606	leuD1			
CHQ_3_04705	CDS	606	leuD1	4.2.1.33	COG0066	3-isopropylmalate dehydratase small subunit 1
CHQ_3_04706	gene	2034				
CHQ_3_04706	CDS	2034		1.-.-.-		NADH oxidase
CHQ_3_04707	gene	864	aroE_2			
CHQ_3_04707	CDS	864	aroE_2	1.1.1.25	COG0169	Shikimate dehydrogenase (NADP(+))
CHQ_3_04708	gene	1215	ydiM			
CHQ_3_04708	CDS	1215	ydiM			Inner membrane transport protein YdiM
CHQ_3_04709	gene	756	aroD			
CHQ_3_04709	CDS	756	aroD	4.2.1.10	COG0710	3-dehydroquinate dehydratase
CHQ_3_04710	gene	897	gltC_4			
CHQ_3_04710	CDS	897	gltC_4			HTH-type transcriptional regulator GltC
CHQ_3_04711	gene	1311	gudP_3			
CHQ_3_04711	CDS	1311	gudP_3			putative glucarate transporter
CHQ_3_04712	gene	1185	setA			
CHQ_3_04712	CDS	1185	setA			Sugar efflux transporter A
CHQ_3_04713	gene	153				
CHQ_3_04713	CDS	153				hypothetical protein
CHQ_3_04714	gene	1656	sgrR_2			
CHQ_3_04714	CDS	1656	sgrR_2		COG4533	HTH-type transcriptional regulator SgrR
CHQ_3_04715	gene	984	thiB			
CHQ_3_04715	CDS	984	thiB		COG4143	Thiamine-binding periplasmic protein
CHQ_3_04716	gene	1611				
CHQ_3_04716	CDS	1611				hypothetical protein
CHQ_3_04717	gene	702	thiQ			
CHQ_3_04717	CDS	702	thiQ	3.6.3.-	COG3840	Thiamine import ATP-binding protein ThiQ
CHQ_3_04718	gene	768	yabI_2			
CHQ_3_04718	CDS	768	yabI_2		COG0586	Inner membrane protein YabI
CHQ_3_04719	gene	846	araC_2			
CHQ_3_04719	CDS	846	araC_2			Arabinose operon regulatory protein
CHQ_3_04720	gene	1710	araB_1			
CHQ_3_04720	CDS	1710	araB_1	2.7.1.16	COG1069	Ribulokinase
CHQ_3_04721	gene	1503	araA			
CHQ_3_04721	CDS	1503	araA	5.3.1.4	COG2160	L-arabinose isomerase
CHQ_3_04722	gene	696	araD			
CHQ_3_04722	CDS	696	araD	5.1.3.4	COG0235	L-ribulose-5-phosphate 4-epimerase AraD
CHQ_3_04723	gene	2358	polB			
CHQ_3_04723	CDS	2358	polB	2.7.7.7	COG0417	DNA polymerase II
CHQ_3_04724	gene	2907	rapA			
CHQ_3_04724	CDS	2907	rapA	3.6.4.-	COG0553	RNA polymerase-associated protein RapA
CHQ_3_04725	gene	660	rluA_2			
CHQ_3_04725	CDS	660	rluA_2	5.4.99.28	COG0564	Dual-specificity RNA pseudouridine synthase RluA
CHQ_3_04726	gene	540	citX			
CHQ_3_04726	CDS	540	citX	2.7.7.61	COG3697	Apo-citrate lyase phosphoribosyl-dephospho-CoA transferase
CHQ_3_04727	gene	1365	cimH_2			
CHQ_3_04727	CDS	1365	cimH_2		COG3493	Citrate/malate transporter
CHQ_3_04728	gene	1626	citA_1			
CHQ_3_04728	CDS	1626	citA_1	2.7.13.3	COG3290	Sensor histidine kinase CitA
CHQ_3_04729	gene	699	citB_1			
CHQ_3_04729	CDS	699	citB_1		COG4565	Transcriptional regulatory protein CitB
CHQ_3_04730	gene	828	djlA			
CHQ_3_04730	CDS	828	djlA		COG1076	Co-chaperone protein DjlA
CHQ_3_04731	gene	2316	lptD			
CHQ_3_04731	CDS	2316	lptD		COG1452	LPS-assembly protein LptD
CHQ_3_04732	gene	1287	surA_2			
CHQ_3_04732	CDS	1287	surA_2	5.2.1.8	COG0760	Chaperone SurA
CHQ_3_04733	gene	990	pdxA			
CHQ_3_04733	CDS	990	pdxA	1.1.1.262	COG1995	4-hydroxythreonine-4-phosphate dehydrogenase
CHQ_3_04734	gene	822	rsmA			
CHQ_3_04734	CDS	822	rsmA	2.1.1.182	COG0030	Ribosomal RNA small subunit methyltransferase A
CHQ_3_04735	gene	378	apaG			
CHQ_3_04735	CDS	378	apaG		COG2967	Protein ApaG
CHQ_3_04736	gene	849	apaH			
CHQ_3_04736	CDS	849	apaH	3.6.1.41	COG0639	Bis(5'-nucleosyl)-tetraphosphatase, symmetrical
CHQ_3_04737	gene	480	folA			
CHQ_3_04737	CDS	480	folA	1.5.1.3	COG0262	Dihydrofolate reductase
CHQ_3_04738	gene	1866	kefC_2			
CHQ_3_04738	CDS	1866	kefC_2		COG0475	Glutathione-regulated potassium-efflux system protein KefC
CHQ_3_04739	gene	534	kefF_2			
CHQ_3_04739	CDS	534	kefF_2	1.6.5.2	COG2249	Glutathione-regulated potassium-efflux system ancillary protein KefF
CHQ_3_04740	gene	234	ygdR_5			
CHQ_3_04740	CDS	234	ygdR_5			putative lipoprotein YgdR
CHQ_3_04741	gene	3225	carB			
CHQ_3_04741	CDS	3225	carB	6.3.5.5	COG0458	Carbamoyl-phosphate synthase large chain
CHQ_3_04742	gene	1149	carA			
CHQ_3_04742	CDS	1149	carA	6.3.5.5	COG0505	Carbamoyl-phosphate synthase small chain
CHQ_3_04743	gene	822	dapB			
CHQ_3_04743	CDS	822	dapB	1.17.1.8	COG0289	4-hydroxy-tetrahydrodipicolinate reductase
CHQ_3_04744	gene	909	citG_2			
CHQ_3_04744	CDS	909	citG_2	2.4.2.52	COG1767	2-(5''-triphosphoribosyl)-3'-dephosphocoenzyme-A synthase
CHQ_3_04745	gene	1509	citF			
CHQ_3_04745	CDS	1509	citF	4.1.3.6	COG3051	Citrate lyase alpha chain
CHQ_3_04746	gene	870	citE			
CHQ_3_04746	CDS	870	citE	4.1.3.6	COG2301	Citrate lyase subunit beta
CHQ_3_04747	gene	294	citD			
CHQ_3_04747	CDS	294	citD		COG3052	Citrate lyase acyl carrier protein
CHQ_3_04748	gene	921	citC			
CHQ_3_04748	CDS	921	citC	6.2.1.22	COG3053	[Citrate [pro-3S]-lyase] ligase
CHQ_3_04749	gene	1341	citS			
CHQ_3_04749	CDS	1341	citS		COG3493	Citrate-sodium symporter
CHQ_3_04750	gene	249	oadG			
CHQ_3_04750	CDS	249	oadG	7.2.4.2	COG3630	Oxaloacetate decarboxylase gamma chain
CHQ_3_04751	gene	1770	oadA			
CHQ_3_04751	CDS	1770	oadA	7.2.4.2	COG0511	Oxaloacetate decarboxylase alpha chain
CHQ_3_04752	gene	1302	oadB			
CHQ_3_04752	CDS	1302	oadB	7.2.4.2	COG1883	Oxaloacetate decarboxylase beta chain
CHQ_3_04753	gene	1644	citA_2			
CHQ_3_04753	CDS	1644	citA_2	2.7.13.3	COG3290	Sensor histidine kinase CitA
CHQ_3_04754	gene	705	citB_2			
CHQ_3_04754	CDS	705	citB_2		COG4565	Transcriptional regulatory protein CitB
CHQ_3_04755	gene	630				
CHQ_3_04755	CDS	630				hypothetical protein
CHQ_3_04756	gene	930	dmlR_17			
CHQ_3_04756	CDS	930	dmlR_17			HTH-type transcriptional regulator DmlR
CHQ_3_04757	gene	366	yhaI			
CHQ_3_04757	CDS	366	yhaI		COG3152	Inner membrane protein YhaI
CHQ_3_04758	gene	915	rihC			
CHQ_3_04758	CDS	915	rihC	3.2.-.-	COG1957	Non-specific ribonucleoside hydrolase RihC
CHQ_3_04759	gene	951	ispH			
CHQ_3_04759	CDS	951	ispH	1.17.7.4	COG0761	4-hydroxy-3-methylbut-2-enyl diphosphate reductase
CHQ_3_04760	gene	450	fkpB			
CHQ_3_04760	CDS	450	fkpB	5.2.1.8	COG1047	FKBP-type 16 kDa peptidyl-prolyl cis-trans isomerase
CHQ_3_04761	gene	501	lspA			
CHQ_3_04761	CDS	501	lspA	3.4.23.36	COG0597	Lipoprotein signal peptidase
CHQ_3_04762	gene	2853	ileS			
CHQ_3_04762	CDS	2853	ileS	6.1.1.5	COG0060	Isoleucine--tRNA ligase
CHQ_3_04763	gene	939	ribF			
CHQ_3_04763	CDS	939	ribF		COG0196	Bifunctional riboflavin kinase/FMN adenylyltransferase
CHQ_3_04764	gene	210				
CHQ_3_04764	CDS	210				hypothetical protein
CHQ_3_04765	gene	897	nhaR			
CHQ_3_04765	CDS	897	nhaR		COG0583	Transcriptional activator protein NhaR
CHQ_3_04766	gene	1224	nhaA			
CHQ_3_04766	CDS	1224	nhaA		COG3004	Na(+)/H(+) antiporter NhaA
CHQ_3_04767	gene	1134	dnaJ			
CHQ_3_04767	CDS	1134	dnaJ		COG0484	Chaperone protein DnaJ
CHQ_3_04768	gene	1917	dnaK_1			
CHQ_3_04768	CDS	1917	dnaK_1		COG0443	Chaperone protein DnaK
CHQ_3_04769	gene	405				
CHQ_3_04769	CDS	405				hypothetical protein
CHQ_3_04770	gene	750				
CHQ_3_04770	CDS	750				hypothetical protein
CHQ_3_04771	gene	567	satP			
CHQ_3_04771	CDS	567	satP		COG1584	Succinate-acetate/proton symporter SatP
CHQ_3_04772	gene	1302	proP_4			
CHQ_3_04772	CDS	1302	proP_4			Proline/betaine transporter
CHQ_3_04773	gene	588	mog			
CHQ_3_04773	CDS	588	mog	2.7.7.75	COG0521	Molybdopterin adenylyltransferase
CHQ_3_04774	gene	954	talB_2			
CHQ_3_04774	CDS	954	talB_2	2.2.1.2	COG0176	Transaldolase B
CHQ_3_04775	gene	1431	alsT			
CHQ_3_04775	CDS	1431	alsT		COG1115	Amino-acid carrier protein AlsT
CHQ_3_04776	gene	774	yaaA			
CHQ_3_04776	CDS	774	yaaA		COG3022	Peroxide stress resistance protein YaaA
CHQ_3_04777	gene	1281	thrC			
CHQ_3_04777	CDS	1281	thrC	4.2.3.1	COG0498	Threonine synthase
CHQ_3_04778	gene	930	thrB			
CHQ_3_04778	CDS	930	thrB	2.7.1.39	COG0083	Homoserine kinase
CHQ_3_04779	gene	2463	thrA			
CHQ_3_04779	CDS	2463	thrA		COG0460	Bifunctional aspartokinase/homoserine dehydrogenase 1
CHQ_3_04780	gene	738	trmH_2			
CHQ_3_04780	CDS	738	trmH_2	2.1.1.34		tRNA (guanosine(18)-2'-O)-methyltransferase
CHQ_3_04781	gene	717	arcA			
CHQ_3_04781	CDS	717	arcA		COG0745	Aerobic respiration control protein ArcA
CHQ_3_04782	gene	1359	creD			
CHQ_3_04782	CDS	1359	creD		COG4452	Inner membrane protein CreD
CHQ_3_04783	gene	1425	creC			
CHQ_3_04783	CDS	1425	creC	2.7.13.3	COG0642	Sensor protein CreC
CHQ_3_04784	gene	690	creB			
CHQ_3_04784	CDS	690	creB		COG0745	Transcriptional regulatory protein CreB
CHQ_3_04785	gene	474				
CHQ_3_04785	CDS	474				hypothetical protein
CHQ_3_04786	gene	870	rob_3			
CHQ_3_04786	CDS	870	rob_3		COG2207	Right origin-binding protein
CHQ_3_04787	gene	648	cobC_2			
CHQ_3_04787	CDS	648	cobC_2	3.1.3.73	COG0406	Adenosylcobalamin/alpha-ribazole phosphatase
CHQ_3_04788	gene	516	yjjX			
CHQ_3_04788	CDS	516	yjjX	3.6.1.-	COG1986	Inosine/xanthosine triphosphatase
CHQ_3_04789	gene	384	trpR			
CHQ_3_04789	CDS	384	trpR		COG2973	Trp operon repressor
CHQ_3_04790	gene	1962	slt			
CHQ_3_04790	CDS	1962	slt	4.2.2.-	COG0741	Soluble lytic murein transglycosylase
CHQ_3_04791	gene	1668	ettA			
CHQ_3_04791	CDS	1668	ettA		COG0488	Energy-dependent translational throttle protein EttA
CHQ_3_04792	gene	1233	nadR			
CHQ_3_04792	CDS	1233	nadR		COG1056	Trifunctional NAD biosynthesis/regulator protein NadR
CHQ_3_04793	gene	1383	radA			
CHQ_3_04793	CDS	1383	radA	3.6.4.-	COG1066	DNA repair protein RadA
CHQ_3_04794	gene	972	serB			
CHQ_3_04794	CDS	972	serB	3.1.3.3	COG0560	Phosphoserine phosphatase
CHQ_3_04795	gene	648	ytjB			
CHQ_3_04795	CDS	648	ytjB		COG3726	putative inner membrane protein Smp
CHQ_3_04796	gene	1017	lplA			
CHQ_3_04796	CDS	1017	lplA	6.3.1.20	COG0095	Lipoate-protein ligase A
CHQ_3_04797	gene	720	deoD			
CHQ_3_04797	CDS	720	deoD	2.4.2.1	COG0813	Purine nucleoside phosphorylase DeoD-type
CHQ_3_04798	gene	1224	deoB			
CHQ_3_04798	CDS	1224	deoB	5.4.2.7	COG1015	Phosphopentomutase
CHQ_3_04799	gene	1335	deoA			
CHQ_3_04799	CDS	1335	deoA	2.4.2.4	COG0213	Thymidine phosphorylase
CHQ_3_04800	gene	780	deoC			
CHQ_3_04800	CDS	780	deoC	4.1.2.4	COG0274	Deoxyribose-phosphate aldolase
CHQ_3_04801	gene	1278	nupX			
CHQ_3_04801	CDS	1278	nupX		COG1972	Putative nucleoside permease NupX
CHQ_3_04802	gene	795	yjjV			
CHQ_3_04802	CDS	795	yjjV	3.1.-.-	COG0084	putative metal-dependent hydrolase YjjV
CHQ_3_04803	gene	1074				
CHQ_3_04803	CDS	1074				hypothetical protein
CHQ_3_04804	gene	162				
CHQ_3_04804	CDS	162				hypothetical protein
CHQ_3_04805	gene	621	osmY_3			
CHQ_3_04805	CDS	621	osmY_3		COG2823	Osmotically-inducible protein Y
CHQ_3_04806	gene	1590	prfC			
CHQ_3_04806	CDS	1590	prfC		COG4108	Peptide chain release factor RF3
CHQ_3_04807	gene	678	yjjG			
CHQ_3_04807	CDS	678	yjjG	3.1.3.5	COG1011	Pyrimidine 5'-nucleotidase YjjG
CHQ_3_04808	gene	447	rimI			
CHQ_3_04808	CDS	447	rimI	2.3.1.266	COG0456	[Ribosomal protein S18]-alanine N-acetyltransferase
CHQ_3_04809	gene	414	holD			
CHQ_3_04809	CDS	414	holD	2.7.7.7	COG3050	DNA polymerase III subunit psi
CHQ_3_04810	gene	1029	rsmC			
CHQ_3_04810	CDS	1029	rsmC	2.1.1.172	COG2813	Ribosomal RNA small subunit methyltransferase C
CHQ_3_04811	gene	87				
CHQ_3_04811	tRNA	87				tRNA-Leu(cag)
CHQ_3_04812	gene	87				
CHQ_3_04812	tRNA	87				tRNA-Leu(cag)
CHQ_3_04813	gene	87				
CHQ_3_04813	tRNA	87				tRNA-Leu(cag)
CHQ_3_04814	gene	240				
CHQ_3_04814	CDS	240				hypothetical protein
CHQ_3_04815	gene	1047				
CHQ_3_04815	CDS	1047				hypothetical protein
CHQ_3_04816	gene	789	fhuF			
CHQ_3_04816	CDS	789	fhuF		COG4114	Ferric iron reductase protein FhuF
CHQ_3_04817	gene	1344	licC_5			
CHQ_3_04817	CDS	1344	licC_5		COG1455	Lichenan permease IIC component
CHQ_3_04818	gene	459				
CHQ_3_04818	CDS	459				hypothetical protein
CHQ_3_04819	gene	675	bglJ			
CHQ_3_04819	CDS	675	bglJ		COG2197	Transcriptional activator protein BglJ
CHQ_3_04820	gene	723	yjjQ			
CHQ_3_04820	CDS	723	yjjQ			Putative transcription factor YjjQ
CHQ_3_04821	gene	882	rhaR_6			
CHQ_3_04821	CDS	882	rhaR_6			HTH-type transcriptional activator RhaR
CHQ_3_04822	gene	1185	pobA			
CHQ_3_04822	CDS	1185	pobA	1.14.13.2		p-hydroxybenzoate hydroxylase
CHQ_3_04823	gene	777	yjjP			
CHQ_3_04823	CDS	777	yjjP		COG2966	Inner membrane protein YjjP
CHQ_3_04824	gene	474				
CHQ_3_04824	CDS	474				hypothetical protein
CHQ_3_04825	gene	540	dnaT			
CHQ_3_04825	CDS	540	dnaT			Primosomal protein 1
CHQ_3_04826	gene	744	dnaC			
CHQ_3_04826	CDS	744	dnaC		COG1484	DNA replication protein DnaC
CHQ_3_04827	gene	495				
CHQ_3_04827	CDS	495				hypothetical protein
CHQ_3_04828	gene	2292	mdoB			
CHQ_3_04828	CDS	2292	mdoB	2.7.8.20		Phosphoglycerol transferase I
CHQ_3_04829	gene	939				
CHQ_3_04829	CDS	939				ISNCY family transposase ISRor2
CHQ_3_04830	gene	1011	frlB_3			
CHQ_3_04830	CDS	1011	frlB_3	3.5.-.-	COG2222	Fructosamine deglycase FrlB
CHQ_3_04831	gene	1062	glmS_2			
CHQ_3_04831	CDS	1062	glmS_2	2.6.1.16	COG0449	Glutamine--fructose-6-phosphate aminotransferase [isomerizing]
CHQ_3_04832	gene	852	manZ_3			
CHQ_3_04832	CDS	852	manZ_3		COG3716	PTS system mannose-specific EIID component
CHQ_3_04833	gene	780	agaC			
CHQ_3_04833	CDS	780	agaC		COG3715	N-acetylgalactosamine permease IIC component 1
CHQ_3_04834	gene	471				
CHQ_3_04834	CDS	471		2.7.1.-		putative phosphotransferase enzyme IIB component
CHQ_3_04835	gene	423				
CHQ_3_04835	CDS	423				hypothetical protein
CHQ_3_04836	gene	2766	norR_5			
CHQ_3_04836	CDS	2766	norR_5			Anaerobic nitric oxide reductase transcription regulator NorR
CHQ_3_04837	gene	831	mshD			
CHQ_3_04837	CDS	831	mshD	2.3.1.189		Mycothiol acetyltransferase
CHQ_3_04838	gene	534				
CHQ_3_04838	CDS	534				hypothetical protein
CHQ_3_04839	gene	864	hexR_4			
CHQ_3_04839	CDS	864	hexR_4		COG1737	HTH-type transcriptional regulator HexR
CHQ_3_04840	gene	600	dgoA			
CHQ_3_04840	CDS	600	dgoA	4.1.2.21	COG0800	2-dehydro-3-deoxy-6-phosphogalactonate aldolase
CHQ_3_04841	gene	873	dgoK1			
CHQ_3_04841	CDS	873	dgoK1	2.7.1.58	COG3734	putative 2-dehydro-3-deoxygalactonokinase DgoK1
CHQ_3_04842	gene	1485	sglT			
CHQ_3_04842	CDS	1485	sglT			Sodium/glucose cotransporter
CHQ_3_04843	gene	393	rutC_4			
CHQ_3_04843	CDS	393	rutC_4	1.-.-.-		Putative aminoacrylate peracid reductase RutC
CHQ_3_04844	gene	1440	dan			
CHQ_3_04844	CDS	1440	dan	3.5.1.81		D-aminoacylase
CHQ_3_04845	gene	1221				
CHQ_3_04845	CDS	1221		4.1.2.42		D-threonine aldolase
CHQ_3_04846	gene	1017	lhpD			
CHQ_3_04846	CDS	1017	lhpD	1.5.1.21	COG2055	Delta(1)-pyrroline-2-carboxylate/Delta(1)-piperideine-2-carboxylate reductase
CHQ_3_04847	gene	1602	yveA			
CHQ_3_04847	CDS	1602	yveA		COG0531	Aspartate-proton symporter
CHQ_3_04848	gene	1605				
CHQ_3_04848	CDS	1605		1.2.1.26		Alpha-ketoglutaric semialdehyde dehydrogenase
CHQ_3_04849	gene	921	dapAL			
CHQ_3_04849	CDS	921	dapAL	4.-.-.-		putative DapA-like lyase
CHQ_3_04850	gene	825	rhaS_11			
CHQ_3_04850	CDS	825	rhaS_11			HTH-type transcriptional activator RhaS
CHQ_3_04851	gene	948				
CHQ_3_04851	CDS	948		5.1.1.8		4-hydroxyproline 2-epimerase
CHQ_3_04852	gene	1110	thiO			
CHQ_3_04852	CDS	1110	thiO	1.4.3.19	COG0665	Glycine oxidase
CHQ_3_04853	gene	264				
CHQ_3_04853	CDS	264				hypothetical protein
CHQ_3_04854	gene	1263	hcnB			
CHQ_3_04854	CDS	1263	hcnB	1.4.99.5		Hydrogen cyanide synthase subunit HcnB
CHQ_3_04855	gene	441	farR			
CHQ_3_04855	CDS	441	farR			HTH-type transcriptional regulator FarR
CHQ_3_04856	gene	633	hpcE_1			
CHQ_3_04856	CDS	633	hpcE_1		COG0179	Homoprotocatechuate catabolism bifunctional isomerase/decarboxylase
CHQ_3_04857	gene	765	hpcE_2			
CHQ_3_04857	CDS	765	hpcE_2		COG0179	Homoprotocatechuate catabolism bifunctional isomerase/decarboxylase
CHQ_3_04858	gene	1467	betB_3			
CHQ_3_04858	CDS	1467	betB_3	1.2.1.8	COG1012	NAD/NADP-dependent betaine aldehyde dehydrogenase
CHQ_3_04859	gene	858	hpcB			
CHQ_3_04859	CDS	858	hpcB	1.13.11.15	COG3384	3,4-dihydroxyphenylacetate 2,3-dioxygenase
CHQ_3_04860	gene	381	hpcD			
CHQ_3_04860	CDS	381	hpcD	5.3.3.10		5-carboxymethyl-2-hydroxymuconate Delta-isomerase
CHQ_3_04861	gene	804	hpcG			
CHQ_3_04861	CDS	804	hpcG	4.2.1.163		2-oxo-hept-4-ene-1,7-dioate hydratase
CHQ_3_04862	gene	798	hpcH			
CHQ_3_04862	CDS	798	hpcH	4.1.2.52	COG3836	4-hydroxy-2-oxo-heptane-1,7-dioate aldolase
CHQ_3_04863	gene	1359	ttuB_4			
CHQ_3_04863	CDS	1359	ttuB_4			Putative tartrate transporter
CHQ_3_04864	gene	891	rhaR_7			
CHQ_3_04864	CDS	891	rhaR_7			HTH-type transcriptional activator RhaR
CHQ_3_04865	gene	1563	hpaB			
CHQ_3_04865	CDS	1563	hpaB	1.14.14.9	COG2368	4-hydroxyphenylacetate 3-monooxygenase oxygenase component
CHQ_3_04866	gene	513	hpaC			
CHQ_3_04866	CDS	513	hpaC	1.5.1.36	COG1853	4-hydroxyphenylacetate 3-monooxygenase reductase component
CHQ_3_04867	gene	2151	btsT			
CHQ_3_04867	CDS	2151	btsT		COG1966	Pyruvate/proton symporter BtsT
CHQ_3_04868	gene	204				
CHQ_3_04868	CDS	204				hypothetical protein
CHQ_3_04869	gene	957	yjiA			
CHQ_3_04869	CDS	957	yjiA	3.6.-.-	COG0523	P-loop guanosine triphosphatase YjiA
CHQ_3_04870	gene	546				
CHQ_3_04870	CDS	546				hypothetical protein
CHQ_3_04871	gene	321				
CHQ_3_04871	CDS	321				hypothetical protein
CHQ_3_04872	gene	1371	gabD1			
CHQ_3_04872	CDS	1371	gabD1	1.2.1.79	COG1012	Succinate-semialdehyde dehydrogenase [NADP(+)] 1
CHQ_3_04873	gene	915				
CHQ_3_04873	CDS	915				ISNCY family transposase ISRor2
CHQ_3_04874	gene	816	rhaS_12			
CHQ_3_04874	CDS	816	rhaS_12			HTH-type transcriptional activator RhaS
CHQ_3_04875	gene	663	rhtC_3			
CHQ_3_04875	CDS	663	rhtC_3		COG1280	Threonine efflux protein
CHQ_3_04876	gene	1293				
CHQ_3_04876	CDS	1293				hypothetical protein
CHQ_3_04877	gene	1236	mdtM_2			
CHQ_3_04877	CDS	1236	mdtM_2			Multidrug resistance protein MdtM
CHQ_3_04878	gene	240				
CHQ_3_04878	CDS	240				hypothetical protein
CHQ_3_04879	gene	1152	fldC			
CHQ_3_04879	CDS	1152	fldC	4.2.1.-		(R)-phenyllactyl-CoA dehydratase beta subunit
CHQ_3_04880	gene	768	fldI			
CHQ_3_04880	CDS	768	fldI	3.6.1.-		(R)-phenyllactate dehydratase activator
CHQ_3_04881	gene	255				
CHQ_3_04881	CDS	255				hypothetical protein
CHQ_3_04882	gene	1065				
CHQ_3_04882	CDS	1065				hypothetical protein
CHQ_3_04883	gene	1068	yibH_2			
CHQ_3_04883	CDS	1068	yibH_2		COG1566	Inner membrane protein YibH
CHQ_3_04884	gene	465	slyA_3			
CHQ_3_04884	CDS	465	slyA_3			Transcriptional regulator SlyA
CHQ_3_04885	gene	165				
CHQ_3_04885	CDS	165				hypothetical protein
CHQ_3_04886	gene	1413	norG_2			
CHQ_3_04886	CDS	1413	norG_2		COG1167	HTH-type transcriptional regulator NorG
CHQ_3_04887	gene	1851	rep_3			
CHQ_3_04887	CDS	1851	rep_3	3.6.4.12		ATP-dependent DNA helicase Rep
CHQ_3_04888	gene	420	fosA			
CHQ_3_04888	CDS	420	fosA	2.5.1.18		Glutathione transferase FosA
CHQ_3_04889	gene	909	syrM1			
CHQ_3_04889	CDS	909	syrM1			HTH-type transcriptional regulator SyrM 1
CHQ_3_04890	gene	783	kefG			
CHQ_3_04890	CDS	783	kefG	1.6.5.2		Glutathione-regulated potassium-efflux system ancillary protein KefG
CHQ_3_04891	gene	585	betI_5			
CHQ_3_04891	CDS	585	betI_5			HTH-type transcriptional regulator BetI
CHQ_3_04892	gene	807				
CHQ_3_04892	CDS	807				hypothetical protein
CHQ_3_04893	gene	519				
CHQ_3_04893	CDS	519				hypothetical protein
CHQ_3_04894	gene	279	pduA_3			
CHQ_3_04894	CDS	279	pduA_3		COG4577	Propanediol utilization protein PduA
CHQ_3_04895	gene	285	pduA_4			
CHQ_3_04895	CDS	285	pduA_4		COG4577	Propanediol utilization protein PduA
CHQ_3_04896	gene	279	pduA_5			
CHQ_3_04896	CDS	279	pduA_5		COG4577	Propanediol utilization protein PduA
CHQ_3_04897	gene	1605	adhE_4			
CHQ_3_04897	CDS	1605	adhE_4		COG1012	Aldehyde-alcohol dehydrogenase
CHQ_3_04898	gene	267				
CHQ_3_04898	CDS	267				hypothetical protein
CHQ_3_04899	gene	1155	adhE_5			
CHQ_3_04899	CDS	1155	adhE_5		COG1012	Aldehyde-alcohol dehydrogenase
CHQ_3_04900	gene	3387	cutC_3			
CHQ_3_04900	CDS	3387	cutC_3	4.3.99.4		Choline trimethylamine-lyase
CHQ_3_04901	gene	948	cutD_3			
CHQ_3_04901	CDS	948	cutD_3	1.97.1.-	COG1180	Choline trimethylamine-lyase activating enzyme
CHQ_3_04902	gene	399				
CHQ_3_04902	CDS	399				hypothetical protein
CHQ_3_04903	gene	621	pduL_2			
CHQ_3_04903	CDS	621	pduL_2	2.3.1.222	COG4869	Phosphate propanoyltransferase
CHQ_3_04904	gene	669				
CHQ_3_04904	CDS	669				hypothetical protein
CHQ_3_04905	gene	405	mdtJ_2			
CHQ_3_04905	CDS	405	mdtJ_2			Spermidine export protein MdtJ
CHQ_3_04906	gene	330	qacC			
CHQ_3_04906	CDS	330	qacC			Quaternary ammonium compound-resistance protein QacC
CHQ_3_04907	gene	1008	trpS2			
CHQ_3_04907	CDS	1008	trpS2	6.1.1.2	COG0180	Tryptophan--tRNA ligase 2
CHQ_3_04908	gene	1068				
CHQ_3_04908	CDS	1068				hypothetical protein
CHQ_3_04909	gene	2745	rbbA			
CHQ_3_04909	CDS	2745	rbbA		COG0842	Ribosome-associated ATPase
CHQ_3_04910	gene	1125	yhhJ			
CHQ_3_04910	CDS	1125	yhhJ		COG0842	Inner membrane transport permease YhhJ
CHQ_3_04911	gene	318				
CHQ_3_04911	CDS	318				hypothetical protein
CHQ_3_04912	gene	111				
CHQ_3_04912	rRNA	111				5S ribosomal RNA
CHQ_3_04913	gene	1407	gnd			
CHQ_3_04913	CDS	1407	gnd	1.1.1.44	COG0362	6-phosphogluconate dehydrogenase, decarboxylating
CHQ_3_04914	gene	1440	tuaB			
CHQ_3_04914	CDS	1440	tuaB		COG2244	Teichuronic acid biosynthesis protein TuaB
CHQ_3_04915	gene	867				
CHQ_3_04915	CDS	867				hypothetical protein
CHQ_3_04916	gene	966				
CHQ_3_04916	CDS	966				hypothetical protein
CHQ_3_04917	gene	1086				
CHQ_3_04917	CDS	1086				hypothetical protein
CHQ_3_04918	gene	1152	mshA_5			
CHQ_3_04918	CDS	1152	mshA_5	2.4.1.250		D-inositol-3-phosphate glycosyltransferase
CHQ_3_04919	gene	1119				
CHQ_3_04919	CDS	1119				hypothetical protein
CHQ_3_04920	gene	1032				
CHQ_3_04920	CDS	1032				hypothetical protein
CHQ_3_04921	gene	978	mshA_6			
CHQ_3_04921	CDS	978	mshA_6	2.4.1.250		D-inositol-3-phosphate glycosyltransferase
CHQ_3_04922	gene	1428				
CHQ_3_04922	CDS	1428				hypothetical protein
CHQ_3_04923	gene	2157				
CHQ_3_04923	CDS	2157		2.7.10.-		Putative tyrosine-protein kinase in cps region
CHQ_3_04924	gene	132	amsI			
CHQ_3_04924	CDS	132	amsI	3.1.3.48	COG0394	putative low molecular weight protein-tyrosine-phosphatase AmsI
CHQ_3_04925	gene	1134				
CHQ_3_04925	CDS	1134				hypothetical protein
CHQ_3_04926	gene	1440				
CHQ_3_04926	CDS	1440				hypothetical protein
CHQ_3_04927	gene	630				
CHQ_3_04927	CDS	630				hypothetical protein
CHQ_3_04928	gene	897	galF			
CHQ_3_04928	CDS	897	galF	2.7.7.9	COG1210	UTP--glucose-1-phosphate uridylyltransferase
CHQ_3_04929	gene	1584				
CHQ_3_04929	CDS	1584				hypothetical protein
CHQ_3_04930	gene	1848				
CHQ_3_04930	CDS	1848				hypothetical protein
CHQ_3_04931	gene	582	dcd			
CHQ_3_04931	CDS	582	dcd	3.5.4.13	COG0717	dCTP deaminase
CHQ_3_04932	gene	642	udk			
CHQ_3_04932	CDS	642	udk	2.7.1.48	COG0572	Uridine kinase
CHQ_3_04933	gene	849	alkA			
CHQ_3_04933	CDS	849	alkA	3.2.2.21	COG0122	DNA-3-methyladenine glycosylase 2
CHQ_3_04934	gene	1353	dnaK_2			
CHQ_3_04934	CDS	1353	dnaK_2			Chaperone protein DnaK
CHQ_3_04935	gene	1935	sasA_4			
CHQ_3_04935	CDS	1935	sasA_4	2.7.-.-		Adaptive-response sensory-kinase SasA
CHQ_3_04936	gene	714	torR			
CHQ_3_04936	CDS	714	torR		COG0745	TorCAD operon transcriptional regulatory protein TorR
CHQ_3_04937	gene	141				
CHQ_3_04937	CDS	141				hypothetical protein
CHQ_3_04938	gene	612				
CHQ_3_04938	CDS	612				hypothetical protein
CHQ_3_04939	gene	1275	dctA_2			
CHQ_3_04939	CDS	1275	dctA_2		COG1301	C4-dicarboxylate transport protein
CHQ_3_04940	gene	1239	mdtA_4			
CHQ_3_04940	CDS	1239	mdtA_4			Multidrug resistance protein MdtA
CHQ_3_04941	gene	3123	mdtB			
CHQ_3_04941	CDS	3123	mdtB			Multidrug resistance protein MdtB
CHQ_3_04942	gene	3078	mdtC			
CHQ_3_04942	CDS	3078	mdtC			Multidrug resistance protein MdtC
CHQ_3_04943	gene	1416	mdtD_2			
CHQ_3_04943	CDS	1416	mdtD_2			Putative multidrug resistance protein MdtD
CHQ_3_04944	gene	1497	baeS			
CHQ_3_04944	CDS	1497	baeS	2.7.13.3	COG0642	Signal transduction histidine-protein kinase BaeS
CHQ_3_04945	gene	723	baeR			
CHQ_3_04945	CDS	723	baeR		COG0745	Transcriptional regulatory protein BaeR
CHQ_3_04946	gene	1362	rlhA_2			
CHQ_3_04946	CDS	1362	rlhA_2		COG0826	23S rRNA 5-hydroxycytidine synthase
CHQ_3_04947	gene	897	yegS			
CHQ_3_04947	CDS	897	yegS	2.7.1.-	COG1597	putative lipid kinase YegS
CHQ_3_04948	gene	774	oppF_4			
CHQ_3_04948	CDS	774	oppF_4		COG4608	Oligopeptide transport ATP-binding protein OppF
CHQ_3_04949	gene	864	oppD_3			
CHQ_3_04949	CDS	864	oppD_3		COG0444	Oligopeptide transport ATP-binding protein OppD
CHQ_3_04950	gene	906	ddpC_3			
CHQ_3_04950	CDS	906	ddpC_3		COG1173	putative D,D-dipeptide transport system permease protein DdpC
CHQ_3_04951	gene	1038	dppB_3			
CHQ_3_04951	CDS	1038	dppB_3		COG0601	Dipeptide transport system permease protein DppB
CHQ_3_04952	gene	1623	ddpA_2			
CHQ_3_04952	CDS	1623	ddpA_2		COG0747	putative D,D-dipeptide-binding periplasmic protein DdpA
CHQ_3_04953	gene	1155	gci			
CHQ_3_04953	CDS	1155	gci	5.5.1.27	COG4948	D-galactarolactone cycloisomerase
CHQ_3_04954	gene	663	hxpB_2			
CHQ_3_04954	CDS	663	hxpB_2	3.1.3.68	COG0637	Hexitol phosphatase B
CHQ_3_04955	gene	1278	csbX_1			
CHQ_3_04955	CDS	1278	csbX_1		COG0477	Alpha-ketoglutarate permease
CHQ_3_04956	gene	1464	xylB_2			
CHQ_3_04956	CDS	1464	xylB_2	2.7.1.17	COG1070	Xylulose kinase
CHQ_3_04957	gene	1368	mtlK			
CHQ_3_04957	CDS	1368	mtlK	1.1.1.67	COG0246	Mannitol 2-dehydrogenase
CHQ_3_04958	gene	942	eryD			
CHQ_3_04958	CDS	942	eryD		COG2390	Erythritol catabolism regulatory protein EryD
CHQ_3_04959	gene	1002	purR_2			
CHQ_3_04959	CDS	1002	purR_2			HTH-type transcriptional repressor PurR
CHQ_3_04960	gene	750	rbtD			
CHQ_3_04960	CDS	750	rbtD	1.1.1.56		Ribitol 2-dehydrogenase
CHQ_3_04961	gene	1608	araB_2			
CHQ_3_04961	CDS	1608	araB_2	2.7.1.16	COG1069	Ribulokinase
CHQ_3_04962	gene	1284	csbX_2			
CHQ_3_04962	CDS	1284	csbX_2		COG0477	Alpha-ketoglutarate permease
CHQ_3_04963	gene	1053	fbaB			
CHQ_3_04963	CDS	1053	fbaB	4.1.2.13	COG1830	Fructose-bisphosphate aldolase class 1
CHQ_3_04964	gene	801	thiD			
CHQ_3_04964	CDS	801	thiD	2.7.1.49	COG0351	Hydroxymethylpyrimidine/phosphomethylpyrimidine kinase
CHQ_3_04965	gene	774	thiM			
CHQ_3_04965	CDS	774	thiM	2.7.1.50	COG2145	Hydroxyethylthiazole kinase
CHQ_3_04966	gene	1977	yjcS_1			
CHQ_3_04966	CDS	1977	yjcS_1	3.1.6.-	COG2015	Putative alkyl/aryl-sulfatase YjcS
CHQ_3_04967	gene	636	iprA_3			
CHQ_3_04967	CDS	636	iprA_3			Inhibitor of hydrogen peroxide resistance
CHQ_3_04968	gene	1977	yjcS_2			
CHQ_3_04968	CDS	1977	yjcS_2	3.1.6.-	COG2015	Putative alkyl/aryl-sulfatase YjcS
CHQ_3_04969	gene	423				
CHQ_3_04969	CDS	423				hypothetical protein
CHQ_3_04970	gene	912	oxyR_5			
CHQ_3_04970	CDS	912	oxyR_5			Hydrogen peroxide-inducible genes activator
CHQ_3_04971	gene	1812	ade2			
CHQ_3_04971	CDS	1812	ade2	3.5.4.2	COG1001	Adenine deaminase 2
CHQ_3_04972	gene	1344	adeQ			
CHQ_3_04972	CDS	1344	adeQ		COG2252	Adenine permease AdeQ
CHQ_3_04973	gene	900	dmlR_18			
CHQ_3_04973	CDS	900	dmlR_18			HTH-type transcriptional regulator DmlR
CHQ_3_04974	gene	318	rcnB			
CHQ_3_04974	CDS	318	rcnB		COG5455	Nickel/cobalt homeostasis protein RcnB
CHQ_3_04975	gene	357				
CHQ_3_04975	CDS	357				hypothetical protein
CHQ_3_04976	gene	1110	apbC			
CHQ_3_04976	CDS	1110	apbC		COG0489	Iron-sulfur cluster carrier protein
CHQ_3_04977	gene	2043	metG			
CHQ_3_04977	CDS	2043	metG	6.1.1.10	COG0073	Methionine--tRNA ligase
CHQ_3_04978	gene	471				
CHQ_3_04978	CDS	471				hypothetical protein
CHQ_3_04979	gene	720	btsR			
CHQ_3_04979	CDS	720	btsR		COG3279	Transcriptional regulatory protein BtsR
CHQ_3_04980	gene	1689	btsS			
CHQ_3_04980	CDS	1689	btsS	2.7.13.3	COG3275	Sensor histidine kinase BtsS
CHQ_3_04981	gene	114				
CHQ_3_04981	CDS	114				hypothetical protein
CHQ_3_04982	gene	738	yehW			
CHQ_3_04982	CDS	738	yehW		COG1174	Glycine betaine uptake system permease protein YehW
CHQ_3_04983	gene	948	yehX			
CHQ_3_04983	CDS	948	yehX	3.6.3.-	COG1125	Glycine betaine uptake system ATP-binding protein YehX
CHQ_3_04984	gene	1158	yehY			
CHQ_3_04984	CDS	1158	yehY		COG1174	Glycine betaine uptake system permease protein YehY
CHQ_3_04985	gene	918	yehZ			
CHQ_3_04985	CDS	918	yehZ		COG1732	Glycine betaine-binding protein YehZ
CHQ_3_04986	gene	2298				
CHQ_3_04986	CDS	2298		3.2.1.-		Beta-xylosidase
CHQ_3_04987	gene	1746	dld			
CHQ_3_04987	CDS	1746	dld	1.1.5.12	COG0277	Quinone-dependent D-lactate dehydrogenase
CHQ_3_04988	gene	555	pat_2			
CHQ_3_04988	CDS	555	pat_2	2.3.1.183	COG1247	Phosphinothricin N-acetyltransferase
CHQ_3_04989	gene	951	pbpG			
CHQ_3_04989	CDS	951	pbpG	3.4.21.-	COG1686	D-alanyl-D-alanine endopeptidase
CHQ_3_04990	gene	588	yohC			
CHQ_3_04990	CDS	588	yohC			Inner membrane protein YohC
CHQ_3_04991	gene	570	yohD			
CHQ_3_04991	CDS	570	yohD		COG0586	Inner membrane protein YohD
CHQ_3_04992	gene	1440	cusC_3			
CHQ_3_04992	CDS	1440	cusC_3		COG1538	Cation efflux system protein CusC
CHQ_3_04993	gene	735	tam_2			
CHQ_3_04993	CDS	735	tam_2	2.1.1.144		Trans-aconitate 2-methyltransferase
CHQ_3_04994	gene	1395	bglB			
CHQ_3_04994	CDS	1395	bglB	3.2.1.86	COG2723	6-phospho-beta-glucosidase BglB
CHQ_3_04995	gene	1860	bglF_3			
CHQ_3_04995	CDS	1860	bglF_3		COG1263	PTS system beta-glucoside-specific EIIBCA component
CHQ_3_04996	gene	834	bglG			
CHQ_3_04996	CDS	834	bglG		COG3711	Cryptic beta-glucoside bgl operon antiterminator
CHQ_3_04997	gene	1365	oprB			
CHQ_3_04997	CDS	1365	oprB		COG3659	Porin B
CHQ_3_04998	gene	933	dusC			
CHQ_3_04998	CDS	933	dusC	1.3.1.-	COG0042	tRNA-dihydrouridine(16) synthase
CHQ_3_04999	gene	405				
CHQ_3_04999	CDS	405				hypothetical protein
CHQ_3_05000	gene	696	yohK_2			
CHQ_3_05000	CDS	696	yohK_2		COG1346	Inner membrane protein YohK
CHQ_3_05001	gene	885	cdd			
CHQ_3_05001	CDS	885	cdd	3.5.4.5	COG0295	Cytidine deaminase
CHQ_3_05002	gene	717				
CHQ_3_05002	CDS	717				hypothetical protein
CHQ_3_05003	gene	1011	mglC			
CHQ_3_05003	CDS	1011	mglC		COG4211	Galactoside transport system permease protein MglC
CHQ_3_05004	gene	1521	mglA_2			
CHQ_3_05004	CDS	1521	mglA_2	7.5.2.11	COG1129	Galactose/methyl galactoside import ATP-binding protein MglA
CHQ_3_05005	gene	999	mglB			
CHQ_3_05005	CDS	999	mglB		COG1879	D-galactose-binding periplasmic protein
CHQ_3_05006	gene	1023	galS			
CHQ_3_05006	CDS	1023	galS		COG1609	HTH-type transcriptional regulator GalS
CHQ_3_05007	gene	1158				
CHQ_3_05007	CDS	1158				hypothetical protein
CHQ_3_05008	gene	669	folE			
CHQ_3_05008	CDS	669	folE	3.5.4.16	COG0302	GTP cyclohydrolase 1
CHQ_3_05009	gene	834	yeiG			
CHQ_3_05009	CDS	834	yeiG	3.1.2.12	COG0627	S-formylglutathione hydrolase YeiG
CHQ_3_05010	gene	1974	cirA			
CHQ_3_05010	CDS	1974	cirA		COG4771	Colicin I receptor
CHQ_3_05011	gene	1470	lysP			
CHQ_3_05011	CDS	1470	lysP		COG0833	Lysine-specific permease
CHQ_3_05012	gene	867	cmpR_2			
CHQ_3_05012	CDS	867	cmpR_2			HTH-type transcriptional activator CmpR
CHQ_3_05013	gene	1050				
CHQ_3_05013	CDS	1050				hypothetical protein
CHQ_3_05014	gene	855	nfo			
CHQ_3_05014	CDS	855	nfo	3.1.21.2	COG0648	Endonuclease 4
CHQ_3_05015	gene	1695	fruA_3			
CHQ_3_05015	CDS	1695	fruA_3		COG1299	PTS system fructose-specific EIIB'BC component
CHQ_3_05016	gene	939	lacC_2			
CHQ_3_05016	CDS	939	lacC_2	2.7.1.144		Tagatose-6-phosphate kinase
CHQ_3_05017	gene	1131	fruB_2			
CHQ_3_05017	CDS	1131	fruB_2		COG1925	Multiphosphoryl transfer protein
CHQ_3_05018	gene	1182	setB			
CHQ_3_05018	CDS	1182	setB			Sugar efflux transporter B
CHQ_3_05019	gene	1137	yiaV_2			
CHQ_3_05019	CDS	1137	yiaV_2		COG1566	Inner membrane protein YiaV
CHQ_3_05020	gene	345	yiaW_3			
CHQ_3_05020	CDS	345	yiaW_3			Inner membrane protein YiaW
CHQ_3_05021	gene	933	pgrR_8			
CHQ_3_05021	CDS	933	pgrR_8			HTH-type transcriptional regulator PgrR
CHQ_3_05022	gene	255				
CHQ_3_05022	CDS	255				hypothetical protein
CHQ_3_05023	gene	573	yeiP			
CHQ_3_05023	CDS	573	yeiP		COG0231	Elongation factor P-like protein
CHQ_3_05024	gene	1332	uxuA_2			
CHQ_3_05024	CDS	1332	uxuA_2	4.2.1.8	COG1312	Mannonate dehydratase
CHQ_3_05025	gene	1467	por_2			
CHQ_3_05025	CDS	1467	por_2	1.1.1.-	COG0246	Polyol:NADP oxidoreductase
CHQ_3_05026	gene	978	yeiR			
CHQ_3_05026	CDS	978	yeiR	3.6.-.-	COG0523	Zinc-binding GTPase YeiR
CHQ_3_05027	gene	705	lpxT			
CHQ_3_05027	CDS	705	lpxT	2.7.4.29	COG0671	Lipid A 1-diphosphate synthase
CHQ_3_05028	gene	390	mepS_2			
CHQ_3_05028	CDS	390	mepS_2	3.4.-.-	COG0791	Murein DD-endopeptidase MepS/Murein LD-carboxypeptidase
CHQ_3_05029	gene	1563	pdeN			
CHQ_3_05029	CDS	1563	pdeN	3.1.4.52	COG2200	putative cyclic di-GMP phosphodiesterase PdeN
CHQ_3_05030	gene	1806				
CHQ_3_05030	CDS	1806				hypothetical protein
CHQ_3_05031	gene	1095	yejB			
CHQ_3_05031	CDS	1095	yejB		COG4174	Inner membrane ABC transporter permease protein YejB
CHQ_3_05032	gene	1026	yejE			
CHQ_3_05032	CDS	1026	yejE		COG4239	Inner membrane ABC transporter permease protein YejE
CHQ_3_05033	gene	1590	yejF			
CHQ_3_05033	CDS	1590	yejF		COG4172	putative ABC transporter ATP-binding protein YejF
CHQ_3_05034	gene	345	yejG			
CHQ_3_05034	CDS	345	yejG			putative protein YejG
CHQ_3_05035	gene	1197	bcr_3			
CHQ_3_05035	CDS	1197	bcr_3			Bicyclomycin resistance protein
CHQ_3_05036	gene	720	rsuA			
CHQ_3_05036	CDS	720	rsuA	5.4.99.19	COG1187	Ribosomal small subunit pseudouridine synthase A
CHQ_3_05037	gene	1758	radD			
CHQ_3_05037	CDS	1758	radD	3.6.4.12	COG1061	Putative DNA repair helicase RadD
CHQ_3_05038	gene	285	rplY			
CHQ_3_05038	CDS	285	rplY		COG1825	50S ribosomal protein L25
CHQ_3_05039	gene	888				
CHQ_3_05039	CDS	888				hypothetical protein
CHQ_3_05040	gene	1287				
CHQ_3_05040	CDS	1287				hypothetical protein
CHQ_3_05041	gene	597	nudK_2			
CHQ_3_05041	CDS	597	nudK_2	3.6.1.-		GDP-mannose pyrophosphatase NudK
CHQ_3_05042	gene	768	glcR_2			
CHQ_3_05042	CDS	768	glcR_2		COG1349	HTH-type transcriptional repressor GlcR
CHQ_3_05043	gene	1008	yejK			
CHQ_3_05043	CDS	1008	yejK		COG3081	Nucleoid-associated protein YejK
CHQ_3_05044	gene	228				
CHQ_3_05044	CDS	228				hypothetical protein
CHQ_3_05045	gene	1761	yejM			
CHQ_3_05045	CDS	1761	yejM		COG3083	Inner membrane protein YejM
CHQ_3_05046	gene	77				
CHQ_3_05046	tRNA	77				tRNA-Pro(ggg)
CHQ_3_05047	gene	1110				
CHQ_3_05047	CDS	1110			COG0628	Putative transport protein
CHQ_3_05048	gene	492	eco			
CHQ_3_05048	CDS	492	eco		COG4574	Ecotin
CHQ_3_05049	gene	1635	mqo_2			
CHQ_3_05049	CDS	1635	mqo_2	1.1.5.4	COG0579	Malate:quinone oxidoreductase
CHQ_3_05050	gene	1239				
CHQ_3_05050	CDS	1239				hypothetical protein
CHQ_3_05051	gene	1437				
CHQ_3_05051	CDS	1437			COG2239	Magnesium transporter MgtE
CHQ_3_05052	gene	1644	yojI			
CHQ_3_05052	CDS	1644	yojI		COG4615	ABC transporter ATP-binding/permease protein YojI
CHQ_3_05053	gene	654	alkB			
CHQ_3_05053	CDS	654	alkB	1.14.11.33	COG3145	Alpha-ketoglutarate-dependent dioxygenase AlkB
CHQ_3_05054	gene	1065	ada			
CHQ_3_05054	CDS	1065	ada		COG0350	Bifunctional transcriptional activator/DNA repair enzyme Ada
CHQ_3_05055	gene	1053	apbE_2			
CHQ_3_05055	CDS	1053	apbE_2	2.7.1.180	COG1477	FAD:protein FMN transferase
CHQ_3_05056	gene	1092	ompC			
CHQ_3_05056	CDS	1092	ompC			Outer membrane porin C
CHQ_3_05057	gene	2658	rcsD			
CHQ_3_05057	CDS	2658	rcsD	2.7.2.-	COG2198	Phosphotransferase RcsD
CHQ_3_05058	gene	651	rcsB			
CHQ_3_05058	CDS	651	rcsB		COG2197	Transcriptional regulatory protein RcsB
CHQ_3_05059	gene	2841	rcsC_5			
CHQ_3_05059	CDS	2841	rcsC_5	2.7.13.3		Sensor histidine kinase RcsC
CHQ_3_05060	gene	2634	gyrA			
CHQ_3_05060	CDS	2634	gyrA	5.6.2.2	COG0188	DNA gyrase subunit A
CHQ_3_05061	gene	729	ubiG			
CHQ_3_05061	CDS	729	ubiG	2.1.1.222	COG2227	Ubiquinone biosynthesis O-methyltransferase
CHQ_3_05062	gene	2286	nrdA			
CHQ_3_05062	CDS	2286	nrdA	1.17.4.1	COG0209	Ribonucleoside-diphosphate reductase 1 subunit alpha
CHQ_3_05063	gene	1131	nrdB			
CHQ_3_05063	CDS	1131	nrdB	1.17.4.1	COG0208	Ribonucleoside-diphosphate reductase 1 subunit beta
CHQ_3_05064	gene	255				
CHQ_3_05064	CDS	255				hypothetical protein
CHQ_3_05065	gene	1071	glpQ			
CHQ_3_05065	CDS	1071	glpQ	3.1.4.46	COG0584	Glycerophosphodiester phosphodiesterase, periplasmic
CHQ_3_05066	gene	1347	glpT_2			
CHQ_3_05066	CDS	1347	glpT_2		COG2271	Glycerol-3-phosphate transporter
CHQ_3_05067	gene	1623	glpA			
CHQ_3_05067	CDS	1623	glpA	1.1.5.3	COG0578	Anaerobic glycerol-3-phosphate dehydrogenase subunit A
CHQ_3_05068	gene	1260	glpB			
CHQ_3_05068	CDS	1260	glpB	1.1.5.3	COG3075	Anaerobic glycerol-3-phosphate dehydrogenase subunit B
CHQ_3_05069	gene	1179	glpC			
CHQ_3_05069	CDS	1179	glpC		COG0247	Anaerobic glycerol-3-phosphate dehydrogenase subunit C
CHQ_3_05070	gene	804	rhmA			
CHQ_3_05070	CDS	804	rhmA	4.1.2.53	COG3836	2-keto-3-deoxy-L-rhamnonate aldolase
CHQ_3_05071	gene	1293	rhmT			
CHQ_3_05071	CDS	1293	rhmT			Inner membrane transport protein RhmT
CHQ_3_05072	gene	1206	rhmD			
CHQ_3_05072	CDS	1206	rhmD	4.2.1.90	COG4948	L-rhamnonate dehydratase
CHQ_3_05073	gene	786	rhmR			
CHQ_3_05073	CDS	786	rhmR		COG1414	putative HTH-type transcriptional regulator RhmR
CHQ_3_05074	gene	1197	cinA			
CHQ_3_05074	CDS	1197	cinA			Putative competence-damage inducible protein
CHQ_3_05075	gene	543				
CHQ_3_05075	CDS	543				hypothetical protein
CHQ_3_05076	gene	942				
CHQ_3_05076	CDS	942				ISNCY family transposase ISRor2
CHQ_3_05077	gene	426	nudI			
CHQ_3_05077	CDS	426	nudI	3.6.1.9	COG0494	Nucleoside triphosphatase NudI
CHQ_3_05078	gene	1407	sasA_5			
CHQ_3_05078	CDS	1407	sasA_5	2.7.-.-		Adaptive-response sensory-kinase SasA
CHQ_3_05079	gene	678	tctD			
CHQ_3_05079	CDS	678	tctD		COG0745	Transcriptional regulatory protein tctD
CHQ_3_05080	gene	981				
CHQ_3_05080	CDS	981				hypothetical protein
CHQ_3_05081	gene	432				
CHQ_3_05081	CDS	432				hypothetical protein
CHQ_3_05082	gene	1518				
CHQ_3_05082	CDS	1518				hypothetical protein
CHQ_3_05083	gene	1362	menE			
CHQ_3_05083	CDS	1362	menE	6.2.1.26	COG0318	2-succinylbenzoate--CoA ligase
CHQ_3_05084	gene	966	menC			
CHQ_3_05084	CDS	966	menC	4.2.1.113	COG1441	o-succinylbenzoate synthase
CHQ_3_05085	gene	858	menB			
CHQ_3_05085	CDS	858	menB	4.1.3.36	COG0447	1,4-dihydroxy-2-naphthoyl-CoA synthase
CHQ_3_05086	gene	759	menH_6			
CHQ_3_05086	CDS	759	menH_6	4.2.99.20	COG0596	2-succinyl-6-hydroxy-2,4-cyclohexadiene-1-carboxylate synthase
CHQ_3_05087	gene	1671	menD			
CHQ_3_05087	CDS	1671	menD	2.2.1.9	COG1165	2-succinyl-5-enolpyruvyl-6-hydroxy-3-cyclohexene-1-carboxylate synthase
CHQ_3_05088	gene	1320	menF			
CHQ_3_05088	CDS	1320	menF	5.4.4.2	COG1169	Isochorismate synthase MenF
CHQ_3_05089	gene	459	elaA			
CHQ_3_05089	CDS	459	elaA		COG2153	Protein ElaA
CHQ_3_05090	gene	921	rbn_2			
CHQ_3_05090	CDS	921	rbn_2	3.1.-.-	COG1234	Ribonuclease BN
CHQ_3_05091	gene	1458	nuoN			
CHQ_3_05091	CDS	1458	nuoN	7.1.1.-	COG1007	NADH-quinone oxidoreductase subunit N
CHQ_3_05092	gene	1530	nuoM			
CHQ_3_05092	CDS	1530	nuoM	7.1.1.-	COG1008	NADH-quinone oxidoreductase subunit M
CHQ_3_05093	gene	1842	nuoL			
CHQ_3_05093	CDS	1842	nuoL	7.1.1.-	COG1009	NADH-quinone oxidoreductase subunit L
CHQ_3_05094	gene	303	nuoK			
CHQ_3_05094	CDS	303	nuoK	7.1.1.-	COG0713	NADH-quinone oxidoreductase subunit K
CHQ_3_05095	gene	555	nuoJ			
CHQ_3_05095	CDS	555	nuoJ	7.1.1.-	COG0839	NADH-quinone oxidoreductase subunit J
CHQ_3_05096	gene	543	nuoI			
CHQ_3_05096	CDS	543	nuoI	7.1.1.-	COG1143	NADH-quinone oxidoreductase subunit I
CHQ_3_05097	gene	978	nuoH			
CHQ_3_05097	CDS	978	nuoH	7.1.1.-	COG1005	NADH-quinone oxidoreductase subunit H
CHQ_3_05098	gene	2727	nuoG			
CHQ_3_05098	CDS	2727	nuoG	7.1.1.-	COG1034	NADH-quinone oxidoreductase subunit G
CHQ_3_05099	gene	1338	nuoF			
CHQ_3_05099	CDS	1338	nuoF	7.1.1.-	COG1894	NADH-quinone oxidoreductase subunit F
CHQ_3_05100	gene	501	nuoE			
CHQ_3_05100	CDS	501	nuoE	7.1.1.-	COG1905	NADH-quinone oxidoreductase subunit E
CHQ_3_05101	gene	1809	nuoC			
CHQ_3_05101	CDS	1809	nuoC	7.1.1.-	COG0649	NADH-quinone oxidoreductase subunit C/D
CHQ_3_05102	gene	675	nuoB			
CHQ_3_05102	CDS	675	nuoB	7.1.1.-	COG0377	NADH-quinone oxidoreductase subunit B
CHQ_3_05103	gene	447	ndhC			
CHQ_3_05103	CDS	447	ndhC	7.1.1.-		NAD(P)H-quinone oxidoreductase subunit 3
CHQ_3_05104	gene	927	cmpR_3			
CHQ_3_05104	CDS	927	cmpR_3		COG0583	HTH-type transcriptional activator CmpR
CHQ_3_05105	gene	1218	alaA			
CHQ_3_05105	CDS	1218	alaA	2.6.1.2	COG0436	Glutamate-pyruvate aminotransferase AlaA
CHQ_3_05106	gene	600	yfbR			
CHQ_3_05106	CDS	600	yfbR	3.1.3.89	COG1896	5'-deoxynucleotidase YfbR
CHQ_3_05107	gene	1833				
CHQ_3_05107	CDS	1833				hypothetical protein
CHQ_3_05108	gene	660	hxpA			
CHQ_3_05108	CDS	660	hxpA	3.1.3.22	COG0637	Hexitol phosphatase A
CHQ_3_05109	gene	495				
CHQ_3_05109	CDS	495				hypothetical protein
CHQ_3_05110	gene	456				
CHQ_3_05110	CDS	456				hypothetical protein
CHQ_3_05111	gene	1203	ackA			
CHQ_3_05111	CDS	1203	ackA	2.7.2.1	COG0282	Acetate kinase
CHQ_3_05112	gene	2148	pta			
CHQ_3_05112	CDS	2148	pta	2.3.1.8	COG0280	Phosphate acetyltransferase
CHQ_3_05113	gene	552	yfcD			
CHQ_3_05113	CDS	552	yfcD	3.6.-.-		putative Nudix hydrolase YfcD
CHQ_3_05114	gene	552	yfcE			
CHQ_3_05114	CDS	552	yfcE	3.1.4.-	COG0622	Phosphodiesterase YfcE
CHQ_3_05115	gene	645	yfcF			
CHQ_3_05115	CDS	645	yfcF	2.5.1.18	COG0625	Glutathione S-transferase YfcF
CHQ_3_05116	gene	630	yfcG			
CHQ_3_05116	CDS	630	yfcG	1.8.4.-	COG0625	Disulfide-bond oxidoreductase YfcG
CHQ_3_05117	gene	363	folX			
CHQ_3_05117	CDS	363	folX	5.1.99.7	COG1539	Dihydroneopterin triphosphate 2'-epimerase
CHQ_3_05118	gene	894				
CHQ_3_05118	CDS	894				Epimerase family protein
CHQ_3_05119	gene	528				
CHQ_3_05119	CDS	528				hypothetical protein
CHQ_3_05120	gene	774	hisP			
CHQ_3_05120	CDS	774	hisP		COG4598	Histidine transport ATP-binding protein HisP
CHQ_3_05121	gene	717	hisM			
CHQ_3_05121	CDS	717	hisM		COG4160	Histidine transport system permease protein HisM
CHQ_3_05122	gene	687	hisQ_2			
CHQ_3_05122	CDS	687	hisQ_2		COG4215	Histidine transport system permease protein HisQ
CHQ_3_05123	gene	783	hisJ_2			
CHQ_3_05123	CDS	783	hisJ_2		COG0834	Histidine-binding periplasmic protein
CHQ_3_05124	gene	783	argT_2			
CHQ_3_05124	CDS	783	argT_2		COG0834	Lysine/arginine/ornithine-binding periplasmic protein
CHQ_3_05125	gene	585	ubiX			
CHQ_3_05125	CDS	585	ubiX	2.5.1.129	COG0163	Flavin prenyltransferase UbiX
CHQ_3_05126	gene	1518	purF			
CHQ_3_05126	CDS	1518	purF	2.4.2.14	COG0034	Amidophosphoribosyltransferase
CHQ_3_05127	gene	489	cvpA			
CHQ_3_05127	CDS	489	cvpA		COG1286	Colicin V production protein
CHQ_3_05128	gene	687	dedD			
CHQ_3_05128	CDS	687	dedD			Cell division protein DedD
CHQ_3_05129	gene	1269	folC			
CHQ_3_05129	CDS	1269	folC	6.3.2.12	COG0285	Dihydrofolate synthase/folylpolyglutamate synthase
CHQ_3_05130	gene	984	accD			
CHQ_3_05130	CDS	984	accD	2.1.3.15	COG0777	Acetyl-coenzyme A carboxylase carboxyl transferase subunit beta
CHQ_3_05131	gene	660	dedA			
CHQ_3_05131	CDS	660	dedA		COG0586	Protein DedA
CHQ_3_05132	gene	813	truA			
CHQ_3_05132	CDS	813	truA	5.4.99.12	COG0101	tRNA pseudouridine synthase A
CHQ_3_05133	gene	1014	usg			
CHQ_3_05133	CDS	1014	usg		COG0136	USG-1 protein
CHQ_3_05134	gene	1137	pdxB			
CHQ_3_05134	CDS	1137	pdxB	1.1.1.290	COG0111	Erythronate-4-phosphate dehydrogenase
CHQ_3_05135	gene	978	flk			
CHQ_3_05135	CDS	978	flk			Flagellar regulator flk
CHQ_3_05136	gene	1176	yfcJ_2			
CHQ_3_05136	CDS	1176	yfcJ_2			putative MFS-type transporter YfcJ
CHQ_3_05137	gene	1221	fabB			
CHQ_3_05137	CDS	1221	fabB	2.3.1.41	COG0304	3-oxoacyl-[acyl-carrier-protein] synthase 1
CHQ_3_05138	gene	1989	mnmC			
CHQ_3_05138	CDS	1989	mnmC		COG0665	tRNA 5-methylaminomethyl-2-thiouridine biosynthesis bifunctional protein MnmC
CHQ_3_05139	gene	282				
CHQ_3_05139	CDS	282				hypothetical protein
CHQ_3_05140	gene	549	epmC			
CHQ_3_05140	CDS	549	epmC	1.14.-.-	COG3101	Elongation factor P hydroxylase
CHQ_3_05141	gene	810	yfcA			
CHQ_3_05141	CDS	810	yfcA		COG0730	putative membrane transporter protein YfcA
CHQ_3_05142	gene	825	mepA			
CHQ_3_05142	CDS	825	mepA	3.4.24.-	COG3770	Penicillin-insensitive murein endopeptidase
CHQ_3_05143	gene	1086	aroC			
CHQ_3_05143	CDS	1086	aroC	4.2.3.5	COG0082	Chorismate synthase
CHQ_3_05144	gene	1005	prmB			
CHQ_3_05144	CDS	1005	prmB	2.1.1.298	COG2890	50S ribosomal protein L3 glutamine methyltransferase
CHQ_3_05145	gene	552	mutS2			
CHQ_3_05145	CDS	552	mutS2	3.1.-.-		Endonuclease MutS2
CHQ_3_05146	gene	387	sixA			
CHQ_3_05146	CDS	387	sixA	3.1.3.-	COG2062	Phosphohistidine phosphatase SixA
CHQ_3_05147	gene	2145	fadJ			
CHQ_3_05147	CDS	2145	fadJ		COG1024	Fatty acid oxidation complex subunit alpha
CHQ_3_05148	gene	1311	fadI			
CHQ_3_05148	CDS	1311	fadI	2.3.1.16	COG0183	3-ketoacyl-CoA thiolase FadI
CHQ_3_05149	gene	285				
CHQ_3_05149	CDS	285				hypothetical protein
CHQ_3_05150	gene	1323	fadL			
CHQ_3_05150	CDS	1323	fadL		COG2067	Long-chain fatty acid transport protein
CHQ_3_05151	gene	762	mlaA			
CHQ_3_05151	CDS	762	mlaA		COG2853	Intermembrane phospholipid transport system lipoprotein MlaA
CHQ_3_05152	gene	930	yfdC			
CHQ_3_05152	CDS	930	yfdC		COG2116	Inner membrane protein YfdC
CHQ_3_05153	gene	759				
CHQ_3_05153	CDS	759				hypothetical protein
CHQ_3_05154	gene	369				
CHQ_3_05154	CDS	369				hypothetical protein
CHQ_3_05155	gene	240				
CHQ_3_05155	CDS	240				hypothetical protein
CHQ_3_05156	gene	426				
CHQ_3_05156	CDS	426				hypothetical protein
CHQ_3_05157	gene	843				
CHQ_3_05157	CDS	843				hypothetical protein
CHQ_3_05158	gene	264				
CHQ_3_05158	CDS	264				hypothetical protein
CHQ_3_05159	gene	789				
CHQ_3_05159	CDS	789				hypothetical protein
