Discrepancy Report Results

Summary
FATAL: BAD_LOCUS_TAG_FORMAT:1214 locus tags are incorrectly formatted.
DISC_SOURCE_QUALS_ASNDISC:strain (all present, all same)
DISC_SOURCE_QUALS_ASNDISC:taxname (all present, all same)
DISC_FEATURE_COUNT:gene: 1214 present
DISC_FEATURE_COUNT:CDS: 1177 present
DISC_FEATURE_COUNT:tRNA: 35 present
DISC_FEATURE_COUNT:rRNA: 1 present
DISC_FEATURE_COUNT:tmRNA: 1 present
DISC_COUNT_NUCLEOTIDES:24 nucleotide Bioseqs are present
OVERLAPPING_GENES:258 genes overlap another gene on the same strand.
OVERLAPPING_CDS:6 coding regions overlap another coding region with a similar or identical name.
SUSPECT_PRODUCT_NAMES:6 product_names contain suspect phrase or characters
	May contain database identifier more appropriate in note; remove from product name
		2 features contains three or more numbers together that may be identifiers more appropriate in note
		2 features Contains underscore
	Use short product name instead of descriptive phrase
		1 features Is longer than 100 characters. Remove descriptive phrases or synonyms from product names. Keep valid long product names, eg long enzyme names
	use protein instead of gene as appropriate
		1 features contains 'genes'
DISC_QUALITY_SCORES:Quality scores are missing on all sequences.
DISC_BAD_BACTERIAL_GENE_NAME:2 bacterial genes do not start with lowercase letters
ONCALLER_COMMENT_PRESENT:24 comment descriptors were found (all same)
SHORT_PROT_SEQUENCES:19 protein sequences are shorter than 50 aa.
MISSING_GENOMEASSEMBLY_COMMENTS:24 bioseqs are missing GenomeAssembly structured comments
MOLTYPE_NOT_MRNA:24 molecule types are not set as mRNA.
TECHNIQUE_NOT_TSA:24 technique are not set as TSA
MISSING_STRUCTURED_COMMENT:24 sequences do not include structured comments.
MISSING_PROJECT:1201 sequences do not include project.
DISC_INCONSISTENT_MOLINFO_TECH:Molinfo Technique Report (some missing, all same)


Detailed Report

FATAL: DiscRep_ALL:BAD_LOCUS_TAG_FORMAT::1214 locus e incorrectly rectly formatted.
prokka_FOM_5/FOM_5:Gene	FOM_5_00001	FOM_5_1:c809-150	FOM_5_00001
prokka_FOM_5/FOM_5:Gene	FOM_5_00002	FOM_5_1:c3106-965	FOM_5_00002
prokka_FOM_5/FOM_5:Gene	ltaS1	FOM_5_2:c2598-394	FOM_5_00003
prokka_FOM_5/FOM_5:Gene	FOM_5_00004	FOM_5_2:c2975-2721	FOM_5_00004
prokka_FOM_5/FOM_5:Gene	FOM_5_00005	FOM_5_2:c3991-2972	FOM_5_00005
prokka_FOM_5/FOM_5:Gene	cpoA	FOM_5_2:c5024-3996	FOM_5_00006
prokka_FOM_5/FOM_5:Gene	FOM_5_00007	FOM_5_2:c6268-5021	FOM_5_00007
prokka_FOM_5/FOM_5:Gene	pyrE	FOM_5_2:c7066-6428	FOM_5_00008
prokka_FOM_5/FOM_5:Gene	pyrF	FOM_5_2:c7785-7069	FOM_5_00009
prokka_FOM_5/FOM_5:Gene	pyrDB	FOM_5_2:c8753-7794	FOM_5_00010
prokka_FOM_5/FOM_5:Gene	carB	FOM_5_2:c11956-8777	FOM_5_00011
prokka_FOM_5/FOM_5:Gene	carA	FOM_5_2:c13031-11949	FOM_5_00012
prokka_FOM_5/FOM_5:Gene	pyrC	FOM_5_2:c14317-13028	FOM_5_00013
prokka_FOM_5/FOM_5:Gene	pyrB	FOM_5_2:c15219-14314	FOM_5_00014
prokka_FOM_5/FOM_5:Gene	FOM_5_00015	FOM_5_2:c15847-15551	FOM_5_00015
prokka_FOM_5/FOM_5:Gene	FOM_5_00016	FOM_5_2:c17851-16001	FOM_5_00016
prokka_FOM_5/FOM_5:Gene	FOM_5_00017	FOM_5_2:c18469-18155	FOM_5_00017
prokka_FOM_5/FOM_5:Gene	glmM	FOM_5_2:c19832-18474	FOM_5_00018
prokka_FOM_5/FOM_5:Gene	FOM_5_00019	FOM_5_2:c20818-19841	FOM_5_00019
prokka_FOM_5/FOM_5:Gene	dacA_1	FOM_5_2:c21651-20818	FOM_5_00020
prokka_FOM_5/FOM_5:Gene	nhaK	FOM_5_2:c23714-21663	FOM_5_00021
prokka_FOM_5/FOM_5:Gene	murB	FOM_5_2:c24634-23738	FOM_5_00022
prokka_FOM_5/FOM_5:Gene	polC_1	FOM_5_2:c25185-24652	FOM_5_00023
prokka_FOM_5/FOM_5:Gene	aaaT	FOM_5_2:c25714-25205	FOM_5_00024
prokka_FOM_5/FOM_5:Gene	tsaE	FOM_5_2:c26183-25716	FOM_5_00025
prokka_FOM_5/FOM_5:Gene	pta	FOM_5_2:c27288-26311	FOM_5_00026
prokka_FOM_5/FOM_5:Gene	ung	FOM_5_2:c28076-27414	FOM_5_00027
prokka_FOM_5/FOM_5:Gene	FOM_5_00028	FOM_5_2:28135-28740	FOM_5_00028
prokka_FOM_5/FOM_5:Gene	FOM_5_00029	FOM_5_2:28881-29207	FOM_5_00029
prokka_FOM_5/FOM_5:Gene	gdnD_1	FOM_5_2:29207-29521	FOM_5_00030
prokka_FOM_5/FOM_5:Gene	glnQ_1	FOM_5_2:c30300-29563	FOM_5_00031
prokka_FOM_5/FOM_5:Gene	mltF_1	FOM_5_2:c31745-30300	FOM_5_00032
prokka_FOM_5/FOM_5:Gene	ribZ_1	FOM_5_2:c33251-31836	FOM_5_00033
prokka_FOM_5/FOM_5:Gene	FOM_5_00034	FOM_5_2:c34048-33248	FOM_5_00034
prokka_FOM_5/FOM_5:Gene	smpB	FOM_5_2:c34622-34155	FOM_5_00035
prokka_FOM_5/FOM_5:Gene	rnr	FOM_5_2:c37195-34838	FOM_5_00036
prokka_FOM_5/FOM_5:Gene	secG	FOM_5_2:c37505-37269	FOM_5_00037
prokka_FOM_5/FOM_5:Gene	ribZ_2	FOM_5_2:c39073-37646	FOM_5_00038
prokka_FOM_5/FOM_5:Gene	QRSL1	FOM_5_2:c40575-39199	FOM_5_00039
prokka_FOM_5/FOM_5:Gene	eno2	FOM_5_2:c42073-40718	FOM_5_00040
prokka_FOM_5/FOM_5:Gene	FOM_5_00041	FOM_5_2:42347-42613	FOM_5_00041
prokka_FOM_5/FOM_5:Gene	FOM_5_00042	FOM_5_2:c42846-42652	FOM_5_00042
prokka_FOM_5/FOM_5:Gene	tpiA	FOM_5_2:c43749-42961	FOM_5_00043
prokka_FOM_5/FOM_5:Gene	ptsI	FOM_5_2:c45603-43876	FOM_5_00044
prokka_FOM_5/FOM_5:Gene	ptsH	FOM_5_2:c45920-45654	FOM_5_00045
prokka_FOM_5/FOM_5:Gene	FOM_5_00046	FOM_5_2:c46293-46111	FOM_5_00046
prokka_FOM_5/FOM_5:Gene	fabH	FOM_5_2:c47400-46426	FOM_5_00047
prokka_FOM_5/FOM_5:Gene	trxB	FOM_5_2:c48472-47522	FOM_5_00048
prokka_FOM_5/FOM_5:Gene	FOM_5_00049	FOM_5_2:c50468-48633	FOM_5_00049
prokka_FOM_5/FOM_5:Gene	FOM_5_00050	FOM_5_2:c52474-50690	FOM_5_00050
prokka_FOM_5/FOM_5:Gene	FOM_5_00051	FOM_5_2:c56916-52693	FOM_5_00051
prokka_FOM_5/FOM_5:Gene	gtaB	FOM_5_2:c58120-57245	FOM_5_00052
prokka_FOM_5/FOM_5:Gene	gpsA	FOM_5_2:c59146-58127	FOM_5_00053
prokka_FOM_5/FOM_5:Gene	hprK	FOM_5_2:c60209-59277	FOM_5_00054
prokka_FOM_5/FOM_5:Gene	FOM_5_00055	FOM_5_2:c60610-60224	FOM_5_00055
prokka_FOM_5/FOM_5:Gene	FOM_5_00056	FOM_5_2:c60888-60718	FOM_5_00056
prokka_FOM_5/FOM_5:Gene	FOM_5_00057	FOM_5_2:61463-61912	FOM_5_00057
prokka_FOM_5/FOM_5:Gene	FOM_5_00058	FOM_5_2:62093-62452	FOM_5_00058
prokka_FOM_5/FOM_5:Gene	FOM_5_00059	FOM_5_2:c63232-62504	FOM_5_00059
prokka_FOM_5/FOM_5:Gene	potD	FOM_5_2:c64752-63667	FOM_5_00060
prokka_FOM_5/FOM_5:Gene	ydcV	FOM_5_2:c65582-64752	FOM_5_00061
prokka_FOM_5/FOM_5:Gene	potB	FOM_5_2:c66393-65575	FOM_5_00062
prokka_FOM_5/FOM_5:Gene	potA	FOM_5_2:c67501-66383	FOM_5_00063
prokka_FOM_5/FOM_5:Gene	FOM_5_00064	FOM_5_2:c69413-67617	FOM_5_00064
prokka_FOM_5/FOM_5:Gene	fus	FOM_5_2:c71878-69755	FOM_5_00065
prokka_FOM_5/FOM_5:Gene	rpsG	FOM_5_2:c72467-71997	FOM_5_00066
prokka_FOM_5/FOM_5:Gene	rpsL	FOM_5_2:c72903-72487	FOM_5_00067
prokka_FOM_5/FOM_5:Gene	oppF_1	FOM_5_2:c74433-73588	FOM_5_00068
prokka_FOM_5/FOM_5:Gene	oppD_1	FOM_5_2:c75313-74423	FOM_5_00069
prokka_FOM_5/FOM_5:Gene	gsiD	FOM_5_2:c76139-75306	FOM_5_00070
prokka_FOM_5/FOM_5:Gene	gsiC_1	FOM_5_2:c77080-76142	FOM_5_00071
prokka_FOM_5/FOM_5:Gene	appA_1	FOM_5_2:c78644-77094	FOM_5_00072
prokka_FOM_5/FOM_5:Gene	FOM_5_00073	FOM_5_2:c80107-78971	FOM_5_00073
prokka_FOM_5/FOM_5:Gene	metI	FOM_5_2:c81306-80191	FOM_5_00074
prokka_FOM_5/FOM_5:Gene	metAA	FOM_5_2:c82090-81299	FOM_5_00075
prokka_FOM_5/FOM_5:Gene	eis	FOM_5_2:c83670-82501	FOM_5_00076
prokka_FOM_5/FOM_5:Gene	tmpC_1	FOM_5_2:c85040-83919	FOM_5_00077
prokka_FOM_5/FOM_5:Gene	FOM_5_00078	FOM_5_2:c86110-85547	FOM_5_00078
prokka_FOM_5/FOM_5:Gene	rpmI	FOM_5_2:c86374-86180	FOM_5_00079
prokka_FOM_5/FOM_5:Gene	infC	FOM_5_2:c86897-86400	FOM_5_00080
prokka_FOM_5/FOM_5:Gene	nusB	FOM_5_2:c87530-87108	FOM_5_00081
prokka_FOM_5/FOM_5:Gene	FOM_5_00082	FOM_5_2:c87967-87530	FOM_5_00082
prokka_FOM_5/FOM_5:Gene	efp	FOM_5_2:c88626-88060	FOM_5_00083
prokka_FOM_5/FOM_5:Gene	pgi	FOM_5_2:c90657-89314	FOM_5_00084
prokka_FOM_5/FOM_5:Gene	FOM_5_00085	FOM_5_2:c91880-90852	FOM_5_00085
prokka_FOM_5/FOM_5:Gene	bglK_1	FOM_5_2:c92926-92021	FOM_5_00086
prokka_FOM_5/FOM_5:Gene	glcU_1	FOM_5_2:c93991-93038	FOM_5_00087
prokka_FOM_5/FOM_5:Gene	rcsC_1	FOM_5_2:c95695-94268	FOM_5_00088
prokka_FOM_5/FOM_5:Gene	srrA_1	FOM_5_2:c96581-95829	FOM_5_00089
prokka_FOM_5/FOM_5:Gene	recD	FOM_5_2:c98649-96949	FOM_5_00090
prokka_FOM_5/FOM_5:Gene	codA_1	FOM_5_2:c100255-99518	FOM_5_00091
prokka_FOM_5/FOM_5:Gene	FOM_5_00092	FOM_5_3:c874-224	FOM_5_00092
prokka_FOM_5/FOM_5:Gene	tagE_1	FOM_5_3:c2355-871	FOM_5_00093
prokka_FOM_5/FOM_5:Gene	FOM_5_00094	FOM_5_3:c6613-2570	FOM_5_00094
prokka_FOM_5/FOM_5:Gene	FOM_5_00095	FOM_5_3:c8833-6617	FOM_5_00095
prokka_FOM_5/FOM_5:Gene	FOM_5_00096	FOM_5_3:c9221-9096	FOM_5_00096
prokka_FOM_5/FOM_5:Gene	FOM_5_00097	FOM_5_3:9434-9682	FOM_5_00097
prokka_FOM_5/FOM_5:Gene	FOM_5_00098	FOM_5_3:c10623-9679	FOM_5_00098
prokka_FOM_5/FOM_5:Gene	FOM_5_00099	FOM_5_3:c12330-10804	FOM_5_00099
prokka_FOM_5/FOM_5:Gene	bmr3_1	FOM_5_3:c13418-12453	FOM_5_00100
prokka_FOM_5/FOM_5:Gene	bmr3_2	FOM_5_3:c13910-13425	FOM_5_00101
prokka_FOM_5/FOM_5:Gene	copB	FOM_5_3:c16587-14512	FOM_5_00102
prokka_FOM_5/FOM_5:Gene	gmuE	FOM_5_4:c1076-198	FOM_5_00103
prokka_FOM_5/FOM_5:Gene	glcU_2	FOM_5_4:c2042-1089	FOM_5_00104
prokka_FOM_5/FOM_5:Gene	stp	FOM_5_4:c3767-2220	FOM_5_00105
prokka_FOM_5/FOM_5:Gene	dtpT	FOM_5_4:c5329-3884	FOM_5_00106
prokka_FOM_5/FOM_5:Gene	cpdA	FOM_5_4:5519-6346	FOM_5_00107
prokka_FOM_5/FOM_5:Gene	FOM_5_00108	FOM_5_4:6405-6489	FOM_5_00108
prokka_FOM_5/FOM_5:Gene	FOM_5_00109	FOM_5_4:6497-6569	FOM_5_00109
prokka_FOM_5/FOM_5:Gene	FOM_5_00110	FOM_5_4:6719-7390	FOM_5_00110
prokka_FOM_5/FOM_5:Gene	mdrP	FOM_5_4:c8676-7456	FOM_5_00111
prokka_FOM_5/FOM_5:Gene	rsiV	FOM_5_4:c9597-8779	FOM_5_00112
prokka_FOM_5/FOM_5:Gene	sigV	FOM_5_4:c10078-9599	FOM_5_00113
prokka_FOM_5/FOM_5:Gene	FOM_5_00114	FOM_5_4:c10542-10174	FOM_5_00114
prokka_FOM_5/FOM_5:Gene	FOM_5_00115	FOM_5_4:10617-11135	FOM_5_00115
prokka_FOM_5/FOM_5:Gene	dacA_2	FOM_5_4:c12801-11536	FOM_5_00116
prokka_FOM_5/FOM_5:Gene	rcsC_2	FOM_5_4:c13928-12807	FOM_5_00117
prokka_FOM_5/FOM_5:Gene	srrA_2	FOM_5_4:c14660-13971	FOM_5_00118
prokka_FOM_5/FOM_5:Gene	FOM_5_00119	FOM_5_4:c15412-14687	FOM_5_00119
prokka_FOM_5/FOM_5:Gene	ychF	FOM_5_4:c16528-15425	FOM_5_00120
prokka_FOM_5/FOM_5:Gene	FOM_5_00121	FOM_5_4:c16746-16552	FOM_5_00121
prokka_FOM_5/FOM_5:Gene	spo0J	FOM_5_4:c17670-16762	FOM_5_00122
prokka_FOM_5/FOM_5:Gene	soj	FOM_5_4:c18427-17657	FOM_5_00123
prokka_FOM_5/FOM_5:Gene	rsmG	FOM_5_4:c19160-18441	FOM_5_00124
prokka_FOM_5/FOM_5:Gene	rihC	FOM_5_4:c20225-19308	FOM_5_00125
prokka_FOM_5/FOM_5:Gene	mutY	FOM_5_4:c21424-20327	FOM_5_00126
prokka_FOM_5/FOM_5:Gene	rpiA	FOM_5_4:21567-22265	FOM_5_00127
prokka_FOM_5/FOM_5:Gene	FOM_5_00128	FOM_5_4:22361-22930	FOM_5_00128
prokka_FOM_5/FOM_5:Gene	FOM_5_00129	FOM_5_4:c23659-22973	FOM_5_00129
prokka_FOM_5/FOM_5:Gene	FOM_5_00130	FOM_5_4:c24398-23652	FOM_5_00130
prokka_FOM_5/FOM_5:Gene	FOM_5_00131	FOM_5_4:c25848-24412	FOM_5_00131
prokka_FOM_5/FOM_5:Gene	FOM_5_00132	FOM_5_4:c26545-26165	FOM_5_00132
prokka_FOM_5/FOM_5:Gene	FOM_5_00133	FOM_5_4:c27450-26557	FOM_5_00133
prokka_FOM_5/FOM_5:Gene	FOM_5_00134	FOM_5_4:c28519-27440	FOM_5_00134
prokka_FOM_5/FOM_5:Gene	sasA_1	FOM_5_4:c29905-28667	FOM_5_00135
prokka_FOM_5/FOM_5:Gene	tcrA	FOM_5_4:c30600-29905	FOM_5_00136
prokka_FOM_5/FOM_5:Gene	FOM_5_00137	FOM_5_4:30785-31165	FOM_5_00137
prokka_FOM_5/FOM_5:Gene	FOM_5_00138	FOM_5_4:c33652-31415	FOM_5_00138
prokka_FOM_5/FOM_5:Gene	menE_1	FOM_5_4:c35234-33783	FOM_5_00139
prokka_FOM_5/FOM_5:Gene	menB	FOM_5_4:c36134-35316	FOM_5_00140
prokka_FOM_5/FOM_5:Gene	menI	FOM_5_4:36346-36723	FOM_5_00141
prokka_FOM_5/FOM_5:Gene	pncA	FOM_5_4:36799-37368	FOM_5_00142
prokka_FOM_5/FOM_5:Gene	menG	FOM_5_4:c38127-37426	FOM_5_00143
prokka_FOM_5/FOM_5:Gene	FOM_5_00144	FOM_5_4:c38935-38243	FOM_5_00144
prokka_FOM_5/FOM_5:Gene	FOM_5_00145	FOM_5_4:c39592-39167	FOM_5_00145
prokka_FOM_5/FOM_5:Gene	ansA	FOM_5_4:c40641-39652	FOM_5_00146
prokka_FOM_5/FOM_5:Gene	yhdG_1	FOM_5_4:c42203-40785	FOM_5_00147
prokka_FOM_5/FOM_5:Gene	yifK	FOM_5_4:42682-44070	FOM_5_00148
prokka_FOM_5/FOM_5:Gene	steT_1	FOM_5_4:c45439-44114	FOM_5_00149
prokka_FOM_5/FOM_5:Gene	FOM_5_00150	FOM_5_4:c46153-45716	FOM_5_00150
prokka_FOM_5/FOM_5:Gene	FOM_5_00151	FOM_5_4:c46623-46162	FOM_5_00151
prokka_FOM_5/FOM_5:Gene	FOM_5_00152	FOM_5_4:c46981-46640	FOM_5_00152
prokka_FOM_5/FOM_5:Gene	glcU_3	FOM_5_4:c48034-47120	FOM_5_00153
prokka_FOM_5/FOM_5:Gene	hsrA_1	FOM_5_4:c49543-48179	FOM_5_00154
prokka_FOM_5/FOM_5:Gene	FOM_5_00155	FOM_5_4:c49828-49670	FOM_5_00155
prokka_FOM_5/FOM_5:Gene	tdh	FOM_5_4:50043-50954	FOM_5_00156
prokka_FOM_5/FOM_5:Gene	ypjQ	FOM_5_4:51056-51541	FOM_5_00157
prokka_FOM_5/FOM_5:Gene	FOM_5_00158	FOM_5_4:c52116-51721	FOM_5_00158
prokka_FOM_5/FOM_5:Gene	FOM_5_00159	FOM_5_4:c52569-52126	FOM_5_00159
prokka_FOM_5/FOM_5:Gene	FOM_5_00160	FOM_5_4:c53405-52566	FOM_5_00160
prokka_FOM_5/FOM_5:Gene	btuD	FOM_5_4:c54213-53389	FOM_5_00161
prokka_FOM_5/FOM_5:Gene	FOM_5_00162	FOM_5_4:c54655-54515	FOM_5_00162
prokka_FOM_5/FOM_5:Gene	fpaP	FOM_5_4:c55701-54784	FOM_5_00163
prokka_FOM_5/FOM_5:Gene	dppE_1	FOM_5_4:c57333-55714	FOM_5_00164
prokka_FOM_5/FOM_5:Gene	aqpZ2	FOM_5_4:c58460-57756	FOM_5_00165
prokka_FOM_5/FOM_5:Gene	FOM_5_00166	FOM_5_4:c58924-58586	FOM_5_00166
prokka_FOM_5/FOM_5:Gene	nnr	FOM_5_4:59173-59838	FOM_5_00167
prokka_FOM_5/FOM_5:Gene	FOM_5_00168	FOM_5_4:59838-61691	FOM_5_00168
prokka_FOM_5/FOM_5:Gene	umuC	FOM_5_4:61861-63177	FOM_5_00169
prokka_FOM_5/FOM_5:Gene	FOM_5_00170	FOM_5_4:63155-63541	FOM_5_00170
prokka_FOM_5/FOM_5:Gene	psiE	FOM_5_4:c64085-63624	FOM_5_00171
prokka_FOM_5/FOM_5:Gene	FOM_5_00172	FOM_5_4:c64764-64162	FOM_5_00172
prokka_FOM_5/FOM_5:Gene	yhdG_2	FOM_5_4:c66293-64896	FOM_5_00173
prokka_FOM_5/FOM_5:Gene	hutI_1	FOM_5_4:66736-67974	FOM_5_00174
prokka_FOM_5/FOM_5:Gene	polC_2	FOM_5_4:c68584-68033	FOM_5_00175
prokka_FOM_5/FOM_5:Gene	FOM_5_00176	FOM_5_4:68711-69073	FOM_5_00176
prokka_FOM_5/FOM_5:Gene	FOM_5_00177	FOM_5_5:268-606	FOM_5_00177
prokka_FOM_5/FOM_5:Gene	FOM_5_00178	FOM_5_5:607-1080	FOM_5_00178
prokka_FOM_5/FOM_5:Gene	FOM_5_00179	FOM_5_5:1084-1653	FOM_5_00179
prokka_FOM_5/FOM_5:Gene	FOM_5_00180	FOM_5_5:c1933-1712	FOM_5_00180
prokka_FOM_5/FOM_5:Gene	FOM_5_00181	FOM_5_5:c2807-1998	FOM_5_00181
prokka_FOM_5/FOM_5:Gene	FOM_5_00182	FOM_5_5:3078-3827	FOM_5_00182
prokka_FOM_5/FOM_5:Gene	FOM_5_00183	FOM_5_5:3890-4060	FOM_5_00183
prokka_FOM_5/FOM_5:Gene	kdgR	FOM_5_5:4166-5149	FOM_5_00184
prokka_FOM_5/FOM_5:Gene	FOM_5_00185	FOM_5_5:5381-6127	FOM_5_00185
prokka_FOM_5/FOM_5:Gene	FOM_5_00186	FOM_5_5:6130-7416	FOM_5_00186
prokka_FOM_5/FOM_5:Gene	kdgK_1	FOM_5_5:7437-8402	FOM_5_00187
prokka_FOM_5/FOM_5:Gene	hxlA	FOM_5_5:8402-9022	FOM_5_00188
prokka_FOM_5/FOM_5:Gene	rmpB	FOM_5_5:9022-9564	FOM_5_00189
prokka_FOM_5/FOM_5:Gene	FOM_5_00190	FOM_5_5:9700-9897	FOM_5_00190
prokka_FOM_5/FOM_5:Gene	rbsR	FOM_5_5:10001-10993	FOM_5_00191
prokka_FOM_5/FOM_5:Gene	rbsD	FOM_5_5:11170-11565	FOM_5_00192
prokka_FOM_5/FOM_5:Gene	fucP	FOM_5_5:11582-12601	FOM_5_00193
prokka_FOM_5/FOM_5:Gene	FOM_5_00194	FOM_5_6:144-1472	FOM_5_00194
prokka_FOM_5/FOM_5:Gene	pepV	FOM_5_6:c2925-1522	FOM_5_00195
prokka_FOM_5/FOM_5:Gene	steT_2	FOM_5_6:c4370-3039	FOM_5_00196
prokka_FOM_5/FOM_5:Gene	FOM_5_00197	FOM_5_6:c4548-4456	FOM_5_00197
prokka_FOM_5/FOM_5:Gene	gnd	FOM_5_6:c6130-4703	FOM_5_00198
prokka_FOM_5/FOM_5:Gene	FOM_5_00199	FOM_5_6:c6656-6348	FOM_5_00199
prokka_FOM_5/FOM_5:Gene	FOM_5_00200	FOM_5_6:c7819-6659	FOM_5_00200
prokka_FOM_5/FOM_5:Gene	metB	FOM_5_6:7977-9116	FOM_5_00201
prokka_FOM_5/FOM_5:Gene	FOM_5_00202	FOM_5_6:c9340-9203	FOM_5_00202
prokka_FOM_5/FOM_5:Gene	FOM_5_00203	FOM_5_6:9458-10408	FOM_5_00203
prokka_FOM_5/FOM_5:Gene	femA	FOM_5_6:c11719-10457	FOM_5_00204
prokka_FOM_5/FOM_5:Gene	murJ_1	FOM_5_6:c14123-11985	FOM_5_00205
prokka_FOM_5/FOM_5:Gene	FOM_5_00206	FOM_5_6:c14258-14184	FOM_5_00206
prokka_FOM_5/FOM_5:Gene	pglJ	FOM_5_6:c15409-14342	FOM_5_00207
prokka_FOM_5/FOM_5:Gene	leuS	FOM_5_6:c17952-15538	FOM_5_00208
prokka_FOM_5/FOM_5:Gene	FOM_5_00209	FOM_5_6:18111-18803	FOM_5_00209
prokka_FOM_5/FOM_5:Gene	FOM_5_00210	FOM_5_6:18766-19278	FOM_5_00210
prokka_FOM_5/FOM_5:Gene	FOM_5_00211	FOM_5_6:c20696-19317	FOM_5_00211
prokka_FOM_5/FOM_5:Gene	FOM_5_00212	FOM_5_6:c21105-20785	FOM_5_00212
prokka_FOM_5/FOM_5:Gene	FOM_5_00213	FOM_5_6:c22089-21268	FOM_5_00213
prokka_FOM_5/FOM_5:Gene	FOM_5_00214	FOM_5_6:c22772-22224	FOM_5_00214
prokka_FOM_5/FOM_5:Gene	FOM_5_00215	FOM_5_6:c24100-22877	FOM_5_00215
prokka_FOM_5/FOM_5:Gene	bglB	FOM_5_6:c25353-24106	FOM_5_00216
prokka_FOM_5/FOM_5:Gene	FOM_5_00217	FOM_5_6:25612-26820	FOM_5_00217
prokka_FOM_5/FOM_5:Gene	FOM_5_00218	FOM_5_6:c27311-26868	FOM_5_00218
prokka_FOM_5/FOM_5:Gene	FOM_5_00219	FOM_5_6:c27890-27324	FOM_5_00219
prokka_FOM_5/FOM_5:Gene	FOM_5_00220	FOM_5_6:c28101-27949	FOM_5_00220
prokka_FOM_5/FOM_5:Gene	FOM_5_00221	FOM_5_6:c29894-28116	FOM_5_00221
prokka_FOM_5/FOM_5:Gene	metK	FOM_5_6:c31223-30030	FOM_5_00222
prokka_FOM_5/FOM_5:Gene	FOM_5_00223	FOM_5_6:c33283-31487	FOM_5_00223
prokka_FOM_5/FOM_5:Gene	map	FOM_5_6:c34168-33386	FOM_5_00224
prokka_FOM_5/FOM_5:Gene	FOM_5_00225	FOM_5_6:c34576-34298	FOM_5_00225
prokka_FOM_5/FOM_5:Gene	tagU_1	FOM_5_6:c35773-34649	FOM_5_00226
prokka_FOM_5/FOM_5:Gene	FOM_5_00227	FOM_5_6:c36467-35844	FOM_5_00227
prokka_FOM_5/FOM_5:Gene	sasA_2	FOM_5_6:c37864-36464	FOM_5_00228
prokka_FOM_5/FOM_5:Gene	regX3	FOM_5_6:c38523-37861	FOM_5_00229
prokka_FOM_5/FOM_5:Gene	msrA	FOM_5_6:38659-39183	FOM_5_00230
prokka_FOM_5/FOM_5:Gene	FOM_5_00231	FOM_5_6:c39420-39223	FOM_5_00231
prokka_FOM_5/FOM_5:Gene	celA	FOM_5_6:39616-39930	FOM_5_00232
prokka_FOM_5/FOM_5:Gene	rhaS_1	FOM_5_6:c40867-40016	FOM_5_00233
prokka_FOM_5/FOM_5:Gene	xylQ	FOM_5_6:c43050-40933	FOM_5_00234
prokka_FOM_5/FOM_5:Gene	xylP_1	FOM_5_6:c44511-43093	FOM_5_00235
prokka_FOM_5/FOM_5:Gene	rhaS_2	FOM_5_6:c45585-44755	FOM_5_00236
prokka_FOM_5/FOM_5:Gene	pepN	FOM_5_6:c48248-45708	FOM_5_00237
prokka_FOM_5/FOM_5:Gene	rocE	FOM_5_6:c49794-48409	FOM_5_00238
prokka_FOM_5/FOM_5:Gene	mmuM	FOM_5_6:49902-50858	FOM_5_00239
prokka_FOM_5/FOM_5:Gene	FOM_5_00240	FOM_5_6:51096-51755	FOM_5_00240
prokka_FOM_5/FOM_5:Gene	clpE	FOM_5_6:c53879-51798	FOM_5_00241
prokka_FOM_5/FOM_5:Gene	rnj	FOM_5_6:c55224-54028	FOM_5_00242
prokka_FOM_5/FOM_5:Gene	ugpB	FOM_5_6:c56506-55226	FOM_5_00243
prokka_FOM_5/FOM_5:Gene	araQ	FOM_5_6:c57474-56659	FOM_5_00244
prokka_FOM_5/FOM_5:Gene	lacF	FOM_5_6:c58380-57484	FOM_5_00245
prokka_FOM_5/FOM_5:Gene	ugpC	FOM_5_6:c59399-58377	FOM_5_00246
prokka_FOM_5/FOM_5:Gene	FOM_5_00247	FOM_5_6:c60646-59795	FOM_5_00247
prokka_FOM_5/FOM_5:Gene	smc_1	FOM_5_6:c61378-60719	FOM_5_00248
prokka_FOM_5/FOM_5:Gene	garB_1	FOM_5_6:c62915-61575	FOM_5_00249
prokka_FOM_5/FOM_5:Gene	FOM_5_00250	FOM_5_6:c63707-63045	FOM_5_00250
prokka_FOM_5/FOM_5:Gene	FOM_5_00251	FOM_5_6:c64260-63775	FOM_5_00251
prokka_FOM_5/FOM_5:Gene	nlhH	FOM_5_6:c65393-64389	FOM_5_00252
prokka_FOM_5/FOM_5:Gene	FOM_5_00253	FOM_5_6:c65732-65505	FOM_5_00253
prokka_FOM_5/FOM_5:Gene	FOM_5_00254	FOM_5_6:c66699-65806	FOM_5_00254
prokka_FOM_5/FOM_5:Gene	mdtD	FOM_5_6:c68813-67449	FOM_5_00255
prokka_FOM_5/FOM_5:Gene	yfeX_1	FOM_5_6:c69763-68810	FOM_5_00256
prokka_FOM_5/FOM_5:Gene	FOM_5_00257	FOM_5_6:c70468-70214	FOM_5_00257
prokka_FOM_5/FOM_5:Gene	FOM_5_00258	FOM_5_6:c71018-70560	FOM_5_00258
prokka_FOM_5/FOM_5:Gene	mntH_1	FOM_5_6:c72425-71037	FOM_5_00259
prokka_FOM_5/FOM_5:Gene	FOM_5_00260	FOM_5_7:c74-1	FOM_5_00260
prokka_FOM_5/FOM_5:Gene	FOM_5_00261	FOM_5_7:c851-393	FOM_5_00261
prokka_FOM_5/FOM_5:Gene	FOM_5_00262	FOM_5_7:c1448-1011	FOM_5_00262
prokka_FOM_5/FOM_5:Gene	mntH_2	FOM_5_7:c2834-1464	FOM_5_00263
prokka_FOM_5/FOM_5:Gene	FOM_5_00264	FOM_5_7:3070-3243	FOM_5_00264
prokka_FOM_5/FOM_5:Gene	FOM_5_00265	FOM_5_7:c3622-3269	FOM_5_00265
prokka_FOM_5/FOM_5:Gene	FOM_5_00266	FOM_5_7:c4853-3711	FOM_5_00266
prokka_FOM_5/FOM_5:Gene	ldhA	FOM_5_7:c5988-4993	FOM_5_00267
prokka_FOM_5/FOM_5:Gene	clpP	FOM_5_7:c6927-6334	FOM_5_00268
prokka_FOM_5/FOM_5:Gene	whiA	FOM_5_7:c7969-7013	FOM_5_00269
prokka_FOM_5/FOM_5:Gene	FOM_5_00270	FOM_5_7:c8990-7986	FOM_5_00270
prokka_FOM_5/FOM_5:Gene	yvcJ	FOM_5_7:c9880-8987	FOM_5_00271
prokka_FOM_5/FOM_5:Gene	FOM_5_00272	FOM_5_7:c10158-10036	FOM_5_00272
prokka_FOM_5/FOM_5:Gene	uvrA_1	FOM_5_7:c13134-10279	FOM_5_00273
prokka_FOM_5/FOM_5:Gene	hsrA_2	FOM_5_7:c14651-13251	FOM_5_00274
prokka_FOM_5/FOM_5:Gene	FOM_5_00275	FOM_5_7:14768-15061	FOM_5_00275
prokka_FOM_5/FOM_5:Gene	FOM_5_00276	FOM_5_8:47-120	FOM_5_00276
prokka_FOM_5/FOM_5:Gene	FOM_5_00277	FOM_5_8:254-362	FOM_5_00277
prokka_FOM_5/FOM_5:Gene	FOM_5_00278	FOM_5_8:545-970	FOM_5_00278
prokka_FOM_5/FOM_5:Gene	pstS1_1	FOM_5_8:1210-2094	FOM_5_00279
prokka_FOM_5/FOM_5:Gene	comFA	FOM_5_8:2189-3475	FOM_5_00280
prokka_FOM_5/FOM_5:Gene	FOM_5_00281	FOM_5_8:3465-4139	FOM_5_00281
prokka_FOM_5/FOM_5:Gene	hpf	FOM_5_8:4301-4861	FOM_5_00282
prokka_FOM_5/FOM_5:Gene	FOM_5_00283	FOM_5_8:5362-6651	FOM_5_00283
prokka_FOM_5/FOM_5:Gene	FOM_5_00284	FOM_5_8:6761-7204	FOM_5_00284
prokka_FOM_5/FOM_5:Gene	yhgF	FOM_5_8:7204-9387	FOM_5_00285
prokka_FOM_5/FOM_5:Gene	FOM_5_00286	FOM_5_8:9465-9800	FOM_5_00286
prokka_FOM_5/FOM_5:Gene	FOM_5_00287	FOM_5_8:9864-9949	FOM_5_00287
prokka_FOM_5/FOM_5:Gene	tsgA	FOM_5_8:10126-11319	FOM_5_00288
prokka_FOM_5/FOM_5:Gene	bglK_2	FOM_5_8:11329-12231	FOM_5_00289
prokka_FOM_5/FOM_5:Gene	bglH_1	FOM_5_8:12236-13699	FOM_5_00290
prokka_FOM_5/FOM_5:Gene	licT	FOM_5_8:13963-14814	FOM_5_00291
prokka_FOM_5/FOM_5:Gene	bglF_1	FOM_5_8:14934-16769	FOM_5_00292
prokka_FOM_5/FOM_5:Gene	FOM_5_00293	FOM_5_8:17232-18767	FOM_5_00293
prokka_FOM_5/FOM_5:Gene	FOM_5_00294	FOM_5_8:18947-19366	FOM_5_00294
prokka_FOM_5/FOM_5:Gene	FOM_5_00295	FOM_5_9:c118-43	FOM_5_00295
prokka_FOM_5/FOM_5:Gene	FOM_5_00296	FOM_5_9:c193-119	FOM_5_00296
prokka_FOM_5/FOM_5:Gene	smc_2	FOM_5_9:c12372-367	FOM_5_00297
prokka_FOM_5/FOM_5:Gene	FOM_5_00298	FOM_5_9:12624-12695	FOM_5_00298
prokka_FOM_5/FOM_5:Gene	FOM_5_00299	FOM_5_9:c13399-12788	FOM_5_00299
prokka_FOM_5/FOM_5:Gene	gtfA_1	FOM_5_9:c14994-13480	FOM_5_00300
prokka_FOM_5/FOM_5:Gene	gtfA_2	FOM_5_9:c16607-14994	FOM_5_00301
prokka_FOM_5/FOM_5:Gene	FOM_5_00302	FOM_5_9:c19461-16753	FOM_5_00302
prokka_FOM_5/FOM_5:Gene	FOM_5_00303	FOM_5_9:c20501-19620	FOM_5_00303
prokka_FOM_5/FOM_5:Gene	FOM_5_00304	FOM_5_9:c21793-20729	FOM_5_00304
prokka_FOM_5/FOM_5:Gene	FOM_5_00305	FOM_5_9:c22258-22016	FOM_5_00305
prokka_FOM_5/FOM_5:Gene	glxR	FOM_5_9:c23285-22416	FOM_5_00306
prokka_FOM_5/FOM_5:Gene	FOM_5_00307	FOM_5_9:c24904-23411	FOM_5_00307
prokka_FOM_5/FOM_5:Gene	lutP	FOM_5_9:25093-26712	FOM_5_00308
prokka_FOM_5/FOM_5:Gene	ydhF	FOM_5_9:c28025-27072	FOM_5_00309
prokka_FOM_5/FOM_5:Gene	xpt	FOM_5_9:c28700-28110	FOM_5_00310
prokka_FOM_5/FOM_5:Gene	pucK	FOM_5_9:c30019-28697	FOM_5_00311
prokka_FOM_5/FOM_5:Gene	FOM_5_00312	FOM_5_9:c31433-30300	FOM_5_00312
prokka_FOM_5/FOM_5:Gene	gor	FOM_5_9:c32896-31556	FOM_5_00313
prokka_FOM_5/FOM_5:Gene	FOM_5_00314	FOM_5_9:c33461-32961	FOM_5_00314
prokka_FOM_5/FOM_5:Gene	ydbP	FOM_5_9:c34218-33880	FOM_5_00315
prokka_FOM_5/FOM_5:Gene	FOM_5_00316	FOM_5_9:c35716-34460	FOM_5_00316
prokka_FOM_5/FOM_5:Gene	yheH	FOM_5_9:c37523-35733	FOM_5_00317
prokka_FOM_5/FOM_5:Gene	yheI	FOM_5_9:c39273-37516	FOM_5_00318
prokka_FOM_5/FOM_5:Gene	appA_2	FOM_5_9:c41179-39347	FOM_5_00319
prokka_FOM_5/FOM_5:Gene	oppC	FOM_5_9:c42135-41254	FOM_5_00320
prokka_FOM_5/FOM_5:Gene	gsiC_2	FOM_5_9:c43108-42149	FOM_5_00321
prokka_FOM_5/FOM_5:Gene	gsiA	FOM_5_9:c44066-43110	FOM_5_00322
prokka_FOM_5/FOM_5:Gene	oppD_2	FOM_5_9:c45074-44076	FOM_5_00323
prokka_FOM_5/FOM_5:Gene	galT	FOM_5_9:c46812-45307	FOM_5_00324
prokka_FOM_5/FOM_5:Gene	galK	FOM_5_9:c48003-46822	FOM_5_00325
prokka_FOM_5/FOM_5:Gene	lacS	FOM_5_9:c49411-48005	FOM_5_00326
prokka_FOM_5/FOM_5:Gene	rhaR	FOM_5_9:c50397-49585	FOM_5_00327
prokka_FOM_5/FOM_5:Gene	FOM_5_00328	FOM_5_9:c51564-50521	FOM_5_00328
prokka_FOM_5/FOM_5:Gene	ldhD	FOM_5_9:c52559-51570	FOM_5_00329
prokka_FOM_5/FOM_5:Gene	dapX	FOM_5_9:c53766-52564	FOM_5_00330
prokka_FOM_5/FOM_5:Gene	FOM_5_00331	FOM_5_9:c54646-54077	FOM_5_00331
prokka_FOM_5/FOM_5:Gene	licC_1	FOM_5_9:c56243-54825	FOM_5_00332
prokka_FOM_5/FOM_5:Gene	bglA_1	FOM_5_9:c57643-56264	FOM_5_00333
prokka_FOM_5/FOM_5:Gene	bglA_2	FOM_5_9:c59087-57645	FOM_5_00334
prokka_FOM_5/FOM_5:Gene	ptcA	FOM_5_9:c59413-59087	FOM_5_00335
prokka_FOM_5/FOM_5:Gene	ptcB	FOM_5_9:c59785-59465	FOM_5_00336
prokka_FOM_5/FOM_5:Gene	ilvE	FOM_5_9:c61036-60002	FOM_5_00337
prokka_FOM_5/FOM_5:Gene	yhjX	FOM_5_10:c1401-148	FOM_5_00338
prokka_FOM_5/FOM_5:Gene	FOM_5_00339	FOM_5_10:c2711-1554	FOM_5_00339
prokka_FOM_5/FOM_5:Gene	menE_2	FOM_5_10:c4224-2716	FOM_5_00340
prokka_FOM_5/FOM_5:Gene	ssuA	FOM_5_10:c5208-4240	FOM_5_00341
prokka_FOM_5/FOM_5:Gene	ssuB	FOM_5_10:c5936-5223	FOM_5_00342
prokka_FOM_5/FOM_5:Gene	ssuC	FOM_5_10:c6595-5936	FOM_5_00343
prokka_FOM_5/FOM_5:Gene	folP	FOM_5_10:c7721-6888	FOM_5_00344
prokka_FOM_5/FOM_5:Gene	fpgS_1	FOM_5_10:c8931-7684	FOM_5_00345
prokka_FOM_5/FOM_5:Gene	folE	FOM_5_10:c9477-8932	FOM_5_00346
prokka_FOM_5/FOM_5:Gene	folK	FOM_5_10:c9961-9464	FOM_5_00347
prokka_FOM_5/FOM_5:Gene	folB	FOM_5_10:c10327-9965	FOM_5_00348
prokka_FOM_5/FOM_5:Gene	FOM_5_00349	FOM_5_10:c10733-10485	FOM_5_00349
prokka_FOM_5/FOM_5:Gene	FOM_5_00350	FOM_5_10:c12740-10962	FOM_5_00350
prokka_FOM_5/FOM_5:Gene	FOM_5_00351	FOM_5_10:c13527-13351	FOM_5_00351
prokka_FOM_5/FOM_5:Gene	FOM_5_00352	FOM_5_10:c13718-13599	FOM_5_00352
prokka_FOM_5/FOM_5:Gene	ybjI_1	FOM_5_10:c14587-13778	FOM_5_00353
prokka_FOM_5/FOM_5:Gene	FOM_5_00354	FOM_5_10:c15113-14646	FOM_5_00354
prokka_FOM_5/FOM_5:Gene	FOM_5_00355	FOM_5_10:c16276-15167	FOM_5_00355
prokka_FOM_5/FOM_5:Gene	FOM_5_00356	FOM_5_10:c18300-16429	FOM_5_00356
prokka_FOM_5/FOM_5:Gene	metQ_1	FOM_5_10:c19223-18324	FOM_5_00357
prokka_FOM_5/FOM_5:Gene	FOM_5_00358	FOM_5_10:c19819-19601	FOM_5_00358
prokka_FOM_5/FOM_5:Gene	kdgK_2	FOM_5_10:c20871-19915	FOM_5_00359
prokka_FOM_5/FOM_5:Gene	kdgA	FOM_5_10:c21535-20873	FOM_5_00360
prokka_FOM_5/FOM_5:Gene	uxaC	FOM_5_10:c22967-21561	FOM_5_00361
prokka_FOM_5/FOM_5:Gene	uxuA	FOM_5_10:c24091-22970	FOM_5_00362
prokka_FOM_5/FOM_5:Gene	por	FOM_5_10:c25742-24084	FOM_5_00363
prokka_FOM_5/FOM_5:Gene	yagG	FOM_5_10:c27296-25746	FOM_5_00364
prokka_FOM_5/FOM_5:Gene	rspR	FOM_5_10:27604-28275	FOM_5_00365
prokka_FOM_5/FOM_5:Gene	yvdM	FOM_5_10:c29052-28381	FOM_5_00366
prokka_FOM_5/FOM_5:Gene	malP	FOM_5_10:c31318-29054	FOM_5_00367
prokka_FOM_5/FOM_5:Gene	FOM_5_00368	FOM_5_10:c32656-31334	FOM_5_00368
prokka_FOM_5/FOM_5:Gene	cytR	FOM_5_10:32880-33812	FOM_5_00369
prokka_FOM_5/FOM_5:Gene	FOM_5_00370	FOM_5_10:c34423-33857	FOM_5_00370
prokka_FOM_5/FOM_5:Gene	FOM_5_00371	FOM_5_10:34535-34801	FOM_5_00371
prokka_FOM_5/FOM_5:Gene	FOM_5_00372	FOM_5_10:c35142-34798	FOM_5_00372
prokka_FOM_5/FOM_5:Gene	ntd	FOM_5_10:35384-35932	FOM_5_00373
prokka_FOM_5/FOM_5:Gene	FOM_5_00374	FOM_5_10:c37136-35991	FOM_5_00374
prokka_FOM_5/FOM_5:Gene	yxdM	FOM_5_10:c39158-37380	FOM_5_00375
prokka_FOM_5/FOM_5:Gene	bceA	FOM_5_10:c39923-39171	FOM_5_00376
prokka_FOM_5/FOM_5:Gene	FOM_5_00377	FOM_5_10:c40852-40490	FOM_5_00377
prokka_FOM_5/FOM_5:Gene	FOM_5_00378	FOM_5_10:c41525-41367	FOM_5_00378
prokka_FOM_5/FOM_5:Gene	FOM_5_00379	FOM_5_10:c42370-41669	FOM_5_00379
prokka_FOM_5/FOM_5:Gene	arcC1	FOM_5_10:c43450-42506	FOM_5_00380
prokka_FOM_5/FOM_5:Gene	arcD1	FOM_5_10:c44901-43468	FOM_5_00381
prokka_FOM_5/FOM_5:Gene	arcB	FOM_5_10:c45950-44904	FOM_5_00382
prokka_FOM_5/FOM_5:Gene	arcA	FOM_5_10:c47218-45980	FOM_5_00383
prokka_FOM_5/FOM_5:Gene	rny	FOM_5_10:c48968-47406	FOM_5_00384
prokka_FOM_5/FOM_5:Gene	FOM_5_00385	FOM_5_10:c50747-49167	FOM_5_00385
prokka_FOM_5/FOM_5:Gene	FOM_5_00386	FOM_5_10:c50952-50863	FOM_5_00386
prokka_FOM_5/FOM_5:Gene	FOM_5_00387	FOM_5_10:c51032-50957	FOM_5_00387
prokka_FOM_5/FOM_5:Gene	FOM_5_00388	FOM_5_10:c51158-51069	FOM_5_00388
prokka_FOM_5/FOM_5:Gene	FOM_5_00389	FOM_5_10:c52317-51304	FOM_5_00389
prokka_FOM_5/FOM_5:Gene	asp2	FOM_5_10:c54056-52314	FOM_5_00390
prokka_FOM_5/FOM_5:Gene	asp1	FOM_5_10:c55564-54056	FOM_5_00391
prokka_FOM_5/FOM_5:Gene	FOM_5_00392	FOM_5_10:c55970-55566	FOM_5_00392
prokka_FOM_5/FOM_5:Gene	gtf3	FOM_5_10:c56980-55967	FOM_5_00393
prokka_FOM_5/FOM_5:Gene	FOM_5_00394	FOM_5_10:c58235-57018	FOM_5_00394
prokka_FOM_5/FOM_5:Gene	gtfA_3	FOM_5_10:c59782-58232	FOM_5_00395
prokka_FOM_5/FOM_5:Gene	FOM_5_00396	FOM_5_10:c60434-59784	FOM_5_00396
prokka_FOM_5/FOM_5:Gene	tagE_2	FOM_5_10:c61915-60431	FOM_5_00397
prokka_FOM_5/FOM_5:Gene	FOM_5_00398	FOM_5_10:c62547-62131	FOM_5_00398
prokka_FOM_5/FOM_5:Gene	FOM_5_00399	FOM_5_10:62679-63779	FOM_5_00399
prokka_FOM_5/FOM_5:Gene	qorA	FOM_5_11:c1487-543	FOM_5_00400
prokka_FOM_5/FOM_5:Gene	FOM_5_00401	FOM_5_11:1717-2910	FOM_5_00401
prokka_FOM_5/FOM_5:Gene	FOM_5_00402	FOM_5_12:53-129	FOM_5_00402
prokka_FOM_5/FOM_5:Gene	tgt	FOM_5_12:362-1507	FOM_5_00403
prokka_FOM_5/FOM_5:Gene	FOM_5_00404	FOM_5_12:1543-1902	FOM_5_00404
prokka_FOM_5/FOM_5:Gene	dinB	FOM_5_12:1979-3097	FOM_5_00405
prokka_FOM_5/FOM_5:Gene	nrnA	FOM_5_12:3214-4164	FOM_5_00406
prokka_FOM_5/FOM_5:Gene	cshB	FOM_5_12:4164-5522	FOM_5_00407
prokka_FOM_5/FOM_5:Gene	nnrD	FOM_5_13:247-1092	FOM_5_00408
prokka_FOM_5/FOM_5:Gene	xylP_2	FOM_5_13:c2603-1152	FOM_5_00409
prokka_FOM_5/FOM_5:Gene	FOM_5_00410	FOM_5_13:2845-4266	FOM_5_00410
prokka_FOM_5/FOM_5:Gene	FOM_5_00411	FOM_5_13:c5394-4327	FOM_5_00411
prokka_FOM_5/FOM_5:Gene	FOM_5_00412	FOM_5_13:5600-6595	FOM_5_00412
prokka_FOM_5/FOM_5:Gene	FOM_5_00413	FOM_5_13:6698-7243	FOM_5_00413
prokka_FOM_5/FOM_5:Gene	birA	FOM_5_13:7412-8161	FOM_5_00414
prokka_FOM_5/FOM_5:Gene	bioY2	FOM_5_13:8158-8691	FOM_5_00415
prokka_FOM_5/FOM_5:Gene	gmk_1	FOM_5_13:8774-9334	FOM_5_00416
prokka_FOM_5/FOM_5:Gene	FOM_5_00417	FOM_5_13:9358-9849	FOM_5_00417
prokka_FOM_5/FOM_5:Gene	FOM_5_00418	FOM_5_13:9849-10646	FOM_5_00418
prokka_FOM_5/FOM_5:Gene	glnQ_2	FOM_5_13:10807-11541	FOM_5_00419
prokka_FOM_5/FOM_5:Gene	glnH	FOM_5_13:11554-12399	FOM_5_00420
prokka_FOM_5/FOM_5:Gene	glnM	FOM_5_13:12399-13043	FOM_5_00421
prokka_FOM_5/FOM_5:Gene	glnP	FOM_5_13:13046-13702	FOM_5_00422
prokka_FOM_5/FOM_5:Gene	ygiS	FOM_5_13:14261-15886	FOM_5_00423
prokka_FOM_5/FOM_5:Gene	oppB	FOM_5_13:16738-17658	FOM_5_00424
prokka_FOM_5/FOM_5:Gene	dppC	FOM_5_13:17669-18700	FOM_5_00425
prokka_FOM_5/FOM_5:Gene	oppD_3	FOM_5_13:18718-19821	FOM_5_00426
prokka_FOM_5/FOM_5:Gene	oppF_2	FOM_5_13:19821-20774	FOM_5_00427
prokka_FOM_5/FOM_5:Gene	gdpP	FOM_5_13:20922-22943	FOM_5_00428
prokka_FOM_5/FOM_5:Gene	rplI	FOM_5_13:22964-23416	FOM_5_00429
prokka_FOM_5/FOM_5:Gene	dnaC	FOM_5_13:23540-24955	FOM_5_00430
prokka_FOM_5/FOM_5:Gene	FOM_5_00431	FOM_5_13:25032-26222	FOM_5_00431
prokka_FOM_5/FOM_5:Gene	FOM_5_00432	FOM_5_13:26237-26767	FOM_5_00432
prokka_FOM_5/FOM_5:Gene	dapE	FOM_5_13:26884-28146	FOM_5_00433
prokka_FOM_5/FOM_5:Gene	FOM_5_00434	FOM_5_13:29056-30231	FOM_5_00434
prokka_FOM_5/FOM_5:Gene	FOM_5_00435	FOM_5_13:30212-31405	FOM_5_00435
prokka_FOM_5/FOM_5:Gene	FOM_5_00436	FOM_5_13:31407-31694	FOM_5_00436
prokka_FOM_5/FOM_5:Gene	FOM_5_00437	FOM_5_13:31681-31986	FOM_5_00437
prokka_FOM_5/FOM_5:Gene	FOM_5_00438	FOM_5_13:c32423-32025	FOM_5_00438
prokka_FOM_5/FOM_5:Gene	ispE	FOM_5_13:32568-33425	FOM_5_00439
prokka_FOM_5/FOM_5:Gene	tmpC_2	FOM_5_13:33675-34730	FOM_5_00440
prokka_FOM_5/FOM_5:Gene	tmpC_3	FOM_5_13:34957-36003	FOM_5_00441
prokka_FOM_5/FOM_5:Gene	FOM_5_00442	FOM_5_13:36077-36844	FOM_5_00442
prokka_FOM_5/FOM_5:Gene	FOM_5_00443	FOM_5_13:36971-37762	FOM_5_00443
prokka_FOM_5/FOM_5:Gene	yumC	FOM_5_13:37877-38890	FOM_5_00444
prokka_FOM_5/FOM_5:Gene	FOM_5_00445	FOM_5_13:39035-39343	FOM_5_00445
prokka_FOM_5/FOM_5:Gene	gpmA_1	FOM_5_13:39414-40133	FOM_5_00446
prokka_FOM_5/FOM_5:Gene	FOM_5_00447	FOM_5_13:40267-40953	FOM_5_00447
prokka_FOM_5/FOM_5:Gene	bsaA	FOM_5_13:41121-41597	FOM_5_00448
prokka_FOM_5/FOM_5:Gene	FOM_5_00449	FOM_5_13:41698-42276	FOM_5_00449
prokka_FOM_5/FOM_5:Gene	FOM_5_00450	FOM_5_13:42350-42688	FOM_5_00450
prokka_FOM_5/FOM_5:Gene	dat	FOM_5_13:42783-43643	FOM_5_00451
prokka_FOM_5/FOM_5:Gene	FOM_5_00452	FOM_5_13:43731-44570	FOM_5_00452
prokka_FOM_5/FOM_5:Gene	FOM_5_00453	FOM_5_13:c45646-44615	FOM_5_00453
prokka_FOM_5/FOM_5:Gene	nmtR	FOM_5_13:c46048-45719	FOM_5_00454
prokka_FOM_5/FOM_5:Gene	FOM_5_00455	FOM_5_13:46193-46810	FOM_5_00455
prokka_FOM_5/FOM_5:Gene	nox_1	FOM_5_13:46849-47715	FOM_5_00456
prokka_FOM_5/FOM_5:Gene	FOM_5_00457	FOM_5_13:47702-48256	FOM_5_00457
prokka_FOM_5/FOM_5:Gene	tmpC_4	FOM_5_13:48646-49725	FOM_5_00458
prokka_FOM_5/FOM_5:Gene	mglA	FOM_5_13:49948-51498	FOM_5_00459
prokka_FOM_5/FOM_5:Gene	FOM_5_00460	FOM_5_13:51503-52639	FOM_5_00460
prokka_FOM_5/FOM_5:Gene	FOM_5_00461	FOM_5_13:52642-53598	FOM_5_00461
prokka_FOM_5/FOM_5:Gene	murF	FOM_5_13:c55021-53657	FOM_5_00462
prokka_FOM_5/FOM_5:Gene	mbl	FOM_5_13:55173-56162	FOM_5_00463
prokka_FOM_5/FOM_5:Gene	FOM_5_00464	FOM_5_13:56165-56374	FOM_5_00464
prokka_FOM_5/FOM_5:Gene	rodA	FOM_5_13:56396-57586	FOM_5_00465
prokka_FOM_5/FOM_5:Gene	proC	FOM_5_13:57719-58510	FOM_5_00466
prokka_FOM_5/FOM_5:Gene	FOM_5_00467	FOM_5_13:c58853-58605	FOM_5_00467
prokka_FOM_5/FOM_5:Gene	FOM_5_00468	FOM_5_13:58968-59717	FOM_5_00468
prokka_FOM_5/FOM_5:Gene	FOM_5_00469	FOM_5_13:59793-59866	FOM_5_00469
prokka_FOM_5/FOM_5:Gene	ybiV_1	FOM_5_13:59981-60784	FOM_5_00470
prokka_FOM_5/FOM_5:Gene	ada	FOM_5_13:60850-61350	FOM_5_00471
prokka_FOM_5/FOM_5:Gene	ybjI_2	FOM_5_13:61371-62186	FOM_5_00472
prokka_FOM_5/FOM_5:Gene	FOM_5_00473	FOM_5_13:c62892-62245	FOM_5_00473
prokka_FOM_5/FOM_5:Gene	macB	FOM_5_13:63042-65021	FOM_5_00474
prokka_FOM_5/FOM_5:Gene	nagA	FOM_5_13:65194-66369	FOM_5_00475
prokka_FOM_5/FOM_5:Gene	nagR	FOM_5_13:66373-67074	FOM_5_00476
prokka_FOM_5/FOM_5:Gene	FOM_5_00477	FOM_5_13:67201-67701	FOM_5_00477
prokka_FOM_5/FOM_5:Gene	rpsD	FOM_5_13:67939-68550	FOM_5_00478
prokka_FOM_5/FOM_5:Gene	ydhP	FOM_5_13:68700-69860	FOM_5_00479
prokka_FOM_5/FOM_5:Gene	yfeX_2	FOM_5_13:69972-70916	FOM_5_00480
prokka_FOM_5/FOM_5:Gene	ezrA	FOM_5_13:71451-73184	FOM_5_00481
prokka_FOM_5/FOM_5:Gene	thiE	FOM_5_13:73328-74041	FOM_5_00482
prokka_FOM_5/FOM_5:Gene	FOM_5_00483	FOM_5_13:74186-74407	FOM_5_00483
prokka_FOM_5/FOM_5:Gene	pbuG	FOM_5_13:c75789-74482	FOM_5_00484
prokka_FOM_5/FOM_5:Gene	FOM_5_00485	FOM_5_13:76035-78617	FOM_5_00485
prokka_FOM_5/FOM_5:Gene	purA	FOM_5_13:78846-80138	FOM_5_00486
prokka_FOM_5/FOM_5:Gene	hpt_1	FOM_5_13:80142-80678	FOM_5_00487
prokka_FOM_5/FOM_5:Gene	FOM_5_00488	FOM_5_13:81186-87917	FOM_5_00488
prokka_FOM_5/FOM_5:Gene	FOM_5_00489	FOM_5_13:88281-88925	FOM_5_00489
prokka_FOM_5/FOM_5:Gene	FOM_5_00490	FOM_5_13:c89405-88986	FOM_5_00490
prokka_FOM_5/FOM_5:Gene	FOM_5_00491	FOM_5_13:c90213-89398	FOM_5_00491
prokka_FOM_5/FOM_5:Gene	FOM_5_00492	FOM_5_13:90350-91252	FOM_5_00492
prokka_FOM_5/FOM_5:Gene	oppA	FOM_5_13:91554-93176	FOM_5_00493
prokka_FOM_5/FOM_5:Gene	hutI_2	FOM_5_13:93188-94354	FOM_5_00494
prokka_FOM_5/FOM_5:Gene	FOM_5_00495	FOM_5_13:94430-96286	FOM_5_00495
prokka_FOM_5/FOM_5:Gene	FOM_5_00496	FOM_5_13:c96935-96336	FOM_5_00496
prokka_FOM_5/FOM_5:Gene	emrB	FOM_5_13:97117-98511	FOM_5_00497
prokka_FOM_5/FOM_5:Gene	uvrA_2	FOM_5_13:98665-101157	FOM_5_00498
prokka_FOM_5/FOM_5:Gene	FOM_5_00499	FOM_5_13:101248-102090	FOM_5_00499
prokka_FOM_5/FOM_5:Gene	FOM_5_00500	FOM_5_13:102299-103147	FOM_5_00500
prokka_FOM_5/FOM_5:Gene	FOM_5_00501	FOM_5_13:103365-104126	FOM_5_00501
prokka_FOM_5/FOM_5:Gene	FOM_5_00502	FOM_5_13:104182-104613	FOM_5_00502
prokka_FOM_5/FOM_5:Gene	tdk_1	FOM_5_13:104872-105468	FOM_5_00503
prokka_FOM_5/FOM_5:Gene	FOM_5_00504	FOM_5_13:105475-105627	FOM_5_00504
prokka_FOM_5/FOM_5:Gene	FOM_5_00505	FOM_5_13:105726-106052	FOM_5_00505
prokka_FOM_5/FOM_5:Gene	gdnD_2	FOM_5_13:106052-106375	FOM_5_00506
prokka_FOM_5/FOM_5:Gene	ribD	FOM_5_13:106837-107862	FOM_5_00507
prokka_FOM_5/FOM_5:Gene	ribE	FOM_5_13:107862-108449	FOM_5_00508
prokka_FOM_5/FOM_5:Gene	ribBA_1	FOM_5_13:108455-109648	FOM_5_00509
prokka_FOM_5/FOM_5:Gene	ribH	FOM_5_13:109664-110128	FOM_5_00510
prokka_FOM_5/FOM_5:Gene	FOM_5_00511	FOM_5_13:110235-111041	FOM_5_00511
prokka_FOM_5/FOM_5:Gene	msrB	FOM_5_13:c111711-111274	FOM_5_00512
prokka_FOM_5/FOM_5:Gene	opuCA	FOM_5_13:111872-112789	FOM_5_00513
prokka_FOM_5/FOM_5:Gene	FOM_5_00514	FOM_5_13:112796-114319	FOM_5_00514
prokka_FOM_5/FOM_5:Gene	yhhS	FOM_5_13:c115547-114372	FOM_5_00515
prokka_FOM_5/FOM_5:Gene	bdhA_1	FOM_5_13:115771-116955	FOM_5_00516
prokka_FOM_5/FOM_5:Gene	ydfK	FOM_5_13:117069-117800	FOM_5_00517
prokka_FOM_5/FOM_5:Gene	FOM_5_00518	FOM_5_13:117827-118189	FOM_5_00518
prokka_FOM_5/FOM_5:Gene	FOM_5_00519	FOM_5_13:118381-118785	FOM_5_00519
prokka_FOM_5/FOM_5:Gene	FOM_5_00520	FOM_5_13:119113-119670	FOM_5_00520
prokka_FOM_5/FOM_5:Gene	FOM_5_00521	FOM_5_13:c120633-119785	FOM_5_00521
prokka_FOM_5/FOM_5:Gene	FOM_5_00522	FOM_5_13:120805-121230	FOM_5_00522
prokka_FOM_5/FOM_5:Gene	ybiV_2	FOM_5_13:121227-122072	FOM_5_00523
prokka_FOM_5/FOM_5:Gene	uppS	FOM_5_13:122194-122982	FOM_5_00524
prokka_FOM_5/FOM_5:Gene	FOM_5_00525	FOM_5_13:122993-123784	FOM_5_00525
prokka_FOM_5/FOM_5:Gene	FOM_5_00526	FOM_5_13:123877-125136	FOM_5_00526
prokka_FOM_5/FOM_5:Gene	proS	FOM_5_13:125302-127023	FOM_5_00527
prokka_FOM_5/FOM_5:Gene	polC_3	FOM_5_13:127546-131868	FOM_5_00528
prokka_FOM_5/FOM_5:Gene	FOM_5_00529	FOM_5_14:c622-74	FOM_5_00529
prokka_FOM_5/FOM_5:Gene	FOM_5_00530	FOM_5_14:c1758-646	FOM_5_00530
prokka_FOM_5/FOM_5:Gene	FOM_5_00531	FOM_5_14:c2591-1860	FOM_5_00531
prokka_FOM_5/FOM_5:Gene	FOM_5_00532	FOM_5_14:c4256-2739	FOM_5_00532
prokka_FOM_5/FOM_5:Gene	FOM_5_00533	FOM_5_14:c4535-4449	FOM_5_00533
prokka_FOM_5/FOM_5:Gene	FOM_5_00534	FOM_5_14:c5102-4590	FOM_5_00534
prokka_FOM_5/FOM_5:Gene	FOM_5_00535	FOM_5_14:c5595-5188	FOM_5_00535
prokka_FOM_5/FOM_5:Gene	FOM_5_00536	FOM_5_14:c6108-5689	FOM_5_00536
prokka_FOM_5/FOM_5:Gene	FOM_5_00537	FOM_5_14:c7010-6285	FOM_5_00537
prokka_FOM_5/FOM_5:Gene	FOM_5_00538	FOM_5_14:c7206-7012	FOM_5_00538
prokka_FOM_5/FOM_5:Gene	yidA_1	FOM_5_14:c8048-7209	FOM_5_00539
prokka_FOM_5/FOM_5:Gene	mscL	FOM_5_14:8229-8624	FOM_5_00540
prokka_FOM_5/FOM_5:Gene	FOM_5_00541	FOM_5_14:8842-9492	FOM_5_00541
prokka_FOM_5/FOM_5:Gene	FOM_5_00542	FOM_5_14:c10354-9539	FOM_5_00542
prokka_FOM_5/FOM_5:Gene	FOM_5_00543	FOM_5_14:c10987-10493	FOM_5_00543
prokka_FOM_5/FOM_5:Gene	glpK_1	FOM_5_14:c12879-11374	FOM_5_00544
prokka_FOM_5/FOM_5:Gene	FOM_5_00545	FOM_5_14:c13163-12978	FOM_5_00545
prokka_FOM_5/FOM_5:Gene	FOM_5_00546	FOM_5_14:c14144-13188	FOM_5_00546
prokka_FOM_5/FOM_5:Gene	gltT	FOM_5_14:c15645-14359	FOM_5_00547
prokka_FOM_5/FOM_5:Gene	rplS	FOM_5_14:c16198-15842	FOM_5_00548
prokka_FOM_5/FOM_5:Gene	trmD	FOM_5_14:c17056-16316	FOM_5_00549
prokka_FOM_5/FOM_5:Gene	rimM	FOM_5_14:c17562-17059	FOM_5_00550
prokka_FOM_5/FOM_5:Gene	gpmA_2	FOM_5_14:17723-18391	FOM_5_00551
prokka_FOM_5/FOM_5:Gene	FOM_5_00552	FOM_5_14:c19366-18563	FOM_5_00552
prokka_FOM_5/FOM_5:Gene	alx	FOM_5_14:c20453-19497	FOM_5_00553
prokka_FOM_5/FOM_5:Gene	rpsP	FOM_5_14:c20924-20649	FOM_5_00554
prokka_FOM_5/FOM_5:Gene	FOM_5_00555	FOM_5_14:c21677-21126	FOM_5_00555
prokka_FOM_5/FOM_5:Gene	FOM_5_00556	FOM_5_14:c21902-21696	FOM_5_00556
prokka_FOM_5/FOM_5:Gene	FOM_5_00557	FOM_5_14:c22433-22296	FOM_5_00557
prokka_FOM_5/FOM_5:Gene	ffh	FOM_5_14:c23904-22438	FOM_5_00558
prokka_FOM_5/FOM_5:Gene	FOM_5_00559	FOM_5_14:c24249-23908	FOM_5_00559
prokka_FOM_5/FOM_5:Gene	ftsY	FOM_5_14:c25451-24249	FOM_5_00560
prokka_FOM_5/FOM_5:Gene	smc_3	FOM_5_14:c29022-25465	FOM_5_00561
prokka_FOM_5/FOM_5:Gene	rnc	FOM_5_14:c29730-29032	FOM_5_00562
prokka_FOM_5/FOM_5:Gene	acpP	FOM_5_14:c30146-29907	FOM_5_00563
prokka_FOM_5/FOM_5:Gene	plsX	FOM_5_14:c31249-30191	FOM_5_00564
prokka_FOM_5/FOM_5:Gene	recG	FOM_5_14:c33385-31349	FOM_5_00565
prokka_FOM_5/FOM_5:Gene	FOM_5_00566	FOM_5_14:c34638-34027	FOM_5_00566
prokka_FOM_5/FOM_5:Gene	gtfA_4	FOM_5_14:c35980-34619	FOM_5_00567
prokka_FOM_5/FOM_5:Gene	FOM_5_00568	FOM_5_14:c54223-36212	FOM_5_00568
prokka_FOM_5/FOM_5:Gene	FOM_5_00569	FOM_5_14:c56212-54524	FOM_5_00569
prokka_FOM_5/FOM_5:Gene	FOM_5_00570	FOM_5_14:c56601-56239	FOM_5_00570
prokka_FOM_5/FOM_5:Gene	rpmB	FOM_5_14:c56937-56737	FOM_5_00571
prokka_FOM_5/FOM_5:Gene	thiN	FOM_5_14:c57754-57089	FOM_5_00572
prokka_FOM_5/FOM_5:Gene	rpe	FOM_5_14:c58413-57754	FOM_5_00573
prokka_FOM_5/FOM_5:Gene	rsgA	FOM_5_14:c59358-58444	FOM_5_00574
prokka_FOM_5/FOM_5:Gene	prkC	FOM_5_14:c61344-59371	FOM_5_00575
prokka_FOM_5/FOM_5:Gene	phpP	FOM_5_14:c62085-61345	FOM_5_00576
prokka_FOM_5/FOM_5:Gene	rsmB	FOM_5_14:c63495-62122	FOM_5_00577
prokka_FOM_5/FOM_5:Gene	fmt	FOM_5_14:c64441-63479	FOM_5_00578
prokka_FOM_5/FOM_5:Gene	priA	FOM_5_14:c66917-64497	FOM_5_00579
prokka_FOM_5/FOM_5:Gene	ackA	FOM_5_14:c68304-67114	FOM_5_00580
prokka_FOM_5/FOM_5:Gene	FOM_5_00581	FOM_5_14:c69426-68419	FOM_5_00581
prokka_FOM_5/FOM_5:Gene	FOM_5_00582	FOM_5_14:c69787-69503	FOM_5_00582
prokka_FOM_5/FOM_5:Gene	FOM_5_00583	FOM_5_14:c70209-69784	FOM_5_00583
prokka_FOM_5/FOM_5:Gene	FOM_5_00584	FOM_5_14:c70382-70182	FOM_5_00584
prokka_FOM_5/FOM_5:Gene	FOM_5_00585	FOM_5_14:c70761-70366	FOM_5_00585
prokka_FOM_5/FOM_5:Gene	FOM_5_00586	FOM_5_14:c71062-70751	FOM_5_00586
prokka_FOM_5/FOM_5:Gene	epsF	FOM_5_14:c72054-71056	FOM_5_00587
prokka_FOM_5/FOM_5:Gene	comGA	FOM_5_14:c72946-72017	FOM_5_00588
prokka_FOM_5/FOM_5:Gene	adeP	FOM_5_14:c74531-73080	FOM_5_00589
prokka_FOM_5/FOM_5:Gene	yebC	FOM_5_14:c75532-74810	FOM_5_00590
prokka_FOM_5/FOM_5:Gene	recD2	FOM_5_14:c78155-75606	FOM_5_00591
prokka_FOM_5/FOM_5:Gene	FOM_5_00592	FOM_5_14:c78804-78139	FOM_5_00592
prokka_FOM_5/FOM_5:Gene	pspB	FOM_5_14:c79487-78825	FOM_5_00593
prokka_FOM_5/FOM_5:Gene	ileS	FOM_5_14:c82586-79797	FOM_5_00594
prokka_FOM_5/FOM_5:Gene	gpsB	FOM_5_14:c83517-82882	FOM_5_00595
prokka_FOM_5/FOM_5:Gene	FOM_5_00596	FOM_5_14:c84317-83532	FOM_5_00596
prokka_FOM_5/FOM_5:Gene	FOM_5_00597	FOM_5_14:c84591-84331	FOM_5_00597
prokka_FOM_5/FOM_5:Gene	sepF	FOM_5_14:c85052-84603	FOM_5_00598
prokka_FOM_5/FOM_5:Gene	ftsZ	FOM_5_14:c86335-85064	FOM_5_00599
prokka_FOM_5/FOM_5:Gene	ftsA	FOM_5_14:c87743-86373	FOM_5_00600
prokka_FOM_5/FOM_5:Gene	divIB	FOM_5_14:c88896-87976	FOM_5_00601
prokka_FOM_5/FOM_5:Gene	murG	FOM_5_14:c90042-88942	FOM_5_00602
prokka_FOM_5/FOM_5:Gene	murD	FOM_5_14:c91405-90062	FOM_5_00603
prokka_FOM_5/FOM_5:Gene	mraY	FOM_5_14:c92503-91511	FOM_5_00604
prokka_FOM_5/FOM_5:Gene	pbpB	FOM_5_14:c94724-92532	FOM_5_00605
prokka_FOM_5/FOM_5:Gene	ftsL_1	FOM_5_14:c95097-94726	FOM_5_00606
prokka_FOM_5/FOM_5:Gene	rsmH	FOM_5_14:c96093-95149	FOM_5_00607
prokka_FOM_5/FOM_5:Gene	mraZ	FOM_5_14:c96589-96155	FOM_5_00608
prokka_FOM_5/FOM_5:Gene	FOM_5_00609	FOM_5_14:c97390-97010	FOM_5_00609
prokka_FOM_5/FOM_5:Gene	rsmE	FOM_5_14:c98174-97428	FOM_5_00610
prokka_FOM_5/FOM_5:Gene	prmA	FOM_5_14:c99130-98174	FOM_5_00611
prokka_FOM_5/FOM_5:Gene	pyk	FOM_5_14:c100654-99233	FOM_5_00612
prokka_FOM_5/FOM_5:Gene	lysP	FOM_5_14:c102315-100843	FOM_5_00613
prokka_FOM_5/FOM_5:Gene	FOM_5_00614	FOM_5_14:102692-103162	FOM_5_00614
prokka_FOM_5/FOM_5:Gene	pgaC	FOM_5_14:c104486-103230	FOM_5_00615
prokka_FOM_5/FOM_5:Gene	nox_2	FOM_5_14:c105859-104483	FOM_5_00616
prokka_FOM_5/FOM_5:Gene	FOM_5_00617	FOM_5_14:c106581-105883	FOM_5_00617
prokka_FOM_5/FOM_5:Gene	FOM_5_00618	FOM_5_14:c107050-106565	FOM_5_00618
prokka_FOM_5/FOM_5:Gene	fhs1	FOM_5_14:c108833-107172	FOM_5_00619
prokka_FOM_5/FOM_5:Gene	purD	FOM_5_14:c110100-108817	FOM_5_00620
prokka_FOM_5/FOM_5:Gene	purH	FOM_5_14:c111641-110112	FOM_5_00621
prokka_FOM_5/FOM_5:Gene	purN	FOM_5_14:c112231-111638	FOM_5_00622
prokka_FOM_5/FOM_5:Gene	purM	FOM_5_14:c113262-112222	FOM_5_00623
prokka_FOM_5/FOM_5:Gene	purF	FOM_5_14:c114809-113274	FOM_5_00624
prokka_FOM_5/FOM_5:Gene	purL	FOM_5_14:c117016-114794	FOM_5_00625
prokka_FOM_5/FOM_5:Gene	purQ	FOM_5_14:c117696-117013	FOM_5_00626
prokka_FOM_5/FOM_5:Gene	purS	FOM_5_14:c117955-117698	FOM_5_00627
prokka_FOM_5/FOM_5:Gene	purC	FOM_5_14:c118683-117958	FOM_5_00628
prokka_FOM_5/FOM_5:Gene	purK_1	FOM_5_14:c119798-118680	FOM_5_00629
prokka_FOM_5/FOM_5:Gene	purE	FOM_5_14:c120279-119791	FOM_5_00630
prokka_FOM_5/FOM_5:Gene	ribBA_2	FOM_5_14:c121169-120540	FOM_5_00631
prokka_FOM_5/FOM_5:Gene	FOM_5_00632	FOM_5_14:c122344-121511	FOM_5_00632
prokka_FOM_5/FOM_5:Gene	artM	FOM_5_14:c122993-122355	FOM_5_00633
prokka_FOM_5/FOM_5:Gene	artQ	FOM_5_14:c123648-123004	FOM_5_00634
prokka_FOM_5/FOM_5:Gene	FOM_5_00635	FOM_5_14:c124599-123988	FOM_5_00635
prokka_FOM_5/FOM_5:Gene	cah	FOM_5_14:124786-125415	FOM_5_00636
prokka_FOM_5/FOM_5:Gene	mreC	FOM_5_14:c126307-125456	FOM_5_00637
prokka_FOM_5/FOM_5:Gene	mreB	FOM_5_14:c127385-126381	FOM_5_00638
prokka_FOM_5/FOM_5:Gene	FOM_5_00639	FOM_5_14:c128031-127597	FOM_5_00639
prokka_FOM_5/FOM_5:Gene	FOM_5_00640	FOM_5_14:128152-128496	FOM_5_00640
prokka_FOM_5/FOM_5:Gene	FOM_5_00641	FOM_5_14:c129384-128548	FOM_5_00641
prokka_FOM_5/FOM_5:Gene	glcB	FOM_5_14:c131626-129605	FOM_5_00642
prokka_FOM_5/FOM_5:Gene	degV	FOM_5_14:c132653-131784	FOM_5_00643
prokka_FOM_5/FOM_5:Gene	crcB_1	FOM_5_14:c133071-132712	FOM_5_00644
prokka_FOM_5/FOM_5:Gene	crcB_2	FOM_5_14:c133448-133071	FOM_5_00645
prokka_FOM_5/FOM_5:Gene	clcA	FOM_5_14:c134989-133451	FOM_5_00646
prokka_FOM_5/FOM_5:Gene	cmpD	FOM_5_14:c135916-135146	FOM_5_00647
prokka_FOM_5/FOM_5:Gene	FOM_5_00648	FOM_5_14:c136811-135909	FOM_5_00648
prokka_FOM_5/FOM_5:Gene	FOM_5_00649	FOM_5_14:c137810-136824	FOM_5_00649
prokka_FOM_5/FOM_5:Gene	nrdF2	FOM_5_14:c139070-138108	FOM_5_00650
prokka_FOM_5/FOM_5:Gene	nrdE2	FOM_5_14:c141352-139181	FOM_5_00651
prokka_FOM_5/FOM_5:Gene	nrdH	FOM_5_14:c141685-141449	FOM_5_00652
prokka_FOM_5/FOM_5:Gene	FOM_5_00653	FOM_5_14:141955-142407	FOM_5_00653
prokka_FOM_5/FOM_5:Gene	FOM_5_00654	FOM_5_14:142456-143109	FOM_5_00654
prokka_FOM_5/FOM_5:Gene	FOM_5_00655	FOM_5_14:143128-143388	FOM_5_00655
prokka_FOM_5/FOM_5:Gene	isaA	FOM_5_14:c144171-143461	FOM_5_00656
prokka_FOM_5/FOM_5:Gene	FOM_5_00657	FOM_5_14:c145025-144684	FOM_5_00657
prokka_FOM_5/FOM_5:Gene	FOM_5_00658	FOM_5_14:c145934-145092	FOM_5_00658
prokka_FOM_5/FOM_5:Gene	mhqA	FOM_5_14:c147105-146092	FOM_5_00659
prokka_FOM_5/FOM_5:Gene	mtnN	FOM_5_14:c148015-147323	FOM_5_00660
prokka_FOM_5/FOM_5:Gene	FOM_5_00661	FOM_5_14:c148339-148049	FOM_5_00661
prokka_FOM_5/FOM_5:Gene	nudF	FOM_5_14:c148910-148341	FOM_5_00662
prokka_FOM_5/FOM_5:Gene	cspB	FOM_5_14:c149133-148912	FOM_5_00663
prokka_FOM_5/FOM_5:Gene	FOM_5_00664	FOM_5_14:c149517-149149	FOM_5_00664
prokka_FOM_5/FOM_5:Gene	FOM_5_00665	FOM_5_14:149631-149750	FOM_5_00665
prokka_FOM_5/FOM_5:Gene	purK_2	FOM_5_14:c150924-149803	FOM_5_00666
prokka_FOM_5/FOM_5:Gene	FOM_5_00667	FOM_5_14:c151622-150951	FOM_5_00667
prokka_FOM_5/FOM_5:Gene	FOM_5_00668	FOM_5_14:c153392-151635	FOM_5_00668
prokka_FOM_5/FOM_5:Gene	cydD	FOM_5_14:c155118-153385	FOM_5_00669
prokka_FOM_5/FOM_5:Gene	cydB	FOM_5_14:c156207-155203	FOM_5_00670
prokka_FOM_5/FOM_5:Gene	cydA	FOM_5_14:c157679-156210	FOM_5_00671
prokka_FOM_5/FOM_5:Gene	panT	FOM_5_14:c158537-157923	FOM_5_00672
prokka_FOM_5/FOM_5:Gene	ghrA	FOM_5_14:158686-159633	FOM_5_00673
prokka_FOM_5/FOM_5:Gene	FOM_5_00674	FOM_5_14:c160550-159687	FOM_5_00674
prokka_FOM_5/FOM_5:Gene	FOM_5_00675	FOM_5_14:c161022-160934	FOM_5_00675
prokka_FOM_5/FOM_5:Gene	FOM_5_00676	FOM_5_14:c161124-161049	FOM_5_00676
prokka_FOM_5/FOM_5:Gene	FOM_5_00677	FOM_5_14:c161207-161136	FOM_5_00677
prokka_FOM_5/FOM_5:Gene	FOM_5_00678	FOM_5_14:c161312-161238	FOM_5_00678
prokka_FOM_5/FOM_5:Gene	FOM_5_00679	FOM_5_14:c161393-161318	FOM_5_00679
prokka_FOM_5/FOM_5:Gene	gltX	FOM_5_15:c1528-32	FOM_5_00680
prokka_FOM_5/FOM_5:Gene	yacL	FOM_5_15:c2711-1608	FOM_5_00681
prokka_FOM_5/FOM_5:Gene	radA	FOM_5_15:c4100-2727	FOM_5_00682
prokka_FOM_5/FOM_5:Gene	dut	FOM_5_15:c4657-4115	FOM_5_00683
prokka_FOM_5/FOM_5:Gene	FOM_5_00684	FOM_5_15:c5031-4753	FOM_5_00684
prokka_FOM_5/FOM_5:Gene	FOM_5_00685	FOM_5_15:c5617-5075	FOM_5_00685
prokka_FOM_5/FOM_5:Gene	FOM_5_00686	FOM_5_15:c6565-5678	FOM_5_00686
prokka_FOM_5/FOM_5:Gene	FOM_5_00687	FOM_5_15:c7982-6975	FOM_5_00687
prokka_FOM_5/FOM_5:Gene	aldC	FOM_5_15:c8787-8068	FOM_5_00688
prokka_FOM_5/FOM_5:Gene	alsS	FOM_5_15:c10538-8850	FOM_5_00689
prokka_FOM_5/FOM_5:Gene	ldh_1	FOM_5_15:c11721-10768	FOM_5_00690
prokka_FOM_5/FOM_5:Gene	FOM_5_00691	FOM_5_15:c12014-11941	FOM_5_00691
prokka_FOM_5/FOM_5:Gene	FOM_5_00692	FOM_5_16:c428-69	FOM_5_00692
prokka_FOM_5/FOM_5:Gene	addB	FOM_5_16:674-4222	FOM_5_00693
prokka_FOM_5/FOM_5:Gene	addA	FOM_5_16:4226-8011	FOM_5_00694
prokka_FOM_5/FOM_5:Gene	adhA	FOM_5_16:8193-9239	FOM_5_00695
prokka_FOM_5/FOM_5:Gene	FOM_5_00696	FOM_5_16:c10622-9402	FOM_5_00696
prokka_FOM_5/FOM_5:Gene	glpK_2	FOM_5_16:10828-12342	FOM_5_00697
prokka_FOM_5/FOM_5:Gene	zwf	FOM_5_16:12493-13956	FOM_5_00698
prokka_FOM_5/FOM_5:Gene	FOM_5_00699	FOM_5_16:14034-14507	FOM_5_00699
prokka_FOM_5/FOM_5:Gene	purR	FOM_5_16:14677-15531	FOM_5_00700
prokka_FOM_5/FOM_5:Gene	glmU	FOM_5_16:15552-16991	FOM_5_00701
prokka_FOM_5/FOM_5:Gene	prs	FOM_5_16:17185-18171	FOM_5_00702
prokka_FOM_5/FOM_5:Gene	rihA_1	FOM_5_16:18243-19190	FOM_5_00703
prokka_FOM_5/FOM_5:Gene	FOM_5_00704	FOM_5_16:c22041-19252	FOM_5_00704
prokka_FOM_5/FOM_5:Gene	rpsF	FOM_5_16:22515-22814	FOM_5_00705
prokka_FOM_5/FOM_5:Gene	ssb	FOM_5_16:22891-23442	FOM_5_00706
prokka_FOM_5/FOM_5:Gene	rpsR	FOM_5_16:23494-23736	FOM_5_00707
prokka_FOM_5/FOM_5:Gene	FOM_5_00708	FOM_5_16:23969-24451	FOM_5_00708
prokka_FOM_5/FOM_5:Gene	FOM_5_00709	FOM_5_16:c24611-24535	FOM_5_00709
prokka_FOM_5/FOM_5:Gene	FOM_5_00710	FOM_5_16:c24886-24810	FOM_5_00710
prokka_FOM_5/FOM_5:Gene	secA	FOM_5_17:15-2198	FOM_5_00711
prokka_FOM_5/FOM_5:Gene	prfB	FOM_5_17:2264-3379	FOM_5_00712
prokka_FOM_5/FOM_5:Gene	FOM_5_00713	FOM_5_17:3648-4166	FOM_5_00713
prokka_FOM_5/FOM_5:Gene	FOM_5_00714	FOM_5_17:4420-4908	FOM_5_00714
prokka_FOM_5/FOM_5:Gene	FOM_5_00715	FOM_5_17:4890-6161	FOM_5_00715
prokka_FOM_5/FOM_5:Gene	femX	FOM_5_17:c7459-6443	FOM_5_00716
prokka_FOM_5/FOM_5:Gene	rlmB	FOM_5_17:7590-8360	FOM_5_00717
prokka_FOM_5/FOM_5:Gene	FOM_5_00718	FOM_5_17:8410-8889	FOM_5_00718
prokka_FOM_5/FOM_5:Gene	yodB	FOM_5_17:9250-9579	FOM_5_00719
prokka_FOM_5/FOM_5:Gene	pheS	FOM_5_17:10505-11545	FOM_5_00720
prokka_FOM_5/FOM_5:Gene	pheT	FOM_5_17:11555-13978	FOM_5_00721
prokka_FOM_5/FOM_5:Gene	mltG	FOM_5_17:14075-15286	FOM_5_00722
prokka_FOM_5/FOM_5:Gene	recQ	FOM_5_17:15396-17225	FOM_5_00723
prokka_FOM_5/FOM_5:Gene	greA	FOM_5_17:c17762-17277	FOM_5_00724
prokka_FOM_5/FOM_5:Gene	FOM_5_00725	FOM_5_17:c20528-17880	FOM_5_00725
prokka_FOM_5/FOM_5:Gene	penA	FOM_5_17:20679-22730	FOM_5_00726
prokka_FOM_5/FOM_5:Gene	yqgN	FOM_5_17:22836-23387	FOM_5_00727
prokka_FOM_5/FOM_5:Gene	gluP	FOM_5_17:23393-24094	FOM_5_00728
prokka_FOM_5/FOM_5:Gene	FOM_5_00729	FOM_5_17:24108-24314	FOM_5_00729
prokka_FOM_5/FOM_5:Gene	glcK	FOM_5_17:24440-25417	FOM_5_00730
prokka_FOM_5/FOM_5:Gene	FOM_5_00731	FOM_5_17:25801-26733	FOM_5_00731
prokka_FOM_5/FOM_5:Gene	FOM_5_00732	FOM_5_17:c26922-26788	FOM_5_00732
prokka_FOM_5/FOM_5:Gene	FOM_5_00733	FOM_5_17:27067-27915	FOM_5_00733
prokka_FOM_5/FOM_5:Gene	FOM_5_00734	FOM_5_17:28124-28315	FOM_5_00734
prokka_FOM_5/FOM_5:Gene	FOM_5_00735	FOM_5_17:28361-28954	FOM_5_00735
prokka_FOM_5/FOM_5:Gene	xylT_1	FOM_5_18:255-1625	FOM_5_00736
prokka_FOM_5/FOM_5:Gene	FOM_5_00737	FOM_5_18:1767-1849	FOM_5_00737
prokka_FOM_5/FOM_5:Gene	FOM_5_00738	FOM_5_18:1859-1931	FOM_5_00738
prokka_FOM_5/FOM_5:Gene	FOM_5_00739	FOM_5_18:2050-2122	FOM_5_00739
prokka_FOM_5/FOM_5:Gene	FOM_5_00740	FOM_5_18:2243-2983	FOM_5_00740
prokka_FOM_5/FOM_5:Gene	nth	FOM_5_18:3052-3714	FOM_5_00741
prokka_FOM_5/FOM_5:Gene	FOM_5_00742	FOM_5_18:3729-4610	FOM_5_00742
prokka_FOM_5/FOM_5:Gene	FOM_5_00743	FOM_5_18:4607-5080	FOM_5_00743
prokka_FOM_5/FOM_5:Gene	oatA	FOM_5_18:5210-7093	FOM_5_00744
prokka_FOM_5/FOM_5:Gene	zitR	FOM_5_18:7199-7663	FOM_5_00745
prokka_FOM_5/FOM_5:Gene	FOM_5_00746	FOM_5_18:7787-8734	FOM_5_00746
prokka_FOM_5/FOM_5:Gene	znuC	FOM_5_18:8734-9429	FOM_5_00747
prokka_FOM_5/FOM_5:Gene	znuB	FOM_5_18:9422-10204	FOM_5_00748
prokka_FOM_5/FOM_5:Gene	ybiT	FOM_5_18:10835-12466	FOM_5_00749
prokka_FOM_5/FOM_5:Gene	FOM_5_00750	FOM_5_18:12616-13989	FOM_5_00750
prokka_FOM_5/FOM_5:Gene	FOM_5_00751	FOM_5_18:c14815-14300	FOM_5_00751
prokka_FOM_5/FOM_5:Gene	araR	FOM_5_18:c16047-14962	FOM_5_00752
prokka_FOM_5/FOM_5:Gene	FOM_5_00753	FOM_5_18:16458-17432	FOM_5_00753
prokka_FOM_5/FOM_5:Gene	rafB	FOM_5_18:17459-18736	FOM_5_00754
prokka_FOM_5/FOM_5:Gene	xylB_1	FOM_5_18:19425-21092	FOM_5_00755
prokka_FOM_5/FOM_5:Gene	araD	FOM_5_18:21061-21774	FOM_5_00756
prokka_FOM_5/FOM_5:Gene	araA	FOM_5_18:21802-23235	FOM_5_00757
prokka_FOM_5/FOM_5:Gene	FOM_5_00758	FOM_5_18:23441-24289	FOM_5_00758
prokka_FOM_5/FOM_5:Gene	FOM_5_00759	FOM_5_18:24517-25776	FOM_5_00759
prokka_FOM_5/FOM_5:Gene	FOM_5_00760	FOM_5_18:26505-26720	FOM_5_00760
prokka_FOM_5/FOM_5:Gene	FOM_5_00761	FOM_5_18:26744-26971	FOM_5_00761
prokka_FOM_5/FOM_5:Gene	xylT_2	FOM_5_18:27153-28556	FOM_5_00762
prokka_FOM_5/FOM_5:Gene	glnQ_3	FOM_5_18:28771-29502	FOM_5_00763
prokka_FOM_5/FOM_5:Gene	mltF_2	FOM_5_18:29520-30983	FOM_5_00764
prokka_FOM_5/FOM_5:Gene	FOM_5_00765	FOM_5_18:31066-31914	FOM_5_00765
prokka_FOM_5/FOM_5:Gene	FOM_5_00766	FOM_5_18:31968-33029	FOM_5_00766
prokka_FOM_5/FOM_5:Gene	FOM_5_00767	FOM_5_18:33121-34053	FOM_5_00767
prokka_FOM_5/FOM_5:Gene	FOM_5_00768	FOM_5_18:34187-35101	FOM_5_00768
prokka_FOM_5/FOM_5:Gene	FOM_5_00769	FOM_5_18:35126-35266	FOM_5_00769
prokka_FOM_5/FOM_5:Gene	FOM_5_00770	FOM_5_18:35643-37151	FOM_5_00770
prokka_FOM_5/FOM_5:Gene	FOM_5_00771	FOM_5_18:37336-38211	FOM_5_00771
prokka_FOM_5/FOM_5:Gene	FOM_5_00772	FOM_5_18:38204-38350	FOM_5_00772
prokka_FOM_5/FOM_5:Gene	FOM_5_00773	FOM_5_18:38350-39660	FOM_5_00773
prokka_FOM_5/FOM_5:Gene	FOM_5_00774	FOM_5_18:39671-40798	FOM_5_00774
prokka_FOM_5/FOM_5:Gene	mnaA	FOM_5_18:40791-41894	FOM_5_00775
prokka_FOM_5/FOM_5:Gene	ybaK	FOM_5_18:42017-42511	FOM_5_00776
prokka_FOM_5/FOM_5:Gene	FOM_5_00777	FOM_5_18:42514-43233	FOM_5_00777
prokka_FOM_5/FOM_5:Gene	FOM_5_00778	FOM_5_18:43254-43928	FOM_5_00778
prokka_FOM_5/FOM_5:Gene	ribZ_3	FOM_5_18:43938-45323	FOM_5_00779
prokka_FOM_5/FOM_5:Gene	FOM_5_00780	FOM_5_18:45511-46443	FOM_5_00780
prokka_FOM_5/FOM_5:Gene	FOM_5_00781	FOM_5_18:46440-47084	FOM_5_00781
prokka_FOM_5/FOM_5:Gene	gmuR	FOM_5_18:47172-47903	FOM_5_00782
prokka_FOM_5/FOM_5:Gene	xpkA	FOM_5_18:48113-50572	FOM_5_00783
prokka_FOM_5/FOM_5:Gene	lysS	FOM_5_19:c1907-423	FOM_5_00784
prokka_FOM_5/FOM_5:Gene	hslO	FOM_5_19:c2904-2011	FOM_5_00785
prokka_FOM_5/FOM_5:Gene	ftsH	FOM_5_19:c5060-2997	FOM_5_00786
prokka_FOM_5/FOM_5:Gene	hpt_2	FOM_5_19:c5721-5125	FOM_5_00787
prokka_FOM_5/FOM_5:Gene	tilS	FOM_5_19:c6806-5829	FOM_5_00788
prokka_FOM_5/FOM_5:Gene	ftsL_2	FOM_5_19:c7282-6908	FOM_5_00789
prokka_FOM_5/FOM_5:Gene	FOM_5_00790	FOM_5_19:c7799-7524	FOM_5_00790
prokka_FOM_5/FOM_5:Gene	murJ_2	FOM_5_19:c9388-7799	FOM_5_00791
prokka_FOM_5/FOM_5:Gene	mfd	FOM_5_19:c12893-9375	FOM_5_00792
prokka_FOM_5/FOM_5:Gene	pth	FOM_5_19:c13470-12904	FOM_5_00793
prokka_FOM_5/FOM_5:Gene	FOM_5_00794	FOM_5_19:c13823-13665	FOM_5_00794
prokka_FOM_5/FOM_5:Gene	apu	FOM_5_19:c15683-14004	FOM_5_00795
prokka_FOM_5/FOM_5:Gene	glgP	FOM_5_19:c18107-15696	FOM_5_00796
prokka_FOM_5/FOM_5:Gene	glgA	FOM_5_19:c19556-18126	FOM_5_00797
prokka_FOM_5/FOM_5:Gene	glgD	FOM_5_19:c20680-19556	FOM_5_00798
prokka_FOM_5/FOM_5:Gene	glgC	FOM_5_19:c21836-20673	FOM_5_00799
prokka_FOM_5/FOM_5:Gene	glgB	FOM_5_19:c23709-21829	FOM_5_00800
prokka_FOM_5/FOM_5:Gene	FOM_5_00801	FOM_5_19:c24144-23971	FOM_5_00801
prokka_FOM_5/FOM_5:Gene	smc_4	FOM_5_19:c27649-24332	FOM_5_00802
prokka_FOM_5/FOM_5:Gene	FOM_5_00803	FOM_5_19:27807-28409	FOM_5_00803
prokka_FOM_5/FOM_5:Gene	FOM_5_00804	FOM_5_19:c29130-28486	FOM_5_00804
prokka_FOM_5/FOM_5:Gene	FOM_5_00805	FOM_5_19:c30408-29311	FOM_5_00805
prokka_FOM_5/FOM_5:Gene	licC_2	FOM_5_19:c31745-30411	FOM_5_00806
prokka_FOM_5/FOM_5:Gene	ribZ_4	FOM_5_19:c33326-31944	FOM_5_00807
prokka_FOM_5/FOM_5:Gene	FOM_5_00808	FOM_5_19:33640-33972	FOM_5_00808
prokka_FOM_5/FOM_5:Gene	FOM_5_00809	FOM_5_19:c34635-34174	FOM_5_00809
prokka_FOM_5/FOM_5:Gene	iolS	FOM_5_19:35165-36085	FOM_5_00810
prokka_FOM_5/FOM_5:Gene	xylB_2	FOM_5_19:c37781-36273	FOM_5_00811
prokka_FOM_5/FOM_5:Gene	xylA	FOM_5_19:c39434-38049	FOM_5_00812
prokka_FOM_5/FOM_5:Gene	nagC	FOM_5_19:c40930-39707	FOM_5_00813
prokka_FOM_5/FOM_5:Gene	uidB	FOM_5_19:41292-42740	FOM_5_00814
prokka_FOM_5/FOM_5:Gene	xynB	FOM_5_19:42992-44680	FOM_5_00815
prokka_FOM_5/FOM_5:Gene	xylT_3	FOM_5_19:44974-45369	FOM_5_00816
prokka_FOM_5/FOM_5:Gene	xylT_4	FOM_5_19:45412-46362	FOM_5_00817
prokka_FOM_5/FOM_5:Gene	FOM_5_00818	FOM_5_19:46457-47347	FOM_5_00818
prokka_FOM_5/FOM_5:Gene	FOM_5_00819	FOM_5_19:47689-48456	FOM_5_00819
prokka_FOM_5/FOM_5:Gene	FOM_5_00820	FOM_5_19:48469-48927	FOM_5_00820
prokka_FOM_5/FOM_5:Gene	tag	FOM_5_19:c49557-48994	FOM_5_00821
prokka_FOM_5/FOM_5:Gene	uppP	FOM_5_19:c50493-49642	FOM_5_00822
prokka_FOM_5/FOM_5:Gene	FOM_5_00823	FOM_5_19:c51521-50583	FOM_5_00823
prokka_FOM_5/FOM_5:Gene	FOM_5_00824	FOM_5_19:c52152-51514	FOM_5_00824
prokka_FOM_5/FOM_5:Gene	FOM_5_00825	FOM_5_19:c52474-52142	FOM_5_00825
prokka_FOM_5/FOM_5:Gene	FOM_5_00826	FOM_5_19:52609-52872	FOM_5_00826
prokka_FOM_5/FOM_5:Gene	codA_2	FOM_5_19:c54117-53380	FOM_5_00827
prokka_FOM_5/FOM_5:Gene	FOM_5_00828	FOM_5_20:c1100-219	FOM_5_00828
prokka_FOM_5/FOM_5:Gene	FOM_5_00829	FOM_5_20:c3160-1118	FOM_5_00829
prokka_FOM_5/FOM_5:Gene	FOM_5_00830	FOM_5_20:c3685-3278	FOM_5_00830
prokka_FOM_5/FOM_5:Gene	FOM_5_00831	FOM_5_20:c6271-3737	FOM_5_00831
prokka_FOM_5/FOM_5:Gene	FOM_5_00832	FOM_5_20:c7093-6371	FOM_5_00832
prokka_FOM_5/FOM_5:Gene	FOM_5_00833	FOM_5_20:c8538-7144	FOM_5_00833
prokka_FOM_5/FOM_5:Gene	yxaB	FOM_5_20:c9521-8541	FOM_5_00834
prokka_FOM_5/FOM_5:Gene	FOM_5_00835	FOM_5_20:c12952-9779	FOM_5_00835
prokka_FOM_5/FOM_5:Gene	walR	FOM_5_21:115-816	FOM_5_00836
prokka_FOM_5/FOM_5:Gene	walK	FOM_5_21:935-2824	FOM_5_00837
prokka_FOM_5/FOM_5:Gene	FOM_5_00838	FOM_5_21:2817-4142	FOM_5_00838
prokka_FOM_5/FOM_5:Gene	FOM_5_00839	FOM_5_21:4142-4954	FOM_5_00839
prokka_FOM_5/FOM_5:Gene	yycJ	FOM_5_21:5056-5856	FOM_5_00840
prokka_FOM_5/FOM_5:Gene	htrA	FOM_5_21:5941-7233	FOM_5_00841
prokka_FOM_5/FOM_5:Gene	FOM_5_00842	FOM_5_21:c8008-7571	FOM_5_00842
prokka_FOM_5/FOM_5:Gene	FOM_5_00843	FOM_5_21:8114-9472	FOM_5_00843
prokka_FOM_5/FOM_5:Gene	yidA_2	FOM_5_21:9518-10354	FOM_5_00844
prokka_FOM_5/FOM_5:Gene	rpoE	FOM_5_21:10435-11028	FOM_5_00845
prokka_FOM_5/FOM_5:Gene	FOM_5_00846	FOM_5_21:11234-12028	FOM_5_00846
prokka_FOM_5/FOM_5:Gene	pyrG	FOM_5_21:12216-13826	FOM_5_00847
prokka_FOM_5/FOM_5:Gene	murA2	FOM_5_21:14148-15410	FOM_5_00848
prokka_FOM_5/FOM_5:Gene	cshA	FOM_5_21:15689-17263	FOM_5_00849
prokka_FOM_5/FOM_5:Gene	FOM_5_00850	FOM_5_21:17409-18893	FOM_5_00850
prokka_FOM_5/FOM_5:Gene	ndoA	FOM_5_21:18903-19265	FOM_5_00851
prokka_FOM_5/FOM_5:Gene	garB_2	FOM_5_21:19338-20666	FOM_5_00852
prokka_FOM_5/FOM_5:Gene	FOM_5_00853	FOM_5_21:20991-21140	FOM_5_00853
prokka_FOM_5/FOM_5:Gene	dltA	FOM_5_21:21184-22725	FOM_5_00854
prokka_FOM_5/FOM_5:Gene	FOM_5_00855	FOM_5_21:22722-23948	FOM_5_00855
prokka_FOM_5/FOM_5:Gene	dltC	FOM_5_21:23970-24209	FOM_5_00856
prokka_FOM_5/FOM_5:Gene	dltD	FOM_5_21:24202-25455	FOM_5_00857
prokka_FOM_5/FOM_5:Gene	FOM_5_00858	FOM_5_21:25505-26578	FOM_5_00858
prokka_FOM_5/FOM_5:Gene	FOM_5_00859	FOM_5_21:26590-27729	FOM_5_00859
prokka_FOM_5/FOM_5:Gene	FOM_5_00860	FOM_5_21:27713-28561	FOM_5_00860
prokka_FOM_5/FOM_5:Gene	helD	FOM_5_21:29472-31772	FOM_5_00861
prokka_FOM_5/FOM_5:Gene	trpS2	FOM_5_21:31880-32899	FOM_5_00862
prokka_FOM_5/FOM_5:Gene	ppx1	FOM_5_21:32936-33865	FOM_5_00863
prokka_FOM_5/FOM_5:Gene	nupG	FOM_5_21:c35994-34753	FOM_5_00864
prokka_FOM_5/FOM_5:Gene	cpdB	FOM_5_21:c37730-36171	FOM_5_00865
prokka_FOM_5/FOM_5:Gene	phnE_1	FOM_5_21:c38630-37836	FOM_5_00866
prokka_FOM_5/FOM_5:Gene	phnE_2	FOM_5_21:c39412-38630	FOM_5_00867
prokka_FOM_5/FOM_5:Gene	phnC	FOM_5_21:c40182-39415	FOM_5_00868
prokka_FOM_5/FOM_5:Gene	FOM_5_00869	FOM_5_21:c41301-40369	FOM_5_00869
prokka_FOM_5/FOM_5:Gene	bglH_2	FOM_5_21:c43084-41648	FOM_5_00870
prokka_FOM_5/FOM_5:Gene	bglF_2	FOM_5_21:c45022-43112	FOM_5_00871
prokka_FOM_5/FOM_5:Gene	tagU_2	FOM_5_21:c46690-45368	FOM_5_00872
prokka_FOM_5/FOM_5:Gene	thyA	FOM_5_21:c47828-46872	FOM_5_00873
prokka_FOM_5/FOM_5:Gene	tadA_1	FOM_5_21:c48313-47828	FOM_5_00874
prokka_FOM_5/FOM_5:Gene	veg	FOM_5_21:48724-48957	FOM_5_00875
prokka_FOM_5/FOM_5:Gene	FOM_5_00876	FOM_5_21:c50376-49012	FOM_5_00876
prokka_FOM_5/FOM_5:Gene	FOM_5_00877	FOM_5_21:c51835-50465	FOM_5_00877
prokka_FOM_5/FOM_5:Gene	rsmA	FOM_5_21:c52791-51895	FOM_5_00878
prokka_FOM_5/FOM_5:Gene	rnmV	FOM_5_21:c53351-52791	FOM_5_00879
prokka_FOM_5/FOM_5:Gene	ycfH	FOM_5_21:c54157-53351	FOM_5_00880
prokka_FOM_5/FOM_5:Gene	FOM_5_00881	FOM_5_21:c56480-54327	FOM_5_00881
prokka_FOM_5/FOM_5:Gene	metG	FOM_5_21:c58600-56606	FOM_5_00882
prokka_FOM_5/FOM_5:Gene	FOM_5_00883	FOM_5_21:c59150-58734	FOM_5_00883
prokka_FOM_5/FOM_5:Gene	FOM_5_00884	FOM_5_21:c59511-59182	FOM_5_00884
prokka_FOM_5/FOM_5:Gene	FOM_5_00885	FOM_5_21:c59892-59665	FOM_5_00885
prokka_FOM_5/FOM_5:Gene	FOM_5_00886	FOM_5_22:1399-3192	FOM_5_00886
prokka_FOM_5/FOM_5:Gene	nfsA	FOM_5_22:3262-4008	FOM_5_00887
prokka_FOM_5/FOM_5:Gene	pchA	FOM_5_22:4114-5271	FOM_5_00888
prokka_FOM_5/FOM_5:Gene	menD	FOM_5_22:5272-6951	FOM_5_00889
prokka_FOM_5/FOM_5:Gene	menH	FOM_5_22:6944-7744	FOM_5_00890
prokka_FOM_5/FOM_5:Gene	menC	FOM_5_22:7747-8853	FOM_5_00891
prokka_FOM_5/FOM_5:Gene	ypdF	FOM_5_22:9184-10269	FOM_5_00892
prokka_FOM_5/FOM_5:Gene	FOM_5_00893	FOM_5_22:10271-10711	FOM_5_00893
prokka_FOM_5/FOM_5:Gene	FOM_5_00894	FOM_5_22:10729-11349	FOM_5_00894
prokka_FOM_5/FOM_5:Gene	mggB	FOM_5_22:11354-12730	FOM_5_00895
prokka_FOM_5/FOM_5:Gene	FOM_5_00896	FOM_5_22:12761-13408	FOM_5_00896
prokka_FOM_5/FOM_5:Gene	yutF	FOM_5_22:13418-14194	FOM_5_00897
prokka_FOM_5/FOM_5:Gene	dppE_2	FOM_5_22:14439-16064	FOM_5_00898
prokka_FOM_5/FOM_5:Gene	FOM_5_00899	FOM_5_22:16197-16520	FOM_5_00899
prokka_FOM_5/FOM_5:Gene	FOM_5_00900	FOM_5_22:c17020-16691	FOM_5_00900
prokka_FOM_5/FOM_5:Gene	FOM_5_00901	FOM_5_22:c17301-17020	FOM_5_00901
prokka_FOM_5/FOM_5:Gene	yhhX	FOM_5_22:17526-18578	FOM_5_00902
prokka_FOM_5/FOM_5:Gene	rihA_2	FOM_5_22:18594-19511	FOM_5_00903
prokka_FOM_5/FOM_5:Gene	FOM_5_00904	FOM_5_22:19677-26900	FOM_5_00904
prokka_FOM_5/FOM_5:Gene	FOM_5_00905	FOM_5_22:26897-30370	FOM_5_00905
prokka_FOM_5/FOM_5:Gene	FOM_5_00906	FOM_5_22:30511-31698	FOM_5_00906
prokka_FOM_5/FOM_5:Gene	pstS1_2	FOM_5_22:32165-33037	FOM_5_00907
prokka_FOM_5/FOM_5:Gene	pstC1	FOM_5_22:33051-33968	FOM_5_00908
prokka_FOM_5/FOM_5:Gene	FOM_5_00909	FOM_5_22:33970-34863	FOM_5_00909
prokka_FOM_5/FOM_5:Gene	pstB3_1	FOM_5_22:34881-35705	FOM_5_00910
prokka_FOM_5/FOM_5:Gene	pstB3_2	FOM_5_22:35721-36479	FOM_5_00911
prokka_FOM_5/FOM_5:Gene	phoU	FOM_5_22:36527-37201	FOM_5_00912
prokka_FOM_5/FOM_5:Gene	recX	FOM_5_22:37299-38105	FOM_5_00913
prokka_FOM_5/FOM_5:Gene	FOM_5_00914	FOM_5_22:38338-62970	FOM_5_00914
prokka_FOM_5/FOM_5:Gene	FOM_5_00915	FOM_5_22:63072-64112	FOM_5_00915
prokka_FOM_5/FOM_5:Gene	FOM_5_00916	FOM_5_22:64206-64757	FOM_5_00916
prokka_FOM_5/FOM_5:Gene	FOM_5_00917	FOM_5_22:64856-65698	FOM_5_00917
prokka_FOM_5/FOM_5:Gene	prfC	FOM_5_22:65835-67406	FOM_5_00918
prokka_FOM_5/FOM_5:Gene	FOM_5_00919	FOM_5_22:67403-67612	FOM_5_00919
prokka_FOM_5/FOM_5:Gene	FOM_5_00920	FOM_5_22:67980-68420	FOM_5_00920
prokka_FOM_5/FOM_5:Gene	FOM_5_00921	FOM_5_22:68446-70272	FOM_5_00921
prokka_FOM_5/FOM_5:Gene	FOM_5_00922	FOM_5_22:70290-71576	FOM_5_00922
prokka_FOM_5/FOM_5:Gene	FOM_5_00923	FOM_5_22:71881-72159	FOM_5_00923
prokka_FOM_5/FOM_5:Gene	FOM_5_00924	FOM_5_22:72282-72737	FOM_5_00924
prokka_FOM_5/FOM_5:Gene	FOM_5_00925	FOM_5_22:72903-73184	FOM_5_00925
prokka_FOM_5/FOM_5:Gene	FOM_5_00926	FOM_5_22:73360-73980	FOM_5_00926
prokka_FOM_5/FOM_5:Gene	FOM_5_00927	FOM_5_22:74071-75330	FOM_5_00927
prokka_FOM_5/FOM_5:Gene	FOM_5_00928	FOM_5_22:75344-75838	FOM_5_00928
prokka_FOM_5/FOM_5:Gene	FOM_5_00929	FOM_5_22:75899-77386	FOM_5_00929
prokka_FOM_5/FOM_5:Gene	FOM_5_00930	FOM_5_22:77403-77948	FOM_5_00930
prokka_FOM_5/FOM_5:Gene	FOM_5_00931	FOM_5_22:77948-79207	FOM_5_00931
prokka_FOM_5/FOM_5:Gene	FOM_5_00932	FOM_5_22:79332-79919	FOM_5_00932
prokka_FOM_5/FOM_5:Gene	FOM_5_00933	FOM_5_22:80030-81127	FOM_5_00933
prokka_FOM_5/FOM_5:Gene	FOM_5_00934	FOM_5_22:81231-89114	FOM_5_00934
prokka_FOM_5/FOM_5:Gene	FOM_5_00935	FOM_5_22:89126-89806	FOM_5_00935
prokka_FOM_5/FOM_5:Gene	FOM_5_00936	FOM_5_22:89818-90936	FOM_5_00936
prokka_FOM_5/FOM_5:Gene	FOM_5_00937	FOM_5_22:91298-91870	FOM_5_00937
prokka_FOM_5/FOM_5:Gene	FOM_5_00938	FOM_5_22:91949-93049	FOM_5_00938
prokka_FOM_5/FOM_5:Gene	FOM_5_00939	FOM_5_22:93084-95591	FOM_5_00939
prokka_FOM_5/FOM_5:Gene	FOM_5_00940	FOM_5_22:95779-97860	FOM_5_00940
prokka_FOM_5/FOM_5:Gene	FOM_5_00941	FOM_5_22:98105-98866	FOM_5_00941
prokka_FOM_5/FOM_5:Gene	FOM_5_00942	FOM_5_22:c99003-98930	FOM_5_00942
prokka_FOM_5/FOM_5:Gene	FOM_5_00943	FOM_5_22:99101-99868	FOM_5_00943
prokka_FOM_5/FOM_5:Gene	FOM_5_00944	FOM_5_22:c100636-99983	FOM_5_00944
prokka_FOM_5/FOM_5:Gene	argO	FOM_5_22:100795-101409	FOM_5_00945
prokka_FOM_5/FOM_5:Gene	FOM_5_00946	FOM_5_22:101426-101821	FOM_5_00946
prokka_FOM_5/FOM_5:Gene	FOM_5_00947	FOM_5_22:101959-102270	FOM_5_00947
prokka_FOM_5/FOM_5:Gene	FOM_5_00948	FOM_5_22:102287-102649	FOM_5_00948
prokka_FOM_5/FOM_5:Gene	FOM_5_00949	FOM_5_22:102668-102967	FOM_5_00949
prokka_FOM_5/FOM_5:Gene	FOM_5_00950	FOM_5_22:102989-103279	FOM_5_00950
prokka_FOM_5/FOM_5:Gene	valS	FOM_5_22:103620-106283	FOM_5_00951
prokka_FOM_5/FOM_5:Gene	FOM_5_00952	FOM_5_22:106757-107509	FOM_5_00952
prokka_FOM_5/FOM_5:Gene	fpgS_2	FOM_5_22:107635-108945	FOM_5_00953
prokka_FOM_5/FOM_5:Gene	gtfA_5	FOM_5_22:109087-111021	FOM_5_00954
prokka_FOM_5/FOM_5:Gene	FOM_5_00955	FOM_5_22:111033-111734	FOM_5_00955
prokka_FOM_5/FOM_5:Gene	FOM_5_00956	FOM_5_22:111822-112145	FOM_5_00956
prokka_FOM_5/FOM_5:Gene	yheS	FOM_5_22:112272-114230	FOM_5_00957
prokka_FOM_5/FOM_5:Gene	groS	FOM_5_22:114397-114672	FOM_5_00958
prokka_FOM_5/FOM_5:Gene	groL	FOM_5_22:114723-116342	FOM_5_00959
prokka_FOM_5/FOM_5:Gene	kimA	FOM_5_22:116528-118360	FOM_5_00960
prokka_FOM_5/FOM_5:Gene	FOM_5_00961	FOM_5_22:118473-119456	FOM_5_00961
prokka_FOM_5/FOM_5:Gene	ddl	FOM_5_22:119525-120673	FOM_5_00962
prokka_FOM_5/FOM_5:Gene	FOM_5_00963	FOM_5_22:120832-121359	FOM_5_00963
prokka_FOM_5/FOM_5:Gene	yqeH	FOM_5_22:121319-122494	FOM_5_00964
prokka_FOM_5/FOM_5:Gene	FOM_5_00965	FOM_5_22:122496-122810	FOM_5_00965
prokka_FOM_5/FOM_5:Gene	nadD	FOM_5_22:122838-123503	FOM_5_00966
prokka_FOM_5/FOM_5:Gene	FOM_5_00967	FOM_5_22:123478-124065	FOM_5_00967
prokka_FOM_5/FOM_5:Gene	rsfS	FOM_5_22:124065-124436	FOM_5_00968
prokka_FOM_5/FOM_5:Gene	FOM_5_00969	FOM_5_22:124436-125182	FOM_5_00969
prokka_FOM_5/FOM_5:Gene	tmcAL	FOM_5_22:125201-126394	FOM_5_00970
prokka_FOM_5/FOM_5:Gene	FOM_5_00971	FOM_5_22:126398-126940	FOM_5_00971
prokka_FOM_5/FOM_5:Gene	mutS	FOM_5_22:127015-129657	FOM_5_00972
prokka_FOM_5/FOM_5:Gene	mutL	FOM_5_22:129672-131669	FOM_5_00973
prokka_FOM_5/FOM_5:Gene	FOM_5_00974	FOM_5_22:131747-132199	FOM_5_00974
prokka_FOM_5/FOM_5:Gene	FOM_5_00975	FOM_5_22:132378-134204	FOM_5_00975
prokka_FOM_5/FOM_5:Gene	FOM_5_00976	FOM_5_22:134291-135061	FOM_5_00976
prokka_FOM_5/FOM_5:Gene	FOM_5_00977	FOM_5_22:135526-135870	FOM_5_00977
prokka_FOM_5/FOM_5:Gene	FOM_5_00978	FOM_5_22:135903-137201	FOM_5_00978
prokka_FOM_5/FOM_5:Gene	FOM_5_00979	FOM_5_22:137510-141094	FOM_5_00979
prokka_FOM_5/FOM_5:Gene	FOM_5_00980	FOM_5_22:c142983-141160	FOM_5_00980
prokka_FOM_5/FOM_5:Gene	FOM_5_00981	FOM_5_22:143155-143430	FOM_5_00981
prokka_FOM_5/FOM_5:Gene	FOM_5_00982	FOM_5_22:143516-143776	FOM_5_00982
prokka_FOM_5/FOM_5:Gene	FOM_5_00983	FOM_5_22:144039-145034	FOM_5_00983
prokka_FOM_5/FOM_5:Gene	FOM_5_00984	FOM_5_22:145286-145582	FOM_5_00984
prokka_FOM_5/FOM_5:Gene	FOM_5_00985	FOM_5_22:145856-159538	FOM_5_00985
prokka_FOM_5/FOM_5:Gene	FOM_5_00986	FOM_5_22:159762-159872	FOM_5_00986
prokka_FOM_5/FOM_5:Gene	FOM_5_00987	FOM_5_22:160009-161034	FOM_5_00987
prokka_FOM_5/FOM_5:Gene	FOM_5_00988	FOM_5_22:161117-161863	FOM_5_00988
prokka_FOM_5/FOM_5:Gene	FOM_5_00989	FOM_5_22:161938-163758	FOM_5_00989
prokka_FOM_5/FOM_5:Gene	FOM_5_00990	FOM_5_22:163964-164137	FOM_5_00990
prokka_FOM_5/FOM_5:Gene	FOM_5_00991	FOM_5_22:c164651-164460	FOM_5_00991
prokka_FOM_5/FOM_5:Gene	thrS	FOM_5_22:165086-167062	FOM_5_00992
prokka_FOM_5/FOM_5:Gene	strA	FOM_5_22:167184-167885	FOM_5_00993
prokka_FOM_5/FOM_5:Gene	nagB	FOM_5_22:168023-168751	FOM_5_00994
prokka_FOM_5/FOM_5:Gene	hup	FOM_5_22:169051-169329	FOM_5_00995
prokka_FOM_5/FOM_5:Gene	FOM_5_00996	FOM_5_22:169505-169780	FOM_5_00996
prokka_FOM_5/FOM_5:Gene	FOM_5_00997	FOM_5_22:169793-171250	FOM_5_00997
prokka_FOM_5/FOM_5:Gene	ytrE	FOM_5_22:171264-171923	FOM_5_00998
prokka_FOM_5/FOM_5:Gene	FOM_5_00999	FOM_5_22:172073-172543	FOM_5_00999
prokka_FOM_5/FOM_5:Gene	FOM_5_01000	FOM_5_22:172573-173493	FOM_5_01000
prokka_FOM_5/FOM_5:Gene	FOM_5_01001	FOM_5_22:173509-174048	FOM_5_01001
prokka_FOM_5/FOM_5:Gene	folD	FOM_5_22:174223-175113	FOM_5_01002
prokka_FOM_5/FOM_5:Gene	xseA	FOM_5_22:175098-176363	FOM_5_01003
prokka_FOM_5/FOM_5:Gene	xseB	FOM_5_22:176363-176581	FOM_5_01004
prokka_FOM_5/FOM_5:Gene	FOM_5_01005	FOM_5_22:176583-177446	FOM_5_01005
prokka_FOM_5/FOM_5:Gene	tlyA	FOM_5_22:177447-178295	FOM_5_01006
prokka_FOM_5/FOM_5:Gene	argR	FOM_5_22:178282-178731	FOM_5_01007
prokka_FOM_5/FOM_5:Gene	recN	FOM_5_22:178753-180441	FOM_5_01008
prokka_FOM_5/FOM_5:Gene	FOM_5_01009	FOM_5_22:180523-182085	FOM_5_01009
prokka_FOM_5/FOM_5:Gene	gmk_2	FOM_5_22:182119-182736	FOM_5_01010
prokka_FOM_5/FOM_5:Gene	rpoZ	FOM_5_22:182733-182948	FOM_5_01011
prokka_FOM_5/FOM_5:Gene	FOM_5_01012	FOM_5_23:465-752	FOM_5_01012
prokka_FOM_5/FOM_5:Gene	rihA_3	FOM_5_23:984-1937	FOM_5_01013
prokka_FOM_5/FOM_5:Gene	FOM_5_01014	FOM_5_23:2046-2576	FOM_5_01014
prokka_FOM_5/FOM_5:Gene	FOM_5_01015	FOM_5_23:2660-3442	FOM_5_01015
prokka_FOM_5/FOM_5:Gene	FOM_5_01016	FOM_5_23:3695-3898	FOM_5_01016
prokka_FOM_5/FOM_5:Gene	pepC	FOM_5_23:4005-5339	FOM_5_01017
prokka_FOM_5/FOM_5:Gene	FOM_5_01018	FOM_5_23:5576-6079	FOM_5_01018
prokka_FOM_5/FOM_5:Gene	FOM_5_01019	FOM_5_23:6236-7573	FOM_5_01019
prokka_FOM_5/FOM_5:Gene	FOM_5_01020	FOM_5_23:7570-8565	FOM_5_01020
prokka_FOM_5/FOM_5:Gene	FOM_5_01021	FOM_5_23:8668-9432	FOM_5_01021
prokka_FOM_5/FOM_5:Gene	budC	FOM_5_23:9595-10368	FOM_5_01022
prokka_FOM_5/FOM_5:Gene	FOM_5_01023	FOM_5_23:10635-11207	FOM_5_01023
prokka_FOM_5/FOM_5:Gene	guaC	FOM_5_23:c12243-11257	FOM_5_01024
prokka_FOM_5/FOM_5:Gene	ssrA	FOM_5_23:12418-12781	FOM_5_01025
prokka_FOM_5/FOM_5:Gene	FOM_5_01026	FOM_5_23:13481-13645	FOM_5_01026
prokka_FOM_5/FOM_5:Gene	FOM_5_01027	FOM_5_23:c14154-13909	FOM_5_01027
prokka_FOM_5/FOM_5:Gene	FOM_5_01028	FOM_5_23:c14457-14221	FOM_5_01028
prokka_FOM_5/FOM_5:Gene	FOM_5_01029	FOM_5_23:14636-14803	FOM_5_01029
prokka_FOM_5/FOM_5:Gene	pcaB	FOM_5_23:14769-15980	FOM_5_01030
prokka_FOM_5/FOM_5:Gene	yxeM	FOM_5_23:15986-16765	FOM_5_01031
prokka_FOM_5/FOM_5:Gene	FOM_5_01032	FOM_5_23:16765-16902	FOM_5_01032
prokka_FOM_5/FOM_5:Gene	yxeN	FOM_5_23:16940-17431	FOM_5_01033
prokka_FOM_5/FOM_5:Gene	glnQ_4	FOM_5_23:17444-18145	FOM_5_01034
prokka_FOM_5/FOM_5:Gene	FOM_5_01035	FOM_5_23:18282-18902	FOM_5_01035
prokka_FOM_5/FOM_5:Gene	FOM_5_01036	FOM_5_23:19017-20069	FOM_5_01036
prokka_FOM_5/FOM_5:Gene	FOM_5_01037	FOM_5_23:20210-20509	FOM_5_01037
prokka_FOM_5/FOM_5:Gene	ybbW	FOM_5_23:20787-22136	FOM_5_01038
prokka_FOM_5/FOM_5:Gene	topA	FOM_5_23:22240-24318	FOM_5_01039
prokka_FOM_5/FOM_5:Gene	FOM_5_01040	FOM_5_23:24395-25765	FOM_5_01040
prokka_FOM_5/FOM_5:Gene	FOM_5_01041	FOM_5_24:c294-187	FOM_5_01041
prokka_FOM_5/FOM_5:Gene	COQ5	FOM_5_24:c1058-291	FOM_5_01042
prokka_FOM_5/FOM_5:Gene	FOM_5_01043	FOM_5_24:c1755-1153	FOM_5_01043
prokka_FOM_5/FOM_5:Gene	FOM_5_01044	FOM_5_24:c2957-1788	FOM_5_01044
prokka_FOM_5/FOM_5:Gene	malL	FOM_5_24:c4694-3012	FOM_5_01045
prokka_FOM_5/FOM_5:Gene	dkgB	FOM_5_24:4851-5693	FOM_5_01046
prokka_FOM_5/FOM_5:Gene	FOM_5_01047	FOM_5_24:c8244-5758	FOM_5_01047
prokka_FOM_5/FOM_5:Gene	FOM_5_01048	FOM_5_24:c8950-8378	FOM_5_01048
prokka_FOM_5/FOM_5:Gene	FOM_5_01049	FOM_5_24:c9189-9031	FOM_5_01049
prokka_FOM_5/FOM_5:Gene	FOM_5_01050	FOM_5_24:9404-9976	FOM_5_01050
prokka_FOM_5/FOM_5:Gene	pox5	FOM_5_24:c11866-10046	FOM_5_01051
prokka_FOM_5/FOM_5:Gene	dap	FOM_5_24:c13172-12021	FOM_5_01052
prokka_FOM_5/FOM_5:Gene	FOM_5_01053	FOM_5_24:c14330-13314	FOM_5_01053
prokka_FOM_5/FOM_5:Gene	FOM_5_01054	FOM_5_24:c16338-14602	FOM_5_01054
prokka_FOM_5/FOM_5:Gene	rpsI	FOM_5_24:c16980-16588	FOM_5_01055
prokka_FOM_5/FOM_5:Gene	rplM	FOM_5_24:c17449-17006	FOM_5_01056
prokka_FOM_5/FOM_5:Gene	truA	FOM_5_24:c18373-17624	FOM_5_01057
prokka_FOM_5/FOM_5:Gene	ecfT	FOM_5_24:c19197-18397	FOM_5_01058
prokka_FOM_5/FOM_5:Gene	ecfA2	FOM_5_24:c20053-19187	FOM_5_01059
prokka_FOM_5/FOM_5:Gene	ecfA1	FOM_5_24:c20871-20029	FOM_5_01060
prokka_FOM_5/FOM_5:Gene	trmH	FOM_5_24:20987-21580	FOM_5_01061
prokka_FOM_5/FOM_5:Gene	norW	FOM_5_24:c23301-21625	FOM_5_01062
prokka_FOM_5/FOM_5:Gene	mntA	FOM_5_24:c24550-23606	FOM_5_01063
prokka_FOM_5/FOM_5:Gene	mntB	FOM_5_24:c25397-24543	FOM_5_01064
prokka_FOM_5/FOM_5:Gene	scaC	FOM_5_24:c26131-25394	FOM_5_01065
prokka_FOM_5/FOM_5:Gene	FOM_5_01066	FOM_5_24:c27224-26358	FOM_5_01066
prokka_FOM_5/FOM_5:Gene	rplL	FOM_5_24:c27779-27414	FOM_5_01067
prokka_FOM_5/FOM_5:Gene	rplJ	FOM_5_24:c28376-27870	FOM_5_01068
prokka_FOM_5/FOM_5:Gene	rplA	FOM_5_24:c29295-28603	FOM_5_01069
prokka_FOM_5/FOM_5:Gene	rplK	FOM_5_24:c29817-29392	FOM_5_01070
prokka_FOM_5/FOM_5:Gene	nusG	FOM_5_24:c30529-29975	FOM_5_01071
prokka_FOM_5/FOM_5:Gene	FOM_5_01072	FOM_5_24:c30803-30633	FOM_5_01072
prokka_FOM_5/FOM_5:Gene	rpmG3	FOM_5_24:c30998-30849	FOM_5_01073
prokka_FOM_5/FOM_5:Gene	FOM_5_01074	FOM_5_24:c31610-31065	FOM_5_01074
prokka_FOM_5/FOM_5:Gene	FOM_5_01075	FOM_5_24:c32622-31726	FOM_5_01075
prokka_FOM_5/FOM_5:Gene	mrnC	FOM_5_24:c33031-32603	FOM_5_01076
prokka_FOM_5/FOM_5:Gene	luxS	FOM_5_24:c33565-33086	FOM_5_01077
prokka_FOM_5/FOM_5:Gene	metQ_2	FOM_5_24:c34422-33568	FOM_5_01078
prokka_FOM_5/FOM_5:Gene	FOM_5_01079	FOM_5_24:c35545-34427	FOM_5_01079
prokka_FOM_5/FOM_5:Gene	metC	FOM_5_24:c36696-35548	FOM_5_01080
prokka_FOM_5/FOM_5:Gene	cysS	FOM_5_24:c39095-37680	FOM_5_01081
prokka_FOM_5/FOM_5:Gene	pycA	FOM_5_24:c42611-39174	FOM_5_01082
prokka_FOM_5/FOM_5:Gene	ldh_2	FOM_5_24:c43590-42631	FOM_5_01083
prokka_FOM_5/FOM_5:Gene	yflS	FOM_5_24:c45104-43683	FOM_5_01084
prokka_FOM_5/FOM_5:Gene	FOM_5_01085	FOM_5_24:c46532-45138	FOM_5_01085
prokka_FOM_5/FOM_5:Gene	fumC	FOM_5_24:c47931-46537	FOM_5_01086
prokka_FOM_5/FOM_5:Gene	oxyR	FOM_5_24:c48834-47950	FOM_5_01087
prokka_FOM_5/FOM_5:Gene	FOM_5_01088	FOM_5_24:c49408-48938	FOM_5_01088
prokka_FOM_5/FOM_5:Gene	apbE	FOM_5_24:c50356-49412	FOM_5_01089
prokka_FOM_5/FOM_5:Gene	urdA	FOM_5_24:c51204-50353	FOM_5_01090
prokka_FOM_5/FOM_5:Gene	nadE	FOM_5_24:c52367-51543	FOM_5_01091
prokka_FOM_5/FOM_5:Gene	pncB2	FOM_5_24:c53867-52383	FOM_5_01092
prokka_FOM_5/FOM_5:Gene	FOM_5_01093	FOM_5_24:54027-54701	FOM_5_01093
prokka_FOM_5/FOM_5:Gene	nlpA	FOM_5_24:55155-55985	FOM_5_01094
prokka_FOM_5/FOM_5:Gene	metN	FOM_5_24:56067-57116	FOM_5_01095
prokka_FOM_5/FOM_5:Gene	FOM_5_01096	FOM_5_24:57116-57811	FOM_5_01096
prokka_FOM_5/FOM_5:Gene	qmcA	FOM_5_24:c58778-57879	FOM_5_01097
prokka_FOM_5/FOM_5:Gene	FOM_5_01098	FOM_5_24:c58974-58765	FOM_5_01098
prokka_FOM_5/FOM_5:Gene	FOM_5_01099	FOM_5_24:c59179-58964	FOM_5_01099
prokka_FOM_5/FOM_5:Gene	rplQ	FOM_5_24:c59863-59477	FOM_5_01100
prokka_FOM_5/FOM_5:Gene	rpoA	FOM_5_24:c60846-59902	FOM_5_01101
prokka_FOM_5/FOM_5:Gene	rpsK	FOM_5_24:c61284-60898	FOM_5_01102
prokka_FOM_5/FOM_5:Gene	rpsM	FOM_5_24:c61681-61316	FOM_5_01103
prokka_FOM_5/FOM_5:Gene	rpmJ	FOM_5_24:c61853-61734	FOM_5_01104
prokka_FOM_5/FOM_5:Gene	infA	FOM_5_24:c62103-61888	FOM_5_01105
prokka_FOM_5/FOM_5:Gene	adk	FOM_5_24:c62765-62196	FOM_5_01106
prokka_FOM_5/FOM_5:Gene	secY	FOM_5_24:c64069-62762	FOM_5_01107
prokka_FOM_5/FOM_5:Gene	rplO	FOM_5_24:c64503-64069	FOM_5_01108
prokka_FOM_5/FOM_5:Gene	rpmD	FOM_5_24:c64726-64541	FOM_5_01109
prokka_FOM_5/FOM_5:Gene	rpsE	FOM_5_24:c65241-64738	FOM_5_01110
prokka_FOM_5/FOM_5:Gene	rplR	FOM_5_24:c65617-65261	FOM_5_01111
prokka_FOM_5/FOM_5:Gene	rplF	FOM_5_24:c66244-65708	FOM_5_01112
prokka_FOM_5/FOM_5:Gene	rpsH	FOM_5_24:c66674-66276	FOM_5_01113
prokka_FOM_5/FOM_5:Gene	rplE	FOM_5_24:c67261-66719	FOM_5_01114
prokka_FOM_5/FOM_5:Gene	rplX	FOM_5_24:c67599-67291	FOM_5_01115
prokka_FOM_5/FOM_5:Gene	rplN	FOM_5_24:c68000-67632	FOM_5_01116
prokka_FOM_5/FOM_5:Gene	rpsQ	FOM_5_24:c68312-68046	FOM_5_01117
prokka_FOM_5/FOM_5:Gene	rpmC	FOM_5_24:c68538-68332	FOM_5_01118
prokka_FOM_5/FOM_5:Gene	rplP	FOM_5_24:c68957-68538	FOM_5_01119
prokka_FOM_5/FOM_5:Gene	rpsC	FOM_5_24:c69627-68959	FOM_5_01120
prokka_FOM_5/FOM_5:Gene	rplV	FOM_5_24:c69988-69641	FOM_5_01121
prokka_FOM_5/FOM_5:Gene	rpsS	FOM_5_24:c70287-70006	FOM_5_01122
prokka_FOM_5/FOM_5:Gene	rplB	FOM_5_24:c71175-70342	FOM_5_01123
prokka_FOM_5/FOM_5:Gene	rplW	FOM_5_24:c71479-71192	FOM_5_01124
prokka_FOM_5/FOM_5:Gene	rplD	FOM_5_24:c72102-71479	FOM_5_01125
prokka_FOM_5/FOM_5:Gene	rplC	FOM_5_24:c72753-72127	FOM_5_01126
prokka_FOM_5/FOM_5:Gene	rpsJ	FOM_5_24:c73150-72842	FOM_5_01127
prokka_FOM_5/FOM_5:Gene	hexs-b	FOM_5_24:73664-74653	FOM_5_01128
prokka_FOM_5/FOM_5:Gene	tsaD	FOM_5_24:c75742-74720	FOM_5_01129
prokka_FOM_5/FOM_5:Gene	FOM_5_01130	FOM_5_24:c76198-75752	FOM_5_01130
prokka_FOM_5/FOM_5:Gene	mshD	FOM_5_24:c76727-76176	FOM_5_01131
prokka_FOM_5/FOM_5:Gene	tsaB	FOM_5_24:c77469-76747	FOM_5_01132
prokka_FOM_5/FOM_5:Gene	galE	FOM_5_24:c78580-77588	FOM_5_01133
prokka_FOM_5/FOM_5:Gene	FOM_5_01134	FOM_5_24:c79364-78621	FOM_5_01134
prokka_FOM_5/FOM_5:Gene	rsmI	FOM_5_24:c80244-79369	FOM_5_01135
prokka_FOM_5/FOM_5:Gene	FOM_5_01136	FOM_5_24:c81251-80241	FOM_5_01136
prokka_FOM_5/FOM_5:Gene	darA	FOM_5_24:c81590-81261	FOM_5_01137
prokka_FOM_5/FOM_5:Gene	tmk	FOM_5_24:c82247-81603	FOM_5_01138
prokka_FOM_5/FOM_5:Gene	FOM_5_01139	FOM_5_24:c82556-82341	FOM_5_01139
prokka_FOM_5/FOM_5:Gene	FOM_5_01140	FOM_5_24:c82843-82583	FOM_5_01140
prokka_FOM_5/FOM_5:Gene	recR	FOM_5_24:c83442-82843	FOM_5_01141
prokka_FOM_5/FOM_5:Gene	FOM_5_01142	FOM_5_24:c83787-83479	FOM_5_01142
prokka_FOM_5/FOM_5:Gene	FOM_5_01143	FOM_5_24:c85645-83813	FOM_5_01143
prokka_FOM_5/FOM_5:Gene	tadA_2	FOM_5_24:c86421-85876	FOM_5_01144
prokka_FOM_5/FOM_5:Gene	rsmC	FOM_5_24:c87019-86402	FOM_5_01145
prokka_FOM_5/FOM_5:Gene	FOM_5_01146	FOM_5_24:87139-87693	FOM_5_01146
prokka_FOM_5/FOM_5:Gene	yycB	FOM_5_24:c88909-87737	FOM_5_01147
prokka_FOM_5/FOM_5:Gene	FOM_5_01148	FOM_5_24:c89981-89016	FOM_5_01148
prokka_FOM_5/FOM_5:Gene	FOM_5_01149	FOM_5_24:c90531-90118	FOM_5_01149
prokka_FOM_5/FOM_5:Gene	FOM_5_01150	FOM_5_24:c90877-90686	FOM_5_01150
prokka_FOM_5/FOM_5:Gene	FOM_5_01151	FOM_5_24:c91502-91014	FOM_5_01151
prokka_FOM_5/FOM_5:Gene	pepF1	FOM_5_24:91605-93410	FOM_5_01152
prokka_FOM_5/FOM_5:Gene	FOM_5_01153	FOM_5_24:c93956-93456	FOM_5_01153
prokka_FOM_5/FOM_5:Gene	clcB	FOM_5_24:c95420-94158	FOM_5_01154
prokka_FOM_5/FOM_5:Gene	FOM_5_01155	FOM_5_24:c96416-95574	FOM_5_01155
prokka_FOM_5/FOM_5:Gene	FOM_5_01156	FOM_5_24:c96836-96435	FOM_5_01156
prokka_FOM_5/FOM_5:Gene	rlmA	FOM_5_24:c97822-96974	FOM_5_01157
prokka_FOM_5/FOM_5:Gene	fadR	FOM_5_24:c98402-97809	FOM_5_01158
prokka_FOM_5/FOM_5:Gene	FOM_5_01159	FOM_5_24:98523-99398	FOM_5_01159
prokka_FOM_5/FOM_5:Gene	FOM_5_01160	FOM_5_24:c100028-99534	FOM_5_01160
prokka_FOM_5/FOM_5:Gene	FOM_5_01161	FOM_5_24:c100381-100232	FOM_5_01161
prokka_FOM_5/FOM_5:Gene	FOM_5_01162	FOM_5_24:c100591-100442	FOM_5_01162
prokka_FOM_5/FOM_5:Gene	bdhA_2	FOM_5_24:c101945-100746	FOM_5_01163
prokka_FOM_5/FOM_5:Gene	FOM_5_01164	FOM_5_24:102098-102478	FOM_5_01164
prokka_FOM_5/FOM_5:Gene	FOM_5_01165	FOM_5_24:c102756-102475	FOM_5_01165
prokka_FOM_5/FOM_5:Gene	rpoC	FOM_5_24:c106627-102971	FOM_5_01166
prokka_FOM_5/FOM_5:Gene	rpoB	FOM_5_24:c110382-106786	FOM_5_01167
prokka_FOM_5/FOM_5:Gene	clpC	FOM_5_24:c113157-110659	FOM_5_01168
prokka_FOM_5/FOM_5:Gene	ctsR	FOM_5_24:c113636-113160	FOM_5_01169
prokka_FOM_5/FOM_5:Gene	FOM_5_01170	FOM_5_24:c113956-113881	FOM_5_01170
prokka_FOM_5/FOM_5:Gene	FOM_5_01171	FOM_5_24:c114065-113993	FOM_5_01171
prokka_FOM_5/FOM_5:Gene	FOM_5_01172	FOM_5_24:c114145-114071	FOM_5_01172
prokka_FOM_5/FOM_5:Gene	FOM_5_01173	FOM_5_24:c114248-114165	FOM_5_01173
prokka_FOM_5/FOM_5:Gene	serS	FOM_5_24:c115789-114506	FOM_5_01174
prokka_FOM_5/FOM_5:Gene	FOM_5_01175	FOM_5_24:c116456-115806	FOM_5_01175
prokka_FOM_5/FOM_5:Gene	FOM_5_01176	FOM_5_24:c117313-116528	FOM_5_01176
prokka_FOM_5/FOM_5:Gene	atpC	FOM_5_24:c117834-117418	FOM_5_01177
prokka_FOM_5/FOM_5:Gene	atpD	FOM_5_24:c119247-117847	FOM_5_01178
prokka_FOM_5/FOM_5:Gene	atpG	FOM_5_24:c120169-119291	FOM_5_01179
prokka_FOM_5/FOM_5:Gene	atpA	FOM_5_24:c121699-120188	FOM_5_01180
prokka_FOM_5/FOM_5:Gene	atpH_1	FOM_5_24:c122317-121775	FOM_5_01181
prokka_FOM_5/FOM_5:Gene	atpF	FOM_5_24:c122832-122317	FOM_5_01182
prokka_FOM_5/FOM_5:Gene	atpH_2	FOM_5_24:c123075-122857	FOM_5_01183
prokka_FOM_5/FOM_5:Gene	atpB	FOM_5_24:c123829-123107	FOM_5_01184
prokka_FOM_5/FOM_5:Gene	pyrP	FOM_5_24:c125435-124158	FOM_5_01185
prokka_FOM_5/FOM_5:Gene	FOM_5_01186	FOM_5_24:c126073-125663	FOM_5_01186
prokka_FOM_5/FOM_5:Gene	yhfK	FOM_5_24:c126774-126139	FOM_5_01187
prokka_FOM_5/FOM_5:Gene	upp	FOM_5_24:c127510-126881	FOM_5_01188
prokka_FOM_5/FOM_5:Gene	glyA	FOM_5_24:c128803-127553	FOM_5_01189
prokka_FOM_5/FOM_5:Gene	ywlC	FOM_5_24:c129879-128851	FOM_5_01190
prokka_FOM_5/FOM_5:Gene	prmC	FOM_5_24:c130748-129885	FOM_5_01191
prokka_FOM_5/FOM_5:Gene	prfA	FOM_5_24:c131839-130754	FOM_5_01192
prokka_FOM_5/FOM_5:Gene	tdk_2	FOM_5_24:c132468-131872	FOM_5_01193
prokka_FOM_5/FOM_5:Gene	FOM_5_01194	FOM_5_24:c133696-132587	FOM_5_01194
prokka_FOM_5/FOM_5:Gene	gatD	FOM_5_24:c134533-133823	FOM_5_01195
prokka_FOM_5/FOM_5:Gene	murT	FOM_5_24:c135890-134538	FOM_5_01196
prokka_FOM_5/FOM_5:Gene	yvyI	FOM_5_24:c137006-136041	FOM_5_01197
prokka_FOM_5/FOM_5:Gene	FOM_5_01198	FOM_5_24:c137757-137038	FOM_5_01198
prokka_FOM_5/FOM_5:Gene	maa	FOM_5_24:c138455-137850	FOM_5_01199
prokka_FOM_5/FOM_5:Gene	FOM_5_01200	FOM_5_24:138611-138684	FOM_5_01200
prokka_FOM_5/FOM_5:Gene	FOM_5_01201	FOM_5_24:138713-138786	FOM_5_01201
prokka_FOM_5/FOM_5:Gene	FOM_5_01202	FOM_5_24:c142209-138886	FOM_5_01202
prokka_FOM_5/FOM_5:Gene	FOM_5_01203	FOM_5_24:c144455-142671	FOM_5_01203
prokka_FOM_5/FOM_5:Gene	FOM_5_01204	FOM_5_24:c146171-144459	FOM_5_01204
prokka_FOM_5/FOM_5:Gene	FOM_5_01205	FOM_5_24:c147106-146321	FOM_5_01205
prokka_FOM_5/FOM_5:Gene	FOM_5_01206	FOM_5_24:c148202-147153	FOM_5_01206
prokka_FOM_5/FOM_5:Gene	hflX	FOM_5_24:c149502-148213	FOM_5_01207
prokka_FOM_5/FOM_5:Gene	gpmA_3	FOM_5_24:c150181-149510	FOM_5_01208
prokka_FOM_5/FOM_5:Gene	FOM_5_01209	FOM_5_24:150421-150494	FOM_5_01209
prokka_FOM_5/FOM_5:Gene	FOM_5_01210	FOM_5_24:150522-150596	FOM_5_01210
prokka_FOM_5/FOM_5:Gene	FOM_5_01211	FOM_5_24:c151450-150707	FOM_5_01211
prokka_FOM_5/FOM_5:Gene	exoA	FOM_5_24:151612-152442	FOM_5_01212
prokka_FOM_5/FOM_5:Gene	FOM_5_01213	FOM_5_24:c153900-152617	FOM_5_01213
prokka_FOM_5/FOM_5:Gene	adhE	FOM_5_24:c154532-154056	FOM_5_01214

DiscRep_ALL:DISC_SOURCE_QUALS_ASNDISC::strain (all present, all same)
DiscRep_SUB:DISC_SOURCE_QUALS_ASNDISC::24 sources have 'strain' for strain
DiscRep_ALL:DISC_SOURCE_QUALS_ASNDISC::taxname (all present, all same)
DiscRep_SUB:DISC_SOURCE_QUALS_ASNDISC::24 sources have 'Genus species' for taxname
DiscRep_ALL:DISC_FEATURE_COUNT::gene: 1214 present
DiscRep_ALL:DISC_FEATURE_COUNT::CDS: 1177 present
DiscRep_ALL:DISC_FEATURE_COUNT::tRNA: 35 present
DiscRep_ALL:DISC_FEATURE_COUNT::rRNA: 1 present
DiscRep_ALL:DISC_FEATURE_COUNT::tmRNA: 1 present
DiscRep_ALL:DISC_COUNT_NUCLEOTIDES::24 nucleotide Bioseqs are present
prokka_FOM_5/FOM_5:Prokka:FOM_5_1 (length 3523)
prokka_FOM_5/FOM_5:Prokka:FOM_5_2 (length 100273)
prokka_FOM_5/FOM_5:Prokka:FOM_5_3 (length 16594)
prokka_FOM_5/FOM_5:Prokka:FOM_5_4 (length 69215)
prokka_FOM_5/FOM_5:Prokka:FOM_5_5 (length 12618)
prokka_FOM_5/FOM_5:Prokka:FOM_5_6 (length 72916)
prokka_FOM_5/FOM_5:Prokka:FOM_5_7 (length 15306)
prokka_FOM_5/FOM_5:Prokka:FOM_5_8 (length 19426)
prokka_FOM_5/FOM_5:Prokka:FOM_5_9 (length 61042)
prokka_FOM_5/FOM_5:Prokka:FOM_5_10 (length 63806)
prokka_FOM_5/FOM_5:Prokka:FOM_5_11 (length 3049)
prokka_FOM_5/FOM_5:Prokka:FOM_5_12 (length 5925)
prokka_FOM_5/FOM_5:Prokka:FOM_5_13 (length 132291)
prokka_FOM_5/FOM_5:Prokka:FOM_5_14 (length 161394)
prokka_FOM_5/FOM_5:Prokka:FOM_5_15 (length 12059)
prokka_FOM_5/FOM_5:Prokka:FOM_5_16 (length 25078)
prokka_FOM_5/FOM_5:Prokka:FOM_5_17 (length 29076)
prokka_FOM_5/FOM_5:Prokka:FOM_5_18 (length 50902)
prokka_FOM_5/FOM_5:Prokka:FOM_5_19 (length 54135)
prokka_FOM_5/FOM_5:Prokka:FOM_5_20 (length 13600)
prokka_FOM_5/FOM_5:Prokka:FOM_5_21 (length 60093)
prokka_FOM_5/FOM_5:Prokka:FOM_5_22 (length 183094)
prokka_FOM_5/FOM_5:Prokka:FOM_5_23 (length 25891)
prokka_FOM_5/FOM_5:Prokka:FOM_5_24 (length 154559)

DiscRep_ALL:OVERLAPPING_GENES::258 genes overlap another gene on the same strand.
prokka_FOM_5/FOM_5:Gene	FOM_5_00004	FOM_5_2:c2975-2721	FOM_5_00004
prokka_FOM_5/FOM_5:Gene	FOM_5_00005	FOM_5_2:c3991-2972	FOM_5_00005
prokka_FOM_5/FOM_5:Gene	cpoA	FOM_5_2:c5024-3996	FOM_5_00006
prokka_FOM_5/FOM_5:Gene	FOM_5_00007	FOM_5_2:c6268-5021	FOM_5_00007
prokka_FOM_5/FOM_5:Gene	carB	FOM_5_2:c11956-8777	FOM_5_00011
prokka_FOM_5/FOM_5:Gene	carA	FOM_5_2:c13031-11949	FOM_5_00012
prokka_FOM_5/FOM_5:Gene	pyrC	FOM_5_2:c14317-13028	FOM_5_00013
prokka_FOM_5/FOM_5:Gene	pyrB	FOM_5_2:c15219-14314	FOM_5_00014
prokka_FOM_5/FOM_5:Gene	FOM_5_00019	FOM_5_2:c20818-19841	FOM_5_00019
prokka_FOM_5/FOM_5:Gene	dacA_1	FOM_5_2:c21651-20818	FOM_5_00020
prokka_FOM_5/FOM_5:Gene	FOM_5_00029	FOM_5_2:28881-29207	FOM_5_00029
prokka_FOM_5/FOM_5:Gene	gdnD_1	FOM_5_2:29207-29521	FOM_5_00030
prokka_FOM_5/FOM_5:Gene	glnQ_1	FOM_5_2:c30300-29563	FOM_5_00031
prokka_FOM_5/FOM_5:Gene	mltF_1	FOM_5_2:c31745-30300	FOM_5_00032
prokka_FOM_5/FOM_5:Gene	ribZ_1	FOM_5_2:c33251-31836	FOM_5_00033
prokka_FOM_5/FOM_5:Gene	FOM_5_00034	FOM_5_2:c34048-33248	FOM_5_00034
prokka_FOM_5/FOM_5:Gene	potD	FOM_5_2:c64752-63667	FOM_5_00060
prokka_FOM_5/FOM_5:Gene	ydcV	FOM_5_2:c65582-64752	FOM_5_00061
prokka_FOM_5/FOM_5:Gene	potB	FOM_5_2:c66393-65575	FOM_5_00062
prokka_FOM_5/FOM_5:Gene	potA	FOM_5_2:c67501-66383	FOM_5_00063
prokka_FOM_5/FOM_5:Gene	oppF_1	FOM_5_2:c74433-73588	FOM_5_00068
prokka_FOM_5/FOM_5:Gene	oppD_1	FOM_5_2:c75313-74423	FOM_5_00069
prokka_FOM_5/FOM_5:Gene	gsiD	FOM_5_2:c76139-75306	FOM_5_00070
prokka_FOM_5/FOM_5:Gene	metI	FOM_5_2:c81306-80191	FOM_5_00074
prokka_FOM_5/FOM_5:Gene	metAA	FOM_5_2:c82090-81299	FOM_5_00075
prokka_FOM_5/FOM_5:Gene	nusB	FOM_5_2:c87530-87108	FOM_5_00081
prokka_FOM_5/FOM_5:Gene	FOM_5_00082	FOM_5_2:c87967-87530	FOM_5_00082
prokka_FOM_5/FOM_5:Gene	FOM_5_00092	FOM_5_3:c874-224	FOM_5_00092
prokka_FOM_5/FOM_5:Gene	tagE_1	FOM_5_3:c2355-871	FOM_5_00093
prokka_FOM_5/FOM_5:Gene	spo0J	FOM_5_4:c17670-16762	FOM_5_00122
prokka_FOM_5/FOM_5:Gene	soj	FOM_5_4:c18427-17657	FOM_5_00123
prokka_FOM_5/FOM_5:Gene	FOM_5_00129	FOM_5_4:c23659-22973	FOM_5_00129
prokka_FOM_5/FOM_5:Gene	FOM_5_00130	FOM_5_4:c24398-23652	FOM_5_00130
prokka_FOM_5/FOM_5:Gene	FOM_5_00133	FOM_5_4:c27450-26557	FOM_5_00133
prokka_FOM_5/FOM_5:Gene	FOM_5_00134	FOM_5_4:c28519-27440	FOM_5_00134
prokka_FOM_5/FOM_5:Gene	sasA_1	FOM_5_4:c29905-28667	FOM_5_00135
prokka_FOM_5/FOM_5:Gene	tcrA	FOM_5_4:c30600-29905	FOM_5_00136
prokka_FOM_5/FOM_5:Gene	FOM_5_00159	FOM_5_4:c52569-52126	FOM_5_00159
prokka_FOM_5/FOM_5:Gene	FOM_5_00160	FOM_5_4:c53405-52566	FOM_5_00160
prokka_FOM_5/FOM_5:Gene	btuD	FOM_5_4:c54213-53389	FOM_5_00161
prokka_FOM_5/FOM_5:Gene	nnr	FOM_5_4:59173-59838	FOM_5_00167
prokka_FOM_5/FOM_5:Gene	FOM_5_00168	FOM_5_4:59838-61691	FOM_5_00168
prokka_FOM_5/FOM_5:Gene	umuC	FOM_5_4:61861-63177	FOM_5_00169
prokka_FOM_5/FOM_5:Gene	FOM_5_00170	FOM_5_4:63155-63541	FOM_5_00170
prokka_FOM_5/FOM_5:Gene	kdgK_1	FOM_5_5:7437-8402	FOM_5_00187
prokka_FOM_5/FOM_5:Gene	hxlA	FOM_5_5:8402-9022	FOM_5_00188
prokka_FOM_5/FOM_5:Gene	rmpB	FOM_5_5:9022-9564	FOM_5_00189
prokka_FOM_5/FOM_5:Gene	FOM_5_00209	FOM_5_6:18111-18803	FOM_5_00209
prokka_FOM_5/FOM_5:Gene	FOM_5_00210	FOM_5_6:18766-19278	FOM_5_00210
prokka_FOM_5/FOM_5:Gene	FOM_5_00227	FOM_5_6:c36467-35844	FOM_5_00227
prokka_FOM_5/FOM_5:Gene	sasA_2	FOM_5_6:c37864-36464	FOM_5_00228
prokka_FOM_5/FOM_5:Gene	regX3	FOM_5_6:c38523-37861	FOM_5_00229
prokka_FOM_5/FOM_5:Gene	lacF	FOM_5_6:c58380-57484	FOM_5_00245
prokka_FOM_5/FOM_5:Gene	ugpC	FOM_5_6:c59399-58377	FOM_5_00246
prokka_FOM_5/FOM_5:Gene	mdtD	FOM_5_6:c68813-67449	FOM_5_00255
prokka_FOM_5/FOM_5:Gene	yfeX_1	FOM_5_6:c69763-68810	FOM_5_00256
prokka_FOM_5/FOM_5:Gene	FOM_5_00270	FOM_5_7:c8990-7986	FOM_5_00270
prokka_FOM_5/FOM_5:Gene	yvcJ	FOM_5_7:c9880-8987	FOM_5_00271
prokka_FOM_5/FOM_5:Gene	comFA	FOM_5_8:2189-3475	FOM_5_00280
prokka_FOM_5/FOM_5:Gene	FOM_5_00281	FOM_5_8:3465-4139	FOM_5_00281
prokka_FOM_5/FOM_5:Gene	FOM_5_00284	FOM_5_8:6761-7204	FOM_5_00284
prokka_FOM_5/FOM_5:Gene	yhgF	FOM_5_8:7204-9387	FOM_5_00285
prokka_FOM_5/FOM_5:Gene	gtfA_1	FOM_5_9:c14994-13480	FOM_5_00300
prokka_FOM_5/FOM_5:Gene	gtfA_2	FOM_5_9:c16607-14994	FOM_5_00301
prokka_FOM_5/FOM_5:Gene	xpt	FOM_5_9:c28700-28110	FOM_5_00310
prokka_FOM_5/FOM_5:Gene	pucK	FOM_5_9:c30019-28697	FOM_5_00311
prokka_FOM_5/FOM_5:Gene	yheH	FOM_5_9:c37523-35733	FOM_5_00317
prokka_FOM_5/FOM_5:Gene	yheI	FOM_5_9:c39273-37516	FOM_5_00318
prokka_FOM_5/FOM_5:Gene	bglA_2	FOM_5_9:c59087-57645	FOM_5_00334
prokka_FOM_5/FOM_5:Gene	ptcA	FOM_5_9:c59413-59087	FOM_5_00335
prokka_FOM_5/FOM_5:Gene	ssuB	FOM_5_10:c5936-5223	FOM_5_00342
prokka_FOM_5/FOM_5:Gene	ssuC	FOM_5_10:c6595-5936	FOM_5_00343
prokka_FOM_5/FOM_5:Gene	folP	FOM_5_10:c7721-6888	FOM_5_00344
prokka_FOM_5/FOM_5:Gene	fpgS_1	FOM_5_10:c8931-7684	FOM_5_00345
prokka_FOM_5/FOM_5:Gene	folE	FOM_5_10:c9477-8932	FOM_5_00346
prokka_FOM_5/FOM_5:Gene	folK	FOM_5_10:c9961-9464	FOM_5_00347
prokka_FOM_5/FOM_5:Gene	uxuA	FOM_5_10:c24091-22970	FOM_5_00362
prokka_FOM_5/FOM_5:Gene	por	FOM_5_10:c25742-24084	FOM_5_00363
prokka_FOM_5/FOM_5:Gene	FOM_5_00389	FOM_5_10:c52317-51304	FOM_5_00389
prokka_FOM_5/FOM_5:Gene	asp2	FOM_5_10:c54056-52314	FOM_5_00390
prokka_FOM_5/FOM_5:Gene	asp1	FOM_5_10:c55564-54056	FOM_5_00391
prokka_FOM_5/FOM_5:Gene	FOM_5_00392	FOM_5_10:c55970-55566	FOM_5_00392
prokka_FOM_5/FOM_5:Gene	gtf3	FOM_5_10:c56980-55967	FOM_5_00393
prokka_FOM_5/FOM_5:Gene	FOM_5_00394	FOM_5_10:c58235-57018	FOM_5_00394
prokka_FOM_5/FOM_5:Gene	gtfA_3	FOM_5_10:c59782-58232	FOM_5_00395
prokka_FOM_5/FOM_5:Gene	FOM_5_00396	FOM_5_10:c60434-59784	FOM_5_00396
prokka_FOM_5/FOM_5:Gene	tagE_2	FOM_5_10:c61915-60431	FOM_5_00397
prokka_FOM_5/FOM_5:Gene	nrnA	FOM_5_12:3214-4164	FOM_5_00406
prokka_FOM_5/FOM_5:Gene	cshB	FOM_5_12:4164-5522	FOM_5_00407
prokka_FOM_5/FOM_5:Gene	birA	FOM_5_13:7412-8161	FOM_5_00414
prokka_FOM_5/FOM_5:Gene	bioY2	FOM_5_13:8158-8691	FOM_5_00415
prokka_FOM_5/FOM_5:Gene	FOM_5_00417	FOM_5_13:9358-9849	FOM_5_00417
prokka_FOM_5/FOM_5:Gene	FOM_5_00418	FOM_5_13:9849-10646	FOM_5_00418
prokka_FOM_5/FOM_5:Gene	glnH	FOM_5_13:11554-12399	FOM_5_00420
prokka_FOM_5/FOM_5:Gene	glnM	FOM_5_13:12399-13043	FOM_5_00421
prokka_FOM_5/FOM_5:Gene	oppD_3	FOM_5_13:18718-19821	FOM_5_00426
prokka_FOM_5/FOM_5:Gene	oppF_2	FOM_5_13:19821-20774	FOM_5_00427
prokka_FOM_5/FOM_5:Gene	FOM_5_00434	FOM_5_13:29056-30231	FOM_5_00434
prokka_FOM_5/FOM_5:Gene	FOM_5_00435	FOM_5_13:30212-31405	FOM_5_00435
prokka_FOM_5/FOM_5:Gene	FOM_5_00436	FOM_5_13:31407-31694	FOM_5_00436
prokka_FOM_5/FOM_5:Gene	FOM_5_00437	FOM_5_13:31681-31986	FOM_5_00437
prokka_FOM_5/FOM_5:Gene	nox_1	FOM_5_13:46849-47715	FOM_5_00456
prokka_FOM_5/FOM_5:Gene	FOM_5_00457	FOM_5_13:47702-48256	FOM_5_00457
prokka_FOM_5/FOM_5:Gene	FOM_5_00490	FOM_5_13:c89405-88986	FOM_5_00490
prokka_FOM_5/FOM_5:Gene	FOM_5_00491	FOM_5_13:c90213-89398	FOM_5_00491
prokka_FOM_5/FOM_5:Gene	FOM_5_00505	FOM_5_13:105726-106052	FOM_5_00505
prokka_FOM_5/FOM_5:Gene	gdnD_2	FOM_5_13:106052-106375	FOM_5_00506
prokka_FOM_5/FOM_5:Gene	ribD	FOM_5_13:106837-107862	FOM_5_00507
prokka_FOM_5/FOM_5:Gene	ribE	FOM_5_13:107862-108449	FOM_5_00508
prokka_FOM_5/FOM_5:Gene	FOM_5_00522	FOM_5_13:120805-121230	FOM_5_00522
prokka_FOM_5/FOM_5:Gene	ybiV_2	FOM_5_13:121227-122072	FOM_5_00523
prokka_FOM_5/FOM_5:Gene	FOM_5_00559	FOM_5_14:c24249-23908	FOM_5_00559
prokka_FOM_5/FOM_5:Gene	ftsY	FOM_5_14:c25451-24249	FOM_5_00560
prokka_FOM_5/FOM_5:Gene	FOM_5_00566	FOM_5_14:c34638-34027	FOM_5_00566
prokka_FOM_5/FOM_5:Gene	gtfA_4	FOM_5_14:c35980-34619	FOM_5_00567
prokka_FOM_5/FOM_5:Gene	thiN	FOM_5_14:c57754-57089	FOM_5_00572
prokka_FOM_5/FOM_5:Gene	rpe	FOM_5_14:c58413-57754	FOM_5_00573
prokka_FOM_5/FOM_5:Gene	rsmB	FOM_5_14:c63495-62122	FOM_5_00577
prokka_FOM_5/FOM_5:Gene	fmt	FOM_5_14:c64441-63479	FOM_5_00578
prokka_FOM_5/FOM_5:Gene	FOM_5_00582	FOM_5_14:c69787-69503	FOM_5_00582
prokka_FOM_5/FOM_5:Gene	FOM_5_00583	FOM_5_14:c70209-69784	FOM_5_00583
prokka_FOM_5/FOM_5:Gene	FOM_5_00584	FOM_5_14:c70382-70182	FOM_5_00584
prokka_FOM_5/FOM_5:Gene	FOM_5_00585	FOM_5_14:c70761-70366	FOM_5_00585
prokka_FOM_5/FOM_5:Gene	FOM_5_00586	FOM_5_14:c71062-70751	FOM_5_00586
prokka_FOM_5/FOM_5:Gene	epsF	FOM_5_14:c72054-71056	FOM_5_00587
prokka_FOM_5/FOM_5:Gene	comGA	FOM_5_14:c72946-72017	FOM_5_00588
prokka_FOM_5/FOM_5:Gene	recD2	FOM_5_14:c78155-75606	FOM_5_00591
prokka_FOM_5/FOM_5:Gene	FOM_5_00592	FOM_5_14:c78804-78139	FOM_5_00592
prokka_FOM_5/FOM_5:Gene	rsmE	FOM_5_14:c98174-97428	FOM_5_00610
prokka_FOM_5/FOM_5:Gene	prmA	FOM_5_14:c99130-98174	FOM_5_00611
prokka_FOM_5/FOM_5:Gene	pgaC	FOM_5_14:c104486-103230	FOM_5_00615
prokka_FOM_5/FOM_5:Gene	nox_2	FOM_5_14:c105859-104483	FOM_5_00616
prokka_FOM_5/FOM_5:Gene	FOM_5_00617	FOM_5_14:c106581-105883	FOM_5_00617
prokka_FOM_5/FOM_5:Gene	FOM_5_00618	FOM_5_14:c107050-106565	FOM_5_00618
prokka_FOM_5/FOM_5:Gene	fhs1	FOM_5_14:c108833-107172	FOM_5_00619
prokka_FOM_5/FOM_5:Gene	purD	FOM_5_14:c110100-108817	FOM_5_00620
prokka_FOM_5/FOM_5:Gene	purH	FOM_5_14:c111641-110112	FOM_5_00621
prokka_FOM_5/FOM_5:Gene	purN	FOM_5_14:c112231-111638	FOM_5_00622
prokka_FOM_5/FOM_5:Gene	purM	FOM_5_14:c113262-112222	FOM_5_00623
prokka_FOM_5/FOM_5:Gene	purF	FOM_5_14:c114809-113274	FOM_5_00624
prokka_FOM_5/FOM_5:Gene	purL	FOM_5_14:c117016-114794	FOM_5_00625
prokka_FOM_5/FOM_5:Gene	purQ	FOM_5_14:c117696-117013	FOM_5_00626
prokka_FOM_5/FOM_5:Gene	purC	FOM_5_14:c118683-117958	FOM_5_00628
prokka_FOM_5/FOM_5:Gene	purK_1	FOM_5_14:c119798-118680	FOM_5_00629
prokka_FOM_5/FOM_5:Gene	purE	FOM_5_14:c120279-119791	FOM_5_00630
prokka_FOM_5/FOM_5:Gene	crcB_1	FOM_5_14:c133071-132712	FOM_5_00644
prokka_FOM_5/FOM_5:Gene	crcB_2	FOM_5_14:c133448-133071	FOM_5_00645
prokka_FOM_5/FOM_5:Gene	cmpD	FOM_5_14:c135916-135146	FOM_5_00647
prokka_FOM_5/FOM_5:Gene	FOM_5_00648	FOM_5_14:c136811-135909	FOM_5_00648
prokka_FOM_5/FOM_5:Gene	FOM_5_00668	FOM_5_14:c153392-151635	FOM_5_00668
prokka_FOM_5/FOM_5:Gene	cydD	FOM_5_14:c155118-153385	FOM_5_00669
prokka_FOM_5/FOM_5:Gene	FOM_5_00714	FOM_5_17:4420-4908	FOM_5_00714
prokka_FOM_5/FOM_5:Gene	FOM_5_00715	FOM_5_17:4890-6161	FOM_5_00715
prokka_FOM_5/FOM_5:Gene	FOM_5_00742	FOM_5_18:3729-4610	FOM_5_00742
prokka_FOM_5/FOM_5:Gene	FOM_5_00743	FOM_5_18:4607-5080	FOM_5_00743
prokka_FOM_5/FOM_5:Gene	FOM_5_00746	FOM_5_18:7787-8734	FOM_5_00746
prokka_FOM_5/FOM_5:Gene	znuC	FOM_5_18:8734-9429	FOM_5_00747
prokka_FOM_5/FOM_5:Gene	znuB	FOM_5_18:9422-10204	FOM_5_00748
prokka_FOM_5/FOM_5:Gene	xylB_1	FOM_5_18:19425-21092	FOM_5_00755
prokka_FOM_5/FOM_5:Gene	araD	FOM_5_18:21061-21774	FOM_5_00756
prokka_FOM_5/FOM_5:Gene	FOM_5_00771	FOM_5_18:37336-38211	FOM_5_00771
prokka_FOM_5/FOM_5:Gene	FOM_5_00772	FOM_5_18:38204-38350	FOM_5_00772
prokka_FOM_5/FOM_5:Gene	FOM_5_00773	FOM_5_18:38350-39660	FOM_5_00773
prokka_FOM_5/FOM_5:Gene	FOM_5_00774	FOM_5_18:39671-40798	FOM_5_00774
prokka_FOM_5/FOM_5:Gene	mnaA	FOM_5_18:40791-41894	FOM_5_00775
prokka_FOM_5/FOM_5:Gene	FOM_5_00780	FOM_5_18:45511-46443	FOM_5_00780
prokka_FOM_5/FOM_5:Gene	FOM_5_00781	FOM_5_18:46440-47084	FOM_5_00781
prokka_FOM_5/FOM_5:Gene	FOM_5_00790	FOM_5_19:c7799-7524	FOM_5_00790
prokka_FOM_5/FOM_5:Gene	murJ_2	FOM_5_19:c9388-7799	FOM_5_00791
prokka_FOM_5/FOM_5:Gene	mfd	FOM_5_19:c12893-9375	FOM_5_00792
prokka_FOM_5/FOM_5:Gene	glgA	FOM_5_19:c19556-18126	FOM_5_00797
prokka_FOM_5/FOM_5:Gene	glgD	FOM_5_19:c20680-19556	FOM_5_00798
prokka_FOM_5/FOM_5:Gene	glgC	FOM_5_19:c21836-20673	FOM_5_00799
prokka_FOM_5/FOM_5:Gene	glgB	FOM_5_19:c23709-21829	FOM_5_00800
prokka_FOM_5/FOM_5:Gene	FOM_5_00823	FOM_5_19:c51521-50583	FOM_5_00823
prokka_FOM_5/FOM_5:Gene	FOM_5_00824	FOM_5_19:c52152-51514	FOM_5_00824
prokka_FOM_5/FOM_5:Gene	FOM_5_00825	FOM_5_19:c52474-52142	FOM_5_00825
prokka_FOM_5/FOM_5:Gene	walK	FOM_5_21:935-2824	FOM_5_00837
prokka_FOM_5/FOM_5:Gene	FOM_5_00838	FOM_5_21:2817-4142	FOM_5_00838
prokka_FOM_5/FOM_5:Gene	FOM_5_00839	FOM_5_21:4142-4954	FOM_5_00839
prokka_FOM_5/FOM_5:Gene	dltA	FOM_5_21:21184-22725	FOM_5_00854
prokka_FOM_5/FOM_5:Gene	FOM_5_00855	FOM_5_21:22722-23948	FOM_5_00855
prokka_FOM_5/FOM_5:Gene	dltC	FOM_5_21:23970-24209	FOM_5_00856
prokka_FOM_5/FOM_5:Gene	dltD	FOM_5_21:24202-25455	FOM_5_00857
prokka_FOM_5/FOM_5:Gene	FOM_5_00859	FOM_5_21:26590-27729	FOM_5_00859
prokka_FOM_5/FOM_5:Gene	FOM_5_00860	FOM_5_21:27713-28561	FOM_5_00860
prokka_FOM_5/FOM_5:Gene	phnE_1	FOM_5_21:c38630-37836	FOM_5_00866
prokka_FOM_5/FOM_5:Gene	phnE_2	FOM_5_21:c39412-38630	FOM_5_00867
prokka_FOM_5/FOM_5:Gene	thyA	FOM_5_21:c47828-46872	FOM_5_00873
prokka_FOM_5/FOM_5:Gene	tadA_1	FOM_5_21:c48313-47828	FOM_5_00874
prokka_FOM_5/FOM_5:Gene	rsmA	FOM_5_21:c52791-51895	FOM_5_00878
prokka_FOM_5/FOM_5:Gene	rnmV	FOM_5_21:c53351-52791	FOM_5_00879
prokka_FOM_5/FOM_5:Gene	ycfH	FOM_5_21:c54157-53351	FOM_5_00880
prokka_FOM_5/FOM_5:Gene	menD	FOM_5_22:5272-6951	FOM_5_00889
prokka_FOM_5/FOM_5:Gene	menH	FOM_5_22:6944-7744	FOM_5_00890
prokka_FOM_5/FOM_5:Gene	FOM_5_00900	FOM_5_22:c17020-16691	FOM_5_00900
prokka_FOM_5/FOM_5:Gene	FOM_5_00901	FOM_5_22:c17301-17020	FOM_5_00901
prokka_FOM_5/FOM_5:Gene	FOM_5_00904	FOM_5_22:19677-26900	FOM_5_00904
prokka_FOM_5/FOM_5:Gene	FOM_5_00905	FOM_5_22:26897-30370	FOM_5_00905
prokka_FOM_5/FOM_5:Gene	prfC	FOM_5_22:65835-67406	FOM_5_00918
prokka_FOM_5/FOM_5:Gene	FOM_5_00919	FOM_5_22:67403-67612	FOM_5_00919
prokka_FOM_5/FOM_5:Gene	FOM_5_00930	FOM_5_22:77403-77948	FOM_5_00930
prokka_FOM_5/FOM_5:Gene	FOM_5_00931	FOM_5_22:77948-79207	FOM_5_00931
prokka_FOM_5/FOM_5:Gene	FOM_5_00963	FOM_5_22:120832-121359	FOM_5_00963
prokka_FOM_5/FOM_5:Gene	yqeH	FOM_5_22:121319-122494	FOM_5_00964
prokka_FOM_5/FOM_5:Gene	nadD	FOM_5_22:122838-123503	FOM_5_00966
prokka_FOM_5/FOM_5:Gene	FOM_5_00967	FOM_5_22:123478-124065	FOM_5_00967
prokka_FOM_5/FOM_5:Gene	rsfS	FOM_5_22:124065-124436	FOM_5_00968
prokka_FOM_5/FOM_5:Gene	FOM_5_00969	FOM_5_22:124436-125182	FOM_5_00969
prokka_FOM_5/FOM_5:Gene	folD	FOM_5_22:174223-175113	FOM_5_01002
prokka_FOM_5/FOM_5:Gene	xseA	FOM_5_22:175098-176363	FOM_5_01003
prokka_FOM_5/FOM_5:Gene	xseB	FOM_5_22:176363-176581	FOM_5_01004
prokka_FOM_5/FOM_5:Gene	tlyA	FOM_5_22:177447-178295	FOM_5_01006
prokka_FOM_5/FOM_5:Gene	argR	FOM_5_22:178282-178731	FOM_5_01007
prokka_FOM_5/FOM_5:Gene	gmk_2	FOM_5_22:182119-182736	FOM_5_01010
prokka_FOM_5/FOM_5:Gene	rpoZ	FOM_5_22:182733-182948	FOM_5_01011
prokka_FOM_5/FOM_5:Gene	FOM_5_01019	FOM_5_23:6236-7573	FOM_5_01019
prokka_FOM_5/FOM_5:Gene	FOM_5_01020	FOM_5_23:7570-8565	FOM_5_01020
prokka_FOM_5/FOM_5:Gene	FOM_5_01029	FOM_5_23:14636-14803	FOM_5_01029
prokka_FOM_5/FOM_5:Gene	pcaB	FOM_5_23:14769-15980	FOM_5_01030
prokka_FOM_5/FOM_5:Gene	yxeM	FOM_5_23:15986-16765	FOM_5_01031
prokka_FOM_5/FOM_5:Gene	FOM_5_01032	FOM_5_23:16765-16902	FOM_5_01032
prokka_FOM_5/FOM_5:Gene	FOM_5_01041	FOM_5_24:c294-187	FOM_5_01041
prokka_FOM_5/FOM_5:Gene	COQ5	FOM_5_24:c1058-291	FOM_5_01042
prokka_FOM_5/FOM_5:Gene	ecfT	FOM_5_24:c19197-18397	FOM_5_01058
prokka_FOM_5/FOM_5:Gene	ecfA2	FOM_5_24:c20053-19187	FOM_5_01059
prokka_FOM_5/FOM_5:Gene	ecfA1	FOM_5_24:c20871-20029	FOM_5_01060
prokka_FOM_5/FOM_5:Gene	mntA	FOM_5_24:c24550-23606	FOM_5_01063
prokka_FOM_5/FOM_5:Gene	mntB	FOM_5_24:c25397-24543	FOM_5_01064
prokka_FOM_5/FOM_5:Gene	scaC	FOM_5_24:c26131-25394	FOM_5_01065
prokka_FOM_5/FOM_5:Gene	FOM_5_01075	FOM_5_24:c32622-31726	FOM_5_01075
prokka_FOM_5/FOM_5:Gene	mrnC	FOM_5_24:c33031-32603	FOM_5_01076
prokka_FOM_5/FOM_5:Gene	apbE	FOM_5_24:c50356-49412	FOM_5_01089
prokka_FOM_5/FOM_5:Gene	urdA	FOM_5_24:c51204-50353	FOM_5_01090
prokka_FOM_5/FOM_5:Gene	metN	FOM_5_24:56067-57116	FOM_5_01095
prokka_FOM_5/FOM_5:Gene	FOM_5_01096	FOM_5_24:57116-57811	FOM_5_01096
prokka_FOM_5/FOM_5:Gene	qmcA	FOM_5_24:c58778-57879	FOM_5_01097
prokka_FOM_5/FOM_5:Gene	FOM_5_01098	FOM_5_24:c58974-58765	FOM_5_01098
prokka_FOM_5/FOM_5:Gene	FOM_5_01099	FOM_5_24:c59179-58964	FOM_5_01099
prokka_FOM_5/FOM_5:Gene	adk	FOM_5_24:c62765-62196	FOM_5_01106
prokka_FOM_5/FOM_5:Gene	secY	FOM_5_24:c64069-62762	FOM_5_01107
prokka_FOM_5/FOM_5:Gene	rplO	FOM_5_24:c64503-64069	FOM_5_01108
prokka_FOM_5/FOM_5:Gene	rpmC	FOM_5_24:c68538-68332	FOM_5_01118
prokka_FOM_5/FOM_5:Gene	rplP	FOM_5_24:c68957-68538	FOM_5_01119
prokka_FOM_5/FOM_5:Gene	rplW	FOM_5_24:c71479-71192	FOM_5_01124
prokka_FOM_5/FOM_5:Gene	rplD	FOM_5_24:c72102-71479	FOM_5_01125
prokka_FOM_5/FOM_5:Gene	FOM_5_01130	FOM_5_24:c76198-75752	FOM_5_01130
prokka_FOM_5/FOM_5:Gene	mshD	FOM_5_24:c76727-76176	FOM_5_01131
prokka_FOM_5/FOM_5:Gene	rsmI	FOM_5_24:c80244-79369	FOM_5_01135
prokka_FOM_5/FOM_5:Gene	FOM_5_01136	FOM_5_24:c81251-80241	FOM_5_01136
prokka_FOM_5/FOM_5:Gene	FOM_5_01140	FOM_5_24:c82843-82583	FOM_5_01140
prokka_FOM_5/FOM_5:Gene	recR	FOM_5_24:c83442-82843	FOM_5_01141
prokka_FOM_5/FOM_5:Gene	tadA_2	FOM_5_24:c86421-85876	FOM_5_01144
prokka_FOM_5/FOM_5:Gene	rsmC	FOM_5_24:c87019-86402	FOM_5_01145
prokka_FOM_5/FOM_5:Gene	rlmA	FOM_5_24:c97822-96974	FOM_5_01157
prokka_FOM_5/FOM_5:Gene	fadR	FOM_5_24:c98402-97809	FOM_5_01158
prokka_FOM_5/FOM_5:Gene	atpH_1	FOM_5_24:c122317-121775	FOM_5_01181
prokka_FOM_5/FOM_5:Gene	atpF	FOM_5_24:c122832-122317	FOM_5_01182

DiscRep_ALL:OVERLAPPING_CDS::6 coding regions overlap another coding region with a similar or identical name.
DiscRep_SUB:OVERLAPPING_CDS::6 coding regions overlap another coding region with a similar or identical name that do not have the appropriate note text
prokka_FOM_5/FOM_5:CDS	UDP-N-acetylglucosamine--peptide N-acetylglucosaminyltransferase GtfA subunit	FOM_5_9:c14994-13480	FOM_5_00300
prokka_FOM_5/FOM_5:CDS	UDP-N-acetylglucosamine--peptide N-acetylglucosaminyltransferase GtfA subunit	FOM_5_9:c16607-14994	FOM_5_00301
prokka_FOM_5/FOM_5:CDS	Putative fluoride ion transporter CrcB	FOM_5_14:c133071-132712	FOM_5_00644
prokka_FOM_5/FOM_5:CDS	Putative fluoride ion transporter CrcB	FOM_5_14:c133448-133071	FOM_5_00645
prokka_FOM_5/FOM_5:CDS	Phosphate-import permease protein PhnE	FOM_5_21:c38630-37836	FOM_5_00866
prokka_FOM_5/FOM_5:CDS	Phosphate-import permease protein PhnE	FOM_5_21:c39412-38630	FOM_5_00867

DiscRep_ALL:SUSPECT_PRODUCT_NAMES::6 product_names contain suspect phrase or characters
DiscRep_SUB:SUSPECT_PRODUCT_NAMES::May contain database identifier more appropriate in note; remove from product name
DiscRep_SUB:SUSPECT_PRODUCT_NAMES::2 features contains three or more numbers together that may be identifiers more appropriate in note
prokka_FOM_5/FOM_5:CDS	putative oxidoreductase/MSMEI_2347	FOM_5_13:101248-102090	FOM_5_00499
prokka_FOM_5/FOM_5:CDS	putative oxidoreductase/MSMEI_2347	FOM_5_18:23441-24289	FOM_5_00758

DiscRep_SUB:SUSPECT_PRODUCT_NAMES::2 features Contains underscore
prokka_FOM_5/FOM_5:CDS	putative oxidoreductase/MSMEI_2347	FOM_5_13:101248-102090	FOM_5_00499
prokka_FOM_5/FOM_5:CDS	putative oxidoreductase/MSMEI_2347	FOM_5_18:23441-24289	FOM_5_00758

DiscRep_SUB:SUSPECT_PRODUCT_NAMES::Use short product name instead of descriptive phrase
DiscRep_SUB:SUSPECT_PRODUCT_NAMES::1 features Is longer than 100 characters. Remove descriptive phrases or synonyms from product names. Keep valid long product names, eg long enzyme names
prokka_FOM_5/FOM_5:CDS	N-acetylgalactosamine-N,N'-diacetylbacillosaminyl-diphospho-undecaprenol 4-alpha-N-acetylgalactosaminyltransferase	FOM_5_6:c15409-14342	FOM_5_00207

DiscRep_SUB:SUSPECT_PRODUCT_NAMES::use protein instead of gene as appropriate
DiscRep_SUB:SUSPECT_PRODUCT_NAMES::1 features contains 'genes'
prokka_FOM_5/FOM_5:CDS	Hydrogen peroxide-inducible genes activator	FOM_5_24:c48834-47950	FOM_5_01087

DiscRep_ALL:DISC_QUALITY_SCORES::Quality scores are missing on all sequences.

DiscRep_ALL:DISC_BAD_BACTERIAL_GENE_NAME::2 bacterial genes do not start with lowercase letters
prokka_FOM_5/FOM_5:Gene	QRSL1	FOM_5_2:c40575-39199	FOM_5_00039
prokka_FOM_5/FOM_5:Gene	COQ5	FOM_5_24:c1058-291	FOM_5_01042

DiscRep_ALL:ONCALLER_COMMENT_PRESENT::24 comment descriptors were found (all same)
prokka_FOM_5/FOM_5:Prokka:FOM_5_1:Annotated using prokka 1.14.6 from https://github.com/tseemann/prokka
prokka_FOM_5/FOM_5:Prokka:FOM_5_2:Annotated using prokka 1.14.6 from https://github.com/tseemann/prokka
prokka_FOM_5/FOM_5:Prokka:FOM_5_3:Annotated using prokka 1.14.6 from https://github.com/tseemann/prokka
prokka_FOM_5/FOM_5:Prokka:FOM_5_4:Annotated using prokka 1.14.6 from https://github.com/tseemann/prokka
prokka_FOM_5/FOM_5:Prokka:FOM_5_5:Annotated using prokka 1.14.6 from https://github.com/tseemann/prokka
prokka_FOM_5/FOM_5:Prokka:FOM_5_6:Annotated using prokka 1.14.6 from https://github.com/tseemann/prokka
prokka_FOM_5/FOM_5:Prokka:FOM_5_7:Annotated using prokka 1.14.6 from https://github.com/tseemann/prokka
prokka_FOM_5/FOM_5:Prokka:FOM_5_8:Annotated using prokka 1.14.6 from https://github.com/tseemann/prokka
prokka_FOM_5/FOM_5:Prokka:FOM_5_9:Annotated using prokka 1.14.6 from https://github.com/tseemann/prokka
prokka_FOM_5/FOM_5:Prokka:FOM_5_10:Annotated using prokka 1.14.6 from https://github.com/tseemann/prokka
prokka_FOM_5/FOM_5:Prokka:FOM_5_11:Annotated using prokka 1.14.6 from https://github.com/tseemann/prokka
prokka_FOM_5/FOM_5:Prokka:FOM_5_12:Annotated using prokka 1.14.6 from https://github.com/tseemann/prokka
prokka_FOM_5/FOM_5:Prokka:FOM_5_13:Annotated using prokka 1.14.6 from https://github.com/tseemann/prokka
prokka_FOM_5/FOM_5:Prokka:FOM_5_14:Annotated using prokka 1.14.6 from https://github.com/tseemann/prokka
prokka_FOM_5/FOM_5:Prokka:FOM_5_15:Annotated using prokka 1.14.6 from https://github.com/tseemann/prokka
prokka_FOM_5/FOM_5:Prokka:FOM_5_16:Annotated using prokka 1.14.6 from https://github.com/tseemann/prokka
prokka_FOM_5/FOM_5:Prokka:FOM_5_17:Annotated using prokka 1.14.6 from https://github.com/tseemann/prokka
prokka_FOM_5/FOM_5:Prokka:FOM_5_18:Annotated using prokka 1.14.6 from https://github.com/tseemann/prokka
prokka_FOM_5/FOM_5:Prokka:FOM_5_19:Annotated using prokka 1.14.6 from https://github.com/tseemann/prokka
prokka_FOM_5/FOM_5:Prokka:FOM_5_20:Annotated using prokka 1.14.6 from https://github.com/tseemann/prokka
prokka_FOM_5/FOM_5:Prokka:FOM_5_21:Annotated using prokka 1.14.6 from https://github.com/tseemann/prokka
prokka_FOM_5/FOM_5:Prokka:FOM_5_22:Annotated using prokka 1.14.6 from https://github.com/tseemann/prokka
prokka_FOM_5/FOM_5:Prokka:FOM_5_23:Annotated using prokka 1.14.6 from https://github.com/tseemann/prokka
prokka_FOM_5/FOM_5:Prokka:FOM_5_24:Annotated using prokka 1.14.6 from https://github.com/tseemann/prokka

DiscRep_ALL:SHORT_PROT_SEQUENCES::19 protein sequences are shorter than 50 aa.
prokka_FOM_5/FOM_5:Prokka:FOM_5_00096 (length 41)
prokka_FOM_5/FOM_5:Prokka:FOM_5_00162 (length 46)
prokka_FOM_5/FOM_5:Prokka:FOM_5_00197 (length 30)
prokka_FOM_5/FOM_5:Prokka:FOM_5_00202 (length 45)
prokka_FOM_5/FOM_5:Prokka:FOM_5_00272 (length 40)
prokka_FOM_5/FOM_5:Prokka:FOM_5_00352 (length 39)
prokka_FOM_5/FOM_5:Prokka:FOM_5_00557 (length 45)
prokka_FOM_5/FOM_5:Prokka:FOM_5_00665 (length 39)
prokka_FOM_5/FOM_5:Prokka:FOM_5_00732 (length 44)
prokka_FOM_5/FOM_5:Prokka:FOM_5_00769 (length 46)
prokka_FOM_5/FOM_5:Prokka:FOM_5_00772 (length 48)
prokka_FOM_5/FOM_5:Prokka:FOM_5_00853 (length 49)
prokka_FOM_5/FOM_5:Prokka:FOM_5_00986 (length 36)
prokka_FOM_5/FOM_5:Prokka:FOM_5_01032 (length 45)
prokka_FOM_5/FOM_5:Prokka:FOM_5_01041 (length 35)
prokka_FOM_5/FOM_5:Prokka:FOM_5_01073 (length 49)
prokka_FOM_5/FOM_5:Prokka:FOM_5_01104 (length 39)
prokka_FOM_5/FOM_5:Prokka:FOM_5_01161 (length 49)
prokka_FOM_5/FOM_5:Prokka:FOM_5_01162 (length 49)

DiscRep_ALL:MISSING_GENOMEASSEMBLY_COMMENTS::24 bioseqs are missing GenomeAssembly structured comments
prokka_FOM_5/FOM_5:Prokka:FOM_5_1 (length 3523)
prokka_FOM_5/FOM_5:Prokka:FOM_5_2 (length 100273)
prokka_FOM_5/FOM_5:Prokka:FOM_5_3 (length 16594)
prokka_FOM_5/FOM_5:Prokka:FOM_5_4 (length 69215)
prokka_FOM_5/FOM_5:Prokka:FOM_5_5 (length 12618)
prokka_FOM_5/FOM_5:Prokka:FOM_5_6 (length 72916)
prokka_FOM_5/FOM_5:Prokka:FOM_5_7 (length 15306)
prokka_FOM_5/FOM_5:Prokka:FOM_5_8 (length 19426)
prokka_FOM_5/FOM_5:Prokka:FOM_5_9 (length 61042)
prokka_FOM_5/FOM_5:Prokka:FOM_5_10 (length 63806)
prokka_FOM_5/FOM_5:Prokka:FOM_5_11 (length 3049)
prokka_FOM_5/FOM_5:Prokka:FOM_5_12 (length 5925)
prokka_FOM_5/FOM_5:Prokka:FOM_5_13 (length 132291)
prokka_FOM_5/FOM_5:Prokka:FOM_5_14 (length 161394)
prokka_FOM_5/FOM_5:Prokka:FOM_5_15 (length 12059)
prokka_FOM_5/FOM_5:Prokka:FOM_5_16 (length 25078)
prokka_FOM_5/FOM_5:Prokka:FOM_5_17 (length 29076)
prokka_FOM_5/FOM_5:Prokka:FOM_5_18 (length 50902)
prokka_FOM_5/FOM_5:Prokka:FOM_5_19 (length 54135)
prokka_FOM_5/FOM_5:Prokka:FOM_5_20 (length 13600)
prokka_FOM_5/FOM_5:Prokka:FOM_5_21 (length 60093)
prokka_FOM_5/FOM_5:Prokka:FOM_5_22 (length 183094)
prokka_FOM_5/FOM_5:Prokka:FOM_5_23 (length 25891)
prokka_FOM_5/FOM_5:Prokka:FOM_5_24 (length 154559)

DiscRep_ALL:MOLTYPE_NOT_MRNA::24 molecule types are not set as mRNA.
prokka_FOM_5/FOM_5:Prokka:FOM_5_1 (length 3523)
prokka_FOM_5/FOM_5:Prokka:FOM_5_2 (length 100273)
prokka_FOM_5/FOM_5:Prokka:FOM_5_3 (length 16594)
prokka_FOM_5/FOM_5:Prokka:FOM_5_4 (length 69215)
prokka_FOM_5/FOM_5:Prokka:FOM_5_5 (length 12618)
prokka_FOM_5/FOM_5:Prokka:FOM_5_6 (length 72916)
prokka_FOM_5/FOM_5:Prokka:FOM_5_7 (length 15306)
prokka_FOM_5/FOM_5:Prokka:FOM_5_8 (length 19426)
prokka_FOM_5/FOM_5:Prokka:FOM_5_9 (length 61042)
prokka_FOM_5/FOM_5:Prokka:FOM_5_10 (length 63806)
prokka_FOM_5/FOM_5:Prokka:FOM_5_11 (length 3049)
prokka_FOM_5/FOM_5:Prokka:FOM_5_12 (length 5925)
prokka_FOM_5/FOM_5:Prokka:FOM_5_13 (length 132291)
prokka_FOM_5/FOM_5:Prokka:FOM_5_14 (length 161394)
prokka_FOM_5/FOM_5:Prokka:FOM_5_15 (length 12059)
prokka_FOM_5/FOM_5:Prokka:FOM_5_16 (length 25078)
prokka_FOM_5/FOM_5:Prokka:FOM_5_17 (length 29076)
prokka_FOM_5/FOM_5:Prokka:FOM_5_18 (length 50902)
prokka_FOM_5/FOM_5:Prokka:FOM_5_19 (length 54135)
prokka_FOM_5/FOM_5:Prokka:FOM_5_20 (length 13600)
prokka_FOM_5/FOM_5:Prokka:FOM_5_21 (length 60093)
prokka_FOM_5/FOM_5:Prokka:FOM_5_22 (length 183094)
prokka_FOM_5/FOM_5:Prokka:FOM_5_23 (length 25891)
prokka_FOM_5/FOM_5:Prokka:FOM_5_24 (length 154559)

DiscRep_ALL:TECHNIQUE_NOT_TSA::24 technique are not set as TSA
prokka_FOM_5/FOM_5:Prokka:FOM_5_1 (length 3523)
prokka_FOM_5/FOM_5:Prokka:FOM_5_2 (length 100273)
prokka_FOM_5/FOM_5:Prokka:FOM_5_3 (length 16594)
prokka_FOM_5/FOM_5:Prokka:FOM_5_4 (length 69215)
prokka_FOM_5/FOM_5:Prokka:FOM_5_5 (length 12618)
prokka_FOM_5/FOM_5:Prokka:FOM_5_6 (length 72916)
prokka_FOM_5/FOM_5:Prokka:FOM_5_7 (length 15306)
prokka_FOM_5/FOM_5:Prokka:FOM_5_8 (length 19426)
prokka_FOM_5/FOM_5:Prokka:FOM_5_9 (length 61042)
prokka_FOM_5/FOM_5:Prokka:FOM_5_10 (length 63806)
prokka_FOM_5/FOM_5:Prokka:FOM_5_11 (length 3049)
prokka_FOM_5/FOM_5:Prokka:FOM_5_12 (length 5925)
prokka_FOM_5/FOM_5:Prokka:FOM_5_13 (length 132291)
prokka_FOM_5/FOM_5:Prokka:FOM_5_14 (length 161394)
prokka_FOM_5/FOM_5:Prokka:FOM_5_15 (length 12059)
prokka_FOM_5/FOM_5:Prokka:FOM_5_16 (length 25078)
prokka_FOM_5/FOM_5:Prokka:FOM_5_17 (length 29076)
prokka_FOM_5/FOM_5:Prokka:FOM_5_18 (length 50902)
prokka_FOM_5/FOM_5:Prokka:FOM_5_19 (length 54135)
prokka_FOM_5/FOM_5:Prokka:FOM_5_20 (length 13600)
prokka_FOM_5/FOM_5:Prokka:FOM_5_21 (length 60093)
prokka_FOM_5/FOM_5:Prokka:FOM_5_22 (length 183094)
prokka_FOM_5/FOM_5:Prokka:FOM_5_23 (length 25891)
prokka_FOM_5/FOM_5:Prokka:FOM_5_24 (length 154559)

DiscRep_ALL:MISSING_STRUCTURED_COMMENT::24 sequences do not include structured comments.
prokka_FOM_5/FOM_5:Prokka:FOM_5_1 (length 3523)
prokka_FOM_5/FOM_5:Prokka:FOM_5_2 (length 100273)
prokka_FOM_5/FOM_5:Prokka:FOM_5_3 (length 16594)
prokka_FOM_5/FOM_5:Prokka:FOM_5_4 (length 69215)
prokka_FOM_5/FOM_5:Prokka:FOM_5_5 (length 12618)
prokka_FOM_5/FOM_5:Prokka:FOM_5_6 (length 72916)
prokka_FOM_5/FOM_5:Prokka:FOM_5_7 (length 15306)
prokka_FOM_5/FOM_5:Prokka:FOM_5_8 (length 19426)
prokka_FOM_5/FOM_5:Prokka:FOM_5_9 (length 61042)
prokka_FOM_5/FOM_5:Prokka:FOM_5_10 (length 63806)
prokka_FOM_5/FOM_5:Prokka:FOM_5_11 (length 3049)
prokka_FOM_5/FOM_5:Prokka:FOM_5_12 (length 5925)
prokka_FOM_5/FOM_5:Prokka:FOM_5_13 (length 132291)
prokka_FOM_5/FOM_5:Prokka:FOM_5_14 (length 161394)
prokka_FOM_5/FOM_5:Prokka:FOM_5_15 (length 12059)
prokka_FOM_5/FOM_5:Prokka:FOM_5_16 (length 25078)
prokka_FOM_5/FOM_5:Prokka:FOM_5_17 (length 29076)
prokka_FOM_5/FOM_5:Prokka:FOM_5_18 (length 50902)
prokka_FOM_5/FOM_5:Prokka:FOM_5_19 (length 54135)
prokka_FOM_5/FOM_5:Prokka:FOM_5_20 (length 13600)
prokka_FOM_5/FOM_5:Prokka:FOM_5_21 (length 60093)
prokka_FOM_5/FOM_5:Prokka:FOM_5_22 (length 183094)
prokka_FOM_5/FOM_5:Prokka:FOM_5_23 (length 25891)
prokka_FOM_5/FOM_5:Prokka:FOM_5_24 (length 154559)

DiscRep_ALL:MISSING_PROJECT::1201 sequences do not include project.
prokka_FOM_5/FOM_5:Prokka:FOM_5_1 (length 3523)
prokka_FOM_5/FOM_5:Prokka:FOM_5_00001 (length 219)
prokka_FOM_5/FOM_5:Prokka:FOM_5_00002 (length 713)
prokka_FOM_5/FOM_5:Prokka:FOM_5_2 (length 100273)
prokka_FOM_5/FOM_5:Prokka:FOM_5_00003 (length 734)
prokka_FOM_5/FOM_5:Prokka:FOM_5_00004 (length 84)
prokka_FOM_5/FOM_5:Prokka:FOM_5_00005 (length 339)
prokka_FOM_5/FOM_5:Prokka:FOM_5_00006 (length 342)
prokka_FOM_5/FOM_5:Prokka:FOM_5_00007 (length 415)
prokka_FOM_5/FOM_5:Prokka:FOM_5_00008 (length 212)
prokka_FOM_5/FOM_5:Prokka:FOM_5_00009 (length 238)
prokka_FOM_5/FOM_5:Prokka:FOM_5_00010 (length 319)
prokka_FOM_5/FOM_5:Prokka:FOM_5_00011 (length 1059)
prokka_FOM_5/FOM_5:Prokka:FOM_5_00012 (length 360)
prokka_FOM_5/FOM_5:Prokka:FOM_5_00013 (length 429)
prokka_FOM_5/FOM_5:Prokka:FOM_5_00014 (length 301)
prokka_FOM_5/FOM_5:Prokka:FOM_5_00015 (length 98)
prokka_FOM_5/FOM_5:Prokka:FOM_5_00016 (length 616)
prokka_FOM_5/FOM_5:Prokka:FOM_5_00017 (length 104)
prokka_FOM_5/FOM_5:Prokka:FOM_5_00018 (length 452)
prokka_FOM_5/FOM_5:Prokka:FOM_5_00019 (length 325)
prokka_FOM_5/FOM_5:Prokka:FOM_5_00020 (length 277)
prokka_FOM_5/FOM_5:Prokka:FOM_5_00021 (length 683)
prokka_FOM_5/FOM_5:Prokka:FOM_5_00022 (length 298)
prokka_FOM_5/FOM_5:Prokka:FOM_5_00023 (length 177)
prokka_FOM_5/FOM_5:Prokka:FOM_5_00024 (length 169)
prokka_FOM_5/FOM_5:Prokka:FOM_5_00025 (length 155)
prokka_FOM_5/FOM_5:Prokka:FOM_5_00026 (length 325)
prokka_FOM_5/FOM_5:Prokka:FOM_5_00027 (length 220)
prokka_FOM_5/FOM_5:Prokka:FOM_5_00028 (length 201)
prokka_FOM_5/FOM_5:Prokka:FOM_5_00029 (length 108)
prokka_FOM_5/FOM_5:Prokka:FOM_5_00030 (length 104)
prokka_FOM_5/FOM_5:Prokka:FOM_5_00031 (length 245)
prokka_FOM_5/FOM_5:Prokka:FOM_5_00032 (length 481)
prokka_FOM_5/FOM_5:Prokka:FOM_5_00033 (length 471)
prokka_FOM_5/FOM_5:Prokka:FOM_5_00034 (length 266)
prokka_FOM_5/FOM_5:Prokka:FOM_5_00035 (length 155)
prokka_FOM_5/FOM_5:Prokka:FOM_5_00036 (length 785)
prokka_FOM_5/FOM_5:Prokka:FOM_5_00037 (length 78)
prokka_FOM_5/FOM_5:Prokka:FOM_5_00038 (length 475)
prokka_FOM_5/FOM_5:Prokka:FOM_5_00039 (length 458)
prokka_FOM_5/FOM_5:Prokka:FOM_5_00040 (length 451)
prokka_FOM_5/FOM_5:Prokka:FOM_5_00041 (length 88)
prokka_FOM_5/FOM_5:Prokka:FOM_5_00042 (length 64)
prokka_FOM_5/FOM_5:Prokka:FOM_5_00043 (length 262)
prokka_FOM_5/FOM_5:Prokka:FOM_5_00044 (length 575)
prokka_FOM_5/FOM_5:Prokka:FOM_5_00045 (length 88)
prokka_FOM_5/FOM_5:Prokka:FOM_5_00046 (length 60)
prokka_FOM_5/FOM_5:Prokka:FOM_5_00047 (length 324)
prokka_FOM_5/FOM_5:Prokka:FOM_5_00048 (length 316)
prokka_FOM_5/FOM_5:Prokka:FOM_5_00049 (length 611)
prokka_FOM_5/FOM_5:Prokka:FOM_5_00050 (length 594)
prokka_FOM_5/FOM_5:Prokka:FOM_5_00051 (length 1407)
prokka_FOM_5/FOM_5:Prokka:FOM_5_00052 (length 291)
prokka_FOM_5/FOM_5:Prokka:FOM_5_00053 (length 339)
prokka_FOM_5/FOM_5:Prokka:FOM_5_00054 (length 310)
prokka_FOM_5/FOM_5:Prokka:FOM_5_00055 (length 128)
prokka_FOM_5/FOM_5:Prokka:FOM_5_00056 (length 56)
prokka_FOM_5/FOM_5:Prokka:FOM_5_00057 (length 149)
prokka_FOM_5/FOM_5:Prokka:FOM_5_00058 (length 119)
prokka_FOM_5/FOM_5:Prokka:FOM_5_00059 (length 242)
prokka_FOM_5/FOM_5:Prokka:FOM_5_00060 (length 361)
prokka_FOM_5/FOM_5:Prokka:FOM_5_00061 (length 276)
prokka_FOM_5/FOM_5:Prokka:FOM_5_00062 (length 272)
prokka_FOM_5/FOM_5:Prokka:FOM_5_00063 (length 372)
prokka_FOM_5/FOM_5:Prokka:FOM_5_00064 (length 598)
prokka_FOM_5/FOM_5:Prokka:FOM_5_00065 (length 707)
prokka_FOM_5/FOM_5:Prokka:FOM_5_00066 (length 156)
prokka_FOM_5/FOM_5:Prokka:FOM_5_00067 (length 138)
prokka_FOM_5/FOM_5:Prokka:FOM_5_00068 (length 281)
prokka_FOM_5/FOM_5:Prokka:FOM_5_00069 (length 296)
prokka_FOM_5/FOM_5:Prokka:FOM_5_00070 (length 277)
prokka_FOM_5/FOM_5:Prokka:FOM_5_00071 (length 312)
prokka_FOM_5/FOM_5:Prokka:FOM_5_00072 (length 516)
prokka_FOM_5/FOM_5:Prokka:FOM_5_00073 (length 378)
prokka_FOM_5/FOM_5:Prokka:FOM_5_00074 (length 371)
prokka_FOM_5/FOM_5:Prokka:FOM_5_00075 (length 263)
prokka_FOM_5/FOM_5:Prokka:FOM_5_00076 (length 389)
prokka_FOM_5/FOM_5:Prokka:FOM_5_00077 (length 373)
prokka_FOM_5/FOM_5:Prokka:FOM_5_00078 (length 187)
prokka_FOM_5/FOM_5:Prokka:FOM_5_00079 (length 64)
prokka_FOM_5/FOM_5:Prokka:FOM_5_00080 (length 165)
prokka_FOM_5/FOM_5:Prokka:FOM_5_00081 (length 140)
prokka_FOM_5/FOM_5:Prokka:FOM_5_00082 (length 145)
prokka_FOM_5/FOM_5:Prokka:FOM_5_00083 (length 188)
prokka_FOM_5/FOM_5:Prokka:FOM_5_00084 (length 447)
prokka_FOM_5/FOM_5:Prokka:FOM_5_00085 (length 342)
prokka_FOM_5/FOM_5:Prokka:FOM_5_00086 (length 301)
prokka_FOM_5/FOM_5:Prokka:FOM_5_00087 (length 317)
prokka_FOM_5/FOM_5:Prokka:FOM_5_00088 (length 475)
prokka_FOM_5/FOM_5:Prokka:FOM_5_00089 (length 250)
prokka_FOM_5/FOM_5:Prokka:FOM_5_00090 (length 566)
prokka_FOM_5/FOM_5:Prokka:FOM_5_00091 (length 245)
prokka_FOM_5/FOM_5:Prokka:FOM_5_3 (length 16594)
prokka_FOM_5/FOM_5:Prokka:FOM_5_00092 (length 216)
prokka_FOM_5/FOM_5:Prokka:FOM_5_00093 (length 494)
prokka_FOM_5/FOM_5:Prokka:FOM_5_00094 (length 1347)
prokka_FOM_5/FOM_5:Prokka:FOM_5_00095 (length 738)
prokka_FOM_5/FOM_5:Prokka:FOM_5_00096 (length 41)
prokka_FOM_5/FOM_5:Prokka:FOM_5_00097 (length 82)
prokka_FOM_5/FOM_5:Prokka:FOM_5_00098 (length 314)
prokka_FOM_5/FOM_5:Prokka:FOM_5_00099 (length 508)
prokka_FOM_5/FOM_5:Prokka:FOM_5_00100 (length 321)
prokka_FOM_5/FOM_5:Prokka:FOM_5_00101 (length 161)
prokka_FOM_5/FOM_5:Prokka:FOM_5_00102 (length 691)
prokka_FOM_5/FOM_5:Prokka:FOM_5_4 (length 69215)
prokka_FOM_5/FOM_5:Prokka:FOM_5_00103 (length 292)
prokka_FOM_5/FOM_5:Prokka:FOM_5_00104 (length 317)
prokka_FOM_5/FOM_5:Prokka:FOM_5_00105 (length 515)
prokka_FOM_5/FOM_5:Prokka:FOM_5_00106 (length 481)
prokka_FOM_5/FOM_5:Prokka:FOM_5_00107 (length 275)
prokka_FOM_5/FOM_5:Prokka:FOM_5_00110 (length 223)
prokka_FOM_5/FOM_5:Prokka:FOM_5_00111 (length 406)
prokka_FOM_5/FOM_5:Prokka:FOM_5_00112 (length 272)
prokka_FOM_5/FOM_5:Prokka:FOM_5_00113 (length 159)
prokka_FOM_5/FOM_5:Prokka:FOM_5_00114 (length 122)
prokka_FOM_5/FOM_5:Prokka:FOM_5_00115 (length 172)
prokka_FOM_5/FOM_5:Prokka:FOM_5_00116 (length 421)
prokka_FOM_5/FOM_5:Prokka:FOM_5_00117 (length 373)
prokka_FOM_5/FOM_5:Prokka:FOM_5_00118 (length 229)
prokka_FOM_5/FOM_5:Prokka:FOM_5_00119 (length 241)
prokka_FOM_5/FOM_5:Prokka:FOM_5_00120 (length 367)
prokka_FOM_5/FOM_5:Prokka:FOM_5_00121 (length 64)
prokka_FOM_5/FOM_5:Prokka:FOM_5_00122 (length 302)
prokka_FOM_5/FOM_5:Prokka:FOM_5_00123 (length 256)
prokka_FOM_5/FOM_5:Prokka:FOM_5_00124 (length 239)
prokka_FOM_5/FOM_5:Prokka:FOM_5_00125 (length 305)
prokka_FOM_5/FOM_5:Prokka:FOM_5_00126 (length 365)
prokka_FOM_5/FOM_5:Prokka:FOM_5_00127 (length 232)
prokka_FOM_5/FOM_5:Prokka:FOM_5_00128 (length 189)
prokka_FOM_5/FOM_5:Prokka:FOM_5_00129 (length 228)
prokka_FOM_5/FOM_5:Prokka:FOM_5_00130 (length 248)
prokka_FOM_5/FOM_5:Prokka:FOM_5_00131 (length 478)
prokka_FOM_5/FOM_5:Prokka:FOM_5_00132 (length 126)
prokka_FOM_5/FOM_5:Prokka:FOM_5_00133 (length 297)
prokka_FOM_5/FOM_5:Prokka:FOM_5_00134 (length 359)
prokka_FOM_5/FOM_5:Prokka:FOM_5_00135 (length 412)
prokka_FOM_5/FOM_5:Prokka:FOM_5_00136 (length 231)
prokka_FOM_5/FOM_5:Prokka:FOM_5_00137 (length 126)
prokka_FOM_5/FOM_5:Prokka:FOM_5_00138 (length 745)
prokka_FOM_5/FOM_5:Prokka:FOM_5_00139 (length 483)
prokka_FOM_5/FOM_5:Prokka:FOM_5_00140 (length 272)
prokka_FOM_5/FOM_5:Prokka:FOM_5_00141 (length 125)
prokka_FOM_5/FOM_5:Prokka:FOM_5_00142 (length 189)
prokka_FOM_5/FOM_5:Prokka:FOM_5_00143 (length 233)
prokka_FOM_5/FOM_5:Prokka:FOM_5_00144 (length 230)
prokka_FOM_5/FOM_5:Prokka:FOM_5_00145 (length 141)
prokka_FOM_5/FOM_5:Prokka:FOM_5_00146 (length 329)
prokka_FOM_5/FOM_5:Prokka:FOM_5_00147 (length 472)
prokka_FOM_5/FOM_5:Prokka:FOM_5_00148 (length 462)
prokka_FOM_5/FOM_5:Prokka:FOM_5_00149 (length 441)
prokka_FOM_5/FOM_5:Prokka:FOM_5_00150 (length 145)
prokka_FOM_5/FOM_5:Prokka:FOM_5_00151 (length 153)
prokka_FOM_5/FOM_5:Prokka:FOM_5_00152 (length 113)
prokka_FOM_5/FOM_5:Prokka:FOM_5_00153 (length 304)
prokka_FOM_5/FOM_5:Prokka:FOM_5_00154 (length 454)
prokka_FOM_5/FOM_5:Prokka:FOM_5_00155 (length 52)
prokka_FOM_5/FOM_5:Prokka:FOM_5_00156 (length 303)
prokka_FOM_5/FOM_5:Prokka:FOM_5_00157 (length 161)
prokka_FOM_5/FOM_5:Prokka:FOM_5_00158 (length 131)
prokka_FOM_5/FOM_5:Prokka:FOM_5_00159 (length 147)
prokka_FOM_5/FOM_5:Prokka:FOM_5_00160 (length 279)
prokka_FOM_5/FOM_5:Prokka:FOM_5_00161 (length 274)
prokka_FOM_5/FOM_5:Prokka:FOM_5_00162 (length 46)
prokka_FOM_5/FOM_5:Prokka:FOM_5_00163 (length 305)
prokka_FOM_5/FOM_5:Prokka:FOM_5_00164 (length 539)
prokka_FOM_5/FOM_5:Prokka:FOM_5_00165 (length 234)
prokka_FOM_5/FOM_5:Prokka:FOM_5_00166 (length 112)
prokka_FOM_5/FOM_5:Prokka:FOM_5_00167 (length 221)
prokka_FOM_5/FOM_5:Prokka:FOM_5_00168 (length 617)
prokka_FOM_5/FOM_5:Prokka:FOM_5_00169 (length 438)
prokka_FOM_5/FOM_5:Prokka:FOM_5_00170 (length 128)
prokka_FOM_5/FOM_5:Prokka:FOM_5_00171 (length 153)
prokka_FOM_5/FOM_5:Prokka:FOM_5_00172 (length 200)
prokka_FOM_5/FOM_5:Prokka:FOM_5_00173 (length 465)
prokka_FOM_5/FOM_5:Prokka:FOM_5_00174 (length 412)
prokka_FOM_5/FOM_5:Prokka:FOM_5_00175 (length 183)
prokka_FOM_5/FOM_5:Prokka:FOM_5_00176 (length 120)
prokka_FOM_5/FOM_5:Prokka:FOM_5_5 (length 12618)
prokka_FOM_5/FOM_5:Prokka:FOM_5_00177 (length 112)
prokka_FOM_5/FOM_5:Prokka:FOM_5_00178 (length 157)
prokka_FOM_5/FOM_5:Prokka:FOM_5_00179 (length 189)
prokka_FOM_5/FOM_5:Prokka:FOM_5_00180 (length 73)
prokka_FOM_5/FOM_5:Prokka:FOM_5_00181 (length 269)
prokka_FOM_5/FOM_5:Prokka:FOM_5_00182 (length 249)
prokka_FOM_5/FOM_5:Prokka:FOM_5_00183 (length 56)
prokka_FOM_5/FOM_5:Prokka:FOM_5_00184 (length 327)
prokka_FOM_5/FOM_5:Prokka:FOM_5_00185 (length 248)
prokka_FOM_5/FOM_5:Prokka:FOM_5_00186 (length 428)
prokka_FOM_5/FOM_5:Prokka:FOM_5_00187 (length 321)
prokka_FOM_5/FOM_5:Prokka:FOM_5_00188 (length 206)
prokka_FOM_5/FOM_5:Prokka:FOM_5_00189 (length 180)
prokka_FOM_5/FOM_5:Prokka:FOM_5_00190 (length 65)
prokka_FOM_5/FOM_5:Prokka:FOM_5_00191 (length 330)
prokka_FOM_5/FOM_5:Prokka:FOM_5_00192 (length 131)
prokka_FOM_5/FOM_5:Prokka:FOM_5_00193 (length 339)
prokka_FOM_5/FOM_5:Prokka:FOM_5_6 (length 72916)
prokka_FOM_5/FOM_5:Prokka:FOM_5_00194 (length 442)
prokka_FOM_5/FOM_5:Prokka:FOM_5_00195 (length 467)
prokka_FOM_5/FOM_5:Prokka:FOM_5_00196 (length 443)
prokka_FOM_5/FOM_5:Prokka:FOM_5_00197 (length 30)
prokka_FOM_5/FOM_5:Prokka:FOM_5_00198 (length 475)
prokka_FOM_5/FOM_5:Prokka:FOM_5_00199 (length 102)
prokka_FOM_5/FOM_5:Prokka:FOM_5_00200 (length 386)
prokka_FOM_5/FOM_5:Prokka:FOM_5_00201 (length 379)
prokka_FOM_5/FOM_5:Prokka:FOM_5_00202 (length 45)
prokka_FOM_5/FOM_5:Prokka:FOM_5_00203 (length 316)
prokka_FOM_5/FOM_5:Prokka:FOM_5_00204 (length 420)
prokka_FOM_5/FOM_5:Prokka:FOM_5_00205 (length 712)
prokka_FOM_5/FOM_5:Prokka:FOM_5_00207 (length 355)
prokka_FOM_5/FOM_5:Prokka:FOM_5_00208 (length 804)
prokka_FOM_5/FOM_5:Prokka:FOM_5_00209 (length 230)
prokka_FOM_5/FOM_5:Prokka:FOM_5_00210 (length 170)
prokka_FOM_5/FOM_5:Prokka:FOM_5_00211 (length 459)
prokka_FOM_5/FOM_5:Prokka:FOM_5_00212 (length 106)
prokka_FOM_5/FOM_5:Prokka:FOM_5_00213 (length 273)
prokka_FOM_5/FOM_5:Prokka:FOM_5_00214 (length 182)
prokka_FOM_5/FOM_5:Prokka:FOM_5_00215 (length 407)
prokka_FOM_5/FOM_5:Prokka:FOM_5_00216 (length 415)
prokka_FOM_5/FOM_5:Prokka:FOM_5_00217 (length 402)
prokka_FOM_5/FOM_5:Prokka:FOM_5_00218 (length 147)
prokka_FOM_5/FOM_5:Prokka:FOM_5_00219 (length 188)
prokka_FOM_5/FOM_5:Prokka:FOM_5_00220 (length 50)
prokka_FOM_5/FOM_5:Prokka:FOM_5_00221 (length 592)
prokka_FOM_5/FOM_5:Prokka:FOM_5_00222 (length 397)
prokka_FOM_5/FOM_5:Prokka:FOM_5_00223 (length 598)
prokka_FOM_5/FOM_5:Prokka:FOM_5_00224 (length 260)
prokka_FOM_5/FOM_5:Prokka:FOM_5_00225 (length 92)
prokka_FOM_5/FOM_5:Prokka:FOM_5_00226 (length 374)
prokka_FOM_5/FOM_5:Prokka:FOM_5_00227 (length 207)
prokka_FOM_5/FOM_5:Prokka:FOM_5_00228 (length 466)
prokka_FOM_5/FOM_5:Prokka:FOM_5_00229 (length 220)
prokka_FOM_5/FOM_5:Prokka:FOM_5_00230 (length 174)
prokka_FOM_5/FOM_5:Prokka:FOM_5_00231 (length 65)
prokka_FOM_5/FOM_5:Prokka:FOM_5_00232 (length 104)
prokka_FOM_5/FOM_5:Prokka:FOM_5_00233 (length 283)
prokka_FOM_5/FOM_5:Prokka:FOM_5_00234 (length 705)
prokka_FOM_5/FOM_5:Prokka:FOM_5_00235 (length 472)
prokka_FOM_5/FOM_5:Prokka:FOM_5_00236 (length 276)
prokka_FOM_5/FOM_5:Prokka:FOM_5_00237 (length 846)
prokka_FOM_5/FOM_5:Prokka:FOM_5_00238 (length 461)
prokka_FOM_5/FOM_5:Prokka:FOM_5_00239 (length 318)
prokka_FOM_5/FOM_5:Prokka:FOM_5_00240 (length 219)
prokka_FOM_5/FOM_5:Prokka:FOM_5_00241 (length 693)
prokka_FOM_5/FOM_5:Prokka:FOM_5_00242 (length 398)
prokka_FOM_5/FOM_5:Prokka:FOM_5_00243 (length 426)
prokka_FOM_5/FOM_5:Prokka:FOM_5_00244 (length 271)
prokka_FOM_5/FOM_5:Prokka:FOM_5_00245 (length 298)
prokka_FOM_5/FOM_5:Prokka:FOM_5_00246 (length 340)
prokka_FOM_5/FOM_5:Prokka:FOM_5_00247 (length 283)
prokka_FOM_5/FOM_5:Prokka:FOM_5_00248 (length 219)
prokka_FOM_5/FOM_5:Prokka:FOM_5_00249 (length 446)
prokka_FOM_5/FOM_5:Prokka:FOM_5_00250 (length 220)
prokka_FOM_5/FOM_5:Prokka:FOM_5_00251 (length 161)
prokka_FOM_5/FOM_5:Prokka:FOM_5_00252 (length 334)
prokka_FOM_5/FOM_5:Prokka:FOM_5_00253 (length 75)
prokka_FOM_5/FOM_5:Prokka:FOM_5_00254 (length 297)
prokka_FOM_5/FOM_5:Prokka:FOM_5_00255 (length 454)
prokka_FOM_5/FOM_5:Prokka:FOM_5_00256 (length 317)
prokka_FOM_5/FOM_5:Prokka:FOM_5_00257 (length 84)
prokka_FOM_5/FOM_5:Prokka:FOM_5_00258 (length 152)
prokka_FOM_5/FOM_5:Prokka:FOM_5_00259 (length 462)
prokka_FOM_5/FOM_5:Prokka:FOM_5_7 (length 15306)
prokka_FOM_5/FOM_5:Prokka:FOM_5_00261 (length 152)
prokka_FOM_5/FOM_5:Prokka:FOM_5_00262 (length 145)
prokka_FOM_5/FOM_5:Prokka:FOM_5_00263 (length 456)
prokka_FOM_5/FOM_5:Prokka:FOM_5_00264 (length 57)
prokka_FOM_5/FOM_5:Prokka:FOM_5_00265 (length 117)
prokka_FOM_5/FOM_5:Prokka:FOM_5_00266 (length 380)
prokka_FOM_5/FOM_5:Prokka:FOM_5_00267 (length 331)
prokka_FOM_5/FOM_5:Prokka:FOM_5_00268 (length 197)
prokka_FOM_5/FOM_5:Prokka:FOM_5_00269 (length 318)
prokka_FOM_5/FOM_5:Prokka:FOM_5_00270 (length 334)
prokka_FOM_5/FOM_5:Prokka:FOM_5_00271 (length 297)
prokka_FOM_5/FOM_5:Prokka:FOM_5_00272 (length 40)
prokka_FOM_5/FOM_5:Prokka:FOM_5_00273 (length 951)
prokka_FOM_5/FOM_5:Prokka:FOM_5_00274 (length 466)
prokka_FOM_5/FOM_5:Prokka:FOM_5_00275 (length 97)
prokka_FOM_5/FOM_5:Prokka:FOM_5_8 (length 19426)
prokka_FOM_5/FOM_5:Prokka:FOM_5_00278 (length 141)
prokka_FOM_5/FOM_5:Prokka:FOM_5_00279 (length 294)
prokka_FOM_5/FOM_5:Prokka:FOM_5_00280 (length 428)
prokka_FOM_5/FOM_5:Prokka:FOM_5_00281 (length 224)
prokka_FOM_5/FOM_5:Prokka:FOM_5_00282 (length 186)
prokka_FOM_5/FOM_5:Prokka:FOM_5_00283 (length 429)
prokka_FOM_5/FOM_5:Prokka:FOM_5_00284 (length 147)
prokka_FOM_5/FOM_5:Prokka:FOM_5_00285 (length 727)
prokka_FOM_5/FOM_5:Prokka:FOM_5_00286 (length 111)
prokka_FOM_5/FOM_5:Prokka:FOM_5_00288 (length 397)
prokka_FOM_5/FOM_5:Prokka:FOM_5_00289 (length 300)
prokka_FOM_5/FOM_5:Prokka:FOM_5_00290 (length 487)
prokka_FOM_5/FOM_5:Prokka:FOM_5_00291 (length 283)
prokka_FOM_5/FOM_5:Prokka:FOM_5_00292 (length 611)
prokka_FOM_5/FOM_5:Prokka:FOM_5_00293 (length 511)
prokka_FOM_5/FOM_5:Prokka:FOM_5_00294 (length 139)
prokka_FOM_5/FOM_5:Prokka:FOM_5_9 (length 61042)
prokka_FOM_5/FOM_5:Prokka:FOM_5_00297 (length 4001)
prokka_FOM_5/FOM_5:Prokka:FOM_5_00299 (length 203)
prokka_FOM_5/FOM_5:Prokka:FOM_5_00300 (length 504)
prokka_FOM_5/FOM_5:Prokka:FOM_5_00301 (length 537)
prokka_FOM_5/FOM_5:Prokka:FOM_5_00302 (length 902)
prokka_FOM_5/FOM_5:Prokka:FOM_5_00303 (length 293)
prokka_FOM_5/FOM_5:Prokka:FOM_5_00304 (length 354)
prokka_FOM_5/FOM_5:Prokka:FOM_5_00305 (length 80)
prokka_FOM_5/FOM_5:Prokka:FOM_5_00306 (length 289)
prokka_FOM_5/FOM_5:Prokka:FOM_5_00307 (length 497)
prokka_FOM_5/FOM_5:Prokka:FOM_5_00308 (length 539)
prokka_FOM_5/FOM_5:Prokka:FOM_5_00309 (length 317)
prokka_FOM_5/FOM_5:Prokka:FOM_5_00310 (length 196)
prokka_FOM_5/FOM_5:Prokka:FOM_5_00311 (length 440)
prokka_FOM_5/FOM_5:Prokka:FOM_5_00312 (length 377)
prokka_FOM_5/FOM_5:Prokka:FOM_5_00313 (length 446)
prokka_FOM_5/FOM_5:Prokka:FOM_5_00314 (length 166)
prokka_FOM_5/FOM_5:Prokka:FOM_5_00315 (length 112)
prokka_FOM_5/FOM_5:Prokka:FOM_5_00316 (length 418)
prokka_FOM_5/FOM_5:Prokka:FOM_5_00317 (length 596)
prokka_FOM_5/FOM_5:Prokka:FOM_5_00318 (length 585)
prokka_FOM_5/FOM_5:Prokka:FOM_5_00319 (length 610)
prokka_FOM_5/FOM_5:Prokka:FOM_5_00320 (length 293)
prokka_FOM_5/FOM_5:Prokka:FOM_5_00321 (length 319)
prokka_FOM_5/FOM_5:Prokka:FOM_5_00322 (length 318)
prokka_FOM_5/FOM_5:Prokka:FOM_5_00323 (length 332)
prokka_FOM_5/FOM_5:Prokka:FOM_5_00324 (length 501)
prokka_FOM_5/FOM_5:Prokka:FOM_5_00325 (length 393)
prokka_FOM_5/FOM_5:Prokka:FOM_5_00326 (length 468)
prokka_FOM_5/FOM_5:Prokka:FOM_5_00327 (length 270)
prokka_FOM_5/FOM_5:Prokka:FOM_5_00328 (length 347)
prokka_FOM_5/FOM_5:Prokka:FOM_5_00329 (length 329)
prokka_FOM_5/FOM_5:Prokka:FOM_5_00330 (length 400)
prokka_FOM_5/FOM_5:Prokka:FOM_5_00331 (length 189)
prokka_FOM_5/FOM_5:Prokka:FOM_5_00332 (length 472)
prokka_FOM_5/FOM_5:Prokka:FOM_5_00333 (length 459)
prokka_FOM_5/FOM_5:Prokka:FOM_5_00334 (length 480)
prokka_FOM_5/FOM_5:Prokka:FOM_5_00335 (length 108)
prokka_FOM_5/FOM_5:Prokka:FOM_5_00336 (length 106)
prokka_FOM_5/FOM_5:Prokka:FOM_5_00337 (length 344)
prokka_FOM_5/FOM_5:Prokka:FOM_5_10 (length 63806)
prokka_FOM_5/FOM_5:Prokka:FOM_5_00338 (length 417)
prokka_FOM_5/FOM_5:Prokka:FOM_5_00339 (length 385)
prokka_FOM_5/FOM_5:Prokka:FOM_5_00340 (length 502)
prokka_FOM_5/FOM_5:Prokka:FOM_5_00341 (length 322)
prokka_FOM_5/FOM_5:Prokka:FOM_5_00342 (length 237)
prokka_FOM_5/FOM_5:Prokka:FOM_5_00343 (length 219)
prokka_FOM_5/FOM_5:Prokka:FOM_5_00344 (length 277)
prokka_FOM_5/FOM_5:Prokka:FOM_5_00345 (length 415)
prokka_FOM_5/FOM_5:Prokka:FOM_5_00346 (length 181)
prokka_FOM_5/FOM_5:Prokka:FOM_5_00347 (length 165)
prokka_FOM_5/FOM_5:Prokka:FOM_5_00348 (length 120)
prokka_FOM_5/FOM_5:Prokka:FOM_5_00349 (length 82)
prokka_FOM_5/FOM_5:Prokka:FOM_5_00350 (length 592)
prokka_FOM_5/FOM_5:Prokka:FOM_5_00351 (length 58)
prokka_FOM_5/FOM_5:Prokka:FOM_5_00352 (length 39)
prokka_FOM_5/FOM_5:Prokka:FOM_5_00353 (length 269)
prokka_FOM_5/FOM_5:Prokka:FOM_5_00354 (length 155)
prokka_FOM_5/FOM_5:Prokka:FOM_5_00355 (length 369)
prokka_FOM_5/FOM_5:Prokka:FOM_5_00356 (length 623)
prokka_FOM_5/FOM_5:Prokka:FOM_5_00357 (length 299)
prokka_FOM_5/FOM_5:Prokka:FOM_5_00358 (length 72)
prokka_FOM_5/FOM_5:Prokka:FOM_5_00359 (length 318)
prokka_FOM_5/FOM_5:Prokka:FOM_5_00360 (length 220)
prokka_FOM_5/FOM_5:Prokka:FOM_5_00361 (length 468)
prokka_FOM_5/FOM_5:Prokka:FOM_5_00362 (length 373)
prokka_FOM_5/FOM_5:Prokka:FOM_5_00363 (length 552)
prokka_FOM_5/FOM_5:Prokka:FOM_5_00364 (length 516)
prokka_FOM_5/FOM_5:Prokka:FOM_5_00365 (length 223)
prokka_FOM_5/FOM_5:Prokka:FOM_5_00366 (length 223)
prokka_FOM_5/FOM_5:Prokka:FOM_5_00367 (length 754)
prokka_FOM_5/FOM_5:Prokka:FOM_5_00368 (length 440)
prokka_FOM_5/FOM_5:Prokka:FOM_5_00369 (length 310)
prokka_FOM_5/FOM_5:Prokka:FOM_5_00370 (length 188)
prokka_FOM_5/FOM_5:Prokka:FOM_5_00371 (length 88)
prokka_FOM_5/FOM_5:Prokka:FOM_5_00372 (length 114)
prokka_FOM_5/FOM_5:Prokka:FOM_5_00373 (length 182)
prokka_FOM_5/FOM_5:Prokka:FOM_5_00374 (length 381)
prokka_FOM_5/FOM_5:Prokka:FOM_5_00375 (length 592)
prokka_FOM_5/FOM_5:Prokka:FOM_5_00376 (length 250)
prokka_FOM_5/FOM_5:Prokka:FOM_5_00377 (length 120)
prokka_FOM_5/FOM_5:Prokka:FOM_5_00378 (length 52)
prokka_FOM_5/FOM_5:Prokka:FOM_5_00379 (length 233)
prokka_FOM_5/FOM_5:Prokka:FOM_5_00380 (length 314)
prokka_FOM_5/FOM_5:Prokka:FOM_5_00381 (length 477)
prokka_FOM_5/FOM_5:Prokka:FOM_5_00382 (length 348)
prokka_FOM_5/FOM_5:Prokka:FOM_5_00383 (length 412)
prokka_FOM_5/FOM_5:Prokka:FOM_5_00384 (length 520)
prokka_FOM_5/FOM_5:Prokka:FOM_5_00385 (length 526)
prokka_FOM_5/FOM_5:Prokka:FOM_5_00389 (length 337)
prokka_FOM_5/FOM_5:Prokka:FOM_5_00390 (length 580)
prokka_FOM_5/FOM_5:Prokka:FOM_5_00391 (length 502)
prokka_FOM_5/FOM_5:Prokka:FOM_5_00392 (length 134)
prokka_FOM_5/FOM_5:Prokka:FOM_5_00393 (length 337)
prokka_FOM_5/FOM_5:Prokka:FOM_5_00394 (length 405)
prokka_FOM_5/FOM_5:Prokka:FOM_5_00395 (length 516)
prokka_FOM_5/FOM_5:Prokka:FOM_5_00396 (length 216)
prokka_FOM_5/FOM_5:Prokka:FOM_5_00397 (length 494)
prokka_FOM_5/FOM_5:Prokka:FOM_5_00398 (length 138)
prokka_FOM_5/FOM_5:Prokka:FOM_5_00399 (length 366)
prokka_FOM_5/FOM_5:Prokka:FOM_5_11 (length 3049)
prokka_FOM_5/FOM_5:Prokka:FOM_5_00400 (length 314)
prokka_FOM_5/FOM_5:Prokka:FOM_5_00401 (length 397)
prokka_FOM_5/FOM_5:Prokka:FOM_5_12 (length 5925)
prokka_FOM_5/FOM_5:Prokka:FOM_5_00403 (length 381)
prokka_FOM_5/FOM_5:Prokka:FOM_5_00404 (length 119)
prokka_FOM_5/FOM_5:Prokka:FOM_5_00405 (length 372)
prokka_FOM_5/FOM_5:Prokka:FOM_5_00406 (length 316)
prokka_FOM_5/FOM_5:Prokka:FOM_5_00407 (length 452)
prokka_FOM_5/FOM_5:Prokka:FOM_5_13 (length 132291)
prokka_FOM_5/FOM_5:Prokka:FOM_5_00408 (length 281)
prokka_FOM_5/FOM_5:Prokka:FOM_5_00409 (length 483)
prokka_FOM_5/FOM_5:Prokka:FOM_5_00410 (length 473)
prokka_FOM_5/FOM_5:Prokka:FOM_5_00411 (length 355)
prokka_FOM_5/FOM_5:Prokka:FOM_5_00412 (length 331)
prokka_FOM_5/FOM_5:Prokka:FOM_5_00413 (length 181)
prokka_FOM_5/FOM_5:Prokka:FOM_5_00414 (length 249)
prokka_FOM_5/FOM_5:Prokka:FOM_5_00415 (length 177)
prokka_FOM_5/FOM_5:Prokka:FOM_5_00416 (length 186)
prokka_FOM_5/FOM_5:Prokka:FOM_5_00417 (length 163)
prokka_FOM_5/FOM_5:Prokka:FOM_5_00418 (length 265)
prokka_FOM_5/FOM_5:Prokka:FOM_5_00419 (length 244)
prokka_FOM_5/FOM_5:Prokka:FOM_5_00420 (length 281)
prokka_FOM_5/FOM_5:Prokka:FOM_5_00421 (length 214)
prokka_FOM_5/FOM_5:Prokka:FOM_5_00422 (length 218)
prokka_FOM_5/FOM_5:Prokka:FOM_5_00423 (length 541)
prokka_FOM_5/FOM_5:Prokka:FOM_5_00424 (length 306)
prokka_FOM_5/FOM_5:Prokka:FOM_5_00425 (length 343)
prokka_FOM_5/FOM_5:Prokka:FOM_5_00426 (length 367)
prokka_FOM_5/FOM_5:Prokka:FOM_5_00427 (length 317)
prokka_FOM_5/FOM_5:Prokka:FOM_5_00428 (length 673)
prokka_FOM_5/FOM_5:Prokka:FOM_5_00429 (length 150)
prokka_FOM_5/FOM_5:Prokka:FOM_5_00430 (length 471)
prokka_FOM_5/FOM_5:Prokka:FOM_5_00431 (length 396)
prokka_FOM_5/FOM_5:Prokka:FOM_5_00432 (length 176)
prokka_FOM_5/FOM_5:Prokka:FOM_5_00433 (length 420)
prokka_FOM_5/FOM_5:Prokka:FOM_5_00434 (length 391)
prokka_FOM_5/FOM_5:Prokka:FOM_5_00435 (length 397)
prokka_FOM_5/FOM_5:Prokka:FOM_5_00436 (length 95)
prokka_FOM_5/FOM_5:Prokka:FOM_5_00437 (length 101)
prokka_FOM_5/FOM_5:Prokka:FOM_5_00438 (length 132)
prokka_FOM_5/FOM_5:Prokka:FOM_5_00439 (length 285)
prokka_FOM_5/FOM_5:Prokka:FOM_5_00440 (length 351)
prokka_FOM_5/FOM_5:Prokka:FOM_5_00441 (length 348)
prokka_FOM_5/FOM_5:Prokka:FOM_5_00442 (length 255)
prokka_FOM_5/FOM_5:Prokka:FOM_5_00443 (length 263)
prokka_FOM_5/FOM_5:Prokka:FOM_5_00444 (length 337)
prokka_FOM_5/FOM_5:Prokka:FOM_5_00445 (length 102)
prokka_FOM_5/FOM_5:Prokka:FOM_5_00446 (length 239)
prokka_FOM_5/FOM_5:Prokka:FOM_5_00447 (length 228)
prokka_FOM_5/FOM_5:Prokka:FOM_5_00448 (length 158)
prokka_FOM_5/FOM_5:Prokka:FOM_5_00449 (length 192)
prokka_FOM_5/FOM_5:Prokka:FOM_5_00450 (length 112)
prokka_FOM_5/FOM_5:Prokka:FOM_5_00451 (length 286)
prokka_FOM_5/FOM_5:Prokka:FOM_5_00452 (length 279)
prokka_FOM_5/FOM_5:Prokka:FOM_5_00453 (length 343)
prokka_FOM_5/FOM_5:Prokka:FOM_5_00454 (length 109)
prokka_FOM_5/FOM_5:Prokka:FOM_5_00455 (length 205)
prokka_FOM_5/FOM_5:Prokka:FOM_5_00456 (length 288)
prokka_FOM_5/FOM_5:Prokka:FOM_5_00457 (length 184)
prokka_FOM_5/FOM_5:Prokka:FOM_5_00458 (length 359)
prokka_FOM_5/FOM_5:Prokka:FOM_5_00459 (length 516)
prokka_FOM_5/FOM_5:Prokka:FOM_5_00460 (length 378)
prokka_FOM_5/FOM_5:Prokka:FOM_5_00461 (length 318)
prokka_FOM_5/FOM_5:Prokka:FOM_5_00462 (length 454)
prokka_FOM_5/FOM_5:Prokka:FOM_5_00463 (length 329)
prokka_FOM_5/FOM_5:Prokka:FOM_5_00464 (length 69)
prokka_FOM_5/FOM_5:Prokka:FOM_5_00465 (length 396)
prokka_FOM_5/FOM_5:Prokka:FOM_5_00466 (length 263)
prokka_FOM_5/FOM_5:Prokka:FOM_5_00467 (length 82)
prokka_FOM_5/FOM_5:Prokka:FOM_5_00468 (length 249)
prokka_FOM_5/FOM_5:Prokka:FOM_5_00470 (length 267)
prokka_FOM_5/FOM_5:Prokka:FOM_5_00471 (length 166)
prokka_FOM_5/FOM_5:Prokka:FOM_5_00472 (length 271)
prokka_FOM_5/FOM_5:Prokka:FOM_5_00473 (length 215)
prokka_FOM_5/FOM_5:Prokka:FOM_5_00474 (length 659)
prokka_FOM_5/FOM_5:Prokka:FOM_5_00475 (length 391)
prokka_FOM_5/FOM_5:Prokka:FOM_5_00476 (length 233)
prokka_FOM_5/FOM_5:Prokka:FOM_5_00477 (length 166)
prokka_FOM_5/FOM_5:Prokka:FOM_5_00478 (length 203)
prokka_FOM_5/FOM_5:Prokka:FOM_5_00479 (length 386)
prokka_FOM_5/FOM_5:Prokka:FOM_5_00480 (length 314)
prokka_FOM_5/FOM_5:Prokka:FOM_5_00481 (length 577)
prokka_FOM_5/FOM_5:Prokka:FOM_5_00482 (length 237)
prokka_FOM_5/FOM_5:Prokka:FOM_5_00483 (length 73)
prokka_FOM_5/FOM_5:Prokka:FOM_5_00484 (length 435)
prokka_FOM_5/FOM_5:Prokka:FOM_5_00485 (length 860)
prokka_FOM_5/FOM_5:Prokka:FOM_5_00486 (length 430)
prokka_FOM_5/FOM_5:Prokka:FOM_5_00487 (length 178)
prokka_FOM_5/FOM_5:Prokka:FOM_5_00488 (length 2243)
prokka_FOM_5/FOM_5:Prokka:FOM_5_00489 (length 214)
prokka_FOM_5/FOM_5:Prokka:FOM_5_00490 (length 139)
prokka_FOM_5/FOM_5:Prokka:FOM_5_00491 (length 271)
prokka_FOM_5/FOM_5:Prokka:FOM_5_00492 (length 300)
prokka_FOM_5/FOM_5:Prokka:FOM_5_00493 (length 540)
prokka_FOM_5/FOM_5:Prokka:FOM_5_00494 (length 388)
prokka_FOM_5/FOM_5:Prokka:FOM_5_00495 (length 618)
prokka_FOM_5/FOM_5:Prokka:FOM_5_00496 (length 199)
prokka_FOM_5/FOM_5:Prokka:FOM_5_00497 (length 464)
prokka_FOM_5/FOM_5:Prokka:FOM_5_00498 (length 830)
prokka_FOM_5/FOM_5:Prokka:FOM_5_00499 (length 280)
prokka_FOM_5/FOM_5:Prokka:FOM_5_00500 (length 282)
prokka_FOM_5/FOM_5:Prokka:FOM_5_00501 (length 253)
prokka_FOM_5/FOM_5:Prokka:FOM_5_00502 (length 143)
prokka_FOM_5/FOM_5:Prokka:FOM_5_00503 (length 198)
prokka_FOM_5/FOM_5:Prokka:FOM_5_00504 (length 50)
prokka_FOM_5/FOM_5:Prokka:FOM_5_00505 (length 108)
prokka_FOM_5/FOM_5:Prokka:FOM_5_00506 (length 107)
prokka_FOM_5/FOM_5:Prokka:FOM_5_00507 (length 341)
prokka_FOM_5/FOM_5:Prokka:FOM_5_00508 (length 195)
prokka_FOM_5/FOM_5:Prokka:FOM_5_00509 (length 397)
prokka_FOM_5/FOM_5:Prokka:FOM_5_00510 (length 154)
prokka_FOM_5/FOM_5:Prokka:FOM_5_00511 (length 268)
prokka_FOM_5/FOM_5:Prokka:FOM_5_00512 (length 145)
prokka_FOM_5/FOM_5:Prokka:FOM_5_00513 (length 305)
prokka_FOM_5/FOM_5:Prokka:FOM_5_00514 (length 507)
prokka_FOM_5/FOM_5:Prokka:FOM_5_00515 (length 391)
prokka_FOM_5/FOM_5:Prokka:FOM_5_00516 (length 394)
prokka_FOM_5/FOM_5:Prokka:FOM_5_00517 (length 243)
prokka_FOM_5/FOM_5:Prokka:FOM_5_00518 (length 120)
prokka_FOM_5/FOM_5:Prokka:FOM_5_00519 (length 134)
prokka_FOM_5/FOM_5:Prokka:FOM_5_00520 (length 185)
prokka_FOM_5/FOM_5:Prokka:FOM_5_00521 (length 282)
prokka_FOM_5/FOM_5:Prokka:FOM_5_00522 (length 141)
prokka_FOM_5/FOM_5:Prokka:FOM_5_00523 (length 281)
prokka_FOM_5/FOM_5:Prokka:FOM_5_00524 (length 262)
prokka_FOM_5/FOM_5:Prokka:FOM_5_00525 (length 263)
prokka_FOM_5/FOM_5:Prokka:FOM_5_00526 (length 419)
prokka_FOM_5/FOM_5:Prokka:FOM_5_00527 (length 573)
prokka_FOM_5/FOM_5:Prokka:FOM_5_00528 (length 1440)
prokka_FOM_5/FOM_5:Prokka:FOM_5_14 (length 161394)
prokka_FOM_5/FOM_5:Prokka:FOM_5_00529 (length 182)
prokka_FOM_5/FOM_5:Prokka:FOM_5_00530 (length 370)
prokka_FOM_5/FOM_5:Prokka:FOM_5_00531 (length 243)
prokka_FOM_5/FOM_5:Prokka:FOM_5_00532 (length 505)
prokka_FOM_5/FOM_5:Prokka:FOM_5_00534 (length 170)
prokka_FOM_5/FOM_5:Prokka:FOM_5_00535 (length 135)
prokka_FOM_5/FOM_5:Prokka:FOM_5_00536 (length 139)
prokka_FOM_5/FOM_5:Prokka:FOM_5_00537 (length 241)
prokka_FOM_5/FOM_5:Prokka:FOM_5_00538 (length 64)
prokka_FOM_5/FOM_5:Prokka:FOM_5_00539 (length 279)
prokka_FOM_5/FOM_5:Prokka:FOM_5_00540 (length 131)
prokka_FOM_5/FOM_5:Prokka:FOM_5_00541 (length 216)
prokka_FOM_5/FOM_5:Prokka:FOM_5_00542 (length 271)
prokka_FOM_5/FOM_5:Prokka:FOM_5_00543 (length 164)
prokka_FOM_5/FOM_5:Prokka:FOM_5_00544 (length 501)
prokka_FOM_5/FOM_5:Prokka:FOM_5_00545 (length 61)
prokka_FOM_5/FOM_5:Prokka:FOM_5_00546 (length 318)
prokka_FOM_5/FOM_5:Prokka:FOM_5_00547 (length 428)
prokka_FOM_5/FOM_5:Prokka:FOM_5_00548 (length 118)
prokka_FOM_5/FOM_5:Prokka:FOM_5_00549 (length 246)
prokka_FOM_5/FOM_5:Prokka:FOM_5_00550 (length 167)
prokka_FOM_5/FOM_5:Prokka:FOM_5_00551 (length 222)
prokka_FOM_5/FOM_5:Prokka:FOM_5_00552 (length 267)
prokka_FOM_5/FOM_5:Prokka:FOM_5_00553 (length 318)
prokka_FOM_5/FOM_5:Prokka:FOM_5_00554 (length 91)
prokka_FOM_5/FOM_5:Prokka:FOM_5_00555 (length 183)
prokka_FOM_5/FOM_5:Prokka:FOM_5_00556 (length 68)
prokka_FOM_5/FOM_5:Prokka:FOM_5_00557 (length 45)
prokka_FOM_5/FOM_5:Prokka:FOM_5_00558 (length 488)
prokka_FOM_5/FOM_5:Prokka:FOM_5_00559 (length 113)
prokka_FOM_5/FOM_5:Prokka:FOM_5_00560 (length 400)
prokka_FOM_5/FOM_5:Prokka:FOM_5_00561 (length 1185)
prokka_FOM_5/FOM_5:Prokka:FOM_5_00562 (length 232)
prokka_FOM_5/FOM_5:Prokka:FOM_5_00563 (length 79)
prokka_FOM_5/FOM_5:Prokka:FOM_5_00564 (length 352)
prokka_FOM_5/FOM_5:Prokka:FOM_5_00565 (length 678)
prokka_FOM_5/FOM_5:Prokka:FOM_5_00566 (length 203)
prokka_FOM_5/FOM_5:Prokka:FOM_5_00567 (length 453)
prokka_FOM_5/FOM_5:Prokka:FOM_5_00568 (length 6003)
prokka_FOM_5/FOM_5:Prokka:FOM_5_00569 (length 562)
prokka_FOM_5/FOM_5:Prokka:FOM_5_00570 (length 120)
prokka_FOM_5/FOM_5:Prokka:FOM_5_00571 (length 66)
prokka_FOM_5/FOM_5:Prokka:FOM_5_00572 (length 221)
prokka_FOM_5/FOM_5:Prokka:FOM_5_00573 (length 219)
prokka_FOM_5/FOM_5:Prokka:FOM_5_00574 (length 304)
prokka_FOM_5/FOM_5:Prokka:FOM_5_00575 (length 657)
prokka_FOM_5/FOM_5:Prokka:FOM_5_00576 (length 246)
prokka_FOM_5/FOM_5:Prokka:FOM_5_00577 (length 457)
prokka_FOM_5/FOM_5:Prokka:FOM_5_00578 (length 320)
prokka_FOM_5/FOM_5:Prokka:FOM_5_00579 (length 806)
prokka_FOM_5/FOM_5:Prokka:FOM_5_00580 (length 396)
prokka_FOM_5/FOM_5:Prokka:FOM_5_00581 (length 335)
prokka_FOM_5/FOM_5:Prokka:FOM_5_00582 (length 94)
prokka_FOM_5/FOM_5:Prokka:FOM_5_00583 (length 141)
prokka_FOM_5/FOM_5:Prokka:FOM_5_00584 (length 66)
prokka_FOM_5/FOM_5:Prokka:FOM_5_00585 (length 131)
prokka_FOM_5/FOM_5:Prokka:FOM_5_00586 (length 103)
prokka_FOM_5/FOM_5:Prokka:FOM_5_00587 (length 332)
prokka_FOM_5/FOM_5:Prokka:FOM_5_00588 (length 309)
prokka_FOM_5/FOM_5:Prokka:FOM_5_00589 (length 483)
prokka_FOM_5/FOM_5:Prokka:FOM_5_00590 (length 240)
prokka_FOM_5/FOM_5:Prokka:FOM_5_00591 (length 849)
prokka_FOM_5/FOM_5:Prokka:FOM_5_00592 (length 221)
prokka_FOM_5/FOM_5:Prokka:FOM_5_00593 (length 220)
prokka_FOM_5/FOM_5:Prokka:FOM_5_00594 (length 929)
prokka_FOM_5/FOM_5:Prokka:FOM_5_00595 (length 211)
prokka_FOM_5/FOM_5:Prokka:FOM_5_00596 (length 261)
prokka_FOM_5/FOM_5:Prokka:FOM_5_00597 (length 86)
prokka_FOM_5/FOM_5:Prokka:FOM_5_00598 (length 149)
prokka_FOM_5/FOM_5:Prokka:FOM_5_00599 (length 423)
prokka_FOM_5/FOM_5:Prokka:FOM_5_00600 (length 456)
prokka_FOM_5/FOM_5:Prokka:FOM_5_00601 (length 306)
prokka_FOM_5/FOM_5:Prokka:FOM_5_00602 (length 366)
prokka_FOM_5/FOM_5:Prokka:FOM_5_00603 (length 447)
prokka_FOM_5/FOM_5:Prokka:FOM_5_00604 (length 330)
prokka_FOM_5/FOM_5:Prokka:FOM_5_00605 (length 730)
prokka_FOM_5/FOM_5:Prokka:FOM_5_00606 (length 123)
prokka_FOM_5/FOM_5:Prokka:FOM_5_00607 (length 314)
prokka_FOM_5/FOM_5:Prokka:FOM_5_00608 (length 144)
prokka_FOM_5/FOM_5:Prokka:FOM_5_00609 (length 126)
prokka_FOM_5/FOM_5:Prokka:FOM_5_00610 (length 248)
prokka_FOM_5/FOM_5:Prokka:FOM_5_00611 (length 318)
prokka_FOM_5/FOM_5:Prokka:FOM_5_00612 (length 473)
prokka_FOM_5/FOM_5:Prokka:FOM_5_00613 (length 490)
prokka_FOM_5/FOM_5:Prokka:FOM_5_00614 (length 156)
prokka_FOM_5/FOM_5:Prokka:FOM_5_00615 (length 418)
prokka_FOM_5/FOM_5:Prokka:FOM_5_00616 (length 458)
prokka_FOM_5/FOM_5:Prokka:FOM_5_00617 (length 232)
prokka_FOM_5/FOM_5:Prokka:FOM_5_00618 (length 161)
prokka_FOM_5/FOM_5:Prokka:FOM_5_00619 (length 553)
prokka_FOM_5/FOM_5:Prokka:FOM_5_00620 (length 427)
prokka_FOM_5/FOM_5:Prokka:FOM_5_00621 (length 509)
prokka_FOM_5/FOM_5:Prokka:FOM_5_00622 (length 197)
prokka_FOM_5/FOM_5:Prokka:FOM_5_00623 (length 346)
prokka_FOM_5/FOM_5:Prokka:FOM_5_00624 (length 511)
prokka_FOM_5/FOM_5:Prokka:FOM_5_00625 (length 740)
prokka_FOM_5/FOM_5:Prokka:FOM_5_00626 (length 227)
prokka_FOM_5/FOM_5:Prokka:FOM_5_00627 (length 85)
prokka_FOM_5/FOM_5:Prokka:FOM_5_00628 (length 241)
prokka_FOM_5/FOM_5:Prokka:FOM_5_00629 (length 372)
prokka_FOM_5/FOM_5:Prokka:FOM_5_00630 (length 162)
prokka_FOM_5/FOM_5:Prokka:FOM_5_00631 (length 209)
prokka_FOM_5/FOM_5:Prokka:FOM_5_00632 (length 277)
prokka_FOM_5/FOM_5:Prokka:FOM_5_00633 (length 212)
prokka_FOM_5/FOM_5:Prokka:FOM_5_00634 (length 214)
prokka_FOM_5/FOM_5:Prokka:FOM_5_00635 (length 203)
prokka_FOM_5/FOM_5:Prokka:FOM_5_00636 (length 209)
prokka_FOM_5/FOM_5:Prokka:FOM_5_00637 (length 283)
prokka_FOM_5/FOM_5:Prokka:FOM_5_00638 (length 334)
prokka_FOM_5/FOM_5:Prokka:FOM_5_00639 (length 144)
prokka_FOM_5/FOM_5:Prokka:FOM_5_00640 (length 114)
prokka_FOM_5/FOM_5:Prokka:FOM_5_00641 (length 278)
prokka_FOM_5/FOM_5:Prokka:FOM_5_00642 (length 673)
prokka_FOM_5/FOM_5:Prokka:FOM_5_00643 (length 289)
prokka_FOM_5/FOM_5:Prokka:FOM_5_00644 (length 119)
prokka_FOM_5/FOM_5:Prokka:FOM_5_00645 (length 125)
prokka_FOM_5/FOM_5:Prokka:FOM_5_00646 (length 512)
prokka_FOM_5/FOM_5:Prokka:FOM_5_00647 (length 256)
prokka_FOM_5/FOM_5:Prokka:FOM_5_00648 (length 300)
prokka_FOM_5/FOM_5:Prokka:FOM_5_00649 (length 328)
prokka_FOM_5/FOM_5:Prokka:FOM_5_00650 (length 320)
prokka_FOM_5/FOM_5:Prokka:FOM_5_00651 (length 723)
prokka_FOM_5/FOM_5:Prokka:FOM_5_00652 (length 78)
prokka_FOM_5/FOM_5:Prokka:FOM_5_00653 (length 150)
prokka_FOM_5/FOM_5:Prokka:FOM_5_00654 (length 217)
prokka_FOM_5/FOM_5:Prokka:FOM_5_00655 (length 86)
prokka_FOM_5/FOM_5:Prokka:FOM_5_00656 (length 236)
prokka_FOM_5/FOM_5:Prokka:FOM_5_00657 (length 113)
prokka_FOM_5/FOM_5:Prokka:FOM_5_00658 (length 280)
prokka_FOM_5/FOM_5:Prokka:FOM_5_00659 (length 337)
prokka_FOM_5/FOM_5:Prokka:FOM_5_00660 (length 230)
prokka_FOM_5/FOM_5:Prokka:FOM_5_00661 (length 96)
prokka_FOM_5/FOM_5:Prokka:FOM_5_00662 (length 189)
prokka_FOM_5/FOM_5:Prokka:FOM_5_00663 (length 73)
prokka_FOM_5/FOM_5:Prokka:FOM_5_00664 (length 122)
prokka_FOM_5/FOM_5:Prokka:FOM_5_00665 (length 39)
prokka_FOM_5/FOM_5:Prokka:FOM_5_00666 (length 373)
prokka_FOM_5/FOM_5:Prokka:FOM_5_00667 (length 223)
prokka_FOM_5/FOM_5:Prokka:FOM_5_00668 (length 585)
prokka_FOM_5/FOM_5:Prokka:FOM_5_00669 (length 577)
prokka_FOM_5/FOM_5:Prokka:FOM_5_00670 (length 334)
prokka_FOM_5/FOM_5:Prokka:FOM_5_00671 (length 489)
prokka_FOM_5/FOM_5:Prokka:FOM_5_00672 (length 204)
prokka_FOM_5/FOM_5:Prokka:FOM_5_00673 (length 315)
prokka_FOM_5/FOM_5:Prokka:FOM_5_00674 (length 287)
prokka_FOM_5/FOM_5:Prokka:FOM_5_15 (length 12059)
prokka_FOM_5/FOM_5:Prokka:FOM_5_00680 (length 498)
prokka_FOM_5/FOM_5:Prokka:FOM_5_00681 (length 367)
prokka_FOM_5/FOM_5:Prokka:FOM_5_00682 (length 457)
prokka_FOM_5/FOM_5:Prokka:FOM_5_00683 (length 180)
prokka_FOM_5/FOM_5:Prokka:FOM_5_00684 (length 92)
prokka_FOM_5/FOM_5:Prokka:FOM_5_00685 (length 180)
prokka_FOM_5/FOM_5:Prokka:FOM_5_00686 (length 295)
prokka_FOM_5/FOM_5:Prokka:FOM_5_00687 (length 335)
prokka_FOM_5/FOM_5:Prokka:FOM_5_00688 (length 239)
prokka_FOM_5/FOM_5:Prokka:FOM_5_00689 (length 562)
prokka_FOM_5/FOM_5:Prokka:FOM_5_00690 (length 317)
prokka_FOM_5/FOM_5:Prokka:FOM_5_16 (length 25078)
prokka_FOM_5/FOM_5:Prokka:FOM_5_00692 (length 119)
prokka_FOM_5/FOM_5:Prokka:FOM_5_00693 (length 1182)
prokka_FOM_5/FOM_5:Prokka:FOM_5_00694 (length 1261)
prokka_FOM_5/FOM_5:Prokka:FOM_5_00695 (length 348)
prokka_FOM_5/FOM_5:Prokka:FOM_5_00696 (length 406)
prokka_FOM_5/FOM_5:Prokka:FOM_5_00697 (length 504)
prokka_FOM_5/FOM_5:Prokka:FOM_5_00698 (length 487)
prokka_FOM_5/FOM_5:Prokka:FOM_5_00699 (length 157)
prokka_FOM_5/FOM_5:Prokka:FOM_5_00700 (length 284)
prokka_FOM_5/FOM_5:Prokka:FOM_5_00701 (length 479)
prokka_FOM_5/FOM_5:Prokka:FOM_5_00702 (length 328)
prokka_FOM_5/FOM_5:Prokka:FOM_5_00703 (length 315)
prokka_FOM_5/FOM_5:Prokka:FOM_5_00704 (length 929)
prokka_FOM_5/FOM_5:Prokka:FOM_5_00705 (length 99)
prokka_FOM_5/FOM_5:Prokka:FOM_5_00706 (length 183)
prokka_FOM_5/FOM_5:Prokka:FOM_5_00707 (length 80)
prokka_FOM_5/FOM_5:Prokka:FOM_5_00708 (length 160)
prokka_FOM_5/FOM_5:Prokka:FOM_5_17 (length 29076)
prokka_FOM_5/FOM_5:Prokka:FOM_5_00711 (length 727)
prokka_FOM_5/FOM_5:Prokka:FOM_5_00712 (length 371)
prokka_FOM_5/FOM_5:Prokka:FOM_5_00713 (length 172)
prokka_FOM_5/FOM_5:Prokka:FOM_5_00714 (length 162)
prokka_FOM_5/FOM_5:Prokka:FOM_5_00715 (length 423)
prokka_FOM_5/FOM_5:Prokka:FOM_5_00716 (length 338)
prokka_FOM_5/FOM_5:Prokka:FOM_5_00717 (length 256)
prokka_FOM_5/FOM_5:Prokka:FOM_5_00718 (length 159)
prokka_FOM_5/FOM_5:Prokka:FOM_5_00719 (length 109)
prokka_FOM_5/FOM_5:Prokka:FOM_5_00720 (length 346)
prokka_FOM_5/FOM_5:Prokka:FOM_5_00721 (length 807)
prokka_FOM_5/FOM_5:Prokka:FOM_5_00722 (length 403)
prokka_FOM_5/FOM_5:Prokka:FOM_5_00723 (length 609)
prokka_FOM_5/FOM_5:Prokka:FOM_5_00724 (length 161)
prokka_FOM_5/FOM_5:Prokka:FOM_5_00725 (length 882)
prokka_FOM_5/FOM_5:Prokka:FOM_5_00726 (length 683)
prokka_FOM_5/FOM_5:Prokka:FOM_5_00727 (length 183)
prokka_FOM_5/FOM_5:Prokka:FOM_5_00728 (length 233)
prokka_FOM_5/FOM_5:Prokka:FOM_5_00729 (length 68)
prokka_FOM_5/FOM_5:Prokka:FOM_5_00730 (length 325)
prokka_FOM_5/FOM_5:Prokka:FOM_5_00731 (length 310)
prokka_FOM_5/FOM_5:Prokka:FOM_5_00732 (length 44)
prokka_FOM_5/FOM_5:Prokka:FOM_5_00733 (length 282)
prokka_FOM_5/FOM_5:Prokka:FOM_5_00734 (length 63)
prokka_FOM_5/FOM_5:Prokka:FOM_5_00735 (length 197)
prokka_FOM_5/FOM_5:Prokka:FOM_5_18 (length 50902)
prokka_FOM_5/FOM_5:Prokka:FOM_5_00736 (length 456)
prokka_FOM_5/FOM_5:Prokka:FOM_5_00740 (length 246)
prokka_FOM_5/FOM_5:Prokka:FOM_5_00741 (length 220)
prokka_FOM_5/FOM_5:Prokka:FOM_5_00742 (length 293)
prokka_FOM_5/FOM_5:Prokka:FOM_5_00743 (length 157)
prokka_FOM_5/FOM_5:Prokka:FOM_5_00744 (length 627)
prokka_FOM_5/FOM_5:Prokka:FOM_5_00745 (length 154)
prokka_FOM_5/FOM_5:Prokka:FOM_5_00746 (length 315)
prokka_FOM_5/FOM_5:Prokka:FOM_5_00747 (length 231)
prokka_FOM_5/FOM_5:Prokka:FOM_5_00748 (length 260)
prokka_FOM_5/FOM_5:Prokka:FOM_5_00749 (length 543)
prokka_FOM_5/FOM_5:Prokka:FOM_5_00750 (length 457)
prokka_FOM_5/FOM_5:Prokka:FOM_5_00751 (length 171)
prokka_FOM_5/FOM_5:Prokka:FOM_5_00752 (length 361)
prokka_FOM_5/FOM_5:Prokka:FOM_5_00753 (length 324)
prokka_FOM_5/FOM_5:Prokka:FOM_5_00754 (length 425)
prokka_FOM_5/FOM_5:Prokka:FOM_5_00755 (length 555)
prokka_FOM_5/FOM_5:Prokka:FOM_5_00756 (length 237)
prokka_FOM_5/FOM_5:Prokka:FOM_5_00757 (length 477)
prokka_FOM_5/FOM_5:Prokka:FOM_5_00758 (length 282)
prokka_FOM_5/FOM_5:Prokka:FOM_5_00759 (length 419)
prokka_FOM_5/FOM_5:Prokka:FOM_5_00760 (length 71)
prokka_FOM_5/FOM_5:Prokka:FOM_5_00761 (length 75)
prokka_FOM_5/FOM_5:Prokka:FOM_5_00762 (length 467)
prokka_FOM_5/FOM_5:Prokka:FOM_5_00763 (length 243)
prokka_FOM_5/FOM_5:Prokka:FOM_5_00764 (length 487)
prokka_FOM_5/FOM_5:Prokka:FOM_5_00765 (length 282)
prokka_FOM_5/FOM_5:Prokka:FOM_5_00766 (length 353)
prokka_FOM_5/FOM_5:Prokka:FOM_5_00767 (length 310)
prokka_FOM_5/FOM_5:Prokka:FOM_5_00768 (length 304)
prokka_FOM_5/FOM_5:Prokka:FOM_5_00769 (length 46)
prokka_FOM_5/FOM_5:Prokka:FOM_5_00770 (length 502)
prokka_FOM_5/FOM_5:Prokka:FOM_5_00771 (length 291)
prokka_FOM_5/FOM_5:Prokka:FOM_5_00772 (length 48)
prokka_FOM_5/FOM_5:Prokka:FOM_5_00773 (length 436)
prokka_FOM_5/FOM_5:Prokka:FOM_5_00774 (length 375)
prokka_FOM_5/FOM_5:Prokka:FOM_5_00775 (length 367)
prokka_FOM_5/FOM_5:Prokka:FOM_5_00776 (length 164)
prokka_FOM_5/FOM_5:Prokka:FOM_5_00777 (length 239)
prokka_FOM_5/FOM_5:Prokka:FOM_5_00778 (length 224)
prokka_FOM_5/FOM_5:Prokka:FOM_5_00779 (length 461)
prokka_FOM_5/FOM_5:Prokka:FOM_5_00780 (length 310)
prokka_FOM_5/FOM_5:Prokka:FOM_5_00781 (length 214)
prokka_FOM_5/FOM_5:Prokka:FOM_5_00782 (length 243)
prokka_FOM_5/FOM_5:Prokka:FOM_5_00783 (length 819)
prokka_FOM_5/FOM_5:Prokka:FOM_5_19 (length 54135)
prokka_FOM_5/FOM_5:Prokka:FOM_5_00784 (length 494)
prokka_FOM_5/FOM_5:Prokka:FOM_5_00785 (length 297)
prokka_FOM_5/FOM_5:Prokka:FOM_5_00786 (length 687)
prokka_FOM_5/FOM_5:Prokka:FOM_5_00787 (length 198)
prokka_FOM_5/FOM_5:Prokka:FOM_5_00788 (length 325)
prokka_FOM_5/FOM_5:Prokka:FOM_5_00789 (length 124)
prokka_FOM_5/FOM_5:Prokka:FOM_5_00790 (length 91)
prokka_FOM_5/FOM_5:Prokka:FOM_5_00791 (length 529)
prokka_FOM_5/FOM_5:Prokka:FOM_5_00792 (length 1172)
prokka_FOM_5/FOM_5:Prokka:FOM_5_00793 (length 188)
prokka_FOM_5/FOM_5:Prokka:FOM_5_00794 (length 52)
prokka_FOM_5/FOM_5:Prokka:FOM_5_00795 (length 559)
prokka_FOM_5/FOM_5:Prokka:FOM_5_00796 (length 803)
prokka_FOM_5/FOM_5:Prokka:FOM_5_00797 (length 476)
prokka_FOM_5/FOM_5:Prokka:FOM_5_00798 (length 374)
prokka_FOM_5/FOM_5:Prokka:FOM_5_00799 (length 387)
prokka_FOM_5/FOM_5:Prokka:FOM_5_00800 (length 626)
prokka_FOM_5/FOM_5:Prokka:FOM_5_00801 (length 57)
prokka_FOM_5/FOM_5:Prokka:FOM_5_00802 (length 1105)
prokka_FOM_5/FOM_5:Prokka:FOM_5_00803 (length 200)
prokka_FOM_5/FOM_5:Prokka:FOM_5_00804 (length 214)
prokka_FOM_5/FOM_5:Prokka:FOM_5_00805 (length 365)
prokka_FOM_5/FOM_5:Prokka:FOM_5_00806 (length 444)
prokka_FOM_5/FOM_5:Prokka:FOM_5_00807 (length 460)
prokka_FOM_5/FOM_5:Prokka:FOM_5_00808 (length 110)
prokka_FOM_5/FOM_5:Prokka:FOM_5_00809 (length 153)
prokka_FOM_5/FOM_5:Prokka:FOM_5_00810 (length 306)
prokka_FOM_5/FOM_5:Prokka:FOM_5_00811 (length 502)
prokka_FOM_5/FOM_5:Prokka:FOM_5_00812 (length 461)
prokka_FOM_5/FOM_5:Prokka:FOM_5_00813 (length 407)
prokka_FOM_5/FOM_5:Prokka:FOM_5_00814 (length 482)
prokka_FOM_5/FOM_5:Prokka:FOM_5_00815 (length 562)
prokka_FOM_5/FOM_5:Prokka:FOM_5_00816 (length 131)
prokka_FOM_5/FOM_5:Prokka:FOM_5_00817 (length 316)
prokka_FOM_5/FOM_5:Prokka:FOM_5_00818 (length 296)
prokka_FOM_5/FOM_5:Prokka:FOM_5_00819 (length 255)
prokka_FOM_5/FOM_5:Prokka:FOM_5_00820 (length 152)
prokka_FOM_5/FOM_5:Prokka:FOM_5_00821 (length 187)
prokka_FOM_5/FOM_5:Prokka:FOM_5_00822 (length 283)
prokka_FOM_5/FOM_5:Prokka:FOM_5_00823 (length 312)
prokka_FOM_5/FOM_5:Prokka:FOM_5_00824 (length 212)
prokka_FOM_5/FOM_5:Prokka:FOM_5_00825 (length 110)
prokka_FOM_5/FOM_5:Prokka:FOM_5_00826 (length 87)
prokka_FOM_5/FOM_5:Prokka:FOM_5_00827 (length 245)
prokka_FOM_5/FOM_5:Prokka:FOM_5_20 (length 13600)
prokka_FOM_5/FOM_5:Prokka:FOM_5_00828 (length 293)
prokka_FOM_5/FOM_5:Prokka:FOM_5_00829 (length 680)
prokka_FOM_5/FOM_5:Prokka:FOM_5_00830 (length 135)
prokka_FOM_5/FOM_5:Prokka:FOM_5_00831 (length 844)
prokka_FOM_5/FOM_5:Prokka:FOM_5_00832 (length 240)
prokka_FOM_5/FOM_5:Prokka:FOM_5_00833 (length 464)
prokka_FOM_5/FOM_5:Prokka:FOM_5_00834 (length 326)
prokka_FOM_5/FOM_5:Prokka:FOM_5_00835 (length 1057)
prokka_FOM_5/FOM_5:Prokka:FOM_5_21 (length 60093)
prokka_FOM_5/FOM_5:Prokka:FOM_5_00836 (length 233)
prokka_FOM_5/FOM_5:Prokka:FOM_5_00837 (length 629)
prokka_FOM_5/FOM_5:Prokka:FOM_5_00838 (length 441)
prokka_FOM_5/FOM_5:Prokka:FOM_5_00839 (length 270)
prokka_FOM_5/FOM_5:Prokka:FOM_5_00840 (length 266)
prokka_FOM_5/FOM_5:Prokka:FOM_5_00841 (length 430)
prokka_FOM_5/FOM_5:Prokka:FOM_5_00842 (length 145)
prokka_FOM_5/FOM_5:Prokka:FOM_5_00843 (length 452)
prokka_FOM_5/FOM_5:Prokka:FOM_5_00844 (length 278)
prokka_FOM_5/FOM_5:Prokka:FOM_5_00845 (length 197)
prokka_FOM_5/FOM_5:Prokka:FOM_5_00846 (length 264)
prokka_FOM_5/FOM_5:Prokka:FOM_5_00847 (length 536)
prokka_FOM_5/FOM_5:Prokka:FOM_5_00848 (length 420)
prokka_FOM_5/FOM_5:Prokka:FOM_5_00849 (length 524)
prokka_FOM_5/FOM_5:Prokka:FOM_5_00850 (length 494)
prokka_FOM_5/FOM_5:Prokka:FOM_5_00851 (length 120)
prokka_FOM_5/FOM_5:Prokka:FOM_5_00852 (length 442)
prokka_FOM_5/FOM_5:Prokka:FOM_5_00853 (length 49)
prokka_FOM_5/FOM_5:Prokka:FOM_5_00854 (length 513)
prokka_FOM_5/FOM_5:Prokka:FOM_5_00855 (length 408)
prokka_FOM_5/FOM_5:Prokka:FOM_5_00856 (length 79)
prokka_FOM_5/FOM_5:Prokka:FOM_5_00857 (length 417)
prokka_FOM_5/FOM_5:Prokka:FOM_5_00858 (length 357)
prokka_FOM_5/FOM_5:Prokka:FOM_5_00859 (length 379)
prokka_FOM_5/FOM_5:Prokka:FOM_5_00860 (length 282)
prokka_FOM_5/FOM_5:Prokka:FOM_5_00861 (length 766)
prokka_FOM_5/FOM_5:Prokka:FOM_5_00862 (length 339)
prokka_FOM_5/FOM_5:Prokka:FOM_5_00863 (length 309)
prokka_FOM_5/FOM_5:Prokka:FOM_5_00864 (length 413)
prokka_FOM_5/FOM_5:Prokka:FOM_5_00865 (length 519)
prokka_FOM_5/FOM_5:Prokka:FOM_5_00866 (length 264)
prokka_FOM_5/FOM_5:Prokka:FOM_5_00867 (length 260)
prokka_FOM_5/FOM_5:Prokka:FOM_5_00868 (length 255)
prokka_FOM_5/FOM_5:Prokka:FOM_5_00869 (length 310)
prokka_FOM_5/FOM_5:Prokka:FOM_5_00870 (length 478)
prokka_FOM_5/FOM_5:Prokka:FOM_5_00871 (length 636)
prokka_FOM_5/FOM_5:Prokka:FOM_5_00872 (length 440)
prokka_FOM_5/FOM_5:Prokka:FOM_5_00873 (length 318)
prokka_FOM_5/FOM_5:Prokka:FOM_5_00874 (length 161)
prokka_FOM_5/FOM_5:Prokka:FOM_5_00875 (length 77)
prokka_FOM_5/FOM_5:Prokka:FOM_5_00876 (length 454)
prokka_FOM_5/FOM_5:Prokka:FOM_5_00877 (length 456)
prokka_FOM_5/FOM_5:Prokka:FOM_5_00878 (length 298)
prokka_FOM_5/FOM_5:Prokka:FOM_5_00879 (length 186)
prokka_FOM_5/FOM_5:Prokka:FOM_5_00880 (length 268)
prokka_FOM_5/FOM_5:Prokka:FOM_5_00881 (length 717)
prokka_FOM_5/FOM_5:Prokka:FOM_5_00882 (length 664)
prokka_FOM_5/FOM_5:Prokka:FOM_5_00883 (length 138)
prokka_FOM_5/FOM_5:Prokka:FOM_5_00884 (length 109)
prokka_FOM_5/FOM_5:Prokka:FOM_5_00885 (length 75)
prokka_FOM_5/FOM_5:Prokka:FOM_5_22 (length 183094)
prokka_FOM_5/FOM_5:Prokka:FOM_5_00886 (length 597)
prokka_FOM_5/FOM_5:Prokka:FOM_5_00887 (length 248)
prokka_FOM_5/FOM_5:Prokka:FOM_5_00888 (length 385)
prokka_FOM_5/FOM_5:Prokka:FOM_5_00889 (length 559)
prokka_FOM_5/FOM_5:Prokka:FOM_5_00890 (length 266)
prokka_FOM_5/FOM_5:Prokka:FOM_5_00891 (length 368)
prokka_FOM_5/FOM_5:Prokka:FOM_5_00892 (length 361)
prokka_FOM_5/FOM_5:Prokka:FOM_5_00893 (length 146)
prokka_FOM_5/FOM_5:Prokka:FOM_5_00894 (length 206)
prokka_FOM_5/FOM_5:Prokka:FOM_5_00895 (length 458)
prokka_FOM_5/FOM_5:Prokka:FOM_5_00896 (length 215)
prokka_FOM_5/FOM_5:Prokka:FOM_5_00897 (length 258)
prokka_FOM_5/FOM_5:Prokka:FOM_5_00898 (length 541)
prokka_FOM_5/FOM_5:Prokka:FOM_5_00899 (length 107)
prokka_FOM_5/FOM_5:Prokka:FOM_5_00900 (length 109)
prokka_FOM_5/FOM_5:Prokka:FOM_5_00901 (length 93)
prokka_FOM_5/FOM_5:Prokka:FOM_5_00902 (length 350)
prokka_FOM_5/FOM_5:Prokka:FOM_5_00903 (length 305)
prokka_FOM_5/FOM_5:Prokka:FOM_5_00904 (length 2407)
prokka_FOM_5/FOM_5:Prokka:FOM_5_00905 (length 1157)
prokka_FOM_5/FOM_5:Prokka:FOM_5_00906 (length 395)
prokka_FOM_5/FOM_5:Prokka:FOM_5_00907 (length 290)
prokka_FOM_5/FOM_5:Prokka:FOM_5_00908 (length 305)
prokka_FOM_5/FOM_5:Prokka:FOM_5_00909 (length 297)
prokka_FOM_5/FOM_5:Prokka:FOM_5_00910 (length 274)
prokka_FOM_5/FOM_5:Prokka:FOM_5_00911 (length 252)
prokka_FOM_5/FOM_5:Prokka:FOM_5_00912 (length 224)
prokka_FOM_5/FOM_5:Prokka:FOM_5_00913 (length 268)
prokka_FOM_5/FOM_5:Prokka:FOM_5_00914 (length 8210)
prokka_FOM_5/FOM_5:Prokka:FOM_5_00915 (length 346)
prokka_FOM_5/FOM_5:Prokka:FOM_5_00916 (length 183)
prokka_FOM_5/FOM_5:Prokka:FOM_5_00917 (length 280)
prokka_FOM_5/FOM_5:Prokka:FOM_5_00918 (length 523)
prokka_FOM_5/FOM_5:Prokka:FOM_5_00919 (length 69)
prokka_FOM_5/FOM_5:Prokka:FOM_5_00920 (length 146)
prokka_FOM_5/FOM_5:Prokka:FOM_5_00921 (length 608)
prokka_FOM_5/FOM_5:Prokka:FOM_5_00922 (length 428)
prokka_FOM_5/FOM_5:Prokka:FOM_5_00923 (length 92)
prokka_FOM_5/FOM_5:Prokka:FOM_5_00924 (length 151)
prokka_FOM_5/FOM_5:Prokka:FOM_5_00925 (length 93)
prokka_FOM_5/FOM_5:Prokka:FOM_5_00926 (length 206)
prokka_FOM_5/FOM_5:Prokka:FOM_5_00927 (length 419)
prokka_FOM_5/FOM_5:Prokka:FOM_5_00928 (length 164)
prokka_FOM_5/FOM_5:Prokka:FOM_5_00929 (length 495)
prokka_FOM_5/FOM_5:Prokka:FOM_5_00930 (length 181)
prokka_FOM_5/FOM_5:Prokka:FOM_5_00931 (length 419)
prokka_FOM_5/FOM_5:Prokka:FOM_5_00932 (length 195)
prokka_FOM_5/FOM_5:Prokka:FOM_5_00933 (length 365)
prokka_FOM_5/FOM_5:Prokka:FOM_5_00934 (length 2627)
prokka_FOM_5/FOM_5:Prokka:FOM_5_00935 (length 226)
prokka_FOM_5/FOM_5:Prokka:FOM_5_00936 (length 372)
prokka_FOM_5/FOM_5:Prokka:FOM_5_00937 (length 190)
prokka_FOM_5/FOM_5:Prokka:FOM_5_00938 (length 366)
prokka_FOM_5/FOM_5:Prokka:FOM_5_00939 (length 835)
prokka_FOM_5/FOM_5:Prokka:FOM_5_00940 (length 693)
prokka_FOM_5/FOM_5:Prokka:FOM_5_00941 (length 253)
prokka_FOM_5/FOM_5:Prokka:FOM_5_00943 (length 255)
prokka_FOM_5/FOM_5:Prokka:FOM_5_00944 (length 217)
prokka_FOM_5/FOM_5:Prokka:FOM_5_00945 (length 204)
prokka_FOM_5/FOM_5:Prokka:FOM_5_00946 (length 131)
prokka_FOM_5/FOM_5:Prokka:FOM_5_00947 (length 103)
prokka_FOM_5/FOM_5:Prokka:FOM_5_00948 (length 120)
prokka_FOM_5/FOM_5:Prokka:FOM_5_00949 (length 99)
prokka_FOM_5/FOM_5:Prokka:FOM_5_00950 (length 96)
prokka_FOM_5/FOM_5:Prokka:FOM_5_00951 (length 887)
prokka_FOM_5/FOM_5:Prokka:FOM_5_00952 (length 250)
prokka_FOM_5/FOM_5:Prokka:FOM_5_00953 (length 436)
prokka_FOM_5/FOM_5:Prokka:FOM_5_00954 (length 644)
prokka_FOM_5/FOM_5:Prokka:FOM_5_00955 (length 233)
prokka_FOM_5/FOM_5:Prokka:FOM_5_00956 (length 107)
prokka_FOM_5/FOM_5:Prokka:FOM_5_00957 (length 652)
prokka_FOM_5/FOM_5:Prokka:FOM_5_00958 (length 91)
prokka_FOM_5/FOM_5:Prokka:FOM_5_00959 (length 539)
prokka_FOM_5/FOM_5:Prokka:FOM_5_00960 (length 610)
prokka_FOM_5/FOM_5:Prokka:FOM_5_00961 (length 327)
prokka_FOM_5/FOM_5:Prokka:FOM_5_00962 (length 382)
prokka_FOM_5/FOM_5:Prokka:FOM_5_00963 (length 175)
prokka_FOM_5/FOM_5:Prokka:FOM_5_00964 (length 391)
prokka_FOM_5/FOM_5:Prokka:FOM_5_00965 (length 104)
prokka_FOM_5/FOM_5:Prokka:FOM_5_00966 (length 221)
prokka_FOM_5/FOM_5:Prokka:FOM_5_00967 (length 195)
prokka_FOM_5/FOM_5:Prokka:FOM_5_00968 (length 123)
prokka_FOM_5/FOM_5:Prokka:FOM_5_00969 (length 248)
prokka_FOM_5/FOM_5:Prokka:FOM_5_00970 (length 397)
prokka_FOM_5/FOM_5:Prokka:FOM_5_00971 (length 180)
prokka_FOM_5/FOM_5:Prokka:FOM_5_00972 (length 880)
prokka_FOM_5/FOM_5:Prokka:FOM_5_00973 (length 665)
prokka_FOM_5/FOM_5:Prokka:FOM_5_00974 (length 150)
prokka_FOM_5/FOM_5:Prokka:FOM_5_00975 (length 608)
prokka_FOM_5/FOM_5:Prokka:FOM_5_00976 (length 256)
prokka_FOM_5/FOM_5:Prokka:FOM_5_00977 (length 114)
prokka_FOM_5/FOM_5:Prokka:FOM_5_00978 (length 432)
prokka_FOM_5/FOM_5:Prokka:FOM_5_00979 (length 1194)
prokka_FOM_5/FOM_5:Prokka:FOM_5_00980 (length 607)
prokka_FOM_5/FOM_5:Prokka:FOM_5_00981 (length 91)
prokka_FOM_5/FOM_5:Prokka:FOM_5_00982 (length 86)
prokka_FOM_5/FOM_5:Prokka:FOM_5_00983 (length 331)
prokka_FOM_5/FOM_5:Prokka:FOM_5_00984 (length 98)
prokka_FOM_5/FOM_5:Prokka:FOM_5_00985 (length 4560)
prokka_FOM_5/FOM_5:Prokka:FOM_5_00986 (length 36)
prokka_FOM_5/FOM_5:Prokka:FOM_5_00987 (length 341)
prokka_FOM_5/FOM_5:Prokka:FOM_5_00988 (length 248)
prokka_FOM_5/FOM_5:Prokka:FOM_5_00989 (length 606)
prokka_FOM_5/FOM_5:Prokka:FOM_5_00990 (length 57)
prokka_FOM_5/FOM_5:Prokka:FOM_5_00991 (length 63)
prokka_FOM_5/FOM_5:Prokka:FOM_5_00992 (length 658)
prokka_FOM_5/FOM_5:Prokka:FOM_5_00993 (length 233)
prokka_FOM_5/FOM_5:Prokka:FOM_5_00994 (length 242)
prokka_FOM_5/FOM_5:Prokka:FOM_5_00995 (length 92)
prokka_FOM_5/FOM_5:Prokka:FOM_5_00996 (length 91)
prokka_FOM_5/FOM_5:Prokka:FOM_5_00997 (length 485)
prokka_FOM_5/FOM_5:Prokka:FOM_5_00998 (length 219)
prokka_FOM_5/FOM_5:Prokka:FOM_5_00999 (length 156)
prokka_FOM_5/FOM_5:Prokka:FOM_5_01000 (length 306)
prokka_FOM_5/FOM_5:Prokka:FOM_5_01001 (length 179)
prokka_FOM_5/FOM_5:Prokka:FOM_5_01002 (length 296)
prokka_FOM_5/FOM_5:Prokka:FOM_5_01003 (length 421)
prokka_FOM_5/FOM_5:Prokka:FOM_5_01004 (length 72)
prokka_FOM_5/FOM_5:Prokka:FOM_5_01005 (length 287)
prokka_FOM_5/FOM_5:Prokka:FOM_5_01006 (length 282)
prokka_FOM_5/FOM_5:Prokka:FOM_5_01007 (length 149)
prokka_FOM_5/FOM_5:Prokka:FOM_5_01008 (length 562)
prokka_FOM_5/FOM_5:Prokka:FOM_5_01009 (length 520)
prokka_FOM_5/FOM_5:Prokka:FOM_5_01010 (length 205)
prokka_FOM_5/FOM_5:Prokka:FOM_5_01011 (length 71)
prokka_FOM_5/FOM_5:Prokka:FOM_5_23 (length 25891)
prokka_FOM_5/FOM_5:Prokka:FOM_5_01012 (length 95)
prokka_FOM_5/FOM_5:Prokka:FOM_5_01013 (length 317)
prokka_FOM_5/FOM_5:Prokka:FOM_5_01014 (length 176)
prokka_FOM_5/FOM_5:Prokka:FOM_5_01015 (length 260)
prokka_FOM_5/FOM_5:Prokka:FOM_5_01016 (length 67)
prokka_FOM_5/FOM_5:Prokka:FOM_5_01017 (length 444)
prokka_FOM_5/FOM_5:Prokka:FOM_5_01018 (length 167)
prokka_FOM_5/FOM_5:Prokka:FOM_5_01019 (length 445)
prokka_FOM_5/FOM_5:Prokka:FOM_5_01020 (length 331)
prokka_FOM_5/FOM_5:Prokka:FOM_5_01021 (length 254)
prokka_FOM_5/FOM_5:Prokka:FOM_5_01022 (length 257)
prokka_FOM_5/FOM_5:Prokka:FOM_5_01023 (length 190)
prokka_FOM_5/FOM_5:Prokka:FOM_5_01024 (length 328)
prokka_FOM_5/FOM_5:Prokka:FOM_5_01026 (length 54)
prokka_FOM_5/FOM_5:Prokka:FOM_5_01027 (length 81)
prokka_FOM_5/FOM_5:Prokka:FOM_5_01028 (length 78)
prokka_FOM_5/FOM_5:Prokka:FOM_5_01029 (length 55)
prokka_FOM_5/FOM_5:Prokka:FOM_5_01030 (length 403)
prokka_FOM_5/FOM_5:Prokka:FOM_5_01031 (length 259)
prokka_FOM_5/FOM_5:Prokka:FOM_5_01032 (length 45)
prokka_FOM_5/FOM_5:Prokka:FOM_5_01033 (length 163)
prokka_FOM_5/FOM_5:Prokka:FOM_5_01034 (length 233)
prokka_FOM_5/FOM_5:Prokka:FOM_5_01035 (length 206)
prokka_FOM_5/FOM_5:Prokka:FOM_5_01036 (length 350)
prokka_FOM_5/FOM_5:Prokka:FOM_5_01037 (length 99)
prokka_FOM_5/FOM_5:Prokka:FOM_5_01038 (length 449)
prokka_FOM_5/FOM_5:Prokka:FOM_5_01039 (length 692)
prokka_FOM_5/FOM_5:Prokka:FOM_5_01040 (length 456)
prokka_FOM_5/FOM_5:Prokka:FOM_5_24 (length 154559)
prokka_FOM_5/FOM_5:Prokka:FOM_5_01041 (length 35)
prokka_FOM_5/FOM_5:Prokka:FOM_5_01042 (length 255)
prokka_FOM_5/FOM_5:Prokka:FOM_5_01043 (length 200)
prokka_FOM_5/FOM_5:Prokka:FOM_5_01044 (length 389)
prokka_FOM_5/FOM_5:Prokka:FOM_5_01045 (length 560)
prokka_FOM_5/FOM_5:Prokka:FOM_5_01046 (length 280)
prokka_FOM_5/FOM_5:Prokka:FOM_5_01047 (length 828)
prokka_FOM_5/FOM_5:Prokka:FOM_5_01048 (length 190)
prokka_FOM_5/FOM_5:Prokka:FOM_5_01049 (length 52)
prokka_FOM_5/FOM_5:Prokka:FOM_5_01050 (length 190)
prokka_FOM_5/FOM_5:Prokka:FOM_5_01051 (length 606)
prokka_FOM_5/FOM_5:Prokka:FOM_5_01052 (length 383)
prokka_FOM_5/FOM_5:Prokka:FOM_5_01053 (length 338)
prokka_FOM_5/FOM_5:Prokka:FOM_5_01054 (length 578)
prokka_FOM_5/FOM_5:Prokka:FOM_5_01055 (length 130)
prokka_FOM_5/FOM_5:Prokka:FOM_5_01056 (length 147)
prokka_FOM_5/FOM_5:Prokka:FOM_5_01057 (length 249)
prokka_FOM_5/FOM_5:Prokka:FOM_5_01058 (length 266)
prokka_FOM_5/FOM_5:Prokka:FOM_5_01059 (length 288)
prokka_FOM_5/FOM_5:Prokka:FOM_5_01060 (length 280)
prokka_FOM_5/FOM_5:Prokka:FOM_5_01061 (length 197)
prokka_FOM_5/FOM_5:Prokka:FOM_5_01062 (length 558)
prokka_FOM_5/FOM_5:Prokka:FOM_5_01063 (length 314)
prokka_FOM_5/FOM_5:Prokka:FOM_5_01064 (length 284)
prokka_FOM_5/FOM_5:Prokka:FOM_5_01065 (length 245)
prokka_FOM_5/FOM_5:Prokka:FOM_5_01066 (length 288)
prokka_FOM_5/FOM_5:Prokka:FOM_5_01067 (length 121)
prokka_FOM_5/FOM_5:Prokka:FOM_5_01068 (length 168)
prokka_FOM_5/FOM_5:Prokka:FOM_5_01069 (length 230)
prokka_FOM_5/FOM_5:Prokka:FOM_5_01070 (length 141)
prokka_FOM_5/FOM_5:Prokka:FOM_5_01071 (length 184)
prokka_FOM_5/FOM_5:Prokka:FOM_5_01072 (length 56)
prokka_FOM_5/FOM_5:Prokka:FOM_5_01073 (length 49)
prokka_FOM_5/FOM_5:Prokka:FOM_5_01074 (length 181)
prokka_FOM_5/FOM_5:Prokka:FOM_5_01075 (length 298)
prokka_FOM_5/FOM_5:Prokka:FOM_5_01076 (length 142)
prokka_FOM_5/FOM_5:Prokka:FOM_5_01077 (length 159)
prokka_FOM_5/FOM_5:Prokka:FOM_5_01078 (length 284)
prokka_FOM_5/FOM_5:Prokka:FOM_5_01079 (length 372)
prokka_FOM_5/FOM_5:Prokka:FOM_5_01080 (length 382)
prokka_FOM_5/FOM_5:Prokka:FOM_5_01081 (length 471)
prokka_FOM_5/FOM_5:Prokka:FOM_5_01082 (length 1145)
prokka_FOM_5/FOM_5:Prokka:FOM_5_01083 (length 319)
prokka_FOM_5/FOM_5:Prokka:FOM_5_01084 (length 473)
prokka_FOM_5/FOM_5:Prokka:FOM_5_01085 (length 464)
prokka_FOM_5/FOM_5:Prokka:FOM_5_01086 (length 464)
prokka_FOM_5/FOM_5:Prokka:FOM_5_01087 (length 294)
prokka_FOM_5/FOM_5:Prokka:FOM_5_01088 (length 156)
prokka_FOM_5/FOM_5:Prokka:FOM_5_01089 (length 314)
prokka_FOM_5/FOM_5:Prokka:FOM_5_01090 (length 283)
prokka_FOM_5/FOM_5:Prokka:FOM_5_01091 (length 274)
prokka_FOM_5/FOM_5:Prokka:FOM_5_01092 (length 494)
prokka_FOM_5/FOM_5:Prokka:FOM_5_01093 (length 224)
prokka_FOM_5/FOM_5:Prokka:FOM_5_01094 (length 276)
prokka_FOM_5/FOM_5:Prokka:FOM_5_01095 (length 349)
prokka_FOM_5/FOM_5:Prokka:FOM_5_01096 (length 231)
prokka_FOM_5/FOM_5:Prokka:FOM_5_01097 (length 299)
prokka_FOM_5/FOM_5:Prokka:FOM_5_01098 (length 69)
prokka_FOM_5/FOM_5:Prokka:FOM_5_01099 (length 71)
prokka_FOM_5/FOM_5:Prokka:FOM_5_01100 (length 128)
prokka_FOM_5/FOM_5:Prokka:FOM_5_01101 (length 314)
prokka_FOM_5/FOM_5:Prokka:FOM_5_01102 (length 128)
prokka_FOM_5/FOM_5:Prokka:FOM_5_01103 (length 121)
prokka_FOM_5/FOM_5:Prokka:FOM_5_01104 (length 39)
prokka_FOM_5/FOM_5:Prokka:FOM_5_01105 (length 71)
prokka_FOM_5/FOM_5:Prokka:FOM_5_01106 (length 189)
prokka_FOM_5/FOM_5:Prokka:FOM_5_01107 (length 435)
prokka_FOM_5/FOM_5:Prokka:FOM_5_01108 (length 144)
prokka_FOM_5/FOM_5:Prokka:FOM_5_01109 (length 61)
prokka_FOM_5/FOM_5:Prokka:FOM_5_01110 (length 167)
prokka_FOM_5/FOM_5:Prokka:FOM_5_01111 (length 118)
prokka_FOM_5/FOM_5:Prokka:FOM_5_01112 (length 178)
prokka_FOM_5/FOM_5:Prokka:FOM_5_01113 (length 132)
prokka_FOM_5/FOM_5:Prokka:FOM_5_01114 (length 180)
prokka_FOM_5/FOM_5:Prokka:FOM_5_01115 (length 102)
prokka_FOM_5/FOM_5:Prokka:FOM_5_01116 (length 122)
prokka_FOM_5/FOM_5:Prokka:FOM_5_01117 (length 88)
prokka_FOM_5/FOM_5:Prokka:FOM_5_01118 (length 68)
prokka_FOM_5/FOM_5:Prokka:FOM_5_01119 (length 139)
prokka_FOM_5/FOM_5:Prokka:FOM_5_01120 (length 222)
prokka_FOM_5/FOM_5:Prokka:FOM_5_01121 (length 115)
prokka_FOM_5/FOM_5:Prokka:FOM_5_01122 (length 93)
prokka_FOM_5/FOM_5:Prokka:FOM_5_01123 (length 277)
prokka_FOM_5/FOM_5:Prokka:FOM_5_01124 (length 95)
prokka_FOM_5/FOM_5:Prokka:FOM_5_01125 (length 207)
prokka_FOM_5/FOM_5:Prokka:FOM_5_01126 (length 208)
prokka_FOM_5/FOM_5:Prokka:FOM_5_01127 (length 102)
prokka_FOM_5/FOM_5:Prokka:FOM_5_01128 (length 329)
prokka_FOM_5/FOM_5:Prokka:FOM_5_01129 (length 340)
prokka_FOM_5/FOM_5:Prokka:FOM_5_01130 (length 148)
prokka_FOM_5/FOM_5:Prokka:FOM_5_01131 (length 183)
prokka_FOM_5/FOM_5:Prokka:FOM_5_01132 (length 240)
prokka_FOM_5/FOM_5:Prokka:FOM_5_01133 (length 330)
prokka_FOM_5/FOM_5:Prokka:FOM_5_01134 (length 247)
prokka_FOM_5/FOM_5:Prokka:FOM_5_01135 (length 291)
prokka_FOM_5/FOM_5:Prokka:FOM_5_01136 (length 336)
prokka_FOM_5/FOM_5:Prokka:FOM_5_01137 (length 109)
prokka_FOM_5/FOM_5:Prokka:FOM_5_01138 (length 214)
prokka_FOM_5/FOM_5:Prokka:FOM_5_01139 (length 71)
prokka_FOM_5/FOM_5:Prokka:FOM_5_01140 (length 86)
prokka_FOM_5/FOM_5:Prokka:FOM_5_01141 (length 199)
prokka_FOM_5/FOM_5:Prokka:FOM_5_01142 (length 102)
prokka_FOM_5/FOM_5:Prokka:FOM_5_01143 (length 610)
prokka_FOM_5/FOM_5:Prokka:FOM_5_01144 (length 181)
prokka_FOM_5/FOM_5:Prokka:FOM_5_01145 (length 205)
prokka_FOM_5/FOM_5:Prokka:FOM_5_01146 (length 184)
prokka_FOM_5/FOM_5:Prokka:FOM_5_01147 (length 390)
prokka_FOM_5/FOM_5:Prokka:FOM_5_01148 (length 321)
prokka_FOM_5/FOM_5:Prokka:FOM_5_01149 (length 137)
prokka_FOM_5/FOM_5:Prokka:FOM_5_01150 (length 63)
prokka_FOM_5/FOM_5:Prokka:FOM_5_01151 (length 162)
prokka_FOM_5/FOM_5:Prokka:FOM_5_01152 (length 601)
prokka_FOM_5/FOM_5:Prokka:FOM_5_01153 (length 166)
prokka_FOM_5/FOM_5:Prokka:FOM_5_01154 (length 420)
prokka_FOM_5/FOM_5:Prokka:FOM_5_01155 (length 280)
prokka_FOM_5/FOM_5:Prokka:FOM_5_01156 (length 133)
prokka_FOM_5/FOM_5:Prokka:FOM_5_01157 (length 282)
prokka_FOM_5/FOM_5:Prokka:FOM_5_01158 (length 197)
prokka_FOM_5/FOM_5:Prokka:FOM_5_01159 (length 291)
prokka_FOM_5/FOM_5:Prokka:FOM_5_01160 (length 164)
prokka_FOM_5/FOM_5:Prokka:FOM_5_01161 (length 49)
prokka_FOM_5/FOM_5:Prokka:FOM_5_01162 (length 49)
prokka_FOM_5/FOM_5:Prokka:FOM_5_01163 (length 399)
prokka_FOM_5/FOM_5:Prokka:FOM_5_01164 (length 126)
prokka_FOM_5/FOM_5:Prokka:FOM_5_01165 (length 93)
prokka_FOM_5/FOM_5:Prokka:FOM_5_01166 (length 1218)
prokka_FOM_5/FOM_5:Prokka:FOM_5_01167 (length 1198)
prokka_FOM_5/FOM_5:Prokka:FOM_5_01168 (length 832)
prokka_FOM_5/FOM_5:Prokka:FOM_5_01169 (length 158)
prokka_FOM_5/FOM_5:Prokka:FOM_5_01174 (length 427)
prokka_FOM_5/FOM_5:Prokka:FOM_5_01175 (length 216)
prokka_FOM_5/FOM_5:Prokka:FOM_5_01176 (length 261)
prokka_FOM_5/FOM_5:Prokka:FOM_5_01177 (length 138)
prokka_FOM_5/FOM_5:Prokka:FOM_5_01178 (length 466)
prokka_FOM_5/FOM_5:Prokka:FOM_5_01179 (length 292)
prokka_FOM_5/FOM_5:Prokka:FOM_5_01180 (length 503)
prokka_FOM_5/FOM_5:Prokka:FOM_5_01181 (length 180)
prokka_FOM_5/FOM_5:Prokka:FOM_5_01182 (length 171)
prokka_FOM_5/FOM_5:Prokka:FOM_5_01183 (length 72)
prokka_FOM_5/FOM_5:Prokka:FOM_5_01184 (length 240)
prokka_FOM_5/FOM_5:Prokka:FOM_5_01185 (length 425)
prokka_FOM_5/FOM_5:Prokka:FOM_5_01186 (length 136)
prokka_FOM_5/FOM_5:Prokka:FOM_5_01187 (length 211)
prokka_FOM_5/FOM_5:Prokka:FOM_5_01188 (length 209)
prokka_FOM_5/FOM_5:Prokka:FOM_5_01189 (length 416)
prokka_FOM_5/FOM_5:Prokka:FOM_5_01190 (length 342)
prokka_FOM_5/FOM_5:Prokka:FOM_5_01191 (length 287)
prokka_FOM_5/FOM_5:Prokka:FOM_5_01192 (length 361)
prokka_FOM_5/FOM_5:Prokka:FOM_5_01193 (length 198)
prokka_FOM_5/FOM_5:Prokka:FOM_5_01194 (length 369)
prokka_FOM_5/FOM_5:Prokka:FOM_5_01195 (length 236)
prokka_FOM_5/FOM_5:Prokka:FOM_5_01196 (length 450)
prokka_FOM_5/FOM_5:Prokka:FOM_5_01197 (length 321)
prokka_FOM_5/FOM_5:Prokka:FOM_5_01198 (length 239)
prokka_FOM_5/FOM_5:Prokka:FOM_5_01199 (length 201)
prokka_FOM_5/FOM_5:Prokka:FOM_5_01202 (length 1107)
prokka_FOM_5/FOM_5:Prokka:FOM_5_01203 (length 594)
prokka_FOM_5/FOM_5:Prokka:FOM_5_01204 (length 570)
prokka_FOM_5/FOM_5:Prokka:FOM_5_01205 (length 261)
prokka_FOM_5/FOM_5:Prokka:FOM_5_01206 (length 349)
prokka_FOM_5/FOM_5:Prokka:FOM_5_01207 (length 429)
prokka_FOM_5/FOM_5:Prokka:FOM_5_01208 (length 223)
prokka_FOM_5/FOM_5:Prokka:FOM_5_01211 (length 247)
prokka_FOM_5/FOM_5:Prokka:FOM_5_01212 (length 276)
prokka_FOM_5/FOM_5:Prokka:FOM_5_01213 (length 427)
prokka_FOM_5/FOM_5:Prokka:FOM_5_01214 (length 158)

DiscRep_ALL:DISC_INCONSISTENT_MOLINFO_TECH::Molinfo Technique Report (some missing, all same)
DiscRep_SUB:DISC_INCONSISTENT_MOLINFO_TECH::technique (all missing)
DiscRep_SUB:DISC_INCONSISTENT_MOLINFO_TECH::24 Molinfos are missing field technique
prokka_FOM_5/FOM_5:Prokka:FOM_5_1 (length 3523)
prokka_FOM_5/FOM_5:Prokka:FOM_5_2 (length 100273)
prokka_FOM_5/FOM_5:Prokka:FOM_5_3 (length 16594)
prokka_FOM_5/FOM_5:Prokka:FOM_5_4 (length 69215)
prokka_FOM_5/FOM_5:Prokka:FOM_5_5 (length 12618)
prokka_FOM_5/FOM_5:Prokka:FOM_5_6 (length 72916)
prokka_FOM_5/FOM_5:Prokka:FOM_5_7 (length 15306)
prokka_FOM_5/FOM_5:Prokka:FOM_5_8 (length 19426)
prokka_FOM_5/FOM_5:Prokka:FOM_5_9 (length 61042)
prokka_FOM_5/FOM_5:Prokka:FOM_5_10 (length 63806)
prokka_FOM_5/FOM_5:Prokka:FOM_5_11 (length 3049)
prokka_FOM_5/FOM_5:Prokka:FOM_5_12 (length 5925)
prokka_FOM_5/FOM_5:Prokka:FOM_5_13 (length 132291)
prokka_FOM_5/FOM_5:Prokka:FOM_5_14 (length 161394)
prokka_FOM_5/FOM_5:Prokka:FOM_5_15 (length 12059)
prokka_FOM_5/FOM_5:Prokka:FOM_5_16 (length 25078)
prokka_FOM_5/FOM_5:Prokka:FOM_5_17 (length 29076)
prokka_FOM_5/FOM_5:Prokka:FOM_5_18 (length 50902)
prokka_FOM_5/FOM_5:Prokka:FOM_5_19 (length 54135)
prokka_FOM_5/FOM_5:Prokka:FOM_5_20 (length 13600)
prokka_FOM_5/FOM_5:Prokka:FOM_5_21 (length 60093)
prokka_FOM_5/FOM_5:Prokka:FOM_5_22 (length 183094)
prokka_FOM_5/FOM_5:Prokka:FOM_5_23 (length 25891)
prokka_FOM_5/FOM_5:Prokka:FOM_5_24 (length 154559)

