Discrepancy Report Results

Summary
FATAL: BAD_LOCUS_TAG_FORMAT:1383 locus tags are incorrectly formatted.
DISC_SOURCE_QUALS_ASNDISC:strain (all present, all same)
DISC_SOURCE_QUALS_ASNDISC:taxname (all present, all same)
DISC_FEATURE_COUNT:gene: 1383 present
DISC_FEATURE_COUNT:CDS: 1357 present
DISC_FEATURE_COUNT:tRNA: 25 present
DISC_FEATURE_COUNT:rRNA: 1 present
DISC_COUNT_NUCLEOTIDES:177 nucleotide Bioseqs are present
OVERLAPPING_GENES:409 genes overlap another gene on the same strand.
OVERLAPPING_CDS:4 coding regions overlap another coding region with a similar or identical name.
SUSPECT_PRODUCT_NAMES:4 product_names contain suspect phrase or characters
	May contain database identifier more appropriate in note; remove from product name
		2 features contains three or more numbers together that may be identifiers more appropriate in note
	Use short product name instead of descriptive phrase
		1 features Is longer than 100 characters. Remove descriptive phrases or synonyms from product names. Keep valid long product names, eg long enzyme names
	use protein instead of gene as appropriate
		1 features contains 'gene'
DISC_LONG_NO_ANNOTATION:1 bioseqs are longer than 5000nt and have no features
NO_ANNOTATION:14 bioseqs have no features
DISC_QUALITY_SCORES:Quality scores are missing on all sequences.
FATAL: DISC_SUSPECT_RRNA_PRODUCTS:1 rRNA product names contain suspect phrase
FATAL: DISC_SHORT_RRNA:1 rRNA features are too short
TEST_BAD_GENE_NAME:3 genes contain suspect phrase or characters
ONCALLER_COMMENT_PRESENT:177 comment descriptors were found (all same)
SHORT_PROT_SEQUENCES:27 protein sequences are shorter than 50 aa.
MISSING_GENOMEASSEMBLY_COMMENTS:177 bioseqs are missing GenomeAssembly structured comments
MOLTYPE_NOT_MRNA:177 molecule types are not set as mRNA.
TECHNIQUE_NOT_TSA:177 technique are not set as TSA
MISSING_STRUCTURED_COMMENT:177 sequences do not include structured comments.
MISSING_PROJECT:1534 sequences do not include project.
FATAL: RRNA_NAME_CONFLICTS:1 rRNA product names are not standard. Correct the names to the standard format, eg "16S ribosomal RNA"
DISC_INCONSISTENT_MOLINFO_TECH:Molinfo Technique Report (some missing, all same)


Detailed Report

FATAL: DiscRep_ALL:BAD_LOCUS_TAG_FORMAT::1383 locus e incorrectly rectly formatted.
prokka_FOM_3/FOM_3:Gene	FOM_3_00001	FOM_3_1:54-1553	FOM_3_00001
prokka_FOM_3/FOM_3:Gene	oppD_1	FOM_3_2:27-299	FOM_3_00002
prokka_FOM_3/FOM_3:Gene	oppF_1	FOM_3_2:302-1237	FOM_3_00003
prokka_FOM_3/FOM_3:Gene	pepO	FOM_3_2:1339-3231	FOM_3_00004
prokka_FOM_3/FOM_3:Gene	FOM_3_00005	FOM_3_2:3400-3484	FOM_3_00005
prokka_FOM_3/FOM_3:Gene	FOM_3_00006	FOM_3_3:c1107-34	FOM_3_00006
prokka_FOM_3/FOM_3:Gene	ldhD_1	FOM_3_3:c2132-1143	FOM_3_00007
prokka_FOM_3/FOM_3:Gene	dapX_1	FOM_3_3:c3318-2125	FOM_3_00008
prokka_FOM_3/FOM_3:Gene	gmk	FOM_3_3:c4187-3603	FOM_3_00009
prokka_FOM_3/FOM_3:Gene	yhdG_1	FOM_3_3:4305-5705	FOM_3_00010
prokka_FOM_3/FOM_3:Gene	FOM_3_00011	FOM_3_3:c6071-5745	FOM_3_00011
prokka_FOM_3/FOM_3:Gene	purD	FOM_3_4:c1520-282	FOM_3_00012
prokka_FOM_3/FOM_3:Gene	cpnA	FOM_3_4:c2447-1689	FOM_3_00013
prokka_FOM_3/FOM_3:Gene	gpr_1	FOM_3_4:c3567-2575	FOM_3_00014
prokka_FOM_3/FOM_3:Gene	FOM_3_00015	FOM_3_4:c4457-3567	FOM_3_00015
prokka_FOM_3/FOM_3:Gene	prs_1	FOM_3_4:c5425-4454	FOM_3_00016
prokka_FOM_3/FOM_3:Gene	FOM_3_00017	FOM_3_4:c5731-5477	FOM_3_00017
prokka_FOM_3/FOM_3:Gene	FOM_3_00018	FOM_3_5:1399-3480	FOM_3_00018
prokka_FOM_3/FOM_3:Gene	FOM_3_00019	FOM_3_5:3540-4025	FOM_3_00019
prokka_FOM_3/FOM_3:Gene	FOM_3_00020	FOM_3_6:c687-220	FOM_3_00020
prokka_FOM_3/FOM_3:Gene	mntH_1	FOM_3_6:c1006-701	FOM_3_00021
prokka_FOM_3/FOM_3:Gene	tsf	FOM_3_7:c1152-277	FOM_3_00022
prokka_FOM_3/FOM_3:Gene	rpsB	FOM_3_7:c1679-1260	FOM_3_00023
prokka_FOM_3/FOM_3:Gene	FOM_3_00024	FOM_3_8:c569-453	FOM_3_00024
prokka_FOM_3/FOM_3:Gene	grpE	FOM_3_9:c974-414	FOM_3_00025
prokka_FOM_3/FOM_3:Gene	hrcA	FOM_3_9:c2017-992	FOM_3_00026
prokka_FOM_3/FOM_3:Gene	ribF	FOM_3_9:c3086-2139	FOM_3_00027
prokka_FOM_3/FOM_3:Gene	truB	FOM_3_9:c3997-3089	FOM_3_00028
prokka_FOM_3/FOM_3:Gene	FOM_3_00029	FOM_3_9:c4514-3975	FOM_3_00029
prokka_FOM_3/FOM_3:Gene	dapX_2	FOM_3_9:c5698-4511	FOM_3_00030
prokka_FOM_3/FOM_3:Gene	rbfA	FOM_3_9:c6146-5793	FOM_3_00031
prokka_FOM_3/FOM_3:Gene	infB	FOM_3_9:c8701-6191	FOM_3_00032
prokka_FOM_3/FOM_3:Gene	ftsK	FOM_3_10:127-1689	FOM_3_00033
prokka_FOM_3/FOM_3:Gene	FOM_3_00034	FOM_3_10:1726-1845	FOM_3_00034
prokka_FOM_3/FOM_3:Gene	FOM_3_00035	FOM_3_10:c2728-1952	FOM_3_00035
prokka_FOM_3/FOM_3:Gene	FOM_3_00036	FOM_3_11:c802-245	FOM_3_00036
prokka_FOM_3/FOM_3:Gene	FOM_3_00037	FOM_3_11:c1230-805	FOM_3_00037
prokka_FOM_3/FOM_3:Gene	FOM_3_00038	FOM_3_11:c1788-1243	FOM_3_00038
prokka_FOM_3/FOM_3:Gene	lptB	FOM_3_13:c1489-704	FOM_3_00039
prokka_FOM_3/FOM_3:Gene	FOM_3_00040	FOM_3_13:c2435-1461	FOM_3_00040
prokka_FOM_3/FOM_3:Gene	livH	FOM_3_13:c3313-2435	FOM_3_00041
prokka_FOM_3/FOM_3:Gene	FOM_3_00042	FOM_3_13:c4540-3362	FOM_3_00042
prokka_FOM_3/FOM_3:Gene	FOM_3_00043	FOM_3_13:5006-5743	FOM_3_00043
prokka_FOM_3/FOM_3:Gene	FOM_3_00044	FOM_3_13:5757-6551	FOM_3_00044
prokka_FOM_3/FOM_3:Gene	FOM_3_00045	FOM_3_13:c7556-6618	FOM_3_00045
prokka_FOM_3/FOM_3:Gene	FOM_3_00046	FOM_3_13:c8153-7746	FOM_3_00046
prokka_FOM_3/FOM_3:Gene	cah	FOM_3_13:c9024-8401	FOM_3_00047
prokka_FOM_3/FOM_3:Gene	dnaA	FOM_3_13:9625-10971	FOM_3_00048
prokka_FOM_3/FOM_3:Gene	dnaN	FOM_3_13:11202-12335	FOM_3_00049
prokka_FOM_3/FOM_3:Gene	FOM_3_00050	FOM_3_13:12456-12965	FOM_3_00050
prokka_FOM_3/FOM_3:Gene	recF	FOM_3_13:12947-14071	FOM_3_00051
prokka_FOM_3/FOM_3:Gene	gyrB	FOM_3_13:14082-16130	FOM_3_00052
prokka_FOM_3/FOM_3:Gene	gyrA	FOM_3_13:16197-18746	FOM_3_00053
prokka_FOM_3/FOM_3:Gene	agrA	FOM_3_13:c19492-18791	FOM_3_00054
prokka_FOM_3/FOM_3:Gene	FOM_3_00055	FOM_3_13:c20324-19473	FOM_3_00055
prokka_FOM_3/FOM_3:Gene	asp1_1	FOM_3_13:20569-22041	FOM_3_00056
prokka_FOM_3/FOM_3:Gene	asp2_1	FOM_3_13:22052-23572	FOM_3_00057
prokka_FOM_3/FOM_3:Gene	FOM_3_00058	FOM_3_13:23572-24594	FOM_3_00058
prokka_FOM_3/FOM_3:Gene	FOM_3_00059	FOM_3_13:c25032-24658	FOM_3_00059
prokka_FOM_3/FOM_3:Gene	menB	FOM_3_13:25067-25900	FOM_3_00060
prokka_FOM_3/FOM_3:Gene	yafV	FOM_3_13:25929-26720	FOM_3_00061
prokka_FOM_3/FOM_3:Gene	bacF	FOM_3_13:26735-27919	FOM_3_00062
prokka_FOM_3/FOM_3:Gene	tuf	FOM_3_16:7-900	FOM_3_00063
prokka_FOM_3/FOM_3:Gene	FOM_3_00064	FOM_3_16:c1124-987	FOM_3_00064
prokka_FOM_3/FOM_3:Gene	artM	FOM_3_16:1264-1998	FOM_3_00065
prokka_FOM_3/FOM_3:Gene	FOM_3_00066	FOM_3_16:2118-2558	FOM_3_00066
prokka_FOM_3/FOM_3:Gene	FOM_3_00067	FOM_3_16:c3361-2594	FOM_3_00067
prokka_FOM_3/FOM_3:Gene	FOM_3_00068	FOM_3_16:c3885-3364	FOM_3_00068
prokka_FOM_3/FOM_3:Gene	FOM_3_00069	FOM_3_16:c4723-3869	FOM_3_00069
prokka_FOM_3/FOM_3:Gene	leuS	FOM_3_16:4858-7284	FOM_3_00070
prokka_FOM_3/FOM_3:Gene	FOM_3_00071	FOM_3_18:c1679-810	FOM_3_00071
prokka_FOM_3/FOM_3:Gene	ettA	FOM_3_18:c3611-1734	FOM_3_00072
prokka_FOM_3/FOM_3:Gene	gtfA_1	FOM_3_18:c5236-3713	FOM_3_00073
prokka_FOM_3/FOM_3:Gene	gtfA_2	FOM_3_18:c6843-5245	FOM_3_00074
prokka_FOM_3/FOM_3:Gene	pyrDA	FOM_3_18:7110-8048	FOM_3_00075
prokka_FOM_3/FOM_3:Gene	ackA	FOM_3_18:c9335-8079	FOM_3_00076
prokka_FOM_3/FOM_3:Gene	FOM_3_00077	FOM_3_18:9587-10444	FOM_3_00077
prokka_FOM_3/FOM_3:Gene	FOM_3_00078	FOM_3_18:10444-10743	FOM_3_00078
prokka_FOM_3/FOM_3:Gene	yhgF	FOM_3_18:c12957-10774	FOM_3_00079
prokka_FOM_3/FOM_3:Gene	pyrE	FOM_3_18:13117-13692	FOM_3_00080
prokka_FOM_3/FOM_3:Gene	bdhA	FOM_3_18:c14870-13695	FOM_3_00081
prokka_FOM_3/FOM_3:Gene	aroD	FOM_3_18:c15912-15025	FOM_3_00082
prokka_FOM_3/FOM_3:Gene	FOM_3_00083	FOM_3_18:c16507-15953	FOM_3_00083
prokka_FOM_3/FOM_3:Gene	aroK	FOM_3_18:c17312-16512	FOM_3_00084
prokka_FOM_3/FOM_3:Gene	tyrC	FOM_3_18:c18177-17326	FOM_3_00085
prokka_FOM_3/FOM_3:Gene	aroA1	FOM_3_18:c19478-18174	FOM_3_00086
prokka_FOM_3/FOM_3:Gene	aroC	FOM_3_18:c20703-19525	FOM_3_00087
prokka_FOM_3/FOM_3:Gene	aroB	FOM_3_18:c21769-20705	FOM_3_00088
prokka_FOM_3/FOM_3:Gene	kdsA_1	FOM_3_18:c22758-21766	FOM_3_00089
prokka_FOM_3/FOM_3:Gene	ydiB	FOM_3_18:c23614-22790	FOM_3_00090
prokka_FOM_3/FOM_3:Gene	tkt	FOM_3_18:c24231-23611	FOM_3_00091
prokka_FOM_3/FOM_3:Gene	menH	FOM_3_19:c972-175	FOM_3_00092
prokka_FOM_3/FOM_3:Gene	menD	FOM_3_19:c2600-969	FOM_3_00093
prokka_FOM_3/FOM_3:Gene	menF	FOM_3_19:c3789-2593	FOM_3_00094
prokka_FOM_3/FOM_3:Gene	pdxK_1	FOM_3_19:c4653-3850	FOM_3_00095
prokka_FOM_3/FOM_3:Gene	FOM_3_00096	FOM_3_19:c5120-4650	FOM_3_00096
prokka_FOM_3/FOM_3:Gene	FOM_3_00097	FOM_3_19:5217-6107	FOM_3_00097
prokka_FOM_3/FOM_3:Gene	topA_1	FOM_3_19:c7419-6151	FOM_3_00098
prokka_FOM_3/FOM_3:Gene	leuB	FOM_3_20:c1414-341	FOM_3_00099
prokka_FOM_3/FOM_3:Gene	leuA	FOM_3_20:c1754-1416	FOM_3_00100
prokka_FOM_3/FOM_3:Gene	FOM_3_00101	FOM_3_21:53-238	FOM_3_00101
prokka_FOM_3/FOM_3:Gene	rny	FOM_3_22:69-377	FOM_3_00102
prokka_FOM_3/FOM_3:Gene	FOM_3_00103	FOM_3_22:525-926	FOM_3_00103
prokka_FOM_3/FOM_3:Gene	FOM_3_00104	FOM_3_22:930-1490	FOM_3_00104
prokka_FOM_3/FOM_3:Gene	rnhC	FOM_3_22:c2456-1509	FOM_3_00105
prokka_FOM_3/FOM_3:Gene	FOM_3_00106	FOM_3_22:2554-2627	FOM_3_00106
prokka_FOM_3/FOM_3:Gene	FOM_3_00107	FOM_3_22:2832-3386	FOM_3_00107
prokka_FOM_3/FOM_3:Gene	FOM_3_00108	FOM_3_22:3471-4478	FOM_3_00108
prokka_FOM_3/FOM_3:Gene	penA	FOM_3_23:c2725-683	FOM_3_00109
prokka_FOM_3/FOM_3:Gene	femA	FOM_3_23:c4060-2807	FOM_3_00110
prokka_FOM_3/FOM_3:Gene	FOM_3_00111	FOM_3_23:c5002-4136	FOM_3_00111
prokka_FOM_3/FOM_3:Gene	FOM_3_00112	FOM_3_23:c5589-5206	FOM_3_00112
prokka_FOM_3/FOM_3:Gene	FOM_3_00113	FOM_3_23:c6706-5561	FOM_3_00113
prokka_FOM_3/FOM_3:Gene	fabH_1	FOM_3_23:c7984-7013	FOM_3_00114
prokka_FOM_3/FOM_3:Gene	FOM_3_00115	FOM_3_23:c8714-8052	FOM_3_00115
prokka_FOM_3/FOM_3:Gene	FOM_3_00116	FOM_3_23:c9318-8725	FOM_3_00116
prokka_FOM_3/FOM_3:Gene	FOM_3_00117	FOM_3_23:9451-10590	FOM_3_00117
prokka_FOM_3/FOM_3:Gene	valS	FOM_3_23:c12231-10630	FOM_3_00118
prokka_FOM_3/FOM_3:Gene	hisH	FOM_3_24:c1259-636	FOM_3_00119
prokka_FOM_3/FOM_3:Gene	hisB	FOM_3_24:c1885-1298	FOM_3_00120
prokka_FOM_3/FOM_3:Gene	hisD	FOM_3_24:c3164-1887	FOM_3_00121
prokka_FOM_3/FOM_3:Gene	hisZ	FOM_3_24:c4768-3161	FOM_3_00122
prokka_FOM_3/FOM_3:Gene	hisK_1	FOM_3_24:c5486-5091	FOM_3_00123
prokka_FOM_3/FOM_3:Gene	folD	FOM_3_25:c1169-324	FOM_3_00124
prokka_FOM_3/FOM_3:Gene	FOM_3_00125	FOM_3_25:1248-1727	FOM_3_00125
prokka_FOM_3/FOM_3:Gene	thyA	FOM_3_25:2043-3011	FOM_3_00126
prokka_FOM_3/FOM_3:Gene	FOM_3_00127	FOM_3_25:c3640-3017	FOM_3_00127
prokka_FOM_3/FOM_3:Gene	mdtD	FOM_3_25:c4368-3667	FOM_3_00128
prokka_FOM_3/FOM_3:Gene	FOM_3_00129	FOM_3_26:c976-170	FOM_3_00129
prokka_FOM_3/FOM_3:Gene	FOM_3_00130	FOM_3_26:c1260-1048	FOM_3_00130
prokka_FOM_3/FOM_3:Gene	FOM_3_00131	FOM_3_27:c885-586	FOM_3_00131
prokka_FOM_3/FOM_3:Gene	yrrK	FOM_3_27:c1396-965	FOM_3_00132
prokka_FOM_3/FOM_3:Gene	FOM_3_00133	FOM_3_27:c1647-1396	FOM_3_00133
prokka_FOM_3/FOM_3:Gene	alaS	FOM_3_27:c4430-1749	FOM_3_00134
prokka_FOM_3/FOM_3:Gene	FOM_3_00135	FOM_3_27:c6011-4680	FOM_3_00135
prokka_FOM_3/FOM_3:Gene	yhdG_2	FOM_3_27:c7506-6076	FOM_3_00136
prokka_FOM_3/FOM_3:Gene	idnT	FOM_3_27:c9041-7671	FOM_3_00137
prokka_FOM_3/FOM_3:Gene	xylB_1	FOM_3_27:c10698-9160	FOM_3_00138
prokka_FOM_3/FOM_3:Gene	FOM_3_00139	FOM_3_27:c11721-10813	FOM_3_00139
prokka_FOM_3/FOM_3:Gene	hexR	FOM_3_27:11853-12704	FOM_3_00140
prokka_FOM_3/FOM_3:Gene	udk	FOM_3_27:c13361-12735	FOM_3_00141
prokka_FOM_3/FOM_3:Gene	aldC	FOM_3_27:c14080-13361	FOM_3_00142
prokka_FOM_3/FOM_3:Gene	ribZ_1	FOM_3_27:c15517-14165	FOM_3_00143
prokka_FOM_3/FOM_3:Gene	FOM_3_00144	FOM_3_27:c16378-15605	FOM_3_00144
prokka_FOM_3/FOM_3:Gene	galT	FOM_3_28:58-861	FOM_3_00145
prokka_FOM_3/FOM_3:Gene	FOM_3_00146	FOM_3_29:c943-212	FOM_3_00146
prokka_FOM_3/FOM_3:Gene	rsmI	FOM_3_29:c1814-945	FOM_3_00147
prokka_FOM_3/FOM_3:Gene	FOM_3_00148	FOM_3_29:c2718-1816	FOM_3_00148
prokka_FOM_3/FOM_3:Gene	darA	FOM_3_29:c3047-2718	FOM_3_00149
prokka_FOM_3/FOM_3:Gene	tmk	FOM_3_29:c3685-3044	FOM_3_00150
prokka_FOM_3/FOM_3:Gene	FOM_3_00151	FOM_3_29:c3984-3724	FOM_3_00151
prokka_FOM_3/FOM_3:Gene	recR	FOM_3_29:c4586-3981	FOM_3_00152
prokka_FOM_3/FOM_3:Gene	ruvB_1	FOM_3_29:c6448-4640	FOM_3_00153
prokka_FOM_3/FOM_3:Gene	FOM_3_00154	FOM_3_29:c7192-6674	FOM_3_00154
prokka_FOM_3/FOM_3:Gene	tadA	FOM_3_29:c7798-7307	FOM_3_00155
prokka_FOM_3/FOM_3:Gene	rsmC	FOM_3_29:c8408-7776	FOM_3_00156
prokka_FOM_3/FOM_3:Gene	rplL	FOM_3_29:c8855-8490	FOM_3_00157
prokka_FOM_3/FOM_3:Gene	rplJ	FOM_3_29:c9471-8905	FOM_3_00158
prokka_FOM_3/FOM_3:Gene	rplA	FOM_3_29:c10345-9653	FOM_3_00159
prokka_FOM_3/FOM_3:Gene	rplK	FOM_3_29:c10809-10345	FOM_3_00160
prokka_FOM_3/FOM_3:Gene	nusG	FOM_3_29:c11499-10921	FOM_3_00161
prokka_FOM_3/FOM_3:Gene	FOM_3_00162	FOM_3_29:c11750-11574	FOM_3_00162
prokka_FOM_3/FOM_3:Gene	kstR2	FOM_3_29:c12563-11949	FOM_3_00163
prokka_FOM_3/FOM_3:Gene	FOM_3_00164	FOM_3_29:c13495-12629	FOM_3_00164
prokka_FOM_3/FOM_3:Gene	ddl	FOM_3_29:c14628-13495	FOM_3_00165
prokka_FOM_3/FOM_3:Gene	FOM_3_00166	FOM_3_29:c15713-14709	FOM_3_00166
prokka_FOM_3/FOM_3:Gene	rodA	FOM_3_29:c16927-15713	FOM_3_00167
prokka_FOM_3/FOM_3:Gene	FOM_3_00168	FOM_3_29:c17279-17070	FOM_3_00168
prokka_FOM_3/FOM_3:Gene	mbl	FOM_3_29:c18271-17279	FOM_3_00169
prokka_FOM_3/FOM_3:Gene	FOM_3_00170	FOM_3_29:c18599-18381	FOM_3_00170
prokka_FOM_3/FOM_3:Gene	FOM_3_00171	FOM_3_29:c19224-18583	FOM_3_00171
prokka_FOM_3/FOM_3:Gene	xylB_2	FOM_3_29:c20820-19309	FOM_3_00172
prokka_FOM_3/FOM_3:Gene	xylA	FOM_3_29:c22269-20923	FOM_3_00173
prokka_FOM_3/FOM_3:Gene	FOM_3_00174	FOM_3_29:22525-23520	FOM_3_00174
prokka_FOM_3/FOM_3:Gene	yfkN_1	FOM_3_29:c25137-23599	FOM_3_00175
prokka_FOM_3/FOM_3:Gene	FOM_3_00176	FOM_3_29:25193-25858	FOM_3_00176
prokka_FOM_3/FOM_3:Gene	nrdF2	FOM_3_29:c26864-25890	FOM_3_00177
prokka_FOM_3/FOM_3:Gene	FOM_3_00178	FOM_3_29:c27307-26864	FOM_3_00178
prokka_FOM_3/FOM_3:Gene	nrdE	FOM_3_29:c29537-27366	FOM_3_00179
prokka_FOM_3/FOM_3:Gene	nrdH	FOM_3_29:c29878-29648	FOM_3_00180
prokka_FOM_3/FOM_3:Gene	FOM_3_00181	FOM_3_29:30343-31743	FOM_3_00181
prokka_FOM_3/FOM_3:Gene	gpmA_1	FOM_3_29:31864-32532	FOM_3_00182
prokka_FOM_3/FOM_3:Gene	FOM_3_00183	FOM_3_29:c33148-32588	FOM_3_00183
prokka_FOM_3/FOM_3:Gene	metQ_1	FOM_3_30:85-933	FOM_3_00184
prokka_FOM_3/FOM_3:Gene	FOM_3_00185	FOM_3_30:c1754-1110	FOM_3_00185
prokka_FOM_3/FOM_3:Gene	FOM_3_00186	FOM_3_30:c2862-2119	FOM_3_00186
prokka_FOM_3/FOM_3:Gene	FOM_3_00187	FOM_3_30:2976-3104	FOM_3_00187
prokka_FOM_3/FOM_3:Gene	mntH_2	FOM_3_30:c4441-3119	FOM_3_00188
prokka_FOM_3/FOM_3:Gene	hemH	FOM_3_30:c5378-4434	FOM_3_00189
prokka_FOM_3/FOM_3:Gene	rluE	FOM_3_30:5573-6106	FOM_3_00190
prokka_FOM_3/FOM_3:Gene	yeeN	FOM_3_30:6157-6873	FOM_3_00191
prokka_FOM_3/FOM_3:Gene	ghrB_1	FOM_3_31:86-1015	FOM_3_00192
prokka_FOM_3/FOM_3:Gene	yodB	FOM_3_31:1079-1447	FOM_3_00193
prokka_FOM_3/FOM_3:Gene	pheS	FOM_3_31:1704-2753	FOM_3_00194
prokka_FOM_3/FOM_3:Gene	pheT	FOM_3_31:2756-5212	FOM_3_00195
prokka_FOM_3/FOM_3:Gene	murA1	FOM_3_31:5293-6579	FOM_3_00196
prokka_FOM_3/FOM_3:Gene	rpmE2	FOM_3_31:6672-6938	FOM_3_00197
prokka_FOM_3/FOM_3:Gene	FOM_3_00198	FOM_3_31:6978-8369	FOM_3_00198
prokka_FOM_3/FOM_3:Gene	murF	FOM_3_31:8371-9699	FOM_3_00199
prokka_FOM_3/FOM_3:Gene	dap	FOM_3_31:9723-10865	FOM_3_00200
prokka_FOM_3/FOM_3:Gene	cshA	FOM_3_31:10901-12451	FOM_3_00201
prokka_FOM_3/FOM_3:Gene	fpgS_1	FOM_3_31:12583-13764	FOM_3_00202
prokka_FOM_3/FOM_3:Gene	FOM_3_00203	FOM_3_32:13-714	FOM_3_00203
prokka_FOM_3/FOM_3:Gene	fpgS_2	FOM_3_32:853-2178	FOM_3_00204
prokka_FOM_3/FOM_3:Gene	FOM_3_00205	FOM_3_32:2178-2768	FOM_3_00205
prokka_FOM_3/FOM_3:Gene	dus	FOM_3_32:2841-3956	FOM_3_00206
prokka_FOM_3/FOM_3:Gene	murE	FOM_3_32:4155-5627	FOM_3_00207
prokka_FOM_3/FOM_3:Gene	exoA	FOM_3_33:42-551	FOM_3_00208
prokka_FOM_3/FOM_3:Gene	FOM_3_00209	FOM_3_33:634-819	FOM_3_00209
prokka_FOM_3/FOM_3:Gene	polC_1	FOM_3_33:c1373-840	FOM_3_00210
prokka_FOM_3/FOM_3:Gene	mshD	FOM_3_33:c1864-1370	FOM_3_00211
prokka_FOM_3/FOM_3:Gene	tsaE	FOM_3_33:c2310-1861	FOM_3_00212
prokka_FOM_3/FOM_3:Gene	pncB2	FOM_3_33:2373-3815	FOM_3_00213
prokka_FOM_3/FOM_3:Gene	nadE	FOM_3_33:3812-4633	FOM_3_00214
prokka_FOM_3/FOM_3:Gene	FOM_3_00215	FOM_3_33:c5172-4630	FOM_3_00215
prokka_FOM_3/FOM_3:Gene	gmuC	FOM_3_33:c6627-5239	FOM_3_00216
prokka_FOM_3/FOM_3:Gene	bglK	FOM_3_33:c7789-6896	FOM_3_00217
prokka_FOM_3/FOM_3:Gene	licC_1	FOM_3_33:c9171-7843	FOM_3_00218
prokka_FOM_3/FOM_3:Gene	bglH	FOM_3_33:c10633-9278	FOM_3_00219
prokka_FOM_3/FOM_3:Gene	bglA_1	FOM_3_33:c12096-10630	FOM_3_00220
prokka_FOM_3/FOM_3:Gene	hisC	FOM_3_33:c13286-12213	FOM_3_00221
prokka_FOM_3/FOM_3:Gene	hisE	FOM_3_33:c13615-13283	FOM_3_00222
prokka_FOM_3/FOM_3:Gene	hisI	FOM_3_33:c13971-13633	FOM_3_00223
prokka_FOM_3/FOM_3:Gene	hisF	FOM_3_33:c14732-13968	FOM_3_00224
prokka_FOM_3/FOM_3:Gene	hisA	FOM_3_33:c15130-14729	FOM_3_00225
prokka_FOM_3/FOM_3:Gene	FOM_3_00226	FOM_3_34:886-1002	FOM_3_00226
prokka_FOM_3/FOM_3:Gene	FOM_3_00227	FOM_3_35:c361-230	FOM_3_00227
prokka_FOM_3/FOM_3:Gene	FOM_3_00228	FOM_3_35:c1109-597	FOM_3_00228
prokka_FOM_3/FOM_3:Gene	FOM_3_00229	FOM_3_37:584-657	FOM_3_00229
prokka_FOM_3/FOM_3:Gene	FOM_3_00230	FOM_3_37:819-1565	FOM_3_00230
prokka_FOM_3/FOM_3:Gene	naiP	FOM_3_37:1640-2800	FOM_3_00231
prokka_FOM_3/FOM_3:Gene	folT_1	FOM_3_37:2816-3364	FOM_3_00232
prokka_FOM_3/FOM_3:Gene	alr_1	FOM_3_37:c4614-3493	FOM_3_00233
prokka_FOM_3/FOM_3:Gene	garB	FOM_3_37:c5967-4630	FOM_3_00234
prokka_FOM_3/FOM_3:Gene	topA_2	FOM_3_37:c8103-6010	FOM_3_00235
prokka_FOM_3/FOM_3:Gene	licB	FOM_3_37:8304-8612	FOM_3_00236
prokka_FOM_3/FOM_3:Gene	FOM_3_00237	FOM_3_37:c10039-8651	FOM_3_00237
prokka_FOM_3/FOM_3:Gene	FOM_3_00238	FOM_3_37:c10556-10194	FOM_3_00238
prokka_FOM_3/FOM_3:Gene	FOM_3_00239	FOM_3_38:100-789	FOM_3_00239
prokka_FOM_3/FOM_3:Gene	FOM_3_00240	FOM_3_38:c1639-848	FOM_3_00240
prokka_FOM_3/FOM_3:Gene	FOM_3_00241	FOM_3_38:c2196-1696	FOM_3_00241
prokka_FOM_3/FOM_3:Gene	FOM_3_00242	FOM_3_39:16-300	FOM_3_00242
prokka_FOM_3/FOM_3:Gene	FOM_3_00243	FOM_3_39:c464-321	FOM_3_00243
prokka_FOM_3/FOM_3:Gene	malL_1	FOM_3_39:c1635-484	FOM_3_00244
prokka_FOM_3/FOM_3:Gene	icaA	FOM_3_40:19-1083	FOM_3_00245
prokka_FOM_3/FOM_3:Gene	FOM_3_00246	FOM_3_40:1518-4157	FOM_3_00246
prokka_FOM_3/FOM_3:Gene	FOM_3_00247	FOM_3_40:c4666-4202	FOM_3_00247
prokka_FOM_3/FOM_3:Gene	yhaP	FOM_3_40:c5911-4691	FOM_3_00248
prokka_FOM_3/FOM_3:Gene	FOM_3_00249	FOM_3_40:c6368-5904	FOM_3_00249
prokka_FOM_3/FOM_3:Gene	ydjJ	FOM_3_41:45-1094	FOM_3_00250
prokka_FOM_3/FOM_3:Gene	galK_1	FOM_3_42:2489-3421	FOM_3_00251
prokka_FOM_3/FOM_3:Gene	FOM_3_00252	FOM_3_42:3418-4365	FOM_3_00252
prokka_FOM_3/FOM_3:Gene	FOM_3_00253	FOM_3_42:4358-5377	FOM_3_00253
prokka_FOM_3/FOM_3:Gene	fni	FOM_3_42:5379-6434	FOM_3_00254
prokka_FOM_3/FOM_3:Gene	brnQ	FOM_3_42:c7837-6446	FOM_3_00255
prokka_FOM_3/FOM_3:Gene	hpt_1	FOM_3_42:c8848-8285	FOM_3_00256
prokka_FOM_3/FOM_3:Gene	purB	FOM_3_42:c10140-8845	FOM_3_00257
prokka_FOM_3/FOM_3:Gene	larD	FOM_3_42:c11071-10352	FOM_3_00258
prokka_FOM_3/FOM_3:Gene	FOM_3_00259	FOM_3_42:11339-11791	FOM_3_00259
prokka_FOM_3/FOM_3:Gene	FOM_3_00260	FOM_3_42:c12217-11801	FOM_3_00260
prokka_FOM_3/FOM_3:Gene	FOM_3_00261	FOM_3_42:c13141-12233	FOM_3_00261
prokka_FOM_3/FOM_3:Gene	FOM_3_00262	FOM_3_42:c14026-13151	FOM_3_00262
prokka_FOM_3/FOM_3:Gene	FOM_3_00263	FOM_3_42:c15548-14028	FOM_3_00263
prokka_FOM_3/FOM_3:Gene	map	FOM_3_43:c951-163	FOM_3_00264
prokka_FOM_3/FOM_3:Gene	brpA_1	FOM_3_43:c1788-1036	FOM_3_00265
prokka_FOM_3/FOM_3:Gene	FOM_3_00266	FOM_3_44:54-1676	FOM_3_00266
prokka_FOM_3/FOM_3:Gene	gmuR	FOM_3_45:c1008-280	FOM_3_00267
prokka_FOM_3/FOM_3:Gene	ybaK	FOM_3_45:1099-1584	FOM_3_00268
prokka_FOM_3/FOM_3:Gene	FOM_3_00269	FOM_3_45:1577-2125	FOM_3_00269
prokka_FOM_3/FOM_3:Gene	dnaC	FOM_3_45:c3610-2147	FOM_3_00270
prokka_FOM_3/FOM_3:Gene	rplI	FOM_3_45:c4064-3612	FOM_3_00271
prokka_FOM_3/FOM_3:Gene	gdpP	FOM_3_45:c6102-4075	FOM_3_00272
prokka_FOM_3/FOM_3:Gene	FOM_3_00273	FOM_3_45:c6514-6230	FOM_3_00273
prokka_FOM_3/FOM_3:Gene	ssbA	FOM_3_45:c7110-6547	FOM_3_00274
prokka_FOM_3/FOM_3:Gene	rpsF	FOM_3_45:c7438-7142	FOM_3_00275
prokka_FOM_3/FOM_3:Gene	FOM_3_00276	FOM_3_45:c9063-7618	FOM_3_00276
prokka_FOM_3/FOM_3:Gene	ecfT_1	FOM_3_45:c9872-9045	FOM_3_00277
prokka_FOM_3/FOM_3:Gene	ykoD_1	FOM_3_45:c11550-9874	FOM_3_00278
prokka_FOM_3/FOM_3:Gene	FOM_3_00279	FOM_3_45:c12151-11588	FOM_3_00279
prokka_FOM_3/FOM_3:Gene	salL	FOM_3_45:c13041-12178	FOM_3_00280
prokka_FOM_3/FOM_3:Gene	FOM_3_00281	FOM_3_45:c13576-13448	FOM_3_00281
prokka_FOM_3/FOM_3:Gene	FOM_3_00282	FOM_3_46:1101-1589	FOM_3_00282
prokka_FOM_3/FOM_3:Gene	FOM_3_00283	FOM_3_46:c1853-1596	FOM_3_00283
prokka_FOM_3/FOM_3:Gene	xseA	FOM_3_46:2260-3537	FOM_3_00284
prokka_FOM_3/FOM_3:Gene	xseB	FOM_3_46:3530-3754	FOM_3_00285
prokka_FOM_3/FOM_3:Gene	vanYB_1	FOM_3_47:c1215-565	FOM_3_00286
prokka_FOM_3/FOM_3:Gene	dacA_1	FOM_3_47:c2026-1199	FOM_3_00287
prokka_FOM_3/FOM_3:Gene	dppE	FOM_3_47:c3617-2016	FOM_3_00288
prokka_FOM_3/FOM_3:Gene	FOM_3_00289	FOM_3_48:11-529	FOM_3_00289
prokka_FOM_3/FOM_3:Gene	upp	FOM_3_48:669-1298	FOM_3_00290
prokka_FOM_3/FOM_3:Gene	FOM_3_00291	FOM_3_49:c1047-253	FOM_3_00291
prokka_FOM_3/FOM_3:Gene	uppS	FOM_3_49:c1827-1051	FOM_3_00292
prokka_FOM_3/FOM_3:Gene	glmS	FOM_3_49:c2614-1946	FOM_3_00293
prokka_FOM_3/FOM_3:Gene	gpmB	FOM_3_50:c2790-2137	FOM_3_00294
prokka_FOM_3/FOM_3:Gene	FOM_3_00295	FOM_3_50:c3177-2836	FOM_3_00295
prokka_FOM_3/FOM_3:Gene	tmpC_1	FOM_3_50:c4365-3250	FOM_3_00296
prokka_FOM_3/FOM_3:Gene	FOM_3_00297	FOM_3_50:c5029-4571	FOM_3_00297
prokka_FOM_3/FOM_3:Gene	FOM_3_00298	FOM_3_51:c787-50	FOM_3_00298
prokka_FOM_3/FOM_3:Gene	FOM_3_00299	FOM_3_51:c1134-862	FOM_3_00299
prokka_FOM_3/FOM_3:Gene	FOM_3_00300	FOM_3_52:45-120	FOM_3_00300
prokka_FOM_3/FOM_3:Gene	serS	FOM_3_52:448-1755	FOM_3_00301
prokka_FOM_3/FOM_3:Gene	secA	FOM_3_52:1884-4298	FOM_3_00302
prokka_FOM_3/FOM_3:Gene	prfB	FOM_3_52:4349-5467	FOM_3_00303
prokka_FOM_3/FOM_3:Gene	clpC	FOM_3_52:5616-8096	FOM_3_00304
prokka_FOM_3/FOM_3:Gene	comC	FOM_3_52:c8782-8132	FOM_3_00305
prokka_FOM_3/FOM_3:Gene	rpsL	FOM_3_52:9043-9438	FOM_3_00306
prokka_FOM_3/FOM_3:Gene	rpsG	FOM_3_52:9454-9924	FOM_3_00307
prokka_FOM_3/FOM_3:Gene	fus	FOM_3_52:10077-12188	FOM_3_00308
prokka_FOM_3/FOM_3:Gene	yycB	FOM_3_52:12269-13456	FOM_3_00309
prokka_FOM_3/FOM_3:Gene	potA	FOM_3_52:13550-14653	FOM_3_00310
prokka_FOM_3/FOM_3:Gene	potB	FOM_3_52:14643-15461	FOM_3_00311
prokka_FOM_3/FOM_3:Gene	ydcV	FOM_3_52:15471-16298	FOM_3_00312
prokka_FOM_3/FOM_3:Gene	potD	FOM_3_52:16300-17379	FOM_3_00313
prokka_FOM_3/FOM_3:Gene	FOM_3_00314	FOM_3_52:17409-19178	FOM_3_00314
prokka_FOM_3/FOM_3:Gene	FOM_3_00315	FOM_3_52:19183-20268	FOM_3_00315
prokka_FOM_3/FOM_3:Gene	FOM_3_00316	FOM_3_53:46-120	FOM_3_00316
prokka_FOM_3/FOM_3:Gene	yfcJ	FOM_3_53:512-1717	FOM_3_00317
prokka_FOM_3/FOM_3:Gene	yutF	FOM_3_53:c2536-1760	FOM_3_00318
prokka_FOM_3/FOM_3:Gene	FOM_3_00319	FOM_3_53:2807-3196	FOM_3_00319
prokka_FOM_3/FOM_3:Gene	FOM_3_00320	FOM_3_53:3196-3987	FOM_3_00320
prokka_FOM_3/FOM_3:Gene	FOM_3_00321	FOM_3_53:c4445-4002	FOM_3_00321
prokka_FOM_3/FOM_3:Gene	ltaS1	FOM_3_53:4504-6690	FOM_3_00322
prokka_FOM_3/FOM_3:Gene	pglH	FOM_3_53:6710-7771	FOM_3_00323
prokka_FOM_3/FOM_3:Gene	FOM_3_00324	FOM_3_53:7856-8326	FOM_3_00324
prokka_FOM_3/FOM_3:Gene	thiT	FOM_3_53:c8917-8363	FOM_3_00325
prokka_FOM_3/FOM_3:Gene	FOM_3_00326	FOM_3_53:9141-10037	FOM_3_00326
prokka_FOM_3/FOM_3:Gene	aqpZ2	FOM_3_53:c10795-10076	FOM_3_00327
prokka_FOM_3/FOM_3:Gene	aqpZ	FOM_3_53:c11626-10898	FOM_3_00328
prokka_FOM_3/FOM_3:Gene	copB	FOM_3_53:c13809-11740	FOM_3_00329
prokka_FOM_3/FOM_3:Gene	copY	FOM_3_53:c14233-13790	FOM_3_00330
prokka_FOM_3/FOM_3:Gene	ytrA	FOM_3_53:14421-14786	FOM_3_00331
prokka_FOM_3/FOM_3:Gene	ytrB	FOM_3_53:14783-15685	FOM_3_00332
prokka_FOM_3/FOM_3:Gene	FOM_3_00333	FOM_3_53:15685-16512	FOM_3_00333
prokka_FOM_3/FOM_3:Gene	bcrA	FOM_3_53:16551-17456	FOM_3_00334
prokka_FOM_3/FOM_3:Gene	FOM_3_00335	FOM_3_53:17460-18227	FOM_3_00335
prokka_FOM_3/FOM_3:Gene	expZ	FOM_3_53:c19774-18287	FOM_3_00336
prokka_FOM_3/FOM_3:Gene	FOM_3_00337	FOM_3_53:20101-20436	FOM_3_00337
prokka_FOM_3/FOM_3:Gene	FOM_3_00338	FOM_3_54:957-1166	FOM_3_00338
prokka_FOM_3/FOM_3:Gene	FOM_3_00339	FOM_3_54:1315-2343	FOM_3_00339
prokka_FOM_3/FOM_3:Gene	FOM_3_00340	FOM_3_54:c4053-2434	FOM_3_00340
prokka_FOM_3/FOM_3:Gene	FOM_3_00341	FOM_3_54:c5444-4050	FOM_3_00341
prokka_FOM_3/FOM_3:Gene	FOM_3_00342	FOM_3_54:c7496-5559	FOM_3_00342
prokka_FOM_3/FOM_3:Gene	FOM_3_00343	FOM_3_54:7805-8113	FOM_3_00343
prokka_FOM_3/FOM_3:Gene	FOM_3_00344	FOM_3_54:8170-9741	FOM_3_00344
prokka_FOM_3/FOM_3:Gene	FOM_3_00345	FOM_3_55:317-580	FOM_3_00345
prokka_FOM_3/FOM_3:Gene	btuD_1	FOM_3_55:c1990-1199	FOM_3_00346
prokka_FOM_3/FOM_3:Gene	FOM_3_00347	FOM_3_56:2-83	FOM_3_00347
prokka_FOM_3/FOM_3:Gene	spxA	FOM_3_56:238-672	FOM_3_00348
prokka_FOM_3/FOM_3:Gene	mecA	FOM_3_56:730-1434	FOM_3_00349
prokka_FOM_3/FOM_3:Gene	FOM_3_00350	FOM_3_56:1493-1897	FOM_3_00350
prokka_FOM_3/FOM_3:Gene	FOM_3_00351	FOM_3_56:c2111-1929	FOM_3_00351
prokka_FOM_3/FOM_3:Gene	glpQ	FOM_3_56:2203-2943	FOM_3_00352
prokka_FOM_3/FOM_3:Gene	miaA	FOM_3_56:2936-3820	FOM_3_00353
prokka_FOM_3/FOM_3:Gene	FOM_3_00354	FOM_3_56:c4667-3840	FOM_3_00354
prokka_FOM_3/FOM_3:Gene	metK	FOM_3_56:5029-6186	FOM_3_00355
prokka_FOM_3/FOM_3:Gene	FOM_3_00356	FOM_3_56:6206-7138	FOM_3_00356
prokka_FOM_3/FOM_3:Gene	ytlR	FOM_3_56:c8130-7195	FOM_3_00357
prokka_FOM_3/FOM_3:Gene	ppcA	FOM_3_56:c9743-8229	FOM_3_00358
prokka_FOM_3/FOM_3:Gene	rnj1	FOM_3_56:c11650-9968	FOM_3_00359
prokka_FOM_3/FOM_3:Gene	FOM_3_00360	FOM_3_56:c11862-11650	FOM_3_00360
prokka_FOM_3/FOM_3:Gene	FOM_3_00361	FOM_3_56:11999-12544	FOM_3_00361
prokka_FOM_3/FOM_3:Gene	FOM_3_00362	FOM_3_56:12553-13011	FOM_3_00362
prokka_FOM_3/FOM_3:Gene	efp	FOM_3_56:13118-13678	FOM_3_00363
prokka_FOM_3/FOM_3:Gene	FOM_3_00364	FOM_3_56:13828-14277	FOM_3_00364
prokka_FOM_3/FOM_3:Gene	nusB	FOM_3_56:14277-14681	FOM_3_00365
prokka_FOM_3/FOM_3:Gene	dtd3	FOM_3_56:14761-15558	FOM_3_00366
prokka_FOM_3/FOM_3:Gene	rnmV	FOM_3_56:15551-16132	FOM_3_00367
prokka_FOM_3/FOM_3:Gene	rsmA	FOM_3_56:16116-17003	FOM_3_00368
prokka_FOM_3/FOM_3:Gene	veg	FOM_3_56:17108-17341	FOM_3_00369
prokka_FOM_3/FOM_3:Gene	FOM_3_00370	FOM_3_56:17477-18316	FOM_3_00370
prokka_FOM_3/FOM_3:Gene	mntB	FOM_3_56:18313-19017	FOM_3_00371
prokka_FOM_3/FOM_3:Gene	znuB	FOM_3_56:19010-19801	FOM_3_00372
prokka_FOM_3/FOM_3:Gene	purR_1	FOM_3_56:19886-20737	FOM_3_00373
prokka_FOM_3/FOM_3:Gene	glmU	FOM_3_56:20745-22124	FOM_3_00374
prokka_FOM_3/FOM_3:Gene	FOM_3_00375	FOM_3_56:c22451-22134	FOM_3_00375
prokka_FOM_3/FOM_3:Gene	FOM_3_00376	FOM_3_57:95-460	FOM_3_00376
prokka_FOM_3/FOM_3:Gene	metE_1	FOM_3_57:c2343-1216	FOM_3_00377
prokka_FOM_3/FOM_3:Gene	FOM_3_00378	FOM_3_57:c2491-2399	FOM_3_00378
prokka_FOM_3/FOM_3:Gene	luxS	FOM_3_57:c3363-2887	FOM_3_00379
prokka_FOM_3/FOM_3:Gene	metQ_2	FOM_3_57:c4223-3363	FOM_3_00380
prokka_FOM_3/FOM_3:Gene	metE_2	FOM_3_57:c5367-4246	FOM_3_00381
prokka_FOM_3/FOM_3:Gene	metC_1	FOM_3_57:c6527-5388	FOM_3_00382
prokka_FOM_3/FOM_3:Gene	metI	FOM_3_57:c7630-6524	FOM_3_00383
prokka_FOM_3/FOM_3:Gene	metAA	FOM_3_57:c8510-7638	FOM_3_00384
prokka_FOM_3/FOM_3:Gene	FOM_3_00385	FOM_3_57:c9684-8968	FOM_3_00385
prokka_FOM_3/FOM_3:Gene	FOM_3_00386	FOM_3_57:c10427-9684	FOM_3_00386
prokka_FOM_3/FOM_3:Gene	natA	FOM_3_57:c11190-10420	FOM_3_00387
prokka_FOM_3/FOM_3:Gene	ytpP	FOM_3_57:11570-11896	FOM_3_00388
prokka_FOM_3/FOM_3:Gene	htrA_1	FOM_3_57:c12840-11980	FOM_3_00389
prokka_FOM_3/FOM_3:Gene	sasA	FOM_3_57:c14230-12935	FOM_3_00390
prokka_FOM_3/FOM_3:Gene	arlR_1	FOM_3_57:c14912-14223	FOM_3_00391
prokka_FOM_3/FOM_3:Gene	FOM_3_00392	FOM_3_57:15172-15759	FOM_3_00392
prokka_FOM_3/FOM_3:Gene	ndoA	FOM_3_57:c16139-15774	FOM_3_00393
prokka_FOM_3/FOM_3:Gene	alr_2	FOM_3_57:c17304-16183	FOM_3_00394
prokka_FOM_3/FOM_3:Gene	acpS	FOM_3_57:c17711-17301	FOM_3_00395
prokka_FOM_3/FOM_3:Gene	dltD	FOM_3_57:c19069-17783	FOM_3_00396
prokka_FOM_3/FOM_3:Gene	dltC	FOM_3_57:c19310-19074	FOM_3_00397
prokka_FOM_3/FOM_3:Gene	FOM_3_00398	FOM_3_57:c20562-19348	FOM_3_00398
prokka_FOM_3/FOM_3:Gene	dltA	FOM_3_57:c22084-20555	FOM_3_00399
prokka_FOM_3/FOM_3:Gene	FOM_3_00400	FOM_3_57:c22239-22099	FOM_3_00400
prokka_FOM_3/FOM_3:Gene	FOM_3_00401	FOM_3_57:22373-23581	FOM_3_00401
prokka_FOM_3/FOM_3:Gene	FOM_3_00402	FOM_3_57:23571-24404	FOM_3_00402
prokka_FOM_3/FOM_3:Gene	FOM_3_00403	FOM_3_57:c25014-24466	FOM_3_00403
prokka_FOM_3/FOM_3:Gene	FOM_3_00404	FOM_3_57:c25845-25096	FOM_3_00404
prokka_FOM_3/FOM_3:Gene	mrnC	FOM_3_57:c26249-25842	FOM_3_00405
prokka_FOM_3/FOM_3:Gene	rpoC	FOM_3_57:c30130-26468	FOM_3_00406
prokka_FOM_3/FOM_3:Gene	rpoB	FOM_3_57:c33764-30150	FOM_3_00407
prokka_FOM_3/FOM_3:Gene	gtfA_3	FOM_3_58:113-1564	FOM_3_00408
prokka_FOM_3/FOM_3:Gene	gtfB_1	FOM_3_58:1561-2406	FOM_3_00409
prokka_FOM_3/FOM_3:Gene	FOM_3_00410	FOM_3_58:c3110-2460	FOM_3_00410
prokka_FOM_3/FOM_3:Gene	gtf3	FOM_3_59:c1090-86	FOM_3_00411
prokka_FOM_3/FOM_3:Gene	tmpC_2	FOM_3_59:1264-2319	FOM_3_00412
prokka_FOM_3/FOM_3:Gene	guaC	FOM_3_59:2506-3492	FOM_3_00413
prokka_FOM_3/FOM_3:Gene	mltF	FOM_3_59:3567-5009	FOM_3_00414
prokka_FOM_3/FOM_3:Gene	FOM_3_00415	FOM_3_60:117-1268	FOM_3_00415
prokka_FOM_3/FOM_3:Gene	citC	FOM_3_60:1275-2339	FOM_3_00416
prokka_FOM_3/FOM_3:Gene	citD	FOM_3_60:2329-2622	FOM_3_00417
prokka_FOM_3/FOM_3:Gene	citE	FOM_3_60:2622-3530	FOM_3_00418
prokka_FOM_3/FOM_3:Gene	citF	FOM_3_60:3520-5058	FOM_3_00419
prokka_FOM_3/FOM_3:Gene	aspS	FOM_3_61:22-927	FOM_3_00420
prokka_FOM_3/FOM_3:Gene	FOM_3_00421	FOM_3_61:931-1797	FOM_3_00421
prokka_FOM_3/FOM_3:Gene	serP1	FOM_3_61:c3263-1845	FOM_3_00422
prokka_FOM_3/FOM_3:Gene	pucR	FOM_3_61:c4909-3362	FOM_3_00423
prokka_FOM_3/FOM_3:Gene	rsmB	FOM_3_62:151-588	FOM_3_00424
prokka_FOM_3/FOM_3:Gene	phpP	FOM_3_62:592-1326	FOM_3_00425
prokka_FOM_3/FOM_3:Gene	FOM_3_00426	FOM_3_63:c1404-214	FOM_3_00426
prokka_FOM_3/FOM_3:Gene	cobC	FOM_3_63:c2256-1597	FOM_3_00427
prokka_FOM_3/FOM_3:Gene	yfbR	FOM_3_63:c2946-2284	FOM_3_00428
prokka_FOM_3/FOM_3:Gene	mprF	FOM_3_63:c5502-2950	FOM_3_00429
prokka_FOM_3/FOM_3:Gene	hsaD	FOM_3_63:c6223-5489	FOM_3_00430
prokka_FOM_3/FOM_3:Gene	FOM_3_00431	FOM_3_63:c6646-6281	FOM_3_00431
prokka_FOM_3/FOM_3:Gene	tgt	FOM_3_63:c7947-6727	FOM_3_00432
prokka_FOM_3/FOM_3:Gene	FOM_3_00433	FOM_3_63:c8475-8095	FOM_3_00433
prokka_FOM_3/FOM_3:Gene	FOM_3_00434	FOM_3_63:c9224-8838	FOM_3_00434
prokka_FOM_3/FOM_3:Gene	FOM_3_00435	FOM_3_63:c9854-9300	FOM_3_00435
prokka_FOM_3/FOM_3:Gene	FOM_3_00436	FOM_3_63:c10360-10118	FOM_3_00436
prokka_FOM_3/FOM_3:Gene	prmC	FOM_3_64:1-435	FOM_3_00437
prokka_FOM_3/FOM_3:Gene	ywlC	FOM_3_64:432-1445	FOM_3_00438
prokka_FOM_3/FOM_3:Gene	FOM_3_00439	FOM_3_64:c2428-1460	FOM_3_00439
prokka_FOM_3/FOM_3:Gene	FOM_3_00440	FOM_3_65:c1591-1328	FOM_3_00440
prokka_FOM_3/FOM_3:Gene	FOM_3_00441	FOM_3_65:c2621-1596	FOM_3_00441
prokka_FOM_3/FOM_3:Gene	dgs	FOM_3_65:c3638-2631	FOM_3_00442
prokka_FOM_3/FOM_3:Gene	FOM_3_00443	FOM_3_65:c4865-3639	FOM_3_00443
prokka_FOM_3/FOM_3:Gene	FOM_3_00444	FOM_3_65:c6820-5039	FOM_3_00444
prokka_FOM_3/FOM_3:Gene	FOM_3_00445	FOM_3_65:c8538-6817	FOM_3_00445
prokka_FOM_3/FOM_3:Gene	FOM_3_00446	FOM_3_65:c10066-8711	FOM_3_00446
prokka_FOM_3/FOM_3:Gene	hit	FOM_3_66:190-612	FOM_3_00447
prokka_FOM_3/FOM_3:Gene	FOM_3_00448	FOM_3_66:642-884	FOM_3_00448
prokka_FOM_3/FOM_3:Gene	prsA1	FOM_3_66:940-1872	FOM_3_00449
prokka_FOM_3/FOM_3:Gene	yhaM	FOM_3_66:c2882-1932	FOM_3_00450
prokka_FOM_3/FOM_3:Gene	FOM_3_00451	FOM_3_66:c5279-2904	FOM_3_00451
prokka_FOM_3/FOM_3:Gene	FOM_3_00452	FOM_3_66:c6444-5269	FOM_3_00452
prokka_FOM_3/FOM_3:Gene	purH	FOM_3_66:c8066-6540	FOM_3_00453
prokka_FOM_3/FOM_3:Gene	purN	FOM_3_66:c8653-8063	FOM_3_00454
prokka_FOM_3/FOM_3:Gene	purM	FOM_3_66:c9684-8647	FOM_3_00455
prokka_FOM_3/FOM_3:Gene	purF	FOM_3_66:c11306-9681	FOM_3_00456
prokka_FOM_3/FOM_3:Gene	purL	FOM_3_66:c13504-11288	FOM_3_00457
prokka_FOM_3/FOM_3:Gene	purQ	FOM_3_66:c14173-13508	FOM_3_00458
prokka_FOM_3/FOM_3:Gene	purS	FOM_3_66:c14439-14170	FOM_3_00459
prokka_FOM_3/FOM_3:Gene	purC	FOM_3_66:c15191-14442	FOM_3_00460
prokka_FOM_3/FOM_3:Gene	menC	FOM_3_67:23-1015	FOM_3_00461
prokka_FOM_3/FOM_3:Gene	bepA	FOM_3_67:1030-2295	FOM_3_00462
prokka_FOM_3/FOM_3:Gene	FOM_3_00463	FOM_3_68:c2017-1172	FOM_3_00463
prokka_FOM_3/FOM_3:Gene	FOM_3_00464	FOM_3_68:c4185-2014	FOM_3_00464
prokka_FOM_3/FOM_3:Gene	FOM_3_00465	FOM_3_68:c7483-4178	FOM_3_00465
prokka_FOM_3/FOM_3:Gene	FOM_3_00466	FOM_3_68:c8288-7695	FOM_3_00466
prokka_FOM_3/FOM_3:Gene	FOM_3_00467	FOM_3_68:c9345-8275	FOM_3_00467
prokka_FOM_3/FOM_3:Gene	FOM_3_00468	FOM_3_68:9613-10377	FOM_3_00468
prokka_FOM_3/FOM_3:Gene	uppP	FOM_3_68:c11278-10424	FOM_3_00469
prokka_FOM_3/FOM_3:Gene	FOM_3_00470	FOM_3_68:11421-11494	FOM_3_00470
prokka_FOM_3/FOM_3:Gene	FOM_3_00471	FOM_3_68:c11819-11565	FOM_3_00471
prokka_FOM_3/FOM_3:Gene	FOM_3_00472	FOM_3_68:c12538-11900	FOM_3_00472
prokka_FOM_3/FOM_3:Gene	crtK-2	FOM_3_68:c13121-12639	FOM_3_00473
prokka_FOM_3/FOM_3:Gene	degV	FOM_3_68:c14106-13225	FOM_3_00474
prokka_FOM_3/FOM_3:Gene	crcB_1	FOM_3_68:c14460-14122	FOM_3_00475
prokka_FOM_3/FOM_3:Gene	crcB_2	FOM_3_68:c14855-14457	FOM_3_00476
prokka_FOM_3/FOM_3:Gene	FOM_3_00477	FOM_3_68:15073-15243	FOM_3_00477
prokka_FOM_3/FOM_3:Gene	FOM_3_00478	FOM_3_68:15259-15894	FOM_3_00478
prokka_FOM_3/FOM_3:Gene	FOM_3_00479	FOM_3_68:16275-17273	FOM_3_00479
prokka_FOM_3/FOM_3:Gene	FOM_3_00480	FOM_3_68:17270-18169	FOM_3_00480
prokka_FOM_3/FOM_3:Gene	dnaK	FOM_3_69:1-921	FOM_3_00481
prokka_FOM_3/FOM_3:Gene	dnaJ	FOM_3_69:988-1893	FOM_3_00482
prokka_FOM_3/FOM_3:Gene	ybhF	FOM_3_69:2006-2743	FOM_3_00483
prokka_FOM_3/FOM_3:Gene	lnrN	FOM_3_69:2721-3821	FOM_3_00484
prokka_FOM_3/FOM_3:Gene	bm3R1	FOM_3_69:3831-4472	FOM_3_00485
prokka_FOM_3/FOM_3:Gene	def2	FOM_3_69:c5113-4535	FOM_3_00486
prokka_FOM_3/FOM_3:Gene	FOM_3_00487	FOM_3_69:5169-5441	FOM_3_00487
prokka_FOM_3/FOM_3:Gene	FOM_3_00488	FOM_3_70:c427-62	FOM_3_00488
prokka_FOM_3/FOM_3:Gene	FOM_3_00489	FOM_3_70:c1151-417	FOM_3_00489
prokka_FOM_3/FOM_3:Gene	FOM_3_00490	FOM_3_70:c1828-1340	FOM_3_00490
prokka_FOM_3/FOM_3:Gene	FOM_3_00491	FOM_3_70:1922-2074	FOM_3_00491
prokka_FOM_3/FOM_3:Gene	qorB	FOM_3_70:2214-3065	FOM_3_00492
prokka_FOM_3/FOM_3:Gene	ywnA	FOM_3_70:3118-3543	FOM_3_00493
prokka_FOM_3/FOM_3:Gene	FOM_3_00494	FOM_3_70:3704-4477	FOM_3_00494
prokka_FOM_3/FOM_3:Gene	FOM_3_00495	FOM_3_70:4488-4937	FOM_3_00495
prokka_FOM_3/FOM_3:Gene	dld	FOM_3_70:5084-6763	FOM_3_00496
prokka_FOM_3/FOM_3:Gene	FOM_3_00497	FOM_3_70:7182-7280	FOM_3_00497
prokka_FOM_3/FOM_3:Gene	metF	FOM_3_70:7318-8235	FOM_3_00498
prokka_FOM_3/FOM_3:Gene	metE_3	FOM_3_70:8228-10525	FOM_3_00499
prokka_FOM_3/FOM_3:Gene	FOM_3_00500	FOM_3_70:10835-11080	FOM_3_00500
prokka_FOM_3/FOM_3:Gene	FOM_3_00501	FOM_3_70:11104-11658	FOM_3_00501
prokka_FOM_3/FOM_3:Gene	FOM_3_00502	FOM_3_70:11676-11885	FOM_3_00502
prokka_FOM_3/FOM_3:Gene	FOM_3_00503	FOM_3_70:11906-12427	FOM_3_00503
prokka_FOM_3/FOM_3:Gene	FOM_3_00504	FOM_3_70:12516-12647	FOM_3_00504
prokka_FOM_3/FOM_3:Gene	FOM_3_00505	FOM_3_70:12945-14534	FOM_3_00505
prokka_FOM_3/FOM_3:Gene	FOM_3_00506	FOM_3_71:116-421	FOM_3_00506
prokka_FOM_3/FOM_3:Gene	glcU	FOM_3_71:656-1621	FOM_3_00507
prokka_FOM_3/FOM_3:Gene	pgcA	FOM_3_72:17-1651	FOM_3_00508
prokka_FOM_3/FOM_3:Gene	rplS	FOM_3_72:1775-2134	FOM_3_00509
prokka_FOM_3/FOM_3:Gene	gntT	FOM_3_72:2261-3616	FOM_3_00510
prokka_FOM_3/FOM_3:Gene	cdaA	FOM_3_73:34-495	FOM_3_00511
prokka_FOM_3/FOM_3:Gene	cdaR	FOM_3_73:492-1565	FOM_3_00512
prokka_FOM_3/FOM_3:Gene	glmM	FOM_3_73:1579-2946	FOM_3_00513
prokka_FOM_3/FOM_3:Gene	rnc	FOM_3_73:3058-3768	FOM_3_00514
prokka_FOM_3/FOM_3:Gene	smc	FOM_3_73:3765-7319	FOM_3_00515
prokka_FOM_3/FOM_3:Gene	ftsY	FOM_3_73:7367-8590	FOM_3_00516
prokka_FOM_3/FOM_3:Gene	FOM_3_00517	FOM_3_73:8590-8934	FOM_3_00517
prokka_FOM_3/FOM_3:Gene	ffh	FOM_3_73:8988-10463	FOM_3_00518
prokka_FOM_3/FOM_3:Gene	FOM_3_00519	FOM_3_73:10463-10642	FOM_3_00519
prokka_FOM_3/FOM_3:Gene	ybjI_1	FOM_3_73:10689-11498	FOM_3_00520
prokka_FOM_3/FOM_3:Gene	greA	FOM_3_74:c668-186	FOM_3_00521
prokka_FOM_3/FOM_3:Gene	FOM_3_00522	FOM_3_74:c3335-726	FOM_3_00522
prokka_FOM_3/FOM_3:Gene	FOM_3_00523	FOM_3_74:c4055-3438	FOM_3_00523
prokka_FOM_3/FOM_3:Gene	polC_2	FOM_3_75:12-3464	FOM_3_00524
prokka_FOM_3/FOM_3:Gene	psiE	FOM_3_75:3494-3901	FOM_3_00525
prokka_FOM_3/FOM_3:Gene	mhqA_1	FOM_3_75:4009-5010	FOM_3_00526
prokka_FOM_3/FOM_3:Gene	FOM_3_00527	FOM_3_75:5126-5485	FOM_3_00527
prokka_FOM_3/FOM_3:Gene	rbsK/rbiA_1	FOM_3_75:5619-6533	FOM_3_00528
prokka_FOM_3/FOM_3:Gene	FOM_3_00529	FOM_3_76:1-288	FOM_3_00529
prokka_FOM_3/FOM_3:Gene	msrB	FOM_3_76:377-817	FOM_3_00530
prokka_FOM_3/FOM_3:Gene	pnuC	FOM_3_76:902-1669	FOM_3_00531
prokka_FOM_3/FOM_3:Gene	nadR	FOM_3_76:1709-2851	FOM_3_00532
prokka_FOM_3/FOM_3:Gene	priA	FOM_3_76:2929-5340	FOM_3_00533
prokka_FOM_3/FOM_3:Gene	fmt	FOM_3_76:5428-6393	FOM_3_00534
prokka_FOM_3/FOM_3:Gene	pyrH	FOM_3_77:11-607	FOM_3_00535
prokka_FOM_3/FOM_3:Gene	frr	FOM_3_77:607-1152	FOM_3_00536
prokka_FOM_3/FOM_3:Gene	FOM_3_00537	FOM_3_77:1220-2338	FOM_3_00537
prokka_FOM_3/FOM_3:Gene	glyQ	FOM_3_77:2665-3606	FOM_3_00538
prokka_FOM_3/FOM_3:Gene	FOM_3_00539	FOM_3_78:70-450	FOM_3_00539
prokka_FOM_3/FOM_3:Gene	FOM_3_00540	FOM_3_78:465-1655	FOM_3_00540
prokka_FOM_3/FOM_3:Gene	asnS	FOM_3_78:1663-2970	FOM_3_00541
prokka_FOM_3/FOM_3:Gene	dnaD	FOM_3_78:3062-3697	FOM_3_00542
prokka_FOM_3/FOM_3:Gene	FOM_3_00543	FOM_3_78:c3976-3698	FOM_3_00543
prokka_FOM_3/FOM_3:Gene	rlmL	FOM_3_78:3999-5132	FOM_3_00544
prokka_FOM_3/FOM_3:Gene	dapX_3	FOM_3_78:5249-6451	FOM_3_00545
prokka_FOM_3/FOM_3:Gene	FOM_3_00546	FOM_3_78:6508-7038	FOM_3_00546
prokka_FOM_3/FOM_3:Gene	FOM_3_00547	FOM_3_78:7174-7779	FOM_3_00547
prokka_FOM_3/FOM_3:Gene	rnhA	FOM_3_78:c8175-7792	FOM_3_00548
prokka_FOM_3/FOM_3:Gene	FOM_3_00549	FOM_3_78:8343-8732	FOM_3_00549
prokka_FOM_3/FOM_3:Gene	rluD	FOM_3_78:8722-9660	FOM_3_00550
prokka_FOM_3/FOM_3:Gene	pyrR	FOM_3_78:9650-10177	FOM_3_00551
prokka_FOM_3/FOM_3:Gene	carA	FOM_3_78:10236-11315	FOM_3_00552
prokka_FOM_3/FOM_3:Gene	carB	FOM_3_78:11296-13797	FOM_3_00553
prokka_FOM_3/FOM_3:Gene	FOM_3_00554	FOM_3_78:13790-14086	FOM_3_00554
prokka_FOM_3/FOM_3:Gene	sbnD	FOM_3_78:c15332-14103	FOM_3_00555
prokka_FOM_3/FOM_3:Gene	relA	FOM_3_78:15675-17912	FOM_3_00556
prokka_FOM_3/FOM_3:Gene	FOM_3_00557	FOM_3_78:18016-18636	FOM_3_00557
prokka_FOM_3/FOM_3:Gene	dtd	FOM_3_78:18590-19036	FOM_3_00558
prokka_FOM_3/FOM_3:Gene	plsY	FOM_3_78:c19660-19043	FOM_3_00559
prokka_FOM_3/FOM_3:Gene	parE	FOM_3_78:19838-21910	FOM_3_00560
prokka_FOM_3/FOM_3:Gene	parC	FOM_3_78:21962-24400	FOM_3_00561
prokka_FOM_3/FOM_3:Gene	ppaC	FOM_3_78:24450-25358	FOM_3_00562
prokka_FOM_3/FOM_3:Gene	rpmGA	FOM_3_78:25520-25669	FOM_3_00563
prokka_FOM_3/FOM_3:Gene	hisK_2	FOM_3_79:178-987	FOM_3_00564
prokka_FOM_3/FOM_3:Gene	FOM_3_00565	FOM_3_79:984-1640	FOM_3_00565
prokka_FOM_3/FOM_3:Gene	idi	FOM_3_79:1633-2154	FOM_3_00566
prokka_FOM_3/FOM_3:Gene	mdrP_1	FOM_3_79:2218-3450	FOM_3_00567
prokka_FOM_3/FOM_3:Gene	FOM_3_00568	FOM_3_79:3530-4345	FOM_3_00568
prokka_FOM_3/FOM_3:Gene	tpx	FOM_3_79:4390-4890	FOM_3_00569
prokka_FOM_3/FOM_3:Gene	prs_2	FOM_3_79:5051-6031	FOM_3_00570
prokka_FOM_3/FOM_3:Gene	walR	FOM_3_79:6262-6969	FOM_3_00571
prokka_FOM_3/FOM_3:Gene	walK_1	FOM_3_79:7034-8899	FOM_3_00572
prokka_FOM_3/FOM_3:Gene	FOM_3_00573	FOM_3_79:8889-10187	FOM_3_00573
prokka_FOM_3/FOM_3:Gene	FOM_3_00574	FOM_3_79:10265-11062	FOM_3_00574
prokka_FOM_3/FOM_3:Gene	htrA_2	FOM_3_79:11126-12259	FOM_3_00575
prokka_FOM_3/FOM_3:Gene	rlmH	FOM_3_79:12889-13368	FOM_3_00576
prokka_FOM_3/FOM_3:Gene	nnr	FOM_3_79:c14091-13408	FOM_3_00577
prokka_FOM_3/FOM_3:Gene	FOM_3_00578	FOM_3_79:c14971-14150	FOM_3_00578
prokka_FOM_3/FOM_3:Gene	FOM_3_00579	FOM_3_79:15364-16476	FOM_3_00579
prokka_FOM_3/FOM_3:Gene	asd	FOM_3_79:16486-17583	FOM_3_00580
prokka_FOM_3/FOM_3:Gene	FOM_3_00581	FOM_3_79:17754-18674	FOM_3_00581
prokka_FOM_3/FOM_3:Gene	yheI	FOM_3_79:18747-20522	FOM_3_00582
prokka_FOM_3/FOM_3:Gene	yheH	FOM_3_79:20515-22314	FOM_3_00583
prokka_FOM_3/FOM_3:Gene	glnQ	FOM_3_79:22487-23224	FOM_3_00584
prokka_FOM_3/FOM_3:Gene	glnH	FOM_3_79:23303-24169	FOM_3_00585
prokka_FOM_3/FOM_3:Gene	glnM	FOM_3_79:24169-24810	FOM_3_00586
prokka_FOM_3/FOM_3:Gene	glnP	FOM_3_79:24821-25480	FOM_3_00587
prokka_FOM_3/FOM_3:Gene	oppA	FOM_3_79:25685-27316	FOM_3_00588
prokka_FOM_3/FOM_3:Gene	oppB	FOM_3_79:27401-28318	FOM_3_00589
prokka_FOM_3/FOM_3:Gene	oppC	FOM_3_79:28330-29355	FOM_3_00590
prokka_FOM_3/FOM_3:Gene	argJ	FOM_3_80:c1655-441	FOM_3_00591
prokka_FOM_3/FOM_3:Gene	argC	FOM_3_80:c2708-1665	FOM_3_00592
prokka_FOM_3/FOM_3:Gene	FOM_3_00593	FOM_3_80:c3340-2834	FOM_3_00593
prokka_FOM_3/FOM_3:Gene	FOM_3_00594	FOM_3_80:c3735-3337	FOM_3_00594
prokka_FOM_3/FOM_3:Gene	FOM_3_00595	FOM_3_80:3871-4167	FOM_3_00595
prokka_FOM_3/FOM_3:Gene	ktrA	FOM_3_80:c4832-4164	FOM_3_00596
prokka_FOM_3/FOM_3:Gene	ntpJ	FOM_3_80:c6217-4850	FOM_3_00597
prokka_FOM_3/FOM_3:Gene	xylG	FOM_3_80:6484-8040	FOM_3_00598
prokka_FOM_3/FOM_3:Gene	FOM_3_00599	FOM_3_80:8040-9167	FOM_3_00599
prokka_FOM_3/FOM_3:Gene	FOM_3_00600	FOM_3_80:9170-10126	FOM_3_00600
prokka_FOM_3/FOM_3:Gene	FOM_3_00601	FOM_3_80:c11112-10198	FOM_3_00601
prokka_FOM_3/FOM_3:Gene	FOM_3_00602	FOM_3_80:c11610-11197	FOM_3_00602
prokka_FOM_3/FOM_3:Gene	FOM_3_00603	FOM_3_81:270-620	FOM_3_00603
prokka_FOM_3/FOM_3:Gene	cfa	FOM_3_81:833-2029	FOM_3_00604
prokka_FOM_3/FOM_3:Gene	FOM_3_00605	FOM_3_81:c2998-2084	FOM_3_00605
prokka_FOM_3/FOM_3:Gene	rpiA	FOM_3_81:c3690-2998	FOM_3_00606
prokka_FOM_3/FOM_3:Gene	rbsK/rbiA_2	FOM_3_81:c3959-3693	FOM_3_00607
prokka_FOM_3/FOM_3:Gene	FOM_3_00608	FOM_3_83:340-1245	FOM_3_00608
prokka_FOM_3/FOM_3:Gene	FOM_3_00609	FOM_3_83:1351-1998	FOM_3_00609
prokka_FOM_3/FOM_3:Gene	gtfA_4	FOM_3_83:2032-3495	FOM_3_00610
prokka_FOM_3/FOM_3:Gene	gtfB_2	FOM_3_83:3485-4315	FOM_3_00611
prokka_FOM_3/FOM_3:Gene	asp1_2	FOM_3_83:4312-5799	FOM_3_00612
prokka_FOM_3/FOM_3:Gene	asp2_2	FOM_3_83:5804-7348	FOM_3_00613
prokka_FOM_3/FOM_3:Gene	FOM_3_00614	FOM_3_83:7353-8090	FOM_3_00614
prokka_FOM_3/FOM_3:Gene	FOM_3_00615	FOM_3_83:8053-8502	FOM_3_00615
prokka_FOM_3/FOM_3:Gene	FOM_3_00616	FOM_3_83:8620-9234	FOM_3_00616
prokka_FOM_3/FOM_3:Gene	xynB	FOM_3_83:9355-11043	FOM_3_00617
prokka_FOM_3/FOM_3:Gene	xylT_1	FOM_3_83:11128-12501	FOM_3_00618
prokka_FOM_3/FOM_3:Gene	FOM_3_00619	FOM_3_83:12561-13574	FOM_3_00619
prokka_FOM_3/FOM_3:Gene	nanK	FOM_3_83:13611-14780	FOM_3_00620
prokka_FOM_3/FOM_3:Gene	araR	FOM_3_83:14951-16036	FOM_3_00621
prokka_FOM_3/FOM_3:Gene	FOM_3_00622	FOM_3_84:c1125-469	FOM_3_00622
prokka_FOM_3/FOM_3:Gene	FOM_3_00623	FOM_3_84:1272-3119	FOM_3_00623
prokka_FOM_3/FOM_3:Gene	FOM_3_00624	FOM_3_84:3374-6037	FOM_3_00624
prokka_FOM_3/FOM_3:Gene	FOM_3_00625	FOM_3_84:6045-6488	FOM_3_00625
prokka_FOM_3/FOM_3:Gene	licC_2	FOM_3_84:6723-8060	FOM_3_00626
prokka_FOM_3/FOM_3:Gene	gmuE	FOM_3_85:509-1375	FOM_3_00627
prokka_FOM_3/FOM_3:Gene	helD_1	FOM_3_86:10-414	FOM_3_00628
prokka_FOM_3/FOM_3:Gene	coaA_1	FOM_3_86:411-1103	FOM_3_00629
prokka_FOM_3/FOM_3:Gene	emrB_1	FOM_3_86:1222-2733	FOM_3_00630
prokka_FOM_3/FOM_3:Gene	FOM_3_00631	FOM_3_86:2733-3410	FOM_3_00631
prokka_FOM_3/FOM_3:Gene	cspLA	FOM_3_86:3686-3886	FOM_3_00632
prokka_FOM_3/FOM_3:Gene	gpmA_2	FOM_3_86:3995-4708	FOM_3_00633
prokka_FOM_3/FOM_3:Gene	glcB	FOM_3_86:4987-6948	FOM_3_00634
prokka_FOM_3/FOM_3:Gene	pyrP	FOM_3_86:7402-8676	FOM_3_00635
prokka_FOM_3/FOM_3:Gene	atpB	FOM_3_86:8981-9706	FOM_3_00636
prokka_FOM_3/FOM_3:Gene	atpE	FOM_3_86:9877-10104	FOM_3_00637
prokka_FOM_3/FOM_3:Gene	atpF	FOM_3_86:10131-10634	FOM_3_00638
prokka_FOM_3/FOM_3:Gene	atpH	FOM_3_86:10646-11188	FOM_3_00639
prokka_FOM_3/FOM_3:Gene	atpA	FOM_3_86:11201-12718	FOM_3_00640
prokka_FOM_3/FOM_3:Gene	atpG	FOM_3_86:12733-13641	FOM_3_00641
prokka_FOM_3/FOM_3:Gene	atpD	FOM_3_86:13789-15189	FOM_3_00642
prokka_FOM_3/FOM_3:Gene	atpC	FOM_3_86:15204-15647	FOM_3_00643
prokka_FOM_3/FOM_3:Gene	FOM_3_00644	FOM_3_86:15980-17023	FOM_3_00644
prokka_FOM_3/FOM_3:Gene	ftsE	FOM_3_86:17119-17865	FOM_3_00645
prokka_FOM_3/FOM_3:Gene	phnE_1	FOM_3_86:17865-18686	FOM_3_00646
prokka_FOM_3/FOM_3:Gene	phnE_2	FOM_3_86:18697-19506	FOM_3_00647
prokka_FOM_3/FOM_3:Gene	yfkN_2	FOM_3_86:19555-21060	FOM_3_00648
prokka_FOM_3/FOM_3:Gene	FOM_3_00649	FOM_3_86:21266-21859	FOM_3_00649
prokka_FOM_3/FOM_3:Gene	FOM_3_00650	FOM_3_86:21952-22593	FOM_3_00650
prokka_FOM_3/FOM_3:Gene	FOM_3_00651	FOM_3_86:22616-23851	FOM_3_00651
prokka_FOM_3/FOM_3:Gene	FOM_3_00652	FOM_3_86:23916-23988	FOM_3_00652
prokka_FOM_3/FOM_3:Gene	FOM_3_00653	FOM_3_86:24166-24453	FOM_3_00653
prokka_FOM_3/FOM_3:Gene	proC	FOM_3_86:c25327-24560	FOM_3_00654
prokka_FOM_3/FOM_3:Gene	emrB_2	FOM_3_86:c26790-25387	FOM_3_00655
prokka_FOM_3/FOM_3:Gene	FOM_3_00656	FOM_3_86:c27038-26895	FOM_3_00656
prokka_FOM_3/FOM_3:Gene	mutY	FOM_3_86:27129-28163	FOM_3_00657
prokka_FOM_3/FOM_3:Gene	yhhT	FOM_3_86:28141-29244	FOM_3_00658
prokka_FOM_3/FOM_3:Gene	FOM_3_00659	FOM_3_86:29275-29649	FOM_3_00659
prokka_FOM_3/FOM_3:Gene	FOM_3_00660	FOM_3_86:29855-30634	FOM_3_00660
prokka_FOM_3/FOM_3:Gene	FOM_3_00661	FOM_3_86:30682-31314	FOM_3_00661
prokka_FOM_3/FOM_3:Gene	FOM_3_00662	FOM_3_86:c31748-31398	FOM_3_00662
prokka_FOM_3/FOM_3:Gene	FOM_3_00663	FOM_3_86:31858-31941	FOM_3_00663
prokka_FOM_3/FOM_3:Gene	FOM_3_00664	FOM_3_86:32014-32088	FOM_3_00664
prokka_FOM_3/FOM_3:Gene	FOM_3_00665	FOM_3_86:c35139-32566	FOM_3_00665
prokka_FOM_3/FOM_3:Gene	btuD_2	FOM_3_86:35496-36536	FOM_3_00666
prokka_FOM_3/FOM_3:Gene	lacF	FOM_3_86:36533-37429	FOM_3_00667
prokka_FOM_3/FOM_3:Gene	araQ	FOM_3_86:37442-38263	FOM_3_00668
prokka_FOM_3/FOM_3:Gene	ugpB	FOM_3_86:38377-39666	FOM_3_00669
prokka_FOM_3/FOM_3:Gene	rnj	FOM_3_86:39666-40859	FOM_3_00670
prokka_FOM_3/FOM_3:Gene	FOM_3_00671	FOM_3_86:40906-40979	FOM_3_00671
prokka_FOM_3/FOM_3:Gene	hflX	FOM_3_86:c42313-41033	FOM_3_00672
prokka_FOM_3/FOM_3:Gene	trpS2	FOM_3_86:42587-43603	FOM_3_00673
prokka_FOM_3/FOM_3:Gene	steT_1	FOM_3_86:43742-45070	FOM_3_00674
prokka_FOM_3/FOM_3:Gene	tagU	FOM_3_86:c46330-45131	FOM_3_00675
prokka_FOM_3/FOM_3:Gene	FOM_3_00676	FOM_3_86:c46705-46343	FOM_3_00676
prokka_FOM_3/FOM_3:Gene	FOM_3_00677	FOM_3_86:c47571-46717	FOM_3_00677
prokka_FOM_3/FOM_3:Gene	FOM_3_00678	FOM_3_86:47722-48378	FOM_3_00678
prokka_FOM_3/FOM_3:Gene	lysP	FOM_3_86:48642-50084	FOM_3_00679
prokka_FOM_3/FOM_3:Gene	FOM_3_00680	FOM_3_86:c50999-50649	FOM_3_00680
prokka_FOM_3/FOM_3:Gene	FOM_3_00681	FOM_3_86:c51587-51318	FOM_3_00681
prokka_FOM_3/FOM_3:Gene	pucK	FOM_3_87:377-1711	FOM_3_00682
prokka_FOM_3/FOM_3:Gene	xpt	FOM_3_87:1708-2277	FOM_3_00683
prokka_FOM_3/FOM_3:Gene	cysL	FOM_3_87:c3090-2272	FOM_3_00684
prokka_FOM_3/FOM_3:Gene	FOM_3_00685	FOM_3_87:c4276-4204	FOM_3_00685
prokka_FOM_3/FOM_3:Gene	mhpD	FOM_3_87:c5085-4312	FOM_3_00686
prokka_FOM_3/FOM_3:Gene	gshAB	FOM_3_87:c6836-5376	FOM_3_00687
prokka_FOM_3/FOM_3:Gene	aes	FOM_3_87:6984-7868	FOM_3_00688
prokka_FOM_3/FOM_3:Gene	FOM_3_00689	FOM_3_87:c8168-7905	FOM_3_00689
prokka_FOM_3/FOM_3:Gene	FOM_3_00690	FOM_3_87:c8381-8187	FOM_3_00690
prokka_FOM_3/FOM_3:Gene	FOM_3_00691	FOM_3_87:c9763-8414	FOM_3_00691
prokka_FOM_3/FOM_3:Gene	FOM_3_00692	FOM_3_87:c10098-9760	FOM_3_00692
prokka_FOM_3/FOM_3:Gene	FOM_3_00693	FOM_3_87:10221-11048	FOM_3_00693
prokka_FOM_3/FOM_3:Gene	FOM_3_00694	FOM_3_87:c11828-11067	FOM_3_00694
prokka_FOM_3/FOM_3:Gene	tyrS	FOM_3_87:12198-13445	FOM_3_00695
prokka_FOM_3/FOM_3:Gene	ldhD_2	FOM_3_87:13496-14485	FOM_3_00696
prokka_FOM_3/FOM_3:Gene	FOM_3_00697	FOM_3_87:14671-15081	FOM_3_00697
prokka_FOM_3/FOM_3:Gene	FOM_3_00698	FOM_3_87:c15670-15158	FOM_3_00698
prokka_FOM_3/FOM_3:Gene	FOM_3_00699	FOM_3_87:15931-16920	FOM_3_00699
prokka_FOM_3/FOM_3:Gene	FOM_3_00700	FOM_3_87:16995-17195	FOM_3_00700
prokka_FOM_3/FOM_3:Gene	FOM_3_00701	FOM_3_87:17200-17643	FOM_3_00701
prokka_FOM_3/FOM_3:Gene	FOM_3_00702	FOM_3_87:c18342-17749	FOM_3_00702
prokka_FOM_3/FOM_3:Gene	FOM_3_00703	FOM_3_87:18830-19702	FOM_3_00703
prokka_FOM_3/FOM_3:Gene	FOM_3_00704	FOM_3_87:c20198-19860	FOM_3_00704
prokka_FOM_3/FOM_3:Gene	FOM_3_00705	FOM_3_87:20520-21215	FOM_3_00705
prokka_FOM_3/FOM_3:Gene	FOM_3_00706	FOM_3_87:c21564-21394	FOM_3_00706
prokka_FOM_3/FOM_3:Gene	lciA	FOM_3_87:c22037-21750	FOM_3_00707
prokka_FOM_3/FOM_3:Gene	FOM_3_00708	FOM_3_87:22194-22793	FOM_3_00708
prokka_FOM_3/FOM_3:Gene	FOM_3_00709	FOM_3_87:23097-23681	FOM_3_00709
prokka_FOM_3/FOM_3:Gene	FOM_3_00710	FOM_3_87:c23852-23779	FOM_3_00710
prokka_FOM_3/FOM_3:Gene	argD	FOM_3_87:c25029-23911	FOM_3_00711
prokka_FOM_3/FOM_3:Gene	argB	FOM_3_87:c25632-25039	FOM_3_00712
prokka_FOM_3/FOM_3:Gene	mhqA_2	FOM_3_88:317-1291	FOM_3_00713
prokka_FOM_3/FOM_3:Gene	FOM_3_00714	FOM_3_89:417-638	FOM_3_00714
prokka_FOM_3/FOM_3:Gene	FOM_3_00715	FOM_3_89:638-1081	FOM_3_00715
prokka_FOM_3/FOM_3:Gene	thrS	FOM_3_91:c2706-745	FOM_3_00716
prokka_FOM_3/FOM_3:Gene	eis	FOM_3_92:c1733-618	FOM_3_00717
prokka_FOM_3/FOM_3:Gene	ecfT_2	FOM_3_92:c2538-1735	FOM_3_00718
prokka_FOM_3/FOM_3:Gene	ecfA2	FOM_3_92:c3388-2531	FOM_3_00719
prokka_FOM_3/FOM_3:Gene	ecfA1	FOM_3_92:c4182-3364	FOM_3_00720
prokka_FOM_3/FOM_3:Gene	norW	FOM_3_92:4357-6027	FOM_3_00721
prokka_FOM_3/FOM_3:Gene	hexs-b	FOM_3_92:6095-7093	FOM_3_00722
prokka_FOM_3/FOM_3:Gene	rplQ	FOM_3_92:c7533-7150	FOM_3_00723
prokka_FOM_3/FOM_3:Gene	rpoA	FOM_3_92:c8515-7571	FOM_3_00724
prokka_FOM_3/FOM_3:Gene	rpsK	FOM_3_92:c8949-8563	FOM_3_00725
prokka_FOM_3/FOM_3:Gene	rpsM	FOM_3_92:c9448-9077	FOM_3_00726
prokka_FOM_3/FOM_3:Gene	infA	FOM_3_92:c9902-9687	FOM_3_00727
prokka_FOM_3/FOM_3:Gene	adk	FOM_3_92:c10572-10006	FOM_3_00728
prokka_FOM_3/FOM_3:Gene	secY	FOM_3_92:c11899-10565	FOM_3_00729
prokka_FOM_3/FOM_3:Gene	rplO	FOM_3_92:c12333-11899	FOM_3_00730
prokka_FOM_3/FOM_3:Gene	rpmD	FOM_3_92:c12545-12363	FOM_3_00731
prokka_FOM_3/FOM_3:Gene	rpsE	FOM_3_92:c13063-12557	FOM_3_00732
prokka_FOM_3/FOM_3:Gene	rplR	FOM_3_92:c13436-13083	FOM_3_00733
prokka_FOM_3/FOM_3:Gene	rplF	FOM_3_92:c14052-13516	FOM_3_00734
prokka_FOM_3/FOM_3:Gene	rpsH	FOM_3_92:c14475-14077	FOM_3_00735
prokka_FOM_3/FOM_3:Gene	rplE	FOM_3_92:c15151-14609	FOM_3_00736
prokka_FOM_3/FOM_3:Gene	FOM_3_00737	FOM_3_93:c984-589	FOM_3_00737
prokka_FOM_3/FOM_3:Gene	FOM_3_00738	FOM_3_93:c2093-1224	FOM_3_00738
prokka_FOM_3/FOM_3:Gene	recQ	FOM_3_93:c5230-3395	FOM_3_00739
prokka_FOM_3/FOM_3:Gene	FOM_3_00740	FOM_3_93:c5676-5230	FOM_3_00740
prokka_FOM_3/FOM_3:Gene	nhaC	FOM_3_93:c7066-5711	FOM_3_00741
prokka_FOM_3/FOM_3:Gene	metC_2	FOM_3_93:c8520-7378	FOM_3_00742
prokka_FOM_3/FOM_3:Gene	FOM_3_00743	FOM_3_93:c9847-8633	FOM_3_00743
prokka_FOM_3/FOM_3:Gene	FOM_3_00744	FOM_3_93:c10087-9941	FOM_3_00744
prokka_FOM_3/FOM_3:Gene	zwf	FOM_3_93:10274-11734	FOM_3_00745
prokka_FOM_3/FOM_3:Gene	dacA_2	FOM_3_93:c12669-11782	FOM_3_00746
prokka_FOM_3/FOM_3:Gene	FOM_3_00747	FOM_3_93:12807-13244	FOM_3_00747
prokka_FOM_3/FOM_3:Gene	FOM_3_00748	FOM_3_93:13241-14131	FOM_3_00748
prokka_FOM_3/FOM_3:Gene	FOM_3_00749	FOM_3_93:c14908-14168	FOM_3_00749
prokka_FOM_3/FOM_3:Gene	FOM_3_00750	FOM_3_93:15467-15670	FOM_3_00750
prokka_FOM_3/FOM_3:Gene	gtfC	FOM_3_93:c20505-16042	FOM_3_00751
prokka_FOM_3/FOM_3:Gene	FOM_3_00752	FOM_3_93:c22084-20912	FOM_3_00752
prokka_FOM_3/FOM_3:Gene	menG	FOM_3_93:c22853-22143	FOM_3_00753
prokka_FOM_3/FOM_3:Gene	menE_1	FOM_3_93:c24295-22850	FOM_3_00754
prokka_FOM_3/FOM_3:Gene	FOM_3_00755	FOM_3_93:c24937-24344	FOM_3_00755
prokka_FOM_3/FOM_3:Gene	yvgN	FOM_3_93:25018-25881	FOM_3_00756
prokka_FOM_3/FOM_3:Gene	FOM_3_00757	FOM_3_94:c628-185	FOM_3_00757
prokka_FOM_3/FOM_3:Gene	pepC	FOM_3_94:739-2076	FOM_3_00758
prokka_FOM_3/FOM_3:Gene	FOM_3_00759	FOM_3_94:2105-2908	FOM_3_00759
prokka_FOM_3/FOM_3:Gene	stp	FOM_3_94:c4622-3054	FOM_3_00760
prokka_FOM_3/FOM_3:Gene	FOM_3_00761	FOM_3_94:c5143-4622	FOM_3_00761
prokka_FOM_3/FOM_3:Gene	groL	FOM_3_94:c6312-5266	FOM_3_00762
prokka_FOM_3/FOM_3:Gene	dapE	FOM_3_95:c2361-1030	FOM_3_00763
prokka_FOM_3/FOM_3:Gene	metQ_3	FOM_3_95:c3250-2411	FOM_3_00764
prokka_FOM_3/FOM_3:Gene	metQ_4	FOM_3_95:c4141-3296	FOM_3_00765
prokka_FOM_3/FOM_3:Gene	FOM_3_00766	FOM_3_96:c1082-168	FOM_3_00766
prokka_FOM_3/FOM_3:Gene	queA	FOM_3_96:c2159-1098	FOM_3_00767
prokka_FOM_3/FOM_3:Gene	FOM_3_00768	FOM_3_96:c3022-2162	FOM_3_00768
prokka_FOM_3/FOM_3:Gene	ruvB_2	FOM_3_96:c4077-3019	FOM_3_00769
prokka_FOM_3/FOM_3:Gene	FOM_3_00770	FOM_3_96:c4701-4165	FOM_3_00770
prokka_FOM_3/FOM_3:Gene	FOM_3_00771	FOM_3_96:c5332-4730	FOM_3_00771
prokka_FOM_3/FOM_3:Gene	murI	FOM_3_96:c6207-5329	FOM_3_00772
prokka_FOM_3/FOM_3:Gene	FOM_3_00773	FOM_3_96:6255-6956	FOM_3_00773
prokka_FOM_3/FOM_3:Gene	FOM_3_00774	FOM_3_97:c4850-2364	FOM_3_00774
prokka_FOM_3/FOM_3:Gene	FOM_3_00775	FOM_3_97:c5614-5027	FOM_3_00775
prokka_FOM_3/FOM_3:Gene	FOM_3_00776	FOM_3_97:c5922-5761	FOM_3_00776
prokka_FOM_3/FOM_3:Gene	FOM_3_00777	FOM_3_97:c6111-5953	FOM_3_00777
prokka_FOM_3/FOM_3:Gene	FOM_3_00778	FOM_3_97:c6674-6111	FOM_3_00778
prokka_FOM_3/FOM_3:Gene	alsS	FOM_3_97:c8761-7076	FOM_3_00779
prokka_FOM_3/FOM_3:Gene	obg	FOM_3_97:c10265-8946	FOM_3_00780
prokka_FOM_3/FOM_3:Gene	uvrC	FOM_3_97:c12173-10374	FOM_3_00781
prokka_FOM_3/FOM_3:Gene	pyrG	FOM_3_97:c13888-12272	FOM_3_00782
prokka_FOM_3/FOM_3:Gene	FOM_3_00783	FOM_3_97:c15467-14094	FOM_3_00783
prokka_FOM_3/FOM_3:Gene	tetA_1	FOM_3_97:c16672-15464	FOM_3_00784
prokka_FOM_3/FOM_3:Gene	rhaR	FOM_3_97:c17718-16795	FOM_3_00785
prokka_FOM_3/FOM_3:Gene	yifK	FOM_3_97:c19205-17805	FOM_3_00786
prokka_FOM_3/FOM_3:Gene	FOM_3_00787	FOM_3_97:c19660-19586	FOM_3_00787
prokka_FOM_3/FOM_3:Gene	FOM_3_00788	FOM_3_98:52-180	FOM_3_00788
prokka_FOM_3/FOM_3:Gene	lmrA	FOM_3_98:236-2032	FOM_3_00789
prokka_FOM_3/FOM_3:Gene	macB	FOM_3_98:2141-4129	FOM_3_00790
prokka_FOM_3/FOM_3:Gene	FOM_3_00791	FOM_3_99:c1881-325	FOM_3_00791
prokka_FOM_3/FOM_3:Gene	hsdR	FOM_3_99:c4754-1893	FOM_3_00792
prokka_FOM_3/FOM_3:Gene	tig	FOM_3_99:c6231-4936	FOM_3_00793
prokka_FOM_3/FOM_3:Gene	pucI	FOM_3_99:c7680-6334	FOM_3_00794
prokka_FOM_3/FOM_3:Gene	FOM_3_00795	FOM_3_99:c7983-7885	FOM_3_00795
prokka_FOM_3/FOM_3:Gene	FOM_3_00796	FOM_3_99:c9461-8046	FOM_3_00796
prokka_FOM_3/FOM_3:Gene	FOM_3_00797	FOM_3_99:c9839-9537	FOM_3_00797
prokka_FOM_3/FOM_3:Gene	FOM_3_00798	FOM_3_100:c676-290	FOM_3_00798
prokka_FOM_3/FOM_3:Gene	pepS	FOM_3_100:c1930-701	FOM_3_00799
prokka_FOM_3/FOM_3:Gene	FOM_3_00800	FOM_3_100:2075-2812	FOM_3_00800
prokka_FOM_3/FOM_3:Gene	iolU	FOM_3_100:2809-3807	FOM_3_00801
prokka_FOM_3/FOM_3:Gene	deaD	FOM_3_100:3809-5104	FOM_3_00802
prokka_FOM_3/FOM_3:Gene	mutM	FOM_3_100:5254-6087	FOM_3_00803
prokka_FOM_3/FOM_3:Gene	coaE	FOM_3_100:6111-6731	FOM_3_00804
prokka_FOM_3/FOM_3:Gene	dnaB	FOM_3_100:6715-8022	FOM_3_00805
prokka_FOM_3/FOM_3:Gene	dnaI	FOM_3_100:8024-8944	FOM_3_00806
prokka_FOM_3/FOM_3:Gene	FOM_3_00807	FOM_3_100:8941-10026	FOM_3_00807
prokka_FOM_3/FOM_3:Gene	FOM_3_00808	FOM_3_100:10023-10790	FOM_3_00808
prokka_FOM_3/FOM_3:Gene	FOM_3_00809	FOM_3_100:10787-11089	FOM_3_00809
prokka_FOM_3/FOM_3:Gene	FOM_3_00810	FOM_3_100:11194-11547	FOM_3_00810
prokka_FOM_3/FOM_3:Gene	FOM_3_00811	FOM_3_100:11619-11689	FOM_3_00811
prokka_FOM_3/FOM_3:Gene	recG	FOM_3_100:11739-13769	FOM_3_00812
prokka_FOM_3/FOM_3:Gene	plsX	FOM_3_100:13854-14900	FOM_3_00813
prokka_FOM_3/FOM_3:Gene	acpP_1	FOM_3_100:14951-15199	FOM_3_00814
prokka_FOM_3/FOM_3:Gene	msrC	FOM_3_100:15541-16023	FOM_3_00815
prokka_FOM_3/FOM_3:Gene	FOM_3_00816	FOM_3_100:16263-17771	FOM_3_00816
prokka_FOM_3/FOM_3:Gene	FOM_3_00817	FOM_3_100:17768-18220	FOM_3_00817
prokka_FOM_3/FOM_3:Gene	yidA	FOM_3_100:18267-19100	FOM_3_00818
prokka_FOM_3/FOM_3:Gene	FOM_3_00819	FOM_3_100:19101-19304	FOM_3_00819
prokka_FOM_3/FOM_3:Gene	FOM_3_00820	FOM_3_100:19297-20034	FOM_3_00820
prokka_FOM_3/FOM_3:Gene	pepQ	FOM_3_100:c21167-20070	FOM_3_00821
prokka_FOM_3/FOM_3:Gene	ccpA_1	FOM_3_100:21370-22386	FOM_3_00822
prokka_FOM_3/FOM_3:Gene	purR_2	FOM_3_101:c1808-807	FOM_3_00823
prokka_FOM_3/FOM_3:Gene	nupG	FOM_3_101:1953-3176	FOM_3_00824
prokka_FOM_3/FOM_3:Gene	rihC	FOM_3_101:3197-4129	FOM_3_00825
prokka_FOM_3/FOM_3:Gene	rihB_1	FOM_3_101:4131-5090	FOM_3_00826
prokka_FOM_3/FOM_3:Gene	yagU_1	FOM_3_101:5248-5727	FOM_3_00827
prokka_FOM_3/FOM_3:Gene	clcB	FOM_3_101:5911-7227	FOM_3_00828
prokka_FOM_3/FOM_3:Gene	FOM_3_00829	FOM_3_101:7224-8912	FOM_3_00829
prokka_FOM_3/FOM_3:Gene	kdsD	FOM_3_101:c9918-8962	FOM_3_00830
prokka_FOM_3/FOM_3:Gene	kdsA_2	FOM_3_101:c10753-9902	FOM_3_00831
prokka_FOM_3/FOM_3:Gene	FOM_3_00832	FOM_3_101:11064-11312	FOM_3_00832
prokka_FOM_3/FOM_3:Gene	FOM_3_00833	FOM_3_102:73-363	FOM_3_00833
prokka_FOM_3/FOM_3:Gene	FOM_3_00834	FOM_3_102:360-866	FOM_3_00834
prokka_FOM_3/FOM_3:Gene	FOM_3_00835	FOM_3_102:1081-1641	FOM_3_00835
prokka_FOM_3/FOM_3:Gene	thiM	FOM_3_102:1641-2417	FOM_3_00836
prokka_FOM_3/FOM_3:Gene	thiD_1	FOM_3_102:2414-3247	FOM_3_00837
prokka_FOM_3/FOM_3:Gene	thiE	FOM_3_102:3237-3875	FOM_3_00838
prokka_FOM_3/FOM_3:Gene	FOM_3_00839	FOM_3_102:c5740-3929	FOM_3_00839
prokka_FOM_3/FOM_3:Gene	lepA	FOM_3_103:c2253-391	FOM_3_00840
prokka_FOM_3/FOM_3:Gene	yhhX	FOM_3_103:c3442-2393	FOM_3_00841
prokka_FOM_3/FOM_3:Gene	FOM_3_00842	FOM_3_103:c3856-3494	FOM_3_00842
prokka_FOM_3/FOM_3:Gene	FOM_3_00843	FOM_3_104:297-1532	FOM_3_00843
prokka_FOM_3/FOM_3:Gene	ltaS2	FOM_3_105:6-713	FOM_3_00844
prokka_FOM_3/FOM_3:Gene	uvrB	FOM_3_105:817-2829	FOM_3_00845
prokka_FOM_3/FOM_3:Gene	uvrA	FOM_3_105:2865-5726	FOM_3_00846
prokka_FOM_3/FOM_3:Gene	FOM_3_00847	FOM_3_105:5849-5971	FOM_3_00847
prokka_FOM_3/FOM_3:Gene	FOM_3_00848	FOM_3_105:6048-7016	FOM_3_00848
prokka_FOM_3/FOM_3:Gene	whiA	FOM_3_105:7017-7961	FOM_3_00849
prokka_FOM_3/FOM_3:Gene	clpP	FOM_3_105:8048-8650	FOM_3_00850
prokka_FOM_3/FOM_3:Gene	FOM_3_00851	FOM_3_105:8967-9962	FOM_3_00851
prokka_FOM_3/FOM_3:Gene	FOM_3_00852	FOM_3_105:10140-11378	FOM_3_00852
prokka_FOM_3/FOM_3:Gene	FOM_3_00853	FOM_3_105:11423-11495	FOM_3_00853
prokka_FOM_3/FOM_3:Gene	FOM_3_00854	FOM_3_105:c12468-11626	FOM_3_00854
prokka_FOM_3/FOM_3:Gene	FOM_3_00855	FOM_3_105:12865-13515	FOM_3_00855
prokka_FOM_3/FOM_3:Gene	gph	FOM_3_105:13581-14126	FOM_3_00856
prokka_FOM_3/FOM_3:Gene	yqeH	FOM_3_105:14116-15261	FOM_3_00857
prokka_FOM_3/FOM_3:Gene	FOM_3_00858	FOM_3_105:15261-15572	FOM_3_00858
prokka_FOM_3/FOM_3:Gene	nadD	FOM_3_105:15583-16221	FOM_3_00859
prokka_FOM_3/FOM_3:Gene	FOM_3_00860	FOM_3_105:16214-16798	FOM_3_00860
prokka_FOM_3/FOM_3:Gene	rsfS	FOM_3_105:16802-17173	FOM_3_00861
prokka_FOM_3/FOM_3:Gene	COQ5	FOM_3_105:17226-17981	FOM_3_00862
prokka_FOM_3/FOM_3:Gene	tmcAL	FOM_3_105:17978-19150	FOM_3_00863
prokka_FOM_3/FOM_3:Gene	FOM_3_00864	FOM_3_105:19152-19697	FOM_3_00864
prokka_FOM_3/FOM_3:Gene	arlR_2	FOM_3_105:19799-20488	FOM_3_00865
prokka_FOM_3/FOM_3:Gene	arlS	FOM_3_105:20505-21608	FOM_3_00866
prokka_FOM_3/FOM_3:Gene	acyP	FOM_3_105:21589-21861	FOM_3_00867
prokka_FOM_3/FOM_3:Gene	yidC	FOM_3_105:21933-22853	FOM_3_00868
prokka_FOM_3/FOM_3:Gene	rlmB	FOM_3_105:22900-23676	FOM_3_00869
prokka_FOM_3/FOM_3:Gene	secG	FOM_3_105:23756-23992	FOM_3_00870
prokka_FOM_3/FOM_3:Gene	rnr	FOM_3_105:24093-26417	FOM_3_00871
prokka_FOM_3/FOM_3:Gene	smpB	FOM_3_105:26429-26890	FOM_3_00872
prokka_FOM_3/FOM_3:Gene	psaA	FOM_3_106:c595-224	FOM_3_00873
prokka_FOM_3/FOM_3:Gene	nox	FOM_3_107:c1702-341	FOM_3_00874
prokka_FOM_3/FOM_3:Gene	yfeX	FOM_3_107:1930-2889	FOM_3_00875
prokka_FOM_3/FOM_3:Gene	dapB	FOM_3_107:c3651-2926	FOM_3_00876
prokka_FOM_3/FOM_3:Gene	dapA	FOM_3_107:c4517-3648	FOM_3_00877
prokka_FOM_3/FOM_3:Gene	ykuR	FOM_3_107:c5674-4520	FOM_3_00878
prokka_FOM_3/FOM_3:Gene	dapH	FOM_3_107:c6375-5674	FOM_3_00879
prokka_FOM_3/FOM_3:Gene	lysA	FOM_3_107:c6844-6380	FOM_3_00880
prokka_FOM_3/FOM_3:Gene	brpA_2	FOM_3_108:2-1018	FOM_3_00881
prokka_FOM_3/FOM_3:Gene	FOM_3_00882	FOM_3_108:c1486-1088	FOM_3_00882
prokka_FOM_3/FOM_3:Gene	gppA	FOM_3_108:1637-2560	FOM_3_00883
prokka_FOM_3/FOM_3:Gene	mvaA	FOM_3_108:2553-3758	FOM_3_00884
prokka_FOM_3/FOM_3:Gene	FOM_3_00885	FOM_3_108:3742-4695	FOM_3_00885
prokka_FOM_3/FOM_3:Gene	cobB	FOM_3_108:4699-5400	FOM_3_00886
prokka_FOM_3/FOM_3:Gene	czcD	FOM_3_108:5481-6398	FOM_3_00887
prokka_FOM_3/FOM_3:Gene	clpX	FOM_3_109:1086-2333	FOM_3_00888
prokka_FOM_3/FOM_3:Gene	engB	FOM_3_109:2337-2930	FOM_3_00889
prokka_FOM_3/FOM_3:Gene	lacS	FOM_3_109:c4934-3003	FOM_3_00890
prokka_FOM_3/FOM_3:Gene	melR	FOM_3_109:5120-6133	FOM_3_00891
prokka_FOM_3/FOM_3:Gene	melA	FOM_3_109:6205-8436	FOM_3_00892
prokka_FOM_3/FOM_3:Gene	galK_2	FOM_3_109:8452-9642	FOM_3_00893
prokka_FOM_3/FOM_3:Gene	FOM_3_00894	FOM_3_110:8-1627	FOM_3_00894
prokka_FOM_3/FOM_3:Gene	srtA	FOM_3_110:1760-2563	FOM_3_00895
prokka_FOM_3/FOM_3:Gene	srtD	FOM_3_110:2566-3117	FOM_3_00896
prokka_FOM_3/FOM_3:Gene	prfC	FOM_3_110:3161-4672	FOM_3_00897
prokka_FOM_3/FOM_3:Gene	FOM_3_00898	FOM_3_110:4831-5739	FOM_3_00898
prokka_FOM_3/FOM_3:Gene	FOM_3_00899	FOM_3_110:5820-6362	FOM_3_00899
prokka_FOM_3/FOM_3:Gene	folT_2	FOM_3_110:6606-7163	FOM_3_00900
prokka_FOM_3/FOM_3:Gene	thiD_2	FOM_3_110:7199-8011	FOM_3_00901
prokka_FOM_3/FOM_3:Gene	FOM_3_00902	FOM_3_110:8217-8870	FOM_3_00902
prokka_FOM_3/FOM_3:Gene	FOM_3_00903	FOM_3_110:8994-10103	FOM_3_00903
prokka_FOM_3/FOM_3:Gene	FOM_3_00904	FOM_3_110:10128-10448	FOM_3_00904
prokka_FOM_3/FOM_3:Gene	FOM_3_00905	FOM_3_110:10438-12372	FOM_3_00905
prokka_FOM_3/FOM_3:Gene	FOM_3_00906	FOM_3_110:12531-14120	FOM_3_00906
prokka_FOM_3/FOM_3:Gene	FOM_3_00907	FOM_3_110:c14841-14158	FOM_3_00907
prokka_FOM_3/FOM_3:Gene	adhE	FOM_3_110:15181-17883	FOM_3_00908
prokka_FOM_3/FOM_3:Gene	FOM_3_00909	FOM_3_110:c18085-17927	FOM_3_00909
prokka_FOM_3/FOM_3:Gene	yagU_2	FOM_3_110:c18760-18221	FOM_3_00910
prokka_FOM_3/FOM_3:Gene	gnd	FOM_3_110:c20482-19055	FOM_3_00911
prokka_FOM_3/FOM_3:Gene	FOM_3_00912	FOM_3_110:c21175-20777	FOM_3_00912
prokka_FOM_3/FOM_3:Gene	rlmCD	FOM_3_110:c22035-21178	FOM_3_00913
prokka_FOM_3/FOM_3:Gene	FOM_3_00914	FOM_3_111:c1388-822	FOM_3_00914
prokka_FOM_3/FOM_3:Gene	araA	FOM_3_111:1682-3106	FOM_3_00915
prokka_FOM_3/FOM_3:Gene	xylT_2	FOM_3_111:3117-4496	FOM_3_00916
prokka_FOM_3/FOM_3:Gene	xylB_3	FOM_3_111:4599-6218	FOM_3_00917
prokka_FOM_3/FOM_3:Gene	araD	FOM_3_111:6220-6924	FOM_3_00918
prokka_FOM_3/FOM_3:Gene	galM	FOM_3_111:6940-7974	FOM_3_00919
prokka_FOM_3/FOM_3:Gene	FOM_3_00920	FOM_3_111:8011-8619	FOM_3_00920
prokka_FOM_3/FOM_3:Gene	gpr_2	FOM_3_111:8660-9655	FOM_3_00921
prokka_FOM_3/FOM_3:Gene	lacM	FOM_3_111:c10709-9744	FOM_3_00922
prokka_FOM_3/FOM_3:Gene	lacL	FOM_3_111:c12582-10687	FOM_3_00923
prokka_FOM_3/FOM_3:Gene	FOM_3_00924	FOM_3_111:c13197-12754	FOM_3_00924
prokka_FOM_3/FOM_3:Gene	FOM_3_00925	FOM_3_111:c14873-13590	FOM_3_00925
prokka_FOM_3/FOM_3:Gene	yueI	FOM_3_111:c15255-14881	FOM_3_00926
prokka_FOM_3/FOM_3:Gene	mdrP_2	FOM_3_111:c16579-15350	FOM_3_00927
prokka_FOM_3/FOM_3:Gene	sgrR	FOM_3_111:16692-18425	FOM_3_00928
prokka_FOM_3/FOM_3:Gene	rpsD	FOM_3_111:c19110-18499	FOM_3_00929
prokka_FOM_3/FOM_3:Gene	ezrA	FOM_3_111:19416-21131	FOM_3_00930
prokka_FOM_3/FOM_3:Gene	FOM_3_00931	FOM_3_112:c454-86	FOM_3_00931
prokka_FOM_3/FOM_3:Gene	FOM_3_00932	FOM_3_112:907-1173	FOM_3_00932
prokka_FOM_3/FOM_3:Gene	dexB	FOM_3_113:c2162-531	FOM_3_00933
prokka_FOM_3/FOM_3:Gene	bbmA	FOM_3_113:c3958-2174	FOM_3_00934
prokka_FOM_3/FOM_3:Gene	msmX	FOM_3_113:c5111-4008	FOM_3_00935
prokka_FOM_3/FOM_3:Gene	malX	FOM_3_113:5466-6698	FOM_3_00936
prokka_FOM_3/FOM_3:Gene	FOM_3_00937	FOM_3_113:6760-8121	FOM_3_00937
prokka_FOM_3/FOM_3:Gene	FOM_3_00938	FOM_3_113:8124-8972	FOM_3_00938
prokka_FOM_3/FOM_3:Gene	purR_3	FOM_3_113:9035-10030	FOM_3_00939
prokka_FOM_3/FOM_3:Gene	ccpA_2	FOM_3_113:10024-10980	FOM_3_00940
prokka_FOM_3/FOM_3:Gene	FOM_3_00941	FOM_3_114:c246-79	FOM_3_00941
prokka_FOM_3/FOM_3:Gene	FOM_3_00942	FOM_3_114:c349-248	FOM_3_00942
prokka_FOM_3/FOM_3:Gene	FOM_3_00943	FOM_3_114:618-941	FOM_3_00943
prokka_FOM_3/FOM_3:Gene	FOM_3_00944	FOM_3_114:c1512-1087	FOM_3_00944
prokka_FOM_3/FOM_3:Gene	FOM_3_00945	FOM_3_114:c1788-1700	FOM_3_00945
prokka_FOM_3/FOM_3:Gene	bioY2	FOM_3_114:c2379-1843	FOM_3_00946
prokka_FOM_3/FOM_3:Gene	birA	FOM_3_114:c3122-2376	FOM_3_00947
prokka_FOM_3/FOM_3:Gene	yheS	FOM_3_114:c4679-3123	FOM_3_00948
prokka_FOM_3/FOM_3:Gene	FOM_3_00949	FOM_3_114:c5650-4700	FOM_3_00949
prokka_FOM_3/FOM_3:Gene	FOM_3_00950	FOM_3_114:c6603-5659	FOM_3_00950
prokka_FOM_3/FOM_3:Gene	FOM_3_00951	FOM_3_114:6791-8071	FOM_3_00951
prokka_FOM_3/FOM_3:Gene	FOM_3_00952	FOM_3_114:8077-8409	FOM_3_00952
prokka_FOM_3/FOM_3:Gene	adhA	FOM_3_114:c9506-8454	FOM_3_00953
prokka_FOM_3/FOM_3:Gene	qorA	FOM_3_114:c10564-9677	FOM_3_00954
prokka_FOM_3/FOM_3:Gene	FOM_3_00955	FOM_3_114:c12682-10832	FOM_3_00955
prokka_FOM_3/FOM_3:Gene	FOM_3_00956	FOM_3_114:c13703-12807	FOM_3_00956
prokka_FOM_3/FOM_3:Gene	gsiC	FOM_3_114:c14679-13714	FOM_3_00957
prokka_FOM_3/FOM_3:Gene	oppF_2	FOM_3_114:c15671-14682	FOM_3_00958
prokka_FOM_3/FOM_3:Gene	oppD_2	FOM_3_114:c16681-15668	FOM_3_00959
prokka_FOM_3/FOM_3:Gene	FOM_3_00960	FOM_3_115:c2810-864	FOM_3_00960
prokka_FOM_3/FOM_3:Gene	ccpA_3	FOM_3_115:2970-3941	FOM_3_00961
prokka_FOM_3/FOM_3:Gene	yydK	FOM_3_115:c4738-4004	FOM_3_00962
prokka_FOM_3/FOM_3:Gene	bglA_2	FOM_3_115:c6290-4857	FOM_3_00963
prokka_FOM_3/FOM_3:Gene	licC_3	FOM_3_115:c7659-6304	FOM_3_00964
prokka_FOM_3/FOM_3:Gene	FOM_3_00965	FOM_3_115:c8175-7684	FOM_3_00965
prokka_FOM_3/FOM_3:Gene	FOM_3_00966	FOM_3_115:c9222-8446	FOM_3_00966
prokka_FOM_3/FOM_3:Gene	FOM_3_00967	FOM_3_116:33-410	FOM_3_00967
prokka_FOM_3/FOM_3:Gene	pgi	FOM_3_116:c3030-1678	FOM_3_00968
prokka_FOM_3/FOM_3:Gene	nagB	FOM_3_116:c3781-3080	FOM_3_00969
prokka_FOM_3/FOM_3:Gene	dacA_3	FOM_3_116:c5224-3920	FOM_3_00970
prokka_FOM_3/FOM_3:Gene	rcsC_1	FOM_3_116:c6317-5205	FOM_3_00971
prokka_FOM_3/FOM_3:Gene	srrA_1	FOM_3_116:c7006-6314	FOM_3_00972
prokka_FOM_3/FOM_3:Gene	FOM_3_00973	FOM_3_116:c7720-7025	FOM_3_00973
prokka_FOM_3/FOM_3:Gene	ychF	FOM_3_116:c8872-7772	FOM_3_00974
prokka_FOM_3/FOM_3:Gene	FOM_3_00975	FOM_3_116:c9083-8874	FOM_3_00975
prokka_FOM_3/FOM_3:Gene	spo0J	FOM_3_116:c9991-9083	FOM_3_00976
prokka_FOM_3/FOM_3:Gene	soj	FOM_3_116:c10742-9981	FOM_3_00977
prokka_FOM_3/FOM_3:Gene	rsmG	FOM_3_116:c11283-10765	FOM_3_00978
prokka_FOM_3/FOM_3:Gene	ybeY	FOM_3_117:c624-142	FOM_3_00979
prokka_FOM_3/FOM_3:Gene	FOM_3_00980	FOM_3_117:c1616-624	FOM_3_00980
prokka_FOM_3/FOM_3:Gene	nrgA	FOM_3_117:c2491-1718	FOM_3_00981
prokka_FOM_3/FOM_3:Gene	FOM_3_00982	FOM_3_118:61-348	FOM_3_00982
prokka_FOM_3/FOM_3:Gene	sorC	FOM_3_118:373-1233	FOM_3_00983
prokka_FOM_3/FOM_3:Gene	manZ_1	FOM_3_118:1235-2077	FOM_3_00984
prokka_FOM_3/FOM_3:Gene	FOM_3_00985	FOM_3_118:2095-2379	FOM_3_00985
prokka_FOM_3/FOM_3:Gene	rnhB	FOM_3_119:20-193	FOM_3_00986
prokka_FOM_3/FOM_3:Gene	FOM_3_00987	FOM_3_119:c791-150	FOM_3_00987
prokka_FOM_3/FOM_3:Gene	ykoD_2	FOM_3_119:c2164-791	FOM_3_00988
prokka_FOM_3/FOM_3:Gene	FOM_3_00989	FOM_3_119:c2494-2201	FOM_3_00989
prokka_FOM_3/FOM_3:Gene	ykoE	FOM_3_119:c3069-2491	FOM_3_00990
prokka_FOM_3/FOM_3:Gene	FOM_3_00991	FOM_3_119:3462-4403	FOM_3_00991
prokka_FOM_3/FOM_3:Gene	trmK	FOM_3_119:4473-5162	FOM_3_00992
prokka_FOM_3/FOM_3:Gene	FOM_3_00993	FOM_3_119:5159-5965	FOM_3_00993
prokka_FOM_3/FOM_3:Gene	polA	FOM_3_120:44-2569	FOM_3_00994
prokka_FOM_3/FOM_3:Gene	FOM_3_00995	FOM_3_120:2590-3582	FOM_3_00995
prokka_FOM_3/FOM_3:Gene	glnR	FOM_3_120:3736-4074	FOM_3_00996
prokka_FOM_3/FOM_3:Gene	glnA	FOM_3_120:4087-5433	FOM_3_00997
prokka_FOM_3/FOM_3:Gene	cshB	FOM_3_121:78-419	FOM_3_00998
prokka_FOM_3/FOM_3:Gene	rpsT	FOM_3_121:c727-476	FOM_3_00999
prokka_FOM_3/FOM_3:Gene	rpsO	FOM_3_121:c1046-777	FOM_3_01000
prokka_FOM_3/FOM_3:Gene	gatC	FOM_3_121:1241-1549	FOM_3_01001
prokka_FOM_3/FOM_3:Gene	gatA	FOM_3_121:1552-3018	FOM_3_01002
prokka_FOM_3/FOM_3:Gene	gatB	FOM_3_121:3036-4475	FOM_3_01003
prokka_FOM_3/FOM_3:Gene	dagK	FOM_3_121:4541-5563	FOM_3_01004
prokka_FOM_3/FOM_3:Gene	FOM_3_01005	FOM_3_121:5638-7035	FOM_3_01005
prokka_FOM_3/FOM_3:Gene	mutS	FOM_3_121:7152-9719	FOM_3_01006
prokka_FOM_3/FOM_3:Gene	FOM_3_01007	FOM_3_123:178-414	FOM_3_01007
prokka_FOM_3/FOM_3:Gene	FOM_3_01008	FOM_3_123:429-659	FOM_3_01008
prokka_FOM_3/FOM_3:Gene	FOM_3_01009	FOM_3_123:c1944-706	FOM_3_01009
prokka_FOM_3/FOM_3:Gene	FOM_3_01010	FOM_3_123:2075-2662	FOM_3_01010
prokka_FOM_3/FOM_3:Gene	gltX	FOM_3_123:2760-4256	FOM_3_01011
prokka_FOM_3/FOM_3:Gene	cysS_1	FOM_3_123:4366-5775	FOM_3_01012
prokka_FOM_3/FOM_3:Gene	FOM_3_01013	FOM_3_124:50-493	FOM_3_01013
prokka_FOM_3/FOM_3:Gene	FOM_3_01014	FOM_3_125:89-301	FOM_3_01014
prokka_FOM_3/FOM_3:Gene	FOM_3_01015	FOM_3_125:c830-492	FOM_3_01015
prokka_FOM_3/FOM_3:Gene	yigZ	FOM_3_125:1163-1798	FOM_3_01016
prokka_FOM_3/FOM_3:Gene	FOM_3_01017	FOM_3_125:1817-1890	FOM_3_01017
prokka_FOM_3/FOM_3:Gene	ppx_1	FOM_3_125:c2929-1958	FOM_3_01018
prokka_FOM_3/FOM_3:Gene	ppk	FOM_3_125:c5058-2926	FOM_3_01019
prokka_FOM_3/FOM_3:Gene	ppx_2	FOM_3_125:c6546-5068	FOM_3_01020
prokka_FOM_3/FOM_3:Gene	tag	FOM_3_125:c7250-6636	FOM_3_01021
prokka_FOM_3/FOM_3:Gene	eno2	FOM_3_125:c7904-7323	FOM_3_01022
prokka_FOM_3/FOM_3:Gene	pyk	FOM_3_126:c1748-606	FOM_3_01023
prokka_FOM_3/FOM_3:Gene	FOM_3_01024	FOM_3_127:c736-122	FOM_3_01024
prokka_FOM_3/FOM_3:Gene	yjbM	FOM_3_127:875-1450	FOM_3_01025
prokka_FOM_3/FOM_3:Gene	nadK1	FOM_3_127:1447-2241	FOM_3_01026
prokka_FOM_3/FOM_3:Gene	rluC	FOM_3_127:2301-3203	FOM_3_01027
prokka_FOM_3/FOM_3:Gene	mgtE	FOM_3_127:3206-4570	FOM_3_01028
prokka_FOM_3/FOM_3:Gene	FOM_3_01029	FOM_3_127:c5102-4614	FOM_3_01029
prokka_FOM_3/FOM_3:Gene	adeC	FOM_3_127:c6772-5099	FOM_3_01030
prokka_FOM_3/FOM_3:Gene	FOM_3_01031	FOM_3_128:c1346-1203	FOM_3_01031
prokka_FOM_3/FOM_3:Gene	FOM_3_01032	FOM_3_128:c2002-1346	FOM_3_01032
prokka_FOM_3/FOM_3:Gene	FOM_3_01033	FOM_3_128:2139-3122	FOM_3_01033
prokka_FOM_3/FOM_3:Gene	mtnN	FOM_3_128:c3801-3127	FOM_3_01034
prokka_FOM_3/FOM_3:Gene	FOM_3_01035	FOM_3_128:c4114-3821	FOM_3_01035
prokka_FOM_3/FOM_3:Gene	act	FOM_3_128:c4669-4118	FOM_3_01036
prokka_FOM_3/FOM_3:Gene	cspG	FOM_3_128:c4893-4669	FOM_3_01037
prokka_FOM_3/FOM_3:Gene	adeP	FOM_3_128:c5265-4954	FOM_3_01038
prokka_FOM_3/FOM_3:Gene	rpsU	FOM_3_130:24-209	FOM_3_01039
prokka_FOM_3/FOM_3:Gene	yqeY	FOM_3_130:315-764	FOM_3_01040
prokka_FOM_3/FOM_3:Gene	cvfB	FOM_3_130:823-1686	FOM_3_01041
prokka_FOM_3/FOM_3:Gene	xerD	FOM_3_130:1683-2579	FOM_3_01042
prokka_FOM_3/FOM_3:Gene	FOM_3_01043	FOM_3_130:2580-2957	FOM_3_01043
prokka_FOM_3/FOM_3:Gene	scpA	FOM_3_130:2924-3691	FOM_3_01044
prokka_FOM_3/FOM_3:Gene	scpB	FOM_3_130:3694-4278	FOM_3_01045
prokka_FOM_3/FOM_3:Gene	rluB	FOM_3_130:4287-5036	FOM_3_01046
prokka_FOM_3/FOM_3:Gene	ribU	FOM_3_130:5299-5886	FOM_3_01047
prokka_FOM_3/FOM_3:Gene	FOM_3_01048	FOM_3_130:5963-6508	FOM_3_01048
prokka_FOM_3/FOM_3:Gene	cmk	FOM_3_130:6524-7198	FOM_3_01049
prokka_FOM_3/FOM_3:Gene	rps1	FOM_3_130:7414-8487	FOM_3_01050
prokka_FOM_3/FOM_3:Gene	der	FOM_3_130:8561-9871	FOM_3_01051
prokka_FOM_3/FOM_3:Gene	hup	FOM_3_130:10048-10323	FOM_3_01052
prokka_FOM_3/FOM_3:Gene	btuD_3	FOM_3_131:41-802	FOM_3_01053
prokka_FOM_3/FOM_3:Gene	ptsH	FOM_3_131:1017-1286	FOM_3_01054
prokka_FOM_3/FOM_3:Gene	FOM_3_01055	FOM_3_131:c1872-1345	FOM_3_01055
prokka_FOM_3/FOM_3:Gene	FOM_3_01056	FOM_3_133:c2142-364	FOM_3_01056
prokka_FOM_3/FOM_3:Gene	FOM_3_01057	FOM_3_134:c3650-3555	FOM_3_01057
prokka_FOM_3/FOM_3:Gene	ptsI	FOM_3_135:7-1128	FOM_3_01058
prokka_FOM_3/FOM_3:Gene	tsaB	FOM_3_135:1179-1889	FOM_3_01059
prokka_FOM_3/FOM_3:Gene	FOM_3_01060	FOM_3_135:1873-2430	FOM_3_01060
prokka_FOM_3/FOM_3:Gene	rimI	FOM_3_135:2405-2818	FOM_3_01061
prokka_FOM_3/FOM_3:Gene	tsaD	FOM_3_135:2811-3827	FOM_3_01062
prokka_FOM_3/FOM_3:Gene	rex	FOM_3_135:3926-4576	FOM_3_01063
prokka_FOM_3/FOM_3:Gene	femX	FOM_3_135:4582-5619	FOM_3_01064
prokka_FOM_3/FOM_3:Gene	menE_2	FOM_3_135:6196-7482	FOM_3_01065
prokka_FOM_3/FOM_3:Gene	pepF1	FOM_3_136:56-409	FOM_3_01066
prokka_FOM_3/FOM_3:Gene	dedA_1	FOM_3_136:523-1194	FOM_3_01067
prokka_FOM_3/FOM_3:Gene	FOM_3_01068	FOM_3_136:1335-1886	FOM_3_01068
prokka_FOM_3/FOM_3:Gene	FOM_3_01069	FOM_3_136:1879-3261	FOM_3_01069
prokka_FOM_3/FOM_3:Gene	FOM_3_01070	FOM_3_136:3277-3621	FOM_3_01070
prokka_FOM_3/FOM_3:Gene	FOM_3_01071	FOM_3_137:c176-69	FOM_3_01071
prokka_FOM_3/FOM_3:Gene	dedA_2	FOM_3_137:c876-217	FOM_3_01072
prokka_FOM_3/FOM_3:Gene	degA	FOM_3_137:c1883-903	FOM_3_01073
prokka_FOM_3/FOM_3:Gene	neoA	FOM_3_137:2032-3048	FOM_3_01074
prokka_FOM_3/FOM_3:Gene	FOM_3_01075	FOM_3_137:3050-3784	FOM_3_01075
prokka_FOM_3/FOM_3:Gene	FOM_3_01076	FOM_3_137:3842-4225	FOM_3_01076
prokka_FOM_3/FOM_3:Gene	trxB	FOM_3_137:c5261-4302	FOM_3_01077
prokka_FOM_3/FOM_3:Gene	gtaB	FOM_3_137:c6269-5394	FOM_3_01078
prokka_FOM_3/FOM_3:Gene	gpsA	FOM_3_137:c7296-6286	FOM_3_01079
prokka_FOM_3/FOM_3:Gene	hprK	FOM_3_137:c8254-7289	FOM_3_01080
prokka_FOM_3/FOM_3:Gene	FOM_3_01081	FOM_3_137:c8612-8256	FOM_3_01081
prokka_FOM_3/FOM_3:Gene	phoU	FOM_3_137:c9405-8731	FOM_3_01082
prokka_FOM_3/FOM_3:Gene	pstB3_1	FOM_3_137:c10231-9461	FOM_3_01083
prokka_FOM_3/FOM_3:Gene	pstB3_2	FOM_3_137:c11070-10228	FOM_3_01084
prokka_FOM_3/FOM_3:Gene	pstA	FOM_3_137:c11962-11078	FOM_3_01085
prokka_FOM_3/FOM_3:Gene	pstC1	FOM_3_137:c12885-11962	FOM_3_01086
prokka_FOM_3/FOM_3:Gene	pstS1_1	FOM_3_137:c13819-12938	FOM_3_01087
prokka_FOM_3/FOM_3:Gene	FOM_3_01088	FOM_3_137:13921-14040	FOM_3_01088
prokka_FOM_3/FOM_3:Gene	walK_2	FOM_3_137:c15358-14018	FOM_3_01089
prokka_FOM_3/FOM_3:Gene	pstS1_2	FOM_3_137:c16362-15454	FOM_3_01090
prokka_FOM_3/FOM_3:Gene	phoP	FOM_3_137:c17228-16542	FOM_3_01091
prokka_FOM_3/FOM_3:Gene	recA	FOM_3_137:c17644-17312	FOM_3_01092
prokka_FOM_3/FOM_3:Gene	rimP	FOM_3_139:278-754	FOM_3_01093
prokka_FOM_3/FOM_3:Gene	nusA	FOM_3_139:778-1878	FOM_3_01094
prokka_FOM_3/FOM_3:Gene	FOM_3_01095	FOM_3_139:1957-2232	FOM_3_01095
prokka_FOM_3/FOM_3:Gene	rplGA	FOM_3_139:2222-2542	FOM_3_01096
prokka_FOM_3/FOM_3:Gene	FOM_3_01097	FOM_3_140:64-318	FOM_3_01097
prokka_FOM_3/FOM_3:Gene	ybjI_2	FOM_3_140:517-1335	FOM_3_01098
prokka_FOM_3/FOM_3:Gene	FOM_3_01099	FOM_3_140:c1814-1320	FOM_3_01099
prokka_FOM_3/FOM_3:Gene	nfrA2	FOM_3_140:1917-2657	FOM_3_01100
prokka_FOM_3/FOM_3:Gene	manA	FOM_3_140:2693-3649	FOM_3_01101
prokka_FOM_3/FOM_3:Gene	manX	FOM_3_140:3850-4797	FOM_3_01102
prokka_FOM_3/FOM_3:Gene	sorA	FOM_3_140:4832-5644	FOM_3_01103
prokka_FOM_3/FOM_3:Gene	manZ_2	FOM_3_140:5659-6573	FOM_3_01104
prokka_FOM_3/FOM_3:Gene	FOM_3_01105	FOM_3_140:6645-7013	FOM_3_01105
prokka_FOM_3/FOM_3:Gene	FOM_3_01106	FOM_3_141:c4133-3924	FOM_3_01106
prokka_FOM_3/FOM_3:Gene	FOM_3_01107	FOM_3_142:123-1475	FOM_3_01107
prokka_FOM_3/FOM_3:Gene	malP	FOM_3_142:1570-3828	FOM_3_01108
prokka_FOM_3/FOM_3:Gene	FOM_3_01109	FOM_3_142:3885-4868	FOM_3_01109
prokka_FOM_3/FOM_3:Gene	yvdM_1	FOM_3_142:4871-5542	FOM_3_01110
prokka_FOM_3/FOM_3:Gene	cytR	FOM_3_142:c6586-5594	FOM_3_01111
prokka_FOM_3/FOM_3:Gene	malL_2	FOM_3_142:6703-8379	FOM_3_01112
prokka_FOM_3/FOM_3:Gene	FOM_3_01113	FOM_3_142:8450-9793	FOM_3_01113
prokka_FOM_3/FOM_3:Gene	malL_3	FOM_3_142:9809-11491	FOM_3_01114
prokka_FOM_3/FOM_3:Gene	hisS	FOM_3_142:11843-13144	FOM_3_01115
prokka_FOM_3/FOM_3:Gene	FOM_3_01116	FOM_3_143:c881-435	FOM_3_01116
prokka_FOM_3/FOM_3:Gene	FOM_3_01117	FOM_3_143:c1601-903	FOM_3_01117
prokka_FOM_3/FOM_3:Gene	FOM_3_01118	FOM_3_146:c664-200	FOM_3_01118
prokka_FOM_3/FOM_3:Gene	FOM_3_01119	FOM_3_147:c570-271	FOM_3_01119
prokka_FOM_3/FOM_3:Gene	FOM_3_01120	FOM_3_147:c2585-864	FOM_3_01120
prokka_FOM_3/FOM_3:Gene	opuAA	FOM_3_147:c3768-2572	FOM_3_01121
prokka_FOM_3/FOM_3:Gene	FOM_3_01122	FOM_3_147:3968-4585	FOM_3_01122
prokka_FOM_3/FOM_3:Gene	FOM_3_01123	FOM_3_147:c5455-4661	FOM_3_01123
prokka_FOM_3/FOM_3:Gene	FOM_3_01124	FOM_3_147:5551-6081	FOM_3_01124
prokka_FOM_3/FOM_3:Gene	deoD	FOM_3_147:c6837-6130	FOM_3_01125
prokka_FOM_3/FOM_3:Gene	deoB	FOM_3_147:c8024-6834	FOM_3_01126
prokka_FOM_3/FOM_3:Gene	rbsK	FOM_3_147:c8947-8021	FOM_3_01127
prokka_FOM_3/FOM_3:Gene	FOM_3_01128	FOM_3_147:c9968-8949	FOM_3_01128
prokka_FOM_3/FOM_3:Gene	fucP	FOM_3_147:c11283-9931	FOM_3_01129
prokka_FOM_3/FOM_3:Gene	FOM_3_01130	FOM_3_147:c12153-11764	FOM_3_01130
prokka_FOM_3/FOM_3:Gene	pcrA	FOM_3_148:36-677	FOM_3_01131
prokka_FOM_3/FOM_3:Gene	FOM_3_01132	FOM_3_148:674-1162	FOM_3_01132
prokka_FOM_3/FOM_3:Gene	ligA	FOM_3_148:1171-3216	FOM_3_01133
prokka_FOM_3/FOM_3:Gene	FOM_3_01134	FOM_3_148:3213-4355	FOM_3_01134
prokka_FOM_3/FOM_3:Gene	FOM_3_01135	FOM_3_148:c5083-4391	FOM_3_01135
prokka_FOM_3/FOM_3:Gene	clpE	FOM_3_148:c7234-5150	FOM_3_01136
prokka_FOM_3/FOM_3:Gene	FOM_3_01137	FOM_3_148:7359-7532	FOM_3_01137
prokka_FOM_3/FOM_3:Gene	mreB	FOM_3_148:7621-8628	FOM_3_01138
prokka_FOM_3/FOM_3:Gene	mreC	FOM_3_148:8735-9592	FOM_3_01139
prokka_FOM_3/FOM_3:Gene	FOM_3_01140	FOM_3_149:c662-66	FOM_3_01140
prokka_FOM_3/FOM_3:Gene	FOM_3_01141	FOM_3_149:825-3455	FOM_3_01141
prokka_FOM_3/FOM_3:Gene	fumC	FOM_3_149:3525-4898	FOM_3_01142
prokka_FOM_3/FOM_3:Gene	mleA	FOM_3_149:4914-6521	FOM_3_01143
prokka_FOM_3/FOM_3:Gene	FOM_3_01144	FOM_3_150:22-642	FOM_3_01144
prokka_FOM_3/FOM_3:Gene	FOM_3_01145	FOM_3_151:77-805	FOM_3_01145
prokka_FOM_3/FOM_3:Gene	kimA	FOM_3_151:913-2757	FOM_3_01146
prokka_FOM_3/FOM_3:Gene	FOM_3_01147	FOM_3_151:2847-3005	FOM_3_01147
prokka_FOM_3/FOM_3:Gene	srrA_2	FOM_3_151:3104-3820	FOM_3_01148
prokka_FOM_3/FOM_3:Gene	rcsC_2	FOM_3_151:3817-5229	FOM_3_01149
prokka_FOM_3/FOM_3:Gene	FOM_3_01150	FOM_3_151:5319-6299	FOM_3_01150
prokka_FOM_3/FOM_3:Gene	gatD	FOM_3_151:c7085-6354	FOM_3_01151
prokka_FOM_3/FOM_3:Gene	murT	FOM_3_151:c8440-7085	FOM_3_01152
prokka_FOM_3/FOM_3:Gene	FOM_3_01153	FOM_3_151:8629-11673	FOM_3_01153
prokka_FOM_3/FOM_3:Gene	FOM_3_01154	FOM_3_151:11896-12819	FOM_3_01154
prokka_FOM_3/FOM_3:Gene	glpT	FOM_3_151:12859-14214	FOM_3_01155
prokka_FOM_3/FOM_3:Gene	FOM_3_01156	FOM_3_151:14451-17558	FOM_3_01156
prokka_FOM_3/FOM_3:Gene	tdk	FOM_3_151:17678-18277	FOM_3_01157
prokka_FOM_3/FOM_3:Gene	prfA	FOM_3_151:18323-19393	FOM_3_01158
prokka_FOM_3/FOM_3:Gene	dnaE	FOM_3_152:c3461-138	FOM_3_01159
prokka_FOM_3/FOM_3:Gene	FOM_3_01160	FOM_3_152:3581-3778	FOM_3_01160
prokka_FOM_3/FOM_3:Gene	pepT	FOM_3_152:c4815-3823	FOM_3_01161
prokka_FOM_3/FOM_3:Gene	FOM_3_01162	FOM_3_153:37-312	FOM_3_01162
prokka_FOM_3/FOM_3:Gene	FOM_3_01163	FOM_3_153:369-1139	FOM_3_01163
prokka_FOM_3/FOM_3:Gene	murB	FOM_3_154:c2095-1217	FOM_3_01164
prokka_FOM_3/FOM_3:Gene	FOM_3_01165	FOM_3_154:c2503-2264	FOM_3_01165
prokka_FOM_3/FOM_3:Gene	ndkA	FOM_3_154:c2953-2534	FOM_3_01166
prokka_FOM_3/FOM_3:Gene	FOM_3_01167	FOM_3_154:c3532-3014	FOM_3_01167
prokka_FOM_3/FOM_3:Gene	mutL	FOM_3_154:c4957-3545	FOM_3_01168
prokka_FOM_3/FOM_3:Gene	FOM_3_01169	FOM_3_155:c1543-1268	FOM_3_01169
prokka_FOM_3/FOM_3:Gene	FOM_3_01170	FOM_3_155:c2428-1721	FOM_3_01170
prokka_FOM_3/FOM_3:Gene	FOM_3_01171	FOM_3_156:114-554	FOM_3_01171
prokka_FOM_3/FOM_3:Gene	tlyA	FOM_3_156:551-1387	FOM_3_01172
prokka_FOM_3/FOM_3:Gene	argR	FOM_3_156:1380-1835	FOM_3_01173
prokka_FOM_3/FOM_3:Gene	recN	FOM_3_156:1871-3544	FOM_3_01174
prokka_FOM_3/FOM_3:Gene	pbuG	FOM_3_156:c4948-3641	FOM_3_01175
prokka_FOM_3/FOM_3:Gene	dinF	FOM_3_156:c6458-5106	FOM_3_01176
prokka_FOM_3/FOM_3:Gene	gpmA_3	FOM_3_156:6687-7349	FOM_3_01177
prokka_FOM_3/FOM_3:Gene	pepA	FOM_3_156:7346-8413	FOM_3_01178
prokka_FOM_3/FOM_3:Gene	ftsW	FOM_3_156:8413-9585	FOM_3_01179
prokka_FOM_3/FOM_3:Gene	FOM_3_01180	FOM_3_156:9582-9893	FOM_3_01180
prokka_FOM_3/FOM_3:Gene	rsmD	FOM_3_156:9900-10454	FOM_3_01181
prokka_FOM_3/FOM_3:Gene	coaD	FOM_3_156:10458-10946	FOM_3_01182
prokka_FOM_3/FOM_3:Gene	ylbL	FOM_3_156:10930-12021	FOM_3_01183
prokka_FOM_3/FOM_3:Gene	FOM_3_01184	FOM_3_156:12099-12743	FOM_3_01184
prokka_FOM_3/FOM_3:Gene	FOM_3_01185	FOM_3_157:61-3426	FOM_3_01185
prokka_FOM_3/FOM_3:Gene	FOM_3_01186	FOM_3_158:4-570	FOM_3_01186
prokka_FOM_3/FOM_3:Gene	FOM_3_01187	FOM_3_158:634-1020	FOM_3_01187
prokka_FOM_3/FOM_3:Gene	menA	FOM_3_158:1072-1962	FOM_3_01188
prokka_FOM_3/FOM_3:Gene	FOM_3_01189	FOM_3_158:c2683-2039	FOM_3_01189
prokka_FOM_3/FOM_3:Gene	pth	FOM_3_158:2801-3367	FOM_3_01190
prokka_FOM_3/FOM_3:Gene	mfd	FOM_3_158:3368-6895	FOM_3_01191
prokka_FOM_3/FOM_3:Gene	FOM_3_01192	FOM_3_158:6899-7183	FOM_3_01192
prokka_FOM_3/FOM_3:Gene	FOM_3_01193	FOM_3_158:7261-7659	FOM_3_01193
prokka_FOM_3/FOM_3:Gene	tilS	FOM_3_158:7694-8983	FOM_3_01194
prokka_FOM_3/FOM_3:Gene	hpt_2	FOM_3_158:8984-9523	FOM_3_01195
prokka_FOM_3/FOM_3:Gene	ftsH	FOM_3_158:9540-11636	FOM_3_01196
prokka_FOM_3/FOM_3:Gene	hslO	FOM_3_158:11696-12589	FOM_3_01197
prokka_FOM_3/FOM_3:Gene	lysS	FOM_3_158:12677-14164	FOM_3_01198
prokka_FOM_3/FOM_3:Gene	FOM_3_01199	FOM_3_158:14247-14321	FOM_3_01199
prokka_FOM_3/FOM_3:Gene	FOM_3_01200	FOM_3_158:14447-14522	FOM_3_01200
prokka_FOM_3/FOM_3:Gene	FOM_3_01201	FOM_3_158:14548-14623	FOM_3_01201
prokka_FOM_3/FOM_3:Gene	tetA_2	FOM_3_158:c15872-14697	FOM_3_01202
prokka_FOM_3/FOM_3:Gene	steT_2	FOM_3_158:16146-17468	FOM_3_01203
prokka_FOM_3/FOM_3:Gene	FOM_3_01204	FOM_3_158:17598-19109	FOM_3_01204
prokka_FOM_3/FOM_3:Gene	FOM_3_01205	FOM_3_158:19205-21154	FOM_3_01205
prokka_FOM_3/FOM_3:Gene	FOM_3_01206	FOM_3_158:21163-21429	FOM_3_01206
prokka_FOM_3/FOM_3:Gene	FOM_3_01207	FOM_3_158:c21541-21468	FOM_3_01207
prokka_FOM_3/FOM_3:Gene	FOM_3_01208	FOM_3_159:34-549	FOM_3_01208
prokka_FOM_3/FOM_3:Gene	fabD	FOM_3_159:607-1545	FOM_3_01209
prokka_FOM_3/FOM_3:Gene	fabG	FOM_3_159:1547-2278	FOM_3_01210
prokka_FOM_3/FOM_3:Gene	fabF	FOM_3_159:2311-3609	FOM_3_01211
prokka_FOM_3/FOM_3:Gene	accB	FOM_3_159:3612-4067	FOM_3_01212
prokka_FOM_3/FOM_3:Gene	fabZ_1	FOM_3_159:4123-4554	FOM_3_01213
prokka_FOM_3/FOM_3:Gene	FOM_3_01214	FOM_3_160:c1732-212	FOM_3_01214
prokka_FOM_3/FOM_3:Gene	FOM_3_01215	FOM_3_161:3-581	FOM_3_01215
prokka_FOM_3/FOM_3:Gene	perR	FOM_3_161:c1030-614	FOM_3_01216
prokka_FOM_3/FOM_3:Gene	FOM_3_01217	FOM_3_161:1148-1825	FOM_3_01217
prokka_FOM_3/FOM_3:Gene	FOM_3_01218	FOM_3_161:1838-2527	FOM_3_01218
prokka_FOM_3/FOM_3:Gene	FOM_3_01219	FOM_3_161:2571-3431	FOM_3_01219
prokka_FOM_3/FOM_3:Gene	FOM_3_01220	FOM_3_161:3415-4008	FOM_3_01220
prokka_FOM_3/FOM_3:Gene	FOM_3_01221	FOM_3_161:c6156-4036	FOM_3_01221
prokka_FOM_3/FOM_3:Gene	kdgR	FOM_3_161:c7308-6322	FOM_3_01222
prokka_FOM_3/FOM_3:Gene	FOM_3_01223	FOM_3_161:7419-7676	FOM_3_01223
prokka_FOM_3/FOM_3:Gene	FOM_3_01224	FOM_3_161:7687-8430	FOM_3_01224
prokka_FOM_3/FOM_3:Gene	FOM_3_01225	FOM_3_161:8439-9716	FOM_3_01225
prokka_FOM_3/FOM_3:Gene	kdgK	FOM_3_161:9742-10704	FOM_3_01226
prokka_FOM_3/FOM_3:Gene	ghrB_2	FOM_3_161:10707-11651	FOM_3_01227
prokka_FOM_3/FOM_3:Gene	pepN	FOM_3_161:11737-14271	FOM_3_01228
prokka_FOM_3/FOM_3:Gene	sph	FOM_3_161:14423-16195	FOM_3_01229
prokka_FOM_3/FOM_3:Gene	pepX	FOM_3_161:16312-18648	FOM_3_01230
prokka_FOM_3/FOM_3:Gene	treR	FOM_3_161:18878-19579	FOM_3_01231
prokka_FOM_3/FOM_3:Gene	FOM_3_01232	FOM_3_161:19611-21656	FOM_3_01232
prokka_FOM_3/FOM_3:Gene	trePP	FOM_3_161:21682-24048	FOM_3_01233
prokka_FOM_3/FOM_3:Gene	yvdM_2	FOM_3_161:24041-24715	FOM_3_01234
prokka_FOM_3/FOM_3:Gene	FOM_3_01235	FOM_3_162:9-82	FOM_3_01235
prokka_FOM_3/FOM_3:Gene	helD_2	FOM_3_162:225-2591	FOM_3_01236
prokka_FOM_3/FOM_3:Gene	coaA_2	FOM_3_162:2588-3268	FOM_3_01237
prokka_FOM_3/FOM_3:Gene	ribZ_2	FOM_3_162:3381-4883	FOM_3_01238
prokka_FOM_3/FOM_3:Gene	FOM_3_01239	FOM_3_162:4885-5565	FOM_3_01239
prokka_FOM_3/FOM_3:Gene	gtfA_5	FOM_3_162:5699-7135	FOM_3_01240
prokka_FOM_3/FOM_3:Gene	gtfB_3	FOM_3_162:7132-7965	FOM_3_01241
prokka_FOM_3/FOM_3:Gene	pgk	FOM_3_162:8046-9263	FOM_3_01242
prokka_FOM_3/FOM_3:Gene	cysS_2	FOM_3_162:9402-10811	FOM_3_01243
prokka_FOM_3/FOM_3:Gene	FOM_3_01244	FOM_3_163:2285-2770	FOM_3_01244
prokka_FOM_3/FOM_3:Gene	FOM_3_01245	FOM_3_164:4-222	FOM_3_01245
prokka_FOM_3/FOM_3:Gene	FOM_3_01246	FOM_3_164:257-451	FOM_3_01246
prokka_FOM_3/FOM_3:Gene	FOM_3_01247	FOM_3_164:472-579	FOM_3_01247
prokka_FOM_3/FOM_3:Gene	FOM_3_01248	FOM_3_164:897-1127	FOM_3_01248
prokka_FOM_3/FOM_3:Gene	FOM_3_01249	FOM_3_165:51-353	FOM_3_01249
prokka_FOM_3/FOM_3:Gene	FOM_3_01250	FOM_3_165:350-1423	FOM_3_01250
prokka_FOM_3/FOM_3:Gene	prmA	FOM_3_165:1410-2300	FOM_3_01251
prokka_FOM_3/FOM_3:Gene	FOM_3_01252	FOM_3_165:2528-2603	FOM_3_01252
prokka_FOM_3/FOM_3:Gene	rsmE	FOM_3_165:2754-3494	FOM_3_01253
prokka_FOM_3/FOM_3:Gene	FOM_3_01254	FOM_3_165:3545-3982	FOM_3_01254
prokka_FOM_3/FOM_3:Gene	ybiT	FOM_3_165:4076-5746	FOM_3_01255
prokka_FOM_3/FOM_3:Gene	mvaS	FOM_3_165:5815-6972	FOM_3_01256
prokka_FOM_3/FOM_3:Gene	FOM_3_01257	FOM_3_165:7071-7514	FOM_3_01257
prokka_FOM_3/FOM_3:Gene	FOM_3_01258	FOM_3_165:7539-8042	FOM_3_01258
prokka_FOM_3/FOM_3:Gene	FOM_3_01259	FOM_3_165:8071-8364	FOM_3_01259
prokka_FOM_3/FOM_3:Gene	FOM_3_01260	FOM_3_165:8409-9752	FOM_3_01260
prokka_FOM_3/FOM_3:Gene	FOM_3_01261	FOM_3_165:c10225-9785	FOM_3_01261
prokka_FOM_3/FOM_3:Gene	xerC	FOM_3_165:10381-11283	FOM_3_01262
prokka_FOM_3/FOM_3:Gene	fhs1	FOM_3_166:c2164-716	FOM_3_01263
prokka_FOM_3/FOM_3:Gene	nnrD	FOM_3_167:997-1818	FOM_3_01264
prokka_FOM_3/FOM_3:Gene	FOM_3_01265	FOM_3_169:c1383-919	FOM_3_01265
prokka_FOM_3/FOM_3:Gene	spsB	FOM_3_169:c1963-1352	FOM_3_01266
prokka_FOM_3/FOM_3:Gene	misCA	FOM_3_169:c2902-2063	FOM_3_01267
prokka_FOM_3/FOM_3:Gene	rnpA	FOM_3_169:c3249-2899	FOM_3_01268
prokka_FOM_3/FOM_3:Gene	rpmH	FOM_3_169:c3512-3378	FOM_3_01269
prokka_FOM_3/FOM_3:Gene	tmpC_3	FOM_3_169:c4691-3627	FOM_3_01270
prokka_FOM_3/FOM_3:Gene	glxR	FOM_3_169:c5657-4791	FOM_3_01271
prokka_FOM_3/FOM_3:Gene	ybjI_3	FOM_3_169:c6521-5712	FOM_3_01272
prokka_FOM_3/FOM_3:Gene	hutI	FOM_3_169:c7753-6518	FOM_3_01273
prokka_FOM_3/FOM_3:Gene	FOM_3_01274	FOM_3_169:c9609-7753	FOM_3_01274
prokka_FOM_3/FOM_3:Gene	FOM_3_01275	FOM_3_169:c10600-9854	FOM_3_01275
prokka_FOM_3/FOM_3:Gene	btuD_4	FOM_3_169:c11498-10617	FOM_3_01276
prokka_FOM_3/FOM_3:Gene	FOM_3_01277	FOM_3_169:11722-12192	FOM_3_01277
prokka_FOM_3/FOM_3:Gene	sufT	FOM_3_170:c1173-868	FOM_3_01278
prokka_FOM_3/FOM_3:Gene	FOM_3_01279	FOM_3_170:c2607-1177	FOM_3_01279
prokka_FOM_3/FOM_3:Gene	iscU	FOM_3_170:c3055-2621	FOM_3_01280
prokka_FOM_3/FOM_3:Gene	sufS	FOM_3_170:c4268-3042	FOM_3_01281
prokka_FOM_3/FOM_3:Gene	FOM_3_01282	FOM_3_170:c5439-4249	FOM_3_01282
prokka_FOM_3/FOM_3:Gene	sufC	FOM_3_170:c6241-5441	FOM_3_01283
prokka_FOM_3/FOM_3:Gene	FOM_3_01284	FOM_3_170:c7085-6222	FOM_3_01284
prokka_FOM_3/FOM_3:Gene	FOM_3_01285	FOM_3_170:c7976-7410	FOM_3_01285
prokka_FOM_3/FOM_3:Gene	pdxK_2	FOM_3_170:c8763-7963	FOM_3_01286
prokka_FOM_3/FOM_3:Gene	rpoE	FOM_3_170:c9623-9030	FOM_3_01287
prokka_FOM_3/FOM_3:Gene	FOM_3_01288	FOM_3_170:c10096-9650	FOM_3_01288
prokka_FOM_3/FOM_3:Gene	acpP_2	FOM_3_171:c814-575	FOM_3_01289
prokka_FOM_3/FOM_3:Gene	fabH_2	FOM_3_171:c1858-887	FOM_3_01290
prokka_FOM_3/FOM_3:Gene	FOM_3_01291	FOM_3_171:c2335-1868	FOM_3_01291
prokka_FOM_3/FOM_3:Gene	fabZ_2	FOM_3_171:c2765-2319	FOM_3_01292
prokka_FOM_3/FOM_3:Gene	FOM_3_01293	FOM_3_171:c3714-2905	FOM_3_01293
prokka_FOM_3/FOM_3:Gene	gapA1	FOM_3_171:c4949-3930	FOM_3_01294
prokka_FOM_3/FOM_3:Gene	hmpT	FOM_3_171:5414-5914	FOM_3_01295
prokka_FOM_3/FOM_3:Gene	metG	FOM_3_171:c8055-5941	FOM_3_01296
prokka_FOM_3/FOM_3:Gene	yedJ	FOM_3_171:8257-8910	FOM_3_01297
prokka_FOM_3/FOM_3:Gene	FOM_3_01298	FOM_3_171:9121-9909	FOM_3_01298
prokka_FOM_3/FOM_3:Gene	tcyB	FOM_3_171:9936-10634	FOM_3_01299
prokka_FOM_3/FOM_3:Gene	tcyC	FOM_3_171:10631-11365	FOM_3_01300
prokka_FOM_3/FOM_3:Gene	FOM_3_01301	FOM_3_171:11437-12309	FOM_3_01301
prokka_FOM_3/FOM_3:Gene	FOM_3_01302	FOM_3_171:12319-12573	FOM_3_01302
prokka_FOM_3/FOM_3:Gene	yumC	FOM_3_171:c13629-12613	FOM_3_01303
prokka_FOM_3/FOM_3:Gene	rihB_2	FOM_3_171:13752-14720	FOM_3_01304
prokka_FOM_3/FOM_3:Gene	proA	FOM_3_171:c15996-14755	FOM_3_01305
prokka_FOM_3/FOM_3:Gene	proB	FOM_3_171:c16786-15998	FOM_3_01306
prokka_FOM_3/FOM_3:Gene	FOM_3_01307	FOM_3_171:c17510-16866	FOM_3_01307
prokka_FOM_3/FOM_3:Gene	vanYB_2	FOM_3_171:c18370-17624	FOM_3_01308
prokka_FOM_3/FOM_3:Gene	yjmB	FOM_3_171:c20033-18564	FOM_3_01309
prokka_FOM_3/FOM_3:Gene	FOM_3_01310	FOM_3_171:c20364-20290	FOM_3_01310
prokka_FOM_3/FOM_3:Gene	FOM_3_01311	FOM_3_171:c20668-20519	FOM_3_01311
prokka_FOM_3/FOM_3:Gene	arcA	FOM_3_172:c1049-87	FOM_3_01312
prokka_FOM_3/FOM_3:Gene	FOM_3_01313	FOM_3_173:16-486	FOM_3_01313
prokka_FOM_3/FOM_3:Gene	FOM_3_01314	FOM_3_173:c724-518	FOM_3_01314
prokka_FOM_3/FOM_3:Gene	FOM_3_01315	FOM_3_173:827-1168	FOM_3_01315
prokka_FOM_3/FOM_3:Gene	mraZ	FOM_3_173:1318-1749	FOM_3_01316
prokka_FOM_3/FOM_3:Gene	rsmH	FOM_3_173:1789-2727	FOM_3_01317
prokka_FOM_3/FOM_3:Gene	ftsL	FOM_3_173:2783-3154	FOM_3_01318
prokka_FOM_3/FOM_3:Gene	pbpB	FOM_3_173:3157-5301	FOM_3_01319
prokka_FOM_3/FOM_3:Gene	mraY	FOM_3_173:5311-6273	FOM_3_01320
prokka_FOM_3/FOM_3:Gene	murD	FOM_3_173:6318-7664	FOM_3_01321
prokka_FOM_3/FOM_3:Gene	murG	FOM_3_173:7676-8767	FOM_3_01322
prokka_FOM_3/FOM_3:Gene	divIB	FOM_3_173:8767-9480	FOM_3_01323
prokka_FOM_3/FOM_3:Gene	ftsA	FOM_3_173:9592-10920	FOM_3_01324
prokka_FOM_3/FOM_3:Gene	ftsZ	FOM_3_173:10944-12245	FOM_3_01325
prokka_FOM_3/FOM_3:Gene	sepF	FOM_3_173:12255-12719	FOM_3_01326
prokka_FOM_3/FOM_3:Gene	FOM_3_01327	FOM_3_173:12723-12986	FOM_3_01327
prokka_FOM_3/FOM_3:Gene	FOM_3_01328	FOM_3_173:12983-13780	FOM_3_01328
prokka_FOM_3/FOM_3:Gene	gpsB	FOM_3_173:13856-14518	FOM_3_01329
prokka_FOM_3/FOM_3:Gene	ileS	FOM_3_173:14817-17609	FOM_3_01330
prokka_FOM_3/FOM_3:Gene	ptcB	FOM_3_173:17756-18076	FOM_3_01331
prokka_FOM_3/FOM_3:Gene	ptcA	FOM_3_173:18078-18410	FOM_3_01332
prokka_FOM_3/FOM_3:Gene	bglA_3	FOM_3_173:18487-19923	FOM_3_01333
prokka_FOM_3/FOM_3:Gene	FOM_3_01334	FOM_3_173:20023-20514	FOM_3_01334
prokka_FOM_3/FOM_3:Gene	FOM_3_01335	FOM_3_173:20507-21961	FOM_3_01335
prokka_FOM_3/FOM_3:Gene	FOM_3_01336	FOM_3_173:22076-22282	FOM_3_01336
prokka_FOM_3/FOM_3:Gene	FOM_3_01337	FOM_3_173:22370-22798	FOM_3_01337
prokka_FOM_3/FOM_3:Gene	axe1-6A	FOM_3_173:22960-23751	FOM_3_01338
prokka_FOM_3/FOM_3:Gene	addB	FOM_3_173:23751-27233	FOM_3_01339
prokka_FOM_3/FOM_3:Gene	addA	FOM_3_173:27233-30937	FOM_3_01340
prokka_FOM_3/FOM_3:Gene	FOM_3_01341	FOM_3_173:31070-31810	FOM_3_01341
prokka_FOM_3/FOM_3:Gene	FOM_3_01342	FOM_3_173:32559-32789	FOM_3_01342
prokka_FOM_3/FOM_3:Gene	ada	FOM_3_173:32866-33348	FOM_3_01343
prokka_FOM_3/FOM_3:Gene	rimM	FOM_3_173:33393-33914	FOM_3_01344
prokka_FOM_3/FOM_3:Gene	trmD	FOM_3_173:33914-34654	FOM_3_01345
prokka_FOM_3/FOM_3:Gene	panE	FOM_3_173:34773-35726	FOM_3_01346
prokka_FOM_3/FOM_3:Gene	msrA	FOM_3_173:35787-36308	FOM_3_01347
prokka_FOM_3/FOM_3:Gene	rnz	FOM_3_173:36420-37376	FOM_3_01348
prokka_FOM_3/FOM_3:Gene	FOM_3_01349	FOM_3_173:37363-39330	FOM_3_01349
prokka_FOM_3/FOM_3:Gene	apt	FOM_3_173:39366-39896	FOM_3_01350
prokka_FOM_3/FOM_3:Gene	FOM_3_01351	FOM_3_173:39926-40798	FOM_3_01351
prokka_FOM_3/FOM_3:Gene	FOM_3_01352	FOM_3_173:c41541-40834	FOM_3_01352
prokka_FOM_3/FOM_3:Gene	FOM_3_01353	FOM_3_173:c41851-41525	FOM_3_01353
prokka_FOM_3/FOM_3:Gene	FOM_3_01354	FOM_3_173:42222-43361	FOM_3_01354
prokka_FOM_3/FOM_3:Gene	FOM_3_01355	FOM_3_173:c43968-43429	FOM_3_01355
prokka_FOM_3/FOM_3:Gene	ung	FOM_3_173:44020-44682	FOM_3_01356
prokka_FOM_3/FOM_3:Gene	pta	FOM_3_173:44794-45777	FOM_3_01357
prokka_FOM_3/FOM_3:Gene	FOM_3_01358	FOM_3_173:c46067-45810	FOM_3_01358
prokka_FOM_3/FOM_3:Gene	msbA	FOM_3_173:c47826-46051	FOM_3_01359
prokka_FOM_3/FOM_3:Gene	FOM_3_01360	FOM_3_173:c47982-47884	FOM_3_01360
prokka_FOM_3/FOM_3:Gene	FOM_3_01361	FOM_3_173:48254-48538	FOM_3_01361
prokka_FOM_3/FOM_3:Gene	FOM_3_01362	FOM_3_173:c48803-48718	FOM_3_01362
prokka_FOM_3/FOM_3:Gene	serC	FOM_3_173:49038-50120	FOM_3_01363
prokka_FOM_3/FOM_3:Gene	serA	FOM_3_173:50124-51314	FOM_3_01364
prokka_FOM_3/FOM_3:Gene	ypjQ	FOM_3_173:51325-51813	FOM_3_01365
prokka_FOM_3/FOM_3:Gene	FOM_3_01366	FOM_3_173:51966-53741	FOM_3_01366
prokka_FOM_3/FOM_3:Gene	sacA	FOM_3_174:83-1492	FOM_3_01367
prokka_FOM_3/FOM_3:Gene	rbsR	FOM_3_174:1609-2571	FOM_3_01368
prokka_FOM_3/FOM_3:Gene	bsaA	FOM_3_174:c3069-2590	FOM_3_01369
prokka_FOM_3/FOM_3:Gene	FOM_3_01370	FOM_3_175:c766-575	FOM_3_01370
prokka_FOM_3/FOM_3:Gene	FOM_3_01371	FOM_3_176:c1820-528	FOM_3_01371
prokka_FOM_3/FOM_3:Gene	ghrA	FOM_3_176:c2861-1917	FOM_3_01372
prokka_FOM_3/FOM_3:Gene	ilvE	FOM_3_176:3021-4064	FOM_3_01373
prokka_FOM_3/FOM_3:Gene	FOM_3_01374	FOM_3_176:4169-4606	FOM_3_01374
prokka_FOM_3/FOM_3:Gene	FOM_3_01375	FOM_3_176:c5165-4635	FOM_3_01375
prokka_FOM_3/FOM_3:Gene	FOM_3_01376	FOM_3_176:c6511-5165	FOM_3_01376
prokka_FOM_3/FOM_3:Gene	FOM_3_01377	FOM_3_176:c7139-6522	FOM_3_01377
prokka_FOM_3/FOM_3:Gene	FOM_3_01378	FOM_3_176:c7610-7164	FOM_3_01378
prokka_FOM_3/FOM_3:Gene	ypdF	FOM_3_176:c8706-7612	FOM_3_01379
prokka_FOM_3/FOM_3:Gene	rpmA	FOM_3_176:c9097-8780	FOM_3_01380
prokka_FOM_3/FOM_3:Gene	rplU	FOM_3_176:c9428-9129	FOM_3_01381
prokka_FOM_3/FOM_3:Gene	purE	FOM_3_177:232-717	FOM_3_01382
prokka_FOM_3/FOM_3:Gene	purK	FOM_3_177:714-1829	FOM_3_01383

DiscRep_ALL:DISC_SOURCE_QUALS_ASNDISC::strain (all present, all same)
DiscRep_SUB:DISC_SOURCE_QUALS_ASNDISC::177 sources have 'strain' for strain
DiscRep_ALL:DISC_SOURCE_QUALS_ASNDISC::taxname (all present, all same)
DiscRep_SUB:DISC_SOURCE_QUALS_ASNDISC::177 sources have 'Genus species' for taxname
DiscRep_ALL:DISC_FEATURE_COUNT::gene: 1383 present
DiscRep_ALL:DISC_FEATURE_COUNT::CDS: 1357 present
DiscRep_ALL:DISC_FEATURE_COUNT::tRNA: 25 present
DiscRep_ALL:DISC_FEATURE_COUNT::rRNA: 1 present
DiscRep_ALL:DISC_COUNT_NUCLEOTIDES::177 nucleotide Bioseqs are present
prokka_FOM_3/FOM_3:Prokka:FOM_3_1 (length 1786)
prokka_FOM_3/FOM_3:Prokka:FOM_3_2 (length 3504)
prokka_FOM_3/FOM_3:Prokka:FOM_3_3 (length 6083)
prokka_FOM_3/FOM_3:Prokka:FOM_3_4 (length 5755)
prokka_FOM_3/FOM_3:Prokka:FOM_3_5 (length 4115)
prokka_FOM_3/FOM_3:Prokka:FOM_3_6 (length 1009)
prokka_FOM_3/FOM_3:Prokka:FOM_3_7 (length 1753)
prokka_FOM_3/FOM_3:Prokka:FOM_3_8 (length 2179)
prokka_FOM_3/FOM_3:Prokka:FOM_3_9 (length 8736)
prokka_FOM_3/FOM_3:Prokka:FOM_3_10 (length 2793)
prokka_FOM_3/FOM_3:Prokka:FOM_3_11 (length 1845)
prokka_FOM_3/FOM_3:Prokka:FOM_3_12 (length 1752)
prokka_FOM_3/FOM_3:Prokka:FOM_3_13 (length 28147)
prokka_FOM_3/FOM_3:Prokka:FOM_3_14 (length 1509)
prokka_FOM_3/FOM_3:Prokka:FOM_3_15 (length 1446)
prokka_FOM_3/FOM_3:Prokka:FOM_3_16 (length 8614)
prokka_FOM_3/FOM_3:Prokka:FOM_3_17 (length 1489)
prokka_FOM_3/FOM_3:Prokka:FOM_3_18 (length 24242)
prokka_FOM_3/FOM_3:Prokka:FOM_3_19 (length 7478)
prokka_FOM_3/FOM_3:Prokka:FOM_3_20 (length 1834)
prokka_FOM_3/FOM_3:Prokka:FOM_3_21 (length 1362)
prokka_FOM_3/FOM_3:Prokka:FOM_3_22 (length 5275)
prokka_FOM_3/FOM_3:Prokka:FOM_3_23 (length 12260)
prokka_FOM_3/FOM_3:Prokka:FOM_3_24 (length 5589)
prokka_FOM_3/FOM_3:Prokka:FOM_3_25 (length 4536)
prokka_FOM_3/FOM_3:Prokka:FOM_3_26 (length 1331)
prokka_FOM_3/FOM_3:Prokka:FOM_3_27 (length 16511)
prokka_FOM_3/FOM_3:Prokka:FOM_3_28 (length 1010)
prokka_FOM_3/FOM_3:Prokka:FOM_3_29 (length 33185)
prokka_FOM_3/FOM_3:Prokka:FOM_3_30 (length 9079)
prokka_FOM_3/FOM_3:Prokka:FOM_3_31 (length 14264)
prokka_FOM_3/FOM_3:Prokka:FOM_3_32 (length 6075)
prokka_FOM_3/FOM_3:Prokka:FOM_3_33 (length 15137)
prokka_FOM_3/FOM_3:Prokka:FOM_3_34 (length 2697)
prokka_FOM_3/FOM_3:Prokka:FOM_3_35 (length 1306)
prokka_FOM_3/FOM_3:Prokka:FOM_3_36 (length 1829)
prokka_FOM_3/FOM_3:Prokka:FOM_3_37 (length 10580)
prokka_FOM_3/FOM_3:Prokka:FOM_3_38 (length 2357)
prokka_FOM_3/FOM_3:Prokka:FOM_3_39 (length 1762)
prokka_FOM_3/FOM_3:Prokka:FOM_3_40 (length 6376)
prokka_FOM_3/FOM_3:Prokka:FOM_3_41 (length 1400)
prokka_FOM_3/FOM_3:Prokka:FOM_3_42 (length 15556)
prokka_FOM_3/FOM_3:Prokka:FOM_3_43 (length 1854)
prokka_FOM_3/FOM_3:Prokka:FOM_3_44 (length 1768)
prokka_FOM_3/FOM_3:Prokka:FOM_3_45 (length 13597)
prokka_FOM_3/FOM_3:Prokka:FOM_3_46 (length 4191)
prokka_FOM_3/FOM_3:Prokka:FOM_3_47 (length 3623)
prokka_FOM_3/FOM_3:Prokka:FOM_3_48 (length 1598)
prokka_FOM_3/FOM_3:Prokka:FOM_3_49 (length 2711)
prokka_FOM_3/FOM_3:Prokka:FOM_3_50 (length 5041)
prokka_FOM_3/FOM_3:Prokka:FOM_3_51 (length 1214)
prokka_FOM_3/FOM_3:Prokka:FOM_3_52 (length 20472)
prokka_FOM_3/FOM_3:Prokka:FOM_3_53 (length 21204)
prokka_FOM_3/FOM_3:Prokka:FOM_3_54 (length 11579)
prokka_FOM_3/FOM_3:Prokka:FOM_3_55 (length 2168)
prokka_FOM_3/FOM_3:Prokka:FOM_3_56 (length 22517)
prokka_FOM_3/FOM_3:Prokka:FOM_3_57 (length 34037)
prokka_FOM_3/FOM_3:Prokka:FOM_3_58 (length 3145)
prokka_FOM_3/FOM_3:Prokka:FOM_3_59 (length 5141)
prokka_FOM_3/FOM_3:Prokka:FOM_3_60 (length 5659)
prokka_FOM_3/FOM_3:Prokka:FOM_3_61 (length 5027)
prokka_FOM_3/FOM_3:Prokka:FOM_3_62 (length 2015)
prokka_FOM_3/FOM_3:Prokka:FOM_3_63 (length 10640)
prokka_FOM_3/FOM_3:Prokka:FOM_3_64 (length 3486)
prokka_FOM_3/FOM_3:Prokka:FOM_3_65 (length 10102)
prokka_FOM_3/FOM_3:Prokka:FOM_3_66 (length 15289)
prokka_FOM_3/FOM_3:Prokka:FOM_3_67 (length 3046)
prokka_FOM_3/FOM_3:Prokka:FOM_3_68 (length 18669)
prokka_FOM_3/FOM_3:Prokka:FOM_3_69 (length 5677)
prokka_FOM_3/FOM_3:Prokka:FOM_3_70 (length 14637)
prokka_FOM_3/FOM_3:Prokka:FOM_3_71 (length 1639)
prokka_FOM_3/FOM_3:Prokka:FOM_3_72 (length 3741)
prokka_FOM_3/FOM_3:Prokka:FOM_3_73 (length 12256)
prokka_FOM_3/FOM_3:Prokka:FOM_3_74 (length 5003)
prokka_FOM_3/FOM_3:Prokka:FOM_3_75 (length 7371)
prokka_FOM_3/FOM_3:Prokka:FOM_3_76 (length 6628)
prokka_FOM_3/FOM_3:Prokka:FOM_3_77 (length 5289)
prokka_FOM_3/FOM_3:Prokka:FOM_3_78 (length 25867)
prokka_FOM_3/FOM_3:Prokka:FOM_3_79 (length 30394)
prokka_FOM_3/FOM_3:Prokka:FOM_3_80 (length 11634)
prokka_FOM_3/FOM_3:Prokka:FOM_3_81 (length 3992)
prokka_FOM_3/FOM_3:Prokka:FOM_3_82 (length 5445)
prokka_FOM_3/FOM_3:Prokka:FOM_3_83 (length 16258)
prokka_FOM_3/FOM_3:Prokka:FOM_3_84 (length 8099)
prokka_FOM_3/FOM_3:Prokka:FOM_3_85 (length 1435)
prokka_FOM_3/FOM_3:Prokka:FOM_3_86 (length 54705)
prokka_FOM_3/FOM_3:Prokka:FOM_3_87 (length 25638)
prokka_FOM_3/FOM_3:Prokka:FOM_3_88 (length 1885)
prokka_FOM_3/FOM_3:Prokka:FOM_3_89 (length 1123)
prokka_FOM_3/FOM_3:Prokka:FOM_3_90 (length 1147)
prokka_FOM_3/FOM_3:Prokka:FOM_3_91 (length 5045)
prokka_FOM_3/FOM_3:Prokka:FOM_3_92 (length 15160)
prokka_FOM_3/FOM_3:Prokka:FOM_3_93 (length 25887)
prokka_FOM_3/FOM_3:Prokka:FOM_3_94 (length 6317)
prokka_FOM_3/FOM_3:Prokka:FOM_3_95 (length 4225)
prokka_FOM_3/FOM_3:Prokka:FOM_3_96 (length 7172)
prokka_FOM_3/FOM_3:Prokka:FOM_3_97 (length 20068)
prokka_FOM_3/FOM_3:Prokka:FOM_3_98 (length 4616)
prokka_FOM_3/FOM_3:Prokka:FOM_3_99 (length 9857)
prokka_FOM_3/FOM_3:Prokka:FOM_3_100 (length 23549)
prokka_FOM_3/FOM_3:Prokka:FOM_3_101 (length 11356)
prokka_FOM_3/FOM_3:Prokka:FOM_3_102 (length 6240)
prokka_FOM_3/FOM_3:Prokka:FOM_3_103 (length 3923)
prokka_FOM_3/FOM_3:Prokka:FOM_3_104 (length 1706)
prokka_FOM_3/FOM_3:Prokka:FOM_3_105 (length 28164)
prokka_FOM_3/FOM_3:Prokka:FOM_3_106 (length 4444)
prokka_FOM_3/FOM_3:Prokka:FOM_3_107 (length 7024)
prokka_FOM_3/FOM_3:Prokka:FOM_3_108 (length 7726)
prokka_FOM_3/FOM_3:Prokka:FOM_3_109 (length 10408)
prokka_FOM_3/FOM_3:Prokka:FOM_3_110 (length 22043)
prokka_FOM_3/FOM_3:Prokka:FOM_3_111 (length 21601)
prokka_FOM_3/FOM_3:Prokka:FOM_3_112 (length 1382)
prokka_FOM_3/FOM_3:Prokka:FOM_3_113 (length 11217)
prokka_FOM_3/FOM_3:Prokka:FOM_3_114 (length 16986)
prokka_FOM_3/FOM_3:Prokka:FOM_3_115 (length 9288)
prokka_FOM_3/FOM_3:Prokka:FOM_3_116 (length 11361)
prokka_FOM_3/FOM_3:Prokka:FOM_3_117 (length 2506)
prokka_FOM_3/FOM_3:Prokka:FOM_3_118 (length 2603)
prokka_FOM_3/FOM_3:Prokka:FOM_3_119 (length 6243)
prokka_FOM_3/FOM_3:Prokka:FOM_3_120 (length 5488)
prokka_FOM_3/FOM_3:Prokka:FOM_3_121 (length 10301)
prokka_FOM_3/FOM_3:Prokka:FOM_3_122 (length 2249)
prokka_FOM_3/FOM_3:Prokka:FOM_3_123 (length 6233)
prokka_FOM_3/FOM_3:Prokka:FOM_3_124 (length 1262)
prokka_FOM_3/FOM_3:Prokka:FOM_3_125 (length 7932)
prokka_FOM_3/FOM_3:Prokka:FOM_3_126 (length 1815)
prokka_FOM_3/FOM_3:Prokka:FOM_3_127 (length 8399)
prokka_FOM_3/FOM_3:Prokka:FOM_3_128 (length 5375)
prokka_FOM_3/FOM_3:Prokka:FOM_3_129 (length 2196)
prokka_FOM_3/FOM_3:Prokka:FOM_3_130 (length 10632)
prokka_FOM_3/FOM_3:Prokka:FOM_3_131 (length 1892)
prokka_FOM_3/FOM_3:Prokka:FOM_3_132 (length 2329)
prokka_FOM_3/FOM_3:Prokka:FOM_3_133 (length 2142)
prokka_FOM_3/FOM_3:Prokka:FOM_3_134 (length 3811)
prokka_FOM_3/FOM_3:Prokka:FOM_3_135 (length 7648)
prokka_FOM_3/FOM_3:Prokka:FOM_3_136 (length 4652)
prokka_FOM_3/FOM_3:Prokka:FOM_3_137 (length 17663)
prokka_FOM_3/FOM_3:Prokka:FOM_3_138 (length 1282)
prokka_FOM_3/FOM_3:Prokka:FOM_3_139 (length 2580)
prokka_FOM_3/FOM_3:Prokka:FOM_3_140 (length 7271)
prokka_FOM_3/FOM_3:Prokka:FOM_3_141 (length 4312)
prokka_FOM_3/FOM_3:Prokka:FOM_3_142 (length 14006)
prokka_FOM_3/FOM_3:Prokka:FOM_3_143 (length 1613)
prokka_FOM_3/FOM_3:Prokka:FOM_3_144 (length 2842)
prokka_FOM_3/FOM_3:Prokka:FOM_3_145 (length 3052)
prokka_FOM_3/FOM_3:Prokka:FOM_3_146 (length 1691)
prokka_FOM_3/FOM_3:Prokka:FOM_3_147 (length 12166)
prokka_FOM_3/FOM_3:Prokka:FOM_3_148 (length 9748)
prokka_FOM_3/FOM_3:Prokka:FOM_3_149 (length 6649)
prokka_FOM_3/FOM_3:Prokka:FOM_3_150 (length 1136)
prokka_FOM_3/FOM_3:Prokka:FOM_3_151 (length 20175)
prokka_FOM_3/FOM_3:Prokka:FOM_3_152 (length 4840)
prokka_FOM_3/FOM_3:Prokka:FOM_3_153 (length 1354)
prokka_FOM_3/FOM_3:Prokka:FOM_3_154 (length 4969)
prokka_FOM_3/FOM_3:Prokka:FOM_3_155 (length 2627)
prokka_FOM_3/FOM_3:Prokka:FOM_3_156 (length 12922)
prokka_FOM_3/FOM_3:Prokka:FOM_3_157 (length 3784)
prokka_FOM_3/FOM_3:Prokka:FOM_3_158 (length 21549)
prokka_FOM_3/FOM_3:Prokka:FOM_3_159 (length 4842)
prokka_FOM_3/FOM_3:Prokka:FOM_3_160 (length 1747)
prokka_FOM_3/FOM_3:Prokka:FOM_3_161 (length 24924)
prokka_FOM_3/FOM_3:Prokka:FOM_3_162 (length 11098)
prokka_FOM_3/FOM_3:Prokka:FOM_3_163 (length 4523)
prokka_FOM_3/FOM_3:Prokka:FOM_3_164 (length 1232)
prokka_FOM_3/FOM_3:Prokka:FOM_3_165 (length 12145)
prokka_FOM_3/FOM_3:Prokka:FOM_3_166 (length 2173)
prokka_FOM_3/FOM_3:Prokka:FOM_3_167 (length 1824)
prokka_FOM_3/FOM_3:Prokka:FOM_3_168 (length 1068)
prokka_FOM_3/FOM_3:Prokka:FOM_3_169 (length 12386)
prokka_FOM_3/FOM_3:Prokka:FOM_3_170 (length 11460)
prokka_FOM_3/FOM_3:Prokka:FOM_3_171 (length 20943)
prokka_FOM_3/FOM_3:Prokka:FOM_3_172 (length 1103)
prokka_FOM_3/FOM_3:Prokka:FOM_3_173 (length 53776)
prokka_FOM_3/FOM_3:Prokka:FOM_3_174 (length 3147)
prokka_FOM_3/FOM_3:Prokka:FOM_3_175 (length 1226)
prokka_FOM_3/FOM_3:Prokka:FOM_3_176 (length 9659)
prokka_FOM_3/FOM_3:Prokka:FOM_3_177 (length 1856)

DiscRep_ALL:OVERLAPPING_GENES::409 genes overlap another gene on the same strand.
prokka_FOM_3/FOM_3:Gene	ldhD_1	FOM_3_3:c2132-1143	FOM_3_00007
prokka_FOM_3/FOM_3:Gene	dapX_1	FOM_3_3:c3318-2125	FOM_3_00008
prokka_FOM_3/FOM_3:Gene	gpr_1	FOM_3_4:c3567-2575	FOM_3_00014
prokka_FOM_3/FOM_3:Gene	FOM_3_00015	FOM_3_4:c4457-3567	FOM_3_00015
prokka_FOM_3/FOM_3:Gene	prs_1	FOM_3_4:c5425-4454	FOM_3_00016
prokka_FOM_3/FOM_3:Gene	truB	FOM_3_9:c3997-3089	FOM_3_00028
prokka_FOM_3/FOM_3:Gene	FOM_3_00029	FOM_3_9:c4514-3975	FOM_3_00029
prokka_FOM_3/FOM_3:Gene	dapX_2	FOM_3_9:c5698-4511	FOM_3_00030
prokka_FOM_3/FOM_3:Gene	lptB	FOM_3_13:c1489-704	FOM_3_00039
prokka_FOM_3/FOM_3:Gene	FOM_3_00040	FOM_3_13:c2435-1461	FOM_3_00040
prokka_FOM_3/FOM_3:Gene	livH	FOM_3_13:c3313-2435	FOM_3_00041
prokka_FOM_3/FOM_3:Gene	FOM_3_00050	FOM_3_13:12456-12965	FOM_3_00050
prokka_FOM_3/FOM_3:Gene	recF	FOM_3_13:12947-14071	FOM_3_00051
prokka_FOM_3/FOM_3:Gene	agrA	FOM_3_13:c19492-18791	FOM_3_00054
prokka_FOM_3/FOM_3:Gene	FOM_3_00055	FOM_3_13:c20324-19473	FOM_3_00055
prokka_FOM_3/FOM_3:Gene	asp2_1	FOM_3_13:22052-23572	FOM_3_00057
prokka_FOM_3/FOM_3:Gene	FOM_3_00058	FOM_3_13:23572-24594	FOM_3_00058
prokka_FOM_3/FOM_3:Gene	FOM_3_00068	FOM_3_16:c3885-3364	FOM_3_00068
prokka_FOM_3/FOM_3:Gene	FOM_3_00069	FOM_3_16:c4723-3869	FOM_3_00069
prokka_FOM_3/FOM_3:Gene	FOM_3_00077	FOM_3_18:9587-10444	FOM_3_00077
prokka_FOM_3/FOM_3:Gene	FOM_3_00078	FOM_3_18:10444-10743	FOM_3_00078
prokka_FOM_3/FOM_3:Gene	tyrC	FOM_3_18:c18177-17326	FOM_3_00085
prokka_FOM_3/FOM_3:Gene	aroA1	FOM_3_18:c19478-18174	FOM_3_00086
prokka_FOM_3/FOM_3:Gene	aroB	FOM_3_18:c21769-20705	FOM_3_00088
prokka_FOM_3/FOM_3:Gene	kdsA_1	FOM_3_18:c22758-21766	FOM_3_00089
prokka_FOM_3/FOM_3:Gene	ydiB	FOM_3_18:c23614-22790	FOM_3_00090
prokka_FOM_3/FOM_3:Gene	tkt	FOM_3_18:c24231-23611	FOM_3_00091
prokka_FOM_3/FOM_3:Gene	menH	FOM_3_19:c972-175	FOM_3_00092
prokka_FOM_3/FOM_3:Gene	menD	FOM_3_19:c2600-969	FOM_3_00093
prokka_FOM_3/FOM_3:Gene	menF	FOM_3_19:c3789-2593	FOM_3_00094
prokka_FOM_3/FOM_3:Gene	pdxK_1	FOM_3_19:c4653-3850	FOM_3_00095
prokka_FOM_3/FOM_3:Gene	FOM_3_00096	FOM_3_19:c5120-4650	FOM_3_00096
prokka_FOM_3/FOM_3:Gene	FOM_3_00112	FOM_3_23:c5589-5206	FOM_3_00112
prokka_FOM_3/FOM_3:Gene	FOM_3_00113	FOM_3_23:c6706-5561	FOM_3_00113
prokka_FOM_3/FOM_3:Gene	hisD	FOM_3_24:c3164-1887	FOM_3_00121
prokka_FOM_3/FOM_3:Gene	hisZ	FOM_3_24:c4768-3161	FOM_3_00122
prokka_FOM_3/FOM_3:Gene	yrrK	FOM_3_27:c1396-965	FOM_3_00132
prokka_FOM_3/FOM_3:Gene	FOM_3_00133	FOM_3_27:c1647-1396	FOM_3_00133
prokka_FOM_3/FOM_3:Gene	udk	FOM_3_27:c13361-12735	FOM_3_00141
prokka_FOM_3/FOM_3:Gene	aldC	FOM_3_27:c14080-13361	FOM_3_00142
prokka_FOM_3/FOM_3:Gene	FOM_3_00148	FOM_3_29:c2718-1816	FOM_3_00148
prokka_FOM_3/FOM_3:Gene	darA	FOM_3_29:c3047-2718	FOM_3_00149
prokka_FOM_3/FOM_3:Gene	tmk	FOM_3_29:c3685-3044	FOM_3_00150
prokka_FOM_3/FOM_3:Gene	FOM_3_00151	FOM_3_29:c3984-3724	FOM_3_00151
prokka_FOM_3/FOM_3:Gene	recR	FOM_3_29:c4586-3981	FOM_3_00152
prokka_FOM_3/FOM_3:Gene	tadA	FOM_3_29:c7798-7307	FOM_3_00155
prokka_FOM_3/FOM_3:Gene	rsmC	FOM_3_29:c8408-7776	FOM_3_00156
prokka_FOM_3/FOM_3:Gene	rplA	FOM_3_29:c10345-9653	FOM_3_00159
prokka_FOM_3/FOM_3:Gene	rplK	FOM_3_29:c10809-10345	FOM_3_00160
prokka_FOM_3/FOM_3:Gene	FOM_3_00164	FOM_3_29:c13495-12629	FOM_3_00164
prokka_FOM_3/FOM_3:Gene	ddl	FOM_3_29:c14628-13495	FOM_3_00165
prokka_FOM_3/FOM_3:Gene	FOM_3_00166	FOM_3_29:c15713-14709	FOM_3_00166
prokka_FOM_3/FOM_3:Gene	rodA	FOM_3_29:c16927-15713	FOM_3_00167
prokka_FOM_3/FOM_3:Gene	FOM_3_00168	FOM_3_29:c17279-17070	FOM_3_00168
prokka_FOM_3/FOM_3:Gene	mbl	FOM_3_29:c18271-17279	FOM_3_00169
prokka_FOM_3/FOM_3:Gene	FOM_3_00170	FOM_3_29:c18599-18381	FOM_3_00170
prokka_FOM_3/FOM_3:Gene	FOM_3_00171	FOM_3_29:c19224-18583	FOM_3_00171
prokka_FOM_3/FOM_3:Gene	nrdF2	FOM_3_29:c26864-25890	FOM_3_00177
prokka_FOM_3/FOM_3:Gene	FOM_3_00178	FOM_3_29:c27307-26864	FOM_3_00178
prokka_FOM_3/FOM_3:Gene	mntH_2	FOM_3_30:c4441-3119	FOM_3_00188
prokka_FOM_3/FOM_3:Gene	hemH	FOM_3_30:c5378-4434	FOM_3_00189
prokka_FOM_3/FOM_3:Gene	fpgS_2	FOM_3_32:853-2178	FOM_3_00204
prokka_FOM_3/FOM_3:Gene	FOM_3_00205	FOM_3_32:2178-2768	FOM_3_00205
prokka_FOM_3/FOM_3:Gene	polC_1	FOM_3_33:c1373-840	FOM_3_00210
prokka_FOM_3/FOM_3:Gene	mshD	FOM_3_33:c1864-1370	FOM_3_00211
prokka_FOM_3/FOM_3:Gene	tsaE	FOM_3_33:c2310-1861	FOM_3_00212
prokka_FOM_3/FOM_3:Gene	pncB2	FOM_3_33:2373-3815	FOM_3_00213
prokka_FOM_3/FOM_3:Gene	nadE	FOM_3_33:3812-4633	FOM_3_00214
prokka_FOM_3/FOM_3:Gene	bglH	FOM_3_33:c10633-9278	FOM_3_00219
prokka_FOM_3/FOM_3:Gene	bglA_1	FOM_3_33:c12096-10630	FOM_3_00220
prokka_FOM_3/FOM_3:Gene	hisC	FOM_3_33:c13286-12213	FOM_3_00221
prokka_FOM_3/FOM_3:Gene	hisE	FOM_3_33:c13615-13283	FOM_3_00222
prokka_FOM_3/FOM_3:Gene	hisI	FOM_3_33:c13971-13633	FOM_3_00223
prokka_FOM_3/FOM_3:Gene	hisF	FOM_3_33:c14732-13968	FOM_3_00224
prokka_FOM_3/FOM_3:Gene	hisA	FOM_3_33:c15130-14729	FOM_3_00225
prokka_FOM_3/FOM_3:Gene	yhaP	FOM_3_40:c5911-4691	FOM_3_00248
prokka_FOM_3/FOM_3:Gene	FOM_3_00249	FOM_3_40:c6368-5904	FOM_3_00249
prokka_FOM_3/FOM_3:Gene	galK_1	FOM_3_42:2489-3421	FOM_3_00251
prokka_FOM_3/FOM_3:Gene	FOM_3_00252	FOM_3_42:3418-4365	FOM_3_00252
prokka_FOM_3/FOM_3:Gene	FOM_3_00253	FOM_3_42:4358-5377	FOM_3_00253
prokka_FOM_3/FOM_3:Gene	hpt_1	FOM_3_42:c8848-8285	FOM_3_00256
prokka_FOM_3/FOM_3:Gene	purB	FOM_3_42:c10140-8845	FOM_3_00257
prokka_FOM_3/FOM_3:Gene	ybaK	FOM_3_45:1099-1584	FOM_3_00268
prokka_FOM_3/FOM_3:Gene	FOM_3_00269	FOM_3_45:1577-2125	FOM_3_00269
prokka_FOM_3/FOM_3:Gene	FOM_3_00276	FOM_3_45:c9063-7618	FOM_3_00276
prokka_FOM_3/FOM_3:Gene	ecfT_1	FOM_3_45:c9872-9045	FOM_3_00277
prokka_FOM_3/FOM_3:Gene	xseA	FOM_3_46:2260-3537	FOM_3_00284
prokka_FOM_3/FOM_3:Gene	xseB	FOM_3_46:3530-3754	FOM_3_00285
prokka_FOM_3/FOM_3:Gene	vanYB_1	FOM_3_47:c1215-565	FOM_3_00286
prokka_FOM_3/FOM_3:Gene	dacA_1	FOM_3_47:c2026-1199	FOM_3_00287
prokka_FOM_3/FOM_3:Gene	dppE	FOM_3_47:c3617-2016	FOM_3_00288
prokka_FOM_3/FOM_3:Gene	potA	FOM_3_52:13550-14653	FOM_3_00310
prokka_FOM_3/FOM_3:Gene	potB	FOM_3_52:14643-15461	FOM_3_00311
prokka_FOM_3/FOM_3:Gene	FOM_3_00319	FOM_3_53:2807-3196	FOM_3_00319
prokka_FOM_3/FOM_3:Gene	FOM_3_00320	FOM_3_53:3196-3987	FOM_3_00320
prokka_FOM_3/FOM_3:Gene	copB	FOM_3_53:c13809-11740	FOM_3_00329
prokka_FOM_3/FOM_3:Gene	copY	FOM_3_53:c14233-13790	FOM_3_00330
prokka_FOM_3/FOM_3:Gene	ytrA	FOM_3_53:14421-14786	FOM_3_00331
prokka_FOM_3/FOM_3:Gene	ytrB	FOM_3_53:14783-15685	FOM_3_00332
prokka_FOM_3/FOM_3:Gene	FOM_3_00333	FOM_3_53:15685-16512	FOM_3_00333
prokka_FOM_3/FOM_3:Gene	FOM_3_00340	FOM_3_54:c4053-2434	FOM_3_00340
prokka_FOM_3/FOM_3:Gene	FOM_3_00341	FOM_3_54:c5444-4050	FOM_3_00341
prokka_FOM_3/FOM_3:Gene	glpQ	FOM_3_56:2203-2943	FOM_3_00352
prokka_FOM_3/FOM_3:Gene	miaA	FOM_3_56:2936-3820	FOM_3_00353
prokka_FOM_3/FOM_3:Gene	rnj1	FOM_3_56:c11650-9968	FOM_3_00359
prokka_FOM_3/FOM_3:Gene	FOM_3_00360	FOM_3_56:c11862-11650	FOM_3_00360
prokka_FOM_3/FOM_3:Gene	FOM_3_00364	FOM_3_56:13828-14277	FOM_3_00364
prokka_FOM_3/FOM_3:Gene	nusB	FOM_3_56:14277-14681	FOM_3_00365
prokka_FOM_3/FOM_3:Gene	dtd3	FOM_3_56:14761-15558	FOM_3_00366
prokka_FOM_3/FOM_3:Gene	rnmV	FOM_3_56:15551-16132	FOM_3_00367
prokka_FOM_3/FOM_3:Gene	rsmA	FOM_3_56:16116-17003	FOM_3_00368
prokka_FOM_3/FOM_3:Gene	FOM_3_00370	FOM_3_56:17477-18316	FOM_3_00370
prokka_FOM_3/FOM_3:Gene	mntB	FOM_3_56:18313-19017	FOM_3_00371
prokka_FOM_3/FOM_3:Gene	znuB	FOM_3_56:19010-19801	FOM_3_00372
prokka_FOM_3/FOM_3:Gene	luxS	FOM_3_57:c3363-2887	FOM_3_00379
prokka_FOM_3/FOM_3:Gene	metQ_2	FOM_3_57:c4223-3363	FOM_3_00380
prokka_FOM_3/FOM_3:Gene	metC_1	FOM_3_57:c6527-5388	FOM_3_00382
prokka_FOM_3/FOM_3:Gene	metI	FOM_3_57:c7630-6524	FOM_3_00383
prokka_FOM_3/FOM_3:Gene	FOM_3_00385	FOM_3_57:c9684-8968	FOM_3_00385
prokka_FOM_3/FOM_3:Gene	FOM_3_00386	FOM_3_57:c10427-9684	FOM_3_00386
prokka_FOM_3/FOM_3:Gene	natA	FOM_3_57:c11190-10420	FOM_3_00387
prokka_FOM_3/FOM_3:Gene	sasA	FOM_3_57:c14230-12935	FOM_3_00390
prokka_FOM_3/FOM_3:Gene	arlR_1	FOM_3_57:c14912-14223	FOM_3_00391
prokka_FOM_3/FOM_3:Gene	alr_2	FOM_3_57:c17304-16183	FOM_3_00394
prokka_FOM_3/FOM_3:Gene	acpS	FOM_3_57:c17711-17301	FOM_3_00395
prokka_FOM_3/FOM_3:Gene	FOM_3_00398	FOM_3_57:c20562-19348	FOM_3_00398
prokka_FOM_3/FOM_3:Gene	dltA	FOM_3_57:c22084-20555	FOM_3_00399
prokka_FOM_3/FOM_3:Gene	FOM_3_00401	FOM_3_57:22373-23581	FOM_3_00401
prokka_FOM_3/FOM_3:Gene	FOM_3_00402	FOM_3_57:23571-24404	FOM_3_00402
prokka_FOM_3/FOM_3:Gene	FOM_3_00404	FOM_3_57:c25845-25096	FOM_3_00404
prokka_FOM_3/FOM_3:Gene	mrnC	FOM_3_57:c26249-25842	FOM_3_00405
prokka_FOM_3/FOM_3:Gene	gtfA_3	FOM_3_58:113-1564	FOM_3_00408
prokka_FOM_3/FOM_3:Gene	gtfB_1	FOM_3_58:1561-2406	FOM_3_00409
prokka_FOM_3/FOM_3:Gene	citC	FOM_3_60:1275-2339	FOM_3_00416
prokka_FOM_3/FOM_3:Gene	citD	FOM_3_60:2329-2622	FOM_3_00417
prokka_FOM_3/FOM_3:Gene	citE	FOM_3_60:2622-3530	FOM_3_00418
prokka_FOM_3/FOM_3:Gene	citF	FOM_3_60:3520-5058	FOM_3_00419
prokka_FOM_3/FOM_3:Gene	mprF	FOM_3_63:c5502-2950	FOM_3_00429
prokka_FOM_3/FOM_3:Gene	hsaD	FOM_3_63:c6223-5489	FOM_3_00430
prokka_FOM_3/FOM_3:Gene	prmC	FOM_3_64:1-435	FOM_3_00437
prokka_FOM_3/FOM_3:Gene	ywlC	FOM_3_64:432-1445	FOM_3_00438
prokka_FOM_3/FOM_3:Gene	FOM_3_00444	FOM_3_65:c6820-5039	FOM_3_00444
prokka_FOM_3/FOM_3:Gene	FOM_3_00445	FOM_3_65:c8538-6817	FOM_3_00445
prokka_FOM_3/FOM_3:Gene	FOM_3_00451	FOM_3_66:c5279-2904	FOM_3_00451
prokka_FOM_3/FOM_3:Gene	FOM_3_00452	FOM_3_66:c6444-5269	FOM_3_00452
prokka_FOM_3/FOM_3:Gene	purH	FOM_3_66:c8066-6540	FOM_3_00453
prokka_FOM_3/FOM_3:Gene	purN	FOM_3_66:c8653-8063	FOM_3_00454
prokka_FOM_3/FOM_3:Gene	purM	FOM_3_66:c9684-8647	FOM_3_00455
prokka_FOM_3/FOM_3:Gene	purF	FOM_3_66:c11306-9681	FOM_3_00456
prokka_FOM_3/FOM_3:Gene	purL	FOM_3_66:c13504-11288	FOM_3_00457
prokka_FOM_3/FOM_3:Gene	purQ	FOM_3_66:c14173-13508	FOM_3_00458
prokka_FOM_3/FOM_3:Gene	purS	FOM_3_66:c14439-14170	FOM_3_00459
prokka_FOM_3/FOM_3:Gene	FOM_3_00463	FOM_3_68:c2017-1172	FOM_3_00463
prokka_FOM_3/FOM_3:Gene	FOM_3_00464	FOM_3_68:c4185-2014	FOM_3_00464
prokka_FOM_3/FOM_3:Gene	FOM_3_00465	FOM_3_68:c7483-4178	FOM_3_00465
prokka_FOM_3/FOM_3:Gene	FOM_3_00466	FOM_3_68:c8288-7695	FOM_3_00466
prokka_FOM_3/FOM_3:Gene	FOM_3_00467	FOM_3_68:c9345-8275	FOM_3_00467
prokka_FOM_3/FOM_3:Gene	crcB_1	FOM_3_68:c14460-14122	FOM_3_00475
prokka_FOM_3/FOM_3:Gene	crcB_2	FOM_3_68:c14855-14457	FOM_3_00476
prokka_FOM_3/FOM_3:Gene	FOM_3_00479	FOM_3_68:16275-17273	FOM_3_00479
prokka_FOM_3/FOM_3:Gene	FOM_3_00480	FOM_3_68:17270-18169	FOM_3_00480
prokka_FOM_3/FOM_3:Gene	ybhF	FOM_3_69:2006-2743	FOM_3_00483
prokka_FOM_3/FOM_3:Gene	lnrN	FOM_3_69:2721-3821	FOM_3_00484
prokka_FOM_3/FOM_3:Gene	FOM_3_00488	FOM_3_70:c427-62	FOM_3_00488
prokka_FOM_3/FOM_3:Gene	FOM_3_00489	FOM_3_70:c1151-417	FOM_3_00489
prokka_FOM_3/FOM_3:Gene	metF	FOM_3_70:7318-8235	FOM_3_00498
prokka_FOM_3/FOM_3:Gene	metE_3	FOM_3_70:8228-10525	FOM_3_00499
prokka_FOM_3/FOM_3:Gene	cdaA	FOM_3_73:34-495	FOM_3_00511
prokka_FOM_3/FOM_3:Gene	cdaR	FOM_3_73:492-1565	FOM_3_00512
prokka_FOM_3/FOM_3:Gene	rnc	FOM_3_73:3058-3768	FOM_3_00514
prokka_FOM_3/FOM_3:Gene	smc	FOM_3_73:3765-7319	FOM_3_00515
prokka_FOM_3/FOM_3:Gene	ftsY	FOM_3_73:7367-8590	FOM_3_00516
prokka_FOM_3/FOM_3:Gene	FOM_3_00517	FOM_3_73:8590-8934	FOM_3_00517
prokka_FOM_3/FOM_3:Gene	ffh	FOM_3_73:8988-10463	FOM_3_00518
prokka_FOM_3/FOM_3:Gene	FOM_3_00519	FOM_3_73:10463-10642	FOM_3_00519
prokka_FOM_3/FOM_3:Gene	pyrH	FOM_3_77:11-607	FOM_3_00535
prokka_FOM_3/FOM_3:Gene	frr	FOM_3_77:607-1152	FOM_3_00536
prokka_FOM_3/FOM_3:Gene	FOM_3_00549	FOM_3_78:8343-8732	FOM_3_00549
prokka_FOM_3/FOM_3:Gene	rluD	FOM_3_78:8722-9660	FOM_3_00550
prokka_FOM_3/FOM_3:Gene	pyrR	FOM_3_78:9650-10177	FOM_3_00551
prokka_FOM_3/FOM_3:Gene	carA	FOM_3_78:10236-11315	FOM_3_00552
prokka_FOM_3/FOM_3:Gene	carB	FOM_3_78:11296-13797	FOM_3_00553
prokka_FOM_3/FOM_3:Gene	FOM_3_00554	FOM_3_78:13790-14086	FOM_3_00554
prokka_FOM_3/FOM_3:Gene	FOM_3_00557	FOM_3_78:18016-18636	FOM_3_00557
prokka_FOM_3/FOM_3:Gene	dtd	FOM_3_78:18590-19036	FOM_3_00558
prokka_FOM_3/FOM_3:Gene	hisK_2	FOM_3_79:178-987	FOM_3_00564
prokka_FOM_3/FOM_3:Gene	FOM_3_00565	FOM_3_79:984-1640	FOM_3_00565
prokka_FOM_3/FOM_3:Gene	idi	FOM_3_79:1633-2154	FOM_3_00566
prokka_FOM_3/FOM_3:Gene	walK_1	FOM_3_79:7034-8899	FOM_3_00572
prokka_FOM_3/FOM_3:Gene	FOM_3_00573	FOM_3_79:8889-10187	FOM_3_00573
prokka_FOM_3/FOM_3:Gene	yheI	FOM_3_79:18747-20522	FOM_3_00582
prokka_FOM_3/FOM_3:Gene	yheH	FOM_3_79:20515-22314	FOM_3_00583
prokka_FOM_3/FOM_3:Gene	glnH	FOM_3_79:23303-24169	FOM_3_00585
prokka_FOM_3/FOM_3:Gene	glnM	FOM_3_79:24169-24810	FOM_3_00586
prokka_FOM_3/FOM_3:Gene	FOM_3_00593	FOM_3_80:c3340-2834	FOM_3_00593
prokka_FOM_3/FOM_3:Gene	FOM_3_00594	FOM_3_80:c3735-3337	FOM_3_00594
prokka_FOM_3/FOM_3:Gene	xylG	FOM_3_80:6484-8040	FOM_3_00598
prokka_FOM_3/FOM_3:Gene	FOM_3_00599	FOM_3_80:8040-9167	FOM_3_00599
prokka_FOM_3/FOM_3:Gene	FOM_3_00605	FOM_3_81:c2998-2084	FOM_3_00605
prokka_FOM_3/FOM_3:Gene	rpiA	FOM_3_81:c3690-2998	FOM_3_00606
prokka_FOM_3/FOM_3:Gene	gtfA_4	FOM_3_83:2032-3495	FOM_3_00610
prokka_FOM_3/FOM_3:Gene	gtfB_2	FOM_3_83:3485-4315	FOM_3_00611
prokka_FOM_3/FOM_3:Gene	asp1_2	FOM_3_83:4312-5799	FOM_3_00612
prokka_FOM_3/FOM_3:Gene	FOM_3_00614	FOM_3_83:7353-8090	FOM_3_00614
prokka_FOM_3/FOM_3:Gene	FOM_3_00615	FOM_3_83:8053-8502	FOM_3_00615
prokka_FOM_3/FOM_3:Gene	helD_1	FOM_3_86:10-414	FOM_3_00628
prokka_FOM_3/FOM_3:Gene	coaA_1	FOM_3_86:411-1103	FOM_3_00629
prokka_FOM_3/FOM_3:Gene	emrB_1	FOM_3_86:1222-2733	FOM_3_00630
prokka_FOM_3/FOM_3:Gene	FOM_3_00631	FOM_3_86:2733-3410	FOM_3_00631
prokka_FOM_3/FOM_3:Gene	ftsE	FOM_3_86:17119-17865	FOM_3_00645
prokka_FOM_3/FOM_3:Gene	phnE_1	FOM_3_86:17865-18686	FOM_3_00646
prokka_FOM_3/FOM_3:Gene	mutY	FOM_3_86:27129-28163	FOM_3_00657
prokka_FOM_3/FOM_3:Gene	yhhT	FOM_3_86:28141-29244	FOM_3_00658
prokka_FOM_3/FOM_3:Gene	btuD_2	FOM_3_86:35496-36536	FOM_3_00666
prokka_FOM_3/FOM_3:Gene	lacF	FOM_3_86:36533-37429	FOM_3_00667
prokka_FOM_3/FOM_3:Gene	ugpB	FOM_3_86:38377-39666	FOM_3_00669
prokka_FOM_3/FOM_3:Gene	rnj	FOM_3_86:39666-40859	FOM_3_00670
prokka_FOM_3/FOM_3:Gene	pucK	FOM_3_87:377-1711	FOM_3_00682
prokka_FOM_3/FOM_3:Gene	xpt	FOM_3_87:1708-2277	FOM_3_00683
prokka_FOM_3/FOM_3:Gene	FOM_3_00691	FOM_3_87:c9763-8414	FOM_3_00691
prokka_FOM_3/FOM_3:Gene	FOM_3_00692	FOM_3_87:c10098-9760	FOM_3_00692
prokka_FOM_3/FOM_3:Gene	FOM_3_00714	FOM_3_89:417-638	FOM_3_00714
prokka_FOM_3/FOM_3:Gene	FOM_3_00715	FOM_3_89:638-1081	FOM_3_00715
prokka_FOM_3/FOM_3:Gene	ecfT_2	FOM_3_92:c2538-1735	FOM_3_00718
prokka_FOM_3/FOM_3:Gene	ecfA2	FOM_3_92:c3388-2531	FOM_3_00719
prokka_FOM_3/FOM_3:Gene	ecfA1	FOM_3_92:c4182-3364	FOM_3_00720
prokka_FOM_3/FOM_3:Gene	adk	FOM_3_92:c10572-10006	FOM_3_00728
prokka_FOM_3/FOM_3:Gene	secY	FOM_3_92:c11899-10565	FOM_3_00729
prokka_FOM_3/FOM_3:Gene	rplO	FOM_3_92:c12333-11899	FOM_3_00730
prokka_FOM_3/FOM_3:Gene	recQ	FOM_3_93:c5230-3395	FOM_3_00739
prokka_FOM_3/FOM_3:Gene	FOM_3_00740	FOM_3_93:c5676-5230	FOM_3_00740
prokka_FOM_3/FOM_3:Gene	FOM_3_00747	FOM_3_93:12807-13244	FOM_3_00747
prokka_FOM_3/FOM_3:Gene	FOM_3_00748	FOM_3_93:13241-14131	FOM_3_00748
prokka_FOM_3/FOM_3:Gene	menG	FOM_3_93:c22853-22143	FOM_3_00753
prokka_FOM_3/FOM_3:Gene	menE_1	FOM_3_93:c24295-22850	FOM_3_00754
prokka_FOM_3/FOM_3:Gene	stp	FOM_3_94:c4622-3054	FOM_3_00760
prokka_FOM_3/FOM_3:Gene	FOM_3_00761	FOM_3_94:c5143-4622	FOM_3_00761
prokka_FOM_3/FOM_3:Gene	FOM_3_00768	FOM_3_96:c3022-2162	FOM_3_00768
prokka_FOM_3/FOM_3:Gene	ruvB_2	FOM_3_96:c4077-3019	FOM_3_00769
prokka_FOM_3/FOM_3:Gene	FOM_3_00771	FOM_3_96:c5332-4730	FOM_3_00771
prokka_FOM_3/FOM_3:Gene	murI	FOM_3_96:c6207-5329	FOM_3_00772
prokka_FOM_3/FOM_3:Gene	FOM_3_00777	FOM_3_97:c6111-5953	FOM_3_00777
prokka_FOM_3/FOM_3:Gene	FOM_3_00778	FOM_3_97:c6674-6111	FOM_3_00778
prokka_FOM_3/FOM_3:Gene	FOM_3_00783	FOM_3_97:c15467-14094	FOM_3_00783
prokka_FOM_3/FOM_3:Gene	tetA_1	FOM_3_97:c16672-15464	FOM_3_00784
prokka_FOM_3/FOM_3:Gene	FOM_3_00800	FOM_3_100:2075-2812	FOM_3_00800
prokka_FOM_3/FOM_3:Gene	iolU	FOM_3_100:2809-3807	FOM_3_00801
prokka_FOM_3/FOM_3:Gene	coaE	FOM_3_100:6111-6731	FOM_3_00804
prokka_FOM_3/FOM_3:Gene	dnaB	FOM_3_100:6715-8022	FOM_3_00805
prokka_FOM_3/FOM_3:Gene	dnaI	FOM_3_100:8024-8944	FOM_3_00806
prokka_FOM_3/FOM_3:Gene	FOM_3_00807	FOM_3_100:8941-10026	FOM_3_00807
prokka_FOM_3/FOM_3:Gene	FOM_3_00808	FOM_3_100:10023-10790	FOM_3_00808
prokka_FOM_3/FOM_3:Gene	FOM_3_00809	FOM_3_100:10787-11089	FOM_3_00809
prokka_FOM_3/FOM_3:Gene	FOM_3_00816	FOM_3_100:16263-17771	FOM_3_00816
prokka_FOM_3/FOM_3:Gene	FOM_3_00817	FOM_3_100:17768-18220	FOM_3_00817
prokka_FOM_3/FOM_3:Gene	FOM_3_00819	FOM_3_100:19101-19304	FOM_3_00819
prokka_FOM_3/FOM_3:Gene	FOM_3_00820	FOM_3_100:19297-20034	FOM_3_00820
prokka_FOM_3/FOM_3:Gene	clcB	FOM_3_101:5911-7227	FOM_3_00828
prokka_FOM_3/FOM_3:Gene	FOM_3_00829	FOM_3_101:7224-8912	FOM_3_00829
prokka_FOM_3/FOM_3:Gene	kdsD	FOM_3_101:c9918-8962	FOM_3_00830
prokka_FOM_3/FOM_3:Gene	kdsA_2	FOM_3_101:c10753-9902	FOM_3_00831
prokka_FOM_3/FOM_3:Gene	FOM_3_00833	FOM_3_102:73-363	FOM_3_00833
prokka_FOM_3/FOM_3:Gene	FOM_3_00834	FOM_3_102:360-866	FOM_3_00834
prokka_FOM_3/FOM_3:Gene	FOM_3_00835	FOM_3_102:1081-1641	FOM_3_00835
prokka_FOM_3/FOM_3:Gene	thiM	FOM_3_102:1641-2417	FOM_3_00836
prokka_FOM_3/FOM_3:Gene	thiD_1	FOM_3_102:2414-3247	FOM_3_00837
prokka_FOM_3/FOM_3:Gene	thiE	FOM_3_102:3237-3875	FOM_3_00838
prokka_FOM_3/FOM_3:Gene	gph	FOM_3_105:13581-14126	FOM_3_00856
prokka_FOM_3/FOM_3:Gene	yqeH	FOM_3_105:14116-15261	FOM_3_00857
prokka_FOM_3/FOM_3:Gene	FOM_3_00858	FOM_3_105:15261-15572	FOM_3_00858
prokka_FOM_3/FOM_3:Gene	nadD	FOM_3_105:15583-16221	FOM_3_00859
prokka_FOM_3/FOM_3:Gene	FOM_3_00860	FOM_3_105:16214-16798	FOM_3_00860
prokka_FOM_3/FOM_3:Gene	COQ5	FOM_3_105:17226-17981	FOM_3_00862
prokka_FOM_3/FOM_3:Gene	tmcAL	FOM_3_105:17978-19150	FOM_3_00863
prokka_FOM_3/FOM_3:Gene	arlS	FOM_3_105:20505-21608	FOM_3_00866
prokka_FOM_3/FOM_3:Gene	acyP	FOM_3_105:21589-21861	FOM_3_00867
prokka_FOM_3/FOM_3:Gene	dapB	FOM_3_107:c3651-2926	FOM_3_00876
prokka_FOM_3/FOM_3:Gene	dapA	FOM_3_107:c4517-3648	FOM_3_00877
prokka_FOM_3/FOM_3:Gene	ykuR	FOM_3_107:c5674-4520	FOM_3_00878
prokka_FOM_3/FOM_3:Gene	dapH	FOM_3_107:c6375-5674	FOM_3_00879
prokka_FOM_3/FOM_3:Gene	gppA	FOM_3_108:1637-2560	FOM_3_00883
prokka_FOM_3/FOM_3:Gene	mvaA	FOM_3_108:2553-3758	FOM_3_00884
prokka_FOM_3/FOM_3:Gene	FOM_3_00885	FOM_3_108:3742-4695	FOM_3_00885
prokka_FOM_3/FOM_3:Gene	FOM_3_00904	FOM_3_110:10128-10448	FOM_3_00904
prokka_FOM_3/FOM_3:Gene	FOM_3_00905	FOM_3_110:10438-12372	FOM_3_00905
prokka_FOM_3/FOM_3:Gene	lacM	FOM_3_111:c10709-9744	FOM_3_00922
prokka_FOM_3/FOM_3:Gene	lacL	FOM_3_111:c12582-10687	FOM_3_00923
prokka_FOM_3/FOM_3:Gene	purR_3	FOM_3_113:9035-10030	FOM_3_00939
prokka_FOM_3/FOM_3:Gene	ccpA_2	FOM_3_113:10024-10980	FOM_3_00940
prokka_FOM_3/FOM_3:Gene	bioY2	FOM_3_114:c2379-1843	FOM_3_00946
prokka_FOM_3/FOM_3:Gene	birA	FOM_3_114:c3122-2376	FOM_3_00947
prokka_FOM_3/FOM_3:Gene	oppF_2	FOM_3_114:c15671-14682	FOM_3_00958
prokka_FOM_3/FOM_3:Gene	oppD_2	FOM_3_114:c16681-15668	FOM_3_00959
prokka_FOM_3/FOM_3:Gene	dacA_3	FOM_3_116:c5224-3920	FOM_3_00970
prokka_FOM_3/FOM_3:Gene	rcsC_1	FOM_3_116:c6317-5205	FOM_3_00971
prokka_FOM_3/FOM_3:Gene	srrA_1	FOM_3_116:c7006-6314	FOM_3_00972
prokka_FOM_3/FOM_3:Gene	FOM_3_00975	FOM_3_116:c9083-8874	FOM_3_00975
prokka_FOM_3/FOM_3:Gene	spo0J	FOM_3_116:c9991-9083	FOM_3_00976
prokka_FOM_3/FOM_3:Gene	soj	FOM_3_116:c10742-9981	FOM_3_00977
prokka_FOM_3/FOM_3:Gene	ybeY	FOM_3_117:c624-142	FOM_3_00979
prokka_FOM_3/FOM_3:Gene	FOM_3_00980	FOM_3_117:c1616-624	FOM_3_00980
prokka_FOM_3/FOM_3:Gene	FOM_3_00987	FOM_3_119:c791-150	FOM_3_00987
prokka_FOM_3/FOM_3:Gene	ykoD_2	FOM_3_119:c2164-791	FOM_3_00988
prokka_FOM_3/FOM_3:Gene	FOM_3_00989	FOM_3_119:c2494-2201	FOM_3_00989
prokka_FOM_3/FOM_3:Gene	ykoE	FOM_3_119:c3069-2491	FOM_3_00990
prokka_FOM_3/FOM_3:Gene	trmK	FOM_3_119:4473-5162	FOM_3_00992
prokka_FOM_3/FOM_3:Gene	FOM_3_00993	FOM_3_119:5159-5965	FOM_3_00993
prokka_FOM_3/FOM_3:Gene	ppx_1	FOM_3_125:c2929-1958	FOM_3_01018
prokka_FOM_3/FOM_3:Gene	ppk	FOM_3_125:c5058-2926	FOM_3_01019
prokka_FOM_3/FOM_3:Gene	yjbM	FOM_3_127:875-1450	FOM_3_01025
prokka_FOM_3/FOM_3:Gene	nadK1	FOM_3_127:1447-2241	FOM_3_01026
prokka_FOM_3/FOM_3:Gene	FOM_3_01029	FOM_3_127:c5102-4614	FOM_3_01029
prokka_FOM_3/FOM_3:Gene	adeC	FOM_3_127:c6772-5099	FOM_3_01030
prokka_FOM_3/FOM_3:Gene	FOM_3_01031	FOM_3_128:c1346-1203	FOM_3_01031
prokka_FOM_3/FOM_3:Gene	FOM_3_01032	FOM_3_128:c2002-1346	FOM_3_01032
prokka_FOM_3/FOM_3:Gene	act	FOM_3_128:c4669-4118	FOM_3_01036
prokka_FOM_3/FOM_3:Gene	cspG	FOM_3_128:c4893-4669	FOM_3_01037
prokka_FOM_3/FOM_3:Gene	cvfB	FOM_3_130:823-1686	FOM_3_01041
prokka_FOM_3/FOM_3:Gene	xerD	FOM_3_130:1683-2579	FOM_3_01042
prokka_FOM_3/FOM_3:Gene	FOM_3_01043	FOM_3_130:2580-2957	FOM_3_01043
prokka_FOM_3/FOM_3:Gene	scpA	FOM_3_130:2924-3691	FOM_3_01044
prokka_FOM_3/FOM_3:Gene	tsaB	FOM_3_135:1179-1889	FOM_3_01059
prokka_FOM_3/FOM_3:Gene	FOM_3_01060	FOM_3_135:1873-2430	FOM_3_01060
prokka_FOM_3/FOM_3:Gene	rimI	FOM_3_135:2405-2818	FOM_3_01061
prokka_FOM_3/FOM_3:Gene	tsaD	FOM_3_135:2811-3827	FOM_3_01062
prokka_FOM_3/FOM_3:Gene	FOM_3_01068	FOM_3_136:1335-1886	FOM_3_01068
prokka_FOM_3/FOM_3:Gene	FOM_3_01069	FOM_3_136:1879-3261	FOM_3_01069
prokka_FOM_3/FOM_3:Gene	gpsA	FOM_3_137:c7296-6286	FOM_3_01079
prokka_FOM_3/FOM_3:Gene	hprK	FOM_3_137:c8254-7289	FOM_3_01080
prokka_FOM_3/FOM_3:Gene	pstB3_1	FOM_3_137:c10231-9461	FOM_3_01083
prokka_FOM_3/FOM_3:Gene	pstB3_2	FOM_3_137:c11070-10228	FOM_3_01084
prokka_FOM_3/FOM_3:Gene	pstA	FOM_3_137:c11962-11078	FOM_3_01085
prokka_FOM_3/FOM_3:Gene	pstC1	FOM_3_137:c12885-11962	FOM_3_01086
prokka_FOM_3/FOM_3:Gene	FOM_3_01095	FOM_3_139:1957-2232	FOM_3_01095
prokka_FOM_3/FOM_3:Gene	rplGA	FOM_3_139:2222-2542	FOM_3_01096
prokka_FOM_3/FOM_3:Gene	FOM_3_01120	FOM_3_147:c2585-864	FOM_3_01120
prokka_FOM_3/FOM_3:Gene	opuAA	FOM_3_147:c3768-2572	FOM_3_01121
prokka_FOM_3/FOM_3:Gene	deoD	FOM_3_147:c6837-6130	FOM_3_01125
prokka_FOM_3/FOM_3:Gene	deoB	FOM_3_147:c8024-6834	FOM_3_01126
prokka_FOM_3/FOM_3:Gene	rbsK	FOM_3_147:c8947-8021	FOM_3_01127
prokka_FOM_3/FOM_3:Gene	FOM_3_01128	FOM_3_147:c9968-8949	FOM_3_01128
prokka_FOM_3/FOM_3:Gene	fucP	FOM_3_147:c11283-9931	FOM_3_01129
prokka_FOM_3/FOM_3:Gene	pcrA	FOM_3_148:36-677	FOM_3_01131
prokka_FOM_3/FOM_3:Gene	FOM_3_01132	FOM_3_148:674-1162	FOM_3_01132
prokka_FOM_3/FOM_3:Gene	ligA	FOM_3_148:1171-3216	FOM_3_01133
prokka_FOM_3/FOM_3:Gene	FOM_3_01134	FOM_3_148:3213-4355	FOM_3_01134
prokka_FOM_3/FOM_3:Gene	srrA_2	FOM_3_151:3104-3820	FOM_3_01148
prokka_FOM_3/FOM_3:Gene	rcsC_2	FOM_3_151:3817-5229	FOM_3_01149
prokka_FOM_3/FOM_3:Gene	gatD	FOM_3_151:c7085-6354	FOM_3_01151
prokka_FOM_3/FOM_3:Gene	murT	FOM_3_151:c8440-7085	FOM_3_01152
prokka_FOM_3/FOM_3:Gene	FOM_3_01171	FOM_3_156:114-554	FOM_3_01171
prokka_FOM_3/FOM_3:Gene	tlyA	FOM_3_156:551-1387	FOM_3_01172
prokka_FOM_3/FOM_3:Gene	argR	FOM_3_156:1380-1835	FOM_3_01173
prokka_FOM_3/FOM_3:Gene	gpmA_3	FOM_3_156:6687-7349	FOM_3_01177
prokka_FOM_3/FOM_3:Gene	pepA	FOM_3_156:7346-8413	FOM_3_01178
prokka_FOM_3/FOM_3:Gene	ftsW	FOM_3_156:8413-9585	FOM_3_01179
prokka_FOM_3/FOM_3:Gene	FOM_3_01180	FOM_3_156:9582-9893	FOM_3_01180
prokka_FOM_3/FOM_3:Gene	coaD	FOM_3_156:10458-10946	FOM_3_01182
prokka_FOM_3/FOM_3:Gene	ylbL	FOM_3_156:10930-12021	FOM_3_01183
prokka_FOM_3/FOM_3:Gene	FOM_3_01219	FOM_3_161:2571-3431	FOM_3_01219
prokka_FOM_3/FOM_3:Gene	FOM_3_01220	FOM_3_161:3415-4008	FOM_3_01220
prokka_FOM_3/FOM_3:Gene	trePP	FOM_3_161:21682-24048	FOM_3_01233
prokka_FOM_3/FOM_3:Gene	yvdM_2	FOM_3_161:24041-24715	FOM_3_01234
prokka_FOM_3/FOM_3:Gene	helD_2	FOM_3_162:225-2591	FOM_3_01236
prokka_FOM_3/FOM_3:Gene	coaA_2	FOM_3_162:2588-3268	FOM_3_01237
prokka_FOM_3/FOM_3:Gene	gtfA_5	FOM_3_162:5699-7135	FOM_3_01240
prokka_FOM_3/FOM_3:Gene	gtfB_3	FOM_3_162:7132-7965	FOM_3_01241
prokka_FOM_3/FOM_3:Gene	FOM_3_01249	FOM_3_165:51-353	FOM_3_01249
prokka_FOM_3/FOM_3:Gene	FOM_3_01250	FOM_3_165:350-1423	FOM_3_01250
prokka_FOM_3/FOM_3:Gene	prmA	FOM_3_165:1410-2300	FOM_3_01251
prokka_FOM_3/FOM_3:Gene	FOM_3_01265	FOM_3_169:c1383-919	FOM_3_01265
prokka_FOM_3/FOM_3:Gene	spsB	FOM_3_169:c1963-1352	FOM_3_01266
prokka_FOM_3/FOM_3:Gene	misCA	FOM_3_169:c2902-2063	FOM_3_01267
prokka_FOM_3/FOM_3:Gene	rnpA	FOM_3_169:c3249-2899	FOM_3_01268
prokka_FOM_3/FOM_3:Gene	ybjI_3	FOM_3_169:c6521-5712	FOM_3_01272
prokka_FOM_3/FOM_3:Gene	hutI	FOM_3_169:c7753-6518	FOM_3_01273
prokka_FOM_3/FOM_3:Gene	FOM_3_01274	FOM_3_169:c9609-7753	FOM_3_01274
prokka_FOM_3/FOM_3:Gene	iscU	FOM_3_170:c3055-2621	FOM_3_01280
prokka_FOM_3/FOM_3:Gene	sufS	FOM_3_170:c4268-3042	FOM_3_01281
prokka_FOM_3/FOM_3:Gene	FOM_3_01282	FOM_3_170:c5439-4249	FOM_3_01282
prokka_FOM_3/FOM_3:Gene	sufC	FOM_3_170:c6241-5441	FOM_3_01283
prokka_FOM_3/FOM_3:Gene	FOM_3_01284	FOM_3_170:c7085-6222	FOM_3_01284
prokka_FOM_3/FOM_3:Gene	FOM_3_01285	FOM_3_170:c7976-7410	FOM_3_01285
prokka_FOM_3/FOM_3:Gene	pdxK_2	FOM_3_170:c8763-7963	FOM_3_01286
prokka_FOM_3/FOM_3:Gene	FOM_3_01291	FOM_3_171:c2335-1868	FOM_3_01291
prokka_FOM_3/FOM_3:Gene	fabZ_2	FOM_3_171:c2765-2319	FOM_3_01292
prokka_FOM_3/FOM_3:Gene	tcyB	FOM_3_171:9936-10634	FOM_3_01299
prokka_FOM_3/FOM_3:Gene	tcyC	FOM_3_171:10631-11365	FOM_3_01300
prokka_FOM_3/FOM_3:Gene	murG	FOM_3_173:7676-8767	FOM_3_01322
prokka_FOM_3/FOM_3:Gene	divIB	FOM_3_173:8767-9480	FOM_3_01323
prokka_FOM_3/FOM_3:Gene	FOM_3_01327	FOM_3_173:12723-12986	FOM_3_01327
prokka_FOM_3/FOM_3:Gene	FOM_3_01328	FOM_3_173:12983-13780	FOM_3_01328
prokka_FOM_3/FOM_3:Gene	FOM_3_01334	FOM_3_173:20023-20514	FOM_3_01334
prokka_FOM_3/FOM_3:Gene	FOM_3_01335	FOM_3_173:20507-21961	FOM_3_01335
prokka_FOM_3/FOM_3:Gene	axe1-6A	FOM_3_173:22960-23751	FOM_3_01338
prokka_FOM_3/FOM_3:Gene	addB	FOM_3_173:23751-27233	FOM_3_01339
prokka_FOM_3/FOM_3:Gene	addA	FOM_3_173:27233-30937	FOM_3_01340
prokka_FOM_3/FOM_3:Gene	rimM	FOM_3_173:33393-33914	FOM_3_01344
prokka_FOM_3/FOM_3:Gene	trmD	FOM_3_173:33914-34654	FOM_3_01345
prokka_FOM_3/FOM_3:Gene	rnz	FOM_3_173:36420-37376	FOM_3_01348
prokka_FOM_3/FOM_3:Gene	FOM_3_01349	FOM_3_173:37363-39330	FOM_3_01349
prokka_FOM_3/FOM_3:Gene	FOM_3_01352	FOM_3_173:c41541-40834	FOM_3_01352
prokka_FOM_3/FOM_3:Gene	FOM_3_01353	FOM_3_173:c41851-41525	FOM_3_01353
prokka_FOM_3/FOM_3:Gene	FOM_3_01358	FOM_3_173:c46067-45810	FOM_3_01358
prokka_FOM_3/FOM_3:Gene	msbA	FOM_3_173:c47826-46051	FOM_3_01359
prokka_FOM_3/FOM_3:Gene	FOM_3_01375	FOM_3_176:c5165-4635	FOM_3_01375
prokka_FOM_3/FOM_3:Gene	FOM_3_01376	FOM_3_176:c6511-5165	FOM_3_01376
prokka_FOM_3/FOM_3:Gene	purE	FOM_3_177:232-717	FOM_3_01382
prokka_FOM_3/FOM_3:Gene	purK	FOM_3_177:714-1829	FOM_3_01383

DiscRep_ALL:OVERLAPPING_CDS::4 coding regions overlap another coding region with a similar or identical name.
DiscRep_SUB:OVERLAPPING_CDS::4 coding regions overlap another coding region with a similar or identical name that do not have the appropriate note text
prokka_FOM_3/FOM_3:CDS	Putative fluoride ion transporter CrcB	FOM_3_68:c14460-14122	FOM_3_00475
prokka_FOM_3/FOM_3:CDS	Putative fluoride ion transporter CrcB	FOM_3_68:c14855-14457	FOM_3_00476
prokka_FOM_3/FOM_3:CDS	Phosphate import ATP-binding protein PstB 3	FOM_3_137:c10231-9461	FOM_3_01083
prokka_FOM_3/FOM_3:CDS	Phosphate import ATP-binding protein PstB 3	FOM_3_137:c11070-10228	FOM_3_01084

DiscRep_ALL:SUSPECT_PRODUCT_NAMES::4 product_names contain suspect phrase or characters
DiscRep_SUB:SUSPECT_PRODUCT_NAMES::May contain database identifier more appropriate in note; remove from product name
DiscRep_SUB:SUSPECT_PRODUCT_NAMES::2 features contains three or more numbers together that may be identifiers more appropriate in note
prokka_FOM_3/FOM_3:CDS	Photosystem I P700 chlorophyll a apoprotein A1	FOM_3_106:c595-224	FOM_3_00873
prokka_FOM_3/FOM_3:CDS	Vegetative protein 296	FOM_3_170:c6241-5441	FOM_3_01283

DiscRep_SUB:SUSPECT_PRODUCT_NAMES::Use short product name instead of descriptive phrase
DiscRep_SUB:SUSPECT_PRODUCT_NAMES::1 features Is longer than 100 characters. Remove descriptive phrases or synonyms from product names. Keep valid long product names, eg long enzyme names
prokka_FOM_3/FOM_3:CDS	GalNAc-alpha-(1->4)-GalNAc-alpha-(1->3)-diNAcBac-PP-undecaprenol alpha-1,4-N-acetyl-D-galactosaminyltransferase	FOM_3_53:6710-7771	FOM_3_00323

DiscRep_SUB:SUSPECT_PRODUCT_NAMES::use protein instead of gene as appropriate
DiscRep_SUB:SUSPECT_PRODUCT_NAMES::1 features contains 'gene'
prokka_FOM_3/FOM_3:CDS	Accessory gene regulator protein A	FOM_3_13:c19492-18791	FOM_3_00054

DiscRep_ALL:DISC_LONG_NO_ANNOTATION::1 bioseqs are longer than 5000nt and have no features
prokka_FOM_3/FOM_3:Prokka:FOM_3_82 (length 5445)

DiscRep_ALL:NO_ANNOTATION::14 bioseqs have no features
prokka_FOM_3/FOM_3:Prokka:FOM_3_12 (length 1752)
prokka_FOM_3/FOM_3:Prokka:FOM_3_14 (length 1509)
prokka_FOM_3/FOM_3:Prokka:FOM_3_15 (length 1446)
prokka_FOM_3/FOM_3:Prokka:FOM_3_17 (length 1489)
prokka_FOM_3/FOM_3:Prokka:FOM_3_36 (length 1829)
prokka_FOM_3/FOM_3:Prokka:FOM_3_82 (length 5445)
prokka_FOM_3/FOM_3:Prokka:FOM_3_90 (length 1147)
prokka_FOM_3/FOM_3:Prokka:FOM_3_122 (length 2249)
prokka_FOM_3/FOM_3:Prokka:FOM_3_129 (length 2196)
prokka_FOM_3/FOM_3:Prokka:FOM_3_132 (length 2329)
prokka_FOM_3/FOM_3:Prokka:FOM_3_138 (length 1282)
prokka_FOM_3/FOM_3:Prokka:FOM_3_144 (length 2842)
prokka_FOM_3/FOM_3:Prokka:FOM_3_145 (length 3052)
prokka_FOM_3/FOM_3:Prokka:FOM_3_168 (length 1068)

DiscRep_ALL:DISC_QUALITY_SCORES::Quality scores are missing on all sequences.

FATAL: DiscRep_ALL:DISC_SUSPECT_RRNA_PRODUCTS::1 rRNA produs contain suspect phract phrase
FATAL: DiscRep_SUB:DISC_SUSPECT_RRNA_PRODUCTS::1 rRNA pnames contains 'pains 'partial'
prokka_FOM_3/FOM_3:rRNA	5S ribosomal RNA (partial)	FOM_3_56:2-83	FOM_3_00347

FATAL: DiscRep_ALL:DISC_SHORT_RRNA::1 rRNA features are too short
prokka_FOM_3/FOM_3:rRNA	5S ribosomal RNA (partial)	FOM_3_56:2-83	FOM_3_00347

DiscRep_ALL:TEST_BAD_GENE_NAME::3 genes contain suspect phrase or characters
DiscRep_SUB:DISC_BAD_BACTERIAL_GENE_NAME::1 bacterial genes do not start with lowercase letters
prokka_FOM_3/FOM_3:Gene	COQ5	FOM_3_105:17226-17981	FOM_3_00862

DiscRep_SUB:TEST_BAD_GENE_NAME::2 genes contain more than 10 characters
prokka_FOM_3/FOM_3:Gene	rbsK/rbiA_1	FOM_3_75:5619-6533	FOM_3_00528
prokka_FOM_3/FOM_3:Gene	rbsK/rbiA_2	FOM_3_81:c3959-3693	FOM_3_00607

DiscRep_ALL:ONCALLER_COMMENT_PRESENT::177 comment descriptors were found (all same)
prokka_FOM_3/FOM_3:Prokka:FOM_3_1:Annotated using prokka 1.14.6 from https://github.com/tseemann/prokka
prokka_FOM_3/FOM_3:Prokka:FOM_3_2:Annotated using prokka 1.14.6 from https://github.com/tseemann/prokka
prokka_FOM_3/FOM_3:Prokka:FOM_3_3:Annotated using prokka 1.14.6 from https://github.com/tseemann/prokka
prokka_FOM_3/FOM_3:Prokka:FOM_3_4:Annotated using prokka 1.14.6 from https://github.com/tseemann/prokka
prokka_FOM_3/FOM_3:Prokka:FOM_3_5:Annotated using prokka 1.14.6 from https://github.com/tseemann/prokka
prokka_FOM_3/FOM_3:Prokka:FOM_3_6:Annotated using prokka 1.14.6 from https://github.com/tseemann/prokka
prokka_FOM_3/FOM_3:Prokka:FOM_3_7:Annotated using prokka 1.14.6 from https://github.com/tseemann/prokka
prokka_FOM_3/FOM_3:Prokka:FOM_3_8:Annotated using prokka 1.14.6 from https://github.com/tseemann/prokka
prokka_FOM_3/FOM_3:Prokka:FOM_3_9:Annotated using prokka 1.14.6 from https://github.com/tseemann/prokka
prokka_FOM_3/FOM_3:Prokka:FOM_3_10:Annotated using prokka 1.14.6 from https://github.com/tseemann/prokka
prokka_FOM_3/FOM_3:Prokka:FOM_3_11:Annotated using prokka 1.14.6 from https://github.com/tseemann/prokka
prokka_FOM_3/FOM_3:Prokka:FOM_3_12:Annotated using prokka 1.14.6 from https://github.com/tseemann/prokka
prokka_FOM_3/FOM_3:Prokka:FOM_3_13:Annotated using prokka 1.14.6 from https://github.com/tseemann/prokka
prokka_FOM_3/FOM_3:Prokka:FOM_3_14:Annotated using prokka 1.14.6 from https://github.com/tseemann/prokka
prokka_FOM_3/FOM_3:Prokka:FOM_3_15:Annotated using prokka 1.14.6 from https://github.com/tseemann/prokka
prokka_FOM_3/FOM_3:Prokka:FOM_3_16:Annotated using prokka 1.14.6 from https://github.com/tseemann/prokka
prokka_FOM_3/FOM_3:Prokka:FOM_3_17:Annotated using prokka 1.14.6 from https://github.com/tseemann/prokka
prokka_FOM_3/FOM_3:Prokka:FOM_3_18:Annotated using prokka 1.14.6 from https://github.com/tseemann/prokka
prokka_FOM_3/FOM_3:Prokka:FOM_3_19:Annotated using prokka 1.14.6 from https://github.com/tseemann/prokka
prokka_FOM_3/FOM_3:Prokka:FOM_3_20:Annotated using prokka 1.14.6 from https://github.com/tseemann/prokka
prokka_FOM_3/FOM_3:Prokka:FOM_3_21:Annotated using prokka 1.14.6 from https://github.com/tseemann/prokka
prokka_FOM_3/FOM_3:Prokka:FOM_3_22:Annotated using prokka 1.14.6 from https://github.com/tseemann/prokka
prokka_FOM_3/FOM_3:Prokka:FOM_3_23:Annotated using prokka 1.14.6 from https://github.com/tseemann/prokka
prokka_FOM_3/FOM_3:Prokka:FOM_3_24:Annotated using prokka 1.14.6 from https://github.com/tseemann/prokka
prokka_FOM_3/FOM_3:Prokka:FOM_3_25:Annotated using prokka 1.14.6 from https://github.com/tseemann/prokka
prokka_FOM_3/FOM_3:Prokka:FOM_3_26:Annotated using prokka 1.14.6 from https://github.com/tseemann/prokka
prokka_FOM_3/FOM_3:Prokka:FOM_3_27:Annotated using prokka 1.14.6 from https://github.com/tseemann/prokka
prokka_FOM_3/FOM_3:Prokka:FOM_3_28:Annotated using prokka 1.14.6 from https://github.com/tseemann/prokka
prokka_FOM_3/FOM_3:Prokka:FOM_3_29:Annotated using prokka 1.14.6 from https://github.com/tseemann/prokka
prokka_FOM_3/FOM_3:Prokka:FOM_3_30:Annotated using prokka 1.14.6 from https://github.com/tseemann/prokka
prokka_FOM_3/FOM_3:Prokka:FOM_3_31:Annotated using prokka 1.14.6 from https://github.com/tseemann/prokka
prokka_FOM_3/FOM_3:Prokka:FOM_3_32:Annotated using prokka 1.14.6 from https://github.com/tseemann/prokka
prokka_FOM_3/FOM_3:Prokka:FOM_3_33:Annotated using prokka 1.14.6 from https://github.com/tseemann/prokka
prokka_FOM_3/FOM_3:Prokka:FOM_3_34:Annotated using prokka 1.14.6 from https://github.com/tseemann/prokka
prokka_FOM_3/FOM_3:Prokka:FOM_3_35:Annotated using prokka 1.14.6 from https://github.com/tseemann/prokka
prokka_FOM_3/FOM_3:Prokka:FOM_3_36:Annotated using prokka 1.14.6 from https://github.com/tseemann/prokka
prokka_FOM_3/FOM_3:Prokka:FOM_3_37:Annotated using prokka 1.14.6 from https://github.com/tseemann/prokka
prokka_FOM_3/FOM_3:Prokka:FOM_3_38:Annotated using prokka 1.14.6 from https://github.com/tseemann/prokka
prokka_FOM_3/FOM_3:Prokka:FOM_3_39:Annotated using prokka 1.14.6 from https://github.com/tseemann/prokka
prokka_FOM_3/FOM_3:Prokka:FOM_3_40:Annotated using prokka 1.14.6 from https://github.com/tseemann/prokka
prokka_FOM_3/FOM_3:Prokka:FOM_3_41:Annotated using prokka 1.14.6 from https://github.com/tseemann/prokka
prokka_FOM_3/FOM_3:Prokka:FOM_3_42:Annotated using prokka 1.14.6 from https://github.com/tseemann/prokka
prokka_FOM_3/FOM_3:Prokka:FOM_3_43:Annotated using prokka 1.14.6 from https://github.com/tseemann/prokka
prokka_FOM_3/FOM_3:Prokka:FOM_3_44:Annotated using prokka 1.14.6 from https://github.com/tseemann/prokka
prokka_FOM_3/FOM_3:Prokka:FOM_3_45:Annotated using prokka 1.14.6 from https://github.com/tseemann/prokka
prokka_FOM_3/FOM_3:Prokka:FOM_3_46:Annotated using prokka 1.14.6 from https://github.com/tseemann/prokka
prokka_FOM_3/FOM_3:Prokka:FOM_3_47:Annotated using prokka 1.14.6 from https://github.com/tseemann/prokka
prokka_FOM_3/FOM_3:Prokka:FOM_3_48:Annotated using prokka 1.14.6 from https://github.com/tseemann/prokka
prokka_FOM_3/FOM_3:Prokka:FOM_3_49:Annotated using prokka 1.14.6 from https://github.com/tseemann/prokka
prokka_FOM_3/FOM_3:Prokka:FOM_3_50:Annotated using prokka 1.14.6 from https://github.com/tseemann/prokka
prokka_FOM_3/FOM_3:Prokka:FOM_3_51:Annotated using prokka 1.14.6 from https://github.com/tseemann/prokka
prokka_FOM_3/FOM_3:Prokka:FOM_3_52:Annotated using prokka 1.14.6 from https://github.com/tseemann/prokka
prokka_FOM_3/FOM_3:Prokka:FOM_3_53:Annotated using prokka 1.14.6 from https://github.com/tseemann/prokka
prokka_FOM_3/FOM_3:Prokka:FOM_3_54:Annotated using prokka 1.14.6 from https://github.com/tseemann/prokka
prokka_FOM_3/FOM_3:Prokka:FOM_3_55:Annotated using prokka 1.14.6 from https://github.com/tseemann/prokka
prokka_FOM_3/FOM_3:Prokka:FOM_3_56:Annotated using prokka 1.14.6 from https://github.com/tseemann/prokka
prokka_FOM_3/FOM_3:Prokka:FOM_3_57:Annotated using prokka 1.14.6 from https://github.com/tseemann/prokka
prokka_FOM_3/FOM_3:Prokka:FOM_3_58:Annotated using prokka 1.14.6 from https://github.com/tseemann/prokka
prokka_FOM_3/FOM_3:Prokka:FOM_3_59:Annotated using prokka 1.14.6 from https://github.com/tseemann/prokka
prokka_FOM_3/FOM_3:Prokka:FOM_3_60:Annotated using prokka 1.14.6 from https://github.com/tseemann/prokka
prokka_FOM_3/FOM_3:Prokka:FOM_3_61:Annotated using prokka 1.14.6 from https://github.com/tseemann/prokka
prokka_FOM_3/FOM_3:Prokka:FOM_3_62:Annotated using prokka 1.14.6 from https://github.com/tseemann/prokka
prokka_FOM_3/FOM_3:Prokka:FOM_3_63:Annotated using prokka 1.14.6 from https://github.com/tseemann/prokka
prokka_FOM_3/FOM_3:Prokka:FOM_3_64:Annotated using prokka 1.14.6 from https://github.com/tseemann/prokka
prokka_FOM_3/FOM_3:Prokka:FOM_3_65:Annotated using prokka 1.14.6 from https://github.com/tseemann/prokka
prokka_FOM_3/FOM_3:Prokka:FOM_3_66:Annotated using prokka 1.14.6 from https://github.com/tseemann/prokka
prokka_FOM_3/FOM_3:Prokka:FOM_3_67:Annotated using prokka 1.14.6 from https://github.com/tseemann/prokka
prokka_FOM_3/FOM_3:Prokka:FOM_3_68:Annotated using prokka 1.14.6 from https://github.com/tseemann/prokka
prokka_FOM_3/FOM_3:Prokka:FOM_3_69:Annotated using prokka 1.14.6 from https://github.com/tseemann/prokka
prokka_FOM_3/FOM_3:Prokka:FOM_3_70:Annotated using prokka 1.14.6 from https://github.com/tseemann/prokka
prokka_FOM_3/FOM_3:Prokka:FOM_3_71:Annotated using prokka 1.14.6 from https://github.com/tseemann/prokka
prokka_FOM_3/FOM_3:Prokka:FOM_3_72:Annotated using prokka 1.14.6 from https://github.com/tseemann/prokka
prokka_FOM_3/FOM_3:Prokka:FOM_3_73:Annotated using prokka 1.14.6 from https://github.com/tseemann/prokka
prokka_FOM_3/FOM_3:Prokka:FOM_3_74:Annotated using prokka 1.14.6 from https://github.com/tseemann/prokka
prokka_FOM_3/FOM_3:Prokka:FOM_3_75:Annotated using prokka 1.14.6 from https://github.com/tseemann/prokka
prokka_FOM_3/FOM_3:Prokka:FOM_3_76:Annotated using prokka 1.14.6 from https://github.com/tseemann/prokka
prokka_FOM_3/FOM_3:Prokka:FOM_3_77:Annotated using prokka 1.14.6 from https://github.com/tseemann/prokka
prokka_FOM_3/FOM_3:Prokka:FOM_3_78:Annotated using prokka 1.14.6 from https://github.com/tseemann/prokka
prokka_FOM_3/FOM_3:Prokka:FOM_3_79:Annotated using prokka 1.14.6 from https://github.com/tseemann/prokka
prokka_FOM_3/FOM_3:Prokka:FOM_3_80:Annotated using prokka 1.14.6 from https://github.com/tseemann/prokka
prokka_FOM_3/FOM_3:Prokka:FOM_3_81:Annotated using prokka 1.14.6 from https://github.com/tseemann/prokka
prokka_FOM_3/FOM_3:Prokka:FOM_3_82:Annotated using prokka 1.14.6 from https://github.com/tseemann/prokka
prokka_FOM_3/FOM_3:Prokka:FOM_3_83:Annotated using prokka 1.14.6 from https://github.com/tseemann/prokka
prokka_FOM_3/FOM_3:Prokka:FOM_3_84:Annotated using prokka 1.14.6 from https://github.com/tseemann/prokka
prokka_FOM_3/FOM_3:Prokka:FOM_3_85:Annotated using prokka 1.14.6 from https://github.com/tseemann/prokka
prokka_FOM_3/FOM_3:Prokka:FOM_3_86:Annotated using prokka 1.14.6 from https://github.com/tseemann/prokka
prokka_FOM_3/FOM_3:Prokka:FOM_3_87:Annotated using prokka 1.14.6 from https://github.com/tseemann/prokka
prokka_FOM_3/FOM_3:Prokka:FOM_3_88:Annotated using prokka 1.14.6 from https://github.com/tseemann/prokka
prokka_FOM_3/FOM_3:Prokka:FOM_3_89:Annotated using prokka 1.14.6 from https://github.com/tseemann/prokka
prokka_FOM_3/FOM_3:Prokka:FOM_3_90:Annotated using prokka 1.14.6 from https://github.com/tseemann/prokka
prokka_FOM_3/FOM_3:Prokka:FOM_3_91:Annotated using prokka 1.14.6 from https://github.com/tseemann/prokka
prokka_FOM_3/FOM_3:Prokka:FOM_3_92:Annotated using prokka 1.14.6 from https://github.com/tseemann/prokka
prokka_FOM_3/FOM_3:Prokka:FOM_3_93:Annotated using prokka 1.14.6 from https://github.com/tseemann/prokka
prokka_FOM_3/FOM_3:Prokka:FOM_3_94:Annotated using prokka 1.14.6 from https://github.com/tseemann/prokka
prokka_FOM_3/FOM_3:Prokka:FOM_3_95:Annotated using prokka 1.14.6 from https://github.com/tseemann/prokka
prokka_FOM_3/FOM_3:Prokka:FOM_3_96:Annotated using prokka 1.14.6 from https://github.com/tseemann/prokka
prokka_FOM_3/FOM_3:Prokka:FOM_3_97:Annotated using prokka 1.14.6 from https://github.com/tseemann/prokka
prokka_FOM_3/FOM_3:Prokka:FOM_3_98:Annotated using prokka 1.14.6 from https://github.com/tseemann/prokka
prokka_FOM_3/FOM_3:Prokka:FOM_3_99:Annotated using prokka 1.14.6 from https://github.com/tseemann/prokka
prokka_FOM_3/FOM_3:Prokka:FOM_3_100:Annotated using prokka 1.14.6 from https://github.com/tseemann/prokka
prokka_FOM_3/FOM_3:Prokka:FOM_3_101:Annotated using prokka 1.14.6 from https://github.com/tseemann/prokka
prokka_FOM_3/FOM_3:Prokka:FOM_3_102:Annotated using prokka 1.14.6 from https://github.com/tseemann/prokka
prokka_FOM_3/FOM_3:Prokka:FOM_3_103:Annotated using prokka 1.14.6 from https://github.com/tseemann/prokka
prokka_FOM_3/FOM_3:Prokka:FOM_3_104:Annotated using prokka 1.14.6 from https://github.com/tseemann/prokka
prokka_FOM_3/FOM_3:Prokka:FOM_3_105:Annotated using prokka 1.14.6 from https://github.com/tseemann/prokka
prokka_FOM_3/FOM_3:Prokka:FOM_3_106:Annotated using prokka 1.14.6 from https://github.com/tseemann/prokka
prokka_FOM_3/FOM_3:Prokka:FOM_3_107:Annotated using prokka 1.14.6 from https://github.com/tseemann/prokka
prokka_FOM_3/FOM_3:Prokka:FOM_3_108:Annotated using prokka 1.14.6 from https://github.com/tseemann/prokka
prokka_FOM_3/FOM_3:Prokka:FOM_3_109:Annotated using prokka 1.14.6 from https://github.com/tseemann/prokka
prokka_FOM_3/FOM_3:Prokka:FOM_3_110:Annotated using prokka 1.14.6 from https://github.com/tseemann/prokka
prokka_FOM_3/FOM_3:Prokka:FOM_3_111:Annotated using prokka 1.14.6 from https://github.com/tseemann/prokka
prokka_FOM_3/FOM_3:Prokka:FOM_3_112:Annotated using prokka 1.14.6 from https://github.com/tseemann/prokka
prokka_FOM_3/FOM_3:Prokka:FOM_3_113:Annotated using prokka 1.14.6 from https://github.com/tseemann/prokka
prokka_FOM_3/FOM_3:Prokka:FOM_3_114:Annotated using prokka 1.14.6 from https://github.com/tseemann/prokka
prokka_FOM_3/FOM_3:Prokka:FOM_3_115:Annotated using prokka 1.14.6 from https://github.com/tseemann/prokka
prokka_FOM_3/FOM_3:Prokka:FOM_3_116:Annotated using prokka 1.14.6 from https://github.com/tseemann/prokka
prokka_FOM_3/FOM_3:Prokka:FOM_3_117:Annotated using prokka 1.14.6 from https://github.com/tseemann/prokka
prokka_FOM_3/FOM_3:Prokka:FOM_3_118:Annotated using prokka 1.14.6 from https://github.com/tseemann/prokka
prokka_FOM_3/FOM_3:Prokka:FOM_3_119:Annotated using prokka 1.14.6 from https://github.com/tseemann/prokka
prokka_FOM_3/FOM_3:Prokka:FOM_3_120:Annotated using prokka 1.14.6 from https://github.com/tseemann/prokka
prokka_FOM_3/FOM_3:Prokka:FOM_3_121:Annotated using prokka 1.14.6 from https://github.com/tseemann/prokka
prokka_FOM_3/FOM_3:Prokka:FOM_3_122:Annotated using prokka 1.14.6 from https://github.com/tseemann/prokka
prokka_FOM_3/FOM_3:Prokka:FOM_3_123:Annotated using prokka 1.14.6 from https://github.com/tseemann/prokka
prokka_FOM_3/FOM_3:Prokka:FOM_3_124:Annotated using prokka 1.14.6 from https://github.com/tseemann/prokka
prokka_FOM_3/FOM_3:Prokka:FOM_3_125:Annotated using prokka 1.14.6 from https://github.com/tseemann/prokka
prokka_FOM_3/FOM_3:Prokka:FOM_3_126:Annotated using prokka 1.14.6 from https://github.com/tseemann/prokka
prokka_FOM_3/FOM_3:Prokka:FOM_3_127:Annotated using prokka 1.14.6 from https://github.com/tseemann/prokka
prokka_FOM_3/FOM_3:Prokka:FOM_3_128:Annotated using prokka 1.14.6 from https://github.com/tseemann/prokka
prokka_FOM_3/FOM_3:Prokka:FOM_3_129:Annotated using prokka 1.14.6 from https://github.com/tseemann/prokka
prokka_FOM_3/FOM_3:Prokka:FOM_3_130:Annotated using prokka 1.14.6 from https://github.com/tseemann/prokka
prokka_FOM_3/FOM_3:Prokka:FOM_3_131:Annotated using prokka 1.14.6 from https://github.com/tseemann/prokka
prokka_FOM_3/FOM_3:Prokka:FOM_3_132:Annotated using prokka 1.14.6 from https://github.com/tseemann/prokka
prokka_FOM_3/FOM_3:Prokka:FOM_3_133:Annotated using prokka 1.14.6 from https://github.com/tseemann/prokka
prokka_FOM_3/FOM_3:Prokka:FOM_3_134:Annotated using prokka 1.14.6 from https://github.com/tseemann/prokka
prokka_FOM_3/FOM_3:Prokka:FOM_3_135:Annotated using prokka 1.14.6 from https://github.com/tseemann/prokka
prokka_FOM_3/FOM_3:Prokka:FOM_3_136:Annotated using prokka 1.14.6 from https://github.com/tseemann/prokka
prokka_FOM_3/FOM_3:Prokka:FOM_3_137:Annotated using prokka 1.14.6 from https://github.com/tseemann/prokka
prokka_FOM_3/FOM_3:Prokka:FOM_3_138:Annotated using prokka 1.14.6 from https://github.com/tseemann/prokka
prokka_FOM_3/FOM_3:Prokka:FOM_3_139:Annotated using prokka 1.14.6 from https://github.com/tseemann/prokka
prokka_FOM_3/FOM_3:Prokka:FOM_3_140:Annotated using prokka 1.14.6 from https://github.com/tseemann/prokka
prokka_FOM_3/FOM_3:Prokka:FOM_3_141:Annotated using prokka 1.14.6 from https://github.com/tseemann/prokka
prokka_FOM_3/FOM_3:Prokka:FOM_3_142:Annotated using prokka 1.14.6 from https://github.com/tseemann/prokka
prokka_FOM_3/FOM_3:Prokka:FOM_3_143:Annotated using prokka 1.14.6 from https://github.com/tseemann/prokka
prokka_FOM_3/FOM_3:Prokka:FOM_3_144:Annotated using prokka 1.14.6 from https://github.com/tseemann/prokka
prokka_FOM_3/FOM_3:Prokka:FOM_3_145:Annotated using prokka 1.14.6 from https://github.com/tseemann/prokka
prokka_FOM_3/FOM_3:Prokka:FOM_3_146:Annotated using prokka 1.14.6 from https://github.com/tseemann/prokka
prokka_FOM_3/FOM_3:Prokka:FOM_3_147:Annotated using prokka 1.14.6 from https://github.com/tseemann/prokka
prokka_FOM_3/FOM_3:Prokka:FOM_3_148:Annotated using prokka 1.14.6 from https://github.com/tseemann/prokka
prokka_FOM_3/FOM_3:Prokka:FOM_3_149:Annotated using prokka 1.14.6 from https://github.com/tseemann/prokka
prokka_FOM_3/FOM_3:Prokka:FOM_3_150:Annotated using prokka 1.14.6 from https://github.com/tseemann/prokka
prokka_FOM_3/FOM_3:Prokka:FOM_3_151:Annotated using prokka 1.14.6 from https://github.com/tseemann/prokka
prokka_FOM_3/FOM_3:Prokka:FOM_3_152:Annotated using prokka 1.14.6 from https://github.com/tseemann/prokka
prokka_FOM_3/FOM_3:Prokka:FOM_3_153:Annotated using prokka 1.14.6 from https://github.com/tseemann/prokka
prokka_FOM_3/FOM_3:Prokka:FOM_3_154:Annotated using prokka 1.14.6 from https://github.com/tseemann/prokka
prokka_FOM_3/FOM_3:Prokka:FOM_3_155:Annotated using prokka 1.14.6 from https://github.com/tseemann/prokka
prokka_FOM_3/FOM_3:Prokka:FOM_3_156:Annotated using prokka 1.14.6 from https://github.com/tseemann/prokka
prokka_FOM_3/FOM_3:Prokka:FOM_3_157:Annotated using prokka 1.14.6 from https://github.com/tseemann/prokka
prokka_FOM_3/FOM_3:Prokka:FOM_3_158:Annotated using prokka 1.14.6 from https://github.com/tseemann/prokka
prokka_FOM_3/FOM_3:Prokka:FOM_3_159:Annotated using prokka 1.14.6 from https://github.com/tseemann/prokka
prokka_FOM_3/FOM_3:Prokka:FOM_3_160:Annotated using prokka 1.14.6 from https://github.com/tseemann/prokka
prokka_FOM_3/FOM_3:Prokka:FOM_3_161:Annotated using prokka 1.14.6 from https://github.com/tseemann/prokka
prokka_FOM_3/FOM_3:Prokka:FOM_3_162:Annotated using prokka 1.14.6 from https://github.com/tseemann/prokka
prokka_FOM_3/FOM_3:Prokka:FOM_3_163:Annotated using prokka 1.14.6 from https://github.com/tseemann/prokka
prokka_FOM_3/FOM_3:Prokka:FOM_3_164:Annotated using prokka 1.14.6 from https://github.com/tseemann/prokka
prokka_FOM_3/FOM_3:Prokka:FOM_3_165:Annotated using prokka 1.14.6 from https://github.com/tseemann/prokka
prokka_FOM_3/FOM_3:Prokka:FOM_3_166:Annotated using prokka 1.14.6 from https://github.com/tseemann/prokka
prokka_FOM_3/FOM_3:Prokka:FOM_3_167:Annotated using prokka 1.14.6 from https://github.com/tseemann/prokka
prokka_FOM_3/FOM_3:Prokka:FOM_3_168:Annotated using prokka 1.14.6 from https://github.com/tseemann/prokka
prokka_FOM_3/FOM_3:Prokka:FOM_3_169:Annotated using prokka 1.14.6 from https://github.com/tseemann/prokka
prokka_FOM_3/FOM_3:Prokka:FOM_3_170:Annotated using prokka 1.14.6 from https://github.com/tseemann/prokka
prokka_FOM_3/FOM_3:Prokka:FOM_3_171:Annotated using prokka 1.14.6 from https://github.com/tseemann/prokka
prokka_FOM_3/FOM_3:Prokka:FOM_3_172:Annotated using prokka 1.14.6 from https://github.com/tseemann/prokka
prokka_FOM_3/FOM_3:Prokka:FOM_3_173:Annotated using prokka 1.14.6 from https://github.com/tseemann/prokka
prokka_FOM_3/FOM_3:Prokka:FOM_3_174:Annotated using prokka 1.14.6 from https://github.com/tseemann/prokka
prokka_FOM_3/FOM_3:Prokka:FOM_3_175:Annotated using prokka 1.14.6 from https://github.com/tseemann/prokka
prokka_FOM_3/FOM_3:Prokka:FOM_3_176:Annotated using prokka 1.14.6 from https://github.com/tseemann/prokka
prokka_FOM_3/FOM_3:Prokka:FOM_3_177:Annotated using prokka 1.14.6 from https://github.com/tseemann/prokka

DiscRep_ALL:SHORT_PROT_SEQUENCES::27 protein sequences are shorter than 50 aa.
prokka_FOM_3/FOM_3:Prokka:FOM_3_00024 (length 38)
prokka_FOM_3/FOM_3:Prokka:FOM_3_00034 (length 39)
prokka_FOM_3/FOM_3:Prokka:FOM_3_00064 (length 45)
prokka_FOM_3/FOM_3:Prokka:FOM_3_00187 (length 42)
prokka_FOM_3/FOM_3:Prokka:FOM_3_00226 (length 38)
prokka_FOM_3/FOM_3:Prokka:FOM_3_00227 (length 43)
prokka_FOM_3/FOM_3:Prokka:FOM_3_00243 (length 47)
prokka_FOM_3/FOM_3:Prokka:FOM_3_00281 (length 42)
prokka_FOM_3/FOM_3:Prokka:FOM_3_00378 (length 30)
prokka_FOM_3/FOM_3:Prokka:FOM_3_00400 (length 46)
prokka_FOM_3/FOM_3:Prokka:FOM_3_00497 (length 32)
prokka_FOM_3/FOM_3:Prokka:FOM_3_00504 (length 43)
prokka_FOM_3/FOM_3:Prokka:FOM_3_00563 (length 49)
prokka_FOM_3/FOM_3:Prokka:FOM_3_00656 (length 47)
prokka_FOM_3/FOM_3:Prokka:FOM_3_00744 (length 48)
prokka_FOM_3/FOM_3:Prokka:FOM_3_00788 (length 42)
prokka_FOM_3/FOM_3:Prokka:FOM_3_00795 (length 32)
prokka_FOM_3/FOM_3:Prokka:FOM_3_00847 (length 40)
prokka_FOM_3/FOM_3:Prokka:FOM_3_00942 (length 33)
prokka_FOM_3/FOM_3:Prokka:FOM_3_01031 (length 47)
prokka_FOM_3/FOM_3:Prokka:FOM_3_01057 (length 31)
prokka_FOM_3/FOM_3:Prokka:FOM_3_01071 (length 35)
prokka_FOM_3/FOM_3:Prokka:FOM_3_01088 (length 39)
prokka_FOM_3/FOM_3:Prokka:FOM_3_01247 (length 35)
prokka_FOM_3/FOM_3:Prokka:FOM_3_01269 (length 44)
prokka_FOM_3/FOM_3:Prokka:FOM_3_01311 (length 49)
prokka_FOM_3/FOM_3:Prokka:FOM_3_01360 (length 32)

DiscRep_ALL:MISSING_GENOMEASSEMBLY_COMMENTS::177 bioseqs are missing GenomeAssembly structured comments
prokka_FOM_3/FOM_3:Prokka:FOM_3_1 (length 1786)
prokka_FOM_3/FOM_3:Prokka:FOM_3_2 (length 3504)
prokka_FOM_3/FOM_3:Prokka:FOM_3_3 (length 6083)
prokka_FOM_3/FOM_3:Prokka:FOM_3_4 (length 5755)
prokka_FOM_3/FOM_3:Prokka:FOM_3_5 (length 4115)
prokka_FOM_3/FOM_3:Prokka:FOM_3_6 (length 1009)
prokka_FOM_3/FOM_3:Prokka:FOM_3_7 (length 1753)
prokka_FOM_3/FOM_3:Prokka:FOM_3_8 (length 2179)
prokka_FOM_3/FOM_3:Prokka:FOM_3_9 (length 8736)
prokka_FOM_3/FOM_3:Prokka:FOM_3_10 (length 2793)
prokka_FOM_3/FOM_3:Prokka:FOM_3_11 (length 1845)
prokka_FOM_3/FOM_3:Prokka:FOM_3_12 (length 1752)
prokka_FOM_3/FOM_3:Prokka:FOM_3_13 (length 28147)
prokka_FOM_3/FOM_3:Prokka:FOM_3_14 (length 1509)
prokka_FOM_3/FOM_3:Prokka:FOM_3_15 (length 1446)
prokka_FOM_3/FOM_3:Prokka:FOM_3_16 (length 8614)
prokka_FOM_3/FOM_3:Prokka:FOM_3_17 (length 1489)
prokka_FOM_3/FOM_3:Prokka:FOM_3_18 (length 24242)
prokka_FOM_3/FOM_3:Prokka:FOM_3_19 (length 7478)
prokka_FOM_3/FOM_3:Prokka:FOM_3_20 (length 1834)
prokka_FOM_3/FOM_3:Prokka:FOM_3_21 (length 1362)
prokka_FOM_3/FOM_3:Prokka:FOM_3_22 (length 5275)
prokka_FOM_3/FOM_3:Prokka:FOM_3_23 (length 12260)
prokka_FOM_3/FOM_3:Prokka:FOM_3_24 (length 5589)
prokka_FOM_3/FOM_3:Prokka:FOM_3_25 (length 4536)
prokka_FOM_3/FOM_3:Prokka:FOM_3_26 (length 1331)
prokka_FOM_3/FOM_3:Prokka:FOM_3_27 (length 16511)
prokka_FOM_3/FOM_3:Prokka:FOM_3_28 (length 1010)
prokka_FOM_3/FOM_3:Prokka:FOM_3_29 (length 33185)
prokka_FOM_3/FOM_3:Prokka:FOM_3_30 (length 9079)
prokka_FOM_3/FOM_3:Prokka:FOM_3_31 (length 14264)
prokka_FOM_3/FOM_3:Prokka:FOM_3_32 (length 6075)
prokka_FOM_3/FOM_3:Prokka:FOM_3_33 (length 15137)
prokka_FOM_3/FOM_3:Prokka:FOM_3_34 (length 2697)
prokka_FOM_3/FOM_3:Prokka:FOM_3_35 (length 1306)
prokka_FOM_3/FOM_3:Prokka:FOM_3_36 (length 1829)
prokka_FOM_3/FOM_3:Prokka:FOM_3_37 (length 10580)
prokka_FOM_3/FOM_3:Prokka:FOM_3_38 (length 2357)
prokka_FOM_3/FOM_3:Prokka:FOM_3_39 (length 1762)
prokka_FOM_3/FOM_3:Prokka:FOM_3_40 (length 6376)
prokka_FOM_3/FOM_3:Prokka:FOM_3_41 (length 1400)
prokka_FOM_3/FOM_3:Prokka:FOM_3_42 (length 15556)
prokka_FOM_3/FOM_3:Prokka:FOM_3_43 (length 1854)
prokka_FOM_3/FOM_3:Prokka:FOM_3_44 (length 1768)
prokka_FOM_3/FOM_3:Prokka:FOM_3_45 (length 13597)
prokka_FOM_3/FOM_3:Prokka:FOM_3_46 (length 4191)
prokka_FOM_3/FOM_3:Prokka:FOM_3_47 (length 3623)
prokka_FOM_3/FOM_3:Prokka:FOM_3_48 (length 1598)
prokka_FOM_3/FOM_3:Prokka:FOM_3_49 (length 2711)
prokka_FOM_3/FOM_3:Prokka:FOM_3_50 (length 5041)
prokka_FOM_3/FOM_3:Prokka:FOM_3_51 (length 1214)
prokka_FOM_3/FOM_3:Prokka:FOM_3_52 (length 20472)
prokka_FOM_3/FOM_3:Prokka:FOM_3_53 (length 21204)
prokka_FOM_3/FOM_3:Prokka:FOM_3_54 (length 11579)
prokka_FOM_3/FOM_3:Prokka:FOM_3_55 (length 2168)
prokka_FOM_3/FOM_3:Prokka:FOM_3_56 (length 22517)
prokka_FOM_3/FOM_3:Prokka:FOM_3_57 (length 34037)
prokka_FOM_3/FOM_3:Prokka:FOM_3_58 (length 3145)
prokka_FOM_3/FOM_3:Prokka:FOM_3_59 (length 5141)
prokka_FOM_3/FOM_3:Prokka:FOM_3_60 (length 5659)
prokka_FOM_3/FOM_3:Prokka:FOM_3_61 (length 5027)
prokka_FOM_3/FOM_3:Prokka:FOM_3_62 (length 2015)
prokka_FOM_3/FOM_3:Prokka:FOM_3_63 (length 10640)
prokka_FOM_3/FOM_3:Prokka:FOM_3_64 (length 3486)
prokka_FOM_3/FOM_3:Prokka:FOM_3_65 (length 10102)
prokka_FOM_3/FOM_3:Prokka:FOM_3_66 (length 15289)
prokka_FOM_3/FOM_3:Prokka:FOM_3_67 (length 3046)
prokka_FOM_3/FOM_3:Prokka:FOM_3_68 (length 18669)
prokka_FOM_3/FOM_3:Prokka:FOM_3_69 (length 5677)
prokka_FOM_3/FOM_3:Prokka:FOM_3_70 (length 14637)
prokka_FOM_3/FOM_3:Prokka:FOM_3_71 (length 1639)
prokka_FOM_3/FOM_3:Prokka:FOM_3_72 (length 3741)
prokka_FOM_3/FOM_3:Prokka:FOM_3_73 (length 12256)
prokka_FOM_3/FOM_3:Prokka:FOM_3_74 (length 5003)
prokka_FOM_3/FOM_3:Prokka:FOM_3_75 (length 7371)
prokka_FOM_3/FOM_3:Prokka:FOM_3_76 (length 6628)
prokka_FOM_3/FOM_3:Prokka:FOM_3_77 (length 5289)
prokka_FOM_3/FOM_3:Prokka:FOM_3_78 (length 25867)
prokka_FOM_3/FOM_3:Prokka:FOM_3_79 (length 30394)
prokka_FOM_3/FOM_3:Prokka:FOM_3_80 (length 11634)
prokka_FOM_3/FOM_3:Prokka:FOM_3_81 (length 3992)
prokka_FOM_3/FOM_3:Prokka:FOM_3_82 (length 5445)
prokka_FOM_3/FOM_3:Prokka:FOM_3_83 (length 16258)
prokka_FOM_3/FOM_3:Prokka:FOM_3_84 (length 8099)
prokka_FOM_3/FOM_3:Prokka:FOM_3_85 (length 1435)
prokka_FOM_3/FOM_3:Prokka:FOM_3_86 (length 54705)
prokka_FOM_3/FOM_3:Prokka:FOM_3_87 (length 25638)
prokka_FOM_3/FOM_3:Prokka:FOM_3_88 (length 1885)
prokka_FOM_3/FOM_3:Prokka:FOM_3_89 (length 1123)
prokka_FOM_3/FOM_3:Prokka:FOM_3_90 (length 1147)
prokka_FOM_3/FOM_3:Prokka:FOM_3_91 (length 5045)
prokka_FOM_3/FOM_3:Prokka:FOM_3_92 (length 15160)
prokka_FOM_3/FOM_3:Prokka:FOM_3_93 (length 25887)
prokka_FOM_3/FOM_3:Prokka:FOM_3_94 (length 6317)
prokka_FOM_3/FOM_3:Prokka:FOM_3_95 (length 4225)
prokka_FOM_3/FOM_3:Prokka:FOM_3_96 (length 7172)
prokka_FOM_3/FOM_3:Prokka:FOM_3_97 (length 20068)
prokka_FOM_3/FOM_3:Prokka:FOM_3_98 (length 4616)
prokka_FOM_3/FOM_3:Prokka:FOM_3_99 (length 9857)
prokka_FOM_3/FOM_3:Prokka:FOM_3_100 (length 23549)
prokka_FOM_3/FOM_3:Prokka:FOM_3_101 (length 11356)
prokka_FOM_3/FOM_3:Prokka:FOM_3_102 (length 6240)
prokka_FOM_3/FOM_3:Prokka:FOM_3_103 (length 3923)
prokka_FOM_3/FOM_3:Prokka:FOM_3_104 (length 1706)
prokka_FOM_3/FOM_3:Prokka:FOM_3_105 (length 28164)
prokka_FOM_3/FOM_3:Prokka:FOM_3_106 (length 4444)
prokka_FOM_3/FOM_3:Prokka:FOM_3_107 (length 7024)
prokka_FOM_3/FOM_3:Prokka:FOM_3_108 (length 7726)
prokka_FOM_3/FOM_3:Prokka:FOM_3_109 (length 10408)
prokka_FOM_3/FOM_3:Prokka:FOM_3_110 (length 22043)
prokka_FOM_3/FOM_3:Prokka:FOM_3_111 (length 21601)
prokka_FOM_3/FOM_3:Prokka:FOM_3_112 (length 1382)
prokka_FOM_3/FOM_3:Prokka:FOM_3_113 (length 11217)
prokka_FOM_3/FOM_3:Prokka:FOM_3_114 (length 16986)
prokka_FOM_3/FOM_3:Prokka:FOM_3_115 (length 9288)
prokka_FOM_3/FOM_3:Prokka:FOM_3_116 (length 11361)
prokka_FOM_3/FOM_3:Prokka:FOM_3_117 (length 2506)
prokka_FOM_3/FOM_3:Prokka:FOM_3_118 (length 2603)
prokka_FOM_3/FOM_3:Prokka:FOM_3_119 (length 6243)
prokka_FOM_3/FOM_3:Prokka:FOM_3_120 (length 5488)
prokka_FOM_3/FOM_3:Prokka:FOM_3_121 (length 10301)
prokka_FOM_3/FOM_3:Prokka:FOM_3_122 (length 2249)
prokka_FOM_3/FOM_3:Prokka:FOM_3_123 (length 6233)
prokka_FOM_3/FOM_3:Prokka:FOM_3_124 (length 1262)
prokka_FOM_3/FOM_3:Prokka:FOM_3_125 (length 7932)
prokka_FOM_3/FOM_3:Prokka:FOM_3_126 (length 1815)
prokka_FOM_3/FOM_3:Prokka:FOM_3_127 (length 8399)
prokka_FOM_3/FOM_3:Prokka:FOM_3_128 (length 5375)
prokka_FOM_3/FOM_3:Prokka:FOM_3_129 (length 2196)
prokka_FOM_3/FOM_3:Prokka:FOM_3_130 (length 10632)
prokka_FOM_3/FOM_3:Prokka:FOM_3_131 (length 1892)
prokka_FOM_3/FOM_3:Prokka:FOM_3_132 (length 2329)
prokka_FOM_3/FOM_3:Prokka:FOM_3_133 (length 2142)
prokka_FOM_3/FOM_3:Prokka:FOM_3_134 (length 3811)
prokka_FOM_3/FOM_3:Prokka:FOM_3_135 (length 7648)
prokka_FOM_3/FOM_3:Prokka:FOM_3_136 (length 4652)
prokka_FOM_3/FOM_3:Prokka:FOM_3_137 (length 17663)
prokka_FOM_3/FOM_3:Prokka:FOM_3_138 (length 1282)
prokka_FOM_3/FOM_3:Prokka:FOM_3_139 (length 2580)
prokka_FOM_3/FOM_3:Prokka:FOM_3_140 (length 7271)
prokka_FOM_3/FOM_3:Prokka:FOM_3_141 (length 4312)
prokka_FOM_3/FOM_3:Prokka:FOM_3_142 (length 14006)
prokka_FOM_3/FOM_3:Prokka:FOM_3_143 (length 1613)
prokka_FOM_3/FOM_3:Prokka:FOM_3_144 (length 2842)
prokka_FOM_3/FOM_3:Prokka:FOM_3_145 (length 3052)
prokka_FOM_3/FOM_3:Prokka:FOM_3_146 (length 1691)
prokka_FOM_3/FOM_3:Prokka:FOM_3_147 (length 12166)
prokka_FOM_3/FOM_3:Prokka:FOM_3_148 (length 9748)
prokka_FOM_3/FOM_3:Prokka:FOM_3_149 (length 6649)
prokka_FOM_3/FOM_3:Prokka:FOM_3_150 (length 1136)
prokka_FOM_3/FOM_3:Prokka:FOM_3_151 (length 20175)
prokka_FOM_3/FOM_3:Prokka:FOM_3_152 (length 4840)
prokka_FOM_3/FOM_3:Prokka:FOM_3_153 (length 1354)
prokka_FOM_3/FOM_3:Prokka:FOM_3_154 (length 4969)
prokka_FOM_3/FOM_3:Prokka:FOM_3_155 (length 2627)
prokka_FOM_3/FOM_3:Prokka:FOM_3_156 (length 12922)
prokka_FOM_3/FOM_3:Prokka:FOM_3_157 (length 3784)
prokka_FOM_3/FOM_3:Prokka:FOM_3_158 (length 21549)
prokka_FOM_3/FOM_3:Prokka:FOM_3_159 (length 4842)
prokka_FOM_3/FOM_3:Prokka:FOM_3_160 (length 1747)
prokka_FOM_3/FOM_3:Prokka:FOM_3_161 (length 24924)
prokka_FOM_3/FOM_3:Prokka:FOM_3_162 (length 11098)
prokka_FOM_3/FOM_3:Prokka:FOM_3_163 (length 4523)
prokka_FOM_3/FOM_3:Prokka:FOM_3_164 (length 1232)
prokka_FOM_3/FOM_3:Prokka:FOM_3_165 (length 12145)
prokka_FOM_3/FOM_3:Prokka:FOM_3_166 (length 2173)
prokka_FOM_3/FOM_3:Prokka:FOM_3_167 (length 1824)
prokka_FOM_3/FOM_3:Prokka:FOM_3_168 (length 1068)
prokka_FOM_3/FOM_3:Prokka:FOM_3_169 (length 12386)
prokka_FOM_3/FOM_3:Prokka:FOM_3_170 (length 11460)
prokka_FOM_3/FOM_3:Prokka:FOM_3_171 (length 20943)
prokka_FOM_3/FOM_3:Prokka:FOM_3_172 (length 1103)
prokka_FOM_3/FOM_3:Prokka:FOM_3_173 (length 53776)
prokka_FOM_3/FOM_3:Prokka:FOM_3_174 (length 3147)
prokka_FOM_3/FOM_3:Prokka:FOM_3_175 (length 1226)
prokka_FOM_3/FOM_3:Prokka:FOM_3_176 (length 9659)
prokka_FOM_3/FOM_3:Prokka:FOM_3_177 (length 1856)

DiscRep_ALL:MOLTYPE_NOT_MRNA::177 molecule types are not set as mRNA.
prokka_FOM_3/FOM_3:Prokka:FOM_3_1 (length 1786)
prokka_FOM_3/FOM_3:Prokka:FOM_3_2 (length 3504)
prokka_FOM_3/FOM_3:Prokka:FOM_3_3 (length 6083)
prokka_FOM_3/FOM_3:Prokka:FOM_3_4 (length 5755)
prokka_FOM_3/FOM_3:Prokka:FOM_3_5 (length 4115)
prokka_FOM_3/FOM_3:Prokka:FOM_3_6 (length 1009)
prokka_FOM_3/FOM_3:Prokka:FOM_3_7 (length 1753)
prokka_FOM_3/FOM_3:Prokka:FOM_3_8 (length 2179)
prokka_FOM_3/FOM_3:Prokka:FOM_3_9 (length 8736)
prokka_FOM_3/FOM_3:Prokka:FOM_3_10 (length 2793)
prokka_FOM_3/FOM_3:Prokka:FOM_3_11 (length 1845)
prokka_FOM_3/FOM_3:Prokka:FOM_3_12 (length 1752)
prokka_FOM_3/FOM_3:Prokka:FOM_3_13 (length 28147)
prokka_FOM_3/FOM_3:Prokka:FOM_3_14 (length 1509)
prokka_FOM_3/FOM_3:Prokka:FOM_3_15 (length 1446)
prokka_FOM_3/FOM_3:Prokka:FOM_3_16 (length 8614)
prokka_FOM_3/FOM_3:Prokka:FOM_3_17 (length 1489)
prokka_FOM_3/FOM_3:Prokka:FOM_3_18 (length 24242)
prokka_FOM_3/FOM_3:Prokka:FOM_3_19 (length 7478)
prokka_FOM_3/FOM_3:Prokka:FOM_3_20 (length 1834)
prokka_FOM_3/FOM_3:Prokka:FOM_3_21 (length 1362)
prokka_FOM_3/FOM_3:Prokka:FOM_3_22 (length 5275)
prokka_FOM_3/FOM_3:Prokka:FOM_3_23 (length 12260)
prokka_FOM_3/FOM_3:Prokka:FOM_3_24 (length 5589)
prokka_FOM_3/FOM_3:Prokka:FOM_3_25 (length 4536)
prokka_FOM_3/FOM_3:Prokka:FOM_3_26 (length 1331)
prokka_FOM_3/FOM_3:Prokka:FOM_3_27 (length 16511)
prokka_FOM_3/FOM_3:Prokka:FOM_3_28 (length 1010)
prokka_FOM_3/FOM_3:Prokka:FOM_3_29 (length 33185)
prokka_FOM_3/FOM_3:Prokka:FOM_3_30 (length 9079)
prokka_FOM_3/FOM_3:Prokka:FOM_3_31 (length 14264)
prokka_FOM_3/FOM_3:Prokka:FOM_3_32 (length 6075)
prokka_FOM_3/FOM_3:Prokka:FOM_3_33 (length 15137)
prokka_FOM_3/FOM_3:Prokka:FOM_3_34 (length 2697)
prokka_FOM_3/FOM_3:Prokka:FOM_3_35 (length 1306)
prokka_FOM_3/FOM_3:Prokka:FOM_3_36 (length 1829)
prokka_FOM_3/FOM_3:Prokka:FOM_3_37 (length 10580)
prokka_FOM_3/FOM_3:Prokka:FOM_3_38 (length 2357)
prokka_FOM_3/FOM_3:Prokka:FOM_3_39 (length 1762)
prokka_FOM_3/FOM_3:Prokka:FOM_3_40 (length 6376)
prokka_FOM_3/FOM_3:Prokka:FOM_3_41 (length 1400)
prokka_FOM_3/FOM_3:Prokka:FOM_3_42 (length 15556)
prokka_FOM_3/FOM_3:Prokka:FOM_3_43 (length 1854)
prokka_FOM_3/FOM_3:Prokka:FOM_3_44 (length 1768)
prokka_FOM_3/FOM_3:Prokka:FOM_3_45 (length 13597)
prokka_FOM_3/FOM_3:Prokka:FOM_3_46 (length 4191)
prokka_FOM_3/FOM_3:Prokka:FOM_3_47 (length 3623)
prokka_FOM_3/FOM_3:Prokka:FOM_3_48 (length 1598)
prokka_FOM_3/FOM_3:Prokka:FOM_3_49 (length 2711)
prokka_FOM_3/FOM_3:Prokka:FOM_3_50 (length 5041)
prokka_FOM_3/FOM_3:Prokka:FOM_3_51 (length 1214)
prokka_FOM_3/FOM_3:Prokka:FOM_3_52 (length 20472)
prokka_FOM_3/FOM_3:Prokka:FOM_3_53 (length 21204)
prokka_FOM_3/FOM_3:Prokka:FOM_3_54 (length 11579)
prokka_FOM_3/FOM_3:Prokka:FOM_3_55 (length 2168)
prokka_FOM_3/FOM_3:Prokka:FOM_3_56 (length 22517)
prokka_FOM_3/FOM_3:Prokka:FOM_3_57 (length 34037)
prokka_FOM_3/FOM_3:Prokka:FOM_3_58 (length 3145)
prokka_FOM_3/FOM_3:Prokka:FOM_3_59 (length 5141)
prokka_FOM_3/FOM_3:Prokka:FOM_3_60 (length 5659)
prokka_FOM_3/FOM_3:Prokka:FOM_3_61 (length 5027)
prokka_FOM_3/FOM_3:Prokka:FOM_3_62 (length 2015)
prokka_FOM_3/FOM_3:Prokka:FOM_3_63 (length 10640)
prokka_FOM_3/FOM_3:Prokka:FOM_3_64 (length 3486)
prokka_FOM_3/FOM_3:Prokka:FOM_3_65 (length 10102)
prokka_FOM_3/FOM_3:Prokka:FOM_3_66 (length 15289)
prokka_FOM_3/FOM_3:Prokka:FOM_3_67 (length 3046)
prokka_FOM_3/FOM_3:Prokka:FOM_3_68 (length 18669)
prokka_FOM_3/FOM_3:Prokka:FOM_3_69 (length 5677)
prokka_FOM_3/FOM_3:Prokka:FOM_3_70 (length 14637)
prokka_FOM_3/FOM_3:Prokka:FOM_3_71 (length 1639)
prokka_FOM_3/FOM_3:Prokka:FOM_3_72 (length 3741)
prokka_FOM_3/FOM_3:Prokka:FOM_3_73 (length 12256)
prokka_FOM_3/FOM_3:Prokka:FOM_3_74 (length 5003)
prokka_FOM_3/FOM_3:Prokka:FOM_3_75 (length 7371)
prokka_FOM_3/FOM_3:Prokka:FOM_3_76 (length 6628)
prokka_FOM_3/FOM_3:Prokka:FOM_3_77 (length 5289)
prokka_FOM_3/FOM_3:Prokka:FOM_3_78 (length 25867)
prokka_FOM_3/FOM_3:Prokka:FOM_3_79 (length 30394)
prokka_FOM_3/FOM_3:Prokka:FOM_3_80 (length 11634)
prokka_FOM_3/FOM_3:Prokka:FOM_3_81 (length 3992)
prokka_FOM_3/FOM_3:Prokka:FOM_3_82 (length 5445)
prokka_FOM_3/FOM_3:Prokka:FOM_3_83 (length 16258)
prokka_FOM_3/FOM_3:Prokka:FOM_3_84 (length 8099)
prokka_FOM_3/FOM_3:Prokka:FOM_3_85 (length 1435)
prokka_FOM_3/FOM_3:Prokka:FOM_3_86 (length 54705)
prokka_FOM_3/FOM_3:Prokka:FOM_3_87 (length 25638)
prokka_FOM_3/FOM_3:Prokka:FOM_3_88 (length 1885)
prokka_FOM_3/FOM_3:Prokka:FOM_3_89 (length 1123)
prokka_FOM_3/FOM_3:Prokka:FOM_3_90 (length 1147)
prokka_FOM_3/FOM_3:Prokka:FOM_3_91 (length 5045)
prokka_FOM_3/FOM_3:Prokka:FOM_3_92 (length 15160)
prokka_FOM_3/FOM_3:Prokka:FOM_3_93 (length 25887)
prokka_FOM_3/FOM_3:Prokka:FOM_3_94 (length 6317)
prokka_FOM_3/FOM_3:Prokka:FOM_3_95 (length 4225)
prokka_FOM_3/FOM_3:Prokka:FOM_3_96 (length 7172)
prokka_FOM_3/FOM_3:Prokka:FOM_3_97 (length 20068)
prokka_FOM_3/FOM_3:Prokka:FOM_3_98 (length 4616)
prokka_FOM_3/FOM_3:Prokka:FOM_3_99 (length 9857)
prokka_FOM_3/FOM_3:Prokka:FOM_3_100 (length 23549)
prokka_FOM_3/FOM_3:Prokka:FOM_3_101 (length 11356)
prokka_FOM_3/FOM_3:Prokka:FOM_3_102 (length 6240)
prokka_FOM_3/FOM_3:Prokka:FOM_3_103 (length 3923)
prokka_FOM_3/FOM_3:Prokka:FOM_3_104 (length 1706)
prokka_FOM_3/FOM_3:Prokka:FOM_3_105 (length 28164)
prokka_FOM_3/FOM_3:Prokka:FOM_3_106 (length 4444)
prokka_FOM_3/FOM_3:Prokka:FOM_3_107 (length 7024)
prokka_FOM_3/FOM_3:Prokka:FOM_3_108 (length 7726)
prokka_FOM_3/FOM_3:Prokka:FOM_3_109 (length 10408)
prokka_FOM_3/FOM_3:Prokka:FOM_3_110 (length 22043)
prokka_FOM_3/FOM_3:Prokka:FOM_3_111 (length 21601)
prokka_FOM_3/FOM_3:Prokka:FOM_3_112 (length 1382)
prokka_FOM_3/FOM_3:Prokka:FOM_3_113 (length 11217)
prokka_FOM_3/FOM_3:Prokka:FOM_3_114 (length 16986)
prokka_FOM_3/FOM_3:Prokka:FOM_3_115 (length 9288)
prokka_FOM_3/FOM_3:Prokka:FOM_3_116 (length 11361)
prokka_FOM_3/FOM_3:Prokka:FOM_3_117 (length 2506)
prokka_FOM_3/FOM_3:Prokka:FOM_3_118 (length 2603)
prokka_FOM_3/FOM_3:Prokka:FOM_3_119 (length 6243)
prokka_FOM_3/FOM_3:Prokka:FOM_3_120 (length 5488)
prokka_FOM_3/FOM_3:Prokka:FOM_3_121 (length 10301)
prokka_FOM_3/FOM_3:Prokka:FOM_3_122 (length 2249)
prokka_FOM_3/FOM_3:Prokka:FOM_3_123 (length 6233)
prokka_FOM_3/FOM_3:Prokka:FOM_3_124 (length 1262)
prokka_FOM_3/FOM_3:Prokka:FOM_3_125 (length 7932)
prokka_FOM_3/FOM_3:Prokka:FOM_3_126 (length 1815)
prokka_FOM_3/FOM_3:Prokka:FOM_3_127 (length 8399)
prokka_FOM_3/FOM_3:Prokka:FOM_3_128 (length 5375)
prokka_FOM_3/FOM_3:Prokka:FOM_3_129 (length 2196)
prokka_FOM_3/FOM_3:Prokka:FOM_3_130 (length 10632)
prokka_FOM_3/FOM_3:Prokka:FOM_3_131 (length 1892)
prokka_FOM_3/FOM_3:Prokka:FOM_3_132 (length 2329)
prokka_FOM_3/FOM_3:Prokka:FOM_3_133 (length 2142)
prokka_FOM_3/FOM_3:Prokka:FOM_3_134 (length 3811)
prokka_FOM_3/FOM_3:Prokka:FOM_3_135 (length 7648)
prokka_FOM_3/FOM_3:Prokka:FOM_3_136 (length 4652)
prokka_FOM_3/FOM_3:Prokka:FOM_3_137 (length 17663)
prokka_FOM_3/FOM_3:Prokka:FOM_3_138 (length 1282)
prokka_FOM_3/FOM_3:Prokka:FOM_3_139 (length 2580)
prokka_FOM_3/FOM_3:Prokka:FOM_3_140 (length 7271)
prokka_FOM_3/FOM_3:Prokka:FOM_3_141 (length 4312)
prokka_FOM_3/FOM_3:Prokka:FOM_3_142 (length 14006)
prokka_FOM_3/FOM_3:Prokka:FOM_3_143 (length 1613)
prokka_FOM_3/FOM_3:Prokka:FOM_3_144 (length 2842)
prokka_FOM_3/FOM_3:Prokka:FOM_3_145 (length 3052)
prokka_FOM_3/FOM_3:Prokka:FOM_3_146 (length 1691)
prokka_FOM_3/FOM_3:Prokka:FOM_3_147 (length 12166)
prokka_FOM_3/FOM_3:Prokka:FOM_3_148 (length 9748)
prokka_FOM_3/FOM_3:Prokka:FOM_3_149 (length 6649)
prokka_FOM_3/FOM_3:Prokka:FOM_3_150 (length 1136)
prokka_FOM_3/FOM_3:Prokka:FOM_3_151 (length 20175)
prokka_FOM_3/FOM_3:Prokka:FOM_3_152 (length 4840)
prokka_FOM_3/FOM_3:Prokka:FOM_3_153 (length 1354)
prokka_FOM_3/FOM_3:Prokka:FOM_3_154 (length 4969)
prokka_FOM_3/FOM_3:Prokka:FOM_3_155 (length 2627)
prokka_FOM_3/FOM_3:Prokka:FOM_3_156 (length 12922)
prokka_FOM_3/FOM_3:Prokka:FOM_3_157 (length 3784)
prokka_FOM_3/FOM_3:Prokka:FOM_3_158 (length 21549)
prokka_FOM_3/FOM_3:Prokka:FOM_3_159 (length 4842)
prokka_FOM_3/FOM_3:Prokka:FOM_3_160 (length 1747)
prokka_FOM_3/FOM_3:Prokka:FOM_3_161 (length 24924)
prokka_FOM_3/FOM_3:Prokka:FOM_3_162 (length 11098)
prokka_FOM_3/FOM_3:Prokka:FOM_3_163 (length 4523)
prokka_FOM_3/FOM_3:Prokka:FOM_3_164 (length 1232)
prokka_FOM_3/FOM_3:Prokka:FOM_3_165 (length 12145)
prokka_FOM_3/FOM_3:Prokka:FOM_3_166 (length 2173)
prokka_FOM_3/FOM_3:Prokka:FOM_3_167 (length 1824)
prokka_FOM_3/FOM_3:Prokka:FOM_3_168 (length 1068)
prokka_FOM_3/FOM_3:Prokka:FOM_3_169 (length 12386)
prokka_FOM_3/FOM_3:Prokka:FOM_3_170 (length 11460)
prokka_FOM_3/FOM_3:Prokka:FOM_3_171 (length 20943)
prokka_FOM_3/FOM_3:Prokka:FOM_3_172 (length 1103)
prokka_FOM_3/FOM_3:Prokka:FOM_3_173 (length 53776)
prokka_FOM_3/FOM_3:Prokka:FOM_3_174 (length 3147)
prokka_FOM_3/FOM_3:Prokka:FOM_3_175 (length 1226)
prokka_FOM_3/FOM_3:Prokka:FOM_3_176 (length 9659)
prokka_FOM_3/FOM_3:Prokka:FOM_3_177 (length 1856)

DiscRep_ALL:TECHNIQUE_NOT_TSA::177 technique are not set as TSA
prokka_FOM_3/FOM_3:Prokka:FOM_3_1 (length 1786)
prokka_FOM_3/FOM_3:Prokka:FOM_3_2 (length 3504)
prokka_FOM_3/FOM_3:Prokka:FOM_3_3 (length 6083)
prokka_FOM_3/FOM_3:Prokka:FOM_3_4 (length 5755)
prokka_FOM_3/FOM_3:Prokka:FOM_3_5 (length 4115)
prokka_FOM_3/FOM_3:Prokka:FOM_3_6 (length 1009)
prokka_FOM_3/FOM_3:Prokka:FOM_3_7 (length 1753)
prokka_FOM_3/FOM_3:Prokka:FOM_3_8 (length 2179)
prokka_FOM_3/FOM_3:Prokka:FOM_3_9 (length 8736)
prokka_FOM_3/FOM_3:Prokka:FOM_3_10 (length 2793)
prokka_FOM_3/FOM_3:Prokka:FOM_3_11 (length 1845)
prokka_FOM_3/FOM_3:Prokka:FOM_3_12 (length 1752)
prokka_FOM_3/FOM_3:Prokka:FOM_3_13 (length 28147)
prokka_FOM_3/FOM_3:Prokka:FOM_3_14 (length 1509)
prokka_FOM_3/FOM_3:Prokka:FOM_3_15 (length 1446)
prokka_FOM_3/FOM_3:Prokka:FOM_3_16 (length 8614)
prokka_FOM_3/FOM_3:Prokka:FOM_3_17 (length 1489)
prokka_FOM_3/FOM_3:Prokka:FOM_3_18 (length 24242)
prokka_FOM_3/FOM_3:Prokka:FOM_3_19 (length 7478)
prokka_FOM_3/FOM_3:Prokka:FOM_3_20 (length 1834)
prokka_FOM_3/FOM_3:Prokka:FOM_3_21 (length 1362)
prokka_FOM_3/FOM_3:Prokka:FOM_3_22 (length 5275)
prokka_FOM_3/FOM_3:Prokka:FOM_3_23 (length 12260)
prokka_FOM_3/FOM_3:Prokka:FOM_3_24 (length 5589)
prokka_FOM_3/FOM_3:Prokka:FOM_3_25 (length 4536)
prokka_FOM_3/FOM_3:Prokka:FOM_3_26 (length 1331)
prokka_FOM_3/FOM_3:Prokka:FOM_3_27 (length 16511)
prokka_FOM_3/FOM_3:Prokka:FOM_3_28 (length 1010)
prokka_FOM_3/FOM_3:Prokka:FOM_3_29 (length 33185)
prokka_FOM_3/FOM_3:Prokka:FOM_3_30 (length 9079)
prokka_FOM_3/FOM_3:Prokka:FOM_3_31 (length 14264)
prokka_FOM_3/FOM_3:Prokka:FOM_3_32 (length 6075)
prokka_FOM_3/FOM_3:Prokka:FOM_3_33 (length 15137)
prokka_FOM_3/FOM_3:Prokka:FOM_3_34 (length 2697)
prokka_FOM_3/FOM_3:Prokka:FOM_3_35 (length 1306)
prokka_FOM_3/FOM_3:Prokka:FOM_3_36 (length 1829)
prokka_FOM_3/FOM_3:Prokka:FOM_3_37 (length 10580)
prokka_FOM_3/FOM_3:Prokka:FOM_3_38 (length 2357)
prokka_FOM_3/FOM_3:Prokka:FOM_3_39 (length 1762)
prokka_FOM_3/FOM_3:Prokka:FOM_3_40 (length 6376)
prokka_FOM_3/FOM_3:Prokka:FOM_3_41 (length 1400)
prokka_FOM_3/FOM_3:Prokka:FOM_3_42 (length 15556)
prokka_FOM_3/FOM_3:Prokka:FOM_3_43 (length 1854)
prokka_FOM_3/FOM_3:Prokka:FOM_3_44 (length 1768)
prokka_FOM_3/FOM_3:Prokka:FOM_3_45 (length 13597)
prokka_FOM_3/FOM_3:Prokka:FOM_3_46 (length 4191)
prokka_FOM_3/FOM_3:Prokka:FOM_3_47 (length 3623)
prokka_FOM_3/FOM_3:Prokka:FOM_3_48 (length 1598)
prokka_FOM_3/FOM_3:Prokka:FOM_3_49 (length 2711)
prokka_FOM_3/FOM_3:Prokka:FOM_3_50 (length 5041)
prokka_FOM_3/FOM_3:Prokka:FOM_3_51 (length 1214)
prokka_FOM_3/FOM_3:Prokka:FOM_3_52 (length 20472)
prokka_FOM_3/FOM_3:Prokka:FOM_3_53 (length 21204)
prokka_FOM_3/FOM_3:Prokka:FOM_3_54 (length 11579)
prokka_FOM_3/FOM_3:Prokka:FOM_3_55 (length 2168)
prokka_FOM_3/FOM_3:Prokka:FOM_3_56 (length 22517)
prokka_FOM_3/FOM_3:Prokka:FOM_3_57 (length 34037)
prokka_FOM_3/FOM_3:Prokka:FOM_3_58 (length 3145)
prokka_FOM_3/FOM_3:Prokka:FOM_3_59 (length 5141)
prokka_FOM_3/FOM_3:Prokka:FOM_3_60 (length 5659)
prokka_FOM_3/FOM_3:Prokka:FOM_3_61 (length 5027)
prokka_FOM_3/FOM_3:Prokka:FOM_3_62 (length 2015)
prokka_FOM_3/FOM_3:Prokka:FOM_3_63 (length 10640)
prokka_FOM_3/FOM_3:Prokka:FOM_3_64 (length 3486)
prokka_FOM_3/FOM_3:Prokka:FOM_3_65 (length 10102)
prokka_FOM_3/FOM_3:Prokka:FOM_3_66 (length 15289)
prokka_FOM_3/FOM_3:Prokka:FOM_3_67 (length 3046)
prokka_FOM_3/FOM_3:Prokka:FOM_3_68 (length 18669)
prokka_FOM_3/FOM_3:Prokka:FOM_3_69 (length 5677)
prokka_FOM_3/FOM_3:Prokka:FOM_3_70 (length 14637)
prokka_FOM_3/FOM_3:Prokka:FOM_3_71 (length 1639)
prokka_FOM_3/FOM_3:Prokka:FOM_3_72 (length 3741)
prokka_FOM_3/FOM_3:Prokka:FOM_3_73 (length 12256)
prokka_FOM_3/FOM_3:Prokka:FOM_3_74 (length 5003)
prokka_FOM_3/FOM_3:Prokka:FOM_3_75 (length 7371)
prokka_FOM_3/FOM_3:Prokka:FOM_3_76 (length 6628)
prokka_FOM_3/FOM_3:Prokka:FOM_3_77 (length 5289)
prokka_FOM_3/FOM_3:Prokka:FOM_3_78 (length 25867)
prokka_FOM_3/FOM_3:Prokka:FOM_3_79 (length 30394)
prokka_FOM_3/FOM_3:Prokka:FOM_3_80 (length 11634)
prokka_FOM_3/FOM_3:Prokka:FOM_3_81 (length 3992)
prokka_FOM_3/FOM_3:Prokka:FOM_3_82 (length 5445)
prokka_FOM_3/FOM_3:Prokka:FOM_3_83 (length 16258)
prokka_FOM_3/FOM_3:Prokka:FOM_3_84 (length 8099)
prokka_FOM_3/FOM_3:Prokka:FOM_3_85 (length 1435)
prokka_FOM_3/FOM_3:Prokka:FOM_3_86 (length 54705)
prokka_FOM_3/FOM_3:Prokka:FOM_3_87 (length 25638)
prokka_FOM_3/FOM_3:Prokka:FOM_3_88 (length 1885)
prokka_FOM_3/FOM_3:Prokka:FOM_3_89 (length 1123)
prokka_FOM_3/FOM_3:Prokka:FOM_3_90 (length 1147)
prokka_FOM_3/FOM_3:Prokka:FOM_3_91 (length 5045)
prokka_FOM_3/FOM_3:Prokka:FOM_3_92 (length 15160)
prokka_FOM_3/FOM_3:Prokka:FOM_3_93 (length 25887)
prokka_FOM_3/FOM_3:Prokka:FOM_3_94 (length 6317)
prokka_FOM_3/FOM_3:Prokka:FOM_3_95 (length 4225)
prokka_FOM_3/FOM_3:Prokka:FOM_3_96 (length 7172)
prokka_FOM_3/FOM_3:Prokka:FOM_3_97 (length 20068)
prokka_FOM_3/FOM_3:Prokka:FOM_3_98 (length 4616)
prokka_FOM_3/FOM_3:Prokka:FOM_3_99 (length 9857)
prokka_FOM_3/FOM_3:Prokka:FOM_3_100 (length 23549)
prokka_FOM_3/FOM_3:Prokka:FOM_3_101 (length 11356)
prokka_FOM_3/FOM_3:Prokka:FOM_3_102 (length 6240)
prokka_FOM_3/FOM_3:Prokka:FOM_3_103 (length 3923)
prokka_FOM_3/FOM_3:Prokka:FOM_3_104 (length 1706)
prokka_FOM_3/FOM_3:Prokka:FOM_3_105 (length 28164)
prokka_FOM_3/FOM_3:Prokka:FOM_3_106 (length 4444)
prokka_FOM_3/FOM_3:Prokka:FOM_3_107 (length 7024)
prokka_FOM_3/FOM_3:Prokka:FOM_3_108 (length 7726)
prokka_FOM_3/FOM_3:Prokka:FOM_3_109 (length 10408)
prokka_FOM_3/FOM_3:Prokka:FOM_3_110 (length 22043)
prokka_FOM_3/FOM_3:Prokka:FOM_3_111 (length 21601)
prokka_FOM_3/FOM_3:Prokka:FOM_3_112 (length 1382)
prokka_FOM_3/FOM_3:Prokka:FOM_3_113 (length 11217)
prokka_FOM_3/FOM_3:Prokka:FOM_3_114 (length 16986)
prokka_FOM_3/FOM_3:Prokka:FOM_3_115 (length 9288)
prokka_FOM_3/FOM_3:Prokka:FOM_3_116 (length 11361)
prokka_FOM_3/FOM_3:Prokka:FOM_3_117 (length 2506)
prokka_FOM_3/FOM_3:Prokka:FOM_3_118 (length 2603)
prokka_FOM_3/FOM_3:Prokka:FOM_3_119 (length 6243)
prokka_FOM_3/FOM_3:Prokka:FOM_3_120 (length 5488)
prokka_FOM_3/FOM_3:Prokka:FOM_3_121 (length 10301)
prokka_FOM_3/FOM_3:Prokka:FOM_3_122 (length 2249)
prokka_FOM_3/FOM_3:Prokka:FOM_3_123 (length 6233)
prokka_FOM_3/FOM_3:Prokka:FOM_3_124 (length 1262)
prokka_FOM_3/FOM_3:Prokka:FOM_3_125 (length 7932)
prokka_FOM_3/FOM_3:Prokka:FOM_3_126 (length 1815)
prokka_FOM_3/FOM_3:Prokka:FOM_3_127 (length 8399)
prokka_FOM_3/FOM_3:Prokka:FOM_3_128 (length 5375)
prokka_FOM_3/FOM_3:Prokka:FOM_3_129 (length 2196)
prokka_FOM_3/FOM_3:Prokka:FOM_3_130 (length 10632)
prokka_FOM_3/FOM_3:Prokka:FOM_3_131 (length 1892)
prokka_FOM_3/FOM_3:Prokka:FOM_3_132 (length 2329)
prokka_FOM_3/FOM_3:Prokka:FOM_3_133 (length 2142)
prokka_FOM_3/FOM_3:Prokka:FOM_3_134 (length 3811)
prokka_FOM_3/FOM_3:Prokka:FOM_3_135 (length 7648)
prokka_FOM_3/FOM_3:Prokka:FOM_3_136 (length 4652)
prokka_FOM_3/FOM_3:Prokka:FOM_3_137 (length 17663)
prokka_FOM_3/FOM_3:Prokka:FOM_3_138 (length 1282)
prokka_FOM_3/FOM_3:Prokka:FOM_3_139 (length 2580)
prokka_FOM_3/FOM_3:Prokka:FOM_3_140 (length 7271)
prokka_FOM_3/FOM_3:Prokka:FOM_3_141 (length 4312)
prokka_FOM_3/FOM_3:Prokka:FOM_3_142 (length 14006)
prokka_FOM_3/FOM_3:Prokka:FOM_3_143 (length 1613)
prokka_FOM_3/FOM_3:Prokka:FOM_3_144 (length 2842)
prokka_FOM_3/FOM_3:Prokka:FOM_3_145 (length 3052)
prokka_FOM_3/FOM_3:Prokka:FOM_3_146 (length 1691)
prokka_FOM_3/FOM_3:Prokka:FOM_3_147 (length 12166)
prokka_FOM_3/FOM_3:Prokka:FOM_3_148 (length 9748)
prokka_FOM_3/FOM_3:Prokka:FOM_3_149 (length 6649)
prokka_FOM_3/FOM_3:Prokka:FOM_3_150 (length 1136)
prokka_FOM_3/FOM_3:Prokka:FOM_3_151 (length 20175)
prokka_FOM_3/FOM_3:Prokka:FOM_3_152 (length 4840)
prokka_FOM_3/FOM_3:Prokka:FOM_3_153 (length 1354)
prokka_FOM_3/FOM_3:Prokka:FOM_3_154 (length 4969)
prokka_FOM_3/FOM_3:Prokka:FOM_3_155 (length 2627)
prokka_FOM_3/FOM_3:Prokka:FOM_3_156 (length 12922)
prokka_FOM_3/FOM_3:Prokka:FOM_3_157 (length 3784)
prokka_FOM_3/FOM_3:Prokka:FOM_3_158 (length 21549)
prokka_FOM_3/FOM_3:Prokka:FOM_3_159 (length 4842)
prokka_FOM_3/FOM_3:Prokka:FOM_3_160 (length 1747)
prokka_FOM_3/FOM_3:Prokka:FOM_3_161 (length 24924)
prokka_FOM_3/FOM_3:Prokka:FOM_3_162 (length 11098)
prokka_FOM_3/FOM_3:Prokka:FOM_3_163 (length 4523)
prokka_FOM_3/FOM_3:Prokka:FOM_3_164 (length 1232)
prokka_FOM_3/FOM_3:Prokka:FOM_3_165 (length 12145)
prokka_FOM_3/FOM_3:Prokka:FOM_3_166 (length 2173)
prokka_FOM_3/FOM_3:Prokka:FOM_3_167 (length 1824)
prokka_FOM_3/FOM_3:Prokka:FOM_3_168 (length 1068)
prokka_FOM_3/FOM_3:Prokka:FOM_3_169 (length 12386)
prokka_FOM_3/FOM_3:Prokka:FOM_3_170 (length 11460)
prokka_FOM_3/FOM_3:Prokka:FOM_3_171 (length 20943)
prokka_FOM_3/FOM_3:Prokka:FOM_3_172 (length 1103)
prokka_FOM_3/FOM_3:Prokka:FOM_3_173 (length 53776)
prokka_FOM_3/FOM_3:Prokka:FOM_3_174 (length 3147)
prokka_FOM_3/FOM_3:Prokka:FOM_3_175 (length 1226)
prokka_FOM_3/FOM_3:Prokka:FOM_3_176 (length 9659)
prokka_FOM_3/FOM_3:Prokka:FOM_3_177 (length 1856)

DiscRep_ALL:MISSING_STRUCTURED_COMMENT::177 sequences do not include structured comments.
prokka_FOM_3/FOM_3:Prokka:FOM_3_1 (length 1786)
prokka_FOM_3/FOM_3:Prokka:FOM_3_2 (length 3504)
prokka_FOM_3/FOM_3:Prokka:FOM_3_3 (length 6083)
prokka_FOM_3/FOM_3:Prokka:FOM_3_4 (length 5755)
prokka_FOM_3/FOM_3:Prokka:FOM_3_5 (length 4115)
prokka_FOM_3/FOM_3:Prokka:FOM_3_6 (length 1009)
prokka_FOM_3/FOM_3:Prokka:FOM_3_7 (length 1753)
prokka_FOM_3/FOM_3:Prokka:FOM_3_8 (length 2179)
prokka_FOM_3/FOM_3:Prokka:FOM_3_9 (length 8736)
prokka_FOM_3/FOM_3:Prokka:FOM_3_10 (length 2793)
prokka_FOM_3/FOM_3:Prokka:FOM_3_11 (length 1845)
prokka_FOM_3/FOM_3:Prokka:FOM_3_12 (length 1752)
prokka_FOM_3/FOM_3:Prokka:FOM_3_13 (length 28147)
prokka_FOM_3/FOM_3:Prokka:FOM_3_14 (length 1509)
prokka_FOM_3/FOM_3:Prokka:FOM_3_15 (length 1446)
prokka_FOM_3/FOM_3:Prokka:FOM_3_16 (length 8614)
prokka_FOM_3/FOM_3:Prokka:FOM_3_17 (length 1489)
prokka_FOM_3/FOM_3:Prokka:FOM_3_18 (length 24242)
prokka_FOM_3/FOM_3:Prokka:FOM_3_19 (length 7478)
prokka_FOM_3/FOM_3:Prokka:FOM_3_20 (length 1834)
prokka_FOM_3/FOM_3:Prokka:FOM_3_21 (length 1362)
prokka_FOM_3/FOM_3:Prokka:FOM_3_22 (length 5275)
prokka_FOM_3/FOM_3:Prokka:FOM_3_23 (length 12260)
prokka_FOM_3/FOM_3:Prokka:FOM_3_24 (length 5589)
prokka_FOM_3/FOM_3:Prokka:FOM_3_25 (length 4536)
prokka_FOM_3/FOM_3:Prokka:FOM_3_26 (length 1331)
prokka_FOM_3/FOM_3:Prokka:FOM_3_27 (length 16511)
prokka_FOM_3/FOM_3:Prokka:FOM_3_28 (length 1010)
prokka_FOM_3/FOM_3:Prokka:FOM_3_29 (length 33185)
prokka_FOM_3/FOM_3:Prokka:FOM_3_30 (length 9079)
prokka_FOM_3/FOM_3:Prokka:FOM_3_31 (length 14264)
prokka_FOM_3/FOM_3:Prokka:FOM_3_32 (length 6075)
prokka_FOM_3/FOM_3:Prokka:FOM_3_33 (length 15137)
prokka_FOM_3/FOM_3:Prokka:FOM_3_34 (length 2697)
prokka_FOM_3/FOM_3:Prokka:FOM_3_35 (length 1306)
prokka_FOM_3/FOM_3:Prokka:FOM_3_36 (length 1829)
prokka_FOM_3/FOM_3:Prokka:FOM_3_37 (length 10580)
prokka_FOM_3/FOM_3:Prokka:FOM_3_38 (length 2357)
prokka_FOM_3/FOM_3:Prokka:FOM_3_39 (length 1762)
prokka_FOM_3/FOM_3:Prokka:FOM_3_40 (length 6376)
prokka_FOM_3/FOM_3:Prokka:FOM_3_41 (length 1400)
prokka_FOM_3/FOM_3:Prokka:FOM_3_42 (length 15556)
prokka_FOM_3/FOM_3:Prokka:FOM_3_43 (length 1854)
prokka_FOM_3/FOM_3:Prokka:FOM_3_44 (length 1768)
prokka_FOM_3/FOM_3:Prokka:FOM_3_45 (length 13597)
prokka_FOM_3/FOM_3:Prokka:FOM_3_46 (length 4191)
prokka_FOM_3/FOM_3:Prokka:FOM_3_47 (length 3623)
prokka_FOM_3/FOM_3:Prokka:FOM_3_48 (length 1598)
prokka_FOM_3/FOM_3:Prokka:FOM_3_49 (length 2711)
prokka_FOM_3/FOM_3:Prokka:FOM_3_50 (length 5041)
prokka_FOM_3/FOM_3:Prokka:FOM_3_51 (length 1214)
prokka_FOM_3/FOM_3:Prokka:FOM_3_52 (length 20472)
prokka_FOM_3/FOM_3:Prokka:FOM_3_53 (length 21204)
prokka_FOM_3/FOM_3:Prokka:FOM_3_54 (length 11579)
prokka_FOM_3/FOM_3:Prokka:FOM_3_55 (length 2168)
prokka_FOM_3/FOM_3:Prokka:FOM_3_56 (length 22517)
prokka_FOM_3/FOM_3:Prokka:FOM_3_57 (length 34037)
prokka_FOM_3/FOM_3:Prokka:FOM_3_58 (length 3145)
prokka_FOM_3/FOM_3:Prokka:FOM_3_59 (length 5141)
prokka_FOM_3/FOM_3:Prokka:FOM_3_60 (length 5659)
prokka_FOM_3/FOM_3:Prokka:FOM_3_61 (length 5027)
prokka_FOM_3/FOM_3:Prokka:FOM_3_62 (length 2015)
prokka_FOM_3/FOM_3:Prokka:FOM_3_63 (length 10640)
prokka_FOM_3/FOM_3:Prokka:FOM_3_64 (length 3486)
prokka_FOM_3/FOM_3:Prokka:FOM_3_65 (length 10102)
prokka_FOM_3/FOM_3:Prokka:FOM_3_66 (length 15289)
prokka_FOM_3/FOM_3:Prokka:FOM_3_67 (length 3046)
prokka_FOM_3/FOM_3:Prokka:FOM_3_68 (length 18669)
prokka_FOM_3/FOM_3:Prokka:FOM_3_69 (length 5677)
prokka_FOM_3/FOM_3:Prokka:FOM_3_70 (length 14637)
prokka_FOM_3/FOM_3:Prokka:FOM_3_71 (length 1639)
prokka_FOM_3/FOM_3:Prokka:FOM_3_72 (length 3741)
prokka_FOM_3/FOM_3:Prokka:FOM_3_73 (length 12256)
prokka_FOM_3/FOM_3:Prokka:FOM_3_74 (length 5003)
prokka_FOM_3/FOM_3:Prokka:FOM_3_75 (length 7371)
prokka_FOM_3/FOM_3:Prokka:FOM_3_76 (length 6628)
prokka_FOM_3/FOM_3:Prokka:FOM_3_77 (length 5289)
prokka_FOM_3/FOM_3:Prokka:FOM_3_78 (length 25867)
prokka_FOM_3/FOM_3:Prokka:FOM_3_79 (length 30394)
prokka_FOM_3/FOM_3:Prokka:FOM_3_80 (length 11634)
prokka_FOM_3/FOM_3:Prokka:FOM_3_81 (length 3992)
prokka_FOM_3/FOM_3:Prokka:FOM_3_82 (length 5445)
prokka_FOM_3/FOM_3:Prokka:FOM_3_83 (length 16258)
prokka_FOM_3/FOM_3:Prokka:FOM_3_84 (length 8099)
prokka_FOM_3/FOM_3:Prokka:FOM_3_85 (length 1435)
prokka_FOM_3/FOM_3:Prokka:FOM_3_86 (length 54705)
prokka_FOM_3/FOM_3:Prokka:FOM_3_87 (length 25638)
prokka_FOM_3/FOM_3:Prokka:FOM_3_88 (length 1885)
prokka_FOM_3/FOM_3:Prokka:FOM_3_89 (length 1123)
prokka_FOM_3/FOM_3:Prokka:FOM_3_90 (length 1147)
prokka_FOM_3/FOM_3:Prokka:FOM_3_91 (length 5045)
prokka_FOM_3/FOM_3:Prokka:FOM_3_92 (length 15160)
prokka_FOM_3/FOM_3:Prokka:FOM_3_93 (length 25887)
prokka_FOM_3/FOM_3:Prokka:FOM_3_94 (length 6317)
prokka_FOM_3/FOM_3:Prokka:FOM_3_95 (length 4225)
prokka_FOM_3/FOM_3:Prokka:FOM_3_96 (length 7172)
prokka_FOM_3/FOM_3:Prokka:FOM_3_97 (length 20068)
prokka_FOM_3/FOM_3:Prokka:FOM_3_98 (length 4616)
prokka_FOM_3/FOM_3:Prokka:FOM_3_99 (length 9857)
prokka_FOM_3/FOM_3:Prokka:FOM_3_100 (length 23549)
prokka_FOM_3/FOM_3:Prokka:FOM_3_101 (length 11356)
prokka_FOM_3/FOM_3:Prokka:FOM_3_102 (length 6240)
prokka_FOM_3/FOM_3:Prokka:FOM_3_103 (length 3923)
prokka_FOM_3/FOM_3:Prokka:FOM_3_104 (length 1706)
prokka_FOM_3/FOM_3:Prokka:FOM_3_105 (length 28164)
prokka_FOM_3/FOM_3:Prokka:FOM_3_106 (length 4444)
prokka_FOM_3/FOM_3:Prokka:FOM_3_107 (length 7024)
prokka_FOM_3/FOM_3:Prokka:FOM_3_108 (length 7726)
prokka_FOM_3/FOM_3:Prokka:FOM_3_109 (length 10408)
prokka_FOM_3/FOM_3:Prokka:FOM_3_110 (length 22043)
prokka_FOM_3/FOM_3:Prokka:FOM_3_111 (length 21601)
prokka_FOM_3/FOM_3:Prokka:FOM_3_112 (length 1382)
prokka_FOM_3/FOM_3:Prokka:FOM_3_113 (length 11217)
prokka_FOM_3/FOM_3:Prokka:FOM_3_114 (length 16986)
prokka_FOM_3/FOM_3:Prokka:FOM_3_115 (length 9288)
prokka_FOM_3/FOM_3:Prokka:FOM_3_116 (length 11361)
prokka_FOM_3/FOM_3:Prokka:FOM_3_117 (length 2506)
prokka_FOM_3/FOM_3:Prokka:FOM_3_118 (length 2603)
prokka_FOM_3/FOM_3:Prokka:FOM_3_119 (length 6243)
prokka_FOM_3/FOM_3:Prokka:FOM_3_120 (length 5488)
prokka_FOM_3/FOM_3:Prokka:FOM_3_121 (length 10301)
prokka_FOM_3/FOM_3:Prokka:FOM_3_122 (length 2249)
prokka_FOM_3/FOM_3:Prokka:FOM_3_123 (length 6233)
prokka_FOM_3/FOM_3:Prokka:FOM_3_124 (length 1262)
prokka_FOM_3/FOM_3:Prokka:FOM_3_125 (length 7932)
prokka_FOM_3/FOM_3:Prokka:FOM_3_126 (length 1815)
prokka_FOM_3/FOM_3:Prokka:FOM_3_127 (length 8399)
prokka_FOM_3/FOM_3:Prokka:FOM_3_128 (length 5375)
prokka_FOM_3/FOM_3:Prokka:FOM_3_129 (length 2196)
prokka_FOM_3/FOM_3:Prokka:FOM_3_130 (length 10632)
prokka_FOM_3/FOM_3:Prokka:FOM_3_131 (length 1892)
prokka_FOM_3/FOM_3:Prokka:FOM_3_132 (length 2329)
prokka_FOM_3/FOM_3:Prokka:FOM_3_133 (length 2142)
prokka_FOM_3/FOM_3:Prokka:FOM_3_134 (length 3811)
prokka_FOM_3/FOM_3:Prokka:FOM_3_135 (length 7648)
prokka_FOM_3/FOM_3:Prokka:FOM_3_136 (length 4652)
prokka_FOM_3/FOM_3:Prokka:FOM_3_137 (length 17663)
prokka_FOM_3/FOM_3:Prokka:FOM_3_138 (length 1282)
prokka_FOM_3/FOM_3:Prokka:FOM_3_139 (length 2580)
prokka_FOM_3/FOM_3:Prokka:FOM_3_140 (length 7271)
prokka_FOM_3/FOM_3:Prokka:FOM_3_141 (length 4312)
prokka_FOM_3/FOM_3:Prokka:FOM_3_142 (length 14006)
prokka_FOM_3/FOM_3:Prokka:FOM_3_143 (length 1613)
prokka_FOM_3/FOM_3:Prokka:FOM_3_144 (length 2842)
prokka_FOM_3/FOM_3:Prokka:FOM_3_145 (length 3052)
prokka_FOM_3/FOM_3:Prokka:FOM_3_146 (length 1691)
prokka_FOM_3/FOM_3:Prokka:FOM_3_147 (length 12166)
prokka_FOM_3/FOM_3:Prokka:FOM_3_148 (length 9748)
prokka_FOM_3/FOM_3:Prokka:FOM_3_149 (length 6649)
prokka_FOM_3/FOM_3:Prokka:FOM_3_150 (length 1136)
prokka_FOM_3/FOM_3:Prokka:FOM_3_151 (length 20175)
prokka_FOM_3/FOM_3:Prokka:FOM_3_152 (length 4840)
prokka_FOM_3/FOM_3:Prokka:FOM_3_153 (length 1354)
prokka_FOM_3/FOM_3:Prokka:FOM_3_154 (length 4969)
prokka_FOM_3/FOM_3:Prokka:FOM_3_155 (length 2627)
prokka_FOM_3/FOM_3:Prokka:FOM_3_156 (length 12922)
prokka_FOM_3/FOM_3:Prokka:FOM_3_157 (length 3784)
prokka_FOM_3/FOM_3:Prokka:FOM_3_158 (length 21549)
prokka_FOM_3/FOM_3:Prokka:FOM_3_159 (length 4842)
prokka_FOM_3/FOM_3:Prokka:FOM_3_160 (length 1747)
prokka_FOM_3/FOM_3:Prokka:FOM_3_161 (length 24924)
prokka_FOM_3/FOM_3:Prokka:FOM_3_162 (length 11098)
prokka_FOM_3/FOM_3:Prokka:FOM_3_163 (length 4523)
prokka_FOM_3/FOM_3:Prokka:FOM_3_164 (length 1232)
prokka_FOM_3/FOM_3:Prokka:FOM_3_165 (length 12145)
prokka_FOM_3/FOM_3:Prokka:FOM_3_166 (length 2173)
prokka_FOM_3/FOM_3:Prokka:FOM_3_167 (length 1824)
prokka_FOM_3/FOM_3:Prokka:FOM_3_168 (length 1068)
prokka_FOM_3/FOM_3:Prokka:FOM_3_169 (length 12386)
prokka_FOM_3/FOM_3:Prokka:FOM_3_170 (length 11460)
prokka_FOM_3/FOM_3:Prokka:FOM_3_171 (length 20943)
prokka_FOM_3/FOM_3:Prokka:FOM_3_172 (length 1103)
prokka_FOM_3/FOM_3:Prokka:FOM_3_173 (length 53776)
prokka_FOM_3/FOM_3:Prokka:FOM_3_174 (length 3147)
prokka_FOM_3/FOM_3:Prokka:FOM_3_175 (length 1226)
prokka_FOM_3/FOM_3:Prokka:FOM_3_176 (length 9659)
prokka_FOM_3/FOM_3:Prokka:FOM_3_177 (length 1856)

DiscRep_ALL:MISSING_PROJECT::1534 sequences do not include project.
prokka_FOM_3/FOM_3:Prokka:FOM_3_1 (length 1786)
prokka_FOM_3/FOM_3:Prokka:FOM_3_00001 (length 499)
prokka_FOM_3/FOM_3:Prokka:FOM_3_2 (length 3504)
prokka_FOM_3/FOM_3:Prokka:FOM_3_00002 (length 90)
prokka_FOM_3/FOM_3:Prokka:FOM_3_00003 (length 311)
prokka_FOM_3/FOM_3:Prokka:FOM_3_00004 (length 630)
prokka_FOM_3/FOM_3:Prokka:FOM_3_3 (length 6083)
prokka_FOM_3/FOM_3:Prokka:FOM_3_00006 (length 357)
prokka_FOM_3/FOM_3:Prokka:FOM_3_00007 (length 329)
prokka_FOM_3/FOM_3:Prokka:FOM_3_00008 (length 397)
prokka_FOM_3/FOM_3:Prokka:FOM_3_00009 (length 194)
prokka_FOM_3/FOM_3:Prokka:FOM_3_00010 (length 466)
prokka_FOM_3/FOM_3:Prokka:FOM_3_00011 (length 108)
prokka_FOM_3/FOM_3:Prokka:FOM_3_4 (length 5755)
prokka_FOM_3/FOM_3:Prokka:FOM_3_00012 (length 412)
prokka_FOM_3/FOM_3:Prokka:FOM_3_00013 (length 252)
prokka_FOM_3/FOM_3:Prokka:FOM_3_00014 (length 330)
prokka_FOM_3/FOM_3:Prokka:FOM_3_00015 (length 296)
prokka_FOM_3/FOM_3:Prokka:FOM_3_00016 (length 323)
prokka_FOM_3/FOM_3:Prokka:FOM_3_00017 (length 84)
prokka_FOM_3/FOM_3:Prokka:FOM_3_5 (length 4115)
prokka_FOM_3/FOM_3:Prokka:FOM_3_00018 (length 693)
prokka_FOM_3/FOM_3:Prokka:FOM_3_00019 (length 161)
prokka_FOM_3/FOM_3:Prokka:FOM_3_6 (length 1009)
prokka_FOM_3/FOM_3:Prokka:FOM_3_00020 (length 155)
prokka_FOM_3/FOM_3:Prokka:FOM_3_00021 (length 101)
prokka_FOM_3/FOM_3:Prokka:FOM_3_7 (length 1753)
prokka_FOM_3/FOM_3:Prokka:FOM_3_00022 (length 291)
prokka_FOM_3/FOM_3:Prokka:FOM_3_00023 (length 139)
prokka_FOM_3/FOM_3:Prokka:FOM_3_8 (length 2179)
prokka_FOM_3/FOM_3:Prokka:FOM_3_00024 (length 38)
prokka_FOM_3/FOM_3:Prokka:FOM_3_9 (length 8736)
prokka_FOM_3/FOM_3:Prokka:FOM_3_00025 (length 186)
prokka_FOM_3/FOM_3:Prokka:FOM_3_00026 (length 341)
prokka_FOM_3/FOM_3:Prokka:FOM_3_00027 (length 315)
prokka_FOM_3/FOM_3:Prokka:FOM_3_00028 (length 302)
prokka_FOM_3/FOM_3:Prokka:FOM_3_00029 (length 179)
prokka_FOM_3/FOM_3:Prokka:FOM_3_00030 (length 395)
prokka_FOM_3/FOM_3:Prokka:FOM_3_00031 (length 117)
prokka_FOM_3/FOM_3:Prokka:FOM_3_00032 (length 836)
prokka_FOM_3/FOM_3:Prokka:FOM_3_10 (length 2793)
prokka_FOM_3/FOM_3:Prokka:FOM_3_00033 (length 520)
prokka_FOM_3/FOM_3:Prokka:FOM_3_00034 (length 39)
prokka_FOM_3/FOM_3:Prokka:FOM_3_00035 (length 258)
prokka_FOM_3/FOM_3:Prokka:FOM_3_11 (length 1845)
prokka_FOM_3/FOM_3:Prokka:FOM_3_00036 (length 185)
prokka_FOM_3/FOM_3:Prokka:FOM_3_00037 (length 141)
prokka_FOM_3/FOM_3:Prokka:FOM_3_00038 (length 181)
prokka_FOM_3/FOM_3:Prokka:FOM_3_12 (length 1752)
prokka_FOM_3/FOM_3:Prokka:FOM_3_13 (length 28147)
prokka_FOM_3/FOM_3:Prokka:FOM_3_00039 (length 261)
prokka_FOM_3/FOM_3:Prokka:FOM_3_00040 (length 324)
prokka_FOM_3/FOM_3:Prokka:FOM_3_00041 (length 292)
prokka_FOM_3/FOM_3:Prokka:FOM_3_00042 (length 392)
prokka_FOM_3/FOM_3:Prokka:FOM_3_00043 (length 245)
prokka_FOM_3/FOM_3:Prokka:FOM_3_00044 (length 264)
prokka_FOM_3/FOM_3:Prokka:FOM_3_00045 (length 312)
prokka_FOM_3/FOM_3:Prokka:FOM_3_00046 (length 135)
prokka_FOM_3/FOM_3:Prokka:FOM_3_00047 (length 207)
prokka_FOM_3/FOM_3:Prokka:FOM_3_00048 (length 448)
prokka_FOM_3/FOM_3:Prokka:FOM_3_00049 (length 377)
prokka_FOM_3/FOM_3:Prokka:FOM_3_00050 (length 169)
prokka_FOM_3/FOM_3:Prokka:FOM_3_00051 (length 374)
prokka_FOM_3/FOM_3:Prokka:FOM_3_00052 (length 682)
prokka_FOM_3/FOM_3:Prokka:FOM_3_00053 (length 849)
prokka_FOM_3/FOM_3:Prokka:FOM_3_00054 (length 233)
prokka_FOM_3/FOM_3:Prokka:FOM_3_00055 (length 283)
prokka_FOM_3/FOM_3:Prokka:FOM_3_00056 (length 490)
prokka_FOM_3/FOM_3:Prokka:FOM_3_00057 (length 506)
prokka_FOM_3/FOM_3:Prokka:FOM_3_00058 (length 340)
prokka_FOM_3/FOM_3:Prokka:FOM_3_00059 (length 124)
prokka_FOM_3/FOM_3:Prokka:FOM_3_00060 (length 277)
prokka_FOM_3/FOM_3:Prokka:FOM_3_00061 (length 263)
prokka_FOM_3/FOM_3:Prokka:FOM_3_00062 (length 394)
prokka_FOM_3/FOM_3:Prokka:FOM_3_14 (length 1509)
prokka_FOM_3/FOM_3:Prokka:FOM_3_15 (length 1446)
prokka_FOM_3/FOM_3:Prokka:FOM_3_16 (length 8614)
prokka_FOM_3/FOM_3:Prokka:FOM_3_00063 (length 297)
prokka_FOM_3/FOM_3:Prokka:FOM_3_00064 (length 45)
prokka_FOM_3/FOM_3:Prokka:FOM_3_00065 (length 244)
prokka_FOM_3/FOM_3:Prokka:FOM_3_00066 (length 146)
prokka_FOM_3/FOM_3:Prokka:FOM_3_00067 (length 255)
prokka_FOM_3/FOM_3:Prokka:FOM_3_00068 (length 173)
prokka_FOM_3/FOM_3:Prokka:FOM_3_00069 (length 284)
prokka_FOM_3/FOM_3:Prokka:FOM_3_00070 (length 808)
prokka_FOM_3/FOM_3:Prokka:FOM_3_17 (length 1489)
prokka_FOM_3/FOM_3:Prokka:FOM_3_18 (length 24242)
prokka_FOM_3/FOM_3:Prokka:FOM_3_00071 (length 289)
prokka_FOM_3/FOM_3:Prokka:FOM_3_00072 (length 625)
prokka_FOM_3/FOM_3:Prokka:FOM_3_00073 (length 507)
prokka_FOM_3/FOM_3:Prokka:FOM_3_00074 (length 532)
prokka_FOM_3/FOM_3:Prokka:FOM_3_00075 (length 312)
prokka_FOM_3/FOM_3:Prokka:FOM_3_00076 (length 418)
prokka_FOM_3/FOM_3:Prokka:FOM_3_00077 (length 285)
prokka_FOM_3/FOM_3:Prokka:FOM_3_00078 (length 99)
prokka_FOM_3/FOM_3:Prokka:FOM_3_00079 (length 727)
prokka_FOM_3/FOM_3:Prokka:FOM_3_00080 (length 191)
prokka_FOM_3/FOM_3:Prokka:FOM_3_00081 (length 391)
prokka_FOM_3/FOM_3:Prokka:FOM_3_00082 (length 295)
prokka_FOM_3/FOM_3:Prokka:FOM_3_00083 (length 184)
prokka_FOM_3/FOM_3:Prokka:FOM_3_00084 (length 266)
prokka_FOM_3/FOM_3:Prokka:FOM_3_00085 (length 283)
prokka_FOM_3/FOM_3:Prokka:FOM_3_00086 (length 434)
prokka_FOM_3/FOM_3:Prokka:FOM_3_00087 (length 392)
prokka_FOM_3/FOM_3:Prokka:FOM_3_00088 (length 354)
prokka_FOM_3/FOM_3:Prokka:FOM_3_00089 (length 330)
prokka_FOM_3/FOM_3:Prokka:FOM_3_00090 (length 274)
prokka_FOM_3/FOM_3:Prokka:FOM_3_00091 (length 206)
prokka_FOM_3/FOM_3:Prokka:FOM_3_19 (length 7478)
prokka_FOM_3/FOM_3:Prokka:FOM_3_00092 (length 265)
prokka_FOM_3/FOM_3:Prokka:FOM_3_00093 (length 543)
prokka_FOM_3/FOM_3:Prokka:FOM_3_00094 (length 398)
prokka_FOM_3/FOM_3:Prokka:FOM_3_00095 (length 267)
prokka_FOM_3/FOM_3:Prokka:FOM_3_00096 (length 156)
prokka_FOM_3/FOM_3:Prokka:FOM_3_00097 (length 296)
prokka_FOM_3/FOM_3:Prokka:FOM_3_00098 (length 422)
prokka_FOM_3/FOM_3:Prokka:FOM_3_20 (length 1834)
prokka_FOM_3/FOM_3:Prokka:FOM_3_00099 (length 357)
prokka_FOM_3/FOM_3:Prokka:FOM_3_00100 (length 112)
prokka_FOM_3/FOM_3:Prokka:FOM_3_21 (length 1362)
prokka_FOM_3/FOM_3:Prokka:FOM_3_00101 (length 61)
prokka_FOM_3/FOM_3:Prokka:FOM_3_22 (length 5275)
prokka_FOM_3/FOM_3:Prokka:FOM_3_00102 (length 102)
prokka_FOM_3/FOM_3:Prokka:FOM_3_00103 (length 133)
prokka_FOM_3/FOM_3:Prokka:FOM_3_00104 (length 186)
prokka_FOM_3/FOM_3:Prokka:FOM_3_00105 (length 315)
prokka_FOM_3/FOM_3:Prokka:FOM_3_00107 (length 184)
prokka_FOM_3/FOM_3:Prokka:FOM_3_00108 (length 335)
prokka_FOM_3/FOM_3:Prokka:FOM_3_23 (length 12260)
prokka_FOM_3/FOM_3:Prokka:FOM_3_00109 (length 680)
prokka_FOM_3/FOM_3:Prokka:FOM_3_00110 (length 417)
prokka_FOM_3/FOM_3:Prokka:FOM_3_00111 (length 288)
prokka_FOM_3/FOM_3:Prokka:FOM_3_00112 (length 127)
prokka_FOM_3/FOM_3:Prokka:FOM_3_00113 (length 381)
prokka_FOM_3/FOM_3:Prokka:FOM_3_00114 (length 323)
prokka_FOM_3/FOM_3:Prokka:FOM_3_00115 (length 220)
prokka_FOM_3/FOM_3:Prokka:FOM_3_00116 (length 197)
prokka_FOM_3/FOM_3:Prokka:FOM_3_00117 (length 379)
prokka_FOM_3/FOM_3:Prokka:FOM_3_00118 (length 533)
prokka_FOM_3/FOM_3:Prokka:FOM_3_24 (length 5589)
prokka_FOM_3/FOM_3:Prokka:FOM_3_00119 (length 207)
prokka_FOM_3/FOM_3:Prokka:FOM_3_00120 (length 195)
prokka_FOM_3/FOM_3:Prokka:FOM_3_00121 (length 425)
prokka_FOM_3/FOM_3:Prokka:FOM_3_00122 (length 535)
prokka_FOM_3/FOM_3:Prokka:FOM_3_00123 (length 131)
prokka_FOM_3/FOM_3:Prokka:FOM_3_25 (length 4536)
prokka_FOM_3/FOM_3:Prokka:FOM_3_00124 (length 281)
prokka_FOM_3/FOM_3:Prokka:FOM_3_00125 (length 159)
prokka_FOM_3/FOM_3:Prokka:FOM_3_00126 (length 322)
prokka_FOM_3/FOM_3:Prokka:FOM_3_00127 (length 207)
prokka_FOM_3/FOM_3:Prokka:FOM_3_00128 (length 233)
prokka_FOM_3/FOM_3:Prokka:FOM_3_26 (length 1331)
prokka_FOM_3/FOM_3:Prokka:FOM_3_00129 (length 268)
prokka_FOM_3/FOM_3:Prokka:FOM_3_00130 (length 70)
prokka_FOM_3/FOM_3:Prokka:FOM_3_27 (length 16511)
prokka_FOM_3/FOM_3:Prokka:FOM_3_00131 (length 99)
prokka_FOM_3/FOM_3:Prokka:FOM_3_00132 (length 143)
prokka_FOM_3/FOM_3:Prokka:FOM_3_00133 (length 83)
prokka_FOM_3/FOM_3:Prokka:FOM_3_00134 (length 893)
prokka_FOM_3/FOM_3:Prokka:FOM_3_00135 (length 443)
prokka_FOM_3/FOM_3:Prokka:FOM_3_00136 (length 476)
prokka_FOM_3/FOM_3:Prokka:FOM_3_00137 (length 456)
prokka_FOM_3/FOM_3:Prokka:FOM_3_00138 (length 512)
prokka_FOM_3/FOM_3:Prokka:FOM_3_00139 (length 302)
prokka_FOM_3/FOM_3:Prokka:FOM_3_00140 (length 283)
prokka_FOM_3/FOM_3:Prokka:FOM_3_00141 (length 208)
prokka_FOM_3/FOM_3:Prokka:FOM_3_00142 (length 239)
prokka_FOM_3/FOM_3:Prokka:FOM_3_00143 (length 450)
prokka_FOM_3/FOM_3:Prokka:FOM_3_00144 (length 257)
prokka_FOM_3/FOM_3:Prokka:FOM_3_28 (length 1010)
prokka_FOM_3/FOM_3:Prokka:FOM_3_00145 (length 267)
prokka_FOM_3/FOM_3:Prokka:FOM_3_29 (length 33185)
prokka_FOM_3/FOM_3:Prokka:FOM_3_00146 (length 243)
prokka_FOM_3/FOM_3:Prokka:FOM_3_00147 (length 289)
prokka_FOM_3/FOM_3:Prokka:FOM_3_00148 (length 300)
prokka_FOM_3/FOM_3:Prokka:FOM_3_00149 (length 109)
prokka_FOM_3/FOM_3:Prokka:FOM_3_00150 (length 213)
prokka_FOM_3/FOM_3:Prokka:FOM_3_00151 (length 86)
prokka_FOM_3/FOM_3:Prokka:FOM_3_00152 (length 201)
prokka_FOM_3/FOM_3:Prokka:FOM_3_00153 (length 602)
prokka_FOM_3/FOM_3:Prokka:FOM_3_00154 (length 172)
prokka_FOM_3/FOM_3:Prokka:FOM_3_00155 (length 163)
prokka_FOM_3/FOM_3:Prokka:FOM_3_00156 (length 210)
prokka_FOM_3/FOM_3:Prokka:FOM_3_00157 (length 121)
prokka_FOM_3/FOM_3:Prokka:FOM_3_00158 (length 188)
prokka_FOM_3/FOM_3:Prokka:FOM_3_00159 (length 230)
prokka_FOM_3/FOM_3:Prokka:FOM_3_00160 (length 154)
prokka_FOM_3/FOM_3:Prokka:FOM_3_00161 (length 192)
prokka_FOM_3/FOM_3:Prokka:FOM_3_00162 (length 58)
prokka_FOM_3/FOM_3:Prokka:FOM_3_00163 (length 204)
prokka_FOM_3/FOM_3:Prokka:FOM_3_00164 (length 288)
prokka_FOM_3/FOM_3:Prokka:FOM_3_00165 (length 377)
prokka_FOM_3/FOM_3:Prokka:FOM_3_00166 (length 334)
prokka_FOM_3/FOM_3:Prokka:FOM_3_00167 (length 404)
prokka_FOM_3/FOM_3:Prokka:FOM_3_00168 (length 69)
prokka_FOM_3/FOM_3:Prokka:FOM_3_00169 (length 330)
prokka_FOM_3/FOM_3:Prokka:FOM_3_00170 (length 72)
prokka_FOM_3/FOM_3:Prokka:FOM_3_00171 (length 213)
prokka_FOM_3/FOM_3:Prokka:FOM_3_00172 (length 503)
prokka_FOM_3/FOM_3:Prokka:FOM_3_00173 (length 448)
prokka_FOM_3/FOM_3:Prokka:FOM_3_00174 (length 331)
prokka_FOM_3/FOM_3:Prokka:FOM_3_00175 (length 512)
prokka_FOM_3/FOM_3:Prokka:FOM_3_00176 (length 221)
prokka_FOM_3/FOM_3:Prokka:FOM_3_00177 (length 324)
prokka_FOM_3/FOM_3:Prokka:FOM_3_00178 (length 147)
prokka_FOM_3/FOM_3:Prokka:FOM_3_00179 (length 723)
prokka_FOM_3/FOM_3:Prokka:FOM_3_00180 (length 76)
prokka_FOM_3/FOM_3:Prokka:FOM_3_00181 (length 466)
prokka_FOM_3/FOM_3:Prokka:FOM_3_00182 (length 222)
prokka_FOM_3/FOM_3:Prokka:FOM_3_00183 (length 186)
prokka_FOM_3/FOM_3:Prokka:FOM_3_30 (length 9079)
prokka_FOM_3/FOM_3:Prokka:FOM_3_00184 (length 282)
prokka_FOM_3/FOM_3:Prokka:FOM_3_00185 (length 214)
prokka_FOM_3/FOM_3:Prokka:FOM_3_00186 (length 247)
prokka_FOM_3/FOM_3:Prokka:FOM_3_00187 (length 42)
prokka_FOM_3/FOM_3:Prokka:FOM_3_00188 (length 440)
prokka_FOM_3/FOM_3:Prokka:FOM_3_00189 (length 314)
prokka_FOM_3/FOM_3:Prokka:FOM_3_00190 (length 177)
prokka_FOM_3/FOM_3:Prokka:FOM_3_00191 (length 238)
prokka_FOM_3/FOM_3:Prokka:FOM_3_31 (length 14264)
prokka_FOM_3/FOM_3:Prokka:FOM_3_00192 (length 309)
prokka_FOM_3/FOM_3:Prokka:FOM_3_00193 (length 122)
prokka_FOM_3/FOM_3:Prokka:FOM_3_00194 (length 349)
prokka_FOM_3/FOM_3:Prokka:FOM_3_00195 (length 818)
prokka_FOM_3/FOM_3:Prokka:FOM_3_00196 (length 428)
prokka_FOM_3/FOM_3:Prokka:FOM_3_00197 (length 88)
prokka_FOM_3/FOM_3:Prokka:FOM_3_00198 (length 463)
prokka_FOM_3/FOM_3:Prokka:FOM_3_00199 (length 442)
prokka_FOM_3/FOM_3:Prokka:FOM_3_00200 (length 380)
prokka_FOM_3/FOM_3:Prokka:FOM_3_00201 (length 516)
prokka_FOM_3/FOM_3:Prokka:FOM_3_00202 (length 393)
prokka_FOM_3/FOM_3:Prokka:FOM_3_32 (length 6075)
prokka_FOM_3/FOM_3:Prokka:FOM_3_00203 (length 233)
prokka_FOM_3/FOM_3:Prokka:FOM_3_00204 (length 441)
prokka_FOM_3/FOM_3:Prokka:FOM_3_00205 (length 196)
prokka_FOM_3/FOM_3:Prokka:FOM_3_00206 (length 371)
prokka_FOM_3/FOM_3:Prokka:FOM_3_00207 (length 490)
prokka_FOM_3/FOM_3:Prokka:FOM_3_33 (length 15137)
prokka_FOM_3/FOM_3:Prokka:FOM_3_00208 (length 169)
prokka_FOM_3/FOM_3:Prokka:FOM_3_00209 (length 61)
prokka_FOM_3/FOM_3:Prokka:FOM_3_00210 (length 177)
prokka_FOM_3/FOM_3:Prokka:FOM_3_00211 (length 164)
prokka_FOM_3/FOM_3:Prokka:FOM_3_00212 (length 149)
prokka_FOM_3/FOM_3:Prokka:FOM_3_00213 (length 480)
prokka_FOM_3/FOM_3:Prokka:FOM_3_00214 (length 273)
prokka_FOM_3/FOM_3:Prokka:FOM_3_00215 (length 180)
prokka_FOM_3/FOM_3:Prokka:FOM_3_00216 (length 462)
prokka_FOM_3/FOM_3:Prokka:FOM_3_00217 (length 297)
prokka_FOM_3/FOM_3:Prokka:FOM_3_00218 (length 442)
prokka_FOM_3/FOM_3:Prokka:FOM_3_00219 (length 451)
prokka_FOM_3/FOM_3:Prokka:FOM_3_00220 (length 488)
prokka_FOM_3/FOM_3:Prokka:FOM_3_00221 (length 357)
prokka_FOM_3/FOM_3:Prokka:FOM_3_00222 (length 110)
prokka_FOM_3/FOM_3:Prokka:FOM_3_00223 (length 112)
prokka_FOM_3/FOM_3:Prokka:FOM_3_00224 (length 254)
prokka_FOM_3/FOM_3:Prokka:FOM_3_00225 (length 133)
prokka_FOM_3/FOM_3:Prokka:FOM_3_34 (length 2697)
prokka_FOM_3/FOM_3:Prokka:FOM_3_00226 (length 38)
prokka_FOM_3/FOM_3:Prokka:FOM_3_35 (length 1306)
prokka_FOM_3/FOM_3:Prokka:FOM_3_00227 (length 43)
prokka_FOM_3/FOM_3:Prokka:FOM_3_00228 (length 170)
prokka_FOM_3/FOM_3:Prokka:FOM_3_36 (length 1829)
prokka_FOM_3/FOM_3:Prokka:FOM_3_37 (length 10580)
prokka_FOM_3/FOM_3:Prokka:FOM_3_00230 (length 248)
prokka_FOM_3/FOM_3:Prokka:FOM_3_00231 (length 386)
prokka_FOM_3/FOM_3:Prokka:FOM_3_00232 (length 182)
prokka_FOM_3/FOM_3:Prokka:FOM_3_00233 (length 373)
prokka_FOM_3/FOM_3:Prokka:FOM_3_00234 (length 445)
prokka_FOM_3/FOM_3:Prokka:FOM_3_00235 (length 697)
prokka_FOM_3/FOM_3:Prokka:FOM_3_00236 (length 102)
prokka_FOM_3/FOM_3:Prokka:FOM_3_00237 (length 462)
prokka_FOM_3/FOM_3:Prokka:FOM_3_00238 (length 120)
prokka_FOM_3/FOM_3:Prokka:FOM_3_38 (length 2357)
prokka_FOM_3/FOM_3:Prokka:FOM_3_00239 (length 229)
prokka_FOM_3/FOM_3:Prokka:FOM_3_00240 (length 263)
prokka_FOM_3/FOM_3:Prokka:FOM_3_00241 (length 166)
prokka_FOM_3/FOM_3:Prokka:FOM_3_39 (length 1762)
prokka_FOM_3/FOM_3:Prokka:FOM_3_00242 (length 94)
prokka_FOM_3/FOM_3:Prokka:FOM_3_00243 (length 47)
prokka_FOM_3/FOM_3:Prokka:FOM_3_00244 (length 383)
prokka_FOM_3/FOM_3:Prokka:FOM_3_40 (length 6376)
prokka_FOM_3/FOM_3:Prokka:FOM_3_00245 (length 354)
prokka_FOM_3/FOM_3:Prokka:FOM_3_00246 (length 879)
prokka_FOM_3/FOM_3:Prokka:FOM_3_00247 (length 154)
prokka_FOM_3/FOM_3:Prokka:FOM_3_00248 (length 406)
prokka_FOM_3/FOM_3:Prokka:FOM_3_00249 (length 154)
prokka_FOM_3/FOM_3:Prokka:FOM_3_41 (length 1400)
prokka_FOM_3/FOM_3:Prokka:FOM_3_00250 (length 349)
prokka_FOM_3/FOM_3:Prokka:FOM_3_42 (length 15556)
prokka_FOM_3/FOM_3:Prokka:FOM_3_00251 (length 310)
prokka_FOM_3/FOM_3:Prokka:FOM_3_00252 (length 315)
prokka_FOM_3/FOM_3:Prokka:FOM_3_00253 (length 339)
prokka_FOM_3/FOM_3:Prokka:FOM_3_00254 (length 351)
prokka_FOM_3/FOM_3:Prokka:FOM_3_00255 (length 463)
prokka_FOM_3/FOM_3:Prokka:FOM_3_00256 (length 187)
prokka_FOM_3/FOM_3:Prokka:FOM_3_00257 (length 431)
prokka_FOM_3/FOM_3:Prokka:FOM_3_00258 (length 239)
prokka_FOM_3/FOM_3:Prokka:FOM_3_00259 (length 150)
prokka_FOM_3/FOM_3:Prokka:FOM_3_00260 (length 138)
prokka_FOM_3/FOM_3:Prokka:FOM_3_00261 (length 302)
prokka_FOM_3/FOM_3:Prokka:FOM_3_00262 (length 291)
prokka_FOM_3/FOM_3:Prokka:FOM_3_00263 (length 506)
prokka_FOM_3/FOM_3:Prokka:FOM_3_43 (length 1854)
prokka_FOM_3/FOM_3:Prokka:FOM_3_00264 (length 262)
prokka_FOM_3/FOM_3:Prokka:FOM_3_00265 (length 250)
prokka_FOM_3/FOM_3:Prokka:FOM_3_44 (length 1768)
prokka_FOM_3/FOM_3:Prokka:FOM_3_00266 (length 540)
prokka_FOM_3/FOM_3:Prokka:FOM_3_45 (length 13597)
prokka_FOM_3/FOM_3:Prokka:FOM_3_00267 (length 242)
prokka_FOM_3/FOM_3:Prokka:FOM_3_00268 (length 161)
prokka_FOM_3/FOM_3:Prokka:FOM_3_00269 (length 182)
prokka_FOM_3/FOM_3:Prokka:FOM_3_00270 (length 487)
prokka_FOM_3/FOM_3:Prokka:FOM_3_00271 (length 150)
prokka_FOM_3/FOM_3:Prokka:FOM_3_00272 (length 675)
prokka_FOM_3/FOM_3:Prokka:FOM_3_00273 (length 94)
prokka_FOM_3/FOM_3:Prokka:FOM_3_00274 (length 187)
prokka_FOM_3/FOM_3:Prokka:FOM_3_00275 (length 98)
prokka_FOM_3/FOM_3:Prokka:FOM_3_00276 (length 481)
prokka_FOM_3/FOM_3:Prokka:FOM_3_00277 (length 275)
prokka_FOM_3/FOM_3:Prokka:FOM_3_00278 (length 558)
prokka_FOM_3/FOM_3:Prokka:FOM_3_00279 (length 187)
prokka_FOM_3/FOM_3:Prokka:FOM_3_00280 (length 287)
prokka_FOM_3/FOM_3:Prokka:FOM_3_00281 (length 42)
prokka_FOM_3/FOM_3:Prokka:FOM_3_46 (length 4191)
prokka_FOM_3/FOM_3:Prokka:FOM_3_00282 (length 162)
prokka_FOM_3/FOM_3:Prokka:FOM_3_00283 (length 85)
prokka_FOM_3/FOM_3:Prokka:FOM_3_00284 (length 425)
prokka_FOM_3/FOM_3:Prokka:FOM_3_00285 (length 74)
prokka_FOM_3/FOM_3:Prokka:FOM_3_47 (length 3623)
prokka_FOM_3/FOM_3:Prokka:FOM_3_00286 (length 216)
prokka_FOM_3/FOM_3:Prokka:FOM_3_00287 (length 275)
prokka_FOM_3/FOM_3:Prokka:FOM_3_00288 (length 533)
prokka_FOM_3/FOM_3:Prokka:FOM_3_48 (length 1598)
prokka_FOM_3/FOM_3:Prokka:FOM_3_00289 (length 172)
prokka_FOM_3/FOM_3:Prokka:FOM_3_00290 (length 209)
prokka_FOM_3/FOM_3:Prokka:FOM_3_49 (length 2711)
prokka_FOM_3/FOM_3:Prokka:FOM_3_00291 (length 264)
prokka_FOM_3/FOM_3:Prokka:FOM_3_00292 (length 258)
prokka_FOM_3/FOM_3:Prokka:FOM_3_00293 (length 222)
prokka_FOM_3/FOM_3:Prokka:FOM_3_50 (length 5041)
prokka_FOM_3/FOM_3:Prokka:FOM_3_00294 (length 217)
prokka_FOM_3/FOM_3:Prokka:FOM_3_00295 (length 113)
prokka_FOM_3/FOM_3:Prokka:FOM_3_00296 (length 371)
prokka_FOM_3/FOM_3:Prokka:FOM_3_00297 (length 152)
prokka_FOM_3/FOM_3:Prokka:FOM_3_51 (length 1214)
prokka_FOM_3/FOM_3:Prokka:FOM_3_00298 (length 245)
prokka_FOM_3/FOM_3:Prokka:FOM_3_00299 (length 90)
prokka_FOM_3/FOM_3:Prokka:FOM_3_52 (length 20472)
prokka_FOM_3/FOM_3:Prokka:FOM_3_00301 (length 435)
prokka_FOM_3/FOM_3:Prokka:FOM_3_00302 (length 804)
prokka_FOM_3/FOM_3:Prokka:FOM_3_00303 (length 372)
prokka_FOM_3/FOM_3:Prokka:FOM_3_00304 (length 826)
prokka_FOM_3/FOM_3:Prokka:FOM_3_00305 (length 216)
prokka_FOM_3/FOM_3:Prokka:FOM_3_00306 (length 131)
prokka_FOM_3/FOM_3:Prokka:FOM_3_00307 (length 156)
prokka_FOM_3/FOM_3:Prokka:FOM_3_00308 (length 703)
prokka_FOM_3/FOM_3:Prokka:FOM_3_00309 (length 395)
prokka_FOM_3/FOM_3:Prokka:FOM_3_00310 (length 367)
prokka_FOM_3/FOM_3:Prokka:FOM_3_00311 (length 272)
prokka_FOM_3/FOM_3:Prokka:FOM_3_00312 (length 275)
prokka_FOM_3/FOM_3:Prokka:FOM_3_00313 (length 359)
prokka_FOM_3/FOM_3:Prokka:FOM_3_00314 (length 589)
prokka_FOM_3/FOM_3:Prokka:FOM_3_00315 (length 361)
prokka_FOM_3/FOM_3:Prokka:FOM_3_53 (length 21204)
prokka_FOM_3/FOM_3:Prokka:FOM_3_00317 (length 401)
prokka_FOM_3/FOM_3:Prokka:FOM_3_00318 (length 258)
prokka_FOM_3/FOM_3:Prokka:FOM_3_00319 (length 129)
prokka_FOM_3/FOM_3:Prokka:FOM_3_00320 (length 263)
prokka_FOM_3/FOM_3:Prokka:FOM_3_00321 (length 147)
prokka_FOM_3/FOM_3:Prokka:FOM_3_00322 (length 728)
prokka_FOM_3/FOM_3:Prokka:FOM_3_00323 (length 353)
prokka_FOM_3/FOM_3:Prokka:FOM_3_00324 (length 156)
prokka_FOM_3/FOM_3:Prokka:FOM_3_00325 (length 184)
prokka_FOM_3/FOM_3:Prokka:FOM_3_00326 (length 298)
prokka_FOM_3/FOM_3:Prokka:FOM_3_00327 (length 239)
prokka_FOM_3/FOM_3:Prokka:FOM_3_00328 (length 242)
prokka_FOM_3/FOM_3:Prokka:FOM_3_00329 (length 689)
prokka_FOM_3/FOM_3:Prokka:FOM_3_00330 (length 147)
prokka_FOM_3/FOM_3:Prokka:FOM_3_00331 (length 121)
prokka_FOM_3/FOM_3:Prokka:FOM_3_00332 (length 300)
prokka_FOM_3/FOM_3:Prokka:FOM_3_00333 (length 275)
prokka_FOM_3/FOM_3:Prokka:FOM_3_00334 (length 301)
prokka_FOM_3/FOM_3:Prokka:FOM_3_00335 (length 255)
prokka_FOM_3/FOM_3:Prokka:FOM_3_00336 (length 495)
prokka_FOM_3/FOM_3:Prokka:FOM_3_00337 (length 111)
prokka_FOM_3/FOM_3:Prokka:FOM_3_54 (length 11579)
prokka_FOM_3/FOM_3:Prokka:FOM_3_00338 (length 69)
prokka_FOM_3/FOM_3:Prokka:FOM_3_00339 (length 342)
prokka_FOM_3/FOM_3:Prokka:FOM_3_00340 (length 539)
prokka_FOM_3/FOM_3:Prokka:FOM_3_00341 (length 464)
prokka_FOM_3/FOM_3:Prokka:FOM_3_00342 (length 645)
prokka_FOM_3/FOM_3:Prokka:FOM_3_00343 (length 102)
prokka_FOM_3/FOM_3:Prokka:FOM_3_00344 (length 523)
prokka_FOM_3/FOM_3:Prokka:FOM_3_55 (length 2168)
prokka_FOM_3/FOM_3:Prokka:FOM_3_00345 (length 87)
prokka_FOM_3/FOM_3:Prokka:FOM_3_00346 (length 263)
prokka_FOM_3/FOM_3:Prokka:FOM_3_56 (length 22517)
prokka_FOM_3/FOM_3:Prokka:FOM_3_00348 (length 144)
prokka_FOM_3/FOM_3:Prokka:FOM_3_00349 (length 234)
prokka_FOM_3/FOM_3:Prokka:FOM_3_00350 (length 134)
prokka_FOM_3/FOM_3:Prokka:FOM_3_00351 (length 60)
prokka_FOM_3/FOM_3:Prokka:FOM_3_00352 (length 246)
prokka_FOM_3/FOM_3:Prokka:FOM_3_00353 (length 294)
prokka_FOM_3/FOM_3:Prokka:FOM_3_00354 (length 275)
prokka_FOM_3/FOM_3:Prokka:FOM_3_00355 (length 385)
prokka_FOM_3/FOM_3:Prokka:FOM_3_00356 (length 310)
prokka_FOM_3/FOM_3:Prokka:FOM_3_00357 (length 311)
prokka_FOM_3/FOM_3:Prokka:FOM_3_00358 (length 504)
prokka_FOM_3/FOM_3:Prokka:FOM_3_00359 (length 560)
prokka_FOM_3/FOM_3:Prokka:FOM_3_00360 (length 70)
prokka_FOM_3/FOM_3:Prokka:FOM_3_00361 (length 181)
prokka_FOM_3/FOM_3:Prokka:FOM_3_00362 (length 152)
prokka_FOM_3/FOM_3:Prokka:FOM_3_00363 (length 186)
prokka_FOM_3/FOM_3:Prokka:FOM_3_00364 (length 149)
prokka_FOM_3/FOM_3:Prokka:FOM_3_00365 (length 134)
prokka_FOM_3/FOM_3:Prokka:FOM_3_00366 (length 265)
prokka_FOM_3/FOM_3:Prokka:FOM_3_00367 (length 193)
prokka_FOM_3/FOM_3:Prokka:FOM_3_00368 (length 295)
prokka_FOM_3/FOM_3:Prokka:FOM_3_00369 (length 77)
prokka_FOM_3/FOM_3:Prokka:FOM_3_00370 (length 279)
prokka_FOM_3/FOM_3:Prokka:FOM_3_00371 (length 234)
prokka_FOM_3/FOM_3:Prokka:FOM_3_00372 (length 263)
prokka_FOM_3/FOM_3:Prokka:FOM_3_00373 (length 283)
prokka_FOM_3/FOM_3:Prokka:FOM_3_00374 (length 459)
prokka_FOM_3/FOM_3:Prokka:FOM_3_00375 (length 105)
prokka_FOM_3/FOM_3:Prokka:FOM_3_57 (length 34037)
prokka_FOM_3/FOM_3:Prokka:FOM_3_00376 (length 121)
prokka_FOM_3/FOM_3:Prokka:FOM_3_00377 (length 375)
prokka_FOM_3/FOM_3:Prokka:FOM_3_00378 (length 30)
prokka_FOM_3/FOM_3:Prokka:FOM_3_00379 (length 158)
prokka_FOM_3/FOM_3:Prokka:FOM_3_00380 (length 286)
prokka_FOM_3/FOM_3:Prokka:FOM_3_00381 (length 373)
prokka_FOM_3/FOM_3:Prokka:FOM_3_00382 (length 379)
prokka_FOM_3/FOM_3:Prokka:FOM_3_00383 (length 368)
prokka_FOM_3/FOM_3:Prokka:FOM_3_00384 (length 290)
prokka_FOM_3/FOM_3:Prokka:FOM_3_00385 (length 238)
prokka_FOM_3/FOM_3:Prokka:FOM_3_00386 (length 247)
prokka_FOM_3/FOM_3:Prokka:FOM_3_00387 (length 256)
prokka_FOM_3/FOM_3:Prokka:FOM_3_00388 (length 108)
prokka_FOM_3/FOM_3:Prokka:FOM_3_00389 (length 286)
prokka_FOM_3/FOM_3:Prokka:FOM_3_00390 (length 431)
prokka_FOM_3/FOM_3:Prokka:FOM_3_00391 (length 229)
prokka_FOM_3/FOM_3:Prokka:FOM_3_00392 (length 195)
prokka_FOM_3/FOM_3:Prokka:FOM_3_00393 (length 121)
prokka_FOM_3/FOM_3:Prokka:FOM_3_00394 (length 373)
prokka_FOM_3/FOM_3:Prokka:FOM_3_00395 (length 136)
prokka_FOM_3/FOM_3:Prokka:FOM_3_00396 (length 428)
prokka_FOM_3/FOM_3:Prokka:FOM_3_00397 (length 78)
prokka_FOM_3/FOM_3:Prokka:FOM_3_00398 (length 404)
prokka_FOM_3/FOM_3:Prokka:FOM_3_00399 (length 509)
prokka_FOM_3/FOM_3:Prokka:FOM_3_00400 (length 46)
prokka_FOM_3/FOM_3:Prokka:FOM_3_00401 (length 402)
prokka_FOM_3/FOM_3:Prokka:FOM_3_00402 (length 277)
prokka_FOM_3/FOM_3:Prokka:FOM_3_00403 (length 182)
prokka_FOM_3/FOM_3:Prokka:FOM_3_00404 (length 249)
prokka_FOM_3/FOM_3:Prokka:FOM_3_00405 (length 135)
prokka_FOM_3/FOM_3:Prokka:FOM_3_00406 (length 1220)
prokka_FOM_3/FOM_3:Prokka:FOM_3_00407 (length 1204)
prokka_FOM_3/FOM_3:Prokka:FOM_3_58 (length 3145)
prokka_FOM_3/FOM_3:Prokka:FOM_3_00408 (length 483)
prokka_FOM_3/FOM_3:Prokka:FOM_3_00409 (length 281)
prokka_FOM_3/FOM_3:Prokka:FOM_3_00410 (length 216)
prokka_FOM_3/FOM_3:Prokka:FOM_3_59 (length 5141)
prokka_FOM_3/FOM_3:Prokka:FOM_3_00411 (length 334)
prokka_FOM_3/FOM_3:Prokka:FOM_3_00412 (length 351)
prokka_FOM_3/FOM_3:Prokka:FOM_3_00413 (length 328)
prokka_FOM_3/FOM_3:Prokka:FOM_3_00414 (length 480)
prokka_FOM_3/FOM_3:Prokka:FOM_3_60 (length 5659)
prokka_FOM_3/FOM_3:Prokka:FOM_3_00415 (length 383)
prokka_FOM_3/FOM_3:Prokka:FOM_3_00416 (length 354)
prokka_FOM_3/FOM_3:Prokka:FOM_3_00417 (length 97)
prokka_FOM_3/FOM_3:Prokka:FOM_3_00418 (length 302)
prokka_FOM_3/FOM_3:Prokka:FOM_3_00419 (length 512)
prokka_FOM_3/FOM_3:Prokka:FOM_3_61 (length 5027)
prokka_FOM_3/FOM_3:Prokka:FOM_3_00420 (length 301)
prokka_FOM_3/FOM_3:Prokka:FOM_3_00421 (length 288)
prokka_FOM_3/FOM_3:Prokka:FOM_3_00422 (length 472)
prokka_FOM_3/FOM_3:Prokka:FOM_3_00423 (length 515)
prokka_FOM_3/FOM_3:Prokka:FOM_3_62 (length 2015)
prokka_FOM_3/FOM_3:Prokka:FOM_3_00424 (length 145)
prokka_FOM_3/FOM_3:Prokka:FOM_3_00425 (length 244)
prokka_FOM_3/FOM_3:Prokka:FOM_3_63 (length 10640)
prokka_FOM_3/FOM_3:Prokka:FOM_3_00426 (length 396)
prokka_FOM_3/FOM_3:Prokka:FOM_3_00427 (length 219)
prokka_FOM_3/FOM_3:Prokka:FOM_3_00428 (length 220)
prokka_FOM_3/FOM_3:Prokka:FOM_3_00429 (length 850)
prokka_FOM_3/FOM_3:Prokka:FOM_3_00430 (length 244)
prokka_FOM_3/FOM_3:Prokka:FOM_3_00431 (length 121)
prokka_FOM_3/FOM_3:Prokka:FOM_3_00432 (length 406)
prokka_FOM_3/FOM_3:Prokka:FOM_3_00433 (length 126)
prokka_FOM_3/FOM_3:Prokka:FOM_3_00434 (length 128)
prokka_FOM_3/FOM_3:Prokka:FOM_3_00435 (length 184)
prokka_FOM_3/FOM_3:Prokka:FOM_3_00436 (length 80)
prokka_FOM_3/FOM_3:Prokka:FOM_3_64 (length 3486)
prokka_FOM_3/FOM_3:Prokka:FOM_3_00437 (length 144)
prokka_FOM_3/FOM_3:Prokka:FOM_3_00438 (length 337)
prokka_FOM_3/FOM_3:Prokka:FOM_3_00439 (length 322)
prokka_FOM_3/FOM_3:Prokka:FOM_3_65 (length 10102)
prokka_FOM_3/FOM_3:Prokka:FOM_3_00440 (length 87)
prokka_FOM_3/FOM_3:Prokka:FOM_3_00441 (length 341)
prokka_FOM_3/FOM_3:Prokka:FOM_3_00442 (length 335)
prokka_FOM_3/FOM_3:Prokka:FOM_3_00443 (length 408)
prokka_FOM_3/FOM_3:Prokka:FOM_3_00444 (length 593)
prokka_FOM_3/FOM_3:Prokka:FOM_3_00445 (length 573)
prokka_FOM_3/FOM_3:Prokka:FOM_3_00446 (length 451)
prokka_FOM_3/FOM_3:Prokka:FOM_3_66 (length 15289)
prokka_FOM_3/FOM_3:Prokka:FOM_3_00447 (length 140)
prokka_FOM_3/FOM_3:Prokka:FOM_3_00448 (length 80)
prokka_FOM_3/FOM_3:Prokka:FOM_3_00449 (length 310)
prokka_FOM_3/FOM_3:Prokka:FOM_3_00450 (length 316)
prokka_FOM_3/FOM_3:Prokka:FOM_3_00451 (length 791)
prokka_FOM_3/FOM_3:Prokka:FOM_3_00452 (length 391)
prokka_FOM_3/FOM_3:Prokka:FOM_3_00453 (length 508)
prokka_FOM_3/FOM_3:Prokka:FOM_3_00454 (length 196)
prokka_FOM_3/FOM_3:Prokka:FOM_3_00455 (length 345)
prokka_FOM_3/FOM_3:Prokka:FOM_3_00456 (length 541)
prokka_FOM_3/FOM_3:Prokka:FOM_3_00457 (length 738)
prokka_FOM_3/FOM_3:Prokka:FOM_3_00458 (length 221)
prokka_FOM_3/FOM_3:Prokka:FOM_3_00459 (length 89)
prokka_FOM_3/FOM_3:Prokka:FOM_3_00460 (length 249)
prokka_FOM_3/FOM_3:Prokka:FOM_3_67 (length 3046)
prokka_FOM_3/FOM_3:Prokka:FOM_3_00461 (length 330)
prokka_FOM_3/FOM_3:Prokka:FOM_3_00462 (length 421)
prokka_FOM_3/FOM_3:Prokka:FOM_3_68 (length 18669)
prokka_FOM_3/FOM_3:Prokka:FOM_3_00463 (length 281)
prokka_FOM_3/FOM_3:Prokka:FOM_3_00464 (length 723)
prokka_FOM_3/FOM_3:Prokka:FOM_3_00465 (length 1101)
prokka_FOM_3/FOM_3:Prokka:FOM_3_00466 (length 197)
prokka_FOM_3/FOM_3:Prokka:FOM_3_00467 (length 356)
prokka_FOM_3/FOM_3:Prokka:FOM_3_00468 (length 254)
prokka_FOM_3/FOM_3:Prokka:FOM_3_00469 (length 284)
prokka_FOM_3/FOM_3:Prokka:FOM_3_00471 (length 84)
prokka_FOM_3/FOM_3:Prokka:FOM_3_00472 (length 212)
prokka_FOM_3/FOM_3:Prokka:FOM_3_00473 (length 160)
prokka_FOM_3/FOM_3:Prokka:FOM_3_00474 (length 293)
prokka_FOM_3/FOM_3:Prokka:FOM_3_00475 (length 112)
prokka_FOM_3/FOM_3:Prokka:FOM_3_00476 (length 132)
prokka_FOM_3/FOM_3:Prokka:FOM_3_00477 (length 56)
prokka_FOM_3/FOM_3:Prokka:FOM_3_00478 (length 211)
prokka_FOM_3/FOM_3:Prokka:FOM_3_00479 (length 332)
prokka_FOM_3/FOM_3:Prokka:FOM_3_00480 (length 299)
prokka_FOM_3/FOM_3:Prokka:FOM_3_69 (length 5677)
prokka_FOM_3/FOM_3:Prokka:FOM_3_00481 (length 306)
prokka_FOM_3/FOM_3:Prokka:FOM_3_00482 (length 301)
prokka_FOM_3/FOM_3:Prokka:FOM_3_00483 (length 245)
prokka_FOM_3/FOM_3:Prokka:FOM_3_00484 (length 366)
prokka_FOM_3/FOM_3:Prokka:FOM_3_00485 (length 213)
prokka_FOM_3/FOM_3:Prokka:FOM_3_00486 (length 192)
prokka_FOM_3/FOM_3:Prokka:FOM_3_00487 (length 90)
prokka_FOM_3/FOM_3:Prokka:FOM_3_70 (length 14637)
prokka_FOM_3/FOM_3:Prokka:FOM_3_00488 (length 121)
prokka_FOM_3/FOM_3:Prokka:FOM_3_00489 (length 244)
prokka_FOM_3/FOM_3:Prokka:FOM_3_00490 (length 162)
prokka_FOM_3/FOM_3:Prokka:FOM_3_00491 (length 50)
prokka_FOM_3/FOM_3:Prokka:FOM_3_00492 (length 283)
prokka_FOM_3/FOM_3:Prokka:FOM_3_00493 (length 141)
prokka_FOM_3/FOM_3:Prokka:FOM_3_00494 (length 257)
prokka_FOM_3/FOM_3:Prokka:FOM_3_00495 (length 149)
prokka_FOM_3/FOM_3:Prokka:FOM_3_00496 (length 559)
prokka_FOM_3/FOM_3:Prokka:FOM_3_00497 (length 32)
prokka_FOM_3/FOM_3:Prokka:FOM_3_00498 (length 305)
prokka_FOM_3/FOM_3:Prokka:FOM_3_00499 (length 765)
prokka_FOM_3/FOM_3:Prokka:FOM_3_00500 (length 81)
prokka_FOM_3/FOM_3:Prokka:FOM_3_00501 (length 184)
prokka_FOM_3/FOM_3:Prokka:FOM_3_00502 (length 69)
prokka_FOM_3/FOM_3:Prokka:FOM_3_00503 (length 173)
prokka_FOM_3/FOM_3:Prokka:FOM_3_00504 (length 43)
prokka_FOM_3/FOM_3:Prokka:FOM_3_00505 (length 529)
prokka_FOM_3/FOM_3:Prokka:FOM_3_71 (length 1639)
prokka_FOM_3/FOM_3:Prokka:FOM_3_00506 (length 101)
prokka_FOM_3/FOM_3:Prokka:FOM_3_00507 (length 321)
prokka_FOM_3/FOM_3:Prokka:FOM_3_72 (length 3741)
prokka_FOM_3/FOM_3:Prokka:FOM_3_00508 (length 544)
prokka_FOM_3/FOM_3:Prokka:FOM_3_00509 (length 119)
prokka_FOM_3/FOM_3:Prokka:FOM_3_00510 (length 451)
prokka_FOM_3/FOM_3:Prokka:FOM_3_73 (length 12256)
prokka_FOM_3/FOM_3:Prokka:FOM_3_00511 (length 153)
prokka_FOM_3/FOM_3:Prokka:FOM_3_00512 (length 357)
prokka_FOM_3/FOM_3:Prokka:FOM_3_00513 (length 455)
prokka_FOM_3/FOM_3:Prokka:FOM_3_00514 (length 236)
prokka_FOM_3/FOM_3:Prokka:FOM_3_00515 (length 1184)
prokka_FOM_3/FOM_3:Prokka:FOM_3_00516 (length 407)
prokka_FOM_3/FOM_3:Prokka:FOM_3_00517 (length 114)
prokka_FOM_3/FOM_3:Prokka:FOM_3_00518 (length 491)
prokka_FOM_3/FOM_3:Prokka:FOM_3_00519 (length 59)
prokka_FOM_3/FOM_3:Prokka:FOM_3_00520 (length 269)
prokka_FOM_3/FOM_3:Prokka:FOM_3_74 (length 5003)
prokka_FOM_3/FOM_3:Prokka:FOM_3_00521 (length 160)
prokka_FOM_3/FOM_3:Prokka:FOM_3_00522 (length 869)
prokka_FOM_3/FOM_3:Prokka:FOM_3_00523 (length 205)
prokka_FOM_3/FOM_3:Prokka:FOM_3_75 (length 7371)
prokka_FOM_3/FOM_3:Prokka:FOM_3_00524 (length 1150)
prokka_FOM_3/FOM_3:Prokka:FOM_3_00525 (length 135)
prokka_FOM_3/FOM_3:Prokka:FOM_3_00526 (length 333)
prokka_FOM_3/FOM_3:Prokka:FOM_3_00527 (length 119)
prokka_FOM_3/FOM_3:Prokka:FOM_3_00528 (length 304)
prokka_FOM_3/FOM_3:Prokka:FOM_3_76 (length 6628)
prokka_FOM_3/FOM_3:Prokka:FOM_3_00529 (length 95)
prokka_FOM_3/FOM_3:Prokka:FOM_3_00530 (length 146)
prokka_FOM_3/FOM_3:Prokka:FOM_3_00531 (length 255)
prokka_FOM_3/FOM_3:Prokka:FOM_3_00532 (length 380)
prokka_FOM_3/FOM_3:Prokka:FOM_3_00533 (length 803)
prokka_FOM_3/FOM_3:Prokka:FOM_3_00534 (length 321)
prokka_FOM_3/FOM_3:Prokka:FOM_3_77 (length 5289)
prokka_FOM_3/FOM_3:Prokka:FOM_3_00535 (length 198)
prokka_FOM_3/FOM_3:Prokka:FOM_3_00536 (length 181)
prokka_FOM_3/FOM_3:Prokka:FOM_3_00537 (length 372)
prokka_FOM_3/FOM_3:Prokka:FOM_3_00538 (length 313)
prokka_FOM_3/FOM_3:Prokka:FOM_3_78 (length 25867)
prokka_FOM_3/FOM_3:Prokka:FOM_3_00539 (length 126)
prokka_FOM_3/FOM_3:Prokka:FOM_3_00540 (length 396)
prokka_FOM_3/FOM_3:Prokka:FOM_3_00541 (length 435)
prokka_FOM_3/FOM_3:Prokka:FOM_3_00542 (length 211)
prokka_FOM_3/FOM_3:Prokka:FOM_3_00543 (length 92)
prokka_FOM_3/FOM_3:Prokka:FOM_3_00544 (length 377)
prokka_FOM_3/FOM_3:Prokka:FOM_3_00545 (length 400)
prokka_FOM_3/FOM_3:Prokka:FOM_3_00546 (length 176)
prokka_FOM_3/FOM_3:Prokka:FOM_3_00547 (length 201)
prokka_FOM_3/FOM_3:Prokka:FOM_3_00548 (length 127)
prokka_FOM_3/FOM_3:Prokka:FOM_3_00549 (length 129)
prokka_FOM_3/FOM_3:Prokka:FOM_3_00550 (length 312)
prokka_FOM_3/FOM_3:Prokka:FOM_3_00551 (length 175)
prokka_FOM_3/FOM_3:Prokka:FOM_3_00552 (length 359)
prokka_FOM_3/FOM_3:Prokka:FOM_3_00553 (length 833)
prokka_FOM_3/FOM_3:Prokka:FOM_3_00554 (length 98)
prokka_FOM_3/FOM_3:Prokka:FOM_3_00555 (length 409)
prokka_FOM_3/FOM_3:Prokka:FOM_3_00556 (length 745)
prokka_FOM_3/FOM_3:Prokka:FOM_3_00557 (length 206)
prokka_FOM_3/FOM_3:Prokka:FOM_3_00558 (length 148)
prokka_FOM_3/FOM_3:Prokka:FOM_3_00559 (length 205)
prokka_FOM_3/FOM_3:Prokka:FOM_3_00560 (length 690)
prokka_FOM_3/FOM_3:Prokka:FOM_3_00561 (length 812)
prokka_FOM_3/FOM_3:Prokka:FOM_3_00562 (length 302)
prokka_FOM_3/FOM_3:Prokka:FOM_3_00563 (length 49)
prokka_FOM_3/FOM_3:Prokka:FOM_3_79 (length 30394)
prokka_FOM_3/FOM_3:Prokka:FOM_3_00564 (length 269)
prokka_FOM_3/FOM_3:Prokka:FOM_3_00565 (length 218)
prokka_FOM_3/FOM_3:Prokka:FOM_3_00566 (length 173)
prokka_FOM_3/FOM_3:Prokka:FOM_3_00567 (length 410)
prokka_FOM_3/FOM_3:Prokka:FOM_3_00568 (length 271)
prokka_FOM_3/FOM_3:Prokka:FOM_3_00569 (length 166)
prokka_FOM_3/FOM_3:Prokka:FOM_3_00570 (length 326)
prokka_FOM_3/FOM_3:Prokka:FOM_3_00571 (length 235)
prokka_FOM_3/FOM_3:Prokka:FOM_3_00572 (length 621)
prokka_FOM_3/FOM_3:Prokka:FOM_3_00573 (length 432)
prokka_FOM_3/FOM_3:Prokka:FOM_3_00574 (length 265)
prokka_FOM_3/FOM_3:Prokka:FOM_3_00575 (length 377)
prokka_FOM_3/FOM_3:Prokka:FOM_3_00576 (length 159)
prokka_FOM_3/FOM_3:Prokka:FOM_3_00577 (length 227)
prokka_FOM_3/FOM_3:Prokka:FOM_3_00578 (length 273)
prokka_FOM_3/FOM_3:Prokka:FOM_3_00579 (length 370)
prokka_FOM_3/FOM_3:Prokka:FOM_3_00580 (length 365)
prokka_FOM_3/FOM_3:Prokka:FOM_3_00581 (length 306)
prokka_FOM_3/FOM_3:Prokka:FOM_3_00582 (length 591)
prokka_FOM_3/FOM_3:Prokka:FOM_3_00583 (length 599)
prokka_FOM_3/FOM_3:Prokka:FOM_3_00584 (length 245)
prokka_FOM_3/FOM_3:Prokka:FOM_3_00585 (length 288)
prokka_FOM_3/FOM_3:Prokka:FOM_3_00586 (length 213)
prokka_FOM_3/FOM_3:Prokka:FOM_3_00587 (length 219)
prokka_FOM_3/FOM_3:Prokka:FOM_3_00588 (length 543)
prokka_FOM_3/FOM_3:Prokka:FOM_3_00589 (length 305)
prokka_FOM_3/FOM_3:Prokka:FOM_3_00590 (length 341)
prokka_FOM_3/FOM_3:Prokka:FOM_3_80 (length 11634)
prokka_FOM_3/FOM_3:Prokka:FOM_3_00591 (length 404)
prokka_FOM_3/FOM_3:Prokka:FOM_3_00592 (length 347)
prokka_FOM_3/FOM_3:Prokka:FOM_3_00593 (length 168)
prokka_FOM_3/FOM_3:Prokka:FOM_3_00594 (length 132)
prokka_FOM_3/FOM_3:Prokka:FOM_3_00595 (length 98)
prokka_FOM_3/FOM_3:Prokka:FOM_3_00596 (length 222)
prokka_FOM_3/FOM_3:Prokka:FOM_3_00597 (length 455)
prokka_FOM_3/FOM_3:Prokka:FOM_3_00598 (length 518)
prokka_FOM_3/FOM_3:Prokka:FOM_3_00599 (length 375)
prokka_FOM_3/FOM_3:Prokka:FOM_3_00600 (length 318)
prokka_FOM_3/FOM_3:Prokka:FOM_3_00601 (length 304)
prokka_FOM_3/FOM_3:Prokka:FOM_3_00602 (length 137)
prokka_FOM_3/FOM_3:Prokka:FOM_3_81 (length 3992)
prokka_FOM_3/FOM_3:Prokka:FOM_3_00603 (length 116)
prokka_FOM_3/FOM_3:Prokka:FOM_3_00604 (length 398)
prokka_FOM_3/FOM_3:Prokka:FOM_3_00605 (length 304)
prokka_FOM_3/FOM_3:Prokka:FOM_3_00606 (length 230)
prokka_FOM_3/FOM_3:Prokka:FOM_3_00607 (length 88)
prokka_FOM_3/FOM_3:Prokka:FOM_3_82 (length 5445)
prokka_FOM_3/FOM_3:Prokka:FOM_3_83 (length 16258)
prokka_FOM_3/FOM_3:Prokka:FOM_3_00608 (length 301)
prokka_FOM_3/FOM_3:Prokka:FOM_3_00609 (length 215)
prokka_FOM_3/FOM_3:Prokka:FOM_3_00610 (length 487)
prokka_FOM_3/FOM_3:Prokka:FOM_3_00611 (length 276)
prokka_FOM_3/FOM_3:Prokka:FOM_3_00612 (length 495)
prokka_FOM_3/FOM_3:Prokka:FOM_3_00613 (length 514)
prokka_FOM_3/FOM_3:Prokka:FOM_3_00614 (length 245)
prokka_FOM_3/FOM_3:Prokka:FOM_3_00615 (length 149)
prokka_FOM_3/FOM_3:Prokka:FOM_3_00616 (length 204)
prokka_FOM_3/FOM_3:Prokka:FOM_3_00617 (length 562)
prokka_FOM_3/FOM_3:Prokka:FOM_3_00618 (length 457)
prokka_FOM_3/FOM_3:Prokka:FOM_3_00619 (length 337)
prokka_FOM_3/FOM_3:Prokka:FOM_3_00620 (length 389)
prokka_FOM_3/FOM_3:Prokka:FOM_3_00621 (length 361)
prokka_FOM_3/FOM_3:Prokka:FOM_3_84 (length 8099)
prokka_FOM_3/FOM_3:Prokka:FOM_3_00622 (length 218)
prokka_FOM_3/FOM_3:Prokka:FOM_3_00623 (length 615)
prokka_FOM_3/FOM_3:Prokka:FOM_3_00624 (length 887)
prokka_FOM_3/FOM_3:Prokka:FOM_3_00625 (length 147)
prokka_FOM_3/FOM_3:Prokka:FOM_3_00626 (length 445)
prokka_FOM_3/FOM_3:Prokka:FOM_3_85 (length 1435)
prokka_FOM_3/FOM_3:Prokka:FOM_3_00627 (length 288)
prokka_FOM_3/FOM_3:Prokka:FOM_3_86 (length 54705)
prokka_FOM_3/FOM_3:Prokka:FOM_3_00628 (length 134)
prokka_FOM_3/FOM_3:Prokka:FOM_3_00629 (length 230)
prokka_FOM_3/FOM_3:Prokka:FOM_3_00630 (length 503)
prokka_FOM_3/FOM_3:Prokka:FOM_3_00631 (length 225)
prokka_FOM_3/FOM_3:Prokka:FOM_3_00632 (length 66)
prokka_FOM_3/FOM_3:Prokka:FOM_3_00633 (length 237)
prokka_FOM_3/FOM_3:Prokka:FOM_3_00634 (length 653)
prokka_FOM_3/FOM_3:Prokka:FOM_3_00635 (length 424)
prokka_FOM_3/FOM_3:Prokka:FOM_3_00636 (length 241)
prokka_FOM_3/FOM_3:Prokka:FOM_3_00637 (length 75)
prokka_FOM_3/FOM_3:Prokka:FOM_3_00638 (length 167)
prokka_FOM_3/FOM_3:Prokka:FOM_3_00639 (length 180)
prokka_FOM_3/FOM_3:Prokka:FOM_3_00640 (length 505)
prokka_FOM_3/FOM_3:Prokka:FOM_3_00641 (length 302)
prokka_FOM_3/FOM_3:Prokka:FOM_3_00642 (length 466)
prokka_FOM_3/FOM_3:Prokka:FOM_3_00643 (length 147)
prokka_FOM_3/FOM_3:Prokka:FOM_3_00644 (length 347)
prokka_FOM_3/FOM_3:Prokka:FOM_3_00645 (length 248)
prokka_FOM_3/FOM_3:Prokka:FOM_3_00646 (length 273)
prokka_FOM_3/FOM_3:Prokka:FOM_3_00647 (length 269)
prokka_FOM_3/FOM_3:Prokka:FOM_3_00648 (length 501)
prokka_FOM_3/FOM_3:Prokka:FOM_3_00649 (length 197)
prokka_FOM_3/FOM_3:Prokka:FOM_3_00650 (length 213)
prokka_FOM_3/FOM_3:Prokka:FOM_3_00651 (length 411)
prokka_FOM_3/FOM_3:Prokka:FOM_3_00653 (length 95)
prokka_FOM_3/FOM_3:Prokka:FOM_3_00654 (length 255)
prokka_FOM_3/FOM_3:Prokka:FOM_3_00655 (length 467)
prokka_FOM_3/FOM_3:Prokka:FOM_3_00656 (length 47)
prokka_FOM_3/FOM_3:Prokka:FOM_3_00657 (length 344)
prokka_FOM_3/FOM_3:Prokka:FOM_3_00658 (length 367)
prokka_FOM_3/FOM_3:Prokka:FOM_3_00659 (length 124)
prokka_FOM_3/FOM_3:Prokka:FOM_3_00660 (length 259)
prokka_FOM_3/FOM_3:Prokka:FOM_3_00661 (length 210)
prokka_FOM_3/FOM_3:Prokka:FOM_3_00662 (length 116)
prokka_FOM_3/FOM_3:Prokka:FOM_3_00665 (length 857)
prokka_FOM_3/FOM_3:Prokka:FOM_3_00666 (length 346)
prokka_FOM_3/FOM_3:Prokka:FOM_3_00667 (length 298)
prokka_FOM_3/FOM_3:Prokka:FOM_3_00668 (length 273)
prokka_FOM_3/FOM_3:Prokka:FOM_3_00669 (length 429)
prokka_FOM_3/FOM_3:Prokka:FOM_3_00670 (length 397)
prokka_FOM_3/FOM_3:Prokka:FOM_3_00672 (length 426)
prokka_FOM_3/FOM_3:Prokka:FOM_3_00673 (length 338)
prokka_FOM_3/FOM_3:Prokka:FOM_3_00674 (length 442)
prokka_FOM_3/FOM_3:Prokka:FOM_3_00675 (length 399)
prokka_FOM_3/FOM_3:Prokka:FOM_3_00676 (length 120)
prokka_FOM_3/FOM_3:Prokka:FOM_3_00677 (length 284)
prokka_FOM_3/FOM_3:Prokka:FOM_3_00678 (length 218)
prokka_FOM_3/FOM_3:Prokka:FOM_3_00679 (length 480)
prokka_FOM_3/FOM_3:Prokka:FOM_3_00680 (length 116)
prokka_FOM_3/FOM_3:Prokka:FOM_3_00681 (length 89)
prokka_FOM_3/FOM_3:Prokka:FOM_3_87 (length 25638)
prokka_FOM_3/FOM_3:Prokka:FOM_3_00682 (length 444)
prokka_FOM_3/FOM_3:Prokka:FOM_3_00683 (length 189)
prokka_FOM_3/FOM_3:Prokka:FOM_3_00684 (length 272)
prokka_FOM_3/FOM_3:Prokka:FOM_3_00686 (length 257)
prokka_FOM_3/FOM_3:Prokka:FOM_3_00687 (length 486)
prokka_FOM_3/FOM_3:Prokka:FOM_3_00688 (length 294)
prokka_FOM_3/FOM_3:Prokka:FOM_3_00689 (length 87)
prokka_FOM_3/FOM_3:Prokka:FOM_3_00690 (length 64)
prokka_FOM_3/FOM_3:Prokka:FOM_3_00691 (length 449)
prokka_FOM_3/FOM_3:Prokka:FOM_3_00692 (length 112)
prokka_FOM_3/FOM_3:Prokka:FOM_3_00693 (length 275)
prokka_FOM_3/FOM_3:Prokka:FOM_3_00694 (length 253)
prokka_FOM_3/FOM_3:Prokka:FOM_3_00695 (length 415)
prokka_FOM_3/FOM_3:Prokka:FOM_3_00696 (length 329)
prokka_FOM_3/FOM_3:Prokka:FOM_3_00697 (length 136)
prokka_FOM_3/FOM_3:Prokka:FOM_3_00698 (length 170)
prokka_FOM_3/FOM_3:Prokka:FOM_3_00699 (length 329)
prokka_FOM_3/FOM_3:Prokka:FOM_3_00700 (length 66)
prokka_FOM_3/FOM_3:Prokka:FOM_3_00701 (length 147)
prokka_FOM_3/FOM_3:Prokka:FOM_3_00702 (length 197)
prokka_FOM_3/FOM_3:Prokka:FOM_3_00703 (length 290)
prokka_FOM_3/FOM_3:Prokka:FOM_3_00704 (length 112)
prokka_FOM_3/FOM_3:Prokka:FOM_3_00705 (length 231)
prokka_FOM_3/FOM_3:Prokka:FOM_3_00706 (length 56)
prokka_FOM_3/FOM_3:Prokka:FOM_3_00707 (length 95)
prokka_FOM_3/FOM_3:Prokka:FOM_3_00708 (length 199)
prokka_FOM_3/FOM_3:Prokka:FOM_3_00709 (length 194)
prokka_FOM_3/FOM_3:Prokka:FOM_3_00711 (length 372)
prokka_FOM_3/FOM_3:Prokka:FOM_3_00712 (length 197)
prokka_FOM_3/FOM_3:Prokka:FOM_3_88 (length 1885)
prokka_FOM_3/FOM_3:Prokka:FOM_3_00713 (length 324)
prokka_FOM_3/FOM_3:Prokka:FOM_3_89 (length 1123)
prokka_FOM_3/FOM_3:Prokka:FOM_3_00714 (length 73)
prokka_FOM_3/FOM_3:Prokka:FOM_3_00715 (length 147)
prokka_FOM_3/FOM_3:Prokka:FOM_3_90 (length 1147)
prokka_FOM_3/FOM_3:Prokka:FOM_3_91 (length 5045)
prokka_FOM_3/FOM_3:Prokka:FOM_3_00716 (length 653)
prokka_FOM_3/FOM_3:Prokka:FOM_3_92 (length 15160)
prokka_FOM_3/FOM_3:Prokka:FOM_3_00717 (length 371)
prokka_FOM_3/FOM_3:Prokka:FOM_3_00718 (length 267)
prokka_FOM_3/FOM_3:Prokka:FOM_3_00719 (length 285)
prokka_FOM_3/FOM_3:Prokka:FOM_3_00720 (length 272)
prokka_FOM_3/FOM_3:Prokka:FOM_3_00721 (length 556)
prokka_FOM_3/FOM_3:Prokka:FOM_3_00722 (length 332)
prokka_FOM_3/FOM_3:Prokka:FOM_3_00723 (length 127)
prokka_FOM_3/FOM_3:Prokka:FOM_3_00724 (length 314)
prokka_FOM_3/FOM_3:Prokka:FOM_3_00725 (length 128)
prokka_FOM_3/FOM_3:Prokka:FOM_3_00726 (length 123)
prokka_FOM_3/FOM_3:Prokka:FOM_3_00727 (length 71)
prokka_FOM_3/FOM_3:Prokka:FOM_3_00728 (length 188)
prokka_FOM_3/FOM_3:Prokka:FOM_3_00729 (length 444)
prokka_FOM_3/FOM_3:Prokka:FOM_3_00730 (length 144)
prokka_FOM_3/FOM_3:Prokka:FOM_3_00731 (length 60)
prokka_FOM_3/FOM_3:Prokka:FOM_3_00732 (length 168)
prokka_FOM_3/FOM_3:Prokka:FOM_3_00733 (length 117)
prokka_FOM_3/FOM_3:Prokka:FOM_3_00734 (length 178)
prokka_FOM_3/FOM_3:Prokka:FOM_3_00735 (length 132)
prokka_FOM_3/FOM_3:Prokka:FOM_3_00736 (length 180)
prokka_FOM_3/FOM_3:Prokka:FOM_3_93 (length 25887)
prokka_FOM_3/FOM_3:Prokka:FOM_3_00737 (length 131)
prokka_FOM_3/FOM_3:Prokka:FOM_3_00738 (length 289)
prokka_FOM_3/FOM_3:Prokka:FOM_3_00739 (length 611)
prokka_FOM_3/FOM_3:Prokka:FOM_3_00740 (length 148)
prokka_FOM_3/FOM_3:Prokka:FOM_3_00741 (length 451)
prokka_FOM_3/FOM_3:Prokka:FOM_3_00742 (length 380)
prokka_FOM_3/FOM_3:Prokka:FOM_3_00743 (length 404)
prokka_FOM_3/FOM_3:Prokka:FOM_3_00744 (length 48)
prokka_FOM_3/FOM_3:Prokka:FOM_3_00745 (length 486)
prokka_FOM_3/FOM_3:Prokka:FOM_3_00746 (length 295)
prokka_FOM_3/FOM_3:Prokka:FOM_3_00747 (length 145)
prokka_FOM_3/FOM_3:Prokka:FOM_3_00748 (length 296)
prokka_FOM_3/FOM_3:Prokka:FOM_3_00749 (length 246)
prokka_FOM_3/FOM_3:Prokka:FOM_3_00750 (length 67)
prokka_FOM_3/FOM_3:Prokka:FOM_3_00751 (length 1487)
prokka_FOM_3/FOM_3:Prokka:FOM_3_00752 (length 390)
prokka_FOM_3/FOM_3:Prokka:FOM_3_00753 (length 236)
prokka_FOM_3/FOM_3:Prokka:FOM_3_00754 (length 481)
prokka_FOM_3/FOM_3:Prokka:FOM_3_00755 (length 197)
prokka_FOM_3/FOM_3:Prokka:FOM_3_00756 (length 287)
prokka_FOM_3/FOM_3:Prokka:FOM_3_94 (length 6317)
prokka_FOM_3/FOM_3:Prokka:FOM_3_00757 (length 147)
prokka_FOM_3/FOM_3:Prokka:FOM_3_00758 (length 445)
prokka_FOM_3/FOM_3:Prokka:FOM_3_00759 (length 267)
prokka_FOM_3/FOM_3:Prokka:FOM_3_00760 (length 522)
prokka_FOM_3/FOM_3:Prokka:FOM_3_00761 (length 173)
prokka_FOM_3/FOM_3:Prokka:FOM_3_00762 (length 348)
prokka_FOM_3/FOM_3:Prokka:FOM_3_95 (length 4225)
prokka_FOM_3/FOM_3:Prokka:FOM_3_00763 (length 443)
prokka_FOM_3/FOM_3:Prokka:FOM_3_00764 (length 279)
prokka_FOM_3/FOM_3:Prokka:FOM_3_00765 (length 281)
prokka_FOM_3/FOM_3:Prokka:FOM_3_96 (length 7172)
prokka_FOM_3/FOM_3:Prokka:FOM_3_00766 (length 304)
prokka_FOM_3/FOM_3:Prokka:FOM_3_00767 (length 353)
prokka_FOM_3/FOM_3:Prokka:FOM_3_00768 (length 286)
prokka_FOM_3/FOM_3:Prokka:FOM_3_00769 (length 352)
prokka_FOM_3/FOM_3:Prokka:FOM_3_00770 (length 178)
prokka_FOM_3/FOM_3:Prokka:FOM_3_00771 (length 200)
prokka_FOM_3/FOM_3:Prokka:FOM_3_00772 (length 292)
prokka_FOM_3/FOM_3:Prokka:FOM_3_00773 (length 233)
prokka_FOM_3/FOM_3:Prokka:FOM_3_97 (length 20068)
prokka_FOM_3/FOM_3:Prokka:FOM_3_00774 (length 828)
prokka_FOM_3/FOM_3:Prokka:FOM_3_00775 (length 195)
prokka_FOM_3/FOM_3:Prokka:FOM_3_00776 (length 53)
prokka_FOM_3/FOM_3:Prokka:FOM_3_00777 (length 52)
prokka_FOM_3/FOM_3:Prokka:FOM_3_00778 (length 187)
prokka_FOM_3/FOM_3:Prokka:FOM_3_00779 (length 561)
prokka_FOM_3/FOM_3:Prokka:FOM_3_00780 (length 439)
prokka_FOM_3/FOM_3:Prokka:FOM_3_00781 (length 599)
prokka_FOM_3/FOM_3:Prokka:FOM_3_00782 (length 538)
prokka_FOM_3/FOM_3:Prokka:FOM_3_00783 (length 457)
prokka_FOM_3/FOM_3:Prokka:FOM_3_00784 (length 402)
prokka_FOM_3/FOM_3:Prokka:FOM_3_00785 (length 307)
prokka_FOM_3/FOM_3:Prokka:FOM_3_00786 (length 466)
prokka_FOM_3/FOM_3:Prokka:FOM_3_98 (length 4616)
prokka_FOM_3/FOM_3:Prokka:FOM_3_00788 (length 42)
prokka_FOM_3/FOM_3:Prokka:FOM_3_00789 (length 598)
prokka_FOM_3/FOM_3:Prokka:FOM_3_00790 (length 662)
prokka_FOM_3/FOM_3:Prokka:FOM_3_99 (length 9857)
prokka_FOM_3/FOM_3:Prokka:FOM_3_00791 (length 518)
prokka_FOM_3/FOM_3:Prokka:FOM_3_00792 (length 953)
prokka_FOM_3/FOM_3:Prokka:FOM_3_00793 (length 431)
prokka_FOM_3/FOM_3:Prokka:FOM_3_00794 (length 448)
prokka_FOM_3/FOM_3:Prokka:FOM_3_00795 (length 32)
prokka_FOM_3/FOM_3:Prokka:FOM_3_00796 (length 471)
prokka_FOM_3/FOM_3:Prokka:FOM_3_00797 (length 100)
prokka_FOM_3/FOM_3:Prokka:FOM_3_100 (length 23549)
prokka_FOM_3/FOM_3:Prokka:FOM_3_00798 (length 128)
prokka_FOM_3/FOM_3:Prokka:FOM_3_00799 (length 409)
prokka_FOM_3/FOM_3:Prokka:FOM_3_00800 (length 245)
prokka_FOM_3/FOM_3:Prokka:FOM_3_00801 (length 332)
prokka_FOM_3/FOM_3:Prokka:FOM_3_00802 (length 431)
prokka_FOM_3/FOM_3:Prokka:FOM_3_00803 (length 277)
prokka_FOM_3/FOM_3:Prokka:FOM_3_00804 (length 206)
prokka_FOM_3/FOM_3:Prokka:FOM_3_00805 (length 435)
prokka_FOM_3/FOM_3:Prokka:FOM_3_00806 (length 306)
prokka_FOM_3/FOM_3:Prokka:FOM_3_00807 (length 361)
prokka_FOM_3/FOM_3:Prokka:FOM_3_00808 (length 255)
prokka_FOM_3/FOM_3:Prokka:FOM_3_00809 (length 100)
prokka_FOM_3/FOM_3:Prokka:FOM_3_00810 (length 117)
prokka_FOM_3/FOM_3:Prokka:FOM_3_00812 (length 676)
prokka_FOM_3/FOM_3:Prokka:FOM_3_00813 (length 348)
prokka_FOM_3/FOM_3:Prokka:FOM_3_00814 (length 82)
prokka_FOM_3/FOM_3:Prokka:FOM_3_00815 (length 160)
prokka_FOM_3/FOM_3:Prokka:FOM_3_00816 (length 502)
prokka_FOM_3/FOM_3:Prokka:FOM_3_00817 (length 150)
prokka_FOM_3/FOM_3:Prokka:FOM_3_00818 (length 277)
prokka_FOM_3/FOM_3:Prokka:FOM_3_00819 (length 67)
prokka_FOM_3/FOM_3:Prokka:FOM_3_00820 (length 245)
prokka_FOM_3/FOM_3:Prokka:FOM_3_00821 (length 365)
prokka_FOM_3/FOM_3:Prokka:FOM_3_00822 (length 338)
prokka_FOM_3/FOM_3:Prokka:FOM_3_101 (length 11356)
prokka_FOM_3/FOM_3:Prokka:FOM_3_00823 (length 333)
prokka_FOM_3/FOM_3:Prokka:FOM_3_00824 (length 407)
prokka_FOM_3/FOM_3:Prokka:FOM_3_00825 (length 310)
prokka_FOM_3/FOM_3:Prokka:FOM_3_00826 (length 319)
prokka_FOM_3/FOM_3:Prokka:FOM_3_00827 (length 159)
prokka_FOM_3/FOM_3:Prokka:FOM_3_00828 (length 438)
prokka_FOM_3/FOM_3:Prokka:FOM_3_00829 (length 562)
prokka_FOM_3/FOM_3:Prokka:FOM_3_00830 (length 318)
prokka_FOM_3/FOM_3:Prokka:FOM_3_00831 (length 283)
prokka_FOM_3/FOM_3:Prokka:FOM_3_00832 (length 82)
prokka_FOM_3/FOM_3:Prokka:FOM_3_102 (length 6240)
prokka_FOM_3/FOM_3:Prokka:FOM_3_00833 (length 96)
prokka_FOM_3/FOM_3:Prokka:FOM_3_00834 (length 168)
prokka_FOM_3/FOM_3:Prokka:FOM_3_00835 (length 186)
prokka_FOM_3/FOM_3:Prokka:FOM_3_00836 (length 258)
prokka_FOM_3/FOM_3:Prokka:FOM_3_00837 (length 277)
prokka_FOM_3/FOM_3:Prokka:FOM_3_00838 (length 212)
prokka_FOM_3/FOM_3:Prokka:FOM_3_00839 (length 603)
prokka_FOM_3/FOM_3:Prokka:FOM_3_103 (length 3923)
prokka_FOM_3/FOM_3:Prokka:FOM_3_00840 (length 620)
prokka_FOM_3/FOM_3:Prokka:FOM_3_00841 (length 349)
prokka_FOM_3/FOM_3:Prokka:FOM_3_00842 (length 120)
prokka_FOM_3/FOM_3:Prokka:FOM_3_104 (length 1706)
prokka_FOM_3/FOM_3:Prokka:FOM_3_00843 (length 411)
prokka_FOM_3/FOM_3:Prokka:FOM_3_105 (length 28164)
prokka_FOM_3/FOM_3:Prokka:FOM_3_00844 (length 235)
prokka_FOM_3/FOM_3:Prokka:FOM_3_00845 (length 670)
prokka_FOM_3/FOM_3:Prokka:FOM_3_00846 (length 953)
prokka_FOM_3/FOM_3:Prokka:FOM_3_00847 (length 40)
prokka_FOM_3/FOM_3:Prokka:FOM_3_00848 (length 322)
prokka_FOM_3/FOM_3:Prokka:FOM_3_00849 (length 314)
prokka_FOM_3/FOM_3:Prokka:FOM_3_00850 (length 200)
prokka_FOM_3/FOM_3:Prokka:FOM_3_00851 (length 331)
prokka_FOM_3/FOM_3:Prokka:FOM_3_00852 (length 412)
prokka_FOM_3/FOM_3:Prokka:FOM_3_00854 (length 280)
prokka_FOM_3/FOM_3:Prokka:FOM_3_00855 (length 216)
prokka_FOM_3/FOM_3:Prokka:FOM_3_00856 (length 181)
prokka_FOM_3/FOM_3:Prokka:FOM_3_00857 (length 381)
prokka_FOM_3/FOM_3:Prokka:FOM_3_00858 (length 103)
prokka_FOM_3/FOM_3:Prokka:FOM_3_00859 (length 212)
prokka_FOM_3/FOM_3:Prokka:FOM_3_00860 (length 194)
prokka_FOM_3/FOM_3:Prokka:FOM_3_00861 (length 123)
prokka_FOM_3/FOM_3:Prokka:FOM_3_00862 (length 251)
prokka_FOM_3/FOM_3:Prokka:FOM_3_00863 (length 390)
prokka_FOM_3/FOM_3:Prokka:FOM_3_00864 (length 181)
prokka_FOM_3/FOM_3:Prokka:FOM_3_00865 (length 229)
prokka_FOM_3/FOM_3:Prokka:FOM_3_00866 (length 367)
prokka_FOM_3/FOM_3:Prokka:FOM_3_00867 (length 90)
prokka_FOM_3/FOM_3:Prokka:FOM_3_00868 (length 306)
prokka_FOM_3/FOM_3:Prokka:FOM_3_00869 (length 258)
prokka_FOM_3/FOM_3:Prokka:FOM_3_00870 (length 78)
prokka_FOM_3/FOM_3:Prokka:FOM_3_00871 (length 774)
prokka_FOM_3/FOM_3:Prokka:FOM_3_00872 (length 153)
prokka_FOM_3/FOM_3:Prokka:FOM_3_106 (length 4444)
prokka_FOM_3/FOM_3:Prokka:FOM_3_00873 (length 123)
prokka_FOM_3/FOM_3:Prokka:FOM_3_107 (length 7024)
prokka_FOM_3/FOM_3:Prokka:FOM_3_00874 (length 453)
prokka_FOM_3/FOM_3:Prokka:FOM_3_00875 (length 319)
prokka_FOM_3/FOM_3:Prokka:FOM_3_00876 (length 241)
prokka_FOM_3/FOM_3:Prokka:FOM_3_00877 (length 289)
prokka_FOM_3/FOM_3:Prokka:FOM_3_00878 (length 384)
prokka_FOM_3/FOM_3:Prokka:FOM_3_00879 (length 233)
prokka_FOM_3/FOM_3:Prokka:FOM_3_00880 (length 154)
prokka_FOM_3/FOM_3:Prokka:FOM_3_108 (length 7726)
prokka_FOM_3/FOM_3:Prokka:FOM_3_00881 (length 338)
prokka_FOM_3/FOM_3:Prokka:FOM_3_00882 (length 132)
prokka_FOM_3/FOM_3:Prokka:FOM_3_00883 (length 307)
prokka_FOM_3/FOM_3:Prokka:FOM_3_00884 (length 401)
prokka_FOM_3/FOM_3:Prokka:FOM_3_00885 (length 317)
prokka_FOM_3/FOM_3:Prokka:FOM_3_00886 (length 233)
prokka_FOM_3/FOM_3:Prokka:FOM_3_00887 (length 305)
prokka_FOM_3/FOM_3:Prokka:FOM_3_109 (length 10408)
prokka_FOM_3/FOM_3:Prokka:FOM_3_00888 (length 415)
prokka_FOM_3/FOM_3:Prokka:FOM_3_00889 (length 197)
prokka_FOM_3/FOM_3:Prokka:FOM_3_00890 (length 643)
prokka_FOM_3/FOM_3:Prokka:FOM_3_00891 (length 337)
prokka_FOM_3/FOM_3:Prokka:FOM_3_00892 (length 743)
prokka_FOM_3/FOM_3:Prokka:FOM_3_00893 (length 396)
prokka_FOM_3/FOM_3:Prokka:FOM_3_110 (length 22043)
prokka_FOM_3/FOM_3:Prokka:FOM_3_00894 (length 539)
prokka_FOM_3/FOM_3:Prokka:FOM_3_00895 (length 267)
prokka_FOM_3/FOM_3:Prokka:FOM_3_00896 (length 183)
prokka_FOM_3/FOM_3:Prokka:FOM_3_00897 (length 503)
prokka_FOM_3/FOM_3:Prokka:FOM_3_00898 (length 302)
prokka_FOM_3/FOM_3:Prokka:FOM_3_00899 (length 180)
prokka_FOM_3/FOM_3:Prokka:FOM_3_00900 (length 185)
prokka_FOM_3/FOM_3:Prokka:FOM_3_00901 (length 270)
prokka_FOM_3/FOM_3:Prokka:FOM_3_00902 (length 217)
prokka_FOM_3/FOM_3:Prokka:FOM_3_00903 (length 369)
prokka_FOM_3/FOM_3:Prokka:FOM_3_00904 (length 106)
prokka_FOM_3/FOM_3:Prokka:FOM_3_00905 (length 644)
prokka_FOM_3/FOM_3:Prokka:FOM_3_00906 (length 529)
prokka_FOM_3/FOM_3:Prokka:FOM_3_00907 (length 227)
prokka_FOM_3/FOM_3:Prokka:FOM_3_00908 (length 900)
prokka_FOM_3/FOM_3:Prokka:FOM_3_00909 (length 52)
prokka_FOM_3/FOM_3:Prokka:FOM_3_00910 (length 179)
prokka_FOM_3/FOM_3:Prokka:FOM_3_00911 (length 475)
prokka_FOM_3/FOM_3:Prokka:FOM_3_00912 (length 132)
prokka_FOM_3/FOM_3:Prokka:FOM_3_00913 (length 285)
prokka_FOM_3/FOM_3:Prokka:FOM_3_111 (length 21601)
prokka_FOM_3/FOM_3:Prokka:FOM_3_00914 (length 188)
prokka_FOM_3/FOM_3:Prokka:FOM_3_00915 (length 474)
prokka_FOM_3/FOM_3:Prokka:FOM_3_00916 (length 459)
prokka_FOM_3/FOM_3:Prokka:FOM_3_00917 (length 539)
prokka_FOM_3/FOM_3:Prokka:FOM_3_00918 (length 234)
prokka_FOM_3/FOM_3:Prokka:FOM_3_00919 (length 344)
prokka_FOM_3/FOM_3:Prokka:FOM_3_00920 (length 202)
prokka_FOM_3/FOM_3:Prokka:FOM_3_00921 (length 331)
prokka_FOM_3/FOM_3:Prokka:FOM_3_00922 (length 321)
prokka_FOM_3/FOM_3:Prokka:FOM_3_00923 (length 631)
prokka_FOM_3/FOM_3:Prokka:FOM_3_00924 (length 147)
prokka_FOM_3/FOM_3:Prokka:FOM_3_00925 (length 427)
prokka_FOM_3/FOM_3:Prokka:FOM_3_00926 (length 124)
prokka_FOM_3/FOM_3:Prokka:FOM_3_00927 (length 409)
prokka_FOM_3/FOM_3:Prokka:FOM_3_00928 (length 577)
prokka_FOM_3/FOM_3:Prokka:FOM_3_00929 (length 203)
prokka_FOM_3/FOM_3:Prokka:FOM_3_00930 (length 571)
prokka_FOM_3/FOM_3:Prokka:FOM_3_112 (length 1382)
prokka_FOM_3/FOM_3:Prokka:FOM_3_00931 (length 122)
prokka_FOM_3/FOM_3:Prokka:FOM_3_00932 (length 88)
prokka_FOM_3/FOM_3:Prokka:FOM_3_113 (length 11217)
prokka_FOM_3/FOM_3:Prokka:FOM_3_00933 (length 543)
prokka_FOM_3/FOM_3:Prokka:FOM_3_00934 (length 594)
prokka_FOM_3/FOM_3:Prokka:FOM_3_00935 (length 367)
prokka_FOM_3/FOM_3:Prokka:FOM_3_00936 (length 410)
prokka_FOM_3/FOM_3:Prokka:FOM_3_00937 (length 453)
prokka_FOM_3/FOM_3:Prokka:FOM_3_00938 (length 282)
prokka_FOM_3/FOM_3:Prokka:FOM_3_00939 (length 331)
prokka_FOM_3/FOM_3:Prokka:FOM_3_00940 (length 318)
prokka_FOM_3/FOM_3:Prokka:FOM_3_114 (length 16986)
prokka_FOM_3/FOM_3:Prokka:FOM_3_00941 (length 55)
prokka_FOM_3/FOM_3:Prokka:FOM_3_00942 (length 33)
prokka_FOM_3/FOM_3:Prokka:FOM_3_00943 (length 107)
prokka_FOM_3/FOM_3:Prokka:FOM_3_00944 (length 141)
prokka_FOM_3/FOM_3:Prokka:FOM_3_00946 (length 178)
prokka_FOM_3/FOM_3:Prokka:FOM_3_00947 (length 248)
prokka_FOM_3/FOM_3:Prokka:FOM_3_00948 (length 518)
prokka_FOM_3/FOM_3:Prokka:FOM_3_00949 (length 316)
prokka_FOM_3/FOM_3:Prokka:FOM_3_00950 (length 314)
prokka_FOM_3/FOM_3:Prokka:FOM_3_00951 (length 426)
prokka_FOM_3/FOM_3:Prokka:FOM_3_00952 (length 110)
prokka_FOM_3/FOM_3:Prokka:FOM_3_00953 (length 350)
prokka_FOM_3/FOM_3:Prokka:FOM_3_00954 (length 295)
prokka_FOM_3/FOM_3:Prokka:FOM_3_00955 (length 616)
prokka_FOM_3/FOM_3:Prokka:FOM_3_00956 (length 298)
prokka_FOM_3/FOM_3:Prokka:FOM_3_00957 (length 321)
prokka_FOM_3/FOM_3:Prokka:FOM_3_00958 (length 329)
prokka_FOM_3/FOM_3:Prokka:FOM_3_00959 (length 337)
prokka_FOM_3/FOM_3:Prokka:FOM_3_115 (length 9288)
prokka_FOM_3/FOM_3:Prokka:FOM_3_00960 (length 648)
prokka_FOM_3/FOM_3:Prokka:FOM_3_00961 (length 323)
prokka_FOM_3/FOM_3:Prokka:FOM_3_00962 (length 244)
prokka_FOM_3/FOM_3:Prokka:FOM_3_00963 (length 477)
prokka_FOM_3/FOM_3:Prokka:FOM_3_00964 (length 451)
prokka_FOM_3/FOM_3:Prokka:FOM_3_00965 (length 163)
prokka_FOM_3/FOM_3:Prokka:FOM_3_00966 (length 258)
prokka_FOM_3/FOM_3:Prokka:FOM_3_116 (length 11361)
prokka_FOM_3/FOM_3:Prokka:FOM_3_00967 (length 125)
prokka_FOM_3/FOM_3:Prokka:FOM_3_00968 (length 450)
prokka_FOM_3/FOM_3:Prokka:FOM_3_00969 (length 233)
prokka_FOM_3/FOM_3:Prokka:FOM_3_00970 (length 434)
prokka_FOM_3/FOM_3:Prokka:FOM_3_00971 (length 370)
prokka_FOM_3/FOM_3:Prokka:FOM_3_00972 (length 230)
prokka_FOM_3/FOM_3:Prokka:FOM_3_00973 (length 231)
prokka_FOM_3/FOM_3:Prokka:FOM_3_00974 (length 366)
prokka_FOM_3/FOM_3:Prokka:FOM_3_00975 (length 69)
prokka_FOM_3/FOM_3:Prokka:FOM_3_00976 (length 302)
prokka_FOM_3/FOM_3:Prokka:FOM_3_00977 (length 253)
prokka_FOM_3/FOM_3:Prokka:FOM_3_00978 (length 172)
prokka_FOM_3/FOM_3:Prokka:FOM_3_117 (length 2506)
prokka_FOM_3/FOM_3:Prokka:FOM_3_00979 (length 160)
prokka_FOM_3/FOM_3:Prokka:FOM_3_00980 (length 330)
prokka_FOM_3/FOM_3:Prokka:FOM_3_00981 (length 257)
prokka_FOM_3/FOM_3:Prokka:FOM_3_118 (length 2603)
prokka_FOM_3/FOM_3:Prokka:FOM_3_00982 (length 95)
prokka_FOM_3/FOM_3:Prokka:FOM_3_00983 (length 286)
prokka_FOM_3/FOM_3:Prokka:FOM_3_00984 (length 280)
prokka_FOM_3/FOM_3:Prokka:FOM_3_00985 (length 94)
prokka_FOM_3/FOM_3:Prokka:FOM_3_119 (length 6243)
prokka_FOM_3/FOM_3:Prokka:FOM_3_00986 (length 57)
prokka_FOM_3/FOM_3:Prokka:FOM_3_00987 (length 213)
prokka_FOM_3/FOM_3:Prokka:FOM_3_00988 (length 457)
prokka_FOM_3/FOM_3:Prokka:FOM_3_00989 (length 97)
prokka_FOM_3/FOM_3:Prokka:FOM_3_00990 (length 192)
prokka_FOM_3/FOM_3:Prokka:FOM_3_00991 (length 313)
prokka_FOM_3/FOM_3:Prokka:FOM_3_00992 (length 229)
prokka_FOM_3/FOM_3:Prokka:FOM_3_00993 (length 268)
prokka_FOM_3/FOM_3:Prokka:FOM_3_120 (length 5488)
prokka_FOM_3/FOM_3:Prokka:FOM_3_00994 (length 841)
prokka_FOM_3/FOM_3:Prokka:FOM_3_00995 (length 330)
prokka_FOM_3/FOM_3:Prokka:FOM_3_00996 (length 112)
prokka_FOM_3/FOM_3:Prokka:FOM_3_00997 (length 448)
prokka_FOM_3/FOM_3:Prokka:FOM_3_121 (length 10301)
prokka_FOM_3/FOM_3:Prokka:FOM_3_00998 (length 113)
prokka_FOM_3/FOM_3:Prokka:FOM_3_00999 (length 83)
prokka_FOM_3/FOM_3:Prokka:FOM_3_01000 (length 89)
prokka_FOM_3/FOM_3:Prokka:FOM_3_01001 (length 102)
prokka_FOM_3/FOM_3:Prokka:FOM_3_01002 (length 488)
prokka_FOM_3/FOM_3:Prokka:FOM_3_01003 (length 479)
prokka_FOM_3/FOM_3:Prokka:FOM_3_01004 (length 340)
prokka_FOM_3/FOM_3:Prokka:FOM_3_01005 (length 465)
prokka_FOM_3/FOM_3:Prokka:FOM_3_01006 (length 855)
prokka_FOM_3/FOM_3:Prokka:FOM_3_122 (length 2249)
prokka_FOM_3/FOM_3:Prokka:FOM_3_123 (length 6233)
prokka_FOM_3/FOM_3:Prokka:FOM_3_01007 (length 78)
prokka_FOM_3/FOM_3:Prokka:FOM_3_01008 (length 76)
prokka_FOM_3/FOM_3:Prokka:FOM_3_01009 (length 412)
prokka_FOM_3/FOM_3:Prokka:FOM_3_01010 (length 195)
prokka_FOM_3/FOM_3:Prokka:FOM_3_01011 (length 498)
prokka_FOM_3/FOM_3:Prokka:FOM_3_01012 (length 469)
prokka_FOM_3/FOM_3:Prokka:FOM_3_124 (length 1262)
prokka_FOM_3/FOM_3:Prokka:FOM_3_01013 (length 147)
prokka_FOM_3/FOM_3:Prokka:FOM_3_125 (length 7932)
prokka_FOM_3/FOM_3:Prokka:FOM_3_01014 (length 70)
prokka_FOM_3/FOM_3:Prokka:FOM_3_01015 (length 112)
prokka_FOM_3/FOM_3:Prokka:FOM_3_01016 (length 211)
prokka_FOM_3/FOM_3:Prokka:FOM_3_01018 (length 323)
prokka_FOM_3/FOM_3:Prokka:FOM_3_01019 (length 710)
prokka_FOM_3/FOM_3:Prokka:FOM_3_01020 (length 492)
prokka_FOM_3/FOM_3:Prokka:FOM_3_01021 (length 204)
prokka_FOM_3/FOM_3:Prokka:FOM_3_01022 (length 193)
prokka_FOM_3/FOM_3:Prokka:FOM_3_126 (length 1815)
prokka_FOM_3/FOM_3:Prokka:FOM_3_01023 (length 380)
prokka_FOM_3/FOM_3:Prokka:FOM_3_127 (length 8399)
prokka_FOM_3/FOM_3:Prokka:FOM_3_01024 (length 204)
prokka_FOM_3/FOM_3:Prokka:FOM_3_01025 (length 191)
prokka_FOM_3/FOM_3:Prokka:FOM_3_01026 (length 264)
prokka_FOM_3/FOM_3:Prokka:FOM_3_01027 (length 300)
prokka_FOM_3/FOM_3:Prokka:FOM_3_01028 (length 454)
prokka_FOM_3/FOM_3:Prokka:FOM_3_01029 (length 162)
prokka_FOM_3/FOM_3:Prokka:FOM_3_01030 (length 557)
prokka_FOM_3/FOM_3:Prokka:FOM_3_128 (length 5375)
prokka_FOM_3/FOM_3:Prokka:FOM_3_01031 (length 47)
prokka_FOM_3/FOM_3:Prokka:FOM_3_01032 (length 218)
prokka_FOM_3/FOM_3:Prokka:FOM_3_01033 (length 327)
prokka_FOM_3/FOM_3:Prokka:FOM_3_01034 (length 224)
prokka_FOM_3/FOM_3:Prokka:FOM_3_01035 (length 97)
prokka_FOM_3/FOM_3:Prokka:FOM_3_01036 (length 183)
prokka_FOM_3/FOM_3:Prokka:FOM_3_01037 (length 74)
prokka_FOM_3/FOM_3:Prokka:FOM_3_01038 (length 103)
prokka_FOM_3/FOM_3:Prokka:FOM_3_129 (length 2196)
prokka_FOM_3/FOM_3:Prokka:FOM_3_130 (length 10632)
prokka_FOM_3/FOM_3:Prokka:FOM_3_01039 (length 61)
prokka_FOM_3/FOM_3:Prokka:FOM_3_01040 (length 149)
prokka_FOM_3/FOM_3:Prokka:FOM_3_01041 (length 287)
prokka_FOM_3/FOM_3:Prokka:FOM_3_01042 (length 298)
prokka_FOM_3/FOM_3:Prokka:FOM_3_01043 (length 125)
prokka_FOM_3/FOM_3:Prokka:FOM_3_01044 (length 255)
prokka_FOM_3/FOM_3:Prokka:FOM_3_01045 (length 194)
prokka_FOM_3/FOM_3:Prokka:FOM_3_01046 (length 249)
prokka_FOM_3/FOM_3:Prokka:FOM_3_01047 (length 195)
prokka_FOM_3/FOM_3:Prokka:FOM_3_01048 (length 181)
prokka_FOM_3/FOM_3:Prokka:FOM_3_01049 (length 224)
prokka_FOM_3/FOM_3:Prokka:FOM_3_01050 (length 357)
prokka_FOM_3/FOM_3:Prokka:FOM_3_01051 (length 436)
prokka_FOM_3/FOM_3:Prokka:FOM_3_01052 (length 91)
prokka_FOM_3/FOM_3:Prokka:FOM_3_131 (length 1892)
prokka_FOM_3/FOM_3:Prokka:FOM_3_01053 (length 253)
prokka_FOM_3/FOM_3:Prokka:FOM_3_01054 (length 89)
prokka_FOM_3/FOM_3:Prokka:FOM_3_01055 (length 175)
prokka_FOM_3/FOM_3:Prokka:FOM_3_132 (length 2329)
prokka_FOM_3/FOM_3:Prokka:FOM_3_133 (length 2142)
prokka_FOM_3/FOM_3:Prokka:FOM_3_01056 (length 592)
prokka_FOM_3/FOM_3:Prokka:FOM_3_134 (length 3811)
prokka_FOM_3/FOM_3:Prokka:FOM_3_01057 (length 31)
prokka_FOM_3/FOM_3:Prokka:FOM_3_135 (length 7648)
prokka_FOM_3/FOM_3:Prokka:FOM_3_01058 (length 373)
prokka_FOM_3/FOM_3:Prokka:FOM_3_01059 (length 236)
prokka_FOM_3/FOM_3:Prokka:FOM_3_01060 (length 185)
prokka_FOM_3/FOM_3:Prokka:FOM_3_01061 (length 137)
prokka_FOM_3/FOM_3:Prokka:FOM_3_01062 (length 338)
prokka_FOM_3/FOM_3:Prokka:FOM_3_01063 (length 216)
prokka_FOM_3/FOM_3:Prokka:FOM_3_01064 (length 345)
prokka_FOM_3/FOM_3:Prokka:FOM_3_01065 (length 428)
prokka_FOM_3/FOM_3:Prokka:FOM_3_136 (length 4652)
prokka_FOM_3/FOM_3:Prokka:FOM_3_01066 (length 117)
prokka_FOM_3/FOM_3:Prokka:FOM_3_01067 (length 223)
prokka_FOM_3/FOM_3:Prokka:FOM_3_01068 (length 183)
prokka_FOM_3/FOM_3:Prokka:FOM_3_01069 (length 460)
prokka_FOM_3/FOM_3:Prokka:FOM_3_01070 (length 114)
prokka_FOM_3/FOM_3:Prokka:FOM_3_137 (length 17663)
prokka_FOM_3/FOM_3:Prokka:FOM_3_01071 (length 35)
prokka_FOM_3/FOM_3:Prokka:FOM_3_01072 (length 219)
prokka_FOM_3/FOM_3:Prokka:FOM_3_01073 (length 326)
prokka_FOM_3/FOM_3:Prokka:FOM_3_01074 (length 338)
prokka_FOM_3/FOM_3:Prokka:FOM_3_01075 (length 244)
prokka_FOM_3/FOM_3:Prokka:FOM_3_01076 (length 127)
prokka_FOM_3/FOM_3:Prokka:FOM_3_01077 (length 319)
prokka_FOM_3/FOM_3:Prokka:FOM_3_01078 (length 291)
prokka_FOM_3/FOM_3:Prokka:FOM_3_01079 (length 336)
prokka_FOM_3/FOM_3:Prokka:FOM_3_01080 (length 321)
prokka_FOM_3/FOM_3:Prokka:FOM_3_01081 (length 118)
prokka_FOM_3/FOM_3:Prokka:FOM_3_01082 (length 224)
prokka_FOM_3/FOM_3:Prokka:FOM_3_01083 (length 256)
prokka_FOM_3/FOM_3:Prokka:FOM_3_01084 (length 280)
prokka_FOM_3/FOM_3:Prokka:FOM_3_01085 (length 294)
prokka_FOM_3/FOM_3:Prokka:FOM_3_01086 (length 307)
prokka_FOM_3/FOM_3:Prokka:FOM_3_01087 (length 293)
prokka_FOM_3/FOM_3:Prokka:FOM_3_01088 (length 39)
prokka_FOM_3/FOM_3:Prokka:FOM_3_01089 (length 446)
prokka_FOM_3/FOM_3:Prokka:FOM_3_01090 (length 302)
prokka_FOM_3/FOM_3:Prokka:FOM_3_01091 (length 228)
prokka_FOM_3/FOM_3:Prokka:FOM_3_01092 (length 110)
prokka_FOM_3/FOM_3:Prokka:FOM_3_138 (length 1282)
prokka_FOM_3/FOM_3:Prokka:FOM_3_139 (length 2580)
prokka_FOM_3/FOM_3:Prokka:FOM_3_01093 (length 158)
prokka_FOM_3/FOM_3:Prokka:FOM_3_01094 (length 366)
prokka_FOM_3/FOM_3:Prokka:FOM_3_01095 (length 91)
prokka_FOM_3/FOM_3:Prokka:FOM_3_01096 (length 106)
prokka_FOM_3/FOM_3:Prokka:FOM_3_140 (length 7271)
prokka_FOM_3/FOM_3:Prokka:FOM_3_01097 (length 84)
prokka_FOM_3/FOM_3:Prokka:FOM_3_01098 (length 272)
prokka_FOM_3/FOM_3:Prokka:FOM_3_01099 (length 164)
prokka_FOM_3/FOM_3:Prokka:FOM_3_01100 (length 246)
prokka_FOM_3/FOM_3:Prokka:FOM_3_01101 (length 318)
prokka_FOM_3/FOM_3:Prokka:FOM_3_01102 (length 315)
prokka_FOM_3/FOM_3:Prokka:FOM_3_01103 (length 270)
prokka_FOM_3/FOM_3:Prokka:FOM_3_01104 (length 304)
prokka_FOM_3/FOM_3:Prokka:FOM_3_01105 (length 122)
prokka_FOM_3/FOM_3:Prokka:FOM_3_141 (length 4312)
prokka_FOM_3/FOM_3:Prokka:FOM_3_01106 (length 69)
prokka_FOM_3/FOM_3:Prokka:FOM_3_142 (length 14006)
prokka_FOM_3/FOM_3:Prokka:FOM_3_01107 (length 450)
prokka_FOM_3/FOM_3:Prokka:FOM_3_01108 (length 752)
prokka_FOM_3/FOM_3:Prokka:FOM_3_01109 (length 327)
prokka_FOM_3/FOM_3:Prokka:FOM_3_01110 (length 223)
prokka_FOM_3/FOM_3:Prokka:FOM_3_01111 (length 330)
prokka_FOM_3/FOM_3:Prokka:FOM_3_01112 (length 558)
prokka_FOM_3/FOM_3:Prokka:FOM_3_01113 (length 447)
prokka_FOM_3/FOM_3:Prokka:FOM_3_01114 (length 560)
prokka_FOM_3/FOM_3:Prokka:FOM_3_01115 (length 433)
prokka_FOM_3/FOM_3:Prokka:FOM_3_143 (length 1613)
prokka_FOM_3/FOM_3:Prokka:FOM_3_01116 (length 148)
prokka_FOM_3/FOM_3:Prokka:FOM_3_01117 (length 232)
prokka_FOM_3/FOM_3:Prokka:FOM_3_144 (length 2842)
prokka_FOM_3/FOM_3:Prokka:FOM_3_145 (length 3052)
prokka_FOM_3/FOM_3:Prokka:FOM_3_146 (length 1691)
prokka_FOM_3/FOM_3:Prokka:FOM_3_01118 (length 154)
prokka_FOM_3/FOM_3:Prokka:FOM_3_147 (length 12166)
prokka_FOM_3/FOM_3:Prokka:FOM_3_01119 (length 99)
prokka_FOM_3/FOM_3:Prokka:FOM_3_01120 (length 573)
prokka_FOM_3/FOM_3:Prokka:FOM_3_01121 (length 398)
prokka_FOM_3/FOM_3:Prokka:FOM_3_01122 (length 205)
prokka_FOM_3/FOM_3:Prokka:FOM_3_01123 (length 264)
prokka_FOM_3/FOM_3:Prokka:FOM_3_01124 (length 176)
prokka_FOM_3/FOM_3:Prokka:FOM_3_01125 (length 235)
prokka_FOM_3/FOM_3:Prokka:FOM_3_01126 (length 396)
prokka_FOM_3/FOM_3:Prokka:FOM_3_01127 (length 308)
prokka_FOM_3/FOM_3:Prokka:FOM_3_01128 (length 339)
prokka_FOM_3/FOM_3:Prokka:FOM_3_01129 (length 450)
prokka_FOM_3/FOM_3:Prokka:FOM_3_01130 (length 129)
prokka_FOM_3/FOM_3:Prokka:FOM_3_148 (length 9748)
prokka_FOM_3/FOM_3:Prokka:FOM_3_01131 (length 213)
prokka_FOM_3/FOM_3:Prokka:FOM_3_01132 (length 162)
prokka_FOM_3/FOM_3:Prokka:FOM_3_01133 (length 681)
prokka_FOM_3/FOM_3:Prokka:FOM_3_01134 (length 380)
prokka_FOM_3/FOM_3:Prokka:FOM_3_01135 (length 230)
prokka_FOM_3/FOM_3:Prokka:FOM_3_01136 (length 694)
prokka_FOM_3/FOM_3:Prokka:FOM_3_01137 (length 57)
prokka_FOM_3/FOM_3:Prokka:FOM_3_01138 (length 335)
prokka_FOM_3/FOM_3:Prokka:FOM_3_01139 (length 285)
prokka_FOM_3/FOM_3:Prokka:FOM_3_149 (length 6649)
prokka_FOM_3/FOM_3:Prokka:FOM_3_01140 (length 198)
prokka_FOM_3/FOM_3:Prokka:FOM_3_01141 (length 876)
prokka_FOM_3/FOM_3:Prokka:FOM_3_01142 (length 457)
prokka_FOM_3/FOM_3:Prokka:FOM_3_01143 (length 535)
prokka_FOM_3/FOM_3:Prokka:FOM_3_150 (length 1136)
prokka_FOM_3/FOM_3:Prokka:FOM_3_01144 (length 206)
prokka_FOM_3/FOM_3:Prokka:FOM_3_151 (length 20175)
prokka_FOM_3/FOM_3:Prokka:FOM_3_01145 (length 242)
prokka_FOM_3/FOM_3:Prokka:FOM_3_01146 (length 614)
prokka_FOM_3/FOM_3:Prokka:FOM_3_01147 (length 52)
prokka_FOM_3/FOM_3:Prokka:FOM_3_01148 (length 238)
prokka_FOM_3/FOM_3:Prokka:FOM_3_01149 (length 470)
prokka_FOM_3/FOM_3:Prokka:FOM_3_01150 (length 326)
prokka_FOM_3/FOM_3:Prokka:FOM_3_01151 (length 243)
prokka_FOM_3/FOM_3:Prokka:FOM_3_01152 (length 451)
prokka_FOM_3/FOM_3:Prokka:FOM_3_01153 (length 1014)
prokka_FOM_3/FOM_3:Prokka:FOM_3_01154 (length 307)
prokka_FOM_3/FOM_3:Prokka:FOM_3_01155 (length 451)
prokka_FOM_3/FOM_3:Prokka:FOM_3_01156 (length 1035)
prokka_FOM_3/FOM_3:Prokka:FOM_3_01157 (length 199)
prokka_FOM_3/FOM_3:Prokka:FOM_3_01158 (length 356)
prokka_FOM_3/FOM_3:Prokka:FOM_3_152 (length 4840)
prokka_FOM_3/FOM_3:Prokka:FOM_3_01159 (length 1107)
prokka_FOM_3/FOM_3:Prokka:FOM_3_01160 (length 65)
prokka_FOM_3/FOM_3:Prokka:FOM_3_01161 (length 330)
prokka_FOM_3/FOM_3:Prokka:FOM_3_153 (length 1354)
prokka_FOM_3/FOM_3:Prokka:FOM_3_01162 (length 91)
prokka_FOM_3/FOM_3:Prokka:FOM_3_01163 (length 256)
prokka_FOM_3/FOM_3:Prokka:FOM_3_154 (length 4969)
prokka_FOM_3/FOM_3:Prokka:FOM_3_01164 (length 292)
prokka_FOM_3/FOM_3:Prokka:FOM_3_01165 (length 79)
prokka_FOM_3/FOM_3:Prokka:FOM_3_01166 (length 139)
prokka_FOM_3/FOM_3:Prokka:FOM_3_01167 (length 172)
prokka_FOM_3/FOM_3:Prokka:FOM_3_01168 (length 470)
prokka_FOM_3/FOM_3:Prokka:FOM_3_155 (length 2627)
prokka_FOM_3/FOM_3:Prokka:FOM_3_01169 (length 91)
prokka_FOM_3/FOM_3:Prokka:FOM_3_01170 (length 235)
prokka_FOM_3/FOM_3:Prokka:FOM_3_156 (length 12922)
prokka_FOM_3/FOM_3:Prokka:FOM_3_01171 (length 146)
prokka_FOM_3/FOM_3:Prokka:FOM_3_01172 (length 278)
prokka_FOM_3/FOM_3:Prokka:FOM_3_01173 (length 151)
prokka_FOM_3/FOM_3:Prokka:FOM_3_01174 (length 557)
prokka_FOM_3/FOM_3:Prokka:FOM_3_01175 (length 435)
prokka_FOM_3/FOM_3:Prokka:FOM_3_01176 (length 450)
prokka_FOM_3/FOM_3:Prokka:FOM_3_01177 (length 220)
prokka_FOM_3/FOM_3:Prokka:FOM_3_01178 (length 355)
prokka_FOM_3/FOM_3:Prokka:FOM_3_01179 (length 390)
prokka_FOM_3/FOM_3:Prokka:FOM_3_01180 (length 103)
prokka_FOM_3/FOM_3:Prokka:FOM_3_01181 (length 184)
prokka_FOM_3/FOM_3:Prokka:FOM_3_01182 (length 162)
prokka_FOM_3/FOM_3:Prokka:FOM_3_01183 (length 363)
prokka_FOM_3/FOM_3:Prokka:FOM_3_01184 (length 214)
prokka_FOM_3/FOM_3:Prokka:FOM_3_157 (length 3784)
prokka_FOM_3/FOM_3:Prokka:FOM_3_01185 (length 1121)
prokka_FOM_3/FOM_3:Prokka:FOM_3_158 (length 21549)
prokka_FOM_3/FOM_3:Prokka:FOM_3_01186 (length 188)
prokka_FOM_3/FOM_3:Prokka:FOM_3_01187 (length 128)
prokka_FOM_3/FOM_3:Prokka:FOM_3_01188 (length 296)
prokka_FOM_3/FOM_3:Prokka:FOM_3_01189 (length 214)
prokka_FOM_3/FOM_3:Prokka:FOM_3_01190 (length 188)
prokka_FOM_3/FOM_3:Prokka:FOM_3_01191 (length 1175)
prokka_FOM_3/FOM_3:Prokka:FOM_3_01192 (length 94)
prokka_FOM_3/FOM_3:Prokka:FOM_3_01193 (length 132)
prokka_FOM_3/FOM_3:Prokka:FOM_3_01194 (length 429)
prokka_FOM_3/FOM_3:Prokka:FOM_3_01195 (length 179)
prokka_FOM_3/FOM_3:Prokka:FOM_3_01196 (length 698)
prokka_FOM_3/FOM_3:Prokka:FOM_3_01197 (length 297)
prokka_FOM_3/FOM_3:Prokka:FOM_3_01198 (length 495)
prokka_FOM_3/FOM_3:Prokka:FOM_3_01202 (length 391)
prokka_FOM_3/FOM_3:Prokka:FOM_3_01203 (length 440)
prokka_FOM_3/FOM_3:Prokka:FOM_3_01204 (length 503)
prokka_FOM_3/FOM_3:Prokka:FOM_3_01205 (length 649)
prokka_FOM_3/FOM_3:Prokka:FOM_3_01206 (length 88)
prokka_FOM_3/FOM_3:Prokka:FOM_3_159 (length 4842)
prokka_FOM_3/FOM_3:Prokka:FOM_3_01208 (length 171)
prokka_FOM_3/FOM_3:Prokka:FOM_3_01209 (length 312)
prokka_FOM_3/FOM_3:Prokka:FOM_3_01210 (length 243)
prokka_FOM_3/FOM_3:Prokka:FOM_3_01211 (length 432)
prokka_FOM_3/FOM_3:Prokka:FOM_3_01212 (length 151)
prokka_FOM_3/FOM_3:Prokka:FOM_3_01213 (length 143)
prokka_FOM_3/FOM_3:Prokka:FOM_3_160 (length 1747)
prokka_FOM_3/FOM_3:Prokka:FOM_3_01214 (length 506)
prokka_FOM_3/FOM_3:Prokka:FOM_3_161 (length 24924)
prokka_FOM_3/FOM_3:Prokka:FOM_3_01215 (length 192)
prokka_FOM_3/FOM_3:Prokka:FOM_3_01216 (length 138)
prokka_FOM_3/FOM_3:Prokka:FOM_3_01217 (length 225)
prokka_FOM_3/FOM_3:Prokka:FOM_3_01218 (length 229)
prokka_FOM_3/FOM_3:Prokka:FOM_3_01219 (length 286)
prokka_FOM_3/FOM_3:Prokka:FOM_3_01220 (length 197)
prokka_FOM_3/FOM_3:Prokka:FOM_3_01221 (length 706)
prokka_FOM_3/FOM_3:Prokka:FOM_3_01222 (length 328)
prokka_FOM_3/FOM_3:Prokka:FOM_3_01223 (length 85)
prokka_FOM_3/FOM_3:Prokka:FOM_3_01224 (length 247)
prokka_FOM_3/FOM_3:Prokka:FOM_3_01225 (length 425)
prokka_FOM_3/FOM_3:Prokka:FOM_3_01226 (length 320)
prokka_FOM_3/FOM_3:Prokka:FOM_3_01227 (length 314)
prokka_FOM_3/FOM_3:Prokka:FOM_3_01228 (length 844)
prokka_FOM_3/FOM_3:Prokka:FOM_3_01229 (length 590)
prokka_FOM_3/FOM_3:Prokka:FOM_3_01230 (length 778)
prokka_FOM_3/FOM_3:Prokka:FOM_3_01231 (length 233)
prokka_FOM_3/FOM_3:Prokka:FOM_3_01232 (length 681)
prokka_FOM_3/FOM_3:Prokka:FOM_3_01233 (length 788)
prokka_FOM_3/FOM_3:Prokka:FOM_3_01234 (length 224)
prokka_FOM_3/FOM_3:Prokka:FOM_3_162 (length 11098)
prokka_FOM_3/FOM_3:Prokka:FOM_3_01236 (length 788)
prokka_FOM_3/FOM_3:Prokka:FOM_3_01237 (length 226)
prokka_FOM_3/FOM_3:Prokka:FOM_3_01238 (length 500)
prokka_FOM_3/FOM_3:Prokka:FOM_3_01239 (length 226)
prokka_FOM_3/FOM_3:Prokka:FOM_3_01240 (length 478)
prokka_FOM_3/FOM_3:Prokka:FOM_3_01241 (length 277)
prokka_FOM_3/FOM_3:Prokka:FOM_3_01242 (length 405)
prokka_FOM_3/FOM_3:Prokka:FOM_3_01243 (length 469)
prokka_FOM_3/FOM_3:Prokka:FOM_3_163 (length 4523)
prokka_FOM_3/FOM_3:Prokka:FOM_3_01244 (length 161)
prokka_FOM_3/FOM_3:Prokka:FOM_3_164 (length 1232)
prokka_FOM_3/FOM_3:Prokka:FOM_3_01245 (length 72)
prokka_FOM_3/FOM_3:Prokka:FOM_3_01246 (length 64)
prokka_FOM_3/FOM_3:Prokka:FOM_3_01247 (length 35)
prokka_FOM_3/FOM_3:Prokka:FOM_3_01248 (length 76)
prokka_FOM_3/FOM_3:Prokka:FOM_3_165 (length 12145)
prokka_FOM_3/FOM_3:Prokka:FOM_3_01249 (length 100)
prokka_FOM_3/FOM_3:Prokka:FOM_3_01250 (length 357)
prokka_FOM_3/FOM_3:Prokka:FOM_3_01251 (length 296)
prokka_FOM_3/FOM_3:Prokka:FOM_3_01253 (length 246)
prokka_FOM_3/FOM_3:Prokka:FOM_3_01254 (length 145)
prokka_FOM_3/FOM_3:Prokka:FOM_3_01255 (length 556)
prokka_FOM_3/FOM_3:Prokka:FOM_3_01256 (length 385)
prokka_FOM_3/FOM_3:Prokka:FOM_3_01257 (length 147)
prokka_FOM_3/FOM_3:Prokka:FOM_3_01258 (length 167)
prokka_FOM_3/FOM_3:Prokka:FOM_3_01259 (length 97)
prokka_FOM_3/FOM_3:Prokka:FOM_3_01260 (length 447)
prokka_FOM_3/FOM_3:Prokka:FOM_3_01261 (length 146)
prokka_FOM_3/FOM_3:Prokka:FOM_3_01262 (length 300)
prokka_FOM_3/FOM_3:Prokka:FOM_3_166 (length 2173)
prokka_FOM_3/FOM_3:Prokka:FOM_3_01263 (length 482)
prokka_FOM_3/FOM_3:Prokka:FOM_3_167 (length 1824)
prokka_FOM_3/FOM_3:Prokka:FOM_3_01264 (length 273)
prokka_FOM_3/FOM_3:Prokka:FOM_3_168 (length 1068)
prokka_FOM_3/FOM_3:Prokka:FOM_3_169 (length 12386)
prokka_FOM_3/FOM_3:Prokka:FOM_3_01265 (length 154)
prokka_FOM_3/FOM_3:Prokka:FOM_3_01266 (length 203)
prokka_FOM_3/FOM_3:Prokka:FOM_3_01267 (length 279)
prokka_FOM_3/FOM_3:Prokka:FOM_3_01268 (length 116)
prokka_FOM_3/FOM_3:Prokka:FOM_3_01269 (length 44)
prokka_FOM_3/FOM_3:Prokka:FOM_3_01270 (length 354)
prokka_FOM_3/FOM_3:Prokka:FOM_3_01271 (length 288)
prokka_FOM_3/FOM_3:Prokka:FOM_3_01272 (length 269)
prokka_FOM_3/FOM_3:Prokka:FOM_3_01273 (length 411)
prokka_FOM_3/FOM_3:Prokka:FOM_3_01274 (length 618)
prokka_FOM_3/FOM_3:Prokka:FOM_3_01275 (length 248)
prokka_FOM_3/FOM_3:Prokka:FOM_3_01276 (length 293)
prokka_FOM_3/FOM_3:Prokka:FOM_3_01277 (length 156)
prokka_FOM_3/FOM_3:Prokka:FOM_3_170 (length 11460)
prokka_FOM_3/FOM_3:Prokka:FOM_3_01278 (length 101)
prokka_FOM_3/FOM_3:Prokka:FOM_3_01279 (length 476)
prokka_FOM_3/FOM_3:Prokka:FOM_3_01280 (length 144)
prokka_FOM_3/FOM_3:Prokka:FOM_3_01281 (length 408)
prokka_FOM_3/FOM_3:Prokka:FOM_3_01282 (length 396)
prokka_FOM_3/FOM_3:Prokka:FOM_3_01283 (length 266)
prokka_FOM_3/FOM_3:Prokka:FOM_3_01284 (length 287)
prokka_FOM_3/FOM_3:Prokka:FOM_3_01285 (length 188)
prokka_FOM_3/FOM_3:Prokka:FOM_3_01286 (length 266)
prokka_FOM_3/FOM_3:Prokka:FOM_3_01287 (length 197)
prokka_FOM_3/FOM_3:Prokka:FOM_3_01288 (length 148)
prokka_FOM_3/FOM_3:Prokka:FOM_3_171 (length 20943)
prokka_FOM_3/FOM_3:Prokka:FOM_3_01289 (length 79)
prokka_FOM_3/FOM_3:Prokka:FOM_3_01290 (length 323)
prokka_FOM_3/FOM_3:Prokka:FOM_3_01291 (length 155)
prokka_FOM_3/FOM_3:Prokka:FOM_3_01292 (length 148)
prokka_FOM_3/FOM_3:Prokka:FOM_3_01293 (length 269)
prokka_FOM_3/FOM_3:Prokka:FOM_3_01294 (length 339)
prokka_FOM_3/FOM_3:Prokka:FOM_3_01295 (length 166)
prokka_FOM_3/FOM_3:Prokka:FOM_3_01296 (length 704)
prokka_FOM_3/FOM_3:Prokka:FOM_3_01297 (length 217)
prokka_FOM_3/FOM_3:Prokka:FOM_3_01298 (length 262)
prokka_FOM_3/FOM_3:Prokka:FOM_3_01299 (length 232)
prokka_FOM_3/FOM_3:Prokka:FOM_3_01300 (length 244)
prokka_FOM_3/FOM_3:Prokka:FOM_3_01301 (length 290)
prokka_FOM_3/FOM_3:Prokka:FOM_3_01302 (length 84)
prokka_FOM_3/FOM_3:Prokka:FOM_3_01303 (length 338)
prokka_FOM_3/FOM_3:Prokka:FOM_3_01304 (length 322)
prokka_FOM_3/FOM_3:Prokka:FOM_3_01305 (length 413)
prokka_FOM_3/FOM_3:Prokka:FOM_3_01306 (length 262)
prokka_FOM_3/FOM_3:Prokka:FOM_3_01307 (length 214)
prokka_FOM_3/FOM_3:Prokka:FOM_3_01308 (length 248)
prokka_FOM_3/FOM_3:Prokka:FOM_3_01309 (length 489)
prokka_FOM_3/FOM_3:Prokka:FOM_3_01311 (length 49)
prokka_FOM_3/FOM_3:Prokka:FOM_3_172 (length 1103)
prokka_FOM_3/FOM_3:Prokka:FOM_3_01312 (length 320)
prokka_FOM_3/FOM_3:Prokka:FOM_3_173 (length 53776)
prokka_FOM_3/FOM_3:Prokka:FOM_3_01313 (length 156)
prokka_FOM_3/FOM_3:Prokka:FOM_3_01314 (length 68)
prokka_FOM_3/FOM_3:Prokka:FOM_3_01315 (length 113)
prokka_FOM_3/FOM_3:Prokka:FOM_3_01316 (length 143)
prokka_FOM_3/FOM_3:Prokka:FOM_3_01317 (length 312)
prokka_FOM_3/FOM_3:Prokka:FOM_3_01318 (length 123)
prokka_FOM_3/FOM_3:Prokka:FOM_3_01319 (length 714)
prokka_FOM_3/FOM_3:Prokka:FOM_3_01320 (length 320)
prokka_FOM_3/FOM_3:Prokka:FOM_3_01321 (length 448)
prokka_FOM_3/FOM_3:Prokka:FOM_3_01322 (length 363)
prokka_FOM_3/FOM_3:Prokka:FOM_3_01323 (length 237)
prokka_FOM_3/FOM_3:Prokka:FOM_3_01324 (length 442)
prokka_FOM_3/FOM_3:Prokka:FOM_3_01325 (length 433)
prokka_FOM_3/FOM_3:Prokka:FOM_3_01326 (length 154)
prokka_FOM_3/FOM_3:Prokka:FOM_3_01327 (length 87)
prokka_FOM_3/FOM_3:Prokka:FOM_3_01328 (length 265)
prokka_FOM_3/FOM_3:Prokka:FOM_3_01329 (length 220)
prokka_FOM_3/FOM_3:Prokka:FOM_3_01330 (length 930)
prokka_FOM_3/FOM_3:Prokka:FOM_3_01331 (length 106)
prokka_FOM_3/FOM_3:Prokka:FOM_3_01332 (length 110)
prokka_FOM_3/FOM_3:Prokka:FOM_3_01333 (length 478)
prokka_FOM_3/FOM_3:Prokka:FOM_3_01334 (length 163)
prokka_FOM_3/FOM_3:Prokka:FOM_3_01335 (length 484)
prokka_FOM_3/FOM_3:Prokka:FOM_3_01336 (length 68)
prokka_FOM_3/FOM_3:Prokka:FOM_3_01337 (length 142)
prokka_FOM_3/FOM_3:Prokka:FOM_3_01338 (length 263)
prokka_FOM_3/FOM_3:Prokka:FOM_3_01339 (length 1160)
prokka_FOM_3/FOM_3:Prokka:FOM_3_01340 (length 1234)
prokka_FOM_3/FOM_3:Prokka:FOM_3_01341 (length 246)
prokka_FOM_3/FOM_3:Prokka:FOM_3_01342 (length 76)
prokka_FOM_3/FOM_3:Prokka:FOM_3_01343 (length 160)
prokka_FOM_3/FOM_3:Prokka:FOM_3_01344 (length 173)
prokka_FOM_3/FOM_3:Prokka:FOM_3_01345 (length 246)
prokka_FOM_3/FOM_3:Prokka:FOM_3_01346 (length 317)
prokka_FOM_3/FOM_3:Prokka:FOM_3_01347 (length 173)
prokka_FOM_3/FOM_3:Prokka:FOM_3_01348 (length 318)
prokka_FOM_3/FOM_3:Prokka:FOM_3_01349 (length 655)
prokka_FOM_3/FOM_3:Prokka:FOM_3_01350 (length 176)
prokka_FOM_3/FOM_3:Prokka:FOM_3_01351 (length 290)
prokka_FOM_3/FOM_3:Prokka:FOM_3_01352 (length 235)
prokka_FOM_3/FOM_3:Prokka:FOM_3_01353 (length 108)
prokka_FOM_3/FOM_3:Prokka:FOM_3_01354 (length 379)
prokka_FOM_3/FOM_3:Prokka:FOM_3_01355 (length 179)
prokka_FOM_3/FOM_3:Prokka:FOM_3_01356 (length 220)
prokka_FOM_3/FOM_3:Prokka:FOM_3_01357 (length 327)
prokka_FOM_3/FOM_3:Prokka:FOM_3_01358 (length 85)
prokka_FOM_3/FOM_3:Prokka:FOM_3_01359 (length 591)
prokka_FOM_3/FOM_3:Prokka:FOM_3_01360 (length 32)
prokka_FOM_3/FOM_3:Prokka:FOM_3_01361 (length 94)
prokka_FOM_3/FOM_3:Prokka:FOM_3_01363 (length 360)
prokka_FOM_3/FOM_3:Prokka:FOM_3_01364 (length 396)
prokka_FOM_3/FOM_3:Prokka:FOM_3_01365 (length 162)
prokka_FOM_3/FOM_3:Prokka:FOM_3_01366 (length 591)
prokka_FOM_3/FOM_3:Prokka:FOM_3_174 (length 3147)
prokka_FOM_3/FOM_3:Prokka:FOM_3_01367 (length 469)
prokka_FOM_3/FOM_3:Prokka:FOM_3_01368 (length 320)
prokka_FOM_3/FOM_3:Prokka:FOM_3_01369 (length 159)
prokka_FOM_3/FOM_3:Prokka:FOM_3_175 (length 1226)
prokka_FOM_3/FOM_3:Prokka:FOM_3_01370 (length 63)
prokka_FOM_3/FOM_3:Prokka:FOM_3_176 (length 9659)
prokka_FOM_3/FOM_3:Prokka:FOM_3_01371 (length 430)
prokka_FOM_3/FOM_3:Prokka:FOM_3_01372 (length 314)
prokka_FOM_3/FOM_3:Prokka:FOM_3_01373 (length 347)
prokka_FOM_3/FOM_3:Prokka:FOM_3_01374 (length 145)
prokka_FOM_3/FOM_3:Prokka:FOM_3_01375 (length 176)
prokka_FOM_3/FOM_3:Prokka:FOM_3_01376 (length 448)
prokka_FOM_3/FOM_3:Prokka:FOM_3_01377 (length 205)
prokka_FOM_3/FOM_3:Prokka:FOM_3_01378 (length 148)
prokka_FOM_3/FOM_3:Prokka:FOM_3_01379 (length 364)
prokka_FOM_3/FOM_3:Prokka:FOM_3_01380 (length 105)
prokka_FOM_3/FOM_3:Prokka:FOM_3_01381 (length 99)
prokka_FOM_3/FOM_3:Prokka:FOM_3_177 (length 1856)
prokka_FOM_3/FOM_3:Prokka:FOM_3_01382 (length 161)
prokka_FOM_3/FOM_3:Prokka:FOM_3_01383 (length 371)

FATAL: DiscRep_ALL:RRNA_NAME_CONFLICTS::1 rRNA product names are not standard. Correct the names to the standard format, eg "16S ribosomal RNA"
prokka_FOM_3/FOM_3:rRNA	5S ribosomal RNA (partial)	FOM_3_56:2-83	FOM_3_00347

DiscRep_ALL:DISC_INCONSISTENT_MOLINFO_TECH::Molinfo Technique Report (some missing, all same)
DiscRep_SUB:DISC_INCONSISTENT_MOLINFO_TECH::technique (all missing)
DiscRep_SUB:DISC_INCONSISTENT_MOLINFO_TECH::177 Molinfos are missing field technique
prokka_FOM_3/FOM_3:Prokka:FOM_3_1 (length 1786)
prokka_FOM_3/FOM_3:Prokka:FOM_3_2 (length 3504)
prokka_FOM_3/FOM_3:Prokka:FOM_3_3 (length 6083)
prokka_FOM_3/FOM_3:Prokka:FOM_3_4 (length 5755)
prokka_FOM_3/FOM_3:Prokka:FOM_3_5 (length 4115)
prokka_FOM_3/FOM_3:Prokka:FOM_3_6 (length 1009)
prokka_FOM_3/FOM_3:Prokka:FOM_3_7 (length 1753)
prokka_FOM_3/FOM_3:Prokka:FOM_3_8 (length 2179)
prokka_FOM_3/FOM_3:Prokka:FOM_3_9 (length 8736)
prokka_FOM_3/FOM_3:Prokka:FOM_3_10 (length 2793)
prokka_FOM_3/FOM_3:Prokka:FOM_3_11 (length 1845)
prokka_FOM_3/FOM_3:Prokka:FOM_3_12 (length 1752)
prokka_FOM_3/FOM_3:Prokka:FOM_3_13 (length 28147)
prokka_FOM_3/FOM_3:Prokka:FOM_3_14 (length 1509)
prokka_FOM_3/FOM_3:Prokka:FOM_3_15 (length 1446)
prokka_FOM_3/FOM_3:Prokka:FOM_3_16 (length 8614)
prokka_FOM_3/FOM_3:Prokka:FOM_3_17 (length 1489)
prokka_FOM_3/FOM_3:Prokka:FOM_3_18 (length 24242)
prokka_FOM_3/FOM_3:Prokka:FOM_3_19 (length 7478)
prokka_FOM_3/FOM_3:Prokka:FOM_3_20 (length 1834)
prokka_FOM_3/FOM_3:Prokka:FOM_3_21 (length 1362)
prokka_FOM_3/FOM_3:Prokka:FOM_3_22 (length 5275)
prokka_FOM_3/FOM_3:Prokka:FOM_3_23 (length 12260)
prokka_FOM_3/FOM_3:Prokka:FOM_3_24 (length 5589)
prokka_FOM_3/FOM_3:Prokka:FOM_3_25 (length 4536)
prokka_FOM_3/FOM_3:Prokka:FOM_3_26 (length 1331)
prokka_FOM_3/FOM_3:Prokka:FOM_3_27 (length 16511)
prokka_FOM_3/FOM_3:Prokka:FOM_3_28 (length 1010)
prokka_FOM_3/FOM_3:Prokka:FOM_3_29 (length 33185)
prokka_FOM_3/FOM_3:Prokka:FOM_3_30 (length 9079)
prokka_FOM_3/FOM_3:Prokka:FOM_3_31 (length 14264)
prokka_FOM_3/FOM_3:Prokka:FOM_3_32 (length 6075)
prokka_FOM_3/FOM_3:Prokka:FOM_3_33 (length 15137)
prokka_FOM_3/FOM_3:Prokka:FOM_3_34 (length 2697)
prokka_FOM_3/FOM_3:Prokka:FOM_3_35 (length 1306)
prokka_FOM_3/FOM_3:Prokka:FOM_3_36 (length 1829)
prokka_FOM_3/FOM_3:Prokka:FOM_3_37 (length 10580)
prokka_FOM_3/FOM_3:Prokka:FOM_3_38 (length 2357)
prokka_FOM_3/FOM_3:Prokka:FOM_3_39 (length 1762)
prokka_FOM_3/FOM_3:Prokka:FOM_3_40 (length 6376)
prokka_FOM_3/FOM_3:Prokka:FOM_3_41 (length 1400)
prokka_FOM_3/FOM_3:Prokka:FOM_3_42 (length 15556)
prokka_FOM_3/FOM_3:Prokka:FOM_3_43 (length 1854)
prokka_FOM_3/FOM_3:Prokka:FOM_3_44 (length 1768)
prokka_FOM_3/FOM_3:Prokka:FOM_3_45 (length 13597)
prokka_FOM_3/FOM_3:Prokka:FOM_3_46 (length 4191)
prokka_FOM_3/FOM_3:Prokka:FOM_3_47 (length 3623)
prokka_FOM_3/FOM_3:Prokka:FOM_3_48 (length 1598)
prokka_FOM_3/FOM_3:Prokka:FOM_3_49 (length 2711)
prokka_FOM_3/FOM_3:Prokka:FOM_3_50 (length 5041)
prokka_FOM_3/FOM_3:Prokka:FOM_3_51 (length 1214)
prokka_FOM_3/FOM_3:Prokka:FOM_3_52 (length 20472)
prokka_FOM_3/FOM_3:Prokka:FOM_3_53 (length 21204)
prokka_FOM_3/FOM_3:Prokka:FOM_3_54 (length 11579)
prokka_FOM_3/FOM_3:Prokka:FOM_3_55 (length 2168)
prokka_FOM_3/FOM_3:Prokka:FOM_3_56 (length 22517)
prokka_FOM_3/FOM_3:Prokka:FOM_3_57 (length 34037)
prokka_FOM_3/FOM_3:Prokka:FOM_3_58 (length 3145)
prokka_FOM_3/FOM_3:Prokka:FOM_3_59 (length 5141)
prokka_FOM_3/FOM_3:Prokka:FOM_3_60 (length 5659)
prokka_FOM_3/FOM_3:Prokka:FOM_3_61 (length 5027)
prokka_FOM_3/FOM_3:Prokka:FOM_3_62 (length 2015)
prokka_FOM_3/FOM_3:Prokka:FOM_3_63 (length 10640)
prokka_FOM_3/FOM_3:Prokka:FOM_3_64 (length 3486)
prokka_FOM_3/FOM_3:Prokka:FOM_3_65 (length 10102)
prokka_FOM_3/FOM_3:Prokka:FOM_3_66 (length 15289)
prokka_FOM_3/FOM_3:Prokka:FOM_3_67 (length 3046)
prokka_FOM_3/FOM_3:Prokka:FOM_3_68 (length 18669)
prokka_FOM_3/FOM_3:Prokka:FOM_3_69 (length 5677)
prokka_FOM_3/FOM_3:Prokka:FOM_3_70 (length 14637)
prokka_FOM_3/FOM_3:Prokka:FOM_3_71 (length 1639)
prokka_FOM_3/FOM_3:Prokka:FOM_3_72 (length 3741)
prokka_FOM_3/FOM_3:Prokka:FOM_3_73 (length 12256)
prokka_FOM_3/FOM_3:Prokka:FOM_3_74 (length 5003)
prokka_FOM_3/FOM_3:Prokka:FOM_3_75 (length 7371)
prokka_FOM_3/FOM_3:Prokka:FOM_3_76 (length 6628)
prokka_FOM_3/FOM_3:Prokka:FOM_3_77 (length 5289)
prokka_FOM_3/FOM_3:Prokka:FOM_3_78 (length 25867)
prokka_FOM_3/FOM_3:Prokka:FOM_3_79 (length 30394)
prokka_FOM_3/FOM_3:Prokka:FOM_3_80 (length 11634)
prokka_FOM_3/FOM_3:Prokka:FOM_3_81 (length 3992)
prokka_FOM_3/FOM_3:Prokka:FOM_3_82 (length 5445)
prokka_FOM_3/FOM_3:Prokka:FOM_3_83 (length 16258)
prokka_FOM_3/FOM_3:Prokka:FOM_3_84 (length 8099)
prokka_FOM_3/FOM_3:Prokka:FOM_3_85 (length 1435)
prokka_FOM_3/FOM_3:Prokka:FOM_3_86 (length 54705)
prokka_FOM_3/FOM_3:Prokka:FOM_3_87 (length 25638)
prokka_FOM_3/FOM_3:Prokka:FOM_3_88 (length 1885)
prokka_FOM_3/FOM_3:Prokka:FOM_3_89 (length 1123)
prokka_FOM_3/FOM_3:Prokka:FOM_3_90 (length 1147)
prokka_FOM_3/FOM_3:Prokka:FOM_3_91 (length 5045)
prokka_FOM_3/FOM_3:Prokka:FOM_3_92 (length 15160)
prokka_FOM_3/FOM_3:Prokka:FOM_3_93 (length 25887)
prokka_FOM_3/FOM_3:Prokka:FOM_3_94 (length 6317)
prokka_FOM_3/FOM_3:Prokka:FOM_3_95 (length 4225)
prokka_FOM_3/FOM_3:Prokka:FOM_3_96 (length 7172)
prokka_FOM_3/FOM_3:Prokka:FOM_3_97 (length 20068)
prokka_FOM_3/FOM_3:Prokka:FOM_3_98 (length 4616)
prokka_FOM_3/FOM_3:Prokka:FOM_3_99 (length 9857)
prokka_FOM_3/FOM_3:Prokka:FOM_3_100 (length 23549)
prokka_FOM_3/FOM_3:Prokka:FOM_3_101 (length 11356)
prokka_FOM_3/FOM_3:Prokka:FOM_3_102 (length 6240)
prokka_FOM_3/FOM_3:Prokka:FOM_3_103 (length 3923)
prokka_FOM_3/FOM_3:Prokka:FOM_3_104 (length 1706)
prokka_FOM_3/FOM_3:Prokka:FOM_3_105 (length 28164)
prokka_FOM_3/FOM_3:Prokka:FOM_3_106 (length 4444)
prokka_FOM_3/FOM_3:Prokka:FOM_3_107 (length 7024)
prokka_FOM_3/FOM_3:Prokka:FOM_3_108 (length 7726)
prokka_FOM_3/FOM_3:Prokka:FOM_3_109 (length 10408)
prokka_FOM_3/FOM_3:Prokka:FOM_3_110 (length 22043)
prokka_FOM_3/FOM_3:Prokka:FOM_3_111 (length 21601)
prokka_FOM_3/FOM_3:Prokka:FOM_3_112 (length 1382)
prokka_FOM_3/FOM_3:Prokka:FOM_3_113 (length 11217)
prokka_FOM_3/FOM_3:Prokka:FOM_3_114 (length 16986)
prokka_FOM_3/FOM_3:Prokka:FOM_3_115 (length 9288)
prokka_FOM_3/FOM_3:Prokka:FOM_3_116 (length 11361)
prokka_FOM_3/FOM_3:Prokka:FOM_3_117 (length 2506)
prokka_FOM_3/FOM_3:Prokka:FOM_3_118 (length 2603)
prokka_FOM_3/FOM_3:Prokka:FOM_3_119 (length 6243)
prokka_FOM_3/FOM_3:Prokka:FOM_3_120 (length 5488)
prokka_FOM_3/FOM_3:Prokka:FOM_3_121 (length 10301)
prokka_FOM_3/FOM_3:Prokka:FOM_3_122 (length 2249)
prokka_FOM_3/FOM_3:Prokka:FOM_3_123 (length 6233)
prokka_FOM_3/FOM_3:Prokka:FOM_3_124 (length 1262)
prokka_FOM_3/FOM_3:Prokka:FOM_3_125 (length 7932)
prokka_FOM_3/FOM_3:Prokka:FOM_3_126 (length 1815)
prokka_FOM_3/FOM_3:Prokka:FOM_3_127 (length 8399)
prokka_FOM_3/FOM_3:Prokka:FOM_3_128 (length 5375)
prokka_FOM_3/FOM_3:Prokka:FOM_3_129 (length 2196)
prokka_FOM_3/FOM_3:Prokka:FOM_3_130 (length 10632)
prokka_FOM_3/FOM_3:Prokka:FOM_3_131 (length 1892)
prokka_FOM_3/FOM_3:Prokka:FOM_3_132 (length 2329)
prokka_FOM_3/FOM_3:Prokka:FOM_3_133 (length 2142)
prokka_FOM_3/FOM_3:Prokka:FOM_3_134 (length 3811)
prokka_FOM_3/FOM_3:Prokka:FOM_3_135 (length 7648)
prokka_FOM_3/FOM_3:Prokka:FOM_3_136 (length 4652)
prokka_FOM_3/FOM_3:Prokka:FOM_3_137 (length 17663)
prokka_FOM_3/FOM_3:Prokka:FOM_3_138 (length 1282)
prokka_FOM_3/FOM_3:Prokka:FOM_3_139 (length 2580)
prokka_FOM_3/FOM_3:Prokka:FOM_3_140 (length 7271)
prokka_FOM_3/FOM_3:Prokka:FOM_3_141 (length 4312)
prokka_FOM_3/FOM_3:Prokka:FOM_3_142 (length 14006)
prokka_FOM_3/FOM_3:Prokka:FOM_3_143 (length 1613)
prokka_FOM_3/FOM_3:Prokka:FOM_3_144 (length 2842)
prokka_FOM_3/FOM_3:Prokka:FOM_3_145 (length 3052)
prokka_FOM_3/FOM_3:Prokka:FOM_3_146 (length 1691)
prokka_FOM_3/FOM_3:Prokka:FOM_3_147 (length 12166)
prokka_FOM_3/FOM_3:Prokka:FOM_3_148 (length 9748)
prokka_FOM_3/FOM_3:Prokka:FOM_3_149 (length 6649)
prokka_FOM_3/FOM_3:Prokka:FOM_3_150 (length 1136)
prokka_FOM_3/FOM_3:Prokka:FOM_3_151 (length 20175)
prokka_FOM_3/FOM_3:Prokka:FOM_3_152 (length 4840)
prokka_FOM_3/FOM_3:Prokka:FOM_3_153 (length 1354)
prokka_FOM_3/FOM_3:Prokka:FOM_3_154 (length 4969)
prokka_FOM_3/FOM_3:Prokka:FOM_3_155 (length 2627)
prokka_FOM_3/FOM_3:Prokka:FOM_3_156 (length 12922)
prokka_FOM_3/FOM_3:Prokka:FOM_3_157 (length 3784)
prokka_FOM_3/FOM_3:Prokka:FOM_3_158 (length 21549)
prokka_FOM_3/FOM_3:Prokka:FOM_3_159 (length 4842)
prokka_FOM_3/FOM_3:Prokka:FOM_3_160 (length 1747)
prokka_FOM_3/FOM_3:Prokka:FOM_3_161 (length 24924)
prokka_FOM_3/FOM_3:Prokka:FOM_3_162 (length 11098)
prokka_FOM_3/FOM_3:Prokka:FOM_3_163 (length 4523)
prokka_FOM_3/FOM_3:Prokka:FOM_3_164 (length 1232)
prokka_FOM_3/FOM_3:Prokka:FOM_3_165 (length 12145)
prokka_FOM_3/FOM_3:Prokka:FOM_3_166 (length 2173)
prokka_FOM_3/FOM_3:Prokka:FOM_3_167 (length 1824)
prokka_FOM_3/FOM_3:Prokka:FOM_3_168 (length 1068)
prokka_FOM_3/FOM_3:Prokka:FOM_3_169 (length 12386)
prokka_FOM_3/FOM_3:Prokka:FOM_3_170 (length 11460)
prokka_FOM_3/FOM_3:Prokka:FOM_3_171 (length 20943)
prokka_FOM_3/FOM_3:Prokka:FOM_3_172 (length 1103)
prokka_FOM_3/FOM_3:Prokka:FOM_3_173 (length 53776)
prokka_FOM_3/FOM_3:Prokka:FOM_3_174 (length 3147)
prokka_FOM_3/FOM_3:Prokka:FOM_3_175 (length 1226)
prokka_FOM_3/FOM_3:Prokka:FOM_3_176 (length 9659)
prokka_FOM_3/FOM_3:Prokka:FOM_3_177 (length 1856)

