2023-09-03 09:50:39 - MEGAHIT v1.2.9
2023-09-03 09:50:39 - Using megahit_core with POPCNT support
2023-09-03 09:50:39 - Convert reads to binary library
2023-09-03 09:50:39 - command /home/diego.franco/.conda/envs/anvio/bin/megahit_core_popcnt buildlib /mnt/qnap/users/diego.franco/tomato_metagenomics/assemblies/T1_ANT_assembly/tmp/reads.lib /mnt/qnap/users/diego.franco/tomato_metagenomics/assemblies/T1_ANT_assembly/tmp/reads.lib
2023-09-03 09:53:47 - b'INFO  sequence/io/sequence_lib.cpp  :   75 - Lib 0 (/mnt/qnap/users/diego.franco/tomato_metagenomics/raw_data/T1_ANT_R1.fastq.gz,/mnt/qnap/users/diego.franco/tomato_metagenomics/raw_data/T1_ANT_R2.fastq.gz): pe, 93085366 reads, 100 max length'
2023-09-03 09:53:51 - b'INFO  utils/utils.h                 :  152 - Real: 191.6867\tuser: 53.9912\tsys: 25.4498\tmaxrss: 231884'
2023-09-03 09:53:51 - k-max reset to: 119 
2023-09-03 09:53:51 - Start assembly. Number of CPU threads 160 
2023-09-03 09:53:51 - k list: 21,29,39,59,79,99,119 
2023-09-03 09:53:51 - Memory used: 631211914444
2023-09-03 09:53:51 - Extract solid (k+1)-mers for k = 21 
2023-09-03 09:53:51 - command /home/diego.franco/.conda/envs/anvio/bin/megahit_core_popcnt count -k 21 -m 2 --host_mem 631211914444 --mem_flag 1 --output_prefix /mnt/qnap/users/diego.franco/tomato_metagenomics/assemblies/T1_ANT_assembly/tmp/k21/21 --num_cpu_threads 160 --read_lib_file /mnt/qnap/users/diego.franco/tomato_metagenomics/assemblies/T1_ANT_assembly/tmp/reads.lib
2023-09-03 09:53:51 - b'INFO  sorting/base_engine.cpp       :  148 - Preparing data...'
2023-09-03 09:53:51 - b'INFO  sequence/io/sequence_lib.cpp  :  115 - Before reading, sizeof seq_package: 3071817088'
2023-09-03 09:53:56 - b'INFO  sequence/io/sequence_lib.cpp  :  117 - After reading, sizeof seq_package: 3071817088'
2023-09-03 09:53:56 - b'INFO  sorting/kmer_counter.cpp      :   76 - 93085366 reads, 100 max read length'
2023-09-03 09:53:56 - b'INFO  sorting/kmer_counter.cpp      :   82 - 2 words per substring, 2 words per edge'
2023-09-03 09:53:57 - b'INFO  sorting/base_engine.cpp       :  153 - Preparing data... Done. Time elapsed: 5.9688'
2023-09-03 09:53:57 - b'INFO  sorting/base_engine.cpp       :  156 - Preparing partitions and calculating bucket sizes...'
2023-09-03 09:53:58 - b'INFO  sorting/base_engine.cpp       :   80 - Minimum memory required: 4303660832 bytes'
2023-09-03 09:54:00 - b'INFO  sorting/base_engine.cpp       :  138 - Lv1 items: 980499188, Lv2 items: 53860320'
2023-09-03 09:54:00 - b'INFO  sorting/base_engine.cpp       :  139 - Memory of derived class: 3973109064, Memory for Lv1+Lv2: 4783761872'
2023-09-03 09:54:00 - b'INFO  sorting/base_engine.cpp       :  165 - Preparing partitions and calculating bucket sizes... Done. Time elapsed: 2.9298'
2023-09-03 09:54:00 - b'INFO  sorting/base_engine.cpp       :  172 - Start main loop...'
2023-09-03 09:54:00 - b'INFO  sorting/base_engine.cpp       :  185 - Lv1 scanning from bucket 0 to 133'
2023-09-03 09:54:01 - b'INFO  sorting/base_engine.cpp       :  192 - Lv1 scanning done. Large diff: 0. Time elapsed: 1.4301'
2023-09-03 09:54:02 - b'INFO  sorting/base_engine.cpp       :  198 - Lv1 fetching & sorting done. Time elapsed: 1.3234'
2023-09-03 09:54:02 - b'INFO  sorting/base_engine.cpp       :  185 - Lv1 scanning from bucket 133 to 640'
2023-09-03 09:54:04 - b'INFO  sorting/base_engine.cpp       :  192 - Lv1 scanning done. Large diff: 0. Time elapsed: 1.8186'
2023-09-03 09:54:06 - b'INFO  sorting/base_engine.cpp       :  198 - Lv1 fetching & sorting done. Time elapsed: 1.8896'
2023-09-03 09:54:06 - b'INFO  sorting/base_engine.cpp       :  185 - Lv1 scanning from bucket 640 to 1847'
2023-09-03 09:54:08 - b'INFO  sorting/base_engine.cpp       :  192 - Lv1 scanning done. Large diff: 0. Time elapsed: 1.5263'
2023-09-03 09:54:10 - b'INFO  sorting/base_engine.cpp       :  198 - Lv1 fetching & sorting done. Time elapsed: 2.4746'
2023-09-03 09:54:10 - b'INFO  sorting/base_engine.cpp       :  185 - Lv1 scanning from bucket 1847 to 4149'
2023-09-03 09:54:12 - b'INFO  sorting/base_engine.cpp       :  192 - Lv1 scanning done. Large diff: 0. Time elapsed: 1.8975'
2023-09-03 09:54:15 - b'INFO  sorting/base_engine.cpp       :  198 - Lv1 fetching & sorting done. Time elapsed: 3.0670'
2023-09-03 09:54:15 - b'INFO  sorting/base_engine.cpp       :  185 - Lv1 scanning from bucket 4149 to 7952'
2023-09-03 09:54:17 - b'INFO  sorting/base_engine.cpp       :  192 - Lv1 scanning done. Large diff: 0. Time elapsed: 2.4347'
2023-09-03 09:54:21 - b'INFO  sorting/base_engine.cpp       :  198 - Lv1 fetching & sorting done. Time elapsed: 3.5513'
2023-09-03 09:54:21 - b'INFO  sorting/base_engine.cpp       :  185 - Lv1 scanning from bucket 7952 to 13834'
2023-09-03 09:54:24 - b'INFO  sorting/base_engine.cpp       :  192 - Lv1 scanning done. Large diff: 0. Time elapsed: 3.4315'
2023-09-03 09:54:28 - b'INFO  sorting/base_engine.cpp       :  198 - Lv1 fetching & sorting done. Time elapsed: 3.7149'
2023-09-03 09:54:28 - b'INFO  sorting/base_engine.cpp       :  185 - Lv1 scanning from bucket 13834 to 23015'
2023-09-03 09:54:33 - b'INFO  sorting/base_engine.cpp       :  192 - Lv1 scanning done. Large diff: 0. Time elapsed: 4.6094'
2023-09-03 09:54:37 - b'INFO  sorting/base_engine.cpp       :  198 - Lv1 fetching & sorting done. Time elapsed: 3.8522'
2023-09-03 09:54:37 - b'INFO  sorting/base_engine.cpp       :  185 - Lv1 scanning from bucket 23015 to 38638'
2023-09-03 09:54:42 - b'INFO  sorting/base_engine.cpp       :  192 - Lv1 scanning done. Large diff: 0. Time elapsed: 5.8952'
2023-09-03 09:54:47 - b'INFO  sorting/base_engine.cpp       :  198 - Lv1 fetching & sorting done. Time elapsed: 4.0758'
2023-09-03 09:54:47 - b'INFO  sorting/base_engine.cpp       :  185 - Lv1 scanning from bucket 38638 to 65536'
2023-09-03 09:54:51 - b'INFO  sorting/base_engine.cpp       :  192 - Lv1 scanning done. Large diff: 0. Time elapsed: 4.8067'
2023-09-03 09:54:54 - b'INFO  sorting/base_engine.cpp       :  198 - Lv1 fetching & sorting done. Time elapsed: 2.8420'
2023-09-03 09:54:54 - b'INFO  sorting/base_engine.cpp       :  204 - Main loop done. Time elapsed: 54.6430'
2023-09-03 09:54:54 - b'INFO  sorting/base_engine.cpp       :  207 - Postprocessing...'
2023-09-03 09:54:55 - b'INFO  sorting/kmer_counter.cpp      :  405 - Total number of candidate reads: 1043325 (2527810)'
2023-09-03 09:54:55 - b'INFO  sorting/kmer_counter.cpp      :  407 - Total number of solid edges: 602979284'
2023-09-03 09:55:23 - b'INFO  sorting/base_engine.cpp       :  210 - Postprocess done. Time elapsed: 28.6165'
2023-09-03 09:55:23 - b'INFO  utils/utils.h                 :  152 - Real: 92.4445\tuser: 7206.1651\tsys: 46.5335\tmaxrss: 8052512'
2023-09-03 09:55:23 - Build graph for k = 21 
2023-09-03 09:55:23 - command /home/diego.franco/.conda/envs/anvio/bin/megahit_core_popcnt seq2sdbg --host_mem 631211914444 --mem_flag 1 --output_prefix /mnt/qnap/users/diego.franco/tomato_metagenomics/assemblies/T1_ANT_assembly/tmp/k21/21 --num_cpu_threads 160 -k 21 --kmer_from 0 --input_prefix /mnt/qnap/users/diego.franco/tomato_metagenomics/assemblies/T1_ANT_assembly/tmp/k21/21 --need_mercy
2023-09-03 09:55:23 - b'INFO  sorting/base_engine.cpp       :  148 - Preparing data...'
2023-09-03 09:55:23 - b'INFO  sorting/seq_to_sdbg.cpp       :  369 - Number edges: 602979284'
2023-09-03 09:55:23 - b'INFO  sorting/seq_to_sdbg.cpp       :  413 - Bases to reserve: 16581930310, number contigs: 0, number multiplicity: 753724105'
2023-09-03 09:55:23 - b'INFO  sorting/seq_to_sdbg.cpp       :  421 - Before reading, sizeof seq_package: 4145482588, multiplicity vector: 753724105'
2023-09-03 09:55:48 - b'INFO  sorting/seq_to_sdbg.cpp       :  428 - Read 602979284 edges.'
2023-09-03 09:55:48 - b'INFO  sorting/seq_to_sdbg.cpp       :  429 - After reading, sizeof seq_package: 4145482588/602979284/13265544248, multiplicity vector: 602979284/753724105'
2023-09-03 09:55:48 - b'INFO  sorting/seq_to_sdbg.cpp       :  440 - Adding mercy edges...'
2023-09-03 09:55:49 - b'INFO  sorting/seq_to_sdbg.cpp       :  191 - Read 65536 reads to search for mercy k-mers'
2023-09-03 09:55:51 - b'INFO  sorting/seq_to_sdbg.cpp       :  191 - Read 65536 reads to search for mercy k-mers'
2023-09-03 09:55:53 - b'INFO  sorting/seq_to_sdbg.cpp       :  191 - Read 65536 reads to search for mercy k-mers'
2023-09-03 09:55:55 - b'INFO  sorting/seq_to_sdbg.cpp       :  191 - Read 65536 reads to search for mercy k-mers'
2023-09-03 09:55:56 - b'INFO  sorting/seq_to_sdbg.cpp       :  191 - Read 65536 reads to search for mercy k-mers'
2023-09-03 09:55:58 - b'INFO  sorting/seq_to_sdbg.cpp       :  191 - Read 65536 reads to search for mercy k-mers'
2023-09-03 09:55:59 - b'INFO  sorting/seq_to_sdbg.cpp       :  191 - Read 65536 reads to search for mercy k-mers'
2023-09-03 09:56:01 - b'INFO  sorting/seq_to_sdbg.cpp       :  191 - Read 65536 reads to search for mercy k-mers'
2023-09-03 09:56:02 - b'INFO  sorting/seq_to_sdbg.cpp       :  191 - Read 65536 reads to search for mercy k-mers'
2023-09-03 09:56:04 - b'INFO  sorting/seq_to_sdbg.cpp       :  191 - Read 65536 reads to search for mercy k-mers'
2023-09-03 09:56:08 - b'INFO  sorting/seq_to_sdbg.cpp       :  191 - Read 65536 reads to search for mercy k-mers'
2023-09-03 09:56:09 - b'INFO  sorting/seq_to_sdbg.cpp       :  191 - Read 65536 reads to search for mercy k-mers'
2023-09-03 09:56:11 - b'INFO  sorting/seq_to_sdbg.cpp       :  191 - Read 65536 reads to search for mercy k-mers'
2023-09-03 09:56:12 - b'INFO  sorting/seq_to_sdbg.cpp       :  191 - Read 65536 reads to search for mercy k-mers'
2023-09-03 09:56:14 - b'INFO  sorting/seq_to_sdbg.cpp       :  191 - Read 65536 reads to search for mercy k-mers'
2023-09-03 09:56:15 - b'INFO  sorting/seq_to_sdbg.cpp       :  191 - Read 60285 reads to search for mercy k-mers'
2023-09-03 09:56:17 - b'INFO  sorting/seq_to_sdbg.cpp       :  355 - Number of reads: 1043325, Number of mercy edges: 8014733'
2023-09-03 09:56:17 - b'INFO  sorting/seq_to_sdbg.cpp       :  444 - Done. Time elapsed: 29.0808'
2023-09-03 09:56:17 - b'INFO  sorting/seq_to_sdbg.cpp       :  445 - After adding mercy, sizeof seq_package: 4145482588/610994017/13441868374, multiplicity vector: 610994017/753724105'
2023-09-03 09:56:17 - b'INFO  sorting/seq_to_sdbg.cpp       :  506 - Finally, sizeof seq_package: 4145482588/610994017/13441868374, multiplicity vector: 610994017/753724105'
2023-09-03 09:56:17 - b'INFO  sorting/base_engine.cpp       :  153 - Preparing data... Done. Time elapsed: 53.8165'
2023-09-03 09:56:17 - b'INFO  sorting/base_engine.cpp       :  156 - Preparing partitions and calculating bucket sizes...'
2023-09-03 09:56:17 - b'INFO  sorting/base_engine.cpp       :   80 - Minimum memory required: 5892191450 bytes'
2023-09-03 09:56:18 - b'INFO  sorting/base_engine.cpp       :  138 - Lv1 items: 488795213, Lv2 items: 26850240'
2023-09-03 09:56:18 - b'INFO  sorting/base_engine.cpp       :  139 - Memory of derived class: 5757945422, Memory for Lv1+Lv2: 2169982772'
2023-09-03 09:56:18 - b'INFO  sorting/base_engine.cpp       :  165 - Preparing partitions and calculating bucket sizes... Done. Time elapsed: 1.0571'
2023-09-03 09:56:18 - b'INFO  sorting/base_engine.cpp       :  172 - Start main loop...'
2023-09-03 09:56:18 - b'INFO  sorting/base_engine.cpp       :  185 - Lv1 scanning from bucket 0 to 551'
2023-09-03 09:56:18 - b'INFO  sorting/base_engine.cpp       :  192 - Lv1 scanning done. Large diff: 0. Time elapsed: 0.2578'
2023-09-03 09:56:20 - b'INFO  sorting/base_engine.cpp       :  198 - Lv1 fetching & sorting done. Time elapsed: 1.8337'
2023-09-03 09:56:20 - b'INFO  sorting/base_engine.cpp       :  185 - Lv1 scanning from bucket 551 to 2221'
2023-09-03 09:56:20 - b'INFO  sorting/base_engine.cpp       :  192 - Lv1 scanning done. Large diff: 0. Time elapsed: 0.3097'
2023-09-03 09:56:26 - b'INFO  sorting/base_engine.cpp       :  198 - Lv1 fetching & sorting done. Time elapsed: 5.8155'
2023-09-03 09:56:26 - b'INFO  sorting/base_engine.cpp       :  185 - Lv1 scanning from bucket 2221 to 4980'
2023-09-03 09:56:27 - b'INFO  sorting/base_engine.cpp       :  192 - Lv1 scanning done. Large diff: 0. Time elapsed: 0.3469'
2023-09-03 09:56:28 - b'INFO  sorting/base_engine.cpp       :  198 - Lv1 fetching & sorting done. Time elapsed: 1.4702'
2023-09-03 09:56:28 - b'INFO  sorting/base_engine.cpp       :  185 - Lv1 scanning from bucket 4980 to 9103'
2023-09-03 09:56:28 - b'INFO  sorting/base_engine.cpp       :  192 - Lv1 scanning done. Large diff: 0. Time elapsed: 0.3616'
2023-09-03 09:56:30 - b'INFO  sorting/base_engine.cpp       :  198 - Lv1 fetching & sorting done. Time elapsed: 1.4438'
2023-09-03 09:56:30 - b'INFO  sorting/base_engine.cpp       :  185 - Lv1 scanning from bucket 9103 to 14917'
2023-09-03 09:56:30 - b'INFO  sorting/base_engine.cpp       :  192 - Lv1 scanning done. Large diff: 0. Time elapsed: 0.4411'
2023-09-03 09:56:42 - b'INFO  sorting/base_engine.cpp       :  198 - Lv1 fetching & sorting done. Time elapsed: 11.9631'
2023-09-03 09:56:42 - b'INFO  sorting/base_engine.cpp       :  185 - Lv1 scanning from bucket 14917 to 23461'
2023-09-03 09:56:43 - b'INFO  sorting/base_engine.cpp       :  192 - Lv1 scanning done. Large diff: 0. Time elapsed: 0.6203'
2023-09-03 09:56:44 - b'INFO  sorting/base_engine.cpp       :  198 - Lv1 fetching & sorting done. Time elapsed: 1.3507'
2023-09-03 09:56:44 - b'INFO  sorting/base_engine.cpp       :  185 - Lv1 scanning from bucket 23461 to 37794'
2023-09-03 09:56:45 - b'INFO  sorting/base_engine.cpp       :  192 - Lv1 scanning done. Large diff: 0. Time elapsed: 0.8977'
2023-09-03 09:56:46 - b'INFO  sorting/base_engine.cpp       :  198 - Lv1 fetching & sorting done. Time elapsed: 1.2951'
2023-09-03 09:56:46 - b'INFO  sorting/base_engine.cpp       :  185 - Lv1 scanning from bucket 37794 to 65536'
2023-09-03 09:56:47 - b'INFO  sorting/base_engine.cpp       :  192 - Lv1 scanning done. Large diff: 0. Time elapsed: 1.0239'
2023-09-03 09:56:48 - b'INFO  sorting/base_engine.cpp       :  198 - Lv1 fetching & sorting done. Time elapsed: 0.9672'
2023-09-03 09:56:48 - b'INFO  sorting/base_engine.cpp       :  204 - Main loop done. Time elapsed: 30.4002'
2023-09-03 09:56:48 - b'INFO  sorting/base_engine.cpp       :  207 - Postprocessing...'
2023-09-03 09:57:09 - b'INFO  sorting/seq_to_sdbg.cpp       :  793 - Number of $ A C G T A- C- G- T-:'
2023-09-03 09:57:09 - b'INFO  sorting/seq_to_sdbg.cpp       :  794 - 2662262 391117531 204216464 204478709 391468390 11238907 5447998 5470583 11209679'
2023-09-03 09:57:09 - b'INFO  sorting/seq_to_sdbg.cpp       :  800 - Total number of edges: 1227310523'
2023-09-03 09:57:09 - b'INFO  sorting/seq_to_sdbg.cpp       :  801 - Total number of ONEs: 1191281094'
2023-09-03 09:57:09 - b'INFO  sorting/seq_to_sdbg.cpp       :  802 - Total number of $v edges: 2662262'
2023-09-03 09:57:09 - b'INFO  sorting/base_engine.cpp       :  210 - Postprocess done. Time elapsed: 20.5879'
2023-09-03 09:57:09 - b'INFO  utils/utils.h                 :  152 - Real: 106.2161\tuser: 6203.1475\tsys: 87.3534\tmaxrss: 6955660'
2023-09-03 09:57:10 - Assemble contigs from SdBG for k = 21
2023-09-03 09:57:10 - command /home/diego.franco/.conda/envs/anvio/bin/megahit_core_popcnt assemble -s /mnt/qnap/users/diego.franco/tomato_metagenomics/assemblies/T1_ANT_assembly/tmp/k21/21 -o /mnt/qnap/users/diego.franco/tomato_metagenomics/assemblies/T1_ANT_assembly/intermediate_contigs/k21 -t 160 --min_standalone 1000 --prune_level 2 --merge_len 20 --merge_similar 0.95 --cleaning_rounds 5 --disconnect_ratio 0.1 --low_local_ratio 0.2 --cleaning_rounds 5 --min_depth 2 --bubble_level 2 --max_tip_len -1 --careful_bubble
2023-09-03 09:57:26 - b'INFO  main_assemble.cpp             :  129 - Loading succinct de Bruijn graph: /mnt/qnap/users/diego.franco/tomato_metagenomics/assemblies/T1_ANT_assembly/tmp/k21/21Done. Time elapsed: 15.793709'
2023-09-03 09:57:26 - b'INFO  main_assemble.cpp             :  133 - Number of Edges: 1227310523; K value: 21'
2023-09-03 09:57:26 - b'INFO  main_assemble.cpp             :  140 - Number of CPU threads: 160'
2023-09-03 09:57:29 - b'INFO  assembly/sdbg_pruning.cpp     :  160 - Removing tips with length less than 2; Accumulated tips removed: 624706; time elapsed: 0.3945'
2023-09-03 09:57:30 - b'INFO  assembly/sdbg_pruning.cpp     :  160 - Removing tips with length less than 4; Accumulated tips removed: 1258564; time elapsed: 0.6204'
2023-09-03 09:57:31 - b'INFO  assembly/sdbg_pruning.cpp     :  160 - Removing tips with length less than 8; Accumulated tips removed: 1907466; time elapsed: 1.0260'
2023-09-03 09:57:32 - b'INFO  assembly/sdbg_pruning.cpp     :  160 - Removing tips with length less than 16; Accumulated tips removed: 2567043; time elapsed: 1.4499'
2023-09-03 09:57:34 - b'INFO  assembly/sdbg_pruning.cpp     :  160 - Removing tips with length less than 32; Accumulated tips removed: 2993651; time elapsed: 1.7697'
2023-09-03 09:57:35 - b'INFO  assembly/sdbg_pruning.cpp     :  169 - Removing tips with length less than 42; Accumulated tips removed: 3070864; time elapsed: 1.5755'
2023-09-03 09:57:35 - b'INFO  main_assemble.cpp             :  158 - Tips removal done! Time elapsed(sec): 9.182'
2023-09-03 10:01:03 - b'INFO  assembly/unitig_graph.cpp     :   83 - Graph size without loops: 38659470, palindrome: 1983'
2023-09-03 10:01:16 - b'INFO  main_assemble.cpp             :  166 - unitig graph size: 38659580, time for building: 220.189'
2023-09-03 10:05:21 - b'INFO  assembly/contig_stat.h        :   40 - Max: 5457, Min: 22, N50: 36, number contigs: 38659580, number isolated: 38861, number looped: 110, total size: 1410661923,'
2023-09-03 10:05:21 - b'INFO  main_assemble.cpp             :  184 - Graph cleaning round 1'
2023-09-03 10:05:34 - b'INFO  main_assemble.cpp             :  200 - Number of bubbles removed: 193348, Time elapsed(sec): 12.798'
2023-09-03 10:05:43 - b'INFO  main_assemble.cpp             :  210 - Number of complex bubbles removed: 42358, Time elapsed(sec): 9.271215'
2023-09-03 10:06:12 - b'INFO  main_assemble.cpp             :  221 - Number unitigs disconnected: 6803579, time: 29.278'
2023-09-03 10:06:17 - b'INFO  main_assemble.cpp             :  245 - Unitigs removed in excessive pruning: 1195, time: 4.374'
2023-09-03 10:06:17 - b'INFO  main_assemble.cpp             :  184 - Graph cleaning round 2'
2023-09-03 10:06:49 - b'INFO  main_assemble.cpp             :  192 - Tips removed: 946164, time: 32.582'
2023-09-03 10:06:56 - b'INFO  main_assemble.cpp             :  200 - Number of bubbles removed: 7270, Time elapsed(sec): 7.085'
2023-09-03 10:07:04 - b'INFO  main_assemble.cpp             :  210 - Number of complex bubbles removed: 1222, Time elapsed(sec): 7.766114'
2023-09-03 10:07:10 - b'INFO  main_assemble.cpp             :  221 - Number unitigs disconnected: 19921, time: 5.634'
2023-09-03 10:07:14 - b'INFO  main_assemble.cpp             :  245 - Unitigs removed in excessive pruning: 8, time: 4.162'
2023-09-03 10:07:14 - b'INFO  main_assemble.cpp             :  184 - Graph cleaning round 3'
2023-09-03 10:07:36 - b'INFO  main_assemble.cpp             :  192 - Tips removed: 2397, time: 22.519'
2023-09-03 10:07:43 - b'INFO  main_assemble.cpp             :  200 - Number of bubbles removed: 26, Time elapsed(sec): 6.910'
2023-09-03 10:07:51 - b'INFO  main_assemble.cpp             :  210 - Number of complex bubbles removed: 1, Time elapsed(sec): 7.458279'
2023-09-03 10:07:56 - b'INFO  main_assemble.cpp             :  221 - Number unitigs disconnected: 350, time: 5.521'
2023-09-03 10:07:57 - b'INFO  main_assemble.cpp             :  245 - Unitigs removed in excessive pruning: 0, time: 1.215'
2023-09-03 10:07:57 - b'INFO  main_assemble.cpp             :  184 - Graph cleaning round 4'
2023-09-03 10:08:19 - b'INFO  main_assemble.cpp             :  192 - Tips removed: 43, time: 21.678'
2023-09-03 10:08:25 - b'INFO  main_assemble.cpp             :  200 - Number of bubbles removed: 0, Time elapsed(sec): 6.110'
2023-09-03 10:08:32 - b'INFO  main_assemble.cpp             :  210 - Number of complex bubbles removed: 0, Time elapsed(sec): 7.142013'
2023-09-03 10:08:38 - b'INFO  main_assemble.cpp             :  221 - Number unitigs disconnected: 115, time: 5.470'
2023-09-03 10:08:39 - b'INFO  main_assemble.cpp             :  245 - Unitigs removed in excessive pruning: 0, time: 1.224'
2023-09-03 10:08:39 - b'INFO  main_assemble.cpp             :  184 - Graph cleaning round 5'
2023-09-03 10:08:59 - b'INFO  main_assemble.cpp             :  192 - Tips removed: 2, time: 20.436'
2023-09-03 10:09:06 - b'INFO  main_assemble.cpp             :  200 - Number of bubbles removed: 0, Time elapsed(sec): 6.234'
2023-09-03 10:09:13 - b'INFO  main_assemble.cpp             :  210 - Number of complex bubbles removed: 0, Time elapsed(sec): 7.070837'
2023-09-03 10:09:18 - b'INFO  main_assemble.cpp             :  221 - Number unitigs disconnected: 105, time: 4.971'
2023-09-03 10:09:19 - b'INFO  main_assemble.cpp             :  245 - Unitigs removed in excessive pruning: 0, time: 1.233'
2023-09-03 10:12:58 - b'INFO  assembly/contig_stat.h        :   40 - Max: 28230, Min: 22, N50: 39, number contigs: 33063808, number isolated: 128982, number looped: 73, total size: 1267575523,'
2023-09-03 10:14:54 - b'INFO  main_assemble.cpp             :  267 - Time to output: 116.061165'
2023-09-03 10:21:41 - b'INFO  main_assemble.cpp             :  286 - Number of local low depth unitigs removed: 875085, complex bubbles removed: 2881, time: 407.577525'
2023-09-03 10:25:14 - b'INFO  assembly/contig_stat.h        :   40 - Max: 28230, Min: 22, N50: 40, number contigs: 30961366, number isolated: 145523, number looped: 75, total size: 1211161207,'
2023-09-03 10:26:02 - b'INFO  utils/utils.h                 :  152 - Real: 1731.2649\tuser: 192720.0953\tsys: 2085.9098\tmaxrss: 5195540'
2023-09-03 10:26:03 - Local assembly for k = 21
2023-09-03 10:26:03 - command /home/diego.franco/.conda/envs/anvio/bin/megahit_core_popcnt local -c /mnt/qnap/users/diego.franco/tomato_metagenomics/assemblies/T1_ANT_assembly/intermediate_contigs/k21.contigs.fa -l /mnt/qnap/users/diego.franco/tomato_metagenomics/assemblies/T1_ANT_assembly/tmp/reads.lib -t 160 -o /mnt/qnap/users/diego.franco/tomato_metagenomics/assemblies/T1_ANT_assembly/intermediate_contigs/k21.local.fa --kmax 29
2023-09-03 10:27:21 - b'INFO  localasm/hash_mapper.cpp      :   99 - Number of contigs: 378916, index size: 17236834'
2023-09-03 10:27:21 - b'INFO  localasm/local_assemble.cpp   :  315 - Hash mapper construction time elapsed: 77.995845'
2023-09-03 10:27:21 - b'INFO  sequence/io/sequence_lib.cpp  :  115 - Before reading, sizeof seq_package: 3071817088'
2023-09-03 10:27:26 - b'INFO  sequence/io/sequence_lib.cpp  :  117 - After reading, sizeof seq_package: 3071817088'
2023-09-03 10:27:26 - b'INFO  localasm/local_assemble.cpp   :  324 - Read lib time elapsed: 4.909908'
2023-09-03 10:27:28 - b'INFO  localasm/local_assemble.cpp   :  133 - Lib 0, insert size: 309.00 sd: 74.92'
2023-09-03 10:27:28 - b'INFO  localasm/local_assemble.cpp   :  330 - Insert size estimation time elapsed: 1.902232'
2023-09-03 10:27:36 - b'INFO  localasm/local_assemble.cpp   :  218 - Lib 0: total 93085366 reads, aligned 25094519, added 9404769 reads to local assembly'
2023-09-03 10:27:36 - b'INFO  localasm/local_assemble.cpp   :  338 - Mapping time elapsed: 8.158295'
2023-09-03 10:27:36 - b'INFO  localasm/local_assemble.cpp   :  232 - Minimum number of reads to do local assembly: 5'
2023-09-03 10:27:48 - b'INFO  localasm/local_assemble.cpp   :  346 - Local assembly time elapsed: 11.910269'
2023-09-03 10:27:48 - b'INFO  utils/utils.h                 :  152 - Real: 105.0984\tuser: 11141.8451\tsys: 92.4442\tmaxrss: 3599276'
2023-09-03 10:27:48 - Extract iterative edges from k = 21 to 29 
2023-09-03 10:27:48 - command /home/diego.franco/.conda/envs/anvio/bin/megahit_core_popcnt iterate -c /mnt/qnap/users/diego.franco/tomato_metagenomics/assemblies/T1_ANT_assembly/intermediate_contigs/k21.contigs.fa -b /mnt/qnap/users/diego.franco/tomato_metagenomics/assemblies/T1_ANT_assembly/intermediate_contigs/k21.bubble_seq.fa -t 160 -k 21 -s 8 -o /mnt/qnap/users/diego.franco/tomato_metagenomics/assemblies/T1_ANT_assembly/tmp/k29/29 -r /mnt/qnap/users/diego.franco/tomato_metagenomics/assemblies/T1_ANT_assembly/tmp/reads.lib.bin
2023-09-03 10:27:48 - b'INFO  main_iterate.cpp              :  190 - Selected kmer type size for k: 8'
2023-09-03 10:27:49 - b'INFO  main_iterate.cpp              :  174 - Read 4194304 contigs'
2023-09-03 10:28:22 - b'INFO  main_iterate.cpp              :  176 - Number of flank kmers: 7370947'
2023-09-03 10:28:22 - b'INFO  main_iterate.cpp              :  174 - Read 4194304 contigs'
2023-09-03 10:28:56 - b'INFO  main_iterate.cpp              :  176 - Number of flank kmers: 14729883'
2023-09-03 10:28:56 - b'INFO  main_iterate.cpp              :  174 - Read 4194304 contigs'
2023-09-03 10:29:31 - b'INFO  main_iterate.cpp              :  176 - Number of flank kmers: 22076882'
2023-09-03 10:29:31 - b'INFO  main_iterate.cpp              :  174 - Read 4194304 contigs'
2023-09-03 10:30:04 - b'INFO  main_iterate.cpp              :  176 - Number of flank kmers: 29416681'
2023-09-03 10:30:04 - b'INFO  main_iterate.cpp              :  174 - Read 4194304 contigs'
2023-09-03 10:30:38 - b'INFO  main_iterate.cpp              :  176 - Number of flank kmers: 36747555'
2023-09-03 10:30:38 - b'INFO  main_iterate.cpp              :  174 - Read 4194304 contigs'
2023-09-03 10:31:13 - b'INFO  main_iterate.cpp              :  176 - Number of flank kmers: 44070659'
2023-09-03 10:31:13 - b'INFO  main_iterate.cpp              :  174 - Read 4194304 contigs'
2023-09-03 10:31:45 - b'INFO  main_iterate.cpp              :  176 - Number of flank kmers: 51404467'
2023-09-03 10:31:45 - b'INFO  main_iterate.cpp              :  174 - Read 3574698 contigs'
2023-09-03 10:32:13 - b'INFO  main_iterate.cpp              :  176 - Number of flank kmers: 57682950'
2023-09-03 10:32:13 - b'INFO  main_iterate.cpp              :  174 - Read 630826 contigs'
2023-09-03 10:32:18 - b'INFO  main_iterate.cpp              :  176 - Number of flank kmers: 58545611'
2023-09-03 10:32:18 - b'INFO  main_iterate.cpp              :  123 - Selected kmer type size for next k: 8'
2023-09-03 10:32:35 - b'INFO  main_iterate.cpp              :  138 - Processed: 4194304, aligned: 2958572. Iterative edges: 50359542'
2023-09-03 10:32:45 - b'INFO  main_iterate.cpp              :  138 - Processed: 8388608, aligned: 5913598. Iterative edges: 83587924'
2023-09-03 10:32:48 - b'INFO  main_iterate.cpp              :  138 - Processed: 12582912, aligned: 8877859. Iterative edges: 108013149'
2023-09-03 10:32:56 - b'INFO  main_iterate.cpp              :  138 - Processed: 16777216, aligned: 11841361. Iterative edges: 126225220'
2023-09-03 10:33:00 - b'INFO  main_iterate.cpp              :  138 - Processed: 20971520, aligned: 14799661. Iterative edges: 140007731'
2023-09-03 10:33:03 - b'INFO  main_iterate.cpp              :  138 - Processed: 25165824, aligned: 17762194. Iterative edges: 150648710'
2023-09-03 10:33:07 - b'INFO  main_iterate.cpp              :  138 - Processed: 29360128, aligned: 20722155. Iterative edges: 158926286'
2023-09-03 10:33:10 - b'INFO  main_iterate.cpp              :  138 - Processed: 33554432, aligned: 23675039. Iterative edges: 165424024'
2023-09-03 10:33:14 - b'INFO  main_iterate.cpp              :  138 - Processed: 37748736, aligned: 26596023. Iterative edges: 170507069'
2023-09-03 10:33:17 - b'INFO  main_iterate.cpp              :  138 - Processed: 41943040, aligned: 29604370. Iterative edges: 174940894'
2023-09-03 10:33:20 - b'INFO  main_iterate.cpp              :  138 - Processed: 46137344, aligned: 32670088. Iterative edges: 178662214'
2023-09-03 10:33:24 - b'INFO  main_iterate.cpp              :  138 - Processed: 50331648, aligned: 35739360. Iterative edges: 181574729'
2023-09-03 10:33:27 - b'INFO  main_iterate.cpp              :  138 - Processed: 54525952, aligned: 38807602. Iterative edges: 183848224'
2023-09-03 10:33:31 - b'INFO  main_iterate.cpp              :  138 - Processed: 58720256, aligned: 41874377. Iterative edges: 185646260'
2023-09-03 10:33:35 - b'INFO  main_iterate.cpp              :  138 - Processed: 62914560, aligned: 44943789. Iterative edges: 187065105'
2023-09-03 10:33:39 - b'INFO  main_iterate.cpp              :  138 - Processed: 67108864, aligned: 48009434. Iterative edges: 188191581'
2023-09-03 10:33:43 - b'INFO  main_iterate.cpp              :  138 - Processed: 71303168, aligned: 51077435. Iterative edges: 189090970'
2023-09-03 10:33:46 - b'INFO  main_iterate.cpp              :  138 - Processed: 75497472, aligned: 54143241. Iterative edges: 189809827'
2023-09-03 10:33:50 - b'INFO  main_iterate.cpp              :  138 - Processed: 79691776, aligned: 57217000. Iterative edges: 190383499'
2023-09-03 10:33:53 - b'INFO  main_iterate.cpp              :  138 - Processed: 83886080, aligned: 60286540. Iterative edges: 190840643'
2023-09-03 10:33:57 - b'INFO  main_iterate.cpp              :  138 - Processed: 88080384, aligned: 63360524. Iterative edges: 191209821'
2023-09-03 10:34:01 - b'INFO  main_iterate.cpp              :  138 - Processed: 92274688, aligned: 66430561. Iterative edges: 191499686'
2023-09-03 10:34:02 - b'INFO  main_iterate.cpp              :  138 - Processed: 93085366, aligned: 67022801. Iterative edges: 191548254'
2023-09-03 10:34:19 - b'INFO  main_iterate.cpp              :  142 - Total: 93085366, aligned: 67022801. Iterative edges: 191548254'
2023-09-03 10:34:38 - b'INFO  utils/utils.h                 :  152 - Real: 409.8157\tuser: 43053.6989\tsys: 235.7278\tmaxrss: 6934528'
2023-09-03 10:34:38 - Build graph for k = 29 
2023-09-03 10:34:38 - command /home/diego.franco/.conda/envs/anvio/bin/megahit_core_popcnt seq2sdbg --host_mem 631211914444 --mem_flag 1 --output_prefix /mnt/qnap/users/diego.franco/tomato_metagenomics/assemblies/T1_ANT_assembly/tmp/k29/29 --num_cpu_threads 160 -k 29 --kmer_from 21 --input_prefix /mnt/qnap/users/diego.franco/tomato_metagenomics/assemblies/T1_ANT_assembly/tmp/k29/29 --addi_contig /mnt/qnap/users/diego.franco/tomato_metagenomics/assemblies/T1_ANT_assembly/intermediate_contigs/k21.addi.fa --local_contig /mnt/qnap/users/diego.franco/tomato_metagenomics/assemblies/T1_ANT_assembly/intermediate_contigs/k21.local.fa --contig /mnt/qnap/users/diego.franco/tomato_metagenomics/assemblies/T1_ANT_assembly/intermediate_contigs/k21.contigs.fa --bubble /mnt/qnap/users/diego.franco/tomato_metagenomics/assemblies/T1_ANT_assembly/intermediate_contigs/k21.bubble_seq.fa
2023-09-03 10:34:38 - b'INFO  sorting/base_engine.cpp       :  148 - Preparing data...'
2023-09-03 10:34:38 - b'INFO  sorting/seq_to_sdbg.cpp       :  369 - Number edges: 191548254'
2023-09-03 10:34:38 - b'INFO  sorting/seq_to_sdbg.cpp       :  413 - Bases to reserve: 7081317322, number contigs: 35503255, number multiplicity: 227051509'
2023-09-03 10:34:38 - b'INFO  sorting/seq_to_sdbg.cpp       :  421 - Before reading, sizeof seq_package: 2054355380, multiplicity vector: 227051509'
2023-09-03 10:34:43 - b'INFO  sorting/seq_to_sdbg.cpp       :  428 - Read 191548254 edges.'
2023-09-03 10:34:43 - b'INFO  sorting/seq_to_sdbg.cpp       :  429 - After reading, sizeof seq_package: 2054355380/191548254/5746447620, multiplicity vector: 191548254/227051509'
2023-09-03 10:34:50 - b'INFO  sorting/seq_to_sdbg.cpp       :  458 - Read 11699561 contigs from /mnt/qnap/users/diego.franco/tomato_metagenomics/assemblies/T1_ANT_assembly/intermediate_contigs/k21.contigs.fa.'
2023-09-03 10:34:50 - b'INFO  sorting/seq_to_sdbg.cpp       :  459 - After reading contigs, sizeof seq_package: 2054355380/203247815/6506589211, multiplicity vector: 203247815/227051509'
2023-09-03 10:34:50 - b'INFO  sorting/seq_to_sdbg.cpp       :  470 - Read 501241 contigs from /mnt/qnap/users/diego.franco/tomato_metagenomics/assemblies/T1_ANT_assembly/intermediate_contigs/k21.bubble_seq.fa.'
2023-09-03 10:34:50 - b'INFO  sorting/seq_to_sdbg.cpp       :  471 - After reading contigs, sizeof seq_package: 2054355380/203749056/6550709550, multiplicity vector: 203749056/227051509'
2023-09-03 10:34:51 - b'INFO  sorting/seq_to_sdbg.cpp       :  484 - Read 426272 contigs from /mnt/qnap/users/diego.franco/tomato_metagenomics/assemblies/T1_ANT_assembly/intermediate_contigs/k21.addi.fa.'
2023-09-03 10:34:51 - b'INFO  sorting/seq_to_sdbg.cpp       :  485 - After reading contigs, sizeof seq_package: 2054355380/204175328/6571844811, multiplicity vector: 204175328/227051509'
2023-09-03 10:34:52 - b'INFO  sorting/seq_to_sdbg.cpp       :  498 - Read 747106 contigs from /mnt/qnap/users/diego.franco/tomato_metagenomics/assemblies/T1_ANT_assembly/intermediate_contigs/k21.local.fa.'
2023-09-03 10:34:52 - b'INFO  sorting/seq_to_sdbg.cpp       :  499 - After reading contigs, sizeof seq_package: 2054355380/204922434/6933542341, multiplicity vector: 204922434/227051509'
2023-09-03 10:34:52 - b'INFO  sorting/seq_to_sdbg.cpp       :  506 - Finally, sizeof seq_package: 2054355380/204922434/6933542341, multiplicity vector: 204922434/227051509'
2023-09-03 10:34:52 - b'INFO  sorting/base_engine.cpp       :  153 - Preparing data... Done. Time elapsed: 13.5913'
2023-09-03 10:34:52 - b'INFO  sorting/base_engine.cpp       :  156 - Preparing partitions and calculating bucket sizes...'
2023-09-03 10:34:53 - b'INFO  sorting/base_engine.cpp       :   80 - Minimum memory required: 2676799418 bytes'
2023-09-03 10:34:54 - b'INFO  sorting/base_engine.cpp       :  138 - Lv1 items: 373503099, Lv2 items: 20517120'
2023-09-03 10:34:54 - b'INFO  sorting/base_engine.cpp       :  139 - Memory of derived class: 2562626726, Memory for Lv1+Lv2: 1740217836'
2023-09-03 10:34:54 - b'INFO  sorting/base_engine.cpp       :  165 - Preparing partitions and calculating bucket sizes... Done. Time elapsed: 2.2270'
2023-09-03 10:34:54 - b'INFO  sorting/base_engine.cpp       :  172 - Start main loop...'
2023-09-03 10:34:54 - b'INFO  sorting/base_engine.cpp       :  185 - Lv1 scanning from bucket 0 to 202'
2023-09-03 10:34:56 - b'INFO  sorting/base_engine.cpp       :  192 - Lv1 scanning done. Large diff: 0. Time elapsed: 2.3404'
2023-09-03 10:34:57 - b'INFO  sorting/base_engine.cpp       :  198 - Lv1 fetching & sorting done. Time elapsed: 1.2230'
2023-09-03 10:34:57 - b'INFO  sorting/base_engine.cpp       :  185 - Lv1 scanning from bucket 202 to 1140'
2023-09-03 10:35:01 - b'INFO  sorting/base_engine.cpp       :  192 - Lv1 scanning done. Large diff: 0. Time elapsed: 3.0790'
2023-09-03 10:35:03 - b'INFO  sorting/base_engine.cpp       :  198 - Lv1 fetching & sorting done. Time elapsed: 2.3198'
2023-09-03 10:35:03 - b'INFO  sorting/base_engine.cpp       :  185 - Lv1 scanning from bucket 1140 to 3145'
2023-09-03 10:35:07 - b'INFO  sorting/base_engine.cpp       :  192 - Lv1 scanning done. Large diff: 0. Time elapsed: 3.7915'
2023-09-03 10:35:10 - b'INFO  sorting/base_engine.cpp       :  198 - Lv1 fetching & sorting done. Time elapsed: 3.1879'
2023-09-03 10:35:10 - b'INFO  sorting/base_engine.cpp       :  185 - Lv1 scanning from bucket 3145 to 6366'
2023-09-03 10:35:15 - b'INFO  sorting/base_engine.cpp       :  192 - Lv1 scanning done. Large diff: 0. Time elapsed: 5.3577'
2023-09-03 10:35:21 - b'INFO  sorting/base_engine.cpp       :  198 - Lv1 fetching & sorting done. Time elapsed: 6.1455'
2023-09-03 10:35:21 - b'INFO  sorting/base_engine.cpp       :  185 - Lv1 scanning from bucket 6366 to 11111'
2023-09-03 10:35:27 - b'INFO  sorting/base_engine.cpp       :  192 - Lv1 scanning done. Large diff: 0. Time elapsed: 5.3713'
2023-09-03 10:35:31 - b'INFO  sorting/base_engine.cpp       :  198 - Lv1 fetching & sorting done. Time elapsed: 4.5164'
2023-09-03 10:35:31 - b'INFO  sorting/base_engine.cpp       :  185 - Lv1 scanning from bucket 11111 to 17994'
2023-09-03 10:35:37 - b'INFO  sorting/base_engine.cpp       :  192 - Lv1 scanning done. Large diff: 0. Time elapsed: 6.0003'
2023-09-03 10:35:44 - b'INFO  sorting/base_engine.cpp       :  198 - Lv1 fetching & sorting done. Time elapsed: 6.4813'
2023-09-03 10:35:44 - b'INFO  sorting/base_engine.cpp       :  185 - Lv1 scanning from bucket 17994 to 28662'
2023-09-03 10:35:50 - b'INFO  sorting/base_engine.cpp       :  192 - Lv1 scanning done. Large diff: 0. Time elapsed: 6.3684'
2023-09-03 10:35:56 - b'INFO  sorting/base_engine.cpp       :  198 - Lv1 fetching & sorting done. Time elapsed: 5.8207'
2023-09-03 10:35:56 - b'INFO  sorting/base_engine.cpp       :  185 - Lv1 scanning from bucket 28662 to 51466'
2023-09-03 10:36:03 - b'INFO  sorting/base_engine.cpp       :  192 - Lv1 scanning done. Large diff: 0. Time elapsed: 7.1518'
2023-09-03 10:36:09 - b'INFO  sorting/base_engine.cpp       :  198 - Lv1 fetching & sorting done. Time elapsed: 5.9921'
2023-09-03 10:36:09 - b'INFO  sorting/base_engine.cpp       :  185 - Lv1 scanning from bucket 51466 to 65536'
2023-09-03 10:36:12 - b'INFO  sorting/base_engine.cpp       :  192 - Lv1 scanning done. Large diff: 0. Time elapsed: 3.1710'
2023-09-03 10:36:14 - b'INFO  sorting/base_engine.cpp       :  198 - Lv1 fetching & sorting done. Time elapsed: 1.2512'
2023-09-03 10:36:14 - b'INFO  sorting/base_engine.cpp       :  204 - Main loop done. Time elapsed: 79.5726'
2023-09-03 10:36:14 - b'INFO  sorting/base_engine.cpp       :  207 - Postprocessing...'
2023-09-03 10:36:26 - b'INFO  sorting/seq_to_sdbg.cpp       :  793 - Number of $ A C G T A- C- G- T-:'
2023-09-03 10:36:26 - b'INFO  sorting/seq_to_sdbg.cpp       :  794 - 8219324 403969229 206858082 207016040 404152815 2930282 1559477 1504576 2939007'
2023-09-03 10:36:26 - b'INFO  sorting/seq_to_sdbg.cpp       :  800 - Total number of edges: 1239148832'
2023-09-03 10:36:26 - b'INFO  sorting/seq_to_sdbg.cpp       :  801 - Total number of ONEs: 1221996166'
2023-09-03 10:36:26 - b'INFO  sorting/seq_to_sdbg.cpp       :  802 - Total number of $v edges: 8219324'
2023-09-03 10:36:26 - b'INFO  sorting/base_engine.cpp       :  210 - Postprocess done. Time elapsed: 12.5590'
2023-09-03 10:36:26 - b'INFO  utils/utils.h                 :  152 - Real: 108.1397\tuser: 4746.5616\tsys: 37.9184\tmaxrss: 4222492'
2023-09-03 10:36:26 - Assemble contigs from SdBG for k = 29
2023-09-03 10:36:26 - command /home/diego.franco/.conda/envs/anvio/bin/megahit_core_popcnt assemble -s /mnt/qnap/users/diego.franco/tomato_metagenomics/assemblies/T1_ANT_assembly/tmp/k29/29 -o /mnt/qnap/users/diego.franco/tomato_metagenomics/assemblies/T1_ANT_assembly/intermediate_contigs/k29 -t 160 --min_standalone 1000 --prune_level 2 --merge_len 20 --merge_similar 0.95 --cleaning_rounds 5 --disconnect_ratio 0.1 --low_local_ratio 0.2 --cleaning_rounds 5 --min_depth 2 --bubble_level 2 --max_tip_len -1 --careful_bubble
2023-09-03 10:36:44 - b'INFO  main_assemble.cpp             :  129 - Loading succinct de Bruijn graph: /mnt/qnap/users/diego.franco/tomato_metagenomics/assemblies/T1_ANT_assembly/tmp/k29/29Done. Time elapsed: 17.148642'
2023-09-03 10:36:44 - b'INFO  main_assemble.cpp             :  133 - Number of Edges: 1239148832; K value: 29'
2023-09-03 10:36:44 - b'INFO  main_assemble.cpp             :  140 - Number of CPU threads: 160'
2023-09-03 10:36:47 - b'INFO  assembly/sdbg_pruning.cpp     :  160 - Removing tips with length less than 2; Accumulated tips removed: 862523; time elapsed: 0.5601'
2023-09-03 10:36:48 - b'INFO  assembly/sdbg_pruning.cpp     :  160 - Removing tips with length less than 4; Accumulated tips removed: 1965024; time elapsed: 0.9664'
2023-09-03 10:36:50 - b'INFO  assembly/sdbg_pruning.cpp     :  160 - Removing tips with length less than 8; Accumulated tips removed: 3215955; time elapsed: 2.3519'
2023-09-03 10:36:55 - b'INFO  assembly/sdbg_pruning.cpp     :  160 - Removing tips with length less than 16; Accumulated tips removed: 5208416; time elapsed: 5.4517'
2023-09-03 10:37:05 - b'INFO  assembly/sdbg_pruning.cpp     :  160 - Removing tips with length less than 32; Accumulated tips removed: 7741279; time elapsed: 9.2221'
2023-09-03 10:37:15 - b'INFO  assembly/sdbg_pruning.cpp     :  169 - Removing tips with length less than 58; Accumulated tips removed: 9403219; time elapsed: 10.5823'
2023-09-03 10:37:15 - b'INFO  main_assemble.cpp             :  158 - Tips removal done! Time elapsed(sec): 31.521'
2023-09-03 10:38:39 - b'INFO  assembly/unitig_graph.cpp     :   83 - Graph size without loops: 9494825, palindrome: 159'
2023-09-03 10:38:42 - b'INFO  main_assemble.cpp             :  166 - unitig graph size: 9495144, time for building: 86.744'
2023-09-03 10:39:48 - b'INFO  assembly/contig_stat.h        :   40 - Max: 20895, Min: 30, N50: 120, number contigs: 9495144, number isolated: 364852, number looped: 319, total size: 809489168,'
2023-09-03 10:39:48 - b'INFO  main_assemble.cpp             :  184 - Graph cleaning round 1'
2023-09-03 10:39:55 - b'INFO  main_assemble.cpp             :  200 - Number of bubbles removed: 260193, Time elapsed(sec): 7.564'
2023-09-03 10:40:01 - b'INFO  main_assemble.cpp             :  210 - Number of complex bubbles removed: 87862, Time elapsed(sec): 5.523173'
2023-09-03 10:40:14 - b'INFO  main_assemble.cpp             :  221 - Number unitigs disconnected: 5407946, time: 13.508'
2023-09-03 10:40:15 - b'INFO  main_assemble.cpp             :  245 - Unitigs removed in excessive pruning: 266923, time: 1.048'
2023-09-03 10:40:15 - b'INFO  main_assemble.cpp             :  184 - Graph cleaning round 2'
2023-09-03 10:40:19 - b'INFO  main_assemble.cpp             :  192 - Tips removed: 2212517, time: 4.289'
2023-09-03 10:40:20 - b'INFO  main_assemble.cpp             :  200 - Number of bubbles removed: 2768, Time elapsed(sec): 0.870'
2023-09-03 10:40:22 - b'INFO  main_assemble.cpp             :  210 - Number of complex bubbles removed: 4786, Time elapsed(sec): 1.352906'
2023-09-03 10:40:22 - b'INFO  main_assemble.cpp             :  221 - Number unitigs disconnected: 7309, time: 0.745'
2023-09-03 10:40:23 - b'INFO  main_assemble.cpp             :  245 - Unitigs removed in excessive pruning: 2493, time: 0.561'
2023-09-03 10:40:23 - b'INFO  main_assemble.cpp             :  184 - Graph cleaning round 3'
2023-09-03 10:40:26 - b'INFO  main_assemble.cpp             :  192 - Tips removed: 2505, time: 2.650'
2023-09-03 10:40:26 - b'INFO  main_assemble.cpp             :  200 - Number of bubbles removed: 22, Time elapsed(sec): 0.717'
2023-09-03 10:40:28 - b'INFO  main_assemble.cpp             :  210 - Number of complex bubbles removed: 38, Time elapsed(sec): 1.175738'
2023-09-03 10:40:28 - b'INFO  main_assemble.cpp             :  221 - Number unitigs disconnected: 1051, time: 0.749'
2023-09-03 10:40:29 - b'INFO  main_assemble.cpp             :  245 - Unitigs removed in excessive pruning: 550, time: 0.581'
2023-09-03 10:40:29 - b'INFO  main_assemble.cpp             :  184 - Graph cleaning round 4'
2023-09-03 10:40:32 - b'INFO  main_assemble.cpp             :  192 - Tips removed: 205, time: 2.622'
2023-09-03 10:40:32 - b'INFO  main_assemble.cpp             :  200 - Number of bubbles removed: 2, Time elapsed(sec): 0.702'
2023-09-03 10:40:33 - b'INFO  main_assemble.cpp             :  210 - Number of complex bubbles removed: 0, Time elapsed(sec): 1.058934'
2023-09-03 10:40:34 - b'INFO  main_assemble.cpp             :  221 - Number unitigs disconnected: 343, time: 0.712'
2023-09-03 10:40:35 - b'INFO  main_assemble.cpp             :  245 - Unitigs removed in excessive pruning: 200, time: 0.636'
2023-09-03 10:40:35 - b'INFO  main_assemble.cpp             :  184 - Graph cleaning round 5'
2023-09-03 10:40:37 - b'INFO  main_assemble.cpp             :  192 - Tips removed: 69, time: 2.579'
2023-09-03 10:40:38 - b'INFO  main_assemble.cpp             :  200 - Number of bubbles removed: 0, Time elapsed(sec): 0.651'
2023-09-03 10:40:39 - b'INFO  main_assemble.cpp             :  210 - Number of complex bubbles removed: 0, Time elapsed(sec): 1.091030'
2023-09-03 10:40:40 - b'INFO  main_assemble.cpp             :  221 - Number unitigs disconnected: 125, time: 0.728'
2023-09-03 10:40:40 - b'INFO  main_assemble.cpp             :  245 - Unitigs removed in excessive pruning: 88, time: 0.547'
2023-09-03 10:41:01 - b'INFO  assembly/contig_stat.h        :   40 - Max: 105341, Min: 30, N50: 280, number contigs: 3185622, number isolated: 1134737, number looped: 570, total size: 591978923,'
2023-09-03 10:41:32 - b'INFO  main_assemble.cpp             :  267 - Time to output: 31.468781'
2023-09-03 10:42:07 - b'INFO  main_assemble.cpp             :  286 - Number of local low depth unitigs removed: 61564, complex bubbles removed: 1438, time: 35.070249'
2023-09-03 10:42:25 - b'INFO  assembly/contig_stat.h        :   40 - Max: 105341, Min: 30, N50: 290, number contigs: 3048017, number isolated: 1156495, number looped: 610, total size: 586297973,'
2023-09-03 10:42:49 - b'INFO  utils/utils.h                 :  152 - Real: 382.2025\tuser: 41464.5244\tsys: 314.7471\tmaxrss: 2988712'
2023-09-03 10:42:50 - Local assembly for k = 29
2023-09-03 10:42:50 - command /home/diego.franco/.conda/envs/anvio/bin/megahit_core_popcnt local -c /mnt/qnap/users/diego.franco/tomato_metagenomics/assemblies/T1_ANT_assembly/intermediate_contigs/k29.contigs.fa -l /mnt/qnap/users/diego.franco/tomato_metagenomics/assemblies/T1_ANT_assembly/tmp/reads.lib -t 160 -o /mnt/qnap/users/diego.franco/tomato_metagenomics/assemblies/T1_ANT_assembly/intermediate_contigs/k29.local.fa --kmax 39
2023-09-03 10:46:24 - b'INFO  localasm/hash_mapper.cpp      :   99 - Number of contigs: 595322, index size: 41584862'
2023-09-03 10:46:24 - b'INFO  localasm/local_assemble.cpp   :  315 - Hash mapper construction time elapsed: 214.399593'
2023-09-03 10:46:24 - b'INFO  sequence/io/sequence_lib.cpp  :  115 - Before reading, sizeof seq_package: 3071817088'
2023-09-03 10:46:29 - b'INFO  sequence/io/sequence_lib.cpp  :  117 - After reading, sizeof seq_package: 3071817088'
2023-09-03 10:46:29 - b'INFO  localasm/local_assemble.cpp   :  324 - Read lib time elapsed: 4.993530'
2023-09-03 10:46:31 - b'INFO  localasm/local_assemble.cpp   :  133 - Lib 0, insert size: 308.00 sd: 74.41'
2023-09-03 10:46:31 - b'INFO  localasm/local_assemble.cpp   :  330 - Insert size estimation time elapsed: 1.965446'
2023-09-03 10:46:41 - b'INFO  localasm/local_assemble.cpp   :  218 - Lib 0: total 93085366 reads, aligned 45094303, added 15700180 reads to local assembly'
2023-09-03 10:46:41 - b'INFO  localasm/local_assemble.cpp   :  338 - Mapping time elapsed: 9.828674'
2023-09-03 10:46:41 - b'INFO  localasm/local_assemble.cpp   :  232 - Minimum number of reads to do local assembly: 5'
2023-09-03 10:47:03 - b'INFO  localasm/local_assemble.cpp   :  346 - Local assembly time elapsed: 21.844620'
2023-09-03 10:47:03 - b'INFO  utils/utils.h                 :  152 - Real: 253.3346\tuser: 31397.1747\tsys: 160.7383\tmaxrss: 4686752'
2023-09-03 10:47:03 - Extract iterative edges from k = 29 to 39 
2023-09-03 10:47:03 - command /home/diego.franco/.conda/envs/anvio/bin/megahit_core_popcnt iterate -c /mnt/qnap/users/diego.franco/tomato_metagenomics/assemblies/T1_ANT_assembly/intermediate_contigs/k29.contigs.fa -b /mnt/qnap/users/diego.franco/tomato_metagenomics/assemblies/T1_ANT_assembly/intermediate_contigs/k29.bubble_seq.fa -t 160 -k 29 -s 10 -o /mnt/qnap/users/diego.franco/tomato_metagenomics/assemblies/T1_ANT_assembly/tmp/k39/39 -r /mnt/qnap/users/diego.franco/tomato_metagenomics/assemblies/T1_ANT_assembly/tmp/reads.lib.bin
2023-09-03 10:47:03 - b'INFO  main_iterate.cpp              :  190 - Selected kmer type size for k: 8'
2023-09-03 10:47:04 - b'INFO  main_iterate.cpp              :  174 - Read 1417286 contigs'
2023-09-03 10:47:15 - b'INFO  main_iterate.cpp              :  176 - Number of flank kmers: 2781173'
2023-09-03 10:47:15 - b'INFO  main_iterate.cpp              :  174 - Read 633599 contigs'
2023-09-03 10:47:20 - b'INFO  main_iterate.cpp              :  176 - Number of flank kmers: 4024665'
2023-09-03 10:47:20 - b'INFO  main_iterate.cpp              :  174 - Read 703348 contigs'
2023-09-03 10:47:25 - b'INFO  main_iterate.cpp              :  176 - Number of flank kmers: 5113608'
2023-09-03 10:47:25 - b'INFO  main_iterate.cpp              :  123 - Selected kmer type size for next k: 12'
2023-09-03 10:47:26 - b'INFO  main_iterate.cpp              :  138 - Processed: 4194304, aligned: 551651. Iterative edges: 3985872'
2023-09-03 10:47:26 - b'INFO  main_iterate.cpp              :  138 - Processed: 8388608, aligned: 1102535. Iterative edges: 6813222'
2023-09-03 10:47:27 - b'INFO  main_iterate.cpp              :  138 - Processed: 12582912, aligned: 1660801. Iterative edges: 9052264'
2023-09-03 10:47:27 - b'INFO  main_iterate.cpp              :  138 - Processed: 16777216, aligned: 2218485. Iterative edges: 10833373'
2023-09-03 10:47:27 - b'INFO  main_iterate.cpp              :  138 - Processed: 20971520, aligned: 2771744. Iterative edges: 12253801'
2023-09-03 10:47:28 - b'INFO  main_iterate.cpp              :  138 - Processed: 25165824, aligned: 3327762. Iterative edges: 13422801'
2023-09-03 10:47:28 - b'INFO  main_iterate.cpp              :  138 - Processed: 29360128, aligned: 3881978. Iterative edges: 14376479'
2023-09-03 10:47:28 - b'INFO  main_iterate.cpp              :  138 - Processed: 33554432, aligned: 4433986. Iterative edges: 15166332'
2023-09-03 10:47:28 - b'INFO  main_iterate.cpp              :  138 - Processed: 37748736, aligned: 4969341. Iterative edges: 15815471'
2023-09-03 10:47:29 - b'INFO  main_iterate.cpp              :  138 - Processed: 41943040, aligned: 5530481. Iterative edges: 16405854'
2023-09-03 10:47:29 - b'INFO  main_iterate.cpp              :  138 - Processed: 46137344, aligned: 6105801. Iterative edges: 16923874'
2023-09-03 10:47:29 - b'INFO  main_iterate.cpp              :  138 - Processed: 50331648, aligned: 6680276. Iterative edges: 17355579'
2023-09-03 10:47:29 - b'INFO  main_iterate.cpp              :  138 - Processed: 54525952, aligned: 7261542. Iterative edges: 17716231'
2023-09-03 10:47:29 - b'INFO  main_iterate.cpp              :  138 - Processed: 58720256, aligned: 7833877. Iterative edges: 18015893'
2023-09-03 10:47:30 - b'INFO  main_iterate.cpp              :  138 - Processed: 62914560, aligned: 8411390. Iterative edges: 18264985'
2023-09-03 10:47:30 - b'INFO  main_iterate.cpp              :  138 - Processed: 67108864, aligned: 8984298. Iterative edges: 18482496'
2023-09-03 10:47:30 - b'INFO  main_iterate.cpp              :  138 - Processed: 71303168, aligned: 9557241. Iterative edges: 18667854'
2023-09-03 10:47:30 - b'INFO  main_iterate.cpp              :  138 - Processed: 75497472, aligned: 10128025. Iterative edges: 18829659'
2023-09-03 10:47:31 - b'INFO  main_iterate.cpp              :  138 - Processed: 79691776, aligned: 10697931. Iterative edges: 18971846'
2023-09-03 10:47:31 - b'INFO  main_iterate.cpp              :  138 - Processed: 83886080, aligned: 11269514. Iterative edges: 19097177'
2023-09-03 10:47:31 - b'INFO  main_iterate.cpp              :  138 - Processed: 88080384, aligned: 11838297. Iterative edges: 19207746'
2023-09-03 10:47:31 - b'INFO  main_iterate.cpp              :  138 - Processed: 92274688, aligned: 12407384. Iterative edges: 19307701'
2023-09-03 10:47:31 - b'INFO  main_iterate.cpp              :  138 - Processed: 93085366, aligned: 12516564. Iterative edges: 19325938'
2023-09-03 10:47:33 - b'INFO  main_iterate.cpp              :  142 - Total: 93085366, aligned: 12516564. Iterative edges: 19325938'
2023-09-03 10:47:36 - b'INFO  utils/utils.h                 :  152 - Real: 32.4633\tuser: 3478.4448\tsys: 2.6142\tmaxrss: 1069568'
2023-09-03 10:47:36 - Build graph for k = 39 
2023-09-03 10:47:36 - command /home/diego.franco/.conda/envs/anvio/bin/megahit_core_popcnt seq2sdbg --host_mem 631211914444 --mem_flag 1 --output_prefix /mnt/qnap/users/diego.franco/tomato_metagenomics/assemblies/T1_ANT_assembly/tmp/k39/39 --num_cpu_threads 160 -k 39 --kmer_from 29 --input_prefix /mnt/qnap/users/diego.franco/tomato_metagenomics/assemblies/T1_ANT_assembly/tmp/k39/39 --addi_contig /mnt/qnap/users/diego.franco/tomato_metagenomics/assemblies/T1_ANT_assembly/intermediate_contigs/k29.addi.fa --local_contig /mnt/qnap/users/diego.franco/tomato_metagenomics/assemblies/T1_ANT_assembly/intermediate_contigs/k29.local.fa --contig /mnt/qnap/users/diego.franco/tomato_metagenomics/assemblies/T1_ANT_assembly/intermediate_contigs/k29.contigs.fa --bubble /mnt/qnap/users/diego.franco/tomato_metagenomics/assemblies/T1_ANT_assembly/intermediate_contigs/k29.bubble_seq.fa
2023-09-03 10:47:36 - b'INFO  sorting/base_engine.cpp       :  148 - Preparing data...'
2023-09-03 10:47:36 - b'INFO  sorting/seq_to_sdbg.cpp       :  369 - Number edges: 19325938'
2023-09-03 10:47:36 - b'INFO  sorting/seq_to_sdbg.cpp       :  413 - Bases to reserve: 1500139070, number contigs: 5202754, number multiplicity: 24528692'
2023-09-03 10:47:36 - b'INFO  sorting/seq_to_sdbg.cpp       :  421 - Before reading, sizeof seq_package: 416656808, multiplicity vector: 24528692'
2023-09-03 10:47:36 - b'INFO  sorting/seq_to_sdbg.cpp       :  428 - Read 19325938 edges.'
2023-09-03 10:47:36 - b'INFO  sorting/seq_to_sdbg.cpp       :  429 - After reading, sizeof seq_package: 416656808/19325938/773037520, multiplicity vector: 19325938/24528692'
2023-09-03 10:47:38 - b'INFO  sorting/seq_to_sdbg.cpp       :  458 - Read 2891519 contigs from /mnt/qnap/users/diego.franco/tomato_metagenomics/assemblies/T1_ANT_assembly/intermediate_contigs/k29.contigs.fa.'
2023-09-03 10:47:38 - b'INFO  sorting/seq_to_sdbg.cpp       :  459 - After reading contigs, sizeof seq_package: 416656808/22217457/1355326827, multiplicity vector: 22217457/24528692'
2023-09-03 10:47:39 - b'INFO  sorting/seq_to_sdbg.cpp       :  470 - Read 610004 contigs from /mnt/qnap/users/diego.franco/tomato_metagenomics/assemblies/T1_ANT_assembly/intermediate_contigs/k29.bubble_seq.fa.'
2023-09-03 10:47:39 - b'INFO  sorting/seq_to_sdbg.cpp       :  471 - After reading contigs, sizeof seq_package: 416656808/22827461/1479752469, multiplicity vector: 22827461/24528692'
2023-09-03 10:47:39 - b'INFO  sorting/seq_to_sdbg.cpp       :  484 - Read 56262 contigs from /mnt/qnap/users/diego.franco/tomato_metagenomics/assemblies/T1_ANT_assembly/intermediate_contigs/k29.addi.fa.'
2023-09-03 10:47:39 - b'INFO  sorting/seq_to_sdbg.cpp       :  485 - After reading contigs, sizeof seq_package: 791691576/22883723/1507703758, multiplicity vector: 22883723/24528692'
2023-09-03 10:47:41 - b'INFO  sorting/seq_to_sdbg.cpp       :  498 - Read 1256089 contigs from /mnt/qnap/users/diego.franco/tomato_metagenomics/assemblies/T1_ANT_assembly/intermediate_contigs/k29.local.fa.'
2023-09-03 10:47:41 - b'INFO  sorting/seq_to_sdbg.cpp       :  499 - After reading contigs, sizeof seq_package: 791691576/24139812/2124298688, multiplicity vector: 24139812/24528692'
2023-09-03 10:47:41 - b'INFO  sorting/seq_to_sdbg.cpp       :  506 - Finally, sizeof seq_package: 791691576/24139812/2124298688, multiplicity vector: 24139812/24528692'
2023-09-03 10:47:41 - b'INFO  sorting/base_engine.cpp       :  153 - Preparing data... Done. Time elapsed: 5.4322'
2023-09-03 10:47:41 - b'INFO  sorting/base_engine.cpp       :  156 - Preparing partitions and calculating bucket sizes...'
2023-09-03 10:47:42 - b'INFO  sorting/base_engine.cpp       :   80 - Minimum memory required: 961545368 bytes'
2023-09-03 10:47:42 - b'INFO  sorting/base_engine.cpp       :  138 - Lv1 items: 328300171, Lv2 items: 18033920'
2023-09-03 10:47:42 - b'INFO  sorting/base_engine.cpp       :  139 - Memory of derived class: 857345072, Memory for Lv1+Lv2: 1601743404'
2023-09-03 10:47:42 - b'INFO  sorting/base_engine.cpp       :  165 - Preparing partitions and calculating bucket sizes... Done. Time elapsed: 1.2590'
2023-09-03 10:47:42 - b'INFO  sorting/base_engine.cpp       :  172 - Start main loop...'
2023-09-03 10:47:42 - b'INFO  sorting/base_engine.cpp       :  185 - Lv1 scanning from bucket 0 to 133'
2023-09-03 10:47:43 - b'INFO  sorting/base_engine.cpp       :  192 - Lv1 scanning done. Large diff: 0. Time elapsed: 0.4489'
2023-09-03 10:47:43 - b'INFO  sorting/base_engine.cpp       :  198 - Lv1 fetching & sorting done. Time elapsed: 0.3337'
2023-09-03 10:47:43 - b'INFO  sorting/base_engine.cpp       :  185 - Lv1 scanning from bucket 133 to 662'
2023-09-03 10:47:44 - b'INFO  sorting/base_engine.cpp       :  192 - Lv1 scanning done. Large diff: 0. Time elapsed: 0.5437'
2023-09-03 10:47:47 - b'INFO  sorting/base_engine.cpp       :  198 - Lv1 fetching & sorting done. Time elapsed: 3.8552'
2023-09-03 10:47:47 - b'INFO  sorting/base_engine.cpp       :  185 - Lv1 scanning from bucket 662 to 2081'
2023-09-03 10:47:48 - b'INFO  sorting/base_engine.cpp       :  192 - Lv1 scanning done. Large diff: 0. Time elapsed: 0.6963'
2023-09-03 10:47:54 - b'INFO  sorting/base_engine.cpp       :  198 - Lv1 fetching & sorting done. Time elapsed: 5.3866'
2023-09-03 10:47:54 - b'INFO  sorting/base_engine.cpp       :  185 - Lv1 scanning from bucket 2081 to 4545'
2023-09-03 10:47:54 - b'INFO  sorting/base_engine.cpp       :  192 - Lv1 scanning done. Large diff: 0. Time elapsed: 0.8577'
2023-09-03 10:47:56 - b'INFO  sorting/base_engine.cpp       :  198 - Lv1 fetching & sorting done. Time elapsed: 1.2158'
2023-09-03 10:47:56 - b'INFO  sorting/base_engine.cpp       :  185 - Lv1 scanning from bucket 4545 to 8442'
2023-09-03 10:47:57 - b'INFO  sorting/base_engine.cpp       :  192 - Lv1 scanning done. Large diff: 0. Time elapsed: 1.0009'
2023-09-03 10:47:58 - b'INFO  sorting/base_engine.cpp       :  198 - Lv1 fetching & sorting done. Time elapsed: 1.5954'
2023-09-03 10:47:58 - b'INFO  sorting/base_engine.cpp       :  185 - Lv1 scanning from bucket 8442 to 14172'
2023-09-03 10:47:59 - b'INFO  sorting/base_engine.cpp       :  192 - Lv1 scanning done. Large diff: 0. Time elapsed: 1.1038'
2023-09-03 10:48:01 - b'INFO  sorting/base_engine.cpp       :  198 - Lv1 fetching & sorting done. Time elapsed: 1.6992'
2023-09-03 10:48:01 - b'INFO  sorting/base_engine.cpp       :  185 - Lv1 scanning from bucket 14172 to 23018'
2023-09-03 10:48:02 - b'INFO  sorting/base_engine.cpp       :  192 - Lv1 scanning done. Large diff: 0. Time elapsed: 1.1925'
2023-09-03 10:48:04 - b'INFO  sorting/base_engine.cpp       :  198 - Lv1 fetching & sorting done. Time elapsed: 1.9129'
2023-09-03 10:48:04 - b'INFO  sorting/base_engine.cpp       :  185 - Lv1 scanning from bucket 23018 to 39188'
2023-09-03 10:48:05 - b'INFO  sorting/base_engine.cpp       :  192 - Lv1 scanning done. Large diff: 0. Time elapsed: 1.2504'
2023-09-03 10:48:08 - b'INFO  sorting/base_engine.cpp       :  198 - Lv1 fetching & sorting done. Time elapsed: 2.2844'
2023-09-03 10:48:08 - b'INFO  sorting/base_engine.cpp       :  185 - Lv1 scanning from bucket 39188 to 65536'
2023-09-03 10:48:09 - b'INFO  sorting/base_engine.cpp       :  192 - Lv1 scanning done. Large diff: 0. Time elapsed: 0.8354'
2023-09-03 10:48:15 - b'INFO  sorting/base_engine.cpp       :  198 - Lv1 fetching & sorting done. Time elapsed: 6.0488'
2023-09-03 10:48:15 - b'INFO  sorting/base_engine.cpp       :  204 - Main loop done. Time elapsed: 32.2630'
2023-09-03 10:48:15 - b'INFO  sorting/base_engine.cpp       :  207 - Postprocessing...'
2023-09-03 10:48:27 - b'INFO  sorting/seq_to_sdbg.cpp       :  793 - Number of $ A C G T A- C- G- T-:'
2023-09-03 10:48:27 - b'INFO  sorting/seq_to_sdbg.cpp       :  794 - 2934994 366551358 184249810 184067881 366539367 660085 320568 318802 658242'
2023-09-03 10:48:27 - b'INFO  sorting/seq_to_sdbg.cpp       :  800 - Total number of edges: 1106301107'
2023-09-03 10:48:27 - b'INFO  sorting/seq_to_sdbg.cpp       :  801 - Total number of ONEs: 1101408416'
2023-09-03 10:48:27 - b'INFO  sorting/seq_to_sdbg.cpp       :  802 - Total number of $v edges: 2934994'
2023-09-03 10:48:27 - b'INFO  sorting/base_engine.cpp       :  210 - Postprocess done. Time elapsed: 12.1432'
2023-09-03 10:48:27 - b'INFO  utils/utils.h                 :  152 - Real: 51.2179\tuser: 2320.1691\tsys: 16.8066\tmaxrss: 2494320'
2023-09-03 10:48:27 - Assemble contigs from SdBG for k = 39
2023-09-03 10:48:27 - command /home/diego.franco/.conda/envs/anvio/bin/megahit_core_popcnt assemble -s /mnt/qnap/users/diego.franco/tomato_metagenomics/assemblies/T1_ANT_assembly/tmp/k39/39 -o /mnt/qnap/users/diego.franco/tomato_metagenomics/assemblies/T1_ANT_assembly/intermediate_contigs/k39 -t 160 --min_standalone 1000 --prune_level 2 --merge_len 20 --merge_similar 0.95 --cleaning_rounds 5 --disconnect_ratio 0.1 --low_local_ratio 0.2 --cleaning_rounds 5 --min_depth 2 --bubble_level 2 --max_tip_len -1 --careful_bubble
2023-09-03 10:48:41 - b'INFO  main_assemble.cpp             :  129 - Loading succinct de Bruijn graph: /mnt/qnap/users/diego.franco/tomato_metagenomics/assemblies/T1_ANT_assembly/tmp/k39/39Done. Time elapsed: 14.181324'
2023-09-03 10:48:41 - b'INFO  main_assemble.cpp             :  133 - Number of Edges: 1106301107; K value: 39'
2023-09-03 10:48:41 - b'INFO  main_assemble.cpp             :  140 - Number of CPU threads: 160'
2023-09-03 10:48:43 - b'INFO  assembly/sdbg_pruning.cpp     :  160 - Removing tips with length less than 2; Accumulated tips removed: 49722; time elapsed: 0.2918'
2023-09-03 10:48:44 - b'INFO  assembly/sdbg_pruning.cpp     :  160 - Removing tips with length less than 4; Accumulated tips removed: 120587; time elapsed: 0.5033'
2023-09-03 10:48:45 - b'INFO  assembly/sdbg_pruning.cpp     :  160 - Removing tips with length less than 8; Accumulated tips removed: 218508; time elapsed: 1.0806'
2023-09-03 10:48:47 - b'INFO  assembly/sdbg_pruning.cpp     :  160 - Removing tips with length less than 16; Accumulated tips removed: 360646; time elapsed: 2.4324'
2023-09-03 10:48:52 - b'INFO  assembly/sdbg_pruning.cpp     :  160 - Removing tips with length less than 32; Accumulated tips removed: 898282; time elapsed: 4.8891'
2023-09-03 10:48:59 - b'INFO  assembly/sdbg_pruning.cpp     :  160 - Removing tips with length less than 64; Accumulated tips removed: 1955271; time elapsed: 7.4602'
2023-09-03 10:49:06 - b'INFO  assembly/sdbg_pruning.cpp     :  169 - Removing tips with length less than 78; Accumulated tips removed: 2295637; time elapsed: 6.7532'
2023-09-03 10:49:06 - b'INFO  main_assemble.cpp             :  158 - Tips removal done! Time elapsed(sec): 24.992'
2023-09-03 10:49:50 - b'INFO  assembly/unitig_graph.cpp     :   83 - Graph size without loops: 2655737, palindrome: 40'
2023-09-03 10:49:51 - b'INFO  main_assemble.cpp             :  166 - unitig graph size: 2656452, time for building: 45.222'
2023-09-03 10:50:06 - b'INFO  assembly/contig_stat.h        :   40 - Max: 38661, Min: 40, N50: 512, number contigs: 2656452, number isolated: 381180, number looped: 715, total size: 609577958,'
2023-09-03 10:50:06 - b'INFO  main_assemble.cpp             :  184 - Graph cleaning round 1'
2023-09-03 10:50:10 - b'INFO  main_assemble.cpp             :  200 - Number of bubbles removed: 191071, Time elapsed(sec): 3.545'
2023-09-03 10:50:13 - b'INFO  main_assemble.cpp             :  210 - Number of complex bubbles removed: 73382, Time elapsed(sec): 2.583875'
2023-09-03 10:50:13 - b'INFO  main_assemble.cpp             :  221 - Number unitigs disconnected: 79727, time: 0.553'
2023-09-03 10:50:13 - b'INFO  main_assemble.cpp             :  245 - Unitigs removed in excessive pruning: 7210, time: 0.226'
2023-09-03 10:50:13 - b'INFO  main_assemble.cpp             :  184 - Graph cleaning round 2'
2023-09-03 10:50:15 - b'INFO  main_assemble.cpp             :  192 - Tips removed: 20154, time: 1.207'
2023-09-03 10:50:15 - b'INFO  main_assemble.cpp             :  200 - Number of bubbles removed: 984, Time elapsed(sec): 0.349'
2023-09-03 10:50:16 - b'INFO  main_assemble.cpp             :  210 - Number of complex bubbles removed: 1443, Time elapsed(sec): 0.648263'
2023-09-03 10:50:16 - b'INFO  main_assemble.cpp             :  221 - Number unitigs disconnected: 1965, time: 0.273'
2023-09-03 10:50:16 - b'INFO  main_assemble.cpp             :  245 - Unitigs removed in excessive pruning: 1051, time: 0.208'
2023-09-03 10:50:16 - b'INFO  main_assemble.cpp             :  184 - Graph cleaning round 3'
2023-09-03 10:50:17 - b'INFO  main_assemble.cpp             :  192 - Tips removed: 335, time: 1.166'
2023-09-03 10:50:17 - b'INFO  main_assemble.cpp             :  200 - Number of bubbles removed: 9, Time elapsed(sec): 0.290'
2023-09-03 10:50:18 - b'INFO  main_assemble.cpp             :  210 - Number of complex bubbles removed: 5, Time elapsed(sec): 0.478532'
2023-09-03 10:50:18 - b'INFO  main_assemble.cpp             :  221 - Number unitigs disconnected: 577, time: 0.270'
2023-09-03 10:50:18 - b'INFO  main_assemble.cpp             :  245 - Unitigs removed in excessive pruning: 423, time: 0.205'
2023-09-03 10:50:18 - b'INFO  main_assemble.cpp             :  184 - Graph cleaning round 4'
2023-09-03 10:50:20 - b'INFO  main_assemble.cpp             :  192 - Tips removed: 84, time: 1.156'
2023-09-03 10:50:20 - b'INFO  main_assemble.cpp             :  200 - Number of bubbles removed: 2, Time elapsed(sec): 0.278'
2023-09-03 10:50:20 - b'INFO  main_assemble.cpp             :  210 - Number of complex bubbles removed: 1, Time elapsed(sec): 0.449636'
2023-09-03 10:50:21 - b'INFO  main_assemble.cpp             :  221 - Number unitigs disconnected: 254, time: 0.268'
2023-09-03 10:50:21 - b'INFO  main_assemble.cpp             :  245 - Unitigs removed in excessive pruning: 176, time: 0.209'
2023-09-03 10:50:21 - b'INFO  main_assemble.cpp             :  184 - Graph cleaning round 5'
2023-09-03 10:50:22 - b'INFO  main_assemble.cpp             :  192 - Tips removed: 28, time: 1.099'
2023-09-03 10:50:22 - b'INFO  main_assemble.cpp             :  200 - Number of bubbles removed: 0, Time elapsed(sec): 0.230'
2023-09-03 10:50:23 - b'INFO  main_assemble.cpp             :  210 - Number of complex bubbles removed: 0, Time elapsed(sec): 0.428511'
2023-09-03 10:50:23 - b'INFO  main_assemble.cpp             :  221 - Number unitigs disconnected: 107, time: 0.268'
2023-09-03 10:50:23 - b'INFO  main_assemble.cpp             :  245 - Unitigs removed in excessive pruning: 92, time: 0.204'
2023-09-03 10:50:33 - b'INFO  assembly/contig_stat.h        :   40 - Max: 130696, Min: 40, N50: 875, number contigs: 1741187, number isolated: 416510, number looped: 315, total size: 560783519,'
2023-09-03 10:50:51 - b'INFO  main_assemble.cpp             :  267 - Time to output: 18.508882'
2023-09-03 10:50:59 - b'INFO  main_assemble.cpp             :  286 - Number of local low depth unitigs removed: 41222, complex bubbles removed: 1803, time: 7.952037'
2023-09-03 10:51:09 - b'INFO  assembly/contig_stat.h        :   40 - Max: 168585, Min: 40, N50: 928, number contigs: 1630671, number isolated: 421348, number looped: 340, total size: 555202050,'
2023-09-03 10:51:26 - b'INFO  utils/utils.h                 :  152 - Real: 179.1315\tuser: 20451.1297\tsys: 34.9979\tmaxrss: 2450376'
2023-09-03 10:51:27 - Local assembly for k = 39
2023-09-03 10:51:27 - command /home/diego.franco/.conda/envs/anvio/bin/megahit_core_popcnt local -c /mnt/qnap/users/diego.franco/tomato_metagenomics/assemblies/T1_ANT_assembly/intermediate_contigs/k39.contigs.fa -l /mnt/qnap/users/diego.franco/tomato_metagenomics/assemblies/T1_ANT_assembly/tmp/reads.lib -t 160 -o /mnt/qnap/users/diego.franco/tomato_metagenomics/assemblies/T1_ANT_assembly/intermediate_contigs/k39.local.fa --kmax 59
2023-09-03 10:55:41 - b'INFO  localasm/hash_mapper.cpp      :   99 - Number of contigs: 535756, index size: 53171645'
2023-09-03 10:55:42 - b'INFO  localasm/local_assemble.cpp   :  315 - Hash mapper construction time elapsed: 254.732621'
2023-09-03 10:55:42 - b'INFO  sequence/io/sequence_lib.cpp  :  115 - Before reading, sizeof seq_package: 3071817088'
2023-09-03 10:55:46 - b'INFO  sequence/io/sequence_lib.cpp  :  117 - After reading, sizeof seq_package: 3071817088'
2023-09-03 10:55:46 - b'INFO  localasm/local_assemble.cpp   :  324 - Read lib time elapsed: 4.948491'
2023-09-03 10:55:48 - b'INFO  localasm/local_assemble.cpp   :  133 - Lib 0, insert size: 306.00 sd: 74.39'
2023-09-03 10:55:48 - b'INFO  localasm/local_assemble.cpp   :  330 - Insert size estimation time elapsed: 2.010476'
2023-09-03 10:56:08 - b'INFO  localasm/local_assemble.cpp   :  218 - Lib 0: total 93085366 reads, aligned 63027910, added 21828105 reads to local assembly'
2023-09-03 10:56:08 - b'INFO  localasm/local_assemble.cpp   :  338 - Mapping time elapsed: 19.789747'
2023-09-03 10:56:08 - b'INFO  localasm/local_assemble.cpp   :  232 - Minimum number of reads to do local assembly: 5'
2023-09-03 10:57:00 - b'INFO  localasm/local_assemble.cpp   :  346 - Local assembly time elapsed: 51.382856'
2023-09-03 10:57:00 - b'INFO  utils/utils.h                 :  152 - Real: 333.1832\tuser: 41779.2903\tsys: 9.7992\tmaxrss: 4974340'
2023-09-03 10:57:00 - Extract iterative edges from k = 39 to 59 
2023-09-03 10:57:00 - command /home/diego.franco/.conda/envs/anvio/bin/megahit_core_popcnt iterate -c /mnt/qnap/users/diego.franco/tomato_metagenomics/assemblies/T1_ANT_assembly/intermediate_contigs/k39.contigs.fa -b /mnt/qnap/users/diego.franco/tomato_metagenomics/assemblies/T1_ANT_assembly/intermediate_contigs/k39.bubble_seq.fa -t 160 -k 39 -s 20 -o /mnt/qnap/users/diego.franco/tomato_metagenomics/assemblies/T1_ANT_assembly/tmp/k59/59 -r /mnt/qnap/users/diego.franco/tomato_metagenomics/assemblies/T1_ANT_assembly/tmp/reads.lib.bin
2023-09-03 10:57:00 - b'INFO  main_iterate.cpp              :  190 - Selected kmer type size for k: 12'
2023-09-03 10:57:01 - b'INFO  main_iterate.cpp              :  174 - Read 785266 contigs'
2023-09-03 10:57:09 - b'INFO  main_iterate.cpp              :  176 - Number of flank kmers: 1519845'
2023-09-03 10:57:09 - b'INFO  main_iterate.cpp              :  174 - Read 539411 contigs'
2023-09-03 10:57:13 - b'INFO  main_iterate.cpp              :  176 - Number of flank kmers: 2560123'
2023-09-03 10:57:14 - b'INFO  main_iterate.cpp              :  174 - Read 402693 contigs'
2023-09-03 10:57:18 - b'INFO  main_iterate.cpp              :  176 - Number of flank kmers: 3158038'
2023-09-03 10:57:18 - b'INFO  main_iterate.cpp              :  123 - Selected kmer type size for next k: 16'
2023-09-03 10:57:20 - b'INFO  main_iterate.cpp              :  138 - Processed: 4194304, aligned: 254792. Iterative edges: 2875522'
2023-09-03 10:57:20 - b'INFO  main_iterate.cpp              :  138 - Processed: 8388608, aligned: 509793. Iterative edges: 5256808'
2023-09-03 10:57:21 - b'INFO  main_iterate.cpp              :  138 - Processed: 12582912, aligned: 768341. Iterative edges: 7302956'
2023-09-03 10:57:21 - b'INFO  main_iterate.cpp              :  138 - Processed: 16777216, aligned: 1025746. Iterative edges: 9058853'
2023-09-03 10:57:21 - b'INFO  main_iterate.cpp              :  138 - Processed: 20971520, aligned: 1282153. Iterative edges: 10572815'
2023-09-03 10:57:21 - b'INFO  main_iterate.cpp              :  138 - Processed: 25165824, aligned: 1538990. Iterative edges: 11900963'
2023-09-03 10:57:22 - b'INFO  main_iterate.cpp              :  138 - Processed: 29360128, aligned: 1795469. Iterative edges: 13058186'
2023-09-03 10:57:22 - b'INFO  main_iterate.cpp              :  138 - Processed: 33554432, aligned: 2050476. Iterative edges: 14069425'
2023-09-03 10:57:22 - b'INFO  main_iterate.cpp              :  138 - Processed: 37748736, aligned: 2294869. Iterative edges: 14947359'
2023-09-03 10:57:22 - b'INFO  main_iterate.cpp              :  138 - Processed: 41943040, aligned: 2556729. Iterative edges: 15797020'
2023-09-03 10:57:22 - b'INFO  main_iterate.cpp              :  138 - Processed: 46137344, aligned: 2828082. Iterative edges: 16592388'
2023-09-03 10:57:23 - b'INFO  main_iterate.cpp              :  138 - Processed: 50331648, aligned: 3098498. Iterative edges: 17292173'
2023-09-03 10:57:23 - b'INFO  main_iterate.cpp              :  138 - Processed: 54525952, aligned: 3372260. Iterative edges: 17917189'
2023-09-03 10:57:23 - b'INFO  main_iterate.cpp              :  138 - Processed: 58720256, aligned: 3641043. Iterative edges: 18474013'
2023-09-03 10:57:23 - b'INFO  main_iterate.cpp              :  138 - Processed: 62914560, aligned: 3912841. Iterative edges: 18967730'
2023-09-03 10:57:24 - b'INFO  main_iterate.cpp              :  138 - Processed: 67108864, aligned: 4181858. Iterative edges: 19412378'
2023-09-03 10:57:24 - b'INFO  main_iterate.cpp              :  138 - Processed: 71303168, aligned: 4451010. Iterative edges: 19815412'
2023-09-03 10:57:24 - b'INFO  main_iterate.cpp              :  138 - Processed: 75497472, aligned: 4718487. Iterative edges: 20182208'
2023-09-03 10:57:24 - b'INFO  main_iterate.cpp              :  138 - Processed: 79691776, aligned: 4985226. Iterative edges: 20518114'
2023-09-03 10:57:24 - b'INFO  main_iterate.cpp              :  138 - Processed: 83886080, aligned: 5253285. Iterative edges: 20827494'
2023-09-03 10:57:25 - b'INFO  main_iterate.cpp              :  138 - Processed: 88080384, aligned: 5519535. Iterative edges: 21114618'
2023-09-03 10:57:25 - b'INFO  main_iterate.cpp              :  138 - Processed: 92274688, aligned: 5785288. Iterative edges: 21378631'
2023-09-03 10:57:25 - b'INFO  main_iterate.cpp              :  138 - Processed: 93085366, aligned: 5836445. Iterative edges: 21427890'
2023-09-03 10:57:28 - b'INFO  main_iterate.cpp              :  142 - Total: 93085366, aligned: 5836445. Iterative edges: 21427890'
2023-09-03 10:57:32 - b'INFO  utils/utils.h                 :  152 - Real: 31.6030\tuser: 3197.7004\tsys: 9.3997\tmaxrss: 1301960'
2023-09-03 10:57:32 - Build graph for k = 59 
2023-09-03 10:57:32 - command /home/diego.franco/.conda/envs/anvio/bin/megahit_core_popcnt seq2sdbg --host_mem 631211914444 --mem_flag 1 --output_prefix /mnt/qnap/users/diego.franco/tomato_metagenomics/assemblies/T1_ANT_assembly/tmp/k59/59 --num_cpu_threads 160 -k 59 --kmer_from 39 --input_prefix /mnt/qnap/users/diego.franco/tomato_metagenomics/assemblies/T1_ANT_assembly/tmp/k59/59 --addi_contig /mnt/qnap/users/diego.franco/tomato_metagenomics/assemblies/T1_ANT_assembly/intermediate_contigs/k39.addi.fa --local_contig /mnt/qnap/users/diego.franco/tomato_metagenomics/assemblies/T1_ANT_assembly/intermediate_contigs/k39.local.fa --contig /mnt/qnap/users/diego.franco/tomato_metagenomics/assemblies/T1_ANT_assembly/intermediate_contigs/k39.contigs.fa --bubble /mnt/qnap/users/diego.franco/tomato_metagenomics/assemblies/T1_ANT_assembly/intermediate_contigs/k39.bubble_seq.fa
2023-09-03 10:57:32 - b'INFO  sorting/base_engine.cpp       :  148 - Preparing data...'
2023-09-03 10:57:32 - b'INFO  sorting/seq_to_sdbg.cpp       :  369 - Number edges: 21427890'
2023-09-03 10:57:32 - b'INFO  sorting/seq_to_sdbg.cpp       :  413 - Bases to reserve: 1967061684, number contigs: 3437977, number multiplicity: 24865867'
2023-09-03 10:57:32 - b'INFO  sorting/seq_to_sdbg.cpp       :  421 - Before reading, sizeof seq_package: 519269248, multiplicity vector: 24865867'
2023-09-03 10:57:32 - b'INFO  sorting/seq_to_sdbg.cpp       :  428 - Read 21427890 edges.'
2023-09-03 10:57:32 - b'INFO  sorting/seq_to_sdbg.cpp       :  429 - After reading, sizeof seq_package: 519269248/21427890/1285673400, multiplicity vector: 21427890/24865867'
2023-09-03 10:57:34 - b'INFO  sorting/seq_to_sdbg.cpp       :  458 - Read 1316910 contigs from /mnt/qnap/users/diego.franco/tomato_metagenomics/assemblies/T1_ANT_assembly/intermediate_contigs/k39.contigs.fa.'
2023-09-03 10:57:34 - b'INFO  sorting/seq_to_sdbg.cpp       :  459 - After reading contigs, sizeof seq_package: 519269248/22744800/1827270781, multiplicity vector: 22744800/24865867'
2023-09-03 10:57:34 - b'INFO  sorting/seq_to_sdbg.cpp       :  470 - Read 363434 contigs from /mnt/qnap/users/diego.franco/tomato_metagenomics/assemblies/T1_ANT_assembly/intermediate_contigs/k39.bubble_seq.fa.'
2023-09-03 10:57:34 - b'INFO  sorting/seq_to_sdbg.cpp       :  471 - After reading contigs, sizeof seq_package: 519269248/23108234/1955587415, multiplicity vector: 23108234/24865867'
2023-09-03 10:57:35 - b'INFO  sorting/seq_to_sdbg.cpp       :  484 - Read 43650 contigs from /mnt/qnap/users/diego.franco/tomato_metagenomics/assemblies/T1_ANT_assembly/intermediate_contigs/k39.addi.fa.'
2023-09-03 10:57:35 - b'INFO  sorting/seq_to_sdbg.cpp       :  485 - After reading contigs, sizeof seq_package: 1011034672/23151884/1999439535, multiplicity vector: 23151884/24865867'
2023-09-03 10:57:47 - b'INFO  sorting/seq_to_sdbg.cpp       :  498 - Read 1247176 contigs from /mnt/qnap/users/diego.franco/tomato_metagenomics/assemblies/T1_ANT_assembly/intermediate_contigs/k39.local.fa.'
2023-09-03 10:57:47 - b'INFO  sorting/seq_to_sdbg.cpp       :  499 - After reading contigs, sizeof seq_package: 1011034672/24399060/2619485391, multiplicity vector: 24399060/24865867'
2023-09-03 10:57:47 - b'INFO  sorting/seq_to_sdbg.cpp       :  506 - Finally, sizeof seq_package: 1011034672/24399060/2619485391, multiplicity vector: 24399060/24865867'
2023-09-03 10:57:47 - b'INFO  sorting/base_engine.cpp       :  153 - Preparing data... Done. Time elapsed: 15.7411'
2023-09-03 10:57:47 - b'INFO  sorting/base_engine.cpp       :  156 - Preparing partitions and calculating bucket sizes...'
2023-09-03 10:57:48 - b'INFO  sorting/base_engine.cpp       :   80 - Minimum memory required: 1189206490 bytes'
2023-09-03 10:57:48 - b'INFO  sorting/base_engine.cpp       :  138 - Lv1 items: 327663725, Lv2 items: 17999040'
2023-09-03 10:57:48 - b'INFO  sorting/base_engine.cpp       :  139 - Memory of derived class: 1081231166, Memory for Lv1+Lv2: 1670635700'
2023-09-03 10:57:48 - b'INFO  sorting/base_engine.cpp       :  165 - Preparing partitions and calculating bucket sizes... Done. Time elapsed: 0.9575'
2023-09-03 10:57:48 - b'INFO  sorting/base_engine.cpp       :  172 - Start main loop...'
2023-09-03 10:57:48 - b'INFO  sorting/base_engine.cpp       :  185 - Lv1 scanning from bucket 0 to 113'
2023-09-03 10:57:49 - b'INFO  sorting/base_engine.cpp       :  192 - Lv1 scanning done. Large diff: 0. Time elapsed: 0.5398'
2023-09-03 10:57:49 - b'INFO  sorting/base_engine.cpp       :  198 - Lv1 fetching & sorting done. Time elapsed: 0.4244'
2023-09-03 10:57:49 - b'INFO  sorting/base_engine.cpp       :  185 - Lv1 scanning from bucket 113 to 426'
2023-09-03 10:57:50 - b'INFO  sorting/base_engine.cpp       :  192 - Lv1 scanning done. Large diff: 0. Time elapsed: 0.5857'
2023-09-03 10:57:51 - b'INFO  sorting/base_engine.cpp       :  198 - Lv1 fetching & sorting done. Time elapsed: 0.5990'
2023-09-03 10:57:51 - b'INFO  sorting/base_engine.cpp       :  185 - Lv1 scanning from bucket 426 to 1448'
2023-09-03 10:57:51 - b'INFO  sorting/base_engine.cpp       :  192 - Lv1 scanning done. Large diff: 0. Time elapsed: 0.7042'
2023-09-03 10:57:52 - b'INFO  sorting/base_engine.cpp       :  198 - Lv1 fetching & sorting done. Time elapsed: 1.2030'
2023-09-03 10:57:52 - b'INFO  sorting/base_engine.cpp       :  185 - Lv1 scanning from bucket 1448 to 3397'
2023-09-03 10:57:53 - b'INFO  sorting/base_engine.cpp       :  192 - Lv1 scanning done. Large diff: 0. Time elapsed: 0.9262'
2023-09-03 10:57:55 - b'INFO  sorting/base_engine.cpp       :  198 - Lv1 fetching & sorting done. Time elapsed: 1.4325'
2023-09-03 10:57:55 - b'INFO  sorting/base_engine.cpp       :  185 - Lv1 scanning from bucket 3397 to 6601'
2023-09-03 10:57:56 - b'INFO  sorting/base_engine.cpp       :  192 - Lv1 scanning done. Large diff: 0. Time elapsed: 1.1212'
2023-09-03 10:57:58 - b'INFO  sorting/base_engine.cpp       :  198 - Lv1 fetching & sorting done. Time elapsed: 1.6183'
2023-09-03 10:57:58 - b'INFO  sorting/base_engine.cpp       :  185 - Lv1 scanning from bucket 6601 to 11457'
2023-09-03 10:57:59 - b'INFO  sorting/base_engine.cpp       :  192 - Lv1 scanning done. Large diff: 0. Time elapsed: 1.3308'
2023-09-03 10:58:11 - b'INFO  sorting/base_engine.cpp       :  198 - Lv1 fetching & sorting done. Time elapsed: 12.0448'
2023-09-03 10:58:11 - b'INFO  sorting/base_engine.cpp       :  185 - Lv1 scanning from bucket 11457 to 18837'
2023-09-03 10:58:12 - b'INFO  sorting/base_engine.cpp       :  192 - Lv1 scanning done. Large diff: 0. Time elapsed: 1.4130'
2023-09-03 10:58:14 - b'INFO  sorting/base_engine.cpp       :  198 - Lv1 fetching & sorting done. Time elapsed: 2.1349'
2023-09-03 10:58:14 - b'INFO  sorting/base_engine.cpp       :  185 - Lv1 scanning from bucket 18837 to 31325'
2023-09-03 10:58:16 - b'INFO  sorting/base_engine.cpp       :  192 - Lv1 scanning done. Large diff: 0. Time elapsed: 1.5307'
2023-09-03 10:58:18 - b'INFO  sorting/base_engine.cpp       :  198 - Lv1 fetching & sorting done. Time elapsed: 2.2973'
2023-09-03 10:58:18 - b'INFO  sorting/base_engine.cpp       :  185 - Lv1 scanning from bucket 31325 to 65536'
2023-09-03 10:58:20 - b'INFO  sorting/base_engine.cpp       :  192 - Lv1 scanning done. Large diff: 0. Time elapsed: 1.3734'
2023-09-03 10:58:22 - b'INFO  sorting/base_engine.cpp       :  198 - Lv1 fetching & sorting done. Time elapsed: 2.0744'
2023-09-03 10:58:22 - b'INFO  sorting/base_engine.cpp       :  204 - Main loop done. Time elapsed: 33.3550'
2023-09-03 10:58:22 - b'INFO  sorting/base_engine.cpp       :  207 - Postprocessing...'
2023-09-03 10:58:43 - b'INFO  sorting/seq_to_sdbg.cpp       :  793 - Number of $ A C G T A- C- G- T-:'
2023-09-03 10:58:43 - b'INFO  sorting/seq_to_sdbg.cpp       :  794 - 1743002 379518584 190829576 190692413 379456591 453755 226691 227522 455896'
2023-09-03 10:58:43 - b'INFO  sorting/seq_to_sdbg.cpp       :  800 - Total number of edges: 1143604030'
2023-09-03 10:58:43 - b'INFO  sorting/seq_to_sdbg.cpp       :  801 - Total number of ONEs: 1140497164'
2023-09-03 10:58:43 - b'INFO  sorting/seq_to_sdbg.cpp       :  802 - Total number of $v edges: 1743002'
2023-09-03 10:58:43 - b'INFO  sorting/base_engine.cpp       :  210 - Postprocess done. Time elapsed: 21.1509'
2023-09-03 10:58:43 - b'INFO  utils/utils.h                 :  152 - Real: 71.2995\tuser: 2211.1374\tsys: 17.9516\tmaxrss: 2668136'
2023-09-03 10:58:43 - Assemble contigs from SdBG for k = 59
2023-09-03 10:58:43 - command /home/diego.franco/.conda/envs/anvio/bin/megahit_core_popcnt assemble -s /mnt/qnap/users/diego.franco/tomato_metagenomics/assemblies/T1_ANT_assembly/tmp/k59/59 -o /mnt/qnap/users/diego.franco/tomato_metagenomics/assemblies/T1_ANT_assembly/intermediate_contigs/k59 -t 160 --min_standalone 1000 --prune_level 2 --merge_len 20 --merge_similar 0.95 --cleaning_rounds 5 --disconnect_ratio 0.1 --low_local_ratio 0.2 --cleaning_rounds 5 --min_depth 2 --bubble_level 2 --max_tip_len -1 --careful_bubble
2023-09-03 10:58:57 - b'INFO  main_assemble.cpp             :  129 - Loading succinct de Bruijn graph: /mnt/qnap/users/diego.franco/tomato_metagenomics/assemblies/T1_ANT_assembly/tmp/k59/59Done. Time elapsed: 14.349663'
2023-09-03 10:58:57 - b'INFO  main_assemble.cpp             :  133 - Number of Edges: 1143604030; K value: 59'
2023-09-03 10:58:57 - b'INFO  main_assemble.cpp             :  140 - Number of CPU threads: 160'
2023-09-03 10:58:59 - b'INFO  assembly/sdbg_pruning.cpp     :  160 - Removing tips with length less than 2; Accumulated tips removed: 38944; time elapsed: 0.2462'
2023-09-03 10:59:00 - b'INFO  assembly/sdbg_pruning.cpp     :  160 - Removing tips with length less than 4; Accumulated tips removed: 101806; time elapsed: 0.4345'
2023-09-03 10:59:01 - b'INFO  assembly/sdbg_pruning.cpp     :  160 - Removing tips with length less than 8; Accumulated tips removed: 213728; time elapsed: 0.9064'
2023-09-03 10:59:03 - b'INFO  assembly/sdbg_pruning.cpp     :  160 - Removing tips with length less than 16; Accumulated tips removed: 398962; time elapsed: 1.8341'
2023-09-03 10:59:06 - b'INFO  assembly/sdbg_pruning.cpp     :  160 - Removing tips with length less than 32; Accumulated tips removed: 652022; time elapsed: 3.8683'
2023-09-03 10:59:12 - b'INFO  assembly/sdbg_pruning.cpp     :  160 - Removing tips with length less than 64; Accumulated tips removed: 1160262; time elapsed: 5.9612'
2023-09-03 10:59:20 - b'INFO  assembly/sdbg_pruning.cpp     :  169 - Removing tips with length less than 118; Accumulated tips removed: 1666328; time elapsed: 7.4406'
2023-09-03 10:59:20 - b'INFO  main_assemble.cpp             :  158 - Tips removal done! Time elapsed(sec): 22.313'
2023-09-03 11:00:16 - b'INFO  assembly/unitig_graph.cpp     :   83 - Graph size without loops: 1496666, palindrome: 20'
2023-09-03 11:00:17 - b'INFO  main_assemble.cpp             :  166 - unitig graph size: 1496986, time for building: 57.404'
2023-09-03 11:00:26 - b'INFO  assembly/contig_stat.h        :   40 - Max: 56940, Min: 60, N50: 1236, number contigs: 1496986, number isolated: 182788, number looped: 320, total size: 620622322,'
2023-09-03 11:00:26 - b'INFO  main_assemble.cpp             :  184 - Graph cleaning round 1'
2023-09-03 11:00:35 - b'INFO  main_assemble.cpp             :  200 - Number of bubbles removed: 84763, Time elapsed(sec): 9.326'
2023-09-03 11:00:38 - b'INFO  main_assemble.cpp             :  210 - Number of complex bubbles removed: 39744, Time elapsed(sec): 2.723122'
2023-09-03 11:00:38 - b'INFO  main_assemble.cpp             :  221 - Number unitigs disconnected: 54426, time: 0.420'
2023-09-03 11:00:39 - b'INFO  main_assemble.cpp             :  245 - Unitigs removed in excessive pruning: 3682, time: 0.185'
2023-09-03 11:00:39 - b'INFO  main_assemble.cpp             :  184 - Graph cleaning round 2'
2023-09-03 11:00:40 - b'INFO  main_assemble.cpp             :  192 - Tips removed: 14690, time: 1.061'
2023-09-03 11:00:40 - b'INFO  main_assemble.cpp             :  200 - Number of bubbles removed: 366, Time elapsed(sec): 0.264'
2023-09-03 11:00:40 - b'INFO  main_assemble.cpp             :  210 - Number of complex bubbles removed: 919, Time elapsed(sec): 0.418718'
2023-09-03 11:00:41 - b'INFO  main_assemble.cpp             :  221 - Number unitigs disconnected: 1279, time: 0.183'
2023-09-03 11:00:41 - b'INFO  main_assemble.cpp             :  245 - Unitigs removed in excessive pruning: 731, time: 0.183'
2023-09-03 11:00:41 - b'INFO  main_assemble.cpp             :  184 - Graph cleaning round 3'
2023-09-03 11:00:42 - b'INFO  main_assemble.cpp             :  192 - Tips removed: 141, time: 0.986'
2023-09-03 11:00:42 - b'INFO  main_assemble.cpp             :  200 - Number of bubbles removed: 8, Time elapsed(sec): 0.218'
2023-09-03 11:00:42 - b'INFO  main_assemble.cpp             :  210 - Number of complex bubbles removed: 11, Time elapsed(sec): 0.323537'
2023-09-03 11:00:42 - b'INFO  main_assemble.cpp             :  221 - Number unitigs disconnected: 410, time: 0.205'
2023-09-03 11:00:43 - b'INFO  main_assemble.cpp             :  245 - Unitigs removed in excessive pruning: 323, time: 0.169'
2023-09-03 11:00:43 - b'INFO  main_assemble.cpp             :  184 - Graph cleaning round 4'
2023-09-03 11:00:44 - b'INFO  main_assemble.cpp             :  192 - Tips removed: 41, time: 0.905'
2023-09-03 11:00:44 - b'INFO  main_assemble.cpp             :  200 - Number of bubbles removed: 5, Time elapsed(sec): 0.217'
2023-09-03 11:00:44 - b'INFO  main_assemble.cpp             :  210 - Number of complex bubbles removed: 0, Time elapsed(sec): 0.281947'
2023-09-03 11:00:44 - b'INFO  main_assemble.cpp             :  221 - Number unitigs disconnected: 123, time: 0.195'
2023-09-03 11:00:44 - b'INFO  main_assemble.cpp             :  245 - Unitigs removed in excessive pruning: 111, time: 0.136'
2023-09-03 11:00:44 - b'INFO  main_assemble.cpp             :  184 - Graph cleaning round 5'
2023-09-03 11:00:49 - b'INFO  main_assemble.cpp             :  192 - Tips removed: 16, time: 4.178'
2023-09-03 11:00:49 - b'INFO  main_assemble.cpp             :  200 - Number of bubbles removed: 0, Time elapsed(sec): 0.214'
2023-09-03 11:00:49 - b'INFO  main_assemble.cpp             :  210 - Number of complex bubbles removed: 0, Time elapsed(sec): 0.271301'
2023-09-03 11:00:49 - b'INFO  main_assemble.cpp             :  221 - Number unitigs disconnected: 48, time: 0.195'
2023-09-03 11:00:49 - b'INFO  main_assemble.cpp             :  245 - Unitigs removed in excessive pruning: 44, time: 0.180'
2023-09-03 11:00:56 - b'INFO  assembly/contig_stat.h        :   40 - Max: 173333, Min: 60, N50: 1866, number contigs: 1042454, number isolated: 208448, number looped: 332, total size: 584473575,'
2023-09-03 11:01:19 - b'INFO  main_assemble.cpp             :  267 - Time to output: 23.751995'
2023-09-03 11:01:24 - b'INFO  main_assemble.cpp             :  286 - Number of local low depth unitigs removed: 23048, complex bubbles removed: 1202, time: 4.730603'
2023-09-03 11:01:30 - b'INFO  assembly/contig_stat.h        :   40 - Max: 173333, Min: 60, N50: 1962, number contigs: 979259, number isolated: 212560, number looped: 345, total size: 579595806,'
2023-09-03 11:01:52 - b'INFO  utils/utils.h                 :  152 - Real: 189.0195\tuser: 21765.5891\tsys: 35.8858\tmaxrss: 2523780'
2023-09-03 11:01:53 - Local assembly for k = 59
2023-09-03 11:01:53 - command /home/diego.franco/.conda/envs/anvio/bin/megahit_core_popcnt local -c /mnt/qnap/users/diego.franco/tomato_metagenomics/assemblies/T1_ANT_assembly/intermediate_contigs/k59.contigs.fa -l /mnt/qnap/users/diego.franco/tomato_metagenomics/assemblies/T1_ANT_assembly/tmp/reads.lib -t 160 -o /mnt/qnap/users/diego.franco/tomato_metagenomics/assemblies/T1_ANT_assembly/intermediate_contigs/k59.local.fa --kmax 79
2023-09-03 11:07:08 - b'INFO  localasm/hash_mapper.cpp      :   99 - Number of contigs: 507453, index size: 63491634'
2023-09-03 11:07:08 - b'INFO  localasm/local_assemble.cpp   :  315 - Hash mapper construction time elapsed: 315.288408'
2023-09-03 11:07:08 - b'INFO  sequence/io/sequence_lib.cpp  :  115 - Before reading, sizeof seq_package: 3071817088'
2023-09-03 11:07:12 - b'INFO  sequence/io/sequence_lib.cpp  :  117 - After reading, sizeof seq_package: 3071817088'
2023-09-03 11:07:12 - b'INFO  localasm/local_assemble.cpp   :  324 - Read lib time elapsed: 4.195368'
2023-09-03 11:07:14 - b'INFO  localasm/local_assemble.cpp   :  133 - Lib 0, insert size: 305.00 sd: 73.93'
2023-09-03 11:07:14 - b'INFO  localasm/local_assemble.cpp   :  330 - Insert size estimation time elapsed: 1.843071'
2023-09-03 11:07:33 - b'INFO  localasm/local_assemble.cpp   :  218 - Lib 0: total 93085366 reads, aligned 77925407, added 25801186 reads to local assembly'
2023-09-03 11:07:33 - b'INFO  localasm/local_assemble.cpp   :  338 - Mapping time elapsed: 19.398056'
2023-09-03 11:07:33 - b'INFO  localasm/local_assemble.cpp   :  232 - Minimum number of reads to do local assembly: 5'
2023-09-03 11:08:48 - b'INFO  localasm/local_assemble.cpp   :  346 - Local assembly time elapsed: 74.345487'
2023-09-03 11:08:48 - b'INFO  utils/utils.h                 :  152 - Real: 415.5526\tuser: 52569.3307\tsys: 18.8679\tmaxrss: 6188404'
2023-09-03 11:08:48 - Extract iterative edges from k = 59 to 79 
2023-09-03 11:08:48 - command /home/diego.franco/.conda/envs/anvio/bin/megahit_core_popcnt iterate -c /mnt/qnap/users/diego.franco/tomato_metagenomics/assemblies/T1_ANT_assembly/intermediate_contigs/k59.contigs.fa -b /mnt/qnap/users/diego.franco/tomato_metagenomics/assemblies/T1_ANT_assembly/intermediate_contigs/k59.bubble_seq.fa -t 160 -k 59 -s 20 -o /mnt/qnap/users/diego.franco/tomato_metagenomics/assemblies/T1_ANT_assembly/tmp/k79/79 -r /mnt/qnap/users/diego.franco/tomato_metagenomics/assemblies/T1_ANT_assembly/tmp/reads.lib.bin
2023-09-03 11:08:48 - b'INFO  main_iterate.cpp              :  190 - Selected kmer type size for k: 16'
2023-09-03 11:08:49 - b'INFO  main_iterate.cpp              :  174 - Read 578573 contigs'
2023-09-03 11:08:53 - b'INFO  main_iterate.cpp              :  176 - Number of flank kmers: 1135706'
2023-09-03 11:08:53 - b'INFO  main_iterate.cpp              :  174 - Read 255433 contigs'
2023-09-03 11:08:55 - b'INFO  main_iterate.cpp              :  176 - Number of flank kmers: 1636477'
2023-09-03 11:08:56 - b'INFO  main_iterate.cpp              :  174 - Read 257530 contigs'
2023-09-03 11:08:58 - b'INFO  main_iterate.cpp              :  176 - Number of flank kmers: 2020108'
2023-09-03 11:08:58 - b'INFO  main_iterate.cpp              :  123 - Selected kmer type size for next k: 20'
2023-09-03 11:08:58 - b'INFO  main_iterate.cpp              :  138 - Processed: 4194304, aligned: 145847. Iterative edges: 1039284'
2023-09-03 11:08:59 - b'INFO  main_iterate.cpp              :  138 - Processed: 8388608, aligned: 290681. Iterative edges: 1887577'
2023-09-03 11:08:59 - b'INFO  main_iterate.cpp              :  138 - Processed: 12582912, aligned: 439549. Iterative edges: 2661232'
2023-09-03 11:08:59 - b'INFO  main_iterate.cpp              :  138 - Processed: 16777216, aligned: 587192. Iterative edges: 3347556'
2023-09-03 11:08:59 - b'INFO  main_iterate.cpp              :  138 - Processed: 20971520, aligned: 733926. Iterative edges: 3972733'
2023-09-03 11:08:59 - b'INFO  main_iterate.cpp              :  138 - Processed: 25165824, aligned: 880392. Iterative edges: 4543941'
2023-09-03 11:09:00 - b'INFO  main_iterate.cpp              :  138 - Processed: 29360128, aligned: 1027265. Iterative edges: 5068759'
2023-09-03 11:09:00 - b'INFO  main_iterate.cpp              :  138 - Processed: 33554432, aligned: 1172845. Iterative edges: 5548448'
2023-09-03 11:09:00 - b'INFO  main_iterate.cpp              :  138 - Processed: 37748736, aligned: 1310692. Iterative edges: 5972092'
2023-09-03 11:09:00 - b'INFO  main_iterate.cpp              :  138 - Processed: 41943040, aligned: 1456408. Iterative edges: 6405307'
2023-09-03 11:09:00 - b'INFO  main_iterate.cpp              :  138 - Processed: 46137344, aligned: 1606253. Iterative edges: 6829520'
2023-09-03 11:09:01 - b'INFO  main_iterate.cpp              :  138 - Processed: 50331648, aligned: 1754393. Iterative edges: 7216233'
2023-09-03 11:09:01 - b'INFO  main_iterate.cpp              :  138 - Processed: 54525952, aligned: 1906455. Iterative edges: 7587210'
2023-09-03 11:09:01 - b'INFO  main_iterate.cpp              :  138 - Processed: 58720256, aligned: 2053308. Iterative edges: 7915455'
2023-09-03 11:09:01 - b'INFO  main_iterate.cpp              :  138 - Processed: 62914560, aligned: 2203763. Iterative edges: 8225382'
2023-09-03 11:09:01 - b'INFO  main_iterate.cpp              :  138 - Processed: 67108864, aligned: 2351531. Iterative edges: 8504715'
2023-09-03 11:09:02 - b'INFO  main_iterate.cpp              :  138 - Processed: 71303168, aligned: 2500190. Iterative edges: 8768690'
2023-09-03 11:09:02 - b'INFO  main_iterate.cpp              :  138 - Processed: 75497472, aligned: 2647477. Iterative edges: 9010728'
2023-09-03 11:09:02 - b'INFO  main_iterate.cpp              :  138 - Processed: 79691776, aligned: 2793458. Iterative edges: 9237555'
2023-09-03 11:09:02 - b'INFO  main_iterate.cpp              :  138 - Processed: 83886080, aligned: 2940647. Iterative edges: 9448330'
2023-09-03 11:09:02 - b'INFO  main_iterate.cpp              :  138 - Processed: 88080384, aligned: 3086064. Iterative edges: 9640892'
2023-09-03 11:09:03 - b'INFO  main_iterate.cpp              :  138 - Processed: 92274688, aligned: 3231715. Iterative edges: 9827990'
2023-09-03 11:09:03 - b'INFO  main_iterate.cpp              :  138 - Processed: 93085366, aligned: 3259514. Iterative edges: 9862384'
2023-09-03 11:09:04 - b'INFO  main_iterate.cpp              :  142 - Total: 93085366, aligned: 3259514. Iterative edges: 9862384'
2023-09-03 11:09:06 - b'INFO  utils/utils.h                 :  152 - Real: 18.1678\tuser: 1445.5907\tsys: 2.5820\tmaxrss: 862148'
2023-09-03 11:09:07 - Build graph for k = 79 
2023-09-03 11:09:07 - command /home/diego.franco/.conda/envs/anvio/bin/megahit_core_popcnt seq2sdbg --host_mem 631211914444 --mem_flag 1 --output_prefix /mnt/qnap/users/diego.franco/tomato_metagenomics/assemblies/T1_ANT_assembly/tmp/k79/79 --num_cpu_threads 160 -k 79 --kmer_from 59 --input_prefix /mnt/qnap/users/diego.franco/tomato_metagenomics/assemblies/T1_ANT_assembly/tmp/k79/79 --addi_contig /mnt/qnap/users/diego.franco/tomato_metagenomics/assemblies/T1_ANT_assembly/intermediate_contigs/k59.addi.fa --local_contig /mnt/qnap/users/diego.franco/tomato_metagenomics/assemblies/T1_ANT_assembly/intermediate_contigs/k59.local.fa --contig /mnt/qnap/users/diego.franco/tomato_metagenomics/assemblies/T1_ANT_assembly/intermediate_contigs/k59.contigs.fa --bubble /mnt/qnap/users/diego.franco/tomato_metagenomics/assemblies/T1_ANT_assembly/intermediate_contigs/k59.bubble_seq.fa
2023-09-03 11:09:07 - b'INFO  sorting/base_engine.cpp       :  148 - Preparing data...'
2023-09-03 11:09:07 - b'INFO  sorting/seq_to_sdbg.cpp       :  369 - Number edges: 9862384'
2023-09-03 11:09:07 - b'INFO  sorting/seq_to_sdbg.cpp       :  413 - Bases to reserve: 1378184322, number contigs: 2457483, number multiplicity: 12319867'
2023-09-03 11:09:07 - b'INFO  sorting/seq_to_sdbg.cpp       :  421 - Before reading, sizeof seq_package: 364205956, multiplicity vector: 12319867'
2023-09-03 11:09:07 - b'INFO  sorting/seq_to_sdbg.cpp       :  428 - Read 9862384 edges.'
2023-09-03 11:09:07 - b'INFO  sorting/seq_to_sdbg.cpp       :  429 - After reading, sizeof seq_package: 364205956/9862384/788990720, multiplicity vector: 9862384/12319867'
2023-09-03 11:09:08 - b'INFO  sorting/seq_to_sdbg.cpp       :  458 - Read 851367 contigs from /mnt/qnap/users/diego.franco/tomato_metagenomics/assemblies/T1_ANT_assembly/intermediate_contigs/k59.contigs.fa.'
2023-09-03 11:09:08 - b'INFO  sorting/seq_to_sdbg.cpp       :  459 - After reading contigs, sizeof seq_package: 364205956/10713751/1360716291, multiplicity vector: 10713751/12319867'
2023-09-03 11:09:09 - b'INFO  sorting/seq_to_sdbg.cpp       :  470 - Read 243722 contigs from /mnt/qnap/users/diego.franco/tomato_metagenomics/assemblies/T1_ANT_assembly/intermediate_contigs/k59.bubble_seq.fa.'
2023-09-03 11:09:09 - b'INFO  sorting/seq_to_sdbg.cpp       :  471 - After reading contigs, sizeof seq_package: 708752040/10957473/1502511379, multiplicity vector: 10957473/12319867'
2023-09-03 11:09:09 - b'INFO  sorting/seq_to_sdbg.cpp       :  484 - Read 25286 contigs from /mnt/qnap/users/diego.franco/tomato_metagenomics/assemblies/T1_ANT_assembly/intermediate_contigs/k59.addi.fa.'
2023-09-03 11:09:09 - b'INFO  sorting/seq_to_sdbg.cpp       :  485 - After reading contigs, sizeof seq_package: 708752040/10982759/1547504177, multiplicity vector: 10982759/12319867'
2023-09-03 11:09:11 - b'INFO  sorting/seq_to_sdbg.cpp       :  498 - Read 1131179 contigs from /mnt/qnap/users/diego.franco/tomato_metagenomics/assemblies/T1_ANT_assembly/intermediate_contigs/k59.local.fa.'
2023-09-03 11:09:11 - b'INFO  sorting/seq_to_sdbg.cpp       :  499 - After reading contigs, sizeof seq_package: 708752040/12113938/2099561267, multiplicity vector: 12113938/12319867'
2023-09-03 11:09:11 - b'INFO  sorting/seq_to_sdbg.cpp       :  506 - Finally, sizeof seq_package: 708752040/12113938/2099561267, multiplicity vector: 12113938/12319867'
2023-09-03 11:09:11 - b'INFO  sorting/base_engine.cpp       :  153 - Preparing data... Done. Time elapsed: 4.2995'
2023-09-03 11:09:11 - b'INFO  sorting/base_engine.cpp       :  156 - Preparing partitions and calculating bucket sizes...'
2023-09-03 11:09:11 - b'INFO  sorting/base_engine.cpp       :   80 - Minimum memory required: 855357642 bytes'
2023-09-03 11:09:12 - b'INFO  sorting/base_engine.cpp       :  138 - Lv1 items: 311143477, Lv2 items: 17091520'
2023-09-03 11:09:12 - b'INFO  sorting/base_engine.cpp       :  139 - Memory of derived class: 749794622, Memory for Lv1+Lv2: 1654770388'
2023-09-03 11:09:12 - b'INFO  sorting/base_engine.cpp       :  165 - Preparing partitions and calculating bucket sizes... Done. Time elapsed: 1.0044'
2023-09-03 11:09:12 - b'INFO  sorting/base_engine.cpp       :  172 - Start main loop...'
2023-09-03 11:09:12 - b'INFO  sorting/base_engine.cpp       :  185 - Lv1 scanning from bucket 0 to 105'
2023-09-03 11:09:12 - b'INFO  sorting/base_engine.cpp       :  192 - Lv1 scanning done. Large diff: 0. Time elapsed: 0.4007'
2023-09-03 11:09:13 - b'INFO  sorting/base_engine.cpp       :  198 - Lv1 fetching & sorting done. Time elapsed: 0.3182'
2023-09-03 11:09:13 - b'INFO  sorting/base_engine.cpp       :  185 - Lv1 scanning from bucket 105 to 308'
2023-09-03 11:09:13 - b'INFO  sorting/base_engine.cpp       :  192 - Lv1 scanning done. Large diff: 0. Time elapsed: 0.4223'
2023-09-03 11:09:13 - b'INFO  sorting/base_engine.cpp       :  198 - Lv1 fetching & sorting done. Time elapsed: 0.2792'
2023-09-03 11:09:13 - b'INFO  sorting/base_engine.cpp       :  185 - Lv1 scanning from bucket 308 to 1016'
2023-09-03 11:09:14 - b'INFO  sorting/base_engine.cpp       :  192 - Lv1 scanning done. Large diff: 0. Time elapsed: 0.5421'
2023-09-03 11:09:15 - b'INFO  sorting/base_engine.cpp       :  198 - Lv1 fetching & sorting done. Time elapsed: 0.7150'
2023-09-03 11:09:15 - b'INFO  sorting/base_engine.cpp       :  185 - Lv1 scanning from bucket 1016 to 2609'
2023-09-03 11:09:15 - b'INFO  sorting/base_engine.cpp       :  192 - Lv1 scanning done. Large diff: 0. Time elapsed: 0.6351'
2023-09-03 11:09:16 - b'INFO  sorting/base_engine.cpp       :  198 - Lv1 fetching & sorting done. Time elapsed: 1.1622'
2023-09-03 11:09:16 - b'INFO  sorting/base_engine.cpp       :  185 - Lv1 scanning from bucket 2609 to 5329'
2023-09-03 11:09:17 - b'INFO  sorting/base_engine.cpp       :  192 - Lv1 scanning done. Large diff: 0. Time elapsed: 0.8035'
2023-09-03 11:09:18 - b'INFO  sorting/base_engine.cpp       :  198 - Lv1 fetching & sorting done. Time elapsed: 1.3385'
2023-09-03 11:09:18 - b'INFO  sorting/base_engine.cpp       :  185 - Lv1 scanning from bucket 5329 to 9620'
2023-09-03 11:09:19 - b'INFO  sorting/base_engine.cpp       :  192 - Lv1 scanning done. Large diff: 0. Time elapsed: 0.9434'
2023-09-03 11:09:21 - b'INFO  sorting/base_engine.cpp       :  198 - Lv1 fetching & sorting done. Time elapsed: 1.5135'
2023-09-03 11:09:21 - b'INFO  sorting/base_engine.cpp       :  185 - Lv1 scanning from bucket 9620 to 16073'
2023-09-03 11:09:22 - b'INFO  sorting/base_engine.cpp       :  192 - Lv1 scanning done. Large diff: 0. Time elapsed: 1.0690'
2023-09-03 11:09:34 - b'INFO  sorting/base_engine.cpp       :  198 - Lv1 fetching & sorting done. Time elapsed: 11.5405'
2023-09-03 11:09:34 - b'INFO  sorting/base_engine.cpp       :  185 - Lv1 scanning from bucket 16073 to 26486'
2023-09-03 11:09:35 - b'INFO  sorting/base_engine.cpp       :  192 - Lv1 scanning done. Large diff: 0. Time elapsed: 1.1489'
2023-09-03 11:09:37 - b'INFO  sorting/base_engine.cpp       :  198 - Lv1 fetching & sorting done. Time elapsed: 1.9365'
2023-09-03 11:09:37 - b'INFO  sorting/base_engine.cpp       :  185 - Lv1 scanning from bucket 26486 to 50394'
2023-09-03 11:09:38 - b'INFO  sorting/base_engine.cpp       :  192 - Lv1 scanning done. Large diff: 0. Time elapsed: 1.2479'
2023-09-03 11:09:40 - b'INFO  sorting/base_engine.cpp       :  198 - Lv1 fetching & sorting done. Time elapsed: 2.2068'
2023-09-03 11:09:40 - b'INFO  sorting/base_engine.cpp       :  185 - Lv1 scanning from bucket 50394 to 65536'
2023-09-03 11:09:41 - b'INFO  sorting/base_engine.cpp       :  192 - Lv1 scanning done. Large diff: 0. Time elapsed: 0.5516'
2023-09-03 11:09:41 - b'INFO  sorting/base_engine.cpp       :  198 - Lv1 fetching & sorting done. Time elapsed: 0.4223'
2023-09-03 11:09:41 - b'INFO  sorting/base_engine.cpp       :  204 - Main loop done. Time elapsed: 29.1984'
2023-09-03 11:09:41 - b'INFO  sorting/base_engine.cpp       :  207 - Postprocessing...'
2023-09-03 11:10:02 - b'INFO  sorting/seq_to_sdbg.cpp       :  793 - Number of $ A C G T A- C- G- T-:'
2023-09-03 11:10:02 - b'INFO  sorting/seq_to_sdbg.cpp       :  794 - 1529685 410461254 209263564 209230390 410458900 404701 217300 219161 402663'
2023-09-03 11:10:02 - b'INFO  sorting/seq_to_sdbg.cpp       :  800 - Total number of edges: 1242187618'
2023-09-03 11:10:02 - b'INFO  sorting/seq_to_sdbg.cpp       :  801 - Total number of ONEs: 1239414108'
2023-09-03 11:10:02 - b'INFO  sorting/seq_to_sdbg.cpp       :  802 - Total number of $v edges: 1529685'
2023-09-03 11:10:02 - b'INFO  sorting/base_engine.cpp       :  210 - Postprocess done. Time elapsed: 21.3055'
2023-09-03 11:10:02 - b'INFO  utils/utils.h                 :  152 - Real: 55.9164\tuser: 1845.4659\tsys: 14.1356\tmaxrss: 2496336'
2023-09-03 11:10:03 - Assemble contigs from SdBG for k = 79
2023-09-03 11:10:03 - command /home/diego.franco/.conda/envs/anvio/bin/megahit_core_popcnt assemble -s /mnt/qnap/users/diego.franco/tomato_metagenomics/assemblies/T1_ANT_assembly/tmp/k79/79 -o /mnt/qnap/users/diego.franco/tomato_metagenomics/assemblies/T1_ANT_assembly/intermediate_contigs/k79 -t 160 --min_standalone 1000 --prune_level 2 --merge_len 20 --merge_similar 0.95 --cleaning_rounds 5 --disconnect_ratio 0.1 --low_local_ratio 0.2 --cleaning_rounds 5 --min_depth 2 --bubble_level 2 --max_tip_len -1 --careful_bubble
2023-09-03 11:10:18 - b'INFO  main_assemble.cpp             :  129 - Loading succinct de Bruijn graph: /mnt/qnap/users/diego.franco/tomato_metagenomics/assemblies/T1_ANT_assembly/tmp/k79/79Done. Time elapsed: 15.335474'
2023-09-03 11:10:18 - b'INFO  main_assemble.cpp             :  133 - Number of Edges: 1242187618; K value: 79'
2023-09-03 11:10:18 - b'INFO  main_assemble.cpp             :  140 - Number of CPU threads: 160'
2023-09-03 11:10:20 - b'INFO  assembly/sdbg_pruning.cpp     :  160 - Removing tips with length less than 2; Accumulated tips removed: 31352; time elapsed: 0.2439'
2023-09-03 11:10:20 - b'INFO  assembly/sdbg_pruning.cpp     :  160 - Removing tips with length less than 4; Accumulated tips removed: 86671; time elapsed: 0.3909'
2023-09-03 11:10:21 - b'INFO  assembly/sdbg_pruning.cpp     :  160 - Removing tips with length less than 8; Accumulated tips removed: 189298; time elapsed: 0.7380'
2023-09-03 11:10:22 - b'INFO  assembly/sdbg_pruning.cpp     :  160 - Removing tips with length less than 16; Accumulated tips removed: 376113; time elapsed: 1.3725'
2023-09-03 11:10:25 - b'INFO  assembly/sdbg_pruning.cpp     :  160 - Removing tips with length less than 32; Accumulated tips removed: 669295; time elapsed: 2.5064'
2023-09-03 11:10:29 - b'INFO  assembly/sdbg_pruning.cpp     :  160 - Removing tips with length less than 64; Accumulated tips removed: 1121015; time elapsed: 4.1188'
2023-09-03 11:10:35 - b'INFO  assembly/sdbg_pruning.cpp     :  160 - Removing tips with length less than 128; Accumulated tips removed: 1495307; time elapsed: 6.1765'
2023-09-03 11:10:42 - b'INFO  assembly/sdbg_pruning.cpp     :  169 - Removing tips with length less than 158; Accumulated tips removed: 1591899; time elapsed: 6.4681'
2023-09-03 11:10:42 - b'INFO  main_assemble.cpp             :  158 - Tips removal done! Time elapsed(sec): 23.846'
2023-09-03 11:11:29 - b'INFO  assembly/unitig_graph.cpp     :   83 - Graph size without loops: 1218169, palindrome: 9'
2023-09-03 11:11:29 - b'INFO  main_assemble.cpp             :  166 - unitig graph size: 1218488, time for building: 47.638'
2023-09-03 11:11:36 - b'INFO  assembly/contig_stat.h        :   40 - Max: 172461, Min: 80, N50: 1950, number contigs: 1218488, number isolated: 163615, number looped: 319, total size: 677017782,'
2023-09-03 11:11:36 - b'INFO  main_assemble.cpp             :  184 - Graph cleaning round 1'
2023-09-03 11:11:39 - b'INFO  main_assemble.cpp             :  200 - Number of bubbles removed: 43055, Time elapsed(sec): 3.064'
2023-09-03 11:11:41 - b'INFO  main_assemble.cpp             :  210 - Number of complex bubbles removed: 23510, Time elapsed(sec): 2.052168'
2023-09-03 11:11:42 - b'INFO  main_assemble.cpp             :  221 - Number unitigs disconnected: 36469, time: 0.294'
2023-09-03 11:11:42 - b'INFO  main_assemble.cpp             :  245 - Unitigs removed in excessive pruning: 1931, time: 0.156'
2023-09-03 11:11:42 - b'INFO  main_assemble.cpp             :  184 - Graph cleaning round 2'
2023-09-03 11:11:43 - b'INFO  main_assemble.cpp             :  192 - Tips removed: 8905, time: 0.953'
2023-09-03 11:11:43 - b'INFO  main_assemble.cpp             :  200 - Number of bubbles removed: 91, Time elapsed(sec): 0.194'
2023-09-03 11:11:44 - b'INFO  main_assemble.cpp             :  210 - Number of complex bubbles removed: 350, Time elapsed(sec): 0.466262'
2023-09-03 11:11:44 - b'INFO  main_assemble.cpp             :  221 - Number unitigs disconnected: 820, time: 0.164'
2023-09-03 11:11:44 - b'INFO  main_assemble.cpp             :  245 - Unitigs removed in excessive pruning: 503, time: 0.146'
2023-09-03 11:11:44 - b'INFO  main_assemble.cpp             :  184 - Graph cleaning round 3'
2023-09-03 11:11:45 - b'INFO  main_assemble.cpp             :  192 - Tips removed: 95, time: 0.772'
2023-09-03 11:11:45 - b'INFO  main_assemble.cpp             :  200 - Number of bubbles removed: 7, Time elapsed(sec): 0.168'
2023-09-03 11:11:45 - b'INFO  main_assemble.cpp             :  210 - Number of complex bubbles removed: 6, Time elapsed(sec): 0.234702'
2023-09-03 11:11:45 - b'INFO  main_assemble.cpp             :  221 - Number unitigs disconnected: 295, time: 0.153'
2023-09-03 11:11:45 - b'INFO  main_assemble.cpp             :  245 - Unitigs removed in excessive pruning: 235, time: 0.158'
2023-09-03 11:11:45 - b'INFO  main_assemble.cpp             :  184 - Graph cleaning round 4'
2023-09-03 11:11:46 - b'INFO  main_assemble.cpp             :  192 - Tips removed: 44, time: 0.886'
2023-09-03 11:11:46 - b'INFO  main_assemble.cpp             :  200 - Number of bubbles removed: 2, Time elapsed(sec): 0.164'
2023-09-03 11:11:47 - b'INFO  main_assemble.cpp             :  210 - Number of complex bubbles removed: 1, Time elapsed(sec): 0.228422'
2023-09-03 11:11:47 - b'INFO  main_assemble.cpp             :  221 - Number unitigs disconnected: 113, time: 0.158'
2023-09-03 11:11:47 - b'INFO  main_assemble.cpp             :  245 - Unitigs removed in excessive pruning: 87, time: 0.139'
2023-09-03 11:11:47 - b'INFO  main_assemble.cpp             :  184 - Graph cleaning round 5'
2023-09-03 11:11:48 - b'INFO  main_assemble.cpp             :  192 - Tips removed: 20, time: 0.784'
2023-09-03 11:11:48 - b'INFO  main_assemble.cpp             :  200 - Number of bubbles removed: 1, Time elapsed(sec): 0.165'
2023-09-03 11:11:48 - b'INFO  main_assemble.cpp             :  210 - Number of complex bubbles removed: 1, Time elapsed(sec): 0.218011'
2023-09-03 11:11:48 - b'INFO  main_assemble.cpp             :  221 - Number unitigs disconnected: 48, time: 0.160'
2023-09-03 11:11:48 - b'INFO  main_assemble.cpp             :  245 - Unitigs removed in excessive pruning: 51, time: 0.154'
2023-09-03 11:11:54 - b'INFO  assembly/contig_stat.h        :   40 - Max: 176038, Min: 80, N50: 2475, number contigs: 967582, number isolated: 180611, number looped: 151, total size: 650421861,'
2023-09-03 11:12:16 - b'INFO  main_assemble.cpp             :  267 - Time to output: 22.137058'
2023-09-03 11:12:20 - b'INFO  main_assemble.cpp             :  286 - Number of local low depth unitigs removed: 12814, complex bubbles removed: 541, time: 4.218776'
2023-09-03 11:12:26 - b'INFO  assembly/contig_stat.h        :   40 - Max: 199068, Min: 80, N50: 2544, number contigs: 933759, number isolated: 183198, number looped: 160, total size: 646882277,'
2023-09-03 11:12:48 - b'INFO  utils/utils.h                 :  152 - Real: 165.8030\tuser: 19208.1635\tsys: 35.5774\tmaxrss: 2738848'
2023-09-03 11:12:49 - Local assembly for k = 79
2023-09-03 11:12:49 - command /home/diego.franco/.conda/envs/anvio/bin/megahit_core_popcnt local -c /mnt/qnap/users/diego.franco/tomato_metagenomics/assemblies/T1_ANT_assembly/intermediate_contigs/k79.contigs.fa -l /mnt/qnap/users/diego.franco/tomato_metagenomics/assemblies/T1_ANT_assembly/tmp/reads.lib -t 160 -o /mnt/qnap/users/diego.franco/tomato_metagenomics/assemblies/T1_ANT_assembly/intermediate_contigs/k79.local.fa --kmax 99
2023-09-03 11:18:45 - b'INFO  localasm/hash_mapper.cpp      :   99 - Number of contigs: 502971, index size: 70923961'
2023-09-03 11:18:45 - b'INFO  localasm/local_assemble.cpp   :  315 - Hash mapper construction time elapsed: 355.644038'
2023-09-03 11:18:45 - b'INFO  sequence/io/sequence_lib.cpp  :  115 - Before reading, sizeof seq_package: 3071817088'
2023-09-03 11:18:49 - b'INFO  sequence/io/sequence_lib.cpp  :  117 - After reading, sizeof seq_package: 3071817088'
2023-09-03 11:18:49 - b'INFO  localasm/local_assemble.cpp   :  324 - Read lib time elapsed: 4.152645'
2023-09-03 11:18:51 - b'INFO  localasm/local_assemble.cpp   :  133 - Lib 0, insert size: 306.00 sd: 73.39'
2023-09-03 11:18:51 - b'INFO  localasm/local_assemble.cpp   :  330 - Insert size estimation time elapsed: 2.222636'
2023-09-03 11:19:14 - b'INFO  localasm/local_assemble.cpp   :  218 - Lib 0: total 93085366 reads, aligned 82613647, added 23514305 reads to local assembly'
2023-09-03 11:19:14 - b'INFO  localasm/local_assemble.cpp   :  338 - Mapping time elapsed: 22.569759'
2023-09-03 11:19:14 - b'INFO  localasm/local_assemble.cpp   :  232 - Minimum number of reads to do local assembly: 5'
2023-09-03 11:20:32 - b'INFO  localasm/local_assemble.cpp   :  346 - Local assembly time elapsed: 78.237560'
2023-09-03 11:20:33 - b'INFO  utils/utils.h                 :  152 - Real: 463.3480\tuser: 56473.3688\tsys: 10.1361\tmaxrss: 5998988'
2023-09-03 11:20:33 - Extract iterative edges from k = 79 to 99 
2023-09-03 11:20:33 - command /home/diego.franco/.conda/envs/anvio/bin/megahit_core_popcnt iterate -c /mnt/qnap/users/diego.franco/tomato_metagenomics/assemblies/T1_ANT_assembly/intermediate_contigs/k79.contigs.fa -b /mnt/qnap/users/diego.franco/tomato_metagenomics/assemblies/T1_ANT_assembly/intermediate_contigs/k79.bubble_seq.fa -t 160 -k 79 -s 20 -o /mnt/qnap/users/diego.franco/tomato_metagenomics/assemblies/T1_ANT_assembly/tmp/k99/99 -r /mnt/qnap/users/diego.franco/tomato_metagenomics/assemblies/T1_ANT_assembly/tmp/reads.lib.bin
2023-09-03 11:20:33 - b'INFO  main_iterate.cpp              :  190 - Selected kmer type size for k: 20'
2023-09-03 11:20:34 - b'INFO  main_iterate.cpp              :  174 - Read 563655 contigs'
2023-09-03 11:20:38 - b'INFO  main_iterate.cpp              :  176 - Number of flank kmers: 1109527'
2023-09-03 11:20:38 - b'INFO  main_iterate.cpp              :  174 - Read 223316 contigs'
2023-09-03 11:20:40 - b'INFO  main_iterate.cpp              :  176 - Number of flank kmers: 1548683'
2023-09-03 11:20:40 - b'INFO  main_iterate.cpp              :  174 - Read 167297 contigs'
2023-09-03 11:20:41 - b'INFO  main_iterate.cpp              :  176 - Number of flank kmers: 1797611'
2023-09-03 11:20:41 - b'INFO  main_iterate.cpp              :  123 - Selected kmer type size for next k: 28'
2023-09-03 11:20:42 - b'INFO  main_iterate.cpp              :  138 - Processed: 4194304, aligned: 100252. Iterative edges: 71574'
2023-09-03 11:20:42 - b'INFO  main_iterate.cpp              :  138 - Processed: 8388608, aligned: 200612. Iterative edges: 137793'
2023-09-03 11:20:42 - b'INFO  main_iterate.cpp              :  138 - Processed: 12582912, aligned: 303564. Iterative edges: 202238'
2023-09-03 11:20:42 - b'INFO  main_iterate.cpp              :  138 - Processed: 16777216, aligned: 405634. Iterative edges: 263480'
2023-09-03 11:20:43 - b'INFO  main_iterate.cpp              :  138 - Processed: 20971520, aligned: 506970. Iterative edges: 322293'
2023-09-03 11:20:43 - b'INFO  main_iterate.cpp              :  138 - Processed: 25165824, aligned: 608394. Iterative edges: 379380'
2023-09-03 11:20:43 - b'INFO  main_iterate.cpp              :  138 - Processed: 29360128, aligned: 710197. Iterative edges: 435078'
2023-09-03 11:20:43 - b'INFO  main_iterate.cpp              :  138 - Processed: 33554432, aligned: 810576. Iterative edges: 489039'
2023-09-03 11:20:43 - b'INFO  main_iterate.cpp              :  138 - Processed: 37748736, aligned: 904536. Iterative edges: 539113'
2023-09-03 11:20:44 - b'INFO  main_iterate.cpp              :  138 - Processed: 41943040, aligned: 1000589. Iterative edges: 591198'
2023-09-03 11:20:44 - b'INFO  main_iterate.cpp              :  138 - Processed: 46137344, aligned: 1094527. Iterative edges: 643243'
2023-09-03 11:20:44 - b'INFO  main_iterate.cpp              :  138 - Processed: 50331648, aligned: 1186695. Iterative edges: 693774'
2023-09-03 11:20:44 - b'INFO  main_iterate.cpp              :  138 - Processed: 54525952, aligned: 1282674. Iterative edges: 745443'
2023-09-03 11:20:44 - b'INFO  main_iterate.cpp              :  138 - Processed: 58720256, aligned: 1372923. Iterative edges: 793186'
2023-09-03 11:20:44 - b'INFO  main_iterate.cpp              :  138 - Processed: 62914560, aligned: 1467125. Iterative edges: 842501'
2023-09-03 11:20:45 - b'INFO  main_iterate.cpp              :  138 - Processed: 67108864, aligned: 1559052. Iterative edges: 890248'
2023-09-03 11:20:45 - b'INFO  main_iterate.cpp              :  138 - Processed: 71303168, aligned: 1650780. Iterative edges: 937408'
2023-09-03 11:20:45 - b'INFO  main_iterate.cpp              :  138 - Processed: 75497472, aligned: 1742019. Iterative edges: 983662'
2023-09-03 11:20:45 - b'INFO  main_iterate.cpp              :  138 - Processed: 79691776, aligned: 1831730. Iterative edges: 1028760'
2023-09-03 11:20:45 - b'INFO  main_iterate.cpp              :  138 - Processed: 83886080, aligned: 1921662. Iterative edges: 1073400'
2023-09-03 11:20:46 - b'INFO  main_iterate.cpp              :  138 - Processed: 88080384, aligned: 2011232. Iterative edges: 1117745'
2023-09-03 11:20:46 - b'INFO  main_iterate.cpp              :  138 - Processed: 92274688, aligned: 2101625. Iterative edges: 1161646'
2023-09-03 11:20:46 - b'INFO  main_iterate.cpp              :  138 - Processed: 93085366, aligned: 2118751. Iterative edges: 1169996'
2023-09-03 11:20:46 - b'INFO  main_iterate.cpp              :  142 - Total: 93085366, aligned: 2118751. Iterative edges: 1169996'
2023-09-03 11:20:46 - b'INFO  utils/utils.h                 :  152 - Real: 13.8474\tuser: 1231.8925\tsys: 1.7288\tmaxrss: 384196'
2023-09-03 11:20:46 - Build graph for k = 99 
2023-09-03 11:20:46 - command /home/diego.franco/.conda/envs/anvio/bin/megahit_core_popcnt seq2sdbg --host_mem 631211914444 --mem_flag 1 --output_prefix /mnt/qnap/users/diego.franco/tomato_metagenomics/assemblies/T1_ANT_assembly/tmp/k99/99 --num_cpu_threads 160 -k 99 --kmer_from 79 --input_prefix /mnt/qnap/users/diego.franco/tomato_metagenomics/assemblies/T1_ANT_assembly/tmp/k99/99 --addi_contig /mnt/qnap/users/diego.franco/tomato_metagenomics/assemblies/T1_ANT_assembly/intermediate_contigs/k79.addi.fa --local_contig /mnt/qnap/users/diego.franco/tomato_metagenomics/assemblies/T1_ANT_assembly/intermediate_contigs/k79.local.fa --contig /mnt/qnap/users/diego.franco/tomato_metagenomics/assemblies/T1_ANT_assembly/intermediate_contigs/k79.contigs.fa --bubble /mnt/qnap/users/diego.franco/tomato_metagenomics/assemblies/T1_ANT_assembly/intermediate_contigs/k79.bubble_seq.fa
2023-09-03 11:20:46 - b'INFO  sorting/base_engine.cpp       :  148 - Preparing data...'
2023-09-03 11:20:47 - b'INFO  sorting/seq_to_sdbg.cpp       :  369 - Number edges: 1169996'
2023-09-03 11:20:47 - b'INFO  sorting/seq_to_sdbg.cpp       :  413 - Bases to reserve: 625830809, number contigs: 2061532, number multiplicity: 3231528'
2023-09-03 11:20:47 - b'INFO  sorting/seq_to_sdbg.cpp       :  421 - Before reading, sizeof seq_package: 172949968, multiplicity vector: 3231528'
2023-09-03 11:20:47 - b'INFO  sorting/seq_to_sdbg.cpp       :  428 - Read 1169996 edges.'
2023-09-03 11:20:47 - b'INFO  sorting/seq_to_sdbg.cpp       :  429 - After reading, sizeof seq_package: 172949968/1169996/116999600, multiplicity vector: 1169996/3231528'
2023-09-03 11:20:48 - b'INFO  sorting/seq_to_sdbg.cpp       :  458 - Read 790029 contigs from /mnt/qnap/users/diego.franco/tomato_metagenomics/assemblies/T1_ANT_assembly/intermediate_contigs/k79.contigs.fa.'
2023-09-03 11:20:48 - b'INFO  sorting/seq_to_sdbg.cpp       :  459 - After reading contigs, sizeof seq_package: 329407672/1960025/752011479, multiplicity vector: 1960025/3231528'
2023-09-03 11:20:49 - b'INFO  sorting/seq_to_sdbg.cpp       :  470 - Read 159270 contigs from /mnt/qnap/users/diego.franco/tomato_metagenomics/assemblies/T1_ANT_assembly/intermediate_contigs/k79.bubble_seq.fa.'
2023-09-03 11:20:49 - b'INFO  sorting/seq_to_sdbg.cpp       :  471 - After reading contigs, sizeof seq_package: 329407672/2119295/868852632, multiplicity vector: 2119295/3231528'
2023-09-03 11:20:49 - b'INFO  sorting/seq_to_sdbg.cpp       :  484 - Read 13346 contigs from /mnt/qnap/users/diego.franco/tomato_metagenomics/assemblies/T1_ANT_assembly/intermediate_contigs/k79.addi.fa.'
2023-09-03 11:20:49 - b'INFO  sorting/seq_to_sdbg.cpp       :  485 - After reading contigs, sizeof seq_package: 329407672/2132641/897123729, multiplicity vector: 2132641/3231528'
2023-09-03 11:20:50 - b'INFO  sorting/seq_to_sdbg.cpp       :  498 - Read 912553 contigs from /mnt/qnap/users/diego.franco/tomato_metagenomics/assemblies/T1_ANT_assembly/intermediate_contigs/k79.local.fa.'
2023-09-03 11:20:50 - b'INFO  sorting/seq_to_sdbg.cpp       :  499 - After reading contigs, sizeof seq_package: 642323080/3045194/1373783526, multiplicity vector: 3045194/3231528'
2023-09-03 11:20:50 - b'INFO  sorting/seq_to_sdbg.cpp       :  506 - Finally, sizeof seq_package: 642323080/3045194/1373783526, multiplicity vector: 3045194/3231528'
2023-09-03 11:20:50 - b'INFO  sorting/base_engine.cpp       :  153 - Preparing data... Done. Time elapsed: 3.9628'
2023-09-03 11:20:50 - b'INFO  sorting/base_engine.cpp       :  156 - Preparing partitions and calculating bucket sizes...'
2023-09-03 11:20:51 - b'INFO  sorting/base_engine.cpp       :   80 - Minimum memory required: 759881036 bytes'
2023-09-03 11:20:51 - b'INFO  sorting/base_engine.cpp       :  138 - Lv1 items: 287573255, Lv2 items: 15796800'
2023-09-03 11:20:51 - b'INFO  sorting/base_engine.cpp       :  139 - Memory of derived class: 659518848, Memory for Lv1+Lv2: 1592603420'
2023-09-03 11:20:51 - b'INFO  sorting/base_engine.cpp       :  165 - Preparing partitions and calculating bucket sizes... Done. Time elapsed: 1.0046'
2023-09-03 11:20:51 - b'INFO  sorting/base_engine.cpp       :  172 - Start main loop...'
2023-09-03 11:20:51 - b'INFO  sorting/base_engine.cpp       :  185 - Lv1 scanning from bucket 0 to 98'
2023-09-03 11:20:52 - b'INFO  sorting/base_engine.cpp       :  192 - Lv1 scanning done. Large diff: 0. Time elapsed: 0.1888'
2023-09-03 11:20:52 - b'INFO  sorting/base_engine.cpp       :  198 - Lv1 fetching & sorting done. Time elapsed: 0.3102'
2023-09-03 11:20:52 - b'INFO  sorting/base_engine.cpp       :  185 - Lv1 scanning from bucket 98 to 251'
2023-09-03 11:20:52 - b'INFO  sorting/base_engine.cpp       :  192 - Lv1 scanning done. Large diff: 0. Time elapsed: 0.1862'
2023-09-03 11:20:52 - b'INFO  sorting/base_engine.cpp       :  198 - Lv1 fetching & sorting done. Time elapsed: 0.2216'
2023-09-03 11:20:52 - b'INFO  sorting/base_engine.cpp       :  185 - Lv1 scanning from bucket 251 to 758'
2023-09-03 11:20:53 - b'INFO  sorting/base_engine.cpp       :  192 - Lv1 scanning done. Large diff: 0. Time elapsed: 0.2313'
2023-09-03 11:20:54 - b'INFO  sorting/base_engine.cpp       :  198 - Lv1 fetching & sorting done. Time elapsed: 1.8665'
2023-09-03 11:20:54 - b'INFO  sorting/base_engine.cpp       :  185 - Lv1 scanning from bucket 758 to 2087'
2023-09-03 11:20:55 - b'INFO  sorting/base_engine.cpp       :  192 - Lv1 scanning done. Large diff: 0. Time elapsed: 0.3058'
2023-09-03 11:20:56 - b'INFO  sorting/base_engine.cpp       :  198 - Lv1 fetching & sorting done. Time elapsed: 1.1353'
2023-09-03 11:20:56 - b'INFO  sorting/base_engine.cpp       :  185 - Lv1 scanning from bucket 2087 to 4484'
2023-09-03 11:20:56 - b'INFO  sorting/base_engine.cpp       :  192 - Lv1 scanning done. Large diff: 0. Time elapsed: 0.3876'
2023-09-03 11:20:58 - b'INFO  sorting/base_engine.cpp       :  198 - Lv1 fetching & sorting done. Time elapsed: 1.4254'
2023-09-03 11:20:58 - b'INFO  sorting/base_engine.cpp       :  185 - Lv1 scanning from bucket 4484 to 8395'
2023-09-03 11:20:58 - b'INFO  sorting/base_engine.cpp       :  192 - Lv1 scanning done. Large diff: 0. Time elapsed: 0.4058'
2023-09-03 11:21:00 - b'INFO  sorting/base_engine.cpp       :  198 - Lv1 fetching & sorting done. Time elapsed: 1.5650'
2023-09-03 11:21:00 - b'INFO  sorting/base_engine.cpp       :  185 - Lv1 scanning from bucket 8395 to 14331'
2023-09-03 11:21:00 - b'INFO  sorting/base_engine.cpp       :  192 - Lv1 scanning done. Large diff: 0. Time elapsed: 0.5293'
2023-09-03 11:21:02 - b'INFO  sorting/base_engine.cpp       :  198 - Lv1 fetching & sorting done. Time elapsed: 1.7674'
2023-09-03 11:21:02 - b'INFO  sorting/base_engine.cpp       :  185 - Lv1 scanning from bucket 14331 to 23710'
2023-09-03 11:21:03 - b'INFO  sorting/base_engine.cpp       :  192 - Lv1 scanning done. Large diff: 0. Time elapsed: 0.5208'
2023-09-03 11:21:05 - b'INFO  sorting/base_engine.cpp       :  198 - Lv1 fetching & sorting done. Time elapsed: 1.9956'
2023-09-03 11:21:05 - b'INFO  sorting/base_engine.cpp       :  185 - Lv1 scanning from bucket 23710 to 42430'
2023-09-03 11:21:05 - b'INFO  sorting/base_engine.cpp       :  192 - Lv1 scanning done. Large diff: 0. Time elapsed: 0.6111'
2023-09-03 11:21:07 - b'INFO  sorting/base_engine.cpp       :  198 - Lv1 fetching & sorting done. Time elapsed: 2.2149'
2023-09-03 11:21:07 - b'INFO  sorting/base_engine.cpp       :  185 - Lv1 scanning from bucket 42430 to 65536'
2023-09-03 11:21:08 - b'INFO  sorting/base_engine.cpp       :  192 - Lv1 scanning done. Large diff: 0. Time elapsed: 0.3850'
2023-09-03 11:21:09 - b'INFO  sorting/base_engine.cpp       :  198 - Lv1 fetching & sorting done. Time elapsed: 0.8937'
2023-09-03 11:21:09 - b'INFO  sorting/base_engine.cpp       :  204 - Main loop done. Time elapsed: 17.1494'
2023-09-03 11:21:09 - b'INFO  sorting/base_engine.cpp       :  207 - Postprocessing...'
2023-09-03 11:21:39 - b'INFO  sorting/seq_to_sdbg.cpp       :  793 - Number of $ A C G T A- C- G- T-:'
2023-09-03 11:21:39 - b'INFO  sorting/seq_to_sdbg.cpp       :  794 - 1627886 429667826 221651547 221663854 429682291 294669 170561 171010 295001'
2023-09-03 11:21:39 - b'INFO  sorting/seq_to_sdbg.cpp       :  800 - Total number of edges: 1305224645'
2023-09-03 11:21:39 - b'INFO  sorting/seq_to_sdbg.cpp       :  801 - Total number of ONEs: 1302665518'
2023-09-03 11:21:39 - b'INFO  sorting/seq_to_sdbg.cpp       :  802 - Total number of $v edges: 1627886'
2023-09-03 11:21:39 - b'INFO  sorting/base_engine.cpp       :  210 - Postprocess done. Time elapsed: 30.2981'
2023-09-03 11:21:39 - b'INFO  utils/utils.h                 :  152 - Real: 52.4985\tuser: 2017.4147\tsys: 18.1051\tmaxrss: 2236588'
2023-09-03 11:21:39 - Assemble contigs from SdBG for k = 99
2023-09-03 11:21:39 - command /home/diego.franco/.conda/envs/anvio/bin/megahit_core_popcnt assemble -s /mnt/qnap/users/diego.franco/tomato_metagenomics/assemblies/T1_ANT_assembly/tmp/k99/99 -o /mnt/qnap/users/diego.franco/tomato_metagenomics/assemblies/T1_ANT_assembly/intermediate_contigs/k99 -t 160 --min_standalone 1000 --prune_level 2 --merge_len 20 --merge_similar 0.95 --cleaning_rounds 5 --disconnect_ratio 0.1 --low_local_ratio 0.2 --cleaning_rounds 5 --min_depth 2 --bubble_level 2 --max_tip_len -1 --careful_bubble
2023-09-03 11:21:56 - b'INFO  main_assemble.cpp             :  129 - Loading succinct de Bruijn graph: /mnt/qnap/users/diego.franco/tomato_metagenomics/assemblies/T1_ANT_assembly/tmp/k99/99Done. Time elapsed: 16.546231'
2023-09-03 11:21:56 - b'INFO  main_assemble.cpp             :  133 - Number of Edges: 1305224645; K value: 99'
2023-09-03 11:21:56 - b'INFO  main_assemble.cpp             :  140 - Number of CPU threads: 160'
2023-09-03 11:21:58 - b'INFO  assembly/sdbg_pruning.cpp     :  160 - Removing tips with length less than 2; Accumulated tips removed: 280134; time elapsed: 0.2377'
2023-09-03 11:21:58 - b'INFO  assembly/sdbg_pruning.cpp     :  160 - Removing tips with length less than 4; Accumulated tips removed: 340200; time elapsed: 0.3923'
2023-09-03 11:21:59 - b'INFO  assembly/sdbg_pruning.cpp     :  160 - Removing tips with length less than 8; Accumulated tips removed: 406424; time elapsed: 0.7742'
2023-09-03 11:22:00 - b'INFO  assembly/sdbg_pruning.cpp     :  160 - Removing tips with length less than 16; Accumulated tips removed: 528944; time elapsed: 1.4383'
2023-09-03 11:22:03 - b'INFO  assembly/sdbg_pruning.cpp     :  160 - Removing tips with length less than 32; Accumulated tips removed: 762023; time elapsed: 2.6633'
2023-09-03 11:22:08 - b'INFO  assembly/sdbg_pruning.cpp     :  160 - Removing tips with length less than 64; Accumulated tips removed: 1181331; time elapsed: 4.4347'
2023-09-03 11:22:14 - b'INFO  assembly/sdbg_pruning.cpp     :  160 - Removing tips with length less than 128; Accumulated tips removed: 1498341; time elapsed: 6.7033'
2023-09-03 11:22:23 - b'INFO  assembly/sdbg_pruning.cpp     :  169 - Removing tips with length less than 198; Accumulated tips removed: 1643697; time elapsed: 8.3383'
2023-09-03 11:22:23 - b'INFO  main_assemble.cpp             :  158 - Tips removal done! Time elapsed(sec): 26.890'
2023-09-03 11:23:20 - b'INFO  assembly/unitig_graph.cpp     :   83 - Graph size without loops: 890029, palindrome: 2'
2023-09-03 11:23:20 - b'INFO  main_assemble.cpp             :  166 - unitig graph size: 890174, time for building: 57.711'
2023-09-03 11:23:26 - b'INFO  assembly/contig_stat.h        :   40 - Max: 173040, Min: 100, N50: 2708, number contigs: 890174, number isolated: 159632, number looped: 145, total size: 699736441,'
2023-09-03 11:23:26 - b'INFO  main_assemble.cpp             :  184 - Graph cleaning round 1'
2023-09-03 11:23:28 - b'INFO  main_assemble.cpp             :  200 - Number of bubbles removed: 24603, Time elapsed(sec): 2.346'
2023-09-03 11:23:30 - b'INFO  main_assemble.cpp             :  210 - Number of complex bubbles removed: 15732, Time elapsed(sec): 1.837066'
2023-09-03 11:23:30 - b'INFO  main_assemble.cpp             :  221 - Number unitigs disconnected: 15539, time: 0.213'
2023-09-03 11:23:31 - b'INFO  main_assemble.cpp             :  245 - Unitigs removed in excessive pruning: 1021, time: 0.122'
2023-09-03 11:23:31 - b'INFO  main_assemble.cpp             :  184 - Graph cleaning round 2'
2023-09-03 11:23:31 - b'INFO  main_assemble.cpp             :  192 - Tips removed: 1326, time: 0.675'
2023-09-03 11:23:31 - b'INFO  main_assemble.cpp             :  200 - Number of bubbles removed: 13, Time elapsed(sec): 0.165'
2023-09-03 11:23:32 - b'INFO  main_assemble.cpp             :  210 - Number of complex bubbles removed: 108, Time elapsed(sec): 0.306244'
2023-09-03 11:23:32 - b'INFO  main_assemble.cpp             :  221 - Number unitigs disconnected: 503, time: 0.151'
2023-09-03 11:23:32 - b'INFO  main_assemble.cpp             :  245 - Unitigs removed in excessive pruning: 337, time: 0.119'
2023-09-03 11:23:32 - b'INFO  main_assemble.cpp             :  184 - Graph cleaning round 3'
2023-09-03 11:23:33 - b'INFO  main_assemble.cpp             :  192 - Tips removed: 52, time: 0.661'
2023-09-03 11:23:33 - b'INFO  main_assemble.cpp             :  200 - Number of bubbles removed: 5, Time elapsed(sec): 0.158'
2023-09-03 11:23:33 - b'INFO  main_assemble.cpp             :  210 - Number of complex bubbles removed: 3, Time elapsed(sec): 0.189745'
2023-09-03 11:23:33 - b'INFO  main_assemble.cpp             :  221 - Number unitigs disconnected: 196, time: 0.130'
2023-09-03 11:23:33 - b'INFO  main_assemble.cpp             :  245 - Unitigs removed in excessive pruning: 162, time: 0.117'
2023-09-03 11:23:33 - b'INFO  main_assemble.cpp             :  184 - Graph cleaning round 4'
2023-09-03 11:23:34 - b'INFO  main_assemble.cpp             :  192 - Tips removed: 20, time: 0.572'
2023-09-03 11:23:34 - b'INFO  main_assemble.cpp             :  200 - Number of bubbles removed: 2, Time elapsed(sec): 0.157'
2023-09-03 11:23:34 - b'INFO  main_assemble.cpp             :  210 - Number of complex bubbles removed: 1, Time elapsed(sec): 0.183986'
2023-09-03 11:23:34 - b'INFO  main_assemble.cpp             :  221 - Number unitigs disconnected: 72, time: 0.130'
2023-09-03 11:23:34 - b'INFO  main_assemble.cpp             :  245 - Unitigs removed in excessive pruning: 95, time: 0.110'
2023-09-03 11:23:34 - b'INFO  main_assemble.cpp             :  184 - Graph cleaning round 5'
2023-09-03 11:23:35 - b'INFO  main_assemble.cpp             :  192 - Tips removed: 10, time: 0.542'
2023-09-03 11:23:35 - b'INFO  main_assemble.cpp             :  200 - Number of bubbles removed: 0, Time elapsed(sec): 0.113'
2023-09-03 11:23:35 - b'INFO  main_assemble.cpp             :  210 - Number of complex bubbles removed: 1, Time elapsed(sec): 0.180885'
2023-09-03 11:23:35 - b'INFO  main_assemble.cpp             :  221 - Number unitigs disconnected: 40, time: 0.121'
2023-09-03 11:23:35 - b'INFO  main_assemble.cpp             :  245 - Unitigs removed in excessive pruning: 29, time: 0.093'
2023-09-03 11:23:40 - b'INFO  assembly/contig_stat.h        :   40 - Max: 307838, Min: 100, N50: 3101, number contigs: 748018, number isolated: 171945, number looped: 155, total size: 680649072,'
2023-09-03 11:24:05 - b'INFO  main_assemble.cpp             :  267 - Time to output: 24.936150'
2023-09-03 11:24:08 - b'INFO  main_assemble.cpp             :  286 - Number of local low depth unitigs removed: 6756, complex bubbles removed: 244, time: 2.583714'
2023-09-03 11:24:13 - b'INFO  assembly/contig_stat.h        :   40 - Max: 330868, Min: 100, N50: 3145, number contigs: 730578, number isolated: 173588, number looped: 160, total size: 678343264,'
2023-09-03 11:24:37 - b'INFO  utils/utils.h                 :  152 - Real: 178.3341\tuser: 20288.9314\tsys: 28.9051\tmaxrss: 2889108'
2023-09-03 11:24:38 - Local assembly for k = 99
2023-09-03 11:24:38 - command /home/diego.franco/.conda/envs/anvio/bin/megahit_core_popcnt local -c /mnt/qnap/users/diego.franco/tomato_metagenomics/assemblies/T1_ANT_assembly/intermediate_contigs/k99.contigs.fa -l /mnt/qnap/users/diego.franco/tomato_metagenomics/assemblies/T1_ANT_assembly/tmp/reads.lib -t 160 -o /mnt/qnap/users/diego.franco/tomato_metagenomics/assemblies/T1_ANT_assembly/intermediate_contigs/k99.local.fa --kmax 119
2023-09-03 11:30:58 - b'INFO  localasm/hash_mapper.cpp      :   99 - Number of contigs: 454145, index size: 75796512'
2023-09-03 11:30:58 - b'INFO  localasm/local_assemble.cpp   :  315 - Hash mapper construction time elapsed: 379.953592'
2023-09-03 11:30:58 - b'INFO  sequence/io/sequence_lib.cpp  :  115 - Before reading, sizeof seq_package: 3071817088'
2023-09-03 11:31:02 - b'INFO  sequence/io/sequence_lib.cpp  :  117 - After reading, sizeof seq_package: 3071817088'
2023-09-03 11:31:02 - b'INFO  localasm/local_assemble.cpp   :  324 - Read lib time elapsed: 4.169258'
2023-09-03 11:31:04 - b'INFO  localasm/local_assemble.cpp   :  133 - Lib 0, insert size: 310.00 sd: 72.69'
2023-09-03 11:31:04 - b'INFO  localasm/local_assemble.cpp   :  330 - Insert size estimation time elapsed: 1.596119'
2023-09-03 11:31:25 - b'INFO  localasm/local_assemble.cpp   :  218 - Lib 0: total 93085366 reads, aligned 84067500, added 18812914 reads to local assembly'
2023-09-03 11:31:25 - b'INFO  localasm/local_assemble.cpp   :  338 - Mapping time elapsed: 21.403057'
2023-09-03 11:31:25 - b'INFO  localasm/local_assemble.cpp   :  232 - Minimum number of reads to do local assembly: 5'
2023-09-03 11:32:30 - b'INFO  localasm/local_assemble.cpp   :  346 - Local assembly time elapsed: 64.713116'
2023-09-03 11:32:31 - b'INFO  utils/utils.h                 :  152 - Real: 472.3176\tuser: 58937.1039\tsys: 9.1080\tmaxrss: 5814268'
2023-09-03 11:32:31 - Extract iterative edges from k = 99 to 119 
2023-09-03 11:32:31 - command /home/diego.franco/.conda/envs/anvio/bin/megahit_core_popcnt iterate -c /mnt/qnap/users/diego.franco/tomato_metagenomics/assemblies/T1_ANT_assembly/intermediate_contigs/k99.contigs.fa -b /mnt/qnap/users/diego.franco/tomato_metagenomics/assemblies/T1_ANT_assembly/intermediate_contigs/k99.bubble_seq.fa -t 160 -k 99 -s 20 -o /mnt/qnap/users/diego.franco/tomato_metagenomics/assemblies/T1_ANT_assembly/tmp/k119/119 -r /mnt/qnap/users/diego.franco/tomato_metagenomics/assemblies/T1_ANT_assembly/tmp/reads.lib.bin
2023-09-03 11:32:31 - b'INFO  main_iterate.cpp              :  190 - Selected kmer type size for k: 28'
2023-09-03 11:32:32 - b'INFO  main_iterate.cpp              :  174 - Read 480780 contigs'
2023-09-03 11:32:36 - b'INFO  main_iterate.cpp              :  176 - Number of flank kmers: 948441'
2023-09-03 11:32:36 - b'INFO  main_iterate.cpp              :  174 - Read 95293 contigs'
2023-09-03 11:32:36 - b'INFO  main_iterate.cpp              :  176 - Number of flank kmers: 1136359'
2023-09-03 11:32:37 - b'INFO  main_iterate.cpp              :  174 - Read 110729 contigs'
2023-09-03 11:32:37 - b'INFO  main_iterate.cpp              :  176 - Number of flank kmers: 1302645'
2023-09-03 11:32:37 - b'INFO  main_iterate.cpp              :  123 - Selected kmer type size for next k: 32'
2023-09-03 11:32:38 - b'INFO  main_iterate.cpp              :  138 - Processed: 4194304, aligned: 0. Iterative edges: 0'
2023-09-03 11:32:38 - b'INFO  main_iterate.cpp              :  138 - Processed: 8388608, aligned: 0. Iterative edges: 0'
2023-09-03 11:32:38 - b'INFO  main_iterate.cpp              :  138 - Processed: 12582912, aligned: 0. Iterative edges: 0'
2023-09-03 11:32:39 - b'INFO  main_iterate.cpp              :  138 - Processed: 16777216, aligned: 0. Iterative edges: 0'
2023-09-03 11:32:39 - b'INFO  main_iterate.cpp              :  138 - Processed: 20971520, aligned: 0. Iterative edges: 0'
2023-09-03 11:32:39 - b'INFO  main_iterate.cpp              :  138 - Processed: 25165824, aligned: 0. Iterative edges: 0'
2023-09-03 11:32:39 - b'INFO  main_iterate.cpp              :  138 - Processed: 29360128, aligned: 0. Iterative edges: 0'
2023-09-03 11:32:39 - b'INFO  main_iterate.cpp              :  138 - Processed: 33554432, aligned: 0. Iterative edges: 0'
2023-09-03 11:32:39 - b'INFO  main_iterate.cpp              :  138 - Processed: 37748736, aligned: 0. Iterative edges: 0'
2023-09-03 11:32:39 - b'INFO  main_iterate.cpp              :  138 - Processed: 41943040, aligned: 0. Iterative edges: 0'
2023-09-03 11:32:40 - b'INFO  main_iterate.cpp              :  138 - Processed: 46137344, aligned: 0. Iterative edges: 0'
2023-09-03 11:32:40 - b'INFO  main_iterate.cpp              :  138 - Processed: 50331648, aligned: 0. Iterative edges: 0'
2023-09-03 11:32:40 - b'INFO  main_iterate.cpp              :  138 - Processed: 54525952, aligned: 0. Iterative edges: 0'
2023-09-03 11:32:40 - b'INFO  main_iterate.cpp              :  138 - Processed: 58720256, aligned: 0. Iterative edges: 0'
2023-09-03 11:32:40 - b'INFO  main_iterate.cpp              :  138 - Processed: 62914560, aligned: 0. Iterative edges: 0'
2023-09-03 11:32:40 - b'INFO  main_iterate.cpp              :  138 - Processed: 67108864, aligned: 0. Iterative edges: 0'
2023-09-03 11:32:41 - b'INFO  main_iterate.cpp              :  138 - Processed: 71303168, aligned: 0. Iterative edges: 0'
2023-09-03 11:32:41 - b'INFO  main_iterate.cpp              :  138 - Processed: 75497472, aligned: 0. Iterative edges: 0'
2023-09-03 11:32:41 - b'INFO  main_iterate.cpp              :  138 - Processed: 79691776, aligned: 0. Iterative edges: 0'
2023-09-03 11:32:41 - b'INFO  main_iterate.cpp              :  138 - Processed: 83886080, aligned: 0. Iterative edges: 0'
2023-09-03 11:32:41 - b'INFO  main_iterate.cpp              :  138 - Processed: 88080384, aligned: 0. Iterative edges: 0'
2023-09-03 11:32:41 - b'INFO  main_iterate.cpp              :  138 - Processed: 92274688, aligned: 0. Iterative edges: 0'
2023-09-03 11:32:42 - b'INFO  main_iterate.cpp              :  138 - Processed: 93085366, aligned: 0. Iterative edges: 0'
2023-09-03 11:32:42 - b'INFO  main_iterate.cpp              :  142 - Total: 93085366, aligned: 0. Iterative edges: 0'
2023-09-03 11:32:42 - b'INFO  utils/utils.h                 :  152 - Real: 10.9234\tuser: 727.5612\tsys: 1.5621\tmaxrss: 406616'
2023-09-03 11:32:42 - Build graph for k = 119 
2023-09-03 11:32:42 - command /home/diego.franco/.conda/envs/anvio/bin/megahit_core_popcnt seq2sdbg --host_mem 631211914444 --mem_flag 1 --output_prefix /mnt/qnap/users/diego.franco/tomato_metagenomics/assemblies/T1_ANT_assembly/tmp/k119/119 --num_cpu_threads 160 -k 119 --kmer_from 99 --input_prefix /mnt/qnap/users/diego.franco/tomato_metagenomics/assemblies/T1_ANT_assembly/tmp/k119/119 --addi_contig /mnt/qnap/users/diego.franco/tomato_metagenomics/assemblies/T1_ANT_assembly/intermediate_contigs/k99.addi.fa --local_contig /mnt/qnap/users/diego.franco/tomato_metagenomics/assemblies/T1_ANT_assembly/intermediate_contigs/k99.local.fa --contig /mnt/qnap/users/diego.franco/tomato_metagenomics/assemblies/T1_ANT_assembly/intermediate_contigs/k99.contigs.fa --bubble /mnt/qnap/users/diego.franco/tomato_metagenomics/assemblies/T1_ANT_assembly/intermediate_contigs/k99.bubble_seq.fa
2023-09-03 11:32:42 - b'INFO  sorting/base_engine.cpp       :  148 - Preparing data...'
2023-09-03 11:32:42 - b'INFO  sorting/seq_to_sdbg.cpp       :  369 - Number edges: 0'
2023-09-03 11:32:42 - b'INFO  sorting/seq_to_sdbg.cpp       :  413 - Bases to reserve: 435722440, number contigs: 1638154, number multiplicity: 1638154'
2023-09-03 11:32:42 - b'INFO  sorting/seq_to_sdbg.cpp       :  421 - Before reading, sizeof seq_package: 122035852, multiplicity vector: 1638154'
2023-09-03 11:32:42 - b'INFO  sorting/seq_to_sdbg.cpp       :  428 - Read 0 edges.'
2023-09-03 11:32:42 - b'INFO  sorting/seq_to_sdbg.cpp       :  429 - After reading, sizeof seq_package: 122035852/0/0, multiplicity vector: 0/1638154'
2023-09-03 11:32:43 - b'INFO  sorting/seq_to_sdbg.cpp       :  458 - Read 628958 contigs from /mnt/qnap/users/diego.franco/tomato_metagenomics/assemblies/T1_ANT_assembly/intermediate_contigs/k99.contigs.fa.'
2023-09-03 11:32:43 - b'INFO  sorting/seq_to_sdbg.cpp       :  459 - After reading contigs, sizeof seq_package: 230966464/628958/667917108, multiplicity vector: 628958/1638154'
2023-09-03 11:32:44 - b'INFO  sorting/seq_to_sdbg.cpp       :  470 - Read 106077 contigs from /mnt/qnap/users/diego.franco/tomato_metagenomics/assemblies/T1_ANT_assembly/intermediate_contigs/k99.bubble_seq.fa.'
2023-09-03 11:32:44 - b'INFO  sorting/seq_to_sdbg.cpp       :  471 - After reading contigs, sizeof seq_package: 230966464/735035/755730278, multiplicity vector: 735035/1638154'
2023-09-03 11:32:44 - b'INFO  sorting/seq_to_sdbg.cpp       :  484 - Read 6932 contigs from /mnt/qnap/users/diego.franco/tomato_metagenomics/assemblies/T1_ANT_assembly/intermediate_contigs/k99.addi.fa.'
2023-09-03 11:32:44 - b'INFO  sorting/seq_to_sdbg.cpp       :  485 - After reading contigs, sizeof seq_package: 230966464/741967/774424140, multiplicity vector: 741967/1638154'
2023-09-03 11:32:45 - b'INFO  sorting/seq_to_sdbg.cpp       :  498 - Read 772128 contigs from /mnt/qnap/users/diego.franco/tomato_metagenomics/assemblies/T1_ANT_assembly/intermediate_contigs/k99.local.fa.'
2023-09-03 11:32:45 - b'INFO  sorting/seq_to_sdbg.cpp       :  499 - After reading contigs, sizeof seq_package: 448827688/1514095/1185897852, multiplicity vector: 1514095/1638154'
2023-09-03 11:32:45 - b'INFO  sorting/seq_to_sdbg.cpp       :  506 - Finally, sizeof seq_package: 448827688/1514095/1185897852, multiplicity vector: 1514095/1638154'
2023-09-03 11:32:45 - b'INFO  sorting/base_engine.cpp       :  153 - Preparing data... Done. Time elapsed: 3.5549'
2023-09-03 11:32:45 - b'INFO  sorting/base_engine.cpp       :  156 - Preparing partitions and calculating bucket sizes...'
2023-09-03 11:32:45 - b'INFO  sorting/base_engine.cpp       :   80 - Minimum memory required: 562986148 bytes'
2023-09-03 11:32:46 - b'INFO  sorting/base_engine.cpp       :  138 - Lv1 items: 268999663, Lv2 items: 14776480'
2023-09-03 11:32:46 - b'INFO  sorting/base_engine.cpp       :  139 - Memory of derived class: 461368852, Memory for Lv1+Lv2: 1607951932'
2023-09-03 11:32:46 - b'INFO  sorting/base_engine.cpp       :  165 - Preparing partitions and calculating bucket sizes... Done. Time elapsed: 0.9038'
2023-09-03 11:32:46 - b'INFO  sorting/base_engine.cpp       :  172 - Start main loop...'
2023-09-03 11:32:46 - b'INFO  sorting/base_engine.cpp       :  185 - Lv1 scanning from bucket 0 to 84'
2023-09-03 11:32:46 - b'INFO  sorting/base_engine.cpp       :  192 - Lv1 scanning done. Large diff: 0. Time elapsed: 0.0899'
2023-09-03 11:32:46 - b'INFO  sorting/base_engine.cpp       :  198 - Lv1 fetching & sorting done. Time elapsed: 0.3019'
2023-09-03 11:32:46 - b'INFO  sorting/base_engine.cpp       :  185 - Lv1 scanning from bucket 84 to 213'
2023-09-03 11:32:47 - b'INFO  sorting/base_engine.cpp       :  192 - Lv1 scanning done. Large diff: 0. Time elapsed: 0.1053'
2023-09-03 11:32:47 - b'INFO  sorting/base_engine.cpp       :  198 - Lv1 fetching & sorting done. Time elapsed: 0.2241'
2023-09-03 11:32:47 - b'INFO  sorting/base_engine.cpp       :  185 - Lv1 scanning from bucket 213 to 409'
2023-09-03 11:32:47 - b'INFO  sorting/base_engine.cpp       :  192 - Lv1 scanning done. Large diff: 0. Time elapsed: 0.1004'
2023-09-03 11:32:47 - b'INFO  sorting/base_engine.cpp       :  198 - Lv1 fetching & sorting done. Time elapsed: 0.2663'
2023-09-03 11:32:47 - b'INFO  sorting/base_engine.cpp       :  185 - Lv1 scanning from bucket 409 to 1106'
2023-09-03 11:32:47 - b'INFO  sorting/base_engine.cpp       :  192 - Lv1 scanning done. Large diff: 0. Time elapsed: 0.1257'
2023-09-03 11:32:48 - b'INFO  sorting/base_engine.cpp       :  198 - Lv1 fetching & sorting done. Time elapsed: 0.7243'
2023-09-03 11:32:48 - b'INFO  sorting/base_engine.cpp       :  185 - Lv1 scanning from bucket 1106 to 2657'
2023-09-03 11:32:48 - b'INFO  sorting/base_engine.cpp       :  192 - Lv1 scanning done. Large diff: 0. Time elapsed: 0.1632'
2023-09-03 11:32:49 - b'INFO  sorting/base_engine.cpp       :  198 - Lv1 fetching & sorting done. Time elapsed: 1.2251'
2023-09-03 11:32:49 - b'INFO  sorting/base_engine.cpp       :  185 - Lv1 scanning from bucket 2657 to 5419'
2023-09-03 11:32:50 - b'INFO  sorting/base_engine.cpp       :  192 - Lv1 scanning done. Large diff: 0. Time elapsed: 0.2002'
2023-09-03 11:32:55 - b'INFO  sorting/base_engine.cpp       :  198 - Lv1 fetching & sorting done. Time elapsed: 5.3401'
2023-09-03 11:32:55 - b'INFO  sorting/base_engine.cpp       :  185 - Lv1 scanning from bucket 5419 to 9964'
2023-09-03 11:32:55 - b'INFO  sorting/base_engine.cpp       :  192 - Lv1 scanning done. Large diff: 0. Time elapsed: 0.2457'
2023-09-03 11:33:03 - b'INFO  sorting/base_engine.cpp       :  198 - Lv1 fetching & sorting done. Time elapsed: 8.0891'
2023-09-03 11:33:03 - b'INFO  sorting/base_engine.cpp       :  185 - Lv1 scanning from bucket 9964 to 17081'
2023-09-03 11:33:04 - b'INFO  sorting/base_engine.cpp       :  192 - Lv1 scanning done. Large diff: 0. Time elapsed: 0.2891'
2023-09-03 11:33:05 - b'INFO  sorting/base_engine.cpp       :  198 - Lv1 fetching & sorting done. Time elapsed: 1.9688'
2023-09-03 11:33:05 - b'INFO  sorting/base_engine.cpp       :  185 - Lv1 scanning from bucket 17081 to 29120'
2023-09-03 11:33:06 - b'INFO  sorting/base_engine.cpp       :  192 - Lv1 scanning done. Large diff: 0. Time elapsed: 0.3205'
2023-09-03 11:33:08 - b'INFO  sorting/base_engine.cpp       :  198 - Lv1 fetching & sorting done. Time elapsed: 2.2297'
2023-09-03 11:33:08 - b'INFO  sorting/base_engine.cpp       :  185 - Lv1 scanning from bucket 29120 to 65536'
2023-09-03 11:33:08 - b'INFO  sorting/base_engine.cpp       :  192 - Lv1 scanning done. Large diff: 0. Time elapsed: 0.4116'
2023-09-03 11:33:11 - b'INFO  sorting/base_engine.cpp       :  198 - Lv1 fetching & sorting done. Time elapsed: 2.3306'
2023-09-03 11:33:11 - b'INFO  sorting/base_engine.cpp       :  204 - Main loop done. Time elapsed: 24.7527'
2023-09-03 11:33:11 - b'INFO  sorting/base_engine.cpp       :  207 - Postprocessing...'
2023-09-03 11:33:37 - b'INFO  sorting/seq_to_sdbg.cpp       :  793 - Number of $ A C G T A- C- G- T-:'
2023-09-03 11:33:37 - b'INFO  sorting/seq_to_sdbg.cpp       :  794 - 1136898 439867168 228628124 228715226 439844838 212950 128485 126498 214410'
2023-09-03 11:33:37 - b'INFO  sorting/seq_to_sdbg.cpp       :  800 - Total number of edges: 1338874597'
2023-09-03 11:33:37 - b'INFO  sorting/seq_to_sdbg.cpp       :  801 - Total number of ONEs: 1337055356'
2023-09-03 11:33:37 - b'INFO  sorting/seq_to_sdbg.cpp       :  802 - Total number of $v edges: 1136898'
2023-09-03 11:33:37 - b'INFO  sorting/base_engine.cpp       :  210 - Postprocess done. Time elapsed: 25.8755'
2023-09-03 11:33:37 - b'INFO  utils/utils.h                 :  152 - Real: 55.1725\tuser: 2102.2988\tsys: 15.7031\tmaxrss: 2199724'
2023-09-03 11:33:37 - Assemble contigs from SdBG for k = 119
2023-09-03 11:33:37 - command /home/diego.franco/.conda/envs/anvio/bin/megahit_core_popcnt assemble -s /mnt/qnap/users/diego.franco/tomato_metagenomics/assemblies/T1_ANT_assembly/tmp/k119/119 -o /mnt/qnap/users/diego.franco/tomato_metagenomics/assemblies/T1_ANT_assembly/intermediate_contigs/k119 -t 160 --min_standalone 1000 --prune_level 2 --merge_len 20 --merge_similar 0.95 --cleaning_rounds 5 --disconnect_ratio 0.1 --low_local_ratio 0.2 --cleaning_rounds 5 --min_depth 2 --bubble_level 2 --max_tip_len -1 --is_final_round
2023-09-03 11:33:54 - b'INFO  main_assemble.cpp             :  129 - Loading succinct de Bruijn graph: /mnt/qnap/users/diego.franco/tomato_metagenomics/assemblies/T1_ANT_assembly/tmp/k119/119Done. Time elapsed: 16.675247'
2023-09-03 11:33:54 - b'INFO  main_assemble.cpp             :  133 - Number of Edges: 1338874597; K value: 119'
2023-09-03 11:33:54 - b'INFO  main_assemble.cpp             :  140 - Number of CPU threads: 160'
2023-09-03 11:33:56 - b'INFO  assembly/sdbg_pruning.cpp     :  160 - Removing tips with length less than 2; Accumulated tips removed: 12674; time elapsed: 0.2145'
2023-09-03 11:33:56 - b'INFO  assembly/sdbg_pruning.cpp     :  160 - Removing tips with length less than 4; Accumulated tips removed: 36248; time elapsed: 0.3593'
2023-09-03 11:33:57 - b'INFO  assembly/sdbg_pruning.cpp     :  160 - Removing tips with length less than 8; Accumulated tips removed: 79488; time elapsed: 0.6791'
2023-09-03 11:33:58 - b'INFO  assembly/sdbg_pruning.cpp     :  160 - Removing tips with length less than 16; Accumulated tips removed: 161376; time elapsed: 1.2522'
2023-09-03 11:34:00 - b'INFO  assembly/sdbg_pruning.cpp     :  160 - Removing tips with length less than 32; Accumulated tips removed: 313170; time elapsed: 2.4046'
2023-09-03 11:34:05 - b'INFO  assembly/sdbg_pruning.cpp     :  160 - Removing tips with length less than 64; Accumulated tips removed: 573876; time elapsed: 4.2328'
2023-09-03 11:34:12 - b'INFO  assembly/sdbg_pruning.cpp     :  160 - Removing tips with length less than 128; Accumulated tips removed: 889410; time elapsed: 7.0162'
2023-09-03 11:34:22 - b'INFO  assembly/sdbg_pruning.cpp     :  169 - Removing tips with length less than 238; Accumulated tips removed: 1081010; time elapsed: 10.0012'
2023-09-03 11:34:22 - b'INFO  main_assemble.cpp             :  158 - Tips removal done! Time elapsed(sec): 28.094'
2023-09-03 11:35:18 - b'INFO  assembly/unitig_graph.cpp     :   83 - Graph size without loops: 659979, palindrome: 1'
2023-09-03 11:35:18 - b'INFO  main_assemble.cpp             :  166 - unitig graph size: 660135, time for building: 56.616'
2023-09-03 11:35:22 - b'INFO  assembly/contig_stat.h        :   40 - Max: 293037, Min: 120, N50: 3374, number contigs: 660135, number isolated: 167925, number looped: 156, total size: 707570170,'
2023-09-03 11:35:22 - b'INFO  main_assemble.cpp             :  184 - Graph cleaning round 1'
2023-09-03 11:35:23 - b'INFO  main_assemble.cpp             :  200 - Number of bubbles removed: 14185, Time elapsed(sec): 0.267'
2023-09-03 11:35:23 - b'INFO  main_assemble.cpp             :  210 - Number of complex bubbles removed: 10298, Time elapsed(sec): 0.464070'
2023-09-03 11:35:23 - b'INFO  main_assemble.cpp             :  221 - Number unitigs disconnected: 10408, time: 0.138'
2023-09-03 11:35:23 - b'INFO  main_assemble.cpp             :  245 - Unitigs removed in excessive pruning: 652, time: 0.077'
2023-09-03 11:35:23 - b'INFO  main_assemble.cpp             :  184 - Graph cleaning round 2'
2023-09-03 11:35:24 - b'INFO  main_assemble.cpp             :  192 - Tips removed: 950, time: 0.439'
2023-09-03 11:35:24 - b'INFO  main_assemble.cpp             :  200 - Number of bubbles removed: 12, Time elapsed(sec): 0.094'
2023-09-03 11:35:24 - b'INFO  main_assemble.cpp             :  210 - Number of complex bubbles removed: 66, Time elapsed(sec): 0.135889'
2023-09-03 11:35:24 - b'INFO  main_assemble.cpp             :  221 - Number unitigs disconnected: 298, time: 0.088'
2023-09-03 11:35:24 - b'INFO  main_assemble.cpp             :  245 - Unitigs removed in excessive pruning: 196, time: 0.069'
2023-09-03 11:35:24 - b'INFO  main_assemble.cpp             :  184 - Graph cleaning round 3'
2023-09-03 11:35:24 - b'INFO  main_assemble.cpp             :  192 - Tips removed: 31, time: 0.358'
2023-09-03 11:35:24 - b'INFO  main_assemble.cpp             :  200 - Number of bubbles removed: 3, Time elapsed(sec): 0.093'
2023-09-03 11:35:25 - b'INFO  main_assemble.cpp             :  210 - Number of complex bubbles removed: 2, Time elapsed(sec): 0.118279'
2023-09-03 11:35:25 - b'INFO  main_assemble.cpp             :  221 - Number unitigs disconnected: 121, time: 0.084'
2023-09-03 11:35:25 - b'INFO  main_assemble.cpp             :  245 - Unitigs removed in excessive pruning: 99, time: 0.066'
2023-09-03 11:35:25 - b'INFO  main_assemble.cpp             :  184 - Graph cleaning round 4'
2023-09-03 11:35:25 - b'INFO  main_assemble.cpp             :  192 - Tips removed: 10, time: 0.311'
2023-09-03 11:35:25 - b'INFO  main_assemble.cpp             :  200 - Number of bubbles removed: 0, Time elapsed(sec): 0.070'
2023-09-03 11:35:25 - b'INFO  main_assemble.cpp             :  210 - Number of complex bubbles removed: 0, Time elapsed(sec): 0.101175'
2023-09-03 11:35:25 - b'INFO  main_assemble.cpp             :  221 - Number unitigs disconnected: 54, time: 0.087'
2023-09-03 11:35:25 - b'INFO  main_assemble.cpp             :  245 - Unitigs removed in excessive pruning: 47, time: 0.070'
2023-09-03 11:35:25 - b'INFO  main_assemble.cpp             :  184 - Graph cleaning round 5'
2023-09-03 11:35:26 - b'INFO  main_assemble.cpp             :  192 - Tips removed: 2, time: 0.291'
2023-09-03 11:35:26 - b'INFO  main_assemble.cpp             :  200 - Number of bubbles removed: 0, Time elapsed(sec): 0.071'
2023-09-03 11:35:26 - b'INFO  main_assemble.cpp             :  210 - Number of complex bubbles removed: 0, Time elapsed(sec): 0.098878'
2023-09-03 11:35:26 - b'INFO  main_assemble.cpp             :  221 - Number unitigs disconnected: 24, time: 0.084'
2023-09-03 11:35:26 - b'INFO  main_assemble.cpp             :  245 - Unitigs removed in excessive pruning: 28, time: 0.064'
2023-09-03 11:35:29 - b'INFO  assembly/contig_stat.h        :   40 - Max: 330868, Min: 120, N50: 3655, number contigs: 572901, number isolated: 176754, number looped: 168, total size: 693507538,'
2023-09-03 11:35:31 - b'INFO  main_assemble.cpp             :  286 - Number of local low depth unitigs removed: 4321, complex bubbles removed: 168, time: 1.231778'
2023-09-03 11:35:34 - b'INFO  assembly/contig_stat.h        :   40 - Max: 330868, Min: 120, N50: 3692, number contigs: 561730, number isolated: 177908, number looped: 169, total size: 691735469,'
2023-09-03 11:36:01 - b'INFO  utils/utils.h                 :  152 - Real: 144.6281\tuser: 16134.2613\tsys: 23.1761\tmaxrss: 2952752'
2023-09-03 11:36:01 - Merging to output final contigs 
2023-09-03 11:36:08 - 155524 contigs, total 553772628 bp, min 1000 bp, max 330868 bp, avg 3560 bp, N50 4992 bp
2023-09-03 11:36:09 - ALL DONE. Time elapsed: 6330.595567 seconds 
