2023-07-26 01:19:43 - MEGAHIT v1.2.9
2023-07-26 01:19:43 - Using megahit_core with POPCNT and BMI2 support
2023-07-26 01:19:43 - Convert reads to binary library
2023-07-26 01:19:43 - command /mnt/matrix/symbio/software/miniconda3/envs/anvio/bin/megahit_core buildlib /mnt/qnap/users/diego.franco/tomato_metagenomics/assemblies/T2_FAC_assembly/tmp/reads.lib /mnt/qnap/users/diego.franco/tomato_metagenomics/assemblies/T2_FAC_assembly/tmp/reads.lib
2023-07-26 01:23:30 - b'INFO  sequence/io/sequence_lib.cpp  :   75 - Lib 0 (/mnt/qnap/users/diego.franco/tomato_metagenomics/raw_data/T2_FAC_R1.fastq.gz,/mnt/qnap/users/diego.franco/tomato_metagenomics/raw_data/T2_FAC_R2.fastq.gz): pe, 96362724 reads, 100 max length'
2023-07-26 01:23:33 - b'INFO  utils/utils.h                 :  152 - Real: 230.0934\tuser: 85.4152\tsys: 38.1541\tmaxrss: 232972'
2023-07-26 01:23:33 - k-max reset to: 119 
2023-07-26 01:23:33 - Start assembly. Number of CPU threads 60 
2023-07-26 01:23:33 - k list: 21,29,39,59,79,99,119 
2023-07-26 01:23:33 - Memory used: 229404538880
2023-07-26 01:23:33 - Extract solid (k+1)-mers for k = 21 
2023-07-26 01:23:33 - command /mnt/matrix/symbio/software/miniconda3/envs/anvio/bin/megahit_core count -k 21 -m 2 --host_mem 229404538880 --mem_flag 1 --output_prefix /mnt/qnap/users/diego.franco/tomato_metagenomics/assemblies/T2_FAC_assembly/tmp/k21/21 --num_cpu_threads 60 --read_lib_file /mnt/qnap/users/diego.franco/tomato_metagenomics/assemblies/T2_FAC_assembly/tmp/reads.lib
2023-07-26 01:23:33 - b'INFO  sorting/base_engine.cpp       :  148 - Preparing data...'
2023-07-26 01:23:33 - b'INFO  sequence/io/sequence_lib.cpp  :  115 - Before reading, sizeof seq_package: 3179969900'
2023-07-26 01:23:48 - b'INFO  sequence/io/sequence_lib.cpp  :  117 - After reading, sizeof seq_package: 3179969900'
2023-07-26 01:23:48 - b'INFO  sorting/kmer_counter.cpp      :   76 - 96362724 reads, 100 max read length'
2023-07-26 01:23:48 - b'INFO  sorting/kmer_counter.cpp      :   82 - 2 words per substring, 2 words per edge'
2023-07-26 01:23:49 - b'INFO  sorting/base_engine.cpp       :  153 - Preparing data... Done. Time elapsed: 16.4416'
2023-07-26 01:23:49 - b'INFO  sorting/base_engine.cpp       :  156 - Preparing partitions and calculating bucket sizes...'
2023-07-26 01:23:55 - b'INFO  sorting/base_engine.cpp       :   80 - Minimum memory required: 4407063864 bytes'
2023-07-26 01:24:05 - b'INFO  sorting/base_engine.cpp       :  138 - Lv1 items: 1015020692, Lv2 items: 20908740'
2023-07-26 01:24:05 - b'INFO  sorting/base_engine.cpp       :  139 - Memory of derived class: 4057612380, Memory for Lv1+Lv2: 4394622608'
2023-07-26 01:24:05 - b'INFO  sorting/base_engine.cpp       :  165 - Preparing partitions and calculating bucket sizes... Done. Time elapsed: 15.4524'
2023-07-26 01:24:05 - b'INFO  sorting/base_engine.cpp       :  172 - Start main loop...'
2023-07-26 01:24:05 - b'INFO  sorting/base_engine.cpp       :  185 - Lv1 scanning from bucket 0 to 364'
2023-07-26 01:24:11 - b'INFO  sorting/base_engine.cpp       :  192 - Lv1 scanning done. Large diff: 0. Time elapsed: 6.1666'
2023-07-26 01:25:14 - b'INFO  sorting/base_engine.cpp       :  198 - Lv1 fetching & sorting done. Time elapsed: 63.2255'
2023-07-26 01:25:14 - b'INFO  sorting/base_engine.cpp       :  185 - Lv1 scanning from bucket 364 to 1533'
2023-07-26 01:25:21 - b'INFO  sorting/base_engine.cpp       :  192 - Lv1 scanning done. Large diff: 0. Time elapsed: 7.1757'
2023-07-26 01:26:00 - b'INFO  sorting/base_engine.cpp       :  198 - Lv1 fetching & sorting done. Time elapsed: 38.8358'
2023-07-26 01:26:00 - b'INFO  sorting/base_engine.cpp       :  185 - Lv1 scanning from bucket 1533 to 3569'
2023-07-26 01:26:08 - b'INFO  sorting/base_engine.cpp       :  192 - Lv1 scanning done. Large diff: 0. Time elapsed: 7.6815'
2023-07-26 01:26:46 - b'INFO  sorting/base_engine.cpp       :  198 - Lv1 fetching & sorting done. Time elapsed: 38.1607'
2023-07-26 01:26:46 - b'INFO  sorting/base_engine.cpp       :  185 - Lv1 scanning from bucket 3569 to 6701'
2023-07-26 01:26:56 - b'INFO  sorting/base_engine.cpp       :  192 - Lv1 scanning done. Large diff: 0. Time elapsed: 10.0542'
2023-07-26 01:27:28 - b'INFO  sorting/base_engine.cpp       :  198 - Lv1 fetching & sorting done. Time elapsed: 31.3646'
2023-07-26 01:27:28 - b'INFO  sorting/base_engine.cpp       :  185 - Lv1 scanning from bucket 6701 to 11340'
2023-07-26 01:27:35 - b'INFO  sorting/base_engine.cpp       :  192 - Lv1 scanning done. Large diff: 0. Time elapsed: 7.1988'
2023-07-26 01:28:00 - b'INFO  sorting/base_engine.cpp       :  198 - Lv1 fetching & sorting done. Time elapsed: 25.6896'
2023-07-26 01:28:00 - b'INFO  sorting/base_engine.cpp       :  185 - Lv1 scanning from bucket 11340 to 18257'
2023-07-26 01:28:08 - b'INFO  sorting/base_engine.cpp       :  192 - Lv1 scanning done. Large diff: 0. Time elapsed: 7.6609'
2023-07-26 01:28:31 - b'INFO  sorting/base_engine.cpp       :  198 - Lv1 fetching & sorting done. Time elapsed: 22.8193'
2023-07-26 01:28:31 - b'INFO  sorting/base_engine.cpp       :  185 - Lv1 scanning from bucket 18257 to 29520'
2023-07-26 01:28:42 - b'INFO  sorting/base_engine.cpp       :  192 - Lv1 scanning done. Large diff: 0. Time elapsed: 10.9903'
2023-07-26 01:29:03 - b'INFO  sorting/base_engine.cpp       :  198 - Lv1 fetching & sorting done. Time elapsed: 21.1970'
2023-07-26 01:29:03 - b'INFO  sorting/base_engine.cpp       :  185 - Lv1 scanning from bucket 29520 to 60400'
2023-07-26 01:29:20 - b'INFO  sorting/base_engine.cpp       :  192 - Lv1 scanning done. Large diff: 0. Time elapsed: 16.4686'
2023-07-26 01:29:40 - b'INFO  sorting/base_engine.cpp       :  198 - Lv1 fetching & sorting done. Time elapsed: 20.6816'
2023-07-26 01:29:40 - b'INFO  sorting/base_engine.cpp       :  185 - Lv1 scanning from bucket 60400 to 65536'
2023-07-26 01:29:45 - b'INFO  sorting/base_engine.cpp       :  192 - Lv1 scanning done. Large diff: 0. Time elapsed: 5.2148'
2023-07-26 01:29:46 - b'INFO  sorting/base_engine.cpp       :  198 - Lv1 fetching & sorting done. Time elapsed: 0.5037'
2023-07-26 01:29:46 - b'INFO  sorting/base_engine.cpp       :  204 - Main loop done. Time elapsed: 341.1084'
2023-07-26 01:29:46 - b'INFO  sorting/base_engine.cpp       :  207 - Postprocessing...'
2023-07-26 01:29:47 - b'INFO  sorting/kmer_counter.cpp      :  405 - Total number of candidate reads: 558017 (1320792)'
2023-07-26 01:29:47 - b'INFO  sorting/kmer_counter.cpp      :  407 - Total number of solid edges: 595888875'
2023-07-26 01:30:04 - b'INFO  sorting/base_engine.cpp       :  210 - Postprocess done. Time elapsed: 18.1449'
2023-07-26 01:30:06 - b'INFO  utils/utils.h                 :  152 - Real: 392.7018\tuser: 12271.3604\tsys: 2044.4411\tmaxrss: 7555736'
2023-07-26 01:30:06 - Build graph for k = 21 
2023-07-26 01:30:06 - command /mnt/matrix/symbio/software/miniconda3/envs/anvio/bin/megahit_core seq2sdbg --host_mem 229404538880 --mem_flag 1 --output_prefix /mnt/qnap/users/diego.franco/tomato_metagenomics/assemblies/T2_FAC_assembly/tmp/k21/21 --num_cpu_threads 60 -k 21 --kmer_from 0 --input_prefix /mnt/qnap/users/diego.franco/tomato_metagenomics/assemblies/T2_FAC_assembly/tmp/k21/21 --need_mercy
2023-07-26 01:30:06 - b'INFO  sorting/base_engine.cpp       :  148 - Preparing data...'
2023-07-26 01:30:06 - b'INFO  sorting/seq_to_sdbg.cpp       :  369 - Number edges: 595888875'
2023-07-26 01:30:06 - b'INFO  sorting/seq_to_sdbg.cpp       :  413 - Bases to reserve: 16386944046, number contigs: 0, number multiplicity: 744861093'
2023-07-26 01:30:06 - b'INFO  sorting/seq_to_sdbg.cpp       :  421 - Before reading, sizeof seq_package: 4096736020, multiplicity vector: 744861093'
2023-07-26 01:30:35 - b'INFO  sorting/seq_to_sdbg.cpp       :  428 - Read 595888875 edges.'
2023-07-26 01:30:35 - b'INFO  sorting/seq_to_sdbg.cpp       :  429 - After reading, sizeof seq_package: 4096736020/595888875/13109555250, multiplicity vector: 595888875/744861093'
2023-07-26 01:30:35 - b'INFO  sorting/seq_to_sdbg.cpp       :  440 - Adding mercy edges...'
2023-07-26 01:30:39 - b'INFO  sorting/seq_to_sdbg.cpp       :  191 - Read 65536 reads to search for mercy k-mers'
2023-07-26 01:30:41 - b'INFO  sorting/seq_to_sdbg.cpp       :  191 - Read 65536 reads to search for mercy k-mers'
2023-07-26 01:30:43 - b'INFO  sorting/seq_to_sdbg.cpp       :  191 - Read 65536 reads to search for mercy k-mers'
2023-07-26 01:30:46 - b'INFO  sorting/seq_to_sdbg.cpp       :  191 - Read 65536 reads to search for mercy k-mers'
2023-07-26 01:30:48 - b'INFO  sorting/seq_to_sdbg.cpp       :  191 - Read 65536 reads to search for mercy k-mers'
2023-07-26 01:30:51 - b'INFO  sorting/seq_to_sdbg.cpp       :  191 - Read 65536 reads to search for mercy k-mers'
2023-07-26 01:30:53 - b'INFO  sorting/seq_to_sdbg.cpp       :  191 - Read 65536 reads to search for mercy k-mers'
2023-07-26 01:30:54 - b'INFO  sorting/seq_to_sdbg.cpp       :  191 - Read 65536 reads to search for mercy k-mers'
2023-07-26 01:30:55 - b'INFO  sorting/seq_to_sdbg.cpp       :  191 - Read 33729 reads to search for mercy k-mers'
2023-07-26 01:30:56 - b'INFO  sorting/seq_to_sdbg.cpp       :  355 - Number of reads: 558017, Number of mercy edges: 3693859'
2023-07-26 01:30:56 - b'INFO  sorting/seq_to_sdbg.cpp       :  444 - Done. Time elapsed: 20.4791'
2023-07-26 01:30:56 - b'INFO  sorting/seq_to_sdbg.cpp       :  445 - After adding mercy, sizeof seq_package: 4096736020/599582734/13190820148, multiplicity vector: 599582734/744861093'
2023-07-26 01:30:56 - b'INFO  sorting/seq_to_sdbg.cpp       :  506 - Finally, sizeof seq_package: 4096736020/599582734/13190820148, multiplicity vector: 599582734/744861093'
2023-07-26 01:30:56 - b'INFO  sorting/base_engine.cpp       :  153 - Preparing data... Done. Time elapsed: 50.1170'
2023-07-26 01:30:56 - b'INFO  sorting/base_engine.cpp       :  156 - Preparing partitions and calculating bucket sizes...'
2023-07-26 01:30:57 - b'INFO  sorting/base_engine.cpp       :   80 - Minimum memory required: 5821804102 bytes'
2023-07-26 01:31:01 - b'INFO  sorting/base_engine.cpp       :  138 - Lv1 items: 479666187, Lv2 items: 9880800'
2023-07-26 01:31:01 - b'INFO  sorting/base_engine.cpp       :  139 - Memory of derived class: 5689511518, Memory for Lv1+Lv2: 1997711148'
2023-07-26 01:31:01 - b'INFO  sorting/base_engine.cpp       :  165 - Preparing partitions and calculating bucket sizes... Done. Time elapsed: 4.6169'
2023-07-26 01:31:01 - b'INFO  sorting/base_engine.cpp       :  172 - Start main loop...'
2023-07-26 01:31:01 - b'INFO  sorting/base_engine.cpp       :  185 - Lv1 scanning from bucket 0 to 820'
2023-07-26 01:31:02 - b'INFO  sorting/base_engine.cpp       :  192 - Lv1 scanning done. Large diff: 0. Time elapsed: 1.3014'
2023-07-26 01:31:07 - b'INFO  sorting/base_engine.cpp       :  198 - Lv1 fetching & sorting done. Time elapsed: 5.0240'
2023-07-26 01:31:07 - b'INFO  sorting/base_engine.cpp       :  185 - Lv1 scanning from bucket 820 to 2795'
2023-07-26 01:31:08 - b'INFO  sorting/base_engine.cpp       :  192 - Lv1 scanning done. Large diff: 0. Time elapsed: 1.3151'
2023-07-26 01:31:13 - b'INFO  sorting/base_engine.cpp       :  198 - Lv1 fetching & sorting done. Time elapsed: 5.0393'
2023-07-26 01:31:13 - b'INFO  sorting/base_engine.cpp       :  185 - Lv1 scanning from bucket 2795 to 5831'
2023-07-26 01:31:15 - b'INFO  sorting/base_engine.cpp       :  192 - Lv1 scanning done. Large diff: 0. Time elapsed: 1.5724'
2023-07-26 01:31:20 - b'INFO  sorting/base_engine.cpp       :  198 - Lv1 fetching & sorting done. Time elapsed: 5.5774'
2023-07-26 01:31:20 - b'INFO  sorting/base_engine.cpp       :  185 - Lv1 scanning from bucket 5831 to 10143'
2023-07-26 01:31:22 - b'INFO  sorting/base_engine.cpp       :  192 - Lv1 scanning done. Large diff: 0. Time elapsed: 1.3056'
2023-07-26 01:31:26 - b'INFO  sorting/base_engine.cpp       :  198 - Lv1 fetching & sorting done. Time elapsed: 4.4387'
2023-07-26 01:31:26 - b'INFO  sorting/base_engine.cpp       :  185 - Lv1 scanning from bucket 10143 to 16115'
2023-07-26 01:31:28 - b'INFO  sorting/base_engine.cpp       :  192 - Lv1 scanning done. Large diff: 0. Time elapsed: 1.8592'
2023-07-26 01:31:43 - b'INFO  sorting/base_engine.cpp       :  198 - Lv1 fetching & sorting done. Time elapsed: 15.2804'
2023-07-26 01:31:43 - b'INFO  sorting/base_engine.cpp       :  185 - Lv1 scanning from bucket 16115 to 24763'
2023-07-26 01:31:45 - b'INFO  sorting/base_engine.cpp       :  192 - Lv1 scanning done. Large diff: 0. Time elapsed: 1.8841'
2023-07-26 01:31:49 - b'INFO  sorting/base_engine.cpp       :  198 - Lv1 fetching & sorting done. Time elapsed: 3.7205'
2023-07-26 01:31:49 - b'INFO  sorting/base_engine.cpp       :  185 - Lv1 scanning from bucket 24763 to 39544'
2023-07-26 01:31:52 - b'INFO  sorting/base_engine.cpp       :  192 - Lv1 scanning done. Large diff: 0. Time elapsed: 3.4476'
2023-07-26 01:31:56 - b'INFO  sorting/base_engine.cpp       :  198 - Lv1 fetching & sorting done. Time elapsed: 3.5984'
2023-07-26 01:31:56 - b'INFO  sorting/base_engine.cpp       :  185 - Lv1 scanning from bucket 39544 to 65536'
2023-07-26 01:31:58 - b'INFO  sorting/base_engine.cpp       :  192 - Lv1 scanning done. Large diff: 0. Time elapsed: 2.0364'
2023-07-26 01:32:00 - b'INFO  sorting/base_engine.cpp       :  198 - Lv1 fetching & sorting done. Time elapsed: 2.3413'
2023-07-26 01:32:00 - b'INFO  sorting/base_engine.cpp       :  204 - Main loop done. Time elapsed: 59.7587'
2023-07-26 01:32:00 - b'INFO  sorting/base_engine.cpp       :  207 - Postprocessing...'
2023-07-26 01:32:21 - b'INFO  sorting/seq_to_sdbg.cpp       :  793 - Number of $ A C G T A- C- G- T-:'
2023-07-26 01:32:21 - b'INFO  sorting/seq_to_sdbg.cpp       :  794 - 1404509 386022958 197396416 197844896 386290858 11151864 5360233 5386167 11114655'
2023-07-26 01:32:21 - b'INFO  sorting/seq_to_sdbg.cpp       :  800 - Total number of edges: 1201972556'
2023-07-26 01:32:21 - b'INFO  sorting/seq_to_sdbg.cpp       :  801 - Total number of ONEs: 1167555128'
2023-07-26 01:32:21 - b'INFO  sorting/seq_to_sdbg.cpp       :  802 - Total number of $v edges: 1404509'
2023-07-26 01:32:21 - b'INFO  sorting/base_engine.cpp       :  210 - Postprocess done. Time elapsed: 20.3516'
2023-07-26 01:32:22 - b'INFO  utils/utils.h                 :  152 - Real: 135.8892\tuser: 2338.4589\tsys: 116.7946\tmaxrss: 6523980'
2023-07-26 01:32:23 - Assemble contigs from SdBG for k = 21
2023-07-26 01:32:23 - command /mnt/matrix/symbio/software/miniconda3/envs/anvio/bin/megahit_core assemble -s /mnt/qnap/users/diego.franco/tomato_metagenomics/assemblies/T2_FAC_assembly/tmp/k21/21 -o /mnt/qnap/users/diego.franco/tomato_metagenomics/assemblies/T2_FAC_assembly/intermediate_contigs/k21 -t 60 --min_standalone 1000 --prune_level 2 --merge_len 20 --merge_similar 0.95 --cleaning_rounds 5 --disconnect_ratio 0.1 --low_local_ratio 0.2 --cleaning_rounds 5 --min_depth 2 --bubble_level 2 --max_tip_len -1 --careful_bubble
2023-07-26 01:32:53 - b'INFO  main_assemble.cpp             :  129 - Loading succinct de Bruijn graph: /mnt/qnap/users/diego.franco/tomato_metagenomics/assemblies/T2_FAC_assembly/tmp/k21/21Done. Time elapsed: 30.563406'
2023-07-26 01:32:53 - b'INFO  main_assemble.cpp             :  133 - Number of Edges: 1201972556; K value: 21'
2023-07-26 01:32:53 - b'INFO  main_assemble.cpp             :  140 - Number of CPU threads: 60'
2023-07-26 01:33:01 - b'INFO  assembly/sdbg_pruning.cpp     :  160 - Removing tips with length less than 2; Accumulated tips removed: 328228; time elapsed: 1.4025'
2023-07-26 01:33:03 - b'INFO  assembly/sdbg_pruning.cpp     :  160 - Removing tips with length less than 4; Accumulated tips removed: 678448; time elapsed: 1.7617'
2023-07-26 01:33:05 - b'INFO  assembly/sdbg_pruning.cpp     :  160 - Removing tips with length less than 8; Accumulated tips removed: 1023522; time elapsed: 2.8918'
2023-07-26 01:33:09 - b'INFO  assembly/sdbg_pruning.cpp     :  160 - Removing tips with length less than 16; Accumulated tips removed: 1342083; time elapsed: 3.2800'
2023-07-26 01:33:12 - b'INFO  assembly/sdbg_pruning.cpp     :  160 - Removing tips with length less than 32; Accumulated tips removed: 1543458; time elapsed: 3.2229'
2023-07-26 01:33:15 - b'INFO  assembly/sdbg_pruning.cpp     :  169 - Removing tips with length less than 42; Accumulated tips removed: 1582685; time elapsed: 3.1273'
2023-07-26 01:33:15 - b'INFO  main_assemble.cpp             :  158 - Tips removal done! Time elapsed(sec): 21.647'
2023-07-26 01:39:49 - b'INFO  assembly/unitig_graph.cpp     :   83 - Graph size without loops: 38798429, palindrome: 1907'
2023-07-26 01:41:47 - b'INFO  main_assemble.cpp             :  166 - unitig graph size: 38798500, time for building: 511.926'
2023-07-26 01:45:00 - b'INFO  assembly/contig_stat.h        :   40 - Max: 6120, Min: 22, N50: 35, number contigs: 38798500, number isolated: 4305, number looped: 71, total size: 1408323942,'
2023-07-26 01:45:00 - b'INFO  main_assemble.cpp             :  184 - Graph cleaning round 1'
2023-07-26 01:45:17 - b'INFO  main_assemble.cpp             :  200 - Number of bubbles removed: 162789, Time elapsed(sec): 16.961'
2023-07-26 01:45:33 - b'INFO  main_assemble.cpp             :  210 - Number of complex bubbles removed: 42840, Time elapsed(sec): 16.331736'
2023-07-26 01:46:06 - b'INFO  main_assemble.cpp             :  221 - Number unitigs disconnected: 6602356, time: 32.724'
2023-07-26 01:46:14 - b'INFO  main_assemble.cpp             :  245 - Unitigs removed in excessive pruning: 907, time: 7.488'
2023-07-26 01:46:14 - b'INFO  main_assemble.cpp             :  184 - Graph cleaning round 2'
2023-07-26 01:47:00 - b'INFO  main_assemble.cpp             :  192 - Tips removed: 803080, time: 46.508'
2023-07-26 01:47:12 - b'INFO  main_assemble.cpp             :  200 - Number of bubbles removed: 1502, Time elapsed(sec): 11.473'
2023-07-26 01:47:26 - b'INFO  main_assemble.cpp             :  210 - Number of complex bubbles removed: 261, Time elapsed(sec): 14.601264'
2023-07-26 01:47:37 - b'INFO  main_assemble.cpp             :  221 - Number unitigs disconnected: 20448, time: 10.569'
2023-07-26 01:47:44 - b'INFO  main_assemble.cpp             :  245 - Unitigs removed in excessive pruning: 6, time: 7.132'
2023-07-26 01:47:44 - b'INFO  main_assemble.cpp             :  184 - Graph cleaning round 3'
2023-07-26 01:48:27 - b'INFO  main_assemble.cpp             :  192 - Tips removed: 2567, time: 43.244'
2023-07-26 01:48:39 - b'INFO  main_assemble.cpp             :  200 - Number of bubbles removed: 30, Time elapsed(sec): 11.713'
2023-07-26 01:48:52 - b'INFO  main_assemble.cpp             :  210 - Number of complex bubbles removed: 4, Time elapsed(sec): 12.777917'
2023-07-26 01:49:01 - b'INFO  main_assemble.cpp             :  221 - Number unitigs disconnected: 315, time: 9.551'
2023-07-26 01:49:08 - b'INFO  main_assemble.cpp             :  245 - Unitigs removed in excessive pruning: 1, time: 6.787'
2023-07-26 01:49:08 - b'INFO  main_assemble.cpp             :  184 - Graph cleaning round 4'
2023-07-26 01:49:47 - b'INFO  main_assemble.cpp             :  192 - Tips removed: 40, time: 39.154'
2023-07-26 01:49:59 - b'INFO  main_assemble.cpp             :  200 - Number of bubbles removed: 0, Time elapsed(sec): 11.750'
2023-07-26 01:50:14 - b'INFO  main_assemble.cpp             :  210 - Number of complex bubbles removed: 0, Time elapsed(sec): 15.446574'
2023-07-26 01:50:25 - b'INFO  main_assemble.cpp             :  221 - Number unitigs disconnected: 103, time: 10.199'
2023-07-26 01:50:26 - b'INFO  main_assemble.cpp             :  245 - Unitigs removed in excessive pruning: 0, time: 1.791'
2023-07-26 01:50:26 - b'INFO  main_assemble.cpp             :  184 - Graph cleaning round 5'
2023-07-26 01:51:04 - b'INFO  main_assemble.cpp             :  192 - Tips removed: 0, time: 37.491'
2023-07-26 01:51:15 - b'INFO  main_assemble.cpp             :  200 - Number of bubbles removed: 0, Time elapsed(sec): 10.964'
2023-07-26 01:51:27 - b'INFO  main_assemble.cpp             :  210 - Number of complex bubbles removed: 0, Time elapsed(sec): 12.265186'
2023-07-26 01:51:36 - b'INFO  main_assemble.cpp             :  221 - Number unitigs disconnected: 98, time: 9.181'
2023-07-26 01:51:38 - b'INFO  main_assemble.cpp             :  245 - Unitigs removed in excessive pruning: 0, time: 1.890'
2023-07-26 01:54:24 - b'INFO  assembly/contig_stat.h        :   40 - Max: 17798, Min: 22, N50: 38, number contigs: 33582491, number isolated: 77243, number looped: 42, total size: 1276131481,'
2023-07-26 01:56:01 - b'INFO  main_assemble.cpp             :  267 - Time to output: 97.647055'
2023-07-26 02:07:58 - b'INFO  main_assemble.cpp             :  286 - Number of local low depth unitigs removed: 891446, complex bubbles removed: 2971, time: 715.437480'
2023-07-26 02:10:27 - b'INFO  assembly/contig_stat.h        :   40 - Max: 17798, Min: 22, N50: 40, number contigs: 31434342, number isolated: 93974, number looped: 44, total size: 1218387860,'
2023-07-26 02:11:42 - b'INFO  utils/utils.h                 :  152 - Real: 2359.4471\tuser: 82648.8790\tsys: 389.1617\tmaxrss: 5177024'
2023-07-26 02:11:47 - Local assembly for k = 21
2023-07-26 02:11:47 - command /mnt/matrix/symbio/software/miniconda3/envs/anvio/bin/megahit_core local -c /mnt/qnap/users/diego.franco/tomato_metagenomics/assemblies/T2_FAC_assembly/intermediate_contigs/k21.contigs.fa -l /mnt/qnap/users/diego.franco/tomato_metagenomics/assemblies/T2_FAC_assembly/tmp/reads.lib -t 60 -o /mnt/qnap/users/diego.franco/tomato_metagenomics/assemblies/T2_FAC_assembly/intermediate_contigs/k21.local.fa --kmax 29
2023-07-26 02:13:30 - b'INFO  localasm/hash_mapper.cpp      :   99 - Number of contigs: 371296, index size: 16639392'
2023-07-26 02:13:30 - b'INFO  localasm/local_assemble.cpp   :  315 - Hash mapper construction time elapsed: 103.130652'
2023-07-26 02:13:30 - b'INFO  sequence/io/sequence_lib.cpp  :  115 - Before reading, sizeof seq_package: 3179969900'
2023-07-26 02:13:41 - b'INFO  sequence/io/sequence_lib.cpp  :  117 - After reading, sizeof seq_package: 3179969900'
2023-07-26 02:13:41 - b'INFO  localasm/local_assemble.cpp   :  324 - Read lib time elapsed: 11.158906'
2023-07-26 02:13:45 - b'INFO  localasm/local_assemble.cpp   :  133 - Lib 0, insert size: 253.00 sd: 84.23'
2023-07-26 02:13:45 - b'INFO  localasm/local_assemble.cpp   :  330 - Insert size estimation time elapsed: 4.614753'
2023-07-26 02:14:18 - b'INFO  localasm/local_assemble.cpp   :  218 - Lib 0: total 96362724 reads, aligned 17243787, added 8296276 reads to local assembly'
2023-07-26 02:14:18 - b'INFO  localasm/local_assemble.cpp   :  338 - Mapping time elapsed: 32.657340'
2023-07-26 02:14:18 - b'INFO  localasm/local_assemble.cpp   :  232 - Minimum number of reads to do local assembly: 5'
2023-07-26 02:14:54 - b'INFO  localasm/local_assemble.cpp   :  346 - Local assembly time elapsed: 35.930038'
2023-07-26 02:14:55 - b'INFO  utils/utils.h                 :  152 - Real: 187.9879\tuser: 6856.5230\tsys: 37.8348\tmaxrss: 3560492'
2023-07-26 02:14:55 - Extract iterative edges from k = 21 to 29 
2023-07-26 02:14:55 - command /mnt/matrix/symbio/software/miniconda3/envs/anvio/bin/megahit_core iterate -c /mnt/qnap/users/diego.franco/tomato_metagenomics/assemblies/T2_FAC_assembly/intermediate_contigs/k21.contigs.fa -b /mnt/qnap/users/diego.franco/tomato_metagenomics/assemblies/T2_FAC_assembly/intermediate_contigs/k21.bubble_seq.fa -t 60 -k 21 -s 8 -o /mnt/qnap/users/diego.franco/tomato_metagenomics/assemblies/T2_FAC_assembly/tmp/k29/29 -r /mnt/qnap/users/diego.franco/tomato_metagenomics/assemblies/T2_FAC_assembly/tmp/reads.lib.bin
2023-07-26 02:14:55 - b'INFO  main_iterate.cpp              :  190 - Selected kmer type size for k: 8'
2023-07-26 02:14:56 - b'INFO  main_iterate.cpp              :  174 - Read 4194304 contigs'
2023-07-26 02:15:29 - b'INFO  main_iterate.cpp              :  176 - Number of flank kmers: 7383277'
2023-07-26 02:15:29 - b'INFO  main_iterate.cpp              :  174 - Read 4194304 contigs'
2023-07-26 02:15:58 - b'INFO  main_iterate.cpp              :  176 - Number of flank kmers: 14756963'
2023-07-26 02:15:58 - b'INFO  main_iterate.cpp              :  174 - Read 4194304 contigs'
2023-07-26 02:16:30 - b'INFO  main_iterate.cpp              :  176 - Number of flank kmers: 22116651'
2023-07-26 02:16:30 - b'INFO  main_iterate.cpp              :  174 - Read 4194304 contigs'
2023-07-26 02:17:20 - b'INFO  main_iterate.cpp              :  176 - Number of flank kmers: 29463361'
2023-07-26 02:17:20 - b'INFO  main_iterate.cpp              :  174 - Read 4194304 contigs'
2023-07-26 02:17:52 - b'INFO  main_iterate.cpp              :  176 - Number of flank kmers: 36797809'
2023-07-26 02:17:52 - b'INFO  main_iterate.cpp              :  174 - Read 4194304 contigs'
2023-07-26 02:18:29 - b'INFO  main_iterate.cpp              :  176 - Number of flank kmers: 44123504'
2023-07-26 02:18:29 - b'INFO  main_iterate.cpp              :  174 - Read 4194304 contigs'
2023-07-26 02:19:03 - b'INFO  main_iterate.cpp              :  176 - Number of flank kmers: 51440344'
2023-07-26 02:19:03 - b'INFO  main_iterate.cpp              :  174 - Read 4145120 contigs'
2023-07-26 02:19:30 - b'INFO  main_iterate.cpp              :  176 - Number of flank kmers: 58701601'
2023-07-26 02:19:31 - b'INFO  main_iterate.cpp              :  174 - Read 605862 contigs'
2023-07-26 02:19:53 - b'INFO  main_iterate.cpp              :  176 - Number of flank kmers: 59510461'
2023-07-26 02:19:53 - b'INFO  main_iterate.cpp              :  123 - Selected kmer type size for next k: 8'
2023-07-26 02:20:31 - b'INFO  main_iterate.cpp              :  138 - Processed: 4194304, aligned: 3362648. Iterative edges: 59133280'
2023-07-26 02:20:47 - b'INFO  main_iterate.cpp              :  138 - Processed: 8388608, aligned: 6720595. Iterative edges: 96127949'
2023-07-26 02:21:11 - b'INFO  main_iterate.cpp              :  138 - Processed: 12582912, aligned: 10046662. Iterative edges: 120809191'
2023-07-26 02:21:27 - b'INFO  main_iterate.cpp              :  138 - Processed: 16777216, aligned: 13377418. Iterative edges: 138661887'
2023-07-26 02:21:41 - b'INFO  main_iterate.cpp              :  138 - Processed: 20971520, aligned: 16719398. Iterative edges: 152133106'
2023-07-26 02:21:54 - b'INFO  main_iterate.cpp              :  138 - Processed: 25165824, aligned: 20079566. Iterative edges: 162434821'
2023-07-26 02:22:08 - b'INFO  main_iterate.cpp              :  138 - Processed: 29360128, aligned: 23431842. Iterative edges: 170082968'
2023-07-26 02:22:23 - b'INFO  main_iterate.cpp              :  138 - Processed: 33554432, aligned: 26787755. Iterative edges: 175905494'
2023-07-26 02:22:36 - b'INFO  main_iterate.cpp              :  138 - Processed: 37748736, aligned: 30140942. Iterative edges: 180319479'
2023-07-26 02:22:51 - b'INFO  main_iterate.cpp              :  138 - Processed: 41943040, aligned: 33501178. Iterative edges: 183734678'
2023-07-26 02:23:06 - b'INFO  main_iterate.cpp              :  138 - Processed: 46137344, aligned: 36863397. Iterative edges: 186356702'
2023-07-26 02:23:24 - b'INFO  main_iterate.cpp              :  138 - Processed: 50331648, aligned: 40223779. Iterative edges: 188394002'
2023-07-26 02:23:39 - b'INFO  main_iterate.cpp              :  138 - Processed: 54525952, aligned: 43589668. Iterative edges: 189976044'
2023-07-26 02:23:54 - b'INFO  main_iterate.cpp              :  138 - Processed: 58720256, aligned: 46951080. Iterative edges: 191215472'
2023-07-26 02:24:10 - b'INFO  main_iterate.cpp              :  138 - Processed: 62914560, aligned: 50314581. Iterative edges: 192187610'
2023-07-26 02:24:25 - b'INFO  main_iterate.cpp              :  138 - Processed: 67108864, aligned: 53680727. Iterative edges: 192946304'
2023-07-26 02:24:39 - b'INFO  main_iterate.cpp              :  138 - Processed: 71303168, aligned: 57041529. Iterative edges: 193552288'
2023-07-26 02:24:56 - b'INFO  main_iterate.cpp              :  138 - Processed: 75497472, aligned: 60406240. Iterative edges: 194033952'
2023-07-26 02:25:10 - b'INFO  main_iterate.cpp              :  138 - Processed: 79691776, aligned: 63769330. Iterative edges: 194410851'
2023-07-26 02:25:24 - b'INFO  main_iterate.cpp              :  138 - Processed: 83886080, aligned: 67131360. Iterative edges: 194711005'
2023-07-26 02:25:38 - b'INFO  main_iterate.cpp              :  138 - Processed: 88080384, aligned: 70492980. Iterative edges: 194946044'
2023-07-26 02:25:52 - b'INFO  main_iterate.cpp              :  138 - Processed: 92274688, aligned: 73850779. Iterative edges: 195132813'
2023-07-26 02:26:06 - b'INFO  main_iterate.cpp              :  138 - Processed: 96362724, aligned: 77124569. Iterative edges: 195275062'
2023-07-26 02:26:39 - b'INFO  main_iterate.cpp              :  142 - Total: 96362724, aligned: 77124569. Iterative edges: 195275062'
2023-07-26 02:27:24 - b'INFO  utils/utils.h                 :  152 - Real: 749.5498\tuser: 27100.8475\tsys: 194.8936\tmaxrss: 9011516'
2023-07-26 02:27:24 - Build graph for k = 29 
2023-07-26 02:27:24 - command /mnt/matrix/symbio/software/miniconda3/envs/anvio/bin/megahit_core seq2sdbg --host_mem 229404538880 --mem_flag 1 --output_prefix /mnt/qnap/users/diego.franco/tomato_metagenomics/assemblies/T2_FAC_assembly/tmp/k29/29 --num_cpu_threads 60 -k 29 --kmer_from 21 --input_prefix /mnt/qnap/users/diego.franco/tomato_metagenomics/assemblies/T2_FAC_assembly/tmp/k29/29 --addi_contig /mnt/qnap/users/diego.franco/tomato_metagenomics/assemblies/T2_FAC_assembly/intermediate_contigs/k21.addi.fa --local_contig /mnt/qnap/users/diego.franco/tomato_metagenomics/assemblies/T2_FAC_assembly/intermediate_contigs/k21.local.fa --contig /mnt/qnap/users/diego.franco/tomato_metagenomics/assemblies/T2_FAC_assembly/intermediate_contigs/k21.contigs.fa --bubble /mnt/qnap/users/diego.franco/tomato_metagenomics/assemblies/T2_FAC_assembly/intermediate_contigs/k21.bubble_seq.fa
2023-07-26 02:27:24 - b'INFO  sorting/base_engine.cpp       :  148 - Preparing data...'
2023-07-26 02:27:24 - b'INFO  sorting/seq_to_sdbg.cpp       :  369 - Number edges: 195275062'
2023-07-26 02:27:24 - b'INFO  sorting/seq_to_sdbg.cpp       :  413 - Bases to reserve: 7201253282, number contigs: 35983503, number multiplicity: 231258565'
2023-07-26 02:27:24 - b'INFO  sorting/seq_to_sdbg.cpp       :  421 - Before reading, sizeof seq_package: 2088181356, multiplicity vector: 231258565'
2023-07-26 02:27:34 - b'INFO  sorting/seq_to_sdbg.cpp       :  428 - Read 195275062 edges.'
2023-07-26 02:27:34 - b'INFO  sorting/seq_to_sdbg.cpp       :  429 - After reading, sizeof seq_package: 2088181356/195275062/5858251860, multiplicity vector: 195275062/231258565'
2023-07-26 02:27:44 - b'INFO  sorting/seq_to_sdbg.cpp       :  458 - Read 11880100 contigs from /mnt/qnap/users/diego.franco/tomato_metagenomics/assemblies/T2_FAC_assembly/intermediate_contigs/k21.contigs.fa.'
2023-07-26 02:27:44 - b'INFO  sorting/seq_to_sdbg.cpp       :  459 - After reading contigs, sizeof seq_package: 2088181356/207155162/6618872889, multiplicity vector: 207155162/231258565'
2023-07-26 02:27:44 - b'INFO  sorting/seq_to_sdbg.cpp       :  470 - Read 473043 contigs from /mnt/qnap/users/diego.franco/tomato_metagenomics/assemblies/T2_FAC_assembly/intermediate_contigs/k21.bubble_seq.fa.'
2023-07-26 02:27:44 - b'INFO  sorting/seq_to_sdbg.cpp       :  471 - After reading contigs, sizeof seq_package: 2088181356/207628205/6651635454, multiplicity vector: 207628205/231258565'
2023-07-26 02:27:45 - b'INFO  sorting/seq_to_sdbg.cpp       :  484 - Read 438843 contigs from /mnt/qnap/users/diego.franco/tomato_metagenomics/assemblies/T2_FAC_assembly/intermediate_contigs/k21.addi.fa.'
2023-07-26 02:27:45 - b'INFO  sorting/seq_to_sdbg.cpp       :  485 - After reading contigs, sizeof seq_package: 2088181356/208067048/6673510864, multiplicity vector: 208067048/231258565'
2023-07-26 02:27:48 - b'INFO  sorting/seq_to_sdbg.cpp       :  498 - Read 714523 contigs from /mnt/qnap/users/diego.franco/tomato_metagenomics/assemblies/T2_FAC_assembly/intermediate_contigs/k21.local.fa.'
2023-07-26 02:27:48 - b'INFO  sorting/seq_to_sdbg.cpp       :  499 - After reading contigs, sizeof seq_package: 2088181356/208781571/7028980846, multiplicity vector: 208781571/231258565'
2023-07-26 02:27:48 - b'INFO  sorting/seq_to_sdbg.cpp       :  506 - Finally, sizeof seq_package: 2088181356/208781571/7028980846, multiplicity vector: 208781571/231258565'
2023-07-26 02:27:49 - b'INFO  sorting/base_engine.cpp       :  153 - Preparing data... Done. Time elapsed: 24.2247'
2023-07-26 02:27:49 - b'INFO  sorting/base_engine.cpp       :  156 - Preparing partitions and calculating bucket sizes...'
2023-07-26 02:27:52 - b'INFO  sorting/base_engine.cpp       :   80 - Minimum memory required: 2719846534 bytes'
2023-07-26 02:27:54 - b'INFO  sorting/base_engine.cpp       :  138 - Lv1 items: 371167581, Lv2 items: 7645800'
2023-07-26 02:27:54 - b'INFO  sorting/base_engine.cpp       :  139 - Memory of derived class: 2605612430, Memory for Lv1+Lv2: 1576419924'
2023-07-26 02:27:54 - b'INFO  sorting/base_engine.cpp       :  165 - Preparing partitions and calculating bucket sizes... Done. Time elapsed: 5.6148'
2023-07-26 02:27:54 - b'INFO  sorting/base_engine.cpp       :  172 - Start main loop...'
2023-07-26 02:27:54 - b'INFO  sorting/base_engine.cpp       :  185 - Lv1 scanning from bucket 0 to 566'
2023-07-26 02:28:01 - b'INFO  sorting/base_engine.cpp       :  192 - Lv1 scanning done. Large diff: 0. Time elapsed: 6.5586'
2023-07-26 02:28:18 - b'INFO  sorting/base_engine.cpp       :  198 - Lv1 fetching & sorting done. Time elapsed: 17.4838'
2023-07-26 02:28:18 - b'INFO  sorting/base_engine.cpp       :  185 - Lv1 scanning from bucket 566 to 2300'
2023-07-26 02:28:25 - b'INFO  sorting/base_engine.cpp       :  192 - Lv1 scanning done. Large diff: 0. Time elapsed: 6.9054'
2023-07-26 02:28:38 - b'INFO  sorting/base_engine.cpp       :  198 - Lv1 fetching & sorting done. Time elapsed: 12.4963'
2023-07-26 02:28:38 - b'INFO  sorting/base_engine.cpp       :  185 - Lv1 scanning from bucket 2300 to 5077'
2023-07-26 02:28:44 - b'INFO  sorting/base_engine.cpp       :  192 - Lv1 scanning done. Large diff: 0. Time elapsed: 6.5720'
2023-07-26 02:28:58 - b'INFO  sorting/base_engine.cpp       :  198 - Lv1 fetching & sorting done. Time elapsed: 13.4224'
2023-07-26 02:28:58 - b'INFO  sorting/base_engine.cpp       :  185 - Lv1 scanning from bucket 5077 to 9126'
2023-07-26 02:29:04 - b'INFO  sorting/base_engine.cpp       :  192 - Lv1 scanning done. Large diff: 0. Time elapsed: 6.2532'
2023-07-26 02:29:16 - b'INFO  sorting/base_engine.cpp       :  198 - Lv1 fetching & sorting done. Time elapsed: 12.3887'
2023-07-26 02:29:16 - b'INFO  sorting/base_engine.cpp       :  185 - Lv1 scanning from bucket 9126 to 14726'
2023-07-26 02:29:23 - b'INFO  sorting/base_engine.cpp       :  192 - Lv1 scanning done. Large diff: 0. Time elapsed: 7.0442'
2023-07-26 02:29:33 - b'INFO  sorting/base_engine.cpp       :  198 - Lv1 fetching & sorting done. Time elapsed: 9.8067'
2023-07-26 02:29:33 - b'INFO  sorting/base_engine.cpp       :  185 - Lv1 scanning from bucket 14726 to 22789'
2023-07-26 02:29:41 - b'INFO  sorting/base_engine.cpp       :  192 - Lv1 scanning done. Large diff: 0. Time elapsed: 7.6840'
2023-07-26 02:29:51 - b'INFO  sorting/base_engine.cpp       :  198 - Lv1 fetching & sorting done. Time elapsed: 10.0044'
2023-07-26 02:29:51 - b'INFO  sorting/base_engine.cpp       :  185 - Lv1 scanning from bucket 22789 to 36057'
2023-07-26 02:30:02 - b'INFO  sorting/base_engine.cpp       :  192 - Lv1 scanning done. Large diff: 0. Time elapsed: 11.4301'
2023-07-26 02:30:14 - b'INFO  sorting/base_engine.cpp       :  198 - Lv1 fetching & sorting done. Time elapsed: 11.9474'
2023-07-26 02:30:14 - b'INFO  sorting/base_engine.cpp       :  185 - Lv1 scanning from bucket 36057 to 65536'
2023-07-26 02:30:24 - b'INFO  sorting/base_engine.cpp       :  192 - Lv1 scanning done. Large diff: 0. Time elapsed: 9.9850'
2023-07-26 02:30:34 - b'INFO  sorting/base_engine.cpp       :  198 - Lv1 fetching & sorting done. Time elapsed: 10.0677'
2023-07-26 02:30:34 - b'INFO  sorting/base_engine.cpp       :  204 - Main loop done. Time elapsed: 160.0556'
2023-07-26 02:30:34 - b'INFO  sorting/base_engine.cpp       :  207 - Postprocessing...'
2023-07-26 02:30:42 - b'INFO  sorting/seq_to_sdbg.cpp       :  793 - Number of $ A C G T A- C- G- T-:'
2023-07-26 02:30:42 - b'INFO  sorting/seq_to_sdbg.cpp       :  794 - 7850648 402502355 203543518 203759944 402653837 2836542 1518000 1464429 2838945'
2023-07-26 02:30:42 - b'INFO  sorting/seq_to_sdbg.cpp       :  800 - Total number of edges: 1228968218'
2023-07-26 02:30:42 - b'INFO  sorting/seq_to_sdbg.cpp       :  801 - Total number of ONEs: 1212459654'
2023-07-26 02:30:42 - b'INFO  sorting/seq_to_sdbg.cpp       :  802 - Total number of $v edges: 7850648'
2023-07-26 02:30:42 - b'INFO  sorting/base_engine.cpp       :  210 - Postprocess done. Time elapsed: 7.1779'
2023-07-26 02:30:42 - b'INFO  utils/utils.h                 :  152 - Real: 197.6924\tuser: 4216.5107\tsys: 399.2357\tmaxrss: 3924824'
2023-07-26 02:30:43 - Assemble contigs from SdBG for k = 29
2023-07-26 02:30:43 - command /mnt/matrix/symbio/software/miniconda3/envs/anvio/bin/megahit_core assemble -s /mnt/qnap/users/diego.franco/tomato_metagenomics/assemblies/T2_FAC_assembly/tmp/k29/29 -o /mnt/qnap/users/diego.franco/tomato_metagenomics/assemblies/T2_FAC_assembly/intermediate_contigs/k29 -t 60 --min_standalone 1000 --prune_level 2 --merge_len 20 --merge_similar 0.95 --cleaning_rounds 5 --disconnect_ratio 0.1 --low_local_ratio 0.2 --cleaning_rounds 5 --min_depth 2 --bubble_level 2 --max_tip_len -1 --careful_bubble
2023-07-26 02:31:09 - b'INFO  main_assemble.cpp             :  129 - Loading succinct de Bruijn graph: /mnt/qnap/users/diego.franco/tomato_metagenomics/assemblies/T2_FAC_assembly/tmp/k29/29Done. Time elapsed: 26.449797'
2023-07-26 02:31:09 - b'INFO  main_assemble.cpp             :  133 - Number of Edges: 1228968218; K value: 29'
2023-07-26 02:31:09 - b'INFO  main_assemble.cpp             :  140 - Number of CPU threads: 60'
2023-07-26 02:31:18 - b'INFO  assembly/sdbg_pruning.cpp     :  160 - Removing tips with length less than 2; Accumulated tips removed: 699553; time elapsed: 2.9118'
2023-07-26 02:31:23 - b'INFO  assembly/sdbg_pruning.cpp     :  160 - Removing tips with length less than 4; Accumulated tips removed: 1645239; time elapsed: 4.1602'
2023-07-26 02:31:30 - b'INFO  assembly/sdbg_pruning.cpp     :  160 - Removing tips with length less than 8; Accumulated tips removed: 2786730; time elapsed: 7.6741'
2023-07-26 02:31:42 - b'INFO  assembly/sdbg_pruning.cpp     :  160 - Removing tips with length less than 16; Accumulated tips removed: 4749989; time elapsed: 11.7094'
2023-07-26 02:31:58 - b'INFO  assembly/sdbg_pruning.cpp     :  160 - Removing tips with length less than 32; Accumulated tips removed: 7285981; time elapsed: 16.5710'
2023-07-26 02:32:15 - b'INFO  assembly/sdbg_pruning.cpp     :  169 - Removing tips with length less than 58; Accumulated tips removed: 8937176; time elapsed: 16.9775'
2023-07-26 02:32:15 - b'INFO  main_assemble.cpp             :  158 - Tips removal done! Time elapsed(sec): 66.268'
2023-07-26 02:34:52 - b'INFO  assembly/unitig_graph.cpp     :   83 - Graph size without loops: 9312434, palindrome: 140'
2023-07-26 02:34:58 - b'INFO  main_assemble.cpp             :  166 - unitig graph size: 9312704, time for building: 162.647'
2023-07-26 02:35:40 - b'INFO  assembly/contig_stat.h        :   40 - Max: 15722, Min: 30, N50: 121, number contigs: 9312704, number isolated: 340497, number looped: 270, total size: 800440058,'
2023-07-26 02:35:40 - b'INFO  main_assemble.cpp             :  184 - Graph cleaning round 1'
2023-07-26 02:35:47 - b'INFO  main_assemble.cpp             :  200 - Number of bubbles removed: 226030, Time elapsed(sec): 7.852'
2023-07-26 02:35:54 - b'INFO  main_assemble.cpp             :  210 - Number of complex bubbles removed: 84728, Time elapsed(sec): 6.193431'
2023-07-26 02:36:03 - b'INFO  main_assemble.cpp             :  221 - Number unitigs disconnected: 5269813, time: 9.435'
2023-07-26 02:36:04 - b'INFO  main_assemble.cpp             :  245 - Unitigs removed in excessive pruning: 281084, time: 1.321'
2023-07-26 02:36:04 - b'INFO  main_assemble.cpp             :  184 - Graph cleaning round 2'
2023-07-26 02:36:10 - b'INFO  main_assemble.cpp             :  192 - Tips removed: 2138614, time: 5.297'
2023-07-26 02:36:11 - b'INFO  main_assemble.cpp             :  200 - Number of bubbles removed: 2722, Time elapsed(sec): 0.929'
2023-07-26 02:36:12 - b'INFO  main_assemble.cpp             :  210 - Number of complex bubbles removed: 4814, Time elapsed(sec): 1.685461'
2023-07-26 02:36:13 - b'INFO  main_assemble.cpp             :  221 - Number unitigs disconnected: 9791, time: 0.824'
2023-07-26 02:36:14 - b'INFO  main_assemble.cpp             :  245 - Unitigs removed in excessive pruning: 2869, time: 0.591'
2023-07-26 02:36:14 - b'INFO  main_assemble.cpp             :  184 - Graph cleaning round 3'
2023-07-26 02:36:16 - b'INFO  main_assemble.cpp             :  192 - Tips removed: 3047, time: 2.605'
2023-07-26 02:36:17 - b'INFO  main_assemble.cpp             :  200 - Number of bubbles removed: 27, Time elapsed(sec): 0.800'
2023-07-26 02:36:19 - b'INFO  main_assemble.cpp             :  210 - Number of complex bubbles removed: 43, Time elapsed(sec): 1.478870'
2023-07-26 02:36:19 - b'INFO  main_assemble.cpp             :  221 - Number unitigs disconnected: 1426, time: 0.784'
2023-07-26 02:36:20 - b'INFO  main_assemble.cpp             :  245 - Unitigs removed in excessive pruning: 626, time: 0.576'
2023-07-26 02:36:20 - b'INFO  main_assemble.cpp             :  184 - Graph cleaning round 4'
2023-07-26 02:36:23 - b'INFO  main_assemble.cpp             :  192 - Tips removed: 254, time: 2.563'
2023-07-26 02:36:23 - b'INFO  main_assemble.cpp             :  200 - Number of bubbles removed: 1, Time elapsed(sec): 0.786'
2023-07-26 02:36:25 - b'INFO  main_assemble.cpp             :  210 - Number of complex bubbles removed: 0, Time elapsed(sec): 1.430613'
2023-07-26 02:36:26 - b'INFO  main_assemble.cpp             :  221 - Number unitigs disconnected: 392, time: 0.777'
2023-07-26 02:36:26 - b'INFO  main_assemble.cpp             :  245 - Unitigs removed in excessive pruning: 212, time: 0.568'
2023-07-26 02:36:26 - b'INFO  main_assemble.cpp             :  184 - Graph cleaning round 5'
2023-07-26 02:36:30 - b'INFO  main_assemble.cpp             :  192 - Tips removed: 77, time: 3.436'
2023-07-26 02:36:31 - b'INFO  main_assemble.cpp             :  200 - Number of bubbles removed: 0, Time elapsed(sec): 1.256'
2023-07-26 02:36:33 - b'INFO  main_assemble.cpp             :  210 - Number of complex bubbles removed: 0, Time elapsed(sec): 2.161936'
2023-07-26 02:36:34 - b'INFO  main_assemble.cpp             :  221 - Number unitigs disconnected: 146, time: 1.373'
2023-07-26 02:36:35 - b'INFO  main_assemble.cpp             :  245 - Unitigs removed in excessive pruning: 101, time: 1.010'
2023-07-26 02:36:53 - b'INFO  assembly/contig_stat.h        :   40 - Max: 29995, Min: 30, N50: 277, number contigs: 3176607, number isolated: 1101468, number looped: 505, total size: 589326534,'
2023-07-26 02:37:32 - b'INFO  main_assemble.cpp             :  267 - Time to output: 38.657263'
2023-07-26 02:38:31 - b'INFO  main_assemble.cpp             :  286 - Number of local low depth unitigs removed: 66813, complex bubbles removed: 1230, time: 59.140663'
2023-07-26 02:38:47 - b'INFO  assembly/contig_stat.h        :   40 - Max: 29995, Min: 30, N50: 288, number contigs: 3033106, number isolated: 1125881, number looped: 543, total size: 583466506,'
2023-07-26 02:39:24 - b'INFO  utils/utils.h                 :  152 - Real: 521.3548\tuser: 20038.8628\tsys: 113.9371\tmaxrss: 2973304'
2023-07-26 02:39:25 - Local assembly for k = 29
2023-07-26 02:39:25 - command /mnt/matrix/symbio/software/miniconda3/envs/anvio/bin/megahit_core local -c /mnt/qnap/users/diego.franco/tomato_metagenomics/assemblies/T2_FAC_assembly/intermediate_contigs/k29.contigs.fa -l /mnt/qnap/users/diego.franco/tomato_metagenomics/assemblies/T2_FAC_assembly/tmp/reads.lib -t 60 -o /mnt/qnap/users/diego.franco/tomato_metagenomics/assemblies/T2_FAC_assembly/intermediate_contigs/k29.local.fa --kmax 39
2023-07-26 02:43:03 - b'INFO  localasm/hash_mapper.cpp      :   99 - Number of contigs: 584044, index size: 41240404'
2023-07-26 02:43:03 - b'INFO  localasm/local_assemble.cpp   :  315 - Hash mapper construction time elapsed: 217.778542'
2023-07-26 02:43:03 - b'INFO  sequence/io/sequence_lib.cpp  :  115 - Before reading, sizeof seq_package: 3179969900'
2023-07-26 02:43:16 - b'INFO  sequence/io/sequence_lib.cpp  :  117 - After reading, sizeof seq_package: 3179969900'
2023-07-26 02:43:16 - b'INFO  localasm/local_assemble.cpp   :  324 - Read lib time elapsed: 13.379989'
2023-07-26 02:43:19 - b'INFO  localasm/local_assemble.cpp   :  133 - Lib 0, insert size: 261.00 sd: 88.33'
2023-07-26 02:43:19 - b'INFO  localasm/local_assemble.cpp   :  330 - Insert size estimation time elapsed: 3.118862'
2023-07-26 02:44:12 - b'INFO  localasm/local_assemble.cpp   :  218 - Lib 0: total 96362724 reads, aligned 40454671, added 16175437 reads to local assembly'
2023-07-26 02:44:12 - b'INFO  localasm/local_assemble.cpp   :  338 - Mapping time elapsed: 53.410245'
2023-07-26 02:44:12 - b'INFO  localasm/local_assemble.cpp   :  232 - Minimum number of reads to do local assembly: 5'
2023-07-26 02:45:50 - b'INFO  localasm/local_assemble.cpp   :  346 - Local assembly time elapsed: 97.273930'
2023-07-26 02:45:51 - b'INFO  utils/utils.h                 :  152 - Real: 386.0337\tuser: 14885.8403\tsys: 93.1129\tmaxrss: 4586072'
2023-07-26 02:45:51 - Extract iterative edges from k = 29 to 39 
2023-07-26 02:45:51 - command /mnt/matrix/symbio/software/miniconda3/envs/anvio/bin/megahit_core iterate -c /mnt/qnap/users/diego.franco/tomato_metagenomics/assemblies/T2_FAC_assembly/intermediate_contigs/k29.contigs.fa -b /mnt/qnap/users/diego.franco/tomato_metagenomics/assemblies/T2_FAC_assembly/intermediate_contigs/k29.bubble_seq.fa -t 60 -k 29 -s 10 -o /mnt/qnap/users/diego.franco/tomato_metagenomics/assemblies/T2_FAC_assembly/tmp/k39/39 -r /mnt/qnap/users/diego.franco/tomato_metagenomics/assemblies/T2_FAC_assembly/tmp/reads.lib.bin
2023-07-26 02:45:51 - b'INFO  main_iterate.cpp              :  190 - Selected kmer type size for k: 8'
2023-07-26 02:45:52 - b'INFO  main_iterate.cpp              :  174 - Read 1303630 contigs'
2023-07-26 02:46:03 - b'INFO  main_iterate.cpp              :  176 - Number of flank kmers: 2565296'
2023-07-26 02:46:03 - b'INFO  main_iterate.cpp              :  174 - Read 771509 contigs'
2023-07-26 02:46:10 - b'INFO  main_iterate.cpp              :  176 - Number of flank kmers: 4076272'
2023-07-26 02:46:11 - b'INFO  main_iterate.cpp              :  174 - Read 623768 contigs'
2023-07-26 02:46:16 - b'INFO  main_iterate.cpp              :  176 - Number of flank kmers: 5040050'
2023-07-26 02:46:16 - b'INFO  main_iterate.cpp              :  123 - Selected kmer type size for next k: 12'
2023-07-26 02:46:25 - b'INFO  main_iterate.cpp              :  138 - Processed: 4194304, aligned: 629267. Iterative edges: 4554868'
2023-07-26 02:46:29 - b'INFO  main_iterate.cpp              :  138 - Processed: 8388608, aligned: 1258275. Iterative edges: 7785270'
2023-07-26 02:46:31 - b'INFO  main_iterate.cpp              :  138 - Processed: 12582912, aligned: 1858742. Iterative edges: 10083473'
2023-07-26 02:46:32 - b'INFO  main_iterate.cpp              :  138 - Processed: 16777216, aligned: 2457640. Iterative edges: 11864190'
2023-07-26 02:46:34 - b'INFO  main_iterate.cpp              :  138 - Processed: 20971520, aligned: 3068718. Iterative edges: 13297039'
2023-07-26 02:46:35 - b'INFO  main_iterate.cpp              :  138 - Processed: 25165824, aligned: 3696491. Iterative edges: 14459771'
2023-07-26 02:46:37 - b'INFO  main_iterate.cpp              :  138 - Processed: 29360128, aligned: 4320164. Iterative edges: 15376654'
2023-07-26 02:46:39 - b'INFO  main_iterate.cpp              :  138 - Processed: 33554432, aligned: 4948101. Iterative edges: 16110733'
2023-07-26 02:46:41 - b'INFO  main_iterate.cpp              :  138 - Processed: 37748736, aligned: 5575249. Iterative edges: 16695849'
2023-07-26 02:46:42 - b'INFO  main_iterate.cpp              :  138 - Processed: 41943040, aligned: 6207535. Iterative edges: 17174748'
2023-07-26 02:46:44 - b'INFO  main_iterate.cpp              :  138 - Processed: 46137344, aligned: 6841259. Iterative edges: 17559215'
2023-07-26 02:46:45 - b'INFO  main_iterate.cpp              :  138 - Processed: 50331648, aligned: 7474941. Iterative edges: 17876066'
2023-07-26 02:46:47 - b'INFO  main_iterate.cpp              :  138 - Processed: 54525952, aligned: 8114043. Iterative edges: 18135417'
2023-07-26 02:46:49 - b'INFO  main_iterate.cpp              :  138 - Processed: 58720256, aligned: 8749943. Iterative edges: 18346573'
2023-07-26 02:46:50 - b'INFO  main_iterate.cpp              :  138 - Processed: 62914560, aligned: 9388330. Iterative edges: 18524647'
2023-07-26 02:46:52 - b'INFO  main_iterate.cpp              :  138 - Processed: 67108864, aligned: 10027879. Iterative edges: 18666263'
2023-07-26 02:46:53 - b'INFO  main_iterate.cpp              :  138 - Processed: 71303168, aligned: 10663926. Iterative edges: 18787037'
2023-07-26 02:46:55 - b'INFO  main_iterate.cpp              :  138 - Processed: 75497472, aligned: 11301234. Iterative edges: 18887365'
2023-07-26 02:46:57 - b'INFO  main_iterate.cpp              :  138 - Processed: 79691776, aligned: 11935743. Iterative edges: 18971316'
2023-07-26 02:46:59 - b'INFO  main_iterate.cpp              :  138 - Processed: 83886080, aligned: 12569981. Iterative edges: 19041438'
2023-07-26 02:47:01 - b'INFO  main_iterate.cpp              :  138 - Processed: 88080384, aligned: 13205326. Iterative edges: 19101194'
2023-07-26 02:47:02 - b'INFO  main_iterate.cpp              :  138 - Processed: 92274688, aligned: 13838300. Iterative edges: 19152689'
2023-07-26 02:47:04 - b'INFO  main_iterate.cpp              :  138 - Processed: 96362724, aligned: 14454921. Iterative edges: 19196313'
2023-07-26 02:47:06 - b'INFO  main_iterate.cpp              :  142 - Total: 96362724, aligned: 14454921. Iterative edges: 19196313'
2023-07-26 02:47:09 - b'INFO  utils/utils.h                 :  152 - Real: 78.2883\tuser: 2280.5260\tsys: 17.4546\tmaxrss: 1069876'
2023-07-26 02:47:09 - Build graph for k = 39 
2023-07-26 02:47:09 - command /mnt/matrix/symbio/software/miniconda3/envs/anvio/bin/megahit_core seq2sdbg --host_mem 229404538880 --mem_flag 1 --output_prefix /mnt/qnap/users/diego.franco/tomato_metagenomics/assemblies/T2_FAC_assembly/tmp/k39/39 --num_cpu_threads 60 -k 39 --kmer_from 29 --input_prefix /mnt/qnap/users/diego.franco/tomato_metagenomics/assemblies/T2_FAC_assembly/tmp/k39/39 --addi_contig /mnt/qnap/users/diego.franco/tomato_metagenomics/assemblies/T2_FAC_assembly/intermediate_contigs/k29.addi.fa --local_contig /mnt/qnap/users/diego.franco/tomato_metagenomics/assemblies/T2_FAC_assembly/intermediate_contigs/k29.local.fa --contig /mnt/qnap/users/diego.franco/tomato_metagenomics/assemblies/T2_FAC_assembly/intermediate_contigs/k29.contigs.fa --bubble /mnt/qnap/users/diego.franco/tomato_metagenomics/assemblies/T2_FAC_assembly/intermediate_contigs/k29.bubble_seq.fa
2023-07-26 02:47:09 - b'INFO  sorting/base_engine.cpp       :  148 - Preparing data...'
2023-07-26 02:47:09 - b'INFO  sorting/seq_to_sdbg.cpp       :  369 - Number edges: 19196313'
2023-07-26 02:47:09 - b'INFO  sorting/seq_to_sdbg.cpp       :  413 - Bases to reserve: 1476450003, number contigs: 5077402, number multiplicity: 24273715'
2023-07-26 02:47:09 - b'INFO  sorting/seq_to_sdbg.cpp       :  421 - Before reading, sizeof seq_package: 409731728, multiplicity vector: 24273715'
2023-07-26 02:47:10 - b'INFO  sorting/seq_to_sdbg.cpp       :  428 - Read 19196313 edges.'
2023-07-26 02:47:10 - b'INFO  sorting/seq_to_sdbg.cpp       :  429 - After reading, sizeof seq_package: 409731728/19196313/767852520, multiplicity vector: 19196313/24273715'
2023-07-26 02:47:13 - b'INFO  sorting/seq_to_sdbg.cpp       :  458 - Read 2888879 contigs from /mnt/qnap/users/diego.franco/tomato_metagenomics/assemblies/T2_FAC_assembly/intermediate_contigs/k29.contigs.fa.'
2023-07-26 02:47:13 - b'INFO  sorting/seq_to_sdbg.cpp       :  459 - After reading contigs, sizeof seq_package: 409731728/22085192/1347687833, multiplicity vector: 22085192/24273715'
2023-07-26 02:47:13 - b'INFO  sorting/seq_to_sdbg.cpp       :  470 - Read 525224 contigs from /mnt/qnap/users/diego.franco/tomato_metagenomics/assemblies/T2_FAC_assembly/intermediate_contigs/k29.bubble_seq.fa.'
2023-07-26 02:47:13 - b'INFO  sorting/seq_to_sdbg.cpp       :  471 - After reading contigs, sizeof seq_package: 409731728/22610416/1429648114, multiplicity vector: 22610416/24273715'
2023-07-26 02:47:13 - b'INFO  sorting/seq_to_sdbg.cpp       :  484 - Read 58966 contigs from /mnt/qnap/users/diego.franco/tomato_metagenomics/assemblies/T2_FAC_assembly/intermediate_contigs/k29.addi.fa.'
2023-07-26 02:47:13 - b'INFO  sorting/seq_to_sdbg.cpp       :  485 - After reading contigs, sizeof seq_package: 409731728/22669382/1458063367, multiplicity vector: 22669382/24273715'
2023-07-26 02:47:17 - b'INFO  sorting/seq_to_sdbg.cpp       :  498 - Read 1216521 contigs from /mnt/qnap/users/diego.franco/tomato_metagenomics/assemblies/T2_FAC_assembly/intermediate_contigs/k29.local.fa.'
2023-07-26 02:47:17 - b'INFO  sorting/seq_to_sdbg.cpp       :  499 - After reading contigs, sizeof seq_package: 778844232/23885903/2058556182, multiplicity vector: 23885903/24273715'
2023-07-26 02:47:17 - b'INFO  sorting/seq_to_sdbg.cpp       :  506 - Finally, sizeof seq_package: 778844232/23885903/2058556182, multiplicity vector: 23885903/24273715'
2023-07-26 02:47:17 - b'INFO  sorting/base_engine.cpp       :  153 - Preparing data... Done. Time elapsed: 8.1517'
2023-07-26 02:47:17 - b'INFO  sorting/base_engine.cpp       :  156 - Preparing partitions and calculating bucket sizes...'
2023-07-26 02:47:22 - b'INFO  sorting/base_engine.cpp       :   80 - Minimum memory required: 942907030 bytes'
2023-07-26 02:47:23 - b'INFO  sorting/base_engine.cpp       :  138 - Lv1 items: 313274072, Lv2 items: 6453240'
2023-07-26 02:47:23 - b'INFO  sorting/base_engine.cpp       :  139 - Memory of derived class: 843474158, Memory for Lv1+Lv2: 1356348128'
2023-07-26 02:47:23 - b'INFO  sorting/base_engine.cpp       :  165 - Preparing partitions and calculating bucket sizes... Done. Time elapsed: 5.6624'
2023-07-26 02:47:23 - b'INFO  sorting/base_engine.cpp       :  172 - Start main loop...'
2023-07-26 02:47:23 - b'INFO  sorting/base_engine.cpp       :  185 - Lv1 scanning from bucket 0 to 437'
2023-07-26 02:47:28 - b'INFO  sorting/base_engine.cpp       :  192 - Lv1 scanning done. Large diff: 0. Time elapsed: 4.3520'
2023-07-26 02:47:34 - b'INFO  sorting/base_engine.cpp       :  198 - Lv1 fetching & sorting done. Time elapsed: 6.6753'
2023-07-26 02:47:34 - b'INFO  sorting/base_engine.cpp       :  185 - Lv1 scanning from bucket 437 to 1924'
2023-07-26 02:47:37 - b'INFO  sorting/base_engine.cpp       :  192 - Lv1 scanning done. Large diff: 0. Time elapsed: 2.5523'
2023-07-26 02:47:45 - b'INFO  sorting/base_engine.cpp       :  198 - Lv1 fetching & sorting done. Time elapsed: 8.6419'
2023-07-26 02:47:45 - b'INFO  sorting/base_engine.cpp       :  185 - Lv1 scanning from bucket 1924 to 4406'
2023-07-26 02:47:48 - b'INFO  sorting/base_engine.cpp       :  192 - Lv1 scanning done. Large diff: 0. Time elapsed: 2.7074'
2023-07-26 02:47:56 - b'INFO  sorting/base_engine.cpp       :  198 - Lv1 fetching & sorting done. Time elapsed: 8.0588'
2023-07-26 02:47:56 - b'INFO  sorting/base_engine.cpp       :  185 - Lv1 scanning from bucket 4406 to 8112'
2023-07-26 02:47:58 - b'INFO  sorting/base_engine.cpp       :  192 - Lv1 scanning done. Large diff: 0. Time elapsed: 2.3361'
2023-07-26 02:48:07 - b'INFO  sorting/base_engine.cpp       :  198 - Lv1 fetching & sorting done. Time elapsed: 8.3872'
2023-07-26 02:48:07 - b'INFO  sorting/base_engine.cpp       :  185 - Lv1 scanning from bucket 8112 to 13303'
2023-07-26 02:48:09 - b'INFO  sorting/base_engine.cpp       :  192 - Lv1 scanning done. Large diff: 0. Time elapsed: 2.3564'
2023-07-26 02:48:17 - b'INFO  sorting/base_engine.cpp       :  198 - Lv1 fetching & sorting done. Time elapsed: 8.1119'
2023-07-26 02:48:17 - b'INFO  sorting/base_engine.cpp       :  185 - Lv1 scanning from bucket 13303 to 20857'
2023-07-26 02:48:20 - b'INFO  sorting/base_engine.cpp       :  192 - Lv1 scanning done. Large diff: 0. Time elapsed: 2.6221'
2023-07-26 02:48:28 - b'INFO  sorting/base_engine.cpp       :  198 - Lv1 fetching & sorting done. Time elapsed: 7.7265'
2023-07-26 02:48:28 - b'INFO  sorting/base_engine.cpp       :  185 - Lv1 scanning from bucket 20857 to 33091'
2023-07-26 02:48:30 - b'INFO  sorting/base_engine.cpp       :  192 - Lv1 scanning done. Large diff: 0. Time elapsed: 2.6438'
2023-07-26 02:48:38 - b'INFO  sorting/base_engine.cpp       :  198 - Lv1 fetching & sorting done. Time elapsed: 7.7508'
2023-07-26 02:48:38 - b'INFO  sorting/base_engine.cpp       :  185 - Lv1 scanning from bucket 33091 to 65536'
2023-07-26 02:48:41 - b'INFO  sorting/base_engine.cpp       :  192 - Lv1 scanning done. Large diff: 0. Time elapsed: 3.3250'
2023-07-26 02:48:50 - b'INFO  sorting/base_engine.cpp       :  198 - Lv1 fetching & sorting done. Time elapsed: 8.1019'
2023-07-26 02:48:50 - b'INFO  sorting/base_engine.cpp       :  204 - Main loop done. Time elapsed: 86.3564'
2023-07-26 02:48:50 - b'INFO  sorting/base_engine.cpp       :  207 - Postprocessing...'
2023-07-26 02:49:01 - b'INFO  sorting/seq_to_sdbg.cpp       :  793 - Number of $ A C G T A- C- G- T-:'
2023-07-26 02:49:01 - b'INFO  sorting/seq_to_sdbg.cpp       :  794 - 2738113 363143611 180483582 180356792 363112935 605238 295102 292380 603122'
2023-07-26 02:49:01 - b'INFO  sorting/seq_to_sdbg.cpp       :  800 - Total number of edges: 1091630875'
2023-07-26 02:49:01 - b'INFO  sorting/seq_to_sdbg.cpp       :  801 - Total number of ONEs: 1087096920'
2023-07-26 02:49:01 - b'INFO  sorting/seq_to_sdbg.cpp       :  802 - Total number of $v edges: 2738113'
2023-07-26 02:49:01 - b'INFO  sorting/base_engine.cpp       :  210 - Postprocess done. Time elapsed: 11.9515'
2023-07-26 02:49:02 - b'INFO  utils/utils.h                 :  152 - Real: 112.4798\tuser: 2778.9808\tsys: 68.3494\tmaxrss: 2067480'
2023-07-26 02:49:02 - Assemble contigs from SdBG for k = 39
2023-07-26 02:49:02 - command /mnt/matrix/symbio/software/miniconda3/envs/anvio/bin/megahit_core assemble -s /mnt/qnap/users/diego.franco/tomato_metagenomics/assemblies/T2_FAC_assembly/tmp/k39/39 -o /mnt/qnap/users/diego.franco/tomato_metagenomics/assemblies/T2_FAC_assembly/intermediate_contigs/k39 -t 60 --min_standalone 1000 --prune_level 2 --merge_len 20 --merge_similar 0.95 --cleaning_rounds 5 --disconnect_ratio 0.1 --low_local_ratio 0.2 --cleaning_rounds 5 --min_depth 2 --bubble_level 2 --max_tip_len -1 --careful_bubble
2023-07-26 02:49:27 - b'INFO  main_assemble.cpp             :  129 - Loading succinct de Bruijn graph: /mnt/qnap/users/diego.franco/tomato_metagenomics/assemblies/T2_FAC_assembly/tmp/k39/39Done. Time elapsed: 25.163250'
2023-07-26 02:49:27 - b'INFO  main_assemble.cpp             :  133 - Number of Edges: 1091630875; K value: 39'
2023-07-26 02:49:27 - b'INFO  main_assemble.cpp             :  140 - Number of CPU threads: 60'
2023-07-26 02:49:34 - b'INFO  assembly/sdbg_pruning.cpp     :  160 - Removing tips with length less than 2; Accumulated tips removed: 40506; time elapsed: 1.9659'
2023-07-26 02:49:37 - b'INFO  assembly/sdbg_pruning.cpp     :  160 - Removing tips with length less than 4; Accumulated tips removed: 98150; time elapsed: 2.5823'
2023-07-26 02:49:42 - b'INFO  assembly/sdbg_pruning.cpp     :  160 - Removing tips with length less than 8; Accumulated tips removed: 176155; time elapsed: 5.3427'
2023-07-26 02:49:51 - b'INFO  assembly/sdbg_pruning.cpp     :  160 - Removing tips with length less than 16; Accumulated tips removed: 288096; time elapsed: 8.7650'
2023-07-26 02:50:05 - b'INFO  assembly/sdbg_pruning.cpp     :  160 - Removing tips with length less than 32; Accumulated tips removed: 755468; time elapsed: 14.1946'
2023-07-26 02:50:22 - b'INFO  assembly/sdbg_pruning.cpp     :  160 - Removing tips with length less than 64; Accumulated tips removed: 1720498; time elapsed: 16.5270'
2023-07-26 02:50:39 - b'INFO  assembly/sdbg_pruning.cpp     :  169 - Removing tips with length less than 78; Accumulated tips removed: 2050714; time elapsed: 17.2181'
2023-07-26 02:50:39 - b'INFO  main_assemble.cpp             :  158 - Tips removal done! Time elapsed(sec): 71.894'
2023-07-26 02:52:23 - b'INFO  assembly/unitig_graph.cpp     :   83 - Graph size without loops: 2530165, palindrome: 37'
2023-07-26 02:52:25 - b'INFO  main_assemble.cpp             :  166 - unitig graph size: 2530783, time for building: 105.708'
2023-07-26 02:52:38 - b'INFO  assembly/contig_stat.h        :   40 - Max: 28096, Min: 40, N50: 559, number contigs: 2530783, number isolated: 367264, number looped: 618, total size: 601068475,'
2023-07-26 02:52:39 - b'INFO  main_assemble.cpp             :  184 - Graph cleaning round 1'
2023-07-26 02:52:44 - b'INFO  main_assemble.cpp             :  200 - Number of bubbles removed: 150572, Time elapsed(sec): 5.318'
2023-07-26 02:52:48 - b'INFO  main_assemble.cpp             :  210 - Number of complex bubbles removed: 65042, Time elapsed(sec): 4.300861'
2023-07-26 02:52:49 - b'INFO  main_assemble.cpp             :  221 - Number unitigs disconnected: 86134, time: 0.859'
2023-07-26 02:52:50 - b'INFO  main_assemble.cpp             :  245 - Unitigs removed in excessive pruning: 9810, time: 0.589'
2023-07-26 02:52:50 - b'INFO  main_assemble.cpp             :  184 - Graph cleaning round 2'
2023-07-26 02:52:53 - b'INFO  main_assemble.cpp             :  192 - Tips removed: 19079, time: 2.929'
2023-07-26 02:52:53 - b'INFO  main_assemble.cpp             :  200 - Number of bubbles removed: 845, Time elapsed(sec): 0.638'
2023-07-26 02:52:54 - b'INFO  main_assemble.cpp             :  210 - Number of complex bubbles removed: 1494, Time elapsed(sec): 1.130103'
2023-07-26 02:52:55 - b'INFO  main_assemble.cpp             :  221 - Number unitigs disconnected: 3289, time: 0.578'
2023-07-26 02:52:55 - b'INFO  main_assemble.cpp             :  245 - Unitigs removed in excessive pruning: 1512, time: 0.540'
2023-07-26 02:52:55 - b'INFO  main_assemble.cpp             :  184 - Graph cleaning round 3'
2023-07-26 02:52:58 - b'INFO  main_assemble.cpp             :  192 - Tips removed: 578, time: 2.753'
2023-07-26 02:52:59 - b'INFO  main_assemble.cpp             :  200 - Number of bubbles removed: 14, Time elapsed(sec): 0.628'
2023-07-26 02:53:00 - b'INFO  main_assemble.cpp             :  210 - Number of complex bubbles removed: 17, Time elapsed(sec): 1.058316'
2023-07-26 02:53:00 - b'INFO  main_assemble.cpp             :  221 - Number unitigs disconnected: 1007, time: 0.544'
2023-07-26 02:53:01 - b'INFO  main_assemble.cpp             :  245 - Unitigs removed in excessive pruning: 598, time: 0.453'
2023-07-26 02:53:01 - b'INFO  main_assemble.cpp             :  184 - Graph cleaning round 4'
2023-07-26 02:53:04 - b'INFO  main_assemble.cpp             :  192 - Tips removed: 159, time: 2.795'
2023-07-26 02:53:04 - b'INFO  main_assemble.cpp             :  200 - Number of bubbles removed: 2, Time elapsed(sec): 0.619'
2023-07-26 02:53:05 - b'INFO  main_assemble.cpp             :  210 - Number of complex bubbles removed: 0, Time elapsed(sec): 1.069961'
2023-07-26 02:53:06 - b'INFO  main_assemble.cpp             :  221 - Number unitigs disconnected: 342, time: 0.571'
2023-07-26 02:53:06 - b'INFO  main_assemble.cpp             :  245 - Unitigs removed in excessive pruning: 245, time: 0.483'
2023-07-26 02:53:06 - b'INFO  main_assemble.cpp             :  184 - Graph cleaning round 5'
2023-07-26 02:53:09 - b'INFO  main_assemble.cpp             :  192 - Tips removed: 49, time: 2.920'
2023-07-26 02:53:10 - b'INFO  main_assemble.cpp             :  200 - Number of bubbles removed: 0, Time elapsed(sec): 0.668'
2023-07-26 02:53:11 - b'INFO  main_assemble.cpp             :  210 - Number of complex bubbles removed: 0, Time elapsed(sec): 0.984482'
2023-07-26 02:53:12 - b'INFO  main_assemble.cpp             :  221 - Number unitigs disconnected: 160, time: 0.609'
2023-07-26 02:53:12 - b'INFO  main_assemble.cpp             :  245 - Unitigs removed in excessive pruning: 138, time: 0.477'
2023-07-26 02:53:22 - b'INFO  assembly/contig_stat.h        :   40 - Max: 31839, Min: 40, N50: 874, number contigs: 1746137, number isolated: 394331, number looped: 237, total size: 559286601,'
2023-07-26 02:53:57 - b'INFO  main_assemble.cpp             :  267 - Time to output: 34.986929'
2023-07-26 02:54:17 - b'INFO  main_assemble.cpp             :  286 - Number of local low depth unitigs removed: 55152, complex bubbles removed: 1602, time: 19.675531'
2023-07-26 02:54:25 - b'INFO  assembly/contig_stat.h        :   40 - Max: 39991, Min: 40, N50: 942, number contigs: 1605968, number isolated: 401081, number looped: 268, total size: 552331640,'
2023-07-26 02:55:02 - b'INFO  utils/utils.h                 :  152 - Real: 360.2488\tuser: 12602.2856\tsys: 71.5583\tmaxrss: 2416296'
2023-07-26 02:55:03 - Local assembly for k = 39
2023-07-26 02:55:03 - command /mnt/matrix/symbio/software/miniconda3/envs/anvio/bin/megahit_core local -c /mnt/qnap/users/diego.franco/tomato_metagenomics/assemblies/T2_FAC_assembly/intermediate_contigs/k39.contigs.fa -l /mnt/qnap/users/diego.franco/tomato_metagenomics/assemblies/T2_FAC_assembly/tmp/reads.lib -t 60 -o /mnt/qnap/users/diego.franco/tomato_metagenomics/assemblies/T2_FAC_assembly/intermediate_contigs/k39.local.fa --kmax 59
2023-07-26 03:00:57 - b'INFO  localasm/hash_mapper.cpp      :   99 - Number of contigs: 523922, index size: 52871144'
2023-07-26 03:00:57 - b'INFO  localasm/local_assemble.cpp   :  315 - Hash mapper construction time elapsed: 354.664376'
2023-07-26 03:00:57 - b'INFO  sequence/io/sequence_lib.cpp  :  115 - Before reading, sizeof seq_package: 3179969900'
2023-07-26 03:01:11 - b'INFO  sequence/io/sequence_lib.cpp  :  117 - After reading, sizeof seq_package: 3179969900'
2023-07-26 03:01:11 - b'INFO  localasm/local_assemble.cpp   :  324 - Read lib time elapsed: 13.573001'
2023-07-26 03:01:13 - b'INFO  localasm/local_assemble.cpp   :  133 - Lib 0, insert size: 264.00 sd: 90.13'
2023-07-26 03:01:13 - b'INFO  localasm/local_assemble.cpp   :  330 - Insert size estimation time elapsed: 2.044388'
2023-07-26 03:02:18 - b'INFO  localasm/local_assemble.cpp   :  218 - Lib 0: total 96362724 reads, aligned 61922455, added 24647906 reads to local assembly'
2023-07-26 03:02:18 - b'INFO  localasm/local_assemble.cpp   :  338 - Mapping time elapsed: 65.028568'
2023-07-26 03:02:18 - b'INFO  localasm/local_assemble.cpp   :  232 - Minimum number of reads to do local assembly: 5'
2023-07-26 03:06:14 - b'INFO  localasm/local_assemble.cpp   :  346 - Local assembly time elapsed: 236.215254'
2023-07-26 03:06:16 - b'INFO  utils/utils.h                 :  152 - Real: 673.2534\tuser: 27507.7241\tsys: 132.8222\tmaxrss: 4694056'
2023-07-26 03:06:18 - Extract iterative edges from k = 39 to 59 
2023-07-26 03:06:18 - command /mnt/matrix/symbio/software/miniconda3/envs/anvio/bin/megahit_core iterate -c /mnt/qnap/users/diego.franco/tomato_metagenomics/assemblies/T2_FAC_assembly/intermediate_contigs/k39.contigs.fa -b /mnt/qnap/users/diego.franco/tomato_metagenomics/assemblies/T2_FAC_assembly/intermediate_contigs/k39.bubble_seq.fa -t 60 -k 39 -s 20 -o /mnt/qnap/users/diego.franco/tomato_metagenomics/assemblies/T2_FAC_assembly/tmp/k59/59 -r /mnt/qnap/users/diego.franco/tomato_metagenomics/assemblies/T2_FAC_assembly/tmp/reads.lib.bin
2023-07-26 03:06:18 - b'INFO  main_iterate.cpp              :  190 - Selected kmer type size for k: 12'
2023-07-26 03:06:20 - b'INFO  main_iterate.cpp              :  174 - Read 764882 contigs'
2023-07-26 03:06:28 - b'INFO  main_iterate.cpp              :  176 - Number of flank kmers: 1480170'
2023-07-26 03:06:28 - b'INFO  main_iterate.cpp              :  174 - Read 586924 contigs'
2023-07-26 03:06:40 - b'INFO  main_iterate.cpp              :  176 - Number of flank kmers: 2611995'
2023-07-26 03:06:40 - b'INFO  main_iterate.cpp              :  174 - Read 277585 contigs'
2023-07-26 03:06:42 - b'INFO  main_iterate.cpp              :  176 - Number of flank kmers: 3025387'
2023-07-26 03:06:42 - b'INFO  main_iterate.cpp              :  123 - Selected kmer type size for next k: 16'
2023-07-26 03:06:48 - b'INFO  main_iterate.cpp              :  138 - Processed: 4194304, aligned: 323592. Iterative edges: 3564393'
2023-07-26 03:06:53 - b'INFO  main_iterate.cpp              :  138 - Processed: 8388608, aligned: 646916. Iterative edges: 6365601'
2023-07-26 03:07:01 - b'INFO  main_iterate.cpp              :  138 - Processed: 12582912, aligned: 949783. Iterative edges: 8490038'
2023-07-26 03:07:02 - b'INFO  main_iterate.cpp              :  138 - Processed: 16777216, aligned: 1250416. Iterative edges: 10265491'
2023-07-26 03:07:03 - b'INFO  main_iterate.cpp              :  138 - Processed: 20971520, aligned: 1560097. Iterative edges: 11824464'
2023-07-26 03:07:05 - b'INFO  main_iterate.cpp              :  138 - Processed: 25165824, aligned: 1883526. Iterative edges: 13222342'
2023-07-26 03:07:07 - b'INFO  main_iterate.cpp              :  138 - Processed: 29360128, aligned: 2203345. Iterative edges: 14390310'
2023-07-26 03:07:10 - b'INFO  main_iterate.cpp              :  138 - Processed: 33554432, aligned: 2525657. Iterative edges: 15386265'
2023-07-26 03:07:12 - b'INFO  main_iterate.cpp              :  138 - Processed: 37748736, aligned: 2848688. Iterative edges: 16237514'
2023-07-26 03:07:14 - b'INFO  main_iterate.cpp              :  138 - Processed: 41943040, aligned: 3173964. Iterative edges: 16972612'
2023-07-26 03:07:15 - b'INFO  main_iterate.cpp              :  138 - Processed: 46137344, aligned: 3501332. Iterative edges: 17606884'
2023-07-26 03:07:17 - b'INFO  main_iterate.cpp              :  138 - Processed: 50331648, aligned: 3827875. Iterative edges: 18151422'
2023-07-26 03:07:18 - b'INFO  main_iterate.cpp              :  138 - Processed: 54525952, aligned: 4157314. Iterative edges: 18626170'
2023-07-26 03:07:19 - b'INFO  main_iterate.cpp              :  138 - Processed: 58720256, aligned: 4484443. Iterative edges: 19031389'
2023-07-26 03:07:21 - b'INFO  main_iterate.cpp              :  138 - Processed: 62914560, aligned: 4812883. Iterative edges: 19387468'
2023-07-26 03:07:23 - b'INFO  main_iterate.cpp              :  138 - Processed: 67108864, aligned: 5142567. Iterative edges: 19698477'
2023-07-26 03:07:24 - b'INFO  main_iterate.cpp              :  138 - Processed: 71303168, aligned: 5470746. Iterative edges: 19973432'
2023-07-26 03:07:26 - b'INFO  main_iterate.cpp              :  138 - Processed: 75497472, aligned: 5799048. Iterative edges: 20211228'
2023-07-26 03:07:27 - b'INFO  main_iterate.cpp              :  138 - Processed: 79691776, aligned: 6125749. Iterative edges: 20422561'
2023-07-26 03:07:28 - b'INFO  main_iterate.cpp              :  138 - Processed: 83886080, aligned: 6452706. Iterative edges: 20610632'
2023-07-26 03:07:31 - b'INFO  main_iterate.cpp              :  138 - Processed: 88080384, aligned: 6779970. Iterative edges: 20781554'
2023-07-26 03:07:32 - b'INFO  main_iterate.cpp              :  138 - Processed: 92274688, aligned: 7105035. Iterative edges: 20931036'
2023-07-26 03:07:35 - b'INFO  main_iterate.cpp              :  138 - Processed: 96362724, aligned: 7423353. Iterative edges: 21068187'
2023-07-26 03:07:38 - b'INFO  main_iterate.cpp              :  142 - Total: 96362724, aligned: 7423353. Iterative edges: 21068187'
2023-07-26 03:07:42 - b'INFO  utils/utils.h                 :  152 - Real: 83.7110\tuser: 2324.2890\tsys: 24.8523\tmaxrss: 1285004'
2023-07-26 03:07:42 - Build graph for k = 59 
2023-07-26 03:07:42 - command /mnt/matrix/symbio/software/miniconda3/envs/anvio/bin/megahit_core seq2sdbg --host_mem 229404538880 --mem_flag 1 --output_prefix /mnt/qnap/users/diego.franco/tomato_metagenomics/assemblies/T2_FAC_assembly/tmp/k59/59 --num_cpu_threads 60 -k 59 --kmer_from 39 --input_prefix /mnt/qnap/users/diego.franco/tomato_metagenomics/assemblies/T2_FAC_assembly/tmp/k59/59 --addi_contig /mnt/qnap/users/diego.franco/tomato_metagenomics/assemblies/T2_FAC_assembly/intermediate_contigs/k39.addi.fa --local_contig /mnt/qnap/users/diego.franco/tomato_metagenomics/assemblies/T2_FAC_assembly/intermediate_contigs/k39.local.fa --contig /mnt/qnap/users/diego.franco/tomato_metagenomics/assemblies/T2_FAC_assembly/intermediate_contigs/k39.contigs.fa --bubble /mnt/qnap/users/diego.franco/tomato_metagenomics/assemblies/T2_FAC_assembly/intermediate_contigs/k39.bubble_seq.fa
2023-07-26 03:07:42 - b'INFO  sorting/base_engine.cpp       :  148 - Preparing data...'
2023-07-26 03:07:42 - b'INFO  sorting/seq_to_sdbg.cpp       :  369 - Number edges: 21068187'
2023-07-26 03:07:42 - b'INFO  sorting/seq_to_sdbg.cpp       :  413 - Bases to reserve: 1953335770, number contigs: 3353121, number multiplicity: 24421308'
2023-07-26 03:07:42 - b'INFO  sorting/seq_to_sdbg.cpp       :  421 - Before reading, sizeof seq_package: 515158920, multiplicity vector: 24421308'
2023-07-26 03:07:43 - b'INFO  sorting/seq_to_sdbg.cpp       :  428 - Read 21068187 edges.'
2023-07-26 03:07:43 - b'INFO  sorting/seq_to_sdbg.cpp       :  429 - After reading, sizeof seq_package: 515158920/21068187/1264091220, multiplicity vector: 21068187/24421308'
2023-07-26 03:07:46 - b'INFO  sorting/seq_to_sdbg.cpp       :  458 - Read 1307662 contigs from /mnt/qnap/users/diego.franco/tomato_metagenomics/assemblies/T2_FAC_assembly/intermediate_contigs/k39.contigs.fa.'
2023-07-26 03:07:46 - b'INFO  sorting/seq_to_sdbg.cpp       :  459 - After reading contigs, sizeof seq_package: 515158920/22375849/1803555321, multiplicity vector: 22375849/24421308'
2023-07-26 03:07:46 - b'INFO  sorting/seq_to_sdbg.cpp       :  470 - Read 242348 contigs from /mnt/qnap/users/diego.franco/tomato_metagenomics/assemblies/T2_FAC_assembly/intermediate_contigs/k39.bubble_seq.fa.'
2023-07-26 03:07:46 - b'INFO  sorting/seq_to_sdbg.cpp       :  471 - After reading contigs, sizeof seq_package: 515158920/22618197/1878319051, multiplicity vector: 22618197/24421308'
2023-07-26 03:07:46 - b'INFO  sorting/seq_to_sdbg.cpp       :  484 - Read 56552 contigs from /mnt/qnap/users/diego.franco/tomato_metagenomics/assemblies/T2_FAC_assembly/intermediate_contigs/k39.addi.fa.'
2023-07-26 03:07:46 - b'INFO  sorting/seq_to_sdbg.cpp       :  485 - After reading contigs, sizeof seq_package: 515158920/22674749/1933534130, multiplicity vector: 22674749/24421308'
2023-07-26 03:07:49 - b'INFO  sorting/seq_to_sdbg.cpp       :  498 - Read 1268382 contigs from /mnt/qnap/users/diego.franco/tomato_metagenomics/assemblies/T2_FAC_assembly/intermediate_contigs/k39.local.fa.'
2023-07-26 03:07:49 - b'INFO  sorting/seq_to_sdbg.cpp       :  499 - After reading contigs, sizeof seq_package: 1003492864/23943131/2564405988, multiplicity vector: 23943131/24421308'
2023-07-26 03:07:49 - b'INFO  sorting/seq_to_sdbg.cpp       :  506 - Finally, sizeof seq_package: 1003492864/23943131/2564405988, multiplicity vector: 23943131/24421308'
2023-07-26 03:07:49 - b'INFO  sorting/base_engine.cpp       :  153 - Preparing data... Done. Time elapsed: 7.1059'
2023-07-26 03:07:49 - b'INFO  sorting/base_engine.cpp       :  156 - Preparing partitions and calculating bucket sizes...'
2023-07-26 03:07:51 - b'INFO  sorting/base_engine.cpp       :   80 - Minimum memory required: 1177318288 bytes'
2023-07-26 03:07:53 - b'INFO  sorting/base_engine.cpp       :  138 - Lv1 items: 319906005, Lv2 items: 6589860'
2023-07-26 03:07:53 - b'INFO  sorting/base_engine.cpp       :  139 - Memory of derived class: 1072369928, Memory for Lv1+Lv2: 1411421220'
2023-07-26 03:07:53 - b'INFO  sorting/base_engine.cpp       :  165 - Preparing partitions and calculating bucket sizes... Done. Time elapsed: 3.7711'
2023-07-26 03:07:53 - b'INFO  sorting/base_engine.cpp       :  172 - Start main loop...'
2023-07-26 03:07:53 - b'INFO  sorting/base_engine.cpp       :  185 - Lv1 scanning from bucket 0 to 352'
2023-07-26 03:07:55 - b'INFO  sorting/base_engine.cpp       :  192 - Lv1 scanning done. Large diff: 0. Time elapsed: 1.9359'
2023-07-26 03:08:01 - b'INFO  sorting/base_engine.cpp       :  198 - Lv1 fetching & sorting done. Time elapsed: 5.9740'
2023-07-26 03:08:01 - b'INFO  sorting/base_engine.cpp       :  185 - Lv1 scanning from bucket 352 to 1691'
2023-07-26 03:08:04 - b'INFO  sorting/base_engine.cpp       :  192 - Lv1 scanning done. Large diff: 0. Time elapsed: 3.2172'
2023-07-26 03:08:15 - b'INFO  sorting/base_engine.cpp       :  198 - Lv1 fetching & sorting done. Time elapsed: 10.6615'
2023-07-26 03:08:15 - b'INFO  sorting/base_engine.cpp       :  185 - Lv1 scanning from bucket 1691 to 4028'
2023-07-26 03:08:17 - b'INFO  sorting/base_engine.cpp       :  192 - Lv1 scanning done. Large diff: 0. Time elapsed: 2.1236'
2023-07-26 03:08:29 - b'INFO  sorting/base_engine.cpp       :  198 - Lv1 fetching & sorting done. Time elapsed: 11.8029'
2023-07-26 03:08:29 - b'INFO  sorting/base_engine.cpp       :  185 - Lv1 scanning from bucket 4028 to 7550'
2023-07-26 03:08:31 - b'INFO  sorting/base_engine.cpp       :  192 - Lv1 scanning done. Large diff: 0. Time elapsed: 2.1656'
2023-07-26 03:08:40 - b'INFO  sorting/base_engine.cpp       :  198 - Lv1 fetching & sorting done. Time elapsed: 9.3530'
2023-07-26 03:08:40 - b'INFO  sorting/base_engine.cpp       :  185 - Lv1 scanning from bucket 7550 to 12510'
2023-07-26 03:08:43 - b'INFO  sorting/base_engine.cpp       :  192 - Lv1 scanning done. Large diff: 0. Time elapsed: 2.2503'
2023-07-26 03:08:50 - b'INFO  sorting/base_engine.cpp       :  198 - Lv1 fetching & sorting done. Time elapsed: 7.8937'
2023-07-26 03:08:50 - b'INFO  sorting/base_engine.cpp       :  185 - Lv1 scanning from bucket 12510 to 19680'
2023-07-26 03:08:53 - b'INFO  sorting/base_engine.cpp       :  192 - Lv1 scanning done. Large diff: 0. Time elapsed: 2.8143'
2023-07-26 03:09:03 - b'INFO  sorting/base_engine.cpp       :  198 - Lv1 fetching & sorting done. Time elapsed: 9.3409'
2023-07-26 03:09:03 - b'INFO  sorting/base_engine.cpp       :  185 - Lv1 scanning from bucket 19680 to 31089'
2023-07-26 03:09:05 - b'INFO  sorting/base_engine.cpp       :  192 - Lv1 scanning done. Large diff: 0. Time elapsed: 2.7996'
2023-07-26 03:09:14 - b'INFO  sorting/base_engine.cpp       :  198 - Lv1 fetching & sorting done. Time elapsed: 8.7731'
2023-07-26 03:09:14 - b'INFO  sorting/base_engine.cpp       :  185 - Lv1 scanning from bucket 31089 to 63541'
2023-07-26 03:09:19 - b'INFO  sorting/base_engine.cpp       :  192 - Lv1 scanning done. Large diff: 0. Time elapsed: 5.0933'
2023-07-26 03:09:30 - b'INFO  sorting/base_engine.cpp       :  198 - Lv1 fetching & sorting done. Time elapsed: 10.4289'
2023-07-26 03:09:30 - b'INFO  sorting/base_engine.cpp       :  185 - Lv1 scanning from bucket 63541 to 65536'
2023-07-26 03:09:31 - b'INFO  sorting/base_engine.cpp       :  192 - Lv1 scanning done. Large diff: 0. Time elapsed: 0.9480'
2023-07-26 03:09:31 - b'INFO  sorting/base_engine.cpp       :  198 - Lv1 fetching & sorting done. Time elapsed: 0.1166'
2023-07-26 03:09:31 - b'INFO  sorting/base_engine.cpp       :  204 - Main loop done. Time elapsed: 97.7170'
2023-07-26 03:09:31 - b'INFO  sorting/base_engine.cpp       :  207 - Postprocessing...'
2023-07-26 03:09:40 - b'INFO  sorting/seq_to_sdbg.cpp       :  793 - Number of $ A C G T A- C- G- T-:'
2023-07-26 03:09:40 - b'INFO  sorting/seq_to_sdbg.cpp       :  794 - 1535074 380741925 190327067 190226827 380676927 448770 230096 230040 451069'
2023-07-26 03:09:40 - b'INFO  sorting/seq_to_sdbg.cpp       :  800 - Total number of edges: 1144867795'
2023-07-26 03:09:40 - b'INFO  sorting/seq_to_sdbg.cpp       :  801 - Total number of ONEs: 1141972746'
2023-07-26 03:09:40 - b'INFO  sorting/seq_to_sdbg.cpp       :  802 - Total number of $v edges: 1535074'
2023-07-26 03:09:40 - b'INFO  sorting/base_engine.cpp       :  210 - Postprocess done. Time elapsed: 9.4718'
2023-07-26 03:09:41 - b'INFO  utils/utils.h                 :  152 - Real: 118.3494\tuser: 3211.3170\tsys: 69.1346\tmaxrss: 2230088'
2023-07-26 03:09:41 - Assemble contigs from SdBG for k = 59
2023-07-26 03:09:41 - command /mnt/matrix/symbio/software/miniconda3/envs/anvio/bin/megahit_core assemble -s /mnt/qnap/users/diego.franco/tomato_metagenomics/assemblies/T2_FAC_assembly/tmp/k59/59 -o /mnt/qnap/users/diego.franco/tomato_metagenomics/assemblies/T2_FAC_assembly/intermediate_contigs/k59 -t 60 --min_standalone 1000 --prune_level 2 --merge_len 20 --merge_similar 0.95 --cleaning_rounds 5 --disconnect_ratio 0.1 --low_local_ratio 0.2 --cleaning_rounds 5 --min_depth 2 --bubble_level 2 --max_tip_len -1 --careful_bubble
2023-07-26 03:10:03 - b'INFO  main_assemble.cpp             :  129 - Loading succinct de Bruijn graph: /mnt/qnap/users/diego.franco/tomato_metagenomics/assemblies/T2_FAC_assembly/tmp/k59/59Done. Time elapsed: 22.439459'
2023-07-26 03:10:03 - b'INFO  main_assemble.cpp             :  133 - Number of Edges: 1144867795; K value: 59'
2023-07-26 03:10:03 - b'INFO  main_assemble.cpp             :  140 - Number of CPU threads: 60'
2023-07-26 03:10:11 - b'INFO  assembly/sdbg_pruning.cpp     :  160 - Removing tips with length less than 2; Accumulated tips removed: 33878; time elapsed: 2.1371'
2023-07-26 03:10:14 - b'INFO  assembly/sdbg_pruning.cpp     :  160 - Removing tips with length less than 4; Accumulated tips removed: 89772; time elapsed: 2.4994'
2023-07-26 03:10:17 - b'INFO  assembly/sdbg_pruning.cpp     :  160 - Removing tips with length less than 8; Accumulated tips removed: 188826; time elapsed: 3.4345'
2023-07-26 03:10:23 - b'INFO  assembly/sdbg_pruning.cpp     :  160 - Removing tips with length less than 16; Accumulated tips removed: 352352; time elapsed: 5.7917'
2023-07-26 03:10:33 - b'INFO  assembly/sdbg_pruning.cpp     :  160 - Removing tips with length less than 32; Accumulated tips removed: 549647; time elapsed: 9.8697'
2023-07-26 03:10:45 - b'INFO  assembly/sdbg_pruning.cpp     :  160 - Removing tips with length less than 64; Accumulated tips removed: 943299; time elapsed: 12.2740'
2023-07-26 03:11:01 - b'INFO  assembly/sdbg_pruning.cpp     :  169 - Removing tips with length less than 118; Accumulated tips removed: 1423817; time elapsed: 15.4730'
2023-07-26 03:11:01 - b'INFO  main_assemble.cpp             :  158 - Tips removal done! Time elapsed(sec): 57.395'
2023-07-26 03:12:41 - b'INFO  assembly/unitig_graph.cpp     :   83 - Graph size without loops: 1577111, palindrome: 14'
2023-07-26 03:12:42 - b'INFO  main_assemble.cpp             :  166 - unitig graph size: 1577351, time for building: 101.447'
2023-07-26 03:12:48 - b'INFO  assembly/contig_stat.h        :   40 - Max: 45894, Min: 60, N50: 1251, number contigs: 1577351, number isolated: 160723, number looped: 240, total size: 630510980,'
2023-07-26 03:12:48 - b'INFO  main_assemble.cpp             :  184 - Graph cleaning round 1'
2023-07-26 03:12:53 - b'INFO  main_assemble.cpp             :  200 - Number of bubbles removed: 68403, Time elapsed(sec): 4.285'
2023-07-26 03:12:56 - b'INFO  main_assemble.cpp             :  210 - Number of complex bubbles removed: 34866, Time elapsed(sec): 2.978752'
2023-07-26 03:12:56 - b'INFO  main_assemble.cpp             :  221 - Number unitigs disconnected: 65843, time: 0.453'
2023-07-26 03:12:56 - b'INFO  main_assemble.cpp             :  245 - Unitigs removed in excessive pruning: 6169, time: 0.270'
2023-07-26 03:12:56 - b'INFO  main_assemble.cpp             :  184 - Graph cleaning round 2'
2023-07-26 03:12:58 - b'INFO  main_assemble.cpp             :  192 - Tips removed: 14400, time: 1.928'
2023-07-26 03:12:59 - b'INFO  main_assemble.cpp             :  200 - Number of bubbles removed: 386, Time elapsed(sec): 0.637'
2023-07-26 03:13:00 - b'INFO  main_assemble.cpp             :  210 - Number of complex bubbles removed: 961, Time elapsed(sec): 0.895592'
2023-07-26 03:13:00 - b'INFO  main_assemble.cpp             :  221 - Number unitigs disconnected: 2401, time: 0.474'
2023-07-26 03:13:01 - b'INFO  main_assemble.cpp             :  245 - Unitigs removed in excessive pruning: 1277, time: 0.424'
2023-07-26 03:13:01 - b'INFO  main_assemble.cpp             :  184 - Graph cleaning round 3'
2023-07-26 03:13:03 - b'INFO  main_assemble.cpp             :  192 - Tips removed: 290, time: 2.282'
2023-07-26 03:13:03 - b'INFO  main_assemble.cpp             :  200 - Number of bubbles removed: 14, Time elapsed(sec): 0.478'
2023-07-26 03:13:04 - b'INFO  main_assemble.cpp             :  210 - Number of complex bubbles removed: 24, Time elapsed(sec): 0.695185'
2023-07-26 03:13:05 - b'INFO  main_assemble.cpp             :  221 - Number unitigs disconnected: 688, time: 0.509'
2023-07-26 03:13:05 - b'INFO  main_assemble.cpp             :  245 - Unitigs removed in excessive pruning: 516, time: 0.417'
2023-07-26 03:13:05 - b'INFO  main_assemble.cpp             :  184 - Graph cleaning round 4'
2023-07-26 03:13:08 - b'INFO  main_assemble.cpp             :  192 - Tips removed: 76, time: 2.522'
2023-07-26 03:13:08 - b'INFO  main_assemble.cpp             :  200 - Number of bubbles removed: 4, Time elapsed(sec): 0.541'
2023-07-26 03:13:09 - b'INFO  main_assemble.cpp             :  210 - Number of complex bubbles removed: 2, Time elapsed(sec): 0.734217'
2023-07-26 03:13:09 - b'INFO  main_assemble.cpp             :  221 - Number unitigs disconnected: 275, time: 0.569'
2023-07-26 03:13:10 - b'INFO  main_assemble.cpp             :  245 - Unitigs removed in excessive pruning: 269, time: 0.405'
2023-07-26 03:13:10 - b'INFO  main_assemble.cpp             :  184 - Graph cleaning round 5'
2023-07-26 03:13:12 - b'INFO  main_assemble.cpp             :  192 - Tips removed: 36, time: 2.359'
2023-07-26 03:13:13 - b'INFO  main_assemble.cpp             :  200 - Number of bubbles removed: 1, Time elapsed(sec): 0.534'
2023-07-26 03:13:13 - b'INFO  main_assemble.cpp             :  210 - Number of complex bubbles removed: 2, Time elapsed(sec): 0.699763'
2023-07-26 03:13:14 - b'INFO  main_assemble.cpp             :  221 - Number unitigs disconnected: 94, time: 0.479'
2023-07-26 03:13:14 - b'INFO  main_assemble.cpp             :  245 - Unitigs removed in excessive pruning: 112, time: 0.402'
2023-07-26 03:13:18 - b'INFO  assembly/contig_stat.h        :   40 - Max: 53255, Min: 60, N50: 1809, number contigs: 1164306, number isolated: 179155, number looped: 256, total size: 597965191,'
2023-07-26 03:13:58 - b'INFO  main_assemble.cpp             :  267 - Time to output: 39.287602'
2023-07-26 03:14:10 - b'INFO  main_assemble.cpp             :  286 - Number of local low depth unitigs removed: 41966, complex bubbles removed: 1299, time: 12.568222'
2023-07-26 03:14:14 - b'INFO  assembly/contig_stat.h        :   40 - Max: 53255, Min: 60, N50: 1995, number contigs: 1053639, number isolated: 185793, number looped: 275, total size: 589558824,'
2023-07-26 03:14:52 - b'INFO  utils/utils.h                 :  152 - Real: 310.9108\tuser: 12242.2208\tsys: 79.4325\tmaxrss: 2522684'
2023-07-26 03:14:52 - Local assembly for k = 59
2023-07-26 03:14:52 - command /mnt/matrix/symbio/software/miniconda3/envs/anvio/bin/megahit_core local -c /mnt/qnap/users/diego.franco/tomato_metagenomics/assemblies/T2_FAC_assembly/intermediate_contigs/k59.contigs.fa -l /mnt/qnap/users/diego.franco/tomato_metagenomics/assemblies/T2_FAC_assembly/tmp/reads.lib -t 60 -o /mnt/qnap/users/diego.franco/tomato_metagenomics/assemblies/T2_FAC_assembly/intermediate_contigs/k59.local.fa --kmax 79
2023-07-26 03:21:29 - b'INFO  localasm/hash_mapper.cpp      :   99 - Number of contigs: 513891, index size: 63685025'
2023-07-26 03:21:29 - b'INFO  localasm/local_assemble.cpp   :  315 - Hash mapper construction time elapsed: 397.048948'
2023-07-26 03:21:29 - b'INFO  sequence/io/sequence_lib.cpp  :  115 - Before reading, sizeof seq_package: 3179969900'
2023-07-26 03:21:39 - b'INFO  sequence/io/sequence_lib.cpp  :  117 - After reading, sizeof seq_package: 3179969900'
2023-07-26 03:21:39 - b'INFO  localasm/local_assemble.cpp   :  324 - Read lib time elapsed: 10.129492'
2023-07-26 03:21:41 - b'INFO  localasm/local_assemble.cpp   :  133 - Lib 0, insert size: 268.00 sd: 91.55'
2023-07-26 03:21:41 - b'INFO  localasm/local_assemble.cpp   :  330 - Insert size estimation time elapsed: 2.056882'
2023-07-26 03:22:51 - b'INFO  localasm/local_assemble.cpp   :  218 - Lib 0: total 96362724 reads, aligned 79557151, added 29998567 reads to local assembly'
2023-07-26 03:22:51 - b'INFO  localasm/local_assemble.cpp   :  338 - Mapping time elapsed: 69.130839'
2023-07-26 03:22:51 - b'INFO  localasm/local_assemble.cpp   :  232 - Minimum number of reads to do local assembly: 5'
2023-07-26 03:29:31 - b'INFO  localasm/local_assemble.cpp   :  346 - Local assembly time elapsed: 400.548248'
2023-07-26 03:29:33 - b'INFO  utils/utils.h                 :  152 - Real: 880.4106\tuser: 37196.1176\tsys: 174.8909\tmaxrss: 5870536'
2023-07-26 03:29:33 - Extract iterative edges from k = 59 to 79 
2023-07-26 03:29:33 - command /mnt/matrix/symbio/software/miniconda3/envs/anvio/bin/megahit_core iterate -c /mnt/qnap/users/diego.franco/tomato_metagenomics/assemblies/T2_FAC_assembly/intermediate_contigs/k59.contigs.fa -b /mnt/qnap/users/diego.franco/tomato_metagenomics/assemblies/T2_FAC_assembly/intermediate_contigs/k59.bubble_seq.fa -t 60 -k 59 -s 20 -o /mnt/qnap/users/diego.franco/tomato_metagenomics/assemblies/T2_FAC_assembly/tmp/k79/79 -r /mnt/qnap/users/diego.franco/tomato_metagenomics/assemblies/T2_FAC_assembly/tmp/reads.lib.bin
2023-07-26 03:29:33 - b'INFO  main_iterate.cpp              :  190 - Selected kmer type size for k: 16'
2023-07-26 03:29:34 - b'INFO  main_iterate.cpp              :  174 - Read 561290 contigs'
2023-07-26 03:29:39 - b'INFO  main_iterate.cpp              :  176 - Number of flank kmers: 1101629'
2023-07-26 03:29:39 - b'INFO  main_iterate.cpp              :  174 - Read 423861 contigs'
2023-07-26 03:29:43 - b'INFO  main_iterate.cpp              :  176 - Number of flank kmers: 1931411'
2023-07-26 03:29:44 - b'INFO  main_iterate.cpp              :  174 - Read 175197 contigs'
2023-07-26 03:29:47 - b'INFO  main_iterate.cpp              :  176 - Number of flank kmers: 2189956'
2023-07-26 03:29:47 - b'INFO  main_iterate.cpp              :  123 - Selected kmer type size for next k: 20'
2023-07-26 03:29:52 - b'INFO  main_iterate.cpp              :  138 - Processed: 4194304, aligned: 204658. Iterative edges: 1532637'
2023-07-26 03:29:57 - b'INFO  main_iterate.cpp              :  138 - Processed: 8388608, aligned: 409521. Iterative edges: 2753916'
2023-07-26 03:29:58 - b'INFO  main_iterate.cpp              :  138 - Processed: 12582912, aligned: 594626. Iterative edges: 3692398'
2023-07-26 03:30:00 - b'INFO  main_iterate.cpp              :  138 - Processed: 16777216, aligned: 775595. Iterative edges: 4506041'
2023-07-26 03:30:01 - b'INFO  main_iterate.cpp              :  138 - Processed: 20971520, aligned: 966004. Iterative edges: 5282811'
2023-07-26 03:30:02 - b'INFO  main_iterate.cpp              :  138 - Processed: 25165824, aligned: 1170576. Iterative edges: 6042249'
2023-07-26 03:30:03 - b'INFO  main_iterate.cpp              :  138 - Processed: 29360128, aligned: 1371116. Iterative edges: 6706916'
2023-07-26 03:30:05 - b'INFO  main_iterate.cpp              :  138 - Processed: 33554432, aligned: 1574900. Iterative edges: 7316899'
2023-07-26 03:30:06 - b'INFO  main_iterate.cpp              :  138 - Processed: 37748736, aligned: 1780374. Iterative edges: 7870101'
2023-07-26 03:30:08 - b'INFO  main_iterate.cpp              :  138 - Processed: 41943040, aligned: 1988138. Iterative edges: 8379900'
2023-07-26 03:30:08 - b'INFO  main_iterate.cpp              :  138 - Processed: 46137344, aligned: 2195091. Iterative edges: 8845494'
2023-07-26 03:30:09 - b'INFO  main_iterate.cpp              :  138 - Processed: 50331648, aligned: 2402877. Iterative edges: 9266083'
2023-07-26 03:30:10 - b'INFO  main_iterate.cpp              :  138 - Processed: 54525952, aligned: 2613475. Iterative edges: 9651883'
2023-07-26 03:30:11 - b'INFO  main_iterate.cpp              :  138 - Processed: 58720256, aligned: 2821569. Iterative edges: 9998417'
2023-07-26 03:30:12 - b'INFO  main_iterate.cpp              :  138 - Processed: 62914560, aligned: 3030637. Iterative edges: 10314768'
2023-07-26 03:30:13 - b'INFO  main_iterate.cpp              :  138 - Processed: 67108864, aligned: 3241694. Iterative edges: 10604466'
2023-07-26 03:30:14 - b'INFO  main_iterate.cpp              :  138 - Processed: 71303168, aligned: 3451475. Iterative edges: 10869159'
2023-07-26 03:30:15 - b'INFO  main_iterate.cpp              :  138 - Processed: 75497472, aligned: 3661362. Iterative edges: 11110303'
2023-07-26 03:30:16 - b'INFO  main_iterate.cpp              :  138 - Processed: 79691776, aligned: 3869613. Iterative edges: 11328796'
2023-07-26 03:30:17 - b'INFO  main_iterate.cpp              :  138 - Processed: 83886080, aligned: 4077686. Iterative edges: 11530941'
2023-07-26 03:30:18 - b'INFO  main_iterate.cpp              :  138 - Processed: 88080384, aligned: 4286558. Iterative edges: 11714672'
2023-07-26 03:30:19 - b'INFO  main_iterate.cpp              :  138 - Processed: 92274688, aligned: 4493093. Iterative edges: 11884297'
2023-07-26 03:30:20 - b'INFO  main_iterate.cpp              :  138 - Processed: 96362724, aligned: 4695902. Iterative edges: 12036617'
2023-07-26 03:30:22 - b'INFO  main_iterate.cpp              :  142 - Total: 96362724, aligned: 4695902. Iterative edges: 12036617'
2023-07-26 03:30:26 - b'INFO  utils/utils.h                 :  152 - Real: 53.4050\tuser: 1322.9672\tsys: 16.6869\tmaxrss: 861020'
2023-07-26 03:30:26 - Build graph for k = 79 
2023-07-26 03:30:26 - command /mnt/matrix/symbio/software/miniconda3/envs/anvio/bin/megahit_core seq2sdbg --host_mem 229404538880 --mem_flag 1 --output_prefix /mnt/qnap/users/diego.franco/tomato_metagenomics/assemblies/T2_FAC_assembly/tmp/k79/79 --num_cpu_threads 60 -k 79 --kmer_from 59 --input_prefix /mnt/qnap/users/diego.franco/tomato_metagenomics/assemblies/T2_FAC_assembly/tmp/k79/79 --addi_contig /mnt/qnap/users/diego.franco/tomato_metagenomics/assemblies/T2_FAC_assembly/intermediate_contigs/k59.addi.fa --local_contig /mnt/qnap/users/diego.franco/tomato_metagenomics/assemblies/T2_FAC_assembly/intermediate_contigs/k59.local.fa --contig /mnt/qnap/users/diego.franco/tomato_metagenomics/assemblies/T2_FAC_assembly/intermediate_contigs/k59.contigs.fa --bubble /mnt/qnap/users/diego.franco/tomato_metagenomics/assemblies/T2_FAC_assembly/intermediate_contigs/k59.bubble_seq.fa
2023-07-26 03:30:26 - b'INFO  sorting/base_engine.cpp       :  148 - Preparing data...'
2023-07-26 03:30:26 - b'INFO  sorting/seq_to_sdbg.cpp       :  369 - Number edges: 12036617'
2023-07-26 03:30:26 - b'INFO  sorting/seq_to_sdbg.cpp       :  413 - Bases to reserve: 1604406113, number contigs: 2606806, number multiplicity: 14643423'
2023-07-26 03:30:26 - b'INFO  sorting/seq_to_sdbg.cpp       :  421 - Before reading, sizeof seq_package: 421955988, multiplicity vector: 14643423'
2023-07-26 03:30:27 - b'INFO  sorting/seq_to_sdbg.cpp       :  428 - Read 12036617 edges.'
2023-07-26 03:30:27 - b'INFO  sorting/seq_to_sdbg.cpp       :  429 - After reading, sizeof seq_package: 421955988/12036617/962929360, multiplicity vector: 12036617/14643423'
2023-07-26 03:30:30 - b'INFO  sorting/seq_to_sdbg.cpp       :  458 - Read 925178 contigs from /mnt/qnap/users/diego.franco/tomato_metagenomics/assemblies/T2_FAC_assembly/intermediate_contigs/k59.contigs.fa.'
2023-07-26 03:30:30 - b'INFO  sorting/seq_to_sdbg.cpp       :  459 - After reading contigs, sizeof seq_package: 421955988/12961795/1544963833, multiplicity vector: 12961795/14643423'
2023-07-26 03:30:31 - b'INFO  sorting/seq_to_sdbg.cpp       :  470 - Read 163185 contigs from /mnt/qnap/users/diego.franco/tomato_metagenomics/assemblies/T2_FAC_assembly/intermediate_contigs/k59.bubble_seq.fa.'
2023-07-26 03:30:31 - b'INFO  sorting/seq_to_sdbg.cpp       :  471 - After reading contigs, sizeof seq_package: 823057520/13124980/1634659407, multiplicity vector: 13124980/14643423'
2023-07-26 03:30:32 - b'INFO  sorting/seq_to_sdbg.cpp       :  484 - Read 45028 contigs from /mnt/qnap/users/diego.franco/tomato_metagenomics/assemblies/T2_FAC_assembly/intermediate_contigs/k59.addi.fa.'
2023-07-26 03:30:32 - b'INFO  sorting/seq_to_sdbg.cpp       :  485 - After reading contigs, sizeof seq_package: 823057520/13170008/1713721471, multiplicity vector: 13170008/14643423'
2023-07-26 03:30:34 - b'INFO  sorting/seq_to_sdbg.cpp       :  498 - Read 1220352 contigs from /mnt/qnap/users/diego.franco/tomato_metagenomics/assemblies/T2_FAC_assembly/intermediate_contigs/k59.local.fa.'
2023-07-26 03:30:34 - b'INFO  sorting/seq_to_sdbg.cpp       :  499 - After reading contigs, sizeof seq_package: 823057520/14390360/2316377512, multiplicity vector: 14390360/14643423'
2023-07-26 03:30:34 - b'INFO  sorting/seq_to_sdbg.cpp       :  506 - Finally, sizeof seq_package: 823057520/14390360/2316377512, multiplicity vector: 14390360/14643423'
2023-07-26 03:30:34 - b'INFO  sorting/base_engine.cpp       :  153 - Preparing data... Done. Time elapsed: 7.9737'
2023-07-26 03:30:34 - b'INFO  sorting/base_engine.cpp       :  156 - Preparing partitions and calculating bucket sizes...'
2023-07-26 03:30:36 - b'INFO  sorting/base_engine.cpp       :   80 - Minimum memory required: 979181658 bytes'
2023-07-26 03:30:38 - b'INFO  sorting/base_engine.cpp       :  138 - Lv1 items: 322218611, Lv2 items: 6637440'
2023-07-26 03:30:38 - b'INFO  sorting/base_engine.cpp       :  139 - Memory of derived class: 870441094, Memory for Lv1+Lv2: 1448173004'
2023-07-26 03:30:38 - b'INFO  sorting/base_engine.cpp       :  165 - Preparing partitions and calculating bucket sizes... Done. Time elapsed: 3.5827'
2023-07-26 03:30:38 - b'INFO  sorting/base_engine.cpp       :  172 - Start main loop...'
2023-07-26 03:30:38 - b'INFO  sorting/base_engine.cpp       :  185 - Lv1 scanning from bucket 0 to 305'
2023-07-26 03:30:40 - b'INFO  sorting/base_engine.cpp       :  192 - Lv1 scanning done. Large diff: 0. Time elapsed: 2.3514'
2023-07-26 03:30:46 - b'INFO  sorting/base_engine.cpp       :  198 - Lv1 fetching & sorting done. Time elapsed: 5.1969'
2023-07-26 03:30:46 - b'INFO  sorting/base_engine.cpp       :  185 - Lv1 scanning from bucket 305 to 1567'
2023-07-26 03:30:48 - b'INFO  sorting/base_engine.cpp       :  192 - Lv1 scanning done. Large diff: 0. Time elapsed: 2.3054'
2023-07-26 03:30:58 - b'INFO  sorting/base_engine.cpp       :  198 - Lv1 fetching & sorting done. Time elapsed: 9.8802'
2023-07-26 03:30:58 - b'INFO  sorting/base_engine.cpp       :  185 - Lv1 scanning from bucket 1567 to 3864'
2023-07-26 03:31:01 - b'INFO  sorting/base_engine.cpp       :  192 - Lv1 scanning done. Large diff: 0. Time elapsed: 3.2518'
2023-07-26 03:31:12 - b'INFO  sorting/base_engine.cpp       :  198 - Lv1 fetching & sorting done. Time elapsed: 10.8360'
2023-07-26 03:31:12 - b'INFO  sorting/base_engine.cpp       :  185 - Lv1 scanning from bucket 3864 to 7344'
2023-07-26 03:31:14 - b'INFO  sorting/base_engine.cpp       :  192 - Lv1 scanning done. Large diff: 0. Time elapsed: 2.2874'
2023-07-26 03:31:24 - b'INFO  sorting/base_engine.cpp       :  198 - Lv1 fetching & sorting done. Time elapsed: 9.7001'
2023-07-26 03:31:24 - b'INFO  sorting/base_engine.cpp       :  185 - Lv1 scanning from bucket 7344 to 12253'
2023-07-26 03:31:26 - b'INFO  sorting/base_engine.cpp       :  192 - Lv1 scanning done. Large diff: 0. Time elapsed: 2.3937'
2023-07-26 03:31:36 - b'INFO  sorting/base_engine.cpp       :  198 - Lv1 fetching & sorting done. Time elapsed: 9.7210'
2023-07-26 03:31:36 - b'INFO  sorting/base_engine.cpp       :  185 - Lv1 scanning from bucket 12253 to 19303'
2023-07-26 03:31:38 - b'INFO  sorting/base_engine.cpp       :  192 - Lv1 scanning done. Large diff: 0. Time elapsed: 2.3630'
2023-07-26 03:31:48 - b'INFO  sorting/base_engine.cpp       :  198 - Lv1 fetching & sorting done. Time elapsed: 9.3946'
2023-07-26 03:31:48 - b'INFO  sorting/base_engine.cpp       :  185 - Lv1 scanning from bucket 19303 to 30346'
2023-07-26 03:31:50 - b'INFO  sorting/base_engine.cpp       :  192 - Lv1 scanning done. Large diff: 0. Time elapsed: 2.8033'
2023-07-26 03:32:00 - b'INFO  sorting/base_engine.cpp       :  198 - Lv1 fetching & sorting done. Time elapsed: 9.7789'
2023-07-26 03:32:00 - b'INFO  sorting/base_engine.cpp       :  185 - Lv1 scanning from bucket 30346 to 57494'
2023-07-26 03:32:04 - b'INFO  sorting/base_engine.cpp       :  192 - Lv1 scanning done. Large diff: 0. Time elapsed: 3.3667'
2023-07-26 03:32:14 - b'INFO  sorting/base_engine.cpp       :  198 - Lv1 fetching & sorting done. Time elapsed: 10.0583'
2023-07-26 03:32:14 - b'INFO  sorting/base_engine.cpp       :  185 - Lv1 scanning from bucket 57494 to 65536'
2023-07-26 03:32:15 - b'INFO  sorting/base_engine.cpp       :  192 - Lv1 scanning done. Large diff: 0. Time elapsed: 0.9167'
2023-07-26 03:32:16 - b'INFO  sorting/base_engine.cpp       :  198 - Lv1 fetching & sorting done. Time elapsed: 1.6340'
2023-07-26 03:32:16 - b'INFO  sorting/base_engine.cpp       :  204 - Main loop done. Time elapsed: 98.2718'
2023-07-26 03:32:16 - b'INFO  sorting/base_engine.cpp       :  207 - Postprocessing...'
2023-07-26 03:32:27 - b'INFO  sorting/seq_to_sdbg.cpp       :  793 - Number of $ A C G T A- C- G- T-:'
2023-07-26 03:32:27 - b'INFO  sorting/seq_to_sdbg.cpp       :  794 - 1433340 420617838 214162361 214143681 420671448 460124 250747 253921 457662'
2023-07-26 03:32:27 - b'INFO  sorting/seq_to_sdbg.cpp       :  800 - Total number of edges: 1272451122'
2023-07-26 03:32:27 - b'INFO  sorting/seq_to_sdbg.cpp       :  801 - Total number of ONEs: 1269595328'
2023-07-26 03:32:27 - b'INFO  sorting/seq_to_sdbg.cpp       :  802 - Total number of $v edges: 1433340'
2023-07-26 03:32:27 - b'INFO  sorting/base_engine.cpp       :  210 - Postprocess done. Time elapsed: 11.2034'
2023-07-26 03:32:28 - b'INFO  utils/utils.h                 :  152 - Real: 121.3302\tuser: 3379.4359\tsys: 54.3352\tmaxrss: 2180648'
2023-07-26 03:32:28 - Assemble contigs from SdBG for k = 79
2023-07-26 03:32:28 - command /mnt/matrix/symbio/software/miniconda3/envs/anvio/bin/megahit_core assemble -s /mnt/qnap/users/diego.franco/tomato_metagenomics/assemblies/T2_FAC_assembly/tmp/k79/79 -o /mnt/qnap/users/diego.franco/tomato_metagenomics/assemblies/T2_FAC_assembly/intermediate_contigs/k79 -t 60 --min_standalone 1000 --prune_level 2 --merge_len 20 --merge_similar 0.95 --cleaning_rounds 5 --disconnect_ratio 0.1 --low_local_ratio 0.2 --cleaning_rounds 5 --min_depth 2 --bubble_level 2 --max_tip_len -1 --careful_bubble
2023-07-26 03:32:56 - b'INFO  main_assemble.cpp             :  129 - Loading succinct de Bruijn graph: /mnt/qnap/users/diego.franco/tomato_metagenomics/assemblies/T2_FAC_assembly/tmp/k79/79Done. Time elapsed: 27.917998'
2023-07-26 03:32:56 - b'INFO  main_assemble.cpp             :  133 - Number of Edges: 1272451122; K value: 79'
2023-07-26 03:32:56 - b'INFO  main_assemble.cpp             :  140 - Number of CPU threads: 60'
2023-07-26 03:33:05 - b'INFO  assembly/sdbg_pruning.cpp     :  160 - Removing tips with length less than 2; Accumulated tips removed: 30569; time elapsed: 1.9549'
2023-07-26 03:33:07 - b'INFO  assembly/sdbg_pruning.cpp     :  160 - Removing tips with length less than 4; Accumulated tips removed: 85497; time elapsed: 1.8934'
2023-07-26 03:33:11 - b'INFO  assembly/sdbg_pruning.cpp     :  160 - Removing tips with length less than 8; Accumulated tips removed: 187453; time elapsed: 3.8153'
2023-07-26 03:33:17 - b'INFO  assembly/sdbg_pruning.cpp     :  160 - Removing tips with length less than 16; Accumulated tips removed: 374478; time elapsed: 5.9348'
2023-07-26 03:33:26 - b'INFO  assembly/sdbg_pruning.cpp     :  160 - Removing tips with length less than 32; Accumulated tips removed: 674506; time elapsed: 9.5393'
2023-07-26 03:33:39 - b'INFO  assembly/sdbg_pruning.cpp     :  160 - Removing tips with length less than 64; Accumulated tips removed: 1075456; time elapsed: 12.6858'
2023-07-26 03:33:53 - b'INFO  assembly/sdbg_pruning.cpp     :  160 - Removing tips with length less than 128; Accumulated tips removed: 1450992; time elapsed: 13.9818'
2023-07-26 03:34:07 - b'INFO  assembly/sdbg_pruning.cpp     :  169 - Removing tips with length less than 158; Accumulated tips removed: 1545306; time elapsed: 13.6265'
2023-07-26 03:34:07 - b'INFO  main_assemble.cpp             :  158 - Tips removal done! Time elapsed(sec): 70.858'
2023-07-26 03:35:58 - b'INFO  assembly/unitig_graph.cpp     :   83 - Graph size without loops: 1450629, palindrome: 6'
2023-07-26 03:35:59 - b'INFO  main_assemble.cpp             :  166 - unitig graph size: 1450853, time for building: 112.353'
2023-07-26 03:36:07 - b'INFO  assembly/contig_stat.h        :   40 - Max: 57496, Min: 80, N50: 1853, number contigs: 1450853, number isolated: 130764, number looped: 224, total size: 711795763,'
2023-07-26 03:36:07 - b'INFO  main_assemble.cpp             :  184 - Graph cleaning round 1'
2023-07-26 03:36:12 - b'INFO  main_assemble.cpp             :  200 - Number of bubbles removed: 37464, Time elapsed(sec): 4.809'
2023-07-26 03:36:15 - b'INFO  main_assemble.cpp             :  210 - Number of complex bubbles removed: 20825, Time elapsed(sec): 3.436626'
2023-07-26 03:36:16 - b'INFO  main_assemble.cpp             :  221 - Number unitigs disconnected: 53416, time: 0.568'
2023-07-26 03:36:16 - b'INFO  main_assemble.cpp             :  245 - Unitigs removed in excessive pruning: 3488, time: 0.423'
2023-07-26 03:36:16 - b'INFO  main_assemble.cpp             :  184 - Graph cleaning round 2'
2023-07-26 03:36:19 - b'INFO  main_assemble.cpp             :  192 - Tips removed: 11341, time: 2.653'
2023-07-26 03:36:19 - b'INFO  main_assemble.cpp             :  200 - Number of bubbles removed: 109, Time elapsed(sec): 0.506'
2023-07-26 03:36:20 - b'INFO  main_assemble.cpp             :  210 - Number of complex bubbles removed: 399, Time elapsed(sec): 0.705155'
2023-07-26 03:36:21 - b'INFO  main_assemble.cpp             :  221 - Number unitigs disconnected: 1609, time: 0.469'
2023-07-26 03:36:21 - b'INFO  main_assemble.cpp             :  245 - Unitigs removed in excessive pruning: 1083, time: 0.394'
2023-07-26 03:36:21 - b'INFO  main_assemble.cpp             :  184 - Graph cleaning round 3'
2023-07-26 03:36:24 - b'INFO  main_assemble.cpp             :  192 - Tips removed: 223, time: 2.528'
2023-07-26 03:36:24 - b'INFO  main_assemble.cpp             :  200 - Number of bubbles removed: 12, Time elapsed(sec): 0.490'
2023-07-26 03:36:25 - b'INFO  main_assemble.cpp             :  210 - Number of complex bubbles removed: 7, Time elapsed(sec): 0.632257'
2023-07-26 03:36:25 - b'INFO  main_assemble.cpp             :  221 - Number unitigs disconnected: 572, time: 0.463'
2023-07-26 03:36:26 - b'INFO  main_assemble.cpp             :  245 - Unitigs removed in excessive pruning: 497, time: 0.380'
2023-07-26 03:36:26 - b'INFO  main_assemble.cpp             :  184 - Graph cleaning round 4'
2023-07-26 03:36:28 - b'INFO  main_assemble.cpp             :  192 - Tips removed: 79, time: 2.380'
2023-07-26 03:36:28 - b'INFO  main_assemble.cpp             :  200 - Number of bubbles removed: 2, Time elapsed(sec): 0.496'
2023-07-26 03:36:29 - b'INFO  main_assemble.cpp             :  210 - Number of complex bubbles removed: 1, Time elapsed(sec): 0.555532'
2023-07-26 03:36:29 - b'INFO  main_assemble.cpp             :  221 - Number unitigs disconnected: 255, time: 0.474'
2023-07-26 03:36:30 - b'INFO  main_assemble.cpp             :  245 - Unitigs removed in excessive pruning: 242, time: 0.397'
2023-07-26 03:36:30 - b'INFO  main_assemble.cpp             :  184 - Graph cleaning round 5'
2023-07-26 03:36:32 - b'INFO  main_assemble.cpp             :  192 - Tips removed: 33, time: 2.419'
2023-07-26 03:36:33 - b'INFO  main_assemble.cpp             :  200 - Number of bubbles removed: 1, Time elapsed(sec): 0.451'
2023-07-26 03:36:33 - b'INFO  main_assemble.cpp             :  210 - Number of complex bubbles removed: 1, Time elapsed(sec): 0.570188'
2023-07-26 03:36:34 - b'INFO  main_assemble.cpp             :  221 - Number unitigs disconnected: 123, time: 0.407'
2023-07-26 03:36:34 - b'INFO  main_assemble.cpp             :  245 - Unitigs removed in excessive pruning: 113, time: 0.378'
2023-07-26 03:36:40 - b'INFO  assembly/contig_stat.h        :   40 - Max: 57496, Min: 80, N50: 2362, number contigs: 1197920, number isolated: 142260, number looped: 103, total size: 685535868,'
2023-07-26 03:37:25 - b'INFO  main_assemble.cpp             :  267 - Time to output: 44.957992'
2023-07-26 03:37:37 - b'INFO  main_assemble.cpp             :  286 - Number of local low depth unitigs removed: 24249, complex bubbles removed: 779, time: 10.739962'
2023-07-26 03:37:43 - b'INFO  assembly/contig_stat.h        :   40 - Max: 58046, Min: 80, N50: 2504, number contigs: 1134595, number isolated: 146321, number looped: 111, total size: 678998397,'
2023-07-26 03:38:30 - b'INFO  utils/utils.h                 :  152 - Real: 362.0718\tuser: 12715.5543\tsys: 76.8799\tmaxrss: 2801676'
2023-07-26 03:38:30 - Local assembly for k = 79
2023-07-26 03:38:30 - command /mnt/matrix/symbio/software/miniconda3/envs/anvio/bin/megahit_core local -c /mnt/qnap/users/diego.franco/tomato_metagenomics/assemblies/T2_FAC_assembly/intermediate_contigs/k79.contigs.fa -l /mnt/qnap/users/diego.franco/tomato_metagenomics/assemblies/T2_FAC_assembly/tmp/reads.lib -t 60 -o /mnt/qnap/users/diego.franco/tomato_metagenomics/assemblies/T2_FAC_assembly/intermediate_contigs/k79.local.fa --kmax 99
2023-07-26 03:48:09 - b'INFO  localasm/hash_mapper.cpp      :   99 - Number of contigs: 529193, index size: 71929288'
2023-07-26 03:48:09 - b'INFO  localasm/local_assemble.cpp   :  315 - Hash mapper construction time elapsed: 578.279463'
2023-07-26 03:48:09 - b'INFO  sequence/io/sequence_lib.cpp  :  115 - Before reading, sizeof seq_package: 3179969900'
2023-07-26 03:48:13 - b'INFO  sequence/io/sequence_lib.cpp  :  117 - After reading, sizeof seq_package: 3179969900'
2023-07-26 03:48:13 - b'INFO  localasm/local_assemble.cpp   :  324 - Read lib time elapsed: 4.735217'
2023-07-26 03:48:14 - b'INFO  localasm/local_assemble.cpp   :  133 - Lib 0, insert size: 270.00 sd: 92.04'
2023-07-26 03:48:14 - b'INFO  localasm/local_assemble.cpp   :  330 - Insert size estimation time elapsed: 0.838493'
2023-07-26 03:48:55 - b'INFO  localasm/local_assemble.cpp   :  218 - Lib 0: total 96362724 reads, aligned 85050439, added 27188706 reads to local assembly'
2023-07-26 03:48:55 - b'INFO  localasm/local_assemble.cpp   :  338 - Mapping time elapsed: 40.780486'
2023-07-26 03:48:55 - b'INFO  localasm/local_assemble.cpp   :  232 - Minimum number of reads to do local assembly: 5'
2023-07-26 03:56:05 - b'INFO  localasm/local_assemble.cpp   :  346 - Local assembly time elapsed: 430.359577'
2023-07-26 03:56:07 - b'INFO  utils/utils.h                 :  152 - Real: 1057.0126\tuser: 46157.3034\tsys: 226.4782\tmaxrss: 5817748'
2023-07-26 03:56:08 - Extract iterative edges from k = 79 to 99 
2023-07-26 03:56:08 - command /mnt/matrix/symbio/software/miniconda3/envs/anvio/bin/megahit_core iterate -c /mnt/qnap/users/diego.franco/tomato_metagenomics/assemblies/T2_FAC_assembly/intermediate_contigs/k79.contigs.fa -b /mnt/qnap/users/diego.franco/tomato_metagenomics/assemblies/T2_FAC_assembly/intermediate_contigs/k79.bubble_seq.fa -t 60 -k 79 -s 20 -o /mnt/qnap/users/diego.franco/tomato_metagenomics/assemblies/T2_FAC_assembly/tmp/k99/99 -r /mnt/qnap/users/diego.franco/tomato_metagenomics/assemblies/T2_FAC_assembly/tmp/reads.lib.bin
2023-07-26 03:56:08 - b'INFO  main_iterate.cpp              :  190 - Selected kmer type size for k: 20'
2023-07-26 03:56:10 - b'INFO  main_iterate.cpp              :  174 - Read 572677 contigs'
2023-07-26 03:56:15 - b'INFO  main_iterate.cpp              :  176 - Number of flank kmers: 1125466'
2023-07-26 03:56:15 - b'INFO  main_iterate.cpp              :  174 - Read 482983 contigs'
2023-07-26 03:56:19 - b'INFO  main_iterate.cpp              :  176 - Number of flank kmers: 2073753'
2023-07-26 03:56:19 - b'INFO  main_iterate.cpp              :  174 - Read 131977 contigs'
2023-07-26 03:56:22 - b'INFO  main_iterate.cpp              :  176 - Number of flank kmers: 2265291'
2023-07-26 03:56:22 - b'INFO  main_iterate.cpp              :  123 - Selected kmer type size for next k: 28'
2023-07-26 03:56:23 - b'INFO  main_iterate.cpp              :  138 - Processed: 4194304, aligned: 125765. Iterative edges: 108322'
2023-07-26 03:56:23 - b'INFO  main_iterate.cpp              :  138 - Processed: 8388608, aligned: 251659. Iterative edges: 208569'
2023-07-26 03:56:24 - b'INFO  main_iterate.cpp              :  138 - Processed: 12582912, aligned: 359154. Iterative edges: 290406'
2023-07-26 03:56:25 - b'INFO  main_iterate.cpp              :  138 - Processed: 16777216, aligned: 460383. Iterative edges: 365279'
2023-07-26 03:56:25 - b'INFO  main_iterate.cpp              :  138 - Processed: 20971520, aligned: 572567. Iterative edges: 445669'
2023-07-26 03:56:26 - b'INFO  main_iterate.cpp              :  138 - Processed: 25165824, aligned: 697397. Iterative edges: 532606'
2023-07-26 03:56:26 - b'INFO  main_iterate.cpp              :  138 - Processed: 29360128, aligned: 819095. Iterative edges: 615296'
2023-07-26 03:56:27 - b'INFO  main_iterate.cpp              :  138 - Processed: 33554432, aligned: 944024. Iterative edges: 698111'
2023-07-26 03:56:27 - b'INFO  main_iterate.cpp              :  138 - Processed: 37748736, aligned: 1069805. Iterative edges: 779571'
2023-07-26 03:56:28 - b'INFO  main_iterate.cpp              :  138 - Processed: 41943040, aligned: 1198526. Iterative edges: 861845'
2023-07-26 03:56:29 - b'INFO  main_iterate.cpp              :  138 - Processed: 46137344, aligned: 1327115. Iterative edges: 942284'
2023-07-26 03:56:30 - b'INFO  main_iterate.cpp              :  138 - Processed: 50331648, aligned: 1456840. Iterative edges: 1022205'
2023-07-26 03:56:30 - b'INFO  main_iterate.cpp              :  138 - Processed: 54525952, aligned: 1588991. Iterative edges: 1102270'
2023-07-26 03:56:31 - b'INFO  main_iterate.cpp              :  138 - Processed: 58720256, aligned: 1719687. Iterative edges: 1180452'
2023-07-26 03:56:32 - b'INFO  main_iterate.cpp              :  138 - Processed: 62914560, aligned: 1850960. Iterative edges: 1257822'
2023-07-26 03:56:32 - b'INFO  main_iterate.cpp              :  138 - Processed: 67108864, aligned: 1983665. Iterative edges: 1334577'
2023-07-26 03:56:33 - b'INFO  main_iterate.cpp              :  138 - Processed: 71303168, aligned: 2113794. Iterative edges: 1408691'
2023-07-26 03:56:34 - b'INFO  main_iterate.cpp              :  138 - Processed: 75497472, aligned: 2245182. Iterative edges: 1482621'
2023-07-26 03:56:35 - b'INFO  main_iterate.cpp              :  138 - Processed: 79691776, aligned: 2375953. Iterative edges: 1555247'
2023-07-26 03:56:35 - b'INFO  main_iterate.cpp              :  138 - Processed: 83886080, aligned: 2505584. Iterative edges: 1626768'
2023-07-26 03:56:36 - b'INFO  main_iterate.cpp              :  138 - Processed: 88080384, aligned: 2636706. Iterative edges: 1697915'
2023-07-26 03:56:36 - b'INFO  main_iterate.cpp              :  138 - Processed: 92274688, aligned: 2765413. Iterative edges: 1767095'
2023-07-26 03:56:37 - b'INFO  main_iterate.cpp              :  138 - Processed: 96362724, aligned: 2892333. Iterative edges: 1834173'
2023-07-26 03:56:37 - b'INFO  main_iterate.cpp              :  142 - Total: 96362724, aligned: 2892333. Iterative edges: 1834173'
2023-07-26 03:56:38 - b'INFO  utils/utils.h                 :  152 - Real: 29.7311\tuser: 745.1615\tsys: 12.0817\tmaxrss: 530472'
2023-07-26 03:56:38 - Build graph for k = 99 
2023-07-26 03:56:38 - command /mnt/matrix/symbio/software/miniconda3/envs/anvio/bin/megahit_core seq2sdbg --host_mem 229404538880 --mem_flag 1 --output_prefix /mnt/qnap/users/diego.franco/tomato_metagenomics/assemblies/T2_FAC_assembly/tmp/k99/99 --num_cpu_threads 60 -k 99 --kmer_from 79 --input_prefix /mnt/qnap/users/diego.franco/tomato_metagenomics/assemblies/T2_FAC_assembly/tmp/k99/99 --addi_contig /mnt/qnap/users/diego.franco/tomato_metagenomics/assemblies/T2_FAC_assembly/intermediate_contigs/k79.addi.fa --local_contig /mnt/qnap/users/diego.franco/tomato_metagenomics/assemblies/T2_FAC_assembly/intermediate_contigs/k79.local.fa --contig /mnt/qnap/users/diego.franco/tomato_metagenomics/assemblies/T2_FAC_assembly/intermediate_contigs/k79.contigs.fa --bubble /mnt/qnap/users/diego.franco/tomato_metagenomics/assemblies/T2_FAC_assembly/intermediate_contigs/k79.bubble_seq.fa
2023-07-26 03:56:38 - b'INFO  sorting/base_engine.cpp       :  148 - Preparing data...'
2023-07-26 03:56:38 - b'INFO  sorting/seq_to_sdbg.cpp       :  369 - Number edges: 1834173'
2023-07-26 03:56:38 - b'INFO  sorting/seq_to_sdbg.cpp       :  413 - Bases to reserve: 767706006, number contigs: 2387370, number multiplicity: 4221543'
2023-07-26 03:56:38 - b'INFO  sorting/seq_to_sdbg.cpp       :  421 - Before reading, sizeof seq_package: 211025472, multiplicity vector: 4221543'
2023-07-26 03:56:38 - b'INFO  sorting/seq_to_sdbg.cpp       :  428 - Read 1834173 edges.'
2023-07-26 03:56:38 - b'INFO  sorting/seq_to_sdbg.cpp       :  429 - After reading, sizeof seq_package: 211025472/1834173/183417300, multiplicity vector: 1834173/4221543'
2023-07-26 03:56:40 - b'INFO  sorting/seq_to_sdbg.cpp       :  458 - Read 936982 contigs from /mnt/qnap/users/diego.franco/tomato_metagenomics/assemblies/T2_FAC_assembly/intermediate_contigs/k79.contigs.fa.'
2023-07-26 03:56:40 - b'INFO  sorting/seq_to_sdbg.cpp       :  459 - After reading contigs, sizeof seq_package: 402951976/2771155/846309210, multiplicity vector: 2771155/4221543'
2023-07-26 03:56:41 - b'INFO  sorting/seq_to_sdbg.cpp       :  470 - Read 124392 contigs from /mnt/qnap/users/diego.franco/tomato_metagenomics/assemblies/T2_FAC_assembly/intermediate_contigs/k79.bubble_seq.fa.'
2023-07-26 03:56:41 - b'INFO  sorting/seq_to_sdbg.cpp       :  471 - After reading contigs, sizeof seq_package: 402951976/2895547/933784767, multiplicity vector: 2895547/4221543'
2023-07-26 03:56:41 - b'INFO  sorting/seq_to_sdbg.cpp       :  484 - Read 25830 contigs from /mnt/qnap/users/diego.franco/tomato_metagenomics/assemblies/T2_FAC_assembly/intermediate_contigs/k79.addi.fa.'
2023-07-26 03:56:41 - b'INFO  sorting/seq_to_sdbg.cpp       :  485 - After reading contigs, sizeof seq_package: 402951976/2921377/992543201, multiplicity vector: 2921377/4221543'
2023-07-26 03:56:44 - b'INFO  sorting/seq_to_sdbg.cpp       :  498 - Read 1030072 contigs from /mnt/qnap/users/diego.franco/tomato_metagenomics/assemblies/T2_FAC_assembly/intermediate_contigs/k79.local.fa.'
2023-07-26 03:56:44 - b'INFO  sorting/seq_to_sdbg.cpp       :  499 - After reading contigs, sizeof seq_package: 786804984/3951449/1538827563, multiplicity vector: 3951449/4221543'
2023-07-26 03:56:44 - b'INFO  sorting/seq_to_sdbg.cpp       :  506 - Finally, sizeof seq_package: 786804984/3951449/1538827563, multiplicity vector: 3951449/4221543'
2023-07-26 03:56:45 - b'INFO  sorting/base_engine.cpp       :  153 - Preparing data... Done. Time elapsed: 6.6685'
2023-07-26 03:56:45 - b'INFO  sorting/base_engine.cpp       :  156 - Preparing partitions and calculating bucket sizes...'
2023-07-26 03:56:49 - b'INFO  sorting/base_engine.cpp       :   80 - Minimum memory required: 914301046 bytes'
2023-07-26 03:56:53 - b'INFO  sorting/base_engine.cpp       :  138 - Lv1 items: 308143202, Lv2 items: 6347520'
2023-07-26 03:56:53 - b'INFO  sorting/base_engine.cpp       :  139 - Memory of derived class: 807270190, Memory for Lv1+Lv2: 1410303368'
2023-07-26 03:56:53 - b'INFO  sorting/base_engine.cpp       :  165 - Preparing partitions and calculating bucket sizes... Done. Time elapsed: 8.4754'
2023-07-26 03:56:53 - b'INFO  sorting/base_engine.cpp       :  172 - Start main loop...'
2023-07-26 03:56:53 - b'INFO  sorting/base_engine.cpp       :  185 - Lv1 scanning from bucket 0 to 255'
2023-07-26 03:56:56 - b'INFO  sorting/base_engine.cpp       :  192 - Lv1 scanning done. Large diff: 0. Time elapsed: 2.6080'
2023-07-26 03:57:00 - b'INFO  sorting/base_engine.cpp       :  198 - Lv1 fetching & sorting done. Time elapsed: 4.4287'
2023-07-26 03:57:00 - b'INFO  sorting/base_engine.cpp       :  185 - Lv1 scanning from bucket 255 to 1435'
2023-07-26 03:57:01 - b'INFO  sorting/base_engine.cpp       :  192 - Lv1 scanning done. Large diff: 0. Time elapsed: 1.0748'
2023-07-26 03:57:11 - b'INFO  sorting/base_engine.cpp       :  198 - Lv1 fetching & sorting done. Time elapsed: 9.2123'
2023-07-26 03:57:11 - b'INFO  sorting/base_engine.cpp       :  185 - Lv1 scanning from bucket 1435 to 3686'
2023-07-26 03:57:12 - b'INFO  sorting/base_engine.cpp       :  192 - Lv1 scanning done. Large diff: 0. Time elapsed: 1.2170'
2023-07-26 03:57:22 - b'INFO  sorting/base_engine.cpp       :  198 - Lv1 fetching & sorting done. Time elapsed: 10.5457'
2023-07-26 03:57:22 - b'INFO  sorting/base_engine.cpp       :  185 - Lv1 scanning from bucket 3686 to 7120'
2023-07-26 03:57:23 - b'INFO  sorting/base_engine.cpp       :  192 - Lv1 scanning done. Large diff: 0. Time elapsed: 1.0448'
2023-07-26 03:57:40 - b'INFO  sorting/base_engine.cpp       :  198 - Lv1 fetching & sorting done. Time elapsed: 16.1558'
2023-07-26 03:57:40 - b'INFO  sorting/base_engine.cpp       :  185 - Lv1 scanning from bucket 7120 to 11989'
2023-07-26 03:57:41 - b'INFO  sorting/base_engine.cpp       :  192 - Lv1 scanning done. Large diff: 0. Time elapsed: 1.2005'
2023-07-26 03:57:51 - b'INFO  sorting/base_engine.cpp       :  198 - Lv1 fetching & sorting done. Time elapsed: 10.3414'
2023-07-26 03:57:51 - b'INFO  sorting/base_engine.cpp       :  185 - Lv1 scanning from bucket 11989 to 18938'
2023-07-26 03:57:52 - b'INFO  sorting/base_engine.cpp       :  192 - Lv1 scanning done. Large diff: 0. Time elapsed: 0.9254'
2023-07-26 03:58:02 - b'INFO  sorting/base_engine.cpp       :  198 - Lv1 fetching & sorting done. Time elapsed: 10.2248'
2023-07-26 03:58:02 - b'INFO  sorting/base_engine.cpp       :  185 - Lv1 scanning from bucket 18938 to 29671'
2023-07-26 03:58:04 - b'INFO  sorting/base_engine.cpp       :  192 - Lv1 scanning done. Large diff: 0. Time elapsed: 1.3703'
2023-07-26 03:58:13 - b'INFO  sorting/base_engine.cpp       :  198 - Lv1 fetching & sorting done. Time elapsed: 9.1914'
2023-07-26 03:58:13 - b'INFO  sorting/base_engine.cpp       :  185 - Lv1 scanning from bucket 29671 to 53813'
2023-07-26 03:58:15 - b'INFO  sorting/base_engine.cpp       :  192 - Lv1 scanning done. Large diff: 0. Time elapsed: 2.5478'
2023-07-26 03:58:24 - b'INFO  sorting/base_engine.cpp       :  198 - Lv1 fetching & sorting done. Time elapsed: 8.7084'
2023-07-26 03:58:24 - b'INFO  sorting/base_engine.cpp       :  185 - Lv1 scanning from bucket 53813 to 65536'
2023-07-26 03:58:25 - b'INFO  sorting/base_engine.cpp       :  192 - Lv1 scanning done. Large diff: 0. Time elapsed: 0.5791'
2023-07-26 03:58:26 - b'INFO  sorting/base_engine.cpp       :  198 - Lv1 fetching & sorting done. Time elapsed: 1.1565'
2023-07-26 03:58:26 - b'INFO  sorting/base_engine.cpp       :  204 - Main loop done. Time elapsed: 92.5495'
2023-07-26 03:58:26 - b'INFO  sorting/base_engine.cpp       :  207 - Postprocessing...'
2023-07-26 03:58:43 - b'INFO  sorting/seq_to_sdbg.cpp       :  793 - Number of $ A C G T A- C- G- T-:'
2023-07-26 03:58:43 - b'INFO  sorting/seq_to_sdbg.cpp       :  794 - 1782051 446754454 230744813 230741664 446875795 356895 208624 208008 357504'
2023-07-26 03:58:43 - b'INFO  sorting/seq_to_sdbg.cpp       :  800 - Total number of edges: 1358029808'
2023-07-26 03:58:43 - b'INFO  sorting/seq_to_sdbg.cpp       :  801 - Total number of ONEs: 1355116726'
2023-07-26 03:58:43 - b'INFO  sorting/seq_to_sdbg.cpp       :  802 - Total number of $v edges: 1782051'
2023-07-26 03:58:43 - b'INFO  sorting/base_engine.cpp       :  210 - Postprocess done. Time elapsed: 17.5505'
2023-07-26 03:58:44 - b'INFO  utils/utils.h                 :  152 - Real: 125.5004\tuser: 3170.8978\tsys: 72.6625\tmaxrss: 1930452'
2023-07-26 03:58:44 - Assemble contigs from SdBG for k = 99
2023-07-26 03:58:44 - command /mnt/matrix/symbio/software/miniconda3/envs/anvio/bin/megahit_core assemble -s /mnt/qnap/users/diego.franco/tomato_metagenomics/assemblies/T2_FAC_assembly/tmp/k99/99 -o /mnt/qnap/users/diego.franco/tomato_metagenomics/assemblies/T2_FAC_assembly/intermediate_contigs/k99 -t 60 --min_standalone 1000 --prune_level 2 --merge_len 20 --merge_similar 0.95 --cleaning_rounds 5 --disconnect_ratio 0.1 --low_local_ratio 0.2 --cleaning_rounds 5 --min_depth 2 --bubble_level 2 --max_tip_len -1 --careful_bubble
2023-07-26 03:59:46 - b'INFO  main_assemble.cpp             :  129 - Loading succinct de Bruijn graph: /mnt/qnap/users/diego.franco/tomato_metagenomics/assemblies/T2_FAC_assembly/tmp/k99/99Done. Time elapsed: 61.939268'
2023-07-26 03:59:46 - b'INFO  main_assemble.cpp             :  133 - Number of Edges: 1358029808; K value: 99'
2023-07-26 03:59:46 - b'INFO  main_assemble.cpp             :  140 - Number of CPU threads: 60'
2023-07-26 03:59:55 - b'INFO  assembly/sdbg_pruning.cpp     :  160 - Removing tips with length less than 2; Accumulated tips removed: 362840; time elapsed: 2.4571'
2023-07-26 03:59:58 - b'INFO  assembly/sdbg_pruning.cpp     :  160 - Removing tips with length less than 4; Accumulated tips removed: 444814; time elapsed: 2.6752'
2023-07-26 04:00:02 - b'INFO  assembly/sdbg_pruning.cpp     :  160 - Removing tips with length less than 8; Accumulated tips removed: 520028; time elapsed: 4.5132'
2023-07-26 04:00:09 - b'INFO  assembly/sdbg_pruning.cpp     :  160 - Removing tips with length less than 16; Accumulated tips removed: 658682; time elapsed: 6.7684'
2023-07-26 04:00:21 - b'INFO  assembly/sdbg_pruning.cpp     :  160 - Removing tips with length less than 32; Accumulated tips removed: 928090; time elapsed: 12.4966'
2023-07-26 04:00:41 - b'INFO  assembly/sdbg_pruning.cpp     :  160 - Removing tips with length less than 64; Accumulated tips removed: 1401674; time elapsed: 19.7507'
2023-07-26 04:01:10 - b'INFO  assembly/sdbg_pruning.cpp     :  160 - Removing tips with length less than 128; Accumulated tips removed: 1755500; time elapsed: 28.9367'
2023-07-26 04:01:41 - b'INFO  assembly/sdbg_pruning.cpp     :  169 - Removing tips with length less than 198; Accumulated tips removed: 1899232; time elapsed: 30.7497'
2023-07-26 04:01:41 - b'INFO  main_assemble.cpp             :  158 - Tips removal done! Time elapsed(sec): 115.214'
2023-07-26 04:05:51 - b'INFO  assembly/unitig_graph.cpp     :   83 - Graph size without loops: 1076757, palindrome: 2'
2023-07-26 04:05:53 - b'INFO  main_assemble.cpp             :  166 - unitig graph size: 1076861, time for building: 252.372'
2023-07-26 04:06:02 - b'INFO  assembly/contig_stat.h        :   40 - Max: 62881, Min: 100, N50: 2749, number contigs: 1076861, number isolated: 127279, number looped: 104, total size: 741356885,'
2023-07-26 04:06:02 - b'INFO  main_assemble.cpp             :  184 - Graph cleaning round 1'
2023-07-26 04:06:13 - b'INFO  main_assemble.cpp             :  200 - Number of bubbles removed: 23154, Time elapsed(sec): 11.030'
2023-07-26 04:06:21 - b'INFO  main_assemble.cpp             :  210 - Number of complex bubbles removed: 14919, Time elapsed(sec): 8.540121'
2023-07-26 04:06:22 - b'INFO  main_assemble.cpp             :  221 - Number unitigs disconnected: 25399, time: 1.138'
2023-07-26 04:06:23 - b'INFO  main_assemble.cpp             :  245 - Unitigs removed in excessive pruning: 1839, time: 0.841'
2023-07-26 04:06:23 - b'INFO  main_assemble.cpp             :  184 - Graph cleaning round 2'
2023-07-26 04:06:28 - b'INFO  main_assemble.cpp             :  192 - Tips removed: 1969, time: 4.795'
2023-07-26 04:06:29 - b'INFO  main_assemble.cpp             :  200 - Number of bubbles removed: 27, Time elapsed(sec): 1.071'
2023-07-26 04:06:30 - b'INFO  main_assemble.cpp             :  210 - Number of complex bubbles removed: 132, Time elapsed(sec): 1.415967'
2023-07-26 04:06:31 - b'INFO  main_assemble.cpp             :  221 - Number unitigs disconnected: 931, time: 0.901'
2023-07-26 04:06:32 - b'INFO  main_assemble.cpp             :  245 - Unitigs removed in excessive pruning: 664, time: 0.783'
2023-07-26 04:06:32 - b'INFO  main_assemble.cpp             :  184 - Graph cleaning round 3'
2023-07-26 04:06:37 - b'INFO  main_assemble.cpp             :  192 - Tips removed: 104, time: 4.727'
2023-07-26 04:06:38 - b'INFO  main_assemble.cpp             :  200 - Number of bubbles removed: 3, Time elapsed(sec): 1.059'
2023-07-26 04:06:39 - b'INFO  main_assemble.cpp             :  210 - Number of complex bubbles removed: 10, Time elapsed(sec): 1.226062'
2023-07-26 04:06:40 - b'INFO  main_assemble.cpp             :  221 - Number unitigs disconnected: 369, time: 0.809'
2023-07-26 04:06:41 - b'INFO  main_assemble.cpp             :  245 - Unitigs removed in excessive pruning: 296, time: 0.769'
2023-07-26 04:06:41 - b'INFO  main_assemble.cpp             :  184 - Graph cleaning round 4'
2023-07-26 04:06:45 - b'INFO  main_assemble.cpp             :  192 - Tips removed: 48, time: 4.510'
2023-07-26 04:06:46 - b'INFO  main_assemble.cpp             :  200 - Number of bubbles removed: 2, Time elapsed(sec): 0.975'
2023-07-26 04:06:48 - b'INFO  main_assemble.cpp             :  210 - Number of complex bubbles removed: 2, Time elapsed(sec): 1.324400'
2023-07-26 04:06:48 - b'INFO  main_assemble.cpp             :  221 - Number unitigs disconnected: 151, time: 0.865'
2023-07-26 04:06:49 - b'INFO  main_assemble.cpp             :  245 - Unitigs removed in excessive pruning: 156, time: 0.747'
2023-07-26 04:06:49 - b'INFO  main_assemble.cpp             :  184 - Graph cleaning round 5'
2023-07-26 04:06:54 - b'INFO  main_assemble.cpp             :  192 - Tips removed: 16, time: 4.658'
2023-07-26 04:06:55 - b'INFO  main_assemble.cpp             :  200 - Number of bubbles removed: 0, Time elapsed(sec): 0.909'
2023-07-26 04:06:56 - b'INFO  main_assemble.cpp             :  210 - Number of complex bubbles removed: 0, Time elapsed(sec): 1.205988'
2023-07-26 04:06:57 - b'INFO  main_assemble.cpp             :  221 - Number unitigs disconnected: 58, time: 0.883'
2023-07-26 04:06:58 - b'INFO  main_assemble.cpp             :  245 - Unitigs removed in excessive pruning: 62, time: 0.751'
2023-07-26 04:07:08 - b'INFO  assembly/contig_stat.h        :   40 - Max: 73677, Min: 100, N50: 3197, number contigs: 927344, number isolated: 136341, number looped: 115, total size: 721651627,'
2023-07-26 04:09:18 - b'INFO  main_assemble.cpp             :  267 - Time to output: 130.722847'
2023-07-26 04:09:36 - b'INFO  main_assemble.cpp             :  286 - Number of local low depth unitigs removed: 12850, complex bubbles removed: 382, time: 17.347724'
2023-07-26 04:09:44 - b'INFO  assembly/contig_stat.h        :   40 - Max: 73677, Min: 100, N50: 3292, number contigs: 894699, number isolated: 139118, number looped: 122, total size: 717377313,'
2023-07-26 04:11:42 - b'INFO  utils/utils.h                 :  152 - Real: 777.8563\tuser: 27929.8869\tsys: 117.2530\tmaxrss: 2997992'
2023-07-26 04:11:43 - Local assembly for k = 99
2023-07-26 04:11:43 - command /mnt/matrix/symbio/software/miniconda3/envs/anvio/bin/megahit_core local -c /mnt/qnap/users/diego.franco/tomato_metagenomics/assemblies/T2_FAC_assembly/intermediate_contigs/k99.contigs.fa -l /mnt/qnap/users/diego.franco/tomato_metagenomics/assemblies/T2_FAC_assembly/tmp/reads.lib -t 60 -o /mnt/qnap/users/diego.franco/tomato_metagenomics/assemblies/T2_FAC_assembly/intermediate_contigs/k99.local.fa --kmax 119
2023-07-26 04:18:36 - b'INFO  localasm/hash_mapper.cpp      :   99 - Number of contigs: 491557, index size: 77708852'
2023-07-26 04:18:36 - b'INFO  localasm/local_assemble.cpp   :  315 - Hash mapper construction time elapsed: 413.625188'
2023-07-26 04:18:36 - b'INFO  sequence/io/sequence_lib.cpp  :  115 - Before reading, sizeof seq_package: 3179969900'
2023-07-26 04:18:47 - b'INFO  sequence/io/sequence_lib.cpp  :  117 - After reading, sizeof seq_package: 3179969900'
2023-07-26 04:18:47 - b'INFO  localasm/local_assemble.cpp   :  324 - Read lib time elapsed: 10.624280'
2023-07-26 04:18:49 - b'INFO  localasm/local_assemble.cpp   :  133 - Lib 0, insert size: 271.00 sd: 92.45'
2023-07-26 04:18:49 - b'INFO  localasm/local_assemble.cpp   :  330 - Insert size estimation time elapsed: 2.132109'
2023-07-26 04:20:16 - b'INFO  localasm/local_assemble.cpp   :  218 - Lib 0: total 96362724 reads, aligned 86904422, added 21645197 reads to local assembly'
2023-07-26 04:20:16 - b'INFO  localasm/local_assemble.cpp   :  338 - Mapping time elapsed: 86.417781'
2023-07-26 04:20:16 - b'INFO  localasm/local_assemble.cpp   :  232 - Minimum number of reads to do local assembly: 5'
2023-07-26 04:25:36 - b'INFO  localasm/local_assemble.cpp   :  346 - Local assembly time elapsed: 319.885537'
2023-07-26 04:25:38 - b'INFO  utils/utils.h                 :  152 - Real: 834.7986\tuser: 36039.3633\tsys: 140.1416\tmaxrss: 5685476'
2023-07-26 04:25:38 - Extract iterative edges from k = 99 to 119 
2023-07-26 04:25:38 - command /mnt/matrix/symbio/software/miniconda3/envs/anvio/bin/megahit_core iterate -c /mnt/qnap/users/diego.franco/tomato_metagenomics/assemblies/T2_FAC_assembly/intermediate_contigs/k99.contigs.fa -b /mnt/qnap/users/diego.franco/tomato_metagenomics/assemblies/T2_FAC_assembly/intermediate_contigs/k99.bubble_seq.fa -t 60 -k 99 -s 20 -o /mnt/qnap/users/diego.franco/tomato_metagenomics/assemblies/T2_FAC_assembly/tmp/k119/119 -r /mnt/qnap/users/diego.franco/tomato_metagenomics/assemblies/T2_FAC_assembly/tmp/reads.lib.bin
2023-07-26 04:25:38 - b'INFO  main_iterate.cpp              :  190 - Selected kmer type size for k: 28'
2023-07-26 04:25:40 - b'INFO  main_iterate.cpp              :  174 - Read 474357 contigs'
2023-07-26 04:25:43 - b'INFO  main_iterate.cpp              :  176 - Number of flank kmers: 933222'
2023-07-26 04:25:43 - b'INFO  main_iterate.cpp              :  174 - Read 316646 contigs'
2023-07-26 04:25:45 - b'INFO  main_iterate.cpp              :  176 - Number of flank kmers: 1556088'
2023-07-26 04:25:46 - b'INFO  main_iterate.cpp              :  174 - Read 99846 contigs'
2023-07-26 04:25:47 - b'INFO  main_iterate.cpp              :  176 - Number of flank kmers: 1701251'
2023-07-26 04:25:47 - b'INFO  main_iterate.cpp              :  123 - Selected kmer type size for next k: 32'
2023-07-26 04:25:47 - b'INFO  main_iterate.cpp              :  138 - Processed: 4194304, aligned: 0. Iterative edges: 0'
2023-07-26 04:25:48 - b'INFO  main_iterate.cpp              :  138 - Processed: 8388608, aligned: 0. Iterative edges: 0'
2023-07-26 04:25:48 - b'INFO  main_iterate.cpp              :  138 - Processed: 12582912, aligned: 0. Iterative edges: 0'
2023-07-26 04:25:48 - b'INFO  main_iterate.cpp              :  138 - Processed: 16777216, aligned: 0. Iterative edges: 0'
2023-07-26 04:25:48 - b'INFO  main_iterate.cpp              :  138 - Processed: 20971520, aligned: 0. Iterative edges: 0'
2023-07-26 04:25:48 - b'INFO  main_iterate.cpp              :  138 - Processed: 25165824, aligned: 0. Iterative edges: 0'
2023-07-26 04:25:48 - b'INFO  main_iterate.cpp              :  138 - Processed: 29360128, aligned: 0. Iterative edges: 0'
2023-07-26 04:25:49 - b'INFO  main_iterate.cpp              :  138 - Processed: 33554432, aligned: 0. Iterative edges: 0'
2023-07-26 04:25:49 - b'INFO  main_iterate.cpp              :  138 - Processed: 37748736, aligned: 0. Iterative edges: 0'
2023-07-26 04:25:49 - b'INFO  main_iterate.cpp              :  138 - Processed: 41943040, aligned: 0. Iterative edges: 0'
2023-07-26 04:25:49 - b'INFO  main_iterate.cpp              :  138 - Processed: 46137344, aligned: 0. Iterative edges: 0'
2023-07-26 04:25:49 - b'INFO  main_iterate.cpp              :  138 - Processed: 50331648, aligned: 0. Iterative edges: 0'
2023-07-26 04:25:49 - b'INFO  main_iterate.cpp              :  138 - Processed: 54525952, aligned: 0. Iterative edges: 0'
2023-07-26 04:25:50 - b'INFO  main_iterate.cpp              :  138 - Processed: 58720256, aligned: 0. Iterative edges: 0'
2023-07-26 04:25:50 - b'INFO  main_iterate.cpp              :  138 - Processed: 62914560, aligned: 0. Iterative edges: 0'
2023-07-26 04:25:50 - b'INFO  main_iterate.cpp              :  138 - Processed: 67108864, aligned: 0. Iterative edges: 0'
2023-07-26 04:25:50 - b'INFO  main_iterate.cpp              :  138 - Processed: 71303168, aligned: 0. Iterative edges: 0'
2023-07-26 04:25:50 - b'INFO  main_iterate.cpp              :  138 - Processed: 75497472, aligned: 0. Iterative edges: 0'
2023-07-26 04:25:50 - b'INFO  main_iterate.cpp              :  138 - Processed: 79691776, aligned: 0. Iterative edges: 0'
2023-07-26 04:25:51 - b'INFO  main_iterate.cpp              :  138 - Processed: 83886080, aligned: 0. Iterative edges: 0'
2023-07-26 04:25:51 - b'INFO  main_iterate.cpp              :  138 - Processed: 88080384, aligned: 0. Iterative edges: 0'
2023-07-26 04:25:51 - b'INFO  main_iterate.cpp              :  138 - Processed: 92274688, aligned: 0. Iterative edges: 0'
2023-07-26 04:25:51 - b'INFO  main_iterate.cpp              :  138 - Processed: 96362724, aligned: 0. Iterative edges: 0'
2023-07-26 04:25:51 - b'INFO  main_iterate.cpp              :  142 - Total: 96362724, aligned: 0. Iterative edges: 0'
2023-07-26 04:25:51 - b'INFO  utils/utils.h                 :  152 - Real: 13.5418\tuser: 291.9701\tsys: 4.9933\tmaxrss: 412648'
2023-07-26 04:25:51 - Build graph for k = 119 
2023-07-26 04:25:51 - command /mnt/matrix/symbio/software/miniconda3/envs/anvio/bin/megahit_core seq2sdbg --host_mem 229404538880 --mem_flag 1 --output_prefix /mnt/qnap/users/diego.franco/tomato_metagenomics/assemblies/T2_FAC_assembly/tmp/k119/119 --num_cpu_threads 60 -k 119 --kmer_from 99 --input_prefix /mnt/qnap/users/diego.franco/tomato_metagenomics/assemblies/T2_FAC_assembly/tmp/k119/119 --addi_contig /mnt/qnap/users/diego.franco/tomato_metagenomics/assemblies/T2_FAC_assembly/intermediate_contigs/k99.addi.fa --local_contig /mnt/qnap/users/diego.franco/tomato_metagenomics/assemblies/T2_FAC_assembly/intermediate_contigs/k99.local.fa --contig /mnt/qnap/users/diego.franco/tomato_metagenomics/assemblies/T2_FAC_assembly/intermediate_contigs/k99.contigs.fa --bubble /mnt/qnap/users/diego.franco/tomato_metagenomics/assemblies/T2_FAC_assembly/intermediate_contigs/k99.bubble_seq.fa
2023-07-26 04:25:51 - b'INFO  sorting/base_engine.cpp       :  148 - Preparing data...'
2023-07-26 04:25:51 - b'INFO  sorting/seq_to_sdbg.cpp       :  369 - Number edges: 0'
2023-07-26 04:25:51 - b'INFO  sorting/seq_to_sdbg.cpp       :  413 - Bases to reserve: 512310868, number contigs: 1933176, number multiplicity: 1933176'
2023-07-26 04:25:51 - b'INFO  sorting/seq_to_sdbg.cpp       :  421 - Before reading, sizeof seq_package: 143543136, multiplicity vector: 1933176'
2023-07-26 04:25:51 - b'INFO  sorting/seq_to_sdbg.cpp       :  428 - Read 0 edges.'
2023-07-26 04:25:51 - b'INFO  sorting/seq_to_sdbg.cpp       :  429 - After reading, sizeof seq_package: 143543136/0/0, multiplicity vector: 0/1933176'
2023-07-26 04:25:55 - b'INFO  sorting/seq_to_sdbg.cpp       :  458 - Read 744086 contigs from /mnt/qnap/users/diego.franco/tomato_metagenomics/assemblies/T2_FAC_assembly/intermediate_contigs/k99.contigs.fa.'
2023-07-26 04:25:55 - b'INFO  sorting/seq_to_sdbg.cpp       :  459 - After reading contigs, sizeof seq_package: 271620856/744086/702097005, multiplicity vector: 744086/1933176'
2023-07-26 04:25:55 - b'INFO  sorting/seq_to_sdbg.cpp       :  470 - Read 95161 contigs from /mnt/qnap/users/diego.franco/tomato_metagenomics/assemblies/T2_FAC_assembly/intermediate_contigs/k99.bubble_seq.fa.'
2023-07-26 04:25:55 - b'INFO  sorting/seq_to_sdbg.cpp       :  471 - After reading contigs, sizeof seq_package: 271620856/839247/782366484, multiplicity vector: 839247/1933176'
2023-07-26 04:25:56 - b'INFO  sorting/seq_to_sdbg.cpp       :  484 - Read 13130 contigs from /mnt/qnap/users/diego.franco/tomato_metagenomics/assemblies/T2_FAC_assembly/intermediate_contigs/k99.addi.fa.'
2023-07-26 04:25:56 - b'INFO  sorting/seq_to_sdbg.cpp       :  485 - After reading contigs, sizeof seq_package: 271620856/852377/821497374, multiplicity vector: 852377/1933176'
2023-07-26 04:25:58 - b'INFO  sorting/seq_to_sdbg.cpp       :  498 - Read 892050 contigs from /mnt/qnap/users/diego.franco/tomato_metagenomics/assemblies/T2_FAC_assembly/intermediate_contigs/k99.local.fa.'
2023-07-26 04:25:58 - b'INFO  sorting/seq_to_sdbg.cpp       :  499 - After reading contigs, sizeof seq_package: 527776296/1744427/1304656714, multiplicity vector: 1744427/1933176'
2023-07-26 04:25:58 - b'INFO  sorting/seq_to_sdbg.cpp       :  506 - Finally, sizeof seq_package: 527776296/1744427/1304656714, multiplicity vector: 1744427/1933176'
2023-07-26 04:25:58 - b'INFO  sorting/base_engine.cpp       :  153 - Preparing data... Done. Time elapsed: 6.6218'
2023-07-26 04:25:58 - b'INFO  sorting/base_engine.cpp       :  156 - Preparing partitions and calculating bucket sizes...'
2023-07-26 04:25:59 - b'INFO  sorting/base_engine.cpp       :   80 - Minimum memory required: 652056868 bytes'
2023-07-26 04:26:00 - b'INFO  sorting/base_engine.cpp       :  138 - Lv1 items: 293482334, Lv2 items: 6045540'
2023-07-26 04:26:00 - b'INFO  sorting/base_engine.cpp       :  139 - Memory of derived class: 541835304, Memory for Lv1+Lv2: 1391568776'
2023-07-26 04:26:00 - b'INFO  sorting/base_engine.cpp       :  165 - Preparing partitions and calculating bucket sizes... Done. Time elapsed: 1.9669'
2023-07-26 04:26:00 - b'INFO  sorting/base_engine.cpp       :  172 - Start main loop...'
2023-07-26 04:26:00 - b'INFO  sorting/base_engine.cpp       :  185 - Lv1 scanning from bucket 0 to 109'
2023-07-26 04:26:01 - b'INFO  sorting/base_engine.cpp       :  192 - Lv1 scanning done. Large diff: 0. Time elapsed: 0.4744'
2023-07-26 04:26:04 - b'INFO  sorting/base_engine.cpp       :  198 - Lv1 fetching & sorting done. Time elapsed: 3.1217'
2023-07-26 04:26:04 - b'INFO  sorting/base_engine.cpp       :  185 - Lv1 scanning from bucket 109 to 845'
2023-07-26 04:26:05 - b'INFO  sorting/base_engine.cpp       :  192 - Lv1 scanning done. Large diff: 0. Time elapsed: 1.0210'
2023-07-26 04:26:12 - b'INFO  sorting/base_engine.cpp       :  198 - Lv1 fetching & sorting done. Time elapsed: 7.0245'
2023-07-26 04:26:12 - b'INFO  sorting/base_engine.cpp       :  185 - Lv1 scanning from bucket 845 to 2667'
2023-07-26 04:26:13 - b'INFO  sorting/base_engine.cpp       :  192 - Lv1 scanning done. Large diff: 0. Time elapsed: 1.0457'
2023-07-26 04:26:24 - b'INFO  sorting/base_engine.cpp       :  198 - Lv1 fetching & sorting done. Time elapsed: 11.1361'
2023-07-26 04:26:24 - b'INFO  sorting/base_engine.cpp       :  185 - Lv1 scanning from bucket 2667 to 5607'
2023-07-26 04:26:25 - b'INFO  sorting/base_engine.cpp       :  192 - Lv1 scanning done. Large diff: 0. Time elapsed: 1.2826'
2023-07-26 04:26:38 - b'INFO  sorting/base_engine.cpp       :  198 - Lv1 fetching & sorting done. Time elapsed: 12.4988'
2023-07-26 04:26:38 - b'INFO  sorting/base_engine.cpp       :  185 - Lv1 scanning from bucket 5607 to 9944'
2023-07-26 04:26:39 - b'INFO  sorting/base_engine.cpp       :  192 - Lv1 scanning done. Large diff: 0. Time elapsed: 0.8936'
2023-07-26 04:26:51 - b'INFO  sorting/base_engine.cpp       :  198 - Lv1 fetching & sorting done. Time elapsed: 11.9796'
2023-07-26 04:26:51 - b'INFO  sorting/base_engine.cpp       :  185 - Lv1 scanning from bucket 9944 to 16117'
2023-07-26 04:26:51 - b'INFO  sorting/base_engine.cpp       :  192 - Lv1 scanning done. Large diff: 0. Time elapsed: 0.8515'
2023-07-26 04:27:06 - b'INFO  sorting/base_engine.cpp       :  198 - Lv1 fetching & sorting done. Time elapsed: 14.1640'
2023-07-26 04:27:06 - b'INFO  sorting/base_engine.cpp       :  185 - Lv1 scanning from bucket 16117 to 25287'
2023-07-26 04:27:07 - b'INFO  sorting/base_engine.cpp       :  192 - Lv1 scanning done. Large diff: 0. Time elapsed: 1.1439'
2023-07-26 04:27:19 - b'INFO  sorting/base_engine.cpp       :  198 - Lv1 fetching & sorting done. Time elapsed: 12.0015'
2023-07-26 04:27:19 - b'INFO  sorting/base_engine.cpp       :  185 - Lv1 scanning from bucket 25287 to 42046'
2023-07-26 04:27:21 - b'INFO  sorting/base_engine.cpp       :  192 - Lv1 scanning done. Large diff: 0. Time elapsed: 2.1347'
2023-07-26 04:27:34 - b'INFO  sorting/base_engine.cpp       :  198 - Lv1 fetching & sorting done. Time elapsed: 13.3245'
2023-07-26 04:27:34 - b'INFO  sorting/base_engine.cpp       :  185 - Lv1 scanning from bucket 42046 to 65536'
2023-07-26 04:27:36 - b'INFO  sorting/base_engine.cpp       :  192 - Lv1 scanning done. Large diff: 0. Time elapsed: 1.4361'
2023-07-26 04:27:41 - b'INFO  sorting/base_engine.cpp       :  198 - Lv1 fetching & sorting done. Time elapsed: 5.3432'
2023-07-26 04:27:41 - b'INFO  sorting/base_engine.cpp       :  204 - Main loop done. Time elapsed: 100.9116'
2023-07-26 04:27:41 - b'INFO  sorting/base_engine.cpp       :  207 - Postprocessing...'
2023-07-26 04:27:49 - b'INFO  sorting/seq_to_sdbg.cpp       :  793 - Number of $ A C G T A- C- G- T-:'
2023-07-26 04:27:49 - b'INFO  sorting/seq_to_sdbg.cpp       :  794 - 1201022 461849592 240855270 240916869 461996753 272341 165997 163666 274435'
2023-07-26 04:27:49 - b'INFO  sorting/seq_to_sdbg.cpp       :  800 - Total number of edges: 1407695945'
2023-07-26 04:27:49 - b'INFO  sorting/seq_to_sdbg.cpp       :  801 - Total number of ONEs: 1405618484'
2023-07-26 04:27:49 - b'INFO  sorting/seq_to_sdbg.cpp       :  802 - Total number of $v edges: 1201022'
2023-07-26 04:27:49 - b'INFO  sorting/base_engine.cpp       :  210 - Postprocess done. Time elapsed: 7.6833'
2023-07-26 04:27:49 - b'INFO  utils/utils.h                 :  152 - Real: 117.4411\tuser: 3785.0715\tsys: 77.0659\tmaxrss: 1850464'
2023-07-26 04:27:49 - Assemble contigs from SdBG for k = 119
2023-07-26 04:27:49 - command /mnt/matrix/symbio/software/miniconda3/envs/anvio/bin/megahit_core assemble -s /mnt/qnap/users/diego.franco/tomato_metagenomics/assemblies/T2_FAC_assembly/tmp/k119/119 -o /mnt/qnap/users/diego.franco/tomato_metagenomics/assemblies/T2_FAC_assembly/intermediate_contigs/k119 -t 60 --min_standalone 1000 --prune_level 2 --merge_len 20 --merge_similar 0.95 --cleaning_rounds 5 --disconnect_ratio 0.1 --low_local_ratio 0.2 --cleaning_rounds 5 --min_depth 2 --bubble_level 2 --max_tip_len -1 --is_final_round
2023-07-26 04:28:39 - b'INFO  main_assemble.cpp             :  129 - Loading succinct de Bruijn graph: /mnt/qnap/users/diego.franco/tomato_metagenomics/assemblies/T2_FAC_assembly/tmp/k119/119Done. Time elapsed: 49.919361'
2023-07-26 04:28:39 - b'INFO  main_assemble.cpp             :  133 - Number of Edges: 1407695945; K value: 119'
2023-07-26 04:28:39 - b'INFO  main_assemble.cpp             :  140 - Number of CPU threads: 60'
2023-07-26 04:28:49 - b'INFO  assembly/sdbg_pruning.cpp     :  160 - Removing tips with length less than 2; Accumulated tips removed: 14634; time elapsed: 1.9887'
2023-07-26 04:28:51 - b'INFO  assembly/sdbg_pruning.cpp     :  160 - Removing tips with length less than 4; Accumulated tips removed: 41978; time elapsed: 1.9354'
2023-07-26 04:28:54 - b'INFO  assembly/sdbg_pruning.cpp     :  160 - Removing tips with length less than 8; Accumulated tips removed: 93074; time elapsed: 3.1314'
2023-07-26 04:29:00 - b'INFO  assembly/sdbg_pruning.cpp     :  160 - Removing tips with length less than 16; Accumulated tips removed: 186932; time elapsed: 5.9392'
2023-07-26 04:29:08 - b'INFO  assembly/sdbg_pruning.cpp     :  160 - Removing tips with length less than 32; Accumulated tips removed: 365056; time elapsed: 8.7031'
2023-07-26 04:29:24 - b'INFO  assembly/sdbg_pruning.cpp     :  160 - Removing tips with length less than 64; Accumulated tips removed: 689774; time elapsed: 15.1544'
2023-07-26 04:29:46 - b'INFO  assembly/sdbg_pruning.cpp     :  160 - Removing tips with length less than 128; Accumulated tips removed: 1058182; time elapsed: 22.3549'
2023-07-26 04:30:13 - b'INFO  assembly/sdbg_pruning.cpp     :  169 - Removing tips with length less than 238; Accumulated tips removed: 1262822; time elapsed: 27.4271'
2023-07-26 04:30:13 - b'INFO  main_assemble.cpp             :  158 - Tips removal done! Time elapsed(sec): 94.360'
2023-07-26 04:32:48 - b'INFO  assembly/unitig_graph.cpp     :   83 - Graph size without loops: 817896, palindrome: 1'
2023-07-26 04:32:50 - b'INFO  main_assemble.cpp             :  166 - unitig graph size: 818013, time for building: 156.155'
2023-07-26 04:32:55 - b'INFO  assembly/contig_stat.h        :   40 - Max: 85285, Min: 120, N50: 3666, number contigs: 818013, number isolated: 133012, number looped: 117, total size: 755528641,'
2023-07-26 04:32:55 - b'INFO  main_assemble.cpp             :  184 - Graph cleaning round 1'
2023-07-26 04:32:56 - b'INFO  main_assemble.cpp             :  200 - Number of bubbles removed: 15203, Time elapsed(sec): 1.064'
2023-07-26 04:32:58 - b'INFO  main_assemble.cpp             :  210 - Number of complex bubbles removed: 10523, Time elapsed(sec): 1.647830'
2023-07-26 04:32:58 - b'INFO  main_assemble.cpp             :  221 - Number unitigs disconnected: 17906, time: 0.555'
2023-07-26 04:32:59 - b'INFO  main_assemble.cpp             :  245 - Unitigs removed in excessive pruning: 1169, time: 0.515'
2023-07-26 04:32:59 - b'INFO  main_assemble.cpp             :  184 - Graph cleaning round 2'
2023-07-26 04:33:02 - b'INFO  main_assemble.cpp             :  192 - Tips removed: 1262, time: 3.074'
2023-07-26 04:33:02 - b'INFO  main_assemble.cpp             :  200 - Number of bubbles removed: 8, Time elapsed(sec): 0.636'
2023-07-26 04:33:03 - b'INFO  main_assemble.cpp             :  210 - Number of complex bubbles removed: 86, Time elapsed(sec): 0.779277'
2023-07-26 04:33:04 - b'INFO  main_assemble.cpp             :  221 - Number unitigs disconnected: 611, time: 0.543'
2023-07-26 04:33:04 - b'INFO  main_assemble.cpp             :  245 - Unitigs removed in excessive pruning: 389, time: 0.482'
2023-07-26 04:33:04 - b'INFO  main_assemble.cpp             :  184 - Graph cleaning round 3'
2023-07-26 04:33:07 - b'INFO  main_assemble.cpp             :  192 - Tips removed: 52, time: 3.027'
2023-07-26 04:33:08 - b'INFO  main_assemble.cpp             :  200 - Number of bubbles removed: 5, Time elapsed(sec): 0.594'
2023-07-26 04:33:09 - b'INFO  main_assemble.cpp             :  210 - Number of complex bubbles removed: 6, Time elapsed(sec): 0.669314'
2023-07-26 04:33:09 - b'INFO  main_assemble.cpp             :  221 - Number unitigs disconnected: 230, time: 0.528'
2023-07-26 04:33:09 - b'INFO  main_assemble.cpp             :  245 - Unitigs removed in excessive pruning: 176, time: 0.448'
2023-07-26 04:33:09 - b'INFO  main_assemble.cpp             :  184 - Graph cleaning round 4'
2023-07-26 04:33:12 - b'INFO  main_assemble.cpp             :  192 - Tips removed: 22, time: 2.865'
2023-07-26 04:33:13 - b'INFO  main_assemble.cpp             :  200 - Number of bubbles removed: 1, Time elapsed(sec): 0.602'
2023-07-26 04:33:14 - b'INFO  main_assemble.cpp             :  210 - Number of complex bubbles removed: 0, Time elapsed(sec): 0.561218'
2023-07-26 04:33:14 - b'INFO  main_assemble.cpp             :  221 - Number unitigs disconnected: 98, time: 0.432'
2023-07-26 04:33:14 - b'INFO  main_assemble.cpp             :  245 - Unitigs removed in excessive pruning: 106, time: 0.373'
2023-07-26 04:33:14 - b'INFO  main_assemble.cpp             :  184 - Graph cleaning round 5'
2023-07-26 04:33:17 - b'INFO  main_assemble.cpp             :  192 - Tips removed: 11, time: 2.307'
2023-07-26 04:33:17 - b'INFO  main_assemble.cpp             :  200 - Number of bubbles removed: 0, Time elapsed(sec): 0.473'
2023-07-26 04:33:18 - b'INFO  main_assemble.cpp             :  210 - Number of complex bubbles removed: 1, Time elapsed(sec): 0.618773'
2023-07-26 04:33:18 - b'INFO  main_assemble.cpp             :  221 - Number unitigs disconnected: 40, time: 0.401'
2023-07-26 04:33:19 - b'INFO  main_assemble.cpp             :  245 - Unitigs removed in excessive pruning: 43, time: 0.400'
2023-07-26 04:33:22 - b'INFO  assembly/contig_stat.h        :   40 - Max: 95493, Min: 120, N50: 4050, number contigs: 716902, number isolated: 140387, number looped: 130, total size: 739589980,'
2023-07-26 04:33:29 - b'INFO  main_assemble.cpp             :  286 - Number of local low depth unitigs removed: 7860, complex bubbles removed: 203, time: 7.246957'
2023-07-26 04:33:33 - b'INFO  assembly/contig_stat.h        :   40 - Max: 95493, Min: 120, N50: 4132, number contigs: 697238, number isolated: 142351, number looped: 130, total size: 736504969,'
2023-07-26 04:34:34 - b'INFO  utils/utils.h                 :  152 - Real: 404.8862\tuser: 12931.4806\tsys: 104.4294\tmaxrss: 3093556'
2023-07-26 04:34:34 - Merging to output final contigs 
2023-07-26 04:34:44 - 141994 contigs, total 569150171 bp, min 1000 bp, max 95493 bp, avg 4008 bp, N50 6262 bp
2023-07-26 04:34:46 - ALL DONE. Time elapsed: 11703.042050 seconds 
