2023-07-26 10:51:32 - MEGAHIT v1.2.9
2023-07-26 10:51:32 - Using megahit_core with POPCNT and BMI2 support
2023-07-26 10:51:32 - Convert reads to binary library
2023-07-26 10:51:32 - command /home/diego.franco/.conda/envs/anvio/bin/megahit_core buildlib /mnt/qnap/users/diego.franco/tomato_metagenomics/assemblies/T3_FOM_assembly/tmp/reads.lib /mnt/qnap/users/diego.franco/tomato_metagenomics/assemblies/T3_FOM_assembly/tmp/reads.lib
2023-07-26 10:54:32 - b'INFO  sequence/io/sequence_lib.cpp  :   75 - Lib 0 (/mnt/qnap/users/diego.franco/tomato_metagenomics/raw_data/T3_FOM_R1.fastq.gz,/mnt/qnap/users/diego.franco/tomato_metagenomics/raw_data/T3_FOM_R2.fastq.gz): pe, 96450352 reads, 100 max length'
2023-07-26 10:54:34 - b'INFO  utils/utils.h                 :  152 - Real: 181.8114\tuser: 69.9257\tsys: 8.0214\tmaxrss: 233856'
2023-07-26 10:54:34 - k-max reset to: 119 
2023-07-26 10:54:34 - Start assembly. Number of CPU threads 60 
2023-07-26 10:54:34 - k list: 21,29,39,59,79,99,119 
2023-07-26 10:54:34 - Memory used: 459313157734
2023-07-26 10:54:34 - Extract solid (k+1)-mers for k = 21 
2023-07-26 10:54:34 - command /home/diego.franco/.conda/envs/anvio/bin/megahit_core count -k 21 -m 2 --host_mem 459313157734 --mem_flag 1 --output_prefix /mnt/qnap/users/diego.franco/tomato_metagenomics/assemblies/T3_FOM_assembly/tmp/k21/21 --num_cpu_threads 60 --read_lib_file /mnt/qnap/users/diego.franco/tomato_metagenomics/assemblies/T3_FOM_assembly/tmp/reads.lib
2023-07-26 10:54:34 - b'INFO  sorting/base_engine.cpp       :  148 - Preparing data...'
2023-07-26 10:54:34 - b'INFO  sequence/io/sequence_lib.cpp  :  115 - Before reading, sizeof seq_package: 3182861624'
2023-07-26 10:54:39 - b'INFO  sequence/io/sequence_lib.cpp  :  117 - After reading, sizeof seq_package: 3182861624'
2023-07-26 10:54:39 - b'INFO  sorting/kmer_counter.cpp      :   76 - 96450352 reads, 100 max read length'
2023-07-26 10:54:39 - b'INFO  sorting/kmer_counter.cpp      :   82 - 2 words per substring, 2 words per edge'
2023-07-26 10:54:39 - b'INFO  sorting/base_engine.cpp       :  153 - Preparing data... Done. Time elapsed: 5.4050'
2023-07-26 10:54:39 - b'INFO  sorting/base_engine.cpp       :  156 - Preparing partitions and calculating bucket sizes...'
2023-07-26 10:54:43 - b'INFO  sorting/base_engine.cpp       :   80 - Minimum memory required: 4408691352 bytes'
2023-07-26 10:54:46 - b'INFO  sorting/base_engine.cpp       :  138 - Lv1 items: 1015943707, Lv2 items: 20927760'
2023-07-26 10:54:46 - b'INFO  sorting/base_engine.cpp       :  139 - Memory of derived class: 4061273584, Memory for Lv1+Lv2: 4398618988'
2023-07-26 10:54:46 - b'INFO  sorting/base_engine.cpp       :  165 - Preparing partitions and calculating bucket sizes... Done. Time elapsed: 6.2970'
2023-07-26 10:54:46 - b'INFO  sorting/base_engine.cpp       :  172 - Start main loop...'
2023-07-26 10:54:46 - b'INFO  sorting/base_engine.cpp       :  185 - Lv1 scanning from bucket 0 to 361'
2023-07-26 10:54:50 - b'INFO  sorting/base_engine.cpp       :  192 - Lv1 scanning done. Large diff: 0. Time elapsed: 3.9368'
2023-07-26 10:55:06 - b'INFO  sorting/base_engine.cpp       :  198 - Lv1 fetching & sorting done. Time elapsed: 16.8621'
2023-07-26 10:55:06 - b'INFO  sorting/base_engine.cpp       :  185 - Lv1 scanning from bucket 361 to 1546'
2023-07-26 10:55:10 - b'INFO  sorting/base_engine.cpp       :  192 - Lv1 scanning done. Large diff: 0. Time elapsed: 3.8582'
2023-07-26 10:55:18 - b'INFO  sorting/base_engine.cpp       :  198 - Lv1 fetching & sorting done. Time elapsed: 7.4793'
2023-07-26 10:55:18 - b'INFO  sorting/base_engine.cpp       :  185 - Lv1 scanning from bucket 1546 to 3652'
2023-07-26 10:55:22 - b'INFO  sorting/base_engine.cpp       :  192 - Lv1 scanning done. Large diff: 0. Time elapsed: 4.0048'
2023-07-26 10:55:26 - b'INFO  sorting/base_engine.cpp       :  198 - Lv1 fetching & sorting done. Time elapsed: 4.2827'
2023-07-26 10:55:26 - b'INFO  sorting/base_engine.cpp       :  185 - Lv1 scanning from bucket 3652 to 6945'
2023-07-26 10:55:30 - b'INFO  sorting/base_engine.cpp       :  192 - Lv1 scanning done. Large diff: 0. Time elapsed: 4.0476'
2023-07-26 10:55:34 - b'INFO  sorting/base_engine.cpp       :  198 - Lv1 fetching & sorting done. Time elapsed: 4.2389'
2023-07-26 10:55:34 - b'INFO  sorting/base_engine.cpp       :  185 - Lv1 scanning from bucket 6945 to 11839'
2023-07-26 10:55:38 - b'INFO  sorting/base_engine.cpp       :  192 - Lv1 scanning done. Large diff: 0. Time elapsed: 4.0802'
2023-07-26 10:55:43 - b'INFO  sorting/base_engine.cpp       :  198 - Lv1 fetching & sorting done. Time elapsed: 4.1610'
2023-07-26 10:55:43 - b'INFO  sorting/base_engine.cpp       :  185 - Lv1 scanning from bucket 11839 to 19183'
2023-07-26 10:55:46 - b'INFO  sorting/base_engine.cpp       :  192 - Lv1 scanning done. Large diff: 0. Time elapsed: 3.6923'
2023-07-26 10:55:51 - b'INFO  sorting/base_engine.cpp       :  198 - Lv1 fetching & sorting done. Time elapsed: 4.6344'
2023-07-26 10:55:51 - b'INFO  sorting/base_engine.cpp       :  185 - Lv1 scanning from bucket 19183 to 31064'
2023-07-26 10:55:55 - b'INFO  sorting/base_engine.cpp       :  192 - Lv1 scanning done. Large diff: 0. Time elapsed: 3.9446'
2023-07-26 10:56:00 - b'INFO  sorting/base_engine.cpp       :  198 - Lv1 fetching & sorting done. Time elapsed: 4.9350'
2023-07-26 10:56:00 - b'INFO  sorting/base_engine.cpp       :  185 - Lv1 scanning from bucket 31064 to 62574'
2023-07-26 10:56:05 - b'INFO  sorting/base_engine.cpp       :  192 - Lv1 scanning done. Large diff: 0. Time elapsed: 5.1255'
2023-07-26 10:56:09 - b'INFO  sorting/base_engine.cpp       :  198 - Lv1 fetching & sorting done. Time elapsed: 4.5578'
2023-07-26 10:56:09 - b'INFO  sorting/base_engine.cpp       :  185 - Lv1 scanning from bucket 62574 to 65536'
2023-07-26 10:56:13 - b'INFO  sorting/base_engine.cpp       :  192 - Lv1 scanning done. Large diff: 0. Time elapsed: 3.3300'
2023-07-26 10:56:13 - b'INFO  sorting/base_engine.cpp       :  198 - Lv1 fetching & sorting done. Time elapsed: 0.0624'
2023-07-26 10:56:13 - b'INFO  sorting/base_engine.cpp       :  204 - Main loop done. Time elapsed: 87.2371'
2023-07-26 10:56:13 - b'INFO  sorting/base_engine.cpp       :  207 - Postprocessing...'
2023-07-26 10:56:13 - b'INFO  sorting/kmer_counter.cpp      :  405 - Total number of candidate reads: 773960 (1669158)'
2023-07-26 10:56:13 - b'INFO  sorting/kmer_counter.cpp      :  407 - Total number of solid edges: 612511945'
2023-07-26 10:56:31 - b'INFO  sorting/base_engine.cpp       :  210 - Postprocess done. Time elapsed: 18.1783'
2023-07-26 10:56:31 - b'INFO  utils/utils.h                 :  152 - Real: 117.5621\tuser: 3956.1051\tsys: 1166.7672\tmaxrss: 7565560'
2023-07-26 10:56:31 - Build graph for k = 21 
2023-07-26 10:56:31 - command /home/diego.franco/.conda/envs/anvio/bin/megahit_core seq2sdbg --host_mem 459313157734 --mem_flag 1 --output_prefix /mnt/qnap/users/diego.franco/tomato_metagenomics/assemblies/T3_FOM_assembly/tmp/k21/21 --num_cpu_threads 60 -k 21 --kmer_from 0 --input_prefix /mnt/qnap/users/diego.franco/tomato_metagenomics/assemblies/T3_FOM_assembly/tmp/k21/21 --need_mercy
2023-07-26 10:56:31 - b'INFO  sorting/base_engine.cpp       :  148 - Preparing data...'
2023-07-26 10:56:32 - b'INFO  sorting/seq_to_sdbg.cpp       :  369 - Number edges: 612511945'
2023-07-26 10:56:32 - b'INFO  sorting/seq_to_sdbg.cpp       :  413 - Bases to reserve: 16844078482, number contigs: 0, number multiplicity: 765639931'
2023-07-26 10:56:32 - b'INFO  sorting/seq_to_sdbg.cpp       :  421 - Before reading, sizeof seq_package: 4211019632, multiplicity vector: 765639931'
2023-07-26 10:56:48 - b'INFO  sorting/seq_to_sdbg.cpp       :  428 - Read 612511945 edges.'
2023-07-26 10:56:48 - b'INFO  sorting/seq_to_sdbg.cpp       :  429 - After reading, sizeof seq_package: 4211019632/612511945/13475262790, multiplicity vector: 612511945/765639931'
2023-07-26 10:56:48 - b'INFO  sorting/seq_to_sdbg.cpp       :  440 - Adding mercy edges...'
2023-07-26 10:56:49 - b'INFO  sorting/seq_to_sdbg.cpp       :  191 - Read 65536 reads to search for mercy k-mers'
2023-07-26 10:56:51 - b'INFO  sorting/seq_to_sdbg.cpp       :  191 - Read 65536 reads to search for mercy k-mers'
2023-07-26 10:56:52 - b'INFO  sorting/seq_to_sdbg.cpp       :  191 - Read 65536 reads to search for mercy k-mers'
2023-07-26 10:56:53 - b'INFO  sorting/seq_to_sdbg.cpp       :  191 - Read 65536 reads to search for mercy k-mers'
2023-07-26 10:56:53 - b'INFO  sorting/seq_to_sdbg.cpp       :  191 - Read 65536 reads to search for mercy k-mers'
2023-07-26 10:56:54 - b'INFO  sorting/seq_to_sdbg.cpp       :  191 - Read 65536 reads to search for mercy k-mers'
2023-07-26 10:56:55 - b'INFO  sorting/seq_to_sdbg.cpp       :  191 - Read 65536 reads to search for mercy k-mers'
2023-07-26 10:56:56 - b'INFO  sorting/seq_to_sdbg.cpp       :  191 - Read 65536 reads to search for mercy k-mers'
2023-07-26 10:56:58 - b'INFO  sorting/seq_to_sdbg.cpp       :  191 - Read 65536 reads to search for mercy k-mers'
2023-07-26 10:56:59 - b'INFO  sorting/seq_to_sdbg.cpp       :  191 - Read 65536 reads to search for mercy k-mers'
2023-07-26 10:57:00 - b'INFO  sorting/seq_to_sdbg.cpp       :  191 - Read 65536 reads to search for mercy k-mers'
2023-07-26 10:57:01 - b'INFO  sorting/seq_to_sdbg.cpp       :  191 - Read 53064 reads to search for mercy k-mers'
2023-07-26 10:57:02 - b'INFO  sorting/seq_to_sdbg.cpp       :  355 - Number of reads: 773960, Number of mercy edges: 5688126'
2023-07-26 10:57:02 - b'INFO  sorting/seq_to_sdbg.cpp       :  444 - Done. Time elapsed: 14.3165'
2023-07-26 10:57:02 - b'INFO  sorting/seq_to_sdbg.cpp       :  445 - After adding mercy, sizeof seq_package: 4211019632/618200071/13600401562, multiplicity vector: 618200071/765639931'
2023-07-26 10:57:02 - b'INFO  sorting/seq_to_sdbg.cpp       :  506 - Finally, sizeof seq_package: 4211019632/618200071/13600401562, multiplicity vector: 618200071/765639931'
2023-07-26 10:57:02 - b'INFO  sorting/base_engine.cpp       :  153 - Preparing data... Done. Time elapsed: 30.4827'
2023-07-26 10:57:02 - b'INFO  sorting/base_engine.cpp       :  156 - Preparing partitions and calculating bucket sizes...'
2023-07-26 10:57:03 - b'INFO  sorting/base_engine.cpp       :   80 - Minimum memory required: 5984328574 bytes'
2023-07-26 10:57:04 - b'INFO  sorting/base_engine.cpp       :  138 - Lv1 items: 494560056, Lv2 items: 10187580'
2023-07-26 10:57:04 - b'INFO  sorting/base_engine.cpp       :  139 - Memory of derived class: 5848552662, Memory for Lv1+Lv2: 2059740864'
2023-07-26 10:57:04 - b'INFO  sorting/base_engine.cpp       :  165 - Preparing partitions and calculating bucket sizes... Done. Time elapsed: 2.1944'
2023-07-26 10:57:04 - b'INFO  sorting/base_engine.cpp       :  172 - Start main loop...'
2023-07-26 10:57:04 - b'INFO  sorting/base_engine.cpp       :  185 - Lv1 scanning from bucket 0 to 846'
2023-07-26 10:57:05 - b'INFO  sorting/base_engine.cpp       :  192 - Lv1 scanning done. Large diff: 0. Time elapsed: 0.8731'
2023-07-26 10:57:07 - b'INFO  sorting/base_engine.cpp       :  198 - Lv1 fetching & sorting done. Time elapsed: 1.9495'
2023-07-26 10:57:07 - b'INFO  sorting/base_engine.cpp       :  185 - Lv1 scanning from bucket 846 to 2866'
2023-07-26 10:57:08 - b'INFO  sorting/base_engine.cpp       :  192 - Lv1 scanning done. Large diff: 0. Time elapsed: 0.5844'
2023-07-26 10:57:09 - b'INFO  sorting/base_engine.cpp       :  198 - Lv1 fetching & sorting done. Time elapsed: 1.6530'
2023-07-26 10:57:09 - b'INFO  sorting/base_engine.cpp       :  185 - Lv1 scanning from bucket 2866 to 5980'
2023-07-26 10:57:10 - b'INFO  sorting/base_engine.cpp       :  192 - Lv1 scanning done. Large diff: 0. Time elapsed: 0.5908'
2023-07-26 10:57:15 - b'INFO  sorting/base_engine.cpp       :  198 - Lv1 fetching & sorting done. Time elapsed: 5.2577'
2023-07-26 10:57:15 - b'INFO  sorting/base_engine.cpp       :  185 - Lv1 scanning from bucket 5980 to 10392'
2023-07-26 10:57:16 - b'INFO  sorting/base_engine.cpp       :  192 - Lv1 scanning done. Large diff: 0. Time elapsed: 0.6063'
2023-07-26 10:57:17 - b'INFO  sorting/base_engine.cpp       :  198 - Lv1 fetching & sorting done. Time elapsed: 1.5700'
2023-07-26 10:57:17 - b'INFO  sorting/base_engine.cpp       :  185 - Lv1 scanning from bucket 10392 to 16517'
2023-07-26 10:57:18 - b'INFO  sorting/base_engine.cpp       :  192 - Lv1 scanning done. Large diff: 0. Time elapsed: 0.6191'
2023-07-26 10:57:19 - b'INFO  sorting/base_engine.cpp       :  198 - Lv1 fetching & sorting done. Time elapsed: 1.5735'
2023-07-26 10:57:19 - b'INFO  sorting/base_engine.cpp       :  185 - Lv1 scanning from bucket 16517 to 25374'
2023-07-26 10:57:20 - b'INFO  sorting/base_engine.cpp       :  192 - Lv1 scanning done. Large diff: 0. Time elapsed: 0.6461'
2023-07-26 10:57:22 - b'INFO  sorting/base_engine.cpp       :  198 - Lv1 fetching & sorting done. Time elapsed: 1.6029'
2023-07-26 10:57:22 - b'INFO  sorting/base_engine.cpp       :  185 - Lv1 scanning from bucket 25374 to 40478'
2023-07-26 10:57:22 - b'INFO  sorting/base_engine.cpp       :  192 - Lv1 scanning done. Large diff: 0. Time elapsed: 0.6816'
2023-07-26 10:57:24 - b'INFO  sorting/base_engine.cpp       :  198 - Lv1 fetching & sorting done. Time elapsed: 1.6241'
2023-07-26 10:57:24 - b'INFO  sorting/base_engine.cpp       :  185 - Lv1 scanning from bucket 40478 to 65536'
2023-07-26 10:57:25 - b'INFO  sorting/base_engine.cpp       :  192 - Lv1 scanning done. Large diff: 0. Time elapsed: 0.5957'
2023-07-26 10:57:26 - b'INFO  sorting/base_engine.cpp       :  198 - Lv1 fetching & sorting done. Time elapsed: 1.0850'
2023-07-26 10:57:26 - b'INFO  sorting/base_engine.cpp       :  204 - Main loop done. Time elapsed: 21.5139'
2023-07-26 10:57:26 - b'INFO  sorting/base_engine.cpp       :  207 - Postprocessing...'
2023-07-26 10:57:51 - b'INFO  sorting/seq_to_sdbg.cpp       :  793 - Number of $ A C G T A- C- G- T-:'
2023-07-26 10:57:51 - b'INFO  sorting/seq_to_sdbg.cpp       :  794 - 1894757 397363813 205096030 205436864 397634147 11070664 5311784 5342768 11036594'
2023-07-26 10:57:51 - b'INFO  sorting/seq_to_sdbg.cpp       :  800 - Total number of edges: 1240187421'
2023-07-26 10:57:51 - b'INFO  sorting/seq_to_sdbg.cpp       :  801 - Total number of ONEs: 1205530854'
2023-07-26 10:57:51 - b'INFO  sorting/seq_to_sdbg.cpp       :  802 - Total number of $v edges: 1894757'
2023-07-26 10:57:51 - b'INFO  sorting/base_engine.cpp       :  210 - Postprocess done. Time elapsed: 25.6805'
2023-07-26 10:57:52 - b'INFO  utils/utils.h                 :  152 - Real: 80.2846\tuser: 1692.9470\tsys: 60.0329\tmaxrss: 6716604'
2023-07-26 10:57:52 - Assemble contigs from SdBG for k = 21
2023-07-26 10:57:52 - command /home/diego.franco/.conda/envs/anvio/bin/megahit_core assemble -s /mnt/qnap/users/diego.franco/tomato_metagenomics/assemblies/T3_FOM_assembly/tmp/k21/21 -o /mnt/qnap/users/diego.franco/tomato_metagenomics/assemblies/T3_FOM_assembly/intermediate_contigs/k21 -t 60 --min_standalone 1000 --prune_level 2 --merge_len 20 --merge_similar 0.95 --cleaning_rounds 5 --disconnect_ratio 0.1 --low_local_ratio 0.2 --cleaning_rounds 5 --min_depth 2 --bubble_level 2 --max_tip_len -1 --careful_bubble
2023-07-26 10:58:10 - b'INFO  main_assemble.cpp             :  129 - Loading succinct de Bruijn graph: /mnt/qnap/users/diego.franco/tomato_metagenomics/assemblies/T3_FOM_assembly/tmp/k21/21Done. Time elapsed: 17.589786'
2023-07-26 10:58:10 - b'INFO  main_assemble.cpp             :  133 - Number of Edges: 1240187421; K value: 21'
2023-07-26 10:58:10 - b'INFO  main_assemble.cpp             :  140 - Number of CPU threads: 60'
2023-07-26 10:58:15 - b'INFO  assembly/sdbg_pruning.cpp     :  160 - Removing tips with length less than 2; Accumulated tips removed: 355994; time elapsed: 0.3845'
2023-07-26 10:58:15 - b'INFO  assembly/sdbg_pruning.cpp     :  160 - Removing tips with length less than 4; Accumulated tips removed: 772137; time elapsed: 0.4031'
2023-07-26 10:58:16 - b'INFO  assembly/sdbg_pruning.cpp     :  160 - Removing tips with length less than 8; Accumulated tips removed: 1247826; time elapsed: 0.5770'
2023-07-26 10:58:16 - b'INFO  assembly/sdbg_pruning.cpp     :  160 - Removing tips with length less than 16; Accumulated tips removed: 1780375; time elapsed: 0.7925'
2023-07-26 10:58:17 - b'INFO  assembly/sdbg_pruning.cpp     :  160 - Removing tips with length less than 32; Accumulated tips removed: 2164090; time elapsed: 0.8937'
2023-07-26 10:58:18 - b'INFO  assembly/sdbg_pruning.cpp     :  169 - Removing tips with length less than 42; Accumulated tips removed: 2235953; time elapsed: 0.7471'
2023-07-26 10:58:18 - b'INFO  main_assemble.cpp             :  158 - Tips removal done! Time elapsed(sec): 8.279'
2023-07-26 10:59:48 - b'INFO  assembly/unitig_graph.cpp     :   83 - Graph size without loops: 38280505, palindrome: 2202'
2023-07-26 11:00:03 - b'INFO  main_assemble.cpp             :  166 - unitig graph size: 38280620, time for building: 104.524'
2023-07-26 11:04:56 - b'INFO  assembly/contig_stat.h        :   40 - Max: 5235, Min: 22, N50: 37, number contigs: 38280620, number isolated: 14033, number looped: 115, total size: 1411926360,'
2023-07-26 11:04:56 - b'INFO  main_assemble.cpp             :  184 - Graph cleaning round 1'
2023-07-26 11:05:06 - b'INFO  main_assemble.cpp             :  200 - Number of bubbles removed: 204291, Time elapsed(sec): 9.270'
2023-07-26 11:05:14 - b'INFO  main_assemble.cpp             :  210 - Number of complex bubbles removed: 49407, Time elapsed(sec): 7.979995'
2023-07-26 11:05:56 - b'INFO  main_assemble.cpp             :  221 - Number unitigs disconnected: 6585172, time: 42.746'
2023-07-26 11:05:59 - b'INFO  main_assemble.cpp             :  245 - Unitigs removed in excessive pruning: 917, time: 2.855'
2023-07-26 11:05:59 - b'INFO  main_assemble.cpp             :  184 - Graph cleaning round 2'
2023-07-26 11:06:26 - b'INFO  main_assemble.cpp             :  192 - Tips removed: 875378, time: 27.028'
2023-07-26 11:06:32 - b'INFO  main_assemble.cpp             :  200 - Number of bubbles removed: 5871, Time elapsed(sec): 5.347'
2023-07-26 11:06:36 - b'INFO  main_assemble.cpp             :  210 - Number of complex bubbles removed: 1563, Time elapsed(sec): 4.777043'
2023-07-26 11:06:41 - b'INFO  main_assemble.cpp             :  221 - Number unitigs disconnected: 20449, time: 4.859'
2023-07-26 11:06:45 - b'INFO  main_assemble.cpp             :  245 - Unitigs removed in excessive pruning: 8, time: 3.279'
2023-07-26 11:06:45 - b'INFO  main_assemble.cpp             :  184 - Graph cleaning round 3'
2023-07-26 11:07:00 - b'INFO  main_assemble.cpp             :  192 - Tips removed: 2314, time: 15.822'
2023-07-26 11:07:05 - b'INFO  main_assemble.cpp             :  200 - Number of bubbles removed: 48, Time elapsed(sec): 4.641'
2023-07-26 11:07:10 - b'INFO  main_assemble.cpp             :  210 - Number of complex bubbles removed: 16, Time elapsed(sec): 5.002195'
2023-07-26 11:07:14 - b'INFO  main_assemble.cpp             :  221 - Number unitigs disconnected: 339, time: 3.859'
2023-07-26 11:07:14 - b'INFO  main_assemble.cpp             :  245 - Unitigs removed in excessive pruning: 0, time: 0.560'
2023-07-26 11:07:14 - b'INFO  main_assemble.cpp             :  184 - Graph cleaning round 4'
2023-07-26 11:07:31 - b'INFO  main_assemble.cpp             :  192 - Tips removed: 44, time: 16.565'
2023-07-26 11:07:36 - b'INFO  main_assemble.cpp             :  200 - Number of bubbles removed: 1, Time elapsed(sec): 4.674'
2023-07-26 11:07:39 - b'INFO  main_assemble.cpp             :  210 - Number of complex bubbles removed: 0, Time elapsed(sec): 3.695359'
2023-07-26 11:07:43 - b'INFO  main_assemble.cpp             :  221 - Number unitigs disconnected: 116, time: 3.804'
2023-07-26 11:07:44 - b'INFO  main_assemble.cpp             :  245 - Unitigs removed in excessive pruning: 0, time: 0.546'
2023-07-26 11:07:44 - b'INFO  main_assemble.cpp             :  184 - Graph cleaning round 5'
2023-07-26 11:07:55 - b'INFO  main_assemble.cpp             :  192 - Tips removed: 1, time: 11.495'
2023-07-26 11:07:58 - b'INFO  main_assemble.cpp             :  200 - Number of bubbles removed: 0, Time elapsed(sec): 3.210'
2023-07-26 11:08:02 - b'INFO  main_assemble.cpp             :  210 - Number of complex bubbles removed: 0, Time elapsed(sec): 3.723096'
2023-07-26 11:08:06 - b'INFO  main_assemble.cpp             :  221 - Number unitigs disconnected: 112, time: 3.889'
2023-07-26 11:08:07 - b'INFO  main_assemble.cpp             :  245 - Unitigs removed in excessive pruning: 0, time: 0.551'
2023-07-26 11:11:51 - b'INFO  assembly/contig_stat.h        :   40 - Max: 18591, Min: 22, N50: 40, number contigs: 32792205, number isolated: 103818, number looped: 74, total size: 1271057837,'
2023-07-26 11:14:24 - b'INFO  main_assemble.cpp             :  267 - Time to output: 153.704730'
2023-07-26 11:19:42 - b'INFO  main_assemble.cpp             :  286 - Number of local low depth unitigs removed: 849866, complex bubbles removed: 4725, time: 317.266181'
2023-07-26 11:23:11 - b'INFO  assembly/contig_stat.h        :   40 - Max: 18591, Min: 22, N50: 41, number contigs: 30735835, number isolated: 118181, number looped: 79, total size: 1215529571,'
2023-07-26 11:23:34 - b'INFO  utils/utils.h                 :  152 - Real: 1542.1580\tuser: 65619.0365\tsys: 371.4899\tmaxrss: 5201536'
2023-07-26 11:23:35 - Local assembly for k = 21
2023-07-26 11:23:35 - command /home/diego.franco/.conda/envs/anvio/bin/megahit_core local -c /mnt/qnap/users/diego.franco/tomato_metagenomics/assemblies/T3_FOM_assembly/intermediate_contigs/k21.contigs.fa -l /mnt/qnap/users/diego.franco/tomato_metagenomics/assemblies/T3_FOM_assembly/tmp/reads.lib -t 60 -o /mnt/qnap/users/diego.franco/tomato_metagenomics/assemblies/T3_FOM_assembly/intermediate_contigs/k21.local.fa --kmax 29
2023-07-26 11:24:58 - b'INFO  localasm/hash_mapper.cpp      :   99 - Number of contigs: 399317, index size: 18172801'
2023-07-26 11:24:58 - b'INFO  localasm/local_assemble.cpp   :  315 - Hash mapper construction time elapsed: 83.377966'
2023-07-26 11:24:58 - b'INFO  sequence/io/sequence_lib.cpp  :  115 - Before reading, sizeof seq_package: 3182861624'
2023-07-26 11:25:03 - b'INFO  sequence/io/sequence_lib.cpp  :  117 - After reading, sizeof seq_package: 3182861624'
2023-07-26 11:25:03 - b'INFO  localasm/local_assemble.cpp   :  324 - Read lib time elapsed: 4.539917'
2023-07-26 11:25:04 - b'INFO  localasm/local_assemble.cpp   :  133 - Lib 0, insert size: 310.00 sd: 80.86'
2023-07-26 11:25:04 - b'INFO  localasm/local_assemble.cpp   :  330 - Insert size estimation time elapsed: 0.973471'
2023-07-26 11:25:13 - b'INFO  localasm/local_assemble.cpp   :  218 - Lib 0: total 96450352 reads, aligned 26808405, added 14459887 reads to local assembly'
2023-07-26 11:25:13 - b'INFO  localasm/local_assemble.cpp   :  338 - Mapping time elapsed: 9.204263'
2023-07-26 11:25:13 - b'INFO  localasm/local_assemble.cpp   :  232 - Minimum number of reads to do local assembly: 5'
2023-07-26 11:25:44 - b'INFO  localasm/local_assemble.cpp   :  346 - Local assembly time elapsed: 31.567871'
2023-07-26 11:25:45 - b'INFO  utils/utils.h                 :  152 - Real: 130.1531\tuser: 6591.7303\tsys: 21.1270\tmaxrss: 3647852'
2023-07-26 11:25:45 - Extract iterative edges from k = 21 to 29 
2023-07-26 11:25:45 - command /home/diego.franco/.conda/envs/anvio/bin/megahit_core iterate -c /mnt/qnap/users/diego.franco/tomato_metagenomics/assemblies/T3_FOM_assembly/intermediate_contigs/k21.contigs.fa -b /mnt/qnap/users/diego.franco/tomato_metagenomics/assemblies/T3_FOM_assembly/intermediate_contigs/k21.bubble_seq.fa -t 60 -k 21 -s 8 -o /mnt/qnap/users/diego.franco/tomato_metagenomics/assemblies/T3_FOM_assembly/tmp/k29/29 -r /mnt/qnap/users/diego.franco/tomato_metagenomics/assemblies/T3_FOM_assembly/tmp/reads.lib.bin
2023-07-26 11:25:45 - b'INFO  main_iterate.cpp              :  190 - Selected kmer type size for k: 8'
2023-07-26 11:25:47 - b'INFO  main_iterate.cpp              :  174 - Read 4194304 contigs'
2023-07-26 11:26:31 - b'INFO  main_iterate.cpp              :  176 - Number of flank kmers: 7395152'
2023-07-26 11:26:31 - b'INFO  main_iterate.cpp              :  174 - Read 4194304 contigs'
2023-07-26 11:27:08 - b'INFO  main_iterate.cpp              :  176 - Number of flank kmers: 14773190'
2023-07-26 11:27:08 - b'INFO  main_iterate.cpp              :  174 - Read 4194304 contigs'
2023-07-26 11:27:39 - b'INFO  main_iterate.cpp              :  176 - Number of flank kmers: 22141062'
2023-07-26 11:27:39 - b'INFO  main_iterate.cpp              :  174 - Read 4194304 contigs'
2023-07-26 11:28:15 - b'INFO  main_iterate.cpp              :  176 - Number of flank kmers: 29496637'
2023-07-26 11:28:15 - b'INFO  main_iterate.cpp              :  174 - Read 4194304 contigs'
2023-07-26 11:28:48 - b'INFO  main_iterate.cpp              :  176 - Number of flank kmers: 36840058'
2023-07-26 11:28:48 - b'INFO  main_iterate.cpp              :  174 - Read 4194304 contigs'
2023-07-26 11:29:57 - b'INFO  main_iterate.cpp              :  176 - Number of flank kmers: 44169869'
2023-07-26 11:29:57 - b'INFO  main_iterate.cpp              :  174 - Read 4194304 contigs'
2023-07-26 11:30:35 - b'INFO  main_iterate.cpp              :  176 - Number of flank kmers: 51494436'
2023-07-26 11:30:35 - b'INFO  main_iterate.cpp              :  174 - Read 3328259 contigs'
2023-07-26 11:31:06 - b'INFO  main_iterate.cpp              :  176 - Number of flank kmers: 57322485'
2023-07-26 11:31:07 - b'INFO  main_iterate.cpp              :  174 - Read 646520 contigs'
2023-07-26 11:31:13 - b'INFO  main_iterate.cpp              :  176 - Number of flank kmers: 58199292'
2023-07-26 11:31:13 - b'INFO  main_iterate.cpp              :  123 - Selected kmer type size for next k: 8'
2023-07-26 11:31:16 - b'INFO  main_iterate.cpp              :  138 - Processed: 4194304, aligned: 2968064. Iterative edges: 50326207'
2023-07-26 11:31:19 - b'INFO  main_iterate.cpp              :  138 - Processed: 8388608, aligned: 5927172. Iterative edges: 83291527'
2023-07-26 11:31:21 - b'INFO  main_iterate.cpp              :  138 - Processed: 12582912, aligned: 8872944. Iterative edges: 106941350'
2023-07-26 11:31:27 - b'INFO  main_iterate.cpp              :  138 - Processed: 16777216, aligned: 11807163. Iterative edges: 124638233'
2023-07-26 11:31:30 - b'INFO  main_iterate.cpp              :  138 - Processed: 20971520, aligned: 14776305. Iterative edges: 139151164'
2023-07-26 11:31:32 - b'INFO  main_iterate.cpp              :  138 - Processed: 25165824, aligned: 17739059. Iterative edges: 150278977'
2023-07-26 11:31:35 - b'INFO  main_iterate.cpp              :  138 - Processed: 29360128, aligned: 20703944. Iterative edges: 158928696'
2023-07-26 11:31:37 - b'INFO  main_iterate.cpp              :  138 - Processed: 33554432, aligned: 23670446. Iterative edges: 165696627'
2023-07-26 11:31:39 - b'INFO  main_iterate.cpp              :  138 - Processed: 37748736, aligned: 26639685. Iterative edges: 171086016'
2023-07-26 11:31:42 - b'INFO  main_iterate.cpp              :  138 - Processed: 41943040, aligned: 29610818. Iterative edges: 175316119'
2023-07-26 11:31:44 - b'INFO  main_iterate.cpp              :  138 - Processed: 46137344, aligned: 32582337. Iterative edges: 178667139'
2023-07-26 11:31:47 - b'INFO  main_iterate.cpp              :  138 - Processed: 50331648, aligned: 35551833. Iterative edges: 181311208'
2023-07-26 11:31:50 - b'INFO  main_iterate.cpp              :  138 - Processed: 54525952, aligned: 38517931. Iterative edges: 183404737'
2023-07-26 11:31:52 - b'INFO  main_iterate.cpp              :  138 - Processed: 58720256, aligned: 41484875. Iterative edges: 185080020'
2023-07-26 11:31:55 - b'INFO  main_iterate.cpp              :  138 - Processed: 62914560, aligned: 44453162. Iterative edges: 186406837'
2023-07-26 11:31:57 - b'INFO  main_iterate.cpp              :  138 - Processed: 67108864, aligned: 47419694. Iterative edges: 187467184'
2023-07-26 11:32:00 - b'INFO  main_iterate.cpp              :  138 - Processed: 71303168, aligned: 50387277. Iterative edges: 188313397'
2023-07-26 11:32:02 - b'INFO  main_iterate.cpp              :  138 - Processed: 75497472, aligned: 53355568. Iterative edges: 188984519'
2023-07-26 11:32:04 - b'INFO  main_iterate.cpp              :  138 - Processed: 79691776, aligned: 56320188. Iterative edges: 189517341'
2023-07-26 11:32:07 - b'INFO  main_iterate.cpp              :  138 - Processed: 83886080, aligned: 59286426. Iterative edges: 189930322'
2023-07-26 11:32:09 - b'INFO  main_iterate.cpp              :  138 - Processed: 88080384, aligned: 62247360. Iterative edges: 190262060'
2023-07-26 11:32:12 - b'INFO  main_iterate.cpp              :  138 - Processed: 92274688, aligned: 65210027. Iterative edges: 190512951'
2023-07-26 11:32:14 - b'INFO  main_iterate.cpp              :  138 - Processed: 96450352, aligned: 68157761. Iterative edges: 190704259'
2023-07-26 11:32:31 - b'INFO  main_iterate.cpp              :  142 - Total: 96450352, aligned: 68157761. Iterative edges: 190704259'
2023-07-26 11:32:51 - b'INFO  utils/utils.h                 :  152 - Real: 425.5990\tuser: 20274.5060\tsys: 87.0019\tmaxrss: 6788280'
2023-07-26 11:32:51 - Build graph for k = 29 
2023-07-26 11:32:51 - command /home/diego.franco/.conda/envs/anvio/bin/megahit_core seq2sdbg --host_mem 459313157734 --mem_flag 1 --output_prefix /mnt/qnap/users/diego.franco/tomato_metagenomics/assemblies/T3_FOM_assembly/tmp/k29/29 --num_cpu_threads 60 -k 29 --kmer_from 21 --input_prefix /mnt/qnap/users/diego.franco/tomato_metagenomics/assemblies/T3_FOM_assembly/tmp/k29/29 --addi_contig /mnt/qnap/users/diego.franco/tomato_metagenomics/assemblies/T3_FOM_assembly/intermediate_contigs/k21.addi.fa --local_contig /mnt/qnap/users/diego.franco/tomato_metagenomics/assemblies/T3_FOM_assembly/intermediate_contigs/k21.local.fa --contig /mnt/qnap/users/diego.franco/tomato_metagenomics/assemblies/T3_FOM_assembly/intermediate_contigs/k21.contigs.fa --bubble /mnt/qnap/users/diego.franco/tomato_metagenomics/assemblies/T3_FOM_assembly/intermediate_contigs/k21.bubble_seq.fa
2023-07-26 11:32:51 - b'INFO  sorting/base_engine.cpp       :  148 - Preparing data...'
2023-07-26 11:32:51 - b'INFO  sorting/seq_to_sdbg.cpp       :  369 - Number edges: 190704259'
2023-07-26 11:32:51 - b'INFO  sorting/seq_to_sdbg.cpp       :  413 - Bases to reserve: 7111343556, number contigs: 35314350, number multiplicity: 226018609'
2023-07-26 11:32:51 - b'INFO  sorting/seq_to_sdbg.cpp       :  421 - Before reading, sizeof seq_package: 2060350700, multiplicity vector: 226018609'
2023-07-26 11:32:55 - b'INFO  sorting/seq_to_sdbg.cpp       :  428 - Read 190704259 edges.'
2023-07-26 11:32:55 - b'INFO  sorting/seq_to_sdbg.cpp       :  429 - After reading, sizeof seq_package: 2060350700/190704259/5721127770, multiplicity vector: 190704259/226018609'
2023-07-26 11:33:02 - b'INFO  sorting/seq_to_sdbg.cpp       :  458 - Read 11747033 contigs from /mnt/qnap/users/diego.franco/tomato_metagenomics/assemblies/T3_FOM_assembly/intermediate_contigs/k21.contigs.fa.'
2023-07-26 11:33:02 - b'INFO  sorting/seq_to_sdbg.cpp       :  459 - After reading contigs, sizeof seq_package: 2060350700/202451292/6492267027, multiplicity vector: 202451292/226018609'
2023-07-26 11:33:03 - b'INFO  sorting/seq_to_sdbg.cpp       :  470 - Read 514737 contigs from /mnt/qnap/users/diego.franco/tomato_metagenomics/assemblies/T3_FOM_assembly/intermediate_contigs/k21.bubble_seq.fa.'
2023-07-26 11:33:03 - b'INFO  sorting/seq_to_sdbg.cpp       :  471 - After reading contigs, sizeof seq_package: 2060350700/202966029/6530358841, multiplicity vector: 202966029/226018609'
2023-07-26 11:33:03 - b'INFO  sorting/seq_to_sdbg.cpp       :  484 - Read 413399 contigs from /mnt/qnap/users/diego.franco/tomato_metagenomics/assemblies/T3_FOM_assembly/intermediate_contigs/k21.addi.fa.'
2023-07-26 11:33:03 - b'INFO  sorting/seq_to_sdbg.cpp       :  485 - After reading contigs, sizeof seq_package: 2060350700/203379428/6553728375, multiplicity vector: 203379428/226018609'
2023-07-26 11:33:04 - b'INFO  sorting/seq_to_sdbg.cpp       :  498 - Read 845024 contigs from /mnt/qnap/users/diego.franco/tomato_metagenomics/assemblies/T3_FOM_assembly/intermediate_contigs/k21.local.fa.'
2023-07-26 11:33:04 - b'INFO  sorting/seq_to_sdbg.cpp       :  499 - After reading contigs, sizeof seq_package: 2060350700/204224452/6978803033, multiplicity vector: 204224452/226018609'
2023-07-26 11:33:04 - b'INFO  sorting/seq_to_sdbg.cpp       :  506 - Finally, sizeof seq_package: 2060350700/204224452/6978803033, multiplicity vector: 204224452/226018609'
2023-07-26 11:33:04 - b'INFO  sorting/base_engine.cpp       :  153 - Preparing data... Done. Time elapsed: 13.2406'
2023-07-26 11:33:04 - b'INFO  sorting/base_engine.cpp       :  156 - Preparing partitions and calculating bucket sizes...'
2023-07-26 11:33:07 - b'INFO  sorting/base_engine.cpp       :   80 - Minimum memory required: 2686633786 bytes'
2023-07-26 11:33:08 - b'INFO  sorting/base_engine.cpp       :  138 - Lv1 items: 390598087, Lv2 items: 8046060'
2023-07-26 11:33:08 - b'INFO  sorting/base_engine.cpp       :  139 - Memory of derived class: 2566909846, Memory for Lv1+Lv2: 1658945068'
2023-07-26 11:33:08 - b'INFO  sorting/base_engine.cpp       :  165 - Preparing partitions and calculating bucket sizes... Done. Time elapsed: 4.0031'
2023-07-26 11:33:08 - b'INFO  sorting/base_engine.cpp       :  172 - Start main loop...'
2023-07-26 11:33:08 - b'INFO  sorting/base_engine.cpp       :  185 - Lv1 scanning from bucket 0 to 585'
2023-07-26 11:33:12 - b'INFO  sorting/base_engine.cpp       :  192 - Lv1 scanning done. Large diff: 0. Time elapsed: 4.0268'
2023-07-26 11:33:21 - b'INFO  sorting/base_engine.cpp       :  198 - Lv1 fetching & sorting done. Time elapsed: 8.5741'
2023-07-26 11:33:21 - b'INFO  sorting/base_engine.cpp       :  185 - Lv1 scanning from bucket 585 to 2356'
2023-07-26 11:33:25 - b'INFO  sorting/base_engine.cpp       :  192 - Lv1 scanning done. Large diff: 0. Time elapsed: 4.8033'
2023-07-26 11:33:29 - b'INFO  sorting/base_engine.cpp       :  198 - Lv1 fetching & sorting done. Time elapsed: 3.4655'
2023-07-26 11:33:29 - b'INFO  sorting/base_engine.cpp       :  185 - Lv1 scanning from bucket 2356 to 5202'
2023-07-26 11:33:34 - b'INFO  sorting/base_engine.cpp       :  192 - Lv1 scanning done. Large diff: 0. Time elapsed: 4.9309'
2023-07-26 11:33:36 - b'INFO  sorting/base_engine.cpp       :  198 - Lv1 fetching & sorting done. Time elapsed: 2.7032'
2023-07-26 11:33:36 - b'INFO  sorting/base_engine.cpp       :  185 - Lv1 scanning from bucket 5202 to 9351'
2023-07-26 11:33:42 - b'INFO  sorting/base_engine.cpp       :  192 - Lv1 scanning done. Large diff: 0. Time elapsed: 5.4930'
2023-07-26 11:33:45 - b'INFO  sorting/base_engine.cpp       :  198 - Lv1 fetching & sorting done. Time elapsed: 2.9702'
2023-07-26 11:33:45 - b'INFO  sorting/base_engine.cpp       :  185 - Lv1 scanning from bucket 9351 to 15105'
2023-07-26 11:33:51 - b'INFO  sorting/base_engine.cpp       :  192 - Lv1 scanning done. Large diff: 0. Time elapsed: 6.1136'
2023-07-26 11:33:53 - b'INFO  sorting/base_engine.cpp       :  198 - Lv1 fetching & sorting done. Time elapsed: 2.4289'
2023-07-26 11:33:53 - b'INFO  sorting/base_engine.cpp       :  185 - Lv1 scanning from bucket 15105 to 23403'
2023-07-26 11:34:00 - b'INFO  sorting/base_engine.cpp       :  192 - Lv1 scanning done. Large diff: 0. Time elapsed: 6.4312'
2023-07-26 11:34:02 - b'INFO  sorting/base_engine.cpp       :  198 - Lv1 fetching & sorting done. Time elapsed: 2.5476'
2023-07-26 11:34:02 - b'INFO  sorting/base_engine.cpp       :  185 - Lv1 scanning from bucket 23403 to 37045'
2023-07-26 11:34:10 - b'INFO  sorting/base_engine.cpp       :  192 - Lv1 scanning done. Large diff: 0. Time elapsed: 7.1202'
2023-07-26 11:34:18 - b'INFO  sorting/base_engine.cpp       :  198 - Lv1 fetching & sorting done. Time elapsed: 8.2054'
2023-07-26 11:34:18 - b'INFO  sorting/base_engine.cpp       :  185 - Lv1 scanning from bucket 37045 to 65536'
2023-07-26 11:34:24 - b'INFO  sorting/base_engine.cpp       :  192 - Lv1 scanning done. Large diff: 0. Time elapsed: 6.4356'
2023-07-26 11:34:26 - b'INFO  sorting/base_engine.cpp       :  198 - Lv1 fetching & sorting done. Time elapsed: 2.2486'
2023-07-26 11:34:26 - b'INFO  sorting/base_engine.cpp       :  204 - Main loop done. Time elapsed: 78.4997'
2023-07-26 11:34:26 - b'INFO  sorting/base_engine.cpp       :  207 - Postprocessing...'
2023-07-26 11:34:39 - b'INFO  sorting/seq_to_sdbg.cpp       :  793 - Number of $ A C G T A- C- G- T-:'
2023-07-26 11:34:39 - b'INFO  sorting/seq_to_sdbg.cpp       :  794 - 7803857 409250860 208528473 208723932 409415439 2773340 1493902 1433047 2778212'
2023-07-26 11:34:39 - b'INFO  sorting/seq_to_sdbg.cpp       :  800 - Total number of edges: 1252201062'
2023-07-26 11:34:39 - b'INFO  sorting/seq_to_sdbg.cpp       :  801 - Total number of ONEs: 1235918704'
2023-07-26 11:34:39 - b'INFO  sorting/seq_to_sdbg.cpp       :  802 - Total number of $v edges: 7803857'
2023-07-26 11:34:39 - b'INFO  sorting/base_engine.cpp       :  210 - Postprocess done. Time elapsed: 12.4732'
2023-07-26 11:34:39 - b'INFO  utils/utils.h                 :  152 - Real: 108.4944\tuser: 1258.1094\tsys: 564.6843\tmaxrss: 3986568'
2023-07-26 11:34:39 - Assemble contigs from SdBG for k = 29
2023-07-26 11:34:39 - command /home/diego.franco/.conda/envs/anvio/bin/megahit_core assemble -s /mnt/qnap/users/diego.franco/tomato_metagenomics/assemblies/T3_FOM_assembly/tmp/k29/29 -o /mnt/qnap/users/diego.franco/tomato_metagenomics/assemblies/T3_FOM_assembly/intermediate_contigs/k29 -t 60 --min_standalone 1000 --prune_level 2 --merge_len 20 --merge_similar 0.95 --cleaning_rounds 5 --disconnect_ratio 0.1 --low_local_ratio 0.2 --cleaning_rounds 5 --min_depth 2 --bubble_level 2 --max_tip_len -1 --careful_bubble
2023-07-26 11:34:57 - b'INFO  main_assemble.cpp             :  129 - Loading succinct de Bruijn graph: /mnt/qnap/users/diego.franco/tomato_metagenomics/assemblies/T3_FOM_assembly/tmp/k29/29Done. Time elapsed: 17.053860'
2023-07-26 11:34:57 - b'INFO  main_assemble.cpp             :  133 - Number of Edges: 1252201062; K value: 29'
2023-07-26 11:34:57 - b'INFO  main_assemble.cpp             :  140 - Number of CPU threads: 60'
2023-07-26 11:35:01 - b'INFO  assembly/sdbg_pruning.cpp     :  160 - Removing tips with length less than 2; Accumulated tips removed: 675452; time elapsed: 0.4922'
2023-07-26 11:35:02 - b'INFO  assembly/sdbg_pruning.cpp     :  160 - Removing tips with length less than 4; Accumulated tips removed: 1592168; time elapsed: 0.7470'
2023-07-26 11:35:04 - b'INFO  assembly/sdbg_pruning.cpp     :  160 - Removing tips with length less than 8; Accumulated tips removed: 2702110; time elapsed: 1.3808'
2023-07-26 11:35:06 - b'INFO  assembly/sdbg_pruning.cpp     :  160 - Removing tips with length less than 16; Accumulated tips removed: 4626351; time elapsed: 2.5952'
2023-07-26 11:35:10 - b'INFO  assembly/sdbg_pruning.cpp     :  160 - Removing tips with length less than 32; Accumulated tips removed: 7128017; time elapsed: 4.1670'
2023-07-26 11:35:15 - b'INFO  assembly/sdbg_pruning.cpp     :  169 - Removing tips with length less than 58; Accumulated tips removed: 8786530; time elapsed: 4.8385'
2023-07-26 11:35:15 - b'INFO  main_assemble.cpp             :  158 - Tips removal done! Time elapsed(sec): 18.723'
2023-07-26 11:35:56 - b'INFO  assembly/unitig_graph.cpp     :   83 - Graph size without loops: 9157260, palindrome: 290'
2023-07-26 11:35:59 - b'INFO  main_assemble.cpp             :  166 - unitig graph size: 9157571, time for building: 43.971'
2023-07-26 11:37:06 - b'INFO  assembly/contig_stat.h        :   40 - Max: 25064, Min: 30, N50: 127, number contigs: 9157571, number isolated: 355266, number looped: 311, total size: 807942282,'
2023-07-26 11:37:06 - b'INFO  main_assemble.cpp             :  184 - Graph cleaning round 1'
2023-07-26 11:37:08 - b'INFO  main_assemble.cpp             :  200 - Number of bubbles removed: 235921, Time elapsed(sec): 2.905'
2023-07-26 11:37:11 - b'INFO  main_assemble.cpp             :  210 - Number of complex bubbles removed: 86992, Time elapsed(sec): 2.435312'
2023-07-26 11:37:32 - b'INFO  main_assemble.cpp             :  221 - Number unitigs disconnected: 5033228, time: 20.774'
2023-07-26 11:37:33 - b'INFO  main_assemble.cpp             :  245 - Unitigs removed in excessive pruning: 268474, time: 0.844'
2023-07-26 11:37:33 - b'INFO  main_assemble.cpp             :  184 - Graph cleaning round 2'
2023-07-26 11:37:35 - b'INFO  main_assemble.cpp             :  192 - Tips removed: 2043915, time: 2.874'
2023-07-26 11:37:36 - b'INFO  main_assemble.cpp             :  200 - Number of bubbles removed: 3055, Time elapsed(sec): 0.411'
2023-07-26 11:37:37 - b'INFO  main_assemble.cpp             :  210 - Number of complex bubbles removed: 5951, Time elapsed(sec): 0.689352'
2023-07-26 11:37:37 - b'INFO  main_assemble.cpp             :  221 - Number unitigs disconnected: 9067, time: 0.358'
2023-07-26 11:37:37 - b'INFO  main_assemble.cpp             :  245 - Unitigs removed in excessive pruning: 2840, time: 0.251'
2023-07-26 11:37:37 - b'INFO  main_assemble.cpp             :  184 - Graph cleaning round 3'
2023-07-26 11:37:38 - b'INFO  main_assemble.cpp             :  192 - Tips removed: 2875, time: 1.192'
2023-07-26 11:37:39 - b'INFO  main_assemble.cpp             :  200 - Number of bubbles removed: 27, Time elapsed(sec): 0.343'
2023-07-26 11:37:39 - b'INFO  main_assemble.cpp             :  210 - Number of complex bubbles removed: 47, Time elapsed(sec): 0.516945'
2023-07-26 11:37:39 - b'INFO  main_assemble.cpp             :  221 - Number unitigs disconnected: 1268, time: 0.311'
2023-07-26 11:37:40 - b'INFO  main_assemble.cpp             :  245 - Unitigs removed in excessive pruning: 617, time: 0.245'
2023-07-26 11:37:40 - b'INFO  main_assemble.cpp             :  184 - Graph cleaning round 4'
2023-07-26 11:37:41 - b'INFO  main_assemble.cpp             :  192 - Tips removed: 273, time: 1.254'
2023-07-26 11:37:41 - b'INFO  main_assemble.cpp             :  200 - Number of bubbles removed: 1, Time elapsed(sec): 0.338'
2023-07-26 11:37:42 - b'INFO  main_assemble.cpp             :  210 - Number of complex bubbles removed: 1, Time elapsed(sec): 0.572324'
2023-07-26 11:37:42 - b'INFO  main_assemble.cpp             :  221 - Number unitigs disconnected: 413, time: 0.355'
2023-07-26 11:37:43 - b'INFO  main_assemble.cpp             :  245 - Unitigs removed in excessive pruning: 212, time: 0.285'
2023-07-26 11:37:43 - b'INFO  main_assemble.cpp             :  184 - Graph cleaning round 5'
2023-07-26 11:37:44 - b'INFO  main_assemble.cpp             :  192 - Tips removed: 80, time: 1.439'
2023-07-26 11:37:44 - b'INFO  main_assemble.cpp             :  200 - Number of bubbles removed: 0, Time elapsed(sec): 0.256'
2023-07-26 11:37:45 - b'INFO  main_assemble.cpp             :  210 - Number of complex bubbles removed: 0, Time elapsed(sec): 0.407199'
2023-07-26 11:37:45 - b'INFO  main_assemble.cpp             :  221 - Number unitigs disconnected: 171, time: 0.368'
2023-07-26 11:37:45 - b'INFO  main_assemble.cpp             :  245 - Unitigs removed in excessive pruning: 96, time: 0.320'
2023-07-26 11:38:09 - b'INFO  assembly/contig_stat.h        :   40 - Max: 52625, Min: 30, N50: 291, number contigs: 3203858, number isolated: 1087695, number looped: 590, total size: 602614388,'
2023-07-26 11:38:19 - b'INFO  main_assemble.cpp             :  267 - Time to output: 10.326690'
2023-07-26 11:38:37 - b'INFO  main_assemble.cpp             :  286 - Number of local low depth unitigs removed: 65826, complex bubbles removed: 1578, time: 17.790237'
2023-07-26 11:38:59 - b'INFO  assembly/contig_stat.h        :   40 - Max: 52625, Min: 30, N50: 303, number contigs: 3056423, number isolated: 1109501, number looped: 631, total size: 596577301,'
2023-07-26 11:39:09 - b'INFO  utils/utils.h                 :  152 - Real: 269.3402\tuser: 13414.2481\tsys: 57.4029\tmaxrss: 3034496'
2023-07-26 11:39:09 - Local assembly for k = 29
2023-07-26 11:39:09 - command /home/diego.franco/.conda/envs/anvio/bin/megahit_core local -c /mnt/qnap/users/diego.franco/tomato_metagenomics/assemblies/T3_FOM_assembly/intermediate_contigs/k29.contigs.fa -l /mnt/qnap/users/diego.franco/tomato_metagenomics/assemblies/T3_FOM_assembly/tmp/reads.lib -t 60 -o /mnt/qnap/users/diego.franco/tomato_metagenomics/assemblies/T3_FOM_assembly/intermediate_contigs/k29.local.fa --kmax 39
2023-07-26 11:43:05 - b'INFO  localasm/hash_mapper.cpp      :   99 - Number of contigs: 590181, index size: 42917810'
2023-07-26 11:43:05 - b'INFO  localasm/local_assemble.cpp   :  315 - Hash mapper construction time elapsed: 235.592994'
2023-07-26 11:43:05 - b'INFO  sequence/io/sequence_lib.cpp  :  115 - Before reading, sizeof seq_package: 3182861624'
2023-07-26 11:43:09 - b'INFO  sequence/io/sequence_lib.cpp  :  117 - After reading, sizeof seq_package: 3182861624'
2023-07-26 11:43:09 - b'INFO  localasm/local_assemble.cpp   :  324 - Read lib time elapsed: 4.268608'
2023-07-26 11:43:10 - b'INFO  localasm/local_assemble.cpp   :  133 - Lib 0, insert size: 314.00 sd: 80.69'
2023-07-26 11:43:10 - b'INFO  localasm/local_assemble.cpp   :  330 - Insert size estimation time elapsed: 0.925773'
2023-07-26 11:43:26 - b'INFO  localasm/local_assemble.cpp   :  218 - Lib 0: total 96450352 reads, aligned 49806562, added 19072932 reads to local assembly'
2023-07-26 11:43:26 - b'INFO  localasm/local_assemble.cpp   :  338 - Mapping time elapsed: 16.059583'
2023-07-26 11:43:26 - b'INFO  localasm/local_assemble.cpp   :  232 - Minimum number of reads to do local assembly: 5'
2023-07-26 11:44:32 - b'INFO  localasm/local_assemble.cpp   :  346 - Local assembly time elapsed: 65.900010'
2023-07-26 11:44:32 - b'INFO  utils/utils.h                 :  152 - Real: 323.2466\tuser: 17878.7431\tsys: 71.2913\tmaxrss: 4602324'
2023-07-26 11:44:32 - Extract iterative edges from k = 29 to 39 
2023-07-26 11:44:32 - command /home/diego.franco/.conda/envs/anvio/bin/megahit_core iterate -c /mnt/qnap/users/diego.franco/tomato_metagenomics/assemblies/T3_FOM_assembly/intermediate_contigs/k29.contigs.fa -b /mnt/qnap/users/diego.franco/tomato_metagenomics/assemblies/T3_FOM_assembly/intermediate_contigs/k29.bubble_seq.fa -t 60 -k 29 -s 10 -o /mnt/qnap/users/diego.franco/tomato_metagenomics/assemblies/T3_FOM_assembly/tmp/k39/39 -r /mnt/qnap/users/diego.franco/tomato_metagenomics/assemblies/T3_FOM_assembly/tmp/reads.lib.bin
2023-07-26 11:44:32 - b'INFO  main_iterate.cpp              :  190 - Selected kmer type size for k: 8'
2023-07-26 11:44:33 - b'INFO  main_iterate.cpp              :  174 - Read 1245055 contigs'
2023-07-26 11:44:46 - b'INFO  main_iterate.cpp              :  176 - Number of flank kmers: 2444524'
2023-07-26 11:44:46 - b'INFO  main_iterate.cpp              :  174 - Read 871108 contigs'
2023-07-26 11:44:55 - b'INFO  main_iterate.cpp              :  176 - Number of flank kmers: 4145411'
2023-07-26 11:44:56 - b'INFO  main_iterate.cpp              :  174 - Read 627771 contigs'
2023-07-26 11:45:02 - b'INFO  main_iterate.cpp              :  176 - Number of flank kmers: 5113308'
2023-07-26 11:45:02 - b'INFO  main_iterate.cpp              :  123 - Selected kmer type size for next k: 12'
2023-07-26 11:45:03 - b'INFO  main_iterate.cpp              :  138 - Processed: 4194304, aligned: 633149. Iterative edges: 4287930'
2023-07-26 11:45:04 - b'INFO  main_iterate.cpp              :  138 - Processed: 8388608, aligned: 1257327. Iterative edges: 7256316'
2023-07-26 11:45:04 - b'INFO  main_iterate.cpp              :  138 - Processed: 12582912, aligned: 1861070. Iterative edges: 9496989'
2023-07-26 11:45:05 - b'INFO  main_iterate.cpp              :  138 - Processed: 16777216, aligned: 2452742. Iterative edges: 11247275'
2023-07-26 11:45:05 - b'INFO  main_iterate.cpp              :  138 - Processed: 20971520, aligned: 3085383. Iterative edges: 12774200'
2023-07-26 11:45:06 - b'INFO  main_iterate.cpp              :  138 - Processed: 25165824, aligned: 3713929. Iterative edges: 14001596'
2023-07-26 11:45:07 - b'INFO  main_iterate.cpp              :  138 - Processed: 29360128, aligned: 4342500. Iterative edges: 14998676'
2023-07-26 11:45:07 - b'INFO  main_iterate.cpp              :  138 - Processed: 33554432, aligned: 4972316. Iterative edges: 15811956'
2023-07-26 11:45:08 - b'INFO  main_iterate.cpp              :  138 - Processed: 37748736, aligned: 5609480. Iterative edges: 16491484'
2023-07-26 11:45:08 - b'INFO  main_iterate.cpp              :  138 - Processed: 41943040, aligned: 6246221. Iterative edges: 17053587'
2023-07-26 11:45:09 - b'INFO  main_iterate.cpp              :  138 - Processed: 46137344, aligned: 6885522. Iterative edges: 17518819'
2023-07-26 11:45:10 - b'INFO  main_iterate.cpp              :  138 - Processed: 50331648, aligned: 7527569. Iterative edges: 17897891'
2023-07-26 11:45:10 - b'INFO  main_iterate.cpp              :  138 - Processed: 54525952, aligned: 8171299. Iterative edges: 18214868'
2023-07-26 11:45:11 - b'INFO  main_iterate.cpp              :  138 - Processed: 58720256, aligned: 8813260. Iterative edges: 18482664'
2023-07-26 11:45:11 - b'INFO  main_iterate.cpp              :  138 - Processed: 62914560, aligned: 9457531. Iterative edges: 18705986'
2023-07-26 11:45:12 - b'INFO  main_iterate.cpp              :  138 - Processed: 67108864, aligned: 10100833. Iterative edges: 18893951'
2023-07-26 11:45:13 - b'INFO  main_iterate.cpp              :  138 - Processed: 71303168, aligned: 10742448. Iterative edges: 19053607'
2023-07-26 11:45:13 - b'INFO  main_iterate.cpp              :  138 - Processed: 75497472, aligned: 11385170. Iterative edges: 19189687'
2023-07-26 11:45:14 - b'INFO  main_iterate.cpp              :  138 - Processed: 79691776, aligned: 12026825. Iterative edges: 19302870'
2023-07-26 11:45:14 - b'INFO  main_iterate.cpp              :  138 - Processed: 83886080, aligned: 12667659. Iterative edges: 19399483'
2023-07-26 11:45:15 - b'INFO  main_iterate.cpp              :  138 - Processed: 88080384, aligned: 13303936. Iterative edges: 19482415'
2023-07-26 11:45:15 - b'INFO  main_iterate.cpp              :  138 - Processed: 92274688, aligned: 13943924. Iterative edges: 19554133'
2023-07-26 11:45:16 - b'INFO  main_iterate.cpp              :  138 - Processed: 96450352, aligned: 14578857. Iterative edges: 19617411'
2023-07-26 11:45:20 - b'INFO  main_iterate.cpp              :  142 - Total: 96450352, aligned: 14578857. Iterative edges: 19617411'
2023-07-26 11:45:20 - b'INFO  utils/utils.h                 :  152 - Real: 47.9371\tuser: 2300.1910\tsys: 12.7786\tmaxrss: 1081636'
2023-07-26 11:45:20 - Build graph for k = 39 
2023-07-26 11:45:20 - command /home/diego.franco/.conda/envs/anvio/bin/megahit_core seq2sdbg --host_mem 459313157734 --mem_flag 1 --output_prefix /mnt/qnap/users/diego.franco/tomato_metagenomics/assemblies/T3_FOM_assembly/tmp/k39/39 --num_cpu_threads 60 -k 39 --kmer_from 29 --input_prefix /mnt/qnap/users/diego.franco/tomato_metagenomics/assemblies/T3_FOM_assembly/tmp/k39/39 --addi_contig /mnt/qnap/users/diego.franco/tomato_metagenomics/assemblies/T3_FOM_assembly/intermediate_contigs/k29.addi.fa --local_contig /mnt/qnap/users/diego.franco/tomato_metagenomics/assemblies/T3_FOM_assembly/intermediate_contigs/k29.local.fa --contig /mnt/qnap/users/diego.franco/tomato_metagenomics/assemblies/T3_FOM_assembly/intermediate_contigs/k29.contigs.fa --bubble /mnt/qnap/users/diego.franco/tomato_metagenomics/assemblies/T3_FOM_assembly/intermediate_contigs/k29.bubble_seq.fa
2023-07-26 11:45:20 - b'INFO  sorting/base_engine.cpp       :  148 - Preparing data...'
2023-07-26 11:45:20 - b'INFO  sorting/seq_to_sdbg.cpp       :  369 - Number edges: 19617411'
2023-07-26 11:45:20 - b'INFO  sorting/seq_to_sdbg.cpp       :  413 - Bases to reserve: 1536302149, number contigs: 5181613, number multiplicity: 24799024'
2023-07-26 11:45:20 - b'INFO  sorting/seq_to_sdbg.cpp       :  421 - Before reading, sizeof seq_package: 425528452, multiplicity vector: 24799024'
2023-07-26 11:45:21 - b'INFO  sorting/seq_to_sdbg.cpp       :  428 - Read 19617411 edges.'
2023-07-26 11:45:21 - b'INFO  sorting/seq_to_sdbg.cpp       :  429 - After reading, sizeof seq_package: 425528452/19617411/784696440, multiplicity vector: 19617411/24799024'
2023-07-26 11:45:23 - b'INFO  sorting/seq_to_sdbg.cpp       :  458 - Read 2881943 contigs from /mnt/qnap/users/diego.franco/tomato_metagenomics/assemblies/T3_FOM_assembly/intermediate_contigs/k29.contigs.fa.'
2023-07-26 11:45:23 - b'INFO  sorting/seq_to_sdbg.cpp       :  459 - After reading contigs, sizeof seq_package: 425528452/22499354/1376721673, multiplicity vector: 22499354/24799024'
2023-07-26 11:45:23 - b'INFO  sorting/seq_to_sdbg.cpp       :  470 - Read 535886 contigs from /mnt/qnap/users/diego.franco/tomato_metagenomics/assemblies/T3_FOM_assembly/intermediate_contigs/k29.bubble_seq.fa.'
2023-07-26 11:45:23 - b'INFO  sorting/seq_to_sdbg.cpp       :  471 - After reading contigs, sizeof seq_package: 425528452/23035240/1470993481, multiplicity vector: 23035240/24799024'
2023-07-26 11:45:23 - b'INFO  sorting/seq_to_sdbg.cpp       :  484 - Read 59200 contigs from /mnt/qnap/users/diego.franco/tomato_metagenomics/assemblies/T3_FOM_assembly/intermediate_contigs/k29.addi.fa.'
2023-07-26 11:45:23 - b'INFO  sorting/seq_to_sdbg.cpp       :  485 - After reading contigs, sizeof seq_package: 425528452/23094440/1503298138, multiplicity vector: 23094440/24799024'
2023-07-26 11:45:25 - b'INFO  sorting/seq_to_sdbg.cpp       :  498 - Read 1289053 contigs from /mnt/qnap/users/diego.franco/tomato_metagenomics/assemblies/T3_FOM_assembly/intermediate_contigs/k29.local.fa.'
2023-07-26 11:45:25 - b'INFO  sorting/seq_to_sdbg.cpp       :  499 - After reading contigs, sizeof seq_package: 809603992/24383493/2145912167, multiplicity vector: 24383493/24799024'
2023-07-26 11:45:25 - b'INFO  sorting/seq_to_sdbg.cpp       :  506 - Finally, sizeof seq_package: 809603992/24383493/2145912167, multiplicity vector: 24383493/24799024'
2023-07-26 11:45:25 - b'INFO  sorting/base_engine.cpp       :  153 - Preparing data... Done. Time elapsed: 4.6830'
2023-07-26 11:45:25 - b'INFO  sorting/base_engine.cpp       :  156 - Preparing partitions and calculating bucket sizes...'
2023-07-26 11:45:27 - b'INFO  sorting/base_engine.cpp       :   80 - Minimum memory required: 981595884 bytes'
2023-07-26 11:45:27 - b'INFO  sorting/base_engine.cpp       :  138 - Lv1 items: 331659446, Lv2 items: 6831960'
2023-07-26 11:45:27 - b'INFO  sorting/base_engine.cpp       :  139 - Memory of derived class: 875967008, Memory for Lv1+Lv2: 1435949144'
2023-07-26 11:45:27 - b'INFO  sorting/base_engine.cpp       :  165 - Preparing partitions and calculating bucket sizes... Done. Time elapsed: 2.3055'
2023-07-26 11:45:27 - b'INFO  sorting/base_engine.cpp       :  172 - Start main loop...'
2023-07-26 11:45:27 - b'INFO  sorting/base_engine.cpp       :  185 - Lv1 scanning from bucket 0 to 426'
2023-07-26 11:45:29 - b'INFO  sorting/base_engine.cpp       :  192 - Lv1 scanning done. Large diff: 0. Time elapsed: 1.3896'
2023-07-26 11:45:31 - b'INFO  sorting/base_engine.cpp       :  198 - Lv1 fetching & sorting done. Time elapsed: 2.3017'
2023-07-26 11:45:31 - b'INFO  sorting/base_engine.cpp       :  185 - Lv1 scanning from bucket 426 to 1908'
2023-07-26 11:45:33 - b'INFO  sorting/base_engine.cpp       :  192 - Lv1 scanning done. Large diff: 0. Time elapsed: 1.7621'
2023-07-26 11:45:34 - b'INFO  sorting/base_engine.cpp       :  198 - Lv1 fetching & sorting done. Time elapsed: 1.5809'
2023-07-26 11:45:34 - b'INFO  sorting/base_engine.cpp       :  185 - Lv1 scanning from bucket 1908 to 4409'
2023-07-26 11:45:37 - b'INFO  sorting/base_engine.cpp       :  192 - Lv1 scanning done. Large diff: 0. Time elapsed: 2.3027'
2023-07-26 11:45:43 - b'INFO  sorting/base_engine.cpp       :  198 - Lv1 fetching & sorting done. Time elapsed: 6.2007'
2023-07-26 11:45:43 - b'INFO  sorting/base_engine.cpp       :  185 - Lv1 scanning from bucket 4409 to 8171'
2023-07-26 11:45:45 - b'INFO  sorting/base_engine.cpp       :  192 - Lv1 scanning done. Large diff: 0. Time elapsed: 2.1311'
2023-07-26 11:45:47 - b'INFO  sorting/base_engine.cpp       :  198 - Lv1 fetching & sorting done. Time elapsed: 2.0315'
2023-07-26 11:45:47 - b'INFO  sorting/base_engine.cpp       :  185 - Lv1 scanning from bucket 8171 to 13463'
2023-07-26 11:45:49 - b'INFO  sorting/base_engine.cpp       :  192 - Lv1 scanning done. Large diff: 0. Time elapsed: 2.4225'
2023-07-26 11:45:52 - b'INFO  sorting/base_engine.cpp       :  198 - Lv1 fetching & sorting done. Time elapsed: 2.0448'
2023-07-26 11:45:52 - b'INFO  sorting/base_engine.cpp       :  185 - Lv1 scanning from bucket 13463 to 21193'
2023-07-26 11:45:54 - b'INFO  sorting/base_engine.cpp       :  192 - Lv1 scanning done. Large diff: 0. Time elapsed: 2.9621'
2023-07-26 11:45:57 - b'INFO  sorting/base_engine.cpp       :  198 - Lv1 fetching & sorting done. Time elapsed: 2.1435'
2023-07-26 11:45:57 - b'INFO  sorting/base_engine.cpp       :  185 - Lv1 scanning from bucket 21193 to 33679'
2023-07-26 11:45:59 - b'INFO  sorting/base_engine.cpp       :  192 - Lv1 scanning done. Large diff: 0. Time elapsed: 2.5225'
2023-07-26 11:46:02 - b'INFO  sorting/base_engine.cpp       :  198 - Lv1 fetching & sorting done. Time elapsed: 2.7815'
2023-07-26 11:46:02 - b'INFO  sorting/base_engine.cpp       :  185 - Lv1 scanning from bucket 33679 to 65536'
2023-07-26 11:46:04 - b'INFO  sorting/base_engine.cpp       :  192 - Lv1 scanning done. Large diff: 0. Time elapsed: 2.3395'
2023-07-26 11:46:09 - b'INFO  sorting/base_engine.cpp       :  198 - Lv1 fetching & sorting done. Time elapsed: 4.3782'
2023-07-26 11:46:09 - b'INFO  sorting/base_engine.cpp       :  204 - Main loop done. Time elapsed: 41.2966'
2023-07-26 11:46:09 - b'INFO  sorting/base_engine.cpp       :  207 - Postprocessing...'
2023-07-26 11:46:20 - b'INFO  sorting/seq_to_sdbg.cpp       :  793 - Number of $ A C G T A- C- G- T-:'
2023-07-26 11:46:20 - b'INFO  sorting/seq_to_sdbg.cpp       :  794 - 2774685 370545367 185545991 185403852 370522086 615302 298288 295552 612817'
2023-07-26 11:46:20 - b'INFO  sorting/seq_to_sdbg.cpp       :  800 - Total number of edges: 1116613940'
2023-07-26 11:46:20 - b'INFO  sorting/seq_to_sdbg.cpp       :  801 - Total number of ONEs: 1112017296'
2023-07-26 11:46:20 - b'INFO  sorting/seq_to_sdbg.cpp       :  802 - Total number of $v edges: 2774685'
2023-07-26 11:46:20 - b'INFO  sorting/base_engine.cpp       :  210 - Postprocess done. Time elapsed: 11.2362'
2023-07-26 11:46:20 - b'INFO  utils/utils.h                 :  152 - Real: 59.6449\tuser: 1014.8702\tsys: 148.5077\tmaxrss: 2170288'
2023-07-26 11:46:20 - Assemble contigs from SdBG for k = 39
2023-07-26 11:46:20 - command /home/diego.franco/.conda/envs/anvio/bin/megahit_core assemble -s /mnt/qnap/users/diego.franco/tomato_metagenomics/assemblies/T3_FOM_assembly/tmp/k39/39 -o /mnt/qnap/users/diego.franco/tomato_metagenomics/assemblies/T3_FOM_assembly/intermediate_contigs/k39 -t 60 --min_standalone 1000 --prune_level 2 --merge_len 20 --merge_similar 0.95 --cleaning_rounds 5 --disconnect_ratio 0.1 --low_local_ratio 0.2 --cleaning_rounds 5 --min_depth 2 --bubble_level 2 --max_tip_len -1 --careful_bubble
2023-07-26 11:46:35 - b'INFO  main_assemble.cpp             :  129 - Loading succinct de Bruijn graph: /mnt/qnap/users/diego.franco/tomato_metagenomics/assemblies/T3_FOM_assembly/tmp/k39/39Done. Time elapsed: 14.833367'
2023-07-26 11:46:35 - b'INFO  main_assemble.cpp             :  133 - Number of Edges: 1116613940; K value: 39'
2023-07-26 11:46:35 - b'INFO  main_assemble.cpp             :  140 - Number of CPU threads: 60'
2023-07-26 11:46:39 - b'INFO  assembly/sdbg_pruning.cpp     :  160 - Removing tips with length less than 2; Accumulated tips removed: 43844; time elapsed: 0.3748'
2023-07-26 11:46:40 - b'INFO  assembly/sdbg_pruning.cpp     :  160 - Removing tips with length less than 4; Accumulated tips removed: 106686; time elapsed: 0.4627'
2023-07-26 11:46:41 - b'INFO  assembly/sdbg_pruning.cpp     :  160 - Removing tips with length less than 8; Accumulated tips removed: 189957; time elapsed: 0.8152'
2023-07-26 11:46:42 - b'INFO  assembly/sdbg_pruning.cpp     :  160 - Removing tips with length less than 16; Accumulated tips removed: 308376; time elapsed: 1.5269'
2023-07-26 11:46:45 - b'INFO  assembly/sdbg_pruning.cpp     :  160 - Removing tips with length less than 32; Accumulated tips removed: 779093; time elapsed: 2.8234'
2023-07-26 11:46:50 - b'INFO  assembly/sdbg_pruning.cpp     :  160 - Removing tips with length less than 64; Accumulated tips removed: 1748375; time elapsed: 4.7361'
2023-07-26 11:46:54 - b'INFO  assembly/sdbg_pruning.cpp     :  169 - Removing tips with length less than 78; Accumulated tips removed: 2079144; time elapsed: 4.1672'
2023-07-26 11:46:54 - b'INFO  main_assemble.cpp             :  158 - Tips removal done! Time elapsed(sec): 18.992'
2023-07-26 11:47:22 - b'INFO  assembly/unitig_graph.cpp     :   83 - Graph size without loops: 2555261, palindrome: 96'
2023-07-26 11:47:23 - b'INFO  main_assemble.cpp             :  166 - unitig graph size: 2555979, time for building: 29.276'
2023-07-26 11:47:45 - b'INFO  assembly/contig_stat.h        :   40 - Max: 101597, Min: 40, N50: 574, number contigs: 2555979, number isolated: 377350, number looped: 718, total size: 614190748,'
2023-07-26 11:47:45 - b'INFO  main_assemble.cpp             :  184 - Graph cleaning round 1'
2023-07-26 11:47:46 - b'INFO  main_assemble.cpp             :  200 - Number of bubbles removed: 151951, Time elapsed(sec): 1.686'
2023-07-26 11:47:48 - b'INFO  main_assemble.cpp             :  210 - Number of complex bubbles removed: 66750, Time elapsed(sec): 1.397065'
2023-07-26 11:47:48 - b'INFO  main_assemble.cpp             :  221 - Number unitigs disconnected: 86252, time: 0.644'
2023-07-26 11:47:49 - b'INFO  main_assemble.cpp             :  245 - Unitigs removed in excessive pruning: 9389, time: 0.257'
2023-07-26 11:47:49 - b'INFO  main_assemble.cpp             :  184 - Graph cleaning round 2'
2023-07-26 11:47:49 - b'INFO  main_assemble.cpp             :  192 - Tips removed: 20270, time: 0.904'
2023-07-26 11:47:50 - b'INFO  main_assemble.cpp             :  200 - Number of bubbles removed: 899, Time elapsed(sec): 0.228'
2023-07-26 11:47:50 - b'INFO  main_assemble.cpp             :  210 - Number of complex bubbles removed: 1652, Time elapsed(sec): 0.367629'
2023-07-26 11:47:50 - b'INFO  main_assemble.cpp             :  221 - Number unitigs disconnected: 2763, time: 0.191'
2023-07-26 11:47:50 - b'INFO  main_assemble.cpp             :  245 - Unitigs removed in excessive pruning: 1362, time: 0.149'
2023-07-26 11:47:50 - b'INFO  main_assemble.cpp             :  184 - Graph cleaning round 3'
2023-07-26 11:47:51 - b'INFO  main_assemble.cpp             :  192 - Tips removed: 473, time: 0.924'
2023-07-26 11:47:52 - b'INFO  main_assemble.cpp             :  200 - Number of bubbles removed: 17, Time elapsed(sec): 0.209'
2023-07-26 11:47:52 - b'INFO  main_assemble.cpp             :  210 - Number of complex bubbles removed: 23, Time elapsed(sec): 0.337154'
2023-07-26 11:47:52 - b'INFO  main_assemble.cpp             :  221 - Number unitigs disconnected: 806, time: 0.187'
2023-07-26 11:47:52 - b'INFO  main_assemble.cpp             :  245 - Unitigs removed in excessive pruning: 544, time: 0.145'
2023-07-26 11:47:52 - b'INFO  main_assemble.cpp             :  184 - Graph cleaning round 4'
2023-07-26 11:47:53 - b'INFO  main_assemble.cpp             :  192 - Tips removed: 121, time: 0.883'
2023-07-26 11:47:53 - b'INFO  main_assemble.cpp             :  200 - Number of bubbles removed: 1, Time elapsed(sec): 0.188'
2023-07-26 11:47:54 - b'INFO  main_assemble.cpp             :  210 - Number of complex bubbles removed: 0, Time elapsed(sec): 0.256931'
2023-07-26 11:47:54 - b'INFO  main_assemble.cpp             :  221 - Number unitigs disconnected: 346, time: 0.179'
2023-07-26 11:47:54 - b'INFO  main_assemble.cpp             :  245 - Unitigs removed in excessive pruning: 231, time: 0.136'
2023-07-26 11:47:54 - b'INFO  main_assemble.cpp             :  184 - Graph cleaning round 5'
2023-07-26 11:47:55 - b'INFO  main_assemble.cpp             :  192 - Tips removed: 53, time: 0.752'
2023-07-26 11:47:55 - b'INFO  main_assemble.cpp             :  200 - Number of bubbles removed: 0, Time elapsed(sec): 0.142'
2023-07-26 11:47:55 - b'INFO  main_assemble.cpp             :  210 - Number of complex bubbles removed: 0, Time elapsed(sec): 0.244188'
2023-07-26 11:47:55 - b'INFO  main_assemble.cpp             :  221 - Number unitigs disconnected: 150, time: 0.186'
2023-07-26 11:47:55 - b'INFO  main_assemble.cpp             :  245 - Unitigs removed in excessive pruning: 109, time: 0.141'
2023-07-26 11:48:10 - b'INFO  assembly/contig_stat.h        :   40 - Max: 182808, Min: 40, N50: 923, number contigs: 1763374, number isolated: 405406, number looped: 316, total size: 571986589,'
2023-07-26 11:48:20 - b'INFO  main_assemble.cpp             :  267 - Time to output: 9.365798'
2023-07-26 11:48:27 - b'INFO  main_assemble.cpp             :  286 - Number of local low depth unitigs removed: 40484, complex bubbles removed: 1605, time: 7.390581'
2023-07-26 11:48:41 - b'INFO  assembly/contig_stat.h        :   40 - Max: 182808, Min: 40, N50: 981, number contigs: 1656565, number isolated: 410040, number looped: 340, total size: 566622090,'
2023-07-26 11:48:50 - b'INFO  utils/utils.h                 :  152 - Real: 150.4400\tuser: 7183.8781\tsys: 33.4965\tmaxrss: 2488444'
2023-07-26 11:48:51 - Local assembly for k = 39
2023-07-26 11:48:51 - command /home/diego.franco/.conda/envs/anvio/bin/megahit_core local -c /mnt/qnap/users/diego.franco/tomato_metagenomics/assemblies/T3_FOM_assembly/intermediate_contigs/k39.contigs.fa -l /mnt/qnap/users/diego.franco/tomato_metagenomics/assemblies/T3_FOM_assembly/tmp/reads.lib -t 60 -o /mnt/qnap/users/diego.franco/tomato_metagenomics/assemblies/T3_FOM_assembly/intermediate_contigs/k39.local.fa --kmax 59
2023-07-26 11:52:57 - b'INFO  localasm/hash_mapper.cpp      :   99 - Number of contigs: 527598, index size: 54366769'
2023-07-26 11:52:57 - b'INFO  localasm/local_assemble.cpp   :  315 - Hash mapper construction time elapsed: 245.914391'
2023-07-26 11:52:57 - b'INFO  sequence/io/sequence_lib.cpp  :  115 - Before reading, sizeof seq_package: 3182861624'
2023-07-26 11:53:01 - b'INFO  sequence/io/sequence_lib.cpp  :  117 - After reading, sizeof seq_package: 3182861624'
2023-07-26 11:53:01 - b'INFO  localasm/local_assemble.cpp   :  324 - Read lib time elapsed: 4.298063'
2023-07-26 11:53:02 - b'INFO  localasm/local_assemble.cpp   :  133 - Lib 0, insert size: 314.00 sd: 80.71'
2023-07-26 11:53:02 - b'INFO  localasm/local_assemble.cpp   :  330 - Insert size estimation time elapsed: 1.318338'
2023-07-26 11:53:20 - b'INFO  localasm/local_assemble.cpp   :  218 - Lib 0: total 96450352 reads, aligned 67045826, added 23724243 reads to local assembly'
2023-07-26 11:53:20 - b'INFO  localasm/local_assemble.cpp   :  338 - Mapping time elapsed: 17.324679'
2023-07-26 11:53:20 - b'INFO  localasm/local_assemble.cpp   :  232 - Minimum number of reads to do local assembly: 5'
2023-07-26 11:55:27 - b'INFO  localasm/local_assemble.cpp   :  346 - Local assembly time elapsed: 127.708371'
2023-07-26 11:55:28 - b'INFO  utils/utils.h                 :  152 - Real: 397.1433\tuser: 21436.6293\tsys: 70.2796\tmaxrss: 4684048'
2023-07-26 11:55:28 - Extract iterative edges from k = 39 to 59 
2023-07-26 11:55:28 - command /home/diego.franco/.conda/envs/anvio/bin/megahit_core iterate -c /mnt/qnap/users/diego.franco/tomato_metagenomics/assemblies/T3_FOM_assembly/intermediate_contigs/k39.contigs.fa -b /mnt/qnap/users/diego.franco/tomato_metagenomics/assemblies/T3_FOM_assembly/intermediate_contigs/k39.bubble_seq.fa -t 60 -k 39 -s 20 -o /mnt/qnap/users/diego.franco/tomato_metagenomics/assemblies/T3_FOM_assembly/tmp/k59/59 -r /mnt/qnap/users/diego.franco/tomato_metagenomics/assemblies/T3_FOM_assembly/tmp/reads.lib.bin
2023-07-26 11:55:28 - b'INFO  main_iterate.cpp              :  190 - Selected kmer type size for k: 12'
2023-07-26 11:55:29 - b'INFO  main_iterate.cpp              :  174 - Read 721857 contigs'
2023-07-26 11:55:39 - b'INFO  main_iterate.cpp              :  176 - Number of flank kmers: 1394862'
2023-07-26 11:55:39 - b'INFO  main_iterate.cpp              :  174 - Read 636111 contigs'
2023-07-26 11:55:51 - b'INFO  main_iterate.cpp              :  176 - Number of flank kmers: 2619040'
2023-07-26 11:55:51 - b'INFO  main_iterate.cpp              :  174 - Read 322041 contigs'
2023-07-26 11:55:54 - b'INFO  main_iterate.cpp              :  176 - Number of flank kmers: 3095484'
2023-07-26 11:55:54 - b'INFO  main_iterate.cpp              :  123 - Selected kmer type size for next k: 16'
2023-07-26 11:55:55 - b'INFO  main_iterate.cpp              :  138 - Processed: 4194304, aligned: 295933. Iterative edges: 3264164'
2023-07-26 11:55:55 - b'INFO  main_iterate.cpp              :  138 - Processed: 8388608, aligned: 586053. Iterative edges: 5759709'
2023-07-26 11:55:56 - b'INFO  main_iterate.cpp              :  138 - Processed: 12582912, aligned: 862943. Iterative edges: 7760077'
2023-07-26 11:55:56 - b'INFO  main_iterate.cpp              :  138 - Processed: 16777216, aligned: 1132887. Iterative edges: 9446534'
2023-07-26 11:55:57 - b'INFO  main_iterate.cpp              :  138 - Processed: 20971520, aligned: 1427765. Iterative edges: 11050358'
2023-07-26 11:55:58 - b'INFO  main_iterate.cpp              :  138 - Processed: 25165824, aligned: 1720294. Iterative edges: 12437709'
2023-07-26 11:55:58 - b'INFO  main_iterate.cpp              :  138 - Processed: 29360128, aligned: 2013388. Iterative edges: 13640330'
2023-07-26 11:55:59 - b'INFO  main_iterate.cpp              :  138 - Processed: 33554432, aligned: 2307228. Iterative edges: 14686349'
2023-07-26 11:55:59 - b'INFO  main_iterate.cpp              :  138 - Processed: 37748736, aligned: 2605253. Iterative edges: 15615019'
2023-07-26 11:56:00 - b'INFO  main_iterate.cpp              :  138 - Processed: 41943040, aligned: 2904044. Iterative edges: 16433987'
2023-07-26 11:56:00 - b'INFO  main_iterate.cpp              :  138 - Processed: 46137344, aligned: 3204225. Iterative edges: 17151921'
2023-07-26 11:56:01 - b'INFO  main_iterate.cpp              :  138 - Processed: 50331648, aligned: 3505131. Iterative edges: 17783894'
2023-07-26 11:56:01 - b'INFO  main_iterate.cpp              :  138 - Processed: 54525952, aligned: 3808051. Iterative edges: 18338379'
2023-07-26 11:56:02 - b'INFO  main_iterate.cpp              :  138 - Processed: 58720256, aligned: 4108623. Iterative edges: 18826204'
2023-07-26 11:56:02 - b'INFO  main_iterate.cpp              :  138 - Processed: 62914560, aligned: 4411252. Iterative edges: 19255420'
2023-07-26 11:56:03 - b'INFO  main_iterate.cpp              :  138 - Processed: 67108864, aligned: 4712607. Iterative edges: 19638784'
2023-07-26 11:56:03 - b'INFO  main_iterate.cpp              :  138 - Processed: 71303168, aligned: 5013026. Iterative edges: 19983179'
2023-07-26 11:56:04 - b'INFO  main_iterate.cpp              :  138 - Processed: 75497472, aligned: 5313819. Iterative edges: 20290622'
2023-07-26 11:56:05 - b'INFO  main_iterate.cpp              :  138 - Processed: 79691776, aligned: 5614016. Iterative edges: 20563243'
2023-07-26 11:56:05 - b'INFO  main_iterate.cpp              :  138 - Processed: 83886080, aligned: 5913877. Iterative edges: 20809559'
2023-07-26 11:56:06 - b'INFO  main_iterate.cpp              :  138 - Processed: 88080384, aligned: 6210866. Iterative edges: 21037877'
2023-07-26 11:56:06 - b'INFO  main_iterate.cpp              :  138 - Processed: 92274688, aligned: 6509390. Iterative edges: 21241711'
2023-07-26 11:56:07 - b'INFO  main_iterate.cpp              :  138 - Processed: 96450352, aligned: 6804983. Iterative edges: 21431687'
2023-07-26 11:56:09 - b'INFO  main_iterate.cpp              :  142 - Total: 96450352, aligned: 6804983. Iterative edges: 21431687'
2023-07-26 11:56:14 - b'INFO  utils/utils.h                 :  152 - Real: 45.9439\tuser: 2068.7691\tsys: 17.4819\tmaxrss: 1282412'
2023-07-26 11:56:14 - Build graph for k = 59 
2023-07-26 11:56:14 - command /home/diego.franco/.conda/envs/anvio/bin/megahit_core seq2sdbg --host_mem 459313157734 --mem_flag 1 --output_prefix /mnt/qnap/users/diego.franco/tomato_metagenomics/assemblies/T3_FOM_assembly/tmp/k59/59 --num_cpu_threads 60 -k 59 --kmer_from 39 --input_prefix /mnt/qnap/users/diego.franco/tomato_metagenomics/assemblies/T3_FOM_assembly/tmp/k59/59 --addi_contig /mnt/qnap/users/diego.franco/tomato_metagenomics/assemblies/T3_FOM_assembly/intermediate_contigs/k39.addi.fa --local_contig /mnt/qnap/users/diego.franco/tomato_metagenomics/assemblies/T3_FOM_assembly/intermediate_contigs/k39.local.fa --contig /mnt/qnap/users/diego.franco/tomato_metagenomics/assemblies/T3_FOM_assembly/intermediate_contigs/k39.contigs.fa --bubble /mnt/qnap/users/diego.franco/tomato_metagenomics/assemblies/T3_FOM_assembly/intermediate_contigs/k39.bubble_seq.fa
2023-07-26 11:56:14 - b'INFO  sorting/base_engine.cpp       :  148 - Preparing data...'
2023-07-26 11:56:14 - b'INFO  sorting/seq_to_sdbg.cpp       :  369 - Number edges: 21431687'
2023-07-26 11:56:14 - b'INFO  sorting/seq_to_sdbg.cpp       :  413 - Bases to reserve: 1984760606, number contigs: 3396332, number multiplicity: 24828019'
2023-07-26 11:56:14 - b'INFO  sorting/seq_to_sdbg.cpp       :  421 - Before reading, sizeof seq_package: 523360816, multiplicity vector: 24828019'
2023-07-26 11:56:15 - b'INFO  sorting/seq_to_sdbg.cpp       :  428 - Read 21431687 edges.'
2023-07-26 11:56:15 - b'INFO  sorting/seq_to_sdbg.cpp       :  429 - After reading, sizeof seq_package: 523360816/21431687/1285901220, multiplicity vector: 21431687/24828019'
2023-07-26 11:56:16 - b'INFO  sorting/seq_to_sdbg.cpp       :  458 - Read 1314734 contigs from /mnt/qnap/users/diego.franco/tomato_metagenomics/assemblies/T3_FOM_assembly/intermediate_contigs/k39.contigs.fa.'
2023-07-26 11:56:16 - b'INFO  sorting/seq_to_sdbg.cpp       :  459 - After reading contigs, sizeof seq_package: 523360816/22746421/1837646904, multiplicity vector: 22746421/24828019'
2023-07-26 11:56:16 - b'INFO  sorting/seq_to_sdbg.cpp       :  470 - Read 286374 contigs from /mnt/qnap/users/diego.franco/tomato_metagenomics/assemblies/T3_FOM_assembly/intermediate_contigs/k39.bubble_seq.fa.'
2023-07-26 11:56:16 - b'INFO  sorting/seq_to_sdbg.cpp       :  471 - After reading contigs, sizeof seq_package: 523360816/23032795/1934919216, multiplicity vector: 23032795/24828019'
2023-07-26 11:56:17 - b'INFO  sorting/seq_to_sdbg.cpp       :  484 - Read 42181 contigs from /mnt/qnap/users/diego.franco/tomato_metagenomics/assemblies/T3_FOM_assembly/intermediate_contigs/k39.addi.fa.'
2023-07-26 11:56:17 - b'INFO  sorting/seq_to_sdbg.cpp       :  485 - After reading contigs, sizeof seq_package: 1019550968/23074976/1985429825, multiplicity vector: 23074976/24828019'
2023-07-26 11:56:19 - b'INFO  sorting/seq_to_sdbg.cpp       :  498 - Read 1265477 contigs from /mnt/qnap/users/diego.franco/tomato_metagenomics/assemblies/T3_FOM_assembly/intermediate_contigs/k39.local.fa.'
2023-07-26 11:56:19 - b'INFO  sorting/seq_to_sdbg.cpp       :  499 - After reading contigs, sizeof seq_package: 1019550968/24340453/2624625271, multiplicity vector: 24340453/24828019'
2023-07-26 11:56:19 - b'INFO  sorting/seq_to_sdbg.cpp       :  506 - Finally, sizeof seq_package: 1019550968/24340453/2624625271, multiplicity vector: 24340453/24828019'
2023-07-26 11:56:19 - b'INFO  sorting/base_engine.cpp       :  153 - Preparing data... Done. Time elapsed: 4.7290'
2023-07-26 11:56:19 - b'INFO  sorting/base_engine.cpp       :  156 - Preparing partitions and calculating bucket sizes...'
2023-07-26 11:56:20 - b'INFO  sorting/base_engine.cpp       :   80 - Minimum memory required: 1198827350 bytes'
2023-07-26 11:56:20 - b'INFO  sorting/base_engine.cpp       :  138 - Lv1 items: 329925186, Lv2 items: 6796200'
2023-07-26 11:56:20 - b'INFO  sorting/base_engine.cpp       :  139 - Memory of derived class: 1089711918, Memory for Lv1+Lv2: 1455624744'
2023-07-26 11:56:20 - b'INFO  sorting/base_engine.cpp       :  165 - Preparing partitions and calculating bucket sizes... Done. Time elapsed: 1.7417'
2023-07-26 11:56:20 - b'INFO  sorting/base_engine.cpp       :  172 - Start main loop...'
2023-07-26 11:56:20 - b'INFO  sorting/base_engine.cpp       :  185 - Lv1 scanning from bucket 0 to 333'
2023-07-26 11:56:22 - b'INFO  sorting/base_engine.cpp       :  192 - Lv1 scanning done. Large diff: 0. Time elapsed: 1.1635'
2023-07-26 11:56:22 - b'INFO  sorting/base_engine.cpp       :  198 - Lv1 fetching & sorting done. Time elapsed: 0.8687'
2023-07-26 11:56:22 - b'INFO  sorting/base_engine.cpp       :  185 - Lv1 scanning from bucket 333 to 1633'
2023-07-26 11:56:24 - b'INFO  sorting/base_engine.cpp       :  192 - Lv1 scanning done. Large diff: 0. Time elapsed: 1.6663'
2023-07-26 11:56:26 - b'INFO  sorting/base_engine.cpp       :  198 - Lv1 fetching & sorting done. Time elapsed: 1.6423'
2023-07-26 11:56:26 - b'INFO  sorting/base_engine.cpp       :  185 - Lv1 scanning from bucket 1633 to 3951'
2023-07-26 11:56:28 - b'INFO  sorting/base_engine.cpp       :  192 - Lv1 scanning done. Large diff: 0. Time elapsed: 2.1614'
2023-07-26 11:56:30 - b'INFO  sorting/base_engine.cpp       :  198 - Lv1 fetching & sorting done. Time elapsed: 1.5957'
2023-07-26 11:56:30 - b'INFO  sorting/base_engine.cpp       :  185 - Lv1 scanning from bucket 3951 to 7482'
2023-07-26 11:56:31 - b'INFO  sorting/base_engine.cpp       :  192 - Lv1 scanning done. Large diff: 0. Time elapsed: 1.9496'
2023-07-26 11:56:34 - b'INFO  sorting/base_engine.cpp       :  198 - Lv1 fetching & sorting done. Time elapsed: 2.1083'
2023-07-26 11:56:34 - b'INFO  sorting/base_engine.cpp       :  185 - Lv1 scanning from bucket 7482 to 12482'
2023-07-26 11:56:36 - b'INFO  sorting/base_engine.cpp       :  192 - Lv1 scanning done. Large diff: 0. Time elapsed: 2.1878'
2023-07-26 11:56:42 - b'INFO  sorting/base_engine.cpp       :  198 - Lv1 fetching & sorting done. Time elapsed: 5.9355'
2023-07-26 11:56:48 - b'INFO  sorting/base_engine.cpp       :  185 - Lv1 scanning from bucket 12482 to 19741'
2023-07-26 11:56:48 - b'INFO  sorting/base_engine.cpp       :  192 - Lv1 scanning done. Large diff: 0. Time elapsed: 2.2857'
2023-07-26 11:56:48 - b'INFO  sorting/base_engine.cpp       :  198 - Lv1 fetching & sorting done. Time elapsed: 3.3954'
2023-07-26 11:56:48 - b'INFO  sorting/base_engine.cpp       :  185 - Lv1 scanning from bucket 19741 to 31245'
2023-07-26 11:56:50 - b'INFO  sorting/base_engine.cpp       :  192 - Lv1 scanning done. Large diff: 0. Time elapsed: 2.4252'
2023-07-26 11:56:52 - b'INFO  sorting/base_engine.cpp       :  198 - Lv1 fetching & sorting done. Time elapsed: 2.4993'
2023-07-26 11:56:52 - b'INFO  sorting/base_engine.cpp       :  185 - Lv1 scanning from bucket 31245 to 61626'
2023-07-26 11:56:56 - b'INFO  sorting/base_engine.cpp       :  192 - Lv1 scanning done. Large diff: 0. Time elapsed: 3.4782'
2023-07-26 11:56:58 - b'INFO  sorting/base_engine.cpp       :  198 - Lv1 fetching & sorting done. Time elapsed: 2.6062'
2023-07-26 11:56:58 - b'INFO  sorting/base_engine.cpp       :  185 - Lv1 scanning from bucket 61626 to 65536'
2023-07-26 11:56:59 - b'INFO  sorting/base_engine.cpp       :  192 - Lv1 scanning done. Large diff: 0. Time elapsed: 0.9047'
2023-07-26 11:56:59 - b'INFO  sorting/base_engine.cpp       :  198 - Lv1 fetching & sorting done. Time elapsed: 0.0704'
2023-07-26 11:56:59 - b'INFO  sorting/base_engine.cpp       :  204 - Main loop done. Time elapsed: 38.9473'
2023-07-26 11:56:59 - b'INFO  sorting/base_engine.cpp       :  207 - Postprocessing...'
2023-07-26 11:57:16 - b'INFO  sorting/seq_to_sdbg.cpp       :  793 - Number of $ A C G T A- C- G- T-:'
2023-07-26 11:57:16 - b'INFO  sorting/seq_to_sdbg.cpp       :  794 - 1587701 382361260 191899069 191794893 382307006 423030 216853 214989 426294'
2023-07-26 11:57:16 - b'INFO  sorting/seq_to_sdbg.cpp       :  800 - Total number of edges: 1151231095'
2023-07-26 11:57:16 - b'INFO  sorting/seq_to_sdbg.cpp       :  801 - Total number of ONEs: 1148362228'
2023-07-26 11:57:16 - b'INFO  sorting/seq_to_sdbg.cpp       :  802 - Total number of $v edges: 1587701'
2023-07-26 11:57:16 - b'INFO  sorting/base_engine.cpp       :  210 - Postprocess done. Time elapsed: 16.9334'
2023-07-26 11:57:16 - b'INFO  utils/utils.h                 :  152 - Real: 62.4832\tuser: 991.3192\tsys: 65.6995\tmaxrss: 2291312'
2023-07-26 11:57:17 - Assemble contigs from SdBG for k = 59
2023-07-26 11:57:17 - command /home/diego.franco/.conda/envs/anvio/bin/megahit_core assemble -s /mnt/qnap/users/diego.franco/tomato_metagenomics/assemblies/T3_FOM_assembly/tmp/k59/59 -o /mnt/qnap/users/diego.franco/tomato_metagenomics/assemblies/T3_FOM_assembly/intermediate_contigs/k59 -t 60 --min_standalone 1000 --prune_level 2 --merge_len 20 --merge_similar 0.95 --cleaning_rounds 5 --disconnect_ratio 0.1 --low_local_ratio 0.2 --cleaning_rounds 5 --min_depth 2 --bubble_level 2 --max_tip_len -1 --careful_bubble
2023-07-26 11:57:32 - b'INFO  main_assemble.cpp             :  129 - Loading succinct de Bruijn graph: /mnt/qnap/users/diego.franco/tomato_metagenomics/assemblies/T3_FOM_assembly/tmp/k59/59Done. Time elapsed: 15.885901'
2023-07-26 11:57:32 - b'INFO  main_assemble.cpp             :  133 - Number of Edges: 1151231095; K value: 59'
2023-07-26 11:57:32 - b'INFO  main_assemble.cpp             :  140 - Number of CPU threads: 60'
2023-07-26 11:57:37 - b'INFO  assembly/sdbg_pruning.cpp     :  160 - Removing tips with length less than 2; Accumulated tips removed: 35082; time elapsed: 0.3321'
2023-07-26 11:57:37 - b'INFO  assembly/sdbg_pruning.cpp     :  160 - Removing tips with length less than 4; Accumulated tips removed: 92530; time elapsed: 0.4053'
2023-07-26 11:57:38 - b'INFO  assembly/sdbg_pruning.cpp     :  160 - Removing tips with length less than 8; Accumulated tips removed: 193766; time elapsed: 0.5616'
2023-07-26 11:57:39 - b'INFO  assembly/sdbg_pruning.cpp     :  160 - Removing tips with length less than 16; Accumulated tips removed: 359444; time elapsed: 0.9126'
2023-07-26 11:57:40 - b'INFO  assembly/sdbg_pruning.cpp     :  160 - Removing tips with length less than 32; Accumulated tips removed: 567802; time elapsed: 1.6030'
2023-07-26 11:57:43 - b'INFO  assembly/sdbg_pruning.cpp     :  160 - Removing tips with length less than 64; Accumulated tips removed: 976612; time elapsed: 2.9503'
2023-07-26 11:57:47 - b'INFO  assembly/sdbg_pruning.cpp     :  169 - Removing tips with length less than 118; Accumulated tips removed: 1468306; time elapsed: 3.7127'
2023-07-26 11:57:47 - b'INFO  main_assemble.cpp             :  158 - Tips removal done! Time elapsed(sec): 14.642'
2023-07-26 11:58:14 - b'INFO  assembly/unitig_graph.cpp     :   83 - Graph size without loops: 1467860, palindrome: 33'
2023-07-26 11:58:15 - b'INFO  main_assemble.cpp             :  166 - unitig graph size: 1468144, time for building: 27.581'
2023-07-26 11:58:25 - b'INFO  assembly/contig_stat.h        :   40 - Max: 182933, Min: 60, N50: 1385, number contigs: 1468144, number isolated: 170516, number looped: 284, total size: 626296109,'
2023-07-26 11:58:25 - b'INFO  main_assemble.cpp             :  184 - Graph cleaning round 1'
2023-07-26 11:58:26 - b'INFO  main_assemble.cpp             :  200 - Number of bubbles removed: 67718, Time elapsed(sec): 1.703'
2023-07-26 11:58:27 - b'INFO  main_assemble.cpp             :  210 - Number of complex bubbles removed: 34935, Time elapsed(sec): 1.042765'
2023-07-26 11:58:28 - b'INFO  main_assemble.cpp             :  221 - Number unitigs disconnected: 60978, time: 0.372'
2023-07-26 11:58:28 - b'INFO  main_assemble.cpp             :  245 - Unitigs removed in excessive pruning: 5501, time: 0.136'
2023-07-26 11:58:28 - b'INFO  main_assemble.cpp             :  184 - Graph cleaning round 2'
2023-07-26 11:58:28 - b'INFO  main_assemble.cpp             :  192 - Tips removed: 14794, time: 0.515'
2023-07-26 11:58:29 - b'INFO  main_assemble.cpp             :  200 - Number of bubbles removed: 371, Time elapsed(sec): 0.164'
2023-07-26 11:58:29 - b'INFO  main_assemble.cpp             :  210 - Number of complex bubbles removed: 945, Time elapsed(sec): 0.273732'
2023-07-26 11:58:29 - b'INFO  main_assemble.cpp             :  221 - Number unitigs disconnected: 1843, time: 0.116'
2023-07-26 11:58:29 - b'INFO  main_assemble.cpp             :  245 - Unitigs removed in excessive pruning: 1042, time: 0.236'
2023-07-26 11:58:29 - b'INFO  main_assemble.cpp             :  184 - Graph cleaning round 3'
2023-07-26 11:58:30 - b'INFO  main_assemble.cpp             :  192 - Tips removed: 223, time: 0.736'
2023-07-26 11:58:30 - b'INFO  main_assemble.cpp             :  200 - Number of bubbles removed: 15, Time elapsed(sec): 0.131'
2023-07-26 11:58:30 - b'INFO  main_assemble.cpp             :  210 - Number of complex bubbles removed: 19, Time elapsed(sec): 0.181435'
2023-07-26 11:58:30 - b'INFO  main_assemble.cpp             :  221 - Number unitigs disconnected: 513, time: 0.121'
2023-07-26 11:58:30 - b'INFO  main_assemble.cpp             :  245 - Unitigs removed in excessive pruning: 413, time: 0.113'
2023-07-26 11:58:30 - b'INFO  main_assemble.cpp             :  184 - Graph cleaning round 4'
2023-07-26 11:58:31 - b'INFO  main_assemble.cpp             :  192 - Tips removed: 63, time: 0.596'
2023-07-26 11:58:31 - b'INFO  main_assemble.cpp             :  200 - Number of bubbles removed: 2, Time elapsed(sec): 0.126'
2023-07-26 11:58:31 - b'INFO  main_assemble.cpp             :  210 - Number of complex bubbles removed: 2, Time elapsed(sec): 0.179558'
2023-07-26 11:58:31 - b'INFO  main_assemble.cpp             :  221 - Number unitigs disconnected: 193, time: 0.126'
2023-07-26 11:58:32 - b'INFO  main_assemble.cpp             :  245 - Unitigs removed in excessive pruning: 176, time: 0.094'
2023-07-26 11:58:32 - b'INFO  main_assemble.cpp             :  184 - Graph cleaning round 5'
2023-07-26 11:58:32 - b'INFO  main_assemble.cpp             :  192 - Tips removed: 23, time: 0.477'
2023-07-26 11:58:32 - b'INFO  main_assemble.cpp             :  200 - Number of bubbles removed: 1, Time elapsed(sec): 0.111'
2023-07-26 11:58:32 - b'INFO  main_assemble.cpp             :  210 - Number of complex bubbles removed: 1, Time elapsed(sec): 0.164497'
2023-07-26 11:58:32 - b'INFO  main_assemble.cpp             :  221 - Number unitigs disconnected: 95, time: 0.115'
2023-07-26 11:58:32 - b'INFO  main_assemble.cpp             :  245 - Unitigs removed in excessive pruning: 89, time: 0.089'
2023-07-26 11:58:40 - b'INFO  assembly/contig_stat.h        :   40 - Max: 183042, Min: 60, N50: 2006, number contigs: 1066101, number isolated: 191954, number looped: 301, total size: 594508329,'
2023-07-26 11:58:49 - b'INFO  main_assemble.cpp             :  267 - Time to output: 9.243328'
2023-07-26 11:58:53 - b'INFO  main_assemble.cpp             :  286 - Number of local low depth unitigs removed: 25491, complex bubbles removed: 1084, time: 3.736846'
2023-07-26 11:59:00 - b'INFO  assembly/contig_stat.h        :   40 - Max: 183042, Min: 60, N50: 2127, number contigs: 998073, number isolated: 196108, number looped: 315, total size: 589257086,'
2023-07-26 11:59:10 - b'INFO  utils/utils.h                 :  152 - Real: 113.8204\tuser: 5121.6971\tsys: 25.6171\tmaxrss: 2555336'
2023-07-26 11:59:11 - Local assembly for k = 59
2023-07-26 11:59:11 - command /home/diego.franco/.conda/envs/anvio/bin/megahit_core local -c /mnt/qnap/users/diego.franco/tomato_metagenomics/assemblies/T3_FOM_assembly/intermediate_contigs/k59.contigs.fa -l /mnt/qnap/users/diego.franco/tomato_metagenomics/assemblies/T3_FOM_assembly/tmp/reads.lib -t 60 -o /mnt/qnap/users/diego.franco/tomato_metagenomics/assemblies/T3_FOM_assembly/intermediate_contigs/k59.local.fa --kmax 79
2023-07-26 12:05:59 - b'INFO  localasm/hash_mapper.cpp      :   99 - Number of contigs: 496335, index size: 64368752'
2023-07-26 12:05:59 - b'INFO  localasm/local_assemble.cpp   :  315 - Hash mapper construction time elapsed: 408.662804'
2023-07-26 12:05:59 - b'INFO  sequence/io/sequence_lib.cpp  :  115 - Before reading, sizeof seq_package: 3182861624'
2023-07-26 12:06:04 - b'INFO  sequence/io/sequence_lib.cpp  :  117 - After reading, sizeof seq_package: 3182861624'
2023-07-26 12:06:04 - b'INFO  localasm/local_assemble.cpp   :  324 - Read lib time elapsed: 4.277667'
2023-07-26 12:06:05 - b'INFO  localasm/local_assemble.cpp   :  133 - Lib 0, insert size: 315.00 sd: 80.88'
2023-07-26 12:06:05 - b'INFO  localasm/local_assemble.cpp   :  330 - Insert size estimation time elapsed: 1.297824'
2023-07-26 12:06:24 - b'INFO  localasm/local_assemble.cpp   :  218 - Lib 0: total 96450352 reads, aligned 81446970, added 26009645 reads to local assembly'
2023-07-26 12:06:24 - b'INFO  localasm/local_assemble.cpp   :  338 - Mapping time elapsed: 19.076886'
2023-07-26 12:06:24 - b'INFO  localasm/local_assemble.cpp   :  232 - Minimum number of reads to do local assembly: 5'
2023-07-26 12:09:41 - b'INFO  localasm/local_assemble.cpp   :  346 - Local assembly time elapsed: 197.288051'
2023-07-26 12:09:42 - b'INFO  utils/utils.h                 :  152 - Real: 631.1879\tuser: 35748.8015\tsys: 152.4255\tmaxrss: 5835364'
2023-07-26 12:09:42 - Extract iterative edges from k = 59 to 79 
2023-07-26 12:09:42 - command /home/diego.franco/.conda/envs/anvio/bin/megahit_core iterate -c /mnt/qnap/users/diego.franco/tomato_metagenomics/assemblies/T3_FOM_assembly/intermediate_contigs/k59.contigs.fa -b /mnt/qnap/users/diego.franco/tomato_metagenomics/assemblies/T3_FOM_assembly/intermediate_contigs/k59.bubble_seq.fa -t 60 -k 59 -s 20 -o /mnt/qnap/users/diego.franco/tomato_metagenomics/assemblies/T3_FOM_assembly/tmp/k79/79 -r /mnt/qnap/users/diego.franco/tomato_metagenomics/assemblies/T3_FOM_assembly/tmp/reads.lib.bin
2023-07-26 12:09:42 - b'INFO  main_iterate.cpp              :  190 - Selected kmer type size for k: 16'
2023-07-26 12:09:43 - b'INFO  main_iterate.cpp              :  174 - Read 514991 contigs'
2023-07-26 12:09:48 - b'INFO  main_iterate.cpp              :  176 - Number of flank kmers: 1009734'
2023-07-26 12:09:48 - b'INFO  main_iterate.cpp              :  174 - Read 359156 contigs'
2023-07-26 12:09:52 - b'INFO  main_iterate.cpp              :  176 - Number of flank kmers: 1712186'
2023-07-26 12:09:52 - b'INFO  main_iterate.cpp              :  174 - Read 201299 contigs'
2023-07-26 12:09:57 - b'INFO  main_iterate.cpp              :  176 - Number of flank kmers: 2010910'
2023-07-26 12:09:57 - b'INFO  main_iterate.cpp              :  123 - Selected kmer type size for next k: 20'
2023-07-26 12:09:58 - b'INFO  main_iterate.cpp              :  138 - Processed: 4194304, aligned: 170713. Iterative edges: 1210586'
2023-07-26 12:09:58 - b'INFO  main_iterate.cpp              :  138 - Processed: 8388608, aligned: 336810. Iterative edges: 2135945'
2023-07-26 12:09:58 - b'INFO  main_iterate.cpp              :  138 - Processed: 12582912, aligned: 490045. Iterative edges: 2882499'
2023-07-26 12:09:59 - b'INFO  main_iterate.cpp              :  138 - Processed: 16777216, aligned: 636586. Iterative edges: 3524488'
2023-07-26 12:09:59 - b'INFO  main_iterate.cpp              :  138 - Processed: 20971520, aligned: 807435. Iterative edges: 4216494'
2023-07-26 12:09:59 - b'INFO  main_iterate.cpp              :  138 - Processed: 25165824, aligned: 975694. Iterative edges: 4833465'
2023-07-26 12:10:00 - b'INFO  main_iterate.cpp              :  138 - Processed: 29360128, aligned: 1145715. Iterative edges: 5404600'
2023-07-26 12:10:00 - b'INFO  main_iterate.cpp              :  138 - Processed: 33554432, aligned: 1315804. Iterative edges: 5924817'
2023-07-26 12:10:00 - b'INFO  main_iterate.cpp              :  138 - Processed: 37748736, aligned: 1489229. Iterative edges: 6418937'
2023-07-26 12:10:01 - b'INFO  main_iterate.cpp              :  138 - Processed: 41943040, aligned: 1662533. Iterative edges: 6874991'
2023-07-26 12:10:01 - b'INFO  main_iterate.cpp              :  138 - Processed: 46137344, aligned: 1836554. Iterative edges: 7292801'
2023-07-26 12:10:01 - b'INFO  main_iterate.cpp              :  138 - Processed: 50331648, aligned: 2011202. Iterative edges: 7683062'
2023-07-26 12:10:02 - b'INFO  main_iterate.cpp              :  138 - Processed: 54525952, aligned: 2187452. Iterative edges: 8043749'
2023-07-26 12:10:02 - b'INFO  main_iterate.cpp              :  138 - Processed: 58720256, aligned: 2361207. Iterative edges: 8375726'
2023-07-26 12:10:02 - b'INFO  main_iterate.cpp              :  138 - Processed: 62914560, aligned: 2537303. Iterative edges: 8681956'
2023-07-26 12:10:03 - b'INFO  main_iterate.cpp              :  138 - Processed: 67108864, aligned: 2712136. Iterative edges: 8961550'
2023-07-26 12:10:03 - b'INFO  main_iterate.cpp              :  138 - Processed: 71303168, aligned: 2886291. Iterative edges: 9221515'
2023-07-26 12:10:03 - b'INFO  main_iterate.cpp              :  138 - Processed: 75497472, aligned: 3061034. Iterative edges: 9464159'
2023-07-26 12:10:04 - b'INFO  main_iterate.cpp              :  138 - Processed: 79691776, aligned: 3235406. Iterative edges: 9687477'
2023-07-26 12:10:04 - b'INFO  main_iterate.cpp              :  138 - Processed: 83886080, aligned: 3410518. Iterative edges: 9896807'
2023-07-26 12:10:04 - b'INFO  main_iterate.cpp              :  138 - Processed: 88080384, aligned: 3581705. Iterative edges: 10087333'
2023-07-26 12:10:05 - b'INFO  main_iterate.cpp              :  138 - Processed: 92274688, aligned: 3754205. Iterative edges: 10266390'
2023-07-26 12:10:05 - b'INFO  main_iterate.cpp              :  138 - Processed: 96450352, aligned: 3924164. Iterative edges: 10433531'
2023-07-26 12:10:06 - b'INFO  main_iterate.cpp              :  142 - Total: 96450352, aligned: 3924164. Iterative edges: 10433531'
2023-07-26 12:10:09 - b'INFO  utils/utils.h                 :  152 - Real: 26.9578\tuser: 1161.7954\tsys: 10.1167\tmaxrss: 879012'
2023-07-26 12:10:09 - Build graph for k = 79 
2023-07-26 12:10:09 - command /home/diego.franco/.conda/envs/anvio/bin/megahit_core seq2sdbg --host_mem 459313157734 --mem_flag 1 --output_prefix /mnt/qnap/users/diego.franco/tomato_metagenomics/assemblies/T3_FOM_assembly/tmp/k79/79 --num_cpu_threads 60 -k 79 --kmer_from 59 --input_prefix /mnt/qnap/users/diego.franco/tomato_metagenomics/assemblies/T3_FOM_assembly/tmp/k79/79 --addi_contig /mnt/qnap/users/diego.franco/tomato_metagenomics/assemblies/T3_FOM_assembly/intermediate_contigs/k59.addi.fa --local_contig /mnt/qnap/users/diego.franco/tomato_metagenomics/assemblies/T3_FOM_assembly/intermediate_contigs/k59.local.fa --contig /mnt/qnap/users/diego.franco/tomato_metagenomics/assemblies/T3_FOM_assembly/intermediate_contigs/k59.contigs.fa --bubble /mnt/qnap/users/diego.franco/tomato_metagenomics/assemblies/T3_FOM_assembly/intermediate_contigs/k59.bubble_seq.fa
2023-07-26 12:10:09 - b'INFO  sorting/base_engine.cpp       :  148 - Preparing data...'
2023-07-26 12:10:09 - b'INFO  sorting/seq_to_sdbg.cpp       :  369 - Number edges: 10433531'
2023-07-26 12:10:09 - b'INFO  sorting/seq_to_sdbg.cpp       :  413 - Bases to reserve: 1438546489, number contigs: 2433939, number multiplicity: 12867470'
2023-07-26 12:10:09 - b'INFO  sorting/seq_to_sdbg.cpp       :  421 - Before reading, sizeof seq_package: 379108144, multiplicity vector: 12867470'
2023-07-26 12:10:09 - b'INFO  sorting/seq_to_sdbg.cpp       :  428 - Read 10433531 edges.'
2023-07-26 12:10:09 - b'INFO  sorting/seq_to_sdbg.cpp       :  429 - After reading, sizeof seq_package: 379108144/10433531/834682480, multiplicity vector: 10433531/12867470'
2023-07-26 12:10:11 - b'INFO  sorting/seq_to_sdbg.cpp       :  458 - Read 856116 contigs from /mnt/qnap/users/diego.franco/tomato_metagenomics/assemblies/T3_FOM_assembly/intermediate_contigs/k59.contigs.fa.'
2023-07-26 12:10:11 - b'INFO  sorting/seq_to_sdbg.cpp       :  459 - After reading contigs, sizeof seq_package: 379108144/11289647/1415236226, multiplicity vector: 11289647/12867470'
2023-07-26 12:10:11 - b'INFO  sorting/seq_to_sdbg.cpp       :  470 - Read 189327 contigs from /mnt/qnap/users/diego.franco/tomato_metagenomics/assemblies/T3_FOM_assembly/intermediate_contigs/k59.bubble_seq.fa.'
2023-07-26 12:10:11 - b'INFO  sorting/seq_to_sdbg.cpp       :  471 - After reading contigs, sizeof seq_package: 738744768/11478974/1525703181, multiplicity vector: 11478974/12867470'
2023-07-26 12:10:11 - b'INFO  sorting/seq_to_sdbg.cpp       :  484 - Read 27000 contigs from /mnt/qnap/users/diego.franco/tomato_metagenomics/assemblies/T3_FOM_assembly/intermediate_contigs/k59.addi.fa.'
2023-07-26 12:10:11 - b'INFO  sorting/seq_to_sdbg.cpp       :  485 - After reading contigs, sizeof seq_package: 738744768/11505974/1582565926, multiplicity vector: 11505974/12867470'
2023-07-26 12:10:13 - b'INFO  sorting/seq_to_sdbg.cpp       :  498 - Read 1138301 contigs from /mnt/qnap/users/diego.franco/tomato_metagenomics/assemblies/T3_FOM_assembly/intermediate_contigs/k59.local.fa.'
2023-07-26 12:10:13 - b'INFO  sorting/seq_to_sdbg.cpp       :  499 - After reading contigs, sizeof seq_package: 738744768/12644275/2150152071, multiplicity vector: 12644275/12867470'
2023-07-26 12:10:13 - b'INFO  sorting/seq_to_sdbg.cpp       :  506 - Finally, sizeof seq_package: 738744768/12644275/2150152071, multiplicity vector: 12644275/12867470'
2023-07-26 12:10:13 - b'INFO  sorting/base_engine.cpp       :  153 - Preparing data... Done. Time elapsed: 3.7854'
2023-07-26 12:10:13 - b'INFO  sorting/base_engine.cpp       :  156 - Preparing partitions and calculating bucket sizes...'
2023-07-26 12:10:14 - b'INFO  sorting/base_engine.cpp       :   80 - Minimum memory required: 889051644 bytes'
2023-07-26 12:10:14 - b'INFO  sorting/base_engine.cpp       :  138 - Lv1 items: 313744772, Lv2 items: 6462900'
2023-07-26 12:10:14 - b'INFO  sorting/base_engine.cpp       :  139 - Memory of derived class: 781277796, Memory for Lv1+Lv2: 1410088688'
2023-07-26 12:10:14 - b'INFO  sorting/base_engine.cpp       :  165 - Preparing partitions and calculating bucket sizes... Done. Time elapsed: 1.4944'
2023-07-26 12:10:14 - b'INFO  sorting/base_engine.cpp       :  172 - Start main loop...'
2023-07-26 12:10:14 - b'INFO  sorting/base_engine.cpp       :  185 - Lv1 scanning from bucket 0 to 267'
2023-07-26 12:10:15 - b'INFO  sorting/base_engine.cpp       :  192 - Lv1 scanning done. Large diff: 0. Time elapsed: 0.9501'
2023-07-26 12:10:16 - b'INFO  sorting/base_engine.cpp       :  198 - Lv1 fetching & sorting done. Time elapsed: 0.7474'
2023-07-26 12:10:16 - b'INFO  sorting/base_engine.cpp       :  185 - Lv1 scanning from bucket 267 to 1436'
2023-07-26 12:10:17 - b'INFO  sorting/base_engine.cpp       :  192 - Lv1 scanning done. Large diff: 0. Time elapsed: 1.3467'
2023-07-26 12:10:19 - b'INFO  sorting/base_engine.cpp       :  198 - Lv1 fetching & sorting done. Time elapsed: 1.5746'
2023-07-26 12:10:19 - b'INFO  sorting/base_engine.cpp       :  185 - Lv1 scanning from bucket 1436 to 3645'
2023-07-26 12:10:20 - b'INFO  sorting/base_engine.cpp       :  192 - Lv1 scanning done. Large diff: 0. Time elapsed: 1.5803'
2023-07-26 12:10:23 - b'INFO  sorting/base_engine.cpp       :  198 - Lv1 fetching & sorting done. Time elapsed: 2.2060'
2023-07-26 12:10:23 - b'INFO  sorting/base_engine.cpp       :  185 - Lv1 scanning from bucket 3645 to 7050'
2023-07-26 12:10:24 - b'INFO  sorting/base_engine.cpp       :  192 - Lv1 scanning done. Large diff: 0. Time elapsed: 1.8283'
2023-07-26 12:10:26 - b'INFO  sorting/base_engine.cpp       :  198 - Lv1 fetching & sorting done. Time elapsed: 1.7120'
2023-07-26 12:10:26 - b'INFO  sorting/base_engine.cpp       :  185 - Lv1 scanning from bucket 7050 to 11902'
2023-07-26 12:10:28 - b'INFO  sorting/base_engine.cpp       :  192 - Lv1 scanning done. Large diff: 0. Time elapsed: 1.6513'
2023-07-26 12:10:30 - b'INFO  sorting/base_engine.cpp       :  198 - Lv1 fetching & sorting done. Time elapsed: 2.0379'
2023-07-26 12:10:30 - b'INFO  sorting/base_engine.cpp       :  185 - Lv1 scanning from bucket 11902 to 18899'
2023-07-26 12:10:32 - b'INFO  sorting/base_engine.cpp       :  192 - Lv1 scanning done. Large diff: 0. Time elapsed: 1.7244'
2023-07-26 12:10:37 - b'INFO  sorting/base_engine.cpp       :  198 - Lv1 fetching & sorting done. Time elapsed: 5.0184'
2023-07-26 12:10:37 - b'INFO  sorting/base_engine.cpp       :  185 - Lv1 scanning from bucket 18899 to 29779'
2023-07-26 12:10:39 - b'INFO  sorting/base_engine.cpp       :  192 - Lv1 scanning done. Large diff: 0. Time elapsed: 2.1446'
2023-07-26 12:10:49 - b'INFO  sorting/base_engine.cpp       :  198 - Lv1 fetching & sorting done. Time elapsed: 10.3048'
2023-07-26 12:10:49 - b'INFO  sorting/base_engine.cpp       :  185 - Lv1 scanning from bucket 29779 to 54666'
2023-07-26 12:10:51 - b'INFO  sorting/base_engine.cpp       :  192 - Lv1 scanning done. Large diff: 0. Time elapsed: 2.2353'
2023-07-26 12:10:54 - b'INFO  sorting/base_engine.cpp       :  198 - Lv1 fetching & sorting done. Time elapsed: 2.5946'
2023-07-26 12:10:54 - b'INFO  sorting/base_engine.cpp       :  185 - Lv1 scanning from bucket 54666 to 65536'
2023-07-26 12:10:55 - b'INFO  sorting/base_engine.cpp       :  192 - Lv1 scanning done. Large diff: 0. Time elapsed: 0.8714'
2023-07-26 12:10:55 - b'INFO  sorting/base_engine.cpp       :  198 - Lv1 fetching & sorting done. Time elapsed: 0.3398'
2023-07-26 12:10:55 - b'INFO  sorting/base_engine.cpp       :  204 - Main loop done. Time elapsed: 40.8698'
2023-07-26 12:10:55 - b'INFO  sorting/base_engine.cpp       :  207 - Postprocessing...'
2023-07-26 12:11:09 - b'INFO  sorting/seq_to_sdbg.cpp       :  793 - Number of $ A C G T A- C- G- T-:'
2023-07-26 12:11:09 - b'INFO  sorting/seq_to_sdbg.cpp       :  794 - 1402638 412025316 209416177 209375424 412041875 394643 211096 214278 390358'
2023-07-26 12:11:09 - b'INFO  sorting/seq_to_sdbg.cpp       :  800 - Total number of edges: 1245471805'
2023-07-26 12:11:09 - b'INFO  sorting/seq_to_sdbg.cpp       :  801 - Total number of ONEs: 1242858792'
2023-07-26 12:11:09 - b'INFO  sorting/seq_to_sdbg.cpp       :  802 - Total number of $v edges: 1402638'
2023-07-26 12:11:09 - b'INFO  sorting/base_engine.cpp       :  210 - Postprocess done. Time elapsed: 13.7155'
2023-07-26 12:11:09 - b'INFO  utils/utils.h                 :  152 - Real: 60.0024\tuser: 936.6400\tsys: 95.7657\tmaxrss: 2102460'
2023-07-26 12:11:09 - Assemble contigs from SdBG for k = 79
2023-07-26 12:11:09 - command /home/diego.franco/.conda/envs/anvio/bin/megahit_core assemble -s /mnt/qnap/users/diego.franco/tomato_metagenomics/assemblies/T3_FOM_assembly/tmp/k79/79 -o /mnt/qnap/users/diego.franco/tomato_metagenomics/assemblies/T3_FOM_assembly/intermediate_contigs/k79 -t 60 --min_standalone 1000 --prune_level 2 --merge_len 20 --merge_similar 0.95 --cleaning_rounds 5 --disconnect_ratio 0.1 --low_local_ratio 0.2 --cleaning_rounds 5 --min_depth 2 --bubble_level 2 --max_tip_len -1 --careful_bubble
2023-07-26 12:11:25 - b'INFO  main_assemble.cpp             :  129 - Loading succinct de Bruijn graph: /mnt/qnap/users/diego.franco/tomato_metagenomics/assemblies/T3_FOM_assembly/tmp/k79/79Done. Time elapsed: 15.587860'
2023-07-26 12:11:25 - b'INFO  main_assemble.cpp             :  133 - Number of Edges: 1245471805; K value: 79'
2023-07-26 12:11:25 - b'INFO  main_assemble.cpp             :  140 - Number of CPU threads: 60'
2023-07-26 12:11:29 - b'INFO  assembly/sdbg_pruning.cpp     :  160 - Removing tips with length less than 2; Accumulated tips removed: 29726; time elapsed: 0.3185'
2023-07-26 12:11:30 - b'INFO  assembly/sdbg_pruning.cpp     :  160 - Removing tips with length less than 4; Accumulated tips removed: 83135; time elapsed: 0.3710'
2023-07-26 12:11:30 - b'INFO  assembly/sdbg_pruning.cpp     :  160 - Removing tips with length less than 8; Accumulated tips removed: 180132; time elapsed: 0.5261'
2023-07-26 12:11:31 - b'INFO  assembly/sdbg_pruning.cpp     :  160 - Removing tips with length less than 16; Accumulated tips removed: 355846; time elapsed: 0.8425'
2023-07-26 12:11:33 - b'INFO  assembly/sdbg_pruning.cpp     :  160 - Removing tips with length less than 32; Accumulated tips removed: 627865; time elapsed: 1.4708'
2023-07-26 12:11:35 - b'INFO  assembly/sdbg_pruning.cpp     :  160 - Removing tips with length less than 64; Accumulated tips removed: 1004287; time elapsed: 2.3436'
2023-07-26 12:11:38 - b'INFO  assembly/sdbg_pruning.cpp     :  160 - Removing tips with length less than 128; Accumulated tips removed: 1353107; time elapsed: 3.3215'
2023-07-26 12:11:42 - b'INFO  assembly/sdbg_pruning.cpp     :  169 - Removing tips with length less than 158; Accumulated tips removed: 1445863; time elapsed: 3.3719'
2023-07-26 12:11:42 - b'INFO  main_assemble.cpp             :  158 - Tips removal done! Time elapsed(sec): 17.080'
2023-07-26 12:12:10 - b'INFO  assembly/unitig_graph.cpp     :   83 - Graph size without loops: 1229229, palindrome: 14'
2023-07-26 12:12:11 - b'INFO  main_assemble.cpp             :  166 - unitig graph size: 1229513, time for building: 29.671'
2023-07-26 12:12:20 - b'INFO  assembly/contig_stat.h        :   40 - Max: 183139, Min: 80, N50: 2146, number contigs: 1229513, number isolated: 148595, number looped: 284, total size: 683019002,'
2023-07-26 12:12:20 - b'INFO  main_assemble.cpp             :  184 - Graph cleaning round 1'
2023-07-26 12:12:21 - b'INFO  main_assemble.cpp             :  200 - Number of bubbles removed: 34700, Time elapsed(sec): 1.258'
2023-07-26 12:12:22 - b'INFO  main_assemble.cpp             :  210 - Number of complex bubbles removed: 20511, Time elapsed(sec): 0.924225'
2023-07-26 12:12:23 - b'INFO  main_assemble.cpp             :  221 - Number unitigs disconnected: 45655, time: 0.313'
2023-07-26 12:12:23 - b'INFO  main_assemble.cpp             :  245 - Unitigs removed in excessive pruning: 2991, time: 0.093'
2023-07-26 12:12:23 - b'INFO  main_assemble.cpp             :  184 - Graph cleaning round 2'
2023-07-26 12:12:23 - b'INFO  main_assemble.cpp             :  192 - Tips removed: 10312, time: 0.513'
2023-07-26 12:12:23 - b'INFO  main_assemble.cpp             :  200 - Number of bubbles removed: 90, Time elapsed(sec): 0.127'
2023-07-26 12:12:23 - b'INFO  main_assemble.cpp             :  210 - Number of complex bubbles removed: 341, Time elapsed(sec): 0.188910'
2023-07-26 12:12:24 - b'INFO  main_assemble.cpp             :  221 - Number unitigs disconnected: 1223, time: 0.097'
2023-07-26 12:12:24 - b'INFO  main_assemble.cpp             :  245 - Unitigs removed in excessive pruning: 758, time: 0.082'
2023-07-26 12:12:24 - b'INFO  main_assemble.cpp             :  184 - Graph cleaning round 3'
2023-07-26 12:12:24 - b'INFO  main_assemble.cpp             :  192 - Tips removed: 184, time: 0.510'
2023-07-26 12:12:24 - b'INFO  main_assemble.cpp             :  200 - Number of bubbles removed: 9, Time elapsed(sec): 0.101'
2023-07-26 12:12:24 - b'INFO  main_assemble.cpp             :  210 - Number of complex bubbles removed: 9, Time elapsed(sec): 0.152092'
2023-07-26 12:12:24 - b'INFO  main_assemble.cpp             :  221 - Number unitigs disconnected: 434, time: 0.095'
2023-07-26 12:12:25 - b'INFO  main_assemble.cpp             :  245 - Unitigs removed in excessive pruning: 360, time: 0.083'
2023-07-26 12:12:25 - b'INFO  main_assemble.cpp             :  184 - Graph cleaning round 4'
2023-07-26 12:12:25 - b'INFO  main_assemble.cpp             :  192 - Tips removed: 61, time: 0.456'
2023-07-26 12:12:25 - b'INFO  main_assemble.cpp             :  200 - Number of bubbles removed: 1, Time elapsed(sec): 0.097'
2023-07-26 12:12:25 - b'INFO  main_assemble.cpp             :  210 - Number of complex bubbles removed: 4, Time elapsed(sec): 0.145860'
2023-07-26 12:12:25 - b'INFO  main_assemble.cpp             :  221 - Number unitigs disconnected: 186, time: 0.093'
2023-07-26 12:12:25 - b'INFO  main_assemble.cpp             :  245 - Unitigs removed in excessive pruning: 179, time: 0.080'
2023-07-26 12:12:25 - b'INFO  main_assemble.cpp             :  184 - Graph cleaning round 5'
2023-07-26 12:12:26 - b'INFO  main_assemble.cpp             :  192 - Tips removed: 28, time: 0.445'
2023-07-26 12:12:26 - b'INFO  main_assemble.cpp             :  200 - Number of bubbles removed: 0, Time elapsed(sec): 0.077'
2023-07-26 12:12:26 - b'INFO  main_assemble.cpp             :  210 - Number of complex bubbles removed: 0, Time elapsed(sec): 0.127222'
2023-07-26 12:12:26 - b'INFO  main_assemble.cpp             :  221 - Number unitigs disconnected: 71, time: 0.095'
2023-07-26 12:12:26 - b'INFO  main_assemble.cpp             :  245 - Unitigs removed in excessive pruning: 83, time: 0.084'
2023-07-26 12:12:33 - b'INFO  assembly/contig_stat.h        :   40 - Max: 183313, Min: 80, N50: 2665, number contigs: 998254, number isolated: 162726, number looped: 143, total size: 658850489,'
2023-07-26 12:12:44 - b'INFO  main_assemble.cpp             :  267 - Time to output: 10.434988'
2023-07-26 12:12:47 - b'INFO  main_assemble.cpp             :  286 - Number of local low depth unitigs removed: 16049, complex bubbles removed: 548, time: 2.745960'
2023-07-26 12:12:53 - b'INFO  assembly/contig_stat.h        :   40 - Max: 183313, Min: 80, N50: 2761, number contigs: 956523, number isolated: 165707, number looped: 145, total size: 654520703,'
2023-07-26 12:13:05 - b'INFO  utils/utils.h                 :  152 - Real: 115.8338\tuser: 5352.0978\tsys: 29.6254\tmaxrss: 2761284'
2023-07-26 12:13:05 - Local assembly for k = 79
2023-07-26 12:13:05 - command /home/diego.franco/.conda/envs/anvio/bin/megahit_core local -c /mnt/qnap/users/diego.franco/tomato_metagenomics/assemblies/T3_FOM_assembly/intermediate_contigs/k79.contigs.fa -l /mnt/qnap/users/diego.franco/tomato_metagenomics/assemblies/T3_FOM_assembly/tmp/reads.lib -t 60 -o /mnt/qnap/users/diego.franco/tomato_metagenomics/assemblies/T3_FOM_assembly/intermediate_contigs/k79.local.fa --kmax 99
2023-07-26 12:19:26 - b'INFO  localasm/hash_mapper.cpp      :   99 - Number of contigs: 491367, index size: 71424234'
2023-07-26 12:19:26 - b'INFO  localasm/local_assemble.cpp   :  315 - Hash mapper construction time elapsed: 381.321222'
2023-07-26 12:19:26 - b'INFO  sequence/io/sequence_lib.cpp  :  115 - Before reading, sizeof seq_package: 3182861624'
2023-07-26 12:19:30 - b'INFO  sequence/io/sequence_lib.cpp  :  117 - After reading, sizeof seq_package: 3182861624'
2023-07-26 12:19:30 - b'INFO  localasm/local_assemble.cpp   :  324 - Read lib time elapsed: 4.094938'
2023-07-26 12:19:32 - b'INFO  localasm/local_assemble.cpp   :  133 - Lib 0, insert size: 316.00 sd: 80.69'
2023-07-26 12:19:32 - b'INFO  localasm/local_assemble.cpp   :  330 - Insert size estimation time elapsed: 1.602305'
2023-07-26 12:19:52 - b'INFO  localasm/local_assemble.cpp   :  218 - Lib 0: total 96450352 reads, aligned 85643037, added 23073798 reads to local assembly'
2023-07-26 12:19:52 - b'INFO  localasm/local_assemble.cpp   :  338 - Mapping time elapsed: 20.289532'
2023-07-26 12:19:52 - b'INFO  localasm/local_assemble.cpp   :  232 - Minimum number of reads to do local assembly: 5'
2023-07-26 12:23:44 - b'INFO  localasm/local_assemble.cpp   :  346 - Local assembly time elapsed: 231.723391'
2023-07-26 12:23:45 - b'INFO  utils/utils.h                 :  152 - Real: 639.7156\tuser: 36001.6701\tsys: 116.6672\tmaxrss: 5744588'
2023-07-26 12:23:45 - Extract iterative edges from k = 79 to 99 
2023-07-26 12:23:45 - command /home/diego.franco/.conda/envs/anvio/bin/megahit_core iterate -c /mnt/qnap/users/diego.franco/tomato_metagenomics/assemblies/T3_FOM_assembly/intermediate_contigs/k79.contigs.fa -b /mnt/qnap/users/diego.franco/tomato_metagenomics/assemblies/T3_FOM_assembly/intermediate_contigs/k79.bubble_seq.fa -t 60 -k 79 -s 20 -o /mnt/qnap/users/diego.franco/tomato_metagenomics/assemblies/T3_FOM_assembly/tmp/k99/99 -r /mnt/qnap/users/diego.franco/tomato_metagenomics/assemblies/T3_FOM_assembly/tmp/reads.lib.bin
2023-07-26 12:23:45 - b'INFO  main_iterate.cpp              :  190 - Selected kmer type size for k: 20'
2023-07-26 12:23:46 - b'INFO  main_iterate.cpp              :  174 - Read 512690 contigs'
2023-07-26 12:23:50 - b'INFO  main_iterate.cpp              :  176 - Number of flank kmers: 1007361'
2023-07-26 12:23:50 - b'INFO  main_iterate.cpp              :  174 - Read 322838 contigs'
2023-07-26 12:23:57 - b'INFO  main_iterate.cpp              :  176 - Number of flank kmers: 1641294'
2023-07-26 12:23:58 - b'INFO  main_iterate.cpp              :  174 - Read 131802 contigs'
2023-07-26 12:23:59 - b'INFO  main_iterate.cpp              :  176 - Number of flank kmers: 1836595'
2023-07-26 12:23:59 - b'INFO  main_iterate.cpp              :  123 - Selected kmer type size for next k: 28'
2023-07-26 12:23:59 - b'INFO  main_iterate.cpp              :  138 - Processed: 4194304, aligned: 89020. Iterative edges: 73136'
2023-07-26 12:24:00 - b'INFO  main_iterate.cpp              :  138 - Processed: 8388608, aligned: 175010. Iterative edges: 138569'
2023-07-26 12:24:00 - b'INFO  main_iterate.cpp              :  138 - Processed: 12582912, aligned: 249854. Iterative edges: 193380'
2023-07-26 12:24:00 - b'INFO  main_iterate.cpp              :  138 - Processed: 16777216, aligned: 319358. Iterative edges: 242585'
2023-07-26 12:24:00 - b'INFO  main_iterate.cpp              :  138 - Processed: 20971520, aligned: 408397. Iterative edges: 303313'
2023-07-26 12:24:01 - b'INFO  main_iterate.cpp              :  138 - Processed: 25165824, aligned: 495822. Iterative edges: 361176'
2023-07-26 12:24:01 - b'INFO  main_iterate.cpp              :  138 - Processed: 29360128, aligned: 584210. Iterative edges: 417671'
2023-07-26 12:24:01 - b'INFO  main_iterate.cpp              :  138 - Processed: 33554432, aligned: 673294. Iterative edges: 473555'
2023-07-26 12:24:02 - b'INFO  main_iterate.cpp              :  138 - Processed: 37748736, aligned: 764885. Iterative edges: 529979'
2023-07-26 12:24:02 - b'INFO  main_iterate.cpp              :  138 - Processed: 41943040, aligned: 857000. Iterative edges: 585978'
2023-07-26 12:24:02 - b'INFO  main_iterate.cpp              :  138 - Processed: 46137344, aligned: 949726. Iterative edges: 641315'
2023-07-26 12:24:02 - b'INFO  main_iterate.cpp              :  138 - Processed: 50331648, aligned: 1042540. Iterative edges: 695659'
2023-07-26 12:24:03 - b'INFO  main_iterate.cpp              :  138 - Processed: 54525952, aligned: 1137111. Iterative edges: 750337'
2023-07-26 12:24:03 - b'INFO  main_iterate.cpp              :  138 - Processed: 58720256, aligned: 1230379. Iterative edges: 803659'
2023-07-26 12:24:03 - b'INFO  main_iterate.cpp              :  138 - Processed: 62914560, aligned: 1325078. Iterative edges: 856586'
2023-07-26 12:24:03 - b'INFO  main_iterate.cpp              :  138 - Processed: 67108864, aligned: 1419055. Iterative edges: 908324'
2023-07-26 12:24:04 - b'INFO  main_iterate.cpp              :  138 - Processed: 71303168, aligned: 1513041. Iterative edges: 959438'
2023-07-26 12:24:04 - b'INFO  main_iterate.cpp              :  138 - Processed: 75497472, aligned: 1606304. Iterative edges: 1009660'
2023-07-26 12:24:04 - b'INFO  main_iterate.cpp              :  138 - Processed: 79691776, aligned: 1699367. Iterative edges: 1058871'
2023-07-26 12:24:04 - b'INFO  main_iterate.cpp              :  138 - Processed: 83886080, aligned: 1792514. Iterative edges: 1107619'
2023-07-26 12:24:05 - b'INFO  main_iterate.cpp              :  138 - Processed: 88080384, aligned: 1883517. Iterative edges: 1155156'
2023-07-26 12:24:05 - b'INFO  main_iterate.cpp              :  138 - Processed: 92274688, aligned: 1975398. Iterative edges: 1202225'
2023-07-26 12:24:05 - b'INFO  main_iterate.cpp              :  138 - Processed: 96450352, aligned: 2065137. Iterative edges: 1248072'
2023-07-26 12:24:05 - b'INFO  main_iterate.cpp              :  142 - Total: 96450352, aligned: 2065137. Iterative edges: 1248072'
2023-07-26 12:24:06 - b'INFO  utils/utils.h                 :  152 - Real: 21.4863\tuser: 990.7277\tsys: 10.6461\tmaxrss: 489488'
2023-07-26 12:24:06 - Build graph for k = 99 
2023-07-26 12:24:06 - command /home/diego.franco/.conda/envs/anvio/bin/megahit_core seq2sdbg --host_mem 459313157734 --mem_flag 1 --output_prefix /mnt/qnap/users/diego.franco/tomato_metagenomics/assemblies/T3_FOM_assembly/tmp/k99/99 --num_cpu_threads 60 -k 99 --kmer_from 79 --input_prefix /mnt/qnap/users/diego.franco/tomato_metagenomics/assemblies/T3_FOM_assembly/tmp/k99/99 --addi_contig /mnt/qnap/users/diego.franco/tomato_metagenomics/assemblies/T3_FOM_assembly/intermediate_contigs/k79.addi.fa --local_contig /mnt/qnap/users/diego.franco/tomato_metagenomics/assemblies/T3_FOM_assembly/intermediate_contigs/k79.local.fa --contig /mnt/qnap/users/diego.franco/tomato_metagenomics/assemblies/T3_FOM_assembly/intermediate_contigs/k79.contigs.fa --bubble /mnt/qnap/users/diego.franco/tomato_metagenomics/assemblies/T3_FOM_assembly/intermediate_contigs/k79.bubble_seq.fa
2023-07-26 12:24:06 - b'INFO  sorting/base_engine.cpp       :  148 - Preparing data...'
2023-07-26 12:24:06 - b'INFO  sorting/seq_to_sdbg.cpp       :  369 - Number edges: 1248072'
2023-07-26 12:24:06 - b'INFO  sorting/seq_to_sdbg.cpp       :  413 - Bases to reserve: 646909570, number contigs: 2068950, number multiplicity: 3317022'
2023-07-26 12:24:06 - b'INFO  sorting/seq_to_sdbg.cpp       :  421 - Before reading, sizeof seq_package: 178279004, multiplicity vector: 3317022'
2023-07-26 12:24:06 - b'INFO  sorting/seq_to_sdbg.cpp       :  428 - Read 1248072 edges.'
2023-07-26 12:24:06 - b'INFO  sorting/seq_to_sdbg.cpp       :  429 - After reading, sizeof seq_package: 178279004/1248072/124807200, multiplicity vector: 1248072/3317022'
2023-07-26 12:24:08 - b'INFO  sorting/seq_to_sdbg.cpp       :  458 - Read 799148 contigs from /mnt/qnap/users/diego.franco/tomato_metagenomics/assemblies/T3_FOM_assembly/intermediate_contigs/k79.contigs.fa.'
2023-07-26 12:24:08 - b'INFO  sorting/seq_to_sdbg.cpp       :  459 - After reading contigs, sizeof seq_package: 340006400/2047220/766403085, multiplicity vector: 2047220/3317022'
2023-07-26 12:24:08 - b'INFO  sorting/seq_to_sdbg.cpp       :  470 - Read 124725 contigs from /mnt/qnap/users/diego.franco/tomato_metagenomics/assemblies/T3_FOM_assembly/intermediate_contigs/k79.bubble_seq.fa.'
2023-07-26 12:24:08 - b'INFO  sorting/seq_to_sdbg.cpp       :  471 - After reading contigs, sizeof seq_package: 340006400/2171945/856426834, multiplicity vector: 2171945/3317022'
2023-07-26 12:24:08 - b'INFO  sorting/seq_to_sdbg.cpp       :  484 - Read 16453 contigs from /mnt/qnap/users/diego.franco/tomato_metagenomics/assemblies/T3_FOM_assembly/intermediate_contigs/k79.addi.fa.'
2023-07-26 12:24:08 - b'INFO  sorting/seq_to_sdbg.cpp       :  485 - After reading contigs, sizeof seq_package: 340006400/2188398/900156212, multiplicity vector: 2188398/3317022'
2023-07-26 12:24:10 - b'INFO  sorting/seq_to_sdbg.cpp       :  498 - Read 921444 contigs from /mnt/qnap/users/diego.franco/tomato_metagenomics/assemblies/T3_FOM_assembly/intermediate_contigs/k79.local.fa.'
2023-07-26 12:24:10 - b'INFO  sorting/seq_to_sdbg.cpp       :  499 - After reading contigs, sizeof seq_package: 663461192/3109842/1390128414, multiplicity vector: 3109842/3317022'
2023-07-26 12:24:10 - b'INFO  sorting/seq_to_sdbg.cpp       :  506 - Finally, sizeof seq_package: 663461192/3109842/1390128414, multiplicity vector: 3109842/3317022'
2023-07-26 12:24:10 - b'INFO  sorting/base_engine.cpp       :  153 - Preparing data... Done. Time elapsed: 3.4324'
2023-07-26 12:24:10 - b'INFO  sorting/base_engine.cpp       :  156 - Preparing partitions and calculating bucket sizes...'
2023-07-26 12:24:10 - b'INFO  sorting/base_engine.cpp       :   80 - Minimum memory required: 784115560 bytes'
2023-07-26 12:24:11 - b'INFO  sorting/base_engine.cpp       :  138 - Lv1 items: 290259664, Lv2 items: 5979120'
2023-07-26 12:24:11 - b'INFO  sorting/base_engine.cpp       :  139 - Memory of derived class: 680955644, Memory for Lv1+Lv2: 1328454016'
2023-07-26 12:24:11 - b'INFO  sorting/base_engine.cpp       :  165 - Preparing partitions and calculating bucket sizes... Done. Time elapsed: 1.0217'
2023-07-26 12:24:11 - b'INFO  sorting/base_engine.cpp       :  172 - Start main loop...'
2023-07-26 12:24:11 - b'INFO  sorting/base_engine.cpp       :  185 - Lv1 scanning from bucket 0 to 209'
2023-07-26 12:24:11 - b'INFO  sorting/base_engine.cpp       :  192 - Lv1 scanning done. Large diff: 0. Time elapsed: 0.4122'
2023-07-26 12:24:12 - b'INFO  sorting/base_engine.cpp       :  198 - Lv1 fetching & sorting done. Time elapsed: 0.5855'
2023-07-26 12:24:12 - b'INFO  sorting/base_engine.cpp       :  185 - Lv1 scanning from bucket 209 to 1257'
2023-07-26 12:24:12 - b'INFO  sorting/base_engine.cpp       :  192 - Lv1 scanning done. Large diff: 0. Time elapsed: 0.5149'
2023-07-26 12:24:14 - b'INFO  sorting/base_engine.cpp       :  198 - Lv1 fetching & sorting done. Time elapsed: 1.2493'
2023-07-26 12:24:14 - b'INFO  sorting/base_engine.cpp       :  185 - Lv1 scanning from bucket 1257 to 3378'
2023-07-26 12:24:14 - b'INFO  sorting/base_engine.cpp       :  192 - Lv1 scanning done. Large diff: 0. Time elapsed: 0.5354'
2023-07-26 12:24:16 - b'INFO  sorting/base_engine.cpp       :  198 - Lv1 fetching & sorting done. Time elapsed: 2.3571'
2023-07-26 12:24:16 - b'INFO  sorting/base_engine.cpp       :  185 - Lv1 scanning from bucket 3378 to 6680'
2023-07-26 12:24:17 - b'INFO  sorting/base_engine.cpp       :  192 - Lv1 scanning done. Large diff: 0. Time elapsed: 0.5224'
2023-07-26 12:24:19 - b'INFO  sorting/base_engine.cpp       :  198 - Lv1 fetching & sorting done. Time elapsed: 1.6417'
2023-07-26 12:24:19 - b'INFO  sorting/base_engine.cpp       :  185 - Lv1 scanning from bucket 6680 to 11428'
2023-07-26 12:24:19 - b'INFO  sorting/base_engine.cpp       :  192 - Lv1 scanning done. Large diff: 0. Time elapsed: 0.7978'
2023-07-26 12:24:21 - b'INFO  sorting/base_engine.cpp       :  198 - Lv1 fetching & sorting done. Time elapsed: 1.9563'
2023-07-26 12:24:21 - b'INFO  sorting/base_engine.cpp       :  185 - Lv1 scanning from bucket 11428 to 18229'
2023-07-26 12:24:22 - b'INFO  sorting/base_engine.cpp       :  192 - Lv1 scanning done. Large diff: 0. Time elapsed: 0.7531'
2023-07-26 12:24:24 - b'INFO  sorting/base_engine.cpp       :  198 - Lv1 fetching & sorting done. Time elapsed: 1.9220'
2023-07-26 12:24:24 - b'INFO  sorting/base_engine.cpp       :  185 - Lv1 scanning from bucket 18229 to 28632'
2023-07-26 12:24:25 - b'INFO  sorting/base_engine.cpp       :  192 - Lv1 scanning done. Large diff: 0. Time elapsed: 0.7229'
2023-07-26 12:24:27 - b'INFO  sorting/base_engine.cpp       :  198 - Lv1 fetching & sorting done. Time elapsed: 1.9802'
2023-07-26 12:24:27 - b'INFO  sorting/base_engine.cpp       :  185 - Lv1 scanning from bucket 28632 to 50497'
2023-07-26 12:24:28 - b'INFO  sorting/base_engine.cpp       :  192 - Lv1 scanning done. Large diff: 0. Time elapsed: 0.7895'
2023-07-26 12:24:30 - b'INFO  sorting/base_engine.cpp       :  198 - Lv1 fetching & sorting done. Time elapsed: 2.1273'
2023-07-26 12:24:30 - b'INFO  sorting/base_engine.cpp       :  185 - Lv1 scanning from bucket 50497 to 65536'
2023-07-26 12:24:30 - b'INFO  sorting/base_engine.cpp       :  192 - Lv1 scanning done. Large diff: 0. Time elapsed: 0.4665'
2023-07-26 12:24:31 - b'INFO  sorting/base_engine.cpp       :  198 - Lv1 fetching & sorting done. Time elapsed: 0.4900'
2023-07-26 12:24:31 - b'INFO  sorting/base_engine.cpp       :  204 - Main loop done. Time elapsed: 19.8252'
2023-07-26 12:24:31 - b'INFO  sorting/base_engine.cpp       :  207 - Postprocessing...'
2023-07-26 12:24:53 - b'INFO  sorting/seq_to_sdbg.cpp       :  793 - Number of $ A C G T A- C- G- T-:'
2023-07-26 12:24:53 - b'INFO  sorting/seq_to_sdbg.cpp       :  794 - 1562876 431548765 221807266 221783918 431608597 293859 168372 167099 294002'
2023-07-26 12:24:53 - b'INFO  sorting/seq_to_sdbg.cpp       :  800 - Total number of edges: 1309234754'
2023-07-26 12:24:53 - b'INFO  sorting/seq_to_sdbg.cpp       :  801 - Total number of ONEs: 1306748546'
2023-07-26 12:24:53 - b'INFO  sorting/seq_to_sdbg.cpp       :  802 - Total number of $v edges: 1562876'
2023-07-26 12:24:53 - b'INFO  sorting/base_engine.cpp       :  210 - Postprocess done. Time elapsed: 21.9217'
2023-07-26 12:24:53 - b'INFO  utils/utils.h                 :  152 - Real: 46.3112\tuser: 913.3550\tsys: 83.2930\tmaxrss: 1815592'
2023-07-26 12:24:53 - Assemble contigs from SdBG for k = 99
2023-07-26 12:24:53 - command /home/diego.franco/.conda/envs/anvio/bin/megahit_core assemble -s /mnt/qnap/users/diego.franco/tomato_metagenomics/assemblies/T3_FOM_assembly/tmp/k99/99 -o /mnt/qnap/users/diego.franco/tomato_metagenomics/assemblies/T3_FOM_assembly/intermediate_contigs/k99 -t 60 --min_standalone 1000 --prune_level 2 --merge_len 20 --merge_similar 0.95 --cleaning_rounds 5 --disconnect_ratio 0.1 --low_local_ratio 0.2 --cleaning_rounds 5 --min_depth 2 --bubble_level 2 --max_tip_len -1 --careful_bubble
2023-07-26 12:25:08 - b'INFO  main_assemble.cpp             :  129 - Loading succinct de Bruijn graph: /mnt/qnap/users/diego.franco/tomato_metagenomics/assemblies/T3_FOM_assembly/tmp/k99/99Done. Time elapsed: 15.533523'
2023-07-26 12:25:08 - b'INFO  main_assemble.cpp             :  133 - Number of Edges: 1309234754; K value: 99'
2023-07-26 12:25:08 - b'INFO  main_assemble.cpp             :  140 - Number of CPU threads: 60'
2023-07-26 12:25:13 - b'INFO  assembly/sdbg_pruning.cpp     :  160 - Removing tips with length less than 2; Accumulated tips removed: 279904; time elapsed: 0.3375'
2023-07-26 12:25:14 - b'INFO  assembly/sdbg_pruning.cpp     :  160 - Removing tips with length less than 4; Accumulated tips removed: 339738; time elapsed: 0.3780'
2023-07-26 12:25:14 - b'INFO  assembly/sdbg_pruning.cpp     :  160 - Removing tips with length less than 8; Accumulated tips removed: 405144; time elapsed: 0.5157'
2023-07-26 12:25:15 - b'INFO  assembly/sdbg_pruning.cpp     :  160 - Removing tips with length less than 16; Accumulated tips removed: 524602; time elapsed: 0.8063'
2023-07-26 12:25:16 - b'INFO  assembly/sdbg_pruning.cpp     :  160 - Removing tips with length less than 32; Accumulated tips removed: 749022; time elapsed: 1.4070'
2023-07-26 12:25:18 - b'INFO  assembly/sdbg_pruning.cpp     :  160 - Removing tips with length less than 64; Accumulated tips removed: 1135293; time elapsed: 2.2257'
2023-07-26 12:25:22 - b'INFO  assembly/sdbg_pruning.cpp     :  160 - Removing tips with length less than 128; Accumulated tips removed: 1435195; time elapsed: 3.4193'
2023-07-26 12:25:26 - b'INFO  assembly/sdbg_pruning.cpp     :  169 - Removing tips with length less than 198; Accumulated tips removed: 1578163; time elapsed: 3.9661'
2023-07-26 12:25:26 - b'INFO  main_assemble.cpp             :  158 - Tips removal done! Time elapsed(sec): 17.687'
2023-07-26 12:25:55 - b'INFO  assembly/unitig_graph.cpp     :   83 - Graph size without loops: 904608, palindrome: 9'
2023-07-26 12:25:56 - b'INFO  main_assemble.cpp             :  166 - unitig graph size: 904724, time for building: 29.880'
2023-07-26 12:26:03 - b'INFO  assembly/contig_stat.h        :   40 - Max: 226611, Min: 100, N50: 2966, number contigs: 904724, number isolated: 147211, number looped: 116, total size: 705247461,'
2023-07-26 12:26:03 - b'INFO  main_assemble.cpp             :  184 - Graph cleaning round 1'
2023-07-26 12:26:04 - b'INFO  main_assemble.cpp             :  200 - Number of bubbles removed: 19848, Time elapsed(sec): 0.897'
2023-07-26 12:26:05 - b'INFO  main_assemble.cpp             :  210 - Number of complex bubbles removed: 14168, Time elapsed(sec): 0.776365'
2023-07-26 12:26:05 - b'INFO  main_assemble.cpp             :  221 - Number unitigs disconnected: 21340, time: 0.220'
2023-07-26 12:26:05 - b'INFO  main_assemble.cpp             :  245 - Unitigs removed in excessive pruning: 1625, time: 0.066'
2023-07-26 12:26:05 - b'INFO  main_assemble.cpp             :  184 - Graph cleaning round 2'
2023-07-26 12:26:06 - b'INFO  main_assemble.cpp             :  192 - Tips removed: 1865, time: 0.442'
2023-07-26 12:26:06 - b'INFO  main_assemble.cpp             :  200 - Number of bubbles removed: 16, Time elapsed(sec): 0.098'
2023-07-26 12:26:06 - b'INFO  main_assemble.cpp             :  210 - Number of complex bubbles removed: 121, Time elapsed(sec): 0.152882'
2023-07-26 12:26:06 - b'INFO  main_assemble.cpp             :  221 - Number unitigs disconnected: 705, time: 0.087'
2023-07-26 12:26:06 - b'INFO  main_assemble.cpp             :  245 - Unitigs removed in excessive pruning: 469, time: 0.078'
2023-07-26 12:26:06 - b'INFO  main_assemble.cpp             :  184 - Graph cleaning round 3'
2023-07-26 12:26:07 - b'INFO  main_assemble.cpp             :  192 - Tips removed: 104, time: 0.435'
2023-07-26 12:26:07 - b'INFO  main_assemble.cpp             :  200 - Number of bubbles removed: 0, Time elapsed(sec): 0.061'
2023-07-26 12:26:07 - b'INFO  main_assemble.cpp             :  210 - Number of complex bubbles removed: 4, Time elapsed(sec): 0.126953'
2023-07-26 12:26:07 - b'INFO  main_assemble.cpp             :  221 - Number unitigs disconnected: 241, time: 0.087'
2023-07-26 12:26:07 - b'INFO  main_assemble.cpp             :  245 - Unitigs removed in excessive pruning: 198, time: 0.074'
2023-07-26 12:26:07 - b'INFO  main_assemble.cpp             :  184 - Graph cleaning round 4'
2023-07-26 12:26:07 - b'INFO  main_assemble.cpp             :  192 - Tips removed: 25, time: 0.389'
2023-07-26 12:26:07 - b'INFO  main_assemble.cpp             :  200 - Number of bubbles removed: 0, Time elapsed(sec): 0.064'
2023-07-26 12:26:07 - b'INFO  main_assemble.cpp             :  210 - Number of complex bubbles removed: 0, Time elapsed(sec): 0.097602'
2023-07-26 12:26:08 - b'INFO  main_assemble.cpp             :  221 - Number unitigs disconnected: 102, time: 0.087'
2023-07-26 12:26:08 - b'INFO  main_assemble.cpp             :  245 - Unitigs removed in excessive pruning: 110, time: 0.078'
2023-07-26 12:26:08 - b'INFO  main_assemble.cpp             :  184 - Graph cleaning round 5'
2023-07-26 12:26:08 - b'INFO  main_assemble.cpp             :  192 - Tips removed: 8, time: 0.320'
2023-07-26 12:26:08 - b'INFO  main_assemble.cpp             :  200 - Number of bubbles removed: 0, Time elapsed(sec): 0.062'
2023-07-26 12:26:08 - b'INFO  main_assemble.cpp             :  210 - Number of complex bubbles removed: 0, Time elapsed(sec): 0.096049'
2023-07-26 12:26:08 - b'INFO  main_assemble.cpp             :  221 - Number unitigs disconnected: 49, time: 0.086'
2023-07-26 12:26:08 - b'INFO  main_assemble.cpp             :  245 - Unitigs removed in excessive pruning: 50, time: 0.076'
2023-07-26 12:26:15 - b'INFO  assembly/contig_stat.h        :   40 - Max: 226611, Min: 100, N50: 3349, number contigs: 773242, number isolated: 157464, number looped: 136, total size: 687801199,'
2023-07-26 12:26:26 - b'INFO  main_assemble.cpp             :  267 - Time to output: 11.395381'
2023-07-26 12:26:28 - b'INFO  main_assemble.cpp             :  286 - Number of local low depth unitigs removed: 9414, complex bubbles removed: 246, time: 2.159179'
2023-07-26 12:26:35 - b'INFO  assembly/contig_stat.h        :   40 - Max: 226611, Min: 100, N50: 3421, number contigs: 749427, number isolated: 159605, number looped: 138, total size: 684679387,'
2023-07-26 12:26:48 - b'INFO  utils/utils.h                 :  152 - Real: 115.0044\tuser: 5189.0959\tsys: 30.5328\tmaxrss: 2913752'
2023-07-26 12:26:48 - Local assembly for k = 99
2023-07-26 12:26:48 - command /home/diego.franco/.conda/envs/anvio/bin/megahit_core local -c /mnt/qnap/users/diego.franco/tomato_metagenomics/assemblies/T3_FOM_assembly/intermediate_contigs/k99.contigs.fa -l /mnt/qnap/users/diego.franco/tomato_metagenomics/assemblies/T3_FOM_assembly/tmp/reads.lib -t 60 -o /mnt/qnap/users/diego.franco/tomato_metagenomics/assemblies/T3_FOM_assembly/intermediate_contigs/k99.local.fa --kmax 119
2023-07-26 12:33:16 - b'INFO  localasm/hash_mapper.cpp      :   99 - Number of contigs: 450479, index size: 76209387'
2023-07-26 12:33:16 - b'INFO  localasm/local_assemble.cpp   :  315 - Hash mapper construction time elapsed: 388.048639'
2023-07-26 12:33:16 - b'INFO  sequence/io/sequence_lib.cpp  :  115 - Before reading, sizeof seq_package: 3182861624'
2023-07-26 12:33:20 - b'INFO  sequence/io/sequence_lib.cpp  :  117 - After reading, sizeof seq_package: 3182861624'
2023-07-26 12:33:20 - b'INFO  localasm/local_assemble.cpp   :  324 - Read lib time elapsed: 4.264507'
2023-07-26 12:33:22 - b'INFO  localasm/local_assemble.cpp   :  133 - Lib 0, insert size: 316.00 sd: 80.33'
2023-07-26 12:33:22 - b'INFO  localasm/local_assemble.cpp   :  330 - Insert size estimation time elapsed: 2.089804'
2023-07-26 12:33:43 - b'INFO  localasm/local_assemble.cpp   :  218 - Lib 0: total 96450352 reads, aligned 86589706, added 19580591 reads to local assembly'
2023-07-26 12:33:43 - b'INFO  localasm/local_assemble.cpp   :  338 - Mapping time elapsed: 20.474555'
2023-07-26 12:33:43 - b'INFO  localasm/local_assemble.cpp   :  232 - Minimum number of reads to do local assembly: 5'
2023-07-26 12:36:56 - b'INFO  localasm/local_assemble.cpp   :  346 - Local assembly time elapsed: 192.973105'
2023-07-26 12:36:56 - b'INFO  utils/utils.h                 :  152 - Real: 608.5260\tuser: 33841.0727\tsys: 111.3490\tmaxrss: 5634488'
2023-07-26 12:36:57 - Extract iterative edges from k = 99 to 119 
2023-07-26 12:36:57 - command /home/diego.franco/.conda/envs/anvio/bin/megahit_core iterate -c /mnt/qnap/users/diego.franco/tomato_metagenomics/assemblies/T3_FOM_assembly/intermediate_contigs/k99.contigs.fa -b /mnt/qnap/users/diego.franco/tomato_metagenomics/assemblies/T3_FOM_assembly/intermediate_contigs/k99.bubble_seq.fa -t 60 -k 99 -s 20 -o /mnt/qnap/users/diego.franco/tomato_metagenomics/assemblies/T3_FOM_assembly/tmp/k119/119 -r /mnt/qnap/users/diego.franco/tomato_metagenomics/assemblies/T3_FOM_assembly/tmp/reads.lib.bin
2023-07-26 12:36:57 - b'INFO  main_iterate.cpp              :  190 - Selected kmer type size for k: 28'
2023-07-26 12:36:58 - b'INFO  main_iterate.cpp              :  174 - Read 440010 contigs'
2023-07-26 12:37:05 - b'INFO  main_iterate.cpp              :  176 - Number of flank kmers: 866650'
2023-07-26 12:37:05 - b'INFO  main_iterate.cpp              :  174 - Read 175768 contigs'
2023-07-26 12:37:06 - b'INFO  main_iterate.cpp              :  176 - Number of flank kmers: 1212716'
2023-07-26 12:37:06 - b'INFO  main_iterate.cpp              :  174 - Read 89018 contigs'
2023-07-26 12:37:07 - b'INFO  main_iterate.cpp              :  176 - Number of flank kmers: 1345301'
2023-07-26 12:37:07 - b'INFO  main_iterate.cpp              :  123 - Selected kmer type size for next k: 32'
2023-07-26 12:37:07 - b'INFO  main_iterate.cpp              :  138 - Processed: 4194304, aligned: 0. Iterative edges: 0'
2023-07-26 12:37:07 - b'INFO  main_iterate.cpp              :  138 - Processed: 8388608, aligned: 0. Iterative edges: 0'
2023-07-26 12:37:08 - b'INFO  main_iterate.cpp              :  138 - Processed: 12582912, aligned: 0. Iterative edges: 0'
2023-07-26 12:37:08 - b'INFO  main_iterate.cpp              :  138 - Processed: 16777216, aligned: 0. Iterative edges: 0'
2023-07-26 12:37:08 - b'INFO  main_iterate.cpp              :  138 - Processed: 20971520, aligned: 0. Iterative edges: 0'
2023-07-26 12:37:08 - b'INFO  main_iterate.cpp              :  138 - Processed: 25165824, aligned: 0. Iterative edges: 0'
2023-07-26 12:37:08 - b'INFO  main_iterate.cpp              :  138 - Processed: 29360128, aligned: 0. Iterative edges: 0'
2023-07-26 12:37:08 - b'INFO  main_iterate.cpp              :  138 - Processed: 33554432, aligned: 0. Iterative edges: 0'
2023-07-26 12:37:09 - b'INFO  main_iterate.cpp              :  138 - Processed: 37748736, aligned: 0. Iterative edges: 0'
2023-07-26 12:37:09 - b'INFO  main_iterate.cpp              :  138 - Processed: 41943040, aligned: 0. Iterative edges: 0'
2023-07-26 12:37:09 - b'INFO  main_iterate.cpp              :  138 - Processed: 46137344, aligned: 0. Iterative edges: 0'
2023-07-26 12:37:09 - b'INFO  main_iterate.cpp              :  138 - Processed: 50331648, aligned: 0. Iterative edges: 0'
2023-07-26 12:37:09 - b'INFO  main_iterate.cpp              :  138 - Processed: 54525952, aligned: 0. Iterative edges: 0'
2023-07-26 12:37:09 - b'INFO  main_iterate.cpp              :  138 - Processed: 58720256, aligned: 0. Iterative edges: 0'
2023-07-26 12:37:09 - b'INFO  main_iterate.cpp              :  138 - Processed: 62914560, aligned: 0. Iterative edges: 0'
2023-07-26 12:37:10 - b'INFO  main_iterate.cpp              :  138 - Processed: 67108864, aligned: 0. Iterative edges: 0'
2023-07-26 12:37:10 - b'INFO  main_iterate.cpp              :  138 - Processed: 71303168, aligned: 0. Iterative edges: 0'
2023-07-26 12:37:10 - b'INFO  main_iterate.cpp              :  138 - Processed: 75497472, aligned: 0. Iterative edges: 0'
2023-07-26 12:37:10 - b'INFO  main_iterate.cpp              :  138 - Processed: 79691776, aligned: 0. Iterative edges: 0'
2023-07-26 12:37:10 - b'INFO  main_iterate.cpp              :  138 - Processed: 83886080, aligned: 0. Iterative edges: 0'
2023-07-26 12:37:10 - b'INFO  main_iterate.cpp              :  138 - Processed: 88080384, aligned: 0. Iterative edges: 0'
2023-07-26 12:37:11 - b'INFO  main_iterate.cpp              :  138 - Processed: 92274688, aligned: 0. Iterative edges: 0'
2023-07-26 12:37:11 - b'INFO  main_iterate.cpp              :  138 - Processed: 96450352, aligned: 0. Iterative edges: 0'
2023-07-26 12:37:11 - b'INFO  main_iterate.cpp              :  142 - Total: 96450352, aligned: 0. Iterative edges: 0'
2023-07-26 12:37:11 - b'INFO  utils/utils.h                 :  152 - Real: 14.2232\tuser: 531.3092\tsys: 6.6773\tmaxrss: 376916'
2023-07-26 12:37:11 - Build graph for k = 119 
2023-07-26 12:37:11 - command /home/diego.franco/.conda/envs/anvio/bin/megahit_core seq2sdbg --host_mem 459313157734 --mem_flag 1 --output_prefix /mnt/qnap/users/diego.franco/tomato_metagenomics/assemblies/T3_FOM_assembly/tmp/k119/119 --num_cpu_threads 60 -k 119 --kmer_from 99 --input_prefix /mnt/qnap/users/diego.franco/tomato_metagenomics/assemblies/T3_FOM_assembly/tmp/k119/119 --addi_contig /mnt/qnap/users/diego.franco/tomato_metagenomics/assemblies/T3_FOM_assembly/intermediate_contigs/k99.addi.fa --local_contig /mnt/qnap/users/diego.franco/tomato_metagenomics/assemblies/T3_FOM_assembly/intermediate_contigs/k99.local.fa --contig /mnt/qnap/users/diego.franco/tomato_metagenomics/assemblies/T3_FOM_assembly/intermediate_contigs/k99.contigs.fa --bubble /mnt/qnap/users/diego.franco/tomato_metagenomics/assemblies/T3_FOM_assembly/intermediate_contigs/k99.bubble_seq.fa
2023-07-26 12:37:11 - b'INFO  sorting/base_engine.cpp       :  148 - Preparing data...'
2023-07-26 12:37:11 - b'INFO  sorting/seq_to_sdbg.cpp       :  369 - Number edges: 0'
2023-07-26 12:37:11 - b'INFO  sorting/seq_to_sdbg.cpp       :  413 - Bases to reserve: 457255619, number contigs: 1672138, number multiplicity: 1672138'
2023-07-26 12:37:11 - b'INFO  sorting/seq_to_sdbg.cpp       :  421 - Before reading, sizeof seq_package: 127691020, multiplicity vector: 1672138'
2023-07-26 12:37:11 - b'INFO  sorting/seq_to_sdbg.cpp       :  428 - Read 0 edges.'
2023-07-26 12:37:11 - b'INFO  sorting/seq_to_sdbg.cpp       :  429 - After reading, sizeof seq_package: 127691020/0/0, multiplicity vector: 0/1672138'
2023-07-26 12:37:13 - b'INFO  sorting/seq_to_sdbg.cpp       :  458 - Read 637768 contigs from /mnt/qnap/users/diego.franco/tomato_metagenomics/assemblies/T3_FOM_assembly/intermediate_contigs/k99.contigs.fa.'
2023-07-26 12:37:13 - b'INFO  sorting/seq_to_sdbg.cpp       :  459 - After reading contigs, sizeof seq_package: 242004928/637768/673274592, multiplicity vector: 637768/1672138'
2023-07-26 12:37:13 - b'INFO  sorting/seq_to_sdbg.cpp       :  470 - Read 84844 contigs from /mnt/qnap/users/diego.franco/tomato_metagenomics/assemblies/T3_FOM_assembly/intermediate_contigs/k99.bubble_seq.fa.'
2023-07-26 12:37:13 - b'INFO  sorting/seq_to_sdbg.cpp       :  471 - After reading contigs, sizeof seq_package: 242004928/722612/740477946, multiplicity vector: 722612/1672138'
2023-07-26 12:37:13 - b'INFO  sorting/seq_to_sdbg.cpp       :  484 - Read 9413 contigs from /mnt/qnap/users/diego.franco/tomato_metagenomics/assemblies/T3_FOM_assembly/intermediate_contigs/k99.addi.fa.'
2023-07-26 12:37:13 - b'INFO  sorting/seq_to_sdbg.cpp       :  485 - After reading contigs, sizeof seq_package: 242004928/732025/772524907, multiplicity vector: 732025/1672138'
2023-07-26 12:37:14 - b'INFO  sorting/seq_to_sdbg.cpp       :  498 - Read 799919 contigs from /mnt/qnap/users/diego.franco/tomato_metagenomics/assemblies/T3_FOM_assembly/intermediate_contigs/k99.local.fa.'
2023-07-26 12:37:14 - b'INFO  sorting/seq_to_sdbg.cpp       :  499 - After reading contigs, sizeof seq_package: 470632744/1531944/1205358394, multiplicity vector: 1531944/1672138'
2023-07-26 12:37:14 - b'INFO  sorting/seq_to_sdbg.cpp       :  506 - Finally, sizeof seq_package: 470632744/1531944/1205358394, multiplicity vector: 1531944/1672138'
2023-07-26 12:37:14 - b'INFO  sorting/base_engine.cpp       :  153 - Preparing data... Done. Time elapsed: 3.5377'
2023-07-26 12:37:14 - b'INFO  sorting/base_engine.cpp       :  156 - Preparing partitions and calculating bucket sizes...'
2023-07-26 12:37:15 - b'INFO  sorting/base_engine.cpp       :   80 - Minimum memory required: 588946232 bytes'
2023-07-26 12:37:16 - b'INFO  sorting/base_engine.cpp       :  138 - Lv1 items: 273632252, Lv2 items: 5636640'
2023-07-26 12:37:16 - b'INFO  sorting/base_engine.cpp       :  139 - Memory of derived class: 483393908, Memory for Lv1+Lv2: 1297448048'
2023-07-26 12:37:16 - b'INFO  sorting/base_engine.cpp       :  165 - Preparing partitions and calculating bucket sizes... Done. Time elapsed: 1.2007'
2023-07-26 12:37:16 - b'INFO  sorting/base_engine.cpp       :  172 - Start main loop...'
2023-07-26 12:37:16 - b'INFO  sorting/base_engine.cpp       :  185 - Lv1 scanning from bucket 0 to 69'
2023-07-26 12:37:16 - b'INFO  sorting/base_engine.cpp       :  192 - Lv1 scanning done. Large diff: 0. Time elapsed: 0.2941'
2023-07-26 12:37:16 - b'INFO  sorting/base_engine.cpp       :  198 - Lv1 fetching & sorting done. Time elapsed: 0.2788'
2023-07-26 12:37:16 - b'INFO  sorting/base_engine.cpp       :  185 - Lv1 scanning from bucket 69 to 588'
2023-07-26 12:37:16 - b'INFO  sorting/base_engine.cpp       :  192 - Lv1 scanning done. Large diff: 0. Time elapsed: 0.3157'
2023-07-26 12:37:17 - b'INFO  sorting/base_engine.cpp       :  198 - Lv1 fetching & sorting done. Time elapsed: 0.7729'
2023-07-26 12:37:17 - b'INFO  sorting/base_engine.cpp       :  185 - Lv1 scanning from bucket 588 to 2145'
2023-07-26 12:37:18 - b'INFO  sorting/base_engine.cpp       :  192 - Lv1 scanning done. Large diff: 0. Time elapsed: 0.4723'
2023-07-26 12:37:21 - b'INFO  sorting/base_engine.cpp       :  198 - Lv1 fetching & sorting done. Time elapsed: 3.5466'
2023-07-26 12:37:21 - b'INFO  sorting/base_engine.cpp       :  185 - Lv1 scanning from bucket 2145 to 4793'
2023-07-26 12:37:22 - b'INFO  sorting/base_engine.cpp       :  192 - Lv1 scanning done. Large diff: 0. Time elapsed: 0.4331'
2023-07-26 12:37:23 - b'INFO  sorting/base_engine.cpp       :  198 - Lv1 fetching & sorting done. Time elapsed: 1.5775'
2023-07-26 12:37:23 - b'INFO  sorting/base_engine.cpp       :  185 - Lv1 scanning from bucket 4793 to 8806'
2023-07-26 12:37:24 - b'INFO  sorting/base_engine.cpp       :  192 - Lv1 scanning done. Large diff: 0. Time elapsed: 0.4600'
2023-07-26 12:37:26 - b'INFO  sorting/base_engine.cpp       :  198 - Lv1 fetching & sorting done. Time elapsed: 1.8622'
2023-07-26 12:37:26 - b'INFO  sorting/base_engine.cpp       :  185 - Lv1 scanning from bucket 8806 to 14545'
2023-07-26 12:37:26 - b'INFO  sorting/base_engine.cpp       :  192 - Lv1 scanning done. Large diff: 0. Time elapsed: 0.6224'
2023-07-26 12:37:28 - b'INFO  sorting/base_engine.cpp       :  198 - Lv1 fetching & sorting done. Time elapsed: 2.2041'
2023-07-26 12:37:28 - b'INFO  sorting/base_engine.cpp       :  185 - Lv1 scanning from bucket 14545 to 23019'
2023-07-26 12:37:29 - b'INFO  sorting/base_engine.cpp       :  192 - Lv1 scanning done. Large diff: 0. Time elapsed: 0.5716'
2023-07-26 12:37:31 - b'INFO  sorting/base_engine.cpp       :  198 - Lv1 fetching & sorting done. Time elapsed: 2.0631'
2023-07-26 12:37:31 - b'INFO  sorting/base_engine.cpp       :  185 - Lv1 scanning from bucket 23019 to 37470'
2023-07-26 12:37:32 - b'INFO  sorting/base_engine.cpp       :  192 - Lv1 scanning done. Large diff: 0. Time elapsed: 0.5983'
2023-07-26 12:37:34 - b'INFO  sorting/base_engine.cpp       :  198 - Lv1 fetching & sorting done. Time elapsed: 2.3253'
2023-07-26 12:37:34 - b'INFO  sorting/base_engine.cpp       :  185 - Lv1 scanning from bucket 37470 to 65536'
2023-07-26 12:37:34 - b'INFO  sorting/base_engine.cpp       :  192 - Lv1 scanning done. Large diff: 0. Time elapsed: 0.5406'
2023-07-26 12:37:36 - b'INFO  sorting/base_engine.cpp       :  198 - Lv1 fetching & sorting done. Time elapsed: 1.7369'
2023-07-26 12:37:36 - b'INFO  sorting/base_engine.cpp       :  204 - Main loop done. Time elapsed: 20.6772'
2023-07-26 12:37:36 - b'INFO  sorting/base_engine.cpp       :  207 - Postprocessing...'
2023-07-26 12:38:04 - b'INFO  sorting/seq_to_sdbg.cpp       :  793 - Number of $ A C G T A- C- G- T-:'
2023-07-26 12:38:04 - b'INFO  sorting/seq_to_sdbg.cpp       :  794 - 1101991 443276231 229620959 229676568 443353550 220491 131698 129443 221755'
2023-07-26 12:38:04 - b'INFO  sorting/seq_to_sdbg.cpp       :  800 - Total number of edges: 1347732686'
2023-07-26 12:38:04 - b'INFO  sorting/seq_to_sdbg.cpp       :  801 - Total number of ONEs: 1345927308'
2023-07-26 12:38:04 - b'INFO  sorting/seq_to_sdbg.cpp       :  802 - Total number of $v edges: 1101991'
2023-07-26 12:38:04 - b'INFO  sorting/base_engine.cpp       :  210 - Postprocess done. Time elapsed: 27.5394'
2023-07-26 12:38:04 - b'INFO  utils/utils.h                 :  152 - Real: 53.0628\tuser: 973.5683\tsys: 40.8611\tmaxrss: 1734208'
2023-07-26 12:38:04 - Assemble contigs from SdBG for k = 119
2023-07-26 12:38:04 - command /home/diego.franco/.conda/envs/anvio/bin/megahit_core assemble -s /mnt/qnap/users/diego.franco/tomato_metagenomics/assemblies/T3_FOM_assembly/tmp/k119/119 -o /mnt/qnap/users/diego.franco/tomato_metagenomics/assemblies/T3_FOM_assembly/intermediate_contigs/k119 -t 60 --min_standalone 1000 --prune_level 2 --merge_len 20 --merge_similar 0.95 --cleaning_rounds 5 --disconnect_ratio 0.1 --low_local_ratio 0.2 --cleaning_rounds 5 --min_depth 2 --bubble_level 2 --max_tip_len -1 --is_final_round
2023-07-26 12:38:20 - b'INFO  main_assemble.cpp             :  129 - Loading succinct de Bruijn graph: /mnt/qnap/users/diego.franco/tomato_metagenomics/assemblies/T3_FOM_assembly/tmp/k119/119Done. Time elapsed: 15.750977'
2023-07-26 12:38:20 - b'INFO  main_assemble.cpp             :  133 - Number of Edges: 1347732686; K value: 119'
2023-07-26 12:38:20 - b'INFO  main_assemble.cpp             :  140 - Number of CPU threads: 60'
2023-07-26 12:38:25 - b'INFO  assembly/sdbg_pruning.cpp     :  160 - Removing tips with length less than 2; Accumulated tips removed: 12636; time elapsed: 0.3514'
2023-07-26 12:38:25 - b'INFO  assembly/sdbg_pruning.cpp     :  160 - Removing tips with length less than 4; Accumulated tips removed: 36386; time elapsed: 0.3923'
2023-07-26 12:38:26 - b'INFO  assembly/sdbg_pruning.cpp     :  160 - Removing tips with length less than 8; Accumulated tips removed: 80452; time elapsed: 0.6656'
2023-07-26 12:38:27 - b'INFO  assembly/sdbg_pruning.cpp     :  160 - Removing tips with length less than 16; Accumulated tips removed: 162012; time elapsed: 0.9099'
2023-07-26 12:38:28 - b'INFO  assembly/sdbg_pruning.cpp     :  160 - Removing tips with length less than 32; Accumulated tips removed: 312670; time elapsed: 1.2936'
2023-07-26 12:38:30 - b'INFO  assembly/sdbg_pruning.cpp     :  160 - Removing tips with length less than 64; Accumulated tips removed: 569638; time elapsed: 2.2784'
2023-07-26 12:38:34 - b'INFO  assembly/sdbg_pruning.cpp     :  160 - Removing tips with length less than 128; Accumulated tips removed: 868864; time elapsed: 3.7432'
2023-07-26 12:38:39 - b'INFO  assembly/sdbg_pruning.cpp     :  169 - Removing tips with length less than 238; Accumulated tips removed: 1063900; time elapsed: 5.2651'
2023-07-26 12:38:39 - b'INFO  main_assemble.cpp             :  158 - Tips removal done! Time elapsed(sec): 19.469'
2023-07-26 12:39:09 - b'INFO  assembly/unitig_graph.cpp     :   83 - Graph size without loops: 687580, palindrome: 4'
2023-07-26 12:39:10 - b'INFO  main_assemble.cpp             :  166 - unitig graph size: 687709, time for building: 31.107'
2023-07-26 12:39:15 - b'INFO  assembly/contig_stat.h        :   40 - Max: 330568, Min: 120, N50: 3624, number contigs: 687709, number isolated: 154441, number looped: 129, total size: 715771172,'
2023-07-26 12:39:15 - b'INFO  main_assemble.cpp             :  184 - Graph cleaning round 1'
2023-07-26 12:39:16 - b'INFO  main_assemble.cpp             :  200 - Number of bubbles removed: 12343, Time elapsed(sec): 0.154'
2023-07-26 12:39:16 - b'INFO  main_assemble.cpp             :  210 - Number of complex bubbles removed: 10095, Time elapsed(sec): 0.253421'
2023-07-26 12:39:16 - b'INFO  main_assemble.cpp             :  221 - Number unitigs disconnected: 14475, time: 0.151'
2023-07-26 12:39:16 - b'INFO  main_assemble.cpp             :  245 - Unitigs removed in excessive pruning: 1035, time: 0.058'
2023-07-26 12:39:16 - b'INFO  main_assemble.cpp             :  184 - Graph cleaning round 2'
2023-07-26 12:39:16 - b'INFO  main_assemble.cpp             :  192 - Tips removed: 1177, time: 0.358'
2023-07-26 12:39:17 - b'INFO  main_assemble.cpp             :  200 - Number of bubbles removed: 10, Time elapsed(sec): 0.071'
2023-07-26 12:39:17 - b'INFO  main_assemble.cpp             :  210 - Number of complex bubbles removed: 66, Time elapsed(sec): 0.097316'
2023-07-26 12:39:17 - b'INFO  main_assemble.cpp             :  221 - Number unitigs disconnected: 417, time: 0.065'
2023-07-26 12:39:17 - b'INFO  main_assemble.cpp             :  245 - Unitigs removed in excessive pruning: 320, time: 0.055'
2023-07-26 12:39:17 - b'INFO  main_assemble.cpp             :  184 - Graph cleaning round 3'
2023-07-26 12:39:17 - b'INFO  main_assemble.cpp             :  192 - Tips removed: 46, time: 0.317'
2023-07-26 12:39:17 - b'INFO  main_assemble.cpp             :  200 - Number of bubbles removed: 2, Time elapsed(sec): 0.070'
2023-07-26 12:39:17 - b'INFO  main_assemble.cpp             :  210 - Number of complex bubbles removed: 2, Time elapsed(sec): 0.090549'
2023-07-26 12:39:17 - b'INFO  main_assemble.cpp             :  221 - Number unitigs disconnected: 160, time: 0.066'
2023-07-26 12:39:17 - b'INFO  main_assemble.cpp             :  245 - Unitigs removed in excessive pruning: 159, time: 0.057'
2023-07-26 12:39:17 - b'INFO  main_assemble.cpp             :  184 - Graph cleaning round 4'
2023-07-26 12:39:18 - b'INFO  main_assemble.cpp             :  192 - Tips removed: 18, time: 0.285'
2023-07-26 12:39:18 - b'INFO  main_assemble.cpp             :  200 - Number of bubbles removed: 0, Time elapsed(sec): 0.047'
2023-07-26 12:39:18 - b'INFO  main_assemble.cpp             :  210 - Number of complex bubbles removed: 1, Time elapsed(sec): 0.073714'
2023-07-26 12:39:18 - b'INFO  main_assemble.cpp             :  221 - Number unitigs disconnected: 74, time: 0.060'
2023-07-26 12:39:18 - b'INFO  main_assemble.cpp             :  245 - Unitigs removed in excessive pruning: 53, time: 0.058'
2023-07-26 12:39:18 - b'INFO  main_assemble.cpp             :  184 - Graph cleaning round 5'
2023-07-26 12:39:18 - b'INFO  main_assemble.cpp             :  192 - Tips removed: 13, time: 0.280'
2023-07-26 12:39:18 - b'INFO  main_assemble.cpp             :  200 - Number of bubbles removed: 0, Time elapsed(sec): 0.050'
2023-07-26 12:39:18 - b'INFO  main_assemble.cpp             :  210 - Number of complex bubbles removed: 2, Time elapsed(sec): 0.082538'
2023-07-26 12:39:18 - b'INFO  main_assemble.cpp             :  221 - Number unitigs disconnected: 30, time: 0.063'
2023-07-26 12:39:18 - b'INFO  main_assemble.cpp             :  245 - Unitigs removed in excessive pruning: 33, time: 0.058'
2023-07-26 12:39:23 - b'INFO  assembly/contig_stat.h        :   40 - Max: 330568, Min: 120, N50: 3920, number contigs: 600969, number isolated: 162397, number looped: 147, total size: 701973377,'
2023-07-26 12:39:24 - b'INFO  main_assemble.cpp             :  286 - Number of local low depth unitigs removed: 6255, complex bubbles removed: 182, time: 1.272640'
2023-07-26 12:39:28 - b'INFO  assembly/contig_stat.h        :   40 - Max: 330568, Min: 120, N50: 3981, number contigs: 585231, number isolated: 164127, number looped: 150, total size: 699503050,'
2023-07-26 12:39:42 - b'INFO  utils/utils.h                 :  152 - Real: 98.5488\tuser: 4216.7571\tsys: 21.1235\tmaxrss: 2988604'
2023-07-26 12:39:42 - Merging to output final contigs 
2023-07-26 12:39:49 - 144704 contigs, total 554771636 bp, min 1000 bp, max 330568 bp, avg 3833 bp, N50 5669 bp
2023-07-26 12:39:49 - ALL DONE. Time elapsed: 6497.278077 seconds 
