Discrepancy Report Results

Summary
FATAL: BAD_LOCUS_TAG_FORMAT:1826 locus tags are incorrectly formatted.
DISC_SOURCE_QUALS_ASNDISC:strain (all present, all same)
DISC_SOURCE_QUALS_ASNDISC:taxname (all present, all same)
DISC_FEATURE_COUNT:gene: 1826 present
DISC_FEATURE_COUNT:CDS: 1785 present
DISC_FEATURE_COUNT:tRNA: 40 present
DISC_FEATURE_COUNT:tmRNA: 1 present
DISC_COUNT_NUCLEOTIDES:15 nucleotide Bioseqs are present
OVERLAPPING_GENES:370 genes overlap another gene on the same strand.
OVERLAPPING_CDS:4 coding regions overlap another coding region with a similar or identical name.
SUSPECT_PRODUCT_NAMES:5 product_names contain suspect phrase or characters
	May contain database identifier more appropriate in note; remove from product name
		2 features contains three or more numbers together that may be identifiers more appropriate in note
		2 features Contains underscore
	use protein instead of gene as appropriate
		1 features contains 'genes'
DISC_QUALITY_SCORES:Quality scores are missing on all sequences.
DISC_BAD_BACTERIAL_GENE_NAME:3 bacterial genes do not start with lowercase letters
ONCALLER_COMMENT_PRESENT:15 comment descriptors were found (all same)
SHORT_PROT_SEQUENCES:40 protein sequences are shorter than 50 aa.
MISSING_GENOMEASSEMBLY_COMMENTS:15 bioseqs are missing GenomeAssembly structured comments
MOLTYPE_NOT_MRNA:15 molecule types are not set as mRNA.
TECHNIQUE_NOT_TSA:15 technique are not set as TSA
MISSING_STRUCTURED_COMMENT:15 sequences do not include structured comments.
MISSING_PROJECT:1800 sequences do not include project.
DISC_INCONSISTENT_MOLINFO_TECH:Molinfo Technique Report (some missing, all same)


Detailed Report

FATAL: DiscRep_ALL:BAD_LOCUS_TAG_FORMAT::1826 locus e incorrectly rectly formatted.
prokka_FOM_2/FOM_2:Gene	glmM	FOM_2_1:19-240	FOM_2_00001
prokka_FOM_2/FOM_2:Gene	FOM_2_00002	FOM_2_1:245-559	FOM_2_00002
prokka_FOM_2/FOM_2:Gene	FOM_2_00003	FOM_2_1:863-2713	FOM_2_00003
prokka_FOM_2/FOM_2:Gene	FOM_2_00004	FOM_2_1:2867-3163	FOM_2_00004
prokka_FOM_2/FOM_2:Gene	pyrB	FOM_2_1:3495-4400	FOM_2_00005
prokka_FOM_2/FOM_2:Gene	pyrC	FOM_2_1:4397-5686	FOM_2_00006
prokka_FOM_2/FOM_2:Gene	carA_1	FOM_2_1:5683-6765	FOM_2_00007
prokka_FOM_2/FOM_2:Gene	carB_1	FOM_2_1:6758-9937	FOM_2_00008
prokka_FOM_2/FOM_2:Gene	pyrDB	FOM_2_1:9961-10920	FOM_2_00009
prokka_FOM_2/FOM_2:Gene	pyrF	FOM_2_1:10929-11645	FOM_2_00010
prokka_FOM_2/FOM_2:Gene	pyrE	FOM_2_1:11648-12286	FOM_2_00011
prokka_FOM_2/FOM_2:Gene	FOM_2_00012	FOM_2_1:12446-13693	FOM_2_00012
prokka_FOM_2/FOM_2:Gene	cpoA	FOM_2_1:13690-14718	FOM_2_00013
prokka_FOM_2/FOM_2:Gene	FOM_2_00014	FOM_2_1:14723-15742	FOM_2_00014
prokka_FOM_2/FOM_2:Gene	FOM_2_00015	FOM_2_1:15739-15993	FOM_2_00015
prokka_FOM_2/FOM_2:Gene	ltaS1_1	FOM_2_1:16116-18320	FOM_2_00016
prokka_FOM_2/FOM_2:Gene	FOM_2_00017	FOM_2_2:44-118	FOM_2_00017
prokka_FOM_2/FOM_2:Gene	FOM_2_00018	FOM_2_2:148-219	FOM_2_00018
prokka_FOM_2/FOM_2:Gene	FOM_2_00019	FOM_2_2:232-305	FOM_2_00019
prokka_FOM_2/FOM_2:Gene	FOM_2_00020	FOM_2_2:348-434	FOM_2_00020
prokka_FOM_2/FOM_2:Gene	FOM_2_00021	FOM_2_2:484-569	FOM_2_00021
prokka_FOM_2/FOM_2:Gene	mntH_1	FOM_2_2:995-2383	FOM_2_00022
prokka_FOM_2/FOM_2:Gene	FOM_2_00023	FOM_2_2:2402-2860	FOM_2_00023
prokka_FOM_2/FOM_2:Gene	FOM_2_00024	FOM_2_2:2944-3198	FOM_2_00024
prokka_FOM_2/FOM_2:Gene	yfeX_1	FOM_2_2:3649-4602	FOM_2_00025
prokka_FOM_2/FOM_2:Gene	ribZ_1	FOM_2_2:4599-5963	FOM_2_00026
prokka_FOM_2/FOM_2:Gene	FOM_2_00027	FOM_2_2:6715-7608	FOM_2_00027
prokka_FOM_2/FOM_2:Gene	FOM_2_00028	FOM_2_2:7682-7909	FOM_2_00028
prokka_FOM_2/FOM_2:Gene	nlhH	FOM_2_2:8021-9025	FOM_2_00029
prokka_FOM_2/FOM_2:Gene	FOM_2_00030	FOM_2_2:9154-9639	FOM_2_00030
prokka_FOM_2/FOM_2:Gene	FOM_2_00031	FOM_2_2:9707-10369	FOM_2_00031
prokka_FOM_2/FOM_2:Gene	garB_1	FOM_2_2:10498-11838	FOM_2_00032
prokka_FOM_2/FOM_2:Gene	smc_1	FOM_2_2:12000-12740	FOM_2_00033
prokka_FOM_2/FOM_2:Gene	FOM_2_00034	FOM_2_2:12767-13618	FOM_2_00034
prokka_FOM_2/FOM_2:Gene	ugpC	FOM_2_2:14015-15037	FOM_2_00035
prokka_FOM_2/FOM_2:Gene	lacF	FOM_2_2:15034-15930	FOM_2_00036
prokka_FOM_2/FOM_2:Gene	araQ	FOM_2_2:15940-16755	FOM_2_00037
prokka_FOM_2/FOM_2:Gene	ugpB	FOM_2_2:16908-18188	FOM_2_00038
prokka_FOM_2/FOM_2:Gene	rnj	FOM_2_2:18190-19386	FOM_2_00039
prokka_FOM_2/FOM_2:Gene	clpE_1	FOM_2_2:19536-21617	FOM_2_00040
prokka_FOM_2/FOM_2:Gene	FOM_2_00041	FOM_2_2:c22319-21660	FOM_2_00041
prokka_FOM_2/FOM_2:Gene	pepN	FOM_2_2:22700-25240	FOM_2_00042
prokka_FOM_2/FOM_2:Gene	rhaS_1	FOM_2_2:25363-26193	FOM_2_00043
prokka_FOM_2/FOM_2:Gene	xylP_1	FOM_2_2:26437-27834	FOM_2_00044
prokka_FOM_2/FOM_2:Gene	xylQ	FOM_2_2:27898-30015	FOM_2_00045
prokka_FOM_2/FOM_2:Gene	rhaS_2	FOM_2_2:30081-30929	FOM_2_00046
prokka_FOM_2/FOM_2:Gene	celA	FOM_2_2:c31332-31018	FOM_2_00047
prokka_FOM_2/FOM_2:Gene	FOM_2_00048	FOM_2_2:31528-31725	FOM_2_00048
prokka_FOM_2/FOM_2:Gene	msrA_1	FOM_2_2:c32289-31765	FOM_2_00049
prokka_FOM_2/FOM_2:Gene	phoP_1	FOM_2_2:32425-33087	FOM_2_00050
prokka_FOM_2/FOM_2:Gene	sasA_1	FOM_2_2:33084-34484	FOM_2_00051
prokka_FOM_2/FOM_2:Gene	FOM_2_00052	FOM_2_2:34481-35104	FOM_2_00052
prokka_FOM_2/FOM_2:Gene	tagU_1	FOM_2_2:35175-36299	FOM_2_00053
prokka_FOM_2/FOM_2:Gene	FOM_2_00054	FOM_2_2:36372-36650	FOM_2_00054
prokka_FOM_2/FOM_2:Gene	map_1	FOM_2_2:36780-37562	FOM_2_00055
prokka_FOM_2/FOM_2:Gene	FOM_2_00056	FOM_2_2:37753-39462	FOM_2_00056
prokka_FOM_2/FOM_2:Gene	metK_1	FOM_2_2:39726-40919	FOM_2_00057
prokka_FOM_2/FOM_2:Gene	FOM_2_00058	FOM_2_2:41360-41926	FOM_2_00058
prokka_FOM_2/FOM_2:Gene	metK_2	FOM_2_2:42533-42820	FOM_2_00059
prokka_FOM_2/FOM_2:Gene	FOM_2_00060	FOM_2_2:42938-43474	FOM_2_00060
prokka_FOM_2/FOM_2:Gene	FOM_2_00061	FOM_2_2:43616-45394	FOM_2_00061
prokka_FOM_2/FOM_2:Gene	FOM_2_00062	FOM_2_2:45409-45561	FOM_2_00062
prokka_FOM_2/FOM_2:Gene	bglB	FOM_2_2:45772-46893	FOM_2_00063
prokka_FOM_2/FOM_2:Gene	FOM_2_00064	FOM_2_2:47025-48248	FOM_2_00064
prokka_FOM_2/FOM_2:Gene	FOM_2_00065	FOM_2_2:48353-48901	FOM_2_00065
prokka_FOM_2/FOM_2:Gene	FOM_2_00066	FOM_2_2:49036-49857	FOM_2_00066
prokka_FOM_2/FOM_2:Gene	FOM_2_00067	FOM_2_2:50021-50341	FOM_2_00067
prokka_FOM_2/FOM_2:Gene	FOM_2_00068	FOM_2_2:50430-51809	FOM_2_00068
prokka_FOM_2/FOM_2:Gene	FOM_2_00069	FOM_2_2:c52360-51848	FOM_2_00069
prokka_FOM_2/FOM_2:Gene	FOM_2_00070	FOM_2_2:c53015-52323	FOM_2_00070
prokka_FOM_2/FOM_2:Gene	leuS	FOM_2_2:53174-55588	FOM_2_00071
prokka_FOM_2/FOM_2:Gene	mshA	FOM_2_2:55716-56783	FOM_2_00072
prokka_FOM_2/FOM_2:Gene	FOM_2_00073	FOM_2_2:56867-56941	FOM_2_00073
prokka_FOM_2/FOM_2:Gene	murJ	FOM_2_2:57002-59140	FOM_2_00074
prokka_FOM_2/FOM_2:Gene	femA	FOM_2_2:59406-60668	FOM_2_00075
prokka_FOM_2/FOM_2:Gene	FOM_2_00076	FOM_2_2:c61667-60717	FOM_2_00076
prokka_FOM_2/FOM_2:Gene	FOM_2_00077	FOM_2_2:61785-61922	FOM_2_00077
prokka_FOM_2/FOM_2:Gene	metB	FOM_2_2:c63148-62009	FOM_2_00078
prokka_FOM_2/FOM_2:Gene	FOM_2_00079	FOM_2_2:63306-64466	FOM_2_00079
prokka_FOM_2/FOM_2:Gene	FOM_2_00080	FOM_2_2:64469-64777	FOM_2_00080
prokka_FOM_2/FOM_2:Gene	gnd	FOM_2_2:64995-66422	FOM_2_00081
prokka_FOM_2/FOM_2:Gene	FOM_2_00082	FOM_2_2:66577-66669	FOM_2_00082
prokka_FOM_2/FOM_2:Gene	steT_1	FOM_2_2:66755-68086	FOM_2_00083
prokka_FOM_2/FOM_2:Gene	pepV_1	FOM_2_2:68201-69604	FOM_2_00084
prokka_FOM_2/FOM_2:Gene	FOM_2_00085	FOM_2_2:c71111-69654	FOM_2_00085
prokka_FOM_2/FOM_2:Gene	FOM_2_00086	FOM_2_2:c71564-71205	FOM_2_00086
prokka_FOM_2/FOM_2:Gene	addB	FOM_2_2:71811-75359	FOM_2_00087
prokka_FOM_2/FOM_2:Gene	addA	FOM_2_2:75363-79148	FOM_2_00088
prokka_FOM_2/FOM_2:Gene	adhA	FOM_2_2:79331-80377	FOM_2_00089
prokka_FOM_2/FOM_2:Gene	FOM_2_00090	FOM_2_2:c81761-80541	FOM_2_00090
prokka_FOM_2/FOM_2:Gene	glpK_1	FOM_2_2:81967-83481	FOM_2_00091
prokka_FOM_2/FOM_2:Gene	zwf	FOM_2_2:83632-85095	FOM_2_00092
prokka_FOM_2/FOM_2:Gene	FOM_2_00093	FOM_2_2:85173-85646	FOM_2_00093
prokka_FOM_2/FOM_2:Gene	purR	FOM_2_2:85816-86670	FOM_2_00094
prokka_FOM_2/FOM_2:Gene	glmU	FOM_2_2:86691-88130	FOM_2_00095
prokka_FOM_2/FOM_2:Gene	prs_1	FOM_2_2:88325-89311	FOM_2_00096
prokka_FOM_2/FOM_2:Gene	rihA_1	FOM_2_2:89383-90330	FOM_2_00097
prokka_FOM_2/FOM_2:Gene	FOM_2_00098	FOM_2_2:c93208-90392	FOM_2_00098
prokka_FOM_2/FOM_2:Gene	rpsF	FOM_2_2:93682-93981	FOM_2_00099
prokka_FOM_2/FOM_2:Gene	ssb	FOM_2_2:94058-94609	FOM_2_00100
prokka_FOM_2/FOM_2:Gene	rpsR	FOM_2_2:94661-94903	FOM_2_00101
prokka_FOM_2/FOM_2:Gene	FOM_2_00102	FOM_2_2:95135-95617	FOM_2_00102
prokka_FOM_2/FOM_2:Gene	FOM_2_00103	FOM_2_2:c95776-95700	FOM_2_00103
prokka_FOM_2/FOM_2:Gene	cpdB	FOM_2_3:c1693-134	FOM_2_00104
prokka_FOM_2/FOM_2:Gene	phnE_1	FOM_2_3:c2593-1799	FOM_2_00105
prokka_FOM_2/FOM_2:Gene	phnE_2	FOM_2_3:c3375-2593	FOM_2_00106
prokka_FOM_2/FOM_2:Gene	phnC	FOM_2_3:c4145-3378	FOM_2_00107
prokka_FOM_2/FOM_2:Gene	FOM_2_00108	FOM_2_3:c5263-4331	FOM_2_00108
prokka_FOM_2/FOM_2:Gene	bglH_1	FOM_2_3:c6219-5710	FOM_2_00109
prokka_FOM_2/FOM_2:Gene	bglH_2	FOM_2_3:c7146-6244	FOM_2_00110
prokka_FOM_2/FOM_2:Gene	bglF_1	FOM_2_3:c7974-7174	FOM_2_00111
prokka_FOM_2/FOM_2:Gene	bglF_2	FOM_2_3:c9084-7981	FOM_2_00112
prokka_FOM_2/FOM_2:Gene	tagU_2	FOM_2_3:c10752-9430	FOM_2_00113
prokka_FOM_2/FOM_2:Gene	thyA	FOM_2_3:c11890-10934	FOM_2_00114
prokka_FOM_2/FOM_2:Gene	tadA	FOM_2_3:c12375-11890	FOM_2_00115
prokka_FOM_2/FOM_2:Gene	veg	FOM_2_3:12786-13019	FOM_2_00116
prokka_FOM_2/FOM_2:Gene	FOM_2_00117	FOM_2_3:c14436-13072	FOM_2_00117
prokka_FOM_2/FOM_2:Gene	FOM_2_00118	FOM_2_3:c15895-14525	FOM_2_00118
prokka_FOM_2/FOM_2:Gene	rsmA	FOM_2_3:c16851-15955	FOM_2_00119
prokka_FOM_2/FOM_2:Gene	rnmV	FOM_2_3:c17411-16851	FOM_2_00120
prokka_FOM_2/FOM_2:Gene	ycfH	FOM_2_3:c18217-17411	FOM_2_00121
prokka_FOM_2/FOM_2:Gene	FOM_2_00122	FOM_2_3:c20540-18387	FOM_2_00122
prokka_FOM_2/FOM_2:Gene	metG	FOM_2_3:c22660-20666	FOM_2_00123
prokka_FOM_2/FOM_2:Gene	FOM_2_00124	FOM_2_3:c23210-22794	FOM_2_00124
prokka_FOM_2/FOM_2:Gene	FOM_2_00125	FOM_2_3:c23572-23243	FOM_2_00125
prokka_FOM_2/FOM_2:Gene	FOM_2_00126	FOM_2_3:c23952-23725	FOM_2_00126
prokka_FOM_2/FOM_2:Gene	FOM_2_00127	FOM_2_4:c972-313	FOM_2_00127
prokka_FOM_2/FOM_2:Gene	FOM_2_00128	FOM_2_4:c3262-1121	FOM_2_00128
prokka_FOM_2/FOM_2:Gene	rpmA	FOM_2_4:c3946-3635	FOM_2_00129
prokka_FOM_2/FOM_2:Gene	rplU	FOM_2_4:c4276-3974	FOM_2_00130
prokka_FOM_2/FOM_2:Gene	FOM_2_00131	FOM_2_4:c4553-4479	FOM_2_00131
prokka_FOM_2/FOM_2:Gene	FOM_2_00132	FOM_2_4:c5131-4604	FOM_2_00132
prokka_FOM_2/FOM_2:Gene	FOM_2_00133	FOM_2_4:c6162-5131	FOM_2_00133
prokka_FOM_2/FOM_2:Gene	FOM_2_00134	FOM_2_4:c7037-6165	FOM_2_00134
prokka_FOM_2/FOM_2:Gene	glnA	FOM_2_4:c8528-7182	FOM_2_00135
prokka_FOM_2/FOM_2:Gene	glnR	FOM_2_4:c8919-8569	FOM_2_00136
prokka_FOM_2/FOM_2:Gene	miaA	FOM_2_4:c9908-8985	FOM_2_00137
prokka_FOM_2/FOM_2:Gene	FOM_2_00138	FOM_2_4:c10534-9923	FOM_2_00138
prokka_FOM_2/FOM_2:Gene	FOM_2_00139	FOM_2_4:10610-10792	FOM_2_00139
prokka_FOM_2/FOM_2:Gene	glpE	FOM_2_4:c11229-10843	FOM_2_00140
prokka_FOM_2/FOM_2:Gene	FOM_2_00141	FOM_2_4:c12160-11330	FOM_2_00141
prokka_FOM_2/FOM_2:Gene	FOM_2_00142	FOM_2_4:c13218-12370	FOM_2_00142
prokka_FOM_2/FOM_2:Gene	FOM_2_00143	FOM_2_4:c14462-13551	FOM_2_00143
prokka_FOM_2/FOM_2:Gene	FOM_2_00144	FOM_2_4:c15172-14825	FOM_2_00144
prokka_FOM_2/FOM_2:Gene	glcK	FOM_2_4:c16385-15408	FOM_2_00145
prokka_FOM_2/FOM_2:Gene	FOM_2_00146	FOM_2_4:c16717-16511	FOM_2_00146
prokka_FOM_2/FOM_2:Gene	gluP	FOM_2_4:c17432-16731	FOM_2_00147
prokka_FOM_2/FOM_2:Gene	yqgN	FOM_2_4:c17989-17438	FOM_2_00148
prokka_FOM_2/FOM_2:Gene	penA	FOM_2_4:c20147-18096	FOM_2_00149
prokka_FOM_2/FOM_2:Gene	FOM_2_00150	FOM_2_4:20298-22946	FOM_2_00150
prokka_FOM_2/FOM_2:Gene	greA	FOM_2_4:23064-23549	FOM_2_00151
prokka_FOM_2/FOM_2:Gene	recQ	FOM_2_4:c25430-23601	FOM_2_00152
prokka_FOM_2/FOM_2:Gene	mltG	FOM_2_4:c26751-25540	FOM_2_00153
prokka_FOM_2/FOM_2:Gene	pheT	FOM_2_4:c29271-26848	FOM_2_00154
prokka_FOM_2/FOM_2:Gene	pheS	FOM_2_4:c30321-29281	FOM_2_00155
prokka_FOM_2/FOM_2:Gene	yodB_1	FOM_2_4:c31601-31272	FOM_2_00156
prokka_FOM_2/FOM_2:Gene	FOM_2_00157	FOM_2_4:c32441-31962	FOM_2_00157
prokka_FOM_2/FOM_2:Gene	rlmB	FOM_2_4:c33261-32491	FOM_2_00158
prokka_FOM_2/FOM_2:Gene	femX_1	FOM_2_4:33392-34408	FOM_2_00159
prokka_FOM_2/FOM_2:Gene	FOM_2_00160	FOM_2_4:34537-34629	FOM_2_00160
prokka_FOM_2/FOM_2:Gene	FOM_2_00161	FOM_2_4:c35200-34682	FOM_2_00161
prokka_FOM_2/FOM_2:Gene	prfB	FOM_2_4:c36584-35469	FOM_2_00162
prokka_FOM_2/FOM_2:Gene	secA	FOM_2_4:c39016-36650	FOM_2_00163
prokka_FOM_2/FOM_2:Gene	gltX	FOM_2_4:c41203-39707	FOM_2_00164
prokka_FOM_2/FOM_2:Gene	yacL	FOM_2_4:c42386-41283	FOM_2_00165
prokka_FOM_2/FOM_2:Gene	radA	FOM_2_4:c43775-42402	FOM_2_00166
prokka_FOM_2/FOM_2:Gene	dut	FOM_2_4:c44332-43790	FOM_2_00167
prokka_FOM_2/FOM_2:Gene	FOM_2_00168	FOM_2_4:c44706-44428	FOM_2_00168
prokka_FOM_2/FOM_2:Gene	FOM_2_00169	FOM_2_4:c45292-44750	FOM_2_00169
prokka_FOM_2/FOM_2:Gene	FOM_2_00170	FOM_2_4:c46240-45353	FOM_2_00170
prokka_FOM_2/FOM_2:Gene	FOM_2_00171	FOM_2_4:c47656-46649	FOM_2_00171
prokka_FOM_2/FOM_2:Gene	aldC_1	FOM_2_4:c48461-47742	FOM_2_00172
prokka_FOM_2/FOM_2:Gene	alsS	FOM_2_4:c50212-48524	FOM_2_00173
prokka_FOM_2/FOM_2:Gene	ldh	FOM_2_4:c51395-50442	FOM_2_00174
prokka_FOM_2/FOM_2:Gene	FOM_2_00175	FOM_2_4:c51688-51615	FOM_2_00175
prokka_FOM_2/FOM_2:Gene	FOM_2_00176	FOM_2_4:c52465-52007	FOM_2_00176
prokka_FOM_2/FOM_2:Gene	FOM_2_00177	FOM_2_4:c53062-52625	FOM_2_00177
prokka_FOM_2/FOM_2:Gene	mntH_2	FOM_2_4:c54448-53078	FOM_2_00178
prokka_FOM_2/FOM_2:Gene	FOM_2_00179	FOM_2_4:54684-54857	FOM_2_00179
prokka_FOM_2/FOM_2:Gene	FOM_2_00180	FOM_2_4:c55230-54883	FOM_2_00180
prokka_FOM_2/FOM_2:Gene	FOM_2_00181	FOM_2_4:c56464-55322	FOM_2_00181
prokka_FOM_2/FOM_2:Gene	ldhA	FOM_2_4:c57599-56604	FOM_2_00182
prokka_FOM_2/FOM_2:Gene	clpP	FOM_2_4:c58539-57946	FOM_2_00183
prokka_FOM_2/FOM_2:Gene	whiA	FOM_2_4:c59581-58625	FOM_2_00184
prokka_FOM_2/FOM_2:Gene	FOM_2_00185	FOM_2_4:c60603-59599	FOM_2_00185
prokka_FOM_2/FOM_2:Gene	yvcJ	FOM_2_4:c61493-60600	FOM_2_00186
prokka_FOM_2/FOM_2:Gene	FOM_2_00187	FOM_2_4:c61771-61649	FOM_2_00187
prokka_FOM_2/FOM_2:Gene	uvrA_1	FOM_2_4:c64747-61892	FOM_2_00188
prokka_FOM_2/FOM_2:Gene	hsrA_1	FOM_2_4:c66264-64864	FOM_2_00189
prokka_FOM_2/FOM_2:Gene	FOM_2_00190	FOM_2_4:66381-66674	FOM_2_00190
prokka_FOM_2/FOM_2:Gene	FOM_2_00191	FOM_2_4:c67329-66727	FOM_2_00191
prokka_FOM_2/FOM_2:Gene	FOM_2_00192	FOM_2_4:c68549-67362	FOM_2_00192
prokka_FOM_2/FOM_2:Gene	malL	FOM_2_4:c70269-68587	FOM_2_00193
prokka_FOM_2/FOM_2:Gene	dkgB	FOM_2_4:70426-71268	FOM_2_00194
prokka_FOM_2/FOM_2:Gene	FOM_2_00195	FOM_2_4:c73834-71333	FOM_2_00195
prokka_FOM_2/FOM_2:Gene	FOM_2_00196	FOM_2_4:c74540-73968	FOM_2_00196
prokka_FOM_2/FOM_2:Gene	FOM_2_00197	FOM_2_4:c74780-74622	FOM_2_00197
prokka_FOM_2/FOM_2:Gene	FOM_2_00198	FOM_2_4:74995-75567	FOM_2_00198
prokka_FOM_2/FOM_2:Gene	pox5_1	FOM_2_4:c77457-75637	FOM_2_00199
prokka_FOM_2/FOM_2:Gene	dap	FOM_2_4:c78763-77612	FOM_2_00200
prokka_FOM_2/FOM_2:Gene	FOM_2_00201	FOM_2_4:c79627-79145	FOM_2_00201
prokka_FOM_2/FOM_2:Gene	FOM_2_00202	FOM_2_4:c80850-80092	FOM_2_00202
prokka_FOM_2/FOM_2:Gene	FOM_2_00203	FOM_2_4:81050-81367	FOM_2_00203
prokka_FOM_2/FOM_2:Gene	rpsI	FOM_2_4:c81901-81509	FOM_2_00204
prokka_FOM_2/FOM_2:Gene	rplM	FOM_2_4:c82370-81927	FOM_2_00205
prokka_FOM_2/FOM_2:Gene	truA	FOM_2_4:c83350-82565	FOM_2_00206
prokka_FOM_2/FOM_2:Gene	ecfT	FOM_2_4:c84186-83386	FOM_2_00207
prokka_FOM_2/FOM_2:Gene	ecfA2	FOM_2_4:c85036-84179	FOM_2_00208
prokka_FOM_2/FOM_2:Gene	ecfA1	FOM_2_4:c85833-85012	FOM_2_00209
prokka_FOM_2/FOM_2:Gene	norW	FOM_2_4:86021-87691	FOM_2_00210
prokka_FOM_2/FOM_2:Gene	FOM_2_00211	FOM_2_4:87792-88790	FOM_2_00211
prokka_FOM_2/FOM_2:Gene	rplQ	FOM_2_4:c89226-88843	FOM_2_00212
prokka_FOM_2/FOM_2:Gene	FOM_2_00213	FOM_2_5:125-1639	FOM_2_00213
prokka_FOM_2/FOM_2:Gene	tagE	FOM_2_5:1854-3338	FOM_2_00214
prokka_FOM_2/FOM_2:Gene	FOM_2_00215	FOM_2_5:3335-3985	FOM_2_00215
prokka_FOM_2/FOM_2:Gene	gtfA_1	FOM_2_5:3987-5537	FOM_2_00216
prokka_FOM_2/FOM_2:Gene	FOM_2_00217	FOM_2_5:5534-6751	FOM_2_00217
prokka_FOM_2/FOM_2:Gene	gtf3	FOM_2_5:6789-7802	FOM_2_00218
prokka_FOM_2/FOM_2:Gene	FOM_2_00219	FOM_2_5:7799-8203	FOM_2_00219
prokka_FOM_2/FOM_2:Gene	asp1	FOM_2_5:8205-9716	FOM_2_00220
prokka_FOM_2/FOM_2:Gene	asp2	FOM_2_5:9716-11458	FOM_2_00221
prokka_FOM_2/FOM_2:Gene	FOM_2_00222	FOM_2_5:11455-12468	FOM_2_00222
prokka_FOM_2/FOM_2:Gene	FOM_2_00223	FOM_2_5:12614-12703	FOM_2_00223
prokka_FOM_2/FOM_2:Gene	FOM_2_00224	FOM_2_5:12740-12815	FOM_2_00224
prokka_FOM_2/FOM_2:Gene	FOM_2_00225	FOM_2_5:12820-12909	FOM_2_00225
prokka_FOM_2/FOM_2:Gene	FOM_2_00226	FOM_2_5:13025-14605	FOM_2_00226
prokka_FOM_2/FOM_2:Gene	rny	FOM_2_5:14804-16366	FOM_2_00227
prokka_FOM_2/FOM_2:Gene	arcA	FOM_2_5:16554-17792	FOM_2_00228
prokka_FOM_2/FOM_2:Gene	arcB_1	FOM_2_5:17822-18868	FOM_2_00229
prokka_FOM_2/FOM_2:Gene	arcD1	FOM_2_5:18871-20304	FOM_2_00230
prokka_FOM_2/FOM_2:Gene	arcC1	FOM_2_5:20322-21266	FOM_2_00231
prokka_FOM_2/FOM_2:Gene	FOM_2_00232	FOM_2_5:21402-22103	FOM_2_00232
prokka_FOM_2/FOM_2:Gene	FOM_2_00233	FOM_2_5:22247-22405	FOM_2_00233
prokka_FOM_2/FOM_2:Gene	FOM_2_00234	FOM_2_5:22920-23282	FOM_2_00234
prokka_FOM_2/FOM_2:Gene	bceA	FOM_2_5:23662-24414	FOM_2_00235
prokka_FOM_2/FOM_2:Gene	yxdM	FOM_2_5:24427-26205	FOM_2_00236
prokka_FOM_2/FOM_2:Gene	FOM_2_00237	FOM_2_5:26449-27594	FOM_2_00237
prokka_FOM_2/FOM_2:Gene	ntd	FOM_2_5:c28200-27652	FOM_2_00238
prokka_FOM_2/FOM_2:Gene	FOM_2_00239	FOM_2_5:28442-28786	FOM_2_00239
prokka_FOM_2/FOM_2:Gene	FOM_2_00240	FOM_2_5:c29049-28783	FOM_2_00240
prokka_FOM_2/FOM_2:Gene	FOM_2_00241	FOM_2_5:29161-29727	FOM_2_00241
prokka_FOM_2/FOM_2:Gene	cytR	FOM_2_5:c30703-29771	FOM_2_00242
prokka_FOM_2/FOM_2:Gene	FOM_2_00243	FOM_2_5:30927-32249	FOM_2_00243
prokka_FOM_2/FOM_2:Gene	malP	FOM_2_5:32265-34529	FOM_2_00244
prokka_FOM_2/FOM_2:Gene	yvdM	FOM_2_5:34531-35202	FOM_2_00245
prokka_FOM_2/FOM_2:Gene	rspR	FOM_2_5:c35979-35308	FOM_2_00246
prokka_FOM_2/FOM_2:Gene	yagG	FOM_2_5:36287-37837	FOM_2_00247
prokka_FOM_2/FOM_2:Gene	por	FOM_2_5:37841-39499	FOM_2_00248
prokka_FOM_2/FOM_2:Gene	uxuA	FOM_2_5:39492-40613	FOM_2_00249
prokka_FOM_2/FOM_2:Gene	uxaC	FOM_2_5:40616-41908	FOM_2_00250
prokka_FOM_2/FOM_2:Gene	kdgA	FOM_2_5:42048-42698	FOM_2_00251
prokka_FOM_2/FOM_2:Gene	kdgK_1	FOM_2_5:42700-43656	FOM_2_00252
prokka_FOM_2/FOM_2:Gene	metQ_1	FOM_2_5:44352-45251	FOM_2_00253
prokka_FOM_2/FOM_2:Gene	FOM_2_00254	FOM_2_5:45275-47146	FOM_2_00254
prokka_FOM_2/FOM_2:Gene	FOM_2_00255	FOM_2_5:47326-47793	FOM_2_00255
prokka_FOM_2/FOM_2:Gene	ybjI_1	FOM_2_5:47852-48661	FOM_2_00256
prokka_FOM_2/FOM_2:Gene	FOM_2_00257	FOM_2_5:48721-48840	FOM_2_00257
prokka_FOM_2/FOM_2:Gene	FOM_2_00258	FOM_2_5:48912-49088	FOM_2_00258
prokka_FOM_2/FOM_2:Gene	FOM_2_00259	FOM_2_5:49243-49491	FOM_2_00259
prokka_FOM_2/FOM_2:Gene	folB	FOM_2_5:49649-50011	FOM_2_00260
prokka_FOM_2/FOM_2:Gene	folK	FOM_2_5:50015-50512	FOM_2_00261
prokka_FOM_2/FOM_2:Gene	folE	FOM_2_5:50499-51044	FOM_2_00262
prokka_FOM_2/FOM_2:Gene	fpgS_1	FOM_2_5:51045-52292	FOM_2_00263
prokka_FOM_2/FOM_2:Gene	folP	FOM_2_5:52255-53088	FOM_2_00264
prokka_FOM_2/FOM_2:Gene	ssuC	FOM_2_5:53382-54170	FOM_2_00265
prokka_FOM_2/FOM_2:Gene	ssuB	FOM_2_5:54170-54883	FOM_2_00266
prokka_FOM_2/FOM_2:Gene	ssuA	FOM_2_5:54898-55866	FOM_2_00267
prokka_FOM_2/FOM_2:Gene	menE_1	FOM_2_5:55882-57390	FOM_2_00268
prokka_FOM_2/FOM_2:Gene	FOM_2_00269	FOM_2_5:57395-58552	FOM_2_00269
prokka_FOM_2/FOM_2:Gene	yhjX	FOM_2_5:58705-59958	FOM_2_00270
prokka_FOM_2/FOM_2:Gene	FOM_2_00271	FOM_2_5:60131-60469	FOM_2_00271
prokka_FOM_2/FOM_2:Gene	FOM_2_00272	FOM_2_5:60471-61517	FOM_2_00272
prokka_FOM_2/FOM_2:Gene	FOM_2_00273	FOM_2_5:61753-62205	FOM_2_00273
prokka_FOM_2/FOM_2:Gene	FOM_2_00274	FOM_2_5:63004-63753	FOM_2_00274
prokka_FOM_2/FOM_2:Gene	FOM_2_00275	FOM_2_5:63816-63986	FOM_2_00275
prokka_FOM_2/FOM_2:Gene	kdgR	FOM_2_5:64092-65075	FOM_2_00276
prokka_FOM_2/FOM_2:Gene	FOM_2_00277	FOM_2_5:65307-66053	FOM_2_00277
prokka_FOM_2/FOM_2:Gene	FOM_2_00278	FOM_2_5:66056-67342	FOM_2_00278
prokka_FOM_2/FOM_2:Gene	kdgK_2	FOM_2_5:67363-68328	FOM_2_00279
prokka_FOM_2/FOM_2:Gene	hxlA	FOM_2_5:68328-68948	FOM_2_00280
prokka_FOM_2/FOM_2:Gene	rmpB	FOM_2_5:68948-69490	FOM_2_00281
prokka_FOM_2/FOM_2:Gene	FOM_2_00282	FOM_2_5:c69744-69583	FOM_2_00282
prokka_FOM_2/FOM_2:Gene	FOM_2_00283	FOM_2_5:69922-70104	FOM_2_00283
prokka_FOM_2/FOM_2:Gene	rbsR	FOM_2_5:70208-71200	FOM_2_00284
prokka_FOM_2/FOM_2:Gene	rbsD	FOM_2_5:71377-71772	FOM_2_00285
prokka_FOM_2/FOM_2:Gene	fucP	FOM_2_5:71789-73141	FOM_2_00286
prokka_FOM_2/FOM_2:Gene	rbsK_1	FOM_2_5:73151-74089	FOM_2_00287
prokka_FOM_2/FOM_2:Gene	rpiA_1	FOM_2_5:74104-74796	FOM_2_00288
prokka_FOM_2/FOM_2:Gene	dpnM	FOM_2_5:75164-75868	FOM_2_00289
prokka_FOM_2/FOM_2:Gene	FOM_2_00290	FOM_2_5:75874-77286	FOM_2_00290
prokka_FOM_2/FOM_2:Gene	FOM_2_00291	FOM_2_5:77477-77683	FOM_2_00291
prokka_FOM_2/FOM_2:Gene	FOM_2_00292	FOM_2_6:67-450	FOM_2_00292
prokka_FOM_2/FOM_2:Gene	alx_1	FOM_2_6:863-1819	FOM_2_00293
prokka_FOM_2/FOM_2:Gene	FOM_2_00294	FOM_2_6:1949-2752	FOM_2_00294
prokka_FOM_2/FOM_2:Gene	FOM_2_00295	FOM_2_6:2755-2886	FOM_2_00295
prokka_FOM_2/FOM_2:Gene	gpmA_1	FOM_2_6:c3592-2924	FOM_2_00296
prokka_FOM_2/FOM_2:Gene	rimM	FOM_2_6:3753-4256	FOM_2_00297
prokka_FOM_2/FOM_2:Gene	trmD	FOM_2_6:4259-4999	FOM_2_00298
prokka_FOM_2/FOM_2:Gene	rplS	FOM_2_6:5117-5473	FOM_2_00299
prokka_FOM_2/FOM_2:Gene	gltT	FOM_2_6:5670-6956	FOM_2_00300
prokka_FOM_2/FOM_2:Gene	FOM_2_00301	FOM_2_6:7171-8127	FOM_2_00301
prokka_FOM_2/FOM_2:Gene	FOM_2_00302	FOM_2_6:8152-8337	FOM_2_00302
prokka_FOM_2/FOM_2:Gene	glpK_2	FOM_2_6:8436-9941	FOM_2_00303
prokka_FOM_2/FOM_2:Gene	FOM_2_00304	FOM_2_6:10328-11776	FOM_2_00304
prokka_FOM_2/FOM_2:Gene	FOM_2_00305	FOM_2_6:c12474-11830	FOM_2_00305
prokka_FOM_2/FOM_2:Gene	mscL	FOM_2_6:c13087-12692	FOM_2_00306
prokka_FOM_2/FOM_2:Gene	yidA_1	FOM_2_6:13268-14107	FOM_2_00307
prokka_FOM_2/FOM_2:Gene	FOM_2_00308	FOM_2_6:14110-14304	FOM_2_00308
prokka_FOM_2/FOM_2:Gene	FOM_2_00309	FOM_2_6:14306-15031	FOM_2_00309
prokka_FOM_2/FOM_2:Gene	FOM_2_00310	FOM_2_6:15208-15627	FOM_2_00310
prokka_FOM_2/FOM_2:Gene	FOM_2_00311	FOM_2_6:15721-16128	FOM_2_00311
prokka_FOM_2/FOM_2:Gene	FOM_2_00312	FOM_2_6:16214-16726	FOM_2_00312
prokka_FOM_2/FOM_2:Gene	FOM_2_00313	FOM_2_6:16781-16867	FOM_2_00313
prokka_FOM_2/FOM_2:Gene	FOM_2_00314	FOM_2_6:17061-18578	FOM_2_00314
prokka_FOM_2/FOM_2:Gene	FOM_2_00315	FOM_2_6:18726-19457	FOM_2_00315
prokka_FOM_2/FOM_2:Gene	FOM_2_00316	FOM_2_6:19559-20671	FOM_2_00316
prokka_FOM_2/FOM_2:Gene	FOM_2_00317	FOM_2_6:20671-22638	FOM_2_00317
prokka_FOM_2/FOM_2:Gene	FOM_2_00318	FOM_2_6:22640-23464	FOM_2_00318
prokka_FOM_2/FOM_2:Gene	FOM_2_00319	FOM_2_6:23596-24366	FOM_2_00319
prokka_FOM_2/FOM_2:Gene	FOM_2_00320	FOM_2_6:24369-25481	FOM_2_00320
prokka_FOM_2/FOM_2:Gene	spxA	FOM_2_6:25824-26222	FOM_2_00321
prokka_FOM_2/FOM_2:Gene	mecA	FOM_2_6:26448-27197	FOM_2_00322
prokka_FOM_2/FOM_2:Gene	bglA_1	FOM_2_6:27493-28950	FOM_2_00323
prokka_FOM_2/FOM_2:Gene	ptcB	FOM_2_6:28972-29289	FOM_2_00324
prokka_FOM_2/FOM_2:Gene	ptcA	FOM_2_6:29335-29658	FOM_2_00325
prokka_FOM_2/FOM_2:Gene	bglA_2	FOM_2_6:29664-31115	FOM_2_00326
prokka_FOM_2/FOM_2:Gene	licC	FOM_2_6:31182-32546	FOM_2_00327
prokka_FOM_2/FOM_2:Gene	FOM_2_00328	FOM_2_6:32648-33682	FOM_2_00328
prokka_FOM_2/FOM_2:Gene	pepF1	FOM_2_6:33722-35536	FOM_2_00329
prokka_FOM_2/FOM_2:Gene	gla	FOM_2_6:c36345-35626	FOM_2_00330
prokka_FOM_2/FOM_2:Gene	FOM_2_00331	FOM_2_6:36653-37042	FOM_2_00331
prokka_FOM_2/FOM_2:Gene	FOM_2_00332	FOM_2_6:37058-37630	FOM_2_00332
prokka_FOM_2/FOM_2:Gene	ccpA_1	FOM_2_6:c38690-37689	FOM_2_00333
prokka_FOM_2/FOM_2:Gene	pepQ	FOM_2_6:38942-40042	FOM_2_00334
prokka_FOM_2/FOM_2:Gene	FOM_2_00335	FOM_2_6:c40526-40131	FOM_2_00335
prokka_FOM_2/FOM_2:Gene	yhhS_1	FOM_2_6:40752-41936	FOM_2_00336
prokka_FOM_2/FOM_2:Gene	FOM_2_00337	FOM_2_6:42152-42240	FOM_2_00337
prokka_FOM_2/FOM_2:Gene	FOM_2_00338	FOM_2_6:c43075-42461	FOM_2_00338
prokka_FOM_2/FOM_2:Gene	FOM_2_00339	FOM_2_6:c43348-43275	FOM_2_00339
prokka_FOM_2/FOM_2:Gene	FOM_2_00340	FOM_2_6:c43455-43382	FOM_2_00340
prokka_FOM_2/FOM_2:Gene	FOM_2_00341	FOM_2_6:c43560-43487	FOM_2_00341
prokka_FOM_2/FOM_2:Gene	FOM_2_00342	FOM_2_6:c43665-43592	FOM_2_00342
prokka_FOM_2/FOM_2:Gene	FOM_2_00343	FOM_2_6:43850-45337	FOM_2_00343
prokka_FOM_2/FOM_2:Gene	FOM_2_00344	FOM_2_6:45551-47122	FOM_2_00344
prokka_FOM_2/FOM_2:Gene	FOM_2_00345	FOM_2_6:47136-47819	FOM_2_00345
prokka_FOM_2/FOM_2:Gene	FOM_2_00346	FOM_2_6:47822-48736	FOM_2_00346
prokka_FOM_2/FOM_2:Gene	FOM_2_00347	FOM_2_6:49079-57643	FOM_2_00347
prokka_FOM_2/FOM_2:Gene	coaBC	FOM_2_6:57774-58976	FOM_2_00348
prokka_FOM_2/FOM_2:Gene	mvaS	FOM_2_6:58980-60146	FOM_2_00349
prokka_FOM_2/FOM_2:Gene	FOM_2_00350	FOM_2_6:60544-60984	FOM_2_00350
prokka_FOM_2/FOM_2:Gene	FOM_2_00351	FOM_2_6:61121-62011	FOM_2_00351
prokka_FOM_2/FOM_2:Gene	hisS	FOM_2_6:62299-63609	FOM_2_00352
prokka_FOM_2/FOM_2:Gene	aspS	FOM_2_6:63615-65420	FOM_2_00353
prokka_FOM_2/FOM_2:Gene	FOM_2_00354	FOM_2_6:65720-66913	FOM_2_00354
prokka_FOM_2/FOM_2:Gene	FOM_2_00355	FOM_2_6:67023-67904	FOM_2_00355
prokka_FOM_2/FOM_2:Gene	rpsU	FOM_2_6:68037-68222	FOM_2_00356
prokka_FOM_2/FOM_2:Gene	yqeY	FOM_2_6:68314-68757	FOM_2_00357
prokka_FOM_2/FOM_2:Gene	FOM_2_00358	FOM_2_6:68853-69842	FOM_2_00358
prokka_FOM_2/FOM_2:Gene	ybeY	FOM_2_6:69848-70330	FOM_2_00359
prokka_FOM_2/FOM_2:Gene	dgkA	FOM_2_6:70314-70742	FOM_2_00360
prokka_FOM_2/FOM_2:Gene	era	FOM_2_6:70794-71702	FOM_2_00361
prokka_FOM_2/FOM_2:Gene	recO	FOM_2_6:71751-72545	FOM_2_00362
prokka_FOM_2/FOM_2:Gene	FOM_2_00363	FOM_2_6:72610-72783	FOM_2_00363
prokka_FOM_2/FOM_2:Gene	pnuC	FOM_2_6:72929-73663	FOM_2_00364
prokka_FOM_2/FOM_2:Gene	glyQ	FOM_2_6:73958-74884	FOM_2_00365
prokka_FOM_2/FOM_2:Gene	glyS	FOM_2_6:74886-76970	FOM_2_00366
prokka_FOM_2/FOM_2:Gene	FOM_2_00367	FOM_2_6:c77765-77025	FOM_2_00367
prokka_FOM_2/FOM_2:Gene	alx_2	FOM_2_6:77959-78915	FOM_2_00368
prokka_FOM_2/FOM_2:Gene	yabJ	FOM_2_6:79015-79401	FOM_2_00369
prokka_FOM_2/FOM_2:Gene	pgl	FOM_2_6:79502-80527	FOM_2_00370
prokka_FOM_2/FOM_2:Gene	FOM_2_00371	FOM_2_6:80590-81738	FOM_2_00371
prokka_FOM_2/FOM_2:Gene	trmL	FOM_2_6:81858-82373	FOM_2_00372
prokka_FOM_2/FOM_2:Gene	FOM_2_00373	FOM_2_6:82411-85200	FOM_2_00373
prokka_FOM_2/FOM_2:Gene	FOM_2_00374	FOM_2_6:85238-85522	FOM_2_00374
prokka_FOM_2/FOM_2:Gene	btuD	FOM_2_6:85665-86561	FOM_2_00375
prokka_FOM_2/FOM_2:Gene	yhaP	FOM_2_6:86561-87802	FOM_2_00376
prokka_FOM_2/FOM_2:Gene	FOM_2_00377	FOM_2_6:c87977-87846	FOM_2_00377
prokka_FOM_2/FOM_2:Gene	FOM_2_00378	FOM_2_6:88163-88354	FOM_2_00378
prokka_FOM_2/FOM_2:Gene	uvrC	FOM_2_6:88473-90266	FOM_2_00379
prokka_FOM_2/FOM_2:Gene	obg	FOM_2_6:90433-91743	FOM_2_00380
prokka_FOM_2/FOM_2:Gene	yigZ	FOM_2_6:91806-92507	FOM_2_00381
prokka_FOM_2/FOM_2:Gene	FOM_2_00382	FOM_2_6:92585-93193	FOM_2_00382
prokka_FOM_2/FOM_2:Gene	sbnD	FOM_2_6:c94472-93246	FOM_2_00383
prokka_FOM_2/FOM_2:Gene	IMPDH_1	FOM_2_6:94841-95983	FOM_2_00384
prokka_FOM_2/FOM_2:Gene	IMPDH_2	FOM_2_6:95999-96868	FOM_2_00385
prokka_FOM_2/FOM_2:Gene	adeC	FOM_2_6:96923-98584	FOM_2_00386
prokka_FOM_2/FOM_2:Gene	ruvA	FOM_2_6:98894-99493	FOM_2_00387
prokka_FOM_2/FOM_2:Gene	ruvB	FOM_2_6:99516-100526	FOM_2_00388
prokka_FOM_2/FOM_2:Gene	queA	FOM_2_6:100532-101578	FOM_2_00389
prokka_FOM_2/FOM_2:Gene	FOM_2_00390	FOM_2_6:101684-101755	FOM_2_00390
prokka_FOM_2/FOM_2:Gene	FOM_2_00391	FOM_2_7:c971-75	FOM_2_00391
prokka_FOM_2/FOM_2:Gene	FOM_2_00392	FOM_2_7:c2492-1053	FOM_2_00392
prokka_FOM_2/FOM_2:Gene	FOM_2_00393	FOM_2_7:2705-2854	FOM_2_00393
prokka_FOM_2/FOM_2:Gene	FOM_2_00394	FOM_2_7:2945-3952	FOM_2_00394
prokka_FOM_2/FOM_2:Gene	FOM_2_00395	FOM_2_7:3949-4134	FOM_2_00395
prokka_FOM_2/FOM_2:Gene	rapA	FOM_2_7:4326-6449	FOM_2_00396
prokka_FOM_2/FOM_2:Gene	FOM_2_00397	FOM_2_7:7089-8183	FOM_2_00397
prokka_FOM_2/FOM_2:Gene	FOM_2_00398	FOM_2_7:c8483-8301	FOM_2_00398
prokka_FOM_2/FOM_2:Gene	FOM_2_00399	FOM_2_7:8719-9636	FOM_2_00399
prokka_FOM_2/FOM_2:Gene	FOM_2_00400	FOM_2_7:9742-9993	FOM_2_00400
prokka_FOM_2/FOM_2:Gene	FOM_2_00401	FOM_2_7:10335-10766	FOM_2_00401
prokka_FOM_2/FOM_2:Gene	FOM_2_00402	FOM_2_7:c11284-10844	FOM_2_00402
prokka_FOM_2/FOM_2:Gene	FOM_2_00403	FOM_2_7:11777-13144	FOM_2_00403
prokka_FOM_2/FOM_2:Gene	dapX_1	FOM_2_7:13156-14313	FOM_2_00404
prokka_FOM_2/FOM_2:Gene	FOM_2_00405	FOM_2_7:14342-15274	FOM_2_00405
prokka_FOM_2/FOM_2:Gene	metQ_2	FOM_2_7:15305-16135	FOM_2_00406
prokka_FOM_2/FOM_2:Gene	metQ_3	FOM_2_7:16157-16993	FOM_2_00407
prokka_FOM_2/FOM_2:Gene	FOM_2_00408	FOM_2_7:17247-17420	FOM_2_00408
prokka_FOM_2/FOM_2:Gene	FOM_2_00409	FOM_2_7:c17736-17527	FOM_2_00409
prokka_FOM_2/FOM_2:Gene	thiM	FOM_2_7:18010-18771	FOM_2_00410
prokka_FOM_2/FOM_2:Gene	thiD	FOM_2_7:18768-19571	FOM_2_00411
prokka_FOM_2/FOM_2:Gene	thiE_1	FOM_2_7:19568-20227	FOM_2_00412
prokka_FOM_2/FOM_2:Gene	tenA	FOM_2_7:20209-20829	FOM_2_00413
prokka_FOM_2/FOM_2:Gene	FOM_2_00414	FOM_2_7:c21550-21026	FOM_2_00414
prokka_FOM_2/FOM_2:Gene	FOM_2_00415	FOM_2_7:21741-22517	FOM_2_00415
prokka_FOM_2/FOM_2:Gene	FOM_2_00416	FOM_2_7:22605-23261	FOM_2_00416
prokka_FOM_2/FOM_2:Gene	FOM_2_00417	FOM_2_7:23271-24095	FOM_2_00417
prokka_FOM_2/FOM_2:Gene	FOM_2_00418	FOM_2_7:24167-24574	FOM_2_00418
prokka_FOM_2/FOM_2:Gene	gmuE_1	FOM_2_7:24713-25585	FOM_2_00419
prokka_FOM_2/FOM_2:Gene	FOM_2_00420	FOM_2_7:25652-26086	FOM_2_00420
prokka_FOM_2/FOM_2:Gene	FOM_2_00421	FOM_2_7:26055-26255	FOM_2_00421
prokka_FOM_2/FOM_2:Gene	FOM_2_00422	FOM_2_7:26351-26557	FOM_2_00422
prokka_FOM_2/FOM_2:Gene	FOM_2_00423	FOM_2_7:26578-27108	FOM_2_00423
prokka_FOM_2/FOM_2:Gene	cobB	FOM_2_8:c1063-359	FOM_2_00424
prokka_FOM_2/FOM_2:Gene	FOM_2_00425	FOM_2_8:c2037-1078	FOM_2_00425
prokka_FOM_2/FOM_2:Gene	mvaA	FOM_2_8:c3307-2060	FOM_2_00426
prokka_FOM_2/FOM_2:Gene	FOM_2_00427	FOM_2_8:c3887-3432	FOM_2_00427
prokka_FOM_2/FOM_2:Gene	ltaS1_2	FOM_2_8:c6194-4023	FOM_2_00428
prokka_FOM_2/FOM_2:Gene	FOM_2_00429	FOM_2_8:6393-6842	FOM_2_00429
prokka_FOM_2/FOM_2:Gene	FOM_2_00430	FOM_2_8:c7885-6911	FOM_2_00430
prokka_FOM_2/FOM_2:Gene	gyrA	FOM_2_8:c10803-8206	FOM_2_00431
prokka_FOM_2/FOM_2:Gene	gyrB_1	FOM_2_8:c12786-10840	FOM_2_00432
prokka_FOM_2/FOM_2:Gene	recF	FOM_2_8:c13952-12807	FOM_2_00433
prokka_FOM_2/FOM_2:Gene	FOM_2_00434	FOM_2_8:c14218-13952	FOM_2_00434
prokka_FOM_2/FOM_2:Gene	dnaN	FOM_2_8:c15533-14403	FOM_2_00435
prokka_FOM_2/FOM_2:Gene	dnaA	FOM_2_8:c17159-15747	FOM_2_00436
prokka_FOM_2/FOM_2:Gene	rpmH	FOM_2_8:17903-18037	FOM_2_00437
prokka_FOM_2/FOM_2:Gene	rnpA	FOM_2_8:18146-18502	FOM_2_00438
prokka_FOM_2/FOM_2:Gene	misCA	FOM_2_8:18530-19363	FOM_2_00439
prokka_FOM_2/FOM_2:Gene	spsB	FOM_2_8:19511-20128	FOM_2_00440
prokka_FOM_2/FOM_2:Gene	znuC_1	FOM_2_8:c20885-20202	FOM_2_00441
prokka_FOM_2/FOM_2:Gene	yfhA	FOM_2_8:c21813-20872	FOM_2_00442
prokka_FOM_2/FOM_2:Gene	isdE	FOM_2_8:c22703-21831	FOM_2_00443
prokka_FOM_2/FOM_2:Gene	FOM_2_00444	FOM_2_8:c23588-22707	FOM_2_00444
prokka_FOM_2/FOM_2:Gene	FOM_2_00445	FOM_2_8:c26301-23599	FOM_2_00445
prokka_FOM_2/FOM_2:Gene	ktrA	FOM_2_8:26576-27244	FOM_2_00446
prokka_FOM_2/FOM_2:Gene	cycA_1	FOM_2_8:27541-28902	FOM_2_00447
prokka_FOM_2/FOM_2:Gene	FOM_2_00448	FOM_2_8:c29575-28958	FOM_2_00448
prokka_FOM_2/FOM_2:Gene	FOM_2_00449	FOM_2_8:c30161-29643	FOM_2_00449
prokka_FOM_2/FOM_2:Gene	FOM_2_00450	FOM_2_8:30323-31153	FOM_2_00450
prokka_FOM_2/FOM_2:Gene	rclA	FOM_2_8:c32618-31260	FOM_2_00451
prokka_FOM_2/FOM_2:Gene	FOM_2_00452	FOM_2_8:32752-33099	FOM_2_00452
prokka_FOM_2/FOM_2:Gene	cdr	FOM_2_8:c34502-33147	FOM_2_00453
prokka_FOM_2/FOM_2:Gene	FOM_2_00454	FOM_2_8:c35536-34598	FOM_2_00454
prokka_FOM_2/FOM_2:Gene	rlmH	FOM_2_8:c36341-35862	FOM_2_00455
prokka_FOM_2/FOM_2:Gene	ntpJ	FOM_2_8:37073-38416	FOM_2_00456
prokka_FOM_2/FOM_2:Gene	FOM_2_00457	FOM_2_8:38600-39643	FOM_2_00457
prokka_FOM_2/FOM_2:Gene	yknY	FOM_2_8:39636-40316	FOM_2_00458
prokka_FOM_2/FOM_2:Gene	macB_1	FOM_2_8:40313-41479	FOM_2_00459
prokka_FOM_2/FOM_2:Gene	smc_2	FOM_2_8:c44649-41557	FOM_2_00460
prokka_FOM_2/FOM_2:Gene	ybjI_2	FOM_2_8:44817-45644	FOM_2_00461
prokka_FOM_2/FOM_2:Gene	FOM_2_00462	FOM_2_8:45834-46136	FOM_2_00462
prokka_FOM_2/FOM_2:Gene	rnhA_1	FOM_2_8:c46994-46293	FOM_2_00463
prokka_FOM_2/FOM_2:Gene	FOM_2_00464	FOM_2_8:47095-47841	FOM_2_00464
prokka_FOM_2/FOM_2:Gene	FOM_2_00465	FOM_2_8:c48998-47940	FOM_2_00465
prokka_FOM_2/FOM_2:Gene	FOM_2_00466	FOM_2_8:c49808-49125	FOM_2_00466
prokka_FOM_2/FOM_2:Gene	FOM_2_00467	FOM_2_8:49941-50282	FOM_2_00467
prokka_FOM_2/FOM_2:Gene	pbuG_1	FOM_2_8:50440-51747	FOM_2_00468
prokka_FOM_2/FOM_2:Gene	FOM_2_00469	FOM_2_8:51979-53505	FOM_2_00469
prokka_FOM_2/FOM_2:Gene	tpiA_1	FOM_2_8:c54817-54125	FOM_2_00470
prokka_FOM_2/FOM_2:Gene	FOM_2_00471	FOM_2_8:54988-55584	FOM_2_00471
prokka_FOM_2/FOM_2:Gene	FOM_2_00472	FOM_2_8:55836-56018	FOM_2_00472
prokka_FOM_2/FOM_2:Gene	ybiR_1	FOM_2_8:56011-57108	FOM_2_00473
prokka_FOM_2/FOM_2:Gene	pchR	FOM_2_8:57201-57662	FOM_2_00474
prokka_FOM_2/FOM_2:Gene	hsrA_2	FOM_2_8:57810-59213	FOM_2_00475
prokka_FOM_2/FOM_2:Gene	FOM_2_00476	FOM_2_8:c59767-59264	FOM_2_00476
prokka_FOM_2/FOM_2:Gene	FOM_2_00477	FOM_2_8:60040-60402	FOM_2_00477
prokka_FOM_2/FOM_2:Gene	yecD	FOM_2_8:60521-61111	FOM_2_00478
prokka_FOM_2/FOM_2:Gene	FOM_2_00479	FOM_2_8:c61661-61152	FOM_2_00479
prokka_FOM_2/FOM_2:Gene	drrA	FOM_2_8:61837-62682	FOM_2_00480
prokka_FOM_2/FOM_2:Gene	drrB	FOM_2_8:62700-63479	FOM_2_00481
prokka_FOM_2/FOM_2:Gene	FOM_2_00482	FOM_2_8:c63880-63608	FOM_2_00482
prokka_FOM_2/FOM_2:Gene	FOM_2_00483	FOM_2_8:c64370-63882	FOM_2_00483
prokka_FOM_2/FOM_2:Gene	ybbH	FOM_2_8:64558-65439	FOM_2_00484
prokka_FOM_2/FOM_2:Gene	bglH_3	FOM_2_8:65642-67051	FOM_2_00485
prokka_FOM_2/FOM_2:Gene	FOM_2_00486	FOM_2_8:67059-67838	FOM_2_00486
prokka_FOM_2/FOM_2:Gene	FOM_2_00487	FOM_2_8:67870-69063	FOM_2_00487
prokka_FOM_2/FOM_2:Gene	bglK_1	FOM_2_8:69075-69977	FOM_2_00488
prokka_FOM_2/FOM_2:Gene	FOM_2_00489	FOM_2_8:c70794-70195	FOM_2_00489
prokka_FOM_2/FOM_2:Gene	FOM_2_00490	FOM_2_8:70969-72099	FOM_2_00490
prokka_FOM_2/FOM_2:Gene	FOM_2_00491	FOM_2_8:c73091-72144	FOM_2_00491
prokka_FOM_2/FOM_2:Gene	sutR	FOM_2_8:c73648-73100	FOM_2_00492
prokka_FOM_2/FOM_2:Gene	FOM_2_00493	FOM_2_8:c75092-73836	FOM_2_00493
prokka_FOM_2/FOM_2:Gene	lacZ	FOM_2_8:c77106-75094	FOM_2_00494
prokka_FOM_2/FOM_2:Gene	rhaS_3	FOM_2_8:77239-78132	FOM_2_00495
prokka_FOM_2/FOM_2:Gene	guaA	FOM_2_8:c79856-78303	FOM_2_00496
prokka_FOM_2/FOM_2:Gene	tmpC_1	FOM_2_8:80219-81298	FOM_2_00497
prokka_FOM_2/FOM_2:Gene	argG	FOM_2_8:81659-82882	FOM_2_00498
prokka_FOM_2/FOM_2:Gene	argH	FOM_2_8:82875-84254	FOM_2_00499
prokka_FOM_2/FOM_2:Gene	argC	FOM_2_8:84258-85289	FOM_2_00500
prokka_FOM_2/FOM_2:Gene	argJ	FOM_2_8:85299-86465	FOM_2_00501
prokka_FOM_2/FOM_2:Gene	argB	FOM_2_8:86469-87182	FOM_2_00502
prokka_FOM_2/FOM_2:Gene	argD	FOM_2_8:87179-88309	FOM_2_00503
prokka_FOM_2/FOM_2:Gene	arcB_2	FOM_2_8:88310-89335	FOM_2_00504
prokka_FOM_2/FOM_2:Gene	carA_2	FOM_2_8:89482-90552	FOM_2_00505
prokka_FOM_2/FOM_2:Gene	carB_2	FOM_2_8:90549-93626	FOM_2_00506
prokka_FOM_2/FOM_2:Gene	ponA_1	FOM_2_8:c94442-93672	FOM_2_00507
prokka_FOM_2/FOM_2:Gene	FOM_2_00508	FOM_2_8:c94891-94508	FOM_2_00508
prokka_FOM_2/FOM_2:Gene	FOM_2_00509	FOM_2_8:95004-96281	FOM_2_00509
prokka_FOM_2/FOM_2:Gene	FOM_2_00510	FOM_2_8:96378-97271	FOM_2_00510
prokka_FOM_2/FOM_2:Gene	FOM_2_00511	FOM_2_8:97261-98868	FOM_2_00511
prokka_FOM_2/FOM_2:Gene	FOM_2_00512	FOM_2_8:99247-99636	FOM_2_00512
prokka_FOM_2/FOM_2:Gene	actIII	FOM_2_8:99629-100348	FOM_2_00513
prokka_FOM_2/FOM_2:Gene	urdA	FOM_2_8:c100942-100403	FOM_2_00514
prokka_FOM_2/FOM_2:Gene	rlmCD	FOM_2_8:101091-102581	FOM_2_00515
prokka_FOM_2/FOM_2:Gene	FOM_2_00516	FOM_2_8:102947-104656	FOM_2_00516
prokka_FOM_2/FOM_2:Gene	yicL	FOM_2_8:104765-105649	FOM_2_00517
prokka_FOM_2/FOM_2:Gene	tmpC_2	FOM_2_8:105964-107046	FOM_2_00518
prokka_FOM_2/FOM_2:Gene	FOM_2_00519	FOM_2_8:107204-108340	FOM_2_00519
prokka_FOM_2/FOM_2:Gene	FOM_2_00520	FOM_2_8:108333-108953	FOM_2_00520
prokka_FOM_2/FOM_2:Gene	rppH	FOM_2_8:109013-109504	FOM_2_00521
prokka_FOM_2/FOM_2:Gene	FOM_2_00522	FOM_2_8:109667-110314	FOM_2_00522
prokka_FOM_2/FOM_2:Gene	lmrA	FOM_2_8:110317-112083	FOM_2_00523
prokka_FOM_2/FOM_2:Gene	FOM_2_00524	FOM_2_8:112273-112476	FOM_2_00524
prokka_FOM_2/FOM_2:Gene	yvgN_1	FOM_2_8:c113465-112608	FOM_2_00525
prokka_FOM_2/FOM_2:Gene	FOM_2_00526	FOM_2_8:113676-114257	FOM_2_00526
prokka_FOM_2/FOM_2:Gene	fetA	FOM_2_8:114315-114974	FOM_2_00527
prokka_FOM_2/FOM_2:Gene	fetB	FOM_2_8:114958-115731	FOM_2_00528
prokka_FOM_2/FOM_2:Gene	ytrA	FOM_2_8:115840-116205	FOM_2_00529
prokka_FOM_2/FOM_2:Gene	ytrB	FOM_2_8:116211-116921	FOM_2_00530
prokka_FOM_2/FOM_2:Gene	FOM_2_00531	FOM_2_8:116918-117676	FOM_2_00531
prokka_FOM_2/FOM_2:Gene	artM_1	FOM_2_8:c118509-117769	FOM_2_00532
prokka_FOM_2/FOM_2:Gene	tcyB	FOM_2_8:c119217-118516	FOM_2_00533
prokka_FOM_2/FOM_2:Gene	FOM_2_00534	FOM_2_8:119589-119678	FOM_2_00534
prokka_FOM_2/FOM_2:Gene	FOM_2_00535	FOM_2_8:119803-120408	FOM_2_00535
prokka_FOM_2/FOM_2:Gene	FOM_2_00536	FOM_2_8:120714-121511	FOM_2_00536
prokka_FOM_2/FOM_2:Gene	acyP	FOM_2_8:121592-121864	FOM_2_00537
prokka_FOM_2/FOM_2:Gene	menA	FOM_2_8:122482-123375	FOM_2_00538
prokka_FOM_2/FOM_2:Gene	mprF	FOM_2_8:c125939-123429	FOM_2_00539
prokka_FOM_2/FOM_2:Gene	menH	FOM_2_8:c126652-125936	FOM_2_00540
prokka_FOM_2/FOM_2:Gene	yhhT	FOM_2_8:126862-127983	FOM_2_00541
prokka_FOM_2/FOM_2:Gene	yodB_2	FOM_2_8:c128362-128027	FOM_2_00542
prokka_FOM_2/FOM_2:Gene	FOM_2_00543	FOM_2_8:128531-129301	FOM_2_00543
prokka_FOM_2/FOM_2:Gene	FOM_2_00544	FOM_2_8:c130068-129427	FOM_2_00544
prokka_FOM_2/FOM_2:Gene	gshAB	FOM_2_8:130220-131680	FOM_2_00545
prokka_FOM_2/FOM_2:Gene	FOM_2_00546	FOM_2_8:131785-132195	FOM_2_00546
prokka_FOM_2/FOM_2:Gene	cycA_2	FOM_2_8:132402-133745	FOM_2_00547
prokka_FOM_2/FOM_2:Gene	aes	FOM_2_8:133822-134715	FOM_2_00548
prokka_FOM_2/FOM_2:Gene	FOM_2_00549	FOM_2_8:134729-134935	FOM_2_00549
prokka_FOM_2/FOM_2:Gene	FOM_2_00550	FOM_2_8:135075-136016	FOM_2_00550
prokka_FOM_2/FOM_2:Gene	FOM_2_00551	FOM_2_8:c136557-135985	FOM_2_00551
prokka_FOM_2/FOM_2:Gene	dus	FOM_2_8:c137681-136620	FOM_2_00552
prokka_FOM_2/FOM_2:Gene	FOM_2_00553	FOM_2_8:137864-138436	FOM_2_00553
prokka_FOM_2/FOM_2:Gene	FOM_2_00554	FOM_2_8:138461-138640	FOM_2_00554
prokka_FOM_2/FOM_2:Gene	FOM_2_00555	FOM_2_8:138693-139688	FOM_2_00555
prokka_FOM_2/FOM_2:Gene	FOM_2_00556	FOM_2_8:139870-140364	FOM_2_00556
prokka_FOM_2/FOM_2:Gene	FOM_2_00557	FOM_2_8:140492-141499	FOM_2_00557
prokka_FOM_2/FOM_2:Gene	benM	FOM_2_8:c142545-141655	FOM_2_00558
prokka_FOM_2/FOM_2:Gene	carA_3	FOM_2_8:142704-144272	FOM_2_00559
prokka_FOM_2/FOM_2:Gene	FOM_2_00560	FOM_2_8:144296-145231	FOM_2_00560
prokka_FOM_2/FOM_2:Gene	FOM_2_00561	FOM_2_8:c145669-145307	FOM_2_00561
prokka_FOM_2/FOM_2:Gene	polC_1	FOM_2_8:145796-146347	FOM_2_00562
prokka_FOM_2/FOM_2:Gene	hutI_1	FOM_2_8:c147649-146501	FOM_2_00563
prokka_FOM_2/FOM_2:Gene	yhdG_1	FOM_2_8:148091-149488	FOM_2_00564
prokka_FOM_2/FOM_2:Gene	FOM_2_00565	FOM_2_8:149619-150221	FOM_2_00565
prokka_FOM_2/FOM_2:Gene	psiE	FOM_2_8:150298-150759	FOM_2_00566
prokka_FOM_2/FOM_2:Gene	FOM_2_00567	FOM_2_8:c151227-150841	FOM_2_00567
prokka_FOM_2/FOM_2:Gene	dinB_1	FOM_2_8:c152521-151205	FOM_2_00568
prokka_FOM_2/FOM_2:Gene	FOM_2_00569	FOM_2_8:c154544-152691	FOM_2_00569
prokka_FOM_2/FOM_2:Gene	nnr	FOM_2_8:c155209-154544	FOM_2_00570
prokka_FOM_2/FOM_2:Gene	FOM_2_00571	FOM_2_8:155458-155796	FOM_2_00571
prokka_FOM_2/FOM_2:Gene	aqpZ2	FOM_2_8:155922-156626	FOM_2_00572
prokka_FOM_2/FOM_2:Gene	dppE	FOM_2_8:157056-158675	FOM_2_00573
prokka_FOM_2/FOM_2:Gene	fpaP	FOM_2_8:158689-159606	FOM_2_00574
prokka_FOM_2/FOM_2:Gene	FOM_2_00575	FOM_2_8:159735-159875	FOM_2_00575
prokka_FOM_2/FOM_2:Gene	ypjQ	FOM_2_8:c160421-159936	FOM_2_00576
prokka_FOM_2/FOM_2:Gene	tdh_1	FOM_2_8:c161434-160523	FOM_2_00577
prokka_FOM_2/FOM_2:Gene	FOM_2_00578	FOM_2_8:161649-161807	FOM_2_00578
prokka_FOM_2/FOM_2:Gene	hsrA_3	FOM_2_8:161933-163297	FOM_2_00579
prokka_FOM_2/FOM_2:Gene	glcU_1	FOM_2_8:163441-164355	FOM_2_00580
prokka_FOM_2/FOM_2:Gene	FOM_2_00581	FOM_2_8:164477-164914	FOM_2_00581
prokka_FOM_2/FOM_2:Gene	steT_2	FOM_2_8:165191-166516	FOM_2_00582
prokka_FOM_2/FOM_2:Gene	yifK	FOM_2_8:c167948-166560	FOM_2_00583
prokka_FOM_2/FOM_2:Gene	yhdG_2	FOM_2_8:168427-169845	FOM_2_00584
prokka_FOM_2/FOM_2:Gene	ansA	FOM_2_8:169989-170978	FOM_2_00585
prokka_FOM_2/FOM_2:Gene	FOM_2_00586	FOM_2_8:171038-171463	FOM_2_00586
prokka_FOM_2/FOM_2:Gene	FOM_2_00587	FOM_2_8:171692-172384	FOM_2_00587
prokka_FOM_2/FOM_2:Gene	menG	FOM_2_8:172500-173201	FOM_2_00588
prokka_FOM_2/FOM_2:Gene	pncA	FOM_2_8:c173828-173259	FOM_2_00589
prokka_FOM_2/FOM_2:Gene	menI	FOM_2_8:c174281-173904	FOM_2_00590
prokka_FOM_2/FOM_2:Gene	menB	FOM_2_8:174493-175311	FOM_2_00591
prokka_FOM_2/FOM_2:Gene	menE_2	FOM_2_8:175393-176844	FOM_2_00592
prokka_FOM_2/FOM_2:Gene	FOM_2_00593	FOM_2_8:176975-179212	FOM_2_00593
prokka_FOM_2/FOM_2:Gene	FOM_2_00594	FOM_2_8:c179842-179462	FOM_2_00594
prokka_FOM_2/FOM_2:Gene	tcrA	FOM_2_8:180027-180722	FOM_2_00595
prokka_FOM_2/FOM_2:Gene	sasA_2	FOM_2_8:180722-181960	FOM_2_00596
prokka_FOM_2/FOM_2:Gene	FOM_2_00597	FOM_2_8:182109-183188	FOM_2_00597
prokka_FOM_2/FOM_2:Gene	FOM_2_00598	FOM_2_8:183178-184071	FOM_2_00598
prokka_FOM_2/FOM_2:Gene	FOM_2_00599	FOM_2_8:184083-184463	FOM_2_00599
prokka_FOM_2/FOM_2:Gene	FOM_2_00600	FOM_2_8:184643-185191	FOM_2_00600
prokka_FOM_2/FOM_2:Gene	FOM_2_00601	FOM_2_8:185145-186080	FOM_2_00601
prokka_FOM_2/FOM_2:Gene	FOM_2_00602	FOM_2_8:186095-186841	FOM_2_00602
prokka_FOM_2/FOM_2:Gene	FOM_2_00603	FOM_2_8:186834-187085	FOM_2_00603
prokka_FOM_2/FOM_2:Gene	FOM_2_00604	FOM_2_8:187140-187520	FOM_2_00604
prokka_FOM_2/FOM_2:Gene	FOM_2_00605	FOM_2_8:c188132-187563	FOM_2_00605
prokka_FOM_2/FOM_2:Gene	rpiA_2	FOM_2_8:c188926-188228	FOM_2_00606
prokka_FOM_2/FOM_2:Gene	mutY	FOM_2_8:189069-190166	FOM_2_00607
prokka_FOM_2/FOM_2:Gene	rihC	FOM_2_8:190268-191185	FOM_2_00608
prokka_FOM_2/FOM_2:Gene	rsmG	FOM_2_8:191333-192052	FOM_2_00609
prokka_FOM_2/FOM_2:Gene	soj	FOM_2_8:192066-192836	FOM_2_00610
prokka_FOM_2/FOM_2:Gene	spo0J	FOM_2_8:192823-193731	FOM_2_00611
prokka_FOM_2/FOM_2:Gene	FOM_2_00612	FOM_2_8:193747-193941	FOM_2_00612
prokka_FOM_2/FOM_2:Gene	ychF	FOM_2_8:193965-195068	FOM_2_00613
prokka_FOM_2/FOM_2:Gene	FOM_2_00614	FOM_2_8:195081-195806	FOM_2_00614
prokka_FOM_2/FOM_2:Gene	srrA_1	FOM_2_8:195833-196522	FOM_2_00615
prokka_FOM_2/FOM_2:Gene	rcsC_1	FOM_2_8:196565-197686	FOM_2_00616
prokka_FOM_2/FOM_2:Gene	dacA_1	FOM_2_8:197692-198957	FOM_2_00617
prokka_FOM_2/FOM_2:Gene	FOM_2_00618	FOM_2_8:c200180-199662	FOM_2_00618
prokka_FOM_2/FOM_2:Gene	FOM_2_00619	FOM_2_8:200255-200623	FOM_2_00619
prokka_FOM_2/FOM_2:Gene	sigV	FOM_2_8:200719-201198	FOM_2_00620
prokka_FOM_2/FOM_2:Gene	rsiV	FOM_2_8:201200-202018	FOM_2_00621
prokka_FOM_2/FOM_2:Gene	mdrP	FOM_2_8:202121-203341	FOM_2_00622
prokka_FOM_2/FOM_2:Gene	FOM_2_00623	FOM_2_8:c204078-203407	FOM_2_00623
prokka_FOM_2/FOM_2:Gene	FOM_2_00624	FOM_2_8:c204300-204228	FOM_2_00624
prokka_FOM_2/FOM_2:Gene	FOM_2_00625	FOM_2_8:c204392-204308	FOM_2_00625
prokka_FOM_2/FOM_2:Gene	cpdA	FOM_2_8:c205278-204451	FOM_2_00626
prokka_FOM_2/FOM_2:Gene	dtpT_1	FOM_2_8:205468-206913	FOM_2_00627
prokka_FOM_2/FOM_2:Gene	stp	FOM_2_8:207030-208577	FOM_2_00628
prokka_FOM_2/FOM_2:Gene	glcU_2	FOM_2_8:208755-209708	FOM_2_00629
prokka_FOM_2/FOM_2:Gene	gmuE_2	FOM_2_8:209721-210599	FOM_2_00630
prokka_FOM_2/FOM_2:Gene	xylT_1	FOM_2_8:210806-212176	FOM_2_00631
prokka_FOM_2/FOM_2:Gene	FOM_2_00632	FOM_2_8:212318-212400	FOM_2_00632
prokka_FOM_2/FOM_2:Gene	FOM_2_00633	FOM_2_8:212410-212482	FOM_2_00633
prokka_FOM_2/FOM_2:Gene	FOM_2_00634	FOM_2_8:212601-212673	FOM_2_00634
prokka_FOM_2/FOM_2:Gene	FOM_2_00635	FOM_2_8:212794-213534	FOM_2_00635
prokka_FOM_2/FOM_2:Gene	nth	FOM_2_8:213603-214241	FOM_2_00636
prokka_FOM_2/FOM_2:Gene	FOM_2_00637	FOM_2_8:214309-215190	FOM_2_00637
prokka_FOM_2/FOM_2:Gene	FOM_2_00638	FOM_2_8:215187-215660	FOM_2_00638
prokka_FOM_2/FOM_2:Gene	oatA	FOM_2_8:215790-217673	FOM_2_00639
prokka_FOM_2/FOM_2:Gene	zitR	FOM_2_8:217775-218239	FOM_2_00640
prokka_FOM_2/FOM_2:Gene	FOM_2_00641	FOM_2_8:218371-219324	FOM_2_00641
prokka_FOM_2/FOM_2:Gene	znuC_2	FOM_2_8:219324-220019	FOM_2_00642
prokka_FOM_2/FOM_2:Gene	znuB	FOM_2_8:220012-220794	FOM_2_00643
prokka_FOM_2/FOM_2:Gene	ybiT	FOM_2_8:221347-222978	FOM_2_00644
prokka_FOM_2/FOM_2:Gene	FOM_2_00645	FOM_2_8:223128-224501	FOM_2_00645
prokka_FOM_2/FOM_2:Gene	FOM_2_00646	FOM_2_8:c225339-224824	FOM_2_00646
prokka_FOM_2/FOM_2:Gene	araR	FOM_2_8:c226571-225486	FOM_2_00647
prokka_FOM_2/FOM_2:Gene	FOM_2_00648	FOM_2_8:226982-227956	FOM_2_00648
prokka_FOM_2/FOM_2:Gene	rafB	FOM_2_8:227983-229260	FOM_2_00649
prokka_FOM_2/FOM_2:Gene	xylB_1	FOM_2_8:229953-231620	FOM_2_00650
prokka_FOM_2/FOM_2:Gene	araD	FOM_2_8:231589-232302	FOM_2_00651
prokka_FOM_2/FOM_2:Gene	araA	FOM_2_8:232330-233763	FOM_2_00652
prokka_FOM_2/FOM_2:Gene	FOM_2_00653	FOM_2_8:233969-234817	FOM_2_00653
prokka_FOM_2/FOM_2:Gene	FOM_2_00654	FOM_2_8:235177-235392	FOM_2_00654
prokka_FOM_2/FOM_2:Gene	FOM_2_00655	FOM_2_8:235416-235643	FOM_2_00655
prokka_FOM_2/FOM_2:Gene	xylT_2	FOM_2_8:235825-237228	FOM_2_00656
prokka_FOM_2/FOM_2:Gene	glnQ_1	FOM_2_8:237443-238174	FOM_2_00657
prokka_FOM_2/FOM_2:Gene	mltF_1	FOM_2_8:238191-239654	FOM_2_00658
prokka_FOM_2/FOM_2:Gene	wecH_1	FOM_2_8:239924-240985	FOM_2_00659
prokka_FOM_2/FOM_2:Gene	FOM_2_00660	FOM_2_8:241079-241942	FOM_2_00660
prokka_FOM_2/FOM_2:Gene	FOM_2_00661	FOM_2_8:241981-243042	FOM_2_00661
prokka_FOM_2/FOM_2:Gene	FOM_2_00662	FOM_2_8:243134-244072	FOM_2_00662
prokka_FOM_2/FOM_2:Gene	FOM_2_00663	FOM_2_8:244204-245118	FOM_2_00663
prokka_FOM_2/FOM_2:Gene	FOM_2_00664	FOM_2_8:245143-245283	FOM_2_00664
prokka_FOM_2/FOM_2:Gene	FOM_2_00665	FOM_2_8:245660-247168	FOM_2_00665
prokka_FOM_2/FOM_2:Gene	FOM_2_00666	FOM_2_8:247353-248228	FOM_2_00666
prokka_FOM_2/FOM_2:Gene	FOM_2_00667	FOM_2_8:248221-248367	FOM_2_00667
prokka_FOM_2/FOM_2:Gene	FOM_2_00668	FOM_2_8:248367-249677	FOM_2_00668
prokka_FOM_2/FOM_2:Gene	FOM_2_00669	FOM_2_8:249688-250815	FOM_2_00669
prokka_FOM_2/FOM_2:Gene	mnaA	FOM_2_8:250808-251911	FOM_2_00670
prokka_FOM_2/FOM_2:Gene	ybaK	FOM_2_8:252034-252528	FOM_2_00671
prokka_FOM_2/FOM_2:Gene	FOM_2_00672	FOM_2_8:252531-253250	FOM_2_00672
prokka_FOM_2/FOM_2:Gene	yedJ	FOM_2_8:253270-253944	FOM_2_00673
prokka_FOM_2/FOM_2:Gene	ribZ_2	FOM_2_8:253954-255339	FOM_2_00674
prokka_FOM_2/FOM_2:Gene	epsL	FOM_2_8:255523-256107	FOM_2_00675
prokka_FOM_2/FOM_2:Gene	gmuR	FOM_2_8:256196-256927	FOM_2_00676
prokka_FOM_2/FOM_2:Gene	xpkA	FOM_2_8:257137-259596	FOM_2_00677
prokka_FOM_2/FOM_2:Gene	FOM_2_00678	FOM_2_8:c260932-259886	FOM_2_00678
prokka_FOM_2/FOM_2:Gene	FOM_2_00679	FOM_2_8:261722-262438	FOM_2_00679
prokka_FOM_2/FOM_2:Gene	glyD	FOM_2_8:262452-263345	FOM_2_00680
prokka_FOM_2/FOM_2:Gene	FOM_2_00681	FOM_2_8:263591-265105	FOM_2_00681
prokka_FOM_2/FOM_2:Gene	murB_1	FOM_2_8:265133-266044	FOM_2_00682
prokka_FOM_2/FOM_2:Gene	FOM_2_00683	FOM_2_8:266324-266956	FOM_2_00683
prokka_FOM_2/FOM_2:Gene	FOM_2_00684	FOM_2_8:266980-267978	FOM_2_00684
prokka_FOM_2/FOM_2:Gene	tarS	FOM_2_8:267983-268525	FOM_2_00685
prokka_FOM_2/FOM_2:Gene	epsD_1	FOM_2_8:268918-270081	FOM_2_00686
prokka_FOM_2/FOM_2:Gene	epsJ	FOM_2_8:270232-271278	FOM_2_00687
prokka_FOM_2/FOM_2:Gene	FOM_2_00688	FOM_2_8:271300-272160	FOM_2_00688
prokka_FOM_2/FOM_2:Gene	FOM_2_00689	FOM_2_8:272179-272901	FOM_2_00689
prokka_FOM_2/FOM_2:Gene	FOM_2_00690	FOM_2_8:272879-274048	FOM_2_00690
prokka_FOM_2/FOM_2:Gene	tarD_1	FOM_2_8:274058-274489	FOM_2_00691
prokka_FOM_2/FOM_2:Gene	FOM_2_00692	FOM_2_8:274605-275030	FOM_2_00692
prokka_FOM_2/FOM_2:Gene	FOM_2_00693	FOM_2_8:275237-278410	FOM_2_00693
prokka_FOM_2/FOM_2:Gene	yxaB	FOM_2_8:278596-279648	FOM_2_00694
prokka_FOM_2/FOM_2:Gene	FOM_2_00695	FOM_2_8:279651-281045	FOM_2_00695
prokka_FOM_2/FOM_2:Gene	FOM_2_00696	FOM_2_8:281096-281818	FOM_2_00696
prokka_FOM_2/FOM_2:Gene	FOM_2_00697	FOM_2_8:281918-284452	FOM_2_00697
prokka_FOM_2/FOM_2:Gene	FOM_2_00698	FOM_2_8:284503-284910	FOM_2_00698
prokka_FOM_2/FOM_2:Gene	FOM_2_00699	FOM_2_8:285028-287070	FOM_2_00699
prokka_FOM_2/FOM_2:Gene	FOM_2_00700	FOM_2_8:287088-287969	FOM_2_00700
prokka_FOM_2/FOM_2:Gene	FOM_2_00701	FOM_2_8:288096-288380	FOM_2_00701
prokka_FOM_2/FOM_2:Gene	FOM_2_00702	FOM_2_8:288377-288673	FOM_2_00702
prokka_FOM_2/FOM_2:Gene	pepO	FOM_2_8:288748-290643	FOM_2_00703
prokka_FOM_2/FOM_2:Gene	FOM_2_00704	FOM_2_8:290822-291016	FOM_2_00704
prokka_FOM_2/FOM_2:Gene	polC_2	FOM_2_9:c4656-334	FOM_2_00705
prokka_FOM_2/FOM_2:Gene	proS	FOM_2_9:c6900-5179	FOM_2_00706
prokka_FOM_2/FOM_2:Gene	FOM_2_00707	FOM_2_9:c8325-7066	FOM_2_00707
prokka_FOM_2/FOM_2:Gene	FOM_2_00708	FOM_2_9:c9209-8418	FOM_2_00708
prokka_FOM_2/FOM_2:Gene	uppS	FOM_2_9:c10008-9220	FOM_2_00709
prokka_FOM_2/FOM_2:Gene	ybiV_1	FOM_2_9:c10975-10130	FOM_2_00710
prokka_FOM_2/FOM_2:Gene	FOM_2_00711	FOM_2_9:c11397-10972	FOM_2_00711
prokka_FOM_2/FOM_2:Gene	FOM_2_00712	FOM_2_9:11569-12417	FOM_2_00712
prokka_FOM_2/FOM_2:Gene	FOM_2_00713	FOM_2_9:c13090-12533	FOM_2_00713
prokka_FOM_2/FOM_2:Gene	FOM_2_00714	FOM_2_9:c13822-13418	FOM_2_00714
prokka_FOM_2/FOM_2:Gene	FOM_2_00715	FOM_2_9:c14375-14013	FOM_2_00715
prokka_FOM_2/FOM_2:Gene	ydfK	FOM_2_9:c15133-14402	FOM_2_00716
prokka_FOM_2/FOM_2:Gene	bdhA	FOM_2_9:c16431-15247	FOM_2_00717
prokka_FOM_2/FOM_2:Gene	yhhS_2	FOM_2_9:16655-17830	FOM_2_00718
prokka_FOM_2/FOM_2:Gene	FOM_2_00719	FOM_2_9:c19394-17883	FOM_2_00719
prokka_FOM_2/FOM_2:Gene	opuCA	FOM_2_9:c20310-19402	FOM_2_00720
prokka_FOM_2/FOM_2:Gene	msrB	FOM_2_9:20480-20917	FOM_2_00721
prokka_FOM_2/FOM_2:Gene	FOM_2_00722	FOM_2_9:c21775-20969	FOM_2_00722
prokka_FOM_2/FOM_2:Gene	ribH	FOM_2_9:c22346-21882	FOM_2_00723
prokka_FOM_2/FOM_2:Gene	ribBA_1	FOM_2_9:c23555-22362	FOM_2_00724
prokka_FOM_2/FOM_2:Gene	ribE	FOM_2_9:c24148-23561	FOM_2_00725
prokka_FOM_2/FOM_2:Gene	ribD	FOM_2_9:c25173-24148	FOM_2_00726
prokka_FOM_2/FOM_2:Gene	gdnD_1	FOM_2_9:c25959-25636	FOM_2_00727
prokka_FOM_2/FOM_2:Gene	FOM_2_00728	FOM_2_9:c26285-25959	FOM_2_00728
prokka_FOM_2/FOM_2:Gene	FOM_2_00729	FOM_2_9:c26536-26384	FOM_2_00729
prokka_FOM_2/FOM_2:Gene	tdk	FOM_2_9:c27139-26543	FOM_2_00730
prokka_FOM_2/FOM_2:Gene	FOM_2_00731	FOM_2_9:c27829-27398	FOM_2_00731
prokka_FOM_2/FOM_2:Gene	FOM_2_00732	FOM_2_9:c28646-27885	FOM_2_00732
prokka_FOM_2/FOM_2:Gene	FOM_2_00733	FOM_2_9:c29711-28863	FOM_2_00733
prokka_FOM_2/FOM_2:Gene	FOM_2_00734	FOM_2_9:c30818-29976	FOM_2_00734
prokka_FOM_2/FOM_2:Gene	uvrA_2	FOM_2_9:c33401-30909	FOM_2_00735
prokka_FOM_2/FOM_2:Gene	hsrA_4	FOM_2_9:c34920-33526	FOM_2_00736
prokka_FOM_2/FOM_2:Gene	FOM_2_00737	FOM_2_9:35101-35700	FOM_2_00737
prokka_FOM_2/FOM_2:Gene	FOM_2_00738	FOM_2_9:c37604-35748	FOM_2_00738
prokka_FOM_2/FOM_2:Gene	hutI_2	FOM_2_9:c38846-37680	FOM_2_00739
prokka_FOM_2/FOM_2:Gene	oppA	FOM_2_9:c40480-38858	FOM_2_00740
prokka_FOM_2/FOM_2:Gene	tdh_2	FOM_2_9:c41683-40781	FOM_2_00741
prokka_FOM_2/FOM_2:Gene	FOM_2_00742	FOM_2_9:c42329-41886	FOM_2_00742
prokka_FOM_2/FOM_2:Gene	FOM_2_00743	FOM_2_9:c42560-42402	FOM_2_00743
prokka_FOM_2/FOM_2:Gene	FOM_2_00744	FOM_2_9:c43272-42610	FOM_2_00744
prokka_FOM_2/FOM_2:Gene	FOM_2_00745	FOM_2_9:43480-44079	FOM_2_00745
prokka_FOM_2/FOM_2:Gene	FOM_2_00746	FOM_2_9:44137-44295	FOM_2_00746
prokka_FOM_2/FOM_2:Gene	FOM_2_00747	FOM_2_9:44288-44707	FOM_2_00747
prokka_FOM_2/FOM_2:Gene	FOM_2_00748	FOM_2_9:c45412-44768	FOM_2_00748
prokka_FOM_2/FOM_2:Gene	FOM_2_00749	FOM_2_9:c47548-45569	FOM_2_00749
prokka_FOM_2/FOM_2:Gene	FOM_2_00750	FOM_2_9:c48941-47814	FOM_2_00750
prokka_FOM_2/FOM_2:Gene	FOM_2_00751	FOM_2_9:c50576-50250	FOM_2_00751
prokka_FOM_2/FOM_2:Gene	hpt	FOM_2_9:c51302-50766	FOM_2_00752
prokka_FOM_2/FOM_2:Gene	purA	FOM_2_9:c52598-51306	FOM_2_00753
prokka_FOM_2/FOM_2:Gene	FOM_2_00754	FOM_2_9:c55409-52827	FOM_2_00754
prokka_FOM_2/FOM_2:Gene	pbuG_2	FOM_2_9:55655-56962	FOM_2_00755
prokka_FOM_2/FOM_2:Gene	FOM_2_00756	FOM_2_9:c57303-57196	FOM_2_00756
prokka_FOM_2/FOM_2:Gene	thiE_2	FOM_2_9:c58161-57448	FOM_2_00757
prokka_FOM_2/FOM_2:Gene	ezrA	FOM_2_9:c60039-58306	FOM_2_00758
prokka_FOM_2/FOM_2:Gene	yfeX_2	FOM_2_9:c61519-60575	FOM_2_00759
prokka_FOM_2/FOM_2:Gene	ydhP_1	FOM_2_9:c62790-61630	FOM_2_00760
prokka_FOM_2/FOM_2:Gene	rpsD	FOM_2_9:c63551-62940	FOM_2_00761
prokka_FOM_2/FOM_2:Gene	FOM_2_00762	FOM_2_9:c64289-63789	FOM_2_00762
prokka_FOM_2/FOM_2:Gene	nagR	FOM_2_9:c65117-64416	FOM_2_00763
prokka_FOM_2/FOM_2:Gene	nagA	FOM_2_9:c66296-65121	FOM_2_00764
prokka_FOM_2/FOM_2:Gene	macB_2	FOM_2_9:c68448-66469	FOM_2_00765
prokka_FOM_2/FOM_2:Gene	FOM_2_00766	FOM_2_9:68598-69245	FOM_2_00766
prokka_FOM_2/FOM_2:Gene	ybjI_3	FOM_2_9:c70156-69341	FOM_2_00767
prokka_FOM_2/FOM_2:Gene	ada	FOM_2_9:c70677-70177	FOM_2_00768
prokka_FOM_2/FOM_2:Gene	ybiV_2	FOM_2_9:c71546-70743	FOM_2_00769
prokka_FOM_2/FOM_2:Gene	FOM_2_00770	FOM_2_9:c71733-71660	FOM_2_00770
prokka_FOM_2/FOM_2:Gene	FOM_2_00771	FOM_2_9:c72558-71809	FOM_2_00771
prokka_FOM_2/FOM_2:Gene	FOM_2_00772	FOM_2_9:72673-72921	FOM_2_00772
prokka_FOM_2/FOM_2:Gene	proC	FOM_2_9:c73751-72960	FOM_2_00773
prokka_FOM_2/FOM_2:Gene	rodA	FOM_2_9:c75081-73891	FOM_2_00774
prokka_FOM_2/FOM_2:Gene	FOM_2_00775	FOM_2_9:c75312-75103	FOM_2_00775
prokka_FOM_2/FOM_2:Gene	mbl	FOM_2_9:c76304-75315	FOM_2_00776
prokka_FOM_2/FOM_2:Gene	murF	FOM_2_9:76456-77820	FOM_2_00777
prokka_FOM_2/FOM_2:Gene	FOM_2_00778	FOM_2_9:c78838-77882	FOM_2_00778
prokka_FOM_2/FOM_2:Gene	FOM_2_00779	FOM_2_9:c79977-78841	FOM_2_00779
prokka_FOM_2/FOM_2:Gene	mglA	FOM_2_9:c81532-79982	FOM_2_00780
prokka_FOM_2/FOM_2:Gene	tmpC_3	FOM_2_9:c82834-81755	FOM_2_00781
prokka_FOM_2/FOM_2:Gene	FOM_2_00782	FOM_2_9:c84315-83479	FOM_2_00782
prokka_FOM_2/FOM_2:Gene	FOM_2_00783	FOM_2_9:c84632-84312	FOM_2_00783
prokka_FOM_2/FOM_2:Gene	FOM_2_00784	FOM_2_9:c85288-84671	FOM_2_00784
prokka_FOM_2/FOM_2:Gene	nmtR	FOM_2_9:85433-85762	FOM_2_00785
prokka_FOM_2/FOM_2:Gene	FOM_2_00786	FOM_2_9:85835-86866	FOM_2_00786
prokka_FOM_2/FOM_2:Gene	FOM_2_00787	FOM_2_9:c87754-86915	FOM_2_00787
prokka_FOM_2/FOM_2:Gene	dat	FOM_2_9:c88702-87842	FOM_2_00788
prokka_FOM_2/FOM_2:Gene	FOM_2_00789	FOM_2_9:c89135-88797	FOM_2_00789
prokka_FOM_2/FOM_2:Gene	bsaA	FOM_2_9:c89683-89207	FOM_2_00790
prokka_FOM_2/FOM_2:Gene	gpmA_2	FOM_2_9:c90567-89848	FOM_2_00791
prokka_FOM_2/FOM_2:Gene	FOM_2_00792	FOM_2_9:c90946-90638	FOM_2_00792
prokka_FOM_2/FOM_2:Gene	yumC	FOM_2_9:c92104-91091	FOM_2_00793
prokka_FOM_2/FOM_2:Gene	FOM_2_00794	FOM_2_9:c93010-92219	FOM_2_00794
prokka_FOM_2/FOM_2:Gene	FOM_2_00795	FOM_2_9:c93904-93137	FOM_2_00795
prokka_FOM_2/FOM_2:Gene	tmpC_4	FOM_2_9:c95024-93978	FOM_2_00796
prokka_FOM_2/FOM_2:Gene	tmpC_5	FOM_2_9:c96304-95249	FOM_2_00797
prokka_FOM_2/FOM_2:Gene	ispE	FOM_2_9:c97411-96554	FOM_2_00798
prokka_FOM_2/FOM_2:Gene	FOM_2_00799	FOM_2_9:97556-97954	FOM_2_00799
prokka_FOM_2/FOM_2:Gene	FOM_2_00800	FOM_2_9:c98298-97993	FOM_2_00800
prokka_FOM_2/FOM_2:Gene	FOM_2_00801	FOM_2_9:c98572-98285	FOM_2_00801
prokka_FOM_2/FOM_2:Gene	FOM_2_00802	FOM_2_9:c99767-98574	FOM_2_00802
prokka_FOM_2/FOM_2:Gene	FOM_2_00803	FOM_2_9:c100923-99748	FOM_2_00803
prokka_FOM_2/FOM_2:Gene	dapE	FOM_2_9:c103338-102076	FOM_2_00804
prokka_FOM_2/FOM_2:Gene	FOM_2_00805	FOM_2_9:c103984-103454	FOM_2_00805
prokka_FOM_2/FOM_2:Gene	FOM_2_00806	FOM_2_9:c105189-103999	FOM_2_00806
prokka_FOM_2/FOM_2:Gene	dnaC	FOM_2_9:c106681-105266	FOM_2_00807
prokka_FOM_2/FOM_2:Gene	rplI	FOM_2_9:c107254-106802	FOM_2_00808
prokka_FOM_2/FOM_2:Gene	gdpP	FOM_2_9:c109296-107275	FOM_2_00809
prokka_FOM_2/FOM_2:Gene	oppF_1	FOM_2_9:c110397-109444	FOM_2_00810
prokka_FOM_2/FOM_2:Gene	oppD_1	FOM_2_9:c111500-110397	FOM_2_00811
prokka_FOM_2/FOM_2:Gene	dppC	FOM_2_9:c112549-111518	FOM_2_00812
prokka_FOM_2/FOM_2:Gene	oppB	FOM_2_9:c113480-112560	FOM_2_00813
prokka_FOM_2/FOM_2:Gene	ygiS_1	FOM_2_9:c115563-113938	FOM_2_00814
prokka_FOM_2/FOM_2:Gene	glnP	FOM_2_9:c116771-116115	FOM_2_00815
prokka_FOM_2/FOM_2:Gene	glnM	FOM_2_9:c117418-116774	FOM_2_00816
prokka_FOM_2/FOM_2:Gene	glnH	FOM_2_9:c118263-117418	FOM_2_00817
prokka_FOM_2/FOM_2:Gene	glnQ_2	FOM_2_9:c119010-118276	FOM_2_00818
prokka_FOM_2/FOM_2:Gene	FOM_2_00819	FOM_2_9:c119968-119171	FOM_2_00819
prokka_FOM_2/FOM_2:Gene	FOM_2_00820	FOM_2_9:c120459-119968	FOM_2_00820
prokka_FOM_2/FOM_2:Gene	gmk	FOM_2_9:c121043-120483	FOM_2_00821
prokka_FOM_2/FOM_2:Gene	bioY2	FOM_2_9:c121659-121126	FOM_2_00822
prokka_FOM_2/FOM_2:Gene	birA	FOM_2_9:c122405-121656	FOM_2_00823
prokka_FOM_2/FOM_2:Gene	FOM_2_00824	FOM_2_9:c123119-122574	FOM_2_00824
prokka_FOM_2/FOM_2:Gene	FOM_2_00825	FOM_2_9:c124217-123222	FOM_2_00825
prokka_FOM_2/FOM_2:Gene	FOM_2_00826	FOM_2_9:124423-125487	FOM_2_00826
prokka_FOM_2/FOM_2:Gene	pepV_2	FOM_2_9:c126969-125548	FOM_2_00827
prokka_FOM_2/FOM_2:Gene	xylP_2	FOM_2_9:127211-128662	FOM_2_00828
prokka_FOM_2/FOM_2:Gene	nnrD	FOM_2_9:c129566-128721	FOM_2_00829
prokka_FOM_2/FOM_2:Gene	FOM_2_00830	FOM_2_10:184-1152	FOM_2_00830
prokka_FOM_2/FOM_2:Gene	FOM_2_00831	FOM_2_10:1260-2282	FOM_2_00831
prokka_FOM_2/FOM_2:Gene	FOM_2_00832	FOM_2_10:2565-2828	FOM_2_00832
prokka_FOM_2/FOM_2:Gene	FOM_2_00833	FOM_2_10:2825-3529	FOM_2_00833
prokka_FOM_2/FOM_2:Gene	FOM_2_00834	FOM_2_10:3654-4868	FOM_2_00834
prokka_FOM_2/FOM_2:Gene	gtfC	FOM_2_10:5261-9637	FOM_2_00835
prokka_FOM_2/FOM_2:Gene	phoP_2	FOM_2_10:9796-10509	FOM_2_00836
prokka_FOM_2/FOM_2:Gene	phoR	FOM_2_10:10519-11889	FOM_2_00837
prokka_FOM_2/FOM_2:Gene	udk	FOM_2_10:11930-12562	FOM_2_00838
prokka_FOM_2/FOM_2:Gene	pepA	FOM_2_10:12588-13661	FOM_2_00839
prokka_FOM_2/FOM_2:Gene	FOM_2_00840	FOM_2_10:13689-14327	FOM_2_00840
prokka_FOM_2/FOM_2:Gene	FOM_2_00841	FOM_2_10:14344-14778	FOM_2_00841
prokka_FOM_2/FOM_2:Gene	murC	FOM_2_10:14879-16219	FOM_2_00842
prokka_FOM_2/FOM_2:Gene	ybhL	FOM_2_10:16367-17098	FOM_2_00843
prokka_FOM_2/FOM_2:Gene	polA	FOM_2_10:17191-19911	FOM_2_00844
prokka_FOM_2/FOM_2:Gene	mutM	FOM_2_10:20101-20934	FOM_2_00845
prokka_FOM_2/FOM_2:Gene	coaE	FOM_2_10:20938-21531	FOM_2_00846
prokka_FOM_2/FOM_2:Gene	dnaB	FOM_2_10:21546-22901	FOM_2_00847
prokka_FOM_2/FOM_2:Gene	dnaI	FOM_2_10:22908-23852	FOM_2_00848
prokka_FOM_2/FOM_2:Gene	FOM_2_00849	FOM_2_10:23852-24958	FOM_2_00849
prokka_FOM_2/FOM_2:Gene	FOM_2_00850	FOM_2_10:24955-25746	FOM_2_00850
prokka_FOM_2/FOM_2:Gene	arlR	FOM_2_10:25845-26534	FOM_2_00851
prokka_FOM_2/FOM_2:Gene	sasA_3	FOM_2_10:26550-28022	FOM_2_00852
prokka_FOM_2/FOM_2:Gene	FOM_2_00853	FOM_2_10:28083-29084	FOM_2_00853
prokka_FOM_2/FOM_2:Gene	FOM_2_00854	FOM_2_10:29203-30021	FOM_2_00854
prokka_FOM_2/FOM_2:Gene	FOM_2_00855	FOM_2_10:c30496-30068	FOM_2_00855
prokka_FOM_2/FOM_2:Gene	yjeM	FOM_2_10:30752-32236	FOM_2_00856
prokka_FOM_2/FOM_2:Gene	FOM_2_00857	FOM_2_10:32342-32716	FOM_2_00857
prokka_FOM_2/FOM_2:Gene	FOM_2_00858	FOM_2_10:32795-32866	FOM_2_00858
prokka_FOM_2/FOM_2:Gene	yidC	FOM_2_10:32998-33942	FOM_2_00859
prokka_FOM_2/FOM_2:Gene	FOM_2_00860	FOM_2_10:34075-34893	FOM_2_00860
prokka_FOM_2/FOM_2:Gene	FOM_2_00861	FOM_2_10:35080-35985	FOM_2_00861
prokka_FOM_2/FOM_2:Gene	FOM_2_00862	FOM_2_10:c36593-36051	FOM_2_00862
prokka_FOM_2/FOM_2:Gene	fni	FOM_2_10:c37810-36773	FOM_2_00863
prokka_FOM_2/FOM_2:Gene	FOM_2_00864	FOM_2_10:c38880-37822	FOM_2_00864
prokka_FOM_2/FOM_2:Gene	FOM_2_00865	FOM_2_10:c39866-38880	FOM_2_00865
prokka_FOM_2/FOM_2:Gene	galK	FOM_2_10:c40811-39876	FOM_2_00866
prokka_FOM_2/FOM_2:Gene	dinG	FOM_2_10:40952-43774	FOM_2_00867
prokka_FOM_2/FOM_2:Gene	FOM_2_00868	FOM_2_10:43838-44350	FOM_2_00868
prokka_FOM_2/FOM_2:Gene	asnS	FOM_2_10:44380-45675	FOM_2_00869
prokka_FOM_2/FOM_2:Gene	dnaD	FOM_2_10:45766-46506	FOM_2_00870
prokka_FOM_2/FOM_2:Gene	ponA_2	FOM_2_10:c48881-46545	FOM_2_00871
prokka_FOM_2/FOM_2:Gene	recU	FOM_2_10:c49502-48900	FOM_2_00872
prokka_FOM_2/FOM_2:Gene	FOM_2_00873	FOM_2_10:49603-50166	FOM_2_00873
prokka_FOM_2/FOM_2:Gene	gpsB_1	FOM_2_10:50259-50639	FOM_2_00874
prokka_FOM_2/FOM_2:Gene	FOM_2_00875	FOM_2_10:50709-50846	FOM_2_00875
prokka_FOM_2/FOM_2:Gene	rlmL	FOM_2_10:51133-52263	FOM_2_00876
prokka_FOM_2/FOM_2:Gene	pcrA	FOM_2_10:52301-54592	FOM_2_00877
prokka_FOM_2/FOM_2:Gene	ligA	FOM_2_10:54616-56652	FOM_2_00878
prokka_FOM_2/FOM_2:Gene	FOM_2_00879	FOM_2_10:56706-57890	FOM_2_00879
prokka_FOM_2/FOM_2:Gene	yfbR	FOM_2_10:57996-58631	FOM_2_00880
prokka_FOM_2/FOM_2:Gene	FOM_2_00881	FOM_2_10:58752-59900	FOM_2_00881
prokka_FOM_2/FOM_2:Gene	uvrB_1	FOM_2_10:59923-61935	FOM_2_00882
prokka_FOM_2/FOM_2:Gene	accB_1	FOM_2_10:62016-62429	FOM_2_00883
prokka_FOM_2/FOM_2:Gene	accC	FOM_2_10:62494-63870	FOM_2_00884
prokka_FOM_2/FOM_2:Gene	accD_1	FOM_2_10:63867-64721	FOM_2_00885
prokka_FOM_2/FOM_2:Gene	accA_1	FOM_2_10:64714-65487	FOM_2_00886
prokka_FOM_2/FOM_2:Gene	dtpT_2	FOM_2_10:c66992-65532	FOM_2_00887
prokka_FOM_2/FOM_2:Gene	gamA	FOM_2_10:c67934-67167	FOM_2_00888
prokka_FOM_2/FOM_2:Gene	FOM_2_00889	FOM_2_10:c68359-68090	FOM_2_00889
prokka_FOM_2/FOM_2:Gene	hit	FOM_2_10:c68785-68363	FOM_2_00890
prokka_FOM_2/FOM_2:Gene	ecsA	FOM_2_10:68908-69609	FOM_2_00891
prokka_FOM_2/FOM_2:Gene	FOM_2_00892	FOM_2_10:69609-70718	FOM_2_00892
prokka_FOM_2/FOM_2:Gene	trmB	FOM_2_10:70702-71364	FOM_2_00893
prokka_FOM_2/FOM_2:Gene	yslB	FOM_2_10:c71833-71408	FOM_2_00894
prokka_FOM_2/FOM_2:Gene	tri1	FOM_2_10:71946-72872	FOM_2_00895
prokka_FOM_2/FOM_2:Gene	FOM_2_00896	FOM_2_10:72936-73883	FOM_2_00896
prokka_FOM_2/FOM_2:Gene	gntT_1	FOM_2_10:c75289-73928	FOM_2_00897
prokka_FOM_2/FOM_2:Gene	FOM_2_00898	FOM_2_10:75471-76103	FOM_2_00898
prokka_FOM_2/FOM_2:Gene	FOM_2_00899	FOM_2_10:76103-76255	FOM_2_00899
prokka_FOM_2/FOM_2:Gene	FOM_2_00900	FOM_2_10:76252-76581	FOM_2_00900
prokka_FOM_2/FOM_2:Gene	npr_1	FOM_2_10:77216-77425	FOM_2_00901
prokka_FOM_2/FOM_2:Gene	npr_2	FOM_2_10:77600-78586	FOM_2_00902
prokka_FOM_2/FOM_2:Gene	FOM_2_00903	FOM_2_10:78786-79379	FOM_2_00903
prokka_FOM_2/FOM_2:Gene	srlR	FOM_2_10:79533-80303	FOM_2_00904
prokka_FOM_2/FOM_2:Gene	lacC	FOM_2_10:80300-81214	FOM_2_00905
prokka_FOM_2/FOM_2:Gene	fruA	FOM_2_10:81233-83170	FOM_2_00906
prokka_FOM_2/FOM_2:Gene	iolU_1	FOM_2_10:83191-84144	FOM_2_00907
prokka_FOM_2/FOM_2:Gene	ccpA_2	FOM_2_10:84224-85198	FOM_2_00908
prokka_FOM_2/FOM_2:Gene	tdh_3	FOM_2_10:85279-86232	FOM_2_00909
prokka_FOM_2/FOM_2:Gene	FOM_2_00910	FOM_2_10:c87563-86532	FOM_2_00910
prokka_FOM_2/FOM_2:Gene	FOM_2_00911	FOM_2_10:87783-88412	FOM_2_00911
prokka_FOM_2/FOM_2:Gene	idi	FOM_2_10:c88946-88494	FOM_2_00912
prokka_FOM_2/FOM_2:Gene	FOM_2_00913	FOM_2_10:c90009-89068	FOM_2_00913
prokka_FOM_2/FOM_2:Gene	bglA_3	FOM_2_10:c91713-90250	FOM_2_00914
prokka_FOM_2/FOM_2:Gene	FOM_2_00915	FOM_2_10:c92857-91871	FOM_2_00915
prokka_FOM_2/FOM_2:Gene	ydaF	FOM_2_10:c93840-93280	FOM_2_00916
prokka_FOM_2/FOM_2:Gene	ybiR_2	FOM_2_10:c95014-93908	FOM_2_00917
prokka_FOM_2/FOM_2:Gene	steT_3	FOM_2_10:c96420-95092	FOM_2_00918
prokka_FOM_2/FOM_2:Gene	FOM_2_00919	FOM_2_10:c96834-96565	FOM_2_00919
prokka_FOM_2/FOM_2:Gene	lepA	FOM_2_10:97079-98860	FOM_2_00920
prokka_FOM_2/FOM_2:Gene	xylT_3	FOM_2_10:c100331-98931	FOM_2_00921
prokka_FOM_2/FOM_2:Gene	FOM_2_00922	FOM_2_10:100599-101162	FOM_2_00922
prokka_FOM_2/FOM_2:Gene	lacM	FOM_2_10:c102178-101228	FOM_2_00923
prokka_FOM_2/FOM_2:Gene	lacL	FOM_2_10:c104054-102159	FOM_2_00924
prokka_FOM_2/FOM_2:Gene	clpC	FOM_2_10:c106340-104223	FOM_2_00925
prokka_FOM_2/FOM_2:Gene	FOM_2_00926	FOM_2_10:c107362-106625	FOM_2_00926
prokka_FOM_2/FOM_2:Gene	queT	FOM_2_10:c107860-107363	FOM_2_00927
prokka_FOM_2/FOM_2:Gene	FOM_2_00928	FOM_2_10:108026-108493	FOM_2_00928
prokka_FOM_2/FOM_2:Gene	yveA	FOM_2_10:108612-110219	FOM_2_00929
prokka_FOM_2/FOM_2:Gene	FOM_2_00930	FOM_2_10:c111006-110272	FOM_2_00930
prokka_FOM_2/FOM_2:Gene	oxyR	FOM_2_10:c111966-111088	FOM_2_00931
prokka_FOM_2/FOM_2:Gene	mleA	FOM_2_10:112094-113719	FOM_2_00932
prokka_FOM_2/FOM_2:Gene	FOM_2_00933	FOM_2_10:113742-114299	FOM_2_00933
prokka_FOM_2/FOM_2:Gene	garB_2	FOM_2_10:c115845-114514	FOM_2_00934
prokka_FOM_2/FOM_2:Gene	FOM_2_00935	FOM_2_10:c116586-116014	FOM_2_00935
prokka_FOM_2/FOM_2:Gene	FOM_2_00936	FOM_2_10:c117121-116618	FOM_2_00936
prokka_FOM_2/FOM_2:Gene	ytrE	FOM_2_10:c117851-117171	FOM_2_00937
prokka_FOM_2/FOM_2:Gene	FOM_2_00938	FOM_2_10:c118909-117854	FOM_2_00938
prokka_FOM_2/FOM_2:Gene	FOM_2_00939	FOM_2_10:c120027-119053	FOM_2_00939
prokka_FOM_2/FOM_2:Gene	cfa	FOM_2_10:c121380-120187	FOM_2_00940
prokka_FOM_2/FOM_2:Gene	FOM_2_00941	FOM_2_10:c121873-121505	FOM_2_00941
prokka_FOM_2/FOM_2:Gene	rpsN2	FOM_2_10:c122251-121982	FOM_2_00942
prokka_FOM_2/FOM_2:Gene	rpmGA	FOM_2_10:c122403-122254	FOM_2_00943
prokka_FOM_2/FOM_2:Gene	FOM_2_00944	FOM_2_10:c123070-122702	FOM_2_00944
prokka_FOM_2/FOM_2:Gene	FOM_2_00945	FOM_2_10:c123845-123213	FOM_2_00945
prokka_FOM_2/FOM_2:Gene	FOM_2_00946	FOM_2_10:c124117-123938	FOM_2_00946
prokka_FOM_2/FOM_2:Gene	ackA_1	FOM_2_10:c125361-124168	FOM_2_00947
prokka_FOM_2/FOM_2:Gene	pepT	FOM_2_10:c126761-125529	FOM_2_00948
prokka_FOM_2/FOM_2:Gene	FOM_2_00949	FOM_2_10:c127580-126783	FOM_2_00949
prokka_FOM_2/FOM_2:Gene	trmK	FOM_2_10:c128269-127577	FOM_2_00950
prokka_FOM_2/FOM_2:Gene	FOM_2_00951	FOM_2_10:c128782-128363	FOM_2_00951
prokka_FOM_2/FOM_2:Gene	bepA	FOM_2_10:c130233-128950	FOM_2_00952
prokka_FOM_2/FOM_2:Gene	FOM_2_00953	FOM_2_10:c130478-130329	FOM_2_00953
prokka_FOM_2/FOM_2:Gene	FOM_2_00954	FOM_2_10:c131937-130534	FOM_2_00954
prokka_FOM_2/FOM_2:Gene	FOM_2_00955	FOM_2_10:c132237-132004	FOM_2_00955
prokka_FOM_2/FOM_2:Gene	FOM_2_00956	FOM_2_10:c132966-132340	FOM_2_00956
prokka_FOM_2/FOM_2:Gene	FOM_2_00957	FOM_2_10:c133379-132993	FOM_2_00957
prokka_FOM_2/FOM_2:Gene	FOM_2_00958	FOM_2_10:133524-134000	FOM_2_00958
prokka_FOM_2/FOM_2:Gene	FOM_2_00959	FOM_2_10:c134461-134084	FOM_2_00959
prokka_FOM_2/FOM_2:Gene	FOM_2_00960	FOM_2_10:c134863-134720	FOM_2_00960
prokka_FOM_2/FOM_2:Gene	FOM_2_00961	FOM_2_10:c135449-134916	FOM_2_00961
prokka_FOM_2/FOM_2:Gene	sbcC	FOM_2_10:c138752-135567	FOM_2_00962
prokka_FOM_2/FOM_2:Gene	sbcD	FOM_2_10:c139924-138755	FOM_2_00963
prokka_FOM_2/FOM_2:Gene	FOM_2_00964	FOM_2_10:c140927-139995	FOM_2_00964
prokka_FOM_2/FOM_2:Gene	yycB	FOM_2_10:c142212-141004	FOM_2_00965
prokka_FOM_2/FOM_2:Gene	hmpT	FOM_2_10:c142841-142323	FOM_2_00966
prokka_FOM_2/FOM_2:Gene	pdxK	FOM_2_10:c143655-142843	FOM_2_00967
prokka_FOM_2/FOM_2:Gene	hup	FOM_2_10:c144095-143820	FOM_2_00968
prokka_FOM_2/FOM_2:Gene	der	FOM_2_10:c145652-144342	FOM_2_00969
prokka_FOM_2/FOM_2:Gene	rps1	FOM_2_10:c147070-145838	FOM_2_00970
prokka_FOM_2/FOM_2:Gene	cmk	FOM_2_10:c147844-147170	FOM_2_00971
prokka_FOM_2/FOM_2:Gene	FOM_2_00972	FOM_2_10:c148583-147939	FOM_2_00972
prokka_FOM_2/FOM_2:Gene	deaD_1	FOM_2_10:c150106-148664	FOM_2_00973
prokka_FOM_2/FOM_2:Gene	FOM_2_00974	FOM_2_10:c151151-150099	FOM_2_00974
prokka_FOM_2/FOM_2:Gene	ribU	FOM_2_10:c151859-151281	FOM_2_00975
prokka_FOM_2/FOM_2:Gene	FOM_2_00976	FOM_2_10:c152623-152105	FOM_2_00976
prokka_FOM_2/FOM_2:Gene	FOM_2_00977	FOM_2_10:c153297-152710	FOM_2_00977
prokka_FOM_2/FOM_2:Gene	rluB	FOM_2_10:c154113-153346	FOM_2_00978
prokka_FOM_2/FOM_2:Gene	scpB	FOM_2_10:c154754-154119	FOM_2_00979
prokka_FOM_2/FOM_2:Gene	scpA	FOM_2_10:c155526-154744	FOM_2_00980
prokka_FOM_2/FOM_2:Gene	ribT	FOM_2_10:c155890-155519	FOM_2_00981
prokka_FOM_2/FOM_2:Gene	xerD	FOM_2_10:c156815-155904	FOM_2_00982
prokka_FOM_2/FOM_2:Gene	cvfB	FOM_2_10:c157692-156817	FOM_2_00983
prokka_FOM_2/FOM_2:Gene	FOM_2_00984	FOM_2_10:157924-158475	FOM_2_00984
prokka_FOM_2/FOM_2:Gene	gerN	FOM_2_10:c159493-158528	FOM_2_00985
prokka_FOM_2/FOM_2:Gene	FOM_2_00986	FOM_2_10:c159774-159604	FOM_2_00986
prokka_FOM_2/FOM_2:Gene	dtd	FOM_2_10:c160365-159919	FOM_2_00987
prokka_FOM_2/FOM_2:Gene	relA	FOM_2_10:c162599-160365	FOM_2_00988
prokka_FOM_2/FOM_2:Gene	dnaE	FOM_2_10:c166187-162804	FOM_2_00989
prokka_FOM_2/FOM_2:Gene	FOM_2_00990	FOM_2_10:c166510-166310	FOM_2_00990
prokka_FOM_2/FOM_2:Gene	folA	FOM_2_10:c167112-166615	FOM_2_00991
prokka_FOM_2/FOM_2:Gene	ettA	FOM_2_10:c169008-167119	FOM_2_00992
prokka_FOM_2/FOM_2:Gene	cca	FOM_2_10:c170229-169012	FOM_2_00993
prokka_FOM_2/FOM_2:Gene	FOM_2_00994	FOM_2_10:c170641-170387	FOM_2_00994
prokka_FOM_2/FOM_2:Gene	FOM_2_00995	FOM_2_10:c171352-171122	FOM_2_00995
prokka_FOM_2/FOM_2:Gene	FOM_2_00996	FOM_2_10:c172086-171400	FOM_2_00996
prokka_FOM_2/FOM_2:Gene	FOM_2_00997	FOM_2_10:c172895-172299	FOM_2_00997
prokka_FOM_2/FOM_2:Gene	glmS	FOM_2_10:c175622-173805	FOM_2_00998
prokka_FOM_2/FOM_2:Gene	FOM_2_00999	FOM_2_10:c176028-175924	FOM_2_00999
prokka_FOM_2/FOM_2:Gene	nrgA	FOM_2_10:c177337-176132	FOM_2_01000
prokka_FOM_2/FOM_2:Gene	FOM_2_01001	FOM_2_10:c177998-177516	FOM_2_01001
prokka_FOM_2/FOM_2:Gene	FOM_2_01002	FOM_2_10:c179113-178007	FOM_2_01002
prokka_FOM_2/FOM_2:Gene	tagU_3	FOM_2_10:c180389-179238	FOM_2_01003
prokka_FOM_2/FOM_2:Gene	FOM_2_01004	FOM_2_10:c180702-180613	FOM_2_01004
prokka_FOM_2/FOM_2:Gene	FOM_2_01005	FOM_2_10:180854-180955	FOM_2_01005
prokka_FOM_2/FOM_2:Gene	FOM_2_01006	FOM_2_10:c181964-181005	FOM_2_01006
prokka_FOM_2/FOM_2:Gene	FOM_2_01007	FOM_2_10:c183454-181916	FOM_2_01007
prokka_FOM_2/FOM_2:Gene	FOM_2_01008	FOM_2_10:c184578-183451	FOM_2_01008
prokka_FOM_2/FOM_2:Gene	epsH	FOM_2_10:c185374-184811	FOM_2_01009
prokka_FOM_2/FOM_2:Gene	cpsY	FOM_2_10:c186356-185346	FOM_2_01010
prokka_FOM_2/FOM_2:Gene	epsD_2	FOM_2_10:c187519-186353	FOM_2_01011
prokka_FOM_2/FOM_2:Gene	pglC	FOM_2_10:c188055-187552	FOM_2_01012
prokka_FOM_2/FOM_2:Gene	ywqD	FOM_2_10:c188864-188142	FOM_2_01013
prokka_FOM_2/FOM_2:Gene	ywqC	FOM_2_10:c189740-188877	FOM_2_01014
prokka_FOM_2/FOM_2:Gene	ywqE	FOM_2_10:c190855-190088	FOM_2_01015
prokka_FOM_2/FOM_2:Gene	frr	FOM_2_10:c191536-190979	FOM_2_01016
prokka_FOM_2/FOM_2:Gene	pyrH	FOM_2_10:c192260-191538	FOM_2_01017
prokka_FOM_2/FOM_2:Gene	tsf	FOM_2_10:c193162-192284	FOM_2_01018
prokka_FOM_2/FOM_2:Gene	rpsB	FOM_2_10:c194122-193346	FOM_2_01019
prokka_FOM_2/FOM_2:Gene	FOM_2_01020	FOM_2_10:c194565-194275	FOM_2_01020
prokka_FOM_2/FOM_2:Gene	yfiC	FOM_2_10:c195319-194558	FOM_2_01021
prokka_FOM_2/FOM_2:Gene	plsC	FOM_2_10:195398-196042	FOM_2_01022
prokka_FOM_2/FOM_2:Gene	FOM_2_01023	FOM_2_10:c197745-196078	FOM_2_01023
prokka_FOM_2/FOM_2:Gene	FOM_2_01024	FOM_2_10:c198912-197881	FOM_2_01024
prokka_FOM_2/FOM_2:Gene	FOM_2_01025	FOM_2_10:c200039-198990	FOM_2_01025
prokka_FOM_2/FOM_2:Gene	FOM_2_01026	FOM_2_10:c200329-200102	FOM_2_01026
prokka_FOM_2/FOM_2:Gene	FOM_2_01027	FOM_2_10:c200675-200421	FOM_2_01027
prokka_FOM_2/FOM_2:Gene	lexA	FOM_2_10:200792-201424	FOM_2_01028
prokka_FOM_2/FOM_2:Gene	FOM_2_01029	FOM_2_10:c203465-201477	FOM_2_01029
prokka_FOM_2/FOM_2:Gene	FOM_2_01030	FOM_2_10:c204607-203591	FOM_2_01030
prokka_FOM_2/FOM_2:Gene	apt	FOM_2_10:c205176-204661	FOM_2_01031
prokka_FOM_2/FOM_2:Gene	FOM_2_01032	FOM_2_10:c207487-205181	FOM_2_01032
prokka_FOM_2/FOM_2:Gene	rnz	FOM_2_10:c208487-207504	FOM_2_01033
prokka_FOM_2/FOM_2:Gene	FOM_2_01034	FOM_2_10:c209330-208602	FOM_2_01034
prokka_FOM_2/FOM_2:Gene	FOM_2_01035	FOM_2_10:c209616-209344	FOM_2_01035
prokka_FOM_2/FOM_2:Gene	dnaJ	FOM_2_10:c210620-209709	FOM_2_01036
prokka_FOM_2/FOM_2:Gene	dnaK	FOM_2_10:c212566-210737	FOM_2_01037
prokka_FOM_2/FOM_2:Gene	grpE	FOM_2_10:c213165-212623	FOM_2_01038
prokka_FOM_2/FOM_2:Gene	hrcA	FOM_2_10:c214206-213181	FOM_2_01039
prokka_FOM_2/FOM_2:Gene	FOM_2_01040	FOM_2_10:c215408-214401	FOM_2_01040
prokka_FOM_2/FOM_2:Gene	FOM_2_01041	FOM_2_10:c216268-215630	FOM_2_01041
prokka_FOM_2/FOM_2:Gene	FOM_2_01042	FOM_2_10:c216714-216268	FOM_2_01042
prokka_FOM_2/FOM_2:Gene	FOM_2_01043	FOM_2_10:c218767-216833	FOM_2_01043
prokka_FOM_2/FOM_2:Gene	FOM_2_01044	FOM_2_10:c219816-218923	FOM_2_01044
prokka_FOM_2/FOM_2:Gene	glfT1	FOM_2_10:c220724-219825	FOM_2_01045
prokka_FOM_2/FOM_2:Gene	FOM_2_01046	FOM_2_10:c222601-220820	FOM_2_01046
prokka_FOM_2/FOM_2:Gene	csbB	FOM_2_10:c223541-222612	FOM_2_01047
prokka_FOM_2/FOM_2:Gene	rfbX	FOM_2_10:c225090-223636	FOM_2_01048
prokka_FOM_2/FOM_2:Gene	FOM_2_01049	FOM_2_10:c226246-225140	FOM_2_01049
prokka_FOM_2/FOM_2:Gene	FOM_2_01050	FOM_2_10:c228216-226465	FOM_2_01050
prokka_FOM_2/FOM_2:Gene	wecH_2	FOM_2_10:c229964-228894	FOM_2_01051
prokka_FOM_2/FOM_2:Gene	FOM_2_01052	FOM_2_10:c231753-230053	FOM_2_01052
prokka_FOM_2/FOM_2:Gene	glf	FOM_2_10:c232997-231819	FOM_2_01053
prokka_FOM_2/FOM_2:Gene	FOM_2_01054	FOM_2_10:c233931-233158	FOM_2_01054
prokka_FOM_2/FOM_2:Gene	FOM_2_01055	FOM_2_10:c235315-233936	FOM_2_01055
prokka_FOM_2/FOM_2:Gene	FOM_2_01056	FOM_2_10:c235963-235331	FOM_2_01056
prokka_FOM_2/FOM_2:Gene	wcaJ	FOM_2_10:c236730-236107	FOM_2_01057
prokka_FOM_2/FOM_2:Gene	map_2	FOM_2_10:c237544-236762	FOM_2_01058
prokka_FOM_2/FOM_2:Gene	FOM_2_01059	FOM_2_10:c238291-237701	FOM_2_01059
prokka_FOM_2/FOM_2:Gene	FOM_2_01060	FOM_2_10:c239704-238364	FOM_2_01060
prokka_FOM_2/FOM_2:Gene	FOM_2_01061	FOM_2_10:c240908-239910	FOM_2_01061
prokka_FOM_2/FOM_2:Gene	FOM_2_01062	FOM_2_10:c242181-241060	FOM_2_01062
prokka_FOM_2/FOM_2:Gene	FOM_2_01063	FOM_2_10:c243497-242349	FOM_2_01063
prokka_FOM_2/FOM_2:Gene	FOM_2_01064	FOM_2_10:c244907-243546	FOM_2_01064
prokka_FOM_2/FOM_2:Gene	FOM_2_01065	FOM_2_10:c245567-244920	FOM_2_01065
prokka_FOM_2/FOM_2:Gene	tarD_2	FOM_2_10:c245995-245597	FOM_2_01066
prokka_FOM_2/FOM_2:Gene	tarF	FOM_2_10:c247268-246129	FOM_2_01067
prokka_FOM_2/FOM_2:Gene	FOM_2_01068	FOM_2_10:247515-248783	FOM_2_01068
prokka_FOM_2/FOM_2:Gene	sigA	FOM_2_10:c250085-248952	FOM_2_01069
prokka_FOM_2/FOM_2:Gene	dnaG	FOM_2_10:c252014-250101	FOM_2_01070
prokka_FOM_2/FOM_2:Gene	FOM_2_01071	FOM_2_10:c253520-252489	FOM_2_01071
prokka_FOM_2/FOM_2:Gene	FOM_2_01072	FOM_2_10:c256808-255621	FOM_2_01072
prokka_FOM_2/FOM_2:Gene	FOM_2_01073	FOM_2_10:c258756-256801	FOM_2_01073
prokka_FOM_2/FOM_2:Gene	FOM_2_01074	FOM_2_10:c261409-258746	FOM_2_01074
prokka_FOM_2/FOM_2:Gene	FOM_2_01075	FOM_2_10:c261634-261527	FOM_2_01075
prokka_FOM_2/FOM_2:Gene	FOM_2_01076	FOM_2_10:c261984-261793	FOM_2_01076
prokka_FOM_2/FOM_2:Gene	FOM_2_01077	FOM_2_10:c265170-262054	FOM_2_01077
prokka_FOM_2/FOM_2:Gene	FOM_2_01078	FOM_2_10:c266048-265197	FOM_2_01078
prokka_FOM_2/FOM_2:Gene	FOM_2_01079	FOM_2_10:c266229-266038	FOM_2_01079
prokka_FOM_2/FOM_2:Gene	FOM_2_01080	FOM_2_10:c268596-266239	FOM_2_01080
prokka_FOM_2/FOM_2:Gene	FOM_2_01081	FOM_2_10:c269026-268652	FOM_2_01081
prokka_FOM_2/FOM_2:Gene	topB	FOM_2_10:c271342-269141	FOM_2_01082
prokka_FOM_2/FOM_2:Gene	FOM_2_01083	FOM_2_10:c273290-271611	FOM_2_01083
prokka_FOM_2/FOM_2:Gene	FOM_2_01084	FOM_2_10:c273855-273547	FOM_2_01084
prokka_FOM_2/FOM_2:Gene	FOM_2_01085	FOM_2_10:c274141-273839	FOM_2_01085
prokka_FOM_2/FOM_2:Gene	FOM_2_01086	FOM_2_10:c274531-274166	FOM_2_01086
prokka_FOM_2/FOM_2:Gene	FOM_2_01087	FOM_2_10:c274921-274541	FOM_2_01087
prokka_FOM_2/FOM_2:Gene	FOM_2_01088	FOM_2_10:c275025-274918	FOM_2_01088
prokka_FOM_2/FOM_2:Gene	FOM_2_01089	FOM_2_10:c276069-275491	FOM_2_01089
prokka_FOM_2/FOM_2:Gene	FOM_2_01090	FOM_2_10:c276640-276053	FOM_2_01090
prokka_FOM_2/FOM_2:Gene	FOM_2_01091	FOM_2_10:c277062-276655	FOM_2_01091
prokka_FOM_2/FOM_2:Gene	FOM_2_01092	FOM_2_10:c278406-277105	FOM_2_01092
prokka_FOM_2/FOM_2:Gene	FOM_2_01093	FOM_2_10:c278653-278411	FOM_2_01093
prokka_FOM_2/FOM_2:Gene	FOM_2_01094	FOM_2_10:c280605-278653	FOM_2_01094
prokka_FOM_2/FOM_2:Gene	FOM_2_01095	FOM_2_10:c281260-280616	FOM_2_01095
prokka_FOM_2/FOM_2:Gene	FOM_2_01096	FOM_2_10:c281601-281263	FOM_2_01096
prokka_FOM_2/FOM_2:Gene	FOM_2_01097	FOM_2_10:282136-282924	FOM_2_01097
prokka_FOM_2/FOM_2:Gene	FOM_2_01098	FOM_2_10:282962-283270	FOM_2_01098
prokka_FOM_2/FOM_2:Gene	FOM_2_01099	FOM_2_10:c283936-283418	FOM_2_01099
prokka_FOM_2/FOM_2:Gene	FOM_2_01100	FOM_2_10:c286450-284027	FOM_2_01100
prokka_FOM_2/FOM_2:Gene	FOM_2_01101	FOM_2_10:c289807-286472	FOM_2_01101
prokka_FOM_2/FOM_2:Gene	clpE_2	FOM_2_10:c291693-289807	FOM_2_01102
prokka_FOM_2/FOM_2:Gene	FOM_2_01103	FOM_2_10:c292277-291690	FOM_2_01103
prokka_FOM_2/FOM_2:Gene	FOM_2_01104	FOM_2_10:c294532-292277	FOM_2_01104
prokka_FOM_2/FOM_2:Gene	FOM_2_01105	FOM_2_10:c294810-294535	FOM_2_01105
prokka_FOM_2/FOM_2:Gene	FOM_2_01106	FOM_2_10:295243-295515	FOM_2_01106
prokka_FOM_2/FOM_2:Gene	FOM_2_01107	FOM_2_10:295522-295722	FOM_2_01107
prokka_FOM_2/FOM_2:Gene	FOM_2_01108	FOM_2_10:295725-296171	FOM_2_01108
prokka_FOM_2/FOM_2:Gene	FOM_2_01109	FOM_2_10:296161-296355	FOM_2_01109
prokka_FOM_2/FOM_2:Gene	FOM_2_01110	FOM_2_10:296378-296758	FOM_2_01110
prokka_FOM_2/FOM_2:Gene	FOM_2_01111	FOM_2_10:297105-297395	FOM_2_01111
prokka_FOM_2/FOM_2:Gene	FOM_2_01112	FOM_2_10:297576-297869	FOM_2_01112
prokka_FOM_2/FOM_2:Gene	FOM_2_01113	FOM_2_10:297885-298025	FOM_2_01113
prokka_FOM_2/FOM_2:Gene	FOM_2_01114	FOM_2_10:298265-298861	FOM_2_01114
prokka_FOM_2/FOM_2:Gene	FOM_2_01115	FOM_2_10:c299370-299275	FOM_2_01115
prokka_FOM_2/FOM_2:Gene	FOM_2_01116	FOM_2_10:c300128-299688	FOM_2_01116
prokka_FOM_2/FOM_2:Gene	umuC	FOM_2_10:c301404-300076	FOM_2_01117
prokka_FOM_2/FOM_2:Gene	FOM_2_01118	FOM_2_10:301557-303290	FOM_2_01118
prokka_FOM_2/FOM_2:Gene	FOM_2_01119	FOM_2_10:c304768-303344	FOM_2_01119
prokka_FOM_2/FOM_2:Gene	FOM_2_01120	FOM_2_10:c305109-304768	FOM_2_01120
prokka_FOM_2/FOM_2:Gene	FOM_2_01121	FOM_2_10:c305797-305102	FOM_2_01121
prokka_FOM_2/FOM_2:Gene	FOM_2_01122	FOM_2_10:c306591-305809	FOM_2_01122
prokka_FOM_2/FOM_2:Gene	FOM_2_01123	FOM_2_10:c306935-306597	FOM_2_01123
prokka_FOM_2/FOM_2:Gene	FOM_2_01124	FOM_2_10:c308269-307259	FOM_2_01124
prokka_FOM_2/FOM_2:Gene	FOM_2_01125	FOM_2_10:c308707-308279	FOM_2_01125
prokka_FOM_2/FOM_2:Gene	FOM_2_01126	FOM_2_10:c309061-308711	FOM_2_01126
prokka_FOM_2/FOM_2:Gene	FOM_2_01127	FOM_2_10:c309335-309102	FOM_2_01127
prokka_FOM_2/FOM_2:Gene	FOM_2_01128	FOM_2_10:c309653-309351	FOM_2_01128
prokka_FOM_2/FOM_2:Gene	FOM_2_01129	FOM_2_10:c310862-310596	FOM_2_01129
prokka_FOM_2/FOM_2:Gene	hxlB	FOM_2_10:c311743-311210	FOM_2_01130
prokka_FOM_2/FOM_2:Gene	FOM_2_01131	FOM_2_10:c312392-311766	FOM_2_01131
prokka_FOM_2/FOM_2:Gene	FOM_2_01132	FOM_2_10:c313013-312564	FOM_2_01132
prokka_FOM_2/FOM_2:Gene	hsrA_5	FOM_2_10:c314413-313079	FOM_2_01133
prokka_FOM_2/FOM_2:Gene	ylbL	FOM_2_10:c315632-314577	FOM_2_01134
prokka_FOM_2/FOM_2:Gene	coaD	FOM_2_10:c316113-315634	FOM_2_01135
prokka_FOM_2/FOM_2:Gene	rsmD	FOM_2_10:c316670-316116	FOM_2_01136
prokka_FOM_2/FOM_2:Gene	FOM_2_01137	FOM_2_10:c316981-316670	FOM_2_01137
prokka_FOM_2/FOM_2:Gene	ftsW	FOM_2_10:c318210-316978	FOM_2_01138
prokka_FOM_2/FOM_2:Gene	typA	FOM_2_10:c320198-318354	FOM_2_01139
prokka_FOM_2/FOM_2:Gene	cysQ	FOM_2_10:c321083-320301	FOM_2_01140
prokka_FOM_2/FOM_2:Gene	FOM_2_01141	FOM_2_10:c321375-321088	FOM_2_01141
prokka_FOM_2/FOM_2:Gene	def2	FOM_2_10:c321968-321381	FOM_2_01142
prokka_FOM_2/FOM_2:Gene	FOM_2_01143	FOM_2_10:c322500-322018	FOM_2_01143
prokka_FOM_2/FOM_2:Gene	FOM_2_01144	FOM_2_10:c323096-322503	FOM_2_01144
prokka_FOM_2/FOM_2:Gene	FOM_2_01145	FOM_2_10:323303-323515	FOM_2_01145
prokka_FOM_2/FOM_2:Gene	rnj1	FOM_2_10:323517-325196	FOM_2_01146
prokka_FOM_2/FOM_2:Gene	FOM_2_01147	FOM_2_10:c325727-325248	FOM_2_01147
prokka_FOM_2/FOM_2:Gene	FOM_2_01148	FOM_2_10:c326282-325752	FOM_2_01148
prokka_FOM_2/FOM_2:Gene	yfnB	FOM_2_10:c327088-326402	FOM_2_01149
prokka_FOM_2/FOM_2:Gene	FOM_2_01150	FOM_2_10:c327250-327161	FOM_2_01150
prokka_FOM_2/FOM_2:Gene	ytlR	FOM_2_10:c328293-327352	FOM_2_01151
prokka_FOM_2/FOM_2:Gene	msrA_2	FOM_2_10:c328963-328433	FOM_2_01152
prokka_FOM_2/FOM_2:Gene	metQ_4	FOM_2_10:c329823-328981	FOM_2_01153
prokka_FOM_2/FOM_2:Gene	nox	FOM_2_10:c331576-330227	FOM_2_01154
prokka_FOM_2/FOM_2:Gene	FOM_2_01155	FOM_2_10:c331998-331831	FOM_2_01155
prokka_FOM_2/FOM_2:Gene	FOM_2_01156	FOM_2_10:c333728-332010	FOM_2_01156
prokka_FOM_2/FOM_2:Gene	gbuA	FOM_2_10:c334919-333732	FOM_2_01157
prokka_FOM_2/FOM_2:Gene	FOM_2_01158	FOM_2_10:335221-335841	FOM_2_01158
prokka_FOM_2/FOM_2:Gene	FOM_2_01159	FOM_2_10:335908-336471	FOM_2_01159
prokka_FOM_2/FOM_2:Gene	ppaC	FOM_2_10:c337463-336537	FOM_2_01160
prokka_FOM_2/FOM_2:Gene	plsY	FOM_2_10:337729-338358	FOM_2_01161
prokka_FOM_2/FOM_2:Gene	lacX	FOM_2_10:c339280-338399	FOM_2_01162
prokka_FOM_2/FOM_2:Gene	xerC_1	FOM_2_10:c340362-339445	FOM_2_01163
prokka_FOM_2/FOM_2:Gene	topA_1	FOM_2_10:c342494-340365	FOM_2_01164
prokka_FOM_2/FOM_2:Gene	FOM_2_01165	FOM_2_10:c343491-342625	FOM_2_01165
prokka_FOM_2/FOM_2:Gene	rnhB	FOM_2_10:c344327-343563	FOM_2_01166
prokka_FOM_2/FOM_2:Gene	rbgA	FOM_2_10:c345192-344320	FOM_2_01167
prokka_FOM_2/FOM_2:Gene	FOM_2_01168	FOM_2_10:c345457-345236	FOM_2_01168
prokka_FOM_2/FOM_2:Gene	FOM_2_01169	FOM_2_10:c346071-345457	FOM_2_01169
prokka_FOM_2/FOM_2:Gene	FOM_2_01170	FOM_2_10:c346959-346072	FOM_2_01170
prokka_FOM_2/FOM_2:Gene	FOM_2_01171	FOM_2_10:c347923-347072	FOM_2_01171
prokka_FOM_2/FOM_2:Gene	degV_1	FOM_2_10:c348966-348100	FOM_2_01172
prokka_FOM_2/FOM_2:Gene	FOM_2_01173	FOM_2_10:c350223-348991	FOM_2_01173
prokka_FOM_2/FOM_2:Gene	FOM_2_01174	FOM_2_10:c351522-350227	FOM_2_01174
prokka_FOM_2/FOM_2:Gene	FOM_2_01175	FOM_2_10:c351952-351536	FOM_2_01175
prokka_FOM_2/FOM_2:Gene	cutC	FOM_2_10:c352682-352029	FOM_2_01176
prokka_FOM_2/FOM_2:Gene	rqcH	FOM_2_10:c354559-352853	FOM_2_01177
prokka_FOM_2/FOM_2:Gene	ribF	FOM_2_10:c355527-354586	FOM_2_01178
prokka_FOM_2/FOM_2:Gene	FOM_2_01179	FOM_2_10:c356881-355682	FOM_2_01179
prokka_FOM_2/FOM_2:Gene	FOM_2_01180	FOM_2_10:c358181-356958	FOM_2_01180
prokka_FOM_2/FOM_2:Gene	truB	FOM_2_10:c359274-358363	FOM_2_01181
prokka_FOM_2/FOM_2:Gene	rbfA	FOM_2_10:c359704-359348	FOM_2_01182
prokka_FOM_2/FOM_2:Gene	infB	FOM_2_10:c361979-359730	FOM_2_01183
prokka_FOM_2/FOM_2:Gene	rplGA	FOM_2_10:c362297-361992	FOM_2_01184
prokka_FOM_2/FOM_2:Gene	FOM_2_01185	FOM_2_10:c362586-362287	FOM_2_01185
prokka_FOM_2/FOM_2:Gene	nusA	FOM_2_10:c363738-362599	FOM_2_01186
prokka_FOM_2/FOM_2:Gene	rimP	FOM_2_10:c364444-363758	FOM_2_01187
prokka_FOM_2/FOM_2:Gene	FOM_2_01188	FOM_2_10:364701-365069	FOM_2_01188
prokka_FOM_2/FOM_2:Gene	FOM_2_01189	FOM_2_10:c365513-365118	FOM_2_01189
prokka_FOM_2/FOM_2:Gene	FOM_2_01190	FOM_2_10:c366628-365522	FOM_2_01190
prokka_FOM_2/FOM_2:Gene	yfcJ	FOM_2_10:c367984-366776	FOM_2_01191
prokka_FOM_2/FOM_2:Gene	FOM_2_01192	FOM_2_10:368141-368311	FOM_2_01192
prokka_FOM_2/FOM_2:Gene	FOM_2_01193	FOM_2_10:368384-369889	FOM_2_01193
prokka_FOM_2/FOM_2:Gene	FOM_2_01194	FOM_2_10:c370544-370077	FOM_2_01194
prokka_FOM_2/FOM_2:Gene	FOM_2_01195	FOM_2_10:c370635-370519	FOM_2_01195
prokka_FOM_2/FOM_2:Gene	FOM_2_01196	FOM_2_10:c370993-370844	FOM_2_01196
prokka_FOM_2/FOM_2:Gene	aroC_1	FOM_2_10:c372321-371143	FOM_2_01197
prokka_FOM_2/FOM_2:Gene	ydiM	FOM_2_10:c373516-372326	FOM_2_01198
prokka_FOM_2/FOM_2:Gene	aroK_1	FOM_2_10:c374283-373513	FOM_2_01199
prokka_FOM_2/FOM_2:Gene	tyrC	FOM_2_10:c375086-374280	FOM_2_01200
prokka_FOM_2/FOM_2:Gene	aroA1_1	FOM_2_10:c376374-375079	FOM_2_01201
prokka_FOM_2/FOM_2:Gene	panT_1	FOM_2_10:c377375-376761	FOM_2_01202
prokka_FOM_2/FOM_2:Gene	melR	FOM_2_10:c378447-377572	FOM_2_01203
prokka_FOM_2/FOM_2:Gene	ydhP_2	FOM_2_10:378554-379714	FOM_2_01204
prokka_FOM_2/FOM_2:Gene	FOM_2_01205	FOM_2_10:c380386-379970	FOM_2_01205
prokka_FOM_2/FOM_2:Gene	FOM_2_01206	FOM_2_10:c381520-380474	FOM_2_01206
prokka_FOM_2/FOM_2:Gene	hdfR	FOM_2_10:c382617-381733	FOM_2_01207
prokka_FOM_2/FOM_2:Gene	FOM_2_01208	FOM_2_10:382733-383662	FOM_2_01208
prokka_FOM_2/FOM_2:Gene	FOM_2_01209	FOM_2_10:383697-384326	FOM_2_01209
prokka_FOM_2/FOM_2:Gene	FOM_2_01210	FOM_2_10:c385852-384602	FOM_2_01210
prokka_FOM_2/FOM_2:Gene	FOM_2_01211	FOM_2_10:c387826-386063	FOM_2_01211
prokka_FOM_2/FOM_2:Gene	FOM_2_01212	FOM_2_10:388061-388600	FOM_2_01212
prokka_FOM_2/FOM_2:Gene	FOM_2_01213	FOM_2_10:c389246-388641	FOM_2_01213
prokka_FOM_2/FOM_2:Gene	FOM_2_01214	FOM_2_10:c389915-389379	FOM_2_01214
prokka_FOM_2/FOM_2:Gene	scrB	FOM_2_10:c391249-390011	FOM_2_01215
prokka_FOM_2/FOM_2:Gene	FOM_2_01216	FOM_2_10:c393183-391246	FOM_2_01216
prokka_FOM_2/FOM_2:Gene	yddE	FOM_2_10:c394256-393411	FOM_2_01217
prokka_FOM_2/FOM_2:Gene	FOM_2_01218	FOM_2_10:394518-394703	FOM_2_01218
prokka_FOM_2/FOM_2:Gene	argO	FOM_2_10:c395843-395232	FOM_2_01219
prokka_FOM_2/FOM_2:Gene	eamB	FOM_2_10:c396618-396061	FOM_2_01220
prokka_FOM_2/FOM_2:Gene	FOM_2_01221	FOM_2_10:396728-397129	FOM_2_01221
prokka_FOM_2/FOM_2:Gene	FOM_2_01222	FOM_2_10:c397767-397522	FOM_2_01222
prokka_FOM_2/FOM_2:Gene	FOM_2_01223	FOM_2_10:c398230-397916	FOM_2_01223
prokka_FOM_2/FOM_2:Gene	FOM_2_01224	FOM_2_10:398718-399434	FOM_2_01224
prokka_FOM_2/FOM_2:Gene	FOM_2_01225	FOM_2_10:399431-399748	FOM_2_01225
prokka_FOM_2/FOM_2:Gene	FOM_2_01226	FOM_2_10:c400234-400115	FOM_2_01226
prokka_FOM_2/FOM_2:Gene	FOM_2_01227	FOM_2_10:c400699-400624	FOM_2_01227
prokka_FOM_2/FOM_2:Gene	FOM_2_01228	FOM_2_10:c401594-400830	FOM_2_01228
prokka_FOM_2/FOM_2:Gene	FOM_2_01229	FOM_2_10:c402334-401603	FOM_2_01229
prokka_FOM_2/FOM_2:Gene	FOM_2_01230	FOM_2_10:c403049-402528	FOM_2_01230
prokka_FOM_2/FOM_2:Gene	FOM_2_01231	FOM_2_10:c403377-403069	FOM_2_01231
prokka_FOM_2/FOM_2:Gene	czcD	FOM_2_10:c404286-403393	FOM_2_01232
prokka_FOM_2/FOM_2:Gene	FOM_2_01233	FOM_2_10:c404795-404388	FOM_2_01233
prokka_FOM_2/FOM_2:Gene	FOM_2_01234	FOM_2_10:c406023-404863	FOM_2_01234
prokka_FOM_2/FOM_2:Gene	paiA	FOM_2_10:c406587-406060	FOM_2_01235
prokka_FOM_2/FOM_2:Gene	FOM_2_01236	FOM_2_10:c407058-406606	FOM_2_01236
prokka_FOM_2/FOM_2:Gene	FOM_2_01237	FOM_2_10:c407559-407152	FOM_2_01237
prokka_FOM_2/FOM_2:Gene	FOM_2_01238	FOM_2_10:c407882-407559	FOM_2_01238
prokka_FOM_2/FOM_2:Gene	yvgN_2	FOM_2_10:c408769-407900	FOM_2_01239
prokka_FOM_2/FOM_2:Gene	FOM_2_01240	FOM_2_10:c409164-408772	FOM_2_01240
prokka_FOM_2/FOM_2:Gene	catM	FOM_2_10:409259-410134	FOM_2_01241
prokka_FOM_2/FOM_2:Gene	ygiS_2	FOM_2_10:c411810-410185	FOM_2_01242
prokka_FOM_2/FOM_2:Gene	FOM_2_01243	FOM_2_10:c412538-412218	FOM_2_01243
prokka_FOM_2/FOM_2:Gene	FOM_2_01244	FOM_2_10:c412896-412549	FOM_2_01244
prokka_FOM_2/FOM_2:Gene	FOM_2_01245	FOM_2_10:c413416-413009	FOM_2_01245
prokka_FOM_2/FOM_2:Gene	FOM_2_01246	FOM_2_10:c413828-413547	FOM_2_01246
prokka_FOM_2/FOM_2:Gene	FOM_2_01247	FOM_2_10:c414100-413837	FOM_2_01247
prokka_FOM_2/FOM_2:Gene	expZ	FOM_2_10:c415623-414241	FOM_2_01248
prokka_FOM_2/FOM_2:Gene	FOM_2_01249	FOM_2_10:c416636-416013	FOM_2_01249
prokka_FOM_2/FOM_2:Gene	FOM_2_01250	FOM_2_10:c417036-416809	FOM_2_01250
prokka_FOM_2/FOM_2:Gene	FOM_2_01251	FOM_2_10:c417944-417429	FOM_2_01251
prokka_FOM_2/FOM_2:Gene	FOM_2_01252	FOM_2_10:418259-418408	FOM_2_01252
prokka_FOM_2/FOM_2:Gene	mhqA_1	FOM_2_10:c419824-418832	FOM_2_01253
prokka_FOM_2/FOM_2:Gene	FOM_2_01254	FOM_2_10:420016-420729	FOM_2_01254
prokka_FOM_2/FOM_2:Gene	bcr	FOM_2_10:c421942-420767	FOM_2_01255
prokka_FOM_2/FOM_2:Gene	mgtE	FOM_2_10:c423412-422027	FOM_2_01256
prokka_FOM_2/FOM_2:Gene	rluD_1	FOM_2_10:c424349-423438	FOM_2_01257
prokka_FOM_2/FOM_2:Gene	nadK	FOM_2_10:c425164-424349	FOM_2_01258
prokka_FOM_2/FOM_2:Gene	yjbM	FOM_2_10:c425794-425192	FOM_2_01259
prokka_FOM_2/FOM_2:Gene	FOM_2_01260	FOM_2_10:426082-426693	FOM_2_01260
prokka_FOM_2/FOM_2:Gene	FOM_2_01261	FOM_2_10:c427263-426745	FOM_2_01261
prokka_FOM_2/FOM_2:Gene	rdgB	FOM_2_10:c427863-427267	FOM_2_01262
prokka_FOM_2/FOM_2:Gene	murI	FOM_2_10:c428727-427882	FOM_2_01263
prokka_FOM_2/FOM_2:Gene	ppaX	FOM_2_10:c429507-428887	FOM_2_01264
prokka_FOM_2/FOM_2:Gene	FOM_2_01265	FOM_2_10:c429882-429571	FOM_2_01265
prokka_FOM_2/FOM_2:Gene	FOM_2_01266	FOM_2_10:c431391-429955	FOM_2_01266
prokka_FOM_2/FOM_2:Gene	FOM_2_01267	FOM_2_10:c431598-431527	FOM_2_01267
prokka_FOM_2/FOM_2:Gene	FOM_2_01268	FOM_2_10:c431702-431627	FOM_2_01268
prokka_FOM_2/FOM_2:Gene	FOM_2_01269	FOM_2_10:c431798-431723	FOM_2_01269
prokka_FOM_2/FOM_2:Gene	FOM_2_01270	FOM_2_10:c431919-431845	FOM_2_01270
prokka_FOM_2/FOM_2:Gene	FOM_2_01271	FOM_2_10:c431995-431921	FOM_2_01271
prokka_FOM_2/FOM_2:Gene	FOM_2_01272	FOM_2_11:c92-16	FOM_2_01272
prokka_FOM_2/FOM_2:Gene	FOM_2_01273	FOM_2_11:c423-347	FOM_2_01273
prokka_FOM_2/FOM_2:Gene	FOM_2_01274	FOM_2_11:c695-619	FOM_2_01274
prokka_FOM_2/FOM_2:Gene	walR	FOM_2_11:883-1584	FOM_2_01275
prokka_FOM_2/FOM_2:Gene	walK	FOM_2_11:1699-3588	FOM_2_01276
prokka_FOM_2/FOM_2:Gene	FOM_2_01277	FOM_2_11:3581-4906	FOM_2_01277
prokka_FOM_2/FOM_2:Gene	FOM_2_01278	FOM_2_11:4906-5718	FOM_2_01278
prokka_FOM_2/FOM_2:Gene	yycJ	FOM_2_11:5820-6620	FOM_2_01279
prokka_FOM_2/FOM_2:Gene	htrA	FOM_2_11:6705-7997	FOM_2_01280
prokka_FOM_2/FOM_2:Gene	FOM_2_01281	FOM_2_11:c8772-8335	FOM_2_01281
prokka_FOM_2/FOM_2:Gene	FOM_2_01282	FOM_2_11:8878-10236	FOM_2_01282
prokka_FOM_2/FOM_2:Gene	yidA_2	FOM_2_11:10282-11118	FOM_2_01283
prokka_FOM_2/FOM_2:Gene	rpoE	FOM_2_11:11199-11792	FOM_2_01284
prokka_FOM_2/FOM_2:Gene	FOM_2_01285	FOM_2_11:11998-12792	FOM_2_01285
prokka_FOM_2/FOM_2:Gene	FOM_2_01286	FOM_2_11:13020-13451	FOM_2_01286
prokka_FOM_2/FOM_2:Gene	FOM_2_01287	FOM_2_11:13448-14326	FOM_2_01287
prokka_FOM_2/FOM_2:Gene	FOM_2_01288	FOM_2_11:14394-15221	FOM_2_01288
prokka_FOM_2/FOM_2:Gene	pyrG	FOM_2_11:15451-17061	FOM_2_01289
prokka_FOM_2/FOM_2:Gene	murA2	FOM_2_11:17383-18645	FOM_2_01290
prokka_FOM_2/FOM_2:Gene	cshA	FOM_2_11:18910-20484	FOM_2_01291
prokka_FOM_2/FOM_2:Gene	FOM_2_01292	FOM_2_11:20629-22113	FOM_2_01292
prokka_FOM_2/FOM_2:Gene	ndoA	FOM_2_11:22123-22485	FOM_2_01293
prokka_FOM_2/FOM_2:Gene	garB_3	FOM_2_11:22558-23886	FOM_2_01294
prokka_FOM_2/FOM_2:Gene	FOM_2_01295	FOM_2_11:24210-24359	FOM_2_01295
prokka_FOM_2/FOM_2:Gene	dltA	FOM_2_11:24403-25944	FOM_2_01296
prokka_FOM_2/FOM_2:Gene	FOM_2_01297	FOM_2_11:25941-27167	FOM_2_01297
prokka_FOM_2/FOM_2:Gene	dltC	FOM_2_11:27189-27428	FOM_2_01298
prokka_FOM_2/FOM_2:Gene	dltD	FOM_2_11:27421-28674	FOM_2_01299
prokka_FOM_2/FOM_2:Gene	FOM_2_01300	FOM_2_11:28725-29798	FOM_2_01300
prokka_FOM_2/FOM_2:Gene	FOM_2_01301	FOM_2_11:29810-30949	FOM_2_01301
prokka_FOM_2/FOM_2:Gene	FOM_2_01302	FOM_2_11:30933-31781	FOM_2_01302
prokka_FOM_2/FOM_2:Gene	helD_1	FOM_2_11:32754-34163	FOM_2_01303
prokka_FOM_2/FOM_2:Gene	helD_2	FOM_2_11:34182-35054	FOM_2_01304
prokka_FOM_2/FOM_2:Gene	trpS2	FOM_2_11:35162-36181	FOM_2_01305
prokka_FOM_2/FOM_2:Gene	ppx1	FOM_2_11:36218-37147	FOM_2_01306
prokka_FOM_2/FOM_2:Gene	FOM_2_01307	FOM_2_12:217-1671	FOM_2_01307
prokka_FOM_2/FOM_2:Gene	FOM_2_01308	FOM_2_12:1658-2527	FOM_2_01308
prokka_FOM_2/FOM_2:Gene	FOM_2_01309	FOM_2_12:2527-3288	FOM_2_01309
prokka_FOM_2/FOM_2:Gene	FOM_2_01310	FOM_2_12:3291-4988	FOM_2_01310
prokka_FOM_2/FOM_2:Gene	nudG	FOM_2_12:5072-5473	FOM_2_01311
prokka_FOM_2/FOM_2:Gene	uvrB_2	FOM_2_12:5473-8358	FOM_2_01312
prokka_FOM_2/FOM_2:Gene	FOM_2_01313	FOM_2_12:8429-8911	FOM_2_01313
prokka_FOM_2/FOM_2:Gene	rihA_2	FOM_2_12:9063-10016	FOM_2_01314
prokka_FOM_2/FOM_2:Gene	FOM_2_01315	FOM_2_12:10109-10654	FOM_2_01315
prokka_FOM_2/FOM_2:Gene	FOM_2_01316	FOM_2_12:10738-11535	FOM_2_01316
prokka_FOM_2/FOM_2:Gene	FOM_2_01317	FOM_2_12:11639-11836	FOM_2_01317
prokka_FOM_2/FOM_2:Gene	FOM_2_01318	FOM_2_12:11944-12147	FOM_2_01318
prokka_FOM_2/FOM_2:Gene	pepC	FOM_2_12:12254-13588	FOM_2_01319
prokka_FOM_2/FOM_2:Gene	FOM_2_01320	FOM_2_12:13825-14328	FOM_2_01320
prokka_FOM_2/FOM_2:Gene	FOM_2_01321	FOM_2_12:14605-15822	FOM_2_01321
prokka_FOM_2/FOM_2:Gene	FOM_2_01322	FOM_2_12:15819-16814	FOM_2_01322
prokka_FOM_2/FOM_2:Gene	FOM_2_01323	FOM_2_12:16917-17681	FOM_2_01323
prokka_FOM_2/FOM_2:Gene	budC	FOM_2_12:17844-18617	FOM_2_01324
prokka_FOM_2/FOM_2:Gene	FOM_2_01325	FOM_2_12:18884-19456	FOM_2_01325
prokka_FOM_2/FOM_2:Gene	guaC	FOM_2_12:c20491-19505	FOM_2_01326
prokka_FOM_2/FOM_2:Gene	ssrA	FOM_2_12:20666-21029	FOM_2_01327
prokka_FOM_2/FOM_2:Gene	FOM_2_01328	FOM_2_12:21490-21651	FOM_2_01328
prokka_FOM_2/FOM_2:Gene	FOM_2_01329	FOM_2_12:c22141-21947	FOM_2_01329
prokka_FOM_2/FOM_2:Gene	FOM_2_01330	FOM_2_12:c22924-22688	FOM_2_01330
prokka_FOM_2/FOM_2:Gene	FOM_2_01331	FOM_2_12:23103-23270	FOM_2_01331
prokka_FOM_2/FOM_2:Gene	pcaB	FOM_2_12:23236-24447	FOM_2_01332
prokka_FOM_2/FOM_2:Gene	yxeM	FOM_2_12:24453-25232	FOM_2_01333
prokka_FOM_2/FOM_2:Gene	FOM_2_01334	FOM_2_12:25232-25369	FOM_2_01334
prokka_FOM_2/FOM_2:Gene	yxeN	FOM_2_12:25350-25898	FOM_2_01335
prokka_FOM_2/FOM_2:Gene	glnQ_3	FOM_2_12:25911-26612	FOM_2_01336
prokka_FOM_2/FOM_2:Gene	bglF_3	FOM_2_12:26981-28828	FOM_2_01337
prokka_FOM_2/FOM_2:Gene	bglH_4	FOM_2_12:28854-30323	FOM_2_01338
prokka_FOM_2/FOM_2:Gene	licT	FOM_2_12:30292-31209	FOM_2_01339
prokka_FOM_2/FOM_2:Gene	FOM_2_01340	FOM_2_12:31670-32290	FOM_2_01340
prokka_FOM_2/FOM_2:Gene	FOM_2_01341	FOM_2_12:32405-33457	FOM_2_01341
prokka_FOM_2/FOM_2:Gene	FOM_2_01342	FOM_2_12:33598-33897	FOM_2_01342
prokka_FOM_2/FOM_2:Gene	ybbW	FOM_2_12:34175-35524	FOM_2_01343
prokka_FOM_2/FOM_2:Gene	topA_2	FOM_2_12:35628-37706	FOM_2_01344
prokka_FOM_2/FOM_2:Gene	FOM_2_01345	FOM_2_12:37783-39159	FOM_2_01345
prokka_FOM_2/FOM_2:Gene	yhhX	FOM_2_12:c40251-39202	FOM_2_01346
prokka_FOM_2/FOM_2:Gene	codA	FOM_2_12:40395-41636	FOM_2_01347
prokka_FOM_2/FOM_2:Gene	recD	FOM_2_12:42441-44141	FOM_2_01348
prokka_FOM_2/FOM_2:Gene	srrA_2	FOM_2_12:44509-45261	FOM_2_01349
prokka_FOM_2/FOM_2:Gene	rcsC_2	FOM_2_12:45392-46819	FOM_2_01350
prokka_FOM_2/FOM_2:Gene	glcU_3	FOM_2_12:47096-48049	FOM_2_01351
prokka_FOM_2/FOM_2:Gene	bglK_2	FOM_2_12:48161-49066	FOM_2_01352
prokka_FOM_2/FOM_2:Gene	FOM_2_01353	FOM_2_12:49207-50235	FOM_2_01353
prokka_FOM_2/FOM_2:Gene	pgi	FOM_2_12:50430-51773	FOM_2_01354
prokka_FOM_2/FOM_2:Gene	efp	FOM_2_12:52465-53031	FOM_2_01355
prokka_FOM_2/FOM_2:Gene	FOM_2_01356	FOM_2_12:53124-53561	FOM_2_01356
prokka_FOM_2/FOM_2:Gene	nusB	FOM_2_12:53561-53983	FOM_2_01357
prokka_FOM_2/FOM_2:Gene	infC	FOM_2_12:54194-54691	FOM_2_01358
prokka_FOM_2/FOM_2:Gene	rpmI	FOM_2_12:54717-54911	FOM_2_01359
prokka_FOM_2/FOM_2:Gene	FOM_2_01360	FOM_2_12:54981-55544	FOM_2_01360
prokka_FOM_2/FOM_2:Gene	tmpC_6	FOM_2_12:56051-57172	FOM_2_01361
prokka_FOM_2/FOM_2:Gene	eis	FOM_2_12:57298-58467	FOM_2_01362
prokka_FOM_2/FOM_2:Gene	metAA	FOM_2_12:58890-59681	FOM_2_01363
prokka_FOM_2/FOM_2:Gene	metI	FOM_2_12:59674-60789	FOM_2_01364
prokka_FOM_2/FOM_2:Gene	FOM_2_01365	FOM_2_12:60786-62009	FOM_2_01365
prokka_FOM_2/FOM_2:Gene	appA	FOM_2_12:62219-63886	FOM_2_01366
prokka_FOM_2/FOM_2:Gene	gsiC	FOM_2_12:63900-64838	FOM_2_01367
prokka_FOM_2/FOM_2:Gene	gsiD	FOM_2_12:64841-65674	FOM_2_01368
prokka_FOM_2/FOM_2:Gene	oppD_2	FOM_2_12:65667-66557	FOM_2_01369
prokka_FOM_2/FOM_2:Gene	oppF_2	FOM_2_12:66547-67392	FOM_2_01370
prokka_FOM_2/FOM_2:Gene	FOM_2_01371	FOM_2_12:c67759-67337	FOM_2_01371
prokka_FOM_2/FOM_2:Gene	rpsL	FOM_2_12:68077-68493	FOM_2_01372
prokka_FOM_2/FOM_2:Gene	rpsG	FOM_2_12:68513-68983	FOM_2_01373
prokka_FOM_2/FOM_2:Gene	fus	FOM_2_12:69102-71225	FOM_2_01374
prokka_FOM_2/FOM_2:Gene	FOM_2_01375	FOM_2_12:71567-73363	FOM_2_01375
prokka_FOM_2/FOM_2:Gene	potA	FOM_2_12:73480-74598	FOM_2_01376
prokka_FOM_2/FOM_2:Gene	potB	FOM_2_12:74588-75406	FOM_2_01377
prokka_FOM_2/FOM_2:Gene	ydcV	FOM_2_12:75399-76229	FOM_2_01378
prokka_FOM_2/FOM_2:Gene	potD	FOM_2_12:76229-77314	FOM_2_01379
prokka_FOM_2/FOM_2:Gene	FOM_2_01380	FOM_2_12:77746-79959	FOM_2_01380
prokka_FOM_2/FOM_2:Gene	FOM_2_01381	FOM_2_12:79990-81453	FOM_2_01381
prokka_FOM_2/FOM_2:Gene	FOM_2_01382	FOM_2_12:81570-82253	FOM_2_01382
prokka_FOM_2/FOM_2:Gene	FOM_2_01383	FOM_2_12:82327-83604	FOM_2_01383
prokka_FOM_2/FOM_2:Gene	FOM_2_01384	FOM_2_12:83769-85007	FOM_2_01384
prokka_FOM_2/FOM_2:Gene	FOM_2_01385	FOM_2_12:85114-85842	FOM_2_01385
prokka_FOM_2/FOM_2:Gene	FOM_2_01386	FOM_2_12:c86255-85896	FOM_2_01386
prokka_FOM_2/FOM_2:Gene	FOM_2_01387	FOM_2_12:c86886-86437	FOM_2_01387
prokka_FOM_2/FOM_2:Gene	FOM_2_01388	FOM_2_12:87413-87631	FOM_2_01388
prokka_FOM_2/FOM_2:Gene	FOM_2_01389	FOM_2_12:87739-88125	FOM_2_01389
prokka_FOM_2/FOM_2:Gene	hprK	FOM_2_12:88140-89072	FOM_2_01390
prokka_FOM_2/FOM_2:Gene	gpsA	FOM_2_12:89203-90222	FOM_2_01391
prokka_FOM_2/FOM_2:Gene	gtaB	FOM_2_12:90229-91104	FOM_2_01392
prokka_FOM_2/FOM_2:Gene	FOM_2_01393	FOM_2_12:91433-95500	FOM_2_01393
prokka_FOM_2/FOM_2:Gene	FOM_2_01394	FOM_2_12:95725-97533	FOM_2_01394
prokka_FOM_2/FOM_2:Gene	FOM_2_01395	FOM_2_12:97752-99596	FOM_2_01395
prokka_FOM_2/FOM_2:Gene	trxB	FOM_2_12:99756-100706	FOM_2_01396
prokka_FOM_2/FOM_2:Gene	fabH_1	FOM_2_12:100828-101802	FOM_2_01397
prokka_FOM_2/FOM_2:Gene	FOM_2_01398	FOM_2_12:101935-102117	FOM_2_01398
prokka_FOM_2/FOM_2:Gene	ptsH	FOM_2_12:102319-102585	FOM_2_01399
prokka_FOM_2/FOM_2:Gene	ptsI	FOM_2_12:102636-104363	FOM_2_01400
prokka_FOM_2/FOM_2:Gene	tpiA_2	FOM_2_12:104490-105278	FOM_2_01401
prokka_FOM_2/FOM_2:Gene	FOM_2_01402	FOM_2_12:105393-105590	FOM_2_01402
prokka_FOM_2/FOM_2:Gene	FOM_2_01403	FOM_2_12:c105892-105626	FOM_2_01403
prokka_FOM_2/FOM_2:Gene	eno2	FOM_2_12:106167-107522	FOM_2_01404
prokka_FOM_2/FOM_2:Gene	QRSL1	FOM_2_12:107664-109040	FOM_2_01405
prokka_FOM_2/FOM_2:Gene	ribZ_3	FOM_2_12:109166-110593	FOM_2_01406
prokka_FOM_2/FOM_2:Gene	secG	FOM_2_12:110734-110970	FOM_2_01407
prokka_FOM_2/FOM_2:Gene	rnr	FOM_2_12:111044-113401	FOM_2_01408
prokka_FOM_2/FOM_2:Gene	smpB	FOM_2_12:113616-114083	FOM_2_01409
prokka_FOM_2/FOM_2:Gene	FOM_2_01410	FOM_2_12:114189-114989	FOM_2_01410
prokka_FOM_2/FOM_2:Gene	ribZ_4	FOM_2_12:114986-116401	FOM_2_01411
prokka_FOM_2/FOM_2:Gene	mltF_2	FOM_2_12:116492-117937	FOM_2_01412
prokka_FOM_2/FOM_2:Gene	glnQ_4	FOM_2_12:117937-118674	FOM_2_01413
prokka_FOM_2/FOM_2:Gene	gdnD_2	FOM_2_12:c119029-118715	FOM_2_01414
prokka_FOM_2/FOM_2:Gene	FOM_2_01415	FOM_2_12:c119355-119029	FOM_2_01415
prokka_FOM_2/FOM_2:Gene	FOM_2_01416	FOM_2_12:c120091-119486	FOM_2_01416
prokka_FOM_2/FOM_2:Gene	ung	FOM_2_12:120151-120813	FOM_2_01417
prokka_FOM_2/FOM_2:Gene	pta	FOM_2_12:120939-121916	FOM_2_01418
prokka_FOM_2/FOM_2:Gene	tsaE	FOM_2_12:122044-122511	FOM_2_01419
prokka_FOM_2/FOM_2:Gene	aaaT	FOM_2_12:122513-123022	FOM_2_01420
prokka_FOM_2/FOM_2:Gene	polC_3	FOM_2_12:123042-123575	FOM_2_01421
prokka_FOM_2/FOM_2:Gene	murB_2	FOM_2_12:123593-124489	FOM_2_01422
prokka_FOM_2/FOM_2:Gene	nhaK	FOM_2_12:124513-126564	FOM_2_01423
prokka_FOM_2/FOM_2:Gene	dacA_2	FOM_2_12:126576-127409	FOM_2_01424
prokka_FOM_2/FOM_2:Gene	FOM_2_01425	FOM_2_12:127409-128386	FOM_2_01425
prokka_FOM_2/FOM_2:Gene	FOM_2_01426	FOM_2_13:44-118	FOM_2_01426
prokka_FOM_2/FOM_2:Gene	tgt	FOM_2_13:355-1500	FOM_2_01427
prokka_FOM_2/FOM_2:Gene	FOM_2_01428	FOM_2_13:1536-1895	FOM_2_01428
prokka_FOM_2/FOM_2:Gene	dinB_2	FOM_2_13:1972-3090	FOM_2_01429
prokka_FOM_2/FOM_2:Gene	nrnA	FOM_2_13:3207-4157	FOM_2_01430
prokka_FOM_2/FOM_2:Gene	cshB	FOM_2_13:4157-5515	FOM_2_01431
prokka_FOM_2/FOM_2:Gene	glxK	FOM_2_13:5620-6756	FOM_2_01432
prokka_FOM_2/FOM_2:Gene	alaS	FOM_2_13:7075-9723	FOM_2_01433
prokka_FOM_2/FOM_2:Gene	FOM_2_01434	FOM_2_13:9766-10017	FOM_2_01434
prokka_FOM_2/FOM_2:Gene	yrrK	FOM_2_13:10082-10516	FOM_2_01435
prokka_FOM_2/FOM_2:Gene	FOM_2_01436	FOM_2_13:10529-10813	FOM_2_01436
prokka_FOM_2/FOM_2:Gene	FOM_2_01437	FOM_2_13:10880-11164	FOM_2_01437
prokka_FOM_2/FOM_2:Gene	FOM_2_01438	FOM_2_13:11258-11935	FOM_2_01438
prokka_FOM_2/FOM_2:Gene	FOM_2_01439	FOM_2_13:11935-14199	FOM_2_01439
prokka_FOM_2/FOM_2:Gene	yqeN	FOM_2_13:14238-15260	FOM_2_01440
prokka_FOM_2/FOM_2:Gene	rpsO	FOM_2_13:15400-15669	FOM_2_01441
prokka_FOM_2/FOM_2:Gene	rpsT	FOM_2_13:15724-15978	FOM_2_01442
prokka_FOM_2/FOM_2:Gene	rnj2	FOM_2_13:16244-18205	FOM_2_01443
prokka_FOM_2/FOM_2:Gene	FOM_2_01444	FOM_2_13:18263-19180	FOM_2_01444
prokka_FOM_2/FOM_2:Gene	tuf	FOM_2_13:19396-20583	FOM_2_01445
prokka_FOM_2/FOM_2:Gene	FOM_2_01446	FOM_2_13:20754-21191	FOM_2_01446
prokka_FOM_2/FOM_2:Gene	tig	FOM_2_13:21324-22613	FOM_2_01447
prokka_FOM_2/FOM_2:Gene	clpX	FOM_2_13:22783-24036	FOM_2_01448
prokka_FOM_2/FOM_2:Gene	engB	FOM_2_13:24050-24679	FOM_2_01449
prokka_FOM_2/FOM_2:Gene	FOM_2_01450	FOM_2_13:24901-25149	FOM_2_01450
prokka_FOM_2/FOM_2:Gene	zapA	FOM_2_13:25246-25476	FOM_2_01451
prokka_FOM_2/FOM_2:Gene	FOM_2_01452	FOM_2_13:25476-26018	FOM_2_01452
prokka_FOM_2/FOM_2:Gene	mutS2	FOM_2_13:26051-28429	FOM_2_01453
prokka_FOM_2/FOM_2:Gene	FOM_2_01454	FOM_2_13:28573-29040	FOM_2_01454
prokka_FOM_2/FOM_2:Gene	FOM_2_01455	FOM_2_13:29105-29812	FOM_2_01455
prokka_FOM_2/FOM_2:Gene	FOM_2_01456	FOM_2_13:29856-30257	FOM_2_01456
prokka_FOM_2/FOM_2:Gene	trxA	FOM_2_13:30339-30653	FOM_2_01457
prokka_FOM_2/FOM_2:Gene	gyrB_2	FOM_2_13:30994-33009	FOM_2_01458
prokka_FOM_2/FOM_2:Gene	parC	FOM_2_13:33016-35292	FOM_2_01459
prokka_FOM_2/FOM_2:Gene	aldC_2	FOM_2_13:35411-36145	FOM_2_01460
prokka_FOM_2/FOM_2:Gene	FOM_2_01461	FOM_2_13:c37487-36324	FOM_2_01461
prokka_FOM_2/FOM_2:Gene	sauU	FOM_2_13:c38781-37489	FOM_2_01462
prokka_FOM_2/FOM_2:Gene	FOM_2_01463	FOM_2_13:39010-39435	FOM_2_01463
prokka_FOM_2/FOM_2:Gene	recD2_1	FOM_2_13:39524-41719	FOM_2_01464
prokka_FOM_2/FOM_2:Gene	FOM_2_01465	FOM_2_13:41734-41955	FOM_2_01465
prokka_FOM_2/FOM_2:Gene	FOM_2_01466	FOM_2_13:c42389-42003	FOM_2_01466
prokka_FOM_2/FOM_2:Gene	FOM_2_01467	FOM_2_13:42521-43462	FOM_2_01467
prokka_FOM_2/FOM_2:Gene	FOM_2_01468	FOM_2_13:43467-43730	FOM_2_01468
prokka_FOM_2/FOM_2:Gene	FOM_2_01469	FOM_2_13:43738-44391	FOM_2_01469
prokka_FOM_2/FOM_2:Gene	FOM_2_01470	FOM_2_13:c45239-44460	FOM_2_01470
prokka_FOM_2/FOM_2:Gene	FOM_2_01471	FOM_2_13:45526-45858	FOM_2_01471
prokka_FOM_2/FOM_2:Gene	FOM_2_01472	FOM_2_13:c46265-45900	FOM_2_01472
prokka_FOM_2/FOM_2:Gene	FOM_2_01473	FOM_2_13:46578-46838	FOM_2_01473
prokka_FOM_2/FOM_2:Gene	FOM_2_01474	FOM_2_13:46872-47117	FOM_2_01474
prokka_FOM_2/FOM_2:Gene	FOM_2_01475	FOM_2_13:47600-49447	FOM_2_01475
prokka_FOM_2/FOM_2:Gene	FOM_2_01476	FOM_2_13:49526-50011	FOM_2_01476
prokka_FOM_2/FOM_2:Gene	pox5_2	FOM_2_13:50181-51980	FOM_2_01477
prokka_FOM_2/FOM_2:Gene	FOM_2_01478	FOM_2_13:52176-53285	FOM_2_01478
prokka_FOM_2/FOM_2:Gene	FOM_2_01479	FOM_2_13:53509-53730	FOM_2_01479
prokka_FOM_2/FOM_2:Gene	FOM_2_01480	FOM_2_13:c54158-54006	FOM_2_01480
prokka_FOM_2/FOM_2:Gene	FOM_2_01481	FOM_2_13:c55343-54231	FOM_2_01481
prokka_FOM_2/FOM_2:Gene	FOM_2_01482	FOM_2_13:55504-56898	FOM_2_01482
prokka_FOM_2/FOM_2:Gene	ppk	FOM_2_13:57017-59068	FOM_2_01483
prokka_FOM_2/FOM_2:Gene	ppx	FOM_2_13:59087-60061	FOM_2_01484
prokka_FOM_2/FOM_2:Gene	FOM_2_01485	FOM_2_13:60132-61037	FOM_2_01485
prokka_FOM_2/FOM_2:Gene	FOM_2_01486	FOM_2_13:61347-62474	FOM_2_01486
prokka_FOM_2/FOM_2:Gene	FOM_2_01487	FOM_2_13:62556-62954	FOM_2_01487
prokka_FOM_2/FOM_2:Gene	FOM_2_01488	FOM_2_13:65296-65880	FOM_2_01488
prokka_FOM_2/FOM_2:Gene	FOM_2_01489	FOM_2_13:65877-66446	FOM_2_01489
prokka_FOM_2/FOM_2:Gene	FOM_2_01490	FOM_2_13:66457-70008	FOM_2_01490
prokka_FOM_2/FOM_2:Gene	FOM_2_01491	FOM_2_13:70025-73744	FOM_2_01491
prokka_FOM_2/FOM_2:Gene	xerC_2	FOM_2_13:c74362-73805	FOM_2_01492
prokka_FOM_2/FOM_2:Gene	FOM_2_01493	FOM_2_13:c74882-74370	FOM_2_01493
prokka_FOM_2/FOM_2:Gene	FOM_2_01494	FOM_2_13:c76273-74912	FOM_2_01494
prokka_FOM_2/FOM_2:Gene	FOM_2_01495	FOM_2_13:76377-78884	FOM_2_01495
prokka_FOM_2/FOM_2:Gene	FOM_2_01496	FOM_2_13:c79766-79305	FOM_2_01496
prokka_FOM_2/FOM_2:Gene	FOM_2_01497	FOM_2_13:80461-81156	FOM_2_01497
prokka_FOM_2/FOM_2:Gene	FOM_2_01498	FOM_2_13:c81580-81380	FOM_2_01498
prokka_FOM_2/FOM_2:Gene	FOM_2_01499	FOM_2_13:82002-83699	FOM_2_01499
prokka_FOM_2/FOM_2:Gene	FOM_2_01500	FOM_2_13:83848-87459	FOM_2_01500
prokka_FOM_2/FOM_2:Gene	FOM_2_01501	FOM_2_13:87462-88316	FOM_2_01501
prokka_FOM_2/FOM_2:Gene	FOM_2_01502	FOM_2_13:89021-89803	FOM_2_01502
prokka_FOM_2/FOM_2:Gene	FOM_2_01503	FOM_2_13:89845-90609	FOM_2_01503
prokka_FOM_2/FOM_2:Gene	FOM_2_01504	FOM_2_14:67-438	FOM_2_01504
prokka_FOM_2/FOM_2:Gene	FOM_2_01505	FOM_2_14:c1221-607	FOM_2_01505
prokka_FOM_2/FOM_2:Gene	fabG_1	FOM_2_14:2222-2935	FOM_2_01506
prokka_FOM_2/FOM_2:Gene	FOM_2_01507	FOM_2_14:3414-5132	FOM_2_01507
prokka_FOM_2/FOM_2:Gene	FOM_2_01508	FOM_2_14:5477-7147	FOM_2_01508
prokka_FOM_2/FOM_2:Gene	serP1	FOM_2_14:7474-8853	FOM_2_01509
prokka_FOM_2/FOM_2:Gene	ypwA	FOM_2_14:8957-10471	FOM_2_01510
prokka_FOM_2/FOM_2:Gene	nhaC	FOM_2_14:10840-12195	FOM_2_01511
prokka_FOM_2/FOM_2:Gene	rnhA_2	FOM_2_14:c12681-12286	FOM_2_01512
prokka_FOM_2/FOM_2:Gene	FOM_2_01513	FOM_2_14:12748-13131	FOM_2_01513
prokka_FOM_2/FOM_2:Gene	rluD_2	FOM_2_14:13128-14042	FOM_2_01514
prokka_FOM_2/FOM_2:Gene	pyrR	FOM_2_14:14213-14722	FOM_2_01515
prokka_FOM_2/FOM_2:Gene	carA_4	FOM_2_14:14783-15868	FOM_2_01516
prokka_FOM_2/FOM_2:Gene	carB_3	FOM_2_14:15865-18333	FOM_2_01517
prokka_FOM_2/FOM_2:Gene	prsA	FOM_2_14:18399-19415	FOM_2_01518
prokka_FOM_2/FOM_2:Gene	purB	FOM_2_14:19568-20863	FOM_2_01519
prokka_FOM_2/FOM_2:Gene	FOM_2_01520	FOM_2_14:20958-21170	FOM_2_01520
prokka_FOM_2/FOM_2:Gene	fabZ_1	FOM_2_14:21442-21915	FOM_2_01521
prokka_FOM_2/FOM_2:Gene	FOM_2_01522	FOM_2_14:21918-22376	FOM_2_01522
prokka_FOM_2/FOM_2:Gene	fabH_2	FOM_2_14:22388-23359	FOM_2_01523
prokka_FOM_2/FOM_2:Gene	acpA	FOM_2_14:23446-23685	FOM_2_01524
prokka_FOM_2/FOM_2:Gene	FOM_2_01525	FOM_2_14:23718-24665	FOM_2_01525
prokka_FOM_2/FOM_2:Gene	fabD	FOM_2_14:24687-25628	FOM_2_01526
prokka_FOM_2/FOM_2:Gene	fabG_2	FOM_2_14:25628-26350	FOM_2_01527
prokka_FOM_2/FOM_2:Gene	fabF	FOM_2_14:26438-27673	FOM_2_01528
prokka_FOM_2/FOM_2:Gene	accB_2	FOM_2_14:27673-28140	FOM_2_01529
prokka_FOM_2/FOM_2:Gene	fabZ_2	FOM_2_14:28153-28584	FOM_2_01530
prokka_FOM_2/FOM_2:Gene	cfiB	FOM_2_14:28586-29962	FOM_2_01531
prokka_FOM_2/FOM_2:Gene	accD_2	FOM_2_14:29975-30820	FOM_2_01532
prokka_FOM_2/FOM_2:Gene	accA_2	FOM_2_14:30820-31605	FOM_2_01533
prokka_FOM_2/FOM_2:Gene	rpiA_3	FOM_2_14:31720-32406	FOM_2_01534
prokka_FOM_2/FOM_2:Gene	FOM_2_01535	FOM_2_14:32411-33556	FOM_2_01535
prokka_FOM_2/FOM_2:Gene	femX_2	FOM_2_14:c34672-33644	FOM_2_01536
prokka_FOM_2/FOM_2:Gene	pgcA	FOM_2_14:34874-36598	FOM_2_01537
prokka_FOM_2/FOM_2:Gene	FOM_2_01538	FOM_2_14:36710-37030	FOM_2_01538
prokka_FOM_2/FOM_2:Gene	amiE	FOM_2_14:37041-38075	FOM_2_01539
prokka_FOM_2/FOM_2:Gene	lemA	FOM_2_14:38147-38716	FOM_2_01540
prokka_FOM_2/FOM_2:Gene	htpX	FOM_2_14:38734-39630	FOM_2_01541
prokka_FOM_2/FOM_2:Gene	FOM_2_01542	FOM_2_14:c41218-39683	FOM_2_01542
prokka_FOM_2/FOM_2:Gene	FOM_2_01543	FOM_2_14:41416-42783	FOM_2_01543
prokka_FOM_2/FOM_2:Gene	iolU_2	FOM_2_14:42927-43919	FOM_2_01544
prokka_FOM_2/FOM_2:Gene	deaD_2	FOM_2_14:44025-45332	FOM_2_01545
prokka_FOM_2/FOM_2:Gene	rex	FOM_2_14:45557-46198	FOM_2_01546
prokka_FOM_2/FOM_2:Gene	FOM_2_01547	FOM_2_14:46404-47321	FOM_2_01547
prokka_FOM_2/FOM_2:Gene	FOM_2_01548	FOM_2_14:47314-48195	FOM_2_01548
prokka_FOM_2/FOM_2:Gene	strA	FOM_2_14:48296-49021	FOM_2_01549
prokka_FOM_2/FOM_2:Gene	mntR	FOM_2_14:c49723-49067	FOM_2_01550
prokka_FOM_2/FOM_2:Gene	FOM_2_01551	FOM_2_14:49907-50221	FOM_2_01551
prokka_FOM_2/FOM_2:Gene	folT	FOM_2_14:c50830-50282	FOM_2_01552
prokka_FOM_2/FOM_2:Gene	thrB	FOM_2_14:51234-52088	FOM_2_01553
prokka_FOM_2/FOM_2:Gene	degA	FOM_2_14:52103-53095	FOM_2_01554
prokka_FOM_2/FOM_2:Gene	FOM_2_01555	FOM_2_14:53130-54140	FOM_2_01555
prokka_FOM_2/FOM_2:Gene	yclM	FOM_2_14:c55556-54201	FOM_2_01556
prokka_FOM_2/FOM_2:Gene	FOM_2_01557	FOM_2_14:55963-57078	FOM_2_01557
prokka_FOM_2/FOM_2:Gene	lysA	FOM_2_14:57092-58378	FOM_2_01558
prokka_FOM_2/FOM_2:Gene	dapH	FOM_2_14:58394-59107	FOM_2_01559
prokka_FOM_2/FOM_2:Gene	ykuR	FOM_2_14:59120-60265	FOM_2_01560
prokka_FOM_2/FOM_2:Gene	dapA	FOM_2_14:60288-61154	FOM_2_01561
prokka_FOM_2/FOM_2:Gene	dapB	FOM_2_14:61174-61914	FOM_2_01562
prokka_FOM_2/FOM_2:Gene	dapX_2	FOM_2_14:61974-63155	FOM_2_01563
prokka_FOM_2/FOM_2:Gene	asd	FOM_2_14:63258-64352	FOM_2_01564
prokka_FOM_2/FOM_2:Gene	FOM_2_01565	FOM_2_14:64475-65212	FOM_2_01565
prokka_FOM_2/FOM_2:Gene	FOM_2_01566	FOM_2_14:65270-65647	FOM_2_01566
prokka_FOM_2/FOM_2:Gene	ddpX	FOM_2_14:c66494-65766	FOM_2_01567
prokka_FOM_2/FOM_2:Gene	dapX_3	FOM_2_14:66619-67803	FOM_2_01568
prokka_FOM_2/FOM_2:Gene	panT_2	FOM_2_14:67941-68561	FOM_2_01569
prokka_FOM_2/FOM_2:Gene	FOM_2_01570	FOM_2_14:68777-69457	FOM_2_01570
prokka_FOM_2/FOM_2:Gene	FOM_2_01571	FOM_2_14:69470-70150	FOM_2_01571
prokka_FOM_2/FOM_2:Gene	aroE	FOM_2_14:70271-71077	FOM_2_01572
prokka_FOM_2/FOM_2:Gene	kdsA	FOM_2_14:71092-72084	FOM_2_01573
prokka_FOM_2/FOM_2:Gene	aroB	FOM_2_14:72081-73142	FOM_2_01574
prokka_FOM_2/FOM_2:Gene	aroC_2	FOM_2_14:73148-74326	FOM_2_01575
prokka_FOM_2/FOM_2:Gene	aroA1_2	FOM_2_14:74365-75663	FOM_2_01576
prokka_FOM_2/FOM_2:Gene	aroK_2	FOM_2_14:75660-76163	FOM_2_01577
prokka_FOM_2/FOM_2:Gene	aroD	FOM_2_14:76167-76886	FOM_2_01578
prokka_FOM_2/FOM_2:Gene	FOM_2_01579	FOM_2_14:76889-77593	FOM_2_01579
prokka_FOM_2/FOM_2:Gene	FOM_2_01580	FOM_2_14:c78324-77656	FOM_2_01580
prokka_FOM_2/FOM_2:Gene	ykoD	FOM_2_14:c79729-78317	FOM_2_01581
prokka_FOM_2/FOM_2:Gene	ykoE	FOM_2_14:c80297-79731	FOM_2_01582
prokka_FOM_2/FOM_2:Gene	prs_2	FOM_2_14:80617-81591	FOM_2_01583
prokka_FOM_2/FOM_2:Gene	gpr	FOM_2_14:81650-82642	FOM_2_01584
prokka_FOM_2/FOM_2:Gene	rbsK_2	FOM_2_14:82726-83646	FOM_2_01585
prokka_FOM_2/FOM_2:Gene	FOM_2_01586	FOM_2_14:83702-84214	FOM_2_01586
prokka_FOM_2/FOM_2:Gene	FOM_2_01587	FOM_2_14:84327-84812	FOM_2_01587
prokka_FOM_2/FOM_2:Gene	mntH_3	FOM_2_14:85132-86520	FOM_2_01588
prokka_FOM_2/FOM_2:Gene	FOM_2_01589	FOM_2_14:86650-87147	FOM_2_01589
prokka_FOM_2/FOM_2:Gene	FOM_2_01590	FOM_2_14:87198-87506	FOM_2_01590
prokka_FOM_2/FOM_2:Gene	FOM_2_01591	FOM_2_14:87512-88132	FOM_2_01591
prokka_FOM_2/FOM_2:Gene	FOM_2_01592	FOM_2_14:88137-88949	FOM_2_01592
prokka_FOM_2/FOM_2:Gene	pepX	FOM_2_14:89061-91436	FOM_2_01593
prokka_FOM_2/FOM_2:Gene	yitU	FOM_2_14:91511-92341	FOM_2_01594
prokka_FOM_2/FOM_2:Gene	rsmF	FOM_2_14:92446-93846	FOM_2_01595
prokka_FOM_2/FOM_2:Gene	gatC	FOM_2_14:93900-94211	FOM_2_01596
prokka_FOM_2/FOM_2:Gene	gatA	FOM_2_14:94211-95668	FOM_2_01597
prokka_FOM_2/FOM_2:Gene	gatB	FOM_2_14:95668-97113	FOM_2_01598
prokka_FOM_2/FOM_2:Gene	dagK	FOM_2_14:97217-98173	FOM_2_01599
prokka_FOM_2/FOM_2:Gene	FOM_2_01600	FOM_2_14:98223-98666	FOM_2_01600
prokka_FOM_2/FOM_2:Gene	psaA	FOM_2_14:c99784-98840	FOM_2_01601
prokka_FOM_2/FOM_2:Gene	mntB_1	FOM_2_14:c100654-99815	FOM_2_01602
prokka_FOM_2/FOM_2:Gene	mntB_2	FOM_2_14:c101405-100656	FOM_2_01603
prokka_FOM_2/FOM_2:Gene	fpgS_2	FOM_2_14:101734-103032	FOM_2_01604
prokka_FOM_2/FOM_2:Gene	FOM_2_01605	FOM_2_14:103032-103640	FOM_2_01605
prokka_FOM_2/FOM_2:Gene	murE	FOM_2_14:103666-105195	FOM_2_01606
prokka_FOM_2/FOM_2:Gene	FOM_2_01607	FOM_2_14:105313-105657	FOM_2_01607
prokka_FOM_2/FOM_2:Gene	argS	FOM_2_14:105660-107345	FOM_2_01608
prokka_FOM_2/FOM_2:Gene	FOM_2_01609	FOM_2_14:107534-109279	FOM_2_01609
prokka_FOM_2/FOM_2:Gene	FOM_2_01610	FOM_2_14:109272-111104	FOM_2_01610
prokka_FOM_2/FOM_2:Gene	FOM_2_01611	FOM_2_14:111235-112149	FOM_2_01611
prokka_FOM_2/FOM_2:Gene	argR	FOM_2_14:112260-112718	FOM_2_01612
prokka_FOM_2/FOM_2:Gene	pbpF	FOM_2_14:112721-114814	FOM_2_01613
prokka_FOM_2/FOM_2:Gene	FOM_2_01614	FOM_2_14:114868-115212	FOM_2_01614
prokka_FOM_2/FOM_2:Gene	FOM_2_01615	FOM_2_14:115347-116540	FOM_2_01615
prokka_FOM_2/FOM_2:Gene	FOM_2_01616	FOM_2_14:116530-118854	FOM_2_01616
prokka_FOM_2/FOM_2:Gene	yhaM	FOM_2_14:118856-119809	FOM_2_01617
prokka_FOM_2/FOM_2:Gene	xylB_2	FOM_2_14:119992-121533	FOM_2_01618
prokka_FOM_2/FOM_2:Gene	idnT	FOM_2_14:121657-123036	FOM_2_01619
prokka_FOM_2/FOM_2:Gene	pox5_3	FOM_2_14:123237-125066	FOM_2_01620
prokka_FOM_2/FOM_2:Gene	gntT_2	FOM_2_14:125652-127154	FOM_2_01621
prokka_FOM_2/FOM_2:Gene	FOM_2_01622	FOM_2_14:127260-127490	FOM_2_01622
prokka_FOM_2/FOM_2:Gene	FOM_2_01623	FOM_2_14:127626-128888	FOM_2_01623
prokka_FOM_2/FOM_2:Gene	FOM_2_01624	FOM_2_14:128881-130167	FOM_2_01624
prokka_FOM_2/FOM_2:Gene	FOM_2_01625	FOM_2_14:130224-131135	FOM_2_01625
prokka_FOM_2/FOM_2:Gene	pgsA	FOM_2_14:131161-131745	FOM_2_01626
prokka_FOM_2/FOM_2:Gene	cinA	FOM_2_14:131882-132358	FOM_2_01627
prokka_FOM_2/FOM_2:Gene	recA	FOM_2_14:132443-133594	FOM_2_01628
prokka_FOM_2/FOM_2:Gene	FOM_2_01629	FOM_2_14:133823-134077	FOM_2_01629
prokka_FOM_2/FOM_2:Gene	helD_3	FOM_2_14:134260-136542	FOM_2_01630
prokka_FOM_2/FOM_2:Gene	coaA	FOM_2_14:136548-137492	FOM_2_01631
prokka_FOM_2/FOM_2:Gene	FOM_2_01632	FOM_2_14:137868-138668	FOM_2_01632
prokka_FOM_2/FOM_2:Gene	ribZ_5	FOM_2_14:138883-140436	FOM_2_01633
prokka_FOM_2/FOM_2:Gene	FOM_2_01634	FOM_2_14:140438-141190	FOM_2_01634
prokka_FOM_2/FOM_2:Gene	cspLA	FOM_2_14:141442-141642	FOM_2_01635
prokka_FOM_2/FOM_2:Gene	rluD_3	FOM_2_14:141717-142613	FOM_2_01636
prokka_FOM_2/FOM_2:Gene	FOM_2_01637	FOM_2_14:142703-143095	FOM_2_01637
prokka_FOM_2/FOM_2:Gene	FOM_2_01638	FOM_2_14:143267-144385	FOM_2_01638
prokka_FOM_2/FOM_2:Gene	pepS	FOM_2_14:c145683-144445	FOM_2_01639
prokka_FOM_2/FOM_2:Gene	FOM_2_01640	FOM_2_14:145894-147690	FOM_2_01640
prokka_FOM_2/FOM_2:Gene	FOM_2_01641	FOM_2_14:147807-147944	FOM_2_01641
prokka_FOM_2/FOM_2:Gene	FOM_2_01642	FOM_2_14:148242-149720	FOM_2_01642
prokka_FOM_2/FOM_2:Gene	FOM_2_01643	FOM_2_14:149785-149892	FOM_2_01643
prokka_FOM_2/FOM_2:Gene	FOM_2_01644	FOM_2_14:149923-150156	FOM_2_01644
prokka_FOM_2/FOM_2:Gene	FOM_2_01645	FOM_2_14:150217-150426	FOM_2_01645
prokka_FOM_2/FOM_2:Gene	FOM_2_01646	FOM_2_14:150640-151440	FOM_2_01646
prokka_FOM_2/FOM_2:Gene	FOM_2_01647	FOM_2_14:151767-152486	FOM_2_01647
prokka_FOM_2/FOM_2:Gene	FOM_2_01648	FOM_2_14:152765-153391	FOM_2_01648
prokka_FOM_2/FOM_2:Gene	FOM_2_01649	FOM_2_14:153410-154579	FOM_2_01649
prokka_FOM_2/FOM_2:Gene	FOM_2_01650	FOM_2_14:154579-155205	FOM_2_01650
prokka_FOM_2/FOM_2:Gene	FOM_2_01651	FOM_2_14:155211-155810	FOM_2_01651
prokka_FOM_2/FOM_2:Gene	FOM_2_01652	FOM_2_14:155810-157177	FOM_2_01652
prokka_FOM_2/FOM_2:Gene	FOM_2_01653	FOM_2_14:157174-157884	FOM_2_01653
prokka_FOM_2/FOM_2:Gene	FOM_2_01654	FOM_2_14:157904-158689	FOM_2_01654
prokka_FOM_2/FOM_2:Gene	FOM_2_01655	FOM_2_14:158686-159057	FOM_2_01655
prokka_FOM_2/FOM_2:Gene	FOM_2_01656	FOM_2_14:159069-159470	FOM_2_01656
prokka_FOM_2/FOM_2:Gene	FOM_2_01657	FOM_2_14:159704-160432	FOM_2_01657
prokka_FOM_2/FOM_2:Gene	FOM_2_01658	FOM_2_14:160492-161538	FOM_2_01658
prokka_FOM_2/FOM_2:Gene	FOM_2_01659	FOM_2_14:161541-161936	FOM_2_01659
prokka_FOM_2/FOM_2:Gene	FOM_2_01660	FOM_2_14:162165-163514	FOM_2_01660
prokka_FOM_2/FOM_2:Gene	FOM_2_01661	FOM_2_14:163514-164488	FOM_2_01661
prokka_FOM_2/FOM_2:Gene	FOM_2_01662	FOM_2_14:164506-166590	FOM_2_01662
prokka_FOM_2/FOM_2:Gene	FOM_2_01663	FOM_2_14:166674-167543	FOM_2_01663
prokka_FOM_2/FOM_2:Gene	FOM_2_01664	FOM_2_14:167699-168343	FOM_2_01664
prokka_FOM_2/FOM_2:Gene	FOM_2_01665	FOM_2_14:168621-171059	FOM_2_01665
prokka_FOM_2/FOM_2:Gene	FOM_2_01666	FOM_2_14:171161-173440	FOM_2_01666
prokka_FOM_2/FOM_2:Gene	FOM_2_01667	FOM_2_14:173474-174223	FOM_2_01667
prokka_FOM_2/FOM_2:Gene	FOM_2_01668	FOM_2_14:174397-175965	FOM_2_01668
prokka_FOM_2/FOM_2:Gene	FOM_2_01669	FOM_2_14:176124-177683	FOM_2_01669
prokka_FOM_2/FOM_2:Gene	FOM_2_01670	FOM_2_14:177842-178840	FOM_2_01670
prokka_FOM_2/FOM_2:Gene	FOM_2_01671	FOM_2_14:178892-179656	FOM_2_01671
prokka_FOM_2/FOM_2:Gene	FOM_2_01672	FOM_2_14:179797-180759	FOM_2_01672
prokka_FOM_2/FOM_2:Gene	FOM_2_01673	FOM_2_14:180918-181625	FOM_2_01673
prokka_FOM_2/FOM_2:Gene	FOM_2_01674	FOM_2_14:181811-182476	FOM_2_01674
prokka_FOM_2/FOM_2:Gene	FOM_2_01675	FOM_2_14:182526-184085	FOM_2_01675
prokka_FOM_2/FOM_2:Gene	FOM_2_01676	FOM_2_14:184105-185829	FOM_2_01676
prokka_FOM_2/FOM_2:Gene	FOM_2_01677	FOM_2_14:185942-187003	FOM_2_01677
prokka_FOM_2/FOM_2:Gene	FOM_2_01678	FOM_2_15:44-118	FOM_2_01678
prokka_FOM_2/FOM_2:Gene	FOM_2_01679	FOM_2_15:149-220	FOM_2_01679
prokka_FOM_2/FOM_2:Gene	FOM_2_01680	FOM_2_15:232-307	FOM_2_01680
prokka_FOM_2/FOM_2:Gene	FOM_2_01681	FOM_2_15:334-422	FOM_2_01681
prokka_FOM_2/FOM_2:Gene	FOM_2_01682	FOM_2_15:807-1670	FOM_2_01682
prokka_FOM_2/FOM_2:Gene	ghrA	FOM_2_15:c2671-1724	FOM_2_01683
prokka_FOM_2/FOM_2:Gene	panT_3	FOM_2_15:2820-3434	FOM_2_01684
prokka_FOM_2/FOM_2:Gene	cydA	FOM_2_15:3678-5147	FOM_2_01685
prokka_FOM_2/FOM_2:Gene	cydB	FOM_2_15:5150-6154	FOM_2_01686
prokka_FOM_2/FOM_2:Gene	cydD	FOM_2_15:6239-7972	FOM_2_01687
prokka_FOM_2/FOM_2:Gene	FOM_2_01688	FOM_2_15:7965-9722	FOM_2_01688
prokka_FOM_2/FOM_2:Gene	FOM_2_01689	FOM_2_15:9735-10406	FOM_2_01689
prokka_FOM_2/FOM_2:Gene	purK_1	FOM_2_15:10433-11554	FOM_2_01690
prokka_FOM_2/FOM_2:Gene	FOM_2_01691	FOM_2_15:c11726-11607	FOM_2_01691
prokka_FOM_2/FOM_2:Gene	FOM_2_01692	FOM_2_15:11840-12208	FOM_2_01692
prokka_FOM_2/FOM_2:Gene	cspB	FOM_2_15:12224-12445	FOM_2_01693
prokka_FOM_2/FOM_2:Gene	nudF	FOM_2_15:12447-13016	FOM_2_01694
prokka_FOM_2/FOM_2:Gene	FOM_2_01695	FOM_2_15:13018-13308	FOM_2_01695
prokka_FOM_2/FOM_2:Gene	mtnN	FOM_2_15:13342-14034	FOM_2_01696
prokka_FOM_2/FOM_2:Gene	mhqA_2	FOM_2_15:14252-15265	FOM_2_01697
prokka_FOM_2/FOM_2:Gene	FOM_2_01698	FOM_2_15:15423-16241	FOM_2_01698
prokka_FOM_2/FOM_2:Gene	FOM_2_01699	FOM_2_15:16308-16649	FOM_2_01699
prokka_FOM_2/FOM_2:Gene	isaA	FOM_2_15:17162-17857	FOM_2_01700
prokka_FOM_2/FOM_2:Gene	FOM_2_01701	FOM_2_15:c18190-17930	FOM_2_01701
prokka_FOM_2/FOM_2:Gene	FOM_2_01702	FOM_2_15:c18862-18209	FOM_2_01702
prokka_FOM_2/FOM_2:Gene	FOM_2_01703	FOM_2_15:c19363-18911	FOM_2_01703
prokka_FOM_2/FOM_2:Gene	nrdH	FOM_2_15:19633-19869	FOM_2_01704
prokka_FOM_2/FOM_2:Gene	nrdE2	FOM_2_15:19966-22137	FOM_2_01705
prokka_FOM_2/FOM_2:Gene	nrdF2	FOM_2_15:22248-23210	FOM_2_01706
prokka_FOM_2/FOM_2:Gene	FOM_2_01707	FOM_2_15:23508-24494	FOM_2_01707
prokka_FOM_2/FOM_2:Gene	FOM_2_01708	FOM_2_15:24508-25410	FOM_2_01708
prokka_FOM_2/FOM_2:Gene	cmpD	FOM_2_15:25403-26173	FOM_2_01709
prokka_FOM_2/FOM_2:Gene	clcA	FOM_2_15:26376-27914	FOM_2_01710
prokka_FOM_2/FOM_2:Gene	crcB_1	FOM_2_15:27914-28294	FOM_2_01711
prokka_FOM_2/FOM_2:Gene	crcB_2	FOM_2_15:28291-28653	FOM_2_01712
prokka_FOM_2/FOM_2:Gene	degV_2	FOM_2_15:28712-29581	FOM_2_01713
prokka_FOM_2/FOM_2:Gene	glcB	FOM_2_15:29739-31760	FOM_2_01714
prokka_FOM_2/FOM_2:Gene	FOM_2_01715	FOM_2_15:31981-32817	FOM_2_01715
prokka_FOM_2/FOM_2:Gene	FOM_2_01716	FOM_2_15:c33213-32869	FOM_2_01716
prokka_FOM_2/FOM_2:Gene	FOM_2_01717	FOM_2_15:33334-33768	FOM_2_01717
prokka_FOM_2/FOM_2:Gene	mreB	FOM_2_15:33980-34984	FOM_2_01718
prokka_FOM_2/FOM_2:Gene	mreC	FOM_2_15:35058-35909	FOM_2_01719
prokka_FOM_2/FOM_2:Gene	cah	FOM_2_15:c36577-35948	FOM_2_01720
prokka_FOM_2/FOM_2:Gene	FOM_2_01721	FOM_2_15:36764-37375	FOM_2_01721
prokka_FOM_2/FOM_2:Gene	artQ	FOM_2_15:37711-38355	FOM_2_01722
prokka_FOM_2/FOM_2:Gene	artM_2	FOM_2_15:38366-39004	FOM_2_01723
prokka_FOM_2/FOM_2:Gene	FOM_2_01724	FOM_2_15:39015-39848	FOM_2_01724
prokka_FOM_2/FOM_2:Gene	ribBA_2	FOM_2_15:40189-40818	FOM_2_01725
prokka_FOM_2/FOM_2:Gene	purE	FOM_2_15:41080-41568	FOM_2_01726
prokka_FOM_2/FOM_2:Gene	purK_2	FOM_2_15:41561-42679	FOM_2_01727
prokka_FOM_2/FOM_2:Gene	purC	FOM_2_15:42676-43401	FOM_2_01728
prokka_FOM_2/FOM_2:Gene	purS	FOM_2_15:43404-43661	FOM_2_01729
prokka_FOM_2/FOM_2:Gene	purQ	FOM_2_15:43663-44346	FOM_2_01730
prokka_FOM_2/FOM_2:Gene	purL	FOM_2_15:44343-46565	FOM_2_01731
prokka_FOM_2/FOM_2:Gene	purF	FOM_2_15:46550-48085	FOM_2_01732
prokka_FOM_2/FOM_2:Gene	purM	FOM_2_15:48097-49137	FOM_2_01733
prokka_FOM_2/FOM_2:Gene	purN	FOM_2_15:49128-49721	FOM_2_01734
prokka_FOM_2/FOM_2:Gene	purH	FOM_2_15:49718-51247	FOM_2_01735
prokka_FOM_2/FOM_2:Gene	purD	FOM_2_15:51259-52542	FOM_2_01736
prokka_FOM_2/FOM_2:Gene	fhs1	FOM_2_15:52526-54184	FOM_2_01737
prokka_FOM_2/FOM_2:Gene	FOM_2_01738	FOM_2_15:54306-54791	FOM_2_01738
prokka_FOM_2/FOM_2:Gene	FOM_2_01739	FOM_2_15:54775-54984	FOM_2_01739
prokka_FOM_2/FOM_2:Gene	FOM_2_01740	FOM_2_15:55030-55473	FOM_2_01740
prokka_FOM_2/FOM_2:Gene	npr_3	FOM_2_15:55497-56873	FOM_2_01741
prokka_FOM_2/FOM_2:Gene	FOM_2_01742	FOM_2_15:56870-57010	FOM_2_01742
prokka_FOM_2/FOM_2:Gene	pgaC	FOM_2_15:57023-58126	FOM_2_01743
prokka_FOM_2/FOM_2:Gene	FOM_2_01744	FOM_2_15:c58659-58189	FOM_2_01744
prokka_FOM_2/FOM_2:Gene	lysP	FOM_2_15:59035-60507	FOM_2_01745
prokka_FOM_2/FOM_2:Gene	pyk	FOM_2_15:60696-62117	FOM_2_01746
prokka_FOM_2/FOM_2:Gene	prmA	FOM_2_15:62220-63176	FOM_2_01747
prokka_FOM_2/FOM_2:Gene	rsmE	FOM_2_15:63176-63922	FOM_2_01748
prokka_FOM_2/FOM_2:Gene	FOM_2_01749	FOM_2_15:63960-64340	FOM_2_01749
prokka_FOM_2/FOM_2:Gene	mraZ	FOM_2_15:64761-65195	FOM_2_01750
prokka_FOM_2/FOM_2:Gene	rsmH	FOM_2_15:65257-66201	FOM_2_01751
prokka_FOM_2/FOM_2:Gene	ftsL	FOM_2_15:66253-66624	FOM_2_01752
prokka_FOM_2/FOM_2:Gene	pbpB	FOM_2_15:66626-68818	FOM_2_01753
prokka_FOM_2/FOM_2:Gene	mraY	FOM_2_15:68847-69839	FOM_2_01754
prokka_FOM_2/FOM_2:Gene	murD	FOM_2_15:69945-71288	FOM_2_01755
prokka_FOM_2/FOM_2:Gene	murG	FOM_2_15:71308-72408	FOM_2_01756
prokka_FOM_2/FOM_2:Gene	divIB	FOM_2_15:72454-73374	FOM_2_01757
prokka_FOM_2/FOM_2:Gene	ftsA	FOM_2_15:73607-74977	FOM_2_01758
prokka_FOM_2/FOM_2:Gene	ftsZ	FOM_2_15:75015-76286	FOM_2_01759
prokka_FOM_2/FOM_2:Gene	sepF	FOM_2_15:76298-76747	FOM_2_01760
prokka_FOM_2/FOM_2:Gene	FOM_2_01761	FOM_2_15:76759-77019	FOM_2_01761
prokka_FOM_2/FOM_2:Gene	FOM_2_01762	FOM_2_15:77033-77818	FOM_2_01762
prokka_FOM_2/FOM_2:Gene	gpsB_2	FOM_2_15:77833-78468	FOM_2_01763
prokka_FOM_2/FOM_2:Gene	ileS	FOM_2_15:78765-81554	FOM_2_01764
prokka_FOM_2/FOM_2:Gene	pspB	FOM_2_15:81809-82471	FOM_2_01765
prokka_FOM_2/FOM_2:Gene	FOM_2_01766	FOM_2_15:82492-83157	FOM_2_01766
prokka_FOM_2/FOM_2:Gene	recD2_2	FOM_2_15:83141-85690	FOM_2_01767
prokka_FOM_2/FOM_2:Gene	yebC	FOM_2_15:85764-86486	FOM_2_01768
prokka_FOM_2/FOM_2:Gene	adeP	FOM_2_15:86764-88215	FOM_2_01769
prokka_FOM_2/FOM_2:Gene	comGA	FOM_2_15:88349-89278	FOM_2_01770
prokka_FOM_2/FOM_2:Gene	epsF	FOM_2_15:89241-90239	FOM_2_01771
prokka_FOM_2/FOM_2:Gene	FOM_2_01772	FOM_2_15:90233-90544	FOM_2_01772
prokka_FOM_2/FOM_2:Gene	FOM_2_01773	FOM_2_15:90534-90929	FOM_2_01773
prokka_FOM_2/FOM_2:Gene	FOM_2_01774	FOM_2_15:90913-91113	FOM_2_01774
prokka_FOM_2/FOM_2:Gene	FOM_2_01775	FOM_2_15:91086-91511	FOM_2_01775
prokka_FOM_2/FOM_2:Gene	FOM_2_01776	FOM_2_15:91508-91792	FOM_2_01776
prokka_FOM_2/FOM_2:Gene	FOM_2_01777	FOM_2_15:91869-92876	FOM_2_01777
prokka_FOM_2/FOM_2:Gene	ackA_2	FOM_2_15:92991-94181	FOM_2_01778
prokka_FOM_2/FOM_2:Gene	priA	FOM_2_15:94378-96798	FOM_2_01779
prokka_FOM_2/FOM_2:Gene	fmt	FOM_2_15:96854-97816	FOM_2_01780
prokka_FOM_2/FOM_2:Gene	rsmB	FOM_2_15:97800-99173	FOM_2_01781
prokka_FOM_2/FOM_2:Gene	phpP	FOM_2_15:99210-99950	FOM_2_01782
prokka_FOM_2/FOM_2:Gene	prkC	FOM_2_15:99951-101924	FOM_2_01783
prokka_FOM_2/FOM_2:Gene	rsgA	FOM_2_15:101937-102851	FOM_2_01784
prokka_FOM_2/FOM_2:Gene	rpe	FOM_2_15:102882-103541	FOM_2_01785
prokka_FOM_2/FOM_2:Gene	thiN	FOM_2_15:103541-104206	FOM_2_01786
prokka_FOM_2/FOM_2:Gene	rpmB	FOM_2_15:104358-104558	FOM_2_01787
prokka_FOM_2/FOM_2:Gene	FOM_2_01788	FOM_2_15:104694-105056	FOM_2_01788
prokka_FOM_2/FOM_2:Gene	FOM_2_01789	FOM_2_15:105083-106771	FOM_2_01789
prokka_FOM_2/FOM_2:Gene	FOM_2_01790	FOM_2_15:107071-122403	FOM_2_01790
prokka_FOM_2/FOM_2:Gene	FOM_2_01791	FOM_2_15:122450-124702	FOM_2_01791
prokka_FOM_2/FOM_2:Gene	gtfA_2	FOM_2_15:124933-126294	FOM_2_01792
prokka_FOM_2/FOM_2:Gene	FOM_2_01793	FOM_2_15:126275-126886	FOM_2_01793
prokka_FOM_2/FOM_2:Gene	recG	FOM_2_15:127249-129285	FOM_2_01794
prokka_FOM_2/FOM_2:Gene	plsX	FOM_2_15:129385-130443	FOM_2_01795
prokka_FOM_2/FOM_2:Gene	acpP	FOM_2_15:130488-130727	FOM_2_01796
prokka_FOM_2/FOM_2:Gene	rnc	FOM_2_15:130903-131601	FOM_2_01797
prokka_FOM_2/FOM_2:Gene	smc_3	FOM_2_15:131611-135168	FOM_2_01798
prokka_FOM_2/FOM_2:Gene	ftsY	FOM_2_15:135182-136384	FOM_2_01799
prokka_FOM_2/FOM_2:Gene	FOM_2_01800	FOM_2_15:136384-136725	FOM_2_01800
prokka_FOM_2/FOM_2:Gene	ffh	FOM_2_15:136729-138195	FOM_2_01801
prokka_FOM_2/FOM_2:Gene	FOM_2_01802	FOM_2_15:138200-138337	FOM_2_01802
prokka_FOM_2/FOM_2:Gene	FOM_2_01803	FOM_2_15:138732-138938	FOM_2_01803
prokka_FOM_2/FOM_2:Gene	FOM_2_01804	FOM_2_15:138957-139508	FOM_2_01804
prokka_FOM_2/FOM_2:Gene	rpsP	FOM_2_15:139710-139982	FOM_2_01805
prokka_FOM_2/FOM_2:Gene	xerC_3	FOM_2_15:c141110-140043	FOM_2_01806
prokka_FOM_2/FOM_2:Gene	FOM_2_01807	FOM_2_15:141613-141813	FOM_2_01807
prokka_FOM_2/FOM_2:Gene	FOM_2_01808	FOM_2_15:c142204-141803	FOM_2_01808
prokka_FOM_2/FOM_2:Gene	FOM_2_01809	FOM_2_15:c142448-142164	FOM_2_01809
prokka_FOM_2/FOM_2:Gene	FOM_2_01810	FOM_2_15:c143173-142748	FOM_2_01810
prokka_FOM_2/FOM_2:Gene	FOM_2_01811	FOM_2_15:c143909-143247	FOM_2_01811
prokka_FOM_2/FOM_2:Gene	FOM_2_01812	FOM_2_15:c144826-144017	FOM_2_01812
prokka_FOM_2/FOM_2:Gene	FOM_2_01813	FOM_2_15:c145214-144942	FOM_2_01813
prokka_FOM_2/FOM_2:Gene	FOM_2_01814	FOM_2_15:c145882-145379	FOM_2_01814
prokka_FOM_2/FOM_2:Gene	FOM_2_01815	FOM_2_15:c146351-145953	FOM_2_01815
prokka_FOM_2/FOM_2:Gene	FOM_2_01816	FOM_2_15:c146717-146355	FOM_2_01816
prokka_FOM_2/FOM_2:Gene	FOM_2_01817	FOM_2_15:146978-147115	FOM_2_01817
prokka_FOM_2/FOM_2:Gene	FOM_2_01818	FOM_2_15:c147333-147112	FOM_2_01818
prokka_FOM_2/FOM_2:Gene	FOM_2_01819	FOM_2_15:147425-147673	FOM_2_01819
prokka_FOM_2/FOM_2:Gene	FOM_2_01820	FOM_2_15:147686-148405	FOM_2_01820
prokka_FOM_2/FOM_2:Gene	FOM_2_01821	FOM_2_15:148408-148695	FOM_2_01821
prokka_FOM_2/FOM_2:Gene	FOM_2_01822	FOM_2_15:148692-148889	FOM_2_01822
prokka_FOM_2/FOM_2:Gene	FOM_2_01823	FOM_2_15:148886-149074	FOM_2_01823
prokka_FOM_2/FOM_2:Gene	FOM_2_01824	FOM_2_15:149071-149289	FOM_2_01824
prokka_FOM_2/FOM_2:Gene	FOM_2_01825	FOM_2_15:149355-149498	FOM_2_01825
prokka_FOM_2/FOM_2:Gene	FOM_2_01826	FOM_2_15:149491-149589	FOM_2_01826

DiscRep_ALL:DISC_SOURCE_QUALS_ASNDISC::strain (all present, all same)
DiscRep_SUB:DISC_SOURCE_QUALS_ASNDISC::15 sources have 'strain' for strain
DiscRep_ALL:DISC_SOURCE_QUALS_ASNDISC::taxname (all present, all same)
DiscRep_SUB:DISC_SOURCE_QUALS_ASNDISC::15 sources have 'Genus species' for taxname
DiscRep_ALL:DISC_FEATURE_COUNT::gene: 1826 present
DiscRep_ALL:DISC_FEATURE_COUNT::CDS: 1785 present
DiscRep_ALL:DISC_FEATURE_COUNT::tRNA: 40 present
DiscRep_ALL:DISC_FEATURE_COUNT::tmRNA: 1 present
DiscRep_ALL:DISC_COUNT_NUCLEOTIDES::15 nucleotide Bioseqs are present
prokka_FOM_2/FOM_2:Prokka:FOM_2_1 (length 18820)
prokka_FOM_2/FOM_2:Prokka:FOM_2_2 (length 95782)
prokka_FOM_2/FOM_2:Prokka:FOM_2_3 (length 24154)
prokka_FOM_2/FOM_2:Prokka:FOM_2_4 (length 89443)
prokka_FOM_2/FOM_2:Prokka:FOM_2_5 (length 77703)
prokka_FOM_2/FOM_2:Prokka:FOM_2_6 (length 101947)
prokka_FOM_2/FOM_2:Prokka:FOM_2_7 (length 27696)
prokka_FOM_2/FOM_2:Prokka:FOM_2_8 (length 291723)
prokka_FOM_2/FOM_2:Prokka:FOM_2_9 (length 129975)
prokka_FOM_2/FOM_2:Prokka:FOM_2_10 (length 432038)
prokka_FOM_2/FOM_2:Prokka:FOM_2_11 (length 38075)
prokka_FOM_2/FOM_2:Prokka:FOM_2_12 (length 128655)
prokka_FOM_2/FOM_2:Prokka:FOM_2_13 (length 90976)
prokka_FOM_2/FOM_2:Prokka:FOM_2_14 (length 187446)
prokka_FOM_2/FOM_2:Prokka:FOM_2_15 (length 149657)

DiscRep_ALL:OVERLAPPING_GENES::370 genes overlap another gene on the same strand.
prokka_FOM_2/FOM_2:Gene	pyrB	FOM_2_1:3495-4400	FOM_2_00005
prokka_FOM_2/FOM_2:Gene	pyrC	FOM_2_1:4397-5686	FOM_2_00006
prokka_FOM_2/FOM_2:Gene	carA_1	FOM_2_1:5683-6765	FOM_2_00007
prokka_FOM_2/FOM_2:Gene	carB_1	FOM_2_1:6758-9937	FOM_2_00008
prokka_FOM_2/FOM_2:Gene	FOM_2_00012	FOM_2_1:12446-13693	FOM_2_00012
prokka_FOM_2/FOM_2:Gene	cpoA	FOM_2_1:13690-14718	FOM_2_00013
prokka_FOM_2/FOM_2:Gene	FOM_2_00014	FOM_2_1:14723-15742	FOM_2_00014
prokka_FOM_2/FOM_2:Gene	FOM_2_00015	FOM_2_1:15739-15993	FOM_2_00015
prokka_FOM_2/FOM_2:Gene	yfeX_1	FOM_2_2:3649-4602	FOM_2_00025
prokka_FOM_2/FOM_2:Gene	ribZ_1	FOM_2_2:4599-5963	FOM_2_00026
prokka_FOM_2/FOM_2:Gene	ugpC	FOM_2_2:14015-15037	FOM_2_00035
prokka_FOM_2/FOM_2:Gene	lacF	FOM_2_2:15034-15930	FOM_2_00036
prokka_FOM_2/FOM_2:Gene	phoP_1	FOM_2_2:32425-33087	FOM_2_00050
prokka_FOM_2/FOM_2:Gene	sasA_1	FOM_2_2:33084-34484	FOM_2_00051
prokka_FOM_2/FOM_2:Gene	FOM_2_00052	FOM_2_2:34481-35104	FOM_2_00052
prokka_FOM_2/FOM_2:Gene	FOM_2_00069	FOM_2_2:c52360-51848	FOM_2_00069
prokka_FOM_2/FOM_2:Gene	FOM_2_00070	FOM_2_2:c53015-52323	FOM_2_00070
prokka_FOM_2/FOM_2:Gene	phnE_1	FOM_2_3:c2593-1799	FOM_2_00105
prokka_FOM_2/FOM_2:Gene	phnE_2	FOM_2_3:c3375-2593	FOM_2_00106
prokka_FOM_2/FOM_2:Gene	thyA	FOM_2_3:c11890-10934	FOM_2_00114
prokka_FOM_2/FOM_2:Gene	tadA	FOM_2_3:c12375-11890	FOM_2_00115
prokka_FOM_2/FOM_2:Gene	rsmA	FOM_2_3:c16851-15955	FOM_2_00119
prokka_FOM_2/FOM_2:Gene	rnmV	FOM_2_3:c17411-16851	FOM_2_00120
prokka_FOM_2/FOM_2:Gene	ycfH	FOM_2_3:c18217-17411	FOM_2_00121
prokka_FOM_2/FOM_2:Gene	FOM_2_00132	FOM_2_4:c5131-4604	FOM_2_00132
prokka_FOM_2/FOM_2:Gene	FOM_2_00133	FOM_2_4:c6162-5131	FOM_2_00133
prokka_FOM_2/FOM_2:Gene	FOM_2_00185	FOM_2_4:c60603-59599	FOM_2_00185
prokka_FOM_2/FOM_2:Gene	yvcJ	FOM_2_4:c61493-60600	FOM_2_00186
prokka_FOM_2/FOM_2:Gene	ecfT	FOM_2_4:c84186-83386	FOM_2_00207
prokka_FOM_2/FOM_2:Gene	ecfA2	FOM_2_4:c85036-84179	FOM_2_00208
prokka_FOM_2/FOM_2:Gene	ecfA1	FOM_2_4:c85833-85012	FOM_2_00209
prokka_FOM_2/FOM_2:Gene	tagE	FOM_2_5:1854-3338	FOM_2_00214
prokka_FOM_2/FOM_2:Gene	FOM_2_00215	FOM_2_5:3335-3985	FOM_2_00215
prokka_FOM_2/FOM_2:Gene	gtfA_1	FOM_2_5:3987-5537	FOM_2_00216
prokka_FOM_2/FOM_2:Gene	FOM_2_00217	FOM_2_5:5534-6751	FOM_2_00217
prokka_FOM_2/FOM_2:Gene	gtf3	FOM_2_5:6789-7802	FOM_2_00218
prokka_FOM_2/FOM_2:Gene	FOM_2_00219	FOM_2_5:7799-8203	FOM_2_00219
prokka_FOM_2/FOM_2:Gene	asp1	FOM_2_5:8205-9716	FOM_2_00220
prokka_FOM_2/FOM_2:Gene	asp2	FOM_2_5:9716-11458	FOM_2_00221
prokka_FOM_2/FOM_2:Gene	FOM_2_00222	FOM_2_5:11455-12468	FOM_2_00222
prokka_FOM_2/FOM_2:Gene	por	FOM_2_5:37841-39499	FOM_2_00248
prokka_FOM_2/FOM_2:Gene	uxuA	FOM_2_5:39492-40613	FOM_2_00249
prokka_FOM_2/FOM_2:Gene	folK	FOM_2_5:50015-50512	FOM_2_00261
prokka_FOM_2/FOM_2:Gene	folE	FOM_2_5:50499-51044	FOM_2_00262
prokka_FOM_2/FOM_2:Gene	fpgS_1	FOM_2_5:51045-52292	FOM_2_00263
prokka_FOM_2/FOM_2:Gene	folP	FOM_2_5:52255-53088	FOM_2_00264
prokka_FOM_2/FOM_2:Gene	ssuC	FOM_2_5:53382-54170	FOM_2_00265
prokka_FOM_2/FOM_2:Gene	ssuB	FOM_2_5:54170-54883	FOM_2_00266
prokka_FOM_2/FOM_2:Gene	kdgK_2	FOM_2_5:67363-68328	FOM_2_00279
prokka_FOM_2/FOM_2:Gene	hxlA	FOM_2_5:68328-68948	FOM_2_00280
prokka_FOM_2/FOM_2:Gene	rmpB	FOM_2_5:68948-69490	FOM_2_00281
prokka_FOM_2/FOM_2:Gene	FOM_2_00316	FOM_2_6:19559-20671	FOM_2_00316
prokka_FOM_2/FOM_2:Gene	FOM_2_00317	FOM_2_6:20671-22638	FOM_2_00317
prokka_FOM_2/FOM_2:Gene	ybeY	FOM_2_6:69848-70330	FOM_2_00359
prokka_FOM_2/FOM_2:Gene	dgkA	FOM_2_6:70314-70742	FOM_2_00360
prokka_FOM_2/FOM_2:Gene	btuD	FOM_2_6:85665-86561	FOM_2_00375
prokka_FOM_2/FOM_2:Gene	yhaP	FOM_2_6:86561-87802	FOM_2_00376
prokka_FOM_2/FOM_2:Gene	FOM_2_00394	FOM_2_7:2945-3952	FOM_2_00394
prokka_FOM_2/FOM_2:Gene	FOM_2_00395	FOM_2_7:3949-4134	FOM_2_00395
prokka_FOM_2/FOM_2:Gene	thiM	FOM_2_7:18010-18771	FOM_2_00410
prokka_FOM_2/FOM_2:Gene	thiD	FOM_2_7:18768-19571	FOM_2_00411
prokka_FOM_2/FOM_2:Gene	thiE_1	FOM_2_7:19568-20227	FOM_2_00412
prokka_FOM_2/FOM_2:Gene	tenA	FOM_2_7:20209-20829	FOM_2_00413
prokka_FOM_2/FOM_2:Gene	FOM_2_00420	FOM_2_7:25652-26086	FOM_2_00420
prokka_FOM_2/FOM_2:Gene	FOM_2_00421	FOM_2_7:26055-26255	FOM_2_00421
prokka_FOM_2/FOM_2:Gene	recF	FOM_2_8:c13952-12807	FOM_2_00433
prokka_FOM_2/FOM_2:Gene	FOM_2_00434	FOM_2_8:c14218-13952	FOM_2_00434
prokka_FOM_2/FOM_2:Gene	znuC_1	FOM_2_8:c20885-20202	FOM_2_00441
prokka_FOM_2/FOM_2:Gene	yfhA	FOM_2_8:c21813-20872	FOM_2_00442
prokka_FOM_2/FOM_2:Gene	FOM_2_00457	FOM_2_8:38600-39643	FOM_2_00457
prokka_FOM_2/FOM_2:Gene	yknY	FOM_2_8:39636-40316	FOM_2_00458
prokka_FOM_2/FOM_2:Gene	macB_1	FOM_2_8:40313-41479	FOM_2_00459
prokka_FOM_2/FOM_2:Gene	FOM_2_00472	FOM_2_8:55836-56018	FOM_2_00472
prokka_FOM_2/FOM_2:Gene	ybiR_1	FOM_2_8:56011-57108	FOM_2_00473
prokka_FOM_2/FOM_2:Gene	argG	FOM_2_8:81659-82882	FOM_2_00498
prokka_FOM_2/FOM_2:Gene	argH	FOM_2_8:82875-84254	FOM_2_00499
prokka_FOM_2/FOM_2:Gene	argB	FOM_2_8:86469-87182	FOM_2_00502
prokka_FOM_2/FOM_2:Gene	argD	FOM_2_8:87179-88309	FOM_2_00503
prokka_FOM_2/FOM_2:Gene	carA_2	FOM_2_8:89482-90552	FOM_2_00505
prokka_FOM_2/FOM_2:Gene	carB_2	FOM_2_8:90549-93626	FOM_2_00506
prokka_FOM_2/FOM_2:Gene	FOM_2_00510	FOM_2_8:96378-97271	FOM_2_00510
prokka_FOM_2/FOM_2:Gene	FOM_2_00511	FOM_2_8:97261-98868	FOM_2_00511
prokka_FOM_2/FOM_2:Gene	FOM_2_00512	FOM_2_8:99247-99636	FOM_2_00512
prokka_FOM_2/FOM_2:Gene	actIII	FOM_2_8:99629-100348	FOM_2_00513
prokka_FOM_2/FOM_2:Gene	FOM_2_00519	FOM_2_8:107204-108340	FOM_2_00519
prokka_FOM_2/FOM_2:Gene	FOM_2_00520	FOM_2_8:108333-108953	FOM_2_00520
prokka_FOM_2/FOM_2:Gene	fetA	FOM_2_8:114315-114974	FOM_2_00527
prokka_FOM_2/FOM_2:Gene	fetB	FOM_2_8:114958-115731	FOM_2_00528
prokka_FOM_2/FOM_2:Gene	ytrB	FOM_2_8:116211-116921	FOM_2_00530
prokka_FOM_2/FOM_2:Gene	FOM_2_00531	FOM_2_8:116918-117676	FOM_2_00531
prokka_FOM_2/FOM_2:Gene	mprF	FOM_2_8:c125939-123429	FOM_2_00539
prokka_FOM_2/FOM_2:Gene	menH	FOM_2_8:c126652-125936	FOM_2_00540
prokka_FOM_2/FOM_2:Gene	FOM_2_00567	FOM_2_8:c151227-150841	FOM_2_00567
prokka_FOM_2/FOM_2:Gene	dinB_1	FOM_2_8:c152521-151205	FOM_2_00568
prokka_FOM_2/FOM_2:Gene	FOM_2_00569	FOM_2_8:c154544-152691	FOM_2_00569
prokka_FOM_2/FOM_2:Gene	nnr	FOM_2_8:c155209-154544	FOM_2_00570
prokka_FOM_2/FOM_2:Gene	tcrA	FOM_2_8:180027-180722	FOM_2_00595
prokka_FOM_2/FOM_2:Gene	sasA_2	FOM_2_8:180722-181960	FOM_2_00596
prokka_FOM_2/FOM_2:Gene	FOM_2_00597	FOM_2_8:182109-183188	FOM_2_00597
prokka_FOM_2/FOM_2:Gene	FOM_2_00598	FOM_2_8:183178-184071	FOM_2_00598
prokka_FOM_2/FOM_2:Gene	FOM_2_00600	FOM_2_8:184643-185191	FOM_2_00600
prokka_FOM_2/FOM_2:Gene	FOM_2_00601	FOM_2_8:185145-186080	FOM_2_00601
prokka_FOM_2/FOM_2:Gene	FOM_2_00602	FOM_2_8:186095-186841	FOM_2_00602
prokka_FOM_2/FOM_2:Gene	FOM_2_00603	FOM_2_8:186834-187085	FOM_2_00603
prokka_FOM_2/FOM_2:Gene	soj	FOM_2_8:192066-192836	FOM_2_00610
prokka_FOM_2/FOM_2:Gene	spo0J	FOM_2_8:192823-193731	FOM_2_00611
prokka_FOM_2/FOM_2:Gene	FOM_2_00637	FOM_2_8:214309-215190	FOM_2_00637
prokka_FOM_2/FOM_2:Gene	FOM_2_00638	FOM_2_8:215187-215660	FOM_2_00638
prokka_FOM_2/FOM_2:Gene	FOM_2_00641	FOM_2_8:218371-219324	FOM_2_00641
prokka_FOM_2/FOM_2:Gene	znuC_2	FOM_2_8:219324-220019	FOM_2_00642
prokka_FOM_2/FOM_2:Gene	znuB	FOM_2_8:220012-220794	FOM_2_00643
prokka_FOM_2/FOM_2:Gene	xylB_1	FOM_2_8:229953-231620	FOM_2_00650
prokka_FOM_2/FOM_2:Gene	araD	FOM_2_8:231589-232302	FOM_2_00651
prokka_FOM_2/FOM_2:Gene	FOM_2_00666	FOM_2_8:247353-248228	FOM_2_00666
prokka_FOM_2/FOM_2:Gene	FOM_2_00667	FOM_2_8:248221-248367	FOM_2_00667
prokka_FOM_2/FOM_2:Gene	FOM_2_00668	FOM_2_8:248367-249677	FOM_2_00668
prokka_FOM_2/FOM_2:Gene	FOM_2_00669	FOM_2_8:249688-250815	FOM_2_00669
prokka_FOM_2/FOM_2:Gene	mnaA	FOM_2_8:250808-251911	FOM_2_00670
prokka_FOM_2/FOM_2:Gene	FOM_2_00689	FOM_2_8:272179-272901	FOM_2_00689
prokka_FOM_2/FOM_2:Gene	FOM_2_00690	FOM_2_8:272879-274048	FOM_2_00690
prokka_FOM_2/FOM_2:Gene	FOM_2_00701	FOM_2_8:288096-288380	FOM_2_00701
prokka_FOM_2/FOM_2:Gene	FOM_2_00702	FOM_2_8:288377-288673	FOM_2_00702
prokka_FOM_2/FOM_2:Gene	ybiV_1	FOM_2_9:c10975-10130	FOM_2_00710
prokka_FOM_2/FOM_2:Gene	FOM_2_00711	FOM_2_9:c11397-10972	FOM_2_00711
prokka_FOM_2/FOM_2:Gene	ribE	FOM_2_9:c24148-23561	FOM_2_00725
prokka_FOM_2/FOM_2:Gene	ribD	FOM_2_9:c25173-24148	FOM_2_00726
prokka_FOM_2/FOM_2:Gene	gdnD_1	FOM_2_9:c25959-25636	FOM_2_00727
prokka_FOM_2/FOM_2:Gene	FOM_2_00728	FOM_2_9:c26285-25959	FOM_2_00728
prokka_FOM_2/FOM_2:Gene	FOM_2_00746	FOM_2_9:44137-44295	FOM_2_00746
prokka_FOM_2/FOM_2:Gene	FOM_2_00747	FOM_2_9:44288-44707	FOM_2_00747
prokka_FOM_2/FOM_2:Gene	FOM_2_00782	FOM_2_9:c84315-83479	FOM_2_00782
prokka_FOM_2/FOM_2:Gene	FOM_2_00783	FOM_2_9:c84632-84312	FOM_2_00783
prokka_FOM_2/FOM_2:Gene	FOM_2_00800	FOM_2_9:c98298-97993	FOM_2_00800
prokka_FOM_2/FOM_2:Gene	FOM_2_00801	FOM_2_9:c98572-98285	FOM_2_00801
prokka_FOM_2/FOM_2:Gene	FOM_2_00802	FOM_2_9:c99767-98574	FOM_2_00802
prokka_FOM_2/FOM_2:Gene	FOM_2_00803	FOM_2_9:c100923-99748	FOM_2_00803
prokka_FOM_2/FOM_2:Gene	oppF_1	FOM_2_9:c110397-109444	FOM_2_00810
prokka_FOM_2/FOM_2:Gene	oppD_1	FOM_2_9:c111500-110397	FOM_2_00811
prokka_FOM_2/FOM_2:Gene	glnM	FOM_2_9:c117418-116774	FOM_2_00816
prokka_FOM_2/FOM_2:Gene	glnH	FOM_2_9:c118263-117418	FOM_2_00817
prokka_FOM_2/FOM_2:Gene	FOM_2_00819	FOM_2_9:c119968-119171	FOM_2_00819
prokka_FOM_2/FOM_2:Gene	FOM_2_00820	FOM_2_9:c120459-119968	FOM_2_00820
prokka_FOM_2/FOM_2:Gene	bioY2	FOM_2_9:c121659-121126	FOM_2_00822
prokka_FOM_2/FOM_2:Gene	birA	FOM_2_9:c122405-121656	FOM_2_00823
prokka_FOM_2/FOM_2:Gene	FOM_2_00832	FOM_2_10:2565-2828	FOM_2_00832
prokka_FOM_2/FOM_2:Gene	FOM_2_00833	FOM_2_10:2825-3529	FOM_2_00833
prokka_FOM_2/FOM_2:Gene	dnaI	FOM_2_10:22908-23852	FOM_2_00848
prokka_FOM_2/FOM_2:Gene	FOM_2_00849	FOM_2_10:23852-24958	FOM_2_00849
prokka_FOM_2/FOM_2:Gene	FOM_2_00850	FOM_2_10:24955-25746	FOM_2_00850
prokka_FOM_2/FOM_2:Gene	FOM_2_00864	FOM_2_10:c38880-37822	FOM_2_00864
prokka_FOM_2/FOM_2:Gene	FOM_2_00865	FOM_2_10:c39866-38880	FOM_2_00865
prokka_FOM_2/FOM_2:Gene	accC	FOM_2_10:62494-63870	FOM_2_00884
prokka_FOM_2/FOM_2:Gene	accD_1	FOM_2_10:63867-64721	FOM_2_00885
prokka_FOM_2/FOM_2:Gene	accA_1	FOM_2_10:64714-65487	FOM_2_00886
prokka_FOM_2/FOM_2:Gene	ecsA	FOM_2_10:68908-69609	FOM_2_00891
prokka_FOM_2/FOM_2:Gene	FOM_2_00892	FOM_2_10:69609-70718	FOM_2_00892
prokka_FOM_2/FOM_2:Gene	trmB	FOM_2_10:70702-71364	FOM_2_00893
prokka_FOM_2/FOM_2:Gene	FOM_2_00898	FOM_2_10:75471-76103	FOM_2_00898
prokka_FOM_2/FOM_2:Gene	FOM_2_00899	FOM_2_10:76103-76255	FOM_2_00899
prokka_FOM_2/FOM_2:Gene	FOM_2_00900	FOM_2_10:76252-76581	FOM_2_00900
prokka_FOM_2/FOM_2:Gene	srlR	FOM_2_10:79533-80303	FOM_2_00904
prokka_FOM_2/FOM_2:Gene	lacC	FOM_2_10:80300-81214	FOM_2_00905
prokka_FOM_2/FOM_2:Gene	lacM	FOM_2_10:c102178-101228	FOM_2_00923
prokka_FOM_2/FOM_2:Gene	lacL	FOM_2_10:c104054-102159	FOM_2_00924
prokka_FOM_2/FOM_2:Gene	FOM_2_00949	FOM_2_10:c127580-126783	FOM_2_00949
prokka_FOM_2/FOM_2:Gene	trmK	FOM_2_10:c128269-127577	FOM_2_00950
prokka_FOM_2/FOM_2:Gene	deaD_1	FOM_2_10:c150106-148664	FOM_2_00973
prokka_FOM_2/FOM_2:Gene	FOM_2_00974	FOM_2_10:c151151-150099	FOM_2_00974
prokka_FOM_2/FOM_2:Gene	scpB	FOM_2_10:c154754-154119	FOM_2_00979
prokka_FOM_2/FOM_2:Gene	scpA	FOM_2_10:c155526-154744	FOM_2_00980
prokka_FOM_2/FOM_2:Gene	ribT	FOM_2_10:c155890-155519	FOM_2_00981
prokka_FOM_2/FOM_2:Gene	dtd	FOM_2_10:c160365-159919	FOM_2_00987
prokka_FOM_2/FOM_2:Gene	relA	FOM_2_10:c162599-160365	FOM_2_00988
prokka_FOM_2/FOM_2:Gene	FOM_2_01006	FOM_2_10:c181964-181005	FOM_2_01006
prokka_FOM_2/FOM_2:Gene	FOM_2_01007	FOM_2_10:c183454-181916	FOM_2_01007
prokka_FOM_2/FOM_2:Gene	FOM_2_01008	FOM_2_10:c184578-183451	FOM_2_01008
prokka_FOM_2/FOM_2:Gene	epsH	FOM_2_10:c185374-184811	FOM_2_01009
prokka_FOM_2/FOM_2:Gene	cpsY	FOM_2_10:c186356-185346	FOM_2_01010
prokka_FOM_2/FOM_2:Gene	epsD_2	FOM_2_10:c187519-186353	FOM_2_01011
prokka_FOM_2/FOM_2:Gene	FOM_2_01020	FOM_2_10:c194565-194275	FOM_2_01020
prokka_FOM_2/FOM_2:Gene	yfiC	FOM_2_10:c195319-194558	FOM_2_01021
prokka_FOM_2/FOM_2:Gene	FOM_2_01041	FOM_2_10:c216268-215630	FOM_2_01041
prokka_FOM_2/FOM_2:Gene	FOM_2_01042	FOM_2_10:c216714-216268	FOM_2_01042
prokka_FOM_2/FOM_2:Gene	FOM_2_01072	FOM_2_10:c256808-255621	FOM_2_01072
prokka_FOM_2/FOM_2:Gene	FOM_2_01073	FOM_2_10:c258756-256801	FOM_2_01073
prokka_FOM_2/FOM_2:Gene	FOM_2_01074	FOM_2_10:c261409-258746	FOM_2_01074
prokka_FOM_2/FOM_2:Gene	FOM_2_01078	FOM_2_10:c266048-265197	FOM_2_01078
prokka_FOM_2/FOM_2:Gene	FOM_2_01079	FOM_2_10:c266229-266038	FOM_2_01079
prokka_FOM_2/FOM_2:Gene	FOM_2_01084	FOM_2_10:c273855-273547	FOM_2_01084
prokka_FOM_2/FOM_2:Gene	FOM_2_01085	FOM_2_10:c274141-273839	FOM_2_01085
prokka_FOM_2/FOM_2:Gene	FOM_2_01087	FOM_2_10:c274921-274541	FOM_2_01087
prokka_FOM_2/FOM_2:Gene	FOM_2_01088	FOM_2_10:c275025-274918	FOM_2_01088
prokka_FOM_2/FOM_2:Gene	FOM_2_01089	FOM_2_10:c276069-275491	FOM_2_01089
prokka_FOM_2/FOM_2:Gene	FOM_2_01090	FOM_2_10:c276640-276053	FOM_2_01090
prokka_FOM_2/FOM_2:Gene	FOM_2_01093	FOM_2_10:c278653-278411	FOM_2_01093
prokka_FOM_2/FOM_2:Gene	FOM_2_01094	FOM_2_10:c280605-278653	FOM_2_01094
prokka_FOM_2/FOM_2:Gene	FOM_2_01101	FOM_2_10:c289807-286472	FOM_2_01101
prokka_FOM_2/FOM_2:Gene	clpE_2	FOM_2_10:c291693-289807	FOM_2_01102
prokka_FOM_2/FOM_2:Gene	FOM_2_01103	FOM_2_10:c292277-291690	FOM_2_01103
prokka_FOM_2/FOM_2:Gene	FOM_2_01104	FOM_2_10:c294532-292277	FOM_2_01104
prokka_FOM_2/FOM_2:Gene	FOM_2_01108	FOM_2_10:295725-296171	FOM_2_01108
prokka_FOM_2/FOM_2:Gene	FOM_2_01109	FOM_2_10:296161-296355	FOM_2_01109
prokka_FOM_2/FOM_2:Gene	FOM_2_01116	FOM_2_10:c300128-299688	FOM_2_01116
prokka_FOM_2/FOM_2:Gene	umuC	FOM_2_10:c301404-300076	FOM_2_01117
prokka_FOM_2/FOM_2:Gene	FOM_2_01119	FOM_2_10:c304768-303344	FOM_2_01119
prokka_FOM_2/FOM_2:Gene	FOM_2_01120	FOM_2_10:c305109-304768	FOM_2_01120
prokka_FOM_2/FOM_2:Gene	FOM_2_01121	FOM_2_10:c305797-305102	FOM_2_01121
prokka_FOM_2/FOM_2:Gene	rsmD	FOM_2_10:c316670-316116	FOM_2_01136
prokka_FOM_2/FOM_2:Gene	FOM_2_01137	FOM_2_10:c316981-316670	FOM_2_01137
prokka_FOM_2/FOM_2:Gene	ftsW	FOM_2_10:c318210-316978	FOM_2_01138
prokka_FOM_2/FOM_2:Gene	rnhB	FOM_2_10:c344327-343563	FOM_2_01166
prokka_FOM_2/FOM_2:Gene	rbgA	FOM_2_10:c345192-344320	FOM_2_01167
prokka_FOM_2/FOM_2:Gene	FOM_2_01168	FOM_2_10:c345457-345236	FOM_2_01168
prokka_FOM_2/FOM_2:Gene	FOM_2_01169	FOM_2_10:c346071-345457	FOM_2_01169
prokka_FOM_2/FOM_2:Gene	rplGA	FOM_2_10:c362297-361992	FOM_2_01184
prokka_FOM_2/FOM_2:Gene	FOM_2_01185	FOM_2_10:c362586-362287	FOM_2_01185
prokka_FOM_2/FOM_2:Gene	FOM_2_01194	FOM_2_10:c370544-370077	FOM_2_01194
prokka_FOM_2/FOM_2:Gene	FOM_2_01195	FOM_2_10:c370635-370519	FOM_2_01195
prokka_FOM_2/FOM_2:Gene	ydiM	FOM_2_10:c373516-372326	FOM_2_01198
prokka_FOM_2/FOM_2:Gene	aroK_1	FOM_2_10:c374283-373513	FOM_2_01199
prokka_FOM_2/FOM_2:Gene	tyrC	FOM_2_10:c375086-374280	FOM_2_01200
prokka_FOM_2/FOM_2:Gene	aroA1_1	FOM_2_10:c376374-375079	FOM_2_01201
prokka_FOM_2/FOM_2:Gene	scrB	FOM_2_10:c391249-390011	FOM_2_01215
prokka_FOM_2/FOM_2:Gene	FOM_2_01216	FOM_2_10:c393183-391246	FOM_2_01216
prokka_FOM_2/FOM_2:Gene	FOM_2_01224	FOM_2_10:398718-399434	FOM_2_01224
prokka_FOM_2/FOM_2:Gene	FOM_2_01225	FOM_2_10:399431-399748	FOM_2_01225
prokka_FOM_2/FOM_2:Gene	FOM_2_01237	FOM_2_10:c407559-407152	FOM_2_01237
prokka_FOM_2/FOM_2:Gene	FOM_2_01238	FOM_2_10:c407882-407559	FOM_2_01238
prokka_FOM_2/FOM_2:Gene	rluD_1	FOM_2_10:c424349-423438	FOM_2_01257
prokka_FOM_2/FOM_2:Gene	nadK	FOM_2_10:c425164-424349	FOM_2_01258
prokka_FOM_2/FOM_2:Gene	walK	FOM_2_11:1699-3588	FOM_2_01276
prokka_FOM_2/FOM_2:Gene	FOM_2_01277	FOM_2_11:3581-4906	FOM_2_01277
prokka_FOM_2/FOM_2:Gene	FOM_2_01278	FOM_2_11:4906-5718	FOM_2_01278
prokka_FOM_2/FOM_2:Gene	FOM_2_01286	FOM_2_11:13020-13451	FOM_2_01286
prokka_FOM_2/FOM_2:Gene	FOM_2_01287	FOM_2_11:13448-14326	FOM_2_01287
prokka_FOM_2/FOM_2:Gene	dltA	FOM_2_11:24403-25944	FOM_2_01296
prokka_FOM_2/FOM_2:Gene	FOM_2_01297	FOM_2_11:25941-27167	FOM_2_01297
prokka_FOM_2/FOM_2:Gene	dltC	FOM_2_11:27189-27428	FOM_2_01298
prokka_FOM_2/FOM_2:Gene	dltD	FOM_2_11:27421-28674	FOM_2_01299
prokka_FOM_2/FOM_2:Gene	FOM_2_01301	FOM_2_11:29810-30949	FOM_2_01301
prokka_FOM_2/FOM_2:Gene	FOM_2_01302	FOM_2_11:30933-31781	FOM_2_01302
prokka_FOM_2/FOM_2:Gene	FOM_2_01307	FOM_2_12:217-1671	FOM_2_01307
prokka_FOM_2/FOM_2:Gene	FOM_2_01308	FOM_2_12:1658-2527	FOM_2_01308
prokka_FOM_2/FOM_2:Gene	FOM_2_01309	FOM_2_12:2527-3288	FOM_2_01309
prokka_FOM_2/FOM_2:Gene	nudG	FOM_2_12:5072-5473	FOM_2_01311
prokka_FOM_2/FOM_2:Gene	uvrB_2	FOM_2_12:5473-8358	FOM_2_01312
prokka_FOM_2/FOM_2:Gene	FOM_2_01321	FOM_2_12:14605-15822	FOM_2_01321
prokka_FOM_2/FOM_2:Gene	FOM_2_01322	FOM_2_12:15819-16814	FOM_2_01322
prokka_FOM_2/FOM_2:Gene	FOM_2_01331	FOM_2_12:23103-23270	FOM_2_01331
prokka_FOM_2/FOM_2:Gene	pcaB	FOM_2_12:23236-24447	FOM_2_01332
prokka_FOM_2/FOM_2:Gene	yxeM	FOM_2_12:24453-25232	FOM_2_01333
prokka_FOM_2/FOM_2:Gene	FOM_2_01334	FOM_2_12:25232-25369	FOM_2_01334
prokka_FOM_2/FOM_2:Gene	yxeN	FOM_2_12:25350-25898	FOM_2_01335
prokka_FOM_2/FOM_2:Gene	bglH_4	FOM_2_12:28854-30323	FOM_2_01338
prokka_FOM_2/FOM_2:Gene	licT	FOM_2_12:30292-31209	FOM_2_01339
prokka_FOM_2/FOM_2:Gene	FOM_2_01356	FOM_2_12:53124-53561	FOM_2_01356
prokka_FOM_2/FOM_2:Gene	nusB	FOM_2_12:53561-53983	FOM_2_01357
prokka_FOM_2/FOM_2:Gene	metAA	FOM_2_12:58890-59681	FOM_2_01363
prokka_FOM_2/FOM_2:Gene	metI	FOM_2_12:59674-60789	FOM_2_01364
prokka_FOM_2/FOM_2:Gene	FOM_2_01365	FOM_2_12:60786-62009	FOM_2_01365
prokka_FOM_2/FOM_2:Gene	gsiD	FOM_2_12:64841-65674	FOM_2_01368
prokka_FOM_2/FOM_2:Gene	oppD_2	FOM_2_12:65667-66557	FOM_2_01369
prokka_FOM_2/FOM_2:Gene	oppF_2	FOM_2_12:66547-67392	FOM_2_01370
prokka_FOM_2/FOM_2:Gene	potA	FOM_2_12:73480-74598	FOM_2_01376
prokka_FOM_2/FOM_2:Gene	potB	FOM_2_12:74588-75406	FOM_2_01377
prokka_FOM_2/FOM_2:Gene	ydcV	FOM_2_12:75399-76229	FOM_2_01378
prokka_FOM_2/FOM_2:Gene	potD	FOM_2_12:76229-77314	FOM_2_01379
prokka_FOM_2/FOM_2:Gene	FOM_2_01410	FOM_2_12:114189-114989	FOM_2_01410
prokka_FOM_2/FOM_2:Gene	ribZ_4	FOM_2_12:114986-116401	FOM_2_01411
prokka_FOM_2/FOM_2:Gene	mltF_2	FOM_2_12:116492-117937	FOM_2_01412
prokka_FOM_2/FOM_2:Gene	glnQ_4	FOM_2_12:117937-118674	FOM_2_01413
prokka_FOM_2/FOM_2:Gene	gdnD_2	FOM_2_12:c119029-118715	FOM_2_01414
prokka_FOM_2/FOM_2:Gene	FOM_2_01415	FOM_2_12:c119355-119029	FOM_2_01415
prokka_FOM_2/FOM_2:Gene	dacA_2	FOM_2_12:126576-127409	FOM_2_01424
prokka_FOM_2/FOM_2:Gene	FOM_2_01425	FOM_2_12:127409-128386	FOM_2_01425
prokka_FOM_2/FOM_2:Gene	nrnA	FOM_2_13:3207-4157	FOM_2_01430
prokka_FOM_2/FOM_2:Gene	cshB	FOM_2_13:4157-5515	FOM_2_01431
prokka_FOM_2/FOM_2:Gene	FOM_2_01438	FOM_2_13:11258-11935	FOM_2_01438
prokka_FOM_2/FOM_2:Gene	FOM_2_01439	FOM_2_13:11935-14199	FOM_2_01439
prokka_FOM_2/FOM_2:Gene	zapA	FOM_2_13:25246-25476	FOM_2_01451
prokka_FOM_2/FOM_2:Gene	FOM_2_01452	FOM_2_13:25476-26018	FOM_2_01452
prokka_FOM_2/FOM_2:Gene	FOM_2_01488	FOM_2_13:65296-65880	FOM_2_01488
prokka_FOM_2/FOM_2:Gene	FOM_2_01489	FOM_2_13:65877-66446	FOM_2_01489
prokka_FOM_2/FOM_2:Gene	FOM_2_01513	FOM_2_14:12748-13131	FOM_2_01513
prokka_FOM_2/FOM_2:Gene	rluD_2	FOM_2_14:13128-14042	FOM_2_01514
prokka_FOM_2/FOM_2:Gene	carA_4	FOM_2_14:14783-15868	FOM_2_01516
prokka_FOM_2/FOM_2:Gene	carB_3	FOM_2_14:15865-18333	FOM_2_01517
prokka_FOM_2/FOM_2:Gene	fabD	FOM_2_14:24687-25628	FOM_2_01526
prokka_FOM_2/FOM_2:Gene	fabG_2	FOM_2_14:25628-26350	FOM_2_01527
prokka_FOM_2/FOM_2:Gene	fabF	FOM_2_14:26438-27673	FOM_2_01528
prokka_FOM_2/FOM_2:Gene	accB_2	FOM_2_14:27673-28140	FOM_2_01529
prokka_FOM_2/FOM_2:Gene	accD_2	FOM_2_14:29975-30820	FOM_2_01532
prokka_FOM_2/FOM_2:Gene	accA_2	FOM_2_14:30820-31605	FOM_2_01533
prokka_FOM_2/FOM_2:Gene	FOM_2_01547	FOM_2_14:46404-47321	FOM_2_01547
prokka_FOM_2/FOM_2:Gene	FOM_2_01548	FOM_2_14:47314-48195	FOM_2_01548
prokka_FOM_2/FOM_2:Gene	kdsA	FOM_2_14:71092-72084	FOM_2_01573
prokka_FOM_2/FOM_2:Gene	aroB	FOM_2_14:72081-73142	FOM_2_01574
prokka_FOM_2/FOM_2:Gene	aroA1_2	FOM_2_14:74365-75663	FOM_2_01576
prokka_FOM_2/FOM_2:Gene	aroK_2	FOM_2_14:75660-76163	FOM_2_01577
prokka_FOM_2/FOM_2:Gene	FOM_2_01580	FOM_2_14:c78324-77656	FOM_2_01580
prokka_FOM_2/FOM_2:Gene	ykoD	FOM_2_14:c79729-78317	FOM_2_01581
prokka_FOM_2/FOM_2:Gene	gatC	FOM_2_14:93900-94211	FOM_2_01596
prokka_FOM_2/FOM_2:Gene	gatA	FOM_2_14:94211-95668	FOM_2_01597
prokka_FOM_2/FOM_2:Gene	gatB	FOM_2_14:95668-97113	FOM_2_01598
prokka_FOM_2/FOM_2:Gene	fpgS_2	FOM_2_14:101734-103032	FOM_2_01604
prokka_FOM_2/FOM_2:Gene	FOM_2_01605	FOM_2_14:103032-103640	FOM_2_01605
prokka_FOM_2/FOM_2:Gene	FOM_2_01609	FOM_2_14:107534-109279	FOM_2_01609
prokka_FOM_2/FOM_2:Gene	FOM_2_01610	FOM_2_14:109272-111104	FOM_2_01610
prokka_FOM_2/FOM_2:Gene	FOM_2_01615	FOM_2_14:115347-116540	FOM_2_01615
prokka_FOM_2/FOM_2:Gene	FOM_2_01616	FOM_2_14:116530-118854	FOM_2_01616
prokka_FOM_2/FOM_2:Gene	FOM_2_01623	FOM_2_14:127626-128888	FOM_2_01623
prokka_FOM_2/FOM_2:Gene	FOM_2_01624	FOM_2_14:128881-130167	FOM_2_01624
prokka_FOM_2/FOM_2:Gene	FOM_2_01649	FOM_2_14:153410-154579	FOM_2_01649
prokka_FOM_2/FOM_2:Gene	FOM_2_01650	FOM_2_14:154579-155205	FOM_2_01650
prokka_FOM_2/FOM_2:Gene	FOM_2_01651	FOM_2_14:155211-155810	FOM_2_01651
prokka_FOM_2/FOM_2:Gene	FOM_2_01652	FOM_2_14:155810-157177	FOM_2_01652
prokka_FOM_2/FOM_2:Gene	FOM_2_01653	FOM_2_14:157174-157884	FOM_2_01653
prokka_FOM_2/FOM_2:Gene	FOM_2_01654	FOM_2_14:157904-158689	FOM_2_01654
prokka_FOM_2/FOM_2:Gene	FOM_2_01655	FOM_2_14:158686-159057	FOM_2_01655
prokka_FOM_2/FOM_2:Gene	FOM_2_01660	FOM_2_14:162165-163514	FOM_2_01660
prokka_FOM_2/FOM_2:Gene	FOM_2_01661	FOM_2_14:163514-164488	FOM_2_01661
prokka_FOM_2/FOM_2:Gene	cydD	FOM_2_15:6239-7972	FOM_2_01687
prokka_FOM_2/FOM_2:Gene	FOM_2_01688	FOM_2_15:7965-9722	FOM_2_01688
prokka_FOM_2/FOM_2:Gene	FOM_2_01708	FOM_2_15:24508-25410	FOM_2_01708
prokka_FOM_2/FOM_2:Gene	cmpD	FOM_2_15:25403-26173	FOM_2_01709
prokka_FOM_2/FOM_2:Gene	clcA	FOM_2_15:26376-27914	FOM_2_01710
prokka_FOM_2/FOM_2:Gene	crcB_1	FOM_2_15:27914-28294	FOM_2_01711
prokka_FOM_2/FOM_2:Gene	crcB_2	FOM_2_15:28291-28653	FOM_2_01712
prokka_FOM_2/FOM_2:Gene	purE	FOM_2_15:41080-41568	FOM_2_01726
prokka_FOM_2/FOM_2:Gene	purK_2	FOM_2_15:41561-42679	FOM_2_01727
prokka_FOM_2/FOM_2:Gene	purC	FOM_2_15:42676-43401	FOM_2_01728
prokka_FOM_2/FOM_2:Gene	purQ	FOM_2_15:43663-44346	FOM_2_01730
prokka_FOM_2/FOM_2:Gene	purL	FOM_2_15:44343-46565	FOM_2_01731
prokka_FOM_2/FOM_2:Gene	purF	FOM_2_15:46550-48085	FOM_2_01732
prokka_FOM_2/FOM_2:Gene	purM	FOM_2_15:48097-49137	FOM_2_01733
prokka_FOM_2/FOM_2:Gene	purN	FOM_2_15:49128-49721	FOM_2_01734
prokka_FOM_2/FOM_2:Gene	purH	FOM_2_15:49718-51247	FOM_2_01735
prokka_FOM_2/FOM_2:Gene	purD	FOM_2_15:51259-52542	FOM_2_01736
prokka_FOM_2/FOM_2:Gene	fhs1	FOM_2_15:52526-54184	FOM_2_01737
prokka_FOM_2/FOM_2:Gene	FOM_2_01738	FOM_2_15:54306-54791	FOM_2_01738
prokka_FOM_2/FOM_2:Gene	FOM_2_01739	FOM_2_15:54775-54984	FOM_2_01739
prokka_FOM_2/FOM_2:Gene	npr_3	FOM_2_15:55497-56873	FOM_2_01741
prokka_FOM_2/FOM_2:Gene	FOM_2_01742	FOM_2_15:56870-57010	FOM_2_01742
prokka_FOM_2/FOM_2:Gene	prmA	FOM_2_15:62220-63176	FOM_2_01747
prokka_FOM_2/FOM_2:Gene	rsmE	FOM_2_15:63176-63922	FOM_2_01748
prokka_FOM_2/FOM_2:Gene	FOM_2_01766	FOM_2_15:82492-83157	FOM_2_01766
prokka_FOM_2/FOM_2:Gene	recD2_2	FOM_2_15:83141-85690	FOM_2_01767
prokka_FOM_2/FOM_2:Gene	comGA	FOM_2_15:88349-89278	FOM_2_01770
prokka_FOM_2/FOM_2:Gene	epsF	FOM_2_15:89241-90239	FOM_2_01771
prokka_FOM_2/FOM_2:Gene	FOM_2_01772	FOM_2_15:90233-90544	FOM_2_01772
prokka_FOM_2/FOM_2:Gene	FOM_2_01773	FOM_2_15:90534-90929	FOM_2_01773
prokka_FOM_2/FOM_2:Gene	FOM_2_01774	FOM_2_15:90913-91113	FOM_2_01774
prokka_FOM_2/FOM_2:Gene	FOM_2_01775	FOM_2_15:91086-91511	FOM_2_01775
prokka_FOM_2/FOM_2:Gene	FOM_2_01776	FOM_2_15:91508-91792	FOM_2_01776
prokka_FOM_2/FOM_2:Gene	fmt	FOM_2_15:96854-97816	FOM_2_01780
prokka_FOM_2/FOM_2:Gene	rsmB	FOM_2_15:97800-99173	FOM_2_01781
prokka_FOM_2/FOM_2:Gene	rpe	FOM_2_15:102882-103541	FOM_2_01785
prokka_FOM_2/FOM_2:Gene	thiN	FOM_2_15:103541-104206	FOM_2_01786
prokka_FOM_2/FOM_2:Gene	gtfA_2	FOM_2_15:124933-126294	FOM_2_01792
prokka_FOM_2/FOM_2:Gene	FOM_2_01793	FOM_2_15:126275-126886	FOM_2_01793
prokka_FOM_2/FOM_2:Gene	ftsY	FOM_2_15:135182-136384	FOM_2_01799
prokka_FOM_2/FOM_2:Gene	FOM_2_01800	FOM_2_15:136384-136725	FOM_2_01800
prokka_FOM_2/FOM_2:Gene	FOM_2_01808	FOM_2_15:c142204-141803	FOM_2_01808
prokka_FOM_2/FOM_2:Gene	FOM_2_01809	FOM_2_15:c142448-142164	FOM_2_01809
prokka_FOM_2/FOM_2:Gene	FOM_2_01821	FOM_2_15:148408-148695	FOM_2_01821
prokka_FOM_2/FOM_2:Gene	FOM_2_01822	FOM_2_15:148692-148889	FOM_2_01822
prokka_FOM_2/FOM_2:Gene	FOM_2_01823	FOM_2_15:148886-149074	FOM_2_01823
prokka_FOM_2/FOM_2:Gene	FOM_2_01824	FOM_2_15:149071-149289	FOM_2_01824
prokka_FOM_2/FOM_2:Gene	FOM_2_01825	FOM_2_15:149355-149498	FOM_2_01825
prokka_FOM_2/FOM_2:Gene	FOM_2_01826	FOM_2_15:149491-149589	FOM_2_01826

DiscRep_ALL:OVERLAPPING_CDS::4 coding regions overlap another coding region with a similar or identical name.
DiscRep_SUB:OVERLAPPING_CDS::4 coding regions overlap another coding region with a similar or identical name that do not have the appropriate note text
prokka_FOM_2/FOM_2:CDS	Phosphate-import permease protein PhnE	FOM_2_3:c2593-1799	FOM_2_00105
prokka_FOM_2/FOM_2:CDS	Phosphate-import permease protein PhnE	FOM_2_3:c3375-2593	FOM_2_00106
prokka_FOM_2/FOM_2:CDS	Putative fluoride ion transporter CrcB	FOM_2_15:27914-28294	FOM_2_01711
prokka_FOM_2/FOM_2:CDS	Putative fluoride ion transporter CrcB	FOM_2_15:28291-28653	FOM_2_01712

DiscRep_ALL:SUSPECT_PRODUCT_NAMES::5 product_names contain suspect phrase or characters
DiscRep_SUB:SUSPECT_PRODUCT_NAMES::May contain database identifier more appropriate in note; remove from product name
DiscRep_SUB:SUSPECT_PRODUCT_NAMES::2 features contains three or more numbers together that may be identifiers more appropriate in note
prokka_FOM_2/FOM_2:CDS	putative oxidoreductase/MSMEI_2347	FOM_2_8:233969-234817	FOM_2_00653
prokka_FOM_2/FOM_2:CDS	putative oxidoreductase/MSMEI_2347	FOM_2_9:c30818-29976	FOM_2_00734

DiscRep_SUB:SUSPECT_PRODUCT_NAMES::2 features Contains underscore
prokka_FOM_2/FOM_2:CDS	putative oxidoreductase/MSMEI_2347	FOM_2_8:233969-234817	FOM_2_00653
prokka_FOM_2/FOM_2:CDS	putative oxidoreductase/MSMEI_2347	FOM_2_9:c30818-29976	FOM_2_00734

DiscRep_SUB:SUSPECT_PRODUCT_NAMES::use protein instead of gene as appropriate
DiscRep_SUB:SUSPECT_PRODUCT_NAMES::1 features contains 'genes'
prokka_FOM_2/FOM_2:CDS	Hydrogen peroxide-inducible genes activator	FOM_2_10:c111966-111088	FOM_2_00931

DiscRep_ALL:DISC_QUALITY_SCORES::Quality scores are missing on all sequences.

DiscRep_ALL:DISC_BAD_BACTERIAL_GENE_NAME::3 bacterial genes do not start with lowercase letters
prokka_FOM_2/FOM_2:Gene	IMPDH_1	FOM_2_6:94841-95983	FOM_2_00384
prokka_FOM_2/FOM_2:Gene	IMPDH_2	FOM_2_6:95999-96868	FOM_2_00385
prokka_FOM_2/FOM_2:Gene	QRSL1	FOM_2_12:107664-109040	FOM_2_01405

DiscRep_ALL:ONCALLER_COMMENT_PRESENT::15 comment descriptors were found (all same)
prokka_FOM_2/FOM_2:Prokka:FOM_2_1:Annotated using prokka 1.14.6 from https://github.com/tseemann/prokka
prokka_FOM_2/FOM_2:Prokka:FOM_2_2:Annotated using prokka 1.14.6 from https://github.com/tseemann/prokka
prokka_FOM_2/FOM_2:Prokka:FOM_2_3:Annotated using prokka 1.14.6 from https://github.com/tseemann/prokka
prokka_FOM_2/FOM_2:Prokka:FOM_2_4:Annotated using prokka 1.14.6 from https://github.com/tseemann/prokka
prokka_FOM_2/FOM_2:Prokka:FOM_2_5:Annotated using prokka 1.14.6 from https://github.com/tseemann/prokka
prokka_FOM_2/FOM_2:Prokka:FOM_2_6:Annotated using prokka 1.14.6 from https://github.com/tseemann/prokka
prokka_FOM_2/FOM_2:Prokka:FOM_2_7:Annotated using prokka 1.14.6 from https://github.com/tseemann/prokka
prokka_FOM_2/FOM_2:Prokka:FOM_2_8:Annotated using prokka 1.14.6 from https://github.com/tseemann/prokka
prokka_FOM_2/FOM_2:Prokka:FOM_2_9:Annotated using prokka 1.14.6 from https://github.com/tseemann/prokka
prokka_FOM_2/FOM_2:Prokka:FOM_2_10:Annotated using prokka 1.14.6 from https://github.com/tseemann/prokka
prokka_FOM_2/FOM_2:Prokka:FOM_2_11:Annotated using prokka 1.14.6 from https://github.com/tseemann/prokka
prokka_FOM_2/FOM_2:Prokka:FOM_2_12:Annotated using prokka 1.14.6 from https://github.com/tseemann/prokka
prokka_FOM_2/FOM_2:Prokka:FOM_2_13:Annotated using prokka 1.14.6 from https://github.com/tseemann/prokka
prokka_FOM_2/FOM_2:Prokka:FOM_2_14:Annotated using prokka 1.14.6 from https://github.com/tseemann/prokka
prokka_FOM_2/FOM_2:Prokka:FOM_2_15:Annotated using prokka 1.14.6 from https://github.com/tseemann/prokka

DiscRep_ALL:SHORT_PROT_SEQUENCES::40 protein sequences are shorter than 50 aa.
prokka_FOM_2/FOM_2:Prokka:FOM_2_00077 (length 45)
prokka_FOM_2/FOM_2:Prokka:FOM_2_00082 (length 30)
prokka_FOM_2/FOM_2:Prokka:FOM_2_00160 (length 30)
prokka_FOM_2/FOM_2:Prokka:FOM_2_00187 (length 40)
prokka_FOM_2/FOM_2:Prokka:FOM_2_00257 (length 39)
prokka_FOM_2/FOM_2:Prokka:FOM_2_00295 (length 43)
prokka_FOM_2/FOM_2:Prokka:FOM_2_00377 (length 43)
prokka_FOM_2/FOM_2:Prokka:FOM_2_00393 (length 49)
prokka_FOM_2/FOM_2:Prokka:FOM_2_00437 (length 44)
prokka_FOM_2/FOM_2:Prokka:FOM_2_00534 (length 29)
prokka_FOM_2/FOM_2:Prokka:FOM_2_00575 (length 46)
prokka_FOM_2/FOM_2:Prokka:FOM_2_00664 (length 46)
prokka_FOM_2/FOM_2:Prokka:FOM_2_00667 (length 48)
prokka_FOM_2/FOM_2:Prokka:FOM_2_00756 (length 35)
prokka_FOM_2/FOM_2:Prokka:FOM_2_00875 (length 45)
prokka_FOM_2/FOM_2:Prokka:FOM_2_00943 (length 49)
prokka_FOM_2/FOM_2:Prokka:FOM_2_00953 (length 49)
prokka_FOM_2/FOM_2:Prokka:FOM_2_00960 (length 47)
prokka_FOM_2/FOM_2:Prokka:FOM_2_00999 (length 34)
prokka_FOM_2/FOM_2:Prokka:FOM_2_01004 (length 29)
prokka_FOM_2/FOM_2:Prokka:FOM_2_01005 (length 33)
prokka_FOM_2/FOM_2:Prokka:FOM_2_01075 (length 35)
prokka_FOM_2/FOM_2:Prokka:FOM_2_01088 (length 35)
prokka_FOM_2/FOM_2:Prokka:FOM_2_01113 (length 46)
prokka_FOM_2/FOM_2:Prokka:FOM_2_01115 (length 31)
prokka_FOM_2/FOM_2:Prokka:FOM_2_01150 (length 29)
prokka_FOM_2/FOM_2:Prokka:FOM_2_01195 (length 38)
prokka_FOM_2/FOM_2:Prokka:FOM_2_01196 (length 49)
prokka_FOM_2/FOM_2:Prokka:FOM_2_01226 (length 39)
prokka_FOM_2/FOM_2:Prokka:FOM_2_01252 (length 49)
prokka_FOM_2/FOM_2:Prokka:FOM_2_01295 (length 49)
prokka_FOM_2/FOM_2:Prokka:FOM_2_01334 (length 45)
prokka_FOM_2/FOM_2:Prokka:FOM_2_01641 (length 45)
prokka_FOM_2/FOM_2:Prokka:FOM_2_01643 (length 35)
prokka_FOM_2/FOM_2:Prokka:FOM_2_01691 (length 39)
prokka_FOM_2/FOM_2:Prokka:FOM_2_01742 (length 46)
prokka_FOM_2/FOM_2:Prokka:FOM_2_01802 (length 45)
prokka_FOM_2/FOM_2:Prokka:FOM_2_01817 (length 45)
prokka_FOM_2/FOM_2:Prokka:FOM_2_01825 (length 47)
prokka_FOM_2/FOM_2:Prokka:FOM_2_01826 (length 32)

DiscRep_ALL:MISSING_GENOMEASSEMBLY_COMMENTS::15 bioseqs are missing GenomeAssembly structured comments
prokka_FOM_2/FOM_2:Prokka:FOM_2_1 (length 18820)
prokka_FOM_2/FOM_2:Prokka:FOM_2_2 (length 95782)
prokka_FOM_2/FOM_2:Prokka:FOM_2_3 (length 24154)
prokka_FOM_2/FOM_2:Prokka:FOM_2_4 (length 89443)
prokka_FOM_2/FOM_2:Prokka:FOM_2_5 (length 77703)
prokka_FOM_2/FOM_2:Prokka:FOM_2_6 (length 101947)
prokka_FOM_2/FOM_2:Prokka:FOM_2_7 (length 27696)
prokka_FOM_2/FOM_2:Prokka:FOM_2_8 (length 291723)
prokka_FOM_2/FOM_2:Prokka:FOM_2_9 (length 129975)
prokka_FOM_2/FOM_2:Prokka:FOM_2_10 (length 432038)
prokka_FOM_2/FOM_2:Prokka:FOM_2_11 (length 38075)
prokka_FOM_2/FOM_2:Prokka:FOM_2_12 (length 128655)
prokka_FOM_2/FOM_2:Prokka:FOM_2_13 (length 90976)
prokka_FOM_2/FOM_2:Prokka:FOM_2_14 (length 187446)
prokka_FOM_2/FOM_2:Prokka:FOM_2_15 (length 149657)

DiscRep_ALL:MOLTYPE_NOT_MRNA::15 molecule types are not set as mRNA.
prokka_FOM_2/FOM_2:Prokka:FOM_2_1 (length 18820)
prokka_FOM_2/FOM_2:Prokka:FOM_2_2 (length 95782)
prokka_FOM_2/FOM_2:Prokka:FOM_2_3 (length 24154)
prokka_FOM_2/FOM_2:Prokka:FOM_2_4 (length 89443)
prokka_FOM_2/FOM_2:Prokka:FOM_2_5 (length 77703)
prokka_FOM_2/FOM_2:Prokka:FOM_2_6 (length 101947)
prokka_FOM_2/FOM_2:Prokka:FOM_2_7 (length 27696)
prokka_FOM_2/FOM_2:Prokka:FOM_2_8 (length 291723)
prokka_FOM_2/FOM_2:Prokka:FOM_2_9 (length 129975)
prokka_FOM_2/FOM_2:Prokka:FOM_2_10 (length 432038)
prokka_FOM_2/FOM_2:Prokka:FOM_2_11 (length 38075)
prokka_FOM_2/FOM_2:Prokka:FOM_2_12 (length 128655)
prokka_FOM_2/FOM_2:Prokka:FOM_2_13 (length 90976)
prokka_FOM_2/FOM_2:Prokka:FOM_2_14 (length 187446)
prokka_FOM_2/FOM_2:Prokka:FOM_2_15 (length 149657)

DiscRep_ALL:TECHNIQUE_NOT_TSA::15 technique are not set as TSA
prokka_FOM_2/FOM_2:Prokka:FOM_2_1 (length 18820)
prokka_FOM_2/FOM_2:Prokka:FOM_2_2 (length 95782)
prokka_FOM_2/FOM_2:Prokka:FOM_2_3 (length 24154)
prokka_FOM_2/FOM_2:Prokka:FOM_2_4 (length 89443)
prokka_FOM_2/FOM_2:Prokka:FOM_2_5 (length 77703)
prokka_FOM_2/FOM_2:Prokka:FOM_2_6 (length 101947)
prokka_FOM_2/FOM_2:Prokka:FOM_2_7 (length 27696)
prokka_FOM_2/FOM_2:Prokka:FOM_2_8 (length 291723)
prokka_FOM_2/FOM_2:Prokka:FOM_2_9 (length 129975)
prokka_FOM_2/FOM_2:Prokka:FOM_2_10 (length 432038)
prokka_FOM_2/FOM_2:Prokka:FOM_2_11 (length 38075)
prokka_FOM_2/FOM_2:Prokka:FOM_2_12 (length 128655)
prokka_FOM_2/FOM_2:Prokka:FOM_2_13 (length 90976)
prokka_FOM_2/FOM_2:Prokka:FOM_2_14 (length 187446)
prokka_FOM_2/FOM_2:Prokka:FOM_2_15 (length 149657)

DiscRep_ALL:MISSING_STRUCTURED_COMMENT::15 sequences do not include structured comments.
prokka_FOM_2/FOM_2:Prokka:FOM_2_1 (length 18820)
prokka_FOM_2/FOM_2:Prokka:FOM_2_2 (length 95782)
prokka_FOM_2/FOM_2:Prokka:FOM_2_3 (length 24154)
prokka_FOM_2/FOM_2:Prokka:FOM_2_4 (length 89443)
prokka_FOM_2/FOM_2:Prokka:FOM_2_5 (length 77703)
prokka_FOM_2/FOM_2:Prokka:FOM_2_6 (length 101947)
prokka_FOM_2/FOM_2:Prokka:FOM_2_7 (length 27696)
prokka_FOM_2/FOM_2:Prokka:FOM_2_8 (length 291723)
prokka_FOM_2/FOM_2:Prokka:FOM_2_9 (length 129975)
prokka_FOM_2/FOM_2:Prokka:FOM_2_10 (length 432038)
prokka_FOM_2/FOM_2:Prokka:FOM_2_11 (length 38075)
prokka_FOM_2/FOM_2:Prokka:FOM_2_12 (length 128655)
prokka_FOM_2/FOM_2:Prokka:FOM_2_13 (length 90976)
prokka_FOM_2/FOM_2:Prokka:FOM_2_14 (length 187446)
prokka_FOM_2/FOM_2:Prokka:FOM_2_15 (length 149657)

DiscRep_ALL:MISSING_PROJECT::1800 sequences do not include project.
prokka_FOM_2/FOM_2:Prokka:FOM_2_1 (length 18820)
prokka_FOM_2/FOM_2:Prokka:FOM_2_00001 (length 73)
prokka_FOM_2/FOM_2:Prokka:FOM_2_00002 (length 104)
prokka_FOM_2/FOM_2:Prokka:FOM_2_00003 (length 616)
prokka_FOM_2/FOM_2:Prokka:FOM_2_00004 (length 98)
prokka_FOM_2/FOM_2:Prokka:FOM_2_00005 (length 301)
prokka_FOM_2/FOM_2:Prokka:FOM_2_00006 (length 429)
prokka_FOM_2/FOM_2:Prokka:FOM_2_00007 (length 360)
prokka_FOM_2/FOM_2:Prokka:FOM_2_00008 (length 1059)
prokka_FOM_2/FOM_2:Prokka:FOM_2_00009 (length 319)
prokka_FOM_2/FOM_2:Prokka:FOM_2_00010 (length 238)
prokka_FOM_2/FOM_2:Prokka:FOM_2_00011 (length 212)
prokka_FOM_2/FOM_2:Prokka:FOM_2_00012 (length 415)
prokka_FOM_2/FOM_2:Prokka:FOM_2_00013 (length 342)
prokka_FOM_2/FOM_2:Prokka:FOM_2_00014 (length 339)
prokka_FOM_2/FOM_2:Prokka:FOM_2_00015 (length 84)
prokka_FOM_2/FOM_2:Prokka:FOM_2_00016 (length 734)
prokka_FOM_2/FOM_2:Prokka:FOM_2_2 (length 95782)
prokka_FOM_2/FOM_2:Prokka:FOM_2_00022 (length 462)
prokka_FOM_2/FOM_2:Prokka:FOM_2_00023 (length 152)
prokka_FOM_2/FOM_2:Prokka:FOM_2_00024 (length 84)
prokka_FOM_2/FOM_2:Prokka:FOM_2_00025 (length 317)
prokka_FOM_2/FOM_2:Prokka:FOM_2_00026 (length 454)
prokka_FOM_2/FOM_2:Prokka:FOM_2_00027 (length 297)
prokka_FOM_2/FOM_2:Prokka:FOM_2_00028 (length 75)
prokka_FOM_2/FOM_2:Prokka:FOM_2_00029 (length 334)
prokka_FOM_2/FOM_2:Prokka:FOM_2_00030 (length 161)
prokka_FOM_2/FOM_2:Prokka:FOM_2_00031 (length 220)
prokka_FOM_2/FOM_2:Prokka:FOM_2_00032 (length 446)
prokka_FOM_2/FOM_2:Prokka:FOM_2_00033 (length 246)
prokka_FOM_2/FOM_2:Prokka:FOM_2_00034 (length 283)
prokka_FOM_2/FOM_2:Prokka:FOM_2_00035 (length 340)
prokka_FOM_2/FOM_2:Prokka:FOM_2_00036 (length 298)
prokka_FOM_2/FOM_2:Prokka:FOM_2_00037 (length 271)
prokka_FOM_2/FOM_2:Prokka:FOM_2_00038 (length 426)
prokka_FOM_2/FOM_2:Prokka:FOM_2_00039 (length 398)
prokka_FOM_2/FOM_2:Prokka:FOM_2_00040 (length 693)
prokka_FOM_2/FOM_2:Prokka:FOM_2_00041 (length 219)
prokka_FOM_2/FOM_2:Prokka:FOM_2_00042 (length 846)
prokka_FOM_2/FOM_2:Prokka:FOM_2_00043 (length 276)
prokka_FOM_2/FOM_2:Prokka:FOM_2_00044 (length 465)
prokka_FOM_2/FOM_2:Prokka:FOM_2_00045 (length 705)
prokka_FOM_2/FOM_2:Prokka:FOM_2_00046 (length 282)
prokka_FOM_2/FOM_2:Prokka:FOM_2_00047 (length 104)
prokka_FOM_2/FOM_2:Prokka:FOM_2_00048 (length 65)
prokka_FOM_2/FOM_2:Prokka:FOM_2_00049 (length 174)
prokka_FOM_2/FOM_2:Prokka:FOM_2_00050 (length 220)
prokka_FOM_2/FOM_2:Prokka:FOM_2_00051 (length 466)
prokka_FOM_2/FOM_2:Prokka:FOM_2_00052 (length 207)
prokka_FOM_2/FOM_2:Prokka:FOM_2_00053 (length 374)
prokka_FOM_2/FOM_2:Prokka:FOM_2_00054 (length 92)
prokka_FOM_2/FOM_2:Prokka:FOM_2_00055 (length 260)
prokka_FOM_2/FOM_2:Prokka:FOM_2_00056 (length 569)
prokka_FOM_2/FOM_2:Prokka:FOM_2_00057 (length 397)
prokka_FOM_2/FOM_2:Prokka:FOM_2_00058 (length 188)
prokka_FOM_2/FOM_2:Prokka:FOM_2_00059 (length 95)
prokka_FOM_2/FOM_2:Prokka:FOM_2_00060 (length 178)
prokka_FOM_2/FOM_2:Prokka:FOM_2_00061 (length 592)
prokka_FOM_2/FOM_2:Prokka:FOM_2_00062 (length 50)
prokka_FOM_2/FOM_2:Prokka:FOM_2_00063 (length 373)
prokka_FOM_2/FOM_2:Prokka:FOM_2_00064 (length 407)
prokka_FOM_2/FOM_2:Prokka:FOM_2_00065 (length 182)
prokka_FOM_2/FOM_2:Prokka:FOM_2_00066 (length 273)
prokka_FOM_2/FOM_2:Prokka:FOM_2_00067 (length 106)
prokka_FOM_2/FOM_2:Prokka:FOM_2_00068 (length 459)
prokka_FOM_2/FOM_2:Prokka:FOM_2_00069 (length 170)
prokka_FOM_2/FOM_2:Prokka:FOM_2_00070 (length 230)
prokka_FOM_2/FOM_2:Prokka:FOM_2_00071 (length 804)
prokka_FOM_2/FOM_2:Prokka:FOM_2_00072 (length 355)
prokka_FOM_2/FOM_2:Prokka:FOM_2_00074 (length 712)
prokka_FOM_2/FOM_2:Prokka:FOM_2_00075 (length 420)
prokka_FOM_2/FOM_2:Prokka:FOM_2_00076 (length 316)
prokka_FOM_2/FOM_2:Prokka:FOM_2_00077 (length 45)
prokka_FOM_2/FOM_2:Prokka:FOM_2_00078 (length 379)
prokka_FOM_2/FOM_2:Prokka:FOM_2_00079 (length 386)
prokka_FOM_2/FOM_2:Prokka:FOM_2_00080 (length 102)
prokka_FOM_2/FOM_2:Prokka:FOM_2_00081 (length 475)
prokka_FOM_2/FOM_2:Prokka:FOM_2_00082 (length 30)
prokka_FOM_2/FOM_2:Prokka:FOM_2_00083 (length 443)
prokka_FOM_2/FOM_2:Prokka:FOM_2_00084 (length 467)
prokka_FOM_2/FOM_2:Prokka:FOM_2_00085 (length 485)
prokka_FOM_2/FOM_2:Prokka:FOM_2_00086 (length 119)
prokka_FOM_2/FOM_2:Prokka:FOM_2_00087 (length 1182)
prokka_FOM_2/FOM_2:Prokka:FOM_2_00088 (length 1261)
prokka_FOM_2/FOM_2:Prokka:FOM_2_00089 (length 348)
prokka_FOM_2/FOM_2:Prokka:FOM_2_00090 (length 406)
prokka_FOM_2/FOM_2:Prokka:FOM_2_00091 (length 504)
prokka_FOM_2/FOM_2:Prokka:FOM_2_00092 (length 487)
prokka_FOM_2/FOM_2:Prokka:FOM_2_00093 (length 157)
prokka_FOM_2/FOM_2:Prokka:FOM_2_00094 (length 284)
prokka_FOM_2/FOM_2:Prokka:FOM_2_00095 (length 479)
prokka_FOM_2/FOM_2:Prokka:FOM_2_00096 (length 328)
prokka_FOM_2/FOM_2:Prokka:FOM_2_00097 (length 315)
prokka_FOM_2/FOM_2:Prokka:FOM_2_00098 (length 938)
prokka_FOM_2/FOM_2:Prokka:FOM_2_00099 (length 99)
prokka_FOM_2/FOM_2:Prokka:FOM_2_00100 (length 183)
prokka_FOM_2/FOM_2:Prokka:FOM_2_00101 (length 80)
prokka_FOM_2/FOM_2:Prokka:FOM_2_00102 (length 160)
prokka_FOM_2/FOM_2:Prokka:FOM_2_3 (length 24154)
prokka_FOM_2/FOM_2:Prokka:FOM_2_00104 (length 519)
prokka_FOM_2/FOM_2:Prokka:FOM_2_00105 (length 264)
prokka_FOM_2/FOM_2:Prokka:FOM_2_00106 (length 260)
prokka_FOM_2/FOM_2:Prokka:FOM_2_00107 (length 255)
prokka_FOM_2/FOM_2:Prokka:FOM_2_00108 (length 310)
prokka_FOM_2/FOM_2:Prokka:FOM_2_00109 (length 169)
prokka_FOM_2/FOM_2:Prokka:FOM_2_00110 (length 300)
prokka_FOM_2/FOM_2:Prokka:FOM_2_00111 (length 266)
prokka_FOM_2/FOM_2:Prokka:FOM_2_00112 (length 367)
prokka_FOM_2/FOM_2:Prokka:FOM_2_00113 (length 440)
prokka_FOM_2/FOM_2:Prokka:FOM_2_00114 (length 318)
prokka_FOM_2/FOM_2:Prokka:FOM_2_00115 (length 161)
prokka_FOM_2/FOM_2:Prokka:FOM_2_00116 (length 77)
prokka_FOM_2/FOM_2:Prokka:FOM_2_00117 (length 454)
prokka_FOM_2/FOM_2:Prokka:FOM_2_00118 (length 456)
prokka_FOM_2/FOM_2:Prokka:FOM_2_00119 (length 298)
prokka_FOM_2/FOM_2:Prokka:FOM_2_00120 (length 186)
prokka_FOM_2/FOM_2:Prokka:FOM_2_00121 (length 268)
prokka_FOM_2/FOM_2:Prokka:FOM_2_00122 (length 717)
prokka_FOM_2/FOM_2:Prokka:FOM_2_00123 (length 664)
prokka_FOM_2/FOM_2:Prokka:FOM_2_00124 (length 138)
prokka_FOM_2/FOM_2:Prokka:FOM_2_00125 (length 109)
prokka_FOM_2/FOM_2:Prokka:FOM_2_00126 (length 75)
prokka_FOM_2/FOM_2:Prokka:FOM_2_4 (length 89443)
prokka_FOM_2/FOM_2:Prokka:FOM_2_00127 (length 219)
prokka_FOM_2/FOM_2:Prokka:FOM_2_00128 (length 713)
prokka_FOM_2/FOM_2:Prokka:FOM_2_00129 (length 103)
prokka_FOM_2/FOM_2:Prokka:FOM_2_00130 (length 100)
prokka_FOM_2/FOM_2:Prokka:FOM_2_00132 (length 175)
prokka_FOM_2/FOM_2:Prokka:FOM_2_00133 (length 343)
prokka_FOM_2/FOM_2:Prokka:FOM_2_00134 (length 290)
prokka_FOM_2/FOM_2:Prokka:FOM_2_00135 (length 448)
prokka_FOM_2/FOM_2:Prokka:FOM_2_00136 (length 116)
prokka_FOM_2/FOM_2:Prokka:FOM_2_00137 (length 307)
prokka_FOM_2/FOM_2:Prokka:FOM_2_00138 (length 203)
prokka_FOM_2/FOM_2:Prokka:FOM_2_00139 (length 60)
prokka_FOM_2/FOM_2:Prokka:FOM_2_00140 (length 128)
prokka_FOM_2/FOM_2:Prokka:FOM_2_00141 (length 276)
prokka_FOM_2/FOM_2:Prokka:FOM_2_00142 (length 282)
prokka_FOM_2/FOM_2:Prokka:FOM_2_00143 (length 303)
prokka_FOM_2/FOM_2:Prokka:FOM_2_00144 (length 115)
prokka_FOM_2/FOM_2:Prokka:FOM_2_00145 (length 325)
prokka_FOM_2/FOM_2:Prokka:FOM_2_00146 (length 68)
prokka_FOM_2/FOM_2:Prokka:FOM_2_00147 (length 233)
prokka_FOM_2/FOM_2:Prokka:FOM_2_00148 (length 183)
prokka_FOM_2/FOM_2:Prokka:FOM_2_00149 (length 683)
prokka_FOM_2/FOM_2:Prokka:FOM_2_00150 (length 882)
prokka_FOM_2/FOM_2:Prokka:FOM_2_00151 (length 161)
prokka_FOM_2/FOM_2:Prokka:FOM_2_00152 (length 609)
prokka_FOM_2/FOM_2:Prokka:FOM_2_00153 (length 403)
prokka_FOM_2/FOM_2:Prokka:FOM_2_00154 (length 807)
prokka_FOM_2/FOM_2:Prokka:FOM_2_00155 (length 346)
prokka_FOM_2/FOM_2:Prokka:FOM_2_00156 (length 109)
prokka_FOM_2/FOM_2:Prokka:FOM_2_00157 (length 159)
prokka_FOM_2/FOM_2:Prokka:FOM_2_00158 (length 256)
prokka_FOM_2/FOM_2:Prokka:FOM_2_00159 (length 338)
prokka_FOM_2/FOM_2:Prokka:FOM_2_00160 (length 30)
prokka_FOM_2/FOM_2:Prokka:FOM_2_00161 (length 172)
prokka_FOM_2/FOM_2:Prokka:FOM_2_00162 (length 371)
prokka_FOM_2/FOM_2:Prokka:FOM_2_00163 (length 788)
prokka_FOM_2/FOM_2:Prokka:FOM_2_00164 (length 498)
prokka_FOM_2/FOM_2:Prokka:FOM_2_00165 (length 367)
prokka_FOM_2/FOM_2:Prokka:FOM_2_00166 (length 457)
prokka_FOM_2/FOM_2:Prokka:FOM_2_00167 (length 180)
prokka_FOM_2/FOM_2:Prokka:FOM_2_00168 (length 92)
prokka_FOM_2/FOM_2:Prokka:FOM_2_00169 (length 180)
prokka_FOM_2/FOM_2:Prokka:FOM_2_00170 (length 295)
prokka_FOM_2/FOM_2:Prokka:FOM_2_00171 (length 335)
prokka_FOM_2/FOM_2:Prokka:FOM_2_00172 (length 239)
prokka_FOM_2/FOM_2:Prokka:FOM_2_00173 (length 562)
prokka_FOM_2/FOM_2:Prokka:FOM_2_00174 (length 317)
prokka_FOM_2/FOM_2:Prokka:FOM_2_00176 (length 152)
prokka_FOM_2/FOM_2:Prokka:FOM_2_00177 (length 145)
prokka_FOM_2/FOM_2:Prokka:FOM_2_00178 (length 456)
prokka_FOM_2/FOM_2:Prokka:FOM_2_00179 (length 57)
prokka_FOM_2/FOM_2:Prokka:FOM_2_00180 (length 115)
prokka_FOM_2/FOM_2:Prokka:FOM_2_00181 (length 380)
prokka_FOM_2/FOM_2:Prokka:FOM_2_00182 (length 331)
prokka_FOM_2/FOM_2:Prokka:FOM_2_00183 (length 197)
prokka_FOM_2/FOM_2:Prokka:FOM_2_00184 (length 318)
prokka_FOM_2/FOM_2:Prokka:FOM_2_00185 (length 334)
prokka_FOM_2/FOM_2:Prokka:FOM_2_00186 (length 297)
prokka_FOM_2/FOM_2:Prokka:FOM_2_00187 (length 40)
prokka_FOM_2/FOM_2:Prokka:FOM_2_00188 (length 951)
prokka_FOM_2/FOM_2:Prokka:FOM_2_00189 (length 466)
prokka_FOM_2/FOM_2:Prokka:FOM_2_00190 (length 97)
prokka_FOM_2/FOM_2:Prokka:FOM_2_00191 (length 200)
prokka_FOM_2/FOM_2:Prokka:FOM_2_00192 (length 395)
prokka_FOM_2/FOM_2:Prokka:FOM_2_00193 (length 560)
prokka_FOM_2/FOM_2:Prokka:FOM_2_00194 (length 280)
prokka_FOM_2/FOM_2:Prokka:FOM_2_00195 (length 833)
prokka_FOM_2/FOM_2:Prokka:FOM_2_00196 (length 190)
prokka_FOM_2/FOM_2:Prokka:FOM_2_00197 (length 52)
prokka_FOM_2/FOM_2:Prokka:FOM_2_00198 (length 190)
prokka_FOM_2/FOM_2:Prokka:FOM_2_00199 (length 606)
prokka_FOM_2/FOM_2:Prokka:FOM_2_00200 (length 383)
prokka_FOM_2/FOM_2:Prokka:FOM_2_00201 (length 160)
prokka_FOM_2/FOM_2:Prokka:FOM_2_00202 (length 252)
prokka_FOM_2/FOM_2:Prokka:FOM_2_00203 (length 105)
prokka_FOM_2/FOM_2:Prokka:FOM_2_00204 (length 130)
prokka_FOM_2/FOM_2:Prokka:FOM_2_00205 (length 147)
prokka_FOM_2/FOM_2:Prokka:FOM_2_00206 (length 261)
prokka_FOM_2/FOM_2:Prokka:FOM_2_00207 (length 266)
prokka_FOM_2/FOM_2:Prokka:FOM_2_00208 (length 285)
prokka_FOM_2/FOM_2:Prokka:FOM_2_00209 (length 273)
prokka_FOM_2/FOM_2:Prokka:FOM_2_00210 (length 556)
prokka_FOM_2/FOM_2:Prokka:FOM_2_00211 (length 332)
prokka_FOM_2/FOM_2:Prokka:FOM_2_00212 (length 127)
prokka_FOM_2/FOM_2:Prokka:FOM_2_5 (length 77703)
prokka_FOM_2/FOM_2:Prokka:FOM_2_00213 (length 504)
prokka_FOM_2/FOM_2:Prokka:FOM_2_00214 (length 494)
prokka_FOM_2/FOM_2:Prokka:FOM_2_00215 (length 216)
prokka_FOM_2/FOM_2:Prokka:FOM_2_00216 (length 516)
prokka_FOM_2/FOM_2:Prokka:FOM_2_00217 (length 405)
prokka_FOM_2/FOM_2:Prokka:FOM_2_00218 (length 337)
prokka_FOM_2/FOM_2:Prokka:FOM_2_00219 (length 134)
prokka_FOM_2/FOM_2:Prokka:FOM_2_00220 (length 503)
prokka_FOM_2/FOM_2:Prokka:FOM_2_00221 (length 580)
prokka_FOM_2/FOM_2:Prokka:FOM_2_00222 (length 337)
prokka_FOM_2/FOM_2:Prokka:FOM_2_00226 (length 526)
prokka_FOM_2/FOM_2:Prokka:FOM_2_00227 (length 520)
prokka_FOM_2/FOM_2:Prokka:FOM_2_00228 (length 412)
prokka_FOM_2/FOM_2:Prokka:FOM_2_00229 (length 348)
prokka_FOM_2/FOM_2:Prokka:FOM_2_00230 (length 477)
prokka_FOM_2/FOM_2:Prokka:FOM_2_00231 (length 314)
prokka_FOM_2/FOM_2:Prokka:FOM_2_00232 (length 233)
prokka_FOM_2/FOM_2:Prokka:FOM_2_00233 (length 52)
prokka_FOM_2/FOM_2:Prokka:FOM_2_00234 (length 120)
prokka_FOM_2/FOM_2:Prokka:FOM_2_00235 (length 250)
prokka_FOM_2/FOM_2:Prokka:FOM_2_00236 (length 592)
prokka_FOM_2/FOM_2:Prokka:FOM_2_00237 (length 381)
prokka_FOM_2/FOM_2:Prokka:FOM_2_00238 (length 182)
prokka_FOM_2/FOM_2:Prokka:FOM_2_00239 (length 114)
prokka_FOM_2/FOM_2:Prokka:FOM_2_00240 (length 88)
prokka_FOM_2/FOM_2:Prokka:FOM_2_00241 (length 188)
prokka_FOM_2/FOM_2:Prokka:FOM_2_00242 (length 310)
prokka_FOM_2/FOM_2:Prokka:FOM_2_00243 (length 440)
prokka_FOM_2/FOM_2:Prokka:FOM_2_00244 (length 754)
prokka_FOM_2/FOM_2:Prokka:FOM_2_00245 (length 223)
prokka_FOM_2/FOM_2:Prokka:FOM_2_00246 (length 223)
prokka_FOM_2/FOM_2:Prokka:FOM_2_00247 (length 516)
prokka_FOM_2/FOM_2:Prokka:FOM_2_00248 (length 552)
prokka_FOM_2/FOM_2:Prokka:FOM_2_00249 (length 373)
prokka_FOM_2/FOM_2:Prokka:FOM_2_00250 (length 430)
prokka_FOM_2/FOM_2:Prokka:FOM_2_00251 (length 216)
prokka_FOM_2/FOM_2:Prokka:FOM_2_00252 (length 318)
prokka_FOM_2/FOM_2:Prokka:FOM_2_00253 (length 299)
prokka_FOM_2/FOM_2:Prokka:FOM_2_00254 (length 623)
prokka_FOM_2/FOM_2:Prokka:FOM_2_00255 (length 155)
prokka_FOM_2/FOM_2:Prokka:FOM_2_00256 (length 269)
prokka_FOM_2/FOM_2:Prokka:FOM_2_00257 (length 39)
prokka_FOM_2/FOM_2:Prokka:FOM_2_00258 (length 58)
prokka_FOM_2/FOM_2:Prokka:FOM_2_00259 (length 82)
prokka_FOM_2/FOM_2:Prokka:FOM_2_00260 (length 120)
prokka_FOM_2/FOM_2:Prokka:FOM_2_00261 (length 165)
prokka_FOM_2/FOM_2:Prokka:FOM_2_00262 (length 181)
prokka_FOM_2/FOM_2:Prokka:FOM_2_00263 (length 415)
prokka_FOM_2/FOM_2:Prokka:FOM_2_00264 (length 277)
prokka_FOM_2/FOM_2:Prokka:FOM_2_00265 (length 262)
prokka_FOM_2/FOM_2:Prokka:FOM_2_00266 (length 237)
prokka_FOM_2/FOM_2:Prokka:FOM_2_00267 (length 322)
prokka_FOM_2/FOM_2:Prokka:FOM_2_00268 (length 502)
prokka_FOM_2/FOM_2:Prokka:FOM_2_00269 (length 385)
prokka_FOM_2/FOM_2:Prokka:FOM_2_00270 (length 417)
prokka_FOM_2/FOM_2:Prokka:FOM_2_00271 (length 112)
prokka_FOM_2/FOM_2:Prokka:FOM_2_00272 (length 348)
prokka_FOM_2/FOM_2:Prokka:FOM_2_00273 (length 150)
prokka_FOM_2/FOM_2:Prokka:FOM_2_00274 (length 249)
prokka_FOM_2/FOM_2:Prokka:FOM_2_00275 (length 56)
prokka_FOM_2/FOM_2:Prokka:FOM_2_00276 (length 327)
prokka_FOM_2/FOM_2:Prokka:FOM_2_00277 (length 248)
prokka_FOM_2/FOM_2:Prokka:FOM_2_00278 (length 428)
prokka_FOM_2/FOM_2:Prokka:FOM_2_00279 (length 321)
prokka_FOM_2/FOM_2:Prokka:FOM_2_00280 (length 206)
prokka_FOM_2/FOM_2:Prokka:FOM_2_00281 (length 180)
prokka_FOM_2/FOM_2:Prokka:FOM_2_00282 (length 53)
prokka_FOM_2/FOM_2:Prokka:FOM_2_00283 (length 60)
prokka_FOM_2/FOM_2:Prokka:FOM_2_00284 (length 330)
prokka_FOM_2/FOM_2:Prokka:FOM_2_00285 (length 131)
prokka_FOM_2/FOM_2:Prokka:FOM_2_00286 (length 450)
prokka_FOM_2/FOM_2:Prokka:FOM_2_00287 (length 312)
prokka_FOM_2/FOM_2:Prokka:FOM_2_00288 (length 230)
prokka_FOM_2/FOM_2:Prokka:FOM_2_00289 (length 234)
prokka_FOM_2/FOM_2:Prokka:FOM_2_00290 (length 470)
prokka_FOM_2/FOM_2:Prokka:FOM_2_00291 (length 68)
prokka_FOM_2/FOM_2:Prokka:FOM_2_6 (length 101947)
prokka_FOM_2/FOM_2:Prokka:FOM_2_00292 (length 127)
prokka_FOM_2/FOM_2:Prokka:FOM_2_00293 (length 318)
prokka_FOM_2/FOM_2:Prokka:FOM_2_00294 (length 267)
prokka_FOM_2/FOM_2:Prokka:FOM_2_00295 (length 43)
prokka_FOM_2/FOM_2:Prokka:FOM_2_00296 (length 222)
prokka_FOM_2/FOM_2:Prokka:FOM_2_00297 (length 167)
prokka_FOM_2/FOM_2:Prokka:FOM_2_00298 (length 246)
prokka_FOM_2/FOM_2:Prokka:FOM_2_00299 (length 118)
prokka_FOM_2/FOM_2:Prokka:FOM_2_00300 (length 428)
prokka_FOM_2/FOM_2:Prokka:FOM_2_00301 (length 318)
prokka_FOM_2/FOM_2:Prokka:FOM_2_00302 (length 61)
prokka_FOM_2/FOM_2:Prokka:FOM_2_00303 (length 501)
prokka_FOM_2/FOM_2:Prokka:FOM_2_00304 (length 482)
prokka_FOM_2/FOM_2:Prokka:FOM_2_00305 (length 214)
prokka_FOM_2/FOM_2:Prokka:FOM_2_00306 (length 131)
prokka_FOM_2/FOM_2:Prokka:FOM_2_00307 (length 279)
prokka_FOM_2/FOM_2:Prokka:FOM_2_00308 (length 64)
prokka_FOM_2/FOM_2:Prokka:FOM_2_00309 (length 241)
prokka_FOM_2/FOM_2:Prokka:FOM_2_00310 (length 139)
prokka_FOM_2/FOM_2:Prokka:FOM_2_00311 (length 135)
prokka_FOM_2/FOM_2:Prokka:FOM_2_00312 (length 170)
prokka_FOM_2/FOM_2:Prokka:FOM_2_00314 (length 505)
prokka_FOM_2/FOM_2:Prokka:FOM_2_00315 (length 243)
prokka_FOM_2/FOM_2:Prokka:FOM_2_00316 (length 370)
prokka_FOM_2/FOM_2:Prokka:FOM_2_00317 (length 655)
prokka_FOM_2/FOM_2:Prokka:FOM_2_00318 (length 274)
prokka_FOM_2/FOM_2:Prokka:FOM_2_00319 (length 256)
prokka_FOM_2/FOM_2:Prokka:FOM_2_00320 (length 370)
prokka_FOM_2/FOM_2:Prokka:FOM_2_00321 (length 132)
prokka_FOM_2/FOM_2:Prokka:FOM_2_00322 (length 249)
prokka_FOM_2/FOM_2:Prokka:FOM_2_00323 (length 485)
prokka_FOM_2/FOM_2:Prokka:FOM_2_00324 (length 105)
prokka_FOM_2/FOM_2:Prokka:FOM_2_00325 (length 107)
prokka_FOM_2/FOM_2:Prokka:FOM_2_00326 (length 483)
prokka_FOM_2/FOM_2:Prokka:FOM_2_00327 (length 454)
prokka_FOM_2/FOM_2:Prokka:FOM_2_00328 (length 344)
prokka_FOM_2/FOM_2:Prokka:FOM_2_00329 (length 604)
prokka_FOM_2/FOM_2:Prokka:FOM_2_00330 (length 239)
prokka_FOM_2/FOM_2:Prokka:FOM_2_00331 (length 129)
prokka_FOM_2/FOM_2:Prokka:FOM_2_00332 (length 190)
prokka_FOM_2/FOM_2:Prokka:FOM_2_00333 (length 333)
prokka_FOM_2/FOM_2:Prokka:FOM_2_00334 (length 366)
prokka_FOM_2/FOM_2:Prokka:FOM_2_00335 (length 131)
prokka_FOM_2/FOM_2:Prokka:FOM_2_00336 (length 394)
prokka_FOM_2/FOM_2:Prokka:FOM_2_00338 (length 204)
prokka_FOM_2/FOM_2:Prokka:FOM_2_00343 (length 495)
prokka_FOM_2/FOM_2:Prokka:FOM_2_00344 (length 523)
prokka_FOM_2/FOM_2:Prokka:FOM_2_00345 (length 227)
prokka_FOM_2/FOM_2:Prokka:FOM_2_00346 (length 304)
prokka_FOM_2/FOM_2:Prokka:FOM_2_00347 (length 2854)
prokka_FOM_2/FOM_2:Prokka:FOM_2_00348 (length 400)
prokka_FOM_2/FOM_2:Prokka:FOM_2_00349 (length 388)
prokka_FOM_2/FOM_2:Prokka:FOM_2_00350 (length 146)
prokka_FOM_2/FOM_2:Prokka:FOM_2_00351 (length 296)
prokka_FOM_2/FOM_2:Prokka:FOM_2_00352 (length 436)
prokka_FOM_2/FOM_2:Prokka:FOM_2_00353 (length 601)
prokka_FOM_2/FOM_2:Prokka:FOM_2_00354 (length 397)
prokka_FOM_2/FOM_2:Prokka:FOM_2_00355 (length 293)
prokka_FOM_2/FOM_2:Prokka:FOM_2_00356 (length 61)
prokka_FOM_2/FOM_2:Prokka:FOM_2_00357 (length 147)
prokka_FOM_2/FOM_2:Prokka:FOM_2_00358 (length 329)
prokka_FOM_2/FOM_2:Prokka:FOM_2_00359 (length 160)
prokka_FOM_2/FOM_2:Prokka:FOM_2_00360 (length 142)
prokka_FOM_2/FOM_2:Prokka:FOM_2_00361 (length 302)
prokka_FOM_2/FOM_2:Prokka:FOM_2_00362 (length 264)
prokka_FOM_2/FOM_2:Prokka:FOM_2_00363 (length 57)
prokka_FOM_2/FOM_2:Prokka:FOM_2_00364 (length 244)
prokka_FOM_2/FOM_2:Prokka:FOM_2_00365 (length 308)
prokka_FOM_2/FOM_2:Prokka:FOM_2_00366 (length 694)
prokka_FOM_2/FOM_2:Prokka:FOM_2_00367 (length 246)
prokka_FOM_2/FOM_2:Prokka:FOM_2_00368 (length 318)
prokka_FOM_2/FOM_2:Prokka:FOM_2_00369 (length 128)
prokka_FOM_2/FOM_2:Prokka:FOM_2_00370 (length 341)
prokka_FOM_2/FOM_2:Prokka:FOM_2_00371 (length 382)
prokka_FOM_2/FOM_2:Prokka:FOM_2_00372 (length 171)
prokka_FOM_2/FOM_2:Prokka:FOM_2_00373 (length 929)
prokka_FOM_2/FOM_2:Prokka:FOM_2_00374 (length 94)
prokka_FOM_2/FOM_2:Prokka:FOM_2_00375 (length 298)
prokka_FOM_2/FOM_2:Prokka:FOM_2_00376 (length 413)
prokka_FOM_2/FOM_2:Prokka:FOM_2_00377 (length 43)
prokka_FOM_2/FOM_2:Prokka:FOM_2_00378 (length 63)
prokka_FOM_2/FOM_2:Prokka:FOM_2_00379 (length 597)
prokka_FOM_2/FOM_2:Prokka:FOM_2_00380 (length 436)
prokka_FOM_2/FOM_2:Prokka:FOM_2_00381 (length 233)
prokka_FOM_2/FOM_2:Prokka:FOM_2_00382 (length 202)
prokka_FOM_2/FOM_2:Prokka:FOM_2_00383 (length 408)
prokka_FOM_2/FOM_2:Prokka:FOM_2_00384 (length 380)
prokka_FOM_2/FOM_2:Prokka:FOM_2_00385 (length 289)
prokka_FOM_2/FOM_2:Prokka:FOM_2_00386 (length 553)
prokka_FOM_2/FOM_2:Prokka:FOM_2_00387 (length 199)
prokka_FOM_2/FOM_2:Prokka:FOM_2_00388 (length 336)
prokka_FOM_2/FOM_2:Prokka:FOM_2_00389 (length 348)
prokka_FOM_2/FOM_2:Prokka:FOM_2_7 (length 27696)
prokka_FOM_2/FOM_2:Prokka:FOM_2_00391 (length 298)
prokka_FOM_2/FOM_2:Prokka:FOM_2_00392 (length 479)
prokka_FOM_2/FOM_2:Prokka:FOM_2_00393 (length 49)
prokka_FOM_2/FOM_2:Prokka:FOM_2_00394 (length 335)
prokka_FOM_2/FOM_2:Prokka:FOM_2_00395 (length 61)
prokka_FOM_2/FOM_2:Prokka:FOM_2_00396 (length 707)
prokka_FOM_2/FOM_2:Prokka:FOM_2_00397 (length 364)
prokka_FOM_2/FOM_2:Prokka:FOM_2_00398 (length 60)
prokka_FOM_2/FOM_2:Prokka:FOM_2_00399 (length 305)
prokka_FOM_2/FOM_2:Prokka:FOM_2_00400 (length 83)
prokka_FOM_2/FOM_2:Prokka:FOM_2_00401 (length 143)
prokka_FOM_2/FOM_2:Prokka:FOM_2_00402 (length 146)
prokka_FOM_2/FOM_2:Prokka:FOM_2_00403 (length 455)
prokka_FOM_2/FOM_2:Prokka:FOM_2_00404 (length 385)
prokka_FOM_2/FOM_2:Prokka:FOM_2_00405 (length 310)
prokka_FOM_2/FOM_2:Prokka:FOM_2_00406 (length 276)
prokka_FOM_2/FOM_2:Prokka:FOM_2_00407 (length 278)
prokka_FOM_2/FOM_2:Prokka:FOM_2_00408 (length 57)
prokka_FOM_2/FOM_2:Prokka:FOM_2_00409 (length 69)
prokka_FOM_2/FOM_2:Prokka:FOM_2_00410 (length 253)
prokka_FOM_2/FOM_2:Prokka:FOM_2_00411 (length 267)
prokka_FOM_2/FOM_2:Prokka:FOM_2_00412 (length 219)
prokka_FOM_2/FOM_2:Prokka:FOM_2_00413 (length 206)
prokka_FOM_2/FOM_2:Prokka:FOM_2_00414 (length 174)
prokka_FOM_2/FOM_2:Prokka:FOM_2_00415 (length 258)
prokka_FOM_2/FOM_2:Prokka:FOM_2_00416 (length 218)
prokka_FOM_2/FOM_2:Prokka:FOM_2_00417 (length 274)
prokka_FOM_2/FOM_2:Prokka:FOM_2_00418 (length 135)
prokka_FOM_2/FOM_2:Prokka:FOM_2_00419 (length 290)
prokka_FOM_2/FOM_2:Prokka:FOM_2_00420 (length 144)
prokka_FOM_2/FOM_2:Prokka:FOM_2_00421 (length 66)
prokka_FOM_2/FOM_2:Prokka:FOM_2_00422 (length 68)
prokka_FOM_2/FOM_2:Prokka:FOM_2_00423 (length 176)
prokka_FOM_2/FOM_2:Prokka:FOM_2_8 (length 291723)
prokka_FOM_2/FOM_2:Prokka:FOM_2_00424 (length 234)
prokka_FOM_2/FOM_2:Prokka:FOM_2_00425 (length 319)
prokka_FOM_2/FOM_2:Prokka:FOM_2_00426 (length 415)
prokka_FOM_2/FOM_2:Prokka:FOM_2_00427 (length 151)
prokka_FOM_2/FOM_2:Prokka:FOM_2_00428 (length 723)
prokka_FOM_2/FOM_2:Prokka:FOM_2_00429 (length 149)
prokka_FOM_2/FOM_2:Prokka:FOM_2_00430 (length 324)
prokka_FOM_2/FOM_2:Prokka:FOM_2_00431 (length 865)
prokka_FOM_2/FOM_2:Prokka:FOM_2_00432 (length 648)
prokka_FOM_2/FOM_2:Prokka:FOM_2_00433 (length 381)
prokka_FOM_2/FOM_2:Prokka:FOM_2_00434 (length 88)
prokka_FOM_2/FOM_2:Prokka:FOM_2_00435 (length 376)
prokka_FOM_2/FOM_2:Prokka:FOM_2_00436 (length 470)
prokka_FOM_2/FOM_2:Prokka:FOM_2_00437 (length 44)
prokka_FOM_2/FOM_2:Prokka:FOM_2_00438 (length 118)
prokka_FOM_2/FOM_2:Prokka:FOM_2_00439 (length 277)
prokka_FOM_2/FOM_2:Prokka:FOM_2_00440 (length 205)
prokka_FOM_2/FOM_2:Prokka:FOM_2_00441 (length 227)
prokka_FOM_2/FOM_2:Prokka:FOM_2_00442 (length 313)
prokka_FOM_2/FOM_2:Prokka:FOM_2_00443 (length 290)
prokka_FOM_2/FOM_2:Prokka:FOM_2_00444 (length 293)
prokka_FOM_2/FOM_2:Prokka:FOM_2_00445 (length 900)
prokka_FOM_2/FOM_2:Prokka:FOM_2_00446 (length 222)
prokka_FOM_2/FOM_2:Prokka:FOM_2_00447 (length 453)
prokka_FOM_2/FOM_2:Prokka:FOM_2_00448 (length 205)
prokka_FOM_2/FOM_2:Prokka:FOM_2_00449 (length 172)
prokka_FOM_2/FOM_2:Prokka:FOM_2_00450 (length 276)
prokka_FOM_2/FOM_2:Prokka:FOM_2_00451 (length 452)
prokka_FOM_2/FOM_2:Prokka:FOM_2_00452 (length 115)
prokka_FOM_2/FOM_2:Prokka:FOM_2_00453 (length 451)
prokka_FOM_2/FOM_2:Prokka:FOM_2_00454 (length 312)
prokka_FOM_2/FOM_2:Prokka:FOM_2_00455 (length 159)
prokka_FOM_2/FOM_2:Prokka:FOM_2_00456 (length 447)
prokka_FOM_2/FOM_2:Prokka:FOM_2_00457 (length 347)
prokka_FOM_2/FOM_2:Prokka:FOM_2_00458 (length 226)
prokka_FOM_2/FOM_2:Prokka:FOM_2_00459 (length 388)
prokka_FOM_2/FOM_2:Prokka:FOM_2_00460 (length 1030)
prokka_FOM_2/FOM_2:Prokka:FOM_2_00461 (length 275)
prokka_FOM_2/FOM_2:Prokka:FOM_2_00462 (length 100)
prokka_FOM_2/FOM_2:Prokka:FOM_2_00463 (length 233)
prokka_FOM_2/FOM_2:Prokka:FOM_2_00464 (length 248)
prokka_FOM_2/FOM_2:Prokka:FOM_2_00465 (length 352)
prokka_FOM_2/FOM_2:Prokka:FOM_2_00466 (length 227)
prokka_FOM_2/FOM_2:Prokka:FOM_2_00467 (length 113)
prokka_FOM_2/FOM_2:Prokka:FOM_2_00468 (length 435)
prokka_FOM_2/FOM_2:Prokka:FOM_2_00469 (length 508)
prokka_FOM_2/FOM_2:Prokka:FOM_2_00470 (length 230)
prokka_FOM_2/FOM_2:Prokka:FOM_2_00471 (length 198)
prokka_FOM_2/FOM_2:Prokka:FOM_2_00472 (length 60)
prokka_FOM_2/FOM_2:Prokka:FOM_2_00473 (length 365)
prokka_FOM_2/FOM_2:Prokka:FOM_2_00474 (length 153)
prokka_FOM_2/FOM_2:Prokka:FOM_2_00475 (length 467)
prokka_FOM_2/FOM_2:Prokka:FOM_2_00476 (length 167)
prokka_FOM_2/FOM_2:Prokka:FOM_2_00477 (length 120)
prokka_FOM_2/FOM_2:Prokka:FOM_2_00478 (length 196)
prokka_FOM_2/FOM_2:Prokka:FOM_2_00479 (length 169)
prokka_FOM_2/FOM_2:Prokka:FOM_2_00480 (length 281)
prokka_FOM_2/FOM_2:Prokka:FOM_2_00481 (length 259)
prokka_FOM_2/FOM_2:Prokka:FOM_2_00482 (length 90)
prokka_FOM_2/FOM_2:Prokka:FOM_2_00483 (length 162)
prokka_FOM_2/FOM_2:Prokka:FOM_2_00484 (length 293)
prokka_FOM_2/FOM_2:Prokka:FOM_2_00485 (length 469)
prokka_FOM_2/FOM_2:Prokka:FOM_2_00486 (length 259)
prokka_FOM_2/FOM_2:Prokka:FOM_2_00487 (length 397)
prokka_FOM_2/FOM_2:Prokka:FOM_2_00488 (length 300)
prokka_FOM_2/FOM_2:Prokka:FOM_2_00489 (length 199)
prokka_FOM_2/FOM_2:Prokka:FOM_2_00490 (length 376)
prokka_FOM_2/FOM_2:Prokka:FOM_2_00491 (length 315)
prokka_FOM_2/FOM_2:Prokka:FOM_2_00492 (length 182)
prokka_FOM_2/FOM_2:Prokka:FOM_2_00493 (length 418)
prokka_FOM_2/FOM_2:Prokka:FOM_2_00494 (length 670)
prokka_FOM_2/FOM_2:Prokka:FOM_2_00495 (length 297)
prokka_FOM_2/FOM_2:Prokka:FOM_2_00496 (length 517)
prokka_FOM_2/FOM_2:Prokka:FOM_2_00497 (length 359)
prokka_FOM_2/FOM_2:Prokka:FOM_2_00498 (length 407)
prokka_FOM_2/FOM_2:Prokka:FOM_2_00499 (length 459)
prokka_FOM_2/FOM_2:Prokka:FOM_2_00500 (length 343)
prokka_FOM_2/FOM_2:Prokka:FOM_2_00501 (length 388)
prokka_FOM_2/FOM_2:Prokka:FOM_2_00502 (length 237)
prokka_FOM_2/FOM_2:Prokka:FOM_2_00503 (length 376)
prokka_FOM_2/FOM_2:Prokka:FOM_2_00504 (length 341)
prokka_FOM_2/FOM_2:Prokka:FOM_2_00505 (length 356)
prokka_FOM_2/FOM_2:Prokka:FOM_2_00506 (length 1025)
prokka_FOM_2/FOM_2:Prokka:FOM_2_00507 (length 256)
prokka_FOM_2/FOM_2:Prokka:FOM_2_00508 (length 127)
prokka_FOM_2/FOM_2:Prokka:FOM_2_00509 (length 425)
prokka_FOM_2/FOM_2:Prokka:FOM_2_00510 (length 297)
prokka_FOM_2/FOM_2:Prokka:FOM_2_00511 (length 535)
prokka_FOM_2/FOM_2:Prokka:FOM_2_00512 (length 129)
prokka_FOM_2/FOM_2:Prokka:FOM_2_00513 (length 239)
prokka_FOM_2/FOM_2:Prokka:FOM_2_00514 (length 179)
prokka_FOM_2/FOM_2:Prokka:FOM_2_00515 (length 496)
prokka_FOM_2/FOM_2:Prokka:FOM_2_00516 (length 569)
prokka_FOM_2/FOM_2:Prokka:FOM_2_00517 (length 294)
prokka_FOM_2/FOM_2:Prokka:FOM_2_00518 (length 360)
prokka_FOM_2/FOM_2:Prokka:FOM_2_00519 (length 378)
prokka_FOM_2/FOM_2:Prokka:FOM_2_00520 (length 206)
prokka_FOM_2/FOM_2:Prokka:FOM_2_00521 (length 163)
prokka_FOM_2/FOM_2:Prokka:FOM_2_00522 (length 215)
prokka_FOM_2/FOM_2:Prokka:FOM_2_00523 (length 588)
prokka_FOM_2/FOM_2:Prokka:FOM_2_00524 (length 67)
prokka_FOM_2/FOM_2:Prokka:FOM_2_00525 (length 285)
prokka_FOM_2/FOM_2:Prokka:FOM_2_00526 (length 193)
prokka_FOM_2/FOM_2:Prokka:FOM_2_00527 (length 219)
prokka_FOM_2/FOM_2:Prokka:FOM_2_00528 (length 257)
prokka_FOM_2/FOM_2:Prokka:FOM_2_00529 (length 121)
prokka_FOM_2/FOM_2:Prokka:FOM_2_00530 (length 236)
prokka_FOM_2/FOM_2:Prokka:FOM_2_00531 (length 252)
prokka_FOM_2/FOM_2:Prokka:FOM_2_00532 (length 246)
prokka_FOM_2/FOM_2:Prokka:FOM_2_00533 (length 233)
prokka_FOM_2/FOM_2:Prokka:FOM_2_00534 (length 29)
prokka_FOM_2/FOM_2:Prokka:FOM_2_00535 (length 201)
prokka_FOM_2/FOM_2:Prokka:FOM_2_00536 (length 265)
prokka_FOM_2/FOM_2:Prokka:FOM_2_00537 (length 90)
prokka_FOM_2/FOM_2:Prokka:FOM_2_00538 (length 297)
prokka_FOM_2/FOM_2:Prokka:FOM_2_00539 (length 836)
prokka_FOM_2/FOM_2:Prokka:FOM_2_00540 (length 238)
prokka_FOM_2/FOM_2:Prokka:FOM_2_00541 (length 373)
prokka_FOM_2/FOM_2:Prokka:FOM_2_00542 (length 111)
prokka_FOM_2/FOM_2:Prokka:FOM_2_00543 (length 256)
prokka_FOM_2/FOM_2:Prokka:FOM_2_00544 (length 213)
prokka_FOM_2/FOM_2:Prokka:FOM_2_00545 (length 486)
prokka_FOM_2/FOM_2:Prokka:FOM_2_00546 (length 136)
prokka_FOM_2/FOM_2:Prokka:FOM_2_00547 (length 447)
prokka_FOM_2/FOM_2:Prokka:FOM_2_00548 (length 297)
prokka_FOM_2/FOM_2:Prokka:FOM_2_00549 (length 68)
prokka_FOM_2/FOM_2:Prokka:FOM_2_00550 (length 313)
prokka_FOM_2/FOM_2:Prokka:FOM_2_00551 (length 190)
prokka_FOM_2/FOM_2:Prokka:FOM_2_00552 (length 353)
prokka_FOM_2/FOM_2:Prokka:FOM_2_00553 (length 190)
prokka_FOM_2/FOM_2:Prokka:FOM_2_00554 (length 59)
prokka_FOM_2/FOM_2:Prokka:FOM_2_00555 (length 331)
prokka_FOM_2/FOM_2:Prokka:FOM_2_00556 (length 164)
prokka_FOM_2/FOM_2:Prokka:FOM_2_00557 (length 335)
prokka_FOM_2/FOM_2:Prokka:FOM_2_00558 (length 296)
prokka_FOM_2/FOM_2:Prokka:FOM_2_00559 (length 522)
prokka_FOM_2/FOM_2:Prokka:FOM_2_00560 (length 311)
prokka_FOM_2/FOM_2:Prokka:FOM_2_00561 (length 120)
prokka_FOM_2/FOM_2:Prokka:FOM_2_00562 (length 183)
prokka_FOM_2/FOM_2:Prokka:FOM_2_00563 (length 382)
prokka_FOM_2/FOM_2:Prokka:FOM_2_00564 (length 465)
prokka_FOM_2/FOM_2:Prokka:FOM_2_00565 (length 200)
prokka_FOM_2/FOM_2:Prokka:FOM_2_00566 (length 153)
prokka_FOM_2/FOM_2:Prokka:FOM_2_00567 (length 128)
prokka_FOM_2/FOM_2:Prokka:FOM_2_00568 (length 438)
prokka_FOM_2/FOM_2:Prokka:FOM_2_00569 (length 617)
prokka_FOM_2/FOM_2:Prokka:FOM_2_00570 (length 221)
prokka_FOM_2/FOM_2:Prokka:FOM_2_00571 (length 112)
prokka_FOM_2/FOM_2:Prokka:FOM_2_00572 (length 234)
prokka_FOM_2/FOM_2:Prokka:FOM_2_00573 (length 539)
prokka_FOM_2/FOM_2:Prokka:FOM_2_00574 (length 305)
prokka_FOM_2/FOM_2:Prokka:FOM_2_00575 (length 46)
prokka_FOM_2/FOM_2:Prokka:FOM_2_00576 (length 161)
prokka_FOM_2/FOM_2:Prokka:FOM_2_00577 (length 303)
prokka_FOM_2/FOM_2:Prokka:FOM_2_00578 (length 52)
prokka_FOM_2/FOM_2:Prokka:FOM_2_00579 (length 454)
prokka_FOM_2/FOM_2:Prokka:FOM_2_00580 (length 304)
prokka_FOM_2/FOM_2:Prokka:FOM_2_00581 (length 145)
prokka_FOM_2/FOM_2:Prokka:FOM_2_00582 (length 441)
prokka_FOM_2/FOM_2:Prokka:FOM_2_00583 (length 462)
prokka_FOM_2/FOM_2:Prokka:FOM_2_00584 (length 472)
prokka_FOM_2/FOM_2:Prokka:FOM_2_00585 (length 329)
prokka_FOM_2/FOM_2:Prokka:FOM_2_00586 (length 141)
prokka_FOM_2/FOM_2:Prokka:FOM_2_00587 (length 230)
prokka_FOM_2/FOM_2:Prokka:FOM_2_00588 (length 233)
prokka_FOM_2/FOM_2:Prokka:FOM_2_00589 (length 189)
prokka_FOM_2/FOM_2:Prokka:FOM_2_00590 (length 125)
prokka_FOM_2/FOM_2:Prokka:FOM_2_00591 (length 272)
prokka_FOM_2/FOM_2:Prokka:FOM_2_00592 (length 483)
prokka_FOM_2/FOM_2:Prokka:FOM_2_00593 (length 745)
prokka_FOM_2/FOM_2:Prokka:FOM_2_00594 (length 126)
prokka_FOM_2/FOM_2:Prokka:FOM_2_00595 (length 231)
prokka_FOM_2/FOM_2:Prokka:FOM_2_00596 (length 412)
prokka_FOM_2/FOM_2:Prokka:FOM_2_00597 (length 359)
prokka_FOM_2/FOM_2:Prokka:FOM_2_00598 (length 297)
prokka_FOM_2/FOM_2:Prokka:FOM_2_00599 (length 126)
prokka_FOM_2/FOM_2:Prokka:FOM_2_00600 (length 182)
prokka_FOM_2/FOM_2:Prokka:FOM_2_00601 (length 311)
prokka_FOM_2/FOM_2:Prokka:FOM_2_00602 (length 248)
prokka_FOM_2/FOM_2:Prokka:FOM_2_00603 (length 83)
prokka_FOM_2/FOM_2:Prokka:FOM_2_00604 (length 126)
prokka_FOM_2/FOM_2:Prokka:FOM_2_00605 (length 189)
prokka_FOM_2/FOM_2:Prokka:FOM_2_00606 (length 232)
prokka_FOM_2/FOM_2:Prokka:FOM_2_00607 (length 365)
prokka_FOM_2/FOM_2:Prokka:FOM_2_00608 (length 305)
prokka_FOM_2/FOM_2:Prokka:FOM_2_00609 (length 239)
prokka_FOM_2/FOM_2:Prokka:FOM_2_00610 (length 256)
prokka_FOM_2/FOM_2:Prokka:FOM_2_00611 (length 302)
prokka_FOM_2/FOM_2:Prokka:FOM_2_00612 (length 64)
prokka_FOM_2/FOM_2:Prokka:FOM_2_00613 (length 367)
prokka_FOM_2/FOM_2:Prokka:FOM_2_00614 (length 241)
prokka_FOM_2/FOM_2:Prokka:FOM_2_00615 (length 229)
prokka_FOM_2/FOM_2:Prokka:FOM_2_00616 (length 373)
prokka_FOM_2/FOM_2:Prokka:FOM_2_00617 (length 421)
prokka_FOM_2/FOM_2:Prokka:FOM_2_00618 (length 172)
prokka_FOM_2/FOM_2:Prokka:FOM_2_00619 (length 122)
prokka_FOM_2/FOM_2:Prokka:FOM_2_00620 (length 159)
prokka_FOM_2/FOM_2:Prokka:FOM_2_00621 (length 272)
prokka_FOM_2/FOM_2:Prokka:FOM_2_00622 (length 406)
prokka_FOM_2/FOM_2:Prokka:FOM_2_00623 (length 223)
prokka_FOM_2/FOM_2:Prokka:FOM_2_00626 (length 275)
prokka_FOM_2/FOM_2:Prokka:FOM_2_00627 (length 481)
prokka_FOM_2/FOM_2:Prokka:FOM_2_00628 (length 515)
prokka_FOM_2/FOM_2:Prokka:FOM_2_00629 (length 317)
prokka_FOM_2/FOM_2:Prokka:FOM_2_00630 (length 292)
prokka_FOM_2/FOM_2:Prokka:FOM_2_00631 (length 456)
prokka_FOM_2/FOM_2:Prokka:FOM_2_00635 (length 246)
prokka_FOM_2/FOM_2:Prokka:FOM_2_00636 (length 212)
prokka_FOM_2/FOM_2:Prokka:FOM_2_00637 (length 293)
prokka_FOM_2/FOM_2:Prokka:FOM_2_00638 (length 157)
prokka_FOM_2/FOM_2:Prokka:FOM_2_00639 (length 627)
prokka_FOM_2/FOM_2:Prokka:FOM_2_00640 (length 154)
prokka_FOM_2/FOM_2:Prokka:FOM_2_00641 (length 317)
prokka_FOM_2/FOM_2:Prokka:FOM_2_00642 (length 231)
prokka_FOM_2/FOM_2:Prokka:FOM_2_00643 (length 260)
prokka_FOM_2/FOM_2:Prokka:FOM_2_00644 (length 543)
prokka_FOM_2/FOM_2:Prokka:FOM_2_00645 (length 457)
prokka_FOM_2/FOM_2:Prokka:FOM_2_00646 (length 171)
prokka_FOM_2/FOM_2:Prokka:FOM_2_00647 (length 361)
prokka_FOM_2/FOM_2:Prokka:FOM_2_00648 (length 324)
prokka_FOM_2/FOM_2:Prokka:FOM_2_00649 (length 425)
prokka_FOM_2/FOM_2:Prokka:FOM_2_00650 (length 555)
prokka_FOM_2/FOM_2:Prokka:FOM_2_00651 (length 237)
prokka_FOM_2/FOM_2:Prokka:FOM_2_00652 (length 477)
prokka_FOM_2/FOM_2:Prokka:FOM_2_00653 (length 282)
prokka_FOM_2/FOM_2:Prokka:FOM_2_00654 (length 71)
prokka_FOM_2/FOM_2:Prokka:FOM_2_00655 (length 75)
prokka_FOM_2/FOM_2:Prokka:FOM_2_00656 (length 467)
prokka_FOM_2/FOM_2:Prokka:FOM_2_00657 (length 243)
prokka_FOM_2/FOM_2:Prokka:FOM_2_00658 (length 487)
prokka_FOM_2/FOM_2:Prokka:FOM_2_00659 (length 353)
prokka_FOM_2/FOM_2:Prokka:FOM_2_00660 (length 287)
prokka_FOM_2/FOM_2:Prokka:FOM_2_00661 (length 353)
prokka_FOM_2/FOM_2:Prokka:FOM_2_00662 (length 312)
prokka_FOM_2/FOM_2:Prokka:FOM_2_00663 (length 304)
prokka_FOM_2/FOM_2:Prokka:FOM_2_00664 (length 46)
prokka_FOM_2/FOM_2:Prokka:FOM_2_00665 (length 502)
prokka_FOM_2/FOM_2:Prokka:FOM_2_00666 (length 291)
prokka_FOM_2/FOM_2:Prokka:FOM_2_00667 (length 48)
prokka_FOM_2/FOM_2:Prokka:FOM_2_00668 (length 436)
prokka_FOM_2/FOM_2:Prokka:FOM_2_00669 (length 375)
prokka_FOM_2/FOM_2:Prokka:FOM_2_00670 (length 367)
prokka_FOM_2/FOM_2:Prokka:FOM_2_00671 (length 164)
prokka_FOM_2/FOM_2:Prokka:FOM_2_00672 (length 239)
prokka_FOM_2/FOM_2:Prokka:FOM_2_00673 (length 224)
prokka_FOM_2/FOM_2:Prokka:FOM_2_00674 (length 461)
prokka_FOM_2/FOM_2:Prokka:FOM_2_00675 (length 194)
prokka_FOM_2/FOM_2:Prokka:FOM_2_00676 (length 243)
prokka_FOM_2/FOM_2:Prokka:FOM_2_00677 (length 819)
prokka_FOM_2/FOM_2:Prokka:FOM_2_00678 (length 348)
prokka_FOM_2/FOM_2:Prokka:FOM_2_00679 (length 238)
prokka_FOM_2/FOM_2:Prokka:FOM_2_00680 (length 297)
prokka_FOM_2/FOM_2:Prokka:FOM_2_00681 (length 504)
prokka_FOM_2/FOM_2:Prokka:FOM_2_00682 (length 303)
prokka_FOM_2/FOM_2:Prokka:FOM_2_00683 (length 210)
prokka_FOM_2/FOM_2:Prokka:FOM_2_00684 (length 332)
prokka_FOM_2/FOM_2:Prokka:FOM_2_00685 (length 180)
prokka_FOM_2/FOM_2:Prokka:FOM_2_00686 (length 387)
prokka_FOM_2/FOM_2:Prokka:FOM_2_00687 (length 348)
prokka_FOM_2/FOM_2:Prokka:FOM_2_00688 (length 286)
prokka_FOM_2/FOM_2:Prokka:FOM_2_00689 (length 240)
prokka_FOM_2/FOM_2:Prokka:FOM_2_00690 (length 389)
prokka_FOM_2/FOM_2:Prokka:FOM_2_00691 (length 143)
prokka_FOM_2/FOM_2:Prokka:FOM_2_00692 (length 141)
prokka_FOM_2/FOM_2:Prokka:FOM_2_00693 (length 1057)
prokka_FOM_2/FOM_2:Prokka:FOM_2_00694 (length 350)
prokka_FOM_2/FOM_2:Prokka:FOM_2_00695 (length 464)
prokka_FOM_2/FOM_2:Prokka:FOM_2_00696 (length 240)
prokka_FOM_2/FOM_2:Prokka:FOM_2_00697 (length 844)
prokka_FOM_2/FOM_2:Prokka:FOM_2_00698 (length 135)
prokka_FOM_2/FOM_2:Prokka:FOM_2_00699 (length 680)
prokka_FOM_2/FOM_2:Prokka:FOM_2_00700 (length 293)
prokka_FOM_2/FOM_2:Prokka:FOM_2_00701 (length 94)
prokka_FOM_2/FOM_2:Prokka:FOM_2_00702 (length 98)
prokka_FOM_2/FOM_2:Prokka:FOM_2_00703 (length 631)
prokka_FOM_2/FOM_2:Prokka:FOM_2_00704 (length 64)
prokka_FOM_2/FOM_2:Prokka:FOM_2_9 (length 129975)
prokka_FOM_2/FOM_2:Prokka:FOM_2_00705 (length 1440)
prokka_FOM_2/FOM_2:Prokka:FOM_2_00706 (length 573)
prokka_FOM_2/FOM_2:Prokka:FOM_2_00707 (length 419)
prokka_FOM_2/FOM_2:Prokka:FOM_2_00708 (length 263)
prokka_FOM_2/FOM_2:Prokka:FOM_2_00709 (length 262)
prokka_FOM_2/FOM_2:Prokka:FOM_2_00710 (length 281)
prokka_FOM_2/FOM_2:Prokka:FOM_2_00711 (length 141)
prokka_FOM_2/FOM_2:Prokka:FOM_2_00712 (length 282)
prokka_FOM_2/FOM_2:Prokka:FOM_2_00713 (length 185)
prokka_FOM_2/FOM_2:Prokka:FOM_2_00714 (length 134)
prokka_FOM_2/FOM_2:Prokka:FOM_2_00715 (length 120)
prokka_FOM_2/FOM_2:Prokka:FOM_2_00716 (length 243)
prokka_FOM_2/FOM_2:Prokka:FOM_2_00717 (length 394)
prokka_FOM_2/FOM_2:Prokka:FOM_2_00718 (length 391)
prokka_FOM_2/FOM_2:Prokka:FOM_2_00719 (length 503)
prokka_FOM_2/FOM_2:Prokka:FOM_2_00720 (length 302)
prokka_FOM_2/FOM_2:Prokka:FOM_2_00721 (length 145)
prokka_FOM_2/FOM_2:Prokka:FOM_2_00722 (length 268)
prokka_FOM_2/FOM_2:Prokka:FOM_2_00723 (length 154)
prokka_FOM_2/FOM_2:Prokka:FOM_2_00724 (length 397)
prokka_FOM_2/FOM_2:Prokka:FOM_2_00725 (length 195)
prokka_FOM_2/FOM_2:Prokka:FOM_2_00726 (length 341)
prokka_FOM_2/FOM_2:Prokka:FOM_2_00727 (length 107)
prokka_FOM_2/FOM_2:Prokka:FOM_2_00728 (length 108)
prokka_FOM_2/FOM_2:Prokka:FOM_2_00729 (length 50)
prokka_FOM_2/FOM_2:Prokka:FOM_2_00730 (length 198)
prokka_FOM_2/FOM_2:Prokka:FOM_2_00731 (length 143)
prokka_FOM_2/FOM_2:Prokka:FOM_2_00732 (length 253)
prokka_FOM_2/FOM_2:Prokka:FOM_2_00733 (length 282)
prokka_FOM_2/FOM_2:Prokka:FOM_2_00734 (length 280)
prokka_FOM_2/FOM_2:Prokka:FOM_2_00735 (length 830)
prokka_FOM_2/FOM_2:Prokka:FOM_2_00736 (length 464)
prokka_FOM_2/FOM_2:Prokka:FOM_2_00737 (length 199)
prokka_FOM_2/FOM_2:Prokka:FOM_2_00738 (length 618)
prokka_FOM_2/FOM_2:Prokka:FOM_2_00739 (length 388)
prokka_FOM_2/FOM_2:Prokka:FOM_2_00740 (length 540)
prokka_FOM_2/FOM_2:Prokka:FOM_2_00741 (length 300)
prokka_FOM_2/FOM_2:Prokka:FOM_2_00742 (length 147)
prokka_FOM_2/FOM_2:Prokka:FOM_2_00743 (length 52)
prokka_FOM_2/FOM_2:Prokka:FOM_2_00744 (length 220)
prokka_FOM_2/FOM_2:Prokka:FOM_2_00745 (length 199)
prokka_FOM_2/FOM_2:Prokka:FOM_2_00746 (length 52)
prokka_FOM_2/FOM_2:Prokka:FOM_2_00747 (length 139)
prokka_FOM_2/FOM_2:Prokka:FOM_2_00748 (length 214)
prokka_FOM_2/FOM_2:Prokka:FOM_2_00749 (length 659)
prokka_FOM_2/FOM_2:Prokka:FOM_2_00750 (length 375)
prokka_FOM_2/FOM_2:Prokka:FOM_2_00751 (length 108)
prokka_FOM_2/FOM_2:Prokka:FOM_2_00752 (length 178)
prokka_FOM_2/FOM_2:Prokka:FOM_2_00753 (length 430)
prokka_FOM_2/FOM_2:Prokka:FOM_2_00754 (length 860)
prokka_FOM_2/FOM_2:Prokka:FOM_2_00755 (length 435)
prokka_FOM_2/FOM_2:Prokka:FOM_2_00756 (length 35)
prokka_FOM_2/FOM_2:Prokka:FOM_2_00757 (length 237)
prokka_FOM_2/FOM_2:Prokka:FOM_2_00758 (length 577)
prokka_FOM_2/FOM_2:Prokka:FOM_2_00759 (length 314)
prokka_FOM_2/FOM_2:Prokka:FOM_2_00760 (length 386)
prokka_FOM_2/FOM_2:Prokka:FOM_2_00761 (length 203)
prokka_FOM_2/FOM_2:Prokka:FOM_2_00762 (length 166)
prokka_FOM_2/FOM_2:Prokka:FOM_2_00763 (length 233)
prokka_FOM_2/FOM_2:Prokka:FOM_2_00764 (length 391)
prokka_FOM_2/FOM_2:Prokka:FOM_2_00765 (length 659)
prokka_FOM_2/FOM_2:Prokka:FOM_2_00766 (length 215)
prokka_FOM_2/FOM_2:Prokka:FOM_2_00767 (length 271)
prokka_FOM_2/FOM_2:Prokka:FOM_2_00768 (length 166)
prokka_FOM_2/FOM_2:Prokka:FOM_2_00769 (length 267)
prokka_FOM_2/FOM_2:Prokka:FOM_2_00771 (length 249)
prokka_FOM_2/FOM_2:Prokka:FOM_2_00772 (length 82)
prokka_FOM_2/FOM_2:Prokka:FOM_2_00773 (length 263)
prokka_FOM_2/FOM_2:Prokka:FOM_2_00774 (length 396)
prokka_FOM_2/FOM_2:Prokka:FOM_2_00775 (length 69)
prokka_FOM_2/FOM_2:Prokka:FOM_2_00776 (length 329)
prokka_FOM_2/FOM_2:Prokka:FOM_2_00777 (length 454)
prokka_FOM_2/FOM_2:Prokka:FOM_2_00778 (length 318)
prokka_FOM_2/FOM_2:Prokka:FOM_2_00779 (length 378)
prokka_FOM_2/FOM_2:Prokka:FOM_2_00780 (length 516)
prokka_FOM_2/FOM_2:Prokka:FOM_2_00781 (length 359)
prokka_FOM_2/FOM_2:Prokka:FOM_2_00782 (length 278)
prokka_FOM_2/FOM_2:Prokka:FOM_2_00783 (length 106)
prokka_FOM_2/FOM_2:Prokka:FOM_2_00784 (length 205)
prokka_FOM_2/FOM_2:Prokka:FOM_2_00785 (length 109)
prokka_FOM_2/FOM_2:Prokka:FOM_2_00786 (length 343)
prokka_FOM_2/FOM_2:Prokka:FOM_2_00787 (length 279)
prokka_FOM_2/FOM_2:Prokka:FOM_2_00788 (length 286)
prokka_FOM_2/FOM_2:Prokka:FOM_2_00789 (length 112)
prokka_FOM_2/FOM_2:Prokka:FOM_2_00790 (length 158)
prokka_FOM_2/FOM_2:Prokka:FOM_2_00791 (length 239)
prokka_FOM_2/FOM_2:Prokka:FOM_2_00792 (length 102)
prokka_FOM_2/FOM_2:Prokka:FOM_2_00793 (length 337)
prokka_FOM_2/FOM_2:Prokka:FOM_2_00794 (length 263)
prokka_FOM_2/FOM_2:Prokka:FOM_2_00795 (length 255)
prokka_FOM_2/FOM_2:Prokka:FOM_2_00796 (length 348)
prokka_FOM_2/FOM_2:Prokka:FOM_2_00797 (length 351)
prokka_FOM_2/FOM_2:Prokka:FOM_2_00798 (length 285)
prokka_FOM_2/FOM_2:Prokka:FOM_2_00799 (length 132)
prokka_FOM_2/FOM_2:Prokka:FOM_2_00800 (length 101)
prokka_FOM_2/FOM_2:Prokka:FOM_2_00801 (length 95)
prokka_FOM_2/FOM_2:Prokka:FOM_2_00802 (length 397)
prokka_FOM_2/FOM_2:Prokka:FOM_2_00803 (length 391)
prokka_FOM_2/FOM_2:Prokka:FOM_2_00804 (length 420)
prokka_FOM_2/FOM_2:Prokka:FOM_2_00805 (length 176)
prokka_FOM_2/FOM_2:Prokka:FOM_2_00806 (length 396)
prokka_FOM_2/FOM_2:Prokka:FOM_2_00807 (length 471)
prokka_FOM_2/FOM_2:Prokka:FOM_2_00808 (length 150)
prokka_FOM_2/FOM_2:Prokka:FOM_2_00809 (length 673)
prokka_FOM_2/FOM_2:Prokka:FOM_2_00810 (length 317)
prokka_FOM_2/FOM_2:Prokka:FOM_2_00811 (length 367)
prokka_FOM_2/FOM_2:Prokka:FOM_2_00812 (length 343)
prokka_FOM_2/FOM_2:Prokka:FOM_2_00813 (length 306)
prokka_FOM_2/FOM_2:Prokka:FOM_2_00814 (length 541)
prokka_FOM_2/FOM_2:Prokka:FOM_2_00815 (length 218)
prokka_FOM_2/FOM_2:Prokka:FOM_2_00816 (length 214)
prokka_FOM_2/FOM_2:Prokka:FOM_2_00817 (length 281)
prokka_FOM_2/FOM_2:Prokka:FOM_2_00818 (length 244)
prokka_FOM_2/FOM_2:Prokka:FOM_2_00819 (length 265)
prokka_FOM_2/FOM_2:Prokka:FOM_2_00820 (length 163)
prokka_FOM_2/FOM_2:Prokka:FOM_2_00821 (length 186)
prokka_FOM_2/FOM_2:Prokka:FOM_2_00822 (length 177)
prokka_FOM_2/FOM_2:Prokka:FOM_2_00823 (length 249)
prokka_FOM_2/FOM_2:Prokka:FOM_2_00824 (length 181)
prokka_FOM_2/FOM_2:Prokka:FOM_2_00825 (length 331)
prokka_FOM_2/FOM_2:Prokka:FOM_2_00826 (length 354)
prokka_FOM_2/FOM_2:Prokka:FOM_2_00827 (length 473)
prokka_FOM_2/FOM_2:Prokka:FOM_2_00828 (length 483)
prokka_FOM_2/FOM_2:Prokka:FOM_2_00829 (length 281)
prokka_FOM_2/FOM_2:Prokka:FOM_2_10 (length 432038)
prokka_FOM_2/FOM_2:Prokka:FOM_2_00830 (length 322)
prokka_FOM_2/FOM_2:Prokka:FOM_2_00831 (length 340)
prokka_FOM_2/FOM_2:Prokka:FOM_2_00832 (length 87)
prokka_FOM_2/FOM_2:Prokka:FOM_2_00833 (length 234)
prokka_FOM_2/FOM_2:Prokka:FOM_2_00834 (length 404)
prokka_FOM_2/FOM_2:Prokka:FOM_2_00835 (length 1458)
prokka_FOM_2/FOM_2:Prokka:FOM_2_00836 (length 237)
prokka_FOM_2/FOM_2:Prokka:FOM_2_00837 (length 456)
prokka_FOM_2/FOM_2:Prokka:FOM_2_00838 (length 210)
prokka_FOM_2/FOM_2:Prokka:FOM_2_00839 (length 357)
prokka_FOM_2/FOM_2:Prokka:FOM_2_00840 (length 212)
prokka_FOM_2/FOM_2:Prokka:FOM_2_00841 (length 144)
prokka_FOM_2/FOM_2:Prokka:FOM_2_00842 (length 446)
prokka_FOM_2/FOM_2:Prokka:FOM_2_00843 (length 243)
prokka_FOM_2/FOM_2:Prokka:FOM_2_00844 (length 906)
prokka_FOM_2/FOM_2:Prokka:FOM_2_00845 (length 277)
prokka_FOM_2/FOM_2:Prokka:FOM_2_00846 (length 197)
prokka_FOM_2/FOM_2:Prokka:FOM_2_00847 (length 451)
prokka_FOM_2/FOM_2:Prokka:FOM_2_00848 (length 314)
prokka_FOM_2/FOM_2:Prokka:FOM_2_00849 (length 368)
prokka_FOM_2/FOM_2:Prokka:FOM_2_00850 (length 263)
prokka_FOM_2/FOM_2:Prokka:FOM_2_00851 (length 229)
prokka_FOM_2/FOM_2:Prokka:FOM_2_00852 (length 490)
prokka_FOM_2/FOM_2:Prokka:FOM_2_00853 (length 333)
prokka_FOM_2/FOM_2:Prokka:FOM_2_00854 (length 272)
prokka_FOM_2/FOM_2:Prokka:FOM_2_00855 (length 142)
prokka_FOM_2/FOM_2:Prokka:FOM_2_00856 (length 494)
prokka_FOM_2/FOM_2:Prokka:FOM_2_00857 (length 124)
prokka_FOM_2/FOM_2:Prokka:FOM_2_00859 (length 314)
prokka_FOM_2/FOM_2:Prokka:FOM_2_00860 (length 272)
prokka_FOM_2/FOM_2:Prokka:FOM_2_00861 (length 301)
prokka_FOM_2/FOM_2:Prokka:FOM_2_00862 (length 180)
prokka_FOM_2/FOM_2:Prokka:FOM_2_00863 (length 345)
prokka_FOM_2/FOM_2:Prokka:FOM_2_00864 (length 352)
prokka_FOM_2/FOM_2:Prokka:FOM_2_00865 (length 328)
prokka_FOM_2/FOM_2:Prokka:FOM_2_00866 (length 311)
prokka_FOM_2/FOM_2:Prokka:FOM_2_00867 (length 940)
prokka_FOM_2/FOM_2:Prokka:FOM_2_00868 (length 170)
prokka_FOM_2/FOM_2:Prokka:FOM_2_00869 (length 431)
prokka_FOM_2/FOM_2:Prokka:FOM_2_00870 (length 246)
prokka_FOM_2/FOM_2:Prokka:FOM_2_00871 (length 778)
prokka_FOM_2/FOM_2:Prokka:FOM_2_00872 (length 200)
prokka_FOM_2/FOM_2:Prokka:FOM_2_00873 (length 187)
prokka_FOM_2/FOM_2:Prokka:FOM_2_00874 (length 126)
prokka_FOM_2/FOM_2:Prokka:FOM_2_00875 (length 45)
prokka_FOM_2/FOM_2:Prokka:FOM_2_00876 (length 376)
prokka_FOM_2/FOM_2:Prokka:FOM_2_00877 (length 763)
prokka_FOM_2/FOM_2:Prokka:FOM_2_00878 (length 678)
prokka_FOM_2/FOM_2:Prokka:FOM_2_00879 (length 394)
prokka_FOM_2/FOM_2:Prokka:FOM_2_00880 (length 211)
prokka_FOM_2/FOM_2:Prokka:FOM_2_00881 (length 382)
prokka_FOM_2/FOM_2:Prokka:FOM_2_00882 (length 670)
prokka_FOM_2/FOM_2:Prokka:FOM_2_00883 (length 137)
prokka_FOM_2/FOM_2:Prokka:FOM_2_00884 (length 458)
prokka_FOM_2/FOM_2:Prokka:FOM_2_00885 (length 284)
prokka_FOM_2/FOM_2:Prokka:FOM_2_00886 (length 257)
prokka_FOM_2/FOM_2:Prokka:FOM_2_00887 (length 486)
prokka_FOM_2/FOM_2:Prokka:FOM_2_00888 (length 255)
prokka_FOM_2/FOM_2:Prokka:FOM_2_00889 (length 89)
prokka_FOM_2/FOM_2:Prokka:FOM_2_00890 (length 140)
prokka_FOM_2/FOM_2:Prokka:FOM_2_00891 (length 233)
prokka_FOM_2/FOM_2:Prokka:FOM_2_00892 (length 369)
prokka_FOM_2/FOM_2:Prokka:FOM_2_00893 (length 220)
prokka_FOM_2/FOM_2:Prokka:FOM_2_00894 (length 141)
prokka_FOM_2/FOM_2:Prokka:FOM_2_00895 (length 308)
prokka_FOM_2/FOM_2:Prokka:FOM_2_00896 (length 315)
prokka_FOM_2/FOM_2:Prokka:FOM_2_00897 (length 453)
prokka_FOM_2/FOM_2:Prokka:FOM_2_00898 (length 210)
prokka_FOM_2/FOM_2:Prokka:FOM_2_00899 (length 50)
prokka_FOM_2/FOM_2:Prokka:FOM_2_00900 (length 109)
prokka_FOM_2/FOM_2:Prokka:FOM_2_00901 (length 69)
prokka_FOM_2/FOM_2:Prokka:FOM_2_00902 (length 328)
prokka_FOM_2/FOM_2:Prokka:FOM_2_00903 (length 197)
prokka_FOM_2/FOM_2:Prokka:FOM_2_00904 (length 256)
prokka_FOM_2/FOM_2:Prokka:FOM_2_00905 (length 304)
prokka_FOM_2/FOM_2:Prokka:FOM_2_00906 (length 645)
prokka_FOM_2/FOM_2:Prokka:FOM_2_00907 (length 317)
prokka_FOM_2/FOM_2:Prokka:FOM_2_00908 (length 324)
prokka_FOM_2/FOM_2:Prokka:FOM_2_00909 (length 317)
prokka_FOM_2/FOM_2:Prokka:FOM_2_00910 (length 343)
prokka_FOM_2/FOM_2:Prokka:FOM_2_00911 (length 209)
prokka_FOM_2/FOM_2:Prokka:FOM_2_00912 (length 150)
prokka_FOM_2/FOM_2:Prokka:FOM_2_00913 (length 313)
prokka_FOM_2/FOM_2:Prokka:FOM_2_00914 (length 487)
prokka_FOM_2/FOM_2:Prokka:FOM_2_00915 (length 328)
prokka_FOM_2/FOM_2:Prokka:FOM_2_00916 (length 186)
prokka_FOM_2/FOM_2:Prokka:FOM_2_00917 (length 368)
prokka_FOM_2/FOM_2:Prokka:FOM_2_00918 (length 442)
prokka_FOM_2/FOM_2:Prokka:FOM_2_00919 (length 89)
prokka_FOM_2/FOM_2:Prokka:FOM_2_00920 (length 593)
prokka_FOM_2/FOM_2:Prokka:FOM_2_00921 (length 466)
prokka_FOM_2/FOM_2:Prokka:FOM_2_00922 (length 187)
prokka_FOM_2/FOM_2:Prokka:FOM_2_00923 (length 316)
prokka_FOM_2/FOM_2:Prokka:FOM_2_00924 (length 631)
prokka_FOM_2/FOM_2:Prokka:FOM_2_00925 (length 705)
prokka_FOM_2/FOM_2:Prokka:FOM_2_00926 (length 245)
prokka_FOM_2/FOM_2:Prokka:FOM_2_00927 (length 165)
prokka_FOM_2/FOM_2:Prokka:FOM_2_00928 (length 155)
prokka_FOM_2/FOM_2:Prokka:FOM_2_00929 (length 535)
prokka_FOM_2/FOM_2:Prokka:FOM_2_00930 (length 244)
prokka_FOM_2/FOM_2:Prokka:FOM_2_00931 (length 292)
prokka_FOM_2/FOM_2:Prokka:FOM_2_00932 (length 541)
prokka_FOM_2/FOM_2:Prokka:FOM_2_00933 (length 185)
prokka_FOM_2/FOM_2:Prokka:FOM_2_00934 (length 443)
prokka_FOM_2/FOM_2:Prokka:FOM_2_00935 (length 190)
prokka_FOM_2/FOM_2:Prokka:FOM_2_00936 (length 167)
prokka_FOM_2/FOM_2:Prokka:FOM_2_00937 (length 226)
prokka_FOM_2/FOM_2:Prokka:FOM_2_00938 (length 351)
prokka_FOM_2/FOM_2:Prokka:FOM_2_00939 (length 324)
prokka_FOM_2/FOM_2:Prokka:FOM_2_00940 (length 397)
prokka_FOM_2/FOM_2:Prokka:FOM_2_00941 (length 122)
prokka_FOM_2/FOM_2:Prokka:FOM_2_00942 (length 89)
prokka_FOM_2/FOM_2:Prokka:FOM_2_00943 (length 49)
prokka_FOM_2/FOM_2:Prokka:FOM_2_00944 (length 122)
prokka_FOM_2/FOM_2:Prokka:FOM_2_00945 (length 210)
prokka_FOM_2/FOM_2:Prokka:FOM_2_00946 (length 59)
prokka_FOM_2/FOM_2:Prokka:FOM_2_00947 (length 397)
prokka_FOM_2/FOM_2:Prokka:FOM_2_00948 (length 410)
prokka_FOM_2/FOM_2:Prokka:FOM_2_00949 (length 265)
prokka_FOM_2/FOM_2:Prokka:FOM_2_00950 (length 230)
prokka_FOM_2/FOM_2:Prokka:FOM_2_00951 (length 139)
prokka_FOM_2/FOM_2:Prokka:FOM_2_00952 (length 427)
prokka_FOM_2/FOM_2:Prokka:FOM_2_00953 (length 49)
prokka_FOM_2/FOM_2:Prokka:FOM_2_00954 (length 467)
prokka_FOM_2/FOM_2:Prokka:FOM_2_00955 (length 77)
prokka_FOM_2/FOM_2:Prokka:FOM_2_00956 (length 208)
prokka_FOM_2/FOM_2:Prokka:FOM_2_00957 (length 128)
prokka_FOM_2/FOM_2:Prokka:FOM_2_00958 (length 158)
prokka_FOM_2/FOM_2:Prokka:FOM_2_00959 (length 125)
prokka_FOM_2/FOM_2:Prokka:FOM_2_00960 (length 47)
prokka_FOM_2/FOM_2:Prokka:FOM_2_00961 (length 177)
prokka_FOM_2/FOM_2:Prokka:FOM_2_00962 (length 1061)
prokka_FOM_2/FOM_2:Prokka:FOM_2_00963 (length 389)
prokka_FOM_2/FOM_2:Prokka:FOM_2_00964 (length 310)
prokka_FOM_2/FOM_2:Prokka:FOM_2_00965 (length 402)
prokka_FOM_2/FOM_2:Prokka:FOM_2_00966 (length 172)
prokka_FOM_2/FOM_2:Prokka:FOM_2_00967 (length 270)
prokka_FOM_2/FOM_2:Prokka:FOM_2_00968 (length 91)
prokka_FOM_2/FOM_2:Prokka:FOM_2_00969 (length 436)
prokka_FOM_2/FOM_2:Prokka:FOM_2_00970 (length 410)
prokka_FOM_2/FOM_2:Prokka:FOM_2_00971 (length 224)
prokka_FOM_2/FOM_2:Prokka:FOM_2_00972 (length 214)
prokka_FOM_2/FOM_2:Prokka:FOM_2_00973 (length 480)
prokka_FOM_2/FOM_2:Prokka:FOM_2_00974 (length 350)
prokka_FOM_2/FOM_2:Prokka:FOM_2_00975 (length 192)
prokka_FOM_2/FOM_2:Prokka:FOM_2_00976 (length 172)
prokka_FOM_2/FOM_2:Prokka:FOM_2_00977 (length 195)
prokka_FOM_2/FOM_2:Prokka:FOM_2_00978 (length 255)
prokka_FOM_2/FOM_2:Prokka:FOM_2_00979 (length 211)
prokka_FOM_2/FOM_2:Prokka:FOM_2_00980 (length 260)
prokka_FOM_2/FOM_2:Prokka:FOM_2_00981 (length 123)
prokka_FOM_2/FOM_2:Prokka:FOM_2_00982 (length 303)
prokka_FOM_2/FOM_2:Prokka:FOM_2_00983 (length 291)
prokka_FOM_2/FOM_2:Prokka:FOM_2_00984 (length 183)
prokka_FOM_2/FOM_2:Prokka:FOM_2_00985 (length 321)
prokka_FOM_2/FOM_2:Prokka:FOM_2_00986 (length 56)
prokka_FOM_2/FOM_2:Prokka:FOM_2_00987 (length 148)
prokka_FOM_2/FOM_2:Prokka:FOM_2_00988 (length 744)
prokka_FOM_2/FOM_2:Prokka:FOM_2_00989 (length 1127)
prokka_FOM_2/FOM_2:Prokka:FOM_2_00990 (length 66)
prokka_FOM_2/FOM_2:Prokka:FOM_2_00991 (length 165)
prokka_FOM_2/FOM_2:Prokka:FOM_2_00992 (length 629)
prokka_FOM_2/FOM_2:Prokka:FOM_2_00993 (length 405)
prokka_FOM_2/FOM_2:Prokka:FOM_2_00994 (length 84)
prokka_FOM_2/FOM_2:Prokka:FOM_2_00995 (length 76)
prokka_FOM_2/FOM_2:Prokka:FOM_2_00996 (length 228)
prokka_FOM_2/FOM_2:Prokka:FOM_2_00997 (length 198)
prokka_FOM_2/FOM_2:Prokka:FOM_2_00998 (length 605)
prokka_FOM_2/FOM_2:Prokka:FOM_2_00999 (length 34)
prokka_FOM_2/FOM_2:Prokka:FOM_2_01000 (length 401)
prokka_FOM_2/FOM_2:Prokka:FOM_2_01001 (length 160)
prokka_FOM_2/FOM_2:Prokka:FOM_2_01002 (length 368)
prokka_FOM_2/FOM_2:Prokka:FOM_2_01003 (length 383)
prokka_FOM_2/FOM_2:Prokka:FOM_2_01004 (length 29)
prokka_FOM_2/FOM_2:Prokka:FOM_2_01005 (length 33)
prokka_FOM_2/FOM_2:Prokka:FOM_2_01006 (length 319)
prokka_FOM_2/FOM_2:Prokka:FOM_2_01007 (length 512)
prokka_FOM_2/FOM_2:Prokka:FOM_2_01008 (length 375)
prokka_FOM_2/FOM_2:Prokka:FOM_2_01009 (length 187)
prokka_FOM_2/FOM_2:Prokka:FOM_2_01010 (length 336)
prokka_FOM_2/FOM_2:Prokka:FOM_2_01011 (length 388)
prokka_FOM_2/FOM_2:Prokka:FOM_2_01012 (length 167)
prokka_FOM_2/FOM_2:Prokka:FOM_2_01013 (length 240)
prokka_FOM_2/FOM_2:Prokka:FOM_2_01014 (length 287)
prokka_FOM_2/FOM_2:Prokka:FOM_2_01015 (length 255)
prokka_FOM_2/FOM_2:Prokka:FOM_2_01016 (length 185)
prokka_FOM_2/FOM_2:Prokka:FOM_2_01017 (length 240)
prokka_FOM_2/FOM_2:Prokka:FOM_2_01018 (length 292)
prokka_FOM_2/FOM_2:Prokka:FOM_2_01019 (length 258)
prokka_FOM_2/FOM_2:Prokka:FOM_2_01020 (length 96)
prokka_FOM_2/FOM_2:Prokka:FOM_2_01021 (length 253)
prokka_FOM_2/FOM_2:Prokka:FOM_2_01022 (length 214)
prokka_FOM_2/FOM_2:Prokka:FOM_2_01023 (length 555)
prokka_FOM_2/FOM_2:Prokka:FOM_2_01024 (length 343)
prokka_FOM_2/FOM_2:Prokka:FOM_2_01025 (length 349)
prokka_FOM_2/FOM_2:Prokka:FOM_2_01026 (length 75)
prokka_FOM_2/FOM_2:Prokka:FOM_2_01027 (length 84)
prokka_FOM_2/FOM_2:Prokka:FOM_2_01028 (length 210)
prokka_FOM_2/FOM_2:Prokka:FOM_2_01029 (length 662)
prokka_FOM_2/FOM_2:Prokka:FOM_2_01030 (length 338)
prokka_FOM_2/FOM_2:Prokka:FOM_2_01031 (length 171)
prokka_FOM_2/FOM_2:Prokka:FOM_2_01032 (length 768)
prokka_FOM_2/FOM_2:Prokka:FOM_2_01033 (length 327)
prokka_FOM_2/FOM_2:Prokka:FOM_2_01034 (length 242)
prokka_FOM_2/FOM_2:Prokka:FOM_2_01035 (length 90)
prokka_FOM_2/FOM_2:Prokka:FOM_2_01036 (length 303)
prokka_FOM_2/FOM_2:Prokka:FOM_2_01037 (length 609)
prokka_FOM_2/FOM_2:Prokka:FOM_2_01038 (length 180)
prokka_FOM_2/FOM_2:Prokka:FOM_2_01039 (length 341)
prokka_FOM_2/FOM_2:Prokka:FOM_2_01040 (length 335)
prokka_FOM_2/FOM_2:Prokka:FOM_2_01041 (length 212)
prokka_FOM_2/FOM_2:Prokka:FOM_2_01042 (length 148)
prokka_FOM_2/FOM_2:Prokka:FOM_2_01043 (length 644)
prokka_FOM_2/FOM_2:Prokka:FOM_2_01044 (length 297)
prokka_FOM_2/FOM_2:Prokka:FOM_2_01045 (length 299)
prokka_FOM_2/FOM_2:Prokka:FOM_2_01046 (length 593)
prokka_FOM_2/FOM_2:Prokka:FOM_2_01047 (length 309)
prokka_FOM_2/FOM_2:Prokka:FOM_2_01048 (length 484)
prokka_FOM_2/FOM_2:Prokka:FOM_2_01049 (length 368)
prokka_FOM_2/FOM_2:Prokka:FOM_2_01050 (length 583)
prokka_FOM_2/FOM_2:Prokka:FOM_2_01051 (length 356)
prokka_FOM_2/FOM_2:Prokka:FOM_2_01052 (length 566)
prokka_FOM_2/FOM_2:Prokka:FOM_2_01053 (length 392)
prokka_FOM_2/FOM_2:Prokka:FOM_2_01054 (length 257)
prokka_FOM_2/FOM_2:Prokka:FOM_2_01055 (length 459)
prokka_FOM_2/FOM_2:Prokka:FOM_2_01056 (length 210)
prokka_FOM_2/FOM_2:Prokka:FOM_2_01057 (length 207)
prokka_FOM_2/FOM_2:Prokka:FOM_2_01058 (length 260)
prokka_FOM_2/FOM_2:Prokka:FOM_2_01059 (length 196)
prokka_FOM_2/FOM_2:Prokka:FOM_2_01060 (length 446)
prokka_FOM_2/FOM_2:Prokka:FOM_2_01061 (length 332)
prokka_FOM_2/FOM_2:Prokka:FOM_2_01062 (length 373)
prokka_FOM_2/FOM_2:Prokka:FOM_2_01063 (length 382)
prokka_FOM_2/FOM_2:Prokka:FOM_2_01064 (length 453)
prokka_FOM_2/FOM_2:Prokka:FOM_2_01065 (length 215)
prokka_FOM_2/FOM_2:Prokka:FOM_2_01066 (length 132)
prokka_FOM_2/FOM_2:Prokka:FOM_2_01067 (length 379)
prokka_FOM_2/FOM_2:Prokka:FOM_2_01068 (length 422)
prokka_FOM_2/FOM_2:Prokka:FOM_2_01069 (length 377)
prokka_FOM_2/FOM_2:Prokka:FOM_2_01070 (length 637)
prokka_FOM_2/FOM_2:Prokka:FOM_2_01071 (length 343)
prokka_FOM_2/FOM_2:Prokka:FOM_2_01072 (length 395)
prokka_FOM_2/FOM_2:Prokka:FOM_2_01073 (length 651)
prokka_FOM_2/FOM_2:Prokka:FOM_2_01074 (length 887)
prokka_FOM_2/FOM_2:Prokka:FOM_2_01075 (length 35)
prokka_FOM_2/FOM_2:Prokka:FOM_2_01076 (length 63)
prokka_FOM_2/FOM_2:Prokka:FOM_2_01077 (length 1038)
prokka_FOM_2/FOM_2:Prokka:FOM_2_01078 (length 283)
prokka_FOM_2/FOM_2:Prokka:FOM_2_01079 (length 63)
prokka_FOM_2/FOM_2:Prokka:FOM_2_01080 (length 785)
prokka_FOM_2/FOM_2:Prokka:FOM_2_01081 (length 124)
prokka_FOM_2/FOM_2:Prokka:FOM_2_01082 (length 733)
prokka_FOM_2/FOM_2:Prokka:FOM_2_01083 (length 559)
prokka_FOM_2/FOM_2:Prokka:FOM_2_01084 (length 102)
prokka_FOM_2/FOM_2:Prokka:FOM_2_01085 (length 100)
prokka_FOM_2/FOM_2:Prokka:FOM_2_01086 (length 121)
prokka_FOM_2/FOM_2:Prokka:FOM_2_01087 (length 126)
prokka_FOM_2/FOM_2:Prokka:FOM_2_01088 (length 35)
prokka_FOM_2/FOM_2:Prokka:FOM_2_01089 (length 192)
prokka_FOM_2/FOM_2:Prokka:FOM_2_01090 (length 195)
prokka_FOM_2/FOM_2:Prokka:FOM_2_01091 (length 135)
prokka_FOM_2/FOM_2:Prokka:FOM_2_01092 (length 433)
prokka_FOM_2/FOM_2:Prokka:FOM_2_01093 (length 80)
prokka_FOM_2/FOM_2:Prokka:FOM_2_01094 (length 650)
prokka_FOM_2/FOM_2:Prokka:FOM_2_01095 (length 214)
prokka_FOM_2/FOM_2:Prokka:FOM_2_01096 (length 112)
prokka_FOM_2/FOM_2:Prokka:FOM_2_01097 (length 262)
prokka_FOM_2/FOM_2:Prokka:FOM_2_01098 (length 102)
prokka_FOM_2/FOM_2:Prokka:FOM_2_01099 (length 172)
prokka_FOM_2/FOM_2:Prokka:FOM_2_01100 (length 807)
prokka_FOM_2/FOM_2:Prokka:FOM_2_01101 (length 1111)
prokka_FOM_2/FOM_2:Prokka:FOM_2_01102 (length 628)
prokka_FOM_2/FOM_2:Prokka:FOM_2_01103 (length 195)
prokka_FOM_2/FOM_2:Prokka:FOM_2_01104 (length 751)
prokka_FOM_2/FOM_2:Prokka:FOM_2_01105 (length 91)
prokka_FOM_2/FOM_2:Prokka:FOM_2_01106 (length 90)
prokka_FOM_2/FOM_2:Prokka:FOM_2_01107 (length 66)
prokka_FOM_2/FOM_2:Prokka:FOM_2_01108 (length 148)
prokka_FOM_2/FOM_2:Prokka:FOM_2_01109 (length 64)
prokka_FOM_2/FOM_2:Prokka:FOM_2_01110 (length 126)
prokka_FOM_2/FOM_2:Prokka:FOM_2_01111 (length 96)
prokka_FOM_2/FOM_2:Prokka:FOM_2_01112 (length 97)
prokka_FOM_2/FOM_2:Prokka:FOM_2_01113 (length 46)
prokka_FOM_2/FOM_2:Prokka:FOM_2_01114 (length 198)
prokka_FOM_2/FOM_2:Prokka:FOM_2_01115 (length 31)
prokka_FOM_2/FOM_2:Prokka:FOM_2_01116 (length 146)
prokka_FOM_2/FOM_2:Prokka:FOM_2_01117 (length 442)
prokka_FOM_2/FOM_2:Prokka:FOM_2_01118 (length 577)
prokka_FOM_2/FOM_2:Prokka:FOM_2_01119 (length 474)
prokka_FOM_2/FOM_2:Prokka:FOM_2_01120 (length 113)
prokka_FOM_2/FOM_2:Prokka:FOM_2_01121 (length 231)
prokka_FOM_2/FOM_2:Prokka:FOM_2_01122 (length 260)
prokka_FOM_2/FOM_2:Prokka:FOM_2_01123 (length 112)
prokka_FOM_2/FOM_2:Prokka:FOM_2_01124 (length 336)
prokka_FOM_2/FOM_2:Prokka:FOM_2_01125 (length 142)
prokka_FOM_2/FOM_2:Prokka:FOM_2_01126 (length 116)
prokka_FOM_2/FOM_2:Prokka:FOM_2_01127 (length 77)
prokka_FOM_2/FOM_2:Prokka:FOM_2_01128 (length 100)
prokka_FOM_2/FOM_2:Prokka:FOM_2_01129 (length 88)
prokka_FOM_2/FOM_2:Prokka:FOM_2_01130 (length 177)
prokka_FOM_2/FOM_2:Prokka:FOM_2_01131 (length 208)
prokka_FOM_2/FOM_2:Prokka:FOM_2_01132 (length 149)
prokka_FOM_2/FOM_2:Prokka:FOM_2_01133 (length 444)
prokka_FOM_2/FOM_2:Prokka:FOM_2_01134 (length 351)
prokka_FOM_2/FOM_2:Prokka:FOM_2_01135 (length 159)
prokka_FOM_2/FOM_2:Prokka:FOM_2_01136 (length 184)
prokka_FOM_2/FOM_2:Prokka:FOM_2_01137 (length 103)
prokka_FOM_2/FOM_2:Prokka:FOM_2_01138 (length 410)
prokka_FOM_2/FOM_2:Prokka:FOM_2_01139 (length 614)
prokka_FOM_2/FOM_2:Prokka:FOM_2_01140 (length 260)
prokka_FOM_2/FOM_2:Prokka:FOM_2_01141 (length 95)
prokka_FOM_2/FOM_2:Prokka:FOM_2_01142 (length 195)
prokka_FOM_2/FOM_2:Prokka:FOM_2_01143 (length 160)
prokka_FOM_2/FOM_2:Prokka:FOM_2_01144 (length 197)
prokka_FOM_2/FOM_2:Prokka:FOM_2_01145 (length 70)
prokka_FOM_2/FOM_2:Prokka:FOM_2_01146 (length 559)
prokka_FOM_2/FOM_2:Prokka:FOM_2_01147 (length 159)
prokka_FOM_2/FOM_2:Prokka:FOM_2_01148 (length 176)
prokka_FOM_2/FOM_2:Prokka:FOM_2_01149 (length 228)
prokka_FOM_2/FOM_2:Prokka:FOM_2_01150 (length 29)
prokka_FOM_2/FOM_2:Prokka:FOM_2_01151 (length 313)
prokka_FOM_2/FOM_2:Prokka:FOM_2_01152 (length 176)
prokka_FOM_2/FOM_2:Prokka:FOM_2_01153 (length 280)
prokka_FOM_2/FOM_2:Prokka:FOM_2_01154 (length 449)
prokka_FOM_2/FOM_2:Prokka:FOM_2_01155 (length 55)
prokka_FOM_2/FOM_2:Prokka:FOM_2_01156 (length 572)
prokka_FOM_2/FOM_2:Prokka:FOM_2_01157 (length 395)
prokka_FOM_2/FOM_2:Prokka:FOM_2_01158 (length 206)
prokka_FOM_2/FOM_2:Prokka:FOM_2_01159 (length 187)
prokka_FOM_2/FOM_2:Prokka:FOM_2_01160 (length 308)
prokka_FOM_2/FOM_2:Prokka:FOM_2_01161 (length 209)
prokka_FOM_2/FOM_2:Prokka:FOM_2_01162 (length 293)
prokka_FOM_2/FOM_2:Prokka:FOM_2_01163 (length 305)
prokka_FOM_2/FOM_2:Prokka:FOM_2_01164 (length 709)
prokka_FOM_2/FOM_2:Prokka:FOM_2_01165 (length 288)
prokka_FOM_2/FOM_2:Prokka:FOM_2_01166 (length 254)
prokka_FOM_2/FOM_2:Prokka:FOM_2_01167 (length 290)
prokka_FOM_2/FOM_2:Prokka:FOM_2_01168 (length 73)
prokka_FOM_2/FOM_2:Prokka:FOM_2_01169 (length 204)
prokka_FOM_2/FOM_2:Prokka:FOM_2_01170 (length 295)
prokka_FOM_2/FOM_2:Prokka:FOM_2_01171 (length 283)
prokka_FOM_2/FOM_2:Prokka:FOM_2_01172 (length 288)
prokka_FOM_2/FOM_2:Prokka:FOM_2_01173 (length 410)
prokka_FOM_2/FOM_2:Prokka:FOM_2_01174 (length 431)
prokka_FOM_2/FOM_2:Prokka:FOM_2_01175 (length 138)
prokka_FOM_2/FOM_2:Prokka:FOM_2_01176 (length 217)
prokka_FOM_2/FOM_2:Prokka:FOM_2_01177 (length 568)
prokka_FOM_2/FOM_2:Prokka:FOM_2_01178 (length 313)
prokka_FOM_2/FOM_2:Prokka:FOM_2_01179 (length 399)
prokka_FOM_2/FOM_2:Prokka:FOM_2_01180 (length 407)
prokka_FOM_2/FOM_2:Prokka:FOM_2_01181 (length 303)
prokka_FOM_2/FOM_2:Prokka:FOM_2_01182 (length 118)
prokka_FOM_2/FOM_2:Prokka:FOM_2_01183 (length 749)
prokka_FOM_2/FOM_2:Prokka:FOM_2_01184 (length 101)
prokka_FOM_2/FOM_2:Prokka:FOM_2_01185 (length 99)
prokka_FOM_2/FOM_2:Prokka:FOM_2_01186 (length 379)
prokka_FOM_2/FOM_2:Prokka:FOM_2_01187 (length 228)
prokka_FOM_2/FOM_2:Prokka:FOM_2_01188 (length 122)
prokka_FOM_2/FOM_2:Prokka:FOM_2_01189 (length 131)
prokka_FOM_2/FOM_2:Prokka:FOM_2_01190 (length 368)
prokka_FOM_2/FOM_2:Prokka:FOM_2_01191 (length 402)
prokka_FOM_2/FOM_2:Prokka:FOM_2_01192 (length 56)
prokka_FOM_2/FOM_2:Prokka:FOM_2_01193 (length 501)
prokka_FOM_2/FOM_2:Prokka:FOM_2_01194 (length 155)
prokka_FOM_2/FOM_2:Prokka:FOM_2_01195 (length 38)
prokka_FOM_2/FOM_2:Prokka:FOM_2_01196 (length 49)
prokka_FOM_2/FOM_2:Prokka:FOM_2_01197 (length 392)
prokka_FOM_2/FOM_2:Prokka:FOM_2_01198 (length 396)
prokka_FOM_2/FOM_2:Prokka:FOM_2_01199 (length 256)
prokka_FOM_2/FOM_2:Prokka:FOM_2_01200 (length 268)
prokka_FOM_2/FOM_2:Prokka:FOM_2_01201 (length 431)
prokka_FOM_2/FOM_2:Prokka:FOM_2_01202 (length 204)
prokka_FOM_2/FOM_2:Prokka:FOM_2_01203 (length 291)
prokka_FOM_2/FOM_2:Prokka:FOM_2_01204 (length 386)
prokka_FOM_2/FOM_2:Prokka:FOM_2_01205 (length 138)
prokka_FOM_2/FOM_2:Prokka:FOM_2_01206 (length 348)
prokka_FOM_2/FOM_2:Prokka:FOM_2_01207 (length 294)
prokka_FOM_2/FOM_2:Prokka:FOM_2_01208 (length 309)
prokka_FOM_2/FOM_2:Prokka:FOM_2_01209 (length 209)
prokka_FOM_2/FOM_2:Prokka:FOM_2_01210 (length 416)
prokka_FOM_2/FOM_2:Prokka:FOM_2_01211 (length 587)
prokka_FOM_2/FOM_2:Prokka:FOM_2_01212 (length 179)
prokka_FOM_2/FOM_2:Prokka:FOM_2_01213 (length 201)
prokka_FOM_2/FOM_2:Prokka:FOM_2_01214 (length 178)
prokka_FOM_2/FOM_2:Prokka:FOM_2_01215 (length 412)
prokka_FOM_2/FOM_2:Prokka:FOM_2_01216 (length 645)
prokka_FOM_2/FOM_2:Prokka:FOM_2_01217 (length 281)
prokka_FOM_2/FOM_2:Prokka:FOM_2_01218 (length 61)
prokka_FOM_2/FOM_2:Prokka:FOM_2_01219 (length 203)
prokka_FOM_2/FOM_2:Prokka:FOM_2_01220 (length 185)
prokka_FOM_2/FOM_2:Prokka:FOM_2_01221 (length 133)
prokka_FOM_2/FOM_2:Prokka:FOM_2_01222 (length 81)
prokka_FOM_2/FOM_2:Prokka:FOM_2_01223 (length 104)
prokka_FOM_2/FOM_2:Prokka:FOM_2_01224 (length 238)
prokka_FOM_2/FOM_2:Prokka:FOM_2_01225 (length 105)
prokka_FOM_2/FOM_2:Prokka:FOM_2_01226 (length 39)
prokka_FOM_2/FOM_2:Prokka:FOM_2_01228 (length 254)
prokka_FOM_2/FOM_2:Prokka:FOM_2_01229 (length 243)
prokka_FOM_2/FOM_2:Prokka:FOM_2_01230 (length 173)
prokka_FOM_2/FOM_2:Prokka:FOM_2_01231 (length 102)
prokka_FOM_2/FOM_2:Prokka:FOM_2_01232 (length 297)
prokka_FOM_2/FOM_2:Prokka:FOM_2_01233 (length 135)
prokka_FOM_2/FOM_2:Prokka:FOM_2_01234 (length 386)
prokka_FOM_2/FOM_2:Prokka:FOM_2_01235 (length 175)
prokka_FOM_2/FOM_2:Prokka:FOM_2_01236 (length 150)
prokka_FOM_2/FOM_2:Prokka:FOM_2_01237 (length 135)
prokka_FOM_2/FOM_2:Prokka:FOM_2_01238 (length 107)
prokka_FOM_2/FOM_2:Prokka:FOM_2_01239 (length 289)
prokka_FOM_2/FOM_2:Prokka:FOM_2_01240 (length 130)
prokka_FOM_2/FOM_2:Prokka:FOM_2_01241 (length 291)
prokka_FOM_2/FOM_2:Prokka:FOM_2_01242 (length 541)
prokka_FOM_2/FOM_2:Prokka:FOM_2_01243 (length 106)
prokka_FOM_2/FOM_2:Prokka:FOM_2_01244 (length 115)
prokka_FOM_2/FOM_2:Prokka:FOM_2_01245 (length 135)
prokka_FOM_2/FOM_2:Prokka:FOM_2_01246 (length 93)
prokka_FOM_2/FOM_2:Prokka:FOM_2_01247 (length 87)
prokka_FOM_2/FOM_2:Prokka:FOM_2_01248 (length 460)
prokka_FOM_2/FOM_2:Prokka:FOM_2_01249 (length 207)
prokka_FOM_2/FOM_2:Prokka:FOM_2_01250 (length 75)
prokka_FOM_2/FOM_2:Prokka:FOM_2_01251 (length 171)
prokka_FOM_2/FOM_2:Prokka:FOM_2_01252 (length 49)
prokka_FOM_2/FOM_2:Prokka:FOM_2_01253 (length 330)
prokka_FOM_2/FOM_2:Prokka:FOM_2_01254 (length 237)
prokka_FOM_2/FOM_2:Prokka:FOM_2_01255 (length 391)
prokka_FOM_2/FOM_2:Prokka:FOM_2_01256 (length 461)
prokka_FOM_2/FOM_2:Prokka:FOM_2_01257 (length 303)
prokka_FOM_2/FOM_2:Prokka:FOM_2_01258 (length 271)
prokka_FOM_2/FOM_2:Prokka:FOM_2_01259 (length 200)
prokka_FOM_2/FOM_2:Prokka:FOM_2_01260 (length 203)
prokka_FOM_2/FOM_2:Prokka:FOM_2_01261 (length 172)
prokka_FOM_2/FOM_2:Prokka:FOM_2_01262 (length 198)
prokka_FOM_2/FOM_2:Prokka:FOM_2_01263 (length 281)
prokka_FOM_2/FOM_2:Prokka:FOM_2_01264 (length 206)
prokka_FOM_2/FOM_2:Prokka:FOM_2_01265 (length 103)
prokka_FOM_2/FOM_2:Prokka:FOM_2_01266 (length 478)
prokka_FOM_2/FOM_2:Prokka:FOM_2_11 (length 38075)
prokka_FOM_2/FOM_2:Prokka:FOM_2_01275 (length 233)
prokka_FOM_2/FOM_2:Prokka:FOM_2_01276 (length 629)
prokka_FOM_2/FOM_2:Prokka:FOM_2_01277 (length 441)
prokka_FOM_2/FOM_2:Prokka:FOM_2_01278 (length 270)
prokka_FOM_2/FOM_2:Prokka:FOM_2_01279 (length 266)
prokka_FOM_2/FOM_2:Prokka:FOM_2_01280 (length 430)
prokka_FOM_2/FOM_2:Prokka:FOM_2_01281 (length 145)
prokka_FOM_2/FOM_2:Prokka:FOM_2_01282 (length 452)
prokka_FOM_2/FOM_2:Prokka:FOM_2_01283 (length 278)
prokka_FOM_2/FOM_2:Prokka:FOM_2_01284 (length 197)
prokka_FOM_2/FOM_2:Prokka:FOM_2_01285 (length 264)
prokka_FOM_2/FOM_2:Prokka:FOM_2_01286 (length 143)
prokka_FOM_2/FOM_2:Prokka:FOM_2_01287 (length 292)
prokka_FOM_2/FOM_2:Prokka:FOM_2_01288 (length 275)
prokka_FOM_2/FOM_2:Prokka:FOM_2_01289 (length 536)
prokka_FOM_2/FOM_2:Prokka:FOM_2_01290 (length 420)
prokka_FOM_2/FOM_2:Prokka:FOM_2_01291 (length 524)
prokka_FOM_2/FOM_2:Prokka:FOM_2_01292 (length 494)
prokka_FOM_2/FOM_2:Prokka:FOM_2_01293 (length 120)
prokka_FOM_2/FOM_2:Prokka:FOM_2_01294 (length 442)
prokka_FOM_2/FOM_2:Prokka:FOM_2_01295 (length 49)
prokka_FOM_2/FOM_2:Prokka:FOM_2_01296 (length 513)
prokka_FOM_2/FOM_2:Prokka:FOM_2_01297 (length 408)
prokka_FOM_2/FOM_2:Prokka:FOM_2_01298 (length 79)
prokka_FOM_2/FOM_2:Prokka:FOM_2_01299 (length 417)
prokka_FOM_2/FOM_2:Prokka:FOM_2_01300 (length 357)
prokka_FOM_2/FOM_2:Prokka:FOM_2_01301 (length 379)
prokka_FOM_2/FOM_2:Prokka:FOM_2_01302 (length 282)
prokka_FOM_2/FOM_2:Prokka:FOM_2_01303 (length 469)
prokka_FOM_2/FOM_2:Prokka:FOM_2_01304 (length 290)
prokka_FOM_2/FOM_2:Prokka:FOM_2_01305 (length 339)
prokka_FOM_2/FOM_2:Prokka:FOM_2_01306 (length 309)
prokka_FOM_2/FOM_2:Prokka:FOM_2_12 (length 128655)
prokka_FOM_2/FOM_2:Prokka:FOM_2_01307 (length 484)
prokka_FOM_2/FOM_2:Prokka:FOM_2_01308 (length 289)
prokka_FOM_2/FOM_2:Prokka:FOM_2_01309 (length 253)
prokka_FOM_2/FOM_2:Prokka:FOM_2_01310 (length 565)
prokka_FOM_2/FOM_2:Prokka:FOM_2_01311 (length 133)
prokka_FOM_2/FOM_2:Prokka:FOM_2_01312 (length 961)
prokka_FOM_2/FOM_2:Prokka:FOM_2_01313 (length 160)
prokka_FOM_2/FOM_2:Prokka:FOM_2_01314 (length 317)
prokka_FOM_2/FOM_2:Prokka:FOM_2_01315 (length 181)
prokka_FOM_2/FOM_2:Prokka:FOM_2_01316 (length 265)
prokka_FOM_2/FOM_2:Prokka:FOM_2_01317 (length 65)
prokka_FOM_2/FOM_2:Prokka:FOM_2_01318 (length 67)
prokka_FOM_2/FOM_2:Prokka:FOM_2_01319 (length 444)
prokka_FOM_2/FOM_2:Prokka:FOM_2_01320 (length 167)
prokka_FOM_2/FOM_2:Prokka:FOM_2_01321 (length 405)
prokka_FOM_2/FOM_2:Prokka:FOM_2_01322 (length 331)
prokka_FOM_2/FOM_2:Prokka:FOM_2_01323 (length 254)
prokka_FOM_2/FOM_2:Prokka:FOM_2_01324 (length 257)
prokka_FOM_2/FOM_2:Prokka:FOM_2_01325 (length 190)
prokka_FOM_2/FOM_2:Prokka:FOM_2_01326 (length 328)
prokka_FOM_2/FOM_2:Prokka:FOM_2_01328 (length 53)
prokka_FOM_2/FOM_2:Prokka:FOM_2_01329 (length 64)
prokka_FOM_2/FOM_2:Prokka:FOM_2_01330 (length 78)
prokka_FOM_2/FOM_2:Prokka:FOM_2_01331 (length 55)
prokka_FOM_2/FOM_2:Prokka:FOM_2_01332 (length 403)
prokka_FOM_2/FOM_2:Prokka:FOM_2_01333 (length 259)
prokka_FOM_2/FOM_2:Prokka:FOM_2_01334 (length 45)
prokka_FOM_2/FOM_2:Prokka:FOM_2_01335 (length 182)
prokka_FOM_2/FOM_2:Prokka:FOM_2_01336 (length 233)
prokka_FOM_2/FOM_2:Prokka:FOM_2_01337 (length 615)
prokka_FOM_2/FOM_2:Prokka:FOM_2_01338 (length 489)
prokka_FOM_2/FOM_2:Prokka:FOM_2_01339 (length 305)
prokka_FOM_2/FOM_2:Prokka:FOM_2_01340 (length 206)
prokka_FOM_2/FOM_2:Prokka:FOM_2_01341 (length 350)
prokka_FOM_2/FOM_2:Prokka:FOM_2_01342 (length 99)
prokka_FOM_2/FOM_2:Prokka:FOM_2_01343 (length 449)
prokka_FOM_2/FOM_2:Prokka:FOM_2_01344 (length 692)
prokka_FOM_2/FOM_2:Prokka:FOM_2_01345 (length 458)
prokka_FOM_2/FOM_2:Prokka:FOM_2_01346 (length 349)
prokka_FOM_2/FOM_2:Prokka:FOM_2_01347 (length 413)
prokka_FOM_2/FOM_2:Prokka:FOM_2_01348 (length 566)
prokka_FOM_2/FOM_2:Prokka:FOM_2_01349 (length 250)
prokka_FOM_2/FOM_2:Prokka:FOM_2_01350 (length 475)
prokka_FOM_2/FOM_2:Prokka:FOM_2_01351 (length 317)
prokka_FOM_2/FOM_2:Prokka:FOM_2_01352 (length 301)
prokka_FOM_2/FOM_2:Prokka:FOM_2_01353 (length 342)
prokka_FOM_2/FOM_2:Prokka:FOM_2_01354 (length 447)
prokka_FOM_2/FOM_2:Prokka:FOM_2_01355 (length 188)
prokka_FOM_2/FOM_2:Prokka:FOM_2_01356 (length 145)
prokka_FOM_2/FOM_2:Prokka:FOM_2_01357 (length 140)
prokka_FOM_2/FOM_2:Prokka:FOM_2_01358 (length 165)
prokka_FOM_2/FOM_2:Prokka:FOM_2_01359 (length 64)
prokka_FOM_2/FOM_2:Prokka:FOM_2_01360 (length 187)
prokka_FOM_2/FOM_2:Prokka:FOM_2_01361 (length 373)
prokka_FOM_2/FOM_2:Prokka:FOM_2_01362 (length 389)
prokka_FOM_2/FOM_2:Prokka:FOM_2_01363 (length 263)
prokka_FOM_2/FOM_2:Prokka:FOM_2_01364 (length 371)
prokka_FOM_2/FOM_2:Prokka:FOM_2_01365 (length 407)
prokka_FOM_2/FOM_2:Prokka:FOM_2_01366 (length 555)
prokka_FOM_2/FOM_2:Prokka:FOM_2_01367 (length 312)
prokka_FOM_2/FOM_2:Prokka:FOM_2_01368 (length 277)
prokka_FOM_2/FOM_2:Prokka:FOM_2_01369 (length 296)
prokka_FOM_2/FOM_2:Prokka:FOM_2_01370 (length 281)
prokka_FOM_2/FOM_2:Prokka:FOM_2_01371 (length 140)
prokka_FOM_2/FOM_2:Prokka:FOM_2_01372 (length 138)
prokka_FOM_2/FOM_2:Prokka:FOM_2_01373 (length 156)
prokka_FOM_2/FOM_2:Prokka:FOM_2_01374 (length 707)
prokka_FOM_2/FOM_2:Prokka:FOM_2_01375 (length 598)
prokka_FOM_2/FOM_2:Prokka:FOM_2_01376 (length 372)
prokka_FOM_2/FOM_2:Prokka:FOM_2_01377 (length 272)
prokka_FOM_2/FOM_2:Prokka:FOM_2_01378 (length 276)
prokka_FOM_2/FOM_2:Prokka:FOM_2_01379 (length 361)
prokka_FOM_2/FOM_2:Prokka:FOM_2_01380 (length 737)
prokka_FOM_2/FOM_2:Prokka:FOM_2_01381 (length 487)
prokka_FOM_2/FOM_2:Prokka:FOM_2_01382 (length 227)
prokka_FOM_2/FOM_2:Prokka:FOM_2_01383 (length 425)
prokka_FOM_2/FOM_2:Prokka:FOM_2_01384 (length 412)
prokka_FOM_2/FOM_2:Prokka:FOM_2_01385 (length 242)
prokka_FOM_2/FOM_2:Prokka:FOM_2_01386 (length 119)
prokka_FOM_2/FOM_2:Prokka:FOM_2_01387 (length 149)
prokka_FOM_2/FOM_2:Prokka:FOM_2_01388 (length 72)
prokka_FOM_2/FOM_2:Prokka:FOM_2_01389 (length 128)
prokka_FOM_2/FOM_2:Prokka:FOM_2_01390 (length 310)
prokka_FOM_2/FOM_2:Prokka:FOM_2_01391 (length 339)
prokka_FOM_2/FOM_2:Prokka:FOM_2_01392 (length 291)
prokka_FOM_2/FOM_2:Prokka:FOM_2_01393 (length 1355)
prokka_FOM_2/FOM_2:Prokka:FOM_2_01394 (length 602)
prokka_FOM_2/FOM_2:Prokka:FOM_2_01395 (length 614)
prokka_FOM_2/FOM_2:Prokka:FOM_2_01396 (length 316)
prokka_FOM_2/FOM_2:Prokka:FOM_2_01397 (length 324)
prokka_FOM_2/FOM_2:Prokka:FOM_2_01398 (length 60)
prokka_FOM_2/FOM_2:Prokka:FOM_2_01399 (length 88)
prokka_FOM_2/FOM_2:Prokka:FOM_2_01400 (length 575)
prokka_FOM_2/FOM_2:Prokka:FOM_2_01401 (length 262)
prokka_FOM_2/FOM_2:Prokka:FOM_2_01402 (length 65)
prokka_FOM_2/FOM_2:Prokka:FOM_2_01403 (length 88)
prokka_FOM_2/FOM_2:Prokka:FOM_2_01404 (length 451)
prokka_FOM_2/FOM_2:Prokka:FOM_2_01405 (length 458)
prokka_FOM_2/FOM_2:Prokka:FOM_2_01406 (length 475)
prokka_FOM_2/FOM_2:Prokka:FOM_2_01407 (length 78)
prokka_FOM_2/FOM_2:Prokka:FOM_2_01408 (length 785)
prokka_FOM_2/FOM_2:Prokka:FOM_2_01409 (length 155)
prokka_FOM_2/FOM_2:Prokka:FOM_2_01410 (length 266)
prokka_FOM_2/FOM_2:Prokka:FOM_2_01411 (length 471)
prokka_FOM_2/FOM_2:Prokka:FOM_2_01412 (length 481)
prokka_FOM_2/FOM_2:Prokka:FOM_2_01413 (length 245)
prokka_FOM_2/FOM_2:Prokka:FOM_2_01414 (length 104)
prokka_FOM_2/FOM_2:Prokka:FOM_2_01415 (length 108)
prokka_FOM_2/FOM_2:Prokka:FOM_2_01416 (length 201)
prokka_FOM_2/FOM_2:Prokka:FOM_2_01417 (length 220)
prokka_FOM_2/FOM_2:Prokka:FOM_2_01418 (length 325)
prokka_FOM_2/FOM_2:Prokka:FOM_2_01419 (length 155)
prokka_FOM_2/FOM_2:Prokka:FOM_2_01420 (length 169)
prokka_FOM_2/FOM_2:Prokka:FOM_2_01421 (length 177)
prokka_FOM_2/FOM_2:Prokka:FOM_2_01422 (length 298)
prokka_FOM_2/FOM_2:Prokka:FOM_2_01423 (length 683)
prokka_FOM_2/FOM_2:Prokka:FOM_2_01424 (length 277)
prokka_FOM_2/FOM_2:Prokka:FOM_2_01425 (length 325)
prokka_FOM_2/FOM_2:Prokka:FOM_2_13 (length 90976)
prokka_FOM_2/FOM_2:Prokka:FOM_2_01427 (length 381)
prokka_FOM_2/FOM_2:Prokka:FOM_2_01428 (length 119)
prokka_FOM_2/FOM_2:Prokka:FOM_2_01429 (length 372)
prokka_FOM_2/FOM_2:Prokka:FOM_2_01430 (length 316)
prokka_FOM_2/FOM_2:Prokka:FOM_2_01431 (length 452)
prokka_FOM_2/FOM_2:Prokka:FOM_2_01432 (length 378)
prokka_FOM_2/FOM_2:Prokka:FOM_2_01433 (length 882)
prokka_FOM_2/FOM_2:Prokka:FOM_2_01434 (length 83)
prokka_FOM_2/FOM_2:Prokka:FOM_2_01435 (length 144)
prokka_FOM_2/FOM_2:Prokka:FOM_2_01436 (length 94)
prokka_FOM_2/FOM_2:Prokka:FOM_2_01437 (length 94)
prokka_FOM_2/FOM_2:Prokka:FOM_2_01438 (length 225)
prokka_FOM_2/FOM_2:Prokka:FOM_2_01439 (length 754)
prokka_FOM_2/FOM_2:Prokka:FOM_2_01440 (length 340)
prokka_FOM_2/FOM_2:Prokka:FOM_2_01441 (length 89)
prokka_FOM_2/FOM_2:Prokka:FOM_2_01442 (length 84)
prokka_FOM_2/FOM_2:Prokka:FOM_2_01443 (length 653)
prokka_FOM_2/FOM_2:Prokka:FOM_2_01444 (length 305)
prokka_FOM_2/FOM_2:Prokka:FOM_2_01445 (length 395)
prokka_FOM_2/FOM_2:Prokka:FOM_2_01446 (length 145)
prokka_FOM_2/FOM_2:Prokka:FOM_2_01447 (length 429)
prokka_FOM_2/FOM_2:Prokka:FOM_2_01448 (length 417)
prokka_FOM_2/FOM_2:Prokka:FOM_2_01449 (length 209)
prokka_FOM_2/FOM_2:Prokka:FOM_2_01450 (length 82)
prokka_FOM_2/FOM_2:Prokka:FOM_2_01451 (length 76)
prokka_FOM_2/FOM_2:Prokka:FOM_2_01452 (length 180)
prokka_FOM_2/FOM_2:Prokka:FOM_2_01453 (length 792)
prokka_FOM_2/FOM_2:Prokka:FOM_2_01454 (length 155)
prokka_FOM_2/FOM_2:Prokka:FOM_2_01455 (length 235)
prokka_FOM_2/FOM_2:Prokka:FOM_2_01456 (length 133)
prokka_FOM_2/FOM_2:Prokka:FOM_2_01457 (length 104)
prokka_FOM_2/FOM_2:Prokka:FOM_2_01458 (length 671)
prokka_FOM_2/FOM_2:Prokka:FOM_2_01459 (length 758)
prokka_FOM_2/FOM_2:Prokka:FOM_2_01460 (length 244)
prokka_FOM_2/FOM_2:Prokka:FOM_2_01461 (length 387)
prokka_FOM_2/FOM_2:Prokka:FOM_2_01462 (length 430)
prokka_FOM_2/FOM_2:Prokka:FOM_2_01463 (length 141)
prokka_FOM_2/FOM_2:Prokka:FOM_2_01464 (length 731)
prokka_FOM_2/FOM_2:Prokka:FOM_2_01465 (length 73)
prokka_FOM_2/FOM_2:Prokka:FOM_2_01466 (length 128)
prokka_FOM_2/FOM_2:Prokka:FOM_2_01467 (length 313)
prokka_FOM_2/FOM_2:Prokka:FOM_2_01468 (length 87)
prokka_FOM_2/FOM_2:Prokka:FOM_2_01469 (length 217)
prokka_FOM_2/FOM_2:Prokka:FOM_2_01470 (length 259)
prokka_FOM_2/FOM_2:Prokka:FOM_2_01471 (length 110)
prokka_FOM_2/FOM_2:Prokka:FOM_2_01472 (length 121)
prokka_FOM_2/FOM_2:Prokka:FOM_2_01473 (length 86)
prokka_FOM_2/FOM_2:Prokka:FOM_2_01474 (length 81)
prokka_FOM_2/FOM_2:Prokka:FOM_2_01475 (length 615)
prokka_FOM_2/FOM_2:Prokka:FOM_2_01476 (length 161)
prokka_FOM_2/FOM_2:Prokka:FOM_2_01477 (length 599)
prokka_FOM_2/FOM_2:Prokka:FOM_2_01478 (length 369)
prokka_FOM_2/FOM_2:Prokka:FOM_2_01479 (length 73)
prokka_FOM_2/FOM_2:Prokka:FOM_2_01480 (length 50)
prokka_FOM_2/FOM_2:Prokka:FOM_2_01481 (length 370)
prokka_FOM_2/FOM_2:Prokka:FOM_2_01482 (length 464)
prokka_FOM_2/FOM_2:Prokka:FOM_2_01483 (length 683)
prokka_FOM_2/FOM_2:Prokka:FOM_2_01484 (length 324)
prokka_FOM_2/FOM_2:Prokka:FOM_2_01485 (length 301)
prokka_FOM_2/FOM_2:Prokka:FOM_2_01486 (length 375)
prokka_FOM_2/FOM_2:Prokka:FOM_2_01487 (length 132)
prokka_FOM_2/FOM_2:Prokka:FOM_2_01488 (length 194)
prokka_FOM_2/FOM_2:Prokka:FOM_2_01489 (length 189)
prokka_FOM_2/FOM_2:Prokka:FOM_2_01490 (length 1183)
prokka_FOM_2/FOM_2:Prokka:FOM_2_01491 (length 1239)
prokka_FOM_2/FOM_2:Prokka:FOM_2_01492 (length 185)
prokka_FOM_2/FOM_2:Prokka:FOM_2_01493 (length 170)
prokka_FOM_2/FOM_2:Prokka:FOM_2_01494 (length 453)
prokka_FOM_2/FOM_2:Prokka:FOM_2_01495 (length 835)
prokka_FOM_2/FOM_2:Prokka:FOM_2_01496 (length 153)
prokka_FOM_2/FOM_2:Prokka:FOM_2_01497 (length 231)
prokka_FOM_2/FOM_2:Prokka:FOM_2_01498 (length 66)
prokka_FOM_2/FOM_2:Prokka:FOM_2_01499 (length 565)
prokka_FOM_2/FOM_2:Prokka:FOM_2_01500 (length 1203)
prokka_FOM_2/FOM_2:Prokka:FOM_2_01501 (length 284)
prokka_FOM_2/FOM_2:Prokka:FOM_2_01502 (length 260)
prokka_FOM_2/FOM_2:Prokka:FOM_2_01503 (length 254)
prokka_FOM_2/FOM_2:Prokka:FOM_2_14 (length 187446)
prokka_FOM_2/FOM_2:Prokka:FOM_2_01504 (length 123)
prokka_FOM_2/FOM_2:Prokka:FOM_2_01505 (length 204)
prokka_FOM_2/FOM_2:Prokka:FOM_2_01506 (length 237)
prokka_FOM_2/FOM_2:Prokka:FOM_2_01507 (length 572)
prokka_FOM_2/FOM_2:Prokka:FOM_2_01508 (length 556)
prokka_FOM_2/FOM_2:Prokka:FOM_2_01509 (length 459)
prokka_FOM_2/FOM_2:Prokka:FOM_2_01510 (length 504)
prokka_FOM_2/FOM_2:Prokka:FOM_2_01511 (length 451)
prokka_FOM_2/FOM_2:Prokka:FOM_2_01512 (length 131)
prokka_FOM_2/FOM_2:Prokka:FOM_2_01513 (length 127)
prokka_FOM_2/FOM_2:Prokka:FOM_2_01514 (length 304)
prokka_FOM_2/FOM_2:Prokka:FOM_2_01515 (length 169)
prokka_FOM_2/FOM_2:Prokka:FOM_2_01516 (length 361)
prokka_FOM_2/FOM_2:Prokka:FOM_2_01517 (length 822)
prokka_FOM_2/FOM_2:Prokka:FOM_2_01518 (length 338)
prokka_FOM_2/FOM_2:Prokka:FOM_2_01519 (length 431)
prokka_FOM_2/FOM_2:Prokka:FOM_2_01520 (length 70)
prokka_FOM_2/FOM_2:Prokka:FOM_2_01521 (length 157)
prokka_FOM_2/FOM_2:Prokka:FOM_2_01522 (length 152)
prokka_FOM_2/FOM_2:Prokka:FOM_2_01523 (length 323)
prokka_FOM_2/FOM_2:Prokka:FOM_2_01524 (length 79)
prokka_FOM_2/FOM_2:Prokka:FOM_2_01525 (length 315)
prokka_FOM_2/FOM_2:Prokka:FOM_2_01526 (length 313)
prokka_FOM_2/FOM_2:Prokka:FOM_2_01527 (length 240)
prokka_FOM_2/FOM_2:Prokka:FOM_2_01528 (length 411)
prokka_FOM_2/FOM_2:Prokka:FOM_2_01529 (length 155)
prokka_FOM_2/FOM_2:Prokka:FOM_2_01530 (length 143)
prokka_FOM_2/FOM_2:Prokka:FOM_2_01531 (length 458)
prokka_FOM_2/FOM_2:Prokka:FOM_2_01532 (length 281)
prokka_FOM_2/FOM_2:Prokka:FOM_2_01533 (length 261)
prokka_FOM_2/FOM_2:Prokka:FOM_2_01534 (length 228)
prokka_FOM_2/FOM_2:Prokka:FOM_2_01535 (length 381)
prokka_FOM_2/FOM_2:Prokka:FOM_2_01536 (length 342)
prokka_FOM_2/FOM_2:Prokka:FOM_2_01537 (length 574)
prokka_FOM_2/FOM_2:Prokka:FOM_2_01538 (length 106)
prokka_FOM_2/FOM_2:Prokka:FOM_2_01539 (length 344)
prokka_FOM_2/FOM_2:Prokka:FOM_2_01540 (length 189)
prokka_FOM_2/FOM_2:Prokka:FOM_2_01541 (length 298)
prokka_FOM_2/FOM_2:Prokka:FOM_2_01542 (length 511)
prokka_FOM_2/FOM_2:Prokka:FOM_2_01543 (length 455)
prokka_FOM_2/FOM_2:Prokka:FOM_2_01544 (length 330)
prokka_FOM_2/FOM_2:Prokka:FOM_2_01545 (length 435)
prokka_FOM_2/FOM_2:Prokka:FOM_2_01546 (length 213)
prokka_FOM_2/FOM_2:Prokka:FOM_2_01547 (length 305)
prokka_FOM_2/FOM_2:Prokka:FOM_2_01548 (length 293)
prokka_FOM_2/FOM_2:Prokka:FOM_2_01549 (length 241)
prokka_FOM_2/FOM_2:Prokka:FOM_2_01550 (length 218)
prokka_FOM_2/FOM_2:Prokka:FOM_2_01551 (length 104)
prokka_FOM_2/FOM_2:Prokka:FOM_2_01552 (length 182)
prokka_FOM_2/FOM_2:Prokka:FOM_2_01553 (length 284)
prokka_FOM_2/FOM_2:Prokka:FOM_2_01554 (length 330)
prokka_FOM_2/FOM_2:Prokka:FOM_2_01555 (length 336)
prokka_FOM_2/FOM_2:Prokka:FOM_2_01556 (length 451)
prokka_FOM_2/FOM_2:Prokka:FOM_2_01557 (length 371)
prokka_FOM_2/FOM_2:Prokka:FOM_2_01558 (length 428)
prokka_FOM_2/FOM_2:Prokka:FOM_2_01559 (length 237)
prokka_FOM_2/FOM_2:Prokka:FOM_2_01560 (length 381)
prokka_FOM_2/FOM_2:Prokka:FOM_2_01561 (length 288)
prokka_FOM_2/FOM_2:Prokka:FOM_2_01562 (length 246)
prokka_FOM_2/FOM_2:Prokka:FOM_2_01563 (length 393)
prokka_FOM_2/FOM_2:Prokka:FOM_2_01564 (length 364)
prokka_FOM_2/FOM_2:Prokka:FOM_2_01565 (length 245)
prokka_FOM_2/FOM_2:Prokka:FOM_2_01566 (length 125)
prokka_FOM_2/FOM_2:Prokka:FOM_2_01567 (length 242)
prokka_FOM_2/FOM_2:Prokka:FOM_2_01568 (length 394)
prokka_FOM_2/FOM_2:Prokka:FOM_2_01569 (length 206)
prokka_FOM_2/FOM_2:Prokka:FOM_2_01570 (length 226)
prokka_FOM_2/FOM_2:Prokka:FOM_2_01571 (length 226)
prokka_FOM_2/FOM_2:Prokka:FOM_2_01572 (length 268)
prokka_FOM_2/FOM_2:Prokka:FOM_2_01573 (length 330)
prokka_FOM_2/FOM_2:Prokka:FOM_2_01574 (length 353)
prokka_FOM_2/FOM_2:Prokka:FOM_2_01575 (length 392)
prokka_FOM_2/FOM_2:Prokka:FOM_2_01576 (length 432)
prokka_FOM_2/FOM_2:Prokka:FOM_2_01577 (length 167)
prokka_FOM_2/FOM_2:Prokka:FOM_2_01578 (length 239)
prokka_FOM_2/FOM_2:Prokka:FOM_2_01579 (length 234)
prokka_FOM_2/FOM_2:Prokka:FOM_2_01580 (length 222)
prokka_FOM_2/FOM_2:Prokka:FOM_2_01581 (length 470)
prokka_FOM_2/FOM_2:Prokka:FOM_2_01582 (length 188)
prokka_FOM_2/FOM_2:Prokka:FOM_2_01583 (length 324)
prokka_FOM_2/FOM_2:Prokka:FOM_2_01584 (length 330)
prokka_FOM_2/FOM_2:Prokka:FOM_2_01585 (length 306)
prokka_FOM_2/FOM_2:Prokka:FOM_2_01586 (length 170)
prokka_FOM_2/FOM_2:Prokka:FOM_2_01587 (length 161)
prokka_FOM_2/FOM_2:Prokka:FOM_2_01588 (length 462)
prokka_FOM_2/FOM_2:Prokka:FOM_2_01589 (length 165)
prokka_FOM_2/FOM_2:Prokka:FOM_2_01590 (length 102)
prokka_FOM_2/FOM_2:Prokka:FOM_2_01591 (length 206)
prokka_FOM_2/FOM_2:Prokka:FOM_2_01592 (length 270)
prokka_FOM_2/FOM_2:Prokka:FOM_2_01593 (length 791)
prokka_FOM_2/FOM_2:Prokka:FOM_2_01594 (length 276)
prokka_FOM_2/FOM_2:Prokka:FOM_2_01595 (length 466)
prokka_FOM_2/FOM_2:Prokka:FOM_2_01596 (length 103)
prokka_FOM_2/FOM_2:Prokka:FOM_2_01597 (length 485)
prokka_FOM_2/FOM_2:Prokka:FOM_2_01598 (length 481)
prokka_FOM_2/FOM_2:Prokka:FOM_2_01599 (length 318)
prokka_FOM_2/FOM_2:Prokka:FOM_2_01600 (length 147)
prokka_FOM_2/FOM_2:Prokka:FOM_2_01601 (length 314)
prokka_FOM_2/FOM_2:Prokka:FOM_2_01602 (length 279)
prokka_FOM_2/FOM_2:Prokka:FOM_2_01603 (length 249)
prokka_FOM_2/FOM_2:Prokka:FOM_2_01604 (length 432)
prokka_FOM_2/FOM_2:Prokka:FOM_2_01605 (length 202)
prokka_FOM_2/FOM_2:Prokka:FOM_2_01606 (length 509)
prokka_FOM_2/FOM_2:Prokka:FOM_2_01607 (length 114)
prokka_FOM_2/FOM_2:Prokka:FOM_2_01608 (length 561)
prokka_FOM_2/FOM_2:Prokka:FOM_2_01609 (length 581)
prokka_FOM_2/FOM_2:Prokka:FOM_2_01610 (length 610)
prokka_FOM_2/FOM_2:Prokka:FOM_2_01611 (length 304)
prokka_FOM_2/FOM_2:Prokka:FOM_2_01612 (length 152)
prokka_FOM_2/FOM_2:Prokka:FOM_2_01613 (length 697)
prokka_FOM_2/FOM_2:Prokka:FOM_2_01614 (length 114)
prokka_FOM_2/FOM_2:Prokka:FOM_2_01615 (length 397)
prokka_FOM_2/FOM_2:Prokka:FOM_2_01616 (length 774)
prokka_FOM_2/FOM_2:Prokka:FOM_2_01617 (length 317)
prokka_FOM_2/FOM_2:Prokka:FOM_2_01618 (length 513)
prokka_FOM_2/FOM_2:Prokka:FOM_2_01619 (length 459)
prokka_FOM_2/FOM_2:Prokka:FOM_2_01620 (length 609)
prokka_FOM_2/FOM_2:Prokka:FOM_2_01621 (length 500)
prokka_FOM_2/FOM_2:Prokka:FOM_2_01622 (length 76)
prokka_FOM_2/FOM_2:Prokka:FOM_2_01623 (length 420)
prokka_FOM_2/FOM_2:Prokka:FOM_2_01624 (length 428)
prokka_FOM_2/FOM_2:Prokka:FOM_2_01625 (length 303)
prokka_FOM_2/FOM_2:Prokka:FOM_2_01626 (length 194)
prokka_FOM_2/FOM_2:Prokka:FOM_2_01627 (length 158)
prokka_FOM_2/FOM_2:Prokka:FOM_2_01628 (length 383)
prokka_FOM_2/FOM_2:Prokka:FOM_2_01629 (length 84)
prokka_FOM_2/FOM_2:Prokka:FOM_2_01630 (length 760)
prokka_FOM_2/FOM_2:Prokka:FOM_2_01631 (length 314)
prokka_FOM_2/FOM_2:Prokka:FOM_2_01632 (length 266)
prokka_FOM_2/FOM_2:Prokka:FOM_2_01633 (length 517)
prokka_FOM_2/FOM_2:Prokka:FOM_2_01634 (length 250)
prokka_FOM_2/FOM_2:Prokka:FOM_2_01635 (length 66)
prokka_FOM_2/FOM_2:Prokka:FOM_2_01636 (length 298)
prokka_FOM_2/FOM_2:Prokka:FOM_2_01637 (length 130)
prokka_FOM_2/FOM_2:Prokka:FOM_2_01638 (length 372)
prokka_FOM_2/FOM_2:Prokka:FOM_2_01639 (length 412)
prokka_FOM_2/FOM_2:Prokka:FOM_2_01640 (length 598)
prokka_FOM_2/FOM_2:Prokka:FOM_2_01641 (length 45)
prokka_FOM_2/FOM_2:Prokka:FOM_2_01642 (length 492)
prokka_FOM_2/FOM_2:Prokka:FOM_2_01643 (length 35)
prokka_FOM_2/FOM_2:Prokka:FOM_2_01644 (length 77)
prokka_FOM_2/FOM_2:Prokka:FOM_2_01645 (length 69)
prokka_FOM_2/FOM_2:Prokka:FOM_2_01646 (length 266)
prokka_FOM_2/FOM_2:Prokka:FOM_2_01647 (length 239)
prokka_FOM_2/FOM_2:Prokka:FOM_2_01648 (length 208)
prokka_FOM_2/FOM_2:Prokka:FOM_2_01649 (length 389)
prokka_FOM_2/FOM_2:Prokka:FOM_2_01650 (length 208)
prokka_FOM_2/FOM_2:Prokka:FOM_2_01651 (length 199)
prokka_FOM_2/FOM_2:Prokka:FOM_2_01652 (length 455)
prokka_FOM_2/FOM_2:Prokka:FOM_2_01653 (length 236)
prokka_FOM_2/FOM_2:Prokka:FOM_2_01654 (length 261)
prokka_FOM_2/FOM_2:Prokka:FOM_2_01655 (length 123)
prokka_FOM_2/FOM_2:Prokka:FOM_2_01656 (length 133)
prokka_FOM_2/FOM_2:Prokka:FOM_2_01657 (length 242)
prokka_FOM_2/FOM_2:Prokka:FOM_2_01658 (length 348)
prokka_FOM_2/FOM_2:Prokka:FOM_2_01659 (length 131)
prokka_FOM_2/FOM_2:Prokka:FOM_2_01660 (length 449)
prokka_FOM_2/FOM_2:Prokka:FOM_2_01661 (length 324)
prokka_FOM_2/FOM_2:Prokka:FOM_2_01662 (length 694)
prokka_FOM_2/FOM_2:Prokka:FOM_2_01663 (length 289)
prokka_FOM_2/FOM_2:Prokka:FOM_2_01664 (length 214)
prokka_FOM_2/FOM_2:Prokka:FOM_2_01665 (length 812)
prokka_FOM_2/FOM_2:Prokka:FOM_2_01666 (length 759)
prokka_FOM_2/FOM_2:Prokka:FOM_2_01667 (length 249)
prokka_FOM_2/FOM_2:Prokka:FOM_2_01668 (length 522)
prokka_FOM_2/FOM_2:Prokka:FOM_2_01669 (length 519)
prokka_FOM_2/FOM_2:Prokka:FOM_2_01670 (length 332)
prokka_FOM_2/FOM_2:Prokka:FOM_2_01671 (length 254)
prokka_FOM_2/FOM_2:Prokka:FOM_2_01672 (length 320)
prokka_FOM_2/FOM_2:Prokka:FOM_2_01673 (length 235)
prokka_FOM_2/FOM_2:Prokka:FOM_2_01674 (length 221)
prokka_FOM_2/FOM_2:Prokka:FOM_2_01675 (length 519)
prokka_FOM_2/FOM_2:Prokka:FOM_2_01676 (length 574)
prokka_FOM_2/FOM_2:Prokka:FOM_2_01677 (length 353)
prokka_FOM_2/FOM_2:Prokka:FOM_2_15 (length 149657)
prokka_FOM_2/FOM_2:Prokka:FOM_2_01682 (length 287)
prokka_FOM_2/FOM_2:Prokka:FOM_2_01683 (length 315)
prokka_FOM_2/FOM_2:Prokka:FOM_2_01684 (length 204)
prokka_FOM_2/FOM_2:Prokka:FOM_2_01685 (length 489)
prokka_FOM_2/FOM_2:Prokka:FOM_2_01686 (length 334)
prokka_FOM_2/FOM_2:Prokka:FOM_2_01687 (length 577)
prokka_FOM_2/FOM_2:Prokka:FOM_2_01688 (length 585)
prokka_FOM_2/FOM_2:Prokka:FOM_2_01689 (length 223)
prokka_FOM_2/FOM_2:Prokka:FOM_2_01690 (length 373)
prokka_FOM_2/FOM_2:Prokka:FOM_2_01691 (length 39)
prokka_FOM_2/FOM_2:Prokka:FOM_2_01692 (length 122)
prokka_FOM_2/FOM_2:Prokka:FOM_2_01693 (length 73)
prokka_FOM_2/FOM_2:Prokka:FOM_2_01694 (length 189)
prokka_FOM_2/FOM_2:Prokka:FOM_2_01695 (length 96)
prokka_FOM_2/FOM_2:Prokka:FOM_2_01696 (length 230)
prokka_FOM_2/FOM_2:Prokka:FOM_2_01697 (length 337)
prokka_FOM_2/FOM_2:Prokka:FOM_2_01698 (length 272)
prokka_FOM_2/FOM_2:Prokka:FOM_2_01699 (length 113)
prokka_FOM_2/FOM_2:Prokka:FOM_2_01700 (length 231)
prokka_FOM_2/FOM_2:Prokka:FOM_2_01701 (length 86)
prokka_FOM_2/FOM_2:Prokka:FOM_2_01702 (length 217)
prokka_FOM_2/FOM_2:Prokka:FOM_2_01703 (length 150)
prokka_FOM_2/FOM_2:Prokka:FOM_2_01704 (length 78)
prokka_FOM_2/FOM_2:Prokka:FOM_2_01705 (length 723)
prokka_FOM_2/FOM_2:Prokka:FOM_2_01706 (length 320)
prokka_FOM_2/FOM_2:Prokka:FOM_2_01707 (length 328)
prokka_FOM_2/FOM_2:Prokka:FOM_2_01708 (length 300)
prokka_FOM_2/FOM_2:Prokka:FOM_2_01709 (length 256)
prokka_FOM_2/FOM_2:Prokka:FOM_2_01710 (length 512)
prokka_FOM_2/FOM_2:Prokka:FOM_2_01711 (length 126)
prokka_FOM_2/FOM_2:Prokka:FOM_2_01712 (length 120)
prokka_FOM_2/FOM_2:Prokka:FOM_2_01713 (length 289)
prokka_FOM_2/FOM_2:Prokka:FOM_2_01714 (length 673)
prokka_FOM_2/FOM_2:Prokka:FOM_2_01715 (length 278)
prokka_FOM_2/FOM_2:Prokka:FOM_2_01716 (length 114)
prokka_FOM_2/FOM_2:Prokka:FOM_2_01717 (length 144)
prokka_FOM_2/FOM_2:Prokka:FOM_2_01718 (length 334)
prokka_FOM_2/FOM_2:Prokka:FOM_2_01719 (length 283)
prokka_FOM_2/FOM_2:Prokka:FOM_2_01720 (length 209)
prokka_FOM_2/FOM_2:Prokka:FOM_2_01721 (length 203)
prokka_FOM_2/FOM_2:Prokka:FOM_2_01722 (length 214)
prokka_FOM_2/FOM_2:Prokka:FOM_2_01723 (length 212)
prokka_FOM_2/FOM_2:Prokka:FOM_2_01724 (length 277)
prokka_FOM_2/FOM_2:Prokka:FOM_2_01725 (length 209)
prokka_FOM_2/FOM_2:Prokka:FOM_2_01726 (length 162)
prokka_FOM_2/FOM_2:Prokka:FOM_2_01727 (length 372)
prokka_FOM_2/FOM_2:Prokka:FOM_2_01728 (length 241)
prokka_FOM_2/FOM_2:Prokka:FOM_2_01729 (length 85)
prokka_FOM_2/FOM_2:Prokka:FOM_2_01730 (length 227)
prokka_FOM_2/FOM_2:Prokka:FOM_2_01731 (length 740)
prokka_FOM_2/FOM_2:Prokka:FOM_2_01732 (length 511)
prokka_FOM_2/FOM_2:Prokka:FOM_2_01733 (length 346)
prokka_FOM_2/FOM_2:Prokka:FOM_2_01734 (length 197)
prokka_FOM_2/FOM_2:Prokka:FOM_2_01735 (length 509)
prokka_FOM_2/FOM_2:Prokka:FOM_2_01736 (length 427)
prokka_FOM_2/FOM_2:Prokka:FOM_2_01737 (length 552)
prokka_FOM_2/FOM_2:Prokka:FOM_2_01738 (length 161)
prokka_FOM_2/FOM_2:Prokka:FOM_2_01739 (length 69)
prokka_FOM_2/FOM_2:Prokka:FOM_2_01740 (length 147)
prokka_FOM_2/FOM_2:Prokka:FOM_2_01741 (length 458)
prokka_FOM_2/FOM_2:Prokka:FOM_2_01742 (length 46)
prokka_FOM_2/FOM_2:Prokka:FOM_2_01743 (length 367)
prokka_FOM_2/FOM_2:Prokka:FOM_2_01744 (length 156)
prokka_FOM_2/FOM_2:Prokka:FOM_2_01745 (length 490)
prokka_FOM_2/FOM_2:Prokka:FOM_2_01746 (length 473)
prokka_FOM_2/FOM_2:Prokka:FOM_2_01747 (length 318)
prokka_FOM_2/FOM_2:Prokka:FOM_2_01748 (length 248)
prokka_FOM_2/FOM_2:Prokka:FOM_2_01749 (length 126)
prokka_FOM_2/FOM_2:Prokka:FOM_2_01750 (length 144)
prokka_FOM_2/FOM_2:Prokka:FOM_2_01751 (length 314)
prokka_FOM_2/FOM_2:Prokka:FOM_2_01752 (length 123)
prokka_FOM_2/FOM_2:Prokka:FOM_2_01753 (length 730)
prokka_FOM_2/FOM_2:Prokka:FOM_2_01754 (length 330)
prokka_FOM_2/FOM_2:Prokka:FOM_2_01755 (length 447)
prokka_FOM_2/FOM_2:Prokka:FOM_2_01756 (length 366)
prokka_FOM_2/FOM_2:Prokka:FOM_2_01757 (length 306)
prokka_FOM_2/FOM_2:Prokka:FOM_2_01758 (length 456)
prokka_FOM_2/FOM_2:Prokka:FOM_2_01759 (length 423)
prokka_FOM_2/FOM_2:Prokka:FOM_2_01760 (length 149)
prokka_FOM_2/FOM_2:Prokka:FOM_2_01761 (length 86)
prokka_FOM_2/FOM_2:Prokka:FOM_2_01762 (length 261)
prokka_FOM_2/FOM_2:Prokka:FOM_2_01763 (length 211)
prokka_FOM_2/FOM_2:Prokka:FOM_2_01764 (length 929)
prokka_FOM_2/FOM_2:Prokka:FOM_2_01765 (length 220)
prokka_FOM_2/FOM_2:Prokka:FOM_2_01766 (length 221)
prokka_FOM_2/FOM_2:Prokka:FOM_2_01767 (length 849)
prokka_FOM_2/FOM_2:Prokka:FOM_2_01768 (length 240)
prokka_FOM_2/FOM_2:Prokka:FOM_2_01769 (length 483)
prokka_FOM_2/FOM_2:Prokka:FOM_2_01770 (length 309)
prokka_FOM_2/FOM_2:Prokka:FOM_2_01771 (length 332)
prokka_FOM_2/FOM_2:Prokka:FOM_2_01772 (length 103)
prokka_FOM_2/FOM_2:Prokka:FOM_2_01773 (length 131)
prokka_FOM_2/FOM_2:Prokka:FOM_2_01774 (length 66)
prokka_FOM_2/FOM_2:Prokka:FOM_2_01775 (length 141)
prokka_FOM_2/FOM_2:Prokka:FOM_2_01776 (length 94)
prokka_FOM_2/FOM_2:Prokka:FOM_2_01777 (length 335)
prokka_FOM_2/FOM_2:Prokka:FOM_2_01778 (length 396)
prokka_FOM_2/FOM_2:Prokka:FOM_2_01779 (length 806)
prokka_FOM_2/FOM_2:Prokka:FOM_2_01780 (length 320)
prokka_FOM_2/FOM_2:Prokka:FOM_2_01781 (length 457)
prokka_FOM_2/FOM_2:Prokka:FOM_2_01782 (length 246)
prokka_FOM_2/FOM_2:Prokka:FOM_2_01783 (length 657)
prokka_FOM_2/FOM_2:Prokka:FOM_2_01784 (length 304)
prokka_FOM_2/FOM_2:Prokka:FOM_2_01785 (length 219)
prokka_FOM_2/FOM_2:Prokka:FOM_2_01786 (length 221)
prokka_FOM_2/FOM_2:Prokka:FOM_2_01787 (length 66)
prokka_FOM_2/FOM_2:Prokka:FOM_2_01788 (length 120)
prokka_FOM_2/FOM_2:Prokka:FOM_2_01789 (length 562)
prokka_FOM_2/FOM_2:Prokka:FOM_2_01790 (length 5110)
prokka_FOM_2/FOM_2:Prokka:FOM_2_01791 (length 750)
prokka_FOM_2/FOM_2:Prokka:FOM_2_01792 (length 453)
prokka_FOM_2/FOM_2:Prokka:FOM_2_01793 (length 203)
prokka_FOM_2/FOM_2:Prokka:FOM_2_01794 (length 678)
prokka_FOM_2/FOM_2:Prokka:FOM_2_01795 (length 352)
prokka_FOM_2/FOM_2:Prokka:FOM_2_01796 (length 79)
prokka_FOM_2/FOM_2:Prokka:FOM_2_01797 (length 232)
prokka_FOM_2/FOM_2:Prokka:FOM_2_01798 (length 1185)
prokka_FOM_2/FOM_2:Prokka:FOM_2_01799 (length 400)
prokka_FOM_2/FOM_2:Prokka:FOM_2_01800 (length 113)
prokka_FOM_2/FOM_2:Prokka:FOM_2_01801 (length 488)
prokka_FOM_2/FOM_2:Prokka:FOM_2_01802 (length 45)
prokka_FOM_2/FOM_2:Prokka:FOM_2_01803 (length 68)
prokka_FOM_2/FOM_2:Prokka:FOM_2_01804 (length 183)
prokka_FOM_2/FOM_2:Prokka:FOM_2_01805 (length 90)
prokka_FOM_2/FOM_2:Prokka:FOM_2_01806 (length 355)
prokka_FOM_2/FOM_2:Prokka:FOM_2_01807 (length 66)
prokka_FOM_2/FOM_2:Prokka:FOM_2_01808 (length 133)
prokka_FOM_2/FOM_2:Prokka:FOM_2_01809 (length 94)
prokka_FOM_2/FOM_2:Prokka:FOM_2_01810 (length 141)
prokka_FOM_2/FOM_2:Prokka:FOM_2_01811 (length 220)
prokka_FOM_2/FOM_2:Prokka:FOM_2_01812 (length 269)
prokka_FOM_2/FOM_2:Prokka:FOM_2_01813 (length 90)
prokka_FOM_2/FOM_2:Prokka:FOM_2_01814 (length 167)
prokka_FOM_2/FOM_2:Prokka:FOM_2_01815 (length 132)
prokka_FOM_2/FOM_2:Prokka:FOM_2_01816 (length 120)
prokka_FOM_2/FOM_2:Prokka:FOM_2_01817 (length 45)
prokka_FOM_2/FOM_2:Prokka:FOM_2_01818 (length 73)
prokka_FOM_2/FOM_2:Prokka:FOM_2_01819 (length 82)
prokka_FOM_2/FOM_2:Prokka:FOM_2_01820 (length 239)
prokka_FOM_2/FOM_2:Prokka:FOM_2_01821 (length 95)
prokka_FOM_2/FOM_2:Prokka:FOM_2_01822 (length 65)
prokka_FOM_2/FOM_2:Prokka:FOM_2_01823 (length 62)
prokka_FOM_2/FOM_2:Prokka:FOM_2_01824 (length 72)
prokka_FOM_2/FOM_2:Prokka:FOM_2_01825 (length 47)
prokka_FOM_2/FOM_2:Prokka:FOM_2_01826 (length 32)

DiscRep_ALL:DISC_INCONSISTENT_MOLINFO_TECH::Molinfo Technique Report (some missing, all same)
DiscRep_SUB:DISC_INCONSISTENT_MOLINFO_TECH::technique (all missing)
DiscRep_SUB:DISC_INCONSISTENT_MOLINFO_TECH::15 Molinfos are missing field technique
prokka_FOM_2/FOM_2:Prokka:FOM_2_1 (length 18820)
prokka_FOM_2/FOM_2:Prokka:FOM_2_2 (length 95782)
prokka_FOM_2/FOM_2:Prokka:FOM_2_3 (length 24154)
prokka_FOM_2/FOM_2:Prokka:FOM_2_4 (length 89443)
prokka_FOM_2/FOM_2:Prokka:FOM_2_5 (length 77703)
prokka_FOM_2/FOM_2:Prokka:FOM_2_6 (length 101947)
prokka_FOM_2/FOM_2:Prokka:FOM_2_7 (length 27696)
prokka_FOM_2/FOM_2:Prokka:FOM_2_8 (length 291723)
prokka_FOM_2/FOM_2:Prokka:FOM_2_9 (length 129975)
prokka_FOM_2/FOM_2:Prokka:FOM_2_10 (length 432038)
prokka_FOM_2/FOM_2:Prokka:FOM_2_11 (length 38075)
prokka_FOM_2/FOM_2:Prokka:FOM_2_12 (length 128655)
prokka_FOM_2/FOM_2:Prokka:FOM_2_13 (length 90976)
prokka_FOM_2/FOM_2:Prokka:FOM_2_14 (length 187446)
prokka_FOM_2/FOM_2:Prokka:FOM_2_15 (length 149657)

