locus_tag	ftype	length_bp	gene	EC_number	COG	product
ANT_3_00001	gene	1560				
ANT_3_00001	CDS	1560				hypothetical protein
ANT_3_00002	gene	573				
ANT_3_00002	CDS	573				hypothetical protein
ANT_3_00003	gene	255				
ANT_3_00003	CDS	255				hypothetical protein
ANT_3_00004	gene	105				
ANT_3_00004	CDS	105				hypothetical protein
ANT_3_00005	gene	225				
ANT_3_00005	CDS	225				hypothetical protein
ANT_3_00006	gene	528				
ANT_3_00006	CDS	528				hypothetical protein
ANT_3_00007	gene	381				
ANT_3_00007	CDS	381				hypothetical protein
ANT_3_00008	gene	195				
ANT_3_00008	CDS	195				hypothetical protein
ANT_3_00009	gene	351				
ANT_3_00009	CDS	351				hypothetical protein
ANT_3_00010	gene	882				
ANT_3_00010	CDS	882				hypothetical protein
ANT_3_00011	gene	97				
ANT_3_00011	rRNA	97				5S ribosomal RNA
ANT_3_00012	gene	1299	kgtP			
ANT_3_00012	CDS	1299	kgtP			Alpha-ketoglutarate permease
ANT_3_00013	gene	348				
ANT_3_00013	CDS	348				hypothetical protein
ANT_3_00014	gene	1356	pssA			
ANT_3_00014	CDS	1356	pssA	2.7.8.8	COG1502	CDP-diacylglycerol--serine O-phosphatidyltransferase
ANT_3_00015	gene	2721	pat			
ANT_3_00015	CDS	2721	pat	2.3.1.-	COG0454	Peptidyl-lysine N-acetyltransferase Pat
ANT_3_00016	gene	705				
ANT_3_00016	CDS	705				hypothetical protein
ANT_3_00017	gene	420	trxC			
ANT_3_00017	CDS	420	trxC	1.8.1.8	COG0526	Thioredoxin 2
ANT_3_00018	gene	1104	yfiF			
ANT_3_00018	CDS	1104	yfiF	2.1.1.-	COG0566	putative tRNA/rRNA methyltransferase YfiF
ANT_3_00019	gene	1536	emrB_1			
ANT_3_00019	CDS	1536	emrB_1			Multidrug export protein EmrB
ANT_3_00020	gene	1176	emrA_1			
ANT_3_00020	CDS	1176	emrA_1		COG1566	Multidrug export protein EmrA
ANT_3_00021	gene	1455	oprM_1			
ANT_3_00021	CDS	1455	oprM_1		COG1538	Outer membrane protein OprM
ANT_3_00022	gene	522	mprA_1			
ANT_3_00022	CDS	522	mprA_1		COG1846	Transcriptional repressor MprA
ANT_3_00023	gene	339				
ANT_3_00023	CDS	339				hypothetical protein
ANT_3_00024	gene	762	ygaZ			
ANT_3_00024	CDS	762	ygaZ		COG1296	Inner membrane protein YgaZ
ANT_3_00025	gene	1185	sotB_1			
ANT_3_00025	CDS	1185	sotB_1			sugar efflux transporter
ANT_3_00026	gene	432				
ANT_3_00026	CDS	432				hypothetical protein
ANT_3_00027	gene	183				
ANT_3_00027	CDS	183				hypothetical protein
ANT_3_00028	gene	996	proX_1			
ANT_3_00028	CDS	996	proX_1		COG2113	Glycine betaine/proline betaine-binding periplasmic protein
ANT_3_00029	gene	1011	ousX			
ANT_3_00029	CDS	1011	ousX		COG2113	Glycine betaine-binding periplasmic protein OusX
ANT_3_00030	gene	1197	ousW			
ANT_3_00030	CDS	1197	ousW		COG4176	Glycine betaine/choline transport system permease protein OusW
ANT_3_00031	gene	1197	proV_1			
ANT_3_00031	CDS	1197	proV_1		COG4175	Glycine betaine/proline betaine transport system ATP-binding protein ProV
ANT_3_00032	gene	714	citB_1			
ANT_3_00032	CDS	714	citB_1		COG4565	Transcriptional regulatory protein CitB
ANT_3_00033	gene	1674	citA_1			
ANT_3_00033	CDS	1674	citA_1	2.7.13.3	COG3290	Sensor histidine kinase CitA
ANT_3_00034	gene	1356	cimH_1			
ANT_3_00034	CDS	1356	cimH_1		COG3493	Citrate/malate transporter
ANT_3_00035	gene	561				
ANT_3_00035	CDS	561				hypothetical protein
ANT_3_00036	gene	1041	gpr_1			
ANT_3_00036	CDS	1041	gpr_1	1.1.1.-	COG0667	L-glyceraldehyde 3-phosphate reductase
ANT_3_00037	gene	984	nrdF			
ANT_3_00037	CDS	984	nrdF	1.17.4.1	COG0208	Ribonucleoside-diphosphate reductase 2 subunit beta
ANT_3_00038	gene	2163	nrdE2			
ANT_3_00038	CDS	2163	nrdE2	1.17.4.1	COG0209	Ribonucleoside-diphosphate reductase subunit alpha 2
ANT_3_00039	gene	405	nrdI			
ANT_3_00039	CDS	405	nrdI		COG1780	Protein NrdI
ANT_3_00040	gene	240	nrdH			
ANT_3_00040	CDS	240	nrdH		COG0695	Glutaredoxin-like protein NrdH
ANT_3_00041	gene	432				
ANT_3_00041	CDS	432				hypothetical protein
ANT_3_00042	gene	1473	gabR_1			
ANT_3_00042	CDS	1473	gabR_1		COG1167	HTH-type transcriptional regulatory protein GabR
ANT_3_00043	gene	306	yqjD_1			
ANT_3_00043	CDS	306	yqjD_1		COG4575	putative protein YqjD
ANT_3_00044	gene	1197	yhhS_1			
ANT_3_00044	CDS	1197	yhhS_1			putative MFS-type transporter YhhS
ANT_3_00045	gene	336				
ANT_3_00045	CDS	336				hypothetical protein
ANT_3_00046	gene	888	rhaS_1			
ANT_3_00046	CDS	888	rhaS_1			HTH-type transcriptional activator RhaS
ANT_3_00047	gene	441				
ANT_3_00047	CDS	441				hypothetical protein
ANT_3_00048	gene	945	pfkB			
ANT_3_00048	CDS	945	pfkB	2.7.1.11	COG1105	ATP-dependent 6-phosphofructokinase isozyme 2
ANT_3_00049	gene	531				
ANT_3_00049	CDS	531				hypothetical protein
ANT_3_00050	gene	993	ygfZ			
ANT_3_00050	CDS	993	ygfZ		COG0354	tRNA-modifying protein YgfZ
ANT_3_00051	gene	285	sdhE			
ANT_3_00051	CDS	285	sdhE		COG2938	FAD assembly factor SdhE
ANT_3_00052	gene	378	ygfX			
ANT_3_00052	CDS	378	ygfX			Inner membrane protein YgfX
ANT_3_00053	gene	519	fldB			
ANT_3_00053	CDS	519	fldB		COG0716	Flavodoxin 2
ANT_3_00054	gene	960	xerD			
ANT_3_00054	CDS	960	xerD		COG4974	Tyrosine recombinase XerD
ANT_3_00055	gene	720	dsbC			
ANT_3_00055	CDS	720	dsbC		COG1651	Thiol:disulfide interchange protein DsbC
ANT_3_00056	gene	1734	recJ			
ANT_3_00056	CDS	1734	recJ	3.1.-.-	COG0608	Single-stranded-DNA-specific exonuclease RecJ
ANT_3_00057	gene	1095	prfB			
ANT_3_00057	CDS	1095	prfB		COG1186	Peptide chain release factor RF2
ANT_3_00058	gene	1533	lysS			
ANT_3_00058	CDS	1533	lysS	6.1.1.6	COG1190	Lysine--tRNA ligase
ANT_3_00059	gene	74				
ANT_3_00059	tRNA	74				tRNA-Gly(ccc)
ANT_3_00060	gene	300				
ANT_3_00060	CDS	300				hypothetical protein
ANT_3_00061	gene	333				
ANT_3_00061	CDS	333				hypothetical protein
ANT_3_00062	gene	1014				
ANT_3_00062	CDS	1014				hypothetical protein
ANT_3_00063	gene	1365	argG			
ANT_3_00063	CDS	1365	argG	6.3.4.5	COG0137	Argininosuccinate synthase
ANT_3_00064	gene	915	cynR_1			
ANT_3_00064	CDS	915	cynR_1			HTH-type transcriptional regulator CynR
ANT_3_00065	gene	1140	dapE_1			
ANT_3_00065	CDS	1140	dapE_1	3.5.1.18		Succinyl-diaminopimelate desuccinylase
ANT_3_00066	gene	681				
ANT_3_00066	CDS	681				hypothetical protein
ANT_3_00067	gene	468	yjiG			
ANT_3_00067	CDS	468	yjiG		COG0700	Inner membrane protein YjiG
ANT_3_00068	gene	1104	scmP_1			
ANT_3_00068	CDS	1104	scmP_1	3.5.1.-	COG1473	N-acetylcysteine deacetylase
ANT_3_00069	gene	429	mopA_1			
ANT_3_00069	CDS	429	mopA_1		COG2005	Molybdenum-pterin-binding protein MopA
ANT_3_00070	gene	1185	sotB_2			
ANT_3_00070	CDS	1185	sotB_2		COG2814	Sugar efflux transporter
ANT_3_00071	gene	555	rimJ_1			
ANT_3_00071	CDS	555	rimJ_1	2.3.1.267	COG1670	[Ribosomal protein S5]-alanine N-acetyltransferase
ANT_3_00072	gene	546	yodJ			
ANT_3_00072	CDS	546	yodJ	3.4.-.-	COG1876	Putative carboxypeptidase YodJ
ANT_3_00073	gene	831				
ANT_3_00073	CDS	831		2.4.2.-	COG2071	Putative glutamine amidotransferase
ANT_3_00074	gene	1344	mdtA			
ANT_3_00074	CDS	1344	mdtA			Multidrug resistance protein MdtA
ANT_3_00075	gene	3195	mdtB			
ANT_3_00075	CDS	3195	mdtB			Multidrug resistance protein MdtB
ANT_3_00076	gene	3126	mdtC			
ANT_3_00076	CDS	3126	mdtC			Multidrug resistance protein MdtC
ANT_3_00077	gene	1449	oprM_2			
ANT_3_00077	CDS	1449	oprM_2		COG1538	Outer membrane protein OprM
ANT_3_00078	gene	1215	RBKS_1			
ANT_3_00078	CDS	1215	RBKS_1	2.7.1.15		Ribokinase
ANT_3_00079	gene	930	dapA_1			
ANT_3_00079	CDS	930	dapA_1	4.3.3.7		4-hydroxy-tetrahydrodipicolinate synthase
ANT_3_00080	gene	495	tabA_1			
ANT_3_00080	CDS	495	tabA_1		COG2731	Toxin-antitoxin biofilm protein TabA
ANT_3_00081	gene	90				
ANT_3_00081	tRNA	90				tRNA-Lys(ctt)
ANT_3_00082	gene	492	hcpA_1			
ANT_3_00082	CDS	492	hcpA_1		COG3157	Major exported protein
ANT_3_00083	gene	357				
ANT_3_00083	CDS	357				hypothetical protein
ANT_3_00084	gene	501				
ANT_3_00084	CDS	501				hypothetical protein
ANT_3_00085	gene	1413	oprM_3			
ANT_3_00085	CDS	1413	oprM_3		COG1538	Outer membrane protein OprM
ANT_3_00086	gene	3150	mexB_1			
ANT_3_00086	CDS	3150	mexB_1		COG0841	Multidrug resistance protein MexB
ANT_3_00087	gene	1134	mexA_1			
ANT_3_00087	CDS	1134	mexA_1			Multidrug resistance protein MexA
ANT_3_00088	gene	264				
ANT_3_00088	CDS	264				hypothetical protein
ANT_3_00089	gene	1602	malX_1			
ANT_3_00089	CDS	1602	malX_1		COG1263	PTS system maltose-specific EIICB component
ANT_3_00090	gene	741	mngR_1			
ANT_3_00090	CDS	741	mngR_1		COG2188	Mannosyl-D-glycerate transport/metabolism system repressor MngR
ANT_3_00091	gene	1785	bacA			
ANT_3_00091	CDS	1785	bacA		COG4178	Vitamin B12 transport ATP-binding protein BacA
ANT_3_00092	gene	717				
ANT_3_00092	CDS	717				hypothetical protein
ANT_3_00093	gene	333	yhaI			
ANT_3_00093	CDS	333	yhaI		COG3152	Inner membrane protein YhaI
ANT_3_00094	gene	885				
ANT_3_00094	CDS	885				hypothetical protein
ANT_3_00095	gene	918	dmlR_1			
ANT_3_00095	CDS	918	dmlR_1			HTH-type transcriptional regulator DmlR
ANT_3_00096	gene	1164	ydhP_1			
ANT_3_00096	CDS	1164	ydhP_1		COG2814	Inner membrane transport protein YdhP
ANT_3_00097	gene	1017				
ANT_3_00097	CDS	1017				hypothetical protein
ANT_3_00098	gene	1260	lysA_1			
ANT_3_00098	CDS	1260	lysA_1	4.1.1.20		Diaminopimelate decarboxylase
ANT_3_00099	gene	321	chbA_1			
ANT_3_00099	CDS	321	chbA_1		COG1447	PTS system N,N'-diacetylchitobiose-specific EIIA component
ANT_3_00100	gene	1344	licC_1			
ANT_3_00100	CDS	1344	licC_1		COG1455	Lichenan permease IIC component
ANT_3_00101	gene	1437	gmuD_1			
ANT_3_00101	CDS	1437	gmuD_1	3.2.1.86	COG2723	6-phospho-beta-glucosidase GmuD
ANT_3_00102	gene	318	gmuB_1			
ANT_3_00102	CDS	318	gmuB_1	2.7.1.205	COG1440	PTS system oligo-beta-mannoside-specific EIIB component
ANT_3_00103	gene	774	lutR_1			
ANT_3_00103	CDS	774	lutR_1		COG2186	HTH-type transcriptional regulator LutR
ANT_3_00104	gene	450				
ANT_3_00104	CDS	450				hypothetical protein
ANT_3_00105	gene	1005	galR			
ANT_3_00105	CDS	1005	galR		COG1609	HTH-type transcriptional regulator GalR
ANT_3_00106	gene	2259	dorA			
ANT_3_00106	CDS	2259	dorA	1.7.2.3	COG0243	Dimethyl sulfoxide/trimethylamine N-oxide reductase
ANT_3_00107	gene	2166	aas			
ANT_3_00107	CDS	2166	aas		COG0204	Bifunctional protein Aas
ANT_3_00108	gene	1209	lplT			
ANT_3_00108	CDS	1209	lplT			Lysophospholipid transporter LplT
ANT_3_00109	gene	1041	tas			
ANT_3_00109	CDS	1041	tas		COG0667	Protein tas
ANT_3_00110	gene	222	ygdR_1			
ANT_3_00110	CDS	222	ygdR_1			putative lipoprotein YgdR
ANT_3_00111	gene	687	mutH			
ANT_3_00111	CDS	687	mutH		COG3066	DNA mismatch repair protein MutH
ANT_3_00112	gene	528	rppH			
ANT_3_00112	CDS	528	rppH	3.6.1.-	COG0494	RNA pyrophosphohydrolase
ANT_3_00113	gene	2208	ptsP			
ANT_3_00113	CDS	2208	ptsP	2.7.3.9	COG3605	Phosphoenolpyruvate-dependent phosphotransferase system
ANT_3_00114	gene	870	lgt			
ANT_3_00114	CDS	870	lgt	2.5.1.145	COG0682	Phosphatidylglycerol--prolipoprotein diacylglyceryl transferase
ANT_3_00115	gene	795	thyA			
ANT_3_00115	CDS	795	thyA	2.1.1.45	COG0207	Thymidylate synthase
ANT_3_00116	gene	462				
ANT_3_00116	CDS	462				hypothetical protein
ANT_3_00117	gene	618				
ANT_3_00117	CDS	618				hypothetical protein
ANT_3_00118	gene	489				
ANT_3_00118	CDS	489				hypothetical protein
ANT_3_00119	gene	411				
ANT_3_00119	CDS	411				hypothetical protein
ANT_3_00120	gene	2886	ptrA			
ANT_3_00120	CDS	2886	ptrA	3.4.24.55	COG1025	Protease 3
ANT_3_00121	gene	1326	argA			
ANT_3_00121	CDS	1326	argA	2.3.1.1	COG0548	Amino-acid acetyltransferase
ANT_3_00122	gene	1251	amiC			
ANT_3_00122	CDS	1251	amiC	3.5.1.28	COG0860	N-acetylmuramoyl-L-alanine amidase AmiC
ANT_3_00123	gene	77				
ANT_3_00123	tRNA	77				tRNA-Met(cat)
ANT_3_00124	gene	77				
ANT_3_00124	tRNA	77				tRNA-Met(cat)
ANT_3_00125	gene	77				
ANT_3_00125	tRNA	77				tRNA-Met(cat)
ANT_3_00126	gene	1113	mltA			
ANT_3_00126	CDS	1113	mltA	4.2.2.-	COG2821	Membrane-bound lytic murein transglycosylase A
ANT_3_00127	gene	816	tcdA			
ANT_3_00127	CDS	816	tcdA	6.1.-.-	COG1179	tRNA threonylcarbamoyladenosine dehydratase
ANT_3_00128	gene	435	csdE			
ANT_3_00128	CDS	435	csdE		COG2166	Sulfur acceptor protein CsdE
ANT_3_00129	gene	1206	csdA			
ANT_3_00129	CDS	1206	csdA	2.8.1.7	COG0520	Cysteine desulfurase CsdA
ANT_3_00130	gene	222	ygdR_2			
ANT_3_00130	CDS	222	ygdR_2			putative lipoprotein YgdR
ANT_3_00131	gene	921	gcvA_1			
ANT_3_00131	CDS	921	gcvA_1			Glycine cleavage system transcriptional activator
ANT_3_00132	gene	396				
ANT_3_00132	CDS	396				hypothetical protein
ANT_3_00133	gene	1107	rlmM			
ANT_3_00133	CDS	1107	rlmM	2.1.1.186	COG2933	Ribosomal RNA large subunit methyltransferase M
ANT_3_00134	gene	774	ygdG			
ANT_3_00134	CDS	774	ygdG	3.1.-.-	COG0258	Flap endonuclease Xni
ANT_3_00135	gene	1365	ppnN			
ANT_3_00135	CDS	1365	ppnN	3.2.2.-	COG1611	Pyrimidine/purine nucleotide 5'-monophosphate nucleosidase
ANT_3_00136	gene	846	queF			
ANT_3_00136	CDS	846	queF	1.7.1.13	COG0780	NADPH-dependent 7-cyano-7-deazaguanine reductase
ANT_3_00137	gene	552	syd			
ANT_3_00137	CDS	552	syd			Protein Syd
ANT_3_00138	gene	1164	yjhB_1			
ANT_3_00138	CDS	1164	yjhB_1			Putative metabolite transport protein YjhB
ANT_3_00139	gene	315	yqcC			
ANT_3_00139	CDS	315	yqcC		COG3098	putative protein YqcC
ANT_3_00140	gene	780	truC			
ANT_3_00140	CDS	780	truC	5.4.99.26	COG0564	tRNA pseudouridine synthase C
ANT_3_00141	gene	450				
ANT_3_00141	CDS	450			COG0716	putative protein
ANT_3_00142	gene	390				
ANT_3_00142	CDS	390				hypothetical protein
ANT_3_00143	gene	825	dapD			
ANT_3_00143	CDS	825	dapD	2.3.1.117	COG2171	2,3,4,5-tetrahydropyridine-2,6-dicarboxylate N-succinyltransferase
ANT_3_00144	gene	2691	glnD			
ANT_3_00144	CDS	2691	glnD		COG2844	Bifunctional uridylyltransferase/uridylyl-removing enzyme
ANT_3_00145	gene	792	map			
ANT_3_00145	CDS	792	map	3.4.11.18	COG0024	Methionine aminopeptidase
ANT_3_00146	gene	726	rpsB			
ANT_3_00146	CDS	726	rpsB		COG0052	30S ribosomal protein S2
ANT_3_00147	gene	852	tsf			
ANT_3_00147	CDS	852	tsf		COG0264	Elongation factor Ts
ANT_3_00148	gene	732	pyrH			
ANT_3_00148	CDS	732	pyrH	2.7.4.22	COG0528	Uridylate kinase
ANT_3_00149	gene	558	frr			
ANT_3_00149	CDS	558	frr		COG0233	Ribosome-recycling factor
ANT_3_00150	gene	1197	dxr			
ANT_3_00150	CDS	1197	dxr	1.1.1.267		1-deoxy-D-xylulose 5-phosphate reductoisomerase
ANT_3_00151	gene	759	ispU			
ANT_3_00151	CDS	759	ispU	2.5.1.31	COG0020	Ditrans,polycis-undecaprenyl-diphosphate synthase ((2E,6E)-farnesyl-diphosphate specific)
ANT_3_00152	gene	849	cdsA			
ANT_3_00152	CDS	849	cdsA	2.7.7.41	COG0575	Phosphatidate cytidylyltransferase
ANT_3_00153	gene	1356	rseP			
ANT_3_00153	CDS	1356	rseP	3.4.24.-	COG0750	Regulator of sigma-E protease RseP
ANT_3_00154	gene	2421	bamA			
ANT_3_00154	CDS	2421	bamA		COG4775	Outer membrane protein assembly factor BamA
ANT_3_00155	gene	498	skp			
ANT_3_00155	CDS	498	skp		COG2825	Chaperone protein Skp
ANT_3_00156	gene	1023	lpxD			
ANT_3_00156	CDS	1023	lpxD	2.3.1.191	COG1044	UDP-3-O-(3-hydroxymyristoyl)glucosamine N-acyltransferase
ANT_3_00157	gene	456	fabZ			
ANT_3_00157	CDS	456	fabZ	4.2.1.59		3-hydroxyacyl-[acyl-carrier-protein] dehydratase FabZ
ANT_3_00158	gene	789	lpxA			
ANT_3_00158	CDS	789	lpxA	2.3.1.129	COG1043	Acyl-[acyl-carrier-protein]--UDP-N-acetylglucosamine O-acyltransferase
ANT_3_00159	gene	1149	lpxB			
ANT_3_00159	CDS	1149	lpxB	2.4.1.182	COG0763	Lipid-A-disaccharide synthase
ANT_3_00160	gene	597	rnhB			
ANT_3_00160	CDS	597	rnhB	3.1.26.4	COG0164	Ribonuclease HII
ANT_3_00161	gene	3483	dnaE			
ANT_3_00161	CDS	3483	dnaE	2.7.7.7	COG0587	DNA polymerase III subunit alpha
ANT_3_00162	gene	960	accA			
ANT_3_00162	CDS	960	accA	2.1.3.15	COG0825	Acetyl-coenzyme A carboxylase carboxyl transferase subunit alpha
ANT_3_00163	gene	2148	ldcC			
ANT_3_00163	CDS	2148	ldcC	4.1.1.18	COG1982	Constitutive lysine decarboxylase
ANT_3_00164	gene	393				
ANT_3_00164	CDS	393				hypothetical protein
ANT_3_00165	gene	1347	tilS			
ANT_3_00165	CDS	1347	tilS	6.3.4.19	COG0037	tRNA(Ile)-lysidine synthase
ANT_3_00166	gene	333				
ANT_3_00166	CDS	333				hypothetical protein
ANT_3_00167	gene	261	rof			
ANT_3_00167	CDS	261	rof		COG4568	Protein rof
ANT_3_00168	gene	201				
ANT_3_00168	CDS	201				hypothetical protein
ANT_3_00169	gene	561	yaeQ			
ANT_3_00169	CDS	561	yaeQ		COG4681	putative protein YaeQ
ANT_3_00170	gene	417	arfB			
ANT_3_00170	CDS	417	arfB	3.1.1.29	COG1186	Peptidyl-tRNA hydrolase ArfB
ANT_3_00171	gene	678	nlpE			
ANT_3_00171	CDS	678	nlpE		COG3015	Lipoprotein NlpE
ANT_3_00172	gene	1719	proS			
ANT_3_00172	CDS	1719	proS	6.1.1.15	COG0442	Proline--tRNA ligase
ANT_3_00173	gene	708	trmO			
ANT_3_00173	CDS	708	trmO	2.1.1.-	COG1720	tRNA (adenine(37)-N6)-methyltransferase
ANT_3_00174	gene	408	rcsF			
ANT_3_00174	CDS	408	rcsF			Outer membrane lipoprotein RcsF
ANT_3_00175	gene	816	metQ_1			
ANT_3_00175	CDS	816	metQ_1		COG1464	D-methionine-binding lipoprotein MetQ
ANT_3_00176	gene	654	metI_1			
ANT_3_00176	CDS	654	metI_1		COG2011	D-methionine transport system permease protein MetI
ANT_3_00177	gene	1065	metN_1			
ANT_3_00177	CDS	1065	metN_1	3.6.3.-	COG1135	Methionine import ATP-binding protein MetN
ANT_3_00178	gene	567	gmhB			
ANT_3_00178	CDS	567	gmhB	3.1.3.82	COG0241	D-glycero-beta-D-manno-heptose-1,7-bisphosphate 7-phosphatase
ANT_3_00179	gene	225				
ANT_3_00179	CDS	225				hypothetical protein
ANT_3_00180	gene	72				
ANT_3_00180	tRNA	72				tRNA-Cys(gca)
ANT_3_00181	gene	351	nuoL_1			
ANT_3_00181	CDS	351	nuoL_1	7.1.1.-	COG1009	NADH-quinone oxidoreductase subunit L
ANT_3_00182	gene	315				
ANT_3_00182	CDS	315				hypothetical protein
ANT_3_00183	gene	1122	mexA_2			
ANT_3_00183	CDS	1122	mexA_2			Multidrug resistance protein MexA
ANT_3_00184	gene	576				
ANT_3_00184	CDS	576				hypothetical protein
ANT_3_00185	gene	1035	rhaR_1			
ANT_3_00185	CDS	1035	rhaR_1			HTH-type transcriptional activator RhaR
ANT_3_00186	gene	2088	fhuA_1			
ANT_3_00186	CDS	2088	fhuA_1		COG1629	Ferrichrome outer membrane transporter/phage receptor
ANT_3_00187	gene	1440	murP_1			
ANT_3_00187	CDS	1440	murP_1		COG2190	PTS system N-acetylmuramic acid-specific EIIBC component
ANT_3_00188	gene	912	murQ_1			
ANT_3_00188	CDS	912	murQ_1	4.2.1.126	COG2103	N-acetylmuramic acid 6-phosphate etherase
ANT_3_00189	gene	186				
ANT_3_00189	CDS	186				hypothetical protein
ANT_3_00190	gene	471				
ANT_3_00190	CDS	471				hypothetical protein
ANT_3_00191	gene	894				
ANT_3_00191	CDS	894				hypothetical protein
ANT_3_00192	gene	696	lafS_1			
ANT_3_00192	CDS	696	lafS_1		COG1191	RNA polymerase sigma factor for flagellar operon
ANT_3_00193	gene	555				
ANT_3_00193	CDS	555				hypothetical protein
ANT_3_00194	gene	1416	lysN_1			
ANT_3_00194	CDS	1416	lysN_1	2.6.1.39	COG1167	2-aminoadipate transaminase
ANT_3_00195	gene	165				
ANT_3_00195	CDS	165				hypothetical protein
ANT_3_00196	gene	609	clpP_1			
ANT_3_00196	CDS	609	clpP_1	3.4.21.92	COG0740	ATP-dependent Clp protease proteolytic subunit
ANT_3_00197	gene	210				
ANT_3_00197	CDS	210				hypothetical protein
ANT_3_00198	gene	75				
ANT_3_00198	tRNA	75				tRNA-Lys(ttt)
ANT_3_00199	gene	540	mobB			
ANT_3_00199	CDS	540	mobB		COG1763	Molybdopterin-guanine dinucleotide biosynthesis adapter protein
ANT_3_00200	gene	594	mobA			
ANT_3_00200	CDS	594	mobA	2.7.7.77	COG0746	Molybdenum cofactor guanylyltransferase
ANT_3_00201	gene	270	yihD			
ANT_3_00201	CDS	270	yihD		COG3084	Protein YihD
ANT_3_00202	gene	987	srkA_1			
ANT_3_00202	CDS	987	srkA_1	2.7.11.1	COG2334	Stress response kinase A
ANT_3_00203	gene	624	dsbA			
ANT_3_00203	CDS	624	dsbA		COG0526	Thiol:disulfide interchange protein DsbA
ANT_3_00204	gene	2805	polA			
ANT_3_00204	CDS	2805	polA	2.7.7.7	COG0258	DNA polymerase I
ANT_3_00205	gene	645	engB			
ANT_3_00205	CDS	645	engB		COG0218	putative GTP-binding protein EngB
ANT_3_00206	gene	552	yihI			
ANT_3_00206	CDS	552	yihI		COG3078	Der GTPase-activating protein YihI
ANT_3_00207	gene	1374	hemN			
ANT_3_00207	CDS	1374	hemN	1.3.98.3	COG0635	Oxygen-independent coproporphyrinogen III oxidase
ANT_3_00208	gene	1413	ntrC			
ANT_3_00208	CDS	1413	ntrC		COG2204	DNA-binding transcriptional regulator NtrC
ANT_3_00209	gene	1050	glnL			
ANT_3_00209	CDS	1050	glnL	2.7.13.3	COG3852	Sensory histidine kinase/phosphatase NtrB
ANT_3_00210	gene	1410	glnA			
ANT_3_00210	CDS	1410	glnA	6.3.1.2	COG0174	Glutamine synthetase
ANT_3_00211	gene	1824	typA			
ANT_3_00211	CDS	1824	typA		COG1217	GTP-binding protein TypA/BipA
ANT_3_00212	gene	588	yihX			
ANT_3_00212	CDS	588	yihX	3.1.3.10	COG1011	Alpha-D-glucose 1-phosphate phosphatase YihX
ANT_3_00213	gene	870				
ANT_3_00213	CDS	870				hypothetical protein
ANT_3_00214	gene	438	dtd			
ANT_3_00214	CDS	438	dtd	3.1.1.96	COG1490	D-aminoacyl-tRNA deacylase
ANT_3_00215	gene	933				
ANT_3_00215	CDS	933				hypothetical protein
ANT_3_00216	gene	1692				
ANT_3_00216	CDS	1692				hypothetical protein
ANT_3_00217	gene	1392	xanP_1			
ANT_3_00217	CDS	1392	xanP_1		COG2233	Xanthine permease XanP
ANT_3_00218	gene	1326	licC_2			
ANT_3_00218	CDS	1326	licC_2		COG1455	Lichenan permease IIC component
ANT_3_00219	gene	2118	recG_1			
ANT_3_00219	CDS	2118	recG_1	3.6.4.12	COG1200	ATP-dependent DNA helicase RecG
ANT_3_00220	gene	699	trmH_1			
ANT_3_00220	CDS	699	trmH_1	2.1.1.34	COG0566	tRNA (guanosine(18)-2'-O)-methyltransferase
ANT_3_00221	gene	2109	spoT_1			
ANT_3_00221	CDS	2109	spoT_1		COG0317	Bifunctional (p)ppGpp synthase/hydrolase SpoT
ANT_3_00222	gene	276	rpoZ_1			
ANT_3_00222	CDS	276	rpoZ_1	2.7.7.6	COG1758	DNA-directed RNA polymerase subunit omega
ANT_3_00223	gene	624	gmk_1			
ANT_3_00223	CDS	624	gmk_1	2.7.4.8	COG0194	Guanylate kinase
ANT_3_00224	gene	1698	ligB_1			
ANT_3_00224	CDS	1698	ligB_1	6.5.1.2	COG0272	DNA ligase B
ANT_3_00225	gene	618				
ANT_3_00225	CDS	618				hypothetical protein
ANT_3_00226	gene	621				
ANT_3_00226	CDS	621				hypothetical protein
ANT_3_00227	gene	1275	fabF_1			
ANT_3_00227	CDS	1275	fabF_1	2.3.1.179	COG0304	3-oxoacyl-[acyl-carrier-protein] synthase 2
ANT_3_00228	gene	74				
ANT_3_00228	tRNA	74				tRNA-Val(gac)
ANT_3_00229	gene	114				
ANT_3_00229	CDS	114				hypothetical protein
ANT_3_00230	gene	717	rph_1			
ANT_3_00230	CDS	717	rph_1	2.7.7.56		Ribonuclease PH
ANT_3_00231	gene	642	pyrE_1			
ANT_3_00231	CDS	642	pyrE_1	2.4.2.10	COG0461	Orotate phosphoribosyltransferase
ANT_3_00232	gene	597	slmA_1			
ANT_3_00232	CDS	597	slmA_1			Nucleoid occlusion factor SlmA
ANT_3_00233	gene	459	dut_1			
ANT_3_00233	CDS	459	dut_1	3.6.1.23	COG0756	Deoxyuridine 5'-triphosphate nucleotidohydrolase
ANT_3_00234	gene	1218	coaBC_1			
ANT_3_00234	CDS	1218	coaBC_1		COG0452	Coenzyme A biosynthesis bifunctional protein CoaBC
ANT_3_00235	gene	681				
ANT_3_00235	CDS	681				hypothetical protein
ANT_3_00236	gene	237	rpmB			
ANT_3_00236	CDS	237	rpmB		COG0227	50S ribosomal protein L28
ANT_3_00237	gene	168	rpmG			
ANT_3_00237	CDS	168	rpmG		COG0267	50S ribosomal protein L33
ANT_3_00238	gene	810	mutM_1			
ANT_3_00238	CDS	810	mutM_1	3.2.2.23	COG0266	Formamidopyrimidine-DNA glycosylase
ANT_3_00239	gene	483	coaD_1			
ANT_3_00239	CDS	483	coaD_1	2.7.7.3	COG0669	Phosphopantetheine adenylyltransferase
ANT_3_00240	gene	768				
ANT_3_00240	CDS	768				hypothetical protein
ANT_3_00241	gene	1275	waaA_1			
ANT_3_00241	CDS	1275	waaA_1	2.4.99.12	COG1519	3-deoxy-D-manno-octulosonic acid transferase
ANT_3_00242	gene	1146	rfaG_1			
ANT_3_00242	CDS	1146	rfaG_1	2.4.-.-		Lipopolysaccharide core biosynthesis protein RfaG
ANT_3_00243	gene	1083	rfaQ_1			
ANT_3_00243	CDS	1083	rfaQ_1	2.-.-.-	COG0859	Lipopolysaccharide core heptosyltransferase RfaQ
ANT_3_00244	gene	1077				
ANT_3_00244	CDS	1077				hypothetical protein
ANT_3_00245	gene	1287				
ANT_3_00245	CDS	1287				hypothetical protein
ANT_3_00246	gene	1005				
ANT_3_00246	CDS	1005				hypothetical protein
ANT_3_00247	gene	1104				
ANT_3_00247	CDS	1104				hypothetical protein
ANT_3_00248	gene	984	rfaC_1			
ANT_3_00248	CDS	984	rfaC_1	2.-.-.-	COG0859	Lipopolysaccharide heptosyltransferase 1
ANT_3_00249	gene	1050	rfaF_1			
ANT_3_00249	CDS	1050	rfaF_1	2.-.-.-	COG0859	ADP-heptose--LPS heptosyltransferase 2
ANT_3_00250	gene	933	hldD_1			
ANT_3_00250	CDS	933	hldD_1	5.1.3.20	COG0451	ADP-L-glycero-D-manno-heptose-6-epimerase
ANT_3_00251	gene	1197	kbl_1			
ANT_3_00251	CDS	1197	kbl_1	2.3.1.29	COG0156	2-amino-3-ketobutyrate coenzyme A ligase
ANT_3_00252	gene	1023	tdh_1			
ANT_3_00252	CDS	1023	tdh_1	1.1.1.103	COG1063	L-threonine 3-dehydrogenase
ANT_3_00253	gene	930				
ANT_3_00253	CDS	930				hypothetical protein
ANT_3_00254	gene	1224	mshA_1			
ANT_3_00254	CDS	1224	mshA_1	2.4.1.250		D-inositol-3-phosphate glycosyltransferase
ANT_3_00255	gene	798				
ANT_3_00255	CDS	798				hypothetical protein
ANT_3_00256	gene	1329	envC_1			
ANT_3_00256	CDS	1329	envC_1		COG4942	Murein hydrolase activator EnvC
ANT_3_00257	gene	1545	gpmI_1			
ANT_3_00257	CDS	1545	gpmI_1	5.4.2.12	COG0696	2,3-bisphosphoglycerate-independent phosphoglycerate mutase
ANT_3_00258	gene	432	yibN_1			
ANT_3_00258	CDS	432	yibN_1		COG0607	putative protein YibN
ANT_3_00259	gene	252	grxC_1			
ANT_3_00259	CDS	252	grxC_1		COG0695	Glutaredoxin 3
ANT_3_00260	gene	471	secB_1			
ANT_3_00260	CDS	471	secB_1		COG1952	Protein-export protein SecB
ANT_3_00261	gene	1020	gpsA_1			
ANT_3_00261	CDS	1020	gpsA_1	1.1.1.94	COG0240	Glycerol-3-phosphate dehydrogenase [NAD(P)+]
ANT_3_00262	gene	822	cysE_1			
ANT_3_00262	CDS	822	cysE_1	2.3.1.30	COG1045	Serine acetyltransferase
ANT_3_00263	gene	474	trmL_1			
ANT_3_00263	CDS	474	trmL_1	2.1.1.207	COG0219	tRNA (cytidine(34)-2'-O)-methyltransferase
ANT_3_00264	gene	1371	cpxA			
ANT_3_00264	CDS	1371	cpxA	2.7.13.3		Sensor histidine kinase CpxA
ANT_3_00265	gene	702	cpxR_1			
ANT_3_00265	CDS	702	cpxR_1		COG0745	Transcriptional regulatory protein CpxR
ANT_3_00266	gene	510	cpxP			
ANT_3_00266	CDS	510	cpxP		COG3678	Periplasmic protein CpxP
ANT_3_00267	gene	987	pfkA			
ANT_3_00267	CDS	987	pfkA	2.7.1.11	COG0205	ATP-dependent 6-phosphofructokinase isozyme 1
ANT_3_00268	gene	990	sbp_1			
ANT_3_00268	CDS	990	sbp_1		COG1613	Sulfate-binding protein
ANT_3_00269	gene	768	tpiA_1			
ANT_3_00269	CDS	768	tpiA_1	5.3.1.1	COG0149	Triosephosphate isomerase
ANT_3_00270	gene	606				
ANT_3_00270	CDS	606				hypothetical protein
ANT_3_00271	gene	429	yhaH			
ANT_3_00271	CDS	429	yhaH		COG3152	Inner membrane protein YhaH
ANT_3_00272	gene	747	fpr_1			
ANT_3_00272	CDS	747	fpr_1	1.18.1.2	COG1018	Flavodoxin/ferredoxin--NADP reductase
ANT_3_00273	gene	1194	emrD_1			
ANT_3_00273	CDS	1194	emrD_1			Multidrug resistance protein D
ANT_3_00274	gene	1011	glpX_1			
ANT_3_00274	CDS	1011	glpX_1	3.1.3.11	COG1494	Fructose-1,6-bisphosphatase 1 class 2
ANT_3_00275	gene	1524	glpK_1			
ANT_3_00275	CDS	1524	glpK_1	2.7.1.30	COG0554	Glycerol kinase
ANT_3_00276	gene	849	glpF_1			
ANT_3_00276	CDS	849	glpF_1		COG0580	Glycerol uptake facilitator protein
ANT_3_00277	gene	240	zapB_1			
ANT_3_00277	CDS	240	zapB_1		COG3074	Cell division protein ZapB
ANT_3_00278	gene	486	rraA_1			
ANT_3_00278	CDS	486	rraA_1		COG0684	Regulator of ribonuclease activity A
ANT_3_00279	gene	927	menA			
ANT_3_00279	CDS	927	menA	2.5.1.74	COG1575	1,4-dihydroxy-2-naphthoate octaprenyltransferase
ANT_3_00280	gene	1335	hslU			
ANT_3_00280	CDS	1335	hslU		COG1220	ATP-dependent protease ATPase subunit HslU
ANT_3_00281	gene	531	hslV			
ANT_3_00281	CDS	531	hslV	3.4.25.2	COG5405	ATP-dependent protease subunit HslV
ANT_3_00282	gene	831	ftsN			
ANT_3_00282	CDS	831	ftsN		COG3087	Cell division protein FtsN
ANT_3_00283	gene	1071	cytR_1			
ANT_3_00283	CDS	1071	cytR_1		COG1609	HTH-type transcriptional repressor CytR
ANT_3_00284	gene	2196	priA			
ANT_3_00284	CDS	2196	priA	3.6.4.-	COG1198	Primosomal protein N'
ANT_3_00285	gene	213	rpmE			
ANT_3_00285	CDS	213	rpmE		COG0254	50S ribosomal protein L31
ANT_3_00286	gene	318	metJ			
ANT_3_00286	CDS	318	metJ		COG3060	Met repressor
ANT_3_00287	gene	1161	metB			
ANT_3_00287	CDS	1161	metB	2.5.1.48	COG0626	Cystathionine gamma-synthase
ANT_3_00288	gene	2436	metL			
ANT_3_00288	CDS	2436	metL		COG0460	Bifunctional aspartokinase/homoserine dehydrogenase 2
ANT_3_00289	gene	909	metF			
ANT_3_00289	CDS	909	metF	1.5.1.20	COG0685	5,10-methylenetetrahydrofolate reductase
ANT_3_00290	gene	366				
ANT_3_00290	CDS	366				hypothetical protein
ANT_3_00291	gene	2646	ppc			
ANT_3_00291	CDS	2646	ppc	4.1.1.31	COG2352	Phosphoenolpyruvate carboxylase
ANT_3_00292	gene	1146	argE_1			
ANT_3_00292	CDS	1146	argE_1	3.5.1.16	COG0624	Acetylornithine deacetylase
ANT_3_00293	gene	1005	argC			
ANT_3_00293	CDS	1005	argC	1.2.1.38	COG0002	N-acetyl-gamma-glutamyl-phosphate reductase
ANT_3_00294	gene	774	argB			
ANT_3_00294	CDS	774	argB	2.7.2.8	COG0548	Acetylglutamate kinase
ANT_3_00295	gene	1377	argH_1			
ANT_3_00295	CDS	1377	argH_1	4.3.2.1	COG0165	Argininosuccinate lyase
ANT_3_00296	gene	1071	ypdF			
ANT_3_00296	CDS	1071	ypdF	3.4.11.-	COG0006	Aminopeptidase YpdF
ANT_3_00297	gene	1236	fryC			
ANT_3_00297	CDS	1236	fryC		COG1299	Fructose-like permease IIC component 1
ANT_3_00298	gene	321	fryB_1			
ANT_3_00298	CDS	321	fryB_1	2.7.1.202	COG1445	PTS system fructose-like EIIB component 1
ANT_3_00299	gene	1386				
ANT_3_00299	CDS	1386		3.4.13.-		Putative dipeptidase
ANT_3_00300	gene	1023	malI_1			
ANT_3_00300	CDS	1023	malI_1		COG1609	Maltose regulon regulatory protein MalI
ANT_3_00301	gene	762	PGdx			
ANT_3_00301	CDS	762	PGdx	1.11.1.15	COG0678	Hybrid peroxiredoxin hyPrx5
ANT_3_00302	gene	924	oxyR_1			
ANT_3_00302	CDS	924	oxyR_1			Hydrogen peroxide-inducible genes activator
ANT_3_00303	gene	1401	sthA			
ANT_3_00303	CDS	1401	sthA	1.6.1.1	COG1249	Soluble pyridine nucleotide transhydrogenase
ANT_3_00304	gene	681	fabR			
ANT_3_00304	CDS	681	fabR		COG1309	HTH-type transcriptional repressor FabR
ANT_3_00305	gene	360	yijD			
ANT_3_00305	CDS	360	yijD			Inner membrane protein YijD
ANT_3_00306	gene	120				
ANT_3_00306	CDS	120				hypothetical protein
ANT_3_00307	gene	1587	xylP_1			
ANT_3_00307	CDS	1587	xylP_1			Isoprimeverose transporter
ANT_3_00308	gene	1140	yesR			
ANT_3_00308	CDS	1140	yesR	3.2.1.172	COG4225	Unsaturated rhamnogalacturonyl hydrolase YesR
ANT_3_00309	gene	1101	trmA			
ANT_3_00309	CDS	1101	trmA	2.1.1.-	COG2265	tRNA/tmRNA (uracil-C(5))-methyltransferase
ANT_3_00310	gene	1863	btuB_1			
ANT_3_00310	CDS	1863	btuB_1		COG4206	Vitamin B12 transporter BtuB
ANT_3_00311	gene	882	murI			
ANT_3_00311	CDS	882	murI	5.1.1.3	COG0796	Glutamate racemase
ANT_3_00312	gene	1179	murB			
ANT_3_00312	CDS	1179	murB	1.3.1.98	COG0812	UDP-N-acetylenolpyruvoylglucosamine reductase
ANT_3_00313	gene	960	birA			
ANT_3_00313	CDS	960	birA	6.3.4.15	COG0340	Bifunctional ligase/repressor BirA
ANT_3_00314	gene	930	coaA			
ANT_3_00314	CDS	930	coaA	2.7.1.33		Pantothenate kinase
ANT_3_00315	gene	534				
ANT_3_00315	CDS	534				hypothetical protein
ANT_3_00316	gene	76				
ANT_3_00316	tRNA	76				tRNA-Thr(tgt)
ANT_3_00317	gene	85				
ANT_3_00317	tRNA	85				tRNA-Tyr(gta)
ANT_3_00318	gene	75				
ANT_3_00318	tRNA	75				tRNA-Gly(tcc)
ANT_3_00319	gene	76				
ANT_3_00319	tRNA	76				tRNA-Thr(ggt)
ANT_3_00320	gene	1185	tufB			
ANT_3_00320	CDS	1185	tufB		COG0050	Elongation factor Tu 2
ANT_3_00321	gene	195	bfd			
ANT_3_00321	CDS	195	bfd		COG2906	Bacterioferritin-associated ferredoxin
ANT_3_00322	gene	477	bfr_1			
ANT_3_00322	CDS	477	bfr_1	1.16.3.1	COG2193	Bacterioferritin
ANT_3_00323	gene	456	outO_1			
ANT_3_00323	CDS	456	outO_1			Type 4 prepilin-like proteins leader peptide-processing enzyme
ANT_3_00324	gene	312	rpsJ_1			
ANT_3_00324	CDS	312	rpsJ_1		COG0051	30S ribosomal protein S10
ANT_3_00325	gene	630	rplC_1			
ANT_3_00325	CDS	630	rplC_1		COG0087	50S ribosomal protein L3
ANT_3_00326	gene	606	rplD_1			
ANT_3_00326	CDS	606	rplD_1		COG0088	50S ribosomal protein L4
ANT_3_00327	gene	453				
ANT_3_00327	CDS	453				hypothetical protein
ANT_3_00328	gene	330				
ANT_3_00328	CDS	330				hypothetical protein
ANT_3_00329	gene	276				
ANT_3_00329	CDS	276				hypothetical protein
ANT_3_00330	gene	1302				
ANT_3_00330	CDS	1302				hypothetical protein
ANT_3_00331	gene	702				
ANT_3_00331	CDS	702				hypothetical protein
ANT_3_00332	gene	180				
ANT_3_00332	CDS	180				hypothetical protein
ANT_3_00333	gene	480	bfr_2			
ANT_3_00333	CDS	480	bfr_2	1.16.3.1	COG2193	Bacterioferritin
ANT_3_00334	gene	837				
ANT_3_00334	CDS	837				hypothetical protein
ANT_3_00335	gene	312	rpsJ_2			
ANT_3_00335	CDS	312	rpsJ_2		COG0051	30S ribosomal protein S10
ANT_3_00336	gene	630	rplC_2			
ANT_3_00336	CDS	630	rplC_2		COG0087	50S ribosomal protein L3
ANT_3_00337	gene	606	rplD_2			
ANT_3_00337	CDS	606	rplD_2		COG0088	50S ribosomal protein L4
ANT_3_00338	gene	303	rplW			
ANT_3_00338	CDS	303	rplW		COG0089	50S ribosomal protein L23
ANT_3_00339	gene	822	rplB			
ANT_3_00339	CDS	822	rplB		COG0090	50S ribosomal protein L2
ANT_3_00340	gene	279	rpsS			
ANT_3_00340	CDS	279	rpsS		COG0185	30S ribosomal protein S19
ANT_3_00341	gene	333	rplV			
ANT_3_00341	CDS	333	rplV		COG0091	50S ribosomal protein L22
ANT_3_00342	gene	699	rpsC			
ANT_3_00342	CDS	699	rpsC		COG0092	30S ribosomal protein S3
ANT_3_00343	gene	411	rplP			
ANT_3_00343	CDS	411	rplP		COG0197	50S ribosomal protein L16
ANT_3_00344	gene	192	rpmC			
ANT_3_00344	CDS	192	rpmC		COG0255	50S ribosomal protein L29
ANT_3_00345	gene	255	rpsQ			
ANT_3_00345	CDS	255	rpsQ		COG0186	30S ribosomal protein S17
ANT_3_00346	gene	372	rplN			
ANT_3_00346	CDS	372	rplN		COG0093	50S ribosomal protein L14
ANT_3_00347	gene	315	rplX			
ANT_3_00347	CDS	315	rplX		COG0198	50S ribosomal protein L24
ANT_3_00348	gene	540	rplE			
ANT_3_00348	CDS	540	rplE		COG0094	50S ribosomal protein L5
ANT_3_00349	gene	306	rpsN			
ANT_3_00349	CDS	306	rpsN		COG0199	30S ribosomal protein S14
ANT_3_00350	gene	393	rpsH			
ANT_3_00350	CDS	393	rpsH		COG0096	30S ribosomal protein S8
ANT_3_00351	gene	534	rplF			
ANT_3_00351	CDS	534	rplF		COG0097	50S ribosomal protein L6
ANT_3_00352	gene	354	rplR			
ANT_3_00352	CDS	354	rplR		COG0256	50S ribosomal protein L18
ANT_3_00353	gene	501	rpsE			
ANT_3_00353	CDS	501	rpsE		COG0098	30S ribosomal protein S5
ANT_3_00354	gene	180	rpmD			
ANT_3_00354	CDS	180	rpmD		COG1841	50S ribosomal protein L30
ANT_3_00355	gene	435	rplO			
ANT_3_00355	CDS	435	rplO		COG0200	50S ribosomal protein L15
ANT_3_00356	gene	1332	secY			
ANT_3_00356	CDS	1332	secY		COG0201	Protein translocase subunit SecY
ANT_3_00357	gene	117	rpmJ			
ANT_3_00357	CDS	117	rpmJ		COG0257	50S ribosomal protein L36
ANT_3_00358	gene	357	rpsM			
ANT_3_00358	CDS	357	rpsM		COG0099	30S ribosomal protein S13
ANT_3_00359	gene	390	rpsK			
ANT_3_00359	CDS	390	rpsK		COG0100	30S ribosomal protein S11
ANT_3_00360	gene	621	rpsD			
ANT_3_00360	CDS	621	rpsD		COG0522	30S ribosomal protein S4
ANT_3_00361	gene	990	rpoA			
ANT_3_00361	CDS	990	rpoA	2.7.7.6		DNA-directed RNA polymerase subunit alpha
ANT_3_00362	gene	390	rplQ			
ANT_3_00362	CDS	390	rplQ		COG0203	50S ribosomal protein L17
ANT_3_00363	gene	369				
ANT_3_00363	CDS	369				hypothetical protein
ANT_3_00364	gene	417	zntR			
ANT_3_00364	CDS	417	zntR		COG0789	HTH-type transcriptional regulator ZntR
ANT_3_00365	gene	201				
ANT_3_00365	CDS	201				hypothetical protein
ANT_3_00366	gene	417	mscL			
ANT_3_00366	CDS	417	mscL		COG1970	Large-conductance mechanosensitive channel
ANT_3_00367	gene	1377	trkA			
ANT_3_00367	CDS	1377	trkA		COG0569	Trk system potassium uptake protein TrkA
ANT_3_00368	gene	1290	rsmB			
ANT_3_00368	CDS	1290	rsmB	2.1.1.176	COG0144	Ribosomal RNA small subunit methyltransferase B
ANT_3_00369	gene	936	fmt			
ANT_3_00369	CDS	936	fmt	2.1.2.9	COG0223	Methionyl-tRNA formyltransferase
ANT_3_00370	gene	513	def			
ANT_3_00370	CDS	513	def	3.5.1.88	COG0242	Peptide deformylase
ANT_3_00371	gene	1170				
ANT_3_00371	CDS	1170				hypothetical protein
ANT_3_00372	gene	474	smg			
ANT_3_00372	CDS	474	smg			Protein Smg
ANT_3_00373	gene	561	topA_1			
ANT_3_00373	CDS	561	topA_1	5.6.2.1		DNA topoisomerase 1
ANT_3_00374	gene	570	tsaC			
ANT_3_00374	CDS	570	tsaC	2.7.7.87	COG0009	Threonylcarbamoyl-AMP synthase
ANT_3_00375	gene	819	aroE			
ANT_3_00375	CDS	819	aroE	1.1.1.25	COG0169	Shikimate dehydrogenase (NADP(+))
ANT_3_00376	gene	540	yrdA			
ANT_3_00376	CDS	540	yrdA		COG0663	Protein YrdA
ANT_3_00377	gene	213				
ANT_3_00377	CDS	213				hypothetical protein
ANT_3_00378	gene	387				
ANT_3_00378	CDS	387				hypothetical protein
ANT_3_00379	gene	261				
ANT_3_00379	CDS	261				hypothetical protein
ANT_3_00380	gene	201				
ANT_3_00380	CDS	201				hypothetical protein
ANT_3_00381	gene	351				
ANT_3_00381	CDS	351				hypothetical protein
ANT_3_00382	gene	282				
ANT_3_00382	CDS	282				hypothetical protein
ANT_3_00383	gene	513				
ANT_3_00383	CDS	513				hypothetical protein
ANT_3_00384	gene	339				
ANT_3_00384	CDS	339				hypothetical protein
ANT_3_00385	gene	162				
ANT_3_00385	CDS	162				hypothetical protein
ANT_3_00386	gene	73				
ANT_3_00386	tRNA	73				tRNA-Met(cat)
ANT_3_00387	gene	243				
ANT_3_00387	CDS	243				hypothetical protein
ANT_3_00388	gene	852	yghU			
ANT_3_00388	CDS	852	yghU	1.8.4.-	COG0625	Disulfide-bond oxidoreductase YghU
ANT_3_00389	gene	906				
ANT_3_00389	CDS	906				hypothetical protein
ANT_3_00390	gene	201	holE_1			
ANT_3_00390	CDS	201	holE_1	2.7.7.7		DNA polymerase III subunit theta
ANT_3_00391	gene	882	hdfR_1			
ANT_3_00391	CDS	882	hdfR_1			HTH-type transcriptional regulator HdfR
ANT_3_00392	gene	327				
ANT_3_00392	CDS	327				hypothetical protein
ANT_3_00393	gene	423				
ANT_3_00393	CDS	423				hypothetical protein
ANT_3_00394	gene	546				
ANT_3_00394	CDS	546				hypothetical protein
ANT_3_00395	gene	2103	fhlA_1			
ANT_3_00395	CDS	2103	fhlA_1		COG3604	Formate hydrogenlyase transcriptional activator
ANT_3_00396	gene	1023	hypE_1			
ANT_3_00396	CDS	1023	hypE_1	4.2.1.-	COG0309	Carbamoyl dehydratase HypE
ANT_3_00397	gene	1167	hypD_1			
ANT_3_00397	CDS	1167	hypD_1		COG0409	Hydrogenase maturation factor HypD
ANT_3_00398	gene	279	hybG_1			
ANT_3_00398	CDS	279	hybG_1		COG0298	Hydrogenase maturation factor HybG
ANT_3_00399	gene	777	hypB_1			
ANT_3_00399	CDS	777	hypB_1		COG0378	Hydrogenase maturation factor HypB
ANT_3_00400	gene	345	hypA_1			
ANT_3_00400	CDS	345	hypA_1		COG0375	Hydrogenase maturation factor HypA
ANT_3_00401	gene	474	hycA_1			
ANT_3_00401	CDS	474	hycA_1			Formate hydrogenlyase regulatory protein HycA
ANT_3_00402	gene	627	hyfA_1			
ANT_3_00402	CDS	627	hyfA_1	1.-.-.-	COG1142	Hydrogenase-4 component A
ANT_3_00403	gene	1905	hyfB			
ANT_3_00403	CDS	1905	hyfB	1.-.-.-	COG0651	Hydrogenase-4 component B
ANT_3_00404	gene	954	hycD_1			
ANT_3_00404	CDS	954	hycD_1		COG0650	Formate hydrogenlyase subunit 4
ANT_3_00405	gene	1725	hycE_1			
ANT_3_00405	CDS	1725	hycE_1		COG3261	Formate hydrogenlyase subunit 5
ANT_3_00406	gene	558	ndhI_1			
ANT_3_00406	CDS	558	ndhI_1	7.1.1.-		NAD(P)H-quinone oxidoreductase subunit I, chloroplastic
ANT_3_00407	gene	798	hycG_1			
ANT_3_00407	CDS	798	hycG_1		COG3260	Formate hydrogenlyase subunit 7
ANT_3_00408	gene	480				
ANT_3_00408	CDS	480				hypothetical protein
ANT_3_00409	gene	486	hycI_1			
ANT_3_00409	CDS	486	hycI_1	3.4.23.51	COG0680	Hydrogenase 3 maturation protease
ANT_3_00410	gene	546	cooF_1			
ANT_3_00410	CDS	546	cooF_1		COG1142	Iron-sulfur protein
ANT_3_00411	gene	2172	fdhF_1			
ANT_3_00411	CDS	2172	fdhF_1	1.17.1.9	COG0243	Formate dehydrogenase H
ANT_3_00412	gene	2322	hypF_1			
ANT_3_00412	CDS	2322	hypF_1	6.2.-.-	COG0068	Carbamoyltransferase HypF
ANT_3_00413	gene	1026	hoxN_1			
ANT_3_00413	CDS	1026	hoxN_1			High-affinity nickel transport protein
ANT_3_00414	gene	330	csgC			
ANT_3_00414	CDS	330	csgC			Curli assembly protein CsgC
ANT_3_00415	gene	465	csgA			
ANT_3_00415	CDS	465	csgA			Major curlin subunit
ANT_3_00416	gene	489	csgB			
ANT_3_00416	CDS	489	csgB			Minor curlin subunit
ANT_3_00417	gene	651	csgD			
ANT_3_00417	CDS	651	csgD		COG2771	putative csgAB operon transcriptional regulatory protein
ANT_3_00418	gene	396	csgE			
ANT_3_00418	CDS	396	csgE			Curli production assembly/transport component CsgE
ANT_3_00419	gene	426	csgF			
ANT_3_00419	CDS	426	csgF			Curli production assembly/transport component CsgF
ANT_3_00420	gene	834	csgG			
ANT_3_00420	CDS	834	csgG		COG1462	Curli production assembly/transport component CsgG
ANT_3_00421	gene	459				
ANT_3_00421	CDS	459				hypothetical protein
ANT_3_00422	gene	1806				
ANT_3_00422	CDS	1806				hypothetical protein
ANT_3_00423	gene	519	yodB			
ANT_3_00423	CDS	519	yodB		COG3038	Cytochrome b561 
ANT_3_00424	gene	627				
ANT_3_00424	CDS	627				hypothetical protein
ANT_3_00425	gene	843	rhaR_2			
ANT_3_00425	CDS	843	rhaR_2			HTH-type transcriptional activator RhaR
ANT_3_00426	gene	1245	alaC			
ANT_3_00426	CDS	1245	alaC	2.6.1.2	COG0436	Glutamate-pyruvate aminotransferase AlaC
ANT_3_00427	gene	537				
ANT_3_00427	CDS	537				hypothetical protein
ANT_3_00428	gene	1704	ypdA			
ANT_3_00428	CDS	1704	ypdA	2.7.13.3	COG3275	Sensor histidine kinase YpdA
ANT_3_00429	gene	780	ypdB			
ANT_3_00429	CDS	780	ypdB		COG3279	Transcriptional regulatory protein YpdB
ANT_3_00430	gene	966	glk			
ANT_3_00430	CDS	966	glk	2.7.1.2	COG0837	Glucokinase
ANT_3_00431	gene	1254	yfeO			
ANT_3_00431	CDS	1254	yfeO			Putative ion-transport protein YfeO
ANT_3_00432	gene	699	ygeA			
ANT_3_00432	CDS	699	ygeA	5.1.1.13		L-aspartate/glutamate-specific racemase
ANT_3_00433	gene	474				
ANT_3_00433	CDS	474				hypothetical protein
ANT_3_00434	gene	888	hcaR_1			
ANT_3_00434	CDS	888	hcaR_1			Hca operon transcriptional activator HcaR
ANT_3_00435	gene	1659	ipdC			
ANT_3_00435	CDS	1659	ipdC	4.1.1.74	COG3961	Indole-3-pyruvate decarboxylase
ANT_3_00436	gene	990	gpr_2			
ANT_3_00436	CDS	990	gpr_2	1.1.1.-	COG0667	L-glyceraldehyde 3-phosphate reductase
ANT_3_00437	gene	426				
ANT_3_00437	CDS	426				hypothetical protein
ANT_3_00438	gene	1230	mntH			
ANT_3_00438	CDS	1230	mntH		COG1914	Divalent metal cation transporter MntH
ANT_3_00439	gene	1188	nupC			
ANT_3_00439	CDS	1188	nupC		COG1972	Nucleoside permease NupC
ANT_3_00440	gene	76				
ANT_3_00440	tRNA	76				tRNA-Ala(ggc)
ANT_3_00441	gene	76				
ANT_3_00441	tRNA	76				tRNA-Ala(ggc)
ANT_3_00442	gene	792	focA_1			
ANT_3_00442	CDS	792	focA_1		COG2116	putative formate transporter 1
ANT_3_00443	gene	1419	gltX			
ANT_3_00443	CDS	1419	gltX	6.1.1.17	COG0008	Glutamate--tRNA ligase
ANT_3_00444	gene	76				
ANT_3_00444	tRNA	76				tRNA-Val(tac)
ANT_3_00445	gene	76				
ANT_3_00445	tRNA	76				tRNA-Val(tac)
ANT_3_00446	gene	76				
ANT_3_00446	tRNA	76				tRNA-Val(tac)
ANT_3_00447	gene	76				
ANT_3_00447	tRNA	76				tRNA-Lys(ttt)
ANT_3_00448	gene	810	eutC			
ANT_3_00448	CDS	810	eutC	4.3.1.7	COG4302	Ethanolamine ammonia-lyase light chain
ANT_3_00449	gene	1383	eutB			
ANT_3_00449	CDS	1383	eutB	4.3.1.7	COG4303	Ethanolamine ammonia-lyase heavy chain
ANT_3_00450	gene	1410	yhdG_1			
ANT_3_00450	CDS	1410	yhdG_1		COG0531	putative amino acid permease YhdG
ANT_3_00451	gene	558				
ANT_3_00451	CDS	558				hypothetical protein
ANT_3_00452	gene	339	flxA			
ANT_3_00452	CDS	339	flxA			Protein FlxA
ANT_3_00453	gene	927	cmpR_1			
ANT_3_00453	CDS	927	cmpR_1			HTH-type transcriptional activator CmpR
ANT_3_00454	gene	990				
ANT_3_00454	CDS	990				hypothetical protein
ANT_3_00455	gene	243				
ANT_3_00455	CDS	243				hypothetical protein
ANT_3_00456	gene	2022	ligA			
ANT_3_00456	CDS	2022	ligA	6.5.1.2	COG0272	DNA ligase
ANT_3_00457	gene	981	zipA			
ANT_3_00457	CDS	981	zipA		COG3115	Cell division protein ZipA
ANT_3_00458	gene	150				
ANT_3_00458	CDS	150				hypothetical protein
ANT_3_00459	gene	786	cysZ			
ANT_3_00459	CDS	786	cysZ		COG2981	Sulfate transporter CysZ
ANT_3_00460	gene	966	cysK_1			
ANT_3_00460	CDS	966	cysK_1	2.5.1.47	COG0031	Cysteine synthase A
ANT_3_00461	gene	258	ptsH			
ANT_3_00461	CDS	258	ptsH		COG1925	Phosphocarrier protein HPr
ANT_3_00462	gene	1728	ptsI			
ANT_3_00462	CDS	1728	ptsI	2.7.3.9	COG1080	Phosphoenolpyruvate-protein phosphotransferase
ANT_3_00463	gene	510	crr			
ANT_3_00463	CDS	510	crr		COG2190	PTS system glucose-specific EIIA component
ANT_3_00464	gene	1368	sasA_1			
ANT_3_00464	CDS	1368	sasA_1	2.7.-.-		Adaptive-response sensory-kinase SasA
ANT_3_00465	gene	684	cpxR_2			
ANT_3_00465	CDS	684	cpxR_2		COG0745	Transcriptional regulatory protein CpxR
ANT_3_00466	gene	885	cysM			
ANT_3_00466	CDS	885	cysM	2.5.1.47	COG0031	Cysteine synthase B
ANT_3_00467	gene	111				
ANT_3_00467	CDS	111				hypothetical protein
ANT_3_00468	gene	708				
ANT_3_00468	CDS	708				hypothetical protein
ANT_3_00469	gene	837	outO_2			
ANT_3_00469	CDS	837	outO_2			Type 4 prepilin-like proteins leader peptide-processing enzyme
ANT_3_00470	gene	1083				
ANT_3_00470	CDS	1083				hypothetical protein
ANT_3_00471	gene	1029	tcpE			
ANT_3_00471	CDS	1029	tcpE			Toxin coregulated pilus biosynthesis protein E
ANT_3_00472	gene	1536	tcpT			
ANT_3_00472	CDS	1536	tcpT		COG2804	Toxin coregulated pilus biosynthesis protein T
ANT_3_00473	gene	519				
ANT_3_00473	CDS	519				hypothetical protein
ANT_3_00474	gene	822				
ANT_3_00474	CDS	822				hypothetical protein
ANT_3_00475	gene	552				
ANT_3_00475	CDS	552				hypothetical protein
ANT_3_00476	gene	1479				
ANT_3_00476	CDS	1479				hypothetical protein
ANT_3_00477	gene	615				
ANT_3_00477	CDS	615				hypothetical protein
ANT_3_00478	gene	1629				
ANT_3_00478	CDS	1629				hypothetical protein
ANT_3_00479	gene	717	tcpA			
ANT_3_00479	CDS	717	tcpA		COG2165	Toxin coregulated pilin
ANT_3_00480	gene	351				
ANT_3_00480	CDS	351				hypothetical protein
ANT_3_00481	gene	1095	cysA			
ANT_3_00481	CDS	1095	cysA	7.3.2.3	COG1118	Sulfate/thiosulfate import ATP-binding protein CysA
ANT_3_00482	gene	876	cysW_1			
ANT_3_00482	CDS	876	cysW_1		COG4208	Sulfate transport system permease protein CysW
ANT_3_00483	gene	831	cysT			
ANT_3_00483	CDS	831	cysT		COG0555	Sulfate transport system permease protein CysT
ANT_3_00484	gene	1023	cysP			
ANT_3_00484	CDS	1023	cysP		COG4150	Thiosulfate-binding protein
ANT_3_00485	gene	900	yfeX			
ANT_3_00485	CDS	900	yfeX	1.11.1.-	COG2837	Dye-decolorizing peroxidase YfeX
ANT_3_00486	gene	630	yfeY			
ANT_3_00486	CDS	630	yfeY			putative protein YfeY
ANT_3_00487	gene	444	yfeZ			
ANT_3_00487	CDS	444	yfeZ			Inner membrane protein YfeZ
ANT_3_00488	gene	402	ygiW			
ANT_3_00488	CDS	402	ygiW		COG3111	Protein YgiW
ANT_3_00489	gene	426	ypeA			
ANT_3_00489	CDS	426	ypeA	2.3.1.-	COG0456	Acetyltransferase YpeA
ANT_3_00490	gene	885	amiA			
ANT_3_00490	CDS	885	amiA	3.5.1.28	COG0860	N-acetylmuramoyl-L-alanine amidase AmiA
ANT_3_00491	gene	963	hemF			
ANT_3_00491	CDS	963	hemF	1.3.3.3	COG0408	Oxygen-dependent coproporphyrinogen-III oxidase
ANT_3_00492	gene	450				
ANT_3_00492	CDS	450				hypothetical protein
ANT_3_00493	gene	948	rihA			
ANT_3_00493	CDS	948	rihA	3.2.-.-	COG1957	Pyrimidine-specific ribonucleoside hydrolase RihA
ANT_3_00494	gene	2280	maeB			
ANT_3_00494	CDS	2280	maeB	1.1.1.40	COG0280	NADP-dependent malic enzyme
ANT_3_00495	gene	951	tal			
ANT_3_00495	CDS	951	tal	2.2.1.2		Transaldolase
ANT_3_00496	gene	1995	tktA_1			
ANT_3_00496	CDS	1995	tktA_1	2.2.1.1	COG0021	Transketolase 1
ANT_3_00497	gene	1353	dnaK			
ANT_3_00497	CDS	1353	dnaK			Chaperone protein DnaK
ANT_3_00498	gene	954	yajO_1			
ANT_3_00498	CDS	954	yajO_1	1.1.-.-	COG0667	1-deoxyxylulose-5-phosphate synthase YajO
ANT_3_00499	gene	1476	mdtD			
ANT_3_00499	CDS	1476	mdtD			Putative multidrug resistance protein MdtD
ANT_3_00500	gene	1386	baeS			
ANT_3_00500	CDS	1386	baeS	2.7.13.3	COG0642	Signal transduction histidine-protein kinase BaeS
ANT_3_00501	gene	720	baeR			
ANT_3_00501	CDS	720	baeR		COG0745	Transcriptional regulatory protein BaeR
ANT_3_00502	gene	339				
ANT_3_00502	CDS	339				hypothetical protein
ANT_3_00503	gene	1386	rlhA			
ANT_3_00503	CDS	1386	rlhA		COG0826	23S rRNA 5-hydroxycytidine synthase
ANT_3_00504	gene	894	yegS			
ANT_3_00504	CDS	894	yegS	2.7.1.-	COG1597	putative lipid kinase YegS
ANT_3_00505	gene	1521	yjmB_1			
ANT_3_00505	CDS	1521	yjmB_1		COG2211	putative symporter YjmB
ANT_3_00506	gene	1014	dlgD_1			
ANT_3_00506	CDS	1014	dlgD_1	1.1.1.130	COG2055	2,3-diketo-L-gulonate reductase
ANT_3_00507	gene	1215	rspA			
ANT_3_00507	CDS	1215	rspA		COG4948	Starvation-sensing protein RspA
ANT_3_00508	gene	1014	rspB			
ANT_3_00508	CDS	1014	rspB	1.1.1.-	COG1063	Starvation-sensing protein RspB
ANT_3_00509	gene	1290	exuT_1			
ANT_3_00509	CDS	1290	exuT_1			Hexuronate transporter
ANT_3_00510	gene	1344	abaF_1			
ANT_3_00510	CDS	1344	abaF_1			Fosfomycin resistance protein AbaF
ANT_3_00511	gene	1977	hypBA1_1			
ANT_3_00511	CDS	1977	hypBA1_1	3.2.1.185		Non-reducing end beta-L-arabinofuranosidase
ANT_3_00512	gene	1410	yicJ_1			
ANT_3_00512	CDS	1410	yicJ_1		COG2211	Inner membrane symporter YicJ
ANT_3_00513	gene	828	rhaR_3			
ANT_3_00513	CDS	828	rhaR_3			HTH-type transcriptional activator RhaR
ANT_3_00514	gene	687	rspR_1			
ANT_3_00514	CDS	687	rspR_1		COG1802	HTH-type transcriptional repressor RspR
ANT_3_00515	gene	849				
ANT_3_00515	CDS	849				hypothetical protein
ANT_3_00516	gene	801	thiD			
ANT_3_00516	CDS	801	thiD	2.7.1.49	COG0351	Hydroxymethylpyrimidine/phosphomethylpyrimidine kinase
ANT_3_00517	gene	807	thiM			
ANT_3_00517	CDS	807	thiM	2.7.1.50	COG2145	Hydroxyethylthiazole kinase
ANT_3_00518	gene	1023				
ANT_3_00518	CDS	1023				hypothetical protein
ANT_3_00519	gene	888				
ANT_3_00519	CDS	888				hypothetical protein
ANT_3_00520	gene	1077	metXA			
ANT_3_00520	CDS	1077	metXA	2.3.1.46		Homoserine O-acetyltransferase
ANT_3_00521	gene	1623	tsr_1			
ANT_3_00521	CDS	1623	tsr_1		COG0840	Methyl-accepting chemotaxis protein I
ANT_3_00522	gene	1134	hybO			
ANT_3_00522	CDS	1134	hybO	1.12.99.6	COG1740	Hydrogenase-2 small chain
ANT_3_00523	gene	1032	fdoH			
ANT_3_00523	CDS	1032	fdoH		COG0437	Formate dehydrogenase-O iron-sulfur subunit
ANT_3_00524	gene	1200	hybB			
ANT_3_00524	CDS	1200	hybB		COG5557	putative Ni/Fe-hydrogenase 2 b-type cytochrome subunit
ANT_3_00525	gene	1707	hybC			
ANT_3_00525	CDS	1707	hybC	1.12.99.6	COG0374	Hydrogenase-2 large chain
ANT_3_00526	gene	552	hybD			
ANT_3_00526	CDS	552	hybD	3.4.23.-	COG0680	Hydrogenase 2 maturation protease
ANT_3_00527	gene	540	hybE			
ANT_3_00527	CDS	540	hybE			Hydrogenase-2 operon protein HybE
ANT_3_00528	gene	342	hybF			
ANT_3_00528	CDS	342	hybF		COG0375	Hydrogenase maturation factor HybF
ANT_3_00529	gene	879	hypB_2			
ANT_3_00529	CDS	879	hypB_2		COG0378	Hydrogenase maturation factor HypB
ANT_3_00530	gene	264	hybG_2			
ANT_3_00530	CDS	264	hybG_2		COG0298	Hydrogenase maturation factor HybG
ANT_3_00531	gene	435				
ANT_3_00531	CDS	435				hypothetical protein
ANT_3_00532	gene	663				
ANT_3_00532	CDS	663				hypothetical protein
ANT_3_00533	gene	264				
ANT_3_00533	CDS	264				hypothetical protein
ANT_3_00534	gene	333				
ANT_3_00534	CDS	333				hypothetical protein
ANT_3_00535	gene	894	syrM1_1			
ANT_3_00535	CDS	894	syrM1_1			HTH-type transcriptional regulator SyrM 1
ANT_3_00536	gene	777	kefG			
ANT_3_00536	CDS	777	kefG	1.6.5.2		Glutathione-regulated potassium-efflux system ancillary protein KefG
ANT_3_00537	gene	1344				
ANT_3_00537	CDS	1344				hypothetical protein
ANT_3_00538	gene	1578	guaA			
ANT_3_00538	CDS	1578	guaA	6.3.5.2	COG0518	GMP synthase [glutamine-hydrolyzing]
ANT_3_00539	gene	1635	guaB			
ANT_3_00539	CDS	1635	guaB	1.1.1.205	COG0516	Inosine-5'-monophosphate dehydrogenase
ANT_3_00540	gene	1374	xseA			
ANT_3_00540	CDS	1374	xseA	3.1.11.6	COG1570	Exodeoxyribonuclease 7 large subunit
ANT_3_00541	gene	2364				
ANT_3_00541	CDS	2364				hypothetical protein
ANT_3_00542	gene	1314	exuT_2			
ANT_3_00542	CDS	1314	exuT_2			Hexuronate transporter
ANT_3_00543	gene	1083	cytR_2			
ANT_3_00543	CDS	1083	cytR_2		COG1609	HTH-type transcriptional repressor CytR
ANT_3_00544	gene	1035	prtS			
ANT_3_00544	CDS	1035	prtS	3.4.24.-		Protease PrtS
ANT_3_00545	gene	348				
ANT_3_00545	CDS	348				hypothetical protein
ANT_3_00546	gene	231	yfgJ			
ANT_3_00546	CDS	231	yfgJ			putative protein YfgJ
ANT_3_00547	gene	957				
ANT_3_00547	CDS	957				hypothetical protein
ANT_3_00548	gene	1485	der			
ANT_3_00548	CDS	1485	der		COG1160	GTPase Der
ANT_3_00549	gene	1182	bamB			
ANT_3_00549	CDS	1182	bamB		COG1520	Outer membrane protein assembly factor BamB
ANT_3_00550	gene	621				
ANT_3_00550	CDS	621				hypothetical protein
ANT_3_00551	gene	1275	hisS			
ANT_3_00551	CDS	1275	hisS	6.1.1.21	COG0124	Histidine--tRNA ligase
ANT_3_00552	gene	1122	ispG			
ANT_3_00552	CDS	1122	ispG	1.17.7.3	COG0821	4-hydroxy-3-methylbut-2-en-1-yl diphosphate synthase (flavodoxin)
ANT_3_00553	gene	990	rodZ			
ANT_3_00553	CDS	990	rodZ		COG1426	Cytoskeleton protein RodZ
ANT_3_00554	gene	762				
ANT_3_00554	CDS	762				hypothetical protein
ANT_3_00555	gene	1200	rlmN			
ANT_3_00555	CDS	1200	rlmN	2.1.1.192	COG0820	Dual-specificity RNA methyltransferase RlmN
ANT_3_00556	gene	426	ndk			
ANT_3_00556	CDS	426	ndk	2.7.4.6	COG0105	Nucleoside diphosphate kinase
ANT_3_00557	gene	864				
ANT_3_00557	CDS	864				hypothetical protein
ANT_3_00558	gene	1311	pepB			
ANT_3_00558	CDS	1311	pepB	3.4.11.23	COG0260	Peptidase B
ANT_3_00559	gene	1176	iscS			
ANT_3_00559	CDS	1176	iscS	2.8.1.7	COG1104	Cysteine desulfurase IscS
ANT_3_00560	gene	495	iscR			
ANT_3_00560	CDS	495	iscR		COG1959	HTH-type transcriptional regulator IscR
ANT_3_00561	gene	738	trmJ			
ANT_3_00561	CDS	738	trmJ	2.1.1.200	COG0565	tRNA (cytidine/uridine-2'-O-)-methyltransferase TrmJ
ANT_3_00562	gene	804	suhB			
ANT_3_00562	CDS	804	suhB	3.1.3.25	COG0483	Inositol-1-monophosphatase
ANT_3_00563	gene	1020				
ANT_3_00563	CDS	1020				hypothetical protein
ANT_3_00564	gene	720				
ANT_3_00564	CDS	720				hypothetical protein
ANT_3_00565	gene	1281				
ANT_3_00565	CDS	1281				hypothetical protein
ANT_3_00566	gene	1161	hcaT			
ANT_3_00566	CDS	1161	hcaT			putative 3-phenylpropionic acid transporter
ANT_3_00567	gene	1254	glyA			
ANT_3_00567	CDS	1254	glyA	2.1.2.1	COG0112	Serine hydroxymethyltransferase
ANT_3_00568	gene	1206	hmp			
ANT_3_00568	CDS	1206	hmp	1.14.12.17	COG1017	Flavohemoprotein
ANT_3_00569	gene	1401	fdhC_1			
ANT_3_00569	CDS	1401	fdhC_1			Fructose dehydrogenase cytochrome subunit
ANT_3_00570	gene	1602	fdhL_1			
ANT_3_00570	CDS	1602	fdhL_1	1.1.99.11		Fructose dehydrogenase large subunit
ANT_3_00571	gene	522	fdhS_1			
ANT_3_00571	CDS	522	fdhS_1			Fructose dehydrogenase small subunit
ANT_3_00572	gene	339	glnB			
ANT_3_00572	CDS	339	glnB		COG0347	Nitrogen regulatory protein P-II
ANT_3_00573	gene	1338	qseF			
ANT_3_00573	CDS	1338	qseF		COG2204	Transcriptional regulatory protein QseF
ANT_3_00574	gene	774	qseG			
ANT_3_00574	CDS	774	qseG			Quorum-sensing regulator protein G
ANT_3_00575	gene	1461	qseE			
ANT_3_00575	CDS	1461	qseE	2.7.13.3		Sensor histidine kinase QseE
ANT_3_00576	gene	1947	mrdA_1			
ANT_3_00576	CDS	1947	mrdA_1	3.4.16.4	COG0768	Peptidoglycan D,D-transpeptidase MrdA
ANT_3_00577	gene	366				
ANT_3_00577	CDS	366				hypothetical protein
ANT_3_00578	gene	624	rhtC_1			
ANT_3_00578	CDS	624	rhtC_1		COG1280	Threonine efflux protein
ANT_3_00579	gene	777	menH_1			
ANT_3_00579	CDS	777	menH_1	4.2.99.20		2-succinyl-6-hydroxy-2,4-cyclohexadiene-1-carboxylate synthase
ANT_3_00580	gene	558				
ANT_3_00580	CDS	558				hypothetical protein
ANT_3_00581	gene	231				
ANT_3_00581	CDS	231				hypothetical protein
ANT_3_00582	gene	1014				
ANT_3_00582	CDS	1014			COG0614	putative protein
ANT_3_00583	gene	2133	fatA_1			
ANT_3_00583	CDS	2133	fatA_1			Ferric-anguibactin receptor FatA
ANT_3_00584	gene	762	fecE			
ANT_3_00584	CDS	762	fecE		COG1120	Fe(3+) dicitrate transport ATP-binding protein FecE
ANT_3_00585	gene	1050				
ANT_3_00585	CDS	1050			COG0609	putative ABC transporter permease protein
ANT_3_00586	gene	1251	yhjX_1			
ANT_3_00586	CDS	1251	yhjX_1			putative MFS-type transporter YhjX
ANT_3_00587	gene	204				
ANT_3_00587	CDS	204				hypothetical protein
ANT_3_00588	gene	111				
ANT_3_00588	CDS	111				hypothetical protein
ANT_3_00589	gene	138				
ANT_3_00589	CDS	138				hypothetical protein
ANT_3_00590	gene	213	cspG			
ANT_3_00590	CDS	213	cspG		COG1278	Cold shock-like protein CspG
ANT_3_00591	gene	1116				
ANT_3_00591	CDS	1116				hypothetical protein
ANT_3_00592	gene	726				
ANT_3_00592	CDS	726				hypothetical protein
ANT_3_00593	gene	273				
ANT_3_00593	CDS	273				hypothetical protein
ANT_3_00594	gene	1563				
ANT_3_00594	CDS	1563				hypothetical protein
ANT_3_00595	gene	480				
ANT_3_00595	CDS	480				hypothetical protein
ANT_3_00596	gene	492				
ANT_3_00596	CDS	492				hypothetical protein
ANT_3_00597	gene	909	pgrR_1			
ANT_3_00597	CDS	909	pgrR_1			HTH-type transcriptional regulator PgrR
ANT_3_00598	gene	1152	estB			
ANT_3_00598	CDS	1152	estB	3.1.1.-	COG1680	Esterase EstB
ANT_3_00599	gene	1230	nepI_1			
ANT_3_00599	CDS	1230	nepI_1		COG2814	Purine ribonucleoside efflux pump NepI
ANT_3_00600	gene	159				
ANT_3_00600	CDS	159				hypothetical protein
ANT_3_00601	gene	108	yniD			
ANT_3_00601	CDS	108	yniD			putative protein YniD
ANT_3_00602	gene	132				
ANT_3_00602	CDS	132				hypothetical protein
ANT_3_00603	gene	891				
ANT_3_00603	CDS	891				hypothetical protein
ANT_3_00604	gene	243				
ANT_3_00604	CDS	243				hypothetical protein
ANT_3_00605	gene	2055	recD			
ANT_3_00605	CDS	2055	recD	3.1.11.5	COG0507	RecBCD enzyme subunit RecD
ANT_3_00606	gene	3687	recB			
ANT_3_00606	CDS	3687	recB	3.1.11.5	COG1074	RecBCD enzyme subunit RecB
ANT_3_00607	gene	3489	recC			
ANT_3_00607	CDS	3489	recC	3.1.11.5	COG1330	RecBCD enzyme subunit RecC
ANT_3_00608	gene	513				
ANT_3_00608	CDS	513				hypothetical protein
ANT_3_00609	gene	1098	namA_1			
ANT_3_00609	CDS	1098	namA_1	1.6.99.1	COG1902	NADPH dehydrogenase
ANT_3_00610	gene	903	syrM1_2			
ANT_3_00610	CDS	903	syrM1_2			HTH-type transcriptional regulator SyrM 1
ANT_3_00611	gene	306				
ANT_3_00611	CDS	306				hypothetical protein
ANT_3_00612	gene	894	pgrR_2			
ANT_3_00612	CDS	894	pgrR_2			HTH-type transcriptional regulator PgrR
ANT_3_00613	gene	1185	nepI_2			
ANT_3_00613	CDS	1185	nepI_2		COG2814	Purine ribonucleoside efflux pump NepI
ANT_3_00614	gene	861	rbsK_1			
ANT_3_00614	CDS	861	rbsK_1	2.7.1.15	COG0524	Ribokinase
ANT_3_00615	gene	858	rpiR			
ANT_3_00615	CDS	858	rpiR		COG1737	HTH-type transcriptional regulator RpiR
ANT_3_00616	gene	972	rbsC_1			
ANT_3_00616	CDS	972	rbsC_1		COG1172	Ribose import permease protein RbsC
ANT_3_00617	gene	1503	mglA_1			
ANT_3_00617	CDS	1503	mglA_1	7.5.2.11	COG1129	Galactose/methyl galactoside import ATP-binding protein MglA
ANT_3_00618	gene	1044				
ANT_3_00618	CDS	1044				hypothetical protein
ANT_3_00619	gene	981	apsI			
ANT_3_00619	CDS	981	apsI	5.3.1.-	COG4952	D-apiose isomerase
ANT_3_00620	gene	1788	mcpA			
ANT_3_00620	CDS	1788	mcpA		COG0840	Methyl-accepting chemotaxis protein McpA
ANT_3_00621	gene	837	opuAB			
ANT_3_00621	CDS	837	opuAB		COG4176	Glycine betaine transport system permease protein OpuAB
ANT_3_00622	gene	840	proV_2			
ANT_3_00622	CDS	840	proV_2		COG4175	Glycine betaine/proline betaine transport system ATP-binding protein ProV
ANT_3_00623	gene	957	gcvA_2			
ANT_3_00623	CDS	957	gcvA_2			Glycine cleavage system transcriptional activator
ANT_3_00624	gene	1542	betC			
ANT_3_00624	CDS	1542	betC	3.1.6.6	COG3119	Choline-sulfatase
ANT_3_00625	gene	945				
ANT_3_00625	CDS	945				hypothetical protein
ANT_3_00626	gene	810	proC_1			
ANT_3_00626	CDS	810	proC_1	1.5.1.2	COG0345	Pyrroline-5-carboxylate reductase
ANT_3_00627	gene	1158	hipO_1			
ANT_3_00627	CDS	1158	hipO_1	3.5.1.32	COG1473	Hippurate hydrolase
ANT_3_00628	gene	714	rspR_2			
ANT_3_00628	CDS	714	rspR_2		COG1802	HTH-type transcriptional repressor RspR
ANT_3_00629	gene	1119				
ANT_3_00629	CDS	1119				hypothetical protein
ANT_3_00630	gene	894	livH_1			
ANT_3_00630	CDS	894	livH_1		COG0559	High-affinity branched-chain amino acid transport system permease protein LivH
ANT_3_00631	gene	888				
ANT_3_00631	CDS	888				hypothetical protein
ANT_3_00632	gene	780	lnrL			
ANT_3_00632	CDS	780	lnrL	3.6.3.-	COG1131	Linearmycin resistance ATP-binding protein LnrL
ANT_3_00633	gene	720	livF_1			
ANT_3_00633	CDS	720	livF_1		COG0410	High-affinity branched-chain amino acid transport ATP-binding protein LivF
ANT_3_00634	gene	852				
ANT_3_00634	CDS	852				hypothetical protein
ANT_3_00635	gene	1599	aer			
ANT_3_00635	CDS	1599	aer		COG0840	Aerotaxis receptor
ANT_3_00636	gene	234				
ANT_3_00636	CDS	234				hypothetical protein
ANT_3_00637	gene	363	frwD_1			
ANT_3_00637	CDS	363	frwD_1	2.7.1.202	COG1445	PTS system fructose-like EIIB component 3
ANT_3_00638	gene	867	rhaR_4			
ANT_3_00638	CDS	867	rhaR_4			HTH-type transcriptional activator RhaR
ANT_3_00639	gene	318	manP_1			
ANT_3_00639	CDS	318	manP_1		COG1299	PTS system mannose-specific EIIBCA component
ANT_3_00640	gene	1251				
ANT_3_00640	CDS	1251				hypothetical protein
ANT_3_00641	gene	1053	manP_2			
ANT_3_00641	CDS	1053	manP_2		COG1299	PTS system mannose-specific EIIBCA component
ANT_3_00642	gene	2517	fryA_1			
ANT_3_00642	CDS	2517	fryA_1		COG1080	Multiphosphoryl transfer protein 1
ANT_3_00643	gene	654	hxpA_1			
ANT_3_00643	CDS	654	hxpA_1	3.1.3.22	COG0637	Hexitol phosphatase A
ANT_3_00644	gene	228				
ANT_3_00644	CDS	228				hypothetical protein
ANT_3_00645	gene	258	bhsA_1			
ANT_3_00645	CDS	258	bhsA_1			Multiple stress resistance protein BhsA
ANT_3_00646	gene	258	bhsA_2			
ANT_3_00646	CDS	258	bhsA_2			Multiple stress resistance protein BhsA
ANT_3_00647	gene	882	quiB			
ANT_3_00647	CDS	882	quiB	4.2.1.10	COG0710	Catabolic 3-dehydroquinate dehydratase
ANT_3_00648	gene	1542	quiC			
ANT_3_00648	CDS	1542	quiC	4.2.1.118		3-dehydroshikimate dehydratase
ANT_3_00649	gene	720	ydfK			
ANT_3_00649	CDS	720	ydfK		COG1811	putative membrane protein YdfK
ANT_3_00650	gene	621	bsdB			
ANT_3_00650	CDS	621	bsdB	2.5.1.129	COG0163	putative UbiX-like flavin prenyltransferase
ANT_3_00651	gene	1488	lpdC			
ANT_3_00651	CDS	1488	lpdC	4.1.1.59	COG0043	Gallate decarboxylase
ANT_3_00652	gene	900	hcaR_2			
ANT_3_00652	CDS	900	hcaR_2			Hca operon transcriptional activator HcaR
ANT_3_00653	gene	747				
ANT_3_00653	CDS	747				hypothetical protein
ANT_3_00654	gene	483				
ANT_3_00654	CDS	483				hypothetical protein
ANT_3_00655	gene	1155				
ANT_3_00655	CDS	1155				hypothetical protein
ANT_3_00656	gene	1515				
ANT_3_00656	CDS	1515				hypothetical protein
ANT_3_00657	gene	3084				
ANT_3_00657	CDS	3084				hypothetical protein
ANT_3_00658	gene	2688				
ANT_3_00658	CDS	2688				hypothetical protein
ANT_3_00659	gene	1011				
ANT_3_00659	CDS	1011				hypothetical protein
ANT_3_00660	gene	1962				
ANT_3_00660	CDS	1962				hypothetical protein
ANT_3_00661	gene	714	btuD_1			
ANT_3_00661	CDS	714	btuD_1	7.6.2.8		Vitamin B12 import ATP-binding protein BtuD
ANT_3_00662	gene	1248				
ANT_3_00662	CDS	1248				hypothetical protein
ANT_3_00663	gene	1566				
ANT_3_00663	CDS	1566				hypothetical protein
ANT_3_00664	gene	453				
ANT_3_00664	CDS	453				hypothetical protein
ANT_3_00665	gene	804				
ANT_3_00665	CDS	804				IS3 family transposase ISEhe3
ANT_3_00666	gene	405				
ANT_3_00666	CDS	405				hypothetical protein
ANT_3_00667	gene	633				
ANT_3_00667	CDS	633				hypothetical protein
ANT_3_00668	gene	76				
ANT_3_00668	tRNA	76				tRNA-Thr(cgt)
ANT_3_00669	gene	76				
ANT_3_00669	tRNA	76				tRNA-Thr(tgt)
ANT_3_00670	gene	1254	proA			
ANT_3_00670	CDS	1254	proA	1.2.1.41	COG0014	Gamma-glutamyl phosphate reductase
ANT_3_00671	gene	1104	proB			
ANT_3_00671	CDS	1104	proB	2.7.2.11	COG0263	Glutamate 5-kinase
ANT_3_00672	gene	402	crl			
ANT_3_00672	CDS	402	crl			Sigma factor-binding protein Crl
ANT_3_00673	gene	1251				
ANT_3_00673	CDS	1251				hypothetical protein
ANT_3_00674	gene	459	gpt			
ANT_3_00674	CDS	459	gpt	2.4.2.22	COG0503	Xanthine phosphoribosyltransferase
ANT_3_00675	gene	1461	pepD			
ANT_3_00675	CDS	1461	pepD	3.4.13.18	COG2195	Cytosol non-specific dipeptidase
ANT_3_00676	gene	1086	dinB			
ANT_3_00676	CDS	1086	dinB	2.7.7.7	COG0389	DNA polymerase IV
ANT_3_00677	gene	726				
ANT_3_00677	CDS	726				hypothetical protein
ANT_3_00678	gene	768	yafJ			
ANT_3_00678	CDS	768	yafJ	2.4.2.-	COG0121	Putative glutamine amidotransferase YafJ
ANT_3_00679	gene	582	gmhA			
ANT_3_00679	CDS	582	gmhA	5.3.1.28	COG0279	Phosphoheptose isomerase
ANT_3_00680	gene	2469	fadE			
ANT_3_00680	CDS	2469	fadE	1.3.8.7	COG1960	Acyl-coenzyme A dehydrogenase
ANT_3_00681	gene	1404				
ANT_3_00681	CDS	1404				hypothetical protein
ANT_3_00682	gene	471				
ANT_3_00682	CDS	471				hypothetical protein
ANT_3_00683	gene	1290	exuT_3			
ANT_3_00683	CDS	1290	exuT_3			Hexuronate transporter
ANT_3_00684	gene	303				
ANT_3_00684	CDS	303				hypothetical protein
ANT_3_00685	gene	504				
ANT_3_00685	CDS	504				hypothetical protein
ANT_3_00686	gene	126				
ANT_3_00686	CDS	126				hypothetical protein
ANT_3_00687	gene	255				
ANT_3_00687	CDS	255				hypothetical protein
ANT_3_00688	gene	645				
ANT_3_00688	CDS	645				hypothetical protein
ANT_3_00689	gene	735				
ANT_3_00689	CDS	735				hypothetical protein
ANT_3_00690	gene	309				
ANT_3_00690	CDS	309				hypothetical protein
ANT_3_00691	gene	801				
ANT_3_00691	CDS	801				hypothetical protein
ANT_3_00692	gene	489				
ANT_3_00692	CDS	489				hypothetical protein
ANT_3_00693	gene	444				
ANT_3_00693	CDS	444				hypothetical protein
ANT_3_00694	gene	108				
ANT_3_00694	CDS	108				hypothetical protein
ANT_3_00695	gene	603				
ANT_3_00695	CDS	603				hypothetical protein
ANT_3_00696	gene	375				
ANT_3_00696	CDS	375				hypothetical protein
ANT_3_00697	gene	189				
ANT_3_00697	CDS	189				hypothetical protein
ANT_3_00698	gene	1238				
ANT_3_00698	rRNA	1238				16S ribosomal RNA (partial)
ANT_3_00699	gene	543				
ANT_3_00699	CDS	543				hypothetical protein
ANT_3_00700	gene	255				
ANT_3_00700	CDS	255				hypothetical protein
ANT_3_00701	gene	504				
ANT_3_00701	CDS	504				hypothetical protein
ANT_3_00702	gene	126				
ANT_3_00702	CDS	126				hypothetical protein
ANT_3_00703	gene	192				
ANT_3_00703	CDS	192				hypothetical protein
ANT_3_00704	gene	201				
ANT_3_00704	CDS	201				hypothetical protein
ANT_3_00705	gene	486				
ANT_3_00705	CDS	486				hypothetical protein
ANT_3_00706	gene	207				
ANT_3_00706	CDS	207				hypothetical protein
ANT_3_00707	gene	1044				
ANT_3_00707	CDS	1044				hypothetical protein
ANT_3_00708	gene	690				
ANT_3_00708	CDS	690				hypothetical protein
ANT_3_00709	gene	246				
ANT_3_00709	CDS	246				hypothetical protein
ANT_3_00710	gene	231				
ANT_3_00710	CDS	231				hypothetical protein
ANT_3_00711	gene	492				
ANT_3_00711	CDS	492				hypothetical protein
ANT_3_00712	gene	150				
ANT_3_00712	CDS	150				hypothetical protein
ANT_3_00713	gene	183				
ANT_3_00713	CDS	183				hypothetical protein
ANT_3_00714	gene	162				
ANT_3_00714	CDS	162				hypothetical protein
ANT_3_00715	gene	90				
ANT_3_00715	CDS	90				hypothetical protein
ANT_3_00716	gene	684				
ANT_3_00716	CDS	684				hypothetical protein
ANT_3_00717	gene	219				
ANT_3_00717	CDS	219				hypothetical protein
ANT_3_00718	gene	111				
ANT_3_00718	CDS	111				hypothetical protein
ANT_3_00719	gene	294				
ANT_3_00719	CDS	294				hypothetical protein
ANT_3_00720	gene	372				
ANT_3_00720	CDS	372				hypothetical protein
ANT_3_00721	gene	76				
ANT_3_00721	tRNA	76				tRNA-Met(cat)
ANT_3_00722	gene	444				
ANT_3_00722	CDS	444				hypothetical protein
ANT_3_00723	gene	480				
ANT_3_00723	CDS	480				hypothetical protein
ANT_3_00724	gene	384				
ANT_3_00724	CDS	384				hypothetical protein
ANT_3_00725	gene	162				
ANT_3_00725	CDS	162				hypothetical protein
ANT_3_00726	gene	168				
ANT_3_00726	CDS	168				hypothetical protein
ANT_3_00727	gene	76				
ANT_3_00727	tRNA	76				tRNA-Met(cat)
ANT_3_00728	gene	180				
ANT_3_00728	CDS	180				hypothetical protein
ANT_3_00729	gene	231				
ANT_3_00729	CDS	231				hypothetical protein
ANT_3_00730	gene	597				
ANT_3_00730	CDS	597				hypothetical protein
ANT_3_00731	gene	168				
ANT_3_00731	CDS	168				hypothetical protein
ANT_3_00732	gene	219				
ANT_3_00732	CDS	219				hypothetical protein
ANT_3_00733	gene	579				
ANT_3_00733	CDS	579				hypothetical protein
ANT_3_00734	gene	159				
ANT_3_00734	CDS	159				hypothetical protein
ANT_3_00735	gene	276				
ANT_3_00735	CDS	276				hypothetical protein
ANT_3_00736	gene	120				
ANT_3_00736	CDS	120				hypothetical protein
ANT_3_00737	gene	285				
ANT_3_00737	CDS	285				hypothetical protein
ANT_3_00738	gene	1341	atpB			
ANT_3_00738	CDS	1341	atpB			ATP synthase subunit a
ANT_3_00739	gene	231				
ANT_3_00739	CDS	231				hypothetical protein
ANT_3_00740	gene	348				
ANT_3_00740	CDS	348				hypothetical protein
ANT_3_00741	gene	174				
ANT_3_00741	CDS	174				hypothetical protein
ANT_3_00742	gene	486				
ANT_3_00742	CDS	486				hypothetical protein
ANT_3_00743	gene	375	rpsL			
ANT_3_00743	CDS	375	rpsL		COG0048	30S ribosomal protein S12
ANT_3_00744	gene	288	tusB			
ANT_3_00744	CDS	288	tusB		COG2168	Protein TusB
ANT_3_00745	gene	360	tusC			
ANT_3_00745	CDS	360	tusC		COG2923	Protein TusC
ANT_3_00746	gene	393	tusD			
ANT_3_00746	CDS	393	tusD	2.8.1.-	COG1553	Sulfurtransferase TusD
ANT_3_00747	gene	723	dauR			
ANT_3_00747	CDS	723	dauR		COG2964	Transcriptional regulator DauR
ANT_3_00748	gene	852	fkpA			
ANT_3_00748	CDS	852	fkpA	5.2.1.8	COG0545	FKBP-type peptidyl-prolyl cis-trans isomerase FkpA
ANT_3_00749	gene	219	slyX			
ANT_3_00749	CDS	219	slyX			Protein SlyX
ANT_3_00750	gene	600				
ANT_3_00750	CDS	600				hypothetical protein
ANT_3_00751	gene	204				
ANT_3_00751	CDS	204				hypothetical protein
ANT_3_00752	gene	1809	kefC_1			
ANT_3_00752	CDS	1809	kefC_1		COG0475	Glutathione-regulated potassium-efflux system protein KefC
ANT_3_00753	gene	555	ywrO			
ANT_3_00753	CDS	555	ywrO	1.6.99.-	COG2249	General stress protein 14
ANT_3_00754	gene	1920	yheS			
ANT_3_00754	CDS	1920	yheS		COG0488	putative ABC transporter ATP-binding protein YheS
ANT_3_00755	gene	1164				
ANT_3_00755	CDS	1164				TelA-like protein
ANT_3_00756	gene	1140				
ANT_3_00756	CDS	1140				hypothetical protein
ANT_3_00757	gene	603	eamB_1			
ANT_3_00757	CDS	603	eamB_1		COG1280	Cysteine/O-acetylserine efflux protein
ANT_3_00758	gene	1029				
ANT_3_00758	CDS	1029				hypothetical protein
ANT_3_00759	gene	246				
ANT_3_00759	CDS	246				hypothetical protein
ANT_3_00760	gene	807	yiaJ_1			
ANT_3_00760	CDS	807	yiaJ_1		COG1414	DNA-binding transcriptional repressor YiaJ
ANT_3_00761	gene	999	dlgD_2			
ANT_3_00761	CDS	999	dlgD_2	1.1.1.130	COG2055	2,3-diketo-L-gulonate reductase
ANT_3_00762	gene	465				
ANT_3_00762	CDS	465			COG2731	putative protein
ANT_3_00763	gene	975	yiaX1_1			
ANT_3_00763	CDS	975	yiaX1_1			putative protein YiaX1
ANT_3_00764	gene	1338	ttuB_1			
ANT_3_00764	CDS	1338	ttuB_1			Putative tartrate transporter
ANT_3_00765	gene	1530	lyx_1			
ANT_3_00765	CDS	1530	lyx_1	2.7.1.-	COG1070	L-xylulose/3-keto-L-gulonate kinase
ANT_3_00766	gene	660	sgbH_1			
ANT_3_00766	CDS	660	sgbH_1	4.1.1.85	COG0269	3-keto-L-gulonate-6-phosphate decarboxylase SgbH
ANT_3_00767	gene	861	ulaE_1			
ANT_3_00767	CDS	861	ulaE_1	5.1.3.22	COG3623	L-ribulose-5-phosphate 3-epimerase UlaE
ANT_3_00768	gene	702	sgbE_1			
ANT_3_00768	CDS	702	sgbE_1	5.1.3.4	COG0235	L-ribulose-5-phosphate 4-epimerase SgbE
ANT_3_00769	gene	870	cfxP			
ANT_3_00769	CDS	870	cfxP	2.7.1.19	COG3954	Phosphoribulokinase, plasmid
ANT_3_00770	gene	1185				
ANT_3_00770	CDS	1185		3.5.1.47		N-acetyldiaminopimelate deacetylase
ANT_3_00771	gene	1191	sauU			
ANT_3_00771	CDS	1191	sauU			putative sulfoacetate transporter SauU
ANT_3_00772	gene	948	tsaR_1			
ANT_3_00772	CDS	948	tsaR_1			HTH-type transcriptional regulator TsaR
ANT_3_00773	gene	408	yhfA			
ANT_3_00773	CDS	408	yhfA		COG1765	Protein YhfA
ANT_3_00774	gene	633	crp			
ANT_3_00774	CDS	633	crp		COG0664	cAMP-activated global transcriptional regulator CRP
ANT_3_00775	gene	2076				
ANT_3_00775	CDS	2076				hypothetical protein
ANT_3_00776	gene	1218	argD_1			
ANT_3_00776	CDS	1218	argD_1	2.6.1.11	COG4992	Acetylornithine/succinyldiaminopimelate aminotransferase
ANT_3_00777	gene	576	pabA			
ANT_3_00777	CDS	576	pabA	2.6.1.85	COG0512	Aminodeoxychorismate synthase component 2
ANT_3_00778	gene	1206				
ANT_3_00778	CDS	1206				hypothetical protein
ANT_3_00779	gene	1524				
ANT_3_00779	CDS	1524				hypothetical protein
ANT_3_00780	gene	567	ppiA			
ANT_3_00780	CDS	567	ppiA	5.2.1.8	COG0652	Peptidyl-prolyl cis-trans isomerase A
ANT_3_00781	gene	1284	codA			
ANT_3_00781	CDS	1284	codA	3.5.4.1	COG0402	Cytosine deaminase
ANT_3_00782	gene	2553	nasD			
ANT_3_00782	CDS	2553	nasD	1.7.1.4	COG1251	Nitrite reductase [NAD(P)H]
ANT_3_00783	gene	351	nirD			
ANT_3_00783	CDS	351	nirD	1.7.1.15	COG2146	Nitrite reductase (NADH) small subunit
ANT_3_00784	gene	1383	cysG_1			
ANT_3_00784	CDS	1383	cysG_1		COG0007	Siroheme synthase
ANT_3_00785	gene	1146				
ANT_3_00785	CDS	1146				hypothetical protein
ANT_3_00786	gene	1713				
ANT_3_00786	CDS	1713				hypothetical protein
ANT_3_00787	gene	1017	trpS			
ANT_3_00787	CDS	1017	trpS	6.1.1.2	COG0180	Tryptophan--tRNA ligase
ANT_3_00788	gene	699	gph_1			
ANT_3_00788	CDS	699	gph_1	3.1.3.18	COG0546	Phosphoglycolate phosphatase
ANT_3_00789	gene	678	rpe			
ANT_3_00789	CDS	678	rpe	5.1.3.1	COG0036	Ribulose-phosphate 3-epimerase
ANT_3_00790	gene	726	dam			
ANT_3_00790	CDS	726	dam	2.1.1.72	COG0338	DNA adenine methylase
ANT_3_00791	gene	1032	damX			
ANT_3_00791	CDS	1032	damX		COG3266	Cell division protein DamX
ANT_3_00792	gene	1083	aroB			
ANT_3_00792	CDS	1083	aroB	4.2.3.4	COG0337	3-dehydroquinate synthase
ANT_3_00793	gene	576	aroK			
ANT_3_00793	CDS	576	aroK	2.7.1.71	COG0703	Shikimate kinase 1
ANT_3_00794	gene	1263	pilQ			
ANT_3_00794	CDS	1263	pilQ		COG4796	Type IV pilus biogenesis and competence protein PilQ
ANT_3_00795	gene	846				
ANT_3_00795	CDS	846				hypothetical protein
ANT_3_00796	gene	564				
ANT_3_00796	CDS	564				hypothetical protein
ANT_3_00797	gene	834				
ANT_3_00797	CDS	834				hypothetical protein
ANT_3_00798	gene	2559	mrcA			
ANT_3_00798	CDS	2559	mrcA		COG5009	Penicillin-binding protein 1A
ANT_3_00799	gene	558	nudE			
ANT_3_00799	CDS	558	nudE	3.6.1.-	COG0494	ADP compounds hydrolase NudE
ANT_3_00800	gene	2142	yrfF			
ANT_3_00800	CDS	2142	yrfF			Putative membrane protein IgaA 
ANT_3_00801	gene	690	yrfG			
ANT_3_00801	CDS	690	yrfG	3.1.3.5	COG1011	GMP/IMP nucleotidase YrfG
ANT_3_00802	gene	405	hslR			
ANT_3_00802	CDS	405	hslR		COG1188	Heat shock protein 15
ANT_3_00803	gene	885	hslO			
ANT_3_00803	CDS	885	hslO		COG1281	33 kDa chaperonin
ANT_3_00804	gene	1623	pckA			
ANT_3_00804	CDS	1623	pckA	4.1.1.49	COG1866	Phosphoenolpyruvate carboxykinase (ATP)
ANT_3_00805	gene	213				
ANT_3_00805	CDS	213				hypothetical protein
ANT_3_00806	gene	480	fitB			
ANT_3_00806	CDS	480	fitB	3.1.-.-		Toxin FitB
ANT_3_00807	gene	1362	envZ_1			
ANT_3_00807	CDS	1362	envZ_1	2.7.13.3		Osmolarity sensor protein EnvZ
ANT_3_00808	gene	720	ompR_1			
ANT_3_00808	CDS	720	ompR_1			Transcriptional regulatory protein OmpR
ANT_3_00809	gene	2370	pbpC			
ANT_3_00809	CDS	2370	pbpC		COG4953	Penicillin-binding protein 1C
ANT_3_00810	gene	6018				
ANT_3_00810	CDS	6018				hypothetical protein
ANT_3_00811	gene	474	greB_1			
ANT_3_00811	CDS	474	greB_1		COG0782	Transcription elongation factor GreB
ANT_3_00812	gene	2337	yhgF_1			
ANT_3_00812	CDS	2337	yhgF_1		COG2183	Protein YhgF
ANT_3_00813	gene	225	feoA_1			
ANT_3_00813	CDS	225	feoA_1		COG1918	Fe(2+) transport protein A
ANT_3_00814	gene	2319	feoB_1			
ANT_3_00814	CDS	2319	feoB_1		COG0370	Fe(2+) transporter FeoB
ANT_3_00815	gene	237	feoC_1			
ANT_3_00815	CDS	237	feoC_1			putative [Fe-S]-dependent transcriptional repressor
ANT_3_00816	gene	921	gltC_1			
ANT_3_00816	CDS	921	gltC_1			HTH-type transcriptional regulator GltC
ANT_3_00817	gene	645				
ANT_3_00817	CDS	645				hypothetical protein
ANT_3_00818	gene	936	fabD_1			
ANT_3_00818	CDS	936	fabD_1	2.3.1.39	COG0331	Malonyl CoA-acyl carrier protein transacylase
ANT_3_00819	gene	627	mdcG			
ANT_3_00819	CDS	627	mdcG	2.7.7.66		Phosphoribosyl-dephospho-CoA transferase
ANT_3_00820	gene	963				
ANT_3_00820	CDS	963				hypothetical protein
ANT_3_00821	gene	816				
ANT_3_00821	CDS	816				hypothetical protein
ANT_3_00822	gene	837	madC			
ANT_3_00822	CDS	837	madC	2.1.3.10		Malonyl-S-ACP:biotin-protein carboxyltransferase MADC
ANT_3_00823	gene	303	mdcC			
ANT_3_00823	CDS	303	mdcC			Malonate decarboxylase acyl carrier protein
ANT_3_00824	gene	858	citG_1			
ANT_3_00824	CDS	858	citG_1	2.4.2.52	COG1767	2-(5''-triphosphoribosyl)-3'-dephosphocoenzyme-A synthase
ANT_3_00825	gene	1662	madA			
ANT_3_00825	CDS	1662	madA	2.3.1.187		Acetyl-S-ACP:malonate ACP transferase
ANT_3_00826	gene	270				
ANT_3_00826	CDS	270				hypothetical protein
ANT_3_00827	gene	771	bioH_1			
ANT_3_00827	CDS	771	bioH_1	3.1.1.85	COG0596	Pimeloyl-[acyl-carrier protein] methyl ester esterase
ANT_3_00828	gene	690				
ANT_3_00828	CDS	690				hypothetical protein
ANT_3_00829	gene	576	nfuA_1			
ANT_3_00829	CDS	576	nfuA_1		COG0316	Fe/S biogenesis protein NfuA
ANT_3_00830	gene	2082	malQ_1			
ANT_3_00830	CDS	2082	malQ_1	2.4.1.25	COG1640	4-alpha-glucanotransferase
ANT_3_00831	gene	2415	malP_1			
ANT_3_00831	CDS	2415	malP_1	2.4.1.1	COG0058	Maltodextrin phosphorylase
ANT_3_00832	gene	690	ulaF			
ANT_3_00832	CDS	690	ulaF	5.1.3.4	COG0235	L-ribulose-5-phosphate 4-epimerase UlaF
ANT_3_00833	gene	861	ulaE_2			
ANT_3_00833	CDS	861	ulaE_2	5.1.3.22	COG3623	L-ribulose-5-phosphate 3-epimerase UlaE
ANT_3_00834	gene	657	ulaD			
ANT_3_00834	CDS	657	ulaD	4.1.1.85	COG0269	3-keto-L-gulonate-6-phosphate decarboxylase UlaD
ANT_3_00835	gene	483	ulaC_1			
ANT_3_00835	CDS	483	ulaC_1		COG1762	Ascorbate-specific PTS system EIIA component
ANT_3_00836	gene	309	ulaB			
ANT_3_00836	CDS	309	ulaB	2.7.1.194	COG3414	Ascorbate-specific PTS system EIIB component
ANT_3_00837	gene	1404	ulaA_1			
ANT_3_00837	CDS	1404	ulaA_1		COG3037	Ascorbate-specific PTS system EIIC component
ANT_3_00838	gene	1065	ulaG			
ANT_3_00838	CDS	1065	ulaG	3.1.1.-	COG2220	putative L-ascorbate-6-phosphate lactonase UlaG
ANT_3_00839	gene	756	ulaR			
ANT_3_00839	CDS	756	ulaR		COG1349	HTH-type transcriptional regulator UlaR
ANT_3_00840	gene	321	glpE_1			
ANT_3_00840	CDS	321	glpE_1	2.8.1.1	COG0607	Thiosulfate sulfurtransferase GlpE
ANT_3_00841	gene	1191	mgl			
ANT_3_00841	CDS	1191	mgl	4.4.1.11	COG0626	L-methionine gamma-lyase
ANT_3_00842	gene	831	glpG			
ANT_3_00842	CDS	831	glpG	3.4.21.105	COG0705	Rhomboid protease GlpG
ANT_3_00843	gene	759	glpR_1			
ANT_3_00843	CDS	759	glpR_1		COG1349	Glycerol-3-phosphate regulon repressor
ANT_3_00844	gene	1512	glpD			
ANT_3_00844	CDS	1512	glpD	1.1.5.3	COG0578	Aerobic glycerol-3-phosphate dehydrogenase
ANT_3_00845	gene	2448	malP_2			
ANT_3_00845	CDS	2448	malP_2	2.4.1.1	COG0058	Maltodextrin phosphorylase
ANT_3_00846	gene	1437	glgA			
ANT_3_00846	CDS	1437	glgA	2.4.1.21	COG0297	Glycogen synthase
ANT_3_00847	gene	1278	glgC			
ANT_3_00847	CDS	1278	glgC	2.7.7.27	COG0448	Glucose-1-phosphate adenylyltransferase
ANT_3_00848	gene	2019	glgX_1			
ANT_3_00848	CDS	2019	glgX_1	3.2.1.196	COG1523	Glycogen debranching enzyme
ANT_3_00849	gene	2184	glgB			
ANT_3_00849	CDS	2184	glgB	2.4.1.18		1,4-alpha-glucan branching enzyme GlgB
ANT_3_00850	gene	1104	asd			
ANT_3_00850	CDS	1104	asd	1.2.1.11	COG0136	Aspartate-semialdehyde dehydrogenase
ANT_3_00851	gene	594				
ANT_3_00851	CDS	594				hypothetical protein
ANT_3_00852	gene	360				
ANT_3_00852	CDS	360				hypothetical protein
ANT_3_00853	gene	324				
ANT_3_00853	CDS	324				hypothetical protein
ANT_3_00854	gene	1317	gntT_1			
ANT_3_00854	CDS	1317	gntT_1		COG2610	High-affinity gluconate transporter
ANT_3_00855	gene	516	gntK_1			
ANT_3_00855	CDS	516	gntK_1	2.7.1.12	COG3265	Thermoresistant gluconokinase
ANT_3_00856	gene	939	gntR_1			
ANT_3_00856	CDS	939	gntR_1			HTH-type transcriptional regulator GntR
ANT_3_00857	gene	918	galS_1			
ANT_3_00857	CDS	918	galS_1		COG1609	HTH-type transcriptional regulator GalS
ANT_3_00858	gene	1383	gmuD_2			
ANT_3_00858	CDS	1383	gmuD_2	3.2.1.86	COG2723	6-phospho-beta-glucosidase GmuD
ANT_3_00859	gene	1329	licC_3			
ANT_3_00859	CDS	1329	licC_3		COG1455	Lichenan permease IIC component
ANT_3_00860	gene	324	gmuB_2			
ANT_3_00860	CDS	324	gmuB_2	2.7.1.205	COG1440	PTS system oligo-beta-mannoside-specific EIIB component
ANT_3_00861	gene	696	yhhW_1			
ANT_3_00861	CDS	696	yhhW_1	1.13.11.24	COG1741	Quercetin 2,3-dioxygenase
ANT_3_00862	gene	498	aaaT			
ANT_3_00862	CDS	498	aaaT	2.3.1.-	COG0454	L-amino acid N-acetyltransferase AaaT
ANT_3_00863	gene	1218	yhhS_2			
ANT_3_00863	CDS	1218	yhhS_2			putative MFS-type transporter YhhS
ANT_3_00864	gene	966				
ANT_3_00864	CDS	966				Invasin
ANT_3_00865	gene	129				
ANT_3_00865	CDS	129				hypothetical protein
ANT_3_00866	gene	681	iprA			
ANT_3_00866	CDS	681	iprA			Inhibitor of hydrogen peroxide resistance
ANT_3_00867	gene	1719				
ANT_3_00867	CDS	1719				hypothetical protein
ANT_3_00868	gene	1017	ybdO_1			
ANT_3_00868	CDS	1017	ybdO_1			putative HTH-type transcriptional regulator YbdO
ANT_3_00869	gene	312				
ANT_3_00869	CDS	312				hypothetical protein
ANT_3_00870	gene	921	ribN			
ANT_3_00870	CDS	921	ribN			Riboflavin transporter
ANT_3_00871	gene	843	glnH_1			
ANT_3_00871	CDS	843	glnH_1		COG0834	ABC transporter glutamine-binding protein GlnH
ANT_3_00872	gene	711	pxpB_1			
ANT_3_00872	CDS	711	pxpB_1	3.5.2.9	COG2049	5-oxoprolinase subunit B
ANT_3_00873	gene	1002	pxpC_1			
ANT_3_00873	CDS	1002	pxpC_1	3.5.2.9	COG1984	5-oxoprolinase subunit C
ANT_3_00874	gene	492	hcpA_2			
ANT_3_00874	CDS	492	hcpA_2		COG3157	Major exported protein
ANT_3_00875	gene	486				
ANT_3_00875	CDS	486				hypothetical protein
ANT_3_00876	gene	261				
ANT_3_00876	CDS	261				hypothetical protein
ANT_3_00877	gene	1203				
ANT_3_00877	CDS	1203		2.6.1.1		Aspartate/prephenate aminotransferase
ANT_3_00878	gene	924				
ANT_3_00878	CDS	924				hypothetical protein
ANT_3_00879	gene	441				
ANT_3_00879	CDS	441				hypothetical protein
ANT_3_00880	gene	798	pxpA_1			
ANT_3_00880	CDS	798	pxpA_1	3.5.2.9		5-oxoprolinase subunit A
ANT_3_00881	gene	750	ydfG_1			
ANT_3_00881	CDS	750	ydfG_1	1.1.1.381	COG4221	NADP-dependent 3-hydroxy acid dehydrogenase YdfG
ANT_3_00882	gene	696	gltJ_1			
ANT_3_00882	CDS	696	gltJ_1		COG0765	Glutamate/aspartate import permease protein GltJ
ANT_3_00883	gene	756	glnP_1			
ANT_3_00883	CDS	756	glnP_1		COG0765	putative glutamine ABC transporter permease protein GlnP
ANT_3_00884	gene	738	glnQ_1			
ANT_3_00884	CDS	738	glnQ_1			Glutamine transport ATP-binding protein GlnQ
ANT_3_00885	gene	2136	cntO			
ANT_3_00885	CDS	2136	cntO			Metal-pseudopaline receptor CntO
ANT_3_00886	gene	1200				
ANT_3_00886	CDS	1200			COG2081	putative protein
ANT_3_00887	gene	1497	pitA_1			
ANT_3_00887	CDS	1497	pitA_1		COG0306	Low-affinity inorganic phosphate transporter 1
ANT_3_00888	gene	336	uspB			
ANT_3_00888	CDS	336	uspB			Universal stress protein B
ANT_3_00889	gene	438	uspA			
ANT_3_00889	CDS	438	uspA		COG0589	Universal stress protein A
ANT_3_00890	gene	1467	dtpB			
ANT_3_00890	CDS	1467	dtpB		COG3104	Dipeptide and tripeptide permease B
ANT_3_00891	gene	822	rsmJ			
ANT_3_00891	CDS	822	rsmJ	2.1.1.242		Ribosomal RNA small subunit methyltransferase J
ANT_3_00892	gene	2043	prlC			
ANT_3_00892	CDS	2043	prlC	3.4.24.70	COG0339	Oligopeptidase A
ANT_3_00893	gene	1317	gntT_2			
ANT_3_00893	CDS	1317	gntT_2		COG2610	High-affinity gluconate transporter
ANT_3_00894	gene	576	nfuA_2			
ANT_3_00894	CDS	576	nfuA_2		COG0316	Fe/S biogenesis protein NfuA
ANT_3_00895	gene	675	prs_1			
ANT_3_00895	CDS	675	prs_1			Putative ribose-phosphate pyrophosphokinase
ANT_3_00896	gene	783	bioH_2			
ANT_3_00896	CDS	783	bioH_2	3.1.1.85	COG0596	Pimeloyl-[acyl-carrier protein] methyl ester esterase
ANT_3_00897	gene	270				
ANT_3_00897	CDS	270				hypothetical protein
ANT_3_00898	gene	237	feoC_2			
ANT_3_00898	CDS	237	feoC_2			putative [Fe-S]-dependent transcriptional repressor
ANT_3_00899	gene	2319	feoB_2			
ANT_3_00899	CDS	2319	feoB_2		COG0370	Fe(2+) transporter FeoB
ANT_3_00900	gene	228	feoA_2			
ANT_3_00900	CDS	228	feoA_2		COG1918	Fe(2+) transport protein A
ANT_3_00901	gene	162				
ANT_3_00901	CDS	162				hypothetical protein
ANT_3_00902	gene	2331	yhgF_2			
ANT_3_00902	CDS	2331	yhgF_2		COG2183	Protein YhgF
ANT_3_00903	gene	480	greB_2			
ANT_3_00903	CDS	480	greB_2		COG0782	Transcription elongation factor GreB
ANT_3_00904	gene	123				
ANT_3_00904	CDS	123				hypothetical protein
ANT_3_00905	gene	720	ompR_2			
ANT_3_00905	CDS	720	ompR_2			Transcriptional regulatory protein OmpR
ANT_3_00906	gene	1362	envZ_2			
ANT_3_00906	CDS	1362	envZ_2	2.7.13.3		Osmolarity sensor protein EnvZ
ANT_3_00907	gene	1272				
ANT_3_00907	CDS	1272				hypothetical protein
ANT_3_00908	gene	843	rlmJ			
ANT_3_00908	CDS	843	rlmJ	2.1.1.266	COG2961	Ribosomal RNA large subunit methyltransferase J
ANT_3_00909	gene	1353	gor			
ANT_3_00909	CDS	1353	gor	1.8.1.7	COG1249	Glutathione reductase
ANT_3_00910	gene	624	gstB_1			
ANT_3_00910	CDS	624	gstB_1	2.5.1.18	COG0625	Glutathione S-transferase GstB
ANT_3_00911	gene	1149	adh1_1			
ANT_3_00911	CDS	1149	adh1_1	1.1.1.192	COG1454	Long-chain-alcohol dehydrogenase 1
ANT_3_00912	gene	1653	treF			
ANT_3_00912	CDS	1653	treF	3.2.1.28	COG1626	Cytoplasmic trehalase
ANT_3_00913	gene	528				
ANT_3_00913	CDS	528				hypothetical protein
ANT_3_00914	gene	429				
ANT_3_00914	CDS	429				hypothetical protein
ANT_3_00915	gene	609	yhjB			
ANT_3_00915	CDS	609	yhjB			Putative HTH-type transcriptional regulator YhjB
ANT_3_00916	gene	759	fabG_1			
ANT_3_00916	CDS	759	fabG_1	1.1.1.100		3-oxoacyl-[acyl-carrier-protein] reductase FabG
ANT_3_00917	gene	900	dmlR_2			
ANT_3_00917	CDS	900	dmlR_2			HTH-type transcriptional regulator DmlR
ANT_3_00918	gene	1032	yhjD			
ANT_3_00918	CDS	1032	yhjD		COG1295	Inner membrane protein YhjD
ANT_3_00919	gene	1323	yhjE			
ANT_3_00919	CDS	1323	yhjE			Inner membrane metabolite transport protein YhjE
ANT_3_00920	gene	2052				
ANT_3_00920	CDS	2052				hypothetical protein
ANT_3_00921	gene	930	kdgK_1			
ANT_3_00921	CDS	930	kdgK_1	2.7.1.45		2-dehydro-3-deoxygluconokinase
ANT_3_00922	gene	1506	yhjJ			
ANT_3_00922	CDS	1506	yhjJ		COG0612	Protein YhjJ
ANT_3_00923	gene	1287	dctA			
ANT_3_00923	CDS	1287	dctA		COG1301	Aerobic C4-dicarboxylate transport protein
ANT_3_00924	gene	2007	pdeK			
ANT_3_00924	CDS	2007	pdeK	3.1.4.52		putative cyclic di-GMP phosphodiesterase PdeK
ANT_3_00925	gene	3486	bcsC_1			
ANT_3_00925	CDS	3486	bcsC_1		COG0457	Cellulose synthase operon protein C
ANT_3_00926	gene	1110	bcsZ			
ANT_3_00926	CDS	1110	bcsZ	3.2.1.4	COG3405	Endoglucanase
ANT_3_00927	gene	2334	bcsB_1			
ANT_3_00927	CDS	2334	bcsB_1			Cyclic di-GMP-binding protein
ANT_3_00928	gene	2619	bcsA_1			
ANT_3_00928	CDS	2619	bcsA_1	2.4.1.12	COG1215	Cellulose synthase catalytic subunit [UDP-forming]
ANT_3_00929	gene	738	bcsQ_1			
ANT_3_00929	CDS	738	bcsQ_1			Cellulose biosynthesis protein BcsQ
ANT_3_00930	gene	189	yhjR			
ANT_3_00930	CDS	189	yhjR			Protein YhjR
ANT_3_00931	gene	1557	bcsE_1			
ANT_3_00931	CDS	1557	bcsE_1			Cyclic di-GMP binding protein BcsE
ANT_3_00932	gene	198				
ANT_3_00932	CDS	198				hypothetical protein
ANT_3_00933	gene	1677	bcsG_1			
ANT_3_00933	CDS	1677	bcsG_1			Cellulose biosynthesis protein BcsG
ANT_3_00934	gene	351				
ANT_3_00934	CDS	351				hypothetical protein
ANT_3_00935	gene	999				
ANT_3_00935	CDS	999		3.2.1.4		Endoglucanase
ANT_3_00936	gene	474				
ANT_3_00936	CDS	474				hypothetical protein
ANT_3_00937	gene	4053				
ANT_3_00937	CDS	4053				hypothetical protein
ANT_3_00938	gene	2403	bcsB_2			
ANT_3_00938	CDS	2403	bcsB_2			Cyclic di-GMP-binding protein
ANT_3_00939	gene	2112	acsAB			
ANT_3_00939	CDS	2112	acsAB		COG1215	Cellulose synthase 1
ANT_3_00940	gene	804	bcsQ_2			
ANT_3_00940	CDS	804	bcsQ_2			Cellulose biosynthesis protein BcsQ
ANT_3_00941	gene	558				
ANT_3_00941	CDS	558				hypothetical protein
ANT_3_00942	gene	1014	btuD_2			
ANT_3_00942	CDS	1014	btuD_2	7.6.2.8		Vitamin B12 import ATP-binding protein BtuD
ANT_3_00943	gene	984	dppD_1			
ANT_3_00943	CDS	984	dppD_1		COG0444	Dipeptide transport ATP-binding protein DppD
ANT_3_00944	gene	903	dppC			
ANT_3_00944	CDS	903	dppC		COG1173	Dipeptide transport system permease protein DppC
ANT_3_00945	gene	1020	dppB_1			
ANT_3_00945	CDS	1020	dppB_1		COG0601	Dipeptide transport system permease protein DppB
ANT_3_00946	gene	1608	dppA_1			
ANT_3_00946	CDS	1608	dppA_1		COG0747	Periplasmic dipeptide transport protein
ANT_3_00947	gene	77				
ANT_3_00947	tRNA	77				tRNA-Pro(cgg)
ANT_3_00948	gene	1689	eptB_1			
ANT_3_00948	CDS	1689	eptB_1	2.7.8.42	COG2194	Kdo(2)-lipid A phosphoethanolamine 7''-transferase
ANT_3_00949	gene	1203	yhjX_2			
ANT_3_00949	CDS	1203	yhjX_2			putative MFS-type transporter YhjX
ANT_3_00950	gene	645				
ANT_3_00950	CDS	645				hypothetical protein
ANT_3_00951	gene	582	tag_1			
ANT_3_00951	CDS	582	tag_1	3.2.2.20	COG2818	DNA-3-methyladenine glycosylase 1
ANT_3_00952	gene	447	yiaC			
ANT_3_00952	CDS	447	yiaC	2.3.1.-	COG0454	Peptidyl-lysine N-acetyltransferase YiaC
ANT_3_00953	gene	2331	bisC			
ANT_3_00953	CDS	2331	bisC	1.-.-.-	COG0243	Biotin sulfoxide reductase
ANT_3_00954	gene	663	yiaD			
ANT_3_00954	CDS	663	yiaD		COG2885	putative lipoprotein YiaD
ANT_3_00955	gene	1017	kdgR_1			
ANT_3_00955	CDS	1017	kdgR_1		COG1609	HTH-type transcriptional regulator KdgR
ANT_3_00956	gene	750				
ANT_3_00956	CDS	750				hypothetical protein
ANT_3_00957	gene	939	kdgK_2			
ANT_3_00957	CDS	939	kdgK_2	2.7.1.45	COG0524	2-dehydro-3-deoxygluconokinase
ANT_3_00958	gene	1281	ttuB_2			
ANT_3_00958	CDS	1281	ttuB_2			Putative tartrate transporter
ANT_3_00959	gene	972	ghrB			
ANT_3_00959	CDS	972	ghrB	1.1.1.79	COG1052	Glyoxylate/hydroxypyruvate reductase B
ANT_3_00960	gene	711				
ANT_3_00960	CDS	711				hypothetical protein
ANT_3_00961	gene	1359	pcaK_1			
ANT_3_00961	CDS	1359	pcaK_1		COG0477	4-hydroxybenzoate transporter PcaK
ANT_3_00962	gene	294				
ANT_3_00962	CDS	294				hypothetical protein
ANT_3_00963	gene	213	cspA			
ANT_3_00963	CDS	213	cspA		COG1278	Cold shock protein CspA
ANT_3_00964	gene	1620	expZ			
ANT_3_00964	CDS	1620	expZ		COG0488	Nucleotide-binding protein ExpZ
ANT_3_00965	gene	213				
ANT_3_00965	CDS	213				hypothetical protein
ANT_3_00966	gene	2070	glyS			
ANT_3_00966	CDS	2070	glyS	6.1.1.14	COG0751	Glycine--tRNA ligase beta subunit
ANT_3_00967	gene	912	glyQ			
ANT_3_00967	CDS	912	glyQ	6.1.1.14	COG0752	Glycine--tRNA ligase alpha subunit
ANT_3_00968	gene	306				
ANT_3_00968	CDS	306				hypothetical protein
ANT_3_00969	gene	996	wecH			
ANT_3_00969	CDS	996	wecH	2.3.1.-	COG3274	O-acetyltransferase WecH
ANT_3_00970	gene	381	yiaB			
ANT_3_00970	CDS	381	yiaB		COG4682	Inner membrane protein YiaB
ANT_3_00971	gene	1455	xylB_1			
ANT_3_00971	CDS	1455	xylB_1	2.7.1.17	COG1070	Xylulose kinase
ANT_3_00972	gene	1323	xylA_1			
ANT_3_00972	CDS	1323	xylA_1	5.3.1.5		Xylose isomerase
ANT_3_00973	gene	993	xylF_1			
ANT_3_00973	CDS	993	xylF_1		COG4213	D-xylose-binding periplasmic protein
ANT_3_00974	gene	1542	xylG_1			
ANT_3_00974	CDS	1542	xylG_1	7.5.2.10	COG1129	Xylose import ATP-binding protein XylG
ANT_3_00975	gene	1182	xylH_1			
ANT_3_00975	CDS	1182	xylH_1		COG4214	Xylose transport system permease protein XylH
ANT_3_00976	gene	1179	xylR_1			
ANT_3_00976	CDS	1179	xylR_1			Xylose operon regulatory protein
ANT_3_00977	gene	828				
ANT_3_00977	CDS	828				hypothetical protein
ANT_3_00978	gene	2031	malS			
ANT_3_00978	CDS	2031	malS	3.2.1.1	COG0366	Periplasmic alpha-amylase
ANT_3_00979	gene	1257	avtA			
ANT_3_00979	CDS	1257	avtA	2.6.1.66	COG3977	Valine--pyruvate aminotransferase
ANT_3_00980	gene	489	hyfA_2			
ANT_3_00980	CDS	489	hyfA_2	1.-.-.-	COG1142	Hydrogenase-4 component A
ANT_3_00981	gene	819	yiaJ_2			
ANT_3_00981	CDS	819	yiaJ_2		COG1414	DNA-binding transcriptional repressor YiaJ
ANT_3_00982	gene	999	dlgD_3			
ANT_3_00982	CDS	999	dlgD_3	1.1.1.130	COG2055	2,3-diketo-L-gulonate reductase
ANT_3_00983	gene	465				
ANT_3_00983	CDS	465			COG2731	putative protein
ANT_3_00984	gene	930	yiaX1_2			
ANT_3_00984	CDS	930	yiaX1_2			putative protein YiaX1
ANT_3_00985	gene	1320	ttuB_3			
ANT_3_00985	CDS	1320	ttuB_3			Putative tartrate transporter
ANT_3_00986	gene	1506	lyx_2			
ANT_3_00986	CDS	1506	lyx_2	2.7.1.-	COG1070	L-xylulose/3-keto-L-gulonate kinase
ANT_3_00987	gene	663	sgbH_2			
ANT_3_00987	CDS	663	sgbH_2	4.1.1.85	COG0269	3-keto-L-gulonate-6-phosphate decarboxylase SgbH
ANT_3_00988	gene	861	ulaE_3			
ANT_3_00988	CDS	861	ulaE_3	5.1.3.22	COG3623	L-ribulose-5-phosphate 3-epimerase UlaE
ANT_3_00989	gene	699	sgbE_2			
ANT_3_00989	CDS	699	sgbE_2	5.1.3.4	COG0235	L-ribulose-5-phosphate 4-epimerase SgbE
ANT_3_00990	gene	804	rhaR_5			
ANT_3_00990	CDS	804	rhaR_5			HTH-type transcriptional activator RhaR
ANT_3_00991	gene	402				
ANT_3_00991	CDS	402				hypothetical protein
ANT_3_00992	gene	903	yicJ_2			
ANT_3_00992	CDS	903	yicJ_2		COG2211	Inner membrane symporter YicJ
ANT_3_00993	gene	1962	hypBA1_2			
ANT_3_00993	CDS	1962	hypBA1_2	3.2.1.185		Non-reducing end beta-L-arabinofuranosidase
ANT_3_00994	gene	1842	selB			
ANT_3_00994	CDS	1842	selB		COG3276	Selenocysteine-specific elongation factor
ANT_3_00995	gene	1389	selA			
ANT_3_00995	CDS	1389	selA	2.9.1.1	COG1921	L-seryl-tRNA(Sec) selenium transferase
ANT_3_00996	gene	609	yibF			
ANT_3_00996	CDS	609	yibF		COG0625	putative GST-like protein YibF
ANT_3_00997	gene	1137	yibH			
ANT_3_00997	CDS	1137	yibH		COG1566	Inner membrane protein YibH
ANT_3_00998	gene	372	yiaW			
ANT_3_00998	CDS	372	yiaW			Inner membrane protein YiaW
ANT_3_00999	gene	1911	mtlA			
ANT_3_00999	CDS	1911	mtlA		COG2213	PTS system mannitol-specific EIICBA component
ANT_3_01000	gene	1149	mtlD			
ANT_3_01000	CDS	1149	mtlD	1.1.1.17	COG0246	Mannitol-1-phosphate 5-dehydrogenase
ANT_3_01001	gene	597	mtlR			
ANT_3_01001	CDS	597	mtlR		COG3722	Mannitol operon repressor
ANT_3_01002	gene	225	glgS			
ANT_3_01002	CDS	225	glgS			Surface composition regulator
ANT_3_01003	gene	363	yibL			
ANT_3_01003	CDS	363	yibL			putative protein YibL
ANT_3_01004	gene	1656	lldP			
ANT_3_01004	CDS	1656	lldP		COG1620	L-lactate permease
ANT_3_01005	gene	774	lldR_1			
ANT_3_01005	CDS	774	lldR_1		COG2186	Putative L-lactate dehydrogenase operon regulatory protein
ANT_3_01006	gene	1230	lldD			
ANT_3_01006	CDS	1230	lldD	1.1.-.-	COG1304	L-lactate dehydrogenase
ANT_3_01007	gene	528	trmL_2			
ANT_3_01007	CDS	528	trmL_2	2.1.1.207	COG0219	tRNA (cytidine(34)-2'-O)-methyltransferase
ANT_3_01008	gene	822	cysE_2			
ANT_3_01008	CDS	822	cysE_2	2.3.1.30	COG1045	Serine acetyltransferase
ANT_3_01009	gene	1017	gpsA_2			
ANT_3_01009	CDS	1017	gpsA_2	1.1.1.94	COG0240	Glycerol-3-phosphate dehydrogenase [NAD(P)+]
ANT_3_01010	gene	468	secB_2			
ANT_3_01010	CDS	468	secB_2		COG1952	Protein-export protein SecB
ANT_3_01011	gene	252	grxC_2			
ANT_3_01011	CDS	252	grxC_2		COG0695	Glutaredoxin 3
ANT_3_01012	gene	432	yibN_2			
ANT_3_01012	CDS	432	yibN_2		COG0607	putative protein YibN
ANT_3_01013	gene	1545	gpmI_2			
ANT_3_01013	CDS	1545	gpmI_2	5.4.2.12	COG0696	2,3-bisphosphoglycerate-independent phosphoglycerate mutase
ANT_3_01014	gene	1272	envC_2			
ANT_3_01014	CDS	1272	envC_2		COG4942	Murein hydrolase activator EnvC
ANT_3_01015	gene	885				
ANT_3_01015	CDS	885			COG2861	putative protein
ANT_3_01016	gene	798				
ANT_3_01016	CDS	798				hypothetical protein
ANT_3_01017	gene	1026	tdh_2			
ANT_3_01017	CDS	1026	tdh_2	1.1.1.103	COG1063	L-threonine 3-dehydrogenase
ANT_3_01018	gene	1194	kbl_2			
ANT_3_01018	CDS	1194	kbl_2	2.3.1.29	COG0156	2-amino-3-ketobutyrate coenzyme A ligase
ANT_3_01019	gene	933	hldD_2			
ANT_3_01019	CDS	933	hldD_2	5.1.3.20	COG0451	ADP-L-glycero-D-manno-heptose-6-epimerase
ANT_3_01020	gene	1059	rfaF_2			
ANT_3_01020	CDS	1059	rfaF_2	2.-.-.-	COG0859	ADP-heptose--LPS heptosyltransferase 2
ANT_3_01021	gene	972	rfaC_2			
ANT_3_01021	CDS	972	rfaC_2	2.-.-.-	COG0859	Lipopolysaccharide heptosyltransferase 1
ANT_3_01022	gene	909				
ANT_3_01022	CDS	909				hypothetical protein
ANT_3_01023	gene	1167				
ANT_3_01023	CDS	1167				hypothetical protein
ANT_3_01024	gene	1083				
ANT_3_01024	CDS	1083				hypothetical protein
ANT_3_01025	gene	963				
ANT_3_01025	CDS	963				hypothetical protein
ANT_3_01026	gene	1077	rfaQ_2			
ANT_3_01026	CDS	1077	rfaQ_2	2.-.-.-	COG0859	Lipopolysaccharide core heptosyltransferase RfaQ
ANT_3_01027	gene	1128	rfaG_2			
ANT_3_01027	CDS	1128	rfaG_2	2.4.-.-		Lipopolysaccharide core biosynthesis protein RfaG
ANT_3_01028	gene	1095	pglJ			
ANT_3_01028	CDS	1095	pglJ	2.4.1.291	COG0438	N-acetylgalactosamine-N,N'-diacetylbacillosaminyl-diphospho-undecaprenol 4-alpha-N-acetylgalactosaminyltransferase
ANT_3_01029	gene	990				
ANT_3_01029	CDS	990				hypothetical protein
ANT_3_01030	gene	1275	waaA_2			
ANT_3_01030	CDS	1275	waaA_2	2.4.99.12	COG1519	3-deoxy-D-manno-octulosonic acid transferase
ANT_3_01031	gene	777				
ANT_3_01031	CDS	777				hypothetical protein
ANT_3_01032	gene	477	coaD_2			
ANT_3_01032	CDS	477	coaD_2	2.7.7.3	COG0669	Phosphopantetheine adenylyltransferase
ANT_3_01033	gene	810	mutM_2			
ANT_3_01033	CDS	810	mutM_2	3.2.2.23	COG0266	Formamidopyrimidine-DNA glycosylase
ANT_3_01034	gene	762				
ANT_3_01034	CDS	762				hypothetical protein
ANT_3_01035	gene	1062				
ANT_3_01035	CDS	1062				hypothetical protein
ANT_3_01036	gene	126				
ANT_3_01036	CDS	126				hypothetical protein
ANT_3_01037	gene	120				
ANT_3_01037	CDS	120				hypothetical protein
ANT_3_01038	gene	144				
ANT_3_01038	CDS	144				hypothetical protein
ANT_3_01039	gene	195				
ANT_3_01039	CDS	195				hypothetical protein
ANT_3_01040	gene	312				
ANT_3_01040	CDS	312				hypothetical protein
ANT_3_01041	gene	252				
ANT_3_01041	CDS	252				hypothetical protein
ANT_3_01042	gene	75				
ANT_3_01042	tRNA	75				tRNA-Arg(acg)
ANT_3_01043	gene	3014				
ANT_3_01043	rRNA	3014				23S ribosomal RNA
ANT_3_01044	gene	117				
ANT_3_01044	CDS	117				hypothetical protein
ANT_3_01045	gene	1108				
ANT_3_01045	rRNA	1108				16S ribosomal RNA (partial)
ANT_3_01046	gene	111				
ANT_3_01046	CDS	111				hypothetical protein
ANT_3_01047	gene	444				
ANT_3_01047	CDS	444				hypothetical protein
ANT_3_01048	gene	384	secE			
ANT_3_01048	CDS	384	secE		COG0690	Protein translocase subunit SecE
ANT_3_01049	gene	546	nusG			
ANT_3_01049	CDS	546	nusG		COG0250	Transcription termination/antitermination protein NusG
ANT_3_01050	gene	429	rplK			
ANT_3_01050	CDS	429	rplK		COG0080	50S ribosomal protein L11
ANT_3_01051	gene	705	rplA			
ANT_3_01051	CDS	705	rplA		COG0081	50S ribosomal protein L1
ANT_3_01052	gene	498	rplJ			
ANT_3_01052	CDS	498	rplJ		COG0244	50S ribosomal protein L10
ANT_3_01053	gene	366	rplL			
ANT_3_01053	CDS	366	rplL		COG0222	50S ribosomal protein L7/L12
ANT_3_01054	gene	4029	rpoB			
ANT_3_01054	CDS	4029	rpoB	2.7.7.6	COG0085	DNA-directed RNA polymerase subunit beta
ANT_3_01055	gene	369				
ANT_3_01055	CDS	369				hypothetical protein
ANT_3_01056	gene	255				
ANT_3_01056	CDS	255				hypothetical protein
ANT_3_01057	gene	609				
ANT_3_01057	CDS	609				hypothetical protein
ANT_3_01058	gene	156				
ANT_3_01058	CDS	156				hypothetical protein
ANT_3_01059	gene	201				
ANT_3_01059	CDS	201				hypothetical protein
ANT_3_01060	gene	126				
ANT_3_01060	CDS	126				hypothetical protein
ANT_3_01061	gene	675				
ANT_3_01061	CDS	675				hypothetical protein
ANT_3_01062	gene	528	nuoM_1			
ANT_3_01062	CDS	528	nuoM_1	7.1.1.-	COG1008	NADH-quinone oxidoreductase subunit M
ANT_3_01063	gene	516	nuoM_2			
ANT_3_01063	CDS	516	nuoM_2	7.1.1.-	COG1008	NADH-quinone oxidoreductase subunit M
ANT_3_01064	gene	306	nuoM_3			
ANT_3_01064	CDS	306	nuoM_3	7.1.1.-	COG1008	NADH-quinone oxidoreductase subunit M
ANT_3_01065	gene	204				
ANT_3_01065	CDS	204				hypothetical protein
ANT_3_01066	gene	273				
ANT_3_01066	CDS	273				hypothetical protein
ANT_3_01067	gene	1302	ctaD			
ANT_3_01067	CDS	1302	ctaD	1.9.3.1		Cytochrome c oxidase subunit 1
ANT_3_01068	gene	780				
ANT_3_01068	CDS	780				hypothetical protein
ANT_3_01069	gene	276				
ANT_3_01069	CDS	276				hypothetical protein
ANT_3_01070	gene	102				
ANT_3_01070	CDS	102				hypothetical protein
ANT_3_01071	gene	786				
ANT_3_01071	CDS	786				hypothetical protein
ANT_3_01072	gene	339				
ANT_3_01072	CDS	339				hypothetical protein
ANT_3_01073	gene	207				
ANT_3_01073	CDS	207				hypothetical protein
ANT_3_01074	gene	822				
ANT_3_01074	CDS	822				hypothetical protein
ANT_3_01075	gene	501				
ANT_3_01075	CDS	501				hypothetical protein
ANT_3_01076	gene	624				
ANT_3_01076	CDS	624				hypothetical protein
ANT_3_01077	gene	588				
ANT_3_01077	CDS	588				hypothetical protein
ANT_3_01078	gene	540				
ANT_3_01078	CDS	540				hypothetical protein
ANT_3_01079	gene	336				
ANT_3_01079	CDS	336				hypothetical protein
ANT_3_01080	gene	243				
ANT_3_01080	CDS	243				hypothetical protein
ANT_3_01081	gene	465				
ANT_3_01081	CDS	465				hypothetical protein
ANT_3_01082	gene	165				
ANT_3_01082	CDS	165				hypothetical protein
ANT_3_01083	gene	171				
ANT_3_01083	CDS	171				hypothetical protein
ANT_3_01084	gene	153				
ANT_3_01084	CDS	153				hypothetical protein
ANT_3_01085	gene	171				
ANT_3_01085	CDS	171				hypothetical protein
ANT_3_01086	gene	1204				
ANT_3_01086	rRNA	1204				23S ribosomal RNA (partial)
ANT_3_01087	gene	255				
ANT_3_01087	CDS	255				hypothetical protein
ANT_3_01088	gene	2574				
ANT_3_01088	CDS	2574				hypothetical protein
ANT_3_01089	gene	1971				
ANT_3_01089	CDS	1971				hypothetical protein
ANT_3_01090	gene	1251				
ANT_3_01090	CDS	1251				hypothetical protein
ANT_3_01091	gene	981				
ANT_3_01091	CDS	981				hypothetical protein
ANT_3_01092	gene	2085	ftsH_1			
ANT_3_01092	CDS	2085	ftsH_1	3.4.24.-		ATP-dependent zinc metalloprotease FtsH
ANT_3_01093	gene	336				
ANT_3_01093	CDS	336				hypothetical protein
ANT_3_01094	gene	1137				
ANT_3_01094	CDS	1137				hypothetical protein
ANT_3_01095	gene	216				
ANT_3_01095	CDS	216				hypothetical protein
ANT_3_01096	gene	336				
ANT_3_01096	CDS	336				hypothetical protein
ANT_3_01097	gene	1266				
ANT_3_01097	CDS	1266				hypothetical protein
ANT_3_01098	gene	1578	mcrB			
ANT_3_01098	CDS	1578	mcrB	3.1.21.-	COG1401	5-methylcytosine-specific restriction enzyme B
ANT_3_01099	gene	1677	budB			
ANT_3_01099	CDS	1677	budB	2.2.1.6	COG0028	Acetolactate synthase, catabolic
ANT_3_01100	gene	783	budA			
ANT_3_01100	CDS	783	budA	4.1.1.5		Alpha-acetolactate decarboxylase
ANT_3_01101	gene	873	benM_1			
ANT_3_01101	CDS	873	benM_1			HTH-type transcriptional regulator BenM
ANT_3_01102	gene	516				
ANT_3_01102	CDS	516			COG2885	Outer membrane protein Omp38
ANT_3_01103	gene	1281	dgcN			
ANT_3_01103	CDS	1281	dgcN	2.7.7.65	COG2199	Diguanylate cyclase DgcN
ANT_3_01104	gene	588				
ANT_3_01104	CDS	588				hypothetical protein
ANT_3_01105	gene	1284	sdaC			
ANT_3_01105	CDS	1284	sdaC		COG0814	Serine transporter
ANT_3_01106	gene	1368	sdaB			
ANT_3_01106	CDS	1368	sdaB	4.3.1.17	COG1760	L-serine dehydratase 2
ANT_3_01107	gene	1653	dhaK_1			
ANT_3_01107	CDS	1653	dhaK_1	2.7.1.29		Dihydroxyacetone kinase
ANT_3_01108	gene	345				
ANT_3_01108	CDS	345				hypothetical protein
ANT_3_01109	gene	114				
ANT_3_01109	CDS	114				hypothetical protein
ANT_3_01110	gene	2259				
ANT_3_01110	CDS	2259				hypothetical protein
ANT_3_01111	gene	315	rhaM			
ANT_3_01111	CDS	315	rhaM	5.1.3.32	COG3254	L-rhamnose mutarotase
ANT_3_01112	gene	1149	adhB_1			
ANT_3_01112	CDS	1149	adhB_1	1.1.1.1		Alcohol dehydrogenase 2
ANT_3_01113	gene	825	rhaD			
ANT_3_01113	CDS	825	rhaD	4.1.2.19	COG0235	Rhamnulose-1-phosphate aldolase
ANT_3_01114	gene	1257	rhaA			
ANT_3_01114	CDS	1257	rhaA	5.3.1.14	COG4806	L-rhamnose isomerase
ANT_3_01115	gene	1485	rhaB			
ANT_3_01115	CDS	1485	rhaB	2.7.1.5	COG1070	L-Rhamnulokinase
ANT_3_01116	gene	828	rhaS_2			
ANT_3_01116	CDS	828	rhaS_2			HTH-type transcriptional activator RhaS
ANT_3_01117	gene	903	rhaR_6			
ANT_3_01117	CDS	903	rhaR_6			HTH-type transcriptional activator RhaR
ANT_3_01118	gene	1035	rhaT			
ANT_3_01118	CDS	1035	rhaT		COG0697	L-rhamnose-proton symporter
ANT_3_01119	gene	1095				
ANT_3_01119	CDS	1095				hypothetical protein
ANT_3_01120	gene	285				
ANT_3_01120	CDS	285				hypothetical protein
ANT_3_01121	gene	87				
ANT_3_01121	tRNA	87				tRNA-Leu(cag)
ANT_3_01122	gene	174				
ANT_3_01122	CDS	174				hypothetical protein
ANT_3_01123	gene	1038				
ANT_3_01123	CDS	1038				hypothetical protein
ANT_3_01124	gene	246				
ANT_3_01124	CDS	246				hypothetical protein
ANT_3_01125	gene	114				
ANT_3_01125	CDS	114				hypothetical protein
ANT_3_01126	gene	150				
ANT_3_01126	CDS	150				hypothetical protein
ANT_3_01127	gene	443				
ANT_3_01127	rRNA	443				16S ribosomal RNA (partial)
ANT_3_01128	gene	345				
ANT_3_01128	CDS	345				hypothetical protein
ANT_3_01129	gene	552				
ANT_3_01129	CDS	552				hypothetical protein
ANT_3_01130	gene	642				
ANT_3_01130	CDS	642				hypothetical protein
ANT_3_01131	gene	74				
ANT_3_01131	tRNA	74				tRNA-Trp(cca)
ANT_3_01132	gene	76				
ANT_3_01132	tRNA	76				tRNA-Gln(ttg)
ANT_3_01133	gene	1452				
ANT_3_01133	CDS	1452				hypothetical protein
ANT_3_01134	gene	1383	atpD			
ANT_3_01134	CDS	1383	atpD	7.1.2.2	COG0055	ATP synthase subunit beta
ANT_3_01135	gene	420	atpC			
ANT_3_01135	CDS	420	atpC		COG0355	ATP synthase epsilon chain
ANT_3_01136	gene	2178	pelX			
ANT_3_01136	CDS	2178	pelX	4.2.2.9		Pectate disaccharide-lyase
ANT_3_01137	gene	1371	glmU			
ANT_3_01137	CDS	1371	glmU		COG1207	Bifunctional protein GlmU
ANT_3_01138	gene	1830	glmS			
ANT_3_01138	CDS	1830	glmS	2.6.1.16	COG0449	Glutamine--fructose-6-phosphate aminotransferase [isomerizing]
ANT_3_01139	gene	1041	pstS_1			
ANT_3_01139	CDS	1041	pstS_1		COG0226	Phosphate-binding protein PstS
ANT_3_01140	gene	963	pstC			
ANT_3_01140	CDS	963	pstC		COG0573	Phosphate transport system permease protein PstC
ANT_3_01141	gene	891	pstA			
ANT_3_01141	CDS	891	pstA		COG0581	Phosphate transport system permease protein PstA
ANT_3_01142	gene	774	pstB			
ANT_3_01142	CDS	774	pstB	7.3.2.1	COG1117	Phosphate import ATP-binding protein PstB
ANT_3_01143	gene	726	phoU			
ANT_3_01143	CDS	726	phoU		COG0704	Phosphate-specific transport system accessory protein PhoU
ANT_3_01144	gene	666	yieH			
ANT_3_01144	CDS	666	yieH	3.1.3.-	COG0637	6-phosphogluconate phosphatase
ANT_3_01145	gene	1338	adeP_1			
ANT_3_01145	CDS	1338	adeP_1		COG2252	Adenine permease AdeP
ANT_3_01146	gene	567	chrR			
ANT_3_01146	CDS	567	chrR	1.6.5.2	COG0431	Quinone reductase
ANT_3_01147	gene	750				
ANT_3_01147	CDS	750				hypothetical protein
ANT_3_01148	gene	960	yidZ			
ANT_3_01148	CDS	960	yidZ			HTH-type transcriptional regulator YidZ
ANT_3_01149	gene	1182	mdtL_1			
ANT_3_01149	CDS	1182	mdtL_1			Multidrug resistance protein MdtL
ANT_3_01150	gene	408				
ANT_3_01150	CDS	408				hypothetical protein
ANT_3_01151	gene	1365	mnmE			
ANT_3_01151	CDS	1365	mnmE	3.6.-.-	COG0486	tRNA modification GTPase MnmE
ANT_3_01152	gene	1647	yidC			
ANT_3_01152	CDS	1647	yidC			Membrane protein insertase YidC
ANT_3_01153	gene	258	yidD			
ANT_3_01153	CDS	258	yidD		COG0759	Putative membrane protein insertion efficiency factor
ANT_3_01154	gene	327	rnpA			
ANT_3_01154	CDS	327	rnpA	3.1.26.5	COG0594	Ribonuclease P protein component
ANT_3_01155	gene	141	rpmH			
ANT_3_01155	CDS	141	rpmH		COG0230	50S ribosomal protein L34
ANT_3_01156	gene	1398	dnaA			
ANT_3_01156	CDS	1398	dnaA		COG0593	Chromosomal replication initiator protein DnaA
ANT_3_01157	gene	1101	dnaN			
ANT_3_01157	CDS	1101	dnaN		COG0592	Beta sliding clamp
ANT_3_01158	gene	1074	recF			
ANT_3_01158	CDS	1074	recF		COG1195	DNA replication and repair protein RecF
ANT_3_01159	gene	2415	gyrB			
ANT_3_01159	CDS	2415	gyrB	5.6.2.2	COG0187	DNA gyrase subunit B
ANT_3_01160	gene	402				
ANT_3_01160	CDS	402				hypothetical protein
ANT_3_01161	gene	813	yidA			
ANT_3_01161	CDS	813	yidA	3.1.3.23	COG0561	Sugar phosphatase YidA
ANT_3_01162	gene	1227				
ANT_3_01162	CDS	1227				hypothetical protein
ANT_3_01163	gene	330				
ANT_3_01163	CDS	330				hypothetical protein
ANT_3_01164	gene	414	ibpA			
ANT_3_01164	CDS	414	ibpA		COG0071	Small heat shock protein IbpA
ANT_3_01165	gene	429	ibpB			
ANT_3_01165	CDS	429	ibpB		COG0071	Small heat shock protein IbpB
ANT_3_01166	gene	1662	aspT_1			
ANT_3_01166	CDS	1662	aspT_1			Aspartate/alanine antiporter
ANT_3_01167	gene	711	mngR_2			
ANT_3_01167	CDS	711	mngR_2		COG2188	Mannosyl-D-glycerate transport/metabolism system repressor MngR
ANT_3_01168	gene	1623	malP_3			
ANT_3_01168	CDS	1623	malP_3		COG1263	PTS system maltose-specific EIICB component
ANT_3_01169	gene	1323	aglB			
ANT_3_01169	CDS	1323	aglB	3.2.1.122	COG1486	6-phospho-alpha-glucosidase
ANT_3_01170	gene	894	rhaR_7			
ANT_3_01170	CDS	894	rhaR_7			HTH-type transcriptional activator RhaR
ANT_3_01171	gene	1716	yidK_1			
ANT_3_01171	CDS	1716	yidK_1		COG4146	putative symporter YidK
ANT_3_01172	gene	1494				
ANT_3_01172	CDS	1494		3.1.6.-		Ulvan-active sulfatase
ANT_3_01173	gene	348	yidH_1			
ANT_3_01173	CDS	348	yidH_1		COG2149	Inner membrane protein YidH
ANT_3_01174	gene	363	yidG_1			
ANT_3_01174	CDS	363	yidG_1			Inner membrane protein YidG
ANT_3_01175	gene	1107	chuR_1			
ANT_3_01175	CDS	1107	chuR_1	1.1.99.-	COG0641	Anaerobic sulfatase-maturating enzyme
ANT_3_01176	gene	318	celA_1			
ANT_3_01176	CDS	318	celA_1	2.7.1.205		PTS system cellobiose-specific EIIB component
ANT_3_01177	gene	1389	gmuD_3			
ANT_3_01177	CDS	1389	gmuD_3	3.2.1.86	COG2723	6-phospho-beta-glucosidase GmuD
ANT_3_01178	gene	1326	licC_4			
ANT_3_01178	CDS	1326	licC_4		COG1455	Lichenan permease IIC component
ANT_3_01179	gene	1323	dsdA			
ANT_3_01179	CDS	1323	dsdA	4.3.1.18	COG3048	D-serine dehydratase
ANT_3_01180	gene	1338	dsdX			
ANT_3_01180	CDS	1338	dsdX			D-serine transporter DsdX
ANT_3_01181	gene	927	dsdC			
ANT_3_01181	CDS	927	dsdC		COG0583	HTH-type transcriptional regulator DsdC
ANT_3_01182	gene	1185	emrD_2			
ANT_3_01182	CDS	1185	emrD_2			Multidrug resistance protein D
ANT_3_01183	gene	834				
ANT_3_01183	CDS	834				hypothetical protein
ANT_3_01184	gene	210				
ANT_3_01184	CDS	210				hypothetical protein
ANT_3_01185	gene	1689	ilvB			
ANT_3_01185	CDS	1689	ilvB	2.2.1.6	COG0028	Acetolactate synthase isozyme 1 large subunit
ANT_3_01186	gene	291	ilvN			
ANT_3_01186	CDS	291	ilvN	2.2.1.6	COG0440	Acetolactate synthase isozyme 1 small subunit
ANT_3_01187	gene	594	uhpA			
ANT_3_01187	CDS	594	uhpA		COG2197	Transcriptional regulatory protein UhpA
ANT_3_01188	gene	1503	uhpB			
ANT_3_01188	CDS	1503	uhpB	2.7.13.3		Signal transduction histidine-protein kinase/phosphatase UhpB
ANT_3_01189	gene	1320	uhpC			
ANT_3_01189	CDS	1320	uhpC		COG2271	Membrane sensor protein UhpC
ANT_3_01190	gene	1392	uhpT			
ANT_3_01190	CDS	1392	uhpT		COG2271	Hexose-6-phosphate:phosphate antiporter
ANT_3_01191	gene	906	syrM1_3			
ANT_3_01191	CDS	906	syrM1_3			HTH-type transcriptional regulator SyrM 1
ANT_3_01192	gene	453				
ANT_3_01192	CDS	453				hypothetical protein
ANT_3_01193	gene	525				
ANT_3_01193	CDS	525				hypothetical protein
ANT_3_01194	gene	1188	nepI_3			
ANT_3_01194	CDS	1188	nepI_3		COG2814	Purine ribonucleoside efflux pump NepI
ANT_3_01195	gene	810	phnX			
ANT_3_01195	CDS	810	phnX	3.11.1.1	COG0637	Phosphonoacetaldehyde hydrolase
ANT_3_01196	gene	1104	phnW			
ANT_3_01196	CDS	1104	phnW	2.6.1.37	COG0075	2-aminoethylphosphonate--pyruvate transaminase
ANT_3_01197	gene	720	phnR_1			
ANT_3_01197	CDS	720	phnR_1		COG2188	Putative transcriptional regulator of 2-aminoethylphosphonate degradation operons
ANT_3_01198	gene	1014	phnS			
ANT_3_01198	CDS	1014	phnS		COG1840	Putative 2-aminoethylphosphonate-binding periplasmic protein
ANT_3_01199	gene	1110	phnT			
ANT_3_01199	CDS	1110	phnT		COG3842	Putative 2-aminoethylphosphonate import ATP-binding protein PhnT
ANT_3_01200	gene	861	phnU			
ANT_3_01200	CDS	861	phnU		COG0555	Putative 2-aminoethylphosphonate transport system permease protein PhnU
ANT_3_01201	gene	798	phnV			
ANT_3_01201	CDS	798	phnV		COG1177	Putative 2-aminoethylphosphonate transport system permease protein PhnV
ANT_3_01202	gene	1383	lamB_1			
ANT_3_01202	CDS	1383	lamB_1			Maltoporin
ANT_3_01203	gene	303	chbA_2			
ANT_3_01203	CDS	303	chbA_2		COG1447	PTS system N,N'-diacetylchitobiose-specific EIIA component
ANT_3_01204	gene	1323	licC_5			
ANT_3_01204	CDS	1323	licC_5		COG1455	Lichenan permease IIC component
ANT_3_01205	gene	315	celA_2			
ANT_3_01205	CDS	315	celA_2	2.7.1.205		PTS system cellobiose-specific EIIB component
ANT_3_01206	gene	951	ccpA			
ANT_3_01206	CDS	951	ccpA		COG1609	Catabolite control protein A
ANT_3_01207	gene	294				
ANT_3_01207	CDS	294				hypothetical protein
ANT_3_01208	gene	903	yicL			
ANT_3_01208	CDS	903	yicL		COG0697	putative inner membrane transporter YicL
ANT_3_01209	gene	1452	murP_2			
ANT_3_01209	CDS	1452	murP_2		COG2190	PTS system N-acetylmuramic acid-specific EIIBC component
ANT_3_01210	gene	900	murQ_2			
ANT_3_01210	CDS	900	murQ_2	4.2.1.126	COG2103	N-acetylmuramic acid 6-phosphate etherase
ANT_3_01211	gene	1164	bcr_1			
ANT_3_01211	CDS	1164	bcr_1			Bicyclomycin resistance protein
ANT_3_01212	gene	1365	ttgC			
ANT_3_01212	CDS	1365	ttgC		COG1538	putative efflux pump outer membrane protein TtgC
ANT_3_01213	gene	3105	mexB_2			
ANT_3_01213	CDS	3105	mexB_2		COG0841	Multidrug resistance protein MexB
ANT_3_01214	gene	1191	mexA_3			
ANT_3_01214	CDS	1191	mexA_3			Multidrug resistance protein MexA
ANT_3_01215	gene	570	betI_1			
ANT_3_01215	CDS	570	betI_1			HTH-type transcriptional regulator BetI
ANT_3_01216	gene	417				
ANT_3_01216	CDS	417		2.3.1.-		Acetyltransferase
ANT_3_01217	gene	1506	bmr3_1			
ANT_3_01217	CDS	1506	bmr3_1			Multidrug resistance protein 3
ANT_3_01218	gene	651	betI_2			
ANT_3_01218	CDS	651	betI_2			HTH-type transcriptional regulator BetI
ANT_3_01219	gene	258				
ANT_3_01219	CDS	258				hypothetical protein
ANT_3_01220	gene	990				
ANT_3_01220	CDS	990				hypothetical protein
ANT_3_01221	gene	2097	flhA_1			
ANT_3_01221	CDS	2097	flhA_1		COG1298	Flagellar biosynthesis protein FlhA
ANT_3_01222	gene	1137	flhB_1			
ANT_3_01222	CDS	1137	flhB_1		COG1377	Flagellar biosynthetic protein FlhB
ANT_3_01223	gene	774	fliR_1			
ANT_3_01223	CDS	774	fliR_1		COG1684	Flagellar biosynthetic protein FliR
ANT_3_01224	gene	273				
ANT_3_01224	CDS	273				hypothetical protein
ANT_3_01225	gene	756	fliP_1			
ANT_3_01225	CDS	756	fliP_1		COG1338	Flagellar biosynthetic protein FliP
ANT_3_01226	gene	399				
ANT_3_01226	CDS	399				hypothetical protein
ANT_3_01227	gene	885				
ANT_3_01227	CDS	885				hypothetical protein
ANT_3_01228	gene	1032	atoC			
ANT_3_01228	CDS	1032	atoC		COG2204	Regulatory protein AtoC
ANT_3_01229	gene	369	fliE_1			
ANT_3_01229	CDS	369	fliE_1			Flagellar hook-basal body complex protein FliE
ANT_3_01230	gene	1692	fliF_1			
ANT_3_01230	CDS	1692	fliF_1		COG1766	Flagellar M-ring protein
ANT_3_01231	gene	1026	fliG_1			
ANT_3_01231	CDS	1026	fliG_1		COG1536	Flagellar motor switch protein FliG
ANT_3_01232	gene	753				
ANT_3_01232	CDS	753				hypothetical protein
ANT_3_01233	gene	1320	fliI_1			
ANT_3_01233	CDS	1320	fliI_1	7.1.2.2	COG1157	Flagellum-specific ATP synthase
ANT_3_01234	gene	447				
ANT_3_01234	CDS	447				hypothetical protein
ANT_3_01235	gene	1464				
ANT_3_01235	CDS	1464				hypothetical protein
ANT_3_01236	gene	942				
ANT_3_01236	CDS	942				hypothetical protein
ANT_3_01237	gene	654				
ANT_3_01237	CDS	654				hypothetical protein
ANT_3_01238	gene	663				
ANT_3_01238	CDS	663				hypothetical protein
ANT_3_01239	gene	438				
ANT_3_01239	CDS	438				hypothetical protein
ANT_3_01240	gene	273				
ANT_3_01240	CDS	273				hypothetical protein
ANT_3_01241	gene	792				
ANT_3_01241	CDS	792				hypothetical protein
ANT_3_01242	gene	360	flgB_1			
ANT_3_01242	CDS	360	flgB_1		COG1815	Flagellar basal body rod protein FlgB
ANT_3_01243	gene	426	flgC_1			
ANT_3_01243	CDS	426	flgC_1		COG1558	Flagellar basal-body rod protein FlgC
ANT_3_01244	gene	675				
ANT_3_01244	CDS	675				hypothetical protein
ANT_3_01245	gene	1206	flgE_1			
ANT_3_01245	CDS	1206	flgE_1		COG1749	Flagellar hook protein FlgE
ANT_3_01246	gene	732	flgF_1			
ANT_3_01246	CDS	732	flgF_1		COG4787	Flagellar basal-body rod protein FlgF
ANT_3_01247	gene	786	flgG_1			
ANT_3_01247	CDS	786	flgG_1		COG4786	Flagellar basal-body rod protein FlgG
ANT_3_01248	gene	648	flgH_1			
ANT_3_01248	CDS	648	flgH_1			Flagellar L-ring protein
ANT_3_01249	gene	1092	flgI_1			
ANT_3_01249	CDS	1092	flgI_1			Flagellar P-ring protein
ANT_3_01250	gene	408				
ANT_3_01250	CDS	408				hypothetical protein
ANT_3_01251	gene	1368				
ANT_3_01251	CDS	1368				hypothetical protein
ANT_3_01252	gene	915				
ANT_3_01252	CDS	915				hypothetical protein
ANT_3_01253	gene	1011				
ANT_3_01253	CDS	1011				hypothetical protein
ANT_3_01254	gene	471				
ANT_3_01254	CDS	471				hypothetical protein
ANT_3_01255	gene	951				
ANT_3_01255	CDS	951				hypothetical protein
ANT_3_01256	gene	828	hag			
ANT_3_01256	CDS	828	hag		COG1344	Flagellin
ANT_3_01257	gene	1329	fliD_1			
ANT_3_01257	CDS	1329	fliD_1		COG1345	B-type flagellar hook-associated protein 2
ANT_3_01258	gene	393	fliS_1			
ANT_3_01258	CDS	393	fliS_1		COG1516	Flagellar secretion chaperone FliS
ANT_3_01259	gene	306				
ANT_3_01259	CDS	306				hypothetical protein
ANT_3_01260	gene	1071				
ANT_3_01260	CDS	1071				hypothetical protein
ANT_3_01261	gene	471				
ANT_3_01261	CDS	471				hypothetical protein
ANT_3_01262	gene	702	lafS_2			
ANT_3_01262	CDS	702	lafS_2		COG1191	RNA polymerase sigma factor for flagellar operon
ANT_3_01263	gene	864	lafT			
ANT_3_01263	CDS	864	lafT		COG1291	Chemotaxis protein LafT
ANT_3_01264	gene	930	lafU			
ANT_3_01264	CDS	930	lafU		COG1360	Chemotaxis protein LafU
ANT_3_01265	gene	795				
ANT_3_01265	CDS	795				hypothetical protein
ANT_3_01266	gene	1050	parM			
ANT_3_01266	CDS	1050	parM			Plasmid segregation protein ParM
ANT_3_01267	gene	675				
ANT_3_01267	CDS	675				hypothetical protein
ANT_3_01268	gene	792	pdeL			
ANT_3_01268	CDS	792	pdeL	3.1.4.52	COG2200	Cyclic di-GMP phosphodiesterase PdeL
ANT_3_01269	gene	1575	pdeG_1			
ANT_3_01269	CDS	1575	pdeG_1	3.1.4.52		putative cyclic di-GMP phosphodiesterase PdeG
ANT_3_01270	gene	525	resA			
ANT_3_01270	CDS	525	resA			Thiol-disulfide oxidoreductase ResA
ANT_3_01271	gene	213				
ANT_3_01271	CDS	213				hypothetical protein
ANT_3_01272	gene	1101	nemA_1			
ANT_3_01272	CDS	1101	nemA_1	1.3.1.-	COG1902	N-ethylmaleimide reductase
ANT_3_01273	gene	921	gcvA_3			
ANT_3_01273	CDS	921	gcvA_3			Glycine cleavage system transcriptional activator
ANT_3_01274	gene	972				
ANT_3_01274	CDS	972				hypothetical protein
ANT_3_01275	gene	2379	caf1A			
ANT_3_01275	CDS	2379	caf1A		COG3188	F1 capsule-anchoring protein
ANT_3_01276	gene	687				
ANT_3_01276	CDS	687				hypothetical protein
ANT_3_01277	gene	498				
ANT_3_01277	CDS	498				hypothetical protein
ANT_3_01278	gene	95				
ANT_3_01278	tRNA	95				tRNA-SeC(tca)
ANT_3_01279	gene	1395	yicJ_3			
ANT_3_01279	CDS	1395	yicJ_3		COG2211	Inner membrane symporter YicJ
ANT_3_01280	gene	2319	yicI_1			
ANT_3_01280	CDS	2319	yicI_1	3.2.1.177	COG1501	Alpha-xylosidase
ANT_3_01281	gene	1686				
ANT_3_01281	CDS	1686				hypothetical protein
ANT_3_01282	gene	1392	xanP_2			
ANT_3_01282	CDS	1392	xanP_2		COG2233	Xanthine permease XanP
ANT_3_01283	gene	1203	gltS			
ANT_3_01283	CDS	1203	gltS		COG0786	Sodium/glutamate symporter
ANT_3_01284	gene	1509	glpK_2			
ANT_3_01284	CDS	1509	glpK_2	2.7.1.30	COG0554	Glycerol kinase
ANT_3_01285	gene	849	glpF_2			
ANT_3_01285	CDS	849	glpF_2		COG0580	Glycerol uptake facilitator protein
ANT_3_01286	gene	240	zapB_2			
ANT_3_01286	CDS	240	zapB_2		COG3074	Cell division protein ZapB
ANT_3_01287	gene	990	sbp_2			
ANT_3_01287	CDS	990	sbp_2		COG1613	Sulfate-binding protein
ANT_3_01288	gene	756	cdh			
ANT_3_01288	CDS	756	cdh	3.6.1.26	COG2134	CDP-diacylglycerol pyrophosphatase
ANT_3_01289	gene	1305				
ANT_3_01289	CDS	1305				hypothetical protein
ANT_3_01290	gene	768	tpiA_2			
ANT_3_01290	CDS	768	tpiA_2	5.3.1.1	COG0149	Triosephosphate isomerase
ANT_3_01291	gene	597				
ANT_3_01291	CDS	597				hypothetical protein
ANT_3_01292	gene	432				
ANT_3_01292	CDS	432				hypothetical protein
ANT_3_01293	gene	747	fpr_2			
ANT_3_01293	CDS	747	fpr_2	1.18.1.2	COG1018	Flavodoxin/ferredoxin--NADP reductase
ANT_3_01294	gene	1011	glpX_2			
ANT_3_01294	CDS	1011	glpX_2	3.1.3.11	COG1494	Fructose-1,6-bisphosphatase 1 class 2
ANT_3_01295	gene	2118	recG_2			
ANT_3_01295	CDS	2118	recG_2	3.6.4.12	COG1200	ATP-dependent DNA helicase RecG
ANT_3_01296	gene	690	trmH_2			
ANT_3_01296	CDS	690	trmH_2	2.1.1.34	COG0566	tRNA (guanosine(18)-2'-O)-methyltransferase
ANT_3_01297	gene	2115	spoT_2			
ANT_3_01297	CDS	2115	spoT_2		COG0317	Bifunctional (p)ppGpp synthase/hydrolase SpoT
ANT_3_01298	gene	276	rpoZ_2			
ANT_3_01298	CDS	276	rpoZ_2	2.7.7.6	COG1758	DNA-directed RNA polymerase subunit omega
ANT_3_01299	gene	624	gmk_2			
ANT_3_01299	CDS	624	gmk_2	2.7.4.8	COG0194	Guanylate kinase
ANT_3_01300	gene	1680	ligB_2			
ANT_3_01300	CDS	1680	ligB_2	6.5.1.2	COG0272	DNA ligase B
ANT_3_01301	gene	618				
ANT_3_01301	CDS	618				hypothetical protein
ANT_3_01302	gene	1734	cptA			
ANT_3_01302	CDS	1734	cptA	2.7.-.-	COG2194	Phosphoethanolamine transferase CptA
ANT_3_01303	gene	864				
ANT_3_01303	CDS	864				hypothetical protein
ANT_3_01304	gene	717	rph_2			
ANT_3_01304	CDS	717	rph_2	2.7.7.56		Ribonuclease PH
ANT_3_01305	gene	642	pyrE_2			
ANT_3_01305	CDS	642	pyrE_2	2.4.2.10	COG0461	Orotate phosphoribosyltransferase
ANT_3_01306	gene	597	slmA_2			
ANT_3_01306	CDS	597	slmA_2			Nucleoid occlusion factor SlmA
ANT_3_01307	gene	459	dut_2			
ANT_3_01307	CDS	459	dut_2	3.6.1.23	COG0756	Deoxyuridine 5'-triphosphate nucleotidohydrolase
ANT_3_01308	gene	1224	coaBC_2			
ANT_3_01308	CDS	1224	coaBC_2		COG0452	Coenzyme A biosynthesis bifunctional protein CoaBC
ANT_3_01309	gene	666				
ANT_3_01309	CDS	666				hypothetical protein
ANT_3_01310	gene	552				
ANT_3_01310	CDS	552				hypothetical protein
ANT_3_01311	gene	294				
ANT_3_01311	CDS	294			COG3385	IS4 family transposase IS4
ANT_3_01312	gene	249				
ANT_3_01312	CDS	249				hypothetical protein
ANT_3_01313	gene	324				
ANT_3_01313	CDS	324				hypothetical protein
ANT_3_01314	gene	669				
ANT_3_01314	CDS	669				hypothetical protein
ANT_3_01315	gene	549	sutR_1			
ANT_3_01315	CDS	549	sutR_1		COG1396	HTH-type transcriptional regulator SutR
ANT_3_01316	gene	777				
ANT_3_01316	CDS	777				hypothetical protein
ANT_3_01317	gene	669	qseB			
ANT_3_01317	CDS	669	qseB			Transcriptional regulatory protein QseB
ANT_3_01318	gene	1347	qseC			
ANT_3_01318	CDS	1347	qseC	2.7.13.3		Sensor protein QseC
ANT_3_01319	gene	966				
ANT_3_01319	CDS	966				hypothetical protein
ANT_3_01320	gene	3066	bepE			
ANT_3_01320	CDS	3066	bepE			Efflux pump membrane transporter BepE
ANT_3_01321	gene	1086	ttgG			
ANT_3_01321	CDS	1086	ttgG			Toluene efflux pump periplasmic linker protein TtgG
ANT_3_01322	gene	2709	ctpF			
ANT_3_01322	CDS	2709	ctpF	3.6.3.-	COG0474	putative cation-transporting ATPase F
ANT_3_01323	gene	1533				
ANT_3_01323	CDS	1533				hypothetical protein
ANT_3_01324	gene	186				
ANT_3_01324	CDS	186				hypothetical protein
ANT_3_01325	gene	549				
ANT_3_01325	CDS	549				hypothetical protein
ANT_3_01326	gene	828	nifH1			
ANT_3_01326	CDS	828	nifH1	1.18.6.1	COG1348	Nitrogenase iron protein 1
ANT_3_01327	gene	1584	anfD			
ANT_3_01327	CDS	1584	anfD	1.18.6.1	COG2710	Nitrogenase iron-iron protein alpha chain
ANT_3_01328	gene	351	anfG			
ANT_3_01328	CDS	351	anfG	1.18.6.1		Nitrogenase iron-iron protein delta chain
ANT_3_01329	gene	1389	anfK			
ANT_3_01329	CDS	1389	anfK	1.18.6.1	COG2710	Nitrogenase iron-iron protein beta chain
ANT_3_01330	gene	399				
ANT_3_01330	CDS	399				hypothetical protein
ANT_3_01331	gene	504				
ANT_3_01331	CDS	504				hypothetical protein
ANT_3_01332	gene	624				
ANT_3_01332	CDS	624				hypothetical protein
ANT_3_01333	gene	288				
ANT_3_01333	CDS	288				hypothetical protein
ANT_3_01334	gene	1626	vnfA			
ANT_3_01334	CDS	1626	vnfA		COG3604	Nitrogen fixation protein VnfA
ANT_3_01335	gene	1077	nifA_1			
ANT_3_01335	CDS	1077	nifA_1		COG3604	Nif-specific regulatory protein
ANT_3_01336	gene	3525				
ANT_3_01336	CDS	3525		1.2.7.1	COG0674	Pyruvate:ferredoxin oxidoreductase
ANT_3_01337	gene	534	nifF			
ANT_3_01337	CDS	534	nifF		COG0716	Flavodoxin
ANT_3_01338	gene	597				
ANT_3_01338	CDS	597				hypothetical protein
ANT_3_01339	gene	687	pdeH			
ANT_3_01339	CDS	687	pdeH	3.1.4.52		Cyclic di-GMP phosphodiesterase PdeH
ANT_3_01340	gene	1431				
ANT_3_01340	CDS	1431				hypothetical protein
ANT_3_01341	gene	1104				
ANT_3_01341	CDS	1104				hypothetical protein
ANT_3_01342	gene	435	wzb			
ANT_3_01342	CDS	435	wzb	3.1.3.48	COG0394	Low molecular weight protein-tyrosine-phosphatase Wzb
ANT_3_01343	gene	2163				
ANT_3_01343	CDS	2163		2.7.10.-		Putative tyrosine-protein kinase in cps region
ANT_3_01344	gene	1380				
ANT_3_01344	CDS	1380				hypothetical protein
ANT_3_01345	gene	1218				
ANT_3_01345	CDS	1218				hypothetical protein
ANT_3_01346	gene	1065				
ANT_3_01346	CDS	1065				hypothetical protein
ANT_3_01347	gene	531	mshA_2			
ANT_3_01347	CDS	531	mshA_2	2.4.1.250		D-inositol-3-phosphate glycosyltransferase
ANT_3_01348	gene	1518				
ANT_3_01348	CDS	1518				hypothetical protein
ANT_3_01349	gene	984				
ANT_3_01349	CDS	984				hypothetical protein
ANT_3_01350	gene	1422	manC1_1			
ANT_3_01350	CDS	1422	manC1_1	2.7.7.13	COG0662	Mannose-1-phosphate guanylyltransferase 1
ANT_3_01351	gene	1380	algC_1			
ANT_3_01351	CDS	1380	algC_1	5.4.2.2	COG1109	Phosphomannomutase/phosphoglucomutase
ANT_3_01352	gene	1155	mshA_3			
ANT_3_01352	CDS	1155	mshA_3	2.4.1.250		D-inositol-3-phosphate glycosyltransferase
ANT_3_01353	gene	159				
ANT_3_01353	CDS	159				hypothetical protein
ANT_3_01354	gene	1083	gmd_1			
ANT_3_01354	CDS	1083	gmd_1	4.2.1.47	COG1089	GDP-mannose 4,6-dehydratase
ANT_3_01355	gene	1383	fruA_1			
ANT_3_01355	CDS	1383	fruA_1		COG1299	PTS system fructose-specific EIIB'BC component
ANT_3_01356	gene	819	sdhL			
ANT_3_01356	CDS	819	sdhL	1.1.1.25	COG0169	Shikimate dehydrogenase-like protein
ANT_3_01357	gene	1773	sgrR_1			
ANT_3_01357	CDS	1773	sgrR_1		COG4533	HTH-type transcriptional regulator SgrR
ANT_3_01358	gene	1653				
ANT_3_01358	CDS	1653				hypothetical protein
ANT_3_01359	gene	321				
ANT_3_01359	CDS	321				hypothetical protein
ANT_3_01360	gene	76				
ANT_3_01360	tRNA	76				tRNA-Phe(gaa)
ANT_3_01361	gene	2163	speC			
ANT_3_01361	CDS	2163	speC	4.1.1.17	COG1982	Constitutive ornithine decarboxylase
ANT_3_01362	gene	1365	yicJ_4			
ANT_3_01362	CDS	1365	yicJ_4		COG2211	Inner membrane symporter YicJ
ANT_3_01363	gene	1080	mltC			
ANT_3_01363	CDS	1080	mltC	4.2.2.-	COG0741	Membrane-bound lytic murein transglycosylase C
ANT_3_01364	gene	273	yggX			
ANT_3_01364	CDS	273	yggX		COG2924	putative Fe(2+)-trafficking protein
ANT_3_01365	gene	1068	mutY			
ANT_3_01365	CDS	1068	mutY	3.2.2.31	COG1194	Adenine DNA glycosylase
ANT_3_01366	gene	720	trmB			
ANT_3_01366	CDS	720	trmB	2.1.1.33	COG0220	tRNA (guanine-N(7)-)-methyltransferase
ANT_3_01367	gene	327				
ANT_3_01367	CDS	327			COG3171	putative protein
ANT_3_01368	gene	927	glsA2			
ANT_3_01368	CDS	927	glsA2	3.5.1.2	COG2066	Glutaminase 2
ANT_3_01369	gene	735				
ANT_3_01369	CDS	735				hypothetical protein
ANT_3_01370	gene	120				
ANT_3_01370	CDS	120				hypothetical protein
ANT_3_01371	gene	1137	hemW			
ANT_3_01371	CDS	1137	hemW		COG0635	Heme chaperone HemW
ANT_3_01372	gene	609	rdgB			
ANT_3_01372	CDS	609	rdgB	3.6.1.66	COG0127	dITP/XTP pyrophosphatase
ANT_3_01373	gene	306				
ANT_3_01373	CDS	306				hypothetical protein
ANT_3_01374	gene	555				
ANT_3_01374	CDS	555				hypothetical protein
ANT_3_01375	gene	822	proC_2			
ANT_3_01375	CDS	822	proC_2	1.5.1.2	COG0345	Pyrroline-5-carboxylate reductase
ANT_3_01376	gene	720	yggS			
ANT_3_01376	CDS	720	yggS		COG0325	Pyridoxal phosphate homeostasis protein
ANT_3_01377	gene	1023	yggR			
ANT_3_01377	CDS	1023	yggR		COG2805	putative protein YggR
ANT_3_01378	gene	429	yqgF			
ANT_3_01378	CDS	429	yqgF	3.1.-.-	COG0816	Putative pre-16S rRNA nuclease
ANT_3_01379	gene	564				
ANT_3_01379	CDS	564				hypothetical protein
ANT_3_01380	gene	951	gshB			
ANT_3_01380	CDS	951	gshB	6.3.2.3	COG0189	Glutathione synthetase
ANT_3_01381	gene	732	rsmE			
ANT_3_01381	CDS	732	rsmE	2.1.1.193	COG1385	Ribosomal RNA small subunit methyltransferase E
ANT_3_01382	gene	714	nucM			
ANT_3_01382	CDS	714	nucM	3.1.21.-	COG2356	Nuclease NucM
ANT_3_01383	gene	558	sprT			
ANT_3_01383	CDS	558	sprT			Protein SprT
ANT_3_01384	gene	1395	galP_1			
ANT_3_01384	CDS	1395	galP_1			Galactose-proton symporter
ANT_3_01385	gene	1155	metK			
ANT_3_01385	CDS	1155	metK	2.5.1.6	COG0192	S-adenosylmethionine synthase
ANT_3_01386	gene	1983	speA			
ANT_3_01386	CDS	1983	speA	4.1.1.19	COG1166	Biosynthetic arginine decarboxylase
ANT_3_01387	gene	759	loiP_1			
ANT_3_01387	CDS	759	loiP_1	3.4.24.-	COG0501	Metalloprotease LoiP
ANT_3_01388	gene	753	loiP_2			
ANT_3_01388	CDS	753	loiP_2	3.4.24.-	COG0501	Metalloprotease LoiP
ANT_3_01389	gene	1995	tktA_2			
ANT_3_01389	CDS	1995	tktA_2	2.2.1.1	COG0021	Transketolase 1
ANT_3_01390	gene	1017	epd			
ANT_3_01390	CDS	1017	epd	1.2.1.72	COG0057	D-erythrose-4-phosphate dehydrogenase
ANT_3_01391	gene	1164	pgk			
ANT_3_01391	CDS	1164	pgk	2.7.2.3	COG0126	Phosphoglycerate kinase
ANT_3_01392	gene	1080	fbaA			
ANT_3_01392	CDS	1080	fbaA	4.1.2.13	COG0191	Fructose-bisphosphate aldolase class 2
ANT_3_01393	gene	1083	lacI_1			
ANT_3_01393	CDS	1083	lacI_1		COG1609	Lactose operon repressor
ANT_3_01394	gene	3099	lacZ_1			
ANT_3_01394	CDS	3099	lacZ_1	3.2.1.23	COG3250	Beta-galactosidase
ANT_3_01395	gene	1269	lacY_1			
ANT_3_01395	CDS	1269	lacY_1			Lactose permease
ANT_3_01396	gene	882	mscS			
ANT_3_01396	CDS	882	mscS		COG0668	Small-conductance mechanosensitive channel
ANT_3_01397	gene	618	argO			
ANT_3_01397	CDS	618	argO		COG1279	Arginine exporter protein ArgO
ANT_3_01398	gene	720				
ANT_3_01398	CDS	720			COG2968	26 kDa periplasmic immunogenic protein
ANT_3_01399	gene	831	hcaB_1			
ANT_3_01399	CDS	831	hcaB_1	1.3.1.87		3-phenylpropionate-dihydrodiol/cinnamic acid-dihydrodiol dehydrogenase
ANT_3_01400	gene	894	pgrR_3			
ANT_3_01400	CDS	894	pgrR_3			HTH-type transcriptional regulator PgrR
ANT_3_01401	gene	903	argP			
ANT_3_01401	CDS	903	argP		COG0583	HTH-type transcriptional regulator ArgP
ANT_3_01402	gene	663	rpiA			
ANT_3_01402	CDS	663	rpiA	5.3.1.6	COG0120	Ribose-5-phosphate isomerase A
ANT_3_01403	gene	1239	serA			
ANT_3_01403	CDS	1239	serA	1.1.1.95	COG0111	D-3-phosphoglycerate dehydrogenase
ANT_3_01404	gene	426	asr			
ANT_3_01404	CDS	426	asr			Acid shock protein
ANT_3_01405	gene	141				
ANT_3_01405	CDS	141				hypothetical protein
ANT_3_01406	gene	735				
ANT_3_01406	CDS	735				hypothetical protein
ANT_3_01407	gene	330	zapA			
ANT_3_01407	CDS	330	zapA		COG3027	Cell division protein ZapA
ANT_3_01408	gene	579				
ANT_3_01408	CDS	579				hypothetical protein
ANT_3_01409	gene	1317	pepP			
ANT_3_01409	CDS	1317	pepP	3.4.11.9	COG0006	Xaa-Pro aminopeptidase
ANT_3_01410	gene	1179	ubiH			
ANT_3_01410	CDS	1179	ubiH	1.14.13.-	COG0654	2-octaprenyl-6-methoxyphenol hydroxylase
ANT_3_01411	gene	1227	ubiI			
ANT_3_01411	CDS	1227	ubiI	1.14.13.240	COG0654	2-octaprenylphenol hydroxylase
ANT_3_01412	gene	1098	gcvT			
ANT_3_01412	CDS	1098	gcvT	2.1.2.10	COG0404	Aminomethyltransferase
ANT_3_01413	gene	387	gcvH			
ANT_3_01413	CDS	387	gcvH		COG0509	Glycine cleavage system H protein
ANT_3_01414	gene	2874	gcvP			
ANT_3_01414	CDS	2874	gcvP	1.4.4.2	COG0403	Glycine dehydrogenase (decarboxylating)
ANT_3_01415	gene	255				
ANT_3_01415	CDS	255				hypothetical protein
ANT_3_01416	gene	747	ygfF			
ANT_3_01416	CDS	747	ygfF	1.-.-.-		putative oxidoreductase YgfF
ANT_3_01417	gene	2595	mngB			
ANT_3_01417	CDS	2595	mngB	3.2.1.-	COG0383	Mannosylglycerate hydrolase
ANT_3_01418	gene	1128	fruA_2			
ANT_3_01418	CDS	1128	fruA_2		COG1299	PTS system fructose-specific EIIB'BC component
ANT_3_01419	gene	315	mngA			
ANT_3_01419	CDS	315	mngA		COG1299	PTS system 2-O-alpha-mannosyl-D-glycerate-specific EIIABC component
ANT_3_01420	gene	858	srlR_1			
ANT_3_01420	CDS	858	srlR_1		COG1349	Glucitol operon repressor
ANT_3_01421	gene	987	lsrB_1			
ANT_3_01421	CDS	987	lsrB_1			Autoinducer 2-binding protein LsrB
ANT_3_01422	gene	1533	rbsA_1			
ANT_3_01422	CDS	1533	rbsA_1	7.5.2.7	COG1129	Ribose import ATP-binding protein RbsA
ANT_3_01423	gene	990	rbsC_2			
ANT_3_01423	CDS	990	rbsC_2		COG1172	Ribose import permease protein RbsC
ANT_3_01424	gene	1089	lsrD_1			
ANT_3_01424	CDS	1089	lsrD_1			Autoinducer 2 import system permease protein LsrD
ANT_3_01425	gene	681	alsE			
ANT_3_01425	CDS	681	alsE	5.1.3.-	COG0036	D-allulose-6-phosphate 3-epimerase
ANT_3_01426	gene	933	alsK			
ANT_3_01426	CDS	933	alsK	2.7.1.55	COG1940	D-allose kinase
ANT_3_01427	gene	933	rbsK_2			
ANT_3_01427	CDS	933	rbsK_2	2.7.1.15	COG0524	Ribokinase
ANT_3_01428	gene	423				
ANT_3_01428	CDS	423				hypothetical protein
ANT_3_01429	gene	873	ugpA_1			
ANT_3_01429	CDS	873	ugpA_1		COG1175	sn-glycerol-3-phosphate transport system permease protein UgpA
ANT_3_01430	gene	885	lacG			
ANT_3_01430	CDS	885	lacG			Lactose transport system permease protein LacG
ANT_3_01431	gene	828	cpdA_1			
ANT_3_01431	CDS	828	cpdA_1	3.1.4.53		3',5'-cyclic adenosine monophosphate phosphodiesterase CpdA
ANT_3_01432	gene	1104	msmX			
ANT_3_01432	CDS	1104	msmX	7.5.2.-	COG3839	Oligosaccharides import ATP-binding protein MsmX
ANT_3_01433	gene	1332	ugpB_1			
ANT_3_01433	CDS	1332	ugpB_1		COG1653	sn-glycerol-3-phosphate-binding periplasmic protein UgpB
ANT_3_01434	gene	609				
ANT_3_01434	CDS	609				hypothetical protein
ANT_3_01435	gene	645				
ANT_3_01435	CDS	645				hypothetical protein
ANT_3_01436	gene	1281	iucD_1			
ANT_3_01436	CDS	1281	iucD_1	1.14.13.59	COG3486	L-lysine N6-monooxygenase
ANT_3_01437	gene	882	yddE			
ANT_3_01437	CDS	882	yddE	5.1.-.-	COG0384	putative isomerase YddE
ANT_3_01438	gene	699	inhA			
ANT_3_01438	CDS	699	inhA	4.2.1.103		Isonitrile hydratase
ANT_3_01439	gene	1059	hdfR_2			
ANT_3_01439	CDS	1059	hdfR_2			HTH-type transcriptional regulator HdfR
ANT_3_01440	gene	1188	abgB_1			
ANT_3_01440	CDS	1188	abgB_1	3.5.1.-	COG1473	p-aminobenzoyl-glutamate hydrolase subunit B
ANT_3_01441	gene	798	argT_1			
ANT_3_01441	CDS	798	argT_1		COG0834	Lysine/arginine/ornithine-binding periplasmic protein
ANT_3_01442	gene	1686				
ANT_3_01442	CDS	1686				hypothetical protein
ANT_3_01443	gene	555	sutR_2			
ANT_3_01443	CDS	555	sutR_2		COG1396	HTH-type transcriptional regulator SutR
ANT_3_01444	gene	522	pitA_2			
ANT_3_01444	CDS	522	pitA_2	2.3.1.-	COG1247	L-methionine sulfoximine/L-methionine sulfone acetyltransferase
ANT_3_01445	gene	1098	ada			
ANT_3_01445	CDS	1098	ada		COG0350	Bifunctional transcriptional activator/DNA repair enzyme Ada
ANT_3_01446	gene	549	paiA			
ANT_3_01446	CDS	549	paiA	2.3.1.57	COG0454	Spermidine/spermine N(1)-acetyltransferase
ANT_3_01447	gene	705				
ANT_3_01447	CDS	705				hypothetical protein
ANT_3_01448	gene	855	gatY			
ANT_3_01448	CDS	855	gatY	4.1.2.40	COG0191	D-tagatose-1,6-bisphosphate aldolase subunit GatY
ANT_3_01449	gene	1050	gatD			
ANT_3_01449	CDS	1050	gatD	1.1.1.251	COG1063	Galactitol 1-phosphate 5-dehydrogenase
ANT_3_01450	gene	1368	gatC			
ANT_3_01450	CDS	1368	gatC		COG3775	PTS system galactitol-specific EIIC component
ANT_3_01451	gene	285	gatB			
ANT_3_01451	CDS	285	gatB	2.7.1.200	COG3414	PTS system galactitol-specific EIIB component
ANT_3_01452	gene	483	gatA			
ANT_3_01452	CDS	483	gatA		COG1762	PTS system galactitol-specific EIIA component
ANT_3_01453	gene	1296	gatZ			
ANT_3_01453	CDS	1296	gatZ		COG4573	D-tagatose-1,6-bisphosphate aldolase subunit GatZ
ANT_3_01454	gene	783	srlR_2			
ANT_3_01454	CDS	783	srlR_2		COG1349	Glucitol operon repressor
ANT_3_01455	gene	780	argT_2			
ANT_3_01455	CDS	780	argT_2		COG0834	Lysine/arginine/ornithine-binding periplasmic protein
ANT_3_01456	gene	531	ygaP_1			
ANT_3_01456	CDS	531	ygaP_1		COG0607	Inner membrane protein YgaP
ANT_3_01457	gene	138				
ANT_3_01457	CDS	138				hypothetical protein
ANT_3_01458	gene	1074				
ANT_3_01458	CDS	1074				hypothetical protein
ANT_3_01459	gene	573				
ANT_3_01459	CDS	573				hypothetical protein
ANT_3_01460	gene	201				
ANT_3_01460	CDS	201				hypothetical protein
ANT_3_01461	gene	1161				
ANT_3_01461	CDS	1161				hypothetical protein
ANT_3_01462	gene	1461				
ANT_3_01462	CDS	1461				hypothetical protein
ANT_3_01463	gene	864				
ANT_3_01463	CDS	864				hypothetical protein
ANT_3_01464	gene	210				
ANT_3_01464	CDS	210				hypothetical protein
ANT_3_01465	gene	702				
ANT_3_01465	CDS	702				hypothetical protein
ANT_3_01466	gene	1269	intA_1			
ANT_3_01466	CDS	1269	intA_1		COG0582	Prophage integrase IntA
ANT_3_01467	gene	364	ssrA			
ANT_3_01467	tmRNA	364	ssrA			transfer-messenger RNA, SsrA
ANT_3_01468	gene	483	smpB			
ANT_3_01468	CDS	483	smpB		COG0691	SsrA-binding protein
ANT_3_01469	gene	435	pasT			
ANT_3_01469	CDS	435	pasT		COG2867	Persistence and stress-resistance toxin PasT
ANT_3_01470	gene	285				
ANT_3_01470	CDS	285				hypothetical protein
ANT_3_01471	gene	351	bamE			
ANT_3_01471	CDS	351	bamE		COG2913	Outer membrane protein assembly factor BamE
ANT_3_01472	gene	1662	recN			
ANT_3_01472	CDS	1662	recN		COG0497	DNA repair protein RecN
ANT_3_01473	gene	879	nadK			
ANT_3_01473	CDS	879	nadK	2.7.1.23	COG0061	NAD kinase
ANT_3_01474	gene	588	grpE			
ANT_3_01474	CDS	588	grpE		COG0576	Protein GrpE
ANT_3_01475	gene	687	ung			
ANT_3_01475	CDS	687	ung	3.2.2.27	COG0692	Uracil-DNA glycosylase
ANT_3_01476	gene	384	grcA			
ANT_3_01476	CDS	384	grcA			Autonomous glycyl radical cofactor
ANT_3_01477	gene	1329	srmB			
ANT_3_01477	CDS	1329	srmB	3.6.4.13	COG0513	ATP-dependent RNA helicase SrmB
ANT_3_01478	gene	660	yfiC			
ANT_3_01478	CDS	660	yfiC	2.1.1.223	COG4123	tRNA1(Val) (adenine(37)-N6)-methyltransferase
ANT_3_01479	gene	1638	nadB			
ANT_3_01479	CDS	1638	nadB	1.4.3.16	COG0029	L-aspartate oxidase
ANT_3_01480	gene	108				
ANT_3_01480	CDS	108				hypothetical protein
ANT_3_01481	gene	576	rpoE			
ANT_3_01481	CDS	576	rpoE			ECF RNA polymerase sigma-E factor
ANT_3_01482	gene	651	rseA			
ANT_3_01482	CDS	651	rseA			Anti-sigma-E factor RseA
ANT_3_01483	gene	951	rseB			
ANT_3_01483	CDS	951	rseB		COG3026	Sigma-E factor regulatory protein RseB
ANT_3_01484	gene	474	rseC			
ANT_3_01484	CDS	474	rseC		COG3086	Protein RseC
ANT_3_01485	gene	819				
ANT_3_01485	CDS	819				hypothetical protein
ANT_3_01486	gene	1800	lepA			
ANT_3_01486	CDS	1800	lepA	3.6.5.-	COG0481	Elongation factor 4
ANT_3_01487	gene	978	lepB			
ANT_3_01487	CDS	978	lepB	3.4.21.89	COG0681	Signal peptidase I
ANT_3_01488	gene	612	rnc			
ANT_3_01488	CDS	612	rnc	3.1.26.3	COG0571	Ribonuclease 3
ANT_3_01489	gene	906	era			
ANT_3_01489	CDS	906	era		COG1159	GTPase Era
ANT_3_01490	gene	735	recO			
ANT_3_01490	CDS	735	recO		COG1381	DNA repair protein RecO
ANT_3_01491	gene	732	pdxJ			
ANT_3_01491	CDS	732	pdxJ	2.6.99.2	COG0854	Pyridoxine 5'-phosphate synthase
ANT_3_01492	gene	381	acpS			
ANT_3_01492	CDS	381	acpS	2.7.8.7	COG0736	Holo-[acyl-carrier-protein] synthase
ANT_3_01493	gene	255	yfhL			
ANT_3_01493	CDS	255	yfhL		COG1145	Ferredoxin YfhL
ANT_3_01494	gene	849	murR_1			
ANT_3_01494	CDS	849	murR_1		COG1737	HTH-type transcriptional regulator MurR
ANT_3_01495	gene	906	murQ_3			
ANT_3_01495	CDS	906	murQ_3	4.2.1.126	COG2103	N-acetylmuramic acid 6-phosphate etherase
ANT_3_01496	gene	1374				
ANT_3_01496	CDS	1374				PTS system EIIBC component
ANT_3_01497	gene	639	pgpC			
ANT_3_01497	CDS	639	pgpC	3.1.3.27	COG0560	Phosphatidylglycerophosphatase C
ANT_3_01498	gene	1152	adhB_2			
ANT_3_01498	CDS	1152	adhB_2	1.1.1.1		Alcohol dehydrogenase 2
ANT_3_01499	gene	537	tadA			
ANT_3_01499	CDS	537	tadA	3.5.4.33	COG0590	tRNA-specific adenosine deaminase
ANT_3_01500	gene	1431	mltF_1			
ANT_3_01500	CDS	1431	mltF_1	4.2.2.-	COG4623	Membrane-bound lytic murein transglycosylase F
ANT_3_01501	gene	3891	purL			
ANT_3_01501	CDS	3891	purL	6.3.5.3	COG0046	Phosphoribosylformylglycinamidine synthase
ANT_3_01502	gene	612	pagP			
ANT_3_01502	CDS	612	pagP	2.3.1.251		Lipid A palmitoyltransferase PagP
ANT_3_01503	gene	1305	agp_1			
ANT_3_01503	CDS	1305	agp_1	3.1.3.10		Glucose-1-phosphatase
ANT_3_01504	gene	1008				
ANT_3_01504	CDS	1008				hypothetical protein
ANT_3_01505	gene	798				
ANT_3_01505	CDS	798				hypothetical protein
ANT_3_01506	gene	846	sseA			
ANT_3_01506	CDS	846	sseA	2.8.1.2	COG2897	3-mercaptopyruvate sulfurtransferase
ANT_3_01507	gene	549				
ANT_3_01507	CDS	549				hypothetical protein
ANT_3_01508	gene	792				
ANT_3_01508	CDS	792				hypothetical protein
ANT_3_01509	gene	771	COQ5			
ANT_3_01509	CDS	771	COQ5	2.1.1.163		2-methoxy-6-polyprenyl-1,4-benzoquinol methylase, mitochondrial
ANT_3_01510	gene	915	yedI			
ANT_3_01510	CDS	915	yedI		COG2354	Inner membrane protein YedI
ANT_3_01511	gene	276				
ANT_3_01511	CDS	276				hypothetical protein
ANT_3_01512	gene	579	olsG			
ANT_3_01512	CDS	579	olsG	2.1.1.344		Ornithine lipid N-methyltransferase
ANT_3_01513	gene	525	aroL			
ANT_3_01513	CDS	525	aroL	2.7.1.71		Shikimate kinase 2
ANT_3_01514	gene	117				
ANT_3_01514	CDS	117				hypothetical protein
ANT_3_01515	gene	804	xynR			
ANT_3_01515	CDS	804	xynR		COG1414	HTH-type transcriptional regulator XynR
ANT_3_01516	gene	1578				
ANT_3_01516	CDS	1578				hypothetical protein
ANT_3_01517	gene	930				
ANT_3_01517	CDS	930				hypothetical protein
ANT_3_01518	gene	678				
ANT_3_01518	CDS	678				hypothetical protein
ANT_3_01519	gene	327	ppnP			
ANT_3_01519	CDS	327	ppnP	2.4.2.1	COG3123	Pyrimidine/purine nucleoside phosphorylase
ANT_3_01520	gene	915	rdgC			
ANT_3_01520	CDS	915	rdgC		COG2974	Recombination-associated protein RdgC
ANT_3_01521	gene	921	mak			
ANT_3_01521	CDS	921	mak	2.7.1.4	COG1940	Fructokinase
ANT_3_01522	gene	1365	yhdG_2			
ANT_3_01522	CDS	1365	yhdG_2		COG0531	putative amino acid permease YhdG
ANT_3_01523	gene	1314	argD_2			
ANT_3_01523	CDS	1314	argD_2	2.6.1.11	COG4992	Acetylornithine aminotransferase
ANT_3_01524	gene	1011	srkA_2			
ANT_3_01524	CDS	1011	srkA_2	2.7.11.1		Stress response kinase A
ANT_3_01525	gene	1086	virS			
ANT_3_01525	CDS	1086	virS			HTH-type transcriptional regulator VirS
ANT_3_01526	gene	822	tauB			
ANT_3_01526	CDS	822	tauB	7.6.2.7	COG4525	Taurine import ATP-binding protein TauB
ANT_3_01527	gene	765	ssuC_1			
ANT_3_01527	CDS	765	ssuC_1		COG0600	Putative aliphatic sulfonates transport permease protein SsuC
ANT_3_01528	gene	1023	ssuA_1			
ANT_3_01528	CDS	1023	ssuA_1		COG0715	Putative aliphatic sulfonates-binding protein
ANT_3_01529	gene	3249	smc			
ANT_3_01529	CDS	3249	smc			Chromosome partition protein Smc
ANT_3_01530	gene	1239	sbcD			
ANT_3_01530	CDS	1239	sbcD		COG0420	Nuclease SbcCD subunit D
ANT_3_01531	gene	690	phoB			
ANT_3_01531	CDS	690	phoB		COG0745	Phosphate regulon transcriptional regulatory protein PhoB
ANT_3_01532	gene	1320	phoR			
ANT_3_01532	CDS	1320	phoR	2.7.13.3		Phosphate regulon sensor protein PhoR
ANT_3_01533	gene	1104	metE_1			
ANT_3_01533	CDS	1104	metE_1	2.1.1.14		5-methyltetrahydropteroyltriglutamate--homocysteine methyltransferase
ANT_3_01534	gene	1320	brnQ			
ANT_3_01534	CDS	1320	brnQ		COG1114	Branched-chain amino acid transport system 2 carrier protein
ANT_3_01535	gene	1431	proY			
ANT_3_01535	CDS	1431	proY		COG1113	Proline-specific permease ProY
ANT_3_01536	gene	1764	ggt			
ANT_3_01536	CDS	1764	ggt	3.4.19.13		Glutathione hydrolase proenzyme
ANT_3_01537	gene	603	ahpC			
ANT_3_01537	CDS	603	ahpC	1.11.1.15	COG0450	Alkyl hydroperoxide reductase C
ANT_3_01538	gene	672	acpH			
ANT_3_01538	CDS	672	acpH	3.1.4.14	COG3124	Acyl carrier protein phosphodiesterase
ANT_3_01539	gene	1071	queA			
ANT_3_01539	CDS	1071	queA	2.4.99.17	COG0809	S-adenosylmethionine:tRNA ribosyltransferase-isomerase
ANT_3_01540	gene	1125	tgt			
ANT_3_01540	CDS	1125	tgt	2.4.2.29	COG0343	Queuine tRNA-ribosyltransferase
ANT_3_01541	gene	333	yajC			
ANT_3_01541	CDS	333	yajC		COG1862	Sec translocon accessory complex subunit YajC
ANT_3_01542	gene	1815	secD			
ANT_3_01542	CDS	1815	secD		COG0342	Protein translocase subunit SecD
ANT_3_01543	gene	972	secF			
ANT_3_01543	CDS	972	secF		COG0341	Protein translocase subunit SecF
ANT_3_01544	gene	552	yajI			
ANT_3_01544	CDS	552	yajI			putative lipoprotein YajI
ANT_3_01545	gene	450	nrdR			
ANT_3_01545	CDS	450	nrdR		COG1327	Transcriptional repressor NrdR
ANT_3_01546	gene	1140	ribD			
ANT_3_01546	CDS	1140	ribD		COG0117	Riboflavin biosynthesis protein RibD
ANT_3_01547	gene	471	ribE			
ANT_3_01547	CDS	471	ribE	2.5.1.78	COG0054	6,7-dimethyl-8-ribityllumazine synthase
ANT_3_01548	gene	414	nusB			
ANT_3_01548	CDS	414	nusB		COG0781	Transcription antitermination protein NusB
ANT_3_01549	gene	987	thiL			
ANT_3_01549	CDS	987	thiL	2.7.4.16	COG0611	Thiamine-monophosphate kinase
ANT_3_01550	gene	555	pgpA			
ANT_3_01550	CDS	555	pgpA	3.1.3.27	COG1267	Phosphatidylglycerophosphatase A
ANT_3_01551	gene	975	yajO_2			
ANT_3_01551	CDS	975	yajO_2	1.1.-.-	COG0667	1-deoxyxylulose-5-phosphate synthase YajO
ANT_3_01552	gene	1863	dxs			
ANT_3_01552	CDS	1863	dxs	2.2.1.7	COG1154	1-deoxy-D-xylulose-5-phosphate synthase
ANT_3_01553	gene	930	ispA			
ANT_3_01553	CDS	930	ispA	2.5.1.10	COG0142	Farnesyl diphosphate synthase
ANT_3_01554	gene	243	xseB			
ANT_3_01554	CDS	243	xseB	3.1.11.6	COG1722	Exodeoxyribonuclease 7 small subunit
ANT_3_01555	gene	1449	thiI			
ANT_3_01555	CDS	1449	thiI	2.8.1.4	COG0301	tRNA sulfurtransferase
ANT_3_01556	gene	609	yajL			
ANT_3_01556	CDS	609	yajL	3.1.2.-	COG0693	Protein/nucleic acid deglycase 3
ANT_3_01557	gene	912	panE			
ANT_3_01557	CDS	912	panE	1.1.1.169	COG1893	2-dehydropantoate 2-reductase
ANT_3_01558	gene	492				
ANT_3_01558	CDS	492				hypothetical protein
ANT_3_01559	gene	1299	yteT			
ANT_3_01559	CDS	1299	yteT	1.-.-.-	COG0673	Putative oxidoreductase YteT
ANT_3_01560	gene	1365	yajR			
ANT_3_01560	CDS	1365	yajR		COG0477	Inner membrane transport protein YajR
ANT_3_01561	gene	885	cyoE			
ANT_3_01561	CDS	885	cyoE	2.5.1.141	COG0109	Protoheme IX farnesyltransferase
ANT_3_01562	gene	333	cyoD			
ANT_3_01562	CDS	333	cyoD		COG3125	Cytochrome bo(3) ubiquinol oxidase subunit 4
ANT_3_01563	gene	615	cyoC			
ANT_3_01563	CDS	615	cyoC		COG1845	Cytochrome bo(3) ubiquinol oxidase subunit 3
ANT_3_01564	gene	1992	cyoB			
ANT_3_01564	CDS	1992	cyoB	7.1.1.3	COG0843	Cytochrome bo(3) ubiquinol oxidase subunit 1
ANT_3_01565	gene	960	cyoA			
ANT_3_01565	CDS	960	cyoA		COG1622	Cytochrome bo(3) ubiquinol oxidase subunit 2
ANT_3_01566	gene	1479	ampG			
ANT_3_01566	CDS	1479	ampG		COG0477	Anhydromuropeptide permease
ANT_3_01567	gene	579				
ANT_3_01567	CDS	579				hypothetical protein
ANT_3_01568	gene	315	bolA			
ANT_3_01568	CDS	315	bolA		COG0271	DNA-binding transcriptional regulator BolA
ANT_3_01569	gene	1305	tig			
ANT_3_01569	CDS	1305	tig	5.2.1.8	COG0544	Trigger factor
ANT_3_01570	gene	624	clpP_2			
ANT_3_01570	CDS	624	clpP_2	3.4.21.92	COG0740	ATP-dependent Clp protease proteolytic subunit
ANT_3_01571	gene	1275	clpX			
ANT_3_01571	CDS	1275	clpX		COG1219	ATP-dependent Clp protease ATP-binding subunit ClpX
ANT_3_01572	gene	2355	lon_1			
ANT_3_01572	CDS	2355	lon_1	3.4.21.53	COG0466	Lon protease
ANT_3_01573	gene	285	hupB			
ANT_3_01573	CDS	285	hupB		COG0776	DNA-binding protein HU-beta
ANT_3_01574	gene	1881	ppiD			
ANT_3_01574	CDS	1881	ppiD	5.2.1.8	COG0760	Peptidyl-prolyl cis-trans isomerase D
ANT_3_01575	gene	384				
ANT_3_01575	CDS	384			COG1555	putative protein
ANT_3_01576	gene	402	fadM			
ANT_3_01576	CDS	402	fadM	3.1.2.-	COG0824	Long-chain acyl-CoA thioesterase FadM
ANT_3_01577	gene	699	queC			
ANT_3_01577	CDS	699	queC	6.3.4.20	COG0603	7-cyano-7-deazaguanine synthase
ANT_3_01578	gene	1713	sgrR_2			
ANT_3_01578	CDS	1713	sgrR_2		COG4533	HTH-type transcriptional regulator SgrR
ANT_3_01579	gene	822	cof			
ANT_3_01579	CDS	822	cof	3.6.1.-	COG0561	HMP-PP phosphatase
ANT_3_01580	gene	1044	sbnA			
ANT_3_01580	CDS	1044	sbnA	2.5.1.140		N-(2-amino-2-carboxyethyl)-L-glutamate synthase
ANT_3_01581	gene	456	decR			
ANT_3_01581	CDS	456	decR		COG1522	DNA-binding transcriptional activator DecR
ANT_3_01582	gene	1764	yheI			
ANT_3_01582	CDS	1764	yheI	3.6.3.-	COG1132	putative multidrug resistance ABC transporter ATP-binding/permease protein YheI
ANT_3_01583	gene	1800	mdlB_1			
ANT_3_01583	CDS	1800	mdlB_1	7.6.2.2	COG1132	Multidrug resistance-like ATP-binding protein MdlB
ANT_3_01584	gene	339	glnK			
ANT_3_01584	CDS	339	glnK		COG0347	Nitrogen regulatory protein P-II 2
ANT_3_01585	gene	1290	amtB			
ANT_3_01585	CDS	1290	amtB			Ammonia channel
ANT_3_01586	gene	867	tesB			
ANT_3_01586	CDS	867	tesB	3.1.2.-	COG1946	Acyl-CoA thioesterase 2
ANT_3_01587	gene	579				
ANT_3_01587	CDS	579				hypothetical protein
ANT_3_01588	gene	309	atl			
ANT_3_01588	CDS	309	atl		COG3695	DNA base-flipping protein
ANT_3_01589	gene	423				
ANT_3_01589	CDS	423				hypothetical protein
ANT_3_01590	gene	1350	adeQ			
ANT_3_01590	CDS	1350	adeQ		COG2252	Adenine permease AdeQ
ANT_3_01591	gene	1782	ade2			
ANT_3_01591	CDS	1782	ade2	3.5.4.2	COG1001	Adenine deaminase 2
ANT_3_01592	gene	948	oxyR_2			
ANT_3_01592	CDS	948	oxyR_2			Hydrogen peroxide-inducible genes activator
ANT_3_01593	gene	204	ymoA			
ANT_3_01593	CDS	204	ymoA			Modulating protein YmoA
ANT_3_01594	gene	369	tomB			
ANT_3_01594	CDS	369	tomB			Hha toxicity modulator TomB
ANT_3_01595	gene	354				
ANT_3_01595	CDS	354				hypothetical protein
ANT_3_01596	gene	861	btuD_3			
ANT_3_01596	CDS	861	btuD_3	7.6.2.8		Vitamin B12 import ATP-binding protein BtuD
ANT_3_01597	gene	858	mntB_1			
ANT_3_01597	CDS	858	mntB_1			Manganese transport system membrane protein MntB
ANT_3_01598	gene	879	mntA_1			
ANT_3_01598	CDS	879	mntA_1		COG0803	Manganese-binding lipoprotein MntA
ANT_3_01599	gene	255	rpmE2			
ANT_3_01599	CDS	255	rpmE2		COG0254	50S ribosomal protein L31 type B
ANT_3_01600	gene	3153	acrB_1			
ANT_3_01600	CDS	3153	acrB_1		COG0841	Multidrug efflux pump subunit AcrB
ANT_3_01601	gene	1176	acrA_1			
ANT_3_01601	CDS	1176	acrA_1			Multidrug efflux pump subunit AcrA
ANT_3_01602	gene	636	acrR			
ANT_3_01602	CDS	636	acrR		COG1309	HTH-type transcriptional regulator AcrR
ANT_3_01603	gene	3396	mscK			
ANT_3_01603	CDS	3396	mscK		COG3264	Mechanosensitive channel MscK
ANT_3_01604	gene	186				
ANT_3_01604	CDS	186				hypothetical protein
ANT_3_01605	gene	537	priC			
ANT_3_01605	CDS	537	priC		COG3923	Primosomal replication protein N''
ANT_3_01606	gene	369	ybaN			
ANT_3_01606	CDS	369	ybaN		COG2832	Inner membrane protein YbaN
ANT_3_01607	gene	552	apt			
ANT_3_01607	CDS	552	apt	2.4.2.7		Adenine phosphoribosyltransferase
ANT_3_01608	gene	1965	dnaX			
ANT_3_01608	CDS	1965	dnaX	2.7.7.7	COG2812	DNA polymerase III subunit tau
ANT_3_01609	gene	330	ybaB			
ANT_3_01609	CDS	330	ybaB		COG0718	Nucleoid-associated protein YbaB
ANT_3_01610	gene	606	recR			
ANT_3_01610	CDS	606	recR		COG0353	Recombination protein RecR
ANT_3_01611	gene	1872	htpG			
ANT_3_01611	CDS	1872	htpG		COG0326	Chaperone protein HtpG
ANT_3_01612	gene	645	adk			
ANT_3_01612	CDS	645	adk	2.7.4.3	COG0563	Adenylate kinase
ANT_3_01613	gene	963	hemH			
ANT_3_01613	CDS	963	hemH	4.99.1.1	COG0276	Ferrochelatase
ANT_3_01614	gene	1320	gsk			
ANT_3_01614	CDS	1320	gsk	2.7.1.73	COG0524	Inosine-guanosine kinase
ANT_3_01615	gene	435				
ANT_3_01615	CDS	435				hypothetical protein
ANT_3_01616	gene	150				
ANT_3_01616	CDS	150				hypothetical protein
ANT_3_01617	gene	1692	ybaL			
ANT_3_01617	CDS	1692	ybaL		COG1226	Putative cation/proton antiporter YbaL
ANT_3_01618	gene	1218	fsr			
ANT_3_01618	CDS	1218	fsr			Fosmidomycin resistance protein
ANT_3_01619	gene	480	ybaK			
ANT_3_01619	CDS	480	ybaK	4.2.-.-	COG2606	Cys-tRNA(Pro)/Cys-tRNA(Cys) deacylase YbaK
ANT_3_01620	gene	798				
ANT_3_01620	CDS	798				hypothetical protein
ANT_3_01621	gene	2550	copA			
ANT_3_01621	CDS	2550	copA	7.2.2.8	COG2217	Copper-exporting P-type ATPase
ANT_3_01622	gene	933				
ANT_3_01622	CDS	933				hypothetical protein
ANT_3_01623	gene	786	cysW_2			
ANT_3_01623	CDS	786	cysW_2		COG4208	Sulfate transport system permease protein CysW
ANT_3_01624	gene	402	cueR			
ANT_3_01624	CDS	402	cueR		COG0789	HTH-type transcriptional regulator CueR
ANT_3_01625	gene	456	ybbJ			
ANT_3_01625	CDS	456	ybbJ		COG1585	Inner membrane protein YbbJ
ANT_3_01626	gene	921	qmcA			
ANT_3_01626	CDS	921	qmcA		COG0330	Protein QmcA
ANT_3_01627	gene	858	cnoX			
ANT_3_01627	CDS	858	cnoX		COG3118	Chaperedoxin
ANT_3_01628	gene	777	sadH			
ANT_3_01628	CDS	777	sadH	1.-.-.-		Putative oxidoreductase SadH
ANT_3_01629	gene	588	tesA			
ANT_3_01629	CDS	588	tesA	3.1.2.2	COG2755	Thioesterase 1/protease 1/lysophospholipase L1
ANT_3_01630	gene	687	lolD_1			
ANT_3_01630	CDS	687	lolD_1	3.6.3.-	COG1136	Lipoprotein-releasing system ATP-binding protein LolD
ANT_3_01631	gene	2433				
ANT_3_01631	CDS	2433				hypothetical protein
ANT_3_01632	gene	1065	purK			
ANT_3_01632	CDS	1065	purK	6.3.4.18	COG0026	N5-carboxyaminoimidazole ribonucleotide synthase
ANT_3_01633	gene	510	purE			
ANT_3_01633	CDS	510	purE	5.4.99.18	COG0041	N5-carboxyaminoimidazole ribonucleotide mutase
ANT_3_01634	gene	180				
ANT_3_01634	CDS	180				hypothetical protein
ANT_3_01635	gene	633				
ANT_3_01635	CDS	633				hypothetical protein
ANT_3_01636	gene	723	lpxH_1			
ANT_3_01636	CDS	723	lpxH_1	3.6.1.54	COG2908	UDP-2,3-diacylglucosamine hydrolase
ANT_3_01637	gene	495	ppiB			
ANT_3_01637	CDS	495	ppiB	5.2.1.8	COG0652	Peptidyl-prolyl cis-trans isomerase B
ANT_3_01638	gene	1392	cysS			
ANT_3_01638	CDS	1392	cysS	6.1.1.16	COG0215	Cysteine--tRNA ligase
ANT_3_01639	gene	873	alkA			
ANT_3_01639	CDS	873	alkA	3.2.2.21	COG0122	DNA-3-methyladenine glycosylase 2
ANT_3_01640	gene	2271				
ANT_3_01640	CDS	2271				hypothetical protein
ANT_3_01641	gene	1440				
ANT_3_01641	CDS	1440				hypothetical protein
ANT_3_01642	gene	372				
ANT_3_01642	CDS	372				hypothetical protein
ANT_3_01643	gene	2244	pdeF			
ANT_3_01643	CDS	2244	pdeF	3.1.4.52		Cyclic di-GMP phosphodiesterase PdeF
ANT_3_01644	gene	1545	ppx			
ANT_3_01644	CDS	1545	ppx	3.6.1.11	COG0248	Exopolyphosphatase
ANT_3_01645	gene	2070	ppk			
ANT_3_01645	CDS	2070	ppk	2.7.4.1	COG0855	Polyphosphate kinase
ANT_3_01646	gene	117				
ANT_3_01646	CDS	117				hypothetical protein
ANT_3_01647	gene	576	speG			
ANT_3_01647	CDS	576	speG	2.3.1.57	COG1670	Spermidine N(1)-acetyltransferase
ANT_3_01648	gene	639	purN			
ANT_3_01648	CDS	639	purN	2.1.2.2	COG0299	Phosphoribosylglycinamide formyltransferase
ANT_3_01649	gene	1038	purM			
ANT_3_01649	CDS	1038	purM	6.3.3.1	COG0150	Phosphoribosylformylglycinamidine cyclo-ligase
ANT_3_01650	gene	627	upp			
ANT_3_01650	CDS	627	upp	2.4.2.9	COG0035	Uracil phosphoribosyltransferase
ANT_3_01651	gene	1293	uraA			
ANT_3_01651	CDS	1293	uraA		COG2233	Uracil permease
ANT_3_01652	gene	708	hda			
ANT_3_01652	CDS	708	hda		COG0593	DnaA regulatory inactivator Hda
ANT_3_01653	gene	357	yfgD			
ANT_3_01653	CDS	357	yfgD		COG1393	putative protein YfgD
ANT_3_01654	gene	1539	bepA			
ANT_3_01654	CDS	1539	bepA	3.4.-.-	COG4783	Beta-barrel assembly-enhancing protease
ANT_3_01655	gene	1065				
ANT_3_01655	CDS	1065			COG0628	Putative transport protein
ANT_3_01656	gene	468	bcp			
ANT_3_01656	CDS	468	bcp	1.11.1.15	COG1225	Peroxiredoxin Bcp
ANT_3_01657	gene	567	gcvR			
ANT_3_01657	CDS	567	gcvR		COG2716	Glycine cleavage system transcriptional repressor
ANT_3_01658	gene	882	dapA_2			
ANT_3_01658	CDS	882	dapA_2	4.3.3.7	COG0329	4-hydroxy-tetrahydrodipicolinate synthase
ANT_3_01659	gene	1080	bamC			
ANT_3_01659	CDS	1080	bamC		COG3317	Outer membrane protein assembly factor BamC
ANT_3_01660	gene	714	purC			
ANT_3_01660	CDS	714	purC	6.3.2.6	COG0152	Phosphoribosylaminoimidazole-succinocarboxamide synthase
ANT_3_01661	gene	879				
ANT_3_01661	CDS	879				hypothetical protein
ANT_3_01662	gene	453				
ANT_3_01662	CDS	453				hypothetical protein
ANT_3_01663	gene	2040	tmcA			
ANT_3_01663	CDS	2040	tmcA	2.3.1.193	COG1444	tRNA(Met) cytidine acetyltransferase TmcA
ANT_3_01664	gene	651				
ANT_3_01664	CDS	651				hypothetical protein
ANT_3_01665	gene	1101	serC_1			
ANT_3_01665	CDS	1101	serC_1	2.6.1.52		Phosphoserine aminotransferase
ANT_3_01666	gene	1281				
ANT_3_01666	CDS	1281				hypothetical protein
ANT_3_01667	gene	186				
ANT_3_01667	CDS	186				hypothetical protein
ANT_3_01668	gene	675				
ANT_3_01668	CDS	675				hypothetical protein
ANT_3_01669	gene	1128	dapE_2			
ANT_3_01669	CDS	1128	dapE_2	3.5.1.18	COG0624	Succinyl-diaminopimelate desuccinylase
ANT_3_01670	gene	384	yffB			
ANT_3_01670	CDS	384	yffB		COG1393	Protein YffB
ANT_3_01671	gene	3156	acrB_2			
ANT_3_01671	CDS	3156	acrB_2		COG0841	Multidrug efflux pump subunit AcrB
ANT_3_01672	gene	291				
ANT_3_01672	CDS	291				hypothetical protein
ANT_3_01673	gene	591	nudK			
ANT_3_01673	CDS	591	nudK	3.6.1.-		GDP-mannose pyrophosphatase NudK
ANT_3_01674	gene	1176				
ANT_3_01674	CDS	1176				hypothetical protein
ANT_3_01675	gene	1071				
ANT_3_01675	CDS	1071				hypothetical protein
ANT_3_01676	gene	219	ybcJ			
ANT_3_01676	CDS	219	ybcJ		COG2501	putative protein YbcJ
ANT_3_01677	gene	873	folD			
ANT_3_01677	CDS	873	folD		COG0190	Bifunctional protein FolD protein
ANT_3_01678	gene	912				
ANT_3_01678	CDS	912		1.1.1.-		L-2-hydroxyisocaproate dehydrogenase
ANT_3_01679	gene	77				
ANT_3_01679	tRNA	77				tRNA-Arg(tct)
ANT_3_01680	gene	165				
ANT_3_01680	CDS	165				hypothetical protein
ANT_3_01681	gene	1062				
ANT_3_01681	CDS	1062				hypothetical protein
ANT_3_01682	gene	1776				
ANT_3_01682	CDS	1776				hypothetical protein
ANT_3_01683	gene	522				
ANT_3_01683	CDS	522				hypothetical protein
ANT_3_01684	gene	3333				
ANT_3_01684	CDS	3333				hypothetical protein
ANT_3_01685	gene	1143				
ANT_3_01685	CDS	1143				hypothetical protein
ANT_3_01686	gene	264				
ANT_3_01686	CDS	264				hypothetical protein
ANT_3_01687	gene	2301				
ANT_3_01687	CDS	2301				hypothetical protein
ANT_3_01688	gene	561				
ANT_3_01688	CDS	561				hypothetical protein
ANT_3_01689	gene	567				
ANT_3_01689	CDS	567				hypothetical protein
ANT_3_01690	gene	486				
ANT_3_01690	CDS	486				hypothetical protein
ANT_3_01691	gene	777				
ANT_3_01691	CDS	777				hypothetical protein
ANT_3_01692	gene	2388				
ANT_3_01692	CDS	2388				hypothetical protein
ANT_3_01693	gene	645				
ANT_3_01693	CDS	645				hypothetical protein
ANT_3_01694	gene	429				
ANT_3_01694	CDS	429				hypothetical protein
ANT_3_01695	gene	540	yagU			
ANT_3_01695	CDS	540	yagU		COG3477	Inner membrane protein YagU
ANT_3_01696	gene	1416	araE_1			
ANT_3_01696	CDS	1416	araE_1			Arabinose-proton symporter
ANT_3_01697	gene	555				
ANT_3_01697	CDS	555		2.3.1.-		Putative acetyltransferase
ANT_3_01698	gene	762				
ANT_3_01698	CDS	762				hypothetical protein
ANT_3_01699	gene	1305				
ANT_3_01699	CDS	1305				hypothetical protein
ANT_3_01700	gene	753				
ANT_3_01700	CDS	753				hypothetical protein
ANT_3_01701	gene	894	pgrR_4			
ANT_3_01701	CDS	894	pgrR_4			HTH-type transcriptional regulator PgrR
ANT_3_01702	gene	339	soxS			
ANT_3_01702	CDS	339	soxS			Regulatory protein SoxS
ANT_3_01703	gene	1152	acrA_2			
ANT_3_01703	CDS	1152	acrA_2			Multidrug efflux pump subunit AcrA
ANT_3_01704	gene	3126	acrB_3			
ANT_3_01704	CDS	3126	acrB_3		COG0841	Multidrug efflux pump subunit AcrB
ANT_3_01705	gene	789				
ANT_3_01705	CDS	789				hypothetical protein
ANT_3_01706	gene	483				
ANT_3_01706	CDS	483				hypothetical protein
ANT_3_01707	gene	1056	adhA_1			
ANT_3_01707	CDS	1056	adhA_1	1.1.1.-	COG1064	putative formaldehyde dehydrogenase AdhA
ANT_3_01708	gene	918				
ANT_3_01708	CDS	918				hypothetical protein
ANT_3_01709	gene	921	pstS_2			
ANT_3_01709	CDS	921	pstS_2		COG0226	Phosphate-binding protein PstS
ANT_3_01710	gene	852				
ANT_3_01710	CDS	852				hypothetical protein
ANT_3_01711	gene	90				
ANT_3_01711	CDS	90				hypothetical protein
ANT_3_01712	gene	2196	fatA_2			
ANT_3_01712	CDS	2196	fatA_2			Ferric-anguibactin receptor FatA
ANT_3_01713	gene	1077	dgcC_1			
ANT_3_01713	CDS	1077	dgcC_1	2.7.7.65		putative diguanylate cyclase DgcC
ANT_3_01714	gene	348				
ANT_3_01714	CDS	348				hypothetical protein
ANT_3_01715	gene	519				
ANT_3_01715	CDS	519				hypothetical protein
ANT_3_01716	gene	246	iraM			
ANT_3_01716	CDS	246	iraM			Anti-adapter protein IraM
ANT_3_01717	gene	2097				
ANT_3_01717	CDS	2097				hypothetical protein
ANT_3_01718	gene	1131	btuF			
ANT_3_01718	CDS	1131	btuF			Vitamin B12-binding protein
ANT_3_01719	gene	120				
ANT_3_01719	CDS	120				hypothetical protein
ANT_3_01720	gene	753				
ANT_3_01720	CDS	753				hypothetical protein
ANT_3_01721	gene	210	cspE_1			
ANT_3_01721	CDS	210	cspE_1			Cold shock-like protein CspE
ANT_3_01722	gene	1188	bcr_2			
ANT_3_01722	CDS	1188	bcr_2			Bicyclomycin resistance protein
ANT_3_01723	gene	657	betI_3			
ANT_3_01723	CDS	657	betI_3			HTH-type transcriptional regulator BetI
ANT_3_01724	gene	384	crcB			
ANT_3_01724	CDS	384	crcB		COG0239	Putative fluoride ion transporter CrcB
ANT_3_01725	gene	432				
ANT_3_01725	CDS	432				hypothetical protein
ANT_3_01726	gene	1347	ptsJ			
ANT_3_01726	CDS	1347	ptsJ		COG1167	Vitamin B6 salvage pathway transcriptional repressor PtsJ
ANT_3_01727	gene	1065				
ANT_3_01727	CDS	1065				hypothetical protein
ANT_3_01728	gene	795	ybeM			
ANT_3_01728	CDS	795	ybeM	3.5.1.128		Deaminated glutathione amidase
ANT_3_01729	gene	909	fliY_1			
ANT_3_01729	CDS	909	fliY_1		COG0834	L-cystine-binding protein FliY
ANT_3_01730	gene	984				
ANT_3_01730	CDS	984				hypothetical protein
ANT_3_01731	gene	798	glnQ_2			
ANT_3_01731	CDS	798	glnQ_2	3.6.3.-	COG1126	Glutamine transport ATP-binding protein GlnQ
ANT_3_01732	gene	1065	dgcC_2			
ANT_3_01732	CDS	1065	dgcC_2	2.7.7.65		putative diguanylate cyclase DgcC
ANT_3_01733	gene	204	tatA_1			
ANT_3_01733	CDS	204	tatA_1		COG1826	Sec-independent protein translocase protein TatA
ANT_3_01734	gene	966	lipA			
ANT_3_01734	CDS	966	lipA	2.8.1.8	COG0320	Lipoyl synthase
ANT_3_01735	gene	939	ybdO_2			
ANT_3_01735	CDS	939	ybdO_2			putative HTH-type transcriptional regulator YbdO
ANT_3_01736	gene	606	lipB			
ANT_3_01736	CDS	606	lipB	2.3.1.181	COG0321	Octanoyltransferase
ANT_3_01737	gene	264				
ANT_3_01737	CDS	264				hypothetical protein
ANT_3_01738	gene	1209	dacA			
ANT_3_01738	CDS	1209	dacA	3.4.16.4	COG1686	D-alanyl-D-alanine carboxypeptidase DacA
ANT_3_01739	gene	1149	rlpA			
ANT_3_01739	CDS	1149	rlpA	4.2.2.-	COG0797	Endolytic peptidoglycan transglycosylase RlpA
ANT_3_01740	gene	1113	mrdB			
ANT_3_01740	CDS	1113	mrdB	2.4.1.129	COG0772	Peptidoglycan glycosyltransferase MrdB
ANT_3_01741	gene	1905	mrdA_2			
ANT_3_01741	CDS	1905	mrdA_2	3.4.16.4	COG0768	Peptidoglycan D,D-transpeptidase MrdA
ANT_3_01742	gene	438	rlmH			
ANT_3_01742	CDS	438	rlmH	2.1.1.177	COG1576	Ribosomal RNA large subunit methyltransferase H
ANT_3_01743	gene	399	rsfS			
ANT_3_01743	CDS	399	rsfS			Ribosomal silencing factor RsfS
ANT_3_01744	gene	678	nadD			
ANT_3_01744	CDS	678	nadD	2.7.7.18	COG1057	Nicotinate-nucleotide adenylyltransferase
ANT_3_01745	gene	1041	holA			
ANT_3_01745	CDS	1041	holA	2.7.7.7	COG1466	DNA polymerase III subunit delta
ANT_3_01746	gene	639	lptE			
ANT_3_01746	CDS	639	lptE		COG2980	LPS-assembly lipoprotein LptE
ANT_3_01747	gene	2583	leuS			
ANT_3_01747	CDS	2583	leuS	6.1.1.4	COG0495	Leucine--tRNA ligase
ANT_3_01748	gene	498				
ANT_3_01748	CDS	498				hypothetical protein
ANT_3_01749	gene	726	glnQ_3			
ANT_3_01749	CDS	726	glnQ_3	3.6.3.-	COG1126	Glutamine transport ATP-binding protein GlnQ
ANT_3_01750	gene	678	gltK			
ANT_3_01750	CDS	678	gltK		COG0765	Glutamate/aspartate import permease protein GltK
ANT_3_01751	gene	741	gltJ_2			
ANT_3_01751	CDS	741	gltJ_2		COG0765	Glutamate/aspartate import permease protein GltJ
ANT_3_01752	gene	897	gltI			
ANT_3_01752	CDS	897	gltI		COG0834	Glutamate/aspartate import solute-binding protein
ANT_3_01753	gene	1530	lnt			
ANT_3_01753	CDS	1530	lnt	2.3.1.269	COG0815	Apolipoprotein N-acyltransferase
ANT_3_01754	gene	879	corC			
ANT_3_01754	CDS	879	corC		COG4535	Magnesium and cobalt efflux protein CorC
ANT_3_01755	gene	474	ybeY			
ANT_3_01755	CDS	474	ybeY	3.1.-.-	COG0319	Endoribonuclease YbeY
ANT_3_01756	gene	1059	ybeZ			
ANT_3_01756	CDS	1059	ybeZ		COG1702	PhoH-like protein
ANT_3_01757	gene	1479	miaB			
ANT_3_01757	CDS	1479	miaB	2.8.4.3	COG0621	tRNA-2-methylthio-N(6)-dimethylallyladenosine synthase
ANT_3_01758	gene	1185	ubiF			
ANT_3_01758	CDS	1185	ubiF	1.14.99.60	COG0654	3-demethoxyubiquinol 3-hydroxylase
ANT_3_01759	gene	75				
ANT_3_01759	tRNA	75				tRNA-Gln(ctg)
ANT_3_01760	gene	77				
ANT_3_01760	tRNA	77				tRNA-Met(cat)
ANT_3_01761	gene	75				
ANT_3_01761	tRNA	75				tRNA-Gln(ttg)
ANT_3_01762	gene	75				
ANT_3_01762	tRNA	75				tRNA-Gln(ttg)
ANT_3_01763	gene	85				
ANT_3_01763	tRNA	85				tRNA-Leu(tag)
ANT_3_01764	gene	77				
ANT_3_01764	tRNA	77				tRNA-Met(cat)
ANT_3_01765	gene	1665	asnB			
ANT_3_01765	CDS	1665	asnB	6.3.5.4	COG0367	Asparagine synthetase B [glutamine-hydrolyzing]
ANT_3_01766	gene	648	nagD			
ANT_3_01766	CDS	648	nagD	3.1.3.5	COG0647	Ribonucleotide monophosphatase NagD
ANT_3_01767	gene	1224	nagC_1			
ANT_3_01767	CDS	1224	nagC_1		COG1940	N-acetylglucosamine repressor
ANT_3_01768	gene	1140	nagA_1			
ANT_3_01768	CDS	1140	nagA_1	3.5.1.25	COG1820	N-acetylglucosamine-6-phosphate deacetylase
ANT_3_01769	gene	801	nagB_1			
ANT_3_01769	CDS	801	nagB_1	3.5.99.6	COG0363	Glucosamine-6-phosphate deaminase
ANT_3_01770	gene	1947	nagE			
ANT_3_01770	CDS	1947	nagE		COG1263	PTS system N-acetylglucosamine-specific EIICBA component
ANT_3_01771	gene	1671	glnS			
ANT_3_01771	CDS	1671	glnS	6.1.1.18	COG0008	Glutamine--tRNA ligase
ANT_3_01772	gene	1464	chiP			
ANT_3_01772	CDS	1464	chiP			Chitoporin
ANT_3_01773	gene	342	chiQ			
ANT_3_01773	CDS	342	chiQ			putative lipoprotein ChiQ
ANT_3_01774	gene	456	fur			
ANT_3_01774	CDS	456	fur		COG0735	Ferric uptake regulation protein
ANT_3_01775	gene	528	fldA			
ANT_3_01775	CDS	528	fldA		COG0716	Flavodoxin
ANT_3_01776	gene	1665	tar			
ANT_3_01776	CDS	1665	tar		COG0840	Methyl-accepting chemotaxis protein II
ANT_3_01777	gene	327	ybfE			
ANT_3_01777	CDS	327	ybfE			putative protein YbfE
ANT_3_01778	gene	801	ybfF			
ANT_3_01778	CDS	801	ybfF	3.1.-.-	COG0596	Esterase YbfF
ANT_3_01779	gene	552	seqA			
ANT_3_01779	CDS	552	seqA		COG3057	Negative modulator of initiation of replication
ANT_3_01780	gene	1644	pgm			
ANT_3_01780	CDS	1644	pgm	5.4.2.2	COG0033	Phosphoglucomutase
ANT_3_01781	gene	741				
ANT_3_01781	CDS	741				hypothetical protein
ANT_3_01782	gene	690	kdpE			
ANT_3_01782	CDS	690	kdpE		COG0745	KDP operon transcriptional regulatory protein KdpE
ANT_3_01783	gene	2700	kdpD			
ANT_3_01783	CDS	2700	kdpD	2.7.13.3	COG2205	Sensor protein KdpD
ANT_3_01784	gene	597	kdpC			
ANT_3_01784	CDS	597	kdpC		COG2156	Potassium-transporting ATPase KdpC subunit
ANT_3_01785	gene	2067	kdpB			
ANT_3_01785	CDS	2067	kdpB	7.2.2.6	COG2216	Potassium-transporting ATPase ATP-binding subunit
ANT_3_01786	gene	1689	kdpA			
ANT_3_01786	CDS	1689	kdpA		COG2060	Potassium-transporting ATPase potassium-binding subunit
ANT_3_01787	gene	225				
ANT_3_01787	CDS	225				hypothetical protein
ANT_3_01788	gene	954				
ANT_3_01788	CDS	954				hypothetical protein
ANT_3_01789	gene	1431	phrB			
ANT_3_01789	CDS	1431	phrB	4.1.99.3	COG0415	Deoxyribodipyrimidine photo-lyase
ANT_3_01790	gene	981				
ANT_3_01790	CDS	981				hypothetical protein
ANT_3_01791	gene	516				
ANT_3_01791	CDS	516				hypothetical protein
ANT_3_01792	gene	513				
ANT_3_01792	CDS	513				hypothetical protein
ANT_3_01793	gene	1449	lsrK			
ANT_3_01793	CDS	1449	lsrK	2.7.1.189	COG1070	Autoinducer-2 kinase
ANT_3_01794	gene	1281	yqcE			
ANT_3_01794	CDS	1281	yqcE			Inner membrane protein YqcE
ANT_3_01795	gene	786	kduD_1			
ANT_3_01795	CDS	786	kduD_1	1.1.1.127		2-dehydro-3-deoxy-D-gluconate 5-dehydrogenase
ANT_3_01796	gene	1455				
ANT_3_01796	CDS	1455				hypothetical protein
ANT_3_01797	gene	1365	ygcS			
ANT_3_01797	CDS	1365	ygcS			Inner membrane metabolite transport protein YgcS
ANT_3_01798	gene	783	fixA			
ANT_3_01798	CDS	783	fixA			Protein FixA
ANT_3_01799	gene	960	fixB			
ANT_3_01799	CDS	960	fixB		COG2025	Protein FixB
ANT_3_01800	gene	567	ygcP			
ANT_3_01800	CDS	567	ygcP		COG1954	putative protein YgcP
ANT_3_01801	gene	273	fixX			
ANT_3_01801	CDS	273	fixX		COG2440	Ferredoxin-like protein FixX
ANT_3_01802	gene	1284	dadA_1			
ANT_3_01802	CDS	1284	dadA_1	1.4.99.-		D-amino acid dehydrogenase
ANT_3_01803	gene	744	ybgI			
ANT_3_01803	CDS	744	ybgI		COG0327	GTP cyclohydrolase 1 type 2 
ANT_3_01804	gene	1455	ycaD_1			
ANT_3_01804	CDS	1455	ycaD_1			putative MFS-type transporter YcaD
ANT_3_01805	gene	666	pxpB_2			
ANT_3_01805	CDS	666	pxpB_2	3.5.2.9	COG2049	5-oxoprolinase subunit B
ANT_3_01806	gene	930	pxpC_2			
ANT_3_01806	CDS	930	pxpC_2	3.5.2.9	COG1984	5-oxoprolinase subunit C
ANT_3_01807	gene	738	pxpA_2			
ANT_3_01807	CDS	738	pxpA_2	3.5.2.9	COG1540	5-oxoprolinase subunit A
ANT_3_01808	gene	651	pcp			
ANT_3_01808	CDS	651	pcp	3.4.19.3	COG2039	Pyrrolidone-carboxylate peptidase
ANT_3_01809	gene	795	nei			
ANT_3_01809	CDS	795	nei	3.2.2.-	COG0266	Endonuclease 8
ANT_3_01810	gene	1284	gltA			
ANT_3_01810	CDS	1284	gltA	2.3.3.16	COG0372	Citrate synthase
ANT_3_01811	gene	255				
ANT_3_01811	CDS	255				hypothetical protein
ANT_3_01812	gene	390	sdhC			
ANT_3_01812	CDS	390	sdhC		COG2009	Succinate dehydrogenase cytochrome b556 subunit
ANT_3_01813	gene	348	sdhD			
ANT_3_01813	CDS	348	sdhD		COG2142	Succinate dehydrogenase hydrophobic membrane anchor subunit
ANT_3_01814	gene	1767	sdhA			
ANT_3_01814	CDS	1767	sdhA	1.3.5.1		Succinate dehydrogenase flavoprotein subunit
ANT_3_01815	gene	717	sdhB			
ANT_3_01815	CDS	717	sdhB	1.3.5.1	COG0479	Succinate dehydrogenase iron-sulfur subunit
ANT_3_01816	gene	2808	sucA			
ANT_3_01816	CDS	2808	sucA	1.2.4.2	COG0567	2-oxoglutarate dehydrogenase E1 component
ANT_3_01817	gene	1230	sucB			
ANT_3_01817	CDS	1230	sucB	2.3.1.61	COG0508	Dihydrolipoyllysine-residue succinyltransferase component of 2-oxoglutarate dehydrogenase complex
ANT_3_01818	gene	1167	sucC			
ANT_3_01818	CDS	1167	sucC	6.2.1.5	COG0045	Succinate--CoA ligase [ADP-forming] subunit beta
ANT_3_01819	gene	873	sucD			
ANT_3_01819	CDS	873	sucD	6.2.1.5	COG0074	Succinate--CoA ligase [ADP-forming] subunit alpha
ANT_3_01820	gene	1569	cydA_1			
ANT_3_01820	CDS	1569	cydA_1	7.1.1.7	COG1271	Cytochrome bd-I ubiquinol oxidase subunit 1
ANT_3_01821	gene	1140	cydB			
ANT_3_01821	CDS	1140	cydB	7.1.1.7	COG1294	Cytochrome bd-I ubiquinol oxidase subunit 2
ANT_3_01822	gene	114	cydX			
ANT_3_01822	CDS	114	cydX	7.1.1.7	COG4890	Cytochrome bd-I ubiquinol oxidase subunit X
ANT_3_01823	gene	294				
ANT_3_01823	CDS	294				hypothetical protein
ANT_3_01824	gene	291	ybgC			
ANT_3_01824	CDS	291	ybgC	3.1.2.-	COG0824	Acyl-CoA thioester hydrolase YbgC
ANT_3_01825	gene	690	tolQ_1			
ANT_3_01825	CDS	690	tolQ_1		COG0811	Tol-Pal system protein TolQ
ANT_3_01826	gene	432	tolR			
ANT_3_01826	CDS	432	tolR		COG0848	Tol-Pal system protein TolR
ANT_3_01827	gene	1233				
ANT_3_01827	CDS	1233				hypothetical protein
ANT_3_01828	gene	1293	tolB			
ANT_3_01828	CDS	1293	tolB		COG0823	Tol-Pal system protein TolB
ANT_3_01829	gene	507	pal			
ANT_3_01829	CDS	507	pal		COG2885	Peptidoglycan-associated lipoprotein
ANT_3_01830	gene	795	cpoB			
ANT_3_01830	CDS	795	cpoB		COG1729	Cell division coordinator CpoB
ANT_3_01831	gene	76				
ANT_3_01831	tRNA	76				tRNA-Lys(ttt)
ANT_3_01832	gene	76				
ANT_3_01832	tRNA	76				tRNA-Lys(ttt)
ANT_3_01833	gene	76				
ANT_3_01833	tRNA	76				tRNA-Lys(ttt)
ANT_3_01834	gene	1065	nadA			
ANT_3_01834	CDS	1065	nadA	2.5.1.72	COG0379	Quinolinate synthase A
ANT_3_01835	gene	726	pnuC			
ANT_3_01835	CDS	726	pnuC		COG3201	Nicotinamide riboside transporter PnuC
ANT_3_01836	gene	966	zitB			
ANT_3_01836	CDS	966	zitB		COG1230	Zinc transporter ZitB
ANT_3_01837	gene	330				
ANT_3_01837	CDS	330				hypothetical protein
ANT_3_01838	gene	1053	aroG			
ANT_3_01838	CDS	1053	aroG	2.5.1.54	COG0722	Phospho-2-dehydro-3-deoxyheptonate aldolase, Phe-sensitive
ANT_3_01839	gene	471				
ANT_3_01839	CDS	471				hypothetical protein
ANT_3_01840	gene	753	gpmA_1			
ANT_3_01840	CDS	753	gpmA_1	5.4.2.11	COG0588	2,3-bisphosphoglycerate-dependent phosphoglycerate mutase
ANT_3_01841	gene	333	psiF			
ANT_3_01841	CDS	333	psiF			Phosphate starvation-inducible protein PsiF
ANT_3_01842	gene	1047	galM			
ANT_3_01842	CDS	1047	galM	5.1.3.3	COG2017	Aldose 1-epimerase
ANT_3_01843	gene	1149	galK			
ANT_3_01843	CDS	1149	galK	2.7.1.6	COG0153	Galactokinase
ANT_3_01844	gene	1050	galT			
ANT_3_01844	CDS	1050	galT	2.7.7.12	COG1085	Galactose-1-phosphate uridylyltransferase
ANT_3_01845	gene	1017	galE			
ANT_3_01845	CDS	1017	galE	5.1.3.2	COG1087	UDP-glucose 4-epimerase
ANT_3_01846	gene	906	gcvA_4			
ANT_3_01846	CDS	906	gcvA_4			Glycine cleavage system transcriptional activator
ANT_3_01847	gene	765				
ANT_3_01847	CDS	765				hypothetical protein
ANT_3_01848	gene	1467	modF			
ANT_3_01848	CDS	1467	modF		COG1119	ABC transporter ATP-binding protein ModF
ANT_3_01849	gene	783	modE			
ANT_3_01849	CDS	783	modE		COG2005	DNA-binding transcriptional dual regulator ModE
ANT_3_01850	gene	156	acrZ			
ANT_3_01850	CDS	156	acrZ			Multidrug efflux pump accessory protein AcrZ
ANT_3_01851	gene	774	modA			
ANT_3_01851	CDS	774	modA		COG0725	Molybdate-binding protein ModA
ANT_3_01852	gene	690	modB			
ANT_3_01852	CDS	690	modB		COG4149	Molybdenum transport system permease protein ModB
ANT_3_01853	gene	1062	btuD_4			
ANT_3_01853	CDS	1062	btuD_4	7.6.2.8		Vitamin B12 import ATP-binding protein BtuD
ANT_3_01854	gene	267				
ANT_3_01854	CDS	267				hypothetical protein
ANT_3_01855	gene	267				
ANT_3_01855	CDS	267				hypothetical protein
ANT_3_01856	gene	822	ybhA			
ANT_3_01856	CDS	822	ybhA	3.1.3.74	COG0561	Pyridoxal phosphate phosphatase YbhA
ANT_3_01857	gene	999	pgl_1			
ANT_3_01857	CDS	999	pgl_1	3.1.1.31	COG2706	6-phosphogluconolactonase
ANT_3_01858	gene	1503				
ANT_3_01858	CDS	1503				hypothetical protein
ANT_3_01859	gene	1308	pemB			
ANT_3_01859	CDS	1308	pemB	3.1.1.11	COG4677	Pectinesterase B
ANT_3_01860	gene	696	hchA			
ANT_3_01860	CDS	696	hchA	3.5.1.124		Protein/nucleic acid deglycase HchA
ANT_3_01861	gene	1038	curA			
ANT_3_01861	CDS	1038	curA	1.3.1.-	COG2130	NADPH-dependent curcumin reductase
ANT_3_01862	gene	780	argT_3			
ANT_3_01862	CDS	780	argT_3		COG0834	Lysine/arginine/ornithine-binding periplasmic protein
ANT_3_01863	gene	1155	ybdL_1			
ANT_3_01863	CDS	1155	ybdL_1	2.6.1.88	COG0436	Methionine aminotransferase
ANT_3_01864	gene	963	gcvA_5			
ANT_3_01864	CDS	963	gcvA_5			Glycine cleavage system transcriptional activator
ANT_3_01865	gene	1278	bioA			
ANT_3_01865	CDS	1278	bioA	2.6.1.62	COG0161	Adenosylmethionine-8-amino-7-oxononanoate aminotransferase
ANT_3_01866	gene	1038	bioB			
ANT_3_01866	CDS	1038	bioB	2.8.1.6	COG0502	Biotin synthase
ANT_3_01867	gene	1152	bioF			
ANT_3_01867	CDS	1152	bioF	2.3.1.47	COG0156	8-amino-7-oxononanoate synthase
ANT_3_01868	gene	792	bioC			
ANT_3_01868	CDS	792	bioC	2.1.1.197		Malonyl-[acyl-carrier protein] O-methyltransferase
ANT_3_01869	gene	690	bioD1_1			
ANT_3_01869	CDS	690	bioD1_1	6.3.3.3	COG0132	ATP-dependent dethiobiotin synthetase BioD 1
ANT_3_01870	gene	711	livF_2			
ANT_3_01870	CDS	711	livF_2		COG0410	High-affinity branched-chain amino acid transport ATP-binding protein LivF
ANT_3_01871	gene	2007	uvrB			
ANT_3_01871	CDS	2007	uvrB		COG0556	UvrABC system protein B
ANT_3_01872	gene	369				
ANT_3_01872	CDS	369				hypothetical protein
ANT_3_01873	gene	525	rutB_1			
ANT_3_01873	CDS	525	rutB_1	3.5.1.110		Peroxyureidoacrylate/ureidoacrylate amidohydrolase RutB
ANT_3_01874	gene	909	ybhK			
ANT_3_01874	CDS	909	ybhK		COG0391	Putative gluconeogenesis factor
ANT_3_01875	gene	987	moaA			
ANT_3_01875	CDS	987	moaA	4.1.99.22	COG2896	GTP 3',8-cyclase
ANT_3_01876	gene	513	moaB			
ANT_3_01876	CDS	513	moaB		COG0521	Molybdenum cofactor biosynthesis protein B
ANT_3_01877	gene	504	moaC			
ANT_3_01877	CDS	504	moaC	4.6.1.17	COG0315	Cyclic pyranopterin monophosphate synthase
ANT_3_01878	gene	246	moaD			
ANT_3_01878	CDS	246	moaD		COG1977	Molybdopterin synthase sulfur carrier subunit
ANT_3_01879	gene	453	moaE			
ANT_3_01879	CDS	453	moaE	2.8.1.12	COG0314	Molybdopterin synthase catalytic subunit
ANT_3_01880	gene	711	ybhL			
ANT_3_01880	CDS	711	ybhL		COG0670	Inner membrane protein YbhL
ANT_3_01881	gene	300				
ANT_3_01881	CDS	300				hypothetical protein
ANT_3_01882	gene	1206	sbnD_1			
ANT_3_01882	CDS	1206	sbnD_1			Staphyloferrin B transporter
ANT_3_01883	gene	1404	rhlE			
ANT_3_01883	CDS	1404	rhlE	3.6.4.13	COG0513	ATP-dependent RNA helicase RhlE
ANT_3_01884	gene	858	murR_2			
ANT_3_01884	CDS	858	murR_2			HTH-type transcriptional regulator MurR
ANT_3_01885	gene	1338				
ANT_3_01885	CDS	1338		2.6.1.-	COG0161	putative aminotransferase
ANT_3_01886	gene	561				
ANT_3_01886	CDS	561				hypothetical protein
ANT_3_01887	gene	753	glnH_2			
ANT_3_01887	CDS	753	glnH_2		COG0834	Glutamine-binding periplasmic protein
ANT_3_01888	gene	657	glnP_2			
ANT_3_01888	CDS	657	glnP_2		COG0765	Glutamine transport system permease protein GlnP
ANT_3_01889	gene	732	glnQ_4			
ANT_3_01889	CDS	732	glnQ_4		COG1126	Glutamine transport ATP-binding protein GlnQ
ANT_3_01890	gene	1035				
ANT_3_01890	CDS	1035				hypothetical protein
ANT_3_01891	gene	648				
ANT_3_01891	CDS	648				hypothetical protein
ANT_3_01892	gene	1446				
ANT_3_01892	CDS	1446				putative multidrug-efflux transporter
ANT_3_01893	gene	930	dusC			
ANT_3_01893	CDS	930	dusC	1.3.1.-	COG0042	tRNA-dihydrouridine(16) synthase
ANT_3_01894	gene	165				
ANT_3_01894	CDS	165				hypothetical protein
ANT_3_01895	gene	900				
ANT_3_01895	CDS	900				hypothetical protein
ANT_3_01896	gene	939	pbpG			
ANT_3_01896	CDS	939	pbpG	3.4.21.-	COG1686	D-alanyl-D-alanine endopeptidase
ANT_3_01897	gene	633				
ANT_3_01897	CDS	633				hypothetical protein
ANT_3_01898	gene	720				
ANT_3_01898	CDS	720				hypothetical protein
ANT_3_01899	gene	1773				
ANT_3_01899	CDS	1773		1.1.99.3		Gluconate 2-dehydrogenase flavoprotein
ANT_3_01900	gene	1308				
ANT_3_01900	CDS	1308		1.1.99.3		Gluconate 2-dehydrogenase cytochrome c subunit
ANT_3_01901	gene	657				
ANT_3_01901	CDS	657				hypothetical protein
ANT_3_01902	gene	591	yohC			
ANT_3_01902	CDS	591	yohC			Inner membrane protein YohC
ANT_3_01903	gene	1692	dld			
ANT_3_01903	CDS	1692	dld	1.1.5.12	COG0277	Quinone-dependent D-lactate dehydrogenase
ANT_3_01904	gene	834	ftsE_1			
ANT_3_01904	CDS	834	ftsE_1		COG2884	Cell division ATP-binding protein FtsE
ANT_3_01905	gene	933	phnD			
ANT_3_01905	CDS	933	phnD		COG3221	Phosphate-import protein PhnD
ANT_3_01906	gene	864				
ANT_3_01906	CDS	864				hypothetical protein
ANT_3_01907	gene	924				
ANT_3_01907	CDS	924				hypothetical protein
ANT_3_01908	gene	1122	roxA_1			
ANT_3_01908	CDS	1122	roxA_1	1.14.11.47	COG2850	50S ribosomal protein L16 3-hydroxylase
ANT_3_01909	gene	1380	gabD1			
ANT_3_01909	CDS	1380	gabD1	1.2.1.79	COG1012	Succinate-semialdehyde dehydrogenase [NADP(+)] 1
ANT_3_01910	gene	330				
ANT_3_01910	CDS	330				hypothetical protein
ANT_3_01911	gene	1098	ddlA			
ANT_3_01911	CDS	1098	ddlA	6.3.2.4	COG1181	D-alanine--D-alanine ligase A
ANT_3_01912	gene	339				
ANT_3_01912	CDS	339				hypothetical protein
ANT_3_01913	gene	354				
ANT_3_01913	CDS	354				hypothetical protein
ANT_3_01914	gene	258	bhsA_3			
ANT_3_01914	CDS	258	bhsA_3			Multiple stress resistance protein BhsA
ANT_3_01915	gene	258	bhsA_4			
ANT_3_01915	CDS	258	bhsA_4			Multiple stress resistance protein BhsA
ANT_3_01916	gene	258	bhsA_5			
ANT_3_01916	CDS	258	bhsA_5			Multiple stress resistance protein BhsA
ANT_3_01917	gene	111				
ANT_3_01917	CDS	111				hypothetical protein
ANT_3_01918	gene	258				
ANT_3_01918	CDS	258				hypothetical protein
ANT_3_01919	gene	660	comR			
ANT_3_01919	CDS	660	comR			HTH-type transcriptional repressor ComR
ANT_3_01920	gene	888				
ANT_3_01920	CDS	888				hypothetical protein
ANT_3_01921	gene	1524	abgT			
ANT_3_01921	CDS	1524	abgT		COG2978	p-aminobenzoyl-glutamate transport protein
ANT_3_01922	gene	1455	abgB_2			
ANT_3_01922	CDS	1455	abgB_2	3.5.1.-	COG1473	p-aminobenzoyl-glutamate hydrolase subunit B
ANT_3_01923	gene	1317	iaaH			
ANT_3_01923	CDS	1317	iaaH	3.5.1.-		Indole-3-acetyl-aspartic acid hydrolase
ANT_3_01924	gene	897	tsaR_2			
ANT_3_01924	CDS	897	tsaR_2			HTH-type transcriptional regulator TsaR
ANT_3_01925	gene	1107				
ANT_3_01925	CDS	1107				hypothetical protein
ANT_3_01926	gene	1506	iolT			
ANT_3_01926	CDS	1506	iolT			Major myo-inositol transporter IolT
ANT_3_01927	gene	1065	xylB_2			
ANT_3_01927	CDS	1065	xylB_2	1.1.1.90		Aryl-alcohol dehydrogenase
ANT_3_01928	gene	939	yehZ			
ANT_3_01928	CDS	939	yehZ		COG1732	Glycine betaine-binding protein YehZ
ANT_3_01929	gene	1170	yehY			
ANT_3_01929	CDS	1170	yehY		COG1174	Glycine betaine uptake system permease protein YehY
ANT_3_01930	gene	945	yehX			
ANT_3_01930	CDS	945	yehX	3.6.3.-	COG1125	Glycine betaine uptake system ATP-binding protein YehX
ANT_3_01931	gene	771	yehW			
ANT_3_01931	CDS	771	yehW		COG1174	Glycine betaine uptake system permease protein YehW
ANT_3_01932	gene	177				
ANT_3_01932	CDS	177				hypothetical protein
ANT_3_01933	gene	918	yedA			
ANT_3_01933	CDS	918	yedA			putative inner membrane transporter YedA
ANT_3_01934	gene	537				
ANT_3_01934	CDS	537				hypothetical protein
ANT_3_01935	gene	528				
ANT_3_01935	CDS	528				hypothetical protein
ANT_3_01936	gene	495				
ANT_3_01936	CDS	495				hypothetical protein
ANT_3_01937	gene	1233	ufaA1			
ANT_3_01937	CDS	1233	ufaA1	2.1.1.-	COG2230	Tuberculostearic acid methyltransferase UfaA1
ANT_3_01938	gene	717				
ANT_3_01938	CDS	717				hypothetical protein
ANT_3_01939	gene	1344				
ANT_3_01939	CDS	1344				hypothetical protein
ANT_3_01940	gene	717				
ANT_3_01940	CDS	717				hypothetical protein
ANT_3_01941	gene	453				
ANT_3_01941	CDS	453				hypothetical protein
ANT_3_01942	gene	855	mlrA			
ANT_3_01942	CDS	855	mlrA		COG0789	HTH-type transcriptional regulator MlrA
ANT_3_01943	gene	570	sutR_3			
ANT_3_01943	CDS	570	sutR_3		COG1396	HTH-type transcriptional regulator SutR
ANT_3_01944	gene	552	ttr			
ANT_3_01944	CDS	552	ttr	2.3.1.-		Acetyltransferase
ANT_3_01945	gene	1011	rbsC_3			
ANT_3_01945	CDS	1011	rbsC_3		COG1172	Ribose import permease protein RbsC
ANT_3_01946	gene	1503	mglA_2			
ANT_3_01946	CDS	1503	mglA_2	7.5.2.11	COG1129	Galactose/methyl galactoside import ATP-binding protein MglA
ANT_3_01947	gene	1110				
ANT_3_01947	CDS	1110				hypothetical protein
ANT_3_01948	gene	1077	fgd			
ANT_3_01948	CDS	1077	fgd	1.1.98.2		F420-dependent glucose-6-phosphate dehydrogenase
ANT_3_01949	gene	1620	gsiA_1			
ANT_3_01949	CDS	1620	gsiA_1	7.4.2.10	COG1123	Glutathione import ATP-binding protein GsiA
ANT_3_01950	gene	864				
ANT_3_01950	CDS	864				hypothetical protein
ANT_3_01951	gene	960	gsiC_1			
ANT_3_01951	CDS	960	gsiC_1		COG0601	Glutathione transport system permease protein GsiC
ANT_3_01952	gene	1641				
ANT_3_01952	CDS	1641				hypothetical protein
ANT_3_01953	gene	1356	rutG			
ANT_3_01953	CDS	1356	rutG		COG2233	Putative pyrimidine permease RutG
ANT_3_01954	gene	546	rutF			
ANT_3_01954	CDS	546	rutF	1.5.1.42	COG1853	FMN reductase (NADH) RutF
ANT_3_01955	gene	840	rutD			
ANT_3_01955	CDS	840	rutD	3.5.1.-		Putative aminoacrylate hydrolase RutD
ANT_3_01956	gene	387	rutC_1			
ANT_3_01956	CDS	387	rutC_1	1.-.-.-	COG0251	Putative aminoacrylate peracid reductase RutC
ANT_3_01957	gene	750	rutB_2			
ANT_3_01957	CDS	750	rutB_2	3.5.1.110	COG1335	Peroxyureidoacrylate/ureidoacrylate amidohydrolase RutB
ANT_3_01958	gene	1092	rutA			
ANT_3_01958	CDS	1092	rutA	1.14.99.46	COG2141	Pyrimidine monooxygenase RutA
ANT_3_01959	gene	690	rutR_1			
ANT_3_01959	CDS	690	rutR_1		COG1309	HTH-type transcriptional regulator RutR
ANT_3_01960	gene	990				
ANT_3_01960	CDS	990				hypothetical protein
ANT_3_01961	gene	1401	cycA			
ANT_3_01961	CDS	1401	cycA		COG1113	D-serine/D-alanine/glycine transporter
ANT_3_01962	gene	76				
ANT_3_01962	tRNA	76				tRNA-Lys(ctt)
ANT_3_01963	gene	2502	mdoB_1			
ANT_3_01963	CDS	2502	mdoB_1	2.7.8.20		Phosphoglycerol transferase I
ANT_3_01964	gene	417				
ANT_3_01964	CDS	417				hypothetical protein
ANT_3_01965	gene	1767				
ANT_3_01965	CDS	1767				hypothetical protein
ANT_3_01966	gene	1671	leuA_1			
ANT_3_01966	CDS	1671	leuA_1	2.3.3.13	COG0119	2-isopropylmalate synthase
ANT_3_01967	gene	759	nimR_1			
ANT_3_01967	CDS	759	nimR_1			HTH-type transcriptional regulator NimR
ANT_3_01968	gene	174				
ANT_3_01968	CDS	174				hypothetical protein
ANT_3_01969	gene	225				
ANT_3_01969	CDS	225				hypothetical protein
ANT_3_01970	gene	657	uvrY			
ANT_3_01970	CDS	657	uvrY		COG2197	Response regulator UvrY
ANT_3_01971	gene	1836	uvrC			
ANT_3_01971	CDS	1836	uvrC		COG0322	UvrABC system protein C
ANT_3_01972	gene	549	pgsA			
ANT_3_01972	CDS	549	pgsA	2.7.8.5	COG0558	CDP-diacylglycerol--glycerol-3-phosphate 3-phosphatidyltransferase
ANT_3_01973	gene	76				
ANT_3_01973	tRNA	76				tRNA-Gly(gcc)
ANT_3_01974	gene	74				
ANT_3_01974	tRNA	74				tRNA-Cys(gca)
ANT_3_01975	gene	86				
ANT_3_01975	tRNA	86				tRNA-Leu(taa)
ANT_3_01976	gene	267				
ANT_3_01976	CDS	267				hypothetical protein
ANT_3_01977	gene	660	pphA			
ANT_3_01977	CDS	660	pphA	3.1.3.16	COG0639	Serine/threonine-protein phosphatase 1
ANT_3_01978	gene	780	deoR			
ANT_3_01978	CDS	780	deoR		COG1349	Deoxyribose operon repressor
ANT_3_01979	gene	477	sbmC			
ANT_3_01979	CDS	477	sbmC		COG3449	DNA gyrase inhibitor
ANT_3_01980	gene	507	ylaC			
ANT_3_01980	CDS	507	ylaC			Inner membrane protein YlaC
ANT_3_01981	gene	273				
ANT_3_01981	CDS	273				hypothetical protein
ANT_3_01982	gene	261				
ANT_3_01982	CDS	261				hypothetical protein
ANT_3_01983	gene	132				
ANT_3_01983	CDS	132				hypothetical protein
ANT_3_01984	gene	342				
ANT_3_01984	CDS	342				hypothetical protein
ANT_3_01985	gene	261				
ANT_3_01985	CDS	261				hypothetical protein
ANT_3_01986	gene	447				
ANT_3_01986	CDS	447				hypothetical protein
ANT_3_01987	gene	780	srpS			
ANT_3_01987	CDS	780	srpS			HTH-type transcriptional regulator SrpS
ANT_3_01988	gene	1611	emrY			
ANT_3_01988	CDS	1611	emrY			putative multidrug resistance protein EmrY
ANT_3_01989	gene	1035	emrA_2			
ANT_3_01989	CDS	1035	emrA_2			Colistin resistance protein EmrA
ANT_3_01990	gene	1185	mdoC			
ANT_3_01990	CDS	1185	mdoC	2.1.-.-		Glucans biosynthesis protein C
ANT_3_01991	gene	1536	mdoG			
ANT_3_01991	CDS	1536	mdoG		COG3131	Glucans biosynthesis protein G
ANT_3_01992	gene	2583	mdoH			
ANT_3_01992	CDS	2583	mdoH	2.4.1.-	COG2943	Glucans biosynthesis glucosyltransferase H
ANT_3_01993	gene	246				
ANT_3_01993	CDS	246				hypothetical protein
ANT_3_01994	gene	408				
ANT_3_01994	CDS	408				hypothetical protein
ANT_3_01995	gene	399	yycE			
ANT_3_01995	CDS	399	yycE			putative protein YycE
ANT_3_01996	gene	357				
ANT_3_01996	CDS	357				hypothetical protein
ANT_3_01997	gene	1239	sbnD_2			
ANT_3_01997	CDS	1239	sbnD_2			Staphyloferrin B transporter
ANT_3_01998	gene	435				
ANT_3_01998	CDS	435				hypothetical protein
ANT_3_01999	gene	936	lpxL			
ANT_3_01999	CDS	936	lpxL	2.3.1.241	COG1560	Lipid A biosynthesis lauroyltransferase
ANT_3_02000	gene	1098	namA_2			
ANT_3_02000	CDS	1098	namA_2	1.6.99.1	COG1902	NADPH dehydrogenase
ANT_3_02001	gene	1056				
ANT_3_02001	CDS	1056				hypothetical protein
ANT_3_02002	gene	579	yceI			
ANT_3_02002	CDS	579	yceI		COG2353	Protein YceI
ANT_3_02003	gene	546	yceJ			
ANT_3_02003	CDS	546	yceJ		COG3038	Cytochrome b561 
ANT_3_02004	gene	1143	bepF			
ANT_3_02004	CDS	1143	bepF			Efflux pump periplasmic linker BepF
ANT_3_02005	gene	3096	bepG			
ANT_3_02005	CDS	3096	bepG			Efflux pump membrane transporter BepG
ANT_3_02006	gene	1041	tqsA			
ANT_3_02006	CDS	1041	tqsA		COG0628	AI-2 transport protein TqsA
ANT_3_02007	gene	465				
ANT_3_02007	CDS	465				hypothetical protein
ANT_3_02008	gene	669	rcsA_1			
ANT_3_02008	CDS	669	rcsA_1			Transcriptional regulatory protein RcsA
ANT_3_02009	gene	1116	solA			
ANT_3_02009	CDS	1116	solA	1.5.3.-	COG0665	N-methyl-L-tryptophan oxidase
ANT_3_02010	gene	255	bssS			
ANT_3_02010	CDS	255	bssS			Biofilm regulator BssS
ANT_3_02011	gene	255	dinI_1			
ANT_3_02011	CDS	255	dinI_1			DNA damage-inducible protein I
ANT_3_02012	gene	1050	pyrC			
ANT_3_02012	CDS	1050	pyrC	3.5.2.3	COG0418	Dihydroorotase
ANT_3_02013	gene	102				
ANT_3_02013	CDS	102				hypothetical protein
ANT_3_02014	gene	288				
ANT_3_02014	CDS	288				hypothetical protein
ANT_3_02015	gene	3345	rne			
ANT_3_02015	CDS	3345	rne	3.1.26.12		Ribonuclease E
ANT_3_02016	gene	1005	rluC			
ANT_3_02016	CDS	1005	rluC	5.4.99.24	COG0564	Ribosomal large subunit pseudouridine synthase C
ANT_3_02017	gene	594	yceF			
ANT_3_02017	CDS	594	yceF	3.6.1.-	COG0424	7-methyl-GTP pyrophosphatase
ANT_3_02018	gene	525	yceD			
ANT_3_02018	CDS	525	yceD		COG1399	Large ribosomal RNA subunit accumulation protein YceD
ANT_3_02019	gene	171	rpmF			
ANT_3_02019	CDS	171	rpmF		COG0333	50S ribosomal protein L32
ANT_3_02020	gene	1029	plsX			
ANT_3_02020	CDS	1029	plsX	2.3.1.274	COG0416	Phosphate acyltransferase
ANT_3_02021	gene	954	fabH			
ANT_3_02021	CDS	954	fabH	2.3.1.180	COG0332	3-oxoacyl-[acyl-carrier-protein] synthase 3
ANT_3_02022	gene	930	fabD_2			
ANT_3_02022	CDS	930	fabD_2	2.3.1.39	COG0331	Malonyl CoA-acyl carrier protein transacylase
ANT_3_02023	gene	735	fabG_2			
ANT_3_02023	CDS	735	fabG_2	1.1.1.100		3-oxoacyl-[acyl-carrier-protein] reductase FabG
ANT_3_02024	gene	387	acpP_1			
ANT_3_02024	CDS	387	acpP_1			Acyl carrier protein
ANT_3_02025	gene	90				
ANT_3_02025	CDS	90				hypothetical protein
ANT_3_02026	gene	891				
ANT_3_02026	CDS	891				hypothetical protein
ANT_3_02027	gene	480				
ANT_3_02027	CDS	480				hypothetical protein
ANT_3_02028	gene	3513	rpoC			
ANT_3_02028	CDS	3513	rpoC	2.7.7.6	COG0086	DNA-directed RNA polymerase subunit beta'
ANT_3_02029	gene	1179	thiH			
ANT_3_02029	CDS	1179	thiH	4.1.99.19	COG1060	2-iminoacetate synthase
ANT_3_02030	gene	780	thiG			
ANT_3_02030	CDS	780	thiG	2.8.1.10	COG2022	Thiazole synthase
ANT_3_02031	gene	201	thiS			
ANT_3_02031	CDS	201	thiS		COG2104	Sulfur carrier protein ThiS
ANT_3_02032	gene	765	thiF			
ANT_3_02032	CDS	765	thiF	2.7.7.73	COG0476	Sulfur carrier protein ThiS adenylyltransferase
ANT_3_02033	gene	654	thiE			
ANT_3_02033	CDS	654	thiE	2.5.1.3	COG0352	Thiamine-phosphate synthase
ANT_3_02034	gene	1965	thiC			
ANT_3_02034	CDS	1965	thiC	4.1.99.17	COG0422	Phosphomethylpyrimidine synthase
ANT_3_02035	gene	510	rsd			
ANT_3_02035	CDS	510	rsd		COG3160	Regulator of sigma D
ANT_3_02036	gene	786	nudC			
ANT_3_02036	CDS	786	nudC	3.6.1.22	COG2816	NADH pyrophosphatase
ANT_3_02037	gene	1065	hemE			
ANT_3_02037	CDS	1065	hemE	4.1.1.37	COG0407	Uroporphyrinogen decarboxylase
ANT_3_02038	gene	681	nfi			
ANT_3_02038	CDS	681	nfi	3.1.21.7	COG1515	Endonuclease V
ANT_3_02039	gene	591				
ANT_3_02039	CDS	591			COG3068	putative protein
ANT_3_02040	gene	273	hupA			
ANT_3_02040	CDS	273	hupA			DNA-binding protein HU-alpha
ANT_3_02041	gene	696				
ANT_3_02041	CDS	696				hypothetical protein
ANT_3_02042	gene	1290	purD			
ANT_3_02042	CDS	1290	purD	6.3.4.13	COG0151	Phosphoribosylamine--glycine ligase
ANT_3_02043	gene	1590	purH			
ANT_3_02043	CDS	1590	purH		COG0138	Bifunctional purine biosynthesis protein PurH
ANT_3_02044	gene	2469				
ANT_3_02044	CDS	2469				hypothetical protein
ANT_3_02045	gene	129				
ANT_3_02045	CDS	129				hypothetical protein
ANT_3_02046	gene	633				
ANT_3_02046	CDS	633				hypothetical protein
ANT_3_02047	gene	72				
ANT_3_02047	tRNA	72				tRNA-Glu(ttc)
ANT_3_02048	gene	144				
ANT_3_02048	CDS	144				hypothetical protein
ANT_3_02049	gene	261				
ANT_3_02049	CDS	261				hypothetical protein
ANT_3_02050	gene	174				
ANT_3_02050	CDS	174				hypothetical protein
ANT_3_02051	gene	306				
ANT_3_02051	CDS	306				hypothetical protein
ANT_3_02052	gene	285				
ANT_3_02052	CDS	285				hypothetical protein
ANT_3_02053	gene	108				
ANT_3_02053	CDS	108				hypothetical protein
ANT_3_02054	gene	141				
ANT_3_02054	CDS	141				hypothetical protein
ANT_3_02055	gene	1317				
ANT_3_02055	CDS	1317				hypothetical protein
ANT_3_02056	gene	129				
ANT_3_02056	CDS	129				hypothetical protein
ANT_3_02057	gene	510				
ANT_3_02057	CDS	510				hypothetical protein
ANT_3_02058	gene	77				
ANT_3_02058	tRNA	77				tRNA-Ile(gat)
ANT_3_02059	gene	76				
ANT_3_02059	tRNA	76				tRNA-Ala(tgc)
ANT_3_02060	gene	2904				
ANT_3_02060	rRNA	2904				23S ribosomal RNA
ANT_3_02061	gene	111				
ANT_3_02061	rRNA	111				5S ribosomal RNA
ANT_3_02062	gene	77				
ANT_3_02062	tRNA	77				tRNA-Asp(gtc)
ANT_3_02063	gene	831				
ANT_3_02063	CDS	831				hypothetical protein
ANT_3_02064	gene	840	tatC_1			
ANT_3_02064	CDS	840	tatC_1			Sec-independent protein translocase protein TatC
ANT_3_02065	gene	174				
ANT_3_02065	CDS	174				hypothetical protein
ANT_3_02066	gene	231				
ANT_3_02066	CDS	231				hypothetical protein
ANT_3_02067	gene	159				
ANT_3_02067	CDS	159				hypothetical protein
ANT_3_02068	gene	219				
ANT_3_02068	CDS	219				hypothetical protein
ANT_3_02069	gene	90				
ANT_3_02069	tRNA	90				tRNA-Ser(gct)
ANT_3_02070	gene	74				
ANT_3_02070	tRNA	74				tRNA-Phe(gaa)
ANT_3_02071	gene	75				
ANT_3_02071	tRNA	75				tRNA-Pro(tgg)
ANT_3_02072	gene	297				
ANT_3_02072	CDS	297				hypothetical protein
ANT_3_02073	gene	111				
ANT_3_02073	CDS	111				hypothetical protein
ANT_3_02074	gene	2265				
ANT_3_02074	CDS	2265				hypothetical protein
ANT_3_02075	gene	696				
ANT_3_02075	CDS	696				hypothetical protein
ANT_3_02076	gene	159				
ANT_3_02076	CDS	159				hypothetical protein
ANT_3_02077	gene	366				
ANT_3_02077	CDS	366				hypothetical protein
ANT_3_02078	gene	678				
ANT_3_02078	CDS	678				hypothetical protein
ANT_3_02079	gene	312	ndhA			
ANT_3_02079	CDS	312	ndhA	7.1.1.-		NAD(P)H-quinone oxidoreductase subunit 1, chloroplastic
ANT_3_02080	gene	222				
ANT_3_02080	CDS	222				hypothetical protein
ANT_3_02081	gene	135				
ANT_3_02081	CDS	135				hypothetical protein
ANT_3_02082	gene	4443	cdiA			
ANT_3_02082	CDS	4443	cdiA	3.1.-.-		tRNA nuclease CdiA
ANT_3_02083	gene	312				
ANT_3_02083	CDS	312				hypothetical protein
ANT_3_02084	gene	528	sttH			
ANT_3_02084	CDS	528	sttH	3.5.2.19		Streptothricin hydrolase
ANT_3_02085	gene	918	lipR			
ANT_3_02085	CDS	918	lipR	3.1.1.-	COG0657	Putative acetyl-hydrolase LipR
ANT_3_02086	gene	903	dmlR_3			
ANT_3_02086	CDS	903	dmlR_3			HTH-type transcriptional regulator DmlR
ANT_3_02087	gene	1275				
ANT_3_02087	CDS	1275				hypothetical protein
ANT_3_02088	gene	1935				
ANT_3_02088	CDS	1935				hypothetical protein
ANT_3_02089	gene	750	mipA			
ANT_3_02089	CDS	750	mipA		COG3713	MltA-interacting protein
ANT_3_02090	gene	855	yvgN_1			
ANT_3_02090	CDS	855	yvgN_1	1.1.1.-	COG0656	Glyoxal reductase
ANT_3_02091	gene	870	yeaD			
ANT_3_02091	CDS	870	yeaD	5.1.3.15	COG0676	Putative glucose-6-phosphate 1-epimerase
ANT_3_02092	gene	996	gapA			
ANT_3_02092	CDS	996	gapA	1.2.1.12	COG0057	Glyceraldehyde-3-phosphate dehydrogenase A
ANT_3_02093	gene	414	msrB			
ANT_3_02093	CDS	414	msrB	1.8.4.12	COG0229	Peptide methionine sulfoxide reductase MsrB
ANT_3_02094	gene	273				
ANT_3_02094	CDS	273				hypothetical protein
ANT_3_02095	gene	630	pncA			
ANT_3_02095	CDS	630	pncA	3.5.1.19	COG1335	Nicotinamidase
ANT_3_02096	gene	1014	ansA			
ANT_3_02096	CDS	1014	ansA	3.5.1.1	COG0252	L-asparaginase 1
ANT_3_02097	gene	1854	sppA			
ANT_3_02097	CDS	1854	sppA	3.4.21.-	COG0616	Protease 4
ANT_3_02098	gene	552	ydjA			
ANT_3_02098	CDS	552	ydjA	1.-.-.-	COG0778	Putative NAD(P)H nitroreductase YdjA
ANT_3_02099	gene	1950	topB			
ANT_3_02099	CDS	1950	topB	5.6.2.1	COG0550	DNA topoisomerase 3
ANT_3_02100	gene	315				
ANT_3_02100	CDS	315				hypothetical protein
ANT_3_02101	gene	132				
ANT_3_02101	CDS	132				hypothetical protein
ANT_3_02102	gene	396	nudG			
ANT_3_02102	CDS	396	nudG	3.6.1.65	COG0494	CTP pyrophosphohydrolase
ANT_3_02103	gene	927	xthA			
ANT_3_02103	CDS	927	xthA	3.1.11.2	COG0708	Exodeoxyribonuclease III
ANT_3_02104	gene	1575	tyrR			
ANT_3_02104	CDS	1575	tyrR			Transcriptional regulatory protein TyrR
ANT_3_02105	gene	504	tpx			
ANT_3_02105	CDS	504	tpx	1.11.1.15	COG2077	Thiol peroxidase
ANT_3_02106	gene	978	ycjG_1			
ANT_3_02106	CDS	978	ycjG_1	5.1.1.20	COG4948	L-Ala-D/L-Glu epimerase
ANT_3_02107	gene	1635	mppA			
ANT_3_02107	CDS	1635	mppA		COG4166	Periplasmic murein peptide-binding protein
ANT_3_02108	gene	1203	nanT_1			
ANT_3_02108	CDS	1203	nanT_1			Sialic acid transporter NanT
ANT_3_02109	gene	936	dmlR_4			
ANT_3_02109	CDS	936	dmlR_4			HTH-type transcriptional regulator DmlR
ANT_3_02110	gene	984	zntB_1			
ANT_3_02110	CDS	984	zntB_1		COG0598	Zinc transport protein ZntB
ANT_3_02111	gene	678				
ANT_3_02111	CDS	678				hypothetical protein
ANT_3_02112	gene	1005	ttcA			
ANT_3_02112	CDS	1005	ttcA	2.8.1.-	COG0037	tRNA-cytidine(32) 2-sulfurtransferase
ANT_3_02113	gene	201				
ANT_3_02113	CDS	201				hypothetical protein
ANT_3_02114	gene	234	ygdR_3			
ANT_3_02114	CDS	234	ygdR_3			putative lipoprotein YgdR
ANT_3_02115	gene	1329				
ANT_3_02115	CDS	1329				hypothetical protein
ANT_3_02116	gene	2013				
ANT_3_02116	CDS	2013				hypothetical protein
ANT_3_02117	gene	7038				
ANT_3_02117	CDS	7038				hypothetical protein
ANT_3_02118	gene	1923	fhuB_1			
ANT_3_02118	CDS	1923	fhuB_1		COG0609	Iron(3+)-hydroxamate import system permease protein FhuB
ANT_3_02119	gene	921	fhuD_1			
ANT_3_02119	CDS	921	fhuD_1		COG0614	Iron(3+)-hydroxamate-binding protein FhuD
ANT_3_02120	gene	2352	fhuA_2			
ANT_3_02120	CDS	2352	fhuA_2		COG1629	Ferrichrome outer membrane transporter/phage receptor
ANT_3_02121	gene	1032				
ANT_3_02121	CDS	1032				hypothetical protein
ANT_3_02122	gene	609				
ANT_3_02122	CDS	609				hypothetical protein
ANT_3_02123	gene	1233	nasR			
ANT_3_02123	CDS	1233	nasR			Nitrate regulatory protein
ANT_3_02124	gene	1263	nrtA			
ANT_3_02124	CDS	1263	nrtA			Nitrate/nitrite binding protein NrtA
ANT_3_02125	gene	900	cmpB			
ANT_3_02125	CDS	900	cmpB			Bicarbonate transport system permease protein CmpB
ANT_3_02126	gene	798	cmpC			
ANT_3_02126	CDS	798	cmpC	3.6.3.-	COG0715	Bicarbonate transport ATP-binding protein CmpC
ANT_3_02127	gene	4197	norW_1			
ANT_3_02127	CDS	4197	norW_1	1.18.1.-		Nitric oxide reductase FlRd-NAD(+) reductase
ANT_3_02128	gene	2673	nasA			
ANT_3_02128	CDS	2673	nasA	1.7.-.-		Nitrate reductase
ANT_3_02129	gene	900	cysG_2			
ANT_3_02129	CDS	900	cysG_2	4.99.1.4		Siroheme synthase
ANT_3_02130	gene	3531	nifJ			
ANT_3_02130	CDS	3531	nifJ	1.2.7.-	COG0674	Pyruvate-flavodoxin oxidoreductase
ANT_3_02131	gene	273				
ANT_3_02131	CDS	273				hypothetical protein
ANT_3_02132	gene	423	hslJ			
ANT_3_02132	CDS	423	hslJ		COG3187	Heat shock protein HslJ
ANT_3_02133	gene	867	rhaS_3			
ANT_3_02133	CDS	867	rhaS_3			HTH-type transcriptional activator RhaS
ANT_3_02134	gene	1299				
ANT_3_02134	CDS	1299				hypothetical protein
ANT_3_02135	gene	2673				
ANT_3_02135	CDS	2673		3.2.1.40		Alpha-L-rhamnosidase
ANT_3_02136	gene	1104	malK_1			
ANT_3_02136	CDS	1104	malK_1	7.5.2.1		Maltose/maltodextrin import ATP-binding protein MalK
ANT_3_02137	gene	1281	ugpB_2			
ANT_3_02137	CDS	1281	ugpB_2		COG1653	sn-glycerol-3-phosphate-binding periplasmic protein UgpB
ANT_3_02138	gene	912	ugpA_2			
ANT_3_02138	CDS	912	ugpA_2		COG1175	sn-glycerol-3-phosphate transport system permease protein UgpA
ANT_3_02139	gene	843	araQ_1			
ANT_3_02139	CDS	843	araQ_1		COG0395	L-arabinose transport system permease protein AraQ
ANT_3_02140	gene	930	cpdA_2			
ANT_3_02140	CDS	930	cpdA_2	3.1.4.53		3',5'-cyclic adenosine monophosphate phosphodiesterase CpdA
ANT_3_02141	gene	993	ldhA			
ANT_3_02141	CDS	993	ldhA	1.1.1.28	COG1052	D-lactate dehydrogenase
ANT_3_02142	gene	2727				
ANT_3_02142	CDS	2727				hypothetical protein
ANT_3_02143	gene	195				
ANT_3_02143	CDS	195				hypothetical protein
ANT_3_02144	gene	339				
ANT_3_02144	CDS	339				hypothetical protein
ANT_3_02145	gene	531				
ANT_3_02145	CDS	531				hypothetical protein
ANT_3_02146	gene	1314				
ANT_3_02146	CDS	1314				hypothetical protein
ANT_3_02147	gene	618	azoR_1			
ANT_3_02147	CDS	618	azoR_1	1.7.1.17	COG1182	FMN-dependent NADH-azoreductase
ANT_3_02148	gene	3894				
ANT_3_02148	CDS	3894				hypothetical protein
ANT_3_02149	gene	468				
ANT_3_02149	CDS	468				hypothetical protein
ANT_3_02150	gene	336				
ANT_3_02150	CDS	336				hypothetical protein
ANT_3_02151	gene	483	hcpA_3			
ANT_3_02151	CDS	483	hcpA_3		COG3157	Major exported protein
ANT_3_02152	gene	882				
ANT_3_02152	CDS	882				hypothetical protein
ANT_3_02153	gene	426				
ANT_3_02153	CDS	426				hypothetical protein
ANT_3_02154	gene	1482				
ANT_3_02154	CDS	1482		3.4.17.19	COG2317	Thermostable carboxypeptidase 1
ANT_3_02155	gene	1344	rstB			
ANT_3_02155	CDS	1344	rstB	2.7.13.3		Sensor protein RstB
ANT_3_02156	gene	813	rstA			
ANT_3_02156	CDS	813	rstA		COG0745	Transcriptional regulatory protein RstA
ANT_3_02157	gene	420				
ANT_3_02157	CDS	420				hypothetical protein
ANT_3_02158	gene	1236				
ANT_3_02158	CDS	1236		1.1.99.3		Gluconate 2-dehydrogenase cytochrome c subunit
ANT_3_02159	gene	1764				
ANT_3_02159	CDS	1764		1.1.99.3		Gluconate 2-dehydrogenase flavoprotein
ANT_3_02160	gene	750				
ANT_3_02160	CDS	750				hypothetical protein
ANT_3_02161	gene	1506				
ANT_3_02161	CDS	1506				hypothetical protein
ANT_3_02162	gene	651	narL			
ANT_3_02162	CDS	651	narL		COG2197	Nitrate/nitrite response regulator protein NarL
ANT_3_02163	gene	1791	narX			
ANT_3_02163	CDS	1791	narX	2.7.13.3		Nitrate/nitrite sensor protein NarX
ANT_3_02164	gene	1419	narK			
ANT_3_02164	CDS	1419	narK		COG2223	Nitrate/nitrite transporter NarK
ANT_3_02165	gene	894	pgrR_5			
ANT_3_02165	CDS	894	pgrR_5			HTH-type transcriptional regulator PgrR
ANT_3_02166	gene	261	bhsA_6			
ANT_3_02166	CDS	261	bhsA_6			Multiple stress resistance protein BhsA
ANT_3_02167	gene	915	rhaS_4			
ANT_3_02167	CDS	915	rhaS_4			HTH-type transcriptional activator RhaS
ANT_3_02168	gene	273	rcnR			
ANT_3_02168	CDS	273	rcnR		COG1937	Transcriptional repressor RcnR
ANT_3_02169	gene	909	rcnA			
ANT_3_02169	CDS	909	rcnA		COG2215	Nickel/cobalt efflux system RcnA
ANT_3_02170	gene	930	oxyR_3			
ANT_3_02170	CDS	930	oxyR_3			Hydrogen peroxide-inducible genes activator
ANT_3_02171	gene	495				
ANT_3_02171	CDS	495				hypothetical protein
ANT_3_02172	gene	117				
ANT_3_02172	CDS	117				hypothetical protein
ANT_3_02173	gene	639	nth			
ANT_3_02173	CDS	639	nth	4.2.99.18	COG0177	Endonuclease III
ANT_3_02174	gene	699	rsxE			
ANT_3_02174	CDS	699	rsxE	7.-.-.-	COG4660	Ion-translocating oxidoreductase complex subunit E
ANT_3_02175	gene	633	rsxG			
ANT_3_02175	CDS	633	rsxG	7.-.-.-	COG4659	Ion-translocating oxidoreductase complex subunit G
ANT_3_02176	gene	1053	rsxD			
ANT_3_02176	CDS	1053	rsxD	7.-.-.-	COG4658	Ion-translocating oxidoreductase complex subunit D
ANT_3_02177	gene	2136	rsxC			
ANT_3_02177	CDS	2136	rsxC	7.-.-.-		Ion-translocating oxidoreductase complex subunit C
ANT_3_02178	gene	567	rsxB			
ANT_3_02178	CDS	567	rsxB	7.-.-.-	COG2878	Ion-translocating oxidoreductase complex subunit B
ANT_3_02179	gene	582	rsxA			
ANT_3_02179	CDS	582	rsxA	7.-.-.-	COG4657	Ion-translocating oxidoreductase complex subunit A
ANT_3_02180	gene	441	ydgK			
ANT_3_02180	CDS	441	ydgK			Inner membrane protein YdgK
ANT_3_02181	gene	1365	dcuD			
ANT_3_02181	CDS	1365	dcuD		COG3069	Putative cryptic C4-dicarboxylate transporter DcuD
ANT_3_02182	gene	366				
ANT_3_02182	CDS	366				hypothetical protein
ANT_3_02183	gene	348				
ANT_3_02183	CDS	348				hypothetical protein
ANT_3_02184	gene	444				
ANT_3_02184	CDS	444				hypothetical protein
ANT_3_02185	gene	159				
ANT_3_02185	CDS	159				hypothetical protein
ANT_3_02186	gene	297				
ANT_3_02186	CDS	297				hypothetical protein
ANT_3_02187	gene	300				
ANT_3_02187	CDS	300				hypothetical protein
ANT_3_02188	gene	696				
ANT_3_02188	CDS	696				hypothetical protein
ANT_3_02189	gene	1332				
ANT_3_02189	CDS	1332				hypothetical protein
ANT_3_02190	gene	858				
ANT_3_02190	CDS	858				hypothetical protein
ANT_3_02191	gene	2316				
ANT_3_02191	CDS	2316				hypothetical protein
ANT_3_02192	gene	360				
ANT_3_02192	CDS	360				hypothetical protein
ANT_3_02193	gene	582				
ANT_3_02193	CDS	582				hypothetical protein
ANT_3_02194	gene	651				
ANT_3_02194	CDS	651				hypothetical protein
ANT_3_02195	gene	120				
ANT_3_02195	CDS	120				hypothetical protein
ANT_3_02196	gene	318				
ANT_3_02196	CDS	318				hypothetical protein
ANT_3_02197	gene	864				
ANT_3_02197	CDS	864				hypothetical protein
ANT_3_02198	gene	306				
ANT_3_02198	CDS	306				hypothetical protein
ANT_3_02199	gene	2166				
ANT_3_02199	CDS	2166				hypothetical protein
ANT_3_02200	gene	915				
ANT_3_02200	CDS	915				hypothetical protein
ANT_3_02201	gene	1299				
ANT_3_02201	CDS	1299				hypothetical protein
ANT_3_02202	gene	384				
ANT_3_02202	CDS	384				hypothetical protein
ANT_3_02203	gene	309				
ANT_3_02203	CDS	309				hypothetical protein
ANT_3_02204	gene	333				
ANT_3_02204	CDS	333				hypothetical protein
ANT_3_02205	gene	528				
ANT_3_02205	CDS	528				hypothetical protein
ANT_3_02206	gene	408				
ANT_3_02206	CDS	408				hypothetical protein
ANT_3_02207	gene	390				
ANT_3_02207	CDS	390				hypothetical protein
ANT_3_02208	gene	168				
ANT_3_02208	CDS	168				hypothetical protein
ANT_3_02209	gene	159				
ANT_3_02209	CDS	159				hypothetical protein
ANT_3_02210	gene	171				
ANT_3_02210	CDS	171				hypothetical protein
ANT_3_02211	gene	201				
ANT_3_02211	CDS	201				hypothetical protein
ANT_3_02212	gene	948				
ANT_3_02212	CDS	948				hypothetical protein
ANT_3_02213	gene	147				
ANT_3_02213	CDS	147				hypothetical protein
ANT_3_02214	gene	270				
ANT_3_02214	CDS	270				hypothetical protein
ANT_3_02215	gene	558				
ANT_3_02215	CDS	558				hypothetical protein
ANT_3_02216	gene	111				
ANT_3_02216	rRNA	111				5S ribosomal RNA
ANT_3_02217	gene	76				
ANT_3_02217	tRNA	76				tRNA-Thr(ggt)
ANT_3_02218	gene	111				
ANT_3_02218	rRNA	111				5S ribosomal RNA
ANT_3_02219	gene	1668	actP_1			
ANT_3_02219	CDS	1668	actP_1		COG4147	Cation/acetate symporter ActP
ANT_3_02220	gene	312	yjcH			
ANT_3_02220	CDS	312	yjcH		COG3162	Inner membrane protein YjcH
ANT_3_02221	gene	1962	acs			
ANT_3_02221	CDS	1962	acs	6.2.1.1	COG0365	Acetyl-coenzyme A synthetase
ANT_3_02222	gene	582	ybgD			
ANT_3_02222	CDS	582	ybgD			putative fimbrial-like protein YbgD
ANT_3_02223	gene	2502	papC			
ANT_3_02223	CDS	2502	papC		COG3188	Outer membrane usher protein PapC
ANT_3_02224	gene	738	papD			
ANT_3_02224	CDS	738	papD		COG3121	Chaperone protein PapD
ANT_3_02225	gene	972				
ANT_3_02225	CDS	972				hypothetical protein
ANT_3_02226	gene	273				
ANT_3_02226	CDS	273				hypothetical protein
ANT_3_02227	gene	558				
ANT_3_02227	CDS	558				hypothetical protein
ANT_3_02228	gene	891				
ANT_3_02228	CDS	891				hypothetical protein
ANT_3_02229	gene	1026	mccF			
ANT_3_02229	CDS	1026	mccF			Microcin C7 self-immunity protein MccF
ANT_3_02230	gene	1317	exuT_4			
ANT_3_02230	CDS	1317	exuT_4			Hexuronate transporter
ANT_3_02231	gene	1164	gci			
ANT_3_02231	CDS	1164	gci	5.5.1.27	COG4948	D-galactarolactone cycloisomerase
ANT_3_02232	gene	76				
ANT_3_02232	tRNA	76				tRNA-Phe(gaa)
ANT_3_02233	gene	576				
ANT_3_02233	CDS	576				hypothetical protein
ANT_3_02234	gene	1737	dsbD			
ANT_3_02234	CDS	1737	dsbD	1.8.1.8	COG4232	Thiol:disulfide interchange protein DsbD
ANT_3_02235	gene	1302	dcuA			
ANT_3_02235	CDS	1302	dcuA		COG2704	Anaerobic C4-dicarboxylate transporter DcuA
ANT_3_02236	gene	1437	aspA			
ANT_3_02236	CDS	1437	aspA	4.3.1.1	COG1027	Aspartate ammonia-lyase
ANT_3_02237	gene	492				
ANT_3_02237	CDS	492				hypothetical protein
ANT_3_02238	gene	294	groS			
ANT_3_02238	CDS	294	groS		COG0234	10 kDa chaperonin
ANT_3_02239	gene	1656	groL			
ANT_3_02239	CDS	1656	groL			60 kDa chaperonin
ANT_3_02240	gene	345				
ANT_3_02240	CDS	345				hypothetical protein
ANT_3_02241	gene	1029	epmB			
ANT_3_02241	CDS	1029	epmB	5.4.3.-	COG1509	L-lysine 2,3-aminomutase
ANT_3_02242	gene	567	efp			
ANT_3_02242	CDS	567	efp		COG0231	Elongation factor P
ANT_3_02243	gene	135				
ANT_3_02243	CDS	135				hypothetical protein
ANT_3_02244	gene	525	blc			
ANT_3_02244	CDS	525	blc		COG3040	Outer membrane lipoprotein Blc
ANT_3_02245	gene	360	frdD			
ANT_3_02245	CDS	360	frdD		COG3080	Fumarate reductase subunit D
ANT_3_02246	gene	417	frdC			
ANT_3_02246	CDS	417	frdC		COG3029	Fumarate reductase subunit C
ANT_3_02247	gene	735	frdB			
ANT_3_02247	CDS	735	frdB	1.3.5.1	COG0479	Fumarate reductase iron-sulfur subunit
ANT_3_02248	gene	1800	frdA			
ANT_3_02248	CDS	1800	frdA	1.3.5.4		Fumarate reductase flavoprotein subunit
ANT_3_02249	gene	978	epmA			
ANT_3_02249	CDS	978	epmA	6.3.1.-	COG2269	Elongation factor P--(R)-beta-lysine ligase
ANT_3_02250	gene	1365	xanP_3			
ANT_3_02250	CDS	1365	xanP_3		COG2233	Xanthine permease XanP
ANT_3_02251	gene	1359				
ANT_3_02251	CDS	1359		3.5.4.32	COG0402	8-oxoguanine deaminase
ANT_3_02252	gene	3369	mscM			
ANT_3_02252	CDS	3369	mscM		COG3264	Miniconductance mechanosensitive channel MscM
ANT_3_02253	gene	990	psd			
ANT_3_02253	CDS	990	psd	4.1.1.65	COG0688	Phosphatidylserine decarboxylase proenzyme
ANT_3_02254	gene	1038	rsgA			
ANT_3_02254	CDS	1038	rsgA	3.6.1.-	COG1162	Small ribosomal subunit biogenesis GTPase RsgA
ANT_3_02255	gene	546	orn			
ANT_3_02255	CDS	546	orn	3.1.-.-	COG1949	Oligoribonuclease
ANT_3_02256	gene	76				
ANT_3_02256	tRNA	76				tRNA-Gly(gcc)
ANT_3_02257	gene	1083	queG			
ANT_3_02257	CDS	1083	queG	1.17.99.6		Epoxyqueuosine reductase
ANT_3_02258	gene	1515	nnr			
ANT_3_02258	CDS	1515	nnr		COG0062	Bifunctional NAD(P)H-hydrate repair enzyme Nnr
ANT_3_02259	gene	468	tsaE			
ANT_3_02259	CDS	468	tsaE		COG0802	tRNA threonylcarbamoyladenosine biosynthesis protein TsaE
ANT_3_02260	gene	1746				
ANT_3_02260	CDS	1746				hypothetical protein
ANT_3_02261	gene	1905	mutL			
ANT_3_02261	CDS	1905	mutL		COG0323	DNA mismatch repair protein MutL
ANT_3_02262	gene	942	miaA			
ANT_3_02262	CDS	942	miaA	2.5.1.75	COG0324	tRNA dimethylallyltransferase
ANT_3_02263	gene	309	hfq			
ANT_3_02263	CDS	309	hfq		COG1923	RNA-binding protein Hfq
ANT_3_02264	gene	1305	hflX			
ANT_3_02264	CDS	1305	hflX		COG2262	GTPase HflX
ANT_3_02265	gene	1290	hflK			
ANT_3_02265	CDS	1290	hflK		COG0330	Modulator of FtsH protease HflK
ANT_3_02266	gene	1005	hflC			
ANT_3_02266	CDS	1005	hflC		COG0330	Modulator of FtsH protease HflC
ANT_3_02267	gene	201				
ANT_3_02267	CDS	201				hypothetical protein
ANT_3_02268	gene	1299	purA			
ANT_3_02268	CDS	1299	purA	6.3.4.4	COG0104	Adenylosuccinate synthetase
ANT_3_02269	gene	426	nsrR			
ANT_3_02269	CDS	426	nsrR		COG1959	HTH-type transcriptional repressor NsrR
ANT_3_02270	gene	2499	rnr			
ANT_3_02270	CDS	2499	rnr	3.1.13.1	COG0557	Ribonuclease R
ANT_3_02271	gene	816	rlmB			
ANT_3_02271	CDS	816	rlmB	2.1.1.185	COG0566	23S rRNA (guanosine-2'-O-)-methyltransferase RlmB
ANT_3_02272	gene	1632	aidB			
ANT_3_02272	CDS	1632	aidB	1.3.99.-	COG1960	Putative acyl-CoA dehydrogenase AidB
ANT_3_02273	gene	312	bsmA			
ANT_3_02273	CDS	312	bsmA			Lipoprotein BsmA
ANT_3_02274	gene	1950				
ANT_3_02274	CDS	1950				hypothetical protein
ANT_3_02275	gene	750				
ANT_3_02275	CDS	750				hypothetical protein
ANT_3_02276	gene	393	rpsF			
ANT_3_02276	CDS	393	rpsF		COG0360	30S ribosomal protein S6
ANT_3_02277	gene	228	rpsR			
ANT_3_02277	CDS	228	rpsR		COG0238	30S ribosomal protein S18
ANT_3_02278	gene	453	rplI			
ANT_3_02278	CDS	453	rplI		COG0359	50S ribosomal protein L9
ANT_3_02279	gene	708				
ANT_3_02279	CDS	708				hypothetical protein
ANT_3_02280	gene	621	fklB			
ANT_3_02280	CDS	621	fklB	5.2.1.8	COG0545	FKBP-type 22 kDa peptidyl-prolyl cis-trans isomerase
ANT_3_02281	gene	666	ytfE			
ANT_3_02281	CDS	666	ytfE		COG2846	Iron-sulfur cluster repair protein YtfE
ANT_3_02282	gene	1950	cpdB			
ANT_3_02282	CDS	1950	cpdB	3.1.3.6	COG0737	2',3'-cyclic-nucleotide 2'-phosphodiesterase/3'-nucleotidase
ANT_3_02283	gene	747	cysQ_1			
ANT_3_02283	CDS	747	cysQ_1	3.1.3.7	COG1218	3'(2'),5'-bisphosphate nucleotidase CysQ
ANT_3_02284	gene	561	ytfJ			
ANT_3_02284	CDS	561	ytfJ		COG3054	putative protein YtfJ
ANT_3_02285	gene	207				
ANT_3_02285	CDS	207				hypothetical protein
ANT_3_02286	gene	1350				
ANT_3_02286	CDS	1350				hypothetical protein
ANT_3_02287	gene	639	msrA			
ANT_3_02287	CDS	639	msrA	1.8.4.11	COG0225	Peptide methionine sulfoxide reductase MsrA
ANT_3_02288	gene	1737	tamA			
ANT_3_02288	CDS	1737	tamA		COG0729	Translocation and assembly module subunit TamA
ANT_3_02289	gene	3813	tamB			
ANT_3_02289	CDS	3813	tamB		COG2911	Translocation and assembly module subunit TamB
ANT_3_02290	gene	354	ytfP			
ANT_3_02290	CDS	354	ytfP		COG2105	Gamma-glutamylcyclotransferase family protein YtfP
ANT_3_02291	gene	531	ppa			
ANT_3_02291	CDS	531	ppa	3.6.1.1	COG0221	Inorganic pyrophosphatase
ANT_3_02292	gene	1572	tsr_2			
ANT_3_02292	CDS	1572	tsr_2		COG0840	Methyl-accepting chemotaxis protein I
ANT_3_02293	gene	1005	fbp			
ANT_3_02293	CDS	1005	fbp	3.1.3.11	COG0158	Fructose-1,6-bisphosphatase class 1
ANT_3_02294	gene	1386	mpl			
ANT_3_02294	CDS	1386	mpl	6.3.2.45	COG0773	UDP-N-acetylmuramate--L-alanyl-gamma-D-glutamyl-meso-2,6-diaminoheptandioate ligase
ANT_3_02295	gene	264				
ANT_3_02295	CDS	264				hypothetical protein
ANT_3_02296	gene	264				
ANT_3_02296	CDS	264				hypothetical protein
ANT_3_02297	gene	471	argR			
ANT_3_02297	CDS	471	argR		COG1438	Arginine repressor
ANT_3_02298	gene	939	mdh			
ANT_3_02298	CDS	939	mdh	1.1.1.37	COG0039	Malate dehydrogenase
ANT_3_02299	gene	279				
ANT_3_02299	CDS	279				hypothetical protein
ANT_3_02300	gene	360				
ANT_3_02300	CDS	360				hypothetical protein
ANT_3_02301	gene	972	ispB			
ANT_3_02301	CDS	972	ispB	2.5.1.90	COG0142	Octaprenyl diphosphate synthase
ANT_3_02302	gene	312	rplU			
ANT_3_02302	CDS	312	rplU		COG0261	50S ribosomal protein L21
ANT_3_02303	gene	258	rpmA			
ANT_3_02303	CDS	258	rpmA		COG0211	50S ribosomal protein L27
ANT_3_02304	gene	957	yhbE			
ANT_3_02304	CDS	957	yhbE		COG0697	putative inner membrane transporter YhbE
ANT_3_02305	gene	1173	obgE			
ANT_3_02305	CDS	1173	obgE	3.6.5.-	COG0536	GTPase ObgE/CgtA
ANT_3_02306	gene	1095	basS			
ANT_3_02306	CDS	1095	basS	2.7.13.3		Sensor protein BasS
ANT_3_02307	gene	663	basR			
ANT_3_02307	CDS	663	basR			Transcriptional regulatory protein BasR
ANT_3_02308	gene	1434	dacB			
ANT_3_02308	CDS	1434	dacB	3.4.16.4	COG2027	D-alanyl-D-alanine carboxypeptidase DacB
ANT_3_02309	gene	477	greA			
ANT_3_02309	CDS	477	greA		COG0782	Transcription elongation factor GreA
ANT_3_02310	gene	297	yhbY			
ANT_3_02310	CDS	297	yhbY		COG1534	RNA-binding protein YhbY
ANT_3_02311	gene	630	rlmE			
ANT_3_02311	CDS	630	rlmE	2.1.1.166	COG0293	Ribosomal RNA large subunit methyltransferase E
ANT_3_02312	gene	1953	ftsH_2			
ANT_3_02312	CDS	1953	ftsH_2	3.4.24.-	COG0465	ATP-dependent zinc metalloprotease FtsH
ANT_3_02313	gene	840	folP			
ANT_3_02313	CDS	840	folP	2.5.1.15	COG0294	Dihydropteroate synthase
ANT_3_02314	gene	1341	glmM			
ANT_3_02314	CDS	1341	glmM	5.4.2.10	COG1109	Phosphoglucosamine mutase
ANT_3_02315	gene	336	secG			
ANT_3_02315	CDS	336	secG		COG1314	Protein-export membrane protein SecG
ANT_3_02316	gene	87				
ANT_3_02316	tRNA	87				tRNA-Leu(gag)
ANT_3_02317	gene	77				
ANT_3_02317	tRNA	77				tRNA-Met(cat)
ANT_3_02318	gene	453	rimP			
ANT_3_02318	CDS	453	rimP		COG0779	Ribosome maturation factor RimP
ANT_3_02319	gene	1509	nusA			
ANT_3_02319	CDS	1509	nusA		COG0195	Transcription termination/antitermination protein NusA
ANT_3_02320	gene	2694	infB			
ANT_3_02320	CDS	2694	infB		COG0532	Translation initiation factor IF-2
ANT_3_02321	gene	414	rbfA			
ANT_3_02321	CDS	414	rbfA		COG0858	30S ribosome-binding factor
ANT_3_02322	gene	945	truB			
ANT_3_02322	CDS	945	truB	5.4.99.25	COG0130	tRNA pseudouridine synthase B
ANT_3_02323	gene	270	rpsO			
ANT_3_02323	CDS	270	rpsO		COG0184	30S ribosomal protein S15
ANT_3_02324	gene	2124	pnp			
ANT_3_02324	CDS	2124	pnp	2.7.7.8	COG1185	Polyribonucleotide nucleotidyltransferase
ANT_3_02325	gene	885	nlpI			
ANT_3_02325	CDS	885	nlpI		COG4785	Lipoprotein NlpI
ANT_3_02326	gene	1914	deaD			
ANT_3_02326	CDS	1914	deaD	3.6.4.13	COG0513	ATP-dependent RNA helicase DeaD
ANT_3_02327	gene	1026				
ANT_3_02327	CDS	1026				hypothetical protein
ANT_3_02328	gene	975				
ANT_3_02328	CDS	975				hypothetical protein
ANT_3_02329	gene	1173				
ANT_3_02329	CDS	1173				hypothetical protein
ANT_3_02330	gene	1164				
ANT_3_02330	CDS	1164				hypothetical protein
ANT_3_02331	gene	879				
ANT_3_02331	CDS	879				hypothetical protein
ANT_3_02332	gene	996	yhbU			
ANT_3_02332	CDS	996	yhbU	3.4.-.-	COG0826	putative protease YhbU
ANT_3_02333	gene	522	ubiJ_1			
ANT_3_02333	CDS	522	ubiJ_1			Ubiquinone biosynthesis accessory factor UbiJ
ANT_3_02334	gene	504				
ANT_3_02334	CDS	504				hypothetical protein
ANT_3_02335	gene	1119	chuR_2			
ANT_3_02335	CDS	1119	chuR_2	1.1.99.-	COG0641	Anaerobic sulfatase-maturating enzyme
ANT_3_02336	gene	360	yidG_2			
ANT_3_02336	CDS	360	yidG_2			Inner membrane protein YidG
ANT_3_02337	gene	351	yidH_2			
ANT_3_02337	CDS	351	yidH_2		COG2149	Inner membrane protein YidH
ANT_3_02338	gene	1500				
ANT_3_02338	CDS	1500		3.1.6.-		Ulvan-active sulfatase
ANT_3_02339	gene	1713	yidK_2			
ANT_3_02339	CDS	1713	yidK_2		COG4146	putative symporter YidK
ANT_3_02340	gene	858	rhaR_8			
ANT_3_02340	CDS	858	rhaR_8			HTH-type transcriptional activator RhaR
ANT_3_02341	gene	252				
ANT_3_02341	CDS	252				hypothetical protein
ANT_3_02342	gene	453				
ANT_3_02342	CDS	453				hypothetical protein
ANT_3_02343	gene	642				
ANT_3_02343	CDS	642				hypothetical protein
ANT_3_02344	gene	639	dapH			
ANT_3_02344	CDS	639	dapH	2.3.1.89		2,3,4,5-tetrahydropyridine-2,6-dicarboxylate N-acetyltransferase
ANT_3_02345	gene	576	phnN			
ANT_3_02345	CDS	576	phnN	2.7.4.23	COG3709	Ribose 1,5-bisphosphate phosphokinase PhnN
ANT_3_02346	gene	1137	phnM			
ANT_3_02346	CDS	1137	phnM	3.6.1.63	COG3454	Alpha-D-ribose 1-methylphosphonate 5-triphosphate diphosphatase
ANT_3_02347	gene	708	phnL			
ANT_3_02347	CDS	708	phnL	2.7.8.37	COG4778	Alpha-D-ribose 1-methylphosphonate 5-triphosphate synthase subunit PhnL
ANT_3_02348	gene	792	phnK			
ANT_3_02348	CDS	792	phnK		COG4107	Putative phosphonates utilization ATP-binding protein PhnK
ANT_3_02349	gene	876	phnJ			
ANT_3_02349	CDS	876	phnJ	4.7.1.1	COG3627	Alpha-D-ribose 1-methylphosphonate 5-phosphate C-P lyase
ANT_3_02350	gene	1083	phnI			
ANT_3_02350	CDS	1083	phnI	2.7.8.37	COG3626	Alpha-D-ribose 1-methylphosphonate 5-triphosphate synthase subunit PhnI
ANT_3_02351	gene	582	phnH			
ANT_3_02351	CDS	582	phnH	2.7.8.37	COG3625	Alpha-D-ribose 1-methylphosphonate 5-triphosphate synthase subunit PhnH
ANT_3_02352	gene	444	phnG			
ANT_3_02352	CDS	444	phnG	2.7.8.37	COG3624	Alpha-D-ribose 1-methylphosphonate 5-triphosphate synthase subunit PhnG
ANT_3_02353	gene	726	phnF			
ANT_3_02353	CDS	726	phnF		COG2188	putative transcriptional regulator PhnF
ANT_3_02354	gene	162				
ANT_3_02354	CDS	162				hypothetical protein
ANT_3_02355	gene	324				
ANT_3_02355	CDS	324				hypothetical protein
ANT_3_02356	gene	435	nrdG			
ANT_3_02356	CDS	435	nrdG	1.97.1.-	COG0602	Anaerobic ribonucleoside-triphosphate reductase-activating protein
ANT_3_02357	gene	2187	nrdD			
ANT_3_02357	CDS	2187	nrdD	1.1.98.6	COG1328	Anaerobic ribonucleoside-triphosphate reductase
ANT_3_02358	gene	1644	treC			
ANT_3_02358	CDS	1644	treC	3.2.1.93	COG0366	Trehalose-6-phosphate hydrolase
ANT_3_02359	gene	1419	treB			
ANT_3_02359	CDS	1419	treB		COG1263	PTS system trehalose-specific EIIBC component
ANT_3_02360	gene	951	treR			
ANT_3_02360	CDS	951	treR		COG1609	HTH-type transcriptional regulator TreR
ANT_3_02361	gene	2700	mgtA			
ANT_3_02361	CDS	2700	mgtA	7.2.2.14	COG0474	Magnesium-transporting ATPase, P-type 1
ANT_3_02362	gene	972	alx_1			
ANT_3_02362	CDS	972	alx_1		COG0861	Putative membrane-bound redox modulator Alx
ANT_3_02363	gene	747				
ANT_3_02363	CDS	747				hypothetical protein
ANT_3_02364	gene	987	iolU			
ANT_3_02364	CDS	987	iolU	1.1.1.371	COG0673	scyllo-inositol 2-dehydrogenase (NADP(+)) IolU
ANT_3_02365	gene	507	ygjP			
ANT_3_02365	CDS	507	ygjP	3.6.1.-	COG1451	UTP pyrophosphatase
ANT_3_02366	gene	1152	rlmG			
ANT_3_02366	CDS	1152	rlmG	2.1.1.174	COG2813	Ribosomal RNA large subunit methyltransferase G
ANT_3_02367	gene	732				
ANT_3_02367	CDS	732				hypothetical protein
ANT_3_02368	gene	276				
ANT_3_02368	CDS	276				hypothetical protein
ANT_3_02369	gene	2037	fadH			
ANT_3_02369	CDS	2037	fadH	1.3.1.34	COG0446	2,4-dienoyl-CoA reductase
ANT_3_02370	gene	867	fadB_1			
ANT_3_02370	CDS	867	fadB_1	5.3.3.8		Fatty acid oxidation complex subunit alpha
ANT_3_02371	gene	2019	pdeR			
ANT_3_02371	CDS	2019	pdeR	3.1.4.52	COG2199	Cyclic di-GMP phosphodiesterase PdeR
ANT_3_02372	gene	2298				
ANT_3_02372	CDS	2298		3.2.1.-		Beta-xylosidase
ANT_3_02373	gene	285				
ANT_3_02373	CDS	285				hypothetical protein
ANT_3_02374	gene	2727	malT			
ANT_3_02374	CDS	2727	malT		COG2909	HTH-type transcriptional regulator MalT
ANT_3_02375	gene	120				
ANT_3_02375	CDS	120				hypothetical protein
ANT_3_02376	gene	2403	malP_4			
ANT_3_02376	CDS	2403	malP_4	2.4.1.1	COG0058	Maltodextrin phosphorylase
ANT_3_02377	gene	2088	malQ_2			
ANT_3_02377	CDS	2088	malQ_2	2.4.1.25	COG1640	4-alpha-glucanotransferase
ANT_3_02378	gene	891	malG			
ANT_3_02378	CDS	891	malG		COG3833	Maltose/maltodextrin transport system permease protein MalG
ANT_3_02379	gene	1545	malF			
ANT_3_02379	CDS	1545	malF		COG1175	Maltose/maltodextrin transport system permease protein MalF
ANT_3_02380	gene	1200	malE			
ANT_3_02380	CDS	1200	malE		COG2182	Maltose/maltodextrin-binding periplasmic protein
ANT_3_02381	gene	1110	malK_2			
ANT_3_02381	CDS	1110	malK_2	7.5.2.1		Maltose/maltodextrin import ATP-binding protein MalK
ANT_3_02382	gene	1296	lamB_2			
ANT_3_02382	CDS	1296	lamB_2		COG4580	Maltoporin
ANT_3_02383	gene	900				
ANT_3_02383	CDS	900				hypothetical protein
ANT_3_02384	gene	939				
ANT_3_02384	CDS	939				hypothetical protein
ANT_3_02385	gene	438				
ANT_3_02385	CDS	438				hypothetical protein
ANT_3_02386	gene	699	phoC_1			
ANT_3_02386	CDS	699	phoC_1	3.1.3.2		Major phosphate-irrepressible acid phosphatase
ANT_3_02387	gene	486	ogt			
ANT_3_02387	CDS	486	ogt	2.1.1.63	COG0350	Methylated-DNA--protein-cysteine methyltransferase
ANT_3_02388	gene	1344	gdhA			
ANT_3_02388	CDS	1344	gdhA	1.4.1.4	COG0334	NADP-specific glutamate dehydrogenase
ANT_3_02389	gene	1944	pglF			
ANT_3_02389	CDS	1944	pglF	4.2.1.135	COG1086	UDP-N-acetyl-alpha-D-glucosamine C6 dehydratase
ANT_3_02390	gene	1005	tagO			
ANT_3_02390	CDS	1005	tagO	2.7.8.33	COG0472	putative undecaprenyl-phosphate N-acetylglucosaminyl 1-phosphate transferase
ANT_3_02391	gene	945	gnu			
ANT_3_02391	CDS	945	gnu	5.1.3.26	COG0451	N-acetyl-alpha-D-glucosaminyl-diphospho-ditrans,octacis-undecaprenol 4-epimerase
ANT_3_02392	gene	1125				
ANT_3_02392	CDS	1125		2.4.1.11	COG0438	Glycogen synthase
ANT_3_02393	gene	885	tld			
ANT_3_02393	CDS	885	tld	1.1.1.135	COG0451	GDP-6-deoxy-D-talose 4-dehydrogenase
ANT_3_02394	gene	1038	gmd_2			
ANT_3_02394	CDS	1038	gmd_2	4.2.1.47	COG1089	GDP-mannose 4,6-dehydratase
ANT_3_02395	gene	1122				
ANT_3_02395	CDS	1122				hypothetical protein
ANT_3_02396	gene	1122				
ANT_3_02396	CDS	1122				hypothetical protein
ANT_3_02397	gene	1203				
ANT_3_02397	CDS	1203				hypothetical protein
ANT_3_02398	gene	1578				
ANT_3_02398	CDS	1578				hypothetical protein
ANT_3_02399	gene	1011	mshA_4			
ANT_3_02399	CDS	1011	mshA_4	2.4.1.250		D-inositol-3-phosphate glycosyltransferase
ANT_3_02400	gene	1146				
ANT_3_02400	CDS	1146				hypothetical protein
ANT_3_02401	gene	957				
ANT_3_02401	CDS	957				hypothetical protein
ANT_3_02402	gene	603	gpmA_2			
ANT_3_02402	CDS	603	gpmA_2	5.4.2.11		2,3-bisphosphoglycerate-dependent phosphoglycerate mutase
ANT_3_02403	gene	1185				
ANT_3_02403	CDS	1185				hypothetical protein
ANT_3_02404	gene	1209				
ANT_3_02404	CDS	1209				hypothetical protein
ANT_3_02405	gene	150				
ANT_3_02405	CDS	150				hypothetical protein
ANT_3_02406	gene	1563				
ANT_3_02406	CDS	1563				hypothetical protein
ANT_3_02407	gene	1419				
ANT_3_02407	CDS	1419				hypothetical protein
ANT_3_02408	gene	753	btuD_5			
ANT_3_02408	CDS	753	btuD_5	7.6.2.8		Vitamin B12 import ATP-binding protein BtuD
ANT_3_02409	gene	849				
ANT_3_02409	CDS	849				hypothetical protein
ANT_3_02410	gene	1365	algC_2			
ANT_3_02410	CDS	1365	algC_2	5.4.2.2	COG1109	Phosphomannomutase/phosphoglucomutase
ANT_3_02411	gene	1413	manC1_2			
ANT_3_02411	CDS	1413	manC1_2	2.7.7.13	COG0662	Mannose-1-phosphate guanylyltransferase 1
ANT_3_02412	gene	77				
ANT_3_02412	tRNA	77				tRNA-Met(cat)
ANT_3_02413	gene	498	mug			
ANT_3_02413	CDS	498	mug	3.2.2.28	COG3663	G/U mismatch-specific DNA glycosylase
ANT_3_02414	gene	1839	rpoD			
ANT_3_02414	CDS	1839	rpoD		COG0568	RNA polymerase sigma factor RpoD
ANT_3_02415	gene	1749	dnaG			
ANT_3_02415	CDS	1749	dnaG	2.7.7.-	COG0358	DNA primase
ANT_3_02416	gene	216	rpsU			
ANT_3_02416	CDS	216	rpsU		COG0828	30S ribosomal protein S21
ANT_3_02417	gene	1014	tsaD			
ANT_3_02417	CDS	1014	tsaD	2.3.1.234	COG0533	tRNA N6-adenosine threonylcarbamoyltransferase
ANT_3_02418	gene	618	plsY			
ANT_3_02418	CDS	618	plsY	2.3.1.15	COG0344	putative glycerol-3-phosphate acyltransferase
ANT_3_02419	gene	357	folB			
ANT_3_02419	CDS	357	folB	4.1.2.25	COG1539	Dihydroneopterin aldolase
ANT_3_02420	gene	828	uppP			
ANT_3_02420	CDS	828	uppP	3.6.1.27	COG1968	Undecaprenyl-diphosphatase
ANT_3_02421	gene	1236	cca			
ANT_3_02421	CDS	1236	cca		COG0617	Multifunctional CCA protein
ANT_3_02422	gene	621				
ANT_3_02422	CDS	621				hypothetical protein
ANT_3_02423	gene	1308	ygiF			
ANT_3_02423	CDS	1308	ygiF	3.6.1.25	COG3025	Inorganic triphosphatase
ANT_3_02424	gene	2838	glnE			
ANT_3_02424	CDS	2838	glnE		COG1391	Bifunctional glutamine synthetase adenylyltransferase/adenylyl-removing enzyme
ANT_3_02425	gene	1428	hldE			
ANT_3_02425	CDS	1428	hldE		COG2870	Bifunctional protein HldE
ANT_3_02426	gene	1251	yjeH			
ANT_3_02426	CDS	1251	yjeH		COG0531	L-methionine/branched-chain amino acid exporter YjeH
ANT_3_02427	gene	273	ubiK			
ANT_3_02427	CDS	273	ubiK		COG2960	Ubiquinone biosynthesis accessory factor UbiK
ANT_3_02428	gene	654	ribB			
ANT_3_02428	CDS	654	ribB	4.1.99.12	COG0108	3,4-dihydroxy-2-butanone 4-phosphate synthase
ANT_3_02429	gene	789	ygiD			
ANT_3_02429	CDS	789	ygiD	1.13.11.29	COG3384	4,5-DOPA dioxygenase extradiol
ANT_3_02430	gene	1161	ygiC			
ANT_3_02430	CDS	1161	ygiC	6.3.1.-	COG0754	Putative acid--amine ligase YgiC
ANT_3_02431	gene	672				
ANT_3_02431	CDS	672				hypothetical protein
ANT_3_02432	gene	1485	tolC			
ANT_3_02432	CDS	1485	tolC			Outer membrane protein TolC
ANT_3_02433	gene	636	nudF			
ANT_3_02433	CDS	636	nudF	3.6.1.13		ADP-ribose pyrophosphatase
ANT_3_02434	gene	426				
ANT_3_02434	CDS	426				hypothetical protein
ANT_3_02435	gene	831	cpdA_3			
ANT_3_02435	CDS	831	cpdA_3	3.1.4.53	COG1409	3',5'-cyclic adenosine monophosphate phosphodiesterase CpdA
ANT_3_02436	gene	582				
ANT_3_02436	CDS	582				hypothetical protein
ANT_3_02437	gene	1896	parE			
ANT_3_02437	CDS	1896	parE	5.6.2.2	COG0187	DNA topoisomerase 4 subunit B
ANT_3_02438	gene	306	ygiN			
ANT_3_02438	CDS	306	ygiN	1.-.-.-	COG1359	putative quinol monooxygenase YgiN
ANT_3_02439	gene	588	mdaB			
ANT_3_02439	CDS	588	mdaB	1.6.5.10	COG2249	NADPH:quinone oxidoreductase MdaB
ANT_3_02440	gene	2274	parC			
ANT_3_02440	CDS	2274	parC	5.6.2.2	COG0188	DNA topoisomerase 4 subunit A
ANT_3_02441	gene	738	plsC			
ANT_3_02441	CDS	738	plsC	2.3.1.51	COG0204	1-acyl-sn-glycerol-3-phosphate acyltransferase
ANT_3_02442	gene	1416	ftsP			
ANT_3_02442	CDS	1416	ftsP		COG2132	Cell division protein FtsP
ANT_3_02443	gene	825	dkgA			
ANT_3_02443	CDS	825	dkgA	1.1.1.274	COG0656	2,5-diketo-D-gluconic acid reductase A
ANT_3_02444	gene	1041	ahr			
ANT_3_02444	CDS	1041	ahr	1.1.1.2	COG1064	Aldehyde reductase Ahr
ANT_3_02445	gene	936	rhaS_5			
ANT_3_02445	CDS	936	rhaS_5			HTH-type transcriptional activator RhaS
ANT_3_02446	gene	660	yghB			
ANT_3_02446	CDS	660	yghB		COG0586	Inner membrane protein YghB
ANT_3_02447	gene	1203	metC			
ANT_3_02447	CDS	1203	metC	4.4.1.13	COG0626	Cystathionine beta-lyase MetC
ANT_3_02448	gene	1293	dctM			
ANT_3_02448	CDS	1293	dctM		COG1593	C4-dicarboxylate TRAP transporter large permease protein DctM
ANT_3_02449	gene	513				
ANT_3_02449	CDS	513				hypothetical protein
ANT_3_02450	gene	978	dctP			
ANT_3_02450	CDS	978	dctP		COG1638	Solute-binding protein
ANT_3_02451	gene	948	tolQ_2			
ANT_3_02451	CDS	948	tolQ_2			Tol-Pal system protein TolQ
ANT_3_02452	gene	432	exbD			
ANT_3_02452	CDS	432	exbD		COG0848	Biopolymer transport protein ExbD
ANT_3_02453	gene	1572	garD			
ANT_3_02453	CDS	1572	garD	4.2.1.42	COG2721	Galactarate dehydratase (L-threo-forming)
ANT_3_02454	gene	1347	garP_1			
ANT_3_02454	CDS	1347	garP_1			putative galactarate transporter
ANT_3_02455	gene	759	garL			
ANT_3_02455	CDS	759	garL	4.1.2.20	COG3836	5-keto-4-deoxy-D-glucarate aldolase
ANT_3_02456	gene	885	garR			
ANT_3_02456	CDS	885	garR	1.1.1.60	COG2084	2-hydroxy-3-oxopropionate reductase
ANT_3_02457	gene	1140	garK			
ANT_3_02457	CDS	1140	garK	2.7.1.165	COG1929	Glycerate 2-kinase
ANT_3_02458	gene	1308				
ANT_3_02458	CDS	1308		4.1.2.42		D-threonine aldolase
ANT_3_02459	gene	2751	barA			
ANT_3_02459	CDS	2751	barA	2.7.13.3	COG0784	Signal transduction histidine-protein kinase BarA
ANT_3_02460	gene	1365	rlmD			
ANT_3_02460	CDS	1365	rlmD	2.1.1.190	COG2265	23S rRNA (uracil(1939)-C(5))-methyltransferase RlmD
ANT_3_02461	gene	2238	relA			
ANT_3_02461	CDS	2238	relA	2.7.6.5	COG0317	GTP pyrophosphokinase
ANT_3_02462	gene	804	mazG			
ANT_3_02462	CDS	804	mazG	3.6.1.8	COG1694	Nucleoside triphosphate pyrophosphohydrolase
ANT_3_02463	gene	1638	pyrG_1			
ANT_3_02463	CDS	1638	pyrG_1	6.3.4.2	COG0504	CTP synthase
ANT_3_02464	gene	1299	eno			
ANT_3_02464	CDS	1299	eno	4.2.1.11	COG0148	Enolase
ANT_3_02465	gene	1110				
ANT_3_02465	CDS	1110				hypothetical protein
ANT_3_02466	gene	1338	gntP			
ANT_3_02466	CDS	1338	gntP		COG2610	High-affinity gluconate transporter
ANT_3_02467	gene	672	queE			
ANT_3_02467	CDS	672	queE	4.3.99.3		7-carboxy-7-deazaguanine synthase
ANT_3_02468	gene	1242	agp_2			
ANT_3_02468	CDS	1242	agp_2	3.1.3.10		Glucose-1-phosphatase
ANT_3_02469	gene	366	queD			
ANT_3_02469	CDS	366	queD	4.1.2.50	COG0720	6-carboxy-5,6,7,8-tetrahydropterin synthase
ANT_3_02470	gene	1803	cysJ			
ANT_3_02470	CDS	1803	cysJ	1.8.1.2	COG0369	Sulfite reductase [NADPH] flavoprotein alpha-component
ANT_3_02471	gene	1713	cysI			
ANT_3_02471	CDS	1713	cysI	1.8.1.2	COG0155	Sulfite reductase [NADPH] hemoprotein beta-component
ANT_3_02472	gene	735	cysH			
ANT_3_02472	CDS	735	cysH	1.8.4.8	COG0175	Phosphoadenosine phosphosulfate reductase
ANT_3_02473	gene	204				
ANT_3_02473	CDS	204				hypothetical protein
ANT_3_02474	gene	1047				
ANT_3_02474	CDS	1047				hypothetical protein
ANT_3_02475	gene	909	cysD			
ANT_3_02475	CDS	909	cysD	2.7.7.4	COG0175	Sulfate adenylyltransferase subunit 2
ANT_3_02476	gene	1428	cysN			
ANT_3_02476	CDS	1428	cysN	2.7.7.4	COG2895	Sulfate adenylyltransferase subunit 1
ANT_3_02477	gene	606	cysC			
ANT_3_02477	CDS	606	cysC	2.7.1.25	COG0529	Adenylyl-sulfate kinase
ANT_3_02478	gene	327	ygbE			
ANT_3_02478	CDS	327	ygbE			Inner membrane protein YgbE
ANT_3_02479	gene	318	ftsB			
ANT_3_02479	CDS	318	ftsB		COG2919	Cell division protein FtsB
ANT_3_02480	gene	711	ispD			
ANT_3_02480	CDS	711	ispD	2.7.7.60	COG1211	2-C-methyl-D-erythritol 4-phosphate cytidylyltransferase
ANT_3_02481	gene	480	ispF			
ANT_3_02481	CDS	480	ispF	4.6.1.12	COG0245	2-C-methyl-D-erythritol 2,4-cyclodiphosphate synthase
ANT_3_02482	gene	1050	truD			
ANT_3_02482	CDS	1050	truD	5.4.99.27	COG0585	tRNA pseudouridine synthase D
ANT_3_02483	gene	762	surE			
ANT_3_02483	CDS	762	surE	3.1.3.5	COG0496	5'/3'-nucleotidase SurE
ANT_3_02484	gene	630	pcm			
ANT_3_02484	CDS	630	pcm	2.1.1.77	COG2518	Protein-L-isoaspartate O-methyltransferase
ANT_3_02485	gene	1146	nlpD			
ANT_3_02485	CDS	1146	nlpD			Murein hydrolase activator NlpD
ANT_3_02486	gene	993	rpoS			
ANT_3_02486	CDS	993	rpoS			RNA polymerase sigma factor RpoS
ANT_3_02487	gene	405	hosA			
ANT_3_02487	CDS	405	hosA			Transcriptional regulator HosA
ANT_3_02488	gene	591	ecdB			
ANT_3_02488	CDS	591	ecdB	2.5.1.129	COG0163	putative UbiX-like flavin prenyltransferase
ANT_3_02489	gene	1428	edcC			
ANT_3_02489	CDS	1428	edcC	4.1.1.61	COG0043	Phenolic acid decarboxylase
ANT_3_02490	gene	237	vdcD			
ANT_3_02490	CDS	237	vdcD			Protein VdcD
ANT_3_02491	gene	2562	mutS			
ANT_3_02491	CDS	2562	mutS		COG0249	DNA mismatch repair protein MutS
ANT_3_02492	gene	1212				
ANT_3_02492	CDS	1212				hypothetical protein
ANT_3_02493	gene	234	yedF			
ANT_3_02493	CDS	234	yedF		COG0425	Putative sulfur carrier protein YedF
ANT_3_02494	gene	1248	tnaB			
ANT_3_02494	CDS	1248	tnaB		COG0814	Low affinity tryptophan permease
ANT_3_02495	gene	1416	tnaA			
ANT_3_02495	CDS	1416	tnaA	4.1.99.1	COG3033	Tryptophanase
ANT_3_02496	gene	780	hmuV_1			
ANT_3_02496	CDS	780	hmuV_1	3.6.3.-	COG4559	Hemin import ATP-binding protein HmuV
ANT_3_02497	gene	996	hmuU_1			
ANT_3_02497	CDS	996	hmuU_1		COG0609	Hemin transport system permease protein HmuU
ANT_3_02498	gene	822	hmuT_1			
ANT_3_02498	CDS	822	hmuT_1		COG4558	Hemin-binding periplasmic protein HmuT
ANT_3_02499	gene	1044	hemS_1			
ANT_3_02499	CDS	1044	hemS_1		COG3720	Hemin transport protein HemS
ANT_3_02500	gene	2358				
ANT_3_02500	CDS	2358				hypothetical protein
ANT_3_02501	gene	288				
ANT_3_02501	CDS	288				hypothetical protein
ANT_3_02502	gene	345				
ANT_3_02502	CDS	345				hypothetical protein
ANT_3_02503	gene	822	rhaR_9			
ANT_3_02503	CDS	822	rhaR_9			HTH-type transcriptional activator RhaR
ANT_3_02504	gene	768				
ANT_3_02504	CDS	768				hypothetical protein
ANT_3_02505	gene	876	cutD_1			
ANT_3_02505	CDS	876	cutD_1	1.97.1.-	COG1180	Choline trimethylamine-lyase activating enzyme
ANT_3_02506	gene	2298	cutC_1			
ANT_3_02506	CDS	2298	cutC_1	4.3.99.4	COG1882	Choline trimethylamine-lyase
ANT_3_02507	gene	951				
ANT_3_02507	CDS	951				hypothetical protein
ANT_3_02508	gene	429	mopA_2			
ANT_3_02508	CDS	429	mopA_2		COG2005	Molybdenum-pterin-binding protein MopA
ANT_3_02509	gene	2082	fhlA_2			
ANT_3_02509	CDS	2082	fhlA_2		COG3604	Formate hydrogenlyase transcriptional activator
ANT_3_02510	gene	1011	hypE_2			
ANT_3_02510	CDS	1011	hypE_2	4.2.1.-	COG0309	Carbamoyl dehydratase HypE
ANT_3_02511	gene	1122	hypD_2			
ANT_3_02511	CDS	1122	hypD_2		COG0409	Hydrogenase maturation factor HypD
ANT_3_02512	gene	273	hypC			
ANT_3_02512	CDS	273	hypC		COG0298	Hydrogenase maturation factor HypC
ANT_3_02513	gene	873	hypB_3			
ANT_3_02513	CDS	873	hypB_3		COG0378	Hydrogenase maturation factor HypB
ANT_3_02514	gene	351	hypA_2			
ANT_3_02514	CDS	351	hypA_2		COG0375	Hydrogenase maturation factor HypA
ANT_3_02515	gene	468	hycA_2			
ANT_3_02515	CDS	468	hycA_2			Formate hydrogenlyase regulatory protein HycA
ANT_3_02516	gene	609	hyfA_3			
ANT_3_02516	CDS	609	hyfA_3	1.-.-.-	COG1142	Hydrogenase-4 component A
ANT_3_02517	gene	1827	ndhB			
ANT_3_02517	CDS	1827	ndhB	7.1.1.-		NAD(P)H-quinone oxidoreductase subunit 2, chloroplastic
ANT_3_02518	gene	924	hycD_2			
ANT_3_02518	CDS	924	hycD_2		COG0650	Formate hydrogenlyase subunit 4
ANT_3_02519	gene	1710	hycE_2			
ANT_3_02519	CDS	1710	hycE_2		COG3261	Formate hydrogenlyase subunit 5
ANT_3_02520	gene	543	ndhI_2			
ANT_3_02520	CDS	543	ndhI_2	7.1.1.-		NAD(P)H-quinone oxidoreductase subunit I, chloroplastic
ANT_3_02521	gene	768	hycG_2			
ANT_3_02521	CDS	768	hycG_2		COG3260	Formate hydrogenlyase subunit 7
ANT_3_02522	gene	411				
ANT_3_02522	CDS	411				hypothetical protein
ANT_3_02523	gene	474	hycI_2			
ANT_3_02523	CDS	474	hycI_2	3.4.23.51	COG0680	Hydrogenase 3 maturation protease
ANT_3_02524	gene	270				
ANT_3_02524	CDS	270				hypothetical protein
ANT_3_02525	gene	612	lacA_1			
ANT_3_02525	CDS	612	lacA_1	2.3.1.18	COG0110	Galactoside O-acetyltransferase
ANT_3_02526	gene	1254	lacY_2			
ANT_3_02526	CDS	1254	lacY_2			Lactose permease
ANT_3_02527	gene	3078	lacZ_2			
ANT_3_02527	CDS	3078	lacZ_2	3.2.1.23	COG3250	Beta-galactosidase
ANT_3_02528	gene	1089	lacI_2			
ANT_3_02528	CDS	1089	lacI_2		COG1609	Lactose operon repressor
ANT_3_02529	gene	1425	bglH_1			
ANT_3_02529	CDS	1425	bglH_1	3.2.1.86	COG2723	Aryl-phospho-beta-D-glucosidase BglH
ANT_3_02530	gene	1458	bglF_1			
ANT_3_02530	CDS	1458	bglF_1		COG1263	PTS system beta-glucoside-specific EIIBCA component
ANT_3_02531	gene	1014	ascG_1			
ANT_3_02531	CDS	1014	ascG_1		COG1609	HTH-type transcriptional regulator AscG
ANT_3_02532	gene	546	cooF_2			
ANT_3_02532	CDS	546	cooF_2		COG1142	Iron-sulfur protein
ANT_3_02533	gene	2151	fdhF_2			
ANT_3_02533	CDS	2151	fdhF_2	1.17.1.9	COG0243	Formate dehydrogenase H
ANT_3_02534	gene	2226	hypF_2			
ANT_3_02534	CDS	2226	hypF_2	6.2.-.-	COG0068	Carbamoyltransferase HypF
ANT_3_02535	gene	1017	hoxN_2			
ANT_3_02535	CDS	1017	hoxN_2			High-affinity nickel transport protein
ANT_3_02536	gene	1134	norW_2			
ANT_3_02536	CDS	1134	norW_2	1.18.1.-	COG1251	Nitric oxide reductase FlRd-NAD(+) reductase
ANT_3_02537	gene	1449	norV			
ANT_3_02537	CDS	1449	norV		COG0426	Anaerobic nitric oxide reductase flavorubredoxin
ANT_3_02538	gene	1527	norR			
ANT_3_02538	CDS	1527	norR		COG3604	Anaerobic nitric oxide reductase transcription regulator NorR
ANT_3_02539	gene	966	gutQ_1			
ANT_3_02539	CDS	966	gutQ_1	5.3.1.13	COG0517	Arabinose 5-phosphate isomerase GutQ
ANT_3_02540	gene	1071				
ANT_3_02540	CDS	1071				Tn3 family transposase TnXax1
ANT_3_02541	gene	108				
ANT_3_02541	CDS	108				hypothetical protein
ANT_3_02542	gene	678	mntB_2			
ANT_3_02542	CDS	678	mntB_2		COG1121	Manganese transport system ATP-binding protein MntB
ANT_3_02543	gene	864	mntB_3			
ANT_3_02543	CDS	864	mntB_3			Manganese transport system membrane protein MntB
ANT_3_02544	gene	879	mntA_2			
ANT_3_02544	CDS	879	mntA_2		COG0803	Manganese-binding lipoprotein MntA
ANT_3_02545	gene	234				
ANT_3_02545	CDS	234				hypothetical protein
ANT_3_02546	gene	498	pncC_1			
ANT_3_02546	CDS	498	pncC_1	3.5.1.42	COG1546	Nicotinamide-nucleotide amidohydrolase PncC
ANT_3_02547	gene	1059	recA			
ANT_3_02547	CDS	1059	recA		COG0468	Protein RecA
ANT_3_02548	gene	501	recX			
ANT_3_02548	CDS	501	recX		COG2137	Regulatory protein RecX
ANT_3_02549	gene	2628	alaS_1			
ANT_3_02549	CDS	2628	alaS_1	6.1.1.7	COG0013	Alanine--tRNA ligase
ANT_3_02550	gene	186	csrA			
ANT_3_02550	CDS	186	csrA		COG1551	Carbon storage regulator
ANT_3_02551	gene	93				
ANT_3_02551	tRNA	93				tRNA-Ser(gct)
ANT_3_02552	gene	77				
ANT_3_02552	tRNA	77				tRNA-Arg(acg)
ANT_3_02553	gene	77				
ANT_3_02553	tRNA	77				tRNA-Arg(acg)
ANT_3_02554	gene	315				
ANT_3_02554	CDS	315				hypothetical protein
ANT_3_02555	gene	567	yqaB			
ANT_3_02555	CDS	567	yqaB	3.1.3.-	COG0637	Fructose-1-phosphate phosphatase YqaB
ANT_3_02556	gene	429	yqaA			
ANT_3_02556	CDS	429	yqaA		COG1238	Inner membrane protein YqaA
ANT_3_02557	gene	1545	gshA			
ANT_3_02557	CDS	1545	gshA	6.3.2.2	COG2918	Glutamate--cysteine ligase
ANT_3_02558	gene	516	luxS			
ANT_3_02558	CDS	516	luxS	4.4.1.21	COG1854	S-ribosylhomocysteine lyase
ANT_3_02559	gene	1539	emrB_2			
ANT_3_02559	CDS	1539	emrB_2			Multidrug export protein EmrB
ANT_3_02560	gene	1173	emrA_3			
ANT_3_02560	CDS	1173	emrA_3		COG1566	Multidrug export protein EmrA
ANT_3_02561	gene	531	mprA_2			
ANT_3_02561	CDS	531	mprA_2		COG1846	Transcriptional repressor MprA
ANT_3_02562	gene	1218				
ANT_3_02562	CDS	1218				putative transporter
ANT_3_02563	gene	216				
ANT_3_02563	CDS	216				hypothetical protein
ANT_3_02564	gene	996	proX_2			
ANT_3_02564	CDS	996	proX_2		COG2113	Glycine betaine/proline betaine-binding periplasmic protein
ANT_3_02565	gene	1059	proW			
ANT_3_02565	CDS	1059	proW		COG4176	Glycine betaine/proline betaine transport system permease protein ProW
ANT_3_02566	gene	1203	proV_3			
ANT_3_02566	CDS	1203	proV_3		COG4175	Glycine betaine/proline betaine transport system ATP-binding protein ProV
ANT_3_02567	gene	432				
ANT_3_02567	CDS	432				hypothetical protein
ANT_3_02568	gene	1350	gabR_2			
ANT_3_02568	CDS	1350	gabR_2		COG1167	HTH-type transcriptional regulatory protein GabR
ANT_3_02569	gene	327	ygaM			
ANT_3_02569	CDS	327	ygaM		COG4575	putative protein YgaM
ANT_3_02570	gene	345				
ANT_3_02570	CDS	345				hypothetical protein
ANT_3_02571	gene	450	alaE			
ANT_3_02571	CDS	450	alaE			L-alanine exporter AlaE
ANT_3_02572	gene	180				
ANT_3_02572	CDS	180				hypothetical protein
ANT_3_02573	gene	522	ygaP_2			
ANT_3_02573	CDS	522	ygaP_2		COG0607	Inner membrane protein YgaP
ANT_3_02574	gene	300	ygaV			
ANT_3_02574	CDS	300	ygaV		COG0640	putative HTH-type transcriptional regulator YgaV
ANT_3_02575	gene	582	fimA			
ANT_3_02575	CDS	582	fimA			Type-1 fimbrial protein, A chain
ANT_3_02576	gene	666	lpfB_1			
ANT_3_02576	CDS	666	lpfB_1			putative fimbrial chaperone LpfB
ANT_3_02577	gene	2514	fimD_1			
ANT_3_02577	CDS	2514	fimD_1		COG3188	Outer membrane usher protein FimD
ANT_3_02578	gene	1110				
ANT_3_02578	CDS	1110				hypothetical protein
ANT_3_02579	gene	1011				
ANT_3_02579	CDS	1011				hypothetical protein
ANT_3_02580	gene	2127	fcuA_1			
ANT_3_02580	CDS	2127	fcuA_1			Ferrichrome receptor FcuA
ANT_3_02581	gene	456				
ANT_3_02581	CDS	456				hypothetical protein
ANT_3_02582	gene	768	hmuV_2			
ANT_3_02582	CDS	768	hmuV_2	3.6.3.-		Hemin import ATP-binding protein HmuV
ANT_3_02583	gene	993	hmuU_2			
ANT_3_02583	CDS	993	hmuU_2		COG0609	Hemin transport system permease protein HmuU
ANT_3_02584	gene	624				
ANT_3_02584	CDS	624				hypothetical protein
ANT_3_02585	gene	495	hutX			
ANT_3_02585	CDS	495	hutX		COG3721	Intracellular heme transport protein HutX
ANT_3_02586	gene	1341	chuW			
ANT_3_02586	CDS	1341	chuW	2.1.1.342		Anaerobilin synthase
ANT_3_02587	gene	825	hmuT_2			
ANT_3_02587	CDS	825	hmuT_2		COG4558	Hemin-binding periplasmic protein HmuT
ANT_3_02588	gene	2154	btuB_2			
ANT_3_02588	CDS	2154	btuB_2			Vitamin B12 transporter BtuB
ANT_3_02589	gene	2958				
ANT_3_02589	CDS	2958				hypothetical protein
ANT_3_02590	gene	99				
ANT_3_02590	CDS	99				hypothetical protein
ANT_3_02591	gene	624				
ANT_3_02591	CDS	624				hypothetical protein
ANT_3_02592	gene	1128				
ANT_3_02592	CDS	1128				hypothetical protein
ANT_3_02593	gene	408				
ANT_3_02593	CDS	408				hypothetical protein
ANT_3_02594	gene	165	intS_1			
ANT_3_02594	CDS	165	intS_1		COG0582	Prophage integrase IntS
ANT_3_02595	gene	1335	gph_2			
ANT_3_02595	CDS	1335	gph_2	3.1.3.18		Phosphoglycolate phosphatase
ANT_3_02596	gene	1008				
ANT_3_02596	CDS	1008				hypothetical protein
ANT_3_02597	gene	495				
ANT_3_02597	CDS	495				hypothetical protein
ANT_3_02598	gene	261				
ANT_3_02598	CDS	261				hypothetical protein
ANT_3_02599	gene	1116	doeA_1			
ANT_3_02599	CDS	1116	doeA_1	3.5.4.44	COG0006	Ectoine hydrolase
ANT_3_02600	gene	1224	ylmB			
ANT_3_02600	CDS	1224	ylmB	3.5.1.-	COG0624	N-formyl-4-amino-5-aminomethyl-2-methylpyrimidine deformylase
ANT_3_02601	gene	1626	gsiA_2			
ANT_3_02601	CDS	1626	gsiA_2	7.4.2.10	COG1123	Glutathione import ATP-binding protein GsiA
ANT_3_02602	gene	828	ddpC_1			
ANT_3_02602	CDS	828	ddpC_1		COG1173	putative D,D-dipeptide transport system permease protein DdpC
ANT_3_02603	gene	948	dppB_2			
ANT_3_02603	CDS	948	dppB_2		COG0601	Dipeptide transport system permease protein DppB
ANT_3_02604	gene	1596	gsiB_1			
ANT_3_02604	CDS	1596	gsiB_1		COG0747	Glutathione-binding protein GsiB
ANT_3_02605	gene	1317	dapE_3			
ANT_3_02605	CDS	1317	dapE_3	3.5.1.18		Succinyl-diaminopimelate desuccinylase
ANT_3_02606	gene	774	dasR			
ANT_3_02606	CDS	774	dasR		COG2188	HTH-type transcriptional repressor DasR
ANT_3_02607	gene	906	cysL_1			
ANT_3_02607	CDS	906	cysL_1		COG0583	HTH-type transcriptional regulator CysL
ANT_3_02608	gene	825	dppA_2			
ANT_3_02608	CDS	825	dppA_2	3.4.11.-	COG2362	D-aminopeptidase
ANT_3_02609	gene	1065				
ANT_3_02609	CDS	1065		3.4.11.25		Beta-peptidyl aminopeptidase BapA
ANT_3_02610	gene	912	gsiD_1			
ANT_3_02610	CDS	912	gsiD_1		COG1173	Glutathione transport system permease protein GsiD
ANT_3_02611	gene	921	gsiC_2			
ANT_3_02611	CDS	921	gsiC_2		COG0601	Glutathione transport system permease protein GsiC
ANT_3_02612	gene	1545	gsiB_2			
ANT_3_02612	CDS	1545	gsiB_2		COG0747	Glutathione-binding protein GsiB
ANT_3_02613	gene	1860	gsiA_3			
ANT_3_02613	CDS	1860	gsiA_3	7.4.2.10	COG1123	Glutathione import ATP-binding protein GsiA
ANT_3_02614	gene	966	ycjG_2			
ANT_3_02614	CDS	966	ycjG_2	5.1.1.20	COG4948	L-Ala-D/L-Glu epimerase
ANT_3_02615	gene	1011				
ANT_3_02615	CDS	1011				hypothetical protein
ANT_3_02616	gene	1098	phoE_1			
ANT_3_02616	CDS	1098	phoE_1		COG3203	Outer membrane porin PhoE
ANT_3_02617	gene	1713				
ANT_3_02617	CDS	1713		3.6.3.-	COG1132	Putative multidrug export ATP-binding/permease protein
ANT_3_02618	gene	705				
ANT_3_02618	CDS	705				hypothetical protein
ANT_3_02619	gene	138				
ANT_3_02619	CDS	138				hypothetical protein
ANT_3_02620	gene	873	dat			
ANT_3_02620	CDS	873	dat	2.6.1.21		D-alanine aminotransferase
ANT_3_02621	gene	240				
ANT_3_02621	CDS	240				hypothetical protein
ANT_3_02622	gene	681	narI			
ANT_3_02622	CDS	681	narI	1.7.5.1	COG2181	Respiratory nitrate reductase 1 gamma chain
ANT_3_02623	gene	723	narJ			
ANT_3_02623	CDS	723	narJ		COG2180	Nitrate reductase molybdenum cofactor assembly chaperone NarJ
ANT_3_02624	gene	1536	narH			
ANT_3_02624	CDS	1536	narH	1.7.5.1	COG1140	Respiratory nitrate reductase 1 beta chain
ANT_3_02625	gene	3777	narG			
ANT_3_02625	CDS	3777	narG	1.7.5.1	COG5013	Respiratory nitrate reductase 1 alpha chain
ANT_3_02626	gene	1056	zntB_2			
ANT_3_02626	CDS	1056	zntB_2			Zinc transport protein ZntB
ANT_3_02627	gene	1704	clcB_1			
ANT_3_02627	CDS	1704	clcB_1			Voltage-gated ClC-type chloride channel ClcB
ANT_3_02628	gene	594				
ANT_3_02628	CDS	594				hypothetical protein
ANT_3_02629	gene	297				
ANT_3_02629	CDS	297				hypothetical protein
ANT_3_02630	gene	1578	ddpA_1			
ANT_3_02630	CDS	1578	ddpA_1		COG0747	putative D,D-dipeptide-binding periplasmic protein DdpA
ANT_3_02631	gene	678	ddpF_1			
ANT_3_02631	CDS	678	ddpF_1		COG1124	putative D,D-dipeptide transport ATP-binding protein DdpF
ANT_3_02632	gene	906	dppD_2			
ANT_3_02632	CDS	906	dppD_2		COG0444	Dipeptide transport ATP-binding protein DppD
ANT_3_02633	gene	876	ddpC_2			
ANT_3_02633	CDS	876	ddpC_2		COG1173	putative D,D-dipeptide transport system permease protein DdpC
ANT_3_02634	gene	1053	ddpB_1			
ANT_3_02634	CDS	1053	ddpB_1		COG0601	putative D,D-dipeptide transport system permease protein DdpB
ANT_3_02635	gene	1569	ddpA_2			
ANT_3_02635	CDS	1569	ddpA_2		COG0747	putative D,D-dipeptide-binding periplasmic protein DdpA
ANT_3_02636	gene	2247	fcuA_2			
ANT_3_02636	CDS	2247	fcuA_2			Ferrichrome receptor FcuA
ANT_3_02637	gene	690	chaC			
ANT_3_02637	CDS	690	chaC	4.3.2.7	COG3703	Glutathione-specific gamma-glutamylcyclotransferase
ANT_3_02638	gene	1101	chaA			
ANT_3_02638	CDS	1101	chaA		COG0387	Sodium-potassium/proton antiporter ChaA
ANT_3_02639	gene	789	phoH			
ANT_3_02639	CDS	789	phoH		COG1702	Protein PhoH
ANT_3_02640	gene	435				
ANT_3_02640	CDS	435				hypothetical protein
ANT_3_02641	gene	1263	clcB_2			
ANT_3_02641	CDS	1263	clcB_2			Voltage-gated ClC-type chloride channel ClcB
ANT_3_02642	gene	1146				
ANT_3_02642	CDS	1146				hypothetical protein
ANT_3_02643	gene	1299	efeB			
ANT_3_02643	CDS	1299	efeB	1.11.1.-	COG2837	Deferrochelatase/peroxidase EfeB
ANT_3_02644	gene	1140	efeO_1			
ANT_3_02644	CDS	1140	efeO_1		COG2822	Iron uptake system component EfeO
ANT_3_02645	gene	852	efeU			
ANT_3_02645	CDS	852	efeU		COG0672	Ferrous iron permease EfeU
ANT_3_02646	gene	1485	putP			
ANT_3_02646	CDS	1485	putP		COG0591	Sodium/proline symporter
ANT_3_02647	gene	3975	putA			
ANT_3_02647	CDS	3975	putA		COG0506	Bifunctional protein PutA
ANT_3_02648	gene	753	artM_1			
ANT_3_02648	CDS	753	artM_1		COG1126	Arginine transport ATP-binding protein ArtM
ANT_3_02649	gene	669	yecS_1			
ANT_3_02649	CDS	669	yecS_1		COG0765	L-cystine transport system permease protein YecS
ANT_3_02650	gene	801	fliY_2			
ANT_3_02650	CDS	801	fliY_2		COG0834	L-cystine-binding protein FliY
ANT_3_02651	gene	1011	dcyD_1			
ANT_3_02651	CDS	1011	dcyD_1	4.4.1.15	COG2515	D-cysteine desulfhydrase
ANT_3_02652	gene	507	fliZ			
ANT_3_02652	CDS	507	fliZ			Regulator of sigma S factor FliZ
ANT_3_02653	gene	723	fliA			
ANT_3_02653	CDS	723	fliA		COG1191	RNA polymerase sigma factor FliA
ANT_3_02654	gene	1311	fliC			
ANT_3_02654	CDS	1311	fliC		COG1344	Flagellin
ANT_3_02655	gene	1434	fliD_2			
ANT_3_02655	CDS	1434	fliD_2		COG1345	Flagellar hook-associated protein 2
ANT_3_02656	gene	438	fliS_2			
ANT_3_02656	CDS	438	fliS_2		COG1516	Flagellar secretion chaperone FliS
ANT_3_02657	gene	363	fliT			
ANT_3_02657	CDS	363	fliT			Flagellar protein FliT
ANT_3_02658	gene	852				
ANT_3_02658	CDS	852				hypothetical protein
ANT_3_02659	gene	231				
ANT_3_02659	CDS	231				hypothetical protein
ANT_3_02660	gene	159				
ANT_3_02660	CDS	159				hypothetical protein
ANT_3_02661	gene	255				
ANT_3_02661	CDS	255				hypothetical protein
ANT_3_02662	gene	438				
ANT_3_02662	CDS	438				hypothetical protein
ANT_3_02663	gene	276				
ANT_3_02663	CDS	276				hypothetical protein
ANT_3_02664	gene	270				
ANT_3_02664	CDS	270				hypothetical protein
ANT_3_02665	gene	201				
ANT_3_02665	CDS	201				hypothetical protein
ANT_3_02666	gene	174				
ANT_3_02666	CDS	174				hypothetical protein
ANT_3_02667	gene	465	ysnE			
ANT_3_02667	CDS	465	ysnE	2.3.1.-		putative N-acetyltransferase YsnE
ANT_3_02668	gene	240				
ANT_3_02668	CDS	240				hypothetical protein
ANT_3_02669	gene	972				
ANT_3_02669	CDS	972				hypothetical protein
ANT_3_02670	gene	315	fliE_2			
ANT_3_02670	CDS	315	fliE_2		COG1677	Flagellar hook-basal body complex protein FliE
ANT_3_02671	gene	1716	fliF_2			
ANT_3_02671	CDS	1716	fliF_2		COG1766	Flagellar M-ring protein
ANT_3_02672	gene	993	fliG_2			
ANT_3_02672	CDS	993	fliG_2		COG1536	Flagellar motor switch protein FliG
ANT_3_02673	gene	756	fliH			
ANT_3_02673	CDS	756	fliH		COG1317	Flagellar assembly protein FliH
ANT_3_02674	gene	1365	fliI_2			
ANT_3_02674	CDS	1365	fliI_2	7.1.2.2	COG1157	Flagellum-specific ATP synthase
ANT_3_02675	gene	447	fliJ			
ANT_3_02675	CDS	447	fliJ		COG2882	Flagellar FliJ protein
ANT_3_02676	gene	1386				
ANT_3_02676	CDS	1386				hypothetical protein
ANT_3_02677	gene	501				
ANT_3_02677	CDS	501				hypothetical protein
ANT_3_02678	gene	1020	fliM			
ANT_3_02678	CDS	1020	fliM		COG1868	Flagellar motor switch protein FliM
ANT_3_02679	gene	417	fliN			
ANT_3_02679	CDS	417	fliN		COG1886	Flagellar motor switch protein FliN
ANT_3_02680	gene	438	fliO			
ANT_3_02680	CDS	438	fliO		COG3190	Flagellar protein FliO
ANT_3_02681	gene	801	fliP_2			
ANT_3_02681	CDS	801	fliP_2		COG1338	Flagellar biosynthetic protein FliP
ANT_3_02682	gene	270	fliQ			
ANT_3_02682	CDS	270	fliQ		COG1987	Flagellar biosynthetic protein FliQ
ANT_3_02683	gene	786	fliR_2			
ANT_3_02683	CDS	786	fliR_2		COG1684	Flagellar biosynthetic protein FliR
ANT_3_02684	gene	801	gpmB			
ANT_3_02684	CDS	801	gpmB	5.4.2.-		phosphoglycerate mutase GpmB
ANT_3_02685	gene	1296				
ANT_3_02685	CDS	1296				hypothetical protein
ANT_3_02686	gene	1134	rlmC			
ANT_3_02686	CDS	1134	rlmC	2.1.1.189	COG2265	23S rRNA (uracil(747)-C(5))-methyltransferase RlmC
ANT_3_02687	gene	447	ybjO			
ANT_3_02687	CDS	447	ybjO			Inner membrane protein YbjO
ANT_3_02688	gene	846	ydcV			
ANT_3_02688	CDS	846	ydcV			Inner membrane ABC transporter permease protein YdcV
ANT_3_02689	gene	954	potH			
ANT_3_02689	CDS	954	potH		COG1176	Putrescine transport system permease protein PotH
ANT_3_02690	gene	1134	potA_1			
ANT_3_02690	CDS	1134	potA_1	7.6.2.11	COG3842	Spermidine/putrescine import ATP-binding protein PotA
ANT_3_02691	gene	1110	potF			
ANT_3_02691	CDS	1110	potF		COG0687	Putrescine-binding periplasmic protein
ANT_3_02692	gene	486	ybjN			
ANT_3_02692	CDS	486	ybjN			putative protein YbjN
ANT_3_02693	gene	903	rimK			
ANT_3_02693	CDS	903	rimK	6.3.2.-	COG0189	Ribosomal protein S6--L-glutamate ligase
ANT_3_02694	gene	723	nfsA			
ANT_3_02694	CDS	723	nfsA	1.-.-.-	COG0778	Oxygen-insensitive NADPH nitroreductase
ANT_3_02695	gene	267	grxA			
ANT_3_02695	CDS	267	grxA		COG0695	Glutaredoxin 1
ANT_3_02696	gene	372	ybjM			
ANT_3_02696	CDS	372	ybjM			Inner membrane protein YbjM
ANT_3_02697	gene	1683	aspT_2			
ANT_3_02697	CDS	1683	aspT_2			Aspartate/alanine antiporter
ANT_3_02698	gene	432				
ANT_3_02698	CDS	432				hypothetical protein
ANT_3_02699	gene	393				
ANT_3_02699	CDS	393				hypothetical protein
ANT_3_02700	gene	492	hcpA_4			
ANT_3_02700	CDS	492	hcpA_4		COG3157	Major exported protein
ANT_3_02701	gene	156				
ANT_3_02701	CDS	156				hypothetical protein
ANT_3_02702	gene	366	ble			
ANT_3_02702	CDS	366	ble			Bleomycin resistance protein
ANT_3_02703	gene	288				
ANT_3_02703	CDS	288				hypothetical protein
ANT_3_02704	gene	516				
ANT_3_02704	CDS	516				hypothetical protein
ANT_3_02705	gene	735	tam_1			
ANT_3_02705	CDS	735	tam_1	2.1.1.144		Trans-aconitate 2-methyltransferase
ANT_3_02706	gene	606	ybjG			
ANT_3_02706	CDS	606	ybjG	3.6.1.27	COG0671	Putative undecaprenyl-diphosphatase YbjG
ANT_3_02707	gene	1212	dacC			
ANT_3_02707	CDS	1212	dacC	3.4.16.4	COG1686	D-alanyl-D-alanine carboxypeptidase DacC
ANT_3_02708	gene	342	ydgC			
ANT_3_02708	CDS	342	ydgC		COG3136	Inner membrane protein YdgC
ANT_3_02709	gene	708				
ANT_3_02709	CDS	708				hypothetical protein
ANT_3_02710	gene	924				
ANT_3_02710	CDS	924				hypothetical protein
ANT_3_02711	gene	1422	dapE_4			
ANT_3_02711	CDS	1422	dapE_4	3.5.1.18		Succinyl-diaminopimelate desuccinylase
ANT_3_02712	gene	1284	proP_1			
ANT_3_02712	CDS	1284	proP_1			Proline/betaine transporter
ANT_3_02713	gene	621	gstB_2			
ANT_3_02713	CDS	621	gstB_2	2.5.1.18	COG0625	Glutathione S-transferase GstB
ANT_3_02714	gene	1152	yliI			
ANT_3_02714	CDS	1152	yliI	1.1.5.-	COG2133	Aldose sugar dehydrogenase YliI
ANT_3_02715	gene	1074				
ANT_3_02715	CDS	1074				hypothetical protein
ANT_3_02716	gene	1368	yicJ_5			
ANT_3_02716	CDS	1368	yicJ_5		COG2211	Inner membrane symporter YicJ
ANT_3_02717	gene	2325	yicI_2			
ANT_3_02717	CDS	2325	yicI_2	3.2.1.177	COG1501	Alpha-xylosidase
ANT_3_02718	gene	1425				
ANT_3_02718	CDS	1425				hypothetical protein
ANT_3_02719	gene	1188	xylR_2			
ANT_3_02719	CDS	1188	xylR_2			Xylose operon regulatory protein
ANT_3_02720	gene	1200	xylH_2			
ANT_3_02720	CDS	1200	xylH_2		COG4214	Xylose transport system permease protein XylH
ANT_3_02721	gene	1542	xylG_2			
ANT_3_02721	CDS	1542	xylG_2	7.5.2.10	COG1129	Xylose import ATP-binding protein XylG
ANT_3_02722	gene	996	xylF_2			
ANT_3_02722	CDS	996	xylF_2		COG4213	D-xylose-binding periplasmic protein
ANT_3_02723	gene	1320	xylA_2			
ANT_3_02723	CDS	1320	xylA_2	5.3.1.5		Xylose isomerase
ANT_3_02724	gene	1452	xylB_3			
ANT_3_02724	CDS	1452	xylB_3	2.7.1.17	COG1070	Xylulose kinase
ANT_3_02725	gene	999	kdgT			
ANT_3_02725	CDS	999	kdgT			2-keto-3-deoxygluconate permease
ANT_3_02726	gene	666	fsaA_1			
ANT_3_02726	CDS	666	fsaA_1	4.1.2.-	COG0176	Fructose-6-phosphate aldolase 1
ANT_3_02727	gene	900	cutD_2			
ANT_3_02727	CDS	900	cutD_2	1.97.1.-	COG1180	Choline trimethylamine-lyase activating enzyme
ANT_3_02728	gene	2433	pflD			
ANT_3_02728	CDS	2433	pflD	4.2.1.172	COG1882	Trans-4-hydroxy-L-proline dehydratase
ANT_3_02729	gene	744	srlR_3			
ANT_3_02729	CDS	744	srlR_3		COG1349	Glucitol operon repressor
ANT_3_02730	gene	696	sgbE_3			
ANT_3_02730	CDS	696	sgbE_3	5.1.3.4	COG0235	L-ribulose-5-phosphate 4-epimerase SgbE
ANT_3_02731	gene	219	osmB			
ANT_3_02731	CDS	219	osmB			Osmotically-inducible lipoprotein B
ANT_3_02732	gene	330	yciH			
ANT_3_02732	CDS	330	yciH		COG0023	putative protein YciH
ANT_3_02733	gene	732	pyrF			
ANT_3_02733	CDS	732	pyrF	4.1.1.23	COG0284	Orotidine 5'-phosphate decarboxylase
ANT_3_02734	gene	288				
ANT_3_02734	CDS	288				hypothetical protein
ANT_3_02735	gene	1170	lapB			
ANT_3_02735	CDS	1170	lapB		COG2956	Lipopolysaccharide assembly protein B
ANT_3_02736	gene	312	lapA			
ANT_3_02736	CDS	312	lapA		COG3771	Lipopolysaccharide assembly protein A
ANT_3_02737	gene	756	pgpB			
ANT_3_02737	CDS	756	pgpB	3.1.3.27	COG0671	Phosphatidylglycerophosphatase B
ANT_3_02738	gene	591	ribA			
ANT_3_02738	CDS	591	ribA	3.5.4.25	COG0807	GTP cyclohydrolase-2
ANT_3_02739	gene	2676	acnA			
ANT_3_02739	CDS	2676	acnA	4.2.1.3	COG1048	Aconitate hydratase A
ANT_3_02740	gene	975	cysB			
ANT_3_02740	CDS	975	cysB			HTH-type transcriptional regulator CysB
ANT_3_02741	gene	2598	topA_2			
ANT_3_02741	CDS	2598	topA_2	5.6.2.1	COG0550	DNA topoisomerase 1
ANT_3_02742	gene	252	yciN			
ANT_3_02742	CDS	252	yciN			Protein YciN
ANT_3_02743	gene	1044	sohB			
ANT_3_02743	CDS	1044	sohB	3.4.21.-	COG0616	putative protease SohB
ANT_3_02744	gene	762	yciK			
ANT_3_02744	CDS	762	yciK	1.-.-.-	COG1028	putative oxidoreductase YciK
ANT_3_02745	gene	591	btuR			
ANT_3_02745	CDS	591	btuR	2.5.1.17	COG2109	Corrinoid adenosyltransferase
ANT_3_02746	gene	1044	cobT			
ANT_3_02746	CDS	1044	cobT	2.4.2.21	COG2038	Nicotinate-nucleotide--dimethylbenzimidazole phosphoribosyltransferase
ANT_3_02747	gene	597	cobC			
ANT_3_02747	CDS	597	cobC	3.1.3.73	COG0406	Adenosylcobalamin/alpha-ribazole phosphatase
ANT_3_02748	gene	753	cobS			
ANT_3_02748	CDS	753	cobS	2.7.8.26	COG0368	Adenosylcobinamide-GDP ribazoletransferase
ANT_3_02749	gene	555	cobU			
ANT_3_02749	CDS	555	cobU	2.7.1.156	COG2087	Bifunctional adenosylcobalamin biosynthesis protein CobU
ANT_3_02750	gene	1275				
ANT_3_02750	CDS	1275				hypothetical protein
ANT_3_02751	gene	621	yciO			
ANT_3_02751	CDS	621	yciO		COG0009	putative protein YciO
ANT_3_02752	gene	924	yciV			
ANT_3_02752	CDS	924	yciV	3.1.13.-	COG0613	5'-3' exoribonuclease
ANT_3_02753	gene	1563	trpE			
ANT_3_02753	CDS	1563	trpE	4.1.3.27		Anthranilate synthase component 1
ANT_3_02754	gene	579	trpG			
ANT_3_02754	CDS	579	trpG	4.1.3.27		Anthranilate synthase component 2
ANT_3_02755	gene	1014	trpGD			
ANT_3_02755	CDS	1014	trpGD		COG0512	Bifunctional protein TrpGD
ANT_3_02756	gene	1365	trpC			
ANT_3_02756	CDS	1365	trpC		COG0134	Tryptophan biosynthesis protein TrpCF
ANT_3_02757	gene	1191	trpB			
ANT_3_02757	CDS	1191	trpB	4.2.1.20	COG0133	Tryptophan synthase beta chain
ANT_3_02758	gene	807	trpA			
ANT_3_02758	CDS	807	trpA	4.2.1.20	COG0159	Tryptophan synthase alpha chain
ANT_3_02759	gene	315	osmY_1			
ANT_3_02759	CDS	315	osmY_1		COG2823	Osmotically-inducible protein Y
ANT_3_02760	gene	633	ompW			
ANT_3_02760	CDS	633	ompW		COG3047	Outer membrane protein W
ANT_3_02761	gene	378				
ANT_3_02761	CDS	378				hypothetical protein
ANT_3_02762	gene	756				
ANT_3_02762	CDS	756				hypothetical protein
ANT_3_02763	gene	540	yciB			
ANT_3_02763	CDS	540	yciB		COG2917	putative intracellular septation protein A
ANT_3_02764	gene	441				
ANT_3_02764	CDS	441		3.1.2.-	COG1607	putative acyl-CoA thioester hydrolase
ANT_3_02765	gene	93				
ANT_3_02765	tRNA	93				tRNA-Gly(tcc)
ANT_3_02766	gene	297	yciI			
ANT_3_02766	CDS	297	yciI		COG2350	Protein YciI
ANT_3_02767	gene	291				
ANT_3_02767	CDS	291				hypothetical protein
ANT_3_02768	gene	162				
ANT_3_02768	CDS	162				hypothetical protein
ANT_3_02769	gene	183				
ANT_3_02769	CDS	183				hypothetical protein
ANT_3_02770	gene	1461	clsA			
ANT_3_02770	CDS	1461	clsA	2.7.8.-	COG1502	Cardiolipin synthase A
ANT_3_02771	gene	324				
ANT_3_02771	CDS	324				hypothetical protein
ANT_3_02772	gene	1038	btuD_6			
ANT_3_02772	CDS	1038	btuD_6	7.6.2.8		Vitamin B12 import ATP-binding protein BtuD
ANT_3_02773	gene	1020	oppD_1			
ANT_3_02773	CDS	1020	oppD_1		COG0444	Oligopeptide transport ATP-binding protein OppD
ANT_3_02774	gene	909	oppC			
ANT_3_02774	CDS	909	oppC		COG1173	Oligopeptide transport system permease protein OppC
ANT_3_02775	gene	921	oppB			
ANT_3_02775	CDS	921	oppB		COG0601	Oligopeptide transport system permease protein OppB
ANT_3_02776	gene	1641	oppA_1			
ANT_3_02776	CDS	1641	oppA_1		COG4166	Periplasmic oligopeptide-binding protein
ANT_3_02777	gene	264				
ANT_3_02777	CDS	264				hypothetical protein
ANT_3_02778	gene	645				
ANT_3_02778	CDS	645				hypothetical protein
ANT_3_02779	gene	2670	adhE			
ANT_3_02779	CDS	2670	adhE		COG1012	Aldehyde-alcohol dehydrogenase
ANT_3_02780	gene	609	tdk			
ANT_3_02780	CDS	609	tdk	2.7.1.21	COG1435	Thymidine kinase
ANT_3_02781	gene	408	hns			
ANT_3_02781	CDS	408	hns			DNA-binding protein H-NS
ANT_3_02782	gene	1008				
ANT_3_02782	CDS	1008		5.1.3.2	COG1088	UDP-glucose 4-epimerase
ANT_3_02783	gene	1344	ywqF			
ANT_3_02783	CDS	1344	ywqF	1.1.1.22	COG1004	UDP-glucose 6-dehydrogenase YwqF
ANT_3_02784	gene	1014	rssB			
ANT_3_02784	CDS	1014	rssB		COG0784	Regulator of RpoS
ANT_3_02785	gene	912				
ANT_3_02785	CDS	912			COG1752	putative NTE family protein
ANT_3_02786	gene	465				
ANT_3_02786	CDS	465				hypothetical protein
ANT_3_02787	gene	849	purU			
ANT_3_02787	CDS	849	purU	3.5.1.10	COG0788	Formyltetrahydrofolate deformylase
ANT_3_02788	gene	85				
ANT_3_02788	tRNA	85				tRNA-Tyr(gta)
ANT_3_02789	gene	1821	gsiA_4			
ANT_3_02789	CDS	1821	gsiA_4	7.4.2.10	COG1123	Glutathione import ATP-binding protein GsiA
ANT_3_02790	gene	1434				
ANT_3_02790	CDS	1434				hypothetical protein
ANT_3_02791	gene	1140	mlc_1			
ANT_3_02791	CDS	1140	mlc_1		COG1940	Protein mlc
ANT_3_02792	gene	1545	gsiB_3			
ANT_3_02792	CDS	1545	gsiB_3		COG0747	Glutathione-binding protein GsiB
ANT_3_02793	gene	921	gsiC_3			
ANT_3_02793	CDS	921	gsiC_3		COG0601	Glutathione transport system permease protein GsiC
ANT_3_02794	gene	867	ddpC_3			
ANT_3_02794	CDS	867	ddpC_3		COG1173	putative D,D-dipeptide transport system permease protein DdpC
ANT_3_02795	gene	930	nagK			
ANT_3_02795	CDS	930	nagK	2.7.1.59	COG1940	N-acetyl-D-glucosamine kinase
ANT_3_02796	gene	891	nanA			
ANT_3_02796	CDS	891	nanA	4.1.3.3	COG0329	N-acetylneuraminate lyase
ANT_3_02797	gene	717	nanE			
ANT_3_02797	CDS	717	nanE	5.1.3.9	COG3010	Putative N-acetylmannosamine-6-phosphate 2-epimerase
ANT_3_02798	gene	873	nanK			
ANT_3_02798	CDS	873	nanK	2.7.1.60	COG1940	N-acetylmannosamine kinase
ANT_3_02799	gene	885	ybbH_1			
ANT_3_02799	CDS	885	ybbH_1		COG1737	putative HTH-type transcriptional regulator YbbH
ANT_3_02800	gene	1530	nanT_2			
ANT_3_02800	CDS	1530	nanT_2			Sialic acid transporter NanT
ANT_3_02801	gene	579				
ANT_3_02801	CDS	579		2.3.1.-	COG1670	Acetyltransferase
ANT_3_02802	gene	840	dapF_1			
ANT_3_02802	CDS	840	dapF_1	5.1.1.7	COG0253	Diaminopimelate epimerase
ANT_3_02803	gene	1380	pcaK_2			
ANT_3_02803	CDS	1380	pcaK_2		COG0477	4-hydroxybenzoate transporter PcaK
ANT_3_02804	gene	1263	galA			
ANT_3_02804	CDS	1263	galA	1.13.11.57		Gallate dioxygenase
ANT_3_02805	gene	834				
ANT_3_02805	CDS	834		3.1.1.92		4-sulfomuconolactone hydrolase
ANT_3_02806	gene	441	aroQ_1			
ANT_3_02806	CDS	441	aroQ_1	4.2.1.10	COG0757	3-dehydroquinate dehydratase
ANT_3_02807	gene	1215	hdfR_3			
ANT_3_02807	CDS	1215	hdfR_3			HTH-type transcriptional regulator HdfR
ANT_3_02808	gene	747	galB			
ANT_3_02808	CDS	747	galB	4.2.1.83	COG2120	4-oxalmesaconate hydratase
ANT_3_02809	gene	726	galC			
ANT_3_02809	CDS	726	galC	4.1.3.17	COG0684	4-carboxy-4-hydroxy-2-oxoadipic acid aldolase
ANT_3_02810	gene	1092	galD			
ANT_3_02810	CDS	1092	galD	5.3.2.8	COG2828	4-oxalomesaconate tautomerase
ANT_3_02811	gene	957	ddpF_2			
ANT_3_02811	CDS	957	ddpF_2		COG1124	putative D,D-dipeptide transport ATP-binding protein DdpF
ANT_3_02812	gene	1014	ddpD			
ANT_3_02812	CDS	1014	ddpD		COG0444	putative D,D-dipeptide transport ATP-binding protein DdpD
ANT_3_02813	gene	912	ddpC_4			
ANT_3_02813	CDS	912	ddpC_4		COG1173	putative D,D-dipeptide transport system permease protein DdpC
ANT_3_02814	gene	1017	ddpB_2			
ANT_3_02814	CDS	1017	ddpB_2		COG0601	putative D,D-dipeptide transport system permease protein DdpB
ANT_3_02815	gene	1581	ddpA_3			
ANT_3_02815	CDS	1581	ddpA_3		COG0747	putative D,D-dipeptide-binding periplasmic protein DdpA
ANT_3_02816	gene	582	ddpX			
ANT_3_02816	CDS	582	ddpX	3.4.13.22	COG2173	D-alanyl-D-alanine dipeptidase
ANT_3_02817	gene	873				
ANT_3_02817	CDS	873				hypothetical protein
ANT_3_02818	gene	76				
ANT_3_02818	tRNA	76				tRNA-Asn(gtt)
ANT_3_02819	gene	600				
ANT_3_02819	CDS	600				hypothetical protein
ANT_3_02820	gene	1323	puuB_1			
ANT_3_02820	CDS	1323	puuB_1	1.4.3.-		Gamma-glutamylputrescine oxidoreductase
ANT_3_02821	gene	657	metI_2			
ANT_3_02821	CDS	657	metI_2		COG2011	D-methionine transport system permease protein MetI
ANT_3_02822	gene	1155	metN_2			
ANT_3_02822	CDS	1155	metN_2	3.6.3.-	COG1135	Methionine import ATP-binding protein MetN
ANT_3_02823	gene	843	metQ_2			
ANT_3_02823	CDS	843	metQ_2		COG1464	D-methionine-binding lipoprotein MetQ
ANT_3_02824	gene	2307	mdoB_2			
ANT_3_02824	CDS	2307	mdoB_2	2.7.8.20		Phosphoglycerol transferase I
ANT_3_02825	gene	717	livF_3			
ANT_3_02825	CDS	717	livF_3		COG0410	High-affinity branched-chain amino acid transport ATP-binding protein LivF
ANT_3_02826	gene	894	lptB_1			
ANT_3_02826	CDS	894	lptB_1	3.6.3.-	COG1137	Lipopolysaccharide export system ATP-binding protein LptB
ANT_3_02827	gene	1290				
ANT_3_02827	CDS	1290				hypothetical protein
ANT_3_02828	gene	915	livH_2			
ANT_3_02828	CDS	915	livH_2		COG0559	High-affinity branched-chain amino acid transport system permease protein LivH
ANT_3_02829	gene	1128	livJ_1			
ANT_3_02829	CDS	1128	livJ_1		COG0683	Leu/Ile/Val-binding protein
ANT_3_02830	gene	216	ygdR_4			
ANT_3_02830	CDS	216	ygdR_4			putative lipoprotein YgdR
ANT_3_02831	gene	984				
ANT_3_02831	CDS	984				hypothetical protein
ANT_3_02832	gene	402				
ANT_3_02832	CDS	402				hypothetical protein
ANT_3_02833	gene	201				
ANT_3_02833	CDS	201				hypothetical protein
ANT_3_02834	gene	882	rhaS_6			
ANT_3_02834	CDS	882	rhaS_6			HTH-type transcriptional activator RhaS
ANT_3_02835	gene	753				
ANT_3_02835	CDS	753				hypothetical protein
ANT_3_02836	gene	201				
ANT_3_02836	CDS	201				hypothetical protein
ANT_3_02837	gene	738	cpdA_4			
ANT_3_02837	CDS	738	cpdA_4	3.1.4.53		3',5'-cyclic adenosine monophosphate phosphodiesterase CpdA
ANT_3_02838	gene	393				
ANT_3_02838	CDS	393				hypothetical protein
ANT_3_02839	gene	657	nimR_2			
ANT_3_02839	CDS	657	nimR_2			HTH-type transcriptional regulator NimR
ANT_3_02840	gene	639				
ANT_3_02840	CDS	639				hypothetical protein
ANT_3_02841	gene	237				
ANT_3_02841	CDS	237				hypothetical protein
ANT_3_02842	gene	834				
ANT_3_02842	CDS	834				hypothetical protein
ANT_3_02843	gene	402				
ANT_3_02843	CDS	402				hypothetical protein
ANT_3_02844	gene	594				
ANT_3_02844	CDS	594				hypothetical protein
ANT_3_02845	gene	468				
ANT_3_02845	CDS	468				hypothetical protein
ANT_3_02846	gene	975	hemB			
ANT_3_02846	CDS	975	hemB	4.2.1.24	COG0113	Delta-aminolevulinic acid dehydratase
ANT_3_02847	gene	2100	apxIB			
ANT_3_02847	CDS	2100	apxIB		COG2274	Toxin RTX-I translocation ATP-binding protein
ANT_3_02848	gene	1287	cvaA			
ANT_3_02848	CDS	1287	cvaA		COG0845	Colicin V secretion protein CvaA
ANT_3_02849	gene	192				
ANT_3_02849	CDS	192				hypothetical protein
ANT_3_02850	gene	1068				
ANT_3_02850	CDS	1068				hypothetical protein
ANT_3_02851	gene	1398	ycjX			
ANT_3_02851	CDS	1398	ycjX		COG3106	putative protein YcjX
ANT_3_02852	gene	252				
ANT_3_02852	CDS	252				hypothetical protein
ANT_3_02853	gene	360	pspC			
ANT_3_02853	CDS	360	pspC		COG1983	Phage shock protein C
ANT_3_02854	gene	228	pspB			
ANT_3_02854	CDS	228	pspB			Phage shock protein B
ANT_3_02855	gene	672	pspA			
ANT_3_02855	CDS	672	pspA		COG1842	Phage shock protein A
ANT_3_02856	gene	1005	pspF			
ANT_3_02856	CDS	1005	pspF		COG1221	Psp operon transcriptional activator
ANT_3_02857	gene	1188	yciC			
ANT_3_02857	CDS	1188	yciC		COG0523	Putative metal chaperone YciC
ANT_3_02858	gene	1737	sapA			
ANT_3_02858	CDS	1737	sapA		COG4166	Peptide transport periplasmic protein SapA
ANT_3_02859	gene	966	sapB			
ANT_3_02859	CDS	966	sapB		COG4168	Putrescine export system permease protein SapB
ANT_3_02860	gene	891	sapC			
ANT_3_02860	CDS	891	sapC		COG4171	Putrescine export system permease protein SapC
ANT_3_02861	gene	993	sapD			
ANT_3_02861	CDS	993	sapD		COG4170	Putrescine export system ATP-binding protein SapD
ANT_3_02862	gene	810	sapF			
ANT_3_02862	CDS	810	sapF		COG4167	Peptide transport system ATP-binding protein SapF
ANT_3_02863	gene	1203				
ANT_3_02863	CDS	1203				hypothetical protein
ANT_3_02864	gene	1512	dtpA_1			
ANT_3_02864	CDS	1512	dtpA_1		COG3104	Dipeptide and tripeptide permease A
ANT_3_02865	gene	1896				
ANT_3_02865	CDS	1896				hypothetical protein
ANT_3_02866	gene	1032	rhaR_10			
ANT_3_02866	CDS	1032	rhaR_10			HTH-type transcriptional activator RhaR
ANT_3_02867	gene	117				
ANT_3_02867	CDS	117				hypothetical protein
ANT_3_02868	gene	270				
ANT_3_02868	CDS	270				hypothetical protein
ANT_3_02869	gene	1134				
ANT_3_02869	CDS	1134				hypothetical protein
ANT_3_02870	gene	1674				
ANT_3_02870	CDS	1674			COG2199	putative signaling protein
ANT_3_02871	gene	867	dapA_3			
ANT_3_02871	CDS	867	dapA_3	4.3.3.7	COG0329	4-hydroxy-tetrahydrodipicolinate synthase
ANT_3_02872	gene	606	gstB_3			
ANT_3_02872	CDS	606	gstB_3	2.5.1.18	COG0625	Glutathione S-transferase GST-6.0
ANT_3_02873	gene	861	pdxY			
ANT_3_02873	CDS	861	pdxY	2.7.1.35	COG2240	Pyridoxal kinase PdxY
ANT_3_02874	gene	1275	tyrS			
ANT_3_02874	CDS	1275	tyrS	6.1.1.1	COG0162	Tyrosine--tRNA ligase
ANT_3_02875	gene	666	pdxH			
ANT_3_02875	CDS	666	pdxH	1.4.3.5	COG0259	Pyridoxine/pyridoxamine 5'-phosphate oxidase
ANT_3_02876	gene	312	mliC			
ANT_3_02876	CDS	312	mliC		COG3895	Membrane-bound lysozyme inhibitor of C-type lysozyme
ANT_3_02877	gene	1128	anmK			
ANT_3_02877	CDS	1128	anmK	2.7.1.170	COG2377	Anhydro-N-acetylmuramic acid kinase
ANT_3_02878	gene	471	slyB			
ANT_3_02878	CDS	471	slyB		COG3133	Outer membrane lipoprotein SlyB
ANT_3_02879	gene	435	slyA_1			
ANT_3_02879	CDS	435	slyA_1			Transcriptional regulator SlyA
ANT_3_02880	gene	237				
ANT_3_02880	CDS	237				hypothetical protein
ANT_3_02881	gene	858	aaeA_1			
ANT_3_02881	CDS	858	aaeA_1		COG1566	p-hydroxybenzoic acid efflux pump subunit AaeA
ANT_3_02882	gene	2052	aaeB_1			
ANT_3_02882	CDS	2052	aaeB_1			p-hydroxybenzoic acid efflux pump subunit AaeB
ANT_3_02883	gene	897	ydhF			
ANT_3_02883	CDS	897	ydhF	1.-.-.-	COG4989	Oxidoreductase YdhF
ANT_3_02884	gene	240				
ANT_3_02884	CDS	240				hypothetical protein
ANT_3_02885	gene	1092	nemA_2			
ANT_3_02885	CDS	1092	nemA_2	1.3.1.-	COG1902	N-ethylmaleimide reductase
ANT_3_02886	gene	408	gloA			
ANT_3_02886	CDS	408	gloA	4.4.1.5	COG0346	Lactoylglutathione lyase
ANT_3_02887	gene	717	rnt			
ANT_3_02887	CDS	717	rnt	3.1.13.-	COG0847	Ribonuclease T
ANT_3_02888	gene	342	grxD			
ANT_3_02888	CDS	342	grxD		COG0278	Glutaredoxin 4
ANT_3_02889	gene	129				
ANT_3_02889	CDS	129				hypothetical protein
ANT_3_02890	gene	981	mepH			
ANT_3_02890	CDS	981	mepH	3.4.-.-	COG0791	Murein DD-endopeptidase MepH
ANT_3_02891	gene	1026	purR			
ANT_3_02891	CDS	1026	purR		COG1609	HTH-type transcriptional repressor PurR
ANT_3_02892	gene	945	yahB			
ANT_3_02892	CDS	945	yahB			putative HTH-type transcriptional regulator YahB
ANT_3_02893	gene	1212	ydhC			
ANT_3_02893	CDS	1212	ydhC			Inner membrane transport protein YdhC
ANT_3_02894	gene	1152	cfa			
ANT_3_02894	CDS	1152	cfa	2.1.1.79	COG2230	Cyclopropane-fatty-acyl-phospholipid synthase
ANT_3_02895	gene	654	ribC			
ANT_3_02895	CDS	654	ribC	2.5.1.9	COG0307	Riboflavin synthase
ANT_3_02896	gene	1374	mdtK			
ANT_3_02896	CDS	1374	mdtK		COG0534	Multidrug resistance protein MdtK
ANT_3_02897	gene	77				
ANT_3_02897	tRNA	77				tRNA-Val(gac)
ANT_3_02898	gene	77				
ANT_3_02898	tRNA	77				tRNA-Val(gac)
ANT_3_02899	gene	1413	pykF			
ANT_3_02899	CDS	1413	pykF	2.7.1.40	COG0469	Pyruvate kinase I
ANT_3_02900	gene	237	lpp1			
ANT_3_02900	CDS	237	lpp1			Major outer membrane lipoprotein Lpp 1
ANT_3_02901	gene	1014	ycfS			
ANT_3_02901	CDS	1014	ycfS	2.-.-.-	COG1376	putative L,D-transpeptidase YcfS
ANT_3_02902	gene	414	sufE			
ANT_3_02902	CDS	414	sufE		COG2166	Cysteine desulfuration protein SufE
ANT_3_02903	gene	1221	sufS			
ANT_3_02903	CDS	1221	sufS	2.8.1.7	COG0520	Cysteine desulfurase
ANT_3_02904	gene	1302	sufD			
ANT_3_02904	CDS	1302	sufD		COG0719	FeS cluster assembly protein SufD
ANT_3_02905	gene	747	sufC			
ANT_3_02905	CDS	747	sufC		COG0396	putative ATP-dependent transporter SufC
ANT_3_02906	gene	1524	sufB			
ANT_3_02906	CDS	1524	sufB		COG0719	FeS cluster assembly protein SufB
ANT_3_02907	gene	372	sufA			
ANT_3_02907	CDS	372	sufA		COG0316	Protein SufA
ANT_3_02908	gene	405				
ANT_3_02908	CDS	405				hypothetical protein
ANT_3_02909	gene	420	menI			
ANT_3_02909	CDS	420	menI	3.1.2.28	COG2050	1,4-dihydroxy-2-naphthoyl-CoA hydrolase
ANT_3_02910	gene	3057				
ANT_3_02910	CDS	3057			COG0247	putative protein
ANT_3_02911	gene	1098	ydiK			
ANT_3_02911	CDS	1098	ydiK		COG0628	Putative transport protein YdiK
ANT_3_02912	gene	2376	ppsA			
ANT_3_02912	CDS	2376	ppsA	2.7.9.2	COG0574	Phosphoenolpyruvate synthase
ANT_3_02913	gene	810	ppsR			
ANT_3_02913	CDS	810	ppsR	2.7.11.33	COG1806	Phosphoenolpyruvate synthase regulatory protein
ANT_3_02914	gene	1047	aroH			
ANT_3_02914	CDS	1047	aroH	2.5.1.54	COG0722	Phospho-2-dehydro-3-deoxyheptonate aldolase, Trp-sensitive
ANT_3_02915	gene	1035	hemS_2			
ANT_3_02915	CDS	1035	hemS_2		COG3720	Hemin transport protein HemS
ANT_3_02916	gene	831	hmuT_3			
ANT_3_02916	CDS	831	hmuT_3		COG4558	Hemin-binding periplasmic protein HmuT
ANT_3_02917	gene	1029	hmuU_3			
ANT_3_02917	CDS	1029	hmuU_3		COG0609	Hemin transport system permease protein HmuU
ANT_3_02918	gene	789	hmuV_3			
ANT_3_02918	CDS	789	hmuV_3	3.6.3.-	COG4559	Hemin import ATP-binding protein HmuV
ANT_3_02919	gene	1455	selO			
ANT_3_02919	CDS	1455	selO	2.7.7.-	COG0397	Protein adenylyltransferase SelO
ANT_3_02920	gene	729	ydiV			
ANT_3_02920	CDS	729	ydiV		COG2200	Putative anti-FlhC(2)FlhD(4) factor YdiV
ANT_3_02921	gene	1017	lplA			
ANT_3_02921	CDS	1017	lplA	6.3.1.20	COG0095	Lipoate-protein ligase A
ANT_3_02922	gene	480				
ANT_3_02922	CDS	480				hypothetical protein
ANT_3_02923	gene	390	arnF			
ANT_3_02923	CDS	390	arnF			putative 4-amino-4-deoxy-L-arabinose-phosphoundecaprenol flippase subunit ArnF
ANT_3_02924	gene	333	arnE			
ANT_3_02924	CDS	333	arnE			putative 4-amino-4-deoxy-L-arabinose-phosphoundecaprenol flippase subunit ArnE
ANT_3_02925	gene	1671	arnT			
ANT_3_02925	CDS	1671	arnT	2.4.2.43		Undecaprenyl phosphate-alpha-4-amino-4-deoxy-L-arabinose arabinosyl transferase
ANT_3_02926	gene	900	arnD			
ANT_3_02926	CDS	900	arnD	3.5.1.-		putative 4-deoxy-4-formamido-L-arabinose-phosphoundecaprenol deformylase ArnD
ANT_3_02927	gene	1983	arnA			
ANT_3_02927	CDS	1983	arnA			Bifunctional polymyxin resistance protein ArnA
ANT_3_02928	gene	981	arnC_1			
ANT_3_02928	CDS	981	arnC_1	2.4.2.53		Undecaprenyl-phosphate 4-deoxy-4-formamido-L-arabinose transferase
ANT_3_02929	gene	1143	arnB			
ANT_3_02929	CDS	1143	arnB	2.6.1.87		UDP-4-amino-4-deoxy-L-arabinose--oxoglutarate aminotransferase
ANT_3_02930	gene	642	btuD_7			
ANT_3_02930	CDS	642	btuD_7	7.6.2.8	COG4138	Vitamin B12 import ATP-binding protein BtuD
ANT_3_02931	gene	552	btuE			
ANT_3_02931	CDS	552	btuE	1.11.1.15	COG0386	Thioredoxin/glutathione peroxidase BtuE
ANT_3_02932	gene	1008	btuC			
ANT_3_02932	CDS	1008	btuC		COG4139	Vitamin B12 import system permease protein BtuC
ANT_3_02933	gene	432				
ANT_3_02933	CDS	432				hypothetical protein
ANT_3_02934	gene	156				
ANT_3_02934	CDS	156				hypothetical protein
ANT_3_02935	gene	297	ihfA			
ANT_3_02935	CDS	297	ihfA		COG0776	Integration host factor subunit alpha
ANT_3_02936	gene	2388	pheT			
ANT_3_02936	CDS	2388	pheT	6.1.1.20	COG0072	Phenylalanine--tRNA ligase beta subunit
ANT_3_02937	gene	984	pheS			
ANT_3_02937	CDS	984	pheS	6.1.1.20	COG0016	Phenylalanine--tRNA ligase alpha subunit
ANT_3_02938	gene	357	rplT			
ANT_3_02938	CDS	357	rplT		COG0292	50S ribosomal protein L20
ANT_3_02939	gene	198	rpmI			
ANT_3_02939	CDS	198	rpmI		COG0291	50S ribosomal protein L35
ANT_3_02940	gene	351	infC			
ANT_3_02940	CDS	351	infC		COG0290	Translation initiation factor IF-3
ANT_3_02941	gene	1929	thrS			
ANT_3_02941	CDS	1929	thrS	6.1.1.3	COG0441	Threonine--tRNA ligase
ANT_3_02942	gene	684				
ANT_3_02942	CDS	684				hypothetical protein
ANT_3_02943	gene	513	emtA_1			
ANT_3_02943	CDS	513	emtA_1	4.2.2.-	COG0741	Endo-type membrane-bound lytic murein transglycosylase A
ANT_3_02944	gene	870				
ANT_3_02944	CDS	870		2.7.1.-		putative ketoamine kinase
ANT_3_02945	gene	552				
ANT_3_02945	CDS	552				hypothetical protein
ANT_3_02946	gene	666	hxpB			
ANT_3_02946	CDS	666	hxpB	3.1.3.68	COG0637	Hexitol phosphatase B
ANT_3_02947	gene	837	kduI			
ANT_3_02947	CDS	837	kduI	5.3.1.17	COG3717	4-deoxy-L-threo-5-hexosulose-uronate ketol-isomerase
ANT_3_02948	gene	762	kduD_2			
ANT_3_02948	CDS	762	kduD_2	1.1.1.127		2-dehydro-3-deoxy-D-gluconate 5-dehydrogenase
ANT_3_02949	gene	558	ydjM			
ANT_3_02949	CDS	558	ydjM		COG1988	Inner membrane protein YdjM
ANT_3_02950	gene	1392	tcyP			
ANT_3_02950	CDS	1392	tcyP		COG1823	L-cystine uptake protein TcyP
ANT_3_02951	gene	792	kdgR_2			
ANT_3_02951	CDS	792	kdgR_2			Pectin degradation repressor protein KdgR
ANT_3_02952	gene	1398	ribZ			
ANT_3_02952	CDS	1398	ribZ			Riboflavin transporter RibZ
ANT_3_02953	gene	879	htpX			
ANT_3_02953	CDS	879	htpX	3.4.24.-	COG0501	Protease HtpX
ANT_3_02954	gene	2073	prc			
ANT_3_02954	CDS	2073	prc	3.4.21.102	COG0793	Tail-specific protease
ANT_3_02955	gene	693	proQ			
ANT_3_02955	CDS	693	proQ		COG3109	RNA chaperone ProQ
ANT_3_02956	gene	498	msrC			
ANT_3_02956	CDS	498	msrC	1.8.4.14	COG1956	Free methionine-R-sulfoxide reductase
ANT_3_02957	gene	1248	yebS			
ANT_3_02957	CDS	1248	yebS		COG2995	Intermembrane transport protein YebS
ANT_3_02958	gene	2631	yebT			
ANT_3_02958	CDS	2631	yebT		COG3008	Intermembrane transport protein YebT
ANT_3_02959	gene	1575	rsmF			
ANT_3_02959	CDS	1575	rsmF	2.1.1.178	COG0144	Ribosomal RNA small subunit methyltransferase F
ANT_3_02960	gene	1722				
ANT_3_02960	CDS	1722				hypothetical protein
ANT_3_02961	gene	243	yebV			
ANT_3_02961	CDS	243	yebV			putative protein YebV
ANT_3_02962	gene	651				
ANT_3_02962	CDS	651				hypothetical protein
ANT_3_02963	gene	393				
ANT_3_02963	CDS	393				hypothetical protein
ANT_3_02964	gene	2841				
ANT_3_02964	CDS	2841				hypothetical protein
ANT_3_02965	gene	2760				
ANT_3_02965	CDS	2760				hypothetical protein
ANT_3_02966	gene	351				
ANT_3_02966	CDS	351				hypothetical protein
ANT_3_02967	gene	1179	hipO_2			
ANT_3_02967	CDS	1179	hipO_2	3.5.1.32	COG1473	Hippurate hydrolase
ANT_3_02968	gene	1014	adhP			
ANT_3_02968	CDS	1014	adhP	1.1.1.1	COG1064	Alcohol dehydrogenase, propanol-preferring
ANT_3_02969	gene	1893				
ANT_3_02969	CDS	1893				hypothetical protein
ANT_3_02970	gene	522				
ANT_3_02970	CDS	522				hypothetical protein
ANT_3_02971	gene	543				
ANT_3_02971	CDS	543				hypothetical protein
ANT_3_02972	gene	360				
ANT_3_02972	CDS	360				hypothetical protein
ANT_3_02973	gene	867				
ANT_3_02973	CDS	867				hypothetical protein
ANT_3_02974	gene	417				
ANT_3_02974	CDS	417				hypothetical protein
ANT_3_02975	gene	507				
ANT_3_02975	CDS	507				hypothetical protein
ANT_3_02976	gene	303				
ANT_3_02976	CDS	303				hypothetical protein
ANT_3_02977	gene	273				
ANT_3_02977	CDS	273				hypothetical protein
ANT_3_02978	gene	342				
ANT_3_02978	CDS	342				hypothetical protein
ANT_3_02979	gene	225				
ANT_3_02979	CDS	225				hypothetical protein
ANT_3_02980	gene	2244				
ANT_3_02980	CDS	2244				hypothetical protein
ANT_3_02981	gene	192				
ANT_3_02981	CDS	192				hypothetical protein
ANT_3_02982	gene	471				
ANT_3_02982	CDS	471				hypothetical protein
ANT_3_02983	gene	582				
ANT_3_02983	CDS	582				hypothetical protein
ANT_3_02984	gene	372				
ANT_3_02984	CDS	372				hypothetical protein
ANT_3_02985	gene	531				
ANT_3_02985	CDS	531				hypothetical protein
ANT_3_02986	gene	372				
ANT_3_02986	CDS	372				hypothetical protein
ANT_3_02987	gene	810				
ANT_3_02987	CDS	810				hypothetical protein
ANT_3_02988	gene	1017				
ANT_3_02988	CDS	1017				hypothetical protein
ANT_3_02989	gene	1764				
ANT_3_02989	CDS	1764				hypothetical protein
ANT_3_02990	gene	849				
ANT_3_02990	CDS	849				hypothetical protein
ANT_3_02991	gene	1140				
ANT_3_02991	CDS	1140				hypothetical protein
ANT_3_02992	gene	657				
ANT_3_02992	CDS	657				hypothetical protein
ANT_3_02993	gene	471				
ANT_3_02993	CDS	471				hypothetical protein
ANT_3_02994	gene	204				
ANT_3_02994	CDS	204				hypothetical protein
ANT_3_02995	gene	210				
ANT_3_02995	CDS	210				hypothetical protein
ANT_3_02996	gene	510				
ANT_3_02996	CDS	510				hypothetical protein
ANT_3_02997	gene	426				
ANT_3_02997	CDS	426				hypothetical protein
ANT_3_02998	gene	468				
ANT_3_02998	CDS	468				hypothetical protein
ANT_3_02999	gene	453				
ANT_3_02999	CDS	453				hypothetical protein
ANT_3_03000	gene	1743				
ANT_3_03000	CDS	1743				hypothetical protein
ANT_3_03001	gene	642				
ANT_3_03001	CDS	642				hypothetical protein
ANT_3_03002	gene	351				
ANT_3_03002	CDS	351				hypothetical protein
ANT_3_03003	gene	909				
ANT_3_03003	CDS	909				hypothetical protein
ANT_3_03004	gene	609				
ANT_3_03004	CDS	609				hypothetical protein
ANT_3_03005	gene	996				
ANT_3_03005	CDS	996				hypothetical protein
ANT_3_03006	gene	393				
ANT_3_03006	CDS	393				hypothetical protein
ANT_3_03007	gene	1170	gpFI			
ANT_3_03007	CDS	1170	gpFI			Putative prophage major tail sheath protein
ANT_3_03008	gene	510				
ANT_3_03008	CDS	510				hypothetical protein
ANT_3_03009	gene	282				
ANT_3_03009	CDS	282				hypothetical protein
ANT_3_03010	gene	2439				
ANT_3_03010	CDS	2439				hypothetical protein
ANT_3_03011	gene	486				
ANT_3_03011	CDS	486				hypothetical protein
ANT_3_03012	gene	1152				
ANT_3_03012	CDS	1152				hypothetical protein
ANT_3_03013	gene	219				
ANT_3_03013	CDS	219				hypothetical protein
ANT_3_03014	gene	1062	xerC_1			
ANT_3_03014	CDS	1062	xerC_1			Tyrosine recombinase XerC
ANT_3_03015	gene	336				
ANT_3_03015	CDS	336				hypothetical protein
ANT_3_03016	gene	885	yebZ			
ANT_3_03016	CDS	885	yebZ		COG1276	Inner membrane protein YebZ
ANT_3_03017	gene	384	yobA			
ANT_3_03017	CDS	384	yobA		COG2372	Protein YobA
ANT_3_03018	gene	507	ftnA			
ANT_3_03018	CDS	507	ftnA	1.16.3.2	COG1528	Bacterial non-heme ferritin
ANT_3_03019	gene	231	holE_2			
ANT_3_03019	CDS	231	holE_2	2.7.7.7		DNA polymerase III subunit theta
ANT_3_03020	gene	957	pip			
ANT_3_03020	CDS	957	pip	3.4.11.5		Proline iminopeptidase
ANT_3_03021	gene	102				
ANT_3_03021	CDS	102				hypothetical protein
ANT_3_03022	gene	2040	ptrB			
ANT_3_03022	CDS	2040	ptrB	3.4.21.83	COG1770	Protease 2
ANT_3_03023	gene	366	yebF			
ANT_3_03023	CDS	366	yebF			Protein YebF
ANT_3_03024	gene	1383	dbpA			
ANT_3_03024	CDS	1383	dbpA	3.6.4.13	COG0513	ATP-dependent RNA helicase DbpA
ANT_3_03025	gene	1179	purT			
ANT_3_03025	CDS	1179	purT	2.1.2.-	COG0027	Formate-dependent phosphoribosylglycinamide formyltransferase
ANT_3_03026	gene	180				
ANT_3_03026	CDS	180				hypothetical protein
ANT_3_03027	gene	1374	pabB			
ANT_3_03027	CDS	1374	pabB	2.6.1.85	COG0147	Aminodeoxychorismate synthase component 1
ANT_3_03028	gene	603	nudL			
ANT_3_03028	CDS	603	nudL	3.6.1.-		putative Nudix hydrolase NudL
ANT_3_03029	gene	1365	sdaA			
ANT_3_03029	CDS	1365	sdaA	4.3.1.17	COG1760	L-serine dehydratase 1
ANT_3_03030	gene	174				
ANT_3_03030	CDS	174				hypothetical protein
ANT_3_03031	gene	1593	pdeD			
ANT_3_03031	CDS	1593	pdeD	3.1.4.52	COG2200	putative cyclic di-GMP phosphodiesterase PdeD
ANT_3_03032	gene	1560				
ANT_3_03032	CDS	1560				hypothetical protein
ANT_3_03033	gene	963	manX			
ANT_3_03033	CDS	963	manX	2.7.1.191	COG2893	PTS system mannose-specific EIIAB component
ANT_3_03034	gene	798	manY			
ANT_3_03034	CDS	798	manY		COG3715	PTS system mannose-specific EIIC component
ANT_3_03035	gene	843	manZ			
ANT_3_03035	CDS	843	manZ		COG3716	PTS system mannose-specific EIID component
ANT_3_03036	gene	459				
ANT_3_03036	CDS	459				hypothetical protein
ANT_3_03037	gene	615	mntP			
ANT_3_03037	CDS	615	mntP		COG1971	putative manganese efflux pump MntP
ANT_3_03038	gene	822	rlmA			
ANT_3_03038	CDS	822	rlmA	2.1.1.187	COG0500	23S rRNA (guanine(745)-N(1))-methyltransferase
ANT_3_03039	gene	702				
ANT_3_03039	CDS	702				hypothetical protein
ANT_3_03040	gene	210	cspC_1			
ANT_3_03040	CDS	210	cspC_1			Cold shock-like protein CspC
ANT_3_03041	gene	990				
ANT_3_03041	CDS	990			COG2220	putative protein
ANT_3_03042	gene	291				
ANT_3_03042	CDS	291				hypothetical protein
ANT_3_03043	gene	237				
ANT_3_03043	CDS	237				hypothetical protein
ANT_3_03044	gene	303				
ANT_3_03044	CDS	303				hypothetical protein
ANT_3_03045	gene	273				
ANT_3_03045	CDS	273				hypothetical protein
ANT_3_03046	gene	123	mgrB			
ANT_3_03046	CDS	123	mgrB			PhoP/PhoQ regulator MgrB
ANT_3_03047	gene	237				
ANT_3_03047	CDS	237				hypothetical protein
ANT_3_03048	gene	246				
ANT_3_03048	CDS	246				hypothetical protein
ANT_3_03049	gene	192				
ANT_3_03049	CDS	192				hypothetical protein
ANT_3_03050	gene	1641	oppA_2			
ANT_3_03050	CDS	1641	oppA_2		COG4166	Periplasmic oligopeptide-binding protein
ANT_3_03051	gene	216				
ANT_3_03051	CDS	216				hypothetical protein
ANT_3_03052	gene	288				
ANT_3_03052	CDS	288				hypothetical protein
ANT_3_03053	gene	1581				
ANT_3_03053	CDS	1581				hypothetical protein
ANT_3_03054	gene	327				
ANT_3_03054	CDS	327				hypothetical protein
ANT_3_03055	gene	1254	icd			
ANT_3_03055	CDS	1254	icd	1.1.1.42	COG0538	Isocitrate dehydrogenase [NADP]
ANT_3_03056	gene	627	rluE			
ANT_3_03056	CDS	627	rluE	5.4.99.20	COG1187	Ribosomal large subunit pseudouridine synthase E
ANT_3_03057	gene	447	nudJ			
ANT_3_03057	CDS	447	nudJ	3.6.1.-	COG0494	Phosphatase NudJ
ANT_3_03058	gene	1110	mnmA			
ANT_3_03058	CDS	1110	mnmA	2.8.1.13	COG0482	tRNA-specific 2-thiouridylase MnmA
ANT_3_03059	gene	627	hflD			
ANT_3_03059	CDS	627	hflD		COG2915	High frequency lysogenization protein HflD
ANT_3_03060	gene	1371	purB			
ANT_3_03060	CDS	1371	purB	4.3.2.2	COG0015	Adenylosuccinate lyase
ANT_3_03061	gene	762	nagR_1			
ANT_3_03061	CDS	762	nagR_1		COG2188	HTH-type transcriptional repressor NagR
ANT_3_03062	gene	972	RBKS_2			
ANT_3_03062	CDS	972	RBKS_2	2.7.1.15		Ribokinase
ANT_3_03063	gene	1020	tri1			
ANT_3_03063	CDS	1020	tri1	3.2.2.19	COG1397	ADP-ribosylarginine hydrolase Tri1
ANT_3_03064	gene	1254	yegT			
ANT_3_03064	CDS	1254	yegT			Putative nucleoside transporter YegT
ANT_3_03065	gene	675	phoP			
ANT_3_03065	CDS	675	phoP			Transcriptional regulatory protein PhoP
ANT_3_03066	gene	1455	phoQ			
ANT_3_03066	CDS	1455	phoQ	2.7.13.3	COG0642	Virulence sensor histidine kinase PhoQ
ANT_3_03067	gene	1122	roxA_2			
ANT_3_03067	CDS	1122	roxA_2	1.14.11.47	COG2850	50S ribosomal protein L16 3-hydroxylase
ANT_3_03068	gene	1236	pepT_1			
ANT_3_03068	CDS	1236	pepT_1	3.4.11.4	COG2195	Peptidase T
ANT_3_03069	gene	831	cobB			
ANT_3_03069	CDS	831	cobB	2.3.1.286	COG0846	NAD-dependent protein deacylase
ANT_3_03070	gene	1251	lolE			
ANT_3_03070	CDS	1251	lolE		COG4591	Lipoprotein-releasing system transmembrane protein LolE
ANT_3_03071	gene	705	lolD_2			
ANT_3_03071	CDS	705	lolD_2	3.6.3.-	COG1136	Lipoprotein-releasing system ATP-binding protein LolD
ANT_3_03072	gene	1164	lolC			
ANT_3_03072	CDS	1164	lolC		COG4591	Lipoprotein-releasing system transmembrane protein LolC
ANT_3_03073	gene	3444	mfd			
ANT_3_03073	CDS	3444	mfd	3.6.4.-	COG1197	Transcription-repair-coupling factor
ANT_3_03074	gene	1242	nicB			
ANT_3_03074	CDS	1242	nicB	1.17.2.1	COG1529	Nicotinate dehydrogenase subunit B
ANT_3_03075	gene	549	hcrC			
ANT_3_03075	CDS	549	hcrC	1.3.7.9		4-hydroxybenzoyl-CoA reductase subunit gamma
ANT_3_03076	gene	2790				
ANT_3_03076	CDS	2790				hypothetical protein
ANT_3_03077	gene	609				
ANT_3_03077	CDS	609				hypothetical protein
ANT_3_03078	gene	984	paoD_1			
ANT_3_03078	CDS	984	paoD_1		COG1975	Molybdenum cofactor insertion chaperone PaoD
ANT_3_03079	gene	537				
ANT_3_03079	CDS	537				hypothetical protein
ANT_3_03080	gene	1305	ndh			
ANT_3_03080	CDS	1305	ndh	1.6.99.3	COG1252	NADH dehydrogenase
ANT_3_03081	gene	543				
ANT_3_03081	CDS	543				hypothetical protein
ANT_3_03082	gene	1029	nagZ			
ANT_3_03082	CDS	1029	nagZ	3.2.1.52	COG1472	Beta-hexosaminidase
ANT_3_03083	gene	900	thiK			
ANT_3_03083	CDS	900	thiK	2.7.1.89	COG0510	Thiamine kinase
ANT_3_03084	gene	603	lpoB			
ANT_3_03084	CDS	603	lpoB		COG3417	Penicillin-binding protein activator LpoB
ANT_3_03085	gene	369				
ANT_3_03085	CDS	369				hypothetical protein
ANT_3_03086	gene	354				
ANT_3_03086	CDS	354		3.9.1.-	COG0537	Purine nucleoside phosphoramidase
ANT_3_03087	gene	129				
ANT_3_03087	CDS	129				hypothetical protein
ANT_3_03088	gene	693				
ANT_3_03088	CDS	693				hypothetical protein
ANT_3_03089	gene	708				
ANT_3_03089	CDS	708				hypothetical protein
ANT_3_03090	gene	180				
ANT_3_03090	CDS	180				hypothetical protein
ANT_3_03091	gene	972				
ANT_3_03091	CDS	972				hypothetical protein
ANT_3_03092	gene	243				
ANT_3_03092	CDS	243				hypothetical protein
ANT_3_03093	gene	165				
ANT_3_03093	CDS	165				hypothetical protein
ANT_3_03094	gene	237				
ANT_3_03094	CDS	237				hypothetical protein
ANT_3_03095	gene	213				
ANT_3_03095	CDS	213				hypothetical protein
ANT_3_03096	gene	486				
ANT_3_03096	CDS	486				hypothetical protein
ANT_3_03097	gene	159				
ANT_3_03097	CDS	159				hypothetical protein
ANT_3_03098	gene	138				
ANT_3_03098	CDS	138				hypothetical protein
ANT_3_03099	gene	219				
ANT_3_03099	CDS	219				hypothetical protein
ANT_3_03100	gene	165				
ANT_3_03100	CDS	165				hypothetical protein
ANT_3_03101	gene	123				
ANT_3_03101	CDS	123				hypothetical protein
ANT_3_03102	gene	1608	ywrD			
ANT_3_03102	CDS	1608	ywrD	2.3.2.2	COG0405	Glutathione hydrolase-like YwrD proenzyme
ANT_3_03103	gene	876	gsiD_2			
ANT_3_03103	CDS	876	gsiD_2		COG1173	Glutathione transport system permease protein GsiD
ANT_3_03104	gene	945	gsiC_4			
ANT_3_03104	CDS	945	gsiC_4		COG0601	Glutathione transport system permease protein GsiC
ANT_3_03105	gene	1518	gsiB_4			
ANT_3_03105	CDS	1518	gsiB_4		COG0747	Glutathione-binding protein GsiB
ANT_3_03106	gene	1116	btuD_8			
ANT_3_03106	CDS	1116	btuD_8	7.6.2.8		Vitamin B12 import ATP-binding protein BtuD
ANT_3_03107	gene	1023	oppD_2			
ANT_3_03107	CDS	1023	oppD_2		COG0444	Oligopeptide transport ATP-binding protein OppD
ANT_3_03108	gene	732	nanR_1			
ANT_3_03108	CDS	732	nanR_1			HTH-type transcriptional repressor NanR
ANT_3_03109	gene	2085				
ANT_3_03109	CDS	2085				hypothetical protein
ANT_3_03110	gene	234				
ANT_3_03110	CDS	234				hypothetical protein
ANT_3_03111	gene	891	rhaS_7			
ANT_3_03111	CDS	891	rhaS_7			HTH-type transcriptional activator RhaS
ANT_3_03112	gene	1332				
ANT_3_03112	CDS	1332				hypothetical protein
ANT_3_03113	gene	1356	yagG			
ANT_3_03113	CDS	1356	yagG		COG2211	Putative glycoside/cation symporter YagG
ANT_3_03114	gene	1146	ascG_2			
ANT_3_03114	CDS	1146	ascG_2		COG1609	HTH-type transcriptional regulator AscG
ANT_3_03115	gene	1476	bglF_2			
ANT_3_03115	CDS	1476	bglF_2		COG1263	PTS system beta-glucoside-specific EIIBCA component
ANT_3_03116	gene	1431	bglH_2			
ANT_3_03116	CDS	1431	bglH_2	3.2.1.86	COG2723	Aryl-phospho-beta-D-glucosidase BglH
ANT_3_03117	gene	1398	norB			
ANT_3_03117	CDS	1398	norB			Quinolone resistance protein NorB
ANT_3_03118	gene	1170	hipO_3			
ANT_3_03118	CDS	1170	hipO_3	3.5.1.32	COG1473	Hippurate hydrolase
ANT_3_03119	gene	2364	rhaS_8			
ANT_3_03119	CDS	2364	rhaS_8			HTH-type transcriptional activator RhaS
ANT_3_03120	gene	1032	rbsR_1			
ANT_3_03120	CDS	1032	rbsR_1		COG1609	Ribose operon repressor
ANT_3_03121	gene	1080				
ANT_3_03121	CDS	1080				hypothetical protein
ANT_3_03122	gene	1416	xylP_2			
ANT_3_03122	CDS	1416	xylP_2			Isoprimeverose transporter
ANT_3_03123	gene	876	nifH			
ANT_3_03123	CDS	876	nifH	1.18.6.1		Nitrogenase iron protein
ANT_3_03124	gene	1449	nifD_1			
ANT_3_03124	CDS	1449	nifD_1	1.18.6.1		Nitrogenase molybdenum-iron protein alpha chain
ANT_3_03125	gene	1569	nifK_1			
ANT_3_03125	CDS	1569	nifK_1	1.18.6.1		Nitrogenase molybdenum-iron protein beta chain
ANT_3_03126	gene	210				
ANT_3_03126	CDS	210				hypothetical protein
ANT_3_03127	gene	675				
ANT_3_03127	CDS	675				hypothetical protein
ANT_3_03128	gene	1374	nifD_2			
ANT_3_03128	CDS	1374	nifD_2	1.18.6.1		Nitrogenase molybdenum-iron protein alpha chain
ANT_3_03129	gene	1386	nifK_2			
ANT_3_03129	CDS	1386	nifK_2	1.18.6.1		Nitrogenase molybdenum-iron protein beta chain
ANT_3_03130	gene	465				
ANT_3_03130	CDS	465				hypothetical protein
ANT_3_03131	gene	339				
ANT_3_03131	CDS	339				hypothetical protein
ANT_3_03132	gene	828				
ANT_3_03132	CDS	828				hypothetical protein
ANT_3_03133	gene	1206	nifS			
ANT_3_03133	CDS	1206	nifS	2.8.1.7	COG1104	Cysteine desulfurase NifS
ANT_3_03134	gene	1203	frbC			
ANT_3_03134	CDS	1203	frbC	2.3.3.19		2-phosphonomethylmalate synthase
ANT_3_03135	gene	339	nifW			
ANT_3_03135	CDS	339	nifW			Nitrogenase-stabilizing/protective protein NifW
ANT_3_03136	gene	444				
ANT_3_03136	CDS	444				hypothetical protein
ANT_3_03137	gene	795	surA_1			
ANT_3_03137	CDS	795	surA_1	5.2.1.8		Chaperone SurA
ANT_3_03138	gene	1488	nifL			
ANT_3_03138	CDS	1488	nifL			Nitrogen fixation regulatory protein
ANT_3_03139	gene	1557	nifA_2			
ANT_3_03139	CDS	1557	nifA_2			Nif-specific regulatory protein
ANT_3_03140	gene	1395	nifB			
ANT_3_03140	CDS	1395	nifB	4.-.-.-	COG0535	FeMo cofactor biosynthesis protein NifB
ANT_3_03141	gene	516				
ANT_3_03141	CDS	516				hypothetical protein
ANT_3_03142	gene	1116	dapE_5			
ANT_3_03142	CDS	1116	dapE_5	3.5.1.18		putative succinyl-diaminopimelate desuccinylase
ANT_3_03143	gene	756				
ANT_3_03143	CDS	756				hypothetical protein
ANT_3_03144	gene	1083	php			
ANT_3_03144	CDS	1083	php		COG1735	Phosphotriesterase homology protein
ANT_3_03145	gene	1011	rbsC_4			
ANT_3_03145	CDS	1011	rbsC_4		COG1172	Ribose import permease protein RbsC
ANT_3_03146	gene	783	frcA			
ANT_3_03146	CDS	783	frcA	7.5.2.-	COG1129	Fructose import ATP-binding protein FrcA
ANT_3_03147	gene	1044	rbsR_2			
ANT_3_03147	CDS	1044	rbsR_2		COG1609	Ribose operon repressor
ANT_3_03148	gene	951	rbsB			
ANT_3_03148	CDS	951	rbsB		COG1879	Ribose import binding protein RbsB
ANT_3_03149	gene	867	rbsK/rbiA			
ANT_3_03149	CDS	867	rbsK/rbiA			Bifunctional ribokinase/ribose-5-phosphate isomerase A
ANT_3_03150	gene	843				
ANT_3_03150	CDS	843				hypothetical protein
ANT_3_03151	gene	645				
ANT_3_03151	CDS	645				hypothetical protein
ANT_3_03152	gene	969	paoD_2			
ANT_3_03152	CDS	969	paoD_2		COG1975	Molybdenum cofactor insertion chaperone PaoD
ANT_3_03153	gene	2214	iorB			
ANT_3_03153	CDS	2214	iorB	1.3.99.16		Isoquinoline 1-oxidoreductase subunit beta
ANT_3_03154	gene	474	iorA			
ANT_3_03154	CDS	474	iorA	1.3.99.16		Isoquinoline 1-oxidoreductase subunit alpha
ANT_3_03155	gene	1305	fdhC_2			
ANT_3_03155	CDS	1305	fdhC_2			Fructose dehydrogenase cytochrome subunit
ANT_3_03156	gene	579				
ANT_3_03156	CDS	579				hypothetical protein
ANT_3_03157	gene	828	mltF_2			
ANT_3_03157	CDS	828	mltF_2	4.2.2.-		Membrane-bound lytic murein transglycosylase F
ANT_3_03158	gene	831	glnQ_5			
ANT_3_03158	CDS	831	glnQ_5			Glutamine transport ATP-binding protein GlnQ
ANT_3_03159	gene	774	gltJ_3			
ANT_3_03159	CDS	774	gltJ_3		COG0765	Glutamate/aspartate import permease protein GltJ
ANT_3_03160	gene	693	glnP_3			
ANT_3_03160	CDS	693	glnP_3		COG0765	putative glutamine ABC transporter permease protein GlnP
ANT_3_03161	gene	198				
ANT_3_03161	CDS	198				hypothetical protein
ANT_3_03162	gene	198				
ANT_3_03162	CDS	198				hypothetical protein
ANT_3_03163	gene	426	arsC_1			
ANT_3_03163	CDS	426	arsC_1	1.20.4.1		Arsenate reductase
ANT_3_03164	gene	1632	gsiA_5			
ANT_3_03164	CDS	1632	gsiA_5	7.4.2.10	COG1123	Glutathione import ATP-binding protein GsiA
ANT_3_03165	gene	840	gsiD_3			
ANT_3_03165	CDS	840	gsiD_3		COG1173	Glutathione transport system permease protein GsiD
ANT_3_03166	gene	996	gsiC_5			
ANT_3_03166	CDS	996	gsiC_5		COG0601	Glutathione transport system permease protein GsiC
ANT_3_03167	gene	1623				
ANT_3_03167	CDS	1623				hypothetical protein
ANT_3_03168	gene	1293	ntaA_1			
ANT_3_03168	CDS	1293	ntaA_1	1.14.14.10		Nitrilotriacetate monooxygenase component A
ANT_3_03169	gene	1341	moxC_1			
ANT_3_03169	CDS	1341	moxC_1	1.14.-.-	COG2141	Putative monooxygenase MoxC
ANT_3_03170	gene	561	ytmI			
ANT_3_03170	CDS	561	ytmI	2.3.1.-		putative N-acetyltransferase YtmI
ANT_3_03171	gene	999				
ANT_3_03171	CDS	999				hypothetical protein
ANT_3_03172	gene	897	tcyA			
ANT_3_03172	CDS	897	tcyA		COG0834	L-cystine-binding protein TcyA
ANT_3_03173	gene	939				
ANT_3_03173	CDS	939				hypothetical protein
ANT_3_03174	gene	762	artM_2			
ANT_3_03174	CDS	762	artM_2		COG1126	Arginine transport ATP-binding protein ArtM
ANT_3_03175	gene	1338				
ANT_3_03175	CDS	1338				hypothetical protein
ANT_3_03176	gene	1164	scmP_2			
ANT_3_03176	CDS	1164	scmP_2	3.5.1.-	COG1473	N-acetylcysteine deacetylase
ANT_3_03177	gene	528	scmL			
ANT_3_03177	CDS	528	scmL	2.3.1.-		S-(2-succino)cysteine N-acetyltransferase
ANT_3_03178	gene	1383	pcaB			
ANT_3_03178	CDS	1383	pcaB	5.5.1.2	COG0015	3-carboxy-cis,cis-muconate cycloisomerase
ANT_3_03179	gene	1080	gldA_1			
ANT_3_03179	CDS	1080	gldA_1	1.1.1.6	COG0371	Glycerol dehydrogenase
ANT_3_03180	gene	1305	ntaA_2			
ANT_3_03180	CDS	1305	ntaA_2	1.14.14.10		Nitrilotriacetate monooxygenase component A
ANT_3_03181	gene	1212	aatB_1			
ANT_3_03181	CDS	1212	aatB_1	2.6.1.1	COG0436	Aspartate aminotransferase
ANT_3_03182	gene	351	tetD			
ANT_3_03182	CDS	351	tetD			Transposon Tn10 TetD protein
ANT_3_03183	gene	1125	ompC_1			
ANT_3_03183	CDS	1125	ompC_1		COG3203	Outer membrane porin C
ANT_3_03184	gene	696	copR			
ANT_3_03184	CDS	696	copR			Transcriptional activator protein CopR
ANT_3_03185	gene	1467	sasA_2			
ANT_3_03185	CDS	1467	sasA_2	2.7.-.-		Adaptive-response sensory-kinase SasA
ANT_3_03186	gene	1551				
ANT_3_03186	CDS	1551				hypothetical protein
ANT_3_03187	gene	507				
ANT_3_03187	CDS	507				hypothetical protein
ANT_3_03188	gene	846				
ANT_3_03188	CDS	846				hypothetical protein
ANT_3_03189	gene	726	yhhW_2			
ANT_3_03189	CDS	726	yhhW_2	1.13.11.24	COG1741	Quercetin 2,3-dioxygenase
ANT_3_03190	gene	921	dmlR_5			
ANT_3_03190	CDS	921	dmlR_5			HTH-type transcriptional regulator DmlR
ANT_3_03191	gene	768				
ANT_3_03191	CDS	768			COG5285	putative protein
ANT_3_03192	gene	849	rhaR_11			
ANT_3_03192	CDS	849	rhaR_11			HTH-type transcriptional activator RhaR
ANT_3_03193	gene	1059	adhC2			
ANT_3_03193	CDS	1059	adhC2	1.1.1.2	COG1064	NADP-dependent alcohol dehydrogenase C 2
ANT_3_03194	gene	1077	pgl_2			
ANT_3_03194	CDS	1077	pgl_2	3.1.1.31	COG2706	6-phosphogluconolactonase
ANT_3_03195	gene	1272	otnK			
ANT_3_03195	CDS	1272	otnK	2.7.1.217	COG3395	3-oxo-tetronate kinase
ANT_3_03196	gene	678				
ANT_3_03196	CDS	678				hypothetical protein
ANT_3_03197	gene	702	ais			
ANT_3_03197	CDS	702	ais	5.3.3.7		Aconitate isomerase
ANT_3_03198	gene	915				
ANT_3_03198	CDS	915				hypothetical protein
ANT_3_03199	gene	639	otnC			
ANT_3_03199	CDS	639	otnC	4.1.1.104	COG0235	3-oxo-tetronate 4-phosphate decarboxylase
ANT_3_03200	gene	834	srlR_4			
ANT_3_03200	CDS	834	srlR_4		COG1349	Glucitol operon repressor
ANT_3_03201	gene	927				
ANT_3_03201	CDS	927				hypothetical protein
ANT_3_03202	gene	588				
ANT_3_03202	CDS	588				hypothetical protein
ANT_3_03203	gene	432				
ANT_3_03203	CDS	432				hypothetical protein
ANT_3_03204	gene	2055	aaeB_2			
ANT_3_03204	CDS	2055	aaeB_2			p-hydroxybenzoic acid efflux pump subunit AaeB
ANT_3_03205	gene	279				
ANT_3_03205	CDS	279				hypothetical protein
ANT_3_03206	gene	546	gntK_2			
ANT_3_03206	CDS	546	gntK_2	2.7.1.12	COG3265	Thermoresistant gluconokinase
ANT_3_03207	gene	1338	gntU			
ANT_3_03207	CDS	1338	gntU		COG2610	Low-affinity gluconate transporter
ANT_3_03208	gene	1815	edd			
ANT_3_03208	CDS	1815	edd	4.2.1.12	COG0129	Phosphogluconate dehydratase
ANT_3_03209	gene	642	eda_1			
ANT_3_03209	CDS	642	eda_1		COG0800	KHG/KDPG aldolase
ANT_3_03210	gene	1335	garP_2			
ANT_3_03210	CDS	1335	garP_2			putative galactarate transporter
ANT_3_03211	gene	849				
ANT_3_03211	CDS	849		3.1.1.23	COG2267	Monoacylglycerol lipase
ANT_3_03212	gene	690	dgcQ			
ANT_3_03212	CDS	690	dgcQ	2.7.7.65		putative diguanylate cyclase DgcQ
ANT_3_03213	gene	411				
ANT_3_03213	CDS	411				putative protein
ANT_3_03214	gene	555				
ANT_3_03214	CDS	555				hypothetical protein
ANT_3_03215	gene	1242				
ANT_3_03215	CDS	1242				hypothetical protein
ANT_3_03216	gene	846	lpxH_2			
ANT_3_03216	CDS	846	lpxH_2	3.6.1.54		UDP-2,3-diacylglucosamine hydrolase
ANT_3_03217	gene	1164				
ANT_3_03217	CDS	1164				hypothetical protein
ANT_3_03218	gene	570				
ANT_3_03218	CDS	570				hypothetical protein
ANT_3_03219	gene	684	arnC_2			
ANT_3_03219	CDS	684	arnC_2	2.4.2.53		Undecaprenyl-phosphate 4-deoxy-4-formamido-L-arabinose transferase
ANT_3_03220	gene	1632				
ANT_3_03220	CDS	1632				hypothetical protein
ANT_3_03221	gene	1224	efeO_2			
ANT_3_03221	CDS	1224	efeO_2		COG2822	Iron uptake system component EfeO
ANT_3_03222	gene	1275	efeN			
ANT_3_03222	CDS	1275	efeN	1.11.1.-	COG2837	putative deferrochelatase/peroxidase EfeN
ANT_3_03223	gene	1107	gntR_2			
ANT_3_03223	CDS	1107	gntR_2			HTH-type transcriptional regulator GntR
ANT_3_03224	gene	1197				
ANT_3_03224	CDS	1197		4.2.1.156	COG4948	L-talarate/galactarate dehydratase
ANT_3_03225	gene	186	ywhB			
ANT_3_03225	CDS	186	ywhB	5.3.2.6	COG1942	2-hydroxymuconate tautomerase
ANT_3_03226	gene	918	pgrR_6			
ANT_3_03226	CDS	918	pgrR_6			HTH-type transcriptional regulator PgrR
ANT_3_03227	gene	750				
ANT_3_03227	CDS	750		1.1.1.119	COG1028	Glucose 1-dehydrogenase
ANT_3_03228	gene	1629	gsiA_6			
ANT_3_03228	CDS	1629	gsiA_6	7.4.2.10	COG1123	Glutathione import ATP-binding protein GsiA
ANT_3_03229	gene	867				
ANT_3_03229	CDS	867				hypothetical protein
ANT_3_03230	gene	984	sbnB			
ANT_3_03230	CDS	984	sbnB	1.5.1.51	COG2423	N-((2S)-2-amino-2-carboxyethyl)-L-glutamate dehydrogenase
ANT_3_03231	gene	999	dcyD_2			
ANT_3_03231	CDS	999	dcyD_2	4.4.1.15	COG2515	D-cysteine desulfhydrase
ANT_3_03232	gene	1383	dapE_6			
ANT_3_03232	CDS	1383	dapE_6	3.5.1.18		Succinyl-diaminopimelate desuccinylase
ANT_3_03233	gene	915	gsiC_6			
ANT_3_03233	CDS	915	gsiC_6		COG0601	Glutathione transport system permease protein GsiC
ANT_3_03234	gene	846	gsiD_4			
ANT_3_03234	CDS	846	gsiD_4		COG1173	Glutathione transport system permease protein GsiD
ANT_3_03235	gene	1572	gsiB_5			
ANT_3_03235	CDS	1572	gsiB_5		COG0747	Glutathione-binding protein GsiB
ANT_3_03236	gene	666	mcbR			
ANT_3_03236	CDS	666	mcbR		COG1802	HTH-type transcriptional regulator McbR
ANT_3_03237	gene	1512	ttdT			
ANT_3_03237	CDS	1512	ttdT		COG0471	L-tartrate/succinate antiporter
ANT_3_03238	gene	2781	namA_3			
ANT_3_03238	CDS	2781	namA_3	1.6.99.1		NADPH dehydrogenase
ANT_3_03239	gene	1005				
ANT_3_03239	CDS	1005				hypothetical protein
ANT_3_03240	gene	1626	gsiA_7			
ANT_3_03240	CDS	1626	gsiA_7	7.4.2.10	COG1123	Glutathione import ATP-binding protein GsiA
ANT_3_03241	gene	816	ddpC_5			
ANT_3_03241	CDS	816	ddpC_5		COG1173	putative D,D-dipeptide transport system permease protein DdpC
ANT_3_03242	gene	999	gsiC_7			
ANT_3_03242	CDS	999	gsiC_7		COG0601	Glutathione transport system permease protein GsiC
ANT_3_03243	gene	1548				
ANT_3_03243	CDS	1548				hypothetical protein
ANT_3_03244	gene	2316	dmsA_1			
ANT_3_03244	CDS	2316	dmsA_1	1.7.2.3	COG0243	Dimethyl sulfoxide/trimethylamine N-oxide reductase
ANT_3_03245	gene	870	dmlR_6			
ANT_3_03245	CDS	870	dmlR_6			HTH-type transcriptional regulator DmlR
ANT_3_03246	gene	636				
ANT_3_03246	CDS	636				hypothetical protein
ANT_3_03247	gene	480	hcpA_5			
ANT_3_03247	CDS	480	hcpA_5		COG3157	Major exported protein
ANT_3_03248	gene	243				
ANT_3_03248	CDS	243				hypothetical protein
ANT_3_03249	gene	654				
ANT_3_03249	CDS	654				hypothetical protein
ANT_3_03250	gene	678				
ANT_3_03250	CDS	678				hypothetical protein
ANT_3_03251	gene	666	yecS_2			
ANT_3_03251	CDS	666	yecS_2		COG0765	L-cystine transport system permease protein YecS
ANT_3_03252	gene	654	yecS_3			
ANT_3_03252	CDS	654	yecS_3		COG0765	L-cystine transport system permease protein YecS
ANT_3_03253	gene	648				
ANT_3_03253	CDS	648				hypothetical protein
ANT_3_03254	gene	630				
ANT_3_03254	CDS	630				hypothetical protein
ANT_3_03255	gene	837	fliY_3			
ANT_3_03255	CDS	837	fliY_3		COG0834	L-cystine-binding protein FliY
ANT_3_03256	gene	852				
ANT_3_03256	CDS	852				hypothetical protein
ANT_3_03257	gene	957				
ANT_3_03257	CDS	957				hypothetical protein
ANT_3_03258	gene	1212	bcr_3			
ANT_3_03258	CDS	1212	bcr_3			Bicyclomycin resistance protein
ANT_3_03259	gene	405				
ANT_3_03259	CDS	405				hypothetical protein
ANT_3_03260	gene	717				
ANT_3_03260	CDS	717				hypothetical protein
ANT_3_03261	gene	639	nfsB			
ANT_3_03261	CDS	639	nfsB	1.-.-.-	COG0778	Oxygen-insensitive NAD(P)H nitroreductase
ANT_3_03262	gene	120				
ANT_3_03262	CDS	120				hypothetical protein
ANT_3_03263	gene	924	cysL_2			
ANT_3_03263	CDS	924	cysL_2		COG0583	HTH-type transcriptional regulator CysL
ANT_3_03264	gene	696	rraA_2			
ANT_3_03264	CDS	696	rraA_2			Regulator of ribonuclease activity A
ANT_3_03265	gene	1326	citN			
ANT_3_03265	CDS	1326	citN		COG2851	Citrate transporter
ANT_3_03266	gene	1191	fadL_1			
ANT_3_03266	CDS	1191	fadL_1		COG2067	Long-chain fatty acid transport protein
ANT_3_03267	gene	1698				
ANT_3_03267	CDS	1698				hypothetical protein
ANT_3_03268	gene	1044				
ANT_3_03268	CDS	1044				hypothetical protein
ANT_3_03269	gene	1275	chuR_3			
ANT_3_03269	CDS	1275	chuR_3	1.1.99.-	COG0641	Anaerobic sulfatase-maturating enzyme
ANT_3_03270	gene	579				
ANT_3_03270	CDS	579				hypothetical protein
ANT_3_03271	gene	1107				
ANT_3_03271	CDS	1107		1.-.-.-		NADH oxidase
ANT_3_03272	gene	1029				
ANT_3_03272	CDS	1029				Zinc-type alcohol dehydrogenase-like protein
ANT_3_03273	gene	732	fabG_3			
ANT_3_03273	CDS	732	fabG_3	1.1.1.100		3-oxoacyl-[acyl-carrier-protein] reductase FabG
ANT_3_03274	gene	405				
ANT_3_03274	CDS	405				hypothetical protein
ANT_3_03275	gene	1032	xecA1			
ANT_3_03275	CDS	1032	xecA1	4.4.1.23		2-hydroxypropyl-CoM lyase
ANT_3_03276	gene	984				
ANT_3_03276	CDS	984				hypothetical protein
ANT_3_03277	gene	348				
ANT_3_03277	CDS	348				hypothetical protein
ANT_3_03278	gene	1092	ychF			
ANT_3_03278	CDS	1092	ychF		COG0012	Ribosome-binding ATPase YchF
ANT_3_03279	gene	1482	bicA			
ANT_3_03279	CDS	1482	bicA		COG0659	Bicarbonate transporter BicA
ANT_3_03280	gene	1524	sglT			
ANT_3_03280	CDS	1524	sglT			Sodium/glucose cotransporter
ANT_3_03281	gene	777	nagB_2			
ANT_3_03281	CDS	777	nagB_2	3.5.99.6		Glucosamine-6-phosphate deaminase
ANT_3_03282	gene	1158	nagA_2			
ANT_3_03282	CDS	1158	nagA_2	3.5.1.25	COG1820	N-acetylglucosamine-6-phosphate deacetylase
ANT_3_03283	gene	1143	mlc_2			
ANT_3_03283	CDS	1143	mlc_2		COG1940	Protein mlc
ANT_3_03284	gene	1959				
ANT_3_03284	CDS	1959				hypothetical protein
ANT_3_03285	gene	1044				
ANT_3_03285	CDS	1044				hypothetical protein
ANT_3_03286	gene	1044				
ANT_3_03286	CDS	1044				hypothetical protein
ANT_3_03287	gene	1914	zosA			
ANT_3_03287	CDS	1914	zosA	3.6.3.-	COG2217	Zinc-transporting ATPase
ANT_3_03288	gene	576	pth			
ANT_3_03288	CDS	576	pth	3.1.1.29	COG0193	Peptidyl-tRNA hydrolase
ANT_3_03289	gene	279				
ANT_3_03289	CDS	279				hypothetical protein
ANT_3_03290	gene	948	prs_2			
ANT_3_03290	CDS	948	prs_2	2.7.6.1	COG0462	Ribose-phosphate pyrophosphokinase
ANT_3_03291	gene	864	ispE			
ANT_3_03291	CDS	864	ispE	2.7.1.148	COG1947	4-diphosphocytidyl-2-C-methyl-D-erythritol kinase
ANT_3_03292	gene	624	lolB			
ANT_3_03292	CDS	624	lolB		COG3017	Outer-membrane lipoprotein LolB
ANT_3_03293	gene	1263	hemA			
ANT_3_03293	CDS	1263	hemA	1.2.1.70	COG0373	Glutamyl-tRNA reductase
ANT_3_03294	gene	1083	prfA			
ANT_3_03294	CDS	1083	prfA		COG0216	Peptide chain release factor RF1
ANT_3_03295	gene	837	prmC			
ANT_3_03295	CDS	837	prmC	2.1.1.297	COG2890	Release factor glutamine methyltransferase
ANT_3_03296	gene	390	ychQ			
ANT_3_03296	CDS	390	ychQ		COG3094	Protein YchQ
ANT_3_03297	gene	810				
ANT_3_03297	CDS	810				hypothetical protein
ANT_3_03298	gene	855	kdsA			
ANT_3_03298	CDS	855	kdsA	2.5.1.55	COG2877	2-dehydro-3-deoxyphosphooctonate aldolase
ANT_3_03299	gene	1668	dauA			
ANT_3_03299	CDS	1668	dauA		COG0659	C4-dicarboxylic acid transporter DauA
ANT_3_03300	gene	1107				
ANT_3_03300	CDS	1107				hypothetical protein
ANT_3_03301	gene	1320	fdhC_3			
ANT_3_03301	CDS	1320	fdhC_3			Fructose dehydrogenase cytochrome subunit
ANT_3_03302	gene	1605	fdhL_2			
ANT_3_03302	CDS	1605	fdhL_2	1.1.99.11		Fructose dehydrogenase large subunit
ANT_3_03303	gene	555	fdhS_2			
ANT_3_03303	CDS	555	fdhS_2			Fructose dehydrogenase small subunit
ANT_3_03304	gene	477				
ANT_3_03304	CDS	477				hypothetical protein
ANT_3_03305	gene	1986				
ANT_3_03305	CDS	1986		1.18.1.2		Ferredoxin--NADP reductase
ANT_3_03306	gene	1548	dap			
ANT_3_03306	CDS	1548	dap	3.4.11.19		D-aminopeptidase
ANT_3_03307	gene	777	oppF			
ANT_3_03307	CDS	777	oppF		COG4608	Oligopeptide transport ATP-binding protein OppF
ANT_3_03308	gene	831	oppD_3			
ANT_3_03308	CDS	831	oppD_3		COG0444	Oligopeptide transport ATP-binding protein OppD
ANT_3_03309	gene	927	ddpC_6			
ANT_3_03309	CDS	927	ddpC_6		COG1173	putative D,D-dipeptide transport system permease protein DdpC
ANT_3_03310	gene	1014	dppB_3			
ANT_3_03310	CDS	1014	dppB_3		COG0601	Dipeptide transport system permease protein DppB
ANT_3_03311	gene	1596	ddpA_4			
ANT_3_03311	CDS	1596	ddpA_4		COG0747	putative D,D-dipeptide-binding periplasmic protein DdpA
ANT_3_03312	gene	1113				
ANT_3_03312	CDS	1113				hypothetical protein
ANT_3_03313	gene	954	ydgH			
ANT_3_03313	CDS	954	ydgH			Protein YdgH
ANT_3_03314	gene	1530	pntA			
ANT_3_03314	CDS	1530	pntA	7.1.1.1	COG3288	NAD(P) transhydrogenase subunit alpha
ANT_3_03315	gene	1392	pntB			
ANT_3_03315	CDS	1392	pntB	7.1.1.1	COG1282	NAD(P) transhydrogenase subunit beta
ANT_3_03316	gene	960	uspE			
ANT_3_03316	CDS	960	uspE		COG0589	Universal stress protein E
ANT_3_03317	gene	756	fnr			
ANT_3_03317	CDS	756	fnr		COG0664	Fumarate and nitrate reduction regulatory protein
ANT_3_03318	gene	1026	alx_2			
ANT_3_03318	CDS	1026	alx_2		COG0861	Putative membrane-bound redox modulator Alx
ANT_3_03319	gene	1221	gpgS			
ANT_3_03319	CDS	1221	gpgS	2.4.1.266	COG0463	Glucosyl-3-phosphoglycerate synthase
ANT_3_03320	gene	816	yedP			
ANT_3_03320	CDS	816	yedP	3.1.3.70	COG3769	Mannosyl-3-phosphoglycerate phosphatase
ANT_3_03321	gene	567	smrA			
ANT_3_03321	CDS	567	smrA	3.1.-.-	COG2840	putative DNA endonuclease SmrA
ANT_3_03322	gene	1041	apbE			
ANT_3_03322	CDS	1041	apbE	2.7.1.180	COG1477	FAD:protein FMN transferase
ANT_3_03323	gene	903	dmlR_7			
ANT_3_03323	CDS	903	dmlR_7			HTH-type transcriptional regulator DmlR
ANT_3_03324	gene	615	azoR1			
ANT_3_03324	CDS	615	azoR1	1.7.1.17	COG1182	FMN-dependent NADH-azoreductase 1
ANT_3_03325	gene	2283	glgX_2			
ANT_3_03325	CDS	2283	glgX_2	3.2.1.-	COG1523	Glycogen operon protein GlgX 
ANT_3_03326	gene	1671				
ANT_3_03326	CDS	1671				hypothetical protein
ANT_3_03327	gene	945				
ANT_3_03327	CDS	945		1.1.1.215	COG1052	2-ketogluconate reductase
ANT_3_03328	gene	954	cbl			
ANT_3_03328	CDS	954	cbl			HTH-type transcriptional regulator cbl
ANT_3_03329	gene	981	ppsC			
ANT_3_03329	CDS	981	ppsC	2.3.1.41		Phthiocerol synthesis polyketide synthase type I PpsC
ANT_3_03330	gene	333				
ANT_3_03330	CDS	333				hypothetical protein
ANT_3_03331	gene	1440	araE_2			
ANT_3_03331	CDS	1440	araE_2	1.2.1.26		Alpha-ketoglutaric semialdehyde dehydrogenase 1
ANT_3_03332	gene	921	dmlR_8			
ANT_3_03332	CDS	921	dmlR_8			HTH-type transcriptional regulator DmlR
ANT_3_03333	gene	756	gno			
ANT_3_03333	CDS	756	gno	1.1.1.-		Gluconate 5-dehydrogenase
ANT_3_03334	gene	1326				
ANT_3_03334	CDS	1326				hypothetical protein
ANT_3_03335	gene	1341	hisD_1			
ANT_3_03335	CDS	1341	hisD_1	1.1.1.23		Histidinol dehydrogenase
ANT_3_03336	gene	771	nrtD			
ANT_3_03336	CDS	771	nrtD	7.3.2.4	COG1116	Nitrate import ATP-binding protein NrtD
ANT_3_03337	gene	810	ssuC_2			
ANT_3_03337	CDS	810	ssuC_2		COG0600	Putative aliphatic sulfonates transport permease protein SsuC
ANT_3_03338	gene	1011				
ANT_3_03338	CDS	1011				hypothetical protein
ANT_3_03339	gene	981				
ANT_3_03339	CDS	981				hypothetical protein
ANT_3_03340	gene	1428	argH_2			
ANT_3_03340	CDS	1428	argH_2	4.3.2.1	COG0165	Argininosuccinate lyase
ANT_3_03341	gene	873				
ANT_3_03341	CDS	873				hypothetical protein
ANT_3_03342	gene	765	glnQ_6			
ANT_3_03342	CDS	765	glnQ_6			Glutamine transport ATP-binding protein GlnQ
ANT_3_03343	gene	822	hisJ			
ANT_3_03343	CDS	822	hisJ		COG0834	Histidine-binding periplasmic protein
ANT_3_03344	gene	858	pgdA			
ANT_3_03344	CDS	858	pgdA	3.5.1.-		Peptidoglycan deacetylase
ANT_3_03345	gene	903				
ANT_3_03345	CDS	903				hypothetical protein
ANT_3_03346	gene	1356				
ANT_3_03346	CDS	1356				hypothetical protein
ANT_3_03347	gene	1047	ydgJ			
ANT_3_03347	CDS	1047	ydgJ	1.-.-.-	COG0673	putative oxidoreductase YdgJ
ANT_3_03348	gene	1011				
ANT_3_03348	CDS	1011				hypothetical protein
ANT_3_03349	gene	999	add			
ANT_3_03349	CDS	999	add	3.5.4.4	COG1816	Adenosine deaminase
ANT_3_03350	gene	525	lpfA_1			
ANT_3_03350	CDS	525	lpfA_1			putative major fimbrial subunit LpfA
ANT_3_03351	gene	690	lpfB_2			
ANT_3_03351	CDS	690	lpfB_2			putative fimbrial chaperone LpfB
ANT_3_03352	gene	2634	fimD_2			
ANT_3_03352	CDS	2634	fimD_2		COG3188	Outer membrane usher protein FimD
ANT_3_03353	gene	969				
ANT_3_03353	CDS	969				hypothetical protein
ANT_3_03354	gene	516	sfaS			
ANT_3_03354	CDS	516	sfaS			S-fimbrial adhesin protein SfaS
ANT_3_03355	gene	513	fimG_1			
ANT_3_03355	CDS	513	fimG_1			Protein FimG
ANT_3_03356	gene	519	fimG_2			
ANT_3_03356	CDS	519	fimG_2			Protein FimG
ANT_3_03357	gene	1185	malY			
ANT_3_03357	CDS	1185	malY		COG1168	Protein MalY
ANT_3_03358	gene	1548	malX_2			
ANT_3_03358	CDS	1548	malX_2		COG1263	PTS system maltose-specific EIICB component
ANT_3_03359	gene	1032	malI_2			
ANT_3_03359	CDS	1032	malI_2		COG1609	Maltose regulon regulatory protein MalI
ANT_3_03360	gene	189				
ANT_3_03360	CDS	189				hypothetical protein
ANT_3_03361	gene	297				
ANT_3_03361	CDS	297				hypothetical protein
ANT_3_03362	gene	369				
ANT_3_03362	CDS	369				hypothetical protein
ANT_3_03363	gene	327				
ANT_3_03363	CDS	327				hypothetical protein
ANT_3_03364	gene	906	hdfR_4			
ANT_3_03364	CDS	906	hdfR_4			HTH-type transcriptional regulator HdfR
ANT_3_03365	gene	1296	adeP_2			
ANT_3_03365	CDS	1296	adeP_2		COG2252	Adenine permease AdeP
ANT_3_03366	gene	750	ydfG_2			
ANT_3_03366	CDS	750	ydfG_2	1.1.1.381	COG4221	NADP-dependent 3-hydroxy acid dehydrogenase YdfG
ANT_3_03367	gene	1056	yajO_3			
ANT_3_03367	CDS	1056	yajO_3	1.1.-.-	COG0667	1-deoxyxylulose-5-phosphate synthase YajO
ANT_3_03368	gene	1494	hsrA			
ANT_3_03368	CDS	1494	hsrA			putative transport protein HsrA
ANT_3_03369	gene	852				
ANT_3_03369	CDS	852				hypothetical protein
ANT_3_03370	gene	1089	ugpC_1			
ANT_3_03370	CDS	1089	ugpC_1	7.6.2.10	COG3839	sn-glycerol-3-phosphate import ATP-binding protein UgpC
ANT_3_03371	gene	954	RBKS_3			
ANT_3_03371	CDS	954	RBKS_3	2.7.1.15		Ribokinase
ANT_3_03372	gene	840	dasC_1			
ANT_3_03372	CDS	840	dasC_1		COG0395	Diacetylchitobiose uptake system permease protein DasC
ANT_3_03373	gene	903	sugA			
ANT_3_03373	CDS	903	sugA		COG1175	Trehalose transport system permease protein SugA
ANT_3_03374	gene	1251				
ANT_3_03374	CDS	1251			COG1653	putative ABC transporter-binding protein
ANT_3_03375	gene	1182	mlc_3			
ANT_3_03375	CDS	1182	mlc_3		COG1940	Protein mlc
ANT_3_03376	gene	1353	guaD			
ANT_3_03376	CDS	1353	guaD	3.5.4.3	COG0402	Guanine deaminase
ANT_3_03377	gene	639	rutR_2			
ANT_3_03377	CDS	639	rutR_2		COG1309	HTH-type transcriptional regulator RutR
ANT_3_03378	gene	1407				
ANT_3_03378	CDS	1407				hypothetical protein
ANT_3_03379	gene	2391	pucD			
ANT_3_03379	CDS	2391	pucD	1.17.1.4	COG1529	putative xanthine dehydrogenase subunit D
ANT_3_03380	gene	789				
ANT_3_03380	CDS	789				hypothetical protein
ANT_3_03381	gene	303				
ANT_3_03381	CDS	303				hypothetical protein
ANT_3_03382	gene	339				
ANT_3_03382	CDS	339				hypothetical protein
ANT_3_03383	gene	1062	btuD_9			
ANT_3_03383	CDS	1062	btuD_9	7.6.2.8		Vitamin B12 import ATP-binding protein BtuD
ANT_3_03384	gene	1002				
ANT_3_03384	CDS	1002			COG1840	putative protein
ANT_3_03385	gene	1731				
ANT_3_03385	CDS	1731				hypothetical protein
ANT_3_03386	gene	696				
ANT_3_03386	CDS	696				hypothetical protein
ANT_3_03387	gene	774	fetB			
ANT_3_03387	CDS	774	fetB		COG0390	putative iron export permease protein FetB
ANT_3_03388	gene	672	fetA			
ANT_3_03388	CDS	672	fetA	3.6.3.-	COG4619	putative iron export ATP-binding protein FetA
ANT_3_03389	gene	1530	ydgA			
ANT_3_03389	CDS	1530	ydgA		COG5339	Protein YdgA
ANT_3_03390	gene	1182	manA			
ANT_3_03390	CDS	1182	manA	5.3.1.8	COG1482	Mannose-6-phosphate isomerase
ANT_3_03391	gene	1398	fumC			
ANT_3_03391	CDS	1398	fumC	4.2.1.2	COG0114	Fumarate hydratase class II
ANT_3_03392	gene	936	tus			
ANT_3_03392	CDS	936	tus			DNA replication terminus site-binding protein
ANT_3_03393	gene	462				
ANT_3_03393	CDS	462				hypothetical protein
ANT_3_03394	gene	990	iolS			
ANT_3_03394	CDS	990	iolS	1.1.1.-	COG0667	Aldo-keto reductase IolS
ANT_3_03395	gene	741				
ANT_3_03395	CDS	741		1.-.-.-		putative oxidoreductase
ANT_3_03396	gene	579	tag_2			
ANT_3_03396	CDS	579	tag_2	3.2.2.20	COG2818	DNA-3-methyladenine glycosylase 1
ANT_3_03397	gene	963	cdhR_1			
ANT_3_03397	CDS	963	cdhR_1		COG4977	HTH-type transcriptional regulator CdhR
ANT_3_03398	gene	642				
ANT_3_03398	CDS	642				hypothetical protein
ANT_3_03399	gene	306				
ANT_3_03399	CDS	306				hypothetical protein
ANT_3_03400	gene	612	tam_2			
ANT_3_03400	CDS	612	tam_2	2.1.1.144		Trans-aconitate 2-methyltransferase
ANT_3_03401	gene	363				
ANT_3_03401	CDS	363				hypothetical protein
ANT_3_03402	gene	606	emtA_2			
ANT_3_03402	CDS	606	emtA_2	4.2.2.-	COG0741	Endo-type membrane-bound lytic murein transglycosylase A
ANT_3_03403	gene	978	rhaS_9			
ANT_3_03403	CDS	978	rhaS_9			HTH-type transcriptional activator RhaS
ANT_3_03404	gene	1011	gap1			
ANT_3_03404	CDS	1011	gap1	1.2.1.12	COG0057	Glyceraldehyde-3-phosphate dehydrogenase 1
ANT_3_03405	gene	459	slyA_2			
ANT_3_03405	CDS	459	slyA_2			Transcriptional regulator SlyA
ANT_3_03406	gene	1737	farB			
ANT_3_03406	CDS	1737	farB			Fatty acid resistance protein FarB
ANT_3_03407	gene	1050	emrA_4			
ANT_3_03407	CDS	1050	emrA_4			Colistin resistance protein EmrA
ANT_3_03408	gene	891	yihU			
ANT_3_03408	CDS	891	yihU	1.1.1.373	COG2084	3-sulfolactaldehyde reductase
ANT_3_03409	gene	372	cmi			
ANT_3_03409	CDS	372	cmi			Colicin-M immunity protein
ANT_3_03410	gene	1116				
ANT_3_03410	CDS	1116			COG0614	putative protein
ANT_3_03411	gene	267				
ANT_3_03411	CDS	267				hypothetical protein
ANT_3_03412	gene	1620	glpE_2			
ANT_3_03412	CDS	1620	glpE_2	2.8.1.1		Thiosulfate sulfurtransferase GlpE
ANT_3_03413	gene	606				
ANT_3_03413	CDS	606		1.13.11.-	COG5553	3-mercaptopropionate dioxygenase
ANT_3_03414	gene	912	cysL_3			
ANT_3_03414	CDS	912	cysL_3		COG0583	HTH-type transcriptional regulator CysL
ANT_3_03415	gene	903	pgrR_7			
ANT_3_03415	CDS	903	pgrR_7			HTH-type transcriptional regulator PgrR
ANT_3_03416	gene	867	pdxI			
ANT_3_03416	CDS	867	pdxI	1.1.1.65		Pyridoxine 4-dehydrogenase
ANT_3_03417	gene	1098	msuD			
ANT_3_03417	CDS	1098	msuD	1.14.14.5	COG2141	Methanesulfonate monooxygenase
ANT_3_03418	gene	939	ssuA_2			
ANT_3_03418	CDS	939	ssuA_2			Putative aliphatic sulfonates-binding protein
ANT_3_03419	gene	228				
ANT_3_03419	CDS	228				hypothetical protein
ANT_3_03420	gene	855				
ANT_3_03420	CDS	855				hypothetical protein
ANT_3_03421	gene	1212	dacD			
ANT_3_03421	CDS	1212	dacD	3.4.16.4	COG1686	D-alanyl-D-alanine carboxypeptidase DacD
ANT_3_03422	gene	2307	ydeP			
ANT_3_03422	CDS	2307	ydeP		COG0243	Protein YdeP
ANT_3_03423	gene	1944	rnb			
ANT_3_03423	CDS	1944	rnb	3.1.13.1	COG4776	Exoribonuclease 2
ANT_3_03424	gene	1092	dhaD_1			
ANT_3_03424	CDS	1092	dhaD_1	1.1.1.6		Glycerol dehydrogenase
ANT_3_03425	gene	1149	mdlB_2			
ANT_3_03425	CDS	1149	mdlB_2	1.1.99.31		(S)-mandelate dehydrogenase
ANT_3_03426	gene	1155	hisC_1			
ANT_3_03426	CDS	1155	hisC_1	2.6.1.9	COG0079	Histidinol-phosphate aminotransferase
ANT_3_03427	gene	1683	hutU			
ANT_3_03427	CDS	1683	hutU	4.2.1.49	COG2987	Urocanate hydratase
ANT_3_03428	gene	1551	hutH			
ANT_3_03428	CDS	1551	hutH	4.3.1.3	COG2986	Histidine ammonia-lyase
ANT_3_03429	gene	786	ssuB_1			
ANT_3_03429	CDS	786	ssuB_1	3.6.3.-	COG1116	Aliphatic sulfonates import ATP-binding protein SsuB
ANT_3_03430	gene	882	ssuC_3			
ANT_3_03430	CDS	882	ssuC_3		COG0600	Putative aliphatic sulfonates transport permease protein SsuC
ANT_3_03431	gene	981				
ANT_3_03431	CDS	981				hypothetical protein
ANT_3_03432	gene	582	ves			
ANT_3_03432	CDS	582	ves			Protein Ves
ANT_3_03433	gene	1374				
ANT_3_03433	CDS	1374		3.5.4.32	COG0402	8-oxoguanine deaminase
ANT_3_03434	gene	801	nagR_2			
ANT_3_03434	CDS	801	nagR_2		COG2188	HTH-type transcriptional repressor NagR
ANT_3_03435	gene	1263	hutI			
ANT_3_03435	CDS	1263	hutI	3.5.2.7	COG1228	Imidazolonepropionase
ANT_3_03436	gene	837				
ANT_3_03436	CDS	837				hypothetical protein
ANT_3_03437	gene	3288	bcsC_2			
ANT_3_03437	CDS	3288	bcsC_2		COG0457	Cellulose synthase operon protein C
ANT_3_03438	gene	2352	bcsB_3			
ANT_3_03438	CDS	2352	bcsB_3			Cyclic di-GMP-binding protein
ANT_3_03439	gene	2616	bcsA_2			
ANT_3_03439	CDS	2616	bcsA_2	2.4.1.12	COG1215	Cellulose synthase catalytic subunit [UDP-forming]
ANT_3_03440	gene	726	bcsQ_3			
ANT_3_03440	CDS	726	bcsQ_3			Cellulose biosynthesis protein BcsQ
ANT_3_03441	gene	201				
ANT_3_03441	CDS	201				hypothetical protein
ANT_3_03442	gene	1602	bcsE_2			
ANT_3_03442	CDS	1602	bcsE_2			Cyclic di-GMP binding protein BcsE
ANT_3_03443	gene	234				
ANT_3_03443	CDS	234				hypothetical protein
ANT_3_03444	gene	1647	bcsG_2			
ANT_3_03444	CDS	1647	bcsG_2			Cellulose biosynthesis protein BcsG
ANT_3_03445	gene	102				
ANT_3_03445	CDS	102				hypothetical protein
ANT_3_03446	gene	699	lldR_2			
ANT_3_03446	CDS	699	lldR_2		COG2186	Putative L-lactate dehydrogenase operon regulatory protein
ANT_3_03447	gene	1185	uxuA			
ANT_3_03447	CDS	1185	uxuA	4.2.1.8	COG1312	Mannonate dehydratase
ANT_3_03448	gene	936	araC_1			
ANT_3_03448	CDS	936	araC_1			Arabinose operon regulatory protein
ANT_3_03449	gene	1005	araH			
ANT_3_03449	CDS	1005	araH		COG1172	L-arabinose transport system permease protein AraH
ANT_3_03450	gene	1584	araG			
ANT_3_03450	CDS	1584	araG	7.5.2.12	COG1129	Arabinose import ATP-binding protein AraG
ANT_3_03451	gene	987	araF			
ANT_3_03451	CDS	987	araF		COG1879	L-arabinose-binding periplasmic protein
ANT_3_03452	gene	1680	araB_1			
ANT_3_03452	CDS	1680	araB_1	2.7.1.16	COG1069	Ribulokinase
ANT_3_03453	gene	1506	araA			
ANT_3_03453	CDS	1506	araA	5.3.1.4	COG2160	L-arabinose isomerase
ANT_3_03454	gene	750	sugC			
ANT_3_03454	CDS	750	sugC	3.6.3.-	COG3839	Trehalose import ATP-binding protein SugC
ANT_3_03455	gene	1011				
ANT_3_03455	CDS	1011			COG1840	putative protein
ANT_3_03456	gene	1659				
ANT_3_03456	CDS	1659				hypothetical protein
ANT_3_03457	gene	1518	bmr3_2			
ANT_3_03457	CDS	1518	bmr3_2			Multidrug resistance protein 3
ANT_3_03458	gene	687	bioD1_2			
ANT_3_03458	CDS	687	bioD1_2	6.3.3.3	COG0132	ATP-dependent dethiobiotin synthetase BioD 1
ANT_3_03459	gene	1224	mlc_4			
ANT_3_03459	CDS	1224	mlc_4		COG1940	Protein mlc
ANT_3_03460	gene	900	hcaR_3			
ANT_3_03460	CDS	900	hcaR_3			Hca operon transcriptional activator HcaR
ANT_3_03461	gene	1293	ynfM			
ANT_3_03461	CDS	1293	ynfM			Inner membrane transport protein YnfM
ANT_3_03462	gene	74				
ANT_3_03462	tRNA	74				tRNA-Asn(gtt)
ANT_3_03463	gene	84				
ANT_3_03463	tRNA	84				tRNA-Tyr(gta)
ANT_3_03464	gene	492				
ANT_3_03464	CDS	492				hypothetical protein
ANT_3_03465	gene	204				
ANT_3_03465	CDS	204				hypothetical protein
ANT_3_03466	gene	645	nuoN_1			
ANT_3_03466	CDS	645	nuoN_1	7.1.1.-	COG1007	NADH-quinone oxidoreductase subunit N
ANT_3_03467	gene	1980				
ANT_3_03467	CDS	1980				hypothetical protein
ANT_3_03468	gene	696				
ANT_3_03468	CDS	696				hypothetical protein
ANT_3_03469	gene	558				
ANT_3_03469	CDS	558				hypothetical protein
ANT_3_03470	gene	591				
ANT_3_03470	CDS	591				hypothetical protein
ANT_3_03471	gene	300				
ANT_3_03471	CDS	300				hypothetical protein
ANT_3_03472	gene	219				
ANT_3_03472	CDS	219				hypothetical protein
ANT_3_03473	gene	1275	exuT_5			
ANT_3_03473	CDS	1275	exuT_5			Hexuronate transporter
ANT_3_03474	gene	1998				
ANT_3_03474	CDS	1998				hypothetical protein
ANT_3_03475	gene	186	ompC_2			
ANT_3_03475	CDS	186	ompC_2			Outer membrane porin C
ANT_3_03476	gene	1209	oxyE			
ANT_3_03476	CDS	1209	oxyE	1.14.13.232		6-methylpretetramide 4-monooxygenase
ANT_3_03477	gene	714	pdhR_1			
ANT_3_03477	CDS	714	pdhR_1		COG2186	Pyruvate dehydrogenase complex repressor
ANT_3_03478	gene	1179	mdeA			
ANT_3_03478	CDS	1179	mdeA	4.4.1.11		L-methionine gamma-lyase
ANT_3_03479	gene	1284				
ANT_3_03479	CDS	1284				hypothetical protein
ANT_3_03480	gene	924	ycjO			
ANT_3_03480	CDS	924	ycjO		COG1175	Inner membrane ABC transporter permease protein YcjO
ANT_3_03481	gene	843	dasC_2			
ANT_3_03481	CDS	843	dasC_2		COG0395	Diacetylchitobiose uptake system permease protein DasC
ANT_3_03482	gene	1095	ugpC_2			
ANT_3_03482	CDS	1095	ugpC_2	7.6.2.10	COG3839	sn-glycerol-3-phosphate import ATP-binding protein UgpC
ANT_3_03483	gene	429				
ANT_3_03483	CDS	429				hypothetical protein
ANT_3_03484	gene	279				
ANT_3_03484	CDS	279				hypothetical protein
ANT_3_03485	gene	357				
ANT_3_03485	CDS	357				hypothetical protein
ANT_3_03486	gene	402				
ANT_3_03486	CDS	402				hypothetical protein
ANT_3_03487	gene	438				
ANT_3_03487	CDS	438				hypothetical protein
ANT_3_03488	gene	456				
ANT_3_03488	CDS	456				hypothetical protein
ANT_3_03489	gene	597				
ANT_3_03489	CDS	597				hypothetical protein
ANT_3_03490	gene	483				
ANT_3_03490	CDS	483				hypothetical protein
ANT_3_03491	gene	1725	shlB			
ANT_3_03491	CDS	1725	shlB			Hemolysin transporter protein ShlB
ANT_3_03492	gene	765				
ANT_3_03492	CDS	765				hypothetical protein
ANT_3_03493	gene	831	nadE			
ANT_3_03493	CDS	831	nadE	6.3.1.5	COG0171	NH(3)-dependent NAD(+) synthetase
ANT_3_03494	gene	1206	mdtL_2			
ANT_3_03494	CDS	1206	mdtL_2			Multidrug resistance protein MdtL
ANT_3_03495	gene	1074	dadX			
ANT_3_03495	CDS	1074	dadX	5.1.1.1	COG0787	Alanine racemase, catabolic
ANT_3_03496	gene	1302	dadA_2			
ANT_3_03496	CDS	1302	dadA_2	1.4.99.-	COG0665	D-amino acid dehydrogenase
ANT_3_03497	gene	219	ydfZ			
ANT_3_03497	CDS	219	ydfZ			Putative selenoprotein YdfZ
ANT_3_03498	gene	831	cpo			
ANT_3_03498	CDS	831	cpo	1.11.1.10		Non-heme chloroperoxidase
ANT_3_03499	gene	1536				
ANT_3_03499	CDS	1536				hypothetical protein
ANT_3_03500	gene	720	fadR			
ANT_3_03500	CDS	720	fadR		COG2186	Fatty acid metabolism regulator protein
ANT_3_03501	gene	1578	nhaB			
ANT_3_03501	CDS	1578	nhaB		COG3067	Na(+)/H(+) antiporter NhaB
ANT_3_03502	gene	531	dsbB			
ANT_3_03502	CDS	531	dsbB		COG1495	Disulfide bond formation protein B
ANT_3_03503	gene	1125				
ANT_3_03503	CDS	1125			COG0628	Putative transport protein
ANT_3_03504	gene	342	iraP			
ANT_3_03504	CDS	342	iraP			Anti-adapter protein IraP
ANT_3_03505	gene	450				
ANT_3_03505	CDS	450				hypothetical protein
ANT_3_03506	gene	657	ycgM_1			
ANT_3_03506	CDS	657	ycgM_1		COG0179	putative protein YcgM
ANT_3_03507	gene	1176	mltB			
ANT_3_03507	CDS	1176	mltB	4.2.2.-	COG2951	Membrane-bound lytic murein transglycosylase B
ANT_3_03508	gene	273	ycgL			
ANT_3_03508	CDS	273	ycgL		COG3100	Protein YcgL
ANT_3_03509	gene	690	minC			
ANT_3_03509	CDS	690	minC		COG0850	Septum site-determining protein MinC
ANT_3_03510	gene	813	minD			
ANT_3_03510	CDS	813	minD		COG2894	Septum site-determining protein MinD
ANT_3_03511	gene	270	minE			
ANT_3_03511	CDS	270	minE		COG0851	Cell division topological specificity factor
ANT_3_03512	gene	1122	rnd			
ANT_3_03512	CDS	1122	rnd	3.1.13.5	COG0349	Ribonuclease D
ANT_3_03513	gene	1698	fadD			
ANT_3_03513	CDS	1698	fadD	6.2.1.3	COG0318	Long-chain-fatty-acid--CoA ligase
ANT_3_03514	gene	633	slp			
ANT_3_03514	CDS	633	slp		COG3065	Outer membrane protein Slp
ANT_3_03515	gene	702	tsaB			
ANT_3_03515	CDS	702	tsaB		COG1214	tRNA threonylcarbamoyladenosine biosynthesis protein TsaB
ANT_3_03516	gene	1914	yoaA			
ANT_3_03516	CDS	1914	yoaA	3.6.4.12	COG1199	putative ATP-dependent DNA helicase YoaA
ANT_3_03517	gene	345				
ANT_3_03517	CDS	345				hypothetical protein
ANT_3_03518	gene	642	eda_2			
ANT_3_03518	CDS	642	eda_2		COG0800	KHG/KDPG aldolase
ANT_3_03519	gene	1476	zwf			
ANT_3_03519	CDS	1476	zwf	1.1.1.49	COG0364	Glucose-6-phosphate 1-dehydrogenase
ANT_3_03520	gene	870	hexR_1			
ANT_3_03520	CDS	870	hexR_1		COG1737	HTH-type transcriptional regulator HexR
ANT_3_03521	gene	1443	pykA			
ANT_3_03521	CDS	1443	pykA	2.7.1.40	COG0469	Pyruvate kinase II
ANT_3_03522	gene	1569	ddc			
ANT_3_03522	CDS	1569	ddc	4.1.1.86	COG0076	L-2,4-diaminobutyrate decarboxylase
ANT_3_03523	gene	1326	iucD_2			
ANT_3_03523	CDS	1326	iucD_2	1.14.13.59	COG3486	L-lysine N6-monooxygenase
ANT_3_03524	gene	2385				
ANT_3_03524	CDS	2385				hypothetical protein
ANT_3_03525	gene	1221	mdfA			
ANT_3_03525	CDS	1221	mdfA			Multidrug transporter MdfA
ANT_3_03526	gene	981	lpxM			
ANT_3_03526	CDS	981	lpxM	2.3.1.243	COG1560	Lipid A biosynthesis myristoyltransferase
ANT_3_03527	gene	1335	mepM			
ANT_3_03527	CDS	1335	mepM	3.4.24.-	COG0739	Murein DD-endopeptidase MepM
ANT_3_03528	gene	921	znuA			
ANT_3_03528	CDS	921	znuA		COG4531	High-affinity zinc uptake system protein ZnuA
ANT_3_03529	gene	759	znuC			
ANT_3_03529	CDS	759	znuC	7.2.2.-	COG1121	Zinc import ATP-binding protein ZnuC
ANT_3_03530	gene	786	znuB			
ANT_3_03530	CDS	786	znuB		COG1108	High-affinity zinc uptake system membrane protein ZnuB
ANT_3_03531	gene	1347				
ANT_3_03531	CDS	1347				hypothetical protein
ANT_3_03532	gene	306				
ANT_3_03532	CDS	306				hypothetical protein
ANT_3_03533	gene	327				
ANT_3_03533	CDS	327				hypothetical protein
ANT_3_03534	gene	1437				
ANT_3_03534	CDS	1437				hypothetical protein
ANT_3_03535	gene	417				
ANT_3_03535	CDS	417				hypothetical protein
ANT_3_03536	gene	222				
ANT_3_03536	CDS	222				hypothetical protein
ANT_3_03537	gene	156				
ANT_3_03537	CDS	156				hypothetical protein
ANT_3_03538	gene	438				
ANT_3_03538	CDS	438				hypothetical protein
ANT_3_03539	gene	264				
ANT_3_03539	CDS	264				hypothetical protein
ANT_3_03540	gene	483				
ANT_3_03540	CDS	483				hypothetical protein
ANT_3_03541	gene	492	hcpA_6			
ANT_3_03541	CDS	492	hcpA_6		COG3157	Major exported protein
ANT_3_03542	gene	600	wrbA			
ANT_3_03542	CDS	600	wrbA	1.6.5.2	COG0655	NAD(P)H dehydrogenase (quinone)
ANT_3_03543	gene	2106	fusA			
ANT_3_03543	CDS	2106	fusA		COG0480	Elongation factor G
ANT_3_03544	gene	354				
ANT_3_03544	CDS	354				hypothetical protein
ANT_3_03545	gene	924	benM_2			
ANT_3_03545	CDS	924	benM_2			HTH-type transcriptional regulator BenM
ANT_3_03546	gene	585				
ANT_3_03546	CDS	585				hypothetical protein
ANT_3_03547	gene	519	srpC			
ANT_3_03547	CDS	519	srpC		COG2059	putative chromate transport protein
ANT_3_03548	gene	2781				
ANT_3_03548	CDS	2781				hypothetical protein
ANT_3_03549	gene	1962				
ANT_3_03549	CDS	1962		3.2.1.-		Putative beta-xylosidase
ANT_3_03550	gene	684				
ANT_3_03550	CDS	684		2.1.1.6	COG4122	Catechol O-methyltransferase
ANT_3_03551	gene	2118	fhuA_3			
ANT_3_03551	CDS	2118	fhuA_3		COG1629	Ferrichrome outer membrane transporter/phage receptor
ANT_3_03552	gene	606				
ANT_3_03552	CDS	606				hypothetical protein
ANT_3_03553	gene	1125	emrA_5			
ANT_3_03553	CDS	1125	emrA_5			Colistin resistance protein EmrA
ANT_3_03554	gene	1554	emrB_3			
ANT_3_03554	CDS	1554	emrB_3			Colistin resistance protein EmrB
ANT_3_03555	gene	921	ybiS			
ANT_3_03555	CDS	921	ybiS	2.-.-.-	COG1376	putative L,D-transpeptidase YbiS
ANT_3_03556	gene	1233	rafB			
ANT_3_03556	CDS	1233	rafB			Raffinose permease
ANT_3_03557	gene	2001	bgaA			
ANT_3_03557	CDS	2001	bgaA	3.2.1.23	COG1874	Beta-galactosidase BgaA
ANT_3_03558	gene	900	araC_2			
ANT_3_03558	CDS	900	araC_2			Arabinose operon regulatory protein
ANT_3_03559	gene	1425	phoA			
ANT_3_03559	CDS	1425	phoA	3.1.3.1	COG1785	Alkaline phosphatase
ANT_3_03560	gene	1419	cydA_2			
ANT_3_03560	CDS	1419	cydA_2	7.1.1.7	COG1271	Cytochrome bd-I ubiquinol oxidase subunit 1
ANT_3_03561	gene	1008	appB			
ANT_3_03561	CDS	1008	appB	7.1.1.3	COG1294	Cytochrome bd-II ubiquinol oxidase subunit 2
ANT_3_03562	gene	168				
ANT_3_03562	CDS	168				hypothetical protein
ANT_3_03563	gene	912	fieF			
ANT_3_03563	CDS	912	fieF		COG0053	Ferrous-iron efflux pump FieF
ANT_3_03564	gene	1176	emrK			
ANT_3_03564	CDS	1176	emrK		COG1566	putative multidrug resistance protein EmrK
ANT_3_03565	gene	1569	emrB_4			
ANT_3_03565	CDS	1569	emrB_4			Multidrug export protein EmrB
ANT_3_03566	gene	1608	oprM_4			
ANT_3_03566	CDS	1608	oprM_4		COG1538	Outer membrane protein OprM
ANT_3_03567	gene	942	rhaS_10			
ANT_3_03567	CDS	942	rhaS_10			HTH-type transcriptional activator RhaS
ANT_3_03568	gene	834	hcaB_2			
ANT_3_03568	CDS	834	hcaB_2	1.3.1.87		3-phenylpropionate-dihydrodiol/cinnamic acid-dihydrodiol dehydrogenase
ANT_3_03569	gene	1008	corA_1			
ANT_3_03569	CDS	1008	corA_1		COG0598	Cobalt/magnesium transport protein CorA
ANT_3_03570	gene	420				
ANT_3_03570	CDS	420				hypothetical protein
ANT_3_03571	gene	333	cusF			
ANT_3_03571	CDS	333	cusF		COG5569	Cation efflux system protein CusF
ANT_3_03572	gene	1254	czcC			
ANT_3_03572	CDS	1254	czcC			Cobalt-zinc-cadmium resistance protein CzcC
ANT_3_03573	gene	1251	cusB			
ANT_3_03573	CDS	1251	cusB			Cation efflux system protein CusB
ANT_3_03574	gene	3150	cusA			
ANT_3_03574	CDS	3150	cusA		COG3696	Cation efflux system protein CusA
ANT_3_03575	gene	2430				
ANT_3_03575	CDS	2430				hypothetical protein
ANT_3_03576	gene	819				
ANT_3_03576	CDS	819				hypothetical protein
ANT_3_03577	gene	1659	yojI_1			
ANT_3_03577	CDS	1659	yojI_1		COG4615	ABC transporter ATP-binding/permease protein YojI
ANT_3_03578	gene	1389	gudP			
ANT_3_03578	CDS	1389	gudP			putative glucarate transporter
ANT_3_03579	gene	942	hcaR_4			
ANT_3_03579	CDS	942	hcaR_4			Hca operon transcriptional activator HcaR
ANT_3_03580	gene	1287				
ANT_3_03580	CDS	1287				hypothetical protein
ANT_3_03581	gene	1098	gldA_2			
ANT_3_03581	CDS	1098	gldA_2	1.1.1.6		Glycerol dehydrogenase
ANT_3_03582	gene	183				
ANT_3_03582	CDS	183				hypothetical protein
ANT_3_03583	gene	1659	mdoD			
ANT_3_03583	CDS	1659	mdoD		COG3131	Glucans biosynthesis protein D
ANT_3_03584	gene	1008				
ANT_3_03584	CDS	1008				hypothetical protein
ANT_3_03585	gene	2526	yraJ			
ANT_3_03585	CDS	2526	yraJ		COG3188	Outer membrane usher protein YraJ
ANT_3_03586	gene	690	lpfB_3			
ANT_3_03586	CDS	690	lpfB_3			putative fimbrial chaperone LpfB
ANT_3_03587	gene	516	lpfA_2			
ANT_3_03587	CDS	516	lpfA_2			putative major fimbrial subunit LpfA
ANT_3_03588	gene	1401	frc			
ANT_3_03588	CDS	1401	frc	2.8.3.16		Formyl-CoA:oxalate CoA-transferase
ANT_3_03589	gene	1425				
ANT_3_03589	CDS	1425		4.1.1.105	COG0076	Tryptophan decarboxylase
ANT_3_03590	gene	852	rhaR_12			
ANT_3_03590	CDS	852	rhaR_12			HTH-type transcriptional activator RhaR
ANT_3_03591	gene	1839				
ANT_3_03591	CDS	1839				hypothetical protein
ANT_3_03592	gene	1287	cscB			
ANT_3_03592	CDS	1287	cscB			Sucrose permease
ANT_3_03593	gene	1188	ugl			
ANT_3_03593	CDS	1188	ugl	3.2.1.180		Unsaturated chondroitin disaccharide hydrolase
ANT_3_03594	gene	615	rcsA_2			
ANT_3_03594	CDS	615	rcsA_2		COG2771	Transcriptional regulatory protein RcsA
ANT_3_03595	gene	1830	trg			
ANT_3_03595	CDS	1830	trg		COG0840	Methyl-accepting chemotaxis protein III
ANT_3_03596	gene	198	dsrB			
ANT_3_03596	CDS	198	dsrB			Protein DsrB
ANT_3_03597	gene	210	cspC_2			
ANT_3_03597	CDS	210	cspC_2			Cold shock-like protein CspC
ANT_3_03598	gene	966				
ANT_3_03598	CDS	966				hypothetical protein
ANT_3_03599	gene	339				
ANT_3_03599	CDS	339				hypothetical protein
ANT_3_03600	gene	1062	adhA_2			
ANT_3_03600	CDS	1062	adhA_2	1.1.1.-	COG1064	putative formaldehyde dehydrogenase AdhA
ANT_3_03601	gene	1011				
ANT_3_03601	CDS	1011				hypothetical protein
ANT_3_03602	gene	690				
ANT_3_03602	CDS	690				hypothetical protein
ANT_3_03603	gene	951				
ANT_3_03603	CDS	951				hypothetical protein
ANT_3_03604	gene	1023				
ANT_3_03604	CDS	1023				hypothetical protein
ANT_3_03605	gene	1632	eptA			
ANT_3_03605	CDS	1632	eptA	2.7.-.-	COG2194	Phosphoethanolamine transferase EptA
ANT_3_03606	gene	897	yhaJ_1			
ANT_3_03606	CDS	897	yhaJ_1			HTH-type transcriptional regulator YhaJ
ANT_3_03607	gene	507	padC			
ANT_3_03607	CDS	507	padC	4.1.1.102	COG3479	Phenolic acid decarboxylase PadC
ANT_3_03608	gene	1014	hsaD			
ANT_3_03608	CDS	1014	hsaD	3.7.1.17		4,5:9,10-diseco-3-hydroxy-5,9,17-trioxoandrosta-1(10),2-diene-4-oate hydrolase
ANT_3_03609	gene	696	aqpZ			
ANT_3_03609	CDS	696	aqpZ		COG0580	Aquaporin Z
ANT_3_03610	gene	1527	pdeG_2			
ANT_3_03610	CDS	1527	pdeG_2	3.1.4.52		putative cyclic di-GMP phosphodiesterase PdeG
ANT_3_03611	gene	192				
ANT_3_03611	CDS	192				hypothetical protein
ANT_3_03612	gene	777	mtfA			
ANT_3_03612	CDS	777	mtfA		COG3228	Protein MtfA
ANT_3_03613	gene	76				
ANT_3_03613	tRNA	76				tRNA-Asn(gtt)
ANT_3_03614	gene	792	attM			
ANT_3_03614	CDS	792	attM	3.1.1.81		N-acyl homoserine lactonase AttM
ANT_3_03615	gene	885	dmlR_9			
ANT_3_03615	CDS	885	dmlR_9			HTH-type transcriptional regulator DmlR
ANT_3_03616	gene	1134	nemA_3			
ANT_3_03616	CDS	1134	nemA_3	1.3.1.-	COG1902	N-ethylmaleimide reductase
ANT_3_03617	gene	774	camK			
ANT_3_03617	CDS	774	camK	3.7.1.18		6-oxocamphor hydrolase
ANT_3_03618	gene	906	dmlR_10			
ANT_3_03618	CDS	906	dmlR_10			HTH-type transcriptional regulator DmlR
ANT_3_03619	gene	495				
ANT_3_03619	CDS	495				hypothetical protein
ANT_3_03620	gene	522				
ANT_3_03620	CDS	522				hypothetical protein
ANT_3_03621	gene	579				
ANT_3_03621	CDS	579				hypothetical protein
ANT_3_03622	gene	531				
ANT_3_03622	CDS	531		2.3.1.-	COG1670	Acetyltransferase
ANT_3_03623	gene	132				
ANT_3_03623	CDS	132				hypothetical protein
ANT_3_03624	gene	624				
ANT_3_03624	CDS	624				hypothetical protein
ANT_3_03625	gene	1548				
ANT_3_03625	CDS	1548				hypothetical protein
ANT_3_03626	gene	543				
ANT_3_03626	CDS	543				hypothetical protein
ANT_3_03627	gene	489				
ANT_3_03627	CDS	489				hypothetical protein
ANT_3_03628	gene	1491				
ANT_3_03628	CDS	1491				hypothetical protein
ANT_3_03629	gene	1653				
ANT_3_03629	CDS	1653				hypothetical protein
ANT_3_03630	gene	1107				
ANT_3_03630	CDS	1107			COG0614	putative protein
ANT_3_03631	gene	891	occR			
ANT_3_03631	CDS	891	occR			Octopine catabolism/uptake operon regulatory protein OccR
ANT_3_03632	gene	795				
ANT_3_03632	CDS	795			COG0834	putative amino-acid ABC transporter-binding protein
ANT_3_03633	gene	792	artM_3			
ANT_3_03633	CDS	792	artM_3		COG1126	Arginine transport ATP-binding protein ArtM
ANT_3_03634	gene	678	glnM_1			
ANT_3_03634	CDS	678	glnM_1		COG0765	putative glutamine ABC transporter permease protein GlnM
ANT_3_03635	gene	1413				
ANT_3_03635	CDS	1413				hypothetical protein
ANT_3_03636	gene	990	vldW			
ANT_3_03636	CDS	990	vldW	1.14.11.52		Validamycin A dioxygenase
ANT_3_03637	gene	1428				
ANT_3_03637	CDS	1428		3.5.4.11		Isoxanthopterin deaminase
ANT_3_03638	gene	990				
ANT_3_03638	CDS	990				hypothetical protein
ANT_3_03639	gene	924	cynR_2			
ANT_3_03639	CDS	924	cynR_2			HTH-type transcriptional regulator CynR
ANT_3_03640	gene	975	pcpD			
ANT_3_03640	CDS	975	pcpD	1.1.1.404	COG1018	Tetrachlorobenzoquinone reductase
ANT_3_03641	gene	1281	codAch2			
ANT_3_03641	CDS	1281	codAch2	3.5.4.11	COG0402	Pterin deaminase
ANT_3_03642	gene	471	rutC_2			
ANT_3_03642	CDS	471	rutC_2	1.-.-.-		Putative aminoacrylate peracid reductase RutC
ANT_3_03643	gene	882				
ANT_3_03643	CDS	882				hypothetical protein
ANT_3_03644	gene	984				
ANT_3_03644	CDS	984				hypothetical protein
ANT_3_03645	gene	828	btuD_10			
ANT_3_03645	CDS	828	btuD_10	7.6.2.8		Vitamin B12 import ATP-binding protein BtuD
ANT_3_03646	gene	816	ribX			
ANT_3_03646	CDS	816	ribX			Riboflavin transport system permease protein RibX
ANT_3_03647	gene	1404				
ANT_3_03647	CDS	1404				hypothetical protein
ANT_3_03648	gene	1278				
ANT_3_03648	CDS	1278				hypothetical protein
ANT_3_03649	gene	765				
ANT_3_03649	CDS	765				hypothetical protein
ANT_3_03650	gene	1056	ycjY			
ANT_3_03650	CDS	1056	ycjY		COG1073	putative protein YcjY
ANT_3_03651	gene	1077				
ANT_3_03651	CDS	1077				hypothetical protein
ANT_3_03652	gene	2211	katG			
ANT_3_03652	CDS	2211	katG	1.11.1.21	COG0376	Catalase-peroxidase
ANT_3_03653	gene	1026				
ANT_3_03653	CDS	1026				hypothetical protein
ANT_3_03654	gene	76				
ANT_3_03654	tRNA	76				tRNA-Asn(gtt)
ANT_3_03655	gene	876	cmpR_2			
ANT_3_03655	CDS	876	cmpR_2			HTH-type transcriptional activator CmpR
ANT_3_03656	gene	588	eamB_2			
ANT_3_03656	CDS	588	eamB_2		COG1280	Cysteine/O-acetylserine efflux protein
ANT_3_03657	gene	210				
ANT_3_03657	CDS	210				hypothetical protein
ANT_3_03658	gene	1035				
ANT_3_03658	CDS	1035				hypothetical protein
ANT_3_03659	gene	1539				
ANT_3_03659	CDS	1539				hypothetical protein
ANT_3_03660	gene	513				
ANT_3_03660	CDS	513				hypothetical protein
ANT_3_03661	gene	576	clpP_3			
ANT_3_03661	CDS	576	clpP_3	3.4.21.92	COG0740	ATP-dependent Clp protease proteolytic subunit
ANT_3_03662	gene	1383	jefA			
ANT_3_03662	CDS	1383	jefA			Drug efflux pump JefA
ANT_3_03663	gene	852	yvgN_2			
ANT_3_03663	CDS	852	yvgN_2	1.1.1.-	COG0656	Glyoxal reductase
ANT_3_03664	gene	918				
ANT_3_03664	CDS	918			COG3039	IS5 family transposase IS4811
ANT_3_03665	gene	3057	acrF			
ANT_3_03665	CDS	3057	acrF		COG0841	Multidrug export protein AcrF
ANT_3_03666	gene	1137	macA			
ANT_3_03666	CDS	1137	macA		COG0845	Macrolide export protein MacA
ANT_3_03667	gene	1182	sasA_3			
ANT_3_03667	CDS	1182	sasA_3	2.7.-.-		Adaptive-response sensory-kinase SasA
ANT_3_03668	gene	696	arlR			
ANT_3_03668	CDS	696	arlR		COG0745	Response regulator ArlR
ANT_3_03669	gene	789				
ANT_3_03669	CDS	789				hypothetical protein
ANT_3_03670	gene	1026	cheV			
ANT_3_03670	CDS	1026	cheV		COG0784	Chemotaxis protein CheV
ANT_3_03671	gene	978	acuI			
ANT_3_03671	CDS	978	acuI	1.3.1.84	COG0604	putative acrylyl-CoA reductase AcuI
ANT_3_03672	gene	651	acuR			
ANT_3_03672	CDS	651	acuR			Transcriptional regulator AcuR
ANT_3_03673	gene	1338	moxC_2			
ANT_3_03673	CDS	1338	moxC_2	1.14.-.-	COG2141	Putative monooxygenase MoxC
ANT_3_03674	gene	987				
ANT_3_03674	CDS	987				hypothetical protein
ANT_3_03675	gene	927				
ANT_3_03675	CDS	927				hypothetical protein
ANT_3_03676	gene	504				
ANT_3_03676	CDS	504				hypothetical protein
ANT_3_03677	gene	912				
ANT_3_03677	CDS	912				hypothetical protein
ANT_3_03678	gene	846	artM_4			
ANT_3_03678	CDS	846	artM_4		COG1126	Arginine transport ATP-binding protein ArtM
ANT_3_03679	gene	405				
ANT_3_03679	CDS	405				hypothetical protein
ANT_3_03680	gene	696	yohK_1			
ANT_3_03680	CDS	696	yohK_1		COG1346	Inner membrane protein YohK
ANT_3_03681	gene	963	flgL			
ANT_3_03681	CDS	963	flgL		COG1344	Flagellar hook-associated protein 3
ANT_3_03682	gene	1653	flgK			
ANT_3_03682	CDS	1653	flgK		COG1256	Flagellar hook-associated protein 1
ANT_3_03683	gene	969	flgJ			
ANT_3_03683	CDS	969	flgJ	3.2.1.-	COG1705	Peptidoglycan hydrolase FlgJ
ANT_3_03684	gene	1107	flgI_2			
ANT_3_03684	CDS	1107	flgI_2			Flagellar P-ring protein
ANT_3_03685	gene	732	flgH_2			
ANT_3_03685	CDS	732	flgH_2			Flagellar L-ring protein
ANT_3_03686	gene	783	flgG_2			
ANT_3_03686	CDS	783	flgG_2		COG4786	Flagellar basal-body rod protein FlgG
ANT_3_03687	gene	756	flgF_2			
ANT_3_03687	CDS	756	flgF_2		COG4787	Flagellar basal-body rod protein FlgF
ANT_3_03688	gene	1251	flgE_2			
ANT_3_03688	CDS	1251	flgE_2		COG1749	Flagellar hook protein FlgE
ANT_3_03689	gene	702	flgD			
ANT_3_03689	CDS	702	flgD		COG1843	Basal-body rod modification protein FlgD
ANT_3_03690	gene	405	flgC_2			
ANT_3_03690	CDS	405	flgC_2		COG1558	Flagellar basal-body rod protein FlgC
ANT_3_03691	gene	411	flgB_2			
ANT_3_03691	CDS	411	flgB_2		COG1815	Flagellar basal body rod protein FlgB
ANT_3_03692	gene	726	flgA			
ANT_3_03692	CDS	726	flgA		COG1261	Flagella basal body P-ring formation protein FlgA
ANT_3_03693	gene	306	flgM			
ANT_3_03693	CDS	306	flgM		COG2747	Negative regulator of flagellin synthesis
ANT_3_03694	gene	438	flgN			
ANT_3_03694	CDS	438	flgN		COG3418	Flagella synthesis protein FlgN
ANT_3_03695	gene	417	flhE			
ANT_3_03695	CDS	417	flhE			Flagellar protein FlhE
ANT_3_03696	gene	2085	flhA_2			
ANT_3_03696	CDS	2085	flhA_2		COG1298	Flagellar biosynthesis protein FlhA
ANT_3_03697	gene	1155	flhB_2			
ANT_3_03697	CDS	1155	flhB_2		COG1377	Flagellar biosynthetic protein FlhB
ANT_3_03698	gene	645	cheZ			
ANT_3_03698	CDS	645	cheZ	3.1.3.-	COG3143	Protein phosphatase CheZ
ANT_3_03699	gene	390	cheY			
ANT_3_03699	CDS	390	cheY		COG0784	Chemotaxis protein CheY
ANT_3_03700	gene	1050	cheB			
ANT_3_03700	CDS	1050	cheB	3.1.1.61	COG2201	Protein-glutamate methylesterase/protein-glutamine glutaminase
ANT_3_03701	gene	873	cheR			
ANT_3_03701	CDS	873	cheR	2.1.1.80		Chemotaxis protein methyltransferase
ANT_3_03702	gene	1671	tsr_3			
ANT_3_03702	CDS	1671	tsr_3		COG0840	Methyl-accepting chemotaxis protein I
ANT_3_03703	gene	1695	tsr_4			
ANT_3_03703	CDS	1695	tsr_4		COG0840	Methyl-accepting chemotaxis protein I
ANT_3_03704	gene	567				
ANT_3_03704	CDS	567				hypothetical protein
ANT_3_03705	gene	249				
ANT_3_03705	CDS	249				hypothetical protein
ANT_3_03706	gene	210				
ANT_3_03706	CDS	210				hypothetical protein
ANT_3_03707	gene	390				
ANT_3_03707	CDS	390				hypothetical protein
ANT_3_03708	gene	1443	stp			
ANT_3_03708	CDS	1443	stp			Multidrug resistance protein Stp
ANT_3_03709	gene	999	cdhR_2			
ANT_3_03709	CDS	999	cdhR_2		COG4977	HTH-type transcriptional regulator CdhR
ANT_3_03710	gene	498	cheW			
ANT_3_03710	CDS	498	cheW		COG0835	Chemotaxis protein CheW
ANT_3_03711	gene	2034	cheA			
ANT_3_03711	CDS	2034	cheA	2.7.13.3	COG0643	Chemotaxis protein CheA
ANT_3_03712	gene	1116				
ANT_3_03712	CDS	1116				hypothetical protein
ANT_3_03713	gene	891	motA			
ANT_3_03713	CDS	891	motA		COG1291	Motility protein A
ANT_3_03714	gene	609	flhC			
ANT_3_03714	CDS	609	flhC			Flagellar transcriptional regulator FlhC
ANT_3_03715	gene	345	flhD			
ANT_3_03715	CDS	345	flhD			Flagellar transcriptional regulator FlhD
ANT_3_03716	gene	825	yeeZ			
ANT_3_03716	CDS	825	yeeZ		COG0451	Protein YeeZ
ANT_3_03717	gene	900	hisG			
ANT_3_03717	CDS	900	hisG	2.4.2.17	COG0040	ATP phosphoribosyltransferase
ANT_3_03718	gene	1314	hisD_2			
ANT_3_03718	CDS	1314	hisD_2	1.1.1.23	COG0141	Histidinol dehydrogenase
ANT_3_03719	gene	1134	hisC_2			
ANT_3_03719	CDS	1134	hisC_2	2.6.1.9	COG0079	Histidinol-phosphate aminotransferase
ANT_3_03720	gene	1083	hisB			
ANT_3_03720	CDS	1083	hisB		COG0131	Histidine biosynthesis bifunctional protein HisB
ANT_3_03721	gene	591	hisH			
ANT_3_03721	CDS	591	hisH	4.3.2.10	COG0118	Imidazole glycerol phosphate synthase subunit HisH
ANT_3_03722	gene	738	hisA			
ANT_3_03722	CDS	738	hisA	5.3.1.16	COG0106	1-(5-phosphoribosyl)-5-[(5-phosphoribosylamino)methylideneamino] imidazole-4-carboxamide isomerase
ANT_3_03723	gene	774	hisF			
ANT_3_03723	CDS	774	hisF	4.3.2.10	COG0107	Imidazole glycerol phosphate synthase subunit HisF
ANT_3_03724	gene	642	hisI			
ANT_3_03724	CDS	642	hisI	3.5.4.19		Histidine biosynthesis bifunctional protein HisIE
ANT_3_03725	gene	1410	gnd			
ANT_3_03725	CDS	1410	gnd	1.1.1.44	COG0362	6-phosphogluconate dehydrogenase, decarboxylating
ANT_3_03726	gene	894	galU			
ANT_3_03726	CDS	894	galU	2.7.7.9	COG1210	UTP--glucose-1-phosphate uridylyltransferase
ANT_3_03727	gene	1590				
ANT_3_03727	CDS	1590				hypothetical protein
ANT_3_03728	gene	1854				
ANT_3_03728	CDS	1854				hypothetical protein
ANT_3_03729	gene	582	dcd			
ANT_3_03729	CDS	582	dcd	3.5.4.13	COG0717	dCTP deaminase
ANT_3_03730	gene	642	udk			
ANT_3_03730	CDS	642	udk	2.7.1.48		Uridine kinase
ANT_3_03731	gene	1113	apbC			
ANT_3_03731	CDS	1113	apbC		COG0489	Iron-sulfur cluster carrier protein
ANT_3_03732	gene	2031	metG			
ANT_3_03732	CDS	2031	metG	6.1.1.10	COG0073	Methionine--tRNA ligase
ANT_3_03733	gene	1155	yqhD			
ANT_3_03733	CDS	1155	yqhD	1.1.1.-	COG1979	Alcohol dehydrogenase YqhD
ANT_3_03734	gene	264				
ANT_3_03734	CDS	264				hypothetical protein
ANT_3_03735	gene	1419	norG_1			
ANT_3_03735	CDS	1419	norG_1		COG1167	HTH-type transcriptional regulator NorG
ANT_3_03736	gene	891	gcvA_6			
ANT_3_03736	CDS	891	gcvA_6			Glycine cleavage system transcriptional activator
ANT_3_03737	gene	276				
ANT_3_03737	CDS	276				hypothetical protein
ANT_3_03738	gene	1584	sgrR_3			
ANT_3_03738	CDS	1584	sgrR_3			HTH-type transcriptional regulator SgrR
ANT_3_03739	gene	948	gsiC_8			
ANT_3_03739	CDS	948	gsiC_8		COG0601	Glutathione transport system permease protein GsiC
ANT_3_03740	gene	828	ddpC_7			
ANT_3_03740	CDS	828	ddpC_7		COG1173	putative D,D-dipeptide transport system permease protein DdpC
ANT_3_03741	gene	1644	gsiA_8			
ANT_3_03741	CDS	1644	gsiA_8	7.4.2.10	COG1123	Glutathione import ATP-binding protein GsiA
ANT_3_03742	gene	2028				
ANT_3_03742	CDS	2028				hypothetical protein
ANT_3_03743	gene	948				
ANT_3_03743	CDS	948				hypothetical protein
ANT_3_03744	gene	447				
ANT_3_03744	CDS	447				hypothetical protein
ANT_3_03745	gene	795				
ANT_3_03745	CDS	795				hypothetical protein
ANT_3_03746	gene	903	rhaR_13			
ANT_3_03746	CDS	903	rhaR_13			HTH-type transcriptional activator RhaR
ANT_3_03747	gene	690	ycgM_2			
ANT_3_03747	CDS	690	ycgM_2		COG0179	putative protein YcgM
ANT_3_03748	gene	1482	ansP2			
ANT_3_03748	CDS	1482	ansP2		COG1113	L-asparagine permease 2
ANT_3_03749	gene	849	bglG			
ANT_3_03749	CDS	849	bglG		COG3711	Cryptic beta-glucoside bgl operon antiterminator
ANT_3_03750	gene	1404	bglB			
ANT_3_03750	CDS	1404	bglB	3.2.1.86	COG2723	6-phospho-beta-glucosidase BglB
ANT_3_03751	gene	1878	bglF_3			
ANT_3_03751	CDS	1878	bglF_3		COG1263	PTS system beta-glucoside-specific EIIBCA component
ANT_3_03752	gene	795	barS1			
ANT_3_03752	CDS	795	barS1	1.1.1.413		A-factor type gamma-butyrolactone 1'-reductase (1S-forming)
ANT_3_03753	gene	906	pgrR_8			
ANT_3_03753	CDS	906	pgrR_8			HTH-type transcriptional regulator PgrR
ANT_3_03754	gene	657	azoR_2			
ANT_3_03754	CDS	657	azoR_2	1.7.1.17	COG1182	FMN-dependent NADH-azoreductase
ANT_3_03755	gene	516				
ANT_3_03755	CDS	516			COG1959	Putative HTH-type transcriptional regulator
ANT_3_03756	gene	2379				
ANT_3_03756	CDS	2379		3.2.1.-		Beta-xylosidase
ANT_3_03757	gene	1008	ruvB			
ANT_3_03757	CDS	1008	ruvB	3.6.4.12	COG2255	Holliday junction ATP-dependent DNA helicase RuvB
ANT_3_03758	gene	615	ruvA			
ANT_3_03758	CDS	615	ruvA	3.6.4.12	COG0632	Holliday junction ATP-dependent DNA helicase RuvA
ANT_3_03759	gene	522	ruvC			
ANT_3_03759	CDS	522	ruvC	3.1.22.4	COG0817	Crossover junction endodeoxyribonuclease RuvC
ANT_3_03760	gene	744	yebC			
ANT_3_03760	CDS	744	yebC		COG0217	putative transcriptional regulatory protein YebC
ANT_3_03761	gene	447	nudB			
ANT_3_03761	CDS	447	nudB	3.6.1.67	COG0494	Dihydroneopterin triphosphate diphosphatase
ANT_3_03762	gene	1797	aspS			
ANT_3_03762	CDS	1797	aspS	6.1.1.12	COG0173	Aspartate--tRNA ligase
ANT_3_03763	gene	576	yecD			
ANT_3_03763	CDS	576	yecD	3.-.-.-	COG1335	Isochorismatase family protein YecD
ANT_3_03764	gene	819				
ANT_3_03764	CDS	819				hypothetical protein
ANT_3_03765	gene	396	yecN			
ANT_3_03765	CDS	396	yecN		COG3788	Inner membrane protein YecN
ANT_3_03766	gene	744	cmoA			
ANT_3_03766	CDS	744	cmoA	2.1.3.-	COG0500	Carboxy-S-adenosyl-L-methionine synthase
ANT_3_03767	gene	972	cmoB			
ANT_3_03767	CDS	972	cmoB	2.5.1.-	COG0500	tRNA U34 carboxymethyltransferase
ANT_3_03768	gene	204				
ANT_3_03768	CDS	204				hypothetical protein
ANT_3_03769	gene	117				
ANT_3_03769	CDS	117				hypothetical protein
ANT_3_03770	gene	246				
ANT_3_03770	CDS	246				hypothetical protein
ANT_3_03771	gene	759	cutC_2			
ANT_3_03771	CDS	759	cutC_2		COG3142	Copper homeostasis protein CutC
ANT_3_03772	gene	1149	patB			
ANT_3_03772	CDS	1149	patB	4.4.1.13	COG1168	Cystathionine beta-lyase PatB
ANT_3_03773	gene	561	yecM			
ANT_3_03773	CDS	561	yecM		COG3102	Protein YecM
ANT_3_03774	gene	1734	argS			
ANT_3_03774	CDS	1734	argS	6.1.1.19	COG0018	Arginine--tRNA ligase
ANT_3_03775	gene	1494	murJ			
ANT_3_03775	CDS	1494	murJ		COG0728	putative lipid II flippase MurJ
ANT_3_03776	gene	912	yceM			
ANT_3_03776	CDS	912	yceM	1.-.-.-	COG0673	Putative oxidoreductase YceM
ANT_3_03777	gene	657				
ANT_3_03777	CDS	657				hypothetical protein
ANT_3_03778	gene	588	rimJ_2			
ANT_3_03778	CDS	588	rimJ_2	2.3.1.267	COG1670	[Ribosomal protein S5]-alanine N-acetyltransferase
ANT_3_03779	gene	1206	mdtH			
ANT_3_03779	CDS	1206	mdtH			Multidrug resistance protein MdtH
ANT_3_03780	gene	648	grxB			
ANT_3_03780	CDS	648	grxB		COG2999	Glutaredoxin 2
ANT_3_03781	gene	564	yceB			
ANT_3_03781	CDS	564	yceB			putative lipoprotein YceB
ANT_3_03782	gene	585	ycdY			
ANT_3_03782	CDS	585	ycdY		COG3381	Chaperone protein YcdY
ANT_3_03783	gene	741	ycdX			
ANT_3_03783	CDS	741	ycdX	3.1.3.-	COG1387	putative phosphatase YcdX
ANT_3_03784	gene	942	ghrA			
ANT_3_03784	CDS	942	ghrA	1.1.1.79	COG0111	Glyoxylate/hydroxypyruvate reductase A
ANT_3_03785	gene	1482	dtpA_2			
ANT_3_03785	CDS	1482	dtpA_2		COG3104	Dipeptide and tripeptide permease A
ANT_3_03786	gene	90				
ANT_3_03786	tRNA	90				tRNA-Ser(gga)
ANT_3_03787	gene	90				
ANT_3_03787	tRNA	90				tRNA-Ser(gga)
ANT_3_03788	gene	987	astE			
ANT_3_03788	CDS	987	astE	3.5.1.96	COG2988	Succinylglutamate desuccinylase
ANT_3_03789	gene	1344	astB			
ANT_3_03789	CDS	1344	astB	3.5.3.23	COG3724	N-succinylarginine dihydrolase
ANT_3_03790	gene	1479	astD			
ANT_3_03790	CDS	1479	astD	1.2.1.71	COG1012	N-succinylglutamate 5-semialdehyde dehydrogenase
ANT_3_03791	gene	1077	astA			
ANT_3_03791	CDS	1077	astA	2.3.1.109	COG3138	Arginine N-succinyltransferase
ANT_3_03792	gene	1221	astC			
ANT_3_03792	CDS	1221	astC	2.6.1.81	COG4992	Succinylornithine transaminase
ANT_3_03793	gene	990	lsrB_2			
ANT_3_03793	CDS	990	lsrB_2			Autoinducer 2-binding protein LsrB
ANT_3_03794	gene	1518	rbsA_2			
ANT_3_03794	CDS	1518	rbsA_2	7.5.2.7	COG1129	Ribose import ATP-binding protein RbsA
ANT_3_03795	gene	990	rbsC_5			
ANT_3_03795	CDS	990	rbsC_5		COG1172	Ribose import permease protein RbsC
ANT_3_03796	gene	954	lsrD_2			
ANT_3_03796	CDS	954	lsrD_2			Autoinducer 2 import system permease protein LsrD
ANT_3_03797	gene	1641	araB_2			
ANT_3_03797	CDS	1641	araB_2	2.7.1.16	COG1069	Ribulokinase
ANT_3_03798	gene	609	kpsF			
ANT_3_03798	CDS	609	kpsF	5.3.1.13	COG0517	Arabinose 5-phosphate isomerase KpsF
ANT_3_03799	gene	1422	norG_2			
ANT_3_03799	CDS	1422	norG_2		COG1167	HTH-type transcriptional regulator NorG
ANT_3_03800	gene	144				
ANT_3_03800	CDS	144				hypothetical protein
ANT_3_03801	gene	510	spy			
ANT_3_03801	CDS	510	spy		COG3678	Periplasmic chaperone Spy
ANT_3_03802	gene	2067	cstA			
ANT_3_03802	CDS	2067	cstA		COG1966	Peptide transporter CstA
ANT_3_03803	gene	306				
ANT_3_03803	CDS	306				hypothetical protein
ANT_3_03804	gene	927	oxyR_4			
ANT_3_03804	CDS	927	oxyR_4			Hydrogen peroxide-inducible genes activator
ANT_3_03805	gene	786	fabG_4			
ANT_3_03805	CDS	786	fabG_4	1.1.1.100		3-oxoacyl-[acyl-carrier-protein] reductase FabG
ANT_3_03806	gene	900				
ANT_3_03806	CDS	900				hypothetical protein
ANT_3_03807	gene	819	glnH_3			
ANT_3_03807	CDS	819	glnH_3		COG0834	Glutamine-binding periplasmic protein
ANT_3_03808	gene	714	yecS_4			
ANT_3_03808	CDS	714	yecS_4		COG0765	L-cystine transport system permease protein YecS
ANT_3_03809	gene	744	glnQ_7			
ANT_3_03809	CDS	744	glnQ_7			Glutamine transport ATP-binding protein GlnQ
ANT_3_03810	gene	1164	argE_2			
ANT_3_03810	CDS	1164	argE_2	3.5.1.16		Acetylornithine deacetylase
ANT_3_03811	gene	1098	menC_1			
ANT_3_03811	CDS	1098	menC_1	4.2.1.113		o-succinylbenzoate synthase
ANT_3_03812	gene	1185	doeA_2			
ANT_3_03812	CDS	1185	doeA_2	3.5.4.44	COG0006	Ectoine hydrolase
ANT_3_03813	gene	921	dapA_4			
ANT_3_03813	CDS	921	dapA_4	4.3.3.7	COG0329	4-hydroxy-tetrahydrodipicolinate synthase
ANT_3_03814	gene	1203	pyrG_2			
ANT_3_03814	CDS	1203	pyrG_2	6.3.4.2		CTP synthase
ANT_3_03815	gene	1209	aatB_2			
ANT_3_03815	CDS	1209	aatB_2	2.6.1.1	COG0436	Aspartate aminotransferase
ANT_3_03816	gene	171				
ANT_3_03816	CDS	171				hypothetical protein
ANT_3_03817	gene	76				
ANT_3_03817	tRNA	76				tRNA-Asn(gtt)
ANT_3_03818	gene	1269	intA_2			
ANT_3_03818	CDS	1269	intA_2		COG0582	Prophage integrase IntA
ANT_3_03819	gene	747				
ANT_3_03819	CDS	747				hypothetical protein
ANT_3_03820	gene	897				
ANT_3_03820	CDS	897		1.1.1.169	COG1893	2-dehydropantoate 2-reductase
ANT_3_03821	gene	885	hexR_2			
ANT_3_03821	CDS	885	hexR_2		COG1737	HTH-type transcriptional regulator HexR
ANT_3_03822	gene	858				
ANT_3_03822	CDS	858				hypothetical protein
ANT_3_03823	gene	2775				
ANT_3_03823	CDS	2775				hypothetical protein
ANT_3_03824	gene	354				
ANT_3_03824	CDS	354				hypothetical protein
ANT_3_03825	gene	759				
ANT_3_03825	CDS	759				putative transporter
ANT_3_03826	gene	807	fabG_5			
ANT_3_03826	CDS	807	fabG_5	1.1.1.100		3-oxoacyl-[acyl-carrier-protein] reductase FabG
ANT_3_03827	gene	114				
ANT_3_03827	CDS	114				hypothetical protein
ANT_3_03828	gene	357	marA			
ANT_3_03828	CDS	357	marA			Multiple antibiotic resistance protein MarA
ANT_3_03829	gene	864	aaeA_2			
ANT_3_03829	CDS	864	aaeA_2		COG1566	p-hydroxybenzoic acid efflux pump subunit AaeA
ANT_3_03830	gene	222				
ANT_3_03830	CDS	222				hypothetical protein
ANT_3_03831	gene	1977	aaeB_3			
ANT_3_03831	CDS	1977	aaeB_3			p-hydroxybenzoic acid efflux pump subunit AaeB
ANT_3_03832	gene	807	nimR_3			
ANT_3_03832	CDS	807	nimR_3			HTH-type transcriptional regulator NimR
ANT_3_03833	gene	186				
ANT_3_03833	CDS	186				hypothetical protein
ANT_3_03834	gene	588				
ANT_3_03834	CDS	588				hypothetical protein
ANT_3_03835	gene	210	traR			
ANT_3_03835	CDS	210	traR			Protein TraR
ANT_3_03836	gene	222				
ANT_3_03836	CDS	222				hypothetical protein
ANT_3_03837	gene	645				
ANT_3_03837	CDS	645				hypothetical protein
ANT_3_03838	gene	273				
ANT_3_03838	CDS	273				hypothetical protein
ANT_3_03839	gene	2748	virB4			
ANT_3_03839	CDS	2748	virB4			Type IV secretion system protein virB4
ANT_3_03840	gene	729				
ANT_3_03840	CDS	729				hypothetical protein
ANT_3_03841	gene	276				
ANT_3_03841	CDS	276				hypothetical protein
ANT_3_03842	gene	1056				
ANT_3_03842	CDS	1056				hypothetical protein
ANT_3_03843	gene	141				
ANT_3_03843	CDS	141				hypothetical protein
ANT_3_03844	gene	684	ptlE			
ANT_3_03844	CDS	684	ptlE		COG3736	Type IV secretion system protein PtlE
ANT_3_03845	gene	891	virB9			
ANT_3_03845	CDS	891	virB9			Type IV secretion system protein virB9
ANT_3_03846	gene	1305				
ANT_3_03846	CDS	1305				hypothetical protein
ANT_3_03847	gene	1020				
ANT_3_03847	CDS	1020				Type IV secretion system protein VirB11
ANT_3_03848	gene	1860				
ANT_3_03848	CDS	1860				hypothetical protein
ANT_3_03849	gene	747				
ANT_3_03849	CDS	747				hypothetical protein
ANT_3_03850	gene	948	traC			
ANT_3_03850	CDS	948	traC	2.7.7.-		DNA primase TraC
ANT_3_03851	gene	1041				
ANT_3_03851	CDS	1041				hypothetical protein
ANT_3_03852	gene	1812				
ANT_3_03852	CDS	1812				hypothetical protein
ANT_3_03853	gene	1935				
ANT_3_03853	CDS	1935				hypothetical protein
ANT_3_03854	gene	876				
ANT_3_03854	CDS	876				hypothetical protein
ANT_3_03855	gene	1368				
ANT_3_03855	CDS	1368				hypothetical protein
ANT_3_03856	gene	753	yjjV			
ANT_3_03856	CDS	753	yjjV	3.1.-.-	COG0084	putative metal-dependent hydrolase YjjV
ANT_3_03857	gene	804				
ANT_3_03857	CDS	804				hypothetical protein
ANT_3_03858	gene	483				
ANT_3_03858	CDS	483				hypothetical protein
ANT_3_03859	gene	939				
ANT_3_03859	CDS	939				hypothetical protein
ANT_3_03860	gene	237				
ANT_3_03860	CDS	237				hypothetical protein
ANT_3_03861	gene	426	arsC_2			
ANT_3_03861	CDS	426	arsC_2	1.20.4.1		Arsenate reductase
ANT_3_03862	gene	1290	arsB			
ANT_3_03862	CDS	1290	arsB		COG1055	Arsenical pump membrane protein
ANT_3_03863	gene	321	arsR2			
ANT_3_03863	CDS	321	arsR2		COG0640	Arsenic resistance transcriptional regulator ArsR2
ANT_3_03864	gene	699	arsH			
ANT_3_03864	CDS	699	arsH	1.-.-.-	COG0431	NADPH-dependent FMN reductase ArsH
ANT_3_03865	gene	447				
ANT_3_03865	CDS	447				hypothetical protein
ANT_3_03866	gene	210				
ANT_3_03866	CDS	210				hypothetical protein
ANT_3_03867	gene	1017				
ANT_3_03867	CDS	1017		1.3.1.103		2-haloacrylate reductase
ANT_3_03868	gene	942	dmlR_11			
ANT_3_03868	CDS	942	dmlR_11			HTH-type transcriptional regulator DmlR
ANT_3_03869	gene	414				
ANT_3_03869	CDS	414				hypothetical protein
ANT_3_03870	gene	576				
ANT_3_03870	CDS	576				hypothetical protein
ANT_3_03871	gene	228				
ANT_3_03871	CDS	228				hypothetical protein
ANT_3_03872	gene	744	rluA_1			
ANT_3_03872	CDS	744	rluA_1	5.4.99.28	COG0564	Dual-specificity RNA pseudouridine synthase RluA
ANT_3_03873	gene	189				
ANT_3_03873	CDS	189				hypothetical protein
ANT_3_03874	gene	1320	abaF_2			
ANT_3_03874	CDS	1320	abaF_2			Fosfomycin resistance protein AbaF
ANT_3_03875	gene	540				
ANT_3_03875	CDS	540				hypothetical protein
ANT_3_03876	gene	1929	dhaR			
ANT_3_03876	CDS	1929	dhaR		COG3284	PTS-dependent dihydroxyacetone kinase operon regulatory protein
ANT_3_03877	gene	207				
ANT_3_03877	CDS	207				hypothetical protein
ANT_3_03878	gene	1071	dhaK_2			
ANT_3_03878	CDS	1071	dhaK_2	2.7.1.121	COG2376	PEP-dependent dihydroxyacetone kinase, dihydroxyacetone-binding subunit DhaK
ANT_3_03879	gene	639	dhaL			
ANT_3_03879	CDS	639	dhaL	2.7.1.121	COG2376	PEP-dependent dihydroxyacetone kinase, ADP-binding subunit DhaL
ANT_3_03880	gene	1425	dhaM			
ANT_3_03880	CDS	1425	dhaM	2.7.1.121	COG1080	PEP-dependent dihydroxyacetone kinase, phosphoryl donor subunit DhaM
ANT_3_03881	gene	1449	amn			
ANT_3_03881	CDS	1449	amn	3.2.2.4	COG0775	AMP nucleosidase
ANT_3_03882	gene	1431	yeeO			
ANT_3_03882	CDS	1431	yeeO		COG0534	putative FMN/FAD exporter YeeO
ANT_3_03883	gene	690	citB_2			
ANT_3_03883	CDS	690	citB_2		COG4565	Transcriptional regulatory protein CitB
ANT_3_03884	gene	1659	citA_2			
ANT_3_03884	CDS	1659	citA_2	2.7.13.3	COG3290	Sensor histidine kinase CitA
ANT_3_03885	gene	1365	cimH_2			
ANT_3_03885	CDS	1365	cimH_2		COG3493	Citrate/malate transporter
ANT_3_03886	gene	870				
ANT_3_03886	CDS	870				putative protein
ANT_3_03887	gene	1095	citC			
ANT_3_03887	CDS	1095	citC	6.2.1.22	COG3053	[Citrate [pro-3S]-lyase] ligase
ANT_3_03888	gene	291	citD			
ANT_3_03888	CDS	291	citD		COG3052	Citrate lyase acyl carrier protein
ANT_3_03889	gene	876	citE			
ANT_3_03889	CDS	876	citE	4.1.3.6	COG2301	Citrate lyase subunit beta
ANT_3_03890	gene	1527	citF			
ANT_3_03890	CDS	1527	citF	4.1.3.6	COG3051	Citrate lyase alpha chain
ANT_3_03891	gene	540	citX			
ANT_3_03891	CDS	540	citX	2.7.7.61	COG3697	Apo-citrate lyase phosphoribosyl-dephospho-CoA transferase
ANT_3_03892	gene	840	citG_2			
ANT_3_03892	CDS	840	citG_2	2.4.2.52	COG1767	2-(5''-triphosphoribosyl)-3'-dephosphocoenzyme-A synthase
ANT_3_03893	gene	546				
ANT_3_03893	CDS	546				hypothetical protein
ANT_3_03894	gene	477				
ANT_3_03894	CDS	477				hypothetical protein
ANT_3_03895	gene	1071	lacI_3			
ANT_3_03895	CDS	1071	lacI_3		COG1609	Lactose operon repressor
ANT_3_03896	gene	1257	lamB_3			
ANT_3_03896	CDS	1257	lamB_3		COG4580	Maltoporin
ANT_3_03897	gene	318				
ANT_3_03897	CDS	318				hypothetical protein
ANT_3_03898	gene	2064	bglY			
ANT_3_03898	CDS	2064	bglY	3.2.1.23	COG1874	Beta-galactosidase BglY
ANT_3_03899	gene	1212	ganB			
ANT_3_03899	CDS	1212	ganB	3.2.1.89	COG3867	Arabinogalactan endo-beta-1,4-galactanase
ANT_3_03900	gene	852	araQ_2			
ANT_3_03900	CDS	852	araQ_2		COG0395	L-arabinose transport system permease protein AraQ
ANT_3_03901	gene	1308				
ANT_3_03901	CDS	1308				hypothetical protein
ANT_3_03902	gene	1227	cycB			
ANT_3_03902	CDS	1227	cycB		COG2182	Cyclodextrin-binding protein
ANT_3_03903	gene	1104	malK_3			
ANT_3_03903	CDS	1104	malK_3	7.5.2.1		Maltose/maltodextrin import ATP-binding protein MalK
ANT_3_03904	gene	960	hpr			
ANT_3_03904	CDS	960	hpr	1.1.1.81	COG1052	Hydroxypyruvate reductase
ANT_3_03905	gene	705				
ANT_3_03905	CDS	705				hypothetical protein
ANT_3_03906	gene	1620	yojI_2			
ANT_3_03906	CDS	1620	yojI_2		COG4615	ABC transporter ATP-binding/permease protein YojI
ANT_3_03907	gene	1995	fhuB_2			
ANT_3_03907	CDS	1995	fhuB_2		COG0609	Iron(3+)-hydroxamate import system permease protein FhuB
ANT_3_03908	gene	888	fhuD_2			
ANT_3_03908	CDS	888	fhuD_2		COG0614	Iron(3+)-hydroxamate-binding protein FhuD
ANT_3_03909	gene	2115	fhuA_4			
ANT_3_03909	CDS	2115	fhuA_4		COG1629	Ferrichrome outer membrane transporter/phage receptor
ANT_3_03910	gene	786	nimR_4			
ANT_3_03910	CDS	786	nimR_4			HTH-type transcriptional regulator NimR
ANT_3_03911	gene	333				
ANT_3_03911	CDS	333				hypothetical protein
ANT_3_03912	gene	1101	yeeA			
ANT_3_03912	CDS	1101	yeeA		COG1289	Inner membrane protein YeeA
ANT_3_03913	gene	1155				
ANT_3_03913	CDS	1155				hypothetical protein
ANT_3_03914	gene	1428	sbcB			
ANT_3_03914	CDS	1428	sbcB	3.1.11.1	COG2925	Exodeoxyribonuclease I
ANT_3_03915	gene	1377	plaP			
ANT_3_03915	CDS	1377	plaP		COG0531	Low-affinity putrescine importer PlaP
ANT_3_03916	gene	213				
ANT_3_03916	CDS	213				hypothetical protein
ANT_3_03917	gene	1443	puuA			
ANT_3_03917	CDS	1443	puuA	6.3.1.11	COG0174	Gamma-glutamylputrescine synthetase PuuA
ANT_3_03918	gene	804	puuD			
ANT_3_03918	CDS	804	puuD	3.5.1.94	COG2071	Gamma-glutamyl-gamma-aminobutyrate hydrolase PuuD
ANT_3_03919	gene	558	puuR			
ANT_3_03919	CDS	558	puuR			HTH-type transcriptional regulator PuuR
ANT_3_03920	gene	1314	puuB_2			
ANT_3_03920	CDS	1314	puuB_2	1.4.3.-		Gamma-glutamylputrescine oxidoreductase
ANT_3_03921	gene	195				
ANT_3_03921	CDS	195				hypothetical protein
ANT_3_03922	gene	1728	cvrA			
ANT_3_03922	CDS	1728	cvrA		COG3263	K(+)/H(+) antiporter NhaP2
ANT_3_03923	gene	333	osmE			
ANT_3_03923	CDS	333	osmE			Osmotically-inducible putative lipoprotein OsmE
ANT_3_03924	gene	597				
ANT_3_03924	CDS	597				hypothetical protein
ANT_3_03925	gene	1626	tsr_5			
ANT_3_03925	CDS	1626	tsr_5		COG0840	Methyl-accepting chemotaxis protein I
ANT_3_03926	gene	1071	potA_2			
ANT_3_03926	CDS	1071	potA_2	7.6.2.11	COG3842	Spermidine/putrescine import ATP-binding protein PotA
ANT_3_03927	gene	1770				
ANT_3_03927	CDS	1770				hypothetical protein
ANT_3_03928	gene	1089				
ANT_3_03928	CDS	1089				hypothetical protein
ANT_3_03929	gene	891	auaH			
ANT_3_03929	CDS	891	auaH	1.1.1.394		Aurachin B dehydrogenase
ANT_3_03930	gene	942				
ANT_3_03930	CDS	942			COG3039	IS5 family transposase IS4811
ANT_3_03931	gene	1011	fbpA			
ANT_3_03931	CDS	1011	fbpA			Fe(3+)-binding periplasmic protein
ANT_3_03932	gene	1584				
ANT_3_03932	CDS	1584				hypothetical protein
ANT_3_03933	gene	1047	fbpC2			
ANT_3_03933	CDS	1047	fbpC2	7.2.2.7	COG3842	Fe(3+) ions import ATP-binding protein FbpC 2
ANT_3_03934	gene	88				
ANT_3_03934	tRNA	88				tRNA-Ser(tga)
ANT_3_03935	gene	88				
ANT_3_03935	tRNA	88				tRNA-Ser(tga)
ANT_3_03936	gene	663	yccA			
ANT_3_03936	CDS	663	yccA		COG0670	Modulator of FtsH protease YccA
ANT_3_03937	gene	330	tusE			
ANT_3_03937	CDS	330	tusE	2.8.1.-	COG2920	Sulfurtransferase TusE
ANT_3_03938	gene	279	yccX			
ANT_3_03938	CDS	279	yccX	3.6.1.7	COG1254	Acylphosphatase
ANT_3_03939	gene	1236	rlmI			
ANT_3_03939	CDS	1236	rlmI	2.1.1.191	COG1092	Ribosomal RNA large subunit methyltransferase I
ANT_3_03940	gene	318	hspQ			
ANT_3_03940	CDS	318	hspQ		COG3785	Heat shock protein HspQ
ANT_3_03941	gene	414	yccU			
ANT_3_03941	CDS	414	yccU		COG1832	putative protein YccU
ANT_3_03942	gene	660				
ANT_3_03942	CDS	660				hypothetical protein
ANT_3_03943	gene	462	mgsA			
ANT_3_03943	CDS	462	mgsA	4.2.3.3	COG1803	Methylglyoxal synthase
ANT_3_03944	gene	2055	helD			
ANT_3_03944	CDS	2055	helD	3.6.4.12	COG0210	DNA helicase IV
ANT_3_03945	gene	462	yccF			
ANT_3_03945	CDS	462	yccF		COG3304	Inner membrane protein YccF
ANT_3_03946	gene	2142	yccS			
ANT_3_03946	CDS	2142	yccS		COG1289	Inner membrane protein YccS
ANT_3_03947	gene	633	sxy			
ANT_3_03947	CDS	633	sxy		COG3070	Protein Sxy
ANT_3_03948	gene	507	sulA			
ANT_3_03948	CDS	507	sulA		COG5404	Cell division inhibitor SulA
ANT_3_03949	gene	105				
ANT_3_03949	CDS	105				hypothetical protein
ANT_3_03950	gene	1080	ompA			
ANT_3_03950	CDS	1080	ompA			Outer membrane protein A
ANT_3_03951	gene	459	matP			
ANT_3_03951	CDS	459	matP		COG3120	Macrodomain Ter protein
ANT_3_03952	gene	1767	lon_2			
ANT_3_03952	CDS	1767	lon_2	3.4.21.53		Lon protease
ANT_3_03953	gene	519	fabA			
ANT_3_03953	CDS	519	fabA	4.2.1.59		3-hydroxydecanoyl-[acyl-carrier-protein] dehydratase
ANT_3_03954	gene	570	pqiC			
ANT_3_03954	CDS	570	pqiC		COG3009	Intermembrane transport lipoprotein PqiC
ANT_3_03955	gene	1653	pqiB			
ANT_3_03955	CDS	1653	pqiB		COG3008	Intermembrane transport protein PqiB
ANT_3_03956	gene	1266	pqiA			
ANT_3_03956	CDS	1266	pqiA		COG2995	Intermembrane transport protein PqiA
ANT_3_03957	gene	1905	uup			
ANT_3_03957	CDS	1905	uup		COG0488	ABC transporter ATP-binding protein uup
ANT_3_03958	gene	2121	rlmL			
ANT_3_03958	CDS	2121	rlmL		COG0116	Ribosomal RNA large subunit methyltransferase K/L
ANT_3_03959	gene	1104	ycbX			
ANT_3_03959	CDS	1104	ycbX		COG0633	putative protein YcbX
ANT_3_03960	gene	594	zapC			
ANT_3_03960	CDS	594	zapC			Cell division protein ZapC
ANT_3_03961	gene	1011	pyrD			
ANT_3_03961	CDS	1011	pyrD	1.3.5.2	COG0167	Dihydroorotate dehydrogenase (quinone)
ANT_3_03962	gene	582	ssuE			
ANT_3_03962	CDS	582	ssuE	1.5.1.38	COG0431	FMN reductase (NADPH)
ANT_3_03963	gene	963	ssuA_3			
ANT_3_03963	CDS	963	ssuA_3			Putative aliphatic sulfonates-binding protein
ANT_3_03964	gene	1155	ssuD			
ANT_3_03964	CDS	1155	ssuD	1.14.14.5	COG2141	Alkanesulfonate monooxygenase
ANT_3_03965	gene	792	ssuC_4			
ANT_3_03965	CDS	792	ssuC_4		COG0600	Putative aliphatic sulfonates transport permease protein SsuC
ANT_3_03966	gene	783	ssuB_2			
ANT_3_03966	CDS	783	ssuB_2	3.6.3.-	COG1116	Aliphatic sulfonates import ATP-binding protein SsuB
ANT_3_03967	gene	2616	pepN			
ANT_3_03967	CDS	2616	pepN	3.4.11.2	COG0308	Aminopeptidase N
ANT_3_03968	gene	1413	ydjE			
ANT_3_03968	CDS	1413	ydjE			Inner membrane metabolite transport protein YdjE
ANT_3_03969	gene	1206	pncB			
ANT_3_03969	CDS	1206	pncB	6.3.4.21	COG1488	Nicotinate phosphoribosyltransferase
ANT_3_03970	gene	1401	asnS			
ANT_3_03970	CDS	1401	asnS	6.1.1.22	COG0017	Asparagine--tRNA ligase
ANT_3_03971	gene	1152	ompC_3			
ANT_3_03971	CDS	1152	ompC_3			Outer membrane porin C
ANT_3_03972	gene	1191	aspC			
ANT_3_03972	CDS	1191	aspC	2.6.1.1	COG1448	Aspartate aminotransferase
ANT_3_03973	gene	648	gloC			
ANT_3_03973	CDS	648	gloC	3.1.2.6	COG0491	Hydroxyacylglutathione hydrolase GloC
ANT_3_03974	gene	771				
ANT_3_03974	CDS	771				hypothetical protein
ANT_3_03975	gene	1851	ycbB			
ANT_3_03975	CDS	1851	ycbB	2.-.-.-	COG2989	putative L,D-transpeptidase YcbB
ANT_3_03976	gene	4449	mukB			
ANT_3_03976	CDS	4449	mukB		COG3096	Chromosome partition protein MukB
ANT_3_03977	gene	732	mukE			
ANT_3_03977	CDS	732	mukE		COG3095	Chromosome partition protein MukE
ANT_3_03978	gene	1323	mukF			
ANT_3_03978	CDS	1323	mukF		COG3006	Chromosome partition protein MukF
ANT_3_03979	gene	786	cmoM			
ANT_3_03979	CDS	786	cmoM	2.1.1.-	COG0500	tRNA 5-carboxymethoxyuridine methyltransferase
ANT_3_03980	gene	780				
ANT_3_03980	CDS	780				hypothetical protein
ANT_3_03981	gene	894				
ANT_3_03981	CDS	894				hypothetical protein
ANT_3_03982	gene	759	kdsB			
ANT_3_03982	CDS	759	kdsB	2.7.7.38	COG1212	3-deoxy-manno-octulosonate cytidylyltransferase
ANT_3_03983	gene	183				
ANT_3_03983	CDS	183				hypothetical protein
ANT_3_03984	gene	1224				
ANT_3_03984	CDS	1224				hypothetical protein
ANT_3_03985	gene	213	cspE_2			
ANT_3_03985	CDS	213	cspE_2			Cold shock-like protein CspE
ANT_3_03986	gene	990	lpxK			
ANT_3_03986	CDS	990	lpxK	2.7.1.130	COG1663	Tetraacyldisaccharide 4'-kinase
ANT_3_03987	gene	1749	msbA			
ANT_3_03987	CDS	1749	msbA	7.5.2.6	COG1132	Lipid A export ATP-binding/permease protein MsbA
ANT_3_03988	gene	2274	comEC			
ANT_3_03988	CDS	2274	comEC		COG0658	ComE operon protein 3
ANT_3_03989	gene	237				
ANT_3_03989	CDS	237				hypothetical protein
ANT_3_03990	gene	285	ihfB			
ANT_3_03990	CDS	285	ihfB		COG0776	Integration host factor subunit beta
ANT_3_03991	gene	1677	rpsA			
ANT_3_03991	CDS	1677	rpsA		COG0539	30S ribosomal protein S1
ANT_3_03992	gene	684	cmk_1			
ANT_3_03992	CDS	684	cmk_1	2.7.4.25	COG0283	Cytidylate kinase
ANT_3_03993	gene	768	ycaL			
ANT_3_03993	CDS	768	ycaL	3.4.-.-	COG0501	Metalloprotease YcaL
ANT_3_03994	gene	1284	aroA_1			
ANT_3_03994	CDS	1284	aroA_1	2.5.1.19	COG0128	3-phosphoshikimate 1-carboxyvinyltransferase
ANT_3_03995	gene	1086	serC_2			
ANT_3_03995	CDS	1086	serC_2	2.6.1.52	COG1932	Phosphoserine aminotransferase
ANT_3_03996	gene	693				
ANT_3_03996	CDS	693				hypothetical protein
ANT_3_03997	gene	1761	ycaO_1			
ANT_3_03997	CDS	1761	ycaO_1		COG1944	Ribosomal protein S12 methylthiotransferase accessory factor YcaO
ANT_3_03998	gene	858	focA_2			
ANT_3_03998	CDS	858	focA_2		COG2116	putative formate transporter 1
ANT_3_03999	gene	2283	pflB_1			
ANT_3_03999	CDS	2283	pflB_1	2.3.1.54	COG1882	Formate acetyltransferase 1
ANT_3_04000	gene	741	pflA_1			
ANT_3_04000	CDS	741	pflA_1	1.97.1.4	COG1180	Pyruvate formate-lyase 1-activating enzyme
ANT_3_04001	gene	1149	ycaD_2			
ANT_3_04001	CDS	1149	ycaD_2			putative MFS-type transporter YcaD
ANT_3_04002	gene	909	yjhH			
ANT_3_04002	CDS	909	yjhH	4.1.2.28	COG0329	putative 2-dehydro-3-deoxy-D-pentonate aldolase YjhH
ANT_3_04003	gene	765				
ANT_3_04003	CDS	765				hypothetical protein
ANT_3_04004	gene	339				
ANT_3_04004	CDS	339				hypothetical protein
ANT_3_04005	gene	1320	proP_2			
ANT_3_04005	CDS	1320	proP_2			Proline/betaine transporter
ANT_3_04006	gene	849	ybbH_2			
ANT_3_04006	CDS	849	ybbH_2		COG1737	putative HTH-type transcriptional regulator YbbH
ANT_3_04007	gene	1101	dhaD_2			
ANT_3_04007	CDS	1101	dhaD_2	1.1.1.6		Glycerol dehydrogenase
ANT_3_04008	gene	339				
ANT_3_04008	CDS	339				hypothetical protein
ANT_3_04009	gene	249				
ANT_3_04009	CDS	249				hypothetical protein
ANT_3_04010	gene	1068	degA			
ANT_3_04010	CDS	1068	degA		COG1609	HTH-type transcriptional regulator DegA
ANT_3_04011	gene	1176	iolG_1			
ANT_3_04011	CDS	1176	iolG_1	1.1.1.18	COG0673	Myo-inositol 2-dehydrogenase
ANT_3_04012	gene	1068				
ANT_3_04012	CDS	1068				hypothetical protein
ANT_3_04013	gene	1023	iolG_2			
ANT_3_04013	CDS	1023	iolG_2	1.1.1.369		Inositol 2-dehydrogenase/D-chiro-inositol 3-dehydrogenase
ANT_3_04014	gene	1560	yjmB_2			
ANT_3_04014	CDS	1560	yjmB_2		COG2211	putative symporter YjmB
ANT_3_04015	gene	918	pgrR_9			
ANT_3_04015	CDS	918	pgrR_9			HTH-type transcriptional regulator PgrR
ANT_3_04016	gene	531	yncA			
ANT_3_04016	CDS	531	yncA	2.3.1.-	COG1247	L-methionine sulfoximine/L-methionine sulfone acetyltransferase
ANT_3_04017	gene	879	cysL_4			
ANT_3_04017	CDS	879	cysL_4		COG0583	HTH-type transcriptional regulator CysL
ANT_3_04018	gene	819	nlpA			
ANT_3_04018	CDS	819	nlpA		COG1464	Lipoprotein 28
ANT_3_04019	gene	219	phoC_2			
ANT_3_04019	CDS	219	phoC_2	3.1.3.2		Major phosphate-irrepressible acid phosphatase
ANT_3_04020	gene	510	phoC_3			
ANT_3_04020	CDS	510	phoC_3	3.1.3.2		Major phosphate-irrepressible acid phosphatase
ANT_3_04021	gene	1446				
ANT_3_04021	CDS	1446				hypothetical protein
ANT_3_04022	gene	843				
ANT_3_04022	CDS	843				hypothetical protein
ANT_3_04023	gene	369	intS_2			
ANT_3_04023	CDS	369	intS_2		COG0582	Prophage integrase IntS
ANT_3_04024	gene	75				
ANT_3_04024	tRNA	75				tRNA-Arg(cct)
ANT_3_04025	gene	918	yfdC			
ANT_3_04025	CDS	918	yfdC		COG2116	Inner membrane protein YfdC
ANT_3_04026	gene	639	ccmA			
ANT_3_04026	CDS	639	ccmA	7.6.2.5	COG4133	Cytochrome c biogenesis ATP-binding export protein CcmA
ANT_3_04027	gene	660	ccmB			
ANT_3_04027	CDS	660	ccmB		COG2386	Heme exporter protein B
ANT_3_04028	gene	738	ccmC			
ANT_3_04028	CDS	738	ccmC		COG0755	Heme exporter protein C
ANT_3_04029	gene	261				
ANT_3_04029	CDS	261				hypothetical protein
ANT_3_04030	gene	495	ccmE			
ANT_3_04030	CDS	495	ccmE		COG2332	Cytochrome c-type biogenesis protein CcmE
ANT_3_04031	gene	1971	ccmF			
ANT_3_04031	CDS	1971	ccmF		COG1138	Cytochrome c-type biogenesis protein CcmF
ANT_3_04032	gene	552	dsbE			
ANT_3_04032	CDS	552	dsbE		COG0526	Thiol:disulfide interchange protein DsbE
ANT_3_04033	gene	486				
ANT_3_04033	CDS	486				hypothetical protein
ANT_3_04034	gene	1215				
ANT_3_04034	CDS	1215				hypothetical protein
ANT_3_04035	gene	768	mlaA			
ANT_3_04035	CDS	768	mlaA		COG2853	Intermembrane phospholipid transport system lipoprotein MlaA
ANT_3_04036	gene	1278	fadL_2			
ANT_3_04036	CDS	1278	fadL_2		COG2067	Long-chain fatty acid transport protein
ANT_3_04037	gene	333				
ANT_3_04037	CDS	333				hypothetical protein
ANT_3_04038	gene	1314	fadI			
ANT_3_04038	CDS	1314	fadI	2.3.1.16	COG0183	3-ketoacyl-CoA thiolase FadI
ANT_3_04039	gene	2169	fadJ			
ANT_3_04039	CDS	2169	fadJ		COG1024	Fatty acid oxidation complex subunit alpha
ANT_3_04040	gene	489	sixA			
ANT_3_04040	CDS	489	sixA	3.1.3.-	COG2062	Phosphohistidine phosphatase SixA
ANT_3_04041	gene	540	mutS2			
ANT_3_04041	CDS	540	mutS2	3.1.-.-		Endonuclease MutS2
ANT_3_04042	gene	933	prmB			
ANT_3_04042	CDS	933	prmB	2.1.1.298	COG2890	50S ribosomal protein L3 glutamine methyltransferase
ANT_3_04043	gene	1086	aroC			
ANT_3_04043	CDS	1086	aroC	4.2.3.5	COG0082	Chorismate synthase
ANT_3_04044	gene	852	mepA			
ANT_3_04044	CDS	852	mepA	3.4.24.-	COG3770	Penicillin-insensitive murein endopeptidase
ANT_3_04045	gene	801	yfcA			
ANT_3_04045	CDS	801	yfcA		COG0730	putative membrane transporter protein YfcA
ANT_3_04046	gene	558	epmC			
ANT_3_04046	CDS	558	epmC	1.14.-.-	COG3101	Elongation factor P hydroxylase
ANT_3_04047	gene	279				
ANT_3_04047	CDS	279				hypothetical protein
ANT_3_04048	gene	2031	mnmC			
ANT_3_04048	CDS	2031	mnmC		COG0665	tRNA 5-methylaminomethyl-2-thiouridine biosynthesis bifunctional protein MnmC
ANT_3_04049	gene	1221	fabB			
ANT_3_04049	CDS	1221	fabB	2.3.1.41	COG0304	3-oxoacyl-[acyl-carrier-protein] synthase 1
ANT_3_04050	gene	570				
ANT_3_04050	CDS	570				hypothetical protein
ANT_3_04051	gene	1476				
ANT_3_04051	CDS	1476				hypothetical protein
ANT_3_04052	gene	1125	ybiR			
ANT_3_04052	CDS	1125	ybiR		COG0471	Inner membrane protein YbiR
ANT_3_04053	gene	1476	gabR_3			
ANT_3_04053	CDS	1476	gabR_3		COG1167	HTH-type transcriptional regulatory protein GabR
ANT_3_04054	gene	456				
ANT_3_04054	CDS	456				hypothetical protein
ANT_3_04055	gene	1050	flk			
ANT_3_04055	CDS	1050	flk			Flagellar regulator flk
ANT_3_04056	gene	906				
ANT_3_04056	CDS	906				hypothetical protein
ANT_3_04057	gene	792	nimR_5			
ANT_3_04057	CDS	792	nimR_5			HTH-type transcriptional regulator NimR
ANT_3_04058	gene	1128	pdxB			
ANT_3_04058	CDS	1128	pdxB	1.1.1.290	COG0111	Erythronate-4-phosphate dehydrogenase
ANT_3_04059	gene	1011	usg			
ANT_3_04059	CDS	1011	usg		COG0136	USG-1 protein
ANT_3_04060	gene	831	truA			
ANT_3_04060	CDS	831	truA	5.4.99.12	COG0101	tRNA pseudouridine synthase A
ANT_3_04061	gene	669	dedA			
ANT_3_04061	CDS	669	dedA		COG0586	Protein DedA
ANT_3_04062	gene	915	accD			
ANT_3_04062	CDS	915	accD	2.1.3.15	COG0777	Acetyl-coenzyme A carboxylase carboxyl transferase subunit beta
ANT_3_04063	gene	1287	folC			
ANT_3_04063	CDS	1287	folC	6.3.2.12	COG0285	Dihydrofolate synthase/folylpolyglutamate synthase
ANT_3_04064	gene	771	dedD			
ANT_3_04064	CDS	771	dedD			Cell division protein DedD
ANT_3_04065	gene	492	cvpA			
ANT_3_04065	CDS	492	cvpA		COG1286	Colicin V production protein
ANT_3_04066	gene	1518	purF			
ANT_3_04066	CDS	1518	purF	2.4.2.14	COG0034	Amidophosphoribosyltransferase
ANT_3_04067	gene	573	ubiX			
ANT_3_04067	CDS	573	ubiX	2.5.1.129	COG0163	Flavin prenyltransferase UbiX
ANT_3_04068	gene	783	argT_4			
ANT_3_04068	CDS	783	argT_4		COG0834	Lysine/arginine/ornithine-binding periplasmic protein
ANT_3_04069	gene	687	hisQ			
ANT_3_04069	CDS	687	hisQ		COG4215	Histidine transport system permease protein HisQ
ANT_3_04070	gene	717	hisM			
ANT_3_04070	CDS	717	hisM		COG4160	Histidine transport system permease protein HisM
ANT_3_04071	gene	774	hisP			
ANT_3_04071	CDS	774	hisP		COG4598	Histidine transport ATP-binding protein HisP
ANT_3_04072	gene	1233	pepT_2			
ANT_3_04072	CDS	1233	pepT_2	3.4.11.4	COG2195	Peptidase T
ANT_3_04073	gene	1596	dppA_3			
ANT_3_04073	CDS	1596	dppA_3		COG0747	Periplasmic dipeptide transport protein
ANT_3_04074	gene	897				
ANT_3_04074	CDS	897				Epimerase family protein
ANT_3_04075	gene	630	yfcG_1			
ANT_3_04075	CDS	630	yfcG_1	1.8.4.-	COG0625	Disulfide-bond oxidoreductase YfcG
ANT_3_04076	gene	615	yfcD			
ANT_3_04076	CDS	615	yfcD	3.6.-.-		putative Nudix hydrolase YfcD
ANT_3_04077	gene	1017	gntR_3			
ANT_3_04077	CDS	1017	gntR_3			HTH-type transcriptional regulator GntR
ANT_3_04078	gene	444	ulaC_2			
ANT_3_04078	CDS	444	ulaC_2		COG1762	Ascorbate-specific PTS system EIIA component
ANT_3_04079	gene	282				
ANT_3_04079	CDS	282				hypothetical protein
ANT_3_04080	gene	1377	ulaA_2			
ANT_3_04080	CDS	1377	ulaA_2		COG3037	Ascorbate-specific PTS system EIIC component
ANT_3_04081	gene	834	aptA			
ANT_3_04081	CDS	834	aptA	2.2.1.-	COG3959	Apulose-4-phosphate transketolase subunit A
ANT_3_04082	gene	954	aptB			
ANT_3_04082	CDS	954	aptB	2.2.1.-	COG3958	Apulose-4-phosphate transketolase subunit B
ANT_3_04083	gene	2160	pta			
ANT_3_04083	CDS	2160	pta	2.3.1.8	COG0280	Phosphate acetyltransferase
ANT_3_04084	gene	213				
ANT_3_04084	CDS	213				hypothetical protein
ANT_3_04085	gene	1203	ackA			
ANT_3_04085	CDS	1203	ackA	2.7.2.1	COG0282	Acetate kinase
ANT_3_04086	gene	456				
ANT_3_04086	CDS	456				hypothetical protein
ANT_3_04087	gene	495				
ANT_3_04087	CDS	495				hypothetical protein
ANT_3_04088	gene	654	hxpA_2			
ANT_3_04088	CDS	654	hxpA_2	3.1.3.22	COG0637	Hexitol phosphatase A
ANT_3_04089	gene	1833				
ANT_3_04089	CDS	1833				hypothetical protein
ANT_3_04090	gene	600	yfbR			
ANT_3_04090	CDS	600	yfbR	3.1.3.89	COG1896	5'-deoxynucleotidase YfbR
ANT_3_04091	gene	1215	alaA			
ANT_3_04091	CDS	1215	alaA	2.6.1.2	COG0436	Glutamate-pyruvate aminotransferase AlaA
ANT_3_04092	gene	945	hdfR_5			
ANT_3_04092	CDS	945	hdfR_5			HTH-type transcriptional regulator HdfR
ANT_3_04093	gene	444	ndhC			
ANT_3_04093	CDS	444	ndhC	7.1.1.-		NAD(P)H-quinone oxidoreductase subunit 3
ANT_3_04094	gene	675	nuoB			
ANT_3_04094	CDS	675	nuoB	7.1.1.-	COG0377	NADH-quinone oxidoreductase subunit B
ANT_3_04095	gene	1800	nuoC			
ANT_3_04095	CDS	1800	nuoC	7.1.1.-	COG0649	NADH-quinone oxidoreductase subunit C/D
ANT_3_04096	gene	537	nuoE			
ANT_3_04096	CDS	537	nuoE	7.1.1.-	COG1905	NADH-quinone oxidoreductase subunit E
ANT_3_04097	gene	1362	nuoF			
ANT_3_04097	CDS	1362	nuoF	7.1.1.-	COG1894	NADH-quinone oxidoreductase subunit F
ANT_3_04098	gene	2727	nuoG			
ANT_3_04098	CDS	2727	nuoG	7.1.1.-	COG1034	NADH-quinone oxidoreductase subunit G
ANT_3_04099	gene	978	nuoH			
ANT_3_04099	CDS	978	nuoH	7.1.1.-	COG1005	NADH-quinone oxidoreductase subunit H
ANT_3_04100	gene	543	nuoI			
ANT_3_04100	CDS	543	nuoI	7.1.1.-	COG1143	NADH-quinone oxidoreductase subunit I
ANT_3_04101	gene	558	nuoJ			
ANT_3_04101	CDS	558	nuoJ	7.1.1.-	COG0839	NADH-quinone oxidoreductase subunit J
ANT_3_04102	gene	303	nuoK			
ANT_3_04102	CDS	303	nuoK	7.1.1.-	COG0713	NADH-quinone oxidoreductase subunit K
ANT_3_04103	gene	1848	nuoL_2			
ANT_3_04103	CDS	1848	nuoL_2	7.1.1.-	COG1009	NADH-quinone oxidoreductase subunit L
ANT_3_04104	gene	1530	nuoM_4			
ANT_3_04104	CDS	1530	nuoM_4	7.1.1.-	COG1008	NADH-quinone oxidoreductase subunit M
ANT_3_04105	gene	1461	nuoN_2			
ANT_3_04105	CDS	1461	nuoN_2	7.1.1.-	COG1007	NADH-quinone oxidoreductase subunit N
ANT_3_04106	gene	516	ycdZ			
ANT_3_04106	CDS	516	ycdZ			Inner membrane protein YcdZ
ANT_3_04107	gene	309	elaB			
ANT_3_04107	CDS	309	elaB		COG4575	Protein ElaB
ANT_3_04108	gene	1338	menF			
ANT_3_04108	CDS	1338	menF	5.4.4.2	COG1169	Isochorismate synthase MenF
ANT_3_04109	gene	1674	menD			
ANT_3_04109	CDS	1674	menD	2.2.1.9	COG1165	2-succinyl-5-enolpyruvyl-6-hydroxy-3-cyclohexene-1-carboxylate synthase
ANT_3_04110	gene	798	menH_2			
ANT_3_04110	CDS	798	menH_2	4.2.99.20	COG0596	2-succinyl-6-hydroxy-2,4-cyclohexadiene-1-carboxylate synthase
ANT_3_04111	gene	858	menB			
ANT_3_04111	CDS	858	menB	4.1.3.36	COG0447	1,4-dihydroxy-2-naphthoyl-CoA synthase
ANT_3_04112	gene	1002	menC_2			
ANT_3_04112	CDS	1002	menC_2	4.2.1.113	COG1441	o-succinylbenzoate synthase
ANT_3_04113	gene	1377	menE			
ANT_3_04113	CDS	1377	menE	6.2.1.26	COG0318	2-succinylbenzoate--CoA ligase
ANT_3_04114	gene	1434	katA			
ANT_3_04114	CDS	1434	katA	1.11.1.6	COG0753	Catalase
ANT_3_04115	gene	546				
ANT_3_04115	CDS	546				hypothetical protein
ANT_3_04116	gene	1206	pncC_2			
ANT_3_04116	CDS	1206	pncC_2	3.5.1.42	COG1058	Nicotinamide-nucleotide amidohydrolase PncC
ANT_3_04117	gene	261				
ANT_3_04117	CDS	261				hypothetical protein
ANT_3_04118	gene	1131	nrdB			
ANT_3_04118	CDS	1131	nrdB	1.17.4.1	COG0208	Ribonucleoside-diphosphate reductase 1 subunit beta
ANT_3_04119	gene	2283	nrdA			
ANT_3_04119	CDS	2283	nrdA	1.17.4.1	COG0209	Ribonucleoside-diphosphate reductase 1 subunit alpha
ANT_3_04120	gene	738	ubiG			
ANT_3_04120	CDS	738	ubiG	2.1.1.222	COG2227	Ubiquinone biosynthesis O-methyltransferase
ANT_3_04121	gene	2649	gyrA			
ANT_3_04121	CDS	2649	gyrA	5.6.2.2	COG0188	DNA gyrase subunit A
ANT_3_04122	gene	2790	rcsC			
ANT_3_04122	CDS	2790	rcsC	2.7.13.3		Sensor histidine kinase RcsC
ANT_3_04123	gene	651	rcsB			
ANT_3_04123	CDS	651	rcsB		COG2197	Transcriptional regulatory protein RcsB
ANT_3_04124	gene	2694	rcsD			
ANT_3_04124	CDS	2694	rcsD	2.7.2.-	COG2198	Phosphotransferase RcsD
ANT_3_04125	gene	1185	ybjJ			
ANT_3_04125	CDS	1185	ybjJ			Inner membrane protein YbjJ
ANT_3_04126	gene	13824				
ANT_3_04126	CDS	13824				hypothetical protein
ANT_3_04127	gene	1350	bepC			
ANT_3_04127	CDS	1350	bepC			Outer membrane efflux protein BepC
ANT_3_04128	gene	2178	btuD_11			
ANT_3_04128	CDS	2178	btuD_11	7.6.2.8		Vitamin B12 import ATP-binding protein BtuD
ANT_3_04129	gene	1170	prsE			
ANT_3_04129	CDS	1170	prsE			Type I secretion system membrane fusion protein PrsE
ANT_3_04130	gene	414	higA			
ANT_3_04130	CDS	414	higA		COG5499	Antitoxin HigA
ANT_3_04131	gene	312	higB			
ANT_3_04131	CDS	312	higB	3.1.-.-	COG4680	mRNA interferase HigB
ANT_3_04132	gene	2034				
ANT_3_04132	CDS	2034				hypothetical protein
ANT_3_04133	gene	1122	ompC_4			
ANT_3_04133	CDS	1122	ompC_4		COG3203	Outer membrane porin C
ANT_3_04134	gene	531	rhaS_11			
ANT_3_04134	CDS	531	rhaS_11			HTH-type transcriptional activator RhaS
ANT_3_04135	gene	1773	ftsI_1			
ANT_3_04135	CDS	1773	ftsI_1	3.4.16.4	COG0768	Peptidoglycan D,D-transpeptidase FtsI
ANT_3_04136	gene	243	dinI_2			
ANT_3_04136	CDS	243	dinI_2			DNA damage-inducible protein I
ANT_3_04137	gene	966	yqjG_1			
ANT_3_04137	CDS	966	yqjG_1	1.8.5.7	COG0435	Glutathionyl-hydroquinone reductase YqjG
ANT_3_04138	gene	1782	yejM			
ANT_3_04138	CDS	1782	yejM		COG3083	Inner membrane protein YejM
ANT_3_04139	gene	1002	yejK			
ANT_3_04139	CDS	1002	yejK		COG3081	Nucleoid-associated protein YejK
ANT_3_04140	gene	291	rplY			
ANT_3_04140	CDS	291	rplY		COG1825	50S ribosomal protein L25
ANT_3_04141	gene	1764	radD			
ANT_3_04141	CDS	1764	radD	3.6.4.12	COG1061	Putative DNA repair helicase RadD
ANT_3_04142	gene	708	rsuA			
ANT_3_04142	CDS	708	rsuA	5.4.99.19	COG1187	Ribosomal small subunit pseudouridine synthase A
ANT_3_04143	gene	1206	bcr_4			
ANT_3_04143	CDS	1206	bcr_4			Bicyclomycin resistance protein
ANT_3_04144	gene	1356	ttuB_4			
ANT_3_04144	CDS	1356	ttuB_4			Putative tartrate transporter
ANT_3_04145	gene	984	gntR_4			
ANT_3_04145	CDS	984	gntR_4			HTH-type transcriptional regulator GntR
ANT_3_04146	gene	765	idnO			
ANT_3_04146	CDS	765	idnO	1.1.1.69		5-keto-D-gluconate 5-reductase
ANT_3_04147	gene	921				
ANT_3_04147	CDS	921				hypothetical protein
ANT_3_04148	gene	1404	fdhC_4			
ANT_3_04148	CDS	1404	fdhC_4			Fructose dehydrogenase cytochrome subunit
ANT_3_04149	gene	1656	fdhL_3			
ANT_3_04149	CDS	1656	fdhL_3	1.1.99.11		Fructose dehydrogenase large subunit
ANT_3_04150	gene	615				
ANT_3_04150	CDS	615				hypothetical protein
ANT_3_04151	gene	375	yejG			
ANT_3_04151	CDS	375	yejG			putative protein YejG
ANT_3_04152	gene	1614	yejF			
ANT_3_04152	CDS	1614	yejF		COG4172	putative ABC transporter ATP-binding protein YejF
ANT_3_04153	gene	1050	yejE			
ANT_3_04153	CDS	1050	yejE		COG4239	Inner membrane ABC transporter permease protein YejE
ANT_3_04154	gene	1095	yejB			
ANT_3_04154	CDS	1095	yejB		COG4174	Inner membrane ABC transporter permease protein YejB
ANT_3_04155	gene	1806				
ANT_3_04155	CDS	1806				hypothetical protein
ANT_3_04156	gene	1584	pdeN			
ANT_3_04156	CDS	1584	pdeN	3.1.4.52	COG2200	putative cyclic di-GMP phosphodiesterase PdeN
ANT_3_04157	gene	576	mepS			
ANT_3_04157	CDS	576	mepS	3.4.-.-	COG0791	Murein DD-endopeptidase MepS/Murein LD-carboxypeptidase
ANT_3_04158	gene	714	lpxT			
ANT_3_04158	CDS	714	lpxT	2.7.4.29	COG0671	Lipid A 1-diphosphate synthase
ANT_3_04159	gene	975	yeiR			
ANT_3_04159	CDS	975	yeiR	3.6.-.-	COG0523	Zinc-binding GTPase YeiR
ANT_3_04160	gene	309				
ANT_3_04160	CDS	309				hypothetical protein
ANT_3_04161	gene	732	lutR_2			
ANT_3_04161	CDS	732	lutR_2		COG2186	HTH-type transcriptional regulator LutR
ANT_3_04162	gene	1470	por			
ANT_3_04162	CDS	1470	por	1.1.1.-	COG0246	Polyol:NADP oxidoreductase
ANT_3_04163	gene	573	yeiP			
ANT_3_04163	CDS	573	yeiP		COG0231	Elongation factor P-like protein
ANT_3_04164	gene	255				
ANT_3_04164	CDS	255				hypothetical protein
ANT_3_04165	gene	1176	setB			
ANT_3_04165	CDS	1176	setB			Sugar efflux transporter B
ANT_3_04166	gene	1131	fruB			
ANT_3_04166	CDS	1131	fruB		COG1925	Multiphosphoryl transfer protein
ANT_3_04167	gene	936	lacC			
ANT_3_04167	CDS	936	lacC	2.7.1.144	COG1105	Tagatose-6-phosphate kinase
ANT_3_04168	gene	1698	fruA_3			
ANT_3_04168	CDS	1698	fruA_3		COG1299	PTS system fructose-specific EIIB'BC component
ANT_3_04169	gene	858	nfo			
ANT_3_04169	CDS	858	nfo	3.1.21.2	COG0648	Endonuclease 4
ANT_3_04170	gene	1071				
ANT_3_04170	CDS	1071				hypothetical protein
ANT_3_04171	gene	870	cmpR_3			
ANT_3_04171	CDS	870	cmpR_3		COG0583	HTH-type transcriptional activator CmpR
ANT_3_04172	gene	1476	lysP			
ANT_3_04172	CDS	1476	lysP		COG0833	Lysine-specific permease
ANT_3_04173	gene	1083	hmuU_4			
ANT_3_04173	CDS	1083	hmuU_4		COG0609	Hemin transport system permease protein HmuU
ANT_3_04174	gene	837	yusV			
ANT_3_04174	CDS	837	yusV		COG1120	putative siderophore transport system ATP-binding protein YusV
ANT_3_04175	gene	807	hel			
ANT_3_04175	CDS	807	hel		COG2503	Lipoprotein E
ANT_3_04176	gene	1110	phoE_2			
ANT_3_04176	CDS	1110	phoE_2		COG3203	Outer membrane porin PhoE
ANT_3_04177	gene	2175	dinG			
ANT_3_04177	CDS	2175	dinG	3.6.4.12	COG1199	ATP-dependent DNA helicase DinG
ANT_3_04178	gene	963	ybiB			
ANT_3_04178	CDS	963	ybiB		COG0547	putative protein YbiB
ANT_3_04179	gene	342				
ANT_3_04179	CDS	342				hypothetical protein
ANT_3_04180	gene	1863				
ANT_3_04180	CDS	1863				hypothetical protein
ANT_3_04181	gene	633				
ANT_3_04181	CDS	633				hypothetical protein
ANT_3_04182	gene	969	rlmF			
ANT_3_04182	CDS	969	rlmF	2.1.1.181	COG3129	Ribosomal RNA large subunit methyltransferase F
ANT_3_04183	gene	1311	bdlA			
ANT_3_04183	CDS	1311	bdlA		COG0840	Biofilm dispersion protein BdlA
ANT_3_04184	gene	96				
ANT_3_04184	CDS	96				hypothetical protein
ANT_3_04185	gene	723	glnQ_8			
ANT_3_04185	CDS	723	glnQ_8		COG1126	Glutamine transport ATP-binding protein GlnQ
ANT_3_04186	gene	660	glnP_4			
ANT_3_04186	CDS	660	glnP_4		COG0765	Glutamine transport system permease protein GlnP
ANT_3_04187	gene	744	glnH_4			
ANT_3_04187	CDS	744	glnH_4		COG0834	Glutamine-binding periplasmic protein
ANT_3_04188	gene	267	ybiI			
ANT_3_04188	CDS	267	ybiI		COG1734	putative protein YbiI
ANT_3_04189	gene	504	dps			
ANT_3_04189	CDS	504	dps	1.16.-.-	COG0783	DNA protection during starvation protein
ANT_3_04190	gene	678				
ANT_3_04190	CDS	678				hypothetical protein
ANT_3_04191	gene	582	sigK			
ANT_3_04191	CDS	582	sigK		COG1595	ECF RNA polymerase sigma factor SigK
ANT_3_04192	gene	564				
ANT_3_04192	CDS	564				hypothetical protein
ANT_3_04193	gene	987	rhtA			
ANT_3_04193	CDS	987	rhtA		COG5006	Threonine/homoserine exporter RhtA
ANT_3_04194	gene	537	ompX			
ANT_3_04194	CDS	537	ompX		COG3637	Outer membrane protein X
ANT_3_04195	gene	765	yedY1			
ANT_3_04195	CDS	765	yedY1		COG2041	Putative protein-methionine-sulfoxide reductase subunit YedZ1
ANT_3_04196	gene	642	yedZ1			
ANT_3_04196	CDS	642	yedZ1		COG4117	Putative protein-methionine-sulfoxide reductase subunit YedZ1
ANT_3_04197	gene	624				
ANT_3_04197	CDS	624				hypothetical protein
ANT_3_04198	gene	675	czcR			
ANT_3_04198	CDS	675	czcR			Transcriptional activator protein CzcR
ANT_3_04199	gene	1464	czcS			
ANT_3_04199	CDS	1464	czcS	2.7.13.3		Sensor protein CzcS
ANT_3_04200	gene	1677	eptB_2			
ANT_3_04200	CDS	1677	eptB_2	2.7.8.42	COG2194	Kdo(2)-lipid A phosphoethanolamine 7''-transferase
ANT_3_04201	gene	1107				
ANT_3_04201	CDS	1107				hypothetical protein
ANT_3_04202	gene	915	dmlR_12			
ANT_3_04202	CDS	915	dmlR_12			HTH-type transcriptional regulator DmlR
ANT_3_04203	gene	609	leuD1_1			
ANT_3_04203	CDS	609	leuD1_1	4.2.1.33	COG0066	3-isopropylmalate dehydratase small subunit 1
ANT_3_04204	gene	1407	leuC			
ANT_3_04204	CDS	1407	leuC	4.2.1.33	COG0065	3-isopropylmalate dehydratase large subunit
ANT_3_04205	gene	876	dehH1			
ANT_3_04205	CDS	876	dehH1	3.8.1.3		Haloacetate dehalogenase H-1
ANT_3_04206	gene	222				
ANT_3_04206	CDS	222				hypothetical protein
ANT_3_04207	gene	384				
ANT_3_04207	CDS	384				hypothetical protein
ANT_3_04208	gene	2055	betT			
ANT_3_04208	CDS	2055	betT		COG1292	High-affinity choline transport protein
ANT_3_04209	gene	588	betI_4			
ANT_3_04209	CDS	588	betI_4		COG1309	HTH-type transcriptional regulator BetI
ANT_3_04210	gene	1470	betB			
ANT_3_04210	CDS	1470	betB	1.2.1.8	COG1012	NAD/NADP-dependent betaine aldehyde dehydrogenase
ANT_3_04211	gene	1686	betA			
ANT_3_04211	CDS	1686	betA	1.1.99.1	COG2303	Oxygen-dependent choline dehydrogenase
ANT_3_04212	gene	459	elaA			
ANT_3_04212	CDS	459	elaA		COG2153	Protein ElaA
ANT_3_04213	gene	930	dmlR_13			
ANT_3_04213	CDS	930	dmlR_13			HTH-type transcriptional regulator DmlR
ANT_3_04214	gene	438				
ANT_3_04214	CDS	438				hypothetical protein
ANT_3_04215	gene	453				
ANT_3_04215	CDS	453				hypothetical protein
ANT_3_04216	gene	459				
ANT_3_04216	CDS	459				hypothetical protein
ANT_3_04217	gene	462				
ANT_3_04217	CDS	462				hypothetical protein
ANT_3_04218	gene	855	tsx			
ANT_3_04218	CDS	855	tsx		COG3248	Nucleoside-specific channel-forming protein Tsx
ANT_3_04219	gene	1593	ybiT			
ANT_3_04219	CDS	1593	ybiT		COG0488	putative ABC transporter ATP-binding protein YbiT
ANT_3_04220	gene	762	moeB			
ANT_3_04220	CDS	762	moeB	2.7.7.80	COG0476	Molybdopterin-synthase adenylyltransferase
ANT_3_04221	gene	1242	moeA			
ANT_3_04221	CDS	1242	moeA	2.10.1.1	COG0303	Molybdopterin molybdenumtransferase
ANT_3_04222	gene	234	glpR_2			
ANT_3_04222	CDS	234	glpR_2		COG1349	Glycerol-3-phosphate regulon repressor
ANT_3_04223	gene	1197	tsgA_1			
ANT_3_04223	CDS	1197	tsgA_1		COG0477	Protein TsgA
ANT_3_04224	gene	834	xapA			
ANT_3_04224	CDS	834	xapA	2.4.2.1	COG0005	Purine nucleoside phosphorylase 2
ANT_3_04225	gene	909	tfdR			
ANT_3_04225	CDS	909	tfdR			HTH-type transcriptional regulator TdfR
ANT_3_04226	gene	1200	tsgA_2			
ANT_3_04226	CDS	1200	tsgA_2		COG0477	Protein TsgA
ANT_3_04227	gene	1005	iaaA			
ANT_3_04227	CDS	1005	iaaA	3.4.19.5	COG1446	Isoaspartyl peptidase
ANT_3_04228	gene	1857	gsiA_9			
ANT_3_04228	CDS	1857	gsiA_9	7.4.2.10	COG1123	Glutathione import ATP-binding protein GsiA
ANT_3_04229	gene	1557	gsiB_6			
ANT_3_04229	CDS	1557	gsiB_6		COG0747	Glutathione-binding protein GsiB
ANT_3_04230	gene	921	gsiC_9			
ANT_3_04230	CDS	921	gsiC_9		COG0601	Glutathione transport system permease protein GsiC
ANT_3_04231	gene	915	gsiD_5			
ANT_3_04231	CDS	915	gsiD_5		COG1173	Glutathione transport system permease protein GsiD
ANT_3_04232	gene	858	yeiG			
ANT_3_04232	CDS	858	yeiG	3.1.2.12	COG0627	S-formylglutathione hydrolase YeiG
ANT_3_04233	gene	1125	frmA			
ANT_3_04233	CDS	1125	frmA	1.1.1.284	COG1062	S-(hydroxymethyl)glutathione dehydrogenase
ANT_3_04234	gene	930	gltR			
ANT_3_04234	CDS	930	gltR		COG0583	HTH-type transcriptional regulator GltR
ANT_3_04235	gene	1128				
ANT_3_04235	CDS	1128				hypothetical protein
ANT_3_04236	gene	666	folE			
ANT_3_04236	CDS	666	folE	3.5.4.16	COG0302	GTP cyclohydrolase 1
ANT_3_04237	gene	1155				
ANT_3_04237	CDS	1155				hypothetical protein
ANT_3_04238	gene	120				
ANT_3_04238	CDS	120				hypothetical protein
ANT_3_04239	gene	1032	galS_2			
ANT_3_04239	CDS	1032	galS_2		COG1609	HTH-type transcriptional regulator GalS
ANT_3_04240	gene	999	mglB			
ANT_3_04240	CDS	999	mglB		COG1879	D-galactose-binding periplasmic protein
ANT_3_04241	gene	1536	mglA_3			
ANT_3_04241	CDS	1536	mglA_3	7.5.2.11	COG1129	Galactose/methyl galactoside import ATP-binding protein MglA
ANT_3_04242	gene	1011	mglC			
ANT_3_04242	CDS	1011	mglC		COG4211	Galactoside transport system permease protein MglC
ANT_3_04243	gene	936				
ANT_3_04243	CDS	936				hypothetical protein
ANT_3_04244	gene	1698	maeA			
ANT_3_04244	CDS	1698	maeA	1.1.1.38	COG0281	NAD-dependent malic enzyme
ANT_3_04245	gene	891	cdd			
ANT_3_04245	CDS	891	cdd	3.5.4.5	COG0295	Cytidine deaminase
ANT_3_04246	gene	735	artJ			
ANT_3_04246	CDS	735	artJ		COG0834	ABC transporter arginine-binding protein 1
ANT_3_04247	gene	669	artM_5			
ANT_3_04247	CDS	669	artM_5		COG4160	Arginine ABC transporter permease protein ArtM
ANT_3_04248	gene	717	artQ			
ANT_3_04248	CDS	717	artQ		COG4215	Arginine ABC transporter permease protein ArtQ
ANT_3_04249	gene	732	artI			
ANT_3_04249	CDS	732	artI		COG0834	Putative ABC transporter arginine-binding protein 2
ANT_3_04250	gene	780	artP			
ANT_3_04250	CDS	780	artP	3.6.3.-	COG4161	Arginine transport ATP-binding protein ArtP
ANT_3_04251	gene	582	ybjP			
ANT_3_04251	CDS	582	ybjP			putative lipoprotein YbjP
ANT_3_04252	gene	327				
ANT_3_04252	CDS	327				hypothetical protein
ANT_3_04253	gene	849	amiD			
ANT_3_04253	CDS	849	amiD	3.5.1.28	COG3023	N-acetylmuramoyl-L-alanine amidase AmiD
ANT_3_04254	gene	1035	oleD			
ANT_3_04254	CDS	1035	oleD	1.1.1.412	COG0451	2-alkyl-3-oxoalkanoate reductase
ANT_3_04255	gene	1437				
ANT_3_04255	CDS	1437				hypothetical protein
ANT_3_04256	gene	1014	ltaE			
ANT_3_04256	CDS	1014	ltaE	4.1.2.48	COG2008	Low specificity L-threonine aldolase
ANT_3_04257	gene	1722	poxB			
ANT_3_04257	CDS	1722	poxB	1.2.5.1	COG0028	Pyruvate dehydrogenase [ubiquinone]
ANT_3_04258	gene	1014	hcr			
ANT_3_04258	CDS	1014	hcr	1.-.-.-	COG1018	NADH oxidoreductase HCR
ANT_3_04259	gene	1653	hcp			
ANT_3_04259	CDS	1653	hcp	1.7.99.1	COG1151	Hydroxylamine reductase
ANT_3_04260	gene	900	lysO_1			
ANT_3_04260	CDS	900	lysO_1		COG2431	Lysine exporter LysO
ANT_3_04261	gene	1734				
ANT_3_04261	CDS	1734				hypothetical protein
ANT_3_04262	gene	990				
ANT_3_04262	CDS	990			COG2990	putative protein
ANT_3_04263	gene	222	cspD			
ANT_3_04263	CDS	222	cspD		COG1278	Cold shock-like protein CspD
ANT_3_04264	gene	321	clpS			
ANT_3_04264	CDS	321	clpS		COG2127	ATP-dependent Clp protease adapter protein ClpS
ANT_3_04265	gene	2283	clpA			
ANT_3_04265	CDS	2283	clpA		COG0542	ATP-dependent Clp protease ATP-binding subunit ClpA
ANT_3_04266	gene	219	infA			
ANT_3_04266	CDS	219	infA		COG0361	Translation initiation factor IF-1
ANT_3_04267	gene	735	aat			
ANT_3_04267	CDS	735	aat	2.3.2.6	COG2360	Leucyl/phenylalanyl-tRNA--protein transferase
ANT_3_04268	gene	1722	btuD_12			
ANT_3_04268	CDS	1722	btuD_12	7.6.2.8		Vitamin B12 import ATP-binding protein BtuD
ANT_3_04269	gene	1686	cydD			
ANT_3_04269	CDS	1686	cydD		COG4988	ATP-binding/permease protein CydD
ANT_3_04270	gene	144				
ANT_3_04270	CDS	144				hypothetical protein
ANT_3_04271	gene	969	trxB			
ANT_3_04271	CDS	969	trxB	1.8.1.9	COG0492	Thioredoxin reductase
ANT_3_04272	gene	495	lrp_1			
ANT_3_04272	CDS	495	lrp_1		COG1522	Leucine-responsive regulatory protein
ANT_3_04273	gene	3489				
ANT_3_04273	CDS	3489				hypothetical protein
ANT_3_04274	gene	612	lolA_1			
ANT_3_04274	CDS	612	lolA_1		COG2834	Outer-membrane lipoprotein carrier protein
ANT_3_04275	gene	1344	rarA			
ANT_3_04275	CDS	1344	rarA		COG2256	Replication-associated recombination protein A
ANT_3_04276	gene	1293	serS			
ANT_3_04276	CDS	1293	serS	6.1.1.11	COG0172	Serine--tRNA ligase
ANT_3_04277	gene	2457	ynfE			
ANT_3_04277	CDS	2457	ynfE	1.8.99.-	COG0243	Putative dimethyl sulfoxide reductase chain YnfE
ANT_3_04278	gene	2448	dmsA_2			
ANT_3_04278	CDS	2448	dmsA_2	1.8.5.3	COG0243	Dimethyl sulfoxide reductase DmsA
ANT_3_04279	gene	618	dmsB			
ANT_3_04279	CDS	618	dmsB		COG0437	Anaerobic dimethyl sulfoxide reductase chain B
ANT_3_04280	gene	858	dmsC			
ANT_3_04280	CDS	858	dmsC		COG3302	Anaerobic dimethyl sulfoxide reductase chain C
ANT_3_04281	gene	612	dmsD			
ANT_3_04281	CDS	612	dmsD		COG3381	Tat proofreading chaperone DmsD
ANT_3_04282	gene	570	napF			
ANT_3_04282	CDS	570	napF		COG1145	Ferredoxin-type protein NapF
ANT_3_04283	gene	1146	ycaD_3			
ANT_3_04283	CDS	1146	ycaD_3			putative MFS-type transporter YcaD
ANT_3_04284	gene	741	pflA_2			
ANT_3_04284	CDS	741	pflA_2	1.97.1.4	COG1180	Pyruvate formate-lyase 1-activating enzyme
ANT_3_04285	gene	2283	pflB_2			
ANT_3_04285	CDS	2283	pflB_2	2.3.1.54	COG1882	Formate acetyltransferase 1
ANT_3_04286	gene	858	focA_3			
ANT_3_04286	CDS	858	focA_3		COG2116	putative formate transporter 1
ANT_3_04287	gene	1818	ycaO_2			
ANT_3_04287	CDS	1818	ycaO_2		COG1944	Ribosomal protein S12 methylthiotransferase accessory factor YcaO
ANT_3_04288	gene	1086	serC_3			
ANT_3_04288	CDS	1086	serC_3	2.6.1.52	COG1932	Phosphoserine aminotransferase
ANT_3_04289	gene	1284	aroA_2			
ANT_3_04289	CDS	1284	aroA_2	2.5.1.19	COG0128	3-phosphoshikimate 1-carboxyvinyltransferase
ANT_3_04290	gene	699	cmk_2			
ANT_3_04290	CDS	699	cmk_2	2.7.4.25		Cytidylate kinase
ANT_3_04291	gene	240				
ANT_3_04291	CDS	240				hypothetical protein
ANT_3_04292	gene	291				
ANT_3_04292	CDS	291				hypothetical protein
ANT_3_04293	gene	318				
ANT_3_04293	CDS	318				hypothetical protein
ANT_3_04294	gene	234				
ANT_3_04294	CDS	234				hypothetical protein
ANT_3_04295	gene	447				
ANT_3_04295	CDS	447				hypothetical protein
ANT_3_04296	gene	74				
ANT_3_04296	tRNA	74				tRNA-Asn(gtt)
ANT_3_04297	gene	258				
ANT_3_04297	CDS	258				hypothetical protein
ANT_3_04298	gene	924				
ANT_3_04298	CDS	924				hypothetical protein
ANT_3_04299	gene	549				
ANT_3_04299	CDS	549				hypothetical protein
ANT_3_04300	gene	540	hemG			
ANT_3_04300	CDS	540	hemG	1.3.5.3	COG4635	Protoporphyrinogen IX dehydrogenase [menaquinone]
ANT_3_04301	gene	1452	trkH			
ANT_3_04301	CDS	1452	trkH		COG0168	Trk system potassium uptake protein TrkH
ANT_3_04302	gene	612	yigZ			
ANT_3_04302	CDS	612	yigZ		COG1739	IMPACT family member YigZ
ANT_3_04303	gene	1332	pepQ			
ANT_3_04303	CDS	1332	pepQ	3.4.13.9	COG0006	Xaa-Pro dipeptidase
ANT_3_04304	gene	2193	fadB_2			
ANT_3_04304	CDS	2193	fadB_2		COG1024	Fatty acid oxidation complex subunit alpha
ANT_3_04305	gene	1164	fadA			
ANT_3_04305	CDS	1164	fadA	2.3.1.16	COG0183	3-ketoacyl-CoA thiolase FadA
ANT_3_04306	gene	702	fre			
ANT_3_04306	CDS	702	fre	1.5.1.41	COG0543	NAD(P)H-flavin reductase
ANT_3_04307	gene	1491	ubiD			
ANT_3_04307	CDS	1491	ubiD	4.1.1.98	COG0043	3-octaprenyl-4-hydroxybenzoate carboxy-lyase
ANT_3_04308	gene	726	pepE			
ANT_3_04308	CDS	726	pepE	3.4.13.21	COG3340	Peptidase E
ANT_3_04309	gene	540	rfaH			
ANT_3_04309	CDS	540	rfaH		COG0250	Transcription antitermination protein RfaH
ANT_3_04310	gene	789	tatD			
ANT_3_04310	CDS	789	tatD	3.1.11.-	COG0084	3'-5' ssDNA/RNA exonuclease TatD
ANT_3_04311	gene	768	tatC_2			
ANT_3_04311	CDS	768	tatC_2		COG0805	Sec-independent protein translocase protein TatC
ANT_3_04312	gene	678	tatB			
ANT_3_04312	CDS	678	tatB			Sec-independent protein translocase protein TatB
ANT_3_04313	gene	267	tatA_2			
ANT_3_04313	CDS	267	tatA_2		COG1826	Sec-independent protein translocase protein TatA
ANT_3_04314	gene	1632	ubiB			
ANT_3_04314	CDS	1632	ubiB	2.7.-.-	COG0661	putative protein kinase UbiB
ANT_3_04315	gene	609	ubiJ_2			
ANT_3_04315	CDS	609	ubiJ_2		COG3165	Ubiquinone biosynthesis accessory factor UbiJ
ANT_3_04316	gene	756	ubiE			
ANT_3_04316	CDS	756	ubiE	2.1.1.163	COG2226	Ubiquinone/menaquinone biosynthesis C-methyltransferase UbiE
ANT_3_04317	gene	1521				
ANT_3_04317	CDS	1521				hypothetical protein
ANT_3_04318	gene	528	yabI_1			
ANT_3_04318	CDS	528	yabI_1		COG0586	Inner membrane protein YabI
ANT_3_04319	gene	762	udp			
ANT_3_04319	CDS	762	udp	2.4.2.3	COG2820	Uridine phosphorylase
ANT_3_04320	gene	840				
ANT_3_04320	CDS	840				hypothetical protein
ANT_3_04321	gene	666	fsaA_2			
ANT_3_04321	CDS	666	fsaA_2	4.1.2.-	COG0176	Fructose-6-phosphate aldolase 1
ANT_3_04322	gene	2505	fryA_2			
ANT_3_04322	CDS	2505	fryA_2		COG1080	Multiphosphoryl transfer protein 1
ANT_3_04323	gene	1080	manP_3			
ANT_3_04323	CDS	1080	manP_3		COG1299	PTS system mannose-specific EIIBCA component
ANT_3_04324	gene	330	fryB_2			
ANT_3_04324	CDS	330	fryB_2	2.7.1.202	COG1445	PTS system fructose-like EIIB component 1
ANT_3_04325	gene	2298	cutC_3			
ANT_3_04325	CDS	2298	cutC_3	4.3.99.4	COG1882	Choline trimethylamine-lyase
ANT_3_04326	gene	906	bssD			
ANT_3_04326	CDS	906	bssD	1.97.1.-		Benzylsuccinate synthase activating enzyme
ANT_3_04327	gene	345	frwD_2			
ANT_3_04327	CDS	345	frwD_2	2.7.1.202	COG1445	PTS system fructose-like EIIB component 3
ANT_3_04328	gene	864	rhaR_14			
ANT_3_04328	CDS	864	rhaR_14			HTH-type transcriptional activator RhaR
ANT_3_04329	gene	765	bacC_1			
ANT_3_04329	CDS	765	bacC_1	1.1.1.385		Dihydroanticapsin 7-dehydrogenase
ANT_3_04330	gene	2280	metE_2			
ANT_3_04330	CDS	2280	metE_2	2.1.1.14	COG0620	5-methyltetrahydropteroyltriglutamate--homocysteine methyltransferase
ANT_3_04331	gene	936	metR			
ANT_3_04331	CDS	936	metR			HTH-type transcriptional regulator MetR
ANT_3_04332	gene	900	bioP			
ANT_3_04332	CDS	900	bioP		COG0697	Biotin transporter
ANT_3_04333	gene	303				
ANT_3_04333	CDS	303				hypothetical protein
ANT_3_04334	gene	741	ugpQ			
ANT_3_04334	CDS	741	ugpQ	3.1.4.46	COG0584	Glycerophosphodiester phosphodiesterase, cytoplasmic
ANT_3_04335	gene	1074	ugpC_3			
ANT_3_04335	CDS	1074	ugpC_3	7.6.2.10	COG3839	sn-glycerol-3-phosphate import ATP-binding protein UgpC
ANT_3_04336	gene	846	araQ_3			
ANT_3_04336	CDS	846	araQ_3		COG0395	L-arabinose transport system permease protein AraQ
ANT_3_04337	gene	888	ugpA_3			
ANT_3_04337	CDS	888	ugpA_3		COG1175	sn-glycerol-3-phosphate transport system permease protein UgpA
ANT_3_04338	gene	1314	ugpB_3			
ANT_3_04338	CDS	1314	ugpB_3		COG1653	sn-glycerol-3-phosphate-binding periplasmic protein UgpB
ANT_3_04339	gene	1188	lysN_2			
ANT_3_04339	CDS	1188	lysN_2	2.6.1.39	COG1167	2-aminoadipate transaminase
ANT_3_04340	gene	702	livF_4			
ANT_3_04340	CDS	702	livF_4		COG0410	High-affinity branched-chain amino acid transport ATP-binding protein LivF
ANT_3_04341	gene	771	lptB_2			
ANT_3_04341	CDS	771	lptB_2	3.6.3.-	COG1137	Lipopolysaccharide export system ATP-binding protein LptB
ANT_3_04342	gene	1290				
ANT_3_04342	CDS	1290				hypothetical protein
ANT_3_04343	gene	927	livH_3			
ANT_3_04343	CDS	927	livH_3		COG0559	High-affinity branched-chain amino acid transport system permease protein LivH
ANT_3_04344	gene	1113	livJ_2			
ANT_3_04344	CDS	1113	livJ_2		COG0683	Leu/Ile/Val/Thr-binding protein
ANT_3_04345	gene	381	panM			
ANT_3_04345	CDS	381	panM			PanD regulatory factor
ANT_3_04346	gene	858	rpoH			
ANT_3_04346	CDS	858	rpoH		COG0568	RNA polymerase sigma factor RpoH
ANT_3_04347	gene	981	ftsX			
ANT_3_04347	CDS	981	ftsX		COG2177	Cell division protein FtsX
ANT_3_04348	gene	663	ftsE_2			
ANT_3_04348	CDS	663	ftsE_2		COG2884	Cell division ATP-binding protein FtsE
ANT_3_04349	gene	1398	ftsY			
ANT_3_04349	CDS	1398	ftsY		COG0552	Signal recognition particle receptor FtsY
ANT_3_04350	gene	612	rsmD			
ANT_3_04350	CDS	612	rsmD	2.1.1.171	COG0742	Ribosomal RNA small subunit methyltransferase D
ANT_3_04351	gene	279				
ANT_3_04351	CDS	279				hypothetical protein
ANT_3_04352	gene	627				
ANT_3_04352	CDS	627				hypothetical protein
ANT_3_04353	gene	2370	zntA			
ANT_3_04353	CDS	2370	zntA	3.6.3.3		Zinc/cadmium/lead-transporting P-type ATPase
ANT_3_04354	gene	261	tusA			
ANT_3_04354	CDS	261	tusA		COG0425	Sulfur carrier protein TusA
ANT_3_04355	gene	672	yhhQ			
ANT_3_04355	CDS	672	yhhQ		COG1738	Queuosine precursor transporter
ANT_3_04356	gene	567				
ANT_3_04356	CDS	567				hypothetical protein
ANT_3_04357	gene	810	yigL			
ANT_3_04357	CDS	810	yigL	3.1.3.74	COG0561	Pyridoxal phosphate phosphatase YigL
ANT_3_04358	gene	993	pldB			
ANT_3_04358	CDS	993	pldB	3.1.1.5	COG2267	Lysophospholipase L2
ANT_3_04359	gene	621	rhtB_1			
ANT_3_04359	CDS	621	rhtB_1		COG1280	Homoserine/homoserine lactone efflux protein
ANT_3_04360	gene	618	rhtC_2			
ANT_3_04360	CDS	618	rhtC_2		COG1280	Threonine efflux protein
ANT_3_04361	gene	1833	recQ			
ANT_3_04361	CDS	1833	recQ	3.6.4.12	COG0514	ATP-dependent DNA helicase RecQ
ANT_3_04362	gene	879	pldA			
ANT_3_04362	CDS	879	pldA	3.1.1.32	COG2829	Phospholipase A1
ANT_3_04363	gene	483				
ANT_3_04363	CDS	483				hypothetical protein
ANT_3_04364	gene	915	rarD			
ANT_3_04364	CDS	915	rarD		COG2962	Protein RarD
ANT_3_04365	gene	1068				
ANT_3_04365	CDS	1068				hypothetical protein
ANT_3_04366	gene	951	corA_2			
ANT_3_04366	CDS	951	corA_2		COG0598	Magnesium transport protein CorA
ANT_3_04367	gene	477				
ANT_3_04367	CDS	477				hypothetical protein
ANT_3_04368	gene	2166	uvrD			
ANT_3_04368	CDS	2166	uvrD	3.6.4.12	COG0210	DNA helicase II
ANT_3_04369	gene	717	yigB			
ANT_3_04369	CDS	717	yigB	3.1.3.104	COG1011	5-amino-6-(5-phospho-D-ribitylamino)uracil phosphatase YigB
ANT_3_04370	gene	912	xerC_2			
ANT_3_04370	CDS	912	xerC_2		COG4973	Tyrosine recombinase XerC
ANT_3_04371	gene	705				
ANT_3_04371	CDS	705				hypothetical protein
ANT_3_04372	gene	825	dapF_2			
ANT_3_04372	CDS	825	dapF_2	5.1.1.7	COG0253	Diaminopimelate epimerase
ANT_3_04373	gene	2559	cyaA			
ANT_3_04373	CDS	2559	cyaA	4.6.1.1	COG3072	Adenylate cyclase
ANT_3_04374	gene	942	hemC			
ANT_3_04374	CDS	942	hemC	2.5.1.61	COG0181	Porphobilinogen deaminase
ANT_3_04375	gene	750	hemD			
ANT_3_04375	CDS	750	hemD	4.2.1.75	COG1587	Uroporphyrinogen-III synthase
ANT_3_04376	gene	1152	hemX			
ANT_3_04376	CDS	1152	hemX		COG2959	Protein HemX
ANT_3_04377	gene	1197	hemY			
ANT_3_04377	CDS	1197	hemY		COG3071	Protein HemY
ANT_3_04378	gene	138				
ANT_3_04378	CDS	138				hypothetical protein
ANT_3_04379	gene	77				
ANT_3_04379	tRNA	77				tRNA-Pro(tgg)
ANT_3_04380	gene	86				
ANT_3_04380	tRNA	86				tRNA-Leu(cag)
ANT_3_04381	gene	76				
ANT_3_04381	tRNA	76				tRNA-His(gtg)
ANT_3_04382	gene	77				
ANT_3_04382	tRNA	77				tRNA-Arg(ccg)
ANT_3_04383	gene	1395	yifK			
ANT_3_04383	CDS	1395	yifK		COG1113	putative transport protein YifK
ANT_3_04384	gene	741	wecG			
ANT_3_04384	CDS	741	wecG	2.4.1.180	COG1922	UDP-N-acetyl-D-mannosaminuronic acid transferase
ANT_3_04385	gene	1380	wzyE			
ANT_3_04385	CDS	1380	wzyE			putative ECA polymerase
ANT_3_04386	gene	1098	wecF			
ANT_3_04386	CDS	1098	wecF	2.4.1.325		TDP-N-acetylfucosamine:lipid II N-acetylfucosaminyltransferase
ANT_3_04387	gene	1251	wzxE			
ANT_3_04387	CDS	1251	wzxE		COG2244	Lipid III flippase
ANT_3_04388	gene	1131	wecE			
ANT_3_04388	CDS	1131	wecE	2.6.1.59	COG0399	dTDP-4-amino-4,6-dideoxygalactose transaminase
ANT_3_04389	gene	699	wecD			
ANT_3_04389	CDS	699	wecD	2.3.1.210	COG0454	dTDP-fucosamine acetyltransferase
ANT_3_04390	gene	882	rffH			
ANT_3_04390	CDS	882	rffH	2.7.7.24	COG1209	Glucose-1-phosphate thymidylyltransferase 2
ANT_3_04391	gene	1074	rffG			
ANT_3_04391	CDS	1074	rffG	4.2.1.46	COG1088	dTDP-glucose 4,6-dehydratase 2
ANT_3_04392	gene	1263	wecC			
ANT_3_04392	CDS	1263	wecC	1.1.1.336	COG0677	UDP-N-acetyl-D-mannosamine dehydrogenase
ANT_3_04393	gene	1131	wecB			
ANT_3_04393	CDS	1131	wecB	5.1.3.14	COG0381	UDP-N-acetylglucosamine 2-epimerase
ANT_3_04394	gene	1053	wzzE			
ANT_3_04394	CDS	1053	wzzE		COG3765	ECA polysaccharide chain length modulation protein
ANT_3_04395	gene	1071	wecA			
ANT_3_04395	CDS	1071	wecA	2.7.8.33	COG0472	Undecaprenyl-phosphate alpha-N-acetylglucosaminyl 1-phosphate transferase
ANT_3_04396	gene	177				
ANT_3_04396	CDS	177				hypothetical protein
ANT_3_04397	gene	1260	rho			
ANT_3_04397	CDS	1260	rho	3.6.4.-	COG1158	Transcription termination factor Rho
ANT_3_04398	gene	216	trxA			
ANT_3_04398	CDS	216	trxA		COG0526	Thioredoxin 1
ANT_3_04399	gene	219				
ANT_3_04399	CDS	219				hypothetical protein
ANT_3_04400	gene	1725				
ANT_3_04400	CDS	1725				hypothetical protein
ANT_3_04401	gene	813				
ANT_3_04401	CDS	813				hypothetical protein
ANT_3_04402	gene	96				
ANT_3_04402	CDS	96				hypothetical protein
ANT_3_04403	gene	243				
ANT_3_04403	CDS	243				hypothetical protein
ANT_3_04404	gene	508				
ANT_3_04404	rRNA	508				16S ribosomal RNA (partial)
ANT_3_04405	gene	1254				
ANT_3_04405	CDS	1254				hypothetical protein
ANT_3_04406	gene	258				
ANT_3_04406	CDS	258				hypothetical protein
ANT_3_04407	gene	237				
ANT_3_04407	CDS	237				hypothetical protein
ANT_3_04408	gene	348				
ANT_3_04408	CDS	348				hypothetical protein
ANT_3_04409	gene	441				
ANT_3_04409	CDS	441				hypothetical protein
ANT_3_04410	gene	180				
ANT_3_04410	CDS	180				hypothetical protein
ANT_3_04411	gene	873				
ANT_3_04411	CDS	873				hypothetical protein
ANT_3_04412	gene	312				
ANT_3_04412	CDS	312				IS3 family transposase ISVch4
ANT_3_04413	gene	678				
ANT_3_04413	CDS	678				IS3 family transposase ISSlo2
ANT_3_04414	gene	3204				
ANT_3_04414	CDS	3204				hypothetical protein
ANT_3_04415	gene	3021				
ANT_3_04415	CDS	3021				hypothetical protein
ANT_3_04416	gene	1257	intA_3			
ANT_3_04416	CDS	1257	intA_3		COG0582	Prophage integrase IntA
ANT_3_04417	gene	85				
ANT_3_04417	tRNA	85				tRNA-Leu(caa)
ANT_3_04418	gene	1140	ampH			
ANT_3_04418	CDS	1140	ampH	3.4.-.-	COG1680	D-alanyl-D-alanine-carboxypeptidase/endopeptidase AmpH
ANT_3_04419	gene	1071	lptG			
ANT_3_04419	CDS	1071	lptG		COG0795	Lipopolysaccharide export system permease protein LptG
ANT_3_04420	gene	1095	lptF			
ANT_3_04420	CDS	1095	lptF		COG0795	Lipopolysaccharide export system permease protein LptF
ANT_3_04421	gene	1512	pepA			
ANT_3_04421	CDS	1512	pepA	3.4.11.1	COG0260	Cytosol aminopeptidase
ANT_3_04422	gene	486	holC			
ANT_3_04422	CDS	486	holC	2.7.7.7	COG2927	DNA polymerase III subunit chi
ANT_3_04423	gene	2856	valS			
ANT_3_04423	CDS	2856	valS	6.1.1.9	COG0525	Valine--tRNA ligase
ANT_3_04424	gene	504				
ANT_3_04424	CDS	504				hypothetical protein
ANT_3_04425	gene	741	glvR			
ANT_3_04425	CDS	741	glvR		COG1737	HTH-type transcriptional regulator GlvR
ANT_3_04426	gene	1533	bglF_4			
ANT_3_04426	CDS	1533	bglF_4		COG1263	PTS system beta-glucoside-specific EIIBCA component
ANT_3_04427	gene	1434	bglA			
ANT_3_04427	CDS	1434	bglA	3.2.1.86	COG2723	6-phospho-beta-glucosidase BglA
ANT_3_04428	gene	1560				
ANT_3_04428	CDS	1560		3.2.1.-		Beta-xylosidase
ANT_3_04429	gene	1431	yicJ_6			
ANT_3_04429	CDS	1431	yicJ_6		COG2211	Inner membrane symporter YicJ
ANT_3_04430	gene	423	rraB			
ANT_3_04430	CDS	423	rraB		COG3076	Regulator of ribonuclease activity B
ANT_3_04431	gene	1008	argI			
ANT_3_04431	CDS	1008	argI	2.1.3.3	COG0078	Ornithine carbamoyltransferase subunit I
ANT_3_04432	gene	1776	ycjM			
ANT_3_04432	CDS	1776	ycjM	2.4.1.352	COG0366	Glucosylglycerate phosphorylase
ANT_3_04433	gene	471	tabA_2			
ANT_3_04433	CDS	471	tabA_2		COG2731	Toxin-antitoxin biofilm protein TabA
ANT_3_04434	gene	195				
ANT_3_04434	CDS	195				hypothetical protein
ANT_3_04435	gene	936	pyrB			
ANT_3_04435	CDS	936	pyrB	2.1.3.2	COG0540	Aspartate carbamoyltransferase
ANT_3_04436	gene	465	pyrI			
ANT_3_04436	CDS	465	pyrI		COG1781	Aspartate carbamoyltransferase regulatory chain
ANT_3_04437	gene	387	ridA			
ANT_3_04437	CDS	387	ridA	3.5.99.10	COG0251	2-iminobutanoate/2-iminopropanoate deaminase
ANT_3_04438	gene	1452				
ANT_3_04438	CDS	1452			COG2308	putative protein
ANT_3_04439	gene	942				
ANT_3_04439	CDS	942				hypothetical protein
ANT_3_04440	gene	795				
ANT_3_04440	CDS	795			COG1305	putative protein
ANT_3_04441	gene	732				
ANT_3_04441	CDS	732				hypothetical protein
ANT_3_04442	gene	564	ygjV			
ANT_3_04442	CDS	564	ygjV			Inner membrane protein YgjV
ANT_3_04443	gene	1491	uxaA			
ANT_3_04443	CDS	1491	uxaA	4.2.1.7	COG2721	Altronate dehydratase
ANT_3_04444	gene	1452	uxaB			
ANT_3_04444	CDS	1452	uxaB	1.1.1.58	COG0246	Altronate oxidoreductase
ANT_3_04445	gene	1413	uxaC			
ANT_3_04445	CDS	1413	uxaC	5.3.1.12	COG1904	Uronate isomerase
ANT_3_04446	gene	1293	exuT_6			
ANT_3_04446	CDS	1293	exuT_6			Hexuronate transporter
ANT_3_04447	gene	777	lutR_3			
ANT_3_04447	CDS	777	lutR_3		COG2186	HTH-type transcriptional regulator LutR
ANT_3_04448	gene	684	yqjA			
ANT_3_04448	CDS	684	yqjA		COG0586	Inner membrane protein YqjA
ANT_3_04449	gene	384	mzrA			
ANT_3_04449	CDS	384	mzrA			Modulator protein MzrA
ANT_3_04450	gene	378	yqjC			
ANT_3_04450	CDS	378	yqjC			Protein YqjC
ANT_3_04451	gene	303	yqjD_2			
ANT_3_04451	CDS	303	yqjD_2		COG4575	putative protein YqjD
ANT_3_04452	gene	405	yqjE			
ANT_3_04452	CDS	405	yqjE		COG5393	Inner membrane protein YqjE
ANT_3_04453	gene	285				
ANT_3_04453	CDS	285				hypothetical protein
ANT_3_04454	gene	393	yqjF			
ANT_3_04454	CDS	393	yqjF		COG2259	Inner membrane protein YqjF
ANT_3_04455	gene	987	yqjG_2			
ANT_3_04455	CDS	987	yqjG_2	1.8.5.7	COG0435	Glutathionyl-hydroquinone reductase YqjG
ANT_3_04456	gene	906	yhaJ_2			
ANT_3_04456	CDS	906	yhaJ_2			HTH-type transcriptional regulator YhaJ
ANT_3_04457	gene	705	yhaK			
ANT_3_04457	CDS	705	yhaK		COG1741	Pirin-like protein YhaK
ANT_3_04458	gene	870	rsmI			
ANT_3_04458	CDS	870	rsmI	2.1.1.198	COG0313	Ribosomal RNA small subunit methyltransferase I
ANT_3_04459	gene	2025	lpoA			
ANT_3_04459	CDS	2025	lpoA		COG3107	Penicillin-binding protein activator LpoA
ANT_3_04460	gene	369				
ANT_3_04460	CDS	369				hypothetical protein
ANT_3_04461	gene	591	diaA			
ANT_3_04461	CDS	591	diaA		COG0279	DnaA initiator-associating protein DiaA
ANT_3_04462	gene	576	osmY_2			
ANT_3_04462	CDS	576	osmY_2		COG2823	Osmotically-inducible protein Y
ANT_3_04463	gene	723	mtgA			
ANT_3_04463	CDS	723	mtgA	2.4.1.129	COG0744	Biosynthetic peptidoglycan transglycosylase
ANT_3_04464	gene	144				
ANT_3_04464	CDS	144				hypothetical protein
ANT_3_04465	gene	2343	arcB			
ANT_3_04465	CDS	2343	arcB	2.7.13.3	COG0642	Aerobic respiration control sensor protein ArcB
ANT_3_04466	gene	4458	gltB			
ANT_3_04466	CDS	4458	gltB	1.4.1.13	COG0067	Glutamate synthase [NADPH] large chain
ANT_3_04467	gene	1419	gltD			
ANT_3_04467	CDS	1419	gltD	1.4.1.13	COG0493	Glutamate synthase [NADPH] small chain
ANT_3_04468	gene	495	sspB			
ANT_3_04468	CDS	495	sspB		COG2969	Stringent starvation protein B
ANT_3_04469	gene	642	sspA			
ANT_3_04469	CDS	642	sspA		COG0625	Stringent starvation protein A
ANT_3_04470	gene	393	rpsI			
ANT_3_04470	CDS	393	rpsI		COG0103	30S ribosomal protein S9
ANT_3_04471	gene	429	rplM			
ANT_3_04471	CDS	429	rplM		COG0102	50S ribosomal protein L13
ANT_3_04472	gene	1140	zapE			
ANT_3_04472	CDS	1140	zapE		COG1485	Cell division protein ZapE
ANT_3_04473	gene	402	yhcB			
ANT_3_04473	CDS	402	yhcB		COG3105	Inner membrane protein YhcB
ANT_3_04474	gene	1368	degQ			
ANT_3_04474	CDS	1368	degQ	3.4.21.107	COG0265	Periplasmic pH-dependent serine endoprotease DegQ
ANT_3_04475	gene	1134	degS			
ANT_3_04475	CDS	1134	degS	3.4.21.107	COG0265	Serine endoprotease DegS
ANT_3_04476	gene	1260	murA			
ANT_3_04476	CDS	1260	murA	2.5.1.7	COG0766	UDP-N-acetylglucosamine 1-carboxyvinyltransferase
ANT_3_04477	gene	255	ibaG			
ANT_3_04477	CDS	255	ibaG		COG5007	Acid stress protein IbaG
ANT_3_04478	gene	309	mlaB			
ANT_3_04478	CDS	309	mlaB		COG3113	Intermembrane phospholipid transport system binding protein MlaB
ANT_3_04479	gene	633	mlaC			
ANT_3_04479	CDS	633	mlaC		COG2854	Intermembrane phospholipid transport system binding protein MlaC
ANT_3_04480	gene	549	mlaD			
ANT_3_04480	CDS	549	mlaD		COG1463	Intermembrane phospholipid transport system binding protein MlaD
ANT_3_04481	gene	798	mlaE			
ANT_3_04481	CDS	798	mlaE		COG0767	Intermembrane phospholipid transport system permease protein MlaE
ANT_3_04482	gene	804	mlaF			
ANT_3_04482	CDS	804	mlaF	3.6.3.-	COG1127	Intermembrane phospholipid transport system ATP-binding protein MlaF
ANT_3_04483	gene	978	yrbG			
ANT_3_04483	CDS	978	yrbG		COG0530	Inner membrane protein YrbG
ANT_3_04484	gene	987	kdsD			
ANT_3_04484	CDS	987	kdsD	5.3.1.13	COG0517	Arabinose 5-phosphate isomerase KdsD
ANT_3_04485	gene	567	kdsC			
ANT_3_04485	CDS	567	kdsC	3.1.3.45	COG1778	3-deoxy-D-manno-octulosonate 8-phosphate phosphatase KdsC
ANT_3_04486	gene	570	lptC			
ANT_3_04486	CDS	570	lptC		COG3117	Lipopolysaccharide export system protein LptC
ANT_3_04487	gene	558	lptA			
ANT_3_04487	CDS	558	lptA		COG1934	Lipopolysaccharide export system protein LptA
ANT_3_04488	gene	726	lptB_3			
ANT_3_04488	CDS	726	lptB_3	3.6.3.-	COG1137	Lipopolysaccharide export system ATP-binding protein LptB
ANT_3_04489	gene	1434	rpoN			
ANT_3_04489	CDS	1434	rpoN		COG1508	RNA polymerase sigma-54 factor
ANT_3_04490	gene	288	hpf			
ANT_3_04490	CDS	288	hpf		COG1544	Ribosome hibernation promoting factor
ANT_3_04491	gene	471	ptsN			
ANT_3_04491	CDS	471	ptsN		COG1762	Nitrogen regulatory protein
ANT_3_04492	gene	855	rapZ			
ANT_3_04492	CDS	855	rapZ		COG1660	RNase adapter protein RapZ
ANT_3_04493	gene	273	ptsO			
ANT_3_04493	CDS	273	ptsO		COG1925	Phosphocarrier protein NPr
ANT_3_04494	gene	1920	licR			
ANT_3_04494	CDS	1920	licR		COG1762	putative licABCH operon regulator
ANT_3_04495	gene	741	dgaF			
ANT_3_04495	CDS	741	dgaF	4.1.2.14		2-dehydro-3-deoxy-phosphogluconate aldolase
ANT_3_04496	gene	1128	dgaE			
ANT_3_04496	CDS	1128	dgaE	4.3.1.29		D-glucosaminate-6-phosphate ammonia lyase
ANT_3_04497	gene	1134				
ANT_3_04497	CDS	1134		3.1.1.-	COG3964	Deacetylase
ANT_3_04498	gene	648				
ANT_3_04498	CDS	648				hypothetical protein
ANT_3_04499	gene	777				
ANT_3_04499	CDS	777				hypothetical protein
ANT_3_04500	gene	300				
ANT_3_04500	CDS	300				hypothetical protein
ANT_3_04501	gene	366				
ANT_3_04501	CDS	366				hypothetical protein
ANT_3_04502	gene	351				
ANT_3_04502	CDS	351				hypothetical protein
ANT_3_04503	gene	411	rnk			
ANT_3_04503	CDS	411	rnk		COG0782	Regulator of nucleoside diphosphate kinase
ANT_3_04504	gene	387	cybC			
ANT_3_04504	CDS	387	cybC		COG3783	Soluble cytochrome b562
ANT_3_04505	gene	1341	pmbA			
ANT_3_04505	CDS	1341	pmbA	3.4.-.-	COG0312	Metalloprotease PmbA
ANT_3_04506	gene	552				
ANT_3_04506	CDS	552				hypothetical protein
ANT_3_04507	gene	294	yhcO			
ANT_3_04507	CDS	294	yhcO		COG2732	putative protein YhcO
ANT_3_04508	gene	450				
ANT_3_04508	CDS	450		3.1.27.-		Ribonuclease
ANT_3_04509	gene	1599	yveA			
ANT_3_04509	CDS	1599	yveA		COG0531	Aspartate-proton symporter
ANT_3_04510	gene	582	lacA_2			
ANT_3_04510	CDS	582	lacA_2	2.3.1.18	COG0110	Galactoside O-acetyltransferase
ANT_3_04511	gene	1959	aaeB_4			
ANT_3_04511	CDS	1959	aaeB_4		COG1289	p-hydroxybenzoic acid efflux pump subunit AaeB
ANT_3_04512	gene	936	aaeA_3			
ANT_3_04512	CDS	936	aaeA_3		COG1566	p-hydroxybenzoic acid efflux pump subunit AaeA
ANT_3_04513	gene	204	aaeX			
ANT_3_04513	CDS	204	aaeX			Protein AaeX
ANT_3_04514	gene	951	dmlR_14			
ANT_3_04514	CDS	951	dmlR_14			HTH-type transcriptional regulator DmlR
ANT_3_04515	gene	1446	tldD			
ANT_3_04515	CDS	1446	tldD	3.4.-.-	COG0312	Metalloprotease TldD
ANT_3_04516	gene	3828				
ANT_3_04516	CDS	3828				hypothetical protein
ANT_3_04517	gene	1470	rng			
ANT_3_04517	CDS	1470	rng	3.1.26.-	COG1530	Ribonuclease G
ANT_3_04518	gene	594	yhdE			
ANT_3_04518	CDS	594	yhdE	3.6.1.9	COG0424	dTTP/UTP pyrophosphatase
ANT_3_04519	gene	489	mreD			
ANT_3_04519	CDS	489	mreD		COG2891	Rod shape-determining protein MreD
ANT_3_04520	gene	1008	mreC			
ANT_3_04520	CDS	1008	mreC		COG1792	Cell shape-determining protein MreC
ANT_3_04521	gene	1044	mreB			
ANT_3_04521	CDS	1044	mreB		COG1077	Cell shape-determining protein MreB
ANT_3_04522	gene	1935	csrD			
ANT_3_04522	CDS	1935	csrD			RNase E specificity factor CsrD
ANT_3_04523	gene	1002	msrP			
ANT_3_04523	CDS	1002	msrP	1.8.5.-	COG2041	Protein-methionine-sulfoxide reductase catalytic subunit MsrP
ANT_3_04524	gene	603	msrQ			
ANT_3_04524	CDS	603	msrQ		COG2717	Protein-methionine-sulfoxide reductase heme-binding subunit MsrQ
ANT_3_04525	gene	453	aroQ_2			
ANT_3_04525	CDS	453	aroQ_2	4.2.1.10	COG0757	3-dehydroquinate dehydratase
ANT_3_04526	gene	465	accB			
ANT_3_04526	CDS	465	accB		COG0511	Biotin carboxyl carrier protein of acetyl-CoA carboxylase
ANT_3_04527	gene	1350	accC			
ANT_3_04527	CDS	1350	accC	6.3.4.14	COG0439	Biotin carboxylase
ANT_3_04528	gene	249	yhdT			
ANT_3_04528	CDS	249	yhdT		COG3924	putative membrane protein YhdT
ANT_3_04529	gene	1446	panF			
ANT_3_04529	CDS	1446	panF		COG4145	Sodium/pantothenate symporter
ANT_3_04530	gene	885	prmA			
ANT_3_04530	CDS	885	prmA	2.1.1.-	COG2264	Ribosomal protein L11 methyltransferase
ANT_3_04531	gene	738	cah			
ANT_3_04531	CDS	738	cah	4.2.1.1	COG3338	Carbonic anhydrase
ANT_3_04532	gene	861	dusB			
ANT_3_04532	CDS	861	dusB	1.3.1.-	COG0042	tRNA-dihydrouridine synthase B
ANT_3_04533	gene	297	fis			
ANT_3_04533	CDS	297	fis		COG2901	DNA-binding protein Fis
ANT_3_04534	gene	432				
ANT_3_04534	CDS	432				hypothetical protein
ANT_3_04535	gene	921	lpxP			
ANT_3_04535	CDS	921	lpxP	2.3.1.242	COG1560	Lipid A biosynthesis palmitoleoyltransferase
ANT_3_04536	gene	177				
ANT_3_04536	CDS	177				hypothetical protein
ANT_3_04537	gene	687	pyrG_3			
ANT_3_04537	CDS	687	pyrG_3	6.3.4.2		CTP synthase
ANT_3_04538	gene	1026	yhdW			
ANT_3_04538	CDS	1026	yhdW			Putative amino-acid ABC transporter-binding protein YhdW
ANT_3_04539	gene	1179				
ANT_3_04539	CDS	1179				hypothetical protein
ANT_3_04540	gene	1110	yhdY			
ANT_3_04540	CDS	1110	yhdY		COG0765	Inner membrane amino-acid ABC transporter permease protein YhdY
ANT_3_04541	gene	762	glnQ_9			
ANT_3_04541	CDS	762	glnQ_9			Glutamine transport ATP-binding protein GlnQ
ANT_3_04542	gene	1446	yflS			
ANT_3_04542	CDS	1446	yflS		COG0471	Putative malate transporter YflS
ANT_3_04543	gene	945				
ANT_3_04543	CDS	945		1.1.1.215	COG1052	2-ketogluconate reductase
ANT_3_04544	gene	474	tabA_3			
ANT_3_04544	CDS	474	tabA_3		COG2731	Toxin-antitoxin biofilm protein TabA
ANT_3_04545	gene	777	hcaB_3			
ANT_3_04545	CDS	777	hcaB_3	1.3.1.87		3-phenylpropionate-dihydrodiol/cinnamic acid-dihydrodiol dehydrogenase
ANT_3_04546	gene	690	yohK_2			
ANT_3_04546	CDS	690	yohK_2		COG1346	Inner membrane protein YohK
ANT_3_04547	gene	423	cidA			
ANT_3_04547	CDS	423	cidA			Holin-like protein CidA
ANT_3_04548	gene	885	gltC_2			
ANT_3_04548	CDS	885	gltC_2			HTH-type transcriptional regulator GltC
ANT_3_04549	gene	1650	nhaK			
ANT_3_04549	CDS	1650	nhaK		COG0025	Sodium, potassium, lithium and rubidium/H(+) antiporter
ANT_3_04550	gene	264				
ANT_3_04550	CDS	264				hypothetical protein
ANT_3_04551	gene	1368	ghxQ			
ANT_3_04551	CDS	1368	ghxQ		COG2252	Guanine/hypoxanthine permease GhxQ
ANT_3_04552	gene	669				
ANT_3_04552	CDS	669				hypothetical protein
ANT_3_04553	gene	2094				
ANT_3_04553	CDS	2094			COG2200	putative signaling protein
ANT_3_04554	gene	1563				
ANT_3_04554	CDS	1563				hypothetical protein
ANT_3_04555	gene	804	cysQ_2			
ANT_3_04555	CDS	804	cysQ_2	3.1.3.7		3'(2'),5'-bisphosphate nucleotidase CysQ
ANT_3_04556	gene	633	rhtB_2			
ANT_3_04556	CDS	633	rhtB_2		COG1280	Homoserine/homoserine lactone efflux protein
ANT_3_04557	gene	1089				
ANT_3_04557	CDS	1089			COG0614	putative protein
ANT_3_04558	gene	741				
ANT_3_04558	CDS	741				hypothetical protein
ANT_3_04559	gene	858				
ANT_3_04559	CDS	858				hypothetical protein
ANT_3_04560	gene	1116				
ANT_3_04560	CDS	1116				hypothetical protein
ANT_3_04561	gene	624	gstB_4			
ANT_3_04561	CDS	624	gstB_4	2.5.1.18	COG0625	Glutathione S-transferase GstB
ANT_3_04562	gene	531				
ANT_3_04562	CDS	531				hypothetical protein
ANT_3_04563	gene	879	rhaS_12			
ANT_3_04563	CDS	879	rhaS_12			HTH-type transcriptional activator RhaS
ANT_3_04564	gene	99				
ANT_3_04564	CDS	99				hypothetical protein
ANT_3_04565	gene	909				
ANT_3_04565	CDS	909				hypothetical protein
ANT_3_04566	gene	930	nodD2			
ANT_3_04566	CDS	930	nodD2			Nodulation protein D 2
ANT_3_04567	gene	927				
ANT_3_04567	CDS	927		3.5.5.7	COG0388	Nitrilase
ANT_3_04568	gene	756	fabG_6			
ANT_3_04568	CDS	756	fabG_6	1.1.1.100		3-oxoacyl-[acyl-carrier-protein] reductase FabG
ANT_3_04569	gene	924	dmlR_15			
ANT_3_04569	CDS	924	dmlR_15			HTH-type transcriptional regulator DmlR
ANT_3_04570	gene	906	rhaS_13			
ANT_3_04570	CDS	906	rhaS_13			HTH-type transcriptional activator RhaS
ANT_3_04571	gene	1422	ald			
ANT_3_04571	CDS	1422	ald	1.2.1.83		3-succinoylsemialdehyde-pyridine dehydrogenase
ANT_3_04572	gene	486				
ANT_3_04572	CDS	486				hypothetical protein
ANT_3_04573	gene	1575				
ANT_3_04573	CDS	1575				hypothetical protein
ANT_3_04574	gene	1158	hpxO			
ANT_3_04574	CDS	1158	hpxO	1.14.13.113	COG0654	FAD-dependent urate hydroxylase
ANT_3_04575	gene	855	yofA			
ANT_3_04575	CDS	855	yofA		COG0583	HTH-type transcriptional regulator YofA
ANT_3_04576	gene	1419				
ANT_3_04576	CDS	1419				hypothetical protein
ANT_3_04577	gene	666	alaS_2			
ANT_3_04577	CDS	666	alaS_2	6.1.1.7	COG0013	Alanine--tRNA ligase
ANT_3_04578	gene	933	lysO_2			
ANT_3_04578	CDS	933	lysO_2		COG2431	Lysine exporter LysO
ANT_3_04579	gene	1197	lysA_2			
ANT_3_04579	CDS	1197	lysA_2	4.1.1.20	COG0019	Diaminopimelate decarboxylase
ANT_3_04580	gene	957	cysK_2			
ANT_3_04580	CDS	957	cysK_2	2.5.1.47		Cysteine synthase
ANT_3_04581	gene	543	ssb			
ANT_3_04581	CDS	543	ssb			Single-stranded DNA-binding protein
ANT_3_04582	gene	2856	uvrA			
ANT_3_04582	CDS	2856	uvrA		COG0178	UvrABC system protein A
ANT_3_04583	gene	1182	axe1-6A			
ANT_3_04583	CDS	1182	axe1-6A		COG2382	Carbohydrate acetyl esterase/feruloyl esterase
ANT_3_04584	gene	936	dmlR_16			
ANT_3_04584	CDS	936	dmlR_16			HTH-type transcriptional regulator DmlR
ANT_3_04585	gene	621	yfcG_2			
ANT_3_04585	CDS	621	yfcG_2	1.8.4.-	COG0625	Disulfide-bond oxidoreductase YfcG
ANT_3_04586	gene	921				
ANT_3_04586	CDS	921				hypothetical protein
ANT_3_04587	gene	354	yjbR			
ANT_3_04587	CDS	354	yjbR		COG2315	putative protein YjbR
ANT_3_04588	gene	1194	tyrB			
ANT_3_04588	CDS	1194	tyrB	2.6.1.57	COG1448	Aromatic-amino-acid aminotransferase
ANT_3_04589	gene	945	pgrR_10			
ANT_3_04589	CDS	945	pgrR_10			HTH-type transcriptional regulator PgrR
ANT_3_04590	gene	750	bdcA			
ANT_3_04590	CDS	750	bdcA		COG1028	Cyclic-di-GMP-binding biofilm dispersal mediator protein
ANT_3_04591	gene	633				
ANT_3_04591	CDS	633				hypothetical protein
ANT_3_04592	gene	465	lrp_2			
ANT_3_04592	CDS	465	lrp_2		COG1522	Leucine-responsive regulatory protein
ANT_3_04593	gene	780	pheC			
ANT_3_04593	CDS	780	pheC			Cyclohexadienyl dehydratase
ANT_3_04594	gene	1080	alr			
ANT_3_04594	CDS	1080	alr	5.1.1.1	COG0787	Alanine racemase, biosynthetic
ANT_3_04595	gene	1407	dnaB			
ANT_3_04595	CDS	1407	dnaB	3.6.4.12	COG0305	Replicative DNA helicase
ANT_3_04596	gene	990	qorA			
ANT_3_04596	CDS	990	qorA	1.6.5.5	COG0604	Quinone oxidoreductase 1
ANT_3_04597	gene	237	pspG			
ANT_3_04597	CDS	237	pspG			Phage shock protein G
ANT_3_04598	gene	1008	dusA			
ANT_3_04598	CDS	1008	dusA	1.3.1.-	COG0042	tRNA-dihydrouridine(20/20a) synthase
ANT_3_04599	gene	1440	xylE			
ANT_3_04599	CDS	1440	xylE			D-xylose-proton symporter
ANT_3_04600	gene	906	yphB			
ANT_3_04600	CDS	906	yphB		COG2017	putative protein YphB
ANT_3_04601	gene	3255				
ANT_3_04601	CDS	3255				hypothetical protein
ANT_3_04602	gene	1197	nagC_2			
ANT_3_04602	CDS	1197	nagC_2		COG1940	N-acetylglucosamine repressor
ANT_3_04603	gene	510	zur			
ANT_3_04603	CDS	510	zur		COG0735	Zinc uptake regulation protein
ANT_3_04604	gene	210				
ANT_3_04604	CDS	210				hypothetical protein
ANT_3_04605	gene	609	lexA			
ANT_3_04605	CDS	609	lexA	3.4.21.88	COG1974	LexA repressor
ANT_3_04606	gene	369	dgkA			
ANT_3_04606	CDS	369	dgkA	2.7.1.107	COG0818	Diacylglycerol kinase
ANT_3_04607	gene	2481	plsB			
ANT_3_04607	CDS	2481	plsB	2.3.1.15	COG2937	Glycerol-3-phosphate acyltransferase
ANT_3_04608	gene	912	ubiA			
ANT_3_04608	CDS	912	ubiA	2.5.1.39	COG0382	4-hydroxybenzoate octaprenyltransferase
ANT_3_04609	gene	531	ubiC			
ANT_3_04609	CDS	531	ubiC	4.1.3.40	COG3161	Chorismate pyruvate-lyase
ANT_3_04610	gene	408	psiE			
ANT_3_04610	CDS	408	psiE		COG3223	Protein PsiE
ANT_3_04611	gene	1647	pgi			
ANT_3_04611	CDS	1647	pgi	5.3.1.9	COG0166	Glucose-6-phosphate isomerase
ANT_3_04612	gene	1389	lysC			
ANT_3_04612	CDS	1389	lysC	2.7.2.4	COG0527	Lysine-sensitive aspartokinase 3
ANT_3_04613	gene	918	panS			
ANT_3_04613	CDS	918	panS		COG0385	Pantothenate precursors transporter PanS
ANT_3_04614	gene	1653				
ANT_3_04614	CDS	1653				hypothetical protein
ANT_3_04615	gene	657				
ANT_3_04615	CDS	657		3.1.3.-	COG0560	putative phosphatase
ANT_3_04616	gene	993	btuD_13			
ANT_3_04616	CDS	993	btuD_13	7.6.2.8		Vitamin B12 import ATP-binding protein BtuD
ANT_3_04617	gene	786				
ANT_3_04617	CDS	786				hypothetical protein
ANT_3_04618	gene	843				
ANT_3_04618	CDS	843				hypothetical protein
ANT_3_04619	gene	798				
ANT_3_04619	CDS	798				hypothetical protein
ANT_3_04620	gene	1059				
ANT_3_04620	CDS	1059				hypothetical protein
ANT_3_04621	gene	711	phnR_2			
ANT_3_04621	CDS	711	phnR_2		COG2188	Putative transcriptional regulator of 2-aminoethylphosphonate degradation operons
ANT_3_04622	gene	3684	metH			
ANT_3_04622	CDS	3684	metH	2.1.1.13	COG0646	Methionine synthase
ANT_3_04623	gene	843	iclR			
ANT_3_04623	CDS	843	iclR		COG1414	Transcriptional repressor IclR
ANT_3_04624	gene	1713	aceK			
ANT_3_04624	CDS	1713	aceK	2.7.11.5	COG4579	Isocitrate dehydrogenase kinase/phosphatase
ANT_3_04625	gene	1323	aceA			
ANT_3_04625	CDS	1323	aceA	4.1.3.1	COG2224	Isocitrate lyase
ANT_3_04626	gene	1599	aceB			
ANT_3_04626	CDS	1599	aceB	2.3.3.9	COG2225	Malate synthase A
ANT_3_04627	gene	930	metAS			
ANT_3_04627	CDS	930	metAS	2.3.1.46	COG1897	Homoserine O-succinyltransferase
ANT_3_04628	gene	86				
ANT_3_04628	rRNA	86				5S ribosomal RNA (partial)
ANT_3_04629	gene	882				
ANT_3_04629	CDS	882				hypothetical protein
ANT_3_04630	gene	327				
ANT_3_04630	CDS	327				hypothetical protein
ANT_3_04631	gene	201				
ANT_3_04631	CDS	201				hypothetical protein
ANT_3_04632	gene	222				
ANT_3_04632	CDS	222				hypothetical protein
ANT_3_04633	gene	150				
ANT_3_04633	CDS	150				hypothetical protein
ANT_3_04634	gene	384				
ANT_3_04634	CDS	384				hypothetical protein
ANT_3_04635	gene	375				
ANT_3_04635	CDS	375				hypothetical protein
ANT_3_04636	gene	708				
ANT_3_04636	CDS	708				hypothetical protein
ANT_3_04637	gene	1032				
ANT_3_04637	CDS	1032				hypothetical protein
ANT_3_04638	gene	3072				
ANT_3_04638	CDS	3072				hypothetical protein
ANT_3_04639	gene	114				
ANT_3_04639	CDS	114				hypothetical protein
ANT_3_04640	gene	1029				
ANT_3_04640	CDS	1029				hypothetical protein
ANT_3_04641	gene	297				
ANT_3_04641	CDS	297				hypothetical protein
ANT_3_04642	gene	540				
ANT_3_04642	CDS	540				hypothetical protein
ANT_3_04643	gene	2160	ltxB			
ANT_3_04643	CDS	2160	ltxB	7.4.2.5	COG2274	Leukotoxin export ATP-binding protein LtxB
ANT_3_04644	gene	1434	hlyD			
ANT_3_04644	CDS	1434	hlyD			Hemolysin secretion protein D, chromosomal
ANT_3_04645	gene	822	dapB			
ANT_3_04645	CDS	822	dapB	1.17.1.8	COG0289	4-hydroxy-tetrahydrodipicolinate reductase
ANT_3_04646	gene	1173	carA			
ANT_3_04646	CDS	1173	carA	6.3.5.5	COG0505	Carbamoyl-phosphate synthase small chain
ANT_3_04647	gene	3225	carB			
ANT_3_04647	CDS	3225	carB	6.3.5.5	COG0458	Carbamoyl-phosphate synthase large chain
ANT_3_04648	gene	606	kefF			
ANT_3_04648	CDS	606	kefF	1.6.5.2	COG2249	Glutathione-regulated potassium-efflux system ancillary protein KefF
ANT_3_04649	gene	1851	kefC_2			
ANT_3_04649	CDS	1851	kefC_2		COG0475	Glutathione-regulated potassium-efflux system protein KefC
ANT_3_04650	gene	615	rhtC_3			
ANT_3_04650	CDS	615	rhtC_3		COG1280	Threonine efflux protein
ANT_3_04651	gene	486	folA			
ANT_3_04651	CDS	486	folA	1.5.1.3	COG0262	Dihydrofolate reductase
ANT_3_04652	gene	855	apaH			
ANT_3_04652	CDS	855	apaH	3.6.1.41	COG0639	Bis(5'-nucleosyl)-tetraphosphatase, symmetrical
ANT_3_04653	gene	378	apaG			
ANT_3_04653	CDS	378	apaG		COG2967	Protein ApaG
ANT_3_04654	gene	828	rsmA			
ANT_3_04654	CDS	828	rsmA	2.1.1.182	COG0030	Ribosomal RNA small subunit methyltransferase A
ANT_3_04655	gene	1008	pdxA			
ANT_3_04655	CDS	1008	pdxA	1.1.1.262	COG1995	4-hydroxythreonine-4-phosphate dehydrogenase
ANT_3_04656	gene	1296	surA_2			
ANT_3_04656	CDS	1296	surA_2	5.2.1.8	COG0760	Chaperone SurA
ANT_3_04657	gene	2376	lptD			
ANT_3_04657	CDS	2376	lptD		COG1452	LPS-assembly protein LptD
ANT_3_04658	gene	822	djlA			
ANT_3_04658	CDS	822	djlA		COG1076	Co-chaperone protein DjlA
ANT_3_04659	gene	720	rluA_2			
ANT_3_04659	CDS	720	rluA_2	5.4.99.28	COG0564	Dual-specificity RNA pseudouridine synthase RluA
ANT_3_04660	gene	2898	rapA			
ANT_3_04660	CDS	2898	rapA	3.6.4.-	COG0553	RNA polymerase-associated protein RapA
ANT_3_04661	gene	2343	polB			
ANT_3_04661	CDS	2343	polB	2.7.7.7	COG0417	DNA polymerase II
ANT_3_04662	gene	768	yabI_2			
ANT_3_04662	CDS	768	yabI_2		COG0586	Inner membrane protein YabI
ANT_3_04663	gene	708	thiQ			
ANT_3_04663	CDS	708	thiQ	3.6.3.-	COG3840	Thiamine import ATP-binding protein ThiQ
ANT_3_04664	gene	1611				
ANT_3_04664	CDS	1611				hypothetical protein
ANT_3_04665	gene	984	thiB			
ANT_3_04665	CDS	984	thiB		COG4143	Thiamine-binding periplasmic protein
ANT_3_04666	gene	1665	sgrR_4			
ANT_3_04666	CDS	1665	sgrR_4		COG4533	HTH-type transcriptional regulator SgrR
ANT_3_04667	gene	186				
ANT_3_04667	CDS	186				hypothetical protein
ANT_3_04668	gene	1311	setA			
ANT_3_04668	CDS	1311	setA			Sugar efflux transporter A
ANT_3_04669	gene	603	leuD1_2			
ANT_3_04669	CDS	603	leuD1_2	4.2.1.33	COG0066	3-isopropylmalate dehydratase small subunit 1
ANT_3_04670	gene	1401	leuC1			
ANT_3_04670	CDS	1401	leuC1	4.2.1.33	COG0065	3-isopropylmalate dehydratase large subunit 1
ANT_3_04671	gene	1092	leuB			
ANT_3_04671	CDS	1092	leuB	1.1.1.85	COG0473	3-isopropylmalate dehydrogenase
ANT_3_04672	gene	1590	leuA_2			
ANT_3_04672	CDS	1590	leuA_2	2.3.3.13	COG0119	2-isopropylmalate synthase
ANT_3_04673	gene	156				
ANT_3_04673	CDS	156				hypothetical protein
ANT_3_04674	gene	960	leuO			
ANT_3_04674	CDS	960	leuO			HTH-type transcriptional regulator LeuO
ANT_3_04675	gene	1797				
ANT_3_04675	CDS	1797		6.2.1.3	COG1022	Long-chain-fatty-acid--CoA ligase FadD15
ANT_3_04676	gene	1719	ilvI			
ANT_3_04676	CDS	1719	ilvI	2.2.1.6	COG0028	Acetolactate synthase isozyme 3 large subunit
ANT_3_04677	gene	492	ilvH			
ANT_3_04677	CDS	492	ilvH	2.2.1.6	COG0440	Acetolactate synthase isozyme 3 small subunit
ANT_3_04678	gene	1005	cra			
ANT_3_04678	CDS	1005	cra		COG1609	Catabolite repressor/activator
ANT_3_04679	gene	111				
ANT_3_04679	CDS	111				hypothetical protein
ANT_3_04680	gene	459	mraZ			
ANT_3_04680	CDS	459	mraZ		COG2001	Transcriptional regulator MraZ
ANT_3_04681	gene	942	rsmH			
ANT_3_04681	CDS	942	rsmH	2.1.1.199	COG0275	Ribosomal RNA small subunit methyltransferase H
ANT_3_04682	gene	321	ftsL			
ANT_3_04682	CDS	321	ftsL		COG3116	Cell division protein FtsL
ANT_3_04683	gene	1764	ftsI_2			
ANT_3_04683	CDS	1764	ftsI_2	3.4.16.4	COG0768	Peptidoglycan D,D-transpeptidase FtsI
ANT_3_04684	gene	1488	murE			
ANT_3_04684	CDS	1488	murE	6.3.2.13	COG0769	UDP-N-acetylmuramoyl-L-alanyl-D-glutamate--2,6-diaminopimelate ligase
ANT_3_04685	gene	1362	murF			
ANT_3_04685	CDS	1362	murF	6.3.2.10	COG0770	UDP-N-acetylmuramoyl-tripeptide--D-alanyl-D-alanine ligase
ANT_3_04686	gene	1083	mraY			
ANT_3_04686	CDS	1083	mraY	2.7.8.13	COG0472	Phospho-N-acetylmuramoyl-pentapeptide-transferase
ANT_3_04687	gene	1317	murD			
ANT_3_04687	CDS	1317	murD	6.3.2.9	COG0771	UDP-N-acetylmuramoylalanine--D-glutamate ligase
ANT_3_04688	gene	1209	ftsW			
ANT_3_04688	CDS	1209	ftsW	2.4.1.129	COG0772	putative peptidoglycan glycosyltransferase FtsW
ANT_3_04689	gene	1068	murG			
ANT_3_04689	CDS	1068	murG	2.4.1.227	COG0707	UDP-N-acetylglucosamine--N-acetylmuramyl-(pentapeptide) pyrophosphoryl-undecaprenol N-acetylglucosamine transferase
ANT_3_04690	gene	1431	murC			
ANT_3_04690	CDS	1431	murC	6.3.2.8	COG0773	UDP-N-acetylmuramate--L-alanine ligase
ANT_3_04691	gene	921	ddl			
ANT_3_04691	CDS	921	ddl	6.3.2.4	COG1181	D-alanine--D-alanine ligase
ANT_3_04692	gene	837	ftsQ			
ANT_3_04692	CDS	837	ftsQ		COG1589	Cell division protein FtsQ
ANT_3_04693	gene	1257	ftsA			
ANT_3_04693	CDS	1257	ftsA		COG0849	Cell division protein FtsA
ANT_3_04694	gene	1155	ftsZ			
ANT_3_04694	CDS	1155	ftsZ		COG0206	Cell division protein FtsZ
ANT_3_04695	gene	918	lpxC			
ANT_3_04695	CDS	918	lpxC	3.5.1.108	COG0774	UDP-3-O-acyl-N-acetylglucosamine deacetylase
ANT_3_04696	gene	525				
ANT_3_04696	CDS	525				hypothetical protein
ANT_3_04697	gene	528	secM			
ANT_3_04697	CDS	528	secM			Secretion monitor
ANT_3_04698	gene	2718	secA			
ANT_3_04698	CDS	2718	secA		COG0653	Protein translocase subunit SecA
ANT_3_04699	gene	402	mutT			
ANT_3_04699	CDS	402	mutT	3.6.1.55	COG0494	8-oxo-dGTP diphosphatase
ANT_3_04700	gene	198	yacG			
ANT_3_04700	CDS	198	yacG		COG3024	DNA gyrase inhibitor YacG
ANT_3_04701	gene	753	zapD			
ANT_3_04701	CDS	753	zapD		COG4582	Cell division protein ZapD
ANT_3_04702	gene	630	coaE			
ANT_3_04702	CDS	630	coaE	2.7.1.24	COG0237	Dephospho-CoA kinase
ANT_3_04703	gene	1044	guaC			
ANT_3_04703	CDS	1044	guaC	1.7.1.7	COG0516	GMP reductase
ANT_3_04704	gene	1221	gspF			
ANT_3_04704	CDS	1221	gspF		COG1459	Putative type II secretion system protein F
ANT_3_04705	gene	1488	epsE			
ANT_3_04705	CDS	1488	epsE		COG2804	Type II secretion system protein E
ANT_3_04706	gene	450	pilE1			
ANT_3_04706	CDS	450	pilE1		COG4969	Fimbrial protein
ANT_3_04707	gene	894	nadC			
ANT_3_04707	CDS	894	nadC	2.4.2.19	COG0157	Nicotinate-nucleotide pyrophosphorylase [carboxylating]
ANT_3_04708	gene	573	ampD			
ANT_3_04708	CDS	573	ampD	3.5.1.28		1,6-anhydro-N-acetylmuramyl-L-alanine amidase AmpD
ANT_3_04709	gene	855	ampE			
ANT_3_04709	CDS	855	ampE		COG3725	Protein AmpE
ANT_3_04710	gene	978				
ANT_3_04710	CDS	978		3.2.1.55	COG3940	Extracellular exo-alpha-(1->5)-L-arabinofuranosidase
ANT_3_04711	gene	1437	yicJ_7			
ANT_3_04711	CDS	1437	yicJ_7		COG2211	Inner membrane symporter YicJ
ANT_3_04712	gene	447	aroP			
ANT_3_04712	CDS	447	aroP		COG1113	Aromatic amino acid transport protein AroP
ANT_3_04713	gene	240				
ANT_3_04713	CDS	240				hypothetical protein
ANT_3_04714	gene	426				
ANT_3_04714	CDS	426				hypothetical protein
ANT_3_04715	gene	351				
ANT_3_04715	CDS	351				hypothetical protein
ANT_3_04716	gene	450				
ANT_3_04716	CDS	450				hypothetical protein
ANT_3_04717	gene	492				
ANT_3_04717	CDS	492				hypothetical protein
ANT_3_04718	gene	549				
ANT_3_04718	CDS	549				hypothetical protein
ANT_3_04719	gene	285				
ANT_3_04719	CDS	285				hypothetical protein
ANT_3_04720	gene	237				
ANT_3_04720	CDS	237				hypothetical protein
ANT_3_04721	gene	240				
ANT_3_04721	CDS	240				hypothetical protein
ANT_3_04722	gene	591				
ANT_3_04722	CDS	591				hypothetical protein
ANT_3_04723	gene	621				
ANT_3_04723	CDS	621				hypothetical protein
ANT_3_04724	gene	123				
ANT_3_04724	CDS	123				hypothetical protein
ANT_3_04725	gene	93				
ANT_3_04725	CDS	93				hypothetical protein
ANT_3_04726	gene	270				
ANT_3_04726	CDS	270				hypothetical protein
ANT_3_04727	gene	591				
ANT_3_04727	CDS	591				hypothetical protein
ANT_3_04728	gene	564				
ANT_3_04728	CDS	564				hypothetical protein
ANT_3_04729	gene	630				
ANT_3_04729	CDS	630				hypothetical protein
ANT_3_04730	gene	576				
ANT_3_04730	CDS	576				hypothetical protein
ANT_3_04731	gene	75				
ANT_3_04731	tRNA	75				tRNA-His(gtg)
ANT_3_04732	gene	723				
ANT_3_04732	CDS	723				hypothetical protein
ANT_3_04733	gene	117				
ANT_3_04733	CDS	117				hypothetical protein
ANT_3_04734	gene	462				
ANT_3_04734	CDS	462				hypothetical protein
ANT_3_04735	gene	168				
ANT_3_04735	CDS	168				hypothetical protein
ANT_3_04736	gene	597				
ANT_3_04736	CDS	597				hypothetical protein
ANT_3_04737	gene	732	nanR_2			
ANT_3_04737	CDS	732	nanR_2			HTH-type transcriptional repressor NanR
ANT_3_04738	gene	906	dgoK1			
ANT_3_04738	CDS	906	dgoK1	2.7.1.58	COG3734	putative 2-dehydro-3-deoxygalactonokinase DgoK1
ANT_3_04739	gene	651	dgoA			
ANT_3_04739	CDS	651	dgoA	4.1.2.21	COG0800	2-dehydro-3-deoxy-6-phosphogalactonate aldolase
ANT_3_04740	gene	873				
ANT_3_04740	CDS	873		3.1.1.99		6-deoxy-6-sulfogluconolactonase
ANT_3_04741	gene	1401	galP_2			
ANT_3_04741	CDS	1401	galP_2			Galactose-proton symporter
ANT_3_04742	gene	1371	nicT			
ANT_3_04742	CDS	1371	nicT			Putative metabolite transport protein NicT
ANT_3_04743	gene	1719	ilvD_1			
ANT_3_04743	CDS	1719	ilvD_1	4.2.1.9	COG0129	Dihydroxy-acid dehydratase
ANT_3_04744	gene	903	dapA_5			
ANT_3_04744	CDS	903	dapA_5	4.3.3.7		4-hydroxy-tetrahydrodipicolinate synthase
ANT_3_04745	gene	774	bacC_2			
ANT_3_04745	CDS	774	bacC_2	1.1.1.385		Dihydroanticapsin 7-dehydrogenase
ANT_3_04746	gene	243				
ANT_3_04746	CDS	243				hypothetical protein
ANT_3_04747	gene	129				
ANT_3_04747	CDS	129				hypothetical protein
ANT_3_04748	gene	297				
ANT_3_04748	CDS	297				hypothetical protein
ANT_3_04749	gene	234				
ANT_3_04749	CDS	234				hypothetical protein
ANT_3_04750	gene	864				
ANT_3_04750	CDS	864				hypothetical protein
ANT_3_04751	gene	771	pdhR_2			
ANT_3_04751	CDS	771	pdhR_2		COG2186	Pyruvate dehydrogenase complex repressor
ANT_3_04752	gene	2664	aceE			
ANT_3_04752	CDS	2664	aceE	1.2.4.1	COG2609	Pyruvate dehydrogenase E1 component
ANT_3_04753	gene	1890	aceF			
ANT_3_04753	CDS	1890	aceF	2.3.1.12	COG0508	Dihydrolipoyllysine-residue acetyltransferase component of pyruvate dehydrogenase complex
ANT_3_04754	gene	1425	lpdA			
ANT_3_04754	CDS	1425	lpdA	1.8.1.4	COG1249	Dihydrolipoyl dehydrogenase
ANT_3_04755	gene	126				
ANT_3_04755	CDS	126				hypothetical protein
ANT_3_04756	gene	2598	acnB			
ANT_3_04756	CDS	2598	acnB	4.2.1.3	COG1049	Aconitate hydratase B
ANT_3_04757	gene	366				
ANT_3_04757	CDS	366				hypothetical protein
ANT_3_04758	gene	879	yddG			
ANT_3_04758	CDS	879	yddG		COG0697	Aromatic amino acid exporter YddG
ANT_3_04759	gene	876				
ANT_3_04759	CDS	876				hypothetical protein
ANT_3_04760	gene	690	fabG_7			
ANT_3_04760	CDS	690	fabG_7	1.1.1.100		3-oxoacyl-[acyl-carrier-protein] reductase FabG
ANT_3_04761	gene	471	tabA_4			
ANT_3_04761	CDS	471	tabA_4		COG2731	Toxin-antitoxin biofilm protein TabA
ANT_3_04762	gene	1179				
ANT_3_04762	CDS	1179				hypothetical protein
ANT_3_04763	gene	1416	actP_2			
ANT_3_04763	CDS	1416	actP_2			Cation/acetate symporter ActP
ANT_3_04764	gene	888	dapA_6			
ANT_3_04764	CDS	888	dapA_6	4.3.3.7	COG0329	4-hydroxy-tetrahydrodipicolinate synthase
ANT_3_04765	gene	1137	adh1_2			
ANT_3_04765	CDS	1137	adh1_2	1.1.1.192	COG1454	Long-chain-alcohol dehydrogenase 1
ANT_3_04766	gene	1347	dtnK			
ANT_3_04766	CDS	1347	dtnK	2.7.1.219	COG3395	D-threonate kinase
ANT_3_04767	gene	981	pdxA2			
ANT_3_04767	CDS	981	pdxA2	1.1.1.408	COG1995	D-threonate 4-phosphate dehydrogenase
ANT_3_04768	gene	759	glcR			
ANT_3_04768	CDS	759	glcR		COG1349	HTH-type transcriptional repressor GlcR
ANT_3_04769	gene	795	speD			
ANT_3_04769	CDS	795	speD	4.1.1.50	COG1586	S-adenosylmethionine decarboxylase proenzyme
ANT_3_04770	gene	876	speE			
ANT_3_04770	CDS	876	speE	2.5.1.-	COG0421	Polyamine aminopropyltransferase
ANT_3_04771	gene	348				
ANT_3_04771	CDS	348				hypothetical protein
ANT_3_04772	gene	1611	cueO			
ANT_3_04772	CDS	1611	cueO		COG2132	Blue copper oxidase CueO
ANT_3_04773	gene	549	srlA			
ANT_3_04773	CDS	549	srlA		COG3730	PTS system glucitol/sorbitol-specific EIIC component
ANT_3_04774	gene	990	srlE			
ANT_3_04774	CDS	990	srlE	2.7.1.198	COG3732	PTS system glucitol/sorbitol-specific EIIB component
ANT_3_04775	gene	363	srlB			
ANT_3_04775	CDS	363	srlB		COG3731	PTS system glucitol/sorbitol-specific EIIA component
ANT_3_04776	gene	780	srlD			
ANT_3_04776	CDS	780	srlD	1.1.1.140	COG1028	Sorbitol-6-phosphate 2-dehydrogenase
ANT_3_04777	gene	363				
ANT_3_04777	CDS	363				hypothetical protein
ANT_3_04778	gene	774	srlR_5			
ANT_3_04778	CDS	774	srlR_5		COG1349	Glucitol operon repressor
ANT_3_04779	gene	966	gutQ_2			
ANT_3_04779	CDS	966	gutQ_2	5.3.1.13	COG0517	Arabinose 5-phosphate isomerase GutQ
ANT_3_04780	gene	537	hpt			
ANT_3_04780	CDS	537	hpt	2.4.2.8	COG0634	Hypoxanthine phosphoribosyltransferase
ANT_3_04781	gene	1464				
ANT_3_04781	CDS	1464				hypothetical protein
ANT_3_04782	gene	1479				
ANT_3_04782	CDS	1479				hypothetical protein
ANT_3_04783	gene	321				
ANT_3_04783	CDS	321				hypothetical protein
ANT_3_04784	gene	204				
ANT_3_04784	CDS	204				hypothetical protein
ANT_3_04785	gene	141				
ANT_3_04785	CDS	141				hypothetical protein
ANT_3_04786	gene	177				
ANT_3_04786	CDS	177				hypothetical protein
ANT_3_04787	gene	438				
ANT_3_04787	CDS	438				hypothetical protein
ANT_3_04788	gene	74				
ANT_3_04788	tRNA	74				tRNA-Gly(gcc)
ANT_3_04789	gene	138				
ANT_3_04789	CDS	138				hypothetical protein
ANT_3_04790	gene	381				
ANT_3_04790	CDS	381				hypothetical protein
ANT_3_04791	gene	564				
ANT_3_04791	CDS	564				hypothetical protein
ANT_3_04792	gene	120				
ANT_3_04792	CDS	120				hypothetical protein
ANT_3_04793	gene	468				
ANT_3_04793	CDS	468				hypothetical protein
ANT_3_04794	gene	537				
ANT_3_04794	CDS	537				hypothetical protein
ANT_3_04795	gene	501				
ANT_3_04795	CDS	501				hypothetical protein
ANT_3_04796	gene	1752				
ANT_3_04796	CDS	1752				hypothetical protein
ANT_3_04797	gene	684				
ANT_3_04797	CDS	684				hypothetical protein
ANT_3_04798	gene	480				
ANT_3_04798	CDS	480				hypothetical protein
ANT_3_04799	gene	105				
ANT_3_04799	CDS	105				hypothetical protein
ANT_3_04800	gene	77				
ANT_3_04800	tRNA	77				tRNA-Met(cat)
ANT_3_04801	gene	261				
ANT_3_04801	CDS	261				hypothetical protein
ANT_3_04802	gene	195				
ANT_3_04802	CDS	195				hypothetical protein
ANT_3_04803	gene	297				
ANT_3_04803	CDS	297				hypothetical protein
ANT_3_04804	gene	513				
ANT_3_04804	CDS	513				hypothetical protein
ANT_3_04805	gene	249				
ANT_3_04805	CDS	249				hypothetical protein
ANT_3_04806	gene	315				
ANT_3_04806	CDS	315				hypothetical protein
ANT_3_04807	gene	831				
ANT_3_04807	CDS	831				hypothetical protein
ANT_3_04808	gene	342	nanC			
ANT_3_04808	CDS	342	nanC			putative N-acetylneuraminic acid outer membrane channel protein NanC
ANT_3_04809	gene	1221				
ANT_3_04809	CDS	1221				hypothetical protein
ANT_3_04810	gene	2022				
ANT_3_04810	CDS	2022				hypothetical protein
ANT_3_04811	gene	1200	mtnK			
ANT_3_04811	CDS	1200	mtnK	2.7.1.100	COG4857	Methylthioribose kinase
ANT_3_04812	gene	1029	mtnA			
ANT_3_04812	CDS	1029	mtnA	5.3.1.23	COG0182	Methylthioribose-1-phosphate isomerase
ANT_3_04813	gene	678				
ANT_3_04813	CDS	678			COG1462	Putative lipoprotein/NMB1164
ANT_3_04814	gene	378				
ANT_3_04814	CDS	378				hypothetical protein
ANT_3_04815	gene	666				
ANT_3_04815	CDS	666			COG4380	Putative lipoprotein/NMB1162
ANT_3_04816	gene	546	mtnD			
ANT_3_04816	CDS	546	mtnD	1.13.11.54	COG1791	Acireductone dioxygenase
ANT_3_04817	gene	687	mtnC			
ANT_3_04817	CDS	687	mtnC	3.1.3.77		Enolase-phosphatase E1
ANT_3_04818	gene	615	mtnB			
ANT_3_04818	CDS	615	mtnB	4.2.1.109	COG0235	Methylthioribulose-1-phosphate dehydratase
ANT_3_04819	gene	1161	ybdL_2			
ANT_3_04819	CDS	1161	ybdL_2	2.6.1.88	COG0436	Methionine aminotransferase
ANT_3_04820	gene	774	yafV			
ANT_3_04820	CDS	774	yafV	3.5.1.3		Omega-amidase YafV
ANT_3_04821	gene	507				
ANT_3_04821	CDS	507				hypothetical protein
ANT_3_04822	gene	1269	pyrG_4			
ANT_3_04822	CDS	1269	pyrG_4	6.3.4.2		CTP synthase
ANT_3_04823	gene	351	hiuH			
ANT_3_04823	CDS	351	hiuH	3.5.2.17		5-hydroxyisourate hydrolase
ANT_3_04824	gene	498	uao			
ANT_3_04824	CDS	498	uao			Uric acid degradation bifunctional protein
ANT_3_04825	gene	1275	hyuC			
ANT_3_04825	CDS	1275	hyuC	3.5.1.87		N-carbamoyl-L-amino-acid hydrolase
ANT_3_04826	gene	1239	pucG			
ANT_3_04826	CDS	1239	pucG	2.6.1.112	COG0075	(S)-ureidoglycine--glyoxylate transaminase
ANT_3_04827	gene	753	glnQ_10			
ANT_3_04827	CDS	753	glnQ_10			Glutamine transport ATP-binding protein GlnQ
ANT_3_04828	gene	654	yecS_5			
ANT_3_04828	CDS	654	yecS_5		COG0765	L-cystine transport system permease protein YecS
ANT_3_04829	gene	666	glnM_2			
ANT_3_04829	CDS	666	glnM_2		COG0765	putative glutamine ABC transporter permease protein GlnM
ANT_3_04830	gene	792	fliY_4			
ANT_3_04830	CDS	792	fliY_4		COG0834	L-cystine-binding protein FliY
ANT_3_04831	gene	840				
ANT_3_04831	CDS	840				hypothetical protein
ANT_3_04832	gene	1587	hpxW			
ANT_3_04832	CDS	1587	hpxW	3.5.1.126	COG0405	Oxamate amidohydrolase proenzyme
ANT_3_04833	gene	195				
ANT_3_04833	CDS	195				hypothetical protein
ANT_3_04834	gene	1398	atzE			
ANT_3_04834	CDS	1398	atzE	3.5.1.131		1-carboxybiuret hydrolase subunit AtzE
ANT_3_04835	gene	384				
ANT_3_04835	CDS	384				hypothetical protein
ANT_3_04836	gene	402				
ANT_3_04836	CDS	402				hypothetical protein
ANT_3_04837	gene	945				
ANT_3_04837	CDS	945				hypothetical protein
ANT_3_04838	gene	759	hyuA			
ANT_3_04838	CDS	759	hyuA	5.1.99.5	COG4126	Hydantoin racemase
ANT_3_04839	gene	735	rspR_3			
ANT_3_04839	CDS	735	rspR_3		COG1802	HTH-type transcriptional repressor RspR
ANT_3_04840	gene	1503	pucI			
ANT_3_04840	CDS	1503	pucI		COG1953	putative allantoin permease
ANT_3_04841	gene	77				
ANT_3_04841	tRNA	77				tRNA-Asp(gtc)
ANT_3_04842	gene	738	dnaQ			
ANT_3_04842	CDS	738	dnaQ	2.7.7.7	COG0847	DNA polymerase III subunit epsilon
ANT_3_04843	gene	1086	aguA			
ANT_3_04843	CDS	1086	aguA	3.5.3.12	COG2957	Agmatine deiminase
ANT_3_04844	gene	885				
ANT_3_04844	CDS	885		3.5.1.77		N-carbamoyl-D-amino acid hydrolase
ANT_3_04845	gene	468	rnhA			
ANT_3_04845	CDS	468	rnhA	3.1.26.4	COG0328	Ribonuclease HI
ANT_3_04846	gene	726				
ANT_3_04846	CDS	726				hypothetical protein
ANT_3_04847	gene	756	gloB			
ANT_3_04847	CDS	756	gloB	3.1.2.6	COG0491	Hydroxyacylglutathione hydrolase
ANT_3_04848	gene	1386	mltD			
ANT_3_04848	CDS	1386	mltD	4.2.2.-	COG0741	Membrane-bound lytic murein transglycosylase D
ANT_3_04849	gene	780				
ANT_3_04849	CDS	780				hypothetical protein
ANT_3_04850	gene	1176	ydhP_2			
ANT_3_04850	CDS	1176	ydhP_2		COG2814	Inner membrane transport protein YdhP
ANT_3_04851	gene	897	dmlR_17			
ANT_3_04851	CDS	897	dmlR_17			HTH-type transcriptional regulator DmlR
ANT_3_04852	gene	807	dkgB			
ANT_3_04852	CDS	807	dkgB	1.1.1.346	COG0656	2,5-diketo-D-gluconic acid reductase B
ANT_3_04853	gene	690				
ANT_3_04853	CDS	690				hypothetical protein
ANT_3_04854	gene	1230	fabF_2			
ANT_3_04854	CDS	1230	fabF_2	2.3.1.179		3-oxoacyl-[acyl-carrier-protein] synthase 2
ANT_3_04855	gene	732	fabG_8			
ANT_3_04855	CDS	732	fabG_8	1.1.1.100		3-oxoacyl-[acyl-carrier-protein] reductase FabG
ANT_3_04856	gene	480				
ANT_3_04856	CDS	480				hypothetical protein
ANT_3_04857	gene	1188				
ANT_3_04857	CDS	1188				hypothetical protein
ANT_3_04858	gene	576				
ANT_3_04858	CDS	576				hypothetical protein
ANT_3_04859	gene	2307				
ANT_3_04859	CDS	2307				hypothetical protein
ANT_3_04860	gene	606	lolA_2			
ANT_3_04860	CDS	606	lolA_2			Outer-membrane lipoprotein carrier protein
ANT_3_04861	gene	444				
ANT_3_04861	CDS	444		3.1.2.28		1,4-dihydroxy-2-naphthoyl-CoA hydrolase
ANT_3_04862	gene	1728				
ANT_3_04862	CDS	1728				hypothetical protein
ANT_3_04863	gene	345				
ANT_3_04863	CDS	345				hypothetical protein
ANT_3_04864	gene	1380				
ANT_3_04864	CDS	1380				hypothetical protein
ANT_3_04865	gene	534				
ANT_3_04865	CDS	534				hypothetical protein
ANT_3_04866	gene	324	acpP_2			
ANT_3_04866	CDS	324	acpP_2			Acyl carrier protein
ANT_3_04867	gene	258				
ANT_3_04867	CDS	258				hypothetical protein
ANT_3_04868	gene	795				
ANT_3_04868	CDS	795				hypothetical protein
ANT_3_04869	gene	588				
ANT_3_04869	CDS	588				hypothetical protein
ANT_3_04870	gene	77				
ANT_3_04870	tRNA	77				tRNA-Asp(gtc)
ANT_3_04871	gene	1293	rhlB			
ANT_3_04871	CDS	1293	rhlB	3.6.4.13	COG0513	ATP-dependent RNA helicase RhlB
ANT_3_04872	gene	1494	gppA			
ANT_3_04872	CDS	1494	gppA	3.6.1.40	COG0248	Guanosine-5'-triphosphate,3'-diphosphate pyrophosphatase
ANT_3_04873	gene	2025	rep			
ANT_3_04873	CDS	2025	rep	3.6.4.12	COG0210	ATP-dependent DNA helicase Rep
ANT_3_04874	gene	282	ppiC			
ANT_3_04874	CDS	282	ppiC	5.2.1.8	COG0760	Peptidyl-prolyl cis-trans isomerase C
ANT_3_04875	gene	1476	ilvC			
ANT_3_04875	CDS	1476	ilvC	1.1.1.86	COG0059	Ketol-acid reductoisomerase (NADP(+))
ANT_3_04876	gene	882	oxyR_5			
ANT_3_04876	CDS	882	oxyR_5			Hydrogen peroxide-inducible genes activator
ANT_3_04877	gene	1545	ilvA			
ANT_3_04877	CDS	1545	ilvA	4.3.1.19	COG1171	L-threonine dehydratase biosynthetic IlvA
ANT_3_04878	gene	1851	ilvD_2			
ANT_3_04878	CDS	1851	ilvD_2	4.2.1.9	COG0129	Dihydroxy-acid dehydratase
ANT_3_04879	gene	930	ilvE			
ANT_3_04879	CDS	930	ilvE	2.6.1.42	COG0115	Branched-chain-amino-acid aminotransferase
ANT_3_04880	gene	264	ilvM			
ANT_3_04880	CDS	264	ilvM	2.2.1.6	COG3978	Acetolactate synthase isozyme 2 small subunit
ANT_3_04881	gene	1647	ilvG			
ANT_3_04881	CDS	1647	ilvG	2.2.1.6		Acetolactate synthase isozyme 2 large subunit
ANT_3_04882	gene	1239	yjhB_2			
ANT_3_04882	CDS	1239	yjhB_2			Putative metabolite transport protein YjhB
ANT_3_04883	gene	1536	comM			
ANT_3_04883	CDS	1536	comM		COG0606	Competence protein ComM
ANT_3_04884	gene	339				
ANT_3_04884	CDS	339				hypothetical protein
ANT_3_04885	gene	825	cynR_3			
ANT_3_04885	CDS	825	cynR_3			HTH-type transcriptional regulator CynR
ANT_3_04886	gene	987	yjfF			
ANT_3_04886	CDS	987	yjfF			Inner membrane ABC transporter permease protein YjfF
ANT_3_04887	gene	1020	ytfT			
ANT_3_04887	CDS	1020	ytfT			Inner membrane ABC transporter permease protein YtfT
ANT_3_04888	gene	1509	fruK			
ANT_3_04888	CDS	1509	fruK	7.5.2.-	COG1129	Fructose import ATP-binding protein FruK
ANT_3_04889	gene	957	ytfQ			
ANT_3_04889	CDS	957	ytfQ			ABC transporter periplasmic-binding protein YtfQ
ANT_3_04890	gene	90				
ANT_3_04890	CDS	90				hypothetical protein
ANT_3_04891	gene	76				
ANT_3_04891	tRNA	76				tRNA-Trp(cca)
ANT_3_04892	gene	77				
ANT_3_04892	tRNA	77				tRNA-Asp(gtc)
ANT_3_04893	gene	207				
ANT_3_04893	CDS	207				hypothetical protein
ANT_3_04894	gene	486				
ANT_3_04894	CDS	486				hypothetical protein
ANT_3_04895	gene	1134				
ANT_3_04895	CDS	1134				hypothetical protein
ANT_3_04896	gene	564				
ANT_3_04896	CDS	564				hypothetical protein
ANT_3_04897	gene	345	mbeC			
ANT_3_04897	CDS	345	mbeC			Mobilization protein MbeC
ANT_3_04898	gene	498				
ANT_3_04898	CDS	498				hypothetical protein
ANT_3_04899	gene	216				
ANT_3_04899	CDS	216				hypothetical protein
ANT_3_04900	gene	801				
ANT_3_04900	CDS	801				hypothetical protein
ANT_3_04901	gene	384				
ANT_3_04901	CDS	384				hypothetical protein
