Discrepancy Report Results

Summary
FATAL: BAD_LOCUS_TAG_FORMAT:2303 locus tags are incorrectly formatted.
DISC_SOURCE_QUALS_ASNDISC:strain (all present, all same)
DISC_SOURCE_QUALS_ASNDISC:taxname (all present, all same)
DISC_FEATURE_COUNT:gene: 2303 present
DISC_FEATURE_COUNT:CDS: 2242 present
DISC_FEATURE_COUNT:tRNA: 57 present
DISC_FEATURE_COUNT:rRNA: 3 present
DISC_FEATURE_COUNT:tmRNA: 1 present
DISC_COUNT_NUCLEOTIDES:34 nucleotide Bioseqs are present
OVERLAPPING_GENES:466 genes overlap another gene on the same strand.
OVERLAPPING_CDS:6 coding regions overlap another coding region with a similar or identical name.
SUSPECT_PRODUCT_NAMES:5 product_names contain suspect phrase or characters
	May contain database identifier more appropriate in note; remove from product name
		2 features contains three or more numbers together that may be identifiers more appropriate in note
		1 features Contains underscore
	use protein instead of gene as appropriate
		2 features contains 'genes'
DISC_QUALITY_SCORES:Quality scores are missing on all sequences.
DISC_BAD_BACTERIAL_GENE_NAME:5 bacterial genes do not start with lowercase letters
ONCALLER_COMMENT_PRESENT:34 comment descriptors were found (all same)
SHORT_PROT_SEQUENCES:47 protein sequences are shorter than 50 aa.
MISSING_GENOMEASSEMBLY_COMMENTS:34 bioseqs are missing GenomeAssembly structured comments
MOLTYPE_NOT_MRNA:34 molecule types are not set as mRNA.
TECHNIQUE_NOT_TSA:34 technique are not set as TSA
MISSING_STRUCTURED_COMMENT:34 sequences do not include structured comments.
MISSING_PROJECT:2276 sequences do not include project.
DISC_INCONSISTENT_MOLINFO_TECH:Molinfo Technique Report (some missing, all same)


Detailed Report

FATAL: DiscRep_ALL:BAD_LOCUS_TAG_FORMAT::2303 locus e incorrectly formattedrmatted.
prokka_FOM_9/FOM_9:Gene	FOM_9_00001	FOM_9_1:c1478-447	FOM_9_00001
prokka_FOM_9/FOM_9:Gene	FOM_9_00002	FOM_9_1:c1921-1655	FOM_9_00002
prokka_FOM_9/FOM_9:Gene	FOM_9_00003	FOM_9_1:c4186-2099	FOM_9_00003
prokka_FOM_9/FOM_9:Gene	FOM_9_00004	FOM_9_1:c5213-4137	FOM_9_00004
prokka_FOM_9/FOM_9:Gene	FOM_9_00005	FOM_9_1:c6091-5240	FOM_9_00005
prokka_FOM_9/FOM_9:Gene	FOM_9_00006	FOM_9_1:c8602-6281	FOM_9_00006
prokka_FOM_9/FOM_9:Gene	FOM_9_00007	FOM_9_1:c9032-8658	FOM_9_00007
prokka_FOM_9/FOM_9:Gene	topB	FOM_9_1:c11339-9147	FOM_9_00008
prokka_FOM_9/FOM_9:Gene	FOM_9_00009	FOM_9_1:c13404-11725	FOM_9_00009
prokka_FOM_9/FOM_9:Gene	FOM_9_00010	FOM_9_1:c13969-13661	FOM_9_00010
prokka_FOM_9/FOM_9:Gene	FOM_9_00011	FOM_9_1:c14255-13953	FOM_9_00011
prokka_FOM_9/FOM_9:Gene	FOM_9_00012	FOM_9_1:c15424-14846	FOM_9_00012
prokka_FOM_9/FOM_9:Gene	FOM_9_00013	FOM_9_1:c15995-15408	FOM_9_00013
prokka_FOM_9/FOM_9:Gene	FOM_9_00014	FOM_9_1:c16417-16010	FOM_9_00014
prokka_FOM_9/FOM_9:Gene	FOM_9_00015	FOM_9_1:c17755-16472	FOM_9_00015
prokka_FOM_9/FOM_9:Gene	FOM_9_00016	FOM_9_1:c18004-17762	FOM_9_00016
prokka_FOM_9/FOM_9:Gene	FOM_9_00017	FOM_9_1:c19956-18004	FOM_9_00017
prokka_FOM_9/FOM_9:Gene	FOM_9_00018	FOM_9_1:c20612-19968	FOM_9_00018
prokka_FOM_9/FOM_9:Gene	FOM_9_00019	FOM_9_1:c20953-20615	FOM_9_00019
prokka_FOM_9/FOM_9:Gene	FOM_9_00020	FOM_9_1:21547-22335	FOM_9_00020
prokka_FOM_9/FOM_9:Gene	FOM_9_00021	FOM_9_1:22373-22681	FOM_9_00021
prokka_FOM_9/FOM_9:Gene	FOM_9_00022	FOM_9_1:c23347-22829	FOM_9_00022
prokka_FOM_9/FOM_9:Gene	FOM_9_00023	FOM_9_1:c25872-23437	FOM_9_00023
prokka_FOM_9/FOM_9:Gene	FOM_9_00024	FOM_9_1:c29223-25894	FOM_9_00024
prokka_FOM_9/FOM_9:Gene	clpE_1	FOM_9_1:c31109-29223	FOM_9_00025
prokka_FOM_9/FOM_9:Gene	FOM_9_00026	FOM_9_1:c31693-31106	FOM_9_00026
prokka_FOM_9/FOM_9:Gene	FOM_9_00027	FOM_9_1:c33576-31693	FOM_9_00027
prokka_FOM_9/FOM_9:Gene	FOM_9_00028	FOM_9_1:c33948-33706	FOM_9_00028
prokka_FOM_9/FOM_9:Gene	FOM_9_00029	FOM_9_1:c34226-33951	FOM_9_00029
prokka_FOM_9/FOM_9:Gene	FOM_9_00030	FOM_9_1:34658-34930	FOM_9_00030
prokka_FOM_9/FOM_9:Gene	FOM_9_00031	FOM_9_1:34937-35137	FOM_9_00031
prokka_FOM_9/FOM_9:Gene	FOM_9_00032	FOM_9_1:35140-35586	FOM_9_00032
prokka_FOM_9/FOM_9:Gene	FOM_9_00033	FOM_9_1:35576-35770	FOM_9_00033
prokka_FOM_9/FOM_9:Gene	FOM_9_00034	FOM_9_1:35793-36173	FOM_9_00034
prokka_FOM_9/FOM_9:Gene	FOM_9_00035	FOM_9_1:36520-36810	FOM_9_00035
prokka_FOM_9/FOM_9:Gene	FOM_9_00036	FOM_9_1:36990-37283	FOM_9_00036
prokka_FOM_9/FOM_9:Gene	FOM_9_00037	FOM_9_1:37299-37439	FOM_9_00037
prokka_FOM_9/FOM_9:Gene	FOM_9_00038	FOM_9_2:182-589	FOM_9_00038
prokka_FOM_9/FOM_9:Gene	FOM_9_00039	FOM_9_2:810-1175	FOM_9_00039
prokka_FOM_9/FOM_9:Gene	FOM_9_00040	FOM_9_2:1252-1974	FOM_9_00040
prokka_FOM_9/FOM_9:Gene	FOM_9_00041	FOM_9_2:1990-2334	FOM_9_00041
prokka_FOM_9/FOM_9:Gene	xerC_1	FOM_9_2:2791-3858	FOM_9_00042
prokka_FOM_9/FOM_9:Gene	rpmE2	FOM_9_2:c4247-4005	FOM_9_00043
prokka_FOM_9/FOM_9:Gene	lepA_1	FOM_9_2:c6233-4383	FOM_9_00044
prokka_FOM_9/FOM_9:Gene	FOM_9_00045	FOM_9_2:c6487-6353	FOM_9_00045
prokka_FOM_9/FOM_9:Gene	ytbE	FOM_9_2:c7355-6501	FOM_9_00046
prokka_FOM_9/FOM_9:Gene	FOM_9_00047	FOM_9_2:7476-7925	FOM_9_00047
prokka_FOM_9/FOM_9:Gene	FOM_9_00048	FOM_9_2:c8230-7997	FOM_9_00048
prokka_FOM_9/FOM_9:Gene	FOM_9_00049	FOM_9_3:230-703	FOM_9_00049
prokka_FOM_9/FOM_9:Gene	FOM_9_00050	FOM_9_3:706-1977	FOM_9_00050
prokka_FOM_9/FOM_9:Gene	FOM_9_00051	FOM_9_3:1979-3016	FOM_9_00051
prokka_FOM_9/FOM_9:Gene	tag_1	FOM_9_3:3060-3596	FOM_9_00052
prokka_FOM_9/FOM_9:Gene	FOM_9_00053	FOM_9_3:3668-4051	FOM_9_00053
prokka_FOM_9/FOM_9:Gene	FOM_9_00054	FOM_9_3:4658-6451	FOM_9_00054
prokka_FOM_9/FOM_9:Gene	nfsA	FOM_9_3:6521-7267	FOM_9_00055
prokka_FOM_9/FOM_9:Gene	pchA	FOM_9_3:7372-8529	FOM_9_00056
prokka_FOM_9/FOM_9:Gene	menD	FOM_9_3:8530-10209	FOM_9_00057
prokka_FOM_9/FOM_9:Gene	menH_1	FOM_9_3:10202-11002	FOM_9_00058
prokka_FOM_9/FOM_9:Gene	menC	FOM_9_3:11005-12111	FOM_9_00059
prokka_FOM_9/FOM_9:Gene	ypdF	FOM_9_3:12442-13527	FOM_9_00060
prokka_FOM_9/FOM_9:Gene	FOM_9_00061	FOM_9_3:13529-13969	FOM_9_00061
prokka_FOM_9/FOM_9:Gene	FOM_9_00062	FOM_9_3:13986-14606	FOM_9_00062
prokka_FOM_9/FOM_9:Gene	mggB	FOM_9_3:14611-15987	FOM_9_00063
prokka_FOM_9/FOM_9:Gene	FOM_9_00064	FOM_9_3:16018-16665	FOM_9_00064
prokka_FOM_9/FOM_9:Gene	yutF	FOM_9_3:16675-17451	FOM_9_00065
prokka_FOM_9/FOM_9:Gene	dppE_1	FOM_9_3:17697-19322	FOM_9_00066
prokka_FOM_9/FOM_9:Gene	yhhX_1	FOM_9_3:19485-20537	FOM_9_00067
prokka_FOM_9/FOM_9:Gene	rihA_1	FOM_9_3:20553-21470	FOM_9_00068
prokka_FOM_9/FOM_9:Gene	FOM_9_00069	FOM_9_3:21636-24476	FOM_9_00069
prokka_FOM_9/FOM_9:Gene	FOM_9_00070	FOM_9_3:24436-32421	FOM_9_00070
prokka_FOM_9/FOM_9:Gene	FOM_9_00071	FOM_9_3:32562-33749	FOM_9_00071
prokka_FOM_9/FOM_9:Gene	pstS1_1	FOM_9_3:34062-34934	FOM_9_00072
prokka_FOM_9/FOM_9:Gene	pstC1	FOM_9_3:34948-35865	FOM_9_00073
prokka_FOM_9/FOM_9:Gene	FOM_9_00074	FOM_9_3:35867-36760	FOM_9_00074
prokka_FOM_9/FOM_9:Gene	pstB3_1	FOM_9_3:36778-37602	FOM_9_00075
prokka_FOM_9/FOM_9:Gene	pstB3_2	FOM_9_3:37618-38376	FOM_9_00076
prokka_FOM_9/FOM_9:Gene	phoU	FOM_9_3:38424-39098	FOM_9_00077
prokka_FOM_9/FOM_9:Gene	recX	FOM_9_3:39196-40002	FOM_9_00078
prokka_FOM_9/FOM_9:Gene	FOM_9_00079	FOM_9_3:c40776-40492	FOM_9_00079
prokka_FOM_9/FOM_9:Gene	FOM_9_00080	FOM_9_4:c71-1	FOM_9_00080
prokka_FOM_9/FOM_9:Gene	FOM_9_00081	FOM_9_4:c177-104	FOM_9_00081
prokka_FOM_9/FOM_9:Gene	FOM_9_00082	FOM_9_4:362-1849	FOM_9_00082
prokka_FOM_9/FOM_9:Gene	FOM_9_00083	FOM_9_4:2063-3634	FOM_9_00083
prokka_FOM_9/FOM_9:Gene	FOM_9_00084	FOM_9_4:3648-4331	FOM_9_00084
prokka_FOM_9/FOM_9:Gene	FOM_9_00085	FOM_9_4:4334-5317	FOM_9_00085
prokka_FOM_9/FOM_9:Gene	FOM_9_00086	FOM_9_4:5590-11058	FOM_9_00086
prokka_FOM_9/FOM_9:Gene	FOM_9_00087	FOM_9_4:11122-14154	FOM_9_00087
prokka_FOM_9/FOM_9:Gene	coaBC	FOM_9_4:14285-15487	FOM_9_00088
prokka_FOM_9/FOM_9:Gene	mvaS	FOM_9_4:15491-16657	FOM_9_00089
prokka_FOM_9/FOM_9:Gene	FOM_9_00090	FOM_9_4:16744-16983	FOM_9_00090
prokka_FOM_9/FOM_9:Gene	FOM_9_00091	FOM_9_4:17055-17495	FOM_9_00091
prokka_FOM_9/FOM_9:Gene	FOM_9_00092	FOM_9_4:17632-18522	FOM_9_00092
prokka_FOM_9/FOM_9:Gene	hisS	FOM_9_4:18810-20120	FOM_9_00093
prokka_FOM_9/FOM_9:Gene	aspS	FOM_9_4:20126-21931	FOM_9_00094
prokka_FOM_9/FOM_9:Gene	FOM_9_00095	FOM_9_4:22099-23424	FOM_9_00095
prokka_FOM_9/FOM_9:Gene	FOM_9_00096	FOM_9_4:23534-24415	FOM_9_00096
prokka_FOM_9/FOM_9:Gene	rpsU	FOM_9_4:24548-24733	FOM_9_00097
prokka_FOM_9/FOM_9:Gene	yqeY	FOM_9_4:24825-25268	FOM_9_00098
prokka_FOM_9/FOM_9:Gene	FOM_9_00099	FOM_9_4:25364-26353	FOM_9_00099
prokka_FOM_9/FOM_9:Gene	ybeY	FOM_9_4:26359-26841	FOM_9_00100
prokka_FOM_9/FOM_9:Gene	dgkA	FOM_9_4:26825-27253	FOM_9_00101
prokka_FOM_9/FOM_9:Gene	era	FOM_9_4:27305-28213	FOM_9_00102
prokka_FOM_9/FOM_9:Gene	recO	FOM_9_4:28262-29056	FOM_9_00103
prokka_FOM_9/FOM_9:Gene	FOM_9_00104	FOM_9_4:29121-29294	FOM_9_00104
prokka_FOM_9/FOM_9:Gene	pnuC	FOM_9_4:29440-30174	FOM_9_00105
prokka_FOM_9/FOM_9:Gene	glyQ	FOM_9_4:30469-31395	FOM_9_00106
prokka_FOM_9/FOM_9:Gene	glyS	FOM_9_4:31397-33478	FOM_9_00107
prokka_FOM_9/FOM_9:Gene	FOM_9_00108	FOM_9_4:c34272-33529	FOM_9_00108
prokka_FOM_9/FOM_9:Gene	alx_1	FOM_9_4:34466-35422	FOM_9_00109
prokka_FOM_9/FOM_9:Gene	yabJ	FOM_9_4:35522-35908	FOM_9_00110
prokka_FOM_9/FOM_9:Gene	pgl	FOM_9_4:36009-37034	FOM_9_00111
prokka_FOM_9/FOM_9:Gene	FOM_9_00112	FOM_9_4:37097-38245	FOM_9_00112
prokka_FOM_9/FOM_9:Gene	trmL	FOM_9_4:38365-38880	FOM_9_00113
prokka_FOM_9/FOM_9:Gene	FOM_9_00114	FOM_9_4:38918-41707	FOM_9_00114
prokka_FOM_9/FOM_9:Gene	FOM_9_00115	FOM_9_4:41745-42029	FOM_9_00115
prokka_FOM_9/FOM_9:Gene	btuD_1	FOM_9_4:42172-43068	FOM_9_00116
prokka_FOM_9/FOM_9:Gene	yhaP	FOM_9_4:43068-44309	FOM_9_00117
prokka_FOM_9/FOM_9:Gene	FOM_9_00118	FOM_9_4:c44484-44353	FOM_9_00118
prokka_FOM_9/FOM_9:Gene	FOM_9_00119	FOM_9_4:44670-44861	FOM_9_00119
prokka_FOM_9/FOM_9:Gene	uvrC	FOM_9_4:44980-46773	FOM_9_00120
prokka_FOM_9/FOM_9:Gene	obg	FOM_9_4:46940-48250	FOM_9_00121
prokka_FOM_9/FOM_9:Gene	yigZ	FOM_9_4:48313-49014	FOM_9_00122
prokka_FOM_9/FOM_9:Gene	FOM_9_00123	FOM_9_4:49092-49700	FOM_9_00123
prokka_FOM_9/FOM_9:Gene	sbnD	FOM_9_4:c50979-49753	FOM_9_00124
prokka_FOM_9/FOM_9:Gene	IMPDH_1	FOM_9_4:51348-52490	FOM_9_00125
prokka_FOM_9/FOM_9:Gene	IMPDH_2	FOM_9_4:52504-53373	FOM_9_00126
prokka_FOM_9/FOM_9:Gene	adeC	FOM_9_4:53428-55089	FOM_9_00127
prokka_FOM_9/FOM_9:Gene	ruvA	FOM_9_4:55399-55998	FOM_9_00128
prokka_FOM_9/FOM_9:Gene	ruvB	FOM_9_4:56021-57031	FOM_9_00129
prokka_FOM_9/FOM_9:Gene	queA	FOM_9_4:57037-58083	FOM_9_00130
prokka_FOM_9/FOM_9:Gene	FOM_9_00131	FOM_9_4:58189-58260	FOM_9_00131
prokka_FOM_9/FOM_9:Gene	rpiA_1	FOM_9_5:c1076-378	FOM_9_00132
prokka_FOM_9/FOM_9:Gene	mutY	FOM_9_5:1219-2316	FOM_9_00133
prokka_FOM_9/FOM_9:Gene	rihC	FOM_9_5:2418-3335	FOM_9_00134
prokka_FOM_9/FOM_9:Gene	rsmG	FOM_9_5:3483-4202	FOM_9_00135
prokka_FOM_9/FOM_9:Gene	soj	FOM_9_5:4216-4986	FOM_9_00136
prokka_FOM_9/FOM_9:Gene	spo0J	FOM_9_5:4973-5881	FOM_9_00137
prokka_FOM_9/FOM_9:Gene	FOM_9_00138	FOM_9_5:5897-6091	FOM_9_00138
prokka_FOM_9/FOM_9:Gene	ychF	FOM_9_5:6115-7218	FOM_9_00139
prokka_FOM_9/FOM_9:Gene	FOM_9_00140	FOM_9_5:7231-7956	FOM_9_00140
prokka_FOM_9/FOM_9:Gene	srrA_1	FOM_9_5:7983-8672	FOM_9_00141
prokka_FOM_9/FOM_9:Gene	rcsC_1	FOM_9_5:8715-9836	FOM_9_00142
prokka_FOM_9/FOM_9:Gene	dacA_1	FOM_9_5:9842-11107	FOM_9_00143
prokka_FOM_9/FOM_9:Gene	FOM_9_00144	FOM_9_5:c12116-11598	FOM_9_00144
prokka_FOM_9/FOM_9:Gene	FOM_9_00145	FOM_9_5:12191-12559	FOM_9_00145
prokka_FOM_9/FOM_9:Gene	sigV	FOM_9_5:12654-13133	FOM_9_00146
prokka_FOM_9/FOM_9:Gene	rsiV	FOM_9_5:13135-13953	FOM_9_00147
prokka_FOM_9/FOM_9:Gene	mdrP	FOM_9_5:14056-15276	FOM_9_00148
prokka_FOM_9/FOM_9:Gene	FOM_9_00149	FOM_9_5:c16013-15342	FOM_9_00149
prokka_FOM_9/FOM_9:Gene	FOM_9_00150	FOM_9_5:c16235-16163	FOM_9_00150
prokka_FOM_9/FOM_9:Gene	FOM_9_00151	FOM_9_5:c16327-16243	FOM_9_00151
prokka_FOM_9/FOM_9:Gene	cpdA	FOM_9_5:c17213-16386	FOM_9_00152
prokka_FOM_9/FOM_9:Gene	dtpT_1	FOM_9_5:17403-18848	FOM_9_00153
prokka_FOM_9/FOM_9:Gene	stp	FOM_9_5:18965-20512	FOM_9_00154
prokka_FOM_9/FOM_9:Gene	glcU_1	FOM_9_5:20690-21643	FOM_9_00155
prokka_FOM_9/FOM_9:Gene	gmuE_1	FOM_9_5:21656-22534	FOM_9_00156
prokka_FOM_9/FOM_9:Gene	xylT_1	FOM_9_5:22741-24111	FOM_9_00157
prokka_FOM_9/FOM_9:Gene	FOM_9_00158	FOM_9_5:24253-24335	FOM_9_00158
prokka_FOM_9/FOM_9:Gene	FOM_9_00159	FOM_9_5:24345-24417	FOM_9_00159
prokka_FOM_9/FOM_9:Gene	FOM_9_00160	FOM_9_5:24536-24608	FOM_9_00160
prokka_FOM_9/FOM_9:Gene	FOM_9_00161	FOM_9_5:24729-25469	FOM_9_00161
prokka_FOM_9/FOM_9:Gene	nth	FOM_9_5:25538-26200	FOM_9_00162
prokka_FOM_9/FOM_9:Gene	FOM_9_00163	FOM_9_5:26215-27096	FOM_9_00163
prokka_FOM_9/FOM_9:Gene	FOM_9_00164	FOM_9_5:27093-27566	FOM_9_00164
prokka_FOM_9/FOM_9:Gene	oatA	FOM_9_5:27696-29579	FOM_9_00165
prokka_FOM_9/FOM_9:Gene	zitR	FOM_9_5:29682-30146	FOM_9_00166
prokka_FOM_9/FOM_9:Gene	FOM_9_00167	FOM_9_5:30278-31231	FOM_9_00167
prokka_FOM_9/FOM_9:Gene	znuC_1	FOM_9_5:31231-31926	FOM_9_00168
prokka_FOM_9/FOM_9:Gene	znuB	FOM_9_5:31919-32701	FOM_9_00169
prokka_FOM_9/FOM_9:Gene	ybiT	FOM_9_5:33254-34885	FOM_9_00170
prokka_FOM_9/FOM_9:Gene	FOM_9_00171	FOM_9_5:35035-36408	FOM_9_00171
prokka_FOM_9/FOM_9:Gene	FOM_9_00172	FOM_9_5:c37068-36553	FOM_9_00172
prokka_FOM_9/FOM_9:Gene	araR	FOM_9_5:c38300-37215	FOM_9_00173
prokka_FOM_9/FOM_9:Gene	FOM_9_00174	FOM_9_5:38711-39685	FOM_9_00174
prokka_FOM_9/FOM_9:Gene	rafB	FOM_9_5:39712-40989	FOM_9_00175
prokka_FOM_9/FOM_9:Gene	FOM_9_00176	FOM_9_5:c43262-41346	FOM_9_00176
prokka_FOM_9/FOM_9:Gene	xylB_1	FOM_9_5:43963-45630	FOM_9_00177
prokka_FOM_9/FOM_9:Gene	araD	FOM_9_5:45599-46312	FOM_9_00178
prokka_FOM_9/FOM_9:Gene	araA	FOM_9_5:46340-47773	FOM_9_00179
prokka_FOM_9/FOM_9:Gene	FOM_9_00180	FOM_9_5:47979-48827	FOM_9_00180
prokka_FOM_9/FOM_9:Gene	FOM_9_00181	FOM_9_5:49302-49517	FOM_9_00181
prokka_FOM_9/FOM_9:Gene	FOM_9_00182	FOM_9_5:49541-49768	FOM_9_00182
prokka_FOM_9/FOM_9:Gene	xylT_2	FOM_9_5:49950-50102	FOM_9_00183
prokka_FOM_9/FOM_9:Gene	xylT_3	FOM_9_5:50106-51353	FOM_9_00184
prokka_FOM_9/FOM_9:Gene	glnQ_1	FOM_9_5:51568-52299	FOM_9_00185
prokka_FOM_9/FOM_9:Gene	mltF_1	FOM_9_5:52316-53779	FOM_9_00186
prokka_FOM_9/FOM_9:Gene	FOM_9_00187	FOM_9_5:53862-54710	FOM_9_00187
prokka_FOM_9/FOM_9:Gene	FOM_9_00188	FOM_9_5:54764-55825	FOM_9_00188
prokka_FOM_9/FOM_9:Gene	FOM_9_00189	FOM_9_5:55957-56871	FOM_9_00189
prokka_FOM_9/FOM_9:Gene	FOM_9_00190	FOM_9_5:56896-57036	FOM_9_00190
prokka_FOM_9/FOM_9:Gene	FOM_9_00191	FOM_9_5:57417-58925	FOM_9_00191
prokka_FOM_9/FOM_9:Gene	FOM_9_00192	FOM_9_5:59110-59985	FOM_9_00192
prokka_FOM_9/FOM_9:Gene	FOM_9_00193	FOM_9_5:59978-60124	FOM_9_00193
prokka_FOM_9/FOM_9:Gene	FOM_9_00194	FOM_9_5:60124-61434	FOM_9_00194
prokka_FOM_9/FOM_9:Gene	FOM_9_00195	FOM_9_5:61445-62572	FOM_9_00195
prokka_FOM_9/FOM_9:Gene	mnaA	FOM_9_5:62565-63668	FOM_9_00196
prokka_FOM_9/FOM_9:Gene	ybaK	FOM_9_5:63791-64285	FOM_9_00197
prokka_FOM_9/FOM_9:Gene	FOM_9_00198	FOM_9_5:64288-65007	FOM_9_00198
prokka_FOM_9/FOM_9:Gene	yedJ	FOM_9_5:65028-65702	FOM_9_00199
prokka_FOM_9/FOM_9:Gene	ribZ_1	FOM_9_5:65712-67097	FOM_9_00200
prokka_FOM_9/FOM_9:Gene	epsL	FOM_9_5:67280-67864	FOM_9_00201
prokka_FOM_9/FOM_9:Gene	gmuR	FOM_9_5:67953-68684	FOM_9_00202
prokka_FOM_9/FOM_9:Gene	xpkA	FOM_9_5:68894-71353	FOM_9_00203
prokka_FOM_9/FOM_9:Gene	FOM_9_00204	FOM_9_5:71601-72257	FOM_9_00204
prokka_FOM_9/FOM_9:Gene	FOM_9_00205	FOM_9_5:73145-74680	FOM_9_00205
prokka_FOM_9/FOM_9:Gene	FOM_9_00206	FOM_9_5:74677-75663	FOM_9_00206
prokka_FOM_9/FOM_9:Gene	FOM_9_00207	FOM_9_5:75690-76553	FOM_9_00207
prokka_FOM_9/FOM_9:Gene	wbbD	FOM_9_5:76596-77426	FOM_9_00208
prokka_FOM_9/FOM_9:Gene	FOM_9_00209	FOM_9_5:77474-78538	FOM_9_00209
prokka_FOM_9/FOM_9:Gene	FOM_9_00210	FOM_9_5:78551-79195	FOM_9_00210
prokka_FOM_9/FOM_9:Gene	FOM_9_00211	FOM_9_5:79203-80051	FOM_9_00211
prokka_FOM_9/FOM_9:Gene	epsF_1	FOM_9_5:80278-81360	FOM_9_00212
prokka_FOM_9/FOM_9:Gene	FOM_9_00213	FOM_9_5:81375-82343	FOM_9_00213
prokka_FOM_9/FOM_9:Gene	FOM_9_00214	FOM_9_5:82579-85746	FOM_9_00214
prokka_FOM_9/FOM_9:Gene	yxaB	FOM_9_5:85932-86984	FOM_9_00215
prokka_FOM_9/FOM_9:Gene	FOM_9_00216	FOM_9_5:86987-87151	FOM_9_00216
prokka_FOM_9/FOM_9:Gene	FOM_9_00217	FOM_9_5:87157-88380	FOM_9_00217
prokka_FOM_9/FOM_9:Gene	FOM_9_00218	FOM_9_5:88431-89153	FOM_9_00218
prokka_FOM_9/FOM_9:Gene	FOM_9_00219	FOM_9_5:89253-91787	FOM_9_00219
prokka_FOM_9/FOM_9:Gene	FOM_9_00220	FOM_9_5:91838-92245	FOM_9_00220
prokka_FOM_9/FOM_9:Gene	FOM_9_00221	FOM_9_5:92363-94405	FOM_9_00221
prokka_FOM_9/FOM_9:Gene	FOM_9_00222	FOM_9_5:94423-95304	FOM_9_00222
prokka_FOM_9/FOM_9:Gene	FOM_9_00223	FOM_9_5:95433-95729	FOM_9_00223
prokka_FOM_9/FOM_9:Gene	pepO	FOM_9_5:95804-97699	FOM_9_00224
prokka_FOM_9/FOM_9:Gene	yodB_1	FOM_9_6:c926-597	FOM_9_00225
prokka_FOM_9/FOM_9:Gene	FOM_9_00226	FOM_9_6:c1766-1287	FOM_9_00226
prokka_FOM_9/FOM_9:Gene	rlmB	FOM_9_6:c2586-1816	FOM_9_00227
prokka_FOM_9/FOM_9:Gene	femX_1	FOM_9_6:2717-3733	FOM_9_00228
prokka_FOM_9/FOM_9:Gene	FOM_9_00229	FOM_9_6:3862-3954	FOM_9_00229
prokka_FOM_9/FOM_9:Gene	FOM_9_00230	FOM_9_6:c4525-4007	FOM_9_00230
prokka_FOM_9/FOM_9:Gene	prfB	FOM_9_6:c5909-4794	FOM_9_00231
prokka_FOM_9/FOM_9:Gene	secA	FOM_9_6:c8341-5975	FOM_9_00232
prokka_FOM_9/FOM_9:Gene	gltX	FOM_9_6:c10537-9041	FOM_9_00233
prokka_FOM_9/FOM_9:Gene	yacL	FOM_9_6:c11720-10617	FOM_9_00234
prokka_FOM_9/FOM_9:Gene	radA	FOM_9_6:c13109-11736	FOM_9_00235
prokka_FOM_9/FOM_9:Gene	dut	FOM_9_6:c13666-13124	FOM_9_00236
prokka_FOM_9/FOM_9:Gene	yjdJ	FOM_9_6:c14040-13762	FOM_9_00237
prokka_FOM_9/FOM_9:Gene	FOM_9_00238	FOM_9_6:c14626-14084	FOM_9_00238
prokka_FOM_9/FOM_9:Gene	FOM_9_00239	FOM_9_6:c15574-14687	FOM_9_00239
prokka_FOM_9/FOM_9:Gene	FOM_9_00240	FOM_9_6:c16990-15983	FOM_9_00240
prokka_FOM_9/FOM_9:Gene	aldC	FOM_9_6:c17795-17076	FOM_9_00241
prokka_FOM_9/FOM_9:Gene	alsS	FOM_9_6:c19545-17857	FOM_9_00242
prokka_FOM_9/FOM_9:Gene	ldh_1	FOM_9_6:c20728-19775	FOM_9_00243
prokka_FOM_9/FOM_9:Gene	FOM_9_00244	FOM_9_6:c21876-21682	FOM_9_00244
prokka_FOM_9/FOM_9:Gene	FOM_9_00245	FOM_9_6:c21998-21903	FOM_9_00245
prokka_FOM_9/FOM_9:Gene	FOM_9_00246	FOM_9_6:c22397-22002	FOM_9_00246
prokka_FOM_9/FOM_9:Gene	FOM_9_00247	FOM_9_6:c22832-22677	FOM_9_00247
prokka_FOM_9/FOM_9:Gene	FOM_9_00248	FOM_9_6:c24561-23149	FOM_9_00248
prokka_FOM_9/FOM_9:Gene	FOM_9_00249	FOM_9_6:c25483-24572	FOM_9_00249
prokka_FOM_9/FOM_9:Gene	FOM_9_00250	FOM_9_6:c25785-25480	FOM_9_00250
prokka_FOM_9/FOM_9:Gene	FOM_9_00251	FOM_9_6:c26235-25864	FOM_9_00251
prokka_FOM_9/FOM_9:Gene	FOM_9_00252	FOM_9_6:c26596-26228	FOM_9_00252
prokka_FOM_9/FOM_9:Gene	FOM_9_00253	FOM_9_6:c26863-26609	FOM_9_00253
prokka_FOM_9/FOM_9:Gene	FOM_9_00254	FOM_9_6:c27790-27155	FOM_9_00254
prokka_FOM_9/FOM_9:Gene	FOM_9_00255	FOM_9_6:c27970-27839	FOM_9_00255
prokka_FOM_9/FOM_9:Gene	FOM_9_00256	FOM_9_6:c28625-27963	FOM_9_00256
prokka_FOM_9/FOM_9:Gene	FOM_9_00257	FOM_9_6:c28858-28658	FOM_9_00257
prokka_FOM_9/FOM_9:Gene	FOM_9_00258	FOM_9_6:29131-29478	FOM_9_00258
prokka_FOM_9/FOM_9:Gene	FOM_9_00259	FOM_9_7:55-309	FOM_9_00259
prokka_FOM_9/FOM_9:Gene	FOM_9_00260	FOM_9_7:417-1079	FOM_9_00260
prokka_FOM_9/FOM_9:Gene	FOM_9_00261	FOM_9_7:c1780-1205	FOM_9_00261
prokka_FOM_9/FOM_9:Gene	Int-Tn	FOM_9_7:2021-3088	FOM_9_00262
prokka_FOM_9/FOM_9:Gene	rplL	FOM_9_7:c3512-3147	FOM_9_00263
prokka_FOM_9/FOM_9:Gene	rplJ	FOM_9_7:c4109-3603	FOM_9_00264
prokka_FOM_9/FOM_9:Gene	rplA	FOM_9_7:c5028-4336	FOM_9_00265
prokka_FOM_9/FOM_9:Gene	rplK	FOM_9_7:c5550-5125	FOM_9_00266
prokka_FOM_9/FOM_9:Gene	nusG	FOM_9_7:c6262-5708	FOM_9_00267
prokka_FOM_9/FOM_9:Gene	FOM_9_00268	FOM_9_7:c6536-6366	FOM_9_00268
prokka_FOM_9/FOM_9:Gene	rpmG3	FOM_9_7:c6731-6582	FOM_9_00269
prokka_FOM_9/FOM_9:Gene	FOM_9_00270	FOM_9_7:c7343-6798	FOM_9_00270
prokka_FOM_9/FOM_9:Gene	FOM_9_00271	FOM_9_7:c8356-7460	FOM_9_00271
prokka_FOM_9/FOM_9:Gene	mrnC	FOM_9_7:c8765-8337	FOM_9_00272
prokka_FOM_9/FOM_9:Gene	luxS	FOM_9_7:c9299-8820	FOM_9_00273
prokka_FOM_9/FOM_9:Gene	metQ_1	FOM_9_7:c10156-9302	FOM_9_00274
prokka_FOM_9/FOM_9:Gene	FOM_9_00275	FOM_9_7:c11279-10161	FOM_9_00275
prokka_FOM_9/FOM_9:Gene	metC	FOM_9_7:c12430-11282	FOM_9_00276
prokka_FOM_9/FOM_9:Gene	cysS	FOM_9_7:c14812-13397	FOM_9_00277
prokka_FOM_9/FOM_9:Gene	pycA	FOM_9_7:c18328-14891	FOM_9_00278
prokka_FOM_9/FOM_9:Gene	ldh_2	FOM_9_7:c19307-18348	FOM_9_00279
prokka_FOM_9/FOM_9:Gene	yflS	FOM_9_7:c20821-19400	FOM_9_00280
prokka_FOM_9/FOM_9:Gene	FOM_9_00281	FOM_9_7:c22249-20855	FOM_9_00281
prokka_FOM_9/FOM_9:Gene	fumC	FOM_9_7:c23648-22254	FOM_9_00282
prokka_FOM_9/FOM_9:Gene	oxyR_1	FOM_9_7:c24551-23667	FOM_9_00283
prokka_FOM_9/FOM_9:Gene	FOM_9_00284	FOM_9_7:c25125-24655	FOM_9_00284
prokka_FOM_9/FOM_9:Gene	apbE	FOM_9_7:c26073-25129	FOM_9_00285
prokka_FOM_9/FOM_9:Gene	FOM_9_00286	FOM_9_7:c26921-26070	FOM_9_00286
prokka_FOM_9/FOM_9:Gene	nadE	FOM_9_7:c28085-27261	FOM_9_00287
prokka_FOM_9/FOM_9:Gene	pncB2	FOM_9_7:c29585-28101	FOM_9_00288
prokka_FOM_9/FOM_9:Gene	FOM_9_00289	FOM_9_7:29745-30419	FOM_9_00289
prokka_FOM_9/FOM_9:Gene	nlpA	FOM_9_7:30874-31704	FOM_9_00290
prokka_FOM_9/FOM_9:Gene	metN	FOM_9_7:31786-32835	FOM_9_00291
prokka_FOM_9/FOM_9:Gene	FOM_9_00292	FOM_9_7:32835-33530	FOM_9_00292
prokka_FOM_9/FOM_9:Gene	qmcA	FOM_9_7:c34496-33597	FOM_9_00293
prokka_FOM_9/FOM_9:Gene	FOM_9_00294	FOM_9_7:c34692-34483	FOM_9_00294
prokka_FOM_9/FOM_9:Gene	FOM_9_00295	FOM_9_7:c34897-34682	FOM_9_00295
prokka_FOM_9/FOM_9:Gene	rplQ	FOM_9_7:c35580-35194	FOM_9_00296
prokka_FOM_9/FOM_9:Gene	rpoA	FOM_9_7:c36563-35619	FOM_9_00297
prokka_FOM_9/FOM_9:Gene	rpsK	FOM_9_7:c37001-36615	FOM_9_00298
prokka_FOM_9/FOM_9:Gene	rpsM	FOM_9_7:c37398-37033	FOM_9_00299
prokka_FOM_9/FOM_9:Gene	rpmJ	FOM_9_7:c37570-37451	FOM_9_00300
prokka_FOM_9/FOM_9:Gene	infA	FOM_9_7:c37820-37605	FOM_9_00301
prokka_FOM_9/FOM_9:Gene	adk	FOM_9_7:c38482-37913	FOM_9_00302
prokka_FOM_9/FOM_9:Gene	secY	FOM_9_7:c39786-38479	FOM_9_00303
prokka_FOM_9/FOM_9:Gene	rplO	FOM_9_7:c40220-39786	FOM_9_00304
prokka_FOM_9/FOM_9:Gene	rpmD	FOM_9_7:c40443-40258	FOM_9_00305
prokka_FOM_9/FOM_9:Gene	rpsE	FOM_9_7:c40958-40455	FOM_9_00306
prokka_FOM_9/FOM_9:Gene	rplR	FOM_9_7:c41334-40978	FOM_9_00307
prokka_FOM_9/FOM_9:Gene	rplF	FOM_9_7:c41961-41425	FOM_9_00308
prokka_FOM_9/FOM_9:Gene	rpsH	FOM_9_7:c42391-41993	FOM_9_00309
prokka_FOM_9/FOM_9:Gene	rplE	FOM_9_7:c42978-42436	FOM_9_00310
prokka_FOM_9/FOM_9:Gene	rplX	FOM_9_7:c43316-43008	FOM_9_00311
prokka_FOM_9/FOM_9:Gene	rplN	FOM_9_7:c43717-43349	FOM_9_00312
prokka_FOM_9/FOM_9:Gene	rpsQ	FOM_9_7:c44029-43763	FOM_9_00313
prokka_FOM_9/FOM_9:Gene	rpmC	FOM_9_7:c44255-44049	FOM_9_00314
prokka_FOM_9/FOM_9:Gene	rplP	FOM_9_7:c44674-44255	FOM_9_00315
prokka_FOM_9/FOM_9:Gene	rpsC	FOM_9_7:c45344-44676	FOM_9_00316
prokka_FOM_9/FOM_9:Gene	rplV	FOM_9_7:c45705-45358	FOM_9_00317
prokka_FOM_9/FOM_9:Gene	rpsS	FOM_9_7:c46004-45723	FOM_9_00318
prokka_FOM_9/FOM_9:Gene	rplB	FOM_9_7:c46892-46059	FOM_9_00319
prokka_FOM_9/FOM_9:Gene	rplW	FOM_9_7:c47196-46909	FOM_9_00320
prokka_FOM_9/FOM_9:Gene	rplD	FOM_9_7:c47819-47196	FOM_9_00321
prokka_FOM_9/FOM_9:Gene	rplC	FOM_9_7:c48470-47844	FOM_9_00322
prokka_FOM_9/FOM_9:Gene	rpsJ	FOM_9_7:c48867-48559	FOM_9_00323
prokka_FOM_9/FOM_9:Gene	hexs-b	FOM_9_7:49381-50370	FOM_9_00324
prokka_FOM_9/FOM_9:Gene	tsaD	FOM_9_7:c51458-50436	FOM_9_00325
prokka_FOM_9/FOM_9:Gene	FOM_9_00326	FOM_9_7:c51914-51468	FOM_9_00326
prokka_FOM_9/FOM_9:Gene	mshD	FOM_9_7:c52443-51892	FOM_9_00327
prokka_FOM_9/FOM_9:Gene	tsaB	FOM_9_7:c53185-52463	FOM_9_00328
prokka_FOM_9/FOM_9:Gene	galE	FOM_9_7:c54296-53304	FOM_9_00329
prokka_FOM_9/FOM_9:Gene	FOM_9_00330	FOM_9_7:c55080-54337	FOM_9_00330
prokka_FOM_9/FOM_9:Gene	rsmI	FOM_9_7:c55960-55085	FOM_9_00331
prokka_FOM_9/FOM_9:Gene	FOM_9_00332	FOM_9_7:c56967-55957	FOM_9_00332
prokka_FOM_9/FOM_9:Gene	darA	FOM_9_7:c57306-56977	FOM_9_00333
prokka_FOM_9/FOM_9:Gene	tmk	FOM_9_7:c57963-57319	FOM_9_00334
prokka_FOM_9/FOM_9:Gene	FOM_9_00335	FOM_9_7:c58272-58057	FOM_9_00335
prokka_FOM_9/FOM_9:Gene	FOM_9_00336	FOM_9_7:c58559-58299	FOM_9_00336
prokka_FOM_9/FOM_9:Gene	recR	FOM_9_7:c59158-58559	FOM_9_00337
prokka_FOM_9/FOM_9:Gene	FOM_9_00338	FOM_9_7:c59503-59195	FOM_9_00338
prokka_FOM_9/FOM_9:Gene	FOM_9_00339	FOM_9_7:c61367-59529	FOM_9_00339
prokka_FOM_9/FOM_9:Gene	tadA_1	FOM_9_7:c62142-61597	FOM_9_00340
prokka_FOM_9/FOM_9:Gene	rsmC	FOM_9_7:c62740-62123	FOM_9_00341
prokka_FOM_9/FOM_9:Gene	FOM_9_00342	FOM_9_7:62860-63414	FOM_9_00342
prokka_FOM_9/FOM_9:Gene	yycB_1	FOM_9_7:c64630-63458	FOM_9_00343
prokka_FOM_9/FOM_9:Gene	FOM_9_00344	FOM_9_7:c65702-64737	FOM_9_00344
prokka_FOM_9/FOM_9:Gene	FOM_9_00345	FOM_9_7:c66252-65839	FOM_9_00345
prokka_FOM_9/FOM_9:Gene	FOM_9_00346	FOM_9_7:c66598-66407	FOM_9_00346
prokka_FOM_9/FOM_9:Gene	FOM_9_00347	FOM_9_7:c67226-66735	FOM_9_00347
prokka_FOM_9/FOM_9:Gene	pepF1_1	FOM_9_7:67328-69133	FOM_9_00348
prokka_FOM_9/FOM_9:Gene	FOM_9_00349	FOM_9_7:c69679-69179	FOM_9_00349
prokka_FOM_9/FOM_9:Gene	clcB	FOM_9_7:c71143-69881	FOM_9_00350
prokka_FOM_9/FOM_9:Gene	FOM_9_00351	FOM_9_7:c72139-71297	FOM_9_00351
prokka_FOM_9/FOM_9:Gene	FOM_9_00352	FOM_9_7:c72559-72158	FOM_9_00352
prokka_FOM_9/FOM_9:Gene	rlmA	FOM_9_7:c73545-72697	FOM_9_00353
prokka_FOM_9/FOM_9:Gene	fadR	FOM_9_7:c74125-73532	FOM_9_00354
prokka_FOM_9/FOM_9:Gene	FOM_9_00355	FOM_9_7:74246-75121	FOM_9_00355
prokka_FOM_9/FOM_9:Gene	FOM_9_00356	FOM_9_7:c75783-75262	FOM_9_00356
prokka_FOM_9/FOM_9:Gene	FOM_9_00357	FOM_9_7:c76106-75987	FOM_9_00357
prokka_FOM_9/FOM_9:Gene	FOM_9_00358	FOM_9_7:c76718-76167	FOM_9_00358
prokka_FOM_9/FOM_9:Gene	bdhA_1	FOM_9_7:c78077-76878	FOM_9_00359
prokka_FOM_9/FOM_9:Gene	FOM_9_00360	FOM_9_7:78230-78610	FOM_9_00360
prokka_FOM_9/FOM_9:Gene	FOM_9_00361	FOM_9_7:c78888-78607	FOM_9_00361
prokka_FOM_9/FOM_9:Gene	rpoC	FOM_9_7:c82758-79102	FOM_9_00362
prokka_FOM_9/FOM_9:Gene	rpoB	FOM_9_7:c86522-82917	FOM_9_00363
prokka_FOM_9/FOM_9:Gene	clpC_1	FOM_9_7:c89297-86799	FOM_9_00364
prokka_FOM_9/FOM_9:Gene	ctsR	FOM_9_7:c89776-89300	FOM_9_00365
prokka_FOM_9/FOM_9:Gene	FOM_9_00366	FOM_9_7:c90096-90021	FOM_9_00366
prokka_FOM_9/FOM_9:Gene	FOM_9_00367	FOM_9_7:c90205-90133	FOM_9_00367
prokka_FOM_9/FOM_9:Gene	FOM_9_00368	FOM_9_7:c90285-90211	FOM_9_00368
prokka_FOM_9/FOM_9:Gene	FOM_9_00369	FOM_9_7:c90388-90305	FOM_9_00369
prokka_FOM_9/FOM_9:Gene	serS	FOM_9_7:c91929-90646	FOM_9_00370
prokka_FOM_9/FOM_9:Gene	FOM_9_00371	FOM_9_7:c92596-91946	FOM_9_00371
prokka_FOM_9/FOM_9:Gene	FOM_9_00372	FOM_9_7:c93453-92668	FOM_9_00372
prokka_FOM_9/FOM_9:Gene	atpC	FOM_9_7:c93974-93558	FOM_9_00373
prokka_FOM_9/FOM_9:Gene	atpD	FOM_9_7:c95387-93987	FOM_9_00374
prokka_FOM_9/FOM_9:Gene	atpG	FOM_9_7:c96309-95431	FOM_9_00375
prokka_FOM_9/FOM_9:Gene	atpA	FOM_9_7:c97839-96328	FOM_9_00376
prokka_FOM_9/FOM_9:Gene	atpH_1	FOM_9_7:c98457-97915	FOM_9_00377
prokka_FOM_9/FOM_9:Gene	atpF	FOM_9_7:c98972-98457	FOM_9_00378
prokka_FOM_9/FOM_9:Gene	atpH_2	FOM_9_7:c99215-98997	FOM_9_00379
prokka_FOM_9/FOM_9:Gene	atpB	FOM_9_7:c99969-99247	FOM_9_00380
prokka_FOM_9/FOM_9:Gene	pyrP	FOM_9_7:c101575-100298	FOM_9_00381
prokka_FOM_9/FOM_9:Gene	FOM_9_00382	FOM_9_7:c102213-101803	FOM_9_00382
prokka_FOM_9/FOM_9:Gene	yhfK	FOM_9_7:c102914-102279	FOM_9_00383
prokka_FOM_9/FOM_9:Gene	upp	FOM_9_7:c103650-103021	FOM_9_00384
prokka_FOM_9/FOM_9:Gene	glyA	FOM_9_7:c104943-103693	FOM_9_00385
prokka_FOM_9/FOM_9:Gene	ywlC	FOM_9_7:c106019-104991	FOM_9_00386
prokka_FOM_9/FOM_9:Gene	prmC	FOM_9_7:c106888-106025	FOM_9_00387
prokka_FOM_9/FOM_9:Gene	prfA	FOM_9_7:c107979-106894	FOM_9_00388
prokka_FOM_9/FOM_9:Gene	tdk_1	FOM_9_7:c108608-108012	FOM_9_00389
prokka_FOM_9/FOM_9:Gene	FOM_9_00390	FOM_9_7:c109837-108728	FOM_9_00390
prokka_FOM_9/FOM_9:Gene	gatD	FOM_9_7:c110674-109964	FOM_9_00391
prokka_FOM_9/FOM_9:Gene	murT	FOM_9_7:c112031-110679	FOM_9_00392
prokka_FOM_9/FOM_9:Gene	yvyI	FOM_9_7:c113147-112182	FOM_9_00393
prokka_FOM_9/FOM_9:Gene	FOM_9_00394	FOM_9_7:c113898-113179	FOM_9_00394
prokka_FOM_9/FOM_9:Gene	maa	FOM_9_7:c114596-113991	FOM_9_00395
prokka_FOM_9/FOM_9:Gene	FOM_9_00396	FOM_9_7:114751-114824	FOM_9_00396
prokka_FOM_9/FOM_9:Gene	FOM_9_00397	FOM_9_7:114853-114926	FOM_9_00397
prokka_FOM_9/FOM_9:Gene	FOM_9_00398	FOM_9_7:c118305-115027	FOM_9_00398
prokka_FOM_9/FOM_9:Gene	FOM_9_00399	FOM_9_7:c120512-118728	FOM_9_00399
prokka_FOM_9/FOM_9:Gene	FOM_9_00400	FOM_9_7:c122228-120516	FOM_9_00400
prokka_FOM_9/FOM_9:Gene	FOM_9_00401	FOM_9_7:c123163-122378	FOM_9_00401
prokka_FOM_9/FOM_9:Gene	FOM_9_00402	FOM_9_7:c124260-123211	FOM_9_00402
prokka_FOM_9/FOM_9:Gene	hflX	FOM_9_7:c125560-124271	FOM_9_00403
prokka_FOM_9/FOM_9:Gene	gpmA_1	FOM_9_7:c126239-125568	FOM_9_00404
prokka_FOM_9/FOM_9:Gene	FOM_9_00405	FOM_9_7:126479-126552	FOM_9_00405
prokka_FOM_9/FOM_9:Gene	FOM_9_00406	FOM_9_7:126580-126654	FOM_9_00406
prokka_FOM_9/FOM_9:Gene	FOM_9_00407	FOM_9_7:c127507-126764	FOM_9_00407
prokka_FOM_9/FOM_9:Gene	exoA	FOM_9_7:127671-128501	FOM_9_00408
prokka_FOM_9/FOM_9:Gene	FOM_9_00409	FOM_9_7:c129879-128596	FOM_9_00409
prokka_FOM_9/FOM_9:Gene	adhE	FOM_9_7:c130268-130035	FOM_9_00410
prokka_FOM_9/FOM_9:Gene	FOM_9_00411	FOM_9_8:147-1163	FOM_9_00411
prokka_FOM_9/FOM_9:Gene	FOM_9_00412	FOM_9_8:c1712-1353	FOM_9_00412
prokka_FOM_9/FOM_9:Gene	addB	FOM_9_8:1959-5507	FOM_9_00413
prokka_FOM_9/FOM_9:Gene	addA	FOM_9_8:5511-9296	FOM_9_00414
prokka_FOM_9/FOM_9:Gene	adhA	FOM_9_8:9479-10525	FOM_9_00415
prokka_FOM_9/FOM_9:Gene	FOM_9_00416	FOM_9_8:c11912-10689	FOM_9_00416
prokka_FOM_9/FOM_9:Gene	glpK_1	FOM_9_8:12118-13632	FOM_9_00417
prokka_FOM_9/FOM_9:Gene	zwf	FOM_9_8:13783-15246	FOM_9_00418
prokka_FOM_9/FOM_9:Gene	FOM_9_00419	FOM_9_8:15324-15797	FOM_9_00419
prokka_FOM_9/FOM_9:Gene	purR	FOM_9_8:15967-16821	FOM_9_00420
prokka_FOM_9/FOM_9:Gene	glmU	FOM_9_8:16842-18281	FOM_9_00421
prokka_FOM_9/FOM_9:Gene	prs_1	FOM_9_8:18476-19462	FOM_9_00422
prokka_FOM_9/FOM_9:Gene	rihA_2	FOM_9_8:19534-20481	FOM_9_00423
prokka_FOM_9/FOM_9:Gene	FOM_9_00424	FOM_9_8:c23335-20543	FOM_9_00424
prokka_FOM_9/FOM_9:Gene	rpsF	FOM_9_8:23809-24108	FOM_9_00425
prokka_FOM_9/FOM_9:Gene	ssb	FOM_9_8:24185-24736	FOM_9_00426
prokka_FOM_9/FOM_9:Gene	rpsR	FOM_9_8:24788-25030	FOM_9_00427
prokka_FOM_9/FOM_9:Gene	FOM_9_00428	FOM_9_8:25262-25744	FOM_9_00428
prokka_FOM_9/FOM_9:Gene	FOM_9_00429	FOM_9_8:c25903-25827	FOM_9_00429
prokka_FOM_9/FOM_9:Gene	bglA_1	FOM_9_9:c2606-1143	FOM_9_00430
prokka_FOM_9/FOM_9:Gene	FOM_9_00431	FOM_9_9:c3750-2764	FOM_9_00431
prokka_FOM_9/FOM_9:Gene	ydaF	FOM_9_9:c4732-4172	FOM_9_00432
prokka_FOM_9/FOM_9:Gene	ybiR_1	FOM_9_9:c5906-4800	FOM_9_00433
prokka_FOM_9/FOM_9:Gene	steT_1	FOM_9_9:c7311-5983	FOM_9_00434
prokka_FOM_9/FOM_9:Gene	FOM_9_00435	FOM_9_9:c7724-7455	FOM_9_00435
prokka_FOM_9/FOM_9:Gene	lepA_2	FOM_9_9:7969-9750	FOM_9_00436
prokka_FOM_9/FOM_9:Gene	xylT_4	FOM_9_9:c11221-9821	FOM_9_00437
prokka_FOM_9/FOM_9:Gene	FOM_9_00438	FOM_9_9:11489-12052	FOM_9_00438
prokka_FOM_9/FOM_9:Gene	lacM	FOM_9_9:c13068-12118	FOM_9_00439
prokka_FOM_9/FOM_9:Gene	lacL	FOM_9_9:c14944-13049	FOM_9_00440
prokka_FOM_9/FOM_9:Gene	clpC_2	FOM_9_9:c17228-15111	FOM_9_00441
prokka_FOM_9/FOM_9:Gene	FOM_9_00442	FOM_9_9:c18250-17513	FOM_9_00442
prokka_FOM_9/FOM_9:Gene	queT	FOM_9_9:c18748-18251	FOM_9_00443
prokka_FOM_9/FOM_9:Gene	FOM_9_00444	FOM_9_9:18914-19381	FOM_9_00444
prokka_FOM_9/FOM_9:Gene	yveA	FOM_9_9:19500-21107	FOM_9_00445
prokka_FOM_9/FOM_9:Gene	FOM_9_00446	FOM_9_9:c21894-21160	FOM_9_00446
prokka_FOM_9/FOM_9:Gene	oxyR_2	FOM_9_9:c22854-21976	FOM_9_00447
prokka_FOM_9/FOM_9:Gene	mleA	FOM_9_9:22982-24607	FOM_9_00448
prokka_FOM_9/FOM_9:Gene	FOM_9_00449	FOM_9_9:24630-25583	FOM_9_00449
prokka_FOM_9/FOM_9:Gene	garB_1	FOM_9_9:c27155-25824	FOM_9_00450
prokka_FOM_9/FOM_9:Gene	FOM_9_00451	FOM_9_9:c27896-27324	FOM_9_00451
prokka_FOM_9/FOM_9:Gene	FOM_9_00452	FOM_9_9:c28431-27928	FOM_9_00452
prokka_FOM_9/FOM_9:Gene	ytrE_1	FOM_9_9:c29161-28481	FOM_9_00453
prokka_FOM_9/FOM_9:Gene	FOM_9_00454	FOM_9_9:c30219-29164	FOM_9_00454
prokka_FOM_9/FOM_9:Gene	FOM_9_00455	FOM_9_9:c31328-30363	FOM_9_00455
prokka_FOM_9/FOM_9:Gene	cfa	FOM_9_9:c32681-31488	FOM_9_00456
prokka_FOM_9/FOM_9:Gene	FOM_9_00457	FOM_9_9:c33174-32806	FOM_9_00457
prokka_FOM_9/FOM_9:Gene	rpsN2	FOM_9_9:c33552-33283	FOM_9_00458
prokka_FOM_9/FOM_9:Gene	rpmGA	FOM_9_9:c33704-33555	FOM_9_00459
prokka_FOM_9/FOM_9:Gene	FOM_9_00460	FOM_9_9:c34373-34005	FOM_9_00460
prokka_FOM_9/FOM_9:Gene	FOM_9_00461	FOM_9_9:c35148-34516	FOM_9_00461
prokka_FOM_9/FOM_9:Gene	FOM_9_00462	FOM_9_9:c35420-35241	FOM_9_00462
prokka_FOM_9/FOM_9:Gene	ackA_1	FOM_9_9:c36665-35472	FOM_9_00463
prokka_FOM_9/FOM_9:Gene	pepT	FOM_9_9:c38065-36833	FOM_9_00464
prokka_FOM_9/FOM_9:Gene	FOM_9_00465	FOM_9_9:c38884-38087	FOM_9_00465
prokka_FOM_9/FOM_9:Gene	trmK	FOM_9_9:c39573-38881	FOM_9_00466
prokka_FOM_9/FOM_9:Gene	FOM_9_00467	FOM_9_9:c40086-39667	FOM_9_00467
prokka_FOM_9/FOM_9:Gene	bepA	FOM_9_9:c41538-40255	FOM_9_00468
prokka_FOM_9/FOM_9:Gene	FOM_9_00469	FOM_9_9:c41783-41634	FOM_9_00469
prokka_FOM_9/FOM_9:Gene	FOM_9_00470	FOM_9_9:c43542-41839	FOM_9_00470
prokka_FOM_9/FOM_9:Gene	FOM_9_00471	FOM_9_9:c44278-43652	FOM_9_00471
prokka_FOM_9/FOM_9:Gene	FOM_9_00472	FOM_9_9:c44691-44305	FOM_9_00472
prokka_FOM_9/FOM_9:Gene	FOM_9_00473	FOM_9_9:44836-45312	FOM_9_00473
prokka_FOM_9/FOM_9:Gene	FOM_9_00474	FOM_9_9:c45774-45397	FOM_9_00474
prokka_FOM_9/FOM_9:Gene	FOM_9_00475	FOM_9_9:c46177-46034	FOM_9_00475
prokka_FOM_9/FOM_9:Gene	FOM_9_00476	FOM_9_9:c46763-46230	FOM_9_00476
prokka_FOM_9/FOM_9:Gene	sbcC	FOM_9_9:c50066-46881	FOM_9_00477
prokka_FOM_9/FOM_9:Gene	sbcD	FOM_9_9:c51238-50069	FOM_9_00478
prokka_FOM_9/FOM_9:Gene	FOM_9_00479	FOM_9_9:c52241-51309	FOM_9_00479
prokka_FOM_9/FOM_9:Gene	yycB_2	FOM_9_9:c53526-52318	FOM_9_00480
prokka_FOM_9/FOM_9:Gene	hmpT	FOM_9_9:c54155-53637	FOM_9_00481
prokka_FOM_9/FOM_9:Gene	pdxK	FOM_9_9:c54969-54157	FOM_9_00482
prokka_FOM_9/FOM_9:Gene	hup_1	FOM_9_9:c55410-55135	FOM_9_00483
prokka_FOM_9/FOM_9:Gene	der	FOM_9_9:c56967-55657	FOM_9_00484
prokka_FOM_9/FOM_9:Gene	rps1	FOM_9_9:c58385-57153	FOM_9_00485
prokka_FOM_9/FOM_9:Gene	cmk	FOM_9_9:c59159-58485	FOM_9_00486
prokka_FOM_9/FOM_9:Gene	FOM_9_00487	FOM_9_9:c59898-59254	FOM_9_00487
prokka_FOM_9/FOM_9:Gene	deaD_1	FOM_9_9:c61421-59979	FOM_9_00488
prokka_FOM_9/FOM_9:Gene	FOM_9_00489	FOM_9_9:c62466-61414	FOM_9_00489
prokka_FOM_9/FOM_9:Gene	ribU	FOM_9_9:c63174-62596	FOM_9_00490
prokka_FOM_9/FOM_9:Gene	FOM_9_00491	FOM_9_9:c63938-63420	FOM_9_00491
prokka_FOM_9/FOM_9:Gene	FOM_9_00492	FOM_9_9:c64612-64025	FOM_9_00492
prokka_FOM_9/FOM_9:Gene	rluB	FOM_9_9:c65428-64661	FOM_9_00493
prokka_FOM_9/FOM_9:Gene	scpB	FOM_9_9:c66069-65434	FOM_9_00494
prokka_FOM_9/FOM_9:Gene	scpA	FOM_9_9:c66841-66059	FOM_9_00495
prokka_FOM_9/FOM_9:Gene	ribT	FOM_9_9:c67205-66834	FOM_9_00496
prokka_FOM_9/FOM_9:Gene	xerD_1	FOM_9_9:c68130-67219	FOM_9_00497
prokka_FOM_9/FOM_9:Gene	cvfB	FOM_9_9:c69007-68132	FOM_9_00498
prokka_FOM_9/FOM_9:Gene	FOM_9_00499	FOM_9_9:69239-69790	FOM_9_00499
prokka_FOM_9/FOM_9:Gene	gerN	FOM_9_9:c70806-69841	FOM_9_00500
prokka_FOM_9/FOM_9:Gene	FOM_9_00501	FOM_9_9:c71087-70917	FOM_9_00501
prokka_FOM_9/FOM_9:Gene	dtd	FOM_9_9:c71678-71232	FOM_9_00502
prokka_FOM_9/FOM_9:Gene	relA	FOM_9_9:c73912-71678	FOM_9_00503
prokka_FOM_9/FOM_9:Gene	dnaE	FOM_9_9:c77500-74117	FOM_9_00504
prokka_FOM_9/FOM_9:Gene	FOM_9_00505	FOM_9_9:c77823-77623	FOM_9_00505
prokka_FOM_9/FOM_9:Gene	folA	FOM_9_9:c78431-77928	FOM_9_00506
prokka_FOM_9/FOM_9:Gene	ettA	FOM_9_9:c80321-78432	FOM_9_00507
prokka_FOM_9/FOM_9:Gene	cca	FOM_9_9:c81542-80325	FOM_9_00508
prokka_FOM_9/FOM_9:Gene	FOM_9_00509	FOM_9_9:c82129-81875	FOM_9_00509
prokka_FOM_9/FOM_9:Gene	FOM_9_00510	FOM_9_9:c82840-82610	FOM_9_00510
prokka_FOM_9/FOM_9:Gene	FOM_9_00511	FOM_9_9:c83576-82890	FOM_9_00511
prokka_FOM_9/FOM_9:Gene	FOM_9_00512	FOM_9_9:c83799-83638	FOM_9_00512
prokka_FOM_9/FOM_9:Gene	FOM_9_00513	FOM_9_9:c83994-83824	FOM_9_00513
prokka_FOM_9/FOM_9:Gene	FOM_9_00514	FOM_9_9:c84418-84287	FOM_9_00514
prokka_FOM_9/FOM_9:Gene	FOM_9_00515	FOM_9_9:c85071-84475	FOM_9_00515
prokka_FOM_9/FOM_9:Gene	FOM_9_00516	FOM_9_9:c85281-85120	FOM_9_00516
prokka_FOM_9/FOM_9:Gene	FOM_9_00517	FOM_9_9:c85445-85287	FOM_9_00517
prokka_FOM_9/FOM_9:Gene	FOM_9_00518	FOM_9_9:c85847-85569	FOM_9_00518
prokka_FOM_9/FOM_9:Gene	lcnD	FOM_9_9:c87220-85850	FOM_9_00519
prokka_FOM_9/FOM_9:Gene	lagD	FOM_9_9:c89380-87230	FOM_9_00520
prokka_FOM_9/FOM_9:Gene	glmS	FOM_9_9:c91876-90059	FOM_9_00521
prokka_FOM_9/FOM_9:Gene	FOM_9_00522	FOM_9_9:c92283-92176	FOM_9_00522
prokka_FOM_9/FOM_9:Gene	nrgA	FOM_9_9:c93592-92387	FOM_9_00523
prokka_FOM_9/FOM_9:Gene	FOM_9_00524	FOM_9_9:c94253-93771	FOM_9_00524
prokka_FOM_9/FOM_9:Gene	FOM_9_00525	FOM_9_9:c95368-94262	FOM_9_00525
prokka_FOM_9/FOM_9:Gene	tagU_1	FOM_9_9:c96644-95493	FOM_9_00526
prokka_FOM_9/FOM_9:Gene	FOM_9_00527	FOM_9_9:c96957-96868	FOM_9_00527
prokka_FOM_9/FOM_9:Gene	FOM_9_00528	FOM_9_9:97109-97210	FOM_9_00528
prokka_FOM_9/FOM_9:Gene	FOM_9_00529	FOM_9_9:c98219-97260	FOM_9_00529
prokka_FOM_9/FOM_9:Gene	FOM_9_00530	FOM_9_9:c99709-98171	FOM_9_00530
prokka_FOM_9/FOM_9:Gene	FOM_9_00531	FOM_9_9:c100833-99706	FOM_9_00531
prokka_FOM_9/FOM_9:Gene	FOM_9_00532	FOM_9_9:c101793-100837	FOM_9_00532
prokka_FOM_9/FOM_9:Gene	cpsY	FOM_9_9:c102775-101765	FOM_9_00533
prokka_FOM_9/FOM_9:Gene	epsD	FOM_9_9:c103929-102772	FOM_9_00534
prokka_FOM_9/FOM_9:Gene	pglC	FOM_9_9:c104555-103962	FOM_9_00535
prokka_FOM_9/FOM_9:Gene	ywqD	FOM_9_9:c105274-104552	FOM_9_00536
prokka_FOM_9/FOM_9:Gene	ywqC	FOM_9_9:c106150-105287	FOM_9_00537
prokka_FOM_9/FOM_9:Gene	ywqE	FOM_9_9:c107265-106498	FOM_9_00538
prokka_FOM_9/FOM_9:Gene	frr	FOM_9_9:c107946-107389	FOM_9_00539
prokka_FOM_9/FOM_9:Gene	pyrH	FOM_9_9:c108670-107948	FOM_9_00540
prokka_FOM_9/FOM_9:Gene	tsf	FOM_9_9:c109572-108694	FOM_9_00541
prokka_FOM_9/FOM_9:Gene	rpsB	FOM_9_9:c110532-109756	FOM_9_00542
prokka_FOM_9/FOM_9:Gene	FOM_9_00543	FOM_9_9:c110974-110678	FOM_9_00543
prokka_FOM_9/FOM_9:Gene	yfiC	FOM_9_9:c111728-110967	FOM_9_00544
prokka_FOM_9/FOM_9:Gene	plsC	FOM_9_9:111807-112451	FOM_9_00545
prokka_FOM_9/FOM_9:Gene	FOM_9_00546	FOM_9_9:c114155-112488	FOM_9_00546
prokka_FOM_9/FOM_9:Gene	FOM_9_00547	FOM_9_9:c115322-114291	FOM_9_00547
prokka_FOM_9/FOM_9:Gene	FOM_9_00548	FOM_9_9:c116449-115400	FOM_9_00548
prokka_FOM_9/FOM_9:Gene	FOM_9_00549	FOM_9_9:c116739-116512	FOM_9_00549
prokka_FOM_9/FOM_9:Gene	FOM_9_00550	FOM_9_9:c117085-116831	FOM_9_00550
prokka_FOM_9/FOM_9:Gene	lexA	FOM_9_9:117202-117834	FOM_9_00551
prokka_FOM_9/FOM_9:Gene	FOM_9_00552	FOM_9_9:c119876-117888	FOM_9_00552
prokka_FOM_9/FOM_9:Gene	FOM_9_00553	FOM_9_9:c121018-120002	FOM_9_00553
prokka_FOM_9/FOM_9:Gene	apt	FOM_9_9:c121587-121072	FOM_9_00554
prokka_FOM_9/FOM_9:Gene	FOM_9_00555	FOM_9_9:c123898-121592	FOM_9_00555
prokka_FOM_9/FOM_9:Gene	rnz	FOM_9_9:c124898-123915	FOM_9_00556
prokka_FOM_9/FOM_9:Gene	FOM_9_00557	FOM_9_9:c125741-125013	FOM_9_00557
prokka_FOM_9/FOM_9:Gene	FOM_9_00558	FOM_9_9:c126027-125755	FOM_9_00558
prokka_FOM_9/FOM_9:Gene	dnaJ	FOM_9_9:c127031-126120	FOM_9_00559
prokka_FOM_9/FOM_9:Gene	dnaK	FOM_9_9:c128977-127148	FOM_9_00560
prokka_FOM_9/FOM_9:Gene	grpE	FOM_9_9:c129577-129035	FOM_9_00561
prokka_FOM_9/FOM_9:Gene	hrcA	FOM_9_9:c130618-129593	FOM_9_00562
prokka_FOM_9/FOM_9:Gene	FOM_9_00563	FOM_9_9:c131820-130813	FOM_9_00563
prokka_FOM_9/FOM_9:Gene	FOM_9_00564	FOM_9_9:c132680-132042	FOM_9_00564
prokka_FOM_9/FOM_9:Gene	FOM_9_00565	FOM_9_9:c133126-132680	FOM_9_00565
prokka_FOM_9/FOM_9:Gene	FOM_9_00566	FOM_9_9:c135179-133245	FOM_9_00566
prokka_FOM_9/FOM_9:Gene	FOM_9_00567	FOM_9_9:c136228-135335	FOM_9_00567
prokka_FOM_9/FOM_9:Gene	glfT1	FOM_9_9:c137136-136237	FOM_9_00568
prokka_FOM_9/FOM_9:Gene	FOM_9_00569	FOM_9_9:c139010-137232	FOM_9_00569
prokka_FOM_9/FOM_9:Gene	csbB	FOM_9_9:c139950-139021	FOM_9_00570
prokka_FOM_9/FOM_9:Gene	rfbX	FOM_9_9:c141499-140045	FOM_9_00571
prokka_FOM_9/FOM_9:Gene	FOM_9_00572	FOM_9_9:c142655-141549	FOM_9_00572
prokka_FOM_9/FOM_9:Gene	wecH	FOM_9_9:c143860-142790	FOM_9_00573
prokka_FOM_9/FOM_9:Gene	FOM_9_00574	FOM_9_9:c145649-143949	FOM_9_00574
prokka_FOM_9/FOM_9:Gene	glf	FOM_9_9:c146893-145715	FOM_9_00575
prokka_FOM_9/FOM_9:Gene	FOM_9_00576	FOM_9_9:c147826-147053	FOM_9_00576
prokka_FOM_9/FOM_9:Gene	FOM_9_00577	FOM_9_9:c149210-147831	FOM_9_00577
prokka_FOM_9/FOM_9:Gene	FOM_9_00578	FOM_9_9:c149858-149226	FOM_9_00578
prokka_FOM_9/FOM_9:Gene	wcaJ	FOM_9_9:c150625-150002	FOM_9_00579
prokka_FOM_9/FOM_9:Gene	map_1	FOM_9_9:c151439-150657	FOM_9_00580
prokka_FOM_9/FOM_9:Gene	FOM_9_00581	FOM_9_9:c152186-151596	FOM_9_00581
prokka_FOM_9/FOM_9:Gene	FOM_9_00582	FOM_9_9:c153599-152259	FOM_9_00582
prokka_FOM_9/FOM_9:Gene	FOM_9_00583	FOM_9_9:c154803-153805	FOM_9_00583
prokka_FOM_9/FOM_9:Gene	FOM_9_00584	FOM_9_9:c156076-154955	FOM_9_00584
prokka_FOM_9/FOM_9:Gene	FOM_9_00585	FOM_9_9:c157392-156244	FOM_9_00585
prokka_FOM_9/FOM_9:Gene	FOM_9_00586	FOM_9_9:c158802-157441	FOM_9_00586
prokka_FOM_9/FOM_9:Gene	FOM_9_00587	FOM_9_9:c159462-158815	FOM_9_00587
prokka_FOM_9/FOM_9:Gene	tarD	FOM_9_9:c159890-159492	FOM_9_00588
prokka_FOM_9/FOM_9:Gene	tarF	FOM_9_9:c161163-160024	FOM_9_00589
prokka_FOM_9/FOM_9:Gene	tagG	FOM_9_9:c162122-161316	FOM_9_00590
prokka_FOM_9/FOM_9:Gene	btuD_2	FOM_9_9:c163252-162134	FOM_9_00591
prokka_FOM_9/FOM_9:Gene	tarJ	FOM_9_9:c164424-163399	FOM_9_00592
prokka_FOM_9/FOM_9:Gene	tarI	FOM_9_9:c165124-164414	FOM_9_00593
prokka_FOM_9/FOM_9:Gene	FOM_9_00594	FOM_9_9:c165927-165133	FOM_9_00594
prokka_FOM_9/FOM_9:Gene	tarL	FOM_9_9:c167235-166048	FOM_9_00595
prokka_FOM_9/FOM_9:Gene	FOM_9_00596	FOM_9_9:c170859-167254	FOM_9_00596
prokka_FOM_9/FOM_9:Gene	FOM_9_00597	FOM_9_9:171354-171848	FOM_9_00597
prokka_FOM_9/FOM_9:Gene	FOM_9_00598	FOM_9_9:c173203-172145	FOM_9_00598
prokka_FOM_9/FOM_9:Gene	FOM_9_00599	FOM_9_9:c173889-173338	FOM_9_00599
prokka_FOM_9/FOM_9:Gene	FOM_9_00600	FOM_9_9:c175949-174192	FOM_9_00600
prokka_FOM_9/FOM_9:Gene	FOM_9_00601	FOM_9_9:c177528-175969	FOM_9_00601
prokka_FOM_9/FOM_9:Gene	FOM_9_00602	FOM_9_9:c178072-177578	FOM_9_00602
prokka_FOM_9/FOM_9:Gene	FOM_9_00603	FOM_9_9:c178243-178082	FOM_9_00603
prokka_FOM_9/FOM_9:Gene	FOM_9_00604	FOM_9_9:c178722-178378	FOM_9_00604
prokka_FOM_9/FOM_9:Gene	FOM_9_00605	FOM_9_9:c179163-178735	FOM_9_00605
prokka_FOM_9/FOM_9:Gene	FOM_9_00606	FOM_9_9:c179622-179320	FOM_9_00606
prokka_FOM_9/FOM_9:Gene	FOM_9_00607	FOM_9_9:c180281-179568	FOM_9_00607
prokka_FOM_9/FOM_9:Gene	FOM_9_00608	FOM_9_9:c182253-180418	FOM_9_00608
prokka_FOM_9/FOM_9:Gene	FOM_9_00609	FOM_9_10:21-12761	FOM_9_00609
prokka_FOM_9/FOM_9:Gene	FOM_9_00610	FOM_9_10:12863-13903	FOM_9_00610
prokka_FOM_9/FOM_9:Gene	FOM_9_00611	FOM_9_10:13997-14548	FOM_9_00611
prokka_FOM_9/FOM_9:Gene	FOM_9_00612	FOM_9_10:14646-15488	FOM_9_00612
prokka_FOM_9/FOM_9:Gene	prfC	FOM_9_10:15625-17196	FOM_9_00613
prokka_FOM_9/FOM_9:Gene	FOM_9_00614	FOM_9_10:17193-17402	FOM_9_00614
prokka_FOM_9/FOM_9:Gene	FOM_9_00615	FOM_9_10:17772-18212	FOM_9_00615
prokka_FOM_9/FOM_9:Gene	FOM_9_00616	FOM_9_10:18238-20064	FOM_9_00616
prokka_FOM_9/FOM_9:Gene	FOM_9_00617	FOM_9_10:20082-21368	FOM_9_00617
prokka_FOM_9/FOM_9:Gene	FOM_9_00618	FOM_9_10:21673-21951	FOM_9_00618
prokka_FOM_9/FOM_9:Gene	FOM_9_00619	FOM_9_10:22074-22529	FOM_9_00619
prokka_FOM_9/FOM_9:Gene	FOM_9_00620	FOM_9_10:22694-22975	FOM_9_00620
prokka_FOM_9/FOM_9:Gene	FOM_9_00621	FOM_9_10:23153-23770	FOM_9_00621
prokka_FOM_9/FOM_9:Gene	FOM_9_00622	FOM_9_10:23861-25129	FOM_9_00622
prokka_FOM_9/FOM_9:Gene	FOM_9_00623	FOM_9_10:25134-25628	FOM_9_00623
prokka_FOM_9/FOM_9:Gene	FOM_9_00624	FOM_9_10:25689-27176	FOM_9_00624
prokka_FOM_9/FOM_9:Gene	FOM_9_00625	FOM_9_10:27192-27743	FOM_9_00625
prokka_FOM_9/FOM_9:Gene	FOM_9_00626	FOM_9_10:27744-29006	FOM_9_00626
prokka_FOM_9/FOM_9:Gene	FOM_9_00627	FOM_9_10:29132-29713	FOM_9_00627
prokka_FOM_9/FOM_9:Gene	FOM_9_00628	FOM_9_10:29825-30919	FOM_9_00628
prokka_FOM_9/FOM_9:Gene	FOM_9_00629	FOM_9_10:31026-37181	FOM_9_00629
prokka_FOM_9/FOM_9:Gene	FOM_9_00630	FOM_9_10:37197-37835	FOM_9_00630
prokka_FOM_9/FOM_9:Gene	FOM_9_00631	FOM_9_10:37837-38964	FOM_9_00631
prokka_FOM_9/FOM_9:Gene	FOM_9_00632	FOM_9_10:39328-39900	FOM_9_00632
prokka_FOM_9/FOM_9:Gene	FOM_9_00633	FOM_9_10:39981-41081	FOM_9_00633
prokka_FOM_9/FOM_9:Gene	FOM_9_00634	FOM_9_10:41116-43623	FOM_9_00634
prokka_FOM_9/FOM_9:Gene	FOM_9_00635	FOM_9_10:43811-45892	FOM_9_00635
prokka_FOM_9/FOM_9:Gene	FOM_9_00636	FOM_9_10:46137-46898	FOM_9_00636
prokka_FOM_9/FOM_9:Gene	FOM_9_00637	FOM_9_10:c47034-46961	FOM_9_00637
prokka_FOM_9/FOM_9:Gene	FOM_9_00638	FOM_9_10:47132-47899	FOM_9_00638
prokka_FOM_9/FOM_9:Gene	FOM_9_00639	FOM_9_10:c48719-48066	FOM_9_00639
prokka_FOM_9/FOM_9:Gene	argO_1	FOM_9_10:48878-49492	FOM_9_00640
prokka_FOM_9/FOM_9:Gene	FOM_9_00641	FOM_9_10:49509-49904	FOM_9_00641
prokka_FOM_9/FOM_9:Gene	FOM_9_00642	FOM_9_10:50042-50386	FOM_9_00642
prokka_FOM_9/FOM_9:Gene	FOM_9_00643	FOM_9_10:50406-50537	FOM_9_00643
prokka_FOM_9/FOM_9:Gene	FOM_9_00644	FOM_9_10:50531-50737	FOM_9_00644
prokka_FOM_9/FOM_9:Gene	FOM_9_00645	FOM_9_10:50762-51049	FOM_9_00645
prokka_FOM_9/FOM_9:Gene	valS	FOM_9_10:51391-54054	FOM_9_00646
prokka_FOM_9/FOM_9:Gene	FOM_9_00647	FOM_9_10:54514-55266	FOM_9_00647
prokka_FOM_9/FOM_9:Gene	fpgS_1	FOM_9_10:55393-56703	FOM_9_00648
prokka_FOM_9/FOM_9:Gene	gtfA_1	FOM_9_10:56845-58779	FOM_9_00649
prokka_FOM_9/FOM_9:Gene	FOM_9_00650	FOM_9_10:58791-59492	FOM_9_00650
prokka_FOM_9/FOM_9:Gene	FOM_9_00651	FOM_9_10:59580-59903	FOM_9_00651
prokka_FOM_9/FOM_9:Gene	yheS	FOM_9_10:60030-61988	FOM_9_00652
prokka_FOM_9/FOM_9:Gene	groS	FOM_9_10:62155-62430	FOM_9_00653
prokka_FOM_9/FOM_9:Gene	groL	FOM_9_10:62481-64100	FOM_9_00654
prokka_FOM_9/FOM_9:Gene	kimA	FOM_9_10:64286-66118	FOM_9_00655
prokka_FOM_9/FOM_9:Gene	FOM_9_00656	FOM_9_10:66231-67214	FOM_9_00656
prokka_FOM_9/FOM_9:Gene	ddl	FOM_9_10:67283-68431	FOM_9_00657
prokka_FOM_9/FOM_9:Gene	FOM_9_00658	FOM_9_10:68590-69117	FOM_9_00658
prokka_FOM_9/FOM_9:Gene	yqeH	FOM_9_10:69077-70252	FOM_9_00659
prokka_FOM_9/FOM_9:Gene	FOM_9_00660	FOM_9_10:70254-70568	FOM_9_00660
prokka_FOM_9/FOM_9:Gene	nadD	FOM_9_10:70596-71261	FOM_9_00661
prokka_FOM_9/FOM_9:Gene	FOM_9_00662	FOM_9_10:71236-71823	FOM_9_00662
prokka_FOM_9/FOM_9:Gene	rsfS	FOM_9_10:71823-72194	FOM_9_00663
prokka_FOM_9/FOM_9:Gene	FOM_9_00664	FOM_9_10:72194-72940	FOM_9_00664
prokka_FOM_9/FOM_9:Gene	tmcAL	FOM_9_10:72958-74151	FOM_9_00665
prokka_FOM_9/FOM_9:Gene	FOM_9_00666	FOM_9_10:74155-74697	FOM_9_00666
prokka_FOM_9/FOM_9:Gene	mutS	FOM_9_10:74772-77414	FOM_9_00667
prokka_FOM_9/FOM_9:Gene	mutL	FOM_9_10:77429-79426	FOM_9_00668
prokka_FOM_9/FOM_9:Gene	FOM_9_00669	FOM_9_10:79504-79956	FOM_9_00669
prokka_FOM_9/FOM_9:Gene	FOM_9_00670	FOM_9_10:80135-81961	FOM_9_00670
prokka_FOM_9/FOM_9:Gene	FOM_9_00671	FOM_9_10:82048-82818	FOM_9_00671
prokka_FOM_9/FOM_9:Gene	FOM_9_00672	FOM_9_10:83284-83628	FOM_9_00672
prokka_FOM_9/FOM_9:Gene	FOM_9_00673	FOM_9_10:83661-84941	FOM_9_00673
prokka_FOM_9/FOM_9:Gene	FOM_9_00674	FOM_9_10:85249-88830	FOM_9_00674
prokka_FOM_9/FOM_9:Gene	FOM_9_00675	FOM_9_10:c89138-88896	FOM_9_00675
prokka_FOM_9/FOM_9:Gene	FOM_9_00676	FOM_9_10:c90726-89077	FOM_9_00676
prokka_FOM_9/FOM_9:Gene	FOM_9_00677	FOM_9_10:90953-91183	FOM_9_00677
prokka_FOM_9/FOM_9:Gene	FOM_9_00678	FOM_9_10:91270-91530	FOM_9_00678
prokka_FOM_9/FOM_9:Gene	FOM_9_00679	FOM_9_10:91793-92788	FOM_9_00679
prokka_FOM_9/FOM_9:Gene	FOM_9_00680	FOM_9_10:93041-93337	FOM_9_00680
prokka_FOM_9/FOM_9:Gene	FOM_9_00681	FOM_9_10:93611-107452	FOM_9_00681
prokka_FOM_9/FOM_9:Gene	FOM_9_00682	FOM_9_10:107676-107786	FOM_9_00682
prokka_FOM_9/FOM_9:Gene	FOM_9_00683	FOM_9_10:107921-108946	FOM_9_00683
prokka_FOM_9/FOM_9:Gene	FOM_9_00684	FOM_9_10:109029-109775	FOM_9_00684
prokka_FOM_9/FOM_9:Gene	FOM_9_00685	FOM_9_10:109850-111670	FOM_9_00685
prokka_FOM_9/FOM_9:Gene	FOM_9_00686	FOM_9_10:111876-112049	FOM_9_00686
prokka_FOM_9/FOM_9:Gene	FOM_9_00687	FOM_9_10:c112564-112373	FOM_9_00687
prokka_FOM_9/FOM_9:Gene	thrS	FOM_9_10:112999-114975	FOM_9_00688
prokka_FOM_9/FOM_9:Gene	strA_1	FOM_9_10:115097-115798	FOM_9_00689
prokka_FOM_9/FOM_9:Gene	nagB	FOM_9_10:115936-116664	FOM_9_00690
prokka_FOM_9/FOM_9:Gene	hup_2	FOM_9_10:116964-117242	FOM_9_00691
prokka_FOM_9/FOM_9:Gene	FOM_9_00692	FOM_9_10:117418-117693	FOM_9_00692
prokka_FOM_9/FOM_9:Gene	FOM_9_00693	FOM_9_10:117706-119169	FOM_9_00693
prokka_FOM_9/FOM_9:Gene	ytrE_2	FOM_9_10:119183-119842	FOM_9_00694
prokka_FOM_9/FOM_9:Gene	FOM_9_00695	FOM_9_10:119989-120459	FOM_9_00695
prokka_FOM_9/FOM_9:Gene	FOM_9_00696	FOM_9_10:120489-121409	FOM_9_00696
prokka_FOM_9/FOM_9:Gene	FOM_9_00697	FOM_9_10:121425-121964	FOM_9_00697
prokka_FOM_9/FOM_9:Gene	folD	FOM_9_10:122139-123029	FOM_9_00698
prokka_FOM_9/FOM_9:Gene	xseA	FOM_9_10:123014-124279	FOM_9_00699
prokka_FOM_9/FOM_9:Gene	xseB	FOM_9_10:124279-124497	FOM_9_00700
prokka_FOM_9/FOM_9:Gene	FOM_9_00701	FOM_9_10:124499-125362	FOM_9_00701
prokka_FOM_9/FOM_9:Gene	tlyA	FOM_9_10:125363-126211	FOM_9_00702
prokka_FOM_9/FOM_9:Gene	argR_1	FOM_9_10:126198-126647	FOM_9_00703
prokka_FOM_9/FOM_9:Gene	recN	FOM_9_10:126669-128357	FOM_9_00704
prokka_FOM_9/FOM_9:Gene	FOM_9_00705	FOM_9_10:128439-130001	FOM_9_00705
prokka_FOM_9/FOM_9:Gene	gmk_1	FOM_9_10:130035-130652	FOM_9_00706
prokka_FOM_9/FOM_9:Gene	rpoZ	FOM_9_10:130649-130864	FOM_9_00707
prokka_FOM_9/FOM_9:Gene	dedA	FOM_9_10:c131572-130910	FOM_9_00708
prokka_FOM_9/FOM_9:Gene	FOM_9_00709	FOM_9_10:131720-132301	FOM_9_00709
prokka_FOM_9/FOM_9:Gene	yugI	FOM_9_10:132364-132765	FOM_9_00710
prokka_FOM_9/FOM_9:Gene	FOM_9_00711	FOM_9_10:132781-133167	FOM_9_00711
prokka_FOM_9/FOM_9:Gene	ygiS_1	FOM_9_11:c1879-254	FOM_9_00712
prokka_FOM_9/FOM_9:Gene	glnP	FOM_9_11:c3078-2422	FOM_9_00713
prokka_FOM_9/FOM_9:Gene	glnM	FOM_9_11:c3725-3081	FOM_9_00714
prokka_FOM_9/FOM_9:Gene	glnH	FOM_9_11:c4570-3725	FOM_9_00715
prokka_FOM_9/FOM_9:Gene	glnQ_2	FOM_9_11:c5317-4583	FOM_9_00716
prokka_FOM_9/FOM_9:Gene	FOM_9_00717	FOM_9_11:c6275-5478	FOM_9_00717
prokka_FOM_9/FOM_9:Gene	FOM_9_00718	FOM_9_11:c6766-6275	FOM_9_00718
prokka_FOM_9/FOM_9:Gene	gmk_2	FOM_9_11:c7350-6790	FOM_9_00719
prokka_FOM_9/FOM_9:Gene	bioY2	FOM_9_11:c7966-7433	FOM_9_00720
prokka_FOM_9/FOM_9:Gene	birA	FOM_9_11:c8712-7963	FOM_9_00721
prokka_FOM_9/FOM_9:Gene	FOM_9_00722	FOM_9_11:c9426-8881	FOM_9_00722
prokka_FOM_9/FOM_9:Gene	FOM_9_00723	FOM_9_11:c10524-9529	FOM_9_00723
prokka_FOM_9/FOM_9:Gene	FOM_9_00724	FOM_9_11:10730-11794	FOM_9_00724
prokka_FOM_9/FOM_9:Gene	FOM_9_00725	FOM_9_11:c13276-11855	FOM_9_00725
prokka_FOM_9/FOM_9:Gene	xylP_1	FOM_9_11:13518-14969	FOM_9_00726
prokka_FOM_9/FOM_9:Gene	nnrD	FOM_9_11:c15873-15028	FOM_9_00727
prokka_FOM_9/FOM_9:Gene	FOM_9_00728	FOM_9_12:75-452	FOM_9_00728
prokka_FOM_9/FOM_9:Gene	xerC_2	FOM_9_12:627-1772	FOM_9_00729
prokka_FOM_9/FOM_9:Gene	FOM_9_00730	FOM_9_12:c2092-2019	FOM_9_00730
prokka_FOM_9/FOM_9:Gene	FOM_9_00731	FOM_9_12:c2869-2411	FOM_9_00731
prokka_FOM_9/FOM_9:Gene	FOM_9_00732	FOM_9_12:c3466-3029	FOM_9_00732
prokka_FOM_9/FOM_9:Gene	mntH_1	FOM_9_12:c4852-3482	FOM_9_00733
prokka_FOM_9/FOM_9:Gene	FOM_9_00734	FOM_9_12:5088-5261	FOM_9_00734
prokka_FOM_9/FOM_9:Gene	FOM_9_00735	FOM_9_12:c5634-5287	FOM_9_00735
prokka_FOM_9/FOM_9:Gene	FOM_9_00736	FOM_9_12:c6868-5726	FOM_9_00736
prokka_FOM_9/FOM_9:Gene	ldhA	FOM_9_12:c8003-7008	FOM_9_00737
prokka_FOM_9/FOM_9:Gene	clpP	FOM_9_12:c8943-8350	FOM_9_00738
prokka_FOM_9/FOM_9:Gene	whiA	FOM_9_12:c9985-9029	FOM_9_00739
prokka_FOM_9/FOM_9:Gene	FOM_9_00740	FOM_9_12:c11006-10002	FOM_9_00740
prokka_FOM_9/FOM_9:Gene	yvcJ	FOM_9_12:c11896-11003	FOM_9_00741
prokka_FOM_9/FOM_9:Gene	FOM_9_00742	FOM_9_12:c12174-12052	FOM_9_00742
prokka_FOM_9/FOM_9:Gene	uvrA_1	FOM_9_12:c15150-12295	FOM_9_00743
prokka_FOM_9/FOM_9:Gene	hsrA_1	FOM_9_12:c16667-15267	FOM_9_00744
prokka_FOM_9/FOM_9:Gene	FOM_9_00745	FOM_9_12:16784-17077	FOM_9_00745
prokka_FOM_9/FOM_9:Gene	FOM_9_00746	FOM_9_12:c17261-17157	FOM_9_00746
prokka_FOM_9/FOM_9:Gene	COQ5	FOM_9_12:c18059-17292	FOM_9_00747
prokka_FOM_9/FOM_9:Gene	FOM_9_00748	FOM_9_12:c18756-18154	FOM_9_00748
prokka_FOM_9/FOM_9:Gene	FOM_9_00749	FOM_9_12:c19976-18789	FOM_9_00749
prokka_FOM_9/FOM_9:Gene	malL	FOM_9_12:c21696-20014	FOM_9_00750
prokka_FOM_9/FOM_9:Gene	dkgB	FOM_9_12:21853-22695	FOM_9_00751
prokka_FOM_9/FOM_9:Gene	FOM_9_00752	FOM_9_12:c25260-22759	FOM_9_00752
prokka_FOM_9/FOM_9:Gene	FOM_9_00753	FOM_9_12:c25966-25394	FOM_9_00753
prokka_FOM_9/FOM_9:Gene	FOM_9_00754	FOM_9_12:c26206-26048	FOM_9_00754
prokka_FOM_9/FOM_9:Gene	FOM_9_00755	FOM_9_12:26421-26993	FOM_9_00755
prokka_FOM_9/FOM_9:Gene	pox5_1	FOM_9_12:c28883-27063	FOM_9_00756
prokka_FOM_9/FOM_9:Gene	pbpX	FOM_9_12:c29592-29038	FOM_9_00757
prokka_FOM_9/FOM_9:Gene	FOM_9_00758	FOM_9_12:c30146-29592	FOM_9_00758
prokka_FOM_9/FOM_9:Gene	FOM_9_00759	FOM_9_12:c31330-30407	FOM_9_00759
prokka_FOM_9/FOM_9:Gene	FOM_9_00760	FOM_9_12:c31730-31377	FOM_9_00760
prokka_FOM_9/FOM_9:Gene	rpsI	FOM_9_12:c32532-32140	FOM_9_00761
prokka_FOM_9/FOM_9:Gene	rplM	FOM_9_12:c33001-32558	FOM_9_00762
prokka_FOM_9/FOM_9:Gene	truA	FOM_9_12:c33925-33176	FOM_9_00763
prokka_FOM_9/FOM_9:Gene	ecfT	FOM_9_12:c34749-33949	FOM_9_00764
prokka_FOM_9/FOM_9:Gene	ecfA2	FOM_9_12:c35605-34739	FOM_9_00765
prokka_FOM_9/FOM_9:Gene	ecfA1	FOM_9_12:c36423-35581	FOM_9_00766
prokka_FOM_9/FOM_9:Gene	trmH	FOM_9_12:36539-37132	FOM_9_00767
prokka_FOM_9/FOM_9:Gene	norW	FOM_9_12:c38853-37177	FOM_9_00768
prokka_FOM_9/FOM_9:Gene	mntA	FOM_9_12:c40102-39158	FOM_9_00769
prokka_FOM_9/FOM_9:Gene	mntB_1	FOM_9_12:c40949-40095	FOM_9_00770
prokka_FOM_9/FOM_9:Gene	scaC	FOM_9_12:c41683-40946	FOM_9_00771
prokka_FOM_9/FOM_9:Gene	FOM_9_00772	FOM_9_12:c42776-41910	FOM_9_00772
prokka_FOM_9/FOM_9:Gene	FOM_9_00773	FOM_9_12:c43532-43149	FOM_9_00773
prokka_FOM_9/FOM_9:Gene	FOM_9_00774	FOM_9_13:37-255	FOM_9_00774
prokka_FOM_9/FOM_9:Gene	FOM_9_00775	FOM_9_13:242-664	FOM_9_00775
prokka_FOM_9/FOM_9:Gene	FOM_9_00776	FOM_9_13:703-1212	FOM_9_00776
prokka_FOM_9/FOM_9:Gene	FOM_9_00777	FOM_9_13:1184-1591	FOM_9_00777
prokka_FOM_9/FOM_9:Gene	FOM_9_00778	FOM_9_13:c1781-1581	FOM_9_00778
prokka_FOM_9/FOM_9:Gene	FOM_9_00779	FOM_9_13:c2078-1878	FOM_9_00779
prokka_FOM_9/FOM_9:Gene	xerC_3	FOM_9_13:2294-3382	FOM_9_00780
prokka_FOM_9/FOM_9:Gene	FOM_9_00781	FOM_9_13:3625-3975	FOM_9_00781
prokka_FOM_9/FOM_9:Gene	FOM_9_00782	FOM_9_13:3972-5105	FOM_9_00782
prokka_FOM_9/FOM_9:Gene	pepV	FOM_9_13:c6558-5155	FOM_9_00783
prokka_FOM_9/FOM_9:Gene	steT_2	FOM_9_13:c8003-6672	FOM_9_00784
prokka_FOM_9/FOM_9:Gene	FOM_9_00785	FOM_9_13:c8181-8089	FOM_9_00785
prokka_FOM_9/FOM_9:Gene	gnd	FOM_9_13:c9763-8336	FOM_9_00786
prokka_FOM_9/FOM_9:Gene	FOM_9_00787	FOM_9_13:c10289-9981	FOM_9_00787
prokka_FOM_9/FOM_9:Gene	FOM_9_00788	FOM_9_13:c11452-10292	FOM_9_00788
prokka_FOM_9/FOM_9:Gene	metB	FOM_9_13:11610-12749	FOM_9_00789
prokka_FOM_9/FOM_9:Gene	FOM_9_00790	FOM_9_13:c12973-12836	FOM_9_00790
prokka_FOM_9/FOM_9:Gene	FOM_9_00791	FOM_9_13:13091-14041	FOM_9_00791
prokka_FOM_9/FOM_9:Gene	femA	FOM_9_13:c15352-14090	FOM_9_00792
prokka_FOM_9/FOM_9:Gene	murJ_1	FOM_9_13:c17756-15618	FOM_9_00793
prokka_FOM_9/FOM_9:Gene	FOM_9_00794	FOM_9_13:c17891-17817	FOM_9_00794
prokka_FOM_9/FOM_9:Gene	mshA	FOM_9_13:c19042-17975	FOM_9_00795
prokka_FOM_9/FOM_9:Gene	leuS	FOM_9_13:c21585-19171	FOM_9_00796
prokka_FOM_9/FOM_9:Gene	FOM_9_00797	FOM_9_13:21744-22436	FOM_9_00797
prokka_FOM_9/FOM_9:Gene	FOM_9_00798	FOM_9_13:22399-22911	FOM_9_00798
prokka_FOM_9/FOM_9:Gene	FOM_9_00799	FOM_9_13:c24329-22950	FOM_9_00799
prokka_FOM_9/FOM_9:Gene	FOM_9_00800	FOM_9_13:c24738-24418	FOM_9_00800
prokka_FOM_9/FOM_9:Gene	FOM_9_00801	FOM_9_13:c25722-24901	FOM_9_00801
prokka_FOM_9/FOM_9:Gene	FOM_9_00802	FOM_9_13:c26405-25857	FOM_9_00802
prokka_FOM_9/FOM_9:Gene	FOM_9_00803	FOM_9_13:c27733-26510	FOM_9_00803
prokka_FOM_9/FOM_9:Gene	bglB	FOM_9_13:c28986-27739	FOM_9_00804
prokka_FOM_9/FOM_9:Gene	FOM_9_00805	FOM_9_13:c29349-29197	FOM_9_00805
prokka_FOM_9/FOM_9:Gene	FOM_9_00806	FOM_9_13:c31142-29364	FOM_9_00806
prokka_FOM_9/FOM_9:Gene	FOM_9_00807	FOM_9_13:c31820-31284	FOM_9_00807
prokka_FOM_9/FOM_9:Gene	FOM_9_00808	FOM_9_14:c7493-291	FOM_9_00808
prokka_FOM_9/FOM_9:Gene	FOM_9_00809	FOM_9_14:c9482-7794	FOM_9_00809
prokka_FOM_9/FOM_9:Gene	FOM_9_00810	FOM_9_14:c9871-9509	FOM_9_00810
prokka_FOM_9/FOM_9:Gene	rpmB	FOM_9_14:c10207-10007	FOM_9_00811
prokka_FOM_9/FOM_9:Gene	thiN	FOM_9_14:c11024-10359	FOM_9_00812
prokka_FOM_9/FOM_9:Gene	rpe	FOM_9_14:c11683-11024	FOM_9_00813
prokka_FOM_9/FOM_9:Gene	rsgA	FOM_9_14:c12628-11714	FOM_9_00814
prokka_FOM_9/FOM_9:Gene	prkC	FOM_9_14:c14614-12641	FOM_9_00815
prokka_FOM_9/FOM_9:Gene	phpP	FOM_9_14:c15355-14615	FOM_9_00816
prokka_FOM_9/FOM_9:Gene	rsmB	FOM_9_14:c16765-15392	FOM_9_00817
prokka_FOM_9/FOM_9:Gene	fmt	FOM_9_14:c17711-16749	FOM_9_00818
prokka_FOM_9/FOM_9:Gene	priA	FOM_9_14:c20187-17767	FOM_9_00819
prokka_FOM_9/FOM_9:Gene	ackA_2	FOM_9_14:c21574-20384	FOM_9_00820
prokka_FOM_9/FOM_9:Gene	FOM_9_00821	FOM_9_14:c22696-21689	FOM_9_00821
prokka_FOM_9/FOM_9:Gene	FOM_9_00822	FOM_9_14:c23057-22773	FOM_9_00822
prokka_FOM_9/FOM_9:Gene	FOM_9_00823	FOM_9_14:c23479-23054	FOM_9_00823
prokka_FOM_9/FOM_9:Gene	FOM_9_00824	FOM_9_14:c23652-23452	FOM_9_00824
prokka_FOM_9/FOM_9:Gene	FOM_9_00825	FOM_9_14:c24031-23636	FOM_9_00825
prokka_FOM_9/FOM_9:Gene	FOM_9_00826	FOM_9_14:c24332-24021	FOM_9_00826
prokka_FOM_9/FOM_9:Gene	epsF_2	FOM_9_14:c25324-24326	FOM_9_00827
prokka_FOM_9/FOM_9:Gene	FOM_9_00828	FOM_9_14:c25724-25287	FOM_9_00828
prokka_FOM_9/FOM_9:Gene	comGA	FOM_9_14:c26215-25721	FOM_9_00829
prokka_FOM_9/FOM_9:Gene	adeP	FOM_9_14:c27799-26348	FOM_9_00830
prokka_FOM_9/FOM_9:Gene	yebC	FOM_9_14:c28799-28077	FOM_9_00831
prokka_FOM_9/FOM_9:Gene	recD2_1	FOM_9_14:c31422-28873	FOM_9_00832
prokka_FOM_9/FOM_9:Gene	FOM_9_00833	FOM_9_14:c32071-31406	FOM_9_00833
prokka_FOM_9/FOM_9:Gene	pspB	FOM_9_14:c32754-32092	FOM_9_00834
prokka_FOM_9/FOM_9:Gene	ileS_1	FOM_9_14:c35798-33009	FOM_9_00835
prokka_FOM_9/FOM_9:Gene	gpsB_1	FOM_9_14:c36730-36095	FOM_9_00836
prokka_FOM_9/FOM_9:Gene	FOM_9_00837	FOM_9_14:c37530-36745	FOM_9_00837
prokka_FOM_9/FOM_9:Gene	FOM_9_00838	FOM_9_14:c37804-37544	FOM_9_00838
prokka_FOM_9/FOM_9:Gene	sepF	FOM_9_14:c38265-37816	FOM_9_00839
prokka_FOM_9/FOM_9:Gene	ftsZ	FOM_9_14:c39548-38277	FOM_9_00840
prokka_FOM_9/FOM_9:Gene	ftsA	FOM_9_14:c40956-39586	FOM_9_00841
prokka_FOM_9/FOM_9:Gene	divIB	FOM_9_14:c42109-41189	FOM_9_00842
prokka_FOM_9/FOM_9:Gene	murG	FOM_9_14:c43255-42155	FOM_9_00843
prokka_FOM_9/FOM_9:Gene	murD	FOM_9_14:c44618-43275	FOM_9_00844
prokka_FOM_9/FOM_9:Gene	mraY	FOM_9_14:c45716-44724	FOM_9_00845
prokka_FOM_9/FOM_9:Gene	pbpB	FOM_9_14:c47937-45745	FOM_9_00846
prokka_FOM_9/FOM_9:Gene	ftsL_1	FOM_9_14:c48310-47939	FOM_9_00847
prokka_FOM_9/FOM_9:Gene	rsmH	FOM_9_14:c49306-48362	FOM_9_00848
prokka_FOM_9/FOM_9:Gene	mraZ	FOM_9_14:c49801-49367	FOM_9_00849
prokka_FOM_9/FOM_9:Gene	FOM_9_00850	FOM_9_14:c50602-50222	FOM_9_00850
prokka_FOM_9/FOM_9:Gene	rsmE	FOM_9_14:c51386-50640	FOM_9_00851
prokka_FOM_9/FOM_9:Gene	prmA	FOM_9_14:c52342-51386	FOM_9_00852
prokka_FOM_9/FOM_9:Gene	pyk	FOM_9_14:c53866-52445	FOM_9_00853
prokka_FOM_9/FOM_9:Gene	lysP	FOM_9_14:c55527-54055	FOM_9_00854
prokka_FOM_9/FOM_9:Gene	FOM_9_00855	FOM_9_14:55903-56373	FOM_9_00855
prokka_FOM_9/FOM_9:Gene	pgaC	FOM_9_14:c57692-56436	FOM_9_00856
prokka_FOM_9/FOM_9:Gene	npr_1	FOM_9_14:c59059-57689	FOM_9_00857
prokka_FOM_9/FOM_9:Gene	FOM_9_00858	FOM_9_14:c59781-59083	FOM_9_00858
prokka_FOM_9/FOM_9:Gene	FOM_9_00859	FOM_9_14:c60250-59771	FOM_9_00859
prokka_FOM_9/FOM_9:Gene	fhs1	FOM_9_14:c62033-60372	FOM_9_00860
prokka_FOM_9/FOM_9:Gene	purD	FOM_9_14:c63300-62017	FOM_9_00861
prokka_FOM_9/FOM_9:Gene	purH	FOM_9_14:c64841-63312	FOM_9_00862
prokka_FOM_9/FOM_9:Gene	purN	FOM_9_14:c65431-64838	FOM_9_00863
prokka_FOM_9/FOM_9:Gene	purM	FOM_9_14:c66462-65422	FOM_9_00864
prokka_FOM_9/FOM_9:Gene	purF	FOM_9_14:c68009-66474	FOM_9_00865
prokka_FOM_9/FOM_9:Gene	purL	FOM_9_14:c70216-67994	FOM_9_00866
prokka_FOM_9/FOM_9:Gene	purQ	FOM_9_14:c70896-70213	FOM_9_00867
prokka_FOM_9/FOM_9:Gene	purS	FOM_9_14:c71155-70898	FOM_9_00868
prokka_FOM_9/FOM_9:Gene	purC	FOM_9_14:c71883-71158	FOM_9_00869
prokka_FOM_9/FOM_9:Gene	purK_1	FOM_9_14:c72998-71880	FOM_9_00870
prokka_FOM_9/FOM_9:Gene	purE	FOM_9_14:c73479-72991	FOM_9_00871
prokka_FOM_9/FOM_9:Gene	ribBA_1	FOM_9_14:c74370-73741	FOM_9_00872
prokka_FOM_9/FOM_9:Gene	FOM_9_00873	FOM_9_14:c75544-74711	FOM_9_00873
prokka_FOM_9/FOM_9:Gene	artM_1	FOM_9_14:c76193-75555	FOM_9_00874
prokka_FOM_9/FOM_9:Gene	artQ	FOM_9_14:c76848-76204	FOM_9_00875
prokka_FOM_9/FOM_9:Gene	FOM_9_00876	FOM_9_14:c77795-77184	FOM_9_00876
prokka_FOM_9/FOM_9:Gene	cah	FOM_9_14:77982-78611	FOM_9_00877
prokka_FOM_9/FOM_9:Gene	mreC	FOM_9_14:c79501-78650	FOM_9_00878
prokka_FOM_9/FOM_9:Gene	mreB	FOM_9_14:c80579-79575	FOM_9_00879
prokka_FOM_9/FOM_9:Gene	FOM_9_00880	FOM_9_14:c81225-80791	FOM_9_00880
prokka_FOM_9/FOM_9:Gene	FOM_9_00881	FOM_9_14:81346-81690	FOM_9_00881
prokka_FOM_9/FOM_9:Gene	FOM_9_00882	FOM_9_14:c82578-81742	FOM_9_00882
prokka_FOM_9/FOM_9:Gene	glcB	FOM_9_14:c84820-82799	FOM_9_00883
prokka_FOM_9/FOM_9:Gene	degV_1	FOM_9_14:c85847-84978	FOM_9_00884
prokka_FOM_9/FOM_9:Gene	crcB_1	FOM_9_14:c86268-85906	FOM_9_00885
prokka_FOM_9/FOM_9:Gene	crcB_2	FOM_9_14:c86645-86265	FOM_9_00886
prokka_FOM_9/FOM_9:Gene	clcA	FOM_9_14:c88183-86645	FOM_9_00887
prokka_FOM_9/FOM_9:Gene	cmpD	FOM_9_14:c89155-88385	FOM_9_00888
prokka_FOM_9/FOM_9:Gene	FOM_9_00889	FOM_9_14:c90050-89148	FOM_9_00889
prokka_FOM_9/FOM_9:Gene	FOM_9_00890	FOM_9_14:c91050-90064	FOM_9_00890
prokka_FOM_9/FOM_9:Gene	nrdF2	FOM_9_14:c92310-91348	FOM_9_00891
prokka_FOM_9/FOM_9:Gene	nrdE2	FOM_9_14:c94592-92421	FOM_9_00892
prokka_FOM_9/FOM_9:Gene	nrdH	FOM_9_14:c94925-94689	FOM_9_00893
prokka_FOM_9/FOM_9:Gene	FOM_9_00894	FOM_9_14:95195-95647	FOM_9_00894
prokka_FOM_9/FOM_9:Gene	FOM_9_00895	FOM_9_14:95696-96349	FOM_9_00895
prokka_FOM_9/FOM_9:Gene	FOM_9_00896	FOM_9_14:96368-96628	FOM_9_00896
prokka_FOM_9/FOM_9:Gene	isaA	FOM_9_14:c97396-96701	FOM_9_00897
prokka_FOM_9/FOM_9:Gene	FOM_9_00898	FOM_9_14:c98250-97909	FOM_9_00898
prokka_FOM_9/FOM_9:Gene	FOM_9_00899	FOM_9_14:c99135-98317	FOM_9_00899
prokka_FOM_9/FOM_9:Gene	mhqA_1	FOM_9_14:c100306-99293	FOM_9_00900
prokka_FOM_9/FOM_9:Gene	mtnN	FOM_9_14:c101216-100524	FOM_9_00901
prokka_FOM_9/FOM_9:Gene	FOM_9_00902	FOM_9_14:c101540-101250	FOM_9_00902
prokka_FOM_9/FOM_9:Gene	nudF	FOM_9_14:c102111-101542	FOM_9_00903
prokka_FOM_9/FOM_9:Gene	cspB	FOM_9_14:c102334-102113	FOM_9_00904
prokka_FOM_9/FOM_9:Gene	FOM_9_00905	FOM_9_14:c102718-102350	FOM_9_00905
prokka_FOM_9/FOM_9:Gene	FOM_9_00906	FOM_9_14:102832-102951	FOM_9_00906
prokka_FOM_9/FOM_9:Gene	purK_2	FOM_9_14:c104125-103004	FOM_9_00907
prokka_FOM_9/FOM_9:Gene	FOM_9_00908	FOM_9_14:c104823-104152	FOM_9_00908
prokka_FOM_9/FOM_9:Gene	FOM_9_00909	FOM_9_14:c106593-104836	FOM_9_00909
prokka_FOM_9/FOM_9:Gene	cydD	FOM_9_14:c108319-106586	FOM_9_00910
prokka_FOM_9/FOM_9:Gene	cydB	FOM_9_14:c109408-108404	FOM_9_00911
prokka_FOM_9/FOM_9:Gene	cydA	FOM_9_14:c110880-109411	FOM_9_00912
prokka_FOM_9/FOM_9:Gene	panT_1	FOM_9_14:c111738-111124	FOM_9_00913
prokka_FOM_9/FOM_9:Gene	ghrA	FOM_9_14:111887-112834	FOM_9_00914
prokka_FOM_9/FOM_9:Gene	FOM_9_00915	FOM_9_14:c113751-112888	FOM_9_00915
prokka_FOM_9/FOM_9:Gene	FOM_9_00916	FOM_9_14:c114224-114136	FOM_9_00916
prokka_FOM_9/FOM_9:Gene	FOM_9_00917	FOM_9_14:c114326-114251	FOM_9_00917
prokka_FOM_9/FOM_9:Gene	FOM_9_00918	FOM_9_14:c114409-114338	FOM_9_00918
prokka_FOM_9/FOM_9:Gene	FOM_9_00919	FOM_9_14:c114514-114440	FOM_9_00919
prokka_FOM_9/FOM_9:Gene	oppB	FOM_9_15:445-1365	FOM_9_00920
prokka_FOM_9/FOM_9:Gene	dppC	FOM_9_15:1376-2407	FOM_9_00921
prokka_FOM_9/FOM_9:Gene	oppD_1	FOM_9_15:2425-3528	FOM_9_00922
prokka_FOM_9/FOM_9:Gene	oppF_1	FOM_9_15:3528-4481	FOM_9_00923
prokka_FOM_9/FOM_9:Gene	gdpP	FOM_9_15:4629-6650	FOM_9_00924
prokka_FOM_9/FOM_9:Gene	rplI	FOM_9_15:6671-7123	FOM_9_00925
prokka_FOM_9/FOM_9:Gene	dnaC	FOM_9_15:7241-8656	FOM_9_00926
prokka_FOM_9/FOM_9:Gene	FOM_9_00927	FOM_9_15:8733-9923	FOM_9_00927
prokka_FOM_9/FOM_9:Gene	FOM_9_00928	FOM_9_15:9938-10468	FOM_9_00928
prokka_FOM_9/FOM_9:Gene	dapE	FOM_9_15:10584-11846	FOM_9_00929
prokka_FOM_9/FOM_9:Gene	FOM_9_00930	FOM_9_15:12749-13924	FOM_9_00930
prokka_FOM_9/FOM_9:Gene	FOM_9_00931	FOM_9_15:13905-15098	FOM_9_00931
prokka_FOM_9/FOM_9:Gene	FOM_9_00932	FOM_9_15:15100-15387	FOM_9_00932
prokka_FOM_9/FOM_9:Gene	FOM_9_00933	FOM_9_15:15374-15679	FOM_9_00933
prokka_FOM_9/FOM_9:Gene	FOM_9_00934	FOM_9_15:c16116-15718	FOM_9_00934
prokka_FOM_9/FOM_9:Gene	ispE	FOM_9_15:16261-17118	FOM_9_00935
prokka_FOM_9/FOM_9:Gene	tmpC_1	FOM_9_15:17368-18423	FOM_9_00936
prokka_FOM_9/FOM_9:Gene	tmpC_2	FOM_9_15:18648-19694	FOM_9_00937
prokka_FOM_9/FOM_9:Gene	FOM_9_00938	FOM_9_15:19768-20535	FOM_9_00938
prokka_FOM_9/FOM_9:Gene	FOM_9_00939	FOM_9_15:20662-21453	FOM_9_00939
prokka_FOM_9/FOM_9:Gene	yumC	FOM_9_15:21568-22581	FOM_9_00940
prokka_FOM_9/FOM_9:Gene	FOM_9_00941	FOM_9_15:22726-23013	FOM_9_00941
prokka_FOM_9/FOM_9:Gene	FOM_9_00942	FOM_9_15:23016-23345	FOM_9_00942
prokka_FOM_9/FOM_9:Gene	gpmA_2	FOM_9_15:23416-24135	FOM_9_00943
prokka_FOM_9/FOM_9:Gene	bsaA	FOM_9_15:24300-24776	FOM_9_00944
prokka_FOM_9/FOM_9:Gene	FOM_9_00945	FOM_9_15:24877-24981	FOM_9_00945
prokka_FOM_9/FOM_9:Gene	FOM_9_00946	FOM_9_15:25027-25440	FOM_9_00946
prokka_FOM_9/FOM_9:Gene	FOM_9_00947	FOM_9_15:25514-25852	FOM_9_00947
prokka_FOM_9/FOM_9:Gene	dat	FOM_9_15:25947-26807	FOM_9_00948
prokka_FOM_9/FOM_9:Gene	FOM_9_00949	FOM_9_15:26895-27734	FOM_9_00949
prokka_FOM_9/FOM_9:Gene	FOM_9_00950	FOM_9_15:c28814-27783	FOM_9_00950
prokka_FOM_9/FOM_9:Gene	nmtR	FOM_9_15:c29216-28887	FOM_9_00951
prokka_FOM_9/FOM_9:Gene	FOM_9_00952	FOM_9_15:29361-29978	FOM_9_00952
prokka_FOM_9/FOM_9:Gene	noxE	FOM_9_15:30017-31177	FOM_9_00953
prokka_FOM_9/FOM_9:Gene	tmpC_3	FOM_9_15:31813-32892	FOM_9_00954
prokka_FOM_9/FOM_9:Gene	mglA	FOM_9_15:33115-34665	FOM_9_00955
prokka_FOM_9/FOM_9:Gene	FOM_9_00956	FOM_9_15:34670-35806	FOM_9_00956
prokka_FOM_9/FOM_9:Gene	FOM_9_00957	FOM_9_15:35809-36765	FOM_9_00957
prokka_FOM_9/FOM_9:Gene	murF	FOM_9_15:c38191-36827	FOM_9_00958
prokka_FOM_9/FOM_9:Gene	mbl	FOM_9_15:38343-39332	FOM_9_00959
prokka_FOM_9/FOM_9:Gene	FOM_9_00960	FOM_9_15:39335-39544	FOM_9_00960
prokka_FOM_9/FOM_9:Gene	rodA	FOM_9_15:39566-40756	FOM_9_00961
prokka_FOM_9/FOM_9:Gene	proC	FOM_9_15:40896-41687	FOM_9_00962
prokka_FOM_9/FOM_9:Gene	FOM_9_00963	FOM_9_15:c41974-41726	FOM_9_00963
prokka_FOM_9/FOM_9:Gene	FOM_9_00964	FOM_9_15:42089-42838	FOM_9_00964
prokka_FOM_9/FOM_9:Gene	FOM_9_00965	FOM_9_15:42914-42987	FOM_9_00965
prokka_FOM_9/FOM_9:Gene	FOM_9_00966	FOM_9_15:43138-43935	FOM_9_00966
prokka_FOM_9/FOM_9:Gene	ybiV_1	FOM_9_15:44083-44886	FOM_9_00967
prokka_FOM_9/FOM_9:Gene	ada	FOM_9_15:44951-45451	FOM_9_00968
prokka_FOM_9/FOM_9:Gene	ybjI_1	FOM_9_15:45472-46287	FOM_9_00969
prokka_FOM_9/FOM_9:Gene	FOM_9_00970	FOM_9_15:c47030-46383	FOM_9_00970
prokka_FOM_9/FOM_9:Gene	macB_1	FOM_9_15:47180-49159	FOM_9_00971
prokka_FOM_9/FOM_9:Gene	nagA	FOM_9_15:49332-50507	FOM_9_00972
prokka_FOM_9/FOM_9:Gene	nagR	FOM_9_15:50511-51212	FOM_9_00973
prokka_FOM_9/FOM_9:Gene	FOM_9_00974	FOM_9_15:51339-51839	FOM_9_00974
prokka_FOM_9/FOM_9:Gene	rpsD	FOM_9_15:52077-52688	FOM_9_00975
prokka_FOM_9/FOM_9:Gene	ydhP	FOM_9_15:52838-53998	FOM_9_00976
prokka_FOM_9/FOM_9:Gene	yfeX_1	FOM_9_15:54109-55053	FOM_9_00977
prokka_FOM_9/FOM_9:Gene	ezrA	FOM_9_15:55543-57276	FOM_9_00978
prokka_FOM_9/FOM_9:Gene	thiE_1	FOM_9_15:57421-58134	FOM_9_00979
prokka_FOM_9/FOM_9:Gene	FOM_9_00980	FOM_9_15:58279-58500	FOM_9_00980
prokka_FOM_9/FOM_9:Gene	pbuG_1	FOM_9_15:c59927-58620	FOM_9_00981
prokka_FOM_9/FOM_9:Gene	FOM_9_00982	FOM_9_15:60173-62755	FOM_9_00982
prokka_FOM_9/FOM_9:Gene	purA	FOM_9_15:62984-64276	FOM_9_00983
prokka_FOM_9/FOM_9:Gene	hpt_1	FOM_9_15:64280-64816	FOM_9_00984
prokka_FOM_9/FOM_9:Gene	FOM_9_00985	FOM_9_15:64866-65078	FOM_9_00985
prokka_FOM_9/FOM_9:Gene	FOM_9_00986	FOM_9_15:65340-72071	FOM_9_00986
prokka_FOM_9/FOM_9:Gene	FOM_9_00987	FOM_9_15:72436-73080	FOM_9_00987
prokka_FOM_9/FOM_9:Gene	FOM_9_00988	FOM_9_15:c73560-73141	FOM_9_00988
prokka_FOM_9/FOM_9:Gene	FOM_9_00989	FOM_9_15:c73792-73553	FOM_9_00989
prokka_FOM_9/FOM_9:Gene	FOM_9_00990	FOM_9_15:c74367-73840	FOM_9_00990
prokka_FOM_9/FOM_9:Gene	FOM_9_00991	FOM_9_15:74575-75237	FOM_9_00991
prokka_FOM_9/FOM_9:Gene	FOM_9_00992	FOM_9_15:75287-75490	FOM_9_00992
prokka_FOM_9/FOM_9:Gene	FOM_9_00993	FOM_9_15:75518-75961	FOM_9_00993
prokka_FOM_9/FOM_9:Gene	tdh_1	FOM_9_15:76164-77066	FOM_9_00994
prokka_FOM_9/FOM_9:Gene	oppA	FOM_9_15:77367-78989	FOM_9_00995
prokka_FOM_9/FOM_9:Gene	hutI_1	FOM_9_15:79001-80167	FOM_9_00996
prokka_FOM_9/FOM_9:Gene	FOM_9_00997	FOM_9_15:80243-82099	FOM_9_00997
prokka_FOM_9/FOM_9:Gene	FOM_9_00998	FOM_9_15:c82746-82147	FOM_9_00998
prokka_FOM_9/FOM_9:Gene	hsrA_2	FOM_9_15:82928-84322	FOM_9_00999
prokka_FOM_9/FOM_9:Gene	uvrA_2	FOM_9_15:84447-86939	FOM_9_01000
prokka_FOM_9/FOM_9:Gene	yvgN_1	FOM_9_15:87030-87872	FOM_9_01001
prokka_FOM_9/FOM_9:Gene	FOM_9_01002	FOM_9_15:88136-88984	FOM_9_01002
prokka_FOM_9/FOM_9:Gene	FOM_9_01003	FOM_9_15:89201-89962	FOM_9_01003
prokka_FOM_9/FOM_9:Gene	FOM_9_01004	FOM_9_15:90018-90449	FOM_9_01004
prokka_FOM_9/FOM_9:Gene	tdk_2	FOM_9_15:90708-91304	FOM_9_01005
prokka_FOM_9/FOM_9:Gene	FOM_9_01006	FOM_9_15:91311-91463	FOM_9_01006
prokka_FOM_9/FOM_9:Gene	FOM_9_01007	FOM_9_15:91562-91888	FOM_9_01007
prokka_FOM_9/FOM_9:Gene	gdnD_1	FOM_9_15:91888-92211	FOM_9_01008
prokka_FOM_9/FOM_9:Gene	ribD	FOM_9_15:92673-93698	FOM_9_01009
prokka_FOM_9/FOM_9:Gene	ribE	FOM_9_15:93698-94285	FOM_9_01010
prokka_FOM_9/FOM_9:Gene	ribBA_2	FOM_9_15:94291-95484	FOM_9_01011
prokka_FOM_9/FOM_9:Gene	ribH	FOM_9_15:95500-95964	FOM_9_01012
prokka_FOM_9/FOM_9:Gene	FOM_9_01013	FOM_9_15:96071-96877	FOM_9_01013
prokka_FOM_9/FOM_9:Gene	msrB	FOM_9_15:c97366-96929	FOM_9_01014
prokka_FOM_9/FOM_9:Gene	opuCA	FOM_9_15:97536-98444	FOM_9_01015
prokka_FOM_9/FOM_9:Gene	FOM_9_01016	FOM_9_15:98451-99974	FOM_9_01016
prokka_FOM_9/FOM_9:Gene	yhhS_1	FOM_9_15:c101202-100027	FOM_9_01017
prokka_FOM_9/FOM_9:Gene	bdhA_2	FOM_9_15:101426-102610	FOM_9_01018
prokka_FOM_9/FOM_9:Gene	ydfK	FOM_9_15:102723-103454	FOM_9_01019
prokka_FOM_9/FOM_9:Gene	FOM_9_01020	FOM_9_15:103481-103843	FOM_9_01020
prokka_FOM_9/FOM_9:Gene	FOM_9_01021	FOM_9_15:104033-104437	FOM_9_01021
prokka_FOM_9/FOM_9:Gene	FOM_9_01022	FOM_9_15:104765-105322	FOM_9_01022
prokka_FOM_9/FOM_9:Gene	FOM_9_01023	FOM_9_15:c106285-105437	FOM_9_01023
prokka_FOM_9/FOM_9:Gene	FOM_9_01024	FOM_9_15:106457-106882	FOM_9_01024
prokka_FOM_9/FOM_9:Gene	ybiV_2	FOM_9_15:106879-107724	FOM_9_01025
prokka_FOM_9/FOM_9:Gene	uppS	FOM_9_15:107846-108634	FOM_9_01026
prokka_FOM_9/FOM_9:Gene	FOM_9_01027	FOM_9_15:108645-109436	FOM_9_01027
prokka_FOM_9/FOM_9:Gene	FOM_9_01028	FOM_9_15:109529-110788	FOM_9_01028
prokka_FOM_9/FOM_9:Gene	proS	FOM_9_15:110954-112675	FOM_9_01029
prokka_FOM_9/FOM_9:Gene	polC_1	FOM_9_15:113198-117520	FOM_9_01030
prokka_FOM_9/FOM_9:Gene	ltaS1_1	FOM_9_16:c2634-430	FOM_9_01031
prokka_FOM_9/FOM_9:Gene	FOM_9_01032	FOM_9_16:c3011-2757	FOM_9_01032
prokka_FOM_9/FOM_9:Gene	FOM_9_01033	FOM_9_16:c4027-3008	FOM_9_01033
prokka_FOM_9/FOM_9:Gene	cpoA	FOM_9_16:c5060-4032	FOM_9_01034
prokka_FOM_9/FOM_9:Gene	FOM_9_01035	FOM_9_16:c6304-5057	FOM_9_01035
prokka_FOM_9/FOM_9:Gene	pyrE	FOM_9_16:c7102-6464	FOM_9_01036
prokka_FOM_9/FOM_9:Gene	pyrF	FOM_9_16:c7821-7105	FOM_9_01037
prokka_FOM_9/FOM_9:Gene	pyrDB	FOM_9_16:c8789-7830	FOM_9_01038
prokka_FOM_9/FOM_9:Gene	carB_1	FOM_9_16:c11992-8813	FOM_9_01039
prokka_FOM_9/FOM_9:Gene	carA_1	FOM_9_16:c13067-11985	FOM_9_01040
prokka_FOM_9/FOM_9:Gene	pyrC	FOM_9_16:c14353-13064	FOM_9_01041
prokka_FOM_9/FOM_9:Gene	pyrB	FOM_9_16:c15255-14350	FOM_9_01042
prokka_FOM_9/FOM_9:Gene	FOM_9_01043	FOM_9_16:c15883-15587	FOM_9_01043
prokka_FOM_9/FOM_9:Gene	FOM_9_01044	FOM_9_16:c17887-16037	FOM_9_01044
prokka_FOM_9/FOM_9:Gene	FOM_9_01045	FOM_9_16:c18505-18191	FOM_9_01045
prokka_FOM_9/FOM_9:Gene	glmM	FOM_9_16:c19868-18510	FOM_9_01046
prokka_FOM_9/FOM_9:Gene	FOM_9_01047	FOM_9_16:c20854-19877	FOM_9_01047
prokka_FOM_9/FOM_9:Gene	dacA_2	FOM_9_16:c21687-20854	FOM_9_01048
prokka_FOM_9/FOM_9:Gene	nhaK	FOM_9_16:c23750-21699	FOM_9_01049
prokka_FOM_9/FOM_9:Gene	murB	FOM_9_16:c24670-23774	FOM_9_01050
prokka_FOM_9/FOM_9:Gene	polC_2	FOM_9_16:c25221-24688	FOM_9_01051
prokka_FOM_9/FOM_9:Gene	aaaT	FOM_9_16:c25750-25241	FOM_9_01052
prokka_FOM_9/FOM_9:Gene	tsaE	FOM_9_16:c26219-25752	FOM_9_01053
prokka_FOM_9/FOM_9:Gene	pta	FOM_9_16:c27324-26347	FOM_9_01054
prokka_FOM_9/FOM_9:Gene	ung	FOM_9_16:c28112-27450	FOM_9_01055
prokka_FOM_9/FOM_9:Gene	FOM_9_01056	FOM_9_16:28171-28776	FOM_9_01056
prokka_FOM_9/FOM_9:Gene	FOM_9_01057	FOM_9_16:28917-29243	FOM_9_01057
prokka_FOM_9/FOM_9:Gene	gdnD_2	FOM_9_16:29243-29557	FOM_9_01058
prokka_FOM_9/FOM_9:Gene	glnQ_3	FOM_9_16:c30335-29598	FOM_9_01059
prokka_FOM_9/FOM_9:Gene	mltF_2	FOM_9_16:c31780-30335	FOM_9_01060
prokka_FOM_9/FOM_9:Gene	ribZ_2	FOM_9_16:c33286-31871	FOM_9_01061
prokka_FOM_9/FOM_9:Gene	FOM_9_01062	FOM_9_16:c34083-33283	FOM_9_01062
prokka_FOM_9/FOM_9:Gene	smpB	FOM_9_16:c34656-34189	FOM_9_01063
prokka_FOM_9/FOM_9:Gene	rnr	FOM_9_16:c37087-34730	FOM_9_01064
prokka_FOM_9/FOM_9:Gene	secG	FOM_9_16:c37397-37161	FOM_9_01065
prokka_FOM_9/FOM_9:Gene	ribZ_3	FOM_9_16:c38965-37538	FOM_9_01066
prokka_FOM_9/FOM_9:Gene	QRSL1	FOM_9_16:c40467-39091	FOM_9_01067
prokka_FOM_9/FOM_9:Gene	eno2	FOM_9_16:c41964-40609	FOM_9_01068
prokka_FOM_9/FOM_9:Gene	FOM_9_01069	FOM_9_16:42239-42505	FOM_9_01069
prokka_FOM_9/FOM_9:Gene	FOM_9_01070	FOM_9_16:c42738-42541	FOM_9_01070
prokka_FOM_9/FOM_9:Gene	tpiA_1	FOM_9_16:c43641-42853	FOM_9_01071
prokka_FOM_9/FOM_9:Gene	ptsI	FOM_9_16:c45495-43768	FOM_9_01072
prokka_FOM_9/FOM_9:Gene	ptsH	FOM_9_16:c45812-45546	FOM_9_01073
prokka_FOM_9/FOM_9:Gene	FOM_9_01074	FOM_9_16:c46196-46014	FOM_9_01074
prokka_FOM_9/FOM_9:Gene	fabH_1	FOM_9_16:c47303-46329	FOM_9_01075
prokka_FOM_9/FOM_9:Gene	trxB	FOM_9_16:c48375-47425	FOM_9_01076
prokka_FOM_9/FOM_9:Gene	FOM_9_01077	FOM_9_16:c50382-48535	FOM_9_01077
prokka_FOM_9/FOM_9:Gene	FOM_9_01078	FOM_9_16:c52554-50602	FOM_9_01078
prokka_FOM_9/FOM_9:Gene	FOM_9_01079	FOM_9_16:c56690-52779	FOM_9_01079
prokka_FOM_9/FOM_9:Gene	gtaB	FOM_9_16:c57894-57019	FOM_9_01080
prokka_FOM_9/FOM_9:Gene	gpsA	FOM_9_16:c58920-57901	FOM_9_01081
prokka_FOM_9/FOM_9:Gene	hprK	FOM_9_16:c59983-59051	FOM_9_01082
prokka_FOM_9/FOM_9:Gene	FOM_9_01083	FOM_9_16:c60384-59998	FOM_9_01083
prokka_FOM_9/FOM_9:Gene	FOM_9_01084	FOM_9_16:c60710-60492	FOM_9_01084
prokka_FOM_9/FOM_9:Gene	FOM_9_01085	FOM_9_16:61237-61686	FOM_9_01085
prokka_FOM_9/FOM_9:Gene	FOM_9_01086	FOM_9_16:61868-62227	FOM_9_01086
prokka_FOM_9/FOM_9:Gene	FOM_9_01087	FOM_9_16:c63009-62281	FOM_9_01087
prokka_FOM_9/FOM_9:Gene	potD	FOM_9_16:c64529-63444	FOM_9_01088
prokka_FOM_9/FOM_9:Gene	ydcV	FOM_9_16:c65359-64529	FOM_9_01089
prokka_FOM_9/FOM_9:Gene	potB	FOM_9_16:c66170-65352	FOM_9_01090
prokka_FOM_9/FOM_9:Gene	potA	FOM_9_16:c67278-66160	FOM_9_01091
prokka_FOM_9/FOM_9:Gene	FOM_9_01092	FOM_9_16:c69191-67395	FOM_9_01092
prokka_FOM_9/FOM_9:Gene	fus	FOM_9_16:c71656-69533	FOM_9_01093
prokka_FOM_9/FOM_9:Gene	rpsG	FOM_9_16:c72245-71775	FOM_9_01094
prokka_FOM_9/FOM_9:Gene	rpsL	FOM_9_16:c72681-72265	FOM_9_01095
prokka_FOM_9/FOM_9:Gene	oppF_2	FOM_9_16:c74211-73366	FOM_9_01096
prokka_FOM_9/FOM_9:Gene	oppD_2	FOM_9_16:c75091-74201	FOM_9_01097
prokka_FOM_9/FOM_9:Gene	gsiD	FOM_9_16:c75917-75084	FOM_9_01098
prokka_FOM_9/FOM_9:Gene	gsiC_1	FOM_9_16:c76858-75920	FOM_9_01099
prokka_FOM_9/FOM_9:Gene	appA_1	FOM_9_16:c78539-76872	FOM_9_01100
prokka_FOM_9/FOM_9:Gene	FOM_9_01101	FOM_9_16:c79972-78749	FOM_9_01101
prokka_FOM_9/FOM_9:Gene	metI	FOM_9_16:c81084-79969	FOM_9_01102
prokka_FOM_9/FOM_9:Gene	metAA	FOM_9_16:c81868-81077	FOM_9_01103
prokka_FOM_9/FOM_9:Gene	eis	FOM_9_16:c83460-82291	FOM_9_01104
prokka_FOM_9/FOM_9:Gene	tmpC_4	FOM_9_16:c84707-83586	FOM_9_01105
prokka_FOM_9/FOM_9:Gene	FOM_9_01106	FOM_9_16:c85777-85214	FOM_9_01106
prokka_FOM_9/FOM_9:Gene	rpmI	FOM_9_16:c86041-85847	FOM_9_01107
prokka_FOM_9/FOM_9:Gene	infC	FOM_9_16:c86564-86067	FOM_9_01108
prokka_FOM_9/FOM_9:Gene	nusB	FOM_9_16:c87197-86775	FOM_9_01109
prokka_FOM_9/FOM_9:Gene	FOM_9_01110	FOM_9_16:c87634-87197	FOM_9_01110
prokka_FOM_9/FOM_9:Gene	efp	FOM_9_16:c88293-87727	FOM_9_01111
prokka_FOM_9/FOM_9:Gene	pgi	FOM_9_16:c90328-88985	FOM_9_01112
prokka_FOM_9/FOM_9:Gene	FOM_9_01113	FOM_9_16:c91551-90523	FOM_9_01113
prokka_FOM_9/FOM_9:Gene	bglK_1	FOM_9_16:c92597-91692	FOM_9_01114
prokka_FOM_9/FOM_9:Gene	glcU_2	FOM_9_16:c93662-92709	FOM_9_01115
prokka_FOM_9/FOM_9:Gene	rcsC_2	FOM_9_16:c95366-93939	FOM_9_01116
prokka_FOM_9/FOM_9:Gene	srrA_2	FOM_9_16:c96251-95499	FOM_9_01117
prokka_FOM_9/FOM_9:Gene	recD	FOM_9_16:c98319-96619	FOM_9_01118
prokka_FOM_9/FOM_9:Gene	codA	FOM_9_16:c100482-99241	FOM_9_01119
prokka_FOM_9/FOM_9:Gene	yhhX_2	FOM_9_16:100626-101675	FOM_9_01120
prokka_FOM_9/FOM_9:Gene	FOM_9_01121	FOM_9_16:c103096-101720	FOM_9_01121
prokka_FOM_9/FOM_9:Gene	topA_1	FOM_9_16:c105251-103173	FOM_9_01122
prokka_FOM_9/FOM_9:Gene	ybbW	FOM_9_16:c106704-105355	FOM_9_01123
prokka_FOM_9/FOM_9:Gene	FOM_9_01124	FOM_9_16:c107281-106982	FOM_9_01124
prokka_FOM_9/FOM_9:Gene	FOM_9_01125	FOM_9_16:c108474-107422	FOM_9_01125
prokka_FOM_9/FOM_9:Gene	FOM_9_01126	FOM_9_16:c109209-108589	FOM_9_01126
prokka_FOM_9/FOM_9:Gene	glnQ_4	FOM_9_16:c110048-109347	FOM_9_01127
prokka_FOM_9/FOM_9:Gene	yxeN	FOM_9_16:c110609-110061	FOM_9_01128
prokka_FOM_9/FOM_9:Gene	FOM_9_01129	FOM_9_16:c110727-110590	FOM_9_01129
prokka_FOM_9/FOM_9:Gene	yxeM	FOM_9_16:c111506-110727	FOM_9_01130
prokka_FOM_9/FOM_9:Gene	pcaB	FOM_9_16:c112306-111512	FOM_9_01131
prokka_FOM_9/FOM_9:Gene	purB_1	FOM_9_16:c112713-112312	FOM_9_01132
prokka_FOM_9/FOM_9:Gene	FOM_9_01133	FOM_9_16:c112846-112679	FOM_9_01133
prokka_FOM_9/FOM_9:Gene	FOM_9_01134	FOM_9_16:113025-113261	FOM_9_01134
prokka_FOM_9/FOM_9:Gene	FOM_9_01135	FOM_9_16:113808-114002	FOM_9_01135
prokka_FOM_9/FOM_9:Gene	FOM_9_01136	FOM_9_16:c114460-114296	FOM_9_01136
prokka_FOM_9/FOM_9:Gene	ssrA	FOM_9_16:c115523-115160	FOM_9_01137
prokka_FOM_9/FOM_9:Gene	guaC	FOM_9_16:115698-116684	FOM_9_01138
prokka_FOM_9/FOM_9:Gene	FOM_9_01139	FOM_9_16:c117305-116733	FOM_9_01139
prokka_FOM_9/FOM_9:Gene	budC_1	FOM_9_16:c118345-117572	FOM_9_01140
prokka_FOM_9/FOM_9:Gene	FOM_9_01141	FOM_9_16:c119273-118509	FOM_9_01141
prokka_FOM_9/FOM_9:Gene	FOM_9_01142	FOM_9_16:c120371-119376	FOM_9_01142
prokka_FOM_9/FOM_9:Gene	FOM_9_01143	FOM_9_16:c121705-120368	FOM_9_01143
prokka_FOM_9/FOM_9:Gene	FOM_9_01144	FOM_9_16:c122365-121862	FOM_9_01144
prokka_FOM_9/FOM_9:Gene	pepC	FOM_9_16:c123936-122602	FOM_9_01145
prokka_FOM_9/FOM_9:Gene	FOM_9_01146	FOM_9_16:c124246-124043	FOM_9_01146
prokka_FOM_9/FOM_9:Gene	FOM_9_01147	FOM_9_16:c125295-124498	FOM_9_01147
prokka_FOM_9/FOM_9:Gene	FOM_9_01148	FOM_9_16:c125910-125380	FOM_9_01148
prokka_FOM_9/FOM_9:Gene	rihA_3	FOM_9_16:c126971-126018	FOM_9_01149
prokka_FOM_9/FOM_9:Gene	FOM_9_01150	FOM_9_16:c128086-127109	FOM_9_01150
prokka_FOM_9/FOM_9:Gene	FOM_9_01151	FOM_9_16:c129784-128174	FOM_9_01151
prokka_FOM_9/FOM_9:Gene	FOM_9_01152	FOM_9_16:c130557-129946	FOM_9_01152
prokka_FOM_9/FOM_9:Gene	dpnB	FOM_9_16:c131462-130563	FOM_9_01153
prokka_FOM_9/FOM_9:Gene	dpnA	FOM_9_16:c132248-131475	FOM_9_01154
prokka_FOM_9/FOM_9:Gene	dpnM	FOM_9_16:c133204-132374	FOM_9_01155
prokka_FOM_9/FOM_9:Gene	FOM_9_01156	FOM_9_16:c133985-133293	FOM_9_01156
prokka_FOM_9/FOM_9:Gene	FOM_9_01157	FOM_9_16:c135296-134178	FOM_9_01157
prokka_FOM_9/FOM_9:Gene	rpiA_2	FOM_9_16:c136193-135501	FOM_9_01158
prokka_FOM_9/FOM_9:Gene	rbsK_1	FOM_9_16:c137146-136208	FOM_9_01159
prokka_FOM_9/FOM_9:Gene	fucP	FOM_9_16:c138508-137156	FOM_9_01160
prokka_FOM_9/FOM_9:Gene	rbsD	FOM_9_16:c138920-138525	FOM_9_01161
prokka_FOM_9/FOM_9:Gene	rbsR	FOM_9_16:c140089-139100	FOM_9_01162
prokka_FOM_9/FOM_9:Gene	FOM_9_01163	FOM_9_16:140554-140715	FOM_9_01163
prokka_FOM_9/FOM_9:Gene	rmpB	FOM_9_16:c141349-140807	FOM_9_01164
prokka_FOM_9/FOM_9:Gene	hxlA	FOM_9_16:c141969-141349	FOM_9_01165
prokka_FOM_9/FOM_9:Gene	kdgK_1	FOM_9_16:c142934-141969	FOM_9_01166
prokka_FOM_9/FOM_9:Gene	FOM_9_01167	FOM_9_16:c144241-142955	FOM_9_01167
prokka_FOM_9/FOM_9:Gene	FOM_9_01168	FOM_9_16:c144990-144244	FOM_9_01168
prokka_FOM_9/FOM_9:Gene	kdgR	FOM_9_16:c146205-145222	FOM_9_01169
prokka_FOM_9/FOM_9:Gene	FOM_9_01170	FOM_9_16:c146495-146325	FOM_9_01170
prokka_FOM_9/FOM_9:Gene	FOM_9_01171	FOM_9_16:c147307-146558	FOM_9_01171
prokka_FOM_9/FOM_9:Gene	yhjX	FOM_9_16:c148799-147552	FOM_9_01172
prokka_FOM_9/FOM_9:Gene	FOM_9_01173	FOM_9_16:c150109-148952	FOM_9_01173
prokka_FOM_9/FOM_9:Gene	menE_1	FOM_9_16:c151622-150114	FOM_9_01174
prokka_FOM_9/FOM_9:Gene	ssuA	FOM_9_16:c152606-151638	FOM_9_01175
prokka_FOM_9/FOM_9:Gene	ssuB	FOM_9_16:c153334-152621	FOM_9_01176
prokka_FOM_9/FOM_9:Gene	ssuC	FOM_9_16:c154122-153334	FOM_9_01177
prokka_FOM_9/FOM_9:Gene	folP	FOM_9_16:c155249-154416	FOM_9_01178
prokka_FOM_9/FOM_9:Gene	fpgS_2	FOM_9_16:c156459-155212	FOM_9_01179
prokka_FOM_9/FOM_9:Gene	folE	FOM_9_16:c157005-156460	FOM_9_01180
prokka_FOM_9/FOM_9:Gene	folK	FOM_9_16:c157489-156992	FOM_9_01181
prokka_FOM_9/FOM_9:Gene	folB	FOM_9_16:c157855-157493	FOM_9_01182
prokka_FOM_9/FOM_9:Gene	FOM_9_01183	FOM_9_16:c158261-158013	FOM_9_01183
prokka_FOM_9/FOM_9:Gene	FOM_9_01184	FOM_9_16:c158592-158416	FOM_9_01184
prokka_FOM_9/FOM_9:Gene	FOM_9_01185	FOM_9_16:c158783-158664	FOM_9_01185
prokka_FOM_9/FOM_9:Gene	ybjI_2	FOM_9_16:c159652-158843	FOM_9_01186
prokka_FOM_9/FOM_9:Gene	FOM_9_01187	FOM_9_16:c160178-159711	FOM_9_01187
prokka_FOM_9/FOM_9:Gene	FOM_9_01188	FOM_9_16:c162229-160358	FOM_9_01188
prokka_FOM_9/FOM_9:Gene	metQ_2	FOM_9_16:c163152-162253	FOM_9_01189
prokka_FOM_9/FOM_9:Gene	kdgK_2	FOM_9_16:c164807-163851	FOM_9_01190
prokka_FOM_9/FOM_9:Gene	kdgA	FOM_9_16:c165471-164809	FOM_9_01191
prokka_FOM_9/FOM_9:Gene	uxaC	FOM_9_16:c166903-165497	FOM_9_01192
prokka_FOM_9/FOM_9:Gene	uxuA	FOM_9_16:c168027-166906	FOM_9_01193
prokka_FOM_9/FOM_9:Gene	por	FOM_9_16:c169678-168020	FOM_9_01194
prokka_FOM_9/FOM_9:Gene	yagG	FOM_9_16:c171232-169682	FOM_9_01195
prokka_FOM_9/FOM_9:Gene	rspR	FOM_9_16:171540-172211	FOM_9_01196
prokka_FOM_9/FOM_9:Gene	yvdM	FOM_9_16:c172988-172317	FOM_9_01197
prokka_FOM_9/FOM_9:Gene	malP	FOM_9_16:c175254-172990	FOM_9_01198
prokka_FOM_9/FOM_9:Gene	FOM_9_01199	FOM_9_16:c176592-175270	FOM_9_01199
prokka_FOM_9/FOM_9:Gene	cytR	FOM_9_16:176816-177748	FOM_9_01200
prokka_FOM_9/FOM_9:Gene	FOM_9_01201	FOM_9_16:c178358-177792	FOM_9_01201
prokka_FOM_9/FOM_9:Gene	FOM_9_01202	FOM_9_16:178470-178736	FOM_9_01202
prokka_FOM_9/FOM_9:Gene	FOM_9_01203	FOM_9_16:c179077-178733	FOM_9_01203
prokka_FOM_9/FOM_9:Gene	ntd	FOM_9_16:179319-179867	FOM_9_01204
prokka_FOM_9/FOM_9:Gene	FOM_9_01205	FOM_9_16:c181070-179925	FOM_9_01205
prokka_FOM_9/FOM_9:Gene	FOM_9_01206	FOM_9_16:181560-182204	FOM_9_01206
prokka_FOM_9/FOM_9:Gene	yxdM	FOM_9_16:c184146-182368	FOM_9_01207
prokka_FOM_9/FOM_9:Gene	bceA	FOM_9_16:c184911-184159	FOM_9_01208
prokka_FOM_9/FOM_9:Gene	FOM_9_01209	FOM_9_16:c185654-185292	FOM_9_01209
prokka_FOM_9/FOM_9:Gene	FOM_9_01210	FOM_9_16:c186327-186169	FOM_9_01210
prokka_FOM_9/FOM_9:Gene	FOM_9_01211	FOM_9_16:c187172-186471	FOM_9_01211
prokka_FOM_9/FOM_9:Gene	arcC1	FOM_9_16:c188252-187308	FOM_9_01212
prokka_FOM_9/FOM_9:Gene	arcD1	FOM_9_16:c189703-188270	FOM_9_01213
prokka_FOM_9/FOM_9:Gene	arcB_1	FOM_9_16:c190752-189706	FOM_9_01214
prokka_FOM_9/FOM_9:Gene	arcA	FOM_9_16:c192020-190782	FOM_9_01215
prokka_FOM_9/FOM_9:Gene	rny	FOM_9_16:c193770-192208	FOM_9_01216
prokka_FOM_9/FOM_9:Gene	FOM_9_01217	FOM_9_16:c195549-193969	FOM_9_01217
prokka_FOM_9/FOM_9:Gene	FOM_9_01218	FOM_9_16:c195754-195665	FOM_9_01218
prokka_FOM_9/FOM_9:Gene	FOM_9_01219	FOM_9_16:c195834-195759	FOM_9_01219
prokka_FOM_9/FOM_9:Gene	FOM_9_01220	FOM_9_16:c195960-195871	FOM_9_01220
prokka_FOM_9/FOM_9:Gene	FOM_9_01221	FOM_9_16:c197119-196106	FOM_9_01221
prokka_FOM_9/FOM_9:Gene	asp2	FOM_9_16:c198858-197116	FOM_9_01222
prokka_FOM_9/FOM_9:Gene	asp1	FOM_9_16:c200366-198858	FOM_9_01223
prokka_FOM_9/FOM_9:Gene	FOM_9_01224	FOM_9_16:c200772-200368	FOM_9_01224
prokka_FOM_9/FOM_9:Gene	gtf3	FOM_9_16:c201782-200769	FOM_9_01225
prokka_FOM_9/FOM_9:Gene	FOM_9_01226	FOM_9_16:c203024-201816	FOM_9_01226
prokka_FOM_9/FOM_9:Gene	gtfA_2	FOM_9_16:c204571-203021	FOM_9_01227
prokka_FOM_9/FOM_9:Gene	FOM_9_01228	FOM_9_16:c205223-204573	FOM_9_01228
prokka_FOM_9/FOM_9:Gene	tagE	FOM_9_16:c206704-205220	FOM_9_01229
prokka_FOM_9/FOM_9:Gene	FOM_9_01230	FOM_9_16:c208475-206919	FOM_9_01230
prokka_FOM_9/FOM_9:Gene	pheS	FOM_9_17:494-1534	FOM_9_01231
prokka_FOM_9/FOM_9:Gene	pheT	FOM_9_17:1544-3967	FOM_9_01232
prokka_FOM_9/FOM_9:Gene	mltG	FOM_9_17:4064-5275	FOM_9_01233
prokka_FOM_9/FOM_9:Gene	recQ	FOM_9_17:5385-7214	FOM_9_01234
prokka_FOM_9/FOM_9:Gene	greA	FOM_9_17:c7751-7266	FOM_9_01235
prokka_FOM_9/FOM_9:Gene	FOM_9_01236	FOM_9_17:c10517-7869	FOM_9_01236
prokka_FOM_9/FOM_9:Gene	penA	FOM_9_17:10668-12719	FOM_9_01237
prokka_FOM_9/FOM_9:Gene	yqgN	FOM_9_17:12826-13377	FOM_9_01238
prokka_FOM_9/FOM_9:Gene	gluP	FOM_9_17:13383-14084	FOM_9_01239
prokka_FOM_9/FOM_9:Gene	FOM_9_01240	FOM_9_17:14098-14304	FOM_9_01240
prokka_FOM_9/FOM_9:Gene	glcK	FOM_9_17:14430-15407	FOM_9_01241
prokka_FOM_9/FOM_9:Gene	FOM_9_01242	FOM_9_17:15643-15990	FOM_9_01242
prokka_FOM_9/FOM_9:Gene	FOM_9_01243	FOM_9_17:16353-17042	FOM_9_01243
prokka_FOM_9/FOM_9:Gene	FOM_9_01244	FOM_9_17:17130-17285	FOM_9_01244
prokka_FOM_9/FOM_9:Gene	FOM_9_01245	FOM_9_17:17618-18466	FOM_9_01245
prokka_FOM_9/FOM_9:Gene	FOM_9_01246	FOM_9_17:18676-19506	FOM_9_01246
prokka_FOM_9/FOM_9:Gene	glpE	FOM_9_17:19607-19993	FOM_9_01247
prokka_FOM_9/FOM_9:Gene	FOM_9_01248	FOM_9_17:c20226-20044	FOM_9_01248
prokka_FOM_9/FOM_9:Gene	FOM_9_01249	FOM_9_17:20302-20913	FOM_9_01249
prokka_FOM_9/FOM_9:Gene	miaA	FOM_9_17:20928-21851	FOM_9_01250
prokka_FOM_9/FOM_9:Gene	glnR	FOM_9_17:21917-22267	FOM_9_01251
prokka_FOM_9/FOM_9:Gene	glnA	FOM_9_17:22308-23654	FOM_9_01252
prokka_FOM_9/FOM_9:Gene	FOM_9_01253	FOM_9_17:23799-24671	FOM_9_01253
prokka_FOM_9/FOM_9:Gene	FOM_9_01254	FOM_9_17:24674-25705	FOM_9_01254
prokka_FOM_9/FOM_9:Gene	FOM_9_01255	FOM_9_17:25705-26232	FOM_9_01255
prokka_FOM_9/FOM_9:Gene	FOM_9_01256	FOM_9_17:26283-26357	FOM_9_01256
prokka_FOM_9/FOM_9:Gene	rplU	FOM_9_17:26560-26862	FOM_9_01257
prokka_FOM_9/FOM_9:Gene	rpmA	FOM_9_17:26890-27201	FOM_9_01258
prokka_FOM_9/FOM_9:Gene	FOM_9_01259	FOM_9_17:27574-29715	FOM_9_01259
prokka_FOM_9/FOM_9:Gene	FOM_9_01260	FOM_9_17:29865-30524	FOM_9_01260
prokka_FOM_9/FOM_9:Gene	guaA	FOM_9_18:c1727-174	FOM_9_01261
prokka_FOM_9/FOM_9:Gene	tmpC_5	FOM_9_18:2090-3169	FOM_9_01262
prokka_FOM_9/FOM_9:Gene	argG	FOM_9_18:3530-4753	FOM_9_01263
prokka_FOM_9/FOM_9:Gene	argH	FOM_9_18:4746-6125	FOM_9_01264
prokka_FOM_9/FOM_9:Gene	argC	FOM_9_18:6129-7160	FOM_9_01265
prokka_FOM_9/FOM_9:Gene	argJ	FOM_9_18:7170-8336	FOM_9_01266
prokka_FOM_9/FOM_9:Gene	argB	FOM_9_18:8340-9053	FOM_9_01267
prokka_FOM_9/FOM_9:Gene	argD	FOM_9_18:9050-10180	FOM_9_01268
prokka_FOM_9/FOM_9:Gene	arcB_2	FOM_9_18:10181-11206	FOM_9_01269
prokka_FOM_9/FOM_9:Gene	carA_2	FOM_9_18:11354-12424	FOM_9_01270
prokka_FOM_9/FOM_9:Gene	carB_2	FOM_9_18:12421-15498	FOM_9_01271
prokka_FOM_9/FOM_9:Gene	pbpA	FOM_9_18:c16314-15544	FOM_9_01272
prokka_FOM_9/FOM_9:Gene	FOM_9_01273	FOM_9_18:c16763-16380	FOM_9_01273
prokka_FOM_9/FOM_9:Gene	FOM_9_01274	FOM_9_18:16876-18153	FOM_9_01274
prokka_FOM_9/FOM_9:Gene	FOM_9_01275	FOM_9_18:18250-19143	FOM_9_01275
prokka_FOM_9/FOM_9:Gene	FOM_9_01276	FOM_9_18:19133-20740	FOM_9_01276
prokka_FOM_9/FOM_9:Gene	FOM_9_01277	FOM_9_18:21069-21458	FOM_9_01277
prokka_FOM_9/FOM_9:Gene	actIII	FOM_9_18:21451-22170	FOM_9_01278
prokka_FOM_9/FOM_9:Gene	urdA	FOM_9_18:c22763-22224	FOM_9_01279
prokka_FOM_9/FOM_9:Gene	rlmCD	FOM_9_18:22912-24402	FOM_9_01280
prokka_FOM_9/FOM_9:Gene	FOM_9_01281	FOM_9_18:24768-26477	FOM_9_01281
prokka_FOM_9/FOM_9:Gene	yicL	FOM_9_18:26586-27470	FOM_9_01282
prokka_FOM_9/FOM_9:Gene	tmpC_6	FOM_9_18:27785-28867	FOM_9_01283
prokka_FOM_9/FOM_9:Gene	FOM_9_01284	FOM_9_18:29025-30161	FOM_9_01284
prokka_FOM_9/FOM_9:Gene	FOM_9_01285	FOM_9_18:30154-30774	FOM_9_01285
prokka_FOM_9/FOM_9:Gene	rppH	FOM_9_18:30834-31325	FOM_9_01286
prokka_FOM_9/FOM_9:Gene	FOM_9_01287	FOM_9_18:31487-32134	FOM_9_01287
prokka_FOM_9/FOM_9:Gene	lmrA	FOM_9_18:32137-33903	FOM_9_01288
prokka_FOM_9/FOM_9:Gene	FOM_9_01289	FOM_9_18:34072-34296	FOM_9_01289
prokka_FOM_9/FOM_9:Gene	yvgN_2	FOM_9_18:c35285-34428	FOM_9_01290
prokka_FOM_9/FOM_9:Gene	FOM_9_01291	FOM_9_18:35496-36077	FOM_9_01291
prokka_FOM_9/FOM_9:Gene	fetA	FOM_9_18:36135-36794	FOM_9_01292
prokka_FOM_9/FOM_9:Gene	fetB	FOM_9_18:36778-37551	FOM_9_01293
prokka_FOM_9/FOM_9:Gene	ytrA	FOM_9_18:37660-38025	FOM_9_01294
prokka_FOM_9/FOM_9:Gene	ytrB	FOM_9_18:38031-38741	FOM_9_01295
prokka_FOM_9/FOM_9:Gene	FOM_9_01296	FOM_9_18:38738-39496	FOM_9_01296
prokka_FOM_9/FOM_9:Gene	artM_2	FOM_9_18:c40329-39589	FOM_9_01297
prokka_FOM_9/FOM_9:Gene	tcyB	FOM_9_18:c41037-40336	FOM_9_01298
prokka_FOM_9/FOM_9:Gene	FOM_9_01299	FOM_9_18:41409-41498	FOM_9_01299
prokka_FOM_9/FOM_9:Gene	FOM_9_01300	FOM_9_18:41554-42228	FOM_9_01300
prokka_FOM_9/FOM_9:Gene	FOM_9_01301	FOM_9_18:42534-43331	FOM_9_01301
prokka_FOM_9/FOM_9:Gene	acyP	FOM_9_18:43412-43684	FOM_9_01302
prokka_FOM_9/FOM_9:Gene	menA	FOM_9_18:44303-45196	FOM_9_01303
prokka_FOM_9/FOM_9:Gene	mprF	FOM_9_18:c47760-45250	FOM_9_01304
prokka_FOM_9/FOM_9:Gene	menH_2	FOM_9_18:c48473-47757	FOM_9_01305
prokka_FOM_9/FOM_9:Gene	yhhT	FOM_9_18:48683-49804	FOM_9_01306
prokka_FOM_9/FOM_9:Gene	yodB_2	FOM_9_18:c50183-49848	FOM_9_01307
prokka_FOM_9/FOM_9:Gene	FOM_9_01308	FOM_9_18:50352-51122	FOM_9_01308
prokka_FOM_9/FOM_9:Gene	FOM_9_01309	FOM_9_18:c51916-51275	FOM_9_01309
prokka_FOM_9/FOM_9:Gene	gshAB	FOM_9_18:52068-53528	FOM_9_01310
prokka_FOM_9/FOM_9:Gene	FOM_9_01311	FOM_9_18:53633-54043	FOM_9_01311
prokka_FOM_9/FOM_9:Gene	cycA_1	FOM_9_18:54251-55594	FOM_9_01312
prokka_FOM_9/FOM_9:Gene	aes	FOM_9_18:55671-56564	FOM_9_01313
prokka_FOM_9/FOM_9:Gene	FOM_9_01314	FOM_9_18:56578-56784	FOM_9_01314
prokka_FOM_9/FOM_9:Gene	FOM_9_01315	FOM_9_18:56924-57865	FOM_9_01315
prokka_FOM_9/FOM_9:Gene	FOM_9_01316	FOM_9_18:c58406-57834	FOM_9_01316
prokka_FOM_9/FOM_9:Gene	dus	FOM_9_18:c59530-58469	FOM_9_01317
prokka_FOM_9/FOM_9:Gene	FOM_9_01318	FOM_9_18:59713-60285	FOM_9_01318
prokka_FOM_9/FOM_9:Gene	FOM_9_01319	FOM_9_18:60310-60489	FOM_9_01319
prokka_FOM_9/FOM_9:Gene	FOM_9_01320	FOM_9_18:60542-61537	FOM_9_01320
prokka_FOM_9/FOM_9:Gene	FOM_9_01321	FOM_9_18:61719-62213	FOM_9_01321
prokka_FOM_9/FOM_9:Gene	FOM_9_01322	FOM_9_18:62341-63348	FOM_9_01322
prokka_FOM_9/FOM_9:Gene	benM	FOM_9_18:c64351-63461	FOM_9_01323
prokka_FOM_9/FOM_9:Gene	carA_3	FOM_9_18:64510-66078	FOM_9_01324
prokka_FOM_9/FOM_9:Gene	FOM_9_01325	FOM_9_18:66102-67037	FOM_9_01325
prokka_FOM_9/FOM_9:Gene	FOM_9_01326	FOM_9_18:c67475-67113	FOM_9_01326
prokka_FOM_9/FOM_9:Gene	polC_3	FOM_9_18:67602-68153	FOM_9_01327
prokka_FOM_9/FOM_9:Gene	hutI_2	FOM_9_18:c69450-68212	FOM_9_01328
prokka_FOM_9/FOM_9:Gene	yhdG_1	FOM_9_18:69893-71290	FOM_9_01329
prokka_FOM_9/FOM_9:Gene	FOM_9_01330	FOM_9_18:71421-72023	FOM_9_01330
prokka_FOM_9/FOM_9:Gene	psiE	FOM_9_18:72100-72561	FOM_9_01331
prokka_FOM_9/FOM_9:Gene	FOM_9_01332	FOM_9_18:c73029-72643	FOM_9_01332
prokka_FOM_9/FOM_9:Gene	dinB_1	FOM_9_18:c74323-73007	FOM_9_01333
prokka_FOM_9/FOM_9:Gene	FOM_9_01334	FOM_9_18:c76346-74493	FOM_9_01334
prokka_FOM_9/FOM_9:Gene	nnr	FOM_9_18:c77011-76346	FOM_9_01335
prokka_FOM_9/FOM_9:Gene	FOM_9_01336	FOM_9_18:77260-77598	FOM_9_01336
prokka_FOM_9/FOM_9:Gene	aqpZ2	FOM_9_18:77724-78428	FOM_9_01337
prokka_FOM_9/FOM_9:Gene	dppE_2	FOM_9_18:78858-80477	FOM_9_01338
prokka_FOM_9/FOM_9:Gene	fpaP	FOM_9_18:80490-81407	FOM_9_01339
prokka_FOM_9/FOM_9:Gene	FOM_9_01340	FOM_9_18:81536-81676	FOM_9_01340
prokka_FOM_9/FOM_9:Gene	ypjQ	FOM_9_18:c82222-81737	FOM_9_01341
prokka_FOM_9/FOM_9:Gene	tdh_2	FOM_9_18:c83235-82324	FOM_9_01342
prokka_FOM_9/FOM_9:Gene	FOM_9_01343	FOM_9_18:83450-83608	FOM_9_01343
prokka_FOM_9/FOM_9:Gene	hsrA_3	FOM_9_18:83734-85098	FOM_9_01344
prokka_FOM_9/FOM_9:Gene	glcU_3	FOM_9_18:85243-86157	FOM_9_01345
prokka_FOM_9/FOM_9:Gene	FOM_9_01346	FOM_9_18:86279-86716	FOM_9_01346
prokka_FOM_9/FOM_9:Gene	steT_3	FOM_9_18:86993-88318	FOM_9_01347
prokka_FOM_9/FOM_9:Gene	yifK	FOM_9_18:c89750-88362	FOM_9_01348
prokka_FOM_9/FOM_9:Gene	yhdG_2	FOM_9_18:90229-91647	FOM_9_01349
prokka_FOM_9/FOM_9:Gene	ansA	FOM_9_18:91791-92780	FOM_9_01350
prokka_FOM_9/FOM_9:Gene	FOM_9_01351	FOM_9_18:92840-93265	FOM_9_01351
prokka_FOM_9/FOM_9:Gene	FOM_9_01352	FOM_9_18:93494-94186	FOM_9_01352
prokka_FOM_9/FOM_9:Gene	menG	FOM_9_18:94302-95003	FOM_9_01353
prokka_FOM_9/FOM_9:Gene	pncA	FOM_9_18:c95630-95061	FOM_9_01354
prokka_FOM_9/FOM_9:Gene	menI	FOM_9_18:c96083-95706	FOM_9_01355
prokka_FOM_9/FOM_9:Gene	menB	FOM_9_18:96295-97113	FOM_9_01356
prokka_FOM_9/FOM_9:Gene	menE_2	FOM_9_18:97195-98646	FOM_9_01357
prokka_FOM_9/FOM_9:Gene	FOM_9_01358	FOM_9_18:98777-99919	FOM_9_01358
prokka_FOM_9/FOM_9:Gene	FOM_9_01359	FOM_9_18:99948-101015	FOM_9_01359
prokka_FOM_9/FOM_9:Gene	FOM_9_01360	FOM_9_18:c101645-101265	FOM_9_01360
prokka_FOM_9/FOM_9:Gene	tcrA	FOM_9_18:101830-102525	FOM_9_01361
prokka_FOM_9/FOM_9:Gene	sasA_1	FOM_9_18:102525-103763	FOM_9_01362
prokka_FOM_9/FOM_9:Gene	FOM_9_01363	FOM_9_18:c104210-103863	FOM_9_01363
prokka_FOM_9/FOM_9:Gene	ilvE	FOM_9_19:263-1297	FOM_9_01364
prokka_FOM_9/FOM_9:Gene	ptcB_1	FOM_9_19:1514-1834	FOM_9_01365
prokka_FOM_9/FOM_9:Gene	ptcA_1	FOM_9_19:1886-2212	FOM_9_01366
prokka_FOM_9/FOM_9:Gene	bglA_2	FOM_9_19:2212-3654	FOM_9_01367
prokka_FOM_9/FOM_9:Gene	bglA_3	FOM_9_19:3656-5035	FOM_9_01368
prokka_FOM_9/FOM_9:Gene	licC_1	FOM_9_19:5056-6474	FOM_9_01369
prokka_FOM_9/FOM_9:Gene	FOM_9_01370	FOM_9_19:6653-7222	FOM_9_01370
prokka_FOM_9/FOM_9:Gene	dapX_1	FOM_9_19:7533-8735	FOM_9_01371
prokka_FOM_9/FOM_9:Gene	ldhD	FOM_9_19:8740-9729	FOM_9_01372
prokka_FOM_9/FOM_9:Gene	FOM_9_01373	FOM_9_19:9735-10778	FOM_9_01373
prokka_FOM_9/FOM_9:Gene	rhaR	FOM_9_19:10902-11714	FOM_9_01374
prokka_FOM_9/FOM_9:Gene	lacS	FOM_9_19:11887-13293	FOM_9_01375
prokka_FOM_9/FOM_9:Gene	galK_1	FOM_9_19:13295-14476	FOM_9_01376
prokka_FOM_9/FOM_9:Gene	galT	FOM_9_19:14486-15991	FOM_9_01377
prokka_FOM_9/FOM_9:Gene	oppD_3	FOM_9_19:16224-17222	FOM_9_01378
prokka_FOM_9/FOM_9:Gene	gsiA	FOM_9_19:17232-18188	FOM_9_01379
prokka_FOM_9/FOM_9:Gene	gsiC_2	FOM_9_19:18190-19149	FOM_9_01380
prokka_FOM_9/FOM_9:Gene	oppC	FOM_9_19:19163-20044	FOM_9_01381
prokka_FOM_9/FOM_9:Gene	appA_2	FOM_9_19:20119-21960	FOM_9_01382
prokka_FOM_9/FOM_9:Gene	yheI	FOM_9_19:22034-23791	FOM_9_01383
prokka_FOM_9/FOM_9:Gene	yheH	FOM_9_19:23784-25574	FOM_9_01384
prokka_FOM_9/FOM_9:Gene	FOM_9_01385	FOM_9_19:25591-26847	FOM_9_01385
prokka_FOM_9/FOM_9:Gene	ydbP	FOM_9_19:27089-27427	FOM_9_01386
prokka_FOM_9/FOM_9:Gene	FOM_9_01387	FOM_9_19:27846-28346	FOM_9_01387
prokka_FOM_9/FOM_9:Gene	gor	FOM_9_19:28411-29751	FOM_9_01388
prokka_FOM_9/FOM_9:Gene	FOM_9_01389	FOM_9_19:29874-31007	FOM_9_01389
prokka_FOM_9/FOM_9:Gene	pucK	FOM_9_19:31288-32610	FOM_9_01390
prokka_FOM_9/FOM_9:Gene	xpt	FOM_9_19:32607-33197	FOM_9_01391
prokka_FOM_9/FOM_9:Gene	ydhF	FOM_9_19:33282-34235	FOM_9_01392
prokka_FOM_9/FOM_9:Gene	lutP	FOM_9_19:c35909-34290	FOM_9_01393
prokka_FOM_9/FOM_9:Gene	FOM_9_01394	FOM_9_19:36098-37591	FOM_9_01394
prokka_FOM_9/FOM_9:Gene	budC_2	FOM_9_19:37735-38511	FOM_9_01395
prokka_FOM_9/FOM_9:Gene	glxR	FOM_9_19:38617-39486	FOM_9_01396
prokka_FOM_9/FOM_9:Gene	FOM_9_01397	FOM_9_19:39644-39886	FOM_9_01397
prokka_FOM_9/FOM_9:Gene	FOM_9_01398	FOM_9_19:40020-41078	FOM_9_01398
prokka_FOM_9/FOM_9:Gene	FOM_9_01399	FOM_9_19:41312-42079	FOM_9_01399
prokka_FOM_9/FOM_9:Gene	FOM_9_01400	FOM_9_19:42235-44952	FOM_9_01400
prokka_FOM_9/FOM_9:Gene	gtfA_3	FOM_9_19:45103-46716	FOM_9_01401
prokka_FOM_9/FOM_9:Gene	gtfA_4	FOM_9_19:46716-48230	FOM_9_01402
prokka_FOM_9/FOM_9:Gene	FOM_9_01403	FOM_9_19:48311-48922	FOM_9_01403
prokka_FOM_9/FOM_9:Gene	FOM_9_01404	FOM_9_19:c49073-49002	FOM_9_01404
prokka_FOM_9/FOM_9:Gene	smc_1	FOM_9_19:49325-62275	FOM_9_01405
prokka_FOM_9/FOM_9:Gene	FOM_9_01406	FOM_9_19:62449-62523	FOM_9_01406
prokka_FOM_9/FOM_9:Gene	FOM_9_01407	FOM_9_19:62524-62599	FOM_9_01407
prokka_FOM_9/FOM_9:Gene	FOM_9_01408	FOM_9_19:62625-62698	FOM_9_01408
prokka_FOM_9/FOM_9:Gene	FOM_9_01409	FOM_9_19:62701-62774	FOM_9_01409
prokka_FOM_9/FOM_9:Gene	FOM_9_01410	FOM_9_19:62795-62880	FOM_9_01410
prokka_FOM_9/FOM_9:Gene	FOM_9_01411	FOM_9_19:62931-63006	FOM_9_01411
prokka_FOM_9/FOM_9:Gene	FOM_9_01412	FOM_9_19:63103-63405	FOM_9_01412
prokka_FOM_9/FOM_9:Gene	tri1_1	FOM_9_19:63415-64368	FOM_9_01413
prokka_FOM_9/FOM_9:Gene	FOM_9_01414	FOM_9_19:c67256-64455	FOM_9_01414
prokka_FOM_9/FOM_9:Gene	manX	FOM_9_19:67549-68529	FOM_9_01415
prokka_FOM_9/FOM_9:Gene	sorC	FOM_9_19:68581-69393	FOM_9_01416
prokka_FOM_9/FOM_9:Gene	manZ	FOM_9_19:69413-70360	FOM_9_01417
prokka_FOM_9/FOM_9:Gene	FOM_9_01418	FOM_9_19:70482-70826	FOM_9_01418
prokka_FOM_9/FOM_9:Gene	gpmA_3	FOM_9_19:70857-71522	FOM_9_01419
prokka_FOM_9/FOM_9:Gene	FOM_9_01420	FOM_9_19:c72129-71737	FOM_9_01420
prokka_FOM_9/FOM_9:Gene	FOM_9_01421	FOM_9_19:72308-73159	FOM_9_01421
prokka_FOM_9/FOM_9:Gene	FOM_9_01422	FOM_9_19:73201-73274	FOM_9_01422
prokka_FOM_9/FOM_9:Gene	FOM_9_01423	FOM_9_19:73543-73926	FOM_9_01423
prokka_FOM_9/FOM_9:Gene	FOM_9_01424	FOM_9_19:73916-74374	FOM_9_01424
prokka_FOM_9/FOM_9:Gene	FOM_9_01425	FOM_9_19:74419-74598	FOM_9_01425
prokka_FOM_9/FOM_9:Gene	FOM_9_01426	FOM_9_19:74738-74950	FOM_9_01426
prokka_FOM_9/FOM_9:Gene	FOM_9_01427	FOM_9_19:75096-75803	FOM_9_01427
prokka_FOM_9/FOM_9:Gene	gapA1	FOM_9_19:76078-77088	FOM_9_01428
prokka_FOM_9/FOM_9:Gene	pgk	FOM_9_19:77211-78437	FOM_9_01429
prokka_FOM_9/FOM_9:Gene	gltC	FOM_9_19:78576-79448	FOM_9_01430
prokka_FOM_9/FOM_9:Gene	clsA	FOM_9_19:79602-81050	FOM_9_01431
prokka_FOM_9/FOM_9:Gene	ndk	FOM_9_19:81121-81537	FOM_9_01432
prokka_FOM_9/FOM_9:Gene	ppx1	FOM_9_20:c1569-640	FOM_9_01433
prokka_FOM_9/FOM_9:Gene	trpS2	FOM_9_20:c2625-1606	FOM_9_01434
prokka_FOM_9/FOM_9:Gene	helD_1	FOM_9_20:c5033-2733	FOM_9_01435
prokka_FOM_9/FOM_9:Gene	FOM_9_01436	FOM_9_20:c6854-6006	FOM_9_01436
prokka_FOM_9/FOM_9:Gene	FOM_9_01437	FOM_9_20:c7977-6838	FOM_9_01437
prokka_FOM_9/FOM_9:Gene	FOM_9_01438	FOM_9_20:c9062-7989	FOM_9_01438
prokka_FOM_9/FOM_9:Gene	dltD	FOM_9_20:c10366-9113	FOM_9_01439
prokka_FOM_9/FOM_9:Gene	dltC	FOM_9_20:c10598-10359	FOM_9_01440
prokka_FOM_9/FOM_9:Gene	FOM_9_01441	FOM_9_20:c11846-10620	FOM_9_01441
prokka_FOM_9/FOM_9:Gene	dltA	FOM_9_20:c13384-11843	FOM_9_01442
prokka_FOM_9/FOM_9:Gene	FOM_9_01443	FOM_9_20:c13577-13428	FOM_9_01443
prokka_FOM_9/FOM_9:Gene	garB_2	FOM_9_20:c15230-13902	FOM_9_01444
prokka_FOM_9/FOM_9:Gene	ndoA	FOM_9_20:c15665-15303	FOM_9_01445
prokka_FOM_9/FOM_9:Gene	FOM_9_01446	FOM_9_20:c17159-15675	FOM_9_01446
prokka_FOM_9/FOM_9:Gene	cshA	FOM_9_20:c19129-17555	FOM_9_01447
prokka_FOM_9/FOM_9:Gene	exuT	FOM_9_20:19513-20691	FOM_9_01448
prokka_FOM_9/FOM_9:Gene	murA2	FOM_9_20:c22050-20788	FOM_9_01449
prokka_FOM_9/FOM_9:Gene	FOM_9_01450	FOM_9_20:c23858-22332	FOM_9_01450
prokka_FOM_9/FOM_9:Gene	FOM_9_01451	FOM_9_20:c25658-24003	FOM_9_01451
prokka_FOM_9/FOM_9:Gene	FOM_9_01452	FOM_9_20:c26956-25682	FOM_9_01452
prokka_FOM_9/FOM_9:Gene	FOM_9_01453	FOM_9_20:c27629-27240	FOM_9_01453
prokka_FOM_9/FOM_9:Gene	pyrG	FOM_9_20:c29523-27913	FOM_9_01454
prokka_FOM_9/FOM_9:Gene	FOM_9_01455	FOM_9_20:c30630-29833	FOM_9_01455
prokka_FOM_9/FOM_9:Gene	rpoE	FOM_9_20:c31429-30836	FOM_9_01456
prokka_FOM_9/FOM_9:Gene	yidA_1	FOM_9_20:c32346-31510	FOM_9_01457
prokka_FOM_9/FOM_9:Gene	FOM_9_01458	FOM_9_20:c33750-32392	FOM_9_01458
prokka_FOM_9/FOM_9:Gene	FOM_9_01459	FOM_9_20:33856-34293	FOM_9_01459
prokka_FOM_9/FOM_9:Gene	htrA	FOM_9_20:c35923-34631	FOM_9_01460
prokka_FOM_9/FOM_9:Gene	yycJ	FOM_9_20:c36808-36008	FOM_9_01461
prokka_FOM_9/FOM_9:Gene	FOM_9_01462	FOM_9_20:c37722-36910	FOM_9_01462
prokka_FOM_9/FOM_9:Gene	FOM_9_01463	FOM_9_20:c39047-37722	FOM_9_01463
prokka_FOM_9/FOM_9:Gene	walK	FOM_9_20:c40929-39040	FOM_9_01464
prokka_FOM_9/FOM_9:Gene	walR	FOM_9_20:c41745-41044	FOM_9_01465
prokka_FOM_9/FOM_9:Gene	FOM_9_01466	FOM_9_20:41933-42009	FOM_9_01466
prokka_FOM_9/FOM_9:Gene	FOM_9_01467	FOM_9_21:11-586	FOM_9_01467
prokka_FOM_9/FOM_9:Gene	FOM_9_01468	FOM_9_21:c6401-1053	FOM_9_01468
prokka_FOM_9/FOM_9:Gene	FOM_9_01469	FOM_9_21:c6789-6664	FOM_9_01469
prokka_FOM_9/FOM_9:Gene	FOM_9_01470	FOM_9_21:7002-7250	FOM_9_01470
prokka_FOM_9/FOM_9:Gene	FOM_9_01471	FOM_9_21:c8191-7247	FOM_9_01471
prokka_FOM_9/FOM_9:Gene	FOM_9_01472	FOM_9_21:c9898-8372	FOM_9_01472
prokka_FOM_9/FOM_9:Gene	bmr3	FOM_9_21:c11479-10022	FOM_9_01473
prokka_FOM_9/FOM_9:Gene	copB	FOM_9_21:c14201-12081	FOM_9_01474
prokka_FOM_9/FOM_9:Gene	FOM_9_01475	FOM_9_21:14289-14834	FOM_9_01475
prokka_FOM_9/FOM_9:Gene	FOM_9_01476	FOM_9_21:c15409-14888	FOM_9_01476
prokka_FOM_9/FOM_9:Gene	FOM_9_01477	FOM_9_21:c15864-15508	FOM_9_01477
prokka_FOM_9/FOM_9:Gene	FOM_9_01478	FOM_9_21:c16236-15877	FOM_9_01478
prokka_FOM_9/FOM_9:Gene	FOM_9_01479	FOM_9_21:16540-17277	FOM_9_01479
prokka_FOM_9/FOM_9:Gene	FOM_9_01480	FOM_9_21:17474-17833	FOM_9_01480
prokka_FOM_9/FOM_9:Gene	FOM_9_01481	FOM_9_21:c18760-17984	FOM_9_01481
prokka_FOM_9/FOM_9:Gene	FOM_9_01482	FOM_9_21:18991-19758	FOM_9_01482
prokka_FOM_9/FOM_9:Gene	FOM_9_01483	FOM_9_21:c20520-19852	FOM_9_01483
prokka_FOM_9/FOM_9:Gene	FOM_9_01484	FOM_9_21:c21352-20657	FOM_9_01484
prokka_FOM_9/FOM_9:Gene	FOM_9_01485	FOM_9_21:c21753-21334	FOM_9_01485
prokka_FOM_9/FOM_9:Gene	alx_2	FOM_9_22:325-1281	FOM_9_01486
prokka_FOM_9/FOM_9:Gene	FOM_9_01487	FOM_9_22:1411-2214	FOM_9_01487
prokka_FOM_9/FOM_9:Gene	FOM_9_01488	FOM_9_22:2217-2348	FOM_9_01488
prokka_FOM_9/FOM_9:Gene	gpmA_4	FOM_9_22:c3054-2386	FOM_9_01489
prokka_FOM_9/FOM_9:Gene	rimM	FOM_9_22:3215-3718	FOM_9_01490
prokka_FOM_9/FOM_9:Gene	trmD	FOM_9_22:3721-4461	FOM_9_01491
prokka_FOM_9/FOM_9:Gene	rplS	FOM_9_22:4579-4935	FOM_9_01492
prokka_FOM_9/FOM_9:Gene	gltT	FOM_9_22:5132-6418	FOM_9_01493
prokka_FOM_9/FOM_9:Gene	FOM_9_01494	FOM_9_22:6633-7589	FOM_9_01494
prokka_FOM_9/FOM_9:Gene	FOM_9_01495	FOM_9_22:7614-7799	FOM_9_01495
prokka_FOM_9/FOM_9:Gene	glpK_2	FOM_9_22:7898-9403	FOM_9_01496
prokka_FOM_9/FOM_9:Gene	FOM_9_01497	FOM_9_22:9790-11238	FOM_9_01497
prokka_FOM_9/FOM_9:Gene	FOM_9_01498	FOM_9_22:c11936-11292	FOM_9_01498
prokka_FOM_9/FOM_9:Gene	mscL	FOM_9_22:c12549-12154	FOM_9_01499
prokka_FOM_9/FOM_9:Gene	yidA_2	FOM_9_22:12730-13569	FOM_9_01500
prokka_FOM_9/FOM_9:Gene	FOM_9_01501	FOM_9_22:13572-13766	FOM_9_01501
prokka_FOM_9/FOM_9:Gene	FOM_9_01502	FOM_9_22:13768-14493	FOM_9_01502
prokka_FOM_9/FOM_9:Gene	FOM_9_01503	FOM_9_22:14670-15089	FOM_9_01503
prokka_FOM_9/FOM_9:Gene	FOM_9_01504	FOM_9_22:15183-15590	FOM_9_01504
prokka_FOM_9/FOM_9:Gene	FOM_9_01505	FOM_9_22:15676-16188	FOM_9_01505
prokka_FOM_9/FOM_9:Gene	FOM_9_01506	FOM_9_22:16243-16329	FOM_9_01506
prokka_FOM_9/FOM_9:Gene	FOM_9_01507	FOM_9_22:16522-18039	FOM_9_01507
prokka_FOM_9/FOM_9:Gene	FOM_9_01508	FOM_9_22:18187-18918	FOM_9_01508
prokka_FOM_9/FOM_9:Gene	FOM_9_01509	FOM_9_22:19020-20132	FOM_9_01509
prokka_FOM_9/FOM_9:Gene	FOM_9_01510	FOM_9_22:20156-22099	FOM_9_01510
prokka_FOM_9/FOM_9:Gene	FOM_9_01511	FOM_9_22:22101-22925	FOM_9_01511
prokka_FOM_9/FOM_9:Gene	FOM_9_01512	FOM_9_22:23057-23827	FOM_9_01512
prokka_FOM_9/FOM_9:Gene	FOM_9_01513	FOM_9_22:23830-24942	FOM_9_01513
prokka_FOM_9/FOM_9:Gene	spxA	FOM_9_22:25285-25713	FOM_9_01514
prokka_FOM_9/FOM_9:Gene	mecA	FOM_9_22:25939-26688	FOM_9_01515
prokka_FOM_9/FOM_9:Gene	bglA_4	FOM_9_22:26984-28135	FOM_9_01516
prokka_FOM_9/FOM_9:Gene	bglA_5	FOM_9_22:28160-28441	FOM_9_01517
prokka_FOM_9/FOM_9:Gene	ptcB_2	FOM_9_22:28463-28780	FOM_9_01518
prokka_FOM_9/FOM_9:Gene	ptcA_2	FOM_9_22:28826-29149	FOM_9_01519
prokka_FOM_9/FOM_9:Gene	bglA_6	FOM_9_22:29155-30606	FOM_9_01520
prokka_FOM_9/FOM_9:Gene	licC_2	FOM_9_22:30673-32037	FOM_9_01521
prokka_FOM_9/FOM_9:Gene	FOM_9_01522	FOM_9_22:32139-33173	FOM_9_01522
prokka_FOM_9/FOM_9:Gene	pepF1_2	FOM_9_22:33213-35027	FOM_9_01523
prokka_FOM_9/FOM_9:Gene	gla	FOM_9_22:c35836-35117	FOM_9_01524
prokka_FOM_9/FOM_9:Gene	FOM_9_01525	FOM_9_22:36144-36533	FOM_9_01525
prokka_FOM_9/FOM_9:Gene	FOM_9_01526	FOM_9_22:36549-37121	FOM_9_01526
prokka_FOM_9/FOM_9:Gene	ccpA_1	FOM_9_22:c38181-37180	FOM_9_01527
prokka_FOM_9/FOM_9:Gene	pepQ	FOM_9_22:38433-39533	FOM_9_01528
prokka_FOM_9/FOM_9:Gene	FOM_9_01529	FOM_9_22:c40118-39723	FOM_9_01529
prokka_FOM_9/FOM_9:Gene	yhhS_2	FOM_9_22:40344-41528	FOM_9_01530
prokka_FOM_9/FOM_9:Gene	FOM_9_01531	FOM_9_22:41744-41832	FOM_9_01531
prokka_FOM_9/FOM_9:Gene	FOM_9_01532	FOM_9_22:c42668-42054	FOM_9_01532
prokka_FOM_9/FOM_9:Gene	FOM_9_01533	FOM_9_22:c42941-42868	FOM_9_01533
prokka_FOM_9/FOM_9:Gene	FOM_9_01534	FOM_9_23:c1611-694	FOM_9_01534
prokka_FOM_9/FOM_9:Gene	rnj2	FOM_9_23:c3630-1669	FOM_9_01535
prokka_FOM_9/FOM_9:Gene	FOM_9_01536	FOM_9_23:4417-4728	FOM_9_01536
prokka_FOM_9/FOM_9:Gene	FOM_9_01537	FOM_9_23:c5727-4921	FOM_9_01537
prokka_FOM_9/FOM_9:Gene	FOM_9_01538	FOM_9_23:c6363-5749	FOM_9_01538
prokka_FOM_9/FOM_9:Gene	FOM_9_01539	FOM_9_23:c9012-6364	FOM_9_01539
prokka_FOM_9/FOM_9:Gene	FOM_9_01540	FOM_9_23:c10915-9005	FOM_9_01540
prokka_FOM_9/FOM_9:Gene	FOM_9_01541	FOM_9_23:c11443-11027	FOM_9_01541
prokka_FOM_9/FOM_9:Gene	FOM_9_01542	FOM_9_23:c12479-11490	FOM_9_01542
prokka_FOM_9/FOM_9:Gene	FOM_9_01543	FOM_9_23:c13920-12493	FOM_9_01543
prokka_FOM_9/FOM_9:Gene	xerD_2	FOM_9_23:14511-15056	FOM_9_01544
prokka_FOM_9/FOM_9:Gene	rpsT	FOM_9_23:c15370-15116	FOM_9_01545
prokka_FOM_9/FOM_9:Gene	rpsO	FOM_9_23:c15694-15425	FOM_9_01546
prokka_FOM_9/FOM_9:Gene	yqeN	FOM_9_23:c16856-15834	FOM_9_01547
prokka_FOM_9/FOM_9:Gene	FOM_9_01548	FOM_9_23:c19159-16895	FOM_9_01548
prokka_FOM_9/FOM_9:Gene	FOM_9_01549	FOM_9_23:c19836-19159	FOM_9_01549
prokka_FOM_9/FOM_9:Gene	FOM_9_01550	FOM_9_23:c20214-19930	FOM_9_01550
prokka_FOM_9/FOM_9:Gene	FOM_9_01551	FOM_9_23:c20565-20281	FOM_9_01551
prokka_FOM_9/FOM_9:Gene	yrrK	FOM_9_23:c21012-20578	FOM_9_01552
prokka_FOM_9/FOM_9:Gene	FOM_9_01553	FOM_9_23:c21328-21077	FOM_9_01553
prokka_FOM_9/FOM_9:Gene	alaS	FOM_9_23:c24019-21371	FOM_9_01554
prokka_FOM_9/FOM_9:Gene	glxK	FOM_9_23:c25474-24338	FOM_9_01555
prokka_FOM_9/FOM_9:Gene	cshB	FOM_9_23:c26937-25579	FOM_9_01556
prokka_FOM_9/FOM_9:Gene	nrnA	FOM_9_23:c27887-26937	FOM_9_01557
prokka_FOM_9/FOM_9:Gene	dinB_2	FOM_9_23:c29122-28004	FOM_9_01558
prokka_FOM_9/FOM_9:Gene	FOM_9_01559	FOM_9_23:c29558-29199	FOM_9_01559
prokka_FOM_9/FOM_9:Gene	tgt	FOM_9_23:c30739-29594	FOM_9_01560
prokka_FOM_9/FOM_9:Gene	FOM_9_01561	FOM_9_23:c31050-30976	FOM_9_01561
prokka_FOM_9/FOM_9:Gene	FOM_9_01562	FOM_9_23:c31166-31058	FOM_9_01562
prokka_FOM_9/FOM_9:Gene	FOM_9_01563	FOM_9_24:7-115	FOM_9_01563
prokka_FOM_9/FOM_9:Gene	FOM_9_01564	FOM_9_24:123-197	FOM_9_01564
prokka_FOM_9/FOM_9:Gene	FOM_9_01565	FOM_9_24:199-273	FOM_9_01565
prokka_FOM_9/FOM_9:Gene	FOM_9_01566	FOM_9_24:320-395	FOM_9_01566
prokka_FOM_9/FOM_9:Gene	FOM_9_01567	FOM_9_24:416-491	FOM_9_01567
prokka_FOM_9/FOM_9:Gene	FOM_9_01568	FOM_9_24:520-591	FOM_9_01568
prokka_FOM_9/FOM_9:Gene	FOM_9_01569	FOM_9_24:727-2163	FOM_9_01569
prokka_FOM_9/FOM_9:Gene	ppaX	FOM_9_24:2612-3232	FOM_9_01570
prokka_FOM_9/FOM_9:Gene	murI	FOM_9_24:3392-4237	FOM_9_01571
prokka_FOM_9/FOM_9:Gene	rdgB	FOM_9_24:4256-4852	FOM_9_01572
prokka_FOM_9/FOM_9:Gene	FOM_9_01573	FOM_9_24:4856-5374	FOM_9_01573
prokka_FOM_9/FOM_9:Gene	FOM_9_01574	FOM_9_24:c6037-5426	FOM_9_01574
prokka_FOM_9/FOM_9:Gene	yjbM	FOM_9_24:6325-6927	FOM_9_01575
prokka_FOM_9/FOM_9:Gene	nadK	FOM_9_24:6955-7770	FOM_9_01576
prokka_FOM_9/FOM_9:Gene	FOM_9_01577	FOM_9_24:7770-8681	FOM_9_01577
prokka_FOM_9/FOM_9:Gene	mgtE	FOM_9_24:8707-10092	FOM_9_01578
prokka_FOM_9/FOM_9:Gene	bcr	FOM_9_24:10177-11352	FOM_9_01579
prokka_FOM_9/FOM_9:Gene	FOM_9_01580	FOM_9_24:c12103-11390	FOM_9_01580
prokka_FOM_9/FOM_9:Gene	mhqA_2	FOM_9_24:12296-13288	FOM_9_01581
prokka_FOM_9/FOM_9:Gene	FOM_9_01582	FOM_9_24:13541-14161	FOM_9_01582
prokka_FOM_9/FOM_9:Gene	expZ	FOM_9_24:14400-15782	FOM_9_01583
prokka_FOM_9/FOM_9:Gene	FOM_9_01584	FOM_9_24:15923-16198	FOM_9_01584
prokka_FOM_9/FOM_9:Gene	FOM_9_01585	FOM_9_24:16195-16476	FOM_9_01585
prokka_FOM_9/FOM_9:Gene	FOM_9_01586	FOM_9_24:c16888-16556	FOM_9_01586
prokka_FOM_9/FOM_9:Gene	FOM_9_01587	FOM_9_24:17114-17575	FOM_9_01587
prokka_FOM_9/FOM_9:Gene	FOM_9_01588	FOM_9_24:17635-17982	FOM_9_01588
prokka_FOM_9/FOM_9:Gene	FOM_9_01589	FOM_9_24:17993-18313	FOM_9_01589
prokka_FOM_9/FOM_9:Gene	ygiS_2	FOM_9_24:18721-20346	FOM_9_01590
prokka_FOM_9/FOM_9:Gene	catM	FOM_9_24:c21272-20397	FOM_9_01591
prokka_FOM_9/FOM_9:Gene	FOM_9_01592	FOM_9_24:21367-21759	FOM_9_01592
prokka_FOM_9/FOM_9:Gene	yvgN_3	FOM_9_24:21762-22631	FOM_9_01593
prokka_FOM_9/FOM_9:Gene	FOM_9_01594	FOM_9_24:22649-22972	FOM_9_01594
prokka_FOM_9/FOM_9:Gene	FOM_9_01595	FOM_9_24:22972-23379	FOM_9_01595
prokka_FOM_9/FOM_9:Gene	slmA	FOM_9_24:c24067-23432	FOM_9_01596
prokka_FOM_9/FOM_9:Gene	lnrN	FOM_9_24:c25164-24076	FOM_9_01597
prokka_FOM_9/FOM_9:Gene	ybhF	FOM_9_24:c25886-25161	FOM_9_01598
prokka_FOM_9/FOM_9:Gene	FOM_9_01599	FOM_9_24:26037-26489	FOM_9_01599
prokka_FOM_9/FOM_9:Gene	paiA	FOM_9_24:26507-27034	FOM_9_01600
prokka_FOM_9/FOM_9:Gene	FOM_9_01601	FOM_9_24:27059-28231	FOM_9_01601
prokka_FOM_9/FOM_9:Gene	FOM_9_01602	FOM_9_24:28299-28706	FOM_9_01602
prokka_FOM_9/FOM_9:Gene	czcD	FOM_9_24:28808-29701	FOM_9_01603
prokka_FOM_9/FOM_9:Gene	FOM_9_01604	FOM_9_24:29717-30025	FOM_9_01604
prokka_FOM_9/FOM_9:Gene	FOM_9_01605	FOM_9_24:30045-30566	FOM_9_01605
prokka_FOM_9/FOM_9:Gene	FOM_9_01606	FOM_9_24:30760-31491	FOM_9_01606
prokka_FOM_9/FOM_9:Gene	FOM_9_01607	FOM_9_24:31500-32264	FOM_9_01607
prokka_FOM_9/FOM_9:Gene	FOM_9_01608	FOM_9_24:32394-32469	FOM_9_01608
prokka_FOM_9/FOM_9:Gene	FOM_9_01609	FOM_9_24:c33156-32755	FOM_9_01609
prokka_FOM_9/FOM_9:Gene	eamB	FOM_9_24:33266-33823	FOM_9_01610
prokka_FOM_9/FOM_9:Gene	argO_2	FOM_9_24:34041-34661	FOM_9_01611
prokka_FOM_9/FOM_9:Gene	FOM_9_01612	FOM_9_24:c35051-34752	FOM_9_01612
prokka_FOM_9/FOM_9:Gene	FOM_9_01613	FOM_9_24:35361-35558	FOM_9_01613
prokka_FOM_9/FOM_9:Gene	FOM_9_01614	FOM_9_24:35551-36018	FOM_9_01614
prokka_FOM_9/FOM_9:Gene	FOM_9_01615	FOM_9_24:c37299-36613	FOM_9_01615
prokka_FOM_9/FOM_9:Gene	FOM_9_01616	FOM_9_24:c38014-37289	FOM_9_01616
prokka_FOM_9/FOM_9:Gene	bcrA	FOM_9_24:c38725-38033	FOM_9_01617
prokka_FOM_9/FOM_9:Gene	FOM_9_01618	FOM_9_24:c39175-38990	FOM_9_01618
prokka_FOM_9/FOM_9:Gene	yddE	FOM_9_24:39438-40283	FOM_9_01619
prokka_FOM_9/FOM_9:Gene	FOM_9_01620	FOM_9_24:40511-42448	FOM_9_01620
prokka_FOM_9/FOM_9:Gene	scrB	FOM_9_24:42445-43683	FOM_9_01621
prokka_FOM_9/FOM_9:Gene	FOM_9_01622	FOM_9_24:43779-44315	FOM_9_01622
prokka_FOM_9/FOM_9:Gene	FOM_9_01623	FOM_9_24:44447-45040	FOM_9_01623
prokka_FOM_9/FOM_9:Gene	FOM_9_01624	FOM_9_24:c45620-45081	FOM_9_01624
prokka_FOM_9/FOM_9:Gene	smc_2	FOM_9_24:45856-49080	FOM_9_01625
prokka_FOM_9/FOM_9:Gene	panT_2	FOM_9_24:49542-50156	FOM_9_01626
prokka_FOM_9/FOM_9:Gene	aroA1_1	FOM_9_24:50544-51839	FOM_9_01627
prokka_FOM_9/FOM_9:Gene	tyrC	FOM_9_24:51832-52638	FOM_9_01628
prokka_FOM_9/FOM_9:Gene	aroK_1	FOM_9_24:52635-53405	FOM_9_01629
prokka_FOM_9/FOM_9:Gene	ydiM	FOM_9_24:53402-54592	FOM_9_01630
prokka_FOM_9/FOM_9:Gene	aroC_1	FOM_9_24:54597-55775	FOM_9_01631
prokka_FOM_9/FOM_9:Gene	FOM_9_01632	FOM_9_24:55925-56074	FOM_9_01632
prokka_FOM_9/FOM_9:Gene	FOM_9_01633	FOM_9_24:56283-56399	FOM_9_01633
prokka_FOM_9/FOM_9:Gene	FOM_9_01634	FOM_9_24:56374-56841	FOM_9_01634
prokka_FOM_9/FOM_9:Gene	FOM_9_01635	FOM_9_24:c58534-57029	FOM_9_01635
prokka_FOM_9/FOM_9:Gene	FOM_9_01636	FOM_9_24:c58777-58607	FOM_9_01636
prokka_FOM_9/FOM_9:Gene	yfcJ	FOM_9_24:58934-60142	FOM_9_01637
prokka_FOM_9/FOM_9:Gene	FOM_9_01638	FOM_9_24:60290-61396	FOM_9_01638
prokka_FOM_9/FOM_9:Gene	FOM_9_01639	FOM_9_24:61405-61800	FOM_9_01639
prokka_FOM_9/FOM_9:Gene	FOM_9_01640	FOM_9_24:c62217-61849	FOM_9_01640
prokka_FOM_9/FOM_9:Gene	rimP	FOM_9_24:62474-63160	FOM_9_01641
prokka_FOM_9/FOM_9:Gene	nusA	FOM_9_24:63180-64319	FOM_9_01642
prokka_FOM_9/FOM_9:Gene	FOM_9_01643	FOM_9_24:64332-64631	FOM_9_01643
prokka_FOM_9/FOM_9:Gene	rplGA	FOM_9_24:64621-64926	FOM_9_01644
prokka_FOM_9/FOM_9:Gene	infB	FOM_9_24:64939-67206	FOM_9_01645
prokka_FOM_9/FOM_9:Gene	rbfA	FOM_9_24:67232-67588	FOM_9_01646
prokka_FOM_9/FOM_9:Gene	truB	FOM_9_24:67662-68573	FOM_9_01647
prokka_FOM_9/FOM_9:Gene	FOM_9_01648	FOM_9_24:68755-69978	FOM_9_01648
prokka_FOM_9/FOM_9:Gene	FOM_9_01649	FOM_9_24:70055-71254	FOM_9_01649
prokka_FOM_9/FOM_9:Gene	ribF	FOM_9_24:71409-72350	FOM_9_01650
prokka_FOM_9/FOM_9:Gene	rqcH	FOM_9_24:72377-74083	FOM_9_01651
prokka_FOM_9/FOM_9:Gene	cutC	FOM_9_24:74252-74905	FOM_9_01652
prokka_FOM_9/FOM_9:Gene	FOM_9_01653	FOM_9_24:74982-75398	FOM_9_01653
prokka_FOM_9/FOM_9:Gene	FOM_9_01654	FOM_9_24:75412-76707	FOM_9_01654
prokka_FOM_9/FOM_9:Gene	FOM_9_01655	FOM_9_24:76711-77943	FOM_9_01655
prokka_FOM_9/FOM_9:Gene	degV_2	FOM_9_24:77968-78834	FOM_9_01656
prokka_FOM_9/FOM_9:Gene	FOM_9_01657	FOM_9_24:79011-79862	FOM_9_01657
prokka_FOM_9/FOM_9:Gene	FOM_9_01658	FOM_9_24:79975-80862	FOM_9_01658
prokka_FOM_9/FOM_9:Gene	FOM_9_01659	FOM_9_24:80863-81477	FOM_9_01659
prokka_FOM_9/FOM_9:Gene	FOM_9_01660	FOM_9_24:81477-81698	FOM_9_01660
prokka_FOM_9/FOM_9:Gene	rbgA	FOM_9_24:81742-82614	FOM_9_01661
prokka_FOM_9/FOM_9:Gene	rnhB	FOM_9_24:82607-83371	FOM_9_01662
prokka_FOM_9/FOM_9:Gene	FOM_9_01663	FOM_9_24:83443-84309	FOM_9_01663
prokka_FOM_9/FOM_9:Gene	topA_2	FOM_9_24:84440-86569	FOM_9_01664
prokka_FOM_9/FOM_9:Gene	xerC_4	FOM_9_24:86572-87489	FOM_9_01665
prokka_FOM_9/FOM_9:Gene	lacX	FOM_9_24:87654-88535	FOM_9_01666
prokka_FOM_9/FOM_9:Gene	plsY	FOM_9_24:c89204-88575	FOM_9_01667
prokka_FOM_9/FOM_9:Gene	ppaC	FOM_9_24:89470-90396	FOM_9_01668
prokka_FOM_9/FOM_9:Gene	FOM_9_01669	FOM_9_24:c91024-90461	FOM_9_01669
prokka_FOM_9/FOM_9:Gene	FOM_9_01670	FOM_9_24:c91711-91091	FOM_9_01670
prokka_FOM_9/FOM_9:Gene	gbuA	FOM_9_24:92013-93200	FOM_9_01671
prokka_FOM_9/FOM_9:Gene	FOM_9_01672	FOM_9_24:93204-94922	FOM_9_01672
prokka_FOM_9/FOM_9:Gene	FOM_9_01673	FOM_9_24:94934-95101	FOM_9_01673
prokka_FOM_9/FOM_9:Gene	nox	FOM_9_24:95356-96705	FOM_9_01674
prokka_FOM_9/FOM_9:Gene	metQ_3	FOM_9_24:97109-97957	FOM_9_01675
prokka_FOM_9/FOM_9:Gene	msrA_1	FOM_9_24:97975-98505	FOM_9_01676
prokka_FOM_9/FOM_9:Gene	ytlR	FOM_9_24:98645-99586	FOM_9_01677
prokka_FOM_9/FOM_9:Gene	FOM_9_01678	FOM_9_24:99688-99777	FOM_9_01678
prokka_FOM_9/FOM_9:Gene	yfnB	FOM_9_24:99850-100536	FOM_9_01679
prokka_FOM_9/FOM_9:Gene	FOM_9_01680	FOM_9_24:100656-101186	FOM_9_01680
prokka_FOM_9/FOM_9:Gene	FOM_9_01681	FOM_9_24:101211-101690	FOM_9_01681
prokka_FOM_9/FOM_9:Gene	rnj1	FOM_9_24:c103421-101742	FOM_9_01682
prokka_FOM_9/FOM_9:Gene	FOM_9_01683	FOM_9_24:c103635-103423	FOM_9_01683
prokka_FOM_9/FOM_9:Gene	FOM_9_01684	FOM_9_24:103842-104435	FOM_9_01684
prokka_FOM_9/FOM_9:Gene	FOM_9_01685	FOM_9_24:104438-104920	FOM_9_01685
prokka_FOM_9/FOM_9:Gene	def2	FOM_9_24:104970-105557	FOM_9_01686
prokka_FOM_9/FOM_9:Gene	FOM_9_01687	FOM_9_24:105563-105850	FOM_9_01687
prokka_FOM_9/FOM_9:Gene	cysQ	FOM_9_24:105855-106637	FOM_9_01688
prokka_FOM_9/FOM_9:Gene	typA	FOM_9_24:106740-108584	FOM_9_01689
prokka_FOM_9/FOM_9:Gene	ftsW	FOM_9_24:108728-109960	FOM_9_01690
prokka_FOM_9/FOM_9:Gene	FOM_9_01691	FOM_9_24:109957-110268	FOM_9_01691
prokka_FOM_9/FOM_9:Gene	rsmD	FOM_9_24:110268-110822	FOM_9_01692
prokka_FOM_9/FOM_9:Gene	coaD	FOM_9_24:110825-111304	FOM_9_01693
prokka_FOM_9/FOM_9:Gene	ylbL	FOM_9_24:111306-112361	FOM_9_01694
prokka_FOM_9/FOM_9:Gene	hsrA_4	FOM_9_24:112525-113859	FOM_9_01695
prokka_FOM_9/FOM_9:Gene	FOM_9_01696	FOM_9_24:113925-114374	FOM_9_01696
prokka_FOM_9/FOM_9:Gene	FOM_9_01697	FOM_9_24:114550-115176	FOM_9_01697
prokka_FOM_9/FOM_9:Gene	hxlB	FOM_9_24:115200-115733	FOM_9_01698
prokka_FOM_9/FOM_9:Gene	FOM_9_01699	FOM_9_24:116081-116347	FOM_9_01699
prokka_FOM_9/FOM_9:Gene	FOM_9_01700	FOM_9_24:117301-117603	FOM_9_01700
prokka_FOM_9/FOM_9:Gene	FOM_9_01701	FOM_9_24:117619-117852	FOM_9_01701
prokka_FOM_9/FOM_9:Gene	FOM_9_01702	FOM_9_24:117893-118243	FOM_9_01702
prokka_FOM_9/FOM_9:Gene	FOM_9_01703	FOM_9_24:118247-118675	FOM_9_01703
prokka_FOM_9/FOM_9:Gene	FOM_9_01704	FOM_9_24:118685-119695	FOM_9_01704
prokka_FOM_9/FOM_9:Gene	FOM_9_01705	FOM_9_24:119940-120278	FOM_9_01705
prokka_FOM_9/FOM_9:Gene	FOM_9_01706	FOM_9_24:120284-121066	FOM_9_01706
prokka_FOM_9/FOM_9:Gene	FOM_9_01707	FOM_9_24:121078-121773	FOM_9_01707
prokka_FOM_9/FOM_9:Gene	FOM_9_01708	FOM_9_24:121766-122107	FOM_9_01708
prokka_FOM_9/FOM_9:Gene	FOM_9_01709	FOM_9_24:122107-123531	FOM_9_01709
prokka_FOM_9/FOM_9:Gene	FOM_9_01710	FOM_9_24:123563-123763	FOM_9_01710
prokka_FOM_9/FOM_9:Gene	FOM_9_01711	FOM_9_24:123767-124516	FOM_9_01711
prokka_FOM_9/FOM_9:Gene	FOM_9_01712	FOM_9_24:124621-125136	FOM_9_01712
prokka_FOM_9/FOM_9:Gene	dinB_3	FOM_9_24:125252-125638	FOM_9_01713
prokka_FOM_9/FOM_9:Gene	dinB_4	FOM_9_24:125675-126580	FOM_9_01714
prokka_FOM_9/FOM_9:Gene	FOM_9_01715	FOM_9_24:126528-126968	FOM_9_01715
prokka_FOM_9/FOM_9:Gene	FOM_9_01716	FOM_9_24:127274-127369	FOM_9_01716
prokka_FOM_9/FOM_9:Gene	FOM_9_01717	FOM_9_24:127533-127778	FOM_9_01717
prokka_FOM_9/FOM_9:Gene	FOM_9_01718	FOM_9_24:127868-129715	FOM_9_01718
prokka_FOM_9/FOM_9:Gene	FOM_9_01719	FOM_9_24:c130392-130246	FOM_9_01719
prokka_FOM_9/FOM_9:Gene	hdfR	FOM_9_24:c131695-130865	FOM_9_01720
prokka_FOM_9/FOM_9:Gene	pspA	FOM_9_24:131789-132385	FOM_9_01721
prokka_FOM_9/FOM_9:Gene	FOM_9_01722	FOM_9_24:c132631-132374	FOM_9_01722
prokka_FOM_9/FOM_9:Gene	FOM_9_01723	FOM_9_24:132776-132955	FOM_9_01723
prokka_FOM_9/FOM_9:Gene	FOM_9_01724	FOM_9_25:6-114	FOM_9_01724
prokka_FOM_9/FOM_9:Gene	FOM_9_01725	FOM_9_25:334-465	FOM_9_01725
prokka_FOM_9/FOM_9:Gene	FOM_9_01726	FOM_9_25:618-947	FOM_9_01726
prokka_FOM_9/FOM_9:Gene	FOM_9_01727	FOM_9_25:980-1396	FOM_9_01727
prokka_FOM_9/FOM_9:Gene	metG	FOM_9_25:1530-3524	FOM_9_01728
prokka_FOM_9/FOM_9:Gene	FOM_9_01729	FOM_9_25:3650-5803	FOM_9_01729
prokka_FOM_9/FOM_9:Gene	ycfH	FOM_9_25:5973-6779	FOM_9_01730
prokka_FOM_9/FOM_9:Gene	rnmV	FOM_9_25:6779-7339	FOM_9_01731
prokka_FOM_9/FOM_9:Gene	rsmA	FOM_9_25:7339-8235	FOM_9_01732
prokka_FOM_9/FOM_9:Gene	FOM_9_01733	FOM_9_25:8295-9665	FOM_9_01733
prokka_FOM_9/FOM_9:Gene	FOM_9_01734	FOM_9_25:9754-11118	FOM_9_01734
prokka_FOM_9/FOM_9:Gene	veg	FOM_9_25:c11404-11171	FOM_9_01735
prokka_FOM_9/FOM_9:Gene	tadA_2	FOM_9_25:11815-12300	FOM_9_01736
prokka_FOM_9/FOM_9:Gene	thyA	FOM_9_25:12300-13256	FOM_9_01737
prokka_FOM_9/FOM_9:Gene	tagU_2	FOM_9_25:13438-14760	FOM_9_01738
prokka_FOM_9/FOM_9:Gene	bglF_1	FOM_9_25:15106-17016	FOM_9_01739
prokka_FOM_9/FOM_9:Gene	bglH_1	FOM_9_25:17044-18480	FOM_9_01740
prokka_FOM_9/FOM_9:Gene	FOM_9_01741	FOM_9_25:18927-19859	FOM_9_01741
prokka_FOM_9/FOM_9:Gene	phnC	FOM_9_25:20045-20812	FOM_9_01742
prokka_FOM_9/FOM_9:Gene	phnE_1	FOM_9_25:20815-21597	FOM_9_01743
prokka_FOM_9/FOM_9:Gene	phnE_2	FOM_9_25:21597-22391	FOM_9_01744
prokka_FOM_9/FOM_9:Gene	cpdB	FOM_9_25:22497-24056	FOM_9_01745
prokka_FOM_9/FOM_9:Gene	FOM_9_01746	FOM_9_26:c3073-1364	FOM_9_01746
prokka_FOM_9/FOM_9:Gene	map_2	FOM_9_26:c4046-3264	FOM_9_01747
prokka_FOM_9/FOM_9:Gene	FOM_9_01748	FOM_9_26:c4455-4177	FOM_9_01748
prokka_FOM_9/FOM_9:Gene	tagU_3	FOM_9_26:c5652-4528	FOM_9_01749
prokka_FOM_9/FOM_9:Gene	FOM_9_01750	FOM_9_26:c6345-5722	FOM_9_01750
prokka_FOM_9/FOM_9:Gene	sasA_2	FOM_9_26:c7742-6342	FOM_9_01751
prokka_FOM_9/FOM_9:Gene	phoP_1	FOM_9_26:c8401-7739	FOM_9_01752
prokka_FOM_9/FOM_9:Gene	msrA_2	FOM_9_26:8537-9061	FOM_9_01753
prokka_FOM_9/FOM_9:Gene	FOM_9_01754	FOM_9_26:c9298-9101	FOM_9_01754
prokka_FOM_9/FOM_9:Gene	licB	FOM_9_26:9494-9808	FOM_9_01755
prokka_FOM_9/FOM_9:Gene	rhaS_1	FOM_9_26:c10745-9894	FOM_9_01756
prokka_FOM_9/FOM_9:Gene	xylQ	FOM_9_26:c12928-10811	FOM_9_01757
prokka_FOM_9/FOM_9:Gene	xylP_2	FOM_9_26:c14389-12971	FOM_9_01758
prokka_FOM_9/FOM_9:Gene	rhaS_2	FOM_9_26:c15463-14633	FOM_9_01759
prokka_FOM_9/FOM_9:Gene	pepN	FOM_9_26:c18126-15586	FOM_9_01760
prokka_FOM_9/FOM_9:Gene	FOM_9_01761	FOM_9_26:18507-19166	FOM_9_01761
prokka_FOM_9/FOM_9:Gene	clpE_2	FOM_9_26:c21290-19209	FOM_9_01762
prokka_FOM_9/FOM_9:Gene	rnj	FOM_9_26:c22636-21440	FOM_9_01763
prokka_FOM_9/FOM_9:Gene	ugpB	FOM_9_26:c23918-22638	FOM_9_01764
prokka_FOM_9/FOM_9:Gene	araQ	FOM_9_26:c24886-24071	FOM_9_01765
prokka_FOM_9/FOM_9:Gene	lacF	FOM_9_26:c25792-24896	FOM_9_01766
prokka_FOM_9/FOM_9:Gene	ugpC	FOM_9_26:c26811-25789	FOM_9_01767
prokka_FOM_9/FOM_9:Gene	FOM_9_01768	FOM_9_26:c28059-27208	FOM_9_01768
prokka_FOM_9/FOM_9:Gene	smc_3	FOM_9_26:c28827-28132	FOM_9_01769
prokka_FOM_9/FOM_9:Gene	garB_3	FOM_9_26:c30329-28989	FOM_9_01770
prokka_FOM_9/FOM_9:Gene	FOM_9_01771	FOM_9_26:c31120-30458	FOM_9_01771
prokka_FOM_9/FOM_9:Gene	FOM_9_01772	FOM_9_26:c31673-31188	FOM_9_01772
prokka_FOM_9/FOM_9:Gene	nlhH	FOM_9_26:c32806-31802	FOM_9_01773
prokka_FOM_9/FOM_9:Gene	FOM_9_01774	FOM_9_26:c33145-32918	FOM_9_01774
prokka_FOM_9/FOM_9:Gene	FOM_9_01775	FOM_9_26:c34112-33219	FOM_9_01775
prokka_FOM_9/FOM_9:Gene	mdtD	FOM_9_26:c36226-34862	FOM_9_01776
prokka_FOM_9/FOM_9:Gene	yfeX_2	FOM_9_26:c37176-36223	FOM_9_01777
prokka_FOM_9/FOM_9:Gene	FOM_9_01778	FOM_9_26:c37881-37627	FOM_9_01778
prokka_FOM_9/FOM_9:Gene	FOM_9_01779	FOM_9_26:c38431-37973	FOM_9_01779
prokka_FOM_9/FOM_9:Gene	mntH_2	FOM_9_26:c39838-38450	FOM_9_01780
prokka_FOM_9/FOM_9:Gene	FOM_9_01781	FOM_9_26:c40349-40264	FOM_9_01781
prokka_FOM_9/FOM_9:Gene	FOM_9_01782	FOM_9_26:c40485-40399	FOM_9_01782
prokka_FOM_9/FOM_9:Gene	FOM_9_01783	FOM_9_26:c40601-40528	FOM_9_01783
prokka_FOM_9/FOM_9:Gene	FOM_9_01784	FOM_9_26:c40685-40614	FOM_9_01784
prokka_FOM_9/FOM_9:Gene	FOM_9_01785	FOM_9_26:c40789-40715	FOM_9_01785
prokka_FOM_9/FOM_9:Gene	cobB	FOM_9_27:c1063-359	FOM_9_01786
prokka_FOM_9/FOM_9:Gene	FOM_9_01787	FOM_9_27:c2037-1078	FOM_9_01787
prokka_FOM_9/FOM_9:Gene	mvaA	FOM_9_27:c3307-2060	FOM_9_01788
prokka_FOM_9/FOM_9:Gene	FOM_9_01789	FOM_9_27:c3887-3432	FOM_9_01789
prokka_FOM_9/FOM_9:Gene	ltaS1_2	FOM_9_27:c6194-4023	FOM_9_01790
prokka_FOM_9/FOM_9:Gene	FOM_9_01791	FOM_9_27:6393-6842	FOM_9_01791
prokka_FOM_9/FOM_9:Gene	FOM_9_01792	FOM_9_27:c7885-6911	FOM_9_01792
prokka_FOM_9/FOM_9:Gene	gyrA	FOM_9_27:c10803-8206	FOM_9_01793
prokka_FOM_9/FOM_9:Gene	gyrB_1	FOM_9_27:c12786-10840	FOM_9_01794
prokka_FOM_9/FOM_9:Gene	recF	FOM_9_27:c13952-12807	FOM_9_01795
prokka_FOM_9/FOM_9:Gene	FOM_9_01796	FOM_9_27:c14218-13952	FOM_9_01796
prokka_FOM_9/FOM_9:Gene	dnaN	FOM_9_27:c15533-14403	FOM_9_01797
prokka_FOM_9/FOM_9:Gene	dnaA	FOM_9_27:c17158-15746	FOM_9_01798
prokka_FOM_9/FOM_9:Gene	rpmH	FOM_9_27:17902-18036	FOM_9_01799
prokka_FOM_9/FOM_9:Gene	rnpA	FOM_9_27:18145-18501	FOM_9_01800
prokka_FOM_9/FOM_9:Gene	misCA	FOM_9_27:18529-19362	FOM_9_01801
prokka_FOM_9/FOM_9:Gene	spsB	FOM_9_27:19510-20127	FOM_9_01802
prokka_FOM_9/FOM_9:Gene	znuC_2	FOM_9_27:c20884-20201	FOM_9_01803
prokka_FOM_9/FOM_9:Gene	yfhA	FOM_9_27:c21812-20871	FOM_9_01804
prokka_FOM_9/FOM_9:Gene	isdE	FOM_9_27:c22702-21830	FOM_9_01805
prokka_FOM_9/FOM_9:Gene	FOM_9_01806	FOM_9_27:c23587-22706	FOM_9_01806
prokka_FOM_9/FOM_9:Gene	FOM_9_01807	FOM_9_27:c26300-23598	FOM_9_01807
prokka_FOM_9/FOM_9:Gene	ktrA	FOM_9_27:26575-27243	FOM_9_01808
prokka_FOM_9/FOM_9:Gene	cycA_2	FOM_9_27:27540-28901	FOM_9_01809
prokka_FOM_9/FOM_9:Gene	FOM_9_01810	FOM_9_27:c29574-28957	FOM_9_01810
prokka_FOM_9/FOM_9:Gene	FOM_9_01811	FOM_9_27:c30160-29642	FOM_9_01811
prokka_FOM_9/FOM_9:Gene	FOM_9_01812	FOM_9_27:30322-31152	FOM_9_01812
prokka_FOM_9/FOM_9:Gene	rclA	FOM_9_27:c32617-31259	FOM_9_01813
prokka_FOM_9/FOM_9:Gene	FOM_9_01814	FOM_9_27:32751-33098	FOM_9_01814
prokka_FOM_9/FOM_9:Gene	cdr	FOM_9_27:c34501-33146	FOM_9_01815
prokka_FOM_9/FOM_9:Gene	FOM_9_01816	FOM_9_27:c35536-34598	FOM_9_01816
prokka_FOM_9/FOM_9:Gene	rlmH	FOM_9_27:c36340-35861	FOM_9_01817
prokka_FOM_9/FOM_9:Gene	ntpJ	FOM_9_27:37072-38415	FOM_9_01818
prokka_FOM_9/FOM_9:Gene	FOM_9_01819	FOM_9_27:38599-39642	FOM_9_01819
prokka_FOM_9/FOM_9:Gene	yknY	FOM_9_27:39635-40315	FOM_9_01820
prokka_FOM_9/FOM_9:Gene	macB_2	FOM_9_27:40312-41478	FOM_9_01821
prokka_FOM_9/FOM_9:Gene	smc_4	FOM_9_27:c44649-41557	FOM_9_01822
prokka_FOM_9/FOM_9:Gene	ybjI_3	FOM_9_27:44817-45644	FOM_9_01823
prokka_FOM_9/FOM_9:Gene	FOM_9_01824	FOM_9_27:45834-46136	FOM_9_01824
prokka_FOM_9/FOM_9:Gene	rnhA_1	FOM_9_27:c46994-46293	FOM_9_01825
prokka_FOM_9/FOM_9:Gene	FOM_9_01826	FOM_9_27:47095-47841	FOM_9_01826
prokka_FOM_9/FOM_9:Gene	FOM_9_01827	FOM_9_27:c48998-47940	FOM_9_01827
prokka_FOM_9/FOM_9:Gene	FOM_9_01828	FOM_9_27:c49808-49125	FOM_9_01828
prokka_FOM_9/FOM_9:Gene	FOM_9_01829	FOM_9_27:49952-50293	FOM_9_01829
prokka_FOM_9/FOM_9:Gene	pbuG_2	FOM_9_27:50451-51758	FOM_9_01830
prokka_FOM_9/FOM_9:Gene	FOM_9_01831	FOM_9_27:51991-53517	FOM_9_01831
prokka_FOM_9/FOM_9:Gene	tpiA_2	FOM_9_27:c54828-54136	FOM_9_01832
prokka_FOM_9/FOM_9:Gene	FOM_9_01833	FOM_9_27:54999-55595	FOM_9_01833
prokka_FOM_9/FOM_9:Gene	FOM_9_01834	FOM_9_27:55847-56029	FOM_9_01834
prokka_FOM_9/FOM_9:Gene	ybiR_2	FOM_9_27:56022-57119	FOM_9_01835
prokka_FOM_9/FOM_9:Gene	pchR	FOM_9_27:57212-57673	FOM_9_01836
prokka_FOM_9/FOM_9:Gene	hsrA_5	FOM_9_27:57821-59224	FOM_9_01837
prokka_FOM_9/FOM_9:Gene	FOM_9_01838	FOM_9_27:c59779-59276	FOM_9_01838
prokka_FOM_9/FOM_9:Gene	FOM_9_01839	FOM_9_27:60052-60414	FOM_9_01839
prokka_FOM_9/FOM_9:Gene	FOM_9_01840	FOM_9_27:60569-61039	FOM_9_01840
prokka_FOM_9/FOM_9:Gene	FOM_9_01841	FOM_9_27:61104-61520	FOM_9_01841
prokka_FOM_9/FOM_9:Gene	FOM_9_01842	FOM_9_27:c62538-61570	FOM_9_01842
prokka_FOM_9/FOM_9:Gene	engB_1	FOM_9_27:62791-63690	FOM_9_01843
prokka_FOM_9/FOM_9:Gene	engB_2	FOM_9_27:63709-64365	FOM_9_01844
prokka_FOM_9/FOM_9:Gene	FOM_9_01845	FOM_9_27:64475-65533	FOM_9_01845
prokka_FOM_9/FOM_9:Gene	FOM_9_01846	FOM_9_27:65533-66087	FOM_9_01846
prokka_FOM_9/FOM_9:Gene	FOM_9_01847	FOM_9_27:66099-66263	FOM_9_01847
prokka_FOM_9/FOM_9:Gene	FOM_9_01848	FOM_9_27:66323-67069	FOM_9_01848
prokka_FOM_9/FOM_9:Gene	FOM_9_01849	FOM_9_27:67081-67581	FOM_9_01849
prokka_FOM_9/FOM_9:Gene	ackA_3	FOM_9_27:67721-68818	FOM_9_01850
prokka_FOM_9/FOM_9:Gene	gtfA_5	FOM_9_27:68821-70236	FOM_9_01851
prokka_FOM_9/FOM_9:Gene	FOM_9_01852	FOM_9_27:70346-70615	FOM_9_01852
prokka_FOM_9/FOM_9:Gene	FOM_9_01853	FOM_9_27:70625-70894	FOM_9_01853
prokka_FOM_9/FOM_9:Gene	FOM_9_01854	FOM_9_27:70906-71169	FOM_9_01854
prokka_FOM_9/FOM_9:Gene	FOM_9_01855	FOM_9_27:71359-71652	FOM_9_01855
prokka_FOM_9/FOM_9:Gene	yecD	FOM_9_27:71748-72338	FOM_9_01856
prokka_FOM_9/FOM_9:Gene	FOM_9_01857	FOM_9_27:c72849-72421	FOM_9_01857
prokka_FOM_9/FOM_9:Gene	FOM_9_01858	FOM_9_27:c73045-72833	FOM_9_01858
prokka_FOM_9/FOM_9:Gene	FOM_9_01859	FOM_9_27:c73726-73217	FOM_9_01859
prokka_FOM_9/FOM_9:Gene	drrA	FOM_9_27:73902-74837	FOM_9_01860
prokka_FOM_9/FOM_9:Gene	drrB	FOM_9_27:74855-75634	FOM_9_01861
prokka_FOM_9/FOM_9:Gene	FOM_9_01862	FOM_9_27:c76035-75763	FOM_9_01862
prokka_FOM_9/FOM_9:Gene	FOM_9_01863	FOM_9_27:c76525-76037	FOM_9_01863
prokka_FOM_9/FOM_9:Gene	ybbH	FOM_9_27:76713-77594	FOM_9_01864
prokka_FOM_9/FOM_9:Gene	bglH_2	FOM_9_27:77797-79206	FOM_9_01865
prokka_FOM_9/FOM_9:Gene	FOM_9_01866	FOM_9_27:79214-79993	FOM_9_01866
prokka_FOM_9/FOM_9:Gene	FOM_9_01867	FOM_9_27:80025-80564	FOM_9_01867
prokka_FOM_9/FOM_9:Gene	FOM_9_01868	FOM_9_27:80549-81220	FOM_9_01868
prokka_FOM_9/FOM_9:Gene	bglK_2	FOM_9_27:81232-82134	FOM_9_01869
prokka_FOM_9/FOM_9:Gene	FOM_9_01870	FOM_9_27:c82951-82352	FOM_9_01870
prokka_FOM_9/FOM_9:Gene	FOM_9_01871	FOM_9_27:83126-84256	FOM_9_01871
prokka_FOM_9/FOM_9:Gene	FOM_9_01872	FOM_9_27:c85248-84301	FOM_9_01872
prokka_FOM_9/FOM_9:Gene	sutR	FOM_9_27:c85805-85257	FOM_9_01873
prokka_FOM_9/FOM_9:Gene	dnaG	FOM_9_28:94-2007	FOM_9_01874
prokka_FOM_9/FOM_9:Gene	sigA	FOM_9_28:2023-3156	FOM_9_01875
prokka_FOM_9/FOM_9:Gene	FOM_9_01876	FOM_9_28:3280-3741	FOM_9_01876
prokka_FOM_9/FOM_9:Gene	FOM_9_01877	FOM_9_28:3701-4249	FOM_9_01877
prokka_FOM_9/FOM_9:Gene	FOM_9_01878	FOM_9_28:4357-5379	FOM_9_01878
prokka_FOM_9/FOM_9:Gene	FOM_9_01879	FOM_9_28:5662-6615	FOM_9_01879
prokka_FOM_9/FOM_9:Gene	FOM_9_01880	FOM_9_28:6739-7953	FOM_9_01880
prokka_FOM_9/FOM_9:Gene	gtfC	FOM_9_28:8346-12722	FOM_9_01881
prokka_FOM_9/FOM_9:Gene	phoP_2	FOM_9_28:12881-13594	FOM_9_01882
prokka_FOM_9/FOM_9:Gene	phoR	FOM_9_28:13604-14974	FOM_9_01883
prokka_FOM_9/FOM_9:Gene	udk	FOM_9_28:15015-15647	FOM_9_01884
prokka_FOM_9/FOM_9:Gene	pepA	FOM_9_28:15673-16746	FOM_9_01885
prokka_FOM_9/FOM_9:Gene	FOM_9_01886	FOM_9_28:16774-17412	FOM_9_01886
prokka_FOM_9/FOM_9:Gene	FOM_9_01887	FOM_9_28:17429-17863	FOM_9_01887
prokka_FOM_9/FOM_9:Gene	murC	FOM_9_28:17964-19304	FOM_9_01888
prokka_FOM_9/FOM_9:Gene	ybhL	FOM_9_28:19452-20183	FOM_9_01889
prokka_FOM_9/FOM_9:Gene	polA	FOM_9_28:20276-22996	FOM_9_01890
prokka_FOM_9/FOM_9:Gene	mutM	FOM_9_28:23186-24019	FOM_9_01891
prokka_FOM_9/FOM_9:Gene	coaE	FOM_9_28:24023-24616	FOM_9_01892
prokka_FOM_9/FOM_9:Gene	FOM_9_01893	FOM_9_28:24631-25986	FOM_9_01893
prokka_FOM_9/FOM_9:Gene	dnaI	FOM_9_28:25993-26937	FOM_9_01894
prokka_FOM_9/FOM_9:Gene	FOM_9_01895	FOM_9_28:26937-28043	FOM_9_01895
prokka_FOM_9/FOM_9:Gene	FOM_9_01896	FOM_9_28:28040-28831	FOM_9_01896
prokka_FOM_9/FOM_9:Gene	arlR	FOM_9_28:28930-29619	FOM_9_01897
prokka_FOM_9/FOM_9:Gene	sasA_3	FOM_9_28:29635-31107	FOM_9_01898
prokka_FOM_9/FOM_9:Gene	FOM_9_01899	FOM_9_28:31168-32169	FOM_9_01899
prokka_FOM_9/FOM_9:Gene	FOM_9_01900	FOM_9_28:32288-33106	FOM_9_01900
prokka_FOM_9/FOM_9:Gene	FOM_9_01901	FOM_9_28:c33581-33153	FOM_9_01901
prokka_FOM_9/FOM_9:Gene	yjeM	FOM_9_28:33837-35321	FOM_9_01902
prokka_FOM_9/FOM_9:Gene	FOM_9_01903	FOM_9_28:35427-35801	FOM_9_01903
prokka_FOM_9/FOM_9:Gene	FOM_9_01904	FOM_9_28:35880-35951	FOM_9_01904
prokka_FOM_9/FOM_9:Gene	yidC	FOM_9_28:36083-37027	FOM_9_01905
prokka_FOM_9/FOM_9:Gene	FOM_9_01906	FOM_9_28:37160-37978	FOM_9_01906
prokka_FOM_9/FOM_9:Gene	FOM_9_01907	FOM_9_28:38165-39070	FOM_9_01907
prokka_FOM_9/FOM_9:Gene	FOM_9_01908	FOM_9_28:c39678-39136	FOM_9_01908
prokka_FOM_9/FOM_9:Gene	fni	FOM_9_28:c40895-39858	FOM_9_01909
prokka_FOM_9/FOM_9:Gene	FOM_9_01910	FOM_9_28:c41965-40907	FOM_9_01910
prokka_FOM_9/FOM_9:Gene	FOM_9_01911	FOM_9_28:c42951-41965	FOM_9_01911
prokka_FOM_9/FOM_9:Gene	galK_2	FOM_9_28:c43896-42961	FOM_9_01912
prokka_FOM_9/FOM_9:Gene	dinG	FOM_9_28:44037-46859	FOM_9_01913
prokka_FOM_9/FOM_9:Gene	FOM_9_01914	FOM_9_28:46923-47435	FOM_9_01914
prokka_FOM_9/FOM_9:Gene	asnS	FOM_9_28:47465-48760	FOM_9_01915
prokka_FOM_9/FOM_9:Gene	dnaD	FOM_9_28:48851-49591	FOM_9_01916
prokka_FOM_9/FOM_9:Gene	ponA	FOM_9_28:c51967-49631	FOM_9_01917
prokka_FOM_9/FOM_9:Gene	recU	FOM_9_28:c52588-51986	FOM_9_01918
prokka_FOM_9/FOM_9:Gene	FOM_9_01919	FOM_9_28:52689-53252	FOM_9_01919
prokka_FOM_9/FOM_9:Gene	gpsB_2	FOM_9_28:53345-53725	FOM_9_01920
prokka_FOM_9/FOM_9:Gene	FOM_9_01921	FOM_9_28:53795-53932	FOM_9_01921
prokka_FOM_9/FOM_9:Gene	rlmL	FOM_9_28:54219-55349	FOM_9_01922
prokka_FOM_9/FOM_9:Gene	pcrA	FOM_9_28:55387-57678	FOM_9_01923
prokka_FOM_9/FOM_9:Gene	ligA	FOM_9_28:57702-59738	FOM_9_01924
prokka_FOM_9/FOM_9:Gene	FOM_9_01925	FOM_9_28:59792-60976	FOM_9_01925
prokka_FOM_9/FOM_9:Gene	yfbR	FOM_9_28:61081-61716	FOM_9_01926
prokka_FOM_9/FOM_9:Gene	FOM_9_01927	FOM_9_28:61837-62985	FOM_9_01927
prokka_FOM_9/FOM_9:Gene	uvrB	FOM_9_28:63008-65020	FOM_9_01928
prokka_FOM_9/FOM_9:Gene	accB_1	FOM_9_28:65101-65514	FOM_9_01929
prokka_FOM_9/FOM_9:Gene	accC	FOM_9_28:65579-66955	FOM_9_01930
prokka_FOM_9/FOM_9:Gene	accD_1	FOM_9_28:66952-67806	FOM_9_01931
prokka_FOM_9/FOM_9:Gene	accA_1	FOM_9_28:67799-68572	FOM_9_01932
prokka_FOM_9/FOM_9:Gene	dtpT_2	FOM_9_28:c70077-68617	FOM_9_01933
prokka_FOM_9/FOM_9:Gene	gamA	FOM_9_28:c71019-70252	FOM_9_01934
prokka_FOM_9/FOM_9:Gene	FOM_9_01935	FOM_9_28:c71444-71175	FOM_9_01935
prokka_FOM_9/FOM_9:Gene	hit	FOM_9_28:c71870-71448	FOM_9_01936
prokka_FOM_9/FOM_9:Gene	ecsA	FOM_9_28:71993-72694	FOM_9_01937
prokka_FOM_9/FOM_9:Gene	FOM_9_01938	FOM_9_28:72694-73803	FOM_9_01938
prokka_FOM_9/FOM_9:Gene	trmB	FOM_9_28:73787-74449	FOM_9_01939
prokka_FOM_9/FOM_9:Gene	yslB	FOM_9_28:c74918-74493	FOM_9_01940
prokka_FOM_9/FOM_9:Gene	tri1_2	FOM_9_28:75031-75957	FOM_9_01941
prokka_FOM_9/FOM_9:Gene	FOM_9_01942	FOM_9_28:76021-76968	FOM_9_01942
prokka_FOM_9/FOM_9:Gene	gntT_1	FOM_9_28:c78374-77013	FOM_9_01943
prokka_FOM_9/FOM_9:Gene	FOM_9_01944	FOM_9_28:78556-79188	FOM_9_01944
prokka_FOM_9/FOM_9:Gene	FOM_9_01945	FOM_9_28:79188-79667	FOM_9_01945
prokka_FOM_9/FOM_9:Gene	npr_2	FOM_9_28:80301-81671	FOM_9_01946
prokka_FOM_9/FOM_9:Gene	FOM_9_01947	FOM_9_28:81803-82396	FOM_9_01947
prokka_FOM_9/FOM_9:Gene	srlR	FOM_9_28:82550-83320	FOM_9_01948
prokka_FOM_9/FOM_9:Gene	lacC	FOM_9_28:83317-84231	FOM_9_01949
prokka_FOM_9/FOM_9:Gene	fruA	FOM_9_28:84250-86187	FOM_9_01950
prokka_FOM_9/FOM_9:Gene	iolU_1	FOM_9_28:86209-87159	FOM_9_01951
prokka_FOM_9/FOM_9:Gene	ccpA_2	FOM_9_28:87239-88213	FOM_9_01952
prokka_FOM_9/FOM_9:Gene	tdh_3	FOM_9_28:88294-89247	FOM_9_01953
prokka_FOM_9/FOM_9:Gene	FOM_9_01954	FOM_9_28:c90551-89520	FOM_9_01954
prokka_FOM_9/FOM_9:Gene	FOM_9_01955	FOM_9_28:90771-91400	FOM_9_01955
prokka_FOM_9/FOM_9:Gene	FOM_9_01956	FOM_9_29:c498-73	FOM_9_01956
prokka_FOM_9/FOM_9:Gene	sauU	FOM_9_29:727-2019	FOM_9_01957
prokka_FOM_9/FOM_9:Gene	FOM_9_01958	FOM_9_29:2021-3184	FOM_9_01958
prokka_FOM_9/FOM_9:Gene	aldB	FOM_9_29:c4098-3364	FOM_9_01959
prokka_FOM_9/FOM_9:Gene	parC	FOM_9_29:c6493-4217	FOM_9_01960
prokka_FOM_9/FOM_9:Gene	gyrB_2	FOM_9_29:c8515-6500	FOM_9_01961
prokka_FOM_9/FOM_9:Gene	trxA	FOM_9_29:c9170-8856	FOM_9_01962
prokka_FOM_9/FOM_9:Gene	FOM_9_01963	FOM_9_29:c9653-9252	FOM_9_01963
prokka_FOM_9/FOM_9:Gene	FOM_9_01964	FOM_9_29:c10404-9697	FOM_9_01964
prokka_FOM_9/FOM_9:Gene	FOM_9_01965	FOM_9_29:c10936-10469	FOM_9_01965
prokka_FOM_9/FOM_9:Gene	mutS2	FOM_9_29:c13458-11080	FOM_9_01966
prokka_FOM_9/FOM_9:Gene	FOM_9_01967	FOM_9_29:c14033-13491	FOM_9_01967
prokka_FOM_9/FOM_9:Gene	zapA	FOM_9_29:c14263-14033	FOM_9_01968
prokka_FOM_9/FOM_9:Gene	FOM_9_01969	FOM_9_29:c14608-14360	FOM_9_01969
prokka_FOM_9/FOM_9:Gene	engB_3	FOM_9_29:c15459-14830	FOM_9_01970
prokka_FOM_9/FOM_9:Gene	clpX	FOM_9_29:c16726-15473	FOM_9_01971
prokka_FOM_9/FOM_9:Gene	tig	FOM_9_29:c18185-16896	FOM_9_01972
prokka_FOM_9/FOM_9:Gene	FOM_9_01973	FOM_9_29:c18755-18318	FOM_9_01973
prokka_FOM_9/FOM_9:Gene	tuf	FOM_9_29:c20116-18929	FOM_9_01974
prokka_FOM_9/FOM_9:Gene	FOM_9_01975	FOM_9_29:20359-20541	FOM_9_01975
prokka_FOM_9/FOM_9:Gene	ileS_2	FOM_9_29:c22426-20774	FOM_9_01976
prokka_FOM_9/FOM_9:Gene	FOM_9_01977	FOM_9_30:40-180	FOM_9_01977
prokka_FOM_9/FOM_9:Gene	FOM_9_01978	FOM_9_30:220-552	FOM_9_01978
prokka_FOM_9/FOM_9:Gene	FOM_9_01979	FOM_9_30:601-1218	FOM_9_01979
prokka_FOM_9/FOM_9:Gene	FOM_9_01980	FOM_9_30:1270-1437	FOM_9_01980
prokka_FOM_9/FOM_9:Gene	FOM_9_01981	FOM_9_30:1437-1571	FOM_9_01981
prokka_FOM_9/FOM_9:Gene	FOM_9_01982	FOM_9_30:1572-1685	FOM_9_01982
prokka_FOM_9/FOM_9:Gene	FOM_9_01983	FOM_9_30:1704-2105	FOM_9_01983
prokka_FOM_9/FOM_9:Gene	FOM_9_01984	FOM_9_30:2102-2371	FOM_9_01984
prokka_FOM_9/FOM_9:Gene	FOM_9_01985	FOM_9_30:2310-2528	FOM_9_01985
prokka_FOM_9/FOM_9:Gene	FOM_9_01986	FOM_9_30:2528-3133	FOM_9_01986
prokka_FOM_9/FOM_9:Gene	FOM_9_01987	FOM_9_30:3133-3327	FOM_9_01987
prokka_FOM_9/FOM_9:Gene	FOM_9_01988	FOM_9_30:3320-3508	FOM_9_01988
prokka_FOM_9/FOM_9:Gene	FOM_9_01989	FOM_9_30:3593-4006	FOM_9_01989
prokka_FOM_9/FOM_9:Gene	FOM_9_01990	FOM_9_30:4534-5115	FOM_9_01990
prokka_FOM_9/FOM_9:Gene	FOM_9_01991	FOM_9_30:5162-5365	FOM_9_01991
prokka_FOM_9/FOM_9:Gene	FOM_9_01992	FOM_9_30:5554-5718	FOM_9_01992
prokka_FOM_9/FOM_9:Gene	FOM_9_01993	FOM_9_30:5693-6211	FOM_9_01993
prokka_FOM_9/FOM_9:Gene	FOM_9_01994	FOM_9_30:6291-6497	FOM_9_01994
prokka_FOM_9/FOM_9:Gene	FOM_9_01995	FOM_9_30:6547-6622	FOM_9_01995
prokka_FOM_9/FOM_9:Gene	FOM_9_01996	FOM_9_30:6710-6791	FOM_9_01996
prokka_FOM_9/FOM_9:Gene	FOM_9_01997	FOM_9_30:7035-7499	FOM_9_01997
prokka_FOM_9/FOM_9:Gene	FOM_9_01998	FOM_9_30:7502-9328	FOM_9_01998
prokka_FOM_9/FOM_9:Gene	FOM_9_01999	FOM_9_30:9345-9509	FOM_9_01999
prokka_FOM_9/FOM_9:Gene	FOM_9_02000	FOM_9_30:9506-10576	FOM_9_02000
prokka_FOM_9/FOM_9:Gene	FOM_9_02001	FOM_9_30:10576-11160	FOM_9_02001
prokka_FOM_9/FOM_9:Gene	FOM_9_02002	FOM_9_30:11153-12436	FOM_9_02002
prokka_FOM_9/FOM_9:Gene	FOM_9_02003	FOM_9_30:12502-12807	FOM_9_02003
prokka_FOM_9/FOM_9:Gene	FOM_9_02004	FOM_9_30:12794-13129	FOM_9_02004
prokka_FOM_9/FOM_9:Gene	FOM_9_02005	FOM_9_30:13131-13607	FOM_9_02005
prokka_FOM_9/FOM_9:Gene	FOM_9_02006	FOM_9_30:13607-14002	FOM_9_02006
prokka_FOM_9/FOM_9:Gene	FOM_9_02007	FOM_9_30:14030-14641	FOM_9_02007
prokka_FOM_9/FOM_9:Gene	FOM_9_02008	FOM_9_30:14772-15140	FOM_9_02008
prokka_FOM_9/FOM_9:Gene	FOM_9_02009	FOM_9_30:15191-15331	FOM_9_02009
prokka_FOM_9/FOM_9:Gene	FOM_9_02010	FOM_9_30:15346-19206	FOM_9_02010
prokka_FOM_9/FOM_9:Gene	FOM_9_02011	FOM_9_30:19225-19950	FOM_9_02011
prokka_FOM_9/FOM_9:Gene	FOM_9_02012	FOM_9_30:19947-22952	FOM_9_02012
prokka_FOM_9/FOM_9:Gene	FOM_9_02013	FOM_9_30:22967-23140	FOM_9_02013
prokka_FOM_9/FOM_9:Gene	FOM_9_02014	FOM_9_30:23143-23403	FOM_9_02014
prokka_FOM_9/FOM_9:Gene	FOM_9_02015	FOM_9_30:23416-23676	FOM_9_02015
prokka_FOM_9/FOM_9:Gene	FOM_9_02016	FOM_9_30:23669-23980	FOM_9_02016
prokka_FOM_9/FOM_9:Gene	FOM_9_02017	FOM_9_30:23984-24991	FOM_9_02017
prokka_FOM_9/FOM_9:Gene	FOM_9_02018	FOM_9_30:c25775-25161	FOM_9_02018
prokka_FOM_9/FOM_9:Gene	FOM_9_02019	FOM_9_30:26875-27501	FOM_9_02019
prokka_FOM_9/FOM_9:Gene	FOM_9_02020	FOM_9_30:27979-29697	FOM_9_02020
prokka_FOM_9/FOM_9:Gene	FOM_9_02021	FOM_9_30:30042-31712	FOM_9_02021
prokka_FOM_9/FOM_9:Gene	serP1	FOM_9_30:32039-33418	FOM_9_02022
prokka_FOM_9/FOM_9:Gene	ypwA	FOM_9_30:33522-35036	FOM_9_02023
prokka_FOM_9/FOM_9:Gene	FOM_9_02024	FOM_9_30:35238-35408	FOM_9_02024
prokka_FOM_9/FOM_9:Gene	nhaC	FOM_9_30:35405-36760	FOM_9_02025
prokka_FOM_9/FOM_9:Gene	rnhA_2	FOM_9_30:c37246-36851	FOM_9_02026
prokka_FOM_9/FOM_9:Gene	FOM_9_02027	FOM_9_30:37313-37696	FOM_9_02027
prokka_FOM_9/FOM_9:Gene	rluD_1	FOM_9_30:37693-38607	FOM_9_02028
prokka_FOM_9/FOM_9:Gene	pyrR	FOM_9_30:38778-39287	FOM_9_02029
prokka_FOM_9/FOM_9:Gene	carA_4	FOM_9_30:39348-40433	FOM_9_02030
prokka_FOM_9/FOM_9:Gene	carB_3	FOM_9_30:40430-42898	FOM_9_02031
prokka_FOM_9/FOM_9:Gene	prsA	FOM_9_30:42964-43968	FOM_9_02032
prokka_FOM_9/FOM_9:Gene	purB_2	FOM_9_30:44121-45416	FOM_9_02033
prokka_FOM_9/FOM_9:Gene	FOM_9_02034	FOM_9_30:45511-45723	FOM_9_02034
prokka_FOM_9/FOM_9:Gene	fabZ_1	FOM_9_30:45994-46467	FOM_9_02035
prokka_FOM_9/FOM_9:Gene	FOM_9_02036	FOM_9_30:46470-46928	FOM_9_02036
prokka_FOM_9/FOM_9:Gene	fabH_2	FOM_9_30:46940-47911	FOM_9_02037
prokka_FOM_9/FOM_9:Gene	acpA	FOM_9_30:47998-48237	FOM_9_02038
prokka_FOM_9/FOM_9:Gene	FOM_9_02039	FOM_9_30:48270-49217	FOM_9_02039
prokka_FOM_9/FOM_9:Gene	fabD	FOM_9_30:49239-50180	FOM_9_02040
prokka_FOM_9/FOM_9:Gene	fabG	FOM_9_30:50180-50902	FOM_9_02041
prokka_FOM_9/FOM_9:Gene	fabF	FOM_9_30:50990-52225	FOM_9_02042
prokka_FOM_9/FOM_9:Gene	accB_2	FOM_9_30:52225-52692	FOM_9_02043
prokka_FOM_9/FOM_9:Gene	fabZ_2	FOM_9_30:52705-53136	FOM_9_02044
prokka_FOM_9/FOM_9:Gene	cfiB	FOM_9_30:53138-54514	FOM_9_02045
prokka_FOM_9/FOM_9:Gene	accD_2	FOM_9_30:54527-55372	FOM_9_02046
prokka_FOM_9/FOM_9:Gene	accA_2	FOM_9_30:55372-56157	FOM_9_02047
prokka_FOM_9/FOM_9:Gene	rpiA_3	FOM_9_30:56272-56958	FOM_9_02048
prokka_FOM_9/FOM_9:Gene	FOM_9_02049	FOM_9_30:56963-58108	FOM_9_02049
prokka_FOM_9/FOM_9:Gene	femX_2	FOM_9_30:c59225-58197	FOM_9_02050
prokka_FOM_9/FOM_9:Gene	pgcA	FOM_9_30:59429-61153	FOM_9_02051
prokka_FOM_9/FOM_9:Gene	FOM_9_02052	FOM_9_30:61265-61585	FOM_9_02052
prokka_FOM_9/FOM_9:Gene	amiE	FOM_9_30:61596-62630	FOM_9_02053
prokka_FOM_9/FOM_9:Gene	lemA	FOM_9_30:62702-63271	FOM_9_02054
prokka_FOM_9/FOM_9:Gene	htpX	FOM_9_30:63289-64176	FOM_9_02055
prokka_FOM_9/FOM_9:Gene	FOM_9_02056	FOM_9_30:c65764-64229	FOM_9_02056
prokka_FOM_9/FOM_9:Gene	FOM_9_02057	FOM_9_30:65962-67329	FOM_9_02057
prokka_FOM_9/FOM_9:Gene	iolU_2	FOM_9_30:67473-68465	FOM_9_02058
prokka_FOM_9/FOM_9:Gene	deaD_2	FOM_9_30:68571-69878	FOM_9_02059
prokka_FOM_9/FOM_9:Gene	rex	FOM_9_30:70103-70744	FOM_9_02060
prokka_FOM_9/FOM_9:Gene	FOM_9_02061	FOM_9_30:70950-71867	FOM_9_02061
prokka_FOM_9/FOM_9:Gene	FOM_9_02062	FOM_9_30:71860-72741	FOM_9_02062
prokka_FOM_9/FOM_9:Gene	strA_2	FOM_9_30:72842-73567	FOM_9_02063
prokka_FOM_9/FOM_9:Gene	mntR	FOM_9_30:c74271-73615	FOM_9_02064
prokka_FOM_9/FOM_9:Gene	FOM_9_02065	FOM_9_30:74455-74769	FOM_9_02065
prokka_FOM_9/FOM_9:Gene	folT	FOM_9_30:c75378-74830	FOM_9_02066
prokka_FOM_9/FOM_9:Gene	thrB	FOM_9_30:75782-76636	FOM_9_02067
prokka_FOM_9/FOM_9:Gene	degA	FOM_9_30:76651-77643	FOM_9_02068
prokka_FOM_9/FOM_9:Gene	FOM_9_02069	FOM_9_30:77678-78688	FOM_9_02069
prokka_FOM_9/FOM_9:Gene	yclM	FOM_9_30:c80103-78748	FOM_9_02070
prokka_FOM_9/FOM_9:Gene	FOM_9_02071	FOM_9_30:80510-81625	FOM_9_02071
prokka_FOM_9/FOM_9:Gene	lysA	FOM_9_30:81639-82925	FOM_9_02072
prokka_FOM_9/FOM_9:Gene	dapH	FOM_9_30:82941-83654	FOM_9_02073
prokka_FOM_9/FOM_9:Gene	ykuR	FOM_9_30:83667-84812	FOM_9_02074
prokka_FOM_9/FOM_9:Gene	dapA	FOM_9_30:84835-85701	FOM_9_02075
prokka_FOM_9/FOM_9:Gene	dapB	FOM_9_30:85721-86461	FOM_9_02076
prokka_FOM_9/FOM_9:Gene	dapX_2	FOM_9_30:86521-87702	FOM_9_02077
prokka_FOM_9/FOM_9:Gene	asd	FOM_9_30:87805-88899	FOM_9_02078
prokka_FOM_9/FOM_9:Gene	FOM_9_02079	FOM_9_30:89022-89759	FOM_9_02079
prokka_FOM_9/FOM_9:Gene	FOM_9_02080	FOM_9_30:89818-90195	FOM_9_02080
prokka_FOM_9/FOM_9:Gene	ddpX	FOM_9_30:c91043-90315	FOM_9_02081
prokka_FOM_9/FOM_9:Gene	dapX_3	FOM_9_30:91168-92352	FOM_9_02082
prokka_FOM_9/FOM_9:Gene	panT_3	FOM_9_30:92490-93110	FOM_9_02083
prokka_FOM_9/FOM_9:Gene	FOM_9_02084	FOM_9_30:93325-94005	FOM_9_02084
prokka_FOM_9/FOM_9:Gene	FOM_9_02085	FOM_9_30:94019-94699	FOM_9_02085
prokka_FOM_9/FOM_9:Gene	aroE	FOM_9_30:94819-95625	FOM_9_02086
prokka_FOM_9/FOM_9:Gene	kdsA	FOM_9_30:95640-96632	FOM_9_02087
prokka_FOM_9/FOM_9:Gene	aroB	FOM_9_30:96629-97690	FOM_9_02088
prokka_FOM_9/FOM_9:Gene	aroC_2	FOM_9_30:97696-98874	FOM_9_02089
prokka_FOM_9/FOM_9:Gene	aroA1_2	FOM_9_30:98913-100211	FOM_9_02090
prokka_FOM_9/FOM_9:Gene	aroK_2	FOM_9_30:100208-100711	FOM_9_02091
prokka_FOM_9/FOM_9:Gene	aroD	FOM_9_30:100715-101434	FOM_9_02092
prokka_FOM_9/FOM_9:Gene	FOM_9_02093	FOM_9_30:101437-102141	FOM_9_02093
prokka_FOM_9/FOM_9:Gene	FOM_9_02094	FOM_9_30:c102872-102204	FOM_9_02094
prokka_FOM_9/FOM_9:Gene	ykoD	FOM_9_30:c104277-102865	FOM_9_02095
prokka_FOM_9/FOM_9:Gene	ykoE	FOM_9_30:c104845-104279	FOM_9_02096
prokka_FOM_9/FOM_9:Gene	prs_2	FOM_9_30:105165-106139	FOM_9_02097
prokka_FOM_9/FOM_9:Gene	gpr	FOM_9_30:106198-107190	FOM_9_02098
prokka_FOM_9/FOM_9:Gene	rbsK_2	FOM_9_30:107274-108194	FOM_9_02099
prokka_FOM_9/FOM_9:Gene	FOM_9_02100	FOM_9_30:108250-108762	FOM_9_02100
prokka_FOM_9/FOM_9:Gene	FOM_9_02101	FOM_9_30:108875-109360	FOM_9_02101
prokka_FOM_9/FOM_9:Gene	mntH_3	FOM_9_30:109680-111068	FOM_9_02102
prokka_FOM_9/FOM_9:Gene	FOM_9_02103	FOM_9_30:111198-111788	FOM_9_02103
prokka_FOM_9/FOM_9:Gene	FOM_9_02104	FOM_9_30:111944-112252	FOM_9_02104
prokka_FOM_9/FOM_9:Gene	FOM_9_02105	FOM_9_30:112258-112878	FOM_9_02105
prokka_FOM_9/FOM_9:Gene	FOM_9_02106	FOM_9_30:112883-113695	FOM_9_02106
prokka_FOM_9/FOM_9:Gene	pepX	FOM_9_30:113807-116182	FOM_9_02107
prokka_FOM_9/FOM_9:Gene	yitU	FOM_9_30:116257-117087	FOM_9_02108
prokka_FOM_9/FOM_9:Gene	rsmF	FOM_9_30:117192-118592	FOM_9_02109
prokka_FOM_9/FOM_9:Gene	gatC	FOM_9_30:118646-118957	FOM_9_02110
prokka_FOM_9/FOM_9:Gene	gatA	FOM_9_30:118957-120414	FOM_9_02111
prokka_FOM_9/FOM_9:Gene	gatB	FOM_9_30:120414-121859	FOM_9_02112
prokka_FOM_9/FOM_9:Gene	dagK	FOM_9_30:121963-122919	FOM_9_02113
prokka_FOM_9/FOM_9:Gene	FOM_9_02114	FOM_9_30:122969-123412	FOM_9_02114
prokka_FOM_9/FOM_9:Gene	psaA	FOM_9_30:c124529-123585	FOM_9_02115
prokka_FOM_9/FOM_9:Gene	mntB_2	FOM_9_30:c125398-124559	FOM_9_02116
prokka_FOM_9/FOM_9:Gene	mntB_3	FOM_9_30:c126149-125400	FOM_9_02117
prokka_FOM_9/FOM_9:Gene	fpgS_3	FOM_9_30:126478-127776	FOM_9_02118
prokka_FOM_9/FOM_9:Gene	FOM_9_02119	FOM_9_30:127776-128384	FOM_9_02119
prokka_FOM_9/FOM_9:Gene	murE	FOM_9_30:128410-129939	FOM_9_02120
prokka_FOM_9/FOM_9:Gene	FOM_9_02121	FOM_9_30:130057-130401	FOM_9_02121
prokka_FOM_9/FOM_9:Gene	argS	FOM_9_30:130404-132089	FOM_9_02122
prokka_FOM_9/FOM_9:Gene	FOM_9_02123	FOM_9_30:132278-134023	FOM_9_02123
prokka_FOM_9/FOM_9:Gene	FOM_9_02124	FOM_9_30:134016-135848	FOM_9_02124
prokka_FOM_9/FOM_9:Gene	FOM_9_02125	FOM_9_30:135979-136893	FOM_9_02125
prokka_FOM_9/FOM_9:Gene	argR_2	FOM_9_30:137004-137462	FOM_9_02126
prokka_FOM_9/FOM_9:Gene	pbpF	FOM_9_30:137465-139558	FOM_9_02127
prokka_FOM_9/FOM_9:Gene	FOM_9_02128	FOM_9_30:139612-139956	FOM_9_02128
prokka_FOM_9/FOM_9:Gene	FOM_9_02129	FOM_9_30:140082-140366	FOM_9_02129
prokka_FOM_9/FOM_9:Gene	FOM_9_02130	FOM_9_30:140817-142010	FOM_9_02130
prokka_FOM_9/FOM_9:Gene	FOM_9_02131	FOM_9_30:142000-144324	FOM_9_02131
prokka_FOM_9/FOM_9:Gene	yhaM	FOM_9_30:144326-145279	FOM_9_02132
prokka_FOM_9/FOM_9:Gene	xylB_2	FOM_9_30:145462-147003	FOM_9_02133
prokka_FOM_9/FOM_9:Gene	idnT	FOM_9_30:147128-148507	FOM_9_02134
prokka_FOM_9/FOM_9:Gene	pox5_2	FOM_9_30:148708-149811	FOM_9_02135
prokka_FOM_9/FOM_9:Gene	pox5_3	FOM_9_30:149818-150537	FOM_9_02136
prokka_FOM_9/FOM_9:Gene	gntT_2	FOM_9_30:151123-152625	FOM_9_02137
prokka_FOM_9/FOM_9:Gene	FOM_9_02138	FOM_9_30:152731-152961	FOM_9_02138
prokka_FOM_9/FOM_9:Gene	FOM_9_02139	FOM_9_30:153097-154359	FOM_9_02139
prokka_FOM_9/FOM_9:Gene	FOM_9_02140	FOM_9_30:154352-155638	FOM_9_02140
prokka_FOM_9/FOM_9:Gene	FOM_9_02141	FOM_9_30:155695-156606	FOM_9_02141
prokka_FOM_9/FOM_9:Gene	pgsA	FOM_9_30:156632-157216	FOM_9_02142
prokka_FOM_9/FOM_9:Gene	cinA	FOM_9_30:157353-157829	FOM_9_02143
prokka_FOM_9/FOM_9:Gene	recA	FOM_9_30:157914-159065	FOM_9_02144
prokka_FOM_9/FOM_9:Gene	FOM_9_02145	FOM_9_30:159294-159548	FOM_9_02145
prokka_FOM_9/FOM_9:Gene	helD_2	FOM_9_30:159731-162013	FOM_9_02146
prokka_FOM_9/FOM_9:Gene	coaA	FOM_9_30:162019-162963	FOM_9_02147
prokka_FOM_9/FOM_9:Gene	FOM_9_02148	FOM_9_30:163339-164136	FOM_9_02148
prokka_FOM_9/FOM_9:Gene	ribZ_4	FOM_9_30:164350-165903	FOM_9_02149
prokka_FOM_9/FOM_9:Gene	FOM_9_02150	FOM_9_30:165905-166657	FOM_9_02150
prokka_FOM_9/FOM_9:Gene	cspLA	FOM_9_30:166909-167109	FOM_9_02151
prokka_FOM_9/FOM_9:Gene	rluD_2	FOM_9_30:167183-168079	FOM_9_02152
prokka_FOM_9/FOM_9:Gene	FOM_9_02153	FOM_9_30:168169-168561	FOM_9_02153
prokka_FOM_9/FOM_9:Gene	FOM_9_02154	FOM_9_30:168733-169851	FOM_9_02154
prokka_FOM_9/FOM_9:Gene	pepS	FOM_9_30:c171148-169910	FOM_9_02155
prokka_FOM_9/FOM_9:Gene	FOM_9_02156	FOM_9_30:171497-172258	FOM_9_02156
prokka_FOM_9/FOM_9:Gene	FOM_9_02157	FOM_9_30:172661-173065	FOM_9_02157
prokka_FOM_9/FOM_9:Gene	FOM_9_02158	FOM_9_30:173615-175093	FOM_9_02158
prokka_FOM_9/FOM_9:Gene	FOM_9_02159	FOM_9_30:c176748-175255	FOM_9_02159
prokka_FOM_9/FOM_9:Gene	FOM_9_02160	FOM_9_30:c176869-176741	FOM_9_02160
prokka_FOM_9/FOM_9:Gene	FOM_9_02161	FOM_9_30:177147-177866	FOM_9_02161
prokka_FOM_9/FOM_9:Gene	FOM_9_02162	FOM_9_30:c179323-178229	FOM_9_02162
prokka_FOM_9/FOM_9:Gene	FOM_9_02163	FOM_9_30:179588-180304	FOM_9_02163
prokka_FOM_9/FOM_9:Gene	FOM_9_02164	FOM_9_30:180323-181276	FOM_9_02164
prokka_FOM_9/FOM_9:Gene	FOM_9_02165	FOM_9_30:181288-181689	FOM_9_02165
prokka_FOM_9/FOM_9:Gene	FOM_9_02166	FOM_9_30:181922-182650	FOM_9_02166
prokka_FOM_9/FOM_9:Gene	FOM_9_02167	FOM_9_30:182710-183756	FOM_9_02167
prokka_FOM_9/FOM_9:Gene	FOM_9_02168	FOM_9_30:183759-184154	FOM_9_02168
prokka_FOM_9/FOM_9:Gene	FOM_9_02169	FOM_9_30:184261-185733	FOM_9_02169
prokka_FOM_9/FOM_9:Gene	FOM_9_02170	FOM_9_30:185733-186698	FOM_9_02170
prokka_FOM_9/FOM_9:Gene	FOM_9_02171	FOM_9_30:186716-187147	FOM_9_02171
prokka_FOM_9/FOM_9:Gene	FOM_9_02172	FOM_9_30:187258-188799	FOM_9_02172
prokka_FOM_9/FOM_9:Gene	FOM_9_02173	FOM_9_30:188881-189750	FOM_9_02173
prokka_FOM_9/FOM_9:Gene	FOM_9_02174	FOM_9_30:189907-190551	FOM_9_02174
prokka_FOM_9/FOM_9:Gene	FOM_9_02175	FOM_9_30:190829-191170	FOM_9_02175
prokka_FOM_9/FOM_9:Gene	FOM_9_02176	FOM_9_30:191264-191947	FOM_9_02176
prokka_FOM_9/FOM_9:Gene	FOM_9_02177	FOM_9_30:192154-193122	FOM_9_02177
prokka_FOM_9/FOM_9:Gene	FOM_9_02178	FOM_9_30:193417-194166	FOM_9_02178
prokka_FOM_9/FOM_9:Gene	FOM_9_02179	FOM_9_30:194345-194956	FOM_9_02179
prokka_FOM_9/FOM_9:Gene	FOM_9_02180	FOM_9_30:194910-195791	FOM_9_02180
prokka_FOM_9/FOM_9:Gene	FOM_9_02181	FOM_9_30:195940-197673	FOM_9_02181
prokka_FOM_9/FOM_9:Gene	FOM_9_02182	FOM_9_31:242-667	FOM_9_02182
prokka_FOM_9/FOM_9:Gene	pstS1_2	FOM_9_31:908-1792	FOM_9_02183
prokka_FOM_9/FOM_9:Gene	comFA	FOM_9_31:1887-3173	FOM_9_02184
prokka_FOM_9/FOM_9:Gene	FOM_9_02185	FOM_9_31:3163-3837	FOM_9_02185
prokka_FOM_9/FOM_9:Gene	hpf	FOM_9_31:3999-4559	FOM_9_02186
prokka_FOM_9/FOM_9:Gene	FOM_9_02187	FOM_9_31:5060-6346	FOM_9_02187
prokka_FOM_9/FOM_9:Gene	FOM_9_02188	FOM_9_31:6530-7702	FOM_9_02188
prokka_FOM_9/FOM_9:Gene	FOM_9_02189	FOM_9_31:8068-9675	FOM_9_02189
prokka_FOM_9/FOM_9:Gene	FOM_9_02190	FOM_9_31:9691-9984	FOM_9_02190
prokka_FOM_9/FOM_9:Gene	FOM_9_02191	FOM_9_31:10386-10829	FOM_9_02191
prokka_FOM_9/FOM_9:Gene	yhgF	FOM_9_31:10829-13012	FOM_9_02192
prokka_FOM_9/FOM_9:Gene	FOM_9_02193	FOM_9_31:13090-13425	FOM_9_02193
prokka_FOM_9/FOM_9:Gene	FOM_9_02194	FOM_9_31:13489-13574	FOM_9_02194
prokka_FOM_9/FOM_9:Gene	FOM_9_02195	FOM_9_31:13843-14310	FOM_9_02195
prokka_FOM_9/FOM_9:Gene	tsgA	FOM_9_31:14626-15819	FOM_9_02196
prokka_FOM_9/FOM_9:Gene	bglK_3	FOM_9_31:15829-16731	FOM_9_02197
prokka_FOM_9/FOM_9:Gene	bglH_3	FOM_9_31:16736-18199	FOM_9_02198
prokka_FOM_9/FOM_9:Gene	licT	FOM_9_31:18463-19314	FOM_9_02199
prokka_FOM_9/FOM_9:Gene	bglF_2	FOM_9_31:19434-21269	FOM_9_02200
prokka_FOM_9/FOM_9:Gene	FOM_9_02201	FOM_9_31:c23590-22937	FOM_9_02201
prokka_FOM_9/FOM_9:Gene	recD2_2	FOM_9_32:137-2326	FOM_9_02202
prokka_FOM_9/FOM_9:Gene	FOM_9_02203	FOM_9_32:c2995-2609	FOM_9_02203
prokka_FOM_9/FOM_9:Gene	FOM_9_02204	FOM_9_32:3127-4068	FOM_9_02204
prokka_FOM_9/FOM_9:Gene	FOM_9_02205	FOM_9_32:4088-4336	FOM_9_02205
prokka_FOM_9/FOM_9:Gene	FOM_9_02206	FOM_9_32:4357-4998	FOM_9_02206
prokka_FOM_9/FOM_9:Gene	FOM_9_02207	FOM_9_32:c5846-5067	FOM_9_02207
prokka_FOM_9/FOM_9:Gene	FOM_9_02208	FOM_9_32:6133-6465	FOM_9_02208
prokka_FOM_9/FOM_9:Gene	FOM_9_02209	FOM_9_32:c6872-6507	FOM_9_02209
prokka_FOM_9/FOM_9:Gene	FOM_9_02210	FOM_9_32:7185-7445	FOM_9_02210
prokka_FOM_9/FOM_9:Gene	FOM_9_02211	FOM_9_32:7479-7724	FOM_9_02211
prokka_FOM_9/FOM_9:Gene	FOM_9_02212	FOM_9_32:8207-10072	FOM_9_02212
prokka_FOM_9/FOM_9:Gene	FOM_9_02213	FOM_9_32:10151-10636	FOM_9_02213
prokka_FOM_9/FOM_9:Gene	pox5_4	FOM_9_32:10807-12606	FOM_9_02214
prokka_FOM_9/FOM_9:Gene	FOM_9_02215	FOM_9_32:c12843-12691	FOM_9_02215
prokka_FOM_9/FOM_9:Gene	FOM_9_02216	FOM_9_32:c14034-12916	FOM_9_02216
prokka_FOM_9/FOM_9:Gene	FOM_9_02217	FOM_9_32:14196-15590	FOM_9_02217
prokka_FOM_9/FOM_9:Gene	ppk	FOM_9_32:15709-17760	FOM_9_02218
prokka_FOM_9/FOM_9:Gene	ppx	FOM_9_32:17779-18753	FOM_9_02219
prokka_FOM_9/FOM_9:Gene	FOM_9_02220	FOM_9_32:18824-19729	FOM_9_02220
prokka_FOM_9/FOM_9:Gene	FOM_9_02221	FOM_9_32:20025-20180	FOM_9_02221
prokka_FOM_9/FOM_9:Gene	FOM_9_02222	FOM_9_32:20756-22183	FOM_9_02222
prokka_FOM_9/FOM_9:Gene	FOM_9_02223	FOM_9_32:22188-23192	FOM_9_02223
prokka_FOM_9/FOM_9:Gene	hsdR	FOM_9_32:23293-26178	FOM_9_02224
prokka_FOM_9/FOM_9:Gene	FOM_9_02225	FOM_9_32:26314-26907	FOM_9_02225
prokka_FOM_9/FOM_9:Gene	FOM_9_02226	FOM_9_32:26907-28463	FOM_9_02226
prokka_FOM_9/FOM_9:Gene	FOM_9_02227	FOM_9_32:28465-29688	FOM_9_02227
prokka_FOM_9/FOM_9:Gene	xerC_5	FOM_9_32:29800-30720	FOM_9_02228
prokka_FOM_9/FOM_9:Gene	FOM_9_02229	FOM_9_32:c31828-30779	FOM_9_02229
prokka_FOM_9/FOM_9:Gene	FOM_9_02230	FOM_9_32:32158-32478	FOM_9_02230
prokka_FOM_9/FOM_9:Gene	FOM_9_02231	FOM_9_32:32619-33716	FOM_9_02231
prokka_FOM_9/FOM_9:Gene	FOM_9_02232	FOM_9_32:33757-35043	FOM_9_02232
prokka_FOM_9/FOM_9:Gene	FOM_9_02233	FOM_9_32:35280-36605	FOM_9_02233
prokka_FOM_9/FOM_9:Gene	FOM_9_02234	FOM_9_32:c36878-36696	FOM_9_02234
prokka_FOM_9/FOM_9:Gene	FOM_9_02235	FOM_9_33:c975-445	FOM_9_02235
prokka_FOM_9/FOM_9:Gene	FOM_9_02236	FOM_9_33:c1202-996	FOM_9_02236
prokka_FOM_9/FOM_9:Gene	FOM_9_02237	FOM_9_33:c1498-1298	FOM_9_02237
prokka_FOM_9/FOM_9:Gene	FOM_9_02238	FOM_9_33:c1901-1467	FOM_9_02238
prokka_FOM_9/FOM_9:Gene	gmuE_2	FOM_9_33:c2840-1968	FOM_9_02239
prokka_FOM_9/FOM_9:Gene	FOM_9_02240	FOM_9_33:c3386-2979	FOM_9_02240
prokka_FOM_9/FOM_9:Gene	FOM_9_02241	FOM_9_33:c4282-3458	FOM_9_02241
prokka_FOM_9/FOM_9:Gene	FOM_9_02242	FOM_9_33:c4948-4292	FOM_9_02242
prokka_FOM_9/FOM_9:Gene	FOM_9_02243	FOM_9_33:c5812-5036	FOM_9_02243
prokka_FOM_9/FOM_9:Gene	FOM_9_02244	FOM_9_33:5924-6526	FOM_9_02244
prokka_FOM_9/FOM_9:Gene	tenA	FOM_9_33:c7343-6723	FOM_9_02245
prokka_FOM_9/FOM_9:Gene	thiE_2	FOM_9_33:c7984-7325	FOM_9_02246
prokka_FOM_9/FOM_9:Gene	thiD	FOM_9_33:c8784-7981	FOM_9_02247
prokka_FOM_9/FOM_9:Gene	thiM	FOM_9_33:c9542-8781	FOM_9_02248
prokka_FOM_9/FOM_9:Gene	FOM_9_02249	FOM_9_33:9816-10025	FOM_9_02249
prokka_FOM_9/FOM_9:Gene	FOM_9_02250	FOM_9_33:c10305-10132	FOM_9_02250
prokka_FOM_9/FOM_9:Gene	metQ_4	FOM_9_33:c11389-10559	FOM_9_02251
prokka_FOM_9/FOM_9:Gene	metQ_5	FOM_9_33:c12241-11411	FOM_9_02252
prokka_FOM_9/FOM_9:Gene	FOM_9_02253	FOM_9_33:c13204-12272	FOM_9_02253
prokka_FOM_9/FOM_9:Gene	dapX_4	FOM_9_33:c14390-13233	FOM_9_02254
prokka_FOM_9/FOM_9:Gene	FOM_9_02255	FOM_9_33:c15769-14402	FOM_9_02255
prokka_FOM_9/FOM_9:Gene	FOM_9_02256	FOM_9_33:16262-16702	FOM_9_02256
prokka_FOM_9/FOM_9:Gene	gldA	FOM_9_33:c17940-16849	FOM_9_02257
prokka_FOM_9/FOM_9:Gene	FOM_9_02258	FOM_9_33:c18952-18035	FOM_9_02258
prokka_FOM_9/FOM_9:Gene	lysS	FOM_9_34:c1895-411	FOM_9_02259
prokka_FOM_9/FOM_9:Gene	hslO	FOM_9_34:c2892-1999	FOM_9_02260
prokka_FOM_9/FOM_9:Gene	ftsH	FOM_9_34:c5048-2985	FOM_9_02261
prokka_FOM_9/FOM_9:Gene	hpt_2	FOM_9_34:c5709-5113	FOM_9_02262
prokka_FOM_9/FOM_9:Gene	tilS	FOM_9_34:c6794-5817	FOM_9_02263
prokka_FOM_9/FOM_9:Gene	ftsL_2	FOM_9_34:c7270-6896	FOM_9_02264
prokka_FOM_9/FOM_9:Gene	FOM_9_02265	FOM_9_34:c7787-7512	FOM_9_02265
prokka_FOM_9/FOM_9:Gene	murJ_2	FOM_9_34:c9352-7787	FOM_9_02266
prokka_FOM_9/FOM_9:Gene	mfd	FOM_9_34:c12881-9363	FOM_9_02267
prokka_FOM_9/FOM_9:Gene	pth	FOM_9_34:c13458-12892	FOM_9_02268
prokka_FOM_9/FOM_9:Gene	FOM_9_02269	FOM_9_34:c13811-13653	FOM_9_02269
prokka_FOM_9/FOM_9:Gene	apu	FOM_9_34:c15670-13991	FOM_9_02270
prokka_FOM_9/FOM_9:Gene	glgP	FOM_9_34:c18094-15683	FOM_9_02271
prokka_FOM_9/FOM_9:Gene	glgA	FOM_9_34:c19543-18113	FOM_9_02272
prokka_FOM_9/FOM_9:Gene	glgD	FOM_9_34:c20670-19543	FOM_9_02273
prokka_FOM_9/FOM_9:Gene	glgC	FOM_9_34:c21757-20663	FOM_9_02274
prokka_FOM_9/FOM_9:Gene	glgB	FOM_9_34:c23642-21750	FOM_9_02275
prokka_FOM_9/FOM_9:Gene	FOM_9_02276	FOM_9_34:c24077-23904	FOM_9_02276
prokka_FOM_9/FOM_9:Gene	smc_5	FOM_9_34:c27585-24268	FOM_9_02277
prokka_FOM_9/FOM_9:Gene	FOM_9_02278	FOM_9_34:27743-28345	FOM_9_02278
prokka_FOM_9/FOM_9:Gene	FOM_9_02279	FOM_9_34:c29065-28421	FOM_9_02279
prokka_FOM_9/FOM_9:Gene	FOM_9_02280	FOM_9_34:c30344-29247	FOM_9_02280
prokka_FOM_9/FOM_9:Gene	licC_3	FOM_9_34:c31681-30347	FOM_9_02281
prokka_FOM_9/FOM_9:Gene	ribZ_5	FOM_9_34:c33262-31880	FOM_9_02282
prokka_FOM_9/FOM_9:Gene	FOM_9_02283	FOM_9_34:33649-33981	FOM_9_02283
prokka_FOM_9/FOM_9:Gene	FOM_9_02284	FOM_9_34:34003-34143	FOM_9_02284
prokka_FOM_9/FOM_9:Gene	FOM_9_02285	FOM_9_34:c34702-34238	FOM_9_02285
prokka_FOM_9/FOM_9:Gene	iolS	FOM_9_34:34932-35852	FOM_9_02286
prokka_FOM_9/FOM_9:Gene	xylB_3	FOM_9_34:c37419-35911	FOM_9_02287
prokka_FOM_9/FOM_9:Gene	xylA	FOM_9_34:c39072-37687	FOM_9_02288
prokka_FOM_9/FOM_9:Gene	nagC	FOM_9_34:c40568-39345	FOM_9_02289
prokka_FOM_9/FOM_9:Gene	yjmB	FOM_9_34:40930-41352	FOM_9_02290
prokka_FOM_9/FOM_9:Gene	uidB	FOM_9_34:41349-42377	FOM_9_02291
prokka_FOM_9/FOM_9:Gene	xynB	FOM_9_34:42628-44316	FOM_9_02292
prokka_FOM_9/FOM_9:Gene	xylT_5	FOM_9_34:44611-45999	FOM_9_02293
prokka_FOM_9/FOM_9:Gene	FOM_9_02294	FOM_9_34:46094-46984	FOM_9_02294
prokka_FOM_9/FOM_9:Gene	FOM_9_02295	FOM_9_34:47326-48093	FOM_9_02295
prokka_FOM_9/FOM_9:Gene	FOM_9_02296	FOM_9_34:48104-48562	FOM_9_02296
prokka_FOM_9/FOM_9:Gene	tag_2	FOM_9_34:c49193-48630	FOM_9_02297
prokka_FOM_9/FOM_9:Gene	uppP	FOM_9_34:c50130-49279	FOM_9_02298
prokka_FOM_9/FOM_9:Gene	FOM_9_02299	FOM_9_34:c51158-50220	FOM_9_02299
prokka_FOM_9/FOM_9:Gene	FOM_9_02300	FOM_9_34:c51789-51151	FOM_9_02300
prokka_FOM_9/FOM_9:Gene	FOM_9_02301	FOM_9_34:c52111-51779	FOM_9_02301
prokka_FOM_9/FOM_9:Gene	FOM_9_02302	FOM_9_34:52246-52509	FOM_9_02302
prokka_FOM_9/FOM_9:Gene	nupG	FOM_9_34:c53923-52682	FOM_9_02303

DiscRep_ALL:DISC_SOURCE_QUALS_ASNDISC::strain (all present, all same)
DiscRep_SUB:DISC_SOURCE_QUALS_ASNDISC::34 sources have 'strain' for strain
DiscRep_ALL:DISC_SOURCE_QUALS_ASNDISC::taxname (all present, all same)
DiscRep_SUB:DISC_SOURCE_QUALS_ASNDISC::34 sources have 'Genus species' for taxname
DiscRep_ALL:DISC_FEATURE_COUNT::gene: 2303 present
DiscRep_ALL:DISC_FEATURE_COUNT::CDS: 2242 present
DiscRep_ALL:DISC_FEATURE_COUNT::tRNA: 57 present
DiscRep_ALL:DISC_FEATURE_COUNT::rRNA: 3 present
DiscRep_ALL:DISC_FEATURE_COUNT::tmRNA: 1 present
DiscRep_ALL:DISC_COUNT_NUCLEOTIDES::34 nucleotide Bioseqs are present
prokka_FOM_9/FOM_9:Prokka:FOM_9_1 (length 37844)
prokka_FOM_9/FOM_9:Prokka:FOM_9_2 (length 8281)
prokka_FOM_9/FOM_9:Prokka:FOM_9_3 (length 49849)
prokka_FOM_9/FOM_9:Prokka:FOM_9_4 (length 58509)
prokka_FOM_9/FOM_9:Prokka:FOM_9_5 (length 98661)
prokka_FOM_9/FOM_9:Prokka:FOM_9_6 (length 29996)
prokka_FOM_9/FOM_9:Prokka:FOM_9_7 (length 130319)
prokka_FOM_9/FOM_9:Prokka:FOM_9_8 (length 25920)
prokka_FOM_9/FOM_9:Prokka:FOM_9_9 (length 182324)
prokka_FOM_9/FOM_9:Prokka:FOM_9_10 (length 133683)
prokka_FOM_9/FOM_9:Prokka:FOM_9_11 (length 16121)
prokka_FOM_9/FOM_9:Prokka:FOM_9_12 (length 43622)
prokka_FOM_9/FOM_9:Prokka:FOM_9_13 (length 32150)
prokka_FOM_9/FOM_9:Prokka:FOM_9_14 (length 114557)
prokka_FOM_9/FOM_9:Prokka:FOM_9_15 (length 117942)
prokka_FOM_9/FOM_9:Prokka:FOM_9_16 (length 208526)
prokka_FOM_9/FOM_9:Prokka:FOM_9_17 (length 30675)
prokka_FOM_9/FOM_9:Prokka:FOM_9_18 (length 104269)
prokka_FOM_9/FOM_9:Prokka:FOM_9_19 (length 82304)
prokka_FOM_9/FOM_9:Prokka:FOM_9_20 (length 42024)
prokka_FOM_9/FOM_9:Prokka:FOM_9_21 (length 21757)
prokka_FOM_9/FOM_9:Prokka:FOM_9_22 (length 42950)
prokka_FOM_9/FOM_9:Prokka:FOM_9_23 (length 31172)
prokka_FOM_9/FOM_9:Prokka:FOM_9_24 (length 133574)
prokka_FOM_9/FOM_9:Prokka:FOM_9_25 (length 24247)
prokka_FOM_9/FOM_9:Prokka:FOM_9_26 (length 40832)
prokka_FOM_9/FOM_9:Prokka:FOM_9_27 (length 85931)
prokka_FOM_9/FOM_9:Prokka:FOM_9_28 (length 91605)
prokka_FOM_9/FOM_9:Prokka:FOM_9_29 (length 22481)
prokka_FOM_9/FOM_9:Prokka:FOM_9_30 (length 198065)
prokka_FOM_9/FOM_9:Prokka:FOM_9_31 (length 25910)
prokka_FOM_9/FOM_9:Prokka:FOM_9_32 (length 36908)
prokka_FOM_9/FOM_9:Prokka:FOM_9_33 (length 19275)
prokka_FOM_9/FOM_9:Prokka:FOM_9_34 (length 54027)

DiscRep_ALL:OVERLAPPING_GENES::466 genes overlap another gene on the same strand.
prokka_FOM_9/FOM_9:Gene	FOM_9_00003	FOM_9_1:c4186-2099	FOM_9_00003
prokka_FOM_9/FOM_9:Gene	FOM_9_00004	FOM_9_1:c5213-4137	FOM_9_00004
prokka_FOM_9/FOM_9:Gene	FOM_9_00010	FOM_9_1:c13969-13661	FOM_9_00010
prokka_FOM_9/FOM_9:Gene	FOM_9_00011	FOM_9_1:c14255-13953	FOM_9_00011
prokka_FOM_9/FOM_9:Gene	FOM_9_00012	FOM_9_1:c15424-14846	FOM_9_00012
prokka_FOM_9/FOM_9:Gene	FOM_9_00013	FOM_9_1:c15995-15408	FOM_9_00013
prokka_FOM_9/FOM_9:Gene	FOM_9_00016	FOM_9_1:c18004-17762	FOM_9_00016
prokka_FOM_9/FOM_9:Gene	FOM_9_00017	FOM_9_1:c19956-18004	FOM_9_00017
prokka_FOM_9/FOM_9:Gene	FOM_9_00024	FOM_9_1:c29223-25894	FOM_9_00024
prokka_FOM_9/FOM_9:Gene	clpE_1	FOM_9_1:c31109-29223	FOM_9_00025
prokka_FOM_9/FOM_9:Gene	FOM_9_00026	FOM_9_1:c31693-31106	FOM_9_00026
prokka_FOM_9/FOM_9:Gene	FOM_9_00027	FOM_9_1:c33576-31693	FOM_9_00027
prokka_FOM_9/FOM_9:Gene	FOM_9_00032	FOM_9_1:35140-35586	FOM_9_00032
prokka_FOM_9/FOM_9:Gene	FOM_9_00033	FOM_9_1:35576-35770	FOM_9_00033
prokka_FOM_9/FOM_9:Gene	menD	FOM_9_3:8530-10209	FOM_9_00057
prokka_FOM_9/FOM_9:Gene	menH_1	FOM_9_3:10202-11002	FOM_9_00058
prokka_FOM_9/FOM_9:Gene	FOM_9_00069	FOM_9_3:21636-24476	FOM_9_00069
prokka_FOM_9/FOM_9:Gene	FOM_9_00070	FOM_9_3:24436-32421	FOM_9_00070
prokka_FOM_9/FOM_9:Gene	ybeY	FOM_9_4:26359-26841	FOM_9_00100
prokka_FOM_9/FOM_9:Gene	dgkA	FOM_9_4:26825-27253	FOM_9_00101
prokka_FOM_9/FOM_9:Gene	btuD_1	FOM_9_4:42172-43068	FOM_9_00116
prokka_FOM_9/FOM_9:Gene	yhaP	FOM_9_4:43068-44309	FOM_9_00117
prokka_FOM_9/FOM_9:Gene	soj	FOM_9_5:4216-4986	FOM_9_00136
prokka_FOM_9/FOM_9:Gene	spo0J	FOM_9_5:4973-5881	FOM_9_00137
prokka_FOM_9/FOM_9:Gene	FOM_9_00163	FOM_9_5:26215-27096	FOM_9_00163
prokka_FOM_9/FOM_9:Gene	FOM_9_00164	FOM_9_5:27093-27566	FOM_9_00164
prokka_FOM_9/FOM_9:Gene	FOM_9_00167	FOM_9_5:30278-31231	FOM_9_00167
prokka_FOM_9/FOM_9:Gene	znuC_1	FOM_9_5:31231-31926	FOM_9_00168
prokka_FOM_9/FOM_9:Gene	znuB	FOM_9_5:31919-32701	FOM_9_00169
prokka_FOM_9/FOM_9:Gene	xylB_1	FOM_9_5:43963-45630	FOM_9_00177
prokka_FOM_9/FOM_9:Gene	araD	FOM_9_5:45599-46312	FOM_9_00178
prokka_FOM_9/FOM_9:Gene	FOM_9_00192	FOM_9_5:59110-59985	FOM_9_00192
prokka_FOM_9/FOM_9:Gene	FOM_9_00193	FOM_9_5:59978-60124	FOM_9_00193
prokka_FOM_9/FOM_9:Gene	FOM_9_00194	FOM_9_5:60124-61434	FOM_9_00194
prokka_FOM_9/FOM_9:Gene	FOM_9_00195	FOM_9_5:61445-62572	FOM_9_00195
prokka_FOM_9/FOM_9:Gene	mnaA	FOM_9_5:62565-63668	FOM_9_00196
prokka_FOM_9/FOM_9:Gene	FOM_9_00205	FOM_9_5:73145-74680	FOM_9_00205
prokka_FOM_9/FOM_9:Gene	FOM_9_00206	FOM_9_5:74677-75663	FOM_9_00206
prokka_FOM_9/FOM_9:Gene	FOM_9_00249	FOM_9_6:c25483-24572	FOM_9_00249
prokka_FOM_9/FOM_9:Gene	FOM_9_00250	FOM_9_6:c25785-25480	FOM_9_00250
prokka_FOM_9/FOM_9:Gene	FOM_9_00251	FOM_9_6:c26235-25864	FOM_9_00251
prokka_FOM_9/FOM_9:Gene	FOM_9_00252	FOM_9_6:c26596-26228	FOM_9_00252
prokka_FOM_9/FOM_9:Gene	FOM_9_00255	FOM_9_6:c27970-27839	FOM_9_00255
prokka_FOM_9/FOM_9:Gene	FOM_9_00256	FOM_9_6:c28625-27963	FOM_9_00256
prokka_FOM_9/FOM_9:Gene	FOM_9_00271	FOM_9_7:c8356-7460	FOM_9_00271
prokka_FOM_9/FOM_9:Gene	mrnC	FOM_9_7:c8765-8337	FOM_9_00272
prokka_FOM_9/FOM_9:Gene	apbE	FOM_9_7:c26073-25129	FOM_9_00285
prokka_FOM_9/FOM_9:Gene	FOM_9_00286	FOM_9_7:c26921-26070	FOM_9_00286
prokka_FOM_9/FOM_9:Gene	metN	FOM_9_7:31786-32835	FOM_9_00291
prokka_FOM_9/FOM_9:Gene	FOM_9_00292	FOM_9_7:32835-33530	FOM_9_00292
prokka_FOM_9/FOM_9:Gene	qmcA	FOM_9_7:c34496-33597	FOM_9_00293
prokka_FOM_9/FOM_9:Gene	FOM_9_00294	FOM_9_7:c34692-34483	FOM_9_00294
prokka_FOM_9/FOM_9:Gene	FOM_9_00295	FOM_9_7:c34897-34682	FOM_9_00295
prokka_FOM_9/FOM_9:Gene	adk	FOM_9_7:c38482-37913	FOM_9_00302
prokka_FOM_9/FOM_9:Gene	secY	FOM_9_7:c39786-38479	FOM_9_00303
prokka_FOM_9/FOM_9:Gene	rplO	FOM_9_7:c40220-39786	FOM_9_00304
prokka_FOM_9/FOM_9:Gene	rpmC	FOM_9_7:c44255-44049	FOM_9_00314
prokka_FOM_9/FOM_9:Gene	rplP	FOM_9_7:c44674-44255	FOM_9_00315
prokka_FOM_9/FOM_9:Gene	rplW	FOM_9_7:c47196-46909	FOM_9_00320
prokka_FOM_9/FOM_9:Gene	rplD	FOM_9_7:c47819-47196	FOM_9_00321
prokka_FOM_9/FOM_9:Gene	FOM_9_00326	FOM_9_7:c51914-51468	FOM_9_00326
prokka_FOM_9/FOM_9:Gene	mshD	FOM_9_7:c52443-51892	FOM_9_00327
prokka_FOM_9/FOM_9:Gene	rsmI	FOM_9_7:c55960-55085	FOM_9_00331
prokka_FOM_9/FOM_9:Gene	FOM_9_00332	FOM_9_7:c56967-55957	FOM_9_00332
prokka_FOM_9/FOM_9:Gene	FOM_9_00336	FOM_9_7:c58559-58299	FOM_9_00336
prokka_FOM_9/FOM_9:Gene	recR	FOM_9_7:c59158-58559	FOM_9_00337
prokka_FOM_9/FOM_9:Gene	tadA_1	FOM_9_7:c62142-61597	FOM_9_00340
prokka_FOM_9/FOM_9:Gene	rsmC	FOM_9_7:c62740-62123	FOM_9_00341
prokka_FOM_9/FOM_9:Gene	rlmA	FOM_9_7:c73545-72697	FOM_9_00353
prokka_FOM_9/FOM_9:Gene	fadR	FOM_9_7:c74125-73532	FOM_9_00354
prokka_FOM_9/FOM_9:Gene	atpH_1	FOM_9_7:c98457-97915	FOM_9_00377
prokka_FOM_9/FOM_9:Gene	atpF	FOM_9_7:c98972-98457	FOM_9_00378
prokka_FOM_9/FOM_9:Gene	lacM	FOM_9_9:c13068-12118	FOM_9_00439
prokka_FOM_9/FOM_9:Gene	lacL	FOM_9_9:c14944-13049	FOM_9_00440
prokka_FOM_9/FOM_9:Gene	FOM_9_00465	FOM_9_9:c38884-38087	FOM_9_00465
prokka_FOM_9/FOM_9:Gene	trmK	FOM_9_9:c39573-38881	FOM_9_00466
prokka_FOM_9/FOM_9:Gene	deaD_1	FOM_9_9:c61421-59979	FOM_9_00488
prokka_FOM_9/FOM_9:Gene	FOM_9_00489	FOM_9_9:c62466-61414	FOM_9_00489
prokka_FOM_9/FOM_9:Gene	scpB	FOM_9_9:c66069-65434	FOM_9_00494
prokka_FOM_9/FOM_9:Gene	scpA	FOM_9_9:c66841-66059	FOM_9_00495
prokka_FOM_9/FOM_9:Gene	ribT	FOM_9_9:c67205-66834	FOM_9_00496
prokka_FOM_9/FOM_9:Gene	dtd	FOM_9_9:c71678-71232	FOM_9_00502
prokka_FOM_9/FOM_9:Gene	relA	FOM_9_9:c73912-71678	FOM_9_00503
prokka_FOM_9/FOM_9:Gene	FOM_9_00529	FOM_9_9:c98219-97260	FOM_9_00529
prokka_FOM_9/FOM_9:Gene	FOM_9_00530	FOM_9_9:c99709-98171	FOM_9_00530
prokka_FOM_9/FOM_9:Gene	FOM_9_00531	FOM_9_9:c100833-99706	FOM_9_00531
prokka_FOM_9/FOM_9:Gene	FOM_9_00532	FOM_9_9:c101793-100837	FOM_9_00532
prokka_FOM_9/FOM_9:Gene	cpsY	FOM_9_9:c102775-101765	FOM_9_00533
prokka_FOM_9/FOM_9:Gene	epsD	FOM_9_9:c103929-102772	FOM_9_00534
prokka_FOM_9/FOM_9:Gene	pglC	FOM_9_9:c104555-103962	FOM_9_00535
prokka_FOM_9/FOM_9:Gene	ywqD	FOM_9_9:c105274-104552	FOM_9_00536
prokka_FOM_9/FOM_9:Gene	FOM_9_00543	FOM_9_9:c110974-110678	FOM_9_00543
prokka_FOM_9/FOM_9:Gene	yfiC	FOM_9_9:c111728-110967	FOM_9_00544
prokka_FOM_9/FOM_9:Gene	FOM_9_00564	FOM_9_9:c132680-132042	FOM_9_00564
prokka_FOM_9/FOM_9:Gene	FOM_9_00565	FOM_9_9:c133126-132680	FOM_9_00565
prokka_FOM_9/FOM_9:Gene	tarJ	FOM_9_9:c164424-163399	FOM_9_00592
prokka_FOM_9/FOM_9:Gene	tarI	FOM_9_9:c165124-164414	FOM_9_00593
prokka_FOM_9/FOM_9:Gene	FOM_9_00606	FOM_9_9:c179622-179320	FOM_9_00606
prokka_FOM_9/FOM_9:Gene	FOM_9_00607	FOM_9_9:c180281-179568	FOM_9_00607
prokka_FOM_9/FOM_9:Gene	prfC	FOM_9_10:15625-17196	FOM_9_00613
prokka_FOM_9/FOM_9:Gene	FOM_9_00614	FOM_9_10:17193-17402	FOM_9_00614
prokka_FOM_9/FOM_9:Gene	FOM_9_00643	FOM_9_10:50406-50537	FOM_9_00643
prokka_FOM_9/FOM_9:Gene	FOM_9_00644	FOM_9_10:50531-50737	FOM_9_00644
prokka_FOM_9/FOM_9:Gene	FOM_9_00658	FOM_9_10:68590-69117	FOM_9_00658
prokka_FOM_9/FOM_9:Gene	yqeH	FOM_9_10:69077-70252	FOM_9_00659
prokka_FOM_9/FOM_9:Gene	nadD	FOM_9_10:70596-71261	FOM_9_00661
prokka_FOM_9/FOM_9:Gene	FOM_9_00662	FOM_9_10:71236-71823	FOM_9_00662
prokka_FOM_9/FOM_9:Gene	rsfS	FOM_9_10:71823-72194	FOM_9_00663
prokka_FOM_9/FOM_9:Gene	FOM_9_00664	FOM_9_10:72194-72940	FOM_9_00664
prokka_FOM_9/FOM_9:Gene	FOM_9_00675	FOM_9_10:c89138-88896	FOM_9_00675
prokka_FOM_9/FOM_9:Gene	FOM_9_00676	FOM_9_10:c90726-89077	FOM_9_00676
prokka_FOM_9/FOM_9:Gene	folD	FOM_9_10:122139-123029	FOM_9_00698
prokka_FOM_9/FOM_9:Gene	xseA	FOM_9_10:123014-124279	FOM_9_00699
prokka_FOM_9/FOM_9:Gene	xseB	FOM_9_10:124279-124497	FOM_9_00700
prokka_FOM_9/FOM_9:Gene	tlyA	FOM_9_10:125363-126211	FOM_9_00702
prokka_FOM_9/FOM_9:Gene	argR_1	FOM_9_10:126198-126647	FOM_9_00703
prokka_FOM_9/FOM_9:Gene	gmk_1	FOM_9_10:130035-130652	FOM_9_00706
prokka_FOM_9/FOM_9:Gene	rpoZ	FOM_9_10:130649-130864	FOM_9_00707
prokka_FOM_9/FOM_9:Gene	glnM	FOM_9_11:c3725-3081	FOM_9_00714
prokka_FOM_9/FOM_9:Gene	glnH	FOM_9_11:c4570-3725	FOM_9_00715
prokka_FOM_9/FOM_9:Gene	FOM_9_00717	FOM_9_11:c6275-5478	FOM_9_00717
prokka_FOM_9/FOM_9:Gene	FOM_9_00718	FOM_9_11:c6766-6275	FOM_9_00718
prokka_FOM_9/FOM_9:Gene	bioY2	FOM_9_11:c7966-7433	FOM_9_00720
prokka_FOM_9/FOM_9:Gene	birA	FOM_9_11:c8712-7963	FOM_9_00721
prokka_FOM_9/FOM_9:Gene	FOM_9_00740	FOM_9_12:c11006-10002	FOM_9_00740
prokka_FOM_9/FOM_9:Gene	yvcJ	FOM_9_12:c11896-11003	FOM_9_00741
prokka_FOM_9/FOM_9:Gene	pbpX	FOM_9_12:c29592-29038	FOM_9_00757
prokka_FOM_9/FOM_9:Gene	FOM_9_00758	FOM_9_12:c30146-29592	FOM_9_00758
prokka_FOM_9/FOM_9:Gene	ecfT	FOM_9_12:c34749-33949	FOM_9_00764
prokka_FOM_9/FOM_9:Gene	ecfA2	FOM_9_12:c35605-34739	FOM_9_00765
prokka_FOM_9/FOM_9:Gene	ecfA1	FOM_9_12:c36423-35581	FOM_9_00766
prokka_FOM_9/FOM_9:Gene	mntA	FOM_9_12:c40102-39158	FOM_9_00769
prokka_FOM_9/FOM_9:Gene	mntB_1	FOM_9_12:c40949-40095	FOM_9_00770
prokka_FOM_9/FOM_9:Gene	scaC	FOM_9_12:c41683-40946	FOM_9_00771
prokka_FOM_9/FOM_9:Gene	FOM_9_00774	FOM_9_13:37-255	FOM_9_00774
prokka_FOM_9/FOM_9:Gene	FOM_9_00775	FOM_9_13:242-664	FOM_9_00775
prokka_FOM_9/FOM_9:Gene	FOM_9_00776	FOM_9_13:703-1212	FOM_9_00776
prokka_FOM_9/FOM_9:Gene	FOM_9_00777	FOM_9_13:1184-1591	FOM_9_00777
prokka_FOM_9/FOM_9:Gene	FOM_9_00781	FOM_9_13:3625-3975	FOM_9_00781
prokka_FOM_9/FOM_9:Gene	FOM_9_00782	FOM_9_13:3972-5105	FOM_9_00782
prokka_FOM_9/FOM_9:Gene	FOM_9_00797	FOM_9_13:21744-22436	FOM_9_00797
prokka_FOM_9/FOM_9:Gene	FOM_9_00798	FOM_9_13:22399-22911	FOM_9_00798
prokka_FOM_9/FOM_9:Gene	thiN	FOM_9_14:c11024-10359	FOM_9_00812
prokka_FOM_9/FOM_9:Gene	rpe	FOM_9_14:c11683-11024	FOM_9_00813
prokka_FOM_9/FOM_9:Gene	rsmB	FOM_9_14:c16765-15392	FOM_9_00817
prokka_FOM_9/FOM_9:Gene	fmt	FOM_9_14:c17711-16749	FOM_9_00818
prokka_FOM_9/FOM_9:Gene	FOM_9_00822	FOM_9_14:c23057-22773	FOM_9_00822
prokka_FOM_9/FOM_9:Gene	FOM_9_00823	FOM_9_14:c23479-23054	FOM_9_00823
prokka_FOM_9/FOM_9:Gene	FOM_9_00824	FOM_9_14:c23652-23452	FOM_9_00824
prokka_FOM_9/FOM_9:Gene	FOM_9_00825	FOM_9_14:c24031-23636	FOM_9_00825
prokka_FOM_9/FOM_9:Gene	FOM_9_00826	FOM_9_14:c24332-24021	FOM_9_00826
prokka_FOM_9/FOM_9:Gene	epsF_2	FOM_9_14:c25324-24326	FOM_9_00827
prokka_FOM_9/FOM_9:Gene	FOM_9_00828	FOM_9_14:c25724-25287	FOM_9_00828
prokka_FOM_9/FOM_9:Gene	comGA	FOM_9_14:c26215-25721	FOM_9_00829
prokka_FOM_9/FOM_9:Gene	recD2_1	FOM_9_14:c31422-28873	FOM_9_00832
prokka_FOM_9/FOM_9:Gene	FOM_9_00833	FOM_9_14:c32071-31406	FOM_9_00833
prokka_FOM_9/FOM_9:Gene	rsmE	FOM_9_14:c51386-50640	FOM_9_00851
prokka_FOM_9/FOM_9:Gene	prmA	FOM_9_14:c52342-51386	FOM_9_00852
prokka_FOM_9/FOM_9:Gene	pgaC	FOM_9_14:c57692-56436	FOM_9_00856
prokka_FOM_9/FOM_9:Gene	npr_1	FOM_9_14:c59059-57689	FOM_9_00857
prokka_FOM_9/FOM_9:Gene	FOM_9_00858	FOM_9_14:c59781-59083	FOM_9_00858
prokka_FOM_9/FOM_9:Gene	FOM_9_00859	FOM_9_14:c60250-59771	FOM_9_00859
prokka_FOM_9/FOM_9:Gene	fhs1	FOM_9_14:c62033-60372	FOM_9_00860
prokka_FOM_9/FOM_9:Gene	purD	FOM_9_14:c63300-62017	FOM_9_00861
prokka_FOM_9/FOM_9:Gene	purH	FOM_9_14:c64841-63312	FOM_9_00862
prokka_FOM_9/FOM_9:Gene	purN	FOM_9_14:c65431-64838	FOM_9_00863
prokka_FOM_9/FOM_9:Gene	purM	FOM_9_14:c66462-65422	FOM_9_00864
prokka_FOM_9/FOM_9:Gene	purF	FOM_9_14:c68009-66474	FOM_9_00865
prokka_FOM_9/FOM_9:Gene	purL	FOM_9_14:c70216-67994	FOM_9_00866
prokka_FOM_9/FOM_9:Gene	purQ	FOM_9_14:c70896-70213	FOM_9_00867
prokka_FOM_9/FOM_9:Gene	purC	FOM_9_14:c71883-71158	FOM_9_00869
prokka_FOM_9/FOM_9:Gene	purK_1	FOM_9_14:c72998-71880	FOM_9_00870
prokka_FOM_9/FOM_9:Gene	purE	FOM_9_14:c73479-72991	FOM_9_00871
prokka_FOM_9/FOM_9:Gene	crcB_1	FOM_9_14:c86268-85906	FOM_9_00885
prokka_FOM_9/FOM_9:Gene	crcB_2	FOM_9_14:c86645-86265	FOM_9_00886
prokka_FOM_9/FOM_9:Gene	clcA	FOM_9_14:c88183-86645	FOM_9_00887
prokka_FOM_9/FOM_9:Gene	cmpD	FOM_9_14:c89155-88385	FOM_9_00888
prokka_FOM_9/FOM_9:Gene	FOM_9_00889	FOM_9_14:c90050-89148	FOM_9_00889
prokka_FOM_9/FOM_9:Gene	FOM_9_00909	FOM_9_14:c106593-104836	FOM_9_00909
prokka_FOM_9/FOM_9:Gene	cydD	FOM_9_14:c108319-106586	FOM_9_00910
prokka_FOM_9/FOM_9:Gene	oppD_1	FOM_9_15:2425-3528	FOM_9_00922
prokka_FOM_9/FOM_9:Gene	oppF_1	FOM_9_15:3528-4481	FOM_9_00923
prokka_FOM_9/FOM_9:Gene	FOM_9_00930	FOM_9_15:12749-13924	FOM_9_00930
prokka_FOM_9/FOM_9:Gene	FOM_9_00931	FOM_9_15:13905-15098	FOM_9_00931
prokka_FOM_9/FOM_9:Gene	FOM_9_00932	FOM_9_15:15100-15387	FOM_9_00932
prokka_FOM_9/FOM_9:Gene	FOM_9_00933	FOM_9_15:15374-15679	FOM_9_00933
prokka_FOM_9/FOM_9:Gene	FOM_9_00988	FOM_9_15:c73560-73141	FOM_9_00988
prokka_FOM_9/FOM_9:Gene	FOM_9_00989	FOM_9_15:c73792-73553	FOM_9_00989
prokka_FOM_9/FOM_9:Gene	FOM_9_01007	FOM_9_15:91562-91888	FOM_9_01007
prokka_FOM_9/FOM_9:Gene	gdnD_1	FOM_9_15:91888-92211	FOM_9_01008
prokka_FOM_9/FOM_9:Gene	ribD	FOM_9_15:92673-93698	FOM_9_01009
prokka_FOM_9/FOM_9:Gene	ribE	FOM_9_15:93698-94285	FOM_9_01010
prokka_FOM_9/FOM_9:Gene	FOM_9_01024	FOM_9_15:106457-106882	FOM_9_01024
prokka_FOM_9/FOM_9:Gene	ybiV_2	FOM_9_15:106879-107724	FOM_9_01025
prokka_FOM_9/FOM_9:Gene	FOM_9_01032	FOM_9_16:c3011-2757	FOM_9_01032
prokka_FOM_9/FOM_9:Gene	FOM_9_01033	FOM_9_16:c4027-3008	FOM_9_01033
prokka_FOM_9/FOM_9:Gene	cpoA	FOM_9_16:c5060-4032	FOM_9_01034
prokka_FOM_9/FOM_9:Gene	FOM_9_01035	FOM_9_16:c6304-5057	FOM_9_01035
prokka_FOM_9/FOM_9:Gene	carB_1	FOM_9_16:c11992-8813	FOM_9_01039
prokka_FOM_9/FOM_9:Gene	carA_1	FOM_9_16:c13067-11985	FOM_9_01040
prokka_FOM_9/FOM_9:Gene	pyrC	FOM_9_16:c14353-13064	FOM_9_01041
prokka_FOM_9/FOM_9:Gene	pyrB	FOM_9_16:c15255-14350	FOM_9_01042
prokka_FOM_9/FOM_9:Gene	FOM_9_01047	FOM_9_16:c20854-19877	FOM_9_01047
prokka_FOM_9/FOM_9:Gene	dacA_2	FOM_9_16:c21687-20854	FOM_9_01048
prokka_FOM_9/FOM_9:Gene	FOM_9_01057	FOM_9_16:28917-29243	FOM_9_01057
prokka_FOM_9/FOM_9:Gene	gdnD_2	FOM_9_16:29243-29557	FOM_9_01058
prokka_FOM_9/FOM_9:Gene	glnQ_3	FOM_9_16:c30335-29598	FOM_9_01059
prokka_FOM_9/FOM_9:Gene	mltF_2	FOM_9_16:c31780-30335	FOM_9_01060
prokka_FOM_9/FOM_9:Gene	ribZ_2	FOM_9_16:c33286-31871	FOM_9_01061
prokka_FOM_9/FOM_9:Gene	FOM_9_01062	FOM_9_16:c34083-33283	FOM_9_01062
prokka_FOM_9/FOM_9:Gene	potD	FOM_9_16:c64529-63444	FOM_9_01088
prokka_FOM_9/FOM_9:Gene	ydcV	FOM_9_16:c65359-64529	FOM_9_01089
prokka_FOM_9/FOM_9:Gene	potB	FOM_9_16:c66170-65352	FOM_9_01090
prokka_FOM_9/FOM_9:Gene	potA	FOM_9_16:c67278-66160	FOM_9_01091
prokka_FOM_9/FOM_9:Gene	oppF_2	FOM_9_16:c74211-73366	FOM_9_01096
prokka_FOM_9/FOM_9:Gene	oppD_2	FOM_9_16:c75091-74201	FOM_9_01097
prokka_FOM_9/FOM_9:Gene	gsiD	FOM_9_16:c75917-75084	FOM_9_01098
prokka_FOM_9/FOM_9:Gene	FOM_9_01101	FOM_9_16:c79972-78749	FOM_9_01101
prokka_FOM_9/FOM_9:Gene	metI	FOM_9_16:c81084-79969	FOM_9_01102
prokka_FOM_9/FOM_9:Gene	metAA	FOM_9_16:c81868-81077	FOM_9_01103
prokka_FOM_9/FOM_9:Gene	nusB	FOM_9_16:c87197-86775	FOM_9_01109
prokka_FOM_9/FOM_9:Gene	FOM_9_01110	FOM_9_16:c87634-87197	FOM_9_01110
prokka_FOM_9/FOM_9:Gene	yxeN	FOM_9_16:c110609-110061	FOM_9_01128
prokka_FOM_9/FOM_9:Gene	FOM_9_01129	FOM_9_16:c110727-110590	FOM_9_01129
prokka_FOM_9/FOM_9:Gene	yxeM	FOM_9_16:c111506-110727	FOM_9_01130
prokka_FOM_9/FOM_9:Gene	purB_1	FOM_9_16:c112713-112312	FOM_9_01132
prokka_FOM_9/FOM_9:Gene	FOM_9_01133	FOM_9_16:c112846-112679	FOM_9_01133
prokka_FOM_9/FOM_9:Gene	FOM_9_01142	FOM_9_16:c120371-119376	FOM_9_01142
prokka_FOM_9/FOM_9:Gene	FOM_9_01143	FOM_9_16:c121705-120368	FOM_9_01143
prokka_FOM_9/FOM_9:Gene	rmpB	FOM_9_16:c141349-140807	FOM_9_01164
prokka_FOM_9/FOM_9:Gene	hxlA	FOM_9_16:c141969-141349	FOM_9_01165
prokka_FOM_9/FOM_9:Gene	kdgK_1	FOM_9_16:c142934-141969	FOM_9_01166
prokka_FOM_9/FOM_9:Gene	ssuB	FOM_9_16:c153334-152621	FOM_9_01176
prokka_FOM_9/FOM_9:Gene	ssuC	FOM_9_16:c154122-153334	FOM_9_01177
prokka_FOM_9/FOM_9:Gene	folP	FOM_9_16:c155249-154416	FOM_9_01178
prokka_FOM_9/FOM_9:Gene	fpgS_2	FOM_9_16:c156459-155212	FOM_9_01179
prokka_FOM_9/FOM_9:Gene	folE	FOM_9_16:c157005-156460	FOM_9_01180
prokka_FOM_9/FOM_9:Gene	folK	FOM_9_16:c157489-156992	FOM_9_01181
prokka_FOM_9/FOM_9:Gene	uxuA	FOM_9_16:c168027-166906	FOM_9_01193
prokka_FOM_9/FOM_9:Gene	por	FOM_9_16:c169678-168020	FOM_9_01194
prokka_FOM_9/FOM_9:Gene	FOM_9_01221	FOM_9_16:c197119-196106	FOM_9_01221
prokka_FOM_9/FOM_9:Gene	asp2	FOM_9_16:c198858-197116	FOM_9_01222
prokka_FOM_9/FOM_9:Gene	asp1	FOM_9_16:c200366-198858	FOM_9_01223
prokka_FOM_9/FOM_9:Gene	FOM_9_01224	FOM_9_16:c200772-200368	FOM_9_01224
prokka_FOM_9/FOM_9:Gene	gtf3	FOM_9_16:c201782-200769	FOM_9_01225
prokka_FOM_9/FOM_9:Gene	FOM_9_01226	FOM_9_16:c203024-201816	FOM_9_01226
prokka_FOM_9/FOM_9:Gene	gtfA_2	FOM_9_16:c204571-203021	FOM_9_01227
prokka_FOM_9/FOM_9:Gene	FOM_9_01228	FOM_9_16:c205223-204573	FOM_9_01228
prokka_FOM_9/FOM_9:Gene	tagE	FOM_9_16:c206704-205220	FOM_9_01229
prokka_FOM_9/FOM_9:Gene	FOM_9_01254	FOM_9_17:24674-25705	FOM_9_01254
prokka_FOM_9/FOM_9:Gene	FOM_9_01255	FOM_9_17:25705-26232	FOM_9_01255
prokka_FOM_9/FOM_9:Gene	argG	FOM_9_18:3530-4753	FOM_9_01263
prokka_FOM_9/FOM_9:Gene	argH	FOM_9_18:4746-6125	FOM_9_01264
prokka_FOM_9/FOM_9:Gene	argB	FOM_9_18:8340-9053	FOM_9_01267
prokka_FOM_9/FOM_9:Gene	argD	FOM_9_18:9050-10180	FOM_9_01268
prokka_FOM_9/FOM_9:Gene	carA_2	FOM_9_18:11354-12424	FOM_9_01270
prokka_FOM_9/FOM_9:Gene	carB_2	FOM_9_18:12421-15498	FOM_9_01271
prokka_FOM_9/FOM_9:Gene	FOM_9_01275	FOM_9_18:18250-19143	FOM_9_01275
prokka_FOM_9/FOM_9:Gene	FOM_9_01276	FOM_9_18:19133-20740	FOM_9_01276
prokka_FOM_9/FOM_9:Gene	FOM_9_01277	FOM_9_18:21069-21458	FOM_9_01277
prokka_FOM_9/FOM_9:Gene	actIII	FOM_9_18:21451-22170	FOM_9_01278
prokka_FOM_9/FOM_9:Gene	FOM_9_01284	FOM_9_18:29025-30161	FOM_9_01284
prokka_FOM_9/FOM_9:Gene	FOM_9_01285	FOM_9_18:30154-30774	FOM_9_01285
prokka_FOM_9/FOM_9:Gene	fetA	FOM_9_18:36135-36794	FOM_9_01292
prokka_FOM_9/FOM_9:Gene	fetB	FOM_9_18:36778-37551	FOM_9_01293
prokka_FOM_9/FOM_9:Gene	ytrB	FOM_9_18:38031-38741	FOM_9_01295
prokka_FOM_9/FOM_9:Gene	FOM_9_01296	FOM_9_18:38738-39496	FOM_9_01296
prokka_FOM_9/FOM_9:Gene	mprF	FOM_9_18:c47760-45250	FOM_9_01304
prokka_FOM_9/FOM_9:Gene	menH_2	FOM_9_18:c48473-47757	FOM_9_01305
prokka_FOM_9/FOM_9:Gene	FOM_9_01332	FOM_9_18:c73029-72643	FOM_9_01332
prokka_FOM_9/FOM_9:Gene	dinB_1	FOM_9_18:c74323-73007	FOM_9_01333
prokka_FOM_9/FOM_9:Gene	FOM_9_01334	FOM_9_18:c76346-74493	FOM_9_01334
prokka_FOM_9/FOM_9:Gene	nnr	FOM_9_18:c77011-76346	FOM_9_01335
prokka_FOM_9/FOM_9:Gene	tcrA	FOM_9_18:101830-102525	FOM_9_01361
prokka_FOM_9/FOM_9:Gene	sasA_1	FOM_9_18:102525-103763	FOM_9_01362
prokka_FOM_9/FOM_9:Gene	ptcA_1	FOM_9_19:1886-2212	FOM_9_01366
prokka_FOM_9/FOM_9:Gene	bglA_2	FOM_9_19:2212-3654	FOM_9_01367
prokka_FOM_9/FOM_9:Gene	yheI	FOM_9_19:22034-23791	FOM_9_01383
prokka_FOM_9/FOM_9:Gene	yheH	FOM_9_19:23784-25574	FOM_9_01384
prokka_FOM_9/FOM_9:Gene	pucK	FOM_9_19:31288-32610	FOM_9_01390
prokka_FOM_9/FOM_9:Gene	xpt	FOM_9_19:32607-33197	FOM_9_01391
prokka_FOM_9/FOM_9:Gene	gtfA_3	FOM_9_19:45103-46716	FOM_9_01401
prokka_FOM_9/FOM_9:Gene	gtfA_4	FOM_9_19:46716-48230	FOM_9_01402
prokka_FOM_9/FOM_9:Gene	FOM_9_01423	FOM_9_19:73543-73926	FOM_9_01423
prokka_FOM_9/FOM_9:Gene	FOM_9_01424	FOM_9_19:73916-74374	FOM_9_01424
prokka_FOM_9/FOM_9:Gene	FOM_9_01436	FOM_9_20:c6854-6006	FOM_9_01436
prokka_FOM_9/FOM_9:Gene	FOM_9_01437	FOM_9_20:c7977-6838	FOM_9_01437
prokka_FOM_9/FOM_9:Gene	dltD	FOM_9_20:c10366-9113	FOM_9_01439
prokka_FOM_9/FOM_9:Gene	dltC	FOM_9_20:c10598-10359	FOM_9_01440
prokka_FOM_9/FOM_9:Gene	FOM_9_01441	FOM_9_20:c11846-10620	FOM_9_01441
prokka_FOM_9/FOM_9:Gene	dltA	FOM_9_20:c13384-11843	FOM_9_01442
prokka_FOM_9/FOM_9:Gene	FOM_9_01462	FOM_9_20:c37722-36910	FOM_9_01462
prokka_FOM_9/FOM_9:Gene	FOM_9_01463	FOM_9_20:c39047-37722	FOM_9_01463
prokka_FOM_9/FOM_9:Gene	walK	FOM_9_20:c40929-39040	FOM_9_01464
prokka_FOM_9/FOM_9:Gene	FOM_9_01484	FOM_9_21:c21352-20657	FOM_9_01484
prokka_FOM_9/FOM_9:Gene	FOM_9_01485	FOM_9_21:c21753-21334	FOM_9_01485
prokka_FOM_9/FOM_9:Gene	FOM_9_01539	FOM_9_23:c9012-6364	FOM_9_01539
prokka_FOM_9/FOM_9:Gene	FOM_9_01540	FOM_9_23:c10915-9005	FOM_9_01540
prokka_FOM_9/FOM_9:Gene	FOM_9_01548	FOM_9_23:c19159-16895	FOM_9_01548
prokka_FOM_9/FOM_9:Gene	FOM_9_01549	FOM_9_23:c19836-19159	FOM_9_01549
prokka_FOM_9/FOM_9:Gene	cshB	FOM_9_23:c26937-25579	FOM_9_01556
prokka_FOM_9/FOM_9:Gene	nrnA	FOM_9_23:c27887-26937	FOM_9_01557
prokka_FOM_9/FOM_9:Gene	nadK	FOM_9_24:6955-7770	FOM_9_01576
prokka_FOM_9/FOM_9:Gene	FOM_9_01577	FOM_9_24:7770-8681	FOM_9_01577
prokka_FOM_9/FOM_9:Gene	FOM_9_01584	FOM_9_24:15923-16198	FOM_9_01584
prokka_FOM_9/FOM_9:Gene	FOM_9_01585	FOM_9_24:16195-16476	FOM_9_01585
prokka_FOM_9/FOM_9:Gene	FOM_9_01594	FOM_9_24:22649-22972	FOM_9_01594
prokka_FOM_9/FOM_9:Gene	FOM_9_01595	FOM_9_24:22972-23379	FOM_9_01595
prokka_FOM_9/FOM_9:Gene	lnrN	FOM_9_24:c25164-24076	FOM_9_01597
prokka_FOM_9/FOM_9:Gene	ybhF	FOM_9_24:c25886-25161	FOM_9_01598
prokka_FOM_9/FOM_9:Gene	FOM_9_01613	FOM_9_24:35361-35558	FOM_9_01613
prokka_FOM_9/FOM_9:Gene	FOM_9_01614	FOM_9_24:35551-36018	FOM_9_01614
prokka_FOM_9/FOM_9:Gene	FOM_9_01615	FOM_9_24:c37299-36613	FOM_9_01615
prokka_FOM_9/FOM_9:Gene	FOM_9_01616	FOM_9_24:c38014-37289	FOM_9_01616
prokka_FOM_9/FOM_9:Gene	FOM_9_01620	FOM_9_24:40511-42448	FOM_9_01620
prokka_FOM_9/FOM_9:Gene	scrB	FOM_9_24:42445-43683	FOM_9_01621
prokka_FOM_9/FOM_9:Gene	aroA1_1	FOM_9_24:50544-51839	FOM_9_01627
prokka_FOM_9/FOM_9:Gene	tyrC	FOM_9_24:51832-52638	FOM_9_01628
prokka_FOM_9/FOM_9:Gene	aroK_1	FOM_9_24:52635-53405	FOM_9_01629
prokka_FOM_9/FOM_9:Gene	ydiM	FOM_9_24:53402-54592	FOM_9_01630
prokka_FOM_9/FOM_9:Gene	FOM_9_01633	FOM_9_24:56283-56399	FOM_9_01633
prokka_FOM_9/FOM_9:Gene	FOM_9_01634	FOM_9_24:56374-56841	FOM_9_01634
prokka_FOM_9/FOM_9:Gene	FOM_9_01643	FOM_9_24:64332-64631	FOM_9_01643
prokka_FOM_9/FOM_9:Gene	rplGA	FOM_9_24:64621-64926	FOM_9_01644
prokka_FOM_9/FOM_9:Gene	FOM_9_01659	FOM_9_24:80863-81477	FOM_9_01659
prokka_FOM_9/FOM_9:Gene	FOM_9_01660	FOM_9_24:81477-81698	FOM_9_01660
prokka_FOM_9/FOM_9:Gene	rbgA	FOM_9_24:81742-82614	FOM_9_01661
prokka_FOM_9/FOM_9:Gene	rnhB	FOM_9_24:82607-83371	FOM_9_01662
prokka_FOM_9/FOM_9:Gene	ftsW	FOM_9_24:108728-109960	FOM_9_01690
prokka_FOM_9/FOM_9:Gene	FOM_9_01691	FOM_9_24:109957-110268	FOM_9_01691
prokka_FOM_9/FOM_9:Gene	rsmD	FOM_9_24:110268-110822	FOM_9_01692
prokka_FOM_9/FOM_9:Gene	FOM_9_01707	FOM_9_24:121078-121773	FOM_9_01707
prokka_FOM_9/FOM_9:Gene	FOM_9_01708	FOM_9_24:121766-122107	FOM_9_01708
prokka_FOM_9/FOM_9:Gene	FOM_9_01709	FOM_9_24:122107-123531	FOM_9_01709
prokka_FOM_9/FOM_9:Gene	dinB_4	FOM_9_24:125675-126580	FOM_9_01714
prokka_FOM_9/FOM_9:Gene	FOM_9_01715	FOM_9_24:126528-126968	FOM_9_01715
prokka_FOM_9/FOM_9:Gene	ycfH	FOM_9_25:5973-6779	FOM_9_01730
prokka_FOM_9/FOM_9:Gene	rnmV	FOM_9_25:6779-7339	FOM_9_01731
prokka_FOM_9/FOM_9:Gene	rsmA	FOM_9_25:7339-8235	FOM_9_01732
prokka_FOM_9/FOM_9:Gene	tadA_2	FOM_9_25:11815-12300	FOM_9_01736
prokka_FOM_9/FOM_9:Gene	thyA	FOM_9_25:12300-13256	FOM_9_01737
prokka_FOM_9/FOM_9:Gene	phnE_1	FOM_9_25:20815-21597	FOM_9_01743
prokka_FOM_9/FOM_9:Gene	phnE_2	FOM_9_25:21597-22391	FOM_9_01744
prokka_FOM_9/FOM_9:Gene	FOM_9_01750	FOM_9_26:c6345-5722	FOM_9_01750
prokka_FOM_9/FOM_9:Gene	sasA_2	FOM_9_26:c7742-6342	FOM_9_01751
prokka_FOM_9/FOM_9:Gene	phoP_1	FOM_9_26:c8401-7739	FOM_9_01752
prokka_FOM_9/FOM_9:Gene	lacF	FOM_9_26:c25792-24896	FOM_9_01766
prokka_FOM_9/FOM_9:Gene	ugpC	FOM_9_26:c26811-25789	FOM_9_01767
prokka_FOM_9/FOM_9:Gene	mdtD	FOM_9_26:c36226-34862	FOM_9_01776
prokka_FOM_9/FOM_9:Gene	yfeX_2	FOM_9_26:c37176-36223	FOM_9_01777
prokka_FOM_9/FOM_9:Gene	recF	FOM_9_27:c13952-12807	FOM_9_01795
prokka_FOM_9/FOM_9:Gene	FOM_9_01796	FOM_9_27:c14218-13952	FOM_9_01796
prokka_FOM_9/FOM_9:Gene	znuC_2	FOM_9_27:c20884-20201	FOM_9_01803
prokka_FOM_9/FOM_9:Gene	yfhA	FOM_9_27:c21812-20871	FOM_9_01804
prokka_FOM_9/FOM_9:Gene	FOM_9_01819	FOM_9_27:38599-39642	FOM_9_01819
prokka_FOM_9/FOM_9:Gene	yknY	FOM_9_27:39635-40315	FOM_9_01820
prokka_FOM_9/FOM_9:Gene	macB_2	FOM_9_27:40312-41478	FOM_9_01821
prokka_FOM_9/FOM_9:Gene	FOM_9_01834	FOM_9_27:55847-56029	FOM_9_01834
prokka_FOM_9/FOM_9:Gene	ybiR_2	FOM_9_27:56022-57119	FOM_9_01835
prokka_FOM_9/FOM_9:Gene	FOM_9_01845	FOM_9_27:64475-65533	FOM_9_01845
prokka_FOM_9/FOM_9:Gene	FOM_9_01846	FOM_9_27:65533-66087	FOM_9_01846
prokka_FOM_9/FOM_9:Gene	FOM_9_01857	FOM_9_27:c72849-72421	FOM_9_01857
prokka_FOM_9/FOM_9:Gene	FOM_9_01858	FOM_9_27:c73045-72833	FOM_9_01858
prokka_FOM_9/FOM_9:Gene	FOM_9_01867	FOM_9_27:80025-80564	FOM_9_01867
prokka_FOM_9/FOM_9:Gene	FOM_9_01868	FOM_9_27:80549-81220	FOM_9_01868
prokka_FOM_9/FOM_9:Gene	FOM_9_01876	FOM_9_28:3280-3741	FOM_9_01876
prokka_FOM_9/FOM_9:Gene	FOM_9_01877	FOM_9_28:3701-4249	FOM_9_01877
prokka_FOM_9/FOM_9:Gene	dnaI	FOM_9_28:25993-26937	FOM_9_01894
prokka_FOM_9/FOM_9:Gene	FOM_9_01895	FOM_9_28:26937-28043	FOM_9_01895
prokka_FOM_9/FOM_9:Gene	FOM_9_01896	FOM_9_28:28040-28831	FOM_9_01896
prokka_FOM_9/FOM_9:Gene	FOM_9_01910	FOM_9_28:c41965-40907	FOM_9_01910
prokka_FOM_9/FOM_9:Gene	FOM_9_01911	FOM_9_28:c42951-41965	FOM_9_01911
prokka_FOM_9/FOM_9:Gene	accC	FOM_9_28:65579-66955	FOM_9_01930
prokka_FOM_9/FOM_9:Gene	accD_1	FOM_9_28:66952-67806	FOM_9_01931
prokka_FOM_9/FOM_9:Gene	accA_1	FOM_9_28:67799-68572	FOM_9_01932
prokka_FOM_9/FOM_9:Gene	ecsA	FOM_9_28:71993-72694	FOM_9_01937
prokka_FOM_9/FOM_9:Gene	FOM_9_01938	FOM_9_28:72694-73803	FOM_9_01938
prokka_FOM_9/FOM_9:Gene	trmB	FOM_9_28:73787-74449	FOM_9_01939
prokka_FOM_9/FOM_9:Gene	FOM_9_01944	FOM_9_28:78556-79188	FOM_9_01944
prokka_FOM_9/FOM_9:Gene	FOM_9_01945	FOM_9_28:79188-79667	FOM_9_01945
prokka_FOM_9/FOM_9:Gene	srlR	FOM_9_28:82550-83320	FOM_9_01948
prokka_FOM_9/FOM_9:Gene	lacC	FOM_9_28:83317-84231	FOM_9_01949
prokka_FOM_9/FOM_9:Gene	FOM_9_01967	FOM_9_29:c14033-13491	FOM_9_01967
prokka_FOM_9/FOM_9:Gene	zapA	FOM_9_29:c14263-14033	FOM_9_01968
prokka_FOM_9/FOM_9:Gene	FOM_9_01980	FOM_9_30:1270-1437	FOM_9_01980
prokka_FOM_9/FOM_9:Gene	FOM_9_01981	FOM_9_30:1437-1571	FOM_9_01981
prokka_FOM_9/FOM_9:Gene	FOM_9_01983	FOM_9_30:1704-2105	FOM_9_01983
prokka_FOM_9/FOM_9:Gene	FOM_9_01984	FOM_9_30:2102-2371	FOM_9_01984
prokka_FOM_9/FOM_9:Gene	FOM_9_01985	FOM_9_30:2310-2528	FOM_9_01985
prokka_FOM_9/FOM_9:Gene	FOM_9_01986	FOM_9_30:2528-3133	FOM_9_01986
prokka_FOM_9/FOM_9:Gene	FOM_9_01987	FOM_9_30:3133-3327	FOM_9_01987
prokka_FOM_9/FOM_9:Gene	FOM_9_01988	FOM_9_30:3320-3508	FOM_9_01988
prokka_FOM_9/FOM_9:Gene	FOM_9_01992	FOM_9_30:5554-5718	FOM_9_01992
prokka_FOM_9/FOM_9:Gene	FOM_9_01993	FOM_9_30:5693-6211	FOM_9_01993
prokka_FOM_9/FOM_9:Gene	FOM_9_01999	FOM_9_30:9345-9509	FOM_9_01999
prokka_FOM_9/FOM_9:Gene	FOM_9_02000	FOM_9_30:9506-10576	FOM_9_02000
prokka_FOM_9/FOM_9:Gene	FOM_9_02001	FOM_9_30:10576-11160	FOM_9_02001
prokka_FOM_9/FOM_9:Gene	FOM_9_02002	FOM_9_30:11153-12436	FOM_9_02002
prokka_FOM_9/FOM_9:Gene	FOM_9_02003	FOM_9_30:12502-12807	FOM_9_02003
prokka_FOM_9/FOM_9:Gene	FOM_9_02004	FOM_9_30:12794-13129	FOM_9_02004
prokka_FOM_9/FOM_9:Gene	FOM_9_02005	FOM_9_30:13131-13607	FOM_9_02005
prokka_FOM_9/FOM_9:Gene	FOM_9_02006	FOM_9_30:13607-14002	FOM_9_02006
prokka_FOM_9/FOM_9:Gene	FOM_9_02011	FOM_9_30:19225-19950	FOM_9_02011
prokka_FOM_9/FOM_9:Gene	FOM_9_02012	FOM_9_30:19947-22952	FOM_9_02012
prokka_FOM_9/FOM_9:Gene	FOM_9_02015	FOM_9_30:23416-23676	FOM_9_02015
prokka_FOM_9/FOM_9:Gene	FOM_9_02016	FOM_9_30:23669-23980	FOM_9_02016
prokka_FOM_9/FOM_9:Gene	FOM_9_02024	FOM_9_30:35238-35408	FOM_9_02024
prokka_FOM_9/FOM_9:Gene	nhaC	FOM_9_30:35405-36760	FOM_9_02025
prokka_FOM_9/FOM_9:Gene	FOM_9_02027	FOM_9_30:37313-37696	FOM_9_02027
prokka_FOM_9/FOM_9:Gene	rluD_1	FOM_9_30:37693-38607	FOM_9_02028
prokka_FOM_9/FOM_9:Gene	carA_4	FOM_9_30:39348-40433	FOM_9_02030
prokka_FOM_9/FOM_9:Gene	carB_3	FOM_9_30:40430-42898	FOM_9_02031
prokka_FOM_9/FOM_9:Gene	fabD	FOM_9_30:49239-50180	FOM_9_02040
prokka_FOM_9/FOM_9:Gene	fabG	FOM_9_30:50180-50902	FOM_9_02041
prokka_FOM_9/FOM_9:Gene	fabF	FOM_9_30:50990-52225	FOM_9_02042
prokka_FOM_9/FOM_9:Gene	accB_2	FOM_9_30:52225-52692	FOM_9_02043
prokka_FOM_9/FOM_9:Gene	accD_2	FOM_9_30:54527-55372	FOM_9_02046
prokka_FOM_9/FOM_9:Gene	accA_2	FOM_9_30:55372-56157	FOM_9_02047
prokka_FOM_9/FOM_9:Gene	FOM_9_02061	FOM_9_30:70950-71867	FOM_9_02061
prokka_FOM_9/FOM_9:Gene	FOM_9_02062	FOM_9_30:71860-72741	FOM_9_02062
prokka_FOM_9/FOM_9:Gene	kdsA	FOM_9_30:95640-96632	FOM_9_02087
prokka_FOM_9/FOM_9:Gene	aroB	FOM_9_30:96629-97690	FOM_9_02088
prokka_FOM_9/FOM_9:Gene	aroA1_2	FOM_9_30:98913-100211	FOM_9_02090
prokka_FOM_9/FOM_9:Gene	aroK_2	FOM_9_30:100208-100711	FOM_9_02091
prokka_FOM_9/FOM_9:Gene	FOM_9_02094	FOM_9_30:c102872-102204	FOM_9_02094
prokka_FOM_9/FOM_9:Gene	ykoD	FOM_9_30:c104277-102865	FOM_9_02095
prokka_FOM_9/FOM_9:Gene	gatC	FOM_9_30:118646-118957	FOM_9_02110
prokka_FOM_9/FOM_9:Gene	gatA	FOM_9_30:118957-120414	FOM_9_02111
prokka_FOM_9/FOM_9:Gene	gatB	FOM_9_30:120414-121859	FOM_9_02112
prokka_FOM_9/FOM_9:Gene	fpgS_3	FOM_9_30:126478-127776	FOM_9_02118
prokka_FOM_9/FOM_9:Gene	FOM_9_02119	FOM_9_30:127776-128384	FOM_9_02119
prokka_FOM_9/FOM_9:Gene	FOM_9_02123	FOM_9_30:132278-134023	FOM_9_02123
prokka_FOM_9/FOM_9:Gene	FOM_9_02124	FOM_9_30:134016-135848	FOM_9_02124
prokka_FOM_9/FOM_9:Gene	FOM_9_02130	FOM_9_30:140817-142010	FOM_9_02130
prokka_FOM_9/FOM_9:Gene	FOM_9_02131	FOM_9_30:142000-144324	FOM_9_02131
prokka_FOM_9/FOM_9:Gene	FOM_9_02139	FOM_9_30:153097-154359	FOM_9_02139
prokka_FOM_9/FOM_9:Gene	FOM_9_02140	FOM_9_30:154352-155638	FOM_9_02140
prokka_FOM_9/FOM_9:Gene	FOM_9_02159	FOM_9_30:c176748-175255	FOM_9_02159
prokka_FOM_9/FOM_9:Gene	FOM_9_02160	FOM_9_30:c176869-176741	FOM_9_02160
prokka_FOM_9/FOM_9:Gene	FOM_9_02169	FOM_9_30:184261-185733	FOM_9_02169
prokka_FOM_9/FOM_9:Gene	FOM_9_02170	FOM_9_30:185733-186698	FOM_9_02170
prokka_FOM_9/FOM_9:Gene	FOM_9_02179	FOM_9_30:194345-194956	FOM_9_02179
prokka_FOM_9/FOM_9:Gene	FOM_9_02180	FOM_9_30:194910-195791	FOM_9_02180
prokka_FOM_9/FOM_9:Gene	comFA	FOM_9_31:1887-3173	FOM_9_02184
prokka_FOM_9/FOM_9:Gene	FOM_9_02185	FOM_9_31:3163-3837	FOM_9_02185
prokka_FOM_9/FOM_9:Gene	FOM_9_02191	FOM_9_31:10386-10829	FOM_9_02191
prokka_FOM_9/FOM_9:Gene	yhgF	FOM_9_31:10829-13012	FOM_9_02192
prokka_FOM_9/FOM_9:Gene	FOM_9_02225	FOM_9_32:26314-26907	FOM_9_02225
prokka_FOM_9/FOM_9:Gene	FOM_9_02226	FOM_9_32:26907-28463	FOM_9_02226
prokka_FOM_9/FOM_9:Gene	FOM_9_02237	FOM_9_33:c1498-1298	FOM_9_02237
prokka_FOM_9/FOM_9:Gene	FOM_9_02238	FOM_9_33:c1901-1467	FOM_9_02238
prokka_FOM_9/FOM_9:Gene	tenA	FOM_9_33:c7343-6723	FOM_9_02245
prokka_FOM_9/FOM_9:Gene	thiE_2	FOM_9_33:c7984-7325	FOM_9_02246
prokka_FOM_9/FOM_9:Gene	thiD	FOM_9_33:c8784-7981	FOM_9_02247
prokka_FOM_9/FOM_9:Gene	thiM	FOM_9_33:c9542-8781	FOM_9_02248
prokka_FOM_9/FOM_9:Gene	FOM_9_02265	FOM_9_34:c7787-7512	FOM_9_02265
prokka_FOM_9/FOM_9:Gene	murJ_2	FOM_9_34:c9352-7787	FOM_9_02266
prokka_FOM_9/FOM_9:Gene	glgA	FOM_9_34:c19543-18113	FOM_9_02272
prokka_FOM_9/FOM_9:Gene	glgD	FOM_9_34:c20670-19543	FOM_9_02273
prokka_FOM_9/FOM_9:Gene	glgC	FOM_9_34:c21757-20663	FOM_9_02274
prokka_FOM_9/FOM_9:Gene	glgB	FOM_9_34:c23642-21750	FOM_9_02275
prokka_FOM_9/FOM_9:Gene	yjmB	FOM_9_34:40930-41352	FOM_9_02290
prokka_FOM_9/FOM_9:Gene	uidB	FOM_9_34:41349-42377	FOM_9_02291
prokka_FOM_9/FOM_9:Gene	FOM_9_02299	FOM_9_34:c51158-50220	FOM_9_02299
prokka_FOM_9/FOM_9:Gene	FOM_9_02300	FOM_9_34:c51789-51151	FOM_9_02300
prokka_FOM_9/FOM_9:Gene	FOM_9_02301	FOM_9_34:c52111-51779	FOM_9_02301

DiscRep_ALL:OVERLAPPING_CDS::6 coding regions overlap another coding region with a similar or identical name.
DiscRep_SUB:OVERLAPPING_CDS::6 coding regions overlap another coding region with a similar or identical name that do not have the appropriate note text
prokka_FOM_9/FOM_9:CDS	Putative fluoride ion transporter CrcB	FOM_9_14:c86268-85906	FOM_9_00885
prokka_FOM_9/FOM_9:CDS	Putative fluoride ion transporter CrcB	FOM_9_14:c86645-86265	FOM_9_00886
prokka_FOM_9/FOM_9:CDS	UDP-N-acetylglucosamine--peptide N-acetylglucosaminyltransferase GtfA subunit	FOM_9_19:45103-46716	FOM_9_01401
prokka_FOM_9/FOM_9:CDS	UDP-N-acetylglucosamine--peptide N-acetylglucosaminyltransferase GtfA subunit	FOM_9_19:46716-48230	FOM_9_01402
prokka_FOM_9/FOM_9:CDS	Phosphate-import permease protein PhnE	FOM_9_25:20815-21597	FOM_9_01743
prokka_FOM_9/FOM_9:CDS	Phosphate-import permease protein PhnE	FOM_9_25:21597-22391	FOM_9_01744

DiscRep_ALL:SUSPECT_PRODUCT_NAMES::5 product_names contain suspect phrase or characters
DiscRep_SUB:SUSPECT_PRODUCT_NAMES::May contain database identifier more appropriate in note; remove from product name
DiscRep_SUB:SUSPECT_PRODUCT_NAMES::2 features contains three or more numbers together that may be identifiers more appropriate in note
prokka_FOM_9/FOM_9:CDS	putative oxidoreductase/MSMEI_2347	FOM_9_5:47979-48827	FOM_9_00180
prokka_FOM_9/FOM_9:CDS	Transposase from transposon Tn916	FOM_9_7:2021-3088	FOM_9_00262

DiscRep_SUB:SUSPECT_PRODUCT_NAMES::1 features Contains underscore
prokka_FOM_9/FOM_9:CDS	putative oxidoreductase/MSMEI_2347	FOM_9_5:47979-48827	FOM_9_00180

DiscRep_SUB:SUSPECT_PRODUCT_NAMES::use protein instead of gene as appropriate
DiscRep_SUB:SUSPECT_PRODUCT_NAMES::2 features contains 'genes'
prokka_FOM_9/FOM_9:CDS	Hydrogen peroxide-inducible genes activator	FOM_9_7:c24551-23667	FOM_9_00283
prokka_FOM_9/FOM_9:CDS	Hydrogen peroxide-inducible genes activator	FOM_9_9:c22854-21976	FOM_9_00447

DiscRep_ALL:DISC_QUALITY_SCORES::Quality scores are missing on all sequences.

DiscRep_ALL:DISC_BAD_BACTERIAL_GENE_NAME::5 bacterial genes do not start with lowercase letters
prokka_FOM_9/FOM_9:Gene	IMPDH_1	FOM_9_4:51348-52490	FOM_9_00125
prokka_FOM_9/FOM_9:Gene	IMPDH_2	FOM_9_4:52504-53373	FOM_9_00126
prokka_FOM_9/FOM_9:Gene	Int-Tn	FOM_9_7:2021-3088	FOM_9_00262
prokka_FOM_9/FOM_9:Gene	COQ5	FOM_9_12:c18059-17292	FOM_9_00747
prokka_FOM_9/FOM_9:Gene	QRSL1	FOM_9_16:c40467-39091	FOM_9_01067

DiscRep_ALL:ONCALLER_COMMENT_PRESENT::34 comment descriptors were found (all same)
prokka_FOM_9/FOM_9:Prokka:FOM_9_1:Annotated using prokka 1.14.6 from https://github.com/tseemann/prokka
prokka_FOM_9/FOM_9:Prokka:FOM_9_2:Annotated using prokka 1.14.6 from https://github.com/tseemann/prokka
prokka_FOM_9/FOM_9:Prokka:FOM_9_3:Annotated using prokka 1.14.6 from https://github.com/tseemann/prokka
prokka_FOM_9/FOM_9:Prokka:FOM_9_4:Annotated using prokka 1.14.6 from https://github.com/tseemann/prokka
prokka_FOM_9/FOM_9:Prokka:FOM_9_5:Annotated using prokka 1.14.6 from https://github.com/tseemann/prokka
prokka_FOM_9/FOM_9:Prokka:FOM_9_6:Annotated using prokka 1.14.6 from https://github.com/tseemann/prokka
prokka_FOM_9/FOM_9:Prokka:FOM_9_7:Annotated using prokka 1.14.6 from https://github.com/tseemann/prokka
prokka_FOM_9/FOM_9:Prokka:FOM_9_8:Annotated using prokka 1.14.6 from https://github.com/tseemann/prokka
prokka_FOM_9/FOM_9:Prokka:FOM_9_9:Annotated using prokka 1.14.6 from https://github.com/tseemann/prokka
prokka_FOM_9/FOM_9:Prokka:FOM_9_10:Annotated using prokka 1.14.6 from https://github.com/tseemann/prokka
prokka_FOM_9/FOM_9:Prokka:FOM_9_11:Annotated using prokka 1.14.6 from https://github.com/tseemann/prokka
prokka_FOM_9/FOM_9:Prokka:FOM_9_12:Annotated using prokka 1.14.6 from https://github.com/tseemann/prokka
prokka_FOM_9/FOM_9:Prokka:FOM_9_13:Annotated using prokka 1.14.6 from https://github.com/tseemann/prokka
prokka_FOM_9/FOM_9:Prokka:FOM_9_14:Annotated using prokka 1.14.6 from https://github.com/tseemann/prokka
prokka_FOM_9/FOM_9:Prokka:FOM_9_15:Annotated using prokka 1.14.6 from https://github.com/tseemann/prokka
prokka_FOM_9/FOM_9:Prokka:FOM_9_16:Annotated using prokka 1.14.6 from https://github.com/tseemann/prokka
prokka_FOM_9/FOM_9:Prokka:FOM_9_17:Annotated using prokka 1.14.6 from https://github.com/tseemann/prokka
prokka_FOM_9/FOM_9:Prokka:FOM_9_18:Annotated using prokka 1.14.6 from https://github.com/tseemann/prokka
prokka_FOM_9/FOM_9:Prokka:FOM_9_19:Annotated using prokka 1.14.6 from https://github.com/tseemann/prokka
prokka_FOM_9/FOM_9:Prokka:FOM_9_20:Annotated using prokka 1.14.6 from https://github.com/tseemann/prokka
prokka_FOM_9/FOM_9:Prokka:FOM_9_21:Annotated using prokka 1.14.6 from https://github.com/tseemann/prokka
prokka_FOM_9/FOM_9:Prokka:FOM_9_22:Annotated using prokka 1.14.6 from https://github.com/tseemann/prokka
prokka_FOM_9/FOM_9:Prokka:FOM_9_23:Annotated using prokka 1.14.6 from https://github.com/tseemann/prokka
prokka_FOM_9/FOM_9:Prokka:FOM_9_24:Annotated using prokka 1.14.6 from https://github.com/tseemann/prokka
prokka_FOM_9/FOM_9:Prokka:FOM_9_25:Annotated using prokka 1.14.6 from https://github.com/tseemann/prokka
prokka_FOM_9/FOM_9:Prokka:FOM_9_26:Annotated using prokka 1.14.6 from https://github.com/tseemann/prokka
prokka_FOM_9/FOM_9:Prokka:FOM_9_27:Annotated using prokka 1.14.6 from https://github.com/tseemann/prokka
prokka_FOM_9/FOM_9:Prokka:FOM_9_28:Annotated using prokka 1.14.6 from https://github.com/tseemann/prokka
prokka_FOM_9/FOM_9:Prokka:FOM_9_29:Annotated using prokka 1.14.6 from https://github.com/tseemann/prokka
prokka_FOM_9/FOM_9:Prokka:FOM_9_30:Annotated using prokka 1.14.6 from https://github.com/tseemann/prokka
prokka_FOM_9/FOM_9:Prokka:FOM_9_31:Annotated using prokka 1.14.6 from https://github.com/tseemann/prokka
prokka_FOM_9/FOM_9:Prokka:FOM_9_32:Annotated using prokka 1.14.6 from https://github.com/tseemann/prokka
prokka_FOM_9/FOM_9:Prokka:FOM_9_33:Annotated using prokka 1.14.6 from https://github.com/tseemann/prokka
prokka_FOM_9/FOM_9:Prokka:FOM_9_34:Annotated using prokka 1.14.6 from https://github.com/tseemann/prokka

DiscRep_ALL:SHORT_PROT_SEQUENCES::47 protein sequences are shorter than 50 aa.
prokka_FOM_9/FOM_9:Prokka:FOM_9_00037 (length 46)
prokka_FOM_9/FOM_9:Prokka:FOM_9_00045 (length 44)
prokka_FOM_9/FOM_9:Prokka:FOM_9_00118 (length 43)
prokka_FOM_9/FOM_9:Prokka:FOM_9_00190 (length 46)
prokka_FOM_9/FOM_9:Prokka:FOM_9_00193 (length 48)
prokka_FOM_9/FOM_9:Prokka:FOM_9_00229 (length 30)
prokka_FOM_9/FOM_9:Prokka:FOM_9_00245 (length 31)
prokka_FOM_9/FOM_9:Prokka:FOM_9_00255 (length 43)
prokka_FOM_9/FOM_9:Prokka:FOM_9_00269 (length 49)
prokka_FOM_9/FOM_9:Prokka:FOM_9_00300 (length 39)
prokka_FOM_9/FOM_9:Prokka:FOM_9_00357 (length 39)
prokka_FOM_9/FOM_9:Prokka:FOM_9_00459 (length 49)
prokka_FOM_9/FOM_9:Prokka:FOM_9_00469 (length 49)
prokka_FOM_9/FOM_9:Prokka:FOM_9_00475 (length 47)
prokka_FOM_9/FOM_9:Prokka:FOM_9_00514 (length 43)
prokka_FOM_9/FOM_9:Prokka:FOM_9_00522 (length 35)
prokka_FOM_9/FOM_9:Prokka:FOM_9_00527 (length 29)
prokka_FOM_9/FOM_9:Prokka:FOM_9_00528 (length 33)
prokka_FOM_9/FOM_9:Prokka:FOM_9_00643 (length 43)
prokka_FOM_9/FOM_9:Prokka:FOM_9_00682 (length 36)
prokka_FOM_9/FOM_9:Prokka:FOM_9_00742 (length 40)
prokka_FOM_9/FOM_9:Prokka:FOM_9_00746 (length 34)
prokka_FOM_9/FOM_9:Prokka:FOM_9_00785 (length 30)
prokka_FOM_9/FOM_9:Prokka:FOM_9_00790 (length 45)
prokka_FOM_9/FOM_9:Prokka:FOM_9_00906 (length 39)
prokka_FOM_9/FOM_9:Prokka:FOM_9_00945 (length 34)
prokka_FOM_9/FOM_9:Prokka:FOM_9_01129 (length 45)
prokka_FOM_9/FOM_9:Prokka:FOM_9_01185 (length 39)
prokka_FOM_9/FOM_9:Prokka:FOM_9_01299 (length 29)
prokka_FOM_9/FOM_9:Prokka:FOM_9_01340 (length 46)
prokka_FOM_9/FOM_9:Prokka:FOM_9_01443 (length 49)
prokka_FOM_9/FOM_9:Prokka:FOM_9_01469 (length 41)
prokka_FOM_9/FOM_9:Prokka:FOM_9_01488 (length 43)
prokka_FOM_9/FOM_9:Prokka:FOM_9_01632 (length 49)
prokka_FOM_9/FOM_9:Prokka:FOM_9_01633 (length 38)
prokka_FOM_9/FOM_9:Prokka:FOM_9_01678 (length 29)
prokka_FOM_9/FOM_9:Prokka:FOM_9_01716 (length 31)
prokka_FOM_9/FOM_9:Prokka:FOM_9_01719 (length 48)
prokka_FOM_9/FOM_9:Prokka:FOM_9_01725 (length 43)
prokka_FOM_9/FOM_9:Prokka:FOM_9_01799 (length 44)
prokka_FOM_9/FOM_9:Prokka:FOM_9_01921 (length 45)
prokka_FOM_9/FOM_9:Prokka:FOM_9_01977 (length 46)
prokka_FOM_9/FOM_9:Prokka:FOM_9_01981 (length 44)
prokka_FOM_9/FOM_9:Prokka:FOM_9_01982 (length 37)
prokka_FOM_9/FOM_9:Prokka:FOM_9_02009 (length 46)
prokka_FOM_9/FOM_9:Prokka:FOM_9_02160 (length 42)
prokka_FOM_9/FOM_9:Prokka:FOM_9_02284 (length 46)

DiscRep_ALL:MISSING_GENOMEASSEMBLY_COMMENTS::34 bioseqs are missing GenomeAssembly structured comments
prokka_FOM_9/FOM_9:Prokka:FOM_9_1 (length 37844)
prokka_FOM_9/FOM_9:Prokka:FOM_9_2 (length 8281)
prokka_FOM_9/FOM_9:Prokka:FOM_9_3 (length 49849)
prokka_FOM_9/FOM_9:Prokka:FOM_9_4 (length 58509)
prokka_FOM_9/FOM_9:Prokka:FOM_9_5 (length 98661)
prokka_FOM_9/FOM_9:Prokka:FOM_9_6 (length 29996)
prokka_FOM_9/FOM_9:Prokka:FOM_9_7 (length 130319)
prokka_FOM_9/FOM_9:Prokka:FOM_9_8 (length 25920)
prokka_FOM_9/FOM_9:Prokka:FOM_9_9 (length 182324)
prokka_FOM_9/FOM_9:Prokka:FOM_9_10 (length 133683)
prokka_FOM_9/FOM_9:Prokka:FOM_9_11 (length 16121)
prokka_FOM_9/FOM_9:Prokka:FOM_9_12 (length 43622)
prokka_FOM_9/FOM_9:Prokka:FOM_9_13 (length 32150)
prokka_FOM_9/FOM_9:Prokka:FOM_9_14 (length 114557)
prokka_FOM_9/FOM_9:Prokka:FOM_9_15 (length 117942)
prokka_FOM_9/FOM_9:Prokka:FOM_9_16 (length 208526)
prokka_FOM_9/FOM_9:Prokka:FOM_9_17 (length 30675)
prokka_FOM_9/FOM_9:Prokka:FOM_9_18 (length 104269)
prokka_FOM_9/FOM_9:Prokka:FOM_9_19 (length 82304)
prokka_FOM_9/FOM_9:Prokka:FOM_9_20 (length 42024)
prokka_FOM_9/FOM_9:Prokka:FOM_9_21 (length 21757)
prokka_FOM_9/FOM_9:Prokka:FOM_9_22 (length 42950)
prokka_FOM_9/FOM_9:Prokka:FOM_9_23 (length 31172)
prokka_FOM_9/FOM_9:Prokka:FOM_9_24 (length 133574)
prokka_FOM_9/FOM_9:Prokka:FOM_9_25 (length 24247)
prokka_FOM_9/FOM_9:Prokka:FOM_9_26 (length 40832)
prokka_FOM_9/FOM_9:Prokka:FOM_9_27 (length 85931)
prokka_FOM_9/FOM_9:Prokka:FOM_9_28 (length 91605)
prokka_FOM_9/FOM_9:Prokka:FOM_9_29 (length 22481)
prokka_FOM_9/FOM_9:Prokka:FOM_9_30 (length 198065)
prokka_FOM_9/FOM_9:Prokka:FOM_9_31 (length 25910)
prokka_FOM_9/FOM_9:Prokka:FOM_9_32 (length 36908)
prokka_FOM_9/FOM_9:Prokka:FOM_9_33 (length 19275)
prokka_FOM_9/FOM_9:Prokka:FOM_9_34 (length 54027)

DiscRep_ALL:MOLTYPE_NOT_MRNA::34 molecule types are not set as mRNA.
prokka_FOM_9/FOM_9:Prokka:FOM_9_1 (length 37844)
prokka_FOM_9/FOM_9:Prokka:FOM_9_2 (length 8281)
prokka_FOM_9/FOM_9:Prokka:FOM_9_3 (length 49849)
prokka_FOM_9/FOM_9:Prokka:FOM_9_4 (length 58509)
prokka_FOM_9/FOM_9:Prokka:FOM_9_5 (length 98661)
prokka_FOM_9/FOM_9:Prokka:FOM_9_6 (length 29996)
prokka_FOM_9/FOM_9:Prokka:FOM_9_7 (length 130319)
prokka_FOM_9/FOM_9:Prokka:FOM_9_8 (length 25920)
prokka_FOM_9/FOM_9:Prokka:FOM_9_9 (length 182324)
prokka_FOM_9/FOM_9:Prokka:FOM_9_10 (length 133683)
prokka_FOM_9/FOM_9:Prokka:FOM_9_11 (length 16121)
prokka_FOM_9/FOM_9:Prokka:FOM_9_12 (length 43622)
prokka_FOM_9/FOM_9:Prokka:FOM_9_13 (length 32150)
prokka_FOM_9/FOM_9:Prokka:FOM_9_14 (length 114557)
prokka_FOM_9/FOM_9:Prokka:FOM_9_15 (length 117942)
prokka_FOM_9/FOM_9:Prokka:FOM_9_16 (length 208526)
prokka_FOM_9/FOM_9:Prokka:FOM_9_17 (length 30675)
prokka_FOM_9/FOM_9:Prokka:FOM_9_18 (length 104269)
prokka_FOM_9/FOM_9:Prokka:FOM_9_19 (length 82304)
prokka_FOM_9/FOM_9:Prokka:FOM_9_20 (length 42024)
prokka_FOM_9/FOM_9:Prokka:FOM_9_21 (length 21757)
prokka_FOM_9/FOM_9:Prokka:FOM_9_22 (length 42950)
prokka_FOM_9/FOM_9:Prokka:FOM_9_23 (length 31172)
prokka_FOM_9/FOM_9:Prokka:FOM_9_24 (length 133574)
prokka_FOM_9/FOM_9:Prokka:FOM_9_25 (length 24247)
prokka_FOM_9/FOM_9:Prokka:FOM_9_26 (length 40832)
prokka_FOM_9/FOM_9:Prokka:FOM_9_27 (length 85931)
prokka_FOM_9/FOM_9:Prokka:FOM_9_28 (length 91605)
prokka_FOM_9/FOM_9:Prokka:FOM_9_29 (length 22481)
prokka_FOM_9/FOM_9:Prokka:FOM_9_30 (length 198065)
prokka_FOM_9/FOM_9:Prokka:FOM_9_31 (length 25910)
prokka_FOM_9/FOM_9:Prokka:FOM_9_32 (length 36908)
prokka_FOM_9/FOM_9:Prokka:FOM_9_33 (length 19275)
prokka_FOM_9/FOM_9:Prokka:FOM_9_34 (length 54027)

DiscRep_ALL:TECHNIQUE_NOT_TSA::34 technique are not set as TSA
prokka_FOM_9/FOM_9:Prokka:FOM_9_1 (length 37844)
prokka_FOM_9/FOM_9:Prokka:FOM_9_2 (length 8281)
prokka_FOM_9/FOM_9:Prokka:FOM_9_3 (length 49849)
prokka_FOM_9/FOM_9:Prokka:FOM_9_4 (length 58509)
prokka_FOM_9/FOM_9:Prokka:FOM_9_5 (length 98661)
prokka_FOM_9/FOM_9:Prokka:FOM_9_6 (length 29996)
prokka_FOM_9/FOM_9:Prokka:FOM_9_7 (length 130319)
prokka_FOM_9/FOM_9:Prokka:FOM_9_8 (length 25920)
prokka_FOM_9/FOM_9:Prokka:FOM_9_9 (length 182324)
prokka_FOM_9/FOM_9:Prokka:FOM_9_10 (length 133683)
prokka_FOM_9/FOM_9:Prokka:FOM_9_11 (length 16121)
prokka_FOM_9/FOM_9:Prokka:FOM_9_12 (length 43622)
prokka_FOM_9/FOM_9:Prokka:FOM_9_13 (length 32150)
prokka_FOM_9/FOM_9:Prokka:FOM_9_14 (length 114557)
prokka_FOM_9/FOM_9:Prokka:FOM_9_15 (length 117942)
prokka_FOM_9/FOM_9:Prokka:FOM_9_16 (length 208526)
prokka_FOM_9/FOM_9:Prokka:FOM_9_17 (length 30675)
prokka_FOM_9/FOM_9:Prokka:FOM_9_18 (length 104269)
prokka_FOM_9/FOM_9:Prokka:FOM_9_19 (length 82304)
prokka_FOM_9/FOM_9:Prokka:FOM_9_20 (length 42024)
prokka_FOM_9/FOM_9:Prokka:FOM_9_21 (length 21757)
prokka_FOM_9/FOM_9:Prokka:FOM_9_22 (length 42950)
prokka_FOM_9/FOM_9:Prokka:FOM_9_23 (length 31172)
prokka_FOM_9/FOM_9:Prokka:FOM_9_24 (length 133574)
prokka_FOM_9/FOM_9:Prokka:FOM_9_25 (length 24247)
prokka_FOM_9/FOM_9:Prokka:FOM_9_26 (length 40832)
prokka_FOM_9/FOM_9:Prokka:FOM_9_27 (length 85931)
prokka_FOM_9/FOM_9:Prokka:FOM_9_28 (length 91605)
prokka_FOM_9/FOM_9:Prokka:FOM_9_29 (length 22481)
prokka_FOM_9/FOM_9:Prokka:FOM_9_30 (length 198065)
prokka_FOM_9/FOM_9:Prokka:FOM_9_31 (length 25910)
prokka_FOM_9/FOM_9:Prokka:FOM_9_32 (length 36908)
prokka_FOM_9/FOM_9:Prokka:FOM_9_33 (length 19275)
prokka_FOM_9/FOM_9:Prokka:FOM_9_34 (length 54027)

DiscRep_ALL:MISSING_STRUCTURED_COMMENT::34 sequences do not include structured comments.
prokka_FOM_9/FOM_9:Prokka:FOM_9_1 (length 37844)
prokka_FOM_9/FOM_9:Prokka:FOM_9_2 (length 8281)
prokka_FOM_9/FOM_9:Prokka:FOM_9_3 (length 49849)
prokka_FOM_9/FOM_9:Prokka:FOM_9_4 (length 58509)
prokka_FOM_9/FOM_9:Prokka:FOM_9_5 (length 98661)
prokka_FOM_9/FOM_9:Prokka:FOM_9_6 (length 29996)
prokka_FOM_9/FOM_9:Prokka:FOM_9_7 (length 130319)
prokka_FOM_9/FOM_9:Prokka:FOM_9_8 (length 25920)
prokka_FOM_9/FOM_9:Prokka:FOM_9_9 (length 182324)
prokka_FOM_9/FOM_9:Prokka:FOM_9_10 (length 133683)
prokka_FOM_9/FOM_9:Prokka:FOM_9_11 (length 16121)
prokka_FOM_9/FOM_9:Prokka:FOM_9_12 (length 43622)
prokka_FOM_9/FOM_9:Prokka:FOM_9_13 (length 32150)
prokka_FOM_9/FOM_9:Prokka:FOM_9_14 (length 114557)
prokka_FOM_9/FOM_9:Prokka:FOM_9_15 (length 117942)
prokka_FOM_9/FOM_9:Prokka:FOM_9_16 (length 208526)
prokka_FOM_9/FOM_9:Prokka:FOM_9_17 (length 30675)
prokka_FOM_9/FOM_9:Prokka:FOM_9_18 (length 104269)
prokka_FOM_9/FOM_9:Prokka:FOM_9_19 (length 82304)
prokka_FOM_9/FOM_9:Prokka:FOM_9_20 (length 42024)
prokka_FOM_9/FOM_9:Prokka:FOM_9_21 (length 21757)
prokka_FOM_9/FOM_9:Prokka:FOM_9_22 (length 42950)
prokka_FOM_9/FOM_9:Prokka:FOM_9_23 (length 31172)
prokka_FOM_9/FOM_9:Prokka:FOM_9_24 (length 133574)
prokka_FOM_9/FOM_9:Prokka:FOM_9_25 (length 24247)
prokka_FOM_9/FOM_9:Prokka:FOM_9_26 (length 40832)
prokka_FOM_9/FOM_9:Prokka:FOM_9_27 (length 85931)
prokka_FOM_9/FOM_9:Prokka:FOM_9_28 (length 91605)
prokka_FOM_9/FOM_9:Prokka:FOM_9_29 (length 22481)
prokka_FOM_9/FOM_9:Prokka:FOM_9_30 (length 198065)
prokka_FOM_9/FOM_9:Prokka:FOM_9_31 (length 25910)
prokka_FOM_9/FOM_9:Prokka:FOM_9_32 (length 36908)
prokka_FOM_9/FOM_9:Prokka:FOM_9_33 (length 19275)
prokka_FOM_9/FOM_9:Prokka:FOM_9_34 (length 54027)

DiscRep_ALL:MISSING_PROJECT::2276 sequences do not include project.
prokka_FOM_9/FOM_9:Prokka:FOM_9_1 (length 37844)
prokka_FOM_9/FOM_9:Prokka:FOM_9_00001 (length 343)
prokka_FOM_9/FOM_9:Prokka:FOM_9_00002 (length 88)
prokka_FOM_9/FOM_9:Prokka:FOM_9_00003 (length 695)
prokka_FOM_9/FOM_9:Prokka:FOM_9_00004 (length 358)
prokka_FOM_9/FOM_9:Prokka:FOM_9_00005 (length 283)
prokka_FOM_9/FOM_9:Prokka:FOM_9_00006 (length 773)
prokka_FOM_9/FOM_9:Prokka:FOM_9_00007 (length 124)
prokka_FOM_9/FOM_9:Prokka:FOM_9_00008 (length 730)
prokka_FOM_9/FOM_9:Prokka:FOM_9_00009 (length 559)
prokka_FOM_9/FOM_9:Prokka:FOM_9_00010 (length 102)
prokka_FOM_9/FOM_9:Prokka:FOM_9_00011 (length 100)
prokka_FOM_9/FOM_9:Prokka:FOM_9_00012 (length 192)
prokka_FOM_9/FOM_9:Prokka:FOM_9_00013 (length 195)
prokka_FOM_9/FOM_9:Prokka:FOM_9_00014 (length 135)
prokka_FOM_9/FOM_9:Prokka:FOM_9_00015 (length 427)
prokka_FOM_9/FOM_9:Prokka:FOM_9_00016 (length 80)
prokka_FOM_9/FOM_9:Prokka:FOM_9_00017 (length 650)
prokka_FOM_9/FOM_9:Prokka:FOM_9_00018 (length 214)
prokka_FOM_9/FOM_9:Prokka:FOM_9_00019 (length 112)
prokka_FOM_9/FOM_9:Prokka:FOM_9_00020 (length 262)
prokka_FOM_9/FOM_9:Prokka:FOM_9_00021 (length 102)
prokka_FOM_9/FOM_9:Prokka:FOM_9_00022 (length 172)
prokka_FOM_9/FOM_9:Prokka:FOM_9_00023 (length 811)
prokka_FOM_9/FOM_9:Prokka:FOM_9_00024 (length 1109)
prokka_FOM_9/FOM_9:Prokka:FOM_9_00025 (length 628)
prokka_FOM_9/FOM_9:Prokka:FOM_9_00026 (length 195)
prokka_FOM_9/FOM_9:Prokka:FOM_9_00027 (length 627)
prokka_FOM_9/FOM_9:Prokka:FOM_9_00028 (length 80)
prokka_FOM_9/FOM_9:Prokka:FOM_9_00029 (length 91)
prokka_FOM_9/FOM_9:Prokka:FOM_9_00030 (length 90)
prokka_FOM_9/FOM_9:Prokka:FOM_9_00031 (length 66)
prokka_FOM_9/FOM_9:Prokka:FOM_9_00032 (length 148)
prokka_FOM_9/FOM_9:Prokka:FOM_9_00033 (length 64)
prokka_FOM_9/FOM_9:Prokka:FOM_9_00034 (length 126)
prokka_FOM_9/FOM_9:Prokka:FOM_9_00035 (length 96)
prokka_FOM_9/FOM_9:Prokka:FOM_9_00036 (length 97)
prokka_FOM_9/FOM_9:Prokka:FOM_9_00037 (length 46)
prokka_FOM_9/FOM_9:Prokka:FOM_9_2 (length 8281)
prokka_FOM_9/FOM_9:Prokka:FOM_9_00038 (length 135)
prokka_FOM_9/FOM_9:Prokka:FOM_9_00039 (length 121)
prokka_FOM_9/FOM_9:Prokka:FOM_9_00040 (length 240)
prokka_FOM_9/FOM_9:Prokka:FOM_9_00041 (length 114)
prokka_FOM_9/FOM_9:Prokka:FOM_9_00042 (length 355)
prokka_FOM_9/FOM_9:Prokka:FOM_9_00043 (length 80)
prokka_FOM_9/FOM_9:Prokka:FOM_9_00044 (length 616)
prokka_FOM_9/FOM_9:Prokka:FOM_9_00045 (length 44)
prokka_FOM_9/FOM_9:Prokka:FOM_9_00046 (length 284)
prokka_FOM_9/FOM_9:Prokka:FOM_9_00047 (length 149)
prokka_FOM_9/FOM_9:Prokka:FOM_9_00048 (length 77)
prokka_FOM_9/FOM_9:Prokka:FOM_9_3 (length 49849)
prokka_FOM_9/FOM_9:Prokka:FOM_9_00049 (length 157)
prokka_FOM_9/FOM_9:Prokka:FOM_9_00050 (length 423)
prokka_FOM_9/FOM_9:Prokka:FOM_9_00051 (length 345)
prokka_FOM_9/FOM_9:Prokka:FOM_9_00052 (length 178)
prokka_FOM_9/FOM_9:Prokka:FOM_9_00053 (length 127)
prokka_FOM_9/FOM_9:Prokka:FOM_9_00054 (length 597)
prokka_FOM_9/FOM_9:Prokka:FOM_9_00055 (length 248)
prokka_FOM_9/FOM_9:Prokka:FOM_9_00056 (length 385)
prokka_FOM_9/FOM_9:Prokka:FOM_9_00057 (length 559)
prokka_FOM_9/FOM_9:Prokka:FOM_9_00058 (length 266)
prokka_FOM_9/FOM_9:Prokka:FOM_9_00059 (length 368)
prokka_FOM_9/FOM_9:Prokka:FOM_9_00060 (length 361)
prokka_FOM_9/FOM_9:Prokka:FOM_9_00061 (length 146)
prokka_FOM_9/FOM_9:Prokka:FOM_9_00062 (length 206)
prokka_FOM_9/FOM_9:Prokka:FOM_9_00063 (length 458)
prokka_FOM_9/FOM_9:Prokka:FOM_9_00064 (length 215)
prokka_FOM_9/FOM_9:Prokka:FOM_9_00065 (length 258)
prokka_FOM_9/FOM_9:Prokka:FOM_9_00066 (length 541)
prokka_FOM_9/FOM_9:Prokka:FOM_9_00067 (length 350)
prokka_FOM_9/FOM_9:Prokka:FOM_9_00068 (length 305)
prokka_FOM_9/FOM_9:Prokka:FOM_9_00069 (length 946)
prokka_FOM_9/FOM_9:Prokka:FOM_9_00070 (length 2661)
prokka_FOM_9/FOM_9:Prokka:FOM_9_00071 (length 395)
prokka_FOM_9/FOM_9:Prokka:FOM_9_00072 (length 290)
prokka_FOM_9/FOM_9:Prokka:FOM_9_00073 (length 305)
prokka_FOM_9/FOM_9:Prokka:FOM_9_00074 (length 297)
prokka_FOM_9/FOM_9:Prokka:FOM_9_00075 (length 274)
prokka_FOM_9/FOM_9:Prokka:FOM_9_00076 (length 252)
prokka_FOM_9/FOM_9:Prokka:FOM_9_00077 (length 224)
prokka_FOM_9/FOM_9:Prokka:FOM_9_00078 (length 268)
prokka_FOM_9/FOM_9:Prokka:FOM_9_00079 (length 94)
prokka_FOM_9/FOM_9:Prokka:FOM_9_4 (length 58509)
prokka_FOM_9/FOM_9:Prokka:FOM_9_00082 (length 495)
prokka_FOM_9/FOM_9:Prokka:FOM_9_00083 (length 523)
prokka_FOM_9/FOM_9:Prokka:FOM_9_00084 (length 227)
prokka_FOM_9/FOM_9:Prokka:FOM_9_00085 (length 327)
prokka_FOM_9/FOM_9:Prokka:FOM_9_00086 (length 1822)
prokka_FOM_9/FOM_9:Prokka:FOM_9_00087 (length 1010)
prokka_FOM_9/FOM_9:Prokka:FOM_9_00088 (length 400)
prokka_FOM_9/FOM_9:Prokka:FOM_9_00089 (length 388)
prokka_FOM_9/FOM_9:Prokka:FOM_9_00090 (length 79)
prokka_FOM_9/FOM_9:Prokka:FOM_9_00091 (length 146)
prokka_FOM_9/FOM_9:Prokka:FOM_9_00092 (length 296)
prokka_FOM_9/FOM_9:Prokka:FOM_9_00093 (length 436)
prokka_FOM_9/FOM_9:Prokka:FOM_9_00094 (length 601)
prokka_FOM_9/FOM_9:Prokka:FOM_9_00095 (length 441)
prokka_FOM_9/FOM_9:Prokka:FOM_9_00096 (length 293)
prokka_FOM_9/FOM_9:Prokka:FOM_9_00097 (length 61)
prokka_FOM_9/FOM_9:Prokka:FOM_9_00098 (length 147)
prokka_FOM_9/FOM_9:Prokka:FOM_9_00099 (length 329)
prokka_FOM_9/FOM_9:Prokka:FOM_9_00100 (length 160)
prokka_FOM_9/FOM_9:Prokka:FOM_9_00101 (length 142)
prokka_FOM_9/FOM_9:Prokka:FOM_9_00102 (length 302)
prokka_FOM_9/FOM_9:Prokka:FOM_9_00103 (length 264)
prokka_FOM_9/FOM_9:Prokka:FOM_9_00104 (length 57)
prokka_FOM_9/FOM_9:Prokka:FOM_9_00105 (length 244)
prokka_FOM_9/FOM_9:Prokka:FOM_9_00106 (length 308)
prokka_FOM_9/FOM_9:Prokka:FOM_9_00107 (length 693)
prokka_FOM_9/FOM_9:Prokka:FOM_9_00108 (length 247)
prokka_FOM_9/FOM_9:Prokka:FOM_9_00109 (length 318)
prokka_FOM_9/FOM_9:Prokka:FOM_9_00110 (length 128)
prokka_FOM_9/FOM_9:Prokka:FOM_9_00111 (length 341)
prokka_FOM_9/FOM_9:Prokka:FOM_9_00112 (length 382)
prokka_FOM_9/FOM_9:Prokka:FOM_9_00113 (length 171)
prokka_FOM_9/FOM_9:Prokka:FOM_9_00114 (length 929)
prokka_FOM_9/FOM_9:Prokka:FOM_9_00115 (length 94)
prokka_FOM_9/FOM_9:Prokka:FOM_9_00116 (length 298)
prokka_FOM_9/FOM_9:Prokka:FOM_9_00117 (length 413)
prokka_FOM_9/FOM_9:Prokka:FOM_9_00118 (length 43)
prokka_FOM_9/FOM_9:Prokka:FOM_9_00119 (length 63)
prokka_FOM_9/FOM_9:Prokka:FOM_9_00120 (length 597)
prokka_FOM_9/FOM_9:Prokka:FOM_9_00121 (length 436)
prokka_FOM_9/FOM_9:Prokka:FOM_9_00122 (length 233)
prokka_FOM_9/FOM_9:Prokka:FOM_9_00123 (length 202)
prokka_FOM_9/FOM_9:Prokka:FOM_9_00124 (length 408)
prokka_FOM_9/FOM_9:Prokka:FOM_9_00125 (length 380)
prokka_FOM_9/FOM_9:Prokka:FOM_9_00126 (length 289)
prokka_FOM_9/FOM_9:Prokka:FOM_9_00127 (length 553)
prokka_FOM_9/FOM_9:Prokka:FOM_9_00128 (length 199)
prokka_FOM_9/FOM_9:Prokka:FOM_9_00129 (length 336)
prokka_FOM_9/FOM_9:Prokka:FOM_9_00130 (length 348)
prokka_FOM_9/FOM_9:Prokka:FOM_9_5 (length 98661)
prokka_FOM_9/FOM_9:Prokka:FOM_9_00132 (length 232)
prokka_FOM_9/FOM_9:Prokka:FOM_9_00133 (length 365)
prokka_FOM_9/FOM_9:Prokka:FOM_9_00134 (length 305)
prokka_FOM_9/FOM_9:Prokka:FOM_9_00135 (length 239)
prokka_FOM_9/FOM_9:Prokka:FOM_9_00136 (length 256)
prokka_FOM_9/FOM_9:Prokka:FOM_9_00137 (length 302)
prokka_FOM_9/FOM_9:Prokka:FOM_9_00138 (length 64)
prokka_FOM_9/FOM_9:Prokka:FOM_9_00139 (length 367)
prokka_FOM_9/FOM_9:Prokka:FOM_9_00140 (length 241)
prokka_FOM_9/FOM_9:Prokka:FOM_9_00141 (length 229)
prokka_FOM_9/FOM_9:Prokka:FOM_9_00142 (length 373)
prokka_FOM_9/FOM_9:Prokka:FOM_9_00143 (length 421)
prokka_FOM_9/FOM_9:Prokka:FOM_9_00144 (length 172)
prokka_FOM_9/FOM_9:Prokka:FOM_9_00145 (length 122)
prokka_FOM_9/FOM_9:Prokka:FOM_9_00146 (length 159)
prokka_FOM_9/FOM_9:Prokka:FOM_9_00147 (length 272)
prokka_FOM_9/FOM_9:Prokka:FOM_9_00148 (length 406)
prokka_FOM_9/FOM_9:Prokka:FOM_9_00149 (length 223)
prokka_FOM_9/FOM_9:Prokka:FOM_9_00152 (length 275)
prokka_FOM_9/FOM_9:Prokka:FOM_9_00153 (length 481)
prokka_FOM_9/FOM_9:Prokka:FOM_9_00154 (length 515)
prokka_FOM_9/FOM_9:Prokka:FOM_9_00155 (length 317)
prokka_FOM_9/FOM_9:Prokka:FOM_9_00156 (length 292)
prokka_FOM_9/FOM_9:Prokka:FOM_9_00157 (length 456)
prokka_FOM_9/FOM_9:Prokka:FOM_9_00161 (length 246)
prokka_FOM_9/FOM_9:Prokka:FOM_9_00162 (length 220)
prokka_FOM_9/FOM_9:Prokka:FOM_9_00163 (length 293)
prokka_FOM_9/FOM_9:Prokka:FOM_9_00164 (length 157)
prokka_FOM_9/FOM_9:Prokka:FOM_9_00165 (length 627)
prokka_FOM_9/FOM_9:Prokka:FOM_9_00166 (length 154)
prokka_FOM_9/FOM_9:Prokka:FOM_9_00167 (length 317)
prokka_FOM_9/FOM_9:Prokka:FOM_9_00168 (length 231)
prokka_FOM_9/FOM_9:Prokka:FOM_9_00169 (length 260)
prokka_FOM_9/FOM_9:Prokka:FOM_9_00170 (length 543)
prokka_FOM_9/FOM_9:Prokka:FOM_9_00171 (length 457)
prokka_FOM_9/FOM_9:Prokka:FOM_9_00172 (length 171)
prokka_FOM_9/FOM_9:Prokka:FOM_9_00173 (length 361)
prokka_FOM_9/FOM_9:Prokka:FOM_9_00174 (length 324)
prokka_FOM_9/FOM_9:Prokka:FOM_9_00175 (length 425)
prokka_FOM_9/FOM_9:Prokka:FOM_9_00176 (length 638)
prokka_FOM_9/FOM_9:Prokka:FOM_9_00177 (length 555)
prokka_FOM_9/FOM_9:Prokka:FOM_9_00178 (length 237)
prokka_FOM_9/FOM_9:Prokka:FOM_9_00179 (length 477)
prokka_FOM_9/FOM_9:Prokka:FOM_9_00180 (length 282)
prokka_FOM_9/FOM_9:Prokka:FOM_9_00181 (length 71)
prokka_FOM_9/FOM_9:Prokka:FOM_9_00182 (length 75)
prokka_FOM_9/FOM_9:Prokka:FOM_9_00183 (length 50)
prokka_FOM_9/FOM_9:Prokka:FOM_9_00184 (length 415)
prokka_FOM_9/FOM_9:Prokka:FOM_9_00185 (length 243)
prokka_FOM_9/FOM_9:Prokka:FOM_9_00186 (length 487)
prokka_FOM_9/FOM_9:Prokka:FOM_9_00187 (length 282)
prokka_FOM_9/FOM_9:Prokka:FOM_9_00188 (length 353)
prokka_FOM_9/FOM_9:Prokka:FOM_9_00189 (length 304)
prokka_FOM_9/FOM_9:Prokka:FOM_9_00190 (length 46)
prokka_FOM_9/FOM_9:Prokka:FOM_9_00191 (length 502)
prokka_FOM_9/FOM_9:Prokka:FOM_9_00192 (length 291)
prokka_FOM_9/FOM_9:Prokka:FOM_9_00193 (length 48)
prokka_FOM_9/FOM_9:Prokka:FOM_9_00194 (length 436)
prokka_FOM_9/FOM_9:Prokka:FOM_9_00195 (length 375)
prokka_FOM_9/FOM_9:Prokka:FOM_9_00196 (length 367)
prokka_FOM_9/FOM_9:Prokka:FOM_9_00197 (length 164)
prokka_FOM_9/FOM_9:Prokka:FOM_9_00198 (length 239)
prokka_FOM_9/FOM_9:Prokka:FOM_9_00199 (length 224)
prokka_FOM_9/FOM_9:Prokka:FOM_9_00200 (length 461)
prokka_FOM_9/FOM_9:Prokka:FOM_9_00201 (length 194)
prokka_FOM_9/FOM_9:Prokka:FOM_9_00202 (length 243)
prokka_FOM_9/FOM_9:Prokka:FOM_9_00203 (length 819)
prokka_FOM_9/FOM_9:Prokka:FOM_9_00204 (length 218)
prokka_FOM_9/FOM_9:Prokka:FOM_9_00205 (length 511)
prokka_FOM_9/FOM_9:Prokka:FOM_9_00206 (length 328)
prokka_FOM_9/FOM_9:Prokka:FOM_9_00207 (length 287)
prokka_FOM_9/FOM_9:Prokka:FOM_9_00208 (length 276)
prokka_FOM_9/FOM_9:Prokka:FOM_9_00209 (length 354)
prokka_FOM_9/FOM_9:Prokka:FOM_9_00210 (length 214)
prokka_FOM_9/FOM_9:Prokka:FOM_9_00211 (length 282)
prokka_FOM_9/FOM_9:Prokka:FOM_9_00212 (length 360)
prokka_FOM_9/FOM_9:Prokka:FOM_9_00213 (length 322)
prokka_FOM_9/FOM_9:Prokka:FOM_9_00214 (length 1055)
prokka_FOM_9/FOM_9:Prokka:FOM_9_00215 (length 350)
prokka_FOM_9/FOM_9:Prokka:FOM_9_00216 (length 54)
prokka_FOM_9/FOM_9:Prokka:FOM_9_00217 (length 407)
prokka_FOM_9/FOM_9:Prokka:FOM_9_00218 (length 240)
prokka_FOM_9/FOM_9:Prokka:FOM_9_00219 (length 844)
prokka_FOM_9/FOM_9:Prokka:FOM_9_00220 (length 135)
prokka_FOM_9/FOM_9:Prokka:FOM_9_00221 (length 680)
prokka_FOM_9/FOM_9:Prokka:FOM_9_00222 (length 293)
prokka_FOM_9/FOM_9:Prokka:FOM_9_00223 (length 98)
prokka_FOM_9/FOM_9:Prokka:FOM_9_00224 (length 631)
prokka_FOM_9/FOM_9:Prokka:FOM_9_6 (length 29996)
prokka_FOM_9/FOM_9:Prokka:FOM_9_00225 (length 109)
prokka_FOM_9/FOM_9:Prokka:FOM_9_00226 (length 159)
prokka_FOM_9/FOM_9:Prokka:FOM_9_00227 (length 256)
prokka_FOM_9/FOM_9:Prokka:FOM_9_00228 (length 338)
prokka_FOM_9/FOM_9:Prokka:FOM_9_00229 (length 30)
prokka_FOM_9/FOM_9:Prokka:FOM_9_00230 (length 172)
prokka_FOM_9/FOM_9:Prokka:FOM_9_00231 (length 371)
prokka_FOM_9/FOM_9:Prokka:FOM_9_00232 (length 788)
prokka_FOM_9/FOM_9:Prokka:FOM_9_00233 (length 498)
prokka_FOM_9/FOM_9:Prokka:FOM_9_00234 (length 367)
prokka_FOM_9/FOM_9:Prokka:FOM_9_00235 (length 457)
prokka_FOM_9/FOM_9:Prokka:FOM_9_00236 (length 180)
prokka_FOM_9/FOM_9:Prokka:FOM_9_00237 (length 92)
prokka_FOM_9/FOM_9:Prokka:FOM_9_00238 (length 180)
prokka_FOM_9/FOM_9:Prokka:FOM_9_00239 (length 295)
prokka_FOM_9/FOM_9:Prokka:FOM_9_00240 (length 335)
prokka_FOM_9/FOM_9:Prokka:FOM_9_00241 (length 239)
prokka_FOM_9/FOM_9:Prokka:FOM_9_00242 (length 562)
prokka_FOM_9/FOM_9:Prokka:FOM_9_00243 (length 317)
prokka_FOM_9/FOM_9:Prokka:FOM_9_00244 (length 64)
prokka_FOM_9/FOM_9:Prokka:FOM_9_00245 (length 31)
prokka_FOM_9/FOM_9:Prokka:FOM_9_00246 (length 131)
prokka_FOM_9/FOM_9:Prokka:FOM_9_00247 (length 51)
prokka_FOM_9/FOM_9:Prokka:FOM_9_00248 (length 470)
prokka_FOM_9/FOM_9:Prokka:FOM_9_00249 (length 303)
prokka_FOM_9/FOM_9:Prokka:FOM_9_00250 (length 101)
prokka_FOM_9/FOM_9:Prokka:FOM_9_00251 (length 123)
prokka_FOM_9/FOM_9:Prokka:FOM_9_00252 (length 122)
prokka_FOM_9/FOM_9:Prokka:FOM_9_00253 (length 84)
prokka_FOM_9/FOM_9:Prokka:FOM_9_00254 (length 211)
prokka_FOM_9/FOM_9:Prokka:FOM_9_00255 (length 43)
prokka_FOM_9/FOM_9:Prokka:FOM_9_00256 (length 220)
prokka_FOM_9/FOM_9:Prokka:FOM_9_00257 (length 66)
prokka_FOM_9/FOM_9:Prokka:FOM_9_00258 (length 115)
prokka_FOM_9/FOM_9:Prokka:FOM_9_7 (length 130319)
prokka_FOM_9/FOM_9:Prokka:FOM_9_00259 (length 84)
prokka_FOM_9/FOM_9:Prokka:FOM_9_00260 (length 220)
prokka_FOM_9/FOM_9:Prokka:FOM_9_00261 (length 191)
prokka_FOM_9/FOM_9:Prokka:FOM_9_00262 (length 355)
prokka_FOM_9/FOM_9:Prokka:FOM_9_00263 (length 121)
prokka_FOM_9/FOM_9:Prokka:FOM_9_00264 (length 168)
prokka_FOM_9/FOM_9:Prokka:FOM_9_00265 (length 230)
prokka_FOM_9/FOM_9:Prokka:FOM_9_00266 (length 141)
prokka_FOM_9/FOM_9:Prokka:FOM_9_00267 (length 184)
prokka_FOM_9/FOM_9:Prokka:FOM_9_00268 (length 56)
prokka_FOM_9/FOM_9:Prokka:FOM_9_00269 (length 49)
prokka_FOM_9/FOM_9:Prokka:FOM_9_00270 (length 181)
prokka_FOM_9/FOM_9:Prokka:FOM_9_00271 (length 298)
prokka_FOM_9/FOM_9:Prokka:FOM_9_00272 (length 142)
prokka_FOM_9/FOM_9:Prokka:FOM_9_00273 (length 159)
prokka_FOM_9/FOM_9:Prokka:FOM_9_00274 (length 284)
prokka_FOM_9/FOM_9:Prokka:FOM_9_00275 (length 372)
prokka_FOM_9/FOM_9:Prokka:FOM_9_00276 (length 382)
prokka_FOM_9/FOM_9:Prokka:FOM_9_00277 (length 471)
prokka_FOM_9/FOM_9:Prokka:FOM_9_00278 (length 1145)
prokka_FOM_9/FOM_9:Prokka:FOM_9_00279 (length 319)
prokka_FOM_9/FOM_9:Prokka:FOM_9_00280 (length 473)
prokka_FOM_9/FOM_9:Prokka:FOM_9_00281 (length 464)
prokka_FOM_9/FOM_9:Prokka:FOM_9_00282 (length 464)
prokka_FOM_9/FOM_9:Prokka:FOM_9_00283 (length 294)
prokka_FOM_9/FOM_9:Prokka:FOM_9_00284 (length 156)
prokka_FOM_9/FOM_9:Prokka:FOM_9_00285 (length 314)
prokka_FOM_9/FOM_9:Prokka:FOM_9_00286 (length 283)
prokka_FOM_9/FOM_9:Prokka:FOM_9_00287 (length 274)
prokka_FOM_9/FOM_9:Prokka:FOM_9_00288 (length 494)
prokka_FOM_9/FOM_9:Prokka:FOM_9_00289 (length 224)
prokka_FOM_9/FOM_9:Prokka:FOM_9_00290 (length 276)
prokka_FOM_9/FOM_9:Prokka:FOM_9_00291 (length 349)
prokka_FOM_9/FOM_9:Prokka:FOM_9_00292 (length 231)
prokka_FOM_9/FOM_9:Prokka:FOM_9_00293 (length 299)
prokka_FOM_9/FOM_9:Prokka:FOM_9_00294 (length 69)
prokka_FOM_9/FOM_9:Prokka:FOM_9_00295 (length 71)
prokka_FOM_9/FOM_9:Prokka:FOM_9_00296 (length 128)
prokka_FOM_9/FOM_9:Prokka:FOM_9_00297 (length 314)
prokka_FOM_9/FOM_9:Prokka:FOM_9_00298 (length 128)
prokka_FOM_9/FOM_9:Prokka:FOM_9_00299 (length 121)
prokka_FOM_9/FOM_9:Prokka:FOM_9_00300 (length 39)
prokka_FOM_9/FOM_9:Prokka:FOM_9_00301 (length 71)
prokka_FOM_9/FOM_9:Prokka:FOM_9_00302 (length 189)
prokka_FOM_9/FOM_9:Prokka:FOM_9_00303 (length 435)
prokka_FOM_9/FOM_9:Prokka:FOM_9_00304 (length 144)
prokka_FOM_9/FOM_9:Prokka:FOM_9_00305 (length 61)
prokka_FOM_9/FOM_9:Prokka:FOM_9_00306 (length 167)
prokka_FOM_9/FOM_9:Prokka:FOM_9_00307 (length 118)
prokka_FOM_9/FOM_9:Prokka:FOM_9_00308 (length 178)
prokka_FOM_9/FOM_9:Prokka:FOM_9_00309 (length 132)
prokka_FOM_9/FOM_9:Prokka:FOM_9_00310 (length 180)
prokka_FOM_9/FOM_9:Prokka:FOM_9_00311 (length 102)
prokka_FOM_9/FOM_9:Prokka:FOM_9_00312 (length 122)
prokka_FOM_9/FOM_9:Prokka:FOM_9_00313 (length 88)
prokka_FOM_9/FOM_9:Prokka:FOM_9_00314 (length 68)
prokka_FOM_9/FOM_9:Prokka:FOM_9_00315 (length 139)
prokka_FOM_9/FOM_9:Prokka:FOM_9_00316 (length 222)
prokka_FOM_9/FOM_9:Prokka:FOM_9_00317 (length 115)
prokka_FOM_9/FOM_9:Prokka:FOM_9_00318 (length 93)
prokka_FOM_9/FOM_9:Prokka:FOM_9_00319 (length 277)
prokka_FOM_9/FOM_9:Prokka:FOM_9_00320 (length 95)
prokka_FOM_9/FOM_9:Prokka:FOM_9_00321 (length 207)
prokka_FOM_9/FOM_9:Prokka:FOM_9_00322 (length 208)
prokka_FOM_9/FOM_9:Prokka:FOM_9_00323 (length 102)
prokka_FOM_9/FOM_9:Prokka:FOM_9_00324 (length 329)
prokka_FOM_9/FOM_9:Prokka:FOM_9_00325 (length 340)
prokka_FOM_9/FOM_9:Prokka:FOM_9_00326 (length 148)
prokka_FOM_9/FOM_9:Prokka:FOM_9_00327 (length 183)
prokka_FOM_9/FOM_9:Prokka:FOM_9_00328 (length 240)
prokka_FOM_9/FOM_9:Prokka:FOM_9_00329 (length 330)
prokka_FOM_9/FOM_9:Prokka:FOM_9_00330 (length 247)
prokka_FOM_9/FOM_9:Prokka:FOM_9_00331 (length 291)
prokka_FOM_9/FOM_9:Prokka:FOM_9_00332 (length 336)
prokka_FOM_9/FOM_9:Prokka:FOM_9_00333 (length 109)
prokka_FOM_9/FOM_9:Prokka:FOM_9_00334 (length 214)
prokka_FOM_9/FOM_9:Prokka:FOM_9_00335 (length 71)
prokka_FOM_9/FOM_9:Prokka:FOM_9_00336 (length 86)
prokka_FOM_9/FOM_9:Prokka:FOM_9_00337 (length 199)
prokka_FOM_9/FOM_9:Prokka:FOM_9_00338 (length 102)
prokka_FOM_9/FOM_9:Prokka:FOM_9_00339 (length 612)
prokka_FOM_9/FOM_9:Prokka:FOM_9_00340 (length 181)
prokka_FOM_9/FOM_9:Prokka:FOM_9_00341 (length 205)
prokka_FOM_9/FOM_9:Prokka:FOM_9_00342 (length 184)
prokka_FOM_9/FOM_9:Prokka:FOM_9_00343 (length 390)
prokka_FOM_9/FOM_9:Prokka:FOM_9_00344 (length 321)
prokka_FOM_9/FOM_9:Prokka:FOM_9_00345 (length 137)
prokka_FOM_9/FOM_9:Prokka:FOM_9_00346 (length 63)
prokka_FOM_9/FOM_9:Prokka:FOM_9_00347 (length 163)
prokka_FOM_9/FOM_9:Prokka:FOM_9_00348 (length 601)
prokka_FOM_9/FOM_9:Prokka:FOM_9_00349 (length 166)
prokka_FOM_9/FOM_9:Prokka:FOM_9_00350 (length 420)
prokka_FOM_9/FOM_9:Prokka:FOM_9_00351 (length 280)
prokka_FOM_9/FOM_9:Prokka:FOM_9_00352 (length 133)
prokka_FOM_9/FOM_9:Prokka:FOM_9_00353 (length 282)
prokka_FOM_9/FOM_9:Prokka:FOM_9_00354 (length 197)
prokka_FOM_9/FOM_9:Prokka:FOM_9_00355 (length 291)
prokka_FOM_9/FOM_9:Prokka:FOM_9_00356 (length 173)
prokka_FOM_9/FOM_9:Prokka:FOM_9_00357 (length 39)
prokka_FOM_9/FOM_9:Prokka:FOM_9_00358 (length 183)
prokka_FOM_9/FOM_9:Prokka:FOM_9_00359 (length 399)
prokka_FOM_9/FOM_9:Prokka:FOM_9_00360 (length 126)
prokka_FOM_9/FOM_9:Prokka:FOM_9_00361 (length 93)
prokka_FOM_9/FOM_9:Prokka:FOM_9_00362 (length 1218)
prokka_FOM_9/FOM_9:Prokka:FOM_9_00363 (length 1201)
prokka_FOM_9/FOM_9:Prokka:FOM_9_00364 (length 832)
prokka_FOM_9/FOM_9:Prokka:FOM_9_00365 (length 158)
prokka_FOM_9/FOM_9:Prokka:FOM_9_00370 (length 427)
prokka_FOM_9/FOM_9:Prokka:FOM_9_00371 (length 216)
prokka_FOM_9/FOM_9:Prokka:FOM_9_00372 (length 261)
prokka_FOM_9/FOM_9:Prokka:FOM_9_00373 (length 138)
prokka_FOM_9/FOM_9:Prokka:FOM_9_00374 (length 466)
prokka_FOM_9/FOM_9:Prokka:FOM_9_00375 (length 292)
prokka_FOM_9/FOM_9:Prokka:FOM_9_00376 (length 503)
prokka_FOM_9/FOM_9:Prokka:FOM_9_00377 (length 180)
prokka_FOM_9/FOM_9:Prokka:FOM_9_00378 (length 171)
prokka_FOM_9/FOM_9:Prokka:FOM_9_00379 (length 72)
prokka_FOM_9/FOM_9:Prokka:FOM_9_00380 (length 240)
prokka_FOM_9/FOM_9:Prokka:FOM_9_00381 (length 425)
prokka_FOM_9/FOM_9:Prokka:FOM_9_00382 (length 136)
prokka_FOM_9/FOM_9:Prokka:FOM_9_00383 (length 211)
prokka_FOM_9/FOM_9:Prokka:FOM_9_00384 (length 209)
prokka_FOM_9/FOM_9:Prokka:FOM_9_00385 (length 416)
prokka_FOM_9/FOM_9:Prokka:FOM_9_00386 (length 342)
prokka_FOM_9/FOM_9:Prokka:FOM_9_00387 (length 287)
prokka_FOM_9/FOM_9:Prokka:FOM_9_00388 (length 361)
prokka_FOM_9/FOM_9:Prokka:FOM_9_00389 (length 198)
prokka_FOM_9/FOM_9:Prokka:FOM_9_00390 (length 369)
prokka_FOM_9/FOM_9:Prokka:FOM_9_00391 (length 236)
prokka_FOM_9/FOM_9:Prokka:FOM_9_00392 (length 450)
prokka_FOM_9/FOM_9:Prokka:FOM_9_00393 (length 321)
prokka_FOM_9/FOM_9:Prokka:FOM_9_00394 (length 239)
prokka_FOM_9/FOM_9:Prokka:FOM_9_00395 (length 201)
prokka_FOM_9/FOM_9:Prokka:FOM_9_00398 (length 1092)
prokka_FOM_9/FOM_9:Prokka:FOM_9_00399 (length 594)
prokka_FOM_9/FOM_9:Prokka:FOM_9_00400 (length 570)
prokka_FOM_9/FOM_9:Prokka:FOM_9_00401 (length 261)
prokka_FOM_9/FOM_9:Prokka:FOM_9_00402 (length 349)
prokka_FOM_9/FOM_9:Prokka:FOM_9_00403 (length 429)
prokka_FOM_9/FOM_9:Prokka:FOM_9_00404 (length 223)
prokka_FOM_9/FOM_9:Prokka:FOM_9_00407 (length 247)
prokka_FOM_9/FOM_9:Prokka:FOM_9_00408 (length 276)
prokka_FOM_9/FOM_9:Prokka:FOM_9_00409 (length 427)
prokka_FOM_9/FOM_9:Prokka:FOM_9_00410 (length 77)
prokka_FOM_9/FOM_9:Prokka:FOM_9_8 (length 25920)
prokka_FOM_9/FOM_9:Prokka:FOM_9_00411 (length 338)
prokka_FOM_9/FOM_9:Prokka:FOM_9_00412 (length 119)
prokka_FOM_9/FOM_9:Prokka:FOM_9_00413 (length 1182)
prokka_FOM_9/FOM_9:Prokka:FOM_9_00414 (length 1261)
prokka_FOM_9/FOM_9:Prokka:FOM_9_00415 (length 348)
prokka_FOM_9/FOM_9:Prokka:FOM_9_00416 (length 407)
prokka_FOM_9/FOM_9:Prokka:FOM_9_00417 (length 504)
prokka_FOM_9/FOM_9:Prokka:FOM_9_00418 (length 487)
prokka_FOM_9/FOM_9:Prokka:FOM_9_00419 (length 157)
prokka_FOM_9/FOM_9:Prokka:FOM_9_00420 (length 284)
prokka_FOM_9/FOM_9:Prokka:FOM_9_00421 (length 479)
prokka_FOM_9/FOM_9:Prokka:FOM_9_00422 (length 328)
prokka_FOM_9/FOM_9:Prokka:FOM_9_00423 (length 315)
prokka_FOM_9/FOM_9:Prokka:FOM_9_00424 (length 930)
prokka_FOM_9/FOM_9:Prokka:FOM_9_00425 (length 99)
prokka_FOM_9/FOM_9:Prokka:FOM_9_00426 (length 183)
prokka_FOM_9/FOM_9:Prokka:FOM_9_00427 (length 80)
prokka_FOM_9/FOM_9:Prokka:FOM_9_00428 (length 160)
prokka_FOM_9/FOM_9:Prokka:FOM_9_9 (length 182324)
prokka_FOM_9/FOM_9:Prokka:FOM_9_00430 (length 487)
prokka_FOM_9/FOM_9:Prokka:FOM_9_00431 (length 328)
prokka_FOM_9/FOM_9:Prokka:FOM_9_00432 (length 186)
prokka_FOM_9/FOM_9:Prokka:FOM_9_00433 (length 368)
prokka_FOM_9/FOM_9:Prokka:FOM_9_00434 (length 442)
prokka_FOM_9/FOM_9:Prokka:FOM_9_00435 (length 89)
prokka_FOM_9/FOM_9:Prokka:FOM_9_00436 (length 593)
prokka_FOM_9/FOM_9:Prokka:FOM_9_00437 (length 466)
prokka_FOM_9/FOM_9:Prokka:FOM_9_00438 (length 187)
prokka_FOM_9/FOM_9:Prokka:FOM_9_00439 (length 316)
prokka_FOM_9/FOM_9:Prokka:FOM_9_00440 (length 631)
prokka_FOM_9/FOM_9:Prokka:FOM_9_00441 (length 705)
prokka_FOM_9/FOM_9:Prokka:FOM_9_00442 (length 245)
prokka_FOM_9/FOM_9:Prokka:FOM_9_00443 (length 165)
prokka_FOM_9/FOM_9:Prokka:FOM_9_00444 (length 155)
prokka_FOM_9/FOM_9:Prokka:FOM_9_00445 (length 535)
prokka_FOM_9/FOM_9:Prokka:FOM_9_00446 (length 244)
prokka_FOM_9/FOM_9:Prokka:FOM_9_00447 (length 292)
prokka_FOM_9/FOM_9:Prokka:FOM_9_00448 (length 541)
prokka_FOM_9/FOM_9:Prokka:FOM_9_00449 (length 317)
prokka_FOM_9/FOM_9:Prokka:FOM_9_00450 (length 443)
prokka_FOM_9/FOM_9:Prokka:FOM_9_00451 (length 190)
prokka_FOM_9/FOM_9:Prokka:FOM_9_00452 (length 167)
prokka_FOM_9/FOM_9:Prokka:FOM_9_00453 (length 226)
prokka_FOM_9/FOM_9:Prokka:FOM_9_00454 (length 351)
prokka_FOM_9/FOM_9:Prokka:FOM_9_00455 (length 321)
prokka_FOM_9/FOM_9:Prokka:FOM_9_00456 (length 397)
prokka_FOM_9/FOM_9:Prokka:FOM_9_00457 (length 122)
prokka_FOM_9/FOM_9:Prokka:FOM_9_00458 (length 89)
prokka_FOM_9/FOM_9:Prokka:FOM_9_00459 (length 49)
prokka_FOM_9/FOM_9:Prokka:FOM_9_00460 (length 122)
prokka_FOM_9/FOM_9:Prokka:FOM_9_00461 (length 210)
prokka_FOM_9/FOM_9:Prokka:FOM_9_00462 (length 59)
prokka_FOM_9/FOM_9:Prokka:FOM_9_00463 (length 397)
prokka_FOM_9/FOM_9:Prokka:FOM_9_00464 (length 410)
prokka_FOM_9/FOM_9:Prokka:FOM_9_00465 (length 265)
prokka_FOM_9/FOM_9:Prokka:FOM_9_00466 (length 230)
prokka_FOM_9/FOM_9:Prokka:FOM_9_00467 (length 139)
prokka_FOM_9/FOM_9:Prokka:FOM_9_00468 (length 427)
prokka_FOM_9/FOM_9:Prokka:FOM_9_00469 (length 49)
prokka_FOM_9/FOM_9:Prokka:FOM_9_00470 (length 567)
prokka_FOM_9/FOM_9:Prokka:FOM_9_00471 (length 208)
prokka_FOM_9/FOM_9:Prokka:FOM_9_00472 (length 128)
prokka_FOM_9/FOM_9:Prokka:FOM_9_00473 (length 158)
prokka_FOM_9/FOM_9:Prokka:FOM_9_00474 (length 125)
prokka_FOM_9/FOM_9:Prokka:FOM_9_00475 (length 47)
prokka_FOM_9/FOM_9:Prokka:FOM_9_00476 (length 177)
prokka_FOM_9/FOM_9:Prokka:FOM_9_00477 (length 1061)
prokka_FOM_9/FOM_9:Prokka:FOM_9_00478 (length 389)
prokka_FOM_9/FOM_9:Prokka:FOM_9_00479 (length 310)
prokka_FOM_9/FOM_9:Prokka:FOM_9_00480 (length 402)
prokka_FOM_9/FOM_9:Prokka:FOM_9_00481 (length 172)
prokka_FOM_9/FOM_9:Prokka:FOM_9_00482 (length 270)
prokka_FOM_9/FOM_9:Prokka:FOM_9_00483 (length 91)
prokka_FOM_9/FOM_9:Prokka:FOM_9_00484 (length 436)
prokka_FOM_9/FOM_9:Prokka:FOM_9_00485 (length 410)
prokka_FOM_9/FOM_9:Prokka:FOM_9_00486 (length 224)
prokka_FOM_9/FOM_9:Prokka:FOM_9_00487 (length 214)
prokka_FOM_9/FOM_9:Prokka:FOM_9_00488 (length 480)
prokka_FOM_9/FOM_9:Prokka:FOM_9_00489 (length 350)
prokka_FOM_9/FOM_9:Prokka:FOM_9_00490 (length 192)
prokka_FOM_9/FOM_9:Prokka:FOM_9_00491 (length 172)
prokka_FOM_9/FOM_9:Prokka:FOM_9_00492 (length 195)
prokka_FOM_9/FOM_9:Prokka:FOM_9_00493 (length 255)
prokka_FOM_9/FOM_9:Prokka:FOM_9_00494 (length 211)
prokka_FOM_9/FOM_9:Prokka:FOM_9_00495 (length 260)
prokka_FOM_9/FOM_9:Prokka:FOM_9_00496 (length 123)
prokka_FOM_9/FOM_9:Prokka:FOM_9_00497 (length 303)
prokka_FOM_9/FOM_9:Prokka:FOM_9_00498 (length 291)
prokka_FOM_9/FOM_9:Prokka:FOM_9_00499 (length 183)
prokka_FOM_9/FOM_9:Prokka:FOM_9_00500 (length 321)
prokka_FOM_9/FOM_9:Prokka:FOM_9_00501 (length 56)
prokka_FOM_9/FOM_9:Prokka:FOM_9_00502 (length 148)
prokka_FOM_9/FOM_9:Prokka:FOM_9_00503 (length 744)
prokka_FOM_9/FOM_9:Prokka:FOM_9_00504 (length 1127)
prokka_FOM_9/FOM_9:Prokka:FOM_9_00505 (length 66)
prokka_FOM_9/FOM_9:Prokka:FOM_9_00506 (length 167)
prokka_FOM_9/FOM_9:Prokka:FOM_9_00507 (length 629)
prokka_FOM_9/FOM_9:Prokka:FOM_9_00508 (length 405)
prokka_FOM_9/FOM_9:Prokka:FOM_9_00509 (length 84)
prokka_FOM_9/FOM_9:Prokka:FOM_9_00510 (length 76)
prokka_FOM_9/FOM_9:Prokka:FOM_9_00511 (length 228)
prokka_FOM_9/FOM_9:Prokka:FOM_9_00512 (length 53)
prokka_FOM_9/FOM_9:Prokka:FOM_9_00513 (length 56)
prokka_FOM_9/FOM_9:Prokka:FOM_9_00514 (length 43)
prokka_FOM_9/FOM_9:Prokka:FOM_9_00515 (length 198)
prokka_FOM_9/FOM_9:Prokka:FOM_9_00516 (length 53)
prokka_FOM_9/FOM_9:Prokka:FOM_9_00517 (length 52)
prokka_FOM_9/FOM_9:Prokka:FOM_9_00518 (length 92)
prokka_FOM_9/FOM_9:Prokka:FOM_9_00519 (length 456)
prokka_FOM_9/FOM_9:Prokka:FOM_9_00520 (length 716)
prokka_FOM_9/FOM_9:Prokka:FOM_9_00521 (length 605)
prokka_FOM_9/FOM_9:Prokka:FOM_9_00522 (length 35)
prokka_FOM_9/FOM_9:Prokka:FOM_9_00523 (length 401)
prokka_FOM_9/FOM_9:Prokka:FOM_9_00524 (length 160)
prokka_FOM_9/FOM_9:Prokka:FOM_9_00525 (length 368)
prokka_FOM_9/FOM_9:Prokka:FOM_9_00526 (length 383)
prokka_FOM_9/FOM_9:Prokka:FOM_9_00527 (length 29)
prokka_FOM_9/FOM_9:Prokka:FOM_9_00528 (length 33)
prokka_FOM_9/FOM_9:Prokka:FOM_9_00529 (length 319)
prokka_FOM_9/FOM_9:Prokka:FOM_9_00530 (length 512)
prokka_FOM_9/FOM_9:Prokka:FOM_9_00531 (length 375)
prokka_FOM_9/FOM_9:Prokka:FOM_9_00532 (length 318)
prokka_FOM_9/FOM_9:Prokka:FOM_9_00533 (length 336)
prokka_FOM_9/FOM_9:Prokka:FOM_9_00534 (length 385)
prokka_FOM_9/FOM_9:Prokka:FOM_9_00535 (length 197)
prokka_FOM_9/FOM_9:Prokka:FOM_9_00536 (length 240)
prokka_FOM_9/FOM_9:Prokka:FOM_9_00537 (length 287)
prokka_FOM_9/FOM_9:Prokka:FOM_9_00538 (length 255)
prokka_FOM_9/FOM_9:Prokka:FOM_9_00539 (length 185)
prokka_FOM_9/FOM_9:Prokka:FOM_9_00540 (length 240)
prokka_FOM_9/FOM_9:Prokka:FOM_9_00541 (length 292)
prokka_FOM_9/FOM_9:Prokka:FOM_9_00542 (length 258)
prokka_FOM_9/FOM_9:Prokka:FOM_9_00543 (length 98)
prokka_FOM_9/FOM_9:Prokka:FOM_9_00544 (length 253)
prokka_FOM_9/FOM_9:Prokka:FOM_9_00545 (length 214)
prokka_FOM_9/FOM_9:Prokka:FOM_9_00546 (length 555)
prokka_FOM_9/FOM_9:Prokka:FOM_9_00547 (length 343)
prokka_FOM_9/FOM_9:Prokka:FOM_9_00548 (length 349)
prokka_FOM_9/FOM_9:Prokka:FOM_9_00549 (length 75)
prokka_FOM_9/FOM_9:Prokka:FOM_9_00550 (length 84)
prokka_FOM_9/FOM_9:Prokka:FOM_9_00551 (length 210)
prokka_FOM_9/FOM_9:Prokka:FOM_9_00552 (length 662)
prokka_FOM_9/FOM_9:Prokka:FOM_9_00553 (length 338)
prokka_FOM_9/FOM_9:Prokka:FOM_9_00554 (length 171)
prokka_FOM_9/FOM_9:Prokka:FOM_9_00555 (length 768)
prokka_FOM_9/FOM_9:Prokka:FOM_9_00556 (length 327)
prokka_FOM_9/FOM_9:Prokka:FOM_9_00557 (length 242)
prokka_FOM_9/FOM_9:Prokka:FOM_9_00558 (length 90)
prokka_FOM_9/FOM_9:Prokka:FOM_9_00559 (length 303)
prokka_FOM_9/FOM_9:Prokka:FOM_9_00560 (length 609)
prokka_FOM_9/FOM_9:Prokka:FOM_9_00561 (length 180)
prokka_FOM_9/FOM_9:Prokka:FOM_9_00562 (length 341)
prokka_FOM_9/FOM_9:Prokka:FOM_9_00563 (length 335)
prokka_FOM_9/FOM_9:Prokka:FOM_9_00564 (length 212)
prokka_FOM_9/FOM_9:Prokka:FOM_9_00565 (length 148)
prokka_FOM_9/FOM_9:Prokka:FOM_9_00566 (length 644)
prokka_FOM_9/FOM_9:Prokka:FOM_9_00567 (length 297)
prokka_FOM_9/FOM_9:Prokka:FOM_9_00568 (length 299)
prokka_FOM_9/FOM_9:Prokka:FOM_9_00569 (length 592)
prokka_FOM_9/FOM_9:Prokka:FOM_9_00570 (length 309)
prokka_FOM_9/FOM_9:Prokka:FOM_9_00571 (length 484)
prokka_FOM_9/FOM_9:Prokka:FOM_9_00572 (length 368)
prokka_FOM_9/FOM_9:Prokka:FOM_9_00573 (length 356)
prokka_FOM_9/FOM_9:Prokka:FOM_9_00574 (length 566)
prokka_FOM_9/FOM_9:Prokka:FOM_9_00575 (length 392)
prokka_FOM_9/FOM_9:Prokka:FOM_9_00576 (length 257)
prokka_FOM_9/FOM_9:Prokka:FOM_9_00577 (length 459)
prokka_FOM_9/FOM_9:Prokka:FOM_9_00578 (length 210)
prokka_FOM_9/FOM_9:Prokka:FOM_9_00579 (length 207)
prokka_FOM_9/FOM_9:Prokka:FOM_9_00580 (length 260)
prokka_FOM_9/FOM_9:Prokka:FOM_9_00581 (length 196)
prokka_FOM_9/FOM_9:Prokka:FOM_9_00582 (length 446)
prokka_FOM_9/FOM_9:Prokka:FOM_9_00583 (length 332)
prokka_FOM_9/FOM_9:Prokka:FOM_9_00584 (length 373)
prokka_FOM_9/FOM_9:Prokka:FOM_9_00585 (length 382)
prokka_FOM_9/FOM_9:Prokka:FOM_9_00586 (length 453)
prokka_FOM_9/FOM_9:Prokka:FOM_9_00587 (length 215)
prokka_FOM_9/FOM_9:Prokka:FOM_9_00588 (length 132)
prokka_FOM_9/FOM_9:Prokka:FOM_9_00589 (length 379)
prokka_FOM_9/FOM_9:Prokka:FOM_9_00590 (length 268)
prokka_FOM_9/FOM_9:Prokka:FOM_9_00591 (length 372)
prokka_FOM_9/FOM_9:Prokka:FOM_9_00592 (length 341)
prokka_FOM_9/FOM_9:Prokka:FOM_9_00593 (length 236)
prokka_FOM_9/FOM_9:Prokka:FOM_9_00594 (length 264)
prokka_FOM_9/FOM_9:Prokka:FOM_9_00595 (length 395)
prokka_FOM_9/FOM_9:Prokka:FOM_9_00596 (length 1201)
prokka_FOM_9/FOM_9:Prokka:FOM_9_00597 (length 164)
prokka_FOM_9/FOM_9:Prokka:FOM_9_00598 (length 352)
prokka_FOM_9/FOM_9:Prokka:FOM_9_00599 (length 183)
prokka_FOM_9/FOM_9:Prokka:FOM_9_00600 (length 585)
prokka_FOM_9/FOM_9:Prokka:FOM_9_00601 (length 519)
prokka_FOM_9/FOM_9:Prokka:FOM_9_00602 (length 164)
prokka_FOM_9/FOM_9:Prokka:FOM_9_00603 (length 53)
prokka_FOM_9/FOM_9:Prokka:FOM_9_00604 (length 114)
prokka_FOM_9/FOM_9:Prokka:FOM_9_00605 (length 142)
prokka_FOM_9/FOM_9:Prokka:FOM_9_00606 (length 100)
prokka_FOM_9/FOM_9:Prokka:FOM_9_00607 (length 237)
prokka_FOM_9/FOM_9:Prokka:FOM_9_00608 (length 611)
prokka_FOM_9/FOM_9:Prokka:FOM_9_10 (length 133683)
prokka_FOM_9/FOM_9:Prokka:FOM_9_00609 (length 4246)
prokka_FOM_9/FOM_9:Prokka:FOM_9_00610 (length 346)
prokka_FOM_9/FOM_9:Prokka:FOM_9_00611 (length 183)
prokka_FOM_9/FOM_9:Prokka:FOM_9_00612 (length 280)
prokka_FOM_9/FOM_9:Prokka:FOM_9_00613 (length 523)
prokka_FOM_9/FOM_9:Prokka:FOM_9_00614 (length 69)
prokka_FOM_9/FOM_9:Prokka:FOM_9_00615 (length 146)
prokka_FOM_9/FOM_9:Prokka:FOM_9_00616 (length 608)
prokka_FOM_9/FOM_9:Prokka:FOM_9_00617 (length 428)
prokka_FOM_9/FOM_9:Prokka:FOM_9_00618 (length 92)
prokka_FOM_9/FOM_9:Prokka:FOM_9_00619 (length 151)
prokka_FOM_9/FOM_9:Prokka:FOM_9_00620 (length 93)
prokka_FOM_9/FOM_9:Prokka:FOM_9_00621 (length 205)
prokka_FOM_9/FOM_9:Prokka:FOM_9_00622 (length 422)
prokka_FOM_9/FOM_9:Prokka:FOM_9_00623 (length 164)
prokka_FOM_9/FOM_9:Prokka:FOM_9_00624 (length 495)
prokka_FOM_9/FOM_9:Prokka:FOM_9_00625 (length 183)
prokka_FOM_9/FOM_9:Prokka:FOM_9_00626 (length 420)
prokka_FOM_9/FOM_9:Prokka:FOM_9_00627 (length 193)
prokka_FOM_9/FOM_9:Prokka:FOM_9_00628 (length 364)
prokka_FOM_9/FOM_9:Prokka:FOM_9_00629 (length 2051)
prokka_FOM_9/FOM_9:Prokka:FOM_9_00630 (length 212)
prokka_FOM_9/FOM_9:Prokka:FOM_9_00631 (length 375)
prokka_FOM_9/FOM_9:Prokka:FOM_9_00632 (length 190)
prokka_FOM_9/FOM_9:Prokka:FOM_9_00633 (length 366)
prokka_FOM_9/FOM_9:Prokka:FOM_9_00634 (length 835)
prokka_FOM_9/FOM_9:Prokka:FOM_9_00635 (length 693)
prokka_FOM_9/FOM_9:Prokka:FOM_9_00636 (length 253)
prokka_FOM_9/FOM_9:Prokka:FOM_9_00638 (length 255)
prokka_FOM_9/FOM_9:Prokka:FOM_9_00639 (length 217)
prokka_FOM_9/FOM_9:Prokka:FOM_9_00640 (length 204)
prokka_FOM_9/FOM_9:Prokka:FOM_9_00641 (length 131)
prokka_FOM_9/FOM_9:Prokka:FOM_9_00642 (length 114)
prokka_FOM_9/FOM_9:Prokka:FOM_9_00643 (length 43)
prokka_FOM_9/FOM_9:Prokka:FOM_9_00644 (length 68)
prokka_FOM_9/FOM_9:Prokka:FOM_9_00645 (length 95)
prokka_FOM_9/FOM_9:Prokka:FOM_9_00646 (length 887)
prokka_FOM_9/FOM_9:Prokka:FOM_9_00647 (length 250)
prokka_FOM_9/FOM_9:Prokka:FOM_9_00648 (length 436)
prokka_FOM_9/FOM_9:Prokka:FOM_9_00649 (length 644)
prokka_FOM_9/FOM_9:Prokka:FOM_9_00650 (length 233)
prokka_FOM_9/FOM_9:Prokka:FOM_9_00651 (length 107)
prokka_FOM_9/FOM_9:Prokka:FOM_9_00652 (length 652)
prokka_FOM_9/FOM_9:Prokka:FOM_9_00653 (length 91)
prokka_FOM_9/FOM_9:Prokka:FOM_9_00654 (length 539)
prokka_FOM_9/FOM_9:Prokka:FOM_9_00655 (length 610)
prokka_FOM_9/FOM_9:Prokka:FOM_9_00656 (length 327)
prokka_FOM_9/FOM_9:Prokka:FOM_9_00657 (length 382)
prokka_FOM_9/FOM_9:Prokka:FOM_9_00658 (length 175)
prokka_FOM_9/FOM_9:Prokka:FOM_9_00659 (length 391)
prokka_FOM_9/FOM_9:Prokka:FOM_9_00660 (length 104)
prokka_FOM_9/FOM_9:Prokka:FOM_9_00661 (length 221)
prokka_FOM_9/FOM_9:Prokka:FOM_9_00662 (length 195)
prokka_FOM_9/FOM_9:Prokka:FOM_9_00663 (length 123)
prokka_FOM_9/FOM_9:Prokka:FOM_9_00664 (length 248)
prokka_FOM_9/FOM_9:Prokka:FOM_9_00665 (length 397)
prokka_FOM_9/FOM_9:Prokka:FOM_9_00666 (length 180)
prokka_FOM_9/FOM_9:Prokka:FOM_9_00667 (length 880)
prokka_FOM_9/FOM_9:Prokka:FOM_9_00668 (length 665)
prokka_FOM_9/FOM_9:Prokka:FOM_9_00669 (length 150)
prokka_FOM_9/FOM_9:Prokka:FOM_9_00670 (length 608)
prokka_FOM_9/FOM_9:Prokka:FOM_9_00671 (length 256)
prokka_FOM_9/FOM_9:Prokka:FOM_9_00672 (length 114)
prokka_FOM_9/FOM_9:Prokka:FOM_9_00673 (length 426)
prokka_FOM_9/FOM_9:Prokka:FOM_9_00674 (length 1193)
prokka_FOM_9/FOM_9:Prokka:FOM_9_00675 (length 80)
prokka_FOM_9/FOM_9:Prokka:FOM_9_00676 (length 549)
prokka_FOM_9/FOM_9:Prokka:FOM_9_00677 (length 76)
prokka_FOM_9/FOM_9:Prokka:FOM_9_00678 (length 86)
prokka_FOM_9/FOM_9:Prokka:FOM_9_00679 (length 331)
prokka_FOM_9/FOM_9:Prokka:FOM_9_00680 (length 98)
prokka_FOM_9/FOM_9:Prokka:FOM_9_00681 (length 4613)
prokka_FOM_9/FOM_9:Prokka:FOM_9_00682 (length 36)
prokka_FOM_9/FOM_9:Prokka:FOM_9_00683 (length 341)
prokka_FOM_9/FOM_9:Prokka:FOM_9_00684 (length 248)
prokka_FOM_9/FOM_9:Prokka:FOM_9_00685 (length 606)
prokka_FOM_9/FOM_9:Prokka:FOM_9_00686 (length 57)
prokka_FOM_9/FOM_9:Prokka:FOM_9_00687 (length 63)
prokka_FOM_9/FOM_9:Prokka:FOM_9_00688 (length 658)
prokka_FOM_9/FOM_9:Prokka:FOM_9_00689 (length 233)
prokka_FOM_9/FOM_9:Prokka:FOM_9_00690 (length 242)
prokka_FOM_9/FOM_9:Prokka:FOM_9_00691 (length 92)
prokka_FOM_9/FOM_9:Prokka:FOM_9_00692 (length 91)
prokka_FOM_9/FOM_9:Prokka:FOM_9_00693 (length 487)
prokka_FOM_9/FOM_9:Prokka:FOM_9_00694 (length 219)
prokka_FOM_9/FOM_9:Prokka:FOM_9_00695 (length 156)
prokka_FOM_9/FOM_9:Prokka:FOM_9_00696 (length 306)
prokka_FOM_9/FOM_9:Prokka:FOM_9_00697 (length 179)
prokka_FOM_9/FOM_9:Prokka:FOM_9_00698 (length 296)
prokka_FOM_9/FOM_9:Prokka:FOM_9_00699 (length 421)
prokka_FOM_9/FOM_9:Prokka:FOM_9_00700 (length 72)
prokka_FOM_9/FOM_9:Prokka:FOM_9_00701 (length 287)
prokka_FOM_9/FOM_9:Prokka:FOM_9_00702 (length 282)
prokka_FOM_9/FOM_9:Prokka:FOM_9_00703 (length 149)
prokka_FOM_9/FOM_9:Prokka:FOM_9_00704 (length 562)
prokka_FOM_9/FOM_9:Prokka:FOM_9_00705 (length 520)
prokka_FOM_9/FOM_9:Prokka:FOM_9_00706 (length 205)
prokka_FOM_9/FOM_9:Prokka:FOM_9_00707 (length 71)
prokka_FOM_9/FOM_9:Prokka:FOM_9_00708 (length 220)
prokka_FOM_9/FOM_9:Prokka:FOM_9_00709 (length 193)
prokka_FOM_9/FOM_9:Prokka:FOM_9_00710 (length 133)
prokka_FOM_9/FOM_9:Prokka:FOM_9_00711 (length 128)
prokka_FOM_9/FOM_9:Prokka:FOM_9_11 (length 16121)
prokka_FOM_9/FOM_9:Prokka:FOM_9_00712 (length 541)
prokka_FOM_9/FOM_9:Prokka:FOM_9_00713 (length 218)
prokka_FOM_9/FOM_9:Prokka:FOM_9_00714 (length 214)
prokka_FOM_9/FOM_9:Prokka:FOM_9_00715 (length 281)
prokka_FOM_9/FOM_9:Prokka:FOM_9_00716 (length 244)
prokka_FOM_9/FOM_9:Prokka:FOM_9_00717 (length 265)
prokka_FOM_9/FOM_9:Prokka:FOM_9_00718 (length 163)
prokka_FOM_9/FOM_9:Prokka:FOM_9_00719 (length 186)
prokka_FOM_9/FOM_9:Prokka:FOM_9_00720 (length 177)
prokka_FOM_9/FOM_9:Prokka:FOM_9_00721 (length 249)
prokka_FOM_9/FOM_9:Prokka:FOM_9_00722 (length 181)
prokka_FOM_9/FOM_9:Prokka:FOM_9_00723 (length 331)
prokka_FOM_9/FOM_9:Prokka:FOM_9_00724 (length 354)
prokka_FOM_9/FOM_9:Prokka:FOM_9_00725 (length 473)
prokka_FOM_9/FOM_9:Prokka:FOM_9_00726 (length 483)
prokka_FOM_9/FOM_9:Prokka:FOM_9_00727 (length 281)
prokka_FOM_9/FOM_9:Prokka:FOM_9_12 (length 43622)
prokka_FOM_9/FOM_9:Prokka:FOM_9_00728 (length 125)
prokka_FOM_9/FOM_9:Prokka:FOM_9_00729 (length 381)
prokka_FOM_9/FOM_9:Prokka:FOM_9_00731 (length 152)
prokka_FOM_9/FOM_9:Prokka:FOM_9_00732 (length 145)
prokka_FOM_9/FOM_9:Prokka:FOM_9_00733 (length 456)
prokka_FOM_9/FOM_9:Prokka:FOM_9_00734 (length 57)
prokka_FOM_9/FOM_9:Prokka:FOM_9_00735 (length 115)
prokka_FOM_9/FOM_9:Prokka:FOM_9_00736 (length 380)
prokka_FOM_9/FOM_9:Prokka:FOM_9_00737 (length 331)
prokka_FOM_9/FOM_9:Prokka:FOM_9_00738 (length 197)
prokka_FOM_9/FOM_9:Prokka:FOM_9_00739 (length 318)
prokka_FOM_9/FOM_9:Prokka:FOM_9_00740 (length 334)
prokka_FOM_9/FOM_9:Prokka:FOM_9_00741 (length 297)
prokka_FOM_9/FOM_9:Prokka:FOM_9_00742 (length 40)
prokka_FOM_9/FOM_9:Prokka:FOM_9_00743 (length 951)
prokka_FOM_9/FOM_9:Prokka:FOM_9_00744 (length 466)
prokka_FOM_9/FOM_9:Prokka:FOM_9_00745 (length 97)
prokka_FOM_9/FOM_9:Prokka:FOM_9_00746 (length 34)
prokka_FOM_9/FOM_9:Prokka:FOM_9_00747 (length 255)
prokka_FOM_9/FOM_9:Prokka:FOM_9_00748 (length 200)
prokka_FOM_9/FOM_9:Prokka:FOM_9_00749 (length 395)
prokka_FOM_9/FOM_9:Prokka:FOM_9_00750 (length 560)
prokka_FOM_9/FOM_9:Prokka:FOM_9_00751 (length 280)
prokka_FOM_9/FOM_9:Prokka:FOM_9_00752 (length 833)
prokka_FOM_9/FOM_9:Prokka:FOM_9_00753 (length 190)
prokka_FOM_9/FOM_9:Prokka:FOM_9_00754 (length 52)
prokka_FOM_9/FOM_9:Prokka:FOM_9_00755 (length 190)
prokka_FOM_9/FOM_9:Prokka:FOM_9_00756 (length 606)
prokka_FOM_9/FOM_9:Prokka:FOM_9_00757 (length 184)
prokka_FOM_9/FOM_9:Prokka:FOM_9_00758 (length 184)
prokka_FOM_9/FOM_9:Prokka:FOM_9_00759 (length 307)
prokka_FOM_9/FOM_9:Prokka:FOM_9_00760 (length 117)
prokka_FOM_9/FOM_9:Prokka:FOM_9_00761 (length 130)
prokka_FOM_9/FOM_9:Prokka:FOM_9_00762 (length 147)
prokka_FOM_9/FOM_9:Prokka:FOM_9_00763 (length 249)
prokka_FOM_9/FOM_9:Prokka:FOM_9_00764 (length 266)
prokka_FOM_9/FOM_9:Prokka:FOM_9_00765 (length 288)
prokka_FOM_9/FOM_9:Prokka:FOM_9_00766 (length 280)
prokka_FOM_9/FOM_9:Prokka:FOM_9_00767 (length 197)
prokka_FOM_9/FOM_9:Prokka:FOM_9_00768 (length 558)
prokka_FOM_9/FOM_9:Prokka:FOM_9_00769 (length 314)
prokka_FOM_9/FOM_9:Prokka:FOM_9_00770 (length 284)
prokka_FOM_9/FOM_9:Prokka:FOM_9_00771 (length 245)
prokka_FOM_9/FOM_9:Prokka:FOM_9_00772 (length 288)
prokka_FOM_9/FOM_9:Prokka:FOM_9_00773 (length 127)
prokka_FOM_9/FOM_9:Prokka:FOM_9_13 (length 32150)
prokka_FOM_9/FOM_9:Prokka:FOM_9_00774 (length 72)
prokka_FOM_9/FOM_9:Prokka:FOM_9_00775 (length 140)
prokka_FOM_9/FOM_9:Prokka:FOM_9_00776 (length 169)
prokka_FOM_9/FOM_9:Prokka:FOM_9_00777 (length 135)
prokka_FOM_9/FOM_9:Prokka:FOM_9_00778 (length 66)
prokka_FOM_9/FOM_9:Prokka:FOM_9_00779 (length 66)
prokka_FOM_9/FOM_9:Prokka:FOM_9_00780 (length 362)
prokka_FOM_9/FOM_9:Prokka:FOM_9_00781 (length 116)
prokka_FOM_9/FOM_9:Prokka:FOM_9_00782 (length 377)
prokka_FOM_9/FOM_9:Prokka:FOM_9_00783 (length 467)
prokka_FOM_9/FOM_9:Prokka:FOM_9_00784 (length 443)
prokka_FOM_9/FOM_9:Prokka:FOM_9_00785 (length 30)
prokka_FOM_9/FOM_9:Prokka:FOM_9_00786 (length 475)
prokka_FOM_9/FOM_9:Prokka:FOM_9_00787 (length 102)
prokka_FOM_9/FOM_9:Prokka:FOM_9_00788 (length 386)
prokka_FOM_9/FOM_9:Prokka:FOM_9_00789 (length 379)
prokka_FOM_9/FOM_9:Prokka:FOM_9_00790 (length 45)
prokka_FOM_9/FOM_9:Prokka:FOM_9_00791 (length 316)
prokka_FOM_9/FOM_9:Prokka:FOM_9_00792 (length 420)
prokka_FOM_9/FOM_9:Prokka:FOM_9_00793 (length 712)
prokka_FOM_9/FOM_9:Prokka:FOM_9_00795 (length 355)
prokka_FOM_9/FOM_9:Prokka:FOM_9_00796 (length 804)
prokka_FOM_9/FOM_9:Prokka:FOM_9_00797 (length 230)
prokka_FOM_9/FOM_9:Prokka:FOM_9_00798 (length 170)
prokka_FOM_9/FOM_9:Prokka:FOM_9_00799 (length 459)
prokka_FOM_9/FOM_9:Prokka:FOM_9_00800 (length 106)
prokka_FOM_9/FOM_9:Prokka:FOM_9_00801 (length 273)
prokka_FOM_9/FOM_9:Prokka:FOM_9_00802 (length 182)
prokka_FOM_9/FOM_9:Prokka:FOM_9_00803 (length 407)
prokka_FOM_9/FOM_9:Prokka:FOM_9_00804 (length 415)
prokka_FOM_9/FOM_9:Prokka:FOM_9_00805 (length 50)
prokka_FOM_9/FOM_9:Prokka:FOM_9_00806 (length 592)
prokka_FOM_9/FOM_9:Prokka:FOM_9_00807 (length 178)
prokka_FOM_9/FOM_9:Prokka:FOM_9_14 (length 114557)
prokka_FOM_9/FOM_9:Prokka:FOM_9_00808 (length 2400)
prokka_FOM_9/FOM_9:Prokka:FOM_9_00809 (length 562)
prokka_FOM_9/FOM_9:Prokka:FOM_9_00810 (length 120)
prokka_FOM_9/FOM_9:Prokka:FOM_9_00811 (length 66)
prokka_FOM_9/FOM_9:Prokka:FOM_9_00812 (length 221)
prokka_FOM_9/FOM_9:Prokka:FOM_9_00813 (length 219)
prokka_FOM_9/FOM_9:Prokka:FOM_9_00814 (length 304)
prokka_FOM_9/FOM_9:Prokka:FOM_9_00815 (length 657)
prokka_FOM_9/FOM_9:Prokka:FOM_9_00816 (length 246)
prokka_FOM_9/FOM_9:Prokka:FOM_9_00817 (length 457)
prokka_FOM_9/FOM_9:Prokka:FOM_9_00818 (length 320)
prokka_FOM_9/FOM_9:Prokka:FOM_9_00819 (length 806)
prokka_FOM_9/FOM_9:Prokka:FOM_9_00820 (length 396)
prokka_FOM_9/FOM_9:Prokka:FOM_9_00821 (length 335)
prokka_FOM_9/FOM_9:Prokka:FOM_9_00822 (length 94)
prokka_FOM_9/FOM_9:Prokka:FOM_9_00823 (length 141)
prokka_FOM_9/FOM_9:Prokka:FOM_9_00824 (length 66)
prokka_FOM_9/FOM_9:Prokka:FOM_9_00825 (length 131)
prokka_FOM_9/FOM_9:Prokka:FOM_9_00826 (length 103)
prokka_FOM_9/FOM_9:Prokka:FOM_9_00827 (length 332)
prokka_FOM_9/FOM_9:Prokka:FOM_9_00828 (length 145)
prokka_FOM_9/FOM_9:Prokka:FOM_9_00829 (length 164)
prokka_FOM_9/FOM_9:Prokka:FOM_9_00830 (length 483)
prokka_FOM_9/FOM_9:Prokka:FOM_9_00831 (length 240)
prokka_FOM_9/FOM_9:Prokka:FOM_9_00832 (length 849)
prokka_FOM_9/FOM_9:Prokka:FOM_9_00833 (length 221)
prokka_FOM_9/FOM_9:Prokka:FOM_9_00834 (length 220)
prokka_FOM_9/FOM_9:Prokka:FOM_9_00835 (length 929)
prokka_FOM_9/FOM_9:Prokka:FOM_9_00836 (length 211)
prokka_FOM_9/FOM_9:Prokka:FOM_9_00837 (length 261)
prokka_FOM_9/FOM_9:Prokka:FOM_9_00838 (length 86)
prokka_FOM_9/FOM_9:Prokka:FOM_9_00839 (length 149)
prokka_FOM_9/FOM_9:Prokka:FOM_9_00840 (length 423)
prokka_FOM_9/FOM_9:Prokka:FOM_9_00841 (length 456)
prokka_FOM_9/FOM_9:Prokka:FOM_9_00842 (length 306)
prokka_FOM_9/FOM_9:Prokka:FOM_9_00843 (length 366)
prokka_FOM_9/FOM_9:Prokka:FOM_9_00844 (length 447)
prokka_FOM_9/FOM_9:Prokka:FOM_9_00845 (length 330)
prokka_FOM_9/FOM_9:Prokka:FOM_9_00846 (length 730)
prokka_FOM_9/FOM_9:Prokka:FOM_9_00847 (length 123)
prokka_FOM_9/FOM_9:Prokka:FOM_9_00848 (length 314)
prokka_FOM_9/FOM_9:Prokka:FOM_9_00849 (length 144)
prokka_FOM_9/FOM_9:Prokka:FOM_9_00850 (length 126)
prokka_FOM_9/FOM_9:Prokka:FOM_9_00851 (length 248)
prokka_FOM_9/FOM_9:Prokka:FOM_9_00852 (length 318)
prokka_FOM_9/FOM_9:Prokka:FOM_9_00853 (length 473)
prokka_FOM_9/FOM_9:Prokka:FOM_9_00854 (length 490)
prokka_FOM_9/FOM_9:Prokka:FOM_9_00855 (length 156)
prokka_FOM_9/FOM_9:Prokka:FOM_9_00856 (length 418)
prokka_FOM_9/FOM_9:Prokka:FOM_9_00857 (length 456)
prokka_FOM_9/FOM_9:Prokka:FOM_9_00858 (length 232)
prokka_FOM_9/FOM_9:Prokka:FOM_9_00859 (length 159)
prokka_FOM_9/FOM_9:Prokka:FOM_9_00860 (length 553)
prokka_FOM_9/FOM_9:Prokka:FOM_9_00861 (length 427)
prokka_FOM_9/FOM_9:Prokka:FOM_9_00862 (length 509)
prokka_FOM_9/FOM_9:Prokka:FOM_9_00863 (length 197)
prokka_FOM_9/FOM_9:Prokka:FOM_9_00864 (length 346)
prokka_FOM_9/FOM_9:Prokka:FOM_9_00865 (length 511)
prokka_FOM_9/FOM_9:Prokka:FOM_9_00866 (length 740)
prokka_FOM_9/FOM_9:Prokka:FOM_9_00867 (length 227)
prokka_FOM_9/FOM_9:Prokka:FOM_9_00868 (length 85)
prokka_FOM_9/FOM_9:Prokka:FOM_9_00869 (length 241)
prokka_FOM_9/FOM_9:Prokka:FOM_9_00870 (length 372)
prokka_FOM_9/FOM_9:Prokka:FOM_9_00871 (length 162)
prokka_FOM_9/FOM_9:Prokka:FOM_9_00872 (length 209)
prokka_FOM_9/FOM_9:Prokka:FOM_9_00873 (length 277)
prokka_FOM_9/FOM_9:Prokka:FOM_9_00874 (length 212)
prokka_FOM_9/FOM_9:Prokka:FOM_9_00875 (length 214)
prokka_FOM_9/FOM_9:Prokka:FOM_9_00876 (length 203)
prokka_FOM_9/FOM_9:Prokka:FOM_9_00877 (length 209)
prokka_FOM_9/FOM_9:Prokka:FOM_9_00878 (length 283)
prokka_FOM_9/FOM_9:Prokka:FOM_9_00879 (length 334)
prokka_FOM_9/FOM_9:Prokka:FOM_9_00880 (length 144)
prokka_FOM_9/FOM_9:Prokka:FOM_9_00881 (length 114)
prokka_FOM_9/FOM_9:Prokka:FOM_9_00882 (length 278)
prokka_FOM_9/FOM_9:Prokka:FOM_9_00883 (length 673)
prokka_FOM_9/FOM_9:Prokka:FOM_9_00884 (length 289)
prokka_FOM_9/FOM_9:Prokka:FOM_9_00885 (length 120)
prokka_FOM_9/FOM_9:Prokka:FOM_9_00886 (length 126)
prokka_FOM_9/FOM_9:Prokka:FOM_9_00887 (length 512)
prokka_FOM_9/FOM_9:Prokka:FOM_9_00888 (length 256)
prokka_FOM_9/FOM_9:Prokka:FOM_9_00889 (length 300)
prokka_FOM_9/FOM_9:Prokka:FOM_9_00890 (length 328)
prokka_FOM_9/FOM_9:Prokka:FOM_9_00891 (length 320)
prokka_FOM_9/FOM_9:Prokka:FOM_9_00892 (length 723)
prokka_FOM_9/FOM_9:Prokka:FOM_9_00893 (length 78)
prokka_FOM_9/FOM_9:Prokka:FOM_9_00894 (length 150)
prokka_FOM_9/FOM_9:Prokka:FOM_9_00895 (length 217)
prokka_FOM_9/FOM_9:Prokka:FOM_9_00896 (length 86)
prokka_FOM_9/FOM_9:Prokka:FOM_9_00897 (length 231)
prokka_FOM_9/FOM_9:Prokka:FOM_9_00898 (length 113)
prokka_FOM_9/FOM_9:Prokka:FOM_9_00899 (length 272)
prokka_FOM_9/FOM_9:Prokka:FOM_9_00900 (length 337)
prokka_FOM_9/FOM_9:Prokka:FOM_9_00901 (length 230)
prokka_FOM_9/FOM_9:Prokka:FOM_9_00902 (length 96)
prokka_FOM_9/FOM_9:Prokka:FOM_9_00903 (length 189)
prokka_FOM_9/FOM_9:Prokka:FOM_9_00904 (length 73)
prokka_FOM_9/FOM_9:Prokka:FOM_9_00905 (length 122)
prokka_FOM_9/FOM_9:Prokka:FOM_9_00906 (length 39)
prokka_FOM_9/FOM_9:Prokka:FOM_9_00907 (length 373)
prokka_FOM_9/FOM_9:Prokka:FOM_9_00908 (length 223)
prokka_FOM_9/FOM_9:Prokka:FOM_9_00909 (length 585)
prokka_FOM_9/FOM_9:Prokka:FOM_9_00910 (length 577)
prokka_FOM_9/FOM_9:Prokka:FOM_9_00911 (length 334)
prokka_FOM_9/FOM_9:Prokka:FOM_9_00912 (length 489)
prokka_FOM_9/FOM_9:Prokka:FOM_9_00913 (length 204)
prokka_FOM_9/FOM_9:Prokka:FOM_9_00914 (length 315)
prokka_FOM_9/FOM_9:Prokka:FOM_9_00915 (length 287)
prokka_FOM_9/FOM_9:Prokka:FOM_9_15 (length 117942)
prokka_FOM_9/FOM_9:Prokka:FOM_9_00920 (length 306)
prokka_FOM_9/FOM_9:Prokka:FOM_9_00921 (length 343)
prokka_FOM_9/FOM_9:Prokka:FOM_9_00922 (length 367)
prokka_FOM_9/FOM_9:Prokka:FOM_9_00923 (length 317)
prokka_FOM_9/FOM_9:Prokka:FOM_9_00924 (length 673)
prokka_FOM_9/FOM_9:Prokka:FOM_9_00925 (length 150)
prokka_FOM_9/FOM_9:Prokka:FOM_9_00926 (length 471)
prokka_FOM_9/FOM_9:Prokka:FOM_9_00927 (length 396)
prokka_FOM_9/FOM_9:Prokka:FOM_9_00928 (length 176)
prokka_FOM_9/FOM_9:Prokka:FOM_9_00929 (length 420)
prokka_FOM_9/FOM_9:Prokka:FOM_9_00930 (length 391)
prokka_FOM_9/FOM_9:Prokka:FOM_9_00931 (length 397)
prokka_FOM_9/FOM_9:Prokka:FOM_9_00932 (length 95)
prokka_FOM_9/FOM_9:Prokka:FOM_9_00933 (length 101)
prokka_FOM_9/FOM_9:Prokka:FOM_9_00934 (length 132)
prokka_FOM_9/FOM_9:Prokka:FOM_9_00935 (length 285)
prokka_FOM_9/FOM_9:Prokka:FOM_9_00936 (length 351)
prokka_FOM_9/FOM_9:Prokka:FOM_9_00937 (length 348)
prokka_FOM_9/FOM_9:Prokka:FOM_9_00938 (length 255)
prokka_FOM_9/FOM_9:Prokka:FOM_9_00939 (length 263)
prokka_FOM_9/FOM_9:Prokka:FOM_9_00940 (length 337)
prokka_FOM_9/FOM_9:Prokka:FOM_9_00941 (length 95)
prokka_FOM_9/FOM_9:Prokka:FOM_9_00942 (length 109)
prokka_FOM_9/FOM_9:Prokka:FOM_9_00943 (length 239)
prokka_FOM_9/FOM_9:Prokka:FOM_9_00944 (length 158)
prokka_FOM_9/FOM_9:Prokka:FOM_9_00945 (length 34)
prokka_FOM_9/FOM_9:Prokka:FOM_9_00946 (length 137)
prokka_FOM_9/FOM_9:Prokka:FOM_9_00947 (length 112)
prokka_FOM_9/FOM_9:Prokka:FOM_9_00948 (length 286)
prokka_FOM_9/FOM_9:Prokka:FOM_9_00949 (length 279)
prokka_FOM_9/FOM_9:Prokka:FOM_9_00950 (length 343)
prokka_FOM_9/FOM_9:Prokka:FOM_9_00951 (length 109)
prokka_FOM_9/FOM_9:Prokka:FOM_9_00952 (length 205)
prokka_FOM_9/FOM_9:Prokka:FOM_9_00953 (length 386)
prokka_FOM_9/FOM_9:Prokka:FOM_9_00954 (length 359)
prokka_FOM_9/FOM_9:Prokka:FOM_9_00955 (length 516)
prokka_FOM_9/FOM_9:Prokka:FOM_9_00956 (length 378)
prokka_FOM_9/FOM_9:Prokka:FOM_9_00957 (length 318)
prokka_FOM_9/FOM_9:Prokka:FOM_9_00958 (length 454)
prokka_FOM_9/FOM_9:Prokka:FOM_9_00959 (length 329)
prokka_FOM_9/FOM_9:Prokka:FOM_9_00960 (length 69)
prokka_FOM_9/FOM_9:Prokka:FOM_9_00961 (length 396)
prokka_FOM_9/FOM_9:Prokka:FOM_9_00962 (length 263)
prokka_FOM_9/FOM_9:Prokka:FOM_9_00963 (length 82)
prokka_FOM_9/FOM_9:Prokka:FOM_9_00964 (length 249)
prokka_FOM_9/FOM_9:Prokka:FOM_9_00966 (length 265)
prokka_FOM_9/FOM_9:Prokka:FOM_9_00967 (length 267)
prokka_FOM_9/FOM_9:Prokka:FOM_9_00968 (length 166)
prokka_FOM_9/FOM_9:Prokka:FOM_9_00969 (length 271)
prokka_FOM_9/FOM_9:Prokka:FOM_9_00970 (length 215)
prokka_FOM_9/FOM_9:Prokka:FOM_9_00971 (length 659)
prokka_FOM_9/FOM_9:Prokka:FOM_9_00972 (length 391)
prokka_FOM_9/FOM_9:Prokka:FOM_9_00973 (length 233)
prokka_FOM_9/FOM_9:Prokka:FOM_9_00974 (length 166)
prokka_FOM_9/FOM_9:Prokka:FOM_9_00975 (length 203)
prokka_FOM_9/FOM_9:Prokka:FOM_9_00976 (length 386)
prokka_FOM_9/FOM_9:Prokka:FOM_9_00977 (length 314)
prokka_FOM_9/FOM_9:Prokka:FOM_9_00978 (length 577)
prokka_FOM_9/FOM_9:Prokka:FOM_9_00979 (length 237)
prokka_FOM_9/FOM_9:Prokka:FOM_9_00980 (length 73)
prokka_FOM_9/FOM_9:Prokka:FOM_9_00981 (length 435)
prokka_FOM_9/FOM_9:Prokka:FOM_9_00982 (length 860)
prokka_FOM_9/FOM_9:Prokka:FOM_9_00983 (length 430)
prokka_FOM_9/FOM_9:Prokka:FOM_9_00984 (length 178)
prokka_FOM_9/FOM_9:Prokka:FOM_9_00985 (length 70)
prokka_FOM_9/FOM_9:Prokka:FOM_9_00986 (length 2243)
prokka_FOM_9/FOM_9:Prokka:FOM_9_00987 (length 214)
prokka_FOM_9/FOM_9:Prokka:FOM_9_00988 (length 139)
prokka_FOM_9/FOM_9:Prokka:FOM_9_00989 (length 79)
prokka_FOM_9/FOM_9:Prokka:FOM_9_00990 (length 175)
prokka_FOM_9/FOM_9:Prokka:FOM_9_00991 (length 220)
prokka_FOM_9/FOM_9:Prokka:FOM_9_00992 (length 67)
prokka_FOM_9/FOM_9:Prokka:FOM_9_00993 (length 147)
prokka_FOM_9/FOM_9:Prokka:FOM_9_00994 (length 300)
prokka_FOM_9/FOM_9:Prokka:FOM_9_00995 (length 540)
prokka_FOM_9/FOM_9:Prokka:FOM_9_00996 (length 388)
prokka_FOM_9/FOM_9:Prokka:FOM_9_00997 (length 618)
prokka_FOM_9/FOM_9:Prokka:FOM_9_00998 (length 199)
prokka_FOM_9/FOM_9:Prokka:FOM_9_00999 (length 464)
prokka_FOM_9/FOM_9:Prokka:FOM_9_01000 (length 830)
prokka_FOM_9/FOM_9:Prokka:FOM_9_01001 (length 280)
prokka_FOM_9/FOM_9:Prokka:FOM_9_01002 (length 282)
prokka_FOM_9/FOM_9:Prokka:FOM_9_01003 (length 253)
prokka_FOM_9/FOM_9:Prokka:FOM_9_01004 (length 143)
prokka_FOM_9/FOM_9:Prokka:FOM_9_01005 (length 198)
prokka_FOM_9/FOM_9:Prokka:FOM_9_01006 (length 50)
prokka_FOM_9/FOM_9:Prokka:FOM_9_01007 (length 108)
prokka_FOM_9/FOM_9:Prokka:FOM_9_01008 (length 107)
prokka_FOM_9/FOM_9:Prokka:FOM_9_01009 (length 341)
prokka_FOM_9/FOM_9:Prokka:FOM_9_01010 (length 195)
prokka_FOM_9/FOM_9:Prokka:FOM_9_01011 (length 397)
prokka_FOM_9/FOM_9:Prokka:FOM_9_01012 (length 154)
prokka_FOM_9/FOM_9:Prokka:FOM_9_01013 (length 268)
prokka_FOM_9/FOM_9:Prokka:FOM_9_01014 (length 145)
prokka_FOM_9/FOM_9:Prokka:FOM_9_01015 (length 302)
prokka_FOM_9/FOM_9:Prokka:FOM_9_01016 (length 507)
prokka_FOM_9/FOM_9:Prokka:FOM_9_01017 (length 391)
prokka_FOM_9/FOM_9:Prokka:FOM_9_01018 (length 394)
prokka_FOM_9/FOM_9:Prokka:FOM_9_01019 (length 243)
prokka_FOM_9/FOM_9:Prokka:FOM_9_01020 (length 120)
prokka_FOM_9/FOM_9:Prokka:FOM_9_01021 (length 134)
prokka_FOM_9/FOM_9:Prokka:FOM_9_01022 (length 185)
prokka_FOM_9/FOM_9:Prokka:FOM_9_01023 (length 282)
prokka_FOM_9/FOM_9:Prokka:FOM_9_01024 (length 141)
prokka_FOM_9/FOM_9:Prokka:FOM_9_01025 (length 281)
prokka_FOM_9/FOM_9:Prokka:FOM_9_01026 (length 262)
prokka_FOM_9/FOM_9:Prokka:FOM_9_01027 (length 263)
prokka_FOM_9/FOM_9:Prokka:FOM_9_01028 (length 419)
prokka_FOM_9/FOM_9:Prokka:FOM_9_01029 (length 573)
prokka_FOM_9/FOM_9:Prokka:FOM_9_01030 (length 1440)
prokka_FOM_9/FOM_9:Prokka:FOM_9_16 (length 208526)
prokka_FOM_9/FOM_9:Prokka:FOM_9_01031 (length 734)
prokka_FOM_9/FOM_9:Prokka:FOM_9_01032 (length 84)
prokka_FOM_9/FOM_9:Prokka:FOM_9_01033 (length 339)
prokka_FOM_9/FOM_9:Prokka:FOM_9_01034 (length 342)
prokka_FOM_9/FOM_9:Prokka:FOM_9_01035 (length 415)
prokka_FOM_9/FOM_9:Prokka:FOM_9_01036 (length 212)
prokka_FOM_9/FOM_9:Prokka:FOM_9_01037 (length 238)
prokka_FOM_9/FOM_9:Prokka:FOM_9_01038 (length 319)
prokka_FOM_9/FOM_9:Prokka:FOM_9_01039 (length 1059)
prokka_FOM_9/FOM_9:Prokka:FOM_9_01040 (length 360)
prokka_FOM_9/FOM_9:Prokka:FOM_9_01041 (length 429)
prokka_FOM_9/FOM_9:Prokka:FOM_9_01042 (length 301)
prokka_FOM_9/FOM_9:Prokka:FOM_9_01043 (length 98)
prokka_FOM_9/FOM_9:Prokka:FOM_9_01044 (length 616)
prokka_FOM_9/FOM_9:Prokka:FOM_9_01045 (length 104)
prokka_FOM_9/FOM_9:Prokka:FOM_9_01046 (length 452)
prokka_FOM_9/FOM_9:Prokka:FOM_9_01047 (length 325)
prokka_FOM_9/FOM_9:Prokka:FOM_9_01048 (length 277)
prokka_FOM_9/FOM_9:Prokka:FOM_9_01049 (length 683)
prokka_FOM_9/FOM_9:Prokka:FOM_9_01050 (length 298)
prokka_FOM_9/FOM_9:Prokka:FOM_9_01051 (length 177)
prokka_FOM_9/FOM_9:Prokka:FOM_9_01052 (length 169)
prokka_FOM_9/FOM_9:Prokka:FOM_9_01053 (length 155)
prokka_FOM_9/FOM_9:Prokka:FOM_9_01054 (length 325)
prokka_FOM_9/FOM_9:Prokka:FOM_9_01055 (length 220)
prokka_FOM_9/FOM_9:Prokka:FOM_9_01056 (length 201)
prokka_FOM_9/FOM_9:Prokka:FOM_9_01057 (length 108)
prokka_FOM_9/FOM_9:Prokka:FOM_9_01058 (length 104)
prokka_FOM_9/FOM_9:Prokka:FOM_9_01059 (length 245)
prokka_FOM_9/FOM_9:Prokka:FOM_9_01060 (length 481)
prokka_FOM_9/FOM_9:Prokka:FOM_9_01061 (length 471)
prokka_FOM_9/FOM_9:Prokka:FOM_9_01062 (length 266)
prokka_FOM_9/FOM_9:Prokka:FOM_9_01063 (length 155)
prokka_FOM_9/FOM_9:Prokka:FOM_9_01064 (length 785)
prokka_FOM_9/FOM_9:Prokka:FOM_9_01065 (length 78)
prokka_FOM_9/FOM_9:Prokka:FOM_9_01066 (length 475)
prokka_FOM_9/FOM_9:Prokka:FOM_9_01067 (length 458)
prokka_FOM_9/FOM_9:Prokka:FOM_9_01068 (length 451)
prokka_FOM_9/FOM_9:Prokka:FOM_9_01069 (length 88)
prokka_FOM_9/FOM_9:Prokka:FOM_9_01070 (length 65)
prokka_FOM_9/FOM_9:Prokka:FOM_9_01071 (length 262)
prokka_FOM_9/FOM_9:Prokka:FOM_9_01072 (length 575)
prokka_FOM_9/FOM_9:Prokka:FOM_9_01073 (length 88)
prokka_FOM_9/FOM_9:Prokka:FOM_9_01074 (length 60)
prokka_FOM_9/FOM_9:Prokka:FOM_9_01075 (length 324)
prokka_FOM_9/FOM_9:Prokka:FOM_9_01076 (length 316)
prokka_FOM_9/FOM_9:Prokka:FOM_9_01077 (length 615)
prokka_FOM_9/FOM_9:Prokka:FOM_9_01078 (length 650)
prokka_FOM_9/FOM_9:Prokka:FOM_9_01079 (length 1303)
prokka_FOM_9/FOM_9:Prokka:FOM_9_01080 (length 291)
prokka_FOM_9/FOM_9:Prokka:FOM_9_01081 (length 339)
prokka_FOM_9/FOM_9:Prokka:FOM_9_01082 (length 310)
prokka_FOM_9/FOM_9:Prokka:FOM_9_01083 (length 128)
prokka_FOM_9/FOM_9:Prokka:FOM_9_01084 (length 72)
prokka_FOM_9/FOM_9:Prokka:FOM_9_01085 (length 149)
prokka_FOM_9/FOM_9:Prokka:FOM_9_01086 (length 119)
prokka_FOM_9/FOM_9:Prokka:FOM_9_01087 (length 242)
prokka_FOM_9/FOM_9:Prokka:FOM_9_01088 (length 361)
prokka_FOM_9/FOM_9:Prokka:FOM_9_01089 (length 276)
prokka_FOM_9/FOM_9:Prokka:FOM_9_01090 (length 272)
prokka_FOM_9/FOM_9:Prokka:FOM_9_01091 (length 372)
prokka_FOM_9/FOM_9:Prokka:FOM_9_01092 (length 598)
prokka_FOM_9/FOM_9:Prokka:FOM_9_01093 (length 707)
prokka_FOM_9/FOM_9:Prokka:FOM_9_01094 (length 156)
prokka_FOM_9/FOM_9:Prokka:FOM_9_01095 (length 138)
prokka_FOM_9/FOM_9:Prokka:FOM_9_01096 (length 281)
prokka_FOM_9/FOM_9:Prokka:FOM_9_01097 (length 296)
prokka_FOM_9/FOM_9:Prokka:FOM_9_01098 (length 277)
prokka_FOM_9/FOM_9:Prokka:FOM_9_01099 (length 312)
prokka_FOM_9/FOM_9:Prokka:FOM_9_01100 (length 555)
prokka_FOM_9/FOM_9:Prokka:FOM_9_01101 (length 407)
prokka_FOM_9/FOM_9:Prokka:FOM_9_01102 (length 371)
prokka_FOM_9/FOM_9:Prokka:FOM_9_01103 (length 263)
prokka_FOM_9/FOM_9:Prokka:FOM_9_01104 (length 389)
prokka_FOM_9/FOM_9:Prokka:FOM_9_01105 (length 373)
prokka_FOM_9/FOM_9:Prokka:FOM_9_01106 (length 187)
prokka_FOM_9/FOM_9:Prokka:FOM_9_01107 (length 64)
prokka_FOM_9/FOM_9:Prokka:FOM_9_01108 (length 165)
prokka_FOM_9/FOM_9:Prokka:FOM_9_01109 (length 140)
prokka_FOM_9/FOM_9:Prokka:FOM_9_01110 (length 145)
prokka_FOM_9/FOM_9:Prokka:FOM_9_01111 (length 188)
prokka_FOM_9/FOM_9:Prokka:FOM_9_01112 (length 447)
prokka_FOM_9/FOM_9:Prokka:FOM_9_01113 (length 342)
prokka_FOM_9/FOM_9:Prokka:FOM_9_01114 (length 301)
prokka_FOM_9/FOM_9:Prokka:FOM_9_01115 (length 317)
prokka_FOM_9/FOM_9:Prokka:FOM_9_01116 (length 475)
prokka_FOM_9/FOM_9:Prokka:FOM_9_01117 (length 250)
prokka_FOM_9/FOM_9:Prokka:FOM_9_01118 (length 566)
prokka_FOM_9/FOM_9:Prokka:FOM_9_01119 (length 413)
prokka_FOM_9/FOM_9:Prokka:FOM_9_01120 (length 349)
prokka_FOM_9/FOM_9:Prokka:FOM_9_01121 (length 458)
prokka_FOM_9/FOM_9:Prokka:FOM_9_01122 (length 692)
prokka_FOM_9/FOM_9:Prokka:FOM_9_01123 (length 449)
prokka_FOM_9/FOM_9:Prokka:FOM_9_01124 (length 99)
prokka_FOM_9/FOM_9:Prokka:FOM_9_01125 (length 350)
prokka_FOM_9/FOM_9:Prokka:FOM_9_01126 (length 206)
prokka_FOM_9/FOM_9:Prokka:FOM_9_01127 (length 233)
prokka_FOM_9/FOM_9:Prokka:FOM_9_01128 (length 182)
prokka_FOM_9/FOM_9:Prokka:FOM_9_01129 (length 45)
prokka_FOM_9/FOM_9:Prokka:FOM_9_01130 (length 259)
prokka_FOM_9/FOM_9:Prokka:FOM_9_01131 (length 264)
prokka_FOM_9/FOM_9:Prokka:FOM_9_01132 (length 133)
prokka_FOM_9/FOM_9:Prokka:FOM_9_01133 (length 55)
prokka_FOM_9/FOM_9:Prokka:FOM_9_01134 (length 78)
prokka_FOM_9/FOM_9:Prokka:FOM_9_01135 (length 64)
prokka_FOM_9/FOM_9:Prokka:FOM_9_01136 (length 54)
prokka_FOM_9/FOM_9:Prokka:FOM_9_01138 (length 328)
prokka_FOM_9/FOM_9:Prokka:FOM_9_01139 (length 190)
prokka_FOM_9/FOM_9:Prokka:FOM_9_01140 (length 257)
prokka_FOM_9/FOM_9:Prokka:FOM_9_01141 (length 254)
prokka_FOM_9/FOM_9:Prokka:FOM_9_01142 (length 331)
prokka_FOM_9/FOM_9:Prokka:FOM_9_01143 (length 445)
prokka_FOM_9/FOM_9:Prokka:FOM_9_01144 (length 167)
prokka_FOM_9/FOM_9:Prokka:FOM_9_01145 (length 444)
prokka_FOM_9/FOM_9:Prokka:FOM_9_01146 (length 67)
prokka_FOM_9/FOM_9:Prokka:FOM_9_01147 (length 265)
prokka_FOM_9/FOM_9:Prokka:FOM_9_01148 (length 176)
prokka_FOM_9/FOM_9:Prokka:FOM_9_01149 (length 317)
prokka_FOM_9/FOM_9:Prokka:FOM_9_01150 (length 325)
prokka_FOM_9/FOM_9:Prokka:FOM_9_01151 (length 536)
prokka_FOM_9/FOM_9:Prokka:FOM_9_01152 (length 203)
prokka_FOM_9/FOM_9:Prokka:FOM_9_01153 (length 299)
prokka_FOM_9/FOM_9:Prokka:FOM_9_01154 (length 257)
prokka_FOM_9/FOM_9:Prokka:FOM_9_01155 (length 276)
prokka_FOM_9/FOM_9:Prokka:FOM_9_01156 (length 230)
prokka_FOM_9/FOM_9:Prokka:FOM_9_01157 (length 372)
prokka_FOM_9/FOM_9:Prokka:FOM_9_01158 (length 230)
prokka_FOM_9/FOM_9:Prokka:FOM_9_01159 (length 312)
prokka_FOM_9/FOM_9:Prokka:FOM_9_01160 (length 450)
prokka_FOM_9/FOM_9:Prokka:FOM_9_01161 (length 131)
prokka_FOM_9/FOM_9:Prokka:FOM_9_01162 (length 329)
prokka_FOM_9/FOM_9:Prokka:FOM_9_01163 (length 53)
prokka_FOM_9/FOM_9:Prokka:FOM_9_01164 (length 180)
prokka_FOM_9/FOM_9:Prokka:FOM_9_01165 (length 206)
prokka_FOM_9/FOM_9:Prokka:FOM_9_01166 (length 321)
prokka_FOM_9/FOM_9:Prokka:FOM_9_01167 (length 428)
prokka_FOM_9/FOM_9:Prokka:FOM_9_01168 (length 248)
prokka_FOM_9/FOM_9:Prokka:FOM_9_01169 (length 327)
prokka_FOM_9/FOM_9:Prokka:FOM_9_01170 (length 56)
prokka_FOM_9/FOM_9:Prokka:FOM_9_01171 (length 249)
prokka_FOM_9/FOM_9:Prokka:FOM_9_01172 (length 415)
prokka_FOM_9/FOM_9:Prokka:FOM_9_01173 (length 385)
prokka_FOM_9/FOM_9:Prokka:FOM_9_01174 (length 502)
prokka_FOM_9/FOM_9:Prokka:FOM_9_01175 (length 322)
prokka_FOM_9/FOM_9:Prokka:FOM_9_01176 (length 237)
prokka_FOM_9/FOM_9:Prokka:FOM_9_01177 (length 262)
prokka_FOM_9/FOM_9:Prokka:FOM_9_01178 (length 277)
prokka_FOM_9/FOM_9:Prokka:FOM_9_01179 (length 415)
prokka_FOM_9/FOM_9:Prokka:FOM_9_01180 (length 181)
prokka_FOM_9/FOM_9:Prokka:FOM_9_01181 (length 165)
prokka_FOM_9/FOM_9:Prokka:FOM_9_01182 (length 120)
prokka_FOM_9/FOM_9:Prokka:FOM_9_01183 (length 82)
prokka_FOM_9/FOM_9:Prokka:FOM_9_01184 (length 58)
prokka_FOM_9/FOM_9:Prokka:FOM_9_01185 (length 39)
prokka_FOM_9/FOM_9:Prokka:FOM_9_01186 (length 269)
prokka_FOM_9/FOM_9:Prokka:FOM_9_01187 (length 155)
prokka_FOM_9/FOM_9:Prokka:FOM_9_01188 (length 623)
prokka_FOM_9/FOM_9:Prokka:FOM_9_01189 (length 299)
prokka_FOM_9/FOM_9:Prokka:FOM_9_01190 (length 318)
prokka_FOM_9/FOM_9:Prokka:FOM_9_01191 (length 220)
prokka_FOM_9/FOM_9:Prokka:FOM_9_01192 (length 468)
prokka_FOM_9/FOM_9:Prokka:FOM_9_01193 (length 373)
prokka_FOM_9/FOM_9:Prokka:FOM_9_01194 (length 552)
prokka_FOM_9/FOM_9:Prokka:FOM_9_01195 (length 516)
prokka_FOM_9/FOM_9:Prokka:FOM_9_01196 (length 223)
prokka_FOM_9/FOM_9:Prokka:FOM_9_01197 (length 223)
prokka_FOM_9/FOM_9:Prokka:FOM_9_01198 (length 754)
prokka_FOM_9/FOM_9:Prokka:FOM_9_01199 (length 440)
prokka_FOM_9/FOM_9:Prokka:FOM_9_01200 (length 310)
prokka_FOM_9/FOM_9:Prokka:FOM_9_01201 (length 188)
prokka_FOM_9/FOM_9:Prokka:FOM_9_01202 (length 88)
prokka_FOM_9/FOM_9:Prokka:FOM_9_01203 (length 114)
prokka_FOM_9/FOM_9:Prokka:FOM_9_01204 (length 182)
prokka_FOM_9/FOM_9:Prokka:FOM_9_01205 (length 381)
prokka_FOM_9/FOM_9:Prokka:FOM_9_01206 (length 214)
prokka_FOM_9/FOM_9:Prokka:FOM_9_01207 (length 592)
prokka_FOM_9/FOM_9:Prokka:FOM_9_01208 (length 250)
prokka_FOM_9/FOM_9:Prokka:FOM_9_01209 (length 120)
prokka_FOM_9/FOM_9:Prokka:FOM_9_01210 (length 52)
prokka_FOM_9/FOM_9:Prokka:FOM_9_01211 (length 233)
prokka_FOM_9/FOM_9:Prokka:FOM_9_01212 (length 314)
prokka_FOM_9/FOM_9:Prokka:FOM_9_01213 (length 477)
prokka_FOM_9/FOM_9:Prokka:FOM_9_01214 (length 348)
prokka_FOM_9/FOM_9:Prokka:FOM_9_01215 (length 412)
prokka_FOM_9/FOM_9:Prokka:FOM_9_01216 (length 520)
prokka_FOM_9/FOM_9:Prokka:FOM_9_01217 (length 526)
prokka_FOM_9/FOM_9:Prokka:FOM_9_01221 (length 337)
prokka_FOM_9/FOM_9:Prokka:FOM_9_01222 (length 580)
prokka_FOM_9/FOM_9:Prokka:FOM_9_01223 (length 502)
prokka_FOM_9/FOM_9:Prokka:FOM_9_01224 (length 134)
prokka_FOM_9/FOM_9:Prokka:FOM_9_01225 (length 337)
prokka_FOM_9/FOM_9:Prokka:FOM_9_01226 (length 402)
prokka_FOM_9/FOM_9:Prokka:FOM_9_01227 (length 516)
prokka_FOM_9/FOM_9:Prokka:FOM_9_01228 (length 216)
prokka_FOM_9/FOM_9:Prokka:FOM_9_01229 (length 494)
prokka_FOM_9/FOM_9:Prokka:FOM_9_01230 (length 518)
prokka_FOM_9/FOM_9:Prokka:FOM_9_17 (length 30675)
prokka_FOM_9/FOM_9:Prokka:FOM_9_01231 (length 346)
prokka_FOM_9/FOM_9:Prokka:FOM_9_01232 (length 807)
prokka_FOM_9/FOM_9:Prokka:FOM_9_01233 (length 403)
prokka_FOM_9/FOM_9:Prokka:FOM_9_01234 (length 609)
prokka_FOM_9/FOM_9:Prokka:FOM_9_01235 (length 161)
prokka_FOM_9/FOM_9:Prokka:FOM_9_01236 (length 882)
prokka_FOM_9/FOM_9:Prokka:FOM_9_01237 (length 683)
prokka_FOM_9/FOM_9:Prokka:FOM_9_01238 (length 183)
prokka_FOM_9/FOM_9:Prokka:FOM_9_01239 (length 233)
prokka_FOM_9/FOM_9:Prokka:FOM_9_01240 (length 68)
prokka_FOM_9/FOM_9:Prokka:FOM_9_01241 (length 325)
prokka_FOM_9/FOM_9:Prokka:FOM_9_01242 (length 115)
prokka_FOM_9/FOM_9:Prokka:FOM_9_01243 (length 229)
prokka_FOM_9/FOM_9:Prokka:FOM_9_01244 (length 51)
prokka_FOM_9/FOM_9:Prokka:FOM_9_01245 (length 282)
prokka_FOM_9/FOM_9:Prokka:FOM_9_01246 (length 276)
prokka_FOM_9/FOM_9:Prokka:FOM_9_01247 (length 128)
prokka_FOM_9/FOM_9:Prokka:FOM_9_01248 (length 60)
prokka_FOM_9/FOM_9:Prokka:FOM_9_01249 (length 203)
prokka_FOM_9/FOM_9:Prokka:FOM_9_01250 (length 307)
prokka_FOM_9/FOM_9:Prokka:FOM_9_01251 (length 116)
prokka_FOM_9/FOM_9:Prokka:FOM_9_01252 (length 448)
prokka_FOM_9/FOM_9:Prokka:FOM_9_01253 (length 290)
prokka_FOM_9/FOM_9:Prokka:FOM_9_01254 (length 343)
prokka_FOM_9/FOM_9:Prokka:FOM_9_01255 (length 175)
prokka_FOM_9/FOM_9:Prokka:FOM_9_01257 (length 100)
prokka_FOM_9/FOM_9:Prokka:FOM_9_01258 (length 103)
prokka_FOM_9/FOM_9:Prokka:FOM_9_01259 (length 713)
prokka_FOM_9/FOM_9:Prokka:FOM_9_01260 (length 219)
prokka_FOM_9/FOM_9:Prokka:FOM_9_18 (length 104269)
prokka_FOM_9/FOM_9:Prokka:FOM_9_01261 (length 517)
prokka_FOM_9/FOM_9:Prokka:FOM_9_01262 (length 359)
prokka_FOM_9/FOM_9:Prokka:FOM_9_01263 (length 407)
prokka_FOM_9/FOM_9:Prokka:FOM_9_01264 (length 459)
prokka_FOM_9/FOM_9:Prokka:FOM_9_01265 (length 343)
prokka_FOM_9/FOM_9:Prokka:FOM_9_01266 (length 388)
prokka_FOM_9/FOM_9:Prokka:FOM_9_01267 (length 237)
prokka_FOM_9/FOM_9:Prokka:FOM_9_01268 (length 376)
prokka_FOM_9/FOM_9:Prokka:FOM_9_01269 (length 341)
prokka_FOM_9/FOM_9:Prokka:FOM_9_01270 (length 356)
prokka_FOM_9/FOM_9:Prokka:FOM_9_01271 (length 1025)
prokka_FOM_9/FOM_9:Prokka:FOM_9_01272 (length 256)
prokka_FOM_9/FOM_9:Prokka:FOM_9_01273 (length 127)
prokka_FOM_9/FOM_9:Prokka:FOM_9_01274 (length 425)
prokka_FOM_9/FOM_9:Prokka:FOM_9_01275 (length 297)
prokka_FOM_9/FOM_9:Prokka:FOM_9_01276 (length 535)
prokka_FOM_9/FOM_9:Prokka:FOM_9_01277 (length 129)
prokka_FOM_9/FOM_9:Prokka:FOM_9_01278 (length 239)
prokka_FOM_9/FOM_9:Prokka:FOM_9_01279 (length 179)
prokka_FOM_9/FOM_9:Prokka:FOM_9_01280 (length 496)
prokka_FOM_9/FOM_9:Prokka:FOM_9_01281 (length 569)
prokka_FOM_9/FOM_9:Prokka:FOM_9_01282 (length 294)
prokka_FOM_9/FOM_9:Prokka:FOM_9_01283 (length 360)
prokka_FOM_9/FOM_9:Prokka:FOM_9_01284 (length 378)
prokka_FOM_9/FOM_9:Prokka:FOM_9_01285 (length 206)
prokka_FOM_9/FOM_9:Prokka:FOM_9_01286 (length 163)
prokka_FOM_9/FOM_9:Prokka:FOM_9_01287 (length 215)
prokka_FOM_9/FOM_9:Prokka:FOM_9_01288 (length 588)
prokka_FOM_9/FOM_9:Prokka:FOM_9_01289 (length 74)
prokka_FOM_9/FOM_9:Prokka:FOM_9_01290 (length 285)
prokka_FOM_9/FOM_9:Prokka:FOM_9_01291 (length 193)
prokka_FOM_9/FOM_9:Prokka:FOM_9_01292 (length 219)
prokka_FOM_9/FOM_9:Prokka:FOM_9_01293 (length 257)
prokka_FOM_9/FOM_9:Prokka:FOM_9_01294 (length 121)
prokka_FOM_9/FOM_9:Prokka:FOM_9_01295 (length 236)
prokka_FOM_9/FOM_9:Prokka:FOM_9_01296 (length 252)
prokka_FOM_9/FOM_9:Prokka:FOM_9_01297 (length 246)
prokka_FOM_9/FOM_9:Prokka:FOM_9_01298 (length 233)
prokka_FOM_9/FOM_9:Prokka:FOM_9_01299 (length 29)
prokka_FOM_9/FOM_9:Prokka:FOM_9_01300 (length 224)
prokka_FOM_9/FOM_9:Prokka:FOM_9_01301 (length 265)
prokka_FOM_9/FOM_9:Prokka:FOM_9_01302 (length 90)
prokka_FOM_9/FOM_9:Prokka:FOM_9_01303 (length 297)
prokka_FOM_9/FOM_9:Prokka:FOM_9_01304 (length 836)
prokka_FOM_9/FOM_9:Prokka:FOM_9_01305 (length 238)
prokka_FOM_9/FOM_9:Prokka:FOM_9_01306 (length 373)
prokka_FOM_9/FOM_9:Prokka:FOM_9_01307 (length 111)
prokka_FOM_9/FOM_9:Prokka:FOM_9_01308 (length 256)
prokka_FOM_9/FOM_9:Prokka:FOM_9_01309 (length 213)
prokka_FOM_9/FOM_9:Prokka:FOM_9_01310 (length 486)
prokka_FOM_9/FOM_9:Prokka:FOM_9_01311 (length 136)
prokka_FOM_9/FOM_9:Prokka:FOM_9_01312 (length 447)
prokka_FOM_9/FOM_9:Prokka:FOM_9_01313 (length 297)
prokka_FOM_9/FOM_9:Prokka:FOM_9_01314 (length 68)
prokka_FOM_9/FOM_9:Prokka:FOM_9_01315 (length 313)
prokka_FOM_9/FOM_9:Prokka:FOM_9_01316 (length 190)
prokka_FOM_9/FOM_9:Prokka:FOM_9_01317 (length 353)
prokka_FOM_9/FOM_9:Prokka:FOM_9_01318 (length 190)
prokka_FOM_9/FOM_9:Prokka:FOM_9_01319 (length 59)
prokka_FOM_9/FOM_9:Prokka:FOM_9_01320 (length 331)
prokka_FOM_9/FOM_9:Prokka:FOM_9_01321 (length 164)
prokka_FOM_9/FOM_9:Prokka:FOM_9_01322 (length 335)
prokka_FOM_9/FOM_9:Prokka:FOM_9_01323 (length 296)
prokka_FOM_9/FOM_9:Prokka:FOM_9_01324 (length 522)
prokka_FOM_9/FOM_9:Prokka:FOM_9_01325 (length 311)
prokka_FOM_9/FOM_9:Prokka:FOM_9_01326 (length 120)
prokka_FOM_9/FOM_9:Prokka:FOM_9_01327 (length 183)
prokka_FOM_9/FOM_9:Prokka:FOM_9_01328 (length 412)
prokka_FOM_9/FOM_9:Prokka:FOM_9_01329 (length 465)
prokka_FOM_9/FOM_9:Prokka:FOM_9_01330 (length 200)
prokka_FOM_9/FOM_9:Prokka:FOM_9_01331 (length 153)
prokka_FOM_9/FOM_9:Prokka:FOM_9_01332 (length 128)
prokka_FOM_9/FOM_9:Prokka:FOM_9_01333 (length 438)
prokka_FOM_9/FOM_9:Prokka:FOM_9_01334 (length 617)
prokka_FOM_9/FOM_9:Prokka:FOM_9_01335 (length 221)
prokka_FOM_9/FOM_9:Prokka:FOM_9_01336 (length 112)
prokka_FOM_9/FOM_9:Prokka:FOM_9_01337 (length 234)
prokka_FOM_9/FOM_9:Prokka:FOM_9_01338 (length 539)
prokka_FOM_9/FOM_9:Prokka:FOM_9_01339 (length 305)
prokka_FOM_9/FOM_9:Prokka:FOM_9_01340 (length 46)
prokka_FOM_9/FOM_9:Prokka:FOM_9_01341 (length 161)
prokka_FOM_9/FOM_9:Prokka:FOM_9_01342 (length 303)
prokka_FOM_9/FOM_9:Prokka:FOM_9_01343 (length 52)
prokka_FOM_9/FOM_9:Prokka:FOM_9_01344 (length 454)
prokka_FOM_9/FOM_9:Prokka:FOM_9_01345 (length 304)
prokka_FOM_9/FOM_9:Prokka:FOM_9_01346 (length 145)
prokka_FOM_9/FOM_9:Prokka:FOM_9_01347 (length 441)
prokka_FOM_9/FOM_9:Prokka:FOM_9_01348 (length 462)
prokka_FOM_9/FOM_9:Prokka:FOM_9_01349 (length 472)
prokka_FOM_9/FOM_9:Prokka:FOM_9_01350 (length 329)
prokka_FOM_9/FOM_9:Prokka:FOM_9_01351 (length 141)
prokka_FOM_9/FOM_9:Prokka:FOM_9_01352 (length 230)
prokka_FOM_9/FOM_9:Prokka:FOM_9_01353 (length 233)
prokka_FOM_9/FOM_9:Prokka:FOM_9_01354 (length 189)
prokka_FOM_9/FOM_9:Prokka:FOM_9_01355 (length 125)
prokka_FOM_9/FOM_9:Prokka:FOM_9_01356 (length 272)
prokka_FOM_9/FOM_9:Prokka:FOM_9_01357 (length 483)
prokka_FOM_9/FOM_9:Prokka:FOM_9_01358 (length 380)
prokka_FOM_9/FOM_9:Prokka:FOM_9_01359 (length 355)
prokka_FOM_9/FOM_9:Prokka:FOM_9_01360 (length 126)
prokka_FOM_9/FOM_9:Prokka:FOM_9_01361 (length 231)
prokka_FOM_9/FOM_9:Prokka:FOM_9_01362 (length 412)
prokka_FOM_9/FOM_9:Prokka:FOM_9_01363 (length 115)
prokka_FOM_9/FOM_9:Prokka:FOM_9_19 (length 82304)
prokka_FOM_9/FOM_9:Prokka:FOM_9_01364 (length 344)
prokka_FOM_9/FOM_9:Prokka:FOM_9_01365 (length 106)
prokka_FOM_9/FOM_9:Prokka:FOM_9_01366 (length 108)
prokka_FOM_9/FOM_9:Prokka:FOM_9_01367 (length 480)
prokka_FOM_9/FOM_9:Prokka:FOM_9_01368 (length 459)
prokka_FOM_9/FOM_9:Prokka:FOM_9_01369 (length 472)
prokka_FOM_9/FOM_9:Prokka:FOM_9_01370 (length 189)
prokka_FOM_9/FOM_9:Prokka:FOM_9_01371 (length 400)
prokka_FOM_9/FOM_9:Prokka:FOM_9_01372 (length 329)
prokka_FOM_9/FOM_9:Prokka:FOM_9_01373 (length 347)
prokka_FOM_9/FOM_9:Prokka:FOM_9_01374 (length 270)
prokka_FOM_9/FOM_9:Prokka:FOM_9_01375 (length 468)
prokka_FOM_9/FOM_9:Prokka:FOM_9_01376 (length 393)
prokka_FOM_9/FOM_9:Prokka:FOM_9_01377 (length 501)
prokka_FOM_9/FOM_9:Prokka:FOM_9_01378 (length 332)
prokka_FOM_9/FOM_9:Prokka:FOM_9_01379 (length 318)
prokka_FOM_9/FOM_9:Prokka:FOM_9_01380 (length 319)
prokka_FOM_9/FOM_9:Prokka:FOM_9_01381 (length 293)
prokka_FOM_9/FOM_9:Prokka:FOM_9_01382 (length 613)
prokka_FOM_9/FOM_9:Prokka:FOM_9_01383 (length 585)
prokka_FOM_9/FOM_9:Prokka:FOM_9_01384 (length 596)
prokka_FOM_9/FOM_9:Prokka:FOM_9_01385 (length 418)
prokka_FOM_9/FOM_9:Prokka:FOM_9_01386 (length 112)
prokka_FOM_9/FOM_9:Prokka:FOM_9_01387 (length 166)
prokka_FOM_9/FOM_9:Prokka:FOM_9_01388 (length 446)
prokka_FOM_9/FOM_9:Prokka:FOM_9_01389 (length 377)
prokka_FOM_9/FOM_9:Prokka:FOM_9_01390 (length 440)
prokka_FOM_9/FOM_9:Prokka:FOM_9_01391 (length 196)
prokka_FOM_9/FOM_9:Prokka:FOM_9_01392 (length 317)
prokka_FOM_9/FOM_9:Prokka:FOM_9_01393 (length 539)
prokka_FOM_9/FOM_9:Prokka:FOM_9_01394 (length 497)
prokka_FOM_9/FOM_9:Prokka:FOM_9_01395 (length 258)
prokka_FOM_9/FOM_9:Prokka:FOM_9_01396 (length 289)
prokka_FOM_9/FOM_9:Prokka:FOM_9_01397 (length 80)
prokka_FOM_9/FOM_9:Prokka:FOM_9_01398 (length 352)
prokka_FOM_9/FOM_9:Prokka:FOM_9_01399 (length 255)
prokka_FOM_9/FOM_9:Prokka:FOM_9_01400 (length 905)
prokka_FOM_9/FOM_9:Prokka:FOM_9_01401 (length 537)
prokka_FOM_9/FOM_9:Prokka:FOM_9_01402 (length 504)
prokka_FOM_9/FOM_9:Prokka:FOM_9_01403 (length 203)
prokka_FOM_9/FOM_9:Prokka:FOM_9_01405 (length 4316)
prokka_FOM_9/FOM_9:Prokka:FOM_9_01412 (length 100)
prokka_FOM_9/FOM_9:Prokka:FOM_9_01413 (length 317)
prokka_FOM_9/FOM_9:Prokka:FOM_9_01414 (length 933)
prokka_FOM_9/FOM_9:Prokka:FOM_9_01415 (length 326)
prokka_FOM_9/FOM_9:Prokka:FOM_9_01416 (length 270)
prokka_FOM_9/FOM_9:Prokka:FOM_9_01417 (length 315)
prokka_FOM_9/FOM_9:Prokka:FOM_9_01418 (length 114)
prokka_FOM_9/FOM_9:Prokka:FOM_9_01419 (length 221)
prokka_FOM_9/FOM_9:Prokka:FOM_9_01420 (length 130)
prokka_FOM_9/FOM_9:Prokka:FOM_9_01421 (length 283)
prokka_FOM_9/FOM_9:Prokka:FOM_9_01423 (length 127)
prokka_FOM_9/FOM_9:Prokka:FOM_9_01424 (length 152)
prokka_FOM_9/FOM_9:Prokka:FOM_9_01425 (length 59)
prokka_FOM_9/FOM_9:Prokka:FOM_9_01426 (length 70)
prokka_FOM_9/FOM_9:Prokka:FOM_9_01427 (length 235)
prokka_FOM_9/FOM_9:Prokka:FOM_9_01428 (length 336)
prokka_FOM_9/FOM_9:Prokka:FOM_9_01429 (length 408)
prokka_FOM_9/FOM_9:Prokka:FOM_9_01430 (length 290)
prokka_FOM_9/FOM_9:Prokka:FOM_9_01431 (length 482)
prokka_FOM_9/FOM_9:Prokka:FOM_9_01432 (length 138)
prokka_FOM_9/FOM_9:Prokka:FOM_9_20 (length 42024)
prokka_FOM_9/FOM_9:Prokka:FOM_9_01433 (length 309)
prokka_FOM_9/FOM_9:Prokka:FOM_9_01434 (length 339)
prokka_FOM_9/FOM_9:Prokka:FOM_9_01435 (length 766)
prokka_FOM_9/FOM_9:Prokka:FOM_9_01436 (length 282)
prokka_FOM_9/FOM_9:Prokka:FOM_9_01437 (length 379)
prokka_FOM_9/FOM_9:Prokka:FOM_9_01438 (length 357)
prokka_FOM_9/FOM_9:Prokka:FOM_9_01439 (length 417)
prokka_FOM_9/FOM_9:Prokka:FOM_9_01440 (length 79)
prokka_FOM_9/FOM_9:Prokka:FOM_9_01441 (length 408)
prokka_FOM_9/FOM_9:Prokka:FOM_9_01442 (length 513)
prokka_FOM_9/FOM_9:Prokka:FOM_9_01443 (length 49)
prokka_FOM_9/FOM_9:Prokka:FOM_9_01444 (length 442)
prokka_FOM_9/FOM_9:Prokka:FOM_9_01445 (length 120)
prokka_FOM_9/FOM_9:Prokka:FOM_9_01446 (length 494)
prokka_FOM_9/FOM_9:Prokka:FOM_9_01447 (length 524)
prokka_FOM_9/FOM_9:Prokka:FOM_9_01448 (length 392)
prokka_FOM_9/FOM_9:Prokka:FOM_9_01449 (length 420)
prokka_FOM_9/FOM_9:Prokka:FOM_9_01450 (length 508)
prokka_FOM_9/FOM_9:Prokka:FOM_9_01451 (length 551)
prokka_FOM_9/FOM_9:Prokka:FOM_9_01452 (length 424)
prokka_FOM_9/FOM_9:Prokka:FOM_9_01453 (length 129)
prokka_FOM_9/FOM_9:Prokka:FOM_9_01454 (length 536)
prokka_FOM_9/FOM_9:Prokka:FOM_9_01455 (length 265)
prokka_FOM_9/FOM_9:Prokka:FOM_9_01456 (length 197)
prokka_FOM_9/FOM_9:Prokka:FOM_9_01457 (length 278)
prokka_FOM_9/FOM_9:Prokka:FOM_9_01458 (length 452)
prokka_FOM_9/FOM_9:Prokka:FOM_9_01459 (length 145)
prokka_FOM_9/FOM_9:Prokka:FOM_9_01460 (length 430)
prokka_FOM_9/FOM_9:Prokka:FOM_9_01461 (length 266)
prokka_FOM_9/FOM_9:Prokka:FOM_9_01462 (length 270)
prokka_FOM_9/FOM_9:Prokka:FOM_9_01463 (length 441)
prokka_FOM_9/FOM_9:Prokka:FOM_9_01464 (length 629)
prokka_FOM_9/FOM_9:Prokka:FOM_9_01465 (length 233)
prokka_FOM_9/FOM_9:Prokka:FOM_9_21 (length 21757)
prokka_FOM_9/FOM_9:Prokka:FOM_9_01467 (length 191)
prokka_FOM_9/FOM_9:Prokka:FOM_9_01468 (length 1782)
prokka_FOM_9/FOM_9:Prokka:FOM_9_01469 (length 41)
prokka_FOM_9/FOM_9:Prokka:FOM_9_01470 (length 82)
prokka_FOM_9/FOM_9:Prokka:FOM_9_01471 (length 314)
prokka_FOM_9/FOM_9:Prokka:FOM_9_01472 (length 508)
prokka_FOM_9/FOM_9:Prokka:FOM_9_01473 (length 485)
prokka_FOM_9/FOM_9:Prokka:FOM_9_01474 (length 706)
prokka_FOM_9/FOM_9:Prokka:FOM_9_01475 (length 181)
prokka_FOM_9/FOM_9:Prokka:FOM_9_01476 (length 173)
prokka_FOM_9/FOM_9:Prokka:FOM_9_01477 (length 118)
prokka_FOM_9/FOM_9:Prokka:FOM_9_01478 (length 119)
prokka_FOM_9/FOM_9:Prokka:FOM_9_01479 (length 245)
prokka_FOM_9/FOM_9:Prokka:FOM_9_01480 (length 119)
prokka_FOM_9/FOM_9:Prokka:FOM_9_01481 (length 258)
prokka_FOM_9/FOM_9:Prokka:FOM_9_01482 (length 255)
prokka_FOM_9/FOM_9:Prokka:FOM_9_01483 (length 222)
prokka_FOM_9/FOM_9:Prokka:FOM_9_01484 (length 231)
prokka_FOM_9/FOM_9:Prokka:FOM_9_01485 (length 139)
prokka_FOM_9/FOM_9:Prokka:FOM_9_22 (length 42950)
prokka_FOM_9/FOM_9:Prokka:FOM_9_01486 (length 318)
prokka_FOM_9/FOM_9:Prokka:FOM_9_01487 (length 267)
prokka_FOM_9/FOM_9:Prokka:FOM_9_01488 (length 43)
prokka_FOM_9/FOM_9:Prokka:FOM_9_01489 (length 222)
prokka_FOM_9/FOM_9:Prokka:FOM_9_01490 (length 167)
prokka_FOM_9/FOM_9:Prokka:FOM_9_01491 (length 246)
prokka_FOM_9/FOM_9:Prokka:FOM_9_01492 (length 118)
prokka_FOM_9/FOM_9:Prokka:FOM_9_01493 (length 428)
prokka_FOM_9/FOM_9:Prokka:FOM_9_01494 (length 318)
prokka_FOM_9/FOM_9:Prokka:FOM_9_01495 (length 61)
prokka_FOM_9/FOM_9:Prokka:FOM_9_01496 (length 501)
prokka_FOM_9/FOM_9:Prokka:FOM_9_01497 (length 482)
prokka_FOM_9/FOM_9:Prokka:FOM_9_01498 (length 214)
prokka_FOM_9/FOM_9:Prokka:FOM_9_01499 (length 131)
prokka_FOM_9/FOM_9:Prokka:FOM_9_01500 (length 279)
prokka_FOM_9/FOM_9:Prokka:FOM_9_01501 (length 64)
prokka_FOM_9/FOM_9:Prokka:FOM_9_01502 (length 241)
prokka_FOM_9/FOM_9:Prokka:FOM_9_01503 (length 139)
prokka_FOM_9/FOM_9:Prokka:FOM_9_01504 (length 135)
prokka_FOM_9/FOM_9:Prokka:FOM_9_01505 (length 170)
prokka_FOM_9/FOM_9:Prokka:FOM_9_01507 (length 505)
prokka_FOM_9/FOM_9:Prokka:FOM_9_01508 (length 243)
prokka_FOM_9/FOM_9:Prokka:FOM_9_01509 (length 370)
prokka_FOM_9/FOM_9:Prokka:FOM_9_01510 (length 647)
prokka_FOM_9/FOM_9:Prokka:FOM_9_01511 (length 274)
prokka_FOM_9/FOM_9:Prokka:FOM_9_01512 (length 256)
prokka_FOM_9/FOM_9:Prokka:FOM_9_01513 (length 370)
prokka_FOM_9/FOM_9:Prokka:FOM_9_01514 (length 142)
prokka_FOM_9/FOM_9:Prokka:FOM_9_01515 (length 249)
prokka_FOM_9/FOM_9:Prokka:FOM_9_01516 (length 383)
prokka_FOM_9/FOM_9:Prokka:FOM_9_01517 (length 93)
prokka_FOM_9/FOM_9:Prokka:FOM_9_01518 (length 105)
prokka_FOM_9/FOM_9:Prokka:FOM_9_01519 (length 107)
prokka_FOM_9/FOM_9:Prokka:FOM_9_01520 (length 483)
prokka_FOM_9/FOM_9:Prokka:FOM_9_01521 (length 454)
prokka_FOM_9/FOM_9:Prokka:FOM_9_01522 (length 344)
prokka_FOM_9/FOM_9:Prokka:FOM_9_01523 (length 604)
prokka_FOM_9/FOM_9:Prokka:FOM_9_01524 (length 239)
prokka_FOM_9/FOM_9:Prokka:FOM_9_01525 (length 129)
prokka_FOM_9/FOM_9:Prokka:FOM_9_01526 (length 190)
prokka_FOM_9/FOM_9:Prokka:FOM_9_01527 (length 333)
prokka_FOM_9/FOM_9:Prokka:FOM_9_01528 (length 366)
prokka_FOM_9/FOM_9:Prokka:FOM_9_01529 (length 131)
prokka_FOM_9/FOM_9:Prokka:FOM_9_01530 (length 394)
prokka_FOM_9/FOM_9:Prokka:FOM_9_01532 (length 204)
prokka_FOM_9/FOM_9:Prokka:FOM_9_23 (length 31172)
prokka_FOM_9/FOM_9:Prokka:FOM_9_01534 (length 305)
prokka_FOM_9/FOM_9:Prokka:FOM_9_01535 (length 653)
prokka_FOM_9/FOM_9:Prokka:FOM_9_01536 (length 103)
prokka_FOM_9/FOM_9:Prokka:FOM_9_01537 (length 268)
prokka_FOM_9/FOM_9:Prokka:FOM_9_01538 (length 204)
prokka_FOM_9/FOM_9:Prokka:FOM_9_01539 (length 882)
prokka_FOM_9/FOM_9:Prokka:FOM_9_01540 (length 636)
prokka_FOM_9/FOM_9:Prokka:FOM_9_01541 (length 138)
prokka_FOM_9/FOM_9:Prokka:FOM_9_01542 (length 329)
prokka_FOM_9/FOM_9:Prokka:FOM_9_01543 (length 475)
prokka_FOM_9/FOM_9:Prokka:FOM_9_01544 (length 181)
prokka_FOM_9/FOM_9:Prokka:FOM_9_01545 (length 84)
prokka_FOM_9/FOM_9:Prokka:FOM_9_01546 (length 89)
prokka_FOM_9/FOM_9:Prokka:FOM_9_01547 (length 340)
prokka_FOM_9/FOM_9:Prokka:FOM_9_01548 (length 754)
prokka_FOM_9/FOM_9:Prokka:FOM_9_01549 (length 225)
prokka_FOM_9/FOM_9:Prokka:FOM_9_01550 (length 94)
prokka_FOM_9/FOM_9:Prokka:FOM_9_01551 (length 94)
prokka_FOM_9/FOM_9:Prokka:FOM_9_01552 (length 144)
prokka_FOM_9/FOM_9:Prokka:FOM_9_01553 (length 83)
prokka_FOM_9/FOM_9:Prokka:FOM_9_01554 (length 882)
prokka_FOM_9/FOM_9:Prokka:FOM_9_01555 (length 378)
prokka_FOM_9/FOM_9:Prokka:FOM_9_01556 (length 452)
prokka_FOM_9/FOM_9:Prokka:FOM_9_01557 (length 316)
prokka_FOM_9/FOM_9:Prokka:FOM_9_01558 (length 372)
prokka_FOM_9/FOM_9:Prokka:FOM_9_01559 (length 119)
prokka_FOM_9/FOM_9:Prokka:FOM_9_01560 (length 381)
prokka_FOM_9/FOM_9:Prokka:FOM_9_24 (length 133574)
prokka_FOM_9/FOM_9:Prokka:FOM_9_01569 (length 478)
prokka_FOM_9/FOM_9:Prokka:FOM_9_01570 (length 206)
prokka_FOM_9/FOM_9:Prokka:FOM_9_01571 (length 281)
prokka_FOM_9/FOM_9:Prokka:FOM_9_01572 (length 198)
prokka_FOM_9/FOM_9:Prokka:FOM_9_01573 (length 172)
prokka_FOM_9/FOM_9:Prokka:FOM_9_01574 (length 203)
prokka_FOM_9/FOM_9:Prokka:FOM_9_01575 (length 200)
prokka_FOM_9/FOM_9:Prokka:FOM_9_01576 (length 271)
prokka_FOM_9/FOM_9:Prokka:FOM_9_01577 (length 303)
prokka_FOM_9/FOM_9:Prokka:FOM_9_01578 (length 461)
prokka_FOM_9/FOM_9:Prokka:FOM_9_01579 (length 391)
prokka_FOM_9/FOM_9:Prokka:FOM_9_01580 (length 237)
prokka_FOM_9/FOM_9:Prokka:FOM_9_01581 (length 330)
prokka_FOM_9/FOM_9:Prokka:FOM_9_01582 (length 206)
prokka_FOM_9/FOM_9:Prokka:FOM_9_01583 (length 460)
prokka_FOM_9/FOM_9:Prokka:FOM_9_01584 (length 91)
prokka_FOM_9/FOM_9:Prokka:FOM_9_01585 (length 93)
prokka_FOM_9/FOM_9:Prokka:FOM_9_01586 (length 110)
prokka_FOM_9/FOM_9:Prokka:FOM_9_01587 (length 153)
prokka_FOM_9/FOM_9:Prokka:FOM_9_01588 (length 115)
prokka_FOM_9/FOM_9:Prokka:FOM_9_01589 (length 106)
prokka_FOM_9/FOM_9:Prokka:FOM_9_01590 (length 541)
prokka_FOM_9/FOM_9:Prokka:FOM_9_01591 (length 291)
prokka_FOM_9/FOM_9:Prokka:FOM_9_01592 (length 130)
prokka_FOM_9/FOM_9:Prokka:FOM_9_01593 (length 289)
prokka_FOM_9/FOM_9:Prokka:FOM_9_01594 (length 107)
prokka_FOM_9/FOM_9:Prokka:FOM_9_01595 (length 135)
prokka_FOM_9/FOM_9:Prokka:FOM_9_01596 (length 211)
prokka_FOM_9/FOM_9:Prokka:FOM_9_01597 (length 362)
prokka_FOM_9/FOM_9:Prokka:FOM_9_01598 (length 241)
prokka_FOM_9/FOM_9:Prokka:FOM_9_01599 (length 150)
prokka_FOM_9/FOM_9:Prokka:FOM_9_01600 (length 175)
prokka_FOM_9/FOM_9:Prokka:FOM_9_01601 (length 390)
prokka_FOM_9/FOM_9:Prokka:FOM_9_01602 (length 135)
prokka_FOM_9/FOM_9:Prokka:FOM_9_01603 (length 297)
prokka_FOM_9/FOM_9:Prokka:FOM_9_01604 (length 102)
prokka_FOM_9/FOM_9:Prokka:FOM_9_01605 (length 173)
prokka_FOM_9/FOM_9:Prokka:FOM_9_01606 (length 243)
prokka_FOM_9/FOM_9:Prokka:FOM_9_01607 (length 254)
prokka_FOM_9/FOM_9:Prokka:FOM_9_01609 (length 133)
prokka_FOM_9/FOM_9:Prokka:FOM_9_01610 (length 185)
prokka_FOM_9/FOM_9:Prokka:FOM_9_01611 (length 206)
prokka_FOM_9/FOM_9:Prokka:FOM_9_01612 (length 99)
prokka_FOM_9/FOM_9:Prokka:FOM_9_01613 (length 65)
prokka_FOM_9/FOM_9:Prokka:FOM_9_01614 (length 155)
prokka_FOM_9/FOM_9:Prokka:FOM_9_01615 (length 228)
prokka_FOM_9/FOM_9:Prokka:FOM_9_01616 (length 241)
prokka_FOM_9/FOM_9:Prokka:FOM_9_01617 (length 230)
prokka_FOM_9/FOM_9:Prokka:FOM_9_01618 (length 61)
prokka_FOM_9/FOM_9:Prokka:FOM_9_01619 (length 281)
prokka_FOM_9/FOM_9:Prokka:FOM_9_01620 (length 645)
prokka_FOM_9/FOM_9:Prokka:FOM_9_01621 (length 412)
prokka_FOM_9/FOM_9:Prokka:FOM_9_01622 (length 178)
prokka_FOM_9/FOM_9:Prokka:FOM_9_01623 (length 197)
prokka_FOM_9/FOM_9:Prokka:FOM_9_01624 (length 179)
prokka_FOM_9/FOM_9:Prokka:FOM_9_01625 (length 1074)
prokka_FOM_9/FOM_9:Prokka:FOM_9_01626 (length 204)
prokka_FOM_9/FOM_9:Prokka:FOM_9_01627 (length 431)
prokka_FOM_9/FOM_9:Prokka:FOM_9_01628 (length 268)
prokka_FOM_9/FOM_9:Prokka:FOM_9_01629 (length 256)
prokka_FOM_9/FOM_9:Prokka:FOM_9_01630 (length 396)
prokka_FOM_9/FOM_9:Prokka:FOM_9_01631 (length 392)
prokka_FOM_9/FOM_9:Prokka:FOM_9_01632 (length 49)
prokka_FOM_9/FOM_9:Prokka:FOM_9_01633 (length 38)
prokka_FOM_9/FOM_9:Prokka:FOM_9_01634 (length 155)
prokka_FOM_9/FOM_9:Prokka:FOM_9_01635 (length 501)
prokka_FOM_9/FOM_9:Prokka:FOM_9_01636 (length 56)
prokka_FOM_9/FOM_9:Prokka:FOM_9_01637 (length 402)
prokka_FOM_9/FOM_9:Prokka:FOM_9_01638 (length 368)
prokka_FOM_9/FOM_9:Prokka:FOM_9_01639 (length 131)
prokka_FOM_9/FOM_9:Prokka:FOM_9_01640 (length 122)
prokka_FOM_9/FOM_9:Prokka:FOM_9_01641 (length 228)
prokka_FOM_9/FOM_9:Prokka:FOM_9_01642 (length 379)
prokka_FOM_9/FOM_9:Prokka:FOM_9_01643 (length 99)
prokka_FOM_9/FOM_9:Prokka:FOM_9_01644 (length 101)
prokka_FOM_9/FOM_9:Prokka:FOM_9_01645 (length 755)
prokka_FOM_9/FOM_9:Prokka:FOM_9_01646 (length 118)
prokka_FOM_9/FOM_9:Prokka:FOM_9_01647 (length 303)
prokka_FOM_9/FOM_9:Prokka:FOM_9_01648 (length 407)
prokka_FOM_9/FOM_9:Prokka:FOM_9_01649 (length 399)
prokka_FOM_9/FOM_9:Prokka:FOM_9_01650 (length 313)
prokka_FOM_9/FOM_9:Prokka:FOM_9_01651 (length 568)
prokka_FOM_9/FOM_9:Prokka:FOM_9_01652 (length 217)
prokka_FOM_9/FOM_9:Prokka:FOM_9_01653 (length 138)
prokka_FOM_9/FOM_9:Prokka:FOM_9_01654 (length 431)
prokka_FOM_9/FOM_9:Prokka:FOM_9_01655 (length 410)
prokka_FOM_9/FOM_9:Prokka:FOM_9_01656 (length 288)
prokka_FOM_9/FOM_9:Prokka:FOM_9_01657 (length 283)
prokka_FOM_9/FOM_9:Prokka:FOM_9_01658 (length 295)
prokka_FOM_9/FOM_9:Prokka:FOM_9_01659 (length 204)
prokka_FOM_9/FOM_9:Prokka:FOM_9_01660 (length 73)
prokka_FOM_9/FOM_9:Prokka:FOM_9_01661 (length 290)
prokka_FOM_9/FOM_9:Prokka:FOM_9_01662 (length 254)
prokka_FOM_9/FOM_9:Prokka:FOM_9_01663 (length 288)
prokka_FOM_9/FOM_9:Prokka:FOM_9_01664 (length 709)
prokka_FOM_9/FOM_9:Prokka:FOM_9_01665 (length 305)
prokka_FOM_9/FOM_9:Prokka:FOM_9_01666 (length 293)
prokka_FOM_9/FOM_9:Prokka:FOM_9_01667 (length 209)
prokka_FOM_9/FOM_9:Prokka:FOM_9_01668 (length 308)
prokka_FOM_9/FOM_9:Prokka:FOM_9_01669 (length 187)
prokka_FOM_9/FOM_9:Prokka:FOM_9_01670 (length 206)
prokka_FOM_9/FOM_9:Prokka:FOM_9_01671 (length 395)
prokka_FOM_9/FOM_9:Prokka:FOM_9_01672 (length 572)
prokka_FOM_9/FOM_9:Prokka:FOM_9_01673 (length 55)
prokka_FOM_9/FOM_9:Prokka:FOM_9_01674 (length 449)
prokka_FOM_9/FOM_9:Prokka:FOM_9_01675 (length 282)
prokka_FOM_9/FOM_9:Prokka:FOM_9_01676 (length 176)
prokka_FOM_9/FOM_9:Prokka:FOM_9_01677 (length 313)
prokka_FOM_9/FOM_9:Prokka:FOM_9_01678 (length 29)
prokka_FOM_9/FOM_9:Prokka:FOM_9_01679 (length 228)
prokka_FOM_9/FOM_9:Prokka:FOM_9_01680 (length 176)
prokka_FOM_9/FOM_9:Prokka:FOM_9_01681 (length 159)
prokka_FOM_9/FOM_9:Prokka:FOM_9_01682 (length 559)
prokka_FOM_9/FOM_9:Prokka:FOM_9_01683 (length 70)
prokka_FOM_9/FOM_9:Prokka:FOM_9_01684 (length 197)
prokka_FOM_9/FOM_9:Prokka:FOM_9_01685 (length 160)
prokka_FOM_9/FOM_9:Prokka:FOM_9_01686 (length 195)
prokka_FOM_9/FOM_9:Prokka:FOM_9_01687 (length 95)
prokka_FOM_9/FOM_9:Prokka:FOM_9_01688 (length 260)
prokka_FOM_9/FOM_9:Prokka:FOM_9_01689 (length 614)
prokka_FOM_9/FOM_9:Prokka:FOM_9_01690 (length 410)
prokka_FOM_9/FOM_9:Prokka:FOM_9_01691 (length 103)
prokka_FOM_9/FOM_9:Prokka:FOM_9_01692 (length 184)
prokka_FOM_9/FOM_9:Prokka:FOM_9_01693 (length 159)
prokka_FOM_9/FOM_9:Prokka:FOM_9_01694 (length 351)
prokka_FOM_9/FOM_9:Prokka:FOM_9_01695 (length 444)
prokka_FOM_9/FOM_9:Prokka:FOM_9_01696 (length 149)
prokka_FOM_9/FOM_9:Prokka:FOM_9_01697 (length 208)
prokka_FOM_9/FOM_9:Prokka:FOM_9_01698 (length 177)
prokka_FOM_9/FOM_9:Prokka:FOM_9_01699 (length 88)
prokka_FOM_9/FOM_9:Prokka:FOM_9_01700 (length 100)
prokka_FOM_9/FOM_9:Prokka:FOM_9_01701 (length 77)
prokka_FOM_9/FOM_9:Prokka:FOM_9_01702 (length 116)
prokka_FOM_9/FOM_9:Prokka:FOM_9_01703 (length 142)
prokka_FOM_9/FOM_9:Prokka:FOM_9_01704 (length 336)
prokka_FOM_9/FOM_9:Prokka:FOM_9_01705 (length 112)
prokka_FOM_9/FOM_9:Prokka:FOM_9_01706 (length 260)
prokka_FOM_9/FOM_9:Prokka:FOM_9_01707 (length 231)
prokka_FOM_9/FOM_9:Prokka:FOM_9_01708 (length 113)
prokka_FOM_9/FOM_9:Prokka:FOM_9_01709 (length 474)
prokka_FOM_9/FOM_9:Prokka:FOM_9_01710 (length 66)
prokka_FOM_9/FOM_9:Prokka:FOM_9_01711 (length 249)
prokka_FOM_9/FOM_9:Prokka:FOM_9_01712 (length 171)
prokka_FOM_9/FOM_9:Prokka:FOM_9_01713 (length 128)
prokka_FOM_9/FOM_9:Prokka:FOM_9_01714 (length 301)
prokka_FOM_9/FOM_9:Prokka:FOM_9_01715 (length 146)
prokka_FOM_9/FOM_9:Prokka:FOM_9_01716 (length 31)
prokka_FOM_9/FOM_9:Prokka:FOM_9_01717 (length 81)
prokka_FOM_9/FOM_9:Prokka:FOM_9_01718 (length 615)
prokka_FOM_9/FOM_9:Prokka:FOM_9_01719 (length 48)
prokka_FOM_9/FOM_9:Prokka:FOM_9_01720 (length 276)
prokka_FOM_9/FOM_9:Prokka:FOM_9_01721 (length 198)
prokka_FOM_9/FOM_9:Prokka:FOM_9_01722 (length 85)
prokka_FOM_9/FOM_9:Prokka:FOM_9_01723 (length 59)
prokka_FOM_9/FOM_9:Prokka:FOM_9_25 (length 24247)
prokka_FOM_9/FOM_9:Prokka:FOM_9_01725 (length 43)
prokka_FOM_9/FOM_9:Prokka:FOM_9_01726 (length 109)
prokka_FOM_9/FOM_9:Prokka:FOM_9_01727 (length 138)
prokka_FOM_9/FOM_9:Prokka:FOM_9_01728 (length 664)
prokka_FOM_9/FOM_9:Prokka:FOM_9_01729 (length 717)
prokka_FOM_9/FOM_9:Prokka:FOM_9_01730 (length 268)
prokka_FOM_9/FOM_9:Prokka:FOM_9_01731 (length 186)
prokka_FOM_9/FOM_9:Prokka:FOM_9_01732 (length 298)
prokka_FOM_9/FOM_9:Prokka:FOM_9_01733 (length 456)
prokka_FOM_9/FOM_9:Prokka:FOM_9_01734 (length 454)
prokka_FOM_9/FOM_9:Prokka:FOM_9_01735 (length 77)
prokka_FOM_9/FOM_9:Prokka:FOM_9_01736 (length 161)
prokka_FOM_9/FOM_9:Prokka:FOM_9_01737 (length 318)
prokka_FOM_9/FOM_9:Prokka:FOM_9_01738 (length 440)
prokka_FOM_9/FOM_9:Prokka:FOM_9_01739 (length 636)
prokka_FOM_9/FOM_9:Prokka:FOM_9_01740 (length 478)
prokka_FOM_9/FOM_9:Prokka:FOM_9_01741 (length 310)
prokka_FOM_9/FOM_9:Prokka:FOM_9_01742 (length 255)
prokka_FOM_9/FOM_9:Prokka:FOM_9_01743 (length 260)
prokka_FOM_9/FOM_9:Prokka:FOM_9_01744 (length 264)
prokka_FOM_9/FOM_9:Prokka:FOM_9_01745 (length 519)
prokka_FOM_9/FOM_9:Prokka:FOM_9_26 (length 40832)
prokka_FOM_9/FOM_9:Prokka:FOM_9_01746 (length 569)
prokka_FOM_9/FOM_9:Prokka:FOM_9_01747 (length 260)
prokka_FOM_9/FOM_9:Prokka:FOM_9_01748 (length 92)
prokka_FOM_9/FOM_9:Prokka:FOM_9_01749 (length 374)
prokka_FOM_9/FOM_9:Prokka:FOM_9_01750 (length 207)
prokka_FOM_9/FOM_9:Prokka:FOM_9_01751 (length 466)
prokka_FOM_9/FOM_9:Prokka:FOM_9_01752 (length 220)
prokka_FOM_9/FOM_9:Prokka:FOM_9_01753 (length 174)
prokka_FOM_9/FOM_9:Prokka:FOM_9_01754 (length 65)
prokka_FOM_9/FOM_9:Prokka:FOM_9_01755 (length 104)
prokka_FOM_9/FOM_9:Prokka:FOM_9_01756 (length 283)
prokka_FOM_9/FOM_9:Prokka:FOM_9_01757 (length 705)
prokka_FOM_9/FOM_9:Prokka:FOM_9_01758 (length 472)
prokka_FOM_9/FOM_9:Prokka:FOM_9_01759 (length 276)
prokka_FOM_9/FOM_9:Prokka:FOM_9_01760 (length 846)
prokka_FOM_9/FOM_9:Prokka:FOM_9_01761 (length 219)
prokka_FOM_9/FOM_9:Prokka:FOM_9_01762 (length 693)
prokka_FOM_9/FOM_9:Prokka:FOM_9_01763 (length 398)
prokka_FOM_9/FOM_9:Prokka:FOM_9_01764 (length 426)
prokka_FOM_9/FOM_9:Prokka:FOM_9_01765 (length 271)
prokka_FOM_9/FOM_9:Prokka:FOM_9_01766 (length 298)
prokka_FOM_9/FOM_9:Prokka:FOM_9_01767 (length 340)
prokka_FOM_9/FOM_9:Prokka:FOM_9_01768 (length 283)
prokka_FOM_9/FOM_9:Prokka:FOM_9_01769 (length 231)
prokka_FOM_9/FOM_9:Prokka:FOM_9_01770 (length 446)
prokka_FOM_9/FOM_9:Prokka:FOM_9_01771 (length 220)
prokka_FOM_9/FOM_9:Prokka:FOM_9_01772 (length 161)
prokka_FOM_9/FOM_9:Prokka:FOM_9_01773 (length 334)
prokka_FOM_9/FOM_9:Prokka:FOM_9_01774 (length 75)
prokka_FOM_9/FOM_9:Prokka:FOM_9_01775 (length 297)
prokka_FOM_9/FOM_9:Prokka:FOM_9_01776 (length 454)
prokka_FOM_9/FOM_9:Prokka:FOM_9_01777 (length 317)
prokka_FOM_9/FOM_9:Prokka:FOM_9_01778 (length 84)
prokka_FOM_9/FOM_9:Prokka:FOM_9_01779 (length 152)
prokka_FOM_9/FOM_9:Prokka:FOM_9_01780 (length 462)
prokka_FOM_9/FOM_9:Prokka:FOM_9_27 (length 85931)
prokka_FOM_9/FOM_9:Prokka:FOM_9_01786 (length 234)
prokka_FOM_9/FOM_9:Prokka:FOM_9_01787 (length 319)
prokka_FOM_9/FOM_9:Prokka:FOM_9_01788 (length 415)
prokka_FOM_9/FOM_9:Prokka:FOM_9_01789 (length 151)
prokka_FOM_9/FOM_9:Prokka:FOM_9_01790 (length 723)
prokka_FOM_9/FOM_9:Prokka:FOM_9_01791 (length 149)
prokka_FOM_9/FOM_9:Prokka:FOM_9_01792 (length 324)
prokka_FOM_9/FOM_9:Prokka:FOM_9_01793 (length 865)
prokka_FOM_9/FOM_9:Prokka:FOM_9_01794 (length 648)
prokka_FOM_9/FOM_9:Prokka:FOM_9_01795 (length 381)
prokka_FOM_9/FOM_9:Prokka:FOM_9_01796 (length 88)
prokka_FOM_9/FOM_9:Prokka:FOM_9_01797 (length 376)
prokka_FOM_9/FOM_9:Prokka:FOM_9_01798 (length 470)
prokka_FOM_9/FOM_9:Prokka:FOM_9_01799 (length 44)
prokka_FOM_9/FOM_9:Prokka:FOM_9_01800 (length 118)
prokka_FOM_9/FOM_9:Prokka:FOM_9_01801 (length 277)
prokka_FOM_9/FOM_9:Prokka:FOM_9_01802 (length 205)
prokka_FOM_9/FOM_9:Prokka:FOM_9_01803 (length 227)
prokka_FOM_9/FOM_9:Prokka:FOM_9_01804 (length 313)
prokka_FOM_9/FOM_9:Prokka:FOM_9_01805 (length 290)
prokka_FOM_9/FOM_9:Prokka:FOM_9_01806 (length 293)
prokka_FOM_9/FOM_9:Prokka:FOM_9_01807 (length 900)
prokka_FOM_9/FOM_9:Prokka:FOM_9_01808 (length 222)
prokka_FOM_9/FOM_9:Prokka:FOM_9_01809 (length 453)
prokka_FOM_9/FOM_9:Prokka:FOM_9_01810 (length 205)
prokka_FOM_9/FOM_9:Prokka:FOM_9_01811 (length 172)
prokka_FOM_9/FOM_9:Prokka:FOM_9_01812 (length 276)
prokka_FOM_9/FOM_9:Prokka:FOM_9_01813 (length 452)
prokka_FOM_9/FOM_9:Prokka:FOM_9_01814 (length 115)
prokka_FOM_9/FOM_9:Prokka:FOM_9_01815 (length 451)
prokka_FOM_9/FOM_9:Prokka:FOM_9_01816 (length 312)
prokka_FOM_9/FOM_9:Prokka:FOM_9_01817 (length 159)
prokka_FOM_9/FOM_9:Prokka:FOM_9_01818 (length 447)
prokka_FOM_9/FOM_9:Prokka:FOM_9_01819 (length 347)
prokka_FOM_9/FOM_9:Prokka:FOM_9_01820 (length 226)
prokka_FOM_9/FOM_9:Prokka:FOM_9_01821 (length 388)
prokka_FOM_9/FOM_9:Prokka:FOM_9_01822 (length 1030)
prokka_FOM_9/FOM_9:Prokka:FOM_9_01823 (length 275)
prokka_FOM_9/FOM_9:Prokka:FOM_9_01824 (length 100)
prokka_FOM_9/FOM_9:Prokka:FOM_9_01825 (length 233)
prokka_FOM_9/FOM_9:Prokka:FOM_9_01826 (length 248)
prokka_FOM_9/FOM_9:Prokka:FOM_9_01827 (length 352)
prokka_FOM_9/FOM_9:Prokka:FOM_9_01828 (length 227)
prokka_FOM_9/FOM_9:Prokka:FOM_9_01829 (length 113)
prokka_FOM_9/FOM_9:Prokka:FOM_9_01830 (length 435)
prokka_FOM_9/FOM_9:Prokka:FOM_9_01831 (length 508)
prokka_FOM_9/FOM_9:Prokka:FOM_9_01832 (length 230)
prokka_FOM_9/FOM_9:Prokka:FOM_9_01833 (length 198)
prokka_FOM_9/FOM_9:Prokka:FOM_9_01834 (length 60)
prokka_FOM_9/FOM_9:Prokka:FOM_9_01835 (length 365)
prokka_FOM_9/FOM_9:Prokka:FOM_9_01836 (length 153)
prokka_FOM_9/FOM_9:Prokka:FOM_9_01837 (length 467)
prokka_FOM_9/FOM_9:Prokka:FOM_9_01838 (length 167)
prokka_FOM_9/FOM_9:Prokka:FOM_9_01839 (length 120)
prokka_FOM_9/FOM_9:Prokka:FOM_9_01840 (length 156)
prokka_FOM_9/FOM_9:Prokka:FOM_9_01841 (length 138)
prokka_FOM_9/FOM_9:Prokka:FOM_9_01842 (length 322)
prokka_FOM_9/FOM_9:Prokka:FOM_9_01843 (length 299)
prokka_FOM_9/FOM_9:Prokka:FOM_9_01844 (length 218)
prokka_FOM_9/FOM_9:Prokka:FOM_9_01845 (length 352)
prokka_FOM_9/FOM_9:Prokka:FOM_9_01846 (length 184)
prokka_FOM_9/FOM_9:Prokka:FOM_9_01847 (length 54)
prokka_FOM_9/FOM_9:Prokka:FOM_9_01848 (length 248)
prokka_FOM_9/FOM_9:Prokka:FOM_9_01849 (length 166)
prokka_FOM_9/FOM_9:Prokka:FOM_9_01850 (length 365)
prokka_FOM_9/FOM_9:Prokka:FOM_9_01851 (length 471)
prokka_FOM_9/FOM_9:Prokka:FOM_9_01852 (length 89)
prokka_FOM_9/FOM_9:Prokka:FOM_9_01853 (length 89)
prokka_FOM_9/FOM_9:Prokka:FOM_9_01854 (length 87)
prokka_FOM_9/FOM_9:Prokka:FOM_9_01855 (length 97)
prokka_FOM_9/FOM_9:Prokka:FOM_9_01856 (length 196)
prokka_FOM_9/FOM_9:Prokka:FOM_9_01857 (length 142)
prokka_FOM_9/FOM_9:Prokka:FOM_9_01858 (length 70)
prokka_FOM_9/FOM_9:Prokka:FOM_9_01859 (length 169)
prokka_FOM_9/FOM_9:Prokka:FOM_9_01860 (length 311)
prokka_FOM_9/FOM_9:Prokka:FOM_9_01861 (length 259)
prokka_FOM_9/FOM_9:Prokka:FOM_9_01862 (length 90)
prokka_FOM_9/FOM_9:Prokka:FOM_9_01863 (length 162)
prokka_FOM_9/FOM_9:Prokka:FOM_9_01864 (length 293)
prokka_FOM_9/FOM_9:Prokka:FOM_9_01865 (length 469)
prokka_FOM_9/FOM_9:Prokka:FOM_9_01866 (length 259)
prokka_FOM_9/FOM_9:Prokka:FOM_9_01867 (length 179)
prokka_FOM_9/FOM_9:Prokka:FOM_9_01868 (length 223)
prokka_FOM_9/FOM_9:Prokka:FOM_9_01869 (length 300)
prokka_FOM_9/FOM_9:Prokka:FOM_9_01870 (length 199)
prokka_FOM_9/FOM_9:Prokka:FOM_9_01871 (length 376)
prokka_FOM_9/FOM_9:Prokka:FOM_9_01872 (length 315)
prokka_FOM_9/FOM_9:Prokka:FOM_9_01873 (length 182)
prokka_FOM_9/FOM_9:Prokka:FOM_9_28 (length 91605)
prokka_FOM_9/FOM_9:Prokka:FOM_9_01874 (length 637)
prokka_FOM_9/FOM_9:Prokka:FOM_9_01875 (length 377)
prokka_FOM_9/FOM_9:Prokka:FOM_9_01876 (length 153)
prokka_FOM_9/FOM_9:Prokka:FOM_9_01877 (length 182)
prokka_FOM_9/FOM_9:Prokka:FOM_9_01878 (length 340)
prokka_FOM_9/FOM_9:Prokka:FOM_9_01879 (length 317)
prokka_FOM_9/FOM_9:Prokka:FOM_9_01880 (length 404)
prokka_FOM_9/FOM_9:Prokka:FOM_9_01881 (length 1458)
prokka_FOM_9/FOM_9:Prokka:FOM_9_01882 (length 237)
prokka_FOM_9/FOM_9:Prokka:FOM_9_01883 (length 456)
prokka_FOM_9/FOM_9:Prokka:FOM_9_01884 (length 210)
prokka_FOM_9/FOM_9:Prokka:FOM_9_01885 (length 357)
prokka_FOM_9/FOM_9:Prokka:FOM_9_01886 (length 212)
prokka_FOM_9/FOM_9:Prokka:FOM_9_01887 (length 144)
prokka_FOM_9/FOM_9:Prokka:FOM_9_01888 (length 446)
prokka_FOM_9/FOM_9:Prokka:FOM_9_01889 (length 243)
prokka_FOM_9/FOM_9:Prokka:FOM_9_01890 (length 906)
prokka_FOM_9/FOM_9:Prokka:FOM_9_01891 (length 277)
prokka_FOM_9/FOM_9:Prokka:FOM_9_01892 (length 197)
prokka_FOM_9/FOM_9:Prokka:FOM_9_01893 (length 451)
prokka_FOM_9/FOM_9:Prokka:FOM_9_01894 (length 314)
prokka_FOM_9/FOM_9:Prokka:FOM_9_01895 (length 368)
prokka_FOM_9/FOM_9:Prokka:FOM_9_01896 (length 263)
prokka_FOM_9/FOM_9:Prokka:FOM_9_01897 (length 229)
prokka_FOM_9/FOM_9:Prokka:FOM_9_01898 (length 490)
prokka_FOM_9/FOM_9:Prokka:FOM_9_01899 (length 333)
prokka_FOM_9/FOM_9:Prokka:FOM_9_01900 (length 272)
prokka_FOM_9/FOM_9:Prokka:FOM_9_01901 (length 142)
prokka_FOM_9/FOM_9:Prokka:FOM_9_01902 (length 494)
prokka_FOM_9/FOM_9:Prokka:FOM_9_01903 (length 124)
prokka_FOM_9/FOM_9:Prokka:FOM_9_01905 (length 314)
prokka_FOM_9/FOM_9:Prokka:FOM_9_01906 (length 272)
prokka_FOM_9/FOM_9:Prokka:FOM_9_01907 (length 301)
prokka_FOM_9/FOM_9:Prokka:FOM_9_01908 (length 180)
prokka_FOM_9/FOM_9:Prokka:FOM_9_01909 (length 345)
prokka_FOM_9/FOM_9:Prokka:FOM_9_01910 (length 352)
prokka_FOM_9/FOM_9:Prokka:FOM_9_01911 (length 328)
prokka_FOM_9/FOM_9:Prokka:FOM_9_01912 (length 311)
prokka_FOM_9/FOM_9:Prokka:FOM_9_01913 (length 940)
prokka_FOM_9/FOM_9:Prokka:FOM_9_01914 (length 170)
prokka_FOM_9/FOM_9:Prokka:FOM_9_01915 (length 431)
prokka_FOM_9/FOM_9:Prokka:FOM_9_01916 (length 246)
prokka_FOM_9/FOM_9:Prokka:FOM_9_01917 (length 778)
prokka_FOM_9/FOM_9:Prokka:FOM_9_01918 (length 200)
prokka_FOM_9/FOM_9:Prokka:FOM_9_01919 (length 187)
prokka_FOM_9/FOM_9:Prokka:FOM_9_01920 (length 126)
prokka_FOM_9/FOM_9:Prokka:FOM_9_01921 (length 45)
prokka_FOM_9/FOM_9:Prokka:FOM_9_01922 (length 376)
prokka_FOM_9/FOM_9:Prokka:FOM_9_01923 (length 763)
prokka_FOM_9/FOM_9:Prokka:FOM_9_01924 (length 678)
prokka_FOM_9/FOM_9:Prokka:FOM_9_01925 (length 394)
prokka_FOM_9/FOM_9:Prokka:FOM_9_01926 (length 211)
prokka_FOM_9/FOM_9:Prokka:FOM_9_01927 (length 382)
prokka_FOM_9/FOM_9:Prokka:FOM_9_01928 (length 670)
prokka_FOM_9/FOM_9:Prokka:FOM_9_01929 (length 137)
prokka_FOM_9/FOM_9:Prokka:FOM_9_01930 (length 458)
prokka_FOM_9/FOM_9:Prokka:FOM_9_01931 (length 284)
prokka_FOM_9/FOM_9:Prokka:FOM_9_01932 (length 257)
prokka_FOM_9/FOM_9:Prokka:FOM_9_01933 (length 486)
prokka_FOM_9/FOM_9:Prokka:FOM_9_01934 (length 255)
prokka_FOM_9/FOM_9:Prokka:FOM_9_01935 (length 89)
prokka_FOM_9/FOM_9:Prokka:FOM_9_01936 (length 140)
prokka_FOM_9/FOM_9:Prokka:FOM_9_01937 (length 233)
prokka_FOM_9/FOM_9:Prokka:FOM_9_01938 (length 369)
prokka_FOM_9/FOM_9:Prokka:FOM_9_01939 (length 220)
prokka_FOM_9/FOM_9:Prokka:FOM_9_01940 (length 141)
prokka_FOM_9/FOM_9:Prokka:FOM_9_01941 (length 308)
prokka_FOM_9/FOM_9:Prokka:FOM_9_01942 (length 315)
prokka_FOM_9/FOM_9:Prokka:FOM_9_01943 (length 453)
prokka_FOM_9/FOM_9:Prokka:FOM_9_01944 (length 210)
prokka_FOM_9/FOM_9:Prokka:FOM_9_01945 (length 159)
prokka_FOM_9/FOM_9:Prokka:FOM_9_01946 (length 456)
prokka_FOM_9/FOM_9:Prokka:FOM_9_01947 (length 197)
prokka_FOM_9/FOM_9:Prokka:FOM_9_01948 (length 256)
prokka_FOM_9/FOM_9:Prokka:FOM_9_01949 (length 304)
prokka_FOM_9/FOM_9:Prokka:FOM_9_01950 (length 645)
prokka_FOM_9/FOM_9:Prokka:FOM_9_01951 (length 316)
prokka_FOM_9/FOM_9:Prokka:FOM_9_01952 (length 324)
prokka_FOM_9/FOM_9:Prokka:FOM_9_01953 (length 317)
prokka_FOM_9/FOM_9:Prokka:FOM_9_01954 (length 343)
prokka_FOM_9/FOM_9:Prokka:FOM_9_01955 (length 209)
prokka_FOM_9/FOM_9:Prokka:FOM_9_29 (length 22481)
prokka_FOM_9/FOM_9:Prokka:FOM_9_01956 (length 141)
prokka_FOM_9/FOM_9:Prokka:FOM_9_01957 (length 430)
prokka_FOM_9/FOM_9:Prokka:FOM_9_01958 (length 387)
prokka_FOM_9/FOM_9:Prokka:FOM_9_01959 (length 244)
prokka_FOM_9/FOM_9:Prokka:FOM_9_01960 (length 758)
prokka_FOM_9/FOM_9:Prokka:FOM_9_01961 (length 671)
prokka_FOM_9/FOM_9:Prokka:FOM_9_01962 (length 104)
prokka_FOM_9/FOM_9:Prokka:FOM_9_01963 (length 133)
prokka_FOM_9/FOM_9:Prokka:FOM_9_01964 (length 235)
prokka_FOM_9/FOM_9:Prokka:FOM_9_01965 (length 155)
prokka_FOM_9/FOM_9:Prokka:FOM_9_01966 (length 792)
prokka_FOM_9/FOM_9:Prokka:FOM_9_01967 (length 180)
prokka_FOM_9/FOM_9:Prokka:FOM_9_01968 (length 76)
prokka_FOM_9/FOM_9:Prokka:FOM_9_01969 (length 82)
prokka_FOM_9/FOM_9:Prokka:FOM_9_01970 (length 209)
prokka_FOM_9/FOM_9:Prokka:FOM_9_01971 (length 417)
prokka_FOM_9/FOM_9:Prokka:FOM_9_01972 (length 429)
prokka_FOM_9/FOM_9:Prokka:FOM_9_01973 (length 145)
prokka_FOM_9/FOM_9:Prokka:FOM_9_01974 (length 395)
prokka_FOM_9/FOM_9:Prokka:FOM_9_01975 (length 60)
prokka_FOM_9/FOM_9:Prokka:FOM_9_01976 (length 550)
prokka_FOM_9/FOM_9:Prokka:FOM_9_30 (length 198065)
prokka_FOM_9/FOM_9:Prokka:FOM_9_01977 (length 46)
prokka_FOM_9/FOM_9:Prokka:FOM_9_01978 (length 110)
prokka_FOM_9/FOM_9:Prokka:FOM_9_01979 (length 205)
prokka_FOM_9/FOM_9:Prokka:FOM_9_01980 (length 55)
prokka_FOM_9/FOM_9:Prokka:FOM_9_01981 (length 44)
prokka_FOM_9/FOM_9:Prokka:FOM_9_01982 (length 37)
prokka_FOM_9/FOM_9:Prokka:FOM_9_01983 (length 133)
prokka_FOM_9/FOM_9:Prokka:FOM_9_01984 (length 89)
prokka_FOM_9/FOM_9:Prokka:FOM_9_01985 (length 72)
prokka_FOM_9/FOM_9:Prokka:FOM_9_01986 (length 201)
prokka_FOM_9/FOM_9:Prokka:FOM_9_01987 (length 64)
prokka_FOM_9/FOM_9:Prokka:FOM_9_01988 (length 62)
prokka_FOM_9/FOM_9:Prokka:FOM_9_01989 (length 137)
prokka_FOM_9/FOM_9:Prokka:FOM_9_01990 (length 193)
prokka_FOM_9/FOM_9:Prokka:FOM_9_01991 (length 67)
prokka_FOM_9/FOM_9:Prokka:FOM_9_01992 (length 54)
prokka_FOM_9/FOM_9:Prokka:FOM_9_01993 (length 172)
prokka_FOM_9/FOM_9:Prokka:FOM_9_01994 (length 68)
prokka_FOM_9/FOM_9:Prokka:FOM_9_01997 (length 154)
prokka_FOM_9/FOM_9:Prokka:FOM_9_01998 (length 608)
prokka_FOM_9/FOM_9:Prokka:FOM_9_01999 (length 54)
prokka_FOM_9/FOM_9:Prokka:FOM_9_02000 (length 356)
prokka_FOM_9/FOM_9:Prokka:FOM_9_02001 (length 194)
prokka_FOM_9/FOM_9:Prokka:FOM_9_02002 (length 427)
prokka_FOM_9/FOM_9:Prokka:FOM_9_02003 (length 101)
prokka_FOM_9/FOM_9:Prokka:FOM_9_02004 (length 111)
prokka_FOM_9/FOM_9:Prokka:FOM_9_02005 (length 158)
prokka_FOM_9/FOM_9:Prokka:FOM_9_02006 (length 131)
prokka_FOM_9/FOM_9:Prokka:FOM_9_02007 (length 203)
prokka_FOM_9/FOM_9:Prokka:FOM_9_02008 (length 122)
prokka_FOM_9/FOM_9:Prokka:FOM_9_02009 (length 46)
prokka_FOM_9/FOM_9:Prokka:FOM_9_02010 (length 1286)
prokka_FOM_9/FOM_9:Prokka:FOM_9_02011 (length 241)
prokka_FOM_9/FOM_9:Prokka:FOM_9_02012 (length 1001)
prokka_FOM_9/FOM_9:Prokka:FOM_9_02013 (length 57)
prokka_FOM_9/FOM_9:Prokka:FOM_9_02014 (length 86)
prokka_FOM_9/FOM_9:Prokka:FOM_9_02015 (length 86)
prokka_FOM_9/FOM_9:Prokka:FOM_9_02016 (length 103)
prokka_FOM_9/FOM_9:Prokka:FOM_9_02017 (length 335)
prokka_FOM_9/FOM_9:Prokka:FOM_9_02018 (length 204)
prokka_FOM_9/FOM_9:Prokka:FOM_9_02019 (length 208)
prokka_FOM_9/FOM_9:Prokka:FOM_9_02020 (length 572)
prokka_FOM_9/FOM_9:Prokka:FOM_9_02021 (length 556)
prokka_FOM_9/FOM_9:Prokka:FOM_9_02022 (length 459)
prokka_FOM_9/FOM_9:Prokka:FOM_9_02023 (length 504)
prokka_FOM_9/FOM_9:Prokka:FOM_9_02024 (length 56)
prokka_FOM_9/FOM_9:Prokka:FOM_9_02025 (length 451)
prokka_FOM_9/FOM_9:Prokka:FOM_9_02026 (length 131)
prokka_FOM_9/FOM_9:Prokka:FOM_9_02027 (length 127)
prokka_FOM_9/FOM_9:Prokka:FOM_9_02028 (length 304)
prokka_FOM_9/FOM_9:Prokka:FOM_9_02029 (length 169)
prokka_FOM_9/FOM_9:Prokka:FOM_9_02030 (length 361)
prokka_FOM_9/FOM_9:Prokka:FOM_9_02031 (length 822)
prokka_FOM_9/FOM_9:Prokka:FOM_9_02032 (length 334)
prokka_FOM_9/FOM_9:Prokka:FOM_9_02033 (length 431)
prokka_FOM_9/FOM_9:Prokka:FOM_9_02034 (length 70)
prokka_FOM_9/FOM_9:Prokka:FOM_9_02035 (length 157)
prokka_FOM_9/FOM_9:Prokka:FOM_9_02036 (length 152)
prokka_FOM_9/FOM_9:Prokka:FOM_9_02037 (length 323)
prokka_FOM_9/FOM_9:Prokka:FOM_9_02038 (length 79)
prokka_FOM_9/FOM_9:Prokka:FOM_9_02039 (length 315)
prokka_FOM_9/FOM_9:Prokka:FOM_9_02040 (length 313)
prokka_FOM_9/FOM_9:Prokka:FOM_9_02041 (length 240)
prokka_FOM_9/FOM_9:Prokka:FOM_9_02042 (length 411)
prokka_FOM_9/FOM_9:Prokka:FOM_9_02043 (length 155)
prokka_FOM_9/FOM_9:Prokka:FOM_9_02044 (length 143)
prokka_FOM_9/FOM_9:Prokka:FOM_9_02045 (length 458)
prokka_FOM_9/FOM_9:Prokka:FOM_9_02046 (length 281)
prokka_FOM_9/FOM_9:Prokka:FOM_9_02047 (length 261)
prokka_FOM_9/FOM_9:Prokka:FOM_9_02048 (length 228)
prokka_FOM_9/FOM_9:Prokka:FOM_9_02049 (length 381)
prokka_FOM_9/FOM_9:Prokka:FOM_9_02050 (length 342)
prokka_FOM_9/FOM_9:Prokka:FOM_9_02051 (length 574)
prokka_FOM_9/FOM_9:Prokka:FOM_9_02052 (length 106)
prokka_FOM_9/FOM_9:Prokka:FOM_9_02053 (length 344)
prokka_FOM_9/FOM_9:Prokka:FOM_9_02054 (length 189)
prokka_FOM_9/FOM_9:Prokka:FOM_9_02055 (length 295)
prokka_FOM_9/FOM_9:Prokka:FOM_9_02056 (length 511)
prokka_FOM_9/FOM_9:Prokka:FOM_9_02057 (length 455)
prokka_FOM_9/FOM_9:Prokka:FOM_9_02058 (length 330)
prokka_FOM_9/FOM_9:Prokka:FOM_9_02059 (length 435)
prokka_FOM_9/FOM_9:Prokka:FOM_9_02060 (length 213)
prokka_FOM_9/FOM_9:Prokka:FOM_9_02061 (length 305)
prokka_FOM_9/FOM_9:Prokka:FOM_9_02062 (length 293)
prokka_FOM_9/FOM_9:Prokka:FOM_9_02063 (length 241)
prokka_FOM_9/FOM_9:Prokka:FOM_9_02064 (length 218)
prokka_FOM_9/FOM_9:Prokka:FOM_9_02065 (length 104)
prokka_FOM_9/FOM_9:Prokka:FOM_9_02066 (length 182)
prokka_FOM_9/FOM_9:Prokka:FOM_9_02067 (length 284)
prokka_FOM_9/FOM_9:Prokka:FOM_9_02068 (length 330)
prokka_FOM_9/FOM_9:Prokka:FOM_9_02069 (length 336)
prokka_FOM_9/FOM_9:Prokka:FOM_9_02070 (length 451)
prokka_FOM_9/FOM_9:Prokka:FOM_9_02071 (length 371)
prokka_FOM_9/FOM_9:Prokka:FOM_9_02072 (length 428)
prokka_FOM_9/FOM_9:Prokka:FOM_9_02073 (length 237)
prokka_FOM_9/FOM_9:Prokka:FOM_9_02074 (length 381)
prokka_FOM_9/FOM_9:Prokka:FOM_9_02075 (length 288)
prokka_FOM_9/FOM_9:Prokka:FOM_9_02076 (length 246)
prokka_FOM_9/FOM_9:Prokka:FOM_9_02077 (length 393)
prokka_FOM_9/FOM_9:Prokka:FOM_9_02078 (length 364)
prokka_FOM_9/FOM_9:Prokka:FOM_9_02079 (length 245)
prokka_FOM_9/FOM_9:Prokka:FOM_9_02080 (length 125)
prokka_FOM_9/FOM_9:Prokka:FOM_9_02081 (length 242)
prokka_FOM_9/FOM_9:Prokka:FOM_9_02082 (length 394)
prokka_FOM_9/FOM_9:Prokka:FOM_9_02083 (length 206)
prokka_FOM_9/FOM_9:Prokka:FOM_9_02084 (length 226)
prokka_FOM_9/FOM_9:Prokka:FOM_9_02085 (length 226)
prokka_FOM_9/FOM_9:Prokka:FOM_9_02086 (length 268)
prokka_FOM_9/FOM_9:Prokka:FOM_9_02087 (length 330)
prokka_FOM_9/FOM_9:Prokka:FOM_9_02088 (length 353)
prokka_FOM_9/FOM_9:Prokka:FOM_9_02089 (length 392)
prokka_FOM_9/FOM_9:Prokka:FOM_9_02090 (length 432)
prokka_FOM_9/FOM_9:Prokka:FOM_9_02091 (length 167)
prokka_FOM_9/FOM_9:Prokka:FOM_9_02092 (length 239)
prokka_FOM_9/FOM_9:Prokka:FOM_9_02093 (length 234)
prokka_FOM_9/FOM_9:Prokka:FOM_9_02094 (length 222)
prokka_FOM_9/FOM_9:Prokka:FOM_9_02095 (length 470)
prokka_FOM_9/FOM_9:Prokka:FOM_9_02096 (length 188)
prokka_FOM_9/FOM_9:Prokka:FOM_9_02097 (length 324)
prokka_FOM_9/FOM_9:Prokka:FOM_9_02098 (length 330)
prokka_FOM_9/FOM_9:Prokka:FOM_9_02099 (length 306)
prokka_FOM_9/FOM_9:Prokka:FOM_9_02100 (length 170)
prokka_FOM_9/FOM_9:Prokka:FOM_9_02101 (length 161)
prokka_FOM_9/FOM_9:Prokka:FOM_9_02102 (length 462)
prokka_FOM_9/FOM_9:Prokka:FOM_9_02103 (length 196)
prokka_FOM_9/FOM_9:Prokka:FOM_9_02104 (length 102)
prokka_FOM_9/FOM_9:Prokka:FOM_9_02105 (length 206)
prokka_FOM_9/FOM_9:Prokka:FOM_9_02106 (length 270)
prokka_FOM_9/FOM_9:Prokka:FOM_9_02107 (length 791)
prokka_FOM_9/FOM_9:Prokka:FOM_9_02108 (length 276)
prokka_FOM_9/FOM_9:Prokka:FOM_9_02109 (length 466)
prokka_FOM_9/FOM_9:Prokka:FOM_9_02110 (length 103)
prokka_FOM_9/FOM_9:Prokka:FOM_9_02111 (length 485)
prokka_FOM_9/FOM_9:Prokka:FOM_9_02112 (length 481)
prokka_FOM_9/FOM_9:Prokka:FOM_9_02113 (length 318)
prokka_FOM_9/FOM_9:Prokka:FOM_9_02114 (length 147)
prokka_FOM_9/FOM_9:Prokka:FOM_9_02115 (length 314)
prokka_FOM_9/FOM_9:Prokka:FOM_9_02116 (length 279)
prokka_FOM_9/FOM_9:Prokka:FOM_9_02117 (length 249)
prokka_FOM_9/FOM_9:Prokka:FOM_9_02118 (length 432)
prokka_FOM_9/FOM_9:Prokka:FOM_9_02119 (length 202)
prokka_FOM_9/FOM_9:Prokka:FOM_9_02120 (length 509)
prokka_FOM_9/FOM_9:Prokka:FOM_9_02121 (length 114)
prokka_FOM_9/FOM_9:Prokka:FOM_9_02122 (length 561)
prokka_FOM_9/FOM_9:Prokka:FOM_9_02123 (length 581)
prokka_FOM_9/FOM_9:Prokka:FOM_9_02124 (length 610)
prokka_FOM_9/FOM_9:Prokka:FOM_9_02125 (length 304)
prokka_FOM_9/FOM_9:Prokka:FOM_9_02126 (length 152)
prokka_FOM_9/FOM_9:Prokka:FOM_9_02127 (length 697)
prokka_FOM_9/FOM_9:Prokka:FOM_9_02128 (length 114)
prokka_FOM_9/FOM_9:Prokka:FOM_9_02129 (length 94)
prokka_FOM_9/FOM_9:Prokka:FOM_9_02130 (length 397)
prokka_FOM_9/FOM_9:Prokka:FOM_9_02131 (length 774)
prokka_FOM_9/FOM_9:Prokka:FOM_9_02132 (length 317)
prokka_FOM_9/FOM_9:Prokka:FOM_9_02133 (length 513)
prokka_FOM_9/FOM_9:Prokka:FOM_9_02134 (length 459)
prokka_FOM_9/FOM_9:Prokka:FOM_9_02135 (length 367)
prokka_FOM_9/FOM_9:Prokka:FOM_9_02136 (length 239)
prokka_FOM_9/FOM_9:Prokka:FOM_9_02137 (length 500)
prokka_FOM_9/FOM_9:Prokka:FOM_9_02138 (length 76)
prokka_FOM_9/FOM_9:Prokka:FOM_9_02139 (length 420)
prokka_FOM_9/FOM_9:Prokka:FOM_9_02140 (length 428)
prokka_FOM_9/FOM_9:Prokka:FOM_9_02141 (length 303)
prokka_FOM_9/FOM_9:Prokka:FOM_9_02142 (length 194)
prokka_FOM_9/FOM_9:Prokka:FOM_9_02143 (length 158)
prokka_FOM_9/FOM_9:Prokka:FOM_9_02144 (length 383)
prokka_FOM_9/FOM_9:Prokka:FOM_9_02145 (length 84)
prokka_FOM_9/FOM_9:Prokka:FOM_9_02146 (length 760)
prokka_FOM_9/FOM_9:Prokka:FOM_9_02147 (length 314)
prokka_FOM_9/FOM_9:Prokka:FOM_9_02148 (length 265)
prokka_FOM_9/FOM_9:Prokka:FOM_9_02149 (length 517)
prokka_FOM_9/FOM_9:Prokka:FOM_9_02150 (length 250)
prokka_FOM_9/FOM_9:Prokka:FOM_9_02151 (length 66)
prokka_FOM_9/FOM_9:Prokka:FOM_9_02152 (length 298)
prokka_FOM_9/FOM_9:Prokka:FOM_9_02153 (length 130)
prokka_FOM_9/FOM_9:Prokka:FOM_9_02154 (length 372)
prokka_FOM_9/FOM_9:Prokka:FOM_9_02155 (length 412)
prokka_FOM_9/FOM_9:Prokka:FOM_9_02156 (length 253)
prokka_FOM_9/FOM_9:Prokka:FOM_9_02157 (length 134)
prokka_FOM_9/FOM_9:Prokka:FOM_9_02158 (length 492)
prokka_FOM_9/FOM_9:Prokka:FOM_9_02159 (length 497)
prokka_FOM_9/FOM_9:Prokka:FOM_9_02160 (length 42)
prokka_FOM_9/FOM_9:Prokka:FOM_9_02161 (length 239)
prokka_FOM_9/FOM_9:Prokka:FOM_9_02162 (length 364)
prokka_FOM_9/FOM_9:Prokka:FOM_9_02163 (length 238)
prokka_FOM_9/FOM_9:Prokka:FOM_9_02164 (length 317)
prokka_FOM_9/FOM_9:Prokka:FOM_9_02165 (length 133)
prokka_FOM_9/FOM_9:Prokka:FOM_9_02166 (length 242)
prokka_FOM_9/FOM_9:Prokka:FOM_9_02167 (length 348)
prokka_FOM_9/FOM_9:Prokka:FOM_9_02168 (length 131)
prokka_FOM_9/FOM_9:Prokka:FOM_9_02169 (length 490)
prokka_FOM_9/FOM_9:Prokka:FOM_9_02170 (length 321)
prokka_FOM_9/FOM_9:Prokka:FOM_9_02171 (length 143)
prokka_FOM_9/FOM_9:Prokka:FOM_9_02172 (length 513)
prokka_FOM_9/FOM_9:Prokka:FOM_9_02173 (length 289)
prokka_FOM_9/FOM_9:Prokka:FOM_9_02174 (length 214)
prokka_FOM_9/FOM_9:Prokka:FOM_9_02175 (length 113)
prokka_FOM_9/FOM_9:Prokka:FOM_9_02176 (length 227)
prokka_FOM_9/FOM_9:Prokka:FOM_9_02177 (length 322)
prokka_FOM_9/FOM_9:Prokka:FOM_9_02178 (length 249)
prokka_FOM_9/FOM_9:Prokka:FOM_9_02179 (length 203)
prokka_FOM_9/FOM_9:Prokka:FOM_9_02180 (length 293)
prokka_FOM_9/FOM_9:Prokka:FOM_9_02181 (length 577)
prokka_FOM_9/FOM_9:Prokka:FOM_9_31 (length 25910)
prokka_FOM_9/FOM_9:Prokka:FOM_9_02182 (length 141)
prokka_FOM_9/FOM_9:Prokka:FOM_9_02183 (length 294)
prokka_FOM_9/FOM_9:Prokka:FOM_9_02184 (length 428)
prokka_FOM_9/FOM_9:Prokka:FOM_9_02185 (length 224)
prokka_FOM_9/FOM_9:Prokka:FOM_9_02186 (length 186)
prokka_FOM_9/FOM_9:Prokka:FOM_9_02187 (length 428)
prokka_FOM_9/FOM_9:Prokka:FOM_9_02188 (length 390)
prokka_FOM_9/FOM_9:Prokka:FOM_9_02189 (length 535)
prokka_FOM_9/FOM_9:Prokka:FOM_9_02190 (length 97)
prokka_FOM_9/FOM_9:Prokka:FOM_9_02191 (length 147)
prokka_FOM_9/FOM_9:Prokka:FOM_9_02192 (length 727)
prokka_FOM_9/FOM_9:Prokka:FOM_9_02193 (length 111)
prokka_FOM_9/FOM_9:Prokka:FOM_9_02195 (length 155)
prokka_FOM_9/FOM_9:Prokka:FOM_9_02196 (length 397)
prokka_FOM_9/FOM_9:Prokka:FOM_9_02197 (length 300)
prokka_FOM_9/FOM_9:Prokka:FOM_9_02198 (length 487)
prokka_FOM_9/FOM_9:Prokka:FOM_9_02199 (length 283)
prokka_FOM_9/FOM_9:Prokka:FOM_9_02200 (length 611)
prokka_FOM_9/FOM_9:Prokka:FOM_9_02201 (length 217)
prokka_FOM_9/FOM_9:Prokka:FOM_9_32 (length 36908)
prokka_FOM_9/FOM_9:Prokka:FOM_9_02202 (length 729)
prokka_FOM_9/FOM_9:Prokka:FOM_9_02203 (length 128)
prokka_FOM_9/FOM_9:Prokka:FOM_9_02204 (length 313)
prokka_FOM_9/FOM_9:Prokka:FOM_9_02205 (length 82)
prokka_FOM_9/FOM_9:Prokka:FOM_9_02206 (length 213)
prokka_FOM_9/FOM_9:Prokka:FOM_9_02207 (length 259)
prokka_FOM_9/FOM_9:Prokka:FOM_9_02208 (length 110)
prokka_FOM_9/FOM_9:Prokka:FOM_9_02209 (length 121)
prokka_FOM_9/FOM_9:Prokka:FOM_9_02210 (length 86)
prokka_FOM_9/FOM_9:Prokka:FOM_9_02211 (length 81)
prokka_FOM_9/FOM_9:Prokka:FOM_9_02212 (length 621)
prokka_FOM_9/FOM_9:Prokka:FOM_9_02213 (length 161)
prokka_FOM_9/FOM_9:Prokka:FOM_9_02214 (length 599)
prokka_FOM_9/FOM_9:Prokka:FOM_9_02215 (length 50)
prokka_FOM_9/FOM_9:Prokka:FOM_9_02216 (length 372)
prokka_FOM_9/FOM_9:Prokka:FOM_9_02217 (length 464)
prokka_FOM_9/FOM_9:Prokka:FOM_9_02218 (length 683)
prokka_FOM_9/FOM_9:Prokka:FOM_9_02219 (length 324)
prokka_FOM_9/FOM_9:Prokka:FOM_9_02220 (length 301)
prokka_FOM_9/FOM_9:Prokka:FOM_9_02221 (length 51)
prokka_FOM_9/FOM_9:Prokka:FOM_9_02222 (length 475)
prokka_FOM_9/FOM_9:Prokka:FOM_9_02223 (length 334)
prokka_FOM_9/FOM_9:Prokka:FOM_9_02224 (length 961)
prokka_FOM_9/FOM_9:Prokka:FOM_9_02225 (length 197)
prokka_FOM_9/FOM_9:Prokka:FOM_9_02226 (length 518)
prokka_FOM_9/FOM_9:Prokka:FOM_9_02227 (length 407)
prokka_FOM_9/FOM_9:Prokka:FOM_9_02228 (length 306)
prokka_FOM_9/FOM_9:Prokka:FOM_9_02229 (length 349)
prokka_FOM_9/FOM_9:Prokka:FOM_9_02230 (length 106)
prokka_FOM_9/FOM_9:Prokka:FOM_9_02231 (length 365)
prokka_FOM_9/FOM_9:Prokka:FOM_9_02232 (length 428)
prokka_FOM_9/FOM_9:Prokka:FOM_9_02233 (length 441)
prokka_FOM_9/FOM_9:Prokka:FOM_9_02234 (length 60)
prokka_FOM_9/FOM_9:Prokka:FOM_9_33 (length 19275)
prokka_FOM_9/FOM_9:Prokka:FOM_9_02235 (length 176)
prokka_FOM_9/FOM_9:Prokka:FOM_9_02236 (length 68)
prokka_FOM_9/FOM_9:Prokka:FOM_9_02237 (length 66)
prokka_FOM_9/FOM_9:Prokka:FOM_9_02238 (length 144)
prokka_FOM_9/FOM_9:Prokka:FOM_9_02239 (length 290)
prokka_FOM_9/FOM_9:Prokka:FOM_9_02240 (length 135)
prokka_FOM_9/FOM_9:Prokka:FOM_9_02241 (length 274)
prokka_FOM_9/FOM_9:Prokka:FOM_9_02242 (length 218)
prokka_FOM_9/FOM_9:Prokka:FOM_9_02243 (length 258)
prokka_FOM_9/FOM_9:Prokka:FOM_9_02244 (length 200)
prokka_FOM_9/FOM_9:Prokka:FOM_9_02245 (length 206)
prokka_FOM_9/FOM_9:Prokka:FOM_9_02246 (length 219)
prokka_FOM_9/FOM_9:Prokka:FOM_9_02247 (length 267)
prokka_FOM_9/FOM_9:Prokka:FOM_9_02248 (length 253)
prokka_FOM_9/FOM_9:Prokka:FOM_9_02249 (length 69)
prokka_FOM_9/FOM_9:Prokka:FOM_9_02250 (length 57)
prokka_FOM_9/FOM_9:Prokka:FOM_9_02251 (length 276)
prokka_FOM_9/FOM_9:Prokka:FOM_9_02252 (length 276)
prokka_FOM_9/FOM_9:Prokka:FOM_9_02253 (length 310)
prokka_FOM_9/FOM_9:Prokka:FOM_9_02254 (length 385)
prokka_FOM_9/FOM_9:Prokka:FOM_9_02255 (length 455)
prokka_FOM_9/FOM_9:Prokka:FOM_9_02256 (length 146)
prokka_FOM_9/FOM_9:Prokka:FOM_9_02257 (length 363)
prokka_FOM_9/FOM_9:Prokka:FOM_9_02258 (length 305)
prokka_FOM_9/FOM_9:Prokka:FOM_9_34 (length 54027)
prokka_FOM_9/FOM_9:Prokka:FOM_9_02259 (length 494)
prokka_FOM_9/FOM_9:Prokka:FOM_9_02260 (length 297)
prokka_FOM_9/FOM_9:Prokka:FOM_9_02261 (length 687)
prokka_FOM_9/FOM_9:Prokka:FOM_9_02262 (length 198)
prokka_FOM_9/FOM_9:Prokka:FOM_9_02263 (length 325)
prokka_FOM_9/FOM_9:Prokka:FOM_9_02264 (length 124)
prokka_FOM_9/FOM_9:Prokka:FOM_9_02265 (length 91)
prokka_FOM_9/FOM_9:Prokka:FOM_9_02266 (length 521)
prokka_FOM_9/FOM_9:Prokka:FOM_9_02267 (length 1172)
prokka_FOM_9/FOM_9:Prokka:FOM_9_02268 (length 188)
prokka_FOM_9/FOM_9:Prokka:FOM_9_02269 (length 52)
prokka_FOM_9/FOM_9:Prokka:FOM_9_02270 (length 559)
prokka_FOM_9/FOM_9:Prokka:FOM_9_02271 (length 803)
prokka_FOM_9/FOM_9:Prokka:FOM_9_02272 (length 476)
prokka_FOM_9/FOM_9:Prokka:FOM_9_02273 (length 375)
prokka_FOM_9/FOM_9:Prokka:FOM_9_02274 (length 364)
prokka_FOM_9/FOM_9:Prokka:FOM_9_02275 (length 630)
prokka_FOM_9/FOM_9:Prokka:FOM_9_02276 (length 57)
prokka_FOM_9/FOM_9:Prokka:FOM_9_02277 (length 1105)
prokka_FOM_9/FOM_9:Prokka:FOM_9_02278 (length 200)
prokka_FOM_9/FOM_9:Prokka:FOM_9_02279 (length 214)
prokka_FOM_9/FOM_9:Prokka:FOM_9_02280 (length 365)
prokka_FOM_9/FOM_9:Prokka:FOM_9_02281 (length 444)
prokka_FOM_9/FOM_9:Prokka:FOM_9_02282 (length 460)
prokka_FOM_9/FOM_9:Prokka:FOM_9_02283 (length 110)
prokka_FOM_9/FOM_9:Prokka:FOM_9_02284 (length 46)
prokka_FOM_9/FOM_9:Prokka:FOM_9_02285 (length 154)
prokka_FOM_9/FOM_9:Prokka:FOM_9_02286 (length 306)
prokka_FOM_9/FOM_9:Prokka:FOM_9_02287 (length 502)
prokka_FOM_9/FOM_9:Prokka:FOM_9_02288 (length 461)
prokka_FOM_9/FOM_9:Prokka:FOM_9_02289 (length 407)
prokka_FOM_9/FOM_9:Prokka:FOM_9_02290 (length 140)
prokka_FOM_9/FOM_9:Prokka:FOM_9_02291 (length 342)
prokka_FOM_9/FOM_9:Prokka:FOM_9_02292 (length 562)
prokka_FOM_9/FOM_9:Prokka:FOM_9_02293 (length 462)
prokka_FOM_9/FOM_9:Prokka:FOM_9_02294 (length 296)
prokka_FOM_9/FOM_9:Prokka:FOM_9_02295 (length 255)
prokka_FOM_9/FOM_9:Prokka:FOM_9_02296 (length 152)
prokka_FOM_9/FOM_9:Prokka:FOM_9_02297 (length 187)
prokka_FOM_9/FOM_9:Prokka:FOM_9_02298 (length 283)
prokka_FOM_9/FOM_9:Prokka:FOM_9_02299 (length 312)
prokka_FOM_9/FOM_9:Prokka:FOM_9_02300 (length 212)
prokka_FOM_9/FOM_9:Prokka:FOM_9_02301 (length 110)
prokka_FOM_9/FOM_9:Prokka:FOM_9_02302 (length 87)
prokka_FOM_9/FOM_9:Prokka:FOM_9_02303 (length 413)

DiscRep_ALL:DISC_INCONSISTENT_MOLINFO_TECH::Molinfo Technique Report (some missing, all same)
DiscRep_SUB:DISC_INCONSISTENT_MOLINFO_TECH::technique (all missing)
DiscRep_SUB:DISC_INCONSISTENT_MOLINFO_TECH::34 Molinfos are missing field technique
prokka_FOM_9/FOM_9:Prokka:FOM_9_1 (length 37844)
prokka_FOM_9/FOM_9:Prokka:FOM_9_2 (length 8281)
prokka_FOM_9/FOM_9:Prokka:FOM_9_3 (length 49849)
prokka_FOM_9/FOM_9:Prokka:FOM_9_4 (length 58509)
prokka_FOM_9/FOM_9:Prokka:FOM_9_5 (length 98661)
prokka_FOM_9/FOM_9:Prokka:FOM_9_6 (length 29996)
prokka_FOM_9/FOM_9:Prokka:FOM_9_7 (length 130319)
prokka_FOM_9/FOM_9:Prokka:FOM_9_8 (length 25920)
prokka_FOM_9/FOM_9:Prokka:FOM_9_9 (length 182324)
prokka_FOM_9/FOM_9:Prokka:FOM_9_10 (length 133683)
prokka_FOM_9/FOM_9:Prokka:FOM_9_11 (length 16121)
prokka_FOM_9/FOM_9:Prokka:FOM_9_12 (length 43622)
prokka_FOM_9/FOM_9:Prokka:FOM_9_13 (length 32150)
prokka_FOM_9/FOM_9:Prokka:FOM_9_14 (length 114557)
prokka_FOM_9/FOM_9:Prokka:FOM_9_15 (length 117942)
prokka_FOM_9/FOM_9:Prokka:FOM_9_16 (length 208526)
prokka_FOM_9/FOM_9:Prokka:FOM_9_17 (length 30675)
prokka_FOM_9/FOM_9:Prokka:FOM_9_18 (length 104269)
prokka_FOM_9/FOM_9:Prokka:FOM_9_19 (length 82304)
prokka_FOM_9/FOM_9:Prokka:FOM_9_20 (length 42024)
prokka_FOM_9/FOM_9:Prokka:FOM_9_21 (length 21757)
prokka_FOM_9/FOM_9:Prokka:FOM_9_22 (length 42950)
prokka_FOM_9/FOM_9:Prokka:FOM_9_23 (length 31172)
prokka_FOM_9/FOM_9:Prokka:FOM_9_24 (length 133574)
prokka_FOM_9/FOM_9:Prokka:FOM_9_25 (length 24247)
prokka_FOM_9/FOM_9:Prokka:FOM_9_26 (length 40832)
prokka_FOM_9/FOM_9:Prokka:FOM_9_27 (length 85931)
prokka_FOM_9/FOM_9:Prokka:FOM_9_28 (length 91605)
prokka_FOM_9/FOM_9:Prokka:FOM_9_29 (length 22481)
prokka_FOM_9/FOM_9:Prokka:FOM_9_30 (length 198065)
prokka_FOM_9/FOM_9:Prokka:FOM_9_31 (length 25910)
prokka_FOM_9/FOM_9:Prokka:FOM_9_32 (length 36908)
prokka_FOM_9/FOM_9:Prokka:FOM_9_33 (length 19275)
prokka_FOM_9/FOM_9:Prokka:FOM_9_34 (length 54027)

