Discrepancy Report Results

Summary
FATAL: BAD_LOCUS_TAG_FORMAT:4672 locus tags are incorrectly formatted.
DISC_SOURCE_QUALS_ASNDISC:strain (all present, all same)
DISC_SOURCE_QUALS_ASNDISC:taxname (all present, all same)
DISC_FEATURE_COUNT:gene: 4672 present
DISC_FEATURE_COUNT:CDS: 4597 present
DISC_FEATURE_COUNT:tRNA: 67 present
DISC_FEATURE_COUNT:rRNA: 7 present
DISC_FEATURE_COUNT:tmRNA: 1 present
DISC_COUNT_NUCLEOTIDES:121 nucleotide Bioseqs are present
OVERLAPPING_GENES:1179 genes overlap another gene on the same strand.
OVERLAPPING_CDS:8 coding regions overlap another coding region with a similar or identical name.
SUSPECT_PRODUCT_NAMES:12 product_names contain suspect phrase or characters
	Putative Typo
		1 features May contain plural
	May contain database identifier more appropriate in note; remove from product name
		4 features contains three or more numbers together that may be identifiers more appropriate in note
		1 features Contains underscore
	Use short product name instead of descriptive phrase
		3 features Is longer than 100 characters. Remove descriptive phrases or synonyms from product names. Keep valid long product names, eg long enzyme names
	use protein instead of gene as appropriate
		3 features contains 'genes'
FIND_BADLEN_TRNAS:2 tRNAs are too long
NO_ANNOTATION:1 bioseqs have no features
DISC_QUALITY_SCORES:Quality scores are missing on all sequences.
FATAL: DISC_SUSPECT_RRNA_PRODUCTS:2 rRNA product names contain suspect phrase
FATAL: DISC_SHORT_RRNA:2 rRNA features are too short
DISC_BAD_BACTERIAL_GENE_NAME:3 bacterial genes do not start with lowercase letters
ONCALLER_COMMENT_PRESENT:121 comment descriptors were found (all same)
SHORT_PROT_SEQUENCES:53 protein sequences are shorter than 50 aa.
MISSING_GENOMEASSEMBLY_COMMENTS:121 bioseqs are missing GenomeAssembly structured comments
MOLTYPE_NOT_MRNA:121 molecule types are not set as mRNA.
TECHNIQUE_NOT_TSA:121 technique are not set as TSA
MISSING_STRUCTURED_COMMENT:121 sequences do not include structured comments.
MISSING_PROJECT:4718 sequences do not include project.
FATAL: RRNA_NAME_CONFLICTS:2 rRNA product names are not standard. Correct the names to the standard format, eg "16S ribosomal RNA"
DISC_INCONSISTENT_MOLINFO_TECH:Molinfo Technique Report (some missing, all same)


Detailed Report

FATAL: DiscRep_ALL:BAD_LOCUS_TAG_FORMAT::4672 locus e incorrectly rectly formatted.
prokka_ANT_1/ANT_1:Gene	ANT_1_00001	ANT_1_1:597-1088	ANT_1_00001
prokka_ANT_1/ANT_1:Gene	ANT_1_00002	ANT_1_1:1155-1520	ANT_1_00002
prokka_ANT_1/ANT_1:Gene	idnD	ANT_1_1:2154-3185	ANT_1_00003
prokka_ANT_1/ANT_1:Gene	idnO	ANT_1_1:3195-3959	ANT_1_00004
prokka_ANT_1/ANT_1:Gene	idnT	ANT_1_1:4016-5335	ANT_1_00005
prokka_ANT_1/ANT_1:Gene	gntR_1	ANT_1_1:5452-6447	ANT_1_00006
prokka_ANT_1/ANT_1:Gene	can_1	ANT_1_1:6893-7519	ANT_1_00007
prokka_ANT_1/ANT_1:Gene	dauA	ANT_1_1:7516-9000	ANT_1_00008
prokka_ANT_1/ANT_1:Gene	ANT_1_00009	ANT_1_1:c9664-9050	ANT_1_00009
prokka_ANT_1/ANT_1:Gene	ANT_1_00010	ANT_1_1:10138-10329	ANT_1_00010
prokka_ANT_1/ANT_1:Gene	ANT_1_00011	ANT_1_1:10651-10854	ANT_1_00011
prokka_ANT_1/ANT_1:Gene	ANT_1_00012	ANT_1_1:10926-11435	ANT_1_00012
prokka_ANT_1/ANT_1:Gene	ANT_1_00013	ANT_1_1:11432-11935	ANT_1_00013
prokka_ANT_1/ANT_1:Gene	ANT_1_00014	ANT_1_1:11956-12420	ANT_1_00014
prokka_ANT_1/ANT_1:Gene	ANT_1_00015	ANT_1_1:12434-13024	ANT_1_00015
prokka_ANT_1/ANT_1:Gene	ANT_1_00016	ANT_1_1:13021-13371	ANT_1_00016
prokka_ANT_1/ANT_1:Gene	ANT_1_00017	ANT_1_1:13374-14282	ANT_1_00017
prokka_ANT_1/ANT_1:Gene	ANT_1_00018	ANT_1_1:14275-14883	ANT_1_00018
prokka_ANT_1/ANT_1:Gene	ANT_1_00019	ANT_1_1:14880-16016	ANT_1_00019
prokka_ANT_1/ANT_1:Gene	ANT_1_00020	ANT_1_1:16018-16461	ANT_1_00020
prokka_ANT_1/ANT_1:Gene	ANT_1_00021	ANT_1_1:c17266-16649	ANT_1_00021
prokka_ANT_1/ANT_1:Gene	fusA	ANT_1_2:c2534-420	ANT_1_00022
prokka_ANT_1/ANT_1:Gene	rpsG	ANT_1_2:c3098-2628	ANT_1_00023
prokka_ANT_1/ANT_1:Gene	rpsL	ANT_1_2:c3569-3195	ANT_1_00024
prokka_ANT_1/ANT_1:Gene	tusB	ANT_1_2:c3983-3696	ANT_1_00025
prokka_ANT_1/ANT_1:Gene	tusC	ANT_1_2:c4350-3991	ANT_1_00026
prokka_ANT_1/ANT_1:Gene	tusD	ANT_1_2:c4736-4350	ANT_1_00027
prokka_ANT_1/ANT_1:Gene	dauR_1	ANT_1_2:c5458-4736	ANT_1_00028
prokka_ANT_1/ANT_1:Gene	fkpA	ANT_1_2:c6490-5660	ANT_1_00029
prokka_ANT_1/ANT_1:Gene	slyX	ANT_1_2:6781-6999	ANT_1_00030
prokka_ANT_1/ANT_1:Gene	slyD	ANT_1_2:c7713-7153	ANT_1_00031
prokka_ANT_1/ANT_1:Gene	ANT_1_00032	ANT_1_2:c8044-7850	ANT_1_00032
prokka_ANT_1/ANT_1:Gene	kefC	ANT_1_2:c9997-8192	ANT_1_00033
prokka_ANT_1/ANT_1:Gene	ywrO	ANT_1_2:c10549-9998	ANT_1_00034
prokka_ANT_1/ANT_1:Gene	yheS_1	ANT_1_2:10675-12576	ANT_1_00035
prokka_ANT_1/ANT_1:Gene	ANT_1_00036	ANT_1_2:c14156-12669	ANT_1_00036
prokka_ANT_1/ANT_1:Gene	prs_1	ANT_1_2:c15021-14146	ANT_1_00037
prokka_ANT_1/ANT_1:Gene	ANT_1_00038	ANT_1_2:15234-15959	ANT_1_00038
prokka_ANT_1/ANT_1:Gene	tauD	ANT_1_2:c16795-15956	ANT_1_00039
prokka_ANT_1/ANT_1:Gene	ssuC_1	ANT_1_2:c17619-16792	ANT_1_00040
prokka_ANT_1/ANT_1:Gene	tauB	ANT_1_2:c18383-17616	ANT_1_00041
prokka_ANT_1/ANT_1:Gene	tauA	ANT_1_2:c19375-18398	ANT_1_00042
prokka_ANT_1/ANT_1:Gene	eamB	ANT_1_2:c20289-19687	ANT_1_00043
prokka_ANT_1/ANT_1:Gene	ANT_1_00044	ANT_1_2:20350-21369	ANT_1_00044
prokka_ANT_1/ANT_1:Gene	ANT_1_00045	ANT_1_2:21366-21584	ANT_1_00045
prokka_ANT_1/ANT_1:Gene	cfxP	ANT_1_2:21659-22528	ANT_1_00046
prokka_ANT_1/ANT_1:Gene	yhfA	ANT_1_2:c23086-22679	ANT_1_00047
prokka_ANT_1/ANT_1:Gene	crp	ANT_1_2:23453-24085	ANT_1_00048
prokka_ANT_1/ANT_1:Gene	ANT_1_00049	ANT_1_2:24143-26221	ANT_1_00049
prokka_ANT_1/ANT_1:Gene	argD	ANT_1_2:c27486-26269	ANT_1_00050
prokka_ANT_1/ANT_1:Gene	trpG_1	ANT_1_2:c28151-27573	ANT_1_00051
prokka_ANT_1/ANT_1:Gene	ppiA	ANT_1_2:c28785-28213	ANT_1_00052
prokka_ANT_1/ANT_1:Gene	tsgA	ANT_1_2:29063-30247	ANT_1_00053
prokka_ANT_1/ANT_1:Gene	codA	ANT_1_2:c31625-30348	ANT_1_00054
prokka_ANT_1/ANT_1:Gene	trpS	ANT_1_2:c32773-31769	ANT_1_00055
prokka_ANT_1/ANT_1:Gene	gph	ANT_1_2:c33468-32791	ANT_1_00056
prokka_ANT_1/ANT_1:Gene	rpe	ANT_1_2:c34138-33452	ANT_1_00057
prokka_ANT_1/ANT_1:Gene	dam	ANT_1_2:c35021-34176	ANT_1_00058
prokka_ANT_1/ANT_1:Gene	damX	ANT_1_2:c36117-35125	ANT_1_00059
prokka_ANT_1/ANT_1:Gene	aroB	ANT_1_2:c37301-36213	ANT_1_00060
prokka_ANT_1/ANT_1:Gene	aroK	ANT_1_2:c37877-37356	ANT_1_00061
prokka_ANT_1/ANT_1:Gene	pilQ	ANT_1_2:c39515-38271	ANT_1_00062
prokka_ANT_1/ANT_1:Gene	ANT_1_00063	ANT_1_2:c39837-39478	ANT_1_00063
prokka_ANT_1/ANT_1:Gene	ANT_1_00064	ANT_1_2:c40324-39827	ANT_1_00064
prokka_ANT_1/ANT_1:Gene	ANT_1_00065	ANT_1_2:c40866-40321	ANT_1_00065
prokka_ANT_1/ANT_1:Gene	ANT_1_00066	ANT_1_2:c41693-40866	ANT_1_00066
prokka_ANT_1/ANT_1:Gene	mrcA	ANT_1_2:41810-44365	ANT_1_00067
prokka_ANT_1/ANT_1:Gene	nudE	ANT_1_2:c44989-44423	ANT_1_00068
prokka_ANT_1/ANT_1:Gene	igaA	ANT_1_2:45391-47529	ANT_1_00069
prokka_ANT_1/ANT_1:Gene	hslR	ANT_1_2:47667-48068	ANT_1_00070
prokka_ANT_1/ANT_1:Gene	hslO	ANT_1_2:48091-48969	ANT_1_00071
prokka_ANT_1/ANT_1:Gene	pckA_1	ANT_1_2:49358-50977	ANT_1_00072
prokka_ANT_1/ANT_1:Gene	envZ	ANT_1_2:c52395-51046	ANT_1_00073
prokka_ANT_1/ANT_1:Gene	ompR_1	ANT_1_2:c53111-52392	ANT_1_00074
prokka_ANT_1/ANT_1:Gene	greB	ANT_1_2:53400-53879	ANT_1_00075
prokka_ANT_1/ANT_1:Gene	yhgF	ANT_1_2:53980-56313	ANT_1_00076
prokka_ANT_1/ANT_1:Gene	feoA	ANT_1_2:56454-56696	ANT_1_00077
prokka_ANT_1/ANT_1:Gene	feoB	ANT_1_2:56693-58996	ANT_1_00078
prokka_ANT_1/ANT_1:Gene	ycjM	ANT_1_2:59098-60786	ANT_1_00079
prokka_ANT_1/ANT_1:Gene	ANT_1_00080	ANT_1_2:c61087-60821	ANT_1_00080
prokka_ANT_1/ANT_1:Gene	bioH	ANT_1_2:c62014-61238	ANT_1_00081
prokka_ANT_1/ANT_1:Gene	ANT_1_00082	ANT_1_2:62049-62732	ANT_1_00082
prokka_ANT_1/ANT_1:Gene	nfuA	ANT_1_2:62791-63366	ANT_1_00083
prokka_ANT_1/ANT_1:Gene	fabF_1	ANT_1_2:63524-64807	ANT_1_00084
prokka_ANT_1/ANT_1:Gene	malQ_1	ANT_1_2:c66945-64873	ANT_1_00085
prokka_ANT_1/ANT_1:Gene	malP_1	ANT_1_2:c69358-66956	ANT_1_00086
prokka_ANT_1/ANT_1:Gene	glpR_1	ANT_1_2:c70421-69663	ANT_1_00087
prokka_ANT_1/ANT_1:Gene	glpG	ANT_1_2:c71252-70434	ANT_1_00088
prokka_ANT_1/ANT_1:Gene	glpE	ANT_1_2:c71673-71350	ANT_1_00089
prokka_ANT_1/ANT_1:Gene	glpD	ANT_1_2:71912-73423	ANT_1_00090
prokka_ANT_1/ANT_1:Gene	malP_2	ANT_1_2:c75997-73550	ANT_1_00091
prokka_ANT_1/ANT_1:Gene	glgA	ANT_1_2:c77452-76019	ANT_1_00092
prokka_ANT_1/ANT_1:Gene	glgC	ANT_1_2:c78755-77469	ANT_1_00093
prokka_ANT_1/ANT_1:Gene	glgX_1	ANT_1_2:c80744-78768	ANT_1_00094
prokka_ANT_1/ANT_1:Gene	glgB	ANT_1_2:c82927-80741	ANT_1_00095
prokka_ANT_1/ANT_1:Gene	asd	ANT_1_2:c84498-83389	ANT_1_00096
prokka_ANT_1/ANT_1:Gene	ANT_1_00097	ANT_1_2:84680-85273	ANT_1_00097
prokka_ANT_1/ANT_1:Gene	gntU	ANT_1_2:c86701-85361	ANT_1_00098
prokka_ANT_1/ANT_1:Gene	gntK	ANT_1_2:c87247-86708	ANT_1_00099
prokka_ANT_1/ANT_1:Gene	gntR_2	ANT_1_2:c88466-87471	ANT_1_00100
prokka_ANT_1/ANT_1:Gene	yhhW	ANT_1_2:c89269-88574	ANT_1_00101
prokka_ANT_1/ANT_1:Gene	aaaT	ANT_1_2:89720-90214	ANT_1_00102
prokka_ANT_1/ANT_1:Gene	ANT_1_00103	ANT_1_2:c91401-90220	ANT_1_00103
prokka_ANT_1/ANT_1:Gene	ggt	ANT_1_2:c93393-91645	ANT_1_00104
prokka_ANT_1/ANT_1:Gene	ANT_1_00105	ANT_1_2:93549-93860	ANT_1_00105
prokka_ANT_1/ANT_1:Gene	ugpQ	ANT_1_2:c94638-93898	ANT_1_00106
prokka_ANT_1/ANT_1:Gene	ugpC_1	ANT_1_2:c95708-94638	ANT_1_00107
prokka_ANT_1/ANT_1:Gene	lacG	ANT_1_2:c96557-95712	ANT_1_00108
prokka_ANT_1/ANT_1:Gene	ugpA_1	ANT_1_2:c97441-96554	ANT_1_00109
prokka_ANT_1/ANT_1:Gene	ugpB_1	ANT_1_2:c98875-97559	ANT_1_00110
prokka_ANT_1/ANT_1:Gene	livF_1	ANT_1_2:c99849-99136	ANT_1_00111
prokka_ANT_1/ANT_1:Gene	lptB_1	ANT_1_2:c100618-99851	ANT_1_00112
prokka_ANT_1/ANT_1:Gene	ANT_1_00113	ANT_1_2:c101889-100615	ANT_1_00113
prokka_ANT_1/ANT_1:Gene	livH	ANT_1_2:c102812-101886	ANT_1_00114
prokka_ANT_1/ANT_1:Gene	livJ	ANT_1_2:c104035-102926	ANT_1_00115
prokka_ANT_1/ANT_1:Gene	panZ	ANT_1_2:104431-104817	ANT_1_00116
prokka_ANT_1/ANT_1:Gene	rpoH	ANT_1_2:c105757-104903	ANT_1_00117
prokka_ANT_1/ANT_1:Gene	ftsX	ANT_1_2:c107049-106057	ANT_1_00118
prokka_ANT_1/ANT_1:Gene	ftsE	ANT_1_2:c107707-107039	ANT_1_00119
prokka_ANT_1/ANT_1:Gene	ftsY	ANT_1_2:c109212-107713	ANT_1_00120
prokka_ANT_1/ANT_1:Gene	ANT_1_00121	ANT_1_3:c714-127	ANT_1_00121
prokka_ANT_1/ANT_1:Gene	vgrG1	ANT_1_3:c2677-656	ANT_1_00122
prokka_ANT_1/ANT_1:Gene	ANT_1_00123	ANT_1_3:3227-4408	ANT_1_00123
prokka_ANT_1/ANT_1:Gene	mqo_1	ANT_1_3:4787-6439	ANT_1_00124
prokka_ANT_1/ANT_1:Gene	ANT_1_00125	ANT_1_3:c7271-6510	ANT_1_00125
prokka_ANT_1/ANT_1:Gene	vat	ANT_1_3:7400-8023	ANT_1_00126
prokka_ANT_1/ANT_1:Gene	ANT_1_00127	ANT_1_3:8201-9643	ANT_1_00127
prokka_ANT_1/ANT_1:Gene	ANT_1_00128	ANT_1_3:9643-12627	ANT_1_00128
prokka_ANT_1/ANT_1:Gene	ANT_1_00129	ANT_1_3:12624-15014	ANT_1_00129
prokka_ANT_1/ANT_1:Gene	ANT_1_00130	ANT_1_3:c15295-15011	ANT_1_00130
prokka_ANT_1/ANT_1:Gene	ANT_1_00131	ANT_1_3:c15767-15297	ANT_1_00131
prokka_ANT_1/ANT_1:Gene	thpA_1	ANT_1_3:c16834-15917	ANT_1_00132
prokka_ANT_1/ANT_1:Gene	ompT	ANT_1_3:c18105-17164	ANT_1_00133
prokka_ANT_1/ANT_1:Gene	ANT_1_00134	ANT_1_3:18418-19308	ANT_1_00134
prokka_ANT_1/ANT_1:Gene	ANT_1_00135	ANT_1_3:19347-19613	ANT_1_00135
prokka_ANT_1/ANT_1:Gene	ANT_1_00136	ANT_1_3:c20443-19487	ANT_1_00136
prokka_ANT_1/ANT_1:Gene	ANT_1_00137	ANT_1_3:c21510-20491	ANT_1_00137
prokka_ANT_1/ANT_1:Gene	metI_1	ANT_1_3:c22258-21587	ANT_1_00138
prokka_ANT_1/ANT_1:Gene	metN_1	ANT_1_3:c23034-22243	ANT_1_00139
prokka_ANT_1/ANT_1:Gene	metQ_1	ANT_1_3:c23842-23036	ANT_1_00140
prokka_ANT_1/ANT_1:Gene	vldW	ANT_1_3:c24896-23856	ANT_1_00141
prokka_ANT_1/ANT_1:Gene	rob_1	ANT_1_3:c25625-25278	ANT_1_00142
prokka_ANT_1/ANT_1:Gene	ANT_1_00143	ANT_1_3:c26282-25827	ANT_1_00143
prokka_ANT_1/ANT_1:Gene	Hgd	ANT_1_3:c27365-26490	ANT_1_00144
prokka_ANT_1/ANT_1:Gene	ANT_1_00145	ANT_1_3:c28281-27427	ANT_1_00145
prokka_ANT_1/ANT_1:Gene	jefA	ANT_1_3:28395-29816	ANT_1_00146
prokka_ANT_1/ANT_1:Gene	ANT_1_00147	ANT_1_3:c29979-29857	ANT_1_00147
prokka_ANT_1/ANT_1:Gene	ANT_1_00148	ANT_1_3:c30149-29973	ANT_1_00148
prokka_ANT_1/ANT_1:Gene	glsA2	ANT_1_3:c31243-30317	ANT_1_00149
prokka_ANT_1/ANT_1:Gene	sotB_1	ANT_1_3:31510-32694	ANT_1_00150
prokka_ANT_1/ANT_1:Gene	dcp	ANT_1_3:c34949-32805	ANT_1_00151
prokka_ANT_1/ANT_1:Gene	ANT_1_00152	ANT_1_3:c35791-35018	ANT_1_00152
prokka_ANT_1/ANT_1:Gene	xdhA	ANT_1_3:c38147-35781	ANT_1_00153
prokka_ANT_1/ANT_1:Gene	ANT_1_00154	ANT_1_3:c39579-38140	ANT_1_00154
prokka_ANT_1/ANT_1:Gene	guaD_1	ANT_1_3:c40907-39576	ANT_1_00155
prokka_ANT_1/ANT_1:Gene	ydfG	ANT_1_3:41294-42040	ANT_1_00156
prokka_ANT_1/ANT_1:Gene	ANT_1_00157	ANT_1_3:c42388-42062	ANT_1_00157
prokka_ANT_1/ANT_1:Gene	ANT_1_00158	ANT_1_3:42521-42868	ANT_1_00158
prokka_ANT_1/ANT_1:Gene	ANT_1_00159	ANT_1_3:42921-43217	ANT_1_00159
prokka_ANT_1/ANT_1:Gene	bmr3	ANT_1_3:c44733-43267	ANT_1_00160
prokka_ANT_1/ANT_1:Gene	osmY_1	ANT_1_3:45048-45761	ANT_1_00161
prokka_ANT_1/ANT_1:Gene	osmX	ANT_1_3:45778-46695	ANT_1_00162
prokka_ANT_1/ANT_1:Gene	osmW	ANT_1_3:46705-47352	ANT_1_00163
prokka_ANT_1/ANT_1:Gene	osmV	ANT_1_3:47352-48491	ANT_1_00164
prokka_ANT_1/ANT_1:Gene	licT_1	ANT_1_3:c49392-48529	ANT_1_00165
prokka_ANT_1/ANT_1:Gene	ANT_1_00166	ANT_1_3:c49885-49565	ANT_1_00166
prokka_ANT_1/ANT_1:Gene	mppA	ANT_1_3:c51606-49990	ANT_1_00167
prokka_ANT_1/ANT_1:Gene	mpaA	ANT_1_3:51774-52481	ANT_1_00168
prokka_ANT_1/ANT_1:Gene	ycjG	ANT_1_3:c53444-52461	ANT_1_00169
prokka_ANT_1/ANT_1:Gene	tpx	ANT_1_3:53563-54066	ANT_1_00170
prokka_ANT_1/ANT_1:Gene	tyrR	ANT_1_3:c55715-54150	ANT_1_00171
prokka_ANT_1/ANT_1:Gene	ANT_1_00172	ANT_1_3:c56872-55817	ANT_1_00172
prokka_ANT_1/ANT_1:Gene	ycjX	ANT_1_3:c58275-56869	ANT_1_00173
prokka_ANT_1/ANT_1:Gene	pspD	ANT_1_3:c58550-58338	ANT_1_00174
prokka_ANT_1/ANT_1:Gene	pspC	ANT_1_3:c58926-58579	ANT_1_00175
prokka_ANT_1/ANT_1:Gene	pspB	ANT_1_3:c59150-58923	ANT_1_00176
prokka_ANT_1/ANT_1:Gene	pspA	ANT_1_3:c59871-59206	ANT_1_00177
prokka_ANT_1/ANT_1:Gene	pspF	ANT_1_3:60060-61040	ANT_1_00178
prokka_ANT_1/ANT_1:Gene	sapA	ANT_1_3:61391-63019	ANT_1_00179
prokka_ANT_1/ANT_1:Gene	sapB	ANT_1_3:63016-63981	ANT_1_00180
prokka_ANT_1/ANT_1:Gene	sapC	ANT_1_3:63968-64858	ANT_1_00181
prokka_ANT_1/ANT_1:Gene	sapD	ANT_1_3:64858-65850	ANT_1_00182
prokka_ANT_1/ANT_1:Gene	sapF	ANT_1_3:65850-66656	ANT_1_00183
prokka_ANT_1/ANT_1:Gene	ANT_1_00184	ANT_1_3:66802-67974	ANT_1_00184
prokka_ANT_1/ANT_1:Gene	oxyR_1	ANT_1_3:c68848-67952	ANT_1_00185
prokka_ANT_1/ANT_1:Gene	ANT_1_00186	ANT_1_3:c69652-68909	ANT_1_00186
prokka_ANT_1/ANT_1:Gene	malX	ANT_1_3:c71330-69741	ANT_1_00187
prokka_ANT_1/ANT_1:Gene	ydeP_1	ANT_1_3:71573-73879	ANT_1_00188
prokka_ANT_1/ANT_1:Gene	rnb	ANT_1_3:74007-75950	ANT_1_00189
prokka_ANT_1/ANT_1:Gene	ANT_1_00190	ANT_1_3:76137-76259	ANT_1_00190
prokka_ANT_1/ANT_1:Gene	pdeR	ANT_1_3:76545-78536	ANT_1_00191
prokka_ANT_1/ANT_1:Gene	fadB_1	ANT_1_3:c79421-78552	ANT_1_00192
prokka_ANT_1/ANT_1:Gene	araD	ANT_1_3:c80393-79695	ANT_1_00193
prokka_ANT_1/ANT_1:Gene	osmB	ANT_1_3:80798-81016	ANT_1_00194
prokka_ANT_1/ANT_1:Gene	yciH	ANT_1_3:c81396-81070	ANT_1_00195
prokka_ANT_1/ANT_1:Gene	pyrF	ANT_1_3:c82112-81396	ANT_1_00196
prokka_ANT_1/ANT_1:Gene	ANT_1_00197	ANT_1_3:82141-82332	ANT_1_00197
prokka_ANT_1/ANT_1:Gene	lapB	ANT_1_3:c83540-82371	ANT_1_00198
prokka_ANT_1/ANT_1:Gene	lapA	ANT_1_3:c83855-83547	ANT_1_00199
prokka_ANT_1/ANT_1:Gene	pgpB	ANT_1_3:c84785-84018	ANT_1_00200
prokka_ANT_1/ANT_1:Gene	ribA	ANT_1_3:85012-85602	ANT_1_00201
prokka_ANT_1/ANT_1:Gene	acnA	ANT_1_3:c88364-85683	ANT_1_00202
prokka_ANT_1/ANT_1:Gene	ANT_1_00203	ANT_1_3:c88716-88624	ANT_1_00203
prokka_ANT_1/ANT_1:Gene	ANT_1_00204	ANT_1_3:89004-89273	ANT_1_00204
prokka_ANT_1/ANT_1:Gene	cysB	ANT_1_3:c90726-89752	ANT_1_00205
prokka_ANT_1/ANT_1:Gene	topA_1	ANT_1_3:c93625-91025	ANT_1_00206
prokka_ANT_1/ANT_1:Gene	ANT_1_00207	ANT_1_3:94221-98012	ANT_1_00207
prokka_ANT_1/ANT_1:Gene	yehL	ANT_1_3:98039-99118	ANT_1_00208
prokka_ANT_1/ANT_1:Gene	ANT_1_00209	ANT_1_3:99115-101454	ANT_1_00209
prokka_ANT_1/ANT_1:Gene	ANT_1_00210	ANT_1_3:101464-102600	ANT_1_00210
prokka_ANT_1/ANT_1:Gene	ANT_1_00211	ANT_1_3:102597-104621	ANT_1_00211
prokka_ANT_1/ANT_1:Gene	sohB	ANT_1_3:c105707-104658	ANT_1_00212
prokka_ANT_1/ANT_1:Gene	yciK	ANT_1_3:105931-106692	ANT_1_00213
prokka_ANT_1/ANT_1:Gene	btuR	ANT_1_3:106692-107282	ANT_1_00214
prokka_ANT_1/ANT_1:Gene	rluB	ANT_1_3:c108229-107336	ANT_1_00215
prokka_ANT_1/ANT_1:Gene	ANT_1_00216	ANT_1_3:109101-109727	ANT_1_00216
prokka_ANT_1/ANT_1:Gene	yciO	ANT_1_3:c110404-109784	ANT_1_00217
prokka_ANT_1/ANT_1:Gene	yciV	ANT_1_3:c111316-110432	ANT_1_00218
prokka_ANT_1/ANT_1:Gene	trpE	ANT_1_3:111601-113163	ANT_1_00219
prokka_ANT_1/ANT_1:Gene	trpG_2	ANT_1_3:113163-113741	ANT_1_00220
prokka_ANT_1/ANT_1:Gene	trpGD	ANT_1_3:113756-114754	ANT_1_00221
prokka_ANT_1/ANT_1:Gene	trpC	ANT_1_3:114757-116124	ANT_1_00222
prokka_ANT_1/ANT_1:Gene	trpB	ANT_1_3:116139-117329	ANT_1_00223
prokka_ANT_1/ANT_1:Gene	trpA	ANT_1_3:117329-118135	ANT_1_00224
prokka_ANT_1/ANT_1:Gene	ANT_1_00225	ANT_1_3:118286-118600	ANT_1_00225
prokka_ANT_1/ANT_1:Gene	ompW	ANT_1_3:c119295-118663	ANT_1_00226
prokka_ANT_1/ANT_1:Gene	ANT_1_00227	ANT_1_3:119669-120406	ANT_1_00227
prokka_ANT_1/ANT_1:Gene	yciB	ANT_1_3:120482-121018	ANT_1_00228
prokka_ANT_1/ANT_1:Gene	ANT_1_00229	ANT_1_3:121094-121519	ANT_1_00229
prokka_ANT_1/ANT_1:Gene	tonB	ANT_1_3:c122314-121595	ANT_1_00230
prokka_ANT_1/ANT_1:Gene	yciI	ANT_1_3:122518-122814	ANT_1_00231
prokka_ANT_1/ANT_1:Gene	ANT_1_00232	ANT_1_3:c123028-122855	ANT_1_00232
prokka_ANT_1/ANT_1:Gene	clsA	ANT_1_3:123191-124651	ANT_1_00233
prokka_ANT_1/ANT_1:Gene	ANT_1_00234	ANT_1_3:124697-125020	ANT_1_00234
prokka_ANT_1/ANT_1:Gene	ANT_1_00235	ANT_1_3:c125902-125036	ANT_1_00235
prokka_ANT_1/ANT_1:Gene	btuD_1	ANT_1_3:c127041-126040	ANT_1_00236
prokka_ANT_1/ANT_1:Gene	oppD	ANT_1_3:c128054-127038	ANT_1_00237
prokka_ANT_1/ANT_1:Gene	oppC	ANT_1_3:c128974-128066	ANT_1_00238
prokka_ANT_1/ANT_1:Gene	oppB	ANT_1_3:c129909-128989	ANT_1_00239
prokka_ANT_1/ANT_1:Gene	oppA	ANT_1_3:c131630-129993	ANT_1_00240
prokka_ANT_1/ANT_1:Gene	ANT_1_00241	ANT_1_3:c133073-132426	ANT_1_00241
prokka_ANT_1/ANT_1:Gene	ANT_1_00242	ANT_1_3:133101-133313	ANT_1_00242
prokka_ANT_1/ANT_1:Gene	adhE	ANT_1_3:133552-136236	ANT_1_00243
prokka_ANT_1/ANT_1:Gene	tdk	ANT_1_3:c136979-136353	ANT_1_00244
prokka_ANT_1/ANT_1:Gene	hns_1	ANT_1_3:137342-137749	ANT_1_00245
prokka_ANT_1/ANT_1:Gene	wbgU	ANT_1_3:c138894-137887	ANT_1_00246
prokka_ANT_1/ANT_1:Gene	rkpK	ANT_1_3:c140249-138909	ANT_1_00247
prokka_ANT_1/ANT_1:Gene	galU	ANT_1_3:c141184-140276	ANT_1_00248
prokka_ANT_1/ANT_1:Gene	rssB	ANT_1_3:c142408-141380	ANT_1_00249
prokka_ANT_1/ANT_1:Gene	ANT_1_00250	ANT_1_3:c143398-142487	ANT_1_00250
prokka_ANT_1/ANT_1:Gene	ANT_1_00251	ANT_1_3:143604-143966	ANT_1_00251
prokka_ANT_1/ANT_1:Gene	purU	ANT_1_3:144006-144854	ANT_1_00252
prokka_ANT_1/ANT_1:Gene	ANT_1_00253	ANT_1_3:144998-145082	ANT_1_00253
prokka_ANT_1/ANT_1:Gene	ANT_1_00254	ANT_1_3:145235-145319	ANT_1_00254
prokka_ANT_1/ANT_1:Gene	xthA	ANT_1_3:145683-146492	ANT_1_00255
prokka_ANT_1/ANT_1:Gene	ANT_1_00256	ANT_1_3:c146855-146541	ANT_1_00256
prokka_ANT_1/ANT_1:Gene	topB_1	ANT_1_3:c148777-146855	ANT_1_00257
prokka_ANT_1/ANT_1:Gene	selD	ANT_1_3:c149842-148796	ANT_1_00258
prokka_ANT_1/ANT_1:Gene	ydjA	ANT_1_3:c150406-149855	ANT_1_00259
prokka_ANT_1/ANT_1:Gene	sppA	ANT_1_3:150600-152456	ANT_1_00260
prokka_ANT_1/ANT_1:Gene	ansA	ANT_1_3:152560-153573	ANT_1_00261
prokka_ANT_1/ANT_1:Gene	pncA	ANT_1_3:153579-154193	ANT_1_00262
prokka_ANT_1/ANT_1:Gene	ANT_1_00263	ANT_1_3:c154548-154270	ANT_1_00263
prokka_ANT_1/ANT_1:Gene	msrB	ANT_1_3:c154967-154557	ANT_1_00264
prokka_ANT_1/ANT_1:Gene	gapA	ANT_1_3:155309-156304	ANT_1_00265
prokka_ANT_1/ANT_1:Gene	yeaD	ANT_1_3:156497-157381	ANT_1_00266
prokka_ANT_1/ANT_1:Gene	ANT_1_00267	ANT_1_3:c158278-157427	ANT_1_00267
prokka_ANT_1/ANT_1:Gene	mipA_1	ANT_1_3:c159109-158360	ANT_1_00268
prokka_ANT_1/ANT_1:Gene	ANT_1_00269	ANT_1_3:159540-161474	ANT_1_00269
prokka_ANT_1/ANT_1:Gene	ANT_1_00270	ANT_1_3:161545-162822	ANT_1_00270
prokka_ANT_1/ANT_1:Gene	cvrA	ANT_1_3:163154-164881	ANT_1_00271
prokka_ANT_1/ANT_1:Gene	ANT_1_00272	ANT_1_3:165302-166771	ANT_1_00272
prokka_ANT_1/ANT_1:Gene	mdtL	ANT_1_3:166923-168113	ANT_1_00273
prokka_ANT_1/ANT_1:Gene	dadX	ANT_1_3:c169186-168116	ANT_1_00274
prokka_ANT_1/ANT_1:Gene	dadA	ANT_1_3:c170518-169217	ANT_1_00275
prokka_ANT_1/ANT_1:Gene	ANT_1_00276	ANT_1_3:171029-172567	ANT_1_00276
prokka_ANT_1/ANT_1:Gene	fadR_1	ANT_1_3:c173379-172660	ANT_1_00277
prokka_ANT_1/ANT_1:Gene	dsbB	ANT_1_3:173685-174215	ANT_1_00278
prokka_ANT_1/ANT_1:Gene	ANT_1_00279	ANT_1_3:c174759-174310	ANT_1_00279
prokka_ANT_1/ANT_1:Gene	ycgM	ANT_1_3:c175494-174835	ANT_1_00280
prokka_ANT_1/ANT_1:Gene	ANT_1_00281	ANT_1_3:c176608-175553	ANT_1_00281
prokka_ANT_1/ANT_1:Gene	ycgL	ANT_1_3:c176974-176699	ANT_1_00282
prokka_ANT_1/ANT_1:Gene	minC	ANT_1_3:177132-177824	ANT_1_00283
prokka_ANT_1/ANT_1:Gene	minD	ANT_1_3:177867-178679	ANT_1_00284
prokka_ANT_1/ANT_1:Gene	minE	ANT_1_3:178683-178958	ANT_1_00285
prokka_ANT_1/ANT_1:Gene	rnd	ANT_1_3:c180214-179012	ANT_1_00286
prokka_ANT_1/ANT_1:Gene	fadD	ANT_1_3:c181960-180242	ANT_1_00287
prokka_ANT_1/ANT_1:Gene	slp	ANT_1_3:c182741-182145	ANT_1_00288
prokka_ANT_1/ANT_1:Gene	tsaB	ANT_1_3:c183499-182798	ANT_1_00289
prokka_ANT_1/ANT_1:Gene	yoaA	ANT_1_3:c185468-183558	ANT_1_00290
prokka_ANT_1/ANT_1:Gene	ANT_1_00291	ANT_1_3:185989-187011	ANT_1_00291
prokka_ANT_1/ANT_1:Gene	ANT_1_00292	ANT_1_3:c188301-187069	ANT_1_00292
prokka_ANT_1/ANT_1:Gene	rutC_1	ANT_1_3:188599-188952	ANT_1_00293
prokka_ANT_1/ANT_1:Gene	ANT_1_00294	ANT_1_3:c189217-188987	ANT_1_00294
prokka_ANT_1/ANT_1:Gene	pabB	ANT_1_3:189333-190700	ANT_1_00295
prokka_ANT_1/ANT_1:Gene	nudL	ANT_1_3:190690-191265	ANT_1_00296
prokka_ANT_1/ANT_1:Gene	sdaA	ANT_1_3:191457-192821	ANT_1_00297
prokka_ANT_1/ANT_1:Gene	pdeD	ANT_1_3:193066-194628	ANT_1_00298
prokka_ANT_1/ANT_1:Gene	ANT_1_00299	ANT_1_3:c196255-194702	ANT_1_00299
prokka_ANT_1/ANT_1:Gene	manX	ANT_1_3:196783-197739	ANT_1_00300
prokka_ANT_1/ANT_1:Gene	manY	ANT_1_3:197797-198597	ANT_1_00301
prokka_ANT_1/ANT_1:Gene	manZ_1	ANT_1_3:198613-199464	ANT_1_00302
prokka_ANT_1/ANT_1:Gene	ANT_1_00303	ANT_1_3:199530-199988	ANT_1_00303
prokka_ANT_1/ANT_1:Gene	rlmA	ANT_1_3:c200826-199969	ANT_1_00304
prokka_ANT_1/ANT_1:Gene	cspC	ANT_1_3:c201210-201001	ANT_1_00305
prokka_ANT_1/ANT_1:Gene	ANT_1_00306	ANT_1_3:c202909-201911	ANT_1_00306
prokka_ANT_1/ANT_1:Gene	ANT_1_00307	ANT_1_3:c203202-202927	ANT_1_00307
prokka_ANT_1/ANT_1:Gene	ANT_1_00308	ANT_1_3:203427-203663	ANT_1_00308
prokka_ANT_1/ANT_1:Gene	kdgR_1	ANT_1_3:c204492-203701	ANT_1_00309
prokka_ANT_1/ANT_1:Gene	htpX_1	ANT_1_3:c205581-204700	ANT_1_00310
prokka_ANT_1/ANT_1:Gene	prc	ANT_1_3:c207813-205768	ANT_1_00311
prokka_ANT_1/ANT_1:Gene	proQ	ANT_1_3:c208531-207833	ANT_1_00312
prokka_ANT_1/ANT_1:Gene	msrC	ANT_1_3:c209128-208628	ANT_1_00313
prokka_ANT_1/ANT_1:Gene	yebS	ANT_1_3:209262-210596	ANT_1_00314
prokka_ANT_1/ANT_1:Gene	yebT	ANT_1_3:210565-213198	ANT_1_00315
prokka_ANT_1/ANT_1:Gene	rsmF	ANT_1_3:213345-214781	ANT_1_00316
prokka_ANT_1/ANT_1:Gene	ANT_1_00317	ANT_1_3:214909-215016	ANT_1_00317
prokka_ANT_1/ANT_1:Gene	ANT_1_00318	ANT_1_3:c215369-215076	ANT_1_00318
prokka_ANT_1/ANT_1:Gene	speE_1	ANT_1_3:215667-216461	ANT_1_00319
prokka_ANT_1/ANT_1:Gene	ANT_1_00320	ANT_1_3:216569-217729	ANT_1_00320
prokka_ANT_1/ANT_1:Gene	ANT_1_00321	ANT_1_3:c218014-217757	ANT_1_00321
prokka_ANT_1/ANT_1:Gene	ANT_1_00322	ANT_1_3:c219382-218417	ANT_1_00322
prokka_ANT_1/ANT_1:Gene	ANT_1_00323	ANT_1_4:637-951	ANT_1_00323
prokka_ANT_1/ANT_1:Gene	ANT_1_00324	ANT_1_4:990-1661	ANT_1_00324
prokka_ANT_1/ANT_1:Gene	hcpA_1	ANT_1_4:c3009-2743	ANT_1_00325
prokka_ANT_1/ANT_1:Gene	ANT_1_00326	ANT_1_5:459-935	ANT_1_00326
prokka_ANT_1/ANT_1:Gene	tsr_1	ANT_1_5:c2567-963	ANT_1_00327
prokka_ANT_1/ANT_1:Gene	ANT_1_00328	ANT_1_5:2895-3809	ANT_1_00328
prokka_ANT_1/ANT_1:Gene	ANT_1_00329	ANT_1_5:3926-5536	ANT_1_00329
prokka_ANT_1/ANT_1:Gene	ANT_1_00330	ANT_1_5:c6064-5555	ANT_1_00330
prokka_ANT_1/ANT_1:Gene	pgrR_1	ANT_1_5:c6993-6061	ANT_1_00331
prokka_ANT_1/ANT_1:Gene	nepI_1	ANT_1_5:7221-8402	ANT_1_00332
prokka_ANT_1/ANT_1:Gene	ANT_1_00333	ANT_1_5:8425-9453	ANT_1_00333
prokka_ANT_1/ANT_1:Gene	ANT_1_00334	ANT_1_5:9547-9942	ANT_1_00334
prokka_ANT_1/ANT_1:Gene	ANT_1_00335	ANT_1_6:c1332-130	ANT_1_00335
prokka_ANT_1/ANT_1:Gene	fliC_1	ANT_1_6:c3091-1415	ANT_1_00336
prokka_ANT_1/ANT_1:Gene	fliD_1	ANT_1_6:3370-4776	ANT_1_00337
prokka_ANT_1/ANT_1:Gene	fliS_1	ANT_1_6:4790-5188	ANT_1_00338
prokka_ANT_1/ANT_1:Gene	fliT	ANT_1_6:5201-5566	ANT_1_00339
prokka_ANT_1/ANT_1:Gene	amyA	ANT_1_6:5707-7185	ANT_1_00340
prokka_ANT_1/ANT_1:Gene	ANT_1_00341	ANT_1_6:c7705-7223	ANT_1_00341
prokka_ANT_1/ANT_1:Gene	ANT_1_00342	ANT_1_6:7861-8184	ANT_1_00342
prokka_ANT_1/ANT_1:Gene	ANT_1_00343	ANT_1_6:c8431-8252	ANT_1_00343
prokka_ANT_1/ANT_1:Gene	ANT_1_00344	ANT_1_6:c8745-8614	ANT_1_00344
prokka_ANT_1/ANT_1:Gene	yedI	ANT_1_6:c9693-8782	ANT_1_00345
prokka_ANT_1/ANT_1:Gene	ANT_1_00346	ANT_1_6:c9980-9705	ANT_1_00346
prokka_ANT_1/ANT_1:Gene	yedA	ANT_1_6:10170-11093	ANT_1_00347
prokka_ANT_1/ANT_1:Gene	vsr	ANT_1_6:c11597-11127	ANT_1_00348
prokka_ANT_1/ANT_1:Gene	dcm	ANT_1_6:c13077-11668	ANT_1_00349
prokka_ANT_1/ANT_1:Gene	tsr_2	ANT_1_6:13369-14970	ANT_1_00350
prokka_ANT_1/ANT_1:Gene	ANT_1_00351	ANT_1_6:c15274-15026	ANT_1_00351
prokka_ANT_1/ANT_1:Gene	yedJ	ANT_1_6:c16052-15348	ANT_1_00352
prokka_ANT_1/ANT_1:Gene	ANT_1_00353	ANT_1_6:16652-17308	ANT_1_00353
prokka_ANT_1/ANT_1:Gene	mtfA	ANT_1_6:17434-18228	ANT_1_00354
prokka_ANT_1/ANT_1:Gene	ANT_1_00355	ANT_1_6:18329-18404	ANT_1_00355
prokka_ANT_1/ANT_1:Gene	ANT_1_00356	ANT_1_6:c19592-18450	ANT_1_00356
prokka_ANT_1/ANT_1:Gene	comR_1	ANT_1_6:19797-20432	ANT_1_00357
prokka_ANT_1/ANT_1:Gene	ANT_1_00358	ANT_1_6:c20882-20499	ANT_1_00358
prokka_ANT_1/ANT_1:Gene	hipB	ANT_1_6:21283-21552	ANT_1_00359
prokka_ANT_1/ANT_1:Gene	hipA	ANT_1_6:21552-22853	ANT_1_00360
prokka_ANT_1/ANT_1:Gene	ANT_1_00361	ANT_1_6:23039-23950	ANT_1_00361
prokka_ANT_1/ANT_1:Gene	mntB_1	ANT_1_6:23947-24750	ANT_1_00362
prokka_ANT_1/ANT_1:Gene	mntB_2	ANT_1_6:24750-25607	ANT_1_00363
prokka_ANT_1/ANT_1:Gene	mntB_3	ANT_1_6:25604-26440	ANT_1_00364
prokka_ANT_1/ANT_1:Gene	bglH_1	ANT_1_6:c27920-26484	ANT_1_00365
prokka_ANT_1/ANT_1:Gene	ANT_1_00366	ANT_1_6:28282-28357	ANT_1_00366
prokka_ANT_1/ANT_1:Gene	ANT_1_00367	ANT_1_7:c882-346	ANT_1_00367
prokka_ANT_1/ANT_1:Gene	ANT_1_00368	ANT_1_7:c1957-857	ANT_1_00368
prokka_ANT_1/ANT_1:Gene	ANT_1_00369	ANT_1_7:c3672-1912	ANT_1_00369
prokka_ANT_1/ANT_1:Gene	ANT_1_00370	ANT_1_7:c4837-3695	ANT_1_00370
prokka_ANT_1/ANT_1:Gene	ANT_1_00371	ANT_1_7:c5107-4841	ANT_1_00371
prokka_ANT_1/ANT_1:Gene	ANT_1_00372	ANT_1_7:c5841-5143	ANT_1_00372
prokka_ANT_1/ANT_1:Gene	ANT_1_00373	ANT_1_7:c7031-6270	ANT_1_00373
prokka_ANT_1/ANT_1:Gene	ANT_1_00374	ANT_1_7:c8922-7015	ANT_1_00374
prokka_ANT_1/ANT_1:Gene	ANT_1_00375	ANT_1_7:c10113-8935	ANT_1_00375
prokka_ANT_1/ANT_1:Gene	ANT_1_00376	ANT_1_8:c615-214	ANT_1_00376
prokka_ANT_1/ANT_1:Gene	ANT_1_00377	ANT_1_8:701-1636	ANT_1_00377
prokka_ANT_1/ANT_1:Gene	ANT_1_00378	ANT_1_8:1983-2393	ANT_1_00378
prokka_ANT_1/ANT_1:Gene	ANT_1_00379	ANT_1_8:2572-3405	ANT_1_00379
prokka_ANT_1/ANT_1:Gene	nepI_2	ANT_1_8:c4568-3378	ANT_1_00380
prokka_ANT_1/ANT_1:Gene	ANT_1_00381	ANT_1_8:c5792-4596	ANT_1_00381
prokka_ANT_1/ANT_1:Gene	tetC	ANT_1_8:5927-6514	ANT_1_00382
prokka_ANT_1/ANT_1:Gene	pbpE	ANT_1_8:c7647-6652	ANT_1_00383
prokka_ANT_1/ANT_1:Gene	ANT_1_00384	ANT_1_8:c8416-8033	ANT_1_00384
prokka_ANT_1/ANT_1:Gene	ANT_1_00385	ANT_1_8:9377-9634	ANT_1_00385
prokka_ANT_1/ANT_1:Gene	ANT_1_00386	ANT_1_8:9683-10105	ANT_1_00386
prokka_ANT_1/ANT_1:Gene	ANT_1_00387	ANT_1_8:10222-10440	ANT_1_00387
prokka_ANT_1/ANT_1:Gene	ANT_1_00388	ANT_1_8:10590-10943	ANT_1_00388
prokka_ANT_1/ANT_1:Gene	ANT_1_00389	ANT_1_8:c12024-11281	ANT_1_00389
prokka_ANT_1/ANT_1:Gene	cetB	ANT_1_8:12319-12756	ANT_1_00390
prokka_ANT_1/ANT_1:Gene	ANT_1_00391	ANT_1_8:12838-13335	ANT_1_00391
prokka_ANT_1/ANT_1:Gene	pgrR_2	ANT_1_8:c14399-13491	ANT_1_00392
prokka_ANT_1/ANT_1:Gene	hpxO_1	ANT_1_8:14503-15627	ANT_1_00393
prokka_ANT_1/ANT_1:Gene	yabJ	ANT_1_8:c16213-15836	ANT_1_00394
prokka_ANT_1/ANT_1:Gene	btuD_2	ANT_1_8:c17668-16577	ANT_1_00395
prokka_ANT_1/ANT_1:Gene	ANT_1_00396	ANT_1_8:c18459-17665	ANT_1_00396
prokka_ANT_1/ANT_1:Gene	ANT_1_00397	ANT_1_8:c19382-18456	ANT_1_00397
prokka_ANT_1/ANT_1:Gene	ANT_1_00398	ANT_1_8:c20496-19390	ANT_1_00398
prokka_ANT_1/ANT_1:Gene	glpR_2	ANT_1_8:21082-21897	ANT_1_00399
prokka_ANT_1/ANT_1:Gene	ANT_1_00400	ANT_1_8:21887-23416	ANT_1_00400
prokka_ANT_1/ANT_1:Gene	ANT_1_00401	ANT_1_8:23413-24240	ANT_1_00401
prokka_ANT_1/ANT_1:Gene	nimR_1	ANT_1_8:c25029-24427	ANT_1_00402
prokka_ANT_1/ANT_1:Gene	nimT	ANT_1_8:25309-26499	ANT_1_00403
prokka_ANT_1/ANT_1:Gene	pgrR_3	ANT_1_8:c27511-26582	ANT_1_00404
prokka_ANT_1/ANT_1:Gene	triA	ANT_1_8:27642-29039	ANT_1_00405
prokka_ANT_1/ANT_1:Gene	ANT_1_00406	ANT_1_8:29053-29526	ANT_1_00406
prokka_ANT_1/ANT_1:Gene	araB_1	ANT_1_8:29604-30464	ANT_1_00407
prokka_ANT_1/ANT_1:Gene	ftnA	ANT_1_8:c31234-30722	ANT_1_00408
prokka_ANT_1/ANT_1:Gene	sorC	ANT_1_8:c32605-31628	ANT_1_00409
prokka_ANT_1/ANT_1:Gene	yihT	ANT_1_8:32805-33734	ANT_1_00410
prokka_ANT_1/ANT_1:Gene	ANT_1_00411	ANT_1_8:33727-34308	ANT_1_00411
prokka_ANT_1/ANT_1:Gene	ulaC	ANT_1_8:34540-34983	ANT_1_00412
prokka_ANT_1/ANT_1:Gene	ANT_1_00413	ANT_1_8:35065-35364	ANT_1_00413
prokka_ANT_1/ANT_1:Gene	ulaA_1	ANT_1_8:35461-36726	ANT_1_00414
prokka_ANT_1/ANT_1:Gene	ANT_1_00415	ANT_1_8:36744-37046	ANT_1_00415
prokka_ANT_1/ANT_1:Gene	cntO	ANT_1_8:c39365-37179	ANT_1_00416
prokka_ANT_1/ANT_1:Gene	yusV_1	ANT_1_8:39820-40665	ANT_1_00417
prokka_ANT_1/ANT_1:Gene	yfiZ_1	ANT_1_8:40662-41687	ANT_1_00418
prokka_ANT_1/ANT_1:Gene	feuC	ANT_1_8:41684-42736	ANT_1_00419
prokka_ANT_1/ANT_1:Gene	yhfQ	ANT_1_8:42813-43772	ANT_1_00420
prokka_ANT_1/ANT_1:Gene	ANT_1_00421	ANT_1_8:43769-44662	ANT_1_00421
prokka_ANT_1/ANT_1:Gene	bglA	ANT_1_8:c46424-44982	ANT_1_00422
prokka_ANT_1/ANT_1:Gene	bglC	ANT_1_8:c47918-46491	ANT_1_00423
prokka_ANT_1/ANT_1:Gene	chbA_1	ANT_1_8:c48352-48026	ANT_1_00424
prokka_ANT_1/ANT_1:Gene	licC_1	ANT_1_8:c49668-48352	ANT_1_00425
prokka_ANT_1/ANT_1:Gene	celA_1	ANT_1_8:c49988-49665	ANT_1_00426
prokka_ANT_1/ANT_1:Gene	ANT_1_00427	ANT_1_8:50208-50330	ANT_1_00427
prokka_ANT_1/ANT_1:Gene	ascG	ANT_1_8:50327-51349	ANT_1_00428
prokka_ANT_1/ANT_1:Gene	fepE	ANT_1_8:51760-52902	ANT_1_00429
prokka_ANT_1/ANT_1:Gene	codB	ANT_1_8:c54260-52965	ANT_1_00430
prokka_ANT_1/ANT_1:Gene	ANT_1_00431	ANT_1_8:c54972-54283	ANT_1_00431
prokka_ANT_1/ANT_1:Gene	ANT_1_00432	ANT_1_8:c55408-54998	ANT_1_00432
prokka_ANT_1/ANT_1:Gene	ANT_1_00433	ANT_1_8:c56185-55847	ANT_1_00433
prokka_ANT_1/ANT_1:Gene	ANT_1_00434	ANT_1_8:c58396-56198	ANT_1_00434
prokka_ANT_1/ANT_1:Gene	decR_1	ANT_1_8:c58972-58496	ANT_1_00435
prokka_ANT_1/ANT_1:Gene	ANT_1_00436	ANT_1_8:59116-59538	ANT_1_00436
prokka_ANT_1/ANT_1:Gene	fecE	ANT_1_8:c60450-59680	ANT_1_00437
prokka_ANT_1/ANT_1:Gene	fecD	ANT_1_8:c61412-60450	ANT_1_00438
prokka_ANT_1/ANT_1:Gene	fecC	ANT_1_8:c62404-61409	ANT_1_00439
prokka_ANT_1/ANT_1:Gene	fecB	ANT_1_8:c63306-62401	ANT_1_00440
prokka_ANT_1/ANT_1:Gene	fecA	ANT_1_8:c65737-63371	ANT_1_00441
prokka_ANT_1/ANT_1:Gene	fecR	ANT_1_8:c66821-65850	ANT_1_00442
prokka_ANT_1/ANT_1:Gene	fecI	ANT_1_8:c67336-66818	ANT_1_00443
prokka_ANT_1/ANT_1:Gene	ANT_1_00444	ANT_1_8:c67766-67494	ANT_1_00444
prokka_ANT_1/ANT_1:Gene	ANT_1_00445	ANT_1_8:c68478-67786	ANT_1_00445
prokka_ANT_1/ANT_1:Gene	ANT_1_00446	ANT_1_8:68630-69016	ANT_1_00446
prokka_ANT_1/ANT_1:Gene	oleD_1	ANT_1_8:69145-70107	ANT_1_00447
prokka_ANT_1/ANT_1:Gene	ANT_1_00448	ANT_1_8:70101-71225	ANT_1_00448
prokka_ANT_1/ANT_1:Gene	ANT_1_00449	ANT_1_8:71222-72430	ANT_1_00449
prokka_ANT_1/ANT_1:Gene	hcpA_2	ANT_1_8:c73103-72624	ANT_1_00450
prokka_ANT_1/ANT_1:Gene	ANT_1_00451	ANT_1_8:c73325-73143	ANT_1_00451
prokka_ANT_1/ANT_1:Gene	lldD	ANT_1_8:c75173-74028	ANT_1_00452
prokka_ANT_1/ANT_1:Gene	lldR	ANT_1_8:c75952-75170	ANT_1_00453
prokka_ANT_1/ANT_1:Gene	yddG	ANT_1_8:c77040-76135	ANT_1_00454
prokka_ANT_1/ANT_1:Gene	licT_2	ANT_1_8:c77951-77118	ANT_1_00455
prokka_ANT_1/ANT_1:Gene	bglH_2	ANT_1_8:c79437-77971	ANT_1_00456
prokka_ANT_1/ANT_1:Gene	bglF_1	ANT_1_8:c81266-79434	ANT_1_00457
prokka_ANT_1/ANT_1:Gene	mdtI	ANT_1_8:c81777-81448	ANT_1_00458
prokka_ANT_1/ANT_1:Gene	mdtJ	ANT_1_8:c82108-81764	ANT_1_00459
prokka_ANT_1/ANT_1:Gene	btuF_1	ANT_1_8:82650-83768	ANT_1_00460
prokka_ANT_1/ANT_1:Gene	hmuU_1	ANT_1_8:83876-84928	ANT_1_00461
prokka_ANT_1/ANT_1:Gene	fepC_1	ANT_1_8:84925-85713	ANT_1_00462
prokka_ANT_1/ANT_1:Gene	btsS	ANT_1_8:85861-87546	ANT_1_00463
prokka_ANT_1/ANT_1:Gene	btsR	ANT_1_8:87543-88262	ANT_1_00464
prokka_ANT_1/ANT_1:Gene	yjiA	ANT_1_8:c89224-88265	ANT_1_00465
prokka_ANT_1/ANT_1:Gene	ANT_1_00466	ANT_1_8:c89441-89238	ANT_1_00466
prokka_ANT_1/ANT_1:Gene	btsT	ANT_1_8:c91638-89488	ANT_1_00467
prokka_ANT_1/ANT_1:Gene	ANT_1_00468	ANT_1_8:92072-94144	ANT_1_00468
prokka_ANT_1/ANT_1:Gene	ANT_1_00469	ANT_1_8:94303-95583	ANT_1_00469
prokka_ANT_1/ANT_1:Gene	ANT_1_00470	ANT_1_8:95943-97307	ANT_1_00470
prokka_ANT_1/ANT_1:Gene	cnrA	ANT_1_8:c98546-97311	ANT_1_00471
prokka_ANT_1/ANT_1:Gene	czcA_1	ANT_1_8:c100375-98498	ANT_1_00472
prokka_ANT_1/ANT_1:Gene	ttgD	ANT_1_8:c101475-100372	ANT_1_00473
prokka_ANT_1/ANT_1:Gene	ANT_1_00474	ANT_1_8:c102112-101549	ANT_1_00474
prokka_ANT_1/ANT_1:Gene	ANT_1_00475	ANT_1_8:102557-104143	ANT_1_00475
prokka_ANT_1/ANT_1:Gene	ANT_1_00476	ANT_1_8:c105095-104295	ANT_1_00476
prokka_ANT_1/ANT_1:Gene	dmlR_1	ANT_1_8:105186-106100	ANT_1_00477
prokka_ANT_1/ANT_1:Gene	ANT_1_00478	ANT_1_8:c106628-106137	ANT_1_00478
prokka_ANT_1/ANT_1:Gene	ANT_1_00479	ANT_1_8:106917-107369	ANT_1_00479
prokka_ANT_1/ANT_1:Gene	ANT_1_00480	ANT_1_9:c552-16	ANT_1_00480
prokka_ANT_1/ANT_1:Gene	yycE	ANT_1_9:665-1060	ANT_1_00481
prokka_ANT_1/ANT_1:Gene	menH_1	ANT_1_9:c1973-1218	ANT_1_00482
prokka_ANT_1/ANT_1:Gene	ANT_1_00483	ANT_1_9:2325-2630	ANT_1_00483
prokka_ANT_1/ANT_1:Gene	ANT_1_00484	ANT_1_9:2742-3380	ANT_1_00484
prokka_ANT_1/ANT_1:Gene	ydeP_2	ANT_1_9:c5787-3478	ANT_1_00485
prokka_ANT_1/ANT_1:Gene	ANT_1_00486	ANT_1_9:c7375-6338	ANT_1_00486
prokka_ANT_1/ANT_1:Gene	nepI_3	ANT_1_9:7438-8649	ANT_1_00487
prokka_ANT_1/ANT_1:Gene	ANT_1_00488	ANT_1_9:c9408-8827	ANT_1_00488
prokka_ANT_1/ANT_1:Gene	ANT_1_00489	ANT_1_9:9919-10332	ANT_1_00489
prokka_ANT_1/ANT_1:Gene	yghO	ANT_1_9:c11666-10539	ANT_1_00490
prokka_ANT_1/ANT_1:Gene	ANT_1_00491	ANT_1_9:12266-14071	ANT_1_00491
prokka_ANT_1/ANT_1:Gene	ANT_1_00492	ANT_1_9:14077-14991	ANT_1_00492
prokka_ANT_1/ANT_1:Gene	acpP_1	ANT_1_9:15022-15282	ANT_1_00493
prokka_ANT_1/ANT_1:Gene	bioF_1	ANT_1_9:15269-16441	ANT_1_00494
prokka_ANT_1/ANT_1:Gene	lptG_1	ANT_1_9:c17590-16508	ANT_1_00495
prokka_ANT_1/ANT_1:Gene	ANT_1_00496	ANT_1_9:c18657-17587	ANT_1_00496
prokka_ANT_1/ANT_1:Gene	ytfJ_1	ANT_1_9:c19236-18679	ANT_1_00497
prokka_ANT_1/ANT_1:Gene	ANT_1_00498	ANT_1_9:c20217-19342	ANT_1_00498
prokka_ANT_1/ANT_1:Gene	ANT_1_00499	ANT_1_9:c21554-20217	ANT_1_00499
prokka_ANT_1/ANT_1:Gene	tmk_1	ANT_1_9:c22403-21657	ANT_1_00500
prokka_ANT_1/ANT_1:Gene	ANT_1_00501	ANT_1_9:c23056-22409	ANT_1_00501
prokka_ANT_1/ANT_1:Gene	tmk_2	ANT_1_9:23335-24066	ANT_1_00502
prokka_ANT_1/ANT_1:Gene	aphA	ANT_1_9:c24863-24144	ANT_1_00503
prokka_ANT_1/ANT_1:Gene	ANT_1_00504	ANT_1_9:c26228-24885	ANT_1_00504
prokka_ANT_1/ANT_1:Gene	ANT_1_00505	ANT_1_9:26874-27200	ANT_1_00505
prokka_ANT_1/ANT_1:Gene	ycgZ	ANT_1_9:27496-27741	ANT_1_00506
prokka_ANT_1/ANT_1:Gene	ANT_1_00507	ANT_1_9:27915-28214	ANT_1_00507
prokka_ANT_1/ANT_1:Gene	ariR	ANT_1_9:28446-28694	ANT_1_00508
prokka_ANT_1/ANT_1:Gene	ygdR_1	ANT_1_9:29379-29612	ANT_1_00509
prokka_ANT_1/ANT_1:Gene	ygdR_2	ANT_1_9:29628-29858	ANT_1_00510
prokka_ANT_1/ANT_1:Gene	dcuS	ANT_1_9:30051-31688	ANT_1_00511
prokka_ANT_1/ANT_1:Gene	dcuR	ANT_1_9:31685-32404	ANT_1_00512
prokka_ANT_1/ANT_1:Gene	apbE_1	ANT_1_9:c33359-32385	ANT_1_00513
prokka_ANT_1/ANT_1:Gene	namA	ANT_1_9:c36248-33471	ANT_1_00514
prokka_ANT_1/ANT_1:Gene	ANT_1_00515	ANT_1_9:36574-36663	ANT_1_00515
prokka_ANT_1/ANT_1:Gene	ttdT	ANT_1_9:36842-38353	ANT_1_00516
prokka_ANT_1/ANT_1:Gene	fumA	ANT_1_9:38533-40179	ANT_1_00517
prokka_ANT_1/ANT_1:Gene	ANT_1_00518	ANT_1_9:c41170-40364	ANT_1_00518
prokka_ANT_1/ANT_1:Gene	ANT_1_00519	ANT_1_9:c41836-41366	ANT_1_00519
prokka_ANT_1/ANT_1:Gene	ANT_1_00520	ANT_1_10:c1077-862	ANT_1_00520
prokka_ANT_1/ANT_1:Gene	ANT_1_00521	ANT_1_10:1692-1919	ANT_1_00521
prokka_ANT_1/ANT_1:Gene	symE_1	ANT_1_10:c2141-1977	ANT_1_00522
prokka_ANT_1/ANT_1:Gene	ANT_1_00523	ANT_1_10:2245-2403	ANT_1_00523
prokka_ANT_1/ANT_1:Gene	ANT_1_00524	ANT_1_10:2593-3195	ANT_1_00524
prokka_ANT_1/ANT_1:Gene	ANT_1_00525	ANT_1_10:3610-4164	ANT_1_00525
prokka_ANT_1/ANT_1:Gene	ANT_1_00526	ANT_1_10:c4570-4244	ANT_1_00526
prokka_ANT_1/ANT_1:Gene	yegS_1	ANT_1_10:c5503-4604	ANT_1_00527
prokka_ANT_1/ANT_1:Gene	ANT_1_00528	ANT_1_10:c5936-5790	ANT_1_00528
prokka_ANT_1/ANT_1:Gene	gdhA_1	ANT_1_10:6006-7349	ANT_1_00529
prokka_ANT_1/ANT_1:Gene	cycA_1	ANT_1_10:c8847-7450	ANT_1_00530
prokka_ANT_1/ANT_1:Gene	dld_1	ANT_1_10:9308-10999	ANT_1_00531
prokka_ANT_1/ANT_1:Gene	ANT_1_00532	ANT_1_10:11188-11643	ANT_1_00532
prokka_ANT_1/ANT_1:Gene	ANT_1_00533	ANT_1_10:c12569-11637	ANT_1_00533
prokka_ANT_1/ANT_1:Gene	gstB_1	ANT_1_10:12787-13392	ANT_1_00534
prokka_ANT_1/ANT_1:Gene	ytfF	ANT_1_10:13715-14677	ANT_1_00535
prokka_ANT_1/ANT_1:Gene	ANT_1_00536	ANT_1_10:c15931-15539	ANT_1_00536
prokka_ANT_1/ANT_1:Gene	ANT_1_00537	ANT_1_10:16479-17735	ANT_1_00537
prokka_ANT_1/ANT_1:Gene	ANT_1_00538	ANT_1_10:17744-18700	ANT_1_00538
prokka_ANT_1/ANT_1:Gene	ANT_1_00539	ANT_1_10:c19040-18759	ANT_1_00539
prokka_ANT_1/ANT_1:Gene	dgcN_1	ANT_1_10:19586-20884	ANT_1_00540
prokka_ANT_1/ANT_1:Gene	rhaR_1	ANT_1_10:c21313-20888	ANT_1_00541
prokka_ANT_1/ANT_1:Gene	soxR	ANT_1_10:21405-21872	ANT_1_00542
prokka_ANT_1/ANT_1:Gene	ANT_1_00543	ANT_1_10:21915-22577	ANT_1_00543
prokka_ANT_1/ANT_1:Gene	ghxP	ANT_1_10:23051-24400	ANT_1_00544
prokka_ANT_1/ANT_1:Gene	nhaK	ANT_1_10:24577-26226	ANT_1_00545
prokka_ANT_1/ANT_1:Gene	oxyR_2	ANT_1_10:c27733-26831	ANT_1_00546
prokka_ANT_1/ANT_1:Gene	cidA	ANT_1_10:27842-28270	ANT_1_00547
prokka_ANT_1/ANT_1:Gene	yohK_1	ANT_1_10:28263-28961	ANT_1_00548
prokka_ANT_1/ANT_1:Gene	ANT_1_00549	ANT_1_10:29102-29647	ANT_1_00549
prokka_ANT_1/ANT_1:Gene	actP	ANT_1_10:c31392-29734	ANT_1_00550
prokka_ANT_1/ANT_1:Gene	yjcH	ANT_1_10:c31700-31389	ANT_1_00551
prokka_ANT_1/ANT_1:Gene	acs	ANT_1_10:c33818-31863	ANT_1_00552
prokka_ANT_1/ANT_1:Gene	gltP	ANT_1_10:34340-35644	ANT_1_00553
prokka_ANT_1/ANT_1:Gene	aer_1	ANT_1_10:35898-37442	ANT_1_00554
prokka_ANT_1/ANT_1:Gene	nimR_2	ANT_1_10:37959-38723	ANT_1_00555
prokka_ANT_1/ANT_1:Gene	leuA_1	ANT_1_10:c40378-38705	ANT_1_00556
prokka_ANT_1/ANT_1:Gene	dhaK	ANT_1_10:40963-42615	ANT_1_00557
prokka_ANT_1/ANT_1:Gene	sbmA	ANT_1_10:c43934-42726	ANT_1_00558
prokka_ANT_1/ANT_1:Gene	ANT_1_00559	ANT_1_10:44390-46468	ANT_1_00559
prokka_ANT_1/ANT_1:Gene	ANT_1_00560	ANT_1_10:46735-47472	ANT_1_00560
prokka_ANT_1/ANT_1:Gene	ANT_1_00561	ANT_1_10:47475-49259	ANT_1_00561
prokka_ANT_1/ANT_1:Gene	ANT_1_00562	ANT_1_10:49270-50586	ANT_1_00562
prokka_ANT_1/ANT_1:Gene	ANT_1_00563	ANT_1_10:c51186-50659	ANT_1_00563
prokka_ANT_1/ANT_1:Gene	ANT_1_00564	ANT_1_10:c51537-51187	ANT_1_00564
prokka_ANT_1/ANT_1:Gene	ANT_1_00565	ANT_1_10:c52403-51582	ANT_1_00565
prokka_ANT_1/ANT_1:Gene	ANT_1_00566	ANT_1_10:c52995-52417	ANT_1_00566
prokka_ANT_1/ANT_1:Gene	ANT_1_00567	ANT_1_11:23-2743	ANT_1_00567
prokka_ANT_1/ANT_1:Gene	ANT_1_00568	ANT_1_11:2757-3479	ANT_1_00568
prokka_ANT_1/ANT_1:Gene	dgcP	ANT_1_11:c4744-3734	ANT_1_00569
prokka_ANT_1/ANT_1:Gene	ANT_1_00570	ANT_1_11:5129-5452	ANT_1_00570
prokka_ANT_1/ANT_1:Gene	ANT_1_00571	ANT_1_11:c6109-5438	ANT_1_00571
prokka_ANT_1/ANT_1:Gene	resA_1	ANT_1_11:c6747-6244	ANT_1_00572
prokka_ANT_1/ANT_1:Gene	ANT_1_00573	ANT_1_11:c7463-6744	ANT_1_00573
prokka_ANT_1/ANT_1:Gene	dsbD_1	ANT_1_11:c9490-7460	ANT_1_00574
prokka_ANT_1/ANT_1:Gene	ANT_1_00575	ANT_1_11:c9895-9536	ANT_1_00575
prokka_ANT_1/ANT_1:Gene	ANT_1_00576	ANT_1_11:c11373-9985	ANT_1_00576
prokka_ANT_1/ANT_1:Gene	ANT_1_00577	ANT_1_11:c12007-11366	ANT_1_00577
prokka_ANT_1/ANT_1:Gene	yahB	ANT_1_11:12154-13095	ANT_1_00578
prokka_ANT_1/ANT_1:Gene	ANT_1_00579	ANT_1_11:13398-14045	ANT_1_00579
prokka_ANT_1/ANT_1:Gene	gntR_3	ANT_1_11:14312-15337	ANT_1_00580
prokka_ANT_1/ANT_1:Gene	ANT_1_00581	ANT_1_11:c16188-15334	ANT_1_00581
prokka_ANT_1/ANT_1:Gene	ANT_1_00582	ANT_1_11:c16628-16185	ANT_1_00582
prokka_ANT_1/ANT_1:Gene	acpP_2	ANT_1_11:c16913-16656	ANT_1_00583
prokka_ANT_1/ANT_1:Gene	crtNc	ANT_1_11:c18527-17016	ANT_1_00584
prokka_ANT_1/ANT_1:Gene	fabB_1	ANT_1_11:c19747-18530	ANT_1_00585
prokka_ANT_1/ANT_1:Gene	fabG_1	ANT_1_11:20115-20873	ANT_1_00586
prokka_ANT_1/ANT_1:Gene	ANT_1_00587	ANT_1_11:c21359-20859	ANT_1_00587
prokka_ANT_1/ANT_1:Gene	ANT_1_00588	ANT_1_11:c21741-21370	ANT_1_00588
prokka_ANT_1/ANT_1:Gene	ANT_1_00589	ANT_1_11:22232-22957	ANT_1_00589
prokka_ANT_1/ANT_1:Gene	ANT_1_00590	ANT_1_11:23067-24836	ANT_1_00590
prokka_ANT_1/ANT_1:Gene	ANT_1_00591	ANT_1_11:24850-26100	ANT_1_00591
prokka_ANT_1/ANT_1:Gene	ANT_1_00592	ANT_1_11:c26388-26209	ANT_1_00592
prokka_ANT_1/ANT_1:Gene	osmC	ANT_1_11:26518-26949	ANT_1_00593
prokka_ANT_1/ANT_1:Gene	ANT_1_00594	ANT_1_11:27119-27553	ANT_1_00594
prokka_ANT_1/ANT_1:Gene	ANT_1_00595	ANT_1_11:27803-28222	ANT_1_00595
prokka_ANT_1/ANT_1:Gene	mmuM	ANT_1_11:28360-29262	ANT_1_00596
prokka_ANT_1/ANT_1:Gene	dppA_1	ANT_1_11:29321-30865	ANT_1_00597
prokka_ANT_1/ANT_1:Gene	gsiC_1	ANT_1_11:30872-31864	ANT_1_00598
prokka_ANT_1/ANT_1:Gene	gsiD_1	ANT_1_11:31869-32678	ANT_1_00599
prokka_ANT_1/ANT_1:Gene	yejF_1	ANT_1_11:32682-34274	ANT_1_00600
prokka_ANT_1/ANT_1:Gene	ANT_1_00601	ANT_1_11:34391-36046	ANT_1_00601
prokka_ANT_1/ANT_1:Gene	ANT_1_00602	ANT_1_11:c37263-36121	ANT_1_00602
prokka_ANT_1/ANT_1:Gene	ANT_1_00603	ANT_1_11:c37762-37283	ANT_1_00603
prokka_ANT_1/ANT_1:Gene	fyuA	ANT_1_11:38227-40260	ANT_1_00604
prokka_ANT_1/ANT_1:Gene	gcd_1	ANT_1_11:40404-42785	ANT_1_00605
prokka_ANT_1/ANT_1:Gene	ANT_1_00606	ANT_1_11:c43329-42865	ANT_1_00606
prokka_ANT_1/ANT_1:Gene	arnB_1	ANT_1_11:43802-44941	ANT_1_00607
prokka_ANT_1/ANT_1:Gene	arnC	ANT_1_11:44945-45922	ANT_1_00608
prokka_ANT_1/ANT_1:Gene	arnA	ANT_1_11:45919-47901	ANT_1_00609
prokka_ANT_1/ANT_1:Gene	arnD	ANT_1_11:47898-48791	ANT_1_00610
prokka_ANT_1/ANT_1:Gene	arnT	ANT_1_11:48798-50459	ANT_1_00611
prokka_ANT_1/ANT_1:Gene	arnE_1	ANT_1_11:50456-50779	ANT_1_00612
prokka_ANT_1/ANT_1:Gene	arnF	ANT_1_11:50779-51165	ANT_1_00613
prokka_ANT_1/ANT_1:Gene	fetA	ANT_1_11:51208-51873	ANT_1_00614
prokka_ANT_1/ANT_1:Gene	fetB	ANT_1_11:51860-52618	ANT_1_00615
prokka_ANT_1/ANT_1:Gene	oprB	ANT_1_11:c54014-52671	ANT_1_00616
prokka_ANT_1/ANT_1:Gene	ANT_1_00617	ANT_1_11:c54670-54320	ANT_1_00617
prokka_ANT_1/ANT_1:Gene	ANT_1_00618	ANT_1_11:c55089-54835	ANT_1_00618
prokka_ANT_1/ANT_1:Gene	cydB_1	ANT_1_11:c56291-55284	ANT_1_00619
prokka_ANT_1/ANT_1:Gene	cydA_1	ANT_1_11:c57717-56293	ANT_1_00620
prokka_ANT_1/ANT_1:Gene	rhtC_1	ANT_1_11:58471-59094	ANT_1_00621
prokka_ANT_1/ANT_1:Gene	ANT_1_00622	ANT_1_11:59544-60671	ANT_1_00622
prokka_ANT_1/ANT_1:Gene	ANT_1_00623	ANT_1_11:c61129-60884	ANT_1_00623
prokka_ANT_1/ANT_1:Gene	glpR_3	ANT_1_11:c62064-61303	ANT_1_00624
prokka_ANT_1/ANT_1:Gene	ltnD	ANT_1_11:62379-63293	ANT_1_00625
prokka_ANT_1/ANT_1:Gene	otnK	ANT_1_11:63293-64555	ANT_1_00626
prokka_ANT_1/ANT_1:Gene	otnC	ANT_1_11:64552-65175	ANT_1_00627
prokka_ANT_1/ANT_1:Gene	otnI_1	ANT_1_11:65178-65954	ANT_1_00628
prokka_ANT_1/ANT_1:Gene	ygbN	ANT_1_11:66099-67454	ANT_1_00629
prokka_ANT_1/ANT_1:Gene	davT_1	ANT_1_11:67823-69259	ANT_1_00630
prokka_ANT_1/ANT_1:Gene	ANT_1_00631	ANT_1_11:69316-70401	ANT_1_00631
prokka_ANT_1/ANT_1:Gene	ANT_1_00632	ANT_1_11:70377-70988	ANT_1_00632
prokka_ANT_1/ANT_1:Gene	arnB_2	ANT_1_11:c72472-71267	ANT_1_00633
prokka_ANT_1/ANT_1:Gene	arnE_2	ANT_1_11:c72873-72475	ANT_1_00634
prokka_ANT_1/ANT_1:Gene	arnE_3	ANT_1_11:c73229-72873	ANT_1_00635
prokka_ANT_1/ANT_1:Gene	mtnX	ANT_1_11:c73992-73294	ANT_1_00636
prokka_ANT_1/ANT_1:Gene	mipA_2	ANT_1_11:c74750-74010	ANT_1_00637
prokka_ANT_1/ANT_1:Gene	pagP	ANT_1_11:75651-76220	ANT_1_00638
prokka_ANT_1/ANT_1:Gene	cspE	ANT_1_11:76373-76582	ANT_1_00639
prokka_ANT_1/ANT_1:Gene	ANT_1_00640	ANT_1_11:76991-77416	ANT_1_00640
prokka_ANT_1/ANT_1:Gene	ybeM	ANT_1_11:77419-78207	ANT_1_00641
prokka_ANT_1/ANT_1:Gene	tatE	ANT_1_11:78334-78540	ANT_1_00642
prokka_ANT_1/ANT_1:Gene	lipA	ANT_1_11:c79567-78602	ANT_1_00643
prokka_ANT_1/ANT_1:Gene	lipB	ANT_1_11:c80415-79756	ANT_1_00644
prokka_ANT_1/ANT_1:Gene	ANT_1_00645	ANT_1_11:c80763-80500	ANT_1_00645
prokka_ANT_1/ANT_1:Gene	dacA	ANT_1_11:c82232-81021	ANT_1_00646
prokka_ANT_1/ANT_1:Gene	rlpA	ANT_1_11:c83464-82334	ANT_1_00647
prokka_ANT_1/ANT_1:Gene	mrdB	ANT_1_11:c84588-83476	ANT_1_00648
prokka_ANT_1/ANT_1:Gene	mrdA	ANT_1_11:c86499-84595	ANT_1_00649
prokka_ANT_1/ANT_1:Gene	rlmH	ANT_1_11:c87003-86533	ANT_1_00650
prokka_ANT_1/ANT_1:Gene	rsfS	ANT_1_11:c87324-87007	ANT_1_00651
prokka_ANT_1/ANT_1:Gene	nadD	ANT_1_11:c88106-87459	ANT_1_00652
prokka_ANT_1/ANT_1:Gene	holA	ANT_1_11:c89130-88099	ANT_1_00653
prokka_ANT_1/ANT_1:Gene	lptE	ANT_1_11:c89726-89127	ANT_1_00654
prokka_ANT_1/ANT_1:Gene	leuS	ANT_1_11:c92323-89741	ANT_1_00655
prokka_ANT_1/ANT_1:Gene	ANT_1_00656	ANT_1_11:92540-93022	ANT_1_00656
prokka_ANT_1/ANT_1:Gene	glnQ_1	ANT_1_11:c93785-93060	ANT_1_00657
prokka_ANT_1/ANT_1:Gene	gltK	ANT_1_11:c94463-93786	ANT_1_00658
prokka_ANT_1/ANT_1:Gene	gltJ	ANT_1_11:c95194-94463	ANT_1_00659
prokka_ANT_1/ANT_1:Gene	gltI	ANT_1_11:c96317-95388	ANT_1_00660
prokka_ANT_1/ANT_1:Gene	lnt	ANT_1_11:c98409-96874	ANT_1_00661
prokka_ANT_1/ANT_1:Gene	corC	ANT_1_11:c99295-98417	ANT_1_00662
prokka_ANT_1/ANT_1:Gene	ybeY	ANT_1_11:c99853-99386	ANT_1_00663
prokka_ANT_1/ANT_1:Gene	ybeZ	ANT_1_11:c100908-99850	ANT_1_00664
prokka_ANT_1/ANT_1:Gene	miaB	ANT_1_11:c102552-101110	ANT_1_00665
prokka_ANT_1/ANT_1:Gene	ubiF	ANT_1_11:102728-103906	ANT_1_00666
prokka_ANT_1/ANT_1:Gene	ANT_1_00667	ANT_1_11:c104131-104057	ANT_1_00667
prokka_ANT_1/ANT_1:Gene	ANT_1_00668	ANT_1_11:c104274-104200	ANT_1_00668
prokka_ANT_1/ANT_1:Gene	ANT_1_00669	ANT_1_11:c104358-104282	ANT_1_00669
prokka_ANT_1/ANT_1:Gene	ANT_1_00670	ANT_1_11:c104474-104400	ANT_1_00670
prokka_ANT_1/ANT_1:Gene	ANT_1_00671	ANT_1_11:c104582-104498	ANT_1_00671
prokka_ANT_1/ANT_1:Gene	ANT_1_00672	ANT_1_11:c104669-104593	ANT_1_00672
prokka_ANT_1/ANT_1:Gene	asnB	ANT_1_11:c106554-104890	ANT_1_00673
prokka_ANT_1/ANT_1:Gene	nagD	ANT_1_11:c107582-106830	ANT_1_00674
prokka_ANT_1/ANT_1:Gene	nagC_1	ANT_1_11:c108826-107606	ANT_1_00675
prokka_ANT_1/ANT_1:Gene	nagA	ANT_1_11:c109982-108834	ANT_1_00676
prokka_ANT_1/ANT_1:Gene	nagB	ANT_1_11:c110878-110078	ANT_1_00677
prokka_ANT_1/ANT_1:Gene	nagE	ANT_1_11:111212-113164	ANT_1_00678
prokka_ANT_1/ANT_1:Gene	glnS	ANT_1_11:113322-114989	ANT_1_00679
prokka_ANT_1/ANT_1:Gene	mtr	ANT_1_11:115267-116514	ANT_1_00680
prokka_ANT_1/ANT_1:Gene	chiP	ANT_1_11:116698-118101	ANT_1_00681
prokka_ANT_1/ANT_1:Gene	chiQ	ANT_1_11:118129-118440	ANT_1_00682
prokka_ANT_1/ANT_1:Gene	chb	ANT_1_11:118462-121125	ANT_1_00683
prokka_ANT_1/ANT_1:Gene	fur	ANT_1_11:c121624-121181	ANT_1_00684
prokka_ANT_1/ANT_1:Gene	fldA	ANT_1_11:c122549-122019	ANT_1_00685
prokka_ANT_1/ANT_1:Gene	ybfE	ANT_1_11:c122971-122690	ANT_1_00686
prokka_ANT_1/ANT_1:Gene	ybfF	ANT_1_11:c124010-123246	ANT_1_00687
prokka_ANT_1/ANT_1:Gene	seqA	ANT_1_11:124273-124824	ANT_1_00688
prokka_ANT_1/ANT_1:Gene	pgm	ANT_1_11:124849-126489	ANT_1_00689
prokka_ANT_1/ANT_1:Gene	kdpE	ANT_1_11:c127218-126535	ANT_1_00690
prokka_ANT_1/ANT_1:Gene	ANT_1_00691	ANT_1_11:127515-127721	ANT_1_00691
prokka_ANT_1/ANT_1:Gene	ANT_1_00692	ANT_1_11:127867-128826	ANT_1_00692
prokka_ANT_1/ANT_1:Gene	phrB_1	ANT_1_11:128841-130274	ANT_1_00693
prokka_ANT_1/ANT_1:Gene	ybgI	ANT_1_11:130277-131020	ANT_1_00694
prokka_ANT_1/ANT_1:Gene	pxpB	ANT_1_11:131199-131855	ANT_1_00695
prokka_ANT_1/ANT_1:Gene	pxpC	ANT_1_11:131849-132787	ANT_1_00696
prokka_ANT_1/ANT_1:Gene	pxpA	ANT_1_11:132771-133508	ANT_1_00697
prokka_ANT_1/ANT_1:Gene	ANT_1_00698	ANT_1_11:133567-134295	ANT_1_00698
prokka_ANT_1/ANT_1:Gene	ANT_1_00699	ANT_1_11:134295-135284	ANT_1_00699
prokka_ANT_1/ANT_1:Gene	pcp	ANT_1_11:135292-135933	ANT_1_00700
prokka_ANT_1/ANT_1:Gene	nei	ANT_1_11:135951-136742	ANT_1_00701
prokka_ANT_1/ANT_1:Gene	gltA	ANT_1_11:c138115-136832	ANT_1_00702
prokka_ANT_1/ANT_1:Gene	sdhC	ANT_1_11:138750-139139	ANT_1_00703
prokka_ANT_1/ANT_1:Gene	sdhD	ANT_1_11:139133-139480	ANT_1_00704
prokka_ANT_1/ANT_1:Gene	sdhA	ANT_1_11:139480-141246	ANT_1_00705
prokka_ANT_1/ANT_1:Gene	sdhB	ANT_1_11:141262-141978	ANT_1_00706
prokka_ANT_1/ANT_1:Gene	sucA	ANT_1_11:142213-145020	ANT_1_00707
prokka_ANT_1/ANT_1:Gene	sucB	ANT_1_11:145034-146251	ANT_1_00708
prokka_ANT_1/ANT_1:Gene	sucC	ANT_1_11:146349-147515	ANT_1_00709
prokka_ANT_1/ANT_1:Gene	sucD	ANT_1_11:147515-148387	ANT_1_00710
prokka_ANT_1/ANT_1:Gene	cydA_2	ANT_1_11:149014-150582	ANT_1_00711
prokka_ANT_1/ANT_1:Gene	cydB_2	ANT_1_11:150598-151737	ANT_1_00712
prokka_ANT_1/ANT_1:Gene	cydX	ANT_1_11:151753-151866	ANT_1_00713
prokka_ANT_1/ANT_1:Gene	ANT_1_00714	ANT_1_11:151866-152159	ANT_1_00714
prokka_ANT_1/ANT_1:Gene	ybgC	ANT_1_11:152513-152803	ANT_1_00715
prokka_ANT_1/ANT_1:Gene	tolQ	ANT_1_11:152800-153486	ANT_1_00716
prokka_ANT_1/ANT_1:Gene	tolR	ANT_1_11:153500-153928	ANT_1_00717
prokka_ANT_1/ANT_1:Gene	ANT_1_00718	ANT_1_11:153958-155214	ANT_1_00718
prokka_ANT_1/ANT_1:Gene	tolB_1	ANT_1_11:155322-156614	ANT_1_00719
prokka_ANT_1/ANT_1:Gene	pal_1	ANT_1_11:156659-157177	ANT_1_00720
prokka_ANT_1/ANT_1:Gene	cpoB	ANT_1_11:157187-157990	ANT_1_00721
prokka_ANT_1/ANT_1:Gene	ANT_1_00722	ANT_1_11:158155-158230	ANT_1_00722
prokka_ANT_1/ANT_1:Gene	ANT_1_00723	ANT_1_11:158669-159013	ANT_1_00723
prokka_ANT_1/ANT_1:Gene	gltC_1	ANT_1_11:c159930-159010	ANT_1_00724
prokka_ANT_1/ANT_1:Gene	ANT_1_00725	ANT_1_11:160024-161049	ANT_1_00725
prokka_ANT_1/ANT_1:Gene	ANT_1_00726	ANT_1_11:c161280-161053	ANT_1_00726
prokka_ANT_1/ANT_1:Gene	ligA	ANT_1_11:c163294-161282	ANT_1_00727
prokka_ANT_1/ANT_1:Gene	zipA	ANT_1_11:c164316-163363	ANT_1_00728
prokka_ANT_1/ANT_1:Gene	cysZ	ANT_1_11:164495-165298	ANT_1_00729
prokka_ANT_1/ANT_1:Gene	cysK	ANT_1_11:165499-166470	ANT_1_00730
prokka_ANT_1/ANT_1:Gene	ptsH	ANT_1_11:166863-167120	ANT_1_00731
prokka_ANT_1/ANT_1:Gene	ANT_1_00732	ANT_1_11:c167286-167122	ANT_1_00732
prokka_ANT_1/ANT_1:Gene	ptsI	ANT_1_11:167336-169063	ANT_1_00733
prokka_ANT_1/ANT_1:Gene	crr	ANT_1_11:169107-169610	ANT_1_00734
prokka_ANT_1/ANT_1:Gene	ANT_1_00735	ANT_1_11:c170365-169670	ANT_1_00735
prokka_ANT_1/ANT_1:Gene	sasA_1	ANT_1_11:c171749-170397	ANT_1_00736
prokka_ANT_1/ANT_1:Gene	ompR_2	ANT_1_11:c172426-171746	ANT_1_00737
prokka_ANT_1/ANT_1:Gene	cysM	ANT_1_11:c173568-172690	ANT_1_00738
prokka_ANT_1/ANT_1:Gene	cysA	ANT_1_11:c174735-173647	ANT_1_00739
prokka_ANT_1/ANT_1:Gene	cysW	ANT_1_11:c175600-174725	ANT_1_00740
prokka_ANT_1/ANT_1:Gene	cysT	ANT_1_11:c176433-175600	ANT_1_00741
prokka_ANT_1/ANT_1:Gene	cysP	ANT_1_11:c177449-176436	ANT_1_00742
prokka_ANT_1/ANT_1:Gene	yfeX	ANT_1_11:c178603-177707	ANT_1_00743
prokka_ANT_1/ANT_1:Gene	yfeY	ANT_1_11:c179341-178721	ANT_1_00744
prokka_ANT_1/ANT_1:Gene	yfeZ	ANT_1_11:c179865-179419	ANT_1_00745
prokka_ANT_1/ANT_1:Gene	ypeA	ANT_1_11:c180351-179926	ANT_1_00746
prokka_ANT_1/ANT_1:Gene	amiA	ANT_1_11:180559-181437	ANT_1_00747
prokka_ANT_1/ANT_1:Gene	hemF	ANT_1_11:181487-182395	ANT_1_00748
prokka_ANT_1/ANT_1:Gene	maeB	ANT_1_11:c184822-182543	ANT_1_00749
prokka_ANT_1/ANT_1:Gene	tal	ANT_1_11:185234-186184	ANT_1_00750
prokka_ANT_1/ANT_1:Gene	tktB	ANT_1_11:186253-188253	ANT_1_00751
prokka_ANT_1/ANT_1:Gene	czcA_2	ANT_1_11:c191337-188299	ANT_1_00752
prokka_ANT_1/ANT_1:Gene	mdtA_1	ANT_1_11:c192476-191334	ANT_1_00753
prokka_ANT_1/ANT_1:Gene	sasA_2	ANT_1_11:c193757-192555	ANT_1_00754
prokka_ANT_1/ANT_1:Gene	arlR	ANT_1_11:c194449-193754	ANT_1_00755
prokka_ANT_1/ANT_1:Gene	ANT_1_00756	ANT_1_11:194572-195360	ANT_1_00756
prokka_ANT_1/ANT_1:Gene	ANT_1_00757	ANT_1_11:c197124-195511	ANT_1_00757
prokka_ANT_1/ANT_1:Gene	ANT_1_00758	ANT_1_11:c198549-197452	ANT_1_00758
prokka_ANT_1/ANT_1:Gene	nudK_1	ANT_1_11:c199738-199160	ANT_1_00759
prokka_ANT_1/ANT_1:Gene	ansP2	ANT_1_11:c201322-199874	ANT_1_00760
prokka_ANT_1/ANT_1:Gene	narQ	ANT_1_11:201918-203627	ANT_1_00761
prokka_ANT_1/ANT_1:Gene	narL_1	ANT_1_11:203608-204246	ANT_1_00762
prokka_ANT_1/ANT_1:Gene	acrB_1	ANT_1_11:204471-207584	ANT_1_00763
prokka_ANT_1/ANT_1:Gene	ANT_1_00764	ANT_1_11:c207686-207564	ANT_1_00764
prokka_ANT_1/ANT_1:Gene	ANT_1_00765	ANT_1_11:c207832-207686	ANT_1_00765
prokka_ANT_1/ANT_1:Gene	ANT_1_00766	ANT_1_11:c208142-207957	ANT_1_00766
prokka_ANT_1/ANT_1:Gene	ANT_1_00767	ANT_1_11:c208569-208375	ANT_1_00767
prokka_ANT_1/ANT_1:Gene	yffB	ANT_1_11:208821-209201	ANT_1_00768
prokka_ANT_1/ANT_1:Gene	dapE_1	ANT_1_11:209207-210334	ANT_1_00769
prokka_ANT_1/ANT_1:Gene	ANT_1_00770	ANT_1_11:210345-210533	ANT_1_00770
prokka_ANT_1/ANT_1:Gene	ANT_1_00771	ANT_1_11:c211271-210585	ANT_1_00771
prokka_ANT_1/ANT_1:Gene	tmcA	ANT_1_11:c213350-211353	ANT_1_00772
prokka_ANT_1/ANT_1:Gene	ANT_1_00773	ANT_1_11:c214217-213357	ANT_1_00773
prokka_ANT_1/ANT_1:Gene	purC	ANT_1_11:c215069-214356	ANT_1_00774
prokka_ANT_1/ANT_1:Gene	bamC	ANT_1_11:c216260-215229	ANT_1_00775
prokka_ANT_1/ANT_1:Gene	dapA_1	ANT_1_11:c217154-216276	ANT_1_00776
prokka_ANT_1/ANT_1:Gene	gcvR	ANT_1_11:217298-217849	ANT_1_00777
prokka_ANT_1/ANT_1:Gene	bcp	ANT_1_11:217917-218384	ANT_1_00778
prokka_ANT_1/ANT_1:Gene	yhhT_1	ANT_1_11:c219493-218435	ANT_1_00779
prokka_ANT_1/ANT_1:Gene	ANT_1_00780	ANT_1_11:c221185-219575	ANT_1_00780
prokka_ANT_1/ANT_1:Gene	ANT_1_00781	ANT_1_11:c222025-221423	ANT_1_00781
prokka_ANT_1/ANT_1:Gene	bepA_1	ANT_1_11:222688-224151	ANT_1_00782
prokka_ANT_1/ANT_1:Gene	yfgD	ANT_1_11:224163-224516	ANT_1_00783
prokka_ANT_1/ANT_1:Gene	hda	ANT_1_11:c225246-224539	ANT_1_00784
prokka_ANT_1/ANT_1:Gene	ANT_1_00785	ANT_1_11:225451-226512	ANT_1_00785
prokka_ANT_1/ANT_1:Gene	uraA	ANT_1_11:c227844-226555	ANT_1_00786
prokka_ANT_1/ANT_1:Gene	upp	ANT_1_11:c228572-227946	ANT_1_00787
prokka_ANT_1/ANT_1:Gene	purM	ANT_1_11:228814-229854	ANT_1_00788
prokka_ANT_1/ANT_1:Gene	purN	ANT_1_11:229851-230489	ANT_1_00789
prokka_ANT_1/ANT_1:Gene	pstB3	ANT_1_11:c231355-230579	ANT_1_00790
prokka_ANT_1/ANT_1:Gene	ANT_1_00791	ANT_1_11:c233016-231370	ANT_1_00791
prokka_ANT_1/ANT_1:Gene	ANT_1_00792	ANT_1_11:c235172-233013	ANT_1_00792
prokka_ANT_1/ANT_1:Gene	ppk	ANT_1_11:235316-237376	ANT_1_00793
prokka_ANT_1/ANT_1:Gene	ppx	ANT_1_11:237382-238908	ANT_1_00794
prokka_ANT_1/ANT_1:Gene	tehB	ANT_1_11:239017-239622	ANT_1_00795
prokka_ANT_1/ANT_1:Gene	pdeF	ANT_1_11:c241858-239612	ANT_1_00796
prokka_ANT_1/ANT_1:Gene	yfgG	ANT_1_11:242170-242352	ANT_1_00797
prokka_ANT_1/ANT_1:Gene	ANT_1_00798	ANT_1_11:242477-243913	ANT_1_00798
prokka_ANT_1/ANT_1:Gene	ANT_1_00799	ANT_1_11:244223-244414	ANT_1_00799
prokka_ANT_1/ANT_1:Gene	ANT_1_00800	ANT_1_11:c244886-244380	ANT_1_00800
prokka_ANT_1/ANT_1:Gene	ANT_1_00801	ANT_1_11:c245158-244865	ANT_1_00801
prokka_ANT_1/ANT_1:Gene	ANT_1_00802	ANT_1_11:c246157-245378	ANT_1_00802
prokka_ANT_1/ANT_1:Gene	ANT_1_00803	ANT_1_11:246300-246869	ANT_1_00803
prokka_ANT_1/ANT_1:Gene	ANT_1_00804	ANT_1_11:246890-247516	ANT_1_00804
prokka_ANT_1/ANT_1:Gene	ANT_1_00805	ANT_1_11:247579-248517	ANT_1_00805
prokka_ANT_1/ANT_1:Gene	guaA	ANT_1_11:c250180-248600	ANT_1_00806
prokka_ANT_1/ANT_1:Gene	guaB	ANT_1_11:c251739-250273	ANT_1_00807
prokka_ANT_1/ANT_1:Gene	xseA	ANT_1_11:251911-253284	ANT_1_00808
prokka_ANT_1/ANT_1:Gene	ANT_1_00809	ANT_1_11:c253852-253319	ANT_1_00809
prokka_ANT_1/ANT_1:Gene	quiA	ANT_1_11:c256450-254024	ANT_1_00810
prokka_ANT_1/ANT_1:Gene	der	ANT_1_11:c258325-256826	ANT_1_00811
prokka_ANT_1/ANT_1:Gene	bamB	ANT_1_11:c259726-258545	ANT_1_00812
prokka_ANT_1/ANT_1:Gene	ANT_1_00813	ANT_1_11:c260395-259775	ANT_1_00813
prokka_ANT_1/ANT_1:Gene	hisS_1	ANT_1_11:c261710-260433	ANT_1_00814
prokka_ANT_1/ANT_1:Gene	ispG	ANT_1_11:c262908-261787	ANT_1_00815
prokka_ANT_1/ANT_1:Gene	rodZ	ANT_1_11:c263943-262948	ANT_1_00816
prokka_ANT_1/ANT_1:Gene	ANT_1_00817	ANT_1_11:c264664-263933	ANT_1_00817
prokka_ANT_1/ANT_1:Gene	rlmN	ANT_1_11:c265921-264752	ANT_1_00818
prokka_ANT_1/ANT_1:Gene	ndk	ANT_1_11:c266521-266090	ANT_1_00819
prokka_ANT_1/ANT_1:Gene	pbpC	ANT_1_11:c269056-266738	ANT_1_00820
prokka_ANT_1/ANT_1:Gene	ANT_1_00821	ANT_1_11:c275032-269078	ANT_1_00821
prokka_ANT_1/ANT_1:Gene	sseA	ANT_1_11:275214-276068	ANT_1_00822
prokka_ANT_1/ANT_1:Gene	ANT_1_00823	ANT_1_11:c276893-276114	ANT_1_00823
prokka_ANT_1/ANT_1:Gene	pepB	ANT_1_11:c278271-276982	ANT_1_00824
prokka_ANT_1/ANT_1:Gene	iscS	ANT_1_11:c279662-278463	ANT_1_00825
prokka_ANT_1/ANT_1:Gene	iscR	ANT_1_11:c280301-279804	ANT_1_00826
prokka_ANT_1/ANT_1:Gene	trmJ	ANT_1_11:c281194-280469	ANT_1_00827
prokka_ANT_1/ANT_1:Gene	suhB_1	ANT_1_11:281339-282142	ANT_1_00828
prokka_ANT_1/ANT_1:Gene	ANT_1_00829	ANT_1_11:c283181-282180	ANT_1_00829
prokka_ANT_1/ANT_1:Gene	ANT_1_00830	ANT_1_11:c283828-283172	ANT_1_00830
prokka_ANT_1/ANT_1:Gene	ANT_1_00831	ANT_1_11:283952-285220	ANT_1_00831
prokka_ANT_1/ANT_1:Gene	hcaT	ANT_1_11:c286357-285221	ANT_1_00832
prokka_ANT_1/ANT_1:Gene	glyA	ANT_1_11:c287732-286479	ANT_1_00833
prokka_ANT_1/ANT_1:Gene	hmp	ANT_1_11:288064-289248	ANT_1_00834
prokka_ANT_1/ANT_1:Gene	adhB_1	ANT_1_11:c290485-289310	ANT_1_00835
prokka_ANT_1/ANT_1:Gene	ANT_1_00836	ANT_1_11:c292392-290482	ANT_1_00836
prokka_ANT_1/ANT_1:Gene	glnB	ANT_1_11:c292905-292567	ANT_1_00837
prokka_ANT_1/ANT_1:Gene	qseF	ANT_1_11:c294371-293037	ANT_1_00838
prokka_ANT_1/ANT_1:Gene	qseG	ANT_1_11:c295102-294368	ANT_1_00839
prokka_ANT_1/ANT_1:Gene	glrK	ANT_1_11:c296529-295099	ANT_1_00840
prokka_ANT_1/ANT_1:Gene	purL	ANT_1_11:c300999-297115	ANT_1_00841
prokka_ANT_1/ANT_1:Gene	mltF_1	ANT_1_11:301270-302727	ANT_1_00842
prokka_ANT_1/ANT_1:Gene	tadA	ANT_1_11:c303244-302762	ANT_1_00843
prokka_ANT_1/ANT_1:Gene	pgpC	ANT_1_11:c303930-303292	ANT_1_00844
prokka_ANT_1/ANT_1:Gene	ANT_1_00845	ANT_1_11:c305298-303934	ANT_1_00845
prokka_ANT_1/ANT_1:Gene	murQ	ANT_1_11:c306212-305316	ANT_1_00846
prokka_ANT_1/ANT_1:Gene	murR	ANT_1_11:306402-307241	ANT_1_00847
prokka_ANT_1/ANT_1:Gene	yfhL	ANT_1_11:307920-308174	ANT_1_00848
prokka_ANT_1/ANT_1:Gene	acpS	ANT_1_11:c308551-308171	ANT_1_00849
prokka_ANT_1/ANT_1:Gene	pdxJ	ANT_1_11:c309282-308551	ANT_1_00850
prokka_ANT_1/ANT_1:Gene	recO	ANT_1_11:c310094-309357	ANT_1_00851
prokka_ANT_1/ANT_1:Gene	era_1	ANT_1_11:c311005-310100	ANT_1_00852
prokka_ANT_1/ANT_1:Gene	rnc	ANT_1_11:c311682-311002	ANT_1_00853
prokka_ANT_1/ANT_1:Gene	lepB	ANT_1_11:c312757-311822	ANT_1_00854
prokka_ANT_1/ANT_1:Gene	lepA	ANT_1_11:c314586-312787	ANT_1_00855
prokka_ANT_1/ANT_1:Gene	rseC	ANT_1_11:c315289-314825	ANT_1_00856
prokka_ANT_1/ANT_1:Gene	rseB	ANT_1_11:c316242-315286	ANT_1_00857
prokka_ANT_1/ANT_1:Gene	rseA	ANT_1_11:c316892-316242	ANT_1_00858
prokka_ANT_1/ANT_1:Gene	rpoE	ANT_1_11:c317497-316922	ANT_1_00859
prokka_ANT_1/ANT_1:Gene	nadB	ANT_1_11:317932-319575	ANT_1_00860
prokka_ANT_1/ANT_1:Gene	yfiC	ANT_1_11:c320346-319576	ANT_1_00861
prokka_ANT_1/ANT_1:Gene	srmB	ANT_1_11:320446-321771	ANT_1_00862
prokka_ANT_1/ANT_1:Gene	grcA	ANT_1_11:c322383-322000	ANT_1_00863
prokka_ANT_1/ANT_1:Gene	ung	ANT_1_11:322672-323355	ANT_1_00864
prokka_ANT_1/ANT_1:Gene	ANT_1_00865	ANT_1_11:323547-325112	ANT_1_00865
prokka_ANT_1/ANT_1:Gene	grpE	ANT_1_11:c325773-325192	ANT_1_00866
prokka_ANT_1/ANT_1:Gene	nadK	ANT_1_11:325897-326775	ANT_1_00867
prokka_ANT_1/ANT_1:Gene	recN	ANT_1_11:326862-328523	ANT_1_00868
prokka_ANT_1/ANT_1:Gene	bamE	ANT_1_11:328701-329054	ANT_1_00869
prokka_ANT_1/ANT_1:Gene	pasI	ANT_1_11:c329383-329096	ANT_1_00870
prokka_ANT_1/ANT_1:Gene	ratA	ANT_1_11:c329810-329376	ANT_1_00871
prokka_ANT_1/ANT_1:Gene	smpB	ANT_1_11:329971-330453	ANT_1_00872
prokka_ANT_1/ANT_1:Gene	ssrA	ANT_1_11:330503-330866	ANT_1_00873
prokka_ANT_1/ANT_1:Gene	ANT_1_00874	ANT_1_12:c774-217	ANT_1_00874
prokka_ANT_1/ANT_1:Gene	ANT_1_00875	ANT_1_12:c1227-847	ANT_1_00875
prokka_ANT_1/ANT_1:Gene	hcpA_3	ANT_1_12:c1776-1276	ANT_1_00876
prokka_ANT_1/ANT_1:Gene	ANT_1_00877	ANT_1_12:c2157-1780	ANT_1_00877
prokka_ANT_1/ANT_1:Gene	celY	ANT_1_12:c2565-2359	ANT_1_00878
prokka_ANT_1/ANT_1:Gene	rsmD	ANT_1_13:251-856	ANT_1_00879
prokka_ANT_1/ANT_1:Gene	ANT_1_00880	ANT_1_13:846-1115	ANT_1_00880
prokka_ANT_1/ANT_1:Gene	ANT_1_00881	ANT_1_13:c1496-1131	ANT_1_00881
prokka_ANT_1/ANT_1:Gene	ANT_1_00882	ANT_1_13:1631-2257	ANT_1_00882
prokka_ANT_1/ANT_1:Gene	zntA	ANT_1_13:2350-4617	ANT_1_00883
prokka_ANT_1/ANT_1:Gene	tusA	ANT_1_13:c4955-4710	ANT_1_00884
prokka_ANT_1/ANT_1:Gene	yhhQ	ANT_1_13:5163-5828	ANT_1_00885
prokka_ANT_1/ANT_1:Gene	ANT_1_00886	ANT_1_13:5924-6484	ANT_1_00886
prokka_ANT_1/ANT_1:Gene	iolE_1	ANT_1_13:c7434-6538	ANT_1_00887
prokka_ANT_1/ANT_1:Gene	ANT_1_00888	ANT_1_13:c8363-7479	ANT_1_00888
prokka_ANT_1/ANT_1:Gene	iolG_1	ANT_1_13:c9459-8446	ANT_1_00889
prokka_ANT_1/ANT_1:Gene	iolD	ANT_1_13:c11487-9547	ANT_1_00890
prokka_ANT_1/ANT_1:Gene	iolC	ANT_1_13:12085-14007	ANT_1_00891
prokka_ANT_1/ANT_1:Gene	ANT_1_00892	ANT_1_13:14341-15378	ANT_1_00892
prokka_ANT_1/ANT_1:Gene	papD_1	ANT_1_13:15517-16281	ANT_1_00893
prokka_ANT_1/ANT_1:Gene	hexR_1	ANT_1_13:16527-17369	ANT_1_00894
prokka_ANT_1/ANT_1:Gene	yfcQ_1	ANT_1_13:17528-18049	ANT_1_00895
prokka_ANT_1/ANT_1:Gene	ANT_1_00896	ANT_1_13:18442-19437	ANT_1_00896
prokka_ANT_1/ANT_1:Gene	iolB	ANT_1_13:c20344-19523	ANT_1_00897
prokka_ANT_1/ANT_1:Gene	bauC	ANT_1_13:c21899-20394	ANT_1_00898
prokka_ANT_1/ANT_1:Gene	ANT_1_00899	ANT_1_13:22408-23223	ANT_1_00899
prokka_ANT_1/ANT_1:Gene	potA_1	ANT_1_13:23458-24159	ANT_1_00900
prokka_ANT_1/ANT_1:Gene	ANT_1_00901	ANT_1_13:24156-25130	ANT_1_00901
prokka_ANT_1/ANT_1:Gene	ANT_1_00902	ANT_1_13:25176-26828	ANT_1_00902
prokka_ANT_1/ANT_1:Gene	yhhT_2	ANT_1_13:26982-28019	ANT_1_00903
prokka_ANT_1/ANT_1:Gene	lutR_1	ANT_1_13:c28843-28157	ANT_1_00904
prokka_ANT_1/ANT_1:Gene	lgoT	ANT_1_13:29079-30377	ANT_1_00905
prokka_ANT_1/ANT_1:Gene	uxuA	ANT_1_13:30420-31604	ANT_1_00906
prokka_ANT_1/ANT_1:Gene	ANT_1_00907	ANT_1_13:c31937-31608	ANT_1_00907
prokka_ANT_1/ANT_1:Gene	pdeN_1	ANT_1_13:32181-33764	ANT_1_00908
prokka_ANT_1/ANT_1:Gene	proP_1	ANT_1_13:34283-35788	ANT_1_00909
prokka_ANT_1/ANT_1:Gene	ahr	ANT_1_13:35894-36910	ANT_1_00910
prokka_ANT_1/ANT_1:Gene	ANT_1_00911	ANT_1_13:c37969-36953	ANT_1_00911
prokka_ANT_1/ANT_1:Gene	ANT_1_00912	ANT_1_13:38442-39158	ANT_1_00912
prokka_ANT_1/ANT_1:Gene	ANT_1_00913	ANT_1_13:39171-40943	ANT_1_00913
prokka_ANT_1/ANT_1:Gene	ANT_1_00914	ANT_1_13:40945-42255	ANT_1_00914
prokka_ANT_1/ANT_1:Gene	fhuE	ANT_1_13:42572-44737	ANT_1_00915
prokka_ANT_1/ANT_1:Gene	ANT_1_00916	ANT_1_13:c45589-44789	ANT_1_00916
prokka_ANT_1/ANT_1:Gene	ANT_1_00917	ANT_1_13:c46788-45985	ANT_1_00917
prokka_ANT_1/ANT_1:Gene	yfcP_1	ANT_1_13:c47336-46818	ANT_1_00918
prokka_ANT_1/ANT_1:Gene	yfcQ_2	ANT_1_13:c47890-47354	ANT_1_00919
prokka_ANT_1/ANT_1:Gene	lpfA_1	ANT_1_13:c48551-47901	ANT_1_00920
prokka_ANT_1/ANT_1:Gene	papD_2	ANT_1_13:c49345-48605	ANT_1_00921
prokka_ANT_1/ANT_1:Gene	papC_1	ANT_1_13:c52017-49477	ANT_1_00922
prokka_ANT_1/ANT_1:Gene	papH_1	ANT_1_13:c52626-52078	ANT_1_00923
prokka_ANT_1/ANT_1:Gene	smfA_1	ANT_1_13:c53251-52712	ANT_1_00924
prokka_ANT_1/ANT_1:Gene	dgcC	ANT_1_13:54239-55297	ANT_1_00925
prokka_ANT_1/ANT_1:Gene	ANT_1_00926	ANT_1_13:55769-56008	ANT_1_00926
prokka_ANT_1/ANT_1:Gene	ANT_1_00927	ANT_1_13:c57439-56153	ANT_1_00927
prokka_ANT_1/ANT_1:Gene	pitA_1	ANT_1_13:57579-59078	ANT_1_00928
prokka_ANT_1/ANT_1:Gene	uspB	ANT_1_13:c59711-59163	ANT_1_00929
prokka_ANT_1/ANT_1:Gene	uspA	ANT_1_13:59808-60245	ANT_1_00930
prokka_ANT_1/ANT_1:Gene	rsmJ	ANT_1_13:c61120-60365	ANT_1_00931
prokka_ANT_1/ANT_1:Gene	prlC	ANT_1_13:c63170-61128	ANT_1_00932
prokka_ANT_1/ANT_1:Gene	ANT_1_00933	ANT_1_13:63399-64223	ANT_1_00933
prokka_ANT_1/ANT_1:Gene	rlmJ	ANT_1_13:64318-65160	ANT_1_00934
prokka_ANT_1/ANT_1:Gene	ANT_1_00935	ANT_1_13:c66076-65138	ANT_1_00935
prokka_ANT_1/ANT_1:Gene	rbn	ANT_1_13:c67107-66193	ANT_1_00936
prokka_ANT_1/ANT_1:Gene	norR_1	ANT_1_13:c68710-67127	ANT_1_00937
prokka_ANT_1/ANT_1:Gene	ANT_1_00938	ANT_1_13:69208-70341	ANT_1_00938
prokka_ANT_1/ANT_1:Gene	rtcB	ANT_1_13:70344-71561	ANT_1_00939
prokka_ANT_1/ANT_1:Gene	ANT_1_00940	ANT_1_13:71574-72365	ANT_1_00940
prokka_ANT_1/ANT_1:Gene	ANT_1_00941	ANT_1_13:c73222-72452	ANT_1_00941
prokka_ANT_1/ANT_1:Gene	yrdA	ANT_1_14:395-949	ANT_1_00942
prokka_ANT_1/ANT_1:Gene	ANT_1_00943	ANT_1_14:c1176-916	ANT_1_00943
prokka_ANT_1/ANT_1:Gene	aroE	ANT_1_14:c1988-1173	ANT_1_00944
prokka_ANT_1/ANT_1:Gene	tsaC_1	ANT_1_14:c2565-1999	ANT_1_00945
prokka_ANT_1/ANT_1:Gene	topA_2	ANT_1_14:c3118-2549	ANT_1_00946
prokka_ANT_1/ANT_1:Gene	smg	ANT_1_14:c3617-3144	ANT_1_00947
prokka_ANT_1/ANT_1:Gene	ANT_1_00948	ANT_1_14:c4713-3589	ANT_1_00948
prokka_ANT_1/ANT_1:Gene	def	ANT_1_14:4841-5350	ANT_1_00949
prokka_ANT_1/ANT_1:Gene	fmt	ANT_1_14:5374-6321	ANT_1_00950
prokka_ANT_1/ANT_1:Gene	rsmB	ANT_1_14:6372-7661	ANT_1_00951
prokka_ANT_1/ANT_1:Gene	trkA	ANT_1_14:7722-9098	ANT_1_00952
prokka_ANT_1/ANT_1:Gene	mscL	ANT_1_14:9228-9641	ANT_1_00953
prokka_ANT_1/ANT_1:Gene	arfA	ANT_1_14:c9897-9655	ANT_1_00954
prokka_ANT_1/ANT_1:Gene	zntR	ANT_1_14:c10385-9954	ANT_1_00955
prokka_ANT_1/ANT_1:Gene	ANT_1_00956	ANT_1_14:c10756-10385	ANT_1_00956
prokka_ANT_1/ANT_1:Gene	rplQ	ANT_1_14:c11263-10877	ANT_1_00957
prokka_ANT_1/ANT_1:Gene	rpoA	ANT_1_14:c12293-11304	ANT_1_00958
prokka_ANT_1/ANT_1:Gene	rpsD	ANT_1_14:c12939-12319	ANT_1_00959
prokka_ANT_1/ANT_1:Gene	rpsK	ANT_1_14:c13362-12973	ANT_1_00960
prokka_ANT_1/ANT_1:Gene	rpsM	ANT_1_14:c13735-13379	ANT_1_00961
prokka_ANT_1/ANT_1:Gene	secY	ANT_1_14:c15362-14031	ANT_1_00962
prokka_ANT_1/ANT_1:Gene	rplO	ANT_1_14:c15804-15370	ANT_1_00963
prokka_ANT_1/ANT_1:Gene	rpmD	ANT_1_14:c15993-15808	ANT_1_00964
prokka_ANT_1/ANT_1:Gene	rpsE	ANT_1_14:c16493-15993	ANT_1_00965
prokka_ANT_1/ANT_1:Gene	ANT_1_00966	ANT_1_14:16562-16963	ANT_1_00966
prokka_ANT_1/ANT_1:Gene	rplF	ANT_1_14:c17404-16871	ANT_1_00967
prokka_ANT_1/ANT_1:Gene	rpsH	ANT_1_14:c17809-17417	ANT_1_00968
prokka_ANT_1/ANT_1:Gene	rpsN	ANT_1_14:c18145-17840	ANT_1_00969
prokka_ANT_1/ANT_1:Gene	rplE	ANT_1_14:c18698-18159	ANT_1_00970
prokka_ANT_1/ANT_1:Gene	rplX	ANT_1_14:c19027-18713	ANT_1_00971
prokka_ANT_1/ANT_1:Gene	rplN	ANT_1_14:c19409-19038	ANT_1_00972
prokka_ANT_1/ANT_1:Gene	rpsQ	ANT_1_14:c19830-19576	ANT_1_00973
prokka_ANT_1/ANT_1:Gene	rpmC	ANT_1_14:c20021-19830	ANT_1_00974
prokka_ANT_1/ANT_1:Gene	rplP	ANT_1_14:c20431-20021	ANT_1_00975
prokka_ANT_1/ANT_1:Gene	rpsC	ANT_1_14:c21142-20444	ANT_1_00976
prokka_ANT_1/ANT_1:Gene	rplV	ANT_1_14:c21492-21160	ANT_1_00977
prokka_ANT_1/ANT_1:Gene	rpsS	ANT_1_14:c21785-21507	ANT_1_00978
prokka_ANT_1/ANT_1:Gene	rplB	ANT_1_14:c22623-21802	ANT_1_00979
prokka_ANT_1/ANT_1:Gene	rplW	ANT_1_14:c22943-22641	ANT_1_00980
prokka_ANT_1/ANT_1:Gene	rplD	ANT_1_14:c23545-22940	ANT_1_00981
prokka_ANT_1/ANT_1:Gene	rplC	ANT_1_14:c24185-23556	ANT_1_00982
prokka_ANT_1/ANT_1:Gene	rpsJ	ANT_1_14:c24529-24218	ANT_1_00983
prokka_ANT_1/ANT_1:Gene	tufB_1	ANT_1_14:c25319-24915	ANT_1_00984
prokka_ANT_1/ANT_1:Gene	ychF	ANT_1_15:c1307-216	ANT_1_00985
prokka_ANT_1/ANT_1:Gene	bicA	ANT_1_15:1660-3141	ANT_1_00986
prokka_ANT_1/ANT_1:Gene	pdeH_1	ANT_1_15:3279-3950	ANT_1_00987
prokka_ANT_1/ANT_1:Gene	pth	ANT_1_15:c4585-3998	ANT_1_00988
prokka_ANT_1/ANT_1:Gene	ANT_1_00989	ANT_1_15:4859-5143	ANT_1_00989
prokka_ANT_1/ANT_1:Gene	ANT_1_00990	ANT_1_15:c6363-5191	ANT_1_00990
prokka_ANT_1/ANT_1:Gene	mdtD_1	ANT_1_15:c7919-6453	ANT_1_00991
prokka_ANT_1/ANT_1:Gene	pgrR_4	ANT_1_15:8021-8920	ANT_1_00992
prokka_ANT_1/ANT_1:Gene	prs_2	ANT_1_15:c9987-9040	ANT_1_00993
prokka_ANT_1/ANT_1:Gene	ispE	ANT_1_15:c10988-10125	ANT_1_00994
prokka_ANT_1/ANT_1:Gene	lolB	ANT_1_15:c11611-10985	ANT_1_00995
prokka_ANT_1/ANT_1:Gene	hemA	ANT_1_15:11837-13093	ANT_1_00996
prokka_ANT_1/ANT_1:Gene	prfA	ANT_1_15:13041-14213	ANT_1_00997
prokka_ANT_1/ANT_1:Gene	prmC	ANT_1_15:14213-15046	ANT_1_00998
prokka_ANT_1/ANT_1:Gene	ychQ	ANT_1_15:15058-15456	ANT_1_00999
prokka_ANT_1/ANT_1:Gene	ANT_1_01000	ANT_1_15:15453-16262	ANT_1_01000
prokka_ANT_1/ANT_1:Gene	kdsA	ANT_1_15:16290-17144	ANT_1_01001
prokka_ANT_1/ANT_1:Gene	hslJ	ANT_1_15:17264-17686	ANT_1_01002
prokka_ANT_1/ANT_1:Gene	chaA	ANT_1_15:c18855-17764	ANT_1_01003
prokka_ANT_1/ANT_1:Gene	cra_1	ANT_1_15:c20266-19250	ANT_1_01004
prokka_ANT_1/ANT_1:Gene	scrB	ANT_1_15:c21704-20295	ANT_1_01005
prokka_ANT_1/ANT_1:Gene	sacX	ANT_1_15:c23074-21701	ANT_1_01006
prokka_ANT_1/ANT_1:Gene	scrY	ANT_1_15:c24648-23107	ANT_1_01007
prokka_ANT_1/ANT_1:Gene	scrK_1	ANT_1_15:c25718-24795	ANT_1_01008
prokka_ANT_1/ANT_1:Gene	chaC	ANT_1_15:26006-26683	ANT_1_01009
prokka_ANT_1/ANT_1:Gene	pknD	ANT_1_15:c28169-26742	ANT_1_01010
prokka_ANT_1/ANT_1:Gene	ANT_1_01011	ANT_1_15:c29154-28204	ANT_1_01011
prokka_ANT_1/ANT_1:Gene	prpC	ANT_1_15:c29945-29169	ANT_1_01012
prokka_ANT_1/ANT_1:Gene	ANT_1_01013	ANT_1_15:c31117-29942	ANT_1_01013
prokka_ANT_1/ANT_1:Gene	ANT_1_01014	ANT_1_15:c31854-31156	ANT_1_01014
prokka_ANT_1/ANT_1:Gene	ANT_1_01015	ANT_1_15:c33974-31869	ANT_1_01015
prokka_ANT_1/ANT_1:Gene	ANT_1_01016	ANT_1_15:c35191-33974	ANT_1_01016
prokka_ANT_1/ANT_1:Gene	ANT_1_01017	ANT_1_15:c35799-35308	ANT_1_01017
prokka_ANT_1/ANT_1:Gene	nasR	ANT_1_15:36284-37567	ANT_1_01018
prokka_ANT_1/ANT_1:Gene	nasD	ANT_1_15:37868-40720	ANT_1_01019
prokka_ANT_1/ANT_1:Gene	cysG_1	ANT_1_15:40729-41574	ANT_1_01020
prokka_ANT_1/ANT_1:Gene	srlR_1	ANT_1_15:c42308-41514	ANT_1_01021
prokka_ANT_1/ANT_1:Gene	aptA	ANT_1_15:42687-43490	ANT_1_01022
prokka_ANT_1/ANT_1:Gene	aptB	ANT_1_15:43493-44407	ANT_1_01023
prokka_ANT_1/ANT_1:Gene	golD	ANT_1_15:44420-45217	ANT_1_01024
prokka_ANT_1/ANT_1:Gene	rbsB_1	ANT_1_15:45301-46236	ANT_1_01025
prokka_ANT_1/ANT_1:Gene	ANT_1_01026	ANT_1_15:46293-46904	ANT_1_01026
prokka_ANT_1/ANT_1:Gene	rbsA_1	ANT_1_15:46915-48465	ANT_1_01027
prokka_ANT_1/ANT_1:Gene	rbsC_1	ANT_1_15:48486-49553	ANT_1_01028
prokka_ANT_1/ANT_1:Gene	aplK	ANT_1_15:49546-51063	ANT_1_01029
prokka_ANT_1/ANT_1:Gene	fabG_2	ANT_1_15:51075-51872	ANT_1_01030
prokka_ANT_1/ANT_1:Gene	ANT_1_01031	ANT_1_15:52000-52779	ANT_1_01031
prokka_ANT_1/ANT_1:Gene	ANT_1_01032	ANT_1_15:52918-54360	ANT_1_01032
prokka_ANT_1/ANT_1:Gene	ANT_1_01033	ANT_1_15:54428-55411	ANT_1_01033
prokka_ANT_1/ANT_1:Gene	phoE	ANT_1_15:c56536-55472	ANT_1_01034
prokka_ANT_1/ANT_1:Gene	astC	ANT_1_15:57390-58610	ANT_1_01035
prokka_ANT_1/ANT_1:Gene	astA	ANT_1_15:58607-59641	ANT_1_01036
prokka_ANT_1/ANT_1:Gene	astD	ANT_1_15:59638-61107	ANT_1_01037
prokka_ANT_1/ANT_1:Gene	astB	ANT_1_15:61104-62432	ANT_1_01038
prokka_ANT_1/ANT_1:Gene	astE	ANT_1_15:62505-63509	ANT_1_01039
prokka_ANT_1/ANT_1:Gene	spy	ANT_1_15:63842-64330	ANT_1_01040
prokka_ANT_1/ANT_1:Gene	cho	ANT_1_15:c65323-64448	ANT_1_01041
prokka_ANT_1/ANT_1:Gene	nadE	ANT_1_15:c66254-65427	ANT_1_01042
prokka_ANT_1/ANT_1:Gene	bcr_1	ANT_1_15:c67570-66380	ANT_1_01043
prokka_ANT_1/ANT_1:Gene	betI_1	ANT_1_15:c68151-67567	ANT_1_01044
prokka_ANT_1/ANT_1:Gene	osmE	ANT_1_15:68355-68690	ANT_1_01045
prokka_ANT_1/ANT_1:Gene	katE	ANT_1_15:c70898-68766	ANT_1_01046
prokka_ANT_1/ANT_1:Gene	tcyP	ANT_1_15:c72428-71031	ANT_1_01047
prokka_ANT_1/ANT_1:Gene	ydjM	ANT_1_15:c73182-72592	ANT_1_01048
prokka_ANT_1/ANT_1:Gene	kduD_1	ANT_1_15:c74097-73336	ANT_1_01049
prokka_ANT_1/ANT_1:Gene	hxpB	ANT_1_15:c74961-74290	ANT_1_01050
prokka_ANT_1/ANT_1:Gene	ANT_1_01051	ANT_1_15:75131-75670	ANT_1_01051
prokka_ANT_1/ANT_1:Gene	ANT_1_01052	ANT_1_15:c76588-75695	ANT_1_01052
prokka_ANT_1/ANT_1:Gene	ANT_1_01053	ANT_1_15:c76978-76688	ANT_1_01053
prokka_ANT_1/ANT_1:Gene	ANT_1_01054	ANT_1_15:77425-78180	ANT_1_01054
prokka_ANT_1/ANT_1:Gene	thrS	ANT_1_15:78422-80350	ANT_1_01055
prokka_ANT_1/ANT_1:Gene	infC	ANT_1_15:80480-80905	ANT_1_01056
prokka_ANT_1/ANT_1:Gene	rpmI	ANT_1_15:80998-81195	ANT_1_01057
prokka_ANT_1/ANT_1:Gene	rplT	ANT_1_15:81302-81658	ANT_1_01058
prokka_ANT_1/ANT_1:Gene	pheS	ANT_1_15:81981-82964	ANT_1_01059
prokka_ANT_1/ANT_1:Gene	pheT	ANT_1_15:82980-85367	ANT_1_01060
prokka_ANT_1/ANT_1:Gene	ihfA	ANT_1_15:85372-85671	ANT_1_01061
prokka_ANT_1/ANT_1:Gene	btuC	ANT_1_15:85809-86789	ANT_1_01062
prokka_ANT_1/ANT_1:Gene	btuE	ANT_1_15:86834-87376	ANT_1_01063
prokka_ANT_1/ANT_1:Gene	btuD_3	ANT_1_15:87380-88120	ANT_1_01064
prokka_ANT_1/ANT_1:Gene	mepS_1	ANT_1_15:88195-88653	ANT_1_01065
prokka_ANT_1/ANT_1:Gene	ydiV	ANT_1_15:89006-89761	ANT_1_01066
prokka_ANT_1/ANT_1:Gene	selO	ANT_1_15:89851-91290	ANT_1_01067
prokka_ANT_1/ANT_1:Gene	hmuV	ANT_1_15:c92063-91287	ANT_1_01068
prokka_ANT_1/ANT_1:Gene	hmuU_2	ANT_1_15:c93054-92056	ANT_1_01069
prokka_ANT_1/ANT_1:Gene	hmuT	ANT_1_15:c93875-93054	ANT_1_01070
prokka_ANT_1/ANT_1:Gene	hemS	ANT_1_15:c94903-93872	ANT_1_01071
prokka_ANT_1/ANT_1:Gene	aroH	ANT_1_15:c96123-95077	ANT_1_01072
prokka_ANT_1/ANT_1:Gene	ppsR	ANT_1_15:c97104-96271	ANT_1_01073
prokka_ANT_1/ANT_1:Gene	ppsA	ANT_1_15:97578-99956	ANT_1_01074
prokka_ANT_1/ANT_1:Gene	ydiK	ANT_1_15:c101543-100419	ANT_1_01075
prokka_ANT_1/ANT_1:Gene	ANT_1_01076	ANT_1_15:101785-104841	ANT_1_01076
prokka_ANT_1/ANT_1:Gene	menI_1	ANT_1_15:104841-105254	ANT_1_01077
prokka_ANT_1/ANT_1:Gene	ANT_1_01078	ANT_1_15:c105721-105317	ANT_1_01078
prokka_ANT_1/ANT_1:Gene	sufA	ANT_1_15:106113-106487	ANT_1_01079
prokka_ANT_1/ANT_1:Gene	sufB	ANT_1_15:106493-107986	ANT_1_01080
prokka_ANT_1/ANT_1:Gene	sufC	ANT_1_15:108037-108783	ANT_1_01081
prokka_ANT_1/ANT_1:Gene	sufD	ANT_1_15:108758-110038	ANT_1_01082
prokka_ANT_1/ANT_1:Gene	sufS	ANT_1_15:110035-111255	ANT_1_01083
prokka_ANT_1/ANT_1:Gene	sufE	ANT_1_15:111324-111746	ANT_1_01084
prokka_ANT_1/ANT_1:Gene	ycfS	ANT_1_15:111820-112851	ANT_1_01085
prokka_ANT_1/ANT_1:Gene	lpp1	ANT_1_15:c113195-112959	ANT_1_01086
prokka_ANT_1/ANT_1:Gene	pykF	ANT_1_15:c114913-113501	ANT_1_01087
prokka_ANT_1/ANT_1:Gene	ANT_1_01088	ANT_1_15:c115377-115301	ANT_1_01088
prokka_ANT_1/ANT_1:Gene	ANT_1_01089	ANT_1_15:c115503-115427	ANT_1_01089
prokka_ANT_1/ANT_1:Gene	mdtK	ANT_1_15:c117025-115652	ANT_1_01090
prokka_ANT_1/ANT_1:Gene	ribC	ANT_1_15:117314-117979	ANT_1_01091
prokka_ANT_1/ANT_1:Gene	cfa	ANT_1_15:c119175-118027	ANT_1_01092
prokka_ANT_1/ANT_1:Gene	ydhC	ANT_1_15:c120719-119526	ANT_1_01093
prokka_ANT_1/ANT_1:Gene	allS	ANT_1_15:120833-121765	ANT_1_01094
prokka_ANT_1/ANT_1:Gene	purR_1	ANT_1_15:c122787-121762	ANT_1_01095
prokka_ANT_1/ANT_1:Gene	ANT_1_01096	ANT_1_15:123083-123172	ANT_1_01096
prokka_ANT_1/ANT_1:Gene	mepH	ANT_1_15:c124089-123208	ANT_1_01097
prokka_ANT_1/ANT_1:Gene	grxD	ANT_1_15:124473-124811	ANT_1_01098
prokka_ANT_1/ANT_1:Gene	rnt	ANT_1_15:c125559-124888	ANT_1_01099
prokka_ANT_1/ANT_1:Gene	gloA	ANT_1_15:c126068-125661	ANT_1_01100
prokka_ANT_1/ANT_1:Gene	nemA_1	ANT_1_15:c127256-126156	ANT_1_01101
prokka_ANT_1/ANT_1:Gene	nemR	ANT_1_15:c127890-127300	ANT_1_01102
prokka_ANT_1/ANT_1:Gene	eptA	ANT_1_15:c129566-127929	ANT_1_01103
prokka_ANT_1/ANT_1:Gene	ANT_1_01104	ANT_1_15:c130319-129675	ANT_1_01104
prokka_ANT_1/ANT_1:Gene	dmlR_2	ANT_1_15:130422-131336	ANT_1_01105
prokka_ANT_1/ANT_1:Gene	ANT_1_01106	ANT_1_15:131378-131617	ANT_1_01106
prokka_ANT_1/ANT_1:Gene	ydhF	ANT_1_15:131704-132600	ANT_1_01107
prokka_ANT_1/ANT_1:Gene	aaeB_1	ANT_1_15:c134651-132636	ANT_1_01108
prokka_ANT_1/ANT_1:Gene	aaeA_1	ANT_1_15:c135516-134659	ANT_1_01109
prokka_ANT_1/ANT_1:Gene	ANT_1_01110	ANT_1_15:c135757-135521	ANT_1_01110
prokka_ANT_1/ANT_1:Gene	slyA_1	ANT_1_15:135904-136341	ANT_1_01111
prokka_ANT_1/ANT_1:Gene	slyB	ANT_1_15:c136861-136391	ANT_1_01112
prokka_ANT_1/ANT_1:Gene	anmK	ANT_1_15:137133-138251	ANT_1_01113
prokka_ANT_1/ANT_1:Gene	mliC	ANT_1_15:138315-138635	ANT_1_01114
prokka_ANT_1/ANT_1:Gene	pdxH	ANT_1_15:138700-139356	ANT_1_01115
prokka_ANT_1/ANT_1:Gene	tyrS	ANT_1_15:139495-140769	ANT_1_01116
prokka_ANT_1/ANT_1:Gene	pdxY	ANT_1_15:140851-141711	ANT_1_01117
prokka_ANT_1/ANT_1:Gene	gstA	ANT_1_15:c142364-141759	ANT_1_01118
prokka_ANT_1/ANT_1:Gene	pgrR_5	ANT_1_15:c143381-142464	ANT_1_01119
prokka_ANT_1/ANT_1:Gene	ANT_1_01120	ANT_1_15:143476-144093	ANT_1_01120
prokka_ANT_1/ANT_1:Gene	ANT_1_01121	ANT_1_15:144096-144986	ANT_1_01121
prokka_ANT_1/ANT_1:Gene	dtpA_1	ANT_1_15:c146526-145033	ANT_1_01122
prokka_ANT_1/ANT_1:Gene	betI_2	ANT_1_15:147083-147682	ANT_1_01123
prokka_ANT_1/ANT_1:Gene	betB	ANT_1_15:147694-149160	ANT_1_01124
prokka_ANT_1/ANT_1:Gene	betA	ANT_1_15:149207-150853	ANT_1_01125
prokka_ANT_1/ANT_1:Gene	cynT	ANT_1_15:c151539-150904	ANT_1_01126
prokka_ANT_1/ANT_1:Gene	nth	ANT_1_15:c152263-151628	ANT_1_01127
prokka_ANT_1/ANT_1:Gene	rnfE	ANT_1_15:c152961-152260	ANT_1_01128
prokka_ANT_1/ANT_1:Gene	rsxG	ANT_1_15:c153586-152954	ANT_1_01129
prokka_ANT_1/ANT_1:Gene	rsxD	ANT_1_15:c154647-153586	ANT_1_01130
prokka_ANT_1/ANT_1:Gene	rsxC	ANT_1_15:c156822-154648	ANT_1_01131
prokka_ANT_1/ANT_1:Gene	rsxB	ANT_1_15:c157390-156815	ANT_1_01132
prokka_ANT_1/ANT_1:Gene	rsxA	ANT_1_15:c157971-157390	ANT_1_01133
prokka_ANT_1/ANT_1:Gene	ydgK	ANT_1_15:c158517-158098	ANT_1_01134
prokka_ANT_1/ANT_1:Gene	cnu	ANT_1_15:c158855-158640	ANT_1_01135
prokka_ANT_1/ANT_1:Gene	ytfQ	ANT_1_15:159438-160394	ANT_1_01136
prokka_ANT_1/ANT_1:Gene	fruK	ANT_1_15:160447-161970	ANT_1_01137
prokka_ANT_1/ANT_1:Gene	ytfT	ANT_1_15:161963-162982	ANT_1_01138
prokka_ANT_1/ANT_1:Gene	yjfF	ANT_1_15:162975-163961	ANT_1_01139
prokka_ANT_1/ANT_1:Gene	araA	ANT_1_15:c165861-164356	ANT_1_01140
prokka_ANT_1/ANT_1:Gene	araB_2	ANT_1_15:c167558-165873	ANT_1_01141
prokka_ANT_1/ANT_1:Gene	araF	ANT_1_15:167931-168914	ANT_1_01142
prokka_ANT_1/ANT_1:Gene	araG_1	ANT_1_15:169142-170665	ANT_1_01143
prokka_ANT_1/ANT_1:Gene	araH	ANT_1_15:170683-171663	ANT_1_01144
prokka_ANT_1/ANT_1:Gene	araC	ANT_1_15:171675-172592	ANT_1_01145
prokka_ANT_1/ANT_1:Gene	ydgJ	ANT_1_15:172667-173707	ANT_1_01146
prokka_ANT_1/ANT_1:Gene	add	ANT_1_15:c174764-173766	ANT_1_01147
prokka_ANT_1/ANT_1:Gene	ANT_1_01148	ANT_1_15:175033-176376	ANT_1_01148
prokka_ANT_1/ANT_1:Gene	ydgA	ANT_1_15:c177922-176420	ANT_1_01149
prokka_ANT_1/ANT_1:Gene	manA	ANT_1_15:c179244-178072	ANT_1_01150
prokka_ANT_1/ANT_1:Gene	fumC	ANT_1_15:179441-180838	ANT_1_01151
prokka_ANT_1/ANT_1:Gene	tus	ANT_1_15:c181827-180898	ANT_1_01152
prokka_ANT_1/ANT_1:Gene	ANT_1_01153	ANT_1_15:c182973-181999	ANT_1_01153
prokka_ANT_1/ANT_1:Gene	ANT_1_01154	ANT_1_15:183080-183946	ANT_1_01154
prokka_ANT_1/ANT_1:Gene	ynfM	ANT_1_15:c185275-184007	ANT_1_01155
prokka_ANT_1/ANT_1:Gene	benM	ANT_1_15:185375-186274	ANT_1_01156
prokka_ANT_1/ANT_1:Gene	mlc	ANT_1_15:186490-187707	ANT_1_01157
prokka_ANT_1/ANT_1:Gene	bioD1_1	ANT_1_15:187830-188495	ANT_1_01158
prokka_ANT_1/ANT_1:Gene	bglB	ANT_1_15:c189961-188567	ANT_1_01159
prokka_ANT_1/ANT_1:Gene	bglF_2	ANT_1_15:c191862-189982	ANT_1_01160
prokka_ANT_1/ANT_1:Gene	zntB_1	ANT_1_15:192213-193196	ANT_1_01161
prokka_ANT_1/ANT_1:Gene	ANT_1_01162	ANT_1_15:193475-193624	ANT_1_01162
prokka_ANT_1/ANT_1:Gene	ttcA	ANT_1_15:193798-194691	ANT_1_01163
prokka_ANT_1/ANT_1:Gene	ANT_1_01164	ANT_1_15:194789-194920	ANT_1_01164
prokka_ANT_1/ANT_1:Gene	dbpA	ANT_1_15:195454-196833	ANT_1_01165
prokka_ANT_1/ANT_1:Gene	ANT_1_01166	ANT_1_15:c197174-196887	ANT_1_01166
prokka_ANT_1/ANT_1:Gene	ANT_1_01167	ANT_1_15:c197951-197295	ANT_1_01167
prokka_ANT_1/ANT_1:Gene	ANT_1_01168	ANT_1_15:198137-198409	ANT_1_01168
prokka_ANT_1/ANT_1:Gene	ldhA	ANT_1_15:c199443-198448	ANT_1_01169
prokka_ANT_1/ANT_1:Gene	ANT_1_01170	ANT_1_15:199631-202261	ANT_1_01170
prokka_ANT_1/ANT_1:Gene	ANT_1_01171	ANT_1_15:202245-202436	ANT_1_01171
prokka_ANT_1/ANT_1:Gene	ANT_1_01172	ANT_1_15:202447-202770	ANT_1_01172
prokka_ANT_1/ANT_1:Gene	azoR	ANT_1_15:c203442-202837	ANT_1_01173
prokka_ANT_1/ANT_1:Gene	ANT_1_01174	ANT_1_15:203679-207578	ANT_1_01174
prokka_ANT_1/ANT_1:Gene	ANT_1_01175	ANT_1_15:c208417-207611	ANT_1_01175
prokka_ANT_1/ANT_1:Gene	ANT_1_01176	ANT_1_15:208672-209208	ANT_1_01176
prokka_ANT_1/ANT_1:Gene	ANT_1_01177	ANT_1_15:c210920-209436	ANT_1_01177
prokka_ANT_1/ANT_1:Gene	rstB	ANT_1_15:c212230-210941	ANT_1_01178
prokka_ANT_1/ANT_1:Gene	rstA	ANT_1_15:c212958-212230	ANT_1_01179
prokka_ANT_1/ANT_1:Gene	ANT_1_01180	ANT_1_15:213152-213565	ANT_1_01180
prokka_ANT_1/ANT_1:Gene	ydgI	ANT_1_15:c214960-213569	ANT_1_01181
prokka_ANT_1/ANT_1:Gene	ydgH	ANT_1_15:c216121-215171	ANT_1_01182
prokka_ANT_1/ANT_1:Gene	pntA	ANT_1_15:216639-218168	ANT_1_01183
prokka_ANT_1/ANT_1:Gene	pntB	ANT_1_15:218179-219567	ANT_1_01184
prokka_ANT_1/ANT_1:Gene	ANT_1_01185	ANT_1_15:c219937-219671	ANT_1_01185
prokka_ANT_1/ANT_1:Gene	cirA	ANT_1_15:c221943-219961	ANT_1_01186
prokka_ANT_1/ANT_1:Gene	ANT_1_01187	ANT_1_15:c222652-222161	ANT_1_01187
prokka_ANT_1/ANT_1:Gene	uspE	ANT_1_15:c223873-222923	ANT_1_01188
prokka_ANT_1/ANT_1:Gene	fnr	ANT_1_15:c224746-223991	ANT_1_01189
prokka_ANT_1/ANT_1:Gene	smrA	ANT_1_15:225004-225570	ANT_1_01190
prokka_ANT_1/ANT_1:Gene	catM_1	ANT_1_15:c226497-225574	ANT_1_01191
prokka_ANT_1/ANT_1:Gene	pcaK	ANT_1_15:226840-228165	ANT_1_01192
prokka_ANT_1/ANT_1:Gene	ANT_1_01193	ANT_1_15:c229022-228588	ANT_1_01193
prokka_ANT_1/ANT_1:Gene	pnbA	ANT_1_15:229188-230717	ANT_1_01194
prokka_ANT_1/ANT_1:Gene	ANT_1_01195	ANT_1_15:230955-232601	ANT_1_01195
prokka_ANT_1/ANT_1:Gene	gcvA_1	ANT_1_15:c233449-232598	ANT_1_01196
prokka_ANT_1/ANT_1:Gene	ybdL_1	ANT_1_15:233564-234733	ANT_1_01197
prokka_ANT_1/ANT_1:Gene	argT_1	ANT_1_15:234758-235534	ANT_1_01198
prokka_ANT_1/ANT_1:Gene	pepT_1	ANT_1_15:c236809-235577	ANT_1_01199
prokka_ANT_1/ANT_1:Gene	dppA_2	ANT_1_15:236937-238529	ANT_1_01200
prokka_ANT_1/ANT_1:Gene	cynR_1	ANT_1_15:c239510-238587	ANT_1_01201
prokka_ANT_1/ANT_1:Gene	dapE_2	ANT_1_15:239670-241094	ANT_1_01202
prokka_ANT_1/ANT_1:Gene	proP_2	ANT_1_15:241091-242362	ANT_1_01203
prokka_ANT_1/ANT_1:Gene	iutA	ANT_1_15:242774-244870	ANT_1_01204
prokka_ANT_1/ANT_1:Gene	yfiY	ANT_1_15:244860-245774	ANT_1_01205
prokka_ANT_1/ANT_1:Gene	yfiZ_2	ANT_1_15:245771-246760	ANT_1_01206
prokka_ANT_1/ANT_1:Gene	yfhA	ANT_1_15:246753-247793	ANT_1_01207
prokka_ANT_1/ANT_1:Gene	yusV_2	ANT_1_15:247797-248585	ANT_1_01208
prokka_ANT_1/ANT_1:Gene	ANT_1_01209	ANT_1_15:248902-249342	ANT_1_01209
prokka_ANT_1/ANT_1:Gene	ANT_1_01210	ANT_1_15:c249976-249608	ANT_1_01210
prokka_ANT_1/ANT_1:Gene	ANT_1_01211	ANT_1_15:250320-250526	ANT_1_01211
prokka_ANT_1/ANT_1:Gene	ANT_1_01212	ANT_1_15:c250812-250543	ANT_1_01212
prokka_ANT_1/ANT_1:Gene	ANT_1_01213	ANT_1_15:251052-253010	ANT_1_01213
prokka_ANT_1/ANT_1:Gene	ANT_1_01214	ANT_1_15:c253286-253077	ANT_1_01214
prokka_ANT_1/ANT_1:Gene	entS_1	ANT_1_15:253563-254816	ANT_1_01215
prokka_ANT_1/ANT_1:Gene	lysN_1	ANT_1_15:254932-256119	ANT_1_01216
prokka_ANT_1/ANT_1:Gene	hpxO_2	ANT_1_15:c257407-256250	ANT_1_01217
prokka_ANT_1/ANT_1:Gene	ANT_1_01218	ANT_1_15:257662-258294	ANT_1_01218
prokka_ANT_1/ANT_1:Gene	ANT_1_01219	ANT_1_15:258419-258865	ANT_1_01219
prokka_ANT_1/ANT_1:Gene	ANT_1_01220	ANT_1_15:258912-259337	ANT_1_01220
prokka_ANT_1/ANT_1:Gene	gdhA_2	ANT_1_15:c260986-259712	ANT_1_01221
prokka_ANT_1/ANT_1:Gene	dsdA	ANT_1_15:261387-262727	ANT_1_01222
prokka_ANT_1/ANT_1:Gene	fabV	ANT_1_15:262900-264099	ANT_1_01223
prokka_ANT_1/ANT_1:Gene	ANT_1_01224	ANT_1_15:264220-264564	ANT_1_01224
prokka_ANT_1/ANT_1:Gene	ANT_1_01225	ANT_1_15:264652-265209	ANT_1_01225
prokka_ANT_1/ANT_1:Gene	ANT_1_01226	ANT_1_15:c266378-265359	ANT_1_01226
prokka_ANT_1/ANT_1:Gene	iolG_2	ANT_1_15:266490-267494	ANT_1_01227
prokka_ANT_1/ANT_1:Gene	iolU_1	ANT_1_15:c268571-267540	ANT_1_01228
prokka_ANT_1/ANT_1:Gene	ANT_1_01229	ANT_1_15:c269631-268714	ANT_1_01229
prokka_ANT_1/ANT_1:Gene	moxC	ANT_1_15:269868-271208	ANT_1_01230
prokka_ANT_1/ANT_1:Gene	xecA1	ANT_1_15:c272283-271255	ANT_1_01231
prokka_ANT_1/ANT_1:Gene	ANT_1_01232	ANT_1_15:c273288-272311	ANT_1_01232
prokka_ANT_1/ANT_1:Gene	ANT_1_01233	ANT_1_15:273598-274077	ANT_1_01233
prokka_ANT_1/ANT_1:Gene	ANT_1_01234	ANT_1_15:274287-276680	ANT_1_01234
prokka_ANT_1/ANT_1:Gene	ANT_1_01235	ANT_1_15:c277021-276725	ANT_1_01235
prokka_ANT_1/ANT_1:Gene	ssuA_1	ANT_1_15:277262-278137	ANT_1_01236
prokka_ANT_1/ANT_1:Gene	ANT_1_01237	ANT_1_15:278217-279107	ANT_1_01237
prokka_ANT_1/ANT_1:Gene	aldA	ANT_1_15:c280622-279183	ANT_1_01238
prokka_ANT_1/ANT_1:Gene	ANT_1_01239	ANT_1_15:280697-280840	ANT_1_01239
prokka_ANT_1/ANT_1:Gene	rhaT	ANT_1_15:281009-282043	ANT_1_01240
prokka_ANT_1/ANT_1:Gene	rhaR_2	ANT_1_15:c282955-282101	ANT_1_01241
prokka_ANT_1/ANT_1:Gene	rhaS_1	ANT_1_15:c283791-282967	ANT_1_01242
prokka_ANT_1/ANT_1:Gene	rhaB	ANT_1_15:284091-285563	ANT_1_01243
prokka_ANT_1/ANT_1:Gene	rhaA	ANT_1_15:285560-286816	ANT_1_01244
prokka_ANT_1/ANT_1:Gene	rhaD	ANT_1_15:286827-287669	ANT_1_01245
prokka_ANT_1/ANT_1:Gene	rhaM	ANT_1_15:287680-287973	ANT_1_01246
prokka_ANT_1/ANT_1:Gene	yhfK	ANT_1_15:288126-288788	ANT_1_01247
prokka_ANT_1/ANT_1:Gene	ANT_1_01248	ANT_1_15:288763-289419	ANT_1_01248
prokka_ANT_1/ANT_1:Gene	ANT_1_01249	ANT_1_15:289496-289855	ANT_1_01249
prokka_ANT_1/ANT_1:Gene	proP_3	ANT_1_15:c291227-289953	ANT_1_01250
prokka_ANT_1/ANT_1:Gene	ANT_1_01251	ANT_1_15:291584-292642	ANT_1_01251
prokka_ANT_1/ANT_1:Gene	ANT_1_01252	ANT_1_15:292667-293482	ANT_1_01252
prokka_ANT_1/ANT_1:Gene	btuD_4	ANT_1_15:293479-294297	ANT_1_01253
prokka_ANT_1/ANT_1:Gene	ANT_1_01254	ANT_1_15:294281-294988	ANT_1_01254
prokka_ANT_1/ANT_1:Gene	ANT_1_01255	ANT_1_15:295000-295635	ANT_1_01255
prokka_ANT_1/ANT_1:Gene	carB_1	ANT_1_15:295725-299321	ANT_1_01256
prokka_ANT_1/ANT_1:Gene	ANT_1_01257	ANT_1_16:2-89	ANT_1_01257
prokka_ANT_1/ANT_1:Gene	mobA	ANT_1_16:c778-197	ANT_1_01258
prokka_ANT_1/ANT_1:Gene	yihD	ANT_1_16:831-1100	ANT_1_01259
prokka_ANT_1/ANT_1:Gene	rdoA	ANT_1_16:1183-2175	ANT_1_01260
prokka_ANT_1/ANT_1:Gene	dsbA	ANT_1_16:2224-2853	ANT_1_01261
prokka_ANT_1/ANT_1:Gene	polA	ANT_1_16:3262-6054	ANT_1_01262
prokka_ANT_1/ANT_1:Gene	engB	ANT_1_16:c7146-6505	ANT_1_01263
prokka_ANT_1/ANT_1:Gene	yihI	ANT_1_16:7699-8226	ANT_1_01264
prokka_ANT_1/ANT_1:Gene	hemN	ANT_1_16:8477-9850	ANT_1_01265
prokka_ANT_1/ANT_1:Gene	ntrC	ANT_1_16:c11378-9969	ANT_1_01266
prokka_ANT_1/ANT_1:Gene	glnL	ANT_1_16:c12435-11386	ANT_1_01267
prokka_ANT_1/ANT_1:Gene	glnA	ANT_1_16:c14042-12633	ANT_1_01268
prokka_ANT_1/ANT_1:Gene	typA	ANT_1_16:14478-16301	ANT_1_01269
prokka_ANT_1/ANT_1:Gene	yihX	ANT_1_16:16441-17037	ANT_1_01270
prokka_ANT_1/ANT_1:Gene	ANT_1_01271	ANT_1_16:17038-17910	ANT_1_01271
prokka_ANT_1/ANT_1:Gene	dtd	ANT_1_16:17907-18344	ANT_1_01272
prokka_ANT_1/ANT_1:Gene	ANT_1_01273	ANT_1_16:18404-19342	ANT_1_01273
prokka_ANT_1/ANT_1:Gene	rluF	ANT_1_16:c20208-19339	ANT_1_01274
prokka_ANT_1/ANT_1:Gene	ANT_1_01275	ANT_1_16:c21975-20293	ANT_1_01275
prokka_ANT_1/ANT_1:Gene	xanP	ANT_1_16:c23481-22093	ANT_1_01276
prokka_ANT_1/ANT_1:Gene	recG	ANT_1_16:c25799-23718	ANT_1_01277
prokka_ANT_1/ANT_1:Gene	trmH	ANT_1_16:c26494-25799	ANT_1_01278
prokka_ANT_1/ANT_1:Gene	spoT	ANT_1_16:c28704-26581	ANT_1_01279
prokka_ANT_1/ANT_1:Gene	rpoZ	ANT_1_16:c28999-28724	ANT_1_01280
prokka_ANT_1/ANT_1:Gene	gmk	ANT_1_16:c29679-29056	ANT_1_01281
prokka_ANT_1/ANT_1:Gene	ligB	ANT_1_16:29936-31606	ANT_1_01282
prokka_ANT_1/ANT_1:Gene	ANT_1_01283	ANT_1_16:c32220-31603	ANT_1_01283
prokka_ANT_1/ANT_1:Gene	rcsB_1	ANT_1_16:32741-33385	ANT_1_01284
prokka_ANT_1/ANT_1:Gene	tolC_1	ANT_1_16:33472-34788	ANT_1_01285
prokka_ANT_1/ANT_1:Gene	cvaA	ANT_1_16:34834-36096	ANT_1_01286
prokka_ANT_1/ANT_1:Gene	apxIB	ANT_1_16:36145-38289	ANT_1_01287
prokka_ANT_1/ANT_1:Gene	ycaD_1	ANT_1_16:c39678-38305	ANT_1_01288
prokka_ANT_1/ANT_1:Gene	ANT_1_01289	ANT_1_16:c40121-39843	ANT_1_01289
prokka_ANT_1/ANT_1:Gene	iolS	ANT_1_16:40353-41351	ANT_1_01290
prokka_ANT_1/ANT_1:Gene	sotB_2	ANT_1_16:c42751-41540	ANT_1_01291
prokka_ANT_1/ANT_1:Gene	hcaR	ANT_1_16:43348-44259	ANT_1_01292
prokka_ANT_1/ANT_1:Gene	ANT_1_01293	ANT_1_16:c45233-44370	ANT_1_01293
prokka_ANT_1/ANT_1:Gene	ANT_1_01294	ANT_1_16:45389-45814	ANT_1_01294
prokka_ANT_1/ANT_1:Gene	nupC_1	ANT_1_16:c47045-45861	ANT_1_01295
prokka_ANT_1/ANT_1:Gene	rph	ANT_1_16:47256-47972	ANT_1_01296
prokka_ANT_1/ANT_1:Gene	pyrE	ANT_1_16:48028-48669	ANT_1_01297
prokka_ANT_1/ANT_1:Gene	slmA	ANT_1_16:c49347-48721	ANT_1_01298
prokka_ANT_1/ANT_1:Gene	dut	ANT_1_16:c49892-49434	ANT_1_01299
prokka_ANT_1/ANT_1:Gene	coaBC	ANT_1_16:c51084-49870	ANT_1_01300
prokka_ANT_1/ANT_1:Gene	ANT_1_01301	ANT_1_16:51274-51945	ANT_1_01301
prokka_ANT_1/ANT_1:Gene	rpmB	ANT_1_16:52243-52479	ANT_1_01302
prokka_ANT_1/ANT_1:Gene	rpmG	ANT_1_16:52496-52663	ANT_1_01303
prokka_ANT_1/ANT_1:Gene	mutM	ANT_1_16:52777-53586	ANT_1_01304
prokka_ANT_1/ANT_1:Gene	coaD	ANT_1_16:c54069-53593	ANT_1_01305
prokka_ANT_1/ANT_1:Gene	ANT_1_01306	ANT_1_16:c54842-54066	ANT_1_01306
prokka_ANT_1/ANT_1:Gene	waaA	ANT_1_16:c56117-54843	ANT_1_01307
prokka_ANT_1/ANT_1:Gene	rfaQ_1	ANT_1_16:56569-57591	ANT_1_01308
prokka_ANT_1/ANT_1:Gene	pglJ	ANT_1_16:c58685-57588	ANT_1_01309
prokka_ANT_1/ANT_1:Gene	rfaG	ANT_1_16:c59816-58689	ANT_1_01310
prokka_ANT_1/ANT_1:Gene	rfaQ_2	ANT_1_16:c60766-59813	ANT_1_01311
prokka_ANT_1/ANT_1:Gene	ANT_1_01312	ANT_1_16:61046-62005	ANT_1_01312
prokka_ANT_1/ANT_1:Gene	rfaF_1	ANT_1_16:62007-63098	ANT_1_01313
prokka_ANT_1/ANT_1:Gene	ANT_1_01314	ANT_1_16:c64119-63106	ANT_1_01314
prokka_ANT_1/ANT_1:Gene	rfaL	ANT_1_16:c65348-64116	ANT_1_01315
prokka_ANT_1/ANT_1:Gene	gtfA	ANT_1_16:c66536-65370	ANT_1_01316
prokka_ANT_1/ANT_1:Gene	rfaC	ANT_1_16:c67498-66533	ANT_1_01317
prokka_ANT_1/ANT_1:Gene	rfaF_2	ANT_1_16:c68545-67499	ANT_1_01318
prokka_ANT_1/ANT_1:Gene	hldD	ANT_1_16:c69494-68562	ANT_1_01319
prokka_ANT_1/ANT_1:Gene	kbl	ANT_1_16:69723-70934	ANT_1_01320
prokka_ANT_1/ANT_1:Gene	tdh	ANT_1_16:70931-71959	ANT_1_01321
prokka_ANT_1/ANT_1:Gene	ANT_1_01322	ANT_1_16:c72971-72039	ANT_1_01322
prokka_ANT_1/ANT_1:Gene	envC	ANT_1_16:c74261-72972	ANT_1_01323
prokka_ANT_1/ANT_1:Gene	yibN	ANT_1_16:74632-75063	ANT_1_01324
prokka_ANT_1/ANT_1:Gene	grxC	ANT_1_16:75082-75333	ANT_1_01325
prokka_ANT_1/ANT_1:Gene	secB	ANT_1_16:75416-75877	ANT_1_01326
prokka_ANT_1/ANT_1:Gene	gpsA	ANT_1_16:75877-76896	ANT_1_01327
prokka_ANT_1/ANT_1:Gene	cysE	ANT_1_16:76962-77783	ANT_1_01328
prokka_ANT_1/ANT_1:Gene	trmL_1	ANT_1_16:c78306-77836	ANT_1_01329
prokka_ANT_1/ANT_1:Gene	cpxA	ANT_1_16:c79724-78345	ANT_1_01330
prokka_ANT_1/ANT_1:Gene	cpxR	ANT_1_16:c80422-79721	ANT_1_01331
prokka_ANT_1/ANT_1:Gene	cpxP	ANT_1_16:80575-81084	ANT_1_01332
prokka_ANT_1/ANT_1:Gene	fieF	ANT_1_16:81207-82109	ANT_1_01333
prokka_ANT_1/ANT_1:Gene	pfkA	ANT_1_16:82305-83267	ANT_1_01334
prokka_ANT_1/ANT_1:Gene	sbp	ANT_1_16:83412-84401	ANT_1_01335
prokka_ANT_1/ANT_1:Gene	cdh	ANT_1_16:84587-85342	ANT_1_01336
prokka_ANT_1/ANT_1:Gene	yhjD	ANT_1_16:c86395-85394	ANT_1_01337
prokka_ANT_1/ANT_1:Gene	pgrR_6	ANT_1_16:c87351-86452	ANT_1_01338
prokka_ANT_1/ANT_1:Gene	fabG_3	ANT_1_16:87467-88225	ANT_1_01339
prokka_ANT_1/ANT_1:Gene	phzF	ANT_1_16:c89128-88277	ANT_1_01340
prokka_ANT_1/ANT_1:Gene	gstB_2	ANT_1_16:89241-89864	ANT_1_01341
prokka_ANT_1/ANT_1:Gene	norG_1	ANT_1_16:c91496-89991	ANT_1_01342
prokka_ANT_1/ANT_1:Gene	ANT_1_01343	ANT_1_16:91580-92167	ANT_1_01343
prokka_ANT_1/ANT_1:Gene	mqo_2	ANT_1_16:c93770-92208	ANT_1_01344
prokka_ANT_1/ANT_1:Gene	ANT_1_01345	ANT_1_16:c94549-94094	ANT_1_01345
prokka_ANT_1/ANT_1:Gene	gabR_1	ANT_1_16:94650-96041	ANT_1_01346
prokka_ANT_1/ANT_1:Gene	tpiA	ANT_1_16:c96839-96072	ANT_1_01347
prokka_ANT_1/ANT_1:Gene	ANT_1_01348	ANT_1_16:c97620-96958	ANT_1_01348
prokka_ANT_1/ANT_1:Gene	ANT_1_01349	ANT_1_16:97643-98086	ANT_1_01349
prokka_ANT_1/ANT_1:Gene	fpr	ANT_1_16:c98823-98077	ANT_1_01350
prokka_ANT_1/ANT_1:Gene	emrD	ANT_1_16:99134-100312	ANT_1_01351
prokka_ANT_1/ANT_1:Gene	glpX	ANT_1_16:c101410-100400	ANT_1_01352
prokka_ANT_1/ANT_1:Gene	glpK	ANT_1_16:c103023-101509	ANT_1_01353
prokka_ANT_1/ANT_1:Gene	glpF	ANT_1_16:c103903-103058	ANT_1_01354
prokka_ANT_1/ANT_1:Gene	zapB	ANT_1_16:104350-104589	ANT_1_01355
prokka_ANT_1/ANT_1:Gene	rraA	ANT_1_16:c105149-104664	ANT_1_01356
prokka_ANT_1/ANT_1:Gene	menA	ANT_1_16:c106183-105257	ANT_1_01357
prokka_ANT_1/ANT_1:Gene	hslU	ANT_1_16:c107684-106350	ANT_1_01358
prokka_ANT_1/ANT_1:Gene	hslV	ANT_1_16:c108227-107697	ANT_1_01359
prokka_ANT_1/ANT_1:Gene	ftsN	ANT_1_16:c109280-108318	ANT_1_01360
prokka_ANT_1/ANT_1:Gene	cytR_1	ANT_1_16:c110490-109453	ANT_1_01361
prokka_ANT_1/ANT_1:Gene	priA	ANT_1_16:c112896-110698	ANT_1_01362
prokka_ANT_1/ANT_1:Gene	rpmE	ANT_1_16:113114-113326	ANT_1_01363
prokka_ANT_1/ANT_1:Gene	ANT_1_01364	ANT_1_16:c114474-113386	ANT_1_01364
prokka_ANT_1/ANT_1:Gene	ANT_1_01365	ANT_1_16:114580-115455	ANT_1_01365
prokka_ANT_1/ANT_1:Gene	metJ	ANT_1_16:c115769-115452	ANT_1_01366
prokka_ANT_1/ANT_1:Gene	metB	ANT_1_16:116013-117173	ANT_1_01367
prokka_ANT_1/ANT_1:Gene	metL	ANT_1_16:117176-119611	ANT_1_01368
prokka_ANT_1/ANT_1:Gene	metF	ANT_1_16:119852-120751	ANT_1_01369
prokka_ANT_1/ANT_1:Gene	ppc	ANT_1_16:c123554-120903	ANT_1_01370
prokka_ANT_1/ANT_1:Gene	argE	ANT_1_16:c124951-123800	ANT_1_01371
prokka_ANT_1/ANT_1:Gene	argB	ANT_1_16:125074-125850	ANT_1_01372
prokka_ANT_1/ANT_1:Gene	argG	ANT_1_16:125876-127090	ANT_1_01373
prokka_ANT_1/ANT_1:Gene	argH	ANT_1_16:127184-128557	ANT_1_01374
prokka_ANT_1/ANT_1:Gene	PGdx	ANT_1_16:c129373-128642	ANT_1_01375
prokka_ANT_1/ANT_1:Gene	oxyR_3	ANT_1_16:129508-130428	ANT_1_01376
prokka_ANT_1/ANT_1:Gene	sthA	ANT_1_16:c131811-130411	ANT_1_01377
prokka_ANT_1/ANT_1:Gene	fabR	ANT_1_16:132003-132644	ANT_1_01378
prokka_ANT_1/ANT_1:Gene	yijD	ANT_1_16:132680-133036	ANT_1_01379
prokka_ANT_1/ANT_1:Gene	trmA	ANT_1_16:c134173-133073	ANT_1_01380
prokka_ANT_1/ANT_1:Gene	btuB	ANT_1_16:134546-136432	ANT_1_01381
prokka_ANT_1/ANT_1:Gene	murI	ANT_1_16:136377-137243	ANT_1_01382
prokka_ANT_1/ANT_1:Gene	ANT_1_01383	ANT_1_17:c541-466	ANT_1_01383
prokka_ANT_1/ANT_1:Gene	ANT_1_01384	ANT_1_17:c622-548	ANT_1_01384
prokka_ANT_1/ANT_1:Gene	ANT_1_01385	ANT_1_17:c923-839	ANT_1_01385
prokka_ANT_1/ANT_1:Gene	ANT_1_01386	ANT_1_17:c1019-944	ANT_1_01386
prokka_ANT_1/ANT_1:Gene	coaA	ANT_1_17:1506-2456	ANT_1_01387
prokka_ANT_1/ANT_1:Gene	birA	ANT_1_17:c3446-2484	ANT_1_01388
prokka_ANT_1/ANT_1:Gene	murB	ANT_1_17:c4480-3443	ANT_1_01389
prokka_ANT_1/ANT_1:Gene	ANT_1_01390	ANT_1_17:c4866-4779	ANT_1_01390
prokka_ANT_1/ANT_1:Gene	ANT_1_01391	ANT_1_18:86-1054	ANT_1_01391
prokka_ANT_1/ANT_1:Gene	fliA	ANT_1_18:1222-1944	ANT_1_01392
prokka_ANT_1/ANT_1:Gene	fliZ	ANT_1_18:1988-2491	ANT_1_01393
prokka_ANT_1/ANT_1:Gene	dcyD	ANT_1_18:2576-3553	ANT_1_01394
prokka_ANT_1/ANT_1:Gene	ycfT_1	ANT_1_18:3752-4846	ANT_1_01395
prokka_ANT_1/ANT_1:Gene	ycfT_2	ANT_1_18:5040-6113	ANT_1_01396
prokka_ANT_1/ANT_1:Gene	catD	ANT_1_18:c6912-6157	ANT_1_01397
prokka_ANT_1/ANT_1:Gene	putA	ANT_1_18:c11155-7208	ANT_1_01398
prokka_ANT_1/ANT_1:Gene	putP	ANT_1_18:11599-13083	ANT_1_01399
prokka_ANT_1/ANT_1:Gene	efeU	ANT_1_18:13289-14122	ANT_1_01400
prokka_ANT_1/ANT_1:Gene	efeO	ANT_1_18:14180-15307	ANT_1_01401
prokka_ANT_1/ANT_1:Gene	efeB	ANT_1_18:15314-16597	ANT_1_01402
prokka_ANT_1/ANT_1:Gene	phoH	ANT_1_18:17144-17932	ANT_1_01403
prokka_ANT_1/ANT_1:Gene	nfrA2	ANT_1_18:c18738-17998	ANT_1_01404
prokka_ANT_1/ANT_1:Gene	phnL	ANT_1_19:34-621	ANT_1_01405
prokka_ANT_1/ANT_1:Gene	phnM	ANT_1_19:618-1754	ANT_1_01406
prokka_ANT_1/ANT_1:Gene	phnN	ANT_1_19:1754-2293	ANT_1_01407
prokka_ANT_1/ANT_1:Gene	ANT_1_01408	ANT_1_19:c3832-2345	ANT_1_01408
prokka_ANT_1/ANT_1:Gene	ANT_1_01409	ANT_1_19:c4199-3846	ANT_1_01409
prokka_ANT_1/ANT_1:Gene	adhB_2	ANT_1_19:c5617-4229	ANT_1_01410
prokka_ANT_1/ANT_1:Gene	ANT_1_01411	ANT_1_19:c6498-5824	ANT_1_01411
prokka_ANT_1/ANT_1:Gene	glnQ_2	ANT_1_19:6738-7586	ANT_1_01412
prokka_ANT_1/ANT_1:Gene	phnD	ANT_1_19:7644-8567	ANT_1_01413
prokka_ANT_1/ANT_1:Gene	ANT_1_01414	ANT_1_19:8630-9496	ANT_1_01414
prokka_ANT_1/ANT_1:Gene	ANT_1_01415	ANT_1_19:9496-10380	ANT_1_01415
prokka_ANT_1/ANT_1:Gene	nicS	ANT_1_19:c11073-10435	ANT_1_01416
prokka_ANT_1/ANT_1:Gene	ANT_1_01417	ANT_1_19:c11965-11201	ANT_1_01417
prokka_ANT_1/ANT_1:Gene	rhaS_2	ANT_1_19:c12870-12043	ANT_1_01418
prokka_ANT_1/ANT_1:Gene	melA	ANT_1_19:13117-14421	ANT_1_01419
prokka_ANT_1/ANT_1:Gene	melB	ANT_1_19:14505-15947	ANT_1_01420
prokka_ANT_1/ANT_1:Gene	nikA	ANT_1_19:16292-17815	ANT_1_01421
prokka_ANT_1/ANT_1:Gene	gsiC_2	ANT_1_19:17812-18747	ANT_1_01422
prokka_ANT_1/ANT_1:Gene	nikC	ANT_1_19:18744-19547	ANT_1_01423
prokka_ANT_1/ANT_1:Gene	yejF_2	ANT_1_19:19544-20974	ANT_1_01424
prokka_ANT_1/ANT_1:Gene	ANT_1_01425	ANT_1_19:21128-21475	ANT_1_01425
prokka_ANT_1/ANT_1:Gene	ANT_1_01426	ANT_1_19:c22106-21609	ANT_1_01426
prokka_ANT_1/ANT_1:Gene	ANT_1_01427	ANT_1_19:22316-25792	ANT_1_01427
prokka_ANT_1/ANT_1:Gene	ANT_1_01428	ANT_1_19:25930-28890	ANT_1_01428
prokka_ANT_1/ANT_1:Gene	ANT_1_01429	ANT_1_19:28975-30684	ANT_1_01429
prokka_ANT_1/ANT_1:Gene	ANT_1_01430	ANT_1_19:c31884-30763	ANT_1_01430
prokka_ANT_1/ANT_1:Gene	oxyE	ANT_1_19:c33215-32001	ANT_1_01431
prokka_ANT_1/ANT_1:Gene	ANT_1_01432	ANT_1_19:c34342-33410	ANT_1_01432
prokka_ANT_1/ANT_1:Gene	ribX	ANT_1_19:c35123-34374	ANT_1_01433
prokka_ANT_1/ANT_1:Gene	ssuB_1	ANT_1_19:c35866-35120	ANT_1_01434
prokka_ANT_1/ANT_1:Gene	tenA	ANT_1_19:c36564-35863	ANT_1_01435
prokka_ANT_1/ANT_1:Gene	ANT_1_01436	ANT_1_19:c38857-36920	ANT_1_01436
prokka_ANT_1/ANT_1:Gene	ccpA_1	ANT_1_19:c40243-39290	ANT_1_01437
prokka_ANT_1/ANT_1:Gene	celA_2	ANT_1_19:40539-40853	ANT_1_01438
prokka_ANT_1/ANT_1:Gene	licC_2	ANT_1_19:40865-42199	ANT_1_01439
prokka_ANT_1/ANT_1:Gene	gmuD_1	ANT_1_19:42217-43614	ANT_1_01440
prokka_ANT_1/ANT_1:Gene	chbA_2	ANT_1_19:43607-43909	ANT_1_01441
prokka_ANT_1/ANT_1:Gene	lamB_1	ANT_1_19:44067-45494	ANT_1_01442
prokka_ANT_1/ANT_1:Gene	malK_1	ANT_1_19:c46738-45620	ANT_1_01443
prokka_ANT_1/ANT_1:Gene	cycB	ANT_1_19:47066-48286	ANT_1_01444
prokka_ANT_1/ANT_1:Gene	ANT_1_01445	ANT_1_19:48331-49635	ANT_1_01445
prokka_ANT_1/ANT_1:Gene	araQ_1	ANT_1_19:49645-50496	ANT_1_01446
prokka_ANT_1/ANT_1:Gene	ganB	ANT_1_19:50500-51693	ANT_1_01447
prokka_ANT_1/ANT_1:Gene	bglY	ANT_1_19:51741-53798	ANT_1_01448
prokka_ANT_1/ANT_1:Gene	ANT_1_01449	ANT_1_19:53863-54177	ANT_1_01449
prokka_ANT_1/ANT_1:Gene	lamB_2	ANT_1_19:c55521-54262	ANT_1_01450
prokka_ANT_1/ANT_1:Gene	lacI_1	ANT_1_19:55787-56857	ANT_1_01451
prokka_ANT_1/ANT_1:Gene	ANT_1_01452	ANT_1_20:114-1484	ANT_1_01452
prokka_ANT_1/ANT_1:Gene	barA	ANT_1_20:2594-5320	ANT_1_01453
prokka_ANT_1/ANT_1:Gene	garK	ANT_1_20:c6476-5337	ANT_1_01454
prokka_ANT_1/ANT_1:Gene	ANT_1_01455	ANT_1_20:c7085-6636	ANT_1_01455
prokka_ANT_1/ANT_1:Gene	truC	ANT_1_20:c7886-7098	ANT_1_01456
prokka_ANT_1/ANT_1:Gene	yqcC	ANT_1_20:c8212-7886	ANT_1_01457
prokka_ANT_1/ANT_1:Gene	syd	ANT_1_20:c9373-8822	ANT_1_01458
prokka_ANT_1/ANT_1:Gene	queF	ANT_1_20:9526-10371	ANT_1_01459
prokka_ANT_1/ANT_1:Gene	ppnN	ANT_1_20:10627-11991	ANT_1_01460
prokka_ANT_1/ANT_1:Gene	ygdG	ANT_1_20:12025-12780	ANT_1_01461
prokka_ANT_1/ANT_1:Gene	rlmM	ANT_1_20:c13940-12840	ANT_1_01462
prokka_ANT_1/ANT_1:Gene	ANT_1_01463	ANT_1_20:c14328-13933	ANT_1_01463
prokka_ANT_1/ANT_1:Gene	gcvA_2	ANT_1_20:c15329-14412	ANT_1_01464
prokka_ANT_1/ANT_1:Gene	ygdR_3	ANT_1_20:c15901-15677	ANT_1_01465
prokka_ANT_1/ANT_1:Gene	csdA	ANT_1_20:16123-17328	ANT_1_01466
prokka_ANT_1/ANT_1:Gene	csdE	ANT_1_20:17332-17778	ANT_1_01467
prokka_ANT_1/ANT_1:Gene	ANT_1_01468	ANT_1_20:c18172-17762	ANT_1_01468
prokka_ANT_1/ANT_1:Gene	tcdA	ANT_1_20:c19051-18230	ANT_1_01469
prokka_ANT_1/ANT_1:Gene	mltA	ANT_1_20:c20260-19112	ANT_1_01470
prokka_ANT_1/ANT_1:Gene	ANT_1_01471	ANT_1_20:20466-20542	ANT_1_01471
prokka_ANT_1/ANT_1:Gene	amiC_1	ANT_1_20:c21879-20626	ANT_1_01472
prokka_ANT_1/ANT_1:Gene	argA	ANT_1_20:22111-23466	ANT_1_01473
prokka_ANT_1/ANT_1:Gene	mutS	ANT_1_21:126-2681	ANT_1_01474
prokka_ANT_1/ANT_1:Gene	narI	ANT_1_21:c3414-2737	ANT_1_01475
prokka_ANT_1/ANT_1:Gene	narJ	ANT_1_21:c4143-3418	ANT_1_01476
prokka_ANT_1/ANT_1:Gene	narH	ANT_1_21:c5687-4140	ANT_1_01477
prokka_ANT_1/ANT_1:Gene	narG	ANT_1_21:c9445-5684	ANT_1_01478
prokka_ANT_1/ANT_1:Gene	narK	ANT_1_21:c10870-9482	ANT_1_01479
prokka_ANT_1/ANT_1:Gene	narL_2	ANT_1_21:11178-11873	ANT_1_01480
prokka_ANT_1/ANT_1:Gene	rpoS	ANT_1_21:c12968-11976	ANT_1_01481
prokka_ANT_1/ANT_1:Gene	nlpD	ANT_1_21:c14128-13019	ANT_1_01482
prokka_ANT_1/ANT_1:Gene	pcm	ANT_1_21:c14921-14295	ANT_1_01483
prokka_ANT_1/ANT_1:Gene	surE	ANT_1_21:c15676-14915	ANT_1_01484
prokka_ANT_1/ANT_1:Gene	bvgS_1	ANT_1_21:c19566-15922	ANT_1_01485
prokka_ANT_1/ANT_1:Gene	ANT_1_01486	ANT_1_21:c20179-19541	ANT_1_01486
prokka_ANT_1/ANT_1:Gene	ANT_1_01487	ANT_1_21:c20523-20308	ANT_1_01487
prokka_ANT_1/ANT_1:Gene	glnQ_3	ANT_1_22:c868-74	ANT_1_01488
prokka_ANT_1/ANT_1:Gene	ANT_1_01489	ANT_1_22:c1767-871	ANT_1_01489
prokka_ANT_1/ANT_1:Gene	ANT_1_01490	ANT_1_22:c2278-1754	ANT_1_01490
prokka_ANT_1/ANT_1:Gene	ANT_1_01491	ANT_1_22:c3231-2290	ANT_1_01491
prokka_ANT_1/ANT_1:Gene	scmP_1	ANT_1_22:c4418-3288	ANT_1_01492
prokka_ANT_1/ANT_1:Gene	ANT_1_01493	ANT_1_22:c5428-4430	ANT_1_01493
prokka_ANT_1/ANT_1:Gene	ANT_1_01494	ANT_1_22:5631-5801	ANT_1_01494
prokka_ANT_1/ANT_1:Gene	ANT_1_01495	ANT_1_22:c6532-5810	ANT_1_01495
prokka_ANT_1/ANT_1:Gene	ANT_1_01496	ANT_1_22:c6814-6608	ANT_1_01496
prokka_ANT_1/ANT_1:Gene	arsC_1	ANT_1_22:7089-7523	ANT_1_01497
prokka_ANT_1/ANT_1:Gene	ANT_1_01498	ANT_1_22:c8224-7535	ANT_1_01498
prokka_ANT_1/ANT_1:Gene	ANT_1_01499	ANT_1_22:8268-8867	ANT_1_01499
prokka_ANT_1/ANT_1:Gene	ANT_1_01500	ANT_1_22:8867-9010	ANT_1_01500
prokka_ANT_1/ANT_1:Gene	ANT_1_01501	ANT_1_22:c9632-9024	ANT_1_01501
prokka_ANT_1/ANT_1:Gene	ANT_1_01502	ANT_1_22:9850-9972	ANT_1_01502
prokka_ANT_1/ANT_1:Gene	ANT_1_01503	ANT_1_22:c10321-9947	ANT_1_01503
prokka_ANT_1/ANT_1:Gene	pal_2	ANT_1_23:c2049-334	ANT_1_01504
prokka_ANT_1/ANT_1:Gene	ANT_1_01505	ANT_1_23:c2703-2050	ANT_1_01505
prokka_ANT_1/ANT_1:Gene	ANT_1_01506	ANT_1_23:c4037-2700	ANT_1_01506
prokka_ANT_1/ANT_1:Gene	ANT_1_01507	ANT_1_23:c4259-4053	ANT_1_01507
prokka_ANT_1/ANT_1:Gene	ANT_1_01508	ANT_1_24:163-378	ANT_1_01508
prokka_ANT_1/ANT_1:Gene	pal_3	ANT_1_24:c2055-334	ANT_1_01509
prokka_ANT_1/ANT_1:Gene	ANT_1_01510	ANT_1_24:c2741-2052	ANT_1_01510
prokka_ANT_1/ANT_1:Gene	ANT_1_01511	ANT_1_24:c4078-2738	ANT_1_01511
prokka_ANT_1/ANT_1:Gene	ANT_1_01512	ANT_1_24:c4302-4096	ANT_1_01512
prokka_ANT_1/ANT_1:Gene	trg_1	ANT_1_25:29-211	ANT_1_01513
prokka_ANT_1/ANT_1:Gene	ANT_1_01514	ANT_1_25:c724-260	ANT_1_01514
prokka_ANT_1/ANT_1:Gene	ANT_1_01515	ANT_1_26:4-330	ANT_1_01515
prokka_ANT_1/ANT_1:Gene	ANT_1_01516	ANT_1_26:c1373-594	ANT_1_01516
prokka_ANT_1/ANT_1:Gene	ANT_1_01517	ANT_1_27:c716-51	ANT_1_01517
prokka_ANT_1/ANT_1:Gene	gsiD_2	ANT_1_27:c1720-815	ANT_1_01518
prokka_ANT_1/ANT_1:Gene	gsiC_3	ANT_1_27:c2653-1730	ANT_1_01519
prokka_ANT_1/ANT_1:Gene	gsiB_1	ANT_1_27:c4225-2690	ANT_1_01520
prokka_ANT_1/ANT_1:Gene	gsiA_1	ANT_1_27:c6105-4255	ANT_1_01521
prokka_ANT_1/ANT_1:Gene	iaaA	ANT_1_27:c7046-6105	ANT_1_01522
prokka_ANT_1/ANT_1:Gene	moeA	ANT_1_27:7308-8543	ANT_1_01523
prokka_ANT_1/ANT_1:Gene	moeB	ANT_1_27:8545-9315	ANT_1_01524
prokka_ANT_1/ANT_1:Gene	ANT_1_01525	ANT_1_27:9351-10916	ANT_1_01525
prokka_ANT_1/ANT_1:Gene	ybiT	ANT_1_27:c12566-10974	ANT_1_01526
prokka_ANT_1/ANT_1:Gene	iolT_1	ANT_1_27:c14200-12710	ANT_1_01527
prokka_ANT_1/ANT_1:Gene	oprM_1	ANT_1_27:c16258-14708	ANT_1_01528
prokka_ANT_1/ANT_1:Gene	emrB_1	ANT_1_27:c17828-16260	ANT_1_01529
prokka_ANT_1/ANT_1:Gene	emrA_1	ANT_1_27:c18955-17825	ANT_1_01530
prokka_ANT_1/ANT_1:Gene	ybiR	ANT_1_27:c20178-19063	ANT_1_01531
prokka_ANT_1/ANT_1:Gene	mntR	ANT_1_27:c20756-20304	ANT_1_01532
prokka_ANT_1/ANT_1:Gene	ANT_1_01533	ANT_1_27:20936-21043	ANT_1_01533
prokka_ANT_1/ANT_1:Gene	opgE	ANT_1_27:21273-22853	ANT_1_01534
prokka_ANT_1/ANT_1:Gene	ompX_1	ANT_1_27:c23443-22934	ANT_1_01535
prokka_ANT_1/ANT_1:Gene	rhtA	ANT_1_27:23816-24712	ANT_1_01536
prokka_ANT_1/ANT_1:Gene	dps	ANT_1_27:25076-25582	ANT_1_01537
prokka_ANT_1/ANT_1:Gene	ANT_1_01538	ANT_1_28:c1177-950	ANT_1_01538
prokka_ANT_1/ANT_1:Gene	ANT_1_01539	ANT_1_28:1426-3201	ANT_1_01539
prokka_ANT_1/ANT_1:Gene	ANT_1_01540	ANT_1_28:c3542-3246	ANT_1_01540
prokka_ANT_1/ANT_1:Gene	ANT_1_01541	ANT_1_28:c3735-3508	ANT_1_01541
prokka_ANT_1/ANT_1:Gene	ANT_1_01542	ANT_1_29:3-251	ANT_1_01542
prokka_ANT_1/ANT_1:Gene	ANT_1_01543	ANT_1_29:291-1664	ANT_1_01543
prokka_ANT_1/ANT_1:Gene	ANT_1_01544	ANT_1_29:1732-2085	ANT_1_01544
prokka_ANT_1/ANT_1:Gene	ANT_1_01545	ANT_1_29:c2421-2346	ANT_1_01545
prokka_ANT_1/ANT_1:Gene	ANT_1_01546	ANT_1_29:c3110-2532	ANT_1_01546
prokka_ANT_1/ANT_1:Gene	dsbD_2	ANT_1_29:c4889-3159	ANT_1_01547
prokka_ANT_1/ANT_1:Gene	dcuA	ANT_1_29:c6306-5005	ANT_1_01548
prokka_ANT_1/ANT_1:Gene	aspA	ANT_1_29:c7860-6424	ANT_1_01549
prokka_ANT_1/ANT_1:Gene	ANT_1_01550	ANT_1_29:8227-8688	ANT_1_01550
prokka_ANT_1/ANT_1:Gene	groS	ANT_1_29:8919-9212	ANT_1_01551
prokka_ANT_1/ANT_1:Gene	groL	ANT_1_29:9260-10906	ANT_1_01552
prokka_ANT_1/ANT_1:Gene	yraJ_1	ANT_1_29:c13399-10976	ANT_1_01553
prokka_ANT_1/ANT_1:Gene	ANT_1_01554	ANT_1_29:c14151-13450	ANT_1_01554
prokka_ANT_1/ANT_1:Gene	ANT_1_01555	ANT_1_29:c14884-14219	ANT_1_01555
prokka_ANT_1/ANT_1:Gene	ANT_1_01556	ANT_1_29:c15743-15090	ANT_1_01556
prokka_ANT_1/ANT_1:Gene	ANT_1_01557	ANT_1_29:16113-16457	ANT_1_01557
prokka_ANT_1/ANT_1:Gene	epmB	ANT_1_29:c17568-16540	ANT_1_01558
prokka_ANT_1/ANT_1:Gene	efp	ANT_1_29:17609-18175	ANT_1_01559
prokka_ANT_1/ANT_1:Gene	ANT_1_01560	ANT_1_29:18326-18457	ANT_1_01560
prokka_ANT_1/ANT_1:Gene	blc	ANT_1_29:c19022-18498	ANT_1_01561
prokka_ANT_1/ANT_1:Gene	frdD	ANT_1_29:c19430-19074	ANT_1_01562
prokka_ANT_1/ANT_1:Gene	frdC	ANT_1_29:c19835-19440	ANT_1_01563
prokka_ANT_1/ANT_1:Gene	frdB	ANT_1_29:c20581-19847	ANT_1_01564
prokka_ANT_1/ANT_1:Gene	frdA	ANT_1_29:c22364-20574	ANT_1_01565
prokka_ANT_1/ANT_1:Gene	epmA	ANT_1_29:22614-23591	ANT_1_01566
prokka_ANT_1/ANT_1:Gene	mscM	ANT_1_29:c27055-23720	ANT_1_01567
prokka_ANT_1/ANT_1:Gene	psd	ANT_1_29:c27964-27065	ANT_1_01568
prokka_ANT_1/ANT_1:Gene	rsgA	ANT_1_29:c29219-28161	ANT_1_01569
prokka_ANT_1/ANT_1:Gene	orn	ANT_1_29:29322-29867	ANT_1_01570
prokka_ANT_1/ANT_1:Gene	ANT_1_01571	ANT_1_29:30061-30136	ANT_1_01571
prokka_ANT_1/ANT_1:Gene	ANT_1_01572	ANT_1_29:30167-30242	ANT_1_01572
prokka_ANT_1/ANT_1:Gene	cynR_2	ANT_1_29:c31207-30323	ANT_1_01573
prokka_ANT_1/ANT_1:Gene	guaD_2	ANT_1_29:31316-31786	ANT_1_01574
prokka_ANT_1/ANT_1:Gene	ANT_1_01575	ANT_1_29:31984-32059	ANT_1_01575
prokka_ANT_1/ANT_1:Gene	queG	ANT_1_29:c33513-32374	ANT_1_01576
prokka_ANT_1/ANT_1:Gene	nnr	ANT_1_29:33569-35035	ANT_1_01577
prokka_ANT_1/ANT_1:Gene	tsaE	ANT_1_29:35032-35508	ANT_1_01578
prokka_ANT_1/ANT_1:Gene	ANT_1_01579	ANT_1_29:35505-37166	ANT_1_01579
prokka_ANT_1/ANT_1:Gene	mutL	ANT_1_29:37259-39115	ANT_1_01580
prokka_ANT_1/ANT_1:Gene	miaA	ANT_1_29:39153-40058	ANT_1_01581
prokka_ANT_1/ANT_1:Gene	hfq	ANT_1_29:40160-40477	ANT_1_01582
prokka_ANT_1/ANT_1:Gene	hflX	ANT_1_29:40710-41993	ANT_1_01583
prokka_ANT_1/ANT_1:Gene	hflK	ANT_1_29:42048-43310	ANT_1_01584
prokka_ANT_1/ANT_1:Gene	hflC	ANT_1_29:43314-44318	ANT_1_01585
prokka_ANT_1/ANT_1:Gene	ANT_1_01586	ANT_1_29:44403-44603	ANT_1_01586
prokka_ANT_1/ANT_1:Gene	purA	ANT_1_29:44735-46033	ANT_1_01587
prokka_ANT_1/ANT_1:Gene	nsrR	ANT_1_29:46220-46663	ANT_1_01588
prokka_ANT_1/ANT_1:Gene	rnr	ANT_1_29:46680-49124	ANT_1_01589
prokka_ANT_1/ANT_1:Gene	rlmB	ANT_1_29:49322-50059	ANT_1_01590
prokka_ANT_1/ANT_1:Gene	bsmA	ANT_1_29:c50426-50118	ANT_1_01591
prokka_ANT_1/ANT_1:Gene	ANT_1_01592	ANT_1_29:c52407-50470	ANT_1_01592
prokka_ANT_1/ANT_1:Gene	ANT_1_01593	ANT_1_29:52607-53356	ANT_1_01593
prokka_ANT_1/ANT_1:Gene	rpsF	ANT_1_29:53622-54017	ANT_1_01594
prokka_ANT_1/ANT_1:Gene	priB	ANT_1_29:54024-54341	ANT_1_01595
prokka_ANT_1/ANT_1:Gene	rpsR	ANT_1_29:54346-54573	ANT_1_01596
prokka_ANT_1/ANT_1:Gene	rplI	ANT_1_29:54613-55065	ANT_1_01597
prokka_ANT_1/ANT_1:Gene	ANT_1_01598	ANT_1_29:c55779-55120	ANT_1_01598
prokka_ANT_1/ANT_1:Gene	fklB	ANT_1_29:56015-56635	ANT_1_01599
prokka_ANT_1/ANT_1:Gene	cpdB	ANT_1_29:c58616-56682	ANT_1_01600
prokka_ANT_1/ANT_1:Gene	cysQ	ANT_1_29:58960-59706	ANT_1_01601
prokka_ANT_1/ANT_1:Gene	ytfJ_2	ANT_1_29:c60313-59756	ANT_1_01602
prokka_ANT_1/ANT_1:Gene	ANT_1_01603	ANT_1_29:60631-60837	ANT_1_01603
prokka_ANT_1/ANT_1:Gene	ANT_1_01604	ANT_1_29:c62242-60908	ANT_1_01604
prokka_ANT_1/ANT_1:Gene	tamA	ANT_1_29:62801-64540	ANT_1_01605
prokka_ANT_1/ANT_1:Gene	tamB	ANT_1_29:64537-68310	ANT_1_01606
prokka_ANT_1/ANT_1:Gene	ytfP	ANT_1_29:68313-68657	ANT_1_01607
prokka_ANT_1/ANT_1:Gene	ppa	ANT_1_29:c69297-68767	ANT_1_01608
prokka_ANT_1/ANT_1:Gene	tsr_3	ANT_1_29:69709-71274	ANT_1_01609
prokka_ANT_1/ANT_1:Gene	fbp	ANT_1_29:c72375-71377	ANT_1_01610
prokka_ANT_1/ANT_1:Gene	mpl	ANT_1_29:72543-73895	ANT_1_01611
prokka_ANT_1/ANT_1:Gene	ANT_1_01612	ANT_1_29:c74527-73982	ANT_1_01612
prokka_ANT_1/ANT_1:Gene	pmbA	ANT_1_29:74802-76142	ANT_1_01613
prokka_ANT_1/ANT_1:Gene	cybC	ANT_1_29:76238-76624	ANT_1_01614
prokka_ANT_1/ANT_1:Gene	ANT_1_01615	ANT_1_29:76898-77266	ANT_1_01615
prokka_ANT_1/ANT_1:Gene	ANT_1_01616	ANT_1_29:77317-77676	ANT_1_01616
prokka_ANT_1/ANT_1:Gene	ANT_1_01617	ANT_1_29:77676-77972	ANT_1_01617
prokka_ANT_1/ANT_1:Gene	ANT_1_01618	ANT_1_29:78009-78785	ANT_1_01618
prokka_ANT_1/ANT_1:Gene	ANT_1_01619	ANT_1_29:78799-79443	ANT_1_01619
prokka_ANT_1/ANT_1:Gene	ANT_1_01620	ANT_1_29:79489-80622	ANT_1_01620
prokka_ANT_1/ANT_1:Gene	dgaE_1	ANT_1_29:80606-81736	ANT_1_01621
prokka_ANT_1/ANT_1:Gene	dgaF_1	ANT_1_29:81739-82479	ANT_1_01622
prokka_ANT_1/ANT_1:Gene	ANT_1_01623	ANT_1_29:c84240-82993	ANT_1_01623
prokka_ANT_1/ANT_1:Gene	gmhB	ANT_1_30:c778-218	ANT_1_01624
prokka_ANT_1/ANT_1:Gene	metN_2	ANT_1_30:967-1998	ANT_1_01625
prokka_ANT_1/ANT_1:Gene	metI_2	ANT_1_30:1991-2644	ANT_1_01626
prokka_ANT_1/ANT_1:Gene	metQ_2	ANT_1_30:2681-3496	ANT_1_01627
prokka_ANT_1/ANT_1:Gene	rcsF_1	ANT_1_30:3634-4038	ANT_1_01628
prokka_ANT_1/ANT_1:Gene	rcsF_2	ANT_1_30:4241-4636	ANT_1_01629
prokka_ANT_1/ANT_1:Gene	trmO	ANT_1_30:4636-5343	ANT_1_01630
prokka_ANT_1/ANT_1:Gene	proS	ANT_1_30:5435-7153	ANT_1_01631
prokka_ANT_1/ANT_1:Gene	htpX_2	ANT_1_30:c9082-7238	ANT_1_01632
prokka_ANT_1/ANT_1:Gene	nlpE	ANT_1_30:c9841-9431	ANT_1_01633
prokka_ANT_1/ANT_1:Gene	arfB	ANT_1_30:c10276-9860	ANT_1_01634
prokka_ANT_1/ANT_1:Gene	yaeQ	ANT_1_30:c10827-10273	ANT_1_01635
prokka_ANT_1/ANT_1:Gene	rof	ANT_1_30:11147-11413	ANT_1_01636
prokka_ANT_1/ANT_1:Gene	ANT_1_01637	ANT_1_30:c11764-11453	ANT_1_01637
prokka_ANT_1/ANT_1:Gene	tilS	ANT_1_30:c13088-11787	ANT_1_01638
prokka_ANT_1/ANT_1:Gene	ANT_1_01639	ANT_1_30:c13537-13142	ANT_1_01639
prokka_ANT_1/ANT_1:Gene	ldcC	ANT_1_30:c15767-13617	ANT_1_01640
prokka_ANT_1/ANT_1:Gene	ANT_1_01641	ANT_1_30:c16565-15837	ANT_1_01641
prokka_ANT_1/ANT_1:Gene	accA	ANT_1_30:c17645-16686	ANT_1_01642
prokka_ANT_1/ANT_1:Gene	dnaE	ANT_1_30:c21140-17658	ANT_1_01643
prokka_ANT_1/ANT_1:Gene	rnhB	ANT_1_30:c21794-21171	ANT_1_01644
prokka_ANT_1/ANT_1:Gene	lpxB	ANT_1_30:c22936-21791	ANT_1_01645
prokka_ANT_1/ANT_1:Gene	lpxA	ANT_1_30:c23728-22940	ANT_1_01646
prokka_ANT_1/ANT_1:Gene	fabZ	ANT_1_30:c24187-23732	ANT_1_01647
prokka_ANT_1/ANT_1:Gene	lpxD	ANT_1_30:c25356-24334	ANT_1_01648
prokka_ANT_1/ANT_1:Gene	skp	ANT_1_30:c25857-25360	ANT_1_01649
prokka_ANT_1/ANT_1:Gene	bamA	ANT_1_30:c28382-25977	ANT_1_01650
prokka_ANT_1/ANT_1:Gene	rseP	ANT_1_30:c29787-28438	ANT_1_01651
prokka_ANT_1/ANT_1:Gene	cdsA	ANT_1_30:c30654-29797	ANT_1_01652
prokka_ANT_1/ANT_1:Gene	ispU	ANT_1_30:c31425-30673	ANT_1_01653
prokka_ANT_1/ANT_1:Gene	dxr	ANT_1_30:c32834-31620	ANT_1_01654
prokka_ANT_1/ANT_1:Gene	frr	ANT_1_30:c33592-32969	ANT_1_01655
prokka_ANT_1/ANT_1:Gene	pyrH	ANT_1_30:c34505-33780	ANT_1_01656
prokka_ANT_1/ANT_1:Gene	tsf	ANT_1_30:c35512-34661	ANT_1_01657
prokka_ANT_1/ANT_1:Gene	rpsB	ANT_1_30:c36497-35772	ANT_1_01658
prokka_ANT_1/ANT_1:Gene	map_1	ANT_1_30:36871-37662	ANT_1_01659
prokka_ANT_1/ANT_1:Gene	glnD	ANT_1_30:37778-40435	ANT_1_01660
prokka_ANT_1/ANT_1:Gene	dapD	ANT_1_30:40531-41355	ANT_1_01661
prokka_ANT_1/ANT_1:Gene	ANT_1_01662	ANT_1_30:41576-41968	ANT_1_01662
prokka_ANT_1/ANT_1:Gene	degP	ANT_1_30:c43509-42064	ANT_1_01663
prokka_ANT_1/ANT_1:Gene	dgt	ANT_1_30:c45162-43657	ANT_1_01664
prokka_ANT_1/ANT_1:Gene	mtnN	ANT_1_30:45225-45980	ANT_1_01665
prokka_ANT_1/ANT_1:Gene	btuF_2	ANT_1_30:45973-46785	ANT_1_01666
prokka_ANT_1/ANT_1:Gene	ANT_1_01667	ANT_1_30:46906-47160	ANT_1_01667
prokka_ANT_1/ANT_1:Gene	erpA	ANT_1_30:c47623-47279	ANT_1_01668
prokka_ANT_1/ANT_1:Gene	clcA	ANT_1_30:c49134-47713	ANT_1_01669
prokka_ANT_1/ANT_1:Gene	hemL	ANT_1_30:49304-50584	ANT_1_01670
prokka_ANT_1/ANT_1:Gene	fhuB	ANT_1_30:c52750-50771	ANT_1_01671
prokka_ANT_1/ANT_1:Gene	fhuD	ANT_1_30:c53628-52747	ANT_1_01672
prokka_ANT_1/ANT_1:Gene	fhuC	ANT_1_30:c54486-53644	ANT_1_01673
prokka_ANT_1/ANT_1:Gene	fhuA_1	ANT_1_30:c56700-54487	ANT_1_01674
prokka_ANT_1/ANT_1:Gene	phoC_1	ANT_1_30:c57819-57076	ANT_1_01675
prokka_ANT_1/ANT_1:Gene	mrcB	ANT_1_30:c60605-58056	ANT_1_01676
prokka_ANT_1/ANT_1:Gene	argP_1	ANT_1_30:c61751-60780	ANT_1_01677
prokka_ANT_1/ANT_1:Gene	hpyO	ANT_1_30:61921-63384	ANT_1_01678
prokka_ANT_1/ANT_1:Gene	ANT_1_01679	ANT_1_30:63381-63863	ANT_1_01679
prokka_ANT_1/ANT_1:Gene	ANT_1_01680	ANT_1_30:63860-64429	ANT_1_01680
prokka_ANT_1/ANT_1:Gene	tcyN	ANT_1_30:64465-65205	ANT_1_01681
prokka_ANT_1/ANT_1:Gene	tcyJ	ANT_1_30:65220-66050	ANT_1_01682
prokka_ANT_1/ANT_1:Gene	yxeN_1	ANT_1_30:66121-66828	ANT_1_01683
prokka_ANT_1/ANT_1:Gene	yxeN_2	ANT_1_30:66847-67539	ANT_1_01684
prokka_ANT_1/ANT_1:Gene	hrpB	ANT_1_30:c70017-67567	ANT_1_01685
prokka_ANT_1/ANT_1:Gene	thpR	ANT_1_30:70094-70621	ANT_1_01686
prokka_ANT_1/ANT_1:Gene	sfsA	ANT_1_30:70631-71335	ANT_1_01687
prokka_ANT_1/ANT_1:Gene	dksA	ANT_1_30:71610-72065	ANT_1_01688
prokka_ANT_1/ANT_1:Gene	gluQ	ANT_1_30:72148-73056	ANT_1_01689
prokka_ANT_1/ANT_1:Gene	pcnB	ANT_1_30:73199-74536	ANT_1_01690
prokka_ANT_1/ANT_1:Gene	folK	ANT_1_30:74533-75012	ANT_1_01691
prokka_ANT_1/ANT_1:Gene	panB	ANT_1_30:75092-75886	ANT_1_01692
prokka_ANT_1/ANT_1:Gene	panC	ANT_1_30:75902-76756	ANT_1_01693
prokka_ANT_1/ANT_1:Gene	panD	ANT_1_30:76822-77202	ANT_1_01694
prokka_ANT_1/ANT_1:Gene	yadH	ANT_1_30:c78064-77294	ANT_1_01695
prokka_ANT_1/ANT_1:Gene	yadG	ANT_1_30:c78987-78061	ANT_1_01696
prokka_ANT_1/ANT_1:Gene	can_2	ANT_1_30:79027-79758	ANT_1_01697
prokka_ANT_1/ANT_1:Gene	hpt	ANT_1_30:c80409-79873	ANT_1_01698
prokka_ANT_1/ANT_1:Gene	mdeA	ANT_1_30:80662-81939	ANT_1_01699
prokka_ANT_1/ANT_1:Gene	cueO	ANT_1_30:c83744-82218	ANT_1_01700
prokka_ANT_1/ANT_1:Gene	ANT_1_01701	ANT_1_30:84035-84382	ANT_1_01701
prokka_ANT_1/ANT_1:Gene	speE_2	ANT_1_30:84482-85339	ANT_1_01702
prokka_ANT_1/ANT_1:Gene	speD	ANT_1_30:85366-86175	ANT_1_01703
prokka_ANT_1/ANT_1:Gene	ANT_1_01704	ANT_1_30:c86597-86235	ANT_1_01704
prokka_ANT_1/ANT_1:Gene	acnB	ANT_1_30:c89516-86763	ANT_1_01705
prokka_ANT_1/ANT_1:Gene	cspG	ANT_1_30:c90080-89868	ANT_1_01706
prokka_ANT_1/ANT_1:Gene	caiD	ANT_1_30:91398-92180	ANT_1_01707
prokka_ANT_1/ANT_1:Gene	ANT_1_01708	ANT_1_30:c93393-92188	ANT_1_01708
prokka_ANT_1/ANT_1:Gene	menE_1	ANT_1_30:c94867-93356	ANT_1_01709
prokka_ANT_1/ANT_1:Gene	ANT_1_01710	ANT_1_30:c95304-94873	ANT_1_01710
prokka_ANT_1/ANT_1:Gene	ANT_1_01711	ANT_1_30:95351-96337	ANT_1_01711
prokka_ANT_1/ANT_1:Gene	bioY	ANT_1_30:c96942-96403	ANT_1_01712
prokka_ANT_1/ANT_1:Gene	bioN	ANT_1_30:c97586-96942	ANT_1_01713
prokka_ANT_1/ANT_1:Gene	bioM	ANT_1_30:c98257-97583	ANT_1_01714
prokka_ANT_1/ANT_1:Gene	fabG_4	ANT_1_30:c98975-98271	ANT_1_01715
prokka_ANT_1/ANT_1:Gene	lpdA	ANT_1_30:c100534-99107	ANT_1_01716
prokka_ANT_1/ANT_1:Gene	aceF	ANT_1_30:c102327-100729	ANT_1_01717
prokka_ANT_1/ANT_1:Gene	aceE	ANT_1_30:c105005-102342	ANT_1_01718
prokka_ANT_1/ANT_1:Gene	pdhR	ANT_1_30:c105914-105150	ANT_1_01719
prokka_ANT_1/ANT_1:Gene	aroP	ANT_1_30:106388-107743	ANT_1_01720
prokka_ANT_1/ANT_1:Gene	yicJ	ANT_1_30:107914-109329	ANT_1_01721
prokka_ANT_1/ANT_1:Gene	ANT_1_01722	ANT_1_30:109326-110300	ANT_1_01722
prokka_ANT_1/ANT_1:Gene	ampE	ANT_1_30:c111125-110271	ANT_1_01723
prokka_ANT_1/ANT_1:Gene	ampD	ANT_1_30:c111679-111122	ANT_1_01724
prokka_ANT_1/ANT_1:Gene	ANT_1_01725	ANT_1_30:111942-112499	ANT_1_01725
prokka_ANT_1/ANT_1:Gene	sigK	ANT_1_30:112622-113167	ANT_1_01726
prokka_ANT_1/ANT_1:Gene	ANT_1_01727	ANT_1_30:113164-113823	ANT_1_01727
prokka_ANT_1/ANT_1:Gene	hdfR_1	ANT_1_30:c114724-113810	ANT_1_01728
prokka_ANT_1/ANT_1:Gene	ANT_1_01729	ANT_1_30:114829-115149	ANT_1_01729
prokka_ANT_1/ANT_1:Gene	ANT_1_01730	ANT_1_30:115153-115539	ANT_1_01730
prokka_ANT_1/ANT_1:Gene	nadC	ANT_1_30:115632-116522	ANT_1_01731
prokka_ANT_1/ANT_1:Gene	ANT_1_01732	ANT_1_30:116766-117209	ANT_1_01732
prokka_ANT_1/ANT_1:Gene	gspE	ANT_1_30:117206-118606	ANT_1_01733
prokka_ANT_1/ANT_1:Gene	gspF	ANT_1_30:118599-119798	ANT_1_01734
prokka_ANT_1/ANT_1:Gene	guaC	ANT_1_30:c120890-119850	ANT_1_01735
prokka_ANT_1/ANT_1:Gene	coaE	ANT_1_30:121139-121750	ANT_1_01736
prokka_ANT_1/ANT_1:Gene	zapD	ANT_1_30:121755-122498	ANT_1_01737
prokka_ANT_1/ANT_1:Gene	yacG	ANT_1_30:122508-122711	ANT_1_01738
prokka_ANT_1/ANT_1:Gene	mutT	ANT_1_30:c123129-122722	ANT_1_01739
prokka_ANT_1/ANT_1:Gene	ANT_1_01740	ANT_1_30:124060-124533	ANT_1_01740
prokka_ANT_1/ANT_1:Gene	ANT_1_01741	ANT_1_30:124558-125055	ANT_1_01741
prokka_ANT_1/ANT_1:Gene	pulD	ANT_1_30:125078-127012	ANT_1_01742
prokka_ANT_1/ANT_1:Gene	epsE	ANT_1_30:127012-128466	ANT_1_01743
prokka_ANT_1/ANT_1:Gene	epsF	ANT_1_30:128468-129667	ANT_1_01744
prokka_ANT_1/ANT_1:Gene	pulG	ANT_1_30:129674-130126	ANT_1_01745
prokka_ANT_1/ANT_1:Gene	ANT_1_01746	ANT_1_30:130126-130611	ANT_1_01746
prokka_ANT_1/ANT_1:Gene	xcpV	ANT_1_30:130608-130970	ANT_1_01747
prokka_ANT_1/ANT_1:Gene	xcpW	ANT_1_30:130970-131530	ANT_1_01748
prokka_ANT_1/ANT_1:Gene	gspK_1	ANT_1_30:131530-132423	ANT_1_01749
prokka_ANT_1/ANT_1:Gene	ANT_1_01750	ANT_1_30:132429-133484	ANT_1_01750
prokka_ANT_1/ANT_1:Gene	ANT_1_01751	ANT_1_30:133481-133921	ANT_1_01751
prokka_ANT_1/ANT_1:Gene	gbpA	ANT_1_30:134145-135575	ANT_1_01752
prokka_ANT_1/ANT_1:Gene	outO	ANT_1_30:135930-136715	ANT_1_01753
prokka_ANT_1/ANT_1:Gene	pulS	ANT_1_30:c137074-136703	ANT_1_01754
prokka_ANT_1/ANT_1:Gene	secA	ANT_1_30:c139924-137219	ANT_1_01755
prokka_ANT_1/ANT_1:Gene	secM	ANT_1_30:c140502-139996	ANT_1_01756
prokka_ANT_1/ANT_1:Gene	ANT_1_01757	ANT_1_30:140524-141039	ANT_1_01757
prokka_ANT_1/ANT_1:Gene	lpxC	ANT_1_30:c141965-141048	ANT_1_01758
prokka_ANT_1/ANT_1:Gene	ftsZ	ANT_1_30:c143223-142069	ANT_1_01759
prokka_ANT_1/ANT_1:Gene	ftsA	ANT_1_30:c144554-143298	ANT_1_01760
prokka_ANT_1/ANT_1:Gene	ftsQ	ANT_1_30:c145396-144551	ANT_1_01761
prokka_ANT_1/ANT_1:Gene	ddlB	ANT_1_30:c146318-145398	ANT_1_01762
prokka_ANT_1/ANT_1:Gene	murC	ANT_1_30:c147786-146311	ANT_1_01763
prokka_ANT_1/ANT_1:Gene	murG	ANT_1_30:c148903-147863	ANT_1_01764
prokka_ANT_1/ANT_1:Gene	ftsW	ANT_1_30:c150136-148925	ANT_1_01765
prokka_ANT_1/ANT_1:Gene	murD	ANT_1_30:c151449-150133	ANT_1_01766
prokka_ANT_1/ANT_1:Gene	mraY	ANT_1_30:c152534-151452	ANT_1_01767
prokka_ANT_1/ANT_1:Gene	murF	ANT_1_30:c153889-152528	ANT_1_01768
prokka_ANT_1/ANT_1:Gene	murE	ANT_1_30:c155373-153886	ANT_1_01769
prokka_ANT_1/ANT_1:Gene	ftsI_1	ANT_1_30:c157126-155360	ANT_1_01770
prokka_ANT_1/ANT_1:Gene	ftsL	ANT_1_30:c157462-157142	ANT_1_01771
prokka_ANT_1/ANT_1:Gene	rsmH	ANT_1_30:c158400-157459	ANT_1_01772
prokka_ANT_1/ANT_1:Gene	mraZ	ANT_1_30:c158861-158403	ANT_1_01773
prokka_ANT_1/ANT_1:Gene	cra_2	ANT_1_30:c160389-159379	ANT_1_01774
prokka_ANT_1/ANT_1:Gene	ilvH	ANT_1_30:c161043-160552	ANT_1_01775
prokka_ANT_1/ANT_1:Gene	ilvI	ANT_1_30:c162770-161046	ANT_1_01776
prokka_ANT_1/ANT_1:Gene	leuA_2	ANT_1_30:163427-164995	ANT_1_01777
prokka_ANT_1/ANT_1:Gene	leuB	ANT_1_30:164996-166084	ANT_1_01778
prokka_ANT_1/ANT_1:Gene	leuC_1	ANT_1_30:166087-167484	ANT_1_01779
prokka_ANT_1/ANT_1:Gene	leuD1	ANT_1_30:167494-168099	ANT_1_01780
prokka_ANT_1/ANT_1:Gene	setA	ANT_1_30:c169340-168159	ANT_1_01781
prokka_ANT_1/ANT_1:Gene	sgrR_1	ANT_1_30:169597-171258	ANT_1_01782
prokka_ANT_1/ANT_1:Gene	thiB	ANT_1_30:171463-172449	ANT_1_01783
prokka_ANT_1/ANT_1:Gene	ANT_1_01784	ANT_1_30:172425-174035	ANT_1_01784
prokka_ANT_1/ANT_1:Gene	thiQ	ANT_1_30:174019-174735	ANT_1_01785
prokka_ANT_1/ANT_1:Gene	yabI	ANT_1_30:c175473-174712	ANT_1_01786
prokka_ANT_1/ANT_1:Gene	polB	ANT_1_30:175632-177995	ANT_1_01787
prokka_ANT_1/ANT_1:Gene	rapA_1	ANT_1_30:178138-181044	ANT_1_01788
prokka_ANT_1/ANT_1:Gene	rluA_1	ANT_1_30:181045-181704	ANT_1_01789
prokka_ANT_1/ANT_1:Gene	djlA	ANT_1_30:c182586-181765	ANT_1_01790
prokka_ANT_1/ANT_1:Gene	lptD	ANT_1_30:182854-185235	ANT_1_01791
prokka_ANT_1/ANT_1:Gene	surA	ANT_1_30:185290-186585	ANT_1_01792
prokka_ANT_1/ANT_1:Gene	pdxA	ANT_1_30:186575-187567	ANT_1_01793
prokka_ANT_1/ANT_1:Gene	rsmA	ANT_1_30:187560-188381	ANT_1_01794
prokka_ANT_1/ANT_1:Gene	apaG	ANT_1_30:188384-188761	ANT_1_01795
prokka_ANT_1/ANT_1:Gene	apaH	ANT_1_30:188777-189604	ANT_1_01796
prokka_ANT_1/ANT_1:Gene	folA	ANT_1_30:c190116-189634	ANT_1_01797
prokka_ANT_1/ANT_1:Gene	rhtC_2	ANT_1_30:190307-190921	ANT_1_01798
prokka_ANT_1/ANT_1:Gene	phoC_2	ANT_1_30:c191739-190999	ANT_1_01799
prokka_ANT_1/ANT_1:Gene	carB_2	ANT_1_30:c195190-191966	ANT_1_01800
prokka_ANT_1/ANT_1:Gene	carA	ANT_1_30:c196345-195209	ANT_1_01801
prokka_ANT_1/ANT_1:Gene	dapB	ANT_1_30:c197636-196815	ANT_1_01802
prokka_ANT_1/ANT_1:Gene	ispH	ANT_1_30:c198895-197942	ANT_1_01803
prokka_ANT_1/ANT_1:Gene	fkpB	ANT_1_30:c199346-198876	ANT_1_01804
prokka_ANT_1/ANT_1:Gene	lspA	ANT_1_30:c199859-199350	ANT_1_01805
prokka_ANT_1/ANT_1:Gene	ileS	ANT_1_30:c202672-199856	ANT_1_01806
prokka_ANT_1/ANT_1:Gene	ribF	ANT_1_30:c203647-202709	ANT_1_01807
prokka_ANT_1/ANT_1:Gene	rpsT	ANT_1_30:203964-204227	ANT_1_01808
prokka_ANT_1/ANT_1:Gene	nhaR	ANT_1_30:c205253-204363	ANT_1_01809
prokka_ANT_1/ANT_1:Gene	nhaA	ANT_1_30:c206438-205278	ANT_1_01810
prokka_ANT_1/ANT_1:Gene	ANT_1_01811	ANT_1_30:c206948-206658	ANT_1_01811
prokka_ANT_1/ANT_1:Gene	dnaJ	ANT_1_30:c208291-207152	ANT_1_01812
prokka_ANT_1/ANT_1:Gene	dnaK_1	ANT_1_30:c210312-208399	ANT_1_01813
prokka_ANT_1/ANT_1:Gene	proP_4	ANT_1_30:c211853-210549	ANT_1_01814
prokka_ANT_1/ANT_1:Gene	mog	ANT_1_30:c212568-211981	ANT_1_01815
prokka_ANT_1/ANT_1:Gene	talB	ANT_1_30:c213737-212784	ANT_1_01816
prokka_ANT_1/ANT_1:Gene	yaaA	ANT_1_30:213996-214772	ANT_1_01817
prokka_ANT_1/ANT_1:Gene	thrC	ANT_1_30:c216152-214866	ANT_1_01818
prokka_ANT_1/ANT_1:Gene	thrB	ANT_1_30:c217085-216156	ANT_1_01819
prokka_ANT_1/ANT_1:Gene	thrA	ANT_1_30:c219550-217088	ANT_1_01820
prokka_ANT_1/ANT_1:Gene	trmL_2	ANT_1_30:c220594-219908	ANT_1_01821
prokka_ANT_1/ANT_1:Gene	ANT_1_01822	ANT_1_30:220610-220843	ANT_1_01822
prokka_ANT_1/ANT_1:Gene	arcA_1	ANT_1_30:221288-222004	ANT_1_01823
prokka_ANT_1/ANT_1:Gene	ANT_1_01824	ANT_1_30:c222525-222049	ANT_1_01824
prokka_ANT_1/ANT_1:Gene	rob_2	ANT_1_30:222732-223607	ANT_1_01825
prokka_ANT_1/ANT_1:Gene	cobC	ANT_1_30:c224308-223661	ANT_1_01826
prokka_ANT_1/ANT_1:Gene	yjjX	ANT_1_30:224359-224910	ANT_1_01827
prokka_ANT_1/ANT_1:Gene	trpR	ANT_1_30:c225228-224896	ANT_1_01828
prokka_ANT_1/ANT_1:Gene	slt	ANT_1_30:c227242-225320	ANT_1_01829
prokka_ANT_1/ANT_1:Gene	atzF	ANT_1_30:227564-229363	ANT_1_01830
prokka_ANT_1/ANT_1:Gene	ANT_1_01831	ANT_1_30:229356-232973	ANT_1_01831
prokka_ANT_1/ANT_1:Gene	lgoR	ANT_1_30:232976-233677	ANT_1_01832
prokka_ANT_1/ANT_1:Gene	amiC_2	ANT_1_30:233695-234963	ANT_1_01833
prokka_ANT_1/ANT_1:Gene	ANT_1_01834	ANT_1_30:235035-236594	ANT_1_01834
prokka_ANT_1/ANT_1:Gene	ANT_1_01835	ANT_1_30:236594-237670	ANT_1_01835
prokka_ANT_1/ANT_1:Gene	lptB_2	ANT_1_30:237663-238454	ANT_1_01836
prokka_ANT_1/ANT_1:Gene	livF_2	ANT_1_30:238456-239154	ANT_1_01837
prokka_ANT_1/ANT_1:Gene	deoR	ANT_1_30:239301-240044	ANT_1_01838
prokka_ANT_1/ANT_1:Gene	ghrB	ANT_1_30:c241019-240075	ANT_1_01839
prokka_ANT_1/ANT_1:Gene	ettA	ANT_1_30:241226-242893	ANT_1_01840
prokka_ANT_1/ANT_1:Gene	dmlR_3	ANT_1_30:c243947-243054	ANT_1_01841
prokka_ANT_1/ANT_1:Gene	ANT_1_01842	ANT_1_30:244047-245048	ANT_1_01842
prokka_ANT_1/ANT_1:Gene	hxuB	ANT_1_30:c246784-245066	ANT_1_01843
prokka_ANT_1/ANT_1:Gene	ANT_1_01844	ANT_1_30:c249646-246887	ANT_1_01844
prokka_ANT_1/ANT_1:Gene	nadR	ANT_1_30:c251416-250172	ANT_1_01845
prokka_ANT_1/ANT_1:Gene	radA	ANT_1_30:c252812-251430	ANT_1_01846
prokka_ANT_1/ANT_1:Gene	serB	ANT_1_30:c253799-252822	ANT_1_01847
prokka_ANT_1/ANT_1:Gene	ytjB	ANT_1_30:253934-254623	ANT_1_01848
prokka_ANT_1/ANT_1:Gene	ANT_1_01849	ANT_1_30:254666-255145	ANT_1_01849
prokka_ANT_1/ANT_1:Gene	deoD	ANT_1_30:c256012-255293	ANT_1_01850
prokka_ANT_1/ANT_1:Gene	deoB	ANT_1_30:c257275-256052	ANT_1_01851
prokka_ANT_1/ANT_1:Gene	deoA	ANT_1_30:c258661-257342	ANT_1_01852
prokka_ANT_1/ANT_1:Gene	deoC	ANT_1_30:c259504-258725	ANT_1_01853
prokka_ANT_1/ANT_1:Gene	yjjV	ANT_1_30:c260556-259780	ANT_1_01854
prokka_ANT_1/ANT_1:Gene	ANT_1_01855	ANT_1_30:c261608-260553	ANT_1_01855
prokka_ANT_1/ANT_1:Gene	ANT_1_01856	ANT_1_30:c261865-261704	ANT_1_01856
prokka_ANT_1/ANT_1:Gene	osmY_2	ANT_1_30:c262607-261993	ANT_1_01857
prokka_ANT_1/ANT_1:Gene	prfC	ANT_1_30:c264455-262884	ANT_1_01858
prokka_ANT_1/ANT_1:Gene	tag_1	ANT_1_30:c265281-264643	ANT_1_01859
prokka_ANT_1/ANT_1:Gene	yghU	ANT_1_30:265426-266277	ANT_1_01860
prokka_ANT_1/ANT_1:Gene	yjjG	ANT_1_30:c267040-266360	ANT_1_01861
prokka_ANT_1/ANT_1:Gene	rimI	ANT_1_30:c267498-267055	ANT_1_01862
prokka_ANT_1/ANT_1:Gene	holD	ANT_1_30:c267880-267461	ANT_1_01863
prokka_ANT_1/ANT_1:Gene	rsmC	ANT_1_30:268023-269051	ANT_1_01864
prokka_ANT_1/ANT_1:Gene	ANT_1_01865	ANT_1_30:269217-269303	ANT_1_01865
prokka_ANT_1/ANT_1:Gene	ANT_1_01866	ANT_1_30:269337-269423	ANT_1_01866
prokka_ANT_1/ANT_1:Gene	ANT_1_01867	ANT_1_30:269458-269544	ANT_1_01867
prokka_ANT_1/ANT_1:Gene	ANT_1_01868	ANT_1_30:c269891-269655	ANT_1_01868
prokka_ANT_1/ANT_1:Gene	ANT_1_01869	ANT_1_30:270154-271251	ANT_1_01869
prokka_ANT_1/ANT_1:Gene	ANT_1_01870	ANT_1_30:271468-271941	ANT_1_01870
prokka_ANT_1/ANT_1:Gene	yjhB_1	ANT_1_30:c273231-272026	ANT_1_01871
prokka_ANT_1/ANT_1:Gene	ANT_1_01872	ANT_1_30:c273838-273401	ANT_1_01872
prokka_ANT_1/ANT_1:Gene	ANT_1_01873	ANT_1_30:c274513-273950	ANT_1_01873
prokka_ANT_1/ANT_1:Gene	ANT_1_01874	ANT_1_30:c274889-274527	ANT_1_01874
prokka_ANT_1/ANT_1:Gene	ANT_1_01875	ANT_1_30:c275473-274886	ANT_1_01875
prokka_ANT_1/ANT_1:Gene	ANT_1_01876	ANT_1_30:c275783-275496	ANT_1_01876
prokka_ANT_1/ANT_1:Gene	cdiA_1	ANT_1_30:c283551-275773	ANT_1_01877
prokka_ANT_1/ANT_1:Gene	ANT_1_01878	ANT_1_30:c284089-283571	ANT_1_01878
prokka_ANT_1/ANT_1:Gene	shlB_1	ANT_1_30:c285794-284091	ANT_1_01879
prokka_ANT_1/ANT_1:Gene	ANT_1_01880	ANT_1_30:286092-286637	ANT_1_01880
prokka_ANT_1/ANT_1:Gene	ANT_1_01881	ANT_1_30:286702-288126	ANT_1_01881
prokka_ANT_1/ANT_1:Gene	rihA	ANT_1_30:c289434-288436	ANT_1_01882
prokka_ANT_1/ANT_1:Gene	ccpA_2	ANT_1_30:c290463-289447	ANT_1_01883
prokka_ANT_1/ANT_1:Gene	ydfJ	ANT_1_30:c291965-290571	ANT_1_01884
prokka_ANT_1/ANT_1:Gene	ANT_1_01885	ANT_1_30:292543-293097	ANT_1_01885
prokka_ANT_1/ANT_1:Gene	ANT_1_01886	ANT_1_30:293349-293425	ANT_1_01886
prokka_ANT_1/ANT_1:Gene	ANT_1_01887	ANT_1_31:c688-530	ANT_1_01887
prokka_ANT_1/ANT_1:Gene	symE_2	ANT_1_31:902-1090	ANT_1_01888
prokka_ANT_1/ANT_1:Gene	ANT_1_01889	ANT_1_31:c1628-1413	ANT_1_01889
prokka_ANT_1/ANT_1:Gene	ANT_1_01890	ANT_1_31:1630-1845	ANT_1_01890
prokka_ANT_1/ANT_1:Gene	cdiA_2	ANT_1_31:c2364-1999	ANT_1_01891
prokka_ANT_1/ANT_1:Gene	ANT_1_01892	ANT_1_31:c2949-2686	ANT_1_01892
prokka_ANT_1/ANT_1:Gene	ANT_1_01893	ANT_1_31:c3815-2946	ANT_1_01893
prokka_ANT_1/ANT_1:Gene	yliI	ANT_1_32:845-1957	ANT_1_01894
prokka_ANT_1/ANT_1:Gene	ANT_1_01895	ANT_1_32:c2653-1997	ANT_1_01895
prokka_ANT_1/ANT_1:Gene	dacC	ANT_1_32:2928-4133	ANT_1_01896
prokka_ANT_1/ANT_1:Gene	sdaC	ANT_1_32:c5458-4175	ANT_1_01897
prokka_ANT_1/ANT_1:Gene	ybjG	ANT_1_32:c6632-6027	ANT_1_01898
prokka_ANT_1/ANT_1:Gene	ANT_1_01899	ANT_1_32:c7372-6635	ANT_1_01899
prokka_ANT_1/ANT_1:Gene	aspT	ANT_1_32:c9278-7590	ANT_1_01900
prokka_ANT_1/ANT_1:Gene	ybjM	ANT_1_32:9577-9963	ANT_1_01901
prokka_ANT_1/ANT_1:Gene	grxA	ANT_1_32:c10295-10032	ANT_1_01902
prokka_ANT_1/ANT_1:Gene	ANT_1_01903	ANT_1_32:10500-10787	ANT_1_01903
prokka_ANT_1/ANT_1:Gene	nfsA	ANT_1_32:10771-11493	ANT_1_01904
prokka_ANT_1/ANT_1:Gene	rimK	ANT_1_32:11518-12420	ANT_1_01905
prokka_ANT_1/ANT_1:Gene	yceI_1	ANT_1_32:12540-13127	ANT_1_01906
prokka_ANT_1/ANT_1:Gene	ybjN	ANT_1_32:13228-13707	ANT_1_01907
prokka_ANT_1/ANT_1:Gene	potF	ANT_1_32:14167-15273	ANT_1_01908
prokka_ANT_1/ANT_1:Gene	potA_2	ANT_1_32:15396-16535	ANT_1_01909
prokka_ANT_1/ANT_1:Gene	potH	ANT_1_32:16538-17500	ANT_1_01910
prokka_ANT_1/ANT_1:Gene	ydcV	ANT_1_32:17497-18342	ANT_1_01911
prokka_ANT_1/ANT_1:Gene	scmP_2	ANT_1_32:c19763-18660	ANT_1_01912
prokka_ANT_1/ANT_1:Gene	ybjO	ANT_1_32:20029-20502	ANT_1_01913
prokka_ANT_1/ANT_1:Gene	rlmC	ANT_1_32:20558-21685	ANT_1_01914
prokka_ANT_1/ANT_1:Gene	artJ	ANT_1_32:c22466-21735	ANT_1_01915
prokka_ANT_1/ANT_1:Gene	artM	ANT_1_32:c23272-22604	ANT_1_01916
prokka_ANT_1/ANT_1:Gene	artQ	ANT_1_32:c23988-23272	ANT_1_01917
prokka_ANT_1/ANT_1:Gene	artI	ANT_1_32:c24723-23992	ANT_1_01918
prokka_ANT_1/ANT_1:Gene	artP	ANT_1_32:c25518-24739	ANT_1_01919
prokka_ANT_1/ANT_1:Gene	ybjP	ANT_1_32:c26211-25681	ANT_1_01920
prokka_ANT_1/ANT_1:Gene	ANT_1_01921	ANT_1_32:26310-26633	ANT_1_01921
prokka_ANT_1/ANT_1:Gene	amiD	ANT_1_32:26633-27475	ANT_1_01922
prokka_ANT_1/ANT_1:Gene	ltaE	ANT_1_32:c28481-27477	ANT_1_01923
prokka_ANT_1/ANT_1:Gene	poxB	ANT_1_32:c30266-28545	ANT_1_01924
prokka_ANT_1/ANT_1:Gene	hcr	ANT_1_32:c31378-30398	ANT_1_01925
prokka_ANT_1/ANT_1:Gene	hcp	ANT_1_32:c33007-31382	ANT_1_01926
prokka_ANT_1/ANT_1:Gene	ANT_1_01927	ANT_1_32:33234-34901	ANT_1_01927
prokka_ANT_1/ANT_1:Gene	cspD	ANT_1_32:c35281-35054	ANT_1_01928
prokka_ANT_1/ANT_1:Gene	clpS	ANT_1_32:35604-35924	ANT_1_01929
prokka_ANT_1/ANT_1:Gene	clpA	ANT_1_32:35953-38232	ANT_1_01930
prokka_ANT_1/ANT_1:Gene	ANT_1_01931	ANT_1_32:c39091-38291	ANT_1_01931
prokka_ANT_1/ANT_1:Gene	ANT_1_01932	ANT_1_32:c41711-39126	ANT_1_01932
prokka_ANT_1/ANT_1:Gene	infA	ANT_1_32:c42126-41908	ANT_1_01933
prokka_ANT_1/ANT_1:Gene	aat	ANT_1_32:c43181-42489	ANT_1_01934
prokka_ANT_1/ANT_1:Gene	ANT_1_01935	ANT_1_32:c44944-43214	ANT_1_01935
prokka_ANT_1/ANT_1:Gene	cydD	ANT_1_32:c46710-44941	ANT_1_01936
prokka_ANT_1/ANT_1:Gene	trxB	ANT_1_32:c47823-46858	ANT_1_01937
prokka_ANT_1/ANT_1:Gene	lrp_1	ANT_1_32:48352-48846	ANT_1_01938
prokka_ANT_1/ANT_1:Gene	ANT_1_01939	ANT_1_32:48966-52325	ANT_1_01939
prokka_ANT_1/ANT_1:Gene	lolA_1	ANT_1_32:52522-53133	ANT_1_01940
prokka_ANT_1/ANT_1:Gene	rarA	ANT_1_32:53141-54484	ANT_1_01941
prokka_ANT_1/ANT_1:Gene	serS	ANT_1_32:54581-55873	ANT_1_01942
prokka_ANT_1/ANT_1:Gene	ycaD_2	ANT_1_32:56122-57315	ANT_1_01943
prokka_ANT_1/ANT_1:Gene	pflA	ANT_1_32:c58115-57375	ANT_1_01944
prokka_ANT_1/ANT_1:Gene	pflB	ANT_1_32:c60538-58256	ANT_1_01945
prokka_ANT_1/ANT_1:Gene	focA_1	ANT_1_32:c61486-60629	ANT_1_01946
prokka_ANT_1/ANT_1:Gene	ycaO	ANT_1_32:c63611-61854	ANT_1_01947
prokka_ANT_1/ANT_1:Gene	serC	ANT_1_32:63921-65006	ANT_1_01948
prokka_ANT_1/ANT_1:Gene	aroA_1	ANT_1_32:65096-66382	ANT_1_01949
prokka_ANT_1/ANT_1:Gene	cmk	ANT_1_32:66505-67188	ANT_1_01950
prokka_ANT_1/ANT_1:Gene	rpsA	ANT_1_32:67342-69018	ANT_1_01951
prokka_ANT_1/ANT_1:Gene	ihfB	ANT_1_32:69099-69386	ANT_1_01952
prokka_ANT_1/ANT_1:Gene	comEC	ANT_1_32:69604-71868	ANT_1_01953
prokka_ANT_1/ANT_1:Gene	msbA	ANT_1_32:71904-73652	ANT_1_01954
prokka_ANT_1/ANT_1:Gene	lpxK	ANT_1_32:73649-74653	ANT_1_01955
prokka_ANT_1/ANT_1:Gene	ANT_1_01956	ANT_1_32:74716-75924	ANT_1_01956
prokka_ANT_1/ANT_1:Gene	ANT_1_01957	ANT_1_32:76021-76203	ANT_1_01957
prokka_ANT_1/ANT_1:Gene	kdsB	ANT_1_32:76200-76946	ANT_1_01958
prokka_ANT_1/ANT_1:Gene	ANT_1_01959	ANT_1_32:77057-77950	ANT_1_01959
prokka_ANT_1/ANT_1:Gene	ANT_1_01960	ANT_1_32:c78715-77927	ANT_1_01960
prokka_ANT_1/ANT_1:Gene	cmoM	ANT_1_32:78952-79737	ANT_1_01961
prokka_ANT_1/ANT_1:Gene	mukF	ANT_1_32:79734-81056	ANT_1_01962
prokka_ANT_1/ANT_1:Gene	mukE	ANT_1_32:81037-81762	ANT_1_01963
prokka_ANT_1/ANT_1:Gene	mukB	ANT_1_32:81763-86211	ANT_1_01964
prokka_ANT_1/ANT_1:Gene	ycbB	ANT_1_32:86389-88242	ANT_1_01965
prokka_ANT_1/ANT_1:Gene	ANT_1_01966	ANT_1_32:88431-88979	ANT_1_01966
prokka_ANT_1/ANT_1:Gene	gloC	ANT_1_32:89022-89651	ANT_1_01967
prokka_ANT_1/ANT_1:Gene	aspC	ANT_1_32:c90896-89706	ANT_1_01968
prokka_ANT_1/ANT_1:Gene	ompD	ANT_1_32:c92176-91085	ANT_1_01969
prokka_ANT_1/ANT_1:Gene	asnS	ANT_1_32:c93877-92477	ANT_1_01970
prokka_ANT_1/ANT_1:Gene	pncB	ANT_1_32:c95252-94047	ANT_1_01971
prokka_ANT_1/ANT_1:Gene	pepN	ANT_1_32:95517-98132	ANT_1_01972
prokka_ANT_1/ANT_1:Gene	ssuB_2	ANT_1_32:c98973-98185	ANT_1_01973
prokka_ANT_1/ANT_1:Gene	ssuC_2	ANT_1_32:c99761-98970	ANT_1_01974
prokka_ANT_1/ANT_1:Gene	ssuD	ANT_1_32:c100916-99771	ANT_1_01975
prokka_ANT_1/ANT_1:Gene	ssuA_2	ANT_1_32:c101894-100932	ANT_1_01976
prokka_ANT_1/ANT_1:Gene	ssuE	ANT_1_32:c102457-101906	ANT_1_01977
prokka_ANT_1/ANT_1:Gene	pyrD	ANT_1_32:102715-103725	ANT_1_01978
prokka_ANT_1/ANT_1:Gene	zapC	ANT_1_32:103911-104456	ANT_1_01979
prokka_ANT_1/ANT_1:Gene	ycbX	ANT_1_32:c105581-104472	ANT_1_01980
prokka_ANT_1/ANT_1:Gene	rlmL	ANT_1_32:105667-107832	ANT_1_01981
prokka_ANT_1/ANT_1:Gene	uup	ANT_1_32:107839-109752	ANT_1_01982
prokka_ANT_1/ANT_1:Gene	pqiA	ANT_1_32:109785-111059	ANT_1_01983
prokka_ANT_1/ANT_1:Gene	pqiB	ANT_1_32:111046-112686	ANT_1_01984
prokka_ANT_1/ANT_1:Gene	pqiC	ANT_1_32:112686-113246	ANT_1_01985
prokka_ANT_1/ANT_1:Gene	fabA	ANT_1_32:c114287-113769	ANT_1_01986
prokka_ANT_1/ANT_1:Gene	lon_1	ANT_1_32:c116161-114356	ANT_1_01987
prokka_ANT_1/ANT_1:Gene	matP	ANT_1_32:116303-116758	ANT_1_01988
prokka_ANT_1/ANT_1:Gene	ompA	ANT_1_32:c117919-116852	ANT_1_01989
prokka_ANT_1/ANT_1:Gene	sulA	ANT_1_32:c118774-118268	ANT_1_01990
prokka_ANT_1/ANT_1:Gene	ANT_1_01991	ANT_1_32:c119675-118845	ANT_1_01991
prokka_ANT_1/ANT_1:Gene	sxy	ANT_1_32:120576-121205	ANT_1_01992
prokka_ANT_1/ANT_1:Gene	yccS	ANT_1_32:c123331-121202	ANT_1_01993
prokka_ANT_1/ANT_1:Gene	yccF	ANT_1_32:c123799-123353	ANT_1_01994
prokka_ANT_1/ANT_1:Gene	helD	ANT_1_32:123937-125991	ANT_1_01995
prokka_ANT_1/ANT_1:Gene	mgsA	ANT_1_32:c126466-126008	ANT_1_01996
prokka_ANT_1/ANT_1:Gene	ANT_1_01997	ANT_1_32:c127187-126546	ANT_1_01997
prokka_ANT_1/ANT_1:Gene	yccU	ANT_1_32:127374-127787	ANT_1_01998
prokka_ANT_1/ANT_1:Gene	hspQ	ANT_1_32:c128133-127816	ANT_1_01999
prokka_ANT_1/ANT_1:Gene	rlmI	ANT_1_32:c129385-128195	ANT_1_02000
prokka_ANT_1/ANT_1:Gene	yccX	ANT_1_32:129474-129752	ANT_1_02001
prokka_ANT_1/ANT_1:Gene	tusE	ANT_1_32:c130082-129756	ANT_1_02002
prokka_ANT_1/ANT_1:Gene	yccA	ANT_1_32:c130843-130187	ANT_1_02003
prokka_ANT_1/ANT_1:Gene	ANT_1_02004	ANT_1_32:131072-131159	ANT_1_02004
prokka_ANT_1/ANT_1:Gene	ANT_1_02005	ANT_1_32:131402-131489	ANT_1_02005
prokka_ANT_1/ANT_1:Gene	ANT_1_02006	ANT_1_32:131858-133465	ANT_1_02006
prokka_ANT_1/ANT_1:Gene	sad_1	ANT_1_32:c134958-133585	ANT_1_02007
prokka_ANT_1/ANT_1:Gene	yccJ	ANT_1_32:c135354-135124	ANT_1_02008
prokka_ANT_1/ANT_1:Gene	ANT_1_02009	ANT_1_32:135675-135863	ANT_1_02009
prokka_ANT_1/ANT_1:Gene	ANT_1_02010	ANT_1_32:135982-136887	ANT_1_02010
prokka_ANT_1/ANT_1:Gene	rutG	ANT_1_32:c138248-136920	ANT_1_02011
prokka_ANT_1/ANT_1:Gene	rutF	ANT_1_32:c138824-138300	ANT_1_02012
prokka_ANT_1/ANT_1:Gene	rutE	ANT_1_32:c139424-138834	ANT_1_02013
prokka_ANT_1/ANT_1:Gene	rutD	ANT_1_32:c140233-139409	ANT_1_02014
prokka_ANT_1/ANT_1:Gene	rutC_2	ANT_1_32:c140630-140244	ANT_1_02015
prokka_ANT_1/ANT_1:Gene	rutB_1	ANT_1_32:c141403-140657	ANT_1_02016
prokka_ANT_1/ANT_1:Gene	rutA	ANT_1_32:c142494-141403	ANT_1_02017
prokka_ANT_1/ANT_1:Gene	rutR	ANT_1_32:142802-143449	ANT_1_02018
prokka_ANT_1/ANT_1:Gene	ANT_1_02019	ANT_1_32:143479-144459	ANT_1_02019
prokka_ANT_1/ANT_1:Gene	cycA_2	ANT_1_32:c145888-144494	ANT_1_02020
prokka_ANT_1/ANT_1:Gene	ANT_1_02021	ANT_1_32:146089-146787	ANT_1_02021
prokka_ANT_1/ANT_1:Gene	sdiA	ANT_1_32:147608-148330	ANT_1_02022
prokka_ANT_1/ANT_1:Gene	ANT_1_02023	ANT_1_32:148460-149080	ANT_1_02023
prokka_ANT_1/ANT_1:Gene	ydgC	ANT_1_32:c149429-149088	ANT_1_02024
prokka_ANT_1/ANT_1:Gene	ANT_1_02025	ANT_1_32:c149738-149514	ANT_1_02025
prokka_ANT_1/ANT_1:Gene	uvrY	ANT_1_32:150047-150706	ANT_1_02026
prokka_ANT_1/ANT_1:Gene	uvrC	ANT_1_32:150699-152531	ANT_1_02027
prokka_ANT_1/ANT_1:Gene	pgsA	ANT_1_32:152603-153151	ANT_1_02028
prokka_ANT_1/ANT_1:Gene	ANT_1_02029	ANT_1_32:153326-153401	ANT_1_02029
prokka_ANT_1/ANT_1:Gene	ANT_1_02030	ANT_1_32:153448-153521	ANT_1_02030
prokka_ANT_1/ANT_1:Gene	ANT_1_02031	ANT_1_32:153534-153619	ANT_1_02031
prokka_ANT_1/ANT_1:Gene	ANT_1_02032	ANT_1_33:5-529	ANT_1_02032
prokka_ANT_1/ANT_1:Gene	ANT_1_02033	ANT_1_33:548-1525	ANT_1_02033
prokka_ANT_1/ANT_1:Gene	ANT_1_02034	ANT_1_33:1500-2024	ANT_1_02034
prokka_ANT_1/ANT_1:Gene	ANT_1_02035	ANT_1_33:2027-3253	ANT_1_02035
prokka_ANT_1/ANT_1:Gene	ANT_1_02036	ANT_1_33:3442-3699	ANT_1_02036
prokka_ANT_1/ANT_1:Gene	ANT_1_02037	ANT_1_33:3913-4221	ANT_1_02037
prokka_ANT_1/ANT_1:Gene	ANT_1_02038	ANT_1_33:4323-4517	ANT_1_02038
prokka_ANT_1/ANT_1:Gene	ANT_1_02039	ANT_1_33:4492-7977	ANT_1_02039
prokka_ANT_1/ANT_1:Gene	ANT_1_02040	ANT_1_33:7964-8299	ANT_1_02040
prokka_ANT_1/ANT_1:Gene	ANT_1_02041	ANT_1_33:8327-8605	ANT_1_02041
prokka_ANT_1/ANT_1:Gene	ANT_1_02042	ANT_1_33:8704-10458	ANT_1_02042
prokka_ANT_1/ANT_1:Gene	ANT_1_02043	ANT_1_33:10422-11507	ANT_1_02043
prokka_ANT_1/ANT_1:Gene	ANT_1_02044	ANT_1_33:11485-12030	ANT_1_02044
prokka_ANT_1/ANT_1:Gene	ANT_1_02045	ANT_1_33:12030-12485	ANT_1_02045
prokka_ANT_1/ANT_1:Gene	dapL	ANT_1_33:c13737-12559	ANT_1_02046
prokka_ANT_1/ANT_1:Gene	metQ_3	ANT_1_33:13959-14765	ANT_1_02047
prokka_ANT_1/ANT_1:Gene	metN_3	ANT_1_33:14774-15787	ANT_1_02048
prokka_ANT_1/ANT_1:Gene	metI_3	ANT_1_33:15780-16448	ANT_1_02049
prokka_ANT_1/ANT_1:Gene	dmsA	ANT_1_33:16471-18804	ANT_1_02050
prokka_ANT_1/ANT_1:Gene	gldA	ANT_1_33:18829-19899	ANT_1_02051
prokka_ANT_1/ANT_1:Gene	ANT_1_02052	ANT_1_33:c20095-20020	ANT_1_02052
prokka_ANT_1/ANT_1:Gene	ANT_1_02053	ANT_1_33:20371-21603	ANT_1_02053
prokka_ANT_1/ANT_1:Gene	ANT_1_02054	ANT_1_33:21632-22186	ANT_1_02054
prokka_ANT_1/ANT_1:Gene	ANT_1_02055	ANT_1_33:22203-22601	ANT_1_02055
prokka_ANT_1/ANT_1:Gene	ANT_1_02056	ANT_1_33:22598-23323	ANT_1_02056
prokka_ANT_1/ANT_1:Gene	speC	ANT_1_33:23677-25818	ANT_1_02057
prokka_ANT_1/ANT_1:Gene	ANT_1_02058	ANT_1_33:c26533-25919	ANT_1_02058
prokka_ANT_1/ANT_1:Gene	ANT_1_02059	ANT_1_33:26846-28066	ANT_1_02059
prokka_ANT_1/ANT_1:Gene	ANT_1_02060	ANT_1_33:28069-28899	ANT_1_02060
prokka_ANT_1/ANT_1:Gene	ANT_1_02061	ANT_1_33:29045-29320	ANT_1_02061
prokka_ANT_1/ANT_1:Gene	ANT_1_02062	ANT_1_33:29317-29679	ANT_1_02062
prokka_ANT_1/ANT_1:Gene	mltC	ANT_1_33:c30828-29731	ANT_1_02063
prokka_ANT_1/ANT_1:Gene	yggX	ANT_1_33:c31135-30863	ANT_1_02064
prokka_ANT_1/ANT_1:Gene	mutY	ANT_1_33:c32220-31135	ANT_1_02065
prokka_ANT_1/ANT_1:Gene	trmB	ANT_1_33:32468-33187	ANT_1_02066
prokka_ANT_1/ANT_1:Gene	ANT_1_02067	ANT_1_33:33187-33513	ANT_1_02067
prokka_ANT_1/ANT_1:Gene	ANT_1_02068	ANT_1_34:520-675	ANT_1_02068
prokka_ANT_1/ANT_1:Gene	ANT_1_02069	ANT_1_34:620-1171	ANT_1_02069
prokka_ANT_1/ANT_1:Gene	ANT_1_02070	ANT_1_34:c1449-1204	ANT_1_02070
prokka_ANT_1/ANT_1:Gene	ANT_1_02071	ANT_1_34:1672-2421	ANT_1_02071
prokka_ANT_1/ANT_1:Gene	kdgK_1	ANT_1_34:2425-3378	ANT_1_02072
prokka_ANT_1/ANT_1:Gene	ttuB_1	ANT_1_34:3451-4737	ANT_1_02073
prokka_ANT_1/ANT_1:Gene	tkrA	ANT_1_34:4824-5789	ANT_1_02074
prokka_ANT_1/ANT_1:Gene	ANT_1_02075	ANT_1_34:c7102-5894	ANT_1_02075
prokka_ANT_1/ANT_1:Gene	avtA	ANT_1_34:7477-8733	ANT_1_02076
prokka_ANT_1/ANT_1:Gene	ibpA	ANT_1_34:c9195-8773	ANT_1_02077
prokka_ANT_1/ANT_1:Gene	ANT_1_02078	ANT_1_34:9481-9864	ANT_1_02078
prokka_ANT_1/ANT_1:Gene	tolB_2	ANT_1_34:c11113-9845	ANT_1_02079
prokka_ANT_1/ANT_1:Gene	yidA	ANT_1_34:c12008-11199	ANT_1_02080
prokka_ANT_1/ANT_1:Gene	gyrB	ANT_1_34:c14688-12280	ANT_1_02081
prokka_ANT_1/ANT_1:Gene	recF	ANT_1_34:c15791-14706	ANT_1_02082
prokka_ANT_1/ANT_1:Gene	dnaN	ANT_1_34:c16988-15888	ANT_1_02083
prokka_ANT_1/ANT_1:Gene	dnaA	ANT_1_34:c18382-16991	ANT_1_02084
prokka_ANT_1/ANT_1:Gene	rnpA	ANT_1_34:19210-19536	ANT_1_02085
prokka_ANT_1/ANT_1:Gene	yidD	ANT_1_34:19500-19742	ANT_1_02086
prokka_ANT_1/ANT_1:Gene	yidC	ANT_1_34:19761-21407	ANT_1_02087
prokka_ANT_1/ANT_1:Gene	mnmE	ANT_1_34:21549-22913	ANT_1_02088
prokka_ANT_1/ANT_1:Gene	ANT_1_02089	ANT_1_34:23070-23813	ANT_1_02089
prokka_ANT_1/ANT_1:Gene	adeP	ANT_1_34:c25168-23855	ANT_1_02090
prokka_ANT_1/ANT_1:Gene	ANT_1_02091	ANT_1_34:25170-25298	ANT_1_02091
prokka_ANT_1/ANT_1:Gene	yieH	ANT_1_34:25415-26080	ANT_1_02092
prokka_ANT_1/ANT_1:Gene	yjhB_2	ANT_1_34:c27413-26175	ANT_1_02093
prokka_ANT_1/ANT_1:Gene	phoU	ANT_1_34:c28275-27538	ANT_1_02094
prokka_ANT_1/ANT_1:Gene	pstB	ANT_1_34:c29060-28293	ANT_1_02095
prokka_ANT_1/ANT_1:Gene	pstA	ANT_1_34:c29991-29104	ANT_1_02096
prokka_ANT_1/ANT_1:Gene	pstC	ANT_1_34:c30950-29988	ANT_1_02097
prokka_ANT_1/ANT_1:Gene	pstS_1	ANT_1_34:c32092-31052	ANT_1_02098
prokka_ANT_1/ANT_1:Gene	xylB	ANT_1_34:32509-33624	ANT_1_02099
prokka_ANT_1/ANT_1:Gene	dmlR_4	ANT_1_34:c34622-33702	ANT_1_02100
prokka_ANT_1/ANT_1:Gene	hsrA_1	ANT_1_34:34732-36114	ANT_1_02101
prokka_ANT_1/ANT_1:Gene	ANT_1_02102	ANT_1_34:36111-36488	ANT_1_02102
prokka_ANT_1/ANT_1:Gene	glmS	ANT_1_34:c38388-36556	ANT_1_02103
prokka_ANT_1/ANT_1:Gene	glmU	ANT_1_34:c39952-38579	ANT_1_02104
prokka_ANT_1/ANT_1:Gene	atpC	ANT_1_34:c40531-40118	ANT_1_02105
prokka_ANT_1/ANT_1:Gene	atpD	ANT_1_34:c41944-40562	ANT_1_02106
prokka_ANT_1/ANT_1:Gene	atpG	ANT_1_34:c42846-41977	ANT_1_02107
prokka_ANT_1/ANT_1:Gene	atpA	ANT_1_34:c44442-42901	ANT_1_02108
prokka_ANT_1/ANT_1:Gene	atpH	ANT_1_34:c44990-44457	ANT_1_02109
prokka_ANT_1/ANT_1:Gene	atpF	ANT_1_34:c45472-45002	ANT_1_02110
prokka_ANT_1/ANT_1:Gene	atpE	ANT_1_34:c45811-45572	ANT_1_02111
prokka_ANT_1/ANT_1:Gene	atpB	ANT_1_34:c46676-45861	ANT_1_02112
prokka_ANT_1/ANT_1:Gene	atpI	ANT_1_34:c47068-46685	ANT_1_02113
prokka_ANT_1/ANT_1:Gene	rsmG	ANT_1_34:c48513-47893	ANT_1_02114
prokka_ANT_1/ANT_1:Gene	mnmG	ANT_1_34:c50476-48587	ANT_1_02115
prokka_ANT_1/ANT_1:Gene	mioC	ANT_1_34:c51383-50943	ANT_1_02116
prokka_ANT_1/ANT_1:Gene	asnC	ANT_1_34:c51990-51529	ANT_1_02117
prokka_ANT_1/ANT_1:Gene	egtB	ANT_1_34:c54252-52114	ANT_1_02118
prokka_ANT_1/ANT_1:Gene	viaA	ANT_1_34:c55809-54349	ANT_1_02119
prokka_ANT_1/ANT_1:Gene	ravA	ANT_1_34:c57305-55806	ANT_1_02120
prokka_ANT_1/ANT_1:Gene	kup	ANT_1_34:57558-59426	ANT_1_02121
prokka_ANT_1/ANT_1:Gene	qseC	ANT_1_34:c60838-59498	ANT_1_02122
prokka_ANT_1/ANT_1:Gene	qseB	ANT_1_34:c61500-60838	ANT_1_02123
prokka_ANT_1/ANT_1:Gene	ygiW	ANT_1_34:61713-62114	ANT_1_02124
prokka_ANT_1/ANT_1:Gene	catM_2	ANT_1_34:c62992-62111	ANT_1_02125
prokka_ANT_1/ANT_1:Gene	budA	ANT_1_34:63096-63878	ANT_1_02126
prokka_ANT_1/ANT_1:Gene	budB	ANT_1_34:63896-65575	ANT_1_02127
prokka_ANT_1/ANT_1:Gene	ANT_1_02128	ANT_1_34:65802-66095	ANT_1_02128
prokka_ANT_1/ANT_1:Gene	ANT_1_02129	ANT_1_34:c67765-66152	ANT_1_02129
prokka_ANT_1/ANT_1:Gene	rbsD	ANT_1_34:68079-68498	ANT_1_02130
prokka_ANT_1/ANT_1:Gene	rbsA_2	ANT_1_34:68506-70017	ANT_1_02131
prokka_ANT_1/ANT_1:Gene	rbsC_2	ANT_1_34:70014-70982	ANT_1_02132
prokka_ANT_1/ANT_1:Gene	rbsB_2	ANT_1_34:71010-71891	ANT_1_02133
prokka_ANT_1/ANT_1:Gene	rbsK_1	ANT_1_34:71953-72882	ANT_1_02134
prokka_ANT_1/ANT_1:Gene	rbsR_1	ANT_1_34:72885-73886	ANT_1_02135
prokka_ANT_1/ANT_1:Gene	hsrA_2	ANT_1_34:c75283-73883	ANT_1_02136
prokka_ANT_1/ANT_1:Gene	ANT_1_02137	ANT_1_35:c2417-456	ANT_1_02137
prokka_ANT_1/ANT_1:Gene	ANT_1_02138	ANT_1_35:c4386-3007	ANT_1_02138
prokka_ANT_1/ANT_1:Gene	ANT_1_02139	ANT_1_35:c4856-4563	ANT_1_02139
prokka_ANT_1/ANT_1:Gene	btuD_5	ANT_1_36:119-1186	ANT_1_02140
prokka_ANT_1/ANT_1:Gene	ANT_1_02141	ANT_1_36:1219-2196	ANT_1_02141
prokka_ANT_1/ANT_1:Gene	ANT_1_02142	ANT_1_36:2201-3937	ANT_1_02142
prokka_ANT_1/ANT_1:Gene	ANT_1_02143	ANT_1_36:4033-5298	ANT_1_02143
prokka_ANT_1/ANT_1:Gene	abgT	ANT_1_36:c6912-5389	ANT_1_02144
prokka_ANT_1/ANT_1:Gene	abgB	ANT_1_36:c8459-7011	ANT_1_02145
prokka_ANT_1/ANT_1:Gene	iaaH	ANT_1_36:c9775-8459	ANT_1_02146
prokka_ANT_1/ANT_1:Gene	tsaR	ANT_1_36:9894-10790	ANT_1_02147
prokka_ANT_1/ANT_1:Gene	ANT_1_02148	ANT_1_36:10925-12025	ANT_1_02148
prokka_ANT_1/ANT_1:Gene	ANT_1_02149	ANT_1_36:12172-13305	ANT_1_02149
prokka_ANT_1/ANT_1:Gene	ANT_1_02150	ANT_1_36:13437-13931	ANT_1_02150
prokka_ANT_1/ANT_1:Gene	bcsE	ANT_1_37:c1464-1	ANT_1_02151
prokka_ANT_1/ANT_1:Gene	ANT_1_02152	ANT_1_37:1757-3250	ANT_1_02152
prokka_ANT_1/ANT_1:Gene	ANT_1_02153	ANT_1_37:c4091-3228	ANT_1_02153
prokka_ANT_1/ANT_1:Gene	ANT_1_02154	ANT_1_37:c4863-4261	ANT_1_02154
prokka_ANT_1/ANT_1:Gene	ANT_1_02155	ANT_1_37:c6560-4860	ANT_1_02155
prokka_ANT_1/ANT_1:Gene	smfA_2	ANT_1_37:7124-7666	ANT_1_02156
prokka_ANT_1/ANT_1:Gene	papH_2	ANT_1_37:7735-8274	ANT_1_02157
prokka_ANT_1/ANT_1:Gene	papC_2	ANT_1_37:8365-10917	ANT_1_02158
prokka_ANT_1/ANT_1:Gene	yfcS_1	ANT_1_37:10985-11737	ANT_1_02159
prokka_ANT_1/ANT_1:Gene	ANT_1_02160	ANT_1_37:11770-12426	ANT_1_02160
prokka_ANT_1/ANT_1:Gene	yfcQ_3	ANT_1_37:12419-12925	ANT_1_02161
prokka_ANT_1/ANT_1:Gene	ANT_1_02162	ANT_1_37:12922-13437	ANT_1_02162
prokka_ANT_1/ANT_1:Gene	ANT_1_02163	ANT_1_37:13440-13925	ANT_1_02163
prokka_ANT_1/ANT_1:Gene	yfcQ_4	ANT_1_37:13945-14415	ANT_1_02164
prokka_ANT_1/ANT_1:Gene	yfcP_2	ANT_1_37:14412-14972	ANT_1_02165
prokka_ANT_1/ANT_1:Gene	ANT_1_02166	ANT_1_37:c15410-15033	ANT_1_02166
prokka_ANT_1/ANT_1:Gene	ANT_1_02167	ANT_1_37:15841-16629	ANT_1_02167
prokka_ANT_1/ANT_1:Gene	ANT_1_02168	ANT_1_37:16622-17077	ANT_1_02168
prokka_ANT_1/ANT_1:Gene	dctA	ANT_1_37:17378-18652	ANT_1_02169
prokka_ANT_1/ANT_1:Gene	yhjJ	ANT_1_37:19036-20517	ANT_1_02170
prokka_ANT_1/ANT_1:Gene	ANT_1_02171	ANT_1_37:c21479-20604	ANT_1_02171
prokka_ANT_1/ANT_1:Gene	ANT_1_02172	ANT_1_37:21887-23170	ANT_1_02172
prokka_ANT_1/ANT_1:Gene	kdgK_2	ANT_1_37:c24074-23142	ANT_1_02173
prokka_ANT_1/ANT_1:Gene	pdeH_2	ANT_1_37:24361-25134	ANT_1_02174
prokka_ANT_1/ANT_1:Gene	ANT_1_02175	ANT_1_37:25196-27235	ANT_1_02175
prokka_ANT_1/ANT_1:Gene	yhjE	ANT_1_37:c28717-27389	ANT_1_02176
prokka_ANT_1/ANT_1:Gene	mgtB	ANT_1_37:29700-32381	ANT_1_02177
prokka_ANT_1/ANT_1:Gene	ANT_1_02178	ANT_1_37:32394-32486	ANT_1_02178
prokka_ANT_1/ANT_1:Gene	ANT_1_02179	ANT_1_37:c32828-32586	ANT_1_02179
prokka_ANT_1/ANT_1:Gene	dmlR_5	ANT_1_37:c33776-32889	ANT_1_02180
prokka_ANT_1/ANT_1:Gene	ANT_1_02181	ANT_1_37:33881-34477	ANT_1_02181
prokka_ANT_1/ANT_1:Gene	mntP	ANT_1_37:34805-35371	ANT_1_02182
prokka_ANT_1/ANT_1:Gene	rhaS_3	ANT_1_37:35406-36176	ANT_1_02183
prokka_ANT_1/ANT_1:Gene	ANT_1_02184	ANT_1_37:c36798-36166	ANT_1_02184
prokka_ANT_1/ANT_1:Gene	ANT_1_02185	ANT_1_37:c37096-36923	ANT_1_02185
prokka_ANT_1/ANT_1:Gene	rutB_2	ANT_1_37:37425-37955	ANT_1_02186
prokka_ANT_1/ANT_1:Gene	pckA_2	ANT_1_37:c39644-38028	ANT_1_02187
prokka_ANT_1/ANT_1:Gene	yjiE	ANT_1_37:39802-40695	ANT_1_02188
prokka_ANT_1/ANT_1:Gene	iolG_3	ANT_1_37:c41930-40758	ANT_1_02189
prokka_ANT_1/ANT_1:Gene	iolE_2	ANT_1_37:c42889-41945	ANT_1_02190
prokka_ANT_1/ANT_1:Gene	ANT_1_02191	ANT_1_37:c44159-43128	ANT_1_02191
prokka_ANT_1/ANT_1:Gene	ANT_1_02192	ANT_1_37:44405-45022	ANT_1_02192
prokka_ANT_1/ANT_1:Gene	rob_3	ANT_1_37:45019-45885	ANT_1_02193
prokka_ANT_1/ANT_1:Gene	ANT_1_02194	ANT_1_37:c45996-45841	ANT_1_02194
prokka_ANT_1/ANT_1:Gene	ANT_1_02195	ANT_1_37:c46246-46034	ANT_1_02195
prokka_ANT_1/ANT_1:Gene	rihB	ANT_1_37:c47418-46498	ANT_1_02196
prokka_ANT_1/ANT_1:Gene	ANT_1_02197	ANT_1_37:c47864-47469	ANT_1_02197
prokka_ANT_1/ANT_1:Gene	ANT_1_02198	ANT_1_37:48059-48979	ANT_1_02198
prokka_ANT_1/ANT_1:Gene	ANT_1_02199	ANT_1_37:c50009-48981	ANT_1_02199
prokka_ANT_1/ANT_1:Gene	ANT_1_02200	ANT_1_37:50790-50879	ANT_1_02200
prokka_ANT_1/ANT_1:Gene	kdpA	ANT_1_37:50879-52564	ANT_1_02201
prokka_ANT_1/ANT_1:Gene	kdpB	ANT_1_37:52581-54629	ANT_1_02202
prokka_ANT_1/ANT_1:Gene	kdpC	ANT_1_37:54638-55213	ANT_1_02203
prokka_ANT_1/ANT_1:Gene	kdpD	ANT_1_37:55288-57978	ANT_1_02204
prokka_ANT_1/ANT_1:Gene	estB	ANT_1_37:c58558-57956	ANT_1_02205
prokka_ANT_1/ANT_1:Gene	ANT_1_02206	ANT_1_37:58768-60600	ANT_1_02206
prokka_ANT_1/ANT_1:Gene	ANT_1_02207	ANT_1_37:c62459-60651	ANT_1_02207
prokka_ANT_1/ANT_1:Gene	ANT_1_02208	ANT_1_37:c63790-62663	ANT_1_02208
prokka_ANT_1/ANT_1:Gene	viuB	ANT_1_37:63984-64889	ANT_1_02209
prokka_ANT_1/ANT_1:Gene	pcpR_1	ANT_1_37:c65798-64890	ANT_1_02210
prokka_ANT_1/ANT_1:Gene	soxS	ANT_1_37:66003-66335	ANT_1_02211
prokka_ANT_1/ANT_1:Gene	ANT_1_02212	ANT_1_37:66350-66553	ANT_1_02212
prokka_ANT_1/ANT_1:Gene	ANT_1_02213	ANT_1_37:66577-67227	ANT_1_02213
prokka_ANT_1/ANT_1:Gene	ANT_1_02214	ANT_1_37:c67968-67303	ANT_1_02214
prokka_ANT_1/ANT_1:Gene	norR_2	ANT_1_37:c69998-67998	ANT_1_02215
prokka_ANT_1/ANT_1:Gene	iolG_4	ANT_1_37:70186-71205	ANT_1_02216
prokka_ANT_1/ANT_1:Gene	otnI_2	ANT_1_37:71208-71987	ANT_1_02217
prokka_ANT_1/ANT_1:Gene	thpA_2	ANT_1_37:72067-72990	ANT_1_02218
prokka_ANT_1/ANT_1:Gene	axeA1	ANT_1_37:73180-74076	ANT_1_02219
prokka_ANT_1/ANT_1:Gene	yhaJ_1	ANT_1_38:227-1135	ANT_1_02220
prokka_ANT_1/ANT_1:Gene	ANT_1_02221	ANT_1_38:c2056-1193	ANT_1_02221
prokka_ANT_1/ANT_1:Gene	ANT_1_02222	ANT_1_38:2119-2658	ANT_1_02222
prokka_ANT_1/ANT_1:Gene	entS_2	ANT_1_38:c4286-2706	ANT_1_02223
prokka_ANT_1/ANT_1:Gene	ANT_1_02224	ANT_1_38:c4396-4283	ANT_1_02224
prokka_ANT_1/ANT_1:Gene	ANT_1_02225	ANT_1_38:c5088-4447	ANT_1_02225
prokka_ANT_1/ANT_1:Gene	ANT_1_02226	ANT_1_39:c393-115	ANT_1_02226
prokka_ANT_1/ANT_1:Gene	ANT_1_02227	ANT_1_39:909-2330	ANT_1_02227
prokka_ANT_1/ANT_1:Gene	ANT_1_02228	ANT_1_39:c2719-2426	ANT_1_02228
prokka_ANT_1/ANT_1:Gene	clpX_1	ANT_1_40:32-220	ANT_1_02229
prokka_ANT_1/ANT_1:Gene	clpP_1	ANT_1_40:c876-283	ANT_1_02230
prokka_ANT_1/ANT_1:Gene	ANT_1_02231	ANT_1_41:c181-87	ANT_1_02231
prokka_ANT_1/ANT_1:Gene	ANT_1_02232	ANT_1_41:352-894	ANT_1_02232
prokka_ANT_1/ANT_1:Gene	cdhR_1	ANT_1_41:896-1816	ANT_1_02233
prokka_ANT_1/ANT_1:Gene	ANT_1_02234	ANT_1_41:2017-2454	ANT_1_02234
prokka_ANT_1/ANT_1:Gene	wecH_1	ANT_1_41:c3442-2447	ANT_1_02235
prokka_ANT_1/ANT_1:Gene	glyQ	ANT_1_41:3673-4584	ANT_1_02236
prokka_ANT_1/ANT_1:Gene	glyS	ANT_1_41:4594-6663	ANT_1_02237
prokka_ANT_1/ANT_1:Gene	ANT_1_02238	ANT_1_41:c7016-6723	ANT_1_02238
prokka_ANT_1/ANT_1:Gene	ANT_1_02239	ANT_1_41:c7533-7267	ANT_1_02239
prokka_ANT_1/ANT_1:Gene	ANT_1_02240	ANT_1_41:7785-8501	ANT_1_02240
prokka_ANT_1/ANT_1:Gene	mtlA	ANT_1_41:8964-10892	ANT_1_02241
prokka_ANT_1/ANT_1:Gene	mtlD	ANT_1_41:10992-12140	ANT_1_02242
prokka_ANT_1/ANT_1:Gene	mtlR	ANT_1_41:12140-12766	ANT_1_02243
prokka_ANT_1/ANT_1:Gene	yibL	ANT_1_41:12839-13201	ANT_1_02244
prokka_ANT_1/ANT_1:Gene	ANT_1_02245	ANT_1_41:13633-14268	ANT_1_02245
prokka_ANT_1/ANT_1:Gene	ANT_1_02246	ANT_1_41:14362-14757	ANT_1_02246
prokka_ANT_1/ANT_1:Gene	ANT_1_02247	ANT_1_41:14754-16790	ANT_1_02247
prokka_ANT_1/ANT_1:Gene	ANT_1_02248	ANT_1_41:c17164-16904	ANT_1_02248
prokka_ANT_1/ANT_1:Gene	ANT_1_02249	ANT_1_41:17538-18326	ANT_1_02249
prokka_ANT_1/ANT_1:Gene	ANT_1_02250	ANT_1_41:18323-18805	ANT_1_02250
prokka_ANT_1/ANT_1:Gene	ANT_1_02251	ANT_1_41:c19941-18874	ANT_1_02251
prokka_ANT_1/ANT_1:Gene	rbsC_3	ANT_1_41:c20968-19964	ANT_1_02252
prokka_ANT_1/ANT_1:Gene	mglA_1	ANT_1_41:c22470-20965	ANT_1_02253
prokka_ANT_1/ANT_1:Gene	sodA	ANT_1_41:c23418-22801	ANT_1_02254
prokka_ANT_1/ANT_1:Gene	dgdA	ANT_1_41:c25034-23694	ANT_1_02255
prokka_ANT_1/ANT_1:Gene	glpR_4	ANT_1_41:25216-25992	ANT_1_02256
prokka_ANT_1/ANT_1:Gene	fdhD	ANT_1_41:c26837-25989	ANT_1_02257
prokka_ANT_1/ANT_1:Gene	fdoG_1	ANT_1_41:26959-27546	ANT_1_02258
prokka_ANT_1/ANT_1:Gene	fdoG_2	ANT_1_41:27595-30015	ANT_1_02259
prokka_ANT_1/ANT_1:Gene	fdoH	ANT_1_41:30019-30909	ANT_1_02260
prokka_ANT_1/ANT_1:Gene	fdoI	ANT_1_41:30906-31556	ANT_1_02261
prokka_ANT_1/ANT_1:Gene	fdhE	ANT_1_41:31556-32476	ANT_1_02262
prokka_ANT_1/ANT_1:Gene	yibF	ANT_1_41:32480-33091	ANT_1_02263
prokka_ANT_1/ANT_1:Gene	selA	ANT_1_41:33100-34479	ANT_1_02264
prokka_ANT_1/ANT_1:Gene	selB	ANT_1_41:34476-36314	ANT_1_02265
prokka_ANT_1/ANT_1:Gene	tag_2	ANT_1_41:36349-36912	ANT_1_02266
prokka_ANT_1/ANT_1:Gene	yiaD	ANT_1_41:37025-37687	ANT_1_02267
prokka_ANT_1/ANT_1:Gene	rafR	ANT_1_41:37817-38803	ANT_1_02268
prokka_ANT_1/ANT_1:Gene	kdgR_2	ANT_1_41:38864-39892	ANT_1_02269
prokka_ANT_1/ANT_1:Gene	fliS_2	ANT_1_42:c464-66	ANT_1_02270
prokka_ANT_1/ANT_1:Gene	fliD_2	ANT_1_42:c1877-474	ANT_1_02271
prokka_ANT_1/ANT_1:Gene	fliC_2	ANT_1_42:2157-3455	ANT_1_02272
prokka_ANT_1/ANT_1:Gene	ANT_1_02273	ANT_1_42:3538-4743	ANT_1_02273
prokka_ANT_1/ANT_1:Gene	ytmI	ANT_1_43:c1006-494	ANT_1_02274
prokka_ANT_1/ANT_1:Gene	pnl	ANT_1_43:c2717-1779	ANT_1_02275
prokka_ANT_1/ANT_1:Gene	ANT_1_02276	ANT_1_43:3355-5289	ANT_1_02276
prokka_ANT_1/ANT_1:Gene	ybdG	ANT_1_43:c6609-5362	ANT_1_02277
prokka_ANT_1/ANT_1:Gene	ANT_1_02278	ANT_1_43:6815-7024	ANT_1_02278
prokka_ANT_1/ANT_1:Gene	ANT_1_02279	ANT_1_43:c7226-7068	ANT_1_02279
prokka_ANT_1/ANT_1:Gene	yhjX	ANT_1_43:7375-8601	ANT_1_02280
prokka_ANT_1/ANT_1:Gene	ANT_1_02281	ANT_1_43:8954-9133	ANT_1_02281
prokka_ANT_1/ANT_1:Gene	ANT_1_02282	ANT_1_43:c9566-9285	ANT_1_02282
prokka_ANT_1/ANT_1:Gene	ANT_1_02283	ANT_1_43:c10632-9823	ANT_1_02283
prokka_ANT_1/ANT_1:Gene	ANT_1_02284	ANT_1_43:c11132-10683	ANT_1_02284
prokka_ANT_1/ANT_1:Gene	srpS	ANT_1_43:c11930-11145	ANT_1_02285
prokka_ANT_1/ANT_1:Gene	emrB_2	ANT_1_43:12093-13694	ANT_1_02286
prokka_ANT_1/ANT_1:Gene	emrA_2	ANT_1_43:13700-14728	ANT_1_02287
prokka_ANT_1/ANT_1:Gene	ANT_1_02288	ANT_1_43:14750-14899	ANT_1_02288
prokka_ANT_1/ANT_1:Gene	alaC	ANT_1_43:c16177-14942	ANT_1_02289
prokka_ANT_1/ANT_1:Gene	ANT_1_02290	ANT_1_43:c16827-16300	ANT_1_02290
prokka_ANT_1/ANT_1:Gene	ybiU	ANT_1_43:16950-18191	ANT_1_02291
prokka_ANT_1/ANT_1:Gene	ypdA	ANT_1_43:18319-20010	ANT_1_02292
prokka_ANT_1/ANT_1:Gene	ypdB	ANT_1_43:20024-20752	ANT_1_02293
prokka_ANT_1/ANT_1:Gene	glk	ANT_1_43:c21751-20783	ANT_1_02294
prokka_ANT_1/ANT_1:Gene	ipdC	ANT_1_43:c23499-21847	ANT_1_02295
prokka_ANT_1/ANT_1:Gene	gpr	ANT_1_43:23706-24695	ANT_1_02296
prokka_ANT_1/ANT_1:Gene	ANT_1_02297	ANT_1_43:24881-25249	ANT_1_02297
prokka_ANT_1/ANT_1:Gene	mntH	ANT_1_43:c26523-25285	ANT_1_02298
prokka_ANT_1/ANT_1:Gene	ANT_1_02299	ANT_1_43:26684-26815	ANT_1_02299
prokka_ANT_1/ANT_1:Gene	nupC_2	ANT_1_43:26963-28147	ANT_1_02300
prokka_ANT_1/ANT_1:Gene	ANT_1_02301	ANT_1_43:c28431-28356	ANT_1_02301
prokka_ANT_1/ANT_1:Gene	focA_2	ANT_1_43:28783-29571	ANT_1_02302
prokka_ANT_1/ANT_1:Gene	ANT_1_02303	ANT_1_43:29726-30076	ANT_1_02303
prokka_ANT_1/ANT_1:Gene	gltX	ANT_1_43:c31532-30123	ANT_1_02304
prokka_ANT_1/ANT_1:Gene	ANT_1_02305	ANT_1_43:31791-31866	ANT_1_02305
prokka_ANT_1/ANT_1:Gene	ANT_1_02306	ANT_1_43:31920-31995	ANT_1_02306
prokka_ANT_1/ANT_1:Gene	ANT_1_02307	ANT_1_43:32031-32106	ANT_1_02307
prokka_ANT_1/ANT_1:Gene	ANT_1_02308	ANT_1_43:32111-32186	ANT_1_02308
prokka_ANT_1/ANT_1:Gene	alkA	ANT_1_43:c34036-32579	ANT_1_02309
prokka_ANT_1/ANT_1:Gene	ogt	ANT_1_43:34204-34710	ANT_1_02310
prokka_ANT_1/ANT_1:Gene	nadA	ANT_1_43:34867-35928	ANT_1_02311
prokka_ANT_1/ANT_1:Gene	pnuC	ANT_1_43:35956-36654	ANT_1_02312
prokka_ANT_1/ANT_1:Gene	zitB	ANT_1_43:c37641-36709	ANT_1_02313
prokka_ANT_1/ANT_1:Gene	ANT_1_02314	ANT_1_43:c40674-40578	ANT_1_02314
prokka_ANT_1/ANT_1:Gene	bvgA_1	ANT_1_43:c41337-40747	ANT_1_02315
prokka_ANT_1/ANT_1:Gene	ANT_1_02316	ANT_1_43:c41785-41453	ANT_1_02316
prokka_ANT_1/ANT_1:Gene	aroG	ANT_1_43:42079-43131	ANT_1_02317
prokka_ANT_1/ANT_1:Gene	gpmA	ANT_1_43:c44009-43191	ANT_1_02318
prokka_ANT_1/ANT_1:Gene	galM	ANT_1_43:c45198-44167	ANT_1_02319
prokka_ANT_1/ANT_1:Gene	galK	ANT_1_43:c46340-45192	ANT_1_02320
prokka_ANT_1/ANT_1:Gene	galT	ANT_1_43:c47386-46343	ANT_1_02321
prokka_ANT_1/ANT_1:Gene	modF	ANT_1_43:c49157-47676	ANT_1_02322
prokka_ANT_1/ANT_1:Gene	modE	ANT_1_43:c49998-49219	ANT_1_02323
prokka_ANT_1/ANT_1:Gene	acrZ	ANT_1_43:50151-50315	ANT_1_02324
prokka_ANT_1/ANT_1:Gene	modA	ANT_1_43:50483-51256	ANT_1_02325
prokka_ANT_1/ANT_1:Gene	modB	ANT_1_43:51253-51942	ANT_1_02326
prokka_ANT_1/ANT_1:Gene	btuD_6	ANT_1_43:51942-53000	ANT_1_02327
prokka_ANT_1/ANT_1:Gene	ybhA	ANT_1_43:c53819-53001	ANT_1_02328
prokka_ANT_1/ANT_1:Gene	pgl	ANT_1_43:53963-54958	ANT_1_02329
prokka_ANT_1/ANT_1:Gene	ANT_1_02330	ANT_1_43:c55643-55173	ANT_1_02330
prokka_ANT_1/ANT_1:Gene	hchA	ANT_1_43:c56379-55699	ANT_1_02331
prokka_ANT_1/ANT_1:Gene	curA	ANT_1_43:c57422-56376	ANT_1_02332
prokka_ANT_1/ANT_1:Gene	bioA	ANT_1_43:c58800-57508	ANT_1_02333
prokka_ANT_1/ANT_1:Gene	bioB	ANT_1_43:58890-59921	ANT_1_02334
prokka_ANT_1/ANT_1:Gene	bioF_2	ANT_1_43:59921-61072	ANT_1_02335
prokka_ANT_1/ANT_1:Gene	bioC	ANT_1_43:61056-61814	ANT_1_02336
prokka_ANT_1/ANT_1:Gene	bioD1_2	ANT_1_43:61807-62475	ANT_1_02337
prokka_ANT_1/ANT_1:Gene	livF_3	ANT_1_43:c63258-62542	ANT_1_02338
prokka_ANT_1/ANT_1:Gene	uvrB	ANT_1_43:64173-66197	ANT_1_02339
prokka_ANT_1/ANT_1:Gene	ybhK	ANT_1_43:c67234-66308	ANT_1_02340
prokka_ANT_1/ANT_1:Gene	moaA	ANT_1_43:67509-68495	ANT_1_02341
prokka_ANT_1/ANT_1:Gene	moaB	ANT_1_43:68510-69025	ANT_1_02342
prokka_ANT_1/ANT_1:Gene	moaC	ANT_1_43:69068-69511	ANT_1_02343
prokka_ANT_1/ANT_1:Gene	moaD	ANT_1_43:69504-69749	ANT_1_02344
prokka_ANT_1/ANT_1:Gene	moaE	ANT_1_43:69751-70209	ANT_1_02345
prokka_ANT_1/ANT_1:Gene	ANT_1_02346	ANT_1_43:70246-71334	ANT_1_02346
prokka_ANT_1/ANT_1:Gene	ANT_1_02347	ANT_1_43:c73471-71525	ANT_1_02347
prokka_ANT_1/ANT_1:Gene	ybhL	ANT_1_43:73720-74430	ANT_1_02348
prokka_ANT_1/ANT_1:Gene	ybhN	ANT_1_43:c75453-74503	ANT_1_02349
prokka_ANT_1/ANT_1:Gene	clsB	ANT_1_43:c76697-75453	ANT_1_02350
prokka_ANT_1/ANT_1:Gene	ANT_1_02351	ANT_1_43:c77455-76694	ANT_1_02351
prokka_ANT_1/ANT_1:Gene	ybhQ	ANT_1_43:77637-78026	ANT_1_02352
prokka_ANT_1/ANT_1:Gene	yycB	ANT_1_43:c79205-78063	ANT_1_02353
prokka_ANT_1/ANT_1:Gene	rhlE	ANT_1_43:79477-80919	ANT_1_02354
prokka_ANT_1/ANT_1:Gene	dusC	ANT_1_43:80976-81944	ANT_1_02355
prokka_ANT_1/ANT_1:Gene	ANT_1_02356	ANT_1_43:c82935-82018	ANT_1_02356
prokka_ANT_1/ANT_1:Gene	pitA_2	ANT_1_43:c84551-82950	ANT_1_02357
prokka_ANT_1/ANT_1:Gene	zntB_2	ANT_1_43:84713-85777	ANT_1_02358
prokka_ANT_1/ANT_1:Gene	ANT_1_02359	ANT_1_43:c87355-86138	ANT_1_02359
prokka_ANT_1/ANT_1:Gene	ANT_1_02360	ANT_1_43:c89279-87462	ANT_1_02360
prokka_ANT_1/ANT_1:Gene	nanR	ANT_1_43:c90114-89347	ANT_1_02361
prokka_ANT_1/ANT_1:Gene	ANT_1_02362	ANT_1_43:c90943-90128	ANT_1_02362
prokka_ANT_1/ANT_1:Gene	btuD_7	ANT_1_43:c92709-90940	ANT_1_02363
prokka_ANT_1/ANT_1:Gene	gsiC_4	ANT_1_43:c93653-92706	ANT_1_02364
prokka_ANT_1/ANT_1:Gene	dppA_3	ANT_1_43:c95240-93669	ANT_1_02365
prokka_ANT_1/ANT_1:Gene	ANT_1_02366	ANT_1_43:95390-96043	ANT_1_02366
prokka_ANT_1/ANT_1:Gene	yohD	ANT_1_43:c96687-96118	ANT_1_02367
prokka_ANT_1/ANT_1:Gene	yohC	ANT_1_43:96920-97507	ANT_1_02368
prokka_ANT_1/ANT_1:Gene	pbpG	ANT_1_43:97740-98630	ANT_1_02369
prokka_ANT_1/ANT_1:Gene	pitA_3	ANT_1_43:c99205-98690	ANT_1_02370
prokka_ANT_1/ANT_1:Gene	ANT_1_02371	ANT_1_43:99393-101825	ANT_1_02371
prokka_ANT_1/ANT_1:Gene	dld_2	ANT_1_43:c103644-101923	ANT_1_02372
prokka_ANT_1/ANT_1:Gene	ANT_1_02373	ANT_1_43:103832-106129	ANT_1_02373
prokka_ANT_1/ANT_1:Gene	ANT_1_02374	ANT_1_43:106164-107042	ANT_1_02374
prokka_ANT_1/ANT_1:Gene	ANT_1_02375	ANT_1_43:107281-108390	ANT_1_02375
prokka_ANT_1/ANT_1:Gene	idi	ANT_1_43:108521-109075	ANT_1_02376
prokka_ANT_1/ANT_1:Gene	ANT_1_02377	ANT_1_43:c109225-109121	ANT_1_02377
prokka_ANT_1/ANT_1:Gene	ANT_1_02378	ANT_1_43:c109832-109299	ANT_1_02378
prokka_ANT_1/ANT_1:Gene	ANT_1_02379	ANT_1_43:c110344-109835	ANT_1_02379
prokka_ANT_1/ANT_1:Gene	ANT_1_02380	ANT_1_43:c110823-110341	ANT_1_02380
prokka_ANT_1/ANT_1:Gene	ufaA1	ANT_1_43:c112049-110820	ANT_1_02381
prokka_ANT_1/ANT_1:Gene	ANT_1_02382	ANT_1_43:c112769-112053	ANT_1_02382
prokka_ANT_1/ANT_1:Gene	ANT_1_02383	ANT_1_43:c114031-112766	ANT_1_02383
prokka_ANT_1/ANT_1:Gene	ANT_1_02384	ANT_1_43:c114751-114035	ANT_1_02384
prokka_ANT_1/ANT_1:Gene	ANT_1_02385	ANT_1_43:c115179-114748	ANT_1_02385
prokka_ANT_1/ANT_1:Gene	bluR	ANT_1_43:c115921-115190	ANT_1_02386
prokka_ANT_1/ANT_1:Gene	sutR_1	ANT_1_43:116072-116635	ANT_1_02387
prokka_ANT_1/ANT_1:Gene	ttr	ANT_1_43:116632-117162	ANT_1_02388
prokka_ANT_1/ANT_1:Gene	dinG	ANT_1_43:117323-119485	ANT_1_02389
prokka_ANT_1/ANT_1:Gene	ybiB	ANT_1_43:119515-120486	ANT_1_02390
prokka_ANT_1/ANT_1:Gene	hipO_1	ANT_1_43:c121712-120558	ANT_1_02391
prokka_ANT_1/ANT_1:Gene	hutU	ANT_1_43:c123522-121837	ANT_1_02392
prokka_ANT_1/ANT_1:Gene	hutH	ANT_1_43:c125090-123546	ANT_1_02393
prokka_ANT_1/ANT_1:Gene	nagR	ANT_1_43:125394-126149	ANT_1_02394
prokka_ANT_1/ANT_1:Gene	ves	ANT_1_43:c126703-126128	ANT_1_02395
prokka_ANT_1/ANT_1:Gene	ANT_1_02396	ANT_1_43:c128055-126700	ANT_1_02396
prokka_ANT_1/ANT_1:Gene	hutI	ANT_1_43:128137-129354	ANT_1_02397
prokka_ANT_1/ANT_1:Gene	ANT_1_02398	ANT_1_43:129351-130139	ANT_1_02398
prokka_ANT_1/ANT_1:Gene	ANT_1_02399	ANT_1_43:c130670-130149	ANT_1_02399
prokka_ANT_1/ANT_1:Gene	ANT_1_02400	ANT_1_43:c131444-130815	ANT_1_02400
prokka_ANT_1/ANT_1:Gene	rlmF	ANT_1_43:131549-132478	ANT_1_02401
prokka_ANT_1/ANT_1:Gene	ybiO	ANT_1_43:c134738-132483	ANT_1_02402
prokka_ANT_1/ANT_1:Gene	glnQ_4	ANT_1_43:c135500-134862	ANT_1_02403
prokka_ANT_1/ANT_1:Gene	gcvP	ANT_1_44:c2948-87	ANT_1_02404
prokka_ANT_1/ANT_1:Gene	gcvH	ANT_1_44:c3407-3024	ANT_1_02405
prokka_ANT_1/ANT_1:Gene	gcvT	ANT_1_44:c4545-3433	ANT_1_02406
prokka_ANT_1/ANT_1:Gene	ubiI	ANT_1_44:c6194-4992	ANT_1_02407
prokka_ANT_1/ANT_1:Gene	ubiH	ANT_1_44:c7359-6208	ANT_1_02408
prokka_ANT_1/ANT_1:Gene	pepP	ANT_1_44:c8699-7383	ANT_1_02409
prokka_ANT_1/ANT_1:Gene	ANT_1_02410	ANT_1_44:c9380-8757	ANT_1_02410
prokka_ANT_1/ANT_1:Gene	zapA	ANT_1_44:9505-9834	ANT_1_02411
prokka_ANT_1/ANT_1:Gene	ygfA	ANT_1_44:10152-10739	ANT_1_02412
prokka_ANT_1/ANT_1:Gene	serA	ANT_1_44:c12081-10843	ANT_1_02413
prokka_ANT_1/ANT_1:Gene	rpiA	ANT_1_44:c13261-12428	ANT_1_02414
prokka_ANT_1/ANT_1:Gene	argP_2	ANT_1_44:13293-14192	ANT_1_02415
prokka_ANT_1/ANT_1:Gene	ANT_1_02416	ANT_1_44:c14983-14255	ANT_1_02416
prokka_ANT_1/ANT_1:Gene	argO	ANT_1_44:c15734-15150	ANT_1_02417
prokka_ANT_1/ANT_1:Gene	mscS	ANT_1_44:c16836-15955	ANT_1_02418
prokka_ANT_1/ANT_1:Gene	fbaA	ANT_1_44:c18096-17017	ANT_1_02419
prokka_ANT_1/ANT_1:Gene	pgk	ANT_1_44:c19343-18177	ANT_1_02420
prokka_ANT_1/ANT_1:Gene	epd	ANT_1_44:c20412-19393	ANT_1_02421
prokka_ANT_1/ANT_1:Gene	tktA	ANT_1_44:c22717-20726	ANT_1_02422
prokka_ANT_1/ANT_1:Gene	loiP	ANT_1_44:23006-23758	ANT_1_02423
prokka_ANT_1/ANT_1:Gene	speB	ANT_1_44:c24735-23815	ANT_1_02424
prokka_ANT_1/ANT_1:Gene	speA	ANT_1_44:c26819-24843	ANT_1_02425
prokka_ANT_1/ANT_1:Gene	metK	ANT_1_44:27608-28762	ANT_1_02426
prokka_ANT_1/ANT_1:Gene	galP	ANT_1_44:29142-30539	ANT_1_02427
prokka_ANT_1/ANT_1:Gene	ANT_1_02428	ANT_1_44:c31079-30603	ANT_1_02428
prokka_ANT_1/ANT_1:Gene	fixJ	ANT_1_44:c31803-31150	ANT_1_02429
prokka_ANT_1/ANT_1:Gene	sasA_3	ANT_1_44:c33143-31800	ANT_1_02430
prokka_ANT_1/ANT_1:Gene	sprT	ANT_1_44:33309-33779	ANT_1_02431
prokka_ANT_1/ANT_1:Gene	endA	ANT_1_44:33902-34615	ANT_1_02432
prokka_ANT_1/ANT_1:Gene	rsmE	ANT_1_44:34668-35399	ANT_1_02433
prokka_ANT_1/ANT_1:Gene	gshB	ANT_1_44:35466-36410	ANT_1_02434
prokka_ANT_1/ANT_1:Gene	ANT_1_02435	ANT_1_44:36502-37065	ANT_1_02435
prokka_ANT_1/ANT_1:Gene	yqgF	ANT_1_44:37066-37488	ANT_1_02436
prokka_ANT_1/ANT_1:Gene	yggR	ANT_1_44:c38621-37626	ANT_1_02437
prokka_ANT_1/ANT_1:Gene	yggS	ANT_1_44:38637-39350	ANT_1_02438
prokka_ANT_1/ANT_1:Gene	ANT_1_02439	ANT_1_44:39359-39898	ANT_1_02439
prokka_ANT_1/ANT_1:Gene	rdgB	ANT_1_44:40070-40663	ANT_1_02440
prokka_ANT_1/ANT_1:Gene	hemW	ANT_1_44:40656-41792	ANT_1_02441
prokka_ANT_1/ANT_1:Gene	ANT_1_02442	ANT_1_45:535-774	ANT_1_02442
prokka_ANT_1/ANT_1:Gene	ANT_1_02443	ANT_1_45:c1027-812	ANT_1_02443
prokka_ANT_1/ANT_1:Gene	ANT_1_02444	ANT_1_45:1774-1863	ANT_1_02444
prokka_ANT_1/ANT_1:Gene	ANT_1_02445	ANT_1_45:2809-3228	ANT_1_02445
prokka_ANT_1/ANT_1:Gene	ANT_1_02446	ANT_1_45:3496-3957	ANT_1_02446
prokka_ANT_1/ANT_1:Gene	ANT_1_02447	ANT_1_45:4385-5395	ANT_1_02447
prokka_ANT_1/ANT_1:Gene	ANT_1_02448	ANT_1_45:5392-5715	ANT_1_02448
prokka_ANT_1/ANT_1:Gene	symE_3	ANT_1_45:c6038-5787	ANT_1_02449
prokka_ANT_1/ANT_1:Gene	clpX_2	ANT_1_46:32-220	ANT_1_02450
prokka_ANT_1/ANT_1:Gene	lon_2	ANT_1_46:411-2768	ANT_1_02451
prokka_ANT_1/ANT_1:Gene	hupB	ANT_1_46:2989-3261	ANT_1_02452
prokka_ANT_1/ANT_1:Gene	ppiD	ANT_1_46:3483-5354	ANT_1_02453
prokka_ANT_1/ANT_1:Gene	ANT_1_02454	ANT_1_46:5495-5833	ANT_1_02454
prokka_ANT_1/ANT_1:Gene	fadM	ANT_1_46:5941-6333	ANT_1_02455
prokka_ANT_1/ANT_1:Gene	queC	ANT_1_46:c7059-6364	ANT_1_02456
prokka_ANT_1/ANT_1:Gene	sgrR_2	ANT_1_46:c8854-7154	ANT_1_02457
prokka_ANT_1/ANT_1:Gene	cof	ANT_1_46:8970-9785	ANT_1_02458
prokka_ANT_1/ANT_1:Gene	ANT_1_02459	ANT_1_46:c10760-9828	ANT_1_02459
prokka_ANT_1/ANT_1:Gene	decR_2	ANT_1_46:10865-11338	ANT_1_02460
prokka_ANT_1/ANT_1:Gene	yheI	ANT_1_46:11363-13135	ANT_1_02461
prokka_ANT_1/ANT_1:Gene	mdlB	ANT_1_46:13128-14891	ANT_1_02462
prokka_ANT_1/ANT_1:Gene	glnK	ANT_1_46:15164-15502	ANT_1_02463
prokka_ANT_1/ANT_1:Gene	amtB	ANT_1_46:15537-16823	ANT_1_02464
prokka_ANT_1/ANT_1:Gene	tesB	ANT_1_46:c17746-16886	ANT_1_02465
prokka_ANT_1/ANT_1:Gene	ybaY	ANT_1_46:17972-18529	ANT_1_02466
prokka_ANT_1/ANT_1:Gene	atl	ANT_1_46:c18960-18559	ANT_1_02467
prokka_ANT_1/ANT_1:Gene	hha	ANT_1_46:c19386-19168	ANT_1_02468
prokka_ANT_1/ANT_1:Gene	tomB	ANT_1_46:c19795-19415	ANT_1_02469
prokka_ANT_1/ANT_1:Gene	ANT_1_02470	ANT_1_46:c20191-19940	ANT_1_02470
prokka_ANT_1/ANT_1:Gene	btuD_8	ANT_1_46:20566-21396	ANT_1_02471
prokka_ANT_1/ANT_1:Gene	mntB_4	ANT_1_46:21393-22262	ANT_1_02472
prokka_ANT_1/ANT_1:Gene	mntA	ANT_1_46:22259-23137	ANT_1_02473
prokka_ANT_1/ANT_1:Gene	ANT_1_02474	ANT_1_46:c24215-23184	ANT_1_02474
prokka_ANT_1/ANT_1:Gene	ykgO	ANT_1_46:c24699-24556	ANT_1_02475
prokka_ANT_1/ANT_1:Gene	rpmE2	ANT_1_46:c24969-24709	ANT_1_02476
prokka_ANT_1/ANT_1:Gene	acrB_2	ANT_1_46:c28271-25119	ANT_1_02477
prokka_ANT_1/ANT_1:Gene	acrA	ANT_1_46:c29487-28288	ANT_1_02478
prokka_ANT_1/ANT_1:Gene	acrR	ANT_1_46:29629-30267	ANT_1_02479
prokka_ANT_1/ANT_1:Gene	ANT_1_02480	ANT_1_46:c30425-30276	ANT_1_02480
prokka_ANT_1/ANT_1:Gene	ANT_1_02481	ANT_1_46:c30706-30461	ANT_1_02481
prokka_ANT_1/ANT_1:Gene	priC	ANT_1_46:c31309-30773	ANT_1_02482
prokka_ANT_1/ANT_1:Gene	ybaN	ANT_1_46:31376-31753	ANT_1_02483
prokka_ANT_1/ANT_1:Gene	apt	ANT_1_46:31911-32462	ANT_1_02484
prokka_ANT_1/ANT_1:Gene	ompX_2	ANT_1_46:32653-33252	ANT_1_02485
prokka_ANT_1/ANT_1:Gene	dnaX	ANT_1_46:33467-35401	ANT_1_02486
prokka_ANT_1/ANT_1:Gene	ybaB	ANT_1_46:35454-35783	ANT_1_02487
prokka_ANT_1/ANT_1:Gene	recR	ANT_1_46:35783-36388	ANT_1_02488
prokka_ANT_1/ANT_1:Gene	htpG	ANT_1_46:36488-38362	ANT_1_02489
prokka_ANT_1/ANT_1:Gene	trpI	ANT_1_46:c39323-38448	ANT_1_02490
prokka_ANT_1/ANT_1:Gene	ANT_1_02491	ANT_1_46:39531-40235	ANT_1_02491
prokka_ANT_1/ANT_1:Gene	ANT_1_02492	ANT_1_46:40288-40584	ANT_1_02492
prokka_ANT_1/ANT_1:Gene	ANT_1_02493	ANT_1_46:40592-41485	ANT_1_02493
prokka_ANT_1/ANT_1:Gene	adk	ANT_1_46:41613-42257	ANT_1_02494
prokka_ANT_1/ANT_1:Gene	hemH	ANT_1_46:42382-43341	ANT_1_02495
prokka_ANT_1/ANT_1:Gene	gsk	ANT_1_46:43430-44734	ANT_1_02496
prokka_ANT_1/ANT_1:Gene	ybaL	ANT_1_46:c46534-44852	ANT_1_02497
prokka_ANT_1/ANT_1:Gene	fsr	ANT_1_46:c47951-46752	ANT_1_02498
prokka_ANT_1/ANT_1:Gene	ushA	ANT_1_46:48130-49866	ANT_1_02499
prokka_ANT_1/ANT_1:Gene	ANT_1_02500	ANT_1_46:c50365-49931	ANT_1_02500
prokka_ANT_1/ANT_1:Gene	cynR_3	ANT_1_46:50454-51320	ANT_1_02501
prokka_ANT_1/ANT_1:Gene	ybaK	ANT_1_46:c51796-51317	ANT_1_02502
prokka_ANT_1/ANT_1:Gene	ANT_1_02503	ANT_1_46:c52777-51974	ANT_1_02503
prokka_ANT_1/ANT_1:Gene	copA	ANT_1_46:c55381-52865	ANT_1_02504
prokka_ANT_1/ANT_1:Gene	cueR	ANT_1_46:55477-55887	ANT_1_02505
prokka_ANT_1/ANT_1:Gene	ybbJ	ANT_1_46:c56339-55884	ANT_1_02506
prokka_ANT_1/ANT_1:Gene	qmcA	ANT_1_46:c57250-56336	ANT_1_02507
prokka_ANT_1/ANT_1:Gene	ANT_1_02508	ANT_1_46:c58273-57410	ANT_1_02508
prokka_ANT_1/ANT_1:Gene	ANT_1_02509	ANT_1_46:c58670-58425	ANT_1_02509
prokka_ANT_1/ANT_1:Gene	ANT_1_02510	ANT_1_46:c58936-58667	ANT_1_02510
prokka_ANT_1/ANT_1:Gene	ANT_1_02511	ANT_1_46:c59806-59006	ANT_1_02511
prokka_ANT_1/ANT_1:Gene	cnoX	ANT_1_46:c61020-60163	ANT_1_02512
prokka_ANT_1/ANT_1:Gene	ANT_1_02513	ANT_1_46:c61860-61090	ANT_1_02513
prokka_ANT_1/ANT_1:Gene	tesA	ANT_1_46:c62458-61892	ANT_1_02514
prokka_ANT_1/ANT_1:Gene	lolD_1	ANT_1_46:62486-63172	ANT_1_02515
prokka_ANT_1/ANT_1:Gene	ANT_1_02516	ANT_1_46:63169-65586	ANT_1_02516
prokka_ANT_1/ANT_1:Gene	esaR_1	ANT_1_46:c66556-65819	ANT_1_02517
prokka_ANT_1/ANT_1:Gene	ANT_1_02518	ANT_1_46:66693-66878	ANT_1_02518
prokka_ANT_1/ANT_1:Gene	purK	ANT_1_46:c67972-66905	ANT_1_02519
prokka_ANT_1/ANT_1:Gene	purE	ANT_1_46:c68478-67969	ANT_1_02520
prokka_ANT_1/ANT_1:Gene	lpxH	ANT_1_46:c69343-68627	ANT_1_02521
prokka_ANT_1/ANT_1:Gene	ppiB	ANT_1_46:c69837-69343	ANT_1_02522
prokka_ANT_1/ANT_1:Gene	cysS	ANT_1_46:70073-71461	ANT_1_02523
prokka_ANT_1/ANT_1:Gene	ybcJ	ANT_1_46:c71824-71612	ANT_1_02524
prokka_ANT_1/ANT_1:Gene	folD	ANT_1_46:c72690-71824	ANT_1_02525
prokka_ANT_1/ANT_1:Gene	ANT_1_02526	ANT_1_46:72935-73252	ANT_1_02526
prokka_ANT_1/ANT_1:Gene	ANT_1_02527	ANT_1_46:73424-73500	ANT_1_02527
prokka_ANT_1/ANT_1:Gene	purH	ANT_1_47:500-2089	ANT_1_02528
prokka_ANT_1/ANT_1:Gene	purD	ANT_1_47:2104-3384	ANT_1_02529
prokka_ANT_1/ANT_1:Gene	ANT_1_02530	ANT_1_47:c4118-3453	ANT_1_02530
prokka_ANT_1/ANT_1:Gene	hupA	ANT_1_47:c4560-4288	ANT_1_02531
prokka_ANT_1/ANT_1:Gene	ANT_1_02532	ANT_1_47:c5339-4749	ANT_1_02532
prokka_ANT_1/ANT_1:Gene	nfi	ANT_1_47:c6067-5402	ANT_1_02533
prokka_ANT_1/ANT_1:Gene	hemE	ANT_1_47:c7152-6085	ANT_1_02534
prokka_ANT_1/ANT_1:Gene	ANT_1_02535	ANT_1_47:c8034-7327	ANT_1_02535
prokka_ANT_1/ANT_1:Gene	nudC	ANT_1_47:c9099-8323	ANT_1_02536
prokka_ANT_1/ANT_1:Gene	rsd	ANT_1_47:9172-9678	ANT_1_02537
prokka_ANT_1/ANT_1:Gene	thiC	ANT_1_47:10010-11959	ANT_1_02538
prokka_ANT_1/ANT_1:Gene	thiE	ANT_1_47:11956-12600	ANT_1_02539
prokka_ANT_1/ANT_1:Gene	norG_2	ANT_1_47:c14253-12766	ANT_1_02540
prokka_ANT_1/ANT_1:Gene	ANT_1_02541	ANT_1_47:14430-14618	ANT_1_02541
prokka_ANT_1/ANT_1:Gene	hiuH_1	ANT_1_47:c15124-14702	ANT_1_02542
prokka_ANT_1/ANT_1:Gene	ANT_1_02543	ANT_1_47:c16318-15257	ANT_1_02543
prokka_ANT_1/ANT_1:Gene	ANT_1_02544	ANT_1_47:c17479-16418	ANT_1_02544
prokka_ANT_1/ANT_1:Gene	rpoC	ANT_1_47:c21784-17561	ANT_1_02545
prokka_ANT_1/ANT_1:Gene	rpoB	ANT_1_47:c25898-21870	ANT_1_02546
prokka_ANT_1/ANT_1:Gene	rplL	ANT_1_47:c26591-26226	ANT_1_02547
prokka_ANT_1/ANT_1:Gene	rplJ	ANT_1_47:c27165-26662	ANT_1_02548
prokka_ANT_1/ANT_1:Gene	rplA	ANT_1_47:c28297-27593	ANT_1_02549
prokka_ANT_1/ANT_1:Gene	rplK	ANT_1_47:c28729-28301	ANT_1_02550
prokka_ANT_1/ANT_1:Gene	nusG	ANT_1_47:c29473-28928	ANT_1_02551
prokka_ANT_1/ANT_1:Gene	secE	ANT_1_47:c29858-29475	ANT_1_02552
prokka_ANT_1/ANT_1:Gene	tufB_2	ANT_1_47:c30533-30129	ANT_1_02553
prokka_ANT_1/ANT_1:Gene	flgJ	ANT_1_48:c1135-194	ANT_1_02554
prokka_ANT_1/ANT_1:Gene	flgI	ANT_1_48:c2241-1135	ANT_1_02555
prokka_ANT_1/ANT_1:Gene	flgH	ANT_1_48:c2952-2251	ANT_1_02556
prokka_ANT_1/ANT_1:Gene	flgG	ANT_1_48:c3821-3039	ANT_1_02557
prokka_ANT_1/ANT_1:Gene	flgF	ANT_1_48:c4592-3837	ANT_1_02558
prokka_ANT_1/ANT_1:Gene	cysH	ANT_1_49:c741-10	ANT_1_02559
prokka_ANT_1/ANT_1:Gene	cysI	ANT_1_49:c2469-754	ANT_1_02560
prokka_ANT_1/ANT_1:Gene	cysJ_1	ANT_1_49:c4271-2469	ANT_1_02561
prokka_ANT_1/ANT_1:Gene	queD	ANT_1_49:4559-4918	ANT_1_02562
prokka_ANT_1/ANT_1:Gene	tcyB	ANT_1_49:5112-5810	ANT_1_02563
prokka_ANT_1/ANT_1:Gene	tcyC	ANT_1_49:5788-6555	ANT_1_02564
prokka_ANT_1/ANT_1:Gene	ANT_1_02565	ANT_1_49:6595-7368	ANT_1_02565
prokka_ANT_1/ANT_1:Gene	dmlR_6	ANT_1_49:c8337-7414	ANT_1_02566
prokka_ANT_1/ANT_1:Gene	ANT_1_02567	ANT_1_49:8439-9311	ANT_1_02567
prokka_ANT_1/ANT_1:Gene	queE	ANT_1_49:c10103-9432	ANT_1_02568
prokka_ANT_1/ANT_1:Gene	tsr_4	ANT_1_49:c11907-10240	ANT_1_02569
prokka_ANT_1/ANT_1:Gene	ANT_1_02570	ANT_1_49:c13917-12031	ANT_1_02570
prokka_ANT_1/ANT_1:Gene	eno	ANT_1_49:c15423-14128	ANT_1_02571
prokka_ANT_1/ANT_1:Gene	pyrG_1	ANT_1_49:c17141-15504	ANT_1_02572
prokka_ANT_1/ANT_1:Gene	mazG	ANT_1_49:c18123-17341	ANT_1_02573
prokka_ANT_1/ANT_1:Gene	ANT_1_02574	ANT_1_50:79-744	ANT_1_02574
prokka_ANT_1/ANT_1:Gene	ANT_1_02575	ANT_1_51:c729-214	ANT_1_02575
prokka_ANT_1/ANT_1:Gene	ANT_1_02576	ANT_1_51:c1516-968	ANT_1_02576
prokka_ANT_1/ANT_1:Gene	ANT_1_02577	ANT_1_51:1858-3081	ANT_1_02577
prokka_ANT_1/ANT_1:Gene	srlR_2	ANT_1_51:c4023-3286	ANT_1_02578
prokka_ANT_1/ANT_1:Gene	ybiV	ANT_1_51:4246-5133	ANT_1_02579
prokka_ANT_1/ANT_1:Gene	ANT_1_02580	ANT_1_51:c6513-5179	ANT_1_02580
prokka_ANT_1/ANT_1:Gene	bglH_3	ANT_1_51:7033-8574	ANT_1_02581
prokka_ANT_1/ANT_1:Gene	axe1-6A	ANT_1_51:8612-9796	ANT_1_02582
prokka_ANT_1/ANT_1:Gene	ANT_1_02583	ANT_1_51:9902-10318	ANT_1_02583
prokka_ANT_1/ANT_1:Gene	gamA	ANT_1_51:c11064-10315	ANT_1_02584
prokka_ANT_1/ANT_1:Gene	ANT_1_02585	ANT_1_51:11247-12026	ANT_1_02585
prokka_ANT_1/ANT_1:Gene	ANT_1_02586	ANT_1_51:c13123-12029	ANT_1_02586
prokka_ANT_1/ANT_1:Gene	argT_2	ANT_1_51:c13906-13127	ANT_1_02587
prokka_ANT_1/ANT_1:Gene	treF	ANT_1_51:c15677-14067	ANT_1_02588
prokka_ANT_1/ANT_1:Gene	rhtB_1	ANT_1_51:16240-16866	ANT_1_02589
prokka_ANT_1/ANT_1:Gene	dmlR_7	ANT_1_51:16939-17832	ANT_1_02590
prokka_ANT_1/ANT_1:Gene	ANT_1_02591	ANT_1_51:c18658-17879	ANT_1_02591
prokka_ANT_1/ANT_1:Gene	ANT_1_02592	ANT_1_51:c19862-18798	ANT_1_02592
prokka_ANT_1/ANT_1:Gene	dmlR_8	ANT_1_51:19959-20867	ANT_1_02593
prokka_ANT_1/ANT_1:Gene	yiaJ	ANT_1_51:c21826-21014	ANT_1_02594
prokka_ANT_1/ANT_1:Gene	ANT_1_02595	ANT_1_51:c21977-21837	ANT_1_02595
prokka_ANT_1/ANT_1:Gene	rbsA_3	ANT_1_51:22163-23689	ANT_1_02596
prokka_ANT_1/ANT_1:Gene	ANT_1_02597	ANT_1_51:23731-24831	ANT_1_02597
prokka_ANT_1/ANT_1:Gene	ANT_1_02598	ANT_1_51:24828-25928	ANT_1_02598
prokka_ANT_1/ANT_1:Gene	gnl	ANT_1_51:25939-26790	ANT_1_02599
prokka_ANT_1/ANT_1:Gene	dlgD	ANT_1_51:27023-28021	ANT_1_02600
prokka_ANT_1/ANT_1:Gene	tabA	ANT_1_51:28036-28506	ANT_1_02601
prokka_ANT_1/ANT_1:Gene	ttuB_2	ANT_1_51:28519-29814	ANT_1_02602
prokka_ANT_1/ANT_1:Gene	lyx	ANT_1_51:29811-31292	ANT_1_02603
prokka_ANT_1/ANT_1:Gene	sgbH	ANT_1_51:31289-31951	ANT_1_02604
prokka_ANT_1/ANT_1:Gene	ulaE	ANT_1_51:31954-32811	ANT_1_02605
prokka_ANT_1/ANT_1:Gene	sgbE	ANT_1_51:32808-33506	ANT_1_02606
prokka_ANT_1/ANT_1:Gene	ANT_1_02607	ANT_1_52:c1420-557	ANT_1_02607
prokka_ANT_1/ANT_1:Gene	tsaC_2	ANT_1_53:598-1200	ANT_1_02608
prokka_ANT_1/ANT_1:Gene	dmlR_9	ANT_1_53:c2099-1197	ANT_1_02609
prokka_ANT_1/ANT_1:Gene	ANT_1_02610	ANT_1_53:2326-2808	ANT_1_02610
prokka_ANT_1/ANT_1:Gene	ANT_1_02611	ANT_1_53:2824-4056	ANT_1_02611
prokka_ANT_1/ANT_1:Gene	tsaC_3	ANT_1_53:4074-4673	ANT_1_02612
prokka_ANT_1/ANT_1:Gene	ANT_1_02613	ANT_1_53:4673-5899	ANT_1_02613
prokka_ANT_1/ANT_1:Gene	tolC_2	ANT_1_53:5943-7370	ANT_1_02614
prokka_ANT_1/ANT_1:Gene	leuC_2	ANT_1_53:7508-8806	ANT_1_02615
prokka_ANT_1/ANT_1:Gene	DmdB	ANT_1_53:8803-9354	ANT_1_02616
prokka_ANT_1/ANT_1:Gene	ANT_1_02617	ANT_1_53:9521-10531	ANT_1_02617
prokka_ANT_1/ANT_1:Gene	ANT_1_02618	ANT_1_53:10738-10827	ANT_1_02618
prokka_ANT_1/ANT_1:Gene	ANT_1_02619	ANT_1_53:c11622-10837	ANT_1_02619
prokka_ANT_1/ANT_1:Gene	ANT_1_02620	ANT_1_54:106-2241	ANT_1_02620
prokka_ANT_1/ANT_1:Gene	ANT_1_02621	ANT_1_54:2231-2854	ANT_1_02621
prokka_ANT_1/ANT_1:Gene	ANT_1_02622	ANT_1_54:2857-3333	ANT_1_02622
prokka_ANT_1/ANT_1:Gene	ANT_1_02623	ANT_1_54:3882-5894	ANT_1_02623
prokka_ANT_1/ANT_1:Gene	ANT_1_02624	ANT_1_54:5887-6654	ANT_1_02624
prokka_ANT_1/ANT_1:Gene	ANT_1_02625	ANT_1_54:6705-7469	ANT_1_02625
prokka_ANT_1/ANT_1:Gene	ANT_1_02626	ANT_1_54:7852-8211	ANT_1_02626
prokka_ANT_1/ANT_1:Gene	ANT_1_02627	ANT_1_54:8218-9363	ANT_1_02627
prokka_ANT_1/ANT_1:Gene	ANT_1_02628	ANT_1_54:9317-12739	ANT_1_02628
prokka_ANT_1/ANT_1:Gene	ANT_1_02629	ANT_1_54:12753-14351	ANT_1_02629
prokka_ANT_1/ANT_1:Gene	ANT_1_02630	ANT_1_54:14394-15026	ANT_1_02630
prokka_ANT_1/ANT_1:Gene	ANT_1_02631	ANT_1_54:15023-15250	ANT_1_02631
prokka_ANT_1/ANT_1:Gene	gnd	ANT_1_55:c1668-262	ANT_1_02632
prokka_ANT_1/ANT_1:Gene	ANT_1_02633	ANT_1_56:1-168	ANT_1_02633
prokka_ANT_1/ANT_1:Gene	ANT_1_02634	ANT_1_56:165-791	ANT_1_02634
prokka_ANT_1/ANT_1:Gene	nfdA	ANT_1_56:784-2652	ANT_1_02635
prokka_ANT_1/ANT_1:Gene	ANT_1_02636	ANT_1_56:c3593-2730	ANT_1_02636
prokka_ANT_1/ANT_1:Gene	ANT_1_02637	ANT_1_56:c4594-3617	ANT_1_02637
prokka_ANT_1/ANT_1:Gene	purR_2	ANT_1_56:4780-5700	ANT_1_02638
prokka_ANT_1/ANT_1:Gene	ddpF	ANT_1_57:17-238	ANT_1_02639
prokka_ANT_1/ANT_1:Gene	ddpA_1	ANT_1_57:374-1951	ANT_1_02640
prokka_ANT_1/ANT_1:Gene	ANT_1_02641	ANT_1_57:c2204-2010	ANT_1_02641
prokka_ANT_1/ANT_1:Gene	ANT_1_02642	ANT_1_57:2548-2751	ANT_1_02642
prokka_ANT_1/ANT_1:Gene	ANT_1_02643	ANT_1_57:2948-3193	ANT_1_02643
prokka_ANT_1/ANT_1:Gene	wecH_2	ANT_1_57:3271-4323	ANT_1_02644
prokka_ANT_1/ANT_1:Gene	ANT_1_02645	ANT_1_57:c4628-4398	ANT_1_02645
prokka_ANT_1/ANT_1:Gene	ANT_1_02646	ANT_1_57:c5288-4704	ANT_1_02646
prokka_ANT_1/ANT_1:Gene	ANT_1_02647	ANT_1_57:5715-5957	ANT_1_02647
prokka_ANT_1/ANT_1:Gene	dapA_2	ANT_1_57:c6911-6021	ANT_1_02648
prokka_ANT_1/ANT_1:Gene	ANT_1_02649	ANT_1_57:7052-7222	ANT_1_02649
prokka_ANT_1/ANT_1:Gene	iraP_1	ANT_1_57:c7512-7219	ANT_1_02650
prokka_ANT_1/ANT_1:Gene	ANT_1_02651	ANT_1_57:7794-7991	ANT_1_02651
prokka_ANT_1/ANT_1:Gene	ANT_1_02652	ANT_1_57:7993-8742	ANT_1_02652
prokka_ANT_1/ANT_1:Gene	crcB	ANT_1_57:c9122-8745	ANT_1_02653
prokka_ANT_1/ANT_1:Gene	dauR_2	ANT_1_57:9413-10126	ANT_1_02654
prokka_ANT_1/ANT_1:Gene	psdht	ANT_1_57:10123-11046	ANT_1_02655
prokka_ANT_1/ANT_1:Gene	sdhL	ANT_1_57:11162-11980	ANT_1_02656
prokka_ANT_1/ANT_1:Gene	hisZ	ANT_1_57:c13908-12022	ANT_1_02657
prokka_ANT_1/ANT_1:Gene	adiC	ANT_1_57:14317-15666	ANT_1_02658
prokka_ANT_1/ANT_1:Gene	hdc	ANT_1_57:15708-16844	ANT_1_02659
prokka_ANT_1/ANT_1:Gene	hisS_2	ANT_1_57:16922-18178	ANT_1_02660
prokka_ANT_1/ANT_1:Gene	leuE	ANT_1_57:c18846-18220	ANT_1_02661
prokka_ANT_1/ANT_1:Gene	proA	ANT_1_57:c20120-18867	ANT_1_02662
prokka_ANT_1/ANT_1:Gene	proB	ANT_1_57:c21235-20132	ANT_1_02663
prokka_ANT_1/ANT_1:Gene	omp-EA	ANT_1_57:21482-22606	ANT_1_02664
prokka_ANT_1/ANT_1:Gene	crl	ANT_1_57:c23123-22722	ANT_1_02665
prokka_ANT_1/ANT_1:Gene	ANT_1_02666	ANT_1_57:c24430-23180	ANT_1_02666
prokka_ANT_1/ANT_1:Gene	gpt	ANT_1_57:c25036-24578	ANT_1_02667
prokka_ANT_1/ANT_1:Gene	pepD	ANT_1_57:25300-26769	ANT_1_02668
prokka_ANT_1/ANT_1:Gene	dinB	ANT_1_57:c27895-26840	ANT_1_02669
prokka_ANT_1/ANT_1:Gene	ANT_1_02670	ANT_1_57:28109-28843	ANT_1_02670
prokka_ANT_1/ANT_1:Gene	yafJ	ANT_1_57:c29581-28814	ANT_1_02671
prokka_ANT_1/ANT_1:Gene	gmhA	ANT_1_57:c30207-29626	ANT_1_02672
prokka_ANT_1/ANT_1:Gene	fadE	ANT_1_57:30426-32870	ANT_1_02673
prokka_ANT_1/ANT_1:Gene	mtnK	ANT_1_57:c34108-32909	ANT_1_02674
prokka_ANT_1/ANT_1:Gene	mtnA	ANT_1_57:34223-35248	ANT_1_02675
prokka_ANT_1/ANT_1:Gene	mtnD	ANT_1_57:c35920-35378	ANT_1_02676
prokka_ANT_1/ANT_1:Gene	mtnC	ANT_1_57:c36606-35917	ANT_1_02677
prokka_ANT_1/ANT_1:Gene	mtnB	ANT_1_57:c37217-36603	ANT_1_02678
prokka_ANT_1/ANT_1:Gene	ybdL_2	ANT_1_57:37357-38517	ANT_1_02679
prokka_ANT_1/ANT_1:Gene	yafV	ANT_1_57:38505-39275	ANT_1_02680
prokka_ANT_1/ANT_1:Gene	hiuH_2	ANT_1_57:c39629-39297	ANT_1_02681
prokka_ANT_1/ANT_1:Gene	uao	ANT_1_57:c40120-39626	ANT_1_02682
prokka_ANT_1/ANT_1:Gene	amaB	ANT_1_57:c41376-40120	ANT_1_02683
prokka_ANT_1/ANT_1:Gene	pucG	ANT_1_57:c42611-41373	ANT_1_02684
prokka_ANT_1/ANT_1:Gene	glnQ_5	ANT_1_57:c43381-42644	ANT_1_02685
prokka_ANT_1/ANT_1:Gene	yecS	ANT_1_57:c44018-43362	ANT_1_02686
prokka_ANT_1/ANT_1:Gene	glnM	ANT_1_57:c44683-44018	ANT_1_02687
prokka_ANT_1/ANT_1:Gene	fliY	ANT_1_57:c45479-44694	ANT_1_02688
prokka_ANT_1/ANT_1:Gene	ANT_1_02689	ANT_1_57:c46584-45745	ANT_1_02689
prokka_ANT_1/ANT_1:Gene	hpxW	ANT_1_57:46800-48386	ANT_1_02690
prokka_ANT_1/ANT_1:Gene	ANT_1_02691	ANT_1_57:48408-48596	ANT_1_02691
prokka_ANT_1/ANT_1:Gene	atzE	ANT_1_57:48593-49996	ANT_1_02692
prokka_ANT_1/ANT_1:Gene	ANT_1_02693	ANT_1_57:49993-50376	ANT_1_02693
prokka_ANT_1/ANT_1:Gene	ANT_1_02694	ANT_1_57:50491-50796	ANT_1_02694
prokka_ANT_1/ANT_1:Gene	ANT_1_02695	ANT_1_57:c51524-50817	ANT_1_02695
prokka_ANT_1/ANT_1:Gene	ANT_1_02696	ANT_1_57:c52277-51573	ANT_1_02696
prokka_ANT_1/ANT_1:Gene	ANT_1_02697	ANT_1_57:c53012-52308	ANT_1_02697
prokka_ANT_1/ANT_1:Gene	ANT_1_02698	ANT_1_57:c53765-53061	ANT_1_02698
prokka_ANT_1/ANT_1:Gene	ANT_1_02699	ANT_1_57:c54888-53929	ANT_1_02699
prokka_ANT_1/ANT_1:Gene	hyuA	ANT_1_57:c55672-54932	ANT_1_02700
prokka_ANT_1/ANT_1:Gene	fadR_2	ANT_1_57:c56388-55675	ANT_1_02701
prokka_ANT_1/ANT_1:Gene	pucI	ANT_1_57:56534-58033	ANT_1_02702
prokka_ANT_1/ANT_1:Gene	ANT_1_02703	ANT_1_57:c58158-58082	ANT_1_02703
prokka_ANT_1/ANT_1:Gene	dnaQ	ANT_1_57:c59042-58290	ANT_1_02704
prokka_ANT_1/ANT_1:Gene	rnhA	ANT_1_57:59094-59561	ANT_1_02705
prokka_ANT_1/ANT_1:Gene	ANT_1_02706	ANT_1_57:c60330-59608	ANT_1_02706
prokka_ANT_1/ANT_1:Gene	gloB	ANT_1_57:60376-61131	ANT_1_02707
prokka_ANT_1/ANT_1:Gene	mltD	ANT_1_57:61203-62585	ANT_1_02708
prokka_ANT_1/ANT_1:Gene	ycgJ	ANT_1_57:c63422-62658	ANT_1_02709
prokka_ANT_1/ANT_1:Gene	ANT_1_02710	ANT_1_57:c64241-63438	ANT_1_02710
prokka_ANT_1/ANT_1:Gene	ANT_1_02711	ANT_1_57:c64495-64419	ANT_1_02711
prokka_ANT_1/ANT_1:Gene	ANT_1_02712	ANT_1_58:c1689-943	ANT_1_02712
prokka_ANT_1/ANT_1:Gene	traN	ANT_1_59:c1878-31	ANT_1_02713
prokka_ANT_1/ANT_1:Gene	ANT_1_02714	ANT_1_59:c2489-1875	ANT_1_02714
prokka_ANT_1/ANT_1:Gene	ANT_1_02715	ANT_1_59:c3492-2500	ANT_1_02715
prokka_ANT_1/ANT_1:Gene	ANT_1_02716	ANT_1_59:c3833-3489	ANT_1_02716
prokka_ANT_1/ANT_1:Gene	ANT_1_02717	ANT_1_59:c4252-3887	ANT_1_02717
prokka_ANT_1/ANT_1:Gene	ANT_1_02718	ANT_1_59:c5032-4406	ANT_1_02718
prokka_ANT_1/ANT_1:Gene	ANT_1_02719	ANT_1_59:c5649-5029	ANT_1_02719
prokka_ANT_1/ANT_1:Gene	ANT_1_02720	ANT_1_59:c6134-5646	ANT_1_02720
prokka_ANT_1/ANT_1:Gene	traC_1	ANT_1_59:c8800-6131	ANT_1_02721
prokka_ANT_1/ANT_1:Gene	traV	ANT_1_59:c9348-8803	ANT_1_02722
prokka_ANT_1/ANT_1:Gene	ANT_1_02723	ANT_1_59:c9966-9589	ANT_1_02723
prokka_ANT_1/ANT_1:Gene	rfaH_1	ANT_1_59:c10487-9963	ANT_1_02724
prokka_ANT_1/ANT_1:Gene	ANT_1_02725	ANT_1_59:c11901-10498	ANT_1_02725
prokka_ANT_1/ANT_1:Gene	ANT_1_02726	ANT_1_59:c12629-11898	ANT_1_02726
prokka_ANT_1/ANT_1:Gene	ANT_1_02727	ANT_1_59:c13233-12634	ANT_1_02727
prokka_ANT_1/ANT_1:Gene	ANT_1_02728	ANT_1_59:c13587-13285	ANT_1_02728
prokka_ANT_1/ANT_1:Gene	ANT_1_02729	ANT_1_59:c14024-13593	ANT_1_02729
prokka_ANT_1/ANT_1:Gene	ANT_1_02730	ANT_1_59:14230-14838	ANT_1_02730
prokka_ANT_1/ANT_1:Gene	ANT_1_02731	ANT_1_59:c15278-14889	ANT_1_02731
prokka_ANT_1/ANT_1:Gene	ANT_1_02732	ANT_1_59:16001-16552	ANT_1_02732
prokka_ANT_1/ANT_1:Gene	ANT_1_02733	ANT_1_59:c16882-16571	ANT_1_02733
prokka_ANT_1/ANT_1:Gene	ANT_1_02734	ANT_1_59:c17752-16931	ANT_1_02734
prokka_ANT_1/ANT_1:Gene	ANT_1_02735	ANT_1_59:c17941-17807	ANT_1_02735
prokka_ANT_1/ANT_1:Gene	ANT_1_02736	ANT_1_60:434-1648	ANT_1_02736
prokka_ANT_1/ANT_1:Gene	ANT_1_02737	ANT_1_60:1784-2431	ANT_1_02737
prokka_ANT_1/ANT_1:Gene	ANT_1_02738	ANT_1_60:2522-3622	ANT_1_02738
prokka_ANT_1/ANT_1:Gene	ANT_1_02739	ANT_1_60:3665-4489	ANT_1_02739
prokka_ANT_1/ANT_1:Gene	ANT_1_02740	ANT_1_60:4568-4810	ANT_1_02740
prokka_ANT_1/ANT_1:Gene	ANT_1_02741	ANT_1_60:5114-5692	ANT_1_02741
prokka_ANT_1/ANT_1:Gene	ANT_1_02742	ANT_1_60:6155-6640	ANT_1_02742
prokka_ANT_1/ANT_1:Gene	ANT_1_02743	ANT_1_60:6788-7270	ANT_1_02743
prokka_ANT_1/ANT_1:Gene	shlB_2	ANT_1_60:c9694-7946	ANT_1_02744
prokka_ANT_1/ANT_1:Gene	ssb_1	ANT_1_60:c10706-10149	ANT_1_02745
prokka_ANT_1/ANT_1:Gene	uvrA	ANT_1_60:10956-13784	ANT_1_02746
prokka_ANT_1/ANT_1:Gene	yahK	ANT_1_60:14038-15090	ANT_1_02747
prokka_ANT_1/ANT_1:Gene	yjbR	ANT_1_60:c15462-15145	ANT_1_02748
prokka_ANT_1/ANT_1:Gene	ANT_1_02749	ANT_1_60:c15884-15465	ANT_1_02749
prokka_ANT_1/ANT_1:Gene	tyrB	ANT_1_60:c17183-15990	ANT_1_02750
prokka_ANT_1/ANT_1:Gene	ANT_1_02751	ANT_1_60:c17875-17258	ANT_1_02751
prokka_ANT_1/ANT_1:Gene	decR_3	ANT_1_60:c18610-18131	ANT_1_02752
prokka_ANT_1/ANT_1:Gene	dnaB_1	ANT_1_60:c20186-18771	ANT_1_02753
prokka_ANT_1/ANT_1:Gene	qorA	ANT_1_60:20288-21268	ANT_1_02754
prokka_ANT_1/ANT_1:Gene	pspG	ANT_1_60:c21740-21507	ANT_1_02755
prokka_ANT_1/ANT_1:Gene	dusA	ANT_1_60:c22894-21899	ANT_1_02756
prokka_ANT_1/ANT_1:Gene	ANT_1_02757	ANT_1_60:c24375-23047	ANT_1_02757
prokka_ANT_1/ANT_1:Gene	zur	ANT_1_60:24760-25275	ANT_1_02758
prokka_ANT_1/ANT_1:Gene	ANT_1_02759	ANT_1_60:c25571-25362	ANT_1_02759
prokka_ANT_1/ANT_1:Gene	dinF	ANT_1_60:c27103-25787	ANT_1_02760
prokka_ANT_1/ANT_1:Gene	lexA_1	ANT_1_60:c27795-27187	ANT_1_02761
prokka_ANT_1/ANT_1:Gene	dgkA	ANT_1_60:c28270-27902	ANT_1_02762
prokka_ANT_1/ANT_1:Gene	plsB	ANT_1_60:28389-30821	ANT_1_02763
prokka_ANT_1/ANT_1:Gene	ubiA	ANT_1_60:c31827-30958	ANT_1_02764
prokka_ANT_1/ANT_1:Gene	ubiC	ANT_1_60:c32347-31829	ANT_1_02765
prokka_ANT_1/ANT_1:Gene	psiE	ANT_1_60:c32868-32452	ANT_1_02766
prokka_ANT_1/ANT_1:Gene	ANT_1_02767	ANT_1_60:c35115-33022	ANT_1_02767
prokka_ANT_1/ANT_1:Gene	ANT_1_02768	ANT_1_60:c35870-35115	ANT_1_02768
prokka_ANT_1/ANT_1:Gene	gfcB	ANT_1_60:c36562-35867	ANT_1_02769
prokka_ANT_1/ANT_1:Gene	ANT_1_02770	ANT_1_60:c36858-36592	ANT_1_02770
prokka_ANT_1/ANT_1:Gene	pgi	ANT_1_60:c39149-37506	ANT_1_02771
prokka_ANT_1/ANT_1:Gene	lysC	ANT_1_60:39791-41143	ANT_1_02772
prokka_ANT_1/ANT_1:Gene	panS	ANT_1_60:41357-42274	ANT_1_02773
prokka_ANT_1/ANT_1:Gene	ANT_1_02774	ANT_1_60:c43943-42318	ANT_1_02774
prokka_ANT_1/ANT_1:Gene	lpfA_2	ANT_1_60:44414-44947	ANT_1_02775
prokka_ANT_1/ANT_1:Gene	yadV_1	ANT_1_60:45056-45787	ANT_1_02776
prokka_ANT_1/ANT_1:Gene	fimD	ANT_1_60:45805-48273	ANT_1_02777
prokka_ANT_1/ANT_1:Gene	ANT_1_02778	ANT_1_60:48286-49329	ANT_1_02778
prokka_ANT_1/ANT_1:Gene	ANT_1_02779	ANT_1_60:49432-50472	ANT_1_02779
prokka_ANT_1/ANT_1:Gene	btuD_9	ANT_1_60:c51461-50469	ANT_1_02780
prokka_ANT_1/ANT_1:Gene	phnV	ANT_1_60:c52249-51464	ANT_1_02781
prokka_ANT_1/ANT_1:Gene	ANT_1_02782	ANT_1_60:c53100-52252	ANT_1_02782
prokka_ANT_1/ANT_1:Gene	ANT_1_02783	ANT_1_60:c53906-53097	ANT_1_02783
prokka_ANT_1/ANT_1:Gene	ANT_1_02784	ANT_1_60:c54974-53916	ANT_1_02784
prokka_ANT_1/ANT_1:Gene	phnR	ANT_1_60:55182-55916	ANT_1_02785
prokka_ANT_1/ANT_1:Gene	metH	ANT_1_60:c59864-56178	ANT_1_02786
prokka_ANT_1/ANT_1:Gene	iclR	ANT_1_60:60060-60893	ANT_1_02787
prokka_ANT_1/ANT_1:Gene	aceK	ANT_1_60:c62768-60999	ANT_1_02788
prokka_ANT_1/ANT_1:Gene	aceA	ANT_1_60:c64129-62825	ANT_1_02789
prokka_ANT_1/ANT_1:Gene	aceB	ANT_1_60:c65749-64151	ANT_1_02790
prokka_ANT_1/ANT_1:Gene	metAS	ANT_1_60:c66990-66061	ANT_1_02791
prokka_ANT_1/ANT_1:Gene	ANT_1_02792	ANT_1_60:67232-67816	ANT_1_02792
prokka_ANT_1/ANT_1:Gene	ANT_1_02793	ANT_1_60:c67976-67866	ANT_1_02793
prokka_ANT_1/ANT_1:Gene	ANT_1_02794	ANT_1_60:c70998-68096	ANT_1_02794
prokka_ANT_1/ANT_1:Gene	icd	ANT_1_61:89-289	ANT_1_02795
prokka_ANT_1/ANT_1:Gene	ANT_1_02796	ANT_1_61:c2541-574	ANT_1_02796
prokka_ANT_1/ANT_1:Gene	ANT_1_02797	ANT_1_61:3135-3413	ANT_1_02797
prokka_ANT_1/ANT_1:Gene	ANT_1_02798	ANT_1_61:3413-3736	ANT_1_02798
prokka_ANT_1/ANT_1:Gene	ANT_1_02799	ANT_1_62:1431-1799	ANT_1_02799
prokka_ANT_1/ANT_1:Gene	recB	ANT_1_62:c5350-1814	ANT_1_02800
prokka_ANT_1/ANT_1:Gene	ptrA	ANT_1_62:c8232-5347	ANT_1_02801
prokka_ANT_1/ANT_1:Gene	recC	ANT_1_62:c11740-8372	ANT_1_02802
prokka_ANT_1/ANT_1:Gene	ANT_1_02803	ANT_1_62:c12133-11816	ANT_1_02803
prokka_ANT_1/ANT_1:Gene	ANT_1_02804	ANT_1_62:c12536-12123	ANT_1_02804
prokka_ANT_1/ANT_1:Gene	ANT_1_02805	ANT_1_62:c13081-12536	ANT_1_02805
prokka_ANT_1/ANT_1:Gene	ANT_1_02806	ANT_1_62:c13539-13078	ANT_1_02806
prokka_ANT_1/ANT_1:Gene	thyA	ANT_1_62:c14529-13735	ANT_1_02807
prokka_ANT_1/ANT_1:Gene	lgt	ANT_1_62:c15404-14526	ANT_1_02808
prokka_ANT_1/ANT_1:Gene	ptsP	ANT_1_62:c17774-15528	ANT_1_02809
prokka_ANT_1/ANT_1:Gene	rppH	ANT_1_62:c18314-17787	ANT_1_02810
prokka_ANT_1/ANT_1:Gene	mutH	ANT_1_62:19000-19686	ANT_1_02811
prokka_ANT_1/ANT_1:Gene	ANT_1_02812	ANT_1_62:19774-20484	ANT_1_02812
prokka_ANT_1/ANT_1:Gene	ygdR_4	ANT_1_62:20654-20869	ANT_1_02813
prokka_ANT_1/ANT_1:Gene	tas	ANT_1_62:21072-22112	ANT_1_02814
prokka_ANT_1/ANT_1:Gene	ANT_1_02815	ANT_1_62:c22996-22163	ANT_1_02815
prokka_ANT_1/ANT_1:Gene	lplT	ANT_1_62:c24353-23148	ANT_1_02816
prokka_ANT_1/ANT_1:Gene	aas	ANT_1_62:c26506-24350	ANT_1_02817
prokka_ANT_1/ANT_1:Gene	oprM_2	ANT_1_62:c28087-26681	ANT_1_02818
prokka_ANT_1/ANT_1:Gene	mexB_1	ANT_1_62:c31205-28077	ANT_1_02819
prokka_ANT_1/ANT_1:Gene	mexA	ANT_1_62:c32351-31227	ANT_1_02820
prokka_ANT_1/ANT_1:Gene	ftsI_2	ANT_1_62:c34756-33035	ANT_1_02821
prokka_ANT_1/ANT_1:Gene	ANT_1_02822	ANT_1_62:c35207-35001	ANT_1_02822
prokka_ANT_1/ANT_1:Gene	dorA	ANT_1_62:c37474-35207	ANT_1_02823
prokka_ANT_1/ANT_1:Gene	galR	ANT_1_62:37667-38668	ANT_1_02824
prokka_ANT_1/ANT_1:Gene	ANT_1_02825	ANT_1_62:c39189-38728	ANT_1_02825
prokka_ANT_1/ANT_1:Gene	lutR_2	ANT_1_62:c39959-39186	ANT_1_02826
prokka_ANT_1/ANT_1:Gene	licB	ANT_1_62:c40317-40000	ANT_1_02827
prokka_ANT_1/ANT_1:Gene	gmuD_2	ANT_1_62:c41755-40328	ANT_1_02828
prokka_ANT_1/ANT_1:Gene	licC_3	ANT_1_62:c43099-41765	ANT_1_02829
prokka_ANT_1/ANT_1:Gene	chbA_3	ANT_1_62:43282-43593	ANT_1_02830
prokka_ANT_1/ANT_1:Gene	lysA	ANT_1_62:c44916-43663	ANT_1_02831
prokka_ANT_1/ANT_1:Gene	occR	ANT_1_62:45035-45955	ANT_1_02832
prokka_ANT_1/ANT_1:Gene	ydhP	ANT_1_62:c47115-45952	ANT_1_02833
prokka_ANT_1/ANT_1:Gene	ANT_1_02834	ANT_1_62:47588-48211	ANT_1_02834
prokka_ANT_1/ANT_1:Gene	lysS	ANT_1_62:c49789-48269	ANT_1_02835
prokka_ANT_1/ANT_1:Gene	prfB	ANT_1_62:c50680-49799	ANT_1_02836
prokka_ANT_1/ANT_1:Gene	rhtB_2	ANT_1_62:51069-51692	ANT_1_02837
prokka_ANT_1/ANT_1:Gene	ANT_1_02838	ANT_1_62:51689-51811	ANT_1_02838
prokka_ANT_1/ANT_1:Gene	recJ	ANT_1_62:c53561-51843	ANT_1_02839
prokka_ANT_1/ANT_1:Gene	dsbC	ANT_1_62:c54270-53566	ANT_1_02840
prokka_ANT_1/ANT_1:Gene	xerD_1	ANT_1_62:c55281-54313	ANT_1_02841
prokka_ANT_1/ANT_1:Gene	fldB	ANT_1_62:55386-55904	ANT_1_02842
prokka_ANT_1/ANT_1:Gene	creD	ANT_1_62:c57322-55961	ANT_1_02843
prokka_ANT_1/ANT_1:Gene	creC	ANT_1_62:c58830-57412	ANT_1_02844
prokka_ANT_1/ANT_1:Gene	creB	ANT_1_62:c59525-58830	ANT_1_02845
prokka_ANT_1/ANT_1:Gene	ygfX	ANT_1_62:c59883-59518	ANT_1_02846
prokka_ANT_1/ANT_1:Gene	sdhE	ANT_1_62:c60190-59912	ANT_1_02847
prokka_ANT_1/ANT_1:Gene	ygfZ	ANT_1_62:60405-61391	ANT_1_02848
prokka_ANT_1/ANT_1:Gene	ANT_1_02849	ANT_1_62:c62064-61411	ANT_1_02849
prokka_ANT_1/ANT_1:Gene	ygfF	ANT_1_62:c62985-62242	ANT_1_02850
prokka_ANT_1/ANT_1:Gene	mdoB	ANT_1_63:22-315	ANT_1_02851
prokka_ANT_1/ANT_1:Gene	ampH	ANT_1_63:412-1587	ANT_1_02852
prokka_ANT_1/ANT_1:Gene	ANT_1_02853	ANT_1_63:c1954-1640	ANT_1_02853
prokka_ANT_1/ANT_1:Gene	ANT_1_02854	ANT_1_63:2074-2331	ANT_1_02854
prokka_ANT_1/ANT_1:Gene	nlpA	ANT_1_63:2464-3279	ANT_1_02855
prokka_ANT_1/ANT_1:Gene	ANT_1_02856	ANT_1_63:c3884-3327	ANT_1_02856
prokka_ANT_1/ANT_1:Gene	yhaV	ANT_1_63:c4582-4091	ANT_1_02857
prokka_ANT_1/ANT_1:Gene	prlF	ANT_1_63:c4940-4596	ANT_1_02858
prokka_ANT_1/ANT_1:Gene	mshD	ANT_1_63:5154-5972	ANT_1_02859
prokka_ANT_1/ANT_1:Gene	ANT_1_02860	ANT_1_63:c6916-6023	ANT_1_02860
prokka_ANT_1/ANT_1:Gene	lamB_3	ANT_1_63:c8422-7127	ANT_1_02861
prokka_ANT_1/ANT_1:Gene	malK_2	ANT_1_63:c9561-8452	ANT_1_02862
prokka_ANT_1/ANT_1:Gene	malE	ANT_1_63:9937-11151	ANT_1_02863
prokka_ANT_1/ANT_1:Gene	malF	ANT_1_63:11241-12806	ANT_1_02864
prokka_ANT_1/ANT_1:Gene	malG	ANT_1_63:12819-13709	ANT_1_02865
prokka_ANT_1/ANT_1:Gene	ANT_1_02866	ANT_1_63:c14547-13759	ANT_1_02866
prokka_ANT_1/ANT_1:Gene	malQ_2	ANT_1_63:c16791-14704	ANT_1_02867
prokka_ANT_1/ANT_1:Gene	malP_3	ANT_1_63:c19203-16801	ANT_1_02868
prokka_ANT_1/ANT_1:Gene	malT	ANT_1_63:19526-22252	ANT_1_02869
prokka_ANT_1/ANT_1:Gene	ANT_1_02870	ANT_1_63:c23168-22626	ANT_1_02870
prokka_ANT_1/ANT_1:Gene	hcpA_4	ANT_1_63:c24024-23533	ANT_1_02871
prokka_ANT_1/ANT_1:Gene	ANT_1_02872	ANT_1_63:c24549-24025	ANT_1_02872
prokka_ANT_1/ANT_1:Gene	ANT_1_02873	ANT_1_63:c24905-24546	ANT_1_02873
prokka_ANT_1/ANT_1:Gene	yqjC_1	ANT_1_64:185-556	ANT_1_02874
prokka_ANT_1/ANT_1:Gene	yqjD	ANT_1_64:602-907	ANT_1_02875
prokka_ANT_1/ANT_1:Gene	yqjE	ANT_1_64:909-1301	ANT_1_02876
prokka_ANT_1/ANT_1:Gene	ANT_1_02877	ANT_1_64:1302-1583	ANT_1_02877
prokka_ANT_1/ANT_1:Gene	yqjF	ANT_1_64:1808-2197	ANT_1_02878
prokka_ANT_1/ANT_1:Gene	yqjG	ANT_1_64:2275-3261	ANT_1_02879
prokka_ANT_1/ANT_1:Gene	ANT_1_02880	ANT_1_64:3402-3536	ANT_1_02880
prokka_ANT_1/ANT_1:Gene	yhaJ_2	ANT_1_64:c4461-3559	ANT_1_02881
prokka_ANT_1/ANT_1:Gene	yhaK	ANT_1_64:4588-5292	ANT_1_02882
prokka_ANT_1/ANT_1:Gene	roxA_1	ANT_1_64:c6418-5297	ANT_1_02883
prokka_ANT_1/ANT_1:Gene	ANT_1_02884	ANT_1_64:c9816-7219	ANT_1_02884
prokka_ANT_1/ANT_1:Gene	bin3	ANT_1_64:10277-10909	ANT_1_02885
prokka_ANT_1/ANT_1:Gene	ANT_1_02886	ANT_1_64:c12810-11467	ANT_1_02886
prokka_ANT_1/ANT_1:Gene	ANT_1_02887	ANT_1_64:c12980-12783	ANT_1_02887
prokka_ANT_1/ANT_1:Gene	ANT_1_02888	ANT_1_64:c13632-13126	ANT_1_02888
prokka_ANT_1/ANT_1:Gene	xerC_1	ANT_1_64:c15620-14187	ANT_1_02889
prokka_ANT_1/ANT_1:Gene	ANT_1_02890	ANT_1_64:15871-16446	ANT_1_02890
prokka_ANT_1/ANT_1:Gene	rsmI	ANT_1_64:c17150-16287	ANT_1_02891
prokka_ANT_1/ANT_1:Gene	lpoA	ANT_1_64:17213-19234	ANT_1_02892
prokka_ANT_1/ANT_1:Gene	ANT_1_02893	ANT_1_64:19192-19584	ANT_1_02893
prokka_ANT_1/ANT_1:Gene	diaA	ANT_1_64:19623-20213	ANT_1_02894
prokka_ANT_1/ANT_1:Gene	osmY_3	ANT_1_64:20224-20796	ANT_1_02895
prokka_ANT_1/ANT_1:Gene	hcpA_5	ANT_1_64:c21399-20917	ANT_1_02896
prokka_ANT_1/ANT_1:Gene	ANT_1_02897	ANT_1_65:228-431	ANT_1_02897
prokka_ANT_1/ANT_1:Gene	phnJ	ANT_1_65:c1423-581	ANT_1_02898
prokka_ANT_1/ANT_1:Gene	phnI	ANT_1_65:c2492-1416	ANT_1_02899
prokka_ANT_1/ANT_1:Gene	phnH	ANT_1_65:c3067-2492	ANT_1_02900
prokka_ANT_1/ANT_1:Gene	phnG	ANT_1_65:c3504-3064	ANT_1_02901
prokka_ANT_1/ANT_1:Gene	phnF	ANT_1_65:c4224-3505	ANT_1_02902
prokka_ANT_1/ANT_1:Gene	esaR_2	ANT_1_65:4406-5074	ANT_1_02903
prokka_ANT_1/ANT_1:Gene	sotB_3	ANT_1_65:5143-6318	ANT_1_02904
prokka_ANT_1/ANT_1:Gene	ANT_1_02905	ANT_1_65:6899-7351	ANT_1_02905
prokka_ANT_1/ANT_1:Gene	apc4	ANT_1_65:c9402-7423	ANT_1_02906
prokka_ANT_1/ANT_1:Gene	apc3	ANT_1_65:c11452-9392	ANT_1_02907
prokka_ANT_1/ANT_1:Gene	ANT_1_02908	ANT_1_65:c11919-11449	ANT_1_02908
prokka_ANT_1/ANT_1:Gene	lrp_2	ANT_1_65:c12619-12113	ANT_1_02909
prokka_ANT_1/ANT_1:Gene	davT_2	ANT_1_65:c14067-12751	ANT_1_02910
prokka_ANT_1/ANT_1:Gene	hipO_2	ANT_1_65:c15340-14207	ANT_1_02911
prokka_ANT_1/ANT_1:Gene	ghrA_1	ANT_1_65:c16268-15342	ANT_1_02912
prokka_ANT_1/ANT_1:Gene	ANT_1_02913	ANT_1_65:c17116-16268	ANT_1_02913
prokka_ANT_1/ANT_1:Gene	soxB	ANT_1_65:c18457-17126	ANT_1_02914
prokka_ANT_1/ANT_1:Gene	gsiA_2	ANT_1_65:c20355-18691	ANT_1_02915
prokka_ANT_1/ANT_1:Gene	gsiD_3	ANT_1_65:c21206-20352	ANT_1_02916
prokka_ANT_1/ANT_1:Gene	gsiC_5	ANT_1_65:c22159-21206	ANT_1_02917
prokka_ANT_1/ANT_1:Gene	gsiB_2	ANT_1_65:c23793-22189	ANT_1_02918
prokka_ANT_1/ANT_1:Gene	puuB_1	ANT_1_65:c25128-23851	ANT_1_02919
prokka_ANT_1/ANT_1:Gene	ANT_1_02920	ANT_1_65:c25815-25147	ANT_1_02920
prokka_ANT_1/ANT_1:Gene	puuC	ANT_1_65:c27326-25857	ANT_1_02921
prokka_ANT_1/ANT_1:Gene	gabD_1	ANT_1_65:c29136-27679	ANT_1_02922
prokka_ANT_1/ANT_1:Gene	ANT_1_02923	ANT_1_65:29186-29323	ANT_1_02923
prokka_ANT_1/ANT_1:Gene	ribZ	ANT_1_65:c31233-30025	ANT_1_02924
prokka_ANT_1/ANT_1:Gene	cbl	ANT_1_65:c32294-31338	ANT_1_02925
prokka_ANT_1/ANT_1:Gene	argP_3	ANT_1_65:c33358-32441	ANT_1_02926
prokka_ANT_1/ANT_1:Gene	rbsC_4	ANT_1_65:c34699-33668	ANT_1_02927
prokka_ANT_1/ANT_1:Gene	mglA_2	ANT_1_65:c36203-34719	ANT_1_02928
prokka_ANT_1/ANT_1:Gene	thpA_3	ANT_1_65:c37160-36237	ANT_1_02929
prokka_ANT_1/ANT_1:Gene	ANT_1_02930	ANT_1_65:37674-37749	ANT_1_02930
prokka_ANT_1/ANT_1:Gene	ANT_1_02931	ANT_1_65:c38479-38252	ANT_1_02931
prokka_ANT_1/ANT_1:Gene	sasA_4	ANT_1_65:c40129-38741	ANT_1_02932
prokka_ANT_1/ANT_1:Gene	basR_1	ANT_1_65:c40806-40129	ANT_1_02933
prokka_ANT_1/ANT_1:Gene	ANT_1_02934	ANT_1_65:41012-41848	ANT_1_02934
prokka_ANT_1/ANT_1:Gene	ANT_1_02935	ANT_1_65:c42876-42394	ANT_1_02935
prokka_ANT_1/ANT_1:Gene	rluA_2	ANT_1_65:43017-43715	ANT_1_02936
prokka_ANT_1/ANT_1:Gene	ANT_1_02937	ANT_1_65:c44305-43766	ANT_1_02937
prokka_ANT_1/ANT_1:Gene	katG	ANT_1_65:c46632-44422	ANT_1_02938
prokka_ANT_1/ANT_1:Gene	ANT_1_02939	ANT_1_65:46934-48439	ANT_1_02939
prokka_ANT_1/ANT_1:Gene	rbsK_2	ANT_1_65:c49387-48524	ANT_1_02940
prokka_ANT_1/ANT_1:Gene	rpiR_1	ANT_1_65:c50246-49389	ANT_1_02941
prokka_ANT_1/ANT_1:Gene	rbsC_5	ANT_1_65:c51217-50246	ANT_1_02942
prokka_ANT_1/ANT_1:Gene	araG_2	ANT_1_65:c52732-51239	ANT_1_02943
prokka_ANT_1/ANT_1:Gene	ANT_1_02944	ANT_1_65:c53789-52749	ANT_1_02944
prokka_ANT_1/ANT_1:Gene	apsI	ANT_1_65:c54819-53839	ANT_1_02945
prokka_ANT_1/ANT_1:Gene	ANT_1_02946	ANT_1_65:55140-56225	ANT_1_02946
prokka_ANT_1/ANT_1:Gene	lsrB_1	ANT_1_65:56569-57579	ANT_1_02947
prokka_ANT_1/ANT_1:Gene	rbsA_4	ANT_1_65:57666-59150	ANT_1_02948
prokka_ANT_1/ANT_1:Gene	rbsC_6	ANT_1_65:59143-60144	ANT_1_02949
prokka_ANT_1/ANT_1:Gene	lsrD_1	ANT_1_65:60141-61190	ANT_1_02950
prokka_ANT_1/ANT_1:Gene	rpiR_2	ANT_1_65:61310-62170	ANT_1_02951
prokka_ANT_1/ANT_1:Gene	ANT_1_02952	ANT_1_65:c62790-62221	ANT_1_02952
prokka_ANT_1/ANT_1:Gene	yqjH	ANT_1_65:c63538-62747	ANT_1_02953
prokka_ANT_1/ANT_1:Gene	yeeO	ANT_1_65:c65094-63664	ANT_1_02954
prokka_ANT_1/ANT_1:Gene	ANT_1_02955	ANT_1_65:c66125-65229	ANT_1_02955
prokka_ANT_1/ANT_1:Gene	lacI_2	ANT_1_65:66302-67375	ANT_1_02956
prokka_ANT_1/ANT_1:Gene	ANT_1_02957	ANT_1_65:c67746-67429	ANT_1_02957
prokka_ANT_1/ANT_1:Gene	yeeA	ANT_1_65:c68966-67908	ANT_1_02958
prokka_ANT_1/ANT_1:Gene	sbmC	ANT_1_65:c69649-69308	ANT_1_02959
prokka_ANT_1/ANT_1:Gene	dacD	ANT_1_65:c70973-69798	ANT_1_02960
prokka_ANT_1/ANT_1:Gene	sbcB	ANT_1_65:71288-72715	ANT_1_02961
prokka_ANT_1/ANT_1:Gene	plaP	ANT_1_65:c74270-72906	ANT_1_02962
prokka_ANT_1/ANT_1:Gene	ANT_1_02963	ANT_1_65:c74457-74260	ANT_1_02963
prokka_ANT_1/ANT_1:Gene	puuA	ANT_1_65:c76155-74737	ANT_1_02964
prokka_ANT_1/ANT_1:Gene	puuD	ANT_1_65:76375-77139	ANT_1_02965
prokka_ANT_1/ANT_1:Gene	puuR	ANT_1_65:77132-77689	ANT_1_02966
prokka_ANT_1/ANT_1:Gene	puuB_2	ANT_1_65:77716-78993	ANT_1_02967
prokka_ANT_1/ANT_1:Gene	yeeZ	ANT_1_65:c79934-79107	ANT_1_02968
prokka_ANT_1/ANT_1:Gene	hisG	ANT_1_65:80317-81216	ANT_1_02969
prokka_ANT_1/ANT_1:Gene	hisD	ANT_1_65:81221-82528	ANT_1_02970
prokka_ANT_1/ANT_1:Gene	hisC	ANT_1_65:82525-83616	ANT_1_02971
prokka_ANT_1/ANT_1:Gene	hisB	ANT_1_65:83613-84677	ANT_1_02972
prokka_ANT_1/ANT_1:Gene	hisH	ANT_1_65:84677-85267	ANT_1_02973
prokka_ANT_1/ANT_1:Gene	hisA	ANT_1_65:85273-86010	ANT_1_02974
prokka_ANT_1/ANT_1:Gene	hisF	ANT_1_65:85992-86768	ANT_1_02975
prokka_ANT_1/ANT_1:Gene	hisI	ANT_1_65:86762-87373	ANT_1_02976
prokka_ANT_1/ANT_1:Gene	ANT_1_02977	ANT_1_65:c87758-87402	ANT_1_02977
prokka_ANT_1/ANT_1:Gene	yraJ_2	ANT_1_66:297-2699	ANT_1_02978
prokka_ANT_1/ANT_1:Gene	gltF_1	ANT_1_66:2893-3582	ANT_1_02979
prokka_ANT_1/ANT_1:Gene	yraI	ANT_1_66:3879-4583	ANT_1_02980
prokka_ANT_1/ANT_1:Gene	ANT_1_02981	ANT_1_66:4635-5222	ANT_1_02981
prokka_ANT_1/ANT_1:Gene	lemA	ANT_1_66:5397-6011	ANT_1_02982
prokka_ANT_1/ANT_1:Gene	ANT_1_02983	ANT_1_66:6021-6962	ANT_1_02983
prokka_ANT_1/ANT_1:Gene	ygjP	ANT_1_66:c7482-6979	ANT_1_02984
prokka_ANT_1/ANT_1:Gene	rlmG	ANT_1_66:7565-8692	ANT_1_02985
prokka_ANT_1/ANT_1:Gene	rl5	ANT_1_66:c9545-8832	ANT_1_02986
prokka_ANT_1/ANT_1:Gene	ANT_1_02987	ANT_1_66:9760-9951	ANT_1_02987
prokka_ANT_1/ANT_1:Gene	ANT_1_02988	ANT_1_67:c686-348	ANT_1_02988
prokka_ANT_1/ANT_1:Gene	yebZ	ANT_1_67:c1629-751	ANT_1_02989
prokka_ANT_1/ANT_1:Gene	yobA	ANT_1_67:c1997-1632	ANT_1_02990
prokka_ANT_1/ANT_1:Gene	holE	ANT_1_67:2162-2392	ANT_1_02991
prokka_ANT_1/ANT_1:Gene	ramA_1	ANT_1_67:2461-3219	ANT_1_02992
prokka_ANT_1/ANT_1:Gene	exoX	ANT_1_67:3232-3897	ANT_1_02993
prokka_ANT_1/ANT_1:Gene	ptrB	ANT_1_67:c5951-3894	ANT_1_02994
prokka_ANT_1/ANT_1:Gene	yebE	ANT_1_67:c6738-6085	ANT_1_02995
prokka_ANT_1/ANT_1:Gene	ANT_1_02996	ANT_1_67:6938-7756	ANT_1_02996
prokka_ANT_1/ANT_1:Gene	ANT_1_02997	ANT_1_67:c8112-7807	ANT_1_02997
prokka_ANT_1/ANT_1:Gene	purT	ANT_1_67:8252-9430	ANT_1_02998
prokka_ANT_1/ANT_1:Gene	eda	ANT_1_67:c10104-9466	ANT_1_02999
prokka_ANT_1/ANT_1:Gene	zwf	ANT_1_67:c11805-10330	ANT_1_03000
prokka_ANT_1/ANT_1:Gene	hexR_2	ANT_1_67:12177-13040	ANT_1_03001
prokka_ANT_1/ANT_1:Gene	ANT_1_03002	ANT_1_67:c13944-13141	ANT_1_03002
prokka_ANT_1/ANT_1:Gene	ANT_1_03003	ANT_1_67:c14325-14164	ANT_1_03003
prokka_ANT_1/ANT_1:Gene	pykA_1	ANT_1_67:14555-16036	ANT_1_03004
prokka_ANT_1/ANT_1:Gene	mdfA	ANT_1_67:16232-17458	ANT_1_03005
prokka_ANT_1/ANT_1:Gene	lpxM	ANT_1_67:c18482-17508	ANT_1_03006
prokka_ANT_1/ANT_1:Gene	mepM	ANT_1_67:c19943-18618	ANT_1_03007
prokka_ANT_1/ANT_1:Gene	znuA	ANT_1_67:c20873-19956	ANT_1_03008
prokka_ANT_1/ANT_1:Gene	znuC	ANT_1_67:20981-21739	ANT_1_03009
prokka_ANT_1/ANT_1:Gene	znuB	ANT_1_67:21732-22517	ANT_1_03010
prokka_ANT_1/ANT_1:Gene	ruvB	ANT_1_67:c23603-22599	ANT_1_03011
prokka_ANT_1/ANT_1:Gene	ruvA	ANT_1_67:c24231-23617	ANT_1_03012
prokka_ANT_1/ANT_1:Gene	ruvC	ANT_1_67:c24849-24328	ANT_1_03013
prokka_ANT_1/ANT_1:Gene	yebC	ANT_1_67:c25624-24881	ANT_1_03014
prokka_ANT_1/ANT_1:Gene	nudB	ANT_1_67:c26231-25797	ANT_1_03015
prokka_ANT_1/ANT_1:Gene	aspS	ANT_1_67:c28018-26231	ANT_1_03016
prokka_ANT_1/ANT_1:Gene	yecD	ANT_1_67:28330-28899	ANT_1_03017
prokka_ANT_1/ANT_1:Gene	ANT_1_03018	ANT_1_67:29006-29830	ANT_1_03018
prokka_ANT_1/ANT_1:Gene	yecN	ANT_1_67:29907-30302	ANT_1_03019
prokka_ANT_1/ANT_1:Gene	cmoA	ANT_1_67:30389-31129	ANT_1_03020
prokka_ANT_1/ANT_1:Gene	cmoB	ANT_1_67:31129-32094	ANT_1_03021
prokka_ANT_1/ANT_1:Gene	ANT_1_03022	ANT_1_67:c33001-32165	ANT_1_03022
prokka_ANT_1/ANT_1:Gene	cutC	ANT_1_67:c33953-33198	ANT_1_03023
prokka_ANT_1/ANT_1:Gene	patB_1	ANT_1_67:34054-35199	ANT_1_03024
prokka_ANT_1/ANT_1:Gene	yecM	ANT_1_67:c35756-35196	ANT_1_03025
prokka_ANT_1/ANT_1:Gene	ANT_1_03026	ANT_1_67:36068-36193	ANT_1_03026
prokka_ANT_1/ANT_1:Gene	argS	ANT_1_67:36409-38139	ANT_1_03027
prokka_ANT_1/ANT_1:Gene	flhE	ANT_1_67:c38594-38202	ANT_1_03028
prokka_ANT_1/ANT_1:Gene	flhA_1	ANT_1_67:c40681-38594	ANT_1_03029
prokka_ANT_1/ANT_1:Gene	flhB	ANT_1_67:c41825-40674	ANT_1_03030
prokka_ANT_1/ANT_1:Gene	cheZ	ANT_1_67:c42723-42079	ANT_1_03031
prokka_ANT_1/ANT_1:Gene	cheY	ANT_1_67:c43122-42733	ANT_1_03032
prokka_ANT_1/ANT_1:Gene	cheB	ANT_1_67:c44208-43159	ANT_1_03033
prokka_ANT_1/ANT_1:Gene	cheR	ANT_1_67:c45080-44208	ANT_1_03034
prokka_ANT_1/ANT_1:Gene	tap	ANT_1_67:c46715-45159	ANT_1_03035
prokka_ANT_1/ANT_1:Gene	tsr_5	ANT_1_67:c48497-46818	ANT_1_03036
prokka_ANT_1/ANT_1:Gene	tsr_6	ANT_1_67:c50283-48613	ANT_1_03037
prokka_ANT_1/ANT_1:Gene	tsr_7	ANT_1_67:c52137-50467	ANT_1_03038
prokka_ANT_1/ANT_1:Gene	cheW	ANT_1_67:c52777-52280	ANT_1_03039
prokka_ANT_1/ANT_1:Gene	cheA	ANT_1_67:c54808-52802	ANT_1_03040
prokka_ANT_1/ANT_1:Gene	motB	ANT_1_67:c55844-54813	ANT_1_03041
prokka_ANT_1/ANT_1:Gene	motA	ANT_1_67:c56725-55841	ANT_1_03042
prokka_ANT_1/ANT_1:Gene	flhC	ANT_1_67:c57435-56857	ANT_1_03043
prokka_ANT_1/ANT_1:Gene	flhD	ANT_1_67:c57788-57435	ANT_1_03044
prokka_ANT_1/ANT_1:Gene	ANT_1_03045	ANT_1_67:57950-58066	ANT_1_03045
prokka_ANT_1/ANT_1:Gene	otsA	ANT_1_67:c60184-58754	ANT_1_03046
prokka_ANT_1/ANT_1:Gene	otsB	ANT_1_67:c60968-60159	ANT_1_03047
prokka_ANT_1/ANT_1:Gene	ANT_1_03048	ANT_1_67:c62373-61153	ANT_1_03048
prokka_ANT_1/ANT_1:Gene	ANT_1_03049	ANT_1_67:62735-63466	ANT_1_03049
prokka_ANT_1/ANT_1:Gene	ptsG_1	ANT_1_67:63687-65186	ANT_1_03050
prokka_ANT_1/ANT_1:Gene	malI	ANT_1_67:65246-66262	ANT_1_03051
prokka_ANT_1/ANT_1:Gene	ANT_1_03052	ANT_1_67:c67164-66271	ANT_1_03052
prokka_ANT_1/ANT_1:Gene	ANT_1_03053	ANT_1_67:67191-67841	ANT_1_03053
prokka_ANT_1/ANT_1:Gene	ANT_1_03054	ANT_1_67:67936-68238	ANT_1_03054
prokka_ANT_1/ANT_1:Gene	hemB	ANT_1_67:c69321-68341	ANT_1_03055
prokka_ANT_1/ANT_1:Gene	chrR	ANT_1_67:69557-70117	ANT_1_03056
prokka_ANT_1/ANT_1:Gene	nhaP	ANT_1_67:70210-71544	ANT_1_03057
prokka_ANT_1/ANT_1:Gene	rfbX	ANT_1_67:c72852-71554	ANT_1_03058
prokka_ANT_1/ANT_1:Gene	ANT_1_03059	ANT_1_67:c73851-72880	ANT_1_03059
prokka_ANT_1/ANT_1:Gene	ANT_1_03060	ANT_1_67:c76044-74632	ANT_1_03060
prokka_ANT_1/ANT_1:Gene	adh	ANT_1_67:c77789-76269	ANT_1_03061
prokka_ANT_1/ANT_1:Gene	ANT_1_03062	ANT_1_67:c78698-77973	ANT_1_03062
prokka_ANT_1/ANT_1:Gene	eamA	ANT_1_67:78936-79850	ANT_1_03063
prokka_ANT_1/ANT_1:Gene	frc	ANT_1_67:79861-81240	ANT_1_03064
prokka_ANT_1/ANT_1:Gene	ycdY	ANT_1_67:c81833-81282	ANT_1_03065
prokka_ANT_1/ANT_1:Gene	ycdX	ANT_1_67:c82607-81870	ANT_1_03066
prokka_ANT_1/ANT_1:Gene	ghrA_2	ANT_1_67:c83561-82623	ANT_1_03067
prokka_ANT_1/ANT_1:Gene	dtpA_2	ANT_1_67:c85114-83648	ANT_1_03068
prokka_ANT_1/ANT_1:Gene	ANT_1_03069	ANT_1_67:85347-85434	ANT_1_03069
prokka_ANT_1/ANT_1:Gene	phoA	ANT_1_67:c87145-85742	ANT_1_03070
prokka_ANT_1/ANT_1:Gene	ANT_1_03071	ANT_1_67:87397-87484	ANT_1_03071
prokka_ANT_1/ANT_1:Gene	ANT_1_03072	ANT_1_68:47-553	ANT_1_03072
prokka_ANT_1/ANT_1:Gene	ANT_1_03073	ANT_1_68:c955-581	ANT_1_03073
prokka_ANT_1/ANT_1:Gene	ANT_1_03074	ANT_1_68:c1353-955	ANT_1_03074
prokka_ANT_1/ANT_1:Gene	ANT_1_03075	ANT_1_68:1504-1911	ANT_1_03075
prokka_ANT_1/ANT_1:Gene	ANT_1_03076	ANT_1_68:c2801-1992	ANT_1_03076
prokka_ANT_1/ANT_1:Gene	ANT_1_03077	ANT_1_68:2902-3072	ANT_1_03077
prokka_ANT_1/ANT_1:Gene	ANT_1_03078	ANT_1_68:3146-4021	ANT_1_03078
prokka_ANT_1/ANT_1:Gene	ANT_1_03079	ANT_1_68:4565-4831	ANT_1_03079
prokka_ANT_1/ANT_1:Gene	ANT_1_03080	ANT_1_68:4950-5357	ANT_1_03080
prokka_ANT_1/ANT_1:Gene	flhA_2	ANT_1_68:c7205-5505	ANT_1_03081
prokka_ANT_1/ANT_1:Gene	lafU	ANT_1_68:7252-7956	ANT_1_03082
prokka_ANT_1/ANT_1:Gene	ANT_1_03083	ANT_1_68:8119-8838	ANT_1_03083
prokka_ANT_1/ANT_1:Gene	ANT_1_03084	ANT_1_68:8923-9219	ANT_1_03084
prokka_ANT_1/ANT_1:Gene	ANT_1_03085	ANT_1_68:c9341-9268	ANT_1_03085
prokka_ANT_1/ANT_1:Gene	ANT_1_03086	ANT_1_69:c1402-938	ANT_1_03086
prokka_ANT_1/ANT_1:Gene	acsC	ANT_1_69:c5463-1405	ANT_1_03087
prokka_ANT_1/ANT_1:Gene	bcsB	ANT_1_69:c8012-5460	ANT_1_03088
prokka_ANT_1/ANT_1:Gene	acsAB	ANT_1_69:c10108-8009	ANT_1_03089
prokka_ANT_1/ANT_1:Gene	bcsQ	ANT_1_69:c10986-10189	ANT_1_03090
prokka_ANT_1/ANT_1:Gene	ANT_1_03091	ANT_1_69:c11639-10977	ANT_1_03091
prokka_ANT_1/ANT_1:Gene	oppF	ANT_1_69:c13436-12435	ANT_1_03092
prokka_ANT_1/ANT_1:Gene	dppD_1	ANT_1_69:c14412-13426	ANT_1_03093
prokka_ANT_1/ANT_1:Gene	dppC	ANT_1_69:c15323-14421	ANT_1_03094
prokka_ANT_1/ANT_1:Gene	dppB_1	ANT_1_69:c16352-15333	ANT_1_03095
prokka_ANT_1/ANT_1:Gene	dppA_4	ANT_1_69:c18096-16486	ANT_1_03096
prokka_ANT_1/ANT_1:Gene	eptB	ANT_1_69:c20466-18799	ANT_1_03097
prokka_ANT_1/ANT_1:Gene	ohrB	ANT_1_69:c21217-20789	ANT_1_03098
prokka_ANT_1/ANT_1:Gene	ohrR_1	ANT_1_69:c21764-21306	ANT_1_03099
prokka_ANT_1/ANT_1:Gene	ANT_1_03100	ANT_1_69:21827-22411	ANT_1_03100
prokka_ANT_1/ANT_1:Gene	ANT_1_03101	ANT_1_69:22542-23213	ANT_1_03101
prokka_ANT_1/ANT_1:Gene	ANT_1_03102	ANT_1_69:c23636-23175	ANT_1_03102
prokka_ANT_1/ANT_1:Gene	ANT_1_03103	ANT_1_69:c26904-23713	ANT_1_03103
prokka_ANT_1/ANT_1:Gene	ugpC_2	ANT_1_69:27688-28791	ANT_1_03104
prokka_ANT_1/ANT_1:Gene	ugpB_2	ANT_1_69:28820-30100	ANT_1_03105
prokka_ANT_1/ANT_1:Gene	ugpA_2	ANT_1_69:30111-31022	ANT_1_03106
prokka_ANT_1/ANT_1:Gene	araQ_2	ANT_1_69:31019-31858	ANT_1_03107
prokka_ANT_1/ANT_1:Gene	cpdA_1	ANT_1_69:31870-32835	ANT_1_03108
prokka_ANT_1/ANT_1:Gene	kdgM	ANT_1_69:c33632-32952	ANT_1_03109
prokka_ANT_1/ANT_1:Gene	pelX	ANT_1_69:c35734-33659	ANT_1_03110
prokka_ANT_1/ANT_1:Gene	yagG	ANT_1_69:c37395-35821	ANT_1_03111
prokka_ANT_1/ANT_1:Gene	ogl	ANT_1_69:37912-39093	ANT_1_03112
prokka_ANT_1/ANT_1:Gene	ANT_1_03113	ANT_1_69:39097-39417	ANT_1_03113
prokka_ANT_1/ANT_1:Gene	ANT_1_03114	ANT_1_69:c40128-39490	ANT_1_03114
prokka_ANT_1/ANT_1:Gene	kduD_2	ANT_1_69:c40948-40187	ANT_1_03115
prokka_ANT_1/ANT_1:Gene	tnaB	ANT_1_69:41285-42496	ANT_1_03116
prokka_ANT_1/ANT_1:Gene	ANT_1_03117	ANT_1_69:42608-43090	ANT_1_03117
prokka_ANT_1/ANT_1:Gene	ANT_1_03118	ANT_1_69:c44185-43151	ANT_1_03118
prokka_ANT_1/ANT_1:Gene	symE_4	ANT_1_69:c44705-44337	ANT_1_03119
prokka_ANT_1/ANT_1:Gene	yqjA	ANT_1_70:c994-320	ANT_1_03120
prokka_ANT_1/ANT_1:Gene	lutR_3	ANT_1_70:c2087-1311	ANT_1_03121
prokka_ANT_1/ANT_1:Gene	exuT_1	ANT_1_70:c3571-2258	ANT_1_03122
prokka_ANT_1/ANT_1:Gene	uxaC	ANT_1_70:3942-5351	ANT_1_03123
prokka_ANT_1/ANT_1:Gene	uxaB	ANT_1_70:5374-6849	ANT_1_03124
prokka_ANT_1/ANT_1:Gene	uxaA	ANT_1_70:6833-8323	ANT_1_03125
prokka_ANT_1/ANT_1:Gene	sstT	ANT_1_70:c9630-8392	ANT_1_03126
prokka_ANT_1/ANT_1:Gene	alx	ANT_1_70:c10770-9808	ANT_1_03127
prokka_ANT_1/ANT_1:Gene	iolU_2	ANT_1_70:c12008-11022	ANT_1_03128
prokka_ANT_1/ANT_1:Gene	clcB	ANT_1_70:12142-13842	ANT_1_03129
prokka_ANT_1/ANT_1:Gene	rcsB_2	ANT_1_70:c14480-13866	ANT_1_03130
prokka_ANT_1/ANT_1:Gene	bvgS_2	ANT_1_70:c18243-14635	ANT_1_03131
prokka_ANT_1/ANT_1:Gene	bvgA_2	ANT_1_70:c18871-18248	ANT_1_03132
prokka_ANT_1/ANT_1:Gene	ANT_1_03133	ANT_1_70:19239-22337	ANT_1_03133
prokka_ANT_1/ANT_1:Gene	gltF_2	ANT_1_70:22486-23190	ANT_1_03134
prokka_ANT_1/ANT_1:Gene	ANT_1_03135	ANT_1_70:23337-23651	ANT_1_03135
prokka_ANT_1/ANT_1:Gene	gltF_3	ANT_1_70:23913-24617	ANT_1_03136
prokka_ANT_1/ANT_1:Gene	pgrR_7	ANT_1_71:c981-73	ANT_1_03137
prokka_ANT_1/ANT_1:Gene	mlhB	ANT_1_71:1103-2032	ANT_1_03138
prokka_ANT_1/ANT_1:Gene	ANT_1_03139	ANT_1_71:2089-2322	ANT_1_03139
prokka_ANT_1/ANT_1:Gene	dmlR_10	ANT_1_71:c3356-2349	ANT_1_03140
prokka_ANT_1/ANT_1:Gene	nemA_2	ANT_1_71:3398-4495	ANT_1_03141
prokka_ANT_1/ANT_1:Gene	ANT_1_03142	ANT_1_71:4869-6188	ANT_1_03142
prokka_ANT_1/ANT_1:Gene	ANT_1_03143	ANT_1_71:6387-6749	ANT_1_03143
prokka_ANT_1/ANT_1:Gene	ANT_1_03144	ANT_1_71:c7370-6798	ANT_1_03144
prokka_ANT_1/ANT_1:Gene	ANT_1_03145	ANT_1_71:c9237-7363	ANT_1_03145
prokka_ANT_1/ANT_1:Gene	ANT_1_03146	ANT_1_71:c10861-9206	ANT_1_03146
prokka_ANT_1/ANT_1:Gene	ANT_1_03147	ANT_1_71:c11294-10815	ANT_1_03147
prokka_ANT_1/ANT_1:Gene	treZ	ANT_1_71:11456-13243	ANT_1_03148
prokka_ANT_1/ANT_1:Gene	treY	ANT_1_71:13240-15750	ANT_1_03149
prokka_ANT_1/ANT_1:Gene	glgX_2	ANT_1_71:15784-17895	ANT_1_03150
prokka_ANT_1/ANT_1:Gene	ANT_1_03151	ANT_1_71:c18125-17916	ANT_1_03151
prokka_ANT_1/ANT_1:Gene	cdhR_2	ANT_1_71:c19275-18304	ANT_1_03152
prokka_ANT_1/ANT_1:Gene	ANT_1_03153	ANT_1_71:c20112-19333	ANT_1_03153
prokka_ANT_1/ANT_1:Gene	bglF_3	ANT_1_71:20419-22326	ANT_1_03154
prokka_ANT_1/ANT_1:Gene	ANT_1_03155	ANT_1_71:c23179-22562	ANT_1_03155
prokka_ANT_1/ANT_1:Gene	ANT_1_03156	ANT_1_72:11-121	ANT_1_03156
prokka_ANT_1/ANT_1:Gene	kgtP_1	ANT_1_72:449-1750	ANT_1_03157
prokka_ANT_1/ANT_1:Gene	ANT_1_03158	ANT_1_72:c2071-1751	ANT_1_03158
prokka_ANT_1/ANT_1:Gene	pssA	ANT_1_72:c3486-2131	ANT_1_03159
prokka_ANT_1/ANT_1:Gene	pat	ANT_1_72:c6255-3586	ANT_1_03160
prokka_ANT_1/ANT_1:Gene	ANT_1_03161	ANT_1_72:c7041-6328	ANT_1_03161
prokka_ANT_1/ANT_1:Gene	trxC	ANT_1_72:c7524-7105	ANT_1_03162
prokka_ANT_1/ANT_1:Gene	yfiF	ANT_1_72:7758-8798	ANT_1_03163
prokka_ANT_1/ANT_1:Gene	emrB_3	ANT_1_72:c10419-8881	ANT_1_03164
prokka_ANT_1/ANT_1:Gene	emrA_3	ANT_1_72:c11609-10437	ANT_1_03165
prokka_ANT_1/ANT_1:Gene	mprA	ANT_1_72:c12305-11775	ANT_1_03166
prokka_ANT_1/ANT_1:Gene	proX	ANT_1_72:c14256-13255	ANT_1_03167
prokka_ANT_1/ANT_1:Gene	ousW	ANT_1_72:c15445-14270	ANT_1_03168
prokka_ANT_1/ANT_1:Gene	proV	ANT_1_72:c16638-15442	ANT_1_03169
prokka_ANT_1/ANT_1:Gene	nrdF	ANT_1_72:c17993-17034	ANT_1_03170
prokka_ANT_1/ANT_1:Gene	nrdE	ANT_1_72:c20256-18106	ANT_1_03171
prokka_ANT_1/ANT_1:Gene	nrdI	ANT_1_72:c20639-20229	ANT_1_03172
prokka_ANT_1/ANT_1:Gene	nrdH	ANT_1_72:c20886-20644	ANT_1_03173
prokka_ANT_1/ANT_1:Gene	ygaM	ANT_1_72:c21492-21169	ANT_1_03174
prokka_ANT_1/ANT_1:Gene	ANT_1_03175	ANT_1_72:21643-21978	ANT_1_03175
prokka_ANT_1/ANT_1:Gene	rocC	ANT_1_72:22062-23483	ANT_1_03176
prokka_ANT_1/ANT_1:Gene	ANT_1_03177	ANT_1_72:23571-23993	ANT_1_03177
prokka_ANT_1/ANT_1:Gene	speG	ANT_1_72:c24603-24037	ANT_1_03178
prokka_ANT_1/ANT_1:Gene	tsx	ANT_1_72:c25671-24748	ANT_1_03179
prokka_ANT_1/ANT_1:Gene	ANT_1_03180	ANT_1_72:c27172-26030	ANT_1_03180
prokka_ANT_1/ANT_1:Gene	ANT_1_03181	ANT_1_72:c28305-27172	ANT_1_03181
prokka_ANT_1/ANT_1:Gene	ANT_1_03182	ANT_1_72:c29414-28308	ANT_1_03182
prokka_ANT_1/ANT_1:Gene	yqjC_2	ANT_1_72:c30064-29678	ANT_1_03183
prokka_ANT_1/ANT_1:Gene	ANT_1_03184	ANT_1_72:c31081-30227	ANT_1_03184
prokka_ANT_1/ANT_1:Gene	aam	ANT_1_72:c32834-31425	ANT_1_03185
prokka_ANT_1/ANT_1:Gene	ANT_1_03186	ANT_1_72:32955-33527	ANT_1_03186
prokka_ANT_1/ANT_1:Gene	scrK_2	ANT_1_72:c34716-33766	ANT_1_03187
prokka_ANT_1/ANT_1:Gene	ANT_1_03188	ANT_1_72:c35842-34829	ANT_1_03188
prokka_ANT_1/ANT_1:Gene	ANT_1_03189	ANT_1_72:c37348-35855	ANT_1_03189
prokka_ANT_1/ANT_1:Gene	ANT_1_03190	ANT_1_72:c38628-37363	ANT_1_03190
prokka_ANT_1/ANT_1:Gene	sacA	ANT_1_72:c40158-38722	ANT_1_03191
prokka_ANT_1/ANT_1:Gene	cscB	ANT_1_72:c41416-40178	ANT_1_03192
prokka_ANT_1/ANT_1:Gene	rbsR_2	ANT_1_72:41658-42653	ANT_1_03193
prokka_ANT_1/ANT_1:Gene	ANT_1_03194	ANT_1_73:1581-2093	ANT_1_03194
prokka_ANT_1/ANT_1:Gene	flgC_1	ANT_1_74:26-154	ANT_1_03195
prokka_ANT_1/ANT_1:Gene	flgD_1	ANT_1_74:166-837	ANT_1_03196
prokka_ANT_1/ANT_1:Gene	flgE_1	ANT_1_74:868-2076	ANT_1_03197
prokka_ANT_1/ANT_1:Gene	flgC_2	ANT_1_75:26-154	ANT_1_03198
prokka_ANT_1/ANT_1:Gene	flgD_2	ANT_1_75:166-837	ANT_1_03199
prokka_ANT_1/ANT_1:Gene	flgE_2	ANT_1_75:868-2076	ANT_1_03200
prokka_ANT_1/ANT_1:Gene	ANT_1_03201	ANT_1_76:c293-217	ANT_1_03201
prokka_ANT_1/ANT_1:Gene	yejM	ANT_1_76:c2120-369	ANT_1_03202
prokka_ANT_1/ANT_1:Gene	ANT_1_03203	ANT_1_76:c2369-2142	ANT_1_03203
prokka_ANT_1/ANT_1:Gene	yejK	ANT_1_76:2539-3543	ANT_1_03204
prokka_ANT_1/ANT_1:Gene	rplY	ANT_1_76:c3930-3646	ANT_1_03205
prokka_ANT_1/ANT_1:Gene	radD	ANT_1_76:c5843-4089	ANT_1_03206
prokka_ANT_1/ANT_1:Gene	rsuA	ANT_1_76:6045-6749	ANT_1_03207
prokka_ANT_1/ANT_1:Gene	bcr_2	ANT_1_76:6777-8042	ANT_1_03208
prokka_ANT_1/ANT_1:Gene	yejG	ANT_1_76:8397-8741	ANT_1_03209
prokka_ANT_1/ANT_1:Gene	yejF_3	ANT_1_76:c10337-8754	ANT_1_03210
prokka_ANT_1/ANT_1:Gene	yejE	ANT_1_76:c11364-10339	ANT_1_03211
prokka_ANT_1/ANT_1:Gene	yejB	ANT_1_76:c12455-11361	ANT_1_03212
prokka_ANT_1/ANT_1:Gene	appA	ANT_1_76:c14275-12467	ANT_1_03213
prokka_ANT_1/ANT_1:Gene	pdeN_2	ANT_1_76:c15977-14388	ANT_1_03214
prokka_ANT_1/ANT_1:Gene	mepS_2	ANT_1_76:c16648-16253	ANT_1_03215
prokka_ANT_1/ANT_1:Gene	lpxT	ANT_1_76:c18041-17325	ANT_1_03216
prokka_ANT_1/ANT_1:Gene	yeiR	ANT_1_76:c19061-18093	ANT_1_03217
prokka_ANT_1/ANT_1:Gene	ANT_1_03218	ANT_1_76:19189-19506	ANT_1_03218
prokka_ANT_1/ANT_1:Gene	yeiP	ANT_1_76:c20143-19571	ANT_1_03219
prokka_ANT_1/ANT_1:Gene	ANT_1_03220	ANT_1_76:20374-20628	ANT_1_03220
prokka_ANT_1/ANT_1:Gene	setB	ANT_1_76:c21838-20630	ANT_1_03221
prokka_ANT_1/ANT_1:Gene	fruB	ANT_1_76:22226-23359	ANT_1_03222
prokka_ANT_1/ANT_1:Gene	lacC	ANT_1_76:23356-24297	ANT_1_03223
prokka_ANT_1/ANT_1:Gene	fruA	ANT_1_76:24314-26008	ANT_1_03224
prokka_ANT_1/ANT_1:Gene	nfo	ANT_1_76:c26958-26110	ANT_1_03225
prokka_ANT_1/ANT_1:Gene	ANT_1_03226	ANT_1_76:c28085-27024	ANT_1_03226
prokka_ANT_1/ANT_1:Gene	cysL	ANT_1_76:28245-29111	ANT_1_03227
prokka_ANT_1/ANT_1:Gene	lysP	ANT_1_76:29382-30779	ANT_1_03228
prokka_ANT_1/ANT_1:Gene	hmuU_3	ANT_1_76:30919-32001	ANT_1_03229
prokka_ANT_1/ANT_1:Gene	fepC_2	ANT_1_76:32001-32786	ANT_1_03230
prokka_ANT_1/ANT_1:Gene	ANT_1_03231	ANT_1_76:c33109-33017	ANT_1_03231
prokka_ANT_1/ANT_1:Gene	frmA	ANT_1_76:c34855-33728	ANT_1_03232
prokka_ANT_1/ANT_1:Gene	gltR_1	ANT_1_76:c35795-34917	ANT_1_03233
prokka_ANT_1/ANT_1:Gene	ANT_1_03234	ANT_1_76:35897-37030	ANT_1_03234
prokka_ANT_1/ANT_1:Gene	folE	ANT_1_76:37157-37822	ANT_1_03235
prokka_ANT_1/ANT_1:Gene	ANT_1_03236	ANT_1_76:37864-39024	ANT_1_03236
prokka_ANT_1/ANT_1:Gene	galS	ANT_1_76:39179-40219	ANT_1_03237
prokka_ANT_1/ANT_1:Gene	mglB	ANT_1_76:40540-41535	ANT_1_03238
prokka_ANT_1/ANT_1:Gene	mglA_3	ANT_1_76:41628-43148	ANT_1_03239
prokka_ANT_1/ANT_1:Gene	mglC	ANT_1_76:43168-44178	ANT_1_03240
prokka_ANT_1/ANT_1:Gene	ANT_1_03241	ANT_1_76:c44990-44277	ANT_1_03241
prokka_ANT_1/ANT_1:Gene	maeA	ANT_1_76:c46832-45135	ANT_1_03242
prokka_ANT_1/ANT_1:Gene	cdd	ANT_1_76:c47849-46959	ANT_1_03243
prokka_ANT_1/ANT_1:Gene	yohK_2	ANT_1_76:c48665-47973	ANT_1_03244
prokka_ANT_1/ANT_1:Gene	ANT_1_03245	ANT_1_76:c49053-48658	ANT_1_03245
prokka_ANT_1/ANT_1:Gene	metG	ANT_1_76:c51197-49167	ANT_1_03246
prokka_ANT_1/ANT_1:Gene	apbC	ANT_1_76:51383-52495	ANT_1_03247
prokka_ANT_1/ANT_1:Gene	ANT_1_03248	ANT_1_76:c52810-52562	ANT_1_03248
prokka_ANT_1/ANT_1:Gene	ANT_1_03249	ANT_1_76:c53467-52850	ANT_1_03249
prokka_ANT_1/ANT_1:Gene	hipO_3	ANT_1_76:c54725-53472	ANT_1_03250
prokka_ANT_1/ANT_1:Gene	ANT_1_03251	ANT_1_76:c55231-54800	ANT_1_03251
prokka_ANT_1/ANT_1:Gene	wrbA	ANT_1_76:c55978-55382	ANT_1_03252
prokka_ANT_1/ANT_1:Gene	ANT_1_03253	ANT_1_76:c56523-56200	ANT_1_03253
prokka_ANT_1/ANT_1:Gene	ANT_1_03254	ANT_1_76:c57188-56520	ANT_1_03254
prokka_ANT_1/ANT_1:Gene	sutR_2	ANT_1_76:57292-57840	ANT_1_03255
prokka_ANT_1/ANT_1:Gene	ANT_1_03256	ANT_1_76:58082-58456	ANT_1_03256
prokka_ANT_1/ANT_1:Gene	ANT_1_03257	ANT_1_76:58501-58854	ANT_1_03257
prokka_ANT_1/ANT_1:Gene	ANT_1_03258	ANT_1_76:c58969-58838	ANT_1_03258
prokka_ANT_1/ANT_1:Gene	ANT_1_03259	ANT_1_76:59046-59543	ANT_1_03259
prokka_ANT_1/ANT_1:Gene	ANT_1_03260	ANT_1_76:59638-60240	ANT_1_03260
prokka_ANT_1/ANT_1:Gene	ANT_1_03261	ANT_1_76:60295-60594	ANT_1_03261
prokka_ANT_1/ANT_1:Gene	ANT_1_03262	ANT_1_76:c61162-60887	ANT_1_03262
prokka_ANT_1/ANT_1:Gene	ANT_1_03263	ANT_1_76:61444-61680	ANT_1_03263
prokka_ANT_1/ANT_1:Gene	ANT_1_03264	ANT_1_76:c61942-61664	ANT_1_03264
prokka_ANT_1/ANT_1:Gene	thiM	ANT_1_76:63154-63945	ANT_1_03265
prokka_ANT_1/ANT_1:Gene	thiD	ANT_1_76:63942-64742	ANT_1_03266
prokka_ANT_1/ANT_1:Gene	fbaB	ANT_1_76:64897-65949	ANT_1_03267
prokka_ANT_1/ANT_1:Gene	rspR	ANT_1_76:c66779-66093	ANT_1_03268
prokka_ANT_1/ANT_1:Gene	por	ANT_1_76:c68335-66872	ANT_1_03269
prokka_ANT_1/ANT_1:Gene	exuT_2	ANT_1_76:c69665-68382	ANT_1_03270
prokka_ANT_1/ANT_1:Gene	rspB	ANT_1_76:c70751-69741	ANT_1_03271
prokka_ANT_1/ANT_1:Gene	ANT_1_03272	ANT_1_76:c71976-70762	ANT_1_03272
prokka_ANT_1/ANT_1:Gene	yegS_2	ANT_1_76:c73095-72196	ANT_1_03273
prokka_ANT_1/ANT_1:Gene	rlhA	ANT_1_76:c74856-73474	ANT_1_03274
prokka_ANT_1/ANT_1:Gene	baeR	ANT_1_76:c75700-74981	ANT_1_03275
prokka_ANT_1/ANT_1:Gene	baeS	ANT_1_76:c77088-75703	ANT_1_03276
prokka_ANT_1/ANT_1:Gene	mdtD_2	ANT_1_76:c78494-77088	ANT_1_03277
prokka_ANT_1/ANT_1:Gene	mdtC	ANT_1_76:c81573-78499	ANT_1_03278
prokka_ANT_1/ANT_1:Gene	mdtB_1	ANT_1_76:c84686-81570	ANT_1_03279
prokka_ANT_1/ANT_1:Gene	mdtA_2	ANT_1_76:c85930-84686	ANT_1_03280
prokka_ANT_1/ANT_1:Gene	yajO_1	ANT_1_76:86184-87146	ANT_1_03281
prokka_ANT_1/ANT_1:Gene	ANT_1_03282	ANT_1_76:87406-88569	ANT_1_03282
prokka_ANT_1/ANT_1:Gene	dnaK_2	ANT_1_76:c89949-88597	ANT_1_03283
prokka_ANT_1/ANT_1:Gene	ANT_1_03284	ANT_1_76:90127-91530	ANT_1_03284
prokka_ANT_1/ANT_1:Gene	dgcE	ANT_1_76:c94877-91542	ANT_1_03285
prokka_ANT_1/ANT_1:Gene	ANT_1_03286	ANT_1_76:c95648-95019	ANT_1_03286
prokka_ANT_1/ANT_1:Gene	udk	ANT_1_76:95895-96536	ANT_1_03287
prokka_ANT_1/ANT_1:Gene	dcd	ANT_1_76:96561-97142	ANT_1_03288
prokka_ANT_1/ANT_1:Gene	ANT_1_03289	ANT_1_76:97156-99003	ANT_1_03289
prokka_ANT_1/ANT_1:Gene	ANT_1_03290	ANT_1_76:c100638-99073	ANT_1_03290
prokka_ANT_1/ANT_1:Gene	ANT_1_03291	ANT_1_76:101448-102881	ANT_1_03291
prokka_ANT_1/ANT_1:Gene	ANT_1_03292	ANT_1_76:103041-104144	ANT_1_03292
prokka_ANT_1/ANT_1:Gene	amsI	ANT_1_76:104160-104594	ANT_1_03293
prokka_ANT_1/ANT_1:Gene	wzc	ANT_1_76:104606-106786	ANT_1_03294
prokka_ANT_1/ANT_1:Gene	ANT_1_03295	ANT_1_76:106863-107768	ANT_1_03295
prokka_ANT_1/ANT_1:Gene	ANT_1_03296	ANT_1_76:107805-108929	ANT_1_03296
prokka_ANT_1/ANT_1:Gene	wfgD	ANT_1_76:109004-109756	ANT_1_03297
prokka_ANT_1/ANT_1:Gene	pglH_1	ANT_1_76:109775-110809	ANT_1_03298
prokka_ANT_1/ANT_1:Gene	ANT_1_03299	ANT_1_76:110900-113113	ANT_1_03299
prokka_ANT_1/ANT_1:Gene	ANT_1_03300	ANT_1_76:113309-114559	ANT_1_03300
prokka_ANT_1/ANT_1:Gene	mshA	ANT_1_76:114564-115787	ANT_1_03301
prokka_ANT_1/ANT_1:Gene	wzxC	ANT_1_76:115784-117124	ANT_1_03302
prokka_ANT_1/ANT_1:Gene	galF	ANT_1_76:117273-118169	ANT_1_03303
prokka_ANT_1/ANT_1:Gene	galE	ANT_1_76:118215-119228	ANT_1_03304
prokka_ANT_1/ANT_1:Gene	wecA_1	ANT_1_76:119654-120700	ANT_1_03305
prokka_ANT_1/ANT_1:Gene	rfbB	ANT_1_76:120748-121830	ANT_1_03306
prokka_ANT_1/ANT_1:Gene	rffH	ANT_1_76:122026-122889	ANT_1_03307
prokka_ANT_1/ANT_1:Gene	rmlC	ANT_1_76:122873-123442	ANT_1_03308
prokka_ANT_1/ANT_1:Gene	ANT_1_03309	ANT_1_76:123444-124262	ANT_1_03309
prokka_ANT_1/ANT_1:Gene	ANT_1_03310	ANT_1_76:124259-125596	ANT_1_03310
prokka_ANT_1/ANT_1:Gene	ANT_1_03311	ANT_1_76:125589-126713	ANT_1_03311
prokka_ANT_1/ANT_1:Gene	ANT_1_03312	ANT_1_76:126713-127849	ANT_1_03312
prokka_ANT_1/ANT_1:Gene	pglH_2	ANT_1_76:127846-128922	ANT_1_03313
prokka_ANT_1/ANT_1:Gene	ANT_1_03314	ANT_1_76:128919-129737	ANT_1_03314
prokka_ANT_1/ANT_1:Gene	dapH	ANT_1_76:129727-130275	ANT_1_03315
prokka_ANT_1/ANT_1:Gene	ANT_1_03316	ANT_1_76:130268-131236	ANT_1_03316
prokka_ANT_1/ANT_1:Gene	manC1	ANT_1_76:131242-132669	ANT_1_03317
prokka_ANT_1/ANT_1:Gene	algC	ANT_1_76:132713-134086	ANT_1_03318
prokka_ANT_1/ANT_1:Gene	frcB	ANT_1_77:c976-812	ANT_1_03319
prokka_ANT_1/ANT_1:Gene	ANT_1_03320	ANT_1_78:223-1125	ANT_1_03320
prokka_ANT_1/ANT_1:Gene	ANT_1_03321	ANT_1_78:1208-1477	ANT_1_03321
prokka_ANT_1/ANT_1:Gene	ANT_1_03322	ANT_1_78:1990-4665	ANT_1_03322
prokka_ANT_1/ANT_1:Gene	ANT_1_03323	ANT_1_78:4655-6028	ANT_1_03323
prokka_ANT_1/ANT_1:Gene	ANT_1_03324	ANT_1_78:6274-6708	ANT_1_03324
prokka_ANT_1/ANT_1:Gene	ANT_1_03325	ANT_1_78:6946-8007	ANT_1_03325
prokka_ANT_1/ANT_1:Gene	ANT_1_03326	ANT_1_78:8051-10630	ANT_1_03326
prokka_ANT_1/ANT_1:Gene	ANT_1_03327	ANT_1_78:10720-13482	ANT_1_03327
prokka_ANT_1/ANT_1:Gene	yddA	ANT_1_78:13479-15146	ANT_1_03328
prokka_ANT_1/ANT_1:Gene	mltB	ANT_1_78:15287-16366	ANT_1_03329
prokka_ANT_1/ANT_1:Gene	tam_1	ANT_1_78:16460-17233	ANT_1_03330
prokka_ANT_1/ANT_1:Gene	pncC_1	ANT_1_78:17337-17831	ANT_1_03331
prokka_ANT_1/ANT_1:Gene	recA	ANT_1_78:17926-18987	ANT_1_03332
prokka_ANT_1/ANT_1:Gene	recX	ANT_1_78:19200-19727	ANT_1_03333
prokka_ANT_1/ANT_1:Gene	alaS	ANT_1_78:19865-22495	ANT_1_03334
prokka_ANT_1/ANT_1:Gene	csrA	ANT_1_78:22743-22928	ANT_1_03335
prokka_ANT_1/ANT_1:Gene	ANT_1_03336	ANT_1_78:23286-23378	ANT_1_03336
prokka_ANT_1/ANT_1:Gene	ANT_1_03337	ANT_1_78:23383-23459	ANT_1_03337
prokka_ANT_1/ANT_1:Gene	ANT_1_03338	ANT_1_78:23707-23783	ANT_1_03338
prokka_ANT_1/ANT_1:Gene	yqaB	ANT_1_78:24135-24701	ANT_1_03339
prokka_ANT_1/ANT_1:Gene	yqaA	ANT_1_78:24698-25126	ANT_1_03340
prokka_ANT_1/ANT_1:Gene	gshA	ANT_1_78:25077-26759	ANT_1_03341
prokka_ANT_1/ANT_1:Gene	luxS	ANT_1_78:26923-27438	ANT_1_03342
prokka_ANT_1/ANT_1:Gene	ANT_1_03343	ANT_1_78:c28818-27532	ANT_1_03343
prokka_ANT_1/ANT_1:Gene	ypjD	ANT_1_78:c29632-28841	ANT_1_03344
prokka_ANT_1/ANT_1:Gene	ffh	ANT_1_78:29799-31160	ANT_1_03345
prokka_ANT_1/ANT_1:Gene	rpsP	ANT_1_78:31297-31545	ANT_1_03346
prokka_ANT_1/ANT_1:Gene	rimM	ANT_1_78:31564-32112	ANT_1_03347
prokka_ANT_1/ANT_1:Gene	trmD	ANT_1_78:32109-32900	ANT_1_03348
prokka_ANT_1/ANT_1:Gene	rplS	ANT_1_78:32969-33319	ANT_1_03349
prokka_ANT_1/ANT_1:Gene	cntI	ANT_1_78:33529-34461	ANT_1_03350
prokka_ANT_1/ANT_1:Gene	ANT_1_03351	ANT_1_78:34631-35176	ANT_1_03351
prokka_ANT_1/ANT_1:Gene	dgcN_2	ANT_1_78:35169-36398	ANT_1_03352
prokka_ANT_1/ANT_1:Gene	pal_4	ANT_1_78:36422-36907	ANT_1_03353
prokka_ANT_1/ANT_1:Gene	pyrG_2	ANT_1_78:c37647-36967	ANT_1_03354
prokka_ANT_1/ANT_1:Gene	ANT_1_03355	ANT_1_78:37755-38501	ANT_1_03355
prokka_ANT_1/ANT_1:Gene	ydaF	ANT_1_78:c38963-38436	ANT_1_03356
prokka_ANT_1/ANT_1:Gene	aroF	ANT_1_78:39278-40357	ANT_1_03357
prokka_ANT_1/ANT_1:Gene	tyrA	ANT_1_78:40364-41485	ANT_1_03358
prokka_ANT_1/ANT_1:Gene	pheA	ANT_1_78:c43040-41880	ANT_1_03359
prokka_ANT_1/ANT_1:Gene	raiA	ANT_1_78:c43637-43299	ANT_1_03360
prokka_ANT_1/ANT_1:Gene	bamD	ANT_1_78:c44636-43905	ANT_1_03361
prokka_ANT_1/ANT_1:Gene	rluD	ANT_1_78:44771-45748	ANT_1_03362
prokka_ANT_1/ANT_1:Gene	yfiH	ANT_1_78:45748-46476	ANT_1_03363
prokka_ANT_1/ANT_1:Gene	clpB	ANT_1_78:46603-49176	ANT_1_03364
prokka_ANT_1/ANT_1:Gene	ANT_1_03365	ANT_1_79:c741-424	ANT_1_03365
prokka_ANT_1/ANT_1:Gene	ANT_1_03366	ANT_1_79:861-1286	ANT_1_03366
prokka_ANT_1/ANT_1:Gene	symE_5	ANT_1_79:1366-1704	ANT_1_03367
prokka_ANT_1/ANT_1:Gene	kptA	ANT_1_79:1763-2305	ANT_1_03368
prokka_ANT_1/ANT_1:Gene	ANT_1_03369	ANT_1_79:c2701-2306	ANT_1_03369
prokka_ANT_1/ANT_1:Gene	ANT_1_03370	ANT_1_79:c3760-2705	ANT_1_03370
prokka_ANT_1/ANT_1:Gene	ANT_1_03371	ANT_1_80:c1132-1007	ANT_1_03371
prokka_ANT_1/ANT_1:Gene	gpFI	ANT_1_81:128-1300	ANT_1_03372
prokka_ANT_1/ANT_1:Gene	ANT_1_03373	ANT_1_81:1313-1822	ANT_1_03373
prokka_ANT_1/ANT_1:Gene	ANT_1_03374	ANT_1_81:1899-2195	ANT_1_03374
prokka_ANT_1/ANT_1:Gene	ANT_1_03375	ANT_1_81:2335-3810	ANT_1_03375
prokka_ANT_1/ANT_1:Gene	ANT_1_03376	ANT_1_81:3817-4290	ANT_1_03376
prokka_ANT_1/ANT_1:Gene	ANT_1_03377	ANT_1_81:4287-5357	ANT_1_03377
prokka_ANT_1/ANT_1:Gene	ANT_1_03378	ANT_1_81:5459-5680	ANT_1_03378
prokka_ANT_1/ANT_1:Gene	ANT_1_03379	ANT_1_81:5782-6819	ANT_1_03379
prokka_ANT_1/ANT_1:Gene	pqqB	ANT_1_81:7255-8166	ANT_1_03380
prokka_ANT_1/ANT_1:Gene	pqqC	ANT_1_81:8163-8918	ANT_1_03381
prokka_ANT_1/ANT_1:Gene	pqqD	ANT_1_81:8915-9196	ANT_1_03382
prokka_ANT_1/ANT_1:Gene	pqqE	ANT_1_81:9183-10331	ANT_1_03383
prokka_ANT_1/ANT_1:Gene	ANT_1_03384	ANT_1_81:10335-12716	ANT_1_03384
prokka_ANT_1/ANT_1:Gene	ANT_1_03385	ANT_1_81:c15709-12731	ANT_1_03385
prokka_ANT_1/ANT_1:Gene	ANT_1_03386	ANT_1_81:c17777-15720	ANT_1_03386
prokka_ANT_1/ANT_1:Gene	nepI_4	ANT_1_81:c19140-17917	ANT_1_03387
prokka_ANT_1/ANT_1:Gene	comR_2	ANT_1_81:19314-19937	ANT_1_03388
prokka_ANT_1/ANT_1:Gene	ANT_1_03389	ANT_1_81:c20722-19988	ANT_1_03389
prokka_ANT_1/ANT_1:Gene	ohrR_2	ANT_1_81:c21118-20753	ANT_1_03390
prokka_ANT_1/ANT_1:Gene	hcpA_6	ANT_1_82:c669-190	ANT_1_03391
prokka_ANT_1/ANT_1:Gene	ANT_1_03392	ANT_1_82:c1627-902	ANT_1_03392
prokka_ANT_1/ANT_1:Gene	ANT_1_03393	ANT_1_82:c2233-1949	ANT_1_03393
prokka_ANT_1/ANT_1:Gene	ANT_1_03394	ANT_1_83:850-1212	ANT_1_03394
prokka_ANT_1/ANT_1:Gene	ANT_1_03395	ANT_1_83:c2059-1475	ANT_1_03395
prokka_ANT_1/ANT_1:Gene	dapF	ANT_1_84:238-1062	ANT_1_03396
prokka_ANT_1/ANT_1:Gene	ANT_1_03397	ANT_1_84:1059-1766	ANT_1_03397
prokka_ANT_1/ANT_1:Gene	xerC_2	ANT_1_84:1763-2671	ANT_1_03398
prokka_ANT_1/ANT_1:Gene	yigB	ANT_1_84:2671-3387	ANT_1_03399
prokka_ANT_1/ANT_1:Gene	uvrD	ANT_1_84:3447-5609	ANT_1_03400
prokka_ANT_1/ANT_1:Gene	corA	ANT_1_84:5902-6861	ANT_1_03401
prokka_ANT_1/ANT_1:Gene	ANT_1_03402	ANT_1_84:7061-8104	ANT_1_03402
prokka_ANT_1/ANT_1:Gene	ANT_1_03403	ANT_1_84:c8576-8106	ANT_1_03403
prokka_ANT_1/ANT_1:Gene	pldA	ANT_1_84:8747-9622	ANT_1_03404
prokka_ANT_1/ANT_1:Gene	recQ	ANT_1_84:9707-11524	ANT_1_03405
prokka_ANT_1/ANT_1:Gene	rhtB_3	ANT_1_84:c12228-11605	ANT_1_03406
prokka_ANT_1/ANT_1:Gene	pldB	ANT_1_84:12343-13335	ANT_1_03407
prokka_ANT_1/ANT_1:Gene	yigL	ANT_1_84:13399-14199	ANT_1_03408
prokka_ANT_1/ANT_1:Gene	glpQ	ANT_1_84:c15309-14260	ANT_1_03409
prokka_ANT_1/ANT_1:Gene	glpT	ANT_1_84:c16671-15325	ANT_1_03410
prokka_ANT_1/ANT_1:Gene	ANT_1_03411	ANT_1_84:c17511-17038	ANT_1_03411
prokka_ANT_1/ANT_1:Gene	metR	ANT_1_84:c18581-17643	ANT_1_03412
prokka_ANT_1/ANT_1:Gene	metE_1	ANT_1_84:18708-20981	ANT_1_03413
prokka_ANT_1/ANT_1:Gene	ANT_1_03414	ANT_1_84:c21873-21037	ANT_1_03414
prokka_ANT_1/ANT_1:Gene	ANT_1_03415	ANT_1_84:21927-22016	ANT_1_03415
prokka_ANT_1/ANT_1:Gene	udp	ANT_1_84:22161-22922	ANT_1_03416
prokka_ANT_1/ANT_1:Gene	ANT_1_03417	ANT_1_84:23100-24635	ANT_1_03417
prokka_ANT_1/ANT_1:Gene	ubiE	ANT_1_84:24710-25465	ANT_1_03418
prokka_ANT_1/ANT_1:Gene	ubiJ_1	ANT_1_84:25478-26083	ANT_1_03419
prokka_ANT_1/ANT_1:Gene	ubiB	ANT_1_84:26080-27717	ANT_1_03420
prokka_ANT_1/ANT_1:Gene	tatA	ANT_1_84:27837-28088	ANT_1_03421
prokka_ANT_1/ANT_1:Gene	tatB	ANT_1_84:28092-28625	ANT_1_03422
prokka_ANT_1/ANT_1:Gene	tatC	ANT_1_84:28628-29389	ANT_1_03423
prokka_ANT_1/ANT_1:Gene	tatD	ANT_1_84:29470-30249	ANT_1_03424
prokka_ANT_1/ANT_1:Gene	rfaH_2	ANT_1_84:c30779-30291	ANT_1_03425
prokka_ANT_1/ANT_1:Gene	ubiD	ANT_1_84:31133-32617	ANT_1_03426
prokka_ANT_1/ANT_1:Gene	fre	ANT_1_84:32663-33364	ANT_1_03427
prokka_ANT_1/ANT_1:Gene	fadA	ANT_1_84:c34630-33467	ANT_1_03428
prokka_ANT_1/ANT_1:Gene	fadB_2	ANT_1_84:c36827-34641	ANT_1_03429
prokka_ANT_1/ANT_1:Gene	pepQ	ANT_1_84:37014-38345	ANT_1_03430
prokka_ANT_1/ANT_1:Gene	yigZ	ANT_1_84:38345-38956	ANT_1_03431
prokka_ANT_1/ANT_1:Gene	trkH	ANT_1_84:38985-40436	ANT_1_03432
prokka_ANT_1/ANT_1:Gene	hemG	ANT_1_84:40451-40987	ANT_1_03433
prokka_ANT_1/ANT_1:Gene	repE_1	ANT_1_85:c1064-372	ANT_1_03434
prokka_ANT_1/ANT_1:Gene	ANT_1_03435	ANT_1_85:1567-1884	ANT_1_03435
prokka_ANT_1/ANT_1:Gene	umuD_1	ANT_1_85:2151-2597	ANT_1_03436
prokka_ANT_1/ANT_1:Gene	umuC_1	ANT_1_85:2600-2836	ANT_1_03437
prokka_ANT_1/ANT_1:Gene	xerD_2	ANT_1_85:2907-3890	ANT_1_03438
prokka_ANT_1/ANT_1:Gene	ANT_1_03439	ANT_1_85:3892-6015	ANT_1_03439
prokka_ANT_1/ANT_1:Gene	ANT_1_03440	ANT_1_85:6170-6502	ANT_1_03440
prokka_ANT_1/ANT_1:Gene	arsH_1	ANT_1_85:6499-7221	ANT_1_03441
prokka_ANT_1/ANT_1:Gene	arsC_2	ANT_1_85:c7709-7281	ANT_1_03442
prokka_ANT_1/ANT_1:Gene	arsB_1	ANT_1_85:c9042-7759	ANT_1_03443
prokka_ANT_1/ANT_1:Gene	arsR1	ANT_1_85:c9484-9131	ANT_1_03444
prokka_ANT_1/ANT_1:Gene	ANT_1_03445	ANT_1_85:9796-9969	ANT_1_03445
prokka_ANT_1/ANT_1:Gene	umuC_2	ANT_1_85:9972-11252	ANT_1_03446
prokka_ANT_1/ANT_1:Gene	umuC_3	ANT_1_85:11333-12355	ANT_1_03447
prokka_ANT_1/ANT_1:Gene	ANT_1_03448	ANT_1_85:c13484-12801	ANT_1_03448
prokka_ANT_1/ANT_1:Gene	mdtB_2	ANT_1_85:c16983-13951	ANT_1_03449
prokka_ANT_1/ANT_1:Gene	mdtA_3	ANT_1_85:c18074-16980	ANT_1_03450
prokka_ANT_1/ANT_1:Gene	mdtA_4	ANT_1_85:c19140-18076	ANT_1_03451
prokka_ANT_1/ANT_1:Gene	drgA	ANT_1_85:c19883-19155	ANT_1_03452
prokka_ANT_1/ANT_1:Gene	ANT_1_03453	ANT_1_85:20060-20644	ANT_1_03453
prokka_ANT_1/ANT_1:Gene	nimR_3	ANT_1_85:c21391-20630	ANT_1_03454
prokka_ANT_1/ANT_1:Gene	ANT_1_03455	ANT_1_85:21562-22116	ANT_1_03455
prokka_ANT_1/ANT_1:Gene	ANT_1_03456	ANT_1_85:c22881-22297	ANT_1_03456
prokka_ANT_1/ANT_1:Gene	ANT_1_03457	ANT_1_85:23516-24082	ANT_1_03457
prokka_ANT_1/ANT_1:Gene	dmlR_11	ANT_1_85:c25329-24427	ANT_1_03458
prokka_ANT_1/ANT_1:Gene	fabG2	ANT_1_85:25466-26212	ANT_1_03459
prokka_ANT_1/ANT_1:Gene	sspA_1	ANT_1_85:26290-26964	ANT_1_03460
prokka_ANT_1/ANT_1:Gene	ANT_1_03461	ANT_1_85:27192-30176	ANT_1_03461
prokka_ANT_1/ANT_1:Gene	ANT_1_03462	ANT_1_85:30296-30550	ANT_1_03462
prokka_ANT_1/ANT_1:Gene	ANT_1_03463	ANT_1_85:31737-32084	ANT_1_03463
prokka_ANT_1/ANT_1:Gene	ANT_1_03464	ANT_1_85:32155-32718	ANT_1_03464
prokka_ANT_1/ANT_1:Gene	ANT_1_03465	ANT_1_85:c33480-32842	ANT_1_03465
prokka_ANT_1/ANT_1:Gene	xerC_3	ANT_1_85:c35098-34085	ANT_1_03466
prokka_ANT_1/ANT_1:Gene	aroA_2	ANT_1_85:35258-37042	ANT_1_03467
prokka_ANT_1/ANT_1:Gene	ANT_1_03468	ANT_1_85:37176-37565	ANT_1_03468
prokka_ANT_1/ANT_1:Gene	kefF_1	ANT_1_85:c38166-37567	ANT_1_03469
prokka_ANT_1/ANT_1:Gene	ANT_1_03470	ANT_1_85:38239-38688	ANT_1_03470
prokka_ANT_1/ANT_1:Gene	hin	ANT_1_85:c39809-39171	ANT_1_03471
prokka_ANT_1/ANT_1:Gene	ANT_1_03472	ANT_1_85:c41073-39856	ANT_1_03472
prokka_ANT_1/ANT_1:Gene	ANT_1_03473	ANT_1_85:c41978-41070	ANT_1_03473
prokka_ANT_1/ANT_1:Gene	ANT_1_03474	ANT_1_85:c43660-41981	ANT_1_03474
prokka_ANT_1/ANT_1:Gene	ANT_1_03475	ANT_1_85:43851-44519	ANT_1_03475
prokka_ANT_1/ANT_1:Gene	ANT_1_03476	ANT_1_85:c46439-44931	ANT_1_03476
prokka_ANT_1/ANT_1:Gene	ANT_1_03477	ANT_1_85:c46804-46439	ANT_1_03477
prokka_ANT_1/ANT_1:Gene	ANT_1_03478	ANT_1_85:c48273-46819	ANT_1_03478
prokka_ANT_1/ANT_1:Gene	ANT_1_03479	ANT_1_85:c49259-48282	ANT_1_03479
prokka_ANT_1/ANT_1:Gene	ANT_1_03480	ANT_1_85:c49651-49256	ANT_1_03480
prokka_ANT_1/ANT_1:Gene	ANT_1_03481	ANT_1_85:c50288-49893	ANT_1_03481
prokka_ANT_1/ANT_1:Gene	ANT_1_03482	ANT_1_85:c53149-50285	ANT_1_03482
prokka_ANT_1/ANT_1:Gene	ANT_1_03483	ANT_1_85:c53565-53149	ANT_1_03483
prokka_ANT_1/ANT_1:Gene	ANT_1_03484	ANT_1_85:c55112-53577	ANT_1_03484
prokka_ANT_1/ANT_1:Gene	ANT_1_03485	ANT_1_85:c56022-55102	ANT_1_03485
prokka_ANT_1/ANT_1:Gene	ANT_1_03486	ANT_1_85:c56678-56022	ANT_1_03486
prokka_ANT_1/ANT_1:Gene	ANT_1_03487	ANT_1_85:c57040-56675	ANT_1_03487
prokka_ANT_1/ANT_1:Gene	ANT_1_03488	ANT_1_85:c57443-57054	ANT_1_03488
prokka_ANT_1/ANT_1:Gene	ANT_1_03489	ANT_1_85:c57718-57476	ANT_1_03489
prokka_ANT_1/ANT_1:Gene	ANT_1_03490	ANT_1_85:c58053-57718	ANT_1_03490
prokka_ANT_1/ANT_1:Gene	ANT_1_03491	ANT_1_85:c59202-58426	ANT_1_03491
prokka_ANT_1/ANT_1:Gene	ANT_1_03492	ANT_1_85:c61294-59195	ANT_1_03492
prokka_ANT_1/ANT_1:Gene	ANT_1_03493	ANT_1_85:c61860-61291	ANT_1_03493
prokka_ANT_1/ANT_1:Gene	ANT_1_03494	ANT_1_85:c62363-61857	ANT_1_03494
prokka_ANT_1/ANT_1:Gene	ANT_1_03495	ANT_1_85:c62995-62366	ANT_1_03495
prokka_ANT_1/ANT_1:Gene	ANT_1_03496	ANT_1_85:c63699-62974	ANT_1_03496
prokka_ANT_1/ANT_1:Gene	ANT_1_03497	ANT_1_85:c64477-63710	ANT_1_03497
prokka_ANT_1/ANT_1:Gene	ANT_1_03498	ANT_1_85:c65121-64474	ANT_1_03498
prokka_ANT_1/ANT_1:Gene	ANT_1_03499	ANT_1_85:c65500-65252	ANT_1_03499
prokka_ANT_1/ANT_1:Gene	ANT_1_03500	ANT_1_85:c65726-65484	ANT_1_03500
prokka_ANT_1/ANT_1:Gene	ssb_2	ANT_1_85:c66391-65789	ANT_1_03501
prokka_ANT_1/ANT_1:Gene	ANT_1_03502	ANT_1_85:c66931-66449	ANT_1_03502
prokka_ANT_1/ANT_1:Gene	topB_2	ANT_1_85:c69327-67261	ANT_1_03503
prokka_ANT_1/ANT_1:Gene	ANT_1_03504	ANT_1_85:c69905-69342	ANT_1_03504
prokka_ANT_1/ANT_1:Gene	ANT_1_03505	ANT_1_85:c70620-69907	ANT_1_03505
prokka_ANT_1/ANT_1:Gene	ANT_1_03506	ANT_1_85:c72087-70888	ANT_1_03506
prokka_ANT_1/ANT_1:Gene	ANT_1_03507	ANT_1_85:c72412-72164	ANT_1_03507
prokka_ANT_1/ANT_1:Gene	ANT_1_03508	ANT_1_85:c73042-72458	ANT_1_03508
prokka_ANT_1/ANT_1:Gene	ANT_1_03509	ANT_1_85:c74557-73046	ANT_1_03509
prokka_ANT_1/ANT_1:Gene	dnaB_2	ANT_1_85:c75942-74554	ANT_1_03510
prokka_ANT_1/ANT_1:Gene	ANT_1_03511	ANT_1_85:76531-77106	ANT_1_03511
prokka_ANT_1/ANT_1:Gene	ANT_1_03512	ANT_1_85:77088-77558	ANT_1_03512
prokka_ANT_1/ANT_1:Gene	ANT_1_03513	ANT_1_85:77558-77944	ANT_1_03513
prokka_ANT_1/ANT_1:Gene	ANT_1_03514	ANT_1_85:c79629-77977	ANT_1_03514
prokka_ANT_1/ANT_1:Gene	addA	ANT_1_85:c81136-79619	ANT_1_03515
prokka_ANT_1/ANT_1:Gene	ANT_1_03516	ANT_1_85:c81933-81253	ANT_1_03516
prokka_ANT_1/ANT_1:Gene	ANT_1_03517	ANT_1_85:c82335-82024	ANT_1_03517
prokka_ANT_1/ANT_1:Gene	ANT_1_03518	ANT_1_85:c83270-82332	ANT_1_03518
prokka_ANT_1/ANT_1:Gene	traC_2	ANT_1_85:c84360-83374	ANT_1_03519
prokka_ANT_1/ANT_1:Gene	ANT_1_03520	ANT_1_85:c85032-84436	ANT_1_03520
prokka_ANT_1/ANT_1:Gene	ANT_1_03521	ANT_1_85:c85715-85104	ANT_1_03521
prokka_ANT_1/ANT_1:Gene	ANT_1_03522	ANT_1_85:c86404-85796	ANT_1_03522
prokka_ANT_1/ANT_1:Gene	ANT_1_03523	ANT_1_85:c86817-86473	ANT_1_03523
prokka_ANT_1/ANT_1:Gene	ANT_1_03524	ANT_1_85:c87163-86831	ANT_1_03524
prokka_ANT_1/ANT_1:Gene	ANT_1_03525	ANT_1_85:c87762-87262	ANT_1_03525
prokka_ANT_1/ANT_1:Gene	ANT_1_03526	ANT_1_85:c88811-87915	ANT_1_03526
prokka_ANT_1/ANT_1:Gene	ANT_1_03527	ANT_1_85:89740-90369	ANT_1_03527
prokka_ANT_1/ANT_1:Gene	clpP_2	ANT_1_86:c1181-558	ANT_1_03528
prokka_ANT_1/ANT_1:Gene	tig	ANT_1_86:c2818-1514	ANT_1_03529
prokka_ANT_1/ANT_1:Gene	bolA	ANT_1_86:c3459-3145	ANT_1_03530
prokka_ANT_1/ANT_1:Gene	ANT_1_03531	ANT_1_86:3748-4326	ANT_1_03531
prokka_ANT_1/ANT_1:Gene	ampG	ANT_1_86:4370-5854	ANT_1_03532
prokka_ANT_1/ANT_1:Gene	cyoA	ANT_1_86:6382-7320	ANT_1_03533
prokka_ANT_1/ANT_1:Gene	cyoB	ANT_1_86:7325-9316	ANT_1_03534
prokka_ANT_1/ANT_1:Gene	cyoC	ANT_1_86:9306-9920	ANT_1_03535
prokka_ANT_1/ANT_1:Gene	cyoD	ANT_1_86:9920-10249	ANT_1_03536
prokka_ANT_1/ANT_1:Gene	cyoE	ANT_1_86:10263-11150	ANT_1_03537
prokka_ANT_1/ANT_1:Gene	yajR	ANT_1_86:11282-12649	ANT_1_03538
prokka_ANT_1/ANT_1:Gene	ANT_1_03539	ANT_1_86:c13221-12730	ANT_1_03539
prokka_ANT_1/ANT_1:Gene	panE	ANT_1_86:13348-14268	ANT_1_03540
prokka_ANT_1/ANT_1:Gene	yajL	ANT_1_86:14222-14818	ANT_1_03541
prokka_ANT_1/ANT_1:Gene	thiI	ANT_1_86:c16366-14918	ANT_1_03542
prokka_ANT_1/ANT_1:Gene	xseB	ANT_1_86:16611-16853	ANT_1_03543
prokka_ANT_1/ANT_1:Gene	ispA	ANT_1_86:16853-17752	ANT_1_03544
prokka_ANT_1/ANT_1:Gene	dxs	ANT_1_86:17771-19636	ANT_1_03545
prokka_ANT_1/ANT_1:Gene	yajO_2	ANT_1_86:19728-20702	ANT_1_03546
prokka_ANT_1/ANT_1:Gene	pgpA	ANT_1_86:c21269-20772	ANT_1_03547
prokka_ANT_1/ANT_1:Gene	thiL	ANT_1_86:c22233-21256	ANT_1_03548
prokka_ANT_1/ANT_1:Gene	nusB	ANT_1_86:c22704-22285	ANT_1_03549
prokka_ANT_1/ANT_1:Gene	ribE	ANT_1_86:c23191-22721	ANT_1_03550
prokka_ANT_1/ANT_1:Gene	ribD	ANT_1_86:c24382-23279	ANT_1_03551
prokka_ANT_1/ANT_1:Gene	nrdR	ANT_1_86:c24836-24387	ANT_1_03552
prokka_ANT_1/ANT_1:Gene	yajI	ANT_1_86:25026-25574	ANT_1_03553
prokka_ANT_1/ANT_1:Gene	secF	ANT_1_86:c26627-25659	ANT_1_03554
prokka_ANT_1/ANT_1:Gene	secD	ANT_1_86:c28452-26638	ANT_1_03555
prokka_ANT_1/ANT_1:Gene	yajC	ANT_1_86:c28841-28512	ANT_1_03556
prokka_ANT_1/ANT_1:Gene	tgt	ANT_1_86:c29989-28859	ANT_1_03557
prokka_ANT_1/ANT_1:Gene	queA	ANT_1_86:c31141-30065	ANT_1_03558
prokka_ANT_1/ANT_1:Gene	acpH	ANT_1_86:31239-31820	ANT_1_03559
prokka_ANT_1/ANT_1:Gene	ahpC	ANT_1_86:32019-32621	ANT_1_03560
prokka_ANT_1/ANT_1:Gene	agp	ANT_1_86:32775-34049	ANT_1_03561
prokka_ANT_1/ANT_1:Gene	proY	ANT_1_86:c35482-34127	ANT_1_03562
prokka_ANT_1/ANT_1:Gene	brnQ	ANT_1_86:c36859-35537	ANT_1_03563
prokka_ANT_1/ANT_1:Gene	metE_2	ANT_1_86:c38374-37274	ANT_1_03564
prokka_ANT_1/ANT_1:Gene	pstS_2	ANT_1_86:c39491-38568	ANT_1_03565
prokka_ANT_1/ANT_1:Gene	phoR	ANT_1_86:c40824-39511	ANT_1_03566
prokka_ANT_1/ANT_1:Gene	phoB	ANT_1_86:c41537-40848	ANT_1_03567
prokka_ANT_1/ANT_1:Gene	sbcD	ANT_1_86:41874-43097	ANT_1_03568
prokka_ANT_1/ANT_1:Gene	sbcC	ANT_1_86:43094-46453	ANT_1_03569
prokka_ANT_1/ANT_1:Gene	ANT_1_03570	ANT_1_86:c47146-46496	ANT_1_03570
prokka_ANT_1/ANT_1:Gene	ANT_1_03571	ANT_1_86:c47499-47146	ANT_1_03571
prokka_ANT_1/ANT_1:Gene	ANT_1_03572	ANT_1_86:c48188-47514	ANT_1_03572
prokka_ANT_1/ANT_1:Gene	ANT_1_03573	ANT_1_86:48516-48863	ANT_1_03573
prokka_ANT_1/ANT_1:Gene	virS	ANT_1_86:c49934-48867	ANT_1_03574
prokka_ANT_1/ANT_1:Gene	srkA	ANT_1_86:c51102-50098	ANT_1_03575
prokka_ANT_1/ANT_1:Gene	yhdG	ANT_1_86:51335-52699	ANT_1_03576
prokka_ANT_1/ANT_1:Gene	mak	ANT_1_86:c53671-52766	ANT_1_03577
prokka_ANT_1/ANT_1:Gene	rdgC	ANT_1_86:53818-54729	ANT_1_03578
prokka_ANT_1/ANT_1:Gene	ppnP	ANT_1_86:c55116-54826	ANT_1_03579
prokka_ANT_1/ANT_1:Gene	ANT_1_03580	ANT_1_86:c55937-55266	ANT_1_03580
prokka_ANT_1/ANT_1:Gene	ANT_1_03581	ANT_1_86:c56194-55889	ANT_1_03581
prokka_ANT_1/ANT_1:Gene	ANT_1_03582	ANT_1_86:c56711-56208	ANT_1_03582
prokka_ANT_1/ANT_1:Gene	ANT_1_03583	ANT_1_86:c57139-56696	ANT_1_03583
prokka_ANT_1/ANT_1:Gene	xynR	ANT_1_86:c58123-57335	ANT_1_03584
prokka_ANT_1/ANT_1:Gene	yaiA	ANT_1_86:c58623-58432	ANT_1_03585
prokka_ANT_1/ANT_1:Gene	aroL	ANT_1_86:c59281-58757	ANT_1_03586
prokka_ANT_1/ANT_1:Gene	ANT_1_03587	ANT_1_86:59588-60277	ANT_1_03587
prokka_ANT_1/ANT_1:Gene	ANT_1_03588	ANT_1_86:c60769-60311	ANT_1_03588
prokka_ANT_1/ANT_1:Gene	proC	ANT_1_86:60958-61767	ANT_1_03589
prokka_ANT_1/ANT_1:Gene	psiF	ANT_1_86:c62295-61990	ANT_1_03590
prokka_ANT_1/ANT_1:Gene	iraP_2	ANT_1_86:c62710-62447	ANT_1_03591
prokka_ANT_1/ANT_1:Gene	lacZ	ANT_1_86:63074-66163	ANT_1_03592
prokka_ANT_1/ANT_1:Gene	sbnD_1	ANT_1_86:c67374-66154	ANT_1_03593
prokka_ANT_1/ANT_1:Gene	cspA	ANT_1_86:c67790-67584	ANT_1_03594
prokka_ANT_1/ANT_1:Gene	ANT_1_03595	ANT_1_86:68224-68892	ANT_1_03595
prokka_ANT_1/ANT_1:Gene	ANT_1_03596	ANT_1_86:69105-69350	ANT_1_03596
prokka_ANT_1/ANT_1:Gene	resA_2	ANT_1_86:69609-70142	ANT_1_03597
prokka_ANT_1/ANT_1:Gene	ANT_1_03598	ANT_1_86:c70492-70196	ANT_1_03598
prokka_ANT_1/ANT_1:Gene	ANT_1_03599	ANT_1_86:c70849-70661	ANT_1_03599
prokka_ANT_1/ANT_1:Gene	ANT_1_03600	ANT_1_86:70884-71558	ANT_1_03600
prokka_ANT_1/ANT_1:Gene	ddpA_2	ANT_1_86:71679-73247	ANT_1_03601
prokka_ANT_1/ANT_1:Gene	dppB_2	ANT_1_86:73247-74302	ANT_1_03602
prokka_ANT_1/ANT_1:Gene	ddpC	ANT_1_86:74299-75159	ANT_1_03603
prokka_ANT_1/ANT_1:Gene	dppD_2	ANT_1_86:75149-75997	ANT_1_03604
prokka_ANT_1/ANT_1:Gene	ANT_1_03605	ANT_1_86:c76406-76122	ANT_1_03605
prokka_ANT_1/ANT_1:Gene	trg_2	ANT_1_87:29-211	ANT_1_03606
prokka_ANT_1/ANT_1:Gene	ANT_1_03607	ANT_1_87:c585-250	ANT_1_03607
prokka_ANT_1/ANT_1:Gene	ANT_1_03608	ANT_1_87:778-2931	ANT_1_03608
prokka_ANT_1/ANT_1:Gene	ANT_1_03609	ANT_1_87:2901-3623	ANT_1_03609
prokka_ANT_1/ANT_1:Gene	argC	ANT_1_87:3736-4665	ANT_1_03610
prokka_ANT_1/ANT_1:Gene	treA	ANT_1_87:4861-6543	ANT_1_03611
prokka_ANT_1/ANT_1:Gene	ANT_1_03612	ANT_1_87:c6854-6606	ANT_1_03612
prokka_ANT_1/ANT_1:Gene	ycgR	ANT_1_87:7057-7794	ANT_1_03613
prokka_ANT_1/ANT_1:Gene	emtA	ANT_1_87:c8433-7798	ANT_1_03614
prokka_ANT_1/ANT_1:Gene	ldcA	ANT_1_87:8630-9553	ANT_1_03615
prokka_ANT_1/ANT_1:Gene	ANT_1_03616	ANT_1_87:9571-10245	ANT_1_03616
prokka_ANT_1/ANT_1:Gene	tam_2	ANT_1_87:c10983-10246	ANT_1_03617
prokka_ANT_1/ANT_1:Gene	ANT_1_03618	ANT_1_87:c11318-11094	ANT_1_03618
prokka_ANT_1/ANT_1:Gene	ANT_1_03619	ANT_1_87:11474-11719	ANT_1_03619
prokka_ANT_1/ANT_1:Gene	ANT_1_03620	ANT_1_87:11987-12226	ANT_1_03620
prokka_ANT_1/ANT_1:Gene	ANT_1_03621	ANT_1_87:c12448-12248	ANT_1_03621
prokka_ANT_1/ANT_1:Gene	ANT_1_03622	ANT_1_87:c14498-12747	ANT_1_03622
prokka_ANT_1/ANT_1:Gene	ANT_1_03623	ANT_1_87:c15093-14626	ANT_1_03623
prokka_ANT_1/ANT_1:Gene	ANT_1_03624	ANT_1_87:c15505-15218	ANT_1_03624
prokka_ANT_1/ANT_1:Gene	ANT_1_03625	ANT_1_87:c15872-15492	ANT_1_03625
prokka_ANT_1/ANT_1:Gene	ANT_1_03626	ANT_1_87:16209-16355	ANT_1_03626
prokka_ANT_1/ANT_1:Gene	umuC_4	ANT_1_87:c17644-16382	ANT_1_03627
prokka_ANT_1/ANT_1:Gene	umuD_2	ANT_1_87:c18066-17647	ANT_1_03628
prokka_ANT_1/ANT_1:Gene	ANT_1_03629	ANT_1_87:18394-18714	ANT_1_03629
prokka_ANT_1/ANT_1:Gene	hicB	ANT_1_87:18917-19345	ANT_1_03630
prokka_ANT_1/ANT_1:Gene	ANT_1_03631	ANT_1_87:c19959-19354	ANT_1_03631
prokka_ANT_1/ANT_1:Gene	ANT_1_03632	ANT_1_88:c846-481	ANT_1_03632
prokka_ANT_1/ANT_1:Gene	ANT_1_03633	ANT_1_88:c1256-966	ANT_1_03633
prokka_ANT_1/ANT_1:Gene	ANT_1_03634	ANT_1_88:c1585-1253	ANT_1_03634
prokka_ANT_1/ANT_1:Gene	ANT_1_03635	ANT_1_88:c1914-1684	ANT_1_03635
prokka_ANT_1/ANT_1:Gene	ANT_1_03636	ANT_1_88:c2654-1911	ANT_1_03636
prokka_ANT_1/ANT_1:Gene	ANT_1_03637	ANT_1_88:c4690-2699	ANT_1_03637
prokka_ANT_1/ANT_1:Gene	ANT_1_03638	ANT_1_88:c5651-5232	ANT_1_03638
prokka_ANT_1/ANT_1:Gene	ANT_1_03639	ANT_1_88:c6338-5928	ANT_1_03639
prokka_ANT_1/ANT_1:Gene	klcA_1	ANT_1_88:c6804-6379	ANT_1_03640
prokka_ANT_1/ANT_1:Gene	ANT_1_03641	ANT_1_88:c7661-7251	ANT_1_03641
prokka_ANT_1/ANT_1:Gene	ANT_1_03642	ANT_1_88:c7935-7711	ANT_1_03642
prokka_ANT_1/ANT_1:Gene	yhdJ	ANT_1_88:c8612-7932	ANT_1_03643
prokka_ANT_1/ANT_1:Gene	ANT_1_03644	ANT_1_88:c9172-8930	ANT_1_03644
prokka_ANT_1/ANT_1:Gene	ANT_1_03645	ANT_1_88:9600-9806	ANT_1_03645
prokka_ANT_1/ANT_1:Gene	ANT_1_03646	ANT_1_88:c10337-10104	ANT_1_03646
prokka_ANT_1/ANT_1:Gene	stbB	ANT_1_88:c10723-10343	ANT_1_03647
prokka_ANT_1/ANT_1:Gene	parM	ANT_1_88:c11685-10729	ANT_1_03648
prokka_ANT_1/ANT_1:Gene	lexA_2	ANT_1_88:11889-12380	ANT_1_03649
prokka_ANT_1/ANT_1:Gene	umuC_5	ANT_1_88:12384-12839	ANT_1_03650
prokka_ANT_1/ANT_1:Gene	ANT_1_03651	ANT_1_88:c13095-12934	ANT_1_03651
prokka_ANT_1/ANT_1:Gene	ANT_1_03652	ANT_1_88:13370-17191	ANT_1_03652
prokka_ANT_1/ANT_1:Gene	ANT_1_03653	ANT_1_88:17889-18485	ANT_1_03653
prokka_ANT_1/ANT_1:Gene	ANT_1_03654	ANT_1_88:18555-18833	ANT_1_03654
prokka_ANT_1/ANT_1:Gene	ANT_1_03655	ANT_1_88:19088-19702	ANT_1_03655
prokka_ANT_1/ANT_1:Gene	ANT_1_03656	ANT_1_88:20308-21225	ANT_1_03656
prokka_ANT_1/ANT_1:Gene	ANT_1_03657	ANT_1_88:c21663-21442	ANT_1_03657
prokka_ANT_1/ANT_1:Gene	ANT_1_03658	ANT_1_88:21761-22273	ANT_1_03658
prokka_ANT_1/ANT_1:Gene	ANT_1_03659	ANT_1_88:22448-23746	ANT_1_03659
prokka_ANT_1/ANT_1:Gene	fabG_5	ANT_1_88:c25047-24268	ANT_1_03660
prokka_ANT_1/ANT_1:Gene	ANT_1_03661	ANT_1_88:c25810-25109	ANT_1_03661
prokka_ANT_1/ANT_1:Gene	nemA_3	ANT_1_88:c27002-25896	ANT_1_03662
prokka_ANT_1/ANT_1:Gene	ANT_1_03663	ANT_1_88:27236-27565	ANT_1_03663
prokka_ANT_1/ANT_1:Gene	ANT_1_03664	ANT_1_88:c27933-27595	ANT_1_03664
prokka_ANT_1/ANT_1:Gene	ANT_1_03665	ANT_1_88:c28515-27937	ANT_1_03665
prokka_ANT_1/ANT_1:Gene	ANT_1_03666	ANT_1_88:28715-29593	ANT_1_03666
prokka_ANT_1/ANT_1:Gene	patB_2	ANT_1_88:29720-30931	ANT_1_03667
prokka_ANT_1/ANT_1:Gene	ANT_1_03668	ANT_1_88:c31745-31188	ANT_1_03668
prokka_ANT_1/ANT_1:Gene	stp_1	ANT_1_88:c33513-32137	ANT_1_03669
prokka_ANT_1/ANT_1:Gene	ANT_1_03670	ANT_1_88:33629-34345	ANT_1_03670
prokka_ANT_1/ANT_1:Gene	ANT_1_03671	ANT_1_88:c35431-35120	ANT_1_03671
prokka_ANT_1/ANT_1:Gene	ANT_1_03672	ANT_1_88:35741-35842	ANT_1_03672
prokka_ANT_1/ANT_1:Gene	virB	ANT_1_88:c37374-36403	ANT_1_03673
prokka_ANT_1/ANT_1:Gene	parA	ANT_1_88:c38582-37383	ANT_1_03674
prokka_ANT_1/ANT_1:Gene	repE_2	ANT_1_88:39113-39856	ANT_1_03675
prokka_ANT_1/ANT_1:Gene	relE	ANT_1_88:c41000-40677	ANT_1_03676
prokka_ANT_1/ANT_1:Gene	ANT_1_03677	ANT_1_88:c41251-41000	ANT_1_03677
prokka_ANT_1/ANT_1:Gene	xerC_4	ANT_1_88:c42467-41424	ANT_1_03678
prokka_ANT_1/ANT_1:Gene	ANT_1_03679	ANT_1_88:42569-45853	ANT_1_03679
prokka_ANT_1/ANT_1:Gene	ANT_1_03680	ANT_1_88:46301-46522	ANT_1_03680
prokka_ANT_1/ANT_1:Gene	ANT_1_03681	ANT_1_88:c47633-46632	ANT_1_03681
prokka_ANT_1/ANT_1:Gene	ANT_1_03682	ANT_1_88:c48372-48043	ANT_1_03682
prokka_ANT_1/ANT_1:Gene	ANT_1_03683	ANT_1_88:c49040-48375	ANT_1_03683
prokka_ANT_1/ANT_1:Gene	ANT_1_03684	ANT_1_88:49327-49965	ANT_1_03684
prokka_ANT_1/ANT_1:Gene	ANT_1_03685	ANT_1_88:c51463-51230	ANT_1_03685
prokka_ANT_1/ANT_1:Gene	ANT_1_03686	ANT_1_88:c52684-52298	ANT_1_03686
prokka_ANT_1/ANT_1:Gene	ANT_1_03687	ANT_1_88:c53435-52752	ANT_1_03687
prokka_ANT_1/ANT_1:Gene	fabG_6	ANT_1_88:c54231-53473	ANT_1_03688
prokka_ANT_1/ANT_1:Gene	rhaS_4	ANT_1_88:54530-55291	ANT_1_03689
prokka_ANT_1/ANT_1:Gene	ANT_1_03690	ANT_1_88:55579-56700	ANT_1_03690
prokka_ANT_1/ANT_1:Gene	ANT_1_03691	ANT_1_88:c58058-57189	ANT_1_03691
prokka_ANT_1/ANT_1:Gene	ANT_1_03692	ANT_1_88:58390-58674	ANT_1_03692
prokka_ANT_1/ANT_1:Gene	ANT_1_03693	ANT_1_88:58716-59525	ANT_1_03693
prokka_ANT_1/ANT_1:Gene	ANT_1_03694	ANT_1_88:c60478-59762	ANT_1_03694
prokka_ANT_1/ANT_1:Gene	ANT_1_03695	ANT_1_88:c61069-60557	ANT_1_03695
prokka_ANT_1/ANT_1:Gene	ANT_1_03696	ANT_1_88:c61311-61204	ANT_1_03696
prokka_ANT_1/ANT_1:Gene	pcpR_2	ANT_1_88:61348-62085	ANT_1_03697
prokka_ANT_1/ANT_1:Gene	ANT_1_03698	ANT_1_88:62324-62845	ANT_1_03698
prokka_ANT_1/ANT_1:Gene	ANT_1_03699	ANT_1_88:c64464-63400	ANT_1_03699
prokka_ANT_1/ANT_1:Gene	ANT_1_03700	ANT_1_88:c65109-64465	ANT_1_03700
prokka_ANT_1/ANT_1:Gene	ANT_1_03701	ANT_1_88:66190-66315	ANT_1_03701
prokka_ANT_1/ANT_1:Gene	ANT_1_03702	ANT_1_88:c67369-66305	ANT_1_03702
prokka_ANT_1/ANT_1:Gene	ANT_1_03703	ANT_1_88:c67908-67645	ANT_1_03703
prokka_ANT_1/ANT_1:Gene	ANT_1_03704	ANT_1_88:c68853-68044	ANT_1_03704
prokka_ANT_1/ANT_1:Gene	ymoA	ANT_1_88:c69067-68864	ANT_1_03705
prokka_ANT_1/ANT_1:Gene	traI	ANT_1_88:c74608-69089	ANT_1_03706
prokka_ANT_1/ANT_1:Gene	ANT_1_03707	ANT_1_88:c77217-74605	ANT_1_03707
prokka_ANT_1/ANT_1:Gene	ANT_1_03708	ANT_1_88:c77663-77349	ANT_1_03708
prokka_ANT_1/ANT_1:Gene	ylpA	ANT_1_88:c78689-77958	ANT_1_03709
prokka_ANT_1/ANT_1:Gene	ANT_1_03710	ANT_1_88:c79393-78824	ANT_1_03710
prokka_ANT_1/ANT_1:Gene	ANT_1_03711	ANT_1_88:c82590-79423	ANT_1_03711
prokka_ANT_1/ANT_1:Gene	ANT_1_03712	ANT_1_88:c83950-82583	ANT_1_03712
prokka_ANT_1/ANT_1:Gene	ANT_1_03713	ANT_1_88:c84249-83947	ANT_1_03713
prokka_ANT_1/ANT_1:Gene	ANT_1_03714	ANT_1_88:c84892-84290	ANT_1_03714
prokka_ANT_1/ANT_1:Gene	ANT_1_03715	ANT_1_88:c85098-84889	ANT_1_03715
prokka_ANT_1/ANT_1:Gene	ANT_1_03716	ANT_1_88:c85547-85095	ANT_1_03716
prokka_ANT_1/ANT_1:Gene	ANT_1_03717	ANT_1_88:c86336-85557	ANT_1_03717
prokka_ANT_1/ANT_1:Gene	ANT_1_03718	ANT_1_89:c85-1	ANT_1_03718
prokka_ANT_1/ANT_1:Gene	ANT_1_03719	ANT_1_89:490-1005	ANT_1_03719
prokka_ANT_1/ANT_1:Gene	ANT_1_03720	ANT_1_89:1167-1583	ANT_1_03720
prokka_ANT_1/ANT_1:Gene	budC_1	ANT_1_89:c1940-1602	ANT_1_03721
prokka_ANT_1/ANT_1:Gene	budC_2	ANT_1_89:c2085-1885	ANT_1_03722
prokka_ANT_1/ANT_1:Gene	ANT_1_03723	ANT_1_89:2288-3790	ANT_1_03723
prokka_ANT_1/ANT_1:Gene	ANT_1_03724	ANT_1_89:3797-5074	ANT_1_03724
prokka_ANT_1/ANT_1:Gene	lptG_2	ANT_1_89:c6483-5407	ANT_1_03725
prokka_ANT_1/ANT_1:Gene	lptF	ANT_1_89:c7583-6483	ANT_1_03726
prokka_ANT_1/ANT_1:Gene	pepA	ANT_1_89:7840-9348	ANT_1_03727
prokka_ANT_1/ANT_1:Gene	holC	ANT_1_89:9412-9867	ANT_1_03728
prokka_ANT_1/ANT_1:Gene	valS	ANT_1_89:9873-12728	ANT_1_03729
prokka_ANT_1/ANT_1:Gene	bepA_2	ANT_1_89:c14211-13195	ANT_1_03730
prokka_ANT_1/ANT_1:Gene	yjgN	ANT_1_89:c15400-14213	ANT_1_03731
prokka_ANT_1/ANT_1:Gene	ANT_1_03732	ANT_1_89:15623-16126	ANT_1_03732
prokka_ANT_1/ANT_1:Gene	ANT_1_03733	ANT_1_89:c16895-16131	ANT_1_03733
prokka_ANT_1/ANT_1:Gene	rraB	ANT_1_89:c17382-16951	ANT_1_03734
prokka_ANT_1/ANT_1:Gene	argF_1	ANT_1_89:17539-18549	ANT_1_03735
prokka_ANT_1/ANT_1:Gene	arcA_2	ANT_1_89:19180-20400	ANT_1_03736
prokka_ANT_1/ANT_1:Gene	arcC1	ANT_1_89:20420-21361	ANT_1_03737
prokka_ANT_1/ANT_1:Gene	argF_2	ANT_1_89:21364-22368	ANT_1_03738
prokka_ANT_1/ANT_1:Gene	ANT_1_03739	ANT_1_89:22436-23842	ANT_1_03739
prokka_ANT_1/ANT_1:Gene	argR_1	ANT_1_89:23866-24399	ANT_1_03740
prokka_ANT_1/ANT_1:Gene	ANT_1_03741	ANT_1_89:24449-24541	ANT_1_03741
prokka_ANT_1/ANT_1:Gene	pyrB	ANT_1_89:24613-25548	ANT_1_03742
prokka_ANT_1/ANT_1:Gene	pyrI	ANT_1_89:25561-26025	ANT_1_03743
prokka_ANT_1/ANT_1:Gene	ridA	ANT_1_89:26100-26486	ANT_1_03744
prokka_ANT_1/ANT_1:Gene	ANT_1_03745	ANT_1_89:c28913-26541	ANT_1_03745
prokka_ANT_1/ANT_1:Gene	treC	ANT_1_89:29115-30776	ANT_1_03746
prokka_ANT_1/ANT_1:Gene	rapA_2	ANT_1_89:c33374-30822	ANT_1_03747
prokka_ANT_1/ANT_1:Gene	nrdD	ANT_1_89:33666-35801	ANT_1_03748
prokka_ANT_1/ANT_1:Gene	nrdG	ANT_1_89:35798-36268	ANT_1_03749
prokka_ANT_1/ANT_1:Gene	yjfC	ANT_1_89:c37461-36265	ANT_1_03750
prokka_ANT_1/ANT_1:Gene	ANT_1_03751	ANT_1_89:c38081-37464	ANT_1_03751
prokka_ANT_1/ANT_1:Gene	ANT_1_03752	ANT_1_89:c38507-38109	ANT_1_03752
prokka_ANT_1/ANT_1:Gene	yhbO	ANT_1_89:38721-39242	ANT_1_03753
prokka_ANT_1/ANT_1:Gene	ANT_1_03754	ANT_1_89:39349-39654	ANT_1_03754
prokka_ANT_1/ANT_1:Gene	ANT_1_03755	ANT_1_89:c40144-39641	ANT_1_03755
prokka_ANT_1/ANT_1:Gene	ubiJ_2	ANT_1_89:c40665-40138	ANT_1_03756
prokka_ANT_1/ANT_1:Gene	yhbU	ANT_1_89:40871-41866	ANT_1_03757
prokka_ANT_1/ANT_1:Gene	ANT_1_03758	ANT_1_89:41875-42753	ANT_1_03758
prokka_ANT_1/ANT_1:Gene	ANT_1_03759	ANT_1_89:c43951-42839	ANT_1_03759
prokka_ANT_1/ANT_1:Gene	ANT_1_03760	ANT_1_89:c45102-43948	ANT_1_03760
prokka_ANT_1/ANT_1:Gene	ANT_1_03761	ANT_1_89:c46055-45084	ANT_1_03761
prokka_ANT_1/ANT_1:Gene	ANT_1_03762	ANT_1_89:c46261-46052	ANT_1_03762
prokka_ANT_1/ANT_1:Gene	ANT_1_03763	ANT_1_89:46423-47430	ANT_1_03763
prokka_ANT_1/ANT_1:Gene	deaD	ANT_1_89:c49449-47530	ANT_1_03764
prokka_ANT_1/ANT_1:Gene	nlpI	ANT_1_89:c50510-49626	ANT_1_03765
prokka_ANT_1/ANT_1:Gene	pnp	ANT_1_89:c52781-50640	ANT_1_03766
prokka_ANT_1/ANT_1:Gene	rpsO	ANT_1_89:c53359-53090	ANT_1_03767
prokka_ANT_1/ANT_1:Gene	truB	ANT_1_89:c54479-53535	ANT_1_03768
prokka_ANT_1/ANT_1:Gene	rbfA	ANT_1_89:c54892-54479	ANT_1_03769
prokka_ANT_1/ANT_1:Gene	infB	ANT_1_89:c57659-54966	ANT_1_03770
prokka_ANT_1/ANT_1:Gene	nusA	ANT_1_89:c59189-57684	ANT_1_03771
prokka_ANT_1/ANT_1:Gene	rimP	ANT_1_89:c59792-59214	ANT_1_03772
prokka_ANT_1/ANT_1:Gene	ANT_1_03773	ANT_1_89:c59953-59877	ANT_1_03773
prokka_ANT_1/ANT_1:Gene	ANT_1_03774	ANT_1_89:c60088-60002	ANT_1_03774
prokka_ANT_1/ANT_1:Gene	secG	ANT_1_89:c60495-60163	ANT_1_03775
prokka_ANT_1/ANT_1:Gene	glmM	ANT_1_89:c62140-60764	ANT_1_03776
prokka_ANT_1/ANT_1:Gene	folP	ANT_1_89:c62939-62100	ANT_1_03777
prokka_ANT_1/ANT_1:Gene	ftsH_1	ANT_1_89:c64968-63025	ANT_1_03778
prokka_ANT_1/ANT_1:Gene	rlmE	ANT_1_89:c65703-65074	ANT_1_03779
prokka_ANT_1/ANT_1:Gene	yhbY	ANT_1_89:65832-66125	ANT_1_03780
prokka_ANT_1/ANT_1:Gene	ANT_1_03781	ANT_1_89:66190-66339	ANT_1_03781
prokka_ANT_1/ANT_1:Gene	greA	ANT_1_89:c66766-66284	ANT_1_03782
prokka_ANT_1/ANT_1:Gene	dacB	ANT_1_89:67057-68448	ANT_1_03783
prokka_ANT_1/ANT_1:Gene	basR_2	ANT_1_89:68453-69115	ANT_1_03784
prokka_ANT_1/ANT_1:Gene	basS	ANT_1_89:69112-70167	ANT_1_03785
prokka_ANT_1/ANT_1:Gene	entC	ANT_1_89:70428-71603	ANT_1_03786
prokka_ANT_1/ANT_1:Gene	entE	ANT_1_89:71615-73228	ANT_1_03787
prokka_ANT_1/ANT_1:Gene	entB	ANT_1_89:73245-74099	ANT_1_03788
prokka_ANT_1/ANT_1:Gene	entA	ANT_1_89:74099-74857	ANT_1_03789
prokka_ANT_1/ANT_1:Gene	menI_2	ANT_1_89:74859-75269	ANT_1_03790
prokka_ANT_1/ANT_1:Gene	obg	ANT_1_89:c76510-75329	ANT_1_03791
prokka_ANT_1/ANT_1:Gene	yhbE	ANT_1_89:c77502-76507	ANT_1_03792
prokka_ANT_1/ANT_1:Gene	rpmA	ANT_1_89:c77864-77607	ANT_1_03793
prokka_ANT_1/ANT_1:Gene	rplU	ANT_1_89:c78191-77880	ANT_1_03794
prokka_ANT_1/ANT_1:Gene	ispB	ANT_1_89:78447-79421	ANT_1_03795
prokka_ANT_1/ANT_1:Gene	ANT_1_03796	ANT_1_89:79738-79998	ANT_1_03796
prokka_ANT_1/ANT_1:Gene	murA	ANT_1_89:c81308-80046	ANT_1_03797
prokka_ANT_1/ANT_1:Gene	ibaG	ANT_1_89:c81641-81387	ANT_1_03798
prokka_ANT_1/ANT_1:Gene	mlaB	ANT_1_89:c82165-81869	ANT_1_03799
prokka_ANT_1/ANT_1:Gene	mlaC	ANT_1_89:c82800-82165	ANT_1_03800
prokka_ANT_1/ANT_1:Gene	mlaD	ANT_1_89:c83360-82800	ANT_1_03801
prokka_ANT_1/ANT_1:Gene	mlaE	ANT_1_89:c84147-83365	ANT_1_03802
prokka_ANT_1/ANT_1:Gene	mlaF	ANT_1_89:c84968-84147	ANT_1_03803
prokka_ANT_1/ANT_1:Gene	yrbG	ANT_1_89:85195-86175	ANT_1_03804
prokka_ANT_1/ANT_1:Gene	kdsD	ANT_1_89:86188-87177	ANT_1_03805
prokka_ANT_1/ANT_1:Gene	kdsC	ANT_1_89:87197-87763	ANT_1_03806
prokka_ANT_1/ANT_1:Gene	lptC	ANT_1_89:87760-88335	ANT_1_03807
prokka_ANT_1/ANT_1:Gene	lptA	ANT_1_89:88307-88855	ANT_1_03808
prokka_ANT_1/ANT_1:Gene	lptB_3	ANT_1_89:88861-89586	ANT_1_03809
prokka_ANT_1/ANT_1:Gene	rpoN	ANT_1_89:89635-91068	ANT_1_03810
prokka_ANT_1/ANT_1:Gene	hpf	ANT_1_89:91091-91378	ANT_1_03811
prokka_ANT_1/ANT_1:Gene	ptsN	ANT_1_89:91556-92038	ANT_1_03812
prokka_ANT_1/ANT_1:Gene	rapZ	ANT_1_89:92069-92923	ANT_1_03813
prokka_ANT_1/ANT_1:Gene	ptsO	ANT_1_89:92920-93192	ANT_1_03814
prokka_ANT_1/ANT_1:Gene	dgaF_2	ANT_1_89:c93977-93231	ANT_1_03815
prokka_ANT_1/ANT_1:Gene	dgaE_2	ANT_1_89:c95085-93964	ANT_1_03816
prokka_ANT_1/ANT_1:Gene	manZ_2	ANT_1_89:c95953-95096	ANT_1_03817
prokka_ANT_1/ANT_1:Gene	agaC	ANT_1_89:c96702-95950	ANT_1_03818
prokka_ANT_1/ANT_1:Gene	sorB	ANT_1_89:c97212-96727	ANT_1_03819
prokka_ANT_1/ANT_1:Gene	ANT_1_03820	ANT_1_89:c97654-97235	ANT_1_03820
prokka_ANT_1/ANT_1:Gene	dgaR	ANT_1_89:c100543-97772	ANT_1_03821
prokka_ANT_1/ANT_1:Gene	mtgA	ANT_1_89:c101375-100650	ANT_1_03822
prokka_ANT_1/ANT_1:Gene	arcB	ANT_1_89:c104508-102169	ANT_1_03823
prokka_ANT_1/ANT_1:Gene	ANT_1_03824	ANT_1_89:105515-111046	ANT_1_03824
prokka_ANT_1/ANT_1:Gene	cysJ_2	ANT_1_89:111086-112843	ANT_1_03825
prokka_ANT_1/ANT_1:Gene	sspB	ANT_1_89:c113406-112906	ANT_1_03826
prokka_ANT_1/ANT_1:Gene	sspA_2	ANT_1_89:c114053-113412	ANT_1_03827
prokka_ANT_1/ANT_1:Gene	rpsI	ANT_1_89:c114753-114361	ANT_1_03828
prokka_ANT_1/ANT_1:Gene	rplM	ANT_1_89:c115197-114769	ANT_1_03829
prokka_ANT_1/ANT_1:Gene	zapE	ANT_1_89:c116569-115442	ANT_1_03830
prokka_ANT_1/ANT_1:Gene	yhcB	ANT_1_89:116746-117144	ANT_1_03831
prokka_ANT_1/ANT_1:Gene	degQ	ANT_1_89:117261-118652	ANT_1_03832
prokka_ANT_1/ANT_1:Gene	degS	ANT_1_89:118736-119809	ANT_1_03833
prokka_ANT_1/ANT_1:Gene	mdh	ANT_1_89:c120797-119862	ANT_1_03834
prokka_ANT_1/ANT_1:Gene	argR_2	ANT_1_89:121117-121587	ANT_1_03835
prokka_ANT_1/ANT_1:Gene	ANT_1_03836	ANT_1_89:122015-122278	ANT_1_03836
prokka_ANT_1/ANT_1:Gene	ANT_1_03837	ANT_1_89:122400-122669	ANT_1_03837
prokka_ANT_1/ANT_1:Gene	ANT_1_03838	ANT_1_89:122763-123026	ANT_1_03838
prokka_ANT_1/ANT_1:Gene	yhcO	ANT_1_89:c123378-123109	ANT_1_03839
prokka_ANT_1/ANT_1:Gene	gabD_2	ANT_1_89:c124870-123416	ANT_1_03840
prokka_ANT_1/ANT_1:Gene	aaeB_2	ANT_1_89:c126967-125009	ANT_1_03841
prokka_ANT_1/ANT_1:Gene	aaeA_2	ANT_1_89:c127913-126981	ANT_1_03842
prokka_ANT_1/ANT_1:Gene	aaeX	ANT_1_89:c128124-127921	ANT_1_03843
prokka_ANT_1/ANT_1:Gene	dmlR_12	ANT_1_89:128406-129323	ANT_1_03844
prokka_ANT_1/ANT_1:Gene	tldD	ANT_1_89:c130862-129417	ANT_1_03845
prokka_ANT_1/ANT_1:Gene	ANT_1_03846	ANT_1_89:c134780-130977	ANT_1_03846
prokka_ANT_1/ANT_1:Gene	rng	ANT_1_89:c136410-134941	ANT_1_03847
prokka_ANT_1/ANT_1:Gene	yhdE	ANT_1_89:c136993-136412	ANT_1_03848
prokka_ANT_1/ANT_1:Gene	mreD	ANT_1_89:c137491-137003	ANT_1_03849
prokka_ANT_1/ANT_1:Gene	mreC	ANT_1_89:c138504-137488	ANT_1_03850
prokka_ANT_1/ANT_1:Gene	mreB	ANT_1_89:c139626-138583	ANT_1_03851
prokka_ANT_1/ANT_1:Gene	csrD	ANT_1_89:c141902-139941	ANT_1_03852
prokka_ANT_1/ANT_1:Gene	acuI	ANT_1_89:142114-143091	ANT_1_03853
prokka_ANT_1/ANT_1:Gene	msrP	ANT_1_89:143224-144228	ANT_1_03854
prokka_ANT_1/ANT_1:Gene	msrQ	ANT_1_89:144230-144841	ANT_1_03855
prokka_ANT_1/ANT_1:Gene	aroQ	ANT_1_89:145070-145522	ANT_1_03856
prokka_ANT_1/ANT_1:Gene	accB	ANT_1_89:145544-146020	ANT_1_03857
prokka_ANT_1/ANT_1:Gene	accC	ANT_1_89:146032-147381	ANT_1_03858
prokka_ANT_1/ANT_1:Gene	yhdT	ANT_1_89:147483-147725	ANT_1_03859
prokka_ANT_1/ANT_1:Gene	panF	ANT_1_89:147715-149169	ANT_1_03860
prokka_ANT_1/ANT_1:Gene	prmA	ANT_1_89:149181-150062	ANT_1_03861
prokka_ANT_1/ANT_1:Gene	dusB	ANT_1_89:150463-151335	ANT_1_03862
prokka_ANT_1/ANT_1:Gene	fis	ANT_1_89:151361-151657	ANT_1_03863
prokka_ANT_1/ANT_1:Gene	lpxP	ANT_1_89:151995-152915	ANT_1_03864
prokka_ANT_1/ANT_1:Gene	yhdW	ANT_1_89:153269-154294	ANT_1_03865
prokka_ANT_1/ANT_1:Gene	ANT_1_03866	ANT_1_89:154362-155540	ANT_1_03866
prokka_ANT_1/ANT_1:Gene	yhdY	ANT_1_89:155553-156653	ANT_1_03867
prokka_ANT_1/ANT_1:Gene	glnQ_6	ANT_1_89:156662-157423	ANT_1_03868
prokka_ANT_1/ANT_1:Gene	ANT_1_03869	ANT_1_89:c157687-157577	ANT_1_03869
prokka_ANT_1/ANT_1:Gene	ANT_1_03870	ANT_1_89:c157800-157725	ANT_1_03870
prokka_ANT_1/ANT_1:Gene	ANT_1_03871	ANT_1_89:c157962-157853	ANT_1_03871
prokka_ANT_1/ANT_1:Gene	bigR	ANT_1_90:289-621	ANT_1_03872
prokka_ANT_1/ANT_1:Gene	arsH_2	ANT_1_90:618-1340	ANT_1_03873
prokka_ANT_1/ANT_1:Gene	arsC_3	ANT_1_90:c1833-1405	ANT_1_03874
prokka_ANT_1/ANT_1:Gene	arsB_2	ANT_1_90:c3165-1882	ANT_1_03875
prokka_ANT_1/ANT_1:Gene	arsR2	ANT_1_90:c3613-3254	ANT_1_03876
prokka_ANT_1/ANT_1:Gene	ANT_1_03877	ANT_1_90:c4313-3840	ANT_1_03877
prokka_ANT_1/ANT_1:Gene	ANT_1_03878	ANT_1_90:4548-5198	ANT_1_03878
prokka_ANT_1/ANT_1:Gene	ANT_1_03879	ANT_1_90:c5847-5404	ANT_1_03879
prokka_ANT_1/ANT_1:Gene	ydeA	ANT_1_90:c6466-5840	ANT_1_03880
prokka_ANT_1/ANT_1:Gene	ANT_1_03881	ANT_1_90:6692-7177	ANT_1_03881
prokka_ANT_1/ANT_1:Gene	ANT_1_03882	ANT_1_90:c8174-7845	ANT_1_03882
prokka_ANT_1/ANT_1:Gene	pchB	ANT_1_90:c8657-8361	ANT_1_03883
prokka_ANT_1/ANT_1:Gene	ANT_1_03884	ANT_1_91:35-874	ANT_1_03884
prokka_ANT_1/ANT_1:Gene	ANT_1_03885	ANT_1_91:874-1182	ANT_1_03885
prokka_ANT_1/ANT_1:Gene	symE_6	ANT_1_91:c1580-1233	ANT_1_03886
prokka_ANT_1/ANT_1:Gene	xerC_5	ANT_1_91:1604-2140	ANT_1_03887
prokka_ANT_1/ANT_1:Gene	ANT_1_03888	ANT_1_91:2933-3691	ANT_1_03888
prokka_ANT_1/ANT_1:Gene	ANT_1_03889	ANT_1_91:4196-4879	ANT_1_03889
prokka_ANT_1/ANT_1:Gene	ANT_1_03890	ANT_1_91:4889-5251	ANT_1_03890
prokka_ANT_1/ANT_1:Gene	ANT_1_03891	ANT_1_92:21-611	ANT_1_03891
prokka_ANT_1/ANT_1:Gene	ANT_1_03892	ANT_1_92:c803-459	ANT_1_03892
prokka_ANT_1/ANT_1:Gene	ANT_1_03893	ANT_1_92:c1391-861	ANT_1_03893
prokka_ANT_1/ANT_1:Gene	ANT_1_03894	ANT_1_92:c1685-1437	ANT_1_03894
prokka_ANT_1/ANT_1:Gene	ANT_1_03895	ANT_1_92:c2232-1771	ANT_1_03895
prokka_ANT_1/ANT_1:Gene	ANT_1_03896	ANT_1_92:c2683-2294	ANT_1_03896
prokka_ANT_1/ANT_1:Gene	ANT_1_03897	ANT_1_93:6-500	ANT_1_03897
prokka_ANT_1/ANT_1:Gene	rluE	ANT_1_93:1207-1863	ANT_1_03898
prokka_ANT_1/ANT_1:Gene	nudJ	ANT_1_93:1911-2384	ANT_1_03899
prokka_ANT_1/ANT_1:Gene	mnmA	ANT_1_93:2445-3563	ANT_1_03900
prokka_ANT_1/ANT_1:Gene	hflD	ANT_1_93:3588-4232	ANT_1_03901
prokka_ANT_1/ANT_1:Gene	purB	ANT_1_93:4262-5632	ANT_1_03902
prokka_ANT_1/ANT_1:Gene	phoP	ANT_1_93:5812-6480	ANT_1_03903
prokka_ANT_1/ANT_1:Gene	phoQ	ANT_1_93:6483-7943	ANT_1_03904
prokka_ANT_1/ANT_1:Gene	roxA_2	ANT_1_93:8034-9161	ANT_1_03905
prokka_ANT_1/ANT_1:Gene	pepT_2	ANT_1_93:c10506-9259	ANT_1_03906
prokka_ANT_1/ANT_1:Gene	sutR_3	ANT_1_93:c11156-10596	ANT_1_03907
prokka_ANT_1/ANT_1:Gene	ydcO	ANT_1_93:11263-12435	ANT_1_03908
prokka_ANT_1/ANT_1:Gene	cobB	ANT_1_93:c13299-12385	ANT_1_03909
prokka_ANT_1/ANT_1:Gene	lolE	ANT_1_93:c14716-13472	ANT_1_03910
prokka_ANT_1/ANT_1:Gene	lolD_2	ANT_1_93:c15420-14716	ANT_1_03911
prokka_ANT_1/ANT_1:Gene	lolC	ANT_1_93:c16612-15413	ANT_1_03912
prokka_ANT_1/ANT_1:Gene	ANT_1_03913	ANT_1_93:17227-18621	ANT_1_03913
prokka_ANT_1/ANT_1:Gene	ANT_1_03914	ANT_1_93:c18932-18669	ANT_1_03914
prokka_ANT_1/ANT_1:Gene	ANT_1_03915	ANT_1_93:c20814-19066	ANT_1_03915
prokka_ANT_1/ANT_1:Gene	ANT_1_03916	ANT_1_93:c21380-21078	ANT_1_03916
prokka_ANT_1/ANT_1:Gene	ANT_1_03917	ANT_1_93:c21724-21377	ANT_1_03917
prokka_ANT_1/ANT_1:Gene	ANT_1_03918	ANT_1_93:c22353-21982	ANT_1_03918
prokka_ANT_1/ANT_1:Gene	ANT_1_03919	ANT_1_93:22824-23393	ANT_1_03919
prokka_ANT_1/ANT_1:Gene	ANT_1_03920	ANT_1_93:23771-24061	ANT_1_03920
prokka_ANT_1/ANT_1:Gene	cheV	ANT_1_93:c25537-24581	ANT_1_03921
prokka_ANT_1/ANT_1:Gene	ANT_1_03922	ANT_1_94:104-322	ANT_1_03922
prokka_ANT_1/ANT_1:Gene	ANT_1_03923	ANT_1_94:884-1426	ANT_1_03923
prokka_ANT_1/ANT_1:Gene	ANT_1_03924	ANT_1_94:1595-3772	ANT_1_03924
prokka_ANT_1/ANT_1:Gene	ANT_1_03925	ANT_1_94:3801-4478	ANT_1_03925
prokka_ANT_1/ANT_1:Gene	ANT_1_03926	ANT_1_94:4478-4942	ANT_1_03926
prokka_ANT_1/ANT_1:Gene	ANT_1_03927	ANT_1_94:4955-5497	ANT_1_03927
prokka_ANT_1/ANT_1:Gene	ANT_1_03928	ANT_1_94:5497-6138	ANT_1_03928
prokka_ANT_1/ANT_1:Gene	ANT_1_03929	ANT_1_94:6172-7149	ANT_1_03929
prokka_ANT_1/ANT_1:Gene	phrB_2	ANT_1_95:462-2003	ANT_1_03930
prokka_ANT_1/ANT_1:Gene	ANT_1_03931	ANT_1_95:c2423-2178	ANT_1_03931
prokka_ANT_1/ANT_1:Gene	ANT_1_03932	ANT_1_95:2554-3669	ANT_1_03932
prokka_ANT_1/ANT_1:Gene	mdrP	ANT_1_95:3880-5085	ANT_1_03933
prokka_ANT_1/ANT_1:Gene	ANT_1_03934	ANT_1_95:c5919-5176	ANT_1_03934
prokka_ANT_1/ANT_1:Gene	bvgA_3	ANT_1_95:c6575-5973	ANT_1_03935
prokka_ANT_1/ANT_1:Gene	rcsC_1	ANT_1_95:c9787-6668	ANT_1_03936
prokka_ANT_1/ANT_1:Gene	ANT_1_03937	ANT_1_95:9800-10210	ANT_1_03937
prokka_ANT_1/ANT_1:Gene	ANT_1_03938	ANT_1_95:10238-10819	ANT_1_03938
prokka_ANT_1/ANT_1:Gene	ANT_1_03939	ANT_1_95:c11232-10813	ANT_1_03939
prokka_ANT_1/ANT_1:Gene	ANT_1_03940	ANT_1_95:11490-11828	ANT_1_03940
prokka_ANT_1/ANT_1:Gene	ngcG	ANT_1_95:c12648-11833	ANT_1_03941
prokka_ANT_1/ANT_1:Gene	ngcF	ANT_1_95:c13520-12651	ANT_1_03942
prokka_ANT_1/ANT_1:Gene	ANT_1_03943	ANT_1_95:c14918-13578	ANT_1_03943
prokka_ANT_1/ANT_1:Gene	ANT_1_03944	ANT_1_95:15447-16046	ANT_1_03944
prokka_ANT_1/ANT_1:Gene	malK_3	ANT_1_95:16059-17147	ANT_1_03945
prokka_ANT_1/ANT_1:Gene	nagC_2	ANT_1_95:c18288-17191	ANT_1_03946
prokka_ANT_1/ANT_1:Gene	gspK_2	ANT_1_95:c19175-18285	ANT_1_03947
prokka_ANT_1/ANT_1:Gene	yteT	ANT_1_95:19465-20610	ANT_1_03948
prokka_ANT_1/ANT_1:Gene	bluF	ANT_1_95:20829-22043	ANT_1_03949
prokka_ANT_1/ANT_1:Gene	ANT_1_03950	ANT_1_95:c23930-22098	ANT_1_03950
prokka_ANT_1/ANT_1:Gene	ANT_1_03951	ANT_1_95:24160-24579	ANT_1_03951
prokka_ANT_1/ANT_1:Gene	nodD2	ANT_1_95:c25525-24602	ANT_1_03952
prokka_ANT_1/ANT_1:Gene	ydcF	ANT_1_95:c26351-25512	ANT_1_03953
prokka_ANT_1/ANT_1:Gene	adhT_1	ANT_1_95:c27438-26413	ANT_1_03954
prokka_ANT_1/ANT_1:Gene	yybH	ANT_1_95:c27888-27475	ANT_1_03955
prokka_ANT_1/ANT_1:Gene	ANT_1_03956	ANT_1_95:c28765-27968	ANT_1_03956
prokka_ANT_1/ANT_1:Gene	ecfG	ANT_1_95:c29214-28762	ANT_1_03957
prokka_ANT_1/ANT_1:Gene	ANT_1_03958	ANT_1_95:c29835-29305	ANT_1_03958
prokka_ANT_1/ANT_1:Gene	yheS_2	ANT_1_95:30210-31925	ANT_1_03959
prokka_ANT_1/ANT_1:Gene	ANT_1_03960	ANT_1_95:31945-32118	ANT_1_03960
prokka_ANT_1/ANT_1:Gene	ANT_1_03961	ANT_1_95:c32715-32050	ANT_1_03961
prokka_ANT_1/ANT_1:Gene	ANT_1_03962	ANT_1_95:c34416-32740	ANT_1_03962
prokka_ANT_1/ANT_1:Gene	gltC_2	ANT_1_96:156-1091	ANT_1_03963
prokka_ANT_1/ANT_1:Gene	fabD_1	ANT_1_96:c1986-1081	ANT_1_03964
prokka_ANT_1/ANT_1:Gene	mdcG	ANT_1_96:c2594-1983	ANT_1_03965
prokka_ANT_1/ANT_1:Gene	ANT_1_03966	ANT_1_96:c3555-2596	ANT_1_03966
prokka_ANT_1/ANT_1:Gene	ANT_1_03967	ANT_1_96:c4494-3694	ANT_1_03967
prokka_ANT_1/ANT_1:Gene	madC	ANT_1_96:c5327-4491	ANT_1_03968
prokka_ANT_1/ANT_1:Gene	mdcC	ANT_1_96:c5619-5320	ANT_1_03969
prokka_ANT_1/ANT_1:Gene	citG	ANT_1_96:c6622-5753	ANT_1_03970
prokka_ANT_1/ANT_1:Gene	madA	ANT_1_96:c8274-6622	ANT_1_03971
prokka_ANT_1/ANT_1:Gene	ANT_1_03972	ANT_1_96:c10257-8530	ANT_1_03972
prokka_ANT_1/ANT_1:Gene	ANT_1_03973	ANT_1_96:10414-11610	ANT_1_03973
prokka_ANT_1/ANT_1:Gene	ANT_1_03974	ANT_1_96:c12405-11695	ANT_1_03974
prokka_ANT_1/ANT_1:Gene	ANT_1_03975	ANT_1_96:c13224-12424	ANT_1_03975
prokka_ANT_1/ANT_1:Gene	ANT_1_03976	ANT_1_96:c14153-13224	ANT_1_03976
prokka_ANT_1/ANT_1:Gene	ANT_1_03977	ANT_1_96:c15583-14147	ANT_1_03977
prokka_ANT_1/ANT_1:Gene	ANT_1_03978	ANT_1_96:c16372-15761	ANT_1_03978
prokka_ANT_1/ANT_1:Gene	ANT_1_03979	ANT_1_96:16769-17692	ANT_1_03979
prokka_ANT_1/ANT_1:Gene	ANT_1_03980	ANT_1_96:17667-18131	ANT_1_03980
prokka_ANT_1/ANT_1:Gene	ANT_1_03981	ANT_1_96:c19107-18112	ANT_1_03981
prokka_ANT_1/ANT_1:Gene	ylaC	ANT_1_96:19300-19782	ANT_1_03982
prokka_ANT_1/ANT_1:Gene	lysN_2	ANT_1_96:c21283-19877	ANT_1_03983
prokka_ANT_1/ANT_1:Gene	ANT_1_03984	ANT_1_96:c23481-21349	ANT_1_03984
prokka_ANT_1/ANT_1:Gene	ANT_1_03985	ANT_1_96:24034-24600	ANT_1_03985
prokka_ANT_1/ANT_1:Gene	ANT_1_03986	ANT_1_96:24624-25148	ANT_1_03986
prokka_ANT_1/ANT_1:Gene	ANT_1_03987	ANT_1_96:25173-25889	ANT_1_03987
prokka_ANT_1/ANT_1:Gene	ANT_1_03988	ANT_1_96:25893-28316	ANT_1_03988
prokka_ANT_1/ANT_1:Gene	ANT_1_03989	ANT_1_96:28313-29299	ANT_1_03989
prokka_ANT_1/ANT_1:Gene	proP_5	ANT_1_96:29484-30806	ANT_1_03990
prokka_ANT_1/ANT_1:Gene	exbD	ANT_1_96:c31306-30884	ANT_1_03991
prokka_ANT_1/ANT_1:Gene	exbB	ANT_1_96:c32046-31312	ANT_1_03992
prokka_ANT_1/ANT_1:Gene	metC	ANT_1_96:32295-33485	ANT_1_03993
prokka_ANT_1/ANT_1:Gene	yghB	ANT_1_96:33662-34318	ANT_1_03994
prokka_ANT_1/ANT_1:Gene	ddc	ANT_1_96:c35831-34368	ANT_1_03995
prokka_ANT_1/ANT_1:Gene	dat	ANT_1_96:c37227-35845	ANT_1_03996
prokka_ANT_1/ANT_1:Gene	rhaS_5	ANT_1_96:c38337-37444	ANT_1_03997
prokka_ANT_1/ANT_1:Gene	yqhD	ANT_1_96:38517-39674	ANT_1_03998
prokka_ANT_1/ANT_1:Gene	dkgA	ANT_1_96:39761-40585	ANT_1_03999
prokka_ANT_1/ANT_1:Gene	ftsP	ANT_1_96:c42066-40639	ANT_1_04000
prokka_ANT_1/ANT_1:Gene	plsC	ANT_1_96:c42943-42206	ANT_1_04001
prokka_ANT_1/ANT_1:Gene	parC	ANT_1_96:c45339-43063	ANT_1_04002
prokka_ANT_1/ANT_1:Gene	pheC	ANT_1_96:c46278-45511	ANT_1_04003
prokka_ANT_1/ANT_1:Gene	mdaB	ANT_1_96:46412-46993	ANT_1_04004
prokka_ANT_1/ANT_1:Gene	ygiN	ANT_1_96:47038-47346	ANT_1_04005
prokka_ANT_1/ANT_1:Gene	dmlR_13	ANT_1_96:c48300-47398	ANT_1_04006
prokka_ANT_1/ANT_1:Gene	ANT_1_04007	ANT_1_96:c48616-48449	ANT_1_04007
prokka_ANT_1/ANT_1:Gene	parE	ANT_1_96:c50691-48796	ANT_1_04008
prokka_ANT_1/ANT_1:Gene	ANT_1_04009	ANT_1_96:c51324-50746	ANT_1_04009
prokka_ANT_1/ANT_1:Gene	cpdA_2	ANT_1_96:c52155-51328	ANT_1_04010
prokka_ANT_1/ANT_1:Gene	ANT_1_04011	ANT_1_96:c52615-52196	ANT_1_04011
prokka_ANT_1/ANT_1:Gene	nudF	ANT_1_96:c53250-52615	ANT_1_04012
prokka_ANT_1/ANT_1:Gene	tolC_3	ANT_1_96:53461-54930	ANT_1_04013
prokka_ANT_1/ANT_1:Gene	ANT_1_04014	ANT_1_96:55074-55736	ANT_1_04014
prokka_ANT_1/ANT_1:Gene	ygiC	ANT_1_96:55743-56903	ANT_1_04015
prokka_ANT_1/ANT_1:Gene	ygiD	ANT_1_96:c57780-56995	ANT_1_04016
prokka_ANT_1/ANT_1:Gene	ribB	ANT_1_96:c58626-57970	ANT_1_04017
prokka_ANT_1/ANT_1:Gene	ubiK	ANT_1_96:59047-59334	ANT_1_04018
prokka_ANT_1/ANT_1:Gene	hldE	ANT_1_96:c60815-59379	ANT_1_04019
prokka_ANT_1/ANT_1:Gene	glnE	ANT_1_96:c63738-60904	ANT_1_04020
prokka_ANT_1/ANT_1:Gene	ygiF	ANT_1_96:c65078-63774	ANT_1_04021
prokka_ANT_1/ANT_1:Gene	ANT_1_04022	ANT_1_96:65334-65954	ANT_1_04022
prokka_ANT_1/ANT_1:Gene	cca	ANT_1_96:66094-67314	ANT_1_04023
prokka_ANT_1/ANT_1:Gene	uppP	ANT_1_96:c68212-67391	ANT_1_04024
prokka_ANT_1/ANT_1:Gene	folB	ANT_1_96:c68714-68355	ANT_1_04025
prokka_ANT_1/ANT_1:Gene	plsY	ANT_1_96:68822-69427	ANT_1_04026
prokka_ANT_1/ANT_1:Gene	tsaD	ANT_1_96:c70525-69512	ANT_1_04027
prokka_ANT_1/ANT_1:Gene	rpsU	ANT_1_96:70830-71045	ANT_1_04028
prokka_ANT_1/ANT_1:Gene	dnaG	ANT_1_96:71156-72901	ANT_1_04029
prokka_ANT_1/ANT_1:Gene	rpoD	ANT_1_96:73227-75068	ANT_1_04030
prokka_ANT_1/ANT_1:Gene	mug	ANT_1_96:c75694-75119	ANT_1_04031
prokka_ANT_1/ANT_1:Gene	ttuC	ANT_1_96:c76725-75691	ANT_1_04032
prokka_ANT_1/ANT_1:Gene	aer_2	ANT_1_96:c78403-76859	ANT_1_04033
prokka_ANT_1/ANT_1:Gene	pgrR_8	ANT_1_96:c79454-78528	ANT_1_04034
prokka_ANT_1/ANT_1:Gene	ANT_1_04035	ANT_1_96:79569-79988	ANT_1_04035
prokka_ANT_1/ANT_1:Gene	ANT_1_04036	ANT_1_96:c81197-80046	ANT_1_04036
prokka_ANT_1/ANT_1:Gene	flgK_1	ANT_1_97:80-1723	ANT_1_04037
prokka_ANT_1/ANT_1:Gene	flgL_1	ANT_1_97:1747-2712	ANT_1_04038
prokka_ANT_1/ANT_1:Gene	flgK_2	ANT_1_98:80-1723	ANT_1_04039
prokka_ANT_1/ANT_1:Gene	flgL_2	ANT_1_98:1745-2707	ANT_1_04040
prokka_ANT_1/ANT_1:Gene	ANT_1_04041	ANT_1_99:c1152-805	ANT_1_04041
prokka_ANT_1/ANT_1:Gene	ANT_1_04042	ANT_1_99:c1485-1183	ANT_1_04042
prokka_ANT_1/ANT_1:Gene	ANT_1_04043	ANT_1_99:c1697-1488	ANT_1_04043
prokka_ANT_1/ANT_1:Gene	ANT_1_04044	ANT_1_99:c1842-1645	ANT_1_04044
prokka_ANT_1/ANT_1:Gene	ANT_1_04045	ANT_1_99:c2057-1839	ANT_1_04045
prokka_ANT_1/ANT_1:Gene	ANT_1_04046	ANT_1_99:c2341-2054	ANT_1_04046
prokka_ANT_1/ANT_1:Gene	ANT_1_04047	ANT_1_99:c2908-2456	ANT_1_04047
prokka_ANT_1/ANT_1:Gene	ANT_1_04048	ANT_1_99:c3090-2905	ANT_1_04048
prokka_ANT_1/ANT_1:Gene	ANT_1_04049	ANT_1_99:c3839-3087	ANT_1_04049
prokka_ANT_1/ANT_1:Gene	ANT_1_04050	ANT_1_99:c4231-3836	ANT_1_04050
prokka_ANT_1/ANT_1:Gene	ANT_1_04051	ANT_1_99:c4685-4254	ANT_1_04051
prokka_ANT_1/ANT_1:Gene	ANT_1_04052	ANT_1_99:c5083-4682	ANT_1_04052
prokka_ANT_1/ANT_1:Gene	ANT_1_04053	ANT_1_99:c5968-5105	ANT_1_04053
prokka_ANT_1/ANT_1:Gene	ANT_1_04054	ANT_1_99:c6073-5978	ANT_1_04054
prokka_ANT_1/ANT_1:Gene	ANT_1_04055	ANT_1_99:c6314-6126	ANT_1_04055
prokka_ANT_1/ANT_1:Gene	ANT_1_04056	ANT_1_99:c7492-6488	ANT_1_04056
prokka_ANT_1/ANT_1:Gene	ANT_1_04057	ANT_1_99:c7840-7649	ANT_1_04057
prokka_ANT_1/ANT_1:Gene	ANT_1_04058	ANT_1_99:c8028-7855	ANT_1_04058
prokka_ANT_1/ANT_1:Gene	ANT_1_04059	ANT_1_99:c8556-8362	ANT_1_04059
prokka_ANT_1/ANT_1:Gene	ANT_1_04060	ANT_1_99:c8804-8559	ANT_1_04060
prokka_ANT_1/ANT_1:Gene	ANT_1_04061	ANT_1_99:9187-9366	ANT_1_04061
prokka_ANT_1/ANT_1:Gene	ANT_1_04062	ANT_1_99:c10070-9402	ANT_1_04062
prokka_ANT_1/ANT_1:Gene	ANT_1_04063	ANT_1_99:c10368-10084	ANT_1_04063
prokka_ANT_1/ANT_1:Gene	ANT_1_04064	ANT_1_99:c11146-10484	ANT_1_04064
prokka_ANT_1/ANT_1:Gene	ANT_1_04065	ANT_1_99:11228-11413	ANT_1_04065
prokka_ANT_1/ANT_1:Gene	ANT_1_04066	ANT_1_99:11526-11819	ANT_1_04066
prokka_ANT_1/ANT_1:Gene	ANT_1_04067	ANT_1_99:11838-12530	ANT_1_04067
prokka_ANT_1/ANT_1:Gene	ANT_1_04068	ANT_1_99:12527-13516	ANT_1_04068
prokka_ANT_1/ANT_1:Gene	ANT_1_04069	ANT_1_99:13513-14208	ANT_1_04069
prokka_ANT_1/ANT_1:Gene	ANT_1_04070	ANT_1_99:14288-14425	ANT_1_04070
prokka_ANT_1/ANT_1:Gene	ANT_1_04071	ANT_1_99:14425-14763	ANT_1_04071
prokka_ANT_1/ANT_1:Gene	ANT_1_04072	ANT_1_99:14852-15574	ANT_1_04072
prokka_ANT_1/ANT_1:Gene	ANT_1_04073	ANT_1_99:15744-16091	ANT_1_04073
prokka_ANT_1/ANT_1:Gene	ANT_1_04074	ANT_1_99:16094-16285	ANT_1_04074
prokka_ANT_1/ANT_1:Gene	ANT_1_04075	ANT_1_99:16322-16690	ANT_1_04075
prokka_ANT_1/ANT_1:Gene	ANT_1_04076	ANT_1_101:451-1347	ANT_1_04076
prokka_ANT_1/ANT_1:Gene	ANT_1_04077	ANT_1_101:1995-8408	ANT_1_04077
prokka_ANT_1/ANT_1:Gene	ANT_1_04078	ANT_1_101:8815-9225	ANT_1_04078
prokka_ANT_1/ANT_1:Gene	ANT_1_04079	ANT_1_101:c11567-9663	ANT_1_04079
prokka_ANT_1/ANT_1:Gene	ANT_1_04080	ANT_1_101:c12697-11774	ANT_1_04080
prokka_ANT_1/ANT_1:Gene	ANT_1_04081	ANT_1_102:c665-387	ANT_1_04081
prokka_ANT_1/ANT_1:Gene	ANT_1_04082	ANT_1_102:869-1378	ANT_1_04082
prokka_ANT_1/ANT_1:Gene	ANT_1_04083	ANT_1_102:1541-2284	ANT_1_04083
prokka_ANT_1/ANT_1:Gene	ANT_1_04084	ANT_1_102:2812-3012	ANT_1_04084
prokka_ANT_1/ANT_1:Gene	ANT_1_04085	ANT_1_102:2957-3181	ANT_1_04085
prokka_ANT_1/ANT_1:Gene	ANT_1_04086	ANT_1_102:3178-3456	ANT_1_04086
prokka_ANT_1/ANT_1:Gene	xerD_3	ANT_1_102:3710-4867	ANT_1_04087
prokka_ANT_1/ANT_1:Gene	xerC_6	ANT_1_102:5121-6446	ANT_1_04088
prokka_ANT_1/ANT_1:Gene	ANT_1_04089	ANT_1_102:6553-7002	ANT_1_04089
prokka_ANT_1/ANT_1:Gene	ykgV	ANT_1_102:6999-7229	ANT_1_04090
prokka_ANT_1/ANT_1:Gene	ANT_1_04091	ANT_1_102:7384-8898	ANT_1_04091
prokka_ANT_1/ANT_1:Gene	ANT_1_04092	ANT_1_102:9146-9844	ANT_1_04092
prokka_ANT_1/ANT_1:Gene	ANT_1_04093	ANT_1_102:10186-11427	ANT_1_04093
prokka_ANT_1/ANT_1:Gene	ANT_1_04094	ANT_1_102:c12183-12022	ANT_1_04094
prokka_ANT_1/ANT_1:Gene	ANT_1_04095	ANT_1_102:c13612-12185	ANT_1_04095
prokka_ANT_1/ANT_1:Gene	ANT_1_04096	ANT_1_102:c14516-13593	ANT_1_04096
prokka_ANT_1/ANT_1:Gene	ANT_1_04097	ANT_1_102:c16354-14516	ANT_1_04097
prokka_ANT_1/ANT_1:Gene	era_2	ANT_1_102:16628-17122	ANT_1_04098
prokka_ANT_1/ANT_1:Gene	ANT_1_04099	ANT_1_102:17582-18406	ANT_1_04099
prokka_ANT_1/ANT_1:Gene	ANT_1_04100	ANT_1_102:18615-19325	ANT_1_04100
prokka_ANT_1/ANT_1:Gene	ANT_1_04101	ANT_1_102:19351-19887	ANT_1_04101
prokka_ANT_1/ANT_1:Gene	ANT_1_04102	ANT_1_102:19929-20366	ANT_1_04102
prokka_ANT_1/ANT_1:Gene	ANT_1_04103	ANT_1_102:20433-20843	ANT_1_04103
prokka_ANT_1/ANT_1:Gene	ANT_1_04104	ANT_1_102:20921-21109	ANT_1_04104
prokka_ANT_1/ANT_1:Gene	klcA_2	ANT_1_102:21241-21699	ANT_1_04105
prokka_ANT_1/ANT_1:Gene	ANT_1_04106	ANT_1_102:21708-22190	ANT_1_04106
prokka_ANT_1/ANT_1:Gene	ANT_1_04107	ANT_1_102:22204-22425	ANT_1_04107
prokka_ANT_1/ANT_1:Gene	cbeA	ANT_1_102:22448-22798	ANT_1_04108
prokka_ANT_1/ANT_1:Gene	ykfI	ANT_1_102:23416-23757	ANT_1_04109
prokka_ANT_1/ANT_1:Gene	ANT_1_04110	ANT_1_102:23872-24708	ANT_1_04110
prokka_ANT_1/ANT_1:Gene	ANT_1_04111	ANT_1_102:c25248-24997	ANT_1_04111
prokka_ANT_1/ANT_1:Gene	ANT_1_04112	ANT_1_102:c26661-25357	ANT_1_04112
prokka_ANT_1/ANT_1:Gene	ANT_1_04113	ANT_1_102:c26955-26722	ANT_1_04113
prokka_ANT_1/ANT_1:Gene	ANT_1_04114	ANT_1_102:c27710-27039	ANT_1_04114
prokka_ANT_1/ANT_1:Gene	ANT_1_04115	ANT_1_102:c31167-28021	ANT_1_04115
prokka_ANT_1/ANT_1:Gene	ANT_1_04116	ANT_1_102:c31706-31176	ANT_1_04116
prokka_ANT_1/ANT_1:Gene	ANT_1_04117	ANT_1_102:c32374-31649	ANT_1_04117
prokka_ANT_1/ANT_1:Gene	ANT_1_04118	ANT_1_102:c33021-32374	ANT_1_04118
prokka_ANT_1/ANT_1:Gene	ANT_1_04119	ANT_1_102:33257-33475	ANT_1_04119
prokka_ANT_1/ANT_1:Gene	ANT_1_04120	ANT_1_102:c33713-33465	ANT_1_04120
prokka_ANT_1/ANT_1:Gene	ANT_1_04121	ANT_1_102:c34084-33734	ANT_1_04121
prokka_ANT_1/ANT_1:Gene	ANT_1_04122	ANT_1_102:34156-34386	ANT_1_04122
prokka_ANT_1/ANT_1:Gene	ANT_1_04123	ANT_1_102:c37040-34410	ANT_1_04123
prokka_ANT_1/ANT_1:Gene	ANT_1_04124	ANT_1_102:c38266-37562	ANT_1_04124
prokka_ANT_1/ANT_1:Gene	ANT_1_04125	ANT_1_102:c39244-38351	ANT_1_04125
prokka_ANT_1/ANT_1:Gene	ANT_1_04126	ANT_1_102:c39490-39317	ANT_1_04126
prokka_ANT_1/ANT_1:Gene	ANT_1_04127	ANT_1_102:39668-39946	ANT_1_04127
prokka_ANT_1/ANT_1:Gene	ANT_1_04128	ANT_1_102:40423-40971	ANT_1_04128
prokka_ANT_1/ANT_1:Gene	ANT_1_04129	ANT_1_102:c41489-40983	ANT_1_04129
prokka_ANT_1/ANT_1:Gene	ANT_1_04130	ANT_1_103:57-141	ANT_1_04130
prokka_ANT_1/ANT_1:Gene	intA_1	ANT_1_103:304-1557	ANT_1_04131
prokka_ANT_1/ANT_1:Gene	ANT_1_04132	ANT_1_103:c2683-1589	ANT_1_04132
prokka_ANT_1/ANT_1:Gene	ANT_1_04133	ANT_1_103:c3907-2687	ANT_1_04133
prokka_ANT_1/ANT_1:Gene	ANT_1_04134	ANT_1_103:c4518-4273	ANT_1_04134
prokka_ANT_1/ANT_1:Gene	ANT_1_04135	ANT_1_103:c5225-4515	ANT_1_04135
prokka_ANT_1/ANT_1:Gene	ANT_1_04136	ANT_1_103:5749-6006	ANT_1_04136
prokka_ANT_1/ANT_1:Gene	ANT_1_04137	ANT_1_103:6003-6251	ANT_1_04137
prokka_ANT_1/ANT_1:Gene	ANT_1_04138	ANT_1_103:6577-6834	ANT_1_04138
prokka_ANT_1/ANT_1:Gene	ANT_1_04139	ANT_1_103:6831-7079	ANT_1_04139
prokka_ANT_1/ANT_1:Gene	ANT_1_04140	ANT_1_103:7423-7617	ANT_1_04140
prokka_ANT_1/ANT_1:Gene	ANT_1_04141	ANT_1_103:7614-7877	ANT_1_04141
prokka_ANT_1/ANT_1:Gene	ANT_1_04142	ANT_1_103:7867-8205	ANT_1_04142
prokka_ANT_1/ANT_1:Gene	ANT_1_04143	ANT_1_103:8220-10541	ANT_1_04143
prokka_ANT_1/ANT_1:Gene	ANT_1_04144	ANT_1_103:c11308-10721	ANT_1_04144
prokka_ANT_1/ANT_1:Gene	intA_2	ANT_1_103:12359-13543	ANT_1_04145
prokka_ANT_1/ANT_1:Gene	ANT_1_04146	ANT_1_103:c14585-13626	ANT_1_04146
prokka_ANT_1/ANT_1:Gene	ANT_1_04147	ANT_1_103:14824-16413	ANT_1_04147
prokka_ANT_1/ANT_1:Gene	ANT_1_04148	ANT_1_103:c17547-16471	ANT_1_04148
prokka_ANT_1/ANT_1:Gene	ANT_1_04149	ANT_1_103:c19190-17556	ANT_1_04149
prokka_ANT_1/ANT_1:Gene	ANT_1_04150	ANT_1_103:c22667-19254	ANT_1_04150
prokka_ANT_1/ANT_1:Gene	ANT_1_04151	ANT_1_103:22841-23152	ANT_1_04151
prokka_ANT_1/ANT_1:Gene	ANT_1_04152	ANT_1_103:23396-23662	ANT_1_04152
prokka_ANT_1/ANT_1:Gene	ANT_1_04153	ANT_1_103:24027-24248	ANT_1_04153
prokka_ANT_1/ANT_1:Gene	ANT_1_04154	ANT_1_103:24258-24506	ANT_1_04154
prokka_ANT_1/ANT_1:Gene	ANT_1_04155	ANT_1_103:24733-25395	ANT_1_04155
prokka_ANT_1/ANT_1:Gene	ANT_1_04156	ANT_1_103:c26651-25734	ANT_1_04156
prokka_ANT_1/ANT_1:Gene	ANT_1_04157	ANT_1_103:c27417-26644	ANT_1_04157
prokka_ANT_1/ANT_1:Gene	ANT_1_04158	ANT_1_103:c27922-27581	ANT_1_04158
prokka_ANT_1/ANT_1:Gene	ANT_1_04159	ANT_1_103:28199-28456	ANT_1_04159
prokka_ANT_1/ANT_1:Gene	ANT_1_04160	ANT_1_103:28594-29040	ANT_1_04160
prokka_ANT_1/ANT_1:Gene	ANT_1_04161	ANT_1_103:29034-29411	ANT_1_04161
prokka_ANT_1/ANT_1:Gene	hcpA_7	ANT_1_103:c29932-29447	ANT_1_04162
prokka_ANT_1/ANT_1:Gene	ANT_1_04163	ANT_1_103:30175-30507	ANT_1_04163
prokka_ANT_1/ANT_1:Gene	ANT_1_04164	ANT_1_103:30529-31080	ANT_1_04164
prokka_ANT_1/ANT_1:Gene	mrr	ANT_1_103:31135-32049	ANT_1_04165
prokka_ANT_1/ANT_1:Gene	ANT_1_04166	ANT_1_103:c33387-32116	ANT_1_04166
prokka_ANT_1/ANT_1:Gene	ANT_1_04167	ANT_1_103:c33905-33390	ANT_1_04167
prokka_ANT_1/ANT_1:Gene	ANT_1_04168	ANT_1_104:57-141	ANT_1_04168
prokka_ANT_1/ANT_1:Gene	ANT_1_04169	ANT_1_104:c792-436	ANT_1_04169
prokka_ANT_1/ANT_1:Gene	ANT_1_04170	ANT_1_104:1005-1463	ANT_1_04170
prokka_ANT_1/ANT_1:Gene	ANT_1_04171	ANT_1_104:1457-1786	ANT_1_04171
prokka_ANT_1/ANT_1:Gene	ANT_1_04172	ANT_1_104:2070-3023	ANT_1_04172
prokka_ANT_1/ANT_1:Gene	ANT_1_04173	ANT_1_104:c3606-3106	ANT_1_04173
prokka_ANT_1/ANT_1:Gene	ANT_1_04174	ANT_1_104:c4745-3603	ANT_1_04174
prokka_ANT_1/ANT_1:Gene	ANT_1_04175	ANT_1_105:533-991	ANT_1_04175
prokka_ANT_1/ANT_1:Gene	gltC_3	ANT_1_106:10-534	ANT_1_04176
prokka_ANT_1/ANT_1:Gene	ANT_1_04177	ANT_1_106:c832-560	ANT_1_04177
prokka_ANT_1/ANT_1:Gene	moeZ	ANT_1_106:c2022-1057	ANT_1_04178
prokka_ANT_1/ANT_1:Gene	thiG	ANT_1_106:c2796-2026	ANT_1_04179
prokka_ANT_1/ANT_1:Gene	ANT_1_04180	ANT_1_106:c2997-2800	ANT_1_04180
prokka_ANT_1/ANT_1:Gene	mnmC_1	ANT_1_106:c3926-2994	ANT_1_04181
prokka_ANT_1/ANT_1:Gene	betT	ANT_1_106:4532-6571	ANT_1_04182
prokka_ANT_1/ANT_1:Gene	pcpR_3	ANT_1_106:c7638-6652	ANT_1_04183
prokka_ANT_1/ANT_1:Gene	ANT_1_04184	ANT_1_106:7653-8606	ANT_1_04184
prokka_ANT_1/ANT_1:Gene	ampR	ANT_1_106:c9630-8752	ANT_1_04185
prokka_ANT_1/ANT_1:Gene	ampC	ANT_1_106:9879-10880	ANT_1_04186
prokka_ANT_1/ANT_1:Gene	ANT_1_04187	ANT_1_106:11073-11639	ANT_1_04187
prokka_ANT_1/ANT_1:Gene	satP	ANT_1_106:c12267-11701	ANT_1_04188
prokka_ANT_1/ANT_1:Gene	ybjJ_1	ANT_1_106:c13847-12687	ANT_1_04189
prokka_ANT_1/ANT_1:Gene	ANT_1_04190	ANT_1_106:c14975-13977	ANT_1_04190
prokka_ANT_1/ANT_1:Gene	ANT_1_04191	ANT_1_106:15222-15389	ANT_1_04191
prokka_ANT_1/ANT_1:Gene	pgrR_9	ANT_1_106:c16593-15718	ANT_1_04192
prokka_ANT_1/ANT_1:Gene	nepI_5	ANT_1_106:16710-17891	ANT_1_04193
prokka_ANT_1/ANT_1:Gene	ANT_1_04194	ANT_1_106:c18538-17888	ANT_1_04194
prokka_ANT_1/ANT_1:Gene	ANT_1_04195	ANT_1_106:c19646-18540	ANT_1_04195
prokka_ANT_1/ANT_1:Gene	hns_2	ANT_1_106:20959-21363	ANT_1_04196
prokka_ANT_1/ANT_1:Gene	ANT_1_04197	ANT_1_106:c22760-21399	ANT_1_04197
prokka_ANT_1/ANT_1:Gene	ANT_1_04198	ANT_1_106:c23957-22764	ANT_1_04198
prokka_ANT_1/ANT_1:Gene	ANT_1_04199	ANT_1_106:24049-24495	ANT_1_04199
prokka_ANT_1/ANT_1:Gene	map_2	ANT_1_106:c25320-24541	ANT_1_04200
prokka_ANT_1/ANT_1:Gene	ANT_1_04201	ANT_1_106:c25565-25326	ANT_1_04201
prokka_ANT_1/ANT_1:Gene	ANT_1_04202	ANT_1_106:25800-26177	ANT_1_04202
prokka_ANT_1/ANT_1:Gene	ANT_1_04203	ANT_1_106:c26718-26374	ANT_1_04203
prokka_ANT_1/ANT_1:Gene	thadh	ANT_1_106:26770-27762	ANT_1_04204
prokka_ANT_1/ANT_1:Gene	ANT_1_04205	ANT_1_106:c28603-27902	ANT_1_04205
prokka_ANT_1/ANT_1:Gene	stp_2	ANT_1_106:28730-30106	ANT_1_04206
prokka_ANT_1/ANT_1:Gene	ndvB	ANT_1_106:c39029-30447	ANT_1_04207
prokka_ANT_1/ANT_1:Gene	ANT_1_04208	ANT_1_106:40575-40847	ANT_1_04208
prokka_ANT_1/ANT_1:Gene	ANT_1_04209	ANT_1_106:40925-41023	ANT_1_04209
prokka_ANT_1/ANT_1:Gene	ANT_1_04210	ANT_1_106:41709-42416	ANT_1_04210
prokka_ANT_1/ANT_1:Gene	ANT_1_04211	ANT_1_106:42413-45085	ANT_1_04211
prokka_ANT_1/ANT_1:Gene	hscC	ANT_1_106:c46818-45127	ANT_1_04212
prokka_ANT_1/ANT_1:Gene	yciC	ANT_1_106:c48197-47001	ANT_1_04213
prokka_ANT_1/ANT_1:Gene	ANT_1_04214	ANT_1_106:c49526-48282	ANT_1_04214
prokka_ANT_1/ANT_1:Gene	ANT_1_04215	ANT_1_106:c50601-49537	ANT_1_04215
prokka_ANT_1/ANT_1:Gene	hcxA	ANT_1_106:50797-51897	ANT_1_04216
prokka_ANT_1/ANT_1:Gene	ANT_1_04217	ANT_1_106:c53099-52122	ANT_1_04217
prokka_ANT_1/ANT_1:Gene	ANT_1_04218	ANT_1_106:c54545-54333	ANT_1_04218
prokka_ANT_1/ANT_1:Gene	bchL	ANT_1_106:c55168-54542	ANT_1_04219
prokka_ANT_1/ANT_1:Gene	dmlR_14	ANT_1_106:c57396-56497	ANT_1_04220
prokka_ANT_1/ANT_1:Gene	stp_3	ANT_1_106:57509-58879	ANT_1_04221
prokka_ANT_1/ANT_1:Gene	msrA	ANT_1_106:c59416-58880	ANT_1_04222
prokka_ANT_1/ANT_1:Gene	prpD	ANT_1_106:59714-61036	ANT_1_04223
prokka_ANT_1/ANT_1:Gene	ntaA	ANT_1_106:61052-62401	ANT_1_04224
prokka_ANT_1/ANT_1:Gene	mltF_2	ANT_1_106:62405-63301	ANT_1_04225
prokka_ANT_1/ANT_1:Gene	ANT_1_04226	ANT_1_106:63298-64200	ANT_1_04226
prokka_ANT_1/ANT_1:Gene	glnQ_7	ANT_1_106:64197-64958	ANT_1_04227
prokka_ANT_1/ANT_1:Gene	ANT_1_04228	ANT_1_106:c65659-65000	ANT_1_04228
prokka_ANT_1/ANT_1:Gene	metN_4	ANT_1_106:65888-66913	ANT_1_04229
prokka_ANT_1/ANT_1:Gene	metP	ANT_1_106:66906-67574	ANT_1_04230
prokka_ANT_1/ANT_1:Gene	metQ_4	ANT_1_106:67591-68403	ANT_1_04231
prokka_ANT_1/ANT_1:Gene	yxeO	ANT_1_106:68536-69267	ANT_1_04232
prokka_ANT_1/ANT_1:Gene	yxeN_3	ANT_1_106:69288-69956	ANT_1_04233
prokka_ANT_1/ANT_1:Gene	yxeM	ANT_1_106:69975-70775	ANT_1_04234
prokka_ANT_1/ANT_1:Gene	comR_3	ANT_1_106:c71464-70823	ANT_1_04235
prokka_ANT_1/ANT_1:Gene	bhsA	ANT_1_106:71745-72002	ANT_1_04236
prokka_ANT_1/ANT_1:Gene	ANT_1_04237	ANT_1_106:72038-72295	ANT_1_04237
prokka_ANT_1/ANT_1:Gene	ANT_1_04238	ANT_1_106:72447-72680	ANT_1_04238
prokka_ANT_1/ANT_1:Gene	feaB	ANT_1_106:72649-74133	ANT_1_04239
prokka_ANT_1/ANT_1:Gene	ANT_1_04240	ANT_1_106:c74983-74228	ANT_1_04240
prokka_ANT_1/ANT_1:Gene	gltR_2	ANT_1_106:c76146-75286	ANT_1_04241
prokka_ANT_1/ANT_1:Gene	sad_2	ANT_1_106:76249-77634	ANT_1_04242
prokka_ANT_1/ANT_1:Gene	ANT_1_04243	ANT_1_106:c79416-77638	ANT_1_04243
prokka_ANT_1/ANT_1:Gene	gdh	ANT_1_106:c80534-79734	ANT_1_04244
prokka_ANT_1/ANT_1:Gene	ANT_1_04245	ANT_1_106:80668-82284	ANT_1_04245
prokka_ANT_1/ANT_1:Gene	ANT_1_04246	ANT_1_106:82380-82898	ANT_1_04246
prokka_ANT_1/ANT_1:Gene	ANT_1_04247	ANT_1_106:82951-83574	ANT_1_04247
prokka_ANT_1/ANT_1:Gene	ANT_1_04248	ANT_1_106:83730-84050	ANT_1_04248
prokka_ANT_1/ANT_1:Gene	ANT_1_04249	ANT_1_106:84040-85305	ANT_1_04249
prokka_ANT_1/ANT_1:Gene	bcpB	ANT_1_106:85419-85982	ANT_1_04250
prokka_ANT_1/ANT_1:Gene	dsbD_3	ANT_1_106:86008-87246	ANT_1_04251
prokka_ANT_1/ANT_1:Gene	sigF	ANT_1_106:87320-87874	ANT_1_04252
prokka_ANT_1/ANT_1:Gene	ANT_1_04253	ANT_1_106:87858-88490	ANT_1_04253
prokka_ANT_1/ANT_1:Gene	mexB_2	ANT_1_106:c91629-88525	ANT_1_04254
prokka_ANT_1/ANT_1:Gene	araB_3	ANT_1_106:c92203-91787	ANT_1_04255
prokka_ANT_1/ANT_1:Gene	ceaC	ANT_1_107:605-2056	ANT_1_04256
prokka_ANT_1/ANT_1:Gene	cim	ANT_1_107:2067-2321	ANT_1_04257
prokka_ANT_1/ANT_1:Gene	ANT_1_04258	ANT_1_108:c1130-147	ANT_1_04258
prokka_ANT_1/ANT_1:Gene	cysG_2	ANT_1_108:1385-2800	ANT_1_04259
prokka_ANT_1/ANT_1:Gene	cysD	ANT_1_108:2810-3718	ANT_1_04260
prokka_ANT_1/ANT_1:Gene	cysN	ANT_1_108:3728-5155	ANT_1_04261
prokka_ANT_1/ANT_1:Gene	cysC	ANT_1_108:5157-5762	ANT_1_04262
prokka_ANT_1/ANT_1:Gene	ygbE	ANT_1_108:5848-6168	ANT_1_04263
prokka_ANT_1/ANT_1:Gene	ftsB	ANT_1_108:6361-6672	ANT_1_04264
prokka_ANT_1/ANT_1:Gene	ispD	ANT_1_108:6698-7405	ANT_1_04265
prokka_ANT_1/ANT_1:Gene	ispF	ANT_1_108:7417-7890	ANT_1_04266
prokka_ANT_1/ANT_1:Gene	truD	ANT_1_108:7894-8943	ANT_1_04267
prokka_ANT_1/ANT_1:Gene	fabH_1	ANT_1_108:9120-10139	ANT_1_04268
prokka_ANT_1/ANT_1:Gene	oleD_2	ANT_1_108:10136-11152	ANT_1_04269
prokka_ANT_1/ANT_1:Gene	ANT_1_04270	ANT_1_108:11145-11951	ANT_1_04270
prokka_ANT_1/ANT_1:Gene	ANT_1_04271	ANT_1_108:11948-13237	ANT_1_04271
prokka_ANT_1/ANT_1:Gene	ANT_1_04272	ANT_1_108:13234-13845	ANT_1_04272
prokka_ANT_1/ANT_1:Gene	ANT_1_04273	ANT_1_108:13842-14963	ANT_1_04273
prokka_ANT_1/ANT_1:Gene	ANT_1_04274	ANT_1_108:14956-16056	ANT_1_04274
prokka_ANT_1/ANT_1:Gene	ANT_1_04275	ANT_1_108:16053-17141	ANT_1_04275
prokka_ANT_1/ANT_1:Gene	flgB	ANT_1_109:c809-396	ANT_1_04276
prokka_ANT_1/ANT_1:Gene	flgA	ANT_1_109:966-1634	ANT_1_04277
prokka_ANT_1/ANT_1:Gene	flgM	ANT_1_109:1741-2043	ANT_1_04278
prokka_ANT_1/ANT_1:Gene	flgN	ANT_1_109:2047-2478	ANT_1_04279
prokka_ANT_1/ANT_1:Gene	murJ	ANT_1_109:c4078-2540	ANT_1_04280
prokka_ANT_1/ANT_1:Gene	yceM	ANT_1_109:c5193-4270	ANT_1_04281
prokka_ANT_1/ANT_1:Gene	ANT_1_04282	ANT_1_109:c5843-5190	ANT_1_04282
prokka_ANT_1/ANT_1:Gene	rimJ	ANT_1_109:c6442-5849	ANT_1_04283
prokka_ANT_1/ANT_1:Gene	grxB	ANT_1_109:6709-7356	ANT_1_04284
prokka_ANT_1/ANT_1:Gene	yceB	ANT_1_109:7509-8072	ANT_1_04285
prokka_ANT_1/ANT_1:Gene	pyrC	ANT_1_109:8209-9261	ANT_1_04286
prokka_ANT_1/ANT_1:Gene	dinI	ANT_1_109:9371-9613	ANT_1_04287
prokka_ANT_1/ANT_1:Gene	ANT_1_04288	ANT_1_109:9808-10095	ANT_1_04288
prokka_ANT_1/ANT_1:Gene	bssS	ANT_1_109:10326-10580	ANT_1_04289
prokka_ANT_1/ANT_1:Gene	solA	ANT_1_109:10690-11805	ANT_1_04290
prokka_ANT_1/ANT_1:Gene	proP_6	ANT_1_109:c13346-11868	ANT_1_04291
prokka_ANT_1/ANT_1:Gene	yceJ	ANT_1_109:13946-14500	ANT_1_04292
prokka_ANT_1/ANT_1:Gene	yceI_2	ANT_1_109:14521-15096	ANT_1_04293
prokka_ANT_1/ANT_1:Gene	ANT_1_04294	ANT_1_109:c16205-15153	ANT_1_04294
prokka_ANT_1/ANT_1:Gene	lpxL	ANT_1_109:16410-17330	ANT_1_04295
prokka_ANT_1/ANT_1:Gene	sbnD_2	ANT_1_109:17468-18703	ANT_1_04296
prokka_ANT_1/ANT_1:Gene	glpR_5	ANT_1_109:c19460-18711	ANT_1_04297
prokka_ANT_1/ANT_1:Gene	nudK_2	ANT_1_109:19544-20140	ANT_1_04298
prokka_ANT_1/ANT_1:Gene	ANT_1_04299	ANT_1_109:20137-20499	ANT_1_04299
prokka_ANT_1/ANT_1:Gene	ANT_1_04300	ANT_1_109:20889-21287	ANT_1_04300
prokka_ANT_1/ANT_1:Gene	ANT_1_04301	ANT_1_109:c21600-21304	ANT_1_04301
prokka_ANT_1/ANT_1:Gene	mdoH	ANT_1_109:c24368-21810	ANT_1_04302
prokka_ANT_1/ANT_1:Gene	mdoG	ANT_1_109:c25914-24361	ANT_1_04303
prokka_ANT_1/ANT_1:Gene	mdoC	ANT_1_109:26165-27292	ANT_1_04304
prokka_ANT_1/ANT_1:Gene	clsC	ANT_1_109:c28861-27392	ANT_1_04305
prokka_ANT_1/ANT_1:Gene	ANT_1_04306	ANT_1_109:28994-30163	ANT_1_04306
prokka_ANT_1/ANT_1:Gene	fabF_2	ANT_1_109:c31872-30646	ANT_1_04307
prokka_ANT_1/ANT_1:Gene	fabG_7	ANT_1_109:c32603-31872	ANT_1_04308
prokka_ANT_1/ANT_1:Gene	ANT_1_04309	ANT_1_109:c33076-32600	ANT_1_04309
prokka_ANT_1/ANT_1:Gene	ANT_1_04310	ANT_1_109:c34227-33076	ANT_1_04310
prokka_ANT_1/ANT_1:Gene	ANT_1_04311	ANT_1_109:c34793-34227	ANT_1_04311
prokka_ANT_1/ANT_1:Gene	ANT_1_04312	ANT_1_109:c37108-34790	ANT_1_04312
prokka_ANT_1/ANT_1:Gene	lolA_2	ANT_1_109:c37685-37080	ANT_1_04313
prokka_ANT_1/ANT_1:Gene	ANT_1_04314	ANT_1_109:c38104-37682	ANT_1_04314
prokka_ANT_1/ANT_1:Gene	ANT_1_04315	ANT_1_109:c39810-38098	ANT_1_04315
prokka_ANT_1/ANT_1:Gene	ANT_1_04316	ANT_1_109:c40148-39804	ANT_1_04316
prokka_ANT_1/ANT_1:Gene	ANT_1_04317	ANT_1_109:c41466-40135	ANT_1_04317
prokka_ANT_1/ANT_1:Gene	ANT_1_04318	ANT_1_109:c42014-41463	ANT_1_04318
prokka_ANT_1/ANT_1:Gene	acpP_3	ANT_1_109:c42291-42043	ANT_1_04319
prokka_ANT_1/ANT_1:Gene	ANT_1_04320	ANT_1_109:c42582-42313	ANT_1_04320
prokka_ANT_1/ANT_1:Gene	ANT_1_04321	ANT_1_109:c43386-42598	ANT_1_04321
prokka_ANT_1/ANT_1:Gene	ANT_1_04322	ANT_1_109:c44107-43379	ANT_1_04322
prokka_ANT_1/ANT_1:Gene	oprM_3	ANT_1_109:c45970-44591	ANT_1_04323
prokka_ANT_1/ANT_1:Gene	emrA_4	ANT_1_109:c47058-45967	ANT_1_04324
prokka_ANT_1/ANT_1:Gene	ANT_1_04325	ANT_1_109:c48810-47119	ANT_1_04325
prokka_ANT_1/ANT_1:Gene	slyA_2	ANT_1_109:c49243-48812	ANT_1_04326
prokka_ANT_1/ANT_1:Gene	ANT_1_04327	ANT_1_109:49399-49908	ANT_1_04327
prokka_ANT_1/ANT_1:Gene	ANT_1_04328	ANT_1_109:c50617-49976	ANT_1_04328
prokka_ANT_1/ANT_1:Gene	ANT_1_04329	ANT_1_109:c52422-50629	ANT_1_04329
prokka_ANT_1/ANT_1:Gene	ANT_1_04330	ANT_1_109:c53690-52419	ANT_1_04330
prokka_ANT_1/ANT_1:Gene	ftsH_2	ANT_1_109:c54657-53710	ANT_1_04331
prokka_ANT_1/ANT_1:Gene	ANT_1_04332	ANT_1_109:c55596-55477	ANT_1_04332
prokka_ANT_1/ANT_1:Gene	higB2	ANT_1_109:56006-56356	ANT_1_04333
prokka_ANT_1/ANT_1:Gene	ANT_1_04334	ANT_1_109:56359-56658	ANT_1_04334
prokka_ANT_1/ANT_1:Gene	smf-1_1	ANT_1_110:756-1292	ANT_1_04335
prokka_ANT_1/ANT_1:Gene	yadV_2	ANT_1_110:1356-2051	ANT_1_04336
prokka_ANT_1/ANT_1:Gene	htrE_1	ANT_1_110:2095-4710	ANT_1_04337
prokka_ANT_1/ANT_1:Gene	ANT_1_04338	ANT_1_110:4715-5857	ANT_1_04338
prokka_ANT_1/ANT_1:Gene	gor	ANT_1_110:c6162-5917	ANT_1_04339
prokka_ANT_1/ANT_1:Gene	ANT_1_04340	ANT_1_111:64-140	ANT_1_04340
prokka_ANT_1/ANT_1:Gene	ANT_1_04341	ANT_1_111:148-223	ANT_1_04341
prokka_ANT_1/ANT_1:Gene	hdfR_2	ANT_1_111:c1182-355	ANT_1_04342
prokka_ANT_1/ANT_1:Gene	ANT_1_04343	ANT_1_111:1304-1642	ANT_1_04343
prokka_ANT_1/ANT_1:Gene	comM	ANT_1_111:c3194-1674	ANT_1_04344
prokka_ANT_1/ANT_1:Gene	ilvG	ANT_1_111:3775-5421	ANT_1_04345
prokka_ANT_1/ANT_1:Gene	ilvM	ANT_1_111:5418-5675	ANT_1_04346
prokka_ANT_1/ANT_1:Gene	ilvE	ANT_1_111:5694-6620	ANT_1_04347
prokka_ANT_1/ANT_1:Gene	ilvD	ANT_1_111:6685-8535	ANT_1_04348
prokka_ANT_1/ANT_1:Gene	ilvA	ANT_1_111:8541-10085	ANT_1_04349
prokka_ANT_1/ANT_1:Gene	gltC_4	ANT_1_111:c10963-10082	ANT_1_04350
prokka_ANT_1/ANT_1:Gene	ilvC	ANT_1_111:11131-12609	ANT_1_04351
prokka_ANT_1/ANT_1:Gene	ppiC	ANT_1_111:c12957-12676	ANT_1_04352
prokka_ANT_1/ANT_1:Gene	rep	ANT_1_111:13357-15375	ANT_1_04353
prokka_ANT_1/ANT_1:Gene	gppA	ANT_1_111:c16999-15515	ANT_1_04354
prokka_ANT_1/ANT_1:Gene	rhlB	ANT_1_111:c18298-17006	ANT_1_04355
prokka_ANT_1/ANT_1:Gene	trxA	ANT_1_111:18428-18757	ANT_1_04356
prokka_ANT_1/ANT_1:Gene	rho	ANT_1_111:19119-20378	ANT_1_04357
prokka_ANT_1/ANT_1:Gene	wecA_2	ANT_1_111:20662-21765	ANT_1_04358
prokka_ANT_1/ANT_1:Gene	wzzE	ANT_1_111:21796-22824	ANT_1_04359
prokka_ANT_1/ANT_1:Gene	wecB	ANT_1_111:22862-23992	ANT_1_04360
prokka_ANT_1/ANT_1:Gene	wecC	ANT_1_111:23989-25251	ANT_1_04361
prokka_ANT_1/ANT_1:Gene	wecD	ANT_1_111:25251-25946	ANT_1_04362
prokka_ANT_1/ANT_1:Gene	wecE	ANT_1_111:25943-27073	ANT_1_04363
prokka_ANT_1/ANT_1:Gene	wzxE	ANT_1_111:27075-28325	ANT_1_04364
prokka_ANT_1/ANT_1:Gene	wecF	ANT_1_111:28322-29398	ANT_1_04365
prokka_ANT_1/ANT_1:Gene	wzyE	ANT_1_111:29395-30747	ANT_1_04366
prokka_ANT_1/ANT_1:Gene	wecG	ANT_1_111:30776-31516	ANT_1_04367
prokka_ANT_1/ANT_1:Gene	ANT_1_04368	ANT_1_111:31696-31772	ANT_1_04368
prokka_ANT_1/ANT_1:Gene	ANT_1_04369	ANT_1_111:31856-31931	ANT_1_04369
prokka_ANT_1/ANT_1:Gene	ANT_1_04370	ANT_1_111:31959-32045	ANT_1_04370
prokka_ANT_1/ANT_1:Gene	ANT_1_04371	ANT_1_111:32072-32148	ANT_1_04371
prokka_ANT_1/ANT_1:Gene	ANT_1_04372	ANT_1_111:32246-32322	ANT_1_04372
prokka_ANT_1/ANT_1:Gene	kefF_2	ANT_1_111:c33071-32496	ANT_1_04373
prokka_ANT_1/ANT_1:Gene	ANT_1_04374	ANT_1_111:33151-33762	ANT_1_04374
prokka_ANT_1/ANT_1:Gene	hemY	ANT_1_111:c35414-34224	ANT_1_04375
prokka_ANT_1/ANT_1:Gene	hemX	ANT_1_111:c36556-35417	ANT_1_04376
prokka_ANT_1/ANT_1:Gene	hemD	ANT_1_111:c37310-36573	ANT_1_04377
prokka_ANT_1/ANT_1:Gene	hemC	ANT_1_111:c38248-37307	ANT_1_04378
prokka_ANT_1/ANT_1:Gene	ANT_1_04379	ANT_1_111:c39170-38907	ANT_1_04379
prokka_ANT_1/ANT_1:Gene	ANT_1_04380	ANT_1_111:c40424-40038	ANT_1_04380
prokka_ANT_1/ANT_1:Gene	ANT_1_04381	ANT_1_111:c40853-40434	ANT_1_04381
prokka_ANT_1/ANT_1:Gene	ANT_1_04382	ANT_1_112:238-870	ANT_1_04382
prokka_ANT_1/ANT_1:Gene	ANT_1_04383	ANT_1_112:843-1094	ANT_1_04383
prokka_ANT_1/ANT_1:Gene	fliF	ANT_1_113:372-2114	ANT_1_04384
prokka_ANT_1/ANT_1:Gene	fliG	ANT_1_113:2111-3103	ANT_1_04385
prokka_ANT_1/ANT_1:Gene	fliH	ANT_1_113:3096-3785	ANT_1_04386
prokka_ANT_1/ANT_1:Gene	fliI	ANT_1_113:3785-5146	ANT_1_04387
prokka_ANT_1/ANT_1:Gene	fliJ	ANT_1_113:5205-5651	ANT_1_04388
prokka_ANT_1/ANT_1:Gene	fliK	ANT_1_113:5648-6958	ANT_1_04389
prokka_ANT_1/ANT_1:Gene	ANT_1_04390	ANT_1_113:7109-7591	ANT_1_04390
prokka_ANT_1/ANT_1:Gene	fliM	ANT_1_113:7601-8608	ANT_1_04391
prokka_ANT_1/ANT_1:Gene	fliN	ANT_1_113:8601-9002	ANT_1_04392
prokka_ANT_1/ANT_1:Gene	fliO	ANT_1_113:9003-9392	ANT_1_04393
prokka_ANT_1/ANT_1:Gene	fliP	ANT_1_113:9389-10126	ANT_1_04394
prokka_ANT_1/ANT_1:Gene	fliQ	ANT_1_113:10142-10411	ANT_1_04395
prokka_ANT_1/ANT_1:Gene	fliR	ANT_1_113:10411-11196	ANT_1_04396
prokka_ANT_1/ANT_1:Gene	rcsA	ANT_1_113:11849-12484	ANT_1_04397
prokka_ANT_1/ANT_1:Gene	trg_3	ANT_1_113:12651-14360	ANT_1_04398
prokka_ANT_1/ANT_1:Gene	dsrB	ANT_1_113:c14622-14434	ANT_1_04399
prokka_ANT_1/ANT_1:Gene	ANT_1_04400	ANT_1_113:c14850-14692	ANT_1_04400
prokka_ANT_1/ANT_1:Gene	yedP	ANT_1_113:15522-16322	ANT_1_04401
prokka_ANT_1/ANT_1:Gene	gpgS	ANT_1_113:16351-17571	ANT_1_04402
prokka_ANT_1/ANT_1:Gene	mfd	ANT_1_113:17809-21255	ANT_1_04403
prokka_ANT_1/ANT_1:Gene	fepC_3	ANT_1_113:c22106-21300	ANT_1_04404
prokka_ANT_1/ANT_1:Gene	fepG	ANT_1_113:c23143-22109	ANT_1_04405
prokka_ANT_1/ANT_1:Gene	fepD	ANT_1_113:c24214-23189	ANT_1_04406
prokka_ANT_1/ANT_1:Gene	entS_3	ANT_1_113:24384-25655	ANT_1_04407
prokka_ANT_1/ANT_1:Gene	fepB	ANT_1_113:c26771-25713	ANT_1_04408
prokka_ANT_1/ANT_1:Gene	iolG_5	ANT_1_113:c28032-26911	ANT_1_04409
prokka_ANT_1/ANT_1:Gene	ANT_1_04410	ANT_1_113:28338-28413	ANT_1_04410
prokka_ANT_1/ANT_1:Gene	ANT_1_04411	ANT_1_113:28981-29307	ANT_1_04411
prokka_ANT_1/ANT_1:Gene	kgtP_2	ANT_1_113:29669-30964	ANT_1_04412
prokka_ANT_1/ANT_1:Gene	ais	ANT_1_113:30980-31786	ANT_1_04413
prokka_ANT_1/ANT_1:Gene	cynR_4	ANT_1_113:c32660-31761	ANT_1_04414
prokka_ANT_1/ANT_1:Gene	ANT_1_04415	ANT_1_113:c33283-32816	ANT_1_04415
prokka_ANT_1/ANT_1:Gene	gabR_2	ANT_1_113:33376-34860	ANT_1_04416
prokka_ANT_1/ANT_1:Gene	yajO_3	ANT_1_113:34878-35876	ANT_1_04417
prokka_ANT_1/ANT_1:Gene	ANT_1_04418	ANT_1_113:c36906-35887	ANT_1_04418
prokka_ANT_1/ANT_1:Gene	ANT_1_04419	ANT_1_113:c37729-36896	ANT_1_04419
prokka_ANT_1/ANT_1:Gene	hcaB	ANT_1_113:c38649-37852	ANT_1_04420
prokka_ANT_1/ANT_1:Gene	ANT_1_04421	ANT_1_113:38787-39347	ANT_1_04421
prokka_ANT_1/ANT_1:Gene	ramA_2	ANT_1_113:c40496-39507	ANT_1_04422
prokka_ANT_1/ANT_1:Gene	cynR_5	ANT_1_113:40598-41470	ANT_1_04423
prokka_ANT_1/ANT_1:Gene	adhT_2	ANT_1_113:c42581-41568	ANT_1_04424
prokka_ANT_1/ANT_1:Gene	cytR_2	ANT_1_113:c43724-42690	ANT_1_04425
prokka_ANT_1/ANT_1:Gene	ANT_1_04426	ANT_1_113:43954-44982	ANT_1_04426
prokka_ANT_1/ANT_1:Gene	ANT_1_04427	ANT_1_113:45044-47275	ANT_1_04427
prokka_ANT_1/ANT_1:Gene	potA_3	ANT_1_113:47272-48354	ANT_1_04428
prokka_ANT_1/ANT_1:Gene	suhB_2	ANT_1_113:48357-49145	ANT_1_04429
prokka_ANT_1/ANT_1:Gene	ANT_1_04430	ANT_1_113:49269-49580	ANT_1_04430
prokka_ANT_1/ANT_1:Gene	ANT_1_04431	ANT_1_113:49585-49977	ANT_1_04431
prokka_ANT_1/ANT_1:Gene	ANT_1_04432	ANT_1_113:49981-50682	ANT_1_04432
prokka_ANT_1/ANT_1:Gene	pykA_2	ANT_1_113:50836-52278	ANT_1_04433
prokka_ANT_1/ANT_1:Gene	gcd_2	ANT_1_113:c54692-52329	ANT_1_04434
prokka_ANT_1/ANT_1:Gene	ANT_1_04435	ANT_1_113:54999-55295	ANT_1_04435
prokka_ANT_1/ANT_1:Gene	ANT_1_04436	ANT_1_113:55313-55912	ANT_1_04436
prokka_ANT_1/ANT_1:Gene	ulaA_2	ANT_1_113:c57264-56005	ANT_1_04437
prokka_ANT_1/ANT_1:Gene	ulaB	ANT_1_113:c57565-57278	ANT_1_04438
prokka_ANT_1/ANT_1:Gene	cmtB	ANT_1_113:c58033-57590	ANT_1_04439
prokka_ANT_1/ANT_1:Gene	gntR_4	ANT_1_113:58340-59530	ANT_1_04440
prokka_ANT_1/ANT_1:Gene	amn	ANT_1_113:59621-61078	ANT_1_04441
prokka_ANT_1/ANT_1:Gene	gutB	ANT_1_113:61296-62351	ANT_1_04442
prokka_ANT_1/ANT_1:Gene	ANT_1_04443	ANT_1_113:c62877-62614	ANT_1_04443
prokka_ANT_1/ANT_1:Gene	dmlR_15	ANT_1_113:63011-63907	ANT_1_04444
prokka_ANT_1/ANT_1:Gene	acoR	ANT_1_113:c65995-64052	ANT_1_04445
prokka_ANT_1/ANT_1:Gene	ANT_1_04446	ANT_1_113:c66714-66088	ANT_1_04446
prokka_ANT_1/ANT_1:Gene	fhuA_2	ANT_1_113:c68979-66793	ANT_1_04447
prokka_ANT_1/ANT_1:Gene	fes	ANT_1_113:69708-71051	ANT_1_04448
prokka_ANT_1/ANT_1:Gene	mbtH	ANT_1_113:71057-71269	ANT_1_04449
prokka_ANT_1/ANT_1:Gene	lgrB	ANT_1_113:71354-79894	ANT_1_04450
prokka_ANT_1/ANT_1:Gene	ANT_1_04451	ANT_1_113:c80482-79943	ANT_1_04451
prokka_ANT_1/ANT_1:Gene	ndh	ANT_1_113:c82077-80773	ANT_1_04452
prokka_ANT_1/ANT_1:Gene	ANT_1_04453	ANT_1_113:c82866-82324	ANT_1_04453
prokka_ANT_1/ANT_1:Gene	nagZ	ANT_1_113:c83925-82906	ANT_1_04454
prokka_ANT_1/ANT_1:Gene	thiK	ANT_1_113:c84793-83948	ANT_1_04455
prokka_ANT_1/ANT_1:Gene	lpoB	ANT_1_113:c85373-84777	ANT_1_04456
prokka_ANT_1/ANT_1:Gene	ANT_1_04457	ANT_1_113:c85777-85385	ANT_1_04457
prokka_ANT_1/ANT_1:Gene	hinT	ANT_1_113:c86127-85777	ANT_1_04458
prokka_ANT_1/ANT_1:Gene	xylP	ANT_1_113:86500-88110	ANT_1_04459
prokka_ANT_1/ANT_1:Gene	yesR	ANT_1_113:88091-89230	ANT_1_04460
prokka_ANT_1/ANT_1:Gene	ptsG_2	ANT_1_113:c90731-89298	ANT_1_04461
prokka_ANT_1/ANT_1:Gene	ycfH	ANT_1_113:c91827-91036	ANT_1_04462
prokka_ANT_1/ANT_1:Gene	holB	ANT_1_113:c92836-91838	ANT_1_04463
prokka_ANT_1/ANT_1:Gene	tmk_3	ANT_1_113:c93465-92833	ANT_1_04464
prokka_ANT_1/ANT_1:Gene	mltG	ANT_1_113:c94480-93455	ANT_1_04465
prokka_ANT_1/ANT_1:Gene	pabC	ANT_1_113:c95290-94493	ANT_1_04466
prokka_ANT_1/ANT_1:Gene	fabF_3	ANT_1_113:c96666-95425	ANT_1_04467
prokka_ANT_1/ANT_1:Gene	acpP_4	ANT_1_113:c96991-96755	ANT_1_04468
prokka_ANT_1/ANT_1:Gene	fabG_8	ANT_1_113:c97880-97146	ANT_1_04469
prokka_ANT_1/ANT_1:Gene	fabD_2	ANT_1_113:c98823-97894	ANT_1_04470
prokka_ANT_1/ANT_1:Gene	fabH_2	ANT_1_113:c99811-98858	ANT_1_04471
prokka_ANT_1/ANT_1:Gene	plsX	ANT_1_113:c100911-99817	ANT_1_04472
prokka_ANT_1/ANT_1:Gene	rpmF	ANT_1_113:c101044-100874	ANT_1_04473
prokka_ANT_1/ANT_1:Gene	yceD	ANT_1_113:c101580-101059	ANT_1_04474
prokka_ANT_1/ANT_1:Gene	yceF	ANT_1_113:101723-102304	ANT_1_04475
prokka_ANT_1/ANT_1:Gene	rluC	ANT_1_113:c103309-102347	ANT_1_04476
prokka_ANT_1/ANT_1:Gene	ANT_1_04477	ANT_1_113:c103929-103741	ANT_1_04477
prokka_ANT_1/ANT_1:Gene	rne	ANT_1_113:104000-107557	ANT_1_04478
prokka_ANT_1/ANT_1:Gene	ANT_1_04479	ANT_1_114:90-2438	ANT_1_04479
prokka_ANT_1/ANT_1:Gene	ANT_1_04480	ANT_1_115:c830-564	ANT_1_04480
prokka_ANT_1/ANT_1:Gene	ANT_1_04481	ANT_1_115:1008-1409	ANT_1_04481
prokka_ANT_1/ANT_1:Gene	ANT_1_04482	ANT_1_115:1422-1532	ANT_1_04482
prokka_ANT_1/ANT_1:Gene	ANT_1_04483	ANT_1_116:19-1485	ANT_1_04483
prokka_ANT_1/ANT_1:Gene	ANT_1_04484	ANT_1_116:c1738-1493	ANT_1_04484
prokka_ANT_1/ANT_1:Gene	ANT_1_04485	ANT_1_116:1836-2063	ANT_1_04485
prokka_ANT_1/ANT_1:Gene	ANT_1_04486	ANT_1_116:2392-3195	ANT_1_04486
prokka_ANT_1/ANT_1:Gene	ANT_1_04487	ANT_1_116:3216-3860	ANT_1_04487
prokka_ANT_1/ANT_1:Gene	ANT_1_04488	ANT_1_116:3875-4717	ANT_1_04488
prokka_ANT_1/ANT_1:Gene	ANT_1_04489	ANT_1_116:c5851-5093	ANT_1_04489
prokka_ANT_1/ANT_1:Gene	ANT_1_04490	ANT_1_116:c6123-6047	ANT_1_04490
prokka_ANT_1/ANT_1:Gene	ANT_1_04491	ANT_1_117:c1143-226	ANT_1_04491
prokka_ANT_1/ANT_1:Gene	yajO_4	ANT_1_117:1242-2309	ANT_1_04492
prokka_ANT_1/ANT_1:Gene	ANT_1_04493	ANT_1_117:c4909-2972	ANT_1_04493
prokka_ANT_1/ANT_1:Gene	fsaA	ANT_1_117:5563-6327	ANT_1_04494
prokka_ANT_1/ANT_1:Gene	ANT_1_04495	ANT_1_117:6415-7299	ANT_1_04495
prokka_ANT_1/ANT_1:Gene	sotB_4	ANT_1_117:c8571-7363	ANT_1_04496
prokka_ANT_1/ANT_1:Gene	dmlR_16	ANT_1_117:8671-9609	ANT_1_04497
prokka_ANT_1/ANT_1:Gene	fhuA_3	ANT_1_117:c11771-9657	ANT_1_04498
prokka_ANT_1/ANT_1:Gene	ANT_1_04499	ANT_1_117:c12760-11930	ANT_1_04499
prokka_ANT_1/ANT_1:Gene	ANT_1_04500	ANT_1_117:c14394-12757	ANT_1_04500
prokka_ANT_1/ANT_1:Gene	pal_5	ANT_1_117:c15915-14410	ANT_1_04501
prokka_ANT_1/ANT_1:Gene	ANT_1_04502	ANT_1_117:16182-16385	ANT_1_04502
prokka_ANT_1/ANT_1:Gene	ANT_1_04503	ANT_1_117:16395-17249	ANT_1_04503
prokka_ANT_1/ANT_1:Gene	ANT_1_04504	ANT_1_117:c17690-17304	ANT_1_04504
prokka_ANT_1/ANT_1:Gene	cdhR_3	ANT_1_117:17891-18862	ANT_1_04505
prokka_ANT_1/ANT_1:Gene	smfA_3	ANT_1_117:19348-19884	ANT_1_04506
prokka_ANT_1/ANT_1:Gene	papC_3	ANT_1_117:20116-22662	ANT_1_04507
prokka_ANT_1/ANT_1:Gene	yfcS_2	ANT_1_117:22707-23486	ANT_1_04508
prokka_ANT_1/ANT_1:Gene	ANT_1_04509	ANT_1_117:23513-24034	ANT_1_04509
prokka_ANT_1/ANT_1:Gene	ANT_1_04510	ANT_1_117:24057-24866	ANT_1_04510
prokka_ANT_1/ANT_1:Gene	ANT_1_04511	ANT_1_118:178-918	ANT_1_04511
prokka_ANT_1/ANT_1:Gene	yojI	ANT_1_119:c1712-57	ANT_1_04512
prokka_ANT_1/ANT_1:Gene	alkB	ANT_1_119:c2448-1807	ANT_1_04513
prokka_ANT_1/ANT_1:Gene	apbE_2	ANT_1_119:c3515-2466	ANT_1_04514
prokka_ANT_1/ANT_1:Gene	ANT_1_04515	ANT_1_119:3967-4119	ANT_1_04515
prokka_ANT_1/ANT_1:Gene	ompC	ANT_1_119:c5328-4222	ANT_1_04516
prokka_ANT_1/ANT_1:Gene	prsE	ANT_1_119:c6959-5790	ANT_1_04517
prokka_ANT_1/ANT_1:Gene	hlyB	ANT_1_119:c9124-6956	ANT_1_04518
prokka_ANT_1/ANT_1:Gene	tolC_4	ANT_1_119:c10513-9164	ANT_1_04519
prokka_ANT_1/ANT_1:Gene	ANT_1_04520	ANT_1_119:10561-10725	ANT_1_04520
prokka_ANT_1/ANT_1:Gene	ANT_1_04521	ANT_1_119:c26013-11008	ANT_1_04521
prokka_ANT_1/ANT_1:Gene	ybjJ_2	ANT_1_119:26812-27966	ANT_1_04522
prokka_ANT_1/ANT_1:Gene	rcsD	ANT_1_119:27982-30642	ANT_1_04523
prokka_ANT_1/ANT_1:Gene	rcsB_3	ANT_1_119:30644-31291	ANT_1_04524
prokka_ANT_1/ANT_1:Gene	rcsC_2	ANT_1_119:c34238-31353	ANT_1_04525
prokka_ANT_1/ANT_1:Gene	ANT_1_04526	ANT_1_119:c35297-34314	ANT_1_04526
prokka_ANT_1/ANT_1:Gene	ANT_1_04527	ANT_1_119:35374-36384	ANT_1_04527
prokka_ANT_1/ANT_1:Gene	gyrA	ANT_1_119:c39085-36449	ANT_1_04528
prokka_ANT_1/ANT_1:Gene	ubiG	ANT_1_119:39237-40001	ANT_1_04529
prokka_ANT_1/ANT_1:Gene	ANT_1_04530	ANT_1_119:c40671-40042	ANT_1_04530
prokka_ANT_1/ANT_1:Gene	ANT_1_04531	ANT_1_119:c42356-40668	ANT_1_04531
prokka_ANT_1/ANT_1:Gene	ANT_1_04532	ANT_1_119:c42915-42388	ANT_1_04532
prokka_ANT_1/ANT_1:Gene	ANT_1_04533	ANT_1_119:c43363-42899	ANT_1_04533
prokka_ANT_1/ANT_1:Gene	ANT_1_04534	ANT_1_119:c44108-43347	ANT_1_04534
prokka_ANT_1/ANT_1:Gene	ANT_1_04535	ANT_1_119:c45018-44113	ANT_1_04535
prokka_ANT_1/ANT_1:Gene	ANT_1_04536	ANT_1_119:c45926-45015	ANT_1_04536
prokka_ANT_1/ANT_1:Gene	ANT_1_04537	ANT_1_119:c47172-45919	ANT_1_04537
prokka_ANT_1/ANT_1:Gene	ANT_1_04538	ANT_1_119:c48330-47179	ANT_1_04538
prokka_ANT_1/ANT_1:Gene	ANT_1_04539	ANT_1_119:c48789-48334	ANT_1_04539
prokka_ANT_1/ANT_1:Gene	sctC	ANT_1_119:c50077-48776	ANT_1_04540
prokka_ANT_1/ANT_1:Gene	ANT_1_04541	ANT_1_119:c50985-50080	ANT_1_04541
prokka_ANT_1/ANT_1:Gene	ANT_1_04542	ANT_1_119:c51767-51543	ANT_1_04542
prokka_ANT_1/ANT_1:Gene	ANT_1_04543	ANT_1_119:c52747-52043	ANT_1_04543
prokka_ANT_1/ANT_1:Gene	nrdA	ANT_1_119:53782-56067	ANT_1_04544
prokka_ANT_1/ANT_1:Gene	nrdB	ANT_1_119:56159-57289	ANT_1_04545
prokka_ANT_1/ANT_1:Gene	ascD	ANT_1_119:57291-57545	ANT_1_04546
prokka_ANT_1/ANT_1:Gene	pncC_2	ANT_1_119:c58795-57605	ANT_1_04547
prokka_ANT_1/ANT_1:Gene	menE_2	ANT_1_119:c60240-58876	ANT_1_04548
prokka_ANT_1/ANT_1:Gene	menC	ANT_1_119:c61190-60222	ANT_1_04549
prokka_ANT_1/ANT_1:Gene	menB	ANT_1_119:c62047-61190	ANT_1_04550
prokka_ANT_1/ANT_1:Gene	menH_2	ANT_1_119:c62824-62057	ANT_1_04551
prokka_ANT_1/ANT_1:Gene	menD	ANT_1_119:c64500-62821	ANT_1_04552
prokka_ANT_1/ANT_1:Gene	menF	ANT_1_119:c65830-64574	ANT_1_04553
prokka_ANT_1/ANT_1:Gene	ANT_1_04554	ANT_1_119:c66267-65956	ANT_1_04554
prokka_ANT_1/ANT_1:Gene	mdoD	ANT_1_119:66603-68261	ANT_1_04555
prokka_ANT_1/ANT_1:Gene	elaA	ANT_1_119:c68786-68325	ANT_1_04556
prokka_ANT_1/ANT_1:Gene	nuoN	ANT_1_119:c70318-68861	ANT_1_04557
prokka_ANT_1/ANT_1:Gene	nuoM	ANT_1_119:c71845-70325	ANT_1_04558
prokka_ANT_1/ANT_1:Gene	nuoL	ANT_1_119:c73755-71917	ANT_1_04559
prokka_ANT_1/ANT_1:Gene	nuoK	ANT_1_119:c74054-73752	ANT_1_04560
prokka_ANT_1/ANT_1:Gene	nuoJ	ANT_1_119:c74605-74051	ANT_1_04561
prokka_ANT_1/ANT_1:Gene	nuoI	ANT_1_119:c75158-74616	ANT_1_04562
prokka_ANT_1/ANT_1:Gene	nuoH	ANT_1_119:c76148-75171	ANT_1_04563
prokka_ANT_1/ANT_1:Gene	nuoG	ANT_1_119:c78871-76145	ANT_1_04564
prokka_ANT_1/ANT_1:Gene	nuoF	ANT_1_119:c80262-78922	ANT_1_04565
prokka_ANT_1/ANT_1:Gene	nuoE	ANT_1_119:c80774-80259	ANT_1_04566
prokka_ANT_1/ANT_1:Gene	nuoC	ANT_1_119:c82507-80777	ANT_1_04567
prokka_ANT_1/ANT_1:Gene	nuoB	ANT_1_119:c83368-82694	ANT_1_04568
prokka_ANT_1/ANT_1:Gene	ndhC	ANT_1_119:c83823-83386	ANT_1_04569
prokka_ANT_1/ANT_1:Gene	hdfR_3	ANT_1_119:c85419-84493	ANT_1_04570
prokka_ANT_1/ANT_1:Gene	alaA	ANT_1_119:86391-87665	ANT_1_04571
prokka_ANT_1/ANT_1:Gene	yfbR	ANT_1_119:87734-88330	ANT_1_04572
prokka_ANT_1/ANT_1:Gene	hxpA	ANT_1_119:c89096-88395	ANT_1_04573
prokka_ANT_1/ANT_1:Gene	ANT_1_04574	ANT_1_119:c89562-89068	ANT_1_04574
prokka_ANT_1/ANT_1:Gene	ANT_1_04575	ANT_1_119:c90136-89684	ANT_1_04575
prokka_ANT_1/ANT_1:Gene	ackA	ANT_1_119:90491-91693	ANT_1_04576
prokka_ANT_1/ANT_1:Gene	pta	ANT_1_119:91821-93965	ANT_1_04577
prokka_ANT_1/ANT_1:Gene	ANT_1_04578	ANT_1_119:c94752-94063	ANT_1_04578
prokka_ANT_1/ANT_1:Gene	yfcD	ANT_1_119:c95877-95353	ANT_1_04579
prokka_ANT_1/ANT_1:Gene	yfcF	ANT_1_119:c96645-95998	ANT_1_04580
prokka_ANT_1/ANT_1:Gene	ANT_1_04581	ANT_1_119:96848-97741	ANT_1_04581
prokka_ANT_1/ANT_1:Gene	hisP	ANT_1_119:c98614-97841	ANT_1_04582
prokka_ANT_1/ANT_1:Gene	hisM	ANT_1_119:c99341-98625	ANT_1_04583
prokka_ANT_1/ANT_1:Gene	hisQ	ANT_1_119:c100024-99338	ANT_1_04584
prokka_ANT_1/ANT_1:Gene	argT_3	ANT_1_119:c100930-100148	ANT_1_04585
prokka_ANT_1/ANT_1:Gene	ubiX	ANT_1_119:c101776-101207	ANT_1_04586
prokka_ANT_1/ANT_1:Gene	purF	ANT_1_119:c103384-101867	ANT_1_04587
prokka_ANT_1/ANT_1:Gene	cvpA	ANT_1_119:c103906-103421	ANT_1_04588
prokka_ANT_1/ANT_1:Gene	dedD	ANT_1_119:c104982-104233	ANT_1_04589
prokka_ANT_1/ANT_1:Gene	folC	ANT_1_119:c106234-104972	ANT_1_04590
prokka_ANT_1/ANT_1:Gene	accD	ANT_1_119:c107211-106300	ANT_1_04591
prokka_ANT_1/ANT_1:Gene	dedA	ANT_1_119:c108046-107387	ANT_1_04592
prokka_ANT_1/ANT_1:Gene	truA	ANT_1_119:c108891-108076	ANT_1_04593
prokka_ANT_1/ANT_1:Gene	usg	ANT_1_119:c109901-108891	ANT_1_04594
prokka_ANT_1/ANT_1:Gene	pdxB	ANT_1_119:c111100-109973	ANT_1_04595
prokka_ANT_1/ANT_1:Gene	sasA_5	ANT_1_119:c112556-111165	ANT_1_04596
prokka_ANT_1/ANT_1:Gene	tctD	ANT_1_119:c113218-112553	ANT_1_04597
prokka_ANT_1/ANT_1:Gene	ANT_1_04598	ANT_1_119:113338-114318	ANT_1_04598
prokka_ANT_1/ANT_1:Gene	ANT_1_04599	ANT_1_119:114330-114761	ANT_1_04599
prokka_ANT_1/ANT_1:Gene	ANT_1_04600	ANT_1_119:114773-116281	ANT_1_04600
prokka_ANT_1/ANT_1:Gene	nimR_4	ANT_1_119:c117130-116354	ANT_1_04601
prokka_ANT_1/ANT_1:Gene	ANT_1_04602	ANT_1_119:117230-118105	ANT_1_04602
prokka_ANT_1/ANT_1:Gene	smf-1_2	ANT_1_119:118609-119136	ANT_1_04603
prokka_ANT_1/ANT_1:Gene	yadV_3	ANT_1_119:119197-119946	ANT_1_04604
prokka_ANT_1/ANT_1:Gene	htrE_2	ANT_1_119:120007-122571	ANT_1_04605
prokka_ANT_1/ANT_1:Gene	ANT_1_04606	ANT_1_119:122585-123622	ANT_1_04606
prokka_ANT_1/ANT_1:Gene	flk	ANT_1_119:123766-124821	ANT_1_04607
prokka_ANT_1/ANT_1:Gene	iolT_2	ANT_1_119:c126318-124870	ANT_1_04608
prokka_ANT_1/ANT_1:Gene	yfcJ	ANT_1_119:c127653-126460	ANT_1_04609
prokka_ANT_1/ANT_1:Gene	ANT_1_04610	ANT_1_119:127840-128538	ANT_1_04610
prokka_ANT_1/ANT_1:Gene	lsrB_2	ANT_1_119:129006-129992	ANT_1_04611
prokka_ANT_1/ANT_1:Gene	mglA_4	ANT_1_119:130044-131543	ANT_1_04612
prokka_ANT_1/ANT_1:Gene	rbsC_7	ANT_1_119:131536-132522	ANT_1_04613
prokka_ANT_1/ANT_1:Gene	lsrD_2	ANT_1_119:132524-133477	ANT_1_04614
prokka_ANT_1/ANT_1:Gene	araB_4	ANT_1_119:133492-135126	ANT_1_04615
prokka_ANT_1/ANT_1:Gene	kpsF	ANT_1_119:135126-135728	ANT_1_04616
prokka_ANT_1/ANT_1:Gene	ANT_1_04617	ANT_1_119:135898-136170	ANT_1_04617
prokka_ANT_1/ANT_1:Gene	ANT_1_04618	ANT_1_119:136226-136597	ANT_1_04618
prokka_ANT_1/ANT_1:Gene	fabB_2	ANT_1_119:c137878-136655	ANT_1_04619
prokka_ANT_1/ANT_1:Gene	mnmC_2	ANT_1_119:138034-140031	ANT_1_04620
prokka_ANT_1/ANT_1:Gene	nicA	ANT_1_119:140194-140667	ANT_1_04621
prokka_ANT_1/ANT_1:Gene	nicB_1	ANT_1_119:140664-142901	ANT_1_04622
prokka_ANT_1/ANT_1:Gene	nicB_2	ANT_1_119:142898-144193	ANT_1_04623
prokka_ANT_1/ANT_1:Gene	ANT_1_04624	ANT_1_119:144198-144776	ANT_1_04624
prokka_ANT_1/ANT_1:Gene	paoD	ANT_1_119:144773-145750	ANT_1_04625
prokka_ANT_1/ANT_1:Gene	ANT_1_04626	ANT_1_119:c146067-145786	ANT_1_04626
prokka_ANT_1/ANT_1:Gene	epmC	ANT_1_119:c146646-146098	ANT_1_04627
prokka_ANT_1/ANT_1:Gene	ANT_1_04628	ANT_1_119:147130-149709	ANT_1_04628
prokka_ANT_1/ANT_1:Gene	rhaR_3	ANT_1_119:c150525-149680	ANT_1_04629
prokka_ANT_1/ANT_1:Gene	iolE_3	ANT_1_119:150658-151551	ANT_1_04630
prokka_ANT_1/ANT_1:Gene	iolG_6	ANT_1_119:151561-152733	ANT_1_04631
prokka_ANT_1/ANT_1:Gene	yfcA	ANT_1_119:c153577-152780	ANT_1_04632
prokka_ANT_1/ANT_1:Gene	mepA	ANT_1_119:c154415-153591	ANT_1_04633
prokka_ANT_1/ANT_1:Gene	aroC	ANT_1_119:c155504-154419	ANT_1_04634
prokka_ANT_1/ANT_1:Gene	prmB	ANT_1_119:c156464-155532	ANT_1_04635
prokka_ANT_1/ANT_1:Gene	mutS2	ANT_1_119:156664-157212	ANT_1_04636
prokka_ANT_1/ANT_1:Gene	sixA	ANT_1_119:c157709-157326	ANT_1_04637
prokka_ANT_1/ANT_1:Gene	fadJ	ANT_1_119:c160132-157979	ANT_1_04638
prokka_ANT_1/ANT_1:Gene	fadI	ANT_1_119:c161442-160132	ANT_1_04639
prokka_ANT_1/ANT_1:Gene	ANT_1_04640	ANT_1_119:c161948-161652	ANT_1_04640
prokka_ANT_1/ANT_1:Gene	fadL	ANT_1_119:162325-163659	ANT_1_04641
prokka_ANT_1/ANT_1:Gene	mlaA	ANT_1_119:c164521-163760	ANT_1_04642
prokka_ANT_1/ANT_1:Gene	ANT_1_04643	ANT_1_119:c165764-164559	ANT_1_04643
prokka_ANT_1/ANT_1:Gene	ccmH	ANT_1_119:c166222-165761	ANT_1_04644
prokka_ANT_1/ANT_1:Gene	dsbE	ANT_1_119:c166776-166219	ANT_1_04645
prokka_ANT_1/ANT_1:Gene	ccmF	ANT_1_119:c168728-166773	ANT_1_04646
prokka_ANT_1/ANT_1:Gene	ccmE	ANT_1_119:c169207-168725	ANT_1_04647
prokka_ANT_1/ANT_1:Gene	ccmD	ANT_1_119:c169437-169204	ANT_1_04648
prokka_ANT_1/ANT_1:Gene	ccmC	ANT_1_119:c170177-169434	ANT_1_04649
prokka_ANT_1/ANT_1:Gene	ccmB	ANT_1_119:c170930-170271	ANT_1_04650
prokka_ANT_1/ANT_1:Gene	ccmA	ANT_1_119:c171547-170930	ANT_1_04651
prokka_ANT_1/ANT_1:Gene	yfdC	ANT_1_119:171797-172714	ANT_1_04652
prokka_ANT_1/ANT_1:Gene	ANT_1_04653	ANT_1_120:c1121-699	ANT_1_04653
prokka_ANT_1/ANT_1:Gene	rop	ANT_1_120:c1311-1132	ANT_1_04654
prokka_ANT_1/ANT_1:Gene	ANT_1_04655	ANT_1_120:2378-2950	ANT_1_04655
prokka_ANT_1/ANT_1:Gene	ANT_1_04656	ANT_1_120:2955-3893	ANT_1_04656
prokka_ANT_1/ANT_1:Gene	ANT_1_04657	ANT_1_120:c4655-4215	ANT_1_04657
prokka_ANT_1/ANT_1:Gene	ANT_1_04658	ANT_1_120:c4857-4669	ANT_1_04658
prokka_ANT_1/ANT_1:Gene	ANT_1_04659	ANT_1_120:5052-5627	ANT_1_04659
prokka_ANT_1/ANT_1:Gene	ANT_1_04660	ANT_1_120:6005-6160	ANT_1_04660
prokka_ANT_1/ANT_1:Gene	ANT_1_04661	ANT_1_120:c6523-6284	ANT_1_04661
prokka_ANT_1/ANT_1:Gene	ANT_1_04662	ANT_1_121:19-104	ANT_1_04662
prokka_ANT_1/ANT_1:Gene	ANT_1_04663	ANT_1_121:503-997	ANT_1_04663
prokka_ANT_1/ANT_1:Gene	ANT_1_04664	ANT_1_121:990-1349	ANT_1_04664
prokka_ANT_1/ANT_1:Gene	ANT_1_04665	ANT_1_121:1466-2032	ANT_1_04665
prokka_ANT_1/ANT_1:Gene	ANT_1_04666	ANT_1_121:2200-2388	ANT_1_04666
prokka_ANT_1/ANT_1:Gene	ANT_1_04667	ANT_1_121:2604-2852	ANT_1_04667
prokka_ANT_1/ANT_1:Gene	ANT_1_04668	ANT_1_121:2855-3367	ANT_1_04668
prokka_ANT_1/ANT_1:Gene	ANT_1_04669	ANT_1_121:3404-3775	ANT_1_04669
prokka_ANT_1/ANT_1:Gene	ANT_1_04670	ANT_1_121:3837-4064	ANT_1_04670
prokka_ANT_1/ANT_1:Gene	ANT_1_04671	ANT_1_121:4133-4519	ANT_1_04671
prokka_ANT_1/ANT_1:Gene	ANT_1_04672	ANT_1_121:4574-5005	ANT_1_04672

DiscRep_ALL:DISC_SOURCE_QUALS_ASNDISC::strain (all present, all same)
DiscRep_SUB:DISC_SOURCE_QUALS_ASNDISC::121 sources have 'strain' for strain
DiscRep_ALL:DISC_SOURCE_QUALS_ASNDISC::taxname (all present, all same)
DiscRep_SUB:DISC_SOURCE_QUALS_ASNDISC::121 sources have 'Genus species' for taxname
DiscRep_ALL:DISC_FEATURE_COUNT::gene: 4672 present
DiscRep_ALL:DISC_FEATURE_COUNT::CDS: 4597 present
DiscRep_ALL:DISC_FEATURE_COUNT::tRNA: 67 present
DiscRep_ALL:DISC_FEATURE_COUNT::rRNA: 7 present
DiscRep_ALL:DISC_FEATURE_COUNT::tmRNA: 1 present
DiscRep_ALL:DISC_COUNT_NUCLEOTIDES::121 nucleotide Bioseqs are present
prokka_ANT_1/ANT_1:Prokka:ANT_1_1 (length 17651)
prokka_ANT_1/ANT_1:Prokka:ANT_1_2 (length 109278)
prokka_ANT_1/ANT_1:Prokka:ANT_1_3 (length 219437)
prokka_ANT_1/ANT_1:Prokka:ANT_1_4 (length 3045)
prokka_ANT_1/ANT_1:Prokka:ANT_1_5 (length 9983)
prokka_ANT_1/ANT_1:Prokka:ANT_1_6 (length 28713)
prokka_ANT_1/ANT_1:Prokka:ANT_1_7 (length 10137)
prokka_ANT_1/ANT_1:Prokka:ANT_1_8 (length 107449)
prokka_ANT_1/ANT_1:Prokka:ANT_1_9 (length 41892)
prokka_ANT_1/ANT_1:Prokka:ANT_1_10 (length 53005)
prokka_ANT_1/ANT_1:Prokka:ANT_1_11 (length 330868)
prokka_ANT_1/ANT_1:Prokka:ANT_1_12 (length 2572)
prokka_ANT_1/ANT_1:Prokka:ANT_1_13 (length 73728)
prokka_ANT_1/ANT_1:Prokka:ANT_1_14 (length 25397)
prokka_ANT_1/ANT_1:Prokka:ANT_1_15 (length 299461)
prokka_ANT_1/ANT_1:Prokka:ANT_1_16 (length 137469)
prokka_ANT_1/ANT_1:Prokka:ANT_1_17 (length 4867)
prokka_ANT_1/ANT_1:Prokka:ANT_1_18 (length 19883)
prokka_ANT_1/ANT_1:Prokka:ANT_1_19 (length 56858)
prokka_ANT_1/ANT_1:Prokka:ANT_1_20 (length 23487)
prokka_ANT_1/ANT_1:Prokka:ANT_1_21 (length 20550)
prokka_ANT_1/ANT_1:Prokka:ANT_1_22 (length 10519)
prokka_ANT_1/ANT_1:Prokka:ANT_1_23 (length 4515)
prokka_ANT_1/ANT_1:Prokka:ANT_1_24 (length 4558)
prokka_ANT_1/ANT_1:Prokka:ANT_1_25 (length 1175)
prokka_ANT_1/ANT_1:Prokka:ANT_1_26 (length 1585)
prokka_ANT_1/ANT_1:Prokka:ANT_1_27 (length 26028)
prokka_ANT_1/ANT_1:Prokka:ANT_1_28 (length 3917)
prokka_ANT_1/ANT_1:Prokka:ANT_1_29 (length 84483)
prokka_ANT_1/ANT_1:Prokka:ANT_1_30 (length 293428)
prokka_ANT_1/ANT_1:Prokka:ANT_1_31 (length 3839)
prokka_ANT_1/ANT_1:Prokka:ANT_1_32 (length 153656)
prokka_ANT_1/ANT_1:Prokka:ANT_1_33 (length 34375)
prokka_ANT_1/ANT_1:Prokka:ANT_1_34 (length 75667)
prokka_ANT_1/ANT_1:Prokka:ANT_1_35 (length 4987)
prokka_ANT_1/ANT_1:Prokka:ANT_1_36 (length 15124)
prokka_ANT_1/ANT_1:Prokka:ANT_1_37 (length 74441)
prokka_ANT_1/ANT_1:Prokka:ANT_1_38 (length 5133)
prokka_ANT_1/ANT_1:Prokka:ANT_1_39 (length 2850)
prokka_ANT_1/ANT_1:Prokka:ANT_1_40 (length 1608)
prokka_ANT_1/ANT_1:Prokka:ANT_1_41 (length 40064)
prokka_ANT_1/ANT_1:Prokka:ANT_1_42 (length 4872)
prokka_ANT_1/ANT_1:Prokka:ANT_1_43 (length 135545)
prokka_ANT_1/ANT_1:Prokka:ANT_1_44 (length 41822)
prokka_ANT_1/ANT_1:Prokka:ANT_1_45 (length 6221)
prokka_ANT_1/ANT_1:Prokka:ANT_1_46 (length 73892)
prokka_ANT_1/ANT_1:Prokka:ANT_1_47 (length 30611)
prokka_ANT_1/ANT_1:Prokka:ANT_1_48 (length 4652)
prokka_ANT_1/ANT_1:Prokka:ANT_1_49 (length 18155)
prokka_ANT_1/ANT_1:Prokka:ANT_1_50 (length 1074)
prokka_ANT_1/ANT_1:Prokka:ANT_1_51 (length 33553)
prokka_ANT_1/ANT_1:Prokka:ANT_1_52 (length 2056)
prokka_ANT_1/ANT_1:Prokka:ANT_1_53 (length 11992)
prokka_ANT_1/ANT_1:Prokka:ANT_1_54 (length 15913)
prokka_ANT_1/ANT_1:Prokka:ANT_1_55 (length 1774)
prokka_ANT_1/ANT_1:Prokka:ANT_1_56 (length 5725)
prokka_ANT_1/ANT_1:Prokka:ANT_1_57 (length 64558)
prokka_ANT_1/ANT_1:Prokka:ANT_1_58 (length 1886)
prokka_ANT_1/ANT_1:Prokka:ANT_1_59 (length 18273)
prokka_ANT_1/ANT_1:Prokka:ANT_1_60 (length 71145)
prokka_ANT_1/ANT_1:Prokka:ANT_1_61 (length 3993)
prokka_ANT_1/ANT_1:Prokka:ANT_1_62 (length 63032)
prokka_ANT_1/ANT_1:Prokka:ANT_1_63 (length 24932)
prokka_ANT_1/ANT_1:Prokka:ANT_1_64 (length 21690)
prokka_ANT_1/ANT_1:Prokka:ANT_1_65 (length 87878)
prokka_ANT_1/ANT_1:Prokka:ANT_1_66 (length 10304)
prokka_ANT_1/ANT_1:Prokka:ANT_1_67 (length 88369)
prokka_ANT_1/ANT_1:Prokka:ANT_1_68 (length 9777)
prokka_ANT_1/ANT_1:Prokka:ANT_1_69 (length 44713)
prokka_ANT_1/ANT_1:Prokka:ANT_1_70 (length 24718)
prokka_ANT_1/ANT_1:Prokka:ANT_1_71 (length 23379)
prokka_ANT_1/ANT_1:Prokka:ANT_1_72 (length 43304)
prokka_ANT_1/ANT_1:Prokka:ANT_1_73 (length 2379)
prokka_ANT_1/ANT_1:Prokka:ANT_1_74 (length 2178)
prokka_ANT_1/ANT_1:Prokka:ANT_1_75 (length 2178)
prokka_ANT_1/ANT_1:Prokka:ANT_1_76 (length 134478)
prokka_ANT_1/ANT_1:Prokka:ANT_1_77 (length 1007)
prokka_ANT_1/ANT_1:Prokka:ANT_1_78 (length 49527)
prokka_ANT_1/ANT_1:Prokka:ANT_1_79 (length 3793)
prokka_ANT_1/ANT_1:Prokka:ANT_1_80 (length 1136)
prokka_ANT_1/ANT_1:Prokka:ANT_1_81 (length 21127)
prokka_ANT_1/ANT_1:Prokka:ANT_1_82 (length 2243)
prokka_ANT_1/ANT_1:Prokka:ANT_1_83 (length 2643)
prokka_ANT_1/ANT_1:Prokka:ANT_1_84 (length 41204)
prokka_ANT_1/ANT_1:Prokka:ANT_1_85 (length 90909)
prokka_ANT_1/ANT_1:Prokka:ANT_1_86 (length 76558)
prokka_ANT_1/ANT_1:Prokka:ANT_1_87 (length 20174)
prokka_ANT_1/ANT_1:Prokka:ANT_1_88 (length 86414)
prokka_ANT_1/ANT_1:Prokka:ANT_1_89 (length 158282)
prokka_ANT_1/ANT_1:Prokka:ANT_1_90 (length 8856)
prokka_ANT_1/ANT_1:Prokka:ANT_1_91 (length 5449)
prokka_ANT_1/ANT_1:Prokka:ANT_1_92 (length 3017)
prokka_ANT_1/ANT_1:Prokka:ANT_1_93 (length 25678)
prokka_ANT_1/ANT_1:Prokka:ANT_1_94 (length 7380)
prokka_ANT_1/ANT_1:Prokka:ANT_1_95 (length 34427)
prokka_ANT_1/ANT_1:Prokka:ANT_1_96 (length 83253)
prokka_ANT_1/ANT_1:Prokka:ANT_1_97 (length 3039)
prokka_ANT_1/ANT_1:Prokka:ANT_1_98 (length 3038)
prokka_ANT_1/ANT_1:Prokka:ANT_1_99 (length 17058)
prokka_ANT_1/ANT_1:Prokka:ANT_1_100 (length 1112)
prokka_ANT_1/ANT_1:Prokka:ANT_1_101 (length 12915)
prokka_ANT_1/ANT_1:Prokka:ANT_1_102 (length 41535)
prokka_ANT_1/ANT_1:Prokka:ANT_1_103 (length 34264)
prokka_ANT_1/ANT_1:Prokka:ANT_1_104 (length 5058)
prokka_ANT_1/ANT_1:Prokka:ANT_1_105 (length 1718)
prokka_ANT_1/ANT_1:Prokka:ANT_1_106 (length 92249)
prokka_ANT_1/ANT_1:Prokka:ANT_1_107 (length 2599)
prokka_ANT_1/ANT_1:Prokka:ANT_1_108 (length 19384)
prokka_ANT_1/ANT_1:Prokka:ANT_1_109 (length 56774)
prokka_ANT_1/ANT_1:Prokka:ANT_1_110 (length 6226)
prokka_ANT_1/ANT_1:Prokka:ANT_1_111 (length 40915)
prokka_ANT_1/ANT_1:Prokka:ANT_1_112 (length 1757)
prokka_ANT_1/ANT_1:Prokka:ANT_1_113 (length 108380)
prokka_ANT_1/ANT_1:Prokka:ANT_1_114 (length 2944)
prokka_ANT_1/ANT_1:Prokka:ANT_1_115 (length 2742)
prokka_ANT_1/ANT_1:Prokka:ANT_1_116 (length 6184)
prokka_ANT_1/ANT_1:Prokka:ANT_1_117 (length 25490)
prokka_ANT_1/ANT_1:Prokka:ANT_1_118 (length 1240)
prokka_ANT_1/ANT_1:Prokka:ANT_1_119 (length 173040)
prokka_ANT_1/ANT_1:Prokka:ANT_1_120 (length 6804)
prokka_ANT_1/ANT_1:Prokka:ANT_1_121 (length 5092)

DiscRep_ALL:OVERLAPPING_GENES::1179 genes overlap another gene on the same strand.
prokka_ANT_1/ANT_1:Gene	can_1	ANT_1_1:6893-7519	ANT_1_00007
prokka_ANT_1/ANT_1:Gene	dauA	ANT_1_1:7516-9000	ANT_1_00008
prokka_ANT_1/ANT_1:Gene	ANT_1_00012	ANT_1_1:10926-11435	ANT_1_00012
prokka_ANT_1/ANT_1:Gene	ANT_1_00013	ANT_1_1:11432-11935	ANT_1_00013
prokka_ANT_1/ANT_1:Gene	ANT_1_00015	ANT_1_1:12434-13024	ANT_1_00015
prokka_ANT_1/ANT_1:Gene	ANT_1_00016	ANT_1_1:13021-13371	ANT_1_00016
prokka_ANT_1/ANT_1:Gene	ANT_1_00017	ANT_1_1:13374-14282	ANT_1_00017
prokka_ANT_1/ANT_1:Gene	ANT_1_00018	ANT_1_1:14275-14883	ANT_1_00018
prokka_ANT_1/ANT_1:Gene	ANT_1_00019	ANT_1_1:14880-16016	ANT_1_00019
prokka_ANT_1/ANT_1:Gene	tusC	ANT_1_2:c4350-3991	ANT_1_00026
prokka_ANT_1/ANT_1:Gene	tusD	ANT_1_2:c4736-4350	ANT_1_00027
prokka_ANT_1/ANT_1:Gene	dauR_1	ANT_1_2:c5458-4736	ANT_1_00028
prokka_ANT_1/ANT_1:Gene	ANT_1_00036	ANT_1_2:c14156-12669	ANT_1_00036
prokka_ANT_1/ANT_1:Gene	prs_1	ANT_1_2:c15021-14146	ANT_1_00037
prokka_ANT_1/ANT_1:Gene	tauD	ANT_1_2:c16795-15956	ANT_1_00039
prokka_ANT_1/ANT_1:Gene	ssuC_1	ANT_1_2:c17619-16792	ANT_1_00040
prokka_ANT_1/ANT_1:Gene	tauB	ANT_1_2:c18383-17616	ANT_1_00041
prokka_ANT_1/ANT_1:Gene	ANT_1_00044	ANT_1_2:20350-21369	ANT_1_00044
prokka_ANT_1/ANT_1:Gene	ANT_1_00045	ANT_1_2:21366-21584	ANT_1_00045
prokka_ANT_1/ANT_1:Gene	gph	ANT_1_2:c33468-32791	ANT_1_00056
prokka_ANT_1/ANT_1:Gene	rpe	ANT_1_2:c34138-33452	ANT_1_00057
prokka_ANT_1/ANT_1:Gene	pilQ	ANT_1_2:c39515-38271	ANT_1_00062
prokka_ANT_1/ANT_1:Gene	ANT_1_00063	ANT_1_2:c39837-39478	ANT_1_00063
prokka_ANT_1/ANT_1:Gene	ANT_1_00064	ANT_1_2:c40324-39827	ANT_1_00064
prokka_ANT_1/ANT_1:Gene	ANT_1_00065	ANT_1_2:c40866-40321	ANT_1_00065
prokka_ANT_1/ANT_1:Gene	ANT_1_00066	ANT_1_2:c41693-40866	ANT_1_00066
prokka_ANT_1/ANT_1:Gene	envZ	ANT_1_2:c52395-51046	ANT_1_00073
prokka_ANT_1/ANT_1:Gene	ompR_1	ANT_1_2:c53111-52392	ANT_1_00074
prokka_ANT_1/ANT_1:Gene	feoA	ANT_1_2:56454-56696	ANT_1_00077
prokka_ANT_1/ANT_1:Gene	feoB	ANT_1_2:56693-58996	ANT_1_00078
prokka_ANT_1/ANT_1:Gene	glgX_1	ANT_1_2:c80744-78768	ANT_1_00094
prokka_ANT_1/ANT_1:Gene	glgB	ANT_1_2:c82927-80741	ANT_1_00095
prokka_ANT_1/ANT_1:Gene	ugpQ	ANT_1_2:c94638-93898	ANT_1_00106
prokka_ANT_1/ANT_1:Gene	ugpC_1	ANT_1_2:c95708-94638	ANT_1_00107
prokka_ANT_1/ANT_1:Gene	lacG	ANT_1_2:c96557-95712	ANT_1_00108
prokka_ANT_1/ANT_1:Gene	ugpA_1	ANT_1_2:c97441-96554	ANT_1_00109
prokka_ANT_1/ANT_1:Gene	lptB_1	ANT_1_2:c100618-99851	ANT_1_00112
prokka_ANT_1/ANT_1:Gene	ANT_1_00113	ANT_1_2:c101889-100615	ANT_1_00113
prokka_ANT_1/ANT_1:Gene	livH	ANT_1_2:c102812-101886	ANT_1_00114
prokka_ANT_1/ANT_1:Gene	ftsX	ANT_1_2:c107049-106057	ANT_1_00118
prokka_ANT_1/ANT_1:Gene	ftsE	ANT_1_2:c107707-107039	ANT_1_00119
prokka_ANT_1/ANT_1:Gene	ANT_1_00121	ANT_1_3:c714-127	ANT_1_00121
prokka_ANT_1/ANT_1:Gene	vgrG1	ANT_1_3:c2677-656	ANT_1_00122
prokka_ANT_1/ANT_1:Gene	ANT_1_00127	ANT_1_3:8201-9643	ANT_1_00127
prokka_ANT_1/ANT_1:Gene	ANT_1_00128	ANT_1_3:9643-12627	ANT_1_00128
prokka_ANT_1/ANT_1:Gene	ANT_1_00129	ANT_1_3:12624-15014	ANT_1_00129
prokka_ANT_1/ANT_1:Gene	metI_1	ANT_1_3:c22258-21587	ANT_1_00138
prokka_ANT_1/ANT_1:Gene	metN_1	ANT_1_3:c23034-22243	ANT_1_00139
prokka_ANT_1/ANT_1:Gene	ANT_1_00147	ANT_1_3:c29979-29857	ANT_1_00147
prokka_ANT_1/ANT_1:Gene	ANT_1_00148	ANT_1_3:c30149-29973	ANT_1_00148
prokka_ANT_1/ANT_1:Gene	ANT_1_00152	ANT_1_3:c35791-35018	ANT_1_00152
prokka_ANT_1/ANT_1:Gene	xdhA	ANT_1_3:c38147-35781	ANT_1_00153
prokka_ANT_1/ANT_1:Gene	ANT_1_00154	ANT_1_3:c39579-38140	ANT_1_00154
prokka_ANT_1/ANT_1:Gene	guaD_1	ANT_1_3:c40907-39576	ANT_1_00155
prokka_ANT_1/ANT_1:Gene	osmW	ANT_1_3:46705-47352	ANT_1_00163
prokka_ANT_1/ANT_1:Gene	osmV	ANT_1_3:47352-48491	ANT_1_00164
prokka_ANT_1/ANT_1:Gene	ANT_1_00172	ANT_1_3:c56872-55817	ANT_1_00172
prokka_ANT_1/ANT_1:Gene	ycjX	ANT_1_3:c58275-56869	ANT_1_00173
prokka_ANT_1/ANT_1:Gene	pspC	ANT_1_3:c58926-58579	ANT_1_00175
prokka_ANT_1/ANT_1:Gene	pspB	ANT_1_3:c59150-58923	ANT_1_00176
prokka_ANT_1/ANT_1:Gene	sapA	ANT_1_3:61391-63019	ANT_1_00179
prokka_ANT_1/ANT_1:Gene	sapB	ANT_1_3:63016-63981	ANT_1_00180
prokka_ANT_1/ANT_1:Gene	sapC	ANT_1_3:63968-64858	ANT_1_00181
prokka_ANT_1/ANT_1:Gene	sapD	ANT_1_3:64858-65850	ANT_1_00182
prokka_ANT_1/ANT_1:Gene	sapF	ANT_1_3:65850-66656	ANT_1_00183
prokka_ANT_1/ANT_1:Gene	yciH	ANT_1_3:c81396-81070	ANT_1_00195
prokka_ANT_1/ANT_1:Gene	pyrF	ANT_1_3:c82112-81396	ANT_1_00196
prokka_ANT_1/ANT_1:Gene	yehL	ANT_1_3:98039-99118	ANT_1_00208
prokka_ANT_1/ANT_1:Gene	ANT_1_00209	ANT_1_3:99115-101454	ANT_1_00209
prokka_ANT_1/ANT_1:Gene	ANT_1_00210	ANT_1_3:101464-102600	ANT_1_00210
prokka_ANT_1/ANT_1:Gene	ANT_1_00211	ANT_1_3:102597-104621	ANT_1_00211
prokka_ANT_1/ANT_1:Gene	yciK	ANT_1_3:105931-106692	ANT_1_00213
prokka_ANT_1/ANT_1:Gene	btuR	ANT_1_3:106692-107282	ANT_1_00214
prokka_ANT_1/ANT_1:Gene	trpE	ANT_1_3:111601-113163	ANT_1_00219
prokka_ANT_1/ANT_1:Gene	trpG_2	ANT_1_3:113163-113741	ANT_1_00220
prokka_ANT_1/ANT_1:Gene	trpB	ANT_1_3:116139-117329	ANT_1_00223
prokka_ANT_1/ANT_1:Gene	trpA	ANT_1_3:117329-118135	ANT_1_00224
prokka_ANT_1/ANT_1:Gene	btuD_1	ANT_1_3:c127041-126040	ANT_1_00236
prokka_ANT_1/ANT_1:Gene	oppD	ANT_1_3:c128054-127038	ANT_1_00237
prokka_ANT_1/ANT_1:Gene	ANT_1_00256	ANT_1_3:c146855-146541	ANT_1_00256
prokka_ANT_1/ANT_1:Gene	topB_1	ANT_1_3:c148777-146855	ANT_1_00257
prokka_ANT_1/ANT_1:Gene	pabB	ANT_1_3:189333-190700	ANT_1_00295
prokka_ANT_1/ANT_1:Gene	nudL	ANT_1_3:190690-191265	ANT_1_00296
prokka_ANT_1/ANT_1:Gene	yebS	ANT_1_3:209262-210596	ANT_1_00314
prokka_ANT_1/ANT_1:Gene	yebT	ANT_1_3:210565-213198	ANT_1_00315
prokka_ANT_1/ANT_1:Gene	ANT_1_00330	ANT_1_5:c6064-5555	ANT_1_00330
prokka_ANT_1/ANT_1:Gene	pgrR_1	ANT_1_5:c6993-6061	ANT_1_00331
prokka_ANT_1/ANT_1:Gene	hipB	ANT_1_6:21283-21552	ANT_1_00359
prokka_ANT_1/ANT_1:Gene	hipA	ANT_1_6:21552-22853	ANT_1_00360
prokka_ANT_1/ANT_1:Gene	ANT_1_00361	ANT_1_6:23039-23950	ANT_1_00361
prokka_ANT_1/ANT_1:Gene	mntB_1	ANT_1_6:23947-24750	ANT_1_00362
prokka_ANT_1/ANT_1:Gene	mntB_2	ANT_1_6:24750-25607	ANT_1_00363
prokka_ANT_1/ANT_1:Gene	mntB_3	ANT_1_6:25604-26440	ANT_1_00364
prokka_ANT_1/ANT_1:Gene	ANT_1_00367	ANT_1_7:c882-346	ANT_1_00367
prokka_ANT_1/ANT_1:Gene	ANT_1_00368	ANT_1_7:c1957-857	ANT_1_00368
prokka_ANT_1/ANT_1:Gene	ANT_1_00369	ANT_1_7:c3672-1912	ANT_1_00369
prokka_ANT_1/ANT_1:Gene	ANT_1_00373	ANT_1_7:c7031-6270	ANT_1_00373
prokka_ANT_1/ANT_1:Gene	ANT_1_00374	ANT_1_7:c8922-7015	ANT_1_00374
prokka_ANT_1/ANT_1:Gene	btuD_2	ANT_1_8:c17668-16577	ANT_1_00395
prokka_ANT_1/ANT_1:Gene	ANT_1_00396	ANT_1_8:c18459-17665	ANT_1_00396
prokka_ANT_1/ANT_1:Gene	ANT_1_00397	ANT_1_8:c19382-18456	ANT_1_00397
prokka_ANT_1/ANT_1:Gene	glpR_2	ANT_1_8:21082-21897	ANT_1_00399
prokka_ANT_1/ANT_1:Gene	ANT_1_00400	ANT_1_8:21887-23416	ANT_1_00400
prokka_ANT_1/ANT_1:Gene	ANT_1_00401	ANT_1_8:23413-24240	ANT_1_00401
prokka_ANT_1/ANT_1:Gene	yihT	ANT_1_8:32805-33734	ANT_1_00410
prokka_ANT_1/ANT_1:Gene	ANT_1_00411	ANT_1_8:33727-34308	ANT_1_00411
prokka_ANT_1/ANT_1:Gene	yusV_1	ANT_1_8:39820-40665	ANT_1_00417
prokka_ANT_1/ANT_1:Gene	yfiZ_1	ANT_1_8:40662-41687	ANT_1_00418
prokka_ANT_1/ANT_1:Gene	feuC	ANT_1_8:41684-42736	ANT_1_00419
prokka_ANT_1/ANT_1:Gene	yhfQ	ANT_1_8:42813-43772	ANT_1_00420
prokka_ANT_1/ANT_1:Gene	ANT_1_00421	ANT_1_8:43769-44662	ANT_1_00421
prokka_ANT_1/ANT_1:Gene	chbA_1	ANT_1_8:c48352-48026	ANT_1_00424
prokka_ANT_1/ANT_1:Gene	licC_1	ANT_1_8:c49668-48352	ANT_1_00425
prokka_ANT_1/ANT_1:Gene	celA_1	ANT_1_8:c49988-49665	ANT_1_00426
prokka_ANT_1/ANT_1:Gene	ANT_1_00427	ANT_1_8:50208-50330	ANT_1_00427
prokka_ANT_1/ANT_1:Gene	ascG	ANT_1_8:50327-51349	ANT_1_00428
prokka_ANT_1/ANT_1:Gene	fecE	ANT_1_8:c60450-59680	ANT_1_00437
prokka_ANT_1/ANT_1:Gene	fecD	ANT_1_8:c61412-60450	ANT_1_00438
prokka_ANT_1/ANT_1:Gene	fecC	ANT_1_8:c62404-61409	ANT_1_00439
prokka_ANT_1/ANT_1:Gene	fecB	ANT_1_8:c63306-62401	ANT_1_00440
prokka_ANT_1/ANT_1:Gene	fecR	ANT_1_8:c66821-65850	ANT_1_00442
prokka_ANT_1/ANT_1:Gene	fecI	ANT_1_8:c67336-66818	ANT_1_00443
prokka_ANT_1/ANT_1:Gene	oleD_1	ANT_1_8:69145-70107	ANT_1_00447
prokka_ANT_1/ANT_1:Gene	ANT_1_00448	ANT_1_8:70101-71225	ANT_1_00448
prokka_ANT_1/ANT_1:Gene	ANT_1_00449	ANT_1_8:71222-72430	ANT_1_00449
prokka_ANT_1/ANT_1:Gene	lldD	ANT_1_8:c75173-74028	ANT_1_00452
prokka_ANT_1/ANT_1:Gene	lldR	ANT_1_8:c75952-75170	ANT_1_00453
prokka_ANT_1/ANT_1:Gene	bglH_2	ANT_1_8:c79437-77971	ANT_1_00456
prokka_ANT_1/ANT_1:Gene	bglF_1	ANT_1_8:c81266-79434	ANT_1_00457
prokka_ANT_1/ANT_1:Gene	mdtI	ANT_1_8:c81777-81448	ANT_1_00458
prokka_ANT_1/ANT_1:Gene	mdtJ	ANT_1_8:c82108-81764	ANT_1_00459
prokka_ANT_1/ANT_1:Gene	hmuU_1	ANT_1_8:83876-84928	ANT_1_00461
prokka_ANT_1/ANT_1:Gene	fepC_1	ANT_1_8:84925-85713	ANT_1_00462
prokka_ANT_1/ANT_1:Gene	btsS	ANT_1_8:85861-87546	ANT_1_00463
prokka_ANT_1/ANT_1:Gene	btsR	ANT_1_8:87543-88262	ANT_1_00464
prokka_ANT_1/ANT_1:Gene	cnrA	ANT_1_8:c98546-97311	ANT_1_00471
prokka_ANT_1/ANT_1:Gene	czcA_1	ANT_1_8:c100375-98498	ANT_1_00472
prokka_ANT_1/ANT_1:Gene	ttgD	ANT_1_8:c101475-100372	ANT_1_00473
prokka_ANT_1/ANT_1:Gene	acpP_1	ANT_1_9:15022-15282	ANT_1_00493
prokka_ANT_1/ANT_1:Gene	bioF_1	ANT_1_9:15269-16441	ANT_1_00494
prokka_ANT_1/ANT_1:Gene	lptG_1	ANT_1_9:c17590-16508	ANT_1_00495
prokka_ANT_1/ANT_1:Gene	ANT_1_00496	ANT_1_9:c18657-17587	ANT_1_00496
prokka_ANT_1/ANT_1:Gene	ANT_1_00498	ANT_1_9:c20217-19342	ANT_1_00498
prokka_ANT_1/ANT_1:Gene	ANT_1_00499	ANT_1_9:c21554-20217	ANT_1_00499
prokka_ANT_1/ANT_1:Gene	dcuS	ANT_1_9:30051-31688	ANT_1_00511
prokka_ANT_1/ANT_1:Gene	dcuR	ANT_1_9:31685-32404	ANT_1_00512
prokka_ANT_1/ANT_1:Gene	cidA	ANT_1_10:27842-28270	ANT_1_00547
prokka_ANT_1/ANT_1:Gene	yohK_1	ANT_1_10:28263-28961	ANT_1_00548
prokka_ANT_1/ANT_1:Gene	actP	ANT_1_10:c31392-29734	ANT_1_00550
prokka_ANT_1/ANT_1:Gene	yjcH	ANT_1_10:c31700-31389	ANT_1_00551
prokka_ANT_1/ANT_1:Gene	resA_1	ANT_1_11:c6747-6244	ANT_1_00572
prokka_ANT_1/ANT_1:Gene	ANT_1_00573	ANT_1_11:c7463-6744	ANT_1_00573
prokka_ANT_1/ANT_1:Gene	dsbD_1	ANT_1_11:c9490-7460	ANT_1_00574
prokka_ANT_1/ANT_1:Gene	ANT_1_00576	ANT_1_11:c11373-9985	ANT_1_00576
prokka_ANT_1/ANT_1:Gene	ANT_1_00577	ANT_1_11:c12007-11366	ANT_1_00577
prokka_ANT_1/ANT_1:Gene	ANT_1_00581	ANT_1_11:c16188-15334	ANT_1_00581
prokka_ANT_1/ANT_1:Gene	ANT_1_00582	ANT_1_11:c16628-16185	ANT_1_00582
prokka_ANT_1/ANT_1:Gene	arnC	ANT_1_11:44945-45922	ANT_1_00608
prokka_ANT_1/ANT_1:Gene	arnA	ANT_1_11:45919-47901	ANT_1_00609
prokka_ANT_1/ANT_1:Gene	arnD	ANT_1_11:47898-48791	ANT_1_00610
prokka_ANT_1/ANT_1:Gene	arnT	ANT_1_11:48798-50459	ANT_1_00611
prokka_ANT_1/ANT_1:Gene	arnE_1	ANT_1_11:50456-50779	ANT_1_00612
prokka_ANT_1/ANT_1:Gene	arnF	ANT_1_11:50779-51165	ANT_1_00613
prokka_ANT_1/ANT_1:Gene	fetA	ANT_1_11:51208-51873	ANT_1_00614
prokka_ANT_1/ANT_1:Gene	fetB	ANT_1_11:51860-52618	ANT_1_00615
prokka_ANT_1/ANT_1:Gene	ltnD	ANT_1_11:62379-63293	ANT_1_00625
prokka_ANT_1/ANT_1:Gene	otnK	ANT_1_11:63293-64555	ANT_1_00626
prokka_ANT_1/ANT_1:Gene	otnC	ANT_1_11:64552-65175	ANT_1_00627
prokka_ANT_1/ANT_1:Gene	ANT_1_00631	ANT_1_11:69316-70401	ANT_1_00631
prokka_ANT_1/ANT_1:Gene	ANT_1_00632	ANT_1_11:70377-70988	ANT_1_00632
prokka_ANT_1/ANT_1:Gene	arnE_2	ANT_1_11:c72873-72475	ANT_1_00634
prokka_ANT_1/ANT_1:Gene	arnE_3	ANT_1_11:c73229-72873	ANT_1_00635
prokka_ANT_1/ANT_1:Gene	nadD	ANT_1_11:c88106-87459	ANT_1_00652
prokka_ANT_1/ANT_1:Gene	holA	ANT_1_11:c89130-88099	ANT_1_00653
prokka_ANT_1/ANT_1:Gene	lptE	ANT_1_11:c89726-89127	ANT_1_00654
prokka_ANT_1/ANT_1:Gene	gltK	ANT_1_11:c94463-93786	ANT_1_00658
prokka_ANT_1/ANT_1:Gene	gltJ	ANT_1_11:c95194-94463	ANT_1_00659
prokka_ANT_1/ANT_1:Gene	ybeY	ANT_1_11:c99853-99386	ANT_1_00663
prokka_ANT_1/ANT_1:Gene	ybeZ	ANT_1_11:c100908-99850	ANT_1_00664
prokka_ANT_1/ANT_1:Gene	pxpB	ANT_1_11:131199-131855	ANT_1_00695
prokka_ANT_1/ANT_1:Gene	pxpC	ANT_1_11:131849-132787	ANT_1_00696
prokka_ANT_1/ANT_1:Gene	pxpA	ANT_1_11:132771-133508	ANT_1_00697
prokka_ANT_1/ANT_1:Gene	ANT_1_00698	ANT_1_11:133567-134295	ANT_1_00698
prokka_ANT_1/ANT_1:Gene	ANT_1_00699	ANT_1_11:134295-135284	ANT_1_00699
prokka_ANT_1/ANT_1:Gene	sdhC	ANT_1_11:138750-139139	ANT_1_00703
prokka_ANT_1/ANT_1:Gene	sdhD	ANT_1_11:139133-139480	ANT_1_00704
prokka_ANT_1/ANT_1:Gene	sdhA	ANT_1_11:139480-141246	ANT_1_00705
prokka_ANT_1/ANT_1:Gene	sucC	ANT_1_11:146349-147515	ANT_1_00709
prokka_ANT_1/ANT_1:Gene	sucD	ANT_1_11:147515-148387	ANT_1_00710
prokka_ANT_1/ANT_1:Gene	cydX	ANT_1_11:151753-151866	ANT_1_00713
prokka_ANT_1/ANT_1:Gene	ANT_1_00714	ANT_1_11:151866-152159	ANT_1_00714
prokka_ANT_1/ANT_1:Gene	ybgC	ANT_1_11:152513-152803	ANT_1_00715
prokka_ANT_1/ANT_1:Gene	tolQ	ANT_1_11:152800-153486	ANT_1_00716
prokka_ANT_1/ANT_1:Gene	sasA_1	ANT_1_11:c171749-170397	ANT_1_00736
prokka_ANT_1/ANT_1:Gene	ompR_2	ANT_1_11:c172426-171746	ANT_1_00737
prokka_ANT_1/ANT_1:Gene	cysA	ANT_1_11:c174735-173647	ANT_1_00739
prokka_ANT_1/ANT_1:Gene	cysW	ANT_1_11:c175600-174725	ANT_1_00740
prokka_ANT_1/ANT_1:Gene	cysT	ANT_1_11:c176433-175600	ANT_1_00741
prokka_ANT_1/ANT_1:Gene	czcA_2	ANT_1_11:c191337-188299	ANT_1_00752
prokka_ANT_1/ANT_1:Gene	mdtA_1	ANT_1_11:c192476-191334	ANT_1_00753
prokka_ANT_1/ANT_1:Gene	sasA_2	ANT_1_11:c193757-192555	ANT_1_00754
prokka_ANT_1/ANT_1:Gene	arlR	ANT_1_11:c194449-193754	ANT_1_00755
prokka_ANT_1/ANT_1:Gene	narQ	ANT_1_11:201918-203627	ANT_1_00761
prokka_ANT_1/ANT_1:Gene	narL_1	ANT_1_11:203608-204246	ANT_1_00762
prokka_ANT_1/ANT_1:Gene	ANT_1_00764	ANT_1_11:c207686-207564	ANT_1_00764
prokka_ANT_1/ANT_1:Gene	ANT_1_00765	ANT_1_11:c207832-207686	ANT_1_00765
prokka_ANT_1/ANT_1:Gene	purM	ANT_1_11:228814-229854	ANT_1_00788
prokka_ANT_1/ANT_1:Gene	purN	ANT_1_11:229851-230489	ANT_1_00789
prokka_ANT_1/ANT_1:Gene	ANT_1_00791	ANT_1_11:c233016-231370	ANT_1_00791
prokka_ANT_1/ANT_1:Gene	ANT_1_00792	ANT_1_11:c235172-233013	ANT_1_00792
prokka_ANT_1/ANT_1:Gene	ANT_1_00800	ANT_1_11:c244886-244380	ANT_1_00800
prokka_ANT_1/ANT_1:Gene	ANT_1_00801	ANT_1_11:c245158-244865	ANT_1_00801
prokka_ANT_1/ANT_1:Gene	rodZ	ANT_1_11:c263943-262948	ANT_1_00816
prokka_ANT_1/ANT_1:Gene	ANT_1_00817	ANT_1_11:c264664-263933	ANT_1_00817
prokka_ANT_1/ANT_1:Gene	ANT_1_00829	ANT_1_11:c283181-282180	ANT_1_00829
prokka_ANT_1/ANT_1:Gene	ANT_1_00830	ANT_1_11:c283828-283172	ANT_1_00830
prokka_ANT_1/ANT_1:Gene	adhB_1	ANT_1_11:c290485-289310	ANT_1_00835
prokka_ANT_1/ANT_1:Gene	ANT_1_00836	ANT_1_11:c292392-290482	ANT_1_00836
prokka_ANT_1/ANT_1:Gene	qseF	ANT_1_11:c294371-293037	ANT_1_00838
prokka_ANT_1/ANT_1:Gene	qseG	ANT_1_11:c295102-294368	ANT_1_00839
prokka_ANT_1/ANT_1:Gene	glrK	ANT_1_11:c296529-295099	ANT_1_00840
prokka_ANT_1/ANT_1:Gene	acpS	ANT_1_11:c308551-308171	ANT_1_00849
prokka_ANT_1/ANT_1:Gene	pdxJ	ANT_1_11:c309282-308551	ANT_1_00850
prokka_ANT_1/ANT_1:Gene	era_1	ANT_1_11:c311005-310100	ANT_1_00852
prokka_ANT_1/ANT_1:Gene	rnc	ANT_1_11:c311682-311002	ANT_1_00853
prokka_ANT_1/ANT_1:Gene	rseC	ANT_1_11:c315289-314825	ANT_1_00856
prokka_ANT_1/ANT_1:Gene	rseB	ANT_1_11:c316242-315286	ANT_1_00857
prokka_ANT_1/ANT_1:Gene	rseA	ANT_1_11:c316892-316242	ANT_1_00858
prokka_ANT_1/ANT_1:Gene	pasI	ANT_1_11:c329383-329096	ANT_1_00870
prokka_ANT_1/ANT_1:Gene	ratA	ANT_1_11:c329810-329376	ANT_1_00871
prokka_ANT_1/ANT_1:Gene	rsmD	ANT_1_13:251-856	ANT_1_00879
prokka_ANT_1/ANT_1:Gene	ANT_1_00880	ANT_1_13:846-1115	ANT_1_00880
prokka_ANT_1/ANT_1:Gene	potA_1	ANT_1_13:23458-24159	ANT_1_00900
prokka_ANT_1/ANT_1:Gene	ANT_1_00901	ANT_1_13:24156-25130	ANT_1_00901
prokka_ANT_1/ANT_1:Gene	ANT_1_00943	ANT_1_14:c1176-916	ANT_1_00943
prokka_ANT_1/ANT_1:Gene	aroE	ANT_1_14:c1988-1173	ANT_1_00944
prokka_ANT_1/ANT_1:Gene	tsaC_1	ANT_1_14:c2565-1999	ANT_1_00945
prokka_ANT_1/ANT_1:Gene	topA_2	ANT_1_14:c3118-2549	ANT_1_00946
prokka_ANT_1/ANT_1:Gene	smg	ANT_1_14:c3617-3144	ANT_1_00947
prokka_ANT_1/ANT_1:Gene	ANT_1_00948	ANT_1_14:c4713-3589	ANT_1_00948
prokka_ANT_1/ANT_1:Gene	zntR	ANT_1_14:c10385-9954	ANT_1_00955
prokka_ANT_1/ANT_1:Gene	ANT_1_00956	ANT_1_14:c10756-10385	ANT_1_00956
prokka_ANT_1/ANT_1:Gene	rpmD	ANT_1_14:c15993-15808	ANT_1_00964
prokka_ANT_1/ANT_1:Gene	rpsE	ANT_1_14:c16493-15993	ANT_1_00965
prokka_ANT_1/ANT_1:Gene	rpsQ	ANT_1_14:c19830-19576	ANT_1_00973
prokka_ANT_1/ANT_1:Gene	rpmC	ANT_1_14:c20021-19830	ANT_1_00974
prokka_ANT_1/ANT_1:Gene	rplP	ANT_1_14:c20431-20021	ANT_1_00975
prokka_ANT_1/ANT_1:Gene	rplW	ANT_1_14:c22943-22641	ANT_1_00980
prokka_ANT_1/ANT_1:Gene	rplD	ANT_1_14:c23545-22940	ANT_1_00981
prokka_ANT_1/ANT_1:Gene	ispE	ANT_1_15:c10988-10125	ANT_1_00994
prokka_ANT_1/ANT_1:Gene	lolB	ANT_1_15:c11611-10985	ANT_1_00995
prokka_ANT_1/ANT_1:Gene	hemA	ANT_1_15:11837-13093	ANT_1_00996
prokka_ANT_1/ANT_1:Gene	prfA	ANT_1_15:13041-14213	ANT_1_00997
prokka_ANT_1/ANT_1:Gene	prmC	ANT_1_15:14213-15046	ANT_1_00998
prokka_ANT_1/ANT_1:Gene	ychQ	ANT_1_15:15058-15456	ANT_1_00999
prokka_ANT_1/ANT_1:Gene	ANT_1_01000	ANT_1_15:15453-16262	ANT_1_01000
prokka_ANT_1/ANT_1:Gene	scrB	ANT_1_15:c21704-20295	ANT_1_01005
prokka_ANT_1/ANT_1:Gene	sacX	ANT_1_15:c23074-21701	ANT_1_01006
prokka_ANT_1/ANT_1:Gene	prpC	ANT_1_15:c29945-29169	ANT_1_01012
prokka_ANT_1/ANT_1:Gene	ANT_1_01013	ANT_1_15:c31117-29942	ANT_1_01013
prokka_ANT_1/ANT_1:Gene	ANT_1_01015	ANT_1_15:c33974-31869	ANT_1_01015
prokka_ANT_1/ANT_1:Gene	ANT_1_01016	ANT_1_15:c35191-33974	ANT_1_01016
prokka_ANT_1/ANT_1:Gene	rbsC_1	ANT_1_15:48486-49553	ANT_1_01028
prokka_ANT_1/ANT_1:Gene	aplK	ANT_1_15:49546-51063	ANT_1_01029
prokka_ANT_1/ANT_1:Gene	astC	ANT_1_15:57390-58610	ANT_1_01035
prokka_ANT_1/ANT_1:Gene	astA	ANT_1_15:58607-59641	ANT_1_01036
prokka_ANT_1/ANT_1:Gene	astD	ANT_1_15:59638-61107	ANT_1_01037
prokka_ANT_1/ANT_1:Gene	astB	ANT_1_15:61104-62432	ANT_1_01038
prokka_ANT_1/ANT_1:Gene	bcr_1	ANT_1_15:c67570-66380	ANT_1_01043
prokka_ANT_1/ANT_1:Gene	betI_1	ANT_1_15:c68151-67567	ANT_1_01044
prokka_ANT_1/ANT_1:Gene	hmuV	ANT_1_15:c92063-91287	ANT_1_01068
prokka_ANT_1/ANT_1:Gene	hmuU_2	ANT_1_15:c93054-92056	ANT_1_01069
prokka_ANT_1/ANT_1:Gene	hmuT	ANT_1_15:c93875-93054	ANT_1_01070
prokka_ANT_1/ANT_1:Gene	hemS	ANT_1_15:c94903-93872	ANT_1_01071
prokka_ANT_1/ANT_1:Gene	ANT_1_01076	ANT_1_15:101785-104841	ANT_1_01076
prokka_ANT_1/ANT_1:Gene	menI_1	ANT_1_15:104841-105254	ANT_1_01077
prokka_ANT_1/ANT_1:Gene	sufC	ANT_1_15:108037-108783	ANT_1_01081
prokka_ANT_1/ANT_1:Gene	sufD	ANT_1_15:108758-110038	ANT_1_01082
prokka_ANT_1/ANT_1:Gene	sufS	ANT_1_15:110035-111255	ANT_1_01083
prokka_ANT_1/ANT_1:Gene	nth	ANT_1_15:c152263-151628	ANT_1_01127
prokka_ANT_1/ANT_1:Gene	rnfE	ANT_1_15:c152961-152260	ANT_1_01128
prokka_ANT_1/ANT_1:Gene	rsxG	ANT_1_15:c153586-152954	ANT_1_01129
prokka_ANT_1/ANT_1:Gene	rsxD	ANT_1_15:c154647-153586	ANT_1_01130
prokka_ANT_1/ANT_1:Gene	rsxC	ANT_1_15:c156822-154648	ANT_1_01131
prokka_ANT_1/ANT_1:Gene	rsxB	ANT_1_15:c157390-156815	ANT_1_01132
prokka_ANT_1/ANT_1:Gene	rsxA	ANT_1_15:c157971-157390	ANT_1_01133
prokka_ANT_1/ANT_1:Gene	fruK	ANT_1_15:160447-161970	ANT_1_01137
prokka_ANT_1/ANT_1:Gene	ytfT	ANT_1_15:161963-162982	ANT_1_01138
prokka_ANT_1/ANT_1:Gene	yjfF	ANT_1_15:162975-163961	ANT_1_01139
prokka_ANT_1/ANT_1:Gene	ANT_1_01170	ANT_1_15:199631-202261	ANT_1_01170
prokka_ANT_1/ANT_1:Gene	ANT_1_01171	ANT_1_15:202245-202436	ANT_1_01171
prokka_ANT_1/ANT_1:Gene	rstB	ANT_1_15:c212230-210941	ANT_1_01178
prokka_ANT_1/ANT_1:Gene	rstA	ANT_1_15:c212958-212230	ANT_1_01179
prokka_ANT_1/ANT_1:Gene	dapE_2	ANT_1_15:239670-241094	ANT_1_01202
prokka_ANT_1/ANT_1:Gene	proP_2	ANT_1_15:241091-242362	ANT_1_01203
prokka_ANT_1/ANT_1:Gene	iutA	ANT_1_15:242774-244870	ANT_1_01204
prokka_ANT_1/ANT_1:Gene	yfiY	ANT_1_15:244860-245774	ANT_1_01205
prokka_ANT_1/ANT_1:Gene	yfiZ_2	ANT_1_15:245771-246760	ANT_1_01206
prokka_ANT_1/ANT_1:Gene	yfhA	ANT_1_15:246753-247793	ANT_1_01207
prokka_ANT_1/ANT_1:Gene	rhaB	ANT_1_15:284091-285563	ANT_1_01243
prokka_ANT_1/ANT_1:Gene	rhaA	ANT_1_15:285560-286816	ANT_1_01244
prokka_ANT_1/ANT_1:Gene	yhfK	ANT_1_15:288126-288788	ANT_1_01247
prokka_ANT_1/ANT_1:Gene	ANT_1_01248	ANT_1_15:288763-289419	ANT_1_01248
prokka_ANT_1/ANT_1:Gene	ANT_1_01252	ANT_1_15:292667-293482	ANT_1_01252
prokka_ANT_1/ANT_1:Gene	btuD_4	ANT_1_15:293479-294297	ANT_1_01253
prokka_ANT_1/ANT_1:Gene	ANT_1_01254	ANT_1_15:294281-294988	ANT_1_01254
prokka_ANT_1/ANT_1:Gene	ANT_1_01271	ANT_1_16:17038-17910	ANT_1_01271
prokka_ANT_1/ANT_1:Gene	dtd	ANT_1_16:17907-18344	ANT_1_01272
prokka_ANT_1/ANT_1:Gene	recG	ANT_1_16:c25799-23718	ANT_1_01277
prokka_ANT_1/ANT_1:Gene	trmH	ANT_1_16:c26494-25799	ANT_1_01278
prokka_ANT_1/ANT_1:Gene	dut	ANT_1_16:c49892-49434	ANT_1_01299
prokka_ANT_1/ANT_1:Gene	coaBC	ANT_1_16:c51084-49870	ANT_1_01300
prokka_ANT_1/ANT_1:Gene	coaD	ANT_1_16:c54069-53593	ANT_1_01305
prokka_ANT_1/ANT_1:Gene	ANT_1_01306	ANT_1_16:c54842-54066	ANT_1_01306
prokka_ANT_1/ANT_1:Gene	rfaG	ANT_1_16:c59816-58689	ANT_1_01310
prokka_ANT_1/ANT_1:Gene	rfaQ_2	ANT_1_16:c60766-59813	ANT_1_01311
prokka_ANT_1/ANT_1:Gene	ANT_1_01314	ANT_1_16:c64119-63106	ANT_1_01314
prokka_ANT_1/ANT_1:Gene	rfaL	ANT_1_16:c65348-64116	ANT_1_01315
prokka_ANT_1/ANT_1:Gene	gtfA	ANT_1_16:c66536-65370	ANT_1_01316
prokka_ANT_1/ANT_1:Gene	rfaC	ANT_1_16:c67498-66533	ANT_1_01317
prokka_ANT_1/ANT_1:Gene	kbl	ANT_1_16:69723-70934	ANT_1_01320
prokka_ANT_1/ANT_1:Gene	tdh	ANT_1_16:70931-71959	ANT_1_01321
prokka_ANT_1/ANT_1:Gene	secB	ANT_1_16:75416-75877	ANT_1_01326
prokka_ANT_1/ANT_1:Gene	gpsA	ANT_1_16:75877-76896	ANT_1_01327
prokka_ANT_1/ANT_1:Gene	cpxA	ANT_1_16:c79724-78345	ANT_1_01330
prokka_ANT_1/ANT_1:Gene	cpxR	ANT_1_16:c80422-79721	ANT_1_01331
prokka_ANT_1/ANT_1:Gene	btuB	ANT_1_16:134546-136432	ANT_1_01381
prokka_ANT_1/ANT_1:Gene	murI	ANT_1_16:136377-137243	ANT_1_01382
prokka_ANT_1/ANT_1:Gene	birA	ANT_1_17:c3446-2484	ANT_1_01388
prokka_ANT_1/ANT_1:Gene	murB	ANT_1_17:c4480-3443	ANT_1_01389
prokka_ANT_1/ANT_1:Gene	phnL	ANT_1_19:34-621	ANT_1_01405
prokka_ANT_1/ANT_1:Gene	phnM	ANT_1_19:618-1754	ANT_1_01406
prokka_ANT_1/ANT_1:Gene	phnN	ANT_1_19:1754-2293	ANT_1_01407
prokka_ANT_1/ANT_1:Gene	ANT_1_01414	ANT_1_19:8630-9496	ANT_1_01414
prokka_ANT_1/ANT_1:Gene	ANT_1_01415	ANT_1_19:9496-10380	ANT_1_01415
prokka_ANT_1/ANT_1:Gene	nikA	ANT_1_19:16292-17815	ANT_1_01421
prokka_ANT_1/ANT_1:Gene	gsiC_2	ANT_1_19:17812-18747	ANT_1_01422
prokka_ANT_1/ANT_1:Gene	nikC	ANT_1_19:18744-19547	ANT_1_01423
prokka_ANT_1/ANT_1:Gene	yejF_2	ANT_1_19:19544-20974	ANT_1_01424
prokka_ANT_1/ANT_1:Gene	ribX	ANT_1_19:c35123-34374	ANT_1_01433
prokka_ANT_1/ANT_1:Gene	ssuB_1	ANT_1_19:c35866-35120	ANT_1_01434
prokka_ANT_1/ANT_1:Gene	tenA	ANT_1_19:c36564-35863	ANT_1_01435
prokka_ANT_1/ANT_1:Gene	gmuD_1	ANT_1_19:42217-43614	ANT_1_01440
prokka_ANT_1/ANT_1:Gene	chbA_2	ANT_1_19:43607-43909	ANT_1_01441
prokka_ANT_1/ANT_1:Gene	truC	ANT_1_20:c7886-7098	ANT_1_01456
prokka_ANT_1/ANT_1:Gene	yqcC	ANT_1_20:c8212-7886	ANT_1_01457
prokka_ANT_1/ANT_1:Gene	rlmM	ANT_1_20:c13940-12840	ANT_1_01462
prokka_ANT_1/ANT_1:Gene	ANT_1_01463	ANT_1_20:c14328-13933	ANT_1_01463
prokka_ANT_1/ANT_1:Gene	narJ	ANT_1_21:c4143-3418	ANT_1_01476
prokka_ANT_1/ANT_1:Gene	narH	ANT_1_21:c5687-4140	ANT_1_01477
prokka_ANT_1/ANT_1:Gene	narG	ANT_1_21:c9445-5684	ANT_1_01478
prokka_ANT_1/ANT_1:Gene	pcm	ANT_1_21:c14921-14295	ANT_1_01483
prokka_ANT_1/ANT_1:Gene	surE	ANT_1_21:c15676-14915	ANT_1_01484
prokka_ANT_1/ANT_1:Gene	bvgS_1	ANT_1_21:c19566-15922	ANT_1_01485
prokka_ANT_1/ANT_1:Gene	ANT_1_01486	ANT_1_21:c20179-19541	ANT_1_01486
prokka_ANT_1/ANT_1:Gene	ANT_1_01489	ANT_1_22:c1767-871	ANT_1_01489
prokka_ANT_1/ANT_1:Gene	ANT_1_01490	ANT_1_22:c2278-1754	ANT_1_01490
prokka_ANT_1/ANT_1:Gene	ANT_1_01499	ANT_1_22:8268-8867	ANT_1_01499
prokka_ANT_1/ANT_1:Gene	ANT_1_01500	ANT_1_22:8867-9010	ANT_1_01500
prokka_ANT_1/ANT_1:Gene	ANT_1_01505	ANT_1_23:c2703-2050	ANT_1_01505
prokka_ANT_1/ANT_1:Gene	ANT_1_01506	ANT_1_23:c4037-2700	ANT_1_01506
prokka_ANT_1/ANT_1:Gene	pal_3	ANT_1_24:c2055-334	ANT_1_01509
prokka_ANT_1/ANT_1:Gene	ANT_1_01510	ANT_1_24:c2741-2052	ANT_1_01510
prokka_ANT_1/ANT_1:Gene	ANT_1_01511	ANT_1_24:c4078-2738	ANT_1_01511
prokka_ANT_1/ANT_1:Gene	gsiA_1	ANT_1_27:c6105-4255	ANT_1_01521
prokka_ANT_1/ANT_1:Gene	iaaA	ANT_1_27:c7046-6105	ANT_1_01522
prokka_ANT_1/ANT_1:Gene	emrB_1	ANT_1_27:c17828-16260	ANT_1_01529
prokka_ANT_1/ANT_1:Gene	emrA_1	ANT_1_27:c18955-17825	ANT_1_01530
prokka_ANT_1/ANT_1:Gene	ANT_1_01540	ANT_1_28:c3542-3246	ANT_1_01540
prokka_ANT_1/ANT_1:Gene	ANT_1_01541	ANT_1_28:c3735-3508	ANT_1_01541
prokka_ANT_1/ANT_1:Gene	frdB	ANT_1_29:c20581-19847	ANT_1_01564
prokka_ANT_1/ANT_1:Gene	frdA	ANT_1_29:c22364-20574	ANT_1_01565
prokka_ANT_1/ANT_1:Gene	nnr	ANT_1_29:33569-35035	ANT_1_01577
prokka_ANT_1/ANT_1:Gene	tsaE	ANT_1_29:35032-35508	ANT_1_01578
prokka_ANT_1/ANT_1:Gene	ANT_1_01579	ANT_1_29:35505-37166	ANT_1_01579
prokka_ANT_1/ANT_1:Gene	tamA	ANT_1_29:62801-64540	ANT_1_01605
prokka_ANT_1/ANT_1:Gene	tamB	ANT_1_29:64537-68310	ANT_1_01606
prokka_ANT_1/ANT_1:Gene	ANT_1_01616	ANT_1_29:77317-77676	ANT_1_01616
prokka_ANT_1/ANT_1:Gene	ANT_1_01617	ANT_1_29:77676-77972	ANT_1_01617
prokka_ANT_1/ANT_1:Gene	ANT_1_01620	ANT_1_29:79489-80622	ANT_1_01620
prokka_ANT_1/ANT_1:Gene	dgaE_1	ANT_1_29:80606-81736	ANT_1_01621
prokka_ANT_1/ANT_1:Gene	metN_2	ANT_1_30:967-1998	ANT_1_01625
prokka_ANT_1/ANT_1:Gene	metI_2	ANT_1_30:1991-2644	ANT_1_01626
prokka_ANT_1/ANT_1:Gene	rcsF_2	ANT_1_30:4241-4636	ANT_1_01629
prokka_ANT_1/ANT_1:Gene	trmO	ANT_1_30:4636-5343	ANT_1_01630
prokka_ANT_1/ANT_1:Gene	arfB	ANT_1_30:c10276-9860	ANT_1_01634
prokka_ANT_1/ANT_1:Gene	yaeQ	ANT_1_30:c10827-10273	ANT_1_01635
prokka_ANT_1/ANT_1:Gene	rnhB	ANT_1_30:c21794-21171	ANT_1_01644
prokka_ANT_1/ANT_1:Gene	lpxB	ANT_1_30:c22936-21791	ANT_1_01645
prokka_ANT_1/ANT_1:Gene	mtnN	ANT_1_30:45225-45980	ANT_1_01665
prokka_ANT_1/ANT_1:Gene	btuF_2	ANT_1_30:45973-46785	ANT_1_01666
prokka_ANT_1/ANT_1:Gene	fhuB	ANT_1_30:c52750-50771	ANT_1_01671
prokka_ANT_1/ANT_1:Gene	fhuD	ANT_1_30:c53628-52747	ANT_1_01672
prokka_ANT_1/ANT_1:Gene	hpyO	ANT_1_30:61921-63384	ANT_1_01678
prokka_ANT_1/ANT_1:Gene	ANT_1_01679	ANT_1_30:63381-63863	ANT_1_01679
prokka_ANT_1/ANT_1:Gene	ANT_1_01680	ANT_1_30:63860-64429	ANT_1_01680
prokka_ANT_1/ANT_1:Gene	pcnB	ANT_1_30:73199-74536	ANT_1_01690
prokka_ANT_1/ANT_1:Gene	folK	ANT_1_30:74533-75012	ANT_1_01691
prokka_ANT_1/ANT_1:Gene	yadH	ANT_1_30:c78064-77294	ANT_1_01695
prokka_ANT_1/ANT_1:Gene	yadG	ANT_1_30:c78987-78061	ANT_1_01696
prokka_ANT_1/ANT_1:Gene	ANT_1_01708	ANT_1_30:c93393-92188	ANT_1_01708
prokka_ANT_1/ANT_1:Gene	menE_1	ANT_1_30:c94867-93356	ANT_1_01709
prokka_ANT_1/ANT_1:Gene	bioY	ANT_1_30:c96942-96403	ANT_1_01712
prokka_ANT_1/ANT_1:Gene	bioN	ANT_1_30:c97586-96942	ANT_1_01713
prokka_ANT_1/ANT_1:Gene	bioM	ANT_1_30:c98257-97583	ANT_1_01714
prokka_ANT_1/ANT_1:Gene	yicJ	ANT_1_30:107914-109329	ANT_1_01721
prokka_ANT_1/ANT_1:Gene	ANT_1_01722	ANT_1_30:109326-110300	ANT_1_01722
prokka_ANT_1/ANT_1:Gene	ampE	ANT_1_30:c111125-110271	ANT_1_01723
prokka_ANT_1/ANT_1:Gene	ampD	ANT_1_30:c111679-111122	ANT_1_01724
prokka_ANT_1/ANT_1:Gene	sigK	ANT_1_30:112622-113167	ANT_1_01726
prokka_ANT_1/ANT_1:Gene	ANT_1_01727	ANT_1_30:113164-113823	ANT_1_01727
prokka_ANT_1/ANT_1:Gene	ANT_1_01732	ANT_1_30:116766-117209	ANT_1_01732
prokka_ANT_1/ANT_1:Gene	gspE	ANT_1_30:117206-118606	ANT_1_01733
prokka_ANT_1/ANT_1:Gene	gspF	ANT_1_30:118599-119798	ANT_1_01734
prokka_ANT_1/ANT_1:Gene	pulD	ANT_1_30:125078-127012	ANT_1_01742
prokka_ANT_1/ANT_1:Gene	epsE	ANT_1_30:127012-128466	ANT_1_01743
prokka_ANT_1/ANT_1:Gene	pulG	ANT_1_30:129674-130126	ANT_1_01745
prokka_ANT_1/ANT_1:Gene	ANT_1_01746	ANT_1_30:130126-130611	ANT_1_01746
prokka_ANT_1/ANT_1:Gene	xcpV	ANT_1_30:130608-130970	ANT_1_01747
prokka_ANT_1/ANT_1:Gene	xcpW	ANT_1_30:130970-131530	ANT_1_01748
prokka_ANT_1/ANT_1:Gene	gspK_1	ANT_1_30:131530-132423	ANT_1_01749
prokka_ANT_1/ANT_1:Gene	ANT_1_01750	ANT_1_30:132429-133484	ANT_1_01750
prokka_ANT_1/ANT_1:Gene	ANT_1_01751	ANT_1_30:133481-133921	ANT_1_01751
prokka_ANT_1/ANT_1:Gene	ftsA	ANT_1_30:c144554-143298	ANT_1_01760
prokka_ANT_1/ANT_1:Gene	ftsQ	ANT_1_30:c145396-144551	ANT_1_01761
prokka_ANT_1/ANT_1:Gene	ddlB	ANT_1_30:c146318-145398	ANT_1_01762
prokka_ANT_1/ANT_1:Gene	murC	ANT_1_30:c147786-146311	ANT_1_01763
prokka_ANT_1/ANT_1:Gene	ftsW	ANT_1_30:c150136-148925	ANT_1_01765
prokka_ANT_1/ANT_1:Gene	murD	ANT_1_30:c151449-150133	ANT_1_01766
prokka_ANT_1/ANT_1:Gene	mraY	ANT_1_30:c152534-151452	ANT_1_01767
prokka_ANT_1/ANT_1:Gene	murF	ANT_1_30:c153889-152528	ANT_1_01768
prokka_ANT_1/ANT_1:Gene	murE	ANT_1_30:c155373-153886	ANT_1_01769
prokka_ANT_1/ANT_1:Gene	ftsI_1	ANT_1_30:c157126-155360	ANT_1_01770
prokka_ANT_1/ANT_1:Gene	ftsL	ANT_1_30:c157462-157142	ANT_1_01771
prokka_ANT_1/ANT_1:Gene	rsmH	ANT_1_30:c158400-157459	ANT_1_01772
prokka_ANT_1/ANT_1:Gene	thiB	ANT_1_30:171463-172449	ANT_1_01783
prokka_ANT_1/ANT_1:Gene	ANT_1_01784	ANT_1_30:172425-174035	ANT_1_01784
prokka_ANT_1/ANT_1:Gene	thiQ	ANT_1_30:174019-174735	ANT_1_01785
prokka_ANT_1/ANT_1:Gene	surA	ANT_1_30:185290-186585	ANT_1_01792
prokka_ANT_1/ANT_1:Gene	pdxA	ANT_1_30:186575-187567	ANT_1_01793
prokka_ANT_1/ANT_1:Gene	rsmA	ANT_1_30:187560-188381	ANT_1_01794
prokka_ANT_1/ANT_1:Gene	ispH	ANT_1_30:c198895-197942	ANT_1_01803
prokka_ANT_1/ANT_1:Gene	fkpB	ANT_1_30:c199346-198876	ANT_1_01804
prokka_ANT_1/ANT_1:Gene	lspA	ANT_1_30:c199859-199350	ANT_1_01805
prokka_ANT_1/ANT_1:Gene	ileS	ANT_1_30:c202672-199856	ANT_1_01806
prokka_ANT_1/ANT_1:Gene	atzF	ANT_1_30:227564-229363	ANT_1_01830
prokka_ANT_1/ANT_1:Gene	ANT_1_01831	ANT_1_30:229356-232973	ANT_1_01831
prokka_ANT_1/ANT_1:Gene	ANT_1_01834	ANT_1_30:235035-236594	ANT_1_01834
prokka_ANT_1/ANT_1:Gene	ANT_1_01835	ANT_1_30:236594-237670	ANT_1_01835
prokka_ANT_1/ANT_1:Gene	lptB_2	ANT_1_30:237663-238454	ANT_1_01836
prokka_ANT_1/ANT_1:Gene	yjjV	ANT_1_30:c260556-259780	ANT_1_01854
prokka_ANT_1/ANT_1:Gene	ANT_1_01855	ANT_1_30:c261608-260553	ANT_1_01855
prokka_ANT_1/ANT_1:Gene	rimI	ANT_1_30:c267498-267055	ANT_1_01862
prokka_ANT_1/ANT_1:Gene	holD	ANT_1_30:c267880-267461	ANT_1_01863
prokka_ANT_1/ANT_1:Gene	ANT_1_01874	ANT_1_30:c274889-274527	ANT_1_01874
prokka_ANT_1/ANT_1:Gene	ANT_1_01875	ANT_1_30:c275473-274886	ANT_1_01875
prokka_ANT_1/ANT_1:Gene	ANT_1_01876	ANT_1_30:c275783-275496	ANT_1_01876
prokka_ANT_1/ANT_1:Gene	cdiA_1	ANT_1_30:c283551-275773	ANT_1_01877
prokka_ANT_1/ANT_1:Gene	ANT_1_01892	ANT_1_31:c2949-2686	ANT_1_01892
prokka_ANT_1/ANT_1:Gene	ANT_1_01893	ANT_1_31:c3815-2946	ANT_1_01893
prokka_ANT_1/ANT_1:Gene	ANT_1_01903	ANT_1_32:10500-10787	ANT_1_01903
prokka_ANT_1/ANT_1:Gene	nfsA	ANT_1_32:10771-11493	ANT_1_01904
prokka_ANT_1/ANT_1:Gene	potH	ANT_1_32:16538-17500	ANT_1_01910
prokka_ANT_1/ANT_1:Gene	ydcV	ANT_1_32:17497-18342	ANT_1_01911
prokka_ANT_1/ANT_1:Gene	artM	ANT_1_32:c23272-22604	ANT_1_01916
prokka_ANT_1/ANT_1:Gene	artQ	ANT_1_32:c23988-23272	ANT_1_01917
prokka_ANT_1/ANT_1:Gene	ANT_1_01921	ANT_1_32:26310-26633	ANT_1_01921
prokka_ANT_1/ANT_1:Gene	amiD	ANT_1_32:26633-27475	ANT_1_01922
prokka_ANT_1/ANT_1:Gene	ANT_1_01935	ANT_1_32:c44944-43214	ANT_1_01935
prokka_ANT_1/ANT_1:Gene	cydD	ANT_1_32:c46710-44941	ANT_1_01936
prokka_ANT_1/ANT_1:Gene	msbA	ANT_1_32:71904-73652	ANT_1_01954
prokka_ANT_1/ANT_1:Gene	lpxK	ANT_1_32:73649-74653	ANT_1_01955
prokka_ANT_1/ANT_1:Gene	ANT_1_01957	ANT_1_32:76021-76203	ANT_1_01957
prokka_ANT_1/ANT_1:Gene	kdsB	ANT_1_32:76200-76946	ANT_1_01958
prokka_ANT_1/ANT_1:Gene	cmoM	ANT_1_32:78952-79737	ANT_1_01961
prokka_ANT_1/ANT_1:Gene	mukF	ANT_1_32:79734-81056	ANT_1_01962
prokka_ANT_1/ANT_1:Gene	mukE	ANT_1_32:81037-81762	ANT_1_01963
prokka_ANT_1/ANT_1:Gene	ssuB_2	ANT_1_32:c98973-98185	ANT_1_01973
prokka_ANT_1/ANT_1:Gene	ssuC_2	ANT_1_32:c99761-98970	ANT_1_01974
prokka_ANT_1/ANT_1:Gene	pqiA	ANT_1_32:109785-111059	ANT_1_01983
prokka_ANT_1/ANT_1:Gene	pqiB	ANT_1_32:111046-112686	ANT_1_01984
prokka_ANT_1/ANT_1:Gene	pqiC	ANT_1_32:112686-113246	ANT_1_01985
prokka_ANT_1/ANT_1:Gene	rutE	ANT_1_32:c139424-138834	ANT_1_02013
prokka_ANT_1/ANT_1:Gene	rutD	ANT_1_32:c140233-139409	ANT_1_02014
prokka_ANT_1/ANT_1:Gene	rutB_1	ANT_1_32:c141403-140657	ANT_1_02016
prokka_ANT_1/ANT_1:Gene	rutA	ANT_1_32:c142494-141403	ANT_1_02017
prokka_ANT_1/ANT_1:Gene	uvrY	ANT_1_32:150047-150706	ANT_1_02026
prokka_ANT_1/ANT_1:Gene	uvrC	ANT_1_32:150699-152531	ANT_1_02027
prokka_ANT_1/ANT_1:Gene	ANT_1_02033	ANT_1_33:548-1525	ANT_1_02033
prokka_ANT_1/ANT_1:Gene	ANT_1_02034	ANT_1_33:1500-2024	ANT_1_02034
prokka_ANT_1/ANT_1:Gene	ANT_1_02038	ANT_1_33:4323-4517	ANT_1_02038
prokka_ANT_1/ANT_1:Gene	ANT_1_02039	ANT_1_33:4492-7977	ANT_1_02039
prokka_ANT_1/ANT_1:Gene	ANT_1_02040	ANT_1_33:7964-8299	ANT_1_02040
prokka_ANT_1/ANT_1:Gene	ANT_1_02042	ANT_1_33:8704-10458	ANT_1_02042
prokka_ANT_1/ANT_1:Gene	ANT_1_02043	ANT_1_33:10422-11507	ANT_1_02043
prokka_ANT_1/ANT_1:Gene	ANT_1_02044	ANT_1_33:11485-12030	ANT_1_02044
prokka_ANT_1/ANT_1:Gene	ANT_1_02045	ANT_1_33:12030-12485	ANT_1_02045
prokka_ANT_1/ANT_1:Gene	metN_3	ANT_1_33:14774-15787	ANT_1_02048
prokka_ANT_1/ANT_1:Gene	metI_3	ANT_1_33:15780-16448	ANT_1_02049
prokka_ANT_1/ANT_1:Gene	ANT_1_02055	ANT_1_33:22203-22601	ANT_1_02055
prokka_ANT_1/ANT_1:Gene	ANT_1_02056	ANT_1_33:22598-23323	ANT_1_02056
prokka_ANT_1/ANT_1:Gene	ANT_1_02061	ANT_1_33:29045-29320	ANT_1_02061
prokka_ANT_1/ANT_1:Gene	ANT_1_02062	ANT_1_33:29317-29679	ANT_1_02062
prokka_ANT_1/ANT_1:Gene	yggX	ANT_1_33:c31135-30863	ANT_1_02064
prokka_ANT_1/ANT_1:Gene	mutY	ANT_1_33:c32220-31135	ANT_1_02065
prokka_ANT_1/ANT_1:Gene	trmB	ANT_1_33:32468-33187	ANT_1_02066
prokka_ANT_1/ANT_1:Gene	ANT_1_02067	ANT_1_33:33187-33513	ANT_1_02067
prokka_ANT_1/ANT_1:Gene	ANT_1_02068	ANT_1_34:520-675	ANT_1_02068
prokka_ANT_1/ANT_1:Gene	ANT_1_02069	ANT_1_34:620-1171	ANT_1_02069
prokka_ANT_1/ANT_1:Gene	rnpA	ANT_1_34:19210-19536	ANT_1_02085
prokka_ANT_1/ANT_1:Gene	yidD	ANT_1_34:19500-19742	ANT_1_02086
prokka_ANT_1/ANT_1:Gene	pstA	ANT_1_34:c29991-29104	ANT_1_02096
prokka_ANT_1/ANT_1:Gene	pstC	ANT_1_34:c30950-29988	ANT_1_02097
prokka_ANT_1/ANT_1:Gene	hsrA_1	ANT_1_34:34732-36114	ANT_1_02101
prokka_ANT_1/ANT_1:Gene	ANT_1_02102	ANT_1_34:36111-36488	ANT_1_02102
prokka_ANT_1/ANT_1:Gene	viaA	ANT_1_34:c55809-54349	ANT_1_02119
prokka_ANT_1/ANT_1:Gene	ravA	ANT_1_34:c57305-55806	ANT_1_02120
prokka_ANT_1/ANT_1:Gene	qseC	ANT_1_34:c60838-59498	ANT_1_02122
prokka_ANT_1/ANT_1:Gene	qseB	ANT_1_34:c61500-60838	ANT_1_02123
prokka_ANT_1/ANT_1:Gene	rbsA_2	ANT_1_34:68506-70017	ANT_1_02131
prokka_ANT_1/ANT_1:Gene	rbsC_2	ANT_1_34:70014-70982	ANT_1_02132
prokka_ANT_1/ANT_1:Gene	abgB	ANT_1_36:c8459-7011	ANT_1_02145
prokka_ANT_1/ANT_1:Gene	iaaH	ANT_1_36:c9775-8459	ANT_1_02146
prokka_ANT_1/ANT_1:Gene	ANT_1_02154	ANT_1_37:c4863-4261	ANT_1_02154
prokka_ANT_1/ANT_1:Gene	ANT_1_02155	ANT_1_37:c6560-4860	ANT_1_02155
prokka_ANT_1/ANT_1:Gene	ANT_1_02160	ANT_1_37:11770-12426	ANT_1_02160
prokka_ANT_1/ANT_1:Gene	yfcQ_3	ANT_1_37:12419-12925	ANT_1_02161
prokka_ANT_1/ANT_1:Gene	ANT_1_02162	ANT_1_37:12922-13437	ANT_1_02162
prokka_ANT_1/ANT_1:Gene	yfcQ_4	ANT_1_37:13945-14415	ANT_1_02164
prokka_ANT_1/ANT_1:Gene	yfcP_2	ANT_1_37:14412-14972	ANT_1_02165
prokka_ANT_1/ANT_1:Gene	ANT_1_02167	ANT_1_37:15841-16629	ANT_1_02167
prokka_ANT_1/ANT_1:Gene	ANT_1_02168	ANT_1_37:16622-17077	ANT_1_02168
prokka_ANT_1/ANT_1:Gene	ANT_1_02192	ANT_1_37:44405-45022	ANT_1_02192
prokka_ANT_1/ANT_1:Gene	rob_3	ANT_1_37:45019-45885	ANT_1_02193
prokka_ANT_1/ANT_1:Gene	ANT_1_02200	ANT_1_37:50790-50879	ANT_1_02200
prokka_ANT_1/ANT_1:Gene	kdpA	ANT_1_37:50879-52564	ANT_1_02201
prokka_ANT_1/ANT_1:Gene	entS_2	ANT_1_38:c4286-2706	ANT_1_02223
prokka_ANT_1/ANT_1:Gene	ANT_1_02224	ANT_1_38:c4396-4283	ANT_1_02224
prokka_ANT_1/ANT_1:Gene	mtlD	ANT_1_41:10992-12140	ANT_1_02242
prokka_ANT_1/ANT_1:Gene	mtlR	ANT_1_41:12140-12766	ANT_1_02243
prokka_ANT_1/ANT_1:Gene	ANT_1_02246	ANT_1_41:14362-14757	ANT_1_02246
prokka_ANT_1/ANT_1:Gene	ANT_1_02247	ANT_1_41:14754-16790	ANT_1_02247
prokka_ANT_1/ANT_1:Gene	ANT_1_02249	ANT_1_41:17538-18326	ANT_1_02249
prokka_ANT_1/ANT_1:Gene	ANT_1_02250	ANT_1_41:18323-18805	ANT_1_02250
prokka_ANT_1/ANT_1:Gene	rbsC_3	ANT_1_41:c20968-19964	ANT_1_02252
prokka_ANT_1/ANT_1:Gene	mglA_1	ANT_1_41:c22470-20965	ANT_1_02253
prokka_ANT_1/ANT_1:Gene	fdoH	ANT_1_41:30019-30909	ANT_1_02260
prokka_ANT_1/ANT_1:Gene	fdoI	ANT_1_41:30906-31556	ANT_1_02261
prokka_ANT_1/ANT_1:Gene	fdhE	ANT_1_41:31556-32476	ANT_1_02262
prokka_ANT_1/ANT_1:Gene	selA	ANT_1_41:33100-34479	ANT_1_02264
prokka_ANT_1/ANT_1:Gene	selB	ANT_1_41:34476-36314	ANT_1_02265
prokka_ANT_1/ANT_1:Gene	galM	ANT_1_43:c45198-44167	ANT_1_02319
prokka_ANT_1/ANT_1:Gene	galK	ANT_1_43:c46340-45192	ANT_1_02320
prokka_ANT_1/ANT_1:Gene	modA	ANT_1_43:50483-51256	ANT_1_02325
prokka_ANT_1/ANT_1:Gene	modB	ANT_1_43:51253-51942	ANT_1_02326
prokka_ANT_1/ANT_1:Gene	btuD_6	ANT_1_43:51942-53000	ANT_1_02327
prokka_ANT_1/ANT_1:Gene	hchA	ANT_1_43:c56379-55699	ANT_1_02331
prokka_ANT_1/ANT_1:Gene	curA	ANT_1_43:c57422-56376	ANT_1_02332
prokka_ANT_1/ANT_1:Gene	bioB	ANT_1_43:58890-59921	ANT_1_02334
prokka_ANT_1/ANT_1:Gene	bioF_2	ANT_1_43:59921-61072	ANT_1_02335
prokka_ANT_1/ANT_1:Gene	bioC	ANT_1_43:61056-61814	ANT_1_02336
prokka_ANT_1/ANT_1:Gene	bioD1_2	ANT_1_43:61807-62475	ANT_1_02337
prokka_ANT_1/ANT_1:Gene	moaC	ANT_1_43:69068-69511	ANT_1_02343
prokka_ANT_1/ANT_1:Gene	moaD	ANT_1_43:69504-69749	ANT_1_02344
prokka_ANT_1/ANT_1:Gene	ybhN	ANT_1_43:c75453-74503	ANT_1_02349
prokka_ANT_1/ANT_1:Gene	clsB	ANT_1_43:c76697-75453	ANT_1_02350
prokka_ANT_1/ANT_1:Gene	ANT_1_02351	ANT_1_43:c77455-76694	ANT_1_02351
prokka_ANT_1/ANT_1:Gene	ANT_1_02362	ANT_1_43:c90943-90128	ANT_1_02362
prokka_ANT_1/ANT_1:Gene	btuD_7	ANT_1_43:c92709-90940	ANT_1_02363
prokka_ANT_1/ANT_1:Gene	gsiC_4	ANT_1_43:c93653-92706	ANT_1_02364
prokka_ANT_1/ANT_1:Gene	ANT_1_02379	ANT_1_43:c110344-109835	ANT_1_02379
prokka_ANT_1/ANT_1:Gene	ANT_1_02380	ANT_1_43:c110823-110341	ANT_1_02380
prokka_ANT_1/ANT_1:Gene	ufaA1	ANT_1_43:c112049-110820	ANT_1_02381
prokka_ANT_1/ANT_1:Gene	ANT_1_02382	ANT_1_43:c112769-112053	ANT_1_02382
prokka_ANT_1/ANT_1:Gene	ANT_1_02383	ANT_1_43:c114031-112766	ANT_1_02383
prokka_ANT_1/ANT_1:Gene	ANT_1_02384	ANT_1_43:c114751-114035	ANT_1_02384
prokka_ANT_1/ANT_1:Gene	ANT_1_02385	ANT_1_43:c115179-114748	ANT_1_02385
prokka_ANT_1/ANT_1:Gene	sutR_1	ANT_1_43:116072-116635	ANT_1_02387
prokka_ANT_1/ANT_1:Gene	ttr	ANT_1_43:116632-117162	ANT_1_02388
prokka_ANT_1/ANT_1:Gene	ves	ANT_1_43:c126703-126128	ANT_1_02395
prokka_ANT_1/ANT_1:Gene	ANT_1_02396	ANT_1_43:c128055-126700	ANT_1_02396
prokka_ANT_1/ANT_1:Gene	hutI	ANT_1_43:128137-129354	ANT_1_02397
prokka_ANT_1/ANT_1:Gene	ANT_1_02398	ANT_1_43:129351-130139	ANT_1_02398
prokka_ANT_1/ANT_1:Gene	fixJ	ANT_1_44:c31803-31150	ANT_1_02429
prokka_ANT_1/ANT_1:Gene	sasA_3	ANT_1_44:c33143-31800	ANT_1_02430
prokka_ANT_1/ANT_1:Gene	rdgB	ANT_1_44:40070-40663	ANT_1_02440
prokka_ANT_1/ANT_1:Gene	hemW	ANT_1_44:40656-41792	ANT_1_02441
prokka_ANT_1/ANT_1:Gene	ANT_1_02447	ANT_1_45:4385-5395	ANT_1_02447
prokka_ANT_1/ANT_1:Gene	ANT_1_02448	ANT_1_45:5392-5715	ANT_1_02448
prokka_ANT_1/ANT_1:Gene	yheI	ANT_1_46:11363-13135	ANT_1_02461
prokka_ANT_1/ANT_1:Gene	mdlB	ANT_1_46:13128-14891	ANT_1_02462
prokka_ANT_1/ANT_1:Gene	btuD_8	ANT_1_46:20566-21396	ANT_1_02471
prokka_ANT_1/ANT_1:Gene	mntB_4	ANT_1_46:21393-22262	ANT_1_02472
prokka_ANT_1/ANT_1:Gene	mntA	ANT_1_46:22259-23137	ANT_1_02473
prokka_ANT_1/ANT_1:Gene	ybaB	ANT_1_46:35454-35783	ANT_1_02487
prokka_ANT_1/ANT_1:Gene	recR	ANT_1_46:35783-36388	ANT_1_02488
prokka_ANT_1/ANT_1:Gene	ybbJ	ANT_1_46:c56339-55884	ANT_1_02506
prokka_ANT_1/ANT_1:Gene	qmcA	ANT_1_46:c57250-56336	ANT_1_02507
prokka_ANT_1/ANT_1:Gene	ANT_1_02509	ANT_1_46:c58670-58425	ANT_1_02509
prokka_ANT_1/ANT_1:Gene	ANT_1_02510	ANT_1_46:c58936-58667	ANT_1_02510
prokka_ANT_1/ANT_1:Gene	lolD_1	ANT_1_46:62486-63172	ANT_1_02515
prokka_ANT_1/ANT_1:Gene	ANT_1_02516	ANT_1_46:63169-65586	ANT_1_02516
prokka_ANT_1/ANT_1:Gene	purK	ANT_1_46:c67972-66905	ANT_1_02519
prokka_ANT_1/ANT_1:Gene	purE	ANT_1_46:c68478-67969	ANT_1_02520
prokka_ANT_1/ANT_1:Gene	lpxH	ANT_1_46:c69343-68627	ANT_1_02521
prokka_ANT_1/ANT_1:Gene	ppiB	ANT_1_46:c69837-69343	ANT_1_02522
prokka_ANT_1/ANT_1:Gene	ybcJ	ANT_1_46:c71824-71612	ANT_1_02524
prokka_ANT_1/ANT_1:Gene	folD	ANT_1_46:c72690-71824	ANT_1_02525
prokka_ANT_1/ANT_1:Gene	thiC	ANT_1_47:10010-11959	ANT_1_02538
prokka_ANT_1/ANT_1:Gene	thiE	ANT_1_47:11956-12600	ANT_1_02539
prokka_ANT_1/ANT_1:Gene	flgJ	ANT_1_48:c1135-194	ANT_1_02554
prokka_ANT_1/ANT_1:Gene	flgI	ANT_1_48:c2241-1135	ANT_1_02555
prokka_ANT_1/ANT_1:Gene	cysI	ANT_1_49:c2469-754	ANT_1_02560
prokka_ANT_1/ANT_1:Gene	cysJ_1	ANT_1_49:c4271-2469	ANT_1_02561
prokka_ANT_1/ANT_1:Gene	tcyB	ANT_1_49:5112-5810	ANT_1_02563
prokka_ANT_1/ANT_1:Gene	tcyC	ANT_1_49:5788-6555	ANT_1_02564
prokka_ANT_1/ANT_1:Gene	ANT_1_02597	ANT_1_51:23731-24831	ANT_1_02597
prokka_ANT_1/ANT_1:Gene	ANT_1_02598	ANT_1_51:24828-25928	ANT_1_02598
prokka_ANT_1/ANT_1:Gene	ttuB_2	ANT_1_51:28519-29814	ANT_1_02602
prokka_ANT_1/ANT_1:Gene	lyx	ANT_1_51:29811-31292	ANT_1_02603
prokka_ANT_1/ANT_1:Gene	sgbH	ANT_1_51:31289-31951	ANT_1_02604
prokka_ANT_1/ANT_1:Gene	ulaE	ANT_1_51:31954-32811	ANT_1_02605
prokka_ANT_1/ANT_1:Gene	sgbE	ANT_1_51:32808-33506	ANT_1_02606
prokka_ANT_1/ANT_1:Gene	tsaC_3	ANT_1_53:4074-4673	ANT_1_02612
prokka_ANT_1/ANT_1:Gene	ANT_1_02613	ANT_1_53:4673-5899	ANT_1_02613
prokka_ANT_1/ANT_1:Gene	leuC_2	ANT_1_53:7508-8806	ANT_1_02615
prokka_ANT_1/ANT_1:Gene	DmdB	ANT_1_53:8803-9354	ANT_1_02616
prokka_ANT_1/ANT_1:Gene	ANT_1_02620	ANT_1_54:106-2241	ANT_1_02620
prokka_ANT_1/ANT_1:Gene	ANT_1_02621	ANT_1_54:2231-2854	ANT_1_02621
prokka_ANT_1/ANT_1:Gene	ANT_1_02623	ANT_1_54:3882-5894	ANT_1_02623
prokka_ANT_1/ANT_1:Gene	ANT_1_02624	ANT_1_54:5887-6654	ANT_1_02624
prokka_ANT_1/ANT_1:Gene	ANT_1_02627	ANT_1_54:8218-9363	ANT_1_02627
prokka_ANT_1/ANT_1:Gene	ANT_1_02628	ANT_1_54:9317-12739	ANT_1_02628
prokka_ANT_1/ANT_1:Gene	ANT_1_02630	ANT_1_54:14394-15026	ANT_1_02630
prokka_ANT_1/ANT_1:Gene	ANT_1_02631	ANT_1_54:15023-15250	ANT_1_02631
prokka_ANT_1/ANT_1:Gene	ANT_1_02633	ANT_1_56:1-168	ANT_1_02633
prokka_ANT_1/ANT_1:Gene	ANT_1_02634	ANT_1_56:165-791	ANT_1_02634
prokka_ANT_1/ANT_1:Gene	nfdA	ANT_1_56:784-2652	ANT_1_02635
prokka_ANT_1/ANT_1:Gene	dauR_2	ANT_1_57:9413-10126	ANT_1_02654
prokka_ANT_1/ANT_1:Gene	psdht	ANT_1_57:10123-11046	ANT_1_02655
prokka_ANT_1/ANT_1:Gene	mtnD	ANT_1_57:c35920-35378	ANT_1_02676
prokka_ANT_1/ANT_1:Gene	mtnC	ANT_1_57:c36606-35917	ANT_1_02677
prokka_ANT_1/ANT_1:Gene	mtnB	ANT_1_57:c37217-36603	ANT_1_02678
prokka_ANT_1/ANT_1:Gene	ybdL_2	ANT_1_57:37357-38517	ANT_1_02679
prokka_ANT_1/ANT_1:Gene	yafV	ANT_1_57:38505-39275	ANT_1_02680
prokka_ANT_1/ANT_1:Gene	hiuH_2	ANT_1_57:c39629-39297	ANT_1_02681
prokka_ANT_1/ANT_1:Gene	uao	ANT_1_57:c40120-39626	ANT_1_02682
prokka_ANT_1/ANT_1:Gene	amaB	ANT_1_57:c41376-40120	ANT_1_02683
prokka_ANT_1/ANT_1:Gene	pucG	ANT_1_57:c42611-41373	ANT_1_02684
prokka_ANT_1/ANT_1:Gene	glnQ_5	ANT_1_57:c43381-42644	ANT_1_02685
prokka_ANT_1/ANT_1:Gene	yecS	ANT_1_57:c44018-43362	ANT_1_02686
prokka_ANT_1/ANT_1:Gene	glnM	ANT_1_57:c44683-44018	ANT_1_02687
prokka_ANT_1/ANT_1:Gene	ANT_1_02691	ANT_1_57:48408-48596	ANT_1_02691
prokka_ANT_1/ANT_1:Gene	atzE	ANT_1_57:48593-49996	ANT_1_02692
prokka_ANT_1/ANT_1:Gene	ANT_1_02693	ANT_1_57:49993-50376	ANT_1_02693
prokka_ANT_1/ANT_1:Gene	traN	ANT_1_59:c1878-31	ANT_1_02713
prokka_ANT_1/ANT_1:Gene	ANT_1_02714	ANT_1_59:c2489-1875	ANT_1_02714
prokka_ANT_1/ANT_1:Gene	ANT_1_02715	ANT_1_59:c3492-2500	ANT_1_02715
prokka_ANT_1/ANT_1:Gene	ANT_1_02716	ANT_1_59:c3833-3489	ANT_1_02716
prokka_ANT_1/ANT_1:Gene	ANT_1_02718	ANT_1_59:c5032-4406	ANT_1_02718
prokka_ANT_1/ANT_1:Gene	ANT_1_02719	ANT_1_59:c5649-5029	ANT_1_02719
prokka_ANT_1/ANT_1:Gene	ANT_1_02720	ANT_1_59:c6134-5646	ANT_1_02720
prokka_ANT_1/ANT_1:Gene	traC_1	ANT_1_59:c8800-6131	ANT_1_02721
prokka_ANT_1/ANT_1:Gene	ANT_1_02723	ANT_1_59:c9966-9589	ANT_1_02723
prokka_ANT_1/ANT_1:Gene	rfaH_1	ANT_1_59:c10487-9963	ANT_1_02724
prokka_ANT_1/ANT_1:Gene	ANT_1_02725	ANT_1_59:c11901-10498	ANT_1_02725
prokka_ANT_1/ANT_1:Gene	ANT_1_02726	ANT_1_59:c12629-11898	ANT_1_02726
prokka_ANT_1/ANT_1:Gene	ANT_1_02767	ANT_1_60:c35115-33022	ANT_1_02767
prokka_ANT_1/ANT_1:Gene	ANT_1_02768	ANT_1_60:c35870-35115	ANT_1_02768
prokka_ANT_1/ANT_1:Gene	gfcB	ANT_1_60:c36562-35867	ANT_1_02769
prokka_ANT_1/ANT_1:Gene	ANT_1_02782	ANT_1_60:c53100-52252	ANT_1_02782
prokka_ANT_1/ANT_1:Gene	ANT_1_02783	ANT_1_60:c53906-53097	ANT_1_02783
prokka_ANT_1/ANT_1:Gene	ANT_1_02797	ANT_1_61:3135-3413	ANT_1_02797
prokka_ANT_1/ANT_1:Gene	ANT_1_02798	ANT_1_61:3413-3736	ANT_1_02798
prokka_ANT_1/ANT_1:Gene	recB	ANT_1_62:c5350-1814	ANT_1_02800
prokka_ANT_1/ANT_1:Gene	ptrA	ANT_1_62:c8232-5347	ANT_1_02801
prokka_ANT_1/ANT_1:Gene	ANT_1_02803	ANT_1_62:c12133-11816	ANT_1_02803
prokka_ANT_1/ANT_1:Gene	ANT_1_02804	ANT_1_62:c12536-12123	ANT_1_02804
prokka_ANT_1/ANT_1:Gene	ANT_1_02805	ANT_1_62:c13081-12536	ANT_1_02805
prokka_ANT_1/ANT_1:Gene	ANT_1_02806	ANT_1_62:c13539-13078	ANT_1_02806
prokka_ANT_1/ANT_1:Gene	thyA	ANT_1_62:c14529-13735	ANT_1_02807
prokka_ANT_1/ANT_1:Gene	lgt	ANT_1_62:c15404-14526	ANT_1_02808
prokka_ANT_1/ANT_1:Gene	lplT	ANT_1_62:c24353-23148	ANT_1_02816
prokka_ANT_1/ANT_1:Gene	aas	ANT_1_62:c26506-24350	ANT_1_02817
prokka_ANT_1/ANT_1:Gene	oprM_2	ANT_1_62:c28087-26681	ANT_1_02818
prokka_ANT_1/ANT_1:Gene	mexB_1	ANT_1_62:c31205-28077	ANT_1_02819
prokka_ANT_1/ANT_1:Gene	ANT_1_02822	ANT_1_62:c35207-35001	ANT_1_02822
prokka_ANT_1/ANT_1:Gene	dorA	ANT_1_62:c37474-35207	ANT_1_02823
prokka_ANT_1/ANT_1:Gene	ANT_1_02825	ANT_1_62:c39189-38728	ANT_1_02825
prokka_ANT_1/ANT_1:Gene	lutR_2	ANT_1_62:c39959-39186	ANT_1_02826
prokka_ANT_1/ANT_1:Gene	rhtB_2	ANT_1_62:51069-51692	ANT_1_02837
prokka_ANT_1/ANT_1:Gene	ANT_1_02838	ANT_1_62:51689-51811	ANT_1_02838
prokka_ANT_1/ANT_1:Gene	creC	ANT_1_62:c58830-57412	ANT_1_02844
prokka_ANT_1/ANT_1:Gene	creB	ANT_1_62:c59525-58830	ANT_1_02845
prokka_ANT_1/ANT_1:Gene	ygfX	ANT_1_62:c59883-59518	ANT_1_02846
prokka_ANT_1/ANT_1:Gene	ANT_1_02872	ANT_1_63:c24549-24025	ANT_1_02872
prokka_ANT_1/ANT_1:Gene	ANT_1_02873	ANT_1_63:c24905-24546	ANT_1_02873
prokka_ANT_1/ANT_1:Gene	ANT_1_02886	ANT_1_64:c12810-11467	ANT_1_02886
prokka_ANT_1/ANT_1:Gene	ANT_1_02887	ANT_1_64:c12980-12783	ANT_1_02887
prokka_ANT_1/ANT_1:Gene	lpoA	ANT_1_64:17213-19234	ANT_1_02892
prokka_ANT_1/ANT_1:Gene	ANT_1_02893	ANT_1_64:19192-19584	ANT_1_02893
prokka_ANT_1/ANT_1:Gene	phnJ	ANT_1_65:c1423-581	ANT_1_02898
prokka_ANT_1/ANT_1:Gene	phnI	ANT_1_65:c2492-1416	ANT_1_02899
prokka_ANT_1/ANT_1:Gene	phnH	ANT_1_65:c3067-2492	ANT_1_02900
prokka_ANT_1/ANT_1:Gene	phnG	ANT_1_65:c3504-3064	ANT_1_02901
prokka_ANT_1/ANT_1:Gene	apc4	ANT_1_65:c9402-7423	ANT_1_02906
prokka_ANT_1/ANT_1:Gene	apc3	ANT_1_65:c11452-9392	ANT_1_02907
prokka_ANT_1/ANT_1:Gene	ANT_1_02908	ANT_1_65:c11919-11449	ANT_1_02908
prokka_ANT_1/ANT_1:Gene	ghrA_1	ANT_1_65:c16268-15342	ANT_1_02912
prokka_ANT_1/ANT_1:Gene	ANT_1_02913	ANT_1_65:c17116-16268	ANT_1_02913
prokka_ANT_1/ANT_1:Gene	gsiA_2	ANT_1_65:c20355-18691	ANT_1_02915
prokka_ANT_1/ANT_1:Gene	gsiD_3	ANT_1_65:c21206-20352	ANT_1_02916
prokka_ANT_1/ANT_1:Gene	gsiC_5	ANT_1_65:c22159-21206	ANT_1_02917
prokka_ANT_1/ANT_1:Gene	sasA_4	ANT_1_65:c40129-38741	ANT_1_02932
prokka_ANT_1/ANT_1:Gene	basR_1	ANT_1_65:c40806-40129	ANT_1_02933
prokka_ANT_1/ANT_1:Gene	rpiR_1	ANT_1_65:c50246-49389	ANT_1_02941
prokka_ANT_1/ANT_1:Gene	rbsC_5	ANT_1_65:c51217-50246	ANT_1_02942
prokka_ANT_1/ANT_1:Gene	rbsA_4	ANT_1_65:57666-59150	ANT_1_02948
prokka_ANT_1/ANT_1:Gene	rbsC_6	ANT_1_65:59143-60144	ANT_1_02949
prokka_ANT_1/ANT_1:Gene	lsrD_1	ANT_1_65:60141-61190	ANT_1_02950
prokka_ANT_1/ANT_1:Gene	ANT_1_02952	ANT_1_65:c62790-62221	ANT_1_02952
prokka_ANT_1/ANT_1:Gene	yqjH	ANT_1_65:c63538-62747	ANT_1_02953
prokka_ANT_1/ANT_1:Gene	plaP	ANT_1_65:c74270-72906	ANT_1_02962
prokka_ANT_1/ANT_1:Gene	ANT_1_02963	ANT_1_65:c74457-74260	ANT_1_02963
prokka_ANT_1/ANT_1:Gene	puuD	ANT_1_65:76375-77139	ANT_1_02965
prokka_ANT_1/ANT_1:Gene	puuR	ANT_1_65:77132-77689	ANT_1_02966
prokka_ANT_1/ANT_1:Gene	hisD	ANT_1_65:81221-82528	ANT_1_02970
prokka_ANT_1/ANT_1:Gene	hisC	ANT_1_65:82525-83616	ANT_1_02971
prokka_ANT_1/ANT_1:Gene	hisB	ANT_1_65:83613-84677	ANT_1_02972
prokka_ANT_1/ANT_1:Gene	hisH	ANT_1_65:84677-85267	ANT_1_02973
prokka_ANT_1/ANT_1:Gene	hisA	ANT_1_65:85273-86010	ANT_1_02974
prokka_ANT_1/ANT_1:Gene	hisF	ANT_1_65:85992-86768	ANT_1_02975
prokka_ANT_1/ANT_1:Gene	hisI	ANT_1_65:86762-87373	ANT_1_02976
prokka_ANT_1/ANT_1:Gene	znuC	ANT_1_67:20981-21739	ANT_1_03009
prokka_ANT_1/ANT_1:Gene	znuB	ANT_1_67:21732-22517	ANT_1_03010
prokka_ANT_1/ANT_1:Gene	nudB	ANT_1_67:c26231-25797	ANT_1_03015
prokka_ANT_1/ANT_1:Gene	aspS	ANT_1_67:c28018-26231	ANT_1_03016
prokka_ANT_1/ANT_1:Gene	cmoA	ANT_1_67:30389-31129	ANT_1_03020
prokka_ANT_1/ANT_1:Gene	cmoB	ANT_1_67:31129-32094	ANT_1_03021
prokka_ANT_1/ANT_1:Gene	flhE	ANT_1_67:c38594-38202	ANT_1_03028
prokka_ANT_1/ANT_1:Gene	flhA_1	ANT_1_67:c40681-38594	ANT_1_03029
prokka_ANT_1/ANT_1:Gene	flhB	ANT_1_67:c41825-40674	ANT_1_03030
prokka_ANT_1/ANT_1:Gene	cheB	ANT_1_67:c44208-43159	ANT_1_03033
prokka_ANT_1/ANT_1:Gene	cheR	ANT_1_67:c45080-44208	ANT_1_03034
prokka_ANT_1/ANT_1:Gene	motB	ANT_1_67:c55844-54813	ANT_1_03041
prokka_ANT_1/ANT_1:Gene	motA	ANT_1_67:c56725-55841	ANT_1_03042
prokka_ANT_1/ANT_1:Gene	flhC	ANT_1_67:c57435-56857	ANT_1_03043
prokka_ANT_1/ANT_1:Gene	flhD	ANT_1_67:c57788-57435	ANT_1_03044
prokka_ANT_1/ANT_1:Gene	otsA	ANT_1_67:c60184-58754	ANT_1_03046
prokka_ANT_1/ANT_1:Gene	otsB	ANT_1_67:c60968-60159	ANT_1_03047
prokka_ANT_1/ANT_1:Gene	ANT_1_03073	ANT_1_68:c955-581	ANT_1_03073
prokka_ANT_1/ANT_1:Gene	ANT_1_03074	ANT_1_68:c1353-955	ANT_1_03074
prokka_ANT_1/ANT_1:Gene	acsC	ANT_1_69:c5463-1405	ANT_1_03087
prokka_ANT_1/ANT_1:Gene	bcsB	ANT_1_69:c8012-5460	ANT_1_03088
prokka_ANT_1/ANT_1:Gene	acsAB	ANT_1_69:c10108-8009	ANT_1_03089
prokka_ANT_1/ANT_1:Gene	bcsQ	ANT_1_69:c10986-10189	ANT_1_03090
prokka_ANT_1/ANT_1:Gene	ANT_1_03091	ANT_1_69:c11639-10977	ANT_1_03091
prokka_ANT_1/ANT_1:Gene	oppF	ANT_1_69:c13436-12435	ANT_1_03092
prokka_ANT_1/ANT_1:Gene	dppD_1	ANT_1_69:c14412-13426	ANT_1_03093
prokka_ANT_1/ANT_1:Gene	ugpA_2	ANT_1_69:30111-31022	ANT_1_03106
prokka_ANT_1/ANT_1:Gene	araQ_2	ANT_1_69:31019-31858	ANT_1_03107
prokka_ANT_1/ANT_1:Gene	uxaB	ANT_1_70:5374-6849	ANT_1_03124
prokka_ANT_1/ANT_1:Gene	uxaA	ANT_1_70:6833-8323	ANT_1_03125
prokka_ANT_1/ANT_1:Gene	ANT_1_03144	ANT_1_71:c7370-6798	ANT_1_03144
prokka_ANT_1/ANT_1:Gene	ANT_1_03145	ANT_1_71:c9237-7363	ANT_1_03145
prokka_ANT_1/ANT_1:Gene	ANT_1_03146	ANT_1_71:c10861-9206	ANT_1_03146
prokka_ANT_1/ANT_1:Gene	ANT_1_03147	ANT_1_71:c11294-10815	ANT_1_03147
prokka_ANT_1/ANT_1:Gene	treZ	ANT_1_71:11456-13243	ANT_1_03148
prokka_ANT_1/ANT_1:Gene	treY	ANT_1_71:13240-15750	ANT_1_03149
prokka_ANT_1/ANT_1:Gene	ousW	ANT_1_72:c15445-14270	ANT_1_03168
prokka_ANT_1/ANT_1:Gene	proV	ANT_1_72:c16638-15442	ANT_1_03169
prokka_ANT_1/ANT_1:Gene	nrdE	ANT_1_72:c20256-18106	ANT_1_03171
prokka_ANT_1/ANT_1:Gene	nrdI	ANT_1_72:c20639-20229	ANT_1_03172
prokka_ANT_1/ANT_1:Gene	ANT_1_03180	ANT_1_72:c27172-26030	ANT_1_03180
prokka_ANT_1/ANT_1:Gene	ANT_1_03181	ANT_1_72:c28305-27172	ANT_1_03181
prokka_ANT_1/ANT_1:Gene	yejE	ANT_1_76:c11364-10339	ANT_1_03211
prokka_ANT_1/ANT_1:Gene	yejB	ANT_1_76:c12455-11361	ANT_1_03212
prokka_ANT_1/ANT_1:Gene	fruB	ANT_1_76:22226-23359	ANT_1_03222
prokka_ANT_1/ANT_1:Gene	lacC	ANT_1_76:23356-24297	ANT_1_03223
prokka_ANT_1/ANT_1:Gene	hmuU_3	ANT_1_76:30919-32001	ANT_1_03229
prokka_ANT_1/ANT_1:Gene	fepC_2	ANT_1_76:32001-32786	ANT_1_03230
prokka_ANT_1/ANT_1:Gene	yohK_2	ANT_1_76:c48665-47973	ANT_1_03244
prokka_ANT_1/ANT_1:Gene	ANT_1_03245	ANT_1_76:c49053-48658	ANT_1_03245
prokka_ANT_1/ANT_1:Gene	ANT_1_03253	ANT_1_76:c56523-56200	ANT_1_03253
prokka_ANT_1/ANT_1:Gene	ANT_1_03254	ANT_1_76:c57188-56520	ANT_1_03254
prokka_ANT_1/ANT_1:Gene	thiM	ANT_1_76:63154-63945	ANT_1_03265
prokka_ANT_1/ANT_1:Gene	thiD	ANT_1_76:63942-64742	ANT_1_03266
prokka_ANT_1/ANT_1:Gene	baeS	ANT_1_76:c77088-75703	ANT_1_03276
prokka_ANT_1/ANT_1:Gene	mdtD_2	ANT_1_76:c78494-77088	ANT_1_03277
prokka_ANT_1/ANT_1:Gene	mdtC	ANT_1_76:c81573-78499	ANT_1_03278
prokka_ANT_1/ANT_1:Gene	mdtB_1	ANT_1_76:c84686-81570	ANT_1_03279
prokka_ANT_1/ANT_1:Gene	mdtA_2	ANT_1_76:c85930-84686	ANT_1_03280
prokka_ANT_1/ANT_1:Gene	mshA	ANT_1_76:114564-115787	ANT_1_03301
prokka_ANT_1/ANT_1:Gene	wzxC	ANT_1_76:115784-117124	ANT_1_03302
prokka_ANT_1/ANT_1:Gene	rffH	ANT_1_76:122026-122889	ANT_1_03307
prokka_ANT_1/ANT_1:Gene	rmlC	ANT_1_76:122873-123442	ANT_1_03308
prokka_ANT_1/ANT_1:Gene	ANT_1_03309	ANT_1_76:123444-124262	ANT_1_03309
prokka_ANT_1/ANT_1:Gene	ANT_1_03310	ANT_1_76:124259-125596	ANT_1_03310
prokka_ANT_1/ANT_1:Gene	ANT_1_03311	ANT_1_76:125589-126713	ANT_1_03311
prokka_ANT_1/ANT_1:Gene	ANT_1_03312	ANT_1_76:126713-127849	ANT_1_03312
prokka_ANT_1/ANT_1:Gene	pglH_2	ANT_1_76:127846-128922	ANT_1_03313
prokka_ANT_1/ANT_1:Gene	ANT_1_03314	ANT_1_76:128919-129737	ANT_1_03314
prokka_ANT_1/ANT_1:Gene	dapH	ANT_1_76:129727-130275	ANT_1_03315
prokka_ANT_1/ANT_1:Gene	ANT_1_03316	ANT_1_76:130268-131236	ANT_1_03316
prokka_ANT_1/ANT_1:Gene	ANT_1_03322	ANT_1_78:1990-4665	ANT_1_03322
prokka_ANT_1/ANT_1:Gene	ANT_1_03323	ANT_1_78:4655-6028	ANT_1_03323
prokka_ANT_1/ANT_1:Gene	ANT_1_03327	ANT_1_78:10720-13482	ANT_1_03327
prokka_ANT_1/ANT_1:Gene	yddA	ANT_1_78:13479-15146	ANT_1_03328
prokka_ANT_1/ANT_1:Gene	yqaB	ANT_1_78:24135-24701	ANT_1_03339
prokka_ANT_1/ANT_1:Gene	yqaA	ANT_1_78:24698-25126	ANT_1_03340
prokka_ANT_1/ANT_1:Gene	gshA	ANT_1_78:25077-26759	ANT_1_03341
prokka_ANT_1/ANT_1:Gene	rimM	ANT_1_78:31564-32112	ANT_1_03347
prokka_ANT_1/ANT_1:Gene	trmD	ANT_1_78:32109-32900	ANT_1_03348
prokka_ANT_1/ANT_1:Gene	ANT_1_03351	ANT_1_78:34631-35176	ANT_1_03351
prokka_ANT_1/ANT_1:Gene	dgcN_2	ANT_1_78:35169-36398	ANT_1_03352
prokka_ANT_1/ANT_1:Gene	rluD	ANT_1_78:44771-45748	ANT_1_03362
prokka_ANT_1/ANT_1:Gene	yfiH	ANT_1_78:45748-46476	ANT_1_03363
prokka_ANT_1/ANT_1:Gene	ANT_1_03376	ANT_1_81:3817-4290	ANT_1_03376
prokka_ANT_1/ANT_1:Gene	ANT_1_03377	ANT_1_81:4287-5357	ANT_1_03377
prokka_ANT_1/ANT_1:Gene	pqqB	ANT_1_81:7255-8166	ANT_1_03380
prokka_ANT_1/ANT_1:Gene	pqqC	ANT_1_81:8163-8918	ANT_1_03381
prokka_ANT_1/ANT_1:Gene	pqqD	ANT_1_81:8915-9196	ANT_1_03382
prokka_ANT_1/ANT_1:Gene	pqqE	ANT_1_81:9183-10331	ANT_1_03383
prokka_ANT_1/ANT_1:Gene	dapF	ANT_1_84:238-1062	ANT_1_03396
prokka_ANT_1/ANT_1:Gene	ANT_1_03397	ANT_1_84:1059-1766	ANT_1_03397
prokka_ANT_1/ANT_1:Gene	xerC_2	ANT_1_84:1763-2671	ANT_1_03398
prokka_ANT_1/ANT_1:Gene	yigB	ANT_1_84:2671-3387	ANT_1_03399
prokka_ANT_1/ANT_1:Gene	ubiJ_1	ANT_1_84:25478-26083	ANT_1_03419
prokka_ANT_1/ANT_1:Gene	ubiB	ANT_1_84:26080-27717	ANT_1_03420
prokka_ANT_1/ANT_1:Gene	pepQ	ANT_1_84:37014-38345	ANT_1_03430
prokka_ANT_1/ANT_1:Gene	yigZ	ANT_1_84:38345-38956	ANT_1_03431
prokka_ANT_1/ANT_1:Gene	ANT_1_03440	ANT_1_85:6170-6502	ANT_1_03440
prokka_ANT_1/ANT_1:Gene	arsH_1	ANT_1_85:6499-7221	ANT_1_03441
prokka_ANT_1/ANT_1:Gene	mdtB_2	ANT_1_85:c16983-13951	ANT_1_03449
prokka_ANT_1/ANT_1:Gene	mdtA_3	ANT_1_85:c18074-16980	ANT_1_03450
prokka_ANT_1/ANT_1:Gene	ANT_1_03472	ANT_1_85:c41073-39856	ANT_1_03472
prokka_ANT_1/ANT_1:Gene	ANT_1_03473	ANT_1_85:c41978-41070	ANT_1_03473
prokka_ANT_1/ANT_1:Gene	ANT_1_03476	ANT_1_85:c46439-44931	ANT_1_03476
prokka_ANT_1/ANT_1:Gene	ANT_1_03477	ANT_1_85:c46804-46439	ANT_1_03477
prokka_ANT_1/ANT_1:Gene	ANT_1_03479	ANT_1_85:c49259-48282	ANT_1_03479
prokka_ANT_1/ANT_1:Gene	ANT_1_03480	ANT_1_85:c49651-49256	ANT_1_03480
prokka_ANT_1/ANT_1:Gene	ANT_1_03481	ANT_1_85:c50288-49893	ANT_1_03481
prokka_ANT_1/ANT_1:Gene	ANT_1_03482	ANT_1_85:c53149-50285	ANT_1_03482
prokka_ANT_1/ANT_1:Gene	ANT_1_03483	ANT_1_85:c53565-53149	ANT_1_03483
prokka_ANT_1/ANT_1:Gene	ANT_1_03484	ANT_1_85:c55112-53577	ANT_1_03484
prokka_ANT_1/ANT_1:Gene	ANT_1_03485	ANT_1_85:c56022-55102	ANT_1_03485
prokka_ANT_1/ANT_1:Gene	ANT_1_03486	ANT_1_85:c56678-56022	ANT_1_03486
prokka_ANT_1/ANT_1:Gene	ANT_1_03487	ANT_1_85:c57040-56675	ANT_1_03487
prokka_ANT_1/ANT_1:Gene	ANT_1_03489	ANT_1_85:c57718-57476	ANT_1_03489
prokka_ANT_1/ANT_1:Gene	ANT_1_03490	ANT_1_85:c58053-57718	ANT_1_03490
prokka_ANT_1/ANT_1:Gene	ANT_1_03491	ANT_1_85:c59202-58426	ANT_1_03491
prokka_ANT_1/ANT_1:Gene	ANT_1_03492	ANT_1_85:c61294-59195	ANT_1_03492
prokka_ANT_1/ANT_1:Gene	ANT_1_03493	ANT_1_85:c61860-61291	ANT_1_03493
prokka_ANT_1/ANT_1:Gene	ANT_1_03494	ANT_1_85:c62363-61857	ANT_1_03494
prokka_ANT_1/ANT_1:Gene	ANT_1_03495	ANT_1_85:c62995-62366	ANT_1_03495
prokka_ANT_1/ANT_1:Gene	ANT_1_03496	ANT_1_85:c63699-62974	ANT_1_03496
prokka_ANT_1/ANT_1:Gene	ANT_1_03497	ANT_1_85:c64477-63710	ANT_1_03497
prokka_ANT_1/ANT_1:Gene	ANT_1_03498	ANT_1_85:c65121-64474	ANT_1_03498
prokka_ANT_1/ANT_1:Gene	ANT_1_03499	ANT_1_85:c65500-65252	ANT_1_03499
prokka_ANT_1/ANT_1:Gene	ANT_1_03500	ANT_1_85:c65726-65484	ANT_1_03500
prokka_ANT_1/ANT_1:Gene	ANT_1_03509	ANT_1_85:c74557-73046	ANT_1_03509
prokka_ANT_1/ANT_1:Gene	dnaB_2	ANT_1_85:c75942-74554	ANT_1_03510
prokka_ANT_1/ANT_1:Gene	ANT_1_03511	ANT_1_85:76531-77106	ANT_1_03511
prokka_ANT_1/ANT_1:Gene	ANT_1_03512	ANT_1_85:77088-77558	ANT_1_03512
prokka_ANT_1/ANT_1:Gene	ANT_1_03513	ANT_1_85:77558-77944	ANT_1_03513
prokka_ANT_1/ANT_1:Gene	ANT_1_03514	ANT_1_85:c79629-77977	ANT_1_03514
prokka_ANT_1/ANT_1:Gene	addA	ANT_1_85:c81136-79619	ANT_1_03515
prokka_ANT_1/ANT_1:Gene	ANT_1_03517	ANT_1_85:c82335-82024	ANT_1_03517
prokka_ANT_1/ANT_1:Gene	ANT_1_03518	ANT_1_85:c83270-82332	ANT_1_03518
prokka_ANT_1/ANT_1:Gene	cyoB	ANT_1_86:7325-9316	ANT_1_03534
prokka_ANT_1/ANT_1:Gene	cyoC	ANT_1_86:9306-9920	ANT_1_03535
prokka_ANT_1/ANT_1:Gene	cyoD	ANT_1_86:9920-10249	ANT_1_03536
prokka_ANT_1/ANT_1:Gene	panE	ANT_1_86:13348-14268	ANT_1_03540
prokka_ANT_1/ANT_1:Gene	yajL	ANT_1_86:14222-14818	ANT_1_03541
prokka_ANT_1/ANT_1:Gene	xseB	ANT_1_86:16611-16853	ANT_1_03543
prokka_ANT_1/ANT_1:Gene	ispA	ANT_1_86:16853-17752	ANT_1_03544
prokka_ANT_1/ANT_1:Gene	pgpA	ANT_1_86:c21269-20772	ANT_1_03547
prokka_ANT_1/ANT_1:Gene	thiL	ANT_1_86:c22233-21256	ANT_1_03548
prokka_ANT_1/ANT_1:Gene	sbcD	ANT_1_86:41874-43097	ANT_1_03568
prokka_ANT_1/ANT_1:Gene	sbcC	ANT_1_86:43094-46453	ANT_1_03569
prokka_ANT_1/ANT_1:Gene	ANT_1_03570	ANT_1_86:c47146-46496	ANT_1_03570
prokka_ANT_1/ANT_1:Gene	ANT_1_03571	ANT_1_86:c47499-47146	ANT_1_03571
prokka_ANT_1/ANT_1:Gene	ANT_1_03580	ANT_1_86:c55937-55266	ANT_1_03580
prokka_ANT_1/ANT_1:Gene	ANT_1_03581	ANT_1_86:c56194-55889	ANT_1_03581
prokka_ANT_1/ANT_1:Gene	ANT_1_03582	ANT_1_86:c56711-56208	ANT_1_03582
prokka_ANT_1/ANT_1:Gene	ANT_1_03583	ANT_1_86:c57139-56696	ANT_1_03583
prokka_ANT_1/ANT_1:Gene	ddpA_2	ANT_1_86:71679-73247	ANT_1_03601
prokka_ANT_1/ANT_1:Gene	dppB_2	ANT_1_86:73247-74302	ANT_1_03602
prokka_ANT_1/ANT_1:Gene	ddpC	ANT_1_86:74299-75159	ANT_1_03603
prokka_ANT_1/ANT_1:Gene	dppD_2	ANT_1_86:75149-75997	ANT_1_03604
prokka_ANT_1/ANT_1:Gene	ANT_1_03608	ANT_1_87:778-2931	ANT_1_03608
prokka_ANT_1/ANT_1:Gene	ANT_1_03609	ANT_1_87:2901-3623	ANT_1_03609
prokka_ANT_1/ANT_1:Gene	ANT_1_03624	ANT_1_87:c15505-15218	ANT_1_03624
prokka_ANT_1/ANT_1:Gene	ANT_1_03625	ANT_1_87:c15872-15492	ANT_1_03625
prokka_ANT_1/ANT_1:Gene	ANT_1_03633	ANT_1_88:c1256-966	ANT_1_03633
prokka_ANT_1/ANT_1:Gene	ANT_1_03634	ANT_1_88:c1585-1253	ANT_1_03634
prokka_ANT_1/ANT_1:Gene	ANT_1_03635	ANT_1_88:c1914-1684	ANT_1_03635
prokka_ANT_1/ANT_1:Gene	ANT_1_03636	ANT_1_88:c2654-1911	ANT_1_03636
prokka_ANT_1/ANT_1:Gene	ANT_1_03642	ANT_1_88:c7935-7711	ANT_1_03642
prokka_ANT_1/ANT_1:Gene	yhdJ	ANT_1_88:c8612-7932	ANT_1_03643
prokka_ANT_1/ANT_1:Gene	relE	ANT_1_88:c41000-40677	ANT_1_03676
prokka_ANT_1/ANT_1:Gene	ANT_1_03677	ANT_1_88:c41251-41000	ANT_1_03677
prokka_ANT_1/ANT_1:Gene	traI	ANT_1_88:c74608-69089	ANT_1_03706
prokka_ANT_1/ANT_1:Gene	ANT_1_03707	ANT_1_88:c77217-74605	ANT_1_03707
prokka_ANT_1/ANT_1:Gene	ANT_1_03711	ANT_1_88:c82590-79423	ANT_1_03711
prokka_ANT_1/ANT_1:Gene	ANT_1_03712	ANT_1_88:c83950-82583	ANT_1_03712
prokka_ANT_1/ANT_1:Gene	ANT_1_03713	ANT_1_88:c84249-83947	ANT_1_03713
prokka_ANT_1/ANT_1:Gene	ANT_1_03714	ANT_1_88:c84892-84290	ANT_1_03714
prokka_ANT_1/ANT_1:Gene	ANT_1_03715	ANT_1_88:c85098-84889	ANT_1_03715
prokka_ANT_1/ANT_1:Gene	ANT_1_03716	ANT_1_88:c85547-85095	ANT_1_03716
prokka_ANT_1/ANT_1:Gene	budC_1	ANT_1_89:c1940-1602	ANT_1_03721
prokka_ANT_1/ANT_1:Gene	budC_2	ANT_1_89:c2085-1885	ANT_1_03722
prokka_ANT_1/ANT_1:Gene	lptG_2	ANT_1_89:c6483-5407	ANT_1_03725
prokka_ANT_1/ANT_1:Gene	lptF	ANT_1_89:c7583-6483	ANT_1_03726
prokka_ANT_1/ANT_1:Gene	nrdD	ANT_1_89:33666-35801	ANT_1_03748
prokka_ANT_1/ANT_1:Gene	nrdG	ANT_1_89:35798-36268	ANT_1_03749
prokka_ANT_1/ANT_1:Gene	ANT_1_03755	ANT_1_89:c40144-39641	ANT_1_03755
prokka_ANT_1/ANT_1:Gene	ubiJ_2	ANT_1_89:c40665-40138	ANT_1_03756
prokka_ANT_1/ANT_1:Gene	ANT_1_03759	ANT_1_89:c43951-42839	ANT_1_03759
prokka_ANT_1/ANT_1:Gene	ANT_1_03760	ANT_1_89:c45102-43948	ANT_1_03760
prokka_ANT_1/ANT_1:Gene	ANT_1_03761	ANT_1_89:c46055-45084	ANT_1_03761
prokka_ANT_1/ANT_1:Gene	ANT_1_03762	ANT_1_89:c46261-46052	ANT_1_03762
prokka_ANT_1/ANT_1:Gene	truB	ANT_1_89:c54479-53535	ANT_1_03768
prokka_ANT_1/ANT_1:Gene	rbfA	ANT_1_89:c54892-54479	ANT_1_03769
prokka_ANT_1/ANT_1:Gene	glmM	ANT_1_89:c62140-60764	ANT_1_03776
prokka_ANT_1/ANT_1:Gene	folP	ANT_1_89:c62939-62100	ANT_1_03777
prokka_ANT_1/ANT_1:Gene	basR_2	ANT_1_89:68453-69115	ANT_1_03784
prokka_ANT_1/ANT_1:Gene	basS	ANT_1_89:69112-70167	ANT_1_03785
prokka_ANT_1/ANT_1:Gene	entB	ANT_1_89:73245-74099	ANT_1_03788
prokka_ANT_1/ANT_1:Gene	entA	ANT_1_89:74099-74857	ANT_1_03789
prokka_ANT_1/ANT_1:Gene	obg	ANT_1_89:c76510-75329	ANT_1_03791
prokka_ANT_1/ANT_1:Gene	yhbE	ANT_1_89:c77502-76507	ANT_1_03792
prokka_ANT_1/ANT_1:Gene	mlaB	ANT_1_89:c82165-81869	ANT_1_03799
prokka_ANT_1/ANT_1:Gene	mlaC	ANT_1_89:c82800-82165	ANT_1_03800
prokka_ANT_1/ANT_1:Gene	mlaD	ANT_1_89:c83360-82800	ANT_1_03801
prokka_ANT_1/ANT_1:Gene	mlaE	ANT_1_89:c84147-83365	ANT_1_03802
prokka_ANT_1/ANT_1:Gene	mlaF	ANT_1_89:c84968-84147	ANT_1_03803
prokka_ANT_1/ANT_1:Gene	kdsC	ANT_1_89:87197-87763	ANT_1_03806
prokka_ANT_1/ANT_1:Gene	lptC	ANT_1_89:87760-88335	ANT_1_03807
prokka_ANT_1/ANT_1:Gene	lptA	ANT_1_89:88307-88855	ANT_1_03808
prokka_ANT_1/ANT_1:Gene	rapZ	ANT_1_89:92069-92923	ANT_1_03813
prokka_ANT_1/ANT_1:Gene	ptsO	ANT_1_89:92920-93192	ANT_1_03814
prokka_ANT_1/ANT_1:Gene	dgaF_2	ANT_1_89:c93977-93231	ANT_1_03815
prokka_ANT_1/ANT_1:Gene	dgaE_2	ANT_1_89:c95085-93964	ANT_1_03816
prokka_ANT_1/ANT_1:Gene	manZ_2	ANT_1_89:c95953-95096	ANT_1_03817
prokka_ANT_1/ANT_1:Gene	agaC	ANT_1_89:c96702-95950	ANT_1_03818
prokka_ANT_1/ANT_1:Gene	mreD	ANT_1_89:c137491-137003	ANT_1_03849
prokka_ANT_1/ANT_1:Gene	mreC	ANT_1_89:c138504-137488	ANT_1_03850
prokka_ANT_1/ANT_1:Gene	yhdT	ANT_1_89:147483-147725	ANT_1_03859
prokka_ANT_1/ANT_1:Gene	panF	ANT_1_89:147715-149169	ANT_1_03860
prokka_ANT_1/ANT_1:Gene	bigR	ANT_1_90:289-621	ANT_1_03872
prokka_ANT_1/ANT_1:Gene	arsH_2	ANT_1_90:618-1340	ANT_1_03873
prokka_ANT_1/ANT_1:Gene	ANT_1_03879	ANT_1_90:c5847-5404	ANT_1_03879
prokka_ANT_1/ANT_1:Gene	ydeA	ANT_1_90:c6466-5840	ANT_1_03880
prokka_ANT_1/ANT_1:Gene	ANT_1_03884	ANT_1_91:35-874	ANT_1_03884
prokka_ANT_1/ANT_1:Gene	ANT_1_03885	ANT_1_91:874-1182	ANT_1_03885
prokka_ANT_1/ANT_1:Gene	lolE	ANT_1_93:c14716-13472	ANT_1_03910
prokka_ANT_1/ANT_1:Gene	lolD_2	ANT_1_93:c15420-14716	ANT_1_03911
prokka_ANT_1/ANT_1:Gene	lolC	ANT_1_93:c16612-15413	ANT_1_03912
prokka_ANT_1/ANT_1:Gene	ANT_1_03916	ANT_1_93:c21380-21078	ANT_1_03916
prokka_ANT_1/ANT_1:Gene	ANT_1_03917	ANT_1_93:c21724-21377	ANT_1_03917
prokka_ANT_1/ANT_1:Gene	ANT_1_03925	ANT_1_94:3801-4478	ANT_1_03925
prokka_ANT_1/ANT_1:Gene	ANT_1_03926	ANT_1_94:4478-4942	ANT_1_03926
prokka_ANT_1/ANT_1:Gene	ANT_1_03927	ANT_1_94:4955-5497	ANT_1_03927
prokka_ANT_1/ANT_1:Gene	ANT_1_03928	ANT_1_94:5497-6138	ANT_1_03928
prokka_ANT_1/ANT_1:Gene	nagC_2	ANT_1_95:c18288-17191	ANT_1_03946
prokka_ANT_1/ANT_1:Gene	gspK_2	ANT_1_95:c19175-18285	ANT_1_03947
prokka_ANT_1/ANT_1:Gene	nodD2	ANT_1_95:c25525-24602	ANT_1_03952
prokka_ANT_1/ANT_1:Gene	ydcF	ANT_1_95:c26351-25512	ANT_1_03953
prokka_ANT_1/ANT_1:Gene	ANT_1_03956	ANT_1_95:c28765-27968	ANT_1_03956
prokka_ANT_1/ANT_1:Gene	ecfG	ANT_1_95:c29214-28762	ANT_1_03957
prokka_ANT_1/ANT_1:Gene	fabD_1	ANT_1_96:c1986-1081	ANT_1_03964
prokka_ANT_1/ANT_1:Gene	mdcG	ANT_1_96:c2594-1983	ANT_1_03965
prokka_ANT_1/ANT_1:Gene	ANT_1_03967	ANT_1_96:c4494-3694	ANT_1_03967
prokka_ANT_1/ANT_1:Gene	madC	ANT_1_96:c5327-4491	ANT_1_03968
prokka_ANT_1/ANT_1:Gene	mdcC	ANT_1_96:c5619-5320	ANT_1_03969
prokka_ANT_1/ANT_1:Gene	citG	ANT_1_96:c6622-5753	ANT_1_03970
prokka_ANT_1/ANT_1:Gene	madA	ANT_1_96:c8274-6622	ANT_1_03971
prokka_ANT_1/ANT_1:Gene	ANT_1_03975	ANT_1_96:c13224-12424	ANT_1_03975
prokka_ANT_1/ANT_1:Gene	ANT_1_03976	ANT_1_96:c14153-13224	ANT_1_03976
prokka_ANT_1/ANT_1:Gene	ANT_1_03977	ANT_1_96:c15583-14147	ANT_1_03977
prokka_ANT_1/ANT_1:Gene	ANT_1_03979	ANT_1_96:16769-17692	ANT_1_03979
prokka_ANT_1/ANT_1:Gene	ANT_1_03980	ANT_1_96:17667-18131	ANT_1_03980
prokka_ANT_1/ANT_1:Gene	ANT_1_03988	ANT_1_96:25893-28316	ANT_1_03988
prokka_ANT_1/ANT_1:Gene	ANT_1_03989	ANT_1_96:28313-29299	ANT_1_03989
prokka_ANT_1/ANT_1:Gene	ANT_1_04011	ANT_1_96:c52615-52196	ANT_1_04011
prokka_ANT_1/ANT_1:Gene	nudF	ANT_1_96:c53250-52615	ANT_1_04012
prokka_ANT_1/ANT_1:Gene	mug	ANT_1_96:c75694-75119	ANT_1_04031
prokka_ANT_1/ANT_1:Gene	ttuC	ANT_1_96:c76725-75691	ANT_1_04032
prokka_ANT_1/ANT_1:Gene	ANT_1_04043	ANT_1_99:c1697-1488	ANT_1_04043
prokka_ANT_1/ANT_1:Gene	ANT_1_04044	ANT_1_99:c1842-1645	ANT_1_04044
prokka_ANT_1/ANT_1:Gene	ANT_1_04045	ANT_1_99:c2057-1839	ANT_1_04045
prokka_ANT_1/ANT_1:Gene	ANT_1_04046	ANT_1_99:c2341-2054	ANT_1_04046
prokka_ANT_1/ANT_1:Gene	ANT_1_04047	ANT_1_99:c2908-2456	ANT_1_04047
prokka_ANT_1/ANT_1:Gene	ANT_1_04048	ANT_1_99:c3090-2905	ANT_1_04048
prokka_ANT_1/ANT_1:Gene	ANT_1_04049	ANT_1_99:c3839-3087	ANT_1_04049
prokka_ANT_1/ANT_1:Gene	ANT_1_04050	ANT_1_99:c4231-3836	ANT_1_04050
prokka_ANT_1/ANT_1:Gene	ANT_1_04051	ANT_1_99:c4685-4254	ANT_1_04051
prokka_ANT_1/ANT_1:Gene	ANT_1_04052	ANT_1_99:c5083-4682	ANT_1_04052
prokka_ANT_1/ANT_1:Gene	ANT_1_04067	ANT_1_99:11838-12530	ANT_1_04067
prokka_ANT_1/ANT_1:Gene	ANT_1_04068	ANT_1_99:12527-13516	ANT_1_04068
prokka_ANT_1/ANT_1:Gene	ANT_1_04069	ANT_1_99:13513-14208	ANT_1_04069
prokka_ANT_1/ANT_1:Gene	ANT_1_04070	ANT_1_99:14288-14425	ANT_1_04070
prokka_ANT_1/ANT_1:Gene	ANT_1_04071	ANT_1_99:14425-14763	ANT_1_04071
prokka_ANT_1/ANT_1:Gene	ANT_1_04084	ANT_1_102:2812-3012	ANT_1_04084
prokka_ANT_1/ANT_1:Gene	ANT_1_04085	ANT_1_102:2957-3181	ANT_1_04085
prokka_ANT_1/ANT_1:Gene	ANT_1_04086	ANT_1_102:3178-3456	ANT_1_04086
prokka_ANT_1/ANT_1:Gene	ANT_1_04089	ANT_1_102:6553-7002	ANT_1_04089
prokka_ANT_1/ANT_1:Gene	ykgV	ANT_1_102:6999-7229	ANT_1_04090
prokka_ANT_1/ANT_1:Gene	ANT_1_04095	ANT_1_102:c13612-12185	ANT_1_04095
prokka_ANT_1/ANT_1:Gene	ANT_1_04096	ANT_1_102:c14516-13593	ANT_1_04096
prokka_ANT_1/ANT_1:Gene	ANT_1_04097	ANT_1_102:c16354-14516	ANT_1_04097
prokka_ANT_1/ANT_1:Gene	ANT_1_04116	ANT_1_102:c31706-31176	ANT_1_04116
prokka_ANT_1/ANT_1:Gene	ANT_1_04117	ANT_1_102:c32374-31649	ANT_1_04117
prokka_ANT_1/ANT_1:Gene	ANT_1_04118	ANT_1_102:c33021-32374	ANT_1_04118
prokka_ANT_1/ANT_1:Gene	ANT_1_04134	ANT_1_103:c4518-4273	ANT_1_04134
prokka_ANT_1/ANT_1:Gene	ANT_1_04135	ANT_1_103:c5225-4515	ANT_1_04135
prokka_ANT_1/ANT_1:Gene	ANT_1_04136	ANT_1_103:5749-6006	ANT_1_04136
prokka_ANT_1/ANT_1:Gene	ANT_1_04137	ANT_1_103:6003-6251	ANT_1_04137
prokka_ANT_1/ANT_1:Gene	ANT_1_04138	ANT_1_103:6577-6834	ANT_1_04138
prokka_ANT_1/ANT_1:Gene	ANT_1_04139	ANT_1_103:6831-7079	ANT_1_04139
prokka_ANT_1/ANT_1:Gene	ANT_1_04140	ANT_1_103:7423-7617	ANT_1_04140
prokka_ANT_1/ANT_1:Gene	ANT_1_04141	ANT_1_103:7614-7877	ANT_1_04141
prokka_ANT_1/ANT_1:Gene	ANT_1_04142	ANT_1_103:7867-8205	ANT_1_04142
prokka_ANT_1/ANT_1:Gene	ANT_1_04156	ANT_1_103:c26651-25734	ANT_1_04156
prokka_ANT_1/ANT_1:Gene	ANT_1_04157	ANT_1_103:c27417-26644	ANT_1_04157
prokka_ANT_1/ANT_1:Gene	ANT_1_04160	ANT_1_103:28594-29040	ANT_1_04160
prokka_ANT_1/ANT_1:Gene	ANT_1_04161	ANT_1_103:29034-29411	ANT_1_04161
prokka_ANT_1/ANT_1:Gene	ANT_1_04170	ANT_1_104:1005-1463	ANT_1_04170
prokka_ANT_1/ANT_1:Gene	ANT_1_04171	ANT_1_104:1457-1786	ANT_1_04171
prokka_ANT_1/ANT_1:Gene	ANT_1_04173	ANT_1_104:c3606-3106	ANT_1_04173
prokka_ANT_1/ANT_1:Gene	ANT_1_04174	ANT_1_104:c4745-3603	ANT_1_04174
prokka_ANT_1/ANT_1:Gene	ANT_1_04180	ANT_1_106:c2997-2800	ANT_1_04180
prokka_ANT_1/ANT_1:Gene	mnmC_1	ANT_1_106:c3926-2994	ANT_1_04181
prokka_ANT_1/ANT_1:Gene	ANT_1_04210	ANT_1_106:41709-42416	ANT_1_04210
prokka_ANT_1/ANT_1:Gene	ANT_1_04211	ANT_1_106:42413-45085	ANT_1_04211
prokka_ANT_1/ANT_1:Gene	ANT_1_04218	ANT_1_106:c54545-54333	ANT_1_04218
prokka_ANT_1/ANT_1:Gene	bchL	ANT_1_106:c55168-54542	ANT_1_04219
prokka_ANT_1/ANT_1:Gene	mltF_2	ANT_1_106:62405-63301	ANT_1_04225
prokka_ANT_1/ANT_1:Gene	ANT_1_04226	ANT_1_106:63298-64200	ANT_1_04226
prokka_ANT_1/ANT_1:Gene	glnQ_7	ANT_1_106:64197-64958	ANT_1_04227
prokka_ANT_1/ANT_1:Gene	metN_4	ANT_1_106:65888-66913	ANT_1_04229
prokka_ANT_1/ANT_1:Gene	metP	ANT_1_106:66906-67574	ANT_1_04230
prokka_ANT_1/ANT_1:Gene	ANT_1_04238	ANT_1_106:72447-72680	ANT_1_04238
prokka_ANT_1/ANT_1:Gene	feaB	ANT_1_106:72649-74133	ANT_1_04239
prokka_ANT_1/ANT_1:Gene	ANT_1_04248	ANT_1_106:83730-84050	ANT_1_04248
prokka_ANT_1/ANT_1:Gene	ANT_1_04249	ANT_1_106:84040-85305	ANT_1_04249
prokka_ANT_1/ANT_1:Gene	sigF	ANT_1_106:87320-87874	ANT_1_04252
prokka_ANT_1/ANT_1:Gene	ANT_1_04253	ANT_1_106:87858-88490	ANT_1_04253
prokka_ANT_1/ANT_1:Gene	fabH_1	ANT_1_108:9120-10139	ANT_1_04268
prokka_ANT_1/ANT_1:Gene	oleD_2	ANT_1_108:10136-11152	ANT_1_04269
prokka_ANT_1/ANT_1:Gene	ANT_1_04270	ANT_1_108:11145-11951	ANT_1_04270
prokka_ANT_1/ANT_1:Gene	ANT_1_04271	ANT_1_108:11948-13237	ANT_1_04271
prokka_ANT_1/ANT_1:Gene	ANT_1_04272	ANT_1_108:13234-13845	ANT_1_04272
prokka_ANT_1/ANT_1:Gene	ANT_1_04273	ANT_1_108:13842-14963	ANT_1_04273
prokka_ANT_1/ANT_1:Gene	ANT_1_04274	ANT_1_108:14956-16056	ANT_1_04274
prokka_ANT_1/ANT_1:Gene	ANT_1_04275	ANT_1_108:16053-17141	ANT_1_04275
prokka_ANT_1/ANT_1:Gene	yceM	ANT_1_109:c5193-4270	ANT_1_04281
prokka_ANT_1/ANT_1:Gene	ANT_1_04282	ANT_1_109:c5843-5190	ANT_1_04282
prokka_ANT_1/ANT_1:Gene	nudK_2	ANT_1_109:19544-20140	ANT_1_04298
prokka_ANT_1/ANT_1:Gene	ANT_1_04299	ANT_1_109:20137-20499	ANT_1_04299
prokka_ANT_1/ANT_1:Gene	mdoH	ANT_1_109:c24368-21810	ANT_1_04302
prokka_ANT_1/ANT_1:Gene	mdoG	ANT_1_109:c25914-24361	ANT_1_04303
prokka_ANT_1/ANT_1:Gene	fabF_2	ANT_1_109:c31872-30646	ANT_1_04307
prokka_ANT_1/ANT_1:Gene	fabG_7	ANT_1_109:c32603-31872	ANT_1_04308
prokka_ANT_1/ANT_1:Gene	ANT_1_04309	ANT_1_109:c33076-32600	ANT_1_04309
prokka_ANT_1/ANT_1:Gene	ANT_1_04310	ANT_1_109:c34227-33076	ANT_1_04310
prokka_ANT_1/ANT_1:Gene	ANT_1_04311	ANT_1_109:c34793-34227	ANT_1_04311
prokka_ANT_1/ANT_1:Gene	ANT_1_04312	ANT_1_109:c37108-34790	ANT_1_04312
prokka_ANT_1/ANT_1:Gene	lolA_2	ANT_1_109:c37685-37080	ANT_1_04313
prokka_ANT_1/ANT_1:Gene	ANT_1_04314	ANT_1_109:c38104-37682	ANT_1_04314
prokka_ANT_1/ANT_1:Gene	ANT_1_04315	ANT_1_109:c39810-38098	ANT_1_04315
prokka_ANT_1/ANT_1:Gene	ANT_1_04316	ANT_1_109:c40148-39804	ANT_1_04316
prokka_ANT_1/ANT_1:Gene	ANT_1_04317	ANT_1_109:c41466-40135	ANT_1_04317
prokka_ANT_1/ANT_1:Gene	ANT_1_04318	ANT_1_109:c42014-41463	ANT_1_04318
prokka_ANT_1/ANT_1:Gene	ANT_1_04321	ANT_1_109:c43386-42598	ANT_1_04321
prokka_ANT_1/ANT_1:Gene	ANT_1_04322	ANT_1_109:c44107-43379	ANT_1_04322
prokka_ANT_1/ANT_1:Gene	oprM_3	ANT_1_109:c45970-44591	ANT_1_04323
prokka_ANT_1/ANT_1:Gene	emrA_4	ANT_1_109:c47058-45967	ANT_1_04324
prokka_ANT_1/ANT_1:Gene	ANT_1_04329	ANT_1_109:c52422-50629	ANT_1_04329
prokka_ANT_1/ANT_1:Gene	ANT_1_04330	ANT_1_109:c53690-52419	ANT_1_04330
prokka_ANT_1/ANT_1:Gene	ilvG	ANT_1_111:3775-5421	ANT_1_04345
prokka_ANT_1/ANT_1:Gene	ilvM	ANT_1_111:5418-5675	ANT_1_04346
prokka_ANT_1/ANT_1:Gene	wecB	ANT_1_111:22862-23992	ANT_1_04360
prokka_ANT_1/ANT_1:Gene	wecC	ANT_1_111:23989-25251	ANT_1_04361
prokka_ANT_1/ANT_1:Gene	wecD	ANT_1_111:25251-25946	ANT_1_04362
prokka_ANT_1/ANT_1:Gene	wecE	ANT_1_111:25943-27073	ANT_1_04363
prokka_ANT_1/ANT_1:Gene	wzxE	ANT_1_111:27075-28325	ANT_1_04364
prokka_ANT_1/ANT_1:Gene	wecF	ANT_1_111:28322-29398	ANT_1_04365
prokka_ANT_1/ANT_1:Gene	wzyE	ANT_1_111:29395-30747	ANT_1_04366
prokka_ANT_1/ANT_1:Gene	hemD	ANT_1_111:c37310-36573	ANT_1_04377
prokka_ANT_1/ANT_1:Gene	hemC	ANT_1_111:c38248-37307	ANT_1_04378
prokka_ANT_1/ANT_1:Gene	ANT_1_04382	ANT_1_112:238-870	ANT_1_04382
prokka_ANT_1/ANT_1:Gene	ANT_1_04383	ANT_1_112:843-1094	ANT_1_04383
prokka_ANT_1/ANT_1:Gene	fliF	ANT_1_113:372-2114	ANT_1_04384
prokka_ANT_1/ANT_1:Gene	fliG	ANT_1_113:2111-3103	ANT_1_04385
prokka_ANT_1/ANT_1:Gene	fliH	ANT_1_113:3096-3785	ANT_1_04386
prokka_ANT_1/ANT_1:Gene	fliI	ANT_1_113:3785-5146	ANT_1_04387
prokka_ANT_1/ANT_1:Gene	fliJ	ANT_1_113:5205-5651	ANT_1_04388
prokka_ANT_1/ANT_1:Gene	fliK	ANT_1_113:5648-6958	ANT_1_04389
prokka_ANT_1/ANT_1:Gene	fliM	ANT_1_113:7601-8608	ANT_1_04391
prokka_ANT_1/ANT_1:Gene	fliN	ANT_1_113:8601-9002	ANT_1_04392
prokka_ANT_1/ANT_1:Gene	fliO	ANT_1_113:9003-9392	ANT_1_04393
prokka_ANT_1/ANT_1:Gene	fliP	ANT_1_113:9389-10126	ANT_1_04394
prokka_ANT_1/ANT_1:Gene	fliQ	ANT_1_113:10142-10411	ANT_1_04395
prokka_ANT_1/ANT_1:Gene	fliR	ANT_1_113:10411-11196	ANT_1_04396
prokka_ANT_1/ANT_1:Gene	ANT_1_04418	ANT_1_113:c36906-35887	ANT_1_04418
prokka_ANT_1/ANT_1:Gene	ANT_1_04419	ANT_1_113:c37729-36896	ANT_1_04419
prokka_ANT_1/ANT_1:Gene	ANT_1_04427	ANT_1_113:45044-47275	ANT_1_04427
prokka_ANT_1/ANT_1:Gene	potA_3	ANT_1_113:47272-48354	ANT_1_04428
prokka_ANT_1/ANT_1:Gene	thiK	ANT_1_113:c84793-83948	ANT_1_04455
prokka_ANT_1/ANT_1:Gene	lpoB	ANT_1_113:c85373-84777	ANT_1_04456
prokka_ANT_1/ANT_1:Gene	ANT_1_04457	ANT_1_113:c85777-85385	ANT_1_04457
prokka_ANT_1/ANT_1:Gene	hinT	ANT_1_113:c86127-85777	ANT_1_04458
prokka_ANT_1/ANT_1:Gene	xylP	ANT_1_113:86500-88110	ANT_1_04459
prokka_ANT_1/ANT_1:Gene	yesR	ANT_1_113:88091-89230	ANT_1_04460
prokka_ANT_1/ANT_1:Gene	holB	ANT_1_113:c92836-91838	ANT_1_04463
prokka_ANT_1/ANT_1:Gene	tmk_3	ANT_1_113:c93465-92833	ANT_1_04464
prokka_ANT_1/ANT_1:Gene	mltG	ANT_1_113:c94480-93455	ANT_1_04465
prokka_ANT_1/ANT_1:Gene	plsX	ANT_1_113:c100911-99817	ANT_1_04472
prokka_ANT_1/ANT_1:Gene	rpmF	ANT_1_113:c101044-100874	ANT_1_04473
prokka_ANT_1/ANT_1:Gene	ANT_1_04499	ANT_1_117:c12760-11930	ANT_1_04499
prokka_ANT_1/ANT_1:Gene	ANT_1_04500	ANT_1_117:c14394-12757	ANT_1_04500
prokka_ANT_1/ANT_1:Gene	prsE	ANT_1_119:c6959-5790	ANT_1_04517
prokka_ANT_1/ANT_1:Gene	hlyB	ANT_1_119:c9124-6956	ANT_1_04518
prokka_ANT_1/ANT_1:Gene	ANT_1_04530	ANT_1_119:c40671-40042	ANT_1_04530
prokka_ANT_1/ANT_1:Gene	ANT_1_04531	ANT_1_119:c42356-40668	ANT_1_04531
prokka_ANT_1/ANT_1:Gene	ANT_1_04532	ANT_1_119:c42915-42388	ANT_1_04532
prokka_ANT_1/ANT_1:Gene	ANT_1_04533	ANT_1_119:c43363-42899	ANT_1_04533
prokka_ANT_1/ANT_1:Gene	ANT_1_04534	ANT_1_119:c44108-43347	ANT_1_04534
prokka_ANT_1/ANT_1:Gene	ANT_1_04535	ANT_1_119:c45018-44113	ANT_1_04535
prokka_ANT_1/ANT_1:Gene	ANT_1_04536	ANT_1_119:c45926-45015	ANT_1_04536
prokka_ANT_1/ANT_1:Gene	ANT_1_04537	ANT_1_119:c47172-45919	ANT_1_04537
prokka_ANT_1/ANT_1:Gene	ANT_1_04539	ANT_1_119:c48789-48334	ANT_1_04539
prokka_ANT_1/ANT_1:Gene	sctC	ANT_1_119:c50077-48776	ANT_1_04540
prokka_ANT_1/ANT_1:Gene	menE_2	ANT_1_119:c60240-58876	ANT_1_04548
prokka_ANT_1/ANT_1:Gene	menC	ANT_1_119:c61190-60222	ANT_1_04549
prokka_ANT_1/ANT_1:Gene	menB	ANT_1_119:c62047-61190	ANT_1_04550
prokka_ANT_1/ANT_1:Gene	menH_2	ANT_1_119:c62824-62057	ANT_1_04551
prokka_ANT_1/ANT_1:Gene	menD	ANT_1_119:c64500-62821	ANT_1_04552
prokka_ANT_1/ANT_1:Gene	nuoL	ANT_1_119:c73755-71917	ANT_1_04559
prokka_ANT_1/ANT_1:Gene	nuoK	ANT_1_119:c74054-73752	ANT_1_04560
prokka_ANT_1/ANT_1:Gene	nuoJ	ANT_1_119:c74605-74051	ANT_1_04561
prokka_ANT_1/ANT_1:Gene	nuoH	ANT_1_119:c76148-75171	ANT_1_04563
prokka_ANT_1/ANT_1:Gene	nuoG	ANT_1_119:c78871-76145	ANT_1_04564
prokka_ANT_1/ANT_1:Gene	nuoF	ANT_1_119:c80262-78922	ANT_1_04565
prokka_ANT_1/ANT_1:Gene	nuoE	ANT_1_119:c80774-80259	ANT_1_04566
prokka_ANT_1/ANT_1:Gene	hxpA	ANT_1_119:c89096-88395	ANT_1_04573
prokka_ANT_1/ANT_1:Gene	ANT_1_04574	ANT_1_119:c89562-89068	ANT_1_04574
prokka_ANT_1/ANT_1:Gene	hisM	ANT_1_119:c99341-98625	ANT_1_04583
prokka_ANT_1/ANT_1:Gene	hisQ	ANT_1_119:c100024-99338	ANT_1_04584
prokka_ANT_1/ANT_1:Gene	dedD	ANT_1_119:c104982-104233	ANT_1_04589
prokka_ANT_1/ANT_1:Gene	folC	ANT_1_119:c106234-104972	ANT_1_04590
prokka_ANT_1/ANT_1:Gene	truA	ANT_1_119:c108891-108076	ANT_1_04593
prokka_ANT_1/ANT_1:Gene	usg	ANT_1_119:c109901-108891	ANT_1_04594
prokka_ANT_1/ANT_1:Gene	sasA_5	ANT_1_119:c112556-111165	ANT_1_04596
prokka_ANT_1/ANT_1:Gene	tctD	ANT_1_119:c113218-112553	ANT_1_04597
prokka_ANT_1/ANT_1:Gene	mglA_4	ANT_1_119:130044-131543	ANT_1_04612
prokka_ANT_1/ANT_1:Gene	rbsC_7	ANT_1_119:131536-132522	ANT_1_04613
prokka_ANT_1/ANT_1:Gene	araB_4	ANT_1_119:133492-135126	ANT_1_04615
prokka_ANT_1/ANT_1:Gene	kpsF	ANT_1_119:135126-135728	ANT_1_04616
prokka_ANT_1/ANT_1:Gene	nicA	ANT_1_119:140194-140667	ANT_1_04621
prokka_ANT_1/ANT_1:Gene	nicB_1	ANT_1_119:140664-142901	ANT_1_04622
prokka_ANT_1/ANT_1:Gene	nicB_2	ANT_1_119:142898-144193	ANT_1_04623
prokka_ANT_1/ANT_1:Gene	ANT_1_04624	ANT_1_119:144198-144776	ANT_1_04624
prokka_ANT_1/ANT_1:Gene	paoD	ANT_1_119:144773-145750	ANT_1_04625
prokka_ANT_1/ANT_1:Gene	fadJ	ANT_1_119:c160132-157979	ANT_1_04638
prokka_ANT_1/ANT_1:Gene	fadI	ANT_1_119:c161442-160132	ANT_1_04639
prokka_ANT_1/ANT_1:Gene	ANT_1_04643	ANT_1_119:c165764-164559	ANT_1_04643
prokka_ANT_1/ANT_1:Gene	ccmH	ANT_1_119:c166222-165761	ANT_1_04644
prokka_ANT_1/ANT_1:Gene	dsbE	ANT_1_119:c166776-166219	ANT_1_04645
prokka_ANT_1/ANT_1:Gene	ccmF	ANT_1_119:c168728-166773	ANT_1_04646
prokka_ANT_1/ANT_1:Gene	ccmE	ANT_1_119:c169207-168725	ANT_1_04647
prokka_ANT_1/ANT_1:Gene	ccmD	ANT_1_119:c169437-169204	ANT_1_04648
prokka_ANT_1/ANT_1:Gene	ccmC	ANT_1_119:c170177-169434	ANT_1_04649
prokka_ANT_1/ANT_1:Gene	ccmB	ANT_1_119:c170930-170271	ANT_1_04650
prokka_ANT_1/ANT_1:Gene	ccmA	ANT_1_119:c171547-170930	ANT_1_04651
prokka_ANT_1/ANT_1:Gene	ANT_1_04663	ANT_1_121:503-997	ANT_1_04663
prokka_ANT_1/ANT_1:Gene	ANT_1_04664	ANT_1_121:990-1349	ANT_1_04664

DiscRep_ALL:OVERLAPPING_CDS::8 coding regions overlap another coding region with a similar or identical name.
DiscRep_SUB:OVERLAPPING_CDS::8 coding regions overlap another coding region with a similar or identical name that do not have the appropriate note text
prokka_ANT_1/ANT_1:CDS	Manganese transport system membrane protein MntB	ANT_1_6:24750-25607	ANT_1_00363
prokka_ANT_1/ANT_1:CDS	Manganese transport system membrane protein MntB	ANT_1_6:25604-26440	ANT_1_00364
prokka_ANT_1/ANT_1:CDS	4-amino-4-deoxy-L-arabinose-phosphoundecaprenol flippase subunit ArnE	ANT_1_11:c72873-72475	ANT_1_00634
prokka_ANT_1/ANT_1:CDS	4-amino-4-deoxy-L-arabinose-phosphoundecaprenol flippase subunit ArnE	ANT_1_11:c73229-72873	ANT_1_00635
prokka_ANT_1/ANT_1:CDS	Diacetyl reductase [(S)-acetoin forming]	ANT_1_89:c1940-1602	ANT_1_03721
prokka_ANT_1/ANT_1:CDS	Diacetyl reductase [(S)-acetoin forming]	ANT_1_89:c2085-1885	ANT_1_03722
prokka_ANT_1/ANT_1:CDS	Nicotinate dehydrogenase subunit B	ANT_1_119:140664-142901	ANT_1_04622
prokka_ANT_1/ANT_1:CDS	Nicotinate dehydrogenase subunit B	ANT_1_119:142898-144193	ANT_1_04623

DiscRep_ALL:SUSPECT_PRODUCT_NAMES::12 product_names contain suspect phrase or characters
DiscRep_SUB:SUSPECT_PRODUCT_NAMES::Putative Typo
DiscRep_SUB:SUSPECT_PRODUCT_NAMES::1 features May contain plural
prokka_ANT_1/ANT_1:CDS	Putative transcriptional regulator of 2-aminoethylphosphonate degradation operons	ANT_1_60:55182-55916	ANT_1_02785

DiscRep_SUB:SUSPECT_PRODUCT_NAMES::May contain database identifier more appropriate in note; remove from product name
DiscRep_SUB:SUSPECT_PRODUCT_NAMES::4 features contains three or more numbers together that may be identifiers more appropriate in note
prokka_ANT_1/ANT_1:CDS	putative oxidoreductase/MSMEI_2347	ANT_1_3:c158278-157427	ANT_1_00267
prokka_ANT_1/ANT_1:CDS	Putative transposon Tn552 DNA-invertase bin3	ANT_1_64:10277-10909	ANT_1_02885
prokka_ANT_1/ANT_1:CDS	Putative lipoprotein/NMB1162	ANT_1_86:c47146-46496	ANT_1_03570
prokka_ANT_1/ANT_1:CDS	Putative lipoprotein/NMB1164	ANT_1_86:c48188-47514	ANT_1_03572

DiscRep_SUB:SUSPECT_PRODUCT_NAMES::1 features Contains underscore
prokka_ANT_1/ANT_1:CDS	putative oxidoreductase/MSMEI_2347	ANT_1_3:c158278-157427	ANT_1_00267

DiscRep_SUB:SUSPECT_PRODUCT_NAMES::Use short product name instead of descriptive phrase
DiscRep_SUB:SUSPECT_PRODUCT_NAMES::3 features Is longer than 100 characters. Remove descriptive phrases or synonyms from product names. Keep valid long product names, eg long enzyme names
prokka_ANT_1/ANT_1:CDS	N-acetylgalactosamine-N,N'-diacetylbacillosaminyl-diphospho-undecaprenol 4-alpha-N-acetylgalactosaminyltransferase	ANT_1_16:c58685-57588	ANT_1_01309
prokka_ANT_1/ANT_1:CDS	GalNAc-alpha-(1->4)-GalNAc-alpha-(1->3)-diNAcBac-PP-undecaprenol alpha-1,4-N-acetyl-D-galactosaminyltransferase	ANT_1_76:109775-110809	ANT_1_03298
prokka_ANT_1/ANT_1:CDS	GalNAc-alpha-(1->4)-GalNAc-alpha-(1->3)-diNAcBac-PP-undecaprenol alpha-1,4-N-acetyl-D-galactosaminyltransferase	ANT_1_76:127846-128922	ANT_1_03313

DiscRep_SUB:SUSPECT_PRODUCT_NAMES::use protein instead of gene as appropriate
DiscRep_SUB:SUSPECT_PRODUCT_NAMES::3 features contains 'genes'
prokka_ANT_1/ANT_1:CDS	Hydrogen peroxide-inducible genes activator	ANT_1_3:c68848-67952	ANT_1_00185
prokka_ANT_1/ANT_1:CDS	Hydrogen peroxide-inducible genes activator	ANT_1_10:c27733-26831	ANT_1_00546
prokka_ANT_1/ANT_1:CDS	Hydrogen peroxide-inducible genes activator	ANT_1_16:129508-130428	ANT_1_01376

DiscRep_ALL:FIND_BADLEN_TRNAS::2 tRNAs are too long
prokka_ANT_1/ANT_1:tRNA	Val	ANT_1_43:c40674-40578	ANT_1_02314
prokka_ANT_1/ANT_1:tRNA	Ala	ANT_1_76:c33109-33017	ANT_1_03231

DiscRep_ALL:NO_ANNOTATION::1 bioseqs have no features
prokka_ANT_1/ANT_1:Prokka:ANT_1_100 (length 1112)

DiscRep_ALL:DISC_QUALITY_SCORES::Quality scores are missing on all sequences.

FATAL: DiscRep_ALL:DISC_SUSPECT_RRNA_PRODUCTS::2 rRNA produs contain suspect phract phrase
FATAL: DiscRep_SUB:DISC_SUSPECT_RRNA_PRODUCTS::2 rRNA pnames contains 'pains 'partial'
prokka_ANT_1/ANT_1:rRNA	5S ribosomal RNA (partial)	ANT_1_16:2-89	ANT_1_01257
prokka_ANT_1/ANT_1:rRNA	5S ribosomal RNA (partial)	ANT_1_17:c4866-4779	ANT_1_01390

FATAL: DiscRep_ALL:DISC_SHORT_RRNA::2 rRNA features are too short
prokka_ANT_1/ANT_1:rRNA	5S ribosomal RNA (partial)	ANT_1_16:2-89	ANT_1_01257
prokka_ANT_1/ANT_1:rRNA	5S ribosomal RNA (partial)	ANT_1_17:c4866-4779	ANT_1_01390

DiscRep_ALL:DISC_BAD_BACTERIAL_GENE_NAME::3 bacterial genes do not start with lowercase letters
prokka_ANT_1/ANT_1:Gene	Hgd	ANT_1_3:c27365-26490	ANT_1_00144
prokka_ANT_1/ANT_1:Gene	PGdx	ANT_1_16:c129373-128642	ANT_1_01375
prokka_ANT_1/ANT_1:Gene	DmdB	ANT_1_53:8803-9354	ANT_1_02616

DiscRep_ALL:ONCALLER_COMMENT_PRESENT::121 comment descriptors were found (all same)
prokka_ANT_1/ANT_1:Prokka:ANT_1_1:Annotated using prokka 1.14.6 from https://github.com/tseemann/prokka
prokka_ANT_1/ANT_1:Prokka:ANT_1_2:Annotated using prokka 1.14.6 from https://github.com/tseemann/prokka
prokka_ANT_1/ANT_1:Prokka:ANT_1_3:Annotated using prokka 1.14.6 from https://github.com/tseemann/prokka
prokka_ANT_1/ANT_1:Prokka:ANT_1_4:Annotated using prokka 1.14.6 from https://github.com/tseemann/prokka
prokka_ANT_1/ANT_1:Prokka:ANT_1_5:Annotated using prokka 1.14.6 from https://github.com/tseemann/prokka
prokka_ANT_1/ANT_1:Prokka:ANT_1_6:Annotated using prokka 1.14.6 from https://github.com/tseemann/prokka
prokka_ANT_1/ANT_1:Prokka:ANT_1_7:Annotated using prokka 1.14.6 from https://github.com/tseemann/prokka
prokka_ANT_1/ANT_1:Prokka:ANT_1_8:Annotated using prokka 1.14.6 from https://github.com/tseemann/prokka
prokka_ANT_1/ANT_1:Prokka:ANT_1_9:Annotated using prokka 1.14.6 from https://github.com/tseemann/prokka
prokka_ANT_1/ANT_1:Prokka:ANT_1_10:Annotated using prokka 1.14.6 from https://github.com/tseemann/prokka
prokka_ANT_1/ANT_1:Prokka:ANT_1_11:Annotated using prokka 1.14.6 from https://github.com/tseemann/prokka
prokka_ANT_1/ANT_1:Prokka:ANT_1_12:Annotated using prokka 1.14.6 from https://github.com/tseemann/prokka
prokka_ANT_1/ANT_1:Prokka:ANT_1_13:Annotated using prokka 1.14.6 from https://github.com/tseemann/prokka
prokka_ANT_1/ANT_1:Prokka:ANT_1_14:Annotated using prokka 1.14.6 from https://github.com/tseemann/prokka
prokka_ANT_1/ANT_1:Prokka:ANT_1_15:Annotated using prokka 1.14.6 from https://github.com/tseemann/prokka
prokka_ANT_1/ANT_1:Prokka:ANT_1_16:Annotated using prokka 1.14.6 from https://github.com/tseemann/prokka
prokka_ANT_1/ANT_1:Prokka:ANT_1_17:Annotated using prokka 1.14.6 from https://github.com/tseemann/prokka
prokka_ANT_1/ANT_1:Prokka:ANT_1_18:Annotated using prokka 1.14.6 from https://github.com/tseemann/prokka
prokka_ANT_1/ANT_1:Prokka:ANT_1_19:Annotated using prokka 1.14.6 from https://github.com/tseemann/prokka
prokka_ANT_1/ANT_1:Prokka:ANT_1_20:Annotated using prokka 1.14.6 from https://github.com/tseemann/prokka
prokka_ANT_1/ANT_1:Prokka:ANT_1_21:Annotated using prokka 1.14.6 from https://github.com/tseemann/prokka
prokka_ANT_1/ANT_1:Prokka:ANT_1_22:Annotated using prokka 1.14.6 from https://github.com/tseemann/prokka
prokka_ANT_1/ANT_1:Prokka:ANT_1_23:Annotated using prokka 1.14.6 from https://github.com/tseemann/prokka
prokka_ANT_1/ANT_1:Prokka:ANT_1_24:Annotated using prokka 1.14.6 from https://github.com/tseemann/prokka
prokka_ANT_1/ANT_1:Prokka:ANT_1_25:Annotated using prokka 1.14.6 from https://github.com/tseemann/prokka
prokka_ANT_1/ANT_1:Prokka:ANT_1_26:Annotated using prokka 1.14.6 from https://github.com/tseemann/prokka
prokka_ANT_1/ANT_1:Prokka:ANT_1_27:Annotated using prokka 1.14.6 from https://github.com/tseemann/prokka
prokka_ANT_1/ANT_1:Prokka:ANT_1_28:Annotated using prokka 1.14.6 from https://github.com/tseemann/prokka
prokka_ANT_1/ANT_1:Prokka:ANT_1_29:Annotated using prokka 1.14.6 from https://github.com/tseemann/prokka
prokka_ANT_1/ANT_1:Prokka:ANT_1_30:Annotated using prokka 1.14.6 from https://github.com/tseemann/prokka
prokka_ANT_1/ANT_1:Prokka:ANT_1_31:Annotated using prokka 1.14.6 from https://github.com/tseemann/prokka
prokka_ANT_1/ANT_1:Prokka:ANT_1_32:Annotated using prokka 1.14.6 from https://github.com/tseemann/prokka
prokka_ANT_1/ANT_1:Prokka:ANT_1_33:Annotated using prokka 1.14.6 from https://github.com/tseemann/prokka
prokka_ANT_1/ANT_1:Prokka:ANT_1_34:Annotated using prokka 1.14.6 from https://github.com/tseemann/prokka
prokka_ANT_1/ANT_1:Prokka:ANT_1_35:Annotated using prokka 1.14.6 from https://github.com/tseemann/prokka
prokka_ANT_1/ANT_1:Prokka:ANT_1_36:Annotated using prokka 1.14.6 from https://github.com/tseemann/prokka
prokka_ANT_1/ANT_1:Prokka:ANT_1_37:Annotated using prokka 1.14.6 from https://github.com/tseemann/prokka
prokka_ANT_1/ANT_1:Prokka:ANT_1_38:Annotated using prokka 1.14.6 from https://github.com/tseemann/prokka
prokka_ANT_1/ANT_1:Prokka:ANT_1_39:Annotated using prokka 1.14.6 from https://github.com/tseemann/prokka
prokka_ANT_1/ANT_1:Prokka:ANT_1_40:Annotated using prokka 1.14.6 from https://github.com/tseemann/prokka
prokka_ANT_1/ANT_1:Prokka:ANT_1_41:Annotated using prokka 1.14.6 from https://github.com/tseemann/prokka
prokka_ANT_1/ANT_1:Prokka:ANT_1_42:Annotated using prokka 1.14.6 from https://github.com/tseemann/prokka
prokka_ANT_1/ANT_1:Prokka:ANT_1_43:Annotated using prokka 1.14.6 from https://github.com/tseemann/prokka
prokka_ANT_1/ANT_1:Prokka:ANT_1_44:Annotated using prokka 1.14.6 from https://github.com/tseemann/prokka
prokka_ANT_1/ANT_1:Prokka:ANT_1_45:Annotated using prokka 1.14.6 from https://github.com/tseemann/prokka
prokka_ANT_1/ANT_1:Prokka:ANT_1_46:Annotated using prokka 1.14.6 from https://github.com/tseemann/prokka
prokka_ANT_1/ANT_1:Prokka:ANT_1_47:Annotated using prokka 1.14.6 from https://github.com/tseemann/prokka
prokka_ANT_1/ANT_1:Prokka:ANT_1_48:Annotated using prokka 1.14.6 from https://github.com/tseemann/prokka
prokka_ANT_1/ANT_1:Prokka:ANT_1_49:Annotated using prokka 1.14.6 from https://github.com/tseemann/prokka
prokka_ANT_1/ANT_1:Prokka:ANT_1_50:Annotated using prokka 1.14.6 from https://github.com/tseemann/prokka
prokka_ANT_1/ANT_1:Prokka:ANT_1_51:Annotated using prokka 1.14.6 from https://github.com/tseemann/prokka
prokka_ANT_1/ANT_1:Prokka:ANT_1_52:Annotated using prokka 1.14.6 from https://github.com/tseemann/prokka
prokka_ANT_1/ANT_1:Prokka:ANT_1_53:Annotated using prokka 1.14.6 from https://github.com/tseemann/prokka
prokka_ANT_1/ANT_1:Prokka:ANT_1_54:Annotated using prokka 1.14.6 from https://github.com/tseemann/prokka
prokka_ANT_1/ANT_1:Prokka:ANT_1_55:Annotated using prokka 1.14.6 from https://github.com/tseemann/prokka
prokka_ANT_1/ANT_1:Prokka:ANT_1_56:Annotated using prokka 1.14.6 from https://github.com/tseemann/prokka
prokka_ANT_1/ANT_1:Prokka:ANT_1_57:Annotated using prokka 1.14.6 from https://github.com/tseemann/prokka
prokka_ANT_1/ANT_1:Prokka:ANT_1_58:Annotated using prokka 1.14.6 from https://github.com/tseemann/prokka
prokka_ANT_1/ANT_1:Prokka:ANT_1_59:Annotated using prokka 1.14.6 from https://github.com/tseemann/prokka
prokka_ANT_1/ANT_1:Prokka:ANT_1_60:Annotated using prokka 1.14.6 from https://github.com/tseemann/prokka
prokka_ANT_1/ANT_1:Prokka:ANT_1_61:Annotated using prokka 1.14.6 from https://github.com/tseemann/prokka
prokka_ANT_1/ANT_1:Prokka:ANT_1_62:Annotated using prokka 1.14.6 from https://github.com/tseemann/prokka
prokka_ANT_1/ANT_1:Prokka:ANT_1_63:Annotated using prokka 1.14.6 from https://github.com/tseemann/prokka
prokka_ANT_1/ANT_1:Prokka:ANT_1_64:Annotated using prokka 1.14.6 from https://github.com/tseemann/prokka
prokka_ANT_1/ANT_1:Prokka:ANT_1_65:Annotated using prokka 1.14.6 from https://github.com/tseemann/prokka
prokka_ANT_1/ANT_1:Prokka:ANT_1_66:Annotated using prokka 1.14.6 from https://github.com/tseemann/prokka
prokka_ANT_1/ANT_1:Prokka:ANT_1_67:Annotated using prokka 1.14.6 from https://github.com/tseemann/prokka
prokka_ANT_1/ANT_1:Prokka:ANT_1_68:Annotated using prokka 1.14.6 from https://github.com/tseemann/prokka
prokka_ANT_1/ANT_1:Prokka:ANT_1_69:Annotated using prokka 1.14.6 from https://github.com/tseemann/prokka
prokka_ANT_1/ANT_1:Prokka:ANT_1_70:Annotated using prokka 1.14.6 from https://github.com/tseemann/prokka
prokka_ANT_1/ANT_1:Prokka:ANT_1_71:Annotated using prokka 1.14.6 from https://github.com/tseemann/prokka
prokka_ANT_1/ANT_1:Prokka:ANT_1_72:Annotated using prokka 1.14.6 from https://github.com/tseemann/prokka
prokka_ANT_1/ANT_1:Prokka:ANT_1_73:Annotated using prokka 1.14.6 from https://github.com/tseemann/prokka
prokka_ANT_1/ANT_1:Prokka:ANT_1_74:Annotated using prokka 1.14.6 from https://github.com/tseemann/prokka
prokka_ANT_1/ANT_1:Prokka:ANT_1_75:Annotated using prokka 1.14.6 from https://github.com/tseemann/prokka
prokka_ANT_1/ANT_1:Prokka:ANT_1_76:Annotated using prokka 1.14.6 from https://github.com/tseemann/prokka
prokka_ANT_1/ANT_1:Prokka:ANT_1_77:Annotated using prokka 1.14.6 from https://github.com/tseemann/prokka
prokka_ANT_1/ANT_1:Prokka:ANT_1_78:Annotated using prokka 1.14.6 from https://github.com/tseemann/prokka
prokka_ANT_1/ANT_1:Prokka:ANT_1_79:Annotated using prokka 1.14.6 from https://github.com/tseemann/prokka
prokka_ANT_1/ANT_1:Prokka:ANT_1_80:Annotated using prokka 1.14.6 from https://github.com/tseemann/prokka
prokka_ANT_1/ANT_1:Prokka:ANT_1_81:Annotated using prokka 1.14.6 from https://github.com/tseemann/prokka
prokka_ANT_1/ANT_1:Prokka:ANT_1_82:Annotated using prokka 1.14.6 from https://github.com/tseemann/prokka
prokka_ANT_1/ANT_1:Prokka:ANT_1_83:Annotated using prokka 1.14.6 from https://github.com/tseemann/prokka
prokka_ANT_1/ANT_1:Prokka:ANT_1_84:Annotated using prokka 1.14.6 from https://github.com/tseemann/prokka
prokka_ANT_1/ANT_1:Prokka:ANT_1_85:Annotated using prokka 1.14.6 from https://github.com/tseemann/prokka
prokka_ANT_1/ANT_1:Prokka:ANT_1_86:Annotated using prokka 1.14.6 from https://github.com/tseemann/prokka
prokka_ANT_1/ANT_1:Prokka:ANT_1_87:Annotated using prokka 1.14.6 from https://github.com/tseemann/prokka
prokka_ANT_1/ANT_1:Prokka:ANT_1_88:Annotated using prokka 1.14.6 from https://github.com/tseemann/prokka
prokka_ANT_1/ANT_1:Prokka:ANT_1_89:Annotated using prokka 1.14.6 from https://github.com/tseemann/prokka
prokka_ANT_1/ANT_1:Prokka:ANT_1_90:Annotated using prokka 1.14.6 from https://github.com/tseemann/prokka
prokka_ANT_1/ANT_1:Prokka:ANT_1_91:Annotated using prokka 1.14.6 from https://github.com/tseemann/prokka
prokka_ANT_1/ANT_1:Prokka:ANT_1_92:Annotated using prokka 1.14.6 from https://github.com/tseemann/prokka
prokka_ANT_1/ANT_1:Prokka:ANT_1_93:Annotated using prokka 1.14.6 from https://github.com/tseemann/prokka
prokka_ANT_1/ANT_1:Prokka:ANT_1_94:Annotated using prokka 1.14.6 from https://github.com/tseemann/prokka
prokka_ANT_1/ANT_1:Prokka:ANT_1_95:Annotated using prokka 1.14.6 from https://github.com/tseemann/prokka
prokka_ANT_1/ANT_1:Prokka:ANT_1_96:Annotated using prokka 1.14.6 from https://github.com/tseemann/prokka
prokka_ANT_1/ANT_1:Prokka:ANT_1_97:Annotated using prokka 1.14.6 from https://github.com/tseemann/prokka
prokka_ANT_1/ANT_1:Prokka:ANT_1_98:Annotated using prokka 1.14.6 from https://github.com/tseemann/prokka
prokka_ANT_1/ANT_1:Prokka:ANT_1_99:Annotated using prokka 1.14.6 from https://github.com/tseemann/prokka
prokka_ANT_1/ANT_1:Prokka:ANT_1_100:Annotated using prokka 1.14.6 from https://github.com/tseemann/prokka
prokka_ANT_1/ANT_1:Prokka:ANT_1_101:Annotated using prokka 1.14.6 from https://github.com/tseemann/prokka
prokka_ANT_1/ANT_1:Prokka:ANT_1_102:Annotated using prokka 1.14.6 from https://github.com/tseemann/prokka
prokka_ANT_1/ANT_1:Prokka:ANT_1_103:Annotated using prokka 1.14.6 from https://github.com/tseemann/prokka
prokka_ANT_1/ANT_1:Prokka:ANT_1_104:Annotated using prokka 1.14.6 from https://github.com/tseemann/prokka
prokka_ANT_1/ANT_1:Prokka:ANT_1_105:Annotated using prokka 1.14.6 from https://github.com/tseemann/prokka
prokka_ANT_1/ANT_1:Prokka:ANT_1_106:Annotated using prokka 1.14.6 from https://github.com/tseemann/prokka
prokka_ANT_1/ANT_1:Prokka:ANT_1_107:Annotated using prokka 1.14.6 from https://github.com/tseemann/prokka
prokka_ANT_1/ANT_1:Prokka:ANT_1_108:Annotated using prokka 1.14.6 from https://github.com/tseemann/prokka
prokka_ANT_1/ANT_1:Prokka:ANT_1_109:Annotated using prokka 1.14.6 from https://github.com/tseemann/prokka
prokka_ANT_1/ANT_1:Prokka:ANT_1_110:Annotated using prokka 1.14.6 from https://github.com/tseemann/prokka
prokka_ANT_1/ANT_1:Prokka:ANT_1_111:Annotated using prokka 1.14.6 from https://github.com/tseemann/prokka
prokka_ANT_1/ANT_1:Prokka:ANT_1_112:Annotated using prokka 1.14.6 from https://github.com/tseemann/prokka
prokka_ANT_1/ANT_1:Prokka:ANT_1_113:Annotated using prokka 1.14.6 from https://github.com/tseemann/prokka
prokka_ANT_1/ANT_1:Prokka:ANT_1_114:Annotated using prokka 1.14.6 from https://github.com/tseemann/prokka
prokka_ANT_1/ANT_1:Prokka:ANT_1_115:Annotated using prokka 1.14.6 from https://github.com/tseemann/prokka
prokka_ANT_1/ANT_1:Prokka:ANT_1_116:Annotated using prokka 1.14.6 from https://github.com/tseemann/prokka
prokka_ANT_1/ANT_1:Prokka:ANT_1_117:Annotated using prokka 1.14.6 from https://github.com/tseemann/prokka
prokka_ANT_1/ANT_1:Prokka:ANT_1_118:Annotated using prokka 1.14.6 from https://github.com/tseemann/prokka
prokka_ANT_1/ANT_1:Prokka:ANT_1_119:Annotated using prokka 1.14.6 from https://github.com/tseemann/prokka
prokka_ANT_1/ANT_1:Prokka:ANT_1_120:Annotated using prokka 1.14.6 from https://github.com/tseemann/prokka
prokka_ANT_1/ANT_1:Prokka:ANT_1_121:Annotated using prokka 1.14.6 from https://github.com/tseemann/prokka

DiscRep_ALL:SHORT_PROT_SEQUENCES::53 protein sequences are shorter than 50 aa.
prokka_ANT_1/ANT_1:Prokka:ANT_1_00147 (length 40)
prokka_ANT_1/ANT_1:Prokka:ANT_1_00190 (length 40)
prokka_ANT_1/ANT_1:Prokka:ANT_1_00203 (length 30)
prokka_ANT_1/ANT_1:Prokka:ANT_1_00317 (length 35)
prokka_ANT_1/ANT_1:Prokka:ANT_1_00344 (length 43)
prokka_ANT_1/ANT_1:Prokka:ANT_1_00427 (length 40)
prokka_ANT_1/ANT_1:Prokka:ANT_1_00515 (length 29)
prokka_ANT_1/ANT_1:Prokka:ANT_1_00528 (length 48)
prokka_ANT_1/ANT_1:Prokka:ANT_1_00713 (length 37)
prokka_ANT_1/ANT_1:Prokka:ANT_1_00764 (length 40)
prokka_ANT_1/ANT_1:Prokka:ANT_1_00765 (length 48)
prokka_ANT_1/ANT_1:Prokka:ANT_1_01096 (length 29)
prokka_ANT_1/ANT_1:Prokka:ANT_1_01162 (length 49)
prokka_ANT_1/ANT_1:Prokka:ANT_1_01164 (length 43)
prokka_ANT_1/ANT_1:Prokka:ANT_1_01239 (length 47)
prokka_ANT_1/ANT_1:Prokka:ANT_1_01500 (length 47)
prokka_ANT_1/ANT_1:Prokka:ANT_1_01502 (length 40)
prokka_ANT_1/ANT_1:Prokka:ANT_1_01533 (length 35)
prokka_ANT_1/ANT_1:Prokka:ANT_1_01560 (length 43)
prokka_ANT_1/ANT_1:Prokka:ANT_1_02091 (length 42)
prokka_ANT_1/ANT_1:Prokka:ANT_1_02178 (length 30)
prokka_ANT_1/ANT_1:Prokka:ANT_1_02200 (length 29)
prokka_ANT_1/ANT_1:Prokka:ANT_1_02224 (length 37)
prokka_ANT_1/ANT_1:Prokka:ANT_1_02288 (length 49)
prokka_ANT_1/ANT_1:Prokka:ANT_1_02299 (length 43)
prokka_ANT_1/ANT_1:Prokka:ANT_1_02377 (length 34)
prokka_ANT_1/ANT_1:Prokka:ANT_1_02444 (length 29)
prokka_ANT_1/ANT_1:Prokka:ANT_1_02475 (length 47)
prokka_ANT_1/ANT_1:Prokka:ANT_1_02480 (length 49)
prokka_ANT_1/ANT_1:Prokka:ANT_1_02595 (length 46)
prokka_ANT_1/ANT_1:Prokka:ANT_1_02618 (length 29)
prokka_ANT_1/ANT_1:Prokka:ANT_1_02735 (length 44)
prokka_ANT_1/ANT_1:Prokka:ANT_1_02838 (length 40)
prokka_ANT_1/ANT_1:Prokka:ANT_1_02880 (length 44)
prokka_ANT_1/ANT_1:Prokka:ANT_1_02923 (length 45)
prokka_ANT_1/ANT_1:Prokka:ANT_1_03026 (length 41)
prokka_ANT_1/ANT_1:Prokka:ANT_1_03045 (length 38)
prokka_ANT_1/ANT_1:Prokka:ANT_1_03195 (length 42)
prokka_ANT_1/ANT_1:Prokka:ANT_1_03198 (length 42)
prokka_ANT_1/ANT_1:Prokka:ANT_1_03258 (length 43)
prokka_ANT_1/ANT_1:Prokka:ANT_1_03371 (length 41)
prokka_ANT_1/ANT_1:Prokka:ANT_1_03415 (length 29)
prokka_ANT_1/ANT_1:Prokka:ANT_1_03626 (length 48)
prokka_ANT_1/ANT_1:Prokka:ANT_1_03672 (length 33)
prokka_ANT_1/ANT_1:Prokka:ANT_1_03696 (length 35)
prokka_ANT_1/ANT_1:Prokka:ANT_1_03701 (length 41)
prokka_ANT_1/ANT_1:Prokka:ANT_1_03741 (length 30)
prokka_ANT_1/ANT_1:Prokka:ANT_1_03781 (length 49)
prokka_ANT_1/ANT_1:Prokka:ANT_1_04054 (length 31)
prokka_ANT_1/ANT_1:Prokka:ANT_1_04070 (length 45)
prokka_ANT_1/ANT_1:Prokka:ANT_1_04209 (length 32)
prokka_ANT_1/ANT_1:Prokka:ANT_1_04332 (length 39)
prokka_ANT_1/ANT_1:Prokka:ANT_1_04482 (length 36)

DiscRep_ALL:MISSING_GENOMEASSEMBLY_COMMENTS::121 bioseqs are missing GenomeAssembly structured comments
prokka_ANT_1/ANT_1:Prokka:ANT_1_1 (length 17651)
prokka_ANT_1/ANT_1:Prokka:ANT_1_2 (length 109278)
prokka_ANT_1/ANT_1:Prokka:ANT_1_3 (length 219437)
prokka_ANT_1/ANT_1:Prokka:ANT_1_4 (length 3045)
prokka_ANT_1/ANT_1:Prokka:ANT_1_5 (length 9983)
prokka_ANT_1/ANT_1:Prokka:ANT_1_6 (length 28713)
prokka_ANT_1/ANT_1:Prokka:ANT_1_7 (length 10137)
prokka_ANT_1/ANT_1:Prokka:ANT_1_8 (length 107449)
prokka_ANT_1/ANT_1:Prokka:ANT_1_9 (length 41892)
prokka_ANT_1/ANT_1:Prokka:ANT_1_10 (length 53005)
prokka_ANT_1/ANT_1:Prokka:ANT_1_11 (length 330868)
prokka_ANT_1/ANT_1:Prokka:ANT_1_12 (length 2572)
prokka_ANT_1/ANT_1:Prokka:ANT_1_13 (length 73728)
prokka_ANT_1/ANT_1:Prokka:ANT_1_14 (length 25397)
prokka_ANT_1/ANT_1:Prokka:ANT_1_15 (length 299461)
prokka_ANT_1/ANT_1:Prokka:ANT_1_16 (length 137469)
prokka_ANT_1/ANT_1:Prokka:ANT_1_17 (length 4867)
prokka_ANT_1/ANT_1:Prokka:ANT_1_18 (length 19883)
prokka_ANT_1/ANT_1:Prokka:ANT_1_19 (length 56858)
prokka_ANT_1/ANT_1:Prokka:ANT_1_20 (length 23487)
prokka_ANT_1/ANT_1:Prokka:ANT_1_21 (length 20550)
prokka_ANT_1/ANT_1:Prokka:ANT_1_22 (length 10519)
prokka_ANT_1/ANT_1:Prokka:ANT_1_23 (length 4515)
prokka_ANT_1/ANT_1:Prokka:ANT_1_24 (length 4558)
prokka_ANT_1/ANT_1:Prokka:ANT_1_25 (length 1175)
prokka_ANT_1/ANT_1:Prokka:ANT_1_26 (length 1585)
prokka_ANT_1/ANT_1:Prokka:ANT_1_27 (length 26028)
prokka_ANT_1/ANT_1:Prokka:ANT_1_28 (length 3917)
prokka_ANT_1/ANT_1:Prokka:ANT_1_29 (length 84483)
prokka_ANT_1/ANT_1:Prokka:ANT_1_30 (length 293428)
prokka_ANT_1/ANT_1:Prokka:ANT_1_31 (length 3839)
prokka_ANT_1/ANT_1:Prokka:ANT_1_32 (length 153656)
prokka_ANT_1/ANT_1:Prokka:ANT_1_33 (length 34375)
prokka_ANT_1/ANT_1:Prokka:ANT_1_34 (length 75667)
prokka_ANT_1/ANT_1:Prokka:ANT_1_35 (length 4987)
prokka_ANT_1/ANT_1:Prokka:ANT_1_36 (length 15124)
prokka_ANT_1/ANT_1:Prokka:ANT_1_37 (length 74441)
prokka_ANT_1/ANT_1:Prokka:ANT_1_38 (length 5133)
prokka_ANT_1/ANT_1:Prokka:ANT_1_39 (length 2850)
prokka_ANT_1/ANT_1:Prokka:ANT_1_40 (length 1608)
prokka_ANT_1/ANT_1:Prokka:ANT_1_41 (length 40064)
prokka_ANT_1/ANT_1:Prokka:ANT_1_42 (length 4872)
prokka_ANT_1/ANT_1:Prokka:ANT_1_43 (length 135545)
prokka_ANT_1/ANT_1:Prokka:ANT_1_44 (length 41822)
prokka_ANT_1/ANT_1:Prokka:ANT_1_45 (length 6221)
prokka_ANT_1/ANT_1:Prokka:ANT_1_46 (length 73892)
prokka_ANT_1/ANT_1:Prokka:ANT_1_47 (length 30611)
prokka_ANT_1/ANT_1:Prokka:ANT_1_48 (length 4652)
prokka_ANT_1/ANT_1:Prokka:ANT_1_49 (length 18155)
prokka_ANT_1/ANT_1:Prokka:ANT_1_50 (length 1074)
prokka_ANT_1/ANT_1:Prokka:ANT_1_51 (length 33553)
prokka_ANT_1/ANT_1:Prokka:ANT_1_52 (length 2056)
prokka_ANT_1/ANT_1:Prokka:ANT_1_53 (length 11992)
prokka_ANT_1/ANT_1:Prokka:ANT_1_54 (length 15913)
prokka_ANT_1/ANT_1:Prokka:ANT_1_55 (length 1774)
prokka_ANT_1/ANT_1:Prokka:ANT_1_56 (length 5725)
prokka_ANT_1/ANT_1:Prokka:ANT_1_57 (length 64558)
prokka_ANT_1/ANT_1:Prokka:ANT_1_58 (length 1886)
prokka_ANT_1/ANT_1:Prokka:ANT_1_59 (length 18273)
prokka_ANT_1/ANT_1:Prokka:ANT_1_60 (length 71145)
prokka_ANT_1/ANT_1:Prokka:ANT_1_61 (length 3993)
prokka_ANT_1/ANT_1:Prokka:ANT_1_62 (length 63032)
prokka_ANT_1/ANT_1:Prokka:ANT_1_63 (length 24932)
prokka_ANT_1/ANT_1:Prokka:ANT_1_64 (length 21690)
prokka_ANT_1/ANT_1:Prokka:ANT_1_65 (length 87878)
prokka_ANT_1/ANT_1:Prokka:ANT_1_66 (length 10304)
prokka_ANT_1/ANT_1:Prokka:ANT_1_67 (length 88369)
prokka_ANT_1/ANT_1:Prokka:ANT_1_68 (length 9777)
prokka_ANT_1/ANT_1:Prokka:ANT_1_69 (length 44713)
prokka_ANT_1/ANT_1:Prokka:ANT_1_70 (length 24718)
prokka_ANT_1/ANT_1:Prokka:ANT_1_71 (length 23379)
prokka_ANT_1/ANT_1:Prokka:ANT_1_72 (length 43304)
prokka_ANT_1/ANT_1:Prokka:ANT_1_73 (length 2379)
prokka_ANT_1/ANT_1:Prokka:ANT_1_74 (length 2178)
prokka_ANT_1/ANT_1:Prokka:ANT_1_75 (length 2178)
prokka_ANT_1/ANT_1:Prokka:ANT_1_76 (length 134478)
prokka_ANT_1/ANT_1:Prokka:ANT_1_77 (length 1007)
prokka_ANT_1/ANT_1:Prokka:ANT_1_78 (length 49527)
prokka_ANT_1/ANT_1:Prokka:ANT_1_79 (length 3793)
prokka_ANT_1/ANT_1:Prokka:ANT_1_80 (length 1136)
prokka_ANT_1/ANT_1:Prokka:ANT_1_81 (length 21127)
prokka_ANT_1/ANT_1:Prokka:ANT_1_82 (length 2243)
prokka_ANT_1/ANT_1:Prokka:ANT_1_83 (length 2643)
prokka_ANT_1/ANT_1:Prokka:ANT_1_84 (length 41204)
prokka_ANT_1/ANT_1:Prokka:ANT_1_85 (length 90909)
prokka_ANT_1/ANT_1:Prokka:ANT_1_86 (length 76558)
prokka_ANT_1/ANT_1:Prokka:ANT_1_87 (length 20174)
prokka_ANT_1/ANT_1:Prokka:ANT_1_88 (length 86414)
prokka_ANT_1/ANT_1:Prokka:ANT_1_89 (length 158282)
prokka_ANT_1/ANT_1:Prokka:ANT_1_90 (length 8856)
prokka_ANT_1/ANT_1:Prokka:ANT_1_91 (length 5449)
prokka_ANT_1/ANT_1:Prokka:ANT_1_92 (length 3017)
prokka_ANT_1/ANT_1:Prokka:ANT_1_93 (length 25678)
prokka_ANT_1/ANT_1:Prokka:ANT_1_94 (length 7380)
prokka_ANT_1/ANT_1:Prokka:ANT_1_95 (length 34427)
prokka_ANT_1/ANT_1:Prokka:ANT_1_96 (length 83253)
prokka_ANT_1/ANT_1:Prokka:ANT_1_97 (length 3039)
prokka_ANT_1/ANT_1:Prokka:ANT_1_98 (length 3038)
prokka_ANT_1/ANT_1:Prokka:ANT_1_99 (length 17058)
prokka_ANT_1/ANT_1:Prokka:ANT_1_100 (length 1112)
prokka_ANT_1/ANT_1:Prokka:ANT_1_101 (length 12915)
prokka_ANT_1/ANT_1:Prokka:ANT_1_102 (length 41535)
prokka_ANT_1/ANT_1:Prokka:ANT_1_103 (length 34264)
prokka_ANT_1/ANT_1:Prokka:ANT_1_104 (length 5058)
prokka_ANT_1/ANT_1:Prokka:ANT_1_105 (length 1718)
prokka_ANT_1/ANT_1:Prokka:ANT_1_106 (length 92249)
prokka_ANT_1/ANT_1:Prokka:ANT_1_107 (length 2599)
prokka_ANT_1/ANT_1:Prokka:ANT_1_108 (length 19384)
prokka_ANT_1/ANT_1:Prokka:ANT_1_109 (length 56774)
prokka_ANT_1/ANT_1:Prokka:ANT_1_110 (length 6226)
prokka_ANT_1/ANT_1:Prokka:ANT_1_111 (length 40915)
prokka_ANT_1/ANT_1:Prokka:ANT_1_112 (length 1757)
prokka_ANT_1/ANT_1:Prokka:ANT_1_113 (length 108380)
prokka_ANT_1/ANT_1:Prokka:ANT_1_114 (length 2944)
prokka_ANT_1/ANT_1:Prokka:ANT_1_115 (length 2742)
prokka_ANT_1/ANT_1:Prokka:ANT_1_116 (length 6184)
prokka_ANT_1/ANT_1:Prokka:ANT_1_117 (length 25490)
prokka_ANT_1/ANT_1:Prokka:ANT_1_118 (length 1240)
prokka_ANT_1/ANT_1:Prokka:ANT_1_119 (length 173040)
prokka_ANT_1/ANT_1:Prokka:ANT_1_120 (length 6804)
prokka_ANT_1/ANT_1:Prokka:ANT_1_121 (length 5092)

DiscRep_ALL:MOLTYPE_NOT_MRNA::121 molecule types are not set as mRNA.
prokka_ANT_1/ANT_1:Prokka:ANT_1_1 (length 17651)
prokka_ANT_1/ANT_1:Prokka:ANT_1_2 (length 109278)
prokka_ANT_1/ANT_1:Prokka:ANT_1_3 (length 219437)
prokka_ANT_1/ANT_1:Prokka:ANT_1_4 (length 3045)
prokka_ANT_1/ANT_1:Prokka:ANT_1_5 (length 9983)
prokka_ANT_1/ANT_1:Prokka:ANT_1_6 (length 28713)
prokka_ANT_1/ANT_1:Prokka:ANT_1_7 (length 10137)
prokka_ANT_1/ANT_1:Prokka:ANT_1_8 (length 107449)
prokka_ANT_1/ANT_1:Prokka:ANT_1_9 (length 41892)
prokka_ANT_1/ANT_1:Prokka:ANT_1_10 (length 53005)
prokka_ANT_1/ANT_1:Prokka:ANT_1_11 (length 330868)
prokka_ANT_1/ANT_1:Prokka:ANT_1_12 (length 2572)
prokka_ANT_1/ANT_1:Prokka:ANT_1_13 (length 73728)
prokka_ANT_1/ANT_1:Prokka:ANT_1_14 (length 25397)
prokka_ANT_1/ANT_1:Prokka:ANT_1_15 (length 299461)
prokka_ANT_1/ANT_1:Prokka:ANT_1_16 (length 137469)
prokka_ANT_1/ANT_1:Prokka:ANT_1_17 (length 4867)
prokka_ANT_1/ANT_1:Prokka:ANT_1_18 (length 19883)
prokka_ANT_1/ANT_1:Prokka:ANT_1_19 (length 56858)
prokka_ANT_1/ANT_1:Prokka:ANT_1_20 (length 23487)
prokka_ANT_1/ANT_1:Prokka:ANT_1_21 (length 20550)
prokka_ANT_1/ANT_1:Prokka:ANT_1_22 (length 10519)
prokka_ANT_1/ANT_1:Prokka:ANT_1_23 (length 4515)
prokka_ANT_1/ANT_1:Prokka:ANT_1_24 (length 4558)
prokka_ANT_1/ANT_1:Prokka:ANT_1_25 (length 1175)
prokka_ANT_1/ANT_1:Prokka:ANT_1_26 (length 1585)
prokka_ANT_1/ANT_1:Prokka:ANT_1_27 (length 26028)
prokka_ANT_1/ANT_1:Prokka:ANT_1_28 (length 3917)
prokka_ANT_1/ANT_1:Prokka:ANT_1_29 (length 84483)
prokka_ANT_1/ANT_1:Prokka:ANT_1_30 (length 293428)
prokka_ANT_1/ANT_1:Prokka:ANT_1_31 (length 3839)
prokka_ANT_1/ANT_1:Prokka:ANT_1_32 (length 153656)
prokka_ANT_1/ANT_1:Prokka:ANT_1_33 (length 34375)
prokka_ANT_1/ANT_1:Prokka:ANT_1_34 (length 75667)
prokka_ANT_1/ANT_1:Prokka:ANT_1_35 (length 4987)
prokka_ANT_1/ANT_1:Prokka:ANT_1_36 (length 15124)
prokka_ANT_1/ANT_1:Prokka:ANT_1_37 (length 74441)
prokka_ANT_1/ANT_1:Prokka:ANT_1_38 (length 5133)
prokka_ANT_1/ANT_1:Prokka:ANT_1_39 (length 2850)
prokka_ANT_1/ANT_1:Prokka:ANT_1_40 (length 1608)
prokka_ANT_1/ANT_1:Prokka:ANT_1_41 (length 40064)
prokka_ANT_1/ANT_1:Prokka:ANT_1_42 (length 4872)
prokka_ANT_1/ANT_1:Prokka:ANT_1_43 (length 135545)
prokka_ANT_1/ANT_1:Prokka:ANT_1_44 (length 41822)
prokka_ANT_1/ANT_1:Prokka:ANT_1_45 (length 6221)
prokka_ANT_1/ANT_1:Prokka:ANT_1_46 (length 73892)
prokka_ANT_1/ANT_1:Prokka:ANT_1_47 (length 30611)
prokka_ANT_1/ANT_1:Prokka:ANT_1_48 (length 4652)
prokka_ANT_1/ANT_1:Prokka:ANT_1_49 (length 18155)
prokka_ANT_1/ANT_1:Prokka:ANT_1_50 (length 1074)
prokka_ANT_1/ANT_1:Prokka:ANT_1_51 (length 33553)
prokka_ANT_1/ANT_1:Prokka:ANT_1_52 (length 2056)
prokka_ANT_1/ANT_1:Prokka:ANT_1_53 (length 11992)
prokka_ANT_1/ANT_1:Prokka:ANT_1_54 (length 15913)
prokka_ANT_1/ANT_1:Prokka:ANT_1_55 (length 1774)
prokka_ANT_1/ANT_1:Prokka:ANT_1_56 (length 5725)
prokka_ANT_1/ANT_1:Prokka:ANT_1_57 (length 64558)
prokka_ANT_1/ANT_1:Prokka:ANT_1_58 (length 1886)
prokka_ANT_1/ANT_1:Prokka:ANT_1_59 (length 18273)
prokka_ANT_1/ANT_1:Prokka:ANT_1_60 (length 71145)
prokka_ANT_1/ANT_1:Prokka:ANT_1_61 (length 3993)
prokka_ANT_1/ANT_1:Prokka:ANT_1_62 (length 63032)
prokka_ANT_1/ANT_1:Prokka:ANT_1_63 (length 24932)
prokka_ANT_1/ANT_1:Prokka:ANT_1_64 (length 21690)
prokka_ANT_1/ANT_1:Prokka:ANT_1_65 (length 87878)
prokka_ANT_1/ANT_1:Prokka:ANT_1_66 (length 10304)
prokka_ANT_1/ANT_1:Prokka:ANT_1_67 (length 88369)
prokka_ANT_1/ANT_1:Prokka:ANT_1_68 (length 9777)
prokka_ANT_1/ANT_1:Prokka:ANT_1_69 (length 44713)
prokka_ANT_1/ANT_1:Prokka:ANT_1_70 (length 24718)
prokka_ANT_1/ANT_1:Prokka:ANT_1_71 (length 23379)
prokka_ANT_1/ANT_1:Prokka:ANT_1_72 (length 43304)
prokka_ANT_1/ANT_1:Prokka:ANT_1_73 (length 2379)
prokka_ANT_1/ANT_1:Prokka:ANT_1_74 (length 2178)
prokka_ANT_1/ANT_1:Prokka:ANT_1_75 (length 2178)
prokka_ANT_1/ANT_1:Prokka:ANT_1_76 (length 134478)
prokka_ANT_1/ANT_1:Prokka:ANT_1_77 (length 1007)
prokka_ANT_1/ANT_1:Prokka:ANT_1_78 (length 49527)
prokka_ANT_1/ANT_1:Prokka:ANT_1_79 (length 3793)
prokka_ANT_1/ANT_1:Prokka:ANT_1_80 (length 1136)
prokka_ANT_1/ANT_1:Prokka:ANT_1_81 (length 21127)
prokka_ANT_1/ANT_1:Prokka:ANT_1_82 (length 2243)
prokka_ANT_1/ANT_1:Prokka:ANT_1_83 (length 2643)
prokka_ANT_1/ANT_1:Prokka:ANT_1_84 (length 41204)
prokka_ANT_1/ANT_1:Prokka:ANT_1_85 (length 90909)
prokka_ANT_1/ANT_1:Prokka:ANT_1_86 (length 76558)
prokka_ANT_1/ANT_1:Prokka:ANT_1_87 (length 20174)
prokka_ANT_1/ANT_1:Prokka:ANT_1_88 (length 86414)
prokka_ANT_1/ANT_1:Prokka:ANT_1_89 (length 158282)
prokka_ANT_1/ANT_1:Prokka:ANT_1_90 (length 8856)
prokka_ANT_1/ANT_1:Prokka:ANT_1_91 (length 5449)
prokka_ANT_1/ANT_1:Prokka:ANT_1_92 (length 3017)
prokka_ANT_1/ANT_1:Prokka:ANT_1_93 (length 25678)
prokka_ANT_1/ANT_1:Prokka:ANT_1_94 (length 7380)
prokka_ANT_1/ANT_1:Prokka:ANT_1_95 (length 34427)
prokka_ANT_1/ANT_1:Prokka:ANT_1_96 (length 83253)
prokka_ANT_1/ANT_1:Prokka:ANT_1_97 (length 3039)
prokka_ANT_1/ANT_1:Prokka:ANT_1_98 (length 3038)
prokka_ANT_1/ANT_1:Prokka:ANT_1_99 (length 17058)
prokka_ANT_1/ANT_1:Prokka:ANT_1_100 (length 1112)
prokka_ANT_1/ANT_1:Prokka:ANT_1_101 (length 12915)
prokka_ANT_1/ANT_1:Prokka:ANT_1_102 (length 41535)
prokka_ANT_1/ANT_1:Prokka:ANT_1_103 (length 34264)
prokka_ANT_1/ANT_1:Prokka:ANT_1_104 (length 5058)
prokka_ANT_1/ANT_1:Prokka:ANT_1_105 (length 1718)
prokka_ANT_1/ANT_1:Prokka:ANT_1_106 (length 92249)
prokka_ANT_1/ANT_1:Prokka:ANT_1_107 (length 2599)
prokka_ANT_1/ANT_1:Prokka:ANT_1_108 (length 19384)
prokka_ANT_1/ANT_1:Prokka:ANT_1_109 (length 56774)
prokka_ANT_1/ANT_1:Prokka:ANT_1_110 (length 6226)
prokka_ANT_1/ANT_1:Prokka:ANT_1_111 (length 40915)
prokka_ANT_1/ANT_1:Prokka:ANT_1_112 (length 1757)
prokka_ANT_1/ANT_1:Prokka:ANT_1_113 (length 108380)
prokka_ANT_1/ANT_1:Prokka:ANT_1_114 (length 2944)
prokka_ANT_1/ANT_1:Prokka:ANT_1_115 (length 2742)
prokka_ANT_1/ANT_1:Prokka:ANT_1_116 (length 6184)
prokka_ANT_1/ANT_1:Prokka:ANT_1_117 (length 25490)
prokka_ANT_1/ANT_1:Prokka:ANT_1_118 (length 1240)
prokka_ANT_1/ANT_1:Prokka:ANT_1_119 (length 173040)
prokka_ANT_1/ANT_1:Prokka:ANT_1_120 (length 6804)
prokka_ANT_1/ANT_1:Prokka:ANT_1_121 (length 5092)

DiscRep_ALL:TECHNIQUE_NOT_TSA::121 technique are not set as TSA
prokka_ANT_1/ANT_1:Prokka:ANT_1_1 (length 17651)
prokka_ANT_1/ANT_1:Prokka:ANT_1_2 (length 109278)
prokka_ANT_1/ANT_1:Prokka:ANT_1_3 (length 219437)
prokka_ANT_1/ANT_1:Prokka:ANT_1_4 (length 3045)
prokka_ANT_1/ANT_1:Prokka:ANT_1_5 (length 9983)
prokka_ANT_1/ANT_1:Prokka:ANT_1_6 (length 28713)
prokka_ANT_1/ANT_1:Prokka:ANT_1_7 (length 10137)
prokka_ANT_1/ANT_1:Prokka:ANT_1_8 (length 107449)
prokka_ANT_1/ANT_1:Prokka:ANT_1_9 (length 41892)
prokka_ANT_1/ANT_1:Prokka:ANT_1_10 (length 53005)
prokka_ANT_1/ANT_1:Prokka:ANT_1_11 (length 330868)
prokka_ANT_1/ANT_1:Prokka:ANT_1_12 (length 2572)
prokka_ANT_1/ANT_1:Prokka:ANT_1_13 (length 73728)
prokka_ANT_1/ANT_1:Prokka:ANT_1_14 (length 25397)
prokka_ANT_1/ANT_1:Prokka:ANT_1_15 (length 299461)
prokka_ANT_1/ANT_1:Prokka:ANT_1_16 (length 137469)
prokka_ANT_1/ANT_1:Prokka:ANT_1_17 (length 4867)
prokka_ANT_1/ANT_1:Prokka:ANT_1_18 (length 19883)
prokka_ANT_1/ANT_1:Prokka:ANT_1_19 (length 56858)
prokka_ANT_1/ANT_1:Prokka:ANT_1_20 (length 23487)
prokka_ANT_1/ANT_1:Prokka:ANT_1_21 (length 20550)
prokka_ANT_1/ANT_1:Prokka:ANT_1_22 (length 10519)
prokka_ANT_1/ANT_1:Prokka:ANT_1_23 (length 4515)
prokka_ANT_1/ANT_1:Prokka:ANT_1_24 (length 4558)
prokka_ANT_1/ANT_1:Prokka:ANT_1_25 (length 1175)
prokka_ANT_1/ANT_1:Prokka:ANT_1_26 (length 1585)
prokka_ANT_1/ANT_1:Prokka:ANT_1_27 (length 26028)
prokka_ANT_1/ANT_1:Prokka:ANT_1_28 (length 3917)
prokka_ANT_1/ANT_1:Prokka:ANT_1_29 (length 84483)
prokka_ANT_1/ANT_1:Prokka:ANT_1_30 (length 293428)
prokka_ANT_1/ANT_1:Prokka:ANT_1_31 (length 3839)
prokka_ANT_1/ANT_1:Prokka:ANT_1_32 (length 153656)
prokka_ANT_1/ANT_1:Prokka:ANT_1_33 (length 34375)
prokka_ANT_1/ANT_1:Prokka:ANT_1_34 (length 75667)
prokka_ANT_1/ANT_1:Prokka:ANT_1_35 (length 4987)
prokka_ANT_1/ANT_1:Prokka:ANT_1_36 (length 15124)
prokka_ANT_1/ANT_1:Prokka:ANT_1_37 (length 74441)
prokka_ANT_1/ANT_1:Prokka:ANT_1_38 (length 5133)
prokka_ANT_1/ANT_1:Prokka:ANT_1_39 (length 2850)
prokka_ANT_1/ANT_1:Prokka:ANT_1_40 (length 1608)
prokka_ANT_1/ANT_1:Prokka:ANT_1_41 (length 40064)
prokka_ANT_1/ANT_1:Prokka:ANT_1_42 (length 4872)
prokka_ANT_1/ANT_1:Prokka:ANT_1_43 (length 135545)
prokka_ANT_1/ANT_1:Prokka:ANT_1_44 (length 41822)
prokka_ANT_1/ANT_1:Prokka:ANT_1_45 (length 6221)
prokka_ANT_1/ANT_1:Prokka:ANT_1_46 (length 73892)
prokka_ANT_1/ANT_1:Prokka:ANT_1_47 (length 30611)
prokka_ANT_1/ANT_1:Prokka:ANT_1_48 (length 4652)
prokka_ANT_1/ANT_1:Prokka:ANT_1_49 (length 18155)
prokka_ANT_1/ANT_1:Prokka:ANT_1_50 (length 1074)
prokka_ANT_1/ANT_1:Prokka:ANT_1_51 (length 33553)
prokka_ANT_1/ANT_1:Prokka:ANT_1_52 (length 2056)
prokka_ANT_1/ANT_1:Prokka:ANT_1_53 (length 11992)
prokka_ANT_1/ANT_1:Prokka:ANT_1_54 (length 15913)
prokka_ANT_1/ANT_1:Prokka:ANT_1_55 (length 1774)
prokka_ANT_1/ANT_1:Prokka:ANT_1_56 (length 5725)
prokka_ANT_1/ANT_1:Prokka:ANT_1_57 (length 64558)
prokka_ANT_1/ANT_1:Prokka:ANT_1_58 (length 1886)
prokka_ANT_1/ANT_1:Prokka:ANT_1_59 (length 18273)
prokka_ANT_1/ANT_1:Prokka:ANT_1_60 (length 71145)
prokka_ANT_1/ANT_1:Prokka:ANT_1_61 (length 3993)
prokka_ANT_1/ANT_1:Prokka:ANT_1_62 (length 63032)
prokka_ANT_1/ANT_1:Prokka:ANT_1_63 (length 24932)
prokka_ANT_1/ANT_1:Prokka:ANT_1_64 (length 21690)
prokka_ANT_1/ANT_1:Prokka:ANT_1_65 (length 87878)
prokka_ANT_1/ANT_1:Prokka:ANT_1_66 (length 10304)
prokka_ANT_1/ANT_1:Prokka:ANT_1_67 (length 88369)
prokka_ANT_1/ANT_1:Prokka:ANT_1_68 (length 9777)
prokka_ANT_1/ANT_1:Prokka:ANT_1_69 (length 44713)
prokka_ANT_1/ANT_1:Prokka:ANT_1_70 (length 24718)
prokka_ANT_1/ANT_1:Prokka:ANT_1_71 (length 23379)
prokka_ANT_1/ANT_1:Prokka:ANT_1_72 (length 43304)
prokka_ANT_1/ANT_1:Prokka:ANT_1_73 (length 2379)
prokka_ANT_1/ANT_1:Prokka:ANT_1_74 (length 2178)
prokka_ANT_1/ANT_1:Prokka:ANT_1_75 (length 2178)
prokka_ANT_1/ANT_1:Prokka:ANT_1_76 (length 134478)
prokka_ANT_1/ANT_1:Prokka:ANT_1_77 (length 1007)
prokka_ANT_1/ANT_1:Prokka:ANT_1_78 (length 49527)
prokka_ANT_1/ANT_1:Prokka:ANT_1_79 (length 3793)
prokka_ANT_1/ANT_1:Prokka:ANT_1_80 (length 1136)
prokka_ANT_1/ANT_1:Prokka:ANT_1_81 (length 21127)
prokka_ANT_1/ANT_1:Prokka:ANT_1_82 (length 2243)
prokka_ANT_1/ANT_1:Prokka:ANT_1_83 (length 2643)
prokka_ANT_1/ANT_1:Prokka:ANT_1_84 (length 41204)
prokka_ANT_1/ANT_1:Prokka:ANT_1_85 (length 90909)
prokka_ANT_1/ANT_1:Prokka:ANT_1_86 (length 76558)
prokka_ANT_1/ANT_1:Prokka:ANT_1_87 (length 20174)
prokka_ANT_1/ANT_1:Prokka:ANT_1_88 (length 86414)
prokka_ANT_1/ANT_1:Prokka:ANT_1_89 (length 158282)
prokka_ANT_1/ANT_1:Prokka:ANT_1_90 (length 8856)
prokka_ANT_1/ANT_1:Prokka:ANT_1_91 (length 5449)
prokka_ANT_1/ANT_1:Prokka:ANT_1_92 (length 3017)
prokka_ANT_1/ANT_1:Prokka:ANT_1_93 (length 25678)
prokka_ANT_1/ANT_1:Prokka:ANT_1_94 (length 7380)
prokka_ANT_1/ANT_1:Prokka:ANT_1_95 (length 34427)
prokka_ANT_1/ANT_1:Prokka:ANT_1_96 (length 83253)
prokka_ANT_1/ANT_1:Prokka:ANT_1_97 (length 3039)
prokka_ANT_1/ANT_1:Prokka:ANT_1_98 (length 3038)
prokka_ANT_1/ANT_1:Prokka:ANT_1_99 (length 17058)
prokka_ANT_1/ANT_1:Prokka:ANT_1_100 (length 1112)
prokka_ANT_1/ANT_1:Prokka:ANT_1_101 (length 12915)
prokka_ANT_1/ANT_1:Prokka:ANT_1_102 (length 41535)
prokka_ANT_1/ANT_1:Prokka:ANT_1_103 (length 34264)
prokka_ANT_1/ANT_1:Prokka:ANT_1_104 (length 5058)
prokka_ANT_1/ANT_1:Prokka:ANT_1_105 (length 1718)
prokka_ANT_1/ANT_1:Prokka:ANT_1_106 (length 92249)
prokka_ANT_1/ANT_1:Prokka:ANT_1_107 (length 2599)
prokka_ANT_1/ANT_1:Prokka:ANT_1_108 (length 19384)
prokka_ANT_1/ANT_1:Prokka:ANT_1_109 (length 56774)
prokka_ANT_1/ANT_1:Prokka:ANT_1_110 (length 6226)
prokka_ANT_1/ANT_1:Prokka:ANT_1_111 (length 40915)
prokka_ANT_1/ANT_1:Prokka:ANT_1_112 (length 1757)
prokka_ANT_1/ANT_1:Prokka:ANT_1_113 (length 108380)
prokka_ANT_1/ANT_1:Prokka:ANT_1_114 (length 2944)
prokka_ANT_1/ANT_1:Prokka:ANT_1_115 (length 2742)
prokka_ANT_1/ANT_1:Prokka:ANT_1_116 (length 6184)
prokka_ANT_1/ANT_1:Prokka:ANT_1_117 (length 25490)
prokka_ANT_1/ANT_1:Prokka:ANT_1_118 (length 1240)
prokka_ANT_1/ANT_1:Prokka:ANT_1_119 (length 173040)
prokka_ANT_1/ANT_1:Prokka:ANT_1_120 (length 6804)
prokka_ANT_1/ANT_1:Prokka:ANT_1_121 (length 5092)

DiscRep_ALL:MISSING_STRUCTURED_COMMENT::121 sequences do not include structured comments.
prokka_ANT_1/ANT_1:Prokka:ANT_1_1 (length 17651)
prokka_ANT_1/ANT_1:Prokka:ANT_1_2 (length 109278)
prokka_ANT_1/ANT_1:Prokka:ANT_1_3 (length 219437)
prokka_ANT_1/ANT_1:Prokka:ANT_1_4 (length 3045)
prokka_ANT_1/ANT_1:Prokka:ANT_1_5 (length 9983)
prokka_ANT_1/ANT_1:Prokka:ANT_1_6 (length 28713)
prokka_ANT_1/ANT_1:Prokka:ANT_1_7 (length 10137)
prokka_ANT_1/ANT_1:Prokka:ANT_1_8 (length 107449)
prokka_ANT_1/ANT_1:Prokka:ANT_1_9 (length 41892)
prokka_ANT_1/ANT_1:Prokka:ANT_1_10 (length 53005)
prokka_ANT_1/ANT_1:Prokka:ANT_1_11 (length 330868)
prokka_ANT_1/ANT_1:Prokka:ANT_1_12 (length 2572)
prokka_ANT_1/ANT_1:Prokka:ANT_1_13 (length 73728)
prokka_ANT_1/ANT_1:Prokka:ANT_1_14 (length 25397)
prokka_ANT_1/ANT_1:Prokka:ANT_1_15 (length 299461)
prokka_ANT_1/ANT_1:Prokka:ANT_1_16 (length 137469)
prokka_ANT_1/ANT_1:Prokka:ANT_1_17 (length 4867)
prokka_ANT_1/ANT_1:Prokka:ANT_1_18 (length 19883)
prokka_ANT_1/ANT_1:Prokka:ANT_1_19 (length 56858)
prokka_ANT_1/ANT_1:Prokka:ANT_1_20 (length 23487)
prokka_ANT_1/ANT_1:Prokka:ANT_1_21 (length 20550)
prokka_ANT_1/ANT_1:Prokka:ANT_1_22 (length 10519)
prokka_ANT_1/ANT_1:Prokka:ANT_1_23 (length 4515)
prokka_ANT_1/ANT_1:Prokka:ANT_1_24 (length 4558)
prokka_ANT_1/ANT_1:Prokka:ANT_1_25 (length 1175)
prokka_ANT_1/ANT_1:Prokka:ANT_1_26 (length 1585)
prokka_ANT_1/ANT_1:Prokka:ANT_1_27 (length 26028)
prokka_ANT_1/ANT_1:Prokka:ANT_1_28 (length 3917)
prokka_ANT_1/ANT_1:Prokka:ANT_1_29 (length 84483)
prokka_ANT_1/ANT_1:Prokka:ANT_1_30 (length 293428)
prokka_ANT_1/ANT_1:Prokka:ANT_1_31 (length 3839)
prokka_ANT_1/ANT_1:Prokka:ANT_1_32 (length 153656)
prokka_ANT_1/ANT_1:Prokka:ANT_1_33 (length 34375)
prokka_ANT_1/ANT_1:Prokka:ANT_1_34 (length 75667)
prokka_ANT_1/ANT_1:Prokka:ANT_1_35 (length 4987)
prokka_ANT_1/ANT_1:Prokka:ANT_1_36 (length 15124)
prokka_ANT_1/ANT_1:Prokka:ANT_1_37 (length 74441)
prokka_ANT_1/ANT_1:Prokka:ANT_1_38 (length 5133)
prokka_ANT_1/ANT_1:Prokka:ANT_1_39 (length 2850)
prokka_ANT_1/ANT_1:Prokka:ANT_1_40 (length 1608)
prokka_ANT_1/ANT_1:Prokka:ANT_1_41 (length 40064)
prokka_ANT_1/ANT_1:Prokka:ANT_1_42 (length 4872)
prokka_ANT_1/ANT_1:Prokka:ANT_1_43 (length 135545)
prokka_ANT_1/ANT_1:Prokka:ANT_1_44 (length 41822)
prokka_ANT_1/ANT_1:Prokka:ANT_1_45 (length 6221)
prokka_ANT_1/ANT_1:Prokka:ANT_1_46 (length 73892)
prokka_ANT_1/ANT_1:Prokka:ANT_1_47 (length 30611)
prokka_ANT_1/ANT_1:Prokka:ANT_1_48 (length 4652)
prokka_ANT_1/ANT_1:Prokka:ANT_1_49 (length 18155)
prokka_ANT_1/ANT_1:Prokka:ANT_1_50 (length 1074)
prokka_ANT_1/ANT_1:Prokka:ANT_1_51 (length 33553)
prokka_ANT_1/ANT_1:Prokka:ANT_1_52 (length 2056)
prokka_ANT_1/ANT_1:Prokka:ANT_1_53 (length 11992)
prokka_ANT_1/ANT_1:Prokka:ANT_1_54 (length 15913)
prokka_ANT_1/ANT_1:Prokka:ANT_1_55 (length 1774)
prokka_ANT_1/ANT_1:Prokka:ANT_1_56 (length 5725)
prokka_ANT_1/ANT_1:Prokka:ANT_1_57 (length 64558)
prokka_ANT_1/ANT_1:Prokka:ANT_1_58 (length 1886)
prokka_ANT_1/ANT_1:Prokka:ANT_1_59 (length 18273)
prokka_ANT_1/ANT_1:Prokka:ANT_1_60 (length 71145)
prokka_ANT_1/ANT_1:Prokka:ANT_1_61 (length 3993)
prokka_ANT_1/ANT_1:Prokka:ANT_1_62 (length 63032)
prokka_ANT_1/ANT_1:Prokka:ANT_1_63 (length 24932)
prokka_ANT_1/ANT_1:Prokka:ANT_1_64 (length 21690)
prokka_ANT_1/ANT_1:Prokka:ANT_1_65 (length 87878)
prokka_ANT_1/ANT_1:Prokka:ANT_1_66 (length 10304)
prokka_ANT_1/ANT_1:Prokka:ANT_1_67 (length 88369)
prokka_ANT_1/ANT_1:Prokka:ANT_1_68 (length 9777)
prokka_ANT_1/ANT_1:Prokka:ANT_1_69 (length 44713)
prokka_ANT_1/ANT_1:Prokka:ANT_1_70 (length 24718)
prokka_ANT_1/ANT_1:Prokka:ANT_1_71 (length 23379)
prokka_ANT_1/ANT_1:Prokka:ANT_1_72 (length 43304)
prokka_ANT_1/ANT_1:Prokka:ANT_1_73 (length 2379)
prokka_ANT_1/ANT_1:Prokka:ANT_1_74 (length 2178)
prokka_ANT_1/ANT_1:Prokka:ANT_1_75 (length 2178)
prokka_ANT_1/ANT_1:Prokka:ANT_1_76 (length 134478)
prokka_ANT_1/ANT_1:Prokka:ANT_1_77 (length 1007)
prokka_ANT_1/ANT_1:Prokka:ANT_1_78 (length 49527)
prokka_ANT_1/ANT_1:Prokka:ANT_1_79 (length 3793)
prokka_ANT_1/ANT_1:Prokka:ANT_1_80 (length 1136)
prokka_ANT_1/ANT_1:Prokka:ANT_1_81 (length 21127)
prokka_ANT_1/ANT_1:Prokka:ANT_1_82 (length 2243)
prokka_ANT_1/ANT_1:Prokka:ANT_1_83 (length 2643)
prokka_ANT_1/ANT_1:Prokka:ANT_1_84 (length 41204)
prokka_ANT_1/ANT_1:Prokka:ANT_1_85 (length 90909)
prokka_ANT_1/ANT_1:Prokka:ANT_1_86 (length 76558)
prokka_ANT_1/ANT_1:Prokka:ANT_1_87 (length 20174)
prokka_ANT_1/ANT_1:Prokka:ANT_1_88 (length 86414)
prokka_ANT_1/ANT_1:Prokka:ANT_1_89 (length 158282)
prokka_ANT_1/ANT_1:Prokka:ANT_1_90 (length 8856)
prokka_ANT_1/ANT_1:Prokka:ANT_1_91 (length 5449)
prokka_ANT_1/ANT_1:Prokka:ANT_1_92 (length 3017)
prokka_ANT_1/ANT_1:Prokka:ANT_1_93 (length 25678)
prokka_ANT_1/ANT_1:Prokka:ANT_1_94 (length 7380)
prokka_ANT_1/ANT_1:Prokka:ANT_1_95 (length 34427)
prokka_ANT_1/ANT_1:Prokka:ANT_1_96 (length 83253)
prokka_ANT_1/ANT_1:Prokka:ANT_1_97 (length 3039)
prokka_ANT_1/ANT_1:Prokka:ANT_1_98 (length 3038)
prokka_ANT_1/ANT_1:Prokka:ANT_1_99 (length 17058)
prokka_ANT_1/ANT_1:Prokka:ANT_1_100 (length 1112)
prokka_ANT_1/ANT_1:Prokka:ANT_1_101 (length 12915)
prokka_ANT_1/ANT_1:Prokka:ANT_1_102 (length 41535)
prokka_ANT_1/ANT_1:Prokka:ANT_1_103 (length 34264)
prokka_ANT_1/ANT_1:Prokka:ANT_1_104 (length 5058)
prokka_ANT_1/ANT_1:Prokka:ANT_1_105 (length 1718)
prokka_ANT_1/ANT_1:Prokka:ANT_1_106 (length 92249)
prokka_ANT_1/ANT_1:Prokka:ANT_1_107 (length 2599)
prokka_ANT_1/ANT_1:Prokka:ANT_1_108 (length 19384)
prokka_ANT_1/ANT_1:Prokka:ANT_1_109 (length 56774)
prokka_ANT_1/ANT_1:Prokka:ANT_1_110 (length 6226)
prokka_ANT_1/ANT_1:Prokka:ANT_1_111 (length 40915)
prokka_ANT_1/ANT_1:Prokka:ANT_1_112 (length 1757)
prokka_ANT_1/ANT_1:Prokka:ANT_1_113 (length 108380)
prokka_ANT_1/ANT_1:Prokka:ANT_1_114 (length 2944)
prokka_ANT_1/ANT_1:Prokka:ANT_1_115 (length 2742)
prokka_ANT_1/ANT_1:Prokka:ANT_1_116 (length 6184)
prokka_ANT_1/ANT_1:Prokka:ANT_1_117 (length 25490)
prokka_ANT_1/ANT_1:Prokka:ANT_1_118 (length 1240)
prokka_ANT_1/ANT_1:Prokka:ANT_1_119 (length 173040)
prokka_ANT_1/ANT_1:Prokka:ANT_1_120 (length 6804)
prokka_ANT_1/ANT_1:Prokka:ANT_1_121 (length 5092)

DiscRep_ALL:MISSING_PROJECT::4718 sequences do not include project.
prokka_ANT_1/ANT_1:Prokka:ANT_1_1 (length 17651)
prokka_ANT_1/ANT_1:Prokka:ANT_1_00001 (length 163)
prokka_ANT_1/ANT_1:Prokka:ANT_1_00002 (length 121)
prokka_ANT_1/ANT_1:Prokka:ANT_1_00003 (length 343)
prokka_ANT_1/ANT_1:Prokka:ANT_1_00004 (length 254)
prokka_ANT_1/ANT_1:Prokka:ANT_1_00005 (length 439)
prokka_ANT_1/ANT_1:Prokka:ANT_1_00006 (length 331)
prokka_ANT_1/ANT_1:Prokka:ANT_1_00007 (length 208)
prokka_ANT_1/ANT_1:Prokka:ANT_1_00008 (length 494)
prokka_ANT_1/ANT_1:Prokka:ANT_1_00009 (length 204)
prokka_ANT_1/ANT_1:Prokka:ANT_1_00010 (length 63)
prokka_ANT_1/ANT_1:Prokka:ANT_1_00011 (length 67)
prokka_ANT_1/ANT_1:Prokka:ANT_1_00012 (length 169)
prokka_ANT_1/ANT_1:Prokka:ANT_1_00013 (length 167)
prokka_ANT_1/ANT_1:Prokka:ANT_1_00014 (length 154)
prokka_ANT_1/ANT_1:Prokka:ANT_1_00015 (length 196)
prokka_ANT_1/ANT_1:Prokka:ANT_1_00016 (length 116)
prokka_ANT_1/ANT_1:Prokka:ANT_1_00017 (length 302)
prokka_ANT_1/ANT_1:Prokka:ANT_1_00018 (length 202)
prokka_ANT_1/ANT_1:Prokka:ANT_1_00019 (length 378)
prokka_ANT_1/ANT_1:Prokka:ANT_1_00020 (length 147)
prokka_ANT_1/ANT_1:Prokka:ANT_1_00021 (length 205)
prokka_ANT_1/ANT_1:Prokka:ANT_1_2 (length 109278)
prokka_ANT_1/ANT_1:Prokka:ANT_1_00022 (length 704)
prokka_ANT_1/ANT_1:Prokka:ANT_1_00023 (length 156)
prokka_ANT_1/ANT_1:Prokka:ANT_1_00024 (length 124)
prokka_ANT_1/ANT_1:Prokka:ANT_1_00025 (length 95)
prokka_ANT_1/ANT_1:Prokka:ANT_1_00026 (length 119)
prokka_ANT_1/ANT_1:Prokka:ANT_1_00027 (length 128)
prokka_ANT_1/ANT_1:Prokka:ANT_1_00028 (length 240)
prokka_ANT_1/ANT_1:Prokka:ANT_1_00029 (length 276)
prokka_ANT_1/ANT_1:Prokka:ANT_1_00030 (length 72)
prokka_ANT_1/ANT_1:Prokka:ANT_1_00031 (length 186)
prokka_ANT_1/ANT_1:Prokka:ANT_1_00032 (length 64)
prokka_ANT_1/ANT_1:Prokka:ANT_1_00033 (length 601)
prokka_ANT_1/ANT_1:Prokka:ANT_1_00034 (length 183)
prokka_ANT_1/ANT_1:Prokka:ANT_1_00035 (length 633)
prokka_ANT_1/ANT_1:Prokka:ANT_1_00036 (length 495)
prokka_ANT_1/ANT_1:Prokka:ANT_1_00037 (length 291)
prokka_ANT_1/ANT_1:Prokka:ANT_1_00038 (length 241)
prokka_ANT_1/ANT_1:Prokka:ANT_1_00039 (length 279)
prokka_ANT_1/ANT_1:Prokka:ANT_1_00040 (length 275)
prokka_ANT_1/ANT_1:Prokka:ANT_1_00041 (length 255)
prokka_ANT_1/ANT_1:Prokka:ANT_1_00042 (length 325)
prokka_ANT_1/ANT_1:Prokka:ANT_1_00043 (length 200)
prokka_ANT_1/ANT_1:Prokka:ANT_1_00044 (length 339)
prokka_ANT_1/ANT_1:Prokka:ANT_1_00045 (length 72)
prokka_ANT_1/ANT_1:Prokka:ANT_1_00046 (length 289)
prokka_ANT_1/ANT_1:Prokka:ANT_1_00047 (length 135)
prokka_ANT_1/ANT_1:Prokka:ANT_1_00048 (length 210)
prokka_ANT_1/ANT_1:Prokka:ANT_1_00049 (length 692)
prokka_ANT_1/ANT_1:Prokka:ANT_1_00050 (length 405)
prokka_ANT_1/ANT_1:Prokka:ANT_1_00051 (length 192)
prokka_ANT_1/ANT_1:Prokka:ANT_1_00052 (length 190)
prokka_ANT_1/ANT_1:Prokka:ANT_1_00053 (length 394)
prokka_ANT_1/ANT_1:Prokka:ANT_1_00054 (length 425)
prokka_ANT_1/ANT_1:Prokka:ANT_1_00055 (length 334)
prokka_ANT_1/ANT_1:Prokka:ANT_1_00056 (length 225)
prokka_ANT_1/ANT_1:Prokka:ANT_1_00057 (length 228)
prokka_ANT_1/ANT_1:Prokka:ANT_1_00058 (length 281)
prokka_ANT_1/ANT_1:Prokka:ANT_1_00059 (length 330)
prokka_ANT_1/ANT_1:Prokka:ANT_1_00060 (length 362)
prokka_ANT_1/ANT_1:Prokka:ANT_1_00061 (length 173)
prokka_ANT_1/ANT_1:Prokka:ANT_1_00062 (length 414)
prokka_ANT_1/ANT_1:Prokka:ANT_1_00063 (length 119)
prokka_ANT_1/ANT_1:Prokka:ANT_1_00064 (length 165)
prokka_ANT_1/ANT_1:Prokka:ANT_1_00065 (length 181)
prokka_ANT_1/ANT_1:Prokka:ANT_1_00066 (length 275)
prokka_ANT_1/ANT_1:Prokka:ANT_1_00067 (length 851)
prokka_ANT_1/ANT_1:Prokka:ANT_1_00068 (length 188)
prokka_ANT_1/ANT_1:Prokka:ANT_1_00069 (length 712)
prokka_ANT_1/ANT_1:Prokka:ANT_1_00070 (length 133)
prokka_ANT_1/ANT_1:Prokka:ANT_1_00071 (length 292)
prokka_ANT_1/ANT_1:Prokka:ANT_1_00072 (length 539)
prokka_ANT_1/ANT_1:Prokka:ANT_1_00073 (length 449)
prokka_ANT_1/ANT_1:Prokka:ANT_1_00074 (length 239)
prokka_ANT_1/ANT_1:Prokka:ANT_1_00075 (length 159)
prokka_ANT_1/ANT_1:Prokka:ANT_1_00076 (length 777)
prokka_ANT_1/ANT_1:Prokka:ANT_1_00077 (length 80)
prokka_ANT_1/ANT_1:Prokka:ANT_1_00078 (length 767)
prokka_ANT_1/ANT_1:Prokka:ANT_1_00079 (length 562)
prokka_ANT_1/ANT_1:Prokka:ANT_1_00080 (length 88)
prokka_ANT_1/ANT_1:Prokka:ANT_1_00081 (length 258)
prokka_ANT_1/ANT_1:Prokka:ANT_1_00082 (length 227)
prokka_ANT_1/ANT_1:Prokka:ANT_1_00083 (length 191)
prokka_ANT_1/ANT_1:Prokka:ANT_1_00084 (length 427)
prokka_ANT_1/ANT_1:Prokka:ANT_1_00085 (length 690)
prokka_ANT_1/ANT_1:Prokka:ANT_1_00086 (length 800)
prokka_ANT_1/ANT_1:Prokka:ANT_1_00087 (length 252)
prokka_ANT_1/ANT_1:Prokka:ANT_1_00088 (length 272)
prokka_ANT_1/ANT_1:Prokka:ANT_1_00089 (length 107)
prokka_ANT_1/ANT_1:Prokka:ANT_1_00090 (length 503)
prokka_ANT_1/ANT_1:Prokka:ANT_1_00091 (length 815)
prokka_ANT_1/ANT_1:Prokka:ANT_1_00092 (length 477)
prokka_ANT_1/ANT_1:Prokka:ANT_1_00093 (length 428)
prokka_ANT_1/ANT_1:Prokka:ANT_1_00094 (length 658)
prokka_ANT_1/ANT_1:Prokka:ANT_1_00095 (length 728)
prokka_ANT_1/ANT_1:Prokka:ANT_1_00096 (length 369)
prokka_ANT_1/ANT_1:Prokka:ANT_1_00097 (length 197)
prokka_ANT_1/ANT_1:Prokka:ANT_1_00098 (length 446)
prokka_ANT_1/ANT_1:Prokka:ANT_1_00099 (length 179)
prokka_ANT_1/ANT_1:Prokka:ANT_1_00100 (length 331)
prokka_ANT_1/ANT_1:Prokka:ANT_1_00101 (length 231)
prokka_ANT_1/ANT_1:Prokka:ANT_1_00102 (length 164)
prokka_ANT_1/ANT_1:Prokka:ANT_1_00103 (length 393)
prokka_ANT_1/ANT_1:Prokka:ANT_1_00104 (length 582)
prokka_ANT_1/ANT_1:Prokka:ANT_1_00105 (length 103)
prokka_ANT_1/ANT_1:Prokka:ANT_1_00106 (length 246)
prokka_ANT_1/ANT_1:Prokka:ANT_1_00107 (length 356)
prokka_ANT_1/ANT_1:Prokka:ANT_1_00108 (length 281)
prokka_ANT_1/ANT_1:Prokka:ANT_1_00109 (length 295)
prokka_ANT_1/ANT_1:Prokka:ANT_1_00110 (length 438)
prokka_ANT_1/ANT_1:Prokka:ANT_1_00111 (length 237)
prokka_ANT_1/ANT_1:Prokka:ANT_1_00112 (length 255)
prokka_ANT_1/ANT_1:Prokka:ANT_1_00113 (length 424)
prokka_ANT_1/ANT_1:Prokka:ANT_1_00114 (length 308)
prokka_ANT_1/ANT_1:Prokka:ANT_1_00115 (length 369)
prokka_ANT_1/ANT_1:Prokka:ANT_1_00116 (length 128)
prokka_ANT_1/ANT_1:Prokka:ANT_1_00117 (length 284)
prokka_ANT_1/ANT_1:Prokka:ANT_1_00118 (length 330)
prokka_ANT_1/ANT_1:Prokka:ANT_1_00119 (length 222)
prokka_ANT_1/ANT_1:Prokka:ANT_1_00120 (length 499)
prokka_ANT_1/ANT_1:Prokka:ANT_1_3 (length 219437)
prokka_ANT_1/ANT_1:Prokka:ANT_1_00121 (length 195)
prokka_ANT_1/ANT_1:Prokka:ANT_1_00122 (length 673)
prokka_ANT_1/ANT_1:Prokka:ANT_1_00123 (length 393)
prokka_ANT_1/ANT_1:Prokka:ANT_1_00124 (length 550)
prokka_ANT_1/ANT_1:Prokka:ANT_1_00125 (length 253)
prokka_ANT_1/ANT_1:Prokka:ANT_1_00126 (length 207)
prokka_ANT_1/ANT_1:Prokka:ANT_1_00127 (length 480)
prokka_ANT_1/ANT_1:Prokka:ANT_1_00128 (length 994)
prokka_ANT_1/ANT_1:Prokka:ANT_1_00129 (length 796)
prokka_ANT_1/ANT_1:Prokka:ANT_1_00130 (length 94)
prokka_ANT_1/ANT_1:Prokka:ANT_1_00131 (length 156)
prokka_ANT_1/ANT_1:Prokka:ANT_1_00132 (length 305)
prokka_ANT_1/ANT_1:Prokka:ANT_1_00133 (length 313)
prokka_ANT_1/ANT_1:Prokka:ANT_1_00134 (length 296)
prokka_ANT_1/ANT_1:Prokka:ANT_1_00135 (length 88)
prokka_ANT_1/ANT_1:Prokka:ANT_1_00136 (length 318)
prokka_ANT_1/ANT_1:Prokka:ANT_1_00137 (length 339)
prokka_ANT_1/ANT_1:Prokka:ANT_1_00138 (length 223)
prokka_ANT_1/ANT_1:Prokka:ANT_1_00139 (length 263)
prokka_ANT_1/ANT_1:Prokka:ANT_1_00140 (length 268)
prokka_ANT_1/ANT_1:Prokka:ANT_1_00141 (length 346)
prokka_ANT_1/ANT_1:Prokka:ANT_1_00142 (length 115)
prokka_ANT_1/ANT_1:Prokka:ANT_1_00143 (length 151)
prokka_ANT_1/ANT_1:Prokka:ANT_1_00144 (length 291)
prokka_ANT_1/ANT_1:Prokka:ANT_1_00145 (length 284)
prokka_ANT_1/ANT_1:Prokka:ANT_1_00146 (length 473)
prokka_ANT_1/ANT_1:Prokka:ANT_1_00147 (length 40)
prokka_ANT_1/ANT_1:Prokka:ANT_1_00148 (length 58)
prokka_ANT_1/ANT_1:Prokka:ANT_1_00149 (length 308)
prokka_ANT_1/ANT_1:Prokka:ANT_1_00150 (length 394)
prokka_ANT_1/ANT_1:Prokka:ANT_1_00151 (length 714)
prokka_ANT_1/ANT_1:Prokka:ANT_1_00152 (length 257)
prokka_ANT_1/ANT_1:Prokka:ANT_1_00153 (length 788)
prokka_ANT_1/ANT_1:Prokka:ANT_1_00154 (length 479)
prokka_ANT_1/ANT_1:Prokka:ANT_1_00155 (length 443)
prokka_ANT_1/ANT_1:Prokka:ANT_1_00156 (length 248)
prokka_ANT_1/ANT_1:Prokka:ANT_1_00157 (length 108)
prokka_ANT_1/ANT_1:Prokka:ANT_1_00158 (length 115)
prokka_ANT_1/ANT_1:Prokka:ANT_1_00159 (length 98)
prokka_ANT_1/ANT_1:Prokka:ANT_1_00160 (length 488)
prokka_ANT_1/ANT_1:Prokka:ANT_1_00161 (length 237)
prokka_ANT_1/ANT_1:Prokka:ANT_1_00162 (length 305)
prokka_ANT_1/ANT_1:Prokka:ANT_1_00163 (length 215)
prokka_ANT_1/ANT_1:Prokka:ANT_1_00164 (length 379)
prokka_ANT_1/ANT_1:Prokka:ANT_1_00165 (length 287)
prokka_ANT_1/ANT_1:Prokka:ANT_1_00166 (length 106)
prokka_ANT_1/ANT_1:Prokka:ANT_1_00167 (length 538)
prokka_ANT_1/ANT_1:Prokka:ANT_1_00168 (length 235)
prokka_ANT_1/ANT_1:Prokka:ANT_1_00169 (length 327)
prokka_ANT_1/ANT_1:Prokka:ANT_1_00170 (length 167)
prokka_ANT_1/ANT_1:Prokka:ANT_1_00171 (length 521)
prokka_ANT_1/ANT_1:Prokka:ANT_1_00172 (length 351)
prokka_ANT_1/ANT_1:Prokka:ANT_1_00173 (length 468)
prokka_ANT_1/ANT_1:Prokka:ANT_1_00174 (length 70)
prokka_ANT_1/ANT_1:Prokka:ANT_1_00175 (length 115)
prokka_ANT_1/ANT_1:Prokka:ANT_1_00176 (length 75)
prokka_ANT_1/ANT_1:Prokka:ANT_1_00177 (length 221)
prokka_ANT_1/ANT_1:Prokka:ANT_1_00178 (length 326)
prokka_ANT_1/ANT_1:Prokka:ANT_1_00179 (length 542)
prokka_ANT_1/ANT_1:Prokka:ANT_1_00180 (length 321)
prokka_ANT_1/ANT_1:Prokka:ANT_1_00181 (length 296)
prokka_ANT_1/ANT_1:Prokka:ANT_1_00182 (length 330)
prokka_ANT_1/ANT_1:Prokka:ANT_1_00183 (length 268)
prokka_ANT_1/ANT_1:Prokka:ANT_1_00184 (length 390)
prokka_ANT_1/ANT_1:Prokka:ANT_1_00185 (length 298)
prokka_ANT_1/ANT_1:Prokka:ANT_1_00186 (length 247)
prokka_ANT_1/ANT_1:Prokka:ANT_1_00187 (length 529)
prokka_ANT_1/ANT_1:Prokka:ANT_1_00188 (length 768)
prokka_ANT_1/ANT_1:Prokka:ANT_1_00189 (length 647)
prokka_ANT_1/ANT_1:Prokka:ANT_1_00190 (length 40)
prokka_ANT_1/ANT_1:Prokka:ANT_1_00191 (length 663)
prokka_ANT_1/ANT_1:Prokka:ANT_1_00192 (length 289)
prokka_ANT_1/ANT_1:Prokka:ANT_1_00193 (length 232)
prokka_ANT_1/ANT_1:Prokka:ANT_1_00194 (length 72)
prokka_ANT_1/ANT_1:Prokka:ANT_1_00195 (length 108)
prokka_ANT_1/ANT_1:Prokka:ANT_1_00196 (length 238)
prokka_ANT_1/ANT_1:Prokka:ANT_1_00197 (length 63)
prokka_ANT_1/ANT_1:Prokka:ANT_1_00198 (length 389)
prokka_ANT_1/ANT_1:Prokka:ANT_1_00199 (length 102)
prokka_ANT_1/ANT_1:Prokka:ANT_1_00200 (length 255)
prokka_ANT_1/ANT_1:Prokka:ANT_1_00201 (length 196)
prokka_ANT_1/ANT_1:Prokka:ANT_1_00202 (length 893)
prokka_ANT_1/ANT_1:Prokka:ANT_1_00203 (length 30)
prokka_ANT_1/ANT_1:Prokka:ANT_1_00204 (length 89)
prokka_ANT_1/ANT_1:Prokka:ANT_1_00205 (length 324)
prokka_ANT_1/ANT_1:Prokka:ANT_1_00206 (length 866)
prokka_ANT_1/ANT_1:Prokka:ANT_1_00207 (length 1263)
prokka_ANT_1/ANT_1:Prokka:ANT_1_00208 (length 359)
prokka_ANT_1/ANT_1:Prokka:ANT_1_00209 (length 779)
prokka_ANT_1/ANT_1:Prokka:ANT_1_00210 (length 378)
prokka_ANT_1/ANT_1:Prokka:ANT_1_00211 (length 674)
prokka_ANT_1/ANT_1:Prokka:ANT_1_00212 (length 349)
prokka_ANT_1/ANT_1:Prokka:ANT_1_00213 (length 253)
prokka_ANT_1/ANT_1:Prokka:ANT_1_00214 (length 196)
prokka_ANT_1/ANT_1:Prokka:ANT_1_00215 (length 297)
prokka_ANT_1/ANT_1:Prokka:ANT_1_00216 (length 208)
prokka_ANT_1/ANT_1:Prokka:ANT_1_00217 (length 206)
prokka_ANT_1/ANT_1:Prokka:ANT_1_00218 (length 294)
prokka_ANT_1/ANT_1:Prokka:ANT_1_00219 (length 520)
prokka_ANT_1/ANT_1:Prokka:ANT_1_00220 (length 192)
prokka_ANT_1/ANT_1:Prokka:ANT_1_00221 (length 332)
prokka_ANT_1/ANT_1:Prokka:ANT_1_00222 (length 455)
prokka_ANT_1/ANT_1:Prokka:ANT_1_00223 (length 396)
prokka_ANT_1/ANT_1:Prokka:ANT_1_00224 (length 268)
prokka_ANT_1/ANT_1:Prokka:ANT_1_00225 (length 104)
prokka_ANT_1/ANT_1:Prokka:ANT_1_00226 (length 210)
prokka_ANT_1/ANT_1:Prokka:ANT_1_00227 (length 245)
prokka_ANT_1/ANT_1:Prokka:ANT_1_00228 (length 178)
prokka_ANT_1/ANT_1:Prokka:ANT_1_00229 (length 141)
prokka_ANT_1/ANT_1:Prokka:ANT_1_00230 (length 239)
prokka_ANT_1/ANT_1:Prokka:ANT_1_00231 (length 98)
prokka_ANT_1/ANT_1:Prokka:ANT_1_00232 (length 57)
prokka_ANT_1/ANT_1:Prokka:ANT_1_00233 (length 486)
prokka_ANT_1/ANT_1:Prokka:ANT_1_00234 (length 107)
prokka_ANT_1/ANT_1:Prokka:ANT_1_00235 (length 288)
prokka_ANT_1/ANT_1:Prokka:ANT_1_00236 (length 333)
prokka_ANT_1/ANT_1:Prokka:ANT_1_00237 (length 338)
prokka_ANT_1/ANT_1:Prokka:ANT_1_00238 (length 302)
prokka_ANT_1/ANT_1:Prokka:ANT_1_00239 (length 306)
prokka_ANT_1/ANT_1:Prokka:ANT_1_00240 (length 545)
prokka_ANT_1/ANT_1:Prokka:ANT_1_00241 (length 215)
prokka_ANT_1/ANT_1:Prokka:ANT_1_00242 (length 70)
prokka_ANT_1/ANT_1:Prokka:ANT_1_00243 (length 894)
prokka_ANT_1/ANT_1:Prokka:ANT_1_00244 (length 208)
prokka_ANT_1/ANT_1:Prokka:ANT_1_00245 (length 135)
prokka_ANT_1/ANT_1:Prokka:ANT_1_00246 (length 335)
prokka_ANT_1/ANT_1:Prokka:ANT_1_00247 (length 446)
prokka_ANT_1/ANT_1:Prokka:ANT_1_00248 (length 302)
prokka_ANT_1/ANT_1:Prokka:ANT_1_00249 (length 342)
prokka_ANT_1/ANT_1:Prokka:ANT_1_00250 (length 303)
prokka_ANT_1/ANT_1:Prokka:ANT_1_00251 (length 120)
prokka_ANT_1/ANT_1:Prokka:ANT_1_00252 (length 282)
prokka_ANT_1/ANT_1:Prokka:ANT_1_00255 (length 269)
prokka_ANT_1/ANT_1:Prokka:ANT_1_00256 (length 104)
prokka_ANT_1/ANT_1:Prokka:ANT_1_00257 (length 640)
prokka_ANT_1/ANT_1:Prokka:ANT_1_00258 (length 348)
prokka_ANT_1/ANT_1:Prokka:ANT_1_00259 (length 183)
prokka_ANT_1/ANT_1:Prokka:ANT_1_00260 (length 618)
prokka_ANT_1/ANT_1:Prokka:ANT_1_00261 (length 337)
prokka_ANT_1/ANT_1:Prokka:ANT_1_00262 (length 204)
prokka_ANT_1/ANT_1:Prokka:ANT_1_00263 (length 92)
prokka_ANT_1/ANT_1:Prokka:ANT_1_00264 (length 136)
prokka_ANT_1/ANT_1:Prokka:ANT_1_00265 (length 331)
prokka_ANT_1/ANT_1:Prokka:ANT_1_00266 (length 294)
prokka_ANT_1/ANT_1:Prokka:ANT_1_00267 (length 283)
prokka_ANT_1/ANT_1:Prokka:ANT_1_00268 (length 249)
prokka_ANT_1/ANT_1:Prokka:ANT_1_00269 (length 644)
prokka_ANT_1/ANT_1:Prokka:ANT_1_00270 (length 425)
prokka_ANT_1/ANT_1:Prokka:ANT_1_00271 (length 575)
prokka_ANT_1/ANT_1:Prokka:ANT_1_00272 (length 489)
prokka_ANT_1/ANT_1:Prokka:ANT_1_00273 (length 396)
prokka_ANT_1/ANT_1:Prokka:ANT_1_00274 (length 356)
prokka_ANT_1/ANT_1:Prokka:ANT_1_00275 (length 433)
prokka_ANT_1/ANT_1:Prokka:ANT_1_00276 (length 512)
prokka_ANT_1/ANT_1:Prokka:ANT_1_00277 (length 239)
prokka_ANT_1/ANT_1:Prokka:ANT_1_00278 (length 176)
prokka_ANT_1/ANT_1:Prokka:ANT_1_00279 (length 149)
prokka_ANT_1/ANT_1:Prokka:ANT_1_00280 (length 219)
prokka_ANT_1/ANT_1:Prokka:ANT_1_00281 (length 351)
prokka_ANT_1/ANT_1:Prokka:ANT_1_00282 (length 91)
prokka_ANT_1/ANT_1:Prokka:ANT_1_00283 (length 230)
prokka_ANT_1/ANT_1:Prokka:ANT_1_00284 (length 270)
prokka_ANT_1/ANT_1:Prokka:ANT_1_00285 (length 91)
prokka_ANT_1/ANT_1:Prokka:ANT_1_00286 (length 400)
prokka_ANT_1/ANT_1:Prokka:ANT_1_00287 (length 572)
prokka_ANT_1/ANT_1:Prokka:ANT_1_00288 (length 198)
prokka_ANT_1/ANT_1:Prokka:ANT_1_00289 (length 233)
prokka_ANT_1/ANT_1:Prokka:ANT_1_00290 (length 636)
prokka_ANT_1/ANT_1:Prokka:ANT_1_00291 (length 340)
prokka_ANT_1/ANT_1:Prokka:ANT_1_00292 (length 410)
prokka_ANT_1/ANT_1:Prokka:ANT_1_00293 (length 117)
prokka_ANT_1/ANT_1:Prokka:ANT_1_00294 (length 76)
prokka_ANT_1/ANT_1:Prokka:ANT_1_00295 (length 455)
prokka_ANT_1/ANT_1:Prokka:ANT_1_00296 (length 191)
prokka_ANT_1/ANT_1:Prokka:ANT_1_00297 (length 454)
prokka_ANT_1/ANT_1:Prokka:ANT_1_00298 (length 520)
prokka_ANT_1/ANT_1:Prokka:ANT_1_00299 (length 517)
prokka_ANT_1/ANT_1:Prokka:ANT_1_00300 (length 318)
prokka_ANT_1/ANT_1:Prokka:ANT_1_00301 (length 266)
prokka_ANT_1/ANT_1:Prokka:ANT_1_00302 (length 283)
prokka_ANT_1/ANT_1:Prokka:ANT_1_00303 (length 152)
prokka_ANT_1/ANT_1:Prokka:ANT_1_00304 (length 285)
prokka_ANT_1/ANT_1:Prokka:ANT_1_00305 (length 69)
prokka_ANT_1/ANT_1:Prokka:ANT_1_00306 (length 332)
prokka_ANT_1/ANT_1:Prokka:ANT_1_00307 (length 91)
prokka_ANT_1/ANT_1:Prokka:ANT_1_00308 (length 78)
prokka_ANT_1/ANT_1:Prokka:ANT_1_00309 (length 263)
prokka_ANT_1/ANT_1:Prokka:ANT_1_00310 (length 293)
prokka_ANT_1/ANT_1:Prokka:ANT_1_00311 (length 681)
prokka_ANT_1/ANT_1:Prokka:ANT_1_00312 (length 232)
prokka_ANT_1/ANT_1:Prokka:ANT_1_00313 (length 166)
prokka_ANT_1/ANT_1:Prokka:ANT_1_00314 (length 444)
prokka_ANT_1/ANT_1:Prokka:ANT_1_00315 (length 877)
prokka_ANT_1/ANT_1:Prokka:ANT_1_00316 (length 478)
prokka_ANT_1/ANT_1:Prokka:ANT_1_00317 (length 35)
prokka_ANT_1/ANT_1:Prokka:ANT_1_00318 (length 97)
prokka_ANT_1/ANT_1:Prokka:ANT_1_00319 (length 264)
prokka_ANT_1/ANT_1:Prokka:ANT_1_00320 (length 386)
prokka_ANT_1/ANT_1:Prokka:ANT_1_00321 (length 85)
prokka_ANT_1/ANT_1:Prokka:ANT_1_00322 (length 321)
prokka_ANT_1/ANT_1:Prokka:ANT_1_4 (length 3045)
prokka_ANT_1/ANT_1:Prokka:ANT_1_00323 (length 104)
prokka_ANT_1/ANT_1:Prokka:ANT_1_00324 (length 223)
prokka_ANT_1/ANT_1:Prokka:ANT_1_00325 (length 88)
prokka_ANT_1/ANT_1:Prokka:ANT_1_5 (length 9983)
prokka_ANT_1/ANT_1:Prokka:ANT_1_00326 (length 158)
prokka_ANT_1/ANT_1:Prokka:ANT_1_00327 (length 534)
prokka_ANT_1/ANT_1:Prokka:ANT_1_00328 (length 304)
prokka_ANT_1/ANT_1:Prokka:ANT_1_00329 (length 536)
prokka_ANT_1/ANT_1:Prokka:ANT_1_00330 (length 169)
prokka_ANT_1/ANT_1:Prokka:ANT_1_00331 (length 310)
prokka_ANT_1/ANT_1:Prokka:ANT_1_00332 (length 393)
prokka_ANT_1/ANT_1:Prokka:ANT_1_00333 (length 342)
prokka_ANT_1/ANT_1:Prokka:ANT_1_00334 (length 131)
prokka_ANT_1/ANT_1:Prokka:ANT_1_6 (length 28713)
prokka_ANT_1/ANT_1:Prokka:ANT_1_00335 (length 400)
prokka_ANT_1/ANT_1:Prokka:ANT_1_00336 (length 558)
prokka_ANT_1/ANT_1:Prokka:ANT_1_00337 (length 468)
prokka_ANT_1/ANT_1:Prokka:ANT_1_00338 (length 132)
prokka_ANT_1/ANT_1:Prokka:ANT_1_00339 (length 121)
prokka_ANT_1/ANT_1:Prokka:ANT_1_00340 (length 492)
prokka_ANT_1/ANT_1:Prokka:ANT_1_00341 (length 160)
prokka_ANT_1/ANT_1:Prokka:ANT_1_00342 (length 107)
prokka_ANT_1/ANT_1:Prokka:ANT_1_00343 (length 59)
prokka_ANT_1/ANT_1:Prokka:ANT_1_00344 (length 43)
prokka_ANT_1/ANT_1:Prokka:ANT_1_00345 (length 303)
prokka_ANT_1/ANT_1:Prokka:ANT_1_00346 (length 91)
prokka_ANT_1/ANT_1:Prokka:ANT_1_00347 (length 307)
prokka_ANT_1/ANT_1:Prokka:ANT_1_00348 (length 156)
prokka_ANT_1/ANT_1:Prokka:ANT_1_00349 (length 469)
prokka_ANT_1/ANT_1:Prokka:ANT_1_00350 (length 533)
prokka_ANT_1/ANT_1:Prokka:ANT_1_00351 (length 82)
prokka_ANT_1/ANT_1:Prokka:ANT_1_00352 (length 234)
prokka_ANT_1/ANT_1:Prokka:ANT_1_00353 (length 218)
prokka_ANT_1/ANT_1:Prokka:ANT_1_00354 (length 264)
prokka_ANT_1/ANT_1:Prokka:ANT_1_00356 (length 380)
prokka_ANT_1/ANT_1:Prokka:ANT_1_00357 (length 211)
prokka_ANT_1/ANT_1:Prokka:ANT_1_00358 (length 127)
prokka_ANT_1/ANT_1:Prokka:ANT_1_00359 (length 89)
prokka_ANT_1/ANT_1:Prokka:ANT_1_00360 (length 433)
prokka_ANT_1/ANT_1:Prokka:ANT_1_00361 (length 303)
prokka_ANT_1/ANT_1:Prokka:ANT_1_00362 (length 267)
prokka_ANT_1/ANT_1:Prokka:ANT_1_00363 (length 285)
prokka_ANT_1/ANT_1:Prokka:ANT_1_00364 (length 278)
prokka_ANT_1/ANT_1:Prokka:ANT_1_00365 (length 478)
prokka_ANT_1/ANT_1:Prokka:ANT_1_7 (length 10137)
prokka_ANT_1/ANT_1:Prokka:ANT_1_00367 (length 178)
prokka_ANT_1/ANT_1:Prokka:ANT_1_00368 (length 366)
prokka_ANT_1/ANT_1:Prokka:ANT_1_00369 (length 586)
prokka_ANT_1/ANT_1:Prokka:ANT_1_00370 (length 380)
prokka_ANT_1/ANT_1:Prokka:ANT_1_00371 (length 88)
prokka_ANT_1/ANT_1:Prokka:ANT_1_00372 (length 232)
prokka_ANT_1/ANT_1:Prokka:ANT_1_00373 (length 253)
prokka_ANT_1/ANT_1:Prokka:ANT_1_00374 (length 635)
prokka_ANT_1/ANT_1:Prokka:ANT_1_00375 (length 392)
prokka_ANT_1/ANT_1:Prokka:ANT_1_8 (length 107449)
prokka_ANT_1/ANT_1:Prokka:ANT_1_00376 (length 133)
prokka_ANT_1/ANT_1:Prokka:ANT_1_00377 (length 311)
prokka_ANT_1/ANT_1:Prokka:ANT_1_00378 (length 136)
prokka_ANT_1/ANT_1:Prokka:ANT_1_00379 (length 277)
prokka_ANT_1/ANT_1:Prokka:ANT_1_00380 (length 396)
prokka_ANT_1/ANT_1:Prokka:ANT_1_00381 (length 398)
prokka_ANT_1/ANT_1:Prokka:ANT_1_00382 (length 195)
prokka_ANT_1/ANT_1:Prokka:ANT_1_00383 (length 331)
prokka_ANT_1/ANT_1:Prokka:ANT_1_00384 (length 127)
prokka_ANT_1/ANT_1:Prokka:ANT_1_00385 (length 85)
prokka_ANT_1/ANT_1:Prokka:ANT_1_00386 (length 140)
prokka_ANT_1/ANT_1:Prokka:ANT_1_00387 (length 72)
prokka_ANT_1/ANT_1:Prokka:ANT_1_00388 (length 117)
prokka_ANT_1/ANT_1:Prokka:ANT_1_00389 (length 247)
prokka_ANT_1/ANT_1:Prokka:ANT_1_00390 (length 145)
prokka_ANT_1/ANT_1:Prokka:ANT_1_00391 (length 165)
prokka_ANT_1/ANT_1:Prokka:ANT_1_00392 (length 302)
prokka_ANT_1/ANT_1:Prokka:ANT_1_00393 (length 374)
prokka_ANT_1/ANT_1:Prokka:ANT_1_00394 (length 125)
prokka_ANT_1/ANT_1:Prokka:ANT_1_00395 (length 363)
prokka_ANT_1/ANT_1:Prokka:ANT_1_00396 (length 264)
prokka_ANT_1/ANT_1:Prokka:ANT_1_00397 (length 308)
prokka_ANT_1/ANT_1:Prokka:ANT_1_00398 (length 368)
prokka_ANT_1/ANT_1:Prokka:ANT_1_00399 (length 271)
prokka_ANT_1/ANT_1:Prokka:ANT_1_00400 (length 509)
prokka_ANT_1/ANT_1:Prokka:ANT_1_00401 (length 275)
prokka_ANT_1/ANT_1:Prokka:ANT_1_00402 (length 200)
prokka_ANT_1/ANT_1:Prokka:ANT_1_00403 (length 396)
prokka_ANT_1/ANT_1:Prokka:ANT_1_00404 (length 309)
prokka_ANT_1/ANT_1:Prokka:ANT_1_00405 (length 465)
prokka_ANT_1/ANT_1:Prokka:ANT_1_00406 (length 157)
prokka_ANT_1/ANT_1:Prokka:ANT_1_00407 (length 286)
prokka_ANT_1/ANT_1:Prokka:ANT_1_00408 (length 170)
prokka_ANT_1/ANT_1:Prokka:ANT_1_00409 (length 325)
prokka_ANT_1/ANT_1:Prokka:ANT_1_00410 (length 309)
prokka_ANT_1/ANT_1:Prokka:ANT_1_00411 (length 193)
prokka_ANT_1/ANT_1:Prokka:ANT_1_00412 (length 147)
prokka_ANT_1/ANT_1:Prokka:ANT_1_00413 (length 99)
prokka_ANT_1/ANT_1:Prokka:ANT_1_00414 (length 421)
prokka_ANT_1/ANT_1:Prokka:ANT_1_00415 (length 100)
prokka_ANT_1/ANT_1:Prokka:ANT_1_00416 (length 728)
prokka_ANT_1/ANT_1:Prokka:ANT_1_00417 (length 281)
prokka_ANT_1/ANT_1:Prokka:ANT_1_00418 (length 341)
prokka_ANT_1/ANT_1:Prokka:ANT_1_00419 (length 350)
prokka_ANT_1/ANT_1:Prokka:ANT_1_00420 (length 319)
prokka_ANT_1/ANT_1:Prokka:ANT_1_00421 (length 297)
prokka_ANT_1/ANT_1:Prokka:ANT_1_00422 (length 480)
prokka_ANT_1/ANT_1:Prokka:ANT_1_00423 (length 475)
prokka_ANT_1/ANT_1:Prokka:ANT_1_00424 (length 108)
prokka_ANT_1/ANT_1:Prokka:ANT_1_00425 (length 438)
prokka_ANT_1/ANT_1:Prokka:ANT_1_00426 (length 107)
prokka_ANT_1/ANT_1:Prokka:ANT_1_00427 (length 40)
prokka_ANT_1/ANT_1:Prokka:ANT_1_00428 (length 340)
prokka_ANT_1/ANT_1:Prokka:ANT_1_00429 (length 380)
prokka_ANT_1/ANT_1:Prokka:ANT_1_00430 (length 431)
prokka_ANT_1/ANT_1:Prokka:ANT_1_00431 (length 229)
prokka_ANT_1/ANT_1:Prokka:ANT_1_00432 (length 136)
prokka_ANT_1/ANT_1:Prokka:ANT_1_00433 (length 112)
prokka_ANT_1/ANT_1:Prokka:ANT_1_00434 (length 732)
prokka_ANT_1/ANT_1:Prokka:ANT_1_00435 (length 158)
prokka_ANT_1/ANT_1:Prokka:ANT_1_00436 (length 140)
prokka_ANT_1/ANT_1:Prokka:ANT_1_00437 (length 256)
prokka_ANT_1/ANT_1:Prokka:ANT_1_00438 (length 320)
prokka_ANT_1/ANT_1:Prokka:ANT_1_00439 (length 331)
prokka_ANT_1/ANT_1:Prokka:ANT_1_00440 (length 301)
prokka_ANT_1/ANT_1:Prokka:ANT_1_00441 (length 788)
prokka_ANT_1/ANT_1:Prokka:ANT_1_00442 (length 323)
prokka_ANT_1/ANT_1:Prokka:ANT_1_00443 (length 172)
prokka_ANT_1/ANT_1:Prokka:ANT_1_00444 (length 90)
prokka_ANT_1/ANT_1:Prokka:ANT_1_00445 (length 230)
prokka_ANT_1/ANT_1:Prokka:ANT_1_00446 (length 128)
prokka_ANT_1/ANT_1:Prokka:ANT_1_00447 (length 320)
prokka_ANT_1/ANT_1:Prokka:ANT_1_00448 (length 374)
prokka_ANT_1/ANT_1:Prokka:ANT_1_00449 (length 402)
prokka_ANT_1/ANT_1:Prokka:ANT_1_00450 (length 159)
prokka_ANT_1/ANT_1:Prokka:ANT_1_00451 (length 60)
prokka_ANT_1/ANT_1:Prokka:ANT_1_00452 (length 381)
prokka_ANT_1/ANT_1:Prokka:ANT_1_00453 (length 260)
prokka_ANT_1/ANT_1:Prokka:ANT_1_00454 (length 301)
prokka_ANT_1/ANT_1:Prokka:ANT_1_00455 (length 277)
prokka_ANT_1/ANT_1:Prokka:ANT_1_00456 (length 488)
prokka_ANT_1/ANT_1:Prokka:ANT_1_00457 (length 610)
prokka_ANT_1/ANT_1:Prokka:ANT_1_00458 (length 109)
prokka_ANT_1/ANT_1:Prokka:ANT_1_00459 (length 114)
prokka_ANT_1/ANT_1:Prokka:ANT_1_00460 (length 372)
prokka_ANT_1/ANT_1:Prokka:ANT_1_00461 (length 350)
prokka_ANT_1/ANT_1:Prokka:ANT_1_00462 (length 262)
prokka_ANT_1/ANT_1:Prokka:ANT_1_00463 (length 561)
prokka_ANT_1/ANT_1:Prokka:ANT_1_00464 (length 239)
prokka_ANT_1/ANT_1:Prokka:ANT_1_00465 (length 319)
prokka_ANT_1/ANT_1:Prokka:ANT_1_00466 (length 67)
prokka_ANT_1/ANT_1:Prokka:ANT_1_00467 (length 716)
prokka_ANT_1/ANT_1:Prokka:ANT_1_00468 (length 690)
prokka_ANT_1/ANT_1:Prokka:ANT_1_00469 (length 426)
prokka_ANT_1/ANT_1:Prokka:ANT_1_00470 (length 454)
prokka_ANT_1/ANT_1:Prokka:ANT_1_00471 (length 411)
prokka_ANT_1/ANT_1:Prokka:ANT_1_00472 (length 625)
prokka_ANT_1/ANT_1:Prokka:ANT_1_00473 (length 367)
prokka_ANT_1/ANT_1:Prokka:ANT_1_00474 (length 187)
prokka_ANT_1/ANT_1:Prokka:ANT_1_00475 (length 528)
prokka_ANT_1/ANT_1:Prokka:ANT_1_00476 (length 266)
prokka_ANT_1/ANT_1:Prokka:ANT_1_00477 (length 304)
prokka_ANT_1/ANT_1:Prokka:ANT_1_00478 (length 163)
prokka_ANT_1/ANT_1:Prokka:ANT_1_00479 (length 150)
prokka_ANT_1/ANT_1:Prokka:ANT_1_9 (length 41892)
prokka_ANT_1/ANT_1:Prokka:ANT_1_00480 (length 178)
prokka_ANT_1/ANT_1:Prokka:ANT_1_00481 (length 131)
prokka_ANT_1/ANT_1:Prokka:ANT_1_00482 (length 251)
prokka_ANT_1/ANT_1:Prokka:ANT_1_00483 (length 101)
prokka_ANT_1/ANT_1:Prokka:ANT_1_00484 (length 212)
prokka_ANT_1/ANT_1:Prokka:ANT_1_00485 (length 769)
prokka_ANT_1/ANT_1:Prokka:ANT_1_00486 (length 345)
prokka_ANT_1/ANT_1:Prokka:ANT_1_00487 (length 403)
prokka_ANT_1/ANT_1:Prokka:ANT_1_00488 (length 193)
prokka_ANT_1/ANT_1:Prokka:ANT_1_00489 (length 137)
prokka_ANT_1/ANT_1:Prokka:ANT_1_00490 (length 375)
prokka_ANT_1/ANT_1:Prokka:ANT_1_00491 (length 601)
prokka_ANT_1/ANT_1:Prokka:ANT_1_00492 (length 304)
prokka_ANT_1/ANT_1:Prokka:ANT_1_00493 (length 86)
prokka_ANT_1/ANT_1:Prokka:ANT_1_00494 (length 390)
prokka_ANT_1/ANT_1:Prokka:ANT_1_00495 (length 360)
prokka_ANT_1/ANT_1:Prokka:ANT_1_00496 (length 356)
prokka_ANT_1/ANT_1:Prokka:ANT_1_00497 (length 185)
prokka_ANT_1/ANT_1:Prokka:ANT_1_00498 (length 291)
prokka_ANT_1/ANT_1:Prokka:ANT_1_00499 (length 445)
prokka_ANT_1/ANT_1:Prokka:ANT_1_00500 (length 248)
prokka_ANT_1/ANT_1:Prokka:ANT_1_00501 (length 215)
prokka_ANT_1/ANT_1:Prokka:ANT_1_00502 (length 243)
prokka_ANT_1/ANT_1:Prokka:ANT_1_00503 (length 239)
prokka_ANT_1/ANT_1:Prokka:ANT_1_00504 (length 447)
prokka_ANT_1/ANT_1:Prokka:ANT_1_00505 (length 108)
prokka_ANT_1/ANT_1:Prokka:ANT_1_00506 (length 81)
prokka_ANT_1/ANT_1:Prokka:ANT_1_00507 (length 99)
prokka_ANT_1/ANT_1:Prokka:ANT_1_00508 (length 82)
prokka_ANT_1/ANT_1:Prokka:ANT_1_00509 (length 77)
prokka_ANT_1/ANT_1:Prokka:ANT_1_00510 (length 76)
prokka_ANT_1/ANT_1:Prokka:ANT_1_00511 (length 545)
prokka_ANT_1/ANT_1:Prokka:ANT_1_00512 (length 239)
prokka_ANT_1/ANT_1:Prokka:ANT_1_00513 (length 324)
prokka_ANT_1/ANT_1:Prokka:ANT_1_00514 (length 925)
prokka_ANT_1/ANT_1:Prokka:ANT_1_00515 (length 29)
prokka_ANT_1/ANT_1:Prokka:ANT_1_00516 (length 503)
prokka_ANT_1/ANT_1:Prokka:ANT_1_00517 (length 548)
prokka_ANT_1/ANT_1:Prokka:ANT_1_00518 (length 268)
prokka_ANT_1/ANT_1:Prokka:ANT_1_00519 (length 156)
prokka_ANT_1/ANT_1:Prokka:ANT_1_10 (length 53005)
prokka_ANT_1/ANT_1:Prokka:ANT_1_00520 (length 71)
prokka_ANT_1/ANT_1:Prokka:ANT_1_00521 (length 75)
prokka_ANT_1/ANT_1:Prokka:ANT_1_00522 (length 54)
prokka_ANT_1/ANT_1:Prokka:ANT_1_00523 (length 52)
prokka_ANT_1/ANT_1:Prokka:ANT_1_00524 (length 200)
prokka_ANT_1/ANT_1:Prokka:ANT_1_00525 (length 184)
prokka_ANT_1/ANT_1:Prokka:ANT_1_00526 (length 108)
prokka_ANT_1/ANT_1:Prokka:ANT_1_00527 (length 299)
prokka_ANT_1/ANT_1:Prokka:ANT_1_00528 (length 48)
prokka_ANT_1/ANT_1:Prokka:ANT_1_00529 (length 447)
prokka_ANT_1/ANT_1:Prokka:ANT_1_00530 (length 465)
prokka_ANT_1/ANT_1:Prokka:ANT_1_00531 (length 563)
prokka_ANT_1/ANT_1:Prokka:ANT_1_00532 (length 151)
prokka_ANT_1/ANT_1:Prokka:ANT_1_00533 (length 310)
prokka_ANT_1/ANT_1:Prokka:ANT_1_00534 (length 201)
prokka_ANT_1/ANT_1:Prokka:ANT_1_00535 (length 320)
prokka_ANT_1/ANT_1:Prokka:ANT_1_00536 (length 130)
prokka_ANT_1/ANT_1:Prokka:ANT_1_00537 (length 418)
prokka_ANT_1/ANT_1:Prokka:ANT_1_00538 (length 318)
prokka_ANT_1/ANT_1:Prokka:ANT_1_00539 (length 93)
prokka_ANT_1/ANT_1:Prokka:ANT_1_00540 (length 432)
prokka_ANT_1/ANT_1:Prokka:ANT_1_00541 (length 141)
prokka_ANT_1/ANT_1:Prokka:ANT_1_00542 (length 155)
prokka_ANT_1/ANT_1:Prokka:ANT_1_00543 (length 220)
prokka_ANT_1/ANT_1:Prokka:ANT_1_00544 (length 449)
prokka_ANT_1/ANT_1:Prokka:ANT_1_00545 (length 549)
prokka_ANT_1/ANT_1:Prokka:ANT_1_00546 (length 300)
prokka_ANT_1/ANT_1:Prokka:ANT_1_00547 (length 142)
prokka_ANT_1/ANT_1:Prokka:ANT_1_00548 (length 232)
prokka_ANT_1/ANT_1:Prokka:ANT_1_00549 (length 181)
prokka_ANT_1/ANT_1:Prokka:ANT_1_00550 (length 552)
prokka_ANT_1/ANT_1:Prokka:ANT_1_00551 (length 103)
prokka_ANT_1/ANT_1:Prokka:ANT_1_00552 (length 651)
prokka_ANT_1/ANT_1:Prokka:ANT_1_00553 (length 434)
prokka_ANT_1/ANT_1:Prokka:ANT_1_00554 (length 514)
prokka_ANT_1/ANT_1:Prokka:ANT_1_00555 (length 254)
prokka_ANT_1/ANT_1:Prokka:ANT_1_00556 (length 557)
prokka_ANT_1/ANT_1:Prokka:ANT_1_00557 (length 550)
prokka_ANT_1/ANT_1:Prokka:ANT_1_00558 (length 402)
prokka_ANT_1/ANT_1:Prokka:ANT_1_00559 (length 692)
prokka_ANT_1/ANT_1:Prokka:ANT_1_00560 (length 245)
prokka_ANT_1/ANT_1:Prokka:ANT_1_00561 (length 594)
prokka_ANT_1/ANT_1:Prokka:ANT_1_00562 (length 438)
prokka_ANT_1/ANT_1:Prokka:ANT_1_00563 (length 175)
prokka_ANT_1/ANT_1:Prokka:ANT_1_00564 (length 116)
prokka_ANT_1/ANT_1:Prokka:ANT_1_00565 (length 273)
prokka_ANT_1/ANT_1:Prokka:ANT_1_00566 (length 192)
prokka_ANT_1/ANT_1:Prokka:ANT_1_11 (length 330868)
prokka_ANT_1/ANT_1:Prokka:ANT_1_00567 (length 906)
prokka_ANT_1/ANT_1:Prokka:ANT_1_00568 (length 240)
prokka_ANT_1/ANT_1:Prokka:ANT_1_00569 (length 336)
prokka_ANT_1/ANT_1:Prokka:ANT_1_00570 (length 107)
prokka_ANT_1/ANT_1:Prokka:ANT_1_00571 (length 223)
prokka_ANT_1/ANT_1:Prokka:ANT_1_00572 (length 167)
prokka_ANT_1/ANT_1:Prokka:ANT_1_00573 (length 239)
prokka_ANT_1/ANT_1:Prokka:ANT_1_00574 (length 676)
prokka_ANT_1/ANT_1:Prokka:ANT_1_00575 (length 119)
prokka_ANT_1/ANT_1:Prokka:ANT_1_00576 (length 462)
prokka_ANT_1/ANT_1:Prokka:ANT_1_00577 (length 213)
prokka_ANT_1/ANT_1:Prokka:ANT_1_00578 (length 313)
prokka_ANT_1/ANT_1:Prokka:ANT_1_00579 (length 215)
prokka_ANT_1/ANT_1:Prokka:ANT_1_00580 (length 341)
prokka_ANT_1/ANT_1:Prokka:ANT_1_00581 (length 284)
prokka_ANT_1/ANT_1:Prokka:ANT_1_00582 (length 147)
prokka_ANT_1/ANT_1:Prokka:ANT_1_00583 (length 85)
prokka_ANT_1/ANT_1:Prokka:ANT_1_00584 (length 503)
prokka_ANT_1/ANT_1:Prokka:ANT_1_00585 (length 405)
prokka_ANT_1/ANT_1:Prokka:ANT_1_00586 (length 252)
prokka_ANT_1/ANT_1:Prokka:ANT_1_00587 (length 166)
prokka_ANT_1/ANT_1:Prokka:ANT_1_00588 (length 123)
prokka_ANT_1/ANT_1:Prokka:ANT_1_00589 (length 241)
prokka_ANT_1/ANT_1:Prokka:ANT_1_00590 (length 589)
prokka_ANT_1/ANT_1:Prokka:ANT_1_00591 (length 416)
prokka_ANT_1/ANT_1:Prokka:ANT_1_00592 (length 59)
prokka_ANT_1/ANT_1:Prokka:ANT_1_00593 (length 143)
prokka_ANT_1/ANT_1:Prokka:ANT_1_00594 (length 144)
prokka_ANT_1/ANT_1:Prokka:ANT_1_00595 (length 139)
prokka_ANT_1/ANT_1:Prokka:ANT_1_00596 (length 300)
prokka_ANT_1/ANT_1:Prokka:ANT_1_00597 (length 514)
prokka_ANT_1/ANT_1:Prokka:ANT_1_00598 (length 330)
prokka_ANT_1/ANT_1:Prokka:ANT_1_00599 (length 269)
prokka_ANT_1/ANT_1:Prokka:ANT_1_00600 (length 530)
prokka_ANT_1/ANT_1:Prokka:ANT_1_00601 (length 551)
prokka_ANT_1/ANT_1:Prokka:ANT_1_00602 (length 380)
prokka_ANT_1/ANT_1:Prokka:ANT_1_00603 (length 159)
prokka_ANT_1/ANT_1:Prokka:ANT_1_00604 (length 677)
prokka_ANT_1/ANT_1:Prokka:ANT_1_00605 (length 793)
prokka_ANT_1/ANT_1:Prokka:ANT_1_00606 (length 154)
prokka_ANT_1/ANT_1:Prokka:ANT_1_00607 (length 379)
prokka_ANT_1/ANT_1:Prokka:ANT_1_00608 (length 325)
prokka_ANT_1/ANT_1:Prokka:ANT_1_00609 (length 660)
prokka_ANT_1/ANT_1:Prokka:ANT_1_00610 (length 297)
prokka_ANT_1/ANT_1:Prokka:ANT_1_00611 (length 553)
prokka_ANT_1/ANT_1:Prokka:ANT_1_00612 (length 107)
prokka_ANT_1/ANT_1:Prokka:ANT_1_00613 (length 128)
prokka_ANT_1/ANT_1:Prokka:ANT_1_00614 (length 221)
prokka_ANT_1/ANT_1:Prokka:ANT_1_00615 (length 252)
prokka_ANT_1/ANT_1:Prokka:ANT_1_00616 (length 447)
prokka_ANT_1/ANT_1:Prokka:ANT_1_00617 (length 116)
prokka_ANT_1/ANT_1:Prokka:ANT_1_00618 (length 84)
prokka_ANT_1/ANT_1:Prokka:ANT_1_00619 (length 335)
prokka_ANT_1/ANT_1:Prokka:ANT_1_00620 (length 474)
prokka_ANT_1/ANT_1:Prokka:ANT_1_00621 (length 207)
prokka_ANT_1/ANT_1:Prokka:ANT_1_00622 (length 375)
prokka_ANT_1/ANT_1:Prokka:ANT_1_00623 (length 81)
prokka_ANT_1/ANT_1:Prokka:ANT_1_00624 (length 253)
prokka_ANT_1/ANT_1:Prokka:ANT_1_00625 (length 304)
prokka_ANT_1/ANT_1:Prokka:ANT_1_00626 (length 420)
prokka_ANT_1/ANT_1:Prokka:ANT_1_00627 (length 207)
prokka_ANT_1/ANT_1:Prokka:ANT_1_00628 (length 258)
prokka_ANT_1/ANT_1:Prokka:ANT_1_00629 (length 451)
prokka_ANT_1/ANT_1:Prokka:ANT_1_00630 (length 478)
prokka_ANT_1/ANT_1:Prokka:ANT_1_00631 (length 361)
prokka_ANT_1/ANT_1:Prokka:ANT_1_00632 (length 203)
prokka_ANT_1/ANT_1:Prokka:ANT_1_00633 (length 401)
prokka_ANT_1/ANT_1:Prokka:ANT_1_00634 (length 132)
prokka_ANT_1/ANT_1:Prokka:ANT_1_00635 (length 118)
prokka_ANT_1/ANT_1:Prokka:ANT_1_00636 (length 232)
prokka_ANT_1/ANT_1:Prokka:ANT_1_00637 (length 246)
prokka_ANT_1/ANT_1:Prokka:ANT_1_00638 (length 189)
prokka_ANT_1/ANT_1:Prokka:ANT_1_00639 (length 69)
prokka_ANT_1/ANT_1:Prokka:ANT_1_00640 (length 141)
prokka_ANT_1/ANT_1:Prokka:ANT_1_00641 (length 262)
prokka_ANT_1/ANT_1:Prokka:ANT_1_00642 (length 68)
prokka_ANT_1/ANT_1:Prokka:ANT_1_00643 (length 321)
prokka_ANT_1/ANT_1:Prokka:ANT_1_00644 (length 219)
prokka_ANT_1/ANT_1:Prokka:ANT_1_00645 (length 87)
prokka_ANT_1/ANT_1:Prokka:ANT_1_00646 (length 403)
prokka_ANT_1/ANT_1:Prokka:ANT_1_00647 (length 376)
prokka_ANT_1/ANT_1:Prokka:ANT_1_00648 (length 370)
prokka_ANT_1/ANT_1:Prokka:ANT_1_00649 (length 634)
prokka_ANT_1/ANT_1:Prokka:ANT_1_00650 (length 156)
prokka_ANT_1/ANT_1:Prokka:ANT_1_00651 (length 105)
prokka_ANT_1/ANT_1:Prokka:ANT_1_00652 (length 215)
prokka_ANT_1/ANT_1:Prokka:ANT_1_00653 (length 343)
prokka_ANT_1/ANT_1:Prokka:ANT_1_00654 (length 199)
prokka_ANT_1/ANT_1:Prokka:ANT_1_00655 (length 860)
prokka_ANT_1/ANT_1:Prokka:ANT_1_00656 (length 160)
prokka_ANT_1/ANT_1:Prokka:ANT_1_00657 (length 241)
prokka_ANT_1/ANT_1:Prokka:ANT_1_00658 (length 225)
prokka_ANT_1/ANT_1:Prokka:ANT_1_00659 (length 243)
prokka_ANT_1/ANT_1:Prokka:ANT_1_00660 (length 309)
prokka_ANT_1/ANT_1:Prokka:ANT_1_00661 (length 511)
prokka_ANT_1/ANT_1:Prokka:ANT_1_00662 (length 292)
prokka_ANT_1/ANT_1:Prokka:ANT_1_00663 (length 155)
prokka_ANT_1/ANT_1:Prokka:ANT_1_00664 (length 352)
prokka_ANT_1/ANT_1:Prokka:ANT_1_00665 (length 480)
prokka_ANT_1/ANT_1:Prokka:ANT_1_00666 (length 392)
prokka_ANT_1/ANT_1:Prokka:ANT_1_00673 (length 554)
prokka_ANT_1/ANT_1:Prokka:ANT_1_00674 (length 250)
prokka_ANT_1/ANT_1:Prokka:ANT_1_00675 (length 406)
prokka_ANT_1/ANT_1:Prokka:ANT_1_00676 (length 382)
prokka_ANT_1/ANT_1:Prokka:ANT_1_00677 (length 266)
prokka_ANT_1/ANT_1:Prokka:ANT_1_00678 (length 650)
prokka_ANT_1/ANT_1:Prokka:ANT_1_00679 (length 555)
prokka_ANT_1/ANT_1:Prokka:ANT_1_00680 (length 415)
prokka_ANT_1/ANT_1:Prokka:ANT_1_00681 (length 467)
prokka_ANT_1/ANT_1:Prokka:ANT_1_00682 (length 103)
prokka_ANT_1/ANT_1:Prokka:ANT_1_00683 (length 887)
prokka_ANT_1/ANT_1:Prokka:ANT_1_00684 (length 147)
prokka_ANT_1/ANT_1:Prokka:ANT_1_00685 (length 176)
prokka_ANT_1/ANT_1:Prokka:ANT_1_00686 (length 93)
prokka_ANT_1/ANT_1:Prokka:ANT_1_00687 (length 254)
prokka_ANT_1/ANT_1:Prokka:ANT_1_00688 (length 183)
prokka_ANT_1/ANT_1:Prokka:ANT_1_00689 (length 546)
prokka_ANT_1/ANT_1:Prokka:ANT_1_00690 (length 227)
prokka_ANT_1/ANT_1:Prokka:ANT_1_00691 (length 68)
prokka_ANT_1/ANT_1:Prokka:ANT_1_00692 (length 319)
prokka_ANT_1/ANT_1:Prokka:ANT_1_00693 (length 477)
prokka_ANT_1/ANT_1:Prokka:ANT_1_00694 (length 247)
prokka_ANT_1/ANT_1:Prokka:ANT_1_00695 (length 218)
prokka_ANT_1/ANT_1:Prokka:ANT_1_00696 (length 312)
prokka_ANT_1/ANT_1:Prokka:ANT_1_00697 (length 245)
prokka_ANT_1/ANT_1:Prokka:ANT_1_00698 (length 242)
prokka_ANT_1/ANT_1:Prokka:ANT_1_00699 (length 329)
prokka_ANT_1/ANT_1:Prokka:ANT_1_00700 (length 213)
prokka_ANT_1/ANT_1:Prokka:ANT_1_00701 (length 263)
prokka_ANT_1/ANT_1:Prokka:ANT_1_00702 (length 427)
prokka_ANT_1/ANT_1:Prokka:ANT_1_00703 (length 129)
prokka_ANT_1/ANT_1:Prokka:ANT_1_00704 (length 115)
prokka_ANT_1/ANT_1:Prokka:ANT_1_00705 (length 588)
prokka_ANT_1/ANT_1:Prokka:ANT_1_00706 (length 238)
prokka_ANT_1/ANT_1:Prokka:ANT_1_00707 (length 935)
prokka_ANT_1/ANT_1:Prokka:ANT_1_00708 (length 405)
prokka_ANT_1/ANT_1:Prokka:ANT_1_00709 (length 388)
prokka_ANT_1/ANT_1:Prokka:ANT_1_00710 (length 290)
prokka_ANT_1/ANT_1:Prokka:ANT_1_00711 (length 522)
prokka_ANT_1/ANT_1:Prokka:ANT_1_00712 (length 379)
prokka_ANT_1/ANT_1:Prokka:ANT_1_00713 (length 37)
prokka_ANT_1/ANT_1:Prokka:ANT_1_00714 (length 97)
prokka_ANT_1/ANT_1:Prokka:ANT_1_00715 (length 96)
prokka_ANT_1/ANT_1:Prokka:ANT_1_00716 (length 228)
prokka_ANT_1/ANT_1:Prokka:ANT_1_00717 (length 142)
prokka_ANT_1/ANT_1:Prokka:ANT_1_00718 (length 418)
prokka_ANT_1/ANT_1:Prokka:ANT_1_00719 (length 430)
prokka_ANT_1/ANT_1:Prokka:ANT_1_00720 (length 172)
prokka_ANT_1/ANT_1:Prokka:ANT_1_00721 (length 267)
prokka_ANT_1/ANT_1:Prokka:ANT_1_00723 (length 114)
prokka_ANT_1/ANT_1:Prokka:ANT_1_00724 (length 306)
prokka_ANT_1/ANT_1:Prokka:ANT_1_00725 (length 341)
prokka_ANT_1/ANT_1:Prokka:ANT_1_00726 (length 75)
prokka_ANT_1/ANT_1:Prokka:ANT_1_00727 (length 670)
prokka_ANT_1/ANT_1:Prokka:ANT_1_00728 (length 317)
prokka_ANT_1/ANT_1:Prokka:ANT_1_00729 (length 267)
prokka_ANT_1/ANT_1:Prokka:ANT_1_00730 (length 323)
prokka_ANT_1/ANT_1:Prokka:ANT_1_00731 (length 85)
prokka_ANT_1/ANT_1:Prokka:ANT_1_00732 (length 54)
prokka_ANT_1/ANT_1:Prokka:ANT_1_00733 (length 575)
prokka_ANT_1/ANT_1:Prokka:ANT_1_00734 (length 167)
prokka_ANT_1/ANT_1:Prokka:ANT_1_00735 (length 231)
prokka_ANT_1/ANT_1:Prokka:ANT_1_00736 (length 450)
prokka_ANT_1/ANT_1:Prokka:ANT_1_00737 (length 226)
prokka_ANT_1/ANT_1:Prokka:ANT_1_00738 (length 292)
prokka_ANT_1/ANT_1:Prokka:ANT_1_00739 (length 362)
prokka_ANT_1/ANT_1:Prokka:ANT_1_00740 (length 291)
prokka_ANT_1/ANT_1:Prokka:ANT_1_00741 (length 277)
prokka_ANT_1/ANT_1:Prokka:ANT_1_00742 (length 337)
prokka_ANT_1/ANT_1:Prokka:ANT_1_00743 (length 298)
prokka_ANT_1/ANT_1:Prokka:ANT_1_00744 (length 206)
prokka_ANT_1/ANT_1:Prokka:ANT_1_00745 (length 148)
prokka_ANT_1/ANT_1:Prokka:ANT_1_00746 (length 141)
prokka_ANT_1/ANT_1:Prokka:ANT_1_00747 (length 292)
prokka_ANT_1/ANT_1:Prokka:ANT_1_00748 (length 302)
prokka_ANT_1/ANT_1:Prokka:ANT_1_00749 (length 759)
prokka_ANT_1/ANT_1:Prokka:ANT_1_00750 (length 316)
prokka_ANT_1/ANT_1:Prokka:ANT_1_00751 (length 666)
prokka_ANT_1/ANT_1:Prokka:ANT_1_00752 (length 1012)
prokka_ANT_1/ANT_1:Prokka:ANT_1_00753 (length 380)
prokka_ANT_1/ANT_1:Prokka:ANT_1_00754 (length 400)
prokka_ANT_1/ANT_1:Prokka:ANT_1_00755 (length 231)
prokka_ANT_1/ANT_1:Prokka:ANT_1_00756 (length 262)
prokka_ANT_1/ANT_1:Prokka:ANT_1_00757 (length 537)
prokka_ANT_1/ANT_1:Prokka:ANT_1_00758 (length 365)
prokka_ANT_1/ANT_1:Prokka:ANT_1_00759 (length 192)
prokka_ANT_1/ANT_1:Prokka:ANT_1_00760 (length 482)
prokka_ANT_1/ANT_1:Prokka:ANT_1_00761 (length 569)
prokka_ANT_1/ANT_1:Prokka:ANT_1_00762 (length 212)
prokka_ANT_1/ANT_1:Prokka:ANT_1_00763 (length 1037)
prokka_ANT_1/ANT_1:Prokka:ANT_1_00764 (length 40)
prokka_ANT_1/ANT_1:Prokka:ANT_1_00765 (length 48)
prokka_ANT_1/ANT_1:Prokka:ANT_1_00766 (length 61)
prokka_ANT_1/ANT_1:Prokka:ANT_1_00767 (length 64)
prokka_ANT_1/ANT_1:Prokka:ANT_1_00768 (length 126)
prokka_ANT_1/ANT_1:Prokka:ANT_1_00769 (length 375)
prokka_ANT_1/ANT_1:Prokka:ANT_1_00770 (length 62)
prokka_ANT_1/ANT_1:Prokka:ANT_1_00771 (length 228)
prokka_ANT_1/ANT_1:Prokka:ANT_1_00772 (length 665)
prokka_ANT_1/ANT_1:Prokka:ANT_1_00773 (length 286)
prokka_ANT_1/ANT_1:Prokka:ANT_1_00774 (length 237)
prokka_ANT_1/ANT_1:Prokka:ANT_1_00775 (length 343)
prokka_ANT_1/ANT_1:Prokka:ANT_1_00776 (length 292)
prokka_ANT_1/ANT_1:Prokka:ANT_1_00777 (length 183)
prokka_ANT_1/ANT_1:Prokka:ANT_1_00778 (length 155)
prokka_ANT_1/ANT_1:Prokka:ANT_1_00779 (length 352)
prokka_ANT_1/ANT_1:Prokka:ANT_1_00780 (length 536)
prokka_ANT_1/ANT_1:Prokka:ANT_1_00781 (length 200)
prokka_ANT_1/ANT_1:Prokka:ANT_1_00782 (length 487)
prokka_ANT_1/ANT_1:Prokka:ANT_1_00783 (length 117)
prokka_ANT_1/ANT_1:Prokka:ANT_1_00784 (length 235)
prokka_ANT_1/ANT_1:Prokka:ANT_1_00785 (length 353)
prokka_ANT_1/ANT_1:Prokka:ANT_1_00786 (length 429)
prokka_ANT_1/ANT_1:Prokka:ANT_1_00787 (length 208)
prokka_ANT_1/ANT_1:Prokka:ANT_1_00788 (length 346)
prokka_ANT_1/ANT_1:Prokka:ANT_1_00789 (length 212)
prokka_ANT_1/ANT_1:Prokka:ANT_1_00790 (length 258)
prokka_ANT_1/ANT_1:Prokka:ANT_1_00791 (length 548)
prokka_ANT_1/ANT_1:Prokka:ANT_1_00792 (length 719)
prokka_ANT_1/ANT_1:Prokka:ANT_1_00793 (length 686)
prokka_ANT_1/ANT_1:Prokka:ANT_1_00794 (length 508)
prokka_ANT_1/ANT_1:Prokka:ANT_1_00795 (length 201)
prokka_ANT_1/ANT_1:Prokka:ANT_1_00796 (length 748)
prokka_ANT_1/ANT_1:Prokka:ANT_1_00797 (length 60)
prokka_ANT_1/ANT_1:Prokka:ANT_1_00798 (length 478)
prokka_ANT_1/ANT_1:Prokka:ANT_1_00799 (length 63)
prokka_ANT_1/ANT_1:Prokka:ANT_1_00800 (length 168)
prokka_ANT_1/ANT_1:Prokka:ANT_1_00801 (length 97)
prokka_ANT_1/ANT_1:Prokka:ANT_1_00802 (length 259)
prokka_ANT_1/ANT_1:Prokka:ANT_1_00803 (length 189)
prokka_ANT_1/ANT_1:Prokka:ANT_1_00804 (length 208)
prokka_ANT_1/ANT_1:Prokka:ANT_1_00805 (length 312)
prokka_ANT_1/ANT_1:Prokka:ANT_1_00806 (length 526)
prokka_ANT_1/ANT_1:Prokka:ANT_1_00807 (length 488)
prokka_ANT_1/ANT_1:Prokka:ANT_1_00808 (length 457)
prokka_ANT_1/ANT_1:Prokka:ANT_1_00809 (length 177)
prokka_ANT_1/ANT_1:Prokka:ANT_1_00810 (length 808)
prokka_ANT_1/ANT_1:Prokka:ANT_1_00811 (length 499)
prokka_ANT_1/ANT_1:Prokka:ANT_1_00812 (length 393)
prokka_ANT_1/ANT_1:Prokka:ANT_1_00813 (length 206)
prokka_ANT_1/ANT_1:Prokka:ANT_1_00814 (length 425)
prokka_ANT_1/ANT_1:Prokka:ANT_1_00815 (length 373)
prokka_ANT_1/ANT_1:Prokka:ANT_1_00816 (length 331)
prokka_ANT_1/ANT_1:Prokka:ANT_1_00817 (length 243)
prokka_ANT_1/ANT_1:Prokka:ANT_1_00818 (length 389)
prokka_ANT_1/ANT_1:Prokka:ANT_1_00819 (length 143)
prokka_ANT_1/ANT_1:Prokka:ANT_1_00820 (length 772)
prokka_ANT_1/ANT_1:Prokka:ANT_1_00821 (length 1984)
prokka_ANT_1/ANT_1:Prokka:ANT_1_00822 (length 284)
prokka_ANT_1/ANT_1:Prokka:ANT_1_00823 (length 259)
prokka_ANT_1/ANT_1:Prokka:ANT_1_00824 (length 429)
prokka_ANT_1/ANT_1:Prokka:ANT_1_00825 (length 399)
prokka_ANT_1/ANT_1:Prokka:ANT_1_00826 (length 165)
prokka_ANT_1/ANT_1:Prokka:ANT_1_00827 (length 241)
prokka_ANT_1/ANT_1:Prokka:ANT_1_00828 (length 267)
prokka_ANT_1/ANT_1:Prokka:ANT_1_00829 (length 333)
prokka_ANT_1/ANT_1:Prokka:ANT_1_00830 (length 218)
prokka_ANT_1/ANT_1:Prokka:ANT_1_00831 (length 422)
prokka_ANT_1/ANT_1:Prokka:ANT_1_00832 (length 378)
prokka_ANT_1/ANT_1:Prokka:ANT_1_00833 (length 417)
prokka_ANT_1/ANT_1:Prokka:ANT_1_00834 (length 394)
prokka_ANT_1/ANT_1:Prokka:ANT_1_00835 (length 391)
prokka_ANT_1/ANT_1:Prokka:ANT_1_00836 (length 636)
prokka_ANT_1/ANT_1:Prokka:ANT_1_00837 (length 112)
prokka_ANT_1/ANT_1:Prokka:ANT_1_00838 (length 444)
prokka_ANT_1/ANT_1:Prokka:ANT_1_00839 (length 244)
prokka_ANT_1/ANT_1:Prokka:ANT_1_00840 (length 476)
prokka_ANT_1/ANT_1:Prokka:ANT_1_00841 (length 1294)
prokka_ANT_1/ANT_1:Prokka:ANT_1_00842 (length 485)
prokka_ANT_1/ANT_1:Prokka:ANT_1_00843 (length 160)
prokka_ANT_1/ANT_1:Prokka:ANT_1_00844 (length 212)
prokka_ANT_1/ANT_1:Prokka:ANT_1_00845 (length 454)
prokka_ANT_1/ANT_1:Prokka:ANT_1_00846 (length 298)
prokka_ANT_1/ANT_1:Prokka:ANT_1_00847 (length 279)
prokka_ANT_1/ANT_1:Prokka:ANT_1_00848 (length 84)
prokka_ANT_1/ANT_1:Prokka:ANT_1_00849 (length 126)
prokka_ANT_1/ANT_1:Prokka:ANT_1_00850 (length 243)
prokka_ANT_1/ANT_1:Prokka:ANT_1_00851 (length 245)
prokka_ANT_1/ANT_1:Prokka:ANT_1_00852 (length 301)
prokka_ANT_1/ANT_1:Prokka:ANT_1_00853 (length 226)
prokka_ANT_1/ANT_1:Prokka:ANT_1_00854 (length 311)
prokka_ANT_1/ANT_1:Prokka:ANT_1_00855 (length 599)
prokka_ANT_1/ANT_1:Prokka:ANT_1_00856 (length 154)
prokka_ANT_1/ANT_1:Prokka:ANT_1_00857 (length 318)
prokka_ANT_1/ANT_1:Prokka:ANT_1_00858 (length 216)
prokka_ANT_1/ANT_1:Prokka:ANT_1_00859 (length 191)
prokka_ANT_1/ANT_1:Prokka:ANT_1_00860 (length 547)
prokka_ANT_1/ANT_1:Prokka:ANT_1_00861 (length 256)
prokka_ANT_1/ANT_1:Prokka:ANT_1_00862 (length 441)
prokka_ANT_1/ANT_1:Prokka:ANT_1_00863 (length 127)
prokka_ANT_1/ANT_1:Prokka:ANT_1_00864 (length 227)
prokka_ANT_1/ANT_1:Prokka:ANT_1_00865 (length 521)
prokka_ANT_1/ANT_1:Prokka:ANT_1_00866 (length 193)
prokka_ANT_1/ANT_1:Prokka:ANT_1_00867 (length 292)
prokka_ANT_1/ANT_1:Prokka:ANT_1_00868 (length 553)
prokka_ANT_1/ANT_1:Prokka:ANT_1_00869 (length 117)
prokka_ANT_1/ANT_1:Prokka:ANT_1_00870 (length 95)
prokka_ANT_1/ANT_1:Prokka:ANT_1_00871 (length 144)
prokka_ANT_1/ANT_1:Prokka:ANT_1_00872 (length 160)
prokka_ANT_1/ANT_1:Prokka:ANT_1_12 (length 2572)
prokka_ANT_1/ANT_1:Prokka:ANT_1_00874 (length 185)
prokka_ANT_1/ANT_1:Prokka:ANT_1_00875 (length 126)
prokka_ANT_1/ANT_1:Prokka:ANT_1_00876 (length 166)
prokka_ANT_1/ANT_1:Prokka:ANT_1_00877 (length 125)
prokka_ANT_1/ANT_1:Prokka:ANT_1_00878 (length 68)
prokka_ANT_1/ANT_1:Prokka:ANT_1_13 (length 73728)
prokka_ANT_1/ANT_1:Prokka:ANT_1_00879 (length 201)
prokka_ANT_1/ANT_1:Prokka:ANT_1_00880 (length 89)
prokka_ANT_1/ANT_1:Prokka:ANT_1_00881 (length 121)
prokka_ANT_1/ANT_1:Prokka:ANT_1_00882 (length 208)
prokka_ANT_1/ANT_1:Prokka:ANT_1_00883 (length 755)
prokka_ANT_1/ANT_1:Prokka:ANT_1_00884 (length 81)
prokka_ANT_1/ANT_1:Prokka:ANT_1_00885 (length 221)
prokka_ANT_1/ANT_1:Prokka:ANT_1_00886 (length 186)
prokka_ANT_1/ANT_1:Prokka:ANT_1_00887 (length 298)
prokka_ANT_1/ANT_1:Prokka:ANT_1_00888 (length 294)
prokka_ANT_1/ANT_1:Prokka:ANT_1_00889 (length 337)
prokka_ANT_1/ANT_1:Prokka:ANT_1_00890 (length 646)
prokka_ANT_1/ANT_1:Prokka:ANT_1_00891 (length 640)
prokka_ANT_1/ANT_1:Prokka:ANT_1_00892 (length 345)
prokka_ANT_1/ANT_1:Prokka:ANT_1_00893 (length 254)
prokka_ANT_1/ANT_1:Prokka:ANT_1_00894 (length 280)
prokka_ANT_1/ANT_1:Prokka:ANT_1_00895 (length 173)
prokka_ANT_1/ANT_1:Prokka:ANT_1_00896 (length 331)
prokka_ANT_1/ANT_1:Prokka:ANT_1_00897 (length 273)
prokka_ANT_1/ANT_1:Prokka:ANT_1_00898 (length 501)
prokka_ANT_1/ANT_1:Prokka:ANT_1_00899 (length 271)
prokka_ANT_1/ANT_1:Prokka:ANT_1_00900 (length 233)
prokka_ANT_1/ANT_1:Prokka:ANT_1_00901 (length 324)
prokka_ANT_1/ANT_1:Prokka:ANT_1_00902 (length 550)
prokka_ANT_1/ANT_1:Prokka:ANT_1_00903 (length 345)
prokka_ANT_1/ANT_1:Prokka:ANT_1_00904 (length 228)
prokka_ANT_1/ANT_1:Prokka:ANT_1_00905 (length 432)
prokka_ANT_1/ANT_1:Prokka:ANT_1_00906 (length 394)
prokka_ANT_1/ANT_1:Prokka:ANT_1_00907 (length 109)
prokka_ANT_1/ANT_1:Prokka:ANT_1_00908 (length 527)
prokka_ANT_1/ANT_1:Prokka:ANT_1_00909 (length 501)
prokka_ANT_1/ANT_1:Prokka:ANT_1_00910 (length 338)
prokka_ANT_1/ANT_1:Prokka:ANT_1_00911 (length 338)
prokka_ANT_1/ANT_1:Prokka:ANT_1_00912 (length 238)
prokka_ANT_1/ANT_1:Prokka:ANT_1_00913 (length 590)
prokka_ANT_1/ANT_1:Prokka:ANT_1_00914 (length 436)
prokka_ANT_1/ANT_1:Prokka:ANT_1_00915 (length 721)
prokka_ANT_1/ANT_1:Prokka:ANT_1_00916 (length 266)
prokka_ANT_1/ANT_1:Prokka:ANT_1_00917 (length 267)
prokka_ANT_1/ANT_1:Prokka:ANT_1_00918 (length 172)
prokka_ANT_1/ANT_1:Prokka:ANT_1_00919 (length 178)
prokka_ANT_1/ANT_1:Prokka:ANT_1_00920 (length 216)
prokka_ANT_1/ANT_1:Prokka:ANT_1_00921 (length 246)
prokka_ANT_1/ANT_1:Prokka:ANT_1_00922 (length 846)
prokka_ANT_1/ANT_1:Prokka:ANT_1_00923 (length 182)
prokka_ANT_1/ANT_1:Prokka:ANT_1_00924 (length 179)
prokka_ANT_1/ANT_1:Prokka:ANT_1_00925 (length 352)
prokka_ANT_1/ANT_1:Prokka:ANT_1_00926 (length 79)
prokka_ANT_1/ANT_1:Prokka:ANT_1_00927 (length 428)
prokka_ANT_1/ANT_1:Prokka:ANT_1_00928 (length 499)
prokka_ANT_1/ANT_1:Prokka:ANT_1_00929 (length 182)
prokka_ANT_1/ANT_1:Prokka:ANT_1_00930 (length 145)
prokka_ANT_1/ANT_1:Prokka:ANT_1_00931 (length 251)
prokka_ANT_1/ANT_1:Prokka:ANT_1_00932 (length 680)
prokka_ANT_1/ANT_1:Prokka:ANT_1_00933 (length 274)
prokka_ANT_1/ANT_1:Prokka:ANT_1_00934 (length 280)
prokka_ANT_1/ANT_1:Prokka:ANT_1_00935 (length 312)
prokka_ANT_1/ANT_1:Prokka:ANT_1_00936 (length 304)
prokka_ANT_1/ANT_1:Prokka:ANT_1_00937 (length 527)
prokka_ANT_1/ANT_1:Prokka:ANT_1_00938 (length 377)
prokka_ANT_1/ANT_1:Prokka:ANT_1_00939 (length 405)
prokka_ANT_1/ANT_1:Prokka:ANT_1_00940 (length 263)
prokka_ANT_1/ANT_1:Prokka:ANT_1_00941 (length 256)
prokka_ANT_1/ANT_1:Prokka:ANT_1_14 (length 25397)
prokka_ANT_1/ANT_1:Prokka:ANT_1_00942 (length 184)
prokka_ANT_1/ANT_1:Prokka:ANT_1_00943 (length 86)
prokka_ANT_1/ANT_1:Prokka:ANT_1_00944 (length 271)
prokka_ANT_1/ANT_1:Prokka:ANT_1_00945 (length 188)
prokka_ANT_1/ANT_1:Prokka:ANT_1_00946 (length 189)
prokka_ANT_1/ANT_1:Prokka:ANT_1_00947 (length 157)
prokka_ANT_1/ANT_1:Prokka:ANT_1_00948 (length 374)
prokka_ANT_1/ANT_1:Prokka:ANT_1_00949 (length 169)
prokka_ANT_1/ANT_1:Prokka:ANT_1_00950 (length 315)
prokka_ANT_1/ANT_1:Prokka:ANT_1_00951 (length 429)
prokka_ANT_1/ANT_1:Prokka:ANT_1_00952 (length 458)
prokka_ANT_1/ANT_1:Prokka:ANT_1_00953 (length 137)
prokka_ANT_1/ANT_1:Prokka:ANT_1_00954 (length 80)
prokka_ANT_1/ANT_1:Prokka:ANT_1_00955 (length 143)
prokka_ANT_1/ANT_1:Prokka:ANT_1_00956 (length 123)
prokka_ANT_1/ANT_1:Prokka:ANT_1_00957 (length 128)
prokka_ANT_1/ANT_1:Prokka:ANT_1_00958 (length 329)
prokka_ANT_1/ANT_1:Prokka:ANT_1_00959 (length 206)
prokka_ANT_1/ANT_1:Prokka:ANT_1_00960 (length 129)
prokka_ANT_1/ANT_1:Prokka:ANT_1_00961 (length 118)
prokka_ANT_1/ANT_1:Prokka:ANT_1_00962 (length 443)
prokka_ANT_1/ANT_1:Prokka:ANT_1_00963 (length 144)
prokka_ANT_1/ANT_1:Prokka:ANT_1_00964 (length 61)
prokka_ANT_1/ANT_1:Prokka:ANT_1_00965 (length 166)
prokka_ANT_1/ANT_1:Prokka:ANT_1_00966 (length 133)
prokka_ANT_1/ANT_1:Prokka:ANT_1_00967 (length 177)
prokka_ANT_1/ANT_1:Prokka:ANT_1_00968 (length 130)
prokka_ANT_1/ANT_1:Prokka:ANT_1_00969 (length 101)
prokka_ANT_1/ANT_1:Prokka:ANT_1_00970 (length 179)
prokka_ANT_1/ANT_1:Prokka:ANT_1_00971 (length 104)
prokka_ANT_1/ANT_1:Prokka:ANT_1_00972 (length 123)
prokka_ANT_1/ANT_1:Prokka:ANT_1_00973 (length 84)
prokka_ANT_1/ANT_1:Prokka:ANT_1_00974 (length 63)
prokka_ANT_1/ANT_1:Prokka:ANT_1_00975 (length 136)
prokka_ANT_1/ANT_1:Prokka:ANT_1_00976 (length 232)
prokka_ANT_1/ANT_1:Prokka:ANT_1_00977 (length 110)
prokka_ANT_1/ANT_1:Prokka:ANT_1_00978 (length 92)
prokka_ANT_1/ANT_1:Prokka:ANT_1_00979 (length 273)
prokka_ANT_1/ANT_1:Prokka:ANT_1_00980 (length 100)
prokka_ANT_1/ANT_1:Prokka:ANT_1_00981 (length 201)
prokka_ANT_1/ANT_1:Prokka:ANT_1_00982 (length 209)
prokka_ANT_1/ANT_1:Prokka:ANT_1_00983 (length 103)
prokka_ANT_1/ANT_1:Prokka:ANT_1_00984 (length 134)
prokka_ANT_1/ANT_1:Prokka:ANT_1_15 (length 299461)
prokka_ANT_1/ANT_1:Prokka:ANT_1_00985 (length 363)
prokka_ANT_1/ANT_1:Prokka:ANT_1_00986 (length 493)
prokka_ANT_1/ANT_1:Prokka:ANT_1_00987 (length 223)
prokka_ANT_1/ANT_1:Prokka:ANT_1_00988 (length 195)
prokka_ANT_1/ANT_1:Prokka:ANT_1_00989 (length 94)
prokka_ANT_1/ANT_1:Prokka:ANT_1_00990 (length 390)
prokka_ANT_1/ANT_1:Prokka:ANT_1_00991 (length 488)
prokka_ANT_1/ANT_1:Prokka:ANT_1_00992 (length 299)
prokka_ANT_1/ANT_1:Prokka:ANT_1_00993 (length 315)
prokka_ANT_1/ANT_1:Prokka:ANT_1_00994 (length 287)
prokka_ANT_1/ANT_1:Prokka:ANT_1_00995 (length 208)
prokka_ANT_1/ANT_1:Prokka:ANT_1_00996 (length 418)
prokka_ANT_1/ANT_1:Prokka:ANT_1_00997 (length 390)
prokka_ANT_1/ANT_1:Prokka:ANT_1_00998 (length 277)
prokka_ANT_1/ANT_1:Prokka:ANT_1_00999 (length 132)
prokka_ANT_1/ANT_1:Prokka:ANT_1_01000 (length 269)
prokka_ANT_1/ANT_1:Prokka:ANT_1_01001 (length 284)
prokka_ANT_1/ANT_1:Prokka:ANT_1_01002 (length 140)
prokka_ANT_1/ANT_1:Prokka:ANT_1_01003 (length 363)
prokka_ANT_1/ANT_1:Prokka:ANT_1_01004 (length 338)
prokka_ANT_1/ANT_1:Prokka:ANT_1_01005 (length 469)
prokka_ANT_1/ANT_1:Prokka:ANT_1_01006 (length 457)
prokka_ANT_1/ANT_1:Prokka:ANT_1_01007 (length 513)
prokka_ANT_1/ANT_1:Prokka:ANT_1_01008 (length 307)
prokka_ANT_1/ANT_1:Prokka:ANT_1_01009 (length 225)
prokka_ANT_1/ANT_1:Prokka:ANT_1_01010 (length 475)
prokka_ANT_1/ANT_1:Prokka:ANT_1_01011 (length 316)
prokka_ANT_1/ANT_1:Prokka:ANT_1_01012 (length 258)
prokka_ANT_1/ANT_1:Prokka:ANT_1_01013 (length 391)
prokka_ANT_1/ANT_1:Prokka:ANT_1_01014 (length 232)
prokka_ANT_1/ANT_1:Prokka:ANT_1_01015 (length 701)
prokka_ANT_1/ANT_1:Prokka:ANT_1_01016 (length 405)
prokka_ANT_1/ANT_1:Prokka:ANT_1_01017 (length 163)
prokka_ANT_1/ANT_1:Prokka:ANT_1_01018 (length 427)
prokka_ANT_1/ANT_1:Prokka:ANT_1_01019 (length 950)
prokka_ANT_1/ANT_1:Prokka:ANT_1_01020 (length 281)
prokka_ANT_1/ANT_1:Prokka:ANT_1_01021 (length 264)
prokka_ANT_1/ANT_1:Prokka:ANT_1_01022 (length 267)
prokka_ANT_1/ANT_1:Prokka:ANT_1_01023 (length 304)
prokka_ANT_1/ANT_1:Prokka:ANT_1_01024 (length 265)
prokka_ANT_1/ANT_1:Prokka:ANT_1_01025 (length 311)
prokka_ANT_1/ANT_1:Prokka:ANT_1_01026 (length 203)
prokka_ANT_1/ANT_1:Prokka:ANT_1_01027 (length 516)
prokka_ANT_1/ANT_1:Prokka:ANT_1_01028 (length 355)
prokka_ANT_1/ANT_1:Prokka:ANT_1_01029 (length 505)
prokka_ANT_1/ANT_1:Prokka:ANT_1_01030 (length 265)
prokka_ANT_1/ANT_1:Prokka:ANT_1_01031 (length 259)
prokka_ANT_1/ANT_1:Prokka:ANT_1_01032 (length 480)
prokka_ANT_1/ANT_1:Prokka:ANT_1_01033 (length 327)
prokka_ANT_1/ANT_1:Prokka:ANT_1_01034 (length 354)
prokka_ANT_1/ANT_1:Prokka:ANT_1_01035 (length 406)
prokka_ANT_1/ANT_1:Prokka:ANT_1_01036 (length 344)
prokka_ANT_1/ANT_1:Prokka:ANT_1_01037 (length 489)
prokka_ANT_1/ANT_1:Prokka:ANT_1_01038 (length 442)
prokka_ANT_1/ANT_1:Prokka:ANT_1_01039 (length 334)
prokka_ANT_1/ANT_1:Prokka:ANT_1_01040 (length 162)
prokka_ANT_1/ANT_1:Prokka:ANT_1_01041 (length 291)
prokka_ANT_1/ANT_1:Prokka:ANT_1_01042 (length 275)
prokka_ANT_1/ANT_1:Prokka:ANT_1_01043 (length 396)
prokka_ANT_1/ANT_1:Prokka:ANT_1_01044 (length 194)
prokka_ANT_1/ANT_1:Prokka:ANT_1_01045 (length 111)
prokka_ANT_1/ANT_1:Prokka:ANT_1_01046 (length 710)
prokka_ANT_1/ANT_1:Prokka:ANT_1_01047 (length 465)
prokka_ANT_1/ANT_1:Prokka:ANT_1_01048 (length 196)
prokka_ANT_1/ANT_1:Prokka:ANT_1_01049 (length 253)
prokka_ANT_1/ANT_1:Prokka:ANT_1_01050 (length 223)
prokka_ANT_1/ANT_1:Prokka:ANT_1_01051 (length 179)
prokka_ANT_1/ANT_1:Prokka:ANT_1_01052 (length 297)
prokka_ANT_1/ANT_1:Prokka:ANT_1_01053 (length 96)
prokka_ANT_1/ANT_1:Prokka:ANT_1_01054 (length 251)
prokka_ANT_1/ANT_1:Prokka:ANT_1_01055 (length 642)
prokka_ANT_1/ANT_1:Prokka:ANT_1_01056 (length 141)
prokka_ANT_1/ANT_1:Prokka:ANT_1_01057 (length 65)
prokka_ANT_1/ANT_1:Prokka:ANT_1_01058 (length 118)
prokka_ANT_1/ANT_1:Prokka:ANT_1_01059 (length 327)
prokka_ANT_1/ANT_1:Prokka:ANT_1_01060 (length 795)
prokka_ANT_1/ANT_1:Prokka:ANT_1_01061 (length 99)
prokka_ANT_1/ANT_1:Prokka:ANT_1_01062 (length 326)
prokka_ANT_1/ANT_1:Prokka:ANT_1_01063 (length 180)
prokka_ANT_1/ANT_1:Prokka:ANT_1_01064 (length 246)
prokka_ANT_1/ANT_1:Prokka:ANT_1_01065 (length 152)
prokka_ANT_1/ANT_1:Prokka:ANT_1_01066 (length 251)
prokka_ANT_1/ANT_1:Prokka:ANT_1_01067 (length 479)
prokka_ANT_1/ANT_1:Prokka:ANT_1_01068 (length 258)
prokka_ANT_1/ANT_1:Prokka:ANT_1_01069 (length 332)
prokka_ANT_1/ANT_1:Prokka:ANT_1_01070 (length 273)
prokka_ANT_1/ANT_1:Prokka:ANT_1_01071 (length 343)
prokka_ANT_1/ANT_1:Prokka:ANT_1_01072 (length 348)
prokka_ANT_1/ANT_1:Prokka:ANT_1_01073 (length 277)
prokka_ANT_1/ANT_1:Prokka:ANT_1_01074 (length 792)
prokka_ANT_1/ANT_1:Prokka:ANT_1_01075 (length 374)
prokka_ANT_1/ANT_1:Prokka:ANT_1_01076 (length 1018)
prokka_ANT_1/ANT_1:Prokka:ANT_1_01077 (length 137)
prokka_ANT_1/ANT_1:Prokka:ANT_1_01078 (length 134)
prokka_ANT_1/ANT_1:Prokka:ANT_1_01079 (length 124)
prokka_ANT_1/ANT_1:Prokka:ANT_1_01080 (length 497)
prokka_ANT_1/ANT_1:Prokka:ANT_1_01081 (length 248)
prokka_ANT_1/ANT_1:Prokka:ANT_1_01082 (length 426)
prokka_ANT_1/ANT_1:Prokka:ANT_1_01083 (length 406)
prokka_ANT_1/ANT_1:Prokka:ANT_1_01084 (length 140)
prokka_ANT_1/ANT_1:Prokka:ANT_1_01085 (length 343)
prokka_ANT_1/ANT_1:Prokka:ANT_1_01086 (length 78)
prokka_ANT_1/ANT_1:Prokka:ANT_1_01087 (length 470)
prokka_ANT_1/ANT_1:Prokka:ANT_1_01090 (length 457)
prokka_ANT_1/ANT_1:Prokka:ANT_1_01091 (length 221)
prokka_ANT_1/ANT_1:Prokka:ANT_1_01092 (length 382)
prokka_ANT_1/ANT_1:Prokka:ANT_1_01093 (length 397)
prokka_ANT_1/ANT_1:Prokka:ANT_1_01094 (length 310)
prokka_ANT_1/ANT_1:Prokka:ANT_1_01095 (length 341)
prokka_ANT_1/ANT_1:Prokka:ANT_1_01096 (length 29)
prokka_ANT_1/ANT_1:Prokka:ANT_1_01097 (length 293)
prokka_ANT_1/ANT_1:Prokka:ANT_1_01098 (length 112)
prokka_ANT_1/ANT_1:Prokka:ANT_1_01099 (length 223)
prokka_ANT_1/ANT_1:Prokka:ANT_1_01100 (length 135)
prokka_ANT_1/ANT_1:Prokka:ANT_1_01101 (length 366)
prokka_ANT_1/ANT_1:Prokka:ANT_1_01102 (length 196)
prokka_ANT_1/ANT_1:Prokka:ANT_1_01103 (length 545)
prokka_ANT_1/ANT_1:Prokka:ANT_1_01104 (length 214)
prokka_ANT_1/ANT_1:Prokka:ANT_1_01105 (length 304)
prokka_ANT_1/ANT_1:Prokka:ANT_1_01106 (length 79)
prokka_ANT_1/ANT_1:Prokka:ANT_1_01107 (length 298)
prokka_ANT_1/ANT_1:Prokka:ANT_1_01108 (length 671)
prokka_ANT_1/ANT_1:Prokka:ANT_1_01109 (length 285)
prokka_ANT_1/ANT_1:Prokka:ANT_1_01110 (length 78)
prokka_ANT_1/ANT_1:Prokka:ANT_1_01111 (length 145)
prokka_ANT_1/ANT_1:Prokka:ANT_1_01112 (length 156)
prokka_ANT_1/ANT_1:Prokka:ANT_1_01113 (length 372)
prokka_ANT_1/ANT_1:Prokka:ANT_1_01114 (length 106)
prokka_ANT_1/ANT_1:Prokka:ANT_1_01115 (length 218)
prokka_ANT_1/ANT_1:Prokka:ANT_1_01116 (length 424)
prokka_ANT_1/ANT_1:Prokka:ANT_1_01117 (length 286)
prokka_ANT_1/ANT_1:Prokka:ANT_1_01118 (length 201)
prokka_ANT_1/ANT_1:Prokka:ANT_1_01119 (length 305)
prokka_ANT_1/ANT_1:Prokka:ANT_1_01120 (length 205)
prokka_ANT_1/ANT_1:Prokka:ANT_1_01121 (length 296)
prokka_ANT_1/ANT_1:Prokka:ANT_1_01122 (length 497)
prokka_ANT_1/ANT_1:Prokka:ANT_1_01123 (length 199)
prokka_ANT_1/ANT_1:Prokka:ANT_1_01124 (length 488)
prokka_ANT_1/ANT_1:Prokka:ANT_1_01125 (length 548)
prokka_ANT_1/ANT_1:Prokka:ANT_1_01126 (length 211)
prokka_ANT_1/ANT_1:Prokka:ANT_1_01127 (length 211)
prokka_ANT_1/ANT_1:Prokka:ANT_1_01128 (length 233)
prokka_ANT_1/ANT_1:Prokka:ANT_1_01129 (length 210)
prokka_ANT_1/ANT_1:Prokka:ANT_1_01130 (length 353)
prokka_ANT_1/ANT_1:Prokka:ANT_1_01131 (length 724)
prokka_ANT_1/ANT_1:Prokka:ANT_1_01132 (length 191)
prokka_ANT_1/ANT_1:Prokka:ANT_1_01133 (length 193)
prokka_ANT_1/ANT_1:Prokka:ANT_1_01134 (length 139)
prokka_ANT_1/ANT_1:Prokka:ANT_1_01135 (length 71)
prokka_ANT_1/ANT_1:Prokka:ANT_1_01136 (length 318)
prokka_ANT_1/ANT_1:Prokka:ANT_1_01137 (length 507)
prokka_ANT_1/ANT_1:Prokka:ANT_1_01138 (length 339)
prokka_ANT_1/ANT_1:Prokka:ANT_1_01139 (length 328)
prokka_ANT_1/ANT_1:Prokka:ANT_1_01140 (length 501)
prokka_ANT_1/ANT_1:Prokka:ANT_1_01141 (length 561)
prokka_ANT_1/ANT_1:Prokka:ANT_1_01142 (length 327)
prokka_ANT_1/ANT_1:Prokka:ANT_1_01143 (length 507)
prokka_ANT_1/ANT_1:Prokka:ANT_1_01144 (length 326)
prokka_ANT_1/ANT_1:Prokka:ANT_1_01145 (length 305)
prokka_ANT_1/ANT_1:Prokka:ANT_1_01146 (length 346)
prokka_ANT_1/ANT_1:Prokka:ANT_1_01147 (length 332)
prokka_ANT_1/ANT_1:Prokka:ANT_1_01148 (length 447)
prokka_ANT_1/ANT_1:Prokka:ANT_1_01149 (length 500)
prokka_ANT_1/ANT_1:Prokka:ANT_1_01150 (length 390)
prokka_ANT_1/ANT_1:Prokka:ANT_1_01151 (length 465)
prokka_ANT_1/ANT_1:Prokka:ANT_1_01152 (length 309)
prokka_ANT_1/ANT_1:Prokka:ANT_1_01153 (length 324)
prokka_ANT_1/ANT_1:Prokka:ANT_1_01154 (length 288)
prokka_ANT_1/ANT_1:Prokka:ANT_1_01155 (length 422)
prokka_ANT_1/ANT_1:Prokka:ANT_1_01156 (length 299)
prokka_ANT_1/ANT_1:Prokka:ANT_1_01157 (length 405)
prokka_ANT_1/ANT_1:Prokka:ANT_1_01158 (length 221)
prokka_ANT_1/ANT_1:Prokka:ANT_1_01159 (length 464)
prokka_ANT_1/ANT_1:Prokka:ANT_1_01160 (length 626)
prokka_ANT_1/ANT_1:Prokka:ANT_1_01161 (length 327)
prokka_ANT_1/ANT_1:Prokka:ANT_1_01162 (length 49)
prokka_ANT_1/ANT_1:Prokka:ANT_1_01163 (length 297)
prokka_ANT_1/ANT_1:Prokka:ANT_1_01164 (length 43)
prokka_ANT_1/ANT_1:Prokka:ANT_1_01165 (length 459)
prokka_ANT_1/ANT_1:Prokka:ANT_1_01166 (length 95)
prokka_ANT_1/ANT_1:Prokka:ANT_1_01167 (length 218)
prokka_ANT_1/ANT_1:Prokka:ANT_1_01168 (length 90)
prokka_ANT_1/ANT_1:Prokka:ANT_1_01169 (length 331)
prokka_ANT_1/ANT_1:Prokka:ANT_1_01170 (length 876)
prokka_ANT_1/ANT_1:Prokka:ANT_1_01171 (length 63)
prokka_ANT_1/ANT_1:Prokka:ANT_1_01172 (length 107)
prokka_ANT_1/ANT_1:Prokka:ANT_1_01173 (length 201)
prokka_ANT_1/ANT_1:Prokka:ANT_1_01174 (length 1299)
prokka_ANT_1/ANT_1:Prokka:ANT_1_01175 (length 268)
prokka_ANT_1/ANT_1:Prokka:ANT_1_01176 (length 178)
prokka_ANT_1/ANT_1:Prokka:ANT_1_01177 (length 494)
prokka_ANT_1/ANT_1:Prokka:ANT_1_01178 (length 429)
prokka_ANT_1/ANT_1:Prokka:ANT_1_01179 (length 242)
prokka_ANT_1/ANT_1:Prokka:ANT_1_01180 (length 137)
prokka_ANT_1/ANT_1:Prokka:ANT_1_01181 (length 463)
prokka_ANT_1/ANT_1:Prokka:ANT_1_01182 (length 316)
prokka_ANT_1/ANT_1:Prokka:ANT_1_01183 (length 509)
prokka_ANT_1/ANT_1:Prokka:ANT_1_01184 (length 462)
prokka_ANT_1/ANT_1:Prokka:ANT_1_01185 (length 88)
prokka_ANT_1/ANT_1:Prokka:ANT_1_01186 (length 660)
prokka_ANT_1/ANT_1:Prokka:ANT_1_01187 (length 163)
prokka_ANT_1/ANT_1:Prokka:ANT_1_01188 (length 316)
prokka_ANT_1/ANT_1:Prokka:ANT_1_01189 (length 251)
prokka_ANT_1/ANT_1:Prokka:ANT_1_01190 (length 188)
prokka_ANT_1/ANT_1:Prokka:ANT_1_01191 (length 307)
prokka_ANT_1/ANT_1:Prokka:ANT_1_01192 (length 441)
prokka_ANT_1/ANT_1:Prokka:ANT_1_01193 (length 144)
prokka_ANT_1/ANT_1:Prokka:ANT_1_01194 (length 509)
prokka_ANT_1/ANT_1:Prokka:ANT_1_01195 (length 548)
prokka_ANT_1/ANT_1:Prokka:ANT_1_01196 (length 283)
prokka_ANT_1/ANT_1:Prokka:ANT_1_01197 (length 389)
prokka_ANT_1/ANT_1:Prokka:ANT_1_01198 (length 258)
prokka_ANT_1/ANT_1:Prokka:ANT_1_01199 (length 410)
prokka_ANT_1/ANT_1:Prokka:ANT_1_01200 (length 530)
prokka_ANT_1/ANT_1:Prokka:ANT_1_01201 (length 307)
prokka_ANT_1/ANT_1:Prokka:ANT_1_01202 (length 474)
prokka_ANT_1/ANT_1:Prokka:ANT_1_01203 (length 423)
prokka_ANT_1/ANT_1:Prokka:ANT_1_01204 (length 698)
prokka_ANT_1/ANT_1:Prokka:ANT_1_01205 (length 304)
prokka_ANT_1/ANT_1:Prokka:ANT_1_01206 (length 329)
prokka_ANT_1/ANT_1:Prokka:ANT_1_01207 (length 346)
prokka_ANT_1/ANT_1:Prokka:ANT_1_01208 (length 262)
prokka_ANT_1/ANT_1:Prokka:ANT_1_01209 (length 146)
prokka_ANT_1/ANT_1:Prokka:ANT_1_01210 (length 122)
prokka_ANT_1/ANT_1:Prokka:ANT_1_01211 (length 68)
prokka_ANT_1/ANT_1:Prokka:ANT_1_01212 (length 89)
prokka_ANT_1/ANT_1:Prokka:ANT_1_01213 (length 652)
prokka_ANT_1/ANT_1:Prokka:ANT_1_01214 (length 69)
prokka_ANT_1/ANT_1:Prokka:ANT_1_01215 (length 417)
prokka_ANT_1/ANT_1:Prokka:ANT_1_01216 (length 395)
prokka_ANT_1/ANT_1:Prokka:ANT_1_01217 (length 385)
prokka_ANT_1/ANT_1:Prokka:ANT_1_01218 (length 210)
prokka_ANT_1/ANT_1:Prokka:ANT_1_01219 (length 148)
prokka_ANT_1/ANT_1:Prokka:ANT_1_01220 (length 141)
prokka_ANT_1/ANT_1:Prokka:ANT_1_01221 (length 424)
prokka_ANT_1/ANT_1:Prokka:ANT_1_01222 (length 446)
prokka_ANT_1/ANT_1:Prokka:ANT_1_01223 (length 399)
prokka_ANT_1/ANT_1:Prokka:ANT_1_01224 (length 114)
prokka_ANT_1/ANT_1:Prokka:ANT_1_01225 (length 185)
prokka_ANT_1/ANT_1:Prokka:ANT_1_01226 (length 339)
prokka_ANT_1/ANT_1:Prokka:ANT_1_01227 (length 334)
prokka_ANT_1/ANT_1:Prokka:ANT_1_01228 (length 343)
prokka_ANT_1/ANT_1:Prokka:ANT_1_01229 (length 305)
prokka_ANT_1/ANT_1:Prokka:ANT_1_01230 (length 446)
prokka_ANT_1/ANT_1:Prokka:ANT_1_01231 (length 342)
prokka_ANT_1/ANT_1:Prokka:ANT_1_01232 (length 325)
prokka_ANT_1/ANT_1:Prokka:ANT_1_01233 (length 159)
prokka_ANT_1/ANT_1:Prokka:ANT_1_01234 (length 797)
prokka_ANT_1/ANT_1:Prokka:ANT_1_01235 (length 98)
prokka_ANT_1/ANT_1:Prokka:ANT_1_01236 (length 291)
prokka_ANT_1/ANT_1:Prokka:ANT_1_01237 (length 296)
prokka_ANT_1/ANT_1:Prokka:ANT_1_01238 (length 479)
prokka_ANT_1/ANT_1:Prokka:ANT_1_01239 (length 47)
prokka_ANT_1/ANT_1:Prokka:ANT_1_01240 (length 344)
prokka_ANT_1/ANT_1:Prokka:ANT_1_01241 (length 284)
prokka_ANT_1/ANT_1:Prokka:ANT_1_01242 (length 274)
prokka_ANT_1/ANT_1:Prokka:ANT_1_01243 (length 490)
prokka_ANT_1/ANT_1:Prokka:ANT_1_01244 (length 418)
prokka_ANT_1/ANT_1:Prokka:ANT_1_01245 (length 280)
prokka_ANT_1/ANT_1:Prokka:ANT_1_01246 (length 97)
prokka_ANT_1/ANT_1:Prokka:ANT_1_01247 (length 220)
prokka_ANT_1/ANT_1:Prokka:ANT_1_01248 (length 218)
prokka_ANT_1/ANT_1:Prokka:ANT_1_01249 (length 119)
prokka_ANT_1/ANT_1:Prokka:ANT_1_01250 (length 424)
prokka_ANT_1/ANT_1:Prokka:ANT_1_01251 (length 352)
prokka_ANT_1/ANT_1:Prokka:ANT_1_01252 (length 271)
prokka_ANT_1/ANT_1:Prokka:ANT_1_01253 (length 272)
prokka_ANT_1/ANT_1:Prokka:ANT_1_01254 (length 235)
prokka_ANT_1/ANT_1:Prokka:ANT_1_01255 (length 211)
prokka_ANT_1/ANT_1:Prokka:ANT_1_01256 (length 1198)
prokka_ANT_1/ANT_1:Prokka:ANT_1_16 (length 137469)
prokka_ANT_1/ANT_1:Prokka:ANT_1_01258 (length 193)
prokka_ANT_1/ANT_1:Prokka:ANT_1_01259 (length 89)
prokka_ANT_1/ANT_1:Prokka:ANT_1_01260 (length 330)
prokka_ANT_1/ANT_1:Prokka:ANT_1_01261 (length 209)
prokka_ANT_1/ANT_1:Prokka:ANT_1_01262 (length 930)
prokka_ANT_1/ANT_1:Prokka:ANT_1_01263 (length 213)
prokka_ANT_1/ANT_1:Prokka:ANT_1_01264 (length 175)
prokka_ANT_1/ANT_1:Prokka:ANT_1_01265 (length 457)
prokka_ANT_1/ANT_1:Prokka:ANT_1_01266 (length 469)
prokka_ANT_1/ANT_1:Prokka:ANT_1_01267 (length 349)
prokka_ANT_1/ANT_1:Prokka:ANT_1_01268 (length 469)
prokka_ANT_1/ANT_1:Prokka:ANT_1_01269 (length 607)
prokka_ANT_1/ANT_1:Prokka:ANT_1_01270 (length 198)
prokka_ANT_1/ANT_1:Prokka:ANT_1_01271 (length 290)
prokka_ANT_1/ANT_1:Prokka:ANT_1_01272 (length 145)
prokka_ANT_1/ANT_1:Prokka:ANT_1_01273 (length 312)
prokka_ANT_1/ANT_1:Prokka:ANT_1_01274 (length 289)
prokka_ANT_1/ANT_1:Prokka:ANT_1_01275 (length 560)
prokka_ANT_1/ANT_1:Prokka:ANT_1_01276 (length 462)
prokka_ANT_1/ANT_1:Prokka:ANT_1_01277 (length 693)
prokka_ANT_1/ANT_1:Prokka:ANT_1_01278 (length 231)
prokka_ANT_1/ANT_1:Prokka:ANT_1_01279 (length 707)
prokka_ANT_1/ANT_1:Prokka:ANT_1_01280 (length 91)
prokka_ANT_1/ANT_1:Prokka:ANT_1_01281 (length 207)
prokka_ANT_1/ANT_1:Prokka:ANT_1_01282 (length 556)
prokka_ANT_1/ANT_1:Prokka:ANT_1_01283 (length 205)
prokka_ANT_1/ANT_1:Prokka:ANT_1_01284 (length 214)
prokka_ANT_1/ANT_1:Prokka:ANT_1_01285 (length 438)
prokka_ANT_1/ANT_1:Prokka:ANT_1_01286 (length 420)
prokka_ANT_1/ANT_1:Prokka:ANT_1_01287 (length 714)
prokka_ANT_1/ANT_1:Prokka:ANT_1_01288 (length 457)
prokka_ANT_1/ANT_1:Prokka:ANT_1_01289 (length 92)
prokka_ANT_1/ANT_1:Prokka:ANT_1_01290 (length 332)
prokka_ANT_1/ANT_1:Prokka:ANT_1_01291 (length 403)
prokka_ANT_1/ANT_1:Prokka:ANT_1_01292 (length 303)
prokka_ANT_1/ANT_1:Prokka:ANT_1_01293 (length 287)
prokka_ANT_1/ANT_1:Prokka:ANT_1_01294 (length 141)
prokka_ANT_1/ANT_1:Prokka:ANT_1_01295 (length 394)
prokka_ANT_1/ANT_1:Prokka:ANT_1_01296 (length 238)
prokka_ANT_1/ANT_1:Prokka:ANT_1_01297 (length 213)
prokka_ANT_1/ANT_1:Prokka:ANT_1_01298 (length 208)
prokka_ANT_1/ANT_1:Prokka:ANT_1_01299 (length 152)
prokka_ANT_1/ANT_1:Prokka:ANT_1_01300 (length 404)
prokka_ANT_1/ANT_1:Prokka:ANT_1_01301 (length 223)
prokka_ANT_1/ANT_1:Prokka:ANT_1_01302 (length 78)
prokka_ANT_1/ANT_1:Prokka:ANT_1_01303 (length 55)
prokka_ANT_1/ANT_1:Prokka:ANT_1_01304 (length 269)
prokka_ANT_1/ANT_1:Prokka:ANT_1_01305 (length 158)
prokka_ANT_1/ANT_1:Prokka:ANT_1_01306 (length 258)
prokka_ANT_1/ANT_1:Prokka:ANT_1_01307 (length 424)
prokka_ANT_1/ANT_1:Prokka:ANT_1_01308 (length 340)
prokka_ANT_1/ANT_1:Prokka:ANT_1_01309 (length 365)
prokka_ANT_1/ANT_1:Prokka:ANT_1_01310 (length 375)
prokka_ANT_1/ANT_1:Prokka:ANT_1_01311 (length 317)
prokka_ANT_1/ANT_1:Prokka:ANT_1_01312 (length 319)
prokka_ANT_1/ANT_1:Prokka:ANT_1_01313 (length 363)
prokka_ANT_1/ANT_1:Prokka:ANT_1_01314 (length 337)
prokka_ANT_1/ANT_1:Prokka:ANT_1_01315 (length 410)
prokka_ANT_1/ANT_1:Prokka:ANT_1_01316 (length 388)
prokka_ANT_1/ANT_1:Prokka:ANT_1_01317 (length 321)
prokka_ANT_1/ANT_1:Prokka:ANT_1_01318 (length 348)
prokka_ANT_1/ANT_1:Prokka:ANT_1_01319 (length 310)
prokka_ANT_1/ANT_1:Prokka:ANT_1_01320 (length 403)
prokka_ANT_1/ANT_1:Prokka:ANT_1_01321 (length 342)
prokka_ANT_1/ANT_1:Prokka:ANT_1_01322 (length 310)
prokka_ANT_1/ANT_1:Prokka:ANT_1_01323 (length 429)
prokka_ANT_1/ANT_1:Prokka:ANT_1_01324 (length 143)
prokka_ANT_1/ANT_1:Prokka:ANT_1_01325 (length 83)
prokka_ANT_1/ANT_1:Prokka:ANT_1_01326 (length 153)
prokka_ANT_1/ANT_1:Prokka:ANT_1_01327 (length 339)
prokka_ANT_1/ANT_1:Prokka:ANT_1_01328 (length 273)
prokka_ANT_1/ANT_1:Prokka:ANT_1_01329 (length 156)
prokka_ANT_1/ANT_1:Prokka:ANT_1_01330 (length 459)
prokka_ANT_1/ANT_1:Prokka:ANT_1_01331 (length 233)
prokka_ANT_1/ANT_1:Prokka:ANT_1_01332 (length 169)
prokka_ANT_1/ANT_1:Prokka:ANT_1_01333 (length 300)
prokka_ANT_1/ANT_1:Prokka:ANT_1_01334 (length 320)
prokka_ANT_1/ANT_1:Prokka:ANT_1_01335 (length 329)
prokka_ANT_1/ANT_1:Prokka:ANT_1_01336 (length 251)
prokka_ANT_1/ANT_1:Prokka:ANT_1_01337 (length 333)
prokka_ANT_1/ANT_1:Prokka:ANT_1_01338 (length 299)
prokka_ANT_1/ANT_1:Prokka:ANT_1_01339 (length 252)
prokka_ANT_1/ANT_1:Prokka:ANT_1_01340 (length 283)
prokka_ANT_1/ANT_1:Prokka:ANT_1_01341 (length 207)
prokka_ANT_1/ANT_1:Prokka:ANT_1_01342 (length 501)
prokka_ANT_1/ANT_1:Prokka:ANT_1_01343 (length 195)
prokka_ANT_1/ANT_1:Prokka:ANT_1_01344 (length 520)
prokka_ANT_1/ANT_1:Prokka:ANT_1_01345 (length 151)
prokka_ANT_1/ANT_1:Prokka:ANT_1_01346 (length 463)
prokka_ANT_1/ANT_1:Prokka:ANT_1_01347 (length 255)
prokka_ANT_1/ANT_1:Prokka:ANT_1_01348 (length 220)
prokka_ANT_1/ANT_1:Prokka:ANT_1_01349 (length 147)
prokka_ANT_1/ANT_1:Prokka:ANT_1_01350 (length 248)
prokka_ANT_1/ANT_1:Prokka:ANT_1_01351 (length 392)
prokka_ANT_1/ANT_1:Prokka:ANT_1_01352 (length 336)
prokka_ANT_1/ANT_1:Prokka:ANT_1_01353 (length 504)
prokka_ANT_1/ANT_1:Prokka:ANT_1_01354 (length 281)
prokka_ANT_1/ANT_1:Prokka:ANT_1_01355 (length 79)
prokka_ANT_1/ANT_1:Prokka:ANT_1_01356 (length 161)
prokka_ANT_1/ANT_1:Prokka:ANT_1_01357 (length 308)
prokka_ANT_1/ANT_1:Prokka:ANT_1_01358 (length 444)
prokka_ANT_1/ANT_1:Prokka:ANT_1_01359 (length 176)
prokka_ANT_1/ANT_1:Prokka:ANT_1_01360 (length 320)
prokka_ANT_1/ANT_1:Prokka:ANT_1_01361 (length 345)
prokka_ANT_1/ANT_1:Prokka:ANT_1_01362 (length 732)
prokka_ANT_1/ANT_1:Prokka:ANT_1_01363 (length 70)
prokka_ANT_1/ANT_1:Prokka:ANT_1_01364 (length 362)
prokka_ANT_1/ANT_1:Prokka:ANT_1_01365 (length 291)
prokka_ANT_1/ANT_1:Prokka:ANT_1_01366 (length 105)
prokka_ANT_1/ANT_1:Prokka:ANT_1_01367 (length 386)
prokka_ANT_1/ANT_1:Prokka:ANT_1_01368 (length 811)
prokka_ANT_1/ANT_1:Prokka:ANT_1_01369 (length 299)
prokka_ANT_1/ANT_1:Prokka:ANT_1_01370 (length 883)
prokka_ANT_1/ANT_1:Prokka:ANT_1_01371 (length 383)
prokka_ANT_1/ANT_1:Prokka:ANT_1_01372 (length 258)
prokka_ANT_1/ANT_1:Prokka:ANT_1_01373 (length 404)
prokka_ANT_1/ANT_1:Prokka:ANT_1_01374 (length 457)
prokka_ANT_1/ANT_1:Prokka:ANT_1_01375 (length 243)
prokka_ANT_1/ANT_1:Prokka:ANT_1_01376 (length 306)
prokka_ANT_1/ANT_1:Prokka:ANT_1_01377 (length 466)
prokka_ANT_1/ANT_1:Prokka:ANT_1_01378 (length 213)
prokka_ANT_1/ANT_1:Prokka:ANT_1_01379 (length 118)
prokka_ANT_1/ANT_1:Prokka:ANT_1_01380 (length 366)
prokka_ANT_1/ANT_1:Prokka:ANT_1_01381 (length 628)
prokka_ANT_1/ANT_1:Prokka:ANT_1_01382 (length 288)
prokka_ANT_1/ANT_1:Prokka:ANT_1_17 (length 4867)
prokka_ANT_1/ANT_1:Prokka:ANT_1_01387 (length 316)
prokka_ANT_1/ANT_1:Prokka:ANT_1_01388 (length 320)
prokka_ANT_1/ANT_1:Prokka:ANT_1_01389 (length 345)
prokka_ANT_1/ANT_1:Prokka:ANT_1_18 (length 19883)
prokka_ANT_1/ANT_1:Prokka:ANT_1_01391 (length 322)
prokka_ANT_1/ANT_1:Prokka:ANT_1_01392 (length 240)
prokka_ANT_1/ANT_1:Prokka:ANT_1_01393 (length 167)
prokka_ANT_1/ANT_1:Prokka:ANT_1_01394 (length 325)
prokka_ANT_1/ANT_1:Prokka:ANT_1_01395 (length 364)
prokka_ANT_1/ANT_1:Prokka:ANT_1_01396 (length 357)
prokka_ANT_1/ANT_1:Prokka:ANT_1_01397 (length 251)
prokka_ANT_1/ANT_1:Prokka:ANT_1_01398 (length 1315)
prokka_ANT_1/ANT_1:Prokka:ANT_1_01399 (length 494)
prokka_ANT_1/ANT_1:Prokka:ANT_1_01400 (length 277)
prokka_ANT_1/ANT_1:Prokka:ANT_1_01401 (length 375)
prokka_ANT_1/ANT_1:Prokka:ANT_1_01402 (length 427)
prokka_ANT_1/ANT_1:Prokka:ANT_1_01403 (length 262)
prokka_ANT_1/ANT_1:Prokka:ANT_1_01404 (length 246)
prokka_ANT_1/ANT_1:Prokka:ANT_1_19 (length 56858)
prokka_ANT_1/ANT_1:Prokka:ANT_1_01405 (length 195)
prokka_ANT_1/ANT_1:Prokka:ANT_1_01406 (length 378)
prokka_ANT_1/ANT_1:Prokka:ANT_1_01407 (length 179)
prokka_ANT_1/ANT_1:Prokka:ANT_1_01408 (length 495)
prokka_ANT_1/ANT_1:Prokka:ANT_1_01409 (length 117)
prokka_ANT_1/ANT_1:Prokka:ANT_1_01410 (length 462)
prokka_ANT_1/ANT_1:Prokka:ANT_1_01411 (length 224)
prokka_ANT_1/ANT_1:Prokka:ANT_1_01412 (length 282)
prokka_ANT_1/ANT_1:Prokka:ANT_1_01413 (length 307)
prokka_ANT_1/ANT_1:Prokka:ANT_1_01414 (length 288)
prokka_ANT_1/ANT_1:Prokka:ANT_1_01415 (length 294)
prokka_ANT_1/ANT_1:Prokka:ANT_1_01416 (length 212)
prokka_ANT_1/ANT_1:Prokka:ANT_1_01417 (length 254)
prokka_ANT_1/ANT_1:Prokka:ANT_1_01418 (length 275)
prokka_ANT_1/ANT_1:Prokka:ANT_1_01419 (length 434)
prokka_ANT_1/ANT_1:Prokka:ANT_1_01420 (length 480)
prokka_ANT_1/ANT_1:Prokka:ANT_1_01421 (length 507)
prokka_ANT_1/ANT_1:Prokka:ANT_1_01422 (length 311)
prokka_ANT_1/ANT_1:Prokka:ANT_1_01423 (length 267)
prokka_ANT_1/ANT_1:Prokka:ANT_1_01424 (length 476)
prokka_ANT_1/ANT_1:Prokka:ANT_1_01425 (length 115)
prokka_ANT_1/ANT_1:Prokka:ANT_1_01426 (length 165)
prokka_ANT_1/ANT_1:Prokka:ANT_1_01427 (length 1158)
prokka_ANT_1/ANT_1:Prokka:ANT_1_01428 (length 986)
prokka_ANT_1/ANT_1:Prokka:ANT_1_01429 (length 569)
prokka_ANT_1/ANT_1:Prokka:ANT_1_01430 (length 373)
prokka_ANT_1/ANT_1:Prokka:ANT_1_01431 (length 404)
prokka_ANT_1/ANT_1:Prokka:ANT_1_01432 (length 310)
prokka_ANT_1/ANT_1:Prokka:ANT_1_01433 (length 249)
prokka_ANT_1/ANT_1:Prokka:ANT_1_01434 (length 248)
prokka_ANT_1/ANT_1:Prokka:ANT_1_01435 (length 233)
prokka_ANT_1/ANT_1:Prokka:ANT_1_01436 (length 645)
prokka_ANT_1/ANT_1:Prokka:ANT_1_01437 (length 317)
prokka_ANT_1/ANT_1:Prokka:ANT_1_01438 (length 104)
prokka_ANT_1/ANT_1:Prokka:ANT_1_01439 (length 444)
prokka_ANT_1/ANT_1:Prokka:ANT_1_01440 (length 465)
prokka_ANT_1/ANT_1:Prokka:ANT_1_01441 (length 100)
prokka_ANT_1/ANT_1:Prokka:ANT_1_01442 (length 475)
prokka_ANT_1/ANT_1:Prokka:ANT_1_01443 (length 372)
prokka_ANT_1/ANT_1:Prokka:ANT_1_01444 (length 406)
prokka_ANT_1/ANT_1:Prokka:ANT_1_01445 (length 434)
prokka_ANT_1/ANT_1:Prokka:ANT_1_01446 (length 283)
prokka_ANT_1/ANT_1:Prokka:ANT_1_01447 (length 397)
prokka_ANT_1/ANT_1:Prokka:ANT_1_01448 (length 685)
prokka_ANT_1/ANT_1:Prokka:ANT_1_01449 (length 104)
prokka_ANT_1/ANT_1:Prokka:ANT_1_01450 (length 419)
prokka_ANT_1/ANT_1:Prokka:ANT_1_01451 (length 356)
prokka_ANT_1/ANT_1:Prokka:ANT_1_20 (length 23487)
prokka_ANT_1/ANT_1:Prokka:ANT_1_01452 (length 456)
prokka_ANT_1/ANT_1:Prokka:ANT_1_01453 (length 908)
prokka_ANT_1/ANT_1:Prokka:ANT_1_01454 (length 379)
prokka_ANT_1/ANT_1:Prokka:ANT_1_01455 (length 149)
prokka_ANT_1/ANT_1:Prokka:ANT_1_01456 (length 262)
prokka_ANT_1/ANT_1:Prokka:ANT_1_01457 (length 108)
prokka_ANT_1/ANT_1:Prokka:ANT_1_01458 (length 183)
prokka_ANT_1/ANT_1:Prokka:ANT_1_01459 (length 281)
prokka_ANT_1/ANT_1:Prokka:ANT_1_01460 (length 454)
prokka_ANT_1/ANT_1:Prokka:ANT_1_01461 (length 251)
prokka_ANT_1/ANT_1:Prokka:ANT_1_01462 (length 366)
prokka_ANT_1/ANT_1:Prokka:ANT_1_01463 (length 131)
prokka_ANT_1/ANT_1:Prokka:ANT_1_01464 (length 305)
prokka_ANT_1/ANT_1:Prokka:ANT_1_01465 (length 74)
prokka_ANT_1/ANT_1:Prokka:ANT_1_01466 (length 401)
prokka_ANT_1/ANT_1:Prokka:ANT_1_01467 (length 148)
prokka_ANT_1/ANT_1:Prokka:ANT_1_01468 (length 136)
prokka_ANT_1/ANT_1:Prokka:ANT_1_01469 (length 273)
prokka_ANT_1/ANT_1:Prokka:ANT_1_01470 (length 382)
prokka_ANT_1/ANT_1:Prokka:ANT_1_01472 (length 417)
prokka_ANT_1/ANT_1:Prokka:ANT_1_01473 (length 451)
prokka_ANT_1/ANT_1:Prokka:ANT_1_21 (length 20550)
prokka_ANT_1/ANT_1:Prokka:ANT_1_01474 (length 851)
prokka_ANT_1/ANT_1:Prokka:ANT_1_01475 (length 225)
prokka_ANT_1/ANT_1:Prokka:ANT_1_01476 (length 241)
prokka_ANT_1/ANT_1:Prokka:ANT_1_01477 (length 515)
prokka_ANT_1/ANT_1:Prokka:ANT_1_01478 (length 1253)
prokka_ANT_1/ANT_1:Prokka:ANT_1_01479 (length 462)
prokka_ANT_1/ANT_1:Prokka:ANT_1_01480 (length 231)
prokka_ANT_1/ANT_1:Prokka:ANT_1_01481 (length 330)
prokka_ANT_1/ANT_1:Prokka:ANT_1_01482 (length 369)
prokka_ANT_1/ANT_1:Prokka:ANT_1_01483 (length 208)
prokka_ANT_1/ANT_1:Prokka:ANT_1_01484 (length 253)
prokka_ANT_1/ANT_1:Prokka:ANT_1_01485 (length 1214)
prokka_ANT_1/ANT_1:Prokka:ANT_1_01486 (length 212)
prokka_ANT_1/ANT_1:Prokka:ANT_1_01487 (length 71)
prokka_ANT_1/ANT_1:Prokka:ANT_1_22 (length 10519)
prokka_ANT_1/ANT_1:Prokka:ANT_1_01488 (length 264)
prokka_ANT_1/ANT_1:Prokka:ANT_1_01489 (length 298)
prokka_ANT_1/ANT_1:Prokka:ANT_1_01490 (length 174)
prokka_ANT_1/ANT_1:Prokka:ANT_1_01491 (length 313)
prokka_ANT_1/ANT_1:Prokka:ANT_1_01492 (length 376)
prokka_ANT_1/ANT_1:Prokka:ANT_1_01493 (length 332)
prokka_ANT_1/ANT_1:Prokka:ANT_1_01494 (length 56)
prokka_ANT_1/ANT_1:Prokka:ANT_1_01495 (length 240)
prokka_ANT_1/ANT_1:Prokka:ANT_1_01496 (length 68)
prokka_ANT_1/ANT_1:Prokka:ANT_1_01497 (length 144)
prokka_ANT_1/ANT_1:Prokka:ANT_1_01498 (length 229)
prokka_ANT_1/ANT_1:Prokka:ANT_1_01499 (length 199)
prokka_ANT_1/ANT_1:Prokka:ANT_1_01500 (length 47)
prokka_ANT_1/ANT_1:Prokka:ANT_1_01501 (length 202)
prokka_ANT_1/ANT_1:Prokka:ANT_1_01502 (length 40)
prokka_ANT_1/ANT_1:Prokka:ANT_1_01503 (length 124)
prokka_ANT_1/ANT_1:Prokka:ANT_1_23 (length 4515)
prokka_ANT_1/ANT_1:Prokka:ANT_1_01504 (length 571)
prokka_ANT_1/ANT_1:Prokka:ANT_1_01505 (length 217)
prokka_ANT_1/ANT_1:Prokka:ANT_1_01506 (length 445)
prokka_ANT_1/ANT_1:Prokka:ANT_1_01507 (length 68)
prokka_ANT_1/ANT_1:Prokka:ANT_1_24 (length 4558)
prokka_ANT_1/ANT_1:Prokka:ANT_1_01508 (length 71)
prokka_ANT_1/ANT_1:Prokka:ANT_1_01509 (length 573)
prokka_ANT_1/ANT_1:Prokka:ANT_1_01510 (length 229)
prokka_ANT_1/ANT_1:Prokka:ANT_1_01511 (length 446)
prokka_ANT_1/ANT_1:Prokka:ANT_1_01512 (length 68)
prokka_ANT_1/ANT_1:Prokka:ANT_1_25 (length 1175)
prokka_ANT_1/ANT_1:Prokka:ANT_1_01513 (length 60)
prokka_ANT_1/ANT_1:Prokka:ANT_1_01514 (length 154)
prokka_ANT_1/ANT_1:Prokka:ANT_1_26 (length 1585)
prokka_ANT_1/ANT_1:Prokka:ANT_1_01515 (length 108)
prokka_ANT_1/ANT_1:Prokka:ANT_1_01516 (length 259)
prokka_ANT_1/ANT_1:Prokka:ANT_1_27 (length 26028)
prokka_ANT_1/ANT_1:Prokka:ANT_1_01517 (length 221)
prokka_ANT_1/ANT_1:Prokka:ANT_1_01518 (length 301)
prokka_ANT_1/ANT_1:Prokka:ANT_1_01519 (length 307)
prokka_ANT_1/ANT_1:Prokka:ANT_1_01520 (length 511)
prokka_ANT_1/ANT_1:Prokka:ANT_1_01521 (length 616)
prokka_ANT_1/ANT_1:Prokka:ANT_1_01522 (length 313)
prokka_ANT_1/ANT_1:Prokka:ANT_1_01523 (length 411)
prokka_ANT_1/ANT_1:Prokka:ANT_1_01524 (length 256)
prokka_ANT_1/ANT_1:Prokka:ANT_1_01525 (length 521)
prokka_ANT_1/ANT_1:Prokka:ANT_1_01526 (length 530)
prokka_ANT_1/ANT_1:Prokka:ANT_1_01527 (length 496)
prokka_ANT_1/ANT_1:Prokka:ANT_1_01528 (length 516)
prokka_ANT_1/ANT_1:Prokka:ANT_1_01529 (length 522)
prokka_ANT_1/ANT_1:Prokka:ANT_1_01530 (length 376)
prokka_ANT_1/ANT_1:Prokka:ANT_1_01531 (length 371)
prokka_ANT_1/ANT_1:Prokka:ANT_1_01532 (length 150)
prokka_ANT_1/ANT_1:Prokka:ANT_1_01533 (length 35)
prokka_ANT_1/ANT_1:Prokka:ANT_1_01534 (length 526)
prokka_ANT_1/ANT_1:Prokka:ANT_1_01535 (length 169)
prokka_ANT_1/ANT_1:Prokka:ANT_1_01536 (length 298)
prokka_ANT_1/ANT_1:Prokka:ANT_1_01537 (length 168)
prokka_ANT_1/ANT_1:Prokka:ANT_1_28 (length 3917)
prokka_ANT_1/ANT_1:Prokka:ANT_1_01538 (length 75)
prokka_ANT_1/ANT_1:Prokka:ANT_1_01539 (length 591)
prokka_ANT_1/ANT_1:Prokka:ANT_1_01540 (length 98)
prokka_ANT_1/ANT_1:Prokka:ANT_1_01541 (length 75)
prokka_ANT_1/ANT_1:Prokka:ANT_1_29 (length 84483)
prokka_ANT_1/ANT_1:Prokka:ANT_1_01542 (length 82)
prokka_ANT_1/ANT_1:Prokka:ANT_1_01543 (length 457)
prokka_ANT_1/ANT_1:Prokka:ANT_1_01544 (length 117)
prokka_ANT_1/ANT_1:Prokka:ANT_1_01546 (length 192)
prokka_ANT_1/ANT_1:Prokka:ANT_1_01547 (length 576)
prokka_ANT_1/ANT_1:Prokka:ANT_1_01548 (length 433)
prokka_ANT_1/ANT_1:Prokka:ANT_1_01549 (length 478)
prokka_ANT_1/ANT_1:Prokka:ANT_1_01550 (length 153)
prokka_ANT_1/ANT_1:Prokka:ANT_1_01551 (length 97)
prokka_ANT_1/ANT_1:Prokka:ANT_1_01552 (length 548)
prokka_ANT_1/ANT_1:Prokka:ANT_1_01553 (length 807)
prokka_ANT_1/ANT_1:Prokka:ANT_1_01554 (length 233)
prokka_ANT_1/ANT_1:Prokka:ANT_1_01555 (length 221)
prokka_ANT_1/ANT_1:Prokka:ANT_1_01556 (length 217)
prokka_ANT_1/ANT_1:Prokka:ANT_1_01557 (length 114)
prokka_ANT_1/ANT_1:Prokka:ANT_1_01558 (length 342)
prokka_ANT_1/ANT_1:Prokka:ANT_1_01559 (length 188)
prokka_ANT_1/ANT_1:Prokka:ANT_1_01560 (length 43)
prokka_ANT_1/ANT_1:Prokka:ANT_1_01561 (length 174)
prokka_ANT_1/ANT_1:Prokka:ANT_1_01562 (length 118)
prokka_ANT_1/ANT_1:Prokka:ANT_1_01563 (length 131)
prokka_ANT_1/ANT_1:Prokka:ANT_1_01564 (length 244)
prokka_ANT_1/ANT_1:Prokka:ANT_1_01565 (length 596)
prokka_ANT_1/ANT_1:Prokka:ANT_1_01566 (length 325)
prokka_ANT_1/ANT_1:Prokka:ANT_1_01567 (length 1111)
prokka_ANT_1/ANT_1:Prokka:ANT_1_01568 (length 299)
prokka_ANT_1/ANT_1:Prokka:ANT_1_01569 (length 352)
prokka_ANT_1/ANT_1:Prokka:ANT_1_01570 (length 181)
prokka_ANT_1/ANT_1:Prokka:ANT_1_01573 (length 294)
prokka_ANT_1/ANT_1:Prokka:ANT_1_01574 (length 156)
prokka_ANT_1/ANT_1:Prokka:ANT_1_01576 (length 379)
prokka_ANT_1/ANT_1:Prokka:ANT_1_01577 (length 488)
prokka_ANT_1/ANT_1:Prokka:ANT_1_01578 (length 158)
prokka_ANT_1/ANT_1:Prokka:ANT_1_01579 (length 553)
prokka_ANT_1/ANT_1:Prokka:ANT_1_01580 (length 618)
prokka_ANT_1/ANT_1:Prokka:ANT_1_01581 (length 301)
prokka_ANT_1/ANT_1:Prokka:ANT_1_01582 (length 105)
prokka_ANT_1/ANT_1:Prokka:ANT_1_01583 (length 427)
prokka_ANT_1/ANT_1:Prokka:ANT_1_01584 (length 420)
prokka_ANT_1/ANT_1:Prokka:ANT_1_01585 (length 334)
prokka_ANT_1/ANT_1:Prokka:ANT_1_01586 (length 66)
prokka_ANT_1/ANT_1:Prokka:ANT_1_01587 (length 432)
prokka_ANT_1/ANT_1:Prokka:ANT_1_01588 (length 147)
prokka_ANT_1/ANT_1:Prokka:ANT_1_01589 (length 814)
prokka_ANT_1/ANT_1:Prokka:ANT_1_01590 (length 245)
prokka_ANT_1/ANT_1:Prokka:ANT_1_01591 (length 102)
prokka_ANT_1/ANT_1:Prokka:ANT_1_01592 (length 645)
prokka_ANT_1/ANT_1:Prokka:ANT_1_01593 (length 249)
prokka_ANT_1/ANT_1:Prokka:ANT_1_01594 (length 131)
prokka_ANT_1/ANT_1:Prokka:ANT_1_01595 (length 105)
prokka_ANT_1/ANT_1:Prokka:ANT_1_01596 (length 75)
prokka_ANT_1/ANT_1:Prokka:ANT_1_01597 (length 150)
prokka_ANT_1/ANT_1:Prokka:ANT_1_01598 (length 219)
prokka_ANT_1/ANT_1:Prokka:ANT_1_01599 (length 206)
prokka_ANT_1/ANT_1:Prokka:ANT_1_01600 (length 644)
prokka_ANT_1/ANT_1:Prokka:ANT_1_01601 (length 248)
prokka_ANT_1/ANT_1:Prokka:ANT_1_01602 (length 185)
prokka_ANT_1/ANT_1:Prokka:ANT_1_01603 (length 68)
prokka_ANT_1/ANT_1:Prokka:ANT_1_01604 (length 444)
prokka_ANT_1/ANT_1:Prokka:ANT_1_01605 (length 579)
prokka_ANT_1/ANT_1:Prokka:ANT_1_01606 (length 1257)
prokka_ANT_1/ANT_1:Prokka:ANT_1_01607 (length 114)
prokka_ANT_1/ANT_1:Prokka:ANT_1_01608 (length 176)
prokka_ANT_1/ANT_1:Prokka:ANT_1_01609 (length 521)
prokka_ANT_1/ANT_1:Prokka:ANT_1_01610 (length 332)
prokka_ANT_1/ANT_1:Prokka:ANT_1_01611 (length 450)
prokka_ANT_1/ANT_1:Prokka:ANT_1_01612 (length 181)
prokka_ANT_1/ANT_1:Prokka:ANT_1_01613 (length 446)
prokka_ANT_1/ANT_1:Prokka:ANT_1_01614 (length 128)
prokka_ANT_1/ANT_1:Prokka:ANT_1_01615 (length 122)
prokka_ANT_1/ANT_1:Prokka:ANT_1_01616 (length 119)
prokka_ANT_1/ANT_1:Prokka:ANT_1_01617 (length 98)
prokka_ANT_1/ANT_1:Prokka:ANT_1_01618 (length 258)
prokka_ANT_1/ANT_1:Prokka:ANT_1_01619 (length 214)
prokka_ANT_1/ANT_1:Prokka:ANT_1_01620 (length 377)
prokka_ANT_1/ANT_1:Prokka:ANT_1_01621 (length 376)
prokka_ANT_1/ANT_1:Prokka:ANT_1_01622 (length 246)
prokka_ANT_1/ANT_1:Prokka:ANT_1_01623 (length 415)
prokka_ANT_1/ANT_1:Prokka:ANT_1_30 (length 293428)
prokka_ANT_1/ANT_1:Prokka:ANT_1_01624 (length 186)
prokka_ANT_1/ANT_1:Prokka:ANT_1_01625 (length 343)
prokka_ANT_1/ANT_1:Prokka:ANT_1_01626 (length 217)
prokka_ANT_1/ANT_1:Prokka:ANT_1_01627 (length 271)
prokka_ANT_1/ANT_1:Prokka:ANT_1_01628 (length 134)
prokka_ANT_1/ANT_1:Prokka:ANT_1_01629 (length 131)
prokka_ANT_1/ANT_1:Prokka:ANT_1_01630 (length 235)
prokka_ANT_1/ANT_1:Prokka:ANT_1_01631 (length 572)
prokka_ANT_1/ANT_1:Prokka:ANT_1_01632 (length 614)
prokka_ANT_1/ANT_1:Prokka:ANT_1_01633 (length 136)
prokka_ANT_1/ANT_1:Prokka:ANT_1_01634 (length 138)
prokka_ANT_1/ANT_1:Prokka:ANT_1_01635 (length 184)
prokka_ANT_1/ANT_1:Prokka:ANT_1_01636 (length 88)
prokka_ANT_1/ANT_1:Prokka:ANT_1_01637 (length 103)
prokka_ANT_1/ANT_1:Prokka:ANT_1_01638 (length 433)
prokka_ANT_1/ANT_1:Prokka:ANT_1_01639 (length 131)
prokka_ANT_1/ANT_1:Prokka:ANT_1_01640 (length 716)
prokka_ANT_1/ANT_1:Prokka:ANT_1_01641 (length 242)
prokka_ANT_1/ANT_1:Prokka:ANT_1_01642 (length 319)
prokka_ANT_1/ANT_1:Prokka:ANT_1_01643 (length 1160)
prokka_ANT_1/ANT_1:Prokka:ANT_1_01644 (length 207)
prokka_ANT_1/ANT_1:Prokka:ANT_1_01645 (length 381)
prokka_ANT_1/ANT_1:Prokka:ANT_1_01646 (length 262)
prokka_ANT_1/ANT_1:Prokka:ANT_1_01647 (length 151)
prokka_ANT_1/ANT_1:Prokka:ANT_1_01648 (length 340)
prokka_ANT_1/ANT_1:Prokka:ANT_1_01649 (length 165)
prokka_ANT_1/ANT_1:Prokka:ANT_1_01650 (length 801)
prokka_ANT_1/ANT_1:Prokka:ANT_1_01651 (length 449)
prokka_ANT_1/ANT_1:Prokka:ANT_1_01652 (length 285)
prokka_ANT_1/ANT_1:Prokka:ANT_1_01653 (length 250)
prokka_ANT_1/ANT_1:Prokka:ANT_1_01654 (length 404)
prokka_ANT_1/ANT_1:Prokka:ANT_1_01655 (length 207)
prokka_ANT_1/ANT_1:Prokka:ANT_1_01656 (length 241)
prokka_ANT_1/ANT_1:Prokka:ANT_1_01657 (length 283)
prokka_ANT_1/ANT_1:Prokka:ANT_1_01658 (length 241)
prokka_ANT_1/ANT_1:Prokka:ANT_1_01659 (length 263)
prokka_ANT_1/ANT_1:Prokka:ANT_1_01660 (length 885)
prokka_ANT_1/ANT_1:Prokka:ANT_1_01661 (length 274)
prokka_ANT_1/ANT_1:Prokka:ANT_1_01662 (length 130)
prokka_ANT_1/ANT_1:Prokka:ANT_1_01663 (length 481)
prokka_ANT_1/ANT_1:Prokka:ANT_1_01664 (length 501)
prokka_ANT_1/ANT_1:Prokka:ANT_1_01665 (length 251)
prokka_ANT_1/ANT_1:Prokka:ANT_1_01666 (length 270)
prokka_ANT_1/ANT_1:Prokka:ANT_1_01667 (length 84)
prokka_ANT_1/ANT_1:Prokka:ANT_1_01668 (length 114)
prokka_ANT_1/ANT_1:Prokka:ANT_1_01669 (length 473)
prokka_ANT_1/ANT_1:Prokka:ANT_1_01670 (length 426)
prokka_ANT_1/ANT_1:Prokka:ANT_1_01671 (length 659)
prokka_ANT_1/ANT_1:Prokka:ANT_1_01672 (length 293)
prokka_ANT_1/ANT_1:Prokka:ANT_1_01673 (length 280)
prokka_ANT_1/ANT_1:Prokka:ANT_1_01674 (length 737)
prokka_ANT_1/ANT_1:Prokka:ANT_1_01675 (length 247)
prokka_ANT_1/ANT_1:Prokka:ANT_1_01676 (length 849)
prokka_ANT_1/ANT_1:Prokka:ANT_1_01677 (length 323)
prokka_ANT_1/ANT_1:Prokka:ANT_1_01678 (length 487)
prokka_ANT_1/ANT_1:Prokka:ANT_1_01679 (length 160)
prokka_ANT_1/ANT_1:Prokka:ANT_1_01680 (length 189)
prokka_ANT_1/ANT_1:Prokka:ANT_1_01681 (length 246)
prokka_ANT_1/ANT_1:Prokka:ANT_1_01682 (length 276)
prokka_ANT_1/ANT_1:Prokka:ANT_1_01683 (length 235)
prokka_ANT_1/ANT_1:Prokka:ANT_1_01684 (length 230)
prokka_ANT_1/ANT_1:Prokka:ANT_1_01685 (length 816)
prokka_ANT_1/ANT_1:Prokka:ANT_1_01686 (length 175)
prokka_ANT_1/ANT_1:Prokka:ANT_1_01687 (length 234)
prokka_ANT_1/ANT_1:Prokka:ANT_1_01688 (length 151)
prokka_ANT_1/ANT_1:Prokka:ANT_1_01689 (length 302)
prokka_ANT_1/ANT_1:Prokka:ANT_1_01690 (length 445)
prokka_ANT_1/ANT_1:Prokka:ANT_1_01691 (length 159)
prokka_ANT_1/ANT_1:Prokka:ANT_1_01692 (length 264)
prokka_ANT_1/ANT_1:Prokka:ANT_1_01693 (length 284)
prokka_ANT_1/ANT_1:Prokka:ANT_1_01694 (length 126)
prokka_ANT_1/ANT_1:Prokka:ANT_1_01695 (length 256)
prokka_ANT_1/ANT_1:Prokka:ANT_1_01696 (length 308)
prokka_ANT_1/ANT_1:Prokka:ANT_1_01697 (length 243)
prokka_ANT_1/ANT_1:Prokka:ANT_1_01698 (length 178)
prokka_ANT_1/ANT_1:Prokka:ANT_1_01699 (length 425)
prokka_ANT_1/ANT_1:Prokka:ANT_1_01700 (length 508)
prokka_ANT_1/ANT_1:Prokka:ANT_1_01701 (length 115)
prokka_ANT_1/ANT_1:Prokka:ANT_1_01702 (length 285)
prokka_ANT_1/ANT_1:Prokka:ANT_1_01703 (length 269)
prokka_ANT_1/ANT_1:Prokka:ANT_1_01704 (length 120)
prokka_ANT_1/ANT_1:Prokka:ANT_1_01705 (length 917)
prokka_ANT_1/ANT_1:Prokka:ANT_1_01706 (length 70)
prokka_ANT_1/ANT_1:Prokka:ANT_1_01707 (length 260)
prokka_ANT_1/ANT_1:Prokka:ANT_1_01708 (length 401)
prokka_ANT_1/ANT_1:Prokka:ANT_1_01709 (length 503)
prokka_ANT_1/ANT_1:Prokka:ANT_1_01710 (length 143)
prokka_ANT_1/ANT_1:Prokka:ANT_1_01711 (length 328)
prokka_ANT_1/ANT_1:Prokka:ANT_1_01712 (length 179)
prokka_ANT_1/ANT_1:Prokka:ANT_1_01713 (length 214)
prokka_ANT_1/ANT_1:Prokka:ANT_1_01714 (length 224)
prokka_ANT_1/ANT_1:Prokka:ANT_1_01715 (length 234)
prokka_ANT_1/ANT_1:Prokka:ANT_1_01716 (length 475)
prokka_ANT_1/ANT_1:Prokka:ANT_1_01717 (length 532)
prokka_ANT_1/ANT_1:Prokka:ANT_1_01718 (length 887)
prokka_ANT_1/ANT_1:Prokka:ANT_1_01719 (length 254)
prokka_ANT_1/ANT_1:Prokka:ANT_1_01720 (length 451)
prokka_ANT_1/ANT_1:Prokka:ANT_1_01721 (length 471)
prokka_ANT_1/ANT_1:Prokka:ANT_1_01722 (length 324)
prokka_ANT_1/ANT_1:Prokka:ANT_1_01723 (length 284)
prokka_ANT_1/ANT_1:Prokka:ANT_1_01724 (length 185)
prokka_ANT_1/ANT_1:Prokka:ANT_1_01725 (length 185)
prokka_ANT_1/ANT_1:Prokka:ANT_1_01726 (length 181)
prokka_ANT_1/ANT_1:Prokka:ANT_1_01727 (length 219)
prokka_ANT_1/ANT_1:Prokka:ANT_1_01728 (length 304)
prokka_ANT_1/ANT_1:Prokka:ANT_1_01729 (length 106)
prokka_ANT_1/ANT_1:Prokka:ANT_1_01730 (length 128)
prokka_ANT_1/ANT_1:Prokka:ANT_1_01731 (length 296)
prokka_ANT_1/ANT_1:Prokka:ANT_1_01732 (length 147)
prokka_ANT_1/ANT_1:Prokka:ANT_1_01733 (length 466)
prokka_ANT_1/ANT_1:Prokka:ANT_1_01734 (length 399)
prokka_ANT_1/ANT_1:Prokka:ANT_1_01735 (length 346)
prokka_ANT_1/ANT_1:Prokka:ANT_1_01736 (length 203)
prokka_ANT_1/ANT_1:Prokka:ANT_1_01737 (length 247)
prokka_ANT_1/ANT_1:Prokka:ANT_1_01738 (length 67)
prokka_ANT_1/ANT_1:Prokka:ANT_1_01739 (length 135)
prokka_ANT_1/ANT_1:Prokka:ANT_1_01740 (length 157)
prokka_ANT_1/ANT_1:Prokka:ANT_1_01741 (length 165)
prokka_ANT_1/ANT_1:Prokka:ANT_1_01742 (length 644)
prokka_ANT_1/ANT_1:Prokka:ANT_1_01743 (length 484)
prokka_ANT_1/ANT_1:Prokka:ANT_1_01744 (length 399)
prokka_ANT_1/ANT_1:Prokka:ANT_1_01745 (length 150)
prokka_ANT_1/ANT_1:Prokka:ANT_1_01746 (length 161)
prokka_ANT_1/ANT_1:Prokka:ANT_1_01747 (length 120)
prokka_ANT_1/ANT_1:Prokka:ANT_1_01748 (length 186)
prokka_ANT_1/ANT_1:Prokka:ANT_1_01749 (length 297)
prokka_ANT_1/ANT_1:Prokka:ANT_1_01750 (length 351)
prokka_ANT_1/ANT_1:Prokka:ANT_1_01751 (length 146)
prokka_ANT_1/ANT_1:Prokka:ANT_1_01752 (length 476)
prokka_ANT_1/ANT_1:Prokka:ANT_1_01753 (length 261)
prokka_ANT_1/ANT_1:Prokka:ANT_1_01754 (length 123)
prokka_ANT_1/ANT_1:Prokka:ANT_1_01755 (length 901)
prokka_ANT_1/ANT_1:Prokka:ANT_1_01756 (length 168)
prokka_ANT_1/ANT_1:Prokka:ANT_1_01757 (length 171)
prokka_ANT_1/ANT_1:Prokka:ANT_1_01758 (length 305)
prokka_ANT_1/ANT_1:Prokka:ANT_1_01759 (length 384)
prokka_ANT_1/ANT_1:Prokka:ANT_1_01760 (length 418)
prokka_ANT_1/ANT_1:Prokka:ANT_1_01761 (length 281)
prokka_ANT_1/ANT_1:Prokka:ANT_1_01762 (length 306)
prokka_ANT_1/ANT_1:Prokka:ANT_1_01763 (length 491)
prokka_ANT_1/ANT_1:Prokka:ANT_1_01764 (length 346)
prokka_ANT_1/ANT_1:Prokka:ANT_1_01765 (length 403)
prokka_ANT_1/ANT_1:Prokka:ANT_1_01766 (length 438)
prokka_ANT_1/ANT_1:Prokka:ANT_1_01767 (length 360)
prokka_ANT_1/ANT_1:Prokka:ANT_1_01768 (length 453)
prokka_ANT_1/ANT_1:Prokka:ANT_1_01769 (length 495)
prokka_ANT_1/ANT_1:Prokka:ANT_1_01770 (length 588)
prokka_ANT_1/ANT_1:Prokka:ANT_1_01771 (length 106)
prokka_ANT_1/ANT_1:Prokka:ANT_1_01772 (length 313)
prokka_ANT_1/ANT_1:Prokka:ANT_1_01773 (length 152)
prokka_ANT_1/ANT_1:Prokka:ANT_1_01774 (length 336)
prokka_ANT_1/ANT_1:Prokka:ANT_1_01775 (length 163)
prokka_ANT_1/ANT_1:Prokka:ANT_1_01776 (length 574)
prokka_ANT_1/ANT_1:Prokka:ANT_1_01777 (length 522)
prokka_ANT_1/ANT_1:Prokka:ANT_1_01778 (length 362)
prokka_ANT_1/ANT_1:Prokka:ANT_1_01779 (length 465)
prokka_ANT_1/ANT_1:Prokka:ANT_1_01780 (length 201)
prokka_ANT_1/ANT_1:Prokka:ANT_1_01781 (length 393)
prokka_ANT_1/ANT_1:Prokka:ANT_1_01782 (length 553)
prokka_ANT_1/ANT_1:Prokka:ANT_1_01783 (length 328)
prokka_ANT_1/ANT_1:Prokka:ANT_1_01784 (length 536)
prokka_ANT_1/ANT_1:Prokka:ANT_1_01785 (length 238)
prokka_ANT_1/ANT_1:Prokka:ANT_1_01786 (length 253)
prokka_ANT_1/ANT_1:Prokka:ANT_1_01787 (length 787)
prokka_ANT_1/ANT_1:Prokka:ANT_1_01788 (length 968)
prokka_ANT_1/ANT_1:Prokka:ANT_1_01789 (length 219)
prokka_ANT_1/ANT_1:Prokka:ANT_1_01790 (length 273)
prokka_ANT_1/ANT_1:Prokka:ANT_1_01791 (length 793)
prokka_ANT_1/ANT_1:Prokka:ANT_1_01792 (length 431)
prokka_ANT_1/ANT_1:Prokka:ANT_1_01793 (length 330)
prokka_ANT_1/ANT_1:Prokka:ANT_1_01794 (length 273)
prokka_ANT_1/ANT_1:Prokka:ANT_1_01795 (length 125)
prokka_ANT_1/ANT_1:Prokka:ANT_1_01796 (length 275)
prokka_ANT_1/ANT_1:Prokka:ANT_1_01797 (length 160)
prokka_ANT_1/ANT_1:Prokka:ANT_1_01798 (length 204)
prokka_ANT_1/ANT_1:Prokka:ANT_1_01799 (length 246)
prokka_ANT_1/ANT_1:Prokka:ANT_1_01800 (length 1074)
prokka_ANT_1/ANT_1:Prokka:ANT_1_01801 (length 378)
prokka_ANT_1/ANT_1:Prokka:ANT_1_01802 (length 273)
prokka_ANT_1/ANT_1:Prokka:ANT_1_01803 (length 317)
prokka_ANT_1/ANT_1:Prokka:ANT_1_01804 (length 156)
prokka_ANT_1/ANT_1:Prokka:ANT_1_01805 (length 169)
prokka_ANT_1/ANT_1:Prokka:ANT_1_01806 (length 938)
prokka_ANT_1/ANT_1:Prokka:ANT_1_01807 (length 312)
prokka_ANT_1/ANT_1:Prokka:ANT_1_01808 (length 87)
prokka_ANT_1/ANT_1:Prokka:ANT_1_01809 (length 296)
prokka_ANT_1/ANT_1:Prokka:ANT_1_01810 (length 386)
prokka_ANT_1/ANT_1:Prokka:ANT_1_01811 (length 96)
prokka_ANT_1/ANT_1:Prokka:ANT_1_01812 (length 379)
prokka_ANT_1/ANT_1:Prokka:ANT_1_01813 (length 637)
prokka_ANT_1/ANT_1:Prokka:ANT_1_01814 (length 434)
prokka_ANT_1/ANT_1:Prokka:ANT_1_01815 (length 195)
prokka_ANT_1/ANT_1:Prokka:ANT_1_01816 (length 317)
prokka_ANT_1/ANT_1:Prokka:ANT_1_01817 (length 258)
prokka_ANT_1/ANT_1:Prokka:ANT_1_01818 (length 428)
prokka_ANT_1/ANT_1:Prokka:ANT_1_01819 (length 309)
prokka_ANT_1/ANT_1:Prokka:ANT_1_01820 (length 820)
prokka_ANT_1/ANT_1:Prokka:ANT_1_01821 (length 228)
prokka_ANT_1/ANT_1:Prokka:ANT_1_01822 (length 77)
prokka_ANT_1/ANT_1:Prokka:ANT_1_01823 (length 238)
prokka_ANT_1/ANT_1:Prokka:ANT_1_01824 (length 158)
prokka_ANT_1/ANT_1:Prokka:ANT_1_01825 (length 291)
prokka_ANT_1/ANT_1:Prokka:ANT_1_01826 (length 215)
prokka_ANT_1/ANT_1:Prokka:ANT_1_01827 (length 183)
prokka_ANT_1/ANT_1:Prokka:ANT_1_01828 (length 110)
prokka_ANT_1/ANT_1:Prokka:ANT_1_01829 (length 640)
prokka_ANT_1/ANT_1:Prokka:ANT_1_01830 (length 599)
prokka_ANT_1/ANT_1:Prokka:ANT_1_01831 (length 1205)
prokka_ANT_1/ANT_1:Prokka:ANT_1_01832 (length 233)
prokka_ANT_1/ANT_1:Prokka:ANT_1_01833 (length 422)
prokka_ANT_1/ANT_1:Prokka:ANT_1_01834 (length 519)
prokka_ANT_1/ANT_1:Prokka:ANT_1_01835 (length 358)
prokka_ANT_1/ANT_1:Prokka:ANT_1_01836 (length 263)
prokka_ANT_1/ANT_1:Prokka:ANT_1_01837 (length 232)
prokka_ANT_1/ANT_1:Prokka:ANT_1_01838 (length 247)
prokka_ANT_1/ANT_1:Prokka:ANT_1_01839 (length 314)
prokka_ANT_1/ANT_1:Prokka:ANT_1_01840 (length 555)
prokka_ANT_1/ANT_1:Prokka:ANT_1_01841 (length 297)
prokka_ANT_1/ANT_1:Prokka:ANT_1_01842 (length 333)
prokka_ANT_1/ANT_1:Prokka:ANT_1_01843 (length 572)
prokka_ANT_1/ANT_1:Prokka:ANT_1_01844 (length 919)
prokka_ANT_1/ANT_1:Prokka:ANT_1_01845 (length 414)
prokka_ANT_1/ANT_1:Prokka:ANT_1_01846 (length 460)
prokka_ANT_1/ANT_1:Prokka:ANT_1_01847 (length 325)
prokka_ANT_1/ANT_1:Prokka:ANT_1_01848 (length 229)
prokka_ANT_1/ANT_1:Prokka:ANT_1_01849 (length 159)
prokka_ANT_1/ANT_1:Prokka:ANT_1_01850 (length 239)
prokka_ANT_1/ANT_1:Prokka:ANT_1_01851 (length 407)
prokka_ANT_1/ANT_1:Prokka:ANT_1_01852 (length 439)
prokka_ANT_1/ANT_1:Prokka:ANT_1_01853 (length 259)
prokka_ANT_1/ANT_1:Prokka:ANT_1_01854 (length 258)
prokka_ANT_1/ANT_1:Prokka:ANT_1_01855 (length 351)
prokka_ANT_1/ANT_1:Prokka:ANT_1_01856 (length 53)
prokka_ANT_1/ANT_1:Prokka:ANT_1_01857 (length 204)
prokka_ANT_1/ANT_1:Prokka:ANT_1_01858 (length 523)
prokka_ANT_1/ANT_1:Prokka:ANT_1_01859 (length 212)
prokka_ANT_1/ANT_1:Prokka:ANT_1_01860 (length 283)
prokka_ANT_1/ANT_1:Prokka:ANT_1_01861 (length 226)
prokka_ANT_1/ANT_1:Prokka:ANT_1_01862 (length 147)
prokka_ANT_1/ANT_1:Prokka:ANT_1_01863 (length 139)
prokka_ANT_1/ANT_1:Prokka:ANT_1_01864 (length 342)
prokka_ANT_1/ANT_1:Prokka:ANT_1_01868 (length 78)
prokka_ANT_1/ANT_1:Prokka:ANT_1_01869 (length 365)
prokka_ANT_1/ANT_1:Prokka:ANT_1_01870 (length 157)
prokka_ANT_1/ANT_1:Prokka:ANT_1_01871 (length 401)
prokka_ANT_1/ANT_1:Prokka:ANT_1_01872 (length 145)
prokka_ANT_1/ANT_1:Prokka:ANT_1_01873 (length 187)
prokka_ANT_1/ANT_1:Prokka:ANT_1_01874 (length 120)
prokka_ANT_1/ANT_1:Prokka:ANT_1_01875 (length 195)
prokka_ANT_1/ANT_1:Prokka:ANT_1_01876 (length 95)
prokka_ANT_1/ANT_1:Prokka:ANT_1_01877 (length 2592)
prokka_ANT_1/ANT_1:Prokka:ANT_1_01878 (length 172)
prokka_ANT_1/ANT_1:Prokka:ANT_1_01879 (length 567)
prokka_ANT_1/ANT_1:Prokka:ANT_1_01880 (length 181)
prokka_ANT_1/ANT_1:Prokka:ANT_1_01881 (length 474)
prokka_ANT_1/ANT_1:Prokka:ANT_1_01882 (length 332)
prokka_ANT_1/ANT_1:Prokka:ANT_1_01883 (length 338)
prokka_ANT_1/ANT_1:Prokka:ANT_1_01884 (length 464)
prokka_ANT_1/ANT_1:Prokka:ANT_1_01885 (length 184)
prokka_ANT_1/ANT_1:Prokka:ANT_1_31 (length 3839)
prokka_ANT_1/ANT_1:Prokka:ANT_1_01887 (length 52)
prokka_ANT_1/ANT_1:Prokka:ANT_1_01888 (length 62)
prokka_ANT_1/ANT_1:Prokka:ANT_1_01889 (length 71)
prokka_ANT_1/ANT_1:Prokka:ANT_1_01890 (length 71)
prokka_ANT_1/ANT_1:Prokka:ANT_1_01891 (length 121)
prokka_ANT_1/ANT_1:Prokka:ANT_1_01892 (length 87)
prokka_ANT_1/ANT_1:Prokka:ANT_1_01893 (length 289)
prokka_ANT_1/ANT_1:Prokka:ANT_1_32 (length 153656)
prokka_ANT_1/ANT_1:Prokka:ANT_1_01894 (length 370)
prokka_ANT_1/ANT_1:Prokka:ANT_1_01895 (length 218)
prokka_ANT_1/ANT_1:Prokka:ANT_1_01896 (length 401)
prokka_ANT_1/ANT_1:Prokka:ANT_1_01897 (length 427)
prokka_ANT_1/ANT_1:Prokka:ANT_1_01898 (length 201)
prokka_ANT_1/ANT_1:Prokka:ANT_1_01899 (length 245)
prokka_ANT_1/ANT_1:Prokka:ANT_1_01900 (length 562)
prokka_ANT_1/ANT_1:Prokka:ANT_1_01901 (length 128)
prokka_ANT_1/ANT_1:Prokka:ANT_1_01902 (length 87)
prokka_ANT_1/ANT_1:Prokka:ANT_1_01903 (length 95)
prokka_ANT_1/ANT_1:Prokka:ANT_1_01904 (length 240)
prokka_ANT_1/ANT_1:Prokka:ANT_1_01905 (length 300)
prokka_ANT_1/ANT_1:Prokka:ANT_1_01906 (length 195)
prokka_ANT_1/ANT_1:Prokka:ANT_1_01907 (length 159)
prokka_ANT_1/ANT_1:Prokka:ANT_1_01908 (length 368)
prokka_ANT_1/ANT_1:Prokka:ANT_1_01909 (length 379)
prokka_ANT_1/ANT_1:Prokka:ANT_1_01910 (length 320)
prokka_ANT_1/ANT_1:Prokka:ANT_1_01911 (length 281)
prokka_ANT_1/ANT_1:Prokka:ANT_1_01912 (length 367)
prokka_ANT_1/ANT_1:Prokka:ANT_1_01913 (length 157)
prokka_ANT_1/ANT_1:Prokka:ANT_1_01914 (length 375)
prokka_ANT_1/ANT_1:Prokka:ANT_1_01915 (length 243)
prokka_ANT_1/ANT_1:Prokka:ANT_1_01916 (length 222)
prokka_ANT_1/ANT_1:Prokka:ANT_1_01917 (length 238)
prokka_ANT_1/ANT_1:Prokka:ANT_1_01918 (length 243)
prokka_ANT_1/ANT_1:Prokka:ANT_1_01919 (length 259)
prokka_ANT_1/ANT_1:Prokka:ANT_1_01920 (length 176)
prokka_ANT_1/ANT_1:Prokka:ANT_1_01921 (length 107)
prokka_ANT_1/ANT_1:Prokka:ANT_1_01922 (length 280)
prokka_ANT_1/ANT_1:Prokka:ANT_1_01923 (length 334)
prokka_ANT_1/ANT_1:Prokka:ANT_1_01924 (length 573)
prokka_ANT_1/ANT_1:Prokka:ANT_1_01925 (length 326)
prokka_ANT_1/ANT_1:Prokka:ANT_1_01926 (length 541)
prokka_ANT_1/ANT_1:Prokka:ANT_1_01927 (length 555)
prokka_ANT_1/ANT_1:Prokka:ANT_1_01928 (length 75)
prokka_ANT_1/ANT_1:Prokka:ANT_1_01929 (length 106)
prokka_ANT_1/ANT_1:Prokka:ANT_1_01930 (length 759)
prokka_ANT_1/ANT_1:Prokka:ANT_1_01931 (length 266)
prokka_ANT_1/ANT_1:Prokka:ANT_1_01932 (length 861)
prokka_ANT_1/ANT_1:Prokka:ANT_1_01933 (length 72)
prokka_ANT_1/ANT_1:Prokka:ANT_1_01934 (length 230)
prokka_ANT_1/ANT_1:Prokka:ANT_1_01935 (length 576)
prokka_ANT_1/ANT_1:Prokka:ANT_1_01936 (length 589)
prokka_ANT_1/ANT_1:Prokka:ANT_1_01937 (length 321)
prokka_ANT_1/ANT_1:Prokka:ANT_1_01938 (length 164)
prokka_ANT_1/ANT_1:Prokka:ANT_1_01939 (length 1119)
prokka_ANT_1/ANT_1:Prokka:ANT_1_01940 (length 203)
prokka_ANT_1/ANT_1:Prokka:ANT_1_01941 (length 447)
prokka_ANT_1/ANT_1:Prokka:ANT_1_01942 (length 430)
prokka_ANT_1/ANT_1:Prokka:ANT_1_01943 (length 397)
prokka_ANT_1/ANT_1:Prokka:ANT_1_01944 (length 246)
prokka_ANT_1/ANT_1:Prokka:ANT_1_01945 (length 760)
prokka_ANT_1/ANT_1:Prokka:ANT_1_01946 (length 285)
prokka_ANT_1/ANT_1:Prokka:ANT_1_01947 (length 585)
prokka_ANT_1/ANT_1:Prokka:ANT_1_01948 (length 361)
prokka_ANT_1/ANT_1:Prokka:ANT_1_01949 (length 428)
prokka_ANT_1/ANT_1:Prokka:ANT_1_01950 (length 227)
prokka_ANT_1/ANT_1:Prokka:ANT_1_01951 (length 558)
prokka_ANT_1/ANT_1:Prokka:ANT_1_01952 (length 95)
prokka_ANT_1/ANT_1:Prokka:ANT_1_01953 (length 754)
prokka_ANT_1/ANT_1:Prokka:ANT_1_01954 (length 582)
prokka_ANT_1/ANT_1:Prokka:ANT_1_01955 (length 334)
prokka_ANT_1/ANT_1:Prokka:ANT_1_01956 (length 402)
prokka_ANT_1/ANT_1:Prokka:ANT_1_01957 (length 60)
prokka_ANT_1/ANT_1:Prokka:ANT_1_01958 (length 248)
prokka_ANT_1/ANT_1:Prokka:ANT_1_01959 (length 297)
prokka_ANT_1/ANT_1:Prokka:ANT_1_01960 (length 262)
prokka_ANT_1/ANT_1:Prokka:ANT_1_01961 (length 261)
prokka_ANT_1/ANT_1:Prokka:ANT_1_01962 (length 440)
prokka_ANT_1/ANT_1:Prokka:ANT_1_01963 (length 241)
prokka_ANT_1/ANT_1:Prokka:ANT_1_01964 (length 1482)
prokka_ANT_1/ANT_1:Prokka:ANT_1_01965 (length 617)
prokka_ANT_1/ANT_1:Prokka:ANT_1_01966 (length 182)
prokka_ANT_1/ANT_1:Prokka:ANT_1_01967 (length 209)
prokka_ANT_1/ANT_1:Prokka:ANT_1_01968 (length 396)
prokka_ANT_1/ANT_1:Prokka:ANT_1_01969 (length 363)
prokka_ANT_1/ANT_1:Prokka:ANT_1_01970 (length 466)
prokka_ANT_1/ANT_1:Prokka:ANT_1_01971 (length 401)
prokka_ANT_1/ANT_1:Prokka:ANT_1_01972 (length 871)
prokka_ANT_1/ANT_1:Prokka:ANT_1_01973 (length 262)
prokka_ANT_1/ANT_1:Prokka:ANT_1_01974 (length 263)
prokka_ANT_1/ANT_1:Prokka:ANT_1_01975 (length 381)
prokka_ANT_1/ANT_1:Prokka:ANT_1_01976 (length 320)
prokka_ANT_1/ANT_1:Prokka:ANT_1_01977 (length 183)
prokka_ANT_1/ANT_1:Prokka:ANT_1_01978 (length 336)
prokka_ANT_1/ANT_1:Prokka:ANT_1_01979 (length 181)
prokka_ANT_1/ANT_1:Prokka:ANT_1_01980 (length 369)
prokka_ANT_1/ANT_1:Prokka:ANT_1_01981 (length 721)
prokka_ANT_1/ANT_1:Prokka:ANT_1_01982 (length 637)
prokka_ANT_1/ANT_1:Prokka:ANT_1_01983 (length 424)
prokka_ANT_1/ANT_1:Prokka:ANT_1_01984 (length 546)
prokka_ANT_1/ANT_1:Prokka:ANT_1_01985 (length 186)
prokka_ANT_1/ANT_1:Prokka:ANT_1_01986 (length 172)
prokka_ANT_1/ANT_1:Prokka:ANT_1_01987 (length 601)
prokka_ANT_1/ANT_1:Prokka:ANT_1_01988 (length 151)
prokka_ANT_1/ANT_1:Prokka:ANT_1_01989 (length 355)
prokka_ANT_1/ANT_1:Prokka:ANT_1_01990 (length 168)
prokka_ANT_1/ANT_1:Prokka:ANT_1_01991 (length 276)
prokka_ANT_1/ANT_1:Prokka:ANT_1_01992 (length 209)
prokka_ANT_1/ANT_1:Prokka:ANT_1_01993 (length 709)
prokka_ANT_1/ANT_1:Prokka:ANT_1_01994 (length 148)
prokka_ANT_1/ANT_1:Prokka:ANT_1_01995 (length 684)
prokka_ANT_1/ANT_1:Prokka:ANT_1_01996 (length 152)
prokka_ANT_1/ANT_1:Prokka:ANT_1_01997 (length 213)
prokka_ANT_1/ANT_1:Prokka:ANT_1_01998 (length 137)
prokka_ANT_1/ANT_1:Prokka:ANT_1_01999 (length 105)
prokka_ANT_1/ANT_1:Prokka:ANT_1_02000 (length 396)
prokka_ANT_1/ANT_1:Prokka:ANT_1_02001 (length 92)
prokka_ANT_1/ANT_1:Prokka:ANT_1_02002 (length 108)
prokka_ANT_1/ANT_1:Prokka:ANT_1_02003 (length 218)
prokka_ANT_1/ANT_1:Prokka:ANT_1_02006 (length 535)
prokka_ANT_1/ANT_1:Prokka:ANT_1_02007 (length 457)
prokka_ANT_1/ANT_1:Prokka:ANT_1_02008 (length 76)
prokka_ANT_1/ANT_1:Prokka:ANT_1_02009 (length 62)
prokka_ANT_1/ANT_1:Prokka:ANT_1_02010 (length 301)
prokka_ANT_1/ANT_1:Prokka:ANT_1_02011 (length 442)
prokka_ANT_1/ANT_1:Prokka:ANT_1_02012 (length 174)
prokka_ANT_1/ANT_1:Prokka:ANT_1_02013 (length 196)
prokka_ANT_1/ANT_1:Prokka:ANT_1_02014 (length 274)
prokka_ANT_1/ANT_1:Prokka:ANT_1_02015 (length 128)
prokka_ANT_1/ANT_1:Prokka:ANT_1_02016 (length 248)
prokka_ANT_1/ANT_1:Prokka:ANT_1_02017 (length 363)
prokka_ANT_1/ANT_1:Prokka:ANT_1_02018 (length 215)
prokka_ANT_1/ANT_1:Prokka:ANT_1_02019 (length 326)
prokka_ANT_1/ANT_1:Prokka:ANT_1_02020 (length 464)
prokka_ANT_1/ANT_1:Prokka:ANT_1_02021 (length 232)
prokka_ANT_1/ANT_1:Prokka:ANT_1_02022 (length 240)
prokka_ANT_1/ANT_1:Prokka:ANT_1_02023 (length 206)
prokka_ANT_1/ANT_1:Prokka:ANT_1_02024 (length 113)
prokka_ANT_1/ANT_1:Prokka:ANT_1_02025 (length 74)
prokka_ANT_1/ANT_1:Prokka:ANT_1_02026 (length 219)
prokka_ANT_1/ANT_1:Prokka:ANT_1_02027 (length 610)
prokka_ANT_1/ANT_1:Prokka:ANT_1_02028 (length 182)
prokka_ANT_1/ANT_1:Prokka:ANT_1_33 (length 34375)
prokka_ANT_1/ANT_1:Prokka:ANT_1_02032 (length 174)
prokka_ANT_1/ANT_1:Prokka:ANT_1_02033 (length 325)
prokka_ANT_1/ANT_1:Prokka:ANT_1_02034 (length 174)
prokka_ANT_1/ANT_1:Prokka:ANT_1_02035 (length 408)
prokka_ANT_1/ANT_1:Prokka:ANT_1_02036 (length 85)
prokka_ANT_1/ANT_1:Prokka:ANT_1_02037 (length 102)
prokka_ANT_1/ANT_1:Prokka:ANT_1_02038 (length 64)
prokka_ANT_1/ANT_1:Prokka:ANT_1_02039 (length 1161)
prokka_ANT_1/ANT_1:Prokka:ANT_1_02040 (length 111)
prokka_ANT_1/ANT_1:Prokka:ANT_1_02041 (length 92)
prokka_ANT_1/ANT_1:Prokka:ANT_1_02042 (length 584)
prokka_ANT_1/ANT_1:Prokka:ANT_1_02043 (length 361)
prokka_ANT_1/ANT_1:Prokka:ANT_1_02044 (length 181)
prokka_ANT_1/ANT_1:Prokka:ANT_1_02045 (length 151)
prokka_ANT_1/ANT_1:Prokka:ANT_1_02046 (length 392)
prokka_ANT_1/ANT_1:Prokka:ANT_1_02047 (length 268)
prokka_ANT_1/ANT_1:Prokka:ANT_1_02048 (length 337)
prokka_ANT_1/ANT_1:Prokka:ANT_1_02049 (length 222)
prokka_ANT_1/ANT_1:Prokka:ANT_1_02050 (length 777)
prokka_ANT_1/ANT_1:Prokka:ANT_1_02051 (length 356)
prokka_ANT_1/ANT_1:Prokka:ANT_1_02053 (length 410)
prokka_ANT_1/ANT_1:Prokka:ANT_1_02054 (length 184)
prokka_ANT_1/ANT_1:Prokka:ANT_1_02055 (length 132)
prokka_ANT_1/ANT_1:Prokka:ANT_1_02056 (length 241)
prokka_ANT_1/ANT_1:Prokka:ANT_1_02057 (length 713)
prokka_ANT_1/ANT_1:Prokka:ANT_1_02058 (length 204)
prokka_ANT_1/ANT_1:Prokka:ANT_1_02059 (length 406)
prokka_ANT_1/ANT_1:Prokka:ANT_1_02060 (length 276)
prokka_ANT_1/ANT_1:Prokka:ANT_1_02061 (length 91)
prokka_ANT_1/ANT_1:Prokka:ANT_1_02062 (length 120)
prokka_ANT_1/ANT_1:Prokka:ANT_1_02063 (length 365)
prokka_ANT_1/ANT_1:Prokka:ANT_1_02064 (length 90)
prokka_ANT_1/ANT_1:Prokka:ANT_1_02065 (length 361)
prokka_ANT_1/ANT_1:Prokka:ANT_1_02066 (length 239)
prokka_ANT_1/ANT_1:Prokka:ANT_1_02067 (length 108)
prokka_ANT_1/ANT_1:Prokka:ANT_1_34 (length 75667)
prokka_ANT_1/ANT_1:Prokka:ANT_1_02068 (length 51)
prokka_ANT_1/ANT_1:Prokka:ANT_1_02069 (length 183)
prokka_ANT_1/ANT_1:Prokka:ANT_1_02070 (length 81)
prokka_ANT_1/ANT_1:Prokka:ANT_1_02071 (length 249)
prokka_ANT_1/ANT_1:Prokka:ANT_1_02072 (length 317)
prokka_ANT_1/ANT_1:Prokka:ANT_1_02073 (length 428)
prokka_ANT_1/ANT_1:Prokka:ANT_1_02074 (length 321)
prokka_ANT_1/ANT_1:Prokka:ANT_1_02075 (length 402)
prokka_ANT_1/ANT_1:Prokka:ANT_1_02076 (length 418)
prokka_ANT_1/ANT_1:Prokka:ANT_1_02077 (length 140)
prokka_ANT_1/ANT_1:Prokka:ANT_1_02078 (length 127)
prokka_ANT_1/ANT_1:Prokka:ANT_1_02079 (length 422)
prokka_ANT_1/ANT_1:Prokka:ANT_1_02080 (length 269)
prokka_ANT_1/ANT_1:Prokka:ANT_1_02081 (length 802)
prokka_ANT_1/ANT_1:Prokka:ANT_1_02082 (length 361)
prokka_ANT_1/ANT_1:Prokka:ANT_1_02083 (length 366)
prokka_ANT_1/ANT_1:Prokka:ANT_1_02084 (length 463)
prokka_ANT_1/ANT_1:Prokka:ANT_1_02085 (length 108)
prokka_ANT_1/ANT_1:Prokka:ANT_1_02086 (length 80)
prokka_ANT_1/ANT_1:Prokka:ANT_1_02087 (length 548)
prokka_ANT_1/ANT_1:Prokka:ANT_1_02088 (length 454)
prokka_ANT_1/ANT_1:Prokka:ANT_1_02089 (length 247)
prokka_ANT_1/ANT_1:Prokka:ANT_1_02090 (length 437)
prokka_ANT_1/ANT_1:Prokka:ANT_1_02091 (length 42)
prokka_ANT_1/ANT_1:Prokka:ANT_1_02092 (length 221)
prokka_ANT_1/ANT_1:Prokka:ANT_1_02093 (length 412)
prokka_ANT_1/ANT_1:Prokka:ANT_1_02094 (length 245)
prokka_ANT_1/ANT_1:Prokka:ANT_1_02095 (length 255)
prokka_ANT_1/ANT_1:Prokka:ANT_1_02096 (length 295)
prokka_ANT_1/ANT_1:Prokka:ANT_1_02097 (length 320)
prokka_ANT_1/ANT_1:Prokka:ANT_1_02098 (length 346)
prokka_ANT_1/ANT_1:Prokka:ANT_1_02099 (length 371)
prokka_ANT_1/ANT_1:Prokka:ANT_1_02100 (length 306)
prokka_ANT_1/ANT_1:Prokka:ANT_1_02101 (length 460)
prokka_ANT_1/ANT_1:Prokka:ANT_1_02102 (length 125)
prokka_ANT_1/ANT_1:Prokka:ANT_1_02103 (length 610)
prokka_ANT_1/ANT_1:Prokka:ANT_1_02104 (length 457)
prokka_ANT_1/ANT_1:Prokka:ANT_1_02105 (length 137)
prokka_ANT_1/ANT_1:Prokka:ANT_1_02106 (length 460)
prokka_ANT_1/ANT_1:Prokka:ANT_1_02107 (length 289)
prokka_ANT_1/ANT_1:Prokka:ANT_1_02108 (length 513)
prokka_ANT_1/ANT_1:Prokka:ANT_1_02109 (length 177)
prokka_ANT_1/ANT_1:Prokka:ANT_1_02110 (length 156)
prokka_ANT_1/ANT_1:Prokka:ANT_1_02111 (length 79)
prokka_ANT_1/ANT_1:Prokka:ANT_1_02112 (length 271)
prokka_ANT_1/ANT_1:Prokka:ANT_1_02113 (length 127)
prokka_ANT_1/ANT_1:Prokka:ANT_1_02114 (length 206)
prokka_ANT_1/ANT_1:Prokka:ANT_1_02115 (length 629)
prokka_ANT_1/ANT_1:Prokka:ANT_1_02116 (length 146)
prokka_ANT_1/ANT_1:Prokka:ANT_1_02117 (length 153)
prokka_ANT_1/ANT_1:Prokka:ANT_1_02118 (length 712)
prokka_ANT_1/ANT_1:Prokka:ANT_1_02119 (length 486)
prokka_ANT_1/ANT_1:Prokka:ANT_1_02120 (length 499)
prokka_ANT_1/ANT_1:Prokka:ANT_1_02121 (length 622)
prokka_ANT_1/ANT_1:Prokka:ANT_1_02122 (length 446)
prokka_ANT_1/ANT_1:Prokka:ANT_1_02123 (length 220)
prokka_ANT_1/ANT_1:Prokka:ANT_1_02124 (length 133)
prokka_ANT_1/ANT_1:Prokka:ANT_1_02125 (length 293)
prokka_ANT_1/ANT_1:Prokka:ANT_1_02126 (length 260)
prokka_ANT_1/ANT_1:Prokka:ANT_1_02127 (length 559)
prokka_ANT_1/ANT_1:Prokka:ANT_1_02128 (length 97)
prokka_ANT_1/ANT_1:Prokka:ANT_1_02129 (length 537)
prokka_ANT_1/ANT_1:Prokka:ANT_1_02130 (length 139)
prokka_ANT_1/ANT_1:Prokka:ANT_1_02131 (length 503)
prokka_ANT_1/ANT_1:Prokka:ANT_1_02132 (length 322)
prokka_ANT_1/ANT_1:Prokka:ANT_1_02133 (length 293)
prokka_ANT_1/ANT_1:Prokka:ANT_1_02134 (length 309)
prokka_ANT_1/ANT_1:Prokka:ANT_1_02135 (length 333)
prokka_ANT_1/ANT_1:Prokka:ANT_1_02136 (length 466)
prokka_ANT_1/ANT_1:Prokka:ANT_1_35 (length 4987)
prokka_ANT_1/ANT_1:Prokka:ANT_1_02137 (length 653)
prokka_ANT_1/ANT_1:Prokka:ANT_1_02138 (length 459)
prokka_ANT_1/ANT_1:Prokka:ANT_1_02139 (length 97)
prokka_ANT_1/ANT_1:Prokka:ANT_1_36 (length 15124)
prokka_ANT_1/ANT_1:Prokka:ANT_1_02140 (length 355)
prokka_ANT_1/ANT_1:Prokka:ANT_1_02141 (length 325)
prokka_ANT_1/ANT_1:Prokka:ANT_1_02142 (length 578)
prokka_ANT_1/ANT_1:Prokka:ANT_1_02143 (length 421)
prokka_ANT_1/ANT_1:Prokka:ANT_1_02144 (length 507)
prokka_ANT_1/ANT_1:Prokka:ANT_1_02145 (length 482)
prokka_ANT_1/ANT_1:Prokka:ANT_1_02146 (length 438)
prokka_ANT_1/ANT_1:Prokka:ANT_1_02147 (length 298)
prokka_ANT_1/ANT_1:Prokka:ANT_1_02148 (length 366)
prokka_ANT_1/ANT_1:Prokka:ANT_1_02149 (length 377)
prokka_ANT_1/ANT_1:Prokka:ANT_1_02150 (length 164)
prokka_ANT_1/ANT_1:Prokka:ANT_1_37 (length 74441)
prokka_ANT_1/ANT_1:Prokka:ANT_1_02151 (length 487)
prokka_ANT_1/ANT_1:Prokka:ANT_1_02152 (length 497)
prokka_ANT_1/ANT_1:Prokka:ANT_1_02153 (length 287)
prokka_ANT_1/ANT_1:Prokka:ANT_1_02154 (length 200)
prokka_ANT_1/ANT_1:Prokka:ANT_1_02155 (length 566)
prokka_ANT_1/ANT_1:Prokka:ANT_1_02156 (length 180)
prokka_ANT_1/ANT_1:Prokka:ANT_1_02157 (length 179)
prokka_ANT_1/ANT_1:Prokka:ANT_1_02158 (length 850)
prokka_ANT_1/ANT_1:Prokka:ANT_1_02159 (length 250)
prokka_ANT_1/ANT_1:Prokka:ANT_1_02160 (length 218)
prokka_ANT_1/ANT_1:Prokka:ANT_1_02161 (length 168)
prokka_ANT_1/ANT_1:Prokka:ANT_1_02162 (length 171)
prokka_ANT_1/ANT_1:Prokka:ANT_1_02163 (length 161)
prokka_ANT_1/ANT_1:Prokka:ANT_1_02164 (length 156)
prokka_ANT_1/ANT_1:Prokka:ANT_1_02165 (length 186)
prokka_ANT_1/ANT_1:Prokka:ANT_1_02166 (length 125)
prokka_ANT_1/ANT_1:Prokka:ANT_1_02167 (length 262)
prokka_ANT_1/ANT_1:Prokka:ANT_1_02168 (length 151)
prokka_ANT_1/ANT_1:Prokka:ANT_1_02169 (length 424)
prokka_ANT_1/ANT_1:Prokka:ANT_1_02170 (length 493)
prokka_ANT_1/ANT_1:Prokka:ANT_1_02171 (length 291)
prokka_ANT_1/ANT_1:Prokka:ANT_1_02172 (length 427)
prokka_ANT_1/ANT_1:Prokka:ANT_1_02173 (length 310)
prokka_ANT_1/ANT_1:Prokka:ANT_1_02174 (length 257)
prokka_ANT_1/ANT_1:Prokka:ANT_1_02175 (length 679)
prokka_ANT_1/ANT_1:Prokka:ANT_1_02176 (length 442)
prokka_ANT_1/ANT_1:Prokka:ANT_1_02177 (length 893)
prokka_ANT_1/ANT_1:Prokka:ANT_1_02178 (length 30)
prokka_ANT_1/ANT_1:Prokka:ANT_1_02179 (length 80)
prokka_ANT_1/ANT_1:Prokka:ANT_1_02180 (length 295)
prokka_ANT_1/ANT_1:Prokka:ANT_1_02181 (length 198)
prokka_ANT_1/ANT_1:Prokka:ANT_1_02182 (length 188)
prokka_ANT_1/ANT_1:Prokka:ANT_1_02183 (length 256)
prokka_ANT_1/ANT_1:Prokka:ANT_1_02184 (length 210)
prokka_ANT_1/ANT_1:Prokka:ANT_1_02185 (length 57)
prokka_ANT_1/ANT_1:Prokka:ANT_1_02186 (length 176)
prokka_ANT_1/ANT_1:Prokka:ANT_1_02187 (length 538)
prokka_ANT_1/ANT_1:Prokka:ANT_1_02188 (length 297)
prokka_ANT_1/ANT_1:Prokka:ANT_1_02189 (length 390)
prokka_ANT_1/ANT_1:Prokka:ANT_1_02190 (length 314)
prokka_ANT_1/ANT_1:Prokka:ANT_1_02191 (length 343)
prokka_ANT_1/ANT_1:Prokka:ANT_1_02192 (length 205)
prokka_ANT_1/ANT_1:Prokka:ANT_1_02193 (length 288)
prokka_ANT_1/ANT_1:Prokka:ANT_1_02194 (length 51)
prokka_ANT_1/ANT_1:Prokka:ANT_1_02195 (length 70)
prokka_ANT_1/ANT_1:Prokka:ANT_1_02196 (length 306)
prokka_ANT_1/ANT_1:Prokka:ANT_1_02197 (length 131)
prokka_ANT_1/ANT_1:Prokka:ANT_1_02198 (length 306)
prokka_ANT_1/ANT_1:Prokka:ANT_1_02199 (length 342)
prokka_ANT_1/ANT_1:Prokka:ANT_1_02200 (length 29)
prokka_ANT_1/ANT_1:Prokka:ANT_1_02201 (length 561)
prokka_ANT_1/ANT_1:Prokka:ANT_1_02202 (length 682)
prokka_ANT_1/ANT_1:Prokka:ANT_1_02203 (length 191)
prokka_ANT_1/ANT_1:Prokka:ANT_1_02204 (length 896)
prokka_ANT_1/ANT_1:Prokka:ANT_1_02205 (length 200)
prokka_ANT_1/ANT_1:Prokka:ANT_1_02206 (length 610)
prokka_ANT_1/ANT_1:Prokka:ANT_1_02207 (length 602)
prokka_ANT_1/ANT_1:Prokka:ANT_1_02208 (length 375)
prokka_ANT_1/ANT_1:Prokka:ANT_1_02209 (length 301)
prokka_ANT_1/ANT_1:Prokka:ANT_1_02210 (length 302)
prokka_ANT_1/ANT_1:Prokka:ANT_1_02211 (length 110)
prokka_ANT_1/ANT_1:Prokka:ANT_1_02212 (length 67)
prokka_ANT_1/ANT_1:Prokka:ANT_1_02213 (length 216)
prokka_ANT_1/ANT_1:Prokka:ANT_1_02214 (length 221)
prokka_ANT_1/ANT_1:Prokka:ANT_1_02215 (length 666)
prokka_ANT_1/ANT_1:Prokka:ANT_1_02216 (length 339)
prokka_ANT_1/ANT_1:Prokka:ANT_1_02217 (length 259)
prokka_ANT_1/ANT_1:Prokka:ANT_1_02218 (length 307)
prokka_ANT_1/ANT_1:Prokka:ANT_1_02219 (length 298)
prokka_ANT_1/ANT_1:Prokka:ANT_1_38 (length 5133)
prokka_ANT_1/ANT_1:Prokka:ANT_1_02220 (length 302)
prokka_ANT_1/ANT_1:Prokka:ANT_1_02221 (length 287)
prokka_ANT_1/ANT_1:Prokka:ANT_1_02222 (length 179)
prokka_ANT_1/ANT_1:Prokka:ANT_1_02223 (length 526)
prokka_ANT_1/ANT_1:Prokka:ANT_1_02224 (length 37)
prokka_ANT_1/ANT_1:Prokka:ANT_1_02225 (length 213)
prokka_ANT_1/ANT_1:Prokka:ANT_1_39 (length 2850)
prokka_ANT_1/ANT_1:Prokka:ANT_1_02226 (length 92)
prokka_ANT_1/ANT_1:Prokka:ANT_1_02227 (length 473)
prokka_ANT_1/ANT_1:Prokka:ANT_1_02228 (length 97)
prokka_ANT_1/ANT_1:Prokka:ANT_1_40 (length 1608)
prokka_ANT_1/ANT_1:Prokka:ANT_1_02229 (length 62)
prokka_ANT_1/ANT_1:Prokka:ANT_1_02230 (length 197)
prokka_ANT_1/ANT_1:Prokka:ANT_1_41 (length 40064)
prokka_ANT_1/ANT_1:Prokka:ANT_1_02232 (length 180)
prokka_ANT_1/ANT_1:Prokka:ANT_1_02233 (length 306)
prokka_ANT_1/ANT_1:Prokka:ANT_1_02234 (length 145)
prokka_ANT_1/ANT_1:Prokka:ANT_1_02235 (length 331)
prokka_ANT_1/ANT_1:Prokka:ANT_1_02236 (length 303)
prokka_ANT_1/ANT_1:Prokka:ANT_1_02237 (length 689)
prokka_ANT_1/ANT_1:Prokka:ANT_1_02238 (length 97)
prokka_ANT_1/ANT_1:Prokka:ANT_1_02239 (length 88)
prokka_ANT_1/ANT_1:Prokka:ANT_1_02240 (length 238)
prokka_ANT_1/ANT_1:Prokka:ANT_1_02241 (length 642)
prokka_ANT_1/ANT_1:Prokka:ANT_1_02242 (length 382)
prokka_ANT_1/ANT_1:Prokka:ANT_1_02243 (length 208)
prokka_ANT_1/ANT_1:Prokka:ANT_1_02244 (length 120)
prokka_ANT_1/ANT_1:Prokka:ANT_1_02245 (length 211)
prokka_ANT_1/ANT_1:Prokka:ANT_1_02246 (length 131)
prokka_ANT_1/ANT_1:Prokka:ANT_1_02247 (length 678)
prokka_ANT_1/ANT_1:Prokka:ANT_1_02248 (length 86)
prokka_ANT_1/ANT_1:Prokka:ANT_1_02249 (length 262)
prokka_ANT_1/ANT_1:Prokka:ANT_1_02250 (length 160)
prokka_ANT_1/ANT_1:Prokka:ANT_1_02251 (length 355)
prokka_ANT_1/ANT_1:Prokka:ANT_1_02252 (length 334)
prokka_ANT_1/ANT_1:Prokka:ANT_1_02253 (length 501)
prokka_ANT_1/ANT_1:Prokka:ANT_1_02254 (length 205)
prokka_ANT_1/ANT_1:Prokka:ANT_1_02255 (length 446)
prokka_ANT_1/ANT_1:Prokka:ANT_1_02256 (length 258)
prokka_ANT_1/ANT_1:Prokka:ANT_1_02257 (length 282)
prokka_ANT_1/ANT_1:Prokka:ANT_1_02258 (length 195)
prokka_ANT_1/ANT_1:Prokka:ANT_1_02259 (length 806)
prokka_ANT_1/ANT_1:Prokka:ANT_1_02260 (length 296)
prokka_ANT_1/ANT_1:Prokka:ANT_1_02261 (length 216)
prokka_ANT_1/ANT_1:Prokka:ANT_1_02262 (length 306)
prokka_ANT_1/ANT_1:Prokka:ANT_1_02263 (length 203)
prokka_ANT_1/ANT_1:Prokka:ANT_1_02264 (length 459)
prokka_ANT_1/ANT_1:Prokka:ANT_1_02265 (length 612)
prokka_ANT_1/ANT_1:Prokka:ANT_1_02266 (length 187)
prokka_ANT_1/ANT_1:Prokka:ANT_1_02267 (length 220)
prokka_ANT_1/ANT_1:Prokka:ANT_1_02268 (length 328)
prokka_ANT_1/ANT_1:Prokka:ANT_1_02269 (length 342)
prokka_ANT_1/ANT_1:Prokka:ANT_1_42 (length 4872)
prokka_ANT_1/ANT_1:Prokka:ANT_1_02270 (length 132)
prokka_ANT_1/ANT_1:Prokka:ANT_1_02271 (length 467)
prokka_ANT_1/ANT_1:Prokka:ANT_1_02272 (length 432)
prokka_ANT_1/ANT_1:Prokka:ANT_1_02273 (length 401)
prokka_ANT_1/ANT_1:Prokka:ANT_1_43 (length 135545)
prokka_ANT_1/ANT_1:Prokka:ANT_1_02274 (length 170)
prokka_ANT_1/ANT_1:Prokka:ANT_1_02275 (length 312)
prokka_ANT_1/ANT_1:Prokka:ANT_1_02276 (length 644)
prokka_ANT_1/ANT_1:Prokka:ANT_1_02277 (length 415)
prokka_ANT_1/ANT_1:Prokka:ANT_1_02278 (length 69)
prokka_ANT_1/ANT_1:Prokka:ANT_1_02279 (length 52)
prokka_ANT_1/ANT_1:Prokka:ANT_1_02280 (length 408)
prokka_ANT_1/ANT_1:Prokka:ANT_1_02281 (length 59)
prokka_ANT_1/ANT_1:Prokka:ANT_1_02282 (length 93)
prokka_ANT_1/ANT_1:Prokka:ANT_1_02283 (length 269)
prokka_ANT_1/ANT_1:Prokka:ANT_1_02284 (length 149)
prokka_ANT_1/ANT_1:Prokka:ANT_1_02285 (length 261)
prokka_ANT_1/ANT_1:Prokka:ANT_1_02286 (length 533)
prokka_ANT_1/ANT_1:Prokka:ANT_1_02287 (length 342)
prokka_ANT_1/ANT_1:Prokka:ANT_1_02288 (length 49)
prokka_ANT_1/ANT_1:Prokka:ANT_1_02289 (length 411)
prokka_ANT_1/ANT_1:Prokka:ANT_1_02290 (length 175)
prokka_ANT_1/ANT_1:Prokka:ANT_1_02291 (length 413)
prokka_ANT_1/ANT_1:Prokka:ANT_1_02292 (length 563)
prokka_ANT_1/ANT_1:Prokka:ANT_1_02293 (length 242)
prokka_ANT_1/ANT_1:Prokka:ANT_1_02294 (length 322)
prokka_ANT_1/ANT_1:Prokka:ANT_1_02295 (length 550)
prokka_ANT_1/ANT_1:Prokka:ANT_1_02296 (length 329)
prokka_ANT_1/ANT_1:Prokka:ANT_1_02297 (length 122)
prokka_ANT_1/ANT_1:Prokka:ANT_1_02298 (length 412)
prokka_ANT_1/ANT_1:Prokka:ANT_1_02299 (length 43)
prokka_ANT_1/ANT_1:Prokka:ANT_1_02300 (length 394)
prokka_ANT_1/ANT_1:Prokka:ANT_1_02302 (length 262)
prokka_ANT_1/ANT_1:Prokka:ANT_1_02303 (length 116)
prokka_ANT_1/ANT_1:Prokka:ANT_1_02304 (length 469)
prokka_ANT_1/ANT_1:Prokka:ANT_1_02309 (length 485)
prokka_ANT_1/ANT_1:Prokka:ANT_1_02310 (length 168)
prokka_ANT_1/ANT_1:Prokka:ANT_1_02311 (length 353)
prokka_ANT_1/ANT_1:Prokka:ANT_1_02312 (length 232)
prokka_ANT_1/ANT_1:Prokka:ANT_1_02313 (length 310)
prokka_ANT_1/ANT_1:Prokka:ANT_1_02315 (length 196)
prokka_ANT_1/ANT_1:Prokka:ANT_1_02316 (length 110)
prokka_ANT_1/ANT_1:Prokka:ANT_1_02317 (length 350)
prokka_ANT_1/ANT_1:Prokka:ANT_1_02318 (length 272)
prokka_ANT_1/ANT_1:Prokka:ANT_1_02319 (length 343)
prokka_ANT_1/ANT_1:Prokka:ANT_1_02320 (length 382)
prokka_ANT_1/ANT_1:Prokka:ANT_1_02321 (length 347)
prokka_ANT_1/ANT_1:Prokka:ANT_1_02322 (length 493)
prokka_ANT_1/ANT_1:Prokka:ANT_1_02323 (length 259)
prokka_ANT_1/ANT_1:Prokka:ANT_1_02324 (length 54)
prokka_ANT_1/ANT_1:Prokka:ANT_1_02325 (length 257)
prokka_ANT_1/ANT_1:Prokka:ANT_1_02326 (length 229)
prokka_ANT_1/ANT_1:Prokka:ANT_1_02327 (length 352)
prokka_ANT_1/ANT_1:Prokka:ANT_1_02328 (length 272)
prokka_ANT_1/ANT_1:Prokka:ANT_1_02329 (length 331)
prokka_ANT_1/ANT_1:Prokka:ANT_1_02330 (length 156)
prokka_ANT_1/ANT_1:Prokka:ANT_1_02331 (length 226)
prokka_ANT_1/ANT_1:Prokka:ANT_1_02332 (length 348)
prokka_ANT_1/ANT_1:Prokka:ANT_1_02333 (length 430)
prokka_ANT_1/ANT_1:Prokka:ANT_1_02334 (length 343)
prokka_ANT_1/ANT_1:Prokka:ANT_1_02335 (length 383)
prokka_ANT_1/ANT_1:Prokka:ANT_1_02336 (length 252)
prokka_ANT_1/ANT_1:Prokka:ANT_1_02337 (length 222)
prokka_ANT_1/ANT_1:Prokka:ANT_1_02338 (length 238)
prokka_ANT_1/ANT_1:Prokka:ANT_1_02339 (length 674)
prokka_ANT_1/ANT_1:Prokka:ANT_1_02340 (length 308)
prokka_ANT_1/ANT_1:Prokka:ANT_1_02341 (length 328)
prokka_ANT_1/ANT_1:Prokka:ANT_1_02342 (length 171)
prokka_ANT_1/ANT_1:Prokka:ANT_1_02343 (length 147)
prokka_ANT_1/ANT_1:Prokka:ANT_1_02344 (length 81)
prokka_ANT_1/ANT_1:Prokka:ANT_1_02345 (length 152)
prokka_ANT_1/ANT_1:Prokka:ANT_1_02346 (length 362)
prokka_ANT_1/ANT_1:Prokka:ANT_1_02347 (length 648)
prokka_ANT_1/ANT_1:Prokka:ANT_1_02348 (length 236)
prokka_ANT_1/ANT_1:Prokka:ANT_1_02349 (length 316)
prokka_ANT_1/ANT_1:Prokka:ANT_1_02350 (length 414)
prokka_ANT_1/ANT_1:Prokka:ANT_1_02351 (length 253)
prokka_ANT_1/ANT_1:Prokka:ANT_1_02352 (length 129)
prokka_ANT_1/ANT_1:Prokka:ANT_1_02353 (length 380)
prokka_ANT_1/ANT_1:Prokka:ANT_1_02354 (length 480)
prokka_ANT_1/ANT_1:Prokka:ANT_1_02355 (length 322)
prokka_ANT_1/ANT_1:Prokka:ANT_1_02356 (length 305)
prokka_ANT_1/ANT_1:Prokka:ANT_1_02357 (length 533)
prokka_ANT_1/ANT_1:Prokka:ANT_1_02358 (length 354)
prokka_ANT_1/ANT_1:Prokka:ANT_1_02359 (length 405)
prokka_ANT_1/ANT_1:Prokka:ANT_1_02360 (length 605)
prokka_ANT_1/ANT_1:Prokka:ANT_1_02361 (length 255)
prokka_ANT_1/ANT_1:Prokka:ANT_1_02362 (length 271)
prokka_ANT_1/ANT_1:Prokka:ANT_1_02363 (length 589)
prokka_ANT_1/ANT_1:Prokka:ANT_1_02364 (length 315)
prokka_ANT_1/ANT_1:Prokka:ANT_1_02365 (length 523)
prokka_ANT_1/ANT_1:Prokka:ANT_1_02366 (length 217)
prokka_ANT_1/ANT_1:Prokka:ANT_1_02367 (length 189)
prokka_ANT_1/ANT_1:Prokka:ANT_1_02368 (length 195)
prokka_ANT_1/ANT_1:Prokka:ANT_1_02369 (length 296)
prokka_ANT_1/ANT_1:Prokka:ANT_1_02370 (length 171)
prokka_ANT_1/ANT_1:Prokka:ANT_1_02371 (length 810)
prokka_ANT_1/ANT_1:Prokka:ANT_1_02372 (length 573)
prokka_ANT_1/ANT_1:Prokka:ANT_1_02373 (length 765)
prokka_ANT_1/ANT_1:Prokka:ANT_1_02374 (length 292)
prokka_ANT_1/ANT_1:Prokka:ANT_1_02375 (length 369)
prokka_ANT_1/ANT_1:Prokka:ANT_1_02376 (length 184)
prokka_ANT_1/ANT_1:Prokka:ANT_1_02377 (length 34)
prokka_ANT_1/ANT_1:Prokka:ANT_1_02378 (length 177)
prokka_ANT_1/ANT_1:Prokka:ANT_1_02379 (length 169)
prokka_ANT_1/ANT_1:Prokka:ANT_1_02380 (length 160)
prokka_ANT_1/ANT_1:Prokka:ANT_1_02381 (length 409)
prokka_ANT_1/ANT_1:Prokka:ANT_1_02382 (length 238)
prokka_ANT_1/ANT_1:Prokka:ANT_1_02383 (length 421)
prokka_ANT_1/ANT_1:Prokka:ANT_1_02384 (length 238)
prokka_ANT_1/ANT_1:Prokka:ANT_1_02385 (length 143)
prokka_ANT_1/ANT_1:Prokka:ANT_1_02386 (length 243)
prokka_ANT_1/ANT_1:Prokka:ANT_1_02387 (length 187)
prokka_ANT_1/ANT_1:Prokka:ANT_1_02388 (length 176)
prokka_ANT_1/ANT_1:Prokka:ANT_1_02389 (length 720)
prokka_ANT_1/ANT_1:Prokka:ANT_1_02390 (length 323)
prokka_ANT_1/ANT_1:Prokka:ANT_1_02391 (length 384)
prokka_ANT_1/ANT_1:Prokka:ANT_1_02392 (length 561)
prokka_ANT_1/ANT_1:Prokka:ANT_1_02393 (length 514)
prokka_ANT_1/ANT_1:Prokka:ANT_1_02394 (length 251)
prokka_ANT_1/ANT_1:Prokka:ANT_1_02395 (length 191)
prokka_ANT_1/ANT_1:Prokka:ANT_1_02396 (length 451)
prokka_ANT_1/ANT_1:Prokka:ANT_1_02397 (length 405)
prokka_ANT_1/ANT_1:Prokka:ANT_1_02398 (length 262)
prokka_ANT_1/ANT_1:Prokka:ANT_1_02399 (length 173)
prokka_ANT_1/ANT_1:Prokka:ANT_1_02400 (length 209)
prokka_ANT_1/ANT_1:Prokka:ANT_1_02401 (length 309)
prokka_ANT_1/ANT_1:Prokka:ANT_1_02402 (length 751)
prokka_ANT_1/ANT_1:Prokka:ANT_1_02403 (length 212)
prokka_ANT_1/ANT_1:Prokka:ANT_1_44 (length 41822)
prokka_ANT_1/ANT_1:Prokka:ANT_1_02404 (length 953)
prokka_ANT_1/ANT_1:Prokka:ANT_1_02405 (length 127)
prokka_ANT_1/ANT_1:Prokka:ANT_1_02406 (length 370)
prokka_ANT_1/ANT_1:Prokka:ANT_1_02407 (length 400)
prokka_ANT_1/ANT_1:Prokka:ANT_1_02408 (length 383)
prokka_ANT_1/ANT_1:Prokka:ANT_1_02409 (length 438)
prokka_ANT_1/ANT_1:Prokka:ANT_1_02410 (length 207)
prokka_ANT_1/ANT_1:Prokka:ANT_1_02411 (length 109)
prokka_ANT_1/ANT_1:Prokka:ANT_1_02412 (length 195)
prokka_ANT_1/ANT_1:Prokka:ANT_1_02413 (length 412)
prokka_ANT_1/ANT_1:Prokka:ANT_1_02414 (length 277)
prokka_ANT_1/ANT_1:Prokka:ANT_1_02415 (length 299)
prokka_ANT_1/ANT_1:Prokka:ANT_1_02416 (length 242)
prokka_ANT_1/ANT_1:Prokka:ANT_1_02417 (length 194)
prokka_ANT_1/ANT_1:Prokka:ANT_1_02418 (length 293)
prokka_ANT_1/ANT_1:Prokka:ANT_1_02419 (length 359)
prokka_ANT_1/ANT_1:Prokka:ANT_1_02420 (length 388)
prokka_ANT_1/ANT_1:Prokka:ANT_1_02421 (length 339)
prokka_ANT_1/ANT_1:Prokka:ANT_1_02422 (length 663)
prokka_ANT_1/ANT_1:Prokka:ANT_1_02423 (length 250)
prokka_ANT_1/ANT_1:Prokka:ANT_1_02424 (length 306)
prokka_ANT_1/ANT_1:Prokka:ANT_1_02425 (length 658)
prokka_ANT_1/ANT_1:Prokka:ANT_1_02426 (length 384)
prokka_ANT_1/ANT_1:Prokka:ANT_1_02427 (length 465)
prokka_ANT_1/ANT_1:Prokka:ANT_1_02428 (length 158)
prokka_ANT_1/ANT_1:Prokka:ANT_1_02429 (length 217)
prokka_ANT_1/ANT_1:Prokka:ANT_1_02430 (length 447)
prokka_ANT_1/ANT_1:Prokka:ANT_1_02431 (length 156)
prokka_ANT_1/ANT_1:Prokka:ANT_1_02432 (length 237)
prokka_ANT_1/ANT_1:Prokka:ANT_1_02433 (length 243)
prokka_ANT_1/ANT_1:Prokka:ANT_1_02434 (length 314)
prokka_ANT_1/ANT_1:Prokka:ANT_1_02435 (length 187)
prokka_ANT_1/ANT_1:Prokka:ANT_1_02436 (length 140)
prokka_ANT_1/ANT_1:Prokka:ANT_1_02437 (length 331)
prokka_ANT_1/ANT_1:Prokka:ANT_1_02438 (length 237)
prokka_ANT_1/ANT_1:Prokka:ANT_1_02439 (length 179)
prokka_ANT_1/ANT_1:Prokka:ANT_1_02440 (length 197)
prokka_ANT_1/ANT_1:Prokka:ANT_1_02441 (length 378)
prokka_ANT_1/ANT_1:Prokka:ANT_1_45 (length 6221)
prokka_ANT_1/ANT_1:Prokka:ANT_1_02442 (length 79)
prokka_ANT_1/ANT_1:Prokka:ANT_1_02443 (length 71)
prokka_ANT_1/ANT_1:Prokka:ANT_1_02444 (length 29)
prokka_ANT_1/ANT_1:Prokka:ANT_1_02445 (length 139)
prokka_ANT_1/ANT_1:Prokka:ANT_1_02446 (length 153)
prokka_ANT_1/ANT_1:Prokka:ANT_1_02447 (length 336)
prokka_ANT_1/ANT_1:Prokka:ANT_1_02448 (length 107)
prokka_ANT_1/ANT_1:Prokka:ANT_1_02449 (length 83)
prokka_ANT_1/ANT_1:Prokka:ANT_1_46 (length 73892)
prokka_ANT_1/ANT_1:Prokka:ANT_1_02450 (length 62)
prokka_ANT_1/ANT_1:Prokka:ANT_1_02451 (length 785)
prokka_ANT_1/ANT_1:Prokka:ANT_1_02452 (length 90)
prokka_ANT_1/ANT_1:Prokka:ANT_1_02453 (length 623)
prokka_ANT_1/ANT_1:Prokka:ANT_1_02454 (length 112)
prokka_ANT_1/ANT_1:Prokka:ANT_1_02455 (length 130)
prokka_ANT_1/ANT_1:Prokka:ANT_1_02456 (length 231)
prokka_ANT_1/ANT_1:Prokka:ANT_1_02457 (length 566)
prokka_ANT_1/ANT_1:Prokka:ANT_1_02458 (length 271)
prokka_ANT_1/ANT_1:Prokka:ANT_1_02459 (length 310)
prokka_ANT_1/ANT_1:Prokka:ANT_1_02460 (length 157)
prokka_ANT_1/ANT_1:Prokka:ANT_1_02461 (length 590)
prokka_ANT_1/ANT_1:Prokka:ANT_1_02462 (length 587)
prokka_ANT_1/ANT_1:Prokka:ANT_1_02463 (length 112)
prokka_ANT_1/ANT_1:Prokka:ANT_1_02464 (length 428)
prokka_ANT_1/ANT_1:Prokka:ANT_1_02465 (length 286)
prokka_ANT_1/ANT_1:Prokka:ANT_1_02466 (length 185)
prokka_ANT_1/ANT_1:Prokka:ANT_1_02467 (length 133)
prokka_ANT_1/ANT_1:Prokka:ANT_1_02468 (length 72)
prokka_ANT_1/ANT_1:Prokka:ANT_1_02469 (length 126)
prokka_ANT_1/ANT_1:Prokka:ANT_1_02470 (length 83)
prokka_ANT_1/ANT_1:Prokka:ANT_1_02471 (length 276)
prokka_ANT_1/ANT_1:Prokka:ANT_1_02472 (length 289)
prokka_ANT_1/ANT_1:Prokka:ANT_1_02473 (length 292)
prokka_ANT_1/ANT_1:Prokka:ANT_1_02474 (length 343)
prokka_ANT_1/ANT_1:Prokka:ANT_1_02475 (length 47)
prokka_ANT_1/ANT_1:Prokka:ANT_1_02476 (length 86)
prokka_ANT_1/ANT_1:Prokka:ANT_1_02477 (length 1050)
prokka_ANT_1/ANT_1:Prokka:ANT_1_02478 (length 399)
prokka_ANT_1/ANT_1:Prokka:ANT_1_02479 (length 212)
prokka_ANT_1/ANT_1:Prokka:ANT_1_02480 (length 49)
prokka_ANT_1/ANT_1:Prokka:ANT_1_02481 (length 81)
prokka_ANT_1/ANT_1:Prokka:ANT_1_02482 (length 178)
prokka_ANT_1/ANT_1:Prokka:ANT_1_02483 (length 125)
prokka_ANT_1/ANT_1:Prokka:ANT_1_02484 (length 183)
prokka_ANT_1/ANT_1:Prokka:ANT_1_02485 (length 199)
prokka_ANT_1/ANT_1:Prokka:ANT_1_02486 (length 644)
prokka_ANT_1/ANT_1:Prokka:ANT_1_02487 (length 109)
prokka_ANT_1/ANT_1:Prokka:ANT_1_02488 (length 201)
prokka_ANT_1/ANT_1:Prokka:ANT_1_02489 (length 624)
prokka_ANT_1/ANT_1:Prokka:ANT_1_02490 (length 291)
prokka_ANT_1/ANT_1:Prokka:ANT_1_02491 (length 234)
prokka_ANT_1/ANT_1:Prokka:ANT_1_02492 (length 98)
prokka_ANT_1/ANT_1:Prokka:ANT_1_02493 (length 297)
prokka_ANT_1/ANT_1:Prokka:ANT_1_02494 (length 214)
prokka_ANT_1/ANT_1:Prokka:ANT_1_02495 (length 319)
prokka_ANT_1/ANT_1:Prokka:ANT_1_02496 (length 434)
prokka_ANT_1/ANT_1:Prokka:ANT_1_02497 (length 560)
prokka_ANT_1/ANT_1:Prokka:ANT_1_02498 (length 399)
prokka_ANT_1/ANT_1:Prokka:ANT_1_02499 (length 578)
prokka_ANT_1/ANT_1:Prokka:ANT_1_02500 (length 144)
prokka_ANT_1/ANT_1:Prokka:ANT_1_02501 (length 288)
prokka_ANT_1/ANT_1:Prokka:ANT_1_02502 (length 159)
prokka_ANT_1/ANT_1:Prokka:ANT_1_02503 (length 267)
prokka_ANT_1/ANT_1:Prokka:ANT_1_02504 (length 838)
prokka_ANT_1/ANT_1:Prokka:ANT_1_02505 (length 136)
prokka_ANT_1/ANT_1:Prokka:ANT_1_02506 (length 151)
prokka_ANT_1/ANT_1:Prokka:ANT_1_02507 (length 304)
prokka_ANT_1/ANT_1:Prokka:ANT_1_02508 (length 287)
prokka_ANT_1/ANT_1:Prokka:ANT_1_02509 (length 81)
prokka_ANT_1/ANT_1:Prokka:ANT_1_02510 (length 89)
prokka_ANT_1/ANT_1:Prokka:ANT_1_02511 (length 266)
prokka_ANT_1/ANT_1:Prokka:ANT_1_02512 (length 285)
prokka_ANT_1/ANT_1:Prokka:ANT_1_02513 (length 256)
prokka_ANT_1/ANT_1:Prokka:ANT_1_02514 (length 188)
prokka_ANT_1/ANT_1:Prokka:ANT_1_02515 (length 228)
prokka_ANT_1/ANT_1:Prokka:ANT_1_02516 (length 805)
prokka_ANT_1/ANT_1:Prokka:ANT_1_02517 (length 245)
prokka_ANT_1/ANT_1:Prokka:ANT_1_02518 (length 61)
prokka_ANT_1/ANT_1:Prokka:ANT_1_02519 (length 355)
prokka_ANT_1/ANT_1:Prokka:ANT_1_02520 (length 169)
prokka_ANT_1/ANT_1:Prokka:ANT_1_02521 (length 238)
prokka_ANT_1/ANT_1:Prokka:ANT_1_02522 (length 164)
prokka_ANT_1/ANT_1:Prokka:ANT_1_02523 (length 462)
prokka_ANT_1/ANT_1:Prokka:ANT_1_02524 (length 70)
prokka_ANT_1/ANT_1:Prokka:ANT_1_02525 (length 288)
prokka_ANT_1/ANT_1:Prokka:ANT_1_02526 (length 105)
prokka_ANT_1/ANT_1:Prokka:ANT_1_47 (length 30611)
prokka_ANT_1/ANT_1:Prokka:ANT_1_02528 (length 529)
prokka_ANT_1/ANT_1:Prokka:ANT_1_02529 (length 426)
prokka_ANT_1/ANT_1:Prokka:ANT_1_02530 (length 221)
prokka_ANT_1/ANT_1:Prokka:ANT_1_02531 (length 90)
prokka_ANT_1/ANT_1:Prokka:ANT_1_02532 (length 196)
prokka_ANT_1/ANT_1:Prokka:ANT_1_02533 (length 221)
prokka_ANT_1/ANT_1:Prokka:ANT_1_02534 (length 355)
prokka_ANT_1/ANT_1:Prokka:ANT_1_02535 (length 235)
prokka_ANT_1/ANT_1:Prokka:ANT_1_02536 (length 258)
prokka_ANT_1/ANT_1:Prokka:ANT_1_02537 (length 168)
prokka_ANT_1/ANT_1:Prokka:ANT_1_02538 (length 649)
prokka_ANT_1/ANT_1:Prokka:ANT_1_02539 (length 214)
prokka_ANT_1/ANT_1:Prokka:ANT_1_02540 (length 495)
prokka_ANT_1/ANT_1:Prokka:ANT_1_02541 (length 62)
prokka_ANT_1/ANT_1:Prokka:ANT_1_02542 (length 140)
prokka_ANT_1/ANT_1:Prokka:ANT_1_02543 (length 353)
prokka_ANT_1/ANT_1:Prokka:ANT_1_02544 (length 353)
prokka_ANT_1/ANT_1:Prokka:ANT_1_02545 (length 1407)
prokka_ANT_1/ANT_1:Prokka:ANT_1_02546 (length 1342)
prokka_ANT_1/ANT_1:Prokka:ANT_1_02547 (length 121)
prokka_ANT_1/ANT_1:Prokka:ANT_1_02548 (length 167)
prokka_ANT_1/ANT_1:Prokka:ANT_1_02549 (length 234)
prokka_ANT_1/ANT_1:Prokka:ANT_1_02550 (length 142)
prokka_ANT_1/ANT_1:Prokka:ANT_1_02551 (length 181)
prokka_ANT_1/ANT_1:Prokka:ANT_1_02552 (length 127)
prokka_ANT_1/ANT_1:Prokka:ANT_1_02553 (length 134)
prokka_ANT_1/ANT_1:Prokka:ANT_1_48 (length 4652)
prokka_ANT_1/ANT_1:Prokka:ANT_1_02554 (length 313)
prokka_ANT_1/ANT_1:Prokka:ANT_1_02555 (length 368)
prokka_ANT_1/ANT_1:Prokka:ANT_1_02556 (length 233)
prokka_ANT_1/ANT_1:Prokka:ANT_1_02557 (length 260)
prokka_ANT_1/ANT_1:Prokka:ANT_1_02558 (length 251)
prokka_ANT_1/ANT_1:Prokka:ANT_1_49 (length 18155)
prokka_ANT_1/ANT_1:Prokka:ANT_1_02559 (length 243)
prokka_ANT_1/ANT_1:Prokka:ANT_1_02560 (length 571)
prokka_ANT_1/ANT_1:Prokka:ANT_1_02561 (length 600)
prokka_ANT_1/ANT_1:Prokka:ANT_1_02562 (length 119)
prokka_ANT_1/ANT_1:Prokka:ANT_1_02563 (length 232)
prokka_ANT_1/ANT_1:Prokka:ANT_1_02564 (length 255)
prokka_ANT_1/ANT_1:Prokka:ANT_1_02565 (length 257)
prokka_ANT_1/ANT_1:Prokka:ANT_1_02566 (length 307)
prokka_ANT_1/ANT_1:Prokka:ANT_1_02567 (length 290)
prokka_ANT_1/ANT_1:Prokka:ANT_1_02568 (length 223)
prokka_ANT_1/ANT_1:Prokka:ANT_1_02569 (length 555)
prokka_ANT_1/ANT_1:Prokka:ANT_1_02570 (length 628)
prokka_ANT_1/ANT_1:Prokka:ANT_1_02571 (length 431)
prokka_ANT_1/ANT_1:Prokka:ANT_1_02572 (length 545)
prokka_ANT_1/ANT_1:Prokka:ANT_1_02573 (length 260)
prokka_ANT_1/ANT_1:Prokka:ANT_1_50 (length 1074)
prokka_ANT_1/ANT_1:Prokka:ANT_1_02574 (length 221)
prokka_ANT_1/ANT_1:Prokka:ANT_1_51 (length 33553)
prokka_ANT_1/ANT_1:Prokka:ANT_1_02575 (length 171)
prokka_ANT_1/ANT_1:Prokka:ANT_1_02576 (length 182)
prokka_ANT_1/ANT_1:Prokka:ANT_1_02577 (length 407)
prokka_ANT_1/ANT_1:Prokka:ANT_1_02578 (length 245)
prokka_ANT_1/ANT_1:Prokka:ANT_1_02579 (length 295)
prokka_ANT_1/ANT_1:Prokka:ANT_1_02580 (length 444)
prokka_ANT_1/ANT_1:Prokka:ANT_1_02581 (length 513)
prokka_ANT_1/ANT_1:Prokka:ANT_1_02582 (length 394)
prokka_ANT_1/ANT_1:Prokka:ANT_1_02583 (length 138)
prokka_ANT_1/ANT_1:Prokka:ANT_1_02584 (length 249)
prokka_ANT_1/ANT_1:Prokka:ANT_1_02585 (length 259)
prokka_ANT_1/ANT_1:Prokka:ANT_1_02586 (length 364)
prokka_ANT_1/ANT_1:Prokka:ANT_1_02587 (length 259)
prokka_ANT_1/ANT_1:Prokka:ANT_1_02588 (length 536)
prokka_ANT_1/ANT_1:Prokka:ANT_1_02589 (length 208)
prokka_ANT_1/ANT_1:Prokka:ANT_1_02590 (length 297)
prokka_ANT_1/ANT_1:Prokka:ANT_1_02591 (length 259)
prokka_ANT_1/ANT_1:Prokka:ANT_1_02592 (length 354)
prokka_ANT_1/ANT_1:Prokka:ANT_1_02593 (length 302)
prokka_ANT_1/ANT_1:Prokka:ANT_1_02594 (length 270)
prokka_ANT_1/ANT_1:Prokka:ANT_1_02595 (length 46)
prokka_ANT_1/ANT_1:Prokka:ANT_1_02596 (length 508)
prokka_ANT_1/ANT_1:Prokka:ANT_1_02597 (length 366)
prokka_ANT_1/ANT_1:Prokka:ANT_1_02598 (length 366)
prokka_ANT_1/ANT_1:Prokka:ANT_1_02599 (length 283)
prokka_ANT_1/ANT_1:Prokka:ANT_1_02600 (length 332)
prokka_ANT_1/ANT_1:Prokka:ANT_1_02601 (length 156)
prokka_ANT_1/ANT_1:Prokka:ANT_1_02602 (length 431)
prokka_ANT_1/ANT_1:Prokka:ANT_1_02603 (length 493)
prokka_ANT_1/ANT_1:Prokka:ANT_1_02604 (length 220)
prokka_ANT_1/ANT_1:Prokka:ANT_1_02605 (length 285)
prokka_ANT_1/ANT_1:Prokka:ANT_1_02606 (length 232)
prokka_ANT_1/ANT_1:Prokka:ANT_1_52 (length 2056)
prokka_ANT_1/ANT_1:Prokka:ANT_1_02607 (length 287)
prokka_ANT_1/ANT_1:Prokka:ANT_1_53 (length 11992)
prokka_ANT_1/ANT_1:Prokka:ANT_1_02608 (length 200)
prokka_ANT_1/ANT_1:Prokka:ANT_1_02609 (length 300)
prokka_ANT_1/ANT_1:Prokka:ANT_1_02610 (length 160)
prokka_ANT_1/ANT_1:Prokka:ANT_1_02611 (length 410)
prokka_ANT_1/ANT_1:Prokka:ANT_1_02612 (length 199)
prokka_ANT_1/ANT_1:Prokka:ANT_1_02613 (length 408)
prokka_ANT_1/ANT_1:Prokka:ANT_1_02614 (length 475)
prokka_ANT_1/ANT_1:Prokka:ANT_1_02615 (length 432)
prokka_ANT_1/ANT_1:Prokka:ANT_1_02616 (length 183)
prokka_ANT_1/ANT_1:Prokka:ANT_1_02617 (length 336)
prokka_ANT_1/ANT_1:Prokka:ANT_1_02618 (length 29)
prokka_ANT_1/ANT_1:Prokka:ANT_1_02619 (length 261)
prokka_ANT_1/ANT_1:Prokka:ANT_1_54 (length 15913)
prokka_ANT_1/ANT_1:Prokka:ANT_1_02620 (length 711)
prokka_ANT_1/ANT_1:Prokka:ANT_1_02621 (length 207)
prokka_ANT_1/ANT_1:Prokka:ANT_1_02622 (length 158)
prokka_ANT_1/ANT_1:Prokka:ANT_1_02623 (length 670)
prokka_ANT_1/ANT_1:Prokka:ANT_1_02624 (length 255)
prokka_ANT_1/ANT_1:Prokka:ANT_1_02625 (length 254)
prokka_ANT_1/ANT_1:Prokka:ANT_1_02626 (length 119)
prokka_ANT_1/ANT_1:Prokka:ANT_1_02627 (length 381)
prokka_ANT_1/ANT_1:Prokka:ANT_1_02628 (length 1140)
prokka_ANT_1/ANT_1:Prokka:ANT_1_02629 (length 532)
prokka_ANT_1/ANT_1:Prokka:ANT_1_02630 (length 210)
prokka_ANT_1/ANT_1:Prokka:ANT_1_02631 (length 75)
prokka_ANT_1/ANT_1:Prokka:ANT_1_55 (length 1774)
prokka_ANT_1/ANT_1:Prokka:ANT_1_02632 (length 468)
prokka_ANT_1/ANT_1:Prokka:ANT_1_56 (length 5725)
prokka_ANT_1/ANT_1:Prokka:ANT_1_02633 (length 55)
prokka_ANT_1/ANT_1:Prokka:ANT_1_02634 (length 208)
prokka_ANT_1/ANT_1:Prokka:ANT_1_02635 (length 622)
prokka_ANT_1/ANT_1:Prokka:ANT_1_02636 (length 287)
prokka_ANT_1/ANT_1:Prokka:ANT_1_02637 (length 325)
prokka_ANT_1/ANT_1:Prokka:ANT_1_02638 (length 306)
prokka_ANT_1/ANT_1:Prokka:ANT_1_57 (length 64558)
prokka_ANT_1/ANT_1:Prokka:ANT_1_02639 (length 73)
prokka_ANT_1/ANT_1:Prokka:ANT_1_02640 (length 525)
prokka_ANT_1/ANT_1:Prokka:ANT_1_02641 (length 64)
prokka_ANT_1/ANT_1:Prokka:ANT_1_02642 (length 67)
prokka_ANT_1/ANT_1:Prokka:ANT_1_02643 (length 81)
prokka_ANT_1/ANT_1:Prokka:ANT_1_02644 (length 350)
prokka_ANT_1/ANT_1:Prokka:ANT_1_02645 (length 76)
prokka_ANT_1/ANT_1:Prokka:ANT_1_02646 (length 194)
prokka_ANT_1/ANT_1:Prokka:ANT_1_02647 (length 80)
prokka_ANT_1/ANT_1:Prokka:ANT_1_02648 (length 296)
prokka_ANT_1/ANT_1:Prokka:ANT_1_02649 (length 56)
prokka_ANT_1/ANT_1:Prokka:ANT_1_02650 (length 97)
prokka_ANT_1/ANT_1:Prokka:ANT_1_02651 (length 65)
prokka_ANT_1/ANT_1:Prokka:ANT_1_02652 (length 249)
prokka_ANT_1/ANT_1:Prokka:ANT_1_02653 (length 125)
prokka_ANT_1/ANT_1:Prokka:ANT_1_02654 (length 237)
prokka_ANT_1/ANT_1:Prokka:ANT_1_02655 (length 307)
prokka_ANT_1/ANT_1:Prokka:ANT_1_02656 (length 272)
prokka_ANT_1/ANT_1:Prokka:ANT_1_02657 (length 628)
prokka_ANT_1/ANT_1:Prokka:ANT_1_02658 (length 449)
prokka_ANT_1/ANT_1:Prokka:ANT_1_02659 (length 378)
prokka_ANT_1/ANT_1:Prokka:ANT_1_02660 (length 418)
prokka_ANT_1/ANT_1:Prokka:ANT_1_02661 (length 208)
prokka_ANT_1/ANT_1:Prokka:ANT_1_02662 (length 417)
prokka_ANT_1/ANT_1:Prokka:ANT_1_02663 (length 367)
prokka_ANT_1/ANT_1:Prokka:ANT_1_02664 (length 374)
prokka_ANT_1/ANT_1:Prokka:ANT_1_02665 (length 133)
prokka_ANT_1/ANT_1:Prokka:ANT_1_02666 (length 416)
prokka_ANT_1/ANT_1:Prokka:ANT_1_02667 (length 152)
prokka_ANT_1/ANT_1:Prokka:ANT_1_02668 (length 489)
prokka_ANT_1/ANT_1:Prokka:ANT_1_02669 (length 351)
prokka_ANT_1/ANT_1:Prokka:ANT_1_02670 (length 244)
prokka_ANT_1/ANT_1:Prokka:ANT_1_02671 (length 255)
prokka_ANT_1/ANT_1:Prokka:ANT_1_02672 (length 193)
prokka_ANT_1/ANT_1:Prokka:ANT_1_02673 (length 814)
prokka_ANT_1/ANT_1:Prokka:ANT_1_02674 (length 399)
prokka_ANT_1/ANT_1:Prokka:ANT_1_02675 (length 341)
prokka_ANT_1/ANT_1:Prokka:ANT_1_02676 (length 180)
prokka_ANT_1/ANT_1:Prokka:ANT_1_02677 (length 229)
prokka_ANT_1/ANT_1:Prokka:ANT_1_02678 (length 204)
prokka_ANT_1/ANT_1:Prokka:ANT_1_02679 (length 386)
prokka_ANT_1/ANT_1:Prokka:ANT_1_02680 (length 256)
prokka_ANT_1/ANT_1:Prokka:ANT_1_02681 (length 110)
prokka_ANT_1/ANT_1:Prokka:ANT_1_02682 (length 164)
prokka_ANT_1/ANT_1:Prokka:ANT_1_02683 (length 418)
prokka_ANT_1/ANT_1:Prokka:ANT_1_02684 (length 412)
prokka_ANT_1/ANT_1:Prokka:ANT_1_02685 (length 245)
prokka_ANT_1/ANT_1:Prokka:ANT_1_02686 (length 218)
prokka_ANT_1/ANT_1:Prokka:ANT_1_02687 (length 221)
prokka_ANT_1/ANT_1:Prokka:ANT_1_02688 (length 261)
prokka_ANT_1/ANT_1:Prokka:ANT_1_02689 (length 279)
prokka_ANT_1/ANT_1:Prokka:ANT_1_02690 (length 528)
prokka_ANT_1/ANT_1:Prokka:ANT_1_02691 (length 62)
prokka_ANT_1/ANT_1:Prokka:ANT_1_02692 (length 467)
prokka_ANT_1/ANT_1:Prokka:ANT_1_02693 (length 127)
prokka_ANT_1/ANT_1:Prokka:ANT_1_02694 (length 101)
prokka_ANT_1/ANT_1:Prokka:ANT_1_02695 (length 235)
prokka_ANT_1/ANT_1:Prokka:ANT_1_02696 (length 234)
prokka_ANT_1/ANT_1:Prokka:ANT_1_02697 (length 234)
prokka_ANT_1/ANT_1:Prokka:ANT_1_02698 (length 234)
prokka_ANT_1/ANT_1:Prokka:ANT_1_02699 (length 319)
prokka_ANT_1/ANT_1:Prokka:ANT_1_02700 (length 246)
prokka_ANT_1/ANT_1:Prokka:ANT_1_02701 (length 237)
prokka_ANT_1/ANT_1:Prokka:ANT_1_02702 (length 499)
prokka_ANT_1/ANT_1:Prokka:ANT_1_02704 (length 250)
prokka_ANT_1/ANT_1:Prokka:ANT_1_02705 (length 155)
prokka_ANT_1/ANT_1:Prokka:ANT_1_02706 (length 240)
prokka_ANT_1/ANT_1:Prokka:ANT_1_02707 (length 251)
prokka_ANT_1/ANT_1:Prokka:ANT_1_02708 (length 460)
prokka_ANT_1/ANT_1:Prokka:ANT_1_02709 (length 254)
prokka_ANT_1/ANT_1:Prokka:ANT_1_02710 (length 267)
prokka_ANT_1/ANT_1:Prokka:ANT_1_58 (length 1886)
prokka_ANT_1/ANT_1:Prokka:ANT_1_02712 (length 248)
prokka_ANT_1/ANT_1:Prokka:ANT_1_59 (length 18273)
prokka_ANT_1/ANT_1:Prokka:ANT_1_02713 (length 615)
prokka_ANT_1/ANT_1:Prokka:ANT_1_02714 (length 204)
prokka_ANT_1/ANT_1:Prokka:ANT_1_02715 (length 330)
prokka_ANT_1/ANT_1:Prokka:ANT_1_02716 (length 114)
prokka_ANT_1/ANT_1:Prokka:ANT_1_02717 (length 121)
prokka_ANT_1/ANT_1:Prokka:ANT_1_02718 (length 208)
prokka_ANT_1/ANT_1:Prokka:ANT_1_02719 (length 206)
prokka_ANT_1/ANT_1:Prokka:ANT_1_02720 (length 162)
prokka_ANT_1/ANT_1:Prokka:ANT_1_02721 (length 889)
prokka_ANT_1/ANT_1:Prokka:ANT_1_02722 (length 181)
prokka_ANT_1/ANT_1:Prokka:ANT_1_02723 (length 125)
prokka_ANT_1/ANT_1:Prokka:ANT_1_02724 (length 174)
prokka_ANT_1/ANT_1:Prokka:ANT_1_02725 (length 467)
prokka_ANT_1/ANT_1:Prokka:ANT_1_02726 (length 243)
prokka_ANT_1/ANT_1:Prokka:ANT_1_02727 (length 199)
prokka_ANT_1/ANT_1:Prokka:ANT_1_02728 (length 100)
prokka_ANT_1/ANT_1:Prokka:ANT_1_02729 (length 143)
prokka_ANT_1/ANT_1:Prokka:ANT_1_02730 (length 202)
prokka_ANT_1/ANT_1:Prokka:ANT_1_02731 (length 129)
prokka_ANT_1/ANT_1:Prokka:ANT_1_02732 (length 183)
prokka_ANT_1/ANT_1:Prokka:ANT_1_02733 (length 103)
prokka_ANT_1/ANT_1:Prokka:ANT_1_02734 (length 273)
prokka_ANT_1/ANT_1:Prokka:ANT_1_02735 (length 44)
prokka_ANT_1/ANT_1:Prokka:ANT_1_60 (length 71145)
prokka_ANT_1/ANT_1:Prokka:ANT_1_02736 (length 404)
prokka_ANT_1/ANT_1:Prokka:ANT_1_02737 (length 215)
prokka_ANT_1/ANT_1:Prokka:ANT_1_02738 (length 366)
prokka_ANT_1/ANT_1:Prokka:ANT_1_02739 (length 274)
prokka_ANT_1/ANT_1:Prokka:ANT_1_02740 (length 80)
prokka_ANT_1/ANT_1:Prokka:ANT_1_02741 (length 192)
prokka_ANT_1/ANT_1:Prokka:ANT_1_02742 (length 161)
prokka_ANT_1/ANT_1:Prokka:ANT_1_02743 (length 160)
prokka_ANT_1/ANT_1:Prokka:ANT_1_02744 (length 582)
prokka_ANT_1/ANT_1:Prokka:ANT_1_02745 (length 185)
prokka_ANT_1/ANT_1:Prokka:ANT_1_02746 (length 942)
prokka_ANT_1/ANT_1:Prokka:ANT_1_02747 (length 350)
prokka_ANT_1/ANT_1:Prokka:ANT_1_02748 (length 105)
prokka_ANT_1/ANT_1:Prokka:ANT_1_02749 (length 139)
prokka_ANT_1/ANT_1:Prokka:ANT_1_02750 (length 397)
prokka_ANT_1/ANT_1:Prokka:ANT_1_02751 (length 205)
prokka_ANT_1/ANT_1:Prokka:ANT_1_02752 (length 159)
prokka_ANT_1/ANT_1:Prokka:ANT_1_02753 (length 471)
prokka_ANT_1/ANT_1:Prokka:ANT_1_02754 (length 326)
prokka_ANT_1/ANT_1:Prokka:ANT_1_02755 (length 77)
prokka_ANT_1/ANT_1:Prokka:ANT_1_02756 (length 331)
prokka_ANT_1/ANT_1:Prokka:ANT_1_02757 (length 442)
prokka_ANT_1/ANT_1:Prokka:ANT_1_02758 (length 171)
prokka_ANT_1/ANT_1:Prokka:ANT_1_02759 (length 69)
prokka_ANT_1/ANT_1:Prokka:ANT_1_02760 (length 438)
prokka_ANT_1/ANT_1:Prokka:ANT_1_02761 (length 202)
prokka_ANT_1/ANT_1:Prokka:ANT_1_02762 (length 122)
prokka_ANT_1/ANT_1:Prokka:ANT_1_02763 (length 810)
prokka_ANT_1/ANT_1:Prokka:ANT_1_02764 (length 289)
prokka_ANT_1/ANT_1:Prokka:ANT_1_02765 (length 172)
prokka_ANT_1/ANT_1:Prokka:ANT_1_02766 (length 138)
prokka_ANT_1/ANT_1:Prokka:ANT_1_02767 (length 697)
prokka_ANT_1/ANT_1:Prokka:ANT_1_02768 (length 251)
prokka_ANT_1/ANT_1:Prokka:ANT_1_02769 (length 231)
prokka_ANT_1/ANT_1:Prokka:ANT_1_02770 (length 88)
prokka_ANT_1/ANT_1:Prokka:ANT_1_02771 (length 547)
prokka_ANT_1/ANT_1:Prokka:ANT_1_02772 (length 450)
prokka_ANT_1/ANT_1:Prokka:ANT_1_02773 (length 305)
prokka_ANT_1/ANT_1:Prokka:ANT_1_02774 (length 541)
prokka_ANT_1/ANT_1:Prokka:ANT_1_02775 (length 177)
prokka_ANT_1/ANT_1:Prokka:ANT_1_02776 (length 243)
prokka_ANT_1/ANT_1:Prokka:ANT_1_02777 (length 822)
prokka_ANT_1/ANT_1:Prokka:ANT_1_02778 (length 347)
prokka_ANT_1/ANT_1:Prokka:ANT_1_02779 (length 346)
prokka_ANT_1/ANT_1:Prokka:ANT_1_02780 (length 330)
prokka_ANT_1/ANT_1:Prokka:ANT_1_02781 (length 261)
prokka_ANT_1/ANT_1:Prokka:ANT_1_02782 (length 282)
prokka_ANT_1/ANT_1:Prokka:ANT_1_02783 (length 269)
prokka_ANT_1/ANT_1:Prokka:ANT_1_02784 (length 352)
prokka_ANT_1/ANT_1:Prokka:ANT_1_02785 (length 244)
prokka_ANT_1/ANT_1:Prokka:ANT_1_02786 (length 1228)
prokka_ANT_1/ANT_1:Prokka:ANT_1_02787 (length 277)
prokka_ANT_1/ANT_1:Prokka:ANT_1_02788 (length 589)
prokka_ANT_1/ANT_1:Prokka:ANT_1_02789 (length 434)
prokka_ANT_1/ANT_1:Prokka:ANT_1_02790 (length 532)
prokka_ANT_1/ANT_1:Prokka:ANT_1_02791 (length 309)
prokka_ANT_1/ANT_1:Prokka:ANT_1_02792 (length 194)
prokka_ANT_1/ANT_1:Prokka:ANT_1_61 (length 3993)
prokka_ANT_1/ANT_1:Prokka:ANT_1_02795 (length 66)
prokka_ANT_1/ANT_1:Prokka:ANT_1_02796 (length 655)
prokka_ANT_1/ANT_1:Prokka:ANT_1_02797 (length 92)
prokka_ANT_1/ANT_1:Prokka:ANT_1_02798 (length 107)
prokka_ANT_1/ANT_1:Prokka:ANT_1_62 (length 63032)
prokka_ANT_1/ANT_1:Prokka:ANT_1_02799 (length 122)
prokka_ANT_1/ANT_1:Prokka:ANT_1_02800 (length 1178)
prokka_ANT_1/ANT_1:Prokka:ANT_1_02801 (length 961)
prokka_ANT_1/ANT_1:Prokka:ANT_1_02802 (length 1122)
prokka_ANT_1/ANT_1:Prokka:ANT_1_02803 (length 105)
prokka_ANT_1/ANT_1:Prokka:ANT_1_02804 (length 137)
prokka_ANT_1/ANT_1:Prokka:ANT_1_02805 (length 181)
prokka_ANT_1/ANT_1:Prokka:ANT_1_02806 (length 153)
prokka_ANT_1/ANT_1:Prokka:ANT_1_02807 (length 264)
prokka_ANT_1/ANT_1:Prokka:ANT_1_02808 (length 292)
prokka_ANT_1/ANT_1:Prokka:ANT_1_02809 (length 748)
prokka_ANT_1/ANT_1:Prokka:ANT_1_02810 (length 175)
prokka_ANT_1/ANT_1:Prokka:ANT_1_02811 (length 228)
prokka_ANT_1/ANT_1:Prokka:ANT_1_02812 (length 236)
prokka_ANT_1/ANT_1:Prokka:ANT_1_02813 (length 71)
prokka_ANT_1/ANT_1:Prokka:ANT_1_02814 (length 346)
prokka_ANT_1/ANT_1:Prokka:ANT_1_02815 (length 277)
prokka_ANT_1/ANT_1:Prokka:ANT_1_02816 (length 401)
prokka_ANT_1/ANT_1:Prokka:ANT_1_02817 (length 718)
prokka_ANT_1/ANT_1:Prokka:ANT_1_02818 (length 468)
prokka_ANT_1/ANT_1:Prokka:ANT_1_02819 (length 1042)
prokka_ANT_1/ANT_1:Prokka:ANT_1_02820 (length 374)
prokka_ANT_1/ANT_1:Prokka:ANT_1_02821 (length 573)
prokka_ANT_1/ANT_1:Prokka:ANT_1_02822 (length 68)
prokka_ANT_1/ANT_1:Prokka:ANT_1_02823 (length 755)
prokka_ANT_1/ANT_1:Prokka:ANT_1_02824 (length 333)
prokka_ANT_1/ANT_1:Prokka:ANT_1_02825 (length 153)
prokka_ANT_1/ANT_1:Prokka:ANT_1_02826 (length 257)
prokka_ANT_1/ANT_1:Prokka:ANT_1_02827 (length 105)
prokka_ANT_1/ANT_1:Prokka:ANT_1_02828 (length 475)
prokka_ANT_1/ANT_1:Prokka:ANT_1_02829 (length 444)
prokka_ANT_1/ANT_1:Prokka:ANT_1_02830 (length 103)
prokka_ANT_1/ANT_1:Prokka:ANT_1_02831 (length 417)
prokka_ANT_1/ANT_1:Prokka:ANT_1_02832 (length 306)
prokka_ANT_1/ANT_1:Prokka:ANT_1_02833 (length 387)
prokka_ANT_1/ANT_1:Prokka:ANT_1_02834 (length 207)
prokka_ANT_1/ANT_1:Prokka:ANT_1_02835 (length 506)
prokka_ANT_1/ANT_1:Prokka:ANT_1_02836 (length 293)
prokka_ANT_1/ANT_1:Prokka:ANT_1_02837 (length 207)
prokka_ANT_1/ANT_1:Prokka:ANT_1_02838 (length 40)
prokka_ANT_1/ANT_1:Prokka:ANT_1_02839 (length 572)
prokka_ANT_1/ANT_1:Prokka:ANT_1_02840 (length 234)
prokka_ANT_1/ANT_1:Prokka:ANT_1_02841 (length 322)
prokka_ANT_1/ANT_1:Prokka:ANT_1_02842 (length 172)
prokka_ANT_1/ANT_1:Prokka:ANT_1_02843 (length 453)
prokka_ANT_1/ANT_1:Prokka:ANT_1_02844 (length 472)
prokka_ANT_1/ANT_1:Prokka:ANT_1_02845 (length 231)
prokka_ANT_1/ANT_1:Prokka:ANT_1_02846 (length 121)
prokka_ANT_1/ANT_1:Prokka:ANT_1_02847 (length 92)
prokka_ANT_1/ANT_1:Prokka:ANT_1_02848 (length 328)
prokka_ANT_1/ANT_1:Prokka:ANT_1_02849 (length 217)
prokka_ANT_1/ANT_1:Prokka:ANT_1_02850 (length 247)
prokka_ANT_1/ANT_1:Prokka:ANT_1_63 (length 24932)
prokka_ANT_1/ANT_1:Prokka:ANT_1_02851 (length 97)
prokka_ANT_1/ANT_1:Prokka:ANT_1_02852 (length 391)
prokka_ANT_1/ANT_1:Prokka:ANT_1_02853 (length 104)
prokka_ANT_1/ANT_1:Prokka:ANT_1_02854 (length 85)
prokka_ANT_1/ANT_1:Prokka:ANT_1_02855 (length 271)
prokka_ANT_1/ANT_1:Prokka:ANT_1_02856 (length 185)
prokka_ANT_1/ANT_1:Prokka:ANT_1_02857 (length 163)
prokka_ANT_1/ANT_1:Prokka:ANT_1_02858 (length 114)
prokka_ANT_1/ANT_1:Prokka:ANT_1_02859 (length 272)
prokka_ANT_1/ANT_1:Prokka:ANT_1_02860 (length 297)
prokka_ANT_1/ANT_1:Prokka:ANT_1_02861 (length 431)
prokka_ANT_1/ANT_1:Prokka:ANT_1_02862 (length 369)
prokka_ANT_1/ANT_1:Prokka:ANT_1_02863 (length 404)
prokka_ANT_1/ANT_1:Prokka:ANT_1_02864 (length 521)
prokka_ANT_1/ANT_1:Prokka:ANT_1_02865 (length 296)
prokka_ANT_1/ANT_1:Prokka:ANT_1_02866 (length 262)
prokka_ANT_1/ANT_1:Prokka:ANT_1_02867 (length 695)
prokka_ANT_1/ANT_1:Prokka:ANT_1_02868 (length 800)
prokka_ANT_1/ANT_1:Prokka:ANT_1_02869 (length 908)
prokka_ANT_1/ANT_1:Prokka:ANT_1_02870 (length 180)
prokka_ANT_1/ANT_1:Prokka:ANT_1_02871 (length 163)
prokka_ANT_1/ANT_1:Prokka:ANT_1_02872 (length 174)
prokka_ANT_1/ANT_1:Prokka:ANT_1_02873 (length 119)
prokka_ANT_1/ANT_1:Prokka:ANT_1_64 (length 21690)
prokka_ANT_1/ANT_1:Prokka:ANT_1_02874 (length 123)
prokka_ANT_1/ANT_1:Prokka:ANT_1_02875 (length 101)
prokka_ANT_1/ANT_1:Prokka:ANT_1_02876 (length 130)
prokka_ANT_1/ANT_1:Prokka:ANT_1_02877 (length 93)
prokka_ANT_1/ANT_1:Prokka:ANT_1_02878 (length 129)
prokka_ANT_1/ANT_1:Prokka:ANT_1_02879 (length 328)
prokka_ANT_1/ANT_1:Prokka:ANT_1_02880 (length 44)
prokka_ANT_1/ANT_1:Prokka:ANT_1_02881 (length 300)
prokka_ANT_1/ANT_1:Prokka:ANT_1_02882 (length 234)
prokka_ANT_1/ANT_1:Prokka:ANT_1_02883 (length 373)
prokka_ANT_1/ANT_1:Prokka:ANT_1_02884 (length 865)
prokka_ANT_1/ANT_1:Prokka:ANT_1_02885 (length 210)
prokka_ANT_1/ANT_1:Prokka:ANT_1_02886 (length 447)
prokka_ANT_1/ANT_1:Prokka:ANT_1_02887 (length 65)
prokka_ANT_1/ANT_1:Prokka:ANT_1_02888 (length 168)
prokka_ANT_1/ANT_1:Prokka:ANT_1_02889 (length 477)
prokka_ANT_1/ANT_1:Prokka:ANT_1_02890 (length 191)
prokka_ANT_1/ANT_1:Prokka:ANT_1_02891 (length 287)
prokka_ANT_1/ANT_1:Prokka:ANT_1_02892 (length 673)
prokka_ANT_1/ANT_1:Prokka:ANT_1_02893 (length 130)
prokka_ANT_1/ANT_1:Prokka:ANT_1_02894 (length 196)
prokka_ANT_1/ANT_1:Prokka:ANT_1_02895 (length 190)
prokka_ANT_1/ANT_1:Prokka:ANT_1_02896 (length 160)
prokka_ANT_1/ANT_1:Prokka:ANT_1_65 (length 87878)
prokka_ANT_1/ANT_1:Prokka:ANT_1_02897 (length 67)
prokka_ANT_1/ANT_1:Prokka:ANT_1_02898 (length 280)
prokka_ANT_1/ANT_1:Prokka:ANT_1_02899 (length 358)
prokka_ANT_1/ANT_1:Prokka:ANT_1_02900 (length 191)
prokka_ANT_1/ANT_1:Prokka:ANT_1_02901 (length 146)
prokka_ANT_1/ANT_1:Prokka:ANT_1_02902 (length 239)
prokka_ANT_1/ANT_1:Prokka:ANT_1_02903 (length 222)
prokka_ANT_1/ANT_1:Prokka:ANT_1_02904 (length 391)
prokka_ANT_1/ANT_1:Prokka:ANT_1_02905 (length 150)
prokka_ANT_1/ANT_1:Prokka:ANT_1_02906 (length 659)
prokka_ANT_1/ANT_1:Prokka:ANT_1_02907 (length 686)
prokka_ANT_1/ANT_1:Prokka:ANT_1_02908 (length 156)
prokka_ANT_1/ANT_1:Prokka:ANT_1_02909 (length 168)
prokka_ANT_1/ANT_1:Prokka:ANT_1_02910 (length 438)
prokka_ANT_1/ANT_1:Prokka:ANT_1_02911 (length 377)
prokka_ANT_1/ANT_1:Prokka:ANT_1_02912 (length 308)
prokka_ANT_1/ANT_1:Prokka:ANT_1_02913 (length 282)
prokka_ANT_1/ANT_1:Prokka:ANT_1_02914 (length 443)
prokka_ANT_1/ANT_1:Prokka:ANT_1_02915 (length 554)
prokka_ANT_1/ANT_1:Prokka:ANT_1_02916 (length 284)
prokka_ANT_1/ANT_1:Prokka:ANT_1_02917 (length 317)
prokka_ANT_1/ANT_1:Prokka:ANT_1_02918 (length 534)
prokka_ANT_1/ANT_1:Prokka:ANT_1_02919 (length 425)
prokka_ANT_1/ANT_1:Prokka:ANT_1_02920 (length 222)
prokka_ANT_1/ANT_1:Prokka:ANT_1_02921 (length 489)
prokka_ANT_1/ANT_1:Prokka:ANT_1_02922 (length 485)
prokka_ANT_1/ANT_1:Prokka:ANT_1_02923 (length 45)
prokka_ANT_1/ANT_1:Prokka:ANT_1_02924 (length 402)
prokka_ANT_1/ANT_1:Prokka:ANT_1_02925 (length 318)
prokka_ANT_1/ANT_1:Prokka:ANT_1_02926 (length 305)
prokka_ANT_1/ANT_1:Prokka:ANT_1_02927 (length 343)
prokka_ANT_1/ANT_1:Prokka:ANT_1_02928 (length 494)
prokka_ANT_1/ANT_1:Prokka:ANT_1_02929 (length 307)
prokka_ANT_1/ANT_1:Prokka:ANT_1_02931 (length 75)
prokka_ANT_1/ANT_1:Prokka:ANT_1_02932 (length 462)
prokka_ANT_1/ANT_1:Prokka:ANT_1_02933 (length 225)
prokka_ANT_1/ANT_1:Prokka:ANT_1_02934 (length 278)
prokka_ANT_1/ANT_1:Prokka:ANT_1_02935 (length 160)
prokka_ANT_1/ANT_1:Prokka:ANT_1_02936 (length 232)
prokka_ANT_1/ANT_1:Prokka:ANT_1_02937 (length 179)
prokka_ANT_1/ANT_1:Prokka:ANT_1_02938 (length 736)
prokka_ANT_1/ANT_1:Prokka:ANT_1_02939 (length 501)
prokka_ANT_1/ANT_1:Prokka:ANT_1_02940 (length 287)
prokka_ANT_1/ANT_1:Prokka:ANT_1_02941 (length 285)
prokka_ANT_1/ANT_1:Prokka:ANT_1_02942 (length 323)
prokka_ANT_1/ANT_1:Prokka:ANT_1_02943 (length 497)
prokka_ANT_1/ANT_1:Prokka:ANT_1_02944 (length 346)
prokka_ANT_1/ANT_1:Prokka:ANT_1_02945 (length 326)
prokka_ANT_1/ANT_1:Prokka:ANT_1_02946 (length 361)
prokka_ANT_1/ANT_1:Prokka:ANT_1_02947 (length 336)
prokka_ANT_1/ANT_1:Prokka:ANT_1_02948 (length 494)
prokka_ANT_1/ANT_1:Prokka:ANT_1_02949 (length 333)
prokka_ANT_1/ANT_1:Prokka:ANT_1_02950 (length 349)
prokka_ANT_1/ANT_1:Prokka:ANT_1_02951 (length 286)
prokka_ANT_1/ANT_1:Prokka:ANT_1_02952 (length 189)
prokka_ANT_1/ANT_1:Prokka:ANT_1_02953 (length 263)
prokka_ANT_1/ANT_1:Prokka:ANT_1_02954 (length 476)
prokka_ANT_1/ANT_1:Prokka:ANT_1_02955 (length 298)
prokka_ANT_1/ANT_1:Prokka:ANT_1_02956 (length 357)
prokka_ANT_1/ANT_1:Prokka:ANT_1_02957 (length 105)
prokka_ANT_1/ANT_1:Prokka:ANT_1_02958 (length 352)
prokka_ANT_1/ANT_1:Prokka:ANT_1_02959 (length 113)
prokka_ANT_1/ANT_1:Prokka:ANT_1_02960 (length 391)
prokka_ANT_1/ANT_1:Prokka:ANT_1_02961 (length 475)
prokka_ANT_1/ANT_1:Prokka:ANT_1_02962 (length 454)
prokka_ANT_1/ANT_1:Prokka:ANT_1_02963 (length 65)
prokka_ANT_1/ANT_1:Prokka:ANT_1_02964 (length 472)
prokka_ANT_1/ANT_1:Prokka:ANT_1_02965 (length 254)
prokka_ANT_1/ANT_1:Prokka:ANT_1_02966 (length 185)
prokka_ANT_1/ANT_1:Prokka:ANT_1_02967 (length 425)
prokka_ANT_1/ANT_1:Prokka:ANT_1_02968 (length 275)
prokka_ANT_1/ANT_1:Prokka:ANT_1_02969 (length 299)
prokka_ANT_1/ANT_1:Prokka:ANT_1_02970 (length 435)
prokka_ANT_1/ANT_1:Prokka:ANT_1_02971 (length 363)
prokka_ANT_1/ANT_1:Prokka:ANT_1_02972 (length 354)
prokka_ANT_1/ANT_1:Prokka:ANT_1_02973 (length 196)
prokka_ANT_1/ANT_1:Prokka:ANT_1_02974 (length 245)
prokka_ANT_1/ANT_1:Prokka:ANT_1_02975 (length 258)
prokka_ANT_1/ANT_1:Prokka:ANT_1_02976 (length 203)
prokka_ANT_1/ANT_1:Prokka:ANT_1_02977 (length 118)
prokka_ANT_1/ANT_1:Prokka:ANT_1_66 (length 10304)
prokka_ANT_1/ANT_1:Prokka:ANT_1_02978 (length 800)
prokka_ANT_1/ANT_1:Prokka:ANT_1_02979 (length 229)
prokka_ANT_1/ANT_1:Prokka:ANT_1_02980 (length 234)
prokka_ANT_1/ANT_1:Prokka:ANT_1_02981 (length 195)
prokka_ANT_1/ANT_1:Prokka:ANT_1_02982 (length 204)
prokka_ANT_1/ANT_1:Prokka:ANT_1_02983 (length 313)
prokka_ANT_1/ANT_1:Prokka:ANT_1_02984 (length 167)
prokka_ANT_1/ANT_1:Prokka:ANT_1_02985 (length 375)
prokka_ANT_1/ANT_1:Prokka:ANT_1_02986 (length 237)
prokka_ANT_1/ANT_1:Prokka:ANT_1_02987 (length 63)
prokka_ANT_1/ANT_1:Prokka:ANT_1_67 (length 88369)
prokka_ANT_1/ANT_1:Prokka:ANT_1_02988 (length 112)
prokka_ANT_1/ANT_1:Prokka:ANT_1_02989 (length 292)
prokka_ANT_1/ANT_1:Prokka:ANT_1_02990 (length 121)
prokka_ANT_1/ANT_1:Prokka:ANT_1_02991 (length 76)
prokka_ANT_1/ANT_1:Prokka:ANT_1_02992 (length 252)
prokka_ANT_1/ANT_1:Prokka:ANT_1_02993 (length 221)
prokka_ANT_1/ANT_1:Prokka:ANT_1_02994 (length 685)
prokka_ANT_1/ANT_1:Prokka:ANT_1_02995 (length 217)
prokka_ANT_1/ANT_1:Prokka:ANT_1_02996 (length 272)
prokka_ANT_1/ANT_1:Prokka:ANT_1_02997 (length 101)
prokka_ANT_1/ANT_1:Prokka:ANT_1_02998 (length 392)
prokka_ANT_1/ANT_1:Prokka:ANT_1_02999 (length 212)
prokka_ANT_1/ANT_1:Prokka:ANT_1_03000 (length 491)
prokka_ANT_1/ANT_1:Prokka:ANT_1_03001 (length 287)
prokka_ANT_1/ANT_1:Prokka:ANT_1_03002 (length 267)
prokka_ANT_1/ANT_1:Prokka:ANT_1_03003 (length 53)
prokka_ANT_1/ANT_1:Prokka:ANT_1_03004 (length 493)
prokka_ANT_1/ANT_1:Prokka:ANT_1_03005 (length 408)
prokka_ANT_1/ANT_1:Prokka:ANT_1_03006 (length 324)
prokka_ANT_1/ANT_1:Prokka:ANT_1_03007 (length 441)
prokka_ANT_1/ANT_1:Prokka:ANT_1_03008 (length 305)
prokka_ANT_1/ANT_1:Prokka:ANT_1_03009 (length 252)
prokka_ANT_1/ANT_1:Prokka:ANT_1_03010 (length 261)
prokka_ANT_1/ANT_1:Prokka:ANT_1_03011 (length 334)
prokka_ANT_1/ANT_1:Prokka:ANT_1_03012 (length 204)
prokka_ANT_1/ANT_1:Prokka:ANT_1_03013 (length 173)
prokka_ANT_1/ANT_1:Prokka:ANT_1_03014 (length 247)
prokka_ANT_1/ANT_1:Prokka:ANT_1_03015 (length 144)
prokka_ANT_1/ANT_1:Prokka:ANT_1_03016 (length 595)
prokka_ANT_1/ANT_1:Prokka:ANT_1_03017 (length 189)
prokka_ANT_1/ANT_1:Prokka:ANT_1_03018 (length 274)
prokka_ANT_1/ANT_1:Prokka:ANT_1_03019 (length 131)
prokka_ANT_1/ANT_1:Prokka:ANT_1_03020 (length 246)
prokka_ANT_1/ANT_1:Prokka:ANT_1_03021 (length 321)
prokka_ANT_1/ANT_1:Prokka:ANT_1_03022 (length 278)
prokka_ANT_1/ANT_1:Prokka:ANT_1_03023 (length 251)
prokka_ANT_1/ANT_1:Prokka:ANT_1_03024 (length 381)
prokka_ANT_1/ANT_1:Prokka:ANT_1_03025 (length 186)
prokka_ANT_1/ANT_1:Prokka:ANT_1_03026 (length 41)
prokka_ANT_1/ANT_1:Prokka:ANT_1_03027 (length 576)
prokka_ANT_1/ANT_1:Prokka:ANT_1_03028 (length 130)
prokka_ANT_1/ANT_1:Prokka:ANT_1_03029 (length 695)
prokka_ANT_1/ANT_1:Prokka:ANT_1_03030 (length 383)
prokka_ANT_1/ANT_1:Prokka:ANT_1_03031 (length 214)
prokka_ANT_1/ANT_1:Prokka:ANT_1_03032 (length 129)
prokka_ANT_1/ANT_1:Prokka:ANT_1_03033 (length 349)
prokka_ANT_1/ANT_1:Prokka:ANT_1_03034 (length 290)
prokka_ANT_1/ANT_1:Prokka:ANT_1_03035 (length 518)
prokka_ANT_1/ANT_1:Prokka:ANT_1_03036 (length 559)
prokka_ANT_1/ANT_1:Prokka:ANT_1_03037 (length 556)
prokka_ANT_1/ANT_1:Prokka:ANT_1_03038 (length 556)
prokka_ANT_1/ANT_1:Prokka:ANT_1_03039 (length 165)
prokka_ANT_1/ANT_1:Prokka:ANT_1_03040 (length 668)
prokka_ANT_1/ANT_1:Prokka:ANT_1_03041 (length 343)
prokka_ANT_1/ANT_1:Prokka:ANT_1_03042 (length 294)
prokka_ANT_1/ANT_1:Prokka:ANT_1_03043 (length 192)
prokka_ANT_1/ANT_1:Prokka:ANT_1_03044 (length 117)
prokka_ANT_1/ANT_1:Prokka:ANT_1_03045 (length 38)
prokka_ANT_1/ANT_1:Prokka:ANT_1_03046 (length 476)
prokka_ANT_1/ANT_1:Prokka:ANT_1_03047 (length 269)
prokka_ANT_1/ANT_1:Prokka:ANT_1_03048 (length 406)
prokka_ANT_1/ANT_1:Prokka:ANT_1_03049 (length 243)
prokka_ANT_1/ANT_1:Prokka:ANT_1_03050 (length 499)
prokka_ANT_1/ANT_1:Prokka:ANT_1_03051 (length 338)
prokka_ANT_1/ANT_1:Prokka:ANT_1_03052 (length 297)
prokka_ANT_1/ANT_1:Prokka:ANT_1_03053 (length 216)
prokka_ANT_1/ANT_1:Prokka:ANT_1_03054 (length 100)
prokka_ANT_1/ANT_1:Prokka:ANT_1_03055 (length 326)
prokka_ANT_1/ANT_1:Prokka:ANT_1_03056 (length 186)
prokka_ANT_1/ANT_1:Prokka:ANT_1_03057 (length 444)
prokka_ANT_1/ANT_1:Prokka:ANT_1_03058 (length 432)
prokka_ANT_1/ANT_1:Prokka:ANT_1_03059 (length 323)
prokka_ANT_1/ANT_1:Prokka:ANT_1_03060 (length 470)
prokka_ANT_1/ANT_1:Prokka:ANT_1_03061 (length 506)
prokka_ANT_1/ANT_1:Prokka:ANT_1_03062 (length 241)
prokka_ANT_1/ANT_1:Prokka:ANT_1_03063 (length 304)
prokka_ANT_1/ANT_1:Prokka:ANT_1_03064 (length 459)
prokka_ANT_1/ANT_1:Prokka:ANT_1_03065 (length 183)
prokka_ANT_1/ANT_1:Prokka:ANT_1_03066 (length 245)
prokka_ANT_1/ANT_1:Prokka:ANT_1_03067 (length 312)
prokka_ANT_1/ANT_1:Prokka:ANT_1_03068 (length 488)
prokka_ANT_1/ANT_1:Prokka:ANT_1_03070 (length 467)
prokka_ANT_1/ANT_1:Prokka:ANT_1_68 (length 9777)
prokka_ANT_1/ANT_1:Prokka:ANT_1_03072 (length 168)
prokka_ANT_1/ANT_1:Prokka:ANT_1_03073 (length 124)
prokka_ANT_1/ANT_1:Prokka:ANT_1_03074 (length 132)
prokka_ANT_1/ANT_1:Prokka:ANT_1_03075 (length 135)
prokka_ANT_1/ANT_1:Prokka:ANT_1_03076 (length 269)
prokka_ANT_1/ANT_1:Prokka:ANT_1_03077 (length 56)
prokka_ANT_1/ANT_1:Prokka:ANT_1_03078 (length 291)
prokka_ANT_1/ANT_1:Prokka:ANT_1_03079 (length 88)
prokka_ANT_1/ANT_1:Prokka:ANT_1_03080 (length 135)
prokka_ANT_1/ANT_1:Prokka:ANT_1_03081 (length 566)
prokka_ANT_1/ANT_1:Prokka:ANT_1_03082 (length 234)
prokka_ANT_1/ANT_1:Prokka:ANT_1_03083 (length 239)
prokka_ANT_1/ANT_1:Prokka:ANT_1_03084 (length 98)
prokka_ANT_1/ANT_1:Prokka:ANT_1_69 (length 44713)
prokka_ANT_1/ANT_1:Prokka:ANT_1_03086 (length 154)
prokka_ANT_1/ANT_1:Prokka:ANT_1_03087 (length 1352)
prokka_ANT_1/ANT_1:Prokka:ANT_1_03088 (length 850)
prokka_ANT_1/ANT_1:Prokka:ANT_1_03089 (length 699)
prokka_ANT_1/ANT_1:Prokka:ANT_1_03090 (length 265)
prokka_ANT_1/ANT_1:Prokka:ANT_1_03091 (length 220)
prokka_ANT_1/ANT_1:Prokka:ANT_1_03092 (length 333)
prokka_ANT_1/ANT_1:Prokka:ANT_1_03093 (length 328)
prokka_ANT_1/ANT_1:Prokka:ANT_1_03094 (length 300)
prokka_ANT_1/ANT_1:Prokka:ANT_1_03095 (length 339)
prokka_ANT_1/ANT_1:Prokka:ANT_1_03096 (length 536)
prokka_ANT_1/ANT_1:Prokka:ANT_1_03097 (length 555)
prokka_ANT_1/ANT_1:Prokka:ANT_1_03098 (length 142)
prokka_ANT_1/ANT_1:Prokka:ANT_1_03099 (length 152)
prokka_ANT_1/ANT_1:Prokka:ANT_1_03100 (length 194)
prokka_ANT_1/ANT_1:Prokka:ANT_1_03101 (length 223)
prokka_ANT_1/ANT_1:Prokka:ANT_1_03102 (length 153)
prokka_ANT_1/ANT_1:Prokka:ANT_1_03103 (length 1063)
prokka_ANT_1/ANT_1:Prokka:ANT_1_03104 (length 367)
prokka_ANT_1/ANT_1:Prokka:ANT_1_03105 (length 426)
prokka_ANT_1/ANT_1:Prokka:ANT_1_03106 (length 303)
prokka_ANT_1/ANT_1:Prokka:ANT_1_03107 (length 279)
prokka_ANT_1/ANT_1:Prokka:ANT_1_03108 (length 321)
prokka_ANT_1/ANT_1:Prokka:ANT_1_03109 (length 226)
prokka_ANT_1/ANT_1:Prokka:ANT_1_03110 (length 691)
prokka_ANT_1/ANT_1:Prokka:ANT_1_03111 (length 524)
prokka_ANT_1/ANT_1:Prokka:ANT_1_03112 (length 393)
prokka_ANT_1/ANT_1:Prokka:ANT_1_03113 (length 106)
prokka_ANT_1/ANT_1:Prokka:ANT_1_03114 (length 212)
prokka_ANT_1/ANT_1:Prokka:ANT_1_03115 (length 253)
prokka_ANT_1/ANT_1:Prokka:ANT_1_03116 (length 403)
prokka_ANT_1/ANT_1:Prokka:ANT_1_03117 (length 160)
prokka_ANT_1/ANT_1:Prokka:ANT_1_03118 (length 344)
prokka_ANT_1/ANT_1:Prokka:ANT_1_03119 (length 122)
prokka_ANT_1/ANT_1:Prokka:ANT_1_70 (length 24718)
prokka_ANT_1/ANT_1:Prokka:ANT_1_03120 (length 224)
prokka_ANT_1/ANT_1:Prokka:ANT_1_03121 (length 258)
prokka_ANT_1/ANT_1:Prokka:ANT_1_03122 (length 437)
prokka_ANT_1/ANT_1:Prokka:ANT_1_03123 (length 469)
prokka_ANT_1/ANT_1:Prokka:ANT_1_03124 (length 491)
prokka_ANT_1/ANT_1:Prokka:ANT_1_03125 (length 496)
prokka_ANT_1/ANT_1:Prokka:ANT_1_03126 (length 412)
prokka_ANT_1/ANT_1:Prokka:ANT_1_03127 (length 320)
prokka_ANT_1/ANT_1:Prokka:ANT_1_03128 (length 328)
prokka_ANT_1/ANT_1:Prokka:ANT_1_03129 (length 566)
prokka_ANT_1/ANT_1:Prokka:ANT_1_03130 (length 204)
prokka_ANT_1/ANT_1:Prokka:ANT_1_03131 (length 1202)
prokka_ANT_1/ANT_1:Prokka:ANT_1_03132 (length 207)
prokka_ANT_1/ANT_1:Prokka:ANT_1_03133 (length 1032)
prokka_ANT_1/ANT_1:Prokka:ANT_1_03134 (length 234)
prokka_ANT_1/ANT_1:Prokka:ANT_1_03135 (length 104)
prokka_ANT_1/ANT_1:Prokka:ANT_1_03136 (length 234)
prokka_ANT_1/ANT_1:Prokka:ANT_1_71 (length 23379)
prokka_ANT_1/ANT_1:Prokka:ANT_1_03137 (length 302)
prokka_ANT_1/ANT_1:Prokka:ANT_1_03138 (length 309)
prokka_ANT_1/ANT_1:Prokka:ANT_1_03139 (length 77)
prokka_ANT_1/ANT_1:Prokka:ANT_1_03140 (length 335)
prokka_ANT_1/ANT_1:Prokka:ANT_1_03141 (length 365)
prokka_ANT_1/ANT_1:Prokka:ANT_1_03142 (length 439)
prokka_ANT_1/ANT_1:Prokka:ANT_1_03143 (length 120)
prokka_ANT_1/ANT_1:Prokka:ANT_1_03144 (length 190)
prokka_ANT_1/ANT_1:Prokka:ANT_1_03145 (length 624)
prokka_ANT_1/ANT_1:Prokka:ANT_1_03146 (length 551)
prokka_ANT_1/ANT_1:Prokka:ANT_1_03147 (length 159)
prokka_ANT_1/ANT_1:Prokka:ANT_1_03148 (length 595)
prokka_ANT_1/ANT_1:Prokka:ANT_1_03149 (length 836)
prokka_ANT_1/ANT_1:Prokka:ANT_1_03150 (length 703)
prokka_ANT_1/ANT_1:Prokka:ANT_1_03151 (length 69)
prokka_ANT_1/ANT_1:Prokka:ANT_1_03152 (length 323)
prokka_ANT_1/ANT_1:Prokka:ANT_1_03153 (length 259)
prokka_ANT_1/ANT_1:Prokka:ANT_1_03154 (length 635)
prokka_ANT_1/ANT_1:Prokka:ANT_1_03155 (length 205)
prokka_ANT_1/ANT_1:Prokka:ANT_1_72 (length 43304)
prokka_ANT_1/ANT_1:Prokka:ANT_1_03157 (length 433)
prokka_ANT_1/ANT_1:Prokka:ANT_1_03158 (length 106)
prokka_ANT_1/ANT_1:Prokka:ANT_1_03159 (length 451)
prokka_ANT_1/ANT_1:Prokka:ANT_1_03160 (length 889)
prokka_ANT_1/ANT_1:Prokka:ANT_1_03161 (length 237)
prokka_ANT_1/ANT_1:Prokka:ANT_1_03162 (length 139)
prokka_ANT_1/ANT_1:Prokka:ANT_1_03163 (length 346)
prokka_ANT_1/ANT_1:Prokka:ANT_1_03164 (length 512)
prokka_ANT_1/ANT_1:Prokka:ANT_1_03165 (length 390)
prokka_ANT_1/ANT_1:Prokka:ANT_1_03166 (length 176)
prokka_ANT_1/ANT_1:Prokka:ANT_1_03167 (length 333)
prokka_ANT_1/ANT_1:Prokka:ANT_1_03168 (length 391)
prokka_ANT_1/ANT_1:Prokka:ANT_1_03169 (length 398)
prokka_ANT_1/ANT_1:Prokka:ANT_1_03170 (length 319)
prokka_ANT_1/ANT_1:Prokka:ANT_1_03171 (length 716)
prokka_ANT_1/ANT_1:Prokka:ANT_1_03172 (length 136)
prokka_ANT_1/ANT_1:Prokka:ANT_1_03173 (length 80)
prokka_ANT_1/ANT_1:Prokka:ANT_1_03174 (length 107)
prokka_ANT_1/ANT_1:Prokka:ANT_1_03175 (length 111)
prokka_ANT_1/ANT_1:Prokka:ANT_1_03176 (length 473)
prokka_ANT_1/ANT_1:Prokka:ANT_1_03177 (length 140)
prokka_ANT_1/ANT_1:Prokka:ANT_1_03178 (length 188)
prokka_ANT_1/ANT_1:Prokka:ANT_1_03179 (length 307)
prokka_ANT_1/ANT_1:Prokka:ANT_1_03180 (length 380)
prokka_ANT_1/ANT_1:Prokka:ANT_1_03181 (length 377)
prokka_ANT_1/ANT_1:Prokka:ANT_1_03182 (length 368)
prokka_ANT_1/ANT_1:Prokka:ANT_1_03183 (length 128)
prokka_ANT_1/ANT_1:Prokka:ANT_1_03184 (length 284)
prokka_ANT_1/ANT_1:Prokka:ANT_1_03185 (length 469)
prokka_ANT_1/ANT_1:Prokka:ANT_1_03186 (length 190)
prokka_ANT_1/ANT_1:Prokka:ANT_1_03187 (length 316)
prokka_ANT_1/ANT_1:Prokka:ANT_1_03188 (length 337)
prokka_ANT_1/ANT_1:Prokka:ANT_1_03189 (length 497)
prokka_ANT_1/ANT_1:Prokka:ANT_1_03190 (length 421)
prokka_ANT_1/ANT_1:Prokka:ANT_1_03191 (length 478)
prokka_ANT_1/ANT_1:Prokka:ANT_1_03192 (length 412)
prokka_ANT_1/ANT_1:Prokka:ANT_1_03193 (length 331)
prokka_ANT_1/ANT_1:Prokka:ANT_1_73 (length 2379)
prokka_ANT_1/ANT_1:Prokka:ANT_1_03194 (length 170)
prokka_ANT_1/ANT_1:Prokka:ANT_1_74 (length 2178)
prokka_ANT_1/ANT_1:Prokka:ANT_1_03195 (length 42)
prokka_ANT_1/ANT_1:Prokka:ANT_1_03196 (length 223)
prokka_ANT_1/ANT_1:Prokka:ANT_1_03197 (length 402)
prokka_ANT_1/ANT_1:Prokka:ANT_1_75 (length 2178)
prokka_ANT_1/ANT_1:Prokka:ANT_1_03198 (length 42)
prokka_ANT_1/ANT_1:Prokka:ANT_1_03199 (length 223)
prokka_ANT_1/ANT_1:Prokka:ANT_1_03200 (length 402)
prokka_ANT_1/ANT_1:Prokka:ANT_1_76 (length 134478)
prokka_ANT_1/ANT_1:Prokka:ANT_1_03202 (length 583)
prokka_ANT_1/ANT_1:Prokka:ANT_1_03203 (length 75)
prokka_ANT_1/ANT_1:Prokka:ANT_1_03204 (length 334)
prokka_ANT_1/ANT_1:Prokka:ANT_1_03205 (length 94)
prokka_ANT_1/ANT_1:Prokka:ANT_1_03206 (length 584)
prokka_ANT_1/ANT_1:Prokka:ANT_1_03207 (length 234)
prokka_ANT_1/ANT_1:Prokka:ANT_1_03208 (length 421)
prokka_ANT_1/ANT_1:Prokka:ANT_1_03209 (length 114)
prokka_ANT_1/ANT_1:Prokka:ANT_1_03210 (length 527)
prokka_ANT_1/ANT_1:Prokka:ANT_1_03211 (length 341)
prokka_ANT_1/ANT_1:Prokka:ANT_1_03212 (length 364)
prokka_ANT_1/ANT_1:Prokka:ANT_1_03213 (length 602)
prokka_ANT_1/ANT_1:Prokka:ANT_1_03214 (length 529)
prokka_ANT_1/ANT_1:Prokka:ANT_1_03215 (length 131)
prokka_ANT_1/ANT_1:Prokka:ANT_1_03216 (length 238)
prokka_ANT_1/ANT_1:Prokka:ANT_1_03217 (length 322)
prokka_ANT_1/ANT_1:Prokka:ANT_1_03218 (length 105)
prokka_ANT_1/ANT_1:Prokka:ANT_1_03219 (length 190)
prokka_ANT_1/ANT_1:Prokka:ANT_1_03220 (length 84)
prokka_ANT_1/ANT_1:Prokka:ANT_1_03221 (length 402)
prokka_ANT_1/ANT_1:Prokka:ANT_1_03222 (length 377)
prokka_ANT_1/ANT_1:Prokka:ANT_1_03223 (length 313)
prokka_ANT_1/ANT_1:Prokka:ANT_1_03224 (length 564)
prokka_ANT_1/ANT_1:Prokka:ANT_1_03225 (length 282)
prokka_ANT_1/ANT_1:Prokka:ANT_1_03226 (length 353)
prokka_ANT_1/ANT_1:Prokka:ANT_1_03227 (length 288)
prokka_ANT_1/ANT_1:Prokka:ANT_1_03228 (length 465)
prokka_ANT_1/ANT_1:Prokka:ANT_1_03229 (length 360)
prokka_ANT_1/ANT_1:Prokka:ANT_1_03230 (length 261)
prokka_ANT_1/ANT_1:Prokka:ANT_1_03232 (length 375)
prokka_ANT_1/ANT_1:Prokka:ANT_1_03233 (length 292)
prokka_ANT_1/ANT_1:Prokka:ANT_1_03234 (length 377)
prokka_ANT_1/ANT_1:Prokka:ANT_1_03235 (length 221)
prokka_ANT_1/ANT_1:Prokka:ANT_1_03236 (length 386)
prokka_ANT_1/ANT_1:Prokka:ANT_1_03237 (length 346)
prokka_ANT_1/ANT_1:Prokka:ANT_1_03238 (length 331)
prokka_ANT_1/ANT_1:Prokka:ANT_1_03239 (length 506)
prokka_ANT_1/ANT_1:Prokka:ANT_1_03240 (length 336)
prokka_ANT_1/ANT_1:Prokka:ANT_1_03241 (length 237)
prokka_ANT_1/ANT_1:Prokka:ANT_1_03242 (length 565)
prokka_ANT_1/ANT_1:Prokka:ANT_1_03243 (length 296)
prokka_ANT_1/ANT_1:Prokka:ANT_1_03244 (length 230)
prokka_ANT_1/ANT_1:Prokka:ANT_1_03245 (length 131)
prokka_ANT_1/ANT_1:Prokka:ANT_1_03246 (length 676)
prokka_ANT_1/ANT_1:Prokka:ANT_1_03247 (length 370)
prokka_ANT_1/ANT_1:Prokka:ANT_1_03248 (length 82)
prokka_ANT_1/ANT_1:Prokka:ANT_1_03249 (length 205)
prokka_ANT_1/ANT_1:Prokka:ANT_1_03250 (length 417)
prokka_ANT_1/ANT_1:Prokka:ANT_1_03251 (length 143)
prokka_ANT_1/ANT_1:Prokka:ANT_1_03252 (length 198)
prokka_ANT_1/ANT_1:Prokka:ANT_1_03253 (length 107)
prokka_ANT_1/ANT_1:Prokka:ANT_1_03254 (length 222)
prokka_ANT_1/ANT_1:Prokka:ANT_1_03255 (length 182)
prokka_ANT_1/ANT_1:Prokka:ANT_1_03256 (length 124)
prokka_ANT_1/ANT_1:Prokka:ANT_1_03257 (length 117)
prokka_ANT_1/ANT_1:Prokka:ANT_1_03258 (length 43)
prokka_ANT_1/ANT_1:Prokka:ANT_1_03259 (length 165)
prokka_ANT_1/ANT_1:Prokka:ANT_1_03260 (length 200)
prokka_ANT_1/ANT_1:Prokka:ANT_1_03261 (length 99)
prokka_ANT_1/ANT_1:Prokka:ANT_1_03262 (length 91)
prokka_ANT_1/ANT_1:Prokka:ANT_1_03263 (length 78)
prokka_ANT_1/ANT_1:Prokka:ANT_1_03264 (length 92)
prokka_ANT_1/ANT_1:Prokka:ANT_1_03265 (length 263)
prokka_ANT_1/ANT_1:Prokka:ANT_1_03266 (length 266)
prokka_ANT_1/ANT_1:Prokka:ANT_1_03267 (length 350)
prokka_ANT_1/ANT_1:Prokka:ANT_1_03268 (length 228)
prokka_ANT_1/ANT_1:Prokka:ANT_1_03269 (length 487)
prokka_ANT_1/ANT_1:Prokka:ANT_1_03270 (length 427)
prokka_ANT_1/ANT_1:Prokka:ANT_1_03271 (length 336)
prokka_ANT_1/ANT_1:Prokka:ANT_1_03272 (length 404)
prokka_ANT_1/ANT_1:Prokka:ANT_1_03273 (length 299)
prokka_ANT_1/ANT_1:Prokka:ANT_1_03274 (length 460)
prokka_ANT_1/ANT_1:Prokka:ANT_1_03275 (length 239)
prokka_ANT_1/ANT_1:Prokka:ANT_1_03276 (length 461)
prokka_ANT_1/ANT_1:Prokka:ANT_1_03277 (length 468)
prokka_ANT_1/ANT_1:Prokka:ANT_1_03278 (length 1024)
prokka_ANT_1/ANT_1:Prokka:ANT_1_03279 (length 1038)
prokka_ANT_1/ANT_1:Prokka:ANT_1_03280 (length 414)
prokka_ANT_1/ANT_1:Prokka:ANT_1_03281 (length 320)
prokka_ANT_1/ANT_1:Prokka:ANT_1_03282 (length 387)
prokka_ANT_1/ANT_1:Prokka:ANT_1_03283 (length 450)
prokka_ANT_1/ANT_1:Prokka:ANT_1_03284 (length 467)
prokka_ANT_1/ANT_1:Prokka:ANT_1_03285 (length 1111)
prokka_ANT_1/ANT_1:Prokka:ANT_1_03286 (length 209)
prokka_ANT_1/ANT_1:Prokka:ANT_1_03287 (length 213)
prokka_ANT_1/ANT_1:Prokka:ANT_1_03288 (length 193)
prokka_ANT_1/ANT_1:Prokka:ANT_1_03289 (length 615)
prokka_ANT_1/ANT_1:Prokka:ANT_1_03290 (length 521)
prokka_ANT_1/ANT_1:Prokka:ANT_1_03291 (length 477)
prokka_ANT_1/ANT_1:Prokka:ANT_1_03292 (length 367)
prokka_ANT_1/ANT_1:Prokka:ANT_1_03293 (length 144)
prokka_ANT_1/ANT_1:Prokka:ANT_1_03294 (length 726)
prokka_ANT_1/ANT_1:Prokka:ANT_1_03295 (length 301)
prokka_ANT_1/ANT_1:Prokka:ANT_1_03296 (length 374)
prokka_ANT_1/ANT_1:Prokka:ANT_1_03297 (length 250)
prokka_ANT_1/ANT_1:Prokka:ANT_1_03298 (length 344)
prokka_ANT_1/ANT_1:Prokka:ANT_1_03299 (length 737)
prokka_ANT_1/ANT_1:Prokka:ANT_1_03300 (length 416)
prokka_ANT_1/ANT_1:Prokka:ANT_1_03301 (length 407)
prokka_ANT_1/ANT_1:Prokka:ANT_1_03302 (length 446)
prokka_ANT_1/ANT_1:Prokka:ANT_1_03303 (length 298)
prokka_ANT_1/ANT_1:Prokka:ANT_1_03304 (length 337)
prokka_ANT_1/ANT_1:Prokka:ANT_1_03305 (length 348)
prokka_ANT_1/ANT_1:Prokka:ANT_1_03306 (length 360)
prokka_ANT_1/ANT_1:Prokka:ANT_1_03307 (length 287)
prokka_ANT_1/ANT_1:Prokka:ANT_1_03308 (length 189)
prokka_ANT_1/ANT_1:Prokka:ANT_1_03309 (length 272)
prokka_ANT_1/ANT_1:Prokka:ANT_1_03310 (length 445)
prokka_ANT_1/ANT_1:Prokka:ANT_1_03311 (length 374)
prokka_ANT_1/ANT_1:Prokka:ANT_1_03312 (length 378)
prokka_ANT_1/ANT_1:Prokka:ANT_1_03313 (length 358)
prokka_ANT_1/ANT_1:Prokka:ANT_1_03314 (length 272)
prokka_ANT_1/ANT_1:Prokka:ANT_1_03315 (length 182)
prokka_ANT_1/ANT_1:Prokka:ANT_1_03316 (length 322)
prokka_ANT_1/ANT_1:Prokka:ANT_1_03317 (length 475)
prokka_ANT_1/ANT_1:Prokka:ANT_1_03318 (length 457)
prokka_ANT_1/ANT_1:Prokka:ANT_1_77 (length 1007)
prokka_ANT_1/ANT_1:Prokka:ANT_1_03319 (length 54)
prokka_ANT_1/ANT_1:Prokka:ANT_1_78 (length 49527)
prokka_ANT_1/ANT_1:Prokka:ANT_1_03320 (length 300)
prokka_ANT_1/ANT_1:Prokka:ANT_1_03321 (length 89)
prokka_ANT_1/ANT_1:Prokka:ANT_1_03322 (length 891)
prokka_ANT_1/ANT_1:Prokka:ANT_1_03323 (length 457)
prokka_ANT_1/ANT_1:Prokka:ANT_1_03324 (length 144)
prokka_ANT_1/ANT_1:Prokka:ANT_1_03325 (length 353)
prokka_ANT_1/ANT_1:Prokka:ANT_1_03326 (length 859)
prokka_ANT_1/ANT_1:Prokka:ANT_1_03327 (length 920)
prokka_ANT_1/ANT_1:Prokka:ANT_1_03328 (length 555)
prokka_ANT_1/ANT_1:Prokka:ANT_1_03329 (length 359)
prokka_ANT_1/ANT_1:Prokka:ANT_1_03330 (length 257)
prokka_ANT_1/ANT_1:Prokka:ANT_1_03331 (length 164)
prokka_ANT_1/ANT_1:Prokka:ANT_1_03332 (length 353)
prokka_ANT_1/ANT_1:Prokka:ANT_1_03333 (length 175)
prokka_ANT_1/ANT_1:Prokka:ANT_1_03334 (length 876)
prokka_ANT_1/ANT_1:Prokka:ANT_1_03335 (length 61)
prokka_ANT_1/ANT_1:Prokka:ANT_1_03339 (length 188)
prokka_ANT_1/ANT_1:Prokka:ANT_1_03340 (length 142)
prokka_ANT_1/ANT_1:Prokka:ANT_1_03341 (length 560)
prokka_ANT_1/ANT_1:Prokka:ANT_1_03342 (length 171)
prokka_ANT_1/ANT_1:Prokka:ANT_1_03343 (length 428)
prokka_ANT_1/ANT_1:Prokka:ANT_1_03344 (length 263)
prokka_ANT_1/ANT_1:Prokka:ANT_1_03345 (length 453)
prokka_ANT_1/ANT_1:Prokka:ANT_1_03346 (length 82)
prokka_ANT_1/ANT_1:Prokka:ANT_1_03347 (length 182)
prokka_ANT_1/ANT_1:Prokka:ANT_1_03348 (length 263)
prokka_ANT_1/ANT_1:Prokka:ANT_1_03349 (length 116)
prokka_ANT_1/ANT_1:Prokka:ANT_1_03350 (length 310)
prokka_ANT_1/ANT_1:Prokka:ANT_1_03351 (length 181)
prokka_ANT_1/ANT_1:Prokka:ANT_1_03352 (length 409)
prokka_ANT_1/ANT_1:Prokka:ANT_1_03353 (length 161)
prokka_ANT_1/ANT_1:Prokka:ANT_1_03354 (length 226)
prokka_ANT_1/ANT_1:Prokka:ANT_1_03355 (length 248)
prokka_ANT_1/ANT_1:Prokka:ANT_1_03356 (length 175)
prokka_ANT_1/ANT_1:Prokka:ANT_1_03357 (length 359)
prokka_ANT_1/ANT_1:Prokka:ANT_1_03358 (length 373)
prokka_ANT_1/ANT_1:Prokka:ANT_1_03359 (length 386)
prokka_ANT_1/ANT_1:Prokka:ANT_1_03360 (length 112)
prokka_ANT_1/ANT_1:Prokka:ANT_1_03361 (length 243)
prokka_ANT_1/ANT_1:Prokka:ANT_1_03362 (length 325)
prokka_ANT_1/ANT_1:Prokka:ANT_1_03363 (length 242)
prokka_ANT_1/ANT_1:Prokka:ANT_1_03364 (length 857)
prokka_ANT_1/ANT_1:Prokka:ANT_1_79 (length 3793)
prokka_ANT_1/ANT_1:Prokka:ANT_1_03365 (length 105)
prokka_ANT_1/ANT_1:Prokka:ANT_1_03366 (length 141)
prokka_ANT_1/ANT_1:Prokka:ANT_1_03367 (length 112)
prokka_ANT_1/ANT_1:Prokka:ANT_1_03368 (length 180)
prokka_ANT_1/ANT_1:Prokka:ANT_1_03369 (length 131)
prokka_ANT_1/ANT_1:Prokka:ANT_1_03370 (length 351)
prokka_ANT_1/ANT_1:Prokka:ANT_1_80 (length 1136)
prokka_ANT_1/ANT_1:Prokka:ANT_1_03371 (length 41)
prokka_ANT_1/ANT_1:Prokka:ANT_1_81 (length 21127)
prokka_ANT_1/ANT_1:Prokka:ANT_1_03372 (length 390)
prokka_ANT_1/ANT_1:Prokka:ANT_1_03373 (length 169)
prokka_ANT_1/ANT_1:Prokka:ANT_1_03374 (length 98)
prokka_ANT_1/ANT_1:Prokka:ANT_1_03375 (length 491)
prokka_ANT_1/ANT_1:Prokka:ANT_1_03376 (length 157)
prokka_ANT_1/ANT_1:Prokka:ANT_1_03377 (length 356)
prokka_ANT_1/ANT_1:Prokka:ANT_1_03378 (length 73)
prokka_ANT_1/ANT_1:Prokka:ANT_1_03379 (length 345)
prokka_ANT_1/ANT_1:Prokka:ANT_1_03380 (length 303)
prokka_ANT_1/ANT_1:Prokka:ANT_1_03381 (length 251)
prokka_ANT_1/ANT_1:Prokka:ANT_1_03382 (length 93)
prokka_ANT_1/ANT_1:Prokka:ANT_1_03383 (length 382)
prokka_ANT_1/ANT_1:Prokka:ANT_1_03384 (length 793)
prokka_ANT_1/ANT_1:Prokka:ANT_1_03385 (length 992)
prokka_ANT_1/ANT_1:Prokka:ANT_1_03386 (length 685)
prokka_ANT_1/ANT_1:Prokka:ANT_1_03387 (length 407)
prokka_ANT_1/ANT_1:Prokka:ANT_1_03388 (length 207)
prokka_ANT_1/ANT_1:Prokka:ANT_1_03389 (length 244)
prokka_ANT_1/ANT_1:Prokka:ANT_1_03390 (length 121)
prokka_ANT_1/ANT_1:Prokka:ANT_1_82 (length 2243)
prokka_ANT_1/ANT_1:Prokka:ANT_1_03391 (length 159)
prokka_ANT_1/ANT_1:Prokka:ANT_1_03392 (length 241)
prokka_ANT_1/ANT_1:Prokka:ANT_1_03393 (length 94)
prokka_ANT_1/ANT_1:Prokka:ANT_1_83 (length 2643)
prokka_ANT_1/ANT_1:Prokka:ANT_1_03394 (length 120)
prokka_ANT_1/ANT_1:Prokka:ANT_1_03395 (length 194)
prokka_ANT_1/ANT_1:Prokka:ANT_1_84 (length 41204)
prokka_ANT_1/ANT_1:Prokka:ANT_1_03396 (length 274)
prokka_ANT_1/ANT_1:Prokka:ANT_1_03397 (length 235)
prokka_ANT_1/ANT_1:Prokka:ANT_1_03398 (length 302)
prokka_ANT_1/ANT_1:Prokka:ANT_1_03399 (length 238)
prokka_ANT_1/ANT_1:Prokka:ANT_1_03400 (length 720)
prokka_ANT_1/ANT_1:Prokka:ANT_1_03401 (length 319)
prokka_ANT_1/ANT_1:Prokka:ANT_1_03402 (length 347)
prokka_ANT_1/ANT_1:Prokka:ANT_1_03403 (length 156)
prokka_ANT_1/ANT_1:Prokka:ANT_1_03404 (length 291)
prokka_ANT_1/ANT_1:Prokka:ANT_1_03405 (length 605)
prokka_ANT_1/ANT_1:Prokka:ANT_1_03406 (length 207)
prokka_ANT_1/ANT_1:Prokka:ANT_1_03407 (length 330)
prokka_ANT_1/ANT_1:Prokka:ANT_1_03408 (length 266)
prokka_ANT_1/ANT_1:Prokka:ANT_1_03409 (length 349)
prokka_ANT_1/ANT_1:Prokka:ANT_1_03410 (length 448)
prokka_ANT_1/ANT_1:Prokka:ANT_1_03411 (length 157)
prokka_ANT_1/ANT_1:Prokka:ANT_1_03412 (length 312)
prokka_ANT_1/ANT_1:Prokka:ANT_1_03413 (length 757)
prokka_ANT_1/ANT_1:Prokka:ANT_1_03414 (length 278)
prokka_ANT_1/ANT_1:Prokka:ANT_1_03415 (length 29)
prokka_ANT_1/ANT_1:Prokka:ANT_1_03416 (length 253)
prokka_ANT_1/ANT_1:Prokka:ANT_1_03417 (length 511)
prokka_ANT_1/ANT_1:Prokka:ANT_1_03418 (length 251)
prokka_ANT_1/ANT_1:Prokka:ANT_1_03419 (length 201)
prokka_ANT_1/ANT_1:Prokka:ANT_1_03420 (length 545)
prokka_ANT_1/ANT_1:Prokka:ANT_1_03421 (length 83)
prokka_ANT_1/ANT_1:Prokka:ANT_1_03422 (length 177)
prokka_ANT_1/ANT_1:Prokka:ANT_1_03423 (length 253)
prokka_ANT_1/ANT_1:Prokka:ANT_1_03424 (length 259)
prokka_ANT_1/ANT_1:Prokka:ANT_1_03425 (length 162)
prokka_ANT_1/ANT_1:Prokka:ANT_1_03426 (length 494)
prokka_ANT_1/ANT_1:Prokka:ANT_1_03427 (length 233)
prokka_ANT_1/ANT_1:Prokka:ANT_1_03428 (length 387)
prokka_ANT_1/ANT_1:Prokka:ANT_1_03429 (length 728)
prokka_ANT_1/ANT_1:Prokka:ANT_1_03430 (length 443)
prokka_ANT_1/ANT_1:Prokka:ANT_1_03431 (length 203)
prokka_ANT_1/ANT_1:Prokka:ANT_1_03432 (length 483)
prokka_ANT_1/ANT_1:Prokka:ANT_1_03433 (length 178)
prokka_ANT_1/ANT_1:Prokka:ANT_1_85 (length 90909)
prokka_ANT_1/ANT_1:Prokka:ANT_1_03434 (length 230)
prokka_ANT_1/ANT_1:Prokka:ANT_1_03435 (length 105)
prokka_ANT_1/ANT_1:Prokka:ANT_1_03436 (length 148)
prokka_ANT_1/ANT_1:Prokka:ANT_1_03437 (length 78)
prokka_ANT_1/ANT_1:Prokka:ANT_1_03438 (length 327)
prokka_ANT_1/ANT_1:Prokka:ANT_1_03439 (length 707)
prokka_ANT_1/ANT_1:Prokka:ANT_1_03440 (length 110)
prokka_ANT_1/ANT_1:Prokka:ANT_1_03441 (length 240)
prokka_ANT_1/ANT_1:Prokka:ANT_1_03442 (length 142)
prokka_ANT_1/ANT_1:Prokka:ANT_1_03443 (length 427)
prokka_ANT_1/ANT_1:Prokka:ANT_1_03444 (length 117)
prokka_ANT_1/ANT_1:Prokka:ANT_1_03445 (length 57)
prokka_ANT_1/ANT_1:Prokka:ANT_1_03446 (length 426)
prokka_ANT_1/ANT_1:Prokka:ANT_1_03447 (length 340)
prokka_ANT_1/ANT_1:Prokka:ANT_1_03448 (length 227)
prokka_ANT_1/ANT_1:Prokka:ANT_1_03449 (length 1010)
prokka_ANT_1/ANT_1:Prokka:ANT_1_03450 (length 364)
prokka_ANT_1/ANT_1:Prokka:ANT_1_03451 (length 354)
prokka_ANT_1/ANT_1:Prokka:ANT_1_03452 (length 242)
prokka_ANT_1/ANT_1:Prokka:ANT_1_03453 (length 194)
prokka_ANT_1/ANT_1:Prokka:ANT_1_03454 (length 253)
prokka_ANT_1/ANT_1:Prokka:ANT_1_03455 (length 184)
prokka_ANT_1/ANT_1:Prokka:ANT_1_03456 (length 194)
prokka_ANT_1/ANT_1:Prokka:ANT_1_03457 (length 188)
prokka_ANT_1/ANT_1:Prokka:ANT_1_03458 (length 300)
prokka_ANT_1/ANT_1:Prokka:ANT_1_03459 (length 248)
prokka_ANT_1/ANT_1:Prokka:ANT_1_03460 (length 224)
prokka_ANT_1/ANT_1:Prokka:ANT_1_03461 (length 994)
prokka_ANT_1/ANT_1:Prokka:ANT_1_03462 (length 84)
prokka_ANT_1/ANT_1:Prokka:ANT_1_03463 (length 115)
prokka_ANT_1/ANT_1:Prokka:ANT_1_03464 (length 187)
prokka_ANT_1/ANT_1:Prokka:ANT_1_03465 (length 212)
prokka_ANT_1/ANT_1:Prokka:ANT_1_03466 (length 337)
prokka_ANT_1/ANT_1:Prokka:ANT_1_03467 (length 594)
prokka_ANT_1/ANT_1:Prokka:ANT_1_03468 (length 129)
prokka_ANT_1/ANT_1:Prokka:ANT_1_03469 (length 199)
prokka_ANT_1/ANT_1:Prokka:ANT_1_03470 (length 149)
prokka_ANT_1/ANT_1:Prokka:ANT_1_03471 (length 212)
prokka_ANT_1/ANT_1:Prokka:ANT_1_03472 (length 405)
prokka_ANT_1/ANT_1:Prokka:ANT_1_03473 (length 302)
prokka_ANT_1/ANT_1:Prokka:ANT_1_03474 (length 559)
prokka_ANT_1/ANT_1:Prokka:ANT_1_03475 (length 222)
prokka_ANT_1/ANT_1:Prokka:ANT_1_03476 (length 502)
prokka_ANT_1/ANT_1:Prokka:ANT_1_03477 (length 121)
prokka_ANT_1/ANT_1:Prokka:ANT_1_03478 (length 484)
prokka_ANT_1/ANT_1:Prokka:ANT_1_03479 (length 325)
prokka_ANT_1/ANT_1:Prokka:ANT_1_03480 (length 131)
prokka_ANT_1/ANT_1:Prokka:ANT_1_03481 (length 131)
prokka_ANT_1/ANT_1:Prokka:ANT_1_03482 (length 954)
prokka_ANT_1/ANT_1:Prokka:ANT_1_03483 (length 138)
prokka_ANT_1/ANT_1:Prokka:ANT_1_03484 (length 511)
prokka_ANT_1/ANT_1:Prokka:ANT_1_03485 (length 306)
prokka_ANT_1/ANT_1:Prokka:ANT_1_03486 (length 218)
prokka_ANT_1/ANT_1:Prokka:ANT_1_03487 (length 121)
prokka_ANT_1/ANT_1:Prokka:ANT_1_03488 (length 129)
prokka_ANT_1/ANT_1:Prokka:ANT_1_03489 (length 80)
prokka_ANT_1/ANT_1:Prokka:ANT_1_03490 (length 111)
prokka_ANT_1/ANT_1:Prokka:ANT_1_03491 (length 258)
prokka_ANT_1/ANT_1:Prokka:ANT_1_03492 (length 699)
prokka_ANT_1/ANT_1:Prokka:ANT_1_03493 (length 189)
prokka_ANT_1/ANT_1:Prokka:ANT_1_03494 (length 168)
prokka_ANT_1/ANT_1:Prokka:ANT_1_03495 (length 209)
prokka_ANT_1/ANT_1:Prokka:ANT_1_03496 (length 241)
prokka_ANT_1/ANT_1:Prokka:ANT_1_03497 (length 255)
prokka_ANT_1/ANT_1:Prokka:ANT_1_03498 (length 215)
prokka_ANT_1/ANT_1:Prokka:ANT_1_03499 (length 82)
prokka_ANT_1/ANT_1:Prokka:ANT_1_03500 (length 80)
prokka_ANT_1/ANT_1:Prokka:ANT_1_03501 (length 200)
prokka_ANT_1/ANT_1:Prokka:ANT_1_03502 (length 160)
prokka_ANT_1/ANT_1:Prokka:ANT_1_03503 (length 688)
prokka_ANT_1/ANT_1:Prokka:ANT_1_03504 (length 187)
prokka_ANT_1/ANT_1:Prokka:ANT_1_03505 (length 237)
prokka_ANT_1/ANT_1:Prokka:ANT_1_03506 (length 399)
prokka_ANT_1/ANT_1:Prokka:ANT_1_03507 (length 82)
prokka_ANT_1/ANT_1:Prokka:ANT_1_03508 (length 194)
prokka_ANT_1/ANT_1:Prokka:ANT_1_03509 (length 503)
prokka_ANT_1/ANT_1:Prokka:ANT_1_03510 (length 462)
prokka_ANT_1/ANT_1:Prokka:ANT_1_03511 (length 191)
prokka_ANT_1/ANT_1:Prokka:ANT_1_03512 (length 156)
prokka_ANT_1/ANT_1:Prokka:ANT_1_03513 (length 128)
prokka_ANT_1/ANT_1:Prokka:ANT_1_03514 (length 550)
prokka_ANT_1/ANT_1:Prokka:ANT_1_03515 (length 505)
prokka_ANT_1/ANT_1:Prokka:ANT_1_03516 (length 226)
prokka_ANT_1/ANT_1:Prokka:ANT_1_03517 (length 103)
prokka_ANT_1/ANT_1:Prokka:ANT_1_03518 (length 312)
prokka_ANT_1/ANT_1:Prokka:ANT_1_03519 (length 328)
prokka_ANT_1/ANT_1:Prokka:ANT_1_03520 (length 198)
prokka_ANT_1/ANT_1:Prokka:ANT_1_03521 (length 203)
prokka_ANT_1/ANT_1:Prokka:ANT_1_03522 (length 202)
prokka_ANT_1/ANT_1:Prokka:ANT_1_03523 (length 114)
prokka_ANT_1/ANT_1:Prokka:ANT_1_03524 (length 110)
prokka_ANT_1/ANT_1:Prokka:ANT_1_03525 (length 166)
prokka_ANT_1/ANT_1:Prokka:ANT_1_03526 (length 298)
prokka_ANT_1/ANT_1:Prokka:ANT_1_03527 (length 209)
prokka_ANT_1/ANT_1:Prokka:ANT_1_86 (length 76558)
prokka_ANT_1/ANT_1:Prokka:ANT_1_03528 (length 207)
prokka_ANT_1/ANT_1:Prokka:ANT_1_03529 (length 434)
prokka_ANT_1/ANT_1:Prokka:ANT_1_03530 (length 104)
prokka_ANT_1/ANT_1:Prokka:ANT_1_03531 (length 192)
prokka_ANT_1/ANT_1:Prokka:ANT_1_03532 (length 494)
prokka_ANT_1/ANT_1:Prokka:ANT_1_03533 (length 312)
prokka_ANT_1/ANT_1:Prokka:ANT_1_03534 (length 663)
prokka_ANT_1/ANT_1:Prokka:ANT_1_03535 (length 204)
prokka_ANT_1/ANT_1:Prokka:ANT_1_03536 (length 109)
prokka_ANT_1/ANT_1:Prokka:ANT_1_03537 (length 295)
prokka_ANT_1/ANT_1:Prokka:ANT_1_03538 (length 455)
prokka_ANT_1/ANT_1:Prokka:ANT_1_03539 (length 163)
prokka_ANT_1/ANT_1:Prokka:ANT_1_03540 (length 306)
prokka_ANT_1/ANT_1:Prokka:ANT_1_03541 (length 198)
prokka_ANT_1/ANT_1:Prokka:ANT_1_03542 (length 482)
prokka_ANT_1/ANT_1:Prokka:ANT_1_03543 (length 80)
prokka_ANT_1/ANT_1:Prokka:ANT_1_03544 (length 299)
prokka_ANT_1/ANT_1:Prokka:ANT_1_03545 (length 621)
prokka_ANT_1/ANT_1:Prokka:ANT_1_03546 (length 324)
prokka_ANT_1/ANT_1:Prokka:ANT_1_03547 (length 165)
prokka_ANT_1/ANT_1:Prokka:ANT_1_03548 (length 325)
prokka_ANT_1/ANT_1:Prokka:ANT_1_03549 (length 139)
prokka_ANT_1/ANT_1:Prokka:ANT_1_03550 (length 156)
prokka_ANT_1/ANT_1:Prokka:ANT_1_03551 (length 367)
prokka_ANT_1/ANT_1:Prokka:ANT_1_03552 (length 149)
prokka_ANT_1/ANT_1:Prokka:ANT_1_03553 (length 182)
prokka_ANT_1/ANT_1:Prokka:ANT_1_03554 (length 322)
prokka_ANT_1/ANT_1:Prokka:ANT_1_03555 (length 604)
prokka_ANT_1/ANT_1:Prokka:ANT_1_03556 (length 109)
prokka_ANT_1/ANT_1:Prokka:ANT_1_03557 (length 376)
prokka_ANT_1/ANT_1:Prokka:ANT_1_03558 (length 358)
prokka_ANT_1/ANT_1:Prokka:ANT_1_03559 (length 193)
prokka_ANT_1/ANT_1:Prokka:ANT_1_03560 (length 200)
prokka_ANT_1/ANT_1:Prokka:ANT_1_03561 (length 424)
prokka_ANT_1/ANT_1:Prokka:ANT_1_03562 (length 451)
prokka_ANT_1/ANT_1:Prokka:ANT_1_03563 (length 440)
prokka_ANT_1/ANT_1:Prokka:ANT_1_03564 (length 366)
prokka_ANT_1/ANT_1:Prokka:ANT_1_03565 (length 307)
prokka_ANT_1/ANT_1:Prokka:ANT_1_03566 (length 437)
prokka_ANT_1/ANT_1:Prokka:ANT_1_03567 (length 229)
prokka_ANT_1/ANT_1:Prokka:ANT_1_03568 (length 407)
prokka_ANT_1/ANT_1:Prokka:ANT_1_03569 (length 1119)
prokka_ANT_1/ANT_1:Prokka:ANT_1_03570 (length 216)
prokka_ANT_1/ANT_1:Prokka:ANT_1_03571 (length 117)
prokka_ANT_1/ANT_1:Prokka:ANT_1_03572 (length 224)
prokka_ANT_1/ANT_1:Prokka:ANT_1_03573 (length 115)
prokka_ANT_1/ANT_1:Prokka:ANT_1_03574 (length 355)
prokka_ANT_1/ANT_1:Prokka:ANT_1_03575 (length 334)
prokka_ANT_1/ANT_1:Prokka:ANT_1_03576 (length 454)
prokka_ANT_1/ANT_1:Prokka:ANT_1_03577 (length 301)
prokka_ANT_1/ANT_1:Prokka:ANT_1_03578 (length 303)
prokka_ANT_1/ANT_1:Prokka:ANT_1_03579 (length 96)
prokka_ANT_1/ANT_1:Prokka:ANT_1_03580 (length 223)
prokka_ANT_1/ANT_1:Prokka:ANT_1_03581 (length 101)
prokka_ANT_1/ANT_1:Prokka:ANT_1_03582 (length 167)
prokka_ANT_1/ANT_1:Prokka:ANT_1_03583 (length 147)
prokka_ANT_1/ANT_1:Prokka:ANT_1_03584 (length 262)
prokka_ANT_1/ANT_1:Prokka:ANT_1_03585 (length 63)
prokka_ANT_1/ANT_1:Prokka:ANT_1_03586 (length 174)
prokka_ANT_1/ANT_1:Prokka:ANT_1_03587 (length 229)
prokka_ANT_1/ANT_1:Prokka:ANT_1_03588 (length 152)
prokka_ANT_1/ANT_1:Prokka:ANT_1_03589 (length 269)
prokka_ANT_1/ANT_1:Prokka:ANT_1_03590 (length 101)
prokka_ANT_1/ANT_1:Prokka:ANT_1_03591 (length 87)
prokka_ANT_1/ANT_1:Prokka:ANT_1_03592 (length 1029)
prokka_ANT_1/ANT_1:Prokka:ANT_1_03593 (length 406)
prokka_ANT_1/ANT_1:Prokka:ANT_1_03594 (length 68)
prokka_ANT_1/ANT_1:Prokka:ANT_1_03595 (length 222)
prokka_ANT_1/ANT_1:Prokka:ANT_1_03596 (length 81)
prokka_ANT_1/ANT_1:Prokka:ANT_1_03597 (length 177)
prokka_ANT_1/ANT_1:Prokka:ANT_1_03598 (length 98)
prokka_ANT_1/ANT_1:Prokka:ANT_1_03599 (length 62)
prokka_ANT_1/ANT_1:Prokka:ANT_1_03600 (length 224)
prokka_ANT_1/ANT_1:Prokka:ANT_1_03601 (length 522)
prokka_ANT_1/ANT_1:Prokka:ANT_1_03602 (length 351)
prokka_ANT_1/ANT_1:Prokka:ANT_1_03603 (length 286)
prokka_ANT_1/ANT_1:Prokka:ANT_1_03604 (length 282)
prokka_ANT_1/ANT_1:Prokka:ANT_1_03605 (length 94)
prokka_ANT_1/ANT_1:Prokka:ANT_1_87 (length 20174)
prokka_ANT_1/ANT_1:Prokka:ANT_1_03606 (length 60)
prokka_ANT_1/ANT_1:Prokka:ANT_1_03607 (length 111)
prokka_ANT_1/ANT_1:Prokka:ANT_1_03608 (length 717)
prokka_ANT_1/ANT_1:Prokka:ANT_1_03609 (length 240)
prokka_ANT_1/ANT_1:Prokka:ANT_1_03610 (length 309)
prokka_ANT_1/ANT_1:Prokka:ANT_1_03611 (length 560)
prokka_ANT_1/ANT_1:Prokka:ANT_1_03612 (length 82)
prokka_ANT_1/ANT_1:Prokka:ANT_1_03613 (length 245)
prokka_ANT_1/ANT_1:Prokka:ANT_1_03614 (length 211)
prokka_ANT_1/ANT_1:Prokka:ANT_1_03615 (length 307)
prokka_ANT_1/ANT_1:Prokka:ANT_1_03616 (length 224)
prokka_ANT_1/ANT_1:Prokka:ANT_1_03617 (length 245)
prokka_ANT_1/ANT_1:Prokka:ANT_1_03618 (length 74)
prokka_ANT_1/ANT_1:Prokka:ANT_1_03619 (length 81)
prokka_ANT_1/ANT_1:Prokka:ANT_1_03620 (length 79)
prokka_ANT_1/ANT_1:Prokka:ANT_1_03621 (length 66)
prokka_ANT_1/ANT_1:Prokka:ANT_1_03622 (length 583)
prokka_ANT_1/ANT_1:Prokka:ANT_1_03623 (length 155)
prokka_ANT_1/ANT_1:Prokka:ANT_1_03624 (length 95)
prokka_ANT_1/ANT_1:Prokka:ANT_1_03625 (length 126)
prokka_ANT_1/ANT_1:Prokka:ANT_1_03626 (length 48)
prokka_ANT_1/ANT_1:Prokka:ANT_1_03627 (length 420)
prokka_ANT_1/ANT_1:Prokka:ANT_1_03628 (length 139)
prokka_ANT_1/ANT_1:Prokka:ANT_1_03629 (length 106)
prokka_ANT_1/ANT_1:Prokka:ANT_1_03630 (length 142)
prokka_ANT_1/ANT_1:Prokka:ANT_1_03631 (length 201)
prokka_ANT_1/ANT_1:Prokka:ANT_1_88 (length 86414)
prokka_ANT_1/ANT_1:Prokka:ANT_1_03632 (length 121)
prokka_ANT_1/ANT_1:Prokka:ANT_1_03633 (length 96)
prokka_ANT_1/ANT_1:Prokka:ANT_1_03634 (length 110)
prokka_ANT_1/ANT_1:Prokka:ANT_1_03635 (length 76)
prokka_ANT_1/ANT_1:Prokka:ANT_1_03636 (length 247)
prokka_ANT_1/ANT_1:Prokka:ANT_1_03637 (length 663)
prokka_ANT_1/ANT_1:Prokka:ANT_1_03638 (length 139)
prokka_ANT_1/ANT_1:Prokka:ANT_1_03639 (length 136)
prokka_ANT_1/ANT_1:Prokka:ANT_1_03640 (length 141)
prokka_ANT_1/ANT_1:Prokka:ANT_1_03641 (length 136)
prokka_ANT_1/ANT_1:Prokka:ANT_1_03642 (length 74)
prokka_ANT_1/ANT_1:Prokka:ANT_1_03643 (length 226)
prokka_ANT_1/ANT_1:Prokka:ANT_1_03644 (length 80)
prokka_ANT_1/ANT_1:Prokka:ANT_1_03645 (length 68)
prokka_ANT_1/ANT_1:Prokka:ANT_1_03646 (length 77)
prokka_ANT_1/ANT_1:Prokka:ANT_1_03647 (length 126)
prokka_ANT_1/ANT_1:Prokka:ANT_1_03648 (length 318)
prokka_ANT_1/ANT_1:Prokka:ANT_1_03649 (length 163)
prokka_ANT_1/ANT_1:Prokka:ANT_1_03650 (length 151)
prokka_ANT_1/ANT_1:Prokka:ANT_1_03651 (length 53)
prokka_ANT_1/ANT_1:Prokka:ANT_1_03652 (length 1273)
prokka_ANT_1/ANT_1:Prokka:ANT_1_03653 (length 198)
prokka_ANT_1/ANT_1:Prokka:ANT_1_03654 (length 92)
prokka_ANT_1/ANT_1:Prokka:ANT_1_03655 (length 204)
prokka_ANT_1/ANT_1:Prokka:ANT_1_03656 (length 305)
prokka_ANT_1/ANT_1:Prokka:ANT_1_03657 (length 73)
prokka_ANT_1/ANT_1:Prokka:ANT_1_03658 (length 170)
prokka_ANT_1/ANT_1:Prokka:ANT_1_03659 (length 432)
prokka_ANT_1/ANT_1:Prokka:ANT_1_03660 (length 259)
prokka_ANT_1/ANT_1:Prokka:ANT_1_03661 (length 233)
prokka_ANT_1/ANT_1:Prokka:ANT_1_03662 (length 368)
prokka_ANT_1/ANT_1:Prokka:ANT_1_03663 (length 109)
prokka_ANT_1/ANT_1:Prokka:ANT_1_03664 (length 112)
prokka_ANT_1/ANT_1:Prokka:ANT_1_03665 (length 192)
prokka_ANT_1/ANT_1:Prokka:ANT_1_03666 (length 292)
prokka_ANT_1/ANT_1:Prokka:ANT_1_03667 (length 403)
prokka_ANT_1/ANT_1:Prokka:ANT_1_03668 (length 185)
prokka_ANT_1/ANT_1:Prokka:ANT_1_03669 (length 458)
prokka_ANT_1/ANT_1:Prokka:ANT_1_03670 (length 238)
prokka_ANT_1/ANT_1:Prokka:ANT_1_03671 (length 103)
prokka_ANT_1/ANT_1:Prokka:ANT_1_03672 (length 33)
prokka_ANT_1/ANT_1:Prokka:ANT_1_03673 (length 323)
prokka_ANT_1/ANT_1:Prokka:ANT_1_03674 (length 399)
prokka_ANT_1/ANT_1:Prokka:ANT_1_03675 (length 247)
prokka_ANT_1/ANT_1:Prokka:ANT_1_03676 (length 107)
prokka_ANT_1/ANT_1:Prokka:ANT_1_03677 (length 83)
prokka_ANT_1/ANT_1:Prokka:ANT_1_03678 (length 347)
prokka_ANT_1/ANT_1:Prokka:ANT_1_03679 (length 1094)
prokka_ANT_1/ANT_1:Prokka:ANT_1_03680 (length 73)
prokka_ANT_1/ANT_1:Prokka:ANT_1_03681 (length 333)
prokka_ANT_1/ANT_1:Prokka:ANT_1_03682 (length 109)
prokka_ANT_1/ANT_1:Prokka:ANT_1_03683 (length 221)
prokka_ANT_1/ANT_1:Prokka:ANT_1_03684 (length 212)
prokka_ANT_1/ANT_1:Prokka:ANT_1_03685 (length 77)
prokka_ANT_1/ANT_1:Prokka:ANT_1_03686 (length 128)
prokka_ANT_1/ANT_1:Prokka:ANT_1_03687 (length 227)
prokka_ANT_1/ANT_1:Prokka:ANT_1_03688 (length 252)
prokka_ANT_1/ANT_1:Prokka:ANT_1_03689 (length 253)
prokka_ANT_1/ANT_1:Prokka:ANT_1_03690 (length 373)
prokka_ANT_1/ANT_1:Prokka:ANT_1_03691 (length 289)
prokka_ANT_1/ANT_1:Prokka:ANT_1_03692 (length 94)
prokka_ANT_1/ANT_1:Prokka:ANT_1_03693 (length 269)
prokka_ANT_1/ANT_1:Prokka:ANT_1_03694 (length 238)
prokka_ANT_1/ANT_1:Prokka:ANT_1_03695 (length 170)
prokka_ANT_1/ANT_1:Prokka:ANT_1_03696 (length 35)
prokka_ANT_1/ANT_1:Prokka:ANT_1_03697 (length 245)
prokka_ANT_1/ANT_1:Prokka:ANT_1_03698 (length 173)
prokka_ANT_1/ANT_1:Prokka:ANT_1_03699 (length 354)
prokka_ANT_1/ANT_1:Prokka:ANT_1_03700 (length 214)
prokka_ANT_1/ANT_1:Prokka:ANT_1_03701 (length 41)
prokka_ANT_1/ANT_1:Prokka:ANT_1_03702 (length 354)
prokka_ANT_1/ANT_1:Prokka:ANT_1_03703 (length 87)
prokka_ANT_1/ANT_1:Prokka:ANT_1_03704 (length 269)
prokka_ANT_1/ANT_1:Prokka:ANT_1_03705 (length 67)
prokka_ANT_1/ANT_1:Prokka:ANT_1_03706 (length 1839)
prokka_ANT_1/ANT_1:Prokka:ANT_1_03707 (length 870)
prokka_ANT_1/ANT_1:Prokka:ANT_1_03708 (length 104)
prokka_ANT_1/ANT_1:Prokka:ANT_1_03709 (length 243)
prokka_ANT_1/ANT_1:Prokka:ANT_1_03710 (length 189)
prokka_ANT_1/ANT_1:Prokka:ANT_1_03711 (length 1055)
prokka_ANT_1/ANT_1:Prokka:ANT_1_03712 (length 455)
prokka_ANT_1/ANT_1:Prokka:ANT_1_03713 (length 100)
prokka_ANT_1/ANT_1:Prokka:ANT_1_03714 (length 200)
prokka_ANT_1/ANT_1:Prokka:ANT_1_03715 (length 69)
prokka_ANT_1/ANT_1:Prokka:ANT_1_03716 (length 150)
prokka_ANT_1/ANT_1:Prokka:ANT_1_03717 (length 259)
prokka_ANT_1/ANT_1:Prokka:ANT_1_89 (length 158282)
prokka_ANT_1/ANT_1:Prokka:ANT_1_03719 (length 171)
prokka_ANT_1/ANT_1:Prokka:ANT_1_03720 (length 138)
prokka_ANT_1/ANT_1:Prokka:ANT_1_03721 (length 112)
prokka_ANT_1/ANT_1:Prokka:ANT_1_03722 (length 66)
prokka_ANT_1/ANT_1:Prokka:ANT_1_03723 (length 500)
prokka_ANT_1/ANT_1:Prokka:ANT_1_03724 (length 425)
prokka_ANT_1/ANT_1:Prokka:ANT_1_03725 (length 358)
prokka_ANT_1/ANT_1:Prokka:ANT_1_03726 (length 366)
prokka_ANT_1/ANT_1:Prokka:ANT_1_03727 (length 502)
prokka_ANT_1/ANT_1:Prokka:ANT_1_03728 (length 151)
prokka_ANT_1/ANT_1:Prokka:ANT_1_03729 (length 951)
prokka_ANT_1/ANT_1:Prokka:ANT_1_03730 (length 338)
prokka_ANT_1/ANT_1:Prokka:ANT_1_03731 (length 395)
prokka_ANT_1/ANT_1:Prokka:ANT_1_03732 (length 167)
prokka_ANT_1/ANT_1:Prokka:ANT_1_03733 (length 254)
prokka_ANT_1/ANT_1:Prokka:ANT_1_03734 (length 143)
prokka_ANT_1/ANT_1:Prokka:ANT_1_03735 (length 336)
prokka_ANT_1/ANT_1:Prokka:ANT_1_03736 (length 406)
prokka_ANT_1/ANT_1:Prokka:ANT_1_03737 (length 313)
prokka_ANT_1/ANT_1:Prokka:ANT_1_03738 (length 334)
prokka_ANT_1/ANT_1:Prokka:ANT_1_03739 (length 468)
prokka_ANT_1/ANT_1:Prokka:ANT_1_03740 (length 177)
prokka_ANT_1/ANT_1:Prokka:ANT_1_03741 (length 30)
prokka_ANT_1/ANT_1:Prokka:ANT_1_03742 (length 311)
prokka_ANT_1/ANT_1:Prokka:ANT_1_03743 (length 154)
prokka_ANT_1/ANT_1:Prokka:ANT_1_03744 (length 128)
prokka_ANT_1/ANT_1:Prokka:ANT_1_03745 (length 790)
prokka_ANT_1/ANT_1:Prokka:ANT_1_03746 (length 553)
prokka_ANT_1/ANT_1:Prokka:ANT_1_03747 (length 850)
prokka_ANT_1/ANT_1:Prokka:ANT_1_03748 (length 711)
prokka_ANT_1/ANT_1:Prokka:ANT_1_03749 (length 156)
prokka_ANT_1/ANT_1:Prokka:ANT_1_03750 (length 398)
prokka_ANT_1/ANT_1:Prokka:ANT_1_03751 (length 205)
prokka_ANT_1/ANT_1:Prokka:ANT_1_03752 (length 132)
prokka_ANT_1/ANT_1:Prokka:ANT_1_03753 (length 173)
prokka_ANT_1/ANT_1:Prokka:ANT_1_03754 (length 101)
prokka_ANT_1/ANT_1:Prokka:ANT_1_03755 (length 167)
prokka_ANT_1/ANT_1:Prokka:ANT_1_03756 (length 175)
prokka_ANT_1/ANT_1:Prokka:ANT_1_03757 (length 331)
prokka_ANT_1/ANT_1:Prokka:ANT_1_03758 (length 292)
prokka_ANT_1/ANT_1:Prokka:ANT_1_03759 (length 370)
prokka_ANT_1/ANT_1:Prokka:ANT_1_03760 (length 384)
prokka_ANT_1/ANT_1:Prokka:ANT_1_03761 (length 323)
prokka_ANT_1/ANT_1:Prokka:ANT_1_03762 (length 69)
prokka_ANT_1/ANT_1:Prokka:ANT_1_03763 (length 335)
prokka_ANT_1/ANT_1:Prokka:ANT_1_03764 (length 639)
prokka_ANT_1/ANT_1:Prokka:ANT_1_03765 (length 294)
prokka_ANT_1/ANT_1:Prokka:ANT_1_03766 (length 713)
prokka_ANT_1/ANT_1:Prokka:ANT_1_03767 (length 89)
prokka_ANT_1/ANT_1:Prokka:ANT_1_03768 (length 314)
prokka_ANT_1/ANT_1:Prokka:ANT_1_03769 (length 137)
prokka_ANT_1/ANT_1:Prokka:ANT_1_03770 (length 897)
prokka_ANT_1/ANT_1:Prokka:ANT_1_03771 (length 501)
prokka_ANT_1/ANT_1:Prokka:ANT_1_03772 (length 192)
prokka_ANT_1/ANT_1:Prokka:ANT_1_03775 (length 110)
prokka_ANT_1/ANT_1:Prokka:ANT_1_03776 (length 458)
prokka_ANT_1/ANT_1:Prokka:ANT_1_03777 (length 279)
prokka_ANT_1/ANT_1:Prokka:ANT_1_03778 (length 647)
prokka_ANT_1/ANT_1:Prokka:ANT_1_03779 (length 209)
prokka_ANT_1/ANT_1:Prokka:ANT_1_03780 (length 97)
prokka_ANT_1/ANT_1:Prokka:ANT_1_03781 (length 49)
prokka_ANT_1/ANT_1:Prokka:ANT_1_03782 (length 160)
prokka_ANT_1/ANT_1:Prokka:ANT_1_03783 (length 463)
prokka_ANT_1/ANT_1:Prokka:ANT_1_03784 (length 220)
prokka_ANT_1/ANT_1:Prokka:ANT_1_03785 (length 351)
prokka_ANT_1/ANT_1:Prokka:ANT_1_03786 (length 391)
prokka_ANT_1/ANT_1:Prokka:ANT_1_03787 (length 537)
prokka_ANT_1/ANT_1:Prokka:ANT_1_03788 (length 284)
prokka_ANT_1/ANT_1:Prokka:ANT_1_03789 (length 252)
prokka_ANT_1/ANT_1:Prokka:ANT_1_03790 (length 136)
prokka_ANT_1/ANT_1:Prokka:ANT_1_03791 (length 393)
prokka_ANT_1/ANT_1:Prokka:ANT_1_03792 (length 331)
prokka_ANT_1/ANT_1:Prokka:ANT_1_03793 (length 85)
prokka_ANT_1/ANT_1:Prokka:ANT_1_03794 (length 103)
prokka_ANT_1/ANT_1:Prokka:ANT_1_03795 (length 324)
prokka_ANT_1/ANT_1:Prokka:ANT_1_03796 (length 86)
prokka_ANT_1/ANT_1:Prokka:ANT_1_03797 (length 420)
prokka_ANT_1/ANT_1:Prokka:ANT_1_03798 (length 84)
prokka_ANT_1/ANT_1:Prokka:ANT_1_03799 (length 98)
prokka_ANT_1/ANT_1:Prokka:ANT_1_03800 (length 211)
prokka_ANT_1/ANT_1:Prokka:ANT_1_03801 (length 186)
prokka_ANT_1/ANT_1:Prokka:ANT_1_03802 (length 260)
prokka_ANT_1/ANT_1:Prokka:ANT_1_03803 (length 273)
prokka_ANT_1/ANT_1:Prokka:ANT_1_03804 (length 326)
prokka_ANT_1/ANT_1:Prokka:ANT_1_03805 (length 329)
prokka_ANT_1/ANT_1:Prokka:ANT_1_03806 (length 188)
prokka_ANT_1/ANT_1:Prokka:ANT_1_03807 (length 191)
prokka_ANT_1/ANT_1:Prokka:ANT_1_03808 (length 182)
prokka_ANT_1/ANT_1:Prokka:ANT_1_03809 (length 241)
prokka_ANT_1/ANT_1:Prokka:ANT_1_03810 (length 477)
prokka_ANT_1/ANT_1:Prokka:ANT_1_03811 (length 95)
prokka_ANT_1/ANT_1:Prokka:ANT_1_03812 (length 160)
prokka_ANT_1/ANT_1:Prokka:ANT_1_03813 (length 284)
prokka_ANT_1/ANT_1:Prokka:ANT_1_03814 (length 90)
prokka_ANT_1/ANT_1:Prokka:ANT_1_03815 (length 248)
prokka_ANT_1/ANT_1:Prokka:ANT_1_03816 (length 373)
prokka_ANT_1/ANT_1:Prokka:ANT_1_03817 (length 285)
prokka_ANT_1/ANT_1:Prokka:ANT_1_03818 (length 250)
prokka_ANT_1/ANT_1:Prokka:ANT_1_03819 (length 161)
prokka_ANT_1/ANT_1:Prokka:ANT_1_03820 (length 139)
prokka_ANT_1/ANT_1:Prokka:ANT_1_03821 (length 923)
prokka_ANT_1/ANT_1:Prokka:ANT_1_03822 (length 241)
prokka_ANT_1/ANT_1:Prokka:ANT_1_03823 (length 779)
prokka_ANT_1/ANT_1:Prokka:ANT_1_03824 (length 1843)
prokka_ANT_1/ANT_1:Prokka:ANT_1_03825 (length 585)
prokka_ANT_1/ANT_1:Prokka:ANT_1_03826 (length 166)
prokka_ANT_1/ANT_1:Prokka:ANT_1_03827 (length 213)
prokka_ANT_1/ANT_1:Prokka:ANT_1_03828 (length 130)
prokka_ANT_1/ANT_1:Prokka:ANT_1_03829 (length 142)
prokka_ANT_1/ANT_1:Prokka:ANT_1_03830 (length 375)
prokka_ANT_1/ANT_1:Prokka:ANT_1_03831 (length 132)
prokka_ANT_1/ANT_1:Prokka:ANT_1_03832 (length 463)
prokka_ANT_1/ANT_1:Prokka:ANT_1_03833 (length 357)
prokka_ANT_1/ANT_1:Prokka:ANT_1_03834 (length 311)
prokka_ANT_1/ANT_1:Prokka:ANT_1_03835 (length 156)
prokka_ANT_1/ANT_1:Prokka:ANT_1_03836 (length 87)
prokka_ANT_1/ANT_1:Prokka:ANT_1_03837 (length 89)
prokka_ANT_1/ANT_1:Prokka:ANT_1_03838 (length 87)
prokka_ANT_1/ANT_1:Prokka:ANT_1_03839 (length 89)
prokka_ANT_1/ANT_1:Prokka:ANT_1_03840 (length 484)
prokka_ANT_1/ANT_1:Prokka:ANT_1_03841 (length 652)
prokka_ANT_1/ANT_1:Prokka:ANT_1_03842 (length 310)
prokka_ANT_1/ANT_1:Prokka:ANT_1_03843 (length 67)
prokka_ANT_1/ANT_1:Prokka:ANT_1_03844 (length 305)
prokka_ANT_1/ANT_1:Prokka:ANT_1_03845 (length 481)
prokka_ANT_1/ANT_1:Prokka:ANT_1_03846 (length 1267)
prokka_ANT_1/ANT_1:Prokka:ANT_1_03847 (length 489)
prokka_ANT_1/ANT_1:Prokka:ANT_1_03848 (length 193)
prokka_ANT_1/ANT_1:Prokka:ANT_1_03849 (length 162)
prokka_ANT_1/ANT_1:Prokka:ANT_1_03850 (length 338)
prokka_ANT_1/ANT_1:Prokka:ANT_1_03851 (length 347)
prokka_ANT_1/ANT_1:Prokka:ANT_1_03852 (length 653)
prokka_ANT_1/ANT_1:Prokka:ANT_1_03853 (length 325)
prokka_ANT_1/ANT_1:Prokka:ANT_1_03854 (length 334)
prokka_ANT_1/ANT_1:Prokka:ANT_1_03855 (length 203)
prokka_ANT_1/ANT_1:Prokka:ANT_1_03856 (length 150)
prokka_ANT_1/ANT_1:Prokka:ANT_1_03857 (length 158)
prokka_ANT_1/ANT_1:Prokka:ANT_1_03858 (length 449)
prokka_ANT_1/ANT_1:Prokka:ANT_1_03859 (length 80)
prokka_ANT_1/ANT_1:Prokka:ANT_1_03860 (length 484)
prokka_ANT_1/ANT_1:Prokka:ANT_1_03861 (length 293)
prokka_ANT_1/ANT_1:Prokka:ANT_1_03862 (length 290)
prokka_ANT_1/ANT_1:Prokka:ANT_1_03863 (length 98)
prokka_ANT_1/ANT_1:Prokka:ANT_1_03864 (length 306)
prokka_ANT_1/ANT_1:Prokka:ANT_1_03865 (length 341)
prokka_ANT_1/ANT_1:Prokka:ANT_1_03866 (length 392)
prokka_ANT_1/ANT_1:Prokka:ANT_1_03867 (length 366)
prokka_ANT_1/ANT_1:Prokka:ANT_1_03868 (length 253)
prokka_ANT_1/ANT_1:Prokka:ANT_1_90 (length 8856)
prokka_ANT_1/ANT_1:Prokka:ANT_1_03872 (length 110)
prokka_ANT_1/ANT_1:Prokka:ANT_1_03873 (length 240)
prokka_ANT_1/ANT_1:Prokka:ANT_1_03874 (length 142)
prokka_ANT_1/ANT_1:Prokka:ANT_1_03875 (length 427)
prokka_ANT_1/ANT_1:Prokka:ANT_1_03876 (length 119)
prokka_ANT_1/ANT_1:Prokka:ANT_1_03877 (length 157)
prokka_ANT_1/ANT_1:Prokka:ANT_1_03878 (length 216)
prokka_ANT_1/ANT_1:Prokka:ANT_1_03879 (length 147)
prokka_ANT_1/ANT_1:Prokka:ANT_1_03880 (length 208)
prokka_ANT_1/ANT_1:Prokka:ANT_1_03881 (length 161)
prokka_ANT_1/ANT_1:Prokka:ANT_1_03882 (length 109)
prokka_ANT_1/ANT_1:Prokka:ANT_1_03883 (length 98)
prokka_ANT_1/ANT_1:Prokka:ANT_1_91 (length 5449)
prokka_ANT_1/ANT_1:Prokka:ANT_1_03884 (length 279)
prokka_ANT_1/ANT_1:Prokka:ANT_1_03885 (length 102)
prokka_ANT_1/ANT_1:Prokka:ANT_1_03886 (length 115)
prokka_ANT_1/ANT_1:Prokka:ANT_1_03887 (length 178)
prokka_ANT_1/ANT_1:Prokka:ANT_1_03888 (length 252)
prokka_ANT_1/ANT_1:Prokka:ANT_1_03889 (length 227)
prokka_ANT_1/ANT_1:Prokka:ANT_1_03890 (length 120)
prokka_ANT_1/ANT_1:Prokka:ANT_1_92 (length 3017)
prokka_ANT_1/ANT_1:Prokka:ANT_1_03891 (length 196)
prokka_ANT_1/ANT_1:Prokka:ANT_1_03892 (length 114)
prokka_ANT_1/ANT_1:Prokka:ANT_1_03893 (length 176)
prokka_ANT_1/ANT_1:Prokka:ANT_1_03894 (length 82)
prokka_ANT_1/ANT_1:Prokka:ANT_1_03895 (length 153)
prokka_ANT_1/ANT_1:Prokka:ANT_1_03896 (length 129)
prokka_ANT_1/ANT_1:Prokka:ANT_1_93 (length 25678)
prokka_ANT_1/ANT_1:Prokka:ANT_1_03897 (length 164)
prokka_ANT_1/ANT_1:Prokka:ANT_1_03898 (length 218)
prokka_ANT_1/ANT_1:Prokka:ANT_1_03899 (length 157)
prokka_ANT_1/ANT_1:Prokka:ANT_1_03900 (length 372)
prokka_ANT_1/ANT_1:Prokka:ANT_1_03901 (length 214)
prokka_ANT_1/ANT_1:Prokka:ANT_1_03902 (length 456)
prokka_ANT_1/ANT_1:Prokka:ANT_1_03903 (length 222)
prokka_ANT_1/ANT_1:Prokka:ANT_1_03904 (length 486)
prokka_ANT_1/ANT_1:Prokka:ANT_1_03905 (length 375)
prokka_ANT_1/ANT_1:Prokka:ANT_1_03906 (length 415)
prokka_ANT_1/ANT_1:Prokka:ANT_1_03907 (length 186)
prokka_ANT_1/ANT_1:Prokka:ANT_1_03908 (length 390)
prokka_ANT_1/ANT_1:Prokka:ANT_1_03909 (length 304)
prokka_ANT_1/ANT_1:Prokka:ANT_1_03910 (length 414)
prokka_ANT_1/ANT_1:Prokka:ANT_1_03911 (length 234)
prokka_ANT_1/ANT_1:Prokka:ANT_1_03912 (length 399)
prokka_ANT_1/ANT_1:Prokka:ANT_1_03913 (length 464)
prokka_ANT_1/ANT_1:Prokka:ANT_1_03914 (length 87)
prokka_ANT_1/ANT_1:Prokka:ANT_1_03915 (length 582)
prokka_ANT_1/ANT_1:Prokka:ANT_1_03916 (length 100)
prokka_ANT_1/ANT_1:Prokka:ANT_1_03917 (length 115)
prokka_ANT_1/ANT_1:Prokka:ANT_1_03918 (length 123)
prokka_ANT_1/ANT_1:Prokka:ANT_1_03919 (length 189)
prokka_ANT_1/ANT_1:Prokka:ANT_1_03920 (length 96)
prokka_ANT_1/ANT_1:Prokka:ANT_1_03921 (length 318)
prokka_ANT_1/ANT_1:Prokka:ANT_1_94 (length 7380)
prokka_ANT_1/ANT_1:Prokka:ANT_1_03922 (length 72)
prokka_ANT_1/ANT_1:Prokka:ANT_1_03923 (length 180)
prokka_ANT_1/ANT_1:Prokka:ANT_1_03924 (length 725)
prokka_ANT_1/ANT_1:Prokka:ANT_1_03925 (length 225)
prokka_ANT_1/ANT_1:Prokka:ANT_1_03926 (length 154)
prokka_ANT_1/ANT_1:Prokka:ANT_1_03927 (length 180)
prokka_ANT_1/ANT_1:Prokka:ANT_1_03928 (length 213)
prokka_ANT_1/ANT_1:Prokka:ANT_1_03929 (length 325)
prokka_ANT_1/ANT_1:Prokka:ANT_1_95 (length 34427)
prokka_ANT_1/ANT_1:Prokka:ANT_1_03930 (length 513)
prokka_ANT_1/ANT_1:Prokka:ANT_1_03931 (length 81)
prokka_ANT_1/ANT_1:Prokka:ANT_1_03932 (length 371)
prokka_ANT_1/ANT_1:Prokka:ANT_1_03933 (length 401)
prokka_ANT_1/ANT_1:Prokka:ANT_1_03934 (length 247)
prokka_ANT_1/ANT_1:Prokka:ANT_1_03935 (length 200)
prokka_ANT_1/ANT_1:Prokka:ANT_1_03936 (length 1039)
prokka_ANT_1/ANT_1:Prokka:ANT_1_03937 (length 136)
prokka_ANT_1/ANT_1:Prokka:ANT_1_03938 (length 193)
prokka_ANT_1/ANT_1:Prokka:ANT_1_03939 (length 139)
prokka_ANT_1/ANT_1:Prokka:ANT_1_03940 (length 112)
prokka_ANT_1/ANT_1:Prokka:ANT_1_03941 (length 271)
prokka_ANT_1/ANT_1:Prokka:ANT_1_03942 (length 289)
prokka_ANT_1/ANT_1:Prokka:ANT_1_03943 (length 446)
prokka_ANT_1/ANT_1:Prokka:ANT_1_03944 (length 199)
prokka_ANT_1/ANT_1:Prokka:ANT_1_03945 (length 362)
prokka_ANT_1/ANT_1:Prokka:ANT_1_03946 (length 365)
prokka_ANT_1/ANT_1:Prokka:ANT_1_03947 (length 296)
prokka_ANT_1/ANT_1:Prokka:ANT_1_03948 (length 381)
prokka_ANT_1/ANT_1:Prokka:ANT_1_03949 (length 404)
prokka_ANT_1/ANT_1:Prokka:ANT_1_03950 (length 610)
prokka_ANT_1/ANT_1:Prokka:ANT_1_03951 (length 139)
prokka_ANT_1/ANT_1:Prokka:ANT_1_03952 (length 307)
prokka_ANT_1/ANT_1:Prokka:ANT_1_03953 (length 279)
prokka_ANT_1/ANT_1:Prokka:ANT_1_03954 (length 341)
prokka_ANT_1/ANT_1:Prokka:ANT_1_03955 (length 137)
prokka_ANT_1/ANT_1:Prokka:ANT_1_03956 (length 265)
prokka_ANT_1/ANT_1:Prokka:ANT_1_03957 (length 150)
prokka_ANT_1/ANT_1:Prokka:ANT_1_03958 (length 176)
prokka_ANT_1/ANT_1:Prokka:ANT_1_03959 (length 571)
prokka_ANT_1/ANT_1:Prokka:ANT_1_03960 (length 57)
prokka_ANT_1/ANT_1:Prokka:ANT_1_03961 (length 221)
prokka_ANT_1/ANT_1:Prokka:ANT_1_03962 (length 558)
prokka_ANT_1/ANT_1:Prokka:ANT_1_96 (length 83253)
prokka_ANT_1/ANT_1:Prokka:ANT_1_03963 (length 311)
prokka_ANT_1/ANT_1:Prokka:ANT_1_03964 (length 301)
prokka_ANT_1/ANT_1:Prokka:ANT_1_03965 (length 203)
prokka_ANT_1/ANT_1:Prokka:ANT_1_03966 (length 319)
prokka_ANT_1/ANT_1:Prokka:ANT_1_03967 (length 266)
prokka_ANT_1/ANT_1:Prokka:ANT_1_03968 (length 278)
prokka_ANT_1/ANT_1:Prokka:ANT_1_03969 (length 99)
prokka_ANT_1/ANT_1:Prokka:ANT_1_03970 (length 289)
prokka_ANT_1/ANT_1:Prokka:ANT_1_03971 (length 550)
prokka_ANT_1/ANT_1:Prokka:ANT_1_03972 (length 575)
prokka_ANT_1/ANT_1:Prokka:ANT_1_03973 (length 398)
prokka_ANT_1/ANT_1:Prokka:ANT_1_03974 (length 236)
prokka_ANT_1/ANT_1:Prokka:ANT_1_03975 (length 266)
prokka_ANT_1/ANT_1:Prokka:ANT_1_03976 (length 309)
prokka_ANT_1/ANT_1:Prokka:ANT_1_03977 (length 478)
prokka_ANT_1/ANT_1:Prokka:ANT_1_03978 (length 203)
prokka_ANT_1/ANT_1:Prokka:ANT_1_03979 (length 307)
prokka_ANT_1/ANT_1:Prokka:ANT_1_03980 (length 154)
prokka_ANT_1/ANT_1:Prokka:ANT_1_03981 (length 331)
prokka_ANT_1/ANT_1:Prokka:ANT_1_03982 (length 160)
prokka_ANT_1/ANT_1:Prokka:ANT_1_03983 (length 468)
prokka_ANT_1/ANT_1:Prokka:ANT_1_03984 (length 710)
prokka_ANT_1/ANT_1:Prokka:ANT_1_03985 (length 188)
prokka_ANT_1/ANT_1:Prokka:ANT_1_03986 (length 174)
prokka_ANT_1/ANT_1:Prokka:ANT_1_03987 (length 238)
prokka_ANT_1/ANT_1:Prokka:ANT_1_03988 (length 807)
prokka_ANT_1/ANT_1:Prokka:ANT_1_03989 (length 328)
prokka_ANT_1/ANT_1:Prokka:ANT_1_03990 (length 440)
prokka_ANT_1/ANT_1:Prokka:ANT_1_03991 (length 140)
prokka_ANT_1/ANT_1:Prokka:ANT_1_03992 (length 244)
prokka_ANT_1/ANT_1:Prokka:ANT_1_03993 (length 396)
prokka_ANT_1/ANT_1:Prokka:ANT_1_03994 (length 218)
prokka_ANT_1/ANT_1:Prokka:ANT_1_03995 (length 487)
prokka_ANT_1/ANT_1:Prokka:ANT_1_03996 (length 460)
prokka_ANT_1/ANT_1:Prokka:ANT_1_03997 (length 297)
prokka_ANT_1/ANT_1:Prokka:ANT_1_03998 (length 385)
prokka_ANT_1/ANT_1:Prokka:ANT_1_03999 (length 274)
prokka_ANT_1/ANT_1:Prokka:ANT_1_04000 (length 475)
prokka_ANT_1/ANT_1:Prokka:ANT_1_04001 (length 245)
prokka_ANT_1/ANT_1:Prokka:ANT_1_04002 (length 758)
prokka_ANT_1/ANT_1:Prokka:ANT_1_04003 (length 255)
prokka_ANT_1/ANT_1:Prokka:ANT_1_04004 (length 193)
prokka_ANT_1/ANT_1:Prokka:ANT_1_04005 (length 102)
prokka_ANT_1/ANT_1:Prokka:ANT_1_04006 (length 300)
prokka_ANT_1/ANT_1:Prokka:ANT_1_04007 (length 55)
prokka_ANT_1/ANT_1:Prokka:ANT_1_04008 (length 631)
prokka_ANT_1/ANT_1:Prokka:ANT_1_04009 (length 192)
prokka_ANT_1/ANT_1:Prokka:ANT_1_04010 (length 275)
prokka_ANT_1/ANT_1:Prokka:ANT_1_04011 (length 139)
prokka_ANT_1/ANT_1:Prokka:ANT_1_04012 (length 211)
prokka_ANT_1/ANT_1:Prokka:ANT_1_04013 (length 489)
prokka_ANT_1/ANT_1:Prokka:ANT_1_04014 (length 220)
prokka_ANT_1/ANT_1:Prokka:ANT_1_04015 (length 386)
prokka_ANT_1/ANT_1:Prokka:ANT_1_04016 (length 261)
prokka_ANT_1/ANT_1:Prokka:ANT_1_04017 (length 218)
prokka_ANT_1/ANT_1:Prokka:ANT_1_04018 (length 95)
prokka_ANT_1/ANT_1:Prokka:ANT_1_04019 (length 478)
prokka_ANT_1/ANT_1:Prokka:ANT_1_04020 (length 944)
prokka_ANT_1/ANT_1:Prokka:ANT_1_04021 (length 434)
prokka_ANT_1/ANT_1:Prokka:ANT_1_04022 (length 206)
prokka_ANT_1/ANT_1:Prokka:ANT_1_04023 (length 406)
prokka_ANT_1/ANT_1:Prokka:ANT_1_04024 (length 273)
prokka_ANT_1/ANT_1:Prokka:ANT_1_04025 (length 119)
prokka_ANT_1/ANT_1:Prokka:ANT_1_04026 (length 201)
prokka_ANT_1/ANT_1:Prokka:ANT_1_04027 (length 337)
prokka_ANT_1/ANT_1:Prokka:ANT_1_04028 (length 71)
prokka_ANT_1/ANT_1:Prokka:ANT_1_04029 (length 581)
prokka_ANT_1/ANT_1:Prokka:ANT_1_04030 (length 613)
prokka_ANT_1/ANT_1:Prokka:ANT_1_04031 (length 191)
prokka_ANT_1/ANT_1:Prokka:ANT_1_04032 (length 344)
prokka_ANT_1/ANT_1:Prokka:ANT_1_04033 (length 514)
prokka_ANT_1/ANT_1:Prokka:ANT_1_04034 (length 308)
prokka_ANT_1/ANT_1:Prokka:ANT_1_04035 (length 139)
prokka_ANT_1/ANT_1:Prokka:ANT_1_04036 (length 383)
prokka_ANT_1/ANT_1:Prokka:ANT_1_97 (length 3039)
prokka_ANT_1/ANT_1:Prokka:ANT_1_04037 (length 547)
prokka_ANT_1/ANT_1:Prokka:ANT_1_04038 (length 321)
prokka_ANT_1/ANT_1:Prokka:ANT_1_98 (length 3038)
prokka_ANT_1/ANT_1:Prokka:ANT_1_04039 (length 547)
prokka_ANT_1/ANT_1:Prokka:ANT_1_04040 (length 320)
prokka_ANT_1/ANT_1:Prokka:ANT_1_99 (length 17058)
prokka_ANT_1/ANT_1:Prokka:ANT_1_04041 (length 115)
prokka_ANT_1/ANT_1:Prokka:ANT_1_04042 (length 100)
prokka_ANT_1/ANT_1:Prokka:ANT_1_04043 (length 69)
prokka_ANT_1/ANT_1:Prokka:ANT_1_04044 (length 65)
prokka_ANT_1/ANT_1:Prokka:ANT_1_04045 (length 72)
prokka_ANT_1/ANT_1:Prokka:ANT_1_04046 (length 95)
prokka_ANT_1/ANT_1:Prokka:ANT_1_04047 (length 150)
prokka_ANT_1/ANT_1:Prokka:ANT_1_04048 (length 61)
prokka_ANT_1/ANT_1:Prokka:ANT_1_04049 (length 250)
prokka_ANT_1/ANT_1:Prokka:ANT_1_04050 (length 131)
prokka_ANT_1/ANT_1:Prokka:ANT_1_04051 (length 143)
prokka_ANT_1/ANT_1:Prokka:ANT_1_04052 (length 133)
prokka_ANT_1/ANT_1:Prokka:ANT_1_04053 (length 287)
prokka_ANT_1/ANT_1:Prokka:ANT_1_04054 (length 31)
prokka_ANT_1/ANT_1:Prokka:ANT_1_04055 (length 62)
prokka_ANT_1/ANT_1:Prokka:ANT_1_04056 (length 334)
prokka_ANT_1/ANT_1:Prokka:ANT_1_04057 (length 63)
prokka_ANT_1/ANT_1:Prokka:ANT_1_04058 (length 57)
prokka_ANT_1/ANT_1:Prokka:ANT_1_04059 (length 64)
prokka_ANT_1/ANT_1:Prokka:ANT_1_04060 (length 81)
prokka_ANT_1/ANT_1:Prokka:ANT_1_04061 (length 59)
prokka_ANT_1/ANT_1:Prokka:ANT_1_04062 (length 222)
prokka_ANT_1/ANT_1:Prokka:ANT_1_04063 (length 94)
prokka_ANT_1/ANT_1:Prokka:ANT_1_04064 (length 220)
prokka_ANT_1/ANT_1:Prokka:ANT_1_04065 (length 61)
prokka_ANT_1/ANT_1:Prokka:ANT_1_04066 (length 97)
prokka_ANT_1/ANT_1:Prokka:ANT_1_04067 (length 230)
prokka_ANT_1/ANT_1:Prokka:ANT_1_04068 (length 329)
prokka_ANT_1/ANT_1:Prokka:ANT_1_04069 (length 231)
prokka_ANT_1/ANT_1:Prokka:ANT_1_04070 (length 45)
prokka_ANT_1/ANT_1:Prokka:ANT_1_04071 (length 112)
prokka_ANT_1/ANT_1:Prokka:ANT_1_04072 (length 240)
prokka_ANT_1/ANT_1:Prokka:ANT_1_04073 (length 115)
prokka_ANT_1/ANT_1:Prokka:ANT_1_04074 (length 63)
prokka_ANT_1/ANT_1:Prokka:ANT_1_04075 (length 122)
prokka_ANT_1/ANT_1:Prokka:ANT_1_100 (length 1112)
prokka_ANT_1/ANT_1:Prokka:ANT_1_101 (length 12915)
prokka_ANT_1/ANT_1:Prokka:ANT_1_04076 (length 298)
prokka_ANT_1/ANT_1:Prokka:ANT_1_04077 (length 2137)
prokka_ANT_1/ANT_1:Prokka:ANT_1_04078 (length 136)
prokka_ANT_1/ANT_1:Prokka:ANT_1_04079 (length 634)
prokka_ANT_1/ANT_1:Prokka:ANT_1_04080 (length 307)
prokka_ANT_1/ANT_1:Prokka:ANT_1_102 (length 41535)
prokka_ANT_1/ANT_1:Prokka:ANT_1_04081 (length 92)
prokka_ANT_1/ANT_1:Prokka:ANT_1_04082 (length 169)
prokka_ANT_1/ANT_1:Prokka:ANT_1_04083 (length 247)
prokka_ANT_1/ANT_1:Prokka:ANT_1_04084 (length 66)
prokka_ANT_1/ANT_1:Prokka:ANT_1_04085 (length 74)
prokka_ANT_1/ANT_1:Prokka:ANT_1_04086 (length 92)
prokka_ANT_1/ANT_1:Prokka:ANT_1_04087 (length 385)
prokka_ANT_1/ANT_1:Prokka:ANT_1_04088 (length 441)
prokka_ANT_1/ANT_1:Prokka:ANT_1_04089 (length 149)
prokka_ANT_1/ANT_1:Prokka:ANT_1_04090 (length 76)
prokka_ANT_1/ANT_1:Prokka:ANT_1_04091 (length 504)
prokka_ANT_1/ANT_1:Prokka:ANT_1_04092 (length 232)
prokka_ANT_1/ANT_1:Prokka:ANT_1_04093 (length 413)
prokka_ANT_1/ANT_1:Prokka:ANT_1_04094 (length 53)
prokka_ANT_1/ANT_1:Prokka:ANT_1_04095 (length 475)
prokka_ANT_1/ANT_1:Prokka:ANT_1_04096 (length 307)
prokka_ANT_1/ANT_1:Prokka:ANT_1_04097 (length 612)
prokka_ANT_1/ANT_1:Prokka:ANT_1_04098 (length 164)
prokka_ANT_1/ANT_1:Prokka:ANT_1_04099 (length 274)
prokka_ANT_1/ANT_1:Prokka:ANT_1_04100 (length 236)
prokka_ANT_1/ANT_1:Prokka:ANT_1_04101 (length 178)
prokka_ANT_1/ANT_1:Prokka:ANT_1_04102 (length 145)
prokka_ANT_1/ANT_1:Prokka:ANT_1_04103 (length 136)
prokka_ANT_1/ANT_1:Prokka:ANT_1_04104 (length 62)
prokka_ANT_1/ANT_1:Prokka:ANT_1_04105 (length 152)
prokka_ANT_1/ANT_1:Prokka:ANT_1_04106 (length 160)
prokka_ANT_1/ANT_1:Prokka:ANT_1_04107 (length 73)
prokka_ANT_1/ANT_1:Prokka:ANT_1_04108 (length 116)
prokka_ANT_1/ANT_1:Prokka:ANT_1_04109 (length 113)
prokka_ANT_1/ANT_1:Prokka:ANT_1_04110 (length 278)
prokka_ANT_1/ANT_1:Prokka:ANT_1_04111 (length 83)
prokka_ANT_1/ANT_1:Prokka:ANT_1_04112 (length 434)
prokka_ANT_1/ANT_1:Prokka:ANT_1_04113 (length 77)
prokka_ANT_1/ANT_1:Prokka:ANT_1_04114 (length 223)
prokka_ANT_1/ANT_1:Prokka:ANT_1_04115 (length 1048)
prokka_ANT_1/ANT_1:Prokka:ANT_1_04116 (length 176)
prokka_ANT_1/ANT_1:Prokka:ANT_1_04117 (length 241)
prokka_ANT_1/ANT_1:Prokka:ANT_1_04118 (length 215)
prokka_ANT_1/ANT_1:Prokka:ANT_1_04119 (length 72)
prokka_ANT_1/ANT_1:Prokka:ANT_1_04120 (length 82)
prokka_ANT_1/ANT_1:Prokka:ANT_1_04121 (length 116)
prokka_ANT_1/ANT_1:Prokka:ANT_1_04122 (length 76)
prokka_ANT_1/ANT_1:Prokka:ANT_1_04123 (length 876)
prokka_ANT_1/ANT_1:Prokka:ANT_1_04124 (length 234)
prokka_ANT_1/ANT_1:Prokka:ANT_1_04125 (length 297)
prokka_ANT_1/ANT_1:Prokka:ANT_1_04126 (length 57)
prokka_ANT_1/ANT_1:Prokka:ANT_1_04127 (length 92)
prokka_ANT_1/ANT_1:Prokka:ANT_1_04128 (length 182)
prokka_ANT_1/ANT_1:Prokka:ANT_1_04129 (length 168)
prokka_ANT_1/ANT_1:Prokka:ANT_1_103 (length 34264)
prokka_ANT_1/ANT_1:Prokka:ANT_1_04131 (length 417)
prokka_ANT_1/ANT_1:Prokka:ANT_1_04132 (length 364)
prokka_ANT_1/ANT_1:Prokka:ANT_1_04133 (length 406)
prokka_ANT_1/ANT_1:Prokka:ANT_1_04134 (length 81)
prokka_ANT_1/ANT_1:Prokka:ANT_1_04135 (length 236)
prokka_ANT_1/ANT_1:Prokka:ANT_1_04136 (length 85)
prokka_ANT_1/ANT_1:Prokka:ANT_1_04137 (length 82)
prokka_ANT_1/ANT_1:Prokka:ANT_1_04138 (length 85)
prokka_ANT_1/ANT_1:Prokka:ANT_1_04139 (length 82)
prokka_ANT_1/ANT_1:Prokka:ANT_1_04140 (length 64)
prokka_ANT_1/ANT_1:Prokka:ANT_1_04141 (length 87)
prokka_ANT_1/ANT_1:Prokka:ANT_1_04142 (length 112)
prokka_ANT_1/ANT_1:Prokka:ANT_1_04143 (length 773)
prokka_ANT_1/ANT_1:Prokka:ANT_1_04144 (length 195)
prokka_ANT_1/ANT_1:Prokka:ANT_1_04145 (length 394)
prokka_ANT_1/ANT_1:Prokka:ANT_1_04146 (length 319)
prokka_ANT_1/ANT_1:Prokka:ANT_1_04147 (length 529)
prokka_ANT_1/ANT_1:Prokka:ANT_1_04148 (length 358)
prokka_ANT_1/ANT_1:Prokka:ANT_1_04149 (length 544)
prokka_ANT_1/ANT_1:Prokka:ANT_1_04150 (length 1137)
prokka_ANT_1/ANT_1:Prokka:ANT_1_04151 (length 103)
prokka_ANT_1/ANT_1:Prokka:ANT_1_04152 (length 88)
prokka_ANT_1/ANT_1:Prokka:ANT_1_04153 (length 73)
prokka_ANT_1/ANT_1:Prokka:ANT_1_04154 (length 82)
prokka_ANT_1/ANT_1:Prokka:ANT_1_04155 (length 220)
prokka_ANT_1/ANT_1:Prokka:ANT_1_04156 (length 305)
prokka_ANT_1/ANT_1:Prokka:ANT_1_04157 (length 257)
prokka_ANT_1/ANT_1:Prokka:ANT_1_04158 (length 113)
prokka_ANT_1/ANT_1:Prokka:ANT_1_04159 (length 85)
prokka_ANT_1/ANT_1:Prokka:ANT_1_04160 (length 148)
prokka_ANT_1/ANT_1:Prokka:ANT_1_04161 (length 125)
prokka_ANT_1/ANT_1:Prokka:ANT_1_04162 (length 161)
prokka_ANT_1/ANT_1:Prokka:ANT_1_04163 (length 110)
prokka_ANT_1/ANT_1:Prokka:ANT_1_04164 (length 183)
prokka_ANT_1/ANT_1:Prokka:ANT_1_04165 (length 304)
prokka_ANT_1/ANT_1:Prokka:ANT_1_04166 (length 423)
prokka_ANT_1/ANT_1:Prokka:ANT_1_04167 (length 171)
prokka_ANT_1/ANT_1:Prokka:ANT_1_104 (length 5058)
prokka_ANT_1/ANT_1:Prokka:ANT_1_04169 (length 118)
prokka_ANT_1/ANT_1:Prokka:ANT_1_04170 (length 152)
prokka_ANT_1/ANT_1:Prokka:ANT_1_04171 (length 109)
prokka_ANT_1/ANT_1:Prokka:ANT_1_04172 (length 317)
prokka_ANT_1/ANT_1:Prokka:ANT_1_04173 (length 166)
prokka_ANT_1/ANT_1:Prokka:ANT_1_04174 (length 380)
prokka_ANT_1/ANT_1:Prokka:ANT_1_105 (length 1718)
prokka_ANT_1/ANT_1:Prokka:ANT_1_04175 (length 152)
prokka_ANT_1/ANT_1:Prokka:ANT_1_106 (length 92249)
prokka_ANT_1/ANT_1:Prokka:ANT_1_04176 (length 174)
prokka_ANT_1/ANT_1:Prokka:ANT_1_04177 (length 90)
prokka_ANT_1/ANT_1:Prokka:ANT_1_04178 (length 321)
prokka_ANT_1/ANT_1:Prokka:ANT_1_04179 (length 256)
prokka_ANT_1/ANT_1:Prokka:ANT_1_04180 (length 65)
prokka_ANT_1/ANT_1:Prokka:ANT_1_04181 (length 310)
prokka_ANT_1/ANT_1:Prokka:ANT_1_04182 (length 679)
prokka_ANT_1/ANT_1:Prokka:ANT_1_04183 (length 328)
prokka_ANT_1/ANT_1:Prokka:ANT_1_04184 (length 317)
prokka_ANT_1/ANT_1:Prokka:ANT_1_04185 (length 292)
prokka_ANT_1/ANT_1:Prokka:ANT_1_04186 (length 333)
prokka_ANT_1/ANT_1:Prokka:ANT_1_04187 (length 188)
prokka_ANT_1/ANT_1:Prokka:ANT_1_04188 (length 188)
prokka_ANT_1/ANT_1:Prokka:ANT_1_04189 (length 386)
prokka_ANT_1/ANT_1:Prokka:ANT_1_04190 (length 332)
prokka_ANT_1/ANT_1:Prokka:ANT_1_04191 (length 55)
prokka_ANT_1/ANT_1:Prokka:ANT_1_04192 (length 291)
prokka_ANT_1/ANT_1:Prokka:ANT_1_04193 (length 393)
prokka_ANT_1/ANT_1:Prokka:ANT_1_04194 (length 216)
prokka_ANT_1/ANT_1:Prokka:ANT_1_04195 (length 368)
prokka_ANT_1/ANT_1:Prokka:ANT_1_04196 (length 134)
prokka_ANT_1/ANT_1:Prokka:ANT_1_04197 (length 453)
prokka_ANT_1/ANT_1:Prokka:ANT_1_04198 (length 397)
prokka_ANT_1/ANT_1:Prokka:ANT_1_04199 (length 148)
prokka_ANT_1/ANT_1:Prokka:ANT_1_04200 (length 259)
prokka_ANT_1/ANT_1:Prokka:ANT_1_04201 (length 79)
prokka_ANT_1/ANT_1:Prokka:ANT_1_04202 (length 125)
prokka_ANT_1/ANT_1:Prokka:ANT_1_04203 (length 114)
prokka_ANT_1/ANT_1:Prokka:ANT_1_04204 (length 330)
prokka_ANT_1/ANT_1:Prokka:ANT_1_04205 (length 233)
prokka_ANT_1/ANT_1:Prokka:ANT_1_04206 (length 458)
prokka_ANT_1/ANT_1:Prokka:ANT_1_04207 (length 2860)
prokka_ANT_1/ANT_1:Prokka:ANT_1_04208 (length 90)
prokka_ANT_1/ANT_1:Prokka:ANT_1_04209 (length 32)
prokka_ANT_1/ANT_1:Prokka:ANT_1_04210 (length 235)
prokka_ANT_1/ANT_1:Prokka:ANT_1_04211 (length 890)
prokka_ANT_1/ANT_1:Prokka:ANT_1_04212 (length 563)
prokka_ANT_1/ANT_1:Prokka:ANT_1_04213 (length 398)
prokka_ANT_1/ANT_1:Prokka:ANT_1_04214 (length 414)
prokka_ANT_1/ANT_1:Prokka:ANT_1_04215 (length 354)
prokka_ANT_1/ANT_1:Prokka:ANT_1_04216 (length 366)
prokka_ANT_1/ANT_1:Prokka:ANT_1_04217 (length 325)
prokka_ANT_1/ANT_1:Prokka:ANT_1_04218 (length 70)
prokka_ANT_1/ANT_1:Prokka:ANT_1_04219 (length 208)
prokka_ANT_1/ANT_1:Prokka:ANT_1_04220 (length 299)
prokka_ANT_1/ANT_1:Prokka:ANT_1_04221 (length 456)
prokka_ANT_1/ANT_1:Prokka:ANT_1_04222 (length 178)
prokka_ANT_1/ANT_1:Prokka:ANT_1_04223 (length 440)
prokka_ANT_1/ANT_1:Prokka:ANT_1_04224 (length 449)
prokka_ANT_1/ANT_1:Prokka:ANT_1_04225 (length 298)
prokka_ANT_1/ANT_1:Prokka:ANT_1_04226 (length 300)
prokka_ANT_1/ANT_1:Prokka:ANT_1_04227 (length 253)
prokka_ANT_1/ANT_1:Prokka:ANT_1_04228 (length 219)
prokka_ANT_1/ANT_1:Prokka:ANT_1_04229 (length 341)
prokka_ANT_1/ANT_1:Prokka:ANT_1_04230 (length 222)
prokka_ANT_1/ANT_1:Prokka:ANT_1_04231 (length 270)
prokka_ANT_1/ANT_1:Prokka:ANT_1_04232 (length 243)
prokka_ANT_1/ANT_1:Prokka:ANT_1_04233 (length 222)
prokka_ANT_1/ANT_1:Prokka:ANT_1_04234 (length 266)
prokka_ANT_1/ANT_1:Prokka:ANT_1_04235 (length 213)
prokka_ANT_1/ANT_1:Prokka:ANT_1_04236 (length 85)
prokka_ANT_1/ANT_1:Prokka:ANT_1_04237 (length 85)
prokka_ANT_1/ANT_1:Prokka:ANT_1_04238 (length 77)
prokka_ANT_1/ANT_1:Prokka:ANT_1_04239 (length 494)
prokka_ANT_1/ANT_1:Prokka:ANT_1_04240 (length 251)
prokka_ANT_1/ANT_1:Prokka:ANT_1_04241 (length 286)
prokka_ANT_1/ANT_1:Prokka:ANT_1_04242 (length 461)
prokka_ANT_1/ANT_1:Prokka:ANT_1_04243 (length 592)
prokka_ANT_1/ANT_1:Prokka:ANT_1_04244 (length 266)
prokka_ANT_1/ANT_1:Prokka:ANT_1_04245 (length 538)
prokka_ANT_1/ANT_1:Prokka:ANT_1_04246 (length 172)
prokka_ANT_1/ANT_1:Prokka:ANT_1_04247 (length 207)
prokka_ANT_1/ANT_1:Prokka:ANT_1_04248 (length 106)
prokka_ANT_1/ANT_1:Prokka:ANT_1_04249 (length 421)
prokka_ANT_1/ANT_1:Prokka:ANT_1_04250 (length 187)
prokka_ANT_1/ANT_1:Prokka:ANT_1_04251 (length 412)
prokka_ANT_1/ANT_1:Prokka:ANT_1_04252 (length 184)
prokka_ANT_1/ANT_1:Prokka:ANT_1_04253 (length 210)
prokka_ANT_1/ANT_1:Prokka:ANT_1_04254 (length 1034)
prokka_ANT_1/ANT_1:Prokka:ANT_1_04255 (length 138)
prokka_ANT_1/ANT_1:Prokka:ANT_1_107 (length 2599)
prokka_ANT_1/ANT_1:Prokka:ANT_1_04256 (length 483)
prokka_ANT_1/ANT_1:Prokka:ANT_1_04257 (length 84)
prokka_ANT_1/ANT_1:Prokka:ANT_1_108 (length 19384)
prokka_ANT_1/ANT_1:Prokka:ANT_1_04258 (length 327)
prokka_ANT_1/ANT_1:Prokka:ANT_1_04259 (length 471)
prokka_ANT_1/ANT_1:Prokka:ANT_1_04260 (length 302)
prokka_ANT_1/ANT_1:Prokka:ANT_1_04261 (length 475)
prokka_ANT_1/ANT_1:Prokka:ANT_1_04262 (length 201)
prokka_ANT_1/ANT_1:Prokka:ANT_1_04263 (length 106)
prokka_ANT_1/ANT_1:Prokka:ANT_1_04264 (length 103)
prokka_ANT_1/ANT_1:Prokka:ANT_1_04265 (length 235)
prokka_ANT_1/ANT_1:Prokka:ANT_1_04266 (length 157)
prokka_ANT_1/ANT_1:Prokka:ANT_1_04267 (length 349)
prokka_ANT_1/ANT_1:Prokka:ANT_1_04268 (length 339)
prokka_ANT_1/ANT_1:Prokka:ANT_1_04269 (length 338)
prokka_ANT_1/ANT_1:Prokka:ANT_1_04270 (length 268)
prokka_ANT_1/ANT_1:Prokka:ANT_1_04271 (length 429)
prokka_ANT_1/ANT_1:Prokka:ANT_1_04272 (length 203)
prokka_ANT_1/ANT_1:Prokka:ANT_1_04273 (length 373)
prokka_ANT_1/ANT_1:Prokka:ANT_1_04274 (length 366)
prokka_ANT_1/ANT_1:Prokka:ANT_1_04275 (length 362)
prokka_ANT_1/ANT_1:Prokka:ANT_1_109 (length 56774)
prokka_ANT_1/ANT_1:Prokka:ANT_1_04276 (length 137)
prokka_ANT_1/ANT_1:Prokka:ANT_1_04277 (length 222)
prokka_ANT_1/ANT_1:Prokka:ANT_1_04278 (length 100)
prokka_ANT_1/ANT_1:Prokka:ANT_1_04279 (length 143)
prokka_ANT_1/ANT_1:Prokka:ANT_1_04280 (length 512)
prokka_ANT_1/ANT_1:Prokka:ANT_1_04281 (length 307)
prokka_ANT_1/ANT_1:Prokka:ANT_1_04282 (length 217)
prokka_ANT_1/ANT_1:Prokka:ANT_1_04283 (length 197)
prokka_ANT_1/ANT_1:Prokka:ANT_1_04284 (length 215)
prokka_ANT_1/ANT_1:Prokka:ANT_1_04285 (length 187)
prokka_ANT_1/ANT_1:Prokka:ANT_1_04286 (length 350)
prokka_ANT_1/ANT_1:Prokka:ANT_1_04287 (length 80)
prokka_ANT_1/ANT_1:Prokka:ANT_1_04288 (length 95)
prokka_ANT_1/ANT_1:Prokka:ANT_1_04289 (length 84)
prokka_ANT_1/ANT_1:Prokka:ANT_1_04290 (length 371)
prokka_ANT_1/ANT_1:Prokka:ANT_1_04291 (length 492)
prokka_ANT_1/ANT_1:Prokka:ANT_1_04292 (length 184)
prokka_ANT_1/ANT_1:Prokka:ANT_1_04293 (length 191)
prokka_ANT_1/ANT_1:Prokka:ANT_1_04294 (length 350)
prokka_ANT_1/ANT_1:Prokka:ANT_1_04295 (length 306)
prokka_ANT_1/ANT_1:Prokka:ANT_1_04296 (length 411)
prokka_ANT_1/ANT_1:Prokka:ANT_1_04297 (length 249)
prokka_ANT_1/ANT_1:Prokka:ANT_1_04298 (length 198)
prokka_ANT_1/ANT_1:Prokka:ANT_1_04299 (length 120)
prokka_ANT_1/ANT_1:Prokka:ANT_1_04300 (length 132)
prokka_ANT_1/ANT_1:Prokka:ANT_1_04301 (length 98)
prokka_ANT_1/ANT_1:Prokka:ANT_1_04302 (length 852)
prokka_ANT_1/ANT_1:Prokka:ANT_1_04303 (length 517)
prokka_ANT_1/ANT_1:Prokka:ANT_1_04304 (length 375)
prokka_ANT_1/ANT_1:Prokka:ANT_1_04305 (length 489)
prokka_ANT_1/ANT_1:Prokka:ANT_1_04306 (length 389)
prokka_ANT_1/ANT_1:Prokka:ANT_1_04307 (length 408)
prokka_ANT_1/ANT_1:Prokka:ANT_1_04308 (length 243)
prokka_ANT_1/ANT_1:Prokka:ANT_1_04309 (length 158)
prokka_ANT_1/ANT_1:Prokka:ANT_1_04310 (length 383)
prokka_ANT_1/ANT_1:Prokka:ANT_1_04311 (length 188)
prokka_ANT_1/ANT_1:Prokka:ANT_1_04312 (length 772)
prokka_ANT_1/ANT_1:Prokka:ANT_1_04313 (length 201)
prokka_ANT_1/ANT_1:Prokka:ANT_1_04314 (length 140)
prokka_ANT_1/ANT_1:Prokka:ANT_1_04315 (length 570)
prokka_ANT_1/ANT_1:Prokka:ANT_1_04316 (length 114)
prokka_ANT_1/ANT_1:Prokka:ANT_1_04317 (length 443)
prokka_ANT_1/ANT_1:Prokka:ANT_1_04318 (length 183)
prokka_ANT_1/ANT_1:Prokka:ANT_1_04319 (length 82)
prokka_ANT_1/ANT_1:Prokka:ANT_1_04320 (length 89)
prokka_ANT_1/ANT_1:Prokka:ANT_1_04321 (length 262)
prokka_ANT_1/ANT_1:Prokka:ANT_1_04322 (length 242)
prokka_ANT_1/ANT_1:Prokka:ANT_1_04323 (length 459)
prokka_ANT_1/ANT_1:Prokka:ANT_1_04324 (length 363)
prokka_ANT_1/ANT_1:Prokka:ANT_1_04325 (length 563)
prokka_ANT_1/ANT_1:Prokka:ANT_1_04326 (length 143)
prokka_ANT_1/ANT_1:Prokka:ANT_1_04327 (length 169)
prokka_ANT_1/ANT_1:Prokka:ANT_1_04328 (length 213)
prokka_ANT_1/ANT_1:Prokka:ANT_1_04329 (length 597)
prokka_ANT_1/ANT_1:Prokka:ANT_1_04330 (length 423)
prokka_ANT_1/ANT_1:Prokka:ANT_1_04331 (length 315)
prokka_ANT_1/ANT_1:Prokka:ANT_1_04332 (length 39)
prokka_ANT_1/ANT_1:Prokka:ANT_1_04333 (length 116)
prokka_ANT_1/ANT_1:Prokka:ANT_1_04334 (length 99)
prokka_ANT_1/ANT_1:Prokka:ANT_1_110 (length 6226)
prokka_ANT_1/ANT_1:Prokka:ANT_1_04335 (length 178)
prokka_ANT_1/ANT_1:Prokka:ANT_1_04336 (length 231)
prokka_ANT_1/ANT_1:Prokka:ANT_1_04337 (length 871)
prokka_ANT_1/ANT_1:Prokka:ANT_1_04338 (length 380)
prokka_ANT_1/ANT_1:Prokka:ANT_1_04339 (length 81)
prokka_ANT_1/ANT_1:Prokka:ANT_1_111 (length 40915)
prokka_ANT_1/ANT_1:Prokka:ANT_1_04342 (length 275)
prokka_ANT_1/ANT_1:Prokka:ANT_1_04343 (length 112)
prokka_ANT_1/ANT_1:Prokka:ANT_1_04344 (length 506)
prokka_ANT_1/ANT_1:Prokka:ANT_1_04345 (length 548)
prokka_ANT_1/ANT_1:Prokka:ANT_1_04346 (length 85)
prokka_ANT_1/ANT_1:Prokka:ANT_1_04347 (length 308)
prokka_ANT_1/ANT_1:Prokka:ANT_1_04348 (length 616)
prokka_ANT_1/ANT_1:Prokka:ANT_1_04349 (length 514)
prokka_ANT_1/ANT_1:Prokka:ANT_1_04350 (length 293)
prokka_ANT_1/ANT_1:Prokka:ANT_1_04351 (length 492)
prokka_ANT_1/ANT_1:Prokka:ANT_1_04352 (length 93)
prokka_ANT_1/ANT_1:Prokka:ANT_1_04353 (length 672)
prokka_ANT_1/ANT_1:Prokka:ANT_1_04354 (length 494)
prokka_ANT_1/ANT_1:Prokka:ANT_1_04355 (length 430)
prokka_ANT_1/ANT_1:Prokka:ANT_1_04356 (length 109)
prokka_ANT_1/ANT_1:Prokka:ANT_1_04357 (length 419)
prokka_ANT_1/ANT_1:Prokka:ANT_1_04358 (length 367)
prokka_ANT_1/ANT_1:Prokka:ANT_1_04359 (length 342)
prokka_ANT_1/ANT_1:Prokka:ANT_1_04360 (length 376)
prokka_ANT_1/ANT_1:Prokka:ANT_1_04361 (length 420)
prokka_ANT_1/ANT_1:Prokka:ANT_1_04362 (length 231)
prokka_ANT_1/ANT_1:Prokka:ANT_1_04363 (length 376)
prokka_ANT_1/ANT_1:Prokka:ANT_1_04364 (length 416)
prokka_ANT_1/ANT_1:Prokka:ANT_1_04365 (length 358)
prokka_ANT_1/ANT_1:Prokka:ANT_1_04366 (length 450)
prokka_ANT_1/ANT_1:Prokka:ANT_1_04367 (length 246)
prokka_ANT_1/ANT_1:Prokka:ANT_1_04373 (length 191)
prokka_ANT_1/ANT_1:Prokka:ANT_1_04374 (length 203)
prokka_ANT_1/ANT_1:Prokka:ANT_1_04375 (length 396)
prokka_ANT_1/ANT_1:Prokka:ANT_1_04376 (length 379)
prokka_ANT_1/ANT_1:Prokka:ANT_1_04377 (length 245)
prokka_ANT_1/ANT_1:Prokka:ANT_1_04378 (length 313)
prokka_ANT_1/ANT_1:Prokka:ANT_1_04379 (length 87)
prokka_ANT_1/ANT_1:Prokka:ANT_1_04380 (length 128)
prokka_ANT_1/ANT_1:Prokka:ANT_1_04381 (length 139)
prokka_ANT_1/ANT_1:Prokka:ANT_1_112 (length 1757)
prokka_ANT_1/ANT_1:Prokka:ANT_1_04382 (length 210)
prokka_ANT_1/ANT_1:Prokka:ANT_1_04383 (length 83)
prokka_ANT_1/ANT_1:Prokka:ANT_1_113 (length 108380)
prokka_ANT_1/ANT_1:Prokka:ANT_1_04384 (length 580)
prokka_ANT_1/ANT_1:Prokka:ANT_1_04385 (length 330)
prokka_ANT_1/ANT_1:Prokka:ANT_1_04386 (length 229)
prokka_ANT_1/ANT_1:Prokka:ANT_1_04387 (length 453)
prokka_ANT_1/ANT_1:Prokka:ANT_1_04388 (length 148)
prokka_ANT_1/ANT_1:Prokka:ANT_1_04389 (length 436)
prokka_ANT_1/ANT_1:Prokka:ANT_1_04390 (length 160)
prokka_ANT_1/ANT_1:Prokka:ANT_1_04391 (length 335)
prokka_ANT_1/ANT_1:Prokka:ANT_1_04392 (length 133)
prokka_ANT_1/ANT_1:Prokka:ANT_1_04393 (length 129)
prokka_ANT_1/ANT_1:Prokka:ANT_1_04394 (length 245)
prokka_ANT_1/ANT_1:Prokka:ANT_1_04395 (length 89)
prokka_ANT_1/ANT_1:Prokka:ANT_1_04396 (length 261)
prokka_ANT_1/ANT_1:Prokka:ANT_1_04397 (length 211)
prokka_ANT_1/ANT_1:Prokka:ANT_1_04398 (length 569)
prokka_ANT_1/ANT_1:Prokka:ANT_1_04399 (length 62)
prokka_ANT_1/ANT_1:Prokka:ANT_1_04400 (length 52)
prokka_ANT_1/ANT_1:Prokka:ANT_1_04401 (length 266)
prokka_ANT_1/ANT_1:Prokka:ANT_1_04402 (length 406)
prokka_ANT_1/ANT_1:Prokka:ANT_1_04403 (length 1148)
prokka_ANT_1/ANT_1:Prokka:ANT_1_04404 (length 268)
prokka_ANT_1/ANT_1:Prokka:ANT_1_04405 (length 344)
prokka_ANT_1/ANT_1:Prokka:ANT_1_04406 (length 341)
prokka_ANT_1/ANT_1:Prokka:ANT_1_04407 (length 423)
prokka_ANT_1/ANT_1:Prokka:ANT_1_04408 (length 352)
prokka_ANT_1/ANT_1:Prokka:ANT_1_04409 (length 373)
prokka_ANT_1/ANT_1:Prokka:ANT_1_04411 (length 108)
prokka_ANT_1/ANT_1:Prokka:ANT_1_04412 (length 431)
prokka_ANT_1/ANT_1:Prokka:ANT_1_04413 (length 268)
prokka_ANT_1/ANT_1:Prokka:ANT_1_04414 (length 299)
prokka_ANT_1/ANT_1:Prokka:ANT_1_04415 (length 155)
prokka_ANT_1/ANT_1:Prokka:ANT_1_04416 (length 494)
prokka_ANT_1/ANT_1:Prokka:ANT_1_04417 (length 332)
prokka_ANT_1/ANT_1:Prokka:ANT_1_04418 (length 339)
prokka_ANT_1/ANT_1:Prokka:ANT_1_04419 (length 277)
prokka_ANT_1/ANT_1:Prokka:ANT_1_04420 (length 265)
prokka_ANT_1/ANT_1:Prokka:ANT_1_04421 (length 186)
prokka_ANT_1/ANT_1:Prokka:ANT_1_04422 (length 329)
prokka_ANT_1/ANT_1:Prokka:ANT_1_04423 (length 290)
prokka_ANT_1/ANT_1:Prokka:ANT_1_04424 (length 337)
prokka_ANT_1/ANT_1:Prokka:ANT_1_04425 (length 344)
prokka_ANT_1/ANT_1:Prokka:ANT_1_04426 (length 342)
prokka_ANT_1/ANT_1:Prokka:ANT_1_04427 (length 743)
prokka_ANT_1/ANT_1:Prokka:ANT_1_04428 (length 360)
prokka_ANT_1/ANT_1:Prokka:ANT_1_04429 (length 262)
prokka_ANT_1/ANT_1:Prokka:ANT_1_04430 (length 103)
prokka_ANT_1/ANT_1:Prokka:ANT_1_04431 (length 130)
prokka_ANT_1/ANT_1:Prokka:ANT_1_04432 (length 233)
prokka_ANT_1/ANT_1:Prokka:ANT_1_04433 (length 480)
prokka_ANT_1/ANT_1:Prokka:ANT_1_04434 (length 787)
prokka_ANT_1/ANT_1:Prokka:ANT_1_04435 (length 98)
prokka_ANT_1/ANT_1:Prokka:ANT_1_04436 (length 199)
prokka_ANT_1/ANT_1:Prokka:ANT_1_04437 (length 419)
prokka_ANT_1/ANT_1:Prokka:ANT_1_04438 (length 95)
prokka_ANT_1/ANT_1:Prokka:ANT_1_04439 (length 147)
prokka_ANT_1/ANT_1:Prokka:ANT_1_04440 (length 396)
prokka_ANT_1/ANT_1:Prokka:ANT_1_04441 (length 485)
prokka_ANT_1/ANT_1:Prokka:ANT_1_04442 (length 351)
prokka_ANT_1/ANT_1:Prokka:ANT_1_04443 (length 87)
prokka_ANT_1/ANT_1:Prokka:ANT_1_04444 (length 298)
prokka_ANT_1/ANT_1:Prokka:ANT_1_04445 (length 647)
prokka_ANT_1/ANT_1:Prokka:ANT_1_04446 (length 208)
prokka_ANT_1/ANT_1:Prokka:ANT_1_04447 (length 728)
prokka_ANT_1/ANT_1:Prokka:ANT_1_04448 (length 447)
prokka_ANT_1/ANT_1:Prokka:ANT_1_04449 (length 70)
prokka_ANT_1/ANT_1:Prokka:ANT_1_04450 (length 2846)
prokka_ANT_1/ANT_1:Prokka:ANT_1_04451 (length 179)
prokka_ANT_1/ANT_1:Prokka:ANT_1_04452 (length 434)
prokka_ANT_1/ANT_1:Prokka:ANT_1_04453 (length 180)
prokka_ANT_1/ANT_1:Prokka:ANT_1_04454 (length 339)
prokka_ANT_1/ANT_1:Prokka:ANT_1_04455 (length 281)
prokka_ANT_1/ANT_1:Prokka:ANT_1_04456 (length 198)
prokka_ANT_1/ANT_1:Prokka:ANT_1_04457 (length 130)
prokka_ANT_1/ANT_1:Prokka:ANT_1_04458 (length 116)
prokka_ANT_1/ANT_1:Prokka:ANT_1_04459 (length 536)
prokka_ANT_1/ANT_1:Prokka:ANT_1_04460 (length 379)
prokka_ANT_1/ANT_1:Prokka:ANT_1_04461 (length 477)
prokka_ANT_1/ANT_1:Prokka:ANT_1_04462 (length 263)
prokka_ANT_1/ANT_1:Prokka:ANT_1_04463 (length 332)
prokka_ANT_1/ANT_1:Prokka:ANT_1_04464 (length 210)
prokka_ANT_1/ANT_1:Prokka:ANT_1_04465 (length 341)
prokka_ANT_1/ANT_1:Prokka:ANT_1_04466 (length 265)
prokka_ANT_1/ANT_1:Prokka:ANT_1_04467 (length 413)
prokka_ANT_1/ANT_1:Prokka:ANT_1_04468 (length 78)
prokka_ANT_1/ANT_1:Prokka:ANT_1_04469 (length 244)
prokka_ANT_1/ANT_1:Prokka:ANT_1_04470 (length 309)
prokka_ANT_1/ANT_1:Prokka:ANT_1_04471 (length 317)
prokka_ANT_1/ANT_1:Prokka:ANT_1_04472 (length 364)
prokka_ANT_1/ANT_1:Prokka:ANT_1_04473 (length 56)
prokka_ANT_1/ANT_1:Prokka:ANT_1_04474 (length 173)
prokka_ANT_1/ANT_1:Prokka:ANT_1_04475 (length 193)
prokka_ANT_1/ANT_1:Prokka:ANT_1_04476 (length 320)
prokka_ANT_1/ANT_1:Prokka:ANT_1_04477 (length 62)
prokka_ANT_1/ANT_1:Prokka:ANT_1_04478 (length 1185)
prokka_ANT_1/ANT_1:Prokka:ANT_1_114 (length 2944)
prokka_ANT_1/ANT_1:Prokka:ANT_1_04479 (length 782)
prokka_ANT_1/ANT_1:Prokka:ANT_1_115 (length 2742)
prokka_ANT_1/ANT_1:Prokka:ANT_1_04480 (length 88)
prokka_ANT_1/ANT_1:Prokka:ANT_1_04481 (length 133)
prokka_ANT_1/ANT_1:Prokka:ANT_1_04482 (length 36)
prokka_ANT_1/ANT_1:Prokka:ANT_1_116 (length 6184)
prokka_ANT_1/ANT_1:Prokka:ANT_1_04483 (length 488)
prokka_ANT_1/ANT_1:Prokka:ANT_1_04484 (length 81)
prokka_ANT_1/ANT_1:Prokka:ANT_1_04485 (length 75)
prokka_ANT_1/ANT_1:Prokka:ANT_1_04486 (length 267)
prokka_ANT_1/ANT_1:Prokka:ANT_1_04487 (length 214)
prokka_ANT_1/ANT_1:Prokka:ANT_1_04488 (length 280)
prokka_ANT_1/ANT_1:Prokka:ANT_1_04489 (length 252)
prokka_ANT_1/ANT_1:Prokka:ANT_1_117 (length 25490)
prokka_ANT_1/ANT_1:Prokka:ANT_1_04491 (length 305)
prokka_ANT_1/ANT_1:Prokka:ANT_1_04492 (length 355)
prokka_ANT_1/ANT_1:Prokka:ANT_1_04493 (length 645)
prokka_ANT_1/ANT_1:Prokka:ANT_1_04494 (length 254)
prokka_ANT_1/ANT_1:Prokka:ANT_1_04495 (length 294)
prokka_ANT_1/ANT_1:Prokka:ANT_1_04496 (length 402)
prokka_ANT_1/ANT_1:Prokka:ANT_1_04497 (length 312)
prokka_ANT_1/ANT_1:Prokka:ANT_1_04498 (length 704)
prokka_ANT_1/ANT_1:Prokka:ANT_1_04499 (length 276)
prokka_ANT_1/ANT_1:Prokka:ANT_1_04500 (length 545)
prokka_ANT_1/ANT_1:Prokka:ANT_1_04501 (length 501)
prokka_ANT_1/ANT_1:Prokka:ANT_1_04502 (length 67)
prokka_ANT_1/ANT_1:Prokka:ANT_1_04503 (length 284)
prokka_ANT_1/ANT_1:Prokka:ANT_1_04504 (length 128)
prokka_ANT_1/ANT_1:Prokka:ANT_1_04505 (length 323)
prokka_ANT_1/ANT_1:Prokka:ANT_1_04506 (length 178)
prokka_ANT_1/ANT_1:Prokka:ANT_1_04507 (length 848)
prokka_ANT_1/ANT_1:Prokka:ANT_1_04508 (length 259)
prokka_ANT_1/ANT_1:Prokka:ANT_1_04509 (length 173)
prokka_ANT_1/ANT_1:Prokka:ANT_1_04510 (length 269)
prokka_ANT_1/ANT_1:Prokka:ANT_1_118 (length 1240)
prokka_ANT_1/ANT_1:Prokka:ANT_1_04511 (length 246)
prokka_ANT_1/ANT_1:Prokka:ANT_1_119 (length 173040)
prokka_ANT_1/ANT_1:Prokka:ANT_1_04512 (length 551)
prokka_ANT_1/ANT_1:Prokka:ANT_1_04513 (length 213)
prokka_ANT_1/ANT_1:Prokka:ANT_1_04514 (length 349)
prokka_ANT_1/ANT_1:Prokka:ANT_1_04515 (length 50)
prokka_ANT_1/ANT_1:Prokka:ANT_1_04516 (length 368)
prokka_ANT_1/ANT_1:Prokka:ANT_1_04517 (length 389)
prokka_ANT_1/ANT_1:Prokka:ANT_1_04518 (length 722)
prokka_ANT_1/ANT_1:Prokka:ANT_1_04519 (length 449)
prokka_ANT_1/ANT_1:Prokka:ANT_1_04520 (length 54)
prokka_ANT_1/ANT_1:Prokka:ANT_1_04521 (length 5001)
prokka_ANT_1/ANT_1:Prokka:ANT_1_04522 (length 384)
prokka_ANT_1/ANT_1:Prokka:ANT_1_04523 (length 886)
prokka_ANT_1/ANT_1:Prokka:ANT_1_04524 (length 215)
prokka_ANT_1/ANT_1:Prokka:ANT_1_04525 (length 961)
prokka_ANT_1/ANT_1:Prokka:ANT_1_04526 (length 327)
prokka_ANT_1/ANT_1:Prokka:ANT_1_04527 (length 336)
prokka_ANT_1/ANT_1:Prokka:ANT_1_04528 (length 878)
prokka_ANT_1/ANT_1:Prokka:ANT_1_04529 (length 254)
prokka_ANT_1/ANT_1:Prokka:ANT_1_04530 (length 209)
prokka_ANT_1/ANT_1:Prokka:ANT_1_04531 (length 562)
prokka_ANT_1/ANT_1:Prokka:ANT_1_04532 (length 175)
prokka_ANT_1/ANT_1:Prokka:ANT_1_04533 (length 154)
prokka_ANT_1/ANT_1:Prokka:ANT_1_04534 (length 253)
prokka_ANT_1/ANT_1:Prokka:ANT_1_04535 (length 301)
prokka_ANT_1/ANT_1:Prokka:ANT_1_04536 (length 303)
prokka_ANT_1/ANT_1:Prokka:ANT_1_04537 (length 417)
prokka_ANT_1/ANT_1:Prokka:ANT_1_04538 (length 383)
prokka_ANT_1/ANT_1:Prokka:ANT_1_04539 (length 151)
prokka_ANT_1/ANT_1:Prokka:ANT_1_04540 (length 433)
prokka_ANT_1/ANT_1:Prokka:ANT_1_04541 (length 301)
prokka_ANT_1/ANT_1:Prokka:ANT_1_04542 (length 74)
prokka_ANT_1/ANT_1:Prokka:ANT_1_04543 (length 234)
prokka_ANT_1/ANT_1:Prokka:ANT_1_04544 (length 761)
prokka_ANT_1/ANT_1:Prokka:ANT_1_04545 (length 376)
prokka_ANT_1/ANT_1:Prokka:ANT_1_04546 (length 84)
prokka_ANT_1/ANT_1:Prokka:ANT_1_04547 (length 396)
prokka_ANT_1/ANT_1:Prokka:ANT_1_04548 (length 454)
prokka_ANT_1/ANT_1:Prokka:ANT_1_04549 (length 322)
prokka_ANT_1/ANT_1:Prokka:ANT_1_04550 (length 285)
prokka_ANT_1/ANT_1:Prokka:ANT_1_04551 (length 255)
prokka_ANT_1/ANT_1:Prokka:ANT_1_04552 (length 559)
prokka_ANT_1/ANT_1:Prokka:ANT_1_04553 (length 418)
prokka_ANT_1/ANT_1:Prokka:ANT_1_04554 (length 103)
prokka_ANT_1/ANT_1:Prokka:ANT_1_04555 (length 552)
prokka_ANT_1/ANT_1:Prokka:ANT_1_04556 (length 153)
prokka_ANT_1/ANT_1:Prokka:ANT_1_04557 (length 485)
prokka_ANT_1/ANT_1:Prokka:ANT_1_04558 (length 506)
prokka_ANT_1/ANT_1:Prokka:ANT_1_04559 (length 612)
prokka_ANT_1/ANT_1:Prokka:ANT_1_04560 (length 100)
prokka_ANT_1/ANT_1:Prokka:ANT_1_04561 (length 184)
prokka_ANT_1/ANT_1:Prokka:ANT_1_04562 (length 180)
prokka_ANT_1/ANT_1:Prokka:ANT_1_04563 (length 325)
prokka_ANT_1/ANT_1:Prokka:ANT_1_04564 (length 908)
prokka_ANT_1/ANT_1:Prokka:ANT_1_04565 (length 446)
prokka_ANT_1/ANT_1:Prokka:ANT_1_04566 (length 171)
prokka_ANT_1/ANT_1:Prokka:ANT_1_04567 (length 576)
prokka_ANT_1/ANT_1:Prokka:ANT_1_04568 (length 224)
prokka_ANT_1/ANT_1:Prokka:ANT_1_04569 (length 145)
prokka_ANT_1/ANT_1:Prokka:ANT_1_04570 (length 308)
prokka_ANT_1/ANT_1:Prokka:ANT_1_04571 (length 424)
prokka_ANT_1/ANT_1:Prokka:ANT_1_04572 (length 198)
prokka_ANT_1/ANT_1:Prokka:ANT_1_04573 (length 233)
prokka_ANT_1/ANT_1:Prokka:ANT_1_04574 (length 164)
prokka_ANT_1/ANT_1:Prokka:ANT_1_04575 (length 150)
prokka_ANT_1/ANT_1:Prokka:ANT_1_04576 (length 400)
prokka_ANT_1/ANT_1:Prokka:ANT_1_04577 (length 714)
prokka_ANT_1/ANT_1:Prokka:ANT_1_04578 (length 229)
prokka_ANT_1/ANT_1:Prokka:ANT_1_04579 (length 174)
prokka_ANT_1/ANT_1:Prokka:ANT_1_04580 (length 215)
prokka_ANT_1/ANT_1:Prokka:ANT_1_04581 (length 297)
prokka_ANT_1/ANT_1:Prokka:ANT_1_04582 (length 257)
prokka_ANT_1/ANT_1:Prokka:ANT_1_04583 (length 238)
prokka_ANT_1/ANT_1:Prokka:ANT_1_04584 (length 228)
prokka_ANT_1/ANT_1:Prokka:ANT_1_04585 (length 260)
prokka_ANT_1/ANT_1:Prokka:ANT_1_04586 (length 189)
prokka_ANT_1/ANT_1:Prokka:ANT_1_04587 (length 505)
prokka_ANT_1/ANT_1:Prokka:ANT_1_04588 (length 161)
prokka_ANT_1/ANT_1:Prokka:ANT_1_04589 (length 249)
prokka_ANT_1/ANT_1:Prokka:ANT_1_04590 (length 420)
prokka_ANT_1/ANT_1:Prokka:ANT_1_04591 (length 303)
prokka_ANT_1/ANT_1:Prokka:ANT_1_04592 (length 219)
prokka_ANT_1/ANT_1:Prokka:ANT_1_04593 (length 271)
prokka_ANT_1/ANT_1:Prokka:ANT_1_04594 (length 336)
prokka_ANT_1/ANT_1:Prokka:ANT_1_04595 (length 375)
prokka_ANT_1/ANT_1:Prokka:ANT_1_04596 (length 463)
prokka_ANT_1/ANT_1:Prokka:ANT_1_04597 (length 221)
prokka_ANT_1/ANT_1:Prokka:ANT_1_04598 (length 326)
prokka_ANT_1/ANT_1:Prokka:ANT_1_04599 (length 143)
prokka_ANT_1/ANT_1:Prokka:ANT_1_04600 (length 502)
prokka_ANT_1/ANT_1:Prokka:ANT_1_04601 (length 258)
prokka_ANT_1/ANT_1:Prokka:ANT_1_04602 (length 291)
prokka_ANT_1/ANT_1:Prokka:ANT_1_04603 (length 175)
prokka_ANT_1/ANT_1:Prokka:ANT_1_04604 (length 249)
prokka_ANT_1/ANT_1:Prokka:ANT_1_04605 (length 854)
prokka_ANT_1/ANT_1:Prokka:ANT_1_04606 (length 345)
prokka_ANT_1/ANT_1:Prokka:ANT_1_04607 (length 351)
prokka_ANT_1/ANT_1:Prokka:ANT_1_04608 (length 482)
prokka_ANT_1/ANT_1:Prokka:ANT_1_04609 (length 397)
prokka_ANT_1/ANT_1:Prokka:ANT_1_04610 (length 232)
prokka_ANT_1/ANT_1:Prokka:ANT_1_04611 (length 328)
prokka_ANT_1/ANT_1:Prokka:ANT_1_04612 (length 499)
prokka_ANT_1/ANT_1:Prokka:ANT_1_04613 (length 328)
prokka_ANT_1/ANT_1:Prokka:ANT_1_04614 (length 317)
prokka_ANT_1/ANT_1:Prokka:ANT_1_04615 (length 544)
prokka_ANT_1/ANT_1:Prokka:ANT_1_04616 (length 200)
prokka_ANT_1/ANT_1:Prokka:ANT_1_04617 (length 90)
prokka_ANT_1/ANT_1:Prokka:ANT_1_04618 (length 123)
prokka_ANT_1/ANT_1:Prokka:ANT_1_04619 (length 407)
prokka_ANT_1/ANT_1:Prokka:ANT_1_04620 (length 665)
prokka_ANT_1/ANT_1:Prokka:ANT_1_04621 (length 157)
prokka_ANT_1/ANT_1:Prokka:ANT_1_04622 (length 745)
prokka_ANT_1/ANT_1:Prokka:ANT_1_04623 (length 431)
prokka_ANT_1/ANT_1:Prokka:ANT_1_04624 (length 192)
prokka_ANT_1/ANT_1:Prokka:ANT_1_04625 (length 325)
prokka_ANT_1/ANT_1:Prokka:ANT_1_04626 (length 93)
prokka_ANT_1/ANT_1:Prokka:ANT_1_04627 (length 182)
prokka_ANT_1/ANT_1:Prokka:ANT_1_04628 (length 859)
prokka_ANT_1/ANT_1:Prokka:ANT_1_04629 (length 281)
prokka_ANT_1/ANT_1:Prokka:ANT_1_04630 (length 297)
prokka_ANT_1/ANT_1:Prokka:ANT_1_04631 (length 390)
prokka_ANT_1/ANT_1:Prokka:ANT_1_04632 (length 265)
prokka_ANT_1/ANT_1:Prokka:ANT_1_04633 (length 274)
prokka_ANT_1/ANT_1:Prokka:ANT_1_04634 (length 361)
prokka_ANT_1/ANT_1:Prokka:ANT_1_04635 (length 310)
prokka_ANT_1/ANT_1:Prokka:ANT_1_04636 (length 182)
prokka_ANT_1/ANT_1:Prokka:ANT_1_04637 (length 127)
prokka_ANT_1/ANT_1:Prokka:ANT_1_04638 (length 717)
prokka_ANT_1/ANT_1:Prokka:ANT_1_04639 (length 436)
prokka_ANT_1/ANT_1:Prokka:ANT_1_04640 (length 98)
prokka_ANT_1/ANT_1:Prokka:ANT_1_04641 (length 444)
prokka_ANT_1/ANT_1:Prokka:ANT_1_04642 (length 253)
prokka_ANT_1/ANT_1:Prokka:ANT_1_04643 (length 401)
prokka_ANT_1/ANT_1:Prokka:ANT_1_04644 (length 153)
prokka_ANT_1/ANT_1:Prokka:ANT_1_04645 (length 185)
prokka_ANT_1/ANT_1:Prokka:ANT_1_04646 (length 651)
prokka_ANT_1/ANT_1:Prokka:ANT_1_04647 (length 160)
prokka_ANT_1/ANT_1:Prokka:ANT_1_04648 (length 77)
prokka_ANT_1/ANT_1:Prokka:ANT_1_04649 (length 247)
prokka_ANT_1/ANT_1:Prokka:ANT_1_04650 (length 219)
prokka_ANT_1/ANT_1:Prokka:ANT_1_04651 (length 205)
prokka_ANT_1/ANT_1:Prokka:ANT_1_04652 (length 305)
prokka_ANT_1/ANT_1:Prokka:ANT_1_120 (length 6804)
prokka_ANT_1/ANT_1:Prokka:ANT_1_04653 (length 140)
prokka_ANT_1/ANT_1:Prokka:ANT_1_04654 (length 59)
prokka_ANT_1/ANT_1:Prokka:ANT_1_04655 (length 190)
prokka_ANT_1/ANT_1:Prokka:ANT_1_04656 (length 312)
prokka_ANT_1/ANT_1:Prokka:ANT_1_04657 (length 146)
prokka_ANT_1/ANT_1:Prokka:ANT_1_04658 (length 62)
prokka_ANT_1/ANT_1:Prokka:ANT_1_04659 (length 191)
prokka_ANT_1/ANT_1:Prokka:ANT_1_04660 (length 51)
prokka_ANT_1/ANT_1:Prokka:ANT_1_04661 (length 79)
prokka_ANT_1/ANT_1:Prokka:ANT_1_121 (length 5092)
prokka_ANT_1/ANT_1:Prokka:ANT_1_04663 (length 164)
prokka_ANT_1/ANT_1:Prokka:ANT_1_04664 (length 119)
prokka_ANT_1/ANT_1:Prokka:ANT_1_04665 (length 188)
prokka_ANT_1/ANT_1:Prokka:ANT_1_04666 (length 62)
prokka_ANT_1/ANT_1:Prokka:ANT_1_04667 (length 82)
prokka_ANT_1/ANT_1:Prokka:ANT_1_04668 (length 170)
prokka_ANT_1/ANT_1:Prokka:ANT_1_04669 (length 123)
prokka_ANT_1/ANT_1:Prokka:ANT_1_04670 (length 75)
prokka_ANT_1/ANT_1:Prokka:ANT_1_04671 (length 128)
prokka_ANT_1/ANT_1:Prokka:ANT_1_04672 (length 143)

FATAL: DiscRep_ALL:RRNA_NAME_CONFLICTS::2 rRNA product names are not standard. Correct the names to the standard format, eg "16S ribosomal RNA"
prokka_ANT_1/ANT_1:rRNA	5S ribosomal RNA (partial)	ANT_1_16:2-89	ANT_1_01257
prokka_ANT_1/ANT_1:rRNA	5S ribosomal RNA (partial)	ANT_1_17:c4866-4779	ANT_1_01390

DiscRep_ALL:DISC_INCONSISTENT_MOLINFO_TECH::Molinfo Technique Report (some missing, all same)
DiscRep_SUB:DISC_INCONSISTENT_MOLINFO_TECH::technique (all missing)
DiscRep_SUB:DISC_INCONSISTENT_MOLINFO_TECH::121 Molinfos are missing field technique
prokka_ANT_1/ANT_1:Prokka:ANT_1_1 (length 17651)
prokka_ANT_1/ANT_1:Prokka:ANT_1_2 (length 109278)
prokka_ANT_1/ANT_1:Prokka:ANT_1_3 (length 219437)
prokka_ANT_1/ANT_1:Prokka:ANT_1_4 (length 3045)
prokka_ANT_1/ANT_1:Prokka:ANT_1_5 (length 9983)
prokka_ANT_1/ANT_1:Prokka:ANT_1_6 (length 28713)
prokka_ANT_1/ANT_1:Prokka:ANT_1_7 (length 10137)
prokka_ANT_1/ANT_1:Prokka:ANT_1_8 (length 107449)
prokka_ANT_1/ANT_1:Prokka:ANT_1_9 (length 41892)
prokka_ANT_1/ANT_1:Prokka:ANT_1_10 (length 53005)
prokka_ANT_1/ANT_1:Prokka:ANT_1_11 (length 330868)
prokka_ANT_1/ANT_1:Prokka:ANT_1_12 (length 2572)
prokka_ANT_1/ANT_1:Prokka:ANT_1_13 (length 73728)
prokka_ANT_1/ANT_1:Prokka:ANT_1_14 (length 25397)
prokka_ANT_1/ANT_1:Prokka:ANT_1_15 (length 299461)
prokka_ANT_1/ANT_1:Prokka:ANT_1_16 (length 137469)
prokka_ANT_1/ANT_1:Prokka:ANT_1_17 (length 4867)
prokka_ANT_1/ANT_1:Prokka:ANT_1_18 (length 19883)
prokka_ANT_1/ANT_1:Prokka:ANT_1_19 (length 56858)
prokka_ANT_1/ANT_1:Prokka:ANT_1_20 (length 23487)
prokka_ANT_1/ANT_1:Prokka:ANT_1_21 (length 20550)
prokka_ANT_1/ANT_1:Prokka:ANT_1_22 (length 10519)
prokka_ANT_1/ANT_1:Prokka:ANT_1_23 (length 4515)
prokka_ANT_1/ANT_1:Prokka:ANT_1_24 (length 4558)
prokka_ANT_1/ANT_1:Prokka:ANT_1_25 (length 1175)
prokka_ANT_1/ANT_1:Prokka:ANT_1_26 (length 1585)
prokka_ANT_1/ANT_1:Prokka:ANT_1_27 (length 26028)
prokka_ANT_1/ANT_1:Prokka:ANT_1_28 (length 3917)
prokka_ANT_1/ANT_1:Prokka:ANT_1_29 (length 84483)
prokka_ANT_1/ANT_1:Prokka:ANT_1_30 (length 293428)
prokka_ANT_1/ANT_1:Prokka:ANT_1_31 (length 3839)
prokka_ANT_1/ANT_1:Prokka:ANT_1_32 (length 153656)
prokka_ANT_1/ANT_1:Prokka:ANT_1_33 (length 34375)
prokka_ANT_1/ANT_1:Prokka:ANT_1_34 (length 75667)
prokka_ANT_1/ANT_1:Prokka:ANT_1_35 (length 4987)
prokka_ANT_1/ANT_1:Prokka:ANT_1_36 (length 15124)
prokka_ANT_1/ANT_1:Prokka:ANT_1_37 (length 74441)
prokka_ANT_1/ANT_1:Prokka:ANT_1_38 (length 5133)
prokka_ANT_1/ANT_1:Prokka:ANT_1_39 (length 2850)
prokka_ANT_1/ANT_1:Prokka:ANT_1_40 (length 1608)
prokka_ANT_1/ANT_1:Prokka:ANT_1_41 (length 40064)
prokka_ANT_1/ANT_1:Prokka:ANT_1_42 (length 4872)
prokka_ANT_1/ANT_1:Prokka:ANT_1_43 (length 135545)
prokka_ANT_1/ANT_1:Prokka:ANT_1_44 (length 41822)
prokka_ANT_1/ANT_1:Prokka:ANT_1_45 (length 6221)
prokka_ANT_1/ANT_1:Prokka:ANT_1_46 (length 73892)
prokka_ANT_1/ANT_1:Prokka:ANT_1_47 (length 30611)
prokka_ANT_1/ANT_1:Prokka:ANT_1_48 (length 4652)
prokka_ANT_1/ANT_1:Prokka:ANT_1_49 (length 18155)
prokka_ANT_1/ANT_1:Prokka:ANT_1_50 (length 1074)
prokka_ANT_1/ANT_1:Prokka:ANT_1_51 (length 33553)
prokka_ANT_1/ANT_1:Prokka:ANT_1_52 (length 2056)
prokka_ANT_1/ANT_1:Prokka:ANT_1_53 (length 11992)
prokka_ANT_1/ANT_1:Prokka:ANT_1_54 (length 15913)
prokka_ANT_1/ANT_1:Prokka:ANT_1_55 (length 1774)
prokka_ANT_1/ANT_1:Prokka:ANT_1_56 (length 5725)
prokka_ANT_1/ANT_1:Prokka:ANT_1_57 (length 64558)
prokka_ANT_1/ANT_1:Prokka:ANT_1_58 (length 1886)
prokka_ANT_1/ANT_1:Prokka:ANT_1_59 (length 18273)
prokka_ANT_1/ANT_1:Prokka:ANT_1_60 (length 71145)
prokka_ANT_1/ANT_1:Prokka:ANT_1_61 (length 3993)
prokka_ANT_1/ANT_1:Prokka:ANT_1_62 (length 63032)
prokka_ANT_1/ANT_1:Prokka:ANT_1_63 (length 24932)
prokka_ANT_1/ANT_1:Prokka:ANT_1_64 (length 21690)
prokka_ANT_1/ANT_1:Prokka:ANT_1_65 (length 87878)
prokka_ANT_1/ANT_1:Prokka:ANT_1_66 (length 10304)
prokka_ANT_1/ANT_1:Prokka:ANT_1_67 (length 88369)
prokka_ANT_1/ANT_1:Prokka:ANT_1_68 (length 9777)
prokka_ANT_1/ANT_1:Prokka:ANT_1_69 (length 44713)
prokka_ANT_1/ANT_1:Prokka:ANT_1_70 (length 24718)
prokka_ANT_1/ANT_1:Prokka:ANT_1_71 (length 23379)
prokka_ANT_1/ANT_1:Prokka:ANT_1_72 (length 43304)
prokka_ANT_1/ANT_1:Prokka:ANT_1_73 (length 2379)
prokka_ANT_1/ANT_1:Prokka:ANT_1_74 (length 2178)
prokka_ANT_1/ANT_1:Prokka:ANT_1_75 (length 2178)
prokka_ANT_1/ANT_1:Prokka:ANT_1_76 (length 134478)
prokka_ANT_1/ANT_1:Prokka:ANT_1_77 (length 1007)
prokka_ANT_1/ANT_1:Prokka:ANT_1_78 (length 49527)
prokka_ANT_1/ANT_1:Prokka:ANT_1_79 (length 3793)
prokka_ANT_1/ANT_1:Prokka:ANT_1_80 (length 1136)
prokka_ANT_1/ANT_1:Prokka:ANT_1_81 (length 21127)
prokka_ANT_1/ANT_1:Prokka:ANT_1_82 (length 2243)
prokka_ANT_1/ANT_1:Prokka:ANT_1_83 (length 2643)
prokka_ANT_1/ANT_1:Prokka:ANT_1_84 (length 41204)
prokka_ANT_1/ANT_1:Prokka:ANT_1_85 (length 90909)
prokka_ANT_1/ANT_1:Prokka:ANT_1_86 (length 76558)
prokka_ANT_1/ANT_1:Prokka:ANT_1_87 (length 20174)
prokka_ANT_1/ANT_1:Prokka:ANT_1_88 (length 86414)
prokka_ANT_1/ANT_1:Prokka:ANT_1_89 (length 158282)
prokka_ANT_1/ANT_1:Prokka:ANT_1_90 (length 8856)
prokka_ANT_1/ANT_1:Prokka:ANT_1_91 (length 5449)
prokka_ANT_1/ANT_1:Prokka:ANT_1_92 (length 3017)
prokka_ANT_1/ANT_1:Prokka:ANT_1_93 (length 25678)
prokka_ANT_1/ANT_1:Prokka:ANT_1_94 (length 7380)
prokka_ANT_1/ANT_1:Prokka:ANT_1_95 (length 34427)
prokka_ANT_1/ANT_1:Prokka:ANT_1_96 (length 83253)
prokka_ANT_1/ANT_1:Prokka:ANT_1_97 (length 3039)
prokka_ANT_1/ANT_1:Prokka:ANT_1_98 (length 3038)
prokka_ANT_1/ANT_1:Prokka:ANT_1_99 (length 17058)
prokka_ANT_1/ANT_1:Prokka:ANT_1_100 (length 1112)
prokka_ANT_1/ANT_1:Prokka:ANT_1_101 (length 12915)
prokka_ANT_1/ANT_1:Prokka:ANT_1_102 (length 41535)
prokka_ANT_1/ANT_1:Prokka:ANT_1_103 (length 34264)
prokka_ANT_1/ANT_1:Prokka:ANT_1_104 (length 5058)
prokka_ANT_1/ANT_1:Prokka:ANT_1_105 (length 1718)
prokka_ANT_1/ANT_1:Prokka:ANT_1_106 (length 92249)
prokka_ANT_1/ANT_1:Prokka:ANT_1_107 (length 2599)
prokka_ANT_1/ANT_1:Prokka:ANT_1_108 (length 19384)
prokka_ANT_1/ANT_1:Prokka:ANT_1_109 (length 56774)
prokka_ANT_1/ANT_1:Prokka:ANT_1_110 (length 6226)
prokka_ANT_1/ANT_1:Prokka:ANT_1_111 (length 40915)
prokka_ANT_1/ANT_1:Prokka:ANT_1_112 (length 1757)
prokka_ANT_1/ANT_1:Prokka:ANT_1_113 (length 108380)
prokka_ANT_1/ANT_1:Prokka:ANT_1_114 (length 2944)
prokka_ANT_1/ANT_1:Prokka:ANT_1_115 (length 2742)
prokka_ANT_1/ANT_1:Prokka:ANT_1_116 (length 6184)
prokka_ANT_1/ANT_1:Prokka:ANT_1_117 (length 25490)
prokka_ANT_1/ANT_1:Prokka:ANT_1_118 (length 1240)
prokka_ANT_1/ANT_1:Prokka:ANT_1_119 (length 173040)
prokka_ANT_1/ANT_1:Prokka:ANT_1_120 (length 6804)
prokka_ANT_1/ANT_1:Prokka:ANT_1_121 (length 5092)

