locus_tag	ftype	length_bp	gene	EC_number	COG	product
ANT_1_00001	gene	492				
ANT_1_00001	CDS	492				hypothetical protein
ANT_1_00002	gene	366				
ANT_1_00002	CDS	366				hypothetical protein
ANT_1_00003	gene	1032	idnD			
ANT_1_00003	CDS	1032	idnD	1.1.1.264	COG1063	L-idonate 5-dehydrogenase (NAD(P)(+))
ANT_1_00004	gene	765	idnO			
ANT_1_00004	CDS	765	idnO	1.1.1.69		5-keto-D-gluconate 5-reductase
ANT_1_00005	gene	1320	idnT			
ANT_1_00005	CDS	1320	idnT		COG2610	Gnt-II system L-idonate transporter
ANT_1_00006	gene	996	gntR_1			
ANT_1_00006	CDS	996	gntR_1			HTH-type transcriptional regulator GntR
ANT_1_00007	gene	627	can_1			
ANT_1_00007	CDS	627	can_1	4.2.1.1	COG0288	Carbonic anhydrase 2
ANT_1_00008	gene	1485	dauA			
ANT_1_00008	CDS	1485	dauA		COG0659	C4-dicarboxylic acid transporter DauA
ANT_1_00009	gene	615				
ANT_1_00009	CDS	615				hypothetical protein
ANT_1_00010	gene	192				
ANT_1_00010	CDS	192				hypothetical protein
ANT_1_00011	gene	204				
ANT_1_00011	CDS	204				hypothetical protein
ANT_1_00012	gene	510				
ANT_1_00012	CDS	510				hypothetical protein
ANT_1_00013	gene	504				
ANT_1_00013	CDS	504				hypothetical protein
ANT_1_00014	gene	465				
ANT_1_00014	CDS	465				hypothetical protein
ANT_1_00015	gene	591				
ANT_1_00015	CDS	591				hypothetical protein
ANT_1_00016	gene	351				
ANT_1_00016	CDS	351				hypothetical protein
ANT_1_00017	gene	909				
ANT_1_00017	CDS	909				hypothetical protein
ANT_1_00018	gene	609				
ANT_1_00018	CDS	609				hypothetical protein
ANT_1_00019	gene	1137				
ANT_1_00019	CDS	1137				hypothetical protein
ANT_1_00020	gene	444				
ANT_1_00020	CDS	444				hypothetical protein
ANT_1_00021	gene	618				
ANT_1_00021	CDS	618				hypothetical protein
ANT_1_00022	gene	2115	fusA			
ANT_1_00022	CDS	2115	fusA		COG0480	Elongation factor G
ANT_1_00023	gene	471	rpsG			
ANT_1_00023	CDS	471	rpsG		COG0049	30S ribosomal protein S7
ANT_1_00024	gene	375	rpsL			
ANT_1_00024	CDS	375	rpsL		COG0048	30S ribosomal protein S12
ANT_1_00025	gene	288	tusB			
ANT_1_00025	CDS	288	tusB		COG2168	Protein TusB
ANT_1_00026	gene	360	tusC			
ANT_1_00026	CDS	360	tusC		COG2923	Protein TusC
ANT_1_00027	gene	387	tusD			
ANT_1_00027	CDS	387	tusD	2.8.1.-	COG1553	Sulfurtransferase TusD
ANT_1_00028	gene	723	dauR_1			
ANT_1_00028	CDS	723	dauR_1		COG2964	Transcriptional regulator DauR
ANT_1_00029	gene	831	fkpA			
ANT_1_00029	CDS	831	fkpA	5.2.1.8	COG0545	FKBP-type peptidyl-prolyl cis-trans isomerase FkpA
ANT_1_00030	gene	219	slyX			
ANT_1_00030	CDS	219	slyX		COG2900	Protein SlyX 
ANT_1_00031	gene	561	slyD			
ANT_1_00031	CDS	561	slyD	5.2.1.8	COG1047	FKBP-type peptidyl-prolyl cis-trans isomerase SlyD
ANT_1_00032	gene	195				
ANT_1_00032	CDS	195				hypothetical protein
ANT_1_00033	gene	1806	kefC			
ANT_1_00033	CDS	1806	kefC		COG0475	Glutathione-regulated potassium-efflux system protein KefC
ANT_1_00034	gene	552	ywrO			
ANT_1_00034	CDS	552	ywrO	1.6.99.-	COG2249	General stress protein 14
ANT_1_00035	gene	1902	yheS_1			
ANT_1_00035	CDS	1902	yheS_1		COG0488	putative ABC transporter ATP-binding protein YheS
ANT_1_00036	gene	1488				
ANT_1_00036	CDS	1488				hypothetical protein
ANT_1_00037	gene	876	prs_1			
ANT_1_00037	CDS	876	prs_1	2.7.6.1	COG0462	Ribose-phosphate pyrophosphokinase
ANT_1_00038	gene	726				
ANT_1_00038	CDS	726				hypothetical protein
ANT_1_00039	gene	840	tauD			
ANT_1_00039	CDS	840	tauD	1.14.11.17	COG2175	Alpha-ketoglutarate-dependent taurine dioxygenase
ANT_1_00040	gene	828	ssuC_1			
ANT_1_00040	CDS	828	ssuC_1		COG0600	Putative aliphatic sulfonates transport permease protein SsuC
ANT_1_00041	gene	768	tauB			
ANT_1_00041	CDS	768	tauB	7.6.2.7	COG4525	Taurine import ATP-binding protein TauB
ANT_1_00042	gene	978	tauA			
ANT_1_00042	CDS	978	tauA		COG4521	Taurine-binding periplasmic protein
ANT_1_00043	gene	603	eamB			
ANT_1_00043	CDS	603	eamB		COG1280	Cysteine/O-acetylserine efflux protein
ANT_1_00044	gene	1020				
ANT_1_00044	CDS	1020				hypothetical protein
ANT_1_00045	gene	219				
ANT_1_00045	CDS	219				hypothetical protein
ANT_1_00046	gene	870	cfxP			
ANT_1_00046	CDS	870	cfxP	2.7.1.19	COG3954	Phosphoribulokinase, plasmid
ANT_1_00047	gene	408	yhfA			
ANT_1_00047	CDS	408	yhfA		COG1765	Protein YhfA
ANT_1_00048	gene	633	crp			
ANT_1_00048	CDS	633	crp		COG0664	cAMP-activated global transcriptional regulator CRP
ANT_1_00049	gene	2079				
ANT_1_00049	CDS	2079				hypothetical protein
ANT_1_00050	gene	1218	argD			
ANT_1_00050	CDS	1218	argD	2.6.1.11	COG4992	Acetylornithine/succinyldiaminopimelate aminotransferase
ANT_1_00051	gene	579	trpG_1			
ANT_1_00051	CDS	579	trpG_1	4.1.3.27	COG0512	Anthranilate synthase component 2
ANT_1_00052	gene	573	ppiA			
ANT_1_00052	CDS	573	ppiA	5.2.1.8	COG0652	Peptidyl-prolyl cis-trans isomerase A
ANT_1_00053	gene	1185	tsgA			
ANT_1_00053	CDS	1185	tsgA		COG0477	Protein TsgA
ANT_1_00054	gene	1278	codA			
ANT_1_00054	CDS	1278	codA	3.5.4.1	COG0402	Cytosine deaminase
ANT_1_00055	gene	1005	trpS			
ANT_1_00055	CDS	1005	trpS	6.1.1.2	COG0180	Tryptophan--tRNA ligase
ANT_1_00056	gene	678	gph			
ANT_1_00056	CDS	678	gph	3.1.3.18	COG0546	Phosphoglycolate phosphatase
ANT_1_00057	gene	687	rpe			
ANT_1_00057	CDS	687	rpe	5.1.3.1	COG0036	Ribulose-phosphate 3-epimerase
ANT_1_00058	gene	846	dam			
ANT_1_00058	CDS	846	dam	2.1.1.72	COG0338	DNA adenine methylase
ANT_1_00059	gene	993	damX			
ANT_1_00059	CDS	993	damX		COG3266	Cell division protein DamX
ANT_1_00060	gene	1089	aroB			
ANT_1_00060	CDS	1089	aroB	4.2.3.4	COG0337	3-dehydroquinate synthase
ANT_1_00061	gene	522	aroK			
ANT_1_00061	CDS	522	aroK	2.7.1.71	COG0703	Shikimate kinase 1
ANT_1_00062	gene	1245	pilQ			
ANT_1_00062	CDS	1245	pilQ			Type IV pilus biogenesis and competence protein PilQ
ANT_1_00063	gene	360				
ANT_1_00063	CDS	360				hypothetical protein
ANT_1_00064	gene	498				
ANT_1_00064	CDS	498				hypothetical protein
ANT_1_00065	gene	546				
ANT_1_00065	CDS	546				hypothetical protein
ANT_1_00066	gene	828				
ANT_1_00066	CDS	828				hypothetical protein
ANT_1_00067	gene	2556	mrcA			
ANT_1_00067	CDS	2556	mrcA		COG5009	Penicillin-binding protein 1A
ANT_1_00068	gene	567	nudE			
ANT_1_00068	CDS	567	nudE	3.6.1.-	COG0494	ADP compounds hydrolase NudE
ANT_1_00069	gene	2139	igaA			
ANT_1_00069	CDS	2139	igaA			Intracellular growth attenuator protein igaA
ANT_1_00070	gene	402	hslR			
ANT_1_00070	CDS	402	hslR		COG1188	Heat shock protein 15
ANT_1_00071	gene	879	hslO			
ANT_1_00071	CDS	879	hslO		COG1281	33 kDa chaperonin
ANT_1_00072	gene	1620	pckA_1			
ANT_1_00072	CDS	1620	pckA_1	4.1.1.49	COG1866	Phosphoenolpyruvate carboxykinase (ATP)
ANT_1_00073	gene	1350	envZ			
ANT_1_00073	CDS	1350	envZ	2.7.13.3		Osmolarity sensor protein EnvZ
ANT_1_00074	gene	720	ompR_1			
ANT_1_00074	CDS	720	ompR_1			Transcriptional regulatory protein OmpR
ANT_1_00075	gene	480	greB			
ANT_1_00075	CDS	480	greB		COG0782	Transcription elongation factor GreB
ANT_1_00076	gene	2334	yhgF			
ANT_1_00076	CDS	2334	yhgF		COG2183	Protein YhgF
ANT_1_00077	gene	243	feoA			
ANT_1_00077	CDS	243	feoA		COG1918	Fe(2+) transport protein A
ANT_1_00078	gene	2304	feoB			
ANT_1_00078	CDS	2304	feoB		COG0370	Fe(2+) transporter FeoB
ANT_1_00079	gene	1689	ycjM			
ANT_1_00079	CDS	1689	ycjM	2.4.1.352	COG0366	Glucosylglycerate phosphorylase
ANT_1_00080	gene	267				
ANT_1_00080	CDS	267				hypothetical protein
ANT_1_00081	gene	777	bioH			
ANT_1_00081	CDS	777	bioH	3.1.1.85	COG0596	Pimeloyl-[acyl-carrier protein] methyl ester esterase
ANT_1_00082	gene	684				
ANT_1_00082	CDS	684				hypothetical protein
ANT_1_00083	gene	576	nfuA			
ANT_1_00083	CDS	576	nfuA		COG0316	Fe/S biogenesis protein NfuA
ANT_1_00084	gene	1284	fabF_1			
ANT_1_00084	CDS	1284	fabF_1	2.3.1.179	COG0304	3-oxoacyl-[acyl-carrier-protein] synthase 2
ANT_1_00085	gene	2073	malQ_1			
ANT_1_00085	CDS	2073	malQ_1	2.4.1.25	COG1640	4-alpha-glucanotransferase
ANT_1_00086	gene	2403	malP_1			
ANT_1_00086	CDS	2403	malP_1	2.4.1.1	COG0058	Maltodextrin phosphorylase
ANT_1_00087	gene	759	glpR_1			
ANT_1_00087	CDS	759	glpR_1		COG1349	Glycerol-3-phosphate regulon repressor
ANT_1_00088	gene	819	glpG			
ANT_1_00088	CDS	819	glpG	3.4.21.105	COG0705	Rhomboid protease GlpG
ANT_1_00089	gene	324	glpE			
ANT_1_00089	CDS	324	glpE	2.8.1.1	COG0607	Thiosulfate sulfurtransferase GlpE
ANT_1_00090	gene	1512	glpD			
ANT_1_00090	CDS	1512	glpD	1.1.5.3	COG0578	Aerobic glycerol-3-phosphate dehydrogenase
ANT_1_00091	gene	2448	malP_2			
ANT_1_00091	CDS	2448	malP_2	2.4.1.1	COG0058	Maltodextrin phosphorylase
ANT_1_00092	gene	1434	glgA			
ANT_1_00092	CDS	1434	glgA	2.4.1.21	COG0297	Glycogen synthase
ANT_1_00093	gene	1287	glgC			
ANT_1_00093	CDS	1287	glgC	2.7.7.27	COG0448	Glucose-1-phosphate adenylyltransferase
ANT_1_00094	gene	1977	glgX_1			
ANT_1_00094	CDS	1977	glgX_1	3.2.1.196	COG1523	Glycogen debranching enzyme
ANT_1_00095	gene	2187	glgB			
ANT_1_00095	CDS	2187	glgB	2.4.1.18	COG0296	1,4-alpha-glucan branching enzyme GlgB
ANT_1_00096	gene	1110	asd			
ANT_1_00096	CDS	1110	asd	1.2.1.11	COG0136	Aspartate-semialdehyde dehydrogenase
ANT_1_00097	gene	594				
ANT_1_00097	CDS	594				hypothetical protein
ANT_1_00098	gene	1341	gntU			
ANT_1_00098	CDS	1341	gntU		COG2610	Low-affinity gluconate transporter
ANT_1_00099	gene	540	gntK			
ANT_1_00099	CDS	540	gntK	2.7.1.12	COG3265	Thermoresistant gluconokinase
ANT_1_00100	gene	996	gntR_2			
ANT_1_00100	CDS	996	gntR_2			HTH-type transcriptional regulator GntR
ANT_1_00101	gene	696	yhhW			
ANT_1_00101	CDS	696	yhhW	1.13.11.24	COG1741	Quercetin 2,3-dioxygenase
ANT_1_00102	gene	495	aaaT			
ANT_1_00102	CDS	495	aaaT	2.3.1.-	COG0454	L-amino acid N-acetyltransferase AaaT
ANT_1_00103	gene	1182				
ANT_1_00103	CDS	1182				hypothetical protein
ANT_1_00104	gene	1749	ggt			
ANT_1_00104	CDS	1749	ggt	3.4.19.13	COG0405	Glutathione hydrolase proenzyme
ANT_1_00105	gene	312				
ANT_1_00105	CDS	312				hypothetical protein
ANT_1_00106	gene	741	ugpQ			
ANT_1_00106	CDS	741	ugpQ	3.1.4.46	COG0584	Glycerophosphodiester phosphodiesterase, cytoplasmic
ANT_1_00107	gene	1071	ugpC_1			
ANT_1_00107	CDS	1071	ugpC_1	7.6.2.10	COG3839	sn-glycerol-3-phosphate import ATP-binding protein UgpC
ANT_1_00108	gene	846	lacG			
ANT_1_00108	CDS	846	lacG			Lactose transport system permease protein LacG
ANT_1_00109	gene	888	ugpA_1			
ANT_1_00109	CDS	888	ugpA_1		COG1175	sn-glycerol-3-phosphate transport system permease protein UgpA
ANT_1_00110	gene	1317	ugpB_1			
ANT_1_00110	CDS	1317	ugpB_1		COG1653	sn-glycerol-3-phosphate-binding periplasmic protein UgpB
ANT_1_00111	gene	714	livF_1			
ANT_1_00111	CDS	714	livF_1		COG0410	High-affinity branched-chain amino acid transport ATP-binding protein LivF
ANT_1_00112	gene	768	lptB_1			
ANT_1_00112	CDS	768	lptB_1	3.6.3.-	COG1137	Lipopolysaccharide export system ATP-binding protein LptB
ANT_1_00113	gene	1275				
ANT_1_00113	CDS	1275				hypothetical protein
ANT_1_00114	gene	927	livH			
ANT_1_00114	CDS	927	livH		COG0559	High-affinity branched-chain amino acid transport system permease protein LivH
ANT_1_00115	gene	1110	livJ			
ANT_1_00115	CDS	1110	livJ		COG0683	Leu/Ile/Val/Thr-binding protein
ANT_1_00116	gene	387	panZ			
ANT_1_00116	CDS	387	panZ			PanD regulatory factor
ANT_1_00117	gene	855	rpoH			
ANT_1_00117	CDS	855	rpoH		COG0568	RNA polymerase sigma factor RpoH
ANT_1_00118	gene	993	ftsX			
ANT_1_00118	CDS	993	ftsX		COG2177	Cell division protein FtsX
ANT_1_00119	gene	669	ftsE			
ANT_1_00119	CDS	669	ftsE		COG2884	Cell division ATP-binding protein FtsE
ANT_1_00120	gene	1500	ftsY			
ANT_1_00120	CDS	1500	ftsY		COG0552	Signal recognition particle receptor FtsY
ANT_1_00121	gene	588				
ANT_1_00121	CDS	588				hypothetical protein
ANT_1_00122	gene	2022	vgrG1			
ANT_1_00122	CDS	2022	vgrG1	6.3.2.-	COG3501	Actin cross-linking toxin VgrG1
ANT_1_00123	gene	1182				
ANT_1_00123	CDS	1182				hypothetical protein
ANT_1_00124	gene	1653	mqo_1			
ANT_1_00124	CDS	1653	mqo_1	1.1.5.4	COG0579	Malate:quinone oxidoreductase
ANT_1_00125	gene	762				
ANT_1_00125	CDS	762				hypothetical protein
ANT_1_00126	gene	624	vat			
ANT_1_00126	CDS	624	vat	2.3.1.-		Virginiamycin A acetyltransferase
ANT_1_00127	gene	1443				
ANT_1_00127	CDS	1443				hypothetical protein
ANT_1_00128	gene	2985				
ANT_1_00128	CDS	2985				hypothetical protein
ANT_1_00129	gene	2391				
ANT_1_00129	CDS	2391				hypothetical protein
ANT_1_00130	gene	285				
ANT_1_00130	CDS	285				hypothetical protein
ANT_1_00131	gene	471				
ANT_1_00131	CDS	471		3.1.27.-		Ribonuclease
ANT_1_00132	gene	918	thpA_1			
ANT_1_00132	CDS	918	thpA_1		COG1879	D-threitol-binding protein
ANT_1_00133	gene	942	ompT			
ANT_1_00133	CDS	942	ompT	3.4.23.49	COG4571	Protease 7
ANT_1_00134	gene	891				
ANT_1_00134	CDS	891				hypothetical protein
ANT_1_00135	gene	267				
ANT_1_00135	CDS	267				hypothetical protein
ANT_1_00136	gene	957				
ANT_1_00136	CDS	957				hypothetical protein
ANT_1_00137	gene	1020				
ANT_1_00137	CDS	1020				hypothetical protein
ANT_1_00138	gene	672	metI_1			
ANT_1_00138	CDS	672	metI_1		COG2011	D-methionine transport system permease protein MetI
ANT_1_00139	gene	792	metN_1			
ANT_1_00139	CDS	792	metN_1	3.6.3.-	COG1135	Methionine import ATP-binding protein MetN
ANT_1_00140	gene	807	metQ_1			
ANT_1_00140	CDS	807	metQ_1		COG1464	Methionine-binding lipoprotein MetQ
ANT_1_00141	gene	1041	vldW			
ANT_1_00141	CDS	1041	vldW	1.14.11.52		Validamycin A dioxygenase
ANT_1_00142	gene	348	rob_1			
ANT_1_00142	CDS	348	rob_1		COG2207	Right origin-binding protein
ANT_1_00143	gene	456				
ANT_1_00143	CDS	456				hypothetical protein
ANT_1_00144	gene	876	Hgd			
ANT_1_00144	CDS	876	Hgd	1.1.1.291		2-(hydroxymethyl)glutarate dehydrogenase
ANT_1_00145	gene	855				
ANT_1_00145	CDS	855				hypothetical protein
ANT_1_00146	gene	1422	jefA			
ANT_1_00146	CDS	1422	jefA			Drug efflux pump JefA
ANT_1_00147	gene	123				
ANT_1_00147	CDS	123				hypothetical protein
ANT_1_00148	gene	177				
ANT_1_00148	CDS	177				hypothetical protein
ANT_1_00149	gene	927	glsA2			
ANT_1_00149	CDS	927	glsA2	3.5.1.2	COG2066	Glutaminase 2
ANT_1_00150	gene	1185	sotB_1			
ANT_1_00150	CDS	1185	sotB_1		COG2814	Sugar efflux transporter
ANT_1_00151	gene	2145	dcp			
ANT_1_00151	CDS	2145	dcp	3.4.15.5	COG0339	Dipeptidyl carboxypeptidase
ANT_1_00152	gene	774				
ANT_1_00152	CDS	774				hypothetical protein
ANT_1_00153	gene	2367	xdhA			
ANT_1_00153	CDS	2367	xdhA	1.17.1.4	COG1529	Putative xanthine dehydrogenase molybdenum-binding subunit XdhA
ANT_1_00154	gene	1440				
ANT_1_00154	CDS	1440				hypothetical protein
ANT_1_00155	gene	1332	guaD_1			
ANT_1_00155	CDS	1332	guaD_1	3.5.4.3	COG0402	Guanine deaminase
ANT_1_00156	gene	747	ydfG			
ANT_1_00156	CDS	747	ydfG	1.1.1.381	COG4221	NADP-dependent 3-hydroxy acid dehydrogenase YdfG
ANT_1_00157	gene	327				
ANT_1_00157	CDS	327				hypothetical protein
ANT_1_00158	gene	348				
ANT_1_00158	CDS	348				hypothetical protein
ANT_1_00159	gene	297				
ANT_1_00159	CDS	297				hypothetical protein
ANT_1_00160	gene	1467	bmr3			
ANT_1_00160	CDS	1467	bmr3			Multidrug resistance protein 3
ANT_1_00161	gene	714	osmY_1			
ANT_1_00161	CDS	714	osmY_1		COG1174	Osmoprotectant import permease protein OsmY
ANT_1_00162	gene	918	osmX			
ANT_1_00162	CDS	918	osmX		COG1732	Osmoprotectant-binding protein OsmX
ANT_1_00163	gene	648	osmW			
ANT_1_00163	CDS	648	osmW		COG1174	Osmoprotectant import permease protein OsmW
ANT_1_00164	gene	1140	osmV			
ANT_1_00164	CDS	1140	osmV	3.6.3.-	COG1125	Osmoprotectant import ATP-binding protein OsmV
ANT_1_00165	gene	864	licT_1			
ANT_1_00165	CDS	864	licT_1		COG3711	Transcription antiterminator LicT
ANT_1_00166	gene	321				
ANT_1_00166	CDS	321				hypothetical protein
ANT_1_00167	gene	1617	mppA			
ANT_1_00167	CDS	1617	mppA		COG4166	Periplasmic murein peptide-binding protein
ANT_1_00168	gene	708	mpaA			
ANT_1_00168	CDS	708	mpaA	3.4.17.-	COG2866	Murein peptide amidase A
ANT_1_00169	gene	984	ycjG			
ANT_1_00169	CDS	984	ycjG	5.1.1.20	COG4948	L-Ala-D/L-Glu epimerase
ANT_1_00170	gene	504	tpx			
ANT_1_00170	CDS	504	tpx	1.11.1.15	COG2077	Thiol peroxidase
ANT_1_00171	gene	1566	tyrR			
ANT_1_00171	CDS	1566	tyrR			Transcriptional regulatory protein TyrR
ANT_1_00172	gene	1056				
ANT_1_00172	CDS	1056				hypothetical protein
ANT_1_00173	gene	1407	ycjX			
ANT_1_00173	CDS	1407	ycjX		COG3106	putative protein YcjX
ANT_1_00174	gene	213	pspD			
ANT_1_00174	CDS	213	pspD			Phage shock protein D
ANT_1_00175	gene	348	pspC			
ANT_1_00175	CDS	348	pspC		COG1983	Phage shock protein C
ANT_1_00176	gene	228	pspB			
ANT_1_00176	CDS	228	pspB			Phage shock protein B
ANT_1_00177	gene	666	pspA			
ANT_1_00177	CDS	666	pspA		COG1842	Phage shock protein A
ANT_1_00178	gene	981	pspF			
ANT_1_00178	CDS	981	pspF		COG1221	Psp operon transcriptional activator
ANT_1_00179	gene	1629	sapA			
ANT_1_00179	CDS	1629	sapA		COG4166	Peptide transport periplasmic protein SapA
ANT_1_00180	gene	966	sapB			
ANT_1_00180	CDS	966	sapB		COG4168	Putrescine export system permease protein SapB
ANT_1_00181	gene	891	sapC			
ANT_1_00181	CDS	891	sapC		COG4171	Peptide transport system permease protein SapC
ANT_1_00182	gene	993	sapD			
ANT_1_00182	CDS	993	sapD		COG4170	Peptide transport system ATP-binding protein SapD
ANT_1_00183	gene	807	sapF			
ANT_1_00183	CDS	807	sapF		COG4167	Peptide transport system ATP-binding protein SapF
ANT_1_00184	gene	1173				
ANT_1_00184	CDS	1173				hypothetical protein
ANT_1_00185	gene	897	oxyR_1			
ANT_1_00185	CDS	897	oxyR_1			Hydrogen peroxide-inducible genes activator
ANT_1_00186	gene	744				
ANT_1_00186	CDS	744				hypothetical protein
ANT_1_00187	gene	1590	malX			
ANT_1_00187	CDS	1590	malX		COG1263	PTS system maltose-specific EIICB component
ANT_1_00188	gene	2307	ydeP_1			
ANT_1_00188	CDS	2307	ydeP_1		COG0243	Protein YdeP
ANT_1_00189	gene	1944	rnb			
ANT_1_00189	CDS	1944	rnb	3.1.13.1	COG4776	Exoribonuclease 2
ANT_1_00190	gene	123				
ANT_1_00190	CDS	123				hypothetical protein
ANT_1_00191	gene	1992	pdeR			
ANT_1_00191	CDS	1992	pdeR	3.1.4.52	COG2199	Cyclic di-GMP phosphodiesterase PdeR
ANT_1_00192	gene	870	fadB_1			
ANT_1_00192	CDS	870	fadB_1	5.3.3.8		Fatty acid oxidation complex subunit alpha
ANT_1_00193	gene	699	araD			
ANT_1_00193	CDS	699	araD	5.1.3.4	COG0235	L-ribulose-5-phosphate 4-epimerase AraD
ANT_1_00194	gene	219	osmB			
ANT_1_00194	CDS	219	osmB			Osmotically-inducible lipoprotein B
ANT_1_00195	gene	327	yciH			
ANT_1_00195	CDS	327	yciH		COG0023	putative protein YciH
ANT_1_00196	gene	717	pyrF			
ANT_1_00196	CDS	717	pyrF	4.1.1.23	COG0284	Orotidine 5'-phosphate decarboxylase
ANT_1_00197	gene	192				
ANT_1_00197	CDS	192				hypothetical protein
ANT_1_00198	gene	1170	lapB			
ANT_1_00198	CDS	1170	lapB		COG2956	Lipopolysaccharide assembly protein B
ANT_1_00199	gene	309	lapA			
ANT_1_00199	CDS	309	lapA		COG3771	Lipopolysaccharide assembly protein A
ANT_1_00200	gene	768	pgpB			
ANT_1_00200	CDS	768	pgpB	3.1.3.27	COG0671	Phosphatidylglycerophosphatase B
ANT_1_00201	gene	591	ribA			
ANT_1_00201	CDS	591	ribA	3.5.4.25	COG0807	GTP cyclohydrolase-2
ANT_1_00202	gene	2682	acnA			
ANT_1_00202	CDS	2682	acnA	4.2.1.3	COG1048	Aconitate hydratase A
ANT_1_00203	gene	93				
ANT_1_00203	CDS	93				hypothetical protein
ANT_1_00204	gene	270				
ANT_1_00204	CDS	270				hypothetical protein
ANT_1_00205	gene	975	cysB			
ANT_1_00205	CDS	975	cysB			HTH-type transcriptional regulator CysB
ANT_1_00206	gene	2601	topA_1			
ANT_1_00206	CDS	2601	topA_1	5.6.2.1	COG0550	DNA topoisomerase 1
ANT_1_00207	gene	3792				
ANT_1_00207	CDS	3792				hypothetical protein
ANT_1_00208	gene	1080	yehL			
ANT_1_00208	CDS	1080	yehL		COG0714	putative protein YehL
ANT_1_00209	gene	2340				
ANT_1_00209	CDS	2340				hypothetical protein
ANT_1_00210	gene	1137				
ANT_1_00210	CDS	1137				hypothetical protein
ANT_1_00211	gene	2025				
ANT_1_00211	CDS	2025				hypothetical protein
ANT_1_00212	gene	1050	sohB			
ANT_1_00212	CDS	1050	sohB	3.4.21.-	COG0616	putative protease SohB
ANT_1_00213	gene	762	yciK			
ANT_1_00213	CDS	762	yciK	1.-.-.-	COG1028	putative oxidoreductase YciK
ANT_1_00214	gene	591	btuR			
ANT_1_00214	CDS	591	btuR	2.5.1.17	COG2109	Corrinoid adenosyltransferase
ANT_1_00215	gene	894	rluB			
ANT_1_00215	CDS	894	rluB	5.4.99.22	COG1187	Ribosomal large subunit pseudouridine synthase B
ANT_1_00216	gene	627				
ANT_1_00216	CDS	627				hypothetical protein
ANT_1_00217	gene	621	yciO			
ANT_1_00217	CDS	621	yciO		COG0009	putative protein YciO
ANT_1_00218	gene	885	yciV			
ANT_1_00218	CDS	885	yciV	3.1.13.-	COG0613	5'-3' exoribonuclease
ANT_1_00219	gene	1563	trpE			
ANT_1_00219	CDS	1563	trpE	4.1.3.27	COG0147	Anthranilate synthase component 1
ANT_1_00220	gene	579	trpG_2			
ANT_1_00220	CDS	579	trpG_2	4.1.3.27		Anthranilate synthase component 2
ANT_1_00221	gene	999	trpGD			
ANT_1_00221	CDS	999	trpGD		COG0512	Bifunctional protein TrpGD
ANT_1_00222	gene	1368	trpC			
ANT_1_00222	CDS	1368	trpC		COG0134	Tryptophan biosynthesis protein TrpCF
ANT_1_00223	gene	1191	trpB			
ANT_1_00223	CDS	1191	trpB	4.2.1.20	COG0133	Tryptophan synthase beta chain
ANT_1_00224	gene	807	trpA			
ANT_1_00224	CDS	807	trpA	4.2.1.20		Tryptophan synthase alpha chain
ANT_1_00225	gene	315				
ANT_1_00225	CDS	315				hypothetical protein
ANT_1_00226	gene	633	ompW			
ANT_1_00226	CDS	633	ompW		COG3047	Outer membrane protein W
ANT_1_00227	gene	738				
ANT_1_00227	CDS	738				hypothetical protein
ANT_1_00228	gene	537	yciB			
ANT_1_00228	CDS	537	yciB		COG2917	putative intracellular septation protein A
ANT_1_00229	gene	426				
ANT_1_00229	CDS	426		3.1.2.-	COG1607	putative acyl-CoA thioester hydrolase
ANT_1_00230	gene	720	tonB			
ANT_1_00230	CDS	720	tonB		COG0810	Protein TonB
ANT_1_00231	gene	297	yciI			
ANT_1_00231	CDS	297	yciI		COG2350	Protein YciI
ANT_1_00232	gene	174				
ANT_1_00232	CDS	174				hypothetical protein
ANT_1_00233	gene	1461	clsA			
ANT_1_00233	CDS	1461	clsA	2.7.8.-	COG1502	Cardiolipin synthase A
ANT_1_00234	gene	324				
ANT_1_00234	CDS	324				hypothetical protein
ANT_1_00235	gene	867				
ANT_1_00235	CDS	867				hypothetical protein
ANT_1_00236	gene	1002	btuD_1			
ANT_1_00236	CDS	1002	btuD_1	7.6.2.8		Vitamin B12 import ATP-binding protein BtuD
ANT_1_00237	gene	1017	oppD			
ANT_1_00237	CDS	1017	oppD		COG0444	Oligopeptide transport ATP-binding protein OppD
ANT_1_00238	gene	909	oppC			
ANT_1_00238	CDS	909	oppC		COG1173	Oligopeptide transport system permease protein OppC
ANT_1_00239	gene	921	oppB			
ANT_1_00239	CDS	921	oppB		COG0601	Oligopeptide transport system permease protein OppB
ANT_1_00240	gene	1638	oppA			
ANT_1_00240	CDS	1638	oppA		COG4166	Periplasmic oligopeptide-binding protein
ANT_1_00241	gene	648				
ANT_1_00241	CDS	648				hypothetical protein
ANT_1_00242	gene	213				
ANT_1_00242	CDS	213				hypothetical protein
ANT_1_00243	gene	2685	adhE			
ANT_1_00243	CDS	2685	adhE		COG1012	Aldehyde-alcohol dehydrogenase
ANT_1_00244	gene	627	tdk			
ANT_1_00244	CDS	627	tdk	2.7.1.21		Thymidine kinase
ANT_1_00245	gene	408	hns_1			
ANT_1_00245	CDS	408	hns_1			DNA-binding protein H-NS
ANT_1_00246	gene	1008	wbgU			
ANT_1_00246	CDS	1008	wbgU	5.1.3.7		UDP-N-acetylglucosamine 4-epimerase
ANT_1_00247	gene	1341	rkpK			
ANT_1_00247	CDS	1341	rkpK	1.1.1.22	COG1004	UDP-glucose 6-dehydrogenase
ANT_1_00248	gene	909	galU			
ANT_1_00248	CDS	909	galU	2.7.7.9	COG1210	UTP--glucose-1-phosphate uridylyltransferase
ANT_1_00249	gene	1029	rssB			
ANT_1_00249	CDS	1029	rssB		COG0784	Regulator of RpoS
ANT_1_00250	gene	912				
ANT_1_00250	CDS	912			COG1752	putative NTE family protein
ANT_1_00251	gene	363				
ANT_1_00251	CDS	363				hypothetical protein
ANT_1_00252	gene	849	purU			
ANT_1_00252	CDS	849	purU	3.5.1.10	COG0788	Formyltetrahydrofolate deformylase
ANT_1_00253	gene	85				
ANT_1_00253	tRNA	85				tRNA-Tyr(gta)
ANT_1_00254	gene	85				
ANT_1_00254	tRNA	85				tRNA-Tyr(gta)
ANT_1_00255	gene	810	xthA			
ANT_1_00255	CDS	810	xthA	3.1.11.2	COG0708	Exodeoxyribonuclease III
ANT_1_00256	gene	315				
ANT_1_00256	CDS	315				hypothetical protein
ANT_1_00257	gene	1923	topB_1			
ANT_1_00257	CDS	1923	topB_1	5.6.2.1	COG0550	DNA topoisomerase 3
ANT_1_00258	gene	1047	selD			
ANT_1_00258	CDS	1047	selD	2.7.9.3	COG0709	Selenide, water dikinase
ANT_1_00259	gene	552	ydjA			
ANT_1_00259	CDS	552	ydjA	1.-.-.-	COG0778	Putative NAD(P)H nitroreductase YdjA
ANT_1_00260	gene	1857	sppA			
ANT_1_00260	CDS	1857	sppA	3.4.21.-	COG0616	Protease 4
ANT_1_00261	gene	1014	ansA			
ANT_1_00261	CDS	1014	ansA	3.5.1.1	COG0252	L-asparaginase 1
ANT_1_00262	gene	615	pncA			
ANT_1_00262	CDS	615	pncA	3.5.1.19	COG1335	Nicotinamidase
ANT_1_00263	gene	279				
ANT_1_00263	CDS	279				hypothetical protein
ANT_1_00264	gene	411	msrB			
ANT_1_00264	CDS	411	msrB	1.8.4.12	COG0229	Peptide methionine sulfoxide reductase MsrB
ANT_1_00265	gene	996	gapA			
ANT_1_00265	CDS	996	gapA	1.2.1.12	COG0057	Glyceraldehyde-3-phosphate dehydrogenase A
ANT_1_00266	gene	885	yeaD			
ANT_1_00266	CDS	885	yeaD	5.1.3.15	COG0676	Putative glucose-6-phosphate 1-epimerase
ANT_1_00267	gene	852				
ANT_1_00267	CDS	852		1.-.-.-	COG0656	putative oxidoreductase/MSMEI_2347
ANT_1_00268	gene	750	mipA_1			
ANT_1_00268	CDS	750	mipA_1		COG3713	MltA-interacting protein
ANT_1_00269	gene	1935				
ANT_1_00269	CDS	1935				hypothetical protein
ANT_1_00270	gene	1278				
ANT_1_00270	CDS	1278				hypothetical protein
ANT_1_00271	gene	1728	cvrA			
ANT_1_00271	CDS	1728	cvrA		COG3263	K(+)/H(+) antiporter NhaP2
ANT_1_00272	gene	1470				
ANT_1_00272	CDS	1470				hypothetical protein
ANT_1_00273	gene	1191	mdtL			
ANT_1_00273	CDS	1191	mdtL			Multidrug resistance protein MdtL
ANT_1_00274	gene	1071	dadX			
ANT_1_00274	CDS	1071	dadX	5.1.1.1	COG0787	Alanine racemase, catabolic
ANT_1_00275	gene	1302	dadA			
ANT_1_00275	CDS	1302	dadA	1.4.99.-	COG0665	D-amino acid dehydrogenase
ANT_1_00276	gene	1539				
ANT_1_00276	CDS	1539				hypothetical protein
ANT_1_00277	gene	720	fadR_1			
ANT_1_00277	CDS	720	fadR_1		COG2186	Fatty acid metabolism regulator protein
ANT_1_00278	gene	531	dsbB			
ANT_1_00278	CDS	531	dsbB		COG1495	Disulfide bond formation protein B
ANT_1_00279	gene	450				
ANT_1_00279	CDS	450				hypothetical protein
ANT_1_00280	gene	660	ycgM			
ANT_1_00280	CDS	660	ycgM		COG0179	putative protein YcgM
ANT_1_00281	gene	1056				
ANT_1_00281	CDS	1056				Tn3 family transposase TnXax1
ANT_1_00282	gene	276	ycgL			
ANT_1_00282	CDS	276	ycgL		COG3100	Protein YcgL
ANT_1_00283	gene	693	minC			
ANT_1_00283	CDS	693	minC		COG0850	Septum site-determining protein MinC
ANT_1_00284	gene	813	minD			
ANT_1_00284	CDS	813	minD		COG2894	Septum site-determining protein MinD
ANT_1_00285	gene	276	minE			
ANT_1_00285	CDS	276	minE		COG0851	Cell division topological specificity factor
ANT_1_00286	gene	1203	rnd			
ANT_1_00286	CDS	1203	rnd	3.1.13.5	COG0349	Ribonuclease D
ANT_1_00287	gene	1719	fadD			
ANT_1_00287	CDS	1719	fadD	6.2.1.3	COG0318	Long-chain-fatty-acid--CoA ligase
ANT_1_00288	gene	597	slp			
ANT_1_00288	CDS	597	slp		COG3065	Outer membrane protein Slp
ANT_1_00289	gene	702	tsaB			
ANT_1_00289	CDS	702	tsaB		COG1214	tRNA threonylcarbamoyladenosine biosynthesis protein TsaB
ANT_1_00290	gene	1911	yoaA			
ANT_1_00290	CDS	1911	yoaA	3.6.4.12	COG1199	putative ATP-dependent DNA helicase YoaA
ANT_1_00291	gene	1023				
ANT_1_00291	CDS	1023				hypothetical protein
ANT_1_00292	gene	1233				
ANT_1_00292	CDS	1233				hypothetical protein
ANT_1_00293	gene	354	rutC_1			
ANT_1_00293	CDS	354	rutC_1	1.-.-.-		Putative aminoacrylate peracid reductase RutC
ANT_1_00294	gene	231				
ANT_1_00294	CDS	231				hypothetical protein
ANT_1_00295	gene	1368	pabB			
ANT_1_00295	CDS	1368	pabB	2.6.1.85	COG0147	Aminodeoxychorismate synthase component 1
ANT_1_00296	gene	576	nudL			
ANT_1_00296	CDS	576	nudL	3.6.1.-		putative Nudix hydrolase NudL
ANT_1_00297	gene	1365	sdaA			
ANT_1_00297	CDS	1365	sdaA	4.3.1.17	COG1760	L-serine dehydratase 1
ANT_1_00298	gene	1563	pdeD			
ANT_1_00298	CDS	1563	pdeD	3.1.4.52	COG2200	putative cyclic di-GMP phosphodiesterase PdeD
ANT_1_00299	gene	1554				
ANT_1_00299	CDS	1554				hypothetical protein
ANT_1_00300	gene	957	manX			
ANT_1_00300	CDS	957	manX	2.7.1.191	COG2893	PTS system mannose-specific EIIAB component
ANT_1_00301	gene	801	manY			
ANT_1_00301	CDS	801	manY		COG3715	PTS system mannose-specific EIIC component
ANT_1_00302	gene	852	manZ_1			
ANT_1_00302	CDS	852	manZ_1		COG3716	PTS system mannose-specific EIID component
ANT_1_00303	gene	459				
ANT_1_00303	CDS	459				hypothetical protein
ANT_1_00304	gene	858	rlmA			
ANT_1_00304	CDS	858	rlmA	2.1.1.187	COG0500	23S rRNA (guanine(745)-N(1))-methyltransferase
ANT_1_00305	gene	210	cspC			
ANT_1_00305	CDS	210	cspC			Cold shock-like protein CspC
ANT_1_00306	gene	999				
ANT_1_00306	CDS	999				hypothetical protein
ANT_1_00307	gene	276				
ANT_1_00307	CDS	276				hypothetical protein
ANT_1_00308	gene	237				
ANT_1_00308	CDS	237				hypothetical protein
ANT_1_00309	gene	792	kdgR_1			
ANT_1_00309	CDS	792	kdgR_1		COG1414	Transcriptional regulator KdgR
ANT_1_00310	gene	882	htpX_1			
ANT_1_00310	CDS	882	htpX_1	3.4.24.-	COG0501	Protease HtpX
ANT_1_00311	gene	2046	prc			
ANT_1_00311	CDS	2046	prc	3.4.21.102	COG0793	Tail-specific protease
ANT_1_00312	gene	699	proQ			
ANT_1_00312	CDS	699	proQ		COG3109	RNA chaperone ProQ
ANT_1_00313	gene	501	msrC			
ANT_1_00313	CDS	501	msrC	1.8.4.14	COG1956	Free methionine-R-sulfoxide reductase
ANT_1_00314	gene	1335	yebS			
ANT_1_00314	CDS	1335	yebS		COG2995	Intermembrane transport protein YebS
ANT_1_00315	gene	2634	yebT			
ANT_1_00315	CDS	2634	yebT		COG3008	Intermembrane transport protein YebT
ANT_1_00316	gene	1437	rsmF			
ANT_1_00316	CDS	1437	rsmF	2.1.1.178	COG0144	Ribosomal RNA small subunit methyltransferase F
ANT_1_00317	gene	108				
ANT_1_00317	CDS	108				hypothetical protein
ANT_1_00318	gene	294				
ANT_1_00318	CDS	294				hypothetical protein
ANT_1_00319	gene	795	speE_1			
ANT_1_00319	CDS	795	speE_1	2.5.1.16		Polyamine aminopropyltransferase
ANT_1_00320	gene	1161				
ANT_1_00320	CDS	1161			COG0628	Putative transport protein
ANT_1_00321	gene	258				
ANT_1_00321	CDS	258				hypothetical protein
ANT_1_00322	gene	966				
ANT_1_00322	CDS	966				hypothetical protein
ANT_1_00323	gene	315				
ANT_1_00323	CDS	315				hypothetical protein
ANT_1_00324	gene	672				
ANT_1_00324	CDS	672				hypothetical protein
ANT_1_00325	gene	267	hcpA_1			
ANT_1_00325	CDS	267	hcpA_1		COG3157	Major exported protein
ANT_1_00326	gene	477				
ANT_1_00326	CDS	477				hypothetical protein
ANT_1_00327	gene	1605	tsr_1			
ANT_1_00327	CDS	1605	tsr_1		COG0840	Methyl-accepting chemotaxis protein I
ANT_1_00328	gene	915				
ANT_1_00328	CDS	915				hypothetical protein
ANT_1_00329	gene	1611				
ANT_1_00329	CDS	1611				hypothetical protein
ANT_1_00330	gene	510				
ANT_1_00330	CDS	510				hypothetical protein
ANT_1_00331	gene	933	pgrR_1			
ANT_1_00331	CDS	933	pgrR_1			HTH-type transcriptional regulator PgrR
ANT_1_00332	gene	1182	nepI_1			
ANT_1_00332	CDS	1182	nepI_1		COG2814	Purine ribonucleoside efflux pump NepI
ANT_1_00333	gene	1029				
ANT_1_00333	CDS	1029			COG1073	putative protein
ANT_1_00334	gene	396				
ANT_1_00334	CDS	396				hypothetical protein
ANT_1_00335	gene	1203				
ANT_1_00335	CDS	1203				hypothetical protein
ANT_1_00336	gene	1677	fliC_1			
ANT_1_00336	CDS	1677	fliC_1		COG1344	Flagellin
ANT_1_00337	gene	1407	fliD_1			
ANT_1_00337	CDS	1407	fliD_1		COG1345	Flagellar hook-associated protein 2
ANT_1_00338	gene	399	fliS_1			
ANT_1_00338	CDS	399	fliS_1		COG1516	Flagellar secretion chaperone FliS
ANT_1_00339	gene	366	fliT			
ANT_1_00339	CDS	366	fliT			Flagellar protein FliT
ANT_1_00340	gene	1479	amyA			
ANT_1_00340	CDS	1479	amyA	3.2.1.1	COG0366	Cytoplasmic alpha-amylase
ANT_1_00341	gene	483				
ANT_1_00341	CDS	483				hypothetical protein
ANT_1_00342	gene	324				
ANT_1_00342	CDS	324				hypothetical protein
ANT_1_00343	gene	180				
ANT_1_00343	CDS	180				hypothetical protein
ANT_1_00344	gene	132				
ANT_1_00344	CDS	132				hypothetical protein
ANT_1_00345	gene	912	yedI			
ANT_1_00345	CDS	912	yedI		COG2354	Inner membrane protein YedI
ANT_1_00346	gene	276				
ANT_1_00346	CDS	276				hypothetical protein
ANT_1_00347	gene	924	yedA			
ANT_1_00347	CDS	924	yedA			putative inner membrane transporter YedA
ANT_1_00348	gene	471	vsr			
ANT_1_00348	CDS	471	vsr	3.1.-.-	COG3727	Very short patch repair protein
ANT_1_00349	gene	1410	dcm			
ANT_1_00349	CDS	1410	dcm	2.1.1.37	COG0270	DNA-cytosine methyltransferase
ANT_1_00350	gene	1602	tsr_2			
ANT_1_00350	CDS	1602	tsr_2		COG0840	Methyl-accepting chemotaxis protein I
ANT_1_00351	gene	249				
ANT_1_00351	CDS	249				hypothetical protein
ANT_1_00352	gene	705	yedJ			
ANT_1_00352	CDS	705	yedJ		COG1418	putative protein YedJ
ANT_1_00353	gene	657				
ANT_1_00353	CDS	657				hypothetical protein
ANT_1_00354	gene	795	mtfA			
ANT_1_00354	CDS	795	mtfA		COG3228	Protein MtfA
ANT_1_00355	gene	76				
ANT_1_00355	tRNA	76				tRNA-Asn(gtt)
ANT_1_00356	gene	1143				
ANT_1_00356	CDS	1143		1.-.-.-		putative oxidoreductase
ANT_1_00357	gene	636	comR_1			
ANT_1_00357	CDS	636	comR_1			HTH-type transcriptional repressor ComR
ANT_1_00358	gene	384				
ANT_1_00358	CDS	384				hypothetical protein
ANT_1_00359	gene	270	hipB			
ANT_1_00359	CDS	270	hipB		COG1396	Antitoxin HipB
ANT_1_00360	gene	1302	hipA			
ANT_1_00360	CDS	1302	hipA	2.7.11.1	COG3550	Serine/threonine-protein kinase toxin HipA
ANT_1_00361	gene	912				
ANT_1_00361	CDS	912			COG0803	putative periplasmic iron-binding protein
ANT_1_00362	gene	804	mntB_1			
ANT_1_00362	CDS	804	mntB_1		COG1121	Manganese transport system ATP-binding protein MntB
ANT_1_00363	gene	858	mntB_2			
ANT_1_00363	CDS	858	mntB_2			Manganese transport system membrane protein MntB
ANT_1_00364	gene	837	mntB_3			
ANT_1_00364	CDS	837	mntB_3			Manganese transport system membrane protein MntB
ANT_1_00365	gene	1437	bglH_1			
ANT_1_00365	CDS	1437	bglH_1	3.2.1.86	COG2723	Aryl-phospho-beta-D-glucosidase BglH
ANT_1_00366	gene	76				
ANT_1_00366	tRNA	76				tRNA-Asn(gtt)
ANT_1_00367	gene	537				
ANT_1_00367	CDS	537				hypothetical protein
ANT_1_00368	gene	1101				
ANT_1_00368	CDS	1101				hypothetical protein
ANT_1_00369	gene	1761				
ANT_1_00369	CDS	1761				hypothetical protein
ANT_1_00370	gene	1143				
ANT_1_00370	CDS	1143				hypothetical protein
ANT_1_00371	gene	267				
ANT_1_00371	CDS	267				hypothetical protein
ANT_1_00372	gene	699				
ANT_1_00372	CDS	699				hypothetical protein
ANT_1_00373	gene	762				
ANT_1_00373	CDS	762				hypothetical protein
ANT_1_00374	gene	1908				
ANT_1_00374	CDS	1908				hypothetical protein
ANT_1_00375	gene	1179				
ANT_1_00375	CDS	1179				hypothetical protein
ANT_1_00376	gene	402				
ANT_1_00376	CDS	402				hypothetical protein
ANT_1_00377	gene	936				
ANT_1_00377	CDS	936				hypothetical protein
ANT_1_00378	gene	411				
ANT_1_00378	CDS	411				hypothetical protein
ANT_1_00379	gene	834				
ANT_1_00379	CDS	834				hypothetical protein
ANT_1_00380	gene	1191	nepI_2			
ANT_1_00380	CDS	1191	nepI_2		COG2814	Purine ribonucleoside efflux pump NepI
ANT_1_00381	gene	1197				
ANT_1_00381	CDS	1197				hypothetical protein
ANT_1_00382	gene	588	tetC			
ANT_1_00382	CDS	588	tetC			Transposon Tn10 TetC protein
ANT_1_00383	gene	996	pbpE			
ANT_1_00383	CDS	996	pbpE		COG1680	Penicillin-binding protein 4*
ANT_1_00384	gene	384				
ANT_1_00384	CDS	384				hypothetical protein
ANT_1_00385	gene	258				
ANT_1_00385	CDS	258				hypothetical protein
ANT_1_00386	gene	423				
ANT_1_00386	CDS	423				hypothetical protein
ANT_1_00387	gene	219				
ANT_1_00387	CDS	219				hypothetical protein
ANT_1_00388	gene	354				
ANT_1_00388	CDS	354				hypothetical protein
ANT_1_00389	gene	744				
ANT_1_00389	CDS	744				hypothetical protein
ANT_1_00390	gene	438	cetB			
ANT_1_00390	CDS	438	cetB	5.1.3.33		2-epi-5-epi-valiolone epimerase
ANT_1_00391	gene	498				
ANT_1_00391	CDS	498				hypothetical protein
ANT_1_00392	gene	909	pgrR_2			
ANT_1_00392	CDS	909	pgrR_2			HTH-type transcriptional regulator PgrR
ANT_1_00393	gene	1125	hpxO_1			
ANT_1_00393	CDS	1125	hpxO_1	1.14.13.113	COG0654	FAD-dependent urate hydroxylase
ANT_1_00394	gene	378	yabJ			
ANT_1_00394	CDS	378	yabJ	3.5.99.10	COG0251	2-iminobutanoate/2-iminopropanoate deaminase
ANT_1_00395	gene	1092	btuD_2			
ANT_1_00395	CDS	1092	btuD_2	7.6.2.8		Vitamin B12 import ATP-binding protein BtuD
ANT_1_00396	gene	795				
ANT_1_00396	CDS	795				hypothetical protein
ANT_1_00397	gene	927				
ANT_1_00397	CDS	927				hypothetical protein
ANT_1_00398	gene	1107				
ANT_1_00398	CDS	1107				hypothetical protein
ANT_1_00399	gene	816	glpR_2			
ANT_1_00399	CDS	816	glpR_2		COG1349	Glycerol-3-phosphate regulon repressor
ANT_1_00400	gene	1530				
ANT_1_00400	CDS	1530				hypothetical protein
ANT_1_00401	gene	828				
ANT_1_00401	CDS	828				hypothetical protein
ANT_1_00402	gene	603	nimR_1			
ANT_1_00402	CDS	603	nimR_1			HTH-type transcriptional regulator NimR
ANT_1_00403	gene	1191	nimT			
ANT_1_00403	CDS	1191	nimT		COG2807	2-nitroimidazole transporter
ANT_1_00404	gene	930	pgrR_3			
ANT_1_00404	CDS	930	pgrR_3			HTH-type transcriptional regulator PgrR
ANT_1_00405	gene	1398	triA			
ANT_1_00405	CDS	1398	triA	3.5.4.45		Melamine deaminase
ANT_1_00406	gene	474				
ANT_1_00406	CDS	474				hypothetical protein
ANT_1_00407	gene	861	araB_1			
ANT_1_00407	CDS	861	araB_1	3.1.1.15		L-arabinolactonase
ANT_1_00408	gene	513	ftnA			
ANT_1_00408	CDS	513	ftnA	1.16.3.2	COG1528	Bacterial non-heme ferritin
ANT_1_00409	gene	978	sorC			
ANT_1_00409	CDS	978	sorC		COG2390	Sorbitol operon regulator
ANT_1_00410	gene	930	yihT			
ANT_1_00410	CDS	930	yihT	4.1.2.57	COG3684	Sulfofructosephosphate aldolase
ANT_1_00411	gene	582				
ANT_1_00411	CDS	582				hypothetical protein
ANT_1_00412	gene	444	ulaC			
ANT_1_00412	CDS	444	ulaC		COG1762	Ascorbate-specific PTS system EIIA component
ANT_1_00413	gene	300				
ANT_1_00413	CDS	300				hypothetical protein
ANT_1_00414	gene	1266	ulaA_1			
ANT_1_00414	CDS	1266	ulaA_1		COG3037	Ascorbate-specific PTS system EIIC component
ANT_1_00415	gene	303				
ANT_1_00415	CDS	303				hypothetical protein
ANT_1_00416	gene	2187	cntO			
ANT_1_00416	CDS	2187	cntO			Metal-pseudopaline receptor CntO
ANT_1_00417	gene	846	yusV_1			
ANT_1_00417	CDS	846	yusV_1		COG1120	putative siderophore transport system ATP-binding protein YusV
ANT_1_00418	gene	1026	yfiZ_1			
ANT_1_00418	CDS	1026	yfiZ_1		COG0609	putative siderophore transport system permease protein YfiZ
ANT_1_00419	gene	1053	feuC			
ANT_1_00419	CDS	1053	feuC		COG0609	Iron-uptake system permease protein FeuC
ANT_1_00420	gene	960	yhfQ			
ANT_1_00420	CDS	960	yhfQ		COG4594	Putative ABC transporter substrate-binding lipoprotein YhfQ
ANT_1_00421	gene	894				
ANT_1_00421	CDS	894				hypothetical protein
ANT_1_00422	gene	1443	bglA			
ANT_1_00422	CDS	1443	bglA	3.2.1.86	COG2723	6-phospho-beta-glucosidase BglA
ANT_1_00423	gene	1428	bglC			
ANT_1_00423	CDS	1428	bglC	3.2.1.86	COG2723	Aryl-phospho-beta-D-glucosidase BglC
ANT_1_00424	gene	327	chbA_1			
ANT_1_00424	CDS	327	chbA_1		COG1447	PTS system N,N'-diacetylchitobiose-specific EIIA component
ANT_1_00425	gene	1317	licC_1			
ANT_1_00425	CDS	1317	licC_1		COG1455	Lichenan permease IIC component
ANT_1_00426	gene	324	celA_1			
ANT_1_00426	CDS	324	celA_1	2.7.1.205		PTS system cellobiose-specific EIIB component
ANT_1_00427	gene	123				
ANT_1_00427	CDS	123				hypothetical protein
ANT_1_00428	gene	1023	ascG			
ANT_1_00428	CDS	1023	ascG		COG1609	HTH-type transcriptional regulator AscG
ANT_1_00429	gene	1143	fepE			
ANT_1_00429	CDS	1143	fepE		COG3765	Ferric enterobactin transport protein FepE
ANT_1_00430	gene	1296	codB			
ANT_1_00430	CDS	1296	codB		COG1457	Cytosine permease
ANT_1_00431	gene	690				
ANT_1_00431	CDS	690				hypothetical protein
ANT_1_00432	gene	411				
ANT_1_00432	CDS	411		2.3.1.-		Acetyltransferase
ANT_1_00433	gene	339				
ANT_1_00433	CDS	339				hypothetical protein
ANT_1_00434	gene	2199				
ANT_1_00434	CDS	2199				hypothetical protein
ANT_1_00435	gene	477	decR_1			
ANT_1_00435	CDS	477	decR_1		COG1522	DNA-binding transcriptional activator DecR
ANT_1_00436	gene	423				
ANT_1_00436	CDS	423				hypothetical protein
ANT_1_00437	gene	771	fecE			
ANT_1_00437	CDS	771	fecE		COG1120	Fe(3+) dicitrate transport ATP-binding protein FecE
ANT_1_00438	gene	963	fecD			
ANT_1_00438	CDS	963	fecD		COG0609	Fe(3+) dicitrate transport system permease protein FecD
ANT_1_00439	gene	996	fecC			
ANT_1_00439	CDS	996	fecC		COG0609	Fe(3+) dicitrate transport system permease protein FecC
ANT_1_00440	gene	906	fecB			
ANT_1_00440	CDS	906	fecB		COG4594	Fe(3+) dicitrate-binding periplasmic protein
ANT_1_00441	gene	2367	fecA			
ANT_1_00441	CDS	2367	fecA		COG4772	Fe(3+) dicitrate transport protein FecA
ANT_1_00442	gene	972	fecR			
ANT_1_00442	CDS	972	fecR		COG3712	Protein FecR
ANT_1_00443	gene	519	fecI			
ANT_1_00443	CDS	519	fecI		COG1595	putative RNA polymerase sigma factor FecI
ANT_1_00444	gene	273				
ANT_1_00444	CDS	273				hypothetical protein
ANT_1_00445	gene	693				
ANT_1_00445	CDS	693				hypothetical protein
ANT_1_00446	gene	387				
ANT_1_00446	CDS	387				hypothetical protein
ANT_1_00447	gene	963	oleD_1			
ANT_1_00447	CDS	963	oleD_1	1.1.1.412	COG0451	2-alkyl-3-oxoalkanoate reductase
ANT_1_00448	gene	1125				
ANT_1_00448	CDS	1125				hypothetical protein
ANT_1_00449	gene	1209				
ANT_1_00449	CDS	1209				hypothetical protein
ANT_1_00450	gene	480	hcpA_2			
ANT_1_00450	CDS	480	hcpA_2		COG3157	Major exported protein
ANT_1_00451	gene	183				
ANT_1_00451	CDS	183				hypothetical protein
ANT_1_00452	gene	1146	lldD			
ANT_1_00452	CDS	1146	lldD	1.1.-.-	COG1304	L-lactate dehydrogenase
ANT_1_00453	gene	783	lldR			
ANT_1_00453	CDS	783	lldR		COG2186	Putative L-lactate dehydrogenase operon regulatory protein
ANT_1_00454	gene	906	yddG			
ANT_1_00454	CDS	906	yddG		COG0697	Aromatic amino acid exporter YddG
ANT_1_00455	gene	834	licT_2			
ANT_1_00455	CDS	834	licT_2		COG3711	Transcription antiterminator LicT
ANT_1_00456	gene	1467	bglH_2			
ANT_1_00456	CDS	1467	bglH_2	3.2.1.86	COG2723	Aryl-phospho-beta-D-glucosidase BglH
ANT_1_00457	gene	1833	bglF_1			
ANT_1_00457	CDS	1833	bglF_1		COG1263	PTS system beta-glucoside-specific EIIBCA component
ANT_1_00458	gene	330	mdtI			
ANT_1_00458	CDS	330	mdtI		COG2076	Spermidine export protein MdtI
ANT_1_00459	gene	345	mdtJ			
ANT_1_00459	CDS	345	mdtJ		COG2076	Spermidine export protein MdtJ
ANT_1_00460	gene	1119	btuF_1			
ANT_1_00460	CDS	1119	btuF_1			Vitamin B12-binding protein
ANT_1_00461	gene	1053	hmuU_1			
ANT_1_00461	CDS	1053	hmuU_1		COG0609	Hemin transport system permease protein HmuU
ANT_1_00462	gene	789	fepC_1			
ANT_1_00462	CDS	789	fepC_1		COG1120	Ferric enterobactin transport ATP-binding protein FepC
ANT_1_00463	gene	1686	btsS			
ANT_1_00463	CDS	1686	btsS	2.7.13.3	COG3275	Sensor histidine kinase BtsS
ANT_1_00464	gene	720	btsR			
ANT_1_00464	CDS	720	btsR		COG3279	Transcriptional regulatory protein BtsR
ANT_1_00465	gene	960	yjiA			
ANT_1_00465	CDS	960	yjiA	3.6.-.-	COG0523	P-loop guanosine triphosphatase YjiA
ANT_1_00466	gene	204				
ANT_1_00466	CDS	204				hypothetical protein
ANT_1_00467	gene	2151	btsT			
ANT_1_00467	CDS	2151	btsT		COG1966	Pyruvate/proton symporter BtsT
ANT_1_00468	gene	2073				
ANT_1_00468	CDS	2073				hypothetical protein
ANT_1_00469	gene	1281				
ANT_1_00469	CDS	1281				hypothetical protein
ANT_1_00470	gene	1365				
ANT_1_00470	CDS	1365				hypothetical protein
ANT_1_00471	gene	1236	cnrA			
ANT_1_00471	CDS	1236	cnrA			Nickel and cobalt resistance protein CnrA
ANT_1_00472	gene	1878	czcA_1			
ANT_1_00472	CDS	1878	czcA_1			Cobalt-zinc-cadmium resistance protein CzcA
ANT_1_00473	gene	1104	ttgD			
ANT_1_00473	CDS	1104	ttgD			Toluene efflux pump periplasmic linker protein TtgD
ANT_1_00474	gene	564				
ANT_1_00474	CDS	564				hypothetical protein
ANT_1_00475	gene	1587				
ANT_1_00475	CDS	1587				hypothetical protein
ANT_1_00476	gene	801				
ANT_1_00476	CDS	801			COG2513	putative protein
ANT_1_00477	gene	915	dmlR_1			
ANT_1_00477	CDS	915	dmlR_1			HTH-type transcriptional regulator DmlR
ANT_1_00478	gene	492				
ANT_1_00478	CDS	492				hypothetical protein
ANT_1_00479	gene	453				
ANT_1_00479	CDS	453				hypothetical protein
ANT_1_00480	gene	537				
ANT_1_00480	CDS	537		2.3.1.-	COG1670	Acetyltransferase
ANT_1_00481	gene	396	yycE			
ANT_1_00481	CDS	396	yycE			putative protein YycE
ANT_1_00482	gene	756	menH_1			
ANT_1_00482	CDS	756	menH_1	4.2.99.20		2-succinyl-6-hydroxy-2,4-cyclohexadiene-1-carboxylate synthase
ANT_1_00483	gene	306				
ANT_1_00483	CDS	306				hypothetical protein
ANT_1_00484	gene	639				
ANT_1_00484	CDS	639				hypothetical protein
ANT_1_00485	gene	2310	ydeP_2			
ANT_1_00485	CDS	2310	ydeP_2		COG0243	Protein YdeP
ANT_1_00486	gene	1038				
ANT_1_00486	CDS	1038				hypothetical protein
ANT_1_00487	gene	1212	nepI_3			
ANT_1_00487	CDS	1212	nepI_3		COG2814	Purine ribonucleoside efflux pump NepI
ANT_1_00488	gene	582				
ANT_1_00488	CDS	582				hypothetical protein
ANT_1_00489	gene	414				
ANT_1_00489	CDS	414				hypothetical protein
ANT_1_00490	gene	1128	yghO			
ANT_1_00490	CDS	1128	yghO			Protein YghO
ANT_1_00491	gene	1806				
ANT_1_00491	CDS	1806		6.2.1.51	COG0318	4-hydroxyphenylalkanoate adenylyltransferase
ANT_1_00492	gene	915				
ANT_1_00492	CDS	915				hypothetical protein
ANT_1_00493	gene	261	acpP_1			
ANT_1_00493	CDS	261	acpP_1			Acyl carrier protein
ANT_1_00494	gene	1173	bioF_1			
ANT_1_00494	CDS	1173	bioF_1	2.3.1.47		8-amino-7-oxononanoate synthase
ANT_1_00495	gene	1083	lptG_1			
ANT_1_00495	CDS	1083	lptG_1		COG0795	Lipopolysaccharide export system permease protein LptG
ANT_1_00496	gene	1071				
ANT_1_00496	CDS	1071				hypothetical protein
ANT_1_00497	gene	558	ytfJ_1			
ANT_1_00497	CDS	558	ytfJ_1		COG3054	putative protein YtfJ
ANT_1_00498	gene	876				
ANT_1_00498	CDS	876				hypothetical protein
ANT_1_00499	gene	1338				
ANT_1_00499	CDS	1338				hypothetical protein
ANT_1_00500	gene	747	tmk_1			
ANT_1_00500	CDS	747	tmk_1	2.7.4.9		Thymidylate kinase
ANT_1_00501	gene	648				
ANT_1_00501	CDS	648				hypothetical protein
ANT_1_00502	gene	732	tmk_2			
ANT_1_00502	CDS	732	tmk_2	2.7.4.9		Thymidylate kinase
ANT_1_00503	gene	720	aphA			
ANT_1_00503	CDS	720	aphA	3.1.3.2	COG3700	Class B acid phosphatase
ANT_1_00504	gene	1344				
ANT_1_00504	CDS	1344				hypothetical protein
ANT_1_00505	gene	327				
ANT_1_00505	CDS	327				hypothetical protein
ANT_1_00506	gene	246	ycgZ			
ANT_1_00506	CDS	246	ycgZ			putative two-component-system connector protein YcgZ
ANT_1_00507	gene	300				
ANT_1_00507	CDS	300				hypothetical protein
ANT_1_00508	gene	249	ariR			
ANT_1_00508	CDS	249	ariR			putative two-component-system connector protein AriR
ANT_1_00509	gene	234	ygdR_1			
ANT_1_00509	CDS	234	ygdR_1			putative lipoprotein YgdR
ANT_1_00510	gene	231	ygdR_2			
ANT_1_00510	CDS	231	ygdR_2			putative lipoprotein YgdR
ANT_1_00511	gene	1638	dcuS			
ANT_1_00511	CDS	1638	dcuS	2.7.13.3	COG3290	Sensor histidine kinase DcuS
ANT_1_00512	gene	720	dcuR			
ANT_1_00512	CDS	720	dcuR		COG4565	Transcriptional regulatory protein DcuR
ANT_1_00513	gene	975	apbE_1			
ANT_1_00513	CDS	975	apbE_1	2.7.1.180	COG1477	FAD:protein FMN transferase
ANT_1_00514	gene	2778	namA			
ANT_1_00514	CDS	2778	namA	1.6.99.1		NADPH dehydrogenase
ANT_1_00515	gene	90				
ANT_1_00515	CDS	90				hypothetical protein
ANT_1_00516	gene	1512	ttdT			
ANT_1_00516	CDS	1512	ttdT		COG0471	L-tartrate/succinate antiporter
ANT_1_00517	gene	1647	fumA			
ANT_1_00517	CDS	1647	fumA	4.2.1.2	COG1838	Fumarate hydratase class I, aerobic
ANT_1_00518	gene	807				
ANT_1_00518	CDS	807				hypothetical protein
ANT_1_00519	gene	471				
ANT_1_00519	CDS	471				hypothetical protein
ANT_1_00520	gene	216				
ANT_1_00520	CDS	216				hypothetical protein
ANT_1_00521	gene	228				
ANT_1_00521	CDS	228				hypothetical protein
ANT_1_00522	gene	165	symE_1			
ANT_1_00522	CDS	165	symE_1	3.1.-.-		Endoribonuclease SymE
ANT_1_00523	gene	159				
ANT_1_00523	CDS	159				hypothetical protein
ANT_1_00524	gene	603				
ANT_1_00524	CDS	603				hypothetical protein
ANT_1_00525	gene	555				
ANT_1_00525	CDS	555				hypothetical protein
ANT_1_00526	gene	327				
ANT_1_00526	CDS	327				hypothetical protein
ANT_1_00527	gene	900	yegS_1			
ANT_1_00527	CDS	900	yegS_1	2.7.1.-		lipid kinase YegS
ANT_1_00528	gene	147				
ANT_1_00528	CDS	147				hypothetical protein
ANT_1_00529	gene	1344	gdhA_1			
ANT_1_00529	CDS	1344	gdhA_1	1.4.1.4	COG0334	NADP-specific glutamate dehydrogenase
ANT_1_00530	gene	1398	cycA_1			
ANT_1_00530	CDS	1398	cycA_1		COG1113	D-serine/D-alanine/glycine transporter
ANT_1_00531	gene	1692	dld_1			
ANT_1_00531	CDS	1692	dld_1	1.1.5.12	COG0277	Quinone-dependent D-lactate dehydrogenase
ANT_1_00532	gene	456				
ANT_1_00532	CDS	456				hypothetical protein
ANT_1_00533	gene	933				
ANT_1_00533	CDS	933				hypothetical protein
ANT_1_00534	gene	606	gstB_1			
ANT_1_00534	CDS	606	gstB_1	2.5.1.18	COG0625	Glutathione S-transferase GST-6.0
ANT_1_00535	gene	963	ytfF			
ANT_1_00535	CDS	963	ytfF			Inner membrane protein YtfF
ANT_1_00536	gene	393				
ANT_1_00536	CDS	393				IS3 family transposase ISYpe1
ANT_1_00537	gene	1257				
ANT_1_00537	CDS	1257				hypothetical protein
ANT_1_00538	gene	957				
ANT_1_00538	CDS	957				hypothetical protein
ANT_1_00539	gene	282				
ANT_1_00539	CDS	282				hypothetical protein
ANT_1_00540	gene	1299	dgcN_1			
ANT_1_00540	CDS	1299	dgcN_1	2.7.7.65	COG2199	Diguanylate cyclase DgcN
ANT_1_00541	gene	426	rhaR_1			
ANT_1_00541	CDS	426	rhaR_1			HTH-type transcriptional activator RhaR
ANT_1_00542	gene	468	soxR			
ANT_1_00542	CDS	468	soxR		COG0789	Redox-sensitive transcriptional activator SoxR
ANT_1_00543	gene	663				
ANT_1_00543	CDS	663				hypothetical protein
ANT_1_00544	gene	1350	ghxP			
ANT_1_00544	CDS	1350	ghxP		COG2252	Guanine/hypoxanthine permease GhxP
ANT_1_00545	gene	1650	nhaK			
ANT_1_00545	CDS	1650	nhaK		COG0025	Sodium, potassium, lithium and rubidium/H(+) antiporter
ANT_1_00546	gene	903	oxyR_2			
ANT_1_00546	CDS	903	oxyR_2			Hydrogen peroxide-inducible genes activator
ANT_1_00547	gene	429	cidA			
ANT_1_00547	CDS	429	cidA			Holin-like protein CidA
ANT_1_00548	gene	699	yohK_1			
ANT_1_00548	CDS	699	yohK_1		COG1346	Inner membrane protein YohK
ANT_1_00549	gene	546				
ANT_1_00549	CDS	546				hypothetical protein
ANT_1_00550	gene	1659	actP			
ANT_1_00550	CDS	1659	actP		COG4147	Cation/acetate symporter ActP
ANT_1_00551	gene	312	yjcH			
ANT_1_00551	CDS	312	yjcH		COG3162	Inner membrane protein YjcH
ANT_1_00552	gene	1956	acs			
ANT_1_00552	CDS	1956	acs	6.2.1.1	COG0365	Acetyl-coenzyme A synthetase
ANT_1_00553	gene	1305	gltP			
ANT_1_00553	CDS	1305	gltP		COG1301	Proton/glutamate-aspartate symporter
ANT_1_00554	gene	1545	aer_1			
ANT_1_00554	CDS	1545	aer_1		COG0840	Aerotaxis receptor
ANT_1_00555	gene	765	nimR_2			
ANT_1_00555	CDS	765	nimR_2			HTH-type transcriptional regulator NimR
ANT_1_00556	gene	1674	leuA_1			
ANT_1_00556	CDS	1674	leuA_1	2.3.3.13	COG0119	2-isopropylmalate synthase
ANT_1_00557	gene	1653	dhaK			
ANT_1_00557	CDS	1653	dhaK	2.7.1.29		Dihydroxyacetone kinase
ANT_1_00558	gene	1209	sbmA			
ANT_1_00558	CDS	1209	sbmA		COG1133	Peptide antibiotic transporter SbmA
ANT_1_00559	gene	2079				
ANT_1_00559	CDS	2079				hypothetical protein
ANT_1_00560	gene	738				
ANT_1_00560	CDS	738		1.1.99.3		Gluconate 2-dehydrogenase subunit 3
ANT_1_00561	gene	1785				
ANT_1_00561	CDS	1785		1.1.99.3		Gluconate 2-dehydrogenase flavoprotein
ANT_1_00562	gene	1317				
ANT_1_00562	CDS	1317		1.1.99.3		Gluconate 2-dehydrogenase cytochrome c subunit
ANT_1_00563	gene	528				
ANT_1_00563	CDS	528				hypothetical protein
ANT_1_00564	gene	351				
ANT_1_00564	CDS	351				hypothetical protein
ANT_1_00565	gene	822				
ANT_1_00565	CDS	822				hypothetical protein
ANT_1_00566	gene	579				
ANT_1_00566	CDS	579				hypothetical protein
ANT_1_00567	gene	2721				
ANT_1_00567	CDS	2721				hypothetical protein
ANT_1_00568	gene	723				
ANT_1_00568	CDS	723				hypothetical protein
ANT_1_00569	gene	1011	dgcP			
ANT_1_00569	CDS	1011	dgcP	2.7.7.65	COG2203	Diguanylate cyclase DgcP
ANT_1_00570	gene	324				
ANT_1_00570	CDS	324				hypothetical protein
ANT_1_00571	gene	672				
ANT_1_00571	CDS	672				hypothetical protein
ANT_1_00572	gene	504	resA_1			
ANT_1_00572	CDS	504	resA_1			Thiol-disulfide oxidoreductase ResA
ANT_1_00573	gene	720				
ANT_1_00573	CDS	720				hypothetical protein
ANT_1_00574	gene	2031	dsbD_1			
ANT_1_00574	CDS	2031	dsbD_1	1.8.1.8		Thiol:disulfide interchange protein DsbD
ANT_1_00575	gene	360				
ANT_1_00575	CDS	360				hypothetical protein
ANT_1_00576	gene	1389				
ANT_1_00576	CDS	1389				hypothetical protein
ANT_1_00577	gene	642				
ANT_1_00577	CDS	642				hypothetical protein
ANT_1_00578	gene	942	yahB			
ANT_1_00578	CDS	942	yahB			putative HTH-type transcriptional regulator YahB
ANT_1_00579	gene	648				
ANT_1_00579	CDS	648				hypothetical protein
ANT_1_00580	gene	1026	gntR_3			
ANT_1_00580	CDS	1026	gntR_3			HTH-type transcriptional regulator GntR
ANT_1_00581	gene	855				
ANT_1_00581	CDS	855		3.1.1.23		Thermostable monoacylglycerol lipase
ANT_1_00582	gene	444				
ANT_1_00582	CDS	444				hypothetical protein
ANT_1_00583	gene	258	acpP_2			
ANT_1_00583	CDS	258	acpP_2		COG0236	Acyl carrier protein
ANT_1_00584	gene	1512	crtNc			
ANT_1_00584	CDS	1512	crtNc	1.2.99.10		4,4'-diapolycopen-4-al dehydrogenase
ANT_1_00585	gene	1218	fabB_1			
ANT_1_00585	CDS	1218	fabB_1	2.3.1.41		3-oxoacyl-[acyl-carrier-protein] synthase 1
ANT_1_00586	gene	759	fabG_1			
ANT_1_00586	CDS	759	fabG_1	1.1.1.100		3-oxoacyl-[acyl-carrier-protein] reductase
ANT_1_00587	gene	501				
ANT_1_00587	CDS	501				hypothetical protein
ANT_1_00588	gene	372				
ANT_1_00588	CDS	372				hypothetical protein
ANT_1_00589	gene	726				
ANT_1_00589	CDS	726		1.1.99.3		Gluconate 2-dehydrogenase subunit 3
ANT_1_00590	gene	1770				
ANT_1_00590	CDS	1770		1.1.99.3		Gluconate 2-dehydrogenase flavoprotein
ANT_1_00591	gene	1251				
ANT_1_00591	CDS	1251		1.1.99.3		Gluconate 2-dehydrogenase cytochrome c subunit
ANT_1_00592	gene	180				
ANT_1_00592	CDS	180				hypothetical protein
ANT_1_00593	gene	432	osmC			
ANT_1_00593	CDS	432	osmC	1.11.1.15	COG1764	Peroxiredoxin OsmC
ANT_1_00594	gene	435				
ANT_1_00594	CDS	435				hypothetical protein
ANT_1_00595	gene	420				
ANT_1_00595	CDS	420				hypothetical protein
ANT_1_00596	gene	903	mmuM			
ANT_1_00596	CDS	903	mmuM	2.1.1.10	COG2040	Homocysteine S-methyltransferase
ANT_1_00597	gene	1545	dppA_1			
ANT_1_00597	CDS	1545	dppA_1		COG0747	Periplasmic dipeptide transport protein
ANT_1_00598	gene	993	gsiC_1			
ANT_1_00598	CDS	993	gsiC_1		COG0601	Glutathione transport system permease protein GsiC
ANT_1_00599	gene	810	gsiD_1			
ANT_1_00599	CDS	810	gsiD_1		COG1173	Glutathione transport system permease protein GsiD
ANT_1_00600	gene	1593	yejF_1			
ANT_1_00600	CDS	1593	yejF_1		COG4172	putative ABC transporter ATP-binding protein YejF
ANT_1_00601	gene	1656				
ANT_1_00601	CDS	1656				hypothetical protein
ANT_1_00602	gene	1143				
ANT_1_00602	CDS	1143				hypothetical protein
ANT_1_00603	gene	480				
ANT_1_00603	CDS	480				hypothetical protein
ANT_1_00604	gene	2034	fyuA			
ANT_1_00604	CDS	2034	fyuA		COG1629	Pesticin receptor
ANT_1_00605	gene	2382	gcd_1			
ANT_1_00605	CDS	2382	gcd_1	1.1.5.2	COG4993	Quinoprotein glucose dehydrogenase
ANT_1_00606	gene	465				
ANT_1_00606	CDS	465				hypothetical protein
ANT_1_00607	gene	1140	arnB_1			
ANT_1_00607	CDS	1140	arnB_1	2.6.1.87	COG0399	UDP-4-amino-4-deoxy-L-arabinose--oxoglutarate aminotransferase
ANT_1_00608	gene	978	arnC			
ANT_1_00608	CDS	978	arnC	2.4.2.53	COG0463	Undecaprenyl-phosphate 4-deoxy-4-formamido-L-arabinose transferase
ANT_1_00609	gene	1983	arnA			
ANT_1_00609	CDS	1983	arnA		COG0223	Bifunctional polymyxin resistance protein ArnA
ANT_1_00610	gene	894	arnD			
ANT_1_00610	CDS	894	arnD	3.5.1.-	COG0726	putative 4-deoxy-4-formamido-L-arabinose-phosphoundecaprenol deformylase ArnD
ANT_1_00611	gene	1662	arnT			
ANT_1_00611	CDS	1662	arnT	2.4.2.43		Undecaprenyl phosphate-alpha-4-amino-4-deoxy-L-arabinose arabinosyl transferase
ANT_1_00612	gene	324	arnE_1			
ANT_1_00612	CDS	324	arnE_1		COG0697	putative 4-amino-4-deoxy-L-arabinose-phosphoundecaprenol flippase subunit ArnE
ANT_1_00613	gene	387	arnF			
ANT_1_00613	CDS	387	arnF			putative 4-amino-4-deoxy-L-arabinose-phosphoundecaprenol flippase subunit ArnF
ANT_1_00614	gene	666	fetA			
ANT_1_00614	CDS	666	fetA	3.6.3.-	COG4619	putative iron export ATP-binding protein FetA
ANT_1_00615	gene	759	fetB			
ANT_1_00615	CDS	759	fetB		COG0390	putative iron export permease protein FetB
ANT_1_00616	gene	1344	oprB			
ANT_1_00616	CDS	1344	oprB		COG3659	Porin B
ANT_1_00617	gene	351				
ANT_1_00617	CDS	351				hypothetical protein
ANT_1_00618	gene	255				
ANT_1_00618	CDS	255				hypothetical protein
ANT_1_00619	gene	1008	cydB_1			
ANT_1_00619	CDS	1008	cydB_1	7.1.1.7	COG1294	Cytochrome bd-I ubiquinol oxidase subunit 2
ANT_1_00620	gene	1425	cydA_1			
ANT_1_00620	CDS	1425	cydA_1	1.10.3.-	COG1271	Cytochrome bd ubiquinol oxidase subunit 1
ANT_1_00621	gene	624	rhtC_1			
ANT_1_00621	CDS	624	rhtC_1		COG1280	Threonine efflux protein
ANT_1_00622	gene	1128				
ANT_1_00622	CDS	1128				hypothetical protein
ANT_1_00623	gene	246				
ANT_1_00623	CDS	246				hypothetical protein
ANT_1_00624	gene	762	glpR_3			
ANT_1_00624	CDS	762	glpR_3		COG1349	Glycerol-3-phosphate regulon repressor
ANT_1_00625	gene	915	ltnD			
ANT_1_00625	CDS	915	ltnD	1.1.1.411	COG2084	L-threonate dehydrogenase
ANT_1_00626	gene	1263	otnK			
ANT_1_00626	CDS	1263	otnK	2.7.1.217	COG3395	3-oxo-tetronate kinase
ANT_1_00627	gene	624	otnC			
ANT_1_00627	CDS	624	otnC	4.1.1.104	COG0235	3-oxo-tetronate 4-phosphate decarboxylase
ANT_1_00628	gene	777	otnI_1			
ANT_1_00628	CDS	777	otnI_1	5.3.1.35	COG3622	2-oxo-tetronate isomerase
ANT_1_00629	gene	1356	ygbN			
ANT_1_00629	CDS	1356	ygbN		COG2610	Inner membrane permease YgbN
ANT_1_00630	gene	1437	davT_1			
ANT_1_00630	CDS	1437	davT_1	2.6.1.48	COG0160	5-aminovalerate aminotransferase DavT
ANT_1_00631	gene	1086				
ANT_1_00631	CDS	1086				hypothetical protein
ANT_1_00632	gene	612				
ANT_1_00632	CDS	612				hypothetical protein
ANT_1_00633	gene	1206	arnB_2			
ANT_1_00633	CDS	1206	arnB_2	2.6.1.87		UDP-4-amino-4-deoxy-L-arabinose--oxoglutarate aminotransferase
ANT_1_00634	gene	399	arnE_2			
ANT_1_00634	CDS	399	arnE_2			4-amino-4-deoxy-L-arabinose-phosphoundecaprenol flippase subunit ArnE
ANT_1_00635	gene	357	arnE_3			
ANT_1_00635	CDS	357	arnE_3			4-amino-4-deoxy-L-arabinose-phosphoundecaprenol flippase subunit ArnE
ANT_1_00636	gene	699	mtnX			
ANT_1_00636	CDS	699	mtnX	3.1.3.87	COG4359	2-hydroxy-3-keto-5-methylthiopentenyl-1-phosphate phosphatase
ANT_1_00637	gene	741	mipA_2			
ANT_1_00637	CDS	741	mipA_2		COG3713	MltA-interacting protein
ANT_1_00638	gene	570	pagP			
ANT_1_00638	CDS	570	pagP	2.3.1.251		Lipid A palmitoyltransferase PagP
ANT_1_00639	gene	210	cspE			
ANT_1_00639	CDS	210	cspE			Cold shock-like protein CspE
ANT_1_00640	gene	426				
ANT_1_00640	CDS	426				hypothetical protein
ANT_1_00641	gene	789	ybeM			
ANT_1_00641	CDS	789	ybeM	3.5.1.128		Deaminated glutathione amidase
ANT_1_00642	gene	207	tatE			
ANT_1_00642	CDS	207	tatE		COG1826	Sec-independent protein translocase protein TatE
ANT_1_00643	gene	966	lipA			
ANT_1_00643	CDS	966	lipA	2.8.1.8	COG0320	Lipoyl synthase
ANT_1_00644	gene	660	lipB			
ANT_1_00644	CDS	660	lipB	2.3.1.181	COG0321	Octanoyltransferase
ANT_1_00645	gene	264				
ANT_1_00645	CDS	264				hypothetical protein
ANT_1_00646	gene	1212	dacA			
ANT_1_00646	CDS	1212	dacA	3.4.16.4	COG1686	D-alanyl-D-alanine carboxypeptidase DacA
ANT_1_00647	gene	1131	rlpA			
ANT_1_00647	CDS	1131	rlpA	4.2.2.-	COG0797	Endolytic peptidoglycan transglycosylase RlpA
ANT_1_00648	gene	1113	mrdB			
ANT_1_00648	CDS	1113	mrdB	2.4.1.129	COG0772	Peptidoglycan glycosyltransferase MrdB
ANT_1_00649	gene	1905	mrdA			
ANT_1_00649	CDS	1905	mrdA	3.4.16.4	COG0768	Peptidoglycan D,D-transpeptidase MrdA
ANT_1_00650	gene	471	rlmH			
ANT_1_00650	CDS	471	rlmH	2.1.1.177	COG1576	Ribosomal RNA large subunit methyltransferase H
ANT_1_00651	gene	318	rsfS			
ANT_1_00651	CDS	318	rsfS		COG0799	Ribosomal silencing factor RsfS
ANT_1_00652	gene	648	nadD			
ANT_1_00652	CDS	648	nadD	2.7.7.18	COG1057	Nicotinate-nucleotide adenylyltransferase
ANT_1_00653	gene	1032	holA			
ANT_1_00653	CDS	1032	holA	2.7.7.7	COG1466	DNA polymerase III subunit delta
ANT_1_00654	gene	600	lptE			
ANT_1_00654	CDS	600	lptE		COG2980	LPS-assembly lipoprotein LptE
ANT_1_00655	gene	2583	leuS			
ANT_1_00655	CDS	2583	leuS	6.1.1.4	COG0495	Leucine--tRNA ligase
ANT_1_00656	gene	483				
ANT_1_00656	CDS	483				hypothetical protein
ANT_1_00657	gene	726	glnQ_1			
ANT_1_00657	CDS	726	glnQ_1	3.6.3.-	COG1126	Glutamine transport ATP-binding protein GlnQ
ANT_1_00658	gene	678	gltK			
ANT_1_00658	CDS	678	gltK		COG0765	Glutamate/aspartate import permease protein GltK
ANT_1_00659	gene	732	gltJ			
ANT_1_00659	CDS	732	gltJ		COG0765	Glutamate/aspartate import permease protein GltJ
ANT_1_00660	gene	930	gltI			
ANT_1_00660	CDS	930	gltI		COG0834	Glutamate/aspartate import solute-binding protein
ANT_1_00661	gene	1536	lnt			
ANT_1_00661	CDS	1536	lnt	2.3.1.269	COG0815	Apolipoprotein N-acyltransferase
ANT_1_00662	gene	879	corC			
ANT_1_00662	CDS	879	corC		COG4535	Magnesium and cobalt efflux protein CorC
ANT_1_00663	gene	468	ybeY			
ANT_1_00663	CDS	468	ybeY	3.1.-.-	COG0319	Endoribonuclease YbeY
ANT_1_00664	gene	1059	ybeZ			
ANT_1_00664	CDS	1059	ybeZ		COG1702	PhoH-like protein
ANT_1_00665	gene	1443	miaB			
ANT_1_00665	CDS	1443	miaB	2.8.4.3	COG0621	tRNA-2-methylthio-N(6)-dimethylallyladenosine synthase
ANT_1_00666	gene	1179	ubiF			
ANT_1_00666	CDS	1179	ubiF	1.14.99.60	COG0654	3-demethoxyubiquinol 3-hydroxylase
ANT_1_00667	gene	75				
ANT_1_00667	tRNA	75				tRNA-Gln(ctg)
ANT_1_00668	gene	75				
ANT_1_00668	tRNA	75				tRNA-Gln(ctg)
ANT_1_00669	gene	77				
ANT_1_00669	tRNA	77				tRNA-Met(cat)
ANT_1_00670	gene	75				
ANT_1_00670	tRNA	75				tRNA-Gln(ttg)
ANT_1_00671	gene	85				
ANT_1_00671	tRNA	85				tRNA-Leu(tag)
ANT_1_00672	gene	77				
ANT_1_00672	tRNA	77				tRNA-Met(cat)
ANT_1_00673	gene	1665	asnB			
ANT_1_00673	CDS	1665	asnB	6.3.5.4	COG0367	Asparagine synthetase B [glutamine-hydrolyzing]
ANT_1_00674	gene	753	nagD			
ANT_1_00674	CDS	753	nagD	3.1.3.5	COG0647	Ribonucleotide monophosphatase NagD
ANT_1_00675	gene	1221	nagC_1			
ANT_1_00675	CDS	1221	nagC_1		COG1940	N-acetylglucosamine repressor
ANT_1_00676	gene	1149	nagA			
ANT_1_00676	CDS	1149	nagA	3.5.1.25	COG1820	N-acetylglucosamine-6-phosphate deacetylase
ANT_1_00677	gene	801	nagB			
ANT_1_00677	CDS	801	nagB	3.5.99.6	COG0363	Glucosamine-6-phosphate deaminase
ANT_1_00678	gene	1953	nagE			
ANT_1_00678	CDS	1953	nagE		COG1263	PTS system N-acetylglucosamine-specific EIICBA component
ANT_1_00679	gene	1668	glnS			
ANT_1_00679	CDS	1668	glnS	6.1.1.18	COG0008	Glutamine--tRNA ligase
ANT_1_00680	gene	1248	mtr			
ANT_1_00680	CDS	1248	mtr		COG0814	Tryptophan-specific transport protein
ANT_1_00681	gene	1404	chiP			
ANT_1_00681	CDS	1404	chiP			Chitoporin
ANT_1_00682	gene	312	chiQ			
ANT_1_00682	CDS	312	chiQ			putative lipoprotein ChiQ
ANT_1_00683	gene	2664	chb			
ANT_1_00683	CDS	2664	chb	3.2.1.52		Chitobiase
ANT_1_00684	gene	444	fur			
ANT_1_00684	CDS	444	fur		COG0735	Ferric uptake regulation protein
ANT_1_00685	gene	531	fldA			
ANT_1_00685	CDS	531	fldA		COG0716	Flavodoxin
ANT_1_00686	gene	282	ybfE			
ANT_1_00686	CDS	282	ybfE			putative protein YbfE
ANT_1_00687	gene	765	ybfF			
ANT_1_00687	CDS	765	ybfF	3.1.-.-	COG0596	Esterase YbfF
ANT_1_00688	gene	552	seqA			
ANT_1_00688	CDS	552	seqA		COG3057	Negative modulator of initiation of replication
ANT_1_00689	gene	1641	pgm			
ANT_1_00689	CDS	1641	pgm	5.4.2.2	COG0033	Phosphoglucomutase
ANT_1_00690	gene	684	kdpE			
ANT_1_00690	CDS	684	kdpE		COG0745	KDP operon transcriptional regulatory protein KdpE
ANT_1_00691	gene	207				
ANT_1_00691	CDS	207				hypothetical protein
ANT_1_00692	gene	960				
ANT_1_00692	CDS	960				hypothetical protein
ANT_1_00693	gene	1434	phrB_1			
ANT_1_00693	CDS	1434	phrB_1	4.1.99.3	COG0415	Deoxyribodipyrimidine photo-lyase
ANT_1_00694	gene	744	ybgI			
ANT_1_00694	CDS	744	ybgI		COG0327	GTP cyclohydrolase 1 type 2 
ANT_1_00695	gene	657	pxpB			
ANT_1_00695	CDS	657	pxpB	3.5.2.9	COG2049	5-oxoprolinase subunit B
ANT_1_00696	gene	939	pxpC			
ANT_1_00696	CDS	939	pxpC	3.5.2.9	COG1984	5-oxoprolinase subunit C
ANT_1_00697	gene	738	pxpA			
ANT_1_00697	CDS	738	pxpA	3.5.2.9	COG1540	5-oxoprolinase subunit A
ANT_1_00698	gene	729				
ANT_1_00698	CDS	729				hypothetical protein
ANT_1_00699	gene	990				
ANT_1_00699	CDS	990				hypothetical protein
ANT_1_00700	gene	642	pcp			
ANT_1_00700	CDS	642	pcp	3.4.19.3	COG2039	Pyrrolidone-carboxylate peptidase
ANT_1_00701	gene	792	nei			
ANT_1_00701	CDS	792	nei	3.2.2.-	COG0266	Endonuclease 8
ANT_1_00702	gene	1284	gltA			
ANT_1_00702	CDS	1284	gltA	2.3.3.16	COG0372	Citrate synthase
ANT_1_00703	gene	390	sdhC			
ANT_1_00703	CDS	390	sdhC		COG2009	Succinate dehydrogenase cytochrome b556 subunit
ANT_1_00704	gene	348	sdhD			
ANT_1_00704	CDS	348	sdhD		COG2142	Succinate dehydrogenase hydrophobic membrane anchor subunit
ANT_1_00705	gene	1767	sdhA			
ANT_1_00705	CDS	1767	sdhA	1.3.5.1		Succinate dehydrogenase flavoprotein subunit
ANT_1_00706	gene	717	sdhB			
ANT_1_00706	CDS	717	sdhB	1.3.5.1	COG0479	Succinate dehydrogenase iron-sulfur subunit
ANT_1_00707	gene	2808	sucA			
ANT_1_00707	CDS	2808	sucA	1.2.4.2	COG0567	2-oxoglutarate dehydrogenase E1 component
ANT_1_00708	gene	1218	sucB			
ANT_1_00708	CDS	1218	sucB	2.3.1.61	COG0508	Dihydrolipoyllysine-residue succinyltransferase component of 2-oxoglutarate dehydrogenase complex
ANT_1_00709	gene	1167	sucC			
ANT_1_00709	CDS	1167	sucC	6.2.1.5	COG0045	Succinate--CoA ligase [ADP-forming] subunit beta
ANT_1_00710	gene	873	sucD			
ANT_1_00710	CDS	873	sucD	6.2.1.5	COG0074	Succinate--CoA ligase [ADP-forming] subunit alpha
ANT_1_00711	gene	1569	cydA_2			
ANT_1_00711	CDS	1569	cydA_2	7.1.1.7	COG1271	Cytochrome bd-I ubiquinol oxidase subunit 1
ANT_1_00712	gene	1140	cydB_2			
ANT_1_00712	CDS	1140	cydB_2	7.1.1.7	COG1294	Cytochrome bd-I ubiquinol oxidase subunit 2
ANT_1_00713	gene	114	cydX			
ANT_1_00713	CDS	114	cydX	7.1.1.7	COG4890	Cytochrome bd-I ubiquinol oxidase subunit X
ANT_1_00714	gene	294				
ANT_1_00714	CDS	294				hypothetical protein
ANT_1_00715	gene	291	ybgC			
ANT_1_00715	CDS	291	ybgC	3.1.2.-	COG0824	Acyl-CoA thioester hydrolase YbgC
ANT_1_00716	gene	687	tolQ			
ANT_1_00716	CDS	687	tolQ		COG0811	Tol-Pal system protein TolQ
ANT_1_00717	gene	429	tolR			
ANT_1_00717	CDS	429	tolR		COG0848	Tol-Pal system protein TolR
ANT_1_00718	gene	1257				
ANT_1_00718	CDS	1257				hypothetical protein
ANT_1_00719	gene	1293	tolB_1			
ANT_1_00719	CDS	1293	tolB_1		COG0823	Tol-Pal system protein TolB
ANT_1_00720	gene	519	pal_1			
ANT_1_00720	CDS	519	pal_1		COG2885	Peptidoglycan-associated lipoprotein
ANT_1_00721	gene	804	cpoB			
ANT_1_00721	CDS	804	cpoB		COG1729	Cell division coordinator CpoB
ANT_1_00722	gene	76				
ANT_1_00722	tRNA	76				tRNA-Lys(ttt)
ANT_1_00723	gene	345				
ANT_1_00723	CDS	345				hypothetical protein
ANT_1_00724	gene	921	gltC_1			
ANT_1_00724	CDS	921	gltC_1			HTH-type transcriptional regulator GltC
ANT_1_00725	gene	1026				
ANT_1_00725	CDS	1026				hypothetical protein
ANT_1_00726	gene	228				
ANT_1_00726	CDS	228				hypothetical protein
ANT_1_00727	gene	2013	ligA			
ANT_1_00727	CDS	2013	ligA	6.5.1.2	COG0272	DNA ligase
ANT_1_00728	gene	954	zipA			
ANT_1_00728	CDS	954	zipA		COG3115	Cell division protein ZipA
ANT_1_00729	gene	804	cysZ			
ANT_1_00729	CDS	804	cysZ		COG2981	Sulfate transporter CysZ
ANT_1_00730	gene	972	cysK			
ANT_1_00730	CDS	972	cysK	2.5.1.47	COG0031	Cysteine synthase A
ANT_1_00731	gene	258	ptsH			
ANT_1_00731	CDS	258	ptsH		COG1925	Phosphocarrier protein HPr
ANT_1_00732	gene	165				
ANT_1_00732	CDS	165				hypothetical protein
ANT_1_00733	gene	1728	ptsI			
ANT_1_00733	CDS	1728	ptsI	2.7.3.9	COG1080	Phosphoenolpyruvate-protein phosphotransferase
ANT_1_00734	gene	504	crr			
ANT_1_00734	CDS	504	crr		COG2190	PTS system glucose-specific EIIA component
ANT_1_00735	gene	696				
ANT_1_00735	CDS	696				hypothetical protein
ANT_1_00736	gene	1353	sasA_1			
ANT_1_00736	CDS	1353	sasA_1	2.7.-.-		Adaptive-response sensory-kinase SasA
ANT_1_00737	gene	681	ompR_2			
ANT_1_00737	CDS	681	ompR_2			Transcriptional regulatory protein OmpR
ANT_1_00738	gene	879	cysM			
ANT_1_00738	CDS	879	cysM	2.5.1.47	COG0031	Cysteine synthase B
ANT_1_00739	gene	1089	cysA			
ANT_1_00739	CDS	1089	cysA	7.3.2.3	COG1118	Sulfate/thiosulfate import ATP-binding protein CysA
ANT_1_00740	gene	876	cysW			
ANT_1_00740	CDS	876	cysW		COG4208	Sulfate transport system permease protein CysW
ANT_1_00741	gene	834	cysT			
ANT_1_00741	CDS	834	cysT		COG0555	Sulfate transport system permease protein CysT
ANT_1_00742	gene	1014	cysP			
ANT_1_00742	CDS	1014	cysP		COG4150	Thiosulfate-binding protein
ANT_1_00743	gene	897	yfeX			
ANT_1_00743	CDS	897	yfeX	1.11.1.-	COG2837	Dye-decolorizing peroxidase YfeX
ANT_1_00744	gene	621	yfeY			
ANT_1_00744	CDS	621	yfeY			putative protein YfeY
ANT_1_00745	gene	447	yfeZ			
ANT_1_00745	CDS	447	yfeZ			Inner membrane protein YfeZ
ANT_1_00746	gene	426	ypeA			
ANT_1_00746	CDS	426	ypeA	2.3.1.-	COG0456	Acetyltransferase YpeA
ANT_1_00747	gene	879	amiA			
ANT_1_00747	CDS	879	amiA	3.5.1.28	COG0860	N-acetylmuramoyl-L-alanine amidase AmiA
ANT_1_00748	gene	909	hemF			
ANT_1_00748	CDS	909	hemF	1.3.3.3	COG0408	Oxygen-dependent coproporphyrinogen-III oxidase
ANT_1_00749	gene	2280	maeB			
ANT_1_00749	CDS	2280	maeB	1.1.1.40	COG0280	NADP-dependent malic enzyme
ANT_1_00750	gene	951	tal			
ANT_1_00750	CDS	951	tal	2.2.1.2		Transaldolase
ANT_1_00751	gene	2001	tktB			
ANT_1_00751	CDS	2001	tktB	2.2.1.1	COG0021	Transketolase 2
ANT_1_00752	gene	3039	czcA_2			
ANT_1_00752	CDS	3039	czcA_2			Cobalt-zinc-cadmium resistance protein CzcA
ANT_1_00753	gene	1143	mdtA_1			
ANT_1_00753	CDS	1143	mdtA_1			Multidrug resistance protein MdtA
ANT_1_00754	gene	1203	sasA_2			
ANT_1_00754	CDS	1203	sasA_2	2.7.-.-		Adaptive-response sensory-kinase SasA
ANT_1_00755	gene	696	arlR			
ANT_1_00755	CDS	696	arlR		COG0745	Response regulator ArlR
ANT_1_00756	gene	789				
ANT_1_00756	CDS	789				hypothetical protein
ANT_1_00757	gene	1614				
ANT_1_00757	CDS	1614				hypothetical protein
ANT_1_00758	gene	1098				
ANT_1_00758	CDS	1098				hypothetical protein
ANT_1_00759	gene	579	nudK_1			
ANT_1_00759	CDS	579	nudK_1	3.6.1.-		GDP-mannose pyrophosphatase NudK
ANT_1_00760	gene	1449	ansP2			
ANT_1_00760	CDS	1449	ansP2		COG1113	L-asparagine permease 2
ANT_1_00761	gene	1710	narQ			
ANT_1_00761	CDS	1710	narQ	2.7.13.3		Nitrate/nitrite sensor protein NarQ
ANT_1_00762	gene	639	narL_1			
ANT_1_00762	CDS	639	narL_1		COG2197	Nitrate/nitrite response regulator protein NarL
ANT_1_00763	gene	3114	acrB_1			
ANT_1_00763	CDS	3114	acrB_1		COG0841	Multidrug efflux pump subunit AcrB
ANT_1_00764	gene	123				
ANT_1_00764	CDS	123				hypothetical protein
ANT_1_00765	gene	147				
ANT_1_00765	CDS	147				hypothetical protein
ANT_1_00766	gene	186				
ANT_1_00766	CDS	186				hypothetical protein
ANT_1_00767	gene	195				
ANT_1_00767	CDS	195				hypothetical protein
ANT_1_00768	gene	381	yffB			
ANT_1_00768	CDS	381	yffB		COG1393	Protein YffB
ANT_1_00769	gene	1128	dapE_1			
ANT_1_00769	CDS	1128	dapE_1	3.5.1.18	COG0624	Succinyl-diaminopimelate desuccinylase
ANT_1_00770	gene	189				
ANT_1_00770	CDS	189				hypothetical protein
ANT_1_00771	gene	687				
ANT_1_00771	CDS	687				hypothetical protein
ANT_1_00772	gene	1998	tmcA			
ANT_1_00772	CDS	1998	tmcA	2.3.1.193	COG1444	tRNA(Met) cytidine acetyltransferase TmcA
ANT_1_00773	gene	861				
ANT_1_00773	CDS	861				hypothetical protein
ANT_1_00774	gene	714	purC			
ANT_1_00774	CDS	714	purC	6.3.2.6	COG0152	Phosphoribosylaminoimidazole-succinocarboxamide synthase
ANT_1_00775	gene	1032	bamC			
ANT_1_00775	CDS	1032	bamC		COG3317	Outer membrane protein assembly factor BamC
ANT_1_00776	gene	879	dapA_1			
ANT_1_00776	CDS	879	dapA_1	4.3.3.7	COG0329	4-hydroxy-tetrahydrodipicolinate synthase
ANT_1_00777	gene	552	gcvR			
ANT_1_00777	CDS	552	gcvR		COG2716	Glycine cleavage system transcriptional repressor
ANT_1_00778	gene	468	bcp			
ANT_1_00778	CDS	468	bcp	1.11.1.15	COG1225	Peroxiredoxin Bcp
ANT_1_00779	gene	1059	yhhT_1			
ANT_1_00779	CDS	1059	yhhT_1		COG0628	Putative transport protein YhhT
ANT_1_00780	gene	1611				
ANT_1_00780	CDS	1611				hypothetical protein
ANT_1_00781	gene	603				
ANT_1_00781	CDS	603				hypothetical protein
ANT_1_00782	gene	1464	bepA_1			
ANT_1_00782	CDS	1464	bepA_1	3.4.-.-	COG4783	Beta-barrel assembly-enhancing protease
ANT_1_00783	gene	354	yfgD			
ANT_1_00783	CDS	354	yfgD		COG1393	putative protein YfgD
ANT_1_00784	gene	708	hda			
ANT_1_00784	CDS	708	hda		COG0593	DnaA regulatory inactivator Hda
ANT_1_00785	gene	1062				
ANT_1_00785	CDS	1062				hypothetical protein
ANT_1_00786	gene	1290	uraA			
ANT_1_00786	CDS	1290	uraA		COG2233	Uracil permease
ANT_1_00787	gene	627	upp			
ANT_1_00787	CDS	627	upp	2.4.2.9	COG0035	Uracil phosphoribosyltransferase
ANT_1_00788	gene	1041	purM			
ANT_1_00788	CDS	1041	purM	6.3.3.1	COG0150	Phosphoribosylformylglycinamidine cyclo-ligase
ANT_1_00789	gene	639	purN			
ANT_1_00789	CDS	639	purN	2.1.2.2	COG0299	Phosphoribosylglycinamide formyltransferase
ANT_1_00790	gene	777	pstB3			
ANT_1_00790	CDS	777	pstB3	7.3.2.1	COG1117	Phosphate import ATP-binding protein PstB 3
ANT_1_00791	gene	1647				
ANT_1_00791	CDS	1647				hypothetical protein
ANT_1_00792	gene	2160				
ANT_1_00792	CDS	2160				hypothetical protein
ANT_1_00793	gene	2061	ppk			
ANT_1_00793	CDS	2061	ppk	2.7.4.1	COG0855	Polyphosphate kinase
ANT_1_00794	gene	1527	ppx			
ANT_1_00794	CDS	1527	ppx	3.6.1.11	COG0248	Exopolyphosphatase
ANT_1_00795	gene	606	tehB			
ANT_1_00795	CDS	606	tehB	2.1.1.265	COG0500	Tellurite methyltransferase
ANT_1_00796	gene	2247	pdeF			
ANT_1_00796	CDS	2247	pdeF	3.1.4.52		Cyclic di-GMP phosphodiesterase PdeF
ANT_1_00797	gene	183	yfgG			
ANT_1_00797	CDS	183	yfgG			Protein YfgG
ANT_1_00798	gene	1437				
ANT_1_00798	CDS	1437			COG2239	Magnesium transporter MgtE
ANT_1_00799	gene	192				
ANT_1_00799	CDS	192				hypothetical protein
ANT_1_00800	gene	507				
ANT_1_00800	CDS	507				hypothetical protein
ANT_1_00801	gene	294				
ANT_1_00801	CDS	294				hypothetical protein
ANT_1_00802	gene	780				
ANT_1_00802	CDS	780				hypothetical protein
ANT_1_00803	gene	570				
ANT_1_00803	CDS	570				hypothetical protein
ANT_1_00804	gene	627				
ANT_1_00804	CDS	627				hypothetical protein
ANT_1_00805	gene	939				
ANT_1_00805	CDS	939				hypothetical protein
ANT_1_00806	gene	1581	guaA			
ANT_1_00806	CDS	1581	guaA	6.3.5.2	COG0518	GMP synthase [glutamine-hydrolyzing]
ANT_1_00807	gene	1467	guaB			
ANT_1_00807	CDS	1467	guaB	1.1.1.205	COG0516	Inosine-5'-monophosphate dehydrogenase
ANT_1_00808	gene	1374	xseA			
ANT_1_00808	CDS	1374	xseA	3.1.11.6	COG1570	Exodeoxyribonuclease 7 large subunit
ANT_1_00809	gene	534				
ANT_1_00809	CDS	534				hypothetical protein
ANT_1_00810	gene	2427	quiA			
ANT_1_00810	CDS	2427	quiA	1.1.5.8	COG4993	Quinate/shikimate dehydrogenase (quinone)
ANT_1_00811	gene	1500	der			
ANT_1_00811	CDS	1500	der		COG1160	GTPase Der
ANT_1_00812	gene	1182	bamB			
ANT_1_00812	CDS	1182	bamB		COG1520	Outer membrane protein assembly factor BamB
ANT_1_00813	gene	621				
ANT_1_00813	CDS	621				hypothetical protein
ANT_1_00814	gene	1278	hisS_1			
ANT_1_00814	CDS	1278	hisS_1	6.1.1.21	COG0124	Histidine--tRNA ligase
ANT_1_00815	gene	1122	ispG			
ANT_1_00815	CDS	1122	ispG	1.17.7.3	COG0821	4-hydroxy-3-methylbut-2-en-1-yl diphosphate synthase (flavodoxin)
ANT_1_00816	gene	996	rodZ			
ANT_1_00816	CDS	996	rodZ		COG1426	Cytoskeleton protein RodZ
ANT_1_00817	gene	732				
ANT_1_00817	CDS	732				hypothetical protein
ANT_1_00818	gene	1170	rlmN			
ANT_1_00818	CDS	1170	rlmN	2.1.1.192	COG0820	Dual-specificity RNA methyltransferase RlmN
ANT_1_00819	gene	432	ndk			
ANT_1_00819	CDS	432	ndk	2.7.4.6	COG0105	Nucleoside diphosphate kinase
ANT_1_00820	gene	2319	pbpC			
ANT_1_00820	CDS	2319	pbpC		COG4953	Penicillin-binding protein 1C
ANT_1_00821	gene	5955				
ANT_1_00821	CDS	5955				hypothetical protein
ANT_1_00822	gene	855	sseA			
ANT_1_00822	CDS	855	sseA	2.8.1.2	COG2897	3-mercaptopyruvate sulfurtransferase
ANT_1_00823	gene	780				
ANT_1_00823	CDS	780				hypothetical protein
ANT_1_00824	gene	1290	pepB			
ANT_1_00824	CDS	1290	pepB	3.4.11.23	COG0260	Peptidase B
ANT_1_00825	gene	1200	iscS			
ANT_1_00825	CDS	1200	iscS	2.8.1.7	COG1104	Cysteine desulfurase IscS
ANT_1_00826	gene	498	iscR			
ANT_1_00826	CDS	498	iscR		COG1959	HTH-type transcriptional regulator IscR
ANT_1_00827	gene	726	trmJ			
ANT_1_00827	CDS	726	trmJ	2.1.1.200	COG0565	tRNA (cytidine/uridine-2'-O-)-methyltransferase TrmJ
ANT_1_00828	gene	804	suhB_1			
ANT_1_00828	CDS	804	suhB_1	3.1.3.25	COG0483	Inositol-1-monophosphatase
ANT_1_00829	gene	1002				
ANT_1_00829	CDS	1002				hypothetical protein
ANT_1_00830	gene	657				
ANT_1_00830	CDS	657				hypothetical protein
ANT_1_00831	gene	1269				
ANT_1_00831	CDS	1269				hypothetical protein
ANT_1_00832	gene	1137	hcaT			
ANT_1_00832	CDS	1137	hcaT			putative 3-phenylpropionic acid transporter
ANT_1_00833	gene	1254	glyA			
ANT_1_00833	CDS	1254	glyA	2.1.2.1	COG0112	Serine hydroxymethyltransferase
ANT_1_00834	gene	1185	hmp			
ANT_1_00834	CDS	1185	hmp	1.14.12.17	COG1017	Flavohemoprotein
ANT_1_00835	gene	1176	adhB_1			
ANT_1_00835	CDS	1176	adhB_1	1.1.5.5		Alcohol dehydrogenase (quinone), cytochrome c subunit
ANT_1_00836	gene	1911				
ANT_1_00836	CDS	1911				hypothetical protein
ANT_1_00837	gene	339	glnB			
ANT_1_00837	CDS	339	glnB		COG0347	Nitrogen regulatory protein P-II
ANT_1_00838	gene	1335	qseF			
ANT_1_00838	CDS	1335	qseF		COG2204	Transcriptional regulatory protein QseF
ANT_1_00839	gene	735	qseG			
ANT_1_00839	CDS	735	qseG			Quorum-sensing regulator protein G
ANT_1_00840	gene	1431	glrK			
ANT_1_00840	CDS	1431	glrK	2.7.13.3		Sensor histidine kinase GlrK
ANT_1_00841	gene	3885	purL			
ANT_1_00841	CDS	3885	purL	6.3.5.3	COG0046	Phosphoribosylformylglycinamidine synthase
ANT_1_00842	gene	1458	mltF_1			
ANT_1_00842	CDS	1458	mltF_1	4.2.2.-	COG4623	Membrane-bound lytic murein transglycosylase F
ANT_1_00843	gene	483	tadA			
ANT_1_00843	CDS	483	tadA	3.5.4.33	COG0590	tRNA-specific adenosine deaminase
ANT_1_00844	gene	639	pgpC			
ANT_1_00844	CDS	639	pgpC	3.1.3.27	COG0560	Phosphatidylglycerophosphatase C
ANT_1_00845	gene	1365				
ANT_1_00845	CDS	1365				PTS system EIIBC component
ANT_1_00846	gene	897	murQ			
ANT_1_00846	CDS	897	murQ	4.2.1.126	COG2103	N-acetylmuramic acid 6-phosphate etherase
ANT_1_00847	gene	840	murR			
ANT_1_00847	CDS	840	murR		COG1737	HTH-type transcriptional regulator MurR
ANT_1_00848	gene	255	yfhL			
ANT_1_00848	CDS	255	yfhL		COG1145	Ferredoxin YfhL
ANT_1_00849	gene	381	acpS			
ANT_1_00849	CDS	381	acpS	2.7.8.7	COG0736	Holo-[acyl-carrier-protein] synthase
ANT_1_00850	gene	732	pdxJ			
ANT_1_00850	CDS	732	pdxJ	2.6.99.2	COG0854	Pyridoxine 5'-phosphate synthase
ANT_1_00851	gene	738	recO			
ANT_1_00851	CDS	738	recO		COG1381	DNA repair protein RecO
ANT_1_00852	gene	906	era_1			
ANT_1_00852	CDS	906	era_1		COG1159	GTPase Era
ANT_1_00853	gene	681	rnc			
ANT_1_00853	CDS	681	rnc	3.1.26.3	COG0571	Ribonuclease 3
ANT_1_00854	gene	936	lepB			
ANT_1_00854	CDS	936	lepB	3.4.21.89	COG0681	Signal peptidase I
ANT_1_00855	gene	1800	lepA			
ANT_1_00855	CDS	1800	lepA	3.6.5.-	COG0481	Elongation factor 4
ANT_1_00856	gene	465	rseC			
ANT_1_00856	CDS	465	rseC		COG3086	Protein RseC
ANT_1_00857	gene	957	rseB			
ANT_1_00857	CDS	957	rseB		COG3026	Sigma-E factor regulatory protein RseB
ANT_1_00858	gene	651	rseA			
ANT_1_00858	CDS	651	rseA			Anti-sigma-E factor RseA
ANT_1_00859	gene	576	rpoE			
ANT_1_00859	CDS	576	rpoE			ECF RNA polymerase sigma-E factor
ANT_1_00860	gene	1644	nadB			
ANT_1_00860	CDS	1644	nadB	1.4.3.16	COG0029	L-aspartate oxidase
ANT_1_00861	gene	771	yfiC			
ANT_1_00861	CDS	771	yfiC	2.1.1.223	COG4123	tRNA1(Val) (adenine(37)-N6)-methyltransferase
ANT_1_00862	gene	1326	srmB			
ANT_1_00862	CDS	1326	srmB	3.6.4.13	COG0513	ATP-dependent RNA helicase SrmB
ANT_1_00863	gene	384	grcA			
ANT_1_00863	CDS	384	grcA			Autonomous glycyl radical cofactor
ANT_1_00864	gene	684	ung			
ANT_1_00864	CDS	684	ung	3.2.2.27	COG0692	Uracil-DNA glycosylase
ANT_1_00865	gene	1566				
ANT_1_00865	CDS	1566				hypothetical protein
ANT_1_00866	gene	582	grpE			
ANT_1_00866	CDS	582	grpE		COG0576	Protein GrpE
ANT_1_00867	gene	879	nadK			
ANT_1_00867	CDS	879	nadK	2.7.1.23	COG0061	NAD kinase
ANT_1_00868	gene	1662	recN			
ANT_1_00868	CDS	1662	recN		COG0497	DNA repair protein RecN
ANT_1_00869	gene	354	bamE			
ANT_1_00869	CDS	354	bamE		COG2913	Outer membrane protein assembly factor BamE
ANT_1_00870	gene	288	pasI			
ANT_1_00870	CDS	288	pasI		COG2914	Persistence and stress-resistance antitoxin PasI
ANT_1_00871	gene	435	ratA			
ANT_1_00871	CDS	435	ratA		COG2867	Ribosome association toxin RatA
ANT_1_00872	gene	483	smpB			
ANT_1_00872	CDS	483	smpB		COG0691	SsrA-binding protein
ANT_1_00873	gene	364	ssrA			
ANT_1_00873	tmRNA	364	ssrA			transfer-messenger RNA, SsrA
ANT_1_00874	gene	558				
ANT_1_00874	CDS	558				hypothetical protein
ANT_1_00875	gene	381				
ANT_1_00875	CDS	381				hypothetical protein
ANT_1_00876	gene	501	hcpA_3			
ANT_1_00876	CDS	501	hcpA_3		COG3157	Major exported protein
ANT_1_00877	gene	378				
ANT_1_00877	CDS	378				hypothetical protein
ANT_1_00878	gene	207	celY			
ANT_1_00878	CDS	207	celY	3.2.1.4	COG3405	Minor endoglucanase Y
ANT_1_00879	gene	606	rsmD			
ANT_1_00879	CDS	606	rsmD	2.1.1.171	COG0742	Ribosomal RNA small subunit methyltransferase D
ANT_1_00880	gene	270				
ANT_1_00880	CDS	270				hypothetical protein
ANT_1_00881	gene	366				
ANT_1_00881	CDS	366				hypothetical protein
ANT_1_00882	gene	627				
ANT_1_00882	CDS	627				hypothetical protein
ANT_1_00883	gene	2268	zntA			
ANT_1_00883	CDS	2268	zntA	3.6.3.3		Zinc/cadmium/lead-transporting P-type ATPase
ANT_1_00884	gene	246	tusA			
ANT_1_00884	CDS	246	tusA		COG0425	Sulfur carrier protein TusA
ANT_1_00885	gene	666	yhhQ			
ANT_1_00885	CDS	666	yhhQ		COG1738	Queuosine precursor transporter
ANT_1_00886	gene	561				
ANT_1_00886	CDS	561				hypothetical protein
ANT_1_00887	gene	897	iolE_1			
ANT_1_00887	CDS	897	iolE_1	4.2.1.44	COG1082	Inosose dehydratase
ANT_1_00888	gene	885				
ANT_1_00888	CDS	885				hypothetical protein
ANT_1_00889	gene	1014	iolG_1			
ANT_1_00889	CDS	1014	iolG_1	1.1.1.18	COG0673	Inositol 2-dehydrogenase/D-chiro-inositol 3-dehydrogenase
ANT_1_00890	gene	1941	iolD			
ANT_1_00890	CDS	1941	iolD	3.7.1.22	COG3962	3D-(3,5/4)-trihydroxycyclohexane-1,2-dione hydrolase
ANT_1_00891	gene	1923	iolC			
ANT_1_00891	CDS	1923	iolC	2.7.1.92		5-dehydro-2-deoxygluconokinase
ANT_1_00892	gene	1038				
ANT_1_00892	CDS	1038				hypothetical protein
ANT_1_00893	gene	765	papD_1			
ANT_1_00893	CDS	765	papD_1		COG3121	Chaperone protein PapD
ANT_1_00894	gene	843	hexR_1			
ANT_1_00894	CDS	843	hexR_1		COG1737	HTH-type transcriptional regulator HexR
ANT_1_00895	gene	522	yfcQ_1			
ANT_1_00895	CDS	522	yfcQ_1			putative fimbrial-like protein YfcQ
ANT_1_00896	gene	996				
ANT_1_00896	CDS	996				hypothetical protein
ANT_1_00897	gene	822	iolB			
ANT_1_00897	CDS	822	iolB	5.3.1.30	COG3718	5-deoxy-glucuronate isomerase
ANT_1_00898	gene	1506	bauC			
ANT_1_00898	CDS	1506	bauC	1.2.1.-	COG1012	Putative 3-oxopropanoate dehydrogenase
ANT_1_00899	gene	816				
ANT_1_00899	CDS	816				hypothetical protein
ANT_1_00900	gene	702	potA_1			
ANT_1_00900	CDS	702	potA_1	7.6.2.11	COG3842	Spermidine/putrescine import ATP-binding protein PotA
ANT_1_00901	gene	975				
ANT_1_00901	CDS	975			COG1840	putative protein
ANT_1_00902	gene	1653				
ANT_1_00902	CDS	1653				hypothetical protein
ANT_1_00903	gene	1038	yhhT_2			
ANT_1_00903	CDS	1038	yhhT_2		COG0628	Putative transport protein YhhT
ANT_1_00904	gene	687	lutR_1			
ANT_1_00904	CDS	687	lutR_1		COG2186	HTH-type transcriptional regulator LutR
ANT_1_00905	gene	1299	lgoT			
ANT_1_00905	CDS	1299	lgoT			putative L-galactonate transporter
ANT_1_00906	gene	1185	uxuA			
ANT_1_00906	CDS	1185	uxuA	4.2.1.8	COG1312	Mannonate dehydratase
ANT_1_00907	gene	330				
ANT_1_00907	CDS	330				hypothetical protein
ANT_1_00908	gene	1584	pdeN_1			
ANT_1_00908	CDS	1584	pdeN_1	3.1.4.52	COG2200	putative cyclic di-GMP phosphodiesterase PdeN
ANT_1_00909	gene	1506	proP_1			
ANT_1_00909	CDS	1506	proP_1			Proline/betaine transporter
ANT_1_00910	gene	1017	ahr			
ANT_1_00910	CDS	1017	ahr	1.1.1.2	COG1064	Aldehyde reductase Ahr
ANT_1_00911	gene	1017				
ANT_1_00911	CDS	1017				hypothetical protein
ANT_1_00912	gene	717				
ANT_1_00912	CDS	717				hypothetical protein
ANT_1_00913	gene	1773				
ANT_1_00913	CDS	1773		1.1.99.3		Gluconate 2-dehydrogenase flavoprotein
ANT_1_00914	gene	1311				
ANT_1_00914	CDS	1311		1.1.99.3		Gluconate 2-dehydrogenase cytochrome c subunit
ANT_1_00915	gene	2166	fhuE			
ANT_1_00915	CDS	2166	fhuE		COG4773	FhuE receptor
ANT_1_00916	gene	801				
ANT_1_00916	CDS	801				hypothetical protein
ANT_1_00917	gene	804				
ANT_1_00917	CDS	804				hypothetical protein
ANT_1_00918	gene	519	yfcP_1			
ANT_1_00918	CDS	519	yfcP_1			putative fimbrial-like protein YfcP
ANT_1_00919	gene	537	yfcQ_2			
ANT_1_00919	CDS	537	yfcQ_2			putative fimbrial-like protein YfcQ
ANT_1_00920	gene	651	lpfA_1			
ANT_1_00920	CDS	651	lpfA_1			putative major fimbrial subunit LpfA
ANT_1_00921	gene	741	papD_2			
ANT_1_00921	CDS	741	papD_2		COG3121	Chaperone protein PapD
ANT_1_00922	gene	2541	papC_1			
ANT_1_00922	CDS	2541	papC_1		COG3188	Outer membrane usher protein PapC
ANT_1_00923	gene	549	papH_1			
ANT_1_00923	CDS	549	papH_1			PAP fimbrial minor pilin protein
ANT_1_00924	gene	540	smfA_1			
ANT_1_00924	CDS	540	smfA_1			Fimbria A protein
ANT_1_00925	gene	1059	dgcC			
ANT_1_00925	CDS	1059	dgcC	2.7.7.65		putative diguanylate cyclase DgcC
ANT_1_00926	gene	240				
ANT_1_00926	CDS	240				hypothetical protein
ANT_1_00927	gene	1287				
ANT_1_00927	CDS	1287			COG2081	putative protein
ANT_1_00928	gene	1500	pitA_1			
ANT_1_00928	CDS	1500	pitA_1		COG0306	Low-affinity inorganic phosphate transporter 1
ANT_1_00929	gene	549	uspB			
ANT_1_00929	CDS	549	uspB			Universal stress protein B
ANT_1_00930	gene	438	uspA			
ANT_1_00930	CDS	438	uspA		COG0589	Universal stress protein A
ANT_1_00931	gene	756	rsmJ			
ANT_1_00931	CDS	756	rsmJ	2.1.1.242		Ribosomal RNA small subunit methyltransferase J
ANT_1_00932	gene	2043	prlC			
ANT_1_00932	CDS	2043	prlC	3.4.24.70	COG0339	Oligopeptidase A
ANT_1_00933	gene	825				
ANT_1_00933	CDS	825				hypothetical protein
ANT_1_00934	gene	843	rlmJ			
ANT_1_00934	CDS	843	rlmJ	2.1.1.266	COG2961	Ribosomal RNA large subunit methyltransferase J
ANT_1_00935	gene	939				
ANT_1_00935	CDS	939				hypothetical protein
ANT_1_00936	gene	915	rbn			
ANT_1_00936	CDS	915	rbn	3.1.-.-	COG1234	Ribonuclease BN
ANT_1_00937	gene	1584	norR_1			
ANT_1_00937	CDS	1584	norR_1			Anaerobic nitric oxide reductase transcription regulator NorR
ANT_1_00938	gene	1134				
ANT_1_00938	CDS	1134				hypothetical protein
ANT_1_00939	gene	1218	rtcB			
ANT_1_00939	CDS	1218	rtcB	6.5.1.-	COG1690	RNA-splicing ligase RtcB
ANT_1_00940	gene	792				
ANT_1_00940	CDS	792				hypothetical protein
ANT_1_00941	gene	771				
ANT_1_00941	CDS	771				hypothetical protein
ANT_1_00942	gene	555	yrdA			
ANT_1_00942	CDS	555	yrdA		COG0663	Protein YrdA
ANT_1_00943	gene	261				
ANT_1_00943	CDS	261				hypothetical protein
ANT_1_00944	gene	816	aroE			
ANT_1_00944	CDS	816	aroE	1.1.1.25	COG0169	Shikimate dehydrogenase (NADP(+))
ANT_1_00945	gene	567	tsaC_1			
ANT_1_00945	CDS	567	tsaC_1	2.7.7.87	COG0009	Threonylcarbamoyl-AMP synthase
ANT_1_00946	gene	570	topA_2			
ANT_1_00946	CDS	570	topA_2	5.6.2.1	COG0550	DNA topoisomerase 1
ANT_1_00947	gene	474	smg			
ANT_1_00947	CDS	474	smg			Protein Smg
ANT_1_00948	gene	1125				
ANT_1_00948	CDS	1125				hypothetical protein
ANT_1_00949	gene	510	def			
ANT_1_00949	CDS	510	def	3.5.1.88	COG0242	Peptide deformylase
ANT_1_00950	gene	948	fmt			
ANT_1_00950	CDS	948	fmt	2.1.2.9	COG0223	Methionyl-tRNA formyltransferase
ANT_1_00951	gene	1290	rsmB			
ANT_1_00951	CDS	1290	rsmB	2.1.1.176	COG0144	Ribosomal RNA small subunit methyltransferase B
ANT_1_00952	gene	1377	trkA			
ANT_1_00952	CDS	1377	trkA		COG0569	Trk system potassium uptake protein TrkA
ANT_1_00953	gene	414	mscL			
ANT_1_00953	CDS	414	mscL		COG1970	Large-conductance mechanosensitive channel
ANT_1_00954	gene	243	arfA			
ANT_1_00954	CDS	243	arfA		COG3036	Alternative ribosome-rescue factor A
ANT_1_00955	gene	432	zntR			
ANT_1_00955	CDS	432	zntR		COG0789	HTH-type transcriptional regulator ZntR
ANT_1_00956	gene	372				
ANT_1_00956	CDS	372				hypothetical protein
ANT_1_00957	gene	387	rplQ			
ANT_1_00957	CDS	387	rplQ		COG0203	50S ribosomal protein L17
ANT_1_00958	gene	990	rpoA			
ANT_1_00958	CDS	990	rpoA	2.7.7.6		DNA-directed RNA polymerase subunit alpha
ANT_1_00959	gene	621	rpsD			
ANT_1_00959	CDS	621	rpsD		COG0522	30S ribosomal protein S4
ANT_1_00960	gene	390	rpsK			
ANT_1_00960	CDS	390	rpsK		COG0100	30S ribosomal protein S11
ANT_1_00961	gene	357	rpsM			
ANT_1_00961	CDS	357	rpsM		COG0099	30S ribosomal protein S13
ANT_1_00962	gene	1332	secY			
ANT_1_00962	CDS	1332	secY		COG0201	Protein translocase subunit SecY
ANT_1_00963	gene	435	rplO			
ANT_1_00963	CDS	435	rplO		COG0200	50S ribosomal protein L15
ANT_1_00964	gene	186	rpmD			
ANT_1_00964	CDS	186	rpmD		COG1841	50S ribosomal protein L30
ANT_1_00965	gene	501	rpsE			
ANT_1_00965	CDS	501	rpsE		COG0098	30S ribosomal protein S5
ANT_1_00966	gene	402				
ANT_1_00966	CDS	402				hypothetical protein
ANT_1_00967	gene	534	rplF			
ANT_1_00967	CDS	534	rplF		COG0097	50S ribosomal protein L6
ANT_1_00968	gene	393	rpsH			
ANT_1_00968	CDS	393	rpsH		COG0096	30S ribosomal protein S8
ANT_1_00969	gene	306	rpsN			
ANT_1_00969	CDS	306	rpsN		COG0199	30S ribosomal protein S14
ANT_1_00970	gene	540	rplE			
ANT_1_00970	CDS	540	rplE		COG0094	50S ribosomal protein L5
ANT_1_00971	gene	315	rplX			
ANT_1_00971	CDS	315	rplX		COG0198	50S ribosomal protein L24
ANT_1_00972	gene	372	rplN			
ANT_1_00972	CDS	372	rplN		COG0093	50S ribosomal protein L14
ANT_1_00973	gene	255	rpsQ			
ANT_1_00973	CDS	255	rpsQ		COG0186	30S ribosomal protein S17
ANT_1_00974	gene	192	rpmC			
ANT_1_00974	CDS	192	rpmC		COG0255	50S ribosomal protein L29
ANT_1_00975	gene	411	rplP			
ANT_1_00975	CDS	411	rplP		COG0197	50S ribosomal protein L16
ANT_1_00976	gene	699	rpsC			
ANT_1_00976	CDS	699	rpsC		COG0092	30S ribosomal protein S3
ANT_1_00977	gene	333	rplV			
ANT_1_00977	CDS	333	rplV		COG0091	50S ribosomal protein L22
ANT_1_00978	gene	279	rpsS			
ANT_1_00978	CDS	279	rpsS		COG0185	30S ribosomal protein S19
ANT_1_00979	gene	822	rplB			
ANT_1_00979	CDS	822	rplB		COG0090	50S ribosomal protein L2
ANT_1_00980	gene	303	rplW			
ANT_1_00980	CDS	303	rplW		COG0089	50S ribosomal protein L23
ANT_1_00981	gene	606	rplD			
ANT_1_00981	CDS	606	rplD		COG0088	50S ribosomal protein L4
ANT_1_00982	gene	630	rplC			
ANT_1_00982	CDS	630	rplC		COG0087	50S ribosomal protein L3
ANT_1_00983	gene	312	rpsJ			
ANT_1_00983	CDS	312	rpsJ		COG0051	30S ribosomal protein S10
ANT_1_00984	gene	405	tufB_1			
ANT_1_00984	CDS	405	tufB_1		COG0050	Elongation factor Tu 2
ANT_1_00985	gene	1092	ychF			
ANT_1_00985	CDS	1092	ychF		COG0012	Ribosome-binding ATPase YchF
ANT_1_00986	gene	1482	bicA			
ANT_1_00986	CDS	1482	bicA		COG0659	Bicarbonate transporter BicA
ANT_1_00987	gene	672	pdeH_1			
ANT_1_00987	CDS	672	pdeH_1	3.1.4.52		Cyclic di-GMP phosphodiesterase PdeH
ANT_1_00988	gene	588	pth			
ANT_1_00988	CDS	588	pth	3.1.1.29	COG0193	Peptidyl-tRNA hydrolase
ANT_1_00989	gene	285				
ANT_1_00989	CDS	285				hypothetical protein
ANT_1_00990	gene	1173				
ANT_1_00990	CDS	1173				hypothetical protein
ANT_1_00991	gene	1467	mdtD_1			
ANT_1_00991	CDS	1467	mdtD_1			Putative multidrug resistance protein MdtD
ANT_1_00992	gene	900	pgrR_4			
ANT_1_00992	CDS	900	pgrR_4			HTH-type transcriptional regulator PgrR
ANT_1_00993	gene	948	prs_2			
ANT_1_00993	CDS	948	prs_2	2.7.6.1	COG0462	Ribose-phosphate pyrophosphokinase
ANT_1_00994	gene	864	ispE			
ANT_1_00994	CDS	864	ispE	2.7.1.148	COG1947	4-diphosphocytidyl-2-C-methyl-D-erythritol kinase
ANT_1_00995	gene	627	lolB			
ANT_1_00995	CDS	627	lolB		COG3017	Outer-membrane lipoprotein LolB
ANT_1_00996	gene	1257	hemA			
ANT_1_00996	CDS	1257	hemA	1.2.1.70	COG0373	Glutamyl-tRNA reductase
ANT_1_00997	gene	1173	prfA			
ANT_1_00997	CDS	1173	prfA		COG0216	Peptide chain release factor RF1
ANT_1_00998	gene	834	prmC			
ANT_1_00998	CDS	834	prmC	2.1.1.297	COG2890	Release factor glutamine methyltransferase
ANT_1_00999	gene	399	ychQ			
ANT_1_00999	CDS	399	ychQ		COG3094	Protein YchQ
ANT_1_01000	gene	810				
ANT_1_01000	CDS	810				hypothetical protein
ANT_1_01001	gene	855	kdsA			
ANT_1_01001	CDS	855	kdsA	2.5.1.55	COG2877	2-dehydro-3-deoxyphosphooctonate aldolase
ANT_1_01002	gene	423	hslJ			
ANT_1_01002	CDS	423	hslJ		COG3187	Heat shock protein HslJ
ANT_1_01003	gene	1092	chaA			
ANT_1_01003	CDS	1092	chaA		COG0387	Sodium-potassium/proton antiporter ChaA
ANT_1_01004	gene	1017	cra_1			
ANT_1_01004	CDS	1017	cra_1		COG1609	Catabolite repressor/activator
ANT_1_01005	gene	1410	scrB			
ANT_1_01005	CDS	1410	scrB	3.2.1.26	COG1621	Sucrose-6-phosphate hydrolase
ANT_1_01006	gene	1374	sacX			
ANT_1_01006	CDS	1374	sacX		COG1263	Negative regulator of SacY activity
ANT_1_01007	gene	1542	scrY			
ANT_1_01007	CDS	1542	scrY			Sucrose porin
ANT_1_01008	gene	924	scrK_1			
ANT_1_01008	CDS	924	scrK_1	2.7.1.4	COG0524	Fructokinase
ANT_1_01009	gene	678	chaC			
ANT_1_01009	CDS	678	chaC	4.3.2.7	COG3703	Glutathione-specific gamma-glutamylcyclotransferase
ANT_1_01010	gene	1428	pknD			
ANT_1_01010	CDS	1428	pknD	2.7.11.1		Serine/threonine-protein kinase PknD
ANT_1_01011	gene	951				
ANT_1_01011	CDS	951				hypothetical protein
ANT_1_01012	gene	777	prpC			
ANT_1_01012	CDS	777	prpC	3.1.3.16	COG0631	Protein phosphatase PrpC
ANT_1_01013	gene	1176				
ANT_1_01013	CDS	1176				hypothetical protein
ANT_1_01014	gene	699				
ANT_1_01014	CDS	699				hypothetical protein
ANT_1_01015	gene	2106				
ANT_1_01015	CDS	2106				hypothetical protein
ANT_1_01016	gene	1218				
ANT_1_01016	CDS	1218				hypothetical protein
ANT_1_01017	gene	492				
ANT_1_01017	CDS	492				hypothetical protein
ANT_1_01018	gene	1284	nasR			
ANT_1_01018	CDS	1284	nasR			Nitrate regulatory protein
ANT_1_01019	gene	2853	nasD			
ANT_1_01019	CDS	2853	nasD	1.7.1.4	COG1251	Nitrite reductase [NAD(P)H]
ANT_1_01020	gene	846	cysG_1			
ANT_1_01020	CDS	846	cysG_1		COG0007	Siroheme synthase
ANT_1_01021	gene	795	srlR_1			
ANT_1_01021	CDS	795	srlR_1		COG1349	Glucitol operon repressor
ANT_1_01022	gene	804	aptA			
ANT_1_01022	CDS	804	aptA	2.2.1.-	COG3959	Apulose-4-phosphate transketolase subunit A
ANT_1_01023	gene	915	aptB			
ANT_1_01023	CDS	915	aptB	2.2.1.-	COG3958	Apulose-4-phosphate transketolase subunit B
ANT_1_01024	gene	798	golD			
ANT_1_01024	CDS	798	golD	1.1.1.6		NAD-dependent glycerol dehydrogenase
ANT_1_01025	gene	936	rbsB_1			
ANT_1_01025	CDS	936	rbsB_1		COG1879	Ribose import binding protein RbsB
ANT_1_01026	gene	612				
ANT_1_01026	CDS	612				hypothetical protein
ANT_1_01027	gene	1551	rbsA_1			
ANT_1_01027	CDS	1551	rbsA_1	7.5.2.7	COG1129	Ribose import ATP-binding protein RbsA
ANT_1_01028	gene	1068	rbsC_1			
ANT_1_01028	CDS	1068	rbsC_1		COG1172	Ribose import permease protein RbsC
ANT_1_01029	gene	1518	aplK			
ANT_1_01029	CDS	1518	aplK	2.7.1.-	COG0554	Apulose kinase
ANT_1_01030	gene	798	fabG_2			
ANT_1_01030	CDS	798	fabG_2	1.1.1.100		3-oxoacyl-[acyl-carrier-protein] reductase FabG
ANT_1_01031	gene	780				
ANT_1_01031	CDS	780				hypothetical protein
ANT_1_01032	gene	1443				
ANT_1_01032	CDS	1443				hypothetical protein
ANT_1_01033	gene	984				
ANT_1_01033	CDS	984				hypothetical protein
ANT_1_01034	gene	1065	phoE			
ANT_1_01034	CDS	1065	phoE		COG3203	Outer membrane porin PhoE
ANT_1_01035	gene	1221	astC			
ANT_1_01035	CDS	1221	astC	2.6.1.81	COG4992	Succinylornithine transaminase
ANT_1_01036	gene	1035	astA			
ANT_1_01036	CDS	1035	astA	2.3.1.109	COG3138	Arginine N-succinyltransferase
ANT_1_01037	gene	1470	astD			
ANT_1_01037	CDS	1470	astD	1.2.1.71	COG1012	N-succinylglutamate 5-semialdehyde dehydrogenase
ANT_1_01038	gene	1329	astB			
ANT_1_01038	CDS	1329	astB	3.5.3.23	COG3724	N-succinylarginine dihydrolase
ANT_1_01039	gene	1005	astE			
ANT_1_01039	CDS	1005	astE	3.5.1.96	COG2988	Succinylglutamate desuccinylase
ANT_1_01040	gene	489	spy			
ANT_1_01040	CDS	489	spy		COG3678	Periplasmic chaperone Spy
ANT_1_01041	gene	876	cho			
ANT_1_01041	CDS	876	cho	3.1.25.-	COG0322	Excinuclease cho
ANT_1_01042	gene	828	nadE			
ANT_1_01042	CDS	828	nadE	6.3.1.5	COG0171	NH(3)-dependent NAD(+) synthetase
ANT_1_01043	gene	1191	bcr_1			
ANT_1_01043	CDS	1191	bcr_1			Bicyclomycin resistance protein
ANT_1_01044	gene	585	betI_1			
ANT_1_01044	CDS	585	betI_1			HTH-type transcriptional regulator BetI
ANT_1_01045	gene	336	osmE			
ANT_1_01045	CDS	336	osmE			Osmotically-inducible putative lipoprotein OsmE
ANT_1_01046	gene	2133	katE			
ANT_1_01046	CDS	2133	katE	1.11.1.6	COG0753	Catalase HPII
ANT_1_01047	gene	1398	tcyP			
ANT_1_01047	CDS	1398	tcyP		COG1823	L-cystine uptake protein TcyP
ANT_1_01048	gene	591	ydjM			
ANT_1_01048	CDS	591	ydjM		COG1988	Inner membrane protein YdjM
ANT_1_01049	gene	762	kduD_1			
ANT_1_01049	CDS	762	kduD_1	1.1.1.127		2-dehydro-3-deoxy-D-gluconate 5-dehydrogenase
ANT_1_01050	gene	672	hxpB			
ANT_1_01050	CDS	672	hxpB	3.1.3.68	COG0637	Hexitol phosphatase B
ANT_1_01051	gene	540				
ANT_1_01051	CDS	540				hypothetical protein
ANT_1_01052	gene	894				
ANT_1_01052	CDS	894		2.7.1.-		putative ketoamine kinase
ANT_1_01053	gene	291				
ANT_1_01053	CDS	291				hypothetical protein
ANT_1_01054	gene	756				
ANT_1_01054	CDS	756				hypothetical protein
ANT_1_01055	gene	1929	thrS			
ANT_1_01055	CDS	1929	thrS	6.1.1.3	COG0441	Threonine--tRNA ligase
ANT_1_01056	gene	426	infC			
ANT_1_01056	CDS	426	infC		COG0290	Translation initiation factor IF-3
ANT_1_01057	gene	198	rpmI			
ANT_1_01057	CDS	198	rpmI		COG0291	50S ribosomal protein L35
ANT_1_01058	gene	357	rplT			
ANT_1_01058	CDS	357	rplT		COG0292	50S ribosomal protein L20
ANT_1_01059	gene	984	pheS			
ANT_1_01059	CDS	984	pheS	6.1.1.20	COG0016	Phenylalanine--tRNA ligase alpha subunit
ANT_1_01060	gene	2388	pheT			
ANT_1_01060	CDS	2388	pheT	6.1.1.20	COG0072	Phenylalanine--tRNA ligase beta subunit
ANT_1_01061	gene	300	ihfA			
ANT_1_01061	CDS	300	ihfA		COG0776	Integration host factor subunit alpha
ANT_1_01062	gene	981	btuC			
ANT_1_01062	CDS	981	btuC		COG4139	Vitamin B12 import system permease protein BtuC
ANT_1_01063	gene	543	btuE			
ANT_1_01063	CDS	543	btuE	1.11.1.15	COG0386	Thioredoxin/glutathione peroxidase BtuE
ANT_1_01064	gene	741	btuD_3			
ANT_1_01064	CDS	741	btuD_3	7.6.2.8	COG4138	Vitamin B12 import ATP-binding protein BtuD
ANT_1_01065	gene	459	mepS_1			
ANT_1_01065	CDS	459	mepS_1	3.4.-.-	COG0791	Murein DD-endopeptidase MepS/Murein LD-carboxypeptidase
ANT_1_01066	gene	756	ydiV			
ANT_1_01066	CDS	756	ydiV		COG2200	Putative anti-FlhC(2)FlhD(4) factor YdiV
ANT_1_01067	gene	1440	selO			
ANT_1_01067	CDS	1440	selO	2.7.7.-	COG0397	Protein adenylyltransferase SelO
ANT_1_01068	gene	777	hmuV			
ANT_1_01068	CDS	777	hmuV	3.6.3.-	COG4559	Hemin import ATP-binding protein HmuV
ANT_1_01069	gene	999	hmuU_2			
ANT_1_01069	CDS	999	hmuU_2		COG0609	Hemin transport system permease protein HmuU
ANT_1_01070	gene	822	hmuT			
ANT_1_01070	CDS	822	hmuT		COG4558	Hemin-binding periplasmic protein HmuT
ANT_1_01071	gene	1032	hemS			
ANT_1_01071	CDS	1032	hemS		COG3720	Hemin transport protein HemS
ANT_1_01072	gene	1047	aroH			
ANT_1_01072	CDS	1047	aroH	2.5.1.54	COG0722	Phospho-2-dehydro-3-deoxyheptonate aldolase, Trp-sensitive
ANT_1_01073	gene	834	ppsR			
ANT_1_01073	CDS	834	ppsR	2.7.11.33	COG1806	Phosphoenolpyruvate synthase regulatory protein
ANT_1_01074	gene	2379	ppsA			
ANT_1_01074	CDS	2379	ppsA	2.7.9.2	COG0574	Phosphoenolpyruvate synthase
ANT_1_01075	gene	1125	ydiK			
ANT_1_01075	CDS	1125	ydiK		COG0628	Putative transport protein YdiK
ANT_1_01076	gene	3057				
ANT_1_01076	CDS	3057			COG0247	putative protein
ANT_1_01077	gene	414	menI_1			
ANT_1_01077	CDS	414	menI_1	3.1.2.28	COG2050	1,4-dihydroxy-2-naphthoyl-CoA hydrolase
ANT_1_01078	gene	405				
ANT_1_01078	CDS	405				hypothetical protein
ANT_1_01079	gene	375	sufA			
ANT_1_01079	CDS	375	sufA		COG0316	Protein SufA
ANT_1_01080	gene	1494	sufB			
ANT_1_01080	CDS	1494	sufB		COG0719	FeS cluster assembly protein SufB
ANT_1_01081	gene	747	sufC			
ANT_1_01081	CDS	747	sufC		COG0396	putative ATP-dependent transporter SufC
ANT_1_01082	gene	1281	sufD			
ANT_1_01082	CDS	1281	sufD		COG0719	FeS cluster assembly protein SufD
ANT_1_01083	gene	1221	sufS			
ANT_1_01083	CDS	1221	sufS	2.8.1.7	COG0520	Cysteine desulfurase
ANT_1_01084	gene	423	sufE			
ANT_1_01084	CDS	423	sufE		COG2166	Cysteine desulfuration protein SufE
ANT_1_01085	gene	1032	ycfS			
ANT_1_01085	CDS	1032	ycfS	2.-.-.-	COG1376	putative L,D-transpeptidase YcfS
ANT_1_01086	gene	237	lpp1			
ANT_1_01086	CDS	237	lpp1			Major outer membrane lipoprotein Lpp 1
ANT_1_01087	gene	1413	pykF			
ANT_1_01087	CDS	1413	pykF	2.7.1.40	COG0469	Pyruvate kinase I
ANT_1_01088	gene	77				
ANT_1_01088	tRNA	77				tRNA-Val(gac)
ANT_1_01089	gene	77				
ANT_1_01089	tRNA	77				tRNA-Val(gac)
ANT_1_01090	gene	1374	mdtK			
ANT_1_01090	CDS	1374	mdtK		COG0534	Multidrug resistance protein MdtK
ANT_1_01091	gene	666	ribC			
ANT_1_01091	CDS	666	ribC	2.5.1.9	COG0307	Riboflavin synthase
ANT_1_01092	gene	1149	cfa			
ANT_1_01092	CDS	1149	cfa	2.1.1.79	COG2230	Cyclopropane-fatty-acyl-phospholipid synthase
ANT_1_01093	gene	1194	ydhC			
ANT_1_01093	CDS	1194	ydhC			Inner membrane transport protein YdhC
ANT_1_01094	gene	933	allS			
ANT_1_01094	CDS	933	allS			HTH-type transcriptional activator AllS
ANT_1_01095	gene	1026	purR_1			
ANT_1_01095	CDS	1026	purR_1		COG1609	HTH-type transcriptional repressor PurR
ANT_1_01096	gene	90				
ANT_1_01096	CDS	90				hypothetical protein
ANT_1_01097	gene	882	mepH			
ANT_1_01097	CDS	882	mepH	3.4.-.-	COG0791	Murein DD-endopeptidase MepH
ANT_1_01098	gene	339	grxD			
ANT_1_01098	CDS	339	grxD		COG0278	Glutaredoxin 4
ANT_1_01099	gene	672	rnt			
ANT_1_01099	CDS	672	rnt	3.1.13.-	COG0847	Ribonuclease T
ANT_1_01100	gene	408	gloA			
ANT_1_01100	CDS	408	gloA	4.4.1.5	COG0346	Lactoylglutathione lyase
ANT_1_01101	gene	1101	nemA_1			
ANT_1_01101	CDS	1101	nemA_1	1.3.1.-	COG1902	N-ethylmaleimide reductase
ANT_1_01102	gene	591	nemR			
ANT_1_01102	CDS	591	nemR			HTH-type transcriptional repressor NemR
ANT_1_01103	gene	1638	eptA			
ANT_1_01103	CDS	1638	eptA	2.7.-.-	COG2194	Phosphoethanolamine transferase EptA
ANT_1_01104	gene	645				
ANT_1_01104	CDS	645				hypothetical protein
ANT_1_01105	gene	915	dmlR_2			
ANT_1_01105	CDS	915	dmlR_2			HTH-type transcriptional regulator DmlR
ANT_1_01106	gene	240				
ANT_1_01106	CDS	240				hypothetical protein
ANT_1_01107	gene	897	ydhF			
ANT_1_01107	CDS	897	ydhF	1.-.-.-	COG4989	Oxidoreductase YdhF
ANT_1_01108	gene	2016	aaeB_1			
ANT_1_01108	CDS	2016	aaeB_1			p-hydroxybenzoic acid efflux pump subunit AaeB
ANT_1_01109	gene	858	aaeA_1			
ANT_1_01109	CDS	858	aaeA_1		COG1566	p-hydroxybenzoic acid efflux pump subunit AaeA
ANT_1_01110	gene	237				
ANT_1_01110	CDS	237				hypothetical protein
ANT_1_01111	gene	438	slyA_1			
ANT_1_01111	CDS	438	slyA_1		COG1846	Transcriptional regulator SlyA
ANT_1_01112	gene	471	slyB			
ANT_1_01112	CDS	471	slyB		COG3133	Outer membrane lipoprotein SlyB
ANT_1_01113	gene	1119	anmK			
ANT_1_01113	CDS	1119	anmK	2.7.1.170	COG2377	Anhydro-N-acetylmuramic acid kinase
ANT_1_01114	gene	321	mliC			
ANT_1_01114	CDS	321	mliC		COG3895	Membrane-bound lysozyme inhibitor of C-type lysozyme
ANT_1_01115	gene	657	pdxH			
ANT_1_01115	CDS	657	pdxH	1.4.3.5	COG0259	Pyridoxine/pyridoxamine 5'-phosphate oxidase
ANT_1_01116	gene	1275	tyrS			
ANT_1_01116	CDS	1275	tyrS	6.1.1.1	COG0162	Tyrosine--tRNA ligase
ANT_1_01117	gene	861	pdxY			
ANT_1_01117	CDS	861	pdxY	2.7.1.35	COG2240	Pyridoxal kinase PdxY
ANT_1_01118	gene	606	gstA			
ANT_1_01118	CDS	606	gstA	2.5.1.18	COG0625	Glutathione S-transferase GstA
ANT_1_01119	gene	918	pgrR_5			
ANT_1_01119	CDS	918	pgrR_5			HTH-type transcriptional regulator PgrR
ANT_1_01120	gene	618				
ANT_1_01120	CDS	618				hypothetical protein
ANT_1_01121	gene	891				
ANT_1_01121	CDS	891				hypothetical protein
ANT_1_01122	gene	1494	dtpA_1			
ANT_1_01122	CDS	1494	dtpA_1		COG3104	Dipeptide and tripeptide permease A
ANT_1_01123	gene	600	betI_2			
ANT_1_01123	CDS	600	betI_2		COG1309	HTH-type transcriptional regulator BetI
ANT_1_01124	gene	1467	betB			
ANT_1_01124	CDS	1467	betB	1.2.1.8	COG1012	NAD/NADP-dependent betaine aldehyde dehydrogenase
ANT_1_01125	gene	1647	betA			
ANT_1_01125	CDS	1647	betA	1.1.99.1	COG2303	Oxygen-dependent choline dehydrogenase
ANT_1_01126	gene	636	cynT			
ANT_1_01126	CDS	636	cynT	4.2.1.1	COG0288	Carbonic anhydrase 1
ANT_1_01127	gene	636	nth			
ANT_1_01127	CDS	636	nth	4.2.99.18	COG0177	Endonuclease III
ANT_1_01128	gene	702	rnfE			
ANT_1_01128	CDS	702	rnfE	7.-.-.-	COG4660	Ion-translocating oxidoreductase complex subunit E
ANT_1_01129	gene	633	rsxG			
ANT_1_01129	CDS	633	rsxG	7.-.-.-	COG4659	Ion-translocating oxidoreductase complex subunit G
ANT_1_01130	gene	1062	rsxD			
ANT_1_01130	CDS	1062	rsxD	7.-.-.-	COG4658	Ion-translocating oxidoreductase complex subunit D
ANT_1_01131	gene	2175	rsxC			
ANT_1_01131	CDS	2175	rsxC	7.-.-.-	COG4656	Ion-translocating oxidoreductase complex subunit C
ANT_1_01132	gene	576	rsxB			
ANT_1_01132	CDS	576	rsxB	7.-.-.-	COG2878	Ion-translocating oxidoreductase complex subunit B
ANT_1_01133	gene	582	rsxA			
ANT_1_01133	CDS	582	rsxA	7.-.-.-	COG4657	Ion-translocating oxidoreductase complex subunit A
ANT_1_01134	gene	420	ydgK			
ANT_1_01134	CDS	420	ydgK			Inner membrane protein YdgK
ANT_1_01135	gene	216	cnu			
ANT_1_01135	CDS	216	cnu			OriC-binding nucleoid-associated protein
ANT_1_01136	gene	957	ytfQ			
ANT_1_01136	CDS	957	ytfQ			ABC transporter periplasmic-binding protein YtfQ
ANT_1_01137	gene	1524	fruK			
ANT_1_01137	CDS	1524	fruK	7.5.2.-	COG1129	Fructose import ATP-binding protein FruK
ANT_1_01138	gene	1020	ytfT			
ANT_1_01138	CDS	1020	ytfT			Inner membrane ABC transporter permease protein YtfT
ANT_1_01139	gene	987	yjfF			
ANT_1_01139	CDS	987	yjfF			Inner membrane ABC transporter permease protein YjfF
ANT_1_01140	gene	1506	araA			
ANT_1_01140	CDS	1506	araA	5.3.1.4	COG2160	L-arabinose isomerase
ANT_1_01141	gene	1686	araB_2			
ANT_1_01141	CDS	1686	araB_2	2.7.1.16	COG1069	Ribulokinase
ANT_1_01142	gene	984	araF			
ANT_1_01142	CDS	984	araF		COG1879	L-arabinose-binding periplasmic protein
ANT_1_01143	gene	1524	araG_1			
ANT_1_01143	CDS	1524	araG_1	7.5.2.12	COG1129	Arabinose import ATP-binding protein AraG
ANT_1_01144	gene	981	araH			
ANT_1_01144	CDS	981	araH		COG1172	L-arabinose transport system permease protein AraH
ANT_1_01145	gene	918	araC			
ANT_1_01145	CDS	918	araC			Arabinose operon regulatory protein
ANT_1_01146	gene	1041	ydgJ			
ANT_1_01146	CDS	1041	ydgJ	1.-.-.-	COG0673	putative oxidoreductase YdgJ
ANT_1_01147	gene	999	add			
ANT_1_01147	CDS	999	add	3.5.4.4	COG1816	Adenosine deaminase
ANT_1_01148	gene	1344				
ANT_1_01148	CDS	1344				hypothetical protein
ANT_1_01149	gene	1503	ydgA			
ANT_1_01149	CDS	1503	ydgA		COG5339	Protein YdgA
ANT_1_01150	gene	1173	manA			
ANT_1_01150	CDS	1173	manA	5.3.1.8	COG1482	Mannose-6-phosphate isomerase
ANT_1_01151	gene	1398	fumC			
ANT_1_01151	CDS	1398	fumC	4.2.1.2	COG0114	Fumarate hydratase class II
ANT_1_01152	gene	930	tus			
ANT_1_01152	CDS	930	tus			DNA replication terminus site-binding protein
ANT_1_01153	gene	975				
ANT_1_01153	CDS	975		1.3.1.103		2-haloacrylate reductase
ANT_1_01154	gene	867				
ANT_1_01154	CDS	867				hypothetical protein
ANT_1_01155	gene	1269	ynfM			
ANT_1_01155	CDS	1269	ynfM			Inner membrane transport protein YnfM
ANT_1_01156	gene	900	benM			
ANT_1_01156	CDS	900	benM			HTH-type transcriptional regulator BenM
ANT_1_01157	gene	1218	mlc			
ANT_1_01157	CDS	1218	mlc		COG1940	Protein mlc
ANT_1_01158	gene	666	bioD1_1			
ANT_1_01158	CDS	666	bioD1_1	6.3.3.3	COG0132	ATP-dependent dethiobiotin synthetase BioD 1
ANT_1_01159	gene	1395	bglB			
ANT_1_01159	CDS	1395	bglB	3.2.1.86	COG2723	6-phospho-beta-glucosidase BglB
ANT_1_01160	gene	1881	bglF_2			
ANT_1_01160	CDS	1881	bglF_2		COG1263	PTS system beta-glucoside-specific EIIBCA component
ANT_1_01161	gene	984	zntB_1			
ANT_1_01161	CDS	984	zntB_1		COG0598	Zinc transport protein ZntB
ANT_1_01162	gene	150				
ANT_1_01162	CDS	150				hypothetical protein
ANT_1_01163	gene	894	ttcA			
ANT_1_01163	CDS	894	ttcA	2.8.1.-	COG0037	tRNA-cytidine(32) 2-sulfurtransferase
ANT_1_01164	gene	132				
ANT_1_01164	CDS	132				hypothetical protein
ANT_1_01165	gene	1380	dbpA			
ANT_1_01165	CDS	1380	dbpA	3.6.4.13	COG0513	ATP-dependent RNA helicase DbpA
ANT_1_01166	gene	288				
ANT_1_01166	CDS	288		1.-.-.-	COG1359	Putative monooxygenase
ANT_1_01167	gene	657				
ANT_1_01167	CDS	657				hypothetical protein
ANT_1_01168	gene	273				
ANT_1_01168	CDS	273				hypothetical protein
ANT_1_01169	gene	996	ldhA			
ANT_1_01169	CDS	996	ldhA	1.1.1.28	COG1052	D-lactate dehydrogenase
ANT_1_01170	gene	2631				
ANT_1_01170	CDS	2631				hypothetical protein
ANT_1_01171	gene	192				
ANT_1_01171	CDS	192				hypothetical protein
ANT_1_01172	gene	324				
ANT_1_01172	CDS	324				hypothetical protein
ANT_1_01173	gene	606	azoR			
ANT_1_01173	CDS	606	azoR	1.7.1.17	COG1182	FMN-dependent NADH-azoreductase
ANT_1_01174	gene	3900				
ANT_1_01174	CDS	3900				hypothetical protein
ANT_1_01175	gene	807				
ANT_1_01175	CDS	807				hypothetical protein
ANT_1_01176	gene	537				
ANT_1_01176	CDS	537				hypothetical protein
ANT_1_01177	gene	1485				
ANT_1_01177	CDS	1485		3.4.17.19	COG2317	Thermostable carboxypeptidase 1
ANT_1_01178	gene	1290	rstB			
ANT_1_01178	CDS	1290	rstB	2.7.13.3		Sensor protein RstB
ANT_1_01179	gene	729	rstA			
ANT_1_01179	CDS	729	rstA		COG0745	Transcriptional regulatory protein RstA
ANT_1_01180	gene	414				
ANT_1_01180	CDS	414				hypothetical protein
ANT_1_01181	gene	1392	ydgI			
ANT_1_01181	CDS	1392	ydgI		COG0531	Putative arginine/ornithine antiporter
ANT_1_01182	gene	951	ydgH			
ANT_1_01182	CDS	951	ydgH			Protein YdgH
ANT_1_01183	gene	1530	pntA			
ANT_1_01183	CDS	1530	pntA	7.1.1.1	COG3288	NAD(P) transhydrogenase subunit alpha
ANT_1_01184	gene	1389	pntB			
ANT_1_01184	CDS	1389	pntB	7.1.1.1	COG1282	NAD(P) transhydrogenase subunit beta
ANT_1_01185	gene	267				
ANT_1_01185	CDS	267				hypothetical protein
ANT_1_01186	gene	1983	cirA			
ANT_1_01186	CDS	1983	cirA		COG4771	Colicin I receptor
ANT_1_01187	gene	492				
ANT_1_01187	CDS	492				hypothetical protein
ANT_1_01188	gene	951	uspE			
ANT_1_01188	CDS	951	uspE		COG0589	Universal stress protein E
ANT_1_01189	gene	756	fnr			
ANT_1_01189	CDS	756	fnr		COG0664	Fumarate and nitrate reduction regulatory protein
ANT_1_01190	gene	567	smrA			
ANT_1_01190	CDS	567	smrA	3.1.-.-	COG2840	putative DNA endonuclease SmrA
ANT_1_01191	gene	924	catM_1			
ANT_1_01191	CDS	924	catM_1			HTH-type transcriptional regulator CatM
ANT_1_01192	gene	1326	pcaK			
ANT_1_01192	CDS	1326	pcaK		COG0477	4-hydroxybenzoate transporter PcaK
ANT_1_01193	gene	435				
ANT_1_01193	CDS	435				hypothetical protein
ANT_1_01194	gene	1530	pnbA			
ANT_1_01194	CDS	1530	pnbA	3.1.1.-	COG2272	Para-nitrobenzyl esterase
ANT_1_01195	gene	1647				
ANT_1_01195	CDS	1647				hypothetical protein
ANT_1_01196	gene	852	gcvA_1			
ANT_1_01196	CDS	852	gcvA_1			Glycine cleavage system transcriptional activator
ANT_1_01197	gene	1170	ybdL_1			
ANT_1_01197	CDS	1170	ybdL_1	2.6.1.88	COG0436	Methionine aminotransferase
ANT_1_01198	gene	777	argT_1			
ANT_1_01198	CDS	777	argT_1		COG0834	Lysine/arginine/ornithine-binding periplasmic protein
ANT_1_01199	gene	1233	pepT_1			
ANT_1_01199	CDS	1233	pepT_1	3.4.11.4	COG2195	Peptidase T
ANT_1_01200	gene	1593	dppA_2			
ANT_1_01200	CDS	1593	dppA_2		COG0747	Periplasmic dipeptide transport protein
ANT_1_01201	gene	924	cynR_1			
ANT_1_01201	CDS	924	cynR_1			HTH-type transcriptional regulator CynR
ANT_1_01202	gene	1425	dapE_2			
ANT_1_01202	CDS	1425	dapE_2	3.5.1.18		Succinyl-diaminopimelate desuccinylase
ANT_1_01203	gene	1272	proP_2			
ANT_1_01203	CDS	1272	proP_2			Proline/betaine transporter
ANT_1_01204	gene	2097	iutA			
ANT_1_01204	CDS	2097	iutA			Ferric aerobactin receptor
ANT_1_01205	gene	915	yfiY			
ANT_1_01205	CDS	915	yfiY		COG0614	putative siderophore-binding lipoprotein YfiY
ANT_1_01206	gene	990	yfiZ_2			
ANT_1_01206	CDS	990	yfiZ_2		COG0609	putative siderophore transport system permease protein YfiZ
ANT_1_01207	gene	1041	yfhA			
ANT_1_01207	CDS	1041	yfhA		COG0609	putative siderophore transport system permease protein YfhA
ANT_1_01208	gene	789	yusV_2			
ANT_1_01208	CDS	789	yusV_2		COG1120	putative siderophore transport system ATP-binding protein YusV
ANT_1_01209	gene	441				
ANT_1_01209	CDS	441				hypothetical protein
ANT_1_01210	gene	369				
ANT_1_01210	CDS	369				hypothetical protein
ANT_1_01211	gene	207				
ANT_1_01211	CDS	207				hypothetical protein
ANT_1_01212	gene	270				
ANT_1_01212	CDS	270				hypothetical protein
ANT_1_01213	gene	1959				
ANT_1_01213	CDS	1959				hypothetical protein
ANT_1_01214	gene	210				
ANT_1_01214	CDS	210				hypothetical protein
ANT_1_01215	gene	1254	entS_1			
ANT_1_01215	CDS	1254	entS_1		COG0477	Enterobactin exporter EntS
ANT_1_01216	gene	1188	lysN_1			
ANT_1_01216	CDS	1188	lysN_1	2.6.1.39	COG1167	2-aminoadipate transaminase
ANT_1_01217	gene	1158	hpxO_2			
ANT_1_01217	CDS	1158	hpxO_2	1.14.13.113	COG0654	FAD-dependent urate hydroxylase
ANT_1_01218	gene	633				
ANT_1_01218	CDS	633				hypothetical protein
ANT_1_01219	gene	447				
ANT_1_01219	CDS	447				hypothetical protein
ANT_1_01220	gene	426				
ANT_1_01220	CDS	426				hypothetical protein
ANT_1_01221	gene	1275	gdhA_2			
ANT_1_01221	CDS	1275	gdhA_2	1.4.1.3	COG0334	Glutamate dehydrogenase
ANT_1_01222	gene	1341	dsdA			
ANT_1_01222	CDS	1341	dsdA	4.3.1.18	COG3048	D-serine dehydratase
ANT_1_01223	gene	1200	fabV			
ANT_1_01223	CDS	1200	fabV	1.3.1.9	COG3007	Enoyl-[acyl-carrier-protein] reductase [NADH]
ANT_1_01224	gene	345				
ANT_1_01224	CDS	345				hypothetical protein
ANT_1_01225	gene	558				
ANT_1_01225	CDS	558				hypothetical protein
ANT_1_01226	gene	1020				
ANT_1_01226	CDS	1020				hypothetical protein
ANT_1_01227	gene	1005	iolG_2			
ANT_1_01227	CDS	1005	iolG_2	1.1.1.18	COG0673	Myo-inositol 2-dehydrogenase
ANT_1_01228	gene	1032	iolU_1			
ANT_1_01228	CDS	1032	iolU_1	1.1.1.371	COG0673	scyllo-inositol 2-dehydrogenase (NADP(+)) IolU
ANT_1_01229	gene	918				
ANT_1_01229	CDS	918				hypothetical protein
ANT_1_01230	gene	1341	moxC			
ANT_1_01230	CDS	1341	moxC	1.14.-.-	COG2141	Putative monooxygenase MoxC
ANT_1_01231	gene	1029	xecA1			
ANT_1_01231	CDS	1029	xecA1	4.4.1.23		2-hydroxypropyl-CoM lyase
ANT_1_01232	gene	978				
ANT_1_01232	CDS	978				hypothetical protein
ANT_1_01233	gene	480				
ANT_1_01233	CDS	480				hypothetical protein
ANT_1_01234	gene	2394				
ANT_1_01234	CDS	2394				hypothetical protein
ANT_1_01235	gene	297				
ANT_1_01235	CDS	297				hypothetical protein
ANT_1_01236	gene	876	ssuA_1			
ANT_1_01236	CDS	876	ssuA_1			Putative aliphatic sulfonates-binding protein
ANT_1_01237	gene	891				
ANT_1_01237	CDS	891				hypothetical protein
ANT_1_01238	gene	1440	aldA			
ANT_1_01238	CDS	1440	aldA	1.2.1.22	COG1012	Lactaldehyde dehydrogenase
ANT_1_01239	gene	144				
ANT_1_01239	CDS	144				hypothetical protein
ANT_1_01240	gene	1035	rhaT			
ANT_1_01240	CDS	1035	rhaT		COG0697	L-rhamnose-proton symporter
ANT_1_01241	gene	855	rhaR_2			
ANT_1_01241	CDS	855	rhaR_2			HTH-type transcriptional activator RhaR
ANT_1_01242	gene	825	rhaS_1			
ANT_1_01242	CDS	825	rhaS_1			HTH-type transcriptional activator RhaS
ANT_1_01243	gene	1473	rhaB			
ANT_1_01243	CDS	1473	rhaB	2.7.1.5	COG1070	L-Rhamnulokinase
ANT_1_01244	gene	1257	rhaA			
ANT_1_01244	CDS	1257	rhaA	5.3.1.14	COG4806	L-rhamnose isomerase
ANT_1_01245	gene	843	rhaD			
ANT_1_01245	CDS	843	rhaD	4.1.2.19	COG0235	Rhamnulose-1-phosphate aldolase
ANT_1_01246	gene	294	rhaM			
ANT_1_01246	CDS	294	rhaM	5.1.3.32	COG3254	L-rhamnose mutarotase
ANT_1_01247	gene	663	yhfK			
ANT_1_01247	CDS	663	yhfK	4.-.-.-	COG0702	putative sugar epimerase YhfK
ANT_1_01248	gene	657				
ANT_1_01248	CDS	657				hypothetical protein
ANT_1_01249	gene	360				
ANT_1_01249	CDS	360				hypothetical protein
ANT_1_01250	gene	1275	proP_3			
ANT_1_01250	CDS	1275	proP_3			Proline/betaine transporter
ANT_1_01251	gene	1059				
ANT_1_01251	CDS	1059				hypothetical protein
ANT_1_01252	gene	816				
ANT_1_01252	CDS	816				hypothetical protein
ANT_1_01253	gene	819	btuD_4			
ANT_1_01253	CDS	819	btuD_4	7.6.2.8		Vitamin B12 import ATP-binding protein BtuD
ANT_1_01254	gene	708				
ANT_1_01254	CDS	708				hypothetical protein
ANT_1_01255	gene	636				
ANT_1_01255	CDS	636				hypothetical protein
ANT_1_01256	gene	3597	carB_1			
ANT_1_01256	CDS	3597	carB_1			Carbamoyl-phosphate synthase large chain
ANT_1_01257	gene	88				
ANT_1_01257	rRNA	88				5S ribosomal RNA (partial)
ANT_1_01258	gene	582	mobA			
ANT_1_01258	CDS	582	mobA	2.7.7.77	COG0746	Molybdenum cofactor guanylyltransferase
ANT_1_01259	gene	270	yihD			
ANT_1_01259	CDS	270	yihD		COG3084	Protein YihD
ANT_1_01260	gene	993	rdoA			
ANT_1_01260	CDS	993	rdoA	2.7.11.1	COG2334	Serine/threonine protein kinase RdoA
ANT_1_01261	gene	630	dsbA			
ANT_1_01261	CDS	630	dsbA		COG0526	Thiol:disulfide interchange protein DsbA
ANT_1_01262	gene	2793	polA			
ANT_1_01262	CDS	2793	polA	2.7.7.7	COG0258	DNA polymerase I
ANT_1_01263	gene	642	engB			
ANT_1_01263	CDS	642	engB		COG0218	putative GTP-binding protein EngB
ANT_1_01264	gene	528	yihI			
ANT_1_01264	CDS	528	yihI		COG3078	Der GTPase-activating protein YihI
ANT_1_01265	gene	1374	hemN			
ANT_1_01265	CDS	1374	hemN	1.3.98.3	COG0635	Oxygen-independent coproporphyrinogen III oxidase
ANT_1_01266	gene	1410	ntrC			
ANT_1_01266	CDS	1410	ntrC		COG2204	DNA-binding transcriptional regulator NtrC
ANT_1_01267	gene	1050	glnL			
ANT_1_01267	CDS	1050	glnL	2.7.13.3	COG3852	Sensory histidine kinase/phosphatase NtrB
ANT_1_01268	gene	1410	glnA			
ANT_1_01268	CDS	1410	glnA	6.3.1.2	COG0174	Glutamine synthetase
ANT_1_01269	gene	1824	typA			
ANT_1_01269	CDS	1824	typA		COG1217	GTP-binding protein TypA/BipA
ANT_1_01270	gene	597	yihX			
ANT_1_01270	CDS	597	yihX	3.1.3.10	COG1011	Alpha-D-glucose 1-phosphate phosphatase YihX
ANT_1_01271	gene	873				
ANT_1_01271	CDS	873				hypothetical protein
ANT_1_01272	gene	438	dtd			
ANT_1_01272	CDS	438	dtd	3.1.1.96	COG1490	D-aminoacyl-tRNA deacylase
ANT_1_01273	gene	939				
ANT_1_01273	CDS	939				hypothetical protein
ANT_1_01274	gene	870	rluF			
ANT_1_01274	CDS	870	rluF	5.4.99.-	COG1187	Dual-specificity RNA pseudouridine synthase RluF
ANT_1_01275	gene	1683				
ANT_1_01275	CDS	1683				hypothetical protein
ANT_1_01276	gene	1389	xanP			
ANT_1_01276	CDS	1389	xanP		COG2233	Xanthine permease XanP
ANT_1_01277	gene	2082	recG			
ANT_1_01277	CDS	2082	recG	3.6.4.12	COG1200	ATP-dependent DNA helicase RecG
ANT_1_01278	gene	696	trmH			
ANT_1_01278	CDS	696	trmH	2.1.1.34	COG0566	tRNA (guanosine(18)-2'-O)-methyltransferase
ANT_1_01279	gene	2124	spoT			
ANT_1_01279	CDS	2124	spoT		COG0317	Bifunctional (p)ppGpp synthase/hydrolase SpoT
ANT_1_01280	gene	276	rpoZ			
ANT_1_01280	CDS	276	rpoZ	2.7.7.6	COG1758	DNA-directed RNA polymerase subunit omega
ANT_1_01281	gene	624	gmk			
ANT_1_01281	CDS	624	gmk	2.7.4.8	COG0194	Guanylate kinase
ANT_1_01282	gene	1671	ligB			
ANT_1_01282	CDS	1671	ligB	6.5.1.2	COG0272	DNA ligase B
ANT_1_01283	gene	618				
ANT_1_01283	CDS	618				hypothetical protein
ANT_1_01284	gene	645	rcsB_1			
ANT_1_01284	CDS	645	rcsB_1		COG2197	Transcriptional regulatory protein RcsB
ANT_1_01285	gene	1317	tolC_1			
ANT_1_01285	CDS	1317	tolC_1			Outer membrane protein TolC
ANT_1_01286	gene	1263	cvaA			
ANT_1_01286	CDS	1263	cvaA		COG0845	Colicin V secretion protein CvaA
ANT_1_01287	gene	2145	apxIB			
ANT_1_01287	CDS	2145	apxIB		COG2274	Toxin RTX-I translocation ATP-binding protein
ANT_1_01288	gene	1374	ycaD_1			
ANT_1_01288	CDS	1374	ycaD_1			putative MFS-type transporter YcaD
ANT_1_01289	gene	279				
ANT_1_01289	CDS	279				hypothetical protein
ANT_1_01290	gene	999	iolS			
ANT_1_01290	CDS	999	iolS	1.1.1.-	COG0667	Aldo-keto reductase IolS
ANT_1_01291	gene	1212	sotB_2			
ANT_1_01291	CDS	1212	sotB_2			Sugar efflux transporter B
ANT_1_01292	gene	912	hcaR			
ANT_1_01292	CDS	912	hcaR			Hca operon transcriptional activator HcaR
ANT_1_01293	gene	864				
ANT_1_01293	CDS	864				hypothetical protein
ANT_1_01294	gene	426				
ANT_1_01294	CDS	426				hypothetical protein
ANT_1_01295	gene	1185	nupC_1			
ANT_1_01295	CDS	1185	nupC_1		COG1972	Nucleoside permease NupC
ANT_1_01296	gene	717	rph			
ANT_1_01296	CDS	717	rph	2.7.7.56		Ribonuclease PH
ANT_1_01297	gene	642	pyrE			
ANT_1_01297	CDS	642	pyrE	2.4.2.10	COG0461	Orotate phosphoribosyltransferase
ANT_1_01298	gene	627	slmA			
ANT_1_01298	CDS	627	slmA			Nucleoid occlusion factor SlmA
ANT_1_01299	gene	459	dut			
ANT_1_01299	CDS	459	dut	3.6.1.23	COG0756	Deoxyuridine 5'-triphosphate nucleotidohydrolase
ANT_1_01300	gene	1215	coaBC			
ANT_1_01300	CDS	1215	coaBC		COG0452	Coenzyme A biosynthesis bifunctional protein CoaBC
ANT_1_01301	gene	672				
ANT_1_01301	CDS	672				hypothetical protein
ANT_1_01302	gene	237	rpmB			
ANT_1_01302	CDS	237	rpmB		COG0227	50S ribosomal protein L28
ANT_1_01303	gene	168	rpmG			
ANT_1_01303	CDS	168	rpmG		COG0267	50S ribosomal protein L33
ANT_1_01304	gene	810	mutM			
ANT_1_01304	CDS	810	mutM	3.2.2.23	COG0266	Formamidopyrimidine-DNA glycosylase
ANT_1_01305	gene	477	coaD			
ANT_1_01305	CDS	477	coaD	2.7.7.3	COG0669	Phosphopantetheine adenylyltransferase
ANT_1_01306	gene	777				
ANT_1_01306	CDS	777				hypothetical protein
ANT_1_01307	gene	1275	waaA			
ANT_1_01307	CDS	1275	waaA	2.4.99.12	COG1519	3-deoxy-D-manno-octulosonic acid transferase
ANT_1_01308	gene	1023	rfaQ_1			
ANT_1_01308	CDS	1023	rfaQ_1	2.-.-.-	COG0859	Lipopolysaccharide core heptosyltransferase RfaQ
ANT_1_01309	gene	1098	pglJ			
ANT_1_01309	CDS	1098	pglJ	2.4.1.291	COG0438	N-acetylgalactosamine-N,N'-diacetylbacillosaminyl-diphospho-undecaprenol 4-alpha-N-acetylgalactosaminyltransferase
ANT_1_01310	gene	1128	rfaG			
ANT_1_01310	CDS	1128	rfaG	2.4.-.-		Lipopolysaccharide core biosynthesis protein RfaG
ANT_1_01311	gene	954	rfaQ_2			
ANT_1_01311	CDS	954	rfaQ_2	2.-.-.-	COG0859	Lipopolysaccharide core heptosyltransferase RfaQ
ANT_1_01312	gene	960				
ANT_1_01312	CDS	960				hypothetical protein
ANT_1_01313	gene	1092	rfaF_1			
ANT_1_01313	CDS	1092	rfaF_1	2.-.-.-	COG0859	ADP-heptose--LPS heptosyltransferase 2
ANT_1_01314	gene	1014				
ANT_1_01314	CDS	1014				hypothetical protein
ANT_1_01315	gene	1233	rfaL			
ANT_1_01315	CDS	1233	rfaL			O-antigen ligase
ANT_1_01316	gene	1167	gtfA			
ANT_1_01316	CDS	1167	gtfA	2.4.1.-		UDP-N-acetylglucosamine--peptide N-acetylglucosaminyltransferase GtfA subunit
ANT_1_01317	gene	966	rfaC			
ANT_1_01317	CDS	966	rfaC	2.-.-.-	COG0859	Lipopolysaccharide heptosyltransferase 1
ANT_1_01318	gene	1047	rfaF_2			
ANT_1_01318	CDS	1047	rfaF_2	2.-.-.-	COG0859	ADP-heptose--LPS heptosyltransferase 2
ANT_1_01319	gene	933	hldD			
ANT_1_01319	CDS	933	hldD	5.1.3.20	COG0451	ADP-L-glycero-D-manno-heptose-6-epimerase
ANT_1_01320	gene	1212	kbl			
ANT_1_01320	CDS	1212	kbl	2.3.1.29	COG0156	2-amino-3-ketobutyrate coenzyme A ligase
ANT_1_01321	gene	1029	tdh			
ANT_1_01321	CDS	1029	tdh	1.1.1.103	COG1063	L-threonine 3-dehydrogenase
ANT_1_01322	gene	933				
ANT_1_01322	CDS	933				hypothetical protein
ANT_1_01323	gene	1290	envC			
ANT_1_01323	CDS	1290	envC		COG4942	Murein hydrolase activator EnvC
ANT_1_01324	gene	432	yibN			
ANT_1_01324	CDS	432	yibN		COG0607	putative protein YibN
ANT_1_01325	gene	252	grxC			
ANT_1_01325	CDS	252	grxC		COG0695	Glutaredoxin 3
ANT_1_01326	gene	462	secB			
ANT_1_01326	CDS	462	secB		COG1952	Protein-export protein SecB
ANT_1_01327	gene	1020	gpsA			
ANT_1_01327	CDS	1020	gpsA	1.1.1.94	COG0240	Glycerol-3-phosphate dehydrogenase [NAD(P)+]
ANT_1_01328	gene	822	cysE			
ANT_1_01328	CDS	822	cysE	2.3.1.30	COG1045	Serine acetyltransferase
ANT_1_01329	gene	471	trmL_1			
ANT_1_01329	CDS	471	trmL_1	2.1.1.207	COG0219	tRNA (cytidine(34)-2'-O)-methyltransferase
ANT_1_01330	gene	1380	cpxA			
ANT_1_01330	CDS	1380	cpxA	2.7.13.3		Sensor histidine kinase CpxA
ANT_1_01331	gene	702	cpxR			
ANT_1_01331	CDS	702	cpxR		COG0745	Transcriptional regulatory protein CpxR
ANT_1_01332	gene	510	cpxP			
ANT_1_01332	CDS	510	cpxP		COG3678	Periplasmic protein CpxP
ANT_1_01333	gene	903	fieF			
ANT_1_01333	CDS	903	fieF		COG0053	Ferrous-iron efflux pump FieF
ANT_1_01334	gene	963	pfkA			
ANT_1_01334	CDS	963	pfkA	2.7.1.11	COG0205	ATP-dependent 6-phosphofructokinase isozyme 1
ANT_1_01335	gene	990	sbp			
ANT_1_01335	CDS	990	sbp		COG1613	Sulfate-binding protein
ANT_1_01336	gene	756	cdh			
ANT_1_01336	CDS	756	cdh	3.6.1.26	COG2134	CDP-diacylglycerol pyrophosphatase
ANT_1_01337	gene	1002	yhjD			
ANT_1_01337	CDS	1002	yhjD		COG1295	Inner membrane protein YhjD
ANT_1_01338	gene	900	pgrR_6			
ANT_1_01338	CDS	900	pgrR_6			HTH-type transcriptional regulator PgrR
ANT_1_01339	gene	759	fabG_3			
ANT_1_01339	CDS	759	fabG_3	1.1.1.100		3-oxoacyl-[acyl-carrier-protein] reductase FabG
ANT_1_01340	gene	852	phzF			
ANT_1_01340	CDS	852	phzF	5.3.3.17		Trans-2,3-dihydro-3-hydroxyanthranilate isomerase
ANT_1_01341	gene	624	gstB_2			
ANT_1_01341	CDS	624	gstB_2	2.5.1.18	COG0625	Glutathione S-transferase GstB
ANT_1_01342	gene	1506	norG_1			
ANT_1_01342	CDS	1506	norG_1		COG1167	HTH-type transcriptional regulator NorG
ANT_1_01343	gene	588				
ANT_1_01343	CDS	588				hypothetical protein
ANT_1_01344	gene	1563	mqo_2			
ANT_1_01344	CDS	1563	mqo_2	1.1.5.4	COG0579	Malate:quinone oxidoreductase
ANT_1_01345	gene	456				
ANT_1_01345	CDS	456				hypothetical protein
ANT_1_01346	gene	1392	gabR_1			
ANT_1_01346	CDS	1392	gabR_1		COG1167	HTH-type transcriptional regulatory protein GabR
ANT_1_01347	gene	768	tpiA			
ANT_1_01347	CDS	768	tpiA	5.3.1.1	COG0149	Triosephosphate isomerase
ANT_1_01348	gene	663				
ANT_1_01348	CDS	663				hypothetical protein
ANT_1_01349	gene	444				
ANT_1_01349	CDS	444				hypothetical protein
ANT_1_01350	gene	747	fpr			
ANT_1_01350	CDS	747	fpr	1.18.1.2	COG1018	Flavodoxin/ferredoxin--NADP reductase
ANT_1_01351	gene	1179	emrD			
ANT_1_01351	CDS	1179	emrD			Multidrug resistance protein D
ANT_1_01352	gene	1011	glpX			
ANT_1_01352	CDS	1011	glpX	3.1.3.11	COG1494	Fructose-1,6-bisphosphatase 1 class 2
ANT_1_01353	gene	1515	glpK			
ANT_1_01353	CDS	1515	glpK	2.7.1.30	COG0554	Glycerol kinase
ANT_1_01354	gene	846	glpF			
ANT_1_01354	CDS	846	glpF		COG0580	Glycerol uptake facilitator protein
ANT_1_01355	gene	240	zapB			
ANT_1_01355	CDS	240	zapB		COG3074	Cell division protein ZapB
ANT_1_01356	gene	486	rraA			
ANT_1_01356	CDS	486	rraA		COG0684	Regulator of ribonuclease activity A
ANT_1_01357	gene	927	menA			
ANT_1_01357	CDS	927	menA	2.5.1.74	COG1575	1,4-dihydroxy-2-naphthoate octaprenyltransferase
ANT_1_01358	gene	1335	hslU			
ANT_1_01358	CDS	1335	hslU		COG1220	ATP-dependent protease ATPase subunit HslU
ANT_1_01359	gene	531	hslV			
ANT_1_01359	CDS	531	hslV	3.4.25.2	COG5405	ATP-dependent protease subunit HslV
ANT_1_01360	gene	963	ftsN			
ANT_1_01360	CDS	963	ftsN		COG3087	Cell division protein FtsN
ANT_1_01361	gene	1038	cytR_1			
ANT_1_01361	CDS	1038	cytR_1		COG1609	HTH-type transcriptional repressor CytR
ANT_1_01362	gene	2199	priA			
ANT_1_01362	CDS	2199	priA	3.6.4.-	COG1198	Primosomal protein N'
ANT_1_01363	gene	213	rpmE			
ANT_1_01363	CDS	213	rpmE		COG0254	50S ribosomal protein L31
ANT_1_01364	gene	1089				
ANT_1_01364	CDS	1089				hypothetical protein
ANT_1_01365	gene	876				
ANT_1_01365	CDS	876				hypothetical protein
ANT_1_01366	gene	318	metJ			
ANT_1_01366	CDS	318	metJ		COG3060	Met repressor
ANT_1_01367	gene	1161	metB			
ANT_1_01367	CDS	1161	metB	2.5.1.48	COG0626	Cystathionine gamma-synthase
ANT_1_01368	gene	2436	metL			
ANT_1_01368	CDS	2436	metL		COG0460	Bifunctional aspartokinase/homoserine dehydrogenase 2
ANT_1_01369	gene	900	metF			
ANT_1_01369	CDS	900	metF	1.5.1.20	COG0685	5,10-methylenetetrahydrofolate reductase
ANT_1_01370	gene	2652	ppc			
ANT_1_01370	CDS	2652	ppc	4.1.1.31	COG2352	Phosphoenolpyruvate carboxylase
ANT_1_01371	gene	1152	argE			
ANT_1_01371	CDS	1152	argE	3.5.1.16	COG0624	Acetylornithine deacetylase
ANT_1_01372	gene	777	argB			
ANT_1_01372	CDS	777	argB	2.7.2.8	COG0548	Acetylglutamate kinase
ANT_1_01373	gene	1215	argG			
ANT_1_01373	CDS	1215	argG	6.3.4.5	COG0137	Argininosuccinate synthase
ANT_1_01374	gene	1374	argH			
ANT_1_01374	CDS	1374	argH	4.3.2.1	COG0165	Argininosuccinate lyase
ANT_1_01375	gene	732	PGdx			
ANT_1_01375	CDS	732	PGdx	1.11.1.15	COG0678	Hybrid peroxiredoxin hyPrx5
ANT_1_01376	gene	921	oxyR_3			
ANT_1_01376	CDS	921	oxyR_3			Hydrogen peroxide-inducible genes activator
ANT_1_01377	gene	1401	sthA			
ANT_1_01377	CDS	1401	sthA	1.6.1.1	COG1249	Soluble pyridine nucleotide transhydrogenase
ANT_1_01378	gene	642	fabR			
ANT_1_01378	CDS	642	fabR		COG1309	HTH-type transcriptional repressor FabR
ANT_1_01379	gene	357	yijD			
ANT_1_01379	CDS	357	yijD			Inner membrane protein YijD
ANT_1_01380	gene	1101	trmA			
ANT_1_01380	CDS	1101	trmA	2.1.1.-	COG2265	tRNA/tmRNA (uracil-C(5))-methyltransferase
ANT_1_01381	gene	1887	btuB			
ANT_1_01381	CDS	1887	btuB		COG4206	Vitamin B12 transporter BtuB
ANT_1_01382	gene	867	murI			
ANT_1_01382	CDS	867	murI	5.1.1.3	COG0796	Glutamate racemase
ANT_1_01383	gene	76				
ANT_1_01383	tRNA	76				tRNA-Thr(ggt)
ANT_1_01384	gene	75				
ANT_1_01384	tRNA	75				tRNA-Gly(tcc)
ANT_1_01385	gene	85				
ANT_1_01385	tRNA	85				tRNA-Tyr(gta)
ANT_1_01386	gene	76				
ANT_1_01386	tRNA	76				tRNA-Thr(tgt)
ANT_1_01387	gene	951	coaA			
ANT_1_01387	CDS	951	coaA	2.7.1.33		Pantothenate kinase
ANT_1_01388	gene	963	birA			
ANT_1_01388	CDS	963	birA	6.3.4.15	COG0340	Bifunctional ligase/repressor BirA
ANT_1_01389	gene	1038	murB			
ANT_1_01389	CDS	1038	murB	1.3.1.98	COG0812	UDP-N-acetylenolpyruvoylglucosamine reductase
ANT_1_01390	gene	88				
ANT_1_01390	rRNA	88				5S ribosomal RNA (partial)
ANT_1_01391	gene	969				
ANT_1_01391	CDS	969				hypothetical protein
ANT_1_01392	gene	723	fliA			
ANT_1_01392	CDS	723	fliA		COG1191	RNA polymerase sigma factor FliA
ANT_1_01393	gene	504	fliZ			
ANT_1_01393	CDS	504	fliZ			Regulator of sigma S factor FliZ
ANT_1_01394	gene	978	dcyD			
ANT_1_01394	CDS	978	dcyD	4.4.1.15	COG2515	D-cysteine desulfhydrase
ANT_1_01395	gene	1095	ycfT_1			
ANT_1_01395	CDS	1095	ycfT_1		COG4763	Inner membrane protein YcfT
ANT_1_01396	gene	1074	ycfT_2			
ANT_1_01396	CDS	1074	ycfT_2		COG4763	Inner membrane protein YcfT
ANT_1_01397	gene	756	catD			
ANT_1_01397	CDS	756	catD	3.1.1.24	COG0596	3-oxoadipate enol-lactonase 2
ANT_1_01398	gene	3948	putA			
ANT_1_01398	CDS	3948	putA		COG0506	Bifunctional protein PutA
ANT_1_01399	gene	1485	putP			
ANT_1_01399	CDS	1485	putP		COG0591	Sodium/proline symporter
ANT_1_01400	gene	834	efeU			
ANT_1_01400	CDS	834	efeU		COG0672	Ferrous iron permease EfeU
ANT_1_01401	gene	1128	efeO			
ANT_1_01401	CDS	1128	efeO		COG2822	Iron uptake system component EfeO
ANT_1_01402	gene	1284	efeB			
ANT_1_01402	CDS	1284	efeB	1.11.1.-	COG2837	Deferrochelatase/peroxidase EfeB
ANT_1_01403	gene	789	phoH			
ANT_1_01403	CDS	789	phoH		COG1702	Protein PhoH
ANT_1_01404	gene	741	nfrA2			
ANT_1_01404	CDS	741	nfrA2	1.5.1.39	COG0778	FMN reductase [NAD(P)H]
ANT_1_01405	gene	588	phnL			
ANT_1_01405	CDS	588	phnL	2.7.8.37	COG4778	Alpha-D-ribose 1-methylphosphonate 5-triphosphate synthase subunit PhnL
ANT_1_01406	gene	1137	phnM			
ANT_1_01406	CDS	1137	phnM	3.6.1.63	COG3454	Alpha-D-ribose 1-methylphosphonate 5-triphosphate diphosphatase
ANT_1_01407	gene	540	phnN			
ANT_1_01407	CDS	540	phnN	2.7.4.23	COG3709	Ribose 1,5-bisphosphate phosphokinase PhnN
ANT_1_01408	gene	1488				
ANT_1_01408	CDS	1488				hypothetical protein
ANT_1_01409	gene	354				
ANT_1_01409	CDS	354				hypothetical protein
ANT_1_01410	gene	1389	adhB_2			
ANT_1_01410	CDS	1389	adhB_2	1.1.5.5		Alcohol dehydrogenase (quinone), cytochrome c subunit
ANT_1_01411	gene	675				
ANT_1_01411	CDS	675				hypothetical protein
ANT_1_01412	gene	849	glnQ_2			
ANT_1_01412	CDS	849	glnQ_2			Glutamine transport ATP-binding protein GlnQ
ANT_1_01413	gene	924	phnD			
ANT_1_01413	CDS	924	phnD		COG3221	Phosphate-import protein PhnD
ANT_1_01414	gene	867				
ANT_1_01414	CDS	867				hypothetical protein
ANT_1_01415	gene	885				
ANT_1_01415	CDS	885				hypothetical protein
ANT_1_01416	gene	639	nicS			
ANT_1_01416	CDS	639	nicS			HTH-type transcriptional repressor NicS
ANT_1_01417	gene	765				
ANT_1_01417	CDS	765				hypothetical protein
ANT_1_01418	gene	828	rhaS_2			
ANT_1_01418	CDS	828	rhaS_2			HTH-type transcriptional activator RhaS
ANT_1_01419	gene	1305	melA			
ANT_1_01419	CDS	1305	melA	3.2.1.22	COG1486	Alpha-galactosidase
ANT_1_01420	gene	1443	melB			
ANT_1_01420	CDS	1443	melB		COG2211	Melibiose carrier protein
ANT_1_01421	gene	1524	nikA			
ANT_1_01421	CDS	1524	nikA		COG0747	Nickel-binding periplasmic protein
ANT_1_01422	gene	936	gsiC_2			
ANT_1_01422	CDS	936	gsiC_2		COG0601	Glutathione transport system permease protein GsiC
ANT_1_01423	gene	804	nikC			
ANT_1_01423	CDS	804	nikC		COG1173	Nickel import system permease protein NikC
ANT_1_01424	gene	1431	yejF_2			
ANT_1_01424	CDS	1431	yejF_2		COG4172	putative ABC transporter ATP-binding protein YejF
ANT_1_01425	gene	348				
ANT_1_01425	CDS	348				hypothetical protein
ANT_1_01426	gene	498				
ANT_1_01426	CDS	498				hypothetical protein
ANT_1_01427	gene	3477				
ANT_1_01427	CDS	3477				hypothetical protein
ANT_1_01428	gene	2961				
ANT_1_01428	CDS	2961				hypothetical protein
ANT_1_01429	gene	1710				
ANT_1_01429	CDS	1710				hypothetical protein
ANT_1_01430	gene	1122				
ANT_1_01430	CDS	1122				hypothetical protein
ANT_1_01431	gene	1215	oxyE			
ANT_1_01431	CDS	1215	oxyE	1.14.13.232		6-methylpretetramide 4-monooxygenase
ANT_1_01432	gene	933				
ANT_1_01432	CDS	933			COG0715	Putative thiamine biosynthesis protein
ANT_1_01433	gene	750	ribX			
ANT_1_01433	CDS	750	ribX			Riboflavin transport system permease protein RibX
ANT_1_01434	gene	747	ssuB_1			
ANT_1_01434	CDS	747	ssuB_1	3.6.3.-	COG1116	Aliphatic sulfonates import ATP-binding protein SsuB
ANT_1_01435	gene	702	tenA			
ANT_1_01435	CDS	702	tenA	3.5.99.2	COG0819	Aminopyrimidine aminohydrolase
ANT_1_01436	gene	1938				
ANT_1_01436	CDS	1938				hypothetical protein
ANT_1_01437	gene	954	ccpA_1			
ANT_1_01437	CDS	954	ccpA_1		COG1609	Catabolite control protein A
ANT_1_01438	gene	315	celA_2			
ANT_1_01438	CDS	315	celA_2	2.7.1.205		PTS system cellobiose-specific EIIB component
ANT_1_01439	gene	1335	licC_2			
ANT_1_01439	CDS	1335	licC_2		COG1455	Lichenan permease IIC component
ANT_1_01440	gene	1398	gmuD_1			
ANT_1_01440	CDS	1398	gmuD_1	3.2.1.86	COG2723	6-phospho-beta-glucosidase GmuD
ANT_1_01441	gene	303	chbA_2			
ANT_1_01441	CDS	303	chbA_2		COG1447	PTS system N,N'-diacetylchitobiose-specific EIIA component
ANT_1_01442	gene	1428	lamB_1			
ANT_1_01442	CDS	1428	lamB_1			Maltoporin
ANT_1_01443	gene	1119	malK_1			
ANT_1_01443	CDS	1119	malK_1	7.5.2.1	COG3839	Maltose/maltodextrin import ATP-binding protein MalK
ANT_1_01444	gene	1221	cycB			
ANT_1_01444	CDS	1221	cycB		COG2182	Cyclodextrin-binding protein
ANT_1_01445	gene	1305				
ANT_1_01445	CDS	1305				hypothetical protein
ANT_1_01446	gene	852	araQ_1			
ANT_1_01446	CDS	852	araQ_1		COG0395	L-arabinose transport system permease protein AraQ
ANT_1_01447	gene	1194	ganB			
ANT_1_01447	CDS	1194	ganB	3.2.1.89	COG3867	Arabinogalactan endo-beta-1,4-galactanase
ANT_1_01448	gene	2058	bglY			
ANT_1_01448	CDS	2058	bglY	3.2.1.23	COG1874	Beta-galactosidase BglY
ANT_1_01449	gene	315				
ANT_1_01449	CDS	315				hypothetical protein
ANT_1_01450	gene	1260	lamB_2			
ANT_1_01450	CDS	1260	lamB_2		COG4580	Maltoporin
ANT_1_01451	gene	1071	lacI_1			
ANT_1_01451	CDS	1071	lacI_1		COG1609	Lactose operon repressor
ANT_1_01452	gene	1371				
ANT_1_01452	CDS	1371				hypothetical protein
ANT_1_01453	gene	2727	barA			
ANT_1_01453	CDS	2727	barA	2.7.13.3	COG0784	Signal transduction histidine-protein kinase BarA
ANT_1_01454	gene	1140	garK			
ANT_1_01454	CDS	1140	garK	2.7.1.165	COG1929	Glycerate 2-kinase
ANT_1_01455	gene	450				
ANT_1_01455	CDS	450			COG0716	putative protein
ANT_1_01456	gene	789	truC			
ANT_1_01456	CDS	789	truC	5.4.99.26	COG0564	tRNA pseudouridine synthase C
ANT_1_01457	gene	327	yqcC			
ANT_1_01457	CDS	327	yqcC		COG3098	putative protein YqcC
ANT_1_01458	gene	552	syd			
ANT_1_01458	CDS	552	syd			Protein Syd
ANT_1_01459	gene	846	queF			
ANT_1_01459	CDS	846	queF	1.7.1.13	COG0780	NADPH-dependent 7-cyano-7-deazaguanine reductase
ANT_1_01460	gene	1365	ppnN			
ANT_1_01460	CDS	1365	ppnN	3.2.2.-	COG1611	Pyrimidine/purine nucleotide 5'-monophosphate nucleosidase
ANT_1_01461	gene	756	ygdG			
ANT_1_01461	CDS	756	ygdG	3.1.-.-	COG0258	Flap endonuclease Xni
ANT_1_01462	gene	1101	rlmM			
ANT_1_01462	CDS	1101	rlmM	2.1.1.186	COG2933	Ribosomal RNA large subunit methyltransferase M
ANT_1_01463	gene	396				
ANT_1_01463	CDS	396				hypothetical protein
ANT_1_01464	gene	918	gcvA_2			
ANT_1_01464	CDS	918	gcvA_2			Glycine cleavage system transcriptional activator
ANT_1_01465	gene	225	ygdR_3			
ANT_1_01465	CDS	225	ygdR_3			putative lipoprotein YgdR
ANT_1_01466	gene	1206	csdA			
ANT_1_01466	CDS	1206	csdA	2.8.1.7	COG0520	Cysteine desulfurase CsdA
ANT_1_01467	gene	447	csdE			
ANT_1_01467	CDS	447	csdE		COG2166	Sulfur acceptor protein CsdE
ANT_1_01468	gene	411				
ANT_1_01468	CDS	411				hypothetical protein
ANT_1_01469	gene	822	tcdA			
ANT_1_01469	CDS	822	tcdA	6.1.-.-	COG1179	tRNA threonylcarbamoyladenosine dehydratase
ANT_1_01470	gene	1149	mltA			
ANT_1_01470	CDS	1149	mltA	4.2.2.-	COG2821	Membrane-bound lytic murein transglycosylase A
ANT_1_01471	gene	77				
ANT_1_01471	tRNA	77				tRNA-Met(cat)
ANT_1_01472	gene	1254	amiC_1			
ANT_1_01472	CDS	1254	amiC_1	3.5.1.28	COG0860	N-acetylmuramoyl-L-alanine amidase AmiC
ANT_1_01473	gene	1356	argA			
ANT_1_01473	CDS	1356	argA	2.3.1.1	COG0548	Amino-acid acetyltransferase
ANT_1_01474	gene	2556	mutS			
ANT_1_01474	CDS	2556	mutS		COG0249	DNA mismatch repair protein MutS
ANT_1_01475	gene	678	narI			
ANT_1_01475	CDS	678	narI	1.7.5.1	COG2181	Respiratory nitrate reductase 1 gamma chain
ANT_1_01476	gene	726	narJ			
ANT_1_01476	CDS	726	narJ		COG2180	Nitrate reductase molybdenum cofactor assembly chaperone NarJ
ANT_1_01477	gene	1548	narH			
ANT_1_01477	CDS	1548	narH	1.7.5.1	COG1140	Respiratory nitrate reductase 1 beta chain
ANT_1_01478	gene	3762	narG			
ANT_1_01478	CDS	3762	narG	1.7.5.1	COG5013	Respiratory nitrate reductase 1 alpha chain
ANT_1_01479	gene	1389	narK			
ANT_1_01479	CDS	1389	narK		COG2223	Nitrate/nitrite transporter NarK
ANT_1_01480	gene	696	narL_2			
ANT_1_01480	CDS	696	narL_2		COG2197	Nitrate/nitrite response regulator protein NarL
ANT_1_01481	gene	993	rpoS			
ANT_1_01481	CDS	993	rpoS		COG0568	RNA polymerase sigma factor RpoS
ANT_1_01482	gene	1110	nlpD			
ANT_1_01482	CDS	1110	nlpD			Murein hydrolase activator NlpD
ANT_1_01483	gene	627	pcm			
ANT_1_01483	CDS	627	pcm	2.1.1.77	COG2518	Protein-L-isoaspartate O-methyltransferase
ANT_1_01484	gene	762	surE			
ANT_1_01484	CDS	762	surE	3.1.3.5	COG0496	5'/3'-nucleotidase SurE
ANT_1_01485	gene	3645	bvgS_1			
ANT_1_01485	CDS	3645	bvgS_1	2.7.13.3		Virulence sensor protein BvgS
ANT_1_01486	gene	639				
ANT_1_01486	CDS	639			COG2197	Putative transcriptional regulator
ANT_1_01487	gene	216				
ANT_1_01487	CDS	216				hypothetical protein
ANT_1_01488	gene	795	glnQ_3			
ANT_1_01488	CDS	795	glnQ_3			Glutamine transport ATP-binding protein GlnQ
ANT_1_01489	gene	897				
ANT_1_01489	CDS	897				hypothetical protein
ANT_1_01490	gene	525				
ANT_1_01490	CDS	525				hypothetical protein
ANT_1_01491	gene	942				
ANT_1_01491	CDS	942				hypothetical protein
ANT_1_01492	gene	1131	scmP_1			
ANT_1_01492	CDS	1131	scmP_1	3.5.1.-	COG1473	N-acetylcysteine deacetylase
ANT_1_01493	gene	999				
ANT_1_01493	CDS	999				hypothetical protein
ANT_1_01494	gene	171				
ANT_1_01494	CDS	171				hypothetical protein
ANT_1_01495	gene	723				
ANT_1_01495	CDS	723				hypothetical protein
ANT_1_01496	gene	207				
ANT_1_01496	CDS	207				hypothetical protein
ANT_1_01497	gene	435	arsC_1			
ANT_1_01497	CDS	435	arsC_1	1.20.4.1		Arsenate reductase
ANT_1_01498	gene	690				
ANT_1_01498	CDS	690				hypothetical protein
ANT_1_01499	gene	600				
ANT_1_01499	CDS	600				hypothetical protein
ANT_1_01500	gene	144				
ANT_1_01500	CDS	144				hypothetical protein
ANT_1_01501	gene	609				
ANT_1_01501	CDS	609				hypothetical protein
ANT_1_01502	gene	123				
ANT_1_01502	CDS	123				hypothetical protein
ANT_1_01503	gene	375				
ANT_1_01503	CDS	375				hypothetical protein
ANT_1_01504	gene	1716	pal_2			
ANT_1_01504	CDS	1716	pal_2			Peptidoglycan-associated lipoprotein
ANT_1_01505	gene	654				
ANT_1_01505	CDS	654				hypothetical protein
ANT_1_01506	gene	1338				
ANT_1_01506	CDS	1338				hypothetical protein
ANT_1_01507	gene	207				
ANT_1_01507	CDS	207				hypothetical protein
ANT_1_01508	gene	216				
ANT_1_01508	CDS	216				hypothetical protein
ANT_1_01509	gene	1722	pal_3			
ANT_1_01509	CDS	1722	pal_3			Peptidoglycan-associated lipoprotein
ANT_1_01510	gene	690				
ANT_1_01510	CDS	690				hypothetical protein
ANT_1_01511	gene	1341				
ANT_1_01511	CDS	1341				hypothetical protein
ANT_1_01512	gene	207				
ANT_1_01512	CDS	207				hypothetical protein
ANT_1_01513	gene	183	trg_1			
ANT_1_01513	CDS	183	trg_1		COG0840	Methyl-accepting chemotaxis protein III
ANT_1_01514	gene	465				
ANT_1_01514	CDS	465				hypothetical protein
ANT_1_01515	gene	327				
ANT_1_01515	CDS	327				hypothetical protein
ANT_1_01516	gene	780				
ANT_1_01516	CDS	780				hypothetical protein
ANT_1_01517	gene	666				
ANT_1_01517	CDS	666				hypothetical protein
ANT_1_01518	gene	906	gsiD_2			
ANT_1_01518	CDS	906	gsiD_2		COG1173	Glutathione transport system permease protein GsiD
ANT_1_01519	gene	924	gsiC_3			
ANT_1_01519	CDS	924	gsiC_3		COG0601	Glutathione transport system permease protein GsiC
ANT_1_01520	gene	1536	gsiB_1			
ANT_1_01520	CDS	1536	gsiB_1		COG0747	Glutathione-binding protein GsiB
ANT_1_01521	gene	1851	gsiA_1			
ANT_1_01521	CDS	1851	gsiA_1	7.4.2.10	COG1123	Glutathione import ATP-binding protein GsiA
ANT_1_01522	gene	942	iaaA			
ANT_1_01522	CDS	942	iaaA	3.4.19.5	COG1446	Isoaspartyl peptidase
ANT_1_01523	gene	1236	moeA			
ANT_1_01523	CDS	1236	moeA	2.10.1.1	COG0303	Molybdopterin molybdenumtransferase
ANT_1_01524	gene	771	moeB			
ANT_1_01524	CDS	771	moeB	2.7.7.80	COG0476	Molybdopterin-synthase adenylyltransferase
ANT_1_01525	gene	1566				
ANT_1_01525	CDS	1566				hypothetical protein
ANT_1_01526	gene	1593	ybiT			
ANT_1_01526	CDS	1593	ybiT		COG0488	putative ABC transporter ATP-binding protein YbiT
ANT_1_01527	gene	1491	iolT_1			
ANT_1_01527	CDS	1491	iolT_1			Major myo-inositol transporter IolT
ANT_1_01528	gene	1551	oprM_1			
ANT_1_01528	CDS	1551	oprM_1		COG1538	Outer membrane protein OprM
ANT_1_01529	gene	1569	emrB_1			
ANT_1_01529	CDS	1569	emrB_1			Multidrug export protein EmrB
ANT_1_01530	gene	1131	emrA_1			
ANT_1_01530	CDS	1131	emrA_1			Colistin resistance protein EmrA
ANT_1_01531	gene	1116	ybiR			
ANT_1_01531	CDS	1116	ybiR		COG0471	Inner membrane protein YbiR
ANT_1_01532	gene	453	mntR			
ANT_1_01532	CDS	453	mntR		COG1321	Transcriptional regulator MntR
ANT_1_01533	gene	108				
ANT_1_01533	CDS	108				hypothetical protein
ANT_1_01534	gene	1581	opgE			
ANT_1_01534	CDS	1581	opgE	2.7.-.-	COG2194	Phosphoethanolamine transferase OpgE
ANT_1_01535	gene	510	ompX_1			
ANT_1_01535	CDS	510	ompX_1		COG3637	Outer membrane protein X
ANT_1_01536	gene	897	rhtA			
ANT_1_01536	CDS	897	rhtA		COG5006	Threonine/homoserine exporter RhtA
ANT_1_01537	gene	507	dps			
ANT_1_01537	CDS	507	dps	1.16.-.-	COG0783	DNA protection during starvation protein
ANT_1_01538	gene	228				
ANT_1_01538	CDS	228				hypothetical protein
ANT_1_01539	gene	1776				
ANT_1_01539	CDS	1776				hypothetical protein
ANT_1_01540	gene	297				
ANT_1_01540	CDS	297				hypothetical protein
ANT_1_01541	gene	228				
ANT_1_01541	CDS	228				hypothetical protein
ANT_1_01542	gene	249				
ANT_1_01542	CDS	249				hypothetical protein
ANT_1_01543	gene	1374				
ANT_1_01543	CDS	1374				hypothetical protein
ANT_1_01544	gene	354				
ANT_1_01544	CDS	354				hypothetical protein
ANT_1_01545	gene	76				
ANT_1_01545	tRNA	76				tRNA-Phe(gaa)
ANT_1_01546	gene	579				
ANT_1_01546	CDS	579				hypothetical protein
ANT_1_01547	gene	1731	dsbD_2			
ANT_1_01547	CDS	1731	dsbD_2	1.8.1.8	COG4232	Thiol:disulfide interchange protein DsbD
ANT_1_01548	gene	1302	dcuA			
ANT_1_01548	CDS	1302	dcuA		COG2704	Anaerobic C4-dicarboxylate transporter DcuA
ANT_1_01549	gene	1437	aspA			
ANT_1_01549	CDS	1437	aspA	4.3.1.1	COG1027	Aspartate ammonia-lyase
ANT_1_01550	gene	462				
ANT_1_01550	CDS	462				hypothetical protein
ANT_1_01551	gene	294	groS			
ANT_1_01551	CDS	294	groS		COG0234	10 kDa chaperonin
ANT_1_01552	gene	1647	groL			
ANT_1_01552	CDS	1647	groL			60 kDa chaperonin
ANT_1_01553	gene	2424	yraJ_1			
ANT_1_01553	CDS	2424	yraJ_1		COG3188	Outer membrane usher protein YraJ
ANT_1_01554	gene	702				
ANT_1_01554	CDS	702				hypothetical protein
ANT_1_01555	gene	666				
ANT_1_01555	CDS	666				hypothetical protein
ANT_1_01556	gene	654				
ANT_1_01556	CDS	654				hypothetical protein
ANT_1_01557	gene	345				
ANT_1_01557	CDS	345				hypothetical protein
ANT_1_01558	gene	1029	epmB			
ANT_1_01558	CDS	1029	epmB	5.4.3.-	COG1509	L-lysine 2,3-aminomutase
ANT_1_01559	gene	567	efp			
ANT_1_01559	CDS	567	efp		COG0231	Elongation factor P
ANT_1_01560	gene	132				
ANT_1_01560	CDS	132				hypothetical protein
ANT_1_01561	gene	525	blc			
ANT_1_01561	CDS	525	blc		COG3040	Outer membrane lipoprotein Blc
ANT_1_01562	gene	357	frdD			
ANT_1_01562	CDS	357	frdD		COG3080	Fumarate reductase subunit D
ANT_1_01563	gene	396	frdC			
ANT_1_01563	CDS	396	frdC		COG3029	Fumarate reductase subunit C
ANT_1_01564	gene	735	frdB			
ANT_1_01564	CDS	735	frdB	1.3.5.1	COG0479	Fumarate reductase iron-sulfur subunit
ANT_1_01565	gene	1791	frdA			
ANT_1_01565	CDS	1791	frdA	1.3.5.4		Fumarate reductase flavoprotein subunit
ANT_1_01566	gene	978	epmA			
ANT_1_01566	CDS	978	epmA	6.3.1.-	COG2269	Elongation factor P--(R)-beta-lysine ligase
ANT_1_01567	gene	3336	mscM			
ANT_1_01567	CDS	3336	mscM		COG3264	Miniconductance mechanosensitive channel MscM
ANT_1_01568	gene	900	psd			
ANT_1_01568	CDS	900	psd	4.1.1.65	COG0688	Phosphatidylserine decarboxylase proenzyme
ANT_1_01569	gene	1059	rsgA			
ANT_1_01569	CDS	1059	rsgA	3.6.1.-	COG1162	Small ribosomal subunit biogenesis GTPase RsgA
ANT_1_01570	gene	546	orn			
ANT_1_01570	CDS	546	orn	3.1.-.-	COG1949	Oligoribonuclease
ANT_1_01571	gene	76				
ANT_1_01571	tRNA	76				tRNA-Gly(gcc)
ANT_1_01572	gene	76				
ANT_1_01572	tRNA	76				tRNA-Gly(gcc)
ANT_1_01573	gene	885	cynR_2			
ANT_1_01573	CDS	885	cynR_2			HTH-type transcriptional regulator CynR
ANT_1_01574	gene	471	guaD_2			
ANT_1_01574	CDS	471	guaD_2	3.5.4.3	COG0590	Guanine deaminase
ANT_1_01575	gene	76				
ANT_1_01575	tRNA	76				tRNA-Gly(gcc)
ANT_1_01576	gene	1140	queG			
ANT_1_01576	CDS	1140	queG	1.17.99.6		Epoxyqueuosine reductase
ANT_1_01577	gene	1467	nnr			
ANT_1_01577	CDS	1467	nnr		COG0062	Bifunctional NAD(P)H-hydrate repair enzyme Nnr
ANT_1_01578	gene	477	tsaE			
ANT_1_01578	CDS	477	tsaE		COG0802	tRNA threonylcarbamoyladenosine biosynthesis protein TsaE
ANT_1_01579	gene	1662				
ANT_1_01579	CDS	1662				hypothetical protein
ANT_1_01580	gene	1857	mutL			
ANT_1_01580	CDS	1857	mutL		COG0323	DNA mismatch repair protein MutL
ANT_1_01581	gene	906	miaA			
ANT_1_01581	CDS	906	miaA	2.5.1.75	COG0324	tRNA dimethylallyltransferase
ANT_1_01582	gene	318	hfq			
ANT_1_01582	CDS	318	hfq		COG1923	RNA-binding protein Hfq
ANT_1_01583	gene	1284	hflX			
ANT_1_01583	CDS	1284	hflX		COG2262	GTPase HflX
ANT_1_01584	gene	1263	hflK			
ANT_1_01584	CDS	1263	hflK		COG0330	Modulator of FtsH protease HflK
ANT_1_01585	gene	1005	hflC			
ANT_1_01585	CDS	1005	hflC		COG0330	Modulator of FtsH protease HflC
ANT_1_01586	gene	201				
ANT_1_01586	CDS	201				hypothetical protein
ANT_1_01587	gene	1299	purA			
ANT_1_01587	CDS	1299	purA	6.3.4.4	COG0104	Adenylosuccinate synthetase
ANT_1_01588	gene	444	nsrR			
ANT_1_01588	CDS	444	nsrR		COG1959	HTH-type transcriptional repressor NsrR
ANT_1_01589	gene	2445	rnr			
ANT_1_01589	CDS	2445	rnr	3.1.13.1	COG0557	Ribonuclease R
ANT_1_01590	gene	738	rlmB			
ANT_1_01590	CDS	738	rlmB	2.1.1.185	COG0566	23S rRNA (guanosine-2'-O-)-methyltransferase RlmB
ANT_1_01591	gene	309	bsmA			
ANT_1_01591	CDS	309	bsmA			Lipoprotein BsmA
ANT_1_01592	gene	1938				
ANT_1_01592	CDS	1938				hypothetical protein
ANT_1_01593	gene	750				
ANT_1_01593	CDS	750				hypothetical protein
ANT_1_01594	gene	396	rpsF			
ANT_1_01594	CDS	396	rpsF		COG0360	30S ribosomal protein S6
ANT_1_01595	gene	318	priB			
ANT_1_01595	CDS	318	priB		COG2965	Primosomal replication protein N
ANT_1_01596	gene	228	rpsR			
ANT_1_01596	CDS	228	rpsR		COG0238	30S ribosomal protein S18
ANT_1_01597	gene	453	rplI			
ANT_1_01597	CDS	453	rplI		COG0359	50S ribosomal protein L9
ANT_1_01598	gene	660				
ANT_1_01598	CDS	660				hypothetical protein
ANT_1_01599	gene	621	fklB			
ANT_1_01599	CDS	621	fklB	5.2.1.8	COG0545	FKBP-type 22 kDa peptidyl-prolyl cis-trans isomerase
ANT_1_01600	gene	1935	cpdB			
ANT_1_01600	CDS	1935	cpdB	3.1.3.6	COG0737	2',3'-cyclic-nucleotide 2'-phosphodiesterase/3'-nucleotidase
ANT_1_01601	gene	747	cysQ			
ANT_1_01601	CDS	747	cysQ	3.1.3.7	COG1218	3'(2'),5'-bisphosphate nucleotidase CysQ
ANT_1_01602	gene	558	ytfJ_2			
ANT_1_01602	CDS	558	ytfJ_2		COG3054	putative protein YtfJ
ANT_1_01603	gene	207				
ANT_1_01603	CDS	207				hypothetical protein
ANT_1_01604	gene	1335				
ANT_1_01604	CDS	1335				hypothetical protein
ANT_1_01605	gene	1740	tamA			
ANT_1_01605	CDS	1740	tamA		COG0729	Translocation and assembly module subunit TamA
ANT_1_01606	gene	3774	tamB			
ANT_1_01606	CDS	3774	tamB		COG2911	Translocation and assembly module subunit TamB
ANT_1_01607	gene	345	ytfP			
ANT_1_01607	CDS	345	ytfP		COG2105	Gamma-glutamylcyclotransferase family protein YtfP
ANT_1_01608	gene	531	ppa			
ANT_1_01608	CDS	531	ppa	3.6.1.1	COG0221	Inorganic pyrophosphatase
ANT_1_01609	gene	1566	tsr_3			
ANT_1_01609	CDS	1566	tsr_3		COG0840	Methyl-accepting chemotaxis protein I
ANT_1_01610	gene	999	fbp			
ANT_1_01610	CDS	999	fbp	3.1.3.11	COG0158	Fructose-1,6-bisphosphatase class 1
ANT_1_01611	gene	1353	mpl			
ANT_1_01611	CDS	1353	mpl	6.3.2.45	COG0773	UDP-N-acetylmuramate--L-alanyl-gamma-D-glutamyl-meso-2,6-diaminoheptandioate ligase
ANT_1_01612	gene	546				
ANT_1_01612	CDS	546				hypothetical protein
ANT_1_01613	gene	1341	pmbA			
ANT_1_01613	CDS	1341	pmbA	3.4.-.-	COG0312	Metalloprotease PmbA
ANT_1_01614	gene	387	cybC			
ANT_1_01614	CDS	387	cybC		COG3783	Soluble cytochrome b562
ANT_1_01615	gene	369				
ANT_1_01615	CDS	369				hypothetical protein
ANT_1_01616	gene	360				
ANT_1_01616	CDS	360				hypothetical protein
ANT_1_01617	gene	297				
ANT_1_01617	CDS	297				hypothetical protein
ANT_1_01618	gene	777				
ANT_1_01618	CDS	777				hypothetical protein
ANT_1_01619	gene	645				
ANT_1_01619	CDS	645				hypothetical protein
ANT_1_01620	gene	1134				
ANT_1_01620	CDS	1134		3.1.1.-	COG3964	Deacetylase
ANT_1_01621	gene	1131	dgaE_1			
ANT_1_01621	CDS	1131	dgaE_1	4.3.1.29		D-glucosaminate-6-phosphate ammonia lyase
ANT_1_01622	gene	741	dgaF_1			
ANT_1_01622	CDS	741	dgaF_1	4.1.2.14		2-dehydro-3-deoxy-phosphogluconate aldolase
ANT_1_01623	gene	1248				
ANT_1_01623	CDS	1248				hypothetical protein
ANT_1_01624	gene	561	gmhB			
ANT_1_01624	CDS	561	gmhB	3.1.3.82	COG0241	D-glycero-beta-D-manno-heptose-1,7-bisphosphate 7-phosphatase
ANT_1_01625	gene	1032	metN_2			
ANT_1_01625	CDS	1032	metN_2	3.6.3.-	COG1135	Methionine import ATP-binding protein MetN
ANT_1_01626	gene	654	metI_2			
ANT_1_01626	CDS	654	metI_2		COG2011	D-methionine transport system permease protein MetI
ANT_1_01627	gene	816	metQ_2			
ANT_1_01627	CDS	816	metQ_2		COG1464	D-methionine-binding lipoprotein MetQ
ANT_1_01628	gene	405	rcsF_1			
ANT_1_01628	CDS	405	rcsF_1			Outer membrane lipoprotein RcsF
ANT_1_01629	gene	396	rcsF_2			
ANT_1_01629	CDS	396	rcsF_2			Outer membrane lipoprotein RcsF
ANT_1_01630	gene	708	trmO			
ANT_1_01630	CDS	708	trmO	2.1.1.-	COG1720	tRNA (adenine(37)-N6)-methyltransferase
ANT_1_01631	gene	1719	proS			
ANT_1_01631	CDS	1719	proS	6.1.1.15	COG0442	Proline--tRNA ligase
ANT_1_01632	gene	1845	htpX_2			
ANT_1_01632	CDS	1845	htpX_2	3.4.24.-		Protease HtpX
ANT_1_01633	gene	411	nlpE			
ANT_1_01633	CDS	411	nlpE		COG3015	Lipoprotein NlpE
ANT_1_01634	gene	417	arfB			
ANT_1_01634	CDS	417	arfB	3.1.1.29	COG1186	Peptidyl-tRNA hydrolase ArfB
ANT_1_01635	gene	555	yaeQ			
ANT_1_01635	CDS	555	yaeQ		COG4681	putative protein YaeQ
ANT_1_01636	gene	267	rof			
ANT_1_01636	CDS	267	rof		COG4568	Protein rof
ANT_1_01637	gene	312				
ANT_1_01637	CDS	312				hypothetical protein
ANT_1_01638	gene	1302	tilS			
ANT_1_01638	CDS	1302	tilS	6.3.4.19	COG0037	tRNA(Ile)-lysidine synthase
ANT_1_01639	gene	396				
ANT_1_01639	CDS	396				hypothetical protein
ANT_1_01640	gene	2151	ldcC			
ANT_1_01640	CDS	2151	ldcC	4.1.1.18	COG1982	Constitutive lysine decarboxylase
ANT_1_01641	gene	729				
ANT_1_01641	CDS	729				hypothetical protein
ANT_1_01642	gene	960	accA			
ANT_1_01642	CDS	960	accA	2.1.3.15	COG0825	Acetyl-coenzyme A carboxylase carboxyl transferase subunit alpha
ANT_1_01643	gene	3483	dnaE			
ANT_1_01643	CDS	3483	dnaE	2.7.7.7	COG0587	DNA polymerase III subunit alpha
ANT_1_01644	gene	624	rnhB			
ANT_1_01644	CDS	624	rnhB	3.1.26.4	COG0164	Ribonuclease HII
ANT_1_01645	gene	1146	lpxB			
ANT_1_01645	CDS	1146	lpxB	2.4.1.182	COG0763	Lipid-A-disaccharide synthase
ANT_1_01646	gene	789	lpxA			
ANT_1_01646	CDS	789	lpxA	2.3.1.129	COG1043	Acyl-[acyl-carrier-protein]--UDP-N-acetylglucosamine O-acyltransferase
ANT_1_01647	gene	456	fabZ			
ANT_1_01647	CDS	456	fabZ	4.2.1.59	COG0764	3-hydroxyacyl-[acyl-carrier-protein] dehydratase FabZ
ANT_1_01648	gene	1023	lpxD			
ANT_1_01648	CDS	1023	lpxD	2.3.1.191	COG1044	UDP-3-O-(3-hydroxymyristoyl)glucosamine N-acyltransferase
ANT_1_01649	gene	498	skp			
ANT_1_01649	CDS	498	skp		COG2825	Chaperone protein Skp
ANT_1_01650	gene	2406	bamA			
ANT_1_01650	CDS	2406	bamA		COG4775	Outer membrane protein assembly factor BamA
ANT_1_01651	gene	1350	rseP			
ANT_1_01651	CDS	1350	rseP	3.4.24.-	COG0750	Regulator of sigma-E protease RseP
ANT_1_01652	gene	858	cdsA			
ANT_1_01652	CDS	858	cdsA	2.7.7.41	COG0575	Phosphatidate cytidylyltransferase
ANT_1_01653	gene	753	ispU			
ANT_1_01653	CDS	753	ispU	2.5.1.31	COG0020	Ditrans,polycis-undecaprenyl-diphosphate synthase ((2E,6E)-farnesyl-diphosphate specific)
ANT_1_01654	gene	1215	dxr			
ANT_1_01654	CDS	1215	dxr	1.1.1.267	COG0743	1-deoxy-D-xylulose 5-phosphate reductoisomerase
ANT_1_01655	gene	624	frr			
ANT_1_01655	CDS	624	frr		COG0233	Ribosome-recycling factor
ANT_1_01656	gene	726	pyrH			
ANT_1_01656	CDS	726	pyrH	2.7.4.22	COG0528	Uridylate kinase
ANT_1_01657	gene	852	tsf			
ANT_1_01657	CDS	852	tsf		COG0264	Elongation factor Ts
ANT_1_01658	gene	726	rpsB			
ANT_1_01658	CDS	726	rpsB		COG0052	30S ribosomal protein S2
ANT_1_01659	gene	792	map_1			
ANT_1_01659	CDS	792	map_1	3.4.11.18	COG0024	Methionine aminopeptidase
ANT_1_01660	gene	2658	glnD			
ANT_1_01660	CDS	2658	glnD		COG2844	Bifunctional uridylyltransferase/uridylyl-removing enzyme
ANT_1_01661	gene	825	dapD			
ANT_1_01661	CDS	825	dapD	2.3.1.117	COG2171	2,3,4,5-tetrahydropyridine-2,6-dicarboxylate N-succinyltransferase
ANT_1_01662	gene	393				
ANT_1_01662	CDS	393				hypothetical protein
ANT_1_01663	gene	1446	degP			
ANT_1_01663	CDS	1446	degP	3.4.21.107	COG0265	Periplasmic serine endoprotease DegP
ANT_1_01664	gene	1506	dgt			
ANT_1_01664	CDS	1506	dgt	3.1.5.1	COG0232	Deoxyguanosinetriphosphate triphosphohydrolase
ANT_1_01665	gene	756	mtnN			
ANT_1_01665	CDS	756	mtnN	3.2.2.9	COG0775	5'-methylthioadenosine/S-adenosylhomocysteine nucleosidase
ANT_1_01666	gene	813	btuF_2			
ANT_1_01666	CDS	813	btuF_2		COG0614	Vitamin B12-binding protein
ANT_1_01667	gene	255				
ANT_1_01667	CDS	255				hypothetical protein
ANT_1_01668	gene	345	erpA			
ANT_1_01668	CDS	345	erpA		COG0316	Iron-sulfur cluster insertion protein ErpA
ANT_1_01669	gene	1422	clcA			
ANT_1_01669	CDS	1422	clcA		COG0038	H(+)/Cl(-) exchange transporter ClcA
ANT_1_01670	gene	1281	hemL			
ANT_1_01670	CDS	1281	hemL	5.4.3.8	COG0001	Glutamate-1-semialdehyde 2,1-aminomutase
ANT_1_01671	gene	1980	fhuB			
ANT_1_01671	CDS	1980	fhuB		COG0609	Iron(3+)-hydroxamate import system permease protein FhuB
ANT_1_01672	gene	882	fhuD			
ANT_1_01672	CDS	882	fhuD		COG0614	Iron(3+)-hydroxamate-binding protein FhuD
ANT_1_01673	gene	843	fhuC			
ANT_1_01673	CDS	843	fhuC	7.2.2.16	COG1120	Iron(3+)-hydroxamate import ATP-binding protein FhuC
ANT_1_01674	gene	2214	fhuA_1			
ANT_1_01674	CDS	2214	fhuA_1		COG1629	Ferrichrome outer membrane transporter/phage receptor
ANT_1_01675	gene	744	phoC_1			
ANT_1_01675	CDS	744	phoC_1	3.1.3.2		Major phosphate-irrepressible acid phosphatase
ANT_1_01676	gene	2550	mrcB			
ANT_1_01676	CDS	2550	mrcB		COG0744	Penicillin-binding protein 1B
ANT_1_01677	gene	972	argP_1			
ANT_1_01677	CDS	972	argP_1			HTH-type transcriptional regulator ArgP
ANT_1_01678	gene	1464	hpyO			
ANT_1_01678	CDS	1464	hpyO	1.14.13.-	COG2072	FAD-dependent urate hydroxylase
ANT_1_01679	gene	483				
ANT_1_01679	CDS	483				hypothetical protein
ANT_1_01680	gene	570				
ANT_1_01680	CDS	570				hypothetical protein
ANT_1_01681	gene	741	tcyN			
ANT_1_01681	CDS	741	tcyN	3.6.3.-	COG1126	L-cystine import ATP-binding protein TcyN
ANT_1_01682	gene	831	tcyJ			
ANT_1_01682	CDS	831	tcyJ		COG0834	L-cystine-binding protein TcyJ
ANT_1_01683	gene	708	yxeN_1			
ANT_1_01683	CDS	708	yxeN_1			putative amino-acid permease protein YxeN
ANT_1_01684	gene	693	yxeN_2			
ANT_1_01684	CDS	693	yxeN_2			putative amino-acid permease protein YxeN
ANT_1_01685	gene	2451	hrpB			
ANT_1_01685	CDS	2451	hrpB	3.6.4.13	COG1643	ATP-dependent RNA helicase HrpB
ANT_1_01686	gene	528	thpR			
ANT_1_01686	CDS	528	thpR	3.1.4.58	COG1514	RNA 2',3'-cyclic phosphodiesterase
ANT_1_01687	gene	705	sfsA			
ANT_1_01687	CDS	705	sfsA		COG1489	Sugar fermentation stimulation protein A
ANT_1_01688	gene	456	dksA			
ANT_1_01688	CDS	456	dksA		COG1734	RNA polymerase-binding transcription factor DksA
ANT_1_01689	gene	909	gluQ			
ANT_1_01689	CDS	909	gluQ	6.1.1.-	COG0008	Glutamyl-Q tRNA(Asp) synthetase
ANT_1_01690	gene	1338	pcnB			
ANT_1_01690	CDS	1338	pcnB	2.7.7.19	COG0617	Poly(A) polymerase I
ANT_1_01691	gene	480	folK			
ANT_1_01691	CDS	480	folK	2.7.6.3	COG0801	2-amino-4-hydroxy-6-hydroxymethyldihydropteridine pyrophosphokinase
ANT_1_01692	gene	795	panB			
ANT_1_01692	CDS	795	panB	2.1.2.11	COG0413	3-methyl-2-oxobutanoate hydroxymethyltransferase
ANT_1_01693	gene	855	panC			
ANT_1_01693	CDS	855	panC	6.3.2.1	COG0414	Pantothenate synthetase
ANT_1_01694	gene	381	panD			
ANT_1_01694	CDS	381	panD	4.1.1.11	COG0853	Aspartate 1-decarboxylase
ANT_1_01695	gene	771	yadH			
ANT_1_01695	CDS	771	yadH		COG0842	Inner membrane transport permease YadH
ANT_1_01696	gene	927	yadG			
ANT_1_01696	CDS	927	yadG		COG1131	putative ABC transporter ATP-binding protein YadG
ANT_1_01697	gene	732	can_2			
ANT_1_01697	CDS	732	can_2	4.2.1.1	COG0288	Carbonic anhydrase 2
ANT_1_01698	gene	537	hpt			
ANT_1_01698	CDS	537	hpt	2.4.2.8	COG0634	Hypoxanthine phosphoribosyltransferase
ANT_1_01699	gene	1278	mdeA			
ANT_1_01699	CDS	1278	mdeA	4.4.1.11		L-methionine gamma-lyase
ANT_1_01700	gene	1527	cueO			
ANT_1_01700	CDS	1527	cueO		COG2132	Blue copper oxidase CueO
ANT_1_01701	gene	348				
ANT_1_01701	CDS	348				hypothetical protein
ANT_1_01702	gene	858	speE_2			
ANT_1_01702	CDS	858	speE_2	2.5.1.-	COG0421	Polyamine aminopropyltransferase
ANT_1_01703	gene	810	speD			
ANT_1_01703	CDS	810	speD	4.1.1.50	COG1586	S-adenosylmethionine decarboxylase proenzyme
ANT_1_01704	gene	363				
ANT_1_01704	CDS	363				hypothetical protein
ANT_1_01705	gene	2754	acnB			
ANT_1_01705	CDS	2754	acnB	4.2.1.3	COG1049	Aconitate hydratase B
ANT_1_01706	gene	213	cspG			
ANT_1_01706	CDS	213	cspG		COG1278	Cold shock-like protein CspG
ANT_1_01707	gene	783	caiD			
ANT_1_01707	CDS	783	caiD	4.2.1.149		Carnitinyl-CoA dehydratase
ANT_1_01708	gene	1206				
ANT_1_01708	CDS	1206		2.3.1.9		putative acetyl-CoA acyltransferase
ANT_1_01709	gene	1512	menE_1			
ANT_1_01709	CDS	1512	menE_1	6.2.1.26		2-succinylbenzoate--CoA ligase
ANT_1_01710	gene	432				
ANT_1_01710	CDS	432		3.1.2.28		1,4-dihydroxy-2-naphthoyl-CoA hydrolase
ANT_1_01711	gene	987				
ANT_1_01711	CDS	987		1.3.1.103		2-haloacrylate reductase
ANT_1_01712	gene	540	bioY			
ANT_1_01712	CDS	540	bioY		COG1268	Biotin transporter BioY
ANT_1_01713	gene	645	bioN			
ANT_1_01713	CDS	645	bioN		COG0619	Energy-coupling factor transporter transmembrane protein BioN
ANT_1_01714	gene	675	bioM			
ANT_1_01714	CDS	675	bioM	3.6.3.-	COG1122	Biotin transport ATP-binding protein BioM
ANT_1_01715	gene	705	fabG_4			
ANT_1_01715	CDS	705	fabG_4	1.1.1.100		3-oxoacyl-[acyl-carrier-protein] reductase FabG
ANT_1_01716	gene	1428	lpdA			
ANT_1_01716	CDS	1428	lpdA	1.8.1.4	COG1249	Dihydrolipoyl dehydrogenase
ANT_1_01717	gene	1599	aceF			
ANT_1_01717	CDS	1599	aceF	2.3.1.12	COG0508	Dihydrolipoyllysine-residue acetyltransferase component of pyruvate dehydrogenase complex
ANT_1_01718	gene	2664	aceE			
ANT_1_01718	CDS	2664	aceE	1.2.4.1	COG2609	Pyruvate dehydrogenase E1 component
ANT_1_01719	gene	765	pdhR			
ANT_1_01719	CDS	765	pdhR		COG2186	Pyruvate dehydrogenase complex repressor
ANT_1_01720	gene	1356	aroP			
ANT_1_01720	CDS	1356	aroP		COG1113	Aromatic amino acid transport protein AroP
ANT_1_01721	gene	1416	yicJ			
ANT_1_01721	CDS	1416	yicJ		COG2211	Inner membrane symporter YicJ
ANT_1_01722	gene	975				
ANT_1_01722	CDS	975		3.2.1.55	COG3940	Extracellular exo-alpha-(1->5)-L-arabinofuranosidase
ANT_1_01723	gene	855	ampE			
ANT_1_01723	CDS	855	ampE		COG3725	Protein AmpE
ANT_1_01724	gene	558	ampD			
ANT_1_01724	CDS	558	ampD	3.5.1.28		1,6-anhydro-N-acetylmuramyl-L-alanine amidase AmpD
ANT_1_01725	gene	558				
ANT_1_01725	CDS	558				hypothetical protein
ANT_1_01726	gene	546	sigK			
ANT_1_01726	CDS	546	sigK		COG1595	ECF RNA polymerase sigma factor SigK
ANT_1_01727	gene	660				
ANT_1_01727	CDS	660				hypothetical protein
ANT_1_01728	gene	915	hdfR_1			
ANT_1_01728	CDS	915	hdfR_1			HTH-type transcriptional regulator HdfR
ANT_1_01729	gene	321				
ANT_1_01729	CDS	321				hypothetical protein
ANT_1_01730	gene	387				
ANT_1_01730	CDS	387				hypothetical protein
ANT_1_01731	gene	891	nadC			
ANT_1_01731	CDS	891	nadC	2.4.2.19	COG0157	Nicotinate-nucleotide pyrophosphorylase [carboxylating]
ANT_1_01732	gene	444				
ANT_1_01732	CDS	444				hypothetical protein
ANT_1_01733	gene	1401	gspE			
ANT_1_01733	CDS	1401	gspE		COG2804	Putative type II secretion system protein E
ANT_1_01734	gene	1200	gspF			
ANT_1_01734	CDS	1200	gspF		COG1459	Putative type II secretion system protein F
ANT_1_01735	gene	1041	guaC			
ANT_1_01735	CDS	1041	guaC	1.7.1.7	COG0516	GMP reductase
ANT_1_01736	gene	612	coaE			
ANT_1_01736	CDS	612	coaE	2.7.1.24	COG0237	Dephospho-CoA kinase
ANT_1_01737	gene	744	zapD			
ANT_1_01737	CDS	744	zapD		COG4582	Cell division protein ZapD
ANT_1_01738	gene	204	yacG			
ANT_1_01738	CDS	204	yacG		COG3024	DNA gyrase inhibitor YacG
ANT_1_01739	gene	408	mutT			
ANT_1_01739	CDS	408	mutT	3.6.1.55	COG0494	8-oxo-dGTP diphosphatase
ANT_1_01740	gene	474				
ANT_1_01740	CDS	474				hypothetical protein
ANT_1_01741	gene	498				
ANT_1_01741	CDS	498				hypothetical protein
ANT_1_01742	gene	1935	pulD			
ANT_1_01742	CDS	1935	pulD			Secretin PulD
ANT_1_01743	gene	1455	epsE			
ANT_1_01743	CDS	1455	epsE		COG2804	Type II secretion system protein E
ANT_1_01744	gene	1200	epsF			
ANT_1_01744	CDS	1200	epsF		COG1459	Type II secretion system protein F
ANT_1_01745	gene	453	pulG			
ANT_1_01745	CDS	453	pulG			Type II secretion system protein G
ANT_1_01746	gene	486				
ANT_1_01746	CDS	486				hypothetical protein
ANT_1_01747	gene	363	xcpV			
ANT_1_01747	CDS	363	xcpV		COG2165	Type II secretion system protein I
ANT_1_01748	gene	561	xcpW			
ANT_1_01748	CDS	561	xcpW		COG4795	Type II secretion system protein J
ANT_1_01749	gene	894	gspK_1			
ANT_1_01749	CDS	894	gspK_1		COG3156	Putative type II secretion system protein K
ANT_1_01750	gene	1056				
ANT_1_01750	CDS	1056				hypothetical protein
ANT_1_01751	gene	441				
ANT_1_01751	CDS	441				hypothetical protein
ANT_1_01752	gene	1431	gbpA			
ANT_1_01752	CDS	1431	gbpA		COG3397	GlcNAc-binding protein A
ANT_1_01753	gene	786	outO			
ANT_1_01753	CDS	786	outO			Type 4 prepilin-like proteins leader peptide-processing enzyme
ANT_1_01754	gene	372	pulS			
ANT_1_01754	CDS	372	pulS			Pullulanase secretion protein PulS
ANT_1_01755	gene	2706	secA			
ANT_1_01755	CDS	2706	secA		COG0653	Protein translocase subunit SecA
ANT_1_01756	gene	507	secM			
ANT_1_01756	CDS	507	secM			Secretion monitor
ANT_1_01757	gene	516				
ANT_1_01757	CDS	516				hypothetical protein
ANT_1_01758	gene	918	lpxC			
ANT_1_01758	CDS	918	lpxC	3.5.1.108	COG0774	UDP-3-O-acyl-N-acetylglucosamine deacetylase
ANT_1_01759	gene	1155	ftsZ			
ANT_1_01759	CDS	1155	ftsZ		COG0206	Cell division protein FtsZ
ANT_1_01760	gene	1257	ftsA			
ANT_1_01760	CDS	1257	ftsA		COG0849	Cell division protein FtsA
ANT_1_01761	gene	846	ftsQ			
ANT_1_01761	CDS	846	ftsQ		COG1589	Cell division protein FtsQ
ANT_1_01762	gene	921	ddlB			
ANT_1_01762	CDS	921	ddlB	6.3.2.4	COG1181	D-alanine--D-alanine ligase B
ANT_1_01763	gene	1476	murC			
ANT_1_01763	CDS	1476	murC	6.3.2.8	COG0773	UDP-N-acetylmuramate--L-alanine ligase
ANT_1_01764	gene	1041	murG			
ANT_1_01764	CDS	1041	murG	2.4.1.227	COG0707	UDP-N-acetylglucosamine--N-acetylmuramyl-(pentapeptide) pyrophosphoryl-undecaprenol N-acetylglucosamine transferase
ANT_1_01765	gene	1212	ftsW			
ANT_1_01765	CDS	1212	ftsW	2.4.1.129	COG0772	putative peptidoglycan glycosyltransferase FtsW
ANT_1_01766	gene	1317	murD			
ANT_1_01766	CDS	1317	murD	6.3.2.9	COG0771	UDP-N-acetylmuramoylalanine--D-glutamate ligase
ANT_1_01767	gene	1083	mraY			
ANT_1_01767	CDS	1083	mraY	2.7.8.13	COG0472	Phospho-N-acetylmuramoyl-pentapeptide-transferase
ANT_1_01768	gene	1362	murF			
ANT_1_01768	CDS	1362	murF	6.3.2.10	COG0770	UDP-N-acetylmuramoyl-tripeptide--D-alanyl-D-alanine ligase
ANT_1_01769	gene	1488	murE			
ANT_1_01769	CDS	1488	murE	6.3.2.13	COG0769	UDP-N-acetylmuramoyl-L-alanyl-D-glutamate--2,6-diaminopimelate ligase
ANT_1_01770	gene	1767	ftsI_1			
ANT_1_01770	CDS	1767	ftsI_1	3.4.16.4	COG0768	Peptidoglycan D,D-transpeptidase FtsI
ANT_1_01771	gene	321	ftsL			
ANT_1_01771	CDS	321	ftsL		COG3116	Cell division protein FtsL
ANT_1_01772	gene	942	rsmH			
ANT_1_01772	CDS	942	rsmH	2.1.1.199	COG0275	Ribosomal RNA small subunit methyltransferase H
ANT_1_01773	gene	459	mraZ			
ANT_1_01773	CDS	459	mraZ		COG2001	Transcriptional regulator MraZ
ANT_1_01774	gene	1011	cra_2			
ANT_1_01774	CDS	1011	cra_2		COG1609	Catabolite repressor/activator
ANT_1_01775	gene	492	ilvH			
ANT_1_01775	CDS	492	ilvH	2.2.1.6	COG0440	Acetolactate synthase isozyme 3 small subunit
ANT_1_01776	gene	1725	ilvI			
ANT_1_01776	CDS	1725	ilvI	2.2.1.6	COG0028	Acetolactate synthase isozyme 3 large subunit
ANT_1_01777	gene	1569	leuA_2			
ANT_1_01777	CDS	1569	leuA_2	2.3.3.13	COG0119	2-isopropylmalate synthase
ANT_1_01778	gene	1089	leuB			
ANT_1_01778	CDS	1089	leuB	1.1.1.85	COG0473	3-isopropylmalate dehydrogenase
ANT_1_01779	gene	1398	leuC_1			
ANT_1_01779	CDS	1398	leuC_1	4.2.1.33	COG0065	3-isopropylmalate dehydratase large subunit
ANT_1_01780	gene	606	leuD1			
ANT_1_01780	CDS	606	leuD1	4.2.1.33	COG0066	3-isopropylmalate dehydratase small subunit 1
ANT_1_01781	gene	1182	setA			
ANT_1_01781	CDS	1182	setA			Sugar efflux transporter A
ANT_1_01782	gene	1662	sgrR_1			
ANT_1_01782	CDS	1662	sgrR_1		COG4533	HTH-type transcriptional regulator SgrR
ANT_1_01783	gene	987	thiB			
ANT_1_01783	CDS	987	thiB		COG4143	Thiamine-binding periplasmic protein
ANT_1_01784	gene	1611				
ANT_1_01784	CDS	1611				hypothetical protein
ANT_1_01785	gene	717	thiQ			
ANT_1_01785	CDS	717	thiQ	3.6.3.-	COG3840	Thiamine import ATP-binding protein ThiQ
ANT_1_01786	gene	762	yabI			
ANT_1_01786	CDS	762	yabI		COG0586	Inner membrane protein YabI
ANT_1_01787	gene	2364	polB			
ANT_1_01787	CDS	2364	polB	2.7.7.7	COG0417	DNA polymerase II
ANT_1_01788	gene	2907	rapA_1			
ANT_1_01788	CDS	2907	rapA_1	3.6.4.-	COG0553	RNA polymerase-associated protein RapA
ANT_1_01789	gene	660	rluA_1			
ANT_1_01789	CDS	660	rluA_1	5.4.99.28	COG0564	Dual-specificity RNA pseudouridine synthase RluA
ANT_1_01790	gene	822	djlA			
ANT_1_01790	CDS	822	djlA		COG1076	Co-chaperone protein DjlA
ANT_1_01791	gene	2382	lptD			
ANT_1_01791	CDS	2382	lptD		COG1452	LPS-assembly protein LptD
ANT_1_01792	gene	1296	surA			
ANT_1_01792	CDS	1296	surA	5.2.1.8	COG0760	Chaperone SurA
ANT_1_01793	gene	993	pdxA			
ANT_1_01793	CDS	993	pdxA	1.1.1.262	COG1995	4-hydroxythreonine-4-phosphate dehydrogenase
ANT_1_01794	gene	822	rsmA			
ANT_1_01794	CDS	822	rsmA	2.1.1.182	COG0030	Ribosomal RNA small subunit methyltransferase A
ANT_1_01795	gene	378	apaG			
ANT_1_01795	CDS	378	apaG		COG2967	Protein ApaG
ANT_1_01796	gene	828	apaH			
ANT_1_01796	CDS	828	apaH	3.6.1.41	COG0639	Bis(5'-nucleosyl)-tetraphosphatase [symmetrical]
ANT_1_01797	gene	483	folA			
ANT_1_01797	CDS	483	folA	1.5.1.3	COG0262	Dihydrofolate reductase
ANT_1_01798	gene	615	rhtC_2			
ANT_1_01798	CDS	615	rhtC_2		COG1280	Threonine efflux protein
ANT_1_01799	gene	741	phoC_2			
ANT_1_01799	CDS	741	phoC_2	3.1.3.2		Major phosphate-irrepressible acid phosphatase
ANT_1_01800	gene	3225	carB_2			
ANT_1_01800	CDS	3225	carB_2	6.3.5.5	COG0458	Carbamoyl-phosphate synthase large chain
ANT_1_01801	gene	1137	carA			
ANT_1_01801	CDS	1137	carA	6.3.5.5	COG0505	Carbamoyl-phosphate synthase small chain
ANT_1_01802	gene	822	dapB			
ANT_1_01802	CDS	822	dapB	1.17.1.8	COG0289	4-hydroxy-tetrahydrodipicolinate reductase
ANT_1_01803	gene	954	ispH			
ANT_1_01803	CDS	954	ispH	1.17.7.4	COG0761	4-hydroxy-3-methylbut-2-enyl diphosphate reductase
ANT_1_01804	gene	471	fkpB			
ANT_1_01804	CDS	471	fkpB	5.2.1.8	COG1047	FKBP-type 16 kDa peptidyl-prolyl cis-trans isomerase
ANT_1_01805	gene	510	lspA			
ANT_1_01805	CDS	510	lspA	3.4.23.36	COG0597	Lipoprotein signal peptidase
ANT_1_01806	gene	2817	ileS			
ANT_1_01806	CDS	2817	ileS	6.1.1.5	COG0060	Isoleucine--tRNA ligase
ANT_1_01807	gene	939	ribF			
ANT_1_01807	CDS	939	ribF		COG0196	Bifunctional riboflavin kinase/FMN adenylyltransferase
ANT_1_01808	gene	264	rpsT			
ANT_1_01808	CDS	264	rpsT		COG0268	30S ribosomal protein S20
ANT_1_01809	gene	891	nhaR			
ANT_1_01809	CDS	891	nhaR		COG0583	Transcriptional activator protein NhaR
ANT_1_01810	gene	1161	nhaA			
ANT_1_01810	CDS	1161	nhaA		COG3004	Na(+)/H(+) antiporter NhaA
ANT_1_01811	gene	291				
ANT_1_01811	CDS	291				hypothetical protein
ANT_1_01812	gene	1140	dnaJ			
ANT_1_01812	CDS	1140	dnaJ		COG0484	Chaperone protein DnaJ
ANT_1_01813	gene	1914	dnaK_1			
ANT_1_01813	CDS	1914	dnaK_1		COG0443	Chaperone protein DnaK
ANT_1_01814	gene	1305	proP_4			
ANT_1_01814	CDS	1305	proP_4			Proline/betaine transporter
ANT_1_01815	gene	588	mog			
ANT_1_01815	CDS	588	mog	2.7.7.75	COG0521	Molybdopterin adenylyltransferase
ANT_1_01816	gene	954	talB			
ANT_1_01816	CDS	954	talB	2.2.1.2	COG0176	Transaldolase B
ANT_1_01817	gene	777	yaaA			
ANT_1_01817	CDS	777	yaaA		COG3022	Peroxide stress resistance protein YaaA
ANT_1_01818	gene	1287	thrC			
ANT_1_01818	CDS	1287	thrC	4.2.3.1	COG0498	Threonine synthase
ANT_1_01819	gene	930	thrB			
ANT_1_01819	CDS	930	thrB	2.7.1.39		Homoserine kinase
ANT_1_01820	gene	2463	thrA			
ANT_1_01820	CDS	2463	thrA		COG0460	Bifunctional aspartokinase/homoserine dehydrogenase 1
ANT_1_01821	gene	687	trmL_2			
ANT_1_01821	CDS	687	trmL_2	2.1.1.207		tRNA (cytidine(34)-2'-O)-methyltransferase
ANT_1_01822	gene	234				
ANT_1_01822	CDS	234				hypothetical protein
ANT_1_01823	gene	717	arcA_1			
ANT_1_01823	CDS	717	arcA_1		COG0745	Aerobic respiration control protein ArcA
ANT_1_01824	gene	477				
ANT_1_01824	CDS	477				hypothetical protein
ANT_1_01825	gene	876	rob_2			
ANT_1_01825	CDS	876	rob_2		COG2207	Right origin-binding protein
ANT_1_01826	gene	648	cobC			
ANT_1_01826	CDS	648	cobC	3.1.3.73	COG0406	Adenosylcobalamin/alpha-ribazole phosphatase
ANT_1_01827	gene	552	yjjX			
ANT_1_01827	CDS	552	yjjX	3.6.1.-	COG1986	Inosine/xanthosine triphosphatase
ANT_1_01828	gene	333	trpR			
ANT_1_01828	CDS	333	trpR		COG2973	Trp operon repressor
ANT_1_01829	gene	1923	slt			
ANT_1_01829	CDS	1923	slt	4.2.2.-	COG0741	Soluble lytic murein transglycosylase
ANT_1_01830	gene	1800	atzF			
ANT_1_01830	CDS	1800	atzF	3.5.1.54		Allophanate hydrolase
ANT_1_01831	gene	3618				
ANT_1_01831	CDS	3618				hypothetical protein
ANT_1_01832	gene	702	lgoR			
ANT_1_01832	CDS	702	lgoR		COG1802	putative HTH-type transcriptional regulator LgoR
ANT_1_01833	gene	1269	amiC_2			
ANT_1_01833	CDS	1269	amiC_2			Aliphatic amidase expression-regulating protein
ANT_1_01834	gene	1560				
ANT_1_01834	CDS	1560				hypothetical protein
ANT_1_01835	gene	1077				
ANT_1_01835	CDS	1077				hypothetical protein
ANT_1_01836	gene	792	lptB_2			
ANT_1_01836	CDS	792	lptB_2	3.6.3.-	COG1137	Lipopolysaccharide export system ATP-binding protein LptB
ANT_1_01837	gene	699	livF_2			
ANT_1_01837	CDS	699	livF_2		COG0410	High-affinity branched-chain amino acid transport ATP-binding protein LivF
ANT_1_01838	gene	744	deoR			
ANT_1_01838	CDS	744	deoR		COG1349	Deoxyribose operon repressor
ANT_1_01839	gene	945	ghrB			
ANT_1_01839	CDS	945	ghrB	1.1.1.81		Glyoxylate/hydroxypyruvate reductase B
ANT_1_01840	gene	1668	ettA			
ANT_1_01840	CDS	1668	ettA		COG0488	Energy-dependent translational throttle protein EttA
ANT_1_01841	gene	894	dmlR_3			
ANT_1_01841	CDS	894	dmlR_3			HTH-type transcriptional regulator DmlR
ANT_1_01842	gene	1002				
ANT_1_01842	CDS	1002				Zinc-type alcohol dehydrogenase-like protein
ANT_1_01843	gene	1719	hxuB			
ANT_1_01843	CDS	1719	hxuB		COG2831	Heme/hemopexin transporter protein HuxB
ANT_1_01844	gene	2760				
ANT_1_01844	CDS	2760				hypothetical protein
ANT_1_01845	gene	1245	nadR			
ANT_1_01845	CDS	1245	nadR		COG1056	Trifunctional NAD biosynthesis/regulator protein NadR
ANT_1_01846	gene	1383	radA			
ANT_1_01846	CDS	1383	radA	3.6.4.-	COG1066	DNA repair protein RadA
ANT_1_01847	gene	978	serB			
ANT_1_01847	CDS	978	serB	3.1.3.3	COG0560	Phosphoserine phosphatase
ANT_1_01848	gene	690	ytjB			
ANT_1_01848	CDS	690	ytjB		COG3726	putative inner membrane protein Smp
ANT_1_01849	gene	480				
ANT_1_01849	CDS	480				hypothetical protein
ANT_1_01850	gene	720	deoD			
ANT_1_01850	CDS	720	deoD	2.4.2.1		Purine nucleoside phosphorylase DeoD-type
ANT_1_01851	gene	1224	deoB			
ANT_1_01851	CDS	1224	deoB	5.4.2.7	COG1015	Phosphopentomutase
ANT_1_01852	gene	1320	deoA			
ANT_1_01852	CDS	1320	deoA	2.4.2.4	COG0213	Thymidine phosphorylase
ANT_1_01853	gene	780	deoC			
ANT_1_01853	CDS	780	deoC	4.1.2.4	COG0274	Deoxyribose-phosphate aldolase
ANT_1_01854	gene	777	yjjV			
ANT_1_01854	CDS	777	yjjV	3.1.-.-	COG0084	putative metal-dependent hydrolase YjjV
ANT_1_01855	gene	1056				
ANT_1_01855	CDS	1056				hypothetical protein
ANT_1_01856	gene	162				
ANT_1_01856	CDS	162				hypothetical protein
ANT_1_01857	gene	615	osmY_2			
ANT_1_01857	CDS	615	osmY_2		COG2823	Osmotically-inducible protein Y
ANT_1_01858	gene	1572	prfC			
ANT_1_01858	CDS	1572	prfC		COG4108	Peptide chain release factor RF3
ANT_1_01859	gene	639	tag_1			
ANT_1_01859	CDS	639	tag_1	3.2.2.20	COG2818	DNA-3-methyladenine glycosylase 1
ANT_1_01860	gene	852	yghU			
ANT_1_01860	CDS	852	yghU	1.8.4.-	COG0625	Disulfide-bond oxidoreductase YghU
ANT_1_01861	gene	681	yjjG			
ANT_1_01861	CDS	681	yjjG	3.1.3.5	COG1011	Pyrimidine 5'-nucleotidase YjjG
ANT_1_01862	gene	444	rimI			
ANT_1_01862	CDS	444	rimI	2.3.1.266	COG0456	[Ribosomal protein S18]-alanine N-acetyltransferase
ANT_1_01863	gene	420	holD			
ANT_1_01863	CDS	420	holD	2.7.7.7	COG3050	DNA polymerase III subunit psi
ANT_1_01864	gene	1029	rsmC			
ANT_1_01864	CDS	1029	rsmC	2.1.1.172	COG2813	Ribosomal RNA small subunit methyltransferase C
ANT_1_01865	gene	87				
ANT_1_01865	tRNA	87				tRNA-Leu(cag)
ANT_1_01866	gene	87				
ANT_1_01866	tRNA	87				tRNA-Leu(cag)
ANT_1_01867	gene	87				
ANT_1_01867	tRNA	87				tRNA-Leu(cag)
ANT_1_01868	gene	237				
ANT_1_01868	CDS	237				hypothetical protein
ANT_1_01869	gene	1098				
ANT_1_01869	CDS	1098				hypothetical protein
ANT_1_01870	gene	474				
ANT_1_01870	CDS	474				hypothetical protein
ANT_1_01871	gene	1206	yjhB_1			
ANT_1_01871	CDS	1206	yjhB_1			Putative metabolite transport protein YjhB
ANT_1_01872	gene	438				
ANT_1_01872	CDS	438				hypothetical protein
ANT_1_01873	gene	564				
ANT_1_01873	CDS	564				hypothetical protein
ANT_1_01874	gene	363				
ANT_1_01874	CDS	363				hypothetical protein
ANT_1_01875	gene	588				
ANT_1_01875	CDS	588				hypothetical protein
ANT_1_01876	gene	288				
ANT_1_01876	CDS	288				hypothetical protein
ANT_1_01877	gene	7779	cdiA_1			
ANT_1_01877	CDS	7779	cdiA_1	3.1.-.-		tRNA nuclease CdiA
ANT_1_01878	gene	519				
ANT_1_01878	CDS	519				hypothetical protein
ANT_1_01879	gene	1704	shlB_1			
ANT_1_01879	CDS	1704	shlB_1			Hemolysin transporter protein ShlB
ANT_1_01880	gene	546				
ANT_1_01880	CDS	546				hypothetical protein
ANT_1_01881	gene	1425				
ANT_1_01881	CDS	1425				hypothetical protein
ANT_1_01882	gene	999	rihA			
ANT_1_01882	CDS	999	rihA	3.2.-.-	COG1957	Pyrimidine-specific ribonucleoside hydrolase RihA
ANT_1_01883	gene	1017	ccpA_2			
ANT_1_01883	CDS	1017	ccpA_2		COG1609	Catabolite control protein A
ANT_1_01884	gene	1395	ydfJ			
ANT_1_01884	CDS	1395	ydfJ			Putative transporter YdfJ
ANT_1_01885	gene	555				
ANT_1_01885	CDS	555				hypothetical protein
ANT_1_01886	gene	77				
ANT_1_01886	tRNA	77				tRNA-Met(cat)
ANT_1_01887	gene	159				
ANT_1_01887	CDS	159				hypothetical protein
ANT_1_01888	gene	189	symE_2			
ANT_1_01888	CDS	189	symE_2	3.1.-.-		Toxic protein SymE
ANT_1_01889	gene	216				
ANT_1_01889	CDS	216				hypothetical protein
ANT_1_01890	gene	216				
ANT_1_01890	CDS	216				hypothetical protein
ANT_1_01891	gene	366	cdiA_2			
ANT_1_01891	CDS	366	cdiA_2	3.1.-.-		Deoxyribonuclease CdiA
ANT_1_01892	gene	264				
ANT_1_01892	CDS	264				hypothetical protein
ANT_1_01893	gene	870				
ANT_1_01893	CDS	870				hypothetical protein
ANT_1_01894	gene	1113	yliI			
ANT_1_01894	CDS	1113	yliI	1.1.5.-	COG2133	Aldose sugar dehydrogenase YliI
ANT_1_01895	gene	657				
ANT_1_01895	CDS	657		3.1.3.-	COG0560	putative phosphatase
ANT_1_01896	gene	1206	dacC			
ANT_1_01896	CDS	1206	dacC	3.4.16.4	COG1686	D-alanyl-D-alanine carboxypeptidase DacC
ANT_1_01897	gene	1284	sdaC			
ANT_1_01897	CDS	1284	sdaC		COG0814	Serine transporter
ANT_1_01898	gene	606	ybjG			
ANT_1_01898	CDS	606	ybjG	3.6.1.27	COG0671	Putative undecaprenyl-diphosphatase YbjG
ANT_1_01899	gene	738				
ANT_1_01899	CDS	738				hypothetical protein
ANT_1_01900	gene	1689	aspT			
ANT_1_01900	CDS	1689	aspT			Aspartate/alanine antiporter
ANT_1_01901	gene	387	ybjM			
ANT_1_01901	CDS	387	ybjM			Inner membrane protein YbjM
ANT_1_01902	gene	264	grxA			
ANT_1_01902	CDS	264	grxA		COG0695	Glutaredoxin 1
ANT_1_01903	gene	288				
ANT_1_01903	CDS	288				hypothetical protein
ANT_1_01904	gene	723	nfsA			
ANT_1_01904	CDS	723	nfsA	1.-.-.-	COG0778	Oxygen-insensitive NADPH nitroreductase
ANT_1_01905	gene	903	rimK			
ANT_1_01905	CDS	903	rimK	6.3.2.-	COG0189	Ribosomal protein S6--L-glutamate ligase
ANT_1_01906	gene	588	yceI_1			
ANT_1_01906	CDS	588	yceI_1			Protein YceI
ANT_1_01907	gene	480	ybjN			
ANT_1_01907	CDS	480	ybjN			putative protein YbjN
ANT_1_01908	gene	1107	potF			
ANT_1_01908	CDS	1107	potF		COG0687	Putrescine-binding periplasmic protein
ANT_1_01909	gene	1140	potA_2			
ANT_1_01909	CDS	1140	potA_2	7.6.2.11	COG3842	Spermidine/putrescine import ATP-binding protein PotA
ANT_1_01910	gene	963	potH			
ANT_1_01910	CDS	963	potH		COG1176	Putrescine transport system permease protein PotH
ANT_1_01911	gene	846	ydcV			
ANT_1_01911	CDS	846	ydcV			Inner membrane ABC transporter permease protein YdcV
ANT_1_01912	gene	1104	scmP_2			
ANT_1_01912	CDS	1104	scmP_2	3.5.1.-	COG1473	N-acetylcysteine deacetylase
ANT_1_01913	gene	474	ybjO			
ANT_1_01913	CDS	474	ybjO			Inner membrane protein YbjO
ANT_1_01914	gene	1128	rlmC			
ANT_1_01914	CDS	1128	rlmC	2.1.1.189	COG2265	23S rRNA (uracil(747)-C(5))-methyltransferase RlmC
ANT_1_01915	gene	732	artJ			
ANT_1_01915	CDS	732	artJ		COG0834	ABC transporter arginine-binding protein 1
ANT_1_01916	gene	669	artM			
ANT_1_01916	CDS	669	artM		COG4160	Arginine ABC transporter permease protein ArtM
ANT_1_01917	gene	717	artQ			
ANT_1_01917	CDS	717	artQ		COG4215	Arginine ABC transporter permease protein ArtQ
ANT_1_01918	gene	732	artI			
ANT_1_01918	CDS	732	artI		COG0834	Putative ABC transporter arginine-binding protein 2
ANT_1_01919	gene	780	artP			
ANT_1_01919	CDS	780	artP	3.6.3.-	COG4161	Arginine transport ATP-binding protein ArtP
ANT_1_01920	gene	531	ybjP			
ANT_1_01920	CDS	531	ybjP			putative lipoprotein YbjP
ANT_1_01921	gene	324				
ANT_1_01921	CDS	324				hypothetical protein
ANT_1_01922	gene	843	amiD			
ANT_1_01922	CDS	843	amiD	3.5.1.28	COG3023	N-acetylmuramoyl-L-alanine amidase AmiD
ANT_1_01923	gene	1005	ltaE			
ANT_1_01923	CDS	1005	ltaE	4.1.2.48	COG2008	Low specificity L-threonine aldolase
ANT_1_01924	gene	1722	poxB			
ANT_1_01924	CDS	1722	poxB	1.2.5.1	COG0028	Pyruvate dehydrogenase [ubiquinone]
ANT_1_01925	gene	981	hcr			
ANT_1_01925	CDS	981	hcr	1.-.-.-	COG1018	NADH oxidoreductase HCR
ANT_1_01926	gene	1626	hcp			
ANT_1_01926	CDS	1626	hcp	1.7.99.1	COG1151	Hydroxylamine reductase
ANT_1_01927	gene	1668				
ANT_1_01927	CDS	1668				hypothetical protein
ANT_1_01928	gene	228	cspD			
ANT_1_01928	CDS	228	cspD		COG1278	Cold shock-like protein CspD
ANT_1_01929	gene	321	clpS			
ANT_1_01929	CDS	321	clpS		COG2127	ATP-dependent Clp protease adapter protein ClpS
ANT_1_01930	gene	2280	clpA			
ANT_1_01930	CDS	2280	clpA		COG0542	ATP-dependent Clp protease ATP-binding subunit ClpA
ANT_1_01931	gene	801				
ANT_1_01931	CDS	801				hypothetical protein
ANT_1_01932	gene	2586				
ANT_1_01932	CDS	2586				hypothetical protein
ANT_1_01933	gene	219	infA			
ANT_1_01933	CDS	219	infA		COG0361	Translation initiation factor IF-1
ANT_1_01934	gene	693	aat			
ANT_1_01934	CDS	693	aat	2.3.2.6	COG2360	Leucyl/phenylalanyl-tRNA--protein transferase
ANT_1_01935	gene	1731				
ANT_1_01935	CDS	1731			COG1132	putative ABC transporter ATP-binding/permease protein
ANT_1_01936	gene	1770	cydD			
ANT_1_01936	CDS	1770	cydD		COG4988	ATP-binding/permease protein CydD
ANT_1_01937	gene	966	trxB			
ANT_1_01937	CDS	966	trxB	1.8.1.9	COG0492	Thioredoxin reductase
ANT_1_01938	gene	495	lrp_1			
ANT_1_01938	CDS	495	lrp_1		COG1522	Leucine-responsive regulatory protein
ANT_1_01939	gene	3360				
ANT_1_01939	CDS	3360				hypothetical protein
ANT_1_01940	gene	612	lolA_1			
ANT_1_01940	CDS	612	lolA_1		COG2834	Outer-membrane lipoprotein carrier protein
ANT_1_01941	gene	1344	rarA			
ANT_1_01941	CDS	1344	rarA		COG2256	Replication-associated recombination protein A
ANT_1_01942	gene	1293	serS			
ANT_1_01942	CDS	1293	serS	6.1.1.11	COG0172	Serine--tRNA ligase
ANT_1_01943	gene	1194	ycaD_2			
ANT_1_01943	CDS	1194	ycaD_2			putative MFS-type transporter YcaD
ANT_1_01944	gene	741	pflA			
ANT_1_01944	CDS	741	pflA	1.97.1.4	COG1180	Pyruvate formate-lyase 1-activating enzyme
ANT_1_01945	gene	2283	pflB			
ANT_1_01945	CDS	2283	pflB	2.3.1.54	COG1882	Formate acetyltransferase 1
ANT_1_01946	gene	858	focA_1			
ANT_1_01946	CDS	858	focA_1		COG2116	putative formate transporter 1
ANT_1_01947	gene	1758	ycaO			
ANT_1_01947	CDS	1758	ycaO		COG1944	Ribosomal protein S12 methylthiotransferase accessory factor YcaO
ANT_1_01948	gene	1086	serC			
ANT_1_01948	CDS	1086	serC	2.6.1.52	COG1932	Phosphoserine aminotransferase
ANT_1_01949	gene	1287	aroA_1			
ANT_1_01949	CDS	1287	aroA_1	2.5.1.19	COG0128	3-phosphoshikimate 1-carboxyvinyltransferase
ANT_1_01950	gene	684	cmk			
ANT_1_01950	CDS	684	cmk	2.7.4.25	COG0283	Cytidylate kinase
ANT_1_01951	gene	1677	rpsA			
ANT_1_01951	CDS	1677	rpsA		COG0539	30S ribosomal protein S1
ANT_1_01952	gene	288	ihfB			
ANT_1_01952	CDS	288	ihfB		COG0776	Integration host factor subunit beta
ANT_1_01953	gene	2265	comEC			
ANT_1_01953	CDS	2265	comEC		COG0658	ComE operon protein 3
ANT_1_01954	gene	1749	msbA			
ANT_1_01954	CDS	1749	msbA	7.5.2.6	COG1132	Lipid A export ATP-binding/permease protein MsbA
ANT_1_01955	gene	1005	lpxK			
ANT_1_01955	CDS	1005	lpxK	2.7.1.130	COG1663	Tetraacyldisaccharide 4'-kinase
ANT_1_01956	gene	1209				
ANT_1_01956	CDS	1209				hypothetical protein
ANT_1_01957	gene	183				
ANT_1_01957	CDS	183				hypothetical protein
ANT_1_01958	gene	747	kdsB			
ANT_1_01958	CDS	747	kdsB	2.7.7.38	COG1212	3-deoxy-manno-octulosonate cytidylyltransferase
ANT_1_01959	gene	894				
ANT_1_01959	CDS	894				hypothetical protein
ANT_1_01960	gene	789				
ANT_1_01960	CDS	789				hypothetical protein
ANT_1_01961	gene	786	cmoM			
ANT_1_01961	CDS	786	cmoM	2.1.1.-	COG0500	tRNA 5-carboxymethoxyuridine methyltransferase
ANT_1_01962	gene	1323	mukF			
ANT_1_01962	CDS	1323	mukF		COG3006	Chromosome partition protein MukF
ANT_1_01963	gene	726	mukE			
ANT_1_01963	CDS	726	mukE		COG3095	Chromosome partition protein MukE
ANT_1_01964	gene	4449	mukB			
ANT_1_01964	CDS	4449	mukB		COG3096	Chromosome partition protein MukB
ANT_1_01965	gene	1854	ycbB			
ANT_1_01965	CDS	1854	ycbB	2.-.-.-	COG2989	putative L,D-transpeptidase YcbB
ANT_1_01966	gene	549				
ANT_1_01966	CDS	549				hypothetical protein
ANT_1_01967	gene	630	gloC			
ANT_1_01967	CDS	630	gloC	3.1.2.6	COG0491	Hydroxyacylglutathione hydrolase GloC
ANT_1_01968	gene	1191	aspC			
ANT_1_01968	CDS	1191	aspC	2.6.1.1	COG1448	Aspartate aminotransferase
ANT_1_01969	gene	1092	ompD			
ANT_1_01969	CDS	1092	ompD		COG3203	Outer membrane porin protein OmpD
ANT_1_01970	gene	1401	asnS			
ANT_1_01970	CDS	1401	asnS	6.1.1.22	COG0017	Asparagine--tRNA ligase
ANT_1_01971	gene	1206	pncB			
ANT_1_01971	CDS	1206	pncB	6.3.4.21	COG1488	Nicotinate phosphoribosyltransferase
ANT_1_01972	gene	2616	pepN			
ANT_1_01972	CDS	2616	pepN	3.4.11.2	COG0308	Aminopeptidase N
ANT_1_01973	gene	789	ssuB_2			
ANT_1_01973	CDS	789	ssuB_2	3.6.3.-	COG1116	Aliphatic sulfonates import ATP-binding protein SsuB
ANT_1_01974	gene	792	ssuC_2			
ANT_1_01974	CDS	792	ssuC_2		COG0600	Putative aliphatic sulfonates transport permease protein SsuC
ANT_1_01975	gene	1146	ssuD			
ANT_1_01975	CDS	1146	ssuD	1.14.14.5	COG2141	Alkanesulfonate monooxygenase
ANT_1_01976	gene	963	ssuA_2			
ANT_1_01976	CDS	963	ssuA_2			Putative aliphatic sulfonates-binding protein
ANT_1_01977	gene	552	ssuE			
ANT_1_01977	CDS	552	ssuE	1.5.1.38	COG0431	FMN reductase (NADPH)
ANT_1_01978	gene	1011	pyrD			
ANT_1_01978	CDS	1011	pyrD	1.3.5.2	COG0167	Dihydroorotate dehydrogenase (quinone)
ANT_1_01979	gene	546	zapC			
ANT_1_01979	CDS	546	zapC			Cell division protein ZapC
ANT_1_01980	gene	1110	ycbX			
ANT_1_01980	CDS	1110	ycbX		COG0633	putative protein YcbX
ANT_1_01981	gene	2166	rlmL			
ANT_1_01981	CDS	2166	rlmL		COG0116	Ribosomal RNA large subunit methyltransferase K/L
ANT_1_01982	gene	1914	uup			
ANT_1_01982	CDS	1914	uup		COG0488	ABC transporter ATP-binding protein uup
ANT_1_01983	gene	1275	pqiA			
ANT_1_01983	CDS	1275	pqiA		COG2995	Intermembrane transport protein PqiA
ANT_1_01984	gene	1641	pqiB			
ANT_1_01984	CDS	1641	pqiB		COG3008	Intermembrane transport protein PqiB
ANT_1_01985	gene	561	pqiC			
ANT_1_01985	CDS	561	pqiC		COG3009	Intermembrane transport lipoprotein PqiC
ANT_1_01986	gene	519	fabA			
ANT_1_01986	CDS	519	fabA	4.2.1.59	COG0764	3-hydroxydecanoyl-[acyl-carrier-protein] dehydratase
ANT_1_01987	gene	1806	lon_1			
ANT_1_01987	CDS	1806	lon_1	3.4.21.53		Lon protease
ANT_1_01988	gene	456	matP			
ANT_1_01988	CDS	456	matP		COG3120	Macrodomain Ter protein
ANT_1_01989	gene	1068	ompA			
ANT_1_01989	CDS	1068	ompA			Outer membrane protein A
ANT_1_01990	gene	507	sulA			
ANT_1_01990	CDS	507	sulA		COG5404	Cell division inhibitor SulA
ANT_1_01991	gene	831				
ANT_1_01991	CDS	831				hypothetical protein
ANT_1_01992	gene	630	sxy			
ANT_1_01992	CDS	630	sxy		COG3070	Protein Sxy
ANT_1_01993	gene	2130	yccS			
ANT_1_01993	CDS	2130	yccS		COG1289	Inner membrane protein YccS
ANT_1_01994	gene	447	yccF			
ANT_1_01994	CDS	447	yccF		COG3304	Inner membrane protein YccF
ANT_1_01995	gene	2055	helD			
ANT_1_01995	CDS	2055	helD	3.6.4.12	COG0210	DNA helicase IV
ANT_1_01996	gene	459	mgsA			
ANT_1_01996	CDS	459	mgsA	4.2.3.3	COG1803	Methylglyoxal synthase
ANT_1_01997	gene	642				
ANT_1_01997	CDS	642				hypothetical protein
ANT_1_01998	gene	414	yccU			
ANT_1_01998	CDS	414	yccU		COG1832	putative protein YccU
ANT_1_01999	gene	318	hspQ			
ANT_1_01999	CDS	318	hspQ		COG3785	Heat shock protein HspQ
ANT_1_02000	gene	1191	rlmI			
ANT_1_02000	CDS	1191	rlmI	2.1.1.191	COG1092	Ribosomal RNA large subunit methyltransferase I
ANT_1_02001	gene	279	yccX			
ANT_1_02001	CDS	279	yccX	3.6.1.7	COG1254	Acylphosphatase
ANT_1_02002	gene	327	tusE			
ANT_1_02002	CDS	327	tusE	2.8.1.-	COG2920	Sulfurtransferase TusE
ANT_1_02003	gene	657	yccA			
ANT_1_02003	CDS	657	yccA		COG0670	Modulator of FtsH protease YccA
ANT_1_02004	gene	88				
ANT_1_02004	tRNA	88				tRNA-Ser(tga)
ANT_1_02005	gene	88				
ANT_1_02005	tRNA	88				tRNA-Ser(tga)
ANT_1_02006	gene	1608				
ANT_1_02006	CDS	1608				hypothetical protein
ANT_1_02007	gene	1374	sad_1			
ANT_1_02007	CDS	1374	sad_1	1.2.1.16	COG1012	Succinate semialdehyde dehydrogenase [NAD(P)+] Sad
ANT_1_02008	gene	231	yccJ			
ANT_1_02008	CDS	231	yccJ			putative protein YccJ
ANT_1_02009	gene	189				
ANT_1_02009	CDS	189				hypothetical protein
ANT_1_02010	gene	906				
ANT_1_02010	CDS	906				hypothetical protein
ANT_1_02011	gene	1329	rutG			
ANT_1_02011	CDS	1329	rutG		COG2233	Putative pyrimidine permease RutG
ANT_1_02012	gene	525	rutF			
ANT_1_02012	CDS	525	rutF	1.5.1.42	COG1853	FMN reductase (NADH) RutF
ANT_1_02013	gene	591	rutE			
ANT_1_02013	CDS	591	rutE	1.1.1.298	COG0778	putative malonic semialdehyde reductase RutE
ANT_1_02014	gene	825	rutD			
ANT_1_02014	CDS	825	rutD	3.5.1.-		Putative aminoacrylate hydrolase RutD
ANT_1_02015	gene	387	rutC_2			
ANT_1_02015	CDS	387	rutC_2	1.-.-.-	COG0251	Putative aminoacrylate peracid reductase RutC
ANT_1_02016	gene	747	rutB_1			
ANT_1_02016	CDS	747	rutB_1	3.5.1.110	COG1335	Peroxyureidoacrylate/ureidoacrylate amidohydrolase RutB
ANT_1_02017	gene	1092	rutA			
ANT_1_02017	CDS	1092	rutA	1.14.99.46	COG2141	Pyrimidine monooxygenase RutA
ANT_1_02018	gene	648	rutR			
ANT_1_02018	CDS	648	rutR		COG1309	HTH-type transcriptional regulator RutR
ANT_1_02019	gene	981				
ANT_1_02019	CDS	981				hypothetical protein
ANT_1_02020	gene	1395	cycA_2			
ANT_1_02020	CDS	1395	cycA_2		COG1113	D-serine/D-alanine/glycine transporter
ANT_1_02021	gene	699				
ANT_1_02021	CDS	699				hypothetical protein
ANT_1_02022	gene	723	sdiA			
ANT_1_02022	CDS	723	sdiA		COG2771	Regulatory protein SdiA
ANT_1_02023	gene	621				
ANT_1_02023	CDS	621				hypothetical protein
ANT_1_02024	gene	342	ydgC			
ANT_1_02024	CDS	342	ydgC		COG3136	Inner membrane protein YdgC
ANT_1_02025	gene	225				
ANT_1_02025	CDS	225				hypothetical protein
ANT_1_02026	gene	660	uvrY			
ANT_1_02026	CDS	660	uvrY		COG2197	Response regulator UvrY
ANT_1_02027	gene	1833	uvrC			
ANT_1_02027	CDS	1833	uvrC		COG0322	UvrABC system protein C
ANT_1_02028	gene	549	pgsA			
ANT_1_02028	CDS	549	pgsA	2.7.8.5	COG0558	CDP-diacylglycerol--glycerol-3-phosphate 3-phosphatidyltransferase
ANT_1_02029	gene	76				
ANT_1_02029	tRNA	76				tRNA-Gly(gcc)
ANT_1_02030	gene	74				
ANT_1_02030	tRNA	74				tRNA-Cys(gca)
ANT_1_02031	gene	86				
ANT_1_02031	tRNA	86				tRNA-Leu(taa)
ANT_1_02032	gene	525				
ANT_1_02032	CDS	525				hypothetical protein
ANT_1_02033	gene	978				
ANT_1_02033	CDS	978				hypothetical protein
ANT_1_02034	gene	525				
ANT_1_02034	CDS	525				hypothetical protein
ANT_1_02035	gene	1227				
ANT_1_02035	CDS	1227				hypothetical protein
ANT_1_02036	gene	258				
ANT_1_02036	CDS	258				hypothetical protein
ANT_1_02037	gene	309				
ANT_1_02037	CDS	309				hypothetical protein
ANT_1_02038	gene	195				
ANT_1_02038	CDS	195				hypothetical protein
ANT_1_02039	gene	3486				
ANT_1_02039	CDS	3486				hypothetical protein
ANT_1_02040	gene	336				
ANT_1_02040	CDS	336				hypothetical protein
ANT_1_02041	gene	279				
ANT_1_02041	CDS	279				hypothetical protein
ANT_1_02042	gene	1755				
ANT_1_02042	CDS	1755				hypothetical protein
ANT_1_02043	gene	1086				
ANT_1_02043	CDS	1086				hypothetical protein
ANT_1_02044	gene	546				
ANT_1_02044	CDS	546				hypothetical protein
ANT_1_02045	gene	456				
ANT_1_02045	CDS	456				hypothetical protein
ANT_1_02046	gene	1179	dapL			
ANT_1_02046	CDS	1179	dapL	2.6.1.83	COG0436	LL-diaminopimelate aminotransferase
ANT_1_02047	gene	807	metQ_3			
ANT_1_02047	CDS	807	metQ_3		COG1464	putative D-methionine-binding lipoprotein MetQ
ANT_1_02048	gene	1014	metN_3			
ANT_1_02048	CDS	1014	metN_3	3.6.3.-	COG1135	Methionine import ATP-binding protein MetN
ANT_1_02049	gene	669	metI_3			
ANT_1_02049	CDS	669	metI_3		COG2011	D-methionine transport system permease protein MetI
ANT_1_02050	gene	2334	dmsA			
ANT_1_02050	CDS	2334	dmsA	1.7.2.3	COG0243	Dimethyl sulfoxide/trimethylamine N-oxide reductase
ANT_1_02051	gene	1071	gldA			
ANT_1_02051	CDS	1071	gldA	1.1.1.6	COG0371	Glycerol dehydrogenase
ANT_1_02052	gene	76				
ANT_1_02052	tRNA	76				tRNA-Phe(gaa)
ANT_1_02053	gene	1233				
ANT_1_02053	CDS	1233				hypothetical protein
ANT_1_02054	gene	555				
ANT_1_02054	CDS	555				hypothetical protein
ANT_1_02055	gene	399				
ANT_1_02055	CDS	399				putative protein
ANT_1_02056	gene	726				
ANT_1_02056	CDS	726				hypothetical protein
ANT_1_02057	gene	2142	speC			
ANT_1_02057	CDS	2142	speC	4.1.1.17	COG1982	Constitutive ornithine decarboxylase
ANT_1_02058	gene	615				
ANT_1_02058	CDS	615				hypothetical protein
ANT_1_02059	gene	1221				
ANT_1_02059	CDS	1221				hypothetical protein
ANT_1_02060	gene	831				
ANT_1_02060	CDS	831				hypothetical protein
ANT_1_02061	gene	276				
ANT_1_02061	CDS	276				hypothetical protein
ANT_1_02062	gene	363				
ANT_1_02062	CDS	363				hypothetical protein
ANT_1_02063	gene	1098	mltC			
ANT_1_02063	CDS	1098	mltC	4.2.2.-	COG0741	Membrane-bound lytic murein transglycosylase C
ANT_1_02064	gene	273	yggX			
ANT_1_02064	CDS	273	yggX		COG2924	putative Fe(2+)-trafficking protein
ANT_1_02065	gene	1086	mutY			
ANT_1_02065	CDS	1086	mutY	3.2.2.31	COG1194	Adenine DNA glycosylase
ANT_1_02066	gene	720	trmB			
ANT_1_02066	CDS	720	trmB	2.1.1.33	COG0220	tRNA (guanine-N(7)-)-methyltransferase
ANT_1_02067	gene	327				
ANT_1_02067	CDS	327			COG3171	putative protein
ANT_1_02068	gene	156				
ANT_1_02068	CDS	156				hypothetical protein
ANT_1_02069	gene	552				
ANT_1_02069	CDS	552				hypothetical protein
ANT_1_02070	gene	246				
ANT_1_02070	CDS	246				hypothetical protein
ANT_1_02071	gene	750				
ANT_1_02071	CDS	750				hypothetical protein
ANT_1_02072	gene	954	kdgK_1			
ANT_1_02072	CDS	954	kdgK_1	2.7.1.45	COG0524	2-dehydro-3-deoxygluconokinase
ANT_1_02073	gene	1287	ttuB_1			
ANT_1_02073	CDS	1287	ttuB_1			Putative tartrate transporter
ANT_1_02074	gene	966	tkrA			
ANT_1_02074	CDS	966	tkrA	1.1.1.79		Glyoxylate/hydroxypyruvate reductase B
ANT_1_02075	gene	1209				
ANT_1_02075	CDS	1209				hypothetical protein
ANT_1_02076	gene	1257	avtA			
ANT_1_02076	CDS	1257	avtA	2.6.1.66	COG3977	Valine--pyruvate aminotransferase
ANT_1_02077	gene	423	ibpA			
ANT_1_02077	CDS	423	ibpA		COG0071	Small heat shock protein IbpA
ANT_1_02078	gene	384				
ANT_1_02078	CDS	384				hypothetical protein
ANT_1_02079	gene	1269	tolB_2			
ANT_1_02079	CDS	1269	tolB_2			Tol-Pal system protein TolB
ANT_1_02080	gene	810	yidA			
ANT_1_02080	CDS	810	yidA	3.1.3.23	COG0561	Sugar phosphatase YidA
ANT_1_02081	gene	2409	gyrB			
ANT_1_02081	CDS	2409	gyrB	5.6.2.2	COG0187	DNA gyrase subunit B
ANT_1_02082	gene	1086	recF			
ANT_1_02082	CDS	1086	recF		COG1195	DNA replication and repair protein RecF
ANT_1_02083	gene	1101	dnaN			
ANT_1_02083	CDS	1101	dnaN		COG0592	Beta sliding clamp
ANT_1_02084	gene	1392	dnaA			
ANT_1_02084	CDS	1392	dnaA		COG0593	Chromosomal replication initiator protein DnaA
ANT_1_02085	gene	327	rnpA			
ANT_1_02085	CDS	327	rnpA	3.1.26.5	COG0594	Ribonuclease P protein component
ANT_1_02086	gene	243	yidD			
ANT_1_02086	CDS	243	yidD		COG0759	Putative membrane protein insertion efficiency factor
ANT_1_02087	gene	1647	yidC			
ANT_1_02087	CDS	1647	yidC		COG0706	Membrane protein insertase YidC
ANT_1_02088	gene	1365	mnmE			
ANT_1_02088	CDS	1365	mnmE	3.6.-.-	COG0486	tRNA modification GTPase MnmE
ANT_1_02089	gene	744				
ANT_1_02089	CDS	744				hypothetical protein
ANT_1_02090	gene	1314	adeP			
ANT_1_02090	CDS	1314	adeP		COG2252	Adenine permease AdeP
ANT_1_02091	gene	129				
ANT_1_02091	CDS	129				hypothetical protein
ANT_1_02092	gene	666	yieH			
ANT_1_02092	CDS	666	yieH	3.1.3.-	COG0637	6-phosphogluconate phosphatase
ANT_1_02093	gene	1239	yjhB_2			
ANT_1_02093	CDS	1239	yjhB_2			Putative metabolite transport protein YjhB
ANT_1_02094	gene	738	phoU			
ANT_1_02094	CDS	738	phoU		COG0704	Phosphate-specific transport system accessory protein PhoU
ANT_1_02095	gene	768	pstB			
ANT_1_02095	CDS	768	pstB	7.3.2.1	COG1117	Phosphate import ATP-binding protein PstB
ANT_1_02096	gene	888	pstA			
ANT_1_02096	CDS	888	pstA		COG0581	Phosphate transport system permease protein PstA
ANT_1_02097	gene	963	pstC			
ANT_1_02097	CDS	963	pstC		COG0573	Phosphate transport system permease protein PstC
ANT_1_02098	gene	1041	pstS_1			
ANT_1_02098	CDS	1041	pstS_1		COG0226	Phosphate-binding protein PstS
ANT_1_02099	gene	1116	xylB			
ANT_1_02099	CDS	1116	xylB	1.1.1.90		Aryl-alcohol dehydrogenase
ANT_1_02100	gene	921	dmlR_4			
ANT_1_02100	CDS	921	dmlR_4			HTH-type transcriptional regulator DmlR
ANT_1_02101	gene	1383	hsrA_1			
ANT_1_02101	CDS	1383	hsrA_1			putative transport protein HsrA
ANT_1_02102	gene	378				
ANT_1_02102	CDS	378				hypothetical protein
ANT_1_02103	gene	1833	glmS			
ANT_1_02103	CDS	1833	glmS	2.6.1.16	COG0449	Glutamine--fructose-6-phosphate aminotransferase [isomerizing]
ANT_1_02104	gene	1374	glmU			
ANT_1_02104	CDS	1374	glmU			Bifunctional protein GlmU
ANT_1_02105	gene	414	atpC			
ANT_1_02105	CDS	414	atpC		COG0355	ATP synthase epsilon chain
ANT_1_02106	gene	1383	atpD			
ANT_1_02106	CDS	1383	atpD	7.1.2.2	COG0055	ATP synthase subunit beta
ANT_1_02107	gene	870	atpG			
ANT_1_02107	CDS	870	atpG		COG0224	ATP synthase gamma chain
ANT_1_02108	gene	1542	atpA			
ANT_1_02108	CDS	1542	atpA	7.1.2.2		ATP synthase subunit alpha
ANT_1_02109	gene	534	atpH			
ANT_1_02109	CDS	534	atpH		COG0712	ATP synthase subunit delta
ANT_1_02110	gene	471	atpF			
ANT_1_02110	CDS	471	atpF		COG0711	ATP synthase subunit b
ANT_1_02111	gene	240	atpE			
ANT_1_02111	CDS	240	atpE		COG0636	ATP synthase subunit c
ANT_1_02112	gene	816	atpB			
ANT_1_02112	CDS	816	atpB		COG0356	ATP synthase subunit a
ANT_1_02113	gene	384	atpI			
ANT_1_02113	CDS	384	atpI		COG3312	ATP synthase protein I
ANT_1_02114	gene	621	rsmG			
ANT_1_02114	CDS	621	rsmG	2.1.1.170	COG0357	Ribosomal RNA small subunit methyltransferase G
ANT_1_02115	gene	1890	mnmG			
ANT_1_02115	CDS	1890	mnmG		COG0445	tRNA uridine 5-carboxymethylaminomethyl modification enzyme MnmG
ANT_1_02116	gene	441	mioC			
ANT_1_02116	CDS	441	mioC		COG0716	Protein MioC
ANT_1_02117	gene	462	asnC			
ANT_1_02117	CDS	462	asnC		COG1522	Regulatory protein AsnC
ANT_1_02118	gene	2139	egtB			
ANT_1_02118	CDS	2139	egtB	1.14.99.50		Hercynine oxygenase
ANT_1_02119	gene	1461	viaA			
ANT_1_02119	CDS	1461	viaA		COG2425	Protein ViaA
ANT_1_02120	gene	1500	ravA			
ANT_1_02120	CDS	1500	ravA	3.6.3.-	COG0714	ATPase RavA
ANT_1_02121	gene	1869	kup			
ANT_1_02121	CDS	1869	kup			Low affinity potassium transport system protein kup
ANT_1_02122	gene	1341	qseC			
ANT_1_02122	CDS	1341	qseC	2.7.13.3		Sensor protein QseC
ANT_1_02123	gene	663	qseB			
ANT_1_02123	CDS	663	qseB			Transcriptional regulatory protein QseB
ANT_1_02124	gene	402	ygiW			
ANT_1_02124	CDS	402	ygiW		COG3111	Protein YgiW
ANT_1_02125	gene	882	catM_2			
ANT_1_02125	CDS	882	catM_2			HTH-type transcriptional regulator CatM
ANT_1_02126	gene	783	budA			
ANT_1_02126	CDS	783	budA	4.1.1.5		Alpha-acetolactate decarboxylase
ANT_1_02127	gene	1680	budB			
ANT_1_02127	CDS	1680	budB	2.2.1.6	COG0028	Acetolactate synthase, catabolic
ANT_1_02128	gene	294				
ANT_1_02128	CDS	294				hypothetical protein
ANT_1_02129	gene	1614				
ANT_1_02129	CDS	1614				hypothetical protein
ANT_1_02130	gene	420	rbsD			
ANT_1_02130	CDS	420	rbsD	5.4.99.62	COG1869	D-ribose pyranase
ANT_1_02131	gene	1512	rbsA_2			
ANT_1_02131	CDS	1512	rbsA_2	7.5.2.7	COG1129	Ribose import ATP-binding protein RbsA
ANT_1_02132	gene	969	rbsC_2			
ANT_1_02132	CDS	969	rbsC_2		COG1172	Ribose import permease protein RbsC
ANT_1_02133	gene	882	rbsB_2			
ANT_1_02133	CDS	882	rbsB_2		COG1879	Ribose import binding protein RbsB
ANT_1_02134	gene	930	rbsK_1			
ANT_1_02134	CDS	930	rbsK_1	2.7.1.15	COG0524	Ribokinase
ANT_1_02135	gene	1002	rbsR_1			
ANT_1_02135	CDS	1002	rbsR_1		COG1609	Ribose operon repressor
ANT_1_02136	gene	1401	hsrA_2			
ANT_1_02136	CDS	1401	hsrA_2			putative transport protein HsrA
ANT_1_02137	gene	1962				
ANT_1_02137	CDS	1962				hypothetical protein
ANT_1_02138	gene	1380				
ANT_1_02138	CDS	1380				hypothetical protein
ANT_1_02139	gene	294				
ANT_1_02139	CDS	294				hypothetical protein
ANT_1_02140	gene	1068	btuD_5			
ANT_1_02140	CDS	1068	btuD_5	7.6.2.8		Vitamin B12 import ATP-binding protein BtuD
ANT_1_02141	gene	978				
ANT_1_02141	CDS	978			COG1840	putative protein
ANT_1_02142	gene	1737				
ANT_1_02142	CDS	1737				hypothetical protein
ANT_1_02143	gene	1266				
ANT_1_02143	CDS	1266				hypothetical protein
ANT_1_02144	gene	1524	abgT			
ANT_1_02144	CDS	1524	abgT		COG2978	p-aminobenzoyl-glutamate transport protein
ANT_1_02145	gene	1449	abgB			
ANT_1_02145	CDS	1449	abgB	3.5.1.-	COG1473	p-aminobenzoyl-glutamate hydrolase subunit B
ANT_1_02146	gene	1317	iaaH			
ANT_1_02146	CDS	1317	iaaH	3.5.1.-		Indole-3-acetyl-aspartic acid hydrolase
ANT_1_02147	gene	897	tsaR			
ANT_1_02147	CDS	897	tsaR			HTH-type transcriptional regulator TsaR
ANT_1_02148	gene	1101				
ANT_1_02148	CDS	1101				hypothetical protein
ANT_1_02149	gene	1134				
ANT_1_02149	CDS	1134				hypothetical protein
ANT_1_02150	gene	495				
ANT_1_02150	CDS	495				hypothetical protein
ANT_1_02151	gene	1464	bcsE			
ANT_1_02151	CDS	1464	bcsE			Cyclic di-GMP binding protein BcsE
ANT_1_02152	gene	1494				
ANT_1_02152	CDS	1494				hypothetical protein
ANT_1_02153	gene	864				
ANT_1_02153	CDS	864				hypothetical protein
ANT_1_02154	gene	603				
ANT_1_02154	CDS	603				hypothetical protein
ANT_1_02155	gene	1701				
ANT_1_02155	CDS	1701				hypothetical protein
ANT_1_02156	gene	543	smfA_2			
ANT_1_02156	CDS	543	smfA_2			Fimbria A protein
ANT_1_02157	gene	540	papH_2			
ANT_1_02157	CDS	540	papH_2			PAP fimbrial minor pilin protein
ANT_1_02158	gene	2553	papC_2			
ANT_1_02158	CDS	2553	papC_2		COG3188	Outer membrane usher protein PapC
ANT_1_02159	gene	753	yfcS_1			
ANT_1_02159	CDS	753	yfcS_1		COG3121	putative fimbrial chaperone YfcS
ANT_1_02160	gene	657				
ANT_1_02160	CDS	657				hypothetical protein
ANT_1_02161	gene	507	yfcQ_3			
ANT_1_02161	CDS	507	yfcQ_3			putative fimbrial-like protein YfcQ
ANT_1_02162	gene	516				
ANT_1_02162	CDS	516				hypothetical protein
ANT_1_02163	gene	486				
ANT_1_02163	CDS	486				hypothetical protein
ANT_1_02164	gene	471	yfcQ_4			
ANT_1_02164	CDS	471	yfcQ_4			putative fimbrial-like protein YfcQ
ANT_1_02165	gene	561	yfcP_2			
ANT_1_02165	CDS	561	yfcP_2			putative fimbrial-like protein YfcP
ANT_1_02166	gene	378				
ANT_1_02166	CDS	378				hypothetical protein
ANT_1_02167	gene	789				
ANT_1_02167	CDS	789				hypothetical protein
ANT_1_02168	gene	456				
ANT_1_02168	CDS	456				hypothetical protein
ANT_1_02169	gene	1275	dctA			
ANT_1_02169	CDS	1275	dctA		COG1301	Aerobic C4-dicarboxylate transport protein
ANT_1_02170	gene	1482	yhjJ			
ANT_1_02170	CDS	1482	yhjJ		COG0612	Protein YhjJ
ANT_1_02171	gene	876				
ANT_1_02171	CDS	876				hypothetical protein
ANT_1_02172	gene	1284				
ANT_1_02172	CDS	1284				hypothetical protein
ANT_1_02173	gene	933	kdgK_2			
ANT_1_02173	CDS	933	kdgK_2	2.7.1.45	COG0524	2-dehydro-3-deoxygluconokinase
ANT_1_02174	gene	774	pdeH_2			
ANT_1_02174	CDS	774	pdeH_2	3.1.4.52		Cyclic di-GMP phosphodiesterase PdeH
ANT_1_02175	gene	2040				
ANT_1_02175	CDS	2040				hypothetical protein
ANT_1_02176	gene	1329	yhjE			
ANT_1_02176	CDS	1329	yhjE			Inner membrane metabolite transport protein YhjE
ANT_1_02177	gene	2682	mgtB			
ANT_1_02177	CDS	2682	mgtB	7.2.2.14	COG0474	Magnesium-transporting ATPase, P-type 1
ANT_1_02178	gene	93				
ANT_1_02178	CDS	93				hypothetical protein
ANT_1_02179	gene	243				
ANT_1_02179	CDS	243				hypothetical protein
ANT_1_02180	gene	888	dmlR_5			
ANT_1_02180	CDS	888	dmlR_5			HTH-type transcriptional regulator DmlR
ANT_1_02181	gene	597				
ANT_1_02181	CDS	597				hypothetical protein
ANT_1_02182	gene	567	mntP			
ANT_1_02182	CDS	567	mntP		COG1971	putative manganese efflux pump MntP
ANT_1_02183	gene	771	rhaS_3			
ANT_1_02183	CDS	771	rhaS_3			HTH-type transcriptional activator RhaS
ANT_1_02184	gene	633				
ANT_1_02184	CDS	633				hypothetical protein
ANT_1_02185	gene	174				
ANT_1_02185	CDS	174				hypothetical protein
ANT_1_02186	gene	531	rutB_2			
ANT_1_02186	CDS	531	rutB_2	3.5.1.110		Peroxyureidoacrylate/ureidoacrylate amidohydrolase RutB
ANT_1_02187	gene	1617	pckA_2			
ANT_1_02187	CDS	1617	pckA_2	4.1.1.49	COG1866	Phosphoenolpyruvate carboxykinase (ATP)
ANT_1_02188	gene	894	yjiE			
ANT_1_02188	CDS	894	yjiE			HTH-type transcriptional regulator YjiE
ANT_1_02189	gene	1173	iolG_3			
ANT_1_02189	CDS	1173	iolG_3	1.1.1.369		Inositol 2-dehydrogenase/D-chiro-inositol 3-dehydrogenase
ANT_1_02190	gene	945	iolE_2			
ANT_1_02190	CDS	945	iolE_2	4.2.1.44	COG1082	Inosose dehydratase
ANT_1_02191	gene	1032				
ANT_1_02191	CDS	1032				hypothetical protein
ANT_1_02192	gene	618				
ANT_1_02192	CDS	618				hypothetical protein
ANT_1_02193	gene	867	rob_3			
ANT_1_02193	CDS	867	rob_3		COG2207	Right origin-binding protein
ANT_1_02194	gene	156				
ANT_1_02194	CDS	156				hypothetical protein
ANT_1_02195	gene	213				
ANT_1_02195	CDS	213				hypothetical protein
ANT_1_02196	gene	921	rihB			
ANT_1_02196	CDS	921	rihB	3.2.2.8	COG1957	Pyrimidine-specific ribonucleoside hydrolase RihB
ANT_1_02197	gene	396				
ANT_1_02197	CDS	396				hypothetical protein
ANT_1_02198	gene	921				
ANT_1_02198	CDS	921				hypothetical protein
ANT_1_02199	gene	1029				
ANT_1_02199	CDS	1029				hypothetical protein
ANT_1_02200	gene	90				
ANT_1_02200	CDS	90				hypothetical protein
ANT_1_02201	gene	1686	kdpA			
ANT_1_02201	CDS	1686	kdpA		COG2060	Potassium-transporting ATPase potassium-binding subunit
ANT_1_02202	gene	2049	kdpB			
ANT_1_02202	CDS	2049	kdpB	7.2.2.6	COG2216	Potassium-transporting ATPase ATP-binding subunit
ANT_1_02203	gene	576	kdpC			
ANT_1_02203	CDS	576	kdpC		COG2156	Potassium-transporting ATPase KdpC subunit
ANT_1_02204	gene	2691	kdpD			
ANT_1_02204	CDS	2691	kdpD	2.7.13.3	COG2205	Sensor protein KdpD
ANT_1_02205	gene	603	estB			
ANT_1_02205	CDS	603	estB	3.1.1.1	COG0400	Carboxylesterase 2
ANT_1_02206	gene	1833				
ANT_1_02206	CDS	1833		3.6.3.-	COG1132	Putative multidrug export ATP-binding/permease protein
ANT_1_02207	gene	1809				
ANT_1_02207	CDS	1809				hypothetical protein
ANT_1_02208	gene	1128				
ANT_1_02208	CDS	1128				hypothetical protein
ANT_1_02209	gene	906	viuB			
ANT_1_02209	CDS	906	viuB		COG2375	Vibriobactin utilization protein ViuB
ANT_1_02210	gene	909	pcpR_1			
ANT_1_02210	CDS	909	pcpR_1			PCP degradation transcriptional activation protein
ANT_1_02211	gene	333	soxS			
ANT_1_02211	CDS	333	soxS			Regulatory protein SoxS
ANT_1_02212	gene	204				
ANT_1_02212	CDS	204				hypothetical protein
ANT_1_02213	gene	651				
ANT_1_02213	CDS	651				hypothetical protein
ANT_1_02214	gene	666				
ANT_1_02214	CDS	666				hypothetical protein
ANT_1_02215	gene	2001	norR_2			
ANT_1_02215	CDS	2001	norR_2			Anaerobic nitric oxide reductase transcription regulator NorR
ANT_1_02216	gene	1020	iolG_4			
ANT_1_02216	CDS	1020	iolG_4	1.1.1.18	COG0673	Myo-inositol 2-dehydrogenase
ANT_1_02217	gene	780	otnI_2			
ANT_1_02217	CDS	780	otnI_2	5.3.1.35	COG3622	2-oxo-tetronate isomerase
ANT_1_02218	gene	924	thpA_2			
ANT_1_02218	CDS	924	thpA_2		COG1879	D-threitol-binding protein
ANT_1_02219	gene	897	axeA1			
ANT_1_02219	CDS	897	axeA1	3.1.1.72	COG0657	Acetylxylan esterase
ANT_1_02220	gene	909	yhaJ_1			
ANT_1_02220	CDS	909	yhaJ_1			HTH-type transcriptional regulator YhaJ
ANT_1_02221	gene	864				
ANT_1_02221	CDS	864				hypothetical protein
ANT_1_02222	gene	540				
ANT_1_02222	CDS	540				hypothetical protein
ANT_1_02223	gene	1581	entS_2			
ANT_1_02223	CDS	1581	entS_2			Enterobactin exporter EntS
ANT_1_02224	gene	114				
ANT_1_02224	CDS	114				hypothetical protein
ANT_1_02225	gene	642				
ANT_1_02225	CDS	642				hypothetical protein
ANT_1_02226	gene	279				
ANT_1_02226	CDS	279				hypothetical protein
ANT_1_02227	gene	1422				
ANT_1_02227	CDS	1422				hypothetical protein
ANT_1_02228	gene	294				
ANT_1_02228	CDS	294				hypothetical protein
ANT_1_02229	gene	189	clpX_1			
ANT_1_02229	CDS	189	clpX_1		COG1219	ATP-dependent Clp protease ATP-binding subunit ClpX
ANT_1_02230	gene	594	clpP_1			
ANT_1_02230	CDS	594	clpP_1	3.4.21.92	COG0740	ATP-dependent Clp protease proteolytic subunit
ANT_1_02231	gene	95				
ANT_1_02231	tRNA	95				tRNA-SeC(tca)
ANT_1_02232	gene	543				
ANT_1_02232	CDS	543				hypothetical protein
ANT_1_02233	gene	921	cdhR_1			
ANT_1_02233	CDS	921	cdhR_1		COG4977	HTH-type transcriptional regulator CdhR
ANT_1_02234	gene	438				
ANT_1_02234	CDS	438				hypothetical protein
ANT_1_02235	gene	996	wecH_1			
ANT_1_02235	CDS	996	wecH_1	2.3.1.-	COG3274	O-acetyltransferase WecH
ANT_1_02236	gene	912	glyQ			
ANT_1_02236	CDS	912	glyQ	6.1.1.14	COG0752	Glycine--tRNA ligase alpha subunit
ANT_1_02237	gene	2070	glyS			
ANT_1_02237	CDS	2070	glyS	6.1.1.14	COG0751	Glycine--tRNA ligase beta subunit
ANT_1_02238	gene	294				
ANT_1_02238	CDS	294				hypothetical protein
ANT_1_02239	gene	267				
ANT_1_02239	CDS	267				hypothetical protein
ANT_1_02240	gene	717				
ANT_1_02240	CDS	717				hypothetical protein
ANT_1_02241	gene	1929	mtlA			
ANT_1_02241	CDS	1929	mtlA		COG2213	PTS system mannitol-specific EIICBA component
ANT_1_02242	gene	1149	mtlD			
ANT_1_02242	CDS	1149	mtlD	1.1.1.17	COG0246	Mannitol-1-phosphate 5-dehydrogenase
ANT_1_02243	gene	627	mtlR			
ANT_1_02243	CDS	627	mtlR		COG3722	Mannitol operon repressor
ANT_1_02244	gene	363	yibL			
ANT_1_02244	CDS	363	yibL			putative protein YibL
ANT_1_02245	gene	636				
ANT_1_02245	CDS	636				hypothetical protein
ANT_1_02246	gene	396				
ANT_1_02246	CDS	396				hypothetical protein
ANT_1_02247	gene	2037				
ANT_1_02247	CDS	2037				hypothetical protein
ANT_1_02248	gene	261				
ANT_1_02248	CDS	261				hypothetical protein
ANT_1_02249	gene	789				
ANT_1_02249	CDS	789				hypothetical protein
ANT_1_02250	gene	483				
ANT_1_02250	CDS	483				hypothetical protein
ANT_1_02251	gene	1068				
ANT_1_02251	CDS	1068				hypothetical protein
ANT_1_02252	gene	1005	rbsC_3			
ANT_1_02252	CDS	1005	rbsC_3		COG1172	Ribose import permease protein RbsC
ANT_1_02253	gene	1506	mglA_1			
ANT_1_02253	CDS	1506	mglA_1	7.5.2.11	COG1129	Galactose/methyl galactoside import ATP-binding protein MglA
ANT_1_02254	gene	618	sodA			
ANT_1_02254	CDS	618	sodA	1.15.1.1	COG0605	Superoxide dismutase [Mn]
ANT_1_02255	gene	1341	dgdA			
ANT_1_02255	CDS	1341	dgdA	4.1.1.64		2,2-dialkylglycine decarboxylase
ANT_1_02256	gene	777	glpR_4			
ANT_1_02256	CDS	777	glpR_4		COG1349	Glycerol-3-phosphate regulon repressor
ANT_1_02257	gene	849	fdhD			
ANT_1_02257	CDS	849	fdhD		COG1526	Sulfur carrier protein FdhD
ANT_1_02258	gene	588	fdoG_1			
ANT_1_02258	CDS	588	fdoG_1	1.17.1.9	COG0243	Formate dehydrogenase-O major subunit
ANT_1_02259	gene	2421	fdoG_2			
ANT_1_02259	CDS	2421	fdoG_2	1.17.1.9	COG0243	Formate dehydrogenase-O major subunit
ANT_1_02260	gene	891	fdoH			
ANT_1_02260	CDS	891	fdoH		COG0437	Formate dehydrogenase-O iron-sulfur subunit
ANT_1_02261	gene	651	fdoI			
ANT_1_02261	CDS	651	fdoI		COG2864	Formate dehydrogenase, cytochrome b556(fdo) subunit
ANT_1_02262	gene	921	fdhE			
ANT_1_02262	CDS	921	fdhE		COG3058	Protein FdhE
ANT_1_02263	gene	612	yibF			
ANT_1_02263	CDS	612	yibF		COG0625	putative GST-like protein YibF
ANT_1_02264	gene	1380	selA			
ANT_1_02264	CDS	1380	selA	2.9.1.1	COG1921	L-seryl-tRNA(Sec) selenium transferase
ANT_1_02265	gene	1839	selB			
ANT_1_02265	CDS	1839	selB		COG3276	Selenocysteine-specific elongation factor
ANT_1_02266	gene	564	tag_2			
ANT_1_02266	CDS	564	tag_2	3.2.2.20	COG2818	DNA-3-methyladenine glycosylase 1
ANT_1_02267	gene	663	yiaD			
ANT_1_02267	CDS	663	yiaD		COG2885	putative lipoprotein YiaD
ANT_1_02268	gene	987	rafR			
ANT_1_02268	CDS	987	rafR			HTH-type transcriptional regulator RafR
ANT_1_02269	gene	1029	kdgR_2			
ANT_1_02269	CDS	1029	kdgR_2		COG1609	HTH-type transcriptional regulator KdgR
ANT_1_02270	gene	399	fliS_2			
ANT_1_02270	CDS	399	fliS_2		COG1516	Flagellar secretion chaperone FliS
ANT_1_02271	gene	1404	fliD_2			
ANT_1_02271	CDS	1404	fliD_2		COG1345	Flagellar hook-associated protein 2
ANT_1_02272	gene	1299	fliC_2			
ANT_1_02272	CDS	1299	fliC_2		COG1344	Flagellin
ANT_1_02273	gene	1206				
ANT_1_02273	CDS	1206				hypothetical protein
ANT_1_02274	gene	513	ytmI			
ANT_1_02274	CDS	513	ytmI	2.3.1.-		putative N-acetyltransferase YtmI
ANT_1_02275	gene	939	pnl			
ANT_1_02275	CDS	939	pnl	4.2.2.10		Pectin lyase
ANT_1_02276	gene	1935				
ANT_1_02276	CDS	1935				hypothetical protein
ANT_1_02277	gene	1248	ybdG			
ANT_1_02277	CDS	1248	ybdG		COG0668	Miniconductance mechanosensitive channel YbdG
ANT_1_02278	gene	210				
ANT_1_02278	CDS	210				hypothetical protein
ANT_1_02279	gene	159				
ANT_1_02279	CDS	159				hypothetical protein
ANT_1_02280	gene	1227	yhjX			
ANT_1_02280	CDS	1227	yhjX			putative MFS-type transporter YhjX
ANT_1_02281	gene	180				
ANT_1_02281	CDS	180				hypothetical protein
ANT_1_02282	gene	282				
ANT_1_02282	CDS	282				hypothetical protein
ANT_1_02283	gene	810				
ANT_1_02283	CDS	810				hypothetical protein
ANT_1_02284	gene	450				
ANT_1_02284	CDS	450				hypothetical protein
ANT_1_02285	gene	786	srpS			
ANT_1_02285	CDS	786	srpS			HTH-type transcriptional regulator SrpS
ANT_1_02286	gene	1602	emrB_2			
ANT_1_02286	CDS	1602	emrB_2			Multidrug export protein EmrB
ANT_1_02287	gene	1029	emrA_2			
ANT_1_02287	CDS	1029	emrA_2			Colistin resistance protein EmrA
ANT_1_02288	gene	150				
ANT_1_02288	CDS	150				hypothetical protein
ANT_1_02289	gene	1236	alaC			
ANT_1_02289	CDS	1236	alaC	2.6.1.2	COG0436	Glutamate-pyruvate aminotransferase AlaC
ANT_1_02290	gene	528				
ANT_1_02290	CDS	528				hypothetical protein
ANT_1_02291	gene	1242	ybiU			
ANT_1_02291	CDS	1242	ybiU			putative protein YbiU
ANT_1_02292	gene	1692	ypdA			
ANT_1_02292	CDS	1692	ypdA	2.7.13.3	COG3275	Sensor histidine kinase YpdA
ANT_1_02293	gene	729	ypdB			
ANT_1_02293	CDS	729	ypdB		COG3279	Transcriptional regulatory protein YpdB
ANT_1_02294	gene	969	glk			
ANT_1_02294	CDS	969	glk	2.7.1.2	COG0837	Glucokinase
ANT_1_02295	gene	1653	ipdC			
ANT_1_02295	CDS	1653	ipdC	4.1.1.74	COG3961	Indole-3-pyruvate decarboxylase
ANT_1_02296	gene	990	gpr			
ANT_1_02296	CDS	990	gpr	1.1.1.-	COG0667	L-glyceraldehyde 3-phosphate reductase
ANT_1_02297	gene	369				
ANT_1_02297	CDS	369				hypothetical protein
ANT_1_02298	gene	1239	mntH			
ANT_1_02298	CDS	1239	mntH		COG1914	Divalent metal cation transporter MntH
ANT_1_02299	gene	132				
ANT_1_02299	CDS	132				hypothetical protein
ANT_1_02300	gene	1185	nupC_2			
ANT_1_02300	CDS	1185	nupC_2		COG1972	Nucleoside permease NupC
ANT_1_02301	gene	76				
ANT_1_02301	tRNA	76				tRNA-Ala(ggc)
ANT_1_02302	gene	789	focA_2			
ANT_1_02302	CDS	789	focA_2		COG2116	putative formate transporter 1
ANT_1_02303	gene	351				
ANT_1_02303	CDS	351				hypothetical protein
ANT_1_02304	gene	1410	gltX			
ANT_1_02304	CDS	1410	gltX	6.1.1.17	COG0008	Glutamate--tRNA ligase
ANT_1_02305	gene	76				
ANT_1_02305	tRNA	76				tRNA-Val(tac)
ANT_1_02306	gene	76				
ANT_1_02306	tRNA	76				tRNA-Val(tac)
ANT_1_02307	gene	76				
ANT_1_02307	tRNA	76				tRNA-Val(tac)
ANT_1_02308	gene	76				
ANT_1_02308	tRNA	76				tRNA-Lys(ttt)
ANT_1_02309	gene	1458	alkA			
ANT_1_02309	CDS	1458	alkA		COG0122	putative bifunctional transcriptional activator/DNA repair enzyme AlkA
ANT_1_02310	gene	507	ogt			
ANT_1_02310	CDS	507	ogt	2.1.1.63	COG0350	Methylated-DNA--protein-cysteine methyltransferase
ANT_1_02311	gene	1062	nadA			
ANT_1_02311	CDS	1062	nadA	2.5.1.72	COG0379	Quinolinate synthase A
ANT_1_02312	gene	699	pnuC			
ANT_1_02312	CDS	699	pnuC		COG3201	Nicotinamide riboside transporter PnuC
ANT_1_02313	gene	933	zitB			
ANT_1_02313	CDS	933	zitB		COG1230	Zinc transporter ZitB
ANT_1_02314	gene	97				
ANT_1_02314	tRNA	97				tRNA-Val(gac)
ANT_1_02315	gene	591	bvgA_1			
ANT_1_02315	CDS	591	bvgA_1			Virulence factors putative positive transcription regulator BvgA
ANT_1_02316	gene	333				
ANT_1_02316	CDS	333				hypothetical protein
ANT_1_02317	gene	1053	aroG			
ANT_1_02317	CDS	1053	aroG	2.5.1.54	COG0722	Phospho-2-dehydro-3-deoxyheptonate aldolase, Phe-sensitive
ANT_1_02318	gene	819	gpmA			
ANT_1_02318	CDS	819	gpmA	5.4.2.11	COG0588	2,3-bisphosphoglycerate-dependent phosphoglycerate mutase
ANT_1_02319	gene	1032	galM			
ANT_1_02319	CDS	1032	galM	5.1.3.3	COG2017	Aldose 1-epimerase
ANT_1_02320	gene	1149	galK			
ANT_1_02320	CDS	1149	galK	2.7.1.6	COG0153	Galactokinase
ANT_1_02321	gene	1044	galT			
ANT_1_02321	CDS	1044	galT	2.7.7.12	COG1085	Galactose-1-phosphate uridylyltransferase
ANT_1_02322	gene	1482	modF			
ANT_1_02322	CDS	1482	modF		COG1119	ABC transporter ATP-binding protein ModF
ANT_1_02323	gene	780	modE			
ANT_1_02323	CDS	780	modE		COG2005	DNA-binding transcriptional dual regulator ModE
ANT_1_02324	gene	165	acrZ			
ANT_1_02324	CDS	165	acrZ			Multidrug efflux pump accessory protein AcrZ
ANT_1_02325	gene	774	modA			
ANT_1_02325	CDS	774	modA		COG0725	Molybdate-binding protein ModA
ANT_1_02326	gene	690	modB			
ANT_1_02326	CDS	690	modB		COG4149	Molybdenum transport system permease protein ModB
ANT_1_02327	gene	1059	btuD_6			
ANT_1_02327	CDS	1059	btuD_6	7.6.2.8		Vitamin B12 import ATP-binding protein BtuD
ANT_1_02328	gene	819	ybhA			
ANT_1_02328	CDS	819	ybhA	3.1.3.74	COG0561	Pyridoxal phosphate phosphatase YbhA
ANT_1_02329	gene	996	pgl			
ANT_1_02329	CDS	996	pgl	3.1.1.31	COG2706	6-phosphogluconolactonase
ANT_1_02330	gene	471				
ANT_1_02330	CDS	471				hypothetical protein
ANT_1_02331	gene	681	hchA			
ANT_1_02331	CDS	681	hchA	3.5.1.124		Protein/nucleic acid deglycase HchA
ANT_1_02332	gene	1047	curA			
ANT_1_02332	CDS	1047	curA	1.3.1.-	COG2130	NADPH-dependent curcumin reductase
ANT_1_02333	gene	1293	bioA			
ANT_1_02333	CDS	1293	bioA	2.6.1.62	COG0161	Adenosylmethionine-8-amino-7-oxononanoate aminotransferase
ANT_1_02334	gene	1032	bioB			
ANT_1_02334	CDS	1032	bioB	2.8.1.6	COG0502	Biotin synthase
ANT_1_02335	gene	1152	bioF_2			
ANT_1_02335	CDS	1152	bioF_2	2.3.1.47	COG0156	8-amino-7-oxononanoate synthase
ANT_1_02336	gene	759	bioC			
ANT_1_02336	CDS	759	bioC	2.1.1.197	COG0500	Malonyl-[acyl-carrier protein] O-methyltransferase
ANT_1_02337	gene	669	bioD1_2			
ANT_1_02337	CDS	669	bioD1_2	6.3.3.3	COG0132	ATP-dependent dethiobiotin synthetase BioD 1
ANT_1_02338	gene	717	livF_3			
ANT_1_02338	CDS	717	livF_3		COG0410	High-affinity branched-chain amino acid transport ATP-binding protein LivF
ANT_1_02339	gene	2025	uvrB			
ANT_1_02339	CDS	2025	uvrB		COG0556	UvrABC system protein B
ANT_1_02340	gene	927	ybhK			
ANT_1_02340	CDS	927	ybhK		COG0391	Putative gluconeogenesis factor
ANT_1_02341	gene	987	moaA			
ANT_1_02341	CDS	987	moaA	4.1.99.22	COG2896	GTP 3',8-cyclase
ANT_1_02342	gene	516	moaB			
ANT_1_02342	CDS	516	moaB		COG0521	Molybdenum cofactor biosynthesis protein B
ANT_1_02343	gene	444	moaC			
ANT_1_02343	CDS	444	moaC	4.6.1.17	COG0315	Cyclic pyranopterin monophosphate synthase
ANT_1_02344	gene	246	moaD			
ANT_1_02344	CDS	246	moaD		COG1977	Molybdopterin synthase sulfur carrier subunit
ANT_1_02345	gene	459	moaE			
ANT_1_02345	CDS	459	moaE	2.8.1.12	COG0314	Molybdopterin synthase catalytic subunit
ANT_1_02346	gene	1089				
ANT_1_02346	CDS	1089				hypothetical protein
ANT_1_02347	gene	1947				
ANT_1_02347	CDS	1947				hypothetical protein
ANT_1_02348	gene	711	ybhL			
ANT_1_02348	CDS	711	ybhL		COG0670	Inner membrane protein YbhL
ANT_1_02349	gene	951	ybhN			
ANT_1_02349	CDS	951	ybhN		COG0392	Inner membrane protein YbhN
ANT_1_02350	gene	1245	clsB			
ANT_1_02350	CDS	1245	clsB	2.7.8.-	COG1502	Cardiolipin synthase B
ANT_1_02351	gene	762				
ANT_1_02351	CDS	762				hypothetical protein
ANT_1_02352	gene	390	ybhQ			
ANT_1_02352	CDS	390	ybhQ			Inner membrane protein YbhQ
ANT_1_02353	gene	1143	yycB			
ANT_1_02353	CDS	1143	yycB		COG2807	putative transporter YycB
ANT_1_02354	gene	1443	rhlE			
ANT_1_02354	CDS	1443	rhlE	3.6.4.13	COG0513	ATP-dependent RNA helicase RhlE
ANT_1_02355	gene	969	dusC			
ANT_1_02355	CDS	969	dusC	1.3.1.-	COG0042	tRNA-dihydrouridine(16) synthase
ANT_1_02356	gene	918				
ANT_1_02356	CDS	918		2.7.4.1	COG2326	Polyphosphate:ADP phosphotransferase
ANT_1_02357	gene	1602	pitA_2			
ANT_1_02357	CDS	1602	pitA_2		COG0306	Low-affinity inorganic phosphate transporter 1
ANT_1_02358	gene	1065	zntB_2			
ANT_1_02358	CDS	1065	zntB_2			Zinc transport protein ZntB
ANT_1_02359	gene	1218				
ANT_1_02359	CDS	1218				hypothetical protein
ANT_1_02360	gene	1818				
ANT_1_02360	CDS	1818		3.2.1.28	COG3387	Trehalase
ANT_1_02361	gene	768	nanR			
ANT_1_02361	CDS	768	nanR		COG2186	HTH-type transcriptional repressor NanR
ANT_1_02362	gene	816				
ANT_1_02362	CDS	816			COG1123	putative ABC transporter ATP-binding protein
ANT_1_02363	gene	1770	btuD_7			
ANT_1_02363	CDS	1770	btuD_7	7.6.2.8		Vitamin B12 import ATP-binding protein BtuD
ANT_1_02364	gene	948	gsiC_4			
ANT_1_02364	CDS	948	gsiC_4		COG0601	Glutathione transport system permease protein GsiC
ANT_1_02365	gene	1572	dppA_3			
ANT_1_02365	CDS	1572	dppA_3		COG0747	Periplasmic dipeptide transport protein
ANT_1_02366	gene	654				
ANT_1_02366	CDS	654				hypothetical protein
ANT_1_02367	gene	570	yohD			
ANT_1_02367	CDS	570	yohD		COG0586	Inner membrane protein YohD
ANT_1_02368	gene	588	yohC			
ANT_1_02368	CDS	588	yohC			Inner membrane protein YohC
ANT_1_02369	gene	891	pbpG			
ANT_1_02369	CDS	891	pbpG	3.4.21.-	COG1686	D-alanyl-D-alanine endopeptidase
ANT_1_02370	gene	516	pitA_3			
ANT_1_02370	CDS	516	pitA_3	2.3.1.-	COG1247	L-methionine sulfoximine/L-methionine sulfone acetyltransferase
ANT_1_02371	gene	2433				
ANT_1_02371	CDS	2433				hypothetical protein
ANT_1_02372	gene	1722	dld_2			
ANT_1_02372	CDS	1722	dld_2	1.1.5.12	COG0277	Quinone-dependent D-lactate dehydrogenase
ANT_1_02373	gene	2298				
ANT_1_02373	CDS	2298		3.2.1.-		Beta-xylosidase
ANT_1_02374	gene	879				
ANT_1_02374	CDS	879				hypothetical protein
ANT_1_02375	gene	1110				
ANT_1_02375	CDS	1110				hypothetical protein
ANT_1_02376	gene	555	idi			
ANT_1_02376	CDS	555	idi	5.3.3.2		Isopentenyl-diphosphate Delta-isomerase
ANT_1_02377	gene	105				
ANT_1_02377	CDS	105				hypothetical protein
ANT_1_02378	gene	534				
ANT_1_02378	CDS	534				hypothetical protein
ANT_1_02379	gene	510				
ANT_1_02379	CDS	510				hypothetical protein
ANT_1_02380	gene	483				
ANT_1_02380	CDS	483				hypothetical protein
ANT_1_02381	gene	1230	ufaA1			
ANT_1_02381	CDS	1230	ufaA1	2.1.1.-	COG2230	Tuberculostearic acid methyltransferase UfaA1
ANT_1_02382	gene	717				
ANT_1_02382	CDS	717				hypothetical protein
ANT_1_02383	gene	1266				
ANT_1_02383	CDS	1266				hypothetical protein
ANT_1_02384	gene	717				
ANT_1_02384	CDS	717				hypothetical protein
ANT_1_02385	gene	432				
ANT_1_02385	CDS	432				hypothetical protein
ANT_1_02386	gene	732	bluR			
ANT_1_02386	CDS	732	bluR		COG0789	HTH-type transcriptional repressor BluR
ANT_1_02387	gene	564	sutR_1			
ANT_1_02387	CDS	564	sutR_1		COG1396	HTH-type transcriptional regulator SutR
ANT_1_02388	gene	531	ttr			
ANT_1_02388	CDS	531	ttr	2.3.1.-		Acetyltransferase
ANT_1_02389	gene	2163	dinG			
ANT_1_02389	CDS	2163	dinG	3.6.4.12	COG1199	ATP-dependent DNA helicase DinG
ANT_1_02390	gene	972	ybiB			
ANT_1_02390	CDS	972	ybiB		COG0547	putative protein YbiB
ANT_1_02391	gene	1155	hipO_1			
ANT_1_02391	CDS	1155	hipO_1	3.5.1.32	COG1473	Hippurate hydrolase
ANT_1_02392	gene	1686	hutU			
ANT_1_02392	CDS	1686	hutU	4.2.1.49	COG2987	Urocanate hydratase
ANT_1_02393	gene	1545	hutH			
ANT_1_02393	CDS	1545	hutH	4.3.1.3	COG2986	Histidine ammonia-lyase
ANT_1_02394	gene	756	nagR			
ANT_1_02394	CDS	756	nagR		COG2188	HTH-type transcriptional repressor NagR
ANT_1_02395	gene	576	ves			
ANT_1_02395	CDS	576	ves		COG3758	Protein Ves
ANT_1_02396	gene	1356				
ANT_1_02396	CDS	1356		3.5.4.32	COG0402	8-oxoguanine deaminase
ANT_1_02397	gene	1218	hutI			
ANT_1_02397	CDS	1218	hutI	3.5.2.7	COG1228	Imidazolonepropionase
ANT_1_02398	gene	789				
ANT_1_02398	CDS	789				hypothetical protein
ANT_1_02399	gene	522				
ANT_1_02399	CDS	522		3.1.3.-	COG4502	Putative 5'(3')-deoxyribonucleotidase
ANT_1_02400	gene	630				
ANT_1_02400	CDS	630				hypothetical protein
ANT_1_02401	gene	930	rlmF			
ANT_1_02401	CDS	930	rlmF	2.1.1.181	COG3129	Ribosomal RNA large subunit methyltransferase F
ANT_1_02402	gene	2256	ybiO			
ANT_1_02402	CDS	2256	ybiO		COG0668	Moderate conductance mechanosensitive channel YbiO
ANT_1_02403	gene	639	glnQ_4			
ANT_1_02403	CDS	639	glnQ_4		COG1126	Glutamine transport ATP-binding protein GlnQ
ANT_1_02404	gene	2862	gcvP			
ANT_1_02404	CDS	2862	gcvP	1.4.4.2	COG0403	Glycine dehydrogenase (decarboxylating)
ANT_1_02405	gene	384	gcvH			
ANT_1_02405	CDS	384	gcvH		COG0509	Glycine cleavage system H protein
ANT_1_02406	gene	1113	gcvT			
ANT_1_02406	CDS	1113	gcvT	2.1.2.10	COG0404	Aminomethyltransferase
ANT_1_02407	gene	1203	ubiI			
ANT_1_02407	CDS	1203	ubiI	1.14.13.240	COG0654	2-octaprenylphenol hydroxylase
ANT_1_02408	gene	1152	ubiH			
ANT_1_02408	CDS	1152	ubiH	1.14.13.-	COG0654	2-octaprenyl-6-methoxyphenol hydroxylase
ANT_1_02409	gene	1317	pepP			
ANT_1_02409	CDS	1317	pepP	3.4.11.9	COG0006	Xaa-Pro aminopeptidase
ANT_1_02410	gene	624				
ANT_1_02410	CDS	624				hypothetical protein
ANT_1_02411	gene	330	zapA			
ANT_1_02411	CDS	330	zapA		COG3027	Cell division protein ZapA
ANT_1_02412	gene	588	ygfA			
ANT_1_02412	CDS	588	ygfA	6.3.3.2	COG0212	5-formyltetrahydrofolate cyclo-ligase
ANT_1_02413	gene	1239	serA			
ANT_1_02413	CDS	1239	serA	1.1.1.95	COG0111	D-3-phosphoglycerate dehydrogenase
ANT_1_02414	gene	834	rpiA			
ANT_1_02414	CDS	834	rpiA	5.3.1.6		Ribose-5-phosphate isomerase A
ANT_1_02415	gene	900	argP_2			
ANT_1_02415	CDS	900	argP_2		COG0583	HTH-type transcriptional regulator ArgP
ANT_1_02416	gene	729				
ANT_1_02416	CDS	729			COG2968	26 kDa periplasmic immunogenic protein
ANT_1_02417	gene	585	argO			
ANT_1_02417	CDS	585	argO		COG1279	Arginine exporter protein ArgO
ANT_1_02418	gene	882	mscS			
ANT_1_02418	CDS	882	mscS		COG0668	Small-conductance mechanosensitive channel
ANT_1_02419	gene	1080	fbaA			
ANT_1_02419	CDS	1080	fbaA	4.1.2.13	COG0191	Fructose-bisphosphate aldolase class 2
ANT_1_02420	gene	1167	pgk			
ANT_1_02420	CDS	1167	pgk	2.7.2.3	COG0126	Phosphoglycerate kinase
ANT_1_02421	gene	1020	epd			
ANT_1_02421	CDS	1020	epd	1.2.1.72	COG0057	D-erythrose-4-phosphate dehydrogenase
ANT_1_02422	gene	1992	tktA			
ANT_1_02422	CDS	1992	tktA	2.2.1.1	COG0021	Transketolase 1
ANT_1_02423	gene	753	loiP			
ANT_1_02423	CDS	753	loiP	3.4.24.-	COG0501	Metalloprotease LoiP
ANT_1_02424	gene	921	speB			
ANT_1_02424	CDS	921	speB	3.5.3.11	COG0010	Agmatinase
ANT_1_02425	gene	1977	speA			
ANT_1_02425	CDS	1977	speA	4.1.1.19	COG1166	Biosynthetic arginine decarboxylase
ANT_1_02426	gene	1155	metK			
ANT_1_02426	CDS	1155	metK	2.5.1.6	COG0192	S-adenosylmethionine synthase
ANT_1_02427	gene	1398	galP			
ANT_1_02427	CDS	1398	galP			Galactose-proton symporter
ANT_1_02428	gene	477				
ANT_1_02428	CDS	477				hypothetical protein
ANT_1_02429	gene	654	fixJ			
ANT_1_02429	CDS	654	fixJ			Transcriptional regulatory protein FixJ
ANT_1_02430	gene	1344	sasA_3			
ANT_1_02430	CDS	1344	sasA_3	2.7.-.-		Adaptive-response sensory-kinase SasA
ANT_1_02431	gene	471	sprT			
ANT_1_02431	CDS	471	sprT			Protein SprT
ANT_1_02432	gene	714	endA			
ANT_1_02432	CDS	714	endA	3.1.21.1	COG2356	Endonuclease-1
ANT_1_02433	gene	732	rsmE			
ANT_1_02433	CDS	732	rsmE	2.1.1.193	COG1385	Ribosomal RNA small subunit methyltransferase E
ANT_1_02434	gene	945	gshB			
ANT_1_02434	CDS	945	gshB	6.3.2.3	COG0189	Glutathione synthetase
ANT_1_02435	gene	564				
ANT_1_02435	CDS	564				hypothetical protein
ANT_1_02436	gene	423	yqgF			
ANT_1_02436	CDS	423	yqgF	3.1.-.-	COG0816	Putative pre-16S rRNA nuclease
ANT_1_02437	gene	996	yggR			
ANT_1_02437	CDS	996	yggR		COG2805	putative protein YggR
ANT_1_02438	gene	714	yggS			
ANT_1_02438	CDS	714	yggS		COG0325	Pyridoxal phosphate homeostasis protein
ANT_1_02439	gene	540				
ANT_1_02439	CDS	540				hypothetical protein
ANT_1_02440	gene	594	rdgB			
ANT_1_02440	CDS	594	rdgB	3.6.1.66	COG0127	dITP/XTP pyrophosphatase
ANT_1_02441	gene	1137	hemW			
ANT_1_02441	CDS	1137	hemW		COG0635	Heme chaperone HemW
ANT_1_02442	gene	240				
ANT_1_02442	CDS	240				hypothetical protein
ANT_1_02443	gene	216				
ANT_1_02443	CDS	216				hypothetical protein
ANT_1_02444	gene	90				
ANT_1_02444	CDS	90				hypothetical protein
ANT_1_02445	gene	420				
ANT_1_02445	CDS	420				hypothetical protein
ANT_1_02446	gene	462				
ANT_1_02446	CDS	462				hypothetical protein
ANT_1_02447	gene	1011				
ANT_1_02447	CDS	1011				hypothetical protein
ANT_1_02448	gene	324				
ANT_1_02448	CDS	324				hypothetical protein
ANT_1_02449	gene	252	symE_3			
ANT_1_02449	CDS	252	symE_3	3.1.-.-		Toxic protein SymE
ANT_1_02450	gene	189	clpX_2			
ANT_1_02450	CDS	189	clpX_2		COG1219	ATP-dependent Clp protease ATP-binding subunit ClpX
ANT_1_02451	gene	2358	lon_2			
ANT_1_02451	CDS	2358	lon_2	3.4.21.53	COG0466	Lon protease
ANT_1_02452	gene	273	hupB			
ANT_1_02452	CDS	273	hupB		COG0776	DNA-binding protein HU-beta
ANT_1_02453	gene	1872	ppiD			
ANT_1_02453	CDS	1872	ppiD	5.2.1.8	COG0760	Peptidyl-prolyl cis-trans isomerase D
ANT_1_02454	gene	339				
ANT_1_02454	CDS	339			COG1555	putative protein
ANT_1_02455	gene	393	fadM			
ANT_1_02455	CDS	393	fadM	3.1.2.-	COG0824	Long-chain acyl-CoA thioesterase FadM
ANT_1_02456	gene	696	queC			
ANT_1_02456	CDS	696	queC	6.3.4.20	COG0603	7-cyano-7-deazaguanine synthase
ANT_1_02457	gene	1701	sgrR_2			
ANT_1_02457	CDS	1701	sgrR_2		COG4533	HTH-type transcriptional regulator SgrR
ANT_1_02458	gene	816	cof			
ANT_1_02458	CDS	816	cof	3.6.1.-	COG0561	HMP-PP phosphatase
ANT_1_02459	gene	933				
ANT_1_02459	CDS	933				hypothetical protein
ANT_1_02460	gene	474	decR_2			
ANT_1_02460	CDS	474	decR_2		COG1522	DNA-binding transcriptional activator DecR
ANT_1_02461	gene	1773	yheI			
ANT_1_02461	CDS	1773	yheI	3.6.3.-	COG1132	putative multidrug resistance ABC transporter ATP-binding/permease protein YheI
ANT_1_02462	gene	1764	mdlB			
ANT_1_02462	CDS	1764	mdlB	7.6.2.2	COG1132	Multidrug resistance-like ATP-binding protein MdlB
ANT_1_02463	gene	339	glnK			
ANT_1_02463	CDS	339	glnK		COG0347	Nitrogen regulatory protein P-II 2
ANT_1_02464	gene	1287	amtB			
ANT_1_02464	CDS	1287	amtB			Ammonia channel
ANT_1_02465	gene	861	tesB			
ANT_1_02465	CDS	861	tesB	3.1.2.-	COG1946	Acyl-CoA thioesterase 2
ANT_1_02466	gene	558	ybaY			
ANT_1_02466	CDS	558	ybaY		COG3126	putative lipoprotein YbaY
ANT_1_02467	gene	402	atl			
ANT_1_02467	CDS	402	atl		COG3695	DNA base-flipping protein
ANT_1_02468	gene	219	hha			
ANT_1_02468	CDS	219	hha			Hemolysin expression-modulating protein Hha
ANT_1_02469	gene	381	tomB			
ANT_1_02469	CDS	381	tomB			Hha toxicity modulator TomB
ANT_1_02470	gene	252				
ANT_1_02470	CDS	252				hypothetical protein
ANT_1_02471	gene	831	btuD_8			
ANT_1_02471	CDS	831	btuD_8	7.6.2.8		Vitamin B12 import ATP-binding protein BtuD
ANT_1_02472	gene	870	mntB_4			
ANT_1_02472	CDS	870	mntB_4			Manganese transport system membrane protein MntB
ANT_1_02473	gene	879	mntA			
ANT_1_02473	CDS	879	mntA		COG0803	Manganese-binding lipoprotein MntA
ANT_1_02474	gene	1032				
ANT_1_02474	CDS	1032				hypothetical protein
ANT_1_02475	gene	144	ykgO			
ANT_1_02475	CDS	144	ykgO		COG0257	50S ribosomal protein L36 2
ANT_1_02476	gene	261	rpmE2			
ANT_1_02476	CDS	261	rpmE2		COG0254	50S ribosomal protein L31 type B
ANT_1_02477	gene	3153	acrB_2			
ANT_1_02477	CDS	3153	acrB_2		COG0841	Multidrug efflux pump subunit AcrB
ANT_1_02478	gene	1200	acrA			
ANT_1_02478	CDS	1200	acrA			Multidrug efflux pump subunit AcrA
ANT_1_02479	gene	639	acrR			
ANT_1_02479	CDS	639	acrR		COG1309	HTH-type transcriptional regulator AcrR
ANT_1_02480	gene	150				
ANT_1_02480	CDS	150				hypothetical protein
ANT_1_02481	gene	246				
ANT_1_02481	CDS	246				hypothetical protein
ANT_1_02482	gene	537	priC			
ANT_1_02482	CDS	537	priC		COG3923	Primosomal replication protein N''
ANT_1_02483	gene	378	ybaN			
ANT_1_02483	CDS	378	ybaN		COG2832	Inner membrane protein YbaN
ANT_1_02484	gene	552	apt			
ANT_1_02484	CDS	552	apt	2.4.2.7	COG0503	Adenine phosphoribosyltransferase
ANT_1_02485	gene	600	ompX_2			
ANT_1_02485	CDS	600	ompX_2		COG3637	Outer membrane protein X
ANT_1_02486	gene	1935	dnaX			
ANT_1_02486	CDS	1935	dnaX	2.7.7.7	COG2812	DNA polymerase III subunit tau
ANT_1_02487	gene	330	ybaB			
ANT_1_02487	CDS	330	ybaB		COG0718	Nucleoid-associated protein YbaB
ANT_1_02488	gene	606	recR			
ANT_1_02488	CDS	606	recR		COG0353	Recombination protein RecR
ANT_1_02489	gene	1875	htpG			
ANT_1_02489	CDS	1875	htpG		COG0326	Chaperone protein HtpG
ANT_1_02490	gene	876	trpI			
ANT_1_02490	CDS	876	trpI			HTH-type transcriptional regulator TrpI
ANT_1_02491	gene	705				
ANT_1_02491	CDS	705				hypothetical protein
ANT_1_02492	gene	297				
ANT_1_02492	CDS	297				hypothetical protein
ANT_1_02493	gene	894				
ANT_1_02493	CDS	894				hypothetical protein
ANT_1_02494	gene	645	adk			
ANT_1_02494	CDS	645	adk	2.7.4.3	COG0563	Adenylate kinase
ANT_1_02495	gene	960	hemH			
ANT_1_02495	CDS	960	hemH	4.99.1.1	COG0276	Ferrochelatase
ANT_1_02496	gene	1305	gsk			
ANT_1_02496	CDS	1305	gsk	2.7.1.73	COG0524	Inosine-guanosine kinase
ANT_1_02497	gene	1683	ybaL			
ANT_1_02497	CDS	1683	ybaL		COG1226	Putative cation/proton antiporter YbaL
ANT_1_02498	gene	1200	fsr			
ANT_1_02498	CDS	1200	fsr			Fosmidomycin resistance protein
ANT_1_02499	gene	1737	ushA			
ANT_1_02499	CDS	1737	ushA		COG0737	Protein UshA
ANT_1_02500	gene	435				
ANT_1_02500	CDS	435				hypothetical protein
ANT_1_02501	gene	867	cynR_3			
ANT_1_02501	CDS	867	cynR_3			HTH-type transcriptional regulator CynR
ANT_1_02502	gene	480	ybaK			
ANT_1_02502	CDS	480	ybaK	4.2.-.-	COG2606	Cys-tRNA(Pro)/Cys-tRNA(Cys) deacylase YbaK
ANT_1_02503	gene	804				
ANT_1_02503	CDS	804				hypothetical protein
ANT_1_02504	gene	2517	copA			
ANT_1_02504	CDS	2517	copA	7.2.2.8	COG2217	Copper-exporting P-type ATPase
ANT_1_02505	gene	411	cueR			
ANT_1_02505	CDS	411	cueR		COG0789	HTH-type transcriptional regulator CueR
ANT_1_02506	gene	456	ybbJ			
ANT_1_02506	CDS	456	ybbJ		COG1585	Inner membrane protein YbbJ
ANT_1_02507	gene	915	qmcA			
ANT_1_02507	CDS	915	qmcA		COG0330	Protein QmcA
ANT_1_02508	gene	864				
ANT_1_02508	CDS	864				hypothetical protein
ANT_1_02509	gene	246				
ANT_1_02509	CDS	246				hypothetical protein
ANT_1_02510	gene	270				
ANT_1_02510	CDS	270				hypothetical protein
ANT_1_02511	gene	801				
ANT_1_02511	CDS	801				hypothetical protein
ANT_1_02512	gene	858	cnoX			
ANT_1_02512	CDS	858	cnoX		COG3118	Chaperedoxin
ANT_1_02513	gene	771				
ANT_1_02513	CDS	771				hypothetical protein
ANT_1_02514	gene	567	tesA			
ANT_1_02514	CDS	567	tesA	3.1.2.2	COG2755	Thioesterase 1/protease 1/lysophospholipase L1
ANT_1_02515	gene	687	lolD_1			
ANT_1_02515	CDS	687	lolD_1	3.6.3.-	COG1136	Lipoprotein-releasing system ATP-binding protein LolD
ANT_1_02516	gene	2418				
ANT_1_02516	CDS	2418				hypothetical protein
ANT_1_02517	gene	738	esaR_1			
ANT_1_02517	CDS	738	esaR_1			Transcriptional activator protein EsaR
ANT_1_02518	gene	186				
ANT_1_02518	CDS	186				hypothetical protein
ANT_1_02519	gene	1068	purK			
ANT_1_02519	CDS	1068	purK	6.3.4.18	COG0026	N5-carboxyaminoimidazole ribonucleotide synthase
ANT_1_02520	gene	510	purE			
ANT_1_02520	CDS	510	purE	5.4.99.18	COG0041	N5-carboxyaminoimidazole ribonucleotide mutase
ANT_1_02521	gene	717	lpxH			
ANT_1_02521	CDS	717	lpxH	3.6.1.54	COG2908	UDP-2,3-diacylglucosamine hydrolase
ANT_1_02522	gene	495	ppiB			
ANT_1_02522	CDS	495	ppiB	5.2.1.8	COG0652	Peptidyl-prolyl cis-trans isomerase B
ANT_1_02523	gene	1389	cysS			
ANT_1_02523	CDS	1389	cysS	6.1.1.16	COG0215	Cysteine--tRNA ligase
ANT_1_02524	gene	213	ybcJ			
ANT_1_02524	CDS	213	ybcJ		COG2501	putative protein YbcJ
ANT_1_02525	gene	867	folD			
ANT_1_02525	CDS	867	folD		COG0190	Bifunctional protein FolD protein
ANT_1_02526	gene	318				
ANT_1_02526	CDS	318				hypothetical protein
ANT_1_02527	gene	77				
ANT_1_02527	tRNA	77				tRNA-Arg(tct)
ANT_1_02528	gene	1590	purH			
ANT_1_02528	CDS	1590	purH		COG0138	Bifunctional purine biosynthesis protein PurH
ANT_1_02529	gene	1281	purD			
ANT_1_02529	CDS	1281	purD	6.3.4.13	COG0151	Phosphoribosylamine--glycine ligase
ANT_1_02530	gene	666				
ANT_1_02530	CDS	666				hypothetical protein
ANT_1_02531	gene	273	hupA			
ANT_1_02531	CDS	273	hupA			DNA-binding protein HU-alpha
ANT_1_02532	gene	591				
ANT_1_02532	CDS	591			COG3068	putative protein
ANT_1_02533	gene	666	nfi			
ANT_1_02533	CDS	666	nfi	3.1.21.7	COG1515	Endonuclease V
ANT_1_02534	gene	1068	hemE			
ANT_1_02534	CDS	1068	hemE	4.1.1.37	COG0407	Uroporphyrinogen decarboxylase
ANT_1_02535	gene	708				
ANT_1_02535	CDS	708				hypothetical protein
ANT_1_02536	gene	777	nudC			
ANT_1_02536	CDS	777	nudC	3.6.1.22	COG2816	NADH pyrophosphatase
ANT_1_02537	gene	507	rsd			
ANT_1_02537	CDS	507	rsd		COG3160	Regulator of sigma D
ANT_1_02538	gene	1950	thiC			
ANT_1_02538	CDS	1950	thiC	4.1.99.17	COG0422	Phosphomethylpyrimidine synthase
ANT_1_02539	gene	645	thiE			
ANT_1_02539	CDS	645	thiE	2.5.1.3	COG0352	Thiamine-phosphate synthase
ANT_1_02540	gene	1488	norG_2			
ANT_1_02540	CDS	1488	norG_2		COG1167	HTH-type transcriptional regulator NorG
ANT_1_02541	gene	189				
ANT_1_02541	CDS	189				hypothetical protein
ANT_1_02542	gene	423	hiuH_1			
ANT_1_02542	CDS	423	hiuH_1	3.5.2.17	COG2351	5-hydroxyisourate hydrolase
ANT_1_02543	gene	1062				
ANT_1_02543	CDS	1062				hypothetical protein
ANT_1_02544	gene	1062				
ANT_1_02544	CDS	1062				hypothetical protein
ANT_1_02545	gene	4224	rpoC			
ANT_1_02545	CDS	4224	rpoC	2.7.7.6	COG0086	DNA-directed RNA polymerase subunit beta'
ANT_1_02546	gene	4029	rpoB			
ANT_1_02546	CDS	4029	rpoB	2.7.7.6	COG0085	DNA-directed RNA polymerase subunit beta
ANT_1_02547	gene	366	rplL			
ANT_1_02547	CDS	366	rplL		COG0222	50S ribosomal protein L7/L12
ANT_1_02548	gene	504	rplJ			
ANT_1_02548	CDS	504	rplJ		COG0244	50S ribosomal protein L10
ANT_1_02549	gene	705	rplA			
ANT_1_02549	CDS	705	rplA		COG0081	50S ribosomal protein L1
ANT_1_02550	gene	429	rplK			
ANT_1_02550	CDS	429	rplK		COG0080	50S ribosomal protein L11
ANT_1_02551	gene	546	nusG			
ANT_1_02551	CDS	546	nusG		COG0250	Transcription termination/antitermination protein NusG
ANT_1_02552	gene	384	secE			
ANT_1_02552	CDS	384	secE		COG0690	Protein translocase subunit SecE
ANT_1_02553	gene	405	tufB_2			
ANT_1_02553	CDS	405	tufB_2		COG0050	Elongation factor Tu 2
ANT_1_02554	gene	942	flgJ			
ANT_1_02554	CDS	942	flgJ	3.2.1.-	COG1705	Peptidoglycan hydrolase FlgJ
ANT_1_02555	gene	1107	flgI			
ANT_1_02555	CDS	1107	flgI			Flagellar P-ring protein
ANT_1_02556	gene	702	flgH			
ANT_1_02556	CDS	702	flgH			Flagellar L-ring protein
ANT_1_02557	gene	783	flgG			
ANT_1_02557	CDS	783	flgG		COG4786	Flagellar basal-body rod protein FlgG
ANT_1_02558	gene	756	flgF			
ANT_1_02558	CDS	756	flgF		COG4787	Flagellar basal-body rod protein FlgF
ANT_1_02559	gene	732	cysH			
ANT_1_02559	CDS	732	cysH	1.8.4.8	COG0175	Phosphoadenosine phosphosulfate reductase
ANT_1_02560	gene	1716	cysI			
ANT_1_02560	CDS	1716	cysI	1.8.1.2	COG0155	Sulfite reductase [NADPH] hemoprotein beta-component
ANT_1_02561	gene	1803	cysJ_1			
ANT_1_02561	CDS	1803	cysJ_1	1.8.1.2	COG0369	Sulfite reductase [NADPH] flavoprotein alpha-component
ANT_1_02562	gene	360	queD			
ANT_1_02562	CDS	360	queD	4.1.2.50	COG0720	6-carboxy-5,6,7,8-tetrahydropterin synthase
ANT_1_02563	gene	699	tcyB			
ANT_1_02563	CDS	699	tcyB		COG0765	L-cystine transport system permease protein TcyB
ANT_1_02564	gene	768	tcyC			
ANT_1_02564	CDS	768	tcyC	3.6.3.-	COG1126	L-cystine import ATP-binding protein TcyC
ANT_1_02565	gene	774				
ANT_1_02565	CDS	774			COG0834	putative amino-acid ABC transporter-binding protein
ANT_1_02566	gene	924	dmlR_6			
ANT_1_02566	CDS	924	dmlR_6			HTH-type transcriptional regulator DmlR
ANT_1_02567	gene	873				
ANT_1_02567	CDS	873				hypothetical protein
ANT_1_02568	gene	672	queE			
ANT_1_02568	CDS	672	queE	4.3.99.3		7-carboxy-7-deazaguanine synthase
ANT_1_02569	gene	1668	tsr_4			
ANT_1_02569	CDS	1668	tsr_4		COG0840	Methyl-accepting chemotaxis protein I
ANT_1_02570	gene	1887				
ANT_1_02570	CDS	1887				hypothetical protein
ANT_1_02571	gene	1296	eno			
ANT_1_02571	CDS	1296	eno	4.2.1.11	COG0148	Enolase
ANT_1_02572	gene	1638	pyrG_1			
ANT_1_02572	CDS	1638	pyrG_1	6.3.4.2	COG0504	CTP synthase
ANT_1_02573	gene	783	mazG			
ANT_1_02573	CDS	783	mazG	3.6.1.8	COG1694	Nucleoside triphosphate pyrophosphohydrolase
ANT_1_02574	gene	666				
ANT_1_02574	CDS	666				hypothetical protein
ANT_1_02575	gene	516				
ANT_1_02575	CDS	516				hypothetical protein
ANT_1_02576	gene	549				
ANT_1_02576	CDS	549				hypothetical protein
ANT_1_02577	gene	1224				
ANT_1_02577	CDS	1224				hypothetical protein
ANT_1_02578	gene	738	srlR_2			
ANT_1_02578	CDS	738	srlR_2		COG1349	Glucitol operon repressor
ANT_1_02579	gene	888	ybiV			
ANT_1_02579	CDS	888	ybiV	3.1.3.23	COG0561	Sugar phosphatase YbiV
ANT_1_02580	gene	1335				
ANT_1_02580	CDS	1335			COG5383	putative protein
ANT_1_02581	gene	1542	bglH_3			
ANT_1_02581	CDS	1542	bglH_3		COG4580	Cryptic outer membrane porin BglH
ANT_1_02582	gene	1185	axe1-6A			
ANT_1_02582	CDS	1185	axe1-6A		COG2382	Carbohydrate acetyl esterase/feruloyl esterase
ANT_1_02583	gene	417				
ANT_1_02583	CDS	417				hypothetical protein
ANT_1_02584	gene	750	gamA			
ANT_1_02584	CDS	750	gamA	3.5.99.6	COG0363	putative glucosamine-6-phosphate deaminase 2
ANT_1_02585	gene	780				
ANT_1_02585	CDS	780				hypothetical protein
ANT_1_02586	gene	1095				
ANT_1_02586	CDS	1095				hypothetical protein
ANT_1_02587	gene	780	argT_2			
ANT_1_02587	CDS	780	argT_2		COG0834	Lysine/arginine/ornithine-binding periplasmic protein
ANT_1_02588	gene	1611	treF			
ANT_1_02588	CDS	1611	treF	3.2.1.28	COG1626	Cytoplasmic trehalase
ANT_1_02589	gene	627	rhtB_1			
ANT_1_02589	CDS	627	rhtB_1		COG1280	Homoserine/homoserine lactone efflux protein
ANT_1_02590	gene	894	dmlR_7			
ANT_1_02590	CDS	894	dmlR_7			HTH-type transcriptional regulator DmlR
ANT_1_02591	gene	780				
ANT_1_02591	CDS	780				hypothetical protein
ANT_1_02592	gene	1065				
ANT_1_02592	CDS	1065				hypothetical protein
ANT_1_02593	gene	909	dmlR_8			
ANT_1_02593	CDS	909	dmlR_8			HTH-type transcriptional regulator DmlR
ANT_1_02594	gene	813	yiaJ			
ANT_1_02594	CDS	813	yiaJ		COG1414	DNA-binding transcriptional repressor YiaJ
ANT_1_02595	gene	141				
ANT_1_02595	CDS	141				hypothetical protein
ANT_1_02596	gene	1527	rbsA_3			
ANT_1_02596	CDS	1527	rbsA_3	7.5.2.7	COG1129	Ribose import ATP-binding protein RbsA
ANT_1_02597	gene	1101				
ANT_1_02597	CDS	1101				hypothetical protein
ANT_1_02598	gene	1101				
ANT_1_02598	CDS	1101				hypothetical protein
ANT_1_02599	gene	852	gnl			
ANT_1_02599	CDS	852	gnl	3.1.1.17		Gluconolactonase
ANT_1_02600	gene	999	dlgD			
ANT_1_02600	CDS	999	dlgD	1.1.1.130	COG2055	2,3-diketo-L-gulonate reductase
ANT_1_02601	gene	471	tabA			
ANT_1_02601	CDS	471	tabA		COG2731	Toxin-antitoxin biofilm protein TabA
ANT_1_02602	gene	1296	ttuB_2			
ANT_1_02602	CDS	1296	ttuB_2			Putative tartrate transporter
ANT_1_02603	gene	1482	lyx			
ANT_1_02603	CDS	1482	lyx	2.7.1.-	COG1070	L-xylulose/3-keto-L-gulonate kinase
ANT_1_02604	gene	663	sgbH			
ANT_1_02604	CDS	663	sgbH	4.1.1.85	COG0269	3-keto-L-gulonate-6-phosphate decarboxylase SgbH
ANT_1_02605	gene	858	ulaE			
ANT_1_02605	CDS	858	ulaE	5.1.3.22	COG3623	L-ribulose-5-phosphate 3-epimerase UlaE
ANT_1_02606	gene	699	sgbE			
ANT_1_02606	CDS	699	sgbE	5.1.3.4	COG0235	L-ribulose-5-phosphate 4-epimerase SgbE
ANT_1_02607	gene	864				
ANT_1_02607	CDS	864		1.1.1.-	COG1028	Putative short-chain type dehydrogenase/reductase
ANT_1_02608	gene	603	tsaC_2			
ANT_1_02608	CDS	603	tsaC_2	2.7.7.87		Threonylcarbamoyl-AMP synthase
ANT_1_02609	gene	903	dmlR_9			
ANT_1_02609	CDS	903	dmlR_9			HTH-type transcriptional regulator DmlR
ANT_1_02610	gene	483				
ANT_1_02610	CDS	483				hypothetical protein
ANT_1_02611	gene	1233				
ANT_1_02611	CDS	1233				hypothetical protein
ANT_1_02612	gene	600	tsaC_3			
ANT_1_02612	CDS	600	tsaC_3	2.7.7.87	COG0009	Threonylcarbamoyl-AMP synthase
ANT_1_02613	gene	1227				
ANT_1_02613	CDS	1227				hypothetical protein
ANT_1_02614	gene	1428	tolC_2			
ANT_1_02614	CDS	1428	tolC_2		COG1538	Outer membrane protein TolC
ANT_1_02615	gene	1299	leuC_2			
ANT_1_02615	CDS	1299	leuC_2	4.2.1.33	COG0065	3-isopropylmalate dehydratase large subunit
ANT_1_02616	gene	552	DmdB			
ANT_1_02616	CDS	552	DmdB	4.2.1.85		2,3-dimethylmalate dehydratase small subunit
ANT_1_02617	gene	1011				
ANT_1_02617	CDS	1011				hypothetical protein
ANT_1_02618	gene	90				
ANT_1_02618	CDS	90				hypothetical protein
ANT_1_02619	gene	786				
ANT_1_02619	CDS	786				IS91 family transposase ISVa3
ANT_1_02620	gene	2136				
ANT_1_02620	CDS	2136				hypothetical protein
ANT_1_02621	gene	624				
ANT_1_02621	CDS	624				hypothetical protein
ANT_1_02622	gene	477				
ANT_1_02622	CDS	477				hypothetical protein
ANT_1_02623	gene	2013				
ANT_1_02623	CDS	2013				hypothetical protein
ANT_1_02624	gene	768				
ANT_1_02624	CDS	768				hypothetical protein
ANT_1_02625	gene	765				
ANT_1_02625	CDS	765				hypothetical protein
ANT_1_02626	gene	360				
ANT_1_02626	CDS	360				hypothetical protein
ANT_1_02627	gene	1146				
ANT_1_02627	CDS	1146				hypothetical protein
ANT_1_02628	gene	3423				
ANT_1_02628	CDS	3423				hypothetical protein
ANT_1_02629	gene	1599				
ANT_1_02629	CDS	1599				hypothetical protein
ANT_1_02630	gene	633				
ANT_1_02630	CDS	633				hypothetical protein
ANT_1_02631	gene	228				
ANT_1_02631	CDS	228				hypothetical protein
ANT_1_02632	gene	1407	gnd			
ANT_1_02632	CDS	1407	gnd	1.1.1.44	COG0362	6-phosphogluconate dehydrogenase, decarboxylating
ANT_1_02633	gene	168				
ANT_1_02633	CDS	168				hypothetical protein
ANT_1_02634	gene	627				
ANT_1_02634	CDS	627				hypothetical protein
ANT_1_02635	gene	1869	nfdA			
ANT_1_02635	CDS	1869	nfdA	3.5.1.91		N-substituted formamide deformylase
ANT_1_02636	gene	864				
ANT_1_02636	CDS	864				hypothetical protein
ANT_1_02637	gene	978				
ANT_1_02637	CDS	978				hypothetical protein
ANT_1_02638	gene	921	purR_2			
ANT_1_02638	CDS	921	purR_2		COG1609	HTH-type transcriptional repressor PurR
ANT_1_02639	gene	222	ddpF			
ANT_1_02639	CDS	222	ddpF		COG1124	putative D,D-dipeptide transport ATP-binding protein DdpF
ANT_1_02640	gene	1578	ddpA_1			
ANT_1_02640	CDS	1578	ddpA_1		COG0747	putative D,D-dipeptide-binding periplasmic protein DdpA
ANT_1_02641	gene	195				
ANT_1_02641	CDS	195				hypothetical protein
ANT_1_02642	gene	204				
ANT_1_02642	CDS	204				hypothetical protein
ANT_1_02643	gene	246				
ANT_1_02643	CDS	246				hypothetical protein
ANT_1_02644	gene	1053	wecH_2			
ANT_1_02644	CDS	1053	wecH_2	2.3.1.-	COG3274	O-acetyltransferase WecH
ANT_1_02645	gene	231				
ANT_1_02645	CDS	231				hypothetical protein
ANT_1_02646	gene	585				
ANT_1_02646	CDS	585				hypothetical protein
ANT_1_02647	gene	243				
ANT_1_02647	CDS	243				hypothetical protein
ANT_1_02648	gene	891	dapA_2			
ANT_1_02648	CDS	891	dapA_2	4.3.3.7	COG0329	4-hydroxy-tetrahydrodipicolinate synthase
ANT_1_02649	gene	171				
ANT_1_02649	CDS	171				hypothetical protein
ANT_1_02650	gene	294	iraP_1			
ANT_1_02650	CDS	294	iraP_1			Anti-adapter protein IraP
ANT_1_02651	gene	198				
ANT_1_02651	CDS	198				hypothetical protein
ANT_1_02652	gene	750				
ANT_1_02652	CDS	750				hypothetical protein
ANT_1_02653	gene	378	crcB			
ANT_1_02653	CDS	378	crcB		COG0239	Putative fluoride ion transporter CrcB
ANT_1_02654	gene	714	dauR_2			
ANT_1_02654	CDS	714	dauR_2		COG2964	Transcriptional regulator DauR
ANT_1_02655	gene	924	psdht			
ANT_1_02655	CDS	924	psdht	4.2.1.-		Phenylserine dehydratase
ANT_1_02656	gene	819	sdhL			
ANT_1_02656	CDS	819	sdhL	1.1.1.25	COG0169	Shikimate dehydrogenase-like protein
ANT_1_02657	gene	1887	hisZ			
ANT_1_02657	CDS	1887	hisZ			ATP phosphoribosyltransferase regulatory subunit
ANT_1_02658	gene	1350	adiC			
ANT_1_02658	CDS	1350	adiC		COG0531	Arginine/agmatine antiporter
ANT_1_02659	gene	1137	hdc			
ANT_1_02659	CDS	1137	hdc	4.1.1.22		Histidine decarboxylase
ANT_1_02660	gene	1257	hisS_2			
ANT_1_02660	CDS	1257	hisS_2	6.1.1.21	COG0124	Histidine--tRNA ligase
ANT_1_02661	gene	627	leuE			
ANT_1_02661	CDS	627	leuE		COG1280	Leucine efflux protein
ANT_1_02662	gene	1254	proA			
ANT_1_02662	CDS	1254	proA	1.2.1.41	COG0014	Gamma-glutamyl phosphate reductase
ANT_1_02663	gene	1104	proB			
ANT_1_02663	CDS	1104	proB	2.7.2.11	COG0263	Glutamate 5-kinase
ANT_1_02664	gene	1125	omp-EA			
ANT_1_02664	CDS	1125	omp-EA		COG3203	Outer membrane protein Omp-EA
ANT_1_02665	gene	402	crl			
ANT_1_02665	CDS	402	crl			Sigma factor-binding protein Crl
ANT_1_02666	gene	1251				
ANT_1_02666	CDS	1251				hypothetical protein
ANT_1_02667	gene	459	gpt			
ANT_1_02667	CDS	459	gpt	2.4.2.22	COG0503	Xanthine phosphoribosyltransferase
ANT_1_02668	gene	1470	pepD			
ANT_1_02668	CDS	1470	pepD	3.4.13.18	COG2195	Cytosol non-specific dipeptidase
ANT_1_02669	gene	1056	dinB			
ANT_1_02669	CDS	1056	dinB	2.7.7.7	COG0389	DNA polymerase IV
ANT_1_02670	gene	735				
ANT_1_02670	CDS	735				hypothetical protein
ANT_1_02671	gene	768	yafJ			
ANT_1_02671	CDS	768	yafJ	2.4.2.-	COG0121	Putative glutamine amidotransferase YafJ
ANT_1_02672	gene	582	gmhA			
ANT_1_02672	CDS	582	gmhA	5.3.1.28	COG0279	Phosphoheptose isomerase
ANT_1_02673	gene	2445	fadE			
ANT_1_02673	CDS	2445	fadE	1.3.8.7	COG1960	Acyl-coenzyme A dehydrogenase
ANT_1_02674	gene	1200	mtnK			
ANT_1_02674	CDS	1200	mtnK	2.7.1.100	COG4857	Methylthioribose kinase
ANT_1_02675	gene	1026	mtnA			
ANT_1_02675	CDS	1026	mtnA	5.3.1.23	COG0182	Methylthioribose-1-phosphate isomerase
ANT_1_02676	gene	543	mtnD			
ANT_1_02676	CDS	543	mtnD	1.13.11.54	COG1791	Acireductone dioxygenase
ANT_1_02677	gene	690	mtnC			
ANT_1_02677	CDS	690	mtnC	3.1.3.77		Enolase-phosphatase E1
ANT_1_02678	gene	615	mtnB			
ANT_1_02678	CDS	615	mtnB	4.2.1.109	COG0235	Methylthioribulose-1-phosphate dehydratase
ANT_1_02679	gene	1161	ybdL_2			
ANT_1_02679	CDS	1161	ybdL_2	2.6.1.88	COG0436	Methionine aminotransferase
ANT_1_02680	gene	771	yafV			
ANT_1_02680	CDS	771	yafV	3.5.1.3		Omega-amidase YafV
ANT_1_02681	gene	333	hiuH_2			
ANT_1_02681	CDS	333	hiuH_2	3.5.2.17		5-hydroxyisourate hydrolase
ANT_1_02682	gene	495	uao			
ANT_1_02682	CDS	495	uao			Uric acid degradation bifunctional protein
ANT_1_02683	gene	1257	amaB			
ANT_1_02683	CDS	1257	amaB	3.5.1.87		N-carbamoyl-L-amino acid hydrolase
ANT_1_02684	gene	1239	pucG			
ANT_1_02684	CDS	1239	pucG	2.6.1.112	COG0075	(S)-ureidoglycine--glyoxylate transaminase
ANT_1_02685	gene	738	glnQ_5			
ANT_1_02685	CDS	738	glnQ_5			Glutamine transport ATP-binding protein GlnQ
ANT_1_02686	gene	657	yecS			
ANT_1_02686	CDS	657	yecS		COG0765	L-cystine transport system permease protein YecS
ANT_1_02687	gene	666	glnM			
ANT_1_02687	CDS	666	glnM		COG0765	putative glutamine ABC transporter permease protein GlnM
ANT_1_02688	gene	786	fliY			
ANT_1_02688	CDS	786	fliY		COG0834	L-cystine-binding protein FliY
ANT_1_02689	gene	840				
ANT_1_02689	CDS	840				hypothetical protein
ANT_1_02690	gene	1587	hpxW			
ANT_1_02690	CDS	1587	hpxW	3.5.1.126	COG0405	Oxamate amidohydrolase proenzyme
ANT_1_02691	gene	189				
ANT_1_02691	CDS	189				hypothetical protein
ANT_1_02692	gene	1404	atzE			
ANT_1_02692	CDS	1404	atzE	3.5.1.131		1-carboxybiuret hydrolase subunit AtzE
ANT_1_02693	gene	384				
ANT_1_02693	CDS	384				hypothetical protein
ANT_1_02694	gene	306				
ANT_1_02694	CDS	306				hypothetical protein
ANT_1_02695	gene	708				
ANT_1_02695	CDS	708				hypothetical protein
ANT_1_02696	gene	705				
ANT_1_02696	CDS	705				hypothetical protein
ANT_1_02697	gene	705				
ANT_1_02697	CDS	705				hypothetical protein
ANT_1_02698	gene	705				
ANT_1_02698	CDS	705				hypothetical protein
ANT_1_02699	gene	960				
ANT_1_02699	CDS	960				hypothetical protein
ANT_1_02700	gene	741	hyuA			
ANT_1_02700	CDS	741	hyuA	5.1.99.5	COG4126	Hydantoin racemase
ANT_1_02701	gene	714	fadR_2			
ANT_1_02701	CDS	714	fadR_2			Fatty acid metabolism regulator protein
ANT_1_02702	gene	1500	pucI			
ANT_1_02702	CDS	1500	pucI		COG1953	putative allantoin permease
ANT_1_02703	gene	77				
ANT_1_02703	tRNA	77				tRNA-Asp(gtc)
ANT_1_02704	gene	753	dnaQ			
ANT_1_02704	CDS	753	dnaQ	2.7.7.7	COG0847	DNA polymerase III subunit epsilon
ANT_1_02705	gene	468	rnhA			
ANT_1_02705	CDS	468	rnhA	3.1.26.4	COG0328	Ribonuclease HI
ANT_1_02706	gene	723				
ANT_1_02706	CDS	723				hypothetical protein
ANT_1_02707	gene	756	gloB			
ANT_1_02707	CDS	756	gloB	3.1.2.6	COG0491	Hydroxyacylglutathione hydrolase GloB
ANT_1_02708	gene	1383	mltD			
ANT_1_02708	CDS	1383	mltD	4.2.2.-	COG0741	Membrane-bound lytic murein transglycosylase D
ANT_1_02709	gene	765	ycgJ			
ANT_1_02709	CDS	765	ycgJ	2.1.1.-		putative methyltransferase YcgJ
ANT_1_02710	gene	804				
ANT_1_02710	CDS	804				hypothetical protein
ANT_1_02711	gene	77				
ANT_1_02711	tRNA	77				tRNA-Asp(gtc)
ANT_1_02712	gene	747				
ANT_1_02712	CDS	747				hypothetical protein
ANT_1_02713	gene	1848	traN			
ANT_1_02713	CDS	1848	traN			Mating pair stabilization protein TraN
ANT_1_02714	gene	615				
ANT_1_02714	CDS	615				hypothetical protein
ANT_1_02715	gene	993				
ANT_1_02715	CDS	993				hypothetical protein
ANT_1_02716	gene	345				
ANT_1_02716	CDS	345				hypothetical protein
ANT_1_02717	gene	366				
ANT_1_02717	CDS	366				hypothetical protein
ANT_1_02718	gene	627				
ANT_1_02718	CDS	627				hypothetical protein
ANT_1_02719	gene	621				
ANT_1_02719	CDS	621				hypothetical protein
ANT_1_02720	gene	489				
ANT_1_02720	CDS	489				hypothetical protein
ANT_1_02721	gene	2670	traC_1			
ANT_1_02721	CDS	2670	traC_1			Protein TraC
ANT_1_02722	gene	546	traV			
ANT_1_02722	CDS	546	traV			Protein TraV
ANT_1_02723	gene	378				
ANT_1_02723	CDS	378				hypothetical protein
ANT_1_02724	gene	525	rfaH_1			
ANT_1_02724	CDS	525	rfaH_1		COG0250	Transcription antitermination protein RfaH
ANT_1_02725	gene	1404				
ANT_1_02725	CDS	1404				hypothetical protein
ANT_1_02726	gene	732				
ANT_1_02726	CDS	732				hypothetical protein
ANT_1_02727	gene	600				
ANT_1_02727	CDS	600				hypothetical protein
ANT_1_02728	gene	303				
ANT_1_02728	CDS	303				hypothetical protein
ANT_1_02729	gene	432				
ANT_1_02729	CDS	432				hypothetical protein
ANT_1_02730	gene	609				
ANT_1_02730	CDS	609				hypothetical protein
ANT_1_02731	gene	390				
ANT_1_02731	CDS	390				hypothetical protein
ANT_1_02732	gene	552				
ANT_1_02732	CDS	552				hypothetical protein
ANT_1_02733	gene	312				
ANT_1_02733	CDS	312				hypothetical protein
ANT_1_02734	gene	822				
ANT_1_02734	CDS	822				hypothetical protein
ANT_1_02735	gene	135				
ANT_1_02735	CDS	135				hypothetical protein
ANT_1_02736	gene	1215				
ANT_1_02736	CDS	1215				hypothetical protein
ANT_1_02737	gene	648				
ANT_1_02737	CDS	648				hypothetical protein
ANT_1_02738	gene	1101				
ANT_1_02738	CDS	1101				hypothetical protein
ANT_1_02739	gene	825				
ANT_1_02739	CDS	825				hypothetical protein
ANT_1_02740	gene	243				
ANT_1_02740	CDS	243				hypothetical protein
ANT_1_02741	gene	579				
ANT_1_02741	CDS	579				hypothetical protein
ANT_1_02742	gene	486				
ANT_1_02742	CDS	486				hypothetical protein
ANT_1_02743	gene	483				
ANT_1_02743	CDS	483				hypothetical protein
ANT_1_02744	gene	1749	shlB_2			
ANT_1_02744	CDS	1749	shlB_2			Hemolysin transporter protein ShlB
ANT_1_02745	gene	558	ssb_1			
ANT_1_02745	CDS	558	ssb_1			Single-stranded DNA-binding protein
ANT_1_02746	gene	2829	uvrA			
ANT_1_02746	CDS	2829	uvrA		COG0178	UvrABC system protein A
ANT_1_02747	gene	1053	yahK			
ANT_1_02747	CDS	1053	yahK	1.1.1.2	COG1064	Aldehyde reductase YahK
ANT_1_02748	gene	318	yjbR			
ANT_1_02748	CDS	318	yjbR		COG2315	putative protein YjbR
ANT_1_02749	gene	420				
ANT_1_02749	CDS	420				hypothetical protein
ANT_1_02750	gene	1194	tyrB			
ANT_1_02750	CDS	1194	tyrB	2.6.1.57	COG1448	Aromatic-amino-acid aminotransferase
ANT_1_02751	gene	618				
ANT_1_02751	CDS	618				hypothetical protein
ANT_1_02752	gene	480	decR_3			
ANT_1_02752	CDS	480	decR_3		COG1522	DNA-binding transcriptional activator DecR
ANT_1_02753	gene	1416	dnaB_1			
ANT_1_02753	CDS	1416	dnaB_1	3.6.4.12	COG0305	Replicative DNA helicase
ANT_1_02754	gene	981	qorA			
ANT_1_02754	CDS	981	qorA	1.6.5.5	COG0604	Quinone oxidoreductase 1
ANT_1_02755	gene	234	pspG			
ANT_1_02755	CDS	234	pspG			Phage shock protein G
ANT_1_02756	gene	996	dusA			
ANT_1_02756	CDS	996	dusA	1.3.1.-	COG0042	tRNA-dihydrouridine(20/20a) synthase
ANT_1_02757	gene	1329				
ANT_1_02757	CDS	1329				hypothetical protein
ANT_1_02758	gene	516	zur			
ANT_1_02758	CDS	516	zur		COG0735	Zinc uptake regulation protein
ANT_1_02759	gene	210				
ANT_1_02759	CDS	210				hypothetical protein
ANT_1_02760	gene	1317	dinF			
ANT_1_02760	CDS	1317	dinF		COG0534	DNA damage-inducible protein F
ANT_1_02761	gene	609	lexA_1			
ANT_1_02761	CDS	609	lexA_1	3.4.21.88	COG1974	LexA repressor
ANT_1_02762	gene	369	dgkA			
ANT_1_02762	CDS	369	dgkA	2.7.1.107	COG0818	Diacylglycerol kinase
ANT_1_02763	gene	2433	plsB			
ANT_1_02763	CDS	2433	plsB	2.3.1.15	COG2937	Glycerol-3-phosphate acyltransferase
ANT_1_02764	gene	870	ubiA			
ANT_1_02764	CDS	870	ubiA	2.5.1.39	COG0382	4-hydroxybenzoate octaprenyltransferase
ANT_1_02765	gene	519	ubiC			
ANT_1_02765	CDS	519	ubiC	4.1.3.40	COG3161	Chorismate pyruvate-lyase
ANT_1_02766	gene	417	psiE			
ANT_1_02766	CDS	417	psiE			Protein PsiE
ANT_1_02767	gene	2094				
ANT_1_02767	CDS	2094				hypothetical protein
ANT_1_02768	gene	756				
ANT_1_02768	CDS	756				hypothetical protein
ANT_1_02769	gene	696	gfcB			
ANT_1_02769	CDS	696	gfcB			putative lipoprotein GfcB
ANT_1_02770	gene	267				
ANT_1_02770	CDS	267				hypothetical protein
ANT_1_02771	gene	1644	pgi			
ANT_1_02771	CDS	1644	pgi	5.3.1.9	COG0166	Glucose-6-phosphate isomerase
ANT_1_02772	gene	1353	lysC			
ANT_1_02772	CDS	1353	lysC	2.7.2.4	COG0527	Lysine-sensitive aspartokinase 3
ANT_1_02773	gene	918	panS			
ANT_1_02773	CDS	918	panS		COG0385	Pantothenate precursors transporter PanS
ANT_1_02774	gene	1626				
ANT_1_02774	CDS	1626				hypothetical protein
ANT_1_02775	gene	534	lpfA_2			
ANT_1_02775	CDS	534	lpfA_2			putative major fimbrial subunit LpfA
ANT_1_02776	gene	732	yadV_1			
ANT_1_02776	CDS	732	yadV_1			putative fimbrial chaperone YadV
ANT_1_02777	gene	2469	fimD			
ANT_1_02777	CDS	2469	fimD		COG3188	Outer membrane usher protein FimD
ANT_1_02778	gene	1044				
ANT_1_02778	CDS	1044				hypothetical protein
ANT_1_02779	gene	1041				
ANT_1_02779	CDS	1041				hypothetical protein
ANT_1_02780	gene	993	btuD_9			
ANT_1_02780	CDS	993	btuD_9	7.6.2.8		Vitamin B12 import ATP-binding protein BtuD
ANT_1_02781	gene	786	phnV			
ANT_1_02781	CDS	786	phnV		COG1177	Putative 2-aminoethylphosphonate transport system permease protein PhnV
ANT_1_02782	gene	849				
ANT_1_02782	CDS	849				hypothetical protein
ANT_1_02783	gene	810				
ANT_1_02783	CDS	810				hypothetical protein
ANT_1_02784	gene	1059				
ANT_1_02784	CDS	1059				hypothetical protein
ANT_1_02785	gene	735	phnR			
ANT_1_02785	CDS	735	phnR		COG2188	Putative transcriptional regulator of 2-aminoethylphosphonate degradation operons
ANT_1_02786	gene	3687	metH			
ANT_1_02786	CDS	3687	metH	2.1.1.13	COG0646	Methionine synthase
ANT_1_02787	gene	834	iclR			
ANT_1_02787	CDS	834	iclR		COG1414	Transcriptional repressor IclR
ANT_1_02788	gene	1770	aceK			
ANT_1_02788	CDS	1770	aceK	2.7.11.5	COG4579	Isocitrate dehydrogenase kinase/phosphatase
ANT_1_02789	gene	1305	aceA			
ANT_1_02789	CDS	1305	aceA	4.1.3.1	COG2224	Isocitrate lyase
ANT_1_02790	gene	1599	aceB			
ANT_1_02790	CDS	1599	aceB	2.3.3.9	COG2225	Malate synthase A
ANT_1_02791	gene	930	metAS			
ANT_1_02791	CDS	930	metAS	2.3.1.46	COG1897	Homoserine O-succinyltransferase
ANT_1_02792	gene	585				
ANT_1_02792	CDS	585				hypothetical protein
ANT_1_02793	gene	111				
ANT_1_02793	rRNA	111				5S ribosomal RNA
ANT_1_02794	gene	2903				
ANT_1_02794	rRNA	2903				23S ribosomal RNA
ANT_1_02795	gene	201	icd			
ANT_1_02795	CDS	201	icd	1.1.1.42	COG0538	Isocitrate dehydrogenase [NADP]
ANT_1_02796	gene	1968				
ANT_1_02796	CDS	1968				hypothetical protein
ANT_1_02797	gene	279				
ANT_1_02797	CDS	279				hypothetical protein
ANT_1_02798	gene	324				
ANT_1_02798	CDS	324				hypothetical protein
ANT_1_02799	gene	369				
ANT_1_02799	CDS	369				hypothetical protein
ANT_1_02800	gene	3537	recB			
ANT_1_02800	CDS	3537	recB	3.1.11.5	COG1074	RecBCD enzyme subunit RecB
ANT_1_02801	gene	2886	ptrA			
ANT_1_02801	CDS	2886	ptrA	3.4.24.55	COG1025	Protease 3
ANT_1_02802	gene	3369	recC			
ANT_1_02802	CDS	3369	recC	3.1.11.5	COG1330	RecBCD enzyme subunit RecC
ANT_1_02803	gene	318				
ANT_1_02803	CDS	318				hypothetical protein
ANT_1_02804	gene	414				
ANT_1_02804	CDS	414				hypothetical protein
ANT_1_02805	gene	546				
ANT_1_02805	CDS	546				hypothetical protein
ANT_1_02806	gene	462				
ANT_1_02806	CDS	462				hypothetical protein
ANT_1_02807	gene	795	thyA			
ANT_1_02807	CDS	795	thyA	2.1.1.45	COG0207	Thymidylate synthase
ANT_1_02808	gene	879	lgt			
ANT_1_02808	CDS	879	lgt	2.5.1.145	COG0682	Phosphatidylglycerol--prolipoprotein diacylglyceryl transferase
ANT_1_02809	gene	2247	ptsP			
ANT_1_02809	CDS	2247	ptsP	2.7.3.9	COG3605	Phosphoenolpyruvate-dependent phosphotransferase system
ANT_1_02810	gene	528	rppH			
ANT_1_02810	CDS	528	rppH	3.6.1.-	COG0494	RNA pyrophosphohydrolase
ANT_1_02811	gene	687	mutH			
ANT_1_02811	CDS	687	mutH		COG3066	DNA mismatch repair protein MutH
ANT_1_02812	gene	711				
ANT_1_02812	CDS	711				hypothetical protein
ANT_1_02813	gene	216	ygdR_4			
ANT_1_02813	CDS	216	ygdR_4			putative lipoprotein YgdR
ANT_1_02814	gene	1041	tas			
ANT_1_02814	CDS	1041	tas		COG0667	Protein tas
ANT_1_02815	gene	834				
ANT_1_02815	CDS	834				hypothetical protein
ANT_1_02816	gene	1206	lplT			
ANT_1_02816	CDS	1206	lplT			Lysophospholipid transporter LplT
ANT_1_02817	gene	2157	aas			
ANT_1_02817	CDS	2157	aas		COG0204	Bifunctional protein Aas
ANT_1_02818	gene	1407	oprM_2			
ANT_1_02818	CDS	1407	oprM_2		COG1538	Outer membrane protein OprM
ANT_1_02819	gene	3129	mexB_1			
ANT_1_02819	CDS	3129	mexB_1		COG0841	Multidrug resistance protein MexB
ANT_1_02820	gene	1125	mexA			
ANT_1_02820	CDS	1125	mexA			Multidrug resistance protein MexA
ANT_1_02821	gene	1722	ftsI_2			
ANT_1_02821	CDS	1722	ftsI_2	3.4.16.4	COG0768	Peptidoglycan D,D-transpeptidase FtsI
ANT_1_02822	gene	207				
ANT_1_02822	CDS	207				hypothetical protein
ANT_1_02823	gene	2268	dorA			
ANT_1_02823	CDS	2268	dorA	1.7.2.3	COG0243	Dimethyl sulfoxide/trimethylamine N-oxide reductase
ANT_1_02824	gene	1002	galR			
ANT_1_02824	CDS	1002	galR		COG1609	HTH-type transcriptional regulator GalR
ANT_1_02825	gene	462				
ANT_1_02825	CDS	462				hypothetical protein
ANT_1_02826	gene	774	lutR_2			
ANT_1_02826	CDS	774	lutR_2		COG2186	HTH-type transcriptional regulator LutR
ANT_1_02827	gene	318	licB			
ANT_1_02827	CDS	318	licB	2.7.1.-	COG1440	Lichenan-specific phosphotransferase enzyme IIB component
ANT_1_02828	gene	1428	gmuD_2			
ANT_1_02828	CDS	1428	gmuD_2	3.2.1.86	COG2723	6-phospho-beta-glucosidase GmuD
ANT_1_02829	gene	1335	licC_3			
ANT_1_02829	CDS	1335	licC_3		COG1455	Lichenan permease IIC component
ANT_1_02830	gene	312	chbA_3			
ANT_1_02830	CDS	312	chbA_3		COG1447	PTS system N,N'-diacetylchitobiose-specific EIIA component
ANT_1_02831	gene	1254	lysA			
ANT_1_02831	CDS	1254	lysA	4.1.1.20		Diaminopimelate decarboxylase
ANT_1_02832	gene	921	occR			
ANT_1_02832	CDS	921	occR			Octopine catabolism/uptake operon regulatory protein OccR
ANT_1_02833	gene	1164	ydhP			
ANT_1_02833	CDS	1164	ydhP		COG2814	Inner membrane transport protein YdhP
ANT_1_02834	gene	624				
ANT_1_02834	CDS	624				hypothetical protein
ANT_1_02835	gene	1521	lysS			
ANT_1_02835	CDS	1521	lysS	6.1.1.6	COG1190	Lysine--tRNA ligase
ANT_1_02836	gene	882	prfB			
ANT_1_02836	CDS	882	prfB		COG1186	Peptide chain release factor RF2
ANT_1_02837	gene	624	rhtB_2			
ANT_1_02837	CDS	624	rhtB_2		COG1280	Homoserine/homoserine lactone efflux protein
ANT_1_02838	gene	123				
ANT_1_02838	CDS	123				hypothetical protein
ANT_1_02839	gene	1719	recJ			
ANT_1_02839	CDS	1719	recJ	3.1.-.-	COG0608	Single-stranded-DNA-specific exonuclease RecJ
ANT_1_02840	gene	705	dsbC			
ANT_1_02840	CDS	705	dsbC		COG1651	Thiol:disulfide interchange protein DsbC
ANT_1_02841	gene	969	xerD_1			
ANT_1_02841	CDS	969	xerD_1		COG4974	Tyrosine recombinase XerD
ANT_1_02842	gene	519	fldB			
ANT_1_02842	CDS	519	fldB		COG0716	Flavodoxin 2
ANT_1_02843	gene	1362	creD			
ANT_1_02843	CDS	1362	creD		COG4452	Inner membrane protein CreD
ANT_1_02844	gene	1419	creC			
ANT_1_02844	CDS	1419	creC	2.7.13.3	COG0642	Sensor protein CreC
ANT_1_02845	gene	696	creB			
ANT_1_02845	CDS	696	creB		COG0745	Transcriptional regulatory protein CreB
ANT_1_02846	gene	366	ygfX			
ANT_1_02846	CDS	366	ygfX			Inner membrane protein YgfX
ANT_1_02847	gene	279	sdhE			
ANT_1_02847	CDS	279	sdhE		COG2938	FAD assembly factor SdhE
ANT_1_02848	gene	987	ygfZ			
ANT_1_02848	CDS	987	ygfZ		COG0354	tRNA-modifying protein YgfZ
ANT_1_02849	gene	654				
ANT_1_02849	CDS	654				hypothetical protein
ANT_1_02850	gene	744	ygfF			
ANT_1_02850	CDS	744	ygfF	1.-.-.-		putative oxidoreductase YgfF
ANT_1_02851	gene	294	mdoB			
ANT_1_02851	CDS	294	mdoB	2.7.8.20		Phosphoglycerol transferase I
ANT_1_02852	gene	1176	ampH			
ANT_1_02852	CDS	1176	ampH	3.4.-.-	COG1680	D-alanyl-D-alanine-carboxypeptidase/endopeptidase AmpH
ANT_1_02853	gene	315				
ANT_1_02853	CDS	315				hypothetical protein
ANT_1_02854	gene	258				
ANT_1_02854	CDS	258				hypothetical protein
ANT_1_02855	gene	816	nlpA			
ANT_1_02855	CDS	816	nlpA		COG1464	Lipoprotein 28
ANT_1_02856	gene	558				
ANT_1_02856	CDS	558				hypothetical protein
ANT_1_02857	gene	492	yhaV			
ANT_1_02857	CDS	492	yhaV	3.1.-.-		Ribonuclease toxin YhaV
ANT_1_02858	gene	345	prlF			
ANT_1_02858	CDS	345	prlF		COG2002	Antitoxin PrlF
ANT_1_02859	gene	819	mshD			
ANT_1_02859	CDS	819	mshD	2.3.1.189		Mycothiol acetyltransferase
ANT_1_02860	gene	894				
ANT_1_02860	CDS	894				hypothetical protein
ANT_1_02861	gene	1296	lamB_3			
ANT_1_02861	CDS	1296	lamB_3		COG4580	Maltoporin
ANT_1_02862	gene	1110	malK_2			
ANT_1_02862	CDS	1110	malK_2	7.5.2.1		Maltose/maltodextrin import ATP-binding protein MalK
ANT_1_02863	gene	1215	malE			
ANT_1_02863	CDS	1215	malE		COG2182	Maltose/maltodextrin-binding periplasmic protein
ANT_1_02864	gene	1566	malF			
ANT_1_02864	CDS	1566	malF		COG1175	Maltose/maltodextrin transport system permease protein MalF
ANT_1_02865	gene	891	malG			
ANT_1_02865	CDS	891	malG		COG3833	Maltose/maltodextrin transport system permease protein MalG
ANT_1_02866	gene	789				
ANT_1_02866	CDS	789				hypothetical protein
ANT_1_02867	gene	2088	malQ_2			
ANT_1_02867	CDS	2088	malQ_2	2.4.1.25	COG1640	4-alpha-glucanotransferase
ANT_1_02868	gene	2403	malP_3			
ANT_1_02868	CDS	2403	malP_3	2.4.1.1	COG0058	Maltodextrin phosphorylase
ANT_1_02869	gene	2727	malT			
ANT_1_02869	CDS	2727	malT		COG2909	HTH-type transcriptional regulator MalT
ANT_1_02870	gene	543				
ANT_1_02870	CDS	543				hypothetical protein
ANT_1_02871	gene	492	hcpA_4			
ANT_1_02871	CDS	492	hcpA_4		COG3157	Major exported protein
ANT_1_02872	gene	525				
ANT_1_02872	CDS	525				hypothetical protein
ANT_1_02873	gene	360				
ANT_1_02873	CDS	360				hypothetical protein
ANT_1_02874	gene	372	yqjC_1			
ANT_1_02874	CDS	372	yqjC_1			Protein YqjC
ANT_1_02875	gene	306	yqjD			
ANT_1_02875	CDS	306	yqjD		COG4575	putative protein YqjD
ANT_1_02876	gene	393	yqjE			
ANT_1_02876	CDS	393	yqjE		COG5393	Inner membrane protein YqjE
ANT_1_02877	gene	282				
ANT_1_02877	CDS	282				hypothetical protein
ANT_1_02878	gene	390	yqjF			
ANT_1_02878	CDS	390	yqjF		COG2259	Inner membrane protein YqjF
ANT_1_02879	gene	987	yqjG			
ANT_1_02879	CDS	987	yqjG	1.8.5.7	COG0435	Glutathionyl-hydroquinone reductase YqjG
ANT_1_02880	gene	135				
ANT_1_02880	CDS	135				hypothetical protein
ANT_1_02881	gene	903	yhaJ_2			
ANT_1_02881	CDS	903	yhaJ_2			HTH-type transcriptional regulator YhaJ
ANT_1_02882	gene	705	yhaK			
ANT_1_02882	CDS	705	yhaK		COG1741	Pirin-like protein YhaK
ANT_1_02883	gene	1122	roxA_1			
ANT_1_02883	CDS	1122	roxA_1	1.14.11.47	COG2850	50S ribosomal protein L16 3-hydroxylase
ANT_1_02884	gene	2598				
ANT_1_02884	CDS	2598				hypothetical protein
ANT_1_02885	gene	633	bin3			
ANT_1_02885	CDS	633	bin3			Putative transposon Tn552 DNA-invertase bin3
ANT_1_02886	gene	1344				
ANT_1_02886	CDS	1344				hypothetical protein
ANT_1_02887	gene	198				
ANT_1_02887	CDS	198				hypothetical protein
ANT_1_02888	gene	507				
ANT_1_02888	CDS	507				hypothetical protein
ANT_1_02889	gene	1434	xerC_1			
ANT_1_02889	CDS	1434	xerC_1			Tyrosine recombinase XerC
ANT_1_02890	gene	576				
ANT_1_02890	CDS	576				hypothetical protein
ANT_1_02891	gene	864	rsmI			
ANT_1_02891	CDS	864	rsmI	2.1.1.198	COG0313	Ribosomal RNA small subunit methyltransferase I
ANT_1_02892	gene	2022	lpoA			
ANT_1_02892	CDS	2022	lpoA		COG3107	Penicillin-binding protein activator LpoA
ANT_1_02893	gene	393				
ANT_1_02893	CDS	393				hypothetical protein
ANT_1_02894	gene	591	diaA			
ANT_1_02894	CDS	591	diaA		COG0279	DnaA initiator-associating protein DiaA
ANT_1_02895	gene	573	osmY_3			
ANT_1_02895	CDS	573	osmY_3		COG2823	Osmotically-inducible protein Y
ANT_1_02896	gene	483	hcpA_5			
ANT_1_02896	CDS	483	hcpA_5		COG3157	Major exported protein
ANT_1_02897	gene	204				
ANT_1_02897	CDS	204				hypothetical protein
ANT_1_02898	gene	843	phnJ			
ANT_1_02898	CDS	843	phnJ	4.7.1.1	COG3627	Alpha-D-ribose 1-methylphosphonate 5-phosphate C-P lyase
ANT_1_02899	gene	1077	phnI			
ANT_1_02899	CDS	1077	phnI	2.7.8.37	COG3626	Alpha-D-ribose 1-methylphosphonate 5-triphosphate synthase subunit PhnI
ANT_1_02900	gene	576	phnH			
ANT_1_02900	CDS	576	phnH	2.7.8.37	COG3625	Alpha-D-ribose 1-methylphosphonate 5-triphosphate synthase subunit PhnH
ANT_1_02901	gene	441	phnG			
ANT_1_02901	CDS	441	phnG	2.7.8.37	COG3624	Alpha-D-ribose 1-methylphosphonate 5-triphosphate synthase subunit PhnG
ANT_1_02902	gene	720	phnF			
ANT_1_02902	CDS	720	phnF		COG2188	putative transcriptional regulator PhnF
ANT_1_02903	gene	669	esaR_2			
ANT_1_02903	CDS	669	esaR_2			Transcriptional activator protein EsaR
ANT_1_02904	gene	1176	sotB_3			
ANT_1_02904	CDS	1176	sotB_3			sugar efflux transporter
ANT_1_02905	gene	453				
ANT_1_02905	CDS	453				hypothetical protein
ANT_1_02906	gene	1980	apc4			
ANT_1_02906	CDS	1980	apc4	6.4.1.8	COG0146	Acetophenone carboxylase delta subunit
ANT_1_02907	gene	2061	apc3			
ANT_1_02907	CDS	2061	apc3	6.4.1.8	COG0145	Acetophenone carboxylase gamma subunit
ANT_1_02908	gene	471				
ANT_1_02908	CDS	471				hypothetical protein
ANT_1_02909	gene	507	lrp_2			
ANT_1_02909	CDS	507	lrp_2		COG1522	Leucine-responsive regulatory protein
ANT_1_02910	gene	1317	davT_2			
ANT_1_02910	CDS	1317	davT_2	2.6.1.48	COG0160	5-aminovalerate aminotransferase DavT
ANT_1_02911	gene	1134	hipO_2			
ANT_1_02911	CDS	1134	hipO_2	3.5.1.32	COG1473	Hippurate hydrolase
ANT_1_02912	gene	927	ghrA_1			
ANT_1_02912	CDS	927	ghrA_1	1.1.1.79	COG0111	Glyoxylate/hydroxypyruvate reductase A
ANT_1_02913	gene	849				
ANT_1_02913	CDS	849				hypothetical protein
ANT_1_02914	gene	1332	soxB			
ANT_1_02914	CDS	1332	soxB	1.5.3.1		Sarcosine oxidase subunit beta
ANT_1_02915	gene	1665	gsiA_2			
ANT_1_02915	CDS	1665	gsiA_2	7.4.2.10	COG1123	Glutathione import ATP-binding protein GsiA
ANT_1_02916	gene	855	gsiD_3			
ANT_1_02916	CDS	855	gsiD_3		COG1173	Glutathione transport system permease protein GsiD
ANT_1_02917	gene	954	gsiC_5			
ANT_1_02917	CDS	954	gsiC_5		COG0601	Glutathione transport system permease protein GsiC
ANT_1_02918	gene	1605	gsiB_2			
ANT_1_02918	CDS	1605	gsiB_2		COG0747	Glutathione-binding protein GsiB
ANT_1_02919	gene	1278	puuB_1			
ANT_1_02919	CDS	1278	puuB_1	1.4.3.-		Gamma-glutamylputrescine oxidoreductase
ANT_1_02920	gene	669				
ANT_1_02920	CDS	669				hypothetical protein
ANT_1_02921	gene	1470	puuC			
ANT_1_02921	CDS	1470	puuC	1.2.1.5	COG1012	NADP/NAD-dependent aldehyde dehydrogenase PuuC
ANT_1_02922	gene	1458	gabD_1			
ANT_1_02922	CDS	1458	gabD_1	1.2.1.79	COG1012	Succinate-semialdehyde dehydrogenase [NADP(+)] GabD
ANT_1_02923	gene	138				
ANT_1_02923	CDS	138				hypothetical protein
ANT_1_02924	gene	1209	ribZ			
ANT_1_02924	CDS	1209	ribZ			Riboflavin transporter RibZ
ANT_1_02925	gene	957	cbl			
ANT_1_02925	CDS	957	cbl			HTH-type transcriptional regulator cbl
ANT_1_02926	gene	918	argP_3			
ANT_1_02926	CDS	918	argP_3			HTH-type transcriptional regulator ArgP
ANT_1_02927	gene	1032	rbsC_4			
ANT_1_02927	CDS	1032	rbsC_4		COG1172	Ribose import permease protein RbsC
ANT_1_02928	gene	1485	mglA_2			
ANT_1_02928	CDS	1485	mglA_2	7.5.2.11	COG1129	Galactose/methyl galactoside import ATP-binding protein MglA
ANT_1_02929	gene	924	thpA_3			
ANT_1_02929	CDS	924	thpA_3		COG1879	D-threitol-binding protein
ANT_1_02930	gene	76				
ANT_1_02930	tRNA	76				tRNA-Asn(gtt)
ANT_1_02931	gene	228				
ANT_1_02931	CDS	228				hypothetical protein
ANT_1_02932	gene	1389	sasA_4			
ANT_1_02932	CDS	1389	sasA_4	2.7.-.-		Adaptive-response sensory-kinase SasA
ANT_1_02933	gene	678	basR_1			
ANT_1_02933	CDS	678	basR_1			Transcriptional regulatory protein BasR
ANT_1_02934	gene	837				
ANT_1_02934	CDS	837				hypothetical protein
ANT_1_02935	gene	483				
ANT_1_02935	CDS	483				hypothetical protein
ANT_1_02936	gene	699	rluA_2			
ANT_1_02936	CDS	699	rluA_2	5.4.99.28	COG0564	Dual-specificity RNA pseudouridine synthase RluA
ANT_1_02937	gene	540				
ANT_1_02937	CDS	540				hypothetical protein
ANT_1_02938	gene	2211	katG			
ANT_1_02938	CDS	2211	katG	1.11.1.21	COG0376	Catalase-peroxidase
ANT_1_02939	gene	1506				
ANT_1_02939	CDS	1506				hypothetical protein
ANT_1_02940	gene	864	rbsK_2			
ANT_1_02940	CDS	864	rbsK_2	2.7.1.15	COG0524	Ribokinase
ANT_1_02941	gene	858	rpiR_1			
ANT_1_02941	CDS	858	rpiR_1		COG1737	HTH-type transcriptional regulator RpiR
ANT_1_02942	gene	972	rbsC_5			
ANT_1_02942	CDS	972	rbsC_5		COG1172	Ribose import permease protein RbsC
ANT_1_02943	gene	1494	araG_2			
ANT_1_02943	CDS	1494	araG_2	7.5.2.12	COG1129	Arabinose import ATP-binding protein AraG
ANT_1_02944	gene	1041				
ANT_1_02944	CDS	1041				hypothetical protein
ANT_1_02945	gene	981	apsI			
ANT_1_02945	CDS	981	apsI	5.3.1.-	COG4952	D-apiose isomerase
ANT_1_02946	gene	1086				
ANT_1_02946	CDS	1086				hypothetical protein
ANT_1_02947	gene	1011	lsrB_1			
ANT_1_02947	CDS	1011	lsrB_1			Autoinducer 2-binding protein LsrB
ANT_1_02948	gene	1485	rbsA_4			
ANT_1_02948	CDS	1485	rbsA_4	7.5.2.7	COG1129	Ribose import ATP-binding protein RbsA
ANT_1_02949	gene	1002	rbsC_6			
ANT_1_02949	CDS	1002	rbsC_6		COG1172	Ribose import permease protein RbsC
ANT_1_02950	gene	1050	lsrD_1			
ANT_1_02950	CDS	1050	lsrD_1			Autoinducer 2 import system permease protein LsrD
ANT_1_02951	gene	861	rpiR_2			
ANT_1_02951	CDS	861	rpiR_2		COG1737	HTH-type transcriptional regulator RpiR
ANT_1_02952	gene	570				
ANT_1_02952	CDS	570				hypothetical protein
ANT_1_02953	gene	792	yqjH			
ANT_1_02953	CDS	792	yqjH	1.16.1.9	COG2375	NADPH-dependent ferric-chelate reductase
ANT_1_02954	gene	1431	yeeO			
ANT_1_02954	CDS	1431	yeeO		COG0534	putative FMN/FAD exporter YeeO
ANT_1_02955	gene	897				
ANT_1_02955	CDS	897				hypothetical protein
ANT_1_02956	gene	1074	lacI_2			
ANT_1_02956	CDS	1074	lacI_2		COG1609	Lactose operon repressor
ANT_1_02957	gene	318				
ANT_1_02957	CDS	318				hypothetical protein
ANT_1_02958	gene	1059	yeeA			
ANT_1_02958	CDS	1059	yeeA		COG1289	Inner membrane protein YeeA
ANT_1_02959	gene	342	sbmC			
ANT_1_02959	CDS	342	sbmC		COG3449	DNA gyrase inhibitor
ANT_1_02960	gene	1176	dacD			
ANT_1_02960	CDS	1176	dacD	3.4.16.4	COG1686	D-alanyl-D-alanine carboxypeptidase DacD
ANT_1_02961	gene	1428	sbcB			
ANT_1_02961	CDS	1428	sbcB	3.1.11.1	COG2925	Exodeoxyribonuclease I
ANT_1_02962	gene	1365	plaP			
ANT_1_02962	CDS	1365	plaP		COG0531	Low-affinity putrescine importer PlaP
ANT_1_02963	gene	198				
ANT_1_02963	CDS	198				hypothetical protein
ANT_1_02964	gene	1419	puuA			
ANT_1_02964	CDS	1419	puuA	6.3.1.11	COG0174	Gamma-glutamylputrescine synthetase PuuA
ANT_1_02965	gene	765	puuD			
ANT_1_02965	CDS	765	puuD	3.5.1.94	COG2071	Gamma-glutamyl-gamma-aminobutyrate hydrolase PuuD
ANT_1_02966	gene	558	puuR			
ANT_1_02966	CDS	558	puuR			HTH-type transcriptional regulator PuuR
ANT_1_02967	gene	1278	puuB_2			
ANT_1_02967	CDS	1278	puuB_2	1.4.3.-		Gamma-glutamylputrescine oxidoreductase
ANT_1_02968	gene	828	yeeZ			
ANT_1_02968	CDS	828	yeeZ		COG0451	Protein YeeZ
ANT_1_02969	gene	900	hisG			
ANT_1_02969	CDS	900	hisG	2.4.2.17	COG0040	ATP phosphoribosyltransferase
ANT_1_02970	gene	1308	hisD			
ANT_1_02970	CDS	1308	hisD	1.1.1.23	COG0141	Histidinol dehydrogenase
ANT_1_02971	gene	1092	hisC			
ANT_1_02971	CDS	1092	hisC	2.6.1.9	COG0079	Histidinol-phosphate aminotransferase
ANT_1_02972	gene	1065	hisB			
ANT_1_02972	CDS	1065	hisB		COG0131	Histidine biosynthesis bifunctional protein HisB
ANT_1_02973	gene	591	hisH			
ANT_1_02973	CDS	591	hisH	4.3.2.10	COG0118	Imidazole glycerol phosphate synthase subunit HisH
ANT_1_02974	gene	738	hisA			
ANT_1_02974	CDS	738	hisA	5.3.1.16	COG0106	1-(5-phosphoribosyl)-5-[(5-phosphoribosylamino)methylideneamino] imidazole-4-carboxamide isomerase
ANT_1_02975	gene	777	hisF			
ANT_1_02975	CDS	777	hisF	4.3.2.10	COG0107	Imidazole glycerol phosphate synthase subunit HisF
ANT_1_02976	gene	612	hisI			
ANT_1_02976	CDS	612	hisI	3.5.4.19		Histidine biosynthesis bifunctional protein HisIE
ANT_1_02977	gene	357				
ANT_1_02977	CDS	357				hypothetical protein
ANT_1_02978	gene	2403	yraJ_2			
ANT_1_02978	CDS	2403	yraJ_2		COG3188	Outer membrane usher protein YraJ
ANT_1_02979	gene	690	gltF_1			
ANT_1_02979	CDS	690	gltF_1			Protein GltF
ANT_1_02980	gene	705	yraI			
ANT_1_02980	CDS	705	yraI			putative fimbrial chaperone YraI
ANT_1_02981	gene	588				
ANT_1_02981	CDS	588				hypothetical protein
ANT_1_02982	gene	615	lemA			
ANT_1_02982	CDS	615	lemA		COG1704	Protein LemA
ANT_1_02983	gene	942				
ANT_1_02983	CDS	942				hypothetical protein
ANT_1_02984	gene	504	ygjP			
ANT_1_02984	CDS	504	ygjP	3.6.1.-	COG1451	UTP pyrophosphatase
ANT_1_02985	gene	1128	rlmG			
ANT_1_02985	CDS	1128	rlmG	2.1.1.174	COG2813	Ribosomal RNA large subunit methyltransferase G
ANT_1_02986	gene	714	rl5			
ANT_1_02986	CDS	714	rl5	1.10.3.-		Polyphenol oxidase
ANT_1_02987	gene	192				
ANT_1_02987	CDS	192				hypothetical protein
ANT_1_02988	gene	339				
ANT_1_02988	CDS	339				hypothetical protein
ANT_1_02989	gene	879	yebZ			
ANT_1_02989	CDS	879	yebZ		COG1276	Inner membrane protein YebZ
ANT_1_02990	gene	366	yobA			
ANT_1_02990	CDS	366	yobA		COG2372	Protein YobA
ANT_1_02991	gene	231	holE			
ANT_1_02991	CDS	231	holE	2.7.7.7		DNA polymerase III subunit theta
ANT_1_02992	gene	759	ramA_1			
ANT_1_02992	CDS	759	ramA_1	3.5.1.100		(R)-stereoselective amidase
ANT_1_02993	gene	666	exoX			
ANT_1_02993	CDS	666	exoX	3.1.11.-	COG0847	Exodeoxyribonuclease 10
ANT_1_02994	gene	2058	ptrB			
ANT_1_02994	CDS	2058	ptrB	3.4.21.83	COG1770	Protease 2
ANT_1_02995	gene	654	yebE			
ANT_1_02995	CDS	654	yebE		COG2979	Inner membrane protein YebE
ANT_1_02996	gene	819				
ANT_1_02996	CDS	819				hypothetical protein
ANT_1_02997	gene	306				
ANT_1_02997	CDS	306				hypothetical protein
ANT_1_02998	gene	1179	purT			
ANT_1_02998	CDS	1179	purT	2.1.2.-	COG0027	Formate-dependent phosphoribosylglycinamide formyltransferase
ANT_1_02999	gene	639	eda			
ANT_1_02999	CDS	639	eda		COG0800	KHG/KDPG aldolase
ANT_1_03000	gene	1476	zwf			
ANT_1_03000	CDS	1476	zwf	1.1.1.49	COG0364	Glucose-6-phosphate 1-dehydrogenase
ANT_1_03001	gene	864	hexR_2			
ANT_1_03001	CDS	864	hexR_2		COG1737	HTH-type transcriptional regulator HexR
ANT_1_03002	gene	804				
ANT_1_03002	CDS	804				hypothetical protein
ANT_1_03003	gene	162				
ANT_1_03003	CDS	162				hypothetical protein
ANT_1_03004	gene	1482	pykA_1			
ANT_1_03004	CDS	1482	pykA_1	2.7.1.40	COG0469	Pyruvate kinase II
ANT_1_03005	gene	1227	mdfA			
ANT_1_03005	CDS	1227	mdfA			Multidrug transporter MdfA
ANT_1_03006	gene	975	lpxM			
ANT_1_03006	CDS	975	lpxM	2.3.1.243	COG1560	Lipid A biosynthesis myristoyltransferase
ANT_1_03007	gene	1326	mepM			
ANT_1_03007	CDS	1326	mepM	3.4.24.-	COG0739	Murein DD-endopeptidase MepM
ANT_1_03008	gene	918	znuA			
ANT_1_03008	CDS	918	znuA		COG4531	High-affinity zinc uptake system protein ZnuA
ANT_1_03009	gene	759	znuC			
ANT_1_03009	CDS	759	znuC	7.2.2.-	COG1121	Zinc import ATP-binding protein ZnuC
ANT_1_03010	gene	786	znuB			
ANT_1_03010	CDS	786	znuB		COG1108	High-affinity zinc uptake system membrane protein ZnuB
ANT_1_03011	gene	1005	ruvB			
ANT_1_03011	CDS	1005	ruvB	3.6.4.12	COG2255	Holliday junction ATP-dependent DNA helicase RuvB
ANT_1_03012	gene	615	ruvA			
ANT_1_03012	CDS	615	ruvA	3.6.4.12	COG0632	Holliday junction ATP-dependent DNA helicase RuvA
ANT_1_03013	gene	522	ruvC			
ANT_1_03013	CDS	522	ruvC	3.1.22.4	COG0817	Crossover junction endodeoxyribonuclease RuvC
ANT_1_03014	gene	744	yebC			
ANT_1_03014	CDS	744	yebC		COG0217	putative transcriptional regulatory protein YebC
ANT_1_03015	gene	435	nudB			
ANT_1_03015	CDS	435	nudB	3.6.1.67	COG0494	Dihydroneopterin triphosphate diphosphatase
ANT_1_03016	gene	1788	aspS			
ANT_1_03016	CDS	1788	aspS	6.1.1.12	COG0173	Aspartate--tRNA ligase
ANT_1_03017	gene	570	yecD			
ANT_1_03017	CDS	570	yecD	3.-.-.-	COG1335	Isochorismatase family protein YecD
ANT_1_03018	gene	825				
ANT_1_03018	CDS	825				hypothetical protein
ANT_1_03019	gene	396	yecN			
ANT_1_03019	CDS	396	yecN		COG3788	Inner membrane protein YecN
ANT_1_03020	gene	741	cmoA			
ANT_1_03020	CDS	741	cmoA	2.1.3.-	COG0500	Carboxy-S-adenosyl-L-methionine synthase
ANT_1_03021	gene	966	cmoB			
ANT_1_03021	CDS	966	cmoB	2.5.1.-	COG0500	tRNA U34 carboxymethyltransferase
ANT_1_03022	gene	837				
ANT_1_03022	CDS	837				hypothetical protein
ANT_1_03023	gene	756	cutC			
ANT_1_03023	CDS	756	cutC		COG3142	Copper homeostasis protein CutC
ANT_1_03024	gene	1146	patB_1			
ANT_1_03024	CDS	1146	patB_1	4.4.1.13	COG1168	Cystathionine beta-lyase PatB
ANT_1_03025	gene	561	yecM			
ANT_1_03025	CDS	561	yecM		COG3102	Protein YecM
ANT_1_03026	gene	126				
ANT_1_03026	CDS	126				hypothetical protein
ANT_1_03027	gene	1731	argS			
ANT_1_03027	CDS	1731	argS	6.1.1.19	COG0018	Arginine--tRNA ligase
ANT_1_03028	gene	393	flhE			
ANT_1_03028	CDS	393	flhE			Flagellar protein FlhE
ANT_1_03029	gene	2088	flhA_1			
ANT_1_03029	CDS	2088	flhA_1		COG1298	Flagellar biosynthesis protein FlhA
ANT_1_03030	gene	1152	flhB			
ANT_1_03030	CDS	1152	flhB		COG1377	Flagellar biosynthetic protein FlhB
ANT_1_03031	gene	645	cheZ			
ANT_1_03031	CDS	645	cheZ	3.1.3.-	COG3143	Protein phosphatase CheZ
ANT_1_03032	gene	390	cheY			
ANT_1_03032	CDS	390	cheY		COG0784	Chemotaxis protein CheY
ANT_1_03033	gene	1050	cheB			
ANT_1_03033	CDS	1050	cheB	3.1.1.61	COG2201	Protein-glutamate methylesterase/protein-glutamine glutaminase
ANT_1_03034	gene	873	cheR			
ANT_1_03034	CDS	873	cheR	2.1.1.80		Chemotaxis protein methyltransferase
ANT_1_03035	gene	1557	tap			
ANT_1_03035	CDS	1557	tap		COG0840	Methyl-accepting chemotaxis protein IV
ANT_1_03036	gene	1680	tsr_5			
ANT_1_03036	CDS	1680	tsr_5		COG0840	Methyl-accepting chemotaxis protein I
ANT_1_03037	gene	1671	tsr_6			
ANT_1_03037	CDS	1671	tsr_6		COG0840	Methyl-accepting chemotaxis protein I
ANT_1_03038	gene	1671	tsr_7			
ANT_1_03038	CDS	1671	tsr_7		COG0840	Methyl-accepting chemotaxis protein I
ANT_1_03039	gene	498	cheW			
ANT_1_03039	CDS	498	cheW		COG0835	Chemotaxis protein CheW
ANT_1_03040	gene	2007	cheA			
ANT_1_03040	CDS	2007	cheA	2.7.13.3	COG0643	Chemotaxis protein CheA
ANT_1_03041	gene	1032	motB			
ANT_1_03041	CDS	1032	motB		COG1360	Motility protein B
ANT_1_03042	gene	885	motA			
ANT_1_03042	CDS	885	motA		COG1291	Motility protein A
ANT_1_03043	gene	579	flhC			
ANT_1_03043	CDS	579	flhC			Flagellar transcriptional regulator FlhC
ANT_1_03044	gene	354	flhD			
ANT_1_03044	CDS	354	flhD			Flagellar transcriptional regulator FlhD
ANT_1_03045	gene	117				
ANT_1_03045	CDS	117				hypothetical protein
ANT_1_03046	gene	1431	otsA			
ANT_1_03046	CDS	1431	otsA	2.4.1.15	COG0380	Trehalose-6-phosphate synthase
ANT_1_03047	gene	810	otsB			
ANT_1_03047	CDS	810	otsB	3.1.3.12	COG1877	Trehalose-6-phosphate phosphatase
ANT_1_03048	gene	1221				
ANT_1_03048	CDS	1221		3.1.4.-	COG2206	Cyclic di-GMP phosphodiesterase
ANT_1_03049	gene	732				
ANT_1_03049	CDS	732				hypothetical protein
ANT_1_03050	gene	1500	ptsG_1			
ANT_1_03050	CDS	1500	ptsG_1	2.7.1.199		PTS system glucose-specific EIICBA component
ANT_1_03051	gene	1017	malI			
ANT_1_03051	CDS	1017	malI		COG1609	Maltose regulon regulatory protein MalI
ANT_1_03052	gene	894				
ANT_1_03052	CDS	894				hypothetical protein
ANT_1_03053	gene	651				
ANT_1_03053	CDS	651				hypothetical protein
ANT_1_03054	gene	303				
ANT_1_03054	CDS	303				hypothetical protein
ANT_1_03055	gene	981	hemB			
ANT_1_03055	CDS	981	hemB	4.2.1.24	COG0113	Delta-aminolevulinic acid dehydratase
ANT_1_03056	gene	561	chrR			
ANT_1_03056	CDS	561	chrR	1.6.5.2	COG0431	Quinone reductase
ANT_1_03057	gene	1335	nhaP			
ANT_1_03057	CDS	1335	nhaP			K(+)/H(+) antiporter NhaP
ANT_1_03058	gene	1299	rfbX			
ANT_1_03058	CDS	1299	rfbX		COG2244	Putative O-antigen transporter
ANT_1_03059	gene	972				
ANT_1_03059	CDS	972				hypothetical protein
ANT_1_03060	gene	1413				
ANT_1_03060	CDS	1413				hypothetical protein
ANT_1_03061	gene	1521	adh			
ANT_1_03061	CDS	1521	adh	1.2.1.3	COG1012	Aldehyde dehydrogenase
ANT_1_03062	gene	726				
ANT_1_03062	CDS	726				hypothetical protein
ANT_1_03063	gene	915	eamA			
ANT_1_03063	CDS	915	eamA		COG0697	putative amino-acid metabolite efflux pump
ANT_1_03064	gene	1380	frc			
ANT_1_03064	CDS	1380	frc	2.8.3.16		Formyl-CoA:oxalate CoA-transferase
ANT_1_03065	gene	552	ycdY			
ANT_1_03065	CDS	552	ycdY		COG3381	Chaperone protein YcdY
ANT_1_03066	gene	738	ycdX			
ANT_1_03066	CDS	738	ycdX	3.1.3.-	COG1387	putative phosphatase YcdX
ANT_1_03067	gene	939	ghrA_2			
ANT_1_03067	CDS	939	ghrA_2	1.1.1.79	COG0111	Glyoxylate/hydroxypyruvate reductase A
ANT_1_03068	gene	1467	dtpA_2			
ANT_1_03068	CDS	1467	dtpA_2		COG3104	Dipeptide and tripeptide permease A
ANT_1_03069	gene	88				
ANT_1_03069	tRNA	88				tRNA-Ser(gga)
ANT_1_03070	gene	1404	phoA			
ANT_1_03070	CDS	1404	phoA	3.1.3.1	COG1785	Alkaline phosphatase
ANT_1_03071	gene	88				
ANT_1_03071	tRNA	88				tRNA-Ser(gga)
ANT_1_03072	gene	507				
ANT_1_03072	CDS	507				hypothetical protein
ANT_1_03073	gene	375				
ANT_1_03073	CDS	375				hypothetical protein
ANT_1_03074	gene	399				
ANT_1_03074	CDS	399				hypothetical protein
ANT_1_03075	gene	408				
ANT_1_03075	CDS	408				hypothetical protein
ANT_1_03076	gene	810				
ANT_1_03076	CDS	810				hypothetical protein
ANT_1_03077	gene	171				
ANT_1_03077	CDS	171				hypothetical protein
ANT_1_03078	gene	876				
ANT_1_03078	CDS	876				hypothetical protein
ANT_1_03079	gene	267				
ANT_1_03079	CDS	267				IS3 family transposase IS1351
ANT_1_03080	gene	408				
ANT_1_03080	CDS	408				IS3 family transposase IS1351
ANT_1_03081	gene	1701	flhA_2			
ANT_1_03081	CDS	1701	flhA_2		COG1298	Flagellar biosynthesis protein FlhA
ANT_1_03082	gene	705	lafU			
ANT_1_03082	CDS	705	lafU		COG1360	Chemotaxis protein LafU
ANT_1_03083	gene	720				
ANT_1_03083	CDS	720				hypothetical protein
ANT_1_03084	gene	297				
ANT_1_03084	CDS	297				hypothetical protein
ANT_1_03085	gene	74				
ANT_1_03085	tRNA	74				tRNA-Gly(ccc)
ANT_1_03086	gene	465				
ANT_1_03086	CDS	465				hypothetical protein
ANT_1_03087	gene	4059	acsC			
ANT_1_03087	CDS	4059	acsC			Cellulose synthase operon protein C
ANT_1_03088	gene	2553	bcsB			
ANT_1_03088	CDS	2553	bcsB			Cyclic di-GMP-binding protein
ANT_1_03089	gene	2100	acsAB			
ANT_1_03089	CDS	2100	acsAB			Cellulose synthase 1
ANT_1_03090	gene	798	bcsQ			
ANT_1_03090	CDS	798	bcsQ			Cellulose biosynthesis protein BcsQ
ANT_1_03091	gene	663				
ANT_1_03091	CDS	663				hypothetical protein
ANT_1_03092	gene	1002	oppF			
ANT_1_03092	CDS	1002	oppF		COG4608	Oligopeptide transport ATP-binding protein OppF
ANT_1_03093	gene	987	dppD_1			
ANT_1_03093	CDS	987	dppD_1		COG0444	Dipeptide transport ATP-binding protein DppD
ANT_1_03094	gene	903	dppC			
ANT_1_03094	CDS	903	dppC		COG1173	Dipeptide transport system permease protein DppC
ANT_1_03095	gene	1020	dppB_1			
ANT_1_03095	CDS	1020	dppB_1		COG0601	Dipeptide transport system permease protein DppB
ANT_1_03096	gene	1611	dppA_4			
ANT_1_03096	CDS	1611	dppA_4		COG0747	Periplasmic dipeptide transport protein
ANT_1_03097	gene	1668	eptB			
ANT_1_03097	CDS	1668	eptB	2.7.8.42	COG2194	Kdo(2)-lipid A phosphoethanolamine 7''-transferase
ANT_1_03098	gene	429	ohrB			
ANT_1_03098	CDS	429	ohrB		COG1764	Organic hydroperoxide resistance protein OhrB
ANT_1_03099	gene	459	ohrR_1			
ANT_1_03099	CDS	459	ohrR_1			Organic hydroperoxide resistance transcriptional regulator
ANT_1_03100	gene	585				
ANT_1_03100	CDS	585				hypothetical protein
ANT_1_03101	gene	672				
ANT_1_03101	CDS	672				hypothetical protein
ANT_1_03102	gene	462				
ANT_1_03102	CDS	462				hypothetical protein
ANT_1_03103	gene	3192				
ANT_1_03103	CDS	3192				hypothetical protein
ANT_1_03104	gene	1104	ugpC_2			
ANT_1_03104	CDS	1104	ugpC_2	7.6.2.10	COG3839	sn-glycerol-3-phosphate import ATP-binding protein UgpC
ANT_1_03105	gene	1281	ugpB_2			
ANT_1_03105	CDS	1281	ugpB_2		COG1653	sn-glycerol-3-phosphate-binding periplasmic protein UgpB
ANT_1_03106	gene	912	ugpA_2			
ANT_1_03106	CDS	912	ugpA_2		COG1175	sn-glycerol-3-phosphate transport system permease protein UgpA
ANT_1_03107	gene	840	araQ_2			
ANT_1_03107	CDS	840	araQ_2		COG0395	L-arabinose transport system permease protein AraQ
ANT_1_03108	gene	966	cpdA_1			
ANT_1_03108	CDS	966	cpdA_1	3.1.4.53		3',5'-cyclic adenosine monophosphate phosphodiesterase CpdA
ANT_1_03109	gene	681	kdgM			
ANT_1_03109	CDS	681	kdgM			Oligogalacturonate-specific porin KdgM
ANT_1_03110	gene	2076	pelX			
ANT_1_03110	CDS	2076	pelX	4.2.2.9		Pectate disaccharide-lyase
ANT_1_03111	gene	1575	yagG			
ANT_1_03111	CDS	1575	yagG		COG2211	Putative glycoside/cation symporter YagG
ANT_1_03112	gene	1182	ogl			
ANT_1_03112	CDS	1182	ogl	4.2.2.6	COG0823	Oligogalacturonate lyase
ANT_1_03113	gene	321				
ANT_1_03113	CDS	321				hypothetical protein
ANT_1_03114	gene	639				
ANT_1_03114	CDS	639				hypothetical protein
ANT_1_03115	gene	762	kduD_2			
ANT_1_03115	CDS	762	kduD_2	1.1.1.127		2-dehydro-3-deoxy-D-gluconate 5-dehydrogenase
ANT_1_03116	gene	1212	tnaB			
ANT_1_03116	CDS	1212	tnaB		COG0814	Low affinity tryptophan permease
ANT_1_03117	gene	483				
ANT_1_03117	CDS	483				hypothetical protein
ANT_1_03118	gene	1035				
ANT_1_03118	CDS	1035				hypothetical protein
ANT_1_03119	gene	369	symE_4			
ANT_1_03119	CDS	369	symE_4	3.1.-.-		Endoribonuclease SymE
ANT_1_03120	gene	675	yqjA			
ANT_1_03120	CDS	675	yqjA		COG0586	Inner membrane protein YqjA
ANT_1_03121	gene	777	lutR_3			
ANT_1_03121	CDS	777	lutR_3		COG2186	HTH-type transcriptional regulator LutR
ANT_1_03122	gene	1314	exuT_1			
ANT_1_03122	CDS	1314	exuT_1			Hexuronate transporter
ANT_1_03123	gene	1410	uxaC			
ANT_1_03123	CDS	1410	uxaC	5.3.1.12	COG1904	Uronate isomerase
ANT_1_03124	gene	1476	uxaB			
ANT_1_03124	CDS	1476	uxaB	1.1.1.58	COG0246	Altronate oxidoreductase
ANT_1_03125	gene	1491	uxaA			
ANT_1_03125	CDS	1491	uxaA	4.2.1.7	COG2721	Altronate dehydratase
ANT_1_03126	gene	1239	sstT			
ANT_1_03126	CDS	1239	sstT		COG3633	Serine/threonine transporter SstT
ANT_1_03127	gene	963	alx			
ANT_1_03127	CDS	963	alx		COG0861	Putative membrane-bound redox modulator Alx
ANT_1_03128	gene	987	iolU_2			
ANT_1_03128	CDS	987	iolU_2	1.1.1.371	COG0673	scyllo-inositol 2-dehydrogenase (NADP(+)) IolU
ANT_1_03129	gene	1701	clcB			
ANT_1_03129	CDS	1701	clcB			Voltage-gated ClC-type chloride channel ClcB
ANT_1_03130	gene	615	rcsB_2			
ANT_1_03130	CDS	615	rcsB_2			Transcriptional regulatory protein RcsB
ANT_1_03131	gene	3609	bvgS_2			
ANT_1_03131	CDS	3609	bvgS_2	2.7.13.3		Virulence sensor protein BvgS
ANT_1_03132	gene	624	bvgA_2			
ANT_1_03132	CDS	624	bvgA_2			Virulence factors putative positive transcription regulator BvgA
ANT_1_03133	gene	3099				
ANT_1_03133	CDS	3099				hypothetical protein
ANT_1_03134	gene	705	gltF_2			
ANT_1_03134	CDS	705	gltF_2			Protein GltF
ANT_1_03135	gene	315				
ANT_1_03135	CDS	315				hypothetical protein
ANT_1_03136	gene	705	gltF_3			
ANT_1_03136	CDS	705	gltF_3			Protein GltF
ANT_1_03137	gene	909	pgrR_7			
ANT_1_03137	CDS	909	pgrR_7			HTH-type transcriptional regulator PgrR
ANT_1_03138	gene	930	mlhB			
ANT_1_03138	CDS	930	mlhB	3.1.1.83		Monoterpene epsilon-lactone hydrolase
ANT_1_03139	gene	234				
ANT_1_03139	CDS	234				hypothetical protein
ANT_1_03140	gene	1008	dmlR_10			
ANT_1_03140	CDS	1008	dmlR_10			HTH-type transcriptional regulator DmlR
ANT_1_03141	gene	1098	nemA_2			
ANT_1_03141	CDS	1098	nemA_2	1.3.1.-	COG1902	N-ethylmaleimide reductase
ANT_1_03142	gene	1320				
ANT_1_03142	CDS	1320				hypothetical protein
ANT_1_03143	gene	363				
ANT_1_03143	CDS	363				hypothetical protein
ANT_1_03144	gene	573				
ANT_1_03144	CDS	573				hypothetical protein
ANT_1_03145	gene	1875				
ANT_1_03145	CDS	1875				hypothetical protein
ANT_1_03146	gene	1656				
ANT_1_03146	CDS	1656				hypothetical protein
ANT_1_03147	gene	480				
ANT_1_03147	CDS	480				hypothetical protein
ANT_1_03148	gene	1788	treZ			
ANT_1_03148	CDS	1788	treZ	3.2.1.141	COG0296	Malto-oligosyltrehalose trehalohydrolase
ANT_1_03149	gene	2511	treY			
ANT_1_03149	CDS	2511	treY	5.4.99.15		Maltooligosyl trehalose synthase
ANT_1_03150	gene	2112	glgX_2			
ANT_1_03150	CDS	2112	glgX_2	3.2.1.-	COG1523	Glycogen operon protein GlgX 
ANT_1_03151	gene	210				
ANT_1_03151	CDS	210				hypothetical protein
ANT_1_03152	gene	972	cdhR_2			
ANT_1_03152	CDS	972	cdhR_2		COG4977	HTH-type transcriptional regulator CdhR
ANT_1_03153	gene	780				
ANT_1_03153	CDS	780				hypothetical protein
ANT_1_03154	gene	1908	bglF_3			
ANT_1_03154	CDS	1908	bglF_3		COG1263	PTS system beta-glucoside-specific EIIBCA component
ANT_1_03155	gene	618				
ANT_1_03155	CDS	618				hypothetical protein
ANT_1_03156	gene	111				
ANT_1_03156	rRNA	111				5S ribosomal RNA
ANT_1_03157	gene	1302	kgtP_1			
ANT_1_03157	CDS	1302	kgtP_1			Alpha-ketoglutarate permease
ANT_1_03158	gene	321				
ANT_1_03158	CDS	321				hypothetical protein
ANT_1_03159	gene	1356	pssA			
ANT_1_03159	CDS	1356	pssA	2.7.8.8	COG1502	CDP-diacylglycerol--serine O-phosphatidyltransferase
ANT_1_03160	gene	2670	pat			
ANT_1_03160	CDS	2670	pat	2.3.1.-	COG0454	Peptidyl-lysine N-acetyltransferase Pat
ANT_1_03161	gene	714				
ANT_1_03161	CDS	714				hypothetical protein
ANT_1_03162	gene	420	trxC			
ANT_1_03162	CDS	420	trxC	1.8.1.8	COG0526	Thioredoxin 2
ANT_1_03163	gene	1041	yfiF			
ANT_1_03163	CDS	1041	yfiF	2.1.1.-	COG0566	putative tRNA/rRNA methyltransferase YfiF
ANT_1_03164	gene	1539	emrB_3			
ANT_1_03164	CDS	1539	emrB_3			Multidrug export protein EmrB
ANT_1_03165	gene	1173	emrA_3			
ANT_1_03165	CDS	1173	emrA_3		COG1566	Multidrug export protein EmrA
ANT_1_03166	gene	531	mprA			
ANT_1_03166	CDS	531	mprA		COG1846	Transcriptional repressor MprA
ANT_1_03167	gene	1002	proX			
ANT_1_03167	CDS	1002	proX		COG2113	Glycine betaine/proline betaine-binding periplasmic protein
ANT_1_03168	gene	1176	ousW			
ANT_1_03168	CDS	1176	ousW		COG4176	Glycine betaine/choline transport system permease protein OusW
ANT_1_03169	gene	1197	proV			
ANT_1_03169	CDS	1197	proV		COG4175	Glycine betaine/proline betaine transport system ATP-binding protein ProV
ANT_1_03170	gene	960	nrdF			
ANT_1_03170	CDS	960	nrdF	1.17.4.1	COG0208	Ribonucleoside-diphosphate reductase 2 subunit beta
ANT_1_03171	gene	2151	nrdE			
ANT_1_03171	CDS	2151	nrdE	1.17.4.1	COG0209	Ribonucleoside-diphosphate reductase 2 subunit alpha
ANT_1_03172	gene	411	nrdI			
ANT_1_03172	CDS	411	nrdI		COG1780	Protein NrdI
ANT_1_03173	gene	243	nrdH			
ANT_1_03173	CDS	243	nrdH		COG0695	Glutaredoxin-like protein NrdH
ANT_1_03174	gene	324	ygaM			
ANT_1_03174	CDS	324	ygaM		COG4575	putative protein YgaM
ANT_1_03175	gene	336				
ANT_1_03175	CDS	336				hypothetical protein
ANT_1_03176	gene	1422	rocC			
ANT_1_03176	CDS	1422	rocC		COG0833	Amino-acid permease RocC
ANT_1_03177	gene	423				
ANT_1_03177	CDS	423				hypothetical protein
ANT_1_03178	gene	567	speG			
ANT_1_03178	CDS	567	speG	2.3.1.57	COG1670	Spermidine N(1)-acetyltransferase
ANT_1_03179	gene	924	tsx			
ANT_1_03179	CDS	924	tsx		COG3248	Nucleoside-specific channel-forming protein Tsx
ANT_1_03180	gene	1143				
ANT_1_03180	CDS	1143				hypothetical protein
ANT_1_03181	gene	1134				
ANT_1_03181	CDS	1134				hypothetical protein
ANT_1_03182	gene	1107				
ANT_1_03182	CDS	1107				hypothetical protein
ANT_1_03183	gene	387	yqjC_2			
ANT_1_03183	CDS	387	yqjC_2			Protein YqjC
ANT_1_03184	gene	855				
ANT_1_03184	CDS	855				hypothetical protein
ANT_1_03185	gene	1410	aam			
ANT_1_03185	CDS	1410	aam	3.5.1.13	COG0154	Acylamidase
ANT_1_03186	gene	573				
ANT_1_03186	CDS	573				hypothetical protein
ANT_1_03187	gene	951	scrK_2			
ANT_1_03187	CDS	951	scrK_2	2.7.1.4	COG0524	Fructokinase
ANT_1_03188	gene	1014				
ANT_1_03188	CDS	1014				hypothetical protein
ANT_1_03189	gene	1494				
ANT_1_03189	CDS	1494				hypothetical protein
ANT_1_03190	gene	1266				
ANT_1_03190	CDS	1266				hypothetical protein
ANT_1_03191	gene	1437	sacA			
ANT_1_03191	CDS	1437	sacA	3.2.1.26		Sucrose-6-phosphate hydrolase
ANT_1_03192	gene	1239	cscB			
ANT_1_03192	CDS	1239	cscB			Sucrose permease
ANT_1_03193	gene	996	rbsR_2			
ANT_1_03193	CDS	996	rbsR_2		COG1609	Ribose operon repressor
ANT_1_03194	gene	513				
ANT_1_03194	CDS	513				hypothetical protein
ANT_1_03195	gene	129	flgC_1			
ANT_1_03195	CDS	129	flgC_1		COG1558	Flagellar basal-body rod protein FlgC
ANT_1_03196	gene	672	flgD_1			
ANT_1_03196	CDS	672	flgD_1		COG1843	Basal-body rod modification protein FlgD
ANT_1_03197	gene	1209	flgE_1			
ANT_1_03197	CDS	1209	flgE_1		COG1749	Flagellar hook protein FlgE
ANT_1_03198	gene	129	flgC_2			
ANT_1_03198	CDS	129	flgC_2		COG1558	Flagellar basal-body rod protein FlgC
ANT_1_03199	gene	672	flgD_2			
ANT_1_03199	CDS	672	flgD_2		COG1843	Basal-body rod modification protein FlgD
ANT_1_03200	gene	1209	flgE_2			
ANT_1_03200	CDS	1209	flgE_2		COG1749	Flagellar hook protein FlgE
ANT_1_03201	gene	77				
ANT_1_03201	tRNA	77				tRNA-Pro(ggg)
ANT_1_03202	gene	1752	yejM			
ANT_1_03202	CDS	1752	yejM		COG3083	Inner membrane protein YejM
ANT_1_03203	gene	228				
ANT_1_03203	CDS	228				hypothetical protein
ANT_1_03204	gene	1005	yejK			
ANT_1_03204	CDS	1005	yejK		COG3081	Nucleoid-associated protein YejK
ANT_1_03205	gene	285	rplY			
ANT_1_03205	CDS	285	rplY		COG1825	50S ribosomal protein L25
ANT_1_03206	gene	1755	radD			
ANT_1_03206	CDS	1755	radD	3.6.4.12	COG1061	Putative DNA repair helicase RadD
ANT_1_03207	gene	705	rsuA			
ANT_1_03207	CDS	705	rsuA	5.4.99.19	COG1187	Ribosomal small subunit pseudouridine synthase A
ANT_1_03208	gene	1266	bcr_2			
ANT_1_03208	CDS	1266	bcr_2			Bicyclomycin resistance protein
ANT_1_03209	gene	345	yejG			
ANT_1_03209	CDS	345	yejG			putative protein YejG
ANT_1_03210	gene	1584	yejF_3			
ANT_1_03210	CDS	1584	yejF_3		COG4172	putative ABC transporter ATP-binding protein YejF
ANT_1_03211	gene	1026	yejE			
ANT_1_03211	CDS	1026	yejE		COG4239	Inner membrane ABC transporter permease protein YejE
ANT_1_03212	gene	1095	yejB			
ANT_1_03212	CDS	1095	yejB		COG4174	Inner membrane ABC transporter permease protein YejB
ANT_1_03213	gene	1809	appA			
ANT_1_03213	CDS	1809	appA			Oligopeptide-binding protein AppA
ANT_1_03214	gene	1590	pdeN_2			
ANT_1_03214	CDS	1590	pdeN_2	3.1.4.52	COG2200	putative cyclic di-GMP phosphodiesterase PdeN
ANT_1_03215	gene	396	mepS_2			
ANT_1_03215	CDS	396	mepS_2	3.4.-.-	COG0791	Murein DD-endopeptidase MepS/Murein LD-carboxypeptidase
ANT_1_03216	gene	717	lpxT			
ANT_1_03216	CDS	717	lpxT	2.7.4.29	COG0671	Lipid A 1-diphosphate synthase
ANT_1_03217	gene	969	yeiR			
ANT_1_03217	CDS	969	yeiR	3.6.-.-	COG0523	Zinc-binding GTPase YeiR
ANT_1_03218	gene	318				
ANT_1_03218	CDS	318				hypothetical protein
ANT_1_03219	gene	573	yeiP			
ANT_1_03219	CDS	573	yeiP		COG0231	Elongation factor P-like protein
ANT_1_03220	gene	255				
ANT_1_03220	CDS	255				hypothetical protein
ANT_1_03221	gene	1209	setB			
ANT_1_03221	CDS	1209	setB			Sugar efflux transporter B
ANT_1_03222	gene	1134	fruB			
ANT_1_03222	CDS	1134	fruB		COG1925	Multiphosphoryl transfer protein
ANT_1_03223	gene	942	lacC			
ANT_1_03223	CDS	942	lacC	2.7.1.144		Tagatose-6-phosphate kinase
ANT_1_03224	gene	1695	fruA			
ANT_1_03224	CDS	1695	fruA		COG1299	PTS system fructose-specific EIIB'BC component
ANT_1_03225	gene	849	nfo			
ANT_1_03225	CDS	849	nfo	3.1.21.2	COG0648	Endonuclease 4
ANT_1_03226	gene	1062				
ANT_1_03226	CDS	1062				hypothetical protein
ANT_1_03227	gene	867	cysL			
ANT_1_03227	CDS	867	cysL		COG0583	HTH-type transcriptional regulator CysL
ANT_1_03228	gene	1398	lysP			
ANT_1_03228	CDS	1398	lysP		COG0833	Lysine-specific permease
ANT_1_03229	gene	1083	hmuU_3			
ANT_1_03229	CDS	1083	hmuU_3		COG0609	Hemin transport system permease protein HmuU
ANT_1_03230	gene	786	fepC_2			
ANT_1_03230	CDS	786	fepC_2		COG1120	Ferric enterobactin transport ATP-binding protein FepC
ANT_1_03231	gene	93				
ANT_1_03231	tRNA	93				tRNA-Ala(cgc)
ANT_1_03232	gene	1128	frmA			
ANT_1_03232	CDS	1128	frmA	1.1.1.284	COG1062	S-(hydroxymethyl)glutathione dehydrogenase
ANT_1_03233	gene	879	gltR_1			
ANT_1_03233	CDS	879	gltR_1		COG0583	HTH-type transcriptional regulator GltR
ANT_1_03234	gene	1134				
ANT_1_03234	CDS	1134				hypothetical protein
ANT_1_03235	gene	666	folE			
ANT_1_03235	CDS	666	folE	3.5.4.16	COG0302	GTP cyclohydrolase 1
ANT_1_03236	gene	1161				
ANT_1_03236	CDS	1161				hypothetical protein
ANT_1_03237	gene	1041	galS			
ANT_1_03237	CDS	1041	galS		COG1609	HTH-type transcriptional regulator GalS
ANT_1_03238	gene	996	mglB			
ANT_1_03238	CDS	996	mglB		COG1879	D-galactose-binding periplasmic protein
ANT_1_03239	gene	1521	mglA_3			
ANT_1_03239	CDS	1521	mglA_3	7.5.2.11	COG1129	Galactose/methyl galactoside import ATP-binding protein MglA
ANT_1_03240	gene	1011	mglC			
ANT_1_03240	CDS	1011	mglC		COG4211	Galactoside transport system permease protein MglC
ANT_1_03241	gene	714				
ANT_1_03241	CDS	714				hypothetical protein
ANT_1_03242	gene	1698	maeA			
ANT_1_03242	CDS	1698	maeA	1.1.1.38	COG0281	NAD-dependent malic enzyme
ANT_1_03243	gene	891	cdd			
ANT_1_03243	CDS	891	cdd	3.5.4.5	COG0295	Cytidine deaminase
ANT_1_03244	gene	693	yohK_2			
ANT_1_03244	CDS	693	yohK_2		COG1346	Inner membrane protein YohK
ANT_1_03245	gene	396				
ANT_1_03245	CDS	396				hypothetical protein
ANT_1_03246	gene	2031	metG			
ANT_1_03246	CDS	2031	metG	6.1.1.10	COG0073	Methionine--tRNA ligase
ANT_1_03247	gene	1113	apbC			
ANT_1_03247	CDS	1113	apbC		COG0489	Iron-sulfur cluster carrier protein
ANT_1_03248	gene	249				
ANT_1_03248	CDS	249				hypothetical protein
ANT_1_03249	gene	618				
ANT_1_03249	CDS	618				hypothetical protein
ANT_1_03250	gene	1254	hipO_3			
ANT_1_03250	CDS	1254	hipO_3	3.5.1.32	COG1473	Hippurate hydrolase
ANT_1_03251	gene	432				
ANT_1_03251	CDS	432				hypothetical protein
ANT_1_03252	gene	597	wrbA			
ANT_1_03252	CDS	597	wrbA	1.6.5.2	COG0655	NAD(P)H dehydrogenase (quinone)
ANT_1_03253	gene	324				
ANT_1_03253	CDS	324				hypothetical protein
ANT_1_03254	gene	669				
ANT_1_03254	CDS	669				hypothetical protein
ANT_1_03255	gene	549	sutR_2			
ANT_1_03255	CDS	549	sutR_2		COG1396	HTH-type transcriptional regulator SutR
ANT_1_03256	gene	375				
ANT_1_03256	CDS	375				hypothetical protein
ANT_1_03257	gene	354				
ANT_1_03257	CDS	354				hypothetical protein
ANT_1_03258	gene	132				
ANT_1_03258	CDS	132				hypothetical protein
ANT_1_03259	gene	498				
ANT_1_03259	CDS	498				hypothetical protein
ANT_1_03260	gene	603				
ANT_1_03260	CDS	603				hypothetical protein
ANT_1_03261	gene	300				
ANT_1_03261	CDS	300				hypothetical protein
ANT_1_03262	gene	276				
ANT_1_03262	CDS	276				IS3 family transposase IS1351
ANT_1_03263	gene	237				
ANT_1_03263	CDS	237				hypothetical protein
ANT_1_03264	gene	279				
ANT_1_03264	CDS	279				IS3 family transposase IS1351
ANT_1_03265	gene	792	thiM			
ANT_1_03265	CDS	792	thiM	2.7.1.50	COG2145	Hydroxyethylthiazole kinase
ANT_1_03266	gene	801	thiD			
ANT_1_03266	CDS	801	thiD	2.7.1.49	COG0351	Hydroxymethylpyrimidine/phosphomethylpyrimidine kinase
ANT_1_03267	gene	1053	fbaB			
ANT_1_03267	CDS	1053	fbaB	4.1.2.13	COG1830	Fructose-bisphosphate aldolase class 1
ANT_1_03268	gene	687	rspR			
ANT_1_03268	CDS	687	rspR		COG1802	HTH-type transcriptional repressor RspR
ANT_1_03269	gene	1464	por			
ANT_1_03269	CDS	1464	por	1.1.1.-	COG0246	Polyol:NADP oxidoreductase
ANT_1_03270	gene	1284	exuT_2			
ANT_1_03270	CDS	1284	exuT_2			Hexuronate transporter
ANT_1_03271	gene	1011	rspB			
ANT_1_03271	CDS	1011	rspB	1.1.1.-	COG1063	Starvation-sensing protein RspB
ANT_1_03272	gene	1215				
ANT_1_03272	CDS	1215		4.2.1.-	COG4948	D-galactonate dehydratase family member
ANT_1_03273	gene	900	yegS_2			
ANT_1_03273	CDS	900	yegS_2	2.7.1.-	COG1597	putative lipid kinase YegS
ANT_1_03274	gene	1383	rlhA			
ANT_1_03274	CDS	1383	rlhA		COG0826	23S rRNA 5-hydroxycytidine synthase
ANT_1_03275	gene	720	baeR			
ANT_1_03275	CDS	720	baeR		COG0745	Transcriptional regulatory protein BaeR
ANT_1_03276	gene	1386	baeS			
ANT_1_03276	CDS	1386	baeS	2.7.13.3	COG0642	Signal transduction histidine-protein kinase BaeS
ANT_1_03277	gene	1407	mdtD_2			
ANT_1_03277	CDS	1407	mdtD_2			Putative multidrug resistance protein MdtD
ANT_1_03278	gene	3075	mdtC			
ANT_1_03278	CDS	3075	mdtC			Multidrug resistance protein MdtC
ANT_1_03279	gene	3117	mdtB_1			
ANT_1_03279	CDS	3117	mdtB_1		COG0841	Multidrug resistance protein MdtB
ANT_1_03280	gene	1245	mdtA_2			
ANT_1_03280	CDS	1245	mdtA_2			Multidrug resistance protein MdtA
ANT_1_03281	gene	963	yajO_1			
ANT_1_03281	CDS	963	yajO_1	1.1.-.-	COG0667	1-deoxyxylulose-5-phosphate synthase YajO
ANT_1_03282	gene	1164				
ANT_1_03282	CDS	1164				putative MFS-type transporter
ANT_1_03283	gene	1353	dnaK_2			
ANT_1_03283	CDS	1353	dnaK_2			Chaperone protein DnaK
ANT_1_03284	gene	1404				
ANT_1_03284	CDS	1404				hypothetical protein
ANT_1_03285	gene	3336	dgcE			
ANT_1_03285	CDS	3336	dgcE	2.7.7.65	COG2202	putative diguanylate cyclase DgcE
ANT_1_03286	gene	630				
ANT_1_03286	CDS	630				hypothetical protein
ANT_1_03287	gene	642	udk			
ANT_1_03287	CDS	642	udk	2.7.1.48	COG0572	Uridine kinase
ANT_1_03288	gene	582	dcd			
ANT_1_03288	CDS	582	dcd	3.5.4.13	COG0717	dCTP deaminase
ANT_1_03289	gene	1848				
ANT_1_03289	CDS	1848				hypothetical protein
ANT_1_03290	gene	1566				
ANT_1_03290	CDS	1566				hypothetical protein
ANT_1_03291	gene	1434				
ANT_1_03291	CDS	1434				hypothetical protein
ANT_1_03292	gene	1104				
ANT_1_03292	CDS	1104				hypothetical protein
ANT_1_03293	gene	435	amsI			
ANT_1_03293	CDS	435	amsI	3.1.3.48	COG0394	putative low molecular weight protein-tyrosine-phosphatase AmsI
ANT_1_03294	gene	2181	wzc			
ANT_1_03294	CDS	2181	wzc	2.7.10.-	COG0489	Tyrosine-protein kinase wzc
ANT_1_03295	gene	906				
ANT_1_03295	CDS	906				hypothetical protein
ANT_1_03296	gene	1125				
ANT_1_03296	CDS	1125				hypothetical protein
ANT_1_03297	gene	753	wfgD			
ANT_1_03297	CDS	753	wfgD	2.4.1.305		UDP-Glc:alpha-D-GlcNAc-diphosphoundecaprenol beta-1,3-glucosyltransferase WfgD
ANT_1_03298	gene	1035	pglH_1			
ANT_1_03298	CDS	1035	pglH_1	2.4.1.292	COG0438	GalNAc-alpha-(1->4)-GalNAc-alpha-(1->3)-diNAcBac-PP-undecaprenol alpha-1,4-N-acetyl-D-galactosaminyltransferase
ANT_1_03299	gene	2214				
ANT_1_03299	CDS	2214				hypothetical protein
ANT_1_03300	gene	1251				
ANT_1_03300	CDS	1251				hypothetical protein
ANT_1_03301	gene	1224	mshA			
ANT_1_03301	CDS	1224	mshA	2.4.1.250		D-inositol-3-phosphate glycosyltransferase
ANT_1_03302	gene	1341	wzxC			
ANT_1_03302	CDS	1341	wzxC		COG2244	Lipopolysaccharide biosynthesis protein WzxC
ANT_1_03303	gene	897	galF			
ANT_1_03303	CDS	897	galF	2.7.7.9	COG1210	UTP--glucose-1-phosphate uridylyltransferase
ANT_1_03304	gene	1014	galE			
ANT_1_03304	CDS	1014	galE	5.1.3.2	COG1087	UDP-glucose 4-epimerase
ANT_1_03305	gene	1047	wecA_1			
ANT_1_03305	CDS	1047	wecA_1	2.7.8.33	COG0472	Undecaprenyl-phosphate alpha-N-acetylglucosaminyl 1-phosphate transferase
ANT_1_03306	gene	1083	rfbB			
ANT_1_03306	CDS	1083	rfbB	4.2.1.46	COG1088	dTDP-glucose 4,6-dehydratase
ANT_1_03307	gene	864	rffH			
ANT_1_03307	CDS	864	rffH	2.7.7.24	COG1209	Glucose-1-phosphate thymidylyltransferase 2
ANT_1_03308	gene	570	rmlC			
ANT_1_03308	CDS	570	rmlC	5.1.3.13	COG1898	dTDP-4-dehydrorhamnose 3,5-epimerase
ANT_1_03309	gene	819				
ANT_1_03309	CDS	819				hypothetical protein
ANT_1_03310	gene	1338				
ANT_1_03310	CDS	1338				hypothetical protein
ANT_1_03311	gene	1125				
ANT_1_03311	CDS	1125				hypothetical protein
ANT_1_03312	gene	1137				
ANT_1_03312	CDS	1137				hypothetical protein
ANT_1_03313	gene	1077	pglH_2			
ANT_1_03313	CDS	1077	pglH_2	2.4.1.292	COG0438	GalNAc-alpha-(1->4)-GalNAc-alpha-(1->3)-diNAcBac-PP-undecaprenol alpha-1,4-N-acetyl-D-galactosaminyltransferase
ANT_1_03314	gene	819				
ANT_1_03314	CDS	819				hypothetical protein
ANT_1_03315	gene	549	dapH			
ANT_1_03315	CDS	549	dapH	2.3.1.89		2,3,4,5-tetrahydropyridine-2,6-dicarboxylate N-acetyltransferase
ANT_1_03316	gene	969				
ANT_1_03316	CDS	969				hypothetical protein
ANT_1_03317	gene	1428	manC1			
ANT_1_03317	CDS	1428	manC1	2.7.7.13	COG0662	Mannose-1-phosphate guanylyltransferase 1
ANT_1_03318	gene	1374	algC			
ANT_1_03318	CDS	1374	algC	5.4.2.2	COG1109	Phosphomannomutase/phosphoglucomutase
ANT_1_03319	gene	165	frcB			
ANT_1_03319	CDS	165	frcB			Fructose import binding protein FrcB
ANT_1_03320	gene	903				
ANT_1_03320	CDS	903				hypothetical protein
ANT_1_03321	gene	270				
ANT_1_03321	CDS	270				hypothetical protein
ANT_1_03322	gene	2676				
ANT_1_03322	CDS	2676				hypothetical protein
ANT_1_03323	gene	1374				
ANT_1_03323	CDS	1374				hypothetical protein
ANT_1_03324	gene	435				
ANT_1_03324	CDS	435				hypothetical protein
ANT_1_03325	gene	1062				
ANT_1_03325	CDS	1062				hypothetical protein
ANT_1_03326	gene	2580				
ANT_1_03326	CDS	2580				hypothetical protein
ANT_1_03327	gene	2763				
ANT_1_03327	CDS	2763				hypothetical protein
ANT_1_03328	gene	1668	yddA			
ANT_1_03328	CDS	1668	yddA		COG4178	Inner membrane ABC transporter ATP-binding protein YddA
ANT_1_03329	gene	1080	mltB			
ANT_1_03329	CDS	1080	mltB	4.2.2.-	COG2951	Membrane-bound lytic murein transglycosylase B
ANT_1_03330	gene	774	tam_1			
ANT_1_03330	CDS	774	tam_1	2.1.1.144	COG4106	Trans-aconitate 2-methyltransferase
ANT_1_03331	gene	495	pncC_1			
ANT_1_03331	CDS	495	pncC_1	3.5.1.42	COG1546	Nicotinamide-nucleotide amidohydrolase PncC
ANT_1_03332	gene	1062	recA			
ANT_1_03332	CDS	1062	recA		COG0468	Protein RecA
ANT_1_03333	gene	528	recX			
ANT_1_03333	CDS	528	recX		COG2137	Regulatory protein RecX
ANT_1_03334	gene	2631	alaS			
ANT_1_03334	CDS	2631	alaS	6.1.1.7	COG0013	Alanine--tRNA ligase
ANT_1_03335	gene	186	csrA			
ANT_1_03335	CDS	186	csrA		COG1551	Carbon storage regulator
ANT_1_03336	gene	93				
ANT_1_03336	tRNA	93				tRNA-Ser(gct)
ANT_1_03337	gene	77				
ANT_1_03337	tRNA	77				tRNA-Arg(acg)
ANT_1_03338	gene	77				
ANT_1_03338	tRNA	77				tRNA-Arg(acg)
ANT_1_03339	gene	567	yqaB			
ANT_1_03339	CDS	567	yqaB	3.1.3.-	COG0637	Fructose-1-phosphate phosphatase YqaB
ANT_1_03340	gene	429	yqaA			
ANT_1_03340	CDS	429	yqaA		COG1238	Inner membrane protein YqaA
ANT_1_03341	gene	1683	gshA			
ANT_1_03341	CDS	1683	gshA	6.3.2.2	COG2918	Glutamate--cysteine ligase
ANT_1_03342	gene	516	luxS			
ANT_1_03342	CDS	516	luxS	4.4.1.21	COG1854	S-ribosylhomocysteine lyase
ANT_1_03343	gene	1287				
ANT_1_03343	CDS	1287				hypothetical protein
ANT_1_03344	gene	792	ypjD			
ANT_1_03344	CDS	792	ypjD		COG4137	Inner membrane protein YpjD
ANT_1_03345	gene	1362	ffh			
ANT_1_03345	CDS	1362	ffh		COG0541	Signal recognition particle protein
ANT_1_03346	gene	249	rpsP			
ANT_1_03346	CDS	249	rpsP		COG0228	30S ribosomal protein S16
ANT_1_03347	gene	549	rimM			
ANT_1_03347	CDS	549	rimM		COG0806	Ribosome maturation factor RimM
ANT_1_03348	gene	792	trmD			
ANT_1_03348	CDS	792	trmD	2.1.1.228	COG0336	tRNA (guanine-N(1)-)-methyltransferase
ANT_1_03349	gene	351	rplS			
ANT_1_03349	CDS	351	rplS		COG0335	50S ribosomal protein L19
ANT_1_03350	gene	933	cntI			
ANT_1_03350	CDS	933	cntI			Pseudopaline exporter CntI
ANT_1_03351	gene	546				
ANT_1_03351	CDS	546				hypothetical protein
ANT_1_03352	gene	1230	dgcN_2			
ANT_1_03352	CDS	1230	dgcN_2	2.7.7.65	COG2199	Diguanylate cyclase DgcN
ANT_1_03353	gene	486	pal_4			
ANT_1_03353	CDS	486	pal_4			Peptidoglycan-associated lipoprotein
ANT_1_03354	gene	681	pyrG_2			
ANT_1_03354	CDS	681	pyrG_2	6.3.4.2		CTP synthase
ANT_1_03355	gene	747				
ANT_1_03355	CDS	747				hypothetical protein
ANT_1_03356	gene	528	ydaF			
ANT_1_03356	CDS	528	ydaF	2.3.1.-	COG1670	Putative ribosomal N-acetyltransferase YdaF
ANT_1_03357	gene	1080	aroF			
ANT_1_03357	CDS	1080	aroF	2.5.1.54	COG0722	Phospho-2-dehydro-3-deoxyheptonate aldolase, Tyr-sensitive
ANT_1_03358	gene	1122	tyrA			
ANT_1_03358	CDS	1122	tyrA		COG0287	T-protein
ANT_1_03359	gene	1161	pheA			
ANT_1_03359	CDS	1161	pheA		COG0077	Bifunctional chorismate mutase/prephenate dehydratase
ANT_1_03360	gene	339	raiA			
ANT_1_03360	CDS	339	raiA		COG1544	Ribosome-associated inhibitor A
ANT_1_03361	gene	732	bamD			
ANT_1_03361	CDS	732	bamD		COG4105	Outer membrane protein assembly factor BamD
ANT_1_03362	gene	978	rluD			
ANT_1_03362	CDS	978	rluD	5.4.99.23	COG0564	Ribosomal large subunit pseudouridine synthase D
ANT_1_03363	gene	729	yfiH			
ANT_1_03363	CDS	729	yfiH	1.10.3.-	COG1496	Polyphenol oxidase
ANT_1_03364	gene	2574	clpB			
ANT_1_03364	CDS	2574	clpB		COG0542	Chaperone protein ClpB
ANT_1_03365	gene	318				
ANT_1_03365	CDS	318				hypothetical protein
ANT_1_03366	gene	426				
ANT_1_03366	CDS	426				hypothetical protein
ANT_1_03367	gene	339	symE_5			
ANT_1_03367	CDS	339	symE_5	3.1.-.-		Toxic protein SymE
ANT_1_03368	gene	543	kptA			
ANT_1_03368	CDS	543	kptA	2.7.1.-	COG1859	putative RNA 2'-phosphotransferase
ANT_1_03369	gene	396				
ANT_1_03369	CDS	396				hypothetical protein
ANT_1_03370	gene	1056				
ANT_1_03370	CDS	1056				hypothetical protein
ANT_1_03371	gene	126				
ANT_1_03371	CDS	126				hypothetical protein
ANT_1_03372	gene	1173	gpFI			
ANT_1_03372	CDS	1173	gpFI			Putative prophage major tail sheath protein
ANT_1_03373	gene	510				
ANT_1_03373	CDS	510				hypothetical protein
ANT_1_03374	gene	297				
ANT_1_03374	CDS	297				hypothetical protein
ANT_1_03375	gene	1476				
ANT_1_03375	CDS	1476				hypothetical protein
ANT_1_03376	gene	474				
ANT_1_03376	CDS	474				hypothetical protein
ANT_1_03377	gene	1071				
ANT_1_03377	CDS	1071				hypothetical protein
ANT_1_03378	gene	222				
ANT_1_03378	CDS	222				hypothetical protein
ANT_1_03379	gene	1038				
ANT_1_03379	CDS	1038				hypothetical protein
ANT_1_03380	gene	912	pqqB			
ANT_1_03380	CDS	912	pqqB		COG1235	Coenzyme PQQ synthesis protein B
ANT_1_03381	gene	756	pqqC			
ANT_1_03381	CDS	756	pqqC	1.3.3.11	COG5424	Pyrroloquinoline-quinone synthase
ANT_1_03382	gene	282	pqqD			
ANT_1_03382	CDS	282	pqqD			PqqA binding protein
ANT_1_03383	gene	1149	pqqE			
ANT_1_03383	CDS	1149	pqqE	1.21.98.4	COG0535	PqqA peptide cyclase
ANT_1_03384	gene	2382				
ANT_1_03384	CDS	2382				hypothetical protein
ANT_1_03385	gene	2979				
ANT_1_03385	CDS	2979				hypothetical protein
ANT_1_03386	gene	2058				
ANT_1_03386	CDS	2058				hypothetical protein
ANT_1_03387	gene	1224	nepI_4			
ANT_1_03387	CDS	1224	nepI_4		COG2814	Purine ribonucleoside efflux pump NepI
ANT_1_03388	gene	624	comR_2			
ANT_1_03388	CDS	624	comR_2			HTH-type transcriptional repressor ComR
ANT_1_03389	gene	735				
ANT_1_03389	CDS	735				hypothetical protein
ANT_1_03390	gene	366	ohrR_2			
ANT_1_03390	CDS	366	ohrR_2			Organic hydroperoxide resistance transcriptional regulator
ANT_1_03391	gene	480	hcpA_6			
ANT_1_03391	CDS	480	hcpA_6		COG3157	Major exported protein
ANT_1_03392	gene	726				
ANT_1_03392	CDS	726				hypothetical protein
ANT_1_03393	gene	285				
ANT_1_03393	CDS	285				hypothetical protein
ANT_1_03394	gene	363				
ANT_1_03394	CDS	363				hypothetical protein
ANT_1_03395	gene	585				
ANT_1_03395	CDS	585				IS3 family transposase IS1400
ANT_1_03396	gene	825	dapF			
ANT_1_03396	CDS	825	dapF	5.1.1.7	COG0253	Diaminopimelate epimerase
ANT_1_03397	gene	708				
ANT_1_03397	CDS	708				hypothetical protein
ANT_1_03398	gene	909	xerC_2			
ANT_1_03398	CDS	909	xerC_2		COG4973	Tyrosine recombinase XerC
ANT_1_03399	gene	717	yigB			
ANT_1_03399	CDS	717	yigB	3.1.3.104	COG1011	5-amino-6-(5-phospho-D-ribitylamino)uracil phosphatase YigB
ANT_1_03400	gene	2163	uvrD			
ANT_1_03400	CDS	2163	uvrD	3.6.4.12	COG0210	DNA helicase II
ANT_1_03401	gene	960	corA			
ANT_1_03401	CDS	960	corA		COG0598	Magnesium transport protein CorA
ANT_1_03402	gene	1044				
ANT_1_03402	CDS	1044				hypothetical protein
ANT_1_03403	gene	471				
ANT_1_03403	CDS	471				hypothetical protein
ANT_1_03404	gene	876	pldA			
ANT_1_03404	CDS	876	pldA	3.1.1.32	COG2829	Phospholipase A1
ANT_1_03405	gene	1818	recQ			
ANT_1_03405	CDS	1818	recQ	3.6.4.12	COG0514	ATP-dependent DNA helicase RecQ
ANT_1_03406	gene	624	rhtB_3			
ANT_1_03406	CDS	624	rhtB_3		COG1280	Homoserine/homoserine lactone efflux protein
ANT_1_03407	gene	993	pldB			
ANT_1_03407	CDS	993	pldB	3.1.1.5	COG2267	Lysophospholipase L2
ANT_1_03408	gene	801	yigL			
ANT_1_03408	CDS	801	yigL	3.1.3.74	COG0561	Pyridoxal phosphate phosphatase YigL
ANT_1_03409	gene	1050	glpQ			
ANT_1_03409	CDS	1050	glpQ	3.1.4.46	COG0584	Glycerophosphodiester phosphodiesterase, periplasmic
ANT_1_03410	gene	1347	glpT			
ANT_1_03410	CDS	1347	glpT		COG2271	Glycerol-3-phosphate transporter
ANT_1_03411	gene	474				
ANT_1_03411	CDS	474				hypothetical protein
ANT_1_03412	gene	939	metR			
ANT_1_03412	CDS	939	metR			HTH-type transcriptional regulator MetR
ANT_1_03413	gene	2274	metE_1			
ANT_1_03413	CDS	2274	metE_1	2.1.1.14	COG0620	5-methyltetrahydropteroyltriglutamate--homocysteine methyltransferase
ANT_1_03414	gene	837				
ANT_1_03414	CDS	837				hypothetical protein
ANT_1_03415	gene	90				
ANT_1_03415	CDS	90				hypothetical protein
ANT_1_03416	gene	762	udp			
ANT_1_03416	CDS	762	udp	2.4.2.3	COG2820	Uridine phosphorylase
ANT_1_03417	gene	1536				
ANT_1_03417	CDS	1536				hypothetical protein
ANT_1_03418	gene	756	ubiE			
ANT_1_03418	CDS	756	ubiE	2.1.1.163	COG2226	Ubiquinone/menaquinone biosynthesis C-methyltransferase UbiE
ANT_1_03419	gene	606	ubiJ_1			
ANT_1_03419	CDS	606	ubiJ_1		COG3165	Ubiquinone biosynthesis accessory factor UbiJ
ANT_1_03420	gene	1638	ubiB			
ANT_1_03420	CDS	1638	ubiB	2.7.-.-	COG0661	putative protein kinase UbiB
ANT_1_03421	gene	252	tatA			
ANT_1_03421	CDS	252	tatA		COG1826	Sec-independent protein translocase protein TatA
ANT_1_03422	gene	534	tatB			
ANT_1_03422	CDS	534	tatB		COG1826	Sec-independent protein translocase protein TatB
ANT_1_03423	gene	762	tatC			
ANT_1_03423	CDS	762	tatC		COG0805	Sec-independent protein translocase protein TatC
ANT_1_03424	gene	780	tatD			
ANT_1_03424	CDS	780	tatD	3.1.11.-	COG0084	3'-5' ssDNA/RNA exonuclease TatD
ANT_1_03425	gene	489	rfaH_2			
ANT_1_03425	CDS	489	rfaH_2		COG0250	Transcription antitermination protein RfaH
ANT_1_03426	gene	1485	ubiD			
ANT_1_03426	CDS	1485	ubiD	4.1.1.98	COG0043	3-octaprenyl-4-hydroxybenzoate carboxy-lyase
ANT_1_03427	gene	702	fre			
ANT_1_03427	CDS	702	fre	1.5.1.41	COG0543	NAD(P)H-flavin reductase
ANT_1_03428	gene	1164	fadA			
ANT_1_03428	CDS	1164	fadA	2.3.1.16	COG0183	3-ketoacyl-CoA thiolase
ANT_1_03429	gene	2187	fadB_2			
ANT_1_03429	CDS	2187	fadB_2		COG1024	Fatty acid oxidation complex subunit alpha
ANT_1_03430	gene	1332	pepQ			
ANT_1_03430	CDS	1332	pepQ	3.4.13.9	COG0006	Xaa-Pro dipeptidase
ANT_1_03431	gene	612	yigZ			
ANT_1_03431	CDS	612	yigZ		COG1739	IMPACT family member YigZ
ANT_1_03432	gene	1452	trkH			
ANT_1_03432	CDS	1452	trkH		COG0168	Trk system potassium uptake protein TrkH
ANT_1_03433	gene	537	hemG			
ANT_1_03433	CDS	537	hemG	1.3.5.3	COG4635	Protoporphyrinogen IX dehydrogenase [menaquinone]
ANT_1_03434	gene	693	repE_1			
ANT_1_03434	CDS	693	repE_1			Replication initiation protein
ANT_1_03435	gene	318				
ANT_1_03435	CDS	318				hypothetical protein
ANT_1_03436	gene	447	umuD_1			
ANT_1_03436	CDS	447	umuD_1	3.4.21.-	COG1974	Protein UmuD
ANT_1_03437	gene	237	umuC_1			
ANT_1_03437	CDS	237	umuC_1		COG0389	Protein UmuC
ANT_1_03438	gene	984	xerD_2			
ANT_1_03438	CDS	984	xerD_2		COG4974	Tyrosine recombinase XerD
ANT_1_03439	gene	2124				
ANT_1_03439	CDS	2124				hypothetical protein
ANT_1_03440	gene	333				
ANT_1_03440	CDS	333				hypothetical protein
ANT_1_03441	gene	723	arsH_1			
ANT_1_03441	CDS	723	arsH_1	1.-.-.-	COG0431	NADPH-dependent FMN reductase ArsH
ANT_1_03442	gene	429	arsC_2			
ANT_1_03442	CDS	429	arsC_2	1.20.4.1		Arsenate reductase
ANT_1_03443	gene	1284	arsB_1			
ANT_1_03443	CDS	1284	arsB_1		COG1055	Arsenical pump membrane protein
ANT_1_03444	gene	354	arsR1			
ANT_1_03444	CDS	354	arsR1		COG0640	Arsenic resistance transcriptional regulator ArsR1
ANT_1_03445	gene	174				
ANT_1_03445	CDS	174				hypothetical protein
ANT_1_03446	gene	1281	umuC_2			
ANT_1_03446	CDS	1281	umuC_2		COG0389	Protein UmuC
ANT_1_03447	gene	1023	umuC_3			
ANT_1_03447	CDS	1023	umuC_3		COG0389	Protein UmuC
ANT_1_03448	gene	684				
ANT_1_03448	CDS	684				hypothetical protein
ANT_1_03449	gene	3033	mdtB_2			
ANT_1_03449	CDS	3033	mdtB_2			Multidrug resistance protein MdtB
ANT_1_03450	gene	1095	mdtA_3			
ANT_1_03450	CDS	1095	mdtA_3			Multidrug resistance protein MdtA
ANT_1_03451	gene	1065	mdtA_4			
ANT_1_03451	CDS	1065	mdtA_4			Multidrug resistance protein MdtA
ANT_1_03452	gene	729	drgA			
ANT_1_03452	CDS	729	drgA			Protein DrgA
ANT_1_03453	gene	585				
ANT_1_03453	CDS	585				hypothetical protein
ANT_1_03454	gene	762	nimR_3			
ANT_1_03454	CDS	762	nimR_3			HTH-type transcriptional regulator NimR
ANT_1_03455	gene	555				
ANT_1_03455	CDS	555				hypothetical protein
ANT_1_03456	gene	585				
ANT_1_03456	CDS	585				Tn3 family transposase ISYps3
ANT_1_03457	gene	567				
ANT_1_03457	CDS	567				hypothetical protein
ANT_1_03458	gene	903	dmlR_11			
ANT_1_03458	CDS	903	dmlR_11			HTH-type transcriptional regulator DmlR
ANT_1_03459	gene	747	fabG2			
ANT_1_03459	CDS	747	fabG2	1.-.-.-		putative oxidoreductase
ANT_1_03460	gene	675	sspA_1			
ANT_1_03460	CDS	675	sspA_1		COG0625	Stringent starvation protein A 
ANT_1_03461	gene	2985				
ANT_1_03461	CDS	2985				Tn3 family transposase ISSba14
ANT_1_03462	gene	255				
ANT_1_03462	CDS	255				hypothetical protein
ANT_1_03463	gene	348				
ANT_1_03463	CDS	348				hypothetical protein
ANT_1_03464	gene	564				
ANT_1_03464	CDS	564				hypothetical protein
ANT_1_03465	gene	639				
ANT_1_03465	CDS	639				hypothetical protein
ANT_1_03466	gene	1014	xerC_3			
ANT_1_03466	CDS	1014	xerC_3			Tyrosine recombinase XerC
ANT_1_03467	gene	1785	aroA_2			
ANT_1_03467	CDS	1785	aroA_2	2.5.1.19		3-phosphoshikimate 1-carboxyvinyltransferase
ANT_1_03468	gene	390				
ANT_1_03468	CDS	390				hypothetical protein
ANT_1_03469	gene	600	kefF_1			
ANT_1_03469	CDS	600	kefF_1	1.6.5.2		Glutathione-regulated potassium-efflux system ancillary protein KefF
ANT_1_03470	gene	450				
ANT_1_03470	CDS	450				hypothetical protein
ANT_1_03471	gene	639	hin			
ANT_1_03471	CDS	639	hin		COG1961	DNA-invertase hin
ANT_1_03472	gene	1218				
ANT_1_03472	CDS	1218				hypothetical protein
ANT_1_03473	gene	909				
ANT_1_03473	CDS	909				hypothetical protein
ANT_1_03474	gene	1680				
ANT_1_03474	CDS	1680				hypothetical protein
ANT_1_03475	gene	669				
ANT_1_03475	CDS	669				hypothetical protein
ANT_1_03476	gene	1509				
ANT_1_03476	CDS	1509				hypothetical protein
ANT_1_03477	gene	366				
ANT_1_03477	CDS	366				hypothetical protein
ANT_1_03478	gene	1455				
ANT_1_03478	CDS	1455				hypothetical protein
ANT_1_03479	gene	978				
ANT_1_03479	CDS	978				hypothetical protein
ANT_1_03480	gene	396				
ANT_1_03480	CDS	396				hypothetical protein
ANT_1_03481	gene	396				
ANT_1_03481	CDS	396				hypothetical protein
ANT_1_03482	gene	2865				
ANT_1_03482	CDS	2865				hypothetical protein
ANT_1_03483	gene	417				
ANT_1_03483	CDS	417				hypothetical protein
ANT_1_03484	gene	1536				
ANT_1_03484	CDS	1536				hypothetical protein
ANT_1_03485	gene	921				
ANT_1_03485	CDS	921				hypothetical protein
ANT_1_03486	gene	657				
ANT_1_03486	CDS	657				hypothetical protein
ANT_1_03487	gene	366				
ANT_1_03487	CDS	366				hypothetical protein
ANT_1_03488	gene	390				
ANT_1_03488	CDS	390				hypothetical protein
ANT_1_03489	gene	243				
ANT_1_03489	CDS	243				hypothetical protein
ANT_1_03490	gene	336				
ANT_1_03490	CDS	336				hypothetical protein
ANT_1_03491	gene	777				
ANT_1_03491	CDS	777				hypothetical protein
ANT_1_03492	gene	2100				
ANT_1_03492	CDS	2100				hypothetical protein
ANT_1_03493	gene	570				
ANT_1_03493	CDS	570				hypothetical protein
ANT_1_03494	gene	507				
ANT_1_03494	CDS	507				hypothetical protein
ANT_1_03495	gene	630				
ANT_1_03495	CDS	630				hypothetical protein
ANT_1_03496	gene	726				
ANT_1_03496	CDS	726				hypothetical protein
ANT_1_03497	gene	768				
ANT_1_03497	CDS	768				hypothetical protein
ANT_1_03498	gene	648				
ANT_1_03498	CDS	648				hypothetical protein
ANT_1_03499	gene	249				
ANT_1_03499	CDS	249				hypothetical protein
ANT_1_03500	gene	243				
ANT_1_03500	CDS	243				hypothetical protein
ANT_1_03501	gene	603	ssb_2			
ANT_1_03501	CDS	603	ssb_2		COG0629	Single-stranded DNA-binding protein
ANT_1_03502	gene	483				
ANT_1_03502	CDS	483				hypothetical protein
ANT_1_03503	gene	2067	topB_2			
ANT_1_03503	CDS	2067	topB_2	5.6.2.1	COG0550	DNA topoisomerase 3
ANT_1_03504	gene	564				
ANT_1_03504	CDS	564				hypothetical protein
ANT_1_03505	gene	714				
ANT_1_03505	CDS	714				hypothetical protein
ANT_1_03506	gene	1200				
ANT_1_03506	CDS	1200				hypothetical protein
ANT_1_03507	gene	249				
ANT_1_03507	CDS	249				hypothetical protein
ANT_1_03508	gene	585				
ANT_1_03508	CDS	585				hypothetical protein
ANT_1_03509	gene	1512				
ANT_1_03509	CDS	1512				hypothetical protein
ANT_1_03510	gene	1389	dnaB_2			
ANT_1_03510	CDS	1389	dnaB_2	3.6.4.12	COG0305	Replicative DNA helicase
ANT_1_03511	gene	576				
ANT_1_03511	CDS	576				hypothetical protein
ANT_1_03512	gene	471				
ANT_1_03512	CDS	471				hypothetical protein
ANT_1_03513	gene	387				
ANT_1_03513	CDS	387				hypothetical protein
ANT_1_03514	gene	1653				
ANT_1_03514	CDS	1653				hypothetical protein
ANT_1_03515	gene	1518	addA			
ANT_1_03515	CDS	1518	addA	3.6.4.12		ATP-dependent helicase/nuclease subunit A
ANT_1_03516	gene	681				
ANT_1_03516	CDS	681				hypothetical protein
ANT_1_03517	gene	312				
ANT_1_03517	CDS	312				hypothetical protein
ANT_1_03518	gene	939				
ANT_1_03518	CDS	939				hypothetical protein
ANT_1_03519	gene	987	traC_2			
ANT_1_03519	CDS	987	traC_2	2.7.7.-		DNA primase TraC
ANT_1_03520	gene	597				
ANT_1_03520	CDS	597				hypothetical protein
ANT_1_03521	gene	612				
ANT_1_03521	CDS	612				hypothetical protein
ANT_1_03522	gene	609				
ANT_1_03522	CDS	609				hypothetical protein
ANT_1_03523	gene	345				
ANT_1_03523	CDS	345				hypothetical protein
ANT_1_03524	gene	333				
ANT_1_03524	CDS	333				hypothetical protein
ANT_1_03525	gene	501				
ANT_1_03525	CDS	501				hypothetical protein
ANT_1_03526	gene	897				
ANT_1_03526	CDS	897				hypothetical protein
ANT_1_03527	gene	630				
ANT_1_03527	CDS	630				hypothetical protein
ANT_1_03528	gene	624	clpP_2			
ANT_1_03528	CDS	624	clpP_2	3.4.21.92	COG0740	ATP-dependent Clp protease proteolytic subunit
ANT_1_03529	gene	1305	tig			
ANT_1_03529	CDS	1305	tig	5.2.1.8	COG0544	Trigger factor
ANT_1_03530	gene	315	bolA			
ANT_1_03530	CDS	315	bolA		COG0271	DNA-binding transcriptional regulator BolA
ANT_1_03531	gene	579				
ANT_1_03531	CDS	579				hypothetical protein
ANT_1_03532	gene	1485	ampG			
ANT_1_03532	CDS	1485	ampG		COG0477	Anhydromuropeptide permease
ANT_1_03533	gene	939	cyoA			
ANT_1_03533	CDS	939	cyoA		COG1622	Cytochrome bo(3) ubiquinol oxidase subunit 2
ANT_1_03534	gene	1992	cyoB			
ANT_1_03534	CDS	1992	cyoB	7.1.1.3	COG0843	Cytochrome bo(3) ubiquinol oxidase subunit 1
ANT_1_03535	gene	615	cyoC			
ANT_1_03535	CDS	615	cyoC		COG1845	Cytochrome bo(3) ubiquinol oxidase subunit 3
ANT_1_03536	gene	330	cyoD			
ANT_1_03536	CDS	330	cyoD		COG3125	Cytochrome bo(3) ubiquinol oxidase subunit 4
ANT_1_03537	gene	888	cyoE			
ANT_1_03537	CDS	888	cyoE	2.5.1.141	COG0109	Protoheme IX farnesyltransferase
ANT_1_03538	gene	1368	yajR			
ANT_1_03538	CDS	1368	yajR		COG0477	Inner membrane transport protein YajR
ANT_1_03539	gene	492				
ANT_1_03539	CDS	492				hypothetical protein
ANT_1_03540	gene	921	panE			
ANT_1_03540	CDS	921	panE	1.1.1.169	COG1893	2-dehydropantoate 2-reductase
ANT_1_03541	gene	597	yajL			
ANT_1_03541	CDS	597	yajL	3.1.2.-	COG0693	Protein/nucleic acid deglycase 3
ANT_1_03542	gene	1449	thiI			
ANT_1_03542	CDS	1449	thiI	2.8.1.4	COG0301	tRNA sulfurtransferase
ANT_1_03543	gene	243	xseB			
ANT_1_03543	CDS	243	xseB	3.1.11.6	COG1722	Exodeoxyribonuclease 7 small subunit
ANT_1_03544	gene	900	ispA			
ANT_1_03544	CDS	900	ispA	2.5.1.10	COG0142	Farnesyl diphosphate synthase
ANT_1_03545	gene	1866	dxs			
ANT_1_03545	CDS	1866	dxs	2.2.1.7	COG1154	1-deoxy-D-xylulose-5-phosphate synthase
ANT_1_03546	gene	975	yajO_2			
ANT_1_03546	CDS	975	yajO_2	1.1.-.-	COG0667	1-deoxyxylulose-5-phosphate synthase YajO
ANT_1_03547	gene	498	pgpA			
ANT_1_03547	CDS	498	pgpA	3.1.3.27	COG1267	Phosphatidylglycerophosphatase A
ANT_1_03548	gene	978	thiL			
ANT_1_03548	CDS	978	thiL	2.7.4.16	COG0611	Thiamine-monophosphate kinase
ANT_1_03549	gene	420	nusB			
ANT_1_03549	CDS	420	nusB		COG0781	Transcription antitermination protein NusB
ANT_1_03550	gene	471	ribE			
ANT_1_03550	CDS	471	ribE	2.5.1.78	COG0054	6,7-dimethyl-8-ribityllumazine synthase
ANT_1_03551	gene	1104	ribD			
ANT_1_03551	CDS	1104	ribD		COG0117	Riboflavin biosynthesis protein RibD
ANT_1_03552	gene	450	nrdR			
ANT_1_03552	CDS	450	nrdR		COG1327	Transcriptional repressor NrdR
ANT_1_03553	gene	549	yajI			
ANT_1_03553	CDS	549	yajI			putative lipoprotein YajI
ANT_1_03554	gene	969	secF			
ANT_1_03554	CDS	969	secF		COG0341	Protein translocase subunit SecF
ANT_1_03555	gene	1815	secD			
ANT_1_03555	CDS	1815	secD		COG0342	Protein translocase subunit SecD
ANT_1_03556	gene	330	yajC			
ANT_1_03556	CDS	330	yajC		COG1862	Sec translocon accessory complex subunit YajC
ANT_1_03557	gene	1131	tgt			
ANT_1_03557	CDS	1131	tgt	2.4.2.29	COG0343	Queuine tRNA-ribosyltransferase
ANT_1_03558	gene	1077	queA			
ANT_1_03558	CDS	1077	queA	2.4.99.17	COG0809	S-adenosylmethionine:tRNA ribosyltransferase-isomerase
ANT_1_03559	gene	582	acpH			
ANT_1_03559	CDS	582	acpH	3.1.4.14	COG3124	Acyl carrier protein phosphodiesterase
ANT_1_03560	gene	603	ahpC			
ANT_1_03560	CDS	603	ahpC	1.11.1.15	COG0450	Alkyl hydroperoxide reductase C
ANT_1_03561	gene	1275	agp			
ANT_1_03561	CDS	1275	agp	3.1.3.10		Glucose-1-phosphatase
ANT_1_03562	gene	1356	proY			
ANT_1_03562	CDS	1356	proY		COG1113	Proline-specific permease ProY
ANT_1_03563	gene	1323	brnQ			
ANT_1_03563	CDS	1323	brnQ		COG1114	Branched-chain amino acid transport system 2 carrier protein
ANT_1_03564	gene	1101	metE_2			
ANT_1_03564	CDS	1101	metE_2	2.1.1.14		5-methyltetrahydropteroyltriglutamate--homocysteine methyltransferase
ANT_1_03565	gene	924	pstS_2			
ANT_1_03565	CDS	924	pstS_2		COG0226	Phosphate-binding protein PstS
ANT_1_03566	gene	1314	phoR			
ANT_1_03566	CDS	1314	phoR	2.7.13.3		Phosphate regulon sensor protein PhoR
ANT_1_03567	gene	690	phoB			
ANT_1_03567	CDS	690	phoB		COG0745	Phosphate regulon transcriptional regulatory protein PhoB
ANT_1_03568	gene	1224	sbcD			
ANT_1_03568	CDS	1224	sbcD		COG0420	Nuclease SbcCD subunit D
ANT_1_03569	gene	3360	sbcC			
ANT_1_03569	CDS	3360	sbcC		COG0419	Nuclease SbcCD subunit C
ANT_1_03570	gene	651				
ANT_1_03570	CDS	651			COG4380	Putative lipoprotein/NMB1162
ANT_1_03571	gene	354				
ANT_1_03571	CDS	354				hypothetical protein
ANT_1_03572	gene	675				
ANT_1_03572	CDS	675			COG1462	Putative lipoprotein/NMB1164
ANT_1_03573	gene	348				
ANT_1_03573	CDS	348				hypothetical protein
ANT_1_03574	gene	1068	virS			
ANT_1_03574	CDS	1068	virS			HTH-type transcriptional regulator VirS
ANT_1_03575	gene	1005	srkA			
ANT_1_03575	CDS	1005	srkA	2.7.11.1		Stress response kinase A
ANT_1_03576	gene	1365	yhdG			
ANT_1_03576	CDS	1365	yhdG		COG0531	putative amino acid permease YhdG
ANT_1_03577	gene	906	mak			
ANT_1_03577	CDS	906	mak	2.7.1.4	COG1940	Fructokinase
ANT_1_03578	gene	912	rdgC			
ANT_1_03578	CDS	912	rdgC		COG2974	Recombination-associated protein RdgC
ANT_1_03579	gene	291	ppnP			
ANT_1_03579	CDS	291	ppnP	2.4.2.1	COG3123	Pyrimidine/purine nucleoside phosphorylase
ANT_1_03580	gene	672				
ANT_1_03580	CDS	672				hypothetical protein
ANT_1_03581	gene	306				
ANT_1_03581	CDS	306				hypothetical protein
ANT_1_03582	gene	504				
ANT_1_03582	CDS	504				hypothetical protein
ANT_1_03583	gene	444				
ANT_1_03583	CDS	444				hypothetical protein
ANT_1_03584	gene	789	xynR			
ANT_1_03584	CDS	789	xynR		COG1414	HTH-type transcriptional regulator XynR
ANT_1_03585	gene	192	yaiA			
ANT_1_03585	CDS	192	yaiA			putative protein YaiA
ANT_1_03586	gene	525	aroL			
ANT_1_03586	CDS	525	aroL	2.7.1.71		Shikimate kinase 2
ANT_1_03587	gene	690				
ANT_1_03587	CDS	690				hypothetical protein
ANT_1_03588	gene	459				
ANT_1_03588	CDS	459				hypothetical protein
ANT_1_03589	gene	810	proC			
ANT_1_03589	CDS	810	proC	1.5.1.2	COG0345	Pyrroline-5-carboxylate reductase
ANT_1_03590	gene	306	psiF			
ANT_1_03590	CDS	306	psiF			Phosphate starvation-inducible protein PsiF
ANT_1_03591	gene	264	iraP_2			
ANT_1_03591	CDS	264	iraP_2			Anti-adapter protein IraP
ANT_1_03592	gene	3090	lacZ			
ANT_1_03592	CDS	3090	lacZ	3.2.1.23		Beta-galactosidase
ANT_1_03593	gene	1221	sbnD_1			
ANT_1_03593	CDS	1221	sbnD_1			Staphyloferrin B transporter
ANT_1_03594	gene	207	cspA			
ANT_1_03594	CDS	207	cspA		COG1278	Cold shock protein CspA
ANT_1_03595	gene	669				
ANT_1_03595	CDS	669				hypothetical protein
ANT_1_03596	gene	246				
ANT_1_03596	CDS	246				hypothetical protein
ANT_1_03597	gene	534	resA_2			
ANT_1_03597	CDS	534	resA_2			Thiol-disulfide oxidoreductase ResA
ANT_1_03598	gene	297				
ANT_1_03598	CDS	297				hypothetical protein
ANT_1_03599	gene	189				
ANT_1_03599	CDS	189				hypothetical protein
ANT_1_03600	gene	675				
ANT_1_03600	CDS	675				hypothetical protein
ANT_1_03601	gene	1569	ddpA_2			
ANT_1_03601	CDS	1569	ddpA_2		COG0747	putative D,D-dipeptide-binding periplasmic protein DdpA
ANT_1_03602	gene	1056	dppB_2			
ANT_1_03602	CDS	1056	dppB_2		COG0601	Dipeptide transport system permease protein DppB
ANT_1_03603	gene	861	ddpC			
ANT_1_03603	CDS	861	ddpC		COG1173	putative D,D-dipeptide transport system permease protein DdpC
ANT_1_03604	gene	849	dppD_2			
ANT_1_03604	CDS	849	dppD_2		COG0444	Dipeptide transport ATP-binding protein DppD
ANT_1_03605	gene	285				
ANT_1_03605	CDS	285				hypothetical protein
ANT_1_03606	gene	183	trg_2			
ANT_1_03606	CDS	183	trg_2		COG0840	Methyl-accepting chemotaxis protein III
ANT_1_03607	gene	336				
ANT_1_03607	CDS	336				hypothetical protein
ANT_1_03608	gene	2154				
ANT_1_03608	CDS	2154				hypothetical protein
ANT_1_03609	gene	723				
ANT_1_03609	CDS	723				hypothetical protein
ANT_1_03610	gene	930	argC			
ANT_1_03610	CDS	930	argC	1.2.1.38	COG0002	N-acetyl-gamma-glutamyl-phosphate reductase
ANT_1_03611	gene	1683	treA			
ANT_1_03611	CDS	1683	treA	3.2.1.28	COG1626	Periplasmic trehalase
ANT_1_03612	gene	249				
ANT_1_03612	CDS	249				hypothetical protein
ANT_1_03613	gene	738	ycgR			
ANT_1_03613	CDS	738	ycgR		COG5581	Flagellar brake protein YcgR
ANT_1_03614	gene	636	emtA			
ANT_1_03614	CDS	636	emtA	4.2.2.-	COG0741	Endo-type membrane-bound lytic murein transglycosylase A
ANT_1_03615	gene	924	ldcA			
ANT_1_03615	CDS	924	ldcA	3.4.17.13	COG1619	Murein tetrapeptide carboxypeptidase
ANT_1_03616	gene	675				
ANT_1_03616	CDS	675				hypothetical protein
ANT_1_03617	gene	738	tam_2			
ANT_1_03617	CDS	738	tam_2	2.1.1.144		Trans-aconitate 2-methyltransferase
ANT_1_03618	gene	225				
ANT_1_03618	CDS	225				hypothetical protein
ANT_1_03619	gene	246				
ANT_1_03619	CDS	246				hypothetical protein
ANT_1_03620	gene	240				
ANT_1_03620	CDS	240				hypothetical protein
ANT_1_03621	gene	201				
ANT_1_03621	CDS	201				hypothetical protein
ANT_1_03622	gene	1752				
ANT_1_03622	CDS	1752				hypothetical protein
ANT_1_03623	gene	468				
ANT_1_03623	CDS	468				hypothetical protein
ANT_1_03624	gene	288				
ANT_1_03624	CDS	288				hypothetical protein
ANT_1_03625	gene	381				
ANT_1_03625	CDS	381				hypothetical protein
ANT_1_03626	gene	147				
ANT_1_03626	CDS	147				hypothetical protein
ANT_1_03627	gene	1263	umuC_4			
ANT_1_03627	CDS	1263	umuC_4		COG0389	Protein UmuC
ANT_1_03628	gene	420	umuD_2			
ANT_1_03628	CDS	420	umuD_2	3.4.21.-	COG1974	Protein UmuD
ANT_1_03629	gene	321				
ANT_1_03629	CDS	321				hypothetical protein
ANT_1_03630	gene	429	hicB			
ANT_1_03630	CDS	429	hicB		COG1598	Antitoxin HicB
ANT_1_03631	gene	606				
ANT_1_03631	CDS	606				hypothetical protein
ANT_1_03632	gene	366				
ANT_1_03632	CDS	366				hypothetical protein
ANT_1_03633	gene	291				
ANT_1_03633	CDS	291				hypothetical protein
ANT_1_03634	gene	333				
ANT_1_03634	CDS	333				hypothetical protein
ANT_1_03635	gene	231				
ANT_1_03635	CDS	231				hypothetical protein
ANT_1_03636	gene	744				
ANT_1_03636	CDS	744				hypothetical protein
ANT_1_03637	gene	1992				
ANT_1_03637	CDS	1992				hypothetical protein
ANT_1_03638	gene	420				
ANT_1_03638	CDS	420				hypothetical protein
ANT_1_03639	gene	411				
ANT_1_03639	CDS	411				hypothetical protein
ANT_1_03640	gene	426	klcA_1			
ANT_1_03640	CDS	426	klcA_1			Antirestriction protein KlcA
ANT_1_03641	gene	411				
ANT_1_03641	CDS	411				hypothetical protein
ANT_1_03642	gene	225				
ANT_1_03642	CDS	225				hypothetical protein
ANT_1_03643	gene	681	yhdJ			
ANT_1_03643	CDS	681	yhdJ	2.1.1.72	COG0863	DNA adenine methyltransferase YhdJ
ANT_1_03644	gene	243				
ANT_1_03644	CDS	243				hypothetical protein
ANT_1_03645	gene	207				
ANT_1_03645	CDS	207				hypothetical protein
ANT_1_03646	gene	234				
ANT_1_03646	CDS	234				hypothetical protein
ANT_1_03647	gene	381	stbB			
ANT_1_03647	CDS	381	stbB			Protein StbB
ANT_1_03648	gene	957	parM			
ANT_1_03648	CDS	957	parM			Plasmid segregation protein ParM
ANT_1_03649	gene	492	lexA_2			
ANT_1_03649	CDS	492	lexA_2	3.4.21.88		LexA repressor
ANT_1_03650	gene	456	umuC_5			
ANT_1_03650	CDS	456	umuC_5		COG0389	Protein UmuC
ANT_1_03651	gene	162				
ANT_1_03651	CDS	162				hypothetical protein
ANT_1_03652	gene	3822				
ANT_1_03652	CDS	3822				hypothetical protein
ANT_1_03653	gene	597				
ANT_1_03653	CDS	597				hypothetical protein
ANT_1_03654	gene	279				
ANT_1_03654	CDS	279				hypothetical protein
ANT_1_03655	gene	615				
ANT_1_03655	CDS	615				IS3 family transposase ISEhe3
ANT_1_03656	gene	918				
ANT_1_03656	CDS	918				hypothetical protein
ANT_1_03657	gene	222				
ANT_1_03657	CDS	222				hypothetical protein
ANT_1_03658	gene	513				
ANT_1_03658	CDS	513				hypothetical protein
ANT_1_03659	gene	1299				
ANT_1_03659	CDS	1299				hypothetical protein
ANT_1_03660	gene	780	fabG_5			
ANT_1_03660	CDS	780	fabG_5	1.1.1.100		3-oxoacyl-[acyl-carrier-protein] reductase FabG
ANT_1_03661	gene	702				
ANT_1_03661	CDS	702				hypothetical protein
ANT_1_03662	gene	1107	nemA_3			
ANT_1_03662	CDS	1107	nemA_3	1.3.1.-	COG1902	N-ethylmaleimide reductase
ANT_1_03663	gene	330				
ANT_1_03663	CDS	330				hypothetical protein
ANT_1_03664	gene	339				
ANT_1_03664	CDS	339				hypothetical protein
ANT_1_03665	gene	579				
ANT_1_03665	CDS	579				hypothetical protein
ANT_1_03666	gene	879				
ANT_1_03666	CDS	879				hypothetical protein
ANT_1_03667	gene	1212	patB_2			
ANT_1_03667	CDS	1212	patB_2	4.4.1.13	COG1168	Cystathionine beta-lyase PatB
ANT_1_03668	gene	558				
ANT_1_03668	CDS	558				hypothetical protein
ANT_1_03669	gene	1377	stp_1			
ANT_1_03669	CDS	1377	stp_1			Multidrug resistance protein Stp
ANT_1_03670	gene	717				
ANT_1_03670	CDS	717				hypothetical protein
ANT_1_03671	gene	312				
ANT_1_03671	CDS	312				hypothetical protein
ANT_1_03672	gene	102				
ANT_1_03672	CDS	102				hypothetical protein
ANT_1_03673	gene	972	virB			
ANT_1_03673	CDS	972	virB		COG1475	Virulence regulon transcriptional activator VirB
ANT_1_03674	gene	1200	parA			
ANT_1_03674	CDS	1200	parA			Plasmid partition protein A
ANT_1_03675	gene	744	repE_2			
ANT_1_03675	CDS	744	repE_2			Replication initiation protein
ANT_1_03676	gene	324	relE			
ANT_1_03676	CDS	324	relE	3.1.-.-	COG2026	mRNA interferase toxin RelE
ANT_1_03677	gene	252				
ANT_1_03677	CDS	252				hypothetical protein
ANT_1_03678	gene	1044	xerC_4			
ANT_1_03678	CDS	1044	xerC_4			Tyrosine recombinase XerC
ANT_1_03679	gene	3285				
ANT_1_03679	CDS	3285				hypothetical protein
ANT_1_03680	gene	222				
ANT_1_03680	CDS	222				hypothetical protein
ANT_1_03681	gene	1002				
ANT_1_03681	CDS	1002				hypothetical protein
ANT_1_03682	gene	330				
ANT_1_03682	CDS	330				hypothetical protein
ANT_1_03683	gene	666				
ANT_1_03683	CDS	666				hypothetical protein
ANT_1_03684	gene	639				
ANT_1_03684	CDS	639				hypothetical protein
ANT_1_03685	gene	234				
ANT_1_03685	CDS	234				hypothetical protein
ANT_1_03686	gene	387				
ANT_1_03686	CDS	387				hypothetical protein
ANT_1_03687	gene	684				
ANT_1_03687	CDS	684				hypothetical protein
ANT_1_03688	gene	759	fabG_6			
ANT_1_03688	CDS	759	fabG_6	1.1.1.100		3-oxoacyl-[acyl-carrier-protein] reductase FabG
ANT_1_03689	gene	762	rhaS_4			
ANT_1_03689	CDS	762	rhaS_4			HTH-type transcriptional activator RhaS
ANT_1_03690	gene	1122				
ANT_1_03690	CDS	1122				hypothetical protein
ANT_1_03691	gene	870				
ANT_1_03691	CDS	870				hypothetical protein
ANT_1_03692	gene	285				
ANT_1_03692	CDS	285				IS3 family transposase ISEam1
ANT_1_03693	gene	810				
ANT_1_03693	CDS	810				IS3 family transposase ISEc14
ANT_1_03694	gene	717				
ANT_1_03694	CDS	717				hypothetical protein
ANT_1_03695	gene	513				
ANT_1_03695	CDS	513				hypothetical protein
ANT_1_03696	gene	108				
ANT_1_03696	CDS	108				hypothetical protein
ANT_1_03697	gene	738	pcpR_2			
ANT_1_03697	CDS	738	pcpR_2			PCP degradation transcriptional activation protein
ANT_1_03698	gene	522				
ANT_1_03698	CDS	522				hypothetical protein
ANT_1_03699	gene	1065				
ANT_1_03699	CDS	1065				hypothetical protein
ANT_1_03700	gene	645				
ANT_1_03700	CDS	645				hypothetical protein
ANT_1_03701	gene	126				
ANT_1_03701	CDS	126				hypothetical protein
ANT_1_03702	gene	1065				
ANT_1_03702	CDS	1065				hypothetical protein
ANT_1_03703	gene	264				
ANT_1_03703	CDS	264				hypothetical protein
ANT_1_03704	gene	810				
ANT_1_03704	CDS	810				hypothetical protein
ANT_1_03705	gene	204	ymoA			
ANT_1_03705	CDS	204	ymoA			Modulating protein YmoA
ANT_1_03706	gene	5520	traI			
ANT_1_03706	CDS	5520	traI			Multifunctional conjugation protein TraI
ANT_1_03707	gene	2613				
ANT_1_03707	CDS	2613				hypothetical protein
ANT_1_03708	gene	315				
ANT_1_03708	CDS	315				hypothetical protein
ANT_1_03709	gene	732	ylpA			
ANT_1_03709	CDS	732	ylpA			Lipoprotein YlpA
ANT_1_03710	gene	570				
ANT_1_03710	CDS	570				hypothetical protein
ANT_1_03711	gene	3168				
ANT_1_03711	CDS	3168				hypothetical protein
ANT_1_03712	gene	1368				
ANT_1_03712	CDS	1368				hypothetical protein
ANT_1_03713	gene	303				
ANT_1_03713	CDS	303				hypothetical protein
ANT_1_03714	gene	603				
ANT_1_03714	CDS	603				hypothetical protein
ANT_1_03715	gene	210				
ANT_1_03715	CDS	210				hypothetical protein
ANT_1_03716	gene	453				
ANT_1_03716	CDS	453				hypothetical protein
ANT_1_03717	gene	780				
ANT_1_03717	CDS	780				hypothetical protein
ANT_1_03718	gene	85				
ANT_1_03718	tRNA	85				tRNA-Leu(caa)
ANT_1_03719	gene	516				
ANT_1_03719	CDS	516				hypothetical protein
ANT_1_03720	gene	417				
ANT_1_03720	CDS	417				hypothetical protein
ANT_1_03721	gene	339	budC_1			
ANT_1_03721	CDS	339	budC_1	1.1.1.304		Diacetyl reductase [(S)-acetoin forming]
ANT_1_03722	gene	201	budC_2			
ANT_1_03722	CDS	201	budC_2	1.1.1.304		Diacetyl reductase [(S)-acetoin forming]
ANT_1_03723	gene	1503				
ANT_1_03723	CDS	1503				hypothetical protein
ANT_1_03724	gene	1278				
ANT_1_03724	CDS	1278				hypothetical protein
ANT_1_03725	gene	1077	lptG_2			
ANT_1_03725	CDS	1077	lptG_2		COG0795	Lipopolysaccharide export system permease protein LptG
ANT_1_03726	gene	1101	lptF			
ANT_1_03726	CDS	1101	lptF		COG0795	Lipopolysaccharide export system permease protein LptF
ANT_1_03727	gene	1509	pepA			
ANT_1_03727	CDS	1509	pepA	3.4.11.1	COG0260	Cytosol aminopeptidase
ANT_1_03728	gene	456	holC			
ANT_1_03728	CDS	456	holC	2.7.7.7	COG2927	DNA polymerase III subunit chi
ANT_1_03729	gene	2856	valS			
ANT_1_03729	CDS	2856	valS	6.1.1.9	COG0525	Valine--tRNA ligase
ANT_1_03730	gene	1017	bepA_2			
ANT_1_03730	CDS	1017	bepA_2	3.4.-.-		Beta-barrel assembly-enhancing protease
ANT_1_03731	gene	1188	yjgN			
ANT_1_03731	CDS	1188	yjgN		COG4269	Inner membrane protein YjgN
ANT_1_03732	gene	504				
ANT_1_03732	CDS	504				hypothetical protein
ANT_1_03733	gene	765				
ANT_1_03733	CDS	765				hypothetical protein
ANT_1_03734	gene	432	rraB			
ANT_1_03734	CDS	432	rraB		COG3076	Regulator of ribonuclease activity B
ANT_1_03735	gene	1011	argF_1			
ANT_1_03735	CDS	1011	argF_1	2.1.3.3	COG0078	Ornithine carbamoyltransferase subunit F
ANT_1_03736	gene	1221	arcA_2			
ANT_1_03736	CDS	1221	arcA_2	3.5.3.6	COG2235	Arginine deiminase
ANT_1_03737	gene	942	arcC1			
ANT_1_03737	CDS	942	arcC1	2.7.2.2		Carbamate kinase 1
ANT_1_03738	gene	1005	argF_2			
ANT_1_03738	CDS	1005	argF_2	2.1.3.3	COG0078	Ornithine carbamoyltransferase
ANT_1_03739	gene	1407				
ANT_1_03739	CDS	1407				hypothetical protein
ANT_1_03740	gene	534	argR_1			
ANT_1_03740	CDS	534	argR_1			Arginine repressor
ANT_1_03741	gene	93				
ANT_1_03741	CDS	93				hypothetical protein
ANT_1_03742	gene	936	pyrB			
ANT_1_03742	CDS	936	pyrB	2.1.3.2	COG0540	Aspartate carbamoyltransferase catalytic subunit
ANT_1_03743	gene	465	pyrI			
ANT_1_03743	CDS	465	pyrI		COG1781	Aspartate carbamoyltransferase regulatory chain
ANT_1_03744	gene	387	ridA			
ANT_1_03744	CDS	387	ridA	3.5.99.10	COG0251	2-iminobutanoate/2-iminopropanoate deaminase
ANT_1_03745	gene	2373				
ANT_1_03745	CDS	2373				hypothetical protein
ANT_1_03746	gene	1662	treC			
ANT_1_03746	CDS	1662	treC	3.2.1.93	COG0366	Trehalose-6-phosphate hydrolase
ANT_1_03747	gene	2553	rapA_2			
ANT_1_03747	CDS	2553	rapA_2	3.6.4.-		RNA polymerase-associated protein RapA
ANT_1_03748	gene	2136	nrdD			
ANT_1_03748	CDS	2136	nrdD	1.1.98.6	COG1328	Anaerobic ribonucleoside-triphosphate reductase
ANT_1_03749	gene	471	nrdG			
ANT_1_03749	CDS	471	nrdG	1.97.1.-	COG0602	Anaerobic ribonucleoside-triphosphate reductase-activating protein
ANT_1_03750	gene	1197	yjfC			
ANT_1_03750	CDS	1197	yjfC	6.3.1.-	COG0754	Putative acid--amine ligase YjfC
ANT_1_03751	gene	618				
ANT_1_03751	CDS	618				hypothetical protein
ANT_1_03752	gene	399				
ANT_1_03752	CDS	399				hypothetical protein
ANT_1_03753	gene	522	yhbO			
ANT_1_03753	CDS	522	yhbO	3.1.2.-	COG0693	Protein/nucleic acid deglycase 2
ANT_1_03754	gene	306				
ANT_1_03754	CDS	306				hypothetical protein
ANT_1_03755	gene	504				
ANT_1_03755	CDS	504				hypothetical protein
ANT_1_03756	gene	528	ubiJ_2			
ANT_1_03756	CDS	528	ubiJ_2			Ubiquinone biosynthesis accessory factor UbiJ
ANT_1_03757	gene	996	yhbU			
ANT_1_03757	CDS	996	yhbU	3.4.-.-	COG0826	putative protease YhbU
ANT_1_03758	gene	879				
ANT_1_03758	CDS	879				hypothetical protein
ANT_1_03759	gene	1113				
ANT_1_03759	CDS	1113				hypothetical protein
ANT_1_03760	gene	1155				
ANT_1_03760	CDS	1155				hypothetical protein
ANT_1_03761	gene	972				
ANT_1_03761	CDS	972				hypothetical protein
ANT_1_03762	gene	210				
ANT_1_03762	CDS	210				hypothetical protein
ANT_1_03763	gene	1008				
ANT_1_03763	CDS	1008				hypothetical protein
ANT_1_03764	gene	1920	deaD			
ANT_1_03764	CDS	1920	deaD	3.6.4.13	COG0513	ATP-dependent RNA helicase DeaD
ANT_1_03765	gene	885	nlpI			
ANT_1_03765	CDS	885	nlpI		COG4785	Lipoprotein NlpI
ANT_1_03766	gene	2142	pnp			
ANT_1_03766	CDS	2142	pnp	2.7.7.8	COG1185	Polyribonucleotide nucleotidyltransferase
ANT_1_03767	gene	270	rpsO			
ANT_1_03767	CDS	270	rpsO		COG0184	30S ribosomal protein S15
ANT_1_03768	gene	945	truB			
ANT_1_03768	CDS	945	truB	5.4.99.25	COG0130	tRNA pseudouridine synthase B
ANT_1_03769	gene	414	rbfA			
ANT_1_03769	CDS	414	rbfA		COG0858	30S ribosome-binding factor
ANT_1_03770	gene	2694	infB			
ANT_1_03770	CDS	2694	infB		COG0532	Translation initiation factor IF-2
ANT_1_03771	gene	1506	nusA			
ANT_1_03771	CDS	1506	nusA		COG0195	Transcription termination/antitermination protein NusA
ANT_1_03772	gene	579	rimP			
ANT_1_03772	CDS	579	rimP			Ribosome maturation factor RimP
ANT_1_03773	gene	77				
ANT_1_03773	tRNA	77				tRNA-Met(cat)
ANT_1_03774	gene	87				
ANT_1_03774	tRNA	87				tRNA-Leu(gag)
ANT_1_03775	gene	333	secG			
ANT_1_03775	CDS	333	secG		COG1314	Protein-export membrane protein SecG
ANT_1_03776	gene	1377	glmM			
ANT_1_03776	CDS	1377	glmM	5.4.2.10	COG1109	Phosphoglucosamine mutase
ANT_1_03777	gene	840	folP			
ANT_1_03777	CDS	840	folP	2.5.1.15	COG0294	Dihydropteroate synthase
ANT_1_03778	gene	1944	ftsH_1			
ANT_1_03778	CDS	1944	ftsH_1	3.4.24.-	COG0465	ATP-dependent zinc metalloprotease FtsH
ANT_1_03779	gene	630	rlmE			
ANT_1_03779	CDS	630	rlmE	2.1.1.166	COG0293	Ribosomal RNA large subunit methyltransferase E
ANT_1_03780	gene	294	yhbY			
ANT_1_03780	CDS	294	yhbY		COG1534	RNA-binding protein YhbY
ANT_1_03781	gene	150				
ANT_1_03781	CDS	150				hypothetical protein
ANT_1_03782	gene	483	greA			
ANT_1_03782	CDS	483	greA		COG0782	Transcription elongation factor GreA
ANT_1_03783	gene	1392	dacB			
ANT_1_03783	CDS	1392	dacB	3.4.16.4	COG2027	D-alanyl-D-alanine carboxypeptidase DacB
ANT_1_03784	gene	663	basR_2			
ANT_1_03784	CDS	663	basR_2			Transcriptional regulatory protein BasR
ANT_1_03785	gene	1056	basS			
ANT_1_03785	CDS	1056	basS	2.7.13.3		Sensor protein BasS
ANT_1_03786	gene	1176	entC			
ANT_1_03786	CDS	1176	entC	5.4.4.2	COG1169	Isochorismate synthase EntC
ANT_1_03787	gene	1614	entE			
ANT_1_03787	CDS	1614	entE	6.3.2.14	COG1021	Enterobactin synthase component E
ANT_1_03788	gene	855	entB			
ANT_1_03788	CDS	855	entB	6.3.2.14	COG1535	Enterobactin synthase component B
ANT_1_03789	gene	759	entA			
ANT_1_03789	CDS	759	entA	1.3.1.28	COG1028	2,3-dihydro-2,3-dihydroxybenzoate dehydrogenase
ANT_1_03790	gene	411	menI_2			
ANT_1_03790	CDS	411	menI_2	3.1.2.28	COG2050	1,4-dihydroxy-2-naphthoyl-CoA hydrolase
ANT_1_03791	gene	1182	obg			
ANT_1_03791	CDS	1182	obg	3.6.5.-	COG0536	GTPase Obg
ANT_1_03792	gene	996	yhbE			
ANT_1_03792	CDS	996	yhbE		COG0697	putative inner membrane transporter YhbE
ANT_1_03793	gene	258	rpmA			
ANT_1_03793	CDS	258	rpmA		COG0211	50S ribosomal protein L27
ANT_1_03794	gene	312	rplU			
ANT_1_03794	CDS	312	rplU		COG0261	50S ribosomal protein L21
ANT_1_03795	gene	975	ispB			
ANT_1_03795	CDS	975	ispB	2.5.1.90	COG0142	Octaprenyl diphosphate synthase
ANT_1_03796	gene	261				
ANT_1_03796	CDS	261				hypothetical protein
ANT_1_03797	gene	1263	murA			
ANT_1_03797	CDS	1263	murA	2.5.1.7	COG0766	UDP-N-acetylglucosamine 1-carboxyvinyltransferase
ANT_1_03798	gene	255	ibaG			
ANT_1_03798	CDS	255	ibaG		COG5007	Acid stress protein IbaG
ANT_1_03799	gene	297	mlaB			
ANT_1_03799	CDS	297	mlaB		COG3113	Intermembrane phospholipid transport system binding protein MlaB
ANT_1_03800	gene	636	mlaC			
ANT_1_03800	CDS	636	mlaC		COG2854	Intermembrane phospholipid transport system binding protein MlaC
ANT_1_03801	gene	561	mlaD			
ANT_1_03801	CDS	561	mlaD		COG1463	Intermembrane phospholipid transport system binding protein MlaD
ANT_1_03802	gene	783	mlaE			
ANT_1_03802	CDS	783	mlaE		COG0767	Intermembrane phospholipid transport system permease protein MlaE
ANT_1_03803	gene	822	mlaF			
ANT_1_03803	CDS	822	mlaF	3.6.3.-	COG1127	Intermembrane phospholipid transport system ATP-binding protein MlaF
ANT_1_03804	gene	981	yrbG			
ANT_1_03804	CDS	981	yrbG		COG0530	Inner membrane protein YrbG
ANT_1_03805	gene	990	kdsD			
ANT_1_03805	CDS	990	kdsD	5.3.1.13	COG0517	Arabinose 5-phosphate isomerase KdsD
ANT_1_03806	gene	567	kdsC			
ANT_1_03806	CDS	567	kdsC	3.1.3.45	COG1778	3-deoxy-D-manno-octulosonate 8-phosphate phosphatase KdsC
ANT_1_03807	gene	576	lptC			
ANT_1_03807	CDS	576	lptC		COG3117	Lipopolysaccharide export system protein LptC
ANT_1_03808	gene	549	lptA			
ANT_1_03808	CDS	549	lptA		COG1934	Lipopolysaccharide export system protein LptA
ANT_1_03809	gene	726	lptB_3			
ANT_1_03809	CDS	726	lptB_3	3.6.3.-	COG1137	Lipopolysaccharide export system ATP-binding protein LptB
ANT_1_03810	gene	1434	rpoN			
ANT_1_03810	CDS	1434	rpoN		COG1508	RNA polymerase sigma-54 factor
ANT_1_03811	gene	288	hpf			
ANT_1_03811	CDS	288	hpf		COG1544	Ribosome hibernation promoting factor
ANT_1_03812	gene	483	ptsN			
ANT_1_03812	CDS	483	ptsN		COG1762	Nitrogen regulatory protein
ANT_1_03813	gene	855	rapZ			
ANT_1_03813	CDS	855	rapZ		COG1660	RNase adapter protein RapZ
ANT_1_03814	gene	273	ptsO			
ANT_1_03814	CDS	273	ptsO		COG1925	Phosphocarrier protein NPr
ANT_1_03815	gene	747	dgaF_2			
ANT_1_03815	CDS	747	dgaF_2	4.1.2.14		2-dehydro-3-deoxy-phosphogluconate aldolase
ANT_1_03816	gene	1122	dgaE_2			
ANT_1_03816	CDS	1122	dgaE_2	4.3.1.29		D-glucosaminate-6-phosphate ammonia lyase
ANT_1_03817	gene	858	manZ_2			
ANT_1_03817	CDS	858	manZ_2		COG3716	PTS system mannose-specific EIID component
ANT_1_03818	gene	753	agaC			
ANT_1_03818	CDS	753	agaC		COG3715	N-acetylgalactosamine permease IIC component 1
ANT_1_03819	gene	486	sorB			
ANT_1_03819	CDS	486	sorB	2.7.1.206	COG3444	PTS system sorbose-specific EIIB component
ANT_1_03820	gene	420				
ANT_1_03820	CDS	420				hypothetical protein
ANT_1_03821	gene	2772	dgaR			
ANT_1_03821	CDS	2772	dgaR			Transcriptional regulatory protein DagR
ANT_1_03822	gene	726	mtgA			
ANT_1_03822	CDS	726	mtgA	2.4.1.129	COG0744	Biosynthetic peptidoglycan transglycosylase
ANT_1_03823	gene	2340	arcB			
ANT_1_03823	CDS	2340	arcB	2.7.13.3	COG0642	Aerobic respiration control sensor protein ArcB
ANT_1_03824	gene	5532				
ANT_1_03824	CDS	5532				hypothetical protein
ANT_1_03825	gene	1758	cysJ_2			
ANT_1_03825	CDS	1758	cysJ_2	1.8.1.2	COG0369	Sulfite reductase [NADPH] flavoprotein alpha-component
ANT_1_03826	gene	501	sspB			
ANT_1_03826	CDS	501	sspB		COG2969	Stringent starvation protein B
ANT_1_03827	gene	642	sspA_2			
ANT_1_03827	CDS	642	sspA_2		COG0625	Stringent starvation protein A
ANT_1_03828	gene	393	rpsI			
ANT_1_03828	CDS	393	rpsI		COG0103	30S ribosomal protein S9
ANT_1_03829	gene	429	rplM			
ANT_1_03829	CDS	429	rplM		COG0102	50S ribosomal protein L13
ANT_1_03830	gene	1128	zapE			
ANT_1_03830	CDS	1128	zapE		COG1485	Cell division protein ZapE
ANT_1_03831	gene	399	yhcB			
ANT_1_03831	CDS	399	yhcB		COG3105	Inner membrane protein YhcB
ANT_1_03832	gene	1392	degQ			
ANT_1_03832	CDS	1392	degQ	3.4.21.107	COG0265	Periplasmic pH-dependent serine endoprotease DegQ
ANT_1_03833	gene	1074	degS			
ANT_1_03833	CDS	1074	degS	3.4.21.107	COG0265	Serine endoprotease DegS
ANT_1_03834	gene	936	mdh			
ANT_1_03834	CDS	936	mdh	1.1.1.37	COG0039	Malate dehydrogenase
ANT_1_03835	gene	471	argR_2			
ANT_1_03835	CDS	471	argR_2		COG1438	Arginine repressor
ANT_1_03836	gene	264				
ANT_1_03836	CDS	264				hypothetical protein
ANT_1_03837	gene	270				
ANT_1_03837	CDS	270				hypothetical protein
ANT_1_03838	gene	264				
ANT_1_03838	CDS	264				hypothetical protein
ANT_1_03839	gene	270	yhcO			
ANT_1_03839	CDS	270	yhcO		COG2732	putative protein YhcO
ANT_1_03840	gene	1455	gabD_2			
ANT_1_03840	CDS	1455	gabD_2	1.2.1.79	COG1012	Succinate-semialdehyde dehydrogenase [NADP(+)] GabD
ANT_1_03841	gene	1959	aaeB_2			
ANT_1_03841	CDS	1959	aaeB_2		COG1289	p-hydroxybenzoic acid efflux pump subunit AaeB
ANT_1_03842	gene	933	aaeA_2			
ANT_1_03842	CDS	933	aaeA_2		COG1566	p-hydroxybenzoic acid efflux pump subunit AaeA
ANT_1_03843	gene	204	aaeX			
ANT_1_03843	CDS	204	aaeX			Protein AaeX
ANT_1_03844	gene	918	dmlR_12			
ANT_1_03844	CDS	918	dmlR_12			HTH-type transcriptional regulator DmlR
ANT_1_03845	gene	1446	tldD			
ANT_1_03845	CDS	1446	tldD	3.4.-.-	COG0312	Metalloprotease TldD
ANT_1_03846	gene	3804				
ANT_1_03846	CDS	3804				hypothetical protein
ANT_1_03847	gene	1470	rng			
ANT_1_03847	CDS	1470	rng	3.1.26.-	COG1530	Ribonuclease G
ANT_1_03848	gene	582	yhdE			
ANT_1_03848	CDS	582	yhdE	3.6.1.9	COG0424	dTTP/UTP pyrophosphatase
ANT_1_03849	gene	489	mreD			
ANT_1_03849	CDS	489	mreD		COG2891	Rod shape-determining protein MreD
ANT_1_03850	gene	1017	mreC			
ANT_1_03850	CDS	1017	mreC		COG1792	Cell shape-determining protein MreC
ANT_1_03851	gene	1044	mreB			
ANT_1_03851	CDS	1044	mreB		COG1077	Cell shape-determining protein MreB
ANT_1_03852	gene	1962	csrD			
ANT_1_03852	CDS	1962	csrD			RNase E specificity factor CsrD
ANT_1_03853	gene	978	acuI			
ANT_1_03853	CDS	978	acuI	1.3.1.84	COG0604	putative acrylyl-CoA reductase AcuI
ANT_1_03854	gene	1005	msrP			
ANT_1_03854	CDS	1005	msrP	1.8.5.-	COG2041	Protein-methionine-sulfoxide reductase catalytic subunit MsrP
ANT_1_03855	gene	612	msrQ			
ANT_1_03855	CDS	612	msrQ		COG2717	Protein-methionine-sulfoxide reductase heme-binding subunit MsrQ
ANT_1_03856	gene	453	aroQ			
ANT_1_03856	CDS	453	aroQ	4.2.1.10	COG0757	3-dehydroquinate dehydratase
ANT_1_03857	gene	477	accB			
ANT_1_03857	CDS	477	accB		COG0511	Biotin carboxyl carrier protein of acetyl-CoA carboxylase
ANT_1_03858	gene	1350	accC			
ANT_1_03858	CDS	1350	accC	6.3.4.14	COG0439	Biotin carboxylase
ANT_1_03859	gene	243	yhdT			
ANT_1_03859	CDS	243	yhdT		COG3924	putative membrane protein YhdT
ANT_1_03860	gene	1455	panF			
ANT_1_03860	CDS	1455	panF		COG4145	Sodium/pantothenate symporter
ANT_1_03861	gene	882	prmA			
ANT_1_03861	CDS	882	prmA	2.1.1.-	COG2264	Ribosomal protein L11 methyltransferase
ANT_1_03862	gene	873	dusB			
ANT_1_03862	CDS	873	dusB	1.3.1.-	COG0042	tRNA-dihydrouridine synthase B
ANT_1_03863	gene	297	fis			
ANT_1_03863	CDS	297	fis		COG2901	DNA-binding protein Fis
ANT_1_03864	gene	921	lpxP			
ANT_1_03864	CDS	921	lpxP	2.3.1.242	COG1560	Lipid A biosynthesis palmitoleoyltransferase
ANT_1_03865	gene	1026	yhdW			
ANT_1_03865	CDS	1026	yhdW			Putative amino-acid ABC transporter-binding protein YhdW
ANT_1_03866	gene	1179				
ANT_1_03866	CDS	1179				hypothetical protein
ANT_1_03867	gene	1101	yhdY			
ANT_1_03867	CDS	1101	yhdY		COG0765	Inner membrane amino-acid ABC transporter permease protein YhdY
ANT_1_03868	gene	762	glnQ_6			
ANT_1_03868	CDS	762	glnQ_6			Glutamine transport ATP-binding protein GlnQ
ANT_1_03869	gene	111				
ANT_1_03869	rRNA	111				5S ribosomal RNA
ANT_1_03870	gene	76				
ANT_1_03870	tRNA	76				tRNA-Thr(ggt)
ANT_1_03871	gene	110				
ANT_1_03871	rRNA	110				5S ribosomal RNA
ANT_1_03872	gene	333	bigR			
ANT_1_03872	CDS	333	bigR		COG0640	Biofilm growth-associated repressor
ANT_1_03873	gene	723	arsH_2			
ANT_1_03873	CDS	723	arsH_2	1.-.-.-	COG0431	NADPH-dependent FMN reductase ArsH
ANT_1_03874	gene	429	arsC_3			
ANT_1_03874	CDS	429	arsC_3	1.20.4.1		Arsenate reductase
ANT_1_03875	gene	1284	arsB_2			
ANT_1_03875	CDS	1284	arsB_2		COG1055	Arsenical pump membrane protein
ANT_1_03876	gene	360	arsR2			
ANT_1_03876	CDS	360	arsR2		COG0640	Arsenic resistance transcriptional regulator ArsR2
ANT_1_03877	gene	474				
ANT_1_03877	CDS	474				hypothetical protein
ANT_1_03878	gene	651				
ANT_1_03878	CDS	651				hypothetical protein
ANT_1_03879	gene	444				
ANT_1_03879	CDS	444				hypothetical protein
ANT_1_03880	gene	627	ydeA			
ANT_1_03880	CDS	627	ydeA	3.2.-.-	COG0693	putative protease YdeA
ANT_1_03881	gene	486				
ANT_1_03881	CDS	486				hypothetical protein
ANT_1_03882	gene	330				
ANT_1_03882	CDS	330				hypothetical protein
ANT_1_03883	gene	297	pchB			
ANT_1_03883	CDS	297	pchB	4.2.99.21	COG1605	Isochorismate pyruvate lyase
ANT_1_03884	gene	840				
ANT_1_03884	CDS	840				hypothetical protein
ANT_1_03885	gene	309				
ANT_1_03885	CDS	309				hypothetical protein
ANT_1_03886	gene	348	symE_6			
ANT_1_03886	CDS	348	symE_6	3.1.-.-		Toxic protein SymE
ANT_1_03887	gene	537	xerC_5			
ANT_1_03887	CDS	537	xerC_5			Tyrosine recombinase XerC
ANT_1_03888	gene	759				
ANT_1_03888	CDS	759				hypothetical protein
ANT_1_03889	gene	684				
ANT_1_03889	CDS	684				hypothetical protein
ANT_1_03890	gene	363				
ANT_1_03890	CDS	363				hypothetical protein
ANT_1_03891	gene	591				
ANT_1_03891	CDS	591				hypothetical protein
ANT_1_03892	gene	345				
ANT_1_03892	CDS	345				hypothetical protein
ANT_1_03893	gene	531				
ANT_1_03893	CDS	531				hypothetical protein
ANT_1_03894	gene	249				
ANT_1_03894	CDS	249				hypothetical protein
ANT_1_03895	gene	462				
ANT_1_03895	CDS	462				hypothetical protein
ANT_1_03896	gene	390				
ANT_1_03896	CDS	390				hypothetical protein
ANT_1_03897	gene	495				
ANT_1_03897	CDS	495				hypothetical protein
ANT_1_03898	gene	657	rluE			
ANT_1_03898	CDS	657	rluE	5.4.99.20	COG1187	Ribosomal large subunit pseudouridine synthase E
ANT_1_03899	gene	474	nudJ			
ANT_1_03899	CDS	474	nudJ	3.6.1.-	COG0494	Phosphatase NudJ
ANT_1_03900	gene	1119	mnmA			
ANT_1_03900	CDS	1119	mnmA	2.8.1.13	COG0482	tRNA-specific 2-thiouridylase MnmA
ANT_1_03901	gene	645	hflD			
ANT_1_03901	CDS	645	hflD		COG2915	High frequency lysogenization protein HflD
ANT_1_03902	gene	1371	purB			
ANT_1_03902	CDS	1371	purB	4.3.2.2	COG0015	Adenylosuccinate lyase
ANT_1_03903	gene	669	phoP			
ANT_1_03903	CDS	669	phoP			Transcriptional regulatory protein PhoP
ANT_1_03904	gene	1461	phoQ			
ANT_1_03904	CDS	1461	phoQ	2.7.13.3	COG0642	Virulence sensor histidine kinase PhoQ
ANT_1_03905	gene	1128	roxA_2			
ANT_1_03905	CDS	1128	roxA_2	1.14.11.47	COG2850	50S ribosomal protein L16 3-hydroxylase
ANT_1_03906	gene	1248	pepT_2			
ANT_1_03906	CDS	1248	pepT_2	3.4.11.4	COG2195	Peptidase T
ANT_1_03907	gene	561	sutR_3			
ANT_1_03907	CDS	561	sutR_3		COG1396	HTH-type transcriptional regulator SutR
ANT_1_03908	gene	1173	ydcO			
ANT_1_03908	CDS	1173	ydcO		COG3135	Inner membrane protein YdcO
ANT_1_03909	gene	915	cobB			
ANT_1_03909	CDS	915	cobB	2.3.1.286	COG0846	NAD-dependent protein deacylase
ANT_1_03910	gene	1245	lolE			
ANT_1_03910	CDS	1245	lolE		COG4591	Lipoprotein-releasing system transmembrane protein LolE
ANT_1_03911	gene	705	lolD_2			
ANT_1_03911	CDS	705	lolD_2	3.6.3.-	COG1136	Lipoprotein-releasing system ATP-binding protein LolD
ANT_1_03912	gene	1200	lolC			
ANT_1_03912	CDS	1200	lolC		COG4591	Lipoprotein-releasing system transmembrane protein LolC
ANT_1_03913	gene	1395				
ANT_1_03913	CDS	1395				hypothetical protein
ANT_1_03914	gene	264				
ANT_1_03914	CDS	264				hypothetical protein
ANT_1_03915	gene	1749				
ANT_1_03915	CDS	1749				hypothetical protein
ANT_1_03916	gene	303				
ANT_1_03916	CDS	303				hypothetical protein
ANT_1_03917	gene	348				
ANT_1_03917	CDS	348				hypothetical protein
ANT_1_03918	gene	372				
ANT_1_03918	CDS	372				hypothetical protein
ANT_1_03919	gene	570				
ANT_1_03919	CDS	570				hypothetical protein
ANT_1_03920	gene	291				
ANT_1_03920	CDS	291				hypothetical protein
ANT_1_03921	gene	957	cheV			
ANT_1_03921	CDS	957	cheV		COG0784	Chemotaxis protein CheV
ANT_1_03922	gene	219				
ANT_1_03922	CDS	219				hypothetical protein
ANT_1_03923	gene	543				
ANT_1_03923	CDS	543				hypothetical protein
ANT_1_03924	gene	2178				
ANT_1_03924	CDS	2178				hypothetical protein
ANT_1_03925	gene	678				
ANT_1_03925	CDS	678				hypothetical protein
ANT_1_03926	gene	465				
ANT_1_03926	CDS	465				hypothetical protein
ANT_1_03927	gene	543				
ANT_1_03927	CDS	543				hypothetical protein
ANT_1_03928	gene	642				
ANT_1_03928	CDS	642				hypothetical protein
ANT_1_03929	gene	978				
ANT_1_03929	CDS	978				hypothetical protein
ANT_1_03930	gene	1542	phrB_2			
ANT_1_03930	CDS	1542	phrB_2	4.1.99.13	COG3046	(6-4) photolyase
ANT_1_03931	gene	246				
ANT_1_03931	CDS	246				hypothetical protein
ANT_1_03932	gene	1116				
ANT_1_03932	CDS	1116				hypothetical protein
ANT_1_03933	gene	1206	mdrP			
ANT_1_03933	CDS	1206	mdrP			Na(+), Li(+), K(+)/H(+) antiporter
ANT_1_03934	gene	744				
ANT_1_03934	CDS	744				hypothetical protein
ANT_1_03935	gene	603	bvgA_3			
ANT_1_03935	CDS	603	bvgA_3			Virulence factors putative positive transcription regulator BvgA
ANT_1_03936	gene	3120	rcsC_1			
ANT_1_03936	CDS	3120	rcsC_1	2.7.13.3		Sensor histidine kinase RcsC
ANT_1_03937	gene	411				
ANT_1_03937	CDS	411				hypothetical protein
ANT_1_03938	gene	582				
ANT_1_03938	CDS	582				hypothetical protein
ANT_1_03939	gene	420				
ANT_1_03939	CDS	420				hypothetical protein
ANT_1_03940	gene	339				
ANT_1_03940	CDS	339				hypothetical protein
ANT_1_03941	gene	816	ngcG			
ANT_1_03941	CDS	816	ngcG		COG0395	Diacetylchitobiose uptake system permease protein NgcG
ANT_1_03942	gene	870	ngcF			
ANT_1_03942	CDS	870	ngcF		COG1175	Diacetylchitobiose uptake system permease protein NgcF
ANT_1_03943	gene	1341				
ANT_1_03943	CDS	1341				hypothetical protein
ANT_1_03944	gene	600				
ANT_1_03944	CDS	600		2.3.-.-	COG0454	Putative acetyltransferase OgpAT
ANT_1_03945	gene	1089	malK_3			
ANT_1_03945	CDS	1089	malK_3	7.5.2.1		Maltose/maltodextrin import ATP-binding protein MalK
ANT_1_03946	gene	1098	nagC_2			
ANT_1_03946	CDS	1098	nagC_2		COG1940	N-acetylglucosamine repressor
ANT_1_03947	gene	891	gspK_2			
ANT_1_03947	CDS	891	gspK_2	2.7.1.8	COG2971	Glucosamine kinase GspK
ANT_1_03948	gene	1146	yteT			
ANT_1_03948	CDS	1146	yteT	1.-.-.-	COG0673	Putative oxidoreductase YteT
ANT_1_03949	gene	1215	bluF			
ANT_1_03949	CDS	1215	bluF			Blue light- and temperature-regulated antirepressor BluF
ANT_1_03950	gene	1833				
ANT_1_03950	CDS	1833				hypothetical protein
ANT_1_03951	gene	420				
ANT_1_03951	CDS	420				hypothetical protein
ANT_1_03952	gene	924	nodD2			
ANT_1_03952	CDS	924	nodD2			Nodulation protein D 2
ANT_1_03953	gene	840	ydcF			
ANT_1_03953	CDS	840	ydcF		COG1434	Protein YdcF
ANT_1_03954	gene	1026	adhT_1			
ANT_1_03954	CDS	1026	adhT_1	1.1.1.1		Alcohol dehydrogenase
ANT_1_03955	gene	414	yybH			
ANT_1_03955	CDS	414	yybH		COG4319	putative protein YybH
ANT_1_03956	gene	798				
ANT_1_03956	CDS	798				hypothetical protein
ANT_1_03957	gene	453	ecfG			
ANT_1_03957	CDS	453	ecfG			ECF RNA polymerase sigma factor EcfG
ANT_1_03958	gene	531				
ANT_1_03958	CDS	531				hypothetical protein
ANT_1_03959	gene	1716	yheS_2			
ANT_1_03959	CDS	1716	yheS_2		COG0488	putative ABC transporter ATP-binding protein YheS
ANT_1_03960	gene	174				
ANT_1_03960	CDS	174				hypothetical protein
ANT_1_03961	gene	666				
ANT_1_03961	CDS	666				hypothetical protein
ANT_1_03962	gene	1677				
ANT_1_03962	CDS	1677				hypothetical protein
ANT_1_03963	gene	936	gltC_2			
ANT_1_03963	CDS	936	gltC_2			HTH-type transcriptional regulator GltC
ANT_1_03964	gene	906	fabD_1			
ANT_1_03964	CDS	906	fabD_1	2.3.1.39	COG0331	Malonyl CoA-acyl carrier protein transacylase
ANT_1_03965	gene	612	mdcG			
ANT_1_03965	CDS	612	mdcG	2.7.7.66		Phosphoribosyl-dephospho-CoA transferase
ANT_1_03966	gene	960				
ANT_1_03966	CDS	960				hypothetical protein
ANT_1_03967	gene	801				
ANT_1_03967	CDS	801				hypothetical protein
ANT_1_03968	gene	837	madC			
ANT_1_03968	CDS	837	madC	2.1.3.10		Malonyl-S-ACP:biotin-protein carboxyltransferase MADC
ANT_1_03969	gene	300	mdcC			
ANT_1_03969	CDS	300	mdcC			Malonate decarboxylase acyl carrier protein
ANT_1_03970	gene	870	citG			
ANT_1_03970	CDS	870	citG	2.4.2.52	COG1767	2-(5''-triphosphoribosyl)-3'-dephosphocoenzyme-A synthase
ANT_1_03971	gene	1653	madA			
ANT_1_03971	CDS	1653	madA	2.3.1.187		Acetyl-S-ACP:malonate ACP transferase
ANT_1_03972	gene	1728				
ANT_1_03972	CDS	1728				hypothetical protein
ANT_1_03973	gene	1197				
ANT_1_03973	CDS	1197				hypothetical protein
ANT_1_03974	gene	711				
ANT_1_03974	CDS	711				hypothetical protein
ANT_1_03975	gene	801				
ANT_1_03975	CDS	801			COG1305	putative protein
ANT_1_03976	gene	930				
ANT_1_03976	CDS	930			COG2307	putative protein
ANT_1_03977	gene	1437				
ANT_1_03977	CDS	1437			COG2308	putative protein
ANT_1_03978	gene	612				
ANT_1_03978	CDS	612				hypothetical protein
ANT_1_03979	gene	924				
ANT_1_03979	CDS	924				hypothetical protein
ANT_1_03980	gene	465				
ANT_1_03980	CDS	465				hypothetical protein
ANT_1_03981	gene	996				
ANT_1_03981	CDS	996				hypothetical protein
ANT_1_03982	gene	483	ylaC			
ANT_1_03982	CDS	483	ylaC			Inner membrane protein YlaC
ANT_1_03983	gene	1407	lysN_2			
ANT_1_03983	CDS	1407	lysN_2	2.6.1.39	COG1167	2-aminoadipate transaminase
ANT_1_03984	gene	2133				
ANT_1_03984	CDS	2133			COG2200	putative signaling protein
ANT_1_03985	gene	567				
ANT_1_03985	CDS	567				hypothetical protein
ANT_1_03986	gene	525				
ANT_1_03986	CDS	525				hypothetical protein
ANT_1_03987	gene	717				
ANT_1_03987	CDS	717				hypothetical protein
ANT_1_03988	gene	2424				
ANT_1_03988	CDS	2424				hypothetical protein
ANT_1_03989	gene	987				
ANT_1_03989	CDS	987				hypothetical protein
ANT_1_03990	gene	1323	proP_5			
ANT_1_03990	CDS	1323	proP_5			Proline/betaine transporter
ANT_1_03991	gene	423	exbD			
ANT_1_03991	CDS	423	exbD		COG0848	Biopolymer transport protein ExbD
ANT_1_03992	gene	735	exbB			
ANT_1_03992	CDS	735	exbB		COG0811	Biopolymer transport protein ExbB
ANT_1_03993	gene	1191	metC			
ANT_1_03993	CDS	1191	metC	4.4.1.13	COG0626	Cystathionine beta-lyase MetC
ANT_1_03994	gene	657	yghB			
ANT_1_03994	CDS	657	yghB		COG0586	Inner membrane protein YghB
ANT_1_03995	gene	1464	ddc			
ANT_1_03995	CDS	1464	ddc	4.1.1.86	COG0076	L-2,4-diaminobutyrate decarboxylase
ANT_1_03996	gene	1383	dat			
ANT_1_03996	CDS	1383	dat	2.6.1.76	COG0160	Diaminobutyrate--2-oxoglutarate aminotransferase
ANT_1_03997	gene	894	rhaS_5			
ANT_1_03997	CDS	894	rhaS_5			HTH-type transcriptional activator RhaS
ANT_1_03998	gene	1158	yqhD			
ANT_1_03998	CDS	1158	yqhD	1.1.1.-	COG1979	Alcohol dehydrogenase YqhD
ANT_1_03999	gene	825	dkgA			
ANT_1_03999	CDS	825	dkgA	1.1.1.274	COG0656	2,5-diketo-D-gluconic acid reductase A
ANT_1_04000	gene	1428	ftsP			
ANT_1_04000	CDS	1428	ftsP		COG2132	Cell division protein FtsP
ANT_1_04001	gene	738	plsC			
ANT_1_04001	CDS	738	plsC	2.3.1.51	COG0204	1-acyl-sn-glycerol-3-phosphate acyltransferase
ANT_1_04002	gene	2277	parC			
ANT_1_04002	CDS	2277	parC	5.6.2.2	COG0188	DNA topoisomerase 4 subunit A
ANT_1_04003	gene	768	pheC			
ANT_1_04003	CDS	768	pheC			Cyclohexadienyl dehydratase
ANT_1_04004	gene	582	mdaB			
ANT_1_04004	CDS	582	mdaB	1.6.5.10	COG2249	NADPH:quinone oxidoreductase MdaB
ANT_1_04005	gene	309	ygiN			
ANT_1_04005	CDS	309	ygiN	1.-.-.-	COG1359	putative quinol monooxygenase YgiN
ANT_1_04006	gene	903	dmlR_13			
ANT_1_04006	CDS	903	dmlR_13			HTH-type transcriptional regulator DmlR
ANT_1_04007	gene	168				
ANT_1_04007	CDS	168				hypothetical protein
ANT_1_04008	gene	1896	parE			
ANT_1_04008	CDS	1896	parE	5.6.2.2	COG0187	DNA topoisomerase 4 subunit B
ANT_1_04009	gene	579				
ANT_1_04009	CDS	579				hypothetical protein
ANT_1_04010	gene	828	cpdA_2			
ANT_1_04010	CDS	828	cpdA_2	3.1.4.53	COG1409	3',5'-cyclic adenosine monophosphate phosphodiesterase CpdA
ANT_1_04011	gene	420				
ANT_1_04011	CDS	420				hypothetical protein
ANT_1_04012	gene	636	nudF			
ANT_1_04012	CDS	636	nudF	3.6.1.13		ADP-ribose pyrophosphatase
ANT_1_04013	gene	1470	tolC_3			
ANT_1_04013	CDS	1470	tolC_3			Outer membrane protein TolC
ANT_1_04014	gene	663				
ANT_1_04014	CDS	663				hypothetical protein
ANT_1_04015	gene	1161	ygiC			
ANT_1_04015	CDS	1161	ygiC	6.3.1.-	COG0754	Putative acid--amine ligase YgiC
ANT_1_04016	gene	786	ygiD			
ANT_1_04016	CDS	786	ygiD	1.13.11.29	COG3384	4,5-DOPA dioxygenase extradiol
ANT_1_04017	gene	657	ribB			
ANT_1_04017	CDS	657	ribB	4.1.99.12	COG0108	3,4-dihydroxy-2-butanone 4-phosphate synthase
ANT_1_04018	gene	288	ubiK			
ANT_1_04018	CDS	288	ubiK		COG2960	Ubiquinone biosynthesis accessory factor UbiK
ANT_1_04019	gene	1437	hldE			
ANT_1_04019	CDS	1437	hldE		COG2870	Bifunctional protein HldE
ANT_1_04020	gene	2835	glnE			
ANT_1_04020	CDS	2835	glnE		COG1391	Bifunctional glutamine synthetase adenylyltransferase/adenylyl-removing enzyme
ANT_1_04021	gene	1305	ygiF			
ANT_1_04021	CDS	1305	ygiF	3.6.1.25	COG3025	Inorganic triphosphatase
ANT_1_04022	gene	621				
ANT_1_04022	CDS	621				hypothetical protein
ANT_1_04023	gene	1221	cca			
ANT_1_04023	CDS	1221	cca		COG0617	Multifunctional CCA protein
ANT_1_04024	gene	822	uppP			
ANT_1_04024	CDS	822	uppP	3.6.1.27	COG1968	Undecaprenyl-diphosphatase
ANT_1_04025	gene	360	folB			
ANT_1_04025	CDS	360	folB	4.1.2.25	COG1539	Dihydroneopterin aldolase
ANT_1_04026	gene	606	plsY			
ANT_1_04026	CDS	606	plsY	2.3.1.15	COG0344	putative glycerol-3-phosphate acyltransferase
ANT_1_04027	gene	1014	tsaD			
ANT_1_04027	CDS	1014	tsaD	2.3.1.234	COG0533	tRNA N6-adenosine threonylcarbamoyltransferase
ANT_1_04028	gene	216	rpsU			
ANT_1_04028	CDS	216	rpsU		COG0828	30S ribosomal protein S21
ANT_1_04029	gene	1746	dnaG			
ANT_1_04029	CDS	1746	dnaG	2.7.7.-	COG0358	DNA primase
ANT_1_04030	gene	1842	rpoD			
ANT_1_04030	CDS	1842	rpoD		COG0568	RNA polymerase sigma factor RpoD
ANT_1_04031	gene	576	mug			
ANT_1_04031	CDS	576	mug	3.2.2.28	COG3663	G/U mismatch-specific DNA glycosylase
ANT_1_04032	gene	1035	ttuC			
ANT_1_04032	CDS	1035	ttuC	1.1.1.93		putative tartrate dehydrogenase/decarboxylase TtuC
ANT_1_04033	gene	1545	aer_2			
ANT_1_04033	CDS	1545	aer_2		COG0840	Aerotaxis receptor
ANT_1_04034	gene	927	pgrR_8			
ANT_1_04034	CDS	927	pgrR_8			HTH-type transcriptional regulator PgrR
ANT_1_04035	gene	420				
ANT_1_04035	CDS	420				hypothetical protein
ANT_1_04036	gene	1152				
ANT_1_04036	CDS	1152				hypothetical protein
ANT_1_04037	gene	1644	flgK_1			
ANT_1_04037	CDS	1644	flgK_1		COG1256	Flagellar hook-associated protein 1
ANT_1_04038	gene	966	flgL_1			
ANT_1_04038	CDS	966	flgL_1		COG1344	Flagellar hook-associated protein 3
ANT_1_04039	gene	1644	flgK_2			
ANT_1_04039	CDS	1644	flgK_2		COG1256	Flagellar hook-associated protein 1
ANT_1_04040	gene	963	flgL_2			
ANT_1_04040	CDS	963	flgL_2		COG1344	Flagellar hook-associated protein 3
ANT_1_04041	gene	348				
ANT_1_04041	CDS	348				hypothetical protein
ANT_1_04042	gene	303				
ANT_1_04042	CDS	303				hypothetical protein
ANT_1_04043	gene	210				
ANT_1_04043	CDS	210				hypothetical protein
ANT_1_04044	gene	198				
ANT_1_04044	CDS	198				hypothetical protein
ANT_1_04045	gene	219				
ANT_1_04045	CDS	219				hypothetical protein
ANT_1_04046	gene	288				
ANT_1_04046	CDS	288				hypothetical protein
ANT_1_04047	gene	453				
ANT_1_04047	CDS	453				hypothetical protein
ANT_1_04048	gene	186				
ANT_1_04048	CDS	186				hypothetical protein
ANT_1_04049	gene	753				
ANT_1_04049	CDS	753				hypothetical protein
ANT_1_04050	gene	396				
ANT_1_04050	CDS	396				hypothetical protein
ANT_1_04051	gene	432				
ANT_1_04051	CDS	432				hypothetical protein
ANT_1_04052	gene	402				
ANT_1_04052	CDS	402				hypothetical protein
ANT_1_04053	gene	864				
ANT_1_04053	CDS	864				hypothetical protein
ANT_1_04054	gene	96				
ANT_1_04054	CDS	96				hypothetical protein
ANT_1_04055	gene	189				
ANT_1_04055	CDS	189				hypothetical protein
ANT_1_04056	gene	1005				
ANT_1_04056	CDS	1005				hypothetical protein
ANT_1_04057	gene	192				
ANT_1_04057	CDS	192				hypothetical protein
ANT_1_04058	gene	174				
ANT_1_04058	CDS	174				hypothetical protein
ANT_1_04059	gene	195				
ANT_1_04059	CDS	195				hypothetical protein
ANT_1_04060	gene	246				
ANT_1_04060	CDS	246				hypothetical protein
ANT_1_04061	gene	180				
ANT_1_04061	CDS	180				hypothetical protein
ANT_1_04062	gene	669				
ANT_1_04062	CDS	669				hypothetical protein
ANT_1_04063	gene	285				
ANT_1_04063	CDS	285				hypothetical protein
ANT_1_04064	gene	663				
ANT_1_04064	CDS	663			COG1974	putative HTH-type transcriptional regulator
ANT_1_04065	gene	186				
ANT_1_04065	CDS	186				hypothetical protein
ANT_1_04066	gene	294				
ANT_1_04066	CDS	294				hypothetical protein
ANT_1_04067	gene	693				
ANT_1_04067	CDS	693				hypothetical protein
ANT_1_04068	gene	990				
ANT_1_04068	CDS	990				hypothetical protein
ANT_1_04069	gene	696				
ANT_1_04069	CDS	696				hypothetical protein
ANT_1_04070	gene	138				
ANT_1_04070	CDS	138				hypothetical protein
ANT_1_04071	gene	339				
ANT_1_04071	CDS	339				hypothetical protein
ANT_1_04072	gene	723				
ANT_1_04072	CDS	723				hypothetical protein
ANT_1_04073	gene	348				
ANT_1_04073	CDS	348				hypothetical protein
ANT_1_04074	gene	192				
ANT_1_04074	CDS	192				hypothetical protein
ANT_1_04075	gene	369				
ANT_1_04075	CDS	369				hypothetical protein
ANT_1_04076	gene	897				
ANT_1_04076	CDS	897				hypothetical protein
ANT_1_04077	gene	6414				
ANT_1_04077	CDS	6414				hypothetical protein
ANT_1_04078	gene	411				
ANT_1_04078	CDS	411				hypothetical protein
ANT_1_04079	gene	1905				
ANT_1_04079	CDS	1905				hypothetical protein
ANT_1_04080	gene	924				
ANT_1_04080	CDS	924			COG3039	IS5 family transposase IS903
ANT_1_04081	gene	279				
ANT_1_04081	CDS	279				hypothetical protein
ANT_1_04082	gene	510				
ANT_1_04082	CDS	510				hypothetical protein
ANT_1_04083	gene	744				
ANT_1_04083	CDS	744				hypothetical protein
ANT_1_04084	gene	201				
ANT_1_04084	CDS	201				hypothetical protein
ANT_1_04085	gene	225				
ANT_1_04085	CDS	225				hypothetical protein
ANT_1_04086	gene	279				
ANT_1_04086	CDS	279				hypothetical protein
ANT_1_04087	gene	1158	xerD_3			
ANT_1_04087	CDS	1158	xerD_3			Tyrosine recombinase XerD
ANT_1_04088	gene	1326	xerC_6			
ANT_1_04088	CDS	1326	xerC_6			Tyrosine recombinase XerC
ANT_1_04089	gene	450				
ANT_1_04089	CDS	450				hypothetical protein
ANT_1_04090	gene	231	ykgV			
ANT_1_04090	CDS	231	ykgV			Protein YkgV
ANT_1_04091	gene	1515				
ANT_1_04091	CDS	1515				hypothetical protein
ANT_1_04092	gene	699				
ANT_1_04092	CDS	699				hypothetical protein
ANT_1_04093	gene	1242				
ANT_1_04093	CDS	1242				hypothetical protein
ANT_1_04094	gene	162				
ANT_1_04094	CDS	162				hypothetical protein
ANT_1_04095	gene	1428				
ANT_1_04095	CDS	1428				hypothetical protein
ANT_1_04096	gene	924				
ANT_1_04096	CDS	924				hypothetical protein
ANT_1_04097	gene	1839				
ANT_1_04097	CDS	1839				hypothetical protein
ANT_1_04098	gene	495	era_2			
ANT_1_04098	CDS	495	era_2			GTPase Era
ANT_1_04099	gene	825				
ANT_1_04099	CDS	825				hypothetical protein
ANT_1_04100	gene	711				
ANT_1_04100	CDS	711				hypothetical protein
ANT_1_04101	gene	537				
ANT_1_04101	CDS	537				hypothetical protein
ANT_1_04102	gene	438				
ANT_1_04102	CDS	438				hypothetical protein
ANT_1_04103	gene	411				
ANT_1_04103	CDS	411				hypothetical protein
ANT_1_04104	gene	189				
ANT_1_04104	CDS	189				hypothetical protein
ANT_1_04105	gene	459	klcA_2			
ANT_1_04105	CDS	459	klcA_2			Antirestriction protein KlcA
ANT_1_04106	gene	483				
ANT_1_04106	CDS	483				hypothetical protein
ANT_1_04107	gene	222				
ANT_1_04107	CDS	222				hypothetical protein
ANT_1_04108	gene	351	cbeA			
ANT_1_04108	CDS	351	cbeA			Cytoskeleton bundling-enhancing antitoxin CbeA
ANT_1_04109	gene	342	ykfI			
ANT_1_04109	CDS	342	ykfI			Toxin YkfI
ANT_1_04110	gene	837				
ANT_1_04110	CDS	837				hypothetical protein
ANT_1_04111	gene	252				
ANT_1_04111	CDS	252				hypothetical protein
ANT_1_04112	gene	1305				
ANT_1_04112	CDS	1305				hypothetical protein
ANT_1_04113	gene	234				
ANT_1_04113	CDS	234				hypothetical protein
ANT_1_04114	gene	672				
ANT_1_04114	CDS	672				hypothetical protein
ANT_1_04115	gene	3147				
ANT_1_04115	CDS	3147				hypothetical protein
ANT_1_04116	gene	531				
ANT_1_04116	CDS	531				hypothetical protein
ANT_1_04117	gene	726				
ANT_1_04117	CDS	726				hypothetical protein
ANT_1_04118	gene	648				
ANT_1_04118	CDS	648				hypothetical protein
ANT_1_04119	gene	219				
ANT_1_04119	CDS	219				hypothetical protein
ANT_1_04120	gene	249				
ANT_1_04120	CDS	249				hypothetical protein
ANT_1_04121	gene	351				
ANT_1_04121	CDS	351				hypothetical protein
ANT_1_04122	gene	231				
ANT_1_04122	CDS	231				hypothetical protein
ANT_1_04123	gene	2631				
ANT_1_04123	CDS	2631				hypothetical protein
ANT_1_04124	gene	705				
ANT_1_04124	CDS	705				hypothetical protein
ANT_1_04125	gene	894				
ANT_1_04125	CDS	894				hypothetical protein
ANT_1_04126	gene	174				
ANT_1_04126	CDS	174				hypothetical protein
ANT_1_04127	gene	279				
ANT_1_04127	CDS	279				hypothetical protein
ANT_1_04128	gene	549				
ANT_1_04128	CDS	549				hypothetical protein
ANT_1_04129	gene	507				
ANT_1_04129	CDS	507				hypothetical protein
ANT_1_04130	gene	85				
ANT_1_04130	tRNA	85				tRNA-Leu(caa)
ANT_1_04131	gene	1254	intA_1			
ANT_1_04131	CDS	1254	intA_1		COG0582	Prophage integrase IntA
ANT_1_04132	gene	1095				
ANT_1_04132	CDS	1095				hypothetical protein
ANT_1_04133	gene	1221				
ANT_1_04133	CDS	1221				hypothetical protein
ANT_1_04134	gene	246				
ANT_1_04134	CDS	246				hypothetical protein
ANT_1_04135	gene	711				
ANT_1_04135	CDS	711				hypothetical protein
ANT_1_04136	gene	258				
ANT_1_04136	CDS	258				hypothetical protein
ANT_1_04137	gene	249				
ANT_1_04137	CDS	249				hypothetical protein
ANT_1_04138	gene	258				
ANT_1_04138	CDS	258				hypothetical protein
ANT_1_04139	gene	249				
ANT_1_04139	CDS	249				hypothetical protein
ANT_1_04140	gene	195				
ANT_1_04140	CDS	195				hypothetical protein
ANT_1_04141	gene	264				
ANT_1_04141	CDS	264				hypothetical protein
ANT_1_04142	gene	339				
ANT_1_04142	CDS	339				hypothetical protein
ANT_1_04143	gene	2322				
ANT_1_04143	CDS	2322				hypothetical protein
ANT_1_04144	gene	588				
ANT_1_04144	CDS	588				hypothetical protein
ANT_1_04145	gene	1185	intA_2			
ANT_1_04145	CDS	1185	intA_2		COG0582	Prophage integrase IntA
ANT_1_04146	gene	960				
ANT_1_04146	CDS	960				hypothetical protein
ANT_1_04147	gene	1590				
ANT_1_04147	CDS	1590				hypothetical protein
ANT_1_04148	gene	1077				
ANT_1_04148	CDS	1077				hypothetical protein
ANT_1_04149	gene	1635				
ANT_1_04149	CDS	1635				hypothetical protein
ANT_1_04150	gene	3414				
ANT_1_04150	CDS	3414				hypothetical protein
ANT_1_04151	gene	312				
ANT_1_04151	CDS	312				IS3 family transposase ISVch4
ANT_1_04152	gene	267				
ANT_1_04152	CDS	267				IS3 family transposase IS1400
ANT_1_04153	gene	222				
ANT_1_04153	CDS	222				IS3 family transposase IS1400
ANT_1_04154	gene	249				
ANT_1_04154	CDS	249				IS3 family transposase IS1400
ANT_1_04155	gene	663				
ANT_1_04155	CDS	663				hypothetical protein
ANT_1_04156	gene	918				
ANT_1_04156	CDS	918				hypothetical protein
ANT_1_04157	gene	774				
ANT_1_04157	CDS	774				hypothetical protein
ANT_1_04158	gene	342				
ANT_1_04158	CDS	342				hypothetical protein
ANT_1_04159	gene	258				
ANT_1_04159	CDS	258				hypothetical protein
ANT_1_04160	gene	447				
ANT_1_04160	CDS	447				hypothetical protein
ANT_1_04161	gene	378				
ANT_1_04161	CDS	378				hypothetical protein
ANT_1_04162	gene	486	hcpA_7			
ANT_1_04162	CDS	486	hcpA_7		COG3157	Major exported protein
ANT_1_04163	gene	333				
ANT_1_04163	CDS	333				hypothetical protein
ANT_1_04164	gene	552				
ANT_1_04164	CDS	552				hypothetical protein
ANT_1_04165	gene	915	mrr			
ANT_1_04165	CDS	915	mrr		COG1715	Mrr restriction system protein
ANT_1_04166	gene	1272				
ANT_1_04166	CDS	1272				hypothetical protein
ANT_1_04167	gene	516				
ANT_1_04167	CDS	516				hypothetical protein
ANT_1_04168	gene	85				
ANT_1_04168	tRNA	85				tRNA-Leu(caa)
ANT_1_04169	gene	357				
ANT_1_04169	CDS	357				hypothetical protein
ANT_1_04170	gene	459				
ANT_1_04170	CDS	459				hypothetical protein
ANT_1_04171	gene	330				
ANT_1_04171	CDS	330				hypothetical protein
ANT_1_04172	gene	954				
ANT_1_04172	CDS	954				hypothetical protein
ANT_1_04173	gene	501				
ANT_1_04173	CDS	501				hypothetical protein
ANT_1_04174	gene	1143				
ANT_1_04174	CDS	1143				hypothetical protein
ANT_1_04175	gene	459				
ANT_1_04175	CDS	459				hypothetical protein
ANT_1_04176	gene	525	gltC_3			
ANT_1_04176	CDS	525	gltC_3			HTH-type transcriptional regulator GltC
ANT_1_04177	gene	273				
ANT_1_04177	CDS	273				hypothetical protein
ANT_1_04178	gene	966	moeZ			
ANT_1_04178	CDS	966	moeZ		COG0476	putative adenylyltransferase/sulfurtransferase MoeZ
ANT_1_04179	gene	771	thiG			
ANT_1_04179	CDS	771	thiG	2.8.1.10	COG2022	Thiazole synthase
ANT_1_04180	gene	198				
ANT_1_04180	CDS	198				hypothetical protein
ANT_1_04181	gene	933	mnmC_1			
ANT_1_04181	CDS	933	mnmC_1	2.1.1.61		tRNA 5-methylaminomethyl-2-thiouridine biosynthesis bifunctional protein MnmC
ANT_1_04182	gene	2040	betT			
ANT_1_04182	CDS	2040	betT		COG1292	High-affinity choline transport protein
ANT_1_04183	gene	987	pcpR_3			
ANT_1_04183	CDS	987	pcpR_3			PCP degradation transcriptional activation protein
ANT_1_04184	gene	954				
ANT_1_04184	CDS	954				hypothetical protein
ANT_1_04185	gene	879	ampR			
ANT_1_04185	CDS	879	ampR			HTH-type transcriptional activator AmpR
ANT_1_04186	gene	1002	ampC			
ANT_1_04186	CDS	1002	ampC	3.5.2.6	COG1680	Beta-lactamase
ANT_1_04187	gene	567				
ANT_1_04187	CDS	567				hypothetical protein
ANT_1_04188	gene	567	satP			
ANT_1_04188	CDS	567	satP		COG1584	Succinate-acetate/proton symporter SatP
ANT_1_04189	gene	1161	ybjJ_1			
ANT_1_04189	CDS	1161	ybjJ_1			Inner membrane protein YbjJ
ANT_1_04190	gene	999				
ANT_1_04190	CDS	999				hypothetical protein
ANT_1_04191	gene	168				
ANT_1_04191	CDS	168				hypothetical protein
ANT_1_04192	gene	876	pgrR_9			
ANT_1_04192	CDS	876	pgrR_9			HTH-type transcriptional regulator PgrR
ANT_1_04193	gene	1182	nepI_5			
ANT_1_04193	CDS	1182	nepI_5		COG2814	Purine ribonucleoside efflux pump NepI
ANT_1_04194	gene	651				
ANT_1_04194	CDS	651			COG1357	Pentapeptide repeat protein
ANT_1_04195	gene	1107				
ANT_1_04195	CDS	1107				hypothetical protein
ANT_1_04196	gene	405	hns_2			
ANT_1_04196	CDS	405	hns_2			DNA-binding protein H-NS
ANT_1_04197	gene	1362				
ANT_1_04197	CDS	1362		4.1.1.105	COG0076	Tryptophan decarboxylase
ANT_1_04198	gene	1194				
ANT_1_04198	CDS	1194				putative transporter
ANT_1_04199	gene	447				
ANT_1_04199	CDS	447			COG1733	putative HTH-type transcriptional regulator
ANT_1_04200	gene	780	map_2			
ANT_1_04200	CDS	780	map_2	3.4.11.18	COG0024	Methionine aminopeptidase
ANT_1_04201	gene	240				
ANT_1_04201	CDS	240				hypothetical protein
ANT_1_04202	gene	378				
ANT_1_04202	CDS	378				hypothetical protein
ANT_1_04203	gene	345				
ANT_1_04203	CDS	345				hypothetical protein
ANT_1_04204	gene	993	thadh			
ANT_1_04204	CDS	993	thadh	4.3.1.16		L-threo-3-hydroxyaspartate ammonia-lyase
ANT_1_04205	gene	702				
ANT_1_04205	CDS	702				hypothetical protein
ANT_1_04206	gene	1377	stp_2			
ANT_1_04206	CDS	1377	stp_2			Multidrug resistance protein Stp
ANT_1_04207	gene	8583	ndvB			
ANT_1_04207	CDS	8583	ndvB	2.4.1.-	COG3459	Cyclic beta-(1,2)-glucan synthase NdvB
ANT_1_04208	gene	273				
ANT_1_04208	CDS	273				hypothetical protein
ANT_1_04209	gene	99				
ANT_1_04209	CDS	99				hypothetical protein
ANT_1_04210	gene	708				
ANT_1_04210	CDS	708				hypothetical protein
ANT_1_04211	gene	2673				
ANT_1_04211	CDS	2673				hypothetical protein
ANT_1_04212	gene	1692	hscC			
ANT_1_04212	CDS	1692	hscC		COG0443	Chaperone protein HscC
ANT_1_04213	gene	1197	yciC			
ANT_1_04213	CDS	1197	yciC		COG0523	Putative metal chaperone YciC
ANT_1_04214	gene	1245				
ANT_1_04214	CDS	1245				hypothetical protein
ANT_1_04215	gene	1065				
ANT_1_04215	CDS	1065				hypothetical protein
ANT_1_04216	gene	1101	hcxA			
ANT_1_04216	CDS	1101	hcxA	1.1.1.-	COG0371	Hydroxycarboxylate dehydrogenase A
ANT_1_04217	gene	978				
ANT_1_04217	CDS	978				hypothetical protein
ANT_1_04218	gene	213				
ANT_1_04218	CDS	213				hypothetical protein
ANT_1_04219	gene	627	bchL			
ANT_1_04219	CDS	627	bchL	1.3.7.7		Light-independent protochlorophyllide reductase iron-sulfur ATP-binding protein
ANT_1_04220	gene	900	dmlR_14			
ANT_1_04220	CDS	900	dmlR_14			HTH-type transcriptional regulator DmlR
ANT_1_04221	gene	1371	stp_3			
ANT_1_04221	CDS	1371	stp_3			Multidrug resistance protein Stp
ANT_1_04222	gene	537	msrA			
ANT_1_04222	CDS	537	msrA	1.8.4.11	COG0225	Peptide methionine sulfoxide reductase MsrA
ANT_1_04223	gene	1323	prpD			
ANT_1_04223	CDS	1323	prpD	4.2.1.79	COG2079	2-methylcitrate dehydratase
ANT_1_04224	gene	1350	ntaA			
ANT_1_04224	CDS	1350	ntaA	1.14.14.10		Nitrilotriacetate monooxygenase component A
ANT_1_04225	gene	897	mltF_2			
ANT_1_04225	CDS	897	mltF_2	4.2.2.-		Membrane-bound lytic murein transglycosylase F
ANT_1_04226	gene	903				
ANT_1_04226	CDS	903				hypothetical protein
ANT_1_04227	gene	762	glnQ_7			
ANT_1_04227	CDS	762	glnQ_7			Glutamine transport ATP-binding protein GlnQ
ANT_1_04228	gene	660				
ANT_1_04228	CDS	660				hypothetical protein
ANT_1_04229	gene	1026	metN_4			
ANT_1_04229	CDS	1026	metN_4	3.6.3.-	COG1135	Methionine import ATP-binding protein MetN
ANT_1_04230	gene	669	metP			
ANT_1_04230	CDS	669	metP		COG2011	Methionine import system permease protein MetP
ANT_1_04231	gene	813	metQ_4			
ANT_1_04231	CDS	813	metQ_4		COG1464	Methionine-binding lipoprotein MetQ
ANT_1_04232	gene	732	yxeO			
ANT_1_04232	CDS	732	yxeO	3.6.3.-	COG1126	putative amino-acid import ATP-binding protein YxeO
ANT_1_04233	gene	669	yxeN_3			
ANT_1_04233	CDS	669	yxeN_3			putative amino-acid permease protein YxeN
ANT_1_04234	gene	801	yxeM			
ANT_1_04234	CDS	801	yxeM		COG0834	putative amino-acid-binding protein YxeM
ANT_1_04235	gene	642	comR_3			
ANT_1_04235	CDS	642	comR_3			HTH-type transcriptional repressor ComR
ANT_1_04236	gene	258	bhsA			
ANT_1_04236	CDS	258	bhsA			Multiple stress resistance protein BhsA
ANT_1_04237	gene	258				
ANT_1_04237	CDS	258				hypothetical protein
ANT_1_04238	gene	234				
ANT_1_04238	CDS	234				hypothetical protein
ANT_1_04239	gene	1485	feaB			
ANT_1_04239	CDS	1485	feaB	1.2.1.39	COG1012	Phenylacetaldehyde dehydrogenase
ANT_1_04240	gene	756				
ANT_1_04240	CDS	756				hypothetical protein
ANT_1_04241	gene	861	gltR_2			
ANT_1_04241	CDS	861	gltR_2		COG0583	HTH-type transcriptional regulator GltR
ANT_1_04242	gene	1386	sad_2			
ANT_1_04242	CDS	1386	sad_2	1.2.1.16	COG1012	Succinate semialdehyde dehydrogenase [NAD(P)+] Sad
ANT_1_04243	gene	1779				
ANT_1_04243	CDS	1779				hypothetical protein
ANT_1_04244	gene	801	gdh			
ANT_1_04244	CDS	801	gdh	1.1.1.47	COG1028	Glucose 1-dehydrogenase
ANT_1_04245	gene	1617				
ANT_1_04245	CDS	1617				hypothetical protein
ANT_1_04246	gene	519				
ANT_1_04246	CDS	519				hypothetical protein
ANT_1_04247	gene	624				
ANT_1_04247	CDS	624				hypothetical protein
ANT_1_04248	gene	321				
ANT_1_04248	CDS	321				hypothetical protein
ANT_1_04249	gene	1266				
ANT_1_04249	CDS	1266				hypothetical protein
ANT_1_04250	gene	564	bcpB			
ANT_1_04250	CDS	564	bcpB	1.11.1.15	COG1225	Putative peroxiredoxin
ANT_1_04251	gene	1239	dsbD_3			
ANT_1_04251	CDS	1239	dsbD_3	1.8.1.8	COG4232	Thiol:disulfide interchange protein DsbD
ANT_1_04252	gene	555	sigF			
ANT_1_04252	CDS	555	sigF		COG1595	ECF RNA polymerase sigma factor SigF
ANT_1_04253	gene	633				
ANT_1_04253	CDS	633				hypothetical protein
ANT_1_04254	gene	3105	mexB_2			
ANT_1_04254	CDS	3105	mexB_2		COG0841	Multidrug resistance protein MexB
ANT_1_04255	gene	417	araB_3			
ANT_1_04255	CDS	417	araB_3	3.1.1.15		L-arabinolactonase
ANT_1_04256	gene	1452	ceaC			
ANT_1_04256	CDS	1452	ceaC	3.1.-.-		Colicin-E3
ANT_1_04257	gene	255	cim			
ANT_1_04257	CDS	255	cim			Cloacin immunity protein
ANT_1_04258	gene	984				
ANT_1_04258	CDS	984				hypothetical protein
ANT_1_04259	gene	1416	cysG_2			
ANT_1_04259	CDS	1416	cysG_2		COG0007	Siroheme synthase
ANT_1_04260	gene	909	cysD			
ANT_1_04260	CDS	909	cysD	2.7.7.4	COG0175	Sulfate adenylyltransferase subunit 2
ANT_1_04261	gene	1428	cysN			
ANT_1_04261	CDS	1428	cysN	2.7.7.4	COG2895	Sulfate adenylyltransferase subunit 1
ANT_1_04262	gene	606	cysC			
ANT_1_04262	CDS	606	cysC	2.7.1.25	COG0529	Adenylyl-sulfate kinase
ANT_1_04263	gene	321	ygbE			
ANT_1_04263	CDS	321	ygbE			Inner membrane protein YgbE
ANT_1_04264	gene	312	ftsB			
ANT_1_04264	CDS	312	ftsB		COG2919	Cell division protein FtsB
ANT_1_04265	gene	708	ispD			
ANT_1_04265	CDS	708	ispD	2.7.7.60	COG1211	2-C-methyl-D-erythritol 4-phosphate cytidylyltransferase
ANT_1_04266	gene	474	ispF			
ANT_1_04266	CDS	474	ispF	4.6.1.12	COG0245	2-C-methyl-D-erythritol 2,4-cyclodiphosphate synthase
ANT_1_04267	gene	1050	truD			
ANT_1_04267	CDS	1050	truD	5.4.99.27	COG0585	tRNA pseudouridine synthase D
ANT_1_04268	gene	1020	fabH_1			
ANT_1_04268	CDS	1020	fabH_1	2.3.1.180	COG0332	3-oxoacyl-[acyl-carrier-protein] synthase 3
ANT_1_04269	gene	1017	oleD_2			
ANT_1_04269	CDS	1017	oleD_2	1.1.1.412	COG0451	2-alkyl-3-oxoalkanoate reductase
ANT_1_04270	gene	807				
ANT_1_04270	CDS	807				hypothetical protein
ANT_1_04271	gene	1290				
ANT_1_04271	CDS	1290				hypothetical protein
ANT_1_04272	gene	612				
ANT_1_04272	CDS	612				hypothetical protein
ANT_1_04273	gene	1122				
ANT_1_04273	CDS	1122				hypothetical protein
ANT_1_04274	gene	1101				
ANT_1_04274	CDS	1101				hypothetical protein
ANT_1_04275	gene	1089				
ANT_1_04275	CDS	1089				hypothetical protein
ANT_1_04276	gene	414	flgB			
ANT_1_04276	CDS	414	flgB		COG1815	Flagellar basal body rod protein FlgB
ANT_1_04277	gene	669	flgA			
ANT_1_04277	CDS	669	flgA		COG1261	Flagella basal body P-ring formation protein FlgA
ANT_1_04278	gene	303	flgM			
ANT_1_04278	CDS	303	flgM		COG2747	Negative regulator of flagellin synthesis
ANT_1_04279	gene	432	flgN			
ANT_1_04279	CDS	432	flgN		COG3418	Flagella synthesis protein FlgN
ANT_1_04280	gene	1539	murJ			
ANT_1_04280	CDS	1539	murJ		COG0728	putative lipid II flippase MurJ
ANT_1_04281	gene	924	yceM			
ANT_1_04281	CDS	924	yceM	1.-.-.-	COG0673	Putative oxidoreductase YceM
ANT_1_04282	gene	654				
ANT_1_04282	CDS	654				hypothetical protein
ANT_1_04283	gene	594	rimJ			
ANT_1_04283	CDS	594	rimJ	2.3.1.267	COG1670	[Ribosomal protein S5]-alanine N-acetyltransferase
ANT_1_04284	gene	648	grxB			
ANT_1_04284	CDS	648	grxB		COG2999	Glutaredoxin 2
ANT_1_04285	gene	564	yceB			
ANT_1_04285	CDS	564	yceB			putative lipoprotein YceB
ANT_1_04286	gene	1053	pyrC			
ANT_1_04286	CDS	1053	pyrC	3.5.2.3	COG0418	Dihydroorotase
ANT_1_04287	gene	243	dinI			
ANT_1_04287	CDS	243	dinI			DNA damage-inducible protein I
ANT_1_04288	gene	288				
ANT_1_04288	CDS	288				hypothetical protein
ANT_1_04289	gene	255	bssS			
ANT_1_04289	CDS	255	bssS			Biofilm regulator BssS
ANT_1_04290	gene	1116	solA			
ANT_1_04290	CDS	1116	solA	1.5.3.-	COG0665	N-methyl-L-tryptophan oxidase
ANT_1_04291	gene	1479	proP_6			
ANT_1_04291	CDS	1479	proP_6			Proline/betaine transporter
ANT_1_04292	gene	555	yceJ			
ANT_1_04292	CDS	555	yceJ		COG3038	Cytochrome b561 
ANT_1_04293	gene	576	yceI_2			
ANT_1_04293	CDS	576	yceI_2		COG2353	Protein YceI
ANT_1_04294	gene	1053				
ANT_1_04294	CDS	1053				hypothetical protein
ANT_1_04295	gene	921	lpxL			
ANT_1_04295	CDS	921	lpxL	2.3.1.241	COG1560	Lipid A biosynthesis lauroyltransferase
ANT_1_04296	gene	1236	sbnD_2			
ANT_1_04296	CDS	1236	sbnD_2			Staphyloferrin B transporter
ANT_1_04297	gene	750	glpR_5			
ANT_1_04297	CDS	750	glpR_5		COG1349	Glycerol-3-phosphate regulon repressor
ANT_1_04298	gene	597	nudK_2			
ANT_1_04298	CDS	597	nudK_2	3.6.1.-		GDP-mannose pyrophosphatase NudK
ANT_1_04299	gene	363				
ANT_1_04299	CDS	363				hypothetical protein
ANT_1_04300	gene	399				
ANT_1_04300	CDS	399				hypothetical protein
ANT_1_04301	gene	297				
ANT_1_04301	CDS	297				hypothetical protein
ANT_1_04302	gene	2559	mdoH			
ANT_1_04302	CDS	2559	mdoH	2.4.1.-	COG2943	Glucans biosynthesis glucosyltransferase H
ANT_1_04303	gene	1554	mdoG			
ANT_1_04303	CDS	1554	mdoG		COG3131	Glucans biosynthesis protein G
ANT_1_04304	gene	1128	mdoC			
ANT_1_04304	CDS	1128	mdoC	2.1.-.-		Glucans biosynthesis protein C
ANT_1_04305	gene	1470	clsC			
ANT_1_04305	CDS	1470	clsC	2.7.8.-	COG1502	Cardiolipin synthase C
ANT_1_04306	gene	1170				
ANT_1_04306	CDS	1170				hypothetical protein
ANT_1_04307	gene	1227	fabF_2			
ANT_1_04307	CDS	1227	fabF_2	2.3.1.179	COG0304	3-oxoacyl-[acyl-carrier-protein] synthase 2
ANT_1_04308	gene	732	fabG_7			
ANT_1_04308	CDS	732	fabG_7	1.1.1.100		3-oxoacyl-[acyl-carrier-protein] reductase FabG
ANT_1_04309	gene	477				
ANT_1_04309	CDS	477				hypothetical protein
ANT_1_04310	gene	1152				
ANT_1_04310	CDS	1152				hypothetical protein
ANT_1_04311	gene	567				
ANT_1_04311	CDS	567				hypothetical protein
ANT_1_04312	gene	2319				
ANT_1_04312	CDS	2319				hypothetical protein
ANT_1_04313	gene	606	lolA_2			
ANT_1_04313	CDS	606	lolA_2			Outer-membrane lipoprotein carrier protein
ANT_1_04314	gene	423				
ANT_1_04314	CDS	423				hypothetical protein
ANT_1_04315	gene	1713				
ANT_1_04315	CDS	1713				hypothetical protein
ANT_1_04316	gene	345				
ANT_1_04316	CDS	345				hypothetical protein
ANT_1_04317	gene	1332				
ANT_1_04317	CDS	1332				hypothetical protein
ANT_1_04318	gene	552				
ANT_1_04318	CDS	552				hypothetical protein
ANT_1_04319	gene	249	acpP_3			
ANT_1_04319	CDS	249	acpP_3			Acyl carrier protein
ANT_1_04320	gene	270				
ANT_1_04320	CDS	270				hypothetical protein
ANT_1_04321	gene	789				
ANT_1_04321	CDS	789				hypothetical protein
ANT_1_04322	gene	729				
ANT_1_04322	CDS	729				hypothetical protein
ANT_1_04323	gene	1380	oprM_3			
ANT_1_04323	CDS	1380	oprM_3		COG1538	Outer membrane protein OprM
ANT_1_04324	gene	1092	emrA_4			
ANT_1_04324	CDS	1092	emrA_4			Colistin resistance protein EmrA
ANT_1_04325	gene	1692				
ANT_1_04325	CDS	1692				hypothetical protein
ANT_1_04326	gene	432	slyA_2			
ANT_1_04326	CDS	432	slyA_2		COG1846	Transcriptional regulator SlyA
ANT_1_04327	gene	510				
ANT_1_04327	CDS	510				hypothetical protein
ANT_1_04328	gene	642				
ANT_1_04328	CDS	642				hypothetical protein
ANT_1_04329	gene	1794				
ANT_1_04329	CDS	1794				hypothetical protein
ANT_1_04330	gene	1272				
ANT_1_04330	CDS	1272				hypothetical protein
ANT_1_04331	gene	948	ftsH_2			
ANT_1_04331	CDS	948	ftsH_2	3.4.24.-		ATP-dependent zinc metalloprotease FtsH
ANT_1_04332	gene	120				
ANT_1_04332	CDS	120				hypothetical protein
ANT_1_04333	gene	351	higB2			
ANT_1_04333	CDS	351	higB2		COG4683	Putative toxin HigB2
ANT_1_04334	gene	300				
ANT_1_04334	CDS	300				hypothetical protein
ANT_1_04335	gene	537	smf-1_1			
ANT_1_04335	CDS	537	smf-1_1		COG3539	Major fimbrial subunit SMF-1
ANT_1_04336	gene	696	yadV_2			
ANT_1_04336	CDS	696	yadV_2			putative fimbrial chaperone YadV
ANT_1_04337	gene	2616	htrE_1			
ANT_1_04337	CDS	2616	htrE_1		COG3188	Outer membrane usher protein HtrE
ANT_1_04338	gene	1143				
ANT_1_04338	CDS	1143				hypothetical protein
ANT_1_04339	gene	246	gor			
ANT_1_04339	CDS	246	gor	1.8.1.7	COG1249	Glutathione reductase
ANT_1_04340	gene	77				
ANT_1_04340	tRNA	77				tRNA-Asp(gtc)
ANT_1_04341	gene	76				
ANT_1_04341	tRNA	76				tRNA-Trp(cca)
ANT_1_04342	gene	828	hdfR_2			
ANT_1_04342	CDS	828	hdfR_2			HTH-type transcriptional regulator HdfR
ANT_1_04343	gene	339				
ANT_1_04343	CDS	339				hypothetical protein
ANT_1_04344	gene	1521	comM			
ANT_1_04344	CDS	1521	comM		COG0606	Competence protein ComM
ANT_1_04345	gene	1647	ilvG			
ANT_1_04345	CDS	1647	ilvG	2.2.1.6		Acetolactate synthase isozyme 2 large subunit
ANT_1_04346	gene	258	ilvM			
ANT_1_04346	CDS	258	ilvM	2.2.1.6	COG3978	Acetolactate synthase isozyme 2 small subunit
ANT_1_04347	gene	927	ilvE			
ANT_1_04347	CDS	927	ilvE	2.6.1.42	COG0115	Branched-chain-amino-acid aminotransferase
ANT_1_04348	gene	1851	ilvD			
ANT_1_04348	CDS	1851	ilvD	4.2.1.9	COG0129	Dihydroxy-acid dehydratase
ANT_1_04349	gene	1545	ilvA			
ANT_1_04349	CDS	1545	ilvA	4.3.1.19	COG1171	L-threonine dehydratase biosynthetic IlvA
ANT_1_04350	gene	882	gltC_4			
ANT_1_04350	CDS	882	gltC_4			HTH-type transcriptional regulator GltC
ANT_1_04351	gene	1479	ilvC			
ANT_1_04351	CDS	1479	ilvC	1.1.1.86	COG0059	Ketol-acid reductoisomerase (NADP(+))
ANT_1_04352	gene	282	ppiC			
ANT_1_04352	CDS	282	ppiC	5.2.1.8	COG0760	Peptidyl-prolyl cis-trans isomerase C
ANT_1_04353	gene	2019	rep			
ANT_1_04353	CDS	2019	rep	3.6.4.12	COG0210	ATP-dependent DNA helicase Rep
ANT_1_04354	gene	1485	gppA			
ANT_1_04354	CDS	1485	gppA	3.6.1.40	COG0248	Guanosine-5'-triphosphate,3'-diphosphate pyrophosphatase
ANT_1_04355	gene	1293	rhlB			
ANT_1_04355	CDS	1293	rhlB	3.6.4.13	COG0513	ATP-dependent RNA helicase RhlB
ANT_1_04356	gene	330	trxA			
ANT_1_04356	CDS	330	trxA		COG0526	Thioredoxin 1
ANT_1_04357	gene	1260	rho			
ANT_1_04357	CDS	1260	rho	3.6.4.-	COG1158	Transcription termination factor Rho
ANT_1_04358	gene	1104	wecA_2			
ANT_1_04358	CDS	1104	wecA_2	2.7.8.33	COG0472	Undecaprenyl-phosphate alpha-N-acetylglucosaminyl 1-phosphate transferase
ANT_1_04359	gene	1029	wzzE			
ANT_1_04359	CDS	1029	wzzE		COG3765	ECA polysaccharide chain length modulation protein
ANT_1_04360	gene	1131	wecB			
ANT_1_04360	CDS	1131	wecB	5.1.3.14	COG0381	UDP-N-acetylglucosamine 2-epimerase
ANT_1_04361	gene	1263	wecC			
ANT_1_04361	CDS	1263	wecC	1.1.1.336	COG0677	UDP-N-acetyl-D-mannosamine dehydrogenase
ANT_1_04362	gene	696	wecD			
ANT_1_04362	CDS	696	wecD	2.3.1.210	COG0454	dTDP-fucosamine acetyltransferase
ANT_1_04363	gene	1131	wecE			
ANT_1_04363	CDS	1131	wecE	2.6.1.59	COG0399	dTDP-4-amino-4,6-dideoxygalactose transaminase
ANT_1_04364	gene	1251	wzxE			
ANT_1_04364	CDS	1251	wzxE		COG2244	Lipid III flippase
ANT_1_04365	gene	1077	wecF			
ANT_1_04365	CDS	1077	wecF	2.4.1.325		TDP-N-acetylfucosamine:lipid II N-acetylfucosaminyltransferase
ANT_1_04366	gene	1353	wzyE			
ANT_1_04366	CDS	1353	wzyE			putative ECA polymerase
ANT_1_04367	gene	741	wecG			
ANT_1_04367	CDS	741	wecG	2.4.1.180	COG1922	UDP-N-acetyl-D-mannosaminuronic acid transferase
ANT_1_04368	gene	77				
ANT_1_04368	tRNA	77				tRNA-Arg(ccg)
ANT_1_04369	gene	76				
ANT_1_04369	tRNA	76				tRNA-His(gtg)
ANT_1_04370	gene	87				
ANT_1_04370	tRNA	87				tRNA-Leu(cag)
ANT_1_04371	gene	77				
ANT_1_04371	tRNA	77				tRNA-Pro(tgg)
ANT_1_04372	gene	77				
ANT_1_04372	tRNA	77				tRNA-Pro(tgg)
ANT_1_04373	gene	576	kefF_2			
ANT_1_04373	CDS	576	kefF_2	1.6.5.2		Glutathione-regulated potassium-efflux system ancillary protein KefF
ANT_1_04374	gene	612				
ANT_1_04374	CDS	612				hypothetical protein
ANT_1_04375	gene	1191	hemY			
ANT_1_04375	CDS	1191	hemY		COG3071	Protein HemY
ANT_1_04376	gene	1140	hemX			
ANT_1_04376	CDS	1140	hemX		COG2959	Protein HemX
ANT_1_04377	gene	738	hemD			
ANT_1_04377	CDS	738	hemD	4.2.1.75	COG1587	Uroporphyrinogen-III synthase
ANT_1_04378	gene	942	hemC			
ANT_1_04378	CDS	942	hemC	2.5.1.61	COG0181	Porphobilinogen deaminase
ANT_1_04379	gene	264				
ANT_1_04379	CDS	264				hypothetical protein
ANT_1_04380	gene	387				
ANT_1_04380	CDS	387				hypothetical protein
ANT_1_04381	gene	420				
ANT_1_04381	CDS	420				hypothetical protein
ANT_1_04382	gene	633				
ANT_1_04382	CDS	633				hypothetical protein
ANT_1_04383	gene	252				
ANT_1_04383	CDS	252				hypothetical protein
ANT_1_04384	gene	1743	fliF			
ANT_1_04384	CDS	1743	fliF		COG1766	Flagellar M-ring protein
ANT_1_04385	gene	993	fliG			
ANT_1_04385	CDS	993	fliG		COG1536	Flagellar motor switch protein FliG
ANT_1_04386	gene	690	fliH			
ANT_1_04386	CDS	690	fliH		COG1317	Flagellar assembly protein FliH
ANT_1_04387	gene	1362	fliI			
ANT_1_04387	CDS	1362	fliI	7.1.2.2	COG1157	Flagellum-specific ATP synthase
ANT_1_04388	gene	447	fliJ			
ANT_1_04388	CDS	447	fliJ		COG2882	Flagellar FliJ protein
ANT_1_04389	gene	1311	fliK			
ANT_1_04389	CDS	1311	fliK		COG3144	Flagellar hook-length control protein
ANT_1_04390	gene	483				
ANT_1_04390	CDS	483				hypothetical protein
ANT_1_04391	gene	1008	fliM			
ANT_1_04391	CDS	1008	fliM		COG1868	Flagellar motor switch protein FliM
ANT_1_04392	gene	402	fliN			
ANT_1_04392	CDS	402	fliN		COG1886	Flagellar motor switch protein FliN
ANT_1_04393	gene	390	fliO			
ANT_1_04393	CDS	390	fliO		COG3190	Flagellar protein FliO
ANT_1_04394	gene	738	fliP			
ANT_1_04394	CDS	738	fliP		COG1338	Flagellar biosynthetic protein FliP
ANT_1_04395	gene	270	fliQ			
ANT_1_04395	CDS	270	fliQ		COG1987	Flagellar biosynthetic protein FliQ
ANT_1_04396	gene	786	fliR			
ANT_1_04396	CDS	786	fliR		COG1684	Flagellar biosynthetic protein FliR
ANT_1_04397	gene	636	rcsA			
ANT_1_04397	CDS	636	rcsA		COG2771	Transcriptional regulatory protein RcsA
ANT_1_04398	gene	1710	trg_3			
ANT_1_04398	CDS	1710	trg_3		COG0840	Methyl-accepting chemotaxis protein III
ANT_1_04399	gene	189	dsrB			
ANT_1_04399	CDS	189	dsrB			Protein DsrB
ANT_1_04400	gene	159				
ANT_1_04400	CDS	159				hypothetical protein
ANT_1_04401	gene	801	yedP			
ANT_1_04401	CDS	801	yedP	3.1.3.70	COG3769	Mannosyl-3-phosphoglycerate phosphatase
ANT_1_04402	gene	1221	gpgS			
ANT_1_04402	CDS	1221	gpgS	2.4.1.266	COG0463	Glucosyl-3-phosphoglycerate synthase
ANT_1_04403	gene	3447	mfd			
ANT_1_04403	CDS	3447	mfd	3.6.4.-	COG1197	Transcription-repair-coupling factor
ANT_1_04404	gene	807	fepC_3			
ANT_1_04404	CDS	807	fepC_3		COG1120	Ferric enterobactin transport ATP-binding protein FepC
ANT_1_04405	gene	1035	fepG			
ANT_1_04405	CDS	1035	fepG		COG4779	Ferric enterobactin transport system permease protein FepG
ANT_1_04406	gene	1026	fepD			
ANT_1_04406	CDS	1026	fepD		COG0609	Ferric enterobactin transport system permease protein FepD
ANT_1_04407	gene	1272	entS_3			
ANT_1_04407	CDS	1272	entS_3		COG0477	Enterobactin exporter EntS
ANT_1_04408	gene	1059	fepB			
ANT_1_04408	CDS	1059	fepB		COG4592	Ferrienterobactin-binding periplasmic protein
ANT_1_04409	gene	1122	iolG_5			
ANT_1_04409	CDS	1122	iolG_5	1.1.1.369		Inositol 2-dehydrogenase/D-chiro-inositol 3-dehydrogenase
ANT_1_04410	gene	76				
ANT_1_04410	tRNA	76				tRNA-Asn(gtt)
ANT_1_04411	gene	327				
ANT_1_04411	CDS	327				hypothetical protein
ANT_1_04412	gene	1296	kgtP_2			
ANT_1_04412	CDS	1296	kgtP_2			Alpha-ketoglutarate permease
ANT_1_04413	gene	807	ais			
ANT_1_04413	CDS	807	ais	5.3.3.7		Aconitate isomerase
ANT_1_04414	gene	900	cynR_4			
ANT_1_04414	CDS	900	cynR_4			HTH-type transcriptional regulator CynR
ANT_1_04415	gene	468				
ANT_1_04415	CDS	468				hypothetical protein
ANT_1_04416	gene	1485	gabR_2			
ANT_1_04416	CDS	1485	gabR_2		COG1167	HTH-type transcriptional regulatory protein GabR
ANT_1_04417	gene	999	yajO_3			
ANT_1_04417	CDS	999	yajO_3	1.1.-.-	COG0667	1-deoxyxylulose-5-phosphate synthase YajO
ANT_1_04418	gene	1020				
ANT_1_04418	CDS	1020				Zinc-type alcohol dehydrogenase-like protein
ANT_1_04419	gene	834				
ANT_1_04419	CDS	834				hypothetical protein
ANT_1_04420	gene	798	hcaB			
ANT_1_04420	CDS	798	hcaB	1.3.1.87		3-phenylpropionate-dihydrodiol/cinnamic acid-dihydrodiol dehydrogenase
ANT_1_04421	gene	561				
ANT_1_04421	CDS	561				hypothetical protein
ANT_1_04422	gene	990	ramA_2			
ANT_1_04422	CDS	990	ramA_2	3.5.1.100		(R)-stereoselective amidase
ANT_1_04423	gene	873	cynR_5			
ANT_1_04423	CDS	873	cynR_5			HTH-type transcriptional regulator CynR
ANT_1_04424	gene	1014	adhT_2			
ANT_1_04424	CDS	1014	adhT_2	1.1.1.1		Alcohol dehydrogenase
ANT_1_04425	gene	1035	cytR_2			
ANT_1_04425	CDS	1035	cytR_2		COG1609	HTH-type transcriptional repressor CytR
ANT_1_04426	gene	1029				
ANT_1_04426	CDS	1029			COG1840	putative protein
ANT_1_04427	gene	2232				
ANT_1_04427	CDS	2232				hypothetical protein
ANT_1_04428	gene	1083	potA_3			
ANT_1_04428	CDS	1083	potA_3	7.6.2.11	COG3842	Spermidine/putrescine import ATP-binding protein PotA
ANT_1_04429	gene	789	suhB_2			
ANT_1_04429	CDS	789	suhB_2	3.1.3.25	COG0483	Inositol-1-monophosphatase
ANT_1_04430	gene	312				
ANT_1_04430	CDS	312				hypothetical protein
ANT_1_04431	gene	393				
ANT_1_04431	CDS	393				hypothetical protein
ANT_1_04432	gene	702				
ANT_1_04432	CDS	702				hypothetical protein
ANT_1_04433	gene	1443	pykA_2			
ANT_1_04433	CDS	1443	pykA_2	2.7.1.40	COG0469	Pyruvate kinase II
ANT_1_04434	gene	2364	gcd_2			
ANT_1_04434	CDS	2364	gcd_2	1.1.5.2	COG4993	Quinoprotein glucose dehydrogenase
ANT_1_04435	gene	297				
ANT_1_04435	CDS	297				hypothetical protein
ANT_1_04436	gene	600				
ANT_1_04436	CDS	600				hypothetical protein
ANT_1_04437	gene	1260	ulaA_2			
ANT_1_04437	CDS	1260	ulaA_2		COG3037	Ascorbate-specific PTS system EIIC component
ANT_1_04438	gene	288	ulaB			
ANT_1_04438	CDS	288	ulaB	2.7.1.194		Ascorbate-specific PTS system EIIB component
ANT_1_04439	gene	444	cmtB			
ANT_1_04439	CDS	444	cmtB		COG1762	Mannitol-specific cryptic phosphotransferase enzyme IIA component
ANT_1_04440	gene	1191	gntR_4			
ANT_1_04440	CDS	1191	gntR_4			HTH-type transcriptional regulator GntR
ANT_1_04441	gene	1458	amn			
ANT_1_04441	CDS	1458	amn	3.2.2.4	COG0775	AMP nucleosidase
ANT_1_04442	gene	1056	gutB			
ANT_1_04442	CDS	1056	gutB	1.1.1.-	COG1063	Sorbitol dehydrogenase
ANT_1_04443	gene	264				
ANT_1_04443	CDS	264				hypothetical protein
ANT_1_04444	gene	897	dmlR_15			
ANT_1_04444	CDS	897	dmlR_15			HTH-type transcriptional regulator DmlR
ANT_1_04445	gene	1944	acoR			
ANT_1_04445	CDS	1944	acoR		COG3284	Acetoin catabolism regulatory protein
ANT_1_04446	gene	627				
ANT_1_04446	CDS	627				hypothetical protein
ANT_1_04447	gene	2187	fhuA_2			
ANT_1_04447	CDS	2187	fhuA_2		COG1629	Ferrichrome outer membrane transporter/phage receptor
ANT_1_04448	gene	1344	fes			
ANT_1_04448	CDS	1344	fes		COG2382	Enterochelin esterase
ANT_1_04449	gene	213	mbtH			
ANT_1_04449	CDS	213	mbtH		COG3251	Protein MbtH
ANT_1_04450	gene	8541	lgrB			
ANT_1_04450	CDS	8541	lgrB			Linear gramicidin synthase subunit B
ANT_1_04451	gene	540				
ANT_1_04451	CDS	540				hypothetical protein
ANT_1_04452	gene	1305	ndh			
ANT_1_04452	CDS	1305	ndh	1.6.99.3	COG1252	NADH dehydrogenase
ANT_1_04453	gene	543				
ANT_1_04453	CDS	543				hypothetical protein
ANT_1_04454	gene	1020	nagZ			
ANT_1_04454	CDS	1020	nagZ	3.2.1.52	COG1472	Beta-hexosaminidase
ANT_1_04455	gene	846	thiK			
ANT_1_04455	CDS	846	thiK	2.7.1.89	COG0510	Thiamine kinase
ANT_1_04456	gene	597	lpoB			
ANT_1_04456	CDS	597	lpoB		COG3417	Penicillin-binding protein activator LpoB
ANT_1_04457	gene	393				
ANT_1_04457	CDS	393				hypothetical protein
ANT_1_04458	gene	351	hinT			
ANT_1_04458	CDS	351	hinT	3.9.1.-	COG0537	Purine nucleoside phosphoramidase
ANT_1_04459	gene	1611	xylP			
ANT_1_04459	CDS	1611	xylP			Isoprimeverose transporter
ANT_1_04460	gene	1140	yesR			
ANT_1_04460	CDS	1140	yesR	3.2.1.172	COG4225	Unsaturated rhamnogalacturonyl hydrolase YesR
ANT_1_04461	gene	1434	ptsG_2			
ANT_1_04461	CDS	1434	ptsG_2		COG1263	PTS system glucose-specific EIICB component
ANT_1_04462	gene	792	ycfH			
ANT_1_04462	CDS	792	ycfH	3.1.-.-	COG0084	putative metal-dependent hydrolase YcfH
ANT_1_04463	gene	999	holB			
ANT_1_04463	CDS	999	holB	2.7.7.7	COG0470	DNA polymerase III subunit delta'
ANT_1_04464	gene	633	tmk_3			
ANT_1_04464	CDS	633	tmk_3	2.7.4.9	COG0125	Thymidylate kinase
ANT_1_04465	gene	1026	mltG			
ANT_1_04465	CDS	1026	mltG	4.2.2.-	COG1559	Endolytic murein transglycosylase
ANT_1_04466	gene	798	pabC			
ANT_1_04466	CDS	798	pabC	4.1.3.38	COG0115	Aminodeoxychorismate lyase
ANT_1_04467	gene	1242	fabF_3			
ANT_1_04467	CDS	1242	fabF_3	2.3.1.179	COG0304	3-oxoacyl-[acyl-carrier-protein] synthase 2
ANT_1_04468	gene	237	acpP_4			
ANT_1_04468	CDS	237	acpP_4			Acyl carrier protein
ANT_1_04469	gene	735	fabG_8			
ANT_1_04469	CDS	735	fabG_8	1.1.1.100		3-oxoacyl-[acyl-carrier-protein] reductase FabG
ANT_1_04470	gene	930	fabD_2			
ANT_1_04470	CDS	930	fabD_2	2.3.1.39	COG0331	Malonyl CoA-acyl carrier protein transacylase
ANT_1_04471	gene	954	fabH_2			
ANT_1_04471	CDS	954	fabH_2	2.3.1.180	COG0332	3-oxoacyl-[acyl-carrier-protein] synthase 3
ANT_1_04472	gene	1095	plsX			
ANT_1_04472	CDS	1095	plsX	2.3.1.274	COG0416	Phosphate acyltransferase
ANT_1_04473	gene	171	rpmF			
ANT_1_04473	CDS	171	rpmF		COG0333	50S ribosomal protein L32
ANT_1_04474	gene	522	yceD			
ANT_1_04474	CDS	522	yceD		COG1399	Large ribosomal RNA subunit accumulation protein YceD
ANT_1_04475	gene	582	yceF			
ANT_1_04475	CDS	582	yceF	3.6.1.-	COG0424	7-methyl-GTP pyrophosphatase
ANT_1_04476	gene	963	rluC			
ANT_1_04476	CDS	963	rluC	5.4.99.24	COG0564	Ribosomal large subunit pseudouridine synthase C
ANT_1_04477	gene	189				
ANT_1_04477	CDS	189				hypothetical protein
ANT_1_04478	gene	3558	rne			
ANT_1_04478	CDS	3558	rne	3.1.26.12	COG1530	Ribonuclease E
ANT_1_04479	gene	2349				
ANT_1_04479	CDS	2349				hypothetical protein
ANT_1_04480	gene	267				
ANT_1_04480	CDS	267				IS3 family transposase ISBcen15
ANT_1_04481	gene	402				
ANT_1_04481	CDS	402				hypothetical protein
ANT_1_04482	gene	111				
ANT_1_04482	CDS	111				hypothetical protein
ANT_1_04483	gene	1467				
ANT_1_04483	CDS	1467				hypothetical protein
ANT_1_04484	gene	246				
ANT_1_04484	CDS	246				hypothetical protein
ANT_1_04485	gene	228				
ANT_1_04485	CDS	228				hypothetical protein
ANT_1_04486	gene	804				
ANT_1_04486	CDS	804				hypothetical protein
ANT_1_04487	gene	645				
ANT_1_04487	CDS	645				hypothetical protein
ANT_1_04488	gene	843				
ANT_1_04488	CDS	843				hypothetical protein
ANT_1_04489	gene	759				
ANT_1_04489	CDS	759				hypothetical protein
ANT_1_04490	gene	77				
ANT_1_04490	tRNA	77				tRNA-Met(cat)
ANT_1_04491	gene	918				
ANT_1_04491	CDS	918			COG3039	IS5 family transposase IS4811
ANT_1_04492	gene	1068	yajO_4			
ANT_1_04492	CDS	1068	yajO_4	1.1.-.-	COG0667	1-deoxyxylulose-5-phosphate synthase YajO
ANT_1_04493	gene	1938				
ANT_1_04493	CDS	1938				hypothetical protein
ANT_1_04494	gene	765	fsaA			
ANT_1_04494	CDS	765	fsaA	4.1.2.-	COG0176	Fructose-6-phosphate aldolase 1
ANT_1_04495	gene	885				
ANT_1_04495	CDS	885				hypothetical protein
ANT_1_04496	gene	1209	sotB_4			
ANT_1_04496	CDS	1209	sotB_4			sugar efflux transporter
ANT_1_04497	gene	939	dmlR_16			
ANT_1_04497	CDS	939	dmlR_16			HTH-type transcriptional regulator DmlR
ANT_1_04498	gene	2115	fhuA_3			
ANT_1_04498	CDS	2115	fhuA_3		COG1629	Ferrichrome outer membrane transporter/phage receptor
ANT_1_04499	gene	831				
ANT_1_04499	CDS	831				hypothetical protein
ANT_1_04500	gene	1638				
ANT_1_04500	CDS	1638				hypothetical protein
ANT_1_04501	gene	1506	pal_5			
ANT_1_04501	CDS	1506	pal_5			Peptidoglycan-associated lipoprotein
ANT_1_04502	gene	204				
ANT_1_04502	CDS	204				hypothetical protein
ANT_1_04503	gene	855				
ANT_1_04503	CDS	855				hypothetical protein
ANT_1_04504	gene	387				
ANT_1_04504	CDS	387				hypothetical protein
ANT_1_04505	gene	972	cdhR_3			
ANT_1_04505	CDS	972	cdhR_3		COG4977	HTH-type transcriptional regulator CdhR
ANT_1_04506	gene	537	smfA_3			
ANT_1_04506	CDS	537	smfA_3			Fimbria A protein
ANT_1_04507	gene	2547	papC_3			
ANT_1_04507	CDS	2547	papC_3		COG3188	Outer membrane usher protein PapC
ANT_1_04508	gene	780	yfcS_2			
ANT_1_04508	CDS	780	yfcS_2		COG3121	putative fimbrial chaperone YfcS
ANT_1_04509	gene	522				
ANT_1_04509	CDS	522				hypothetical protein
ANT_1_04510	gene	810				
ANT_1_04510	CDS	810				hypothetical protein
ANT_1_04511	gene	741				
ANT_1_04511	CDS	741				hypothetical protein
ANT_1_04512	gene	1656	yojI			
ANT_1_04512	CDS	1656	yojI		COG4615	ABC transporter ATP-binding/permease protein YojI
ANT_1_04513	gene	642	alkB			
ANT_1_04513	CDS	642	alkB	1.14.11.33	COG3145	Alpha-ketoglutarate-dependent dioxygenase AlkB
ANT_1_04514	gene	1050	apbE_2			
ANT_1_04514	CDS	1050	apbE_2	2.7.1.180	COG1477	FAD:protein FMN transferase
ANT_1_04515	gene	153				
ANT_1_04515	CDS	153				hypothetical protein
ANT_1_04516	gene	1107	ompC			
ANT_1_04516	CDS	1107	ompC		COG3203	Outer membrane porin C
ANT_1_04517	gene	1170	prsE			
ANT_1_04517	CDS	1170	prsE			Type I secretion system membrane fusion protein PrsE
ANT_1_04518	gene	2169	hlyB			
ANT_1_04518	CDS	2169	hlyB		COG2274	Alpha-hemolysin translocation ATP-binding protein HlyB
ANT_1_04519	gene	1350	tolC_4			
ANT_1_04519	CDS	1350	tolC_4			Outer membrane protein TolC
ANT_1_04520	gene	165				
ANT_1_04520	CDS	165				hypothetical protein
ANT_1_04521	gene	15006				
ANT_1_04521	CDS	15006				hypothetical protein
ANT_1_04522	gene	1155	ybjJ_2			
ANT_1_04522	CDS	1155	ybjJ_2			Inner membrane protein YbjJ
ANT_1_04523	gene	2661	rcsD			
ANT_1_04523	CDS	2661	rcsD	2.7.2.-	COG2198	Phosphotransferase RcsD
ANT_1_04524	gene	648	rcsB_3			
ANT_1_04524	CDS	648	rcsB_3		COG2197	Transcriptional regulatory protein RcsB
ANT_1_04525	gene	2886	rcsC_2			
ANT_1_04525	CDS	2886	rcsC_2	2.7.13.3		Sensor histidine kinase RcsC
ANT_1_04526	gene	984				
ANT_1_04526	CDS	984				hypothetical protein
ANT_1_04527	gene	1011				
ANT_1_04527	CDS	1011				hypothetical protein
ANT_1_04528	gene	2637	gyrA			
ANT_1_04528	CDS	2637	gyrA	5.6.2.2	COG0188	DNA gyrase subunit A
ANT_1_04529	gene	765	ubiG			
ANT_1_04529	CDS	765	ubiG	2.1.1.222	COG2227	Ubiquinone biosynthesis O-methyltransferase
ANT_1_04530	gene	630				
ANT_1_04530	CDS	630				hypothetical protein
ANT_1_04531	gene	1689				
ANT_1_04531	CDS	1689				hypothetical protein
ANT_1_04532	gene	528				
ANT_1_04532	CDS	528				hypothetical protein
ANT_1_04533	gene	465				
ANT_1_04533	CDS	465				hypothetical protein
ANT_1_04534	gene	762				
ANT_1_04534	CDS	762				hypothetical protein
ANT_1_04535	gene	906				
ANT_1_04535	CDS	906				hypothetical protein
ANT_1_04536	gene	912				
ANT_1_04536	CDS	912				hypothetical protein
ANT_1_04537	gene	1254				
ANT_1_04537	CDS	1254				hypothetical protein
ANT_1_04538	gene	1152				
ANT_1_04538	CDS	1152				hypothetical protein
ANT_1_04539	gene	456				
ANT_1_04539	CDS	456				hypothetical protein
ANT_1_04540	gene	1302	sctC			
ANT_1_04540	CDS	1302	sctC			Type 3 secretion system secretin
ANT_1_04541	gene	906				
ANT_1_04541	CDS	906				hypothetical protein
ANT_1_04542	gene	225				
ANT_1_04542	CDS	225				hypothetical protein
ANT_1_04543	gene	705				
ANT_1_04543	CDS	705				hypothetical protein
ANT_1_04544	gene	2286	nrdA			
ANT_1_04544	CDS	2286	nrdA	1.17.4.1	COG0209	Ribonucleoside-diphosphate reductase 1 subunit alpha
ANT_1_04545	gene	1131	nrdB			
ANT_1_04545	CDS	1131	nrdB	1.17.4.1	COG0208	Ribonucleoside-diphosphate reductase 1 subunit beta
ANT_1_04546	gene	255	ascD			
ANT_1_04546	CDS	255	ascD	1.17.1.-		CDP-6-deoxy-L-threo-D-glycero-4-hexulose-3-dehydrase reductase
ANT_1_04547	gene	1191	pncC_2			
ANT_1_04547	CDS	1191	pncC_2	3.5.1.42	COG1058	Nicotinamide-nucleotide amidohydrolase PncC
ANT_1_04548	gene	1365	menE_2			
ANT_1_04548	CDS	1365	menE_2	6.2.1.26	COG0318	2-succinylbenzoate--CoA ligase
ANT_1_04549	gene	969	menC			
ANT_1_04549	CDS	969	menC	4.2.1.113	COG1441	o-succinylbenzoate synthase
ANT_1_04550	gene	858	menB			
ANT_1_04550	CDS	858	menB	4.1.3.36	COG0447	1,4-dihydroxy-2-naphthoyl-CoA synthase
ANT_1_04551	gene	768	menH_2			
ANT_1_04551	CDS	768	menH_2	4.2.99.20	COG0596	2-succinyl-6-hydroxy-2,4-cyclohexadiene-1-carboxylate synthase
ANT_1_04552	gene	1680	menD			
ANT_1_04552	CDS	1680	menD	2.2.1.9	COG1165	2-succinyl-5-enolpyruvyl-6-hydroxy-3-cyclohexene-1-carboxylate synthase
ANT_1_04553	gene	1257	menF			
ANT_1_04553	CDS	1257	menF	5.4.4.2	COG1169	Isochorismate synthase MenF
ANT_1_04554	gene	312				
ANT_1_04554	CDS	312				hypothetical protein
ANT_1_04555	gene	1659	mdoD			
ANT_1_04555	CDS	1659	mdoD		COG3131	Glucans biosynthesis protein D
ANT_1_04556	gene	462	elaA			
ANT_1_04556	CDS	462	elaA		COG2153	Protein ElaA
ANT_1_04557	gene	1458	nuoN			
ANT_1_04557	CDS	1458	nuoN	7.1.1.-	COG1007	NADH-quinone oxidoreductase subunit N
ANT_1_04558	gene	1521	nuoM			
ANT_1_04558	CDS	1521	nuoM	7.1.1.-	COG1008	NADH-quinone oxidoreductase subunit M
ANT_1_04559	gene	1839	nuoL			
ANT_1_04559	CDS	1839	nuoL	7.1.1.-	COG1009	NADH-quinone oxidoreductase subunit L
ANT_1_04560	gene	303	nuoK			
ANT_1_04560	CDS	303	nuoK	7.1.1.-	COG0713	NADH-quinone oxidoreductase subunit K
ANT_1_04561	gene	555	nuoJ			
ANT_1_04561	CDS	555	nuoJ	7.1.1.-	COG0839	NADH-quinone oxidoreductase subunit J
ANT_1_04562	gene	543	nuoI			
ANT_1_04562	CDS	543	nuoI	7.1.1.-	COG1143	NADH-quinone oxidoreductase subunit I
ANT_1_04563	gene	978	nuoH			
ANT_1_04563	CDS	978	nuoH	7.1.1.-	COG1005	NADH-quinone oxidoreductase subunit H
ANT_1_04564	gene	2727	nuoG			
ANT_1_04564	CDS	2727	nuoG	7.1.1.-	COG1034	NADH-quinone oxidoreductase subunit G
ANT_1_04565	gene	1341	nuoF			
ANT_1_04565	CDS	1341	nuoF	7.1.1.-	COG1894	NADH-quinone oxidoreductase subunit F
ANT_1_04566	gene	516	nuoE			
ANT_1_04566	CDS	516	nuoE	7.1.1.-	COG1905	NADH-quinone oxidoreductase subunit E
ANT_1_04567	gene	1731	nuoC			
ANT_1_04567	CDS	1731	nuoC	7.1.1.-	COG0649	NADH-quinone oxidoreductase subunit C/D
ANT_1_04568	gene	675	nuoB			
ANT_1_04568	CDS	675	nuoB	7.1.1.-	COG0377	NADH-quinone oxidoreductase subunit B
ANT_1_04569	gene	438	ndhC			
ANT_1_04569	CDS	438	ndhC	7.1.1.-		NAD(P)H-quinone oxidoreductase subunit 3
ANT_1_04570	gene	927	hdfR_3			
ANT_1_04570	CDS	927	hdfR_3			HTH-type transcriptional regulator HdfR
ANT_1_04571	gene	1275	alaA			
ANT_1_04571	CDS	1275	alaA	2.6.1.2	COG0436	Glutamate-pyruvate aminotransferase AlaA
ANT_1_04572	gene	597	yfbR			
ANT_1_04572	CDS	597	yfbR	3.1.3.89	COG1896	5'-deoxynucleotidase YfbR
ANT_1_04573	gene	702	hxpA			
ANT_1_04573	CDS	702	hxpA	3.1.3.22	COG0637	Hexitol phosphatase A
ANT_1_04574	gene	495				
ANT_1_04574	CDS	495				hypothetical protein
ANT_1_04575	gene	453				
ANT_1_04575	CDS	453				hypothetical protein
ANT_1_04576	gene	1203	ackA			
ANT_1_04576	CDS	1203	ackA	2.7.2.1	COG0282	Acetate kinase
ANT_1_04577	gene	2145	pta			
ANT_1_04577	CDS	2145	pta	2.3.1.8	COG0280	Phosphate acetyltransferase
ANT_1_04578	gene	690				
ANT_1_04578	CDS	690				hypothetical protein
ANT_1_04579	gene	525	yfcD			
ANT_1_04579	CDS	525	yfcD	3.6.-.-		putative Nudix hydrolase YfcD
ANT_1_04580	gene	648	yfcF			
ANT_1_04580	CDS	648	yfcF	2.5.1.18	COG0625	Glutathione S-transferase YfcF
ANT_1_04581	gene	894				
ANT_1_04581	CDS	894				Epimerase family protein
ANT_1_04582	gene	774	hisP			
ANT_1_04582	CDS	774	hisP		COG4598	Histidine transport ATP-binding protein HisP
ANT_1_04583	gene	717	hisM			
ANT_1_04583	CDS	717	hisM		COG4160	Histidine transport system permease protein HisM
ANT_1_04584	gene	687	hisQ			
ANT_1_04584	CDS	687	hisQ		COG4215	Histidine transport system permease protein HisQ
ANT_1_04585	gene	783	argT_3			
ANT_1_04585	CDS	783	argT_3		COG0834	Lysine/arginine/ornithine-binding periplasmic protein
ANT_1_04586	gene	570	ubiX			
ANT_1_04586	CDS	570	ubiX	2.5.1.129	COG0163	Flavin prenyltransferase UbiX
ANT_1_04587	gene	1518	purF			
ANT_1_04587	CDS	1518	purF	2.4.2.14	COG0034	Amidophosphoribosyltransferase
ANT_1_04588	gene	486	cvpA			
ANT_1_04588	CDS	486	cvpA		COG1286	Colicin V production protein
ANT_1_04589	gene	750	dedD			
ANT_1_04589	CDS	750	dedD			Cell division protein DedD
ANT_1_04590	gene	1263	folC			
ANT_1_04590	CDS	1263	folC	6.3.2.12	COG0285	Dihydrofolate synthase/folylpolyglutamate synthase
ANT_1_04591	gene	912	accD			
ANT_1_04591	CDS	912	accD	2.1.3.15	COG0777	Acetyl-coenzyme A carboxylase carboxyl transferase subunit beta
ANT_1_04592	gene	660	dedA			
ANT_1_04592	CDS	660	dedA		COG0586	Protein DedA
ANT_1_04593	gene	816	truA			
ANT_1_04593	CDS	816	truA	5.4.99.12	COG0101	tRNA pseudouridine synthase A
ANT_1_04594	gene	1011	usg			
ANT_1_04594	CDS	1011	usg		COG0136	USG-1 protein
ANT_1_04595	gene	1128	pdxB			
ANT_1_04595	CDS	1128	pdxB	1.1.1.290	COG0111	Erythronate-4-phosphate dehydrogenase
ANT_1_04596	gene	1392	sasA_5			
ANT_1_04596	CDS	1392	sasA_5	2.7.-.-		Adaptive-response sensory-kinase SasA
ANT_1_04597	gene	666	tctD			
ANT_1_04597	CDS	666	tctD		COG0745	Transcriptional regulatory protein tctD
ANT_1_04598	gene	981				
ANT_1_04598	CDS	981				hypothetical protein
ANT_1_04599	gene	432				
ANT_1_04599	CDS	432				hypothetical protein
ANT_1_04600	gene	1509				
ANT_1_04600	CDS	1509				hypothetical protein
ANT_1_04601	gene	777	nimR_4			
ANT_1_04601	CDS	777	nimR_4			HTH-type transcriptional regulator NimR
ANT_1_04602	gene	876				
ANT_1_04602	CDS	876				hypothetical protein
ANT_1_04603	gene	528	smf-1_2			
ANT_1_04603	CDS	528	smf-1_2		COG3539	Major fimbrial subunit SMF-1
ANT_1_04604	gene	750	yadV_3			
ANT_1_04604	CDS	750	yadV_3			putative fimbrial chaperone YadV
ANT_1_04605	gene	2565	htrE_2			
ANT_1_04605	CDS	2565	htrE_2		COG3188	Outer membrane usher protein HtrE
ANT_1_04606	gene	1038				
ANT_1_04606	CDS	1038				hypothetical protein
ANT_1_04607	gene	1056	flk			
ANT_1_04607	CDS	1056	flk			Flagellar regulator flk
ANT_1_04608	gene	1449	iolT_2			
ANT_1_04608	CDS	1449	iolT_2			Major myo-inositol transporter IolT
ANT_1_04609	gene	1194	yfcJ			
ANT_1_04609	CDS	1194	yfcJ			putative MFS-type transporter YfcJ
ANT_1_04610	gene	699				
ANT_1_04610	CDS	699				hypothetical protein
ANT_1_04611	gene	987	lsrB_2			
ANT_1_04611	CDS	987	lsrB_2			Autoinducer 2-binding protein LsrB
ANT_1_04612	gene	1500	mglA_4			
ANT_1_04612	CDS	1500	mglA_4	7.5.2.11	COG1129	Galactose/methyl galactoside import ATP-binding protein MglA
ANT_1_04613	gene	987	rbsC_7			
ANT_1_04613	CDS	987	rbsC_7		COG1172	Ribose import permease protein RbsC
ANT_1_04614	gene	954	lsrD_2			
ANT_1_04614	CDS	954	lsrD_2			Autoinducer 2 import system permease protein LsrD
ANT_1_04615	gene	1635	araB_4			
ANT_1_04615	CDS	1635	araB_4	2.7.1.16	COG1069	Ribulokinase
ANT_1_04616	gene	603	kpsF			
ANT_1_04616	CDS	603	kpsF	5.3.1.13	COG0517	Arabinose 5-phosphate isomerase KpsF
ANT_1_04617	gene	273				
ANT_1_04617	CDS	273				hypothetical protein
ANT_1_04618	gene	372				
ANT_1_04618	CDS	372				hypothetical protein
ANT_1_04619	gene	1224	fabB_2			
ANT_1_04619	CDS	1224	fabB_2	2.3.1.41	COG0304	3-oxoacyl-[acyl-carrier-protein] synthase 1
ANT_1_04620	gene	1998	mnmC_2			
ANT_1_04620	CDS	1998	mnmC_2		COG0665	tRNA 5-methylaminomethyl-2-thiouridine biosynthesis bifunctional protein MnmC
ANT_1_04621	gene	474	nicA			
ANT_1_04621	CDS	474	nicA	1.17.2.1	COG2080	Nicotinate dehydrogenase subunit A
ANT_1_04622	gene	2238	nicB_1			
ANT_1_04622	CDS	2238	nicB_1	1.17.2.1	COG1529	Nicotinate dehydrogenase subunit B
ANT_1_04623	gene	1296	nicB_2			
ANT_1_04623	CDS	1296	nicB_2	1.17.2.1	COG1529	Nicotinate dehydrogenase subunit B
ANT_1_04624	gene	579				
ANT_1_04624	CDS	579				hypothetical protein
ANT_1_04625	gene	978	paoD			
ANT_1_04625	CDS	978	paoD		COG1975	Molybdenum cofactor insertion chaperone PaoD
ANT_1_04626	gene	282				
ANT_1_04626	CDS	282				hypothetical protein
ANT_1_04627	gene	549	epmC			
ANT_1_04627	CDS	549	epmC	1.14.-.-	COG3101	Elongation factor P hydroxylase
ANT_1_04628	gene	2580				
ANT_1_04628	CDS	2580				hypothetical protein
ANT_1_04629	gene	846	rhaR_3			
ANT_1_04629	CDS	846	rhaR_3			HTH-type transcriptional activator RhaR
ANT_1_04630	gene	894	iolE_3			
ANT_1_04630	CDS	894	iolE_3	4.2.1.44	COG1082	Inosose dehydratase
ANT_1_04631	gene	1173	iolG_6			
ANT_1_04631	CDS	1173	iolG_6	1.1.1.369		Inositol 2-dehydrogenase/D-chiro-inositol 3-dehydrogenase
ANT_1_04632	gene	798	yfcA			
ANT_1_04632	CDS	798	yfcA		COG0730	putative membrane transporter protein YfcA
ANT_1_04633	gene	825	mepA			
ANT_1_04633	CDS	825	mepA	3.4.24.-	COG3770	Penicillin-insensitive murein endopeptidase
ANT_1_04634	gene	1086	aroC			
ANT_1_04634	CDS	1086	aroC	4.2.3.5	COG0082	Chorismate synthase
ANT_1_04635	gene	933	prmB			
ANT_1_04635	CDS	933	prmB	2.1.1.298	COG2890	50S ribosomal protein L3 glutamine methyltransferase
ANT_1_04636	gene	549	mutS2			
ANT_1_04636	CDS	549	mutS2	3.1.-.-		Endonuclease MutS2
ANT_1_04637	gene	384	sixA			
ANT_1_04637	CDS	384	sixA	3.1.3.-	COG2062	Phosphohistidine phosphatase SixA
ANT_1_04638	gene	2154	fadJ			
ANT_1_04638	CDS	2154	fadJ		COG1024	Fatty acid oxidation complex subunit alpha
ANT_1_04639	gene	1311	fadI			
ANT_1_04639	CDS	1311	fadI	2.3.1.16	COG0183	3-ketoacyl-CoA thiolase FadI
ANT_1_04640	gene	297				
ANT_1_04640	CDS	297				hypothetical protein
ANT_1_04641	gene	1335	fadL			
ANT_1_04641	CDS	1335	fadL		COG2067	Long-chain fatty acid transport protein
ANT_1_04642	gene	762	mlaA			
ANT_1_04642	CDS	762	mlaA		COG2853	Intermembrane phospholipid transport system lipoprotein MlaA
ANT_1_04643	gene	1206				
ANT_1_04643	CDS	1206				hypothetical protein
ANT_1_04644	gene	462	ccmH			
ANT_1_04644	CDS	462	ccmH		COG3088	Cytochrome c-type biogenesis protein CcmH
ANT_1_04645	gene	558	dsbE			
ANT_1_04645	CDS	558	dsbE		COG0526	Thiol:disulfide interchange protein DsbE
ANT_1_04646	gene	1956	ccmF			
ANT_1_04646	CDS	1956	ccmF		COG1138	Cytochrome c-type biogenesis protein CcmF
ANT_1_04647	gene	483	ccmE			
ANT_1_04647	CDS	483	ccmE		COG2332	Cytochrome c-type biogenesis protein CcmE
ANT_1_04648	gene	234	ccmD			
ANT_1_04648	CDS	234	ccmD		COG3114	Heme exporter protein D
ANT_1_04649	gene	744	ccmC			
ANT_1_04649	CDS	744	ccmC		COG0755	Heme exporter protein C
ANT_1_04650	gene	660	ccmB			
ANT_1_04650	CDS	660	ccmB		COG2386	Heme exporter protein B
ANT_1_04651	gene	618	ccmA			
ANT_1_04651	CDS	618	ccmA	7.6.2.5	COG4133	Cytochrome c biogenesis ATP-binding export protein CcmA
ANT_1_04652	gene	918	yfdC			
ANT_1_04652	CDS	918	yfdC		COG2116	Inner membrane protein YfdC
ANT_1_04653	gene	423				
ANT_1_04653	CDS	423				hypothetical protein
ANT_1_04654	gene	180	rop			
ANT_1_04654	CDS	180	rop			Regulatory protein rop
ANT_1_04655	gene	573				
ANT_1_04655	CDS	573				hypothetical protein
ANT_1_04656	gene	939				
ANT_1_04656	CDS	939				hypothetical protein
ANT_1_04657	gene	441				
ANT_1_04657	CDS	441				hypothetical protein
ANT_1_04658	gene	189				
ANT_1_04658	CDS	189				hypothetical protein
ANT_1_04659	gene	576				
ANT_1_04659	CDS	576				hypothetical protein
ANT_1_04660	gene	156				
ANT_1_04660	CDS	156				hypothetical protein
ANT_1_04661	gene	240				
ANT_1_04661	CDS	240				hypothetical protein
ANT_1_04662	gene	86				
ANT_1_04662	tRNA	86				tRNA-Leu(taa)
ANT_1_04663	gene	495				
ANT_1_04663	CDS	495				hypothetical protein
ANT_1_04664	gene	360				
ANT_1_04664	CDS	360				hypothetical protein
ANT_1_04665	gene	567				
ANT_1_04665	CDS	567				hypothetical protein
ANT_1_04666	gene	189				
ANT_1_04666	CDS	189				hypothetical protein
ANT_1_04667	gene	249				
ANT_1_04667	CDS	249				hypothetical protein
ANT_1_04668	gene	513				
ANT_1_04668	CDS	513				hypothetical protein
ANT_1_04669	gene	372				
ANT_1_04669	CDS	372				hypothetical protein
ANT_1_04670	gene	228				
ANT_1_04670	CDS	228				hypothetical protein
ANT_1_04671	gene	387				
ANT_1_04671	CDS	387				hypothetical protein
ANT_1_04672	gene	432				
ANT_1_04672	CDS	432				hypothetical protein
