Deepurify_Bin_2ΩT2_FOM_000000038108_79	UniRef100_B1MZT6~K00689	99.6	1791	8	0	1	1791	1	1791	0.0	3246
Deepurify_Bin_2ΩT2_FOM_000000029022_45	UniRef100_D5T4R4~K00689	53.0	1268	539	13	242	1475	253	1497	0.0	1245
Deepurify_Bin_2ΩT2_FOM_000000080637_83	UniRef100_B1N0B6~K00689	98.9	1498	14	1	1	1498	1	1495	0.0	2810
Deepurify_Bin_3ΩT1_FOM_000000075101_16	UniRef100_D5T4R4~K00689	49.5	1288	600	17	238	1482	269	1549	0.0	1090
Deepurify_Bin_0ΩT2_UBT_000000035055_56	UniRef100_A0A0D1JK20~K03763	99.8	1440	3	0	1	1440	1	1440	0.0	2828
Deepurify_Bin_1ΩT2_UBT_000000014623_37	UniRef100_A0A0D1JK20~K03763	95.2	1440	68	1	1	1439	1	1440	0.0	2722
Deepurify_Bin_2ΩT2_FOM_000000018066_436	UniRef100_B1MY63~K03763	99.6	1437	6	0	1	1437	1	1437	0.0	2822
Deepurify_Bin_1ΩT2_UBT_000000014026_18	UniRef100_Q04GD2~K00689	50.8	1192	540	14	253	1409	203	1383	0.0	1107
Deepurify_Bin_4ΩT1_UBT_000000003269_3	UniRef100_Q04GD2~K00689	50.8	1192	540	14	253	1409	203	1383	0.0	1107
Deepurify_Bin_0ΩT2_UBT_000000024729_39	UniRef100_A0A0N9XWE1~K16898	98.8	1261	15	0	1	1261	1	1261	0.0	2406
Deepurify_Bin_1ΩT2_UBT_000000011286_44	UniRef100_A0A0N9XWE1~K16898	81.4	1261	235	0	1	1261	1	1261	0.0	1991
Deepurify_Bin_4ΩT1_UBT_000000002880_44	UniRef100_A0A0N9XWE1~K16898	81.4	1261	235	0	1	1261	1	1261	0.0	1991
Deepurify_Bin_2ΩT2_FOM_000000038108_142	UniRef100_B1MZM2~K16898	99.2	1236	10	0	1	1236	1	1236	0.0	2371
Deepurify_Bin_3ΩT1_FOM_000000157512_28	UniRef100_Q03W49~K16898	68.0	1232	389	3	1	1230	1	1229	0.0	1655
Deepurify_Bin_3ΩT1_FOM_000000039059_31	UniRef100_P94892~K03046	95.8	1219	51	0	1	1219	1	1219	0.0	2287
Deepurify_Bin_2ΩT2_FOM_000000080637_239	UniRef100_B1MVW7~K03046	99.8	1220	2	0	1	1220	1	1220	0.0	2357
Deepurify_Bin_3ΩT1_FOM_000000039059_32	UniRef100_Q03V60~K03043	97.7	1195	27	0	1	1195	1	1195	0.0	2317
Deepurify_Bin_2ΩT2_FOM_000000080637_240	UniRef100_B1MVW8~K03043	100	1204	0	0	1	1204	1	1204	0.0	2368
Deepurify_Bin_1ΩT2_UBT_000000011286_43	UniRef100_A0A0N9YPA3~K16899	82.4	1185	206	1	1	1185	1	1182	0.0	1911
Deepurify_Bin_4ΩT1_UBT_000000002880_43	UniRef100_A0A0N9YPA3~K16899	82.4	1185	206	1	1	1185	1	1182	0.0	1911
Deepurify_Bin_1ΩT2_UBT_000000088512_8	UniRef100_A0A0N9YUQ1~K03529	75.0	1185	296	0	1	1185	1	1185	0.0	1514
Deepurify_Bin_4ΩT1_UBT_000000024386_8	UniRef100_A0A0N9YUQ1~K03529	75.0	1185	296	0	1	1185	1	1185	0.0	1514
Deepurify_Bin_3ΩT1_FOM_000000055969_5	UniRef100_Q03VW6~K03529	61.4	1188	451	2	1	1184	1	1185	0.0	1250
Deepurify_Bin_2ΩT2_FOM_000000025112_2	UniRef100_B1N015~K03529	99.1	1184	11	0	1	1184	1	1184	0.0	2009
Deepurify_Bin_0ΩT2_UBT_000000024729_38	UniRef100_A0A0N9YPA3~K16899	99.2	1182	9	0	1	1182	1	1182	0.0	2281
Deepurify_Bin_2ΩT2_FOM_000000080637_18	UniRef100_B1N051~K09809	99.0	1182	12	0	1	1182	1	1182	0.0	2392
Deepurify_Bin_2ΩT2_FOM_000000080637_116	UniRef100_B1MVJ7~K03723	99.5	1178	6	0	1	1178	1	1178	0.0	2258
Deepurify_Bin_3ΩT1_FOM_000000145965_6	UniRef100_K0D5V6~K03723	80.5	1176	228	1	1	1175	1	1176	0.0	1860
Deepurify_Bin_1ΩT2_UBT_000000001669_9	UniRef100_A0A0N9YPA2~K03723	99.4	1172	7	0	1	1172	1	1172	0.0	2251
Deepurify_Bin_2ΩT2_FOM_000000038108_141	UniRef100_B1MZM3~K16899	99.5	1171	6	0	1	1171	1	1171	0.0	2246
Deepurify_Bin_1ΩT2_UBT_000000079358_23	UniRef100_A0A0N9YPA2~K03723	88.2	1169	138	0	1	1169	1	1169	0.0	2013
Deepurify_Bin_4ΩT1_UBT_000000021238_27	UniRef100_A0A0N9YPA2~K03723	88.2	1169	138	0	1	1169	1	1169	0.0	2013
Deepurify_Bin_3ΩT1_FOM_000000157512_27	UniRef100_Q03W48~K16899	65.2	1156	401	1	1	1156	1	1155	0.0	1501
Deepurify_Bin_3ΩT1_FOM_000000058500_1	UniRef100_Q03YC3~K03763	89.6	1153	120	0	1	1153	285	1437	0.0	2098
Deepurify_Bin_4ΩT1_UBT_000000019571_30	UniRef100_A0A0D1JRC1~K01958	85.3	1119	165	0	1	1119	1	1119	0.0	1927
Deepurify_Bin_0ΩT2_UBT_000000045448_20	UniRef100_A0A0N9XV13~K02337	98.9	1127	12	0	1	1127	1	1127	0.0	2145
Deepurify_Bin_1ΩT2_UBT_000000082767_20	UniRef100_A0A0N9XV13~K02337	82.8	1128	190	2	1	1125	1	1127	0.0	1832
Deepurify_Bin_4ΩT1_UBT_000000004766_20	UniRef100_A0A0N9XV13~K02337	82.8	1128	190	2	1	1125	1	1127	0.0	1832
Deepurify_Bin_2ΩT2_FOM_000000018066_358	UniRef100_B1MYD7~K02337	99.2	1113	9	0	1	1113	1	1113	0.0	2155
Deepurify_Bin_3ΩT1_FOM_000000141224_1	UniRef100_Q03Y39~K02337	70.4	1111	324	2	1	1106	1	1111	0.0	1568
Deepurify_Bin_0ΩT2_UBT_000000021629_67	UniRef100_A0A0N9YLS2~K06994	97.2	1074	30	0	1	1074	1	1074	0.0	1488
Deepurify_Bin_0ΩT2_UBT_000000057284_9	UniRef100_A0A0N9YRP0~K03546	96.0	1061	42	0	1	1061	1	1061	0.0	1750
Deepurify_Bin_4ΩT1_UBT_000000019571_9	UniRef100_A0A0N9YRP0~K03546	48.5	1071	532	4	1	1061	1	1061	1.39e-262	773
Deepurify_Bin_0ΩT2_UBT_000000003960_9	UniRef100_A0A0N9Y042~K01955	99.5	1059	5	0	1	1059	1	1059	0.0	2008
Deepurify_Bin_4ΩT1_UBT_000000001140_9	UniRef100_A0A0N9Y042~K01955	84.8	1058	161	0	1	1058	1	1058	0.0	1737
Deepurify_Bin_2ΩT2_FOM_000000018066_73	UniRef100_B1MZ74~K01955	99.7	1059	3	0	1	1059	1	1059	0.0	2028
Deepurify_Bin_1ΩT2_UBT_000000011286_8	UniRef100_A0A1L6RCX1~K01153	88.7	1054	119	0	1	1054	1	1054	0.0	1828
Deepurify_Bin_4ΩT1_UBT_000000002880_8	UniRef100_A0A1L6RCX1~K01153	88.7	1054	119	0	1	1054	1	1054	0.0	1828
Deepurify_Bin_0ΩT2_UBT_000000045121_23	UniRef100_A0A0N9YPT6~K06994	99.9	1030	1	0	1	1030	1	1030	0.0	1524
Deepurify_Bin_0ΩT2_UBT_000000021322_54	UniRef100_A0A0N9Y3U8~K01955	98.0	1025	20	0	1	1025	1	1025	0.0	1932
Deepurify_Bin_2ΩT2_FOM_000000018066_255	UniRef100_D5T090~K01190	61.8	1014	380	5	1	1007	1	1014	0.0	1291
Deepurify_Bin_2ΩT2_FOM_000000118331_68	UniRef100_A8YW63~K01156	60.5	1005	389	5	1	999	1	1003	0.0	1209
Deepurify_Bin_2ΩT2_FOM_000000008711_36	UniRef100_B1MXG6~K03701	99.9	956	1	0	1	956	1	956	0.0	1885
Deepurify_Bin_3ΩT1_FOM_000000086418_3	UniRef100_Q03Z57~K03701	87.1	952	123	0	1	952	1	952	0.0	1662
Deepurify_Bin_3ΩT1_FOM_000000080886_3	UniRef100_A0A0A1GRU6~K01153	52.5	961	437	8	3	953	6	957	0.0	969
Deepurify_Bin_0ΩT2_UBT_000000009241_6	UniRef100_A0A0N9YU29~K03701	99.7	951	3	0	1	951	1	951	0.0	1883
Deepurify_Bin_1ΩT2_UBT_000000014026_6	UniRef100_A0A0N9YU29~K03701	96.1	948	37	0	1	948	1	948	0.0	1820
Deepurify_Bin_4ΩT1_UBT_000000003269_15	UniRef100_A0A0N9YU29~K03701	96.1	948	37	0	1	948	1	948	0.0	1820
Deepurify_Bin_0ΩT2_UBT_000000031606_86	UniRef100_A0A0N9Y693~K03722	99.8	940	2	0	1	940	1	940	0.0	1841
Deepurify_Bin_1ΩT2_UBT_000000013024_16	UniRef100_A0A0N9Y693~K03722	91.1	939	84	0	1	939	1	939	0.0	1706
Deepurify_Bin_3ΩT1_FOM_000000157512_18	UniRef100_Q03W43~K01870	85.6	930	134	0	1	930	1	930	0.0	1680
Deepurify_Bin_2ΩT2_FOM_000000018066_532	UniRef100_B1MXW8~K01870	99.8	930	2	0	1	930	1	930	0.0	1895
Deepurify_Bin_0ΩT2_UBT_000000088698_9	UniRef100_A0A0N7HAT0~K03466	99.5	929	5	0	1	929	1	929	0.0	1717
Deepurify_Bin_4ΩT1_UBT_000000003245_9	UniRef100_A0A0N7HAT0~K03466	77.7	929	200	3	1	922	1	929	0.0	1371
Deepurify_Bin_0ΩT2_UBT_000000031606_108	UniRef100_A0A0N9YSI6~K02335	99.2	904	7	0	3	906	1	904	0.0	1764
Deepurify_Bin_1ΩT2_UBT_000000020938_30	UniRef100_A0A0N9YSI6~K02335	90.9	904	82	0	1	904	1	904	0.0	1639
Deepurify_Bin_2ΩT2_FOM_000000029022_31	UniRef100_B1MWN0~K04072	99.8	900	2	0	1	900	1	900	0.0	1732
Deepurify_Bin_4ΩT1_UBT_000000018112_34	UniRef100_A0A0N9XXA5~K04072	97.4	898	23	0	1	898	1	898	0.0	1695
Deepurify_Bin_2ΩT2_FOM_000000080637_104	UniRef100_A0A1B7LSY4~K01537	54.1	871	389	10	33	895	19	886	1.33e-304	867
Deepurify_Bin_2ΩT2_FOM_000000001535_5	UniRef100_B1MX09~K01873	99.4	894	5	0	1	894	1	894	0.0	1768
Deepurify_Bin_2ΩT2_FOM_000000018066_602	UniRef100_B1MXP8~K01872	99.8	894	2	0	1	894	1	894	0.0	1757
Deepurify_Bin_3ΩT1_FOM_000000015242_5	UniRef100_Q03YQ2~K01872	83.2	893	150	0	1	893	1	893	0.0	1489
Deepurify_Bin_2ΩT2_FOM_000000038108_163	UniRef100_B1MZK2~K02335	98.9	893	10	0	1	893	1	893	0.0	1722
Deepurify_Bin_3ΩT1_FOM_000000069077_3	UniRef100_A0A1X0VAF6~K01537	89.6	887	92	0	1	887	1	887	0.0	1493
Deepurify_Bin_2ΩT2_FOM_000000080637_67	UniRef100_B1N0A0~K01537	99.8	887	2	0	1	887	1	887	0.0	1653
Deepurify_Bin_0ΩT2_UBT_000000034556_9	UniRef100_A0A0N9YRP2~K01872	99.7	882	3	0	1	882	1	882	0.0	1721
Deepurify_Bin_4ΩT1_UBT_000000025828_11	UniRef100_A0A0N9YRP2~K01872	96.0	882	35	0	1	882	1	882	0.0	1663
Deepurify_Bin_0ΩT2_UBT_000000034263_22	UniRef100_A0A0N9YF54~K03555	99.7	880	3	0	1	880	1	880	0.0	1678
Deepurify_Bin_3ΩT1_FOM_000000025385_2	UniRef100_B1KU40~K01537	45.4	856	455	7	22	870	21	871	2.11e-243	710
Deepurify_Bin_1ΩT2_UBT_000000080035_22	UniRef100_A0A0N9YF54~K03555	90.5	883	75	4	1	877	1	880	0.0	1518
Deepurify_Bin_4ΩT1_UBT_000000027904_22	UniRef100_A0A0N9YF54~K03555	90.5	883	75	4	1	877	1	880	0.0	1518
Deepurify_Bin_1ΩT2_UBT_000000037074_8	UniRef100_A0A0N7HAG7~K02469	98.7	865	11	0	1	865	1	865	0.0	1513
Deepurify_Bin_4ΩT1_UBT_000000015332_8	UniRef100_A0A0N7HAG7~K02469	95.4	866	34	2	1	862	1	864	0.0	1463
Deepurify_Bin_2ΩT2_FOM_000000025112_12	UniRef100_B1N025~K03555	99.7	865	3	0	1	865	1	865	0.0	1652
Deepurify_Bin_0ΩT2_UBT_000000035055_8	UniRef100_B1KU40~K01537	46.6	882	445	9	1	860	1	878	5.38e-247	719
Deepurify_Bin_1ΩT2_UBT_000000014623_9	UniRef100_B1KU40~K01537	47.2	881	436	10	1	857	1	876	5.72e-252	731
Deepurify_Bin_3ΩT1_FOM_000000109664_9	UniRef100_Q03VV4~K03555	81.9	854	154	1	1	854	1	853	0.0	1349
Deepurify_Bin_3ΩT1_FOM_000000107633_1	UniRef100_Q03Y99~K02335	80.8	855	163	1	1	855	40	893	0.0	1393
Deepurify_Bin_2ΩT2_FOM_000000153740_26	UniRef100_B1MW34~K02469	99.9	851	1	0	1	851	1	851	0.0	1490
Deepurify_Bin_3ΩT1_FOM_000000042774_5	UniRef100_Q03Z71~K14205	62.7	844	315	0	1	844	1	844	0.0	1083
Deepurify_Bin_2ΩT2_FOM_000000018066_410	UniRef100_A0A0D6E052~K13714	31.0	883	505	25	7	850	17	834	8.72e-88	303
Deepurify_Bin_0ΩT2_UBT_000000022378_2	UniRef100_A0A0N9Y574~K03581	98.5	849	13	0	1	849	1	849	0.0	1598
Deepurify_Bin_3ΩT1_FOM_000000006674_16	UniRef100_A0A1X0V8G2~K02469	93.2	849	56	1	1	849	1	847	0.0	1396
Deepurify_Bin_2ΩT2_FOM_000000008711_48	UniRef100_B1MXF4~K14205	99.6	848	3	0	1	848	1	848	0.0	1618
Deepurify_Bin_0ΩT2_UBT_000000032789_15	UniRef100_A0A0N9YP25~K01256	98.7	846	11	0	1	846	1	846	0.0	1642
Deepurify_Bin_4ΩT1_UBT_000000015946_2	UniRef100_A0A0N9Y574~K03581	86.4	846	107	3	3	844	2	843	0.0	1394
Deepurify_Bin_3ΩT1_FOM_000000149631_14	UniRef100_A0A0R2HLY3~K01256	74.6	842	214	0	1	842	1	842	0.0	1269
Deepurify_Bin_2ΩT2_FOM_000000018066_630	UniRef100_B1MXM1~K01256	99.4	844	5	0	1	844	1	844	0.0	1677
Deepurify_Bin_1ΩT2_UBT_000000039277_82	UniRef100_A0A0N9XS92~K14205	65.6	844	281	3	1	843	1	836	0.0	1086
Deepurify_Bin_0ΩT2_UBT_000000032789_18	UniRef100_A0A0N9YP25~K01256	55.1	835	372	1	9	840	10	844	0.0	901
Deepurify_Bin_2ΩT2_FOM_000000009452_32	UniRef100_B1MZI8~K01955	99.8	840	2	0	1	840	1	840	0.0	1654
Deepurify_Bin_2ΩT2_FOM_000000009452_17	UniRef100_B1MZH4~K02519	95.1	840	41	0	1	840	1	840	0.0	1405
Deepurify_Bin_0ΩT2_UBT_000000021322_19	UniRef100_A0A0N9XS92~K14205	97.0	836	25	0	1	836	1	836	0.0	1603
Deepurify_Bin_3ΩT1_FOM_000000004294_9	UniRef100_Q03WH4~K02519	87.1	845	89	3	1	836	1	834	0.0	1324
Deepurify_Bin_0ΩT2_UBT_000000023758_26	UniRef100_A0A0N7HAN5~K21449	98.1	835	16	0	1	835	1	835	0.0	1014
Deepurify_Bin_3ΩT1_FOM_000000062405_15	UniRef100_Q03WF9~K01955	80.4	833	163	0	1	833	1	833	0.0	1346
Deepurify_Bin_1ΩT2_UBT_000000054494_2	UniRef100_A0A0N9YQ23~K03696	99.6	832	3	0	1	832	1	832	0.0	1562
Deepurify_Bin_4ΩT1_UBT_000000026415_2	UniRef100_A0A0N9YQ23~K03696	99.5	832	4	0	1	832	1	832	0.0	1560
Deepurify_Bin_1ΩT2_UBT_000000049733_2	UniRef100_A0A0N9YQ23~K03696	94.7	832	43	1	1	831	1	832	0.0	1508
Deepurify_Bin_4ΩT1_UBT_000000023272_2	UniRef100_A0A0N9YQ23~K03696	94.7	832	43	1	1	831	1	832	0.0	1508
Deepurify_Bin_0ΩT2_UBT_000000035055_26	UniRef100_A0A0N9XRB7~K03701	98.2	830	15	0	1	830	3	832	0.0	1599
Deepurify_Bin_1ΩT2_UBT_000000039277_102	UniRef100_A0A0N9XRB7~K03701	84.3	830	130	0	1	830	3	832	0.0	1393
Deepurify_Bin_0ΩT2_UBT_000000009241_13	UniRef100_A0A0N9Y4I1~K13730	88.8	833	88	1	1	828	8	840	0.0	1012
Deepurify_Bin_3ΩT1_FOM_000000035651_4	UniRef100_A0A1X0V558~K03696	87.9	820	99	0	1	820	1	820	0.0	1367
Deepurify_Bin_0ΩT2_UBT_000000026330_34	UniRef100_A0A0N9YTJ2~K01955	99.6	822	3	0	1	822	1	822	0.0	1588
Deepurify_Bin_1ΩT2_UBT_000000061643_23	UniRef100_A0A0N9YTJ2~K01955	86.5	822	111	0	1	822	1	822	0.0	1426
Deepurify_Bin_4ΩT1_UBT_000000004016_23	UniRef100_A0A0N9YTJ2~K01955	86.5	822	111	0	1	822	1	822	0.0	1426
Deepurify_Bin_2ΩT2_FOM_000000018066_60	UniRef100_B1MZ87~K12952	99.1	822	7	0	1	822	1	822	0.0	1493
Deepurify_Bin_2ΩT2_FOM_000000050145_4	UniRef100_B1MW25~K03696	99.6	821	3	0	1	821	1	821	0.0	1500
Deepurify_Bin_1ΩT2_UBT_000000026597_50	UniRef100_G0UHD5~K02621	76.8	819	190	0	1	819	1	819	0.0	1254
Deepurify_Bin_4ΩT1_UBT_000000014333_50	UniRef100_G0UHD5~K02621	76.8	819	190	0	1	819	1	819	0.0	1254
Deepurify_Bin_2ΩT2_FOM_000000008711_61	UniRef100_B1MXE1~K01890	99.0	819	8	0	1	819	1	819	0.0	1565
Deepurify_Bin_1ΩT2_UBT_000000079358_14	UniRef100_G0UHU1~K01421	57.4	836	335	4	1	815	1	836	3.94e-190	570
Deepurify_Bin_3ΩT1_FOM_000000018306_5	UniRef100_A0A1X0VAC2~K01890	73.2	818	219	0	1	818	1	818	0.0	1182
Deepurify_Bin_4ΩT1_UBT_000000021238_18	UniRef100_G0UHU1~K01421	57.4	836	335	4	1	815	1	836	3.94e-190	570
Deepurify_Bin_2ΩT2_FOM_000000036960_51	UniRef100_B1MWV8~K01621	99.9	817	1	0	1	817	1	817	0.0	1673
Deepurify_Bin_3ΩT1_FOM_000000062405_23	UniRef100_Q03WG6~K02621	86.4	808	110	0	1	808	1	808	0.0	1362
Deepurify_Bin_2ΩT2_FOM_000000009452_25	UniRef100_B1MZI1~K02621	99.6	812	3	0	1	812	1	812	0.0	1565
Deepurify_Bin_1ΩT2_UBT_000000079358_19	UniRef100_A0A0N9YDU6~K00688	86.3	808	106	1	1	808	1	803	0.0	1398
Deepurify_Bin_3ΩT1_FOM_000000007765_8	UniRef100_Q03YH4~K01869	87.5	808	101	0	1	808	1	808	0.0	1503
Deepurify_Bin_4ΩT1_UBT_000000021238_23	UniRef100_A0A0N9YDU6~K00688	86.3	808	106	1	1	808	1	803	0.0	1398
Deepurify_Bin_0ΩT2_UBT_000000025704_2	UniRef100_A0A0N9YQ03~K01890	99.5	807	4	0	1	807	1	807	0.0	1564
Deepurify_Bin_1ΩT2_UBT_000000006722_2	UniRef100_A0A0N9YQ03~K01890	95.8	807	34	0	1	807	1	807	0.0	1514
Deepurify_Bin_4ΩT1_UBT_000000000739_2	UniRef100_A0A0N9YQ03~K01890	95.8	807	34	0	1	807	1	807	0.0	1514
Deepurify_Bin_0ΩT2_UBT_000000046529_12	UniRef100_A0A0N9Y582~K04066	99.0	806	8	0	1	806	1	806	0.0	1569
Deepurify_Bin_1ΩT2_UBT_000000076338_38	UniRef100_A0A0N9Y582~K04066	86.7	806	107	0	1	806	1	806	0.0	1394
Deepurify_Bin_1ΩT2_UBT_000000076338_9	UniRef100_A0A0N9Y582~K04066	86.7	806	107	0	1	806	1	806	0.0	1394
Deepurify_Bin_4ΩT1_UBT_000000027144_16	UniRef100_A0A0N9Y582~K04066	86.7	806	107	0	1	806	1	806	0.0	1394
Deepurify_Bin_2ΩT2_FOM_000000018066_560	UniRef100_B1MXU0~K04066	99.3	806	6	0	1	806	1	806	0.0	1579
Deepurify_Bin_0ΩT2_UBT_000000024729_19	UniRef100_A0A0N9YNL5~K01869	99.5	804	4	0	1	804	1	804	0.0	1650
Deepurify_Bin_1ΩT2_UBT_000000011286_32	UniRef100_A0A0N9YNL5~K01869	97.0	804	24	0	1	804	1	804	0.0	1620
Deepurify_Bin_3ΩT1_FOM_000000035651_2	UniRef100_Q03ZQ8~K03070	89.7	804	82	1	1	804	1	803	0.0	1389
Deepurify_Bin_4ΩT1_UBT_000000002880_32	UniRef100_A0A0N9YNL5~K01869	97.0	804	24	0	1	804	1	804	0.0	1620
Deepurify_Bin_2ΩT2_FOM_000000050145_2	UniRef100_B1MW27~K03070	99.8	804	2	0	1	804	1	804	0.0	1533
Deepurify_Bin_1ΩT2_UBT_000000001669_13	UniRef100_A0A0N9YDU6~K00688	99.3	803	6	0	1	803	1	803	0.0	1587
Deepurify_Bin_3ΩT1_FOM_000000061358_5	UniRef100_A0A1X0V8L0~K04066	77.1	803	184	0	1	803	1	803	0.0	1244
Deepurify_Bin_2ΩT2_FOM_000000018066_487	UniRef100_B1MY11~K01869	100	803	0	0	1	803	1	803	0.0	1669
Deepurify_Bin_2ΩT2_FOM_000000018066_444	UniRef100_B1MY55~K03466	99.4	803	5	0	1	803	1	803	0.0	1505
Deepurify_Bin_2ΩT2_FOM_000000035880_25	UniRef100_B1MXB4~K07456	97.0	801	24	0	1	801	1	801	0.0	1416
Deepurify_Bin_2ΩT2_FOM_000000018066_420	UniRef100_B1MY77~K03722	99.6	801	3	0	1	801	1	801	0.0	1537
Deepurify_Bin_2ΩT2_FOM_000000018066_429	UniRef100_B1MY70~K03581	99.7	799	2	0	1	799	1	799	0.0	1543
Deepurify_Bin_0ΩT2_UBT_000000039885_69	UniRef100_A0A0N9YV24~K07456	99.9	792	1	0	1	792	1	792	0.0	1427
Deepurify_Bin_0ΩT2_UBT_000000004216_50	UniRef100_A0A0N7HAZ4~K01281	98.4	791	13	0	1	791	1	791	0.0	1564
Deepurify_Bin_1ΩT2_UBT_000000034986_8	UniRef100_A0A0N9YV24~K07456	95.8	792	32	1	1	791	1	792	0.0	1376
Deepurify_Bin_2ΩT2_FOM_000000029022_32	UniRef100_B1MWN1~K01421	99.4	790	5	0	1	790	1	790	0.0	987
Deepurify_Bin_2ΩT2_FOM_000000080637_99	UniRef100_H5SX31~K03731	47.2	782	387	11	1	779	1	759	1.28e-241	698
Deepurify_Bin_1ΩT2_UBT_000000027031_9	UniRef100_A0A0D1KAG9~K03070	99.7	788	2	0	1	788	1	788	0.0	1512
Deepurify_Bin_1ΩT2_UBT_000000041806_2	UniRef100_A0A0D1KAG9~K03070	95.4	788	36	0	1	788	1	788	0.0	1462
Deepurify_Bin_3ΩT1_FOM_000000149631_19	UniRef100_G8P5Y1~K03731	51.4	784	353	15	1	779	1	761	1.79e-264	756
Deepurify_Bin_4ΩT1_UBT_000000000931_2	UniRef100_A0A0D1KAG9~K03070	99.7	788	2	0	1	788	1	788	0.0	1512
Deepurify_Bin_2ΩT2_FOM_000000066982_1	UniRef100_B1MW75~K03657	99.7	788	2	0	1	788	1	788	0.0	1501
Deepurify_Bin_1ΩT2_UBT_000000065998_51	UniRef100_A0A0N7HAZ4~K01281	72.8	786	213	1	1	785	1	786	0.0	1150
Deepurify_Bin_4ΩT1_UBT_000000006917_51	UniRef100_A0A0N7HAZ4~K01281	72.8	786	213	1	1	785	1	786	0.0	1150
Deepurify_Bin_0ΩT2_UBT_000000003960_36	UniRef100_A0A0N9Y053~K12573	100	785	0	0	1	785	1	785	0.0	1538
Deepurify_Bin_4ΩT1_UBT_000000001140_34	UniRef100_A0A0N9Y053~K12573	96.3	785	29	0	1	785	1	785	0.0	1497
Deepurify_Bin_0ΩT2_UBT_000000031606_16	UniRef100_A0A0N9YSK0~K05366	99.7	710	2	0	1	710	1	710	0.0	1329
Deepurify_Bin_1ΩT2_UBT_000000034986_28	UniRef100_D2TMG3~K01183	33.6	792	442	21	14	778	7	741	1.86e-124	395
Deepurify_Bin_3ΩT1_FOM_000000149631_16	UniRef100_Q03YV0~K01281	66.5	780	255	4	1	778	1	776	0.0	1071
Deepurify_Bin_3ΩT1_FOM_000000025777_1	UniRef100_Q03WE5~K03722	67.1	777	256	0	1	777	1	777	0.0	1041
Deepurify_Bin_3ΩT1_FOM_000000086418_27	UniRef100_Q03VF9~K12573	88.5	774	89	0	1	774	1	774	0.0	1369
Deepurify_Bin_2ΩT2_FOM_000000008711_13	UniRef100_B1MXI8~K12573	100	774	0	0	1	774	1	774	0.0	1516
Deepurify_Bin_0ΩT2_UBT_000000034542_84	UniRef100_A0A0N9YRV1~K07462	99.0	768	8	0	1	768	1	768	0.0	1467
Deepurify_Bin_1ΩT2_UBT_000000041069_12	UniRef100_A0A0N9YRV1~K07462	86.6	768	103	0	1	768	1	768	0.0	1302
Deepurify_Bin_4ΩT1_UBT_000000016898_12	UniRef100_A0A125U9P3~K03657	38.3	765	453	7	4	759	5	759	7.24e-164	498
Deepurify_Bin_2ΩT2_FOM_000000080637_35	UniRef100_B1N068~K02238	98.6	765	11	0	1	765	1	765	0.0	1491
Deepurify_Bin_0ΩT2_UBT_000000031606_10	UniRef100_A0A0N9YS88~K03657	99.3	763	5	0	1	763	1	763	0.0	1461
Deepurify_Bin_1ΩT2_UBT_000000031997_17	UniRef100_A0A0N9YS88~K03657	93.3	763	51	0	1	763	1	763	0.0	1383
Deepurify_Bin_0ΩT2_UBT_000000004216_6	UniRef100_A0A0N9YST4~K03657	99.2	760	6	0	1	760	1	760	0.0	1455
Deepurify_Bin_1ΩT2_UBT_000000065998_6	UniRef100_A0A0N9YST4~K03657	92.0	760	61	0	1	760	1	760	0.0	1344
Deepurify_Bin_4ΩT1_UBT_000000006917_6	UniRef100_A0A0N9YST4~K03657	92.0	760	61	0	1	760	1	760	0.0	1344
Deepurify_Bin_0ΩT2_UBT_000000039885_63	UniRef100_A0A0N7HAT6~K02621	99.5	758	4	0	1	758	1	758	0.0	1461
Deepurify_Bin_0ΩT2_UBT_000000034556_15	UniRef100_A0A1L6RC48~K02238	46.6	670	353	4	66	733	7	673	4.74e-206	603
Deepurify_Bin_0ΩT2_UBT_000000018558_24	UniRef100_A0A0D1LSG7~K00691	98.5	754	11	0	1	754	1	754	0.0	1476
Deepurify_Bin_1ΩT2_UBT_000000031997_12	UniRef100_A0A0N9YSK0~K05366	71.0	693	191	6	1	686	1	690	0.0	905
Deepurify_Bin_1ΩT2_UBT_000000026597_24	UniRef100_A0A0N9Y615~K02519	93.9	753	34	1	1	753	1	741	0.0	1194
Deepurify_Bin_1ΩT2_UBT_000000065998_84	UniRef100_A0A0D1LSG7~K00691	81.4	752	140	0	1	752	1	752	0.0	1241
Deepurify_Bin_4ΩT1_UBT_000000014333_24	UniRef100_A0A0N9Y615~K02519	93.9	753	34	1	1	753	1	741	0.0	1194
Deepurify_Bin_4ΩT1_UBT_000000006917_84	UniRef100_A0A0D1LSG7~K00691	81.4	752	140	0	1	752	1	752	0.0	1241
Deepurify_Bin_2ΩT2_FOM_000000018066_405	UniRef100_A0A1X0V4S7~K00691	78.3	751	163	0	1	751	1	751	0.0	1187
Deepurify_Bin_3ΩT1_FOM_000000131407_2	UniRef100_B1N0F7~K00691	99.1	752	7	0	1	752	1	752	0.0	1487
Deepurify_Bin_3ΩT1_FOM_000000079945_1	UniRef100_Q03V16~K03657	82.0	752	135	0	1	752	1	752	0.0	1196
Deepurify_Bin_2ΩT2_FOM_000000153740_38	UniRef100_D8GSX3~K03701	36.8	820	434	17	6	744	23	839	1.66e-159	489
Deepurify_Bin_2ΩT2_FOM_000000018066_593	UniRef100_B1MXQ7~K03657	99.9	749	1	0	1	749	1	749	0.0	1446
Deepurify_Bin_0ΩT2_UBT_000000021629_45	UniRef100_A0A0N9Y615~K02519	96.9	746	18	1	1	746	1	741	0.0	1224
Deepurify_Bin_3ΩT1_FOM_000000062405_18	UniRef100_B1MZI5~K00951	84.6	745	115	0	1	745	1	745	0.0	1254
Deepurify_Bin_2ΩT2_FOM_000000009452_29	UniRef100_B1MZI5~K00951	100	745	0	0	1	745	1	745	0.0	1454
Deepurify_Bin_0ΩT2_UBT_000000045448_19	UniRef100_A0A0N9YSH1~K00951	99.7	744	2	0	1	744	1	744	0.0	1443
Deepurify_Bin_1ΩT2_UBT_000000082767_19	UniRef100_A0A0N9YSH1~K00951	96.1	744	29	0	1	744	1	744	0.0	1399
Deepurify_Bin_1ΩT2_UBT_000000011170_11	UniRef100_A0A0D1K5B8~K01952	74.5	734	187	0	10	743	7	740	0.0	1064
Deepurify_Bin_4ΩT1_UBT_000000004766_19	UniRef100_A0A0N9YSH1~K00951	96.1	744	29	0	1	744	1	744	0.0	1399
Deepurify_Bin_3ΩT1_FOM_000000096220_6	UniRef100_Q03XT2~K07407	79.3	738	153	0	1	738	1	738	0.0	1229
Deepurify_Bin_0ΩT2_UBT_000000027106_12	UniRef100_A0A0D1K5B8~K01952	97.8	740	16	0	1	740	1	740	0.0	1410
Deepurify_Bin_2ΩT2_FOM_000000018066_461	UniRef100_B1MY38~K01952	99.7	740	2	0	1	740	7	746	0.0	1417
Deepurify_Bin_3ΩT1_FOM_000000046715_12	UniRef100_A0A1B1ZZB9~K01952	80.8	736	141	0	3	738	5	740	0.0	1163
Deepurify_Bin_0ΩT2_UBT_000000003960_1	UniRef100_A0A0N9YW49~K19005	97.8	734	16	0	1	734	1	734	0.0	1415
Deepurify_Bin_2ΩT2_FOM_000000040107_6	UniRef100_B1MWE4~K19005	99.9	733	1	0	1	733	4	736	0.0	1472
Deepurify_Bin_2ΩT2_FOM_000000018066_109	UniRef100_B1MZ34~K06959	98.9	733	8	0	1	733	1	733	0.0	1392
Deepurify_Bin_0ΩT2_UBT_000000039885_58	UniRef100_A0A0N9YR16~K03581	97.3	731	19	1	1	731	1	730	0.0	1377
Deepurify_Bin_0ΩT2_UBT_000000019873_11	UniRef100_A0A0N7HB43~K08724	99.9	724	1	0	7	730	1	724	0.0	1409
Deepurify_Bin_4ΩT1_UBT_000000021839_11	UniRef100_A0A0N7HB43~K08724	74.4	722	185	0	7	728	1	722	0.0	1076
Deepurify_Bin_3ΩT1_FOM_000000035783_6	UniRef100_Q040C6~K19005	83.4	728	121	0	1	728	4	731	0.0	1251
Deepurify_Bin_0ΩT2_UBT_000000029014_8	UniRef100_A0A0N9YX01~K06959	99.4	723	4	0	5	727	2	724	0.0	1370
Deepurify_Bin_1ΩT2_UBT_000000038068_42	UniRef100_A0A0N9YX01~K06959	87.9	721	87	0	6	726	3	723	0.0	1235
Deepurify_Bin_3ΩT1_FOM_000000008989_10	UniRef100_Q03WP2~K06959	69.7	727	220	0	1	727	4	730	0.0	993
Deepurify_Bin_4ΩT1_UBT_000000024370_42	UniRef100_A0A0N9YX01~K06959	87.9	721	87	0	6	726	3	723	0.0	1235
Deepurify_Bin_0ΩT2_UBT_000000031606_130	UniRef100_K0DCH8~K03169	62.8	725	265	3	1	724	1	721	0.0	893
Deepurify_Bin_1ΩT2_UBT_000000020635_12	UniRef100_Q03PB4~K00527	60.7	743	272	6	3	726	8	749	8.52e-317	886
Deepurify_Bin_4ΩT1_UBT_000000015629_12	UniRef100_Q03PB4~K00527	60.7	743	272	6	3	726	8	749	8.52e-317	886
Deepurify_Bin_2ΩT2_FOM_000000018066_543	UniRef100_B1MXV7~K08724	99.7	726	2	0	1	726	1	726	0.0	1415
Deepurify_Bin_0ΩT2_UBT_000000044357_15	UniRef100_A0A0N7HAP7~K00525	99.7	723	2	0	1	723	1	723	0.0	1410
Deepurify_Bin_1ΩT2_UBT_000000037074_5	UniRef100_A0A0N9YTD4~K19005	99.3	723	5	0	1	723	1	723	0.0	1416
Deepurify_Bin_1ΩT2_UBT_000000011170_37	UniRef100_A0A0N7HAP7~K00525	92.8	723	52	0	1	723	1	723	0.0	1339
Deepurify_Bin_3ΩT1_FOM_000000016860_35	UniRef100_A0A1B2A172~K00525	86.6	723	97	0	1	723	1	723	0.0	1277
Deepurify_Bin_4ΩT1_UBT_000000015332_5	UniRef100_A0A0N9YTD4~K19005	84.4	723	113	0	1	723	1	723	0.0	1240
Deepurify_Bin_2ΩT2_FOM_000000050145_53	UniRef100_B1MVX6~K00525	99.9	723	1	0	1	723	1	723	0.0	1433
Deepurify_Bin_1ΩT2_UBT_000000020938_13	UniRef100_A0A0N9YRL0~K04086	90.5	702	65	2	23	722	1	702	0.0	1216
Deepurify_Bin_4ΩT1_UBT_000000001140_1	UniRef100_A0A0N9YW49~K19005	90.0	718	72	0	1	718	1	718	0.0	1292
Deepurify_Bin_2ΩT2_FOM_000000008711_38	UniRef100_B1MXG4~K19005	100	719	0	0	1	719	1	719	0.0	1424
Deepurify_Bin_2ΩT2_FOM_000000018066_470	UniRef100_B1MY29~K05366	99.6	718	3	0	1	718	5	722	0.0	1362
Deepurify_Bin_0ΩT2_UBT_000000028765_12	UniRef100_A0A0N9YPE2~K03316	98.7	717	9	0	1	717	1	717	0.0	1321
Deepurify_Bin_4ΩT1_UBT_000000001149_2	UniRef100_A0A0N9YPE2~K03316	84.2	717	113	0	1	717	1	717	0.0	1146
Deepurify_Bin_4ΩT1_UBT_000000025828_17	UniRef100_A0A1L6RC48~K02238	47.7	671	349	2	35	704	4	673	1.47e-221	641
Deepurify_Bin_3ΩT1_FOM_000000157512_7	UniRef100_Q03W32~K08724	75.9	710	169	1	5	714	1	708	0.0	1050
Deepurify_Bin_2ΩT2_FOM_000000080637_232	UniRef100_B1MVW0~K00937	99.6	714	3	0	1	714	1	714	0.0	1377
Deepurify_Bin_4ΩT1_UBT_000000003847_2	UniRef100_A0A0B5QI89~K05349	60.4	707	274	3	3	706	5	708	1.06e-298	838
Deepurify_Bin_3ΩT1_FOM_000000032648_1	UniRef100_Q03YB6~K03581	73.5	706	187	0	7	712	7	712	0.0	1052
Deepurify_Bin_3ΩT1_FOM_000000112850_5	UniRef100_K0D8H8~K00937	81.9	709	128	0	2	710	3	711	0.0	1146
Deepurify_Bin_2ΩT2_FOM_000000080637_22	UniRef100_B1N055~K21636	99.6	710	3	0	1	710	1	710	0.0	1440
Deepurify_Bin_0ΩT2_UBT_000000021629_26	UniRef100_A0A0D1LTA2~K03168	99.4	709	3	1	1	709	1	708	0.0	1324
Deepurify_Bin_1ΩT2_UBT_000000026597_45	UniRef100_A0A0D1LTA2~K03168	92.9	708	47	2	1	706	1	707	0.0	1241
Deepurify_Bin_3ΩT1_FOM_000000149631_7	UniRef100_J9YHE9~K03316	74.2	702	180	1	1	702	1	701	0.0	981
Deepurify_Bin_4ΩT1_UBT_000000014333_45	UniRef100_A0A0D1LTA2~K03168	92.9	708	47	2	1	706	1	707	0.0	1241
Deepurify_Bin_2ΩT2_FOM_000000036960_28	UniRef100_B1MWX8~K04086	99.7	706	2	0	1	706	1	706	0.0	1337
Deepurify_Bin_0ΩT2_UBT_000000032789_12	UniRef100_A0A0D1M0J8~K01811	98.7	705	9	0	1	705	1	705	0.0	1451
Deepurify_Bin_0ΩT2_UBT_000000026317_37	UniRef100_A0A0N9YRL0~K04086	99.9	705	1	0	1	705	1	705	0.0	1347
Deepurify_Bin_1ΩT2_UBT_000000039277_24	UniRef100_A0A0D1M0J8~K01811	99.0	705	7	0	1	705	1	705	0.0	1454
Deepurify_Bin_2ΩT2_FOM_000000118331_17	UniRef100_B1MX76~K01874	100	705	0	0	1	705	1	705	0.0	1390
Deepurify_Bin_3ΩT1_FOM_000000154240_9	UniRef100_A0A1X0V6F5~K01874	92.0	704	54	1	1	704	1	702	0.0	1299
Deepurify_Bin_3ΩT1_FOM_000000035651_8	UniRef100_J9YLC6~K02355	97.3	703	19	0	1	703	1	703	0.0	1336
Deepurify_Bin_2ΩT2_FOM_000000050145_8	UniRef100_B1MW21~K02355	100	703	0	0	1	703	1	703	0.0	1363
Deepurify_Bin_1ΩT2_UBT_000000065998_27	UniRef100_A0A0N9YU06~K12555	80.3	701	133	1	2	702	1	696	0.0	1065
Deepurify_Bin_4ΩT1_UBT_000000006917_27	UniRef100_A0A0N9YU06~K12555	80.3	701	133	1	2	702	1	696	0.0	1065
Deepurify_Bin_3ΩT1_FOM_000000145965_11	UniRef100_Q03Z46~K03798	91.9	670	54	0	1	670	1	670	0.0	1164
Deepurify_Bin_2ΩT2_FOM_000000025112_7	UniRef100_B1N020~K03316	100	698	0	0	1	698	1	698	0.0	1287
Deepurify_Bin_0ΩT2_UBT_000000004216_25	UniRef100_A0A0N9YU06~K12555	98.6	696	10	0	2	697	1	696	0.0	1312
Deepurify_Bin_3ΩT1_FOM_000000023918_7	UniRef100_A0A1X0VAG7~K03169	85.7	697	98	1	1	697	1	695	0.0	1218
Deepurify_Bin_2ΩT2_FOM_000000018066_631	UniRef100_B1MXM0~K03316	99.9	697	1	0	1	697	1	697	0.0	1302
Deepurify_Bin_2ΩT2_FOM_000000018066_338	UniRef100_B1MYG2~K03168	98.6	697	10	0	1	697	1	697	0.0	1280
Deepurify_Bin_2ΩT2_FOM_000000080637_111	UniRef100_B1MVJ2~K03798	99.7	696	2	0	1	696	1	696	0.0	1283
Deepurify_Bin_0ΩT2_UBT_000000088698_2	UniRef100_A0A0D1LT75~K01879	99.7	692	2	0	1	692	1	692	0.0	1328
Deepurify_Bin_3ΩT1_FOM_000000136944_6	UniRef100_Q03YN7~K03697	84.8	683	102	1	14	694	1	683	0.0	1130
Deepurify_Bin_0ΩT2_UBT_000000032789_17	UniRef100_A0A0N9YDM0~K03697	99.6	693	3	0	1	693	1	693	0.0	1307
Deepurify_Bin_0ΩT2_UBT_000000023758_27	UniRef100_A0A0N9YQ58~K21449	96.2	693	26	0	1	693	1	693	0.0	1081
Deepurify_Bin_0ΩT2_UBT_000000018558_1	UniRef100_A0A0N9YT29~K01533	98.5	659	10	0	35	693	24	682	0.0	1229
Deepurify_Bin_3ΩT1_FOM_000000001818_2	UniRef100_Q03UV7~K01421	63.7	724	217	4	2	686	3	719	1.05e-207	606
Deepurify_Bin_4ΩT1_UBT_000000003245_2	UniRef100_A0A0D1LT75~K01879	93.4	693	46	0	1	693	1	693	0.0	1247
Deepurify_Bin_0ΩT2_UBT_000000018558_106	UniRef100_A0A0N9YTX0~K03169	99.3	692	5	0	1	692	1	692	0.0	1362
Deepurify_Bin_1ΩT2_UBT_000000057430_23	UniRef100_A0A0N9YTX0~K03169	91.0	692	62	0	1	692	1	692	0.0	1255
Deepurify_Bin_2ΩT2_FOM_000000080637_93	UniRef100_B1N0C6~K03169	99.9	692	1	0	1	692	1	692	0.0	1365
Deepurify_Bin_0ΩT2_UBT_000000024729_31	UniRef100_D5T2B2~K11625	42.2	690	384	9	15	690	15	703	8.23e-165	496
Deepurify_Bin_3ΩT1_FOM_000000062405_22	UniRef100_Q03WG5~K02622	91.0	689	56	2	1	688	1	684	0.0	1238
Deepurify_Bin_3ΩT1_FOM_000000035783_13	UniRef100_Q040C1~K01533	69.5	682	205	1	7	688	4	682	0.0	905
Deepurify_Bin_2ΩT2_FOM_000000018066_67	UniRef100_B1MZ80~K12555	100	689	0	0	1	689	1	689	0.0	1350
Deepurify_Bin_1ΩT2_UBT_000000001669_3	UniRef100_A0A0N9XWP7~K03798	99.4	687	4	0	1	687	1	687	0.0	1308
Deepurify_Bin_2ΩT2_FOM_000000009452_26	UniRef100_B1MZI2~K02622	99.9	687	1	0	1	687	1	687	0.0	1354
Deepurify_Bin_2ΩT2_FOM_000000038108_15	UniRef100_B1N000~K03697	99.9	687	1	0	1	687	15	701	0.0	1307
Deepurify_Bin_1ΩT2_UBT_000000079358_29	UniRef100_A0A0N9XWP7~K03798	93.2	687	46	1	1	686	1	687	0.0	1228
Deepurify_Bin_4ΩT1_UBT_000000021238_33	UniRef100_A0A0N9XWP7~K03798	93.2	687	46	1	1	686	1	687	0.0	1228
Deepurify_Bin_2ΩT2_FOM_000000018066_87	UniRef100_B1MZ60~K01879	99.4	686	4	0	1	686	1	686	0.0	1315
Deepurify_Bin_4ΩT1_UBT_000000001140_21	UniRef100_A0A0N9Y7F1~K03316	87.9	685	81	1	1	685	1	683	0.0	1121
Deepurify_Bin_0ΩT2_UBT_000000025704_7	UniRef100_A0A200IXF4~K00687	38.9	684	383	14	19	672	33	711	3.73e-132	412
Deepurify_Bin_0ΩT2_UBT_000000003960_21	UniRef100_A0A0N9Y7F1~K03316	99.9	683	1	0	1	683	1	683	0.0	1258
Deepurify_Bin_0ΩT2_UBT_000000039885_42	UniRef100_A0A0N9YRT5~K00937	97.2	683	19	0	1	683	1	683	0.0	1303
Deepurify_Bin_1ΩT2_UBT_000000006722_7	UniRef100_A0A248V9R1~K00687	38.3	700	391	15	2	671	23	711	1.13e-131	410
Deepurify_Bin_3ΩT1_FOM_000000006674_15	UniRef100_A0A1X0V8C8~K02470	92.7	672	47	1	13	682	1	672	0.0	1218
Deepurify_Bin_4ΩT1_UBT_000000000739_7	UniRef100_A0A248V9R1~K00687	38.3	700	391	15	2	671	23	711	1.13e-131	410
Deepurify_Bin_2ΩT2_FOM_000000118331_39	UniRef100_A0A0R2IUV7~K21465	36.8	691	400	10	8	674	3	680	5.07e-133	413
Deepurify_Bin_3ΩT1_FOM_000000149631_18	UniRef100_J9YIE2~K02755&K02757&K02756	82.1	683	119	2	1	681	1	682	0.0	1079
Deepurify_Bin_3ΩT1_FOM_000000136944_3	UniRef100_A0A1B1ZZL9~K01972	82.5	680	119	0	1	680	1	680	0.0	1093
Deepurify_Bin_2ΩT2_FOM_000000040107_13	UniRef100_J9YLL9~K01533	73.3	658	176	0	17	674	20	677	0.0	926
Deepurify_Bin_2ΩT2_FOM_000000018066_592	UniRef100_B1MXQ8~K01972	99.7	681	2	0	1	681	1	681	0.0	1313
Deepurify_Bin_3ΩT1_FOM_000000013027_2	UniRef100_A0A0R2IUV7~K21465	37.1	674	402	10	17	673	12	680	4.12e-131	408
Deepurify_Bin_0ΩT2_UBT_000000031606_9	UniRef100_A0A0N9XUU1~K01972	99.4	678	4	0	1	678	1	678	0.0	1299
Deepurify_Bin_1ΩT2_UBT_000000088512_12	UniRef100_A0A0N9XYA3~K03655	96.5	678	24	0	1	678	1	678	0.0	1291
Deepurify_Bin_1ΩT2_UBT_000000031997_18	UniRef100_A0A0N9XUU1~K01972	86.0	671	94	0	7	677	6	676	0.0	1130
Deepurify_Bin_4ΩT1_UBT_000000024386_12	UniRef100_A0A0N9XYA3~K03655	96.5	678	24	0	1	678	1	678	0.0	1291
Deepurify_Bin_1ΩT2_UBT_000000065998_50	UniRef100_T2F4Y2~K03316	30.1	668	440	10	1	662	1	647	1.40e-69	245
Deepurify_Bin_3ΩT1_FOM_000000081119_15	UniRef100_A0A1B2A1S1~K03655	82.1	676	121	0	1	676	1	676	0.0	1114
Deepurify_Bin_4ΩT1_UBT_000000006917_50	UniRef100_T2F4Y2~K03316	30.1	668	440	10	1	662	1	647	1.40e-69	245
Deepurify_Bin_2ΩT2_FOM_000000025112_13	UniRef100_B1N026~K03655	98.8	676	8	0	1	676	1	676	0.0	1292
Deepurify_Bin_2ΩT2_FOM_000000018066_311	UniRef100_B1MYI9~K03549	99.7	674	2	0	3	676	1	674	0.0	1310
Deepurify_Bin_0ΩT2_UBT_000000044357_6	UniRef100_A0A0N7HAP8~K02804&K02803&K02802	99.0	673	7	0	1	673	1	673	0.0	1274
Deepurify_Bin_1ΩT2_UBT_000000011170_28	UniRef100_A0A0N7HAP8~K02804&K02803&K02802	89.9	673	68	0	1	673	1	673	0.0	1196
Deepurify_Bin_2ΩT2_FOM_000000080637_100	UniRef100_B1MVI1~K02755&K02757&K02756	99.3	673	5	0	1	673	1	673	0.0	1280
Deepurify_Bin_1ΩT2_UBT_000000026597_49	UniRef100_A0A1L6RC50~K02622	86.9	672	88	0	1	672	1	672	0.0	1164
Deepurify_Bin_4ΩT1_UBT_000000014333_49	UniRef100_A0A1L6RC50~K02622	86.9	672	88	0	1	672	1	672	0.0	1164
Deepurify_Bin_0ΩT2_UBT_000000039885_64	UniRef100_A0A0N9Y5T6~K02470	99.9	671	1	0	1	671	1	671	0.0	1321
Deepurify_Bin_1ΩT2_UBT_000000031997_21	UniRef100_A0A0N9YM04~K03702	95.4	671	30	1	1	671	1	670	0.0	1243
Deepurify_Bin_1ΩT2_UBT_000000038068_33	UniRef100_A0A0N9YT29~K01533	74.8	638	160	1	33	670	46	682	0.0	899
Deepurify_Bin_0ΩT2_UBT_000000031606_5	UniRef100_A0A0N9YM04~K03702	99.7	670	2	0	1	670	1	670	0.0	1285
Deepurify_Bin_3ΩT1_FOM_000000086418_2	UniRef100_A0A1X0VAL5~K03702	88.8	669	74	1	1	669	1	668	0.0	1175
Deepurify_Bin_2ΩT2_FOM_000000153740_25	UniRef100_B1MW33~K02470	99.9	669	1	0	1	669	1	669	0.0	1301
Deepurify_Bin_4ΩT1_UBT_000000024370_33	UniRef100_A0A0N9YT29~K01533	75.4	627	153	1	41	667	57	682	0.0	897
Deepurify_Bin_2ΩT2_FOM_000000008711_37	UniRef100_B1MXG5~K03702	99.9	668	1	0	1	668	1	668	0.0	1286
Deepurify_Bin_0ΩT2_UBT_000000034263_23	UniRef100_A0A0N9Y4X7~K03572	99.7	665	2	0	1	665	1	665	0.0	1295
Deepurify_Bin_1ΩT2_UBT_000000080035_23	UniRef100_A0A0N9Y4X7~K03572	89.6	665	69	0	1	665	1	665	0.0	1187
Deepurify_Bin_4ΩT1_UBT_000000027904_23	UniRef100_A0A0N9Y4X7~K03572	89.6	665	69	0	1	665	1	665	0.0	1187
Deepurify_Bin_2ΩT2_FOM_000000025112_11	UniRef100_B1N024~K03572	98.8	668	5	1	1	665	1	668	0.0	1276
Deepurify_Bin_0ΩT2_UBT_000000028765_13	UniRef100_A0A0N9XS02~K01874	99.8	664	1	0	1	664	1	664	0.0	1318
Deepurify_Bin_4ΩT1_UBT_000000001149_1	UniRef100_A0A0N9XS02~K01874	97.3	664	18	0	1	664	1	664	0.0	1293
Deepurify_Bin_3ΩT1_FOM_000000080098_3	UniRef100_A0A291MJS8~K02004&K02003	44.7	669	358	7	1	662	1	664	8.75e-164	491
Deepurify_Bin_2ΩT2_FOM_000000029022_47	UniRef100_A0A0D6DVY3~K00694	55.0	613	270	4	19	627	19	629	3.65e-236	675
Deepurify_Bin_2ΩT2_FOM_000000008711_45	UniRef100_A0A291MJS8~K02004&K02003	44.1	669	360	5	1	660	1	664	2.93e-161	484
Deepurify_Bin_1ΩT2_UBT_000000059045_27	UniRef100_A0A291MJS8~K02004&K02003	47.5	667	339	5	1	659	1	664	4.36e-183	540
Deepurify_Bin_4ΩT1_UBT_000000002201_26	UniRef100_A0A291MJS8~K02004&K02003	47.1	666	343	4	1	659	1	664	4.36e-183	540
Deepurify_Bin_0ΩT2_UBT_000000046529_16	UniRef100_A0A0D1K5H2~K12132	98.6	634	9	0	1	634	1	634	0.0	1090
Deepurify_Bin_3ΩT1_FOM_000000157512_37	UniRef100_Q03W56~K07462	71.1	655	189	0	1	655	1	655	0.0	945
Deepurify_Bin_2ΩT2_FOM_000000038108_110	UniRef100_B1MZQ3~K07462	99.5	654	3	0	1	654	1	654	0.0	1269
Deepurify_Bin_3ΩT1_FOM_000000073987_2	UniRef100_K0DAT4~K01868	90.2	651	64	0	1	651	1	651	0.0	1191
Deepurify_Bin_3ΩT1_FOM_000000070293_7	UniRef100_A0A0N7HAP8~K02804&K02803&K02802	66.7	664	207	6	1	653	13	673	5.26e-313	870
Deepurify_Bin_2ΩT2_FOM_000000018066_504	UniRef100_B1MXZ5~K01868	99.8	653	1	0	1	653	1	653	0.0	1308
Deepurify_Bin_0ΩT2_UBT_000000034263_7	UniRef100_A0A0N9XV33~K06158	99.1	652	6	0	1	652	1	652	0.0	1220
Deepurify_Bin_1ΩT2_UBT_000000080035_5	UniRef100_A0A0N9XV33~K06158	91.7	651	54	0	1	651	1	651	0.0	1137
Deepurify_Bin_4ΩT1_UBT_000000027904_5	UniRef100_A0A0N9XV33~K06158	91.7	651	54	0	1	651	1	651	0.0	1137
Deepurify_Bin_2ΩT2_FOM_000000038108_169	UniRef100_B1MZJ6~K02809&K02808&K02810	99.5	652	3	0	1	652	9	660	0.0	1228
Deepurify_Bin_3ΩT1_FOM_000000145965_17	UniRef100_K0D5W7~K09384	72.7	645	176	0	1	645	1	645	0.0	954
Deepurify_Bin_1ΩT2_UBT_000000037074_9	UniRef100_A0A0D1K8B6~K02470	99.7	648	2	0	1	648	1	648	0.0	1263
Deepurify_Bin_3ΩT1_FOM_000000102875_2	UniRef100_K0D9M1~K02809&K02808&K02810	80.5	650	116	3	1	646	1	643	0.0	1011
Deepurify_Bin_4ΩT1_UBT_000000015332_9	UniRef100_A0A0D1K8B6~K02470	95.4	648	30	0	1	648	1	648	0.0	1216
Deepurify_Bin_0ΩT2_UBT_000000065368_16	UniRef100_A0A0N9YRY4~K02809&K02808&K02810	92.4	643	49	0	1	643	1	643	0.0	1154
Deepurify_Bin_0ΩT2_UBT_000000026317_18	UniRef100_A0A0N9YGP3~K02768&K02769&K02770	98.4	645	10	0	1	645	1	645	0.0	1186
Deepurify_Bin_0ΩT2_UBT_000000021629_72	UniRef100_A0A0N9YRY4~K02809&K02808&K02810	98.9	645	7	0	1	645	1	645	0.0	1234
Deepurify_Bin_2ΩT2_FOM_000000018066_369	UniRef100_B1MYC6~K00615	99.5	645	3	0	1	645	1	645	0.0	1251
Deepurify_Bin_0ΩT2_UBT_000000034263_4	UniRef100_A0A0N9YR30~K00712	99.2	644	5	0	1	644	1	644	0.0	1180
Deepurify_Bin_1ΩT2_UBT_000000080035_3	UniRef100_A0A0N9YR30~K00712	84.9	642	97	0	1	642	1	642	0.0	1060
Deepurify_Bin_3ΩT1_FOM_000000096220_4	UniRef100_Q03XT4~K16209	88.0	641	75	1	1	641	1	639	0.0	1087
Deepurify_Bin_4ΩT1_UBT_000000027904_3	UniRef100_A0A0N9YR30~K00712	84.9	642	97	0	1	642	1	642	0.0	1060
Deepurify_Bin_4ΩT1_UBT_000000016062_3	UniRef100_A0A0D1LMW3~K12574	94.9	564	29	0	1	564	1	564	0.0	1040
Deepurify_Bin_2ΩT2_FOM_000000038108_75	UniRef100_B1MZU1~K02768&K02769&K02770	99.5	639	3	0	1	639	1	639	0.0	1199
Deepurify_Bin_0ΩT2_UBT_000000031606_123	UniRef100_A0A0N9YSG7~K02316	99.2	637	5	0	1	637	1	637	0.0	1249
Deepurify_Bin_2ΩT2_FOM_000000118331_70	UniRef100_A8YW62~K07316	47.7	654	279	14	1	637	1	608	2.31e-184	540
Deepurify_Bin_2ΩT2_FOM_000000018066_475	UniRef100_B1MY24~K02004	99.2	637	5	0	1	637	1	637	0.0	1170
Deepurify_Bin_0ΩT2_UBT_000000028765_2	UniRef100_A0A0N9XRZ4~K02753&K02752	98.7	636	8	0	1	636	1	636	0.0	1175
Deepurify_Bin_1ΩT2_UBT_000000020938_44	UniRef100_A0A0N9YSG7~K02316	84.6	637	96	1	1	635	1	637	0.0	1073
Deepurify_Bin_1ΩT2_UBT_000000013024_7	UniRef100_A0A0N7HAW5~K01190	64.0	631	227	0	1	631	1	631	2.92e-313	868
Deepurify_Bin_0ΩT2_UBT_000000026317_36	UniRef100_A0A0N7HAW5~K01190	99.4	631	4	0	1	631	1	631	0.0	1285
Deepurify_Bin_1ΩT2_UBT_000000065065_9	UniRef100_A0A0N9XWS6~K07652	91.7	625	52	0	7	631	1	625	0.0	1102
Deepurify_Bin_1ΩT2_UBT_000000079358_15	UniRef100_A0A0N9YPL6~K00700	85.9	629	89	0	1	629	1	629	0.0	1145
Deepurify_Bin_3ΩT1_FOM_000000096995_11	UniRef100_A0A1L6RBD7~K01190	75.2	630	155	1	1	630	1	629	0.0	1015
Deepurify_Bin_4ΩT1_UBT_000000021238_19	UniRef100_A0A0N9YPL6~K00700	85.9	629	89	0	1	629	1	629	0.0	1145
Deepurify_Bin_1ΩT2_UBT_000000001669_18	UniRef100_A0A0N9YPL6~K00700	99.0	630	6	0	1	630	1	630	0.0	1301
Deepurify_Bin_3ΩT1_FOM_000000001097_3	UniRef100_Q03UX4~K07386	71.9	630	177	0	1	630	1	630	0.0	958
Deepurify_Bin_4ΩT1_UBT_000000018112_36	UniRef100_A0A0N9Y466~K07386	89.7	631	64	1	1	630	1	631	0.0	1155
Deepurify_Bin_2ΩT2_FOM_000000029022_66	UniRef100_B1MWT4~K07386	99.0	630	6	0	1	630	1	630	0.0	1255
Deepurify_Bin_2ΩT2_FOM_000000018066_556	UniRef100_B1MXU4~K12132	99.7	630	2	0	1	630	1	630	0.0	1117
Deepurify_Bin_0ΩT2_UBT_000000027622_8	UniRef100_A0A0N9XWS6~K07652	99.8	625	1	0	5	629	1	625	0.0	1179
Deepurify_Bin_0ΩT2_UBT_000000045448_23	UniRef100_A0A0D1LLU7~K15738	99.4	629	4	0	1	629	1	629	0.0	1193
Deepurify_Bin_1ΩT2_UBT_000000082767_23	UniRef100_A0A0D1LLU7~K15738	98.4	629	10	0	1	629	1	629	0.0	1186
Deepurify_Bin_4ΩT1_UBT_000000004766_23	UniRef100_A0A0D1LLU7~K15738	98.4	629	10	0	1	629	1	629	0.0	1186
Deepurify_Bin_2ΩT2_FOM_000000018066_340	UniRef100_B1MYG0~K15738	98.9	626	7	0	1	626	1	626	0.0	1186
Deepurify_Bin_3ΩT1_FOM_000000008989_3	UniRef100_Q03WP7~K15738	81.7	623	114	0	1	623	1	623	0.0	988
Deepurify_Bin_0ΩT2_UBT_000000018558_35	UniRef100_Q03NN2~K01303	36.7	646	377	16	1	617	5	647	2.21e-122	382
Deepurify_Bin_1ΩT2_UBT_000000039277_117	UniRef100_Q03NN2~K01303	35.7	658	364	16	2	617	7	647	5.31e-120	376
Deepurify_Bin_2ΩT2_FOM_000000036960_42	UniRef100_B1MWW7~K07652	100	623	0	0	1	623	1	623	0.0	1163
Deepurify_Bin_3ΩT1_FOM_000000063874_9	UniRef100_Q03UV2~K07652	89.9	621	63	0	1	621	3	623	0.0	1063
Deepurify_Bin_3ΩT1_FOM_000000083802_2	UniRef100_Q03WY3~K03596	94.2	620	36	0	1	620	1	620	0.0	1137
Deepurify_Bin_2ΩT2_FOM_000000018066_326	UniRef100_B1MYH3~K02316	99.2	620	5	0	1	620	1	620	0.0	1190
Deepurify_Bin_2ΩT2_FOM_000000018066_90	UniRef100_B1MZ57~K03596	99.7	617	2	0	1	617	1	617	0.0	1189
Deepurify_Bin_0ΩT2_UBT_000000041089_5	UniRef100_A0A0N9YSC8~K03596	99.5	616	3	0	1	616	1	616	0.0	1191
Deepurify_Bin_1ΩT2_UBT_000000024381_12	UniRef100_A0A0N9YSC8~K03596	99.2	616	5	0	1	616	1	616	0.0	1186
Deepurify_Bin_3ΩT1_FOM_000000101154_14	UniRef100_A0A1B2A0M7~K02035	71.5	618	174	2	1	616	1	618	0.0	880
Deepurify_Bin_2ΩT2_FOM_000000018066_259	UniRef100_B1MYN9~K01126	99.2	616	5	0	1	616	1	616	0.0	1137
Deepurify_Bin_2ΩT2_FOM_000000009452_9	UniRef100_B1MZG6~K04043	99.8	595	1	0	1	595	1	595	0.0	1110
Deepurify_Bin_0ΩT2_UBT_000000046295_16	UniRef100_A0A0N9YQ44~K02343	98.5	612	9	0	1	612	1	612	0.0	1090
Deepurify_Bin_2ΩT2_FOM_000000009452_4	UniRef100_B1MZG1~K06207	100	612	0	0	1	612	1	612	0.0	1177
Deepurify_Bin_0ΩT2_UBT_000000029014_2	UniRef100_A0A0N9YWR9~K02755&K02757&K02756	99.8	610	1	0	1	610	1	610	0.0	1159
Deepurify_Bin_1ΩT2_UBT_000000076338_42	UniRef100_A0A0D1K5H2~K12132	72.4	576	154	1	1	576	1	571	6.92e-301	837
Deepurify_Bin_1ΩT2_UBT_000000076338_5	UniRef100_A0A0D1K5H2~K12132	72.4	576	154	1	1	576	1	571	6.92e-301	837
Deepurify_Bin_3ΩT1_FOM_000000075101_4	UniRef100_Q03US5~K03654	86.0	601	84	0	10	610	1	601	0.0	1037
Deepurify_Bin_4ΩT1_UBT_000000027144_20	UniRef100_A0A0D1K5H2~K12132	72.4	576	154	1	1	576	1	571	6.92e-301	837
Deepurify_Bin_0ΩT2_UBT_000000006030_22	UniRef100_A0A0N9YNT5~K02035	91.8	597	49	0	14	610	1	597	0.0	1129
Deepurify_Bin_0ΩT2_UBT_000000004216_33	UniRef100_H5SWK6~K06147	67.0	615	187	1	10	608	11	625	6.41e-279	780
Deepurify_Bin_0ΩT2_UBT_000000025704_4	UniRef100_A0A0N9XUV0~K03654	99.2	609	5	0	1	609	1	609	0.0	1177
Deepurify_Bin_0ΩT2_UBT_000000034542_79	UniRef100_A0A0N9XV81~K04043	99.8	609	1	0	1	609	1	609	0.0	1141
Deepurify_Bin_0ΩT2_UBT_000000004216_16	UniRef100_A0A0N7HAL7~K00158	72.9	609	162	2	1	609	1	606	0.0	897
Deepurify_Bin_1ΩT2_UBT_000000013024_2	UniRef100_A0A0N7HAL7~K00158	73.4	609	159	2	1	609	1	606	0.0	902
Deepurify_Bin_1ΩT2_UBT_000000041069_18	UniRef100_A0A0N9XV81~K04043	96.7	609	20	0	1	609	1	609	0.0	1111
Deepurify_Bin_2ΩT2_FOM_000000029022_40	UniRef100_B1MWN9~K02755&K02757&K02756	99.3	609	4	0	1	609	1	609	0.0	1157
Deepurify_Bin_2ΩT2_FOM_000000153740_87	UniRef100_B1MWI0~K03654	99.3	605	4	0	1	605	1	605	0.0	1182
Deepurify_Bin_0ΩT2_UBT_000000009241_17	UniRef100_A0A0N7HAL7~K00158	99.5	606	3	0	1	606	1	606	0.0	1207
Deepurify_Bin_1ΩT2_UBT_000000006722_4	UniRef100_A0A0N9XUV0~K03654	88.3	605	71	0	1	605	1	605	0.0	1059
Deepurify_Bin_1ΩT2_UBT_000000014026_15	UniRef100_A0A0N7HAL7~K00158	90.1	606	60	0	1	606	1	606	0.0	1108
Deepurify_Bin_4ΩT1_UBT_000000000739_4	UniRef100_A0A0N9XUV0~K03654	88.3	605	71	0	1	605	1	605	0.0	1059
Deepurify_Bin_4ΩT1_UBT_000000003269_6	UniRef100_A0A0N7HAL7~K00158	90.1	606	60	0	1	606	1	606	0.0	1108
Deepurify_Bin_0ΩT2_UBT_000000045448_30	UniRef100_A0A0N7HAX4~K00820	99.7	605	2	0	1	605	1	605	0.0	1168
Deepurify_Bin_1ΩT2_UBT_000000082767_27	UniRef100_A0A0N7HAX4~K00820	94.5	605	33	0	1	605	1	605	0.0	1122
Deepurify_Bin_4ΩT1_UBT_000000004766_27	UniRef100_A0A0N7HAX4~K00820	94.5	605	33	0	1	605	1	605	0.0	1122
Deepurify_Bin_2ΩT2_FOM_000000153740_70	UniRef100_B1MWG2~K01081	99.0	605	6	0	1	605	1	605	0.0	1170
Deepurify_Bin_2ΩT2_FOM_000000018066_497	UniRef100_B1MY02~K12574	99.3	605	4	0	1	605	1	605	0.0	1151
Deepurify_Bin_0ΩT2_UBT_000000044674_23	UniRef100_A0A0N9YLB4~K08602	99.7	604	2	0	1	604	1	604	0.0	1182
Deepurify_Bin_2ΩT2_FOM_000000080637_208	UniRef100_B1MVT7~K02343	98.0	604	12	0	1	604	1	604	0.0	1088
Deepurify_Bin_3ΩT1_FOM_000000083219_7	UniRef100_H2IAS7~K08602	36.5	539	321	6	74	600	67	596	1.50e-99	321
Deepurify_Bin_1ΩT2_UBT_000000018272_10	UniRef100_H2IAS7~K08602	35.0	537	339	6	70	599	63	596	4.59e-88	291
Deepurify_Bin_1ΩT2_UBT_000000066925_28	UniRef100_A0A0N9YLB4~K08602	88.5	602	69	0	1	602	1	602	0.0	1066
Deepurify_Bin_3ΩT1_FOM_000000016860_9	UniRef100_Q03ZG9~K02343	62.3	608	188	7	1	602	3	575	2.55e-237	672
Deepurify_Bin_4ΩT1_UBT_000000008966_10	UniRef100_H2IAS7~K08602	35.0	537	339	6	70	599	63	596	4.59e-88	291
Deepurify_Bin_4ΩT1_UBT_000000007542_28	UniRef100_A0A0N9YLB4~K08602	88.5	602	69	0	1	602	1	602	0.0	1066
Deepurify_Bin_0ΩT2_UBT_000000044674_3	UniRef100_A0A0D1LIT4~K01876	99.7	601	2	0	1	601	1	601	0.0	1169
Deepurify_Bin_1ΩT2_UBT_000000024690_14	UniRef100_H2IAS7~K08602	35.1	542	332	8	70	599	63	596	2.42e-87	289
Deepurify_Bin_1ΩT2_UBT_000000031997_9	UniRef100_A0A0N9YNT5~K02035	80.2	601	115	2	1	601	1	597	0.0	987
Deepurify_Bin_1ΩT2_UBT_000000066925_3	UniRef100_A0A0D1LIT4~K01876	95.8	601	25	0	1	601	1	601	0.0	1135
Deepurify_Bin_4ΩT1_UBT_000000007542_3	UniRef100_A0A0D1LIT4~K01876	95.8	601	25	0	1	601	1	601	0.0	1135
Deepurify_Bin_2ΩT2_FOM_000000018066_441	UniRef100_B1MY58~K00820	99.2	601	5	0	1	601	1	601	0.0	1137
Deepurify_Bin_0ΩT2_UBT_000000018558_73	UniRef100_A0A1L6RD70~K19173	56.0	600	263	1	1	600	47	645	4.86e-232	662
Deepurify_Bin_0ΩT2_UBT_000000039885_46	UniRef100_A0A0N7HAT8~K00158	98.3	599	10	0	1	599	1	599	0.0	1155
Deepurify_Bin_3ΩT1_FOM_000000079945_9	UniRef100_Q03YT7~K03703	89.6	599	62	0	1	599	1	599	0.0	1067
Deepurify_Bin_3ΩT1_FOM_000000063874_20	UniRef100_Q03UW4~K18890	84.4	598	93	0	1	598	1	598	0.0	1001
Deepurify_Bin_4ΩT1_UBT_000000007014_21	UniRef100_A0A0N9YQ44~K02343	82.5	623	74	5	1	599	1	612	0.0	932
Deepurify_Bin_2ΩT2_FOM_000000118331_28	UniRef100_A7MVW5~K08602	32.4	598	392	9	6	597	5	596	4.61e-91	298
Deepurify_Bin_3ΩT1_FOM_000000080098_2	UniRef100_Q04EA8~K18104	79.3	588	122	0	10	597	11	598	0.0	914
Deepurify_Bin_2ΩT2_FOM_000000080637_25	UniRef100_B1N058~K03703	99.8	574	1	0	25	598	1	574	0.0	1134
Deepurify_Bin_0ΩT2_UBT_000000088698_15	UniRef100_A0A0N9YRZ4~K03703	99.7	597	2	0	1	597	1	597	0.0	1166
Deepurify_Bin_0ΩT2_UBT_000000027995_1	UniRef100_A0A0N9XTA4~K11085	98.2	597	11	0	1	597	1	597	0.0	1100
Deepurify_Bin_4ΩT1_UBT_000000003245_16	UniRef100_A0A0N9YRZ4~K03703	94.3	597	34	0	1	597	1	597	0.0	1108
Deepurify_Bin_4ΩT1_UBT_000000018109_37	UniRef100_A0A0N9XTA4~K11085	88.3	597	70	0	1	597	1	597	0.0	995
Deepurify_Bin_0ΩT2_UBT_000000006030_20	UniRef100_A0A0N9XWL9~K18890	97.5	596	15	0	1	596	1	596	0.0	1107
Deepurify_Bin_1ΩT2_UBT_000000038068_16	UniRef100_A0A0N9YU50~K02004	66.9	595	193	4	1	594	1	592	5.32e-261	733
Deepurify_Bin_4ΩT1_UBT_000000024370_16	UniRef100_A0A0N9YU50~K02004	66.9	595	193	4	1	594	1	592	5.32e-261	733
Deepurify_Bin_2ΩT2_FOM_000000035880_9	UniRef100_B1MXD0~K08602	100	595	0	0	1	595	11	605	0.0	1199
Deepurify_Bin_1ΩT2_UBT_000000036495_10	UniRef100_A0A0N9YK52~K18892	99.0	594	6	0	1	594	1	594	0.0	1127
Deepurify_Bin_3ΩT1_FOM_000000098250_3	UniRef100_A0A1B1ZZ71~K01208	91.6	594	50	0	1	594	1	594	0.0	1149
Deepurify_Bin_4ΩT1_UBT_000000006101_10	UniRef100_A0A0N9YK52~K18892	99.2	594	5	0	1	594	1	594	0.0	1130
Deepurify_Bin_4ΩT1_UBT_000000018112_24	UniRef100_A0A0N9YK52~K18892	92.6	594	44	0	1	594	1	594	0.0	1069
Deepurify_Bin_0ΩT2_UBT_000000016425_35	UniRef100_A0A0N9YM34~K03596	96.6	593	20	0	1	593	1	593	0.0	1098
Deepurify_Bin_0ΩT2_UBT_000000026317_32	UniRef100_A0A0N9YM34~K03596	99.3	593	4	0	1	593	1	593	0.0	1130
Deepurify_Bin_1ΩT2_UBT_000000031997_11	UniRef100_A0A0N9XWL9~K18890	75.6	586	143	0	6	591	7	592	3.24e-310	858
Deepurify_Bin_1ΩT2_UBT_000000011286_23	UniRef100_A0A1Y6JZM9~K01126	31.6	589	387	9	11	592	12	591	3.34e-75	256
Deepurify_Bin_3ΩT1_FOM_000000045659_6	UniRef100_Q03Z64~K18892	85.5	593	86	0	1	593	1	593	0.0	990
Deepurify_Bin_4ΩT1_UBT_000000002880_23	UniRef100_A0A1Y6JZM9~K01126	31.6	589	387	9	11	592	12	591	3.34e-75	256
Deepurify_Bin_2ΩT2_FOM_000000008711_43	UniRef100_B1MXF9~K18892	99.8	593	1	0	1	593	1	593	0.0	1128
Deepurify_Bin_0ΩT2_UBT_000000024729_8	UniRef100_J9W921~K01126	32.6	568	369	7	12	572	14	574	1.17e-75	258
Deepurify_Bin_0ΩT2_UBT_000000018558_16	UniRef100_A0A0N9YU50~K02004	99.3	592	4	0	1	592	1	592	0.0	1096
Deepurify_Bin_3ΩT1_FOM_000000157512_47	UniRef100_D5T128~K11085	78.7	591	126	0	1	591	8	598	2.13e-317	877
Deepurify_Bin_3ΩT1_FOM_000000063874_19	UniRef100_A0A1B2A0J3~K18889	80.6	587	113	1	1	586	1	587	0.0	894
Deepurify_Bin_2ΩT2_FOM_000000018066_513	UniRef100_B1MXY7~K11085	98.5	591	9	0	1	591	8	598	0.0	1085
Deepurify_Bin_1ΩT2_UBT_000000088512_16	UniRef100_A0A0D6E0I5~K10254	79.2	590	120	2	1	590	1	587	0.0	961
Deepurify_Bin_3ΩT1_FOM_000000149631_15	UniRef100_Q03YV1~K10254	90.3	590	57	0	1	590	1	590	0.0	1114
Deepurify_Bin_4ΩT1_UBT_000000024386_16	UniRef100_A0A0D6E0I5~K10254	79.2	590	120	2	1	590	1	587	0.0	961
Deepurify_Bin_2ΩT2_FOM_000000018066_397	UniRef100_B1MY98~K01876	99.7	589	2	0	1	589	1	589	0.0	1167
Deepurify_Bin_0ΩT2_UBT_000000021322_35	UniRef100_A0A0N9YTJ0~K18104	99.1	588	5	0	1	588	1	588	0.0	1117
Deepurify_Bin_1ΩT2_UBT_000000039277_95	UniRef100_A0A0N9YTJ0~K18104	86.6	588	79	0	1	588	1	588	0.0	991
Deepurify_Bin_1ΩT2_UBT_000000065998_85	UniRef100_A5VLX9~K01208	62.6	588	217	3	1	585	2	589	2.89e-277	774
Deepurify_Bin_4ΩT1_UBT_000000006917_85	UniRef100_A5VLX9~K01208	62.6	588	217	3	1	585	2	589	2.89e-277	774
Deepurify_Bin_0ΩT2_UBT_000000044357_32	UniRef100_A0A0N7HAP5~K16012	98.5	585	9	0	1	585	1	585	0.0	1102
Deepurify_Bin_0ΩT2_UBT_000000006030_21	UniRef100_A0A0N9YPG9~K18889	97.9	585	12	0	1	585	1	585	0.0	1090
Deepurify_Bin_1ΩT2_UBT_000000011170_58	UniRef100_A0A0N7HAP5~K16012	81.3	582	108	1	1	581	1	582	0.0	917
Deepurify_Bin_2ΩT2_FOM_000000018066_144	UniRef100_B1MYZ7~K18104	99.1	583	5	0	1	583	1	583	0.0	1092
Deepurify_Bin_1ΩT2_UBT_000000031997_10	UniRef100_A0A0N9YPG9~K18889	71.4	581	166	0	1	581	1	581	1.03e-298	828
Deepurify_Bin_0ΩT2_UBT_000000004216_34	UniRef100_G8P4X1~K06147	62.3	581	218	1	1	580	1	581	3.35e-239	677
Deepurify_Bin_0ΩT2_UBT_000000044357_33	UniRef100_A0A0D1LLB1~K16013	99.3	577	4	0	1	577	1	577	0.0	1097
Deepurify_Bin_0ΩT2_UBT_000000035055_4	UniRef100_A0A0D1M218~K06286	100	577	0	0	1	577	1	577	0.0	1061
Deepurify_Bin_1ΩT2_UBT_000000014623_5	UniRef100_A0A0D1M218~K06286	84.9	576	87	0	1	576	1	576	0.0	903
Deepurify_Bin_1ΩT2_UBT_000000011170_59	UniRef100_A0A0D1LLB1~K16013	80.4	577	113	0	1	577	1	577	0.0	885
Deepurify_Bin_4ΩT1_UBT_000000004550_21	UniRef100_A0A0N9Y7H3~K08483	96.5	575	20	0	1	575	1	575	0.0	1071
Deepurify_Bin_4ΩT1_UBT_000000021216_23	UniRef100_A0A0N9Y7H3~K08483	99.8	575	1	0	1	575	1	575	0.0	1098
Deepurify_Bin_2ΩT2_FOM_000000018066_596	UniRef100_B1MXQ4~K16013	99.5	575	3	0	1	575	1	575	0.0	1081
Deepurify_Bin_0ΩT2_UBT_000000004216_106	UniRef100_A0A0D1LUG3~K01835	99.7	574	2	0	1	574	1	574	0.0	1113
Deepurify_Bin_1ΩT2_UBT_000000065998_125	UniRef100_A0A0D1LUG3~K01835	95.8	574	24	0	1	574	1	574	0.0	1079
Deepurify_Bin_4ΩT1_UBT_000000006917_124	UniRef100_A0A0D1LUG3~K01835	95.8	574	24	0	1	574	1	574	0.0	1079
Deepurify_Bin_2ΩT2_FOM_000000018066_595	UniRef100_B1MXQ5~K16012	99.8	574	1	0	1	574	1	574	0.0	1099
Deepurify_Bin_0ΩT2_UBT_000000035055_55	UniRef100_A0A0N9YNI4~K01881	99.7	573	2	0	1	573	1	573	0.0	1111
Deepurify_Bin_1ΩT2_UBT_000000014623_36	UniRef100_A0A0N9YNI4~K01881	95.6	573	25	0	1	573	1	573	0.0	1078
Deepurify_Bin_1ΩT2_UBT_000000026597_54	UniRef100_A0A0N9YLV8~K02001&K02002	82.5	571	100	0	3	573	2	572	0.0	938
Deepurify_Bin_3ΩT1_FOM_000000134724_3	UniRef100_A0A1X0V5J7~K02001&K02002	84.5	573	89	0	1	573	1	573	0.0	967
Deepurify_Bin_3ΩT1_FOM_000000045659_7	UniRef100_Q03Z65~K18891	80.4	571	112	0	1	571	1	571	0.0	878
Deepurify_Bin_4ΩT1_UBT_000000014333_54	UniRef100_A0A0N9YLV8~K02001&K02002	82.5	571	100	0	3	573	2	572	0.0	938
Deepurify_Bin_0ΩT2_UBT_000000021629_18	UniRef100_A0A0N9YLV8~K02001&K02002	99.5	572	3	0	1	572	1	572	0.0	1104
Deepurify_Bin_1ΩT2_UBT_000000057430_25	UniRef100_A0A0N9YHT8~K03581	84.9	563	85	0	1	563	1	563	0.0	924
Deepurify_Bin_2ΩT2_FOM_000000008711_44	UniRef100_B1MXF8~K18891	99.1	572	5	0	1	572	1	572	0.0	1058
Deepurify_Bin_3ΩT1_FOM_000000096995_18	UniRef100_A0A1X0V600~K06286	85.6	570	82	0	1	570	1	570	0.0	910
Deepurify_Bin_2ΩT2_FOM_000000080637_152	UniRef100_B1MVN3~K08483	99.5	571	3	0	1	571	1	571	0.0	1078
Deepurify_Bin_2ΩT2_FOM_000000018066_437	UniRef100_B1MY62~K01881	98.8	571	7	0	1	571	1	571	0.0	1092
Deepurify_Bin_1ΩT2_UBT_000000036495_9	UniRef100_A0A0N9Y473~K18891	99.3	570	4	0	1	570	1	570	0.0	1043
Deepurify_Bin_4ΩT1_UBT_000000006101_9	UniRef100_A0A0N9Y473~K18891	99.3	570	4	0	1	570	1	570	0.0	1043
Deepurify_Bin_4ΩT1_UBT_000000018112_25	UniRef100_A0A0N9Y473~K18891	91.1	570	51	0	1	570	1	570	0.0	961
Deepurify_Bin_2ΩT2_FOM_000000036960_7	UniRef100_B1MWZ9~K06286	100	570	0	0	1	570	1	570	0.0	1051
Deepurify_Bin_2ΩT2_FOM_000000080637_7	UniRef100_B1N040~K02001&K02002	99.6	568	2	0	1	568	1	568	0.0	1104
Deepurify_Bin_0ΩT2_UBT_000000039885_34	UniRef100_F4FVM1~K09384	48.1	590	266	14	1	563	4	580	1.25e-171	504
Deepurify_Bin_0ΩT2_UBT_000000018558_110	UniRef100_A0A0N9YHT8~K03581	98.4	566	9	0	1	566	1	566	0.0	1078
Deepurify_Bin_2ΩT2_FOM_000000038108_46	UniRef100_B1MZW9~K01835	100	566	0	0	1	566	1	566	0.0	1099
Deepurify_Bin_2ΩT2_FOM_000000080637_119	UniRef100_D5T4R8~K01182	72.3	563	154	1	1	561	1	563	0.0	874
Deepurify_Bin_2ΩT2_FOM_000000018066_270	UniRef100_D5T4R8~K01182	67.6	562	181	1	1	562	1	561	3.49e-300	830
Deepurify_Bin_2ΩT2_FOM_000000036960_63	UniRef100_B1MWU6~K16787&K16786	98.8	565	7	0	1	565	1	565	0.0	1063
Deepurify_Bin_2ΩT2_FOM_000000018066_549	UniRef100_B1MXV1~K07030	99.5	565	3	0	1	565	1	565	0.0	1066
Deepurify_Bin_2ΩT2_FOM_000000038108_96	UniRef100_B1MZR6~K10254	99.6	564	2	0	1	564	1	564	0.0	1131
Deepurify_Bin_2ΩT2_FOM_000000018066_65	UniRef100_B1MZ82~K01887	99.6	563	2	0	1	563	1	563	0.0	1095
Deepurify_Bin_0ΩT2_UBT_000000003155_8	UniRef100_A0A0N9YKU9~K03631	99.3	562	4	0	1	562	1	562	0.0	1022
Deepurify_Bin_0ΩT2_UBT_000000001904_5	UniRef100_A0A0N9XTT2~K07030	98.0	562	11	0	1	562	1	562	0.0	1030
Deepurify_Bin_1ΩT2_UBT_000000001689_9	UniRef100_A0A0N9YKU9~K03631	85.1	562	84	0	1	562	1	562	0.0	892
Deepurify_Bin_1ΩT2_UBT_000000088512_17	UniRef100_A0A0N9XTT2~K07030	94.3	562	32	0	1	562	1	562	0.0	994
Deepurify_Bin_3ΩT1_FOM_000000081935_8	UniRef100_K0DCX3~K01126	54.0	559	256	1	5	562	2	560	5.56e-200	575
Deepurify_Bin_3ΩT1_FOM_000000068760_10	UniRef100_J9YHK0~K01198	87.4	562	71	0	1	562	1	562	0.0	1055
Deepurify_Bin_4ΩT1_UBT_000000019564_8	UniRef100_A0A0N9YKU9~K03631	85.1	562	84	0	1	562	1	562	0.0	892
Deepurify_Bin_4ΩT1_UBT_000000024386_17	UniRef100_A0A0N9XTT2~K07030	94.3	562	32	0	1	562	1	562	0.0	994
Deepurify_Bin_4ΩT1_UBT_000000021238_5	UniRef100_A0A0D1LXQ7~K01198	98.2	562	10	0	1	562	1	562	0.0	1169
Deepurify_Bin_0ΩT2_UBT_000000004216_35	UniRef100_A0A0N9YTA1~K01887	100	561	0	0	1	561	1	561	0.0	1107
Deepurify_Bin_1ΩT2_UBT_000000026597_13	UniRef100_B1MZ04~K03777	83.8	561	91	0	1	561	1	561	0.0	957
Deepurify_Bin_1ΩT2_UBT_000000065998_34	UniRef100_A0A0N9YTA1~K01887	93.6	561	36	0	1	561	1	561	0.0	1040
Deepurify_Bin_3ΩT1_FOM_000000079945_7	UniRef100_D5T4V5~K01652	87.7	561	69	0	1	561	1	561	0.0	986
Deepurify_Bin_4ΩT1_UBT_000000014333_13	UniRef100_B1MZ04~K03777	83.8	561	91	0	1	561	1	561	0.0	957
Deepurify_Bin_4ΩT1_UBT_000000006917_34	UniRef100_A0A0N9YTA1~K01887	93.6	561	36	0	1	561	1	561	0.0	1040
Deepurify_Bin_2ΩT2_FOM_000000080637_23	UniRef100_B1N056~K01652	99.6	561	2	0	1	561	1	561	0.0	1099
Deepurify_Bin_2ΩT2_FOM_000000018066_585	UniRef100_B1MXR5~K03631	100	561	0	0	1	561	5	565	0.0	1036
Deepurify_Bin_2ΩT2_FOM_000000018066_137	UniRef100_B1MZ04~K03777	99.8	561	1	0	1	561	1	561	0.0	1132
Deepurify_Bin_0ΩT2_UBT_000000065368_3	UniRef100_Q03US8~K16787&K16786	52.2	554	261	3	5	557	6	556	1.37e-194	561
Deepurify_Bin_0ΩT2_UBT_000000009241_11	UniRef100_A0A1L6RD30~K01187	68.4	553	175	0	6	558	5	557	2.90e-294	815
Deepurify_Bin_1ΩT2_UBT_000000014026_12	UniRef100_A0A1L6RD30~K01187	67.7	555	179	0	6	560	5	559	7.47e-290	803
Deepurify_Bin_1ΩT2_UBT_000000079358_20	UniRef100_A2RMB2~K01187	47.3	512	256	8	11	513	12	518	1.65e-172	507
Deepurify_Bin_3ΩT1_FOM_000000131407_8	UniRef100_D5T0L5~K01182	89.2	558	60	0	1	558	1	558	0.0	1055
Deepurify_Bin_3ΩT1_FOM_000000038029_12	UniRef100_K0D614~K12574	96.2	559	21	0	1	559	1	559	0.0	1068
Deepurify_Bin_4ΩT1_UBT_000000003269_9	UniRef100_A0A1L6RD30~K01187	67.7	555	179	0	6	560	5	559	7.47e-290	803
Deepurify_Bin_4ΩT1_UBT_000000021238_24	UniRef100_A2RMB2~K01187	47.3	512	256	8	11	513	12	518	1.65e-172	507
Deepurify_Bin_2ΩT2_FOM_000000080637_55	UniRef100_B1N088~K12574	99.8	560	1	0	1	560	1	560	0.0	1102
Deepurify_Bin_2ΩT2_FOM_000000018066_641	UniRef100_B1MXL0~K00384	98.9	560	6	0	1	560	1	560	0.0	1090
Deepurify_Bin_0ΩT2_UBT_000000027995_4	UniRef100_A0A0N9YKM1~K02551	97.7	559	13	0	1	559	1	559	0.0	1062
Deepurify_Bin_0ΩT2_UBT_000000021629_8	UniRef100_A0A0D1LV10~K12574	100	559	0	0	1	559	1	559	0.0	1095
Deepurify_Bin_1ΩT2_UBT_000000001669_12	UniRef100_A2RMB2~K01187	45.2	522	268	9	3	513	4	518	1.34e-168	497
Deepurify_Bin_1ΩT2_UBT_000000026597_62	UniRef100_A0A0D1LV10~K12574	96.1	559	22	0	1	559	1	559	0.0	1062
Deepurify_Bin_4ΩT1_UBT_000000014333_62	UniRef100_A0A0D1LV10~K12574	96.1	559	22	0	1	559	1	559	0.0	1062
Deepurify_Bin_0ΩT2_UBT_000000024631_7	UniRef100_A0A0D1LKR7~K03885	100	558	0	0	1	558	1	558	0.0	1088
Deepurify_Bin_3ΩT1_FOM_000000131407_6	UniRef100_D5T0L7~K01182	82.2	556	99	0	1	556	1	556	0.0	981
Deepurify_Bin_3ΩT1_FOM_000000026211_13	UniRef100_Q03US8~K16787&K16786	76.3	558	132	0	1	558	1	558	5.24e-300	829
Deepurify_Bin_4ΩT1_UBT_000000018109_35	UniRef100_A0A0N9YKM1~K02551	74.0	557	145	0	2	558	3	559	4.40e-285	791
Deepurify_Bin_4ΩT1_UBT_000000018109_1	UniRef100_I0FDH3~K01873	51.2	520	238	6	5	518	4	513	8.08e-182	527
Deepurify_Bin_2ΩT2_FOM_000000018066_399	UniRef100_D5T0L5~K01182	84.8	558	85	0	1	558	1	558	0.0	1013
Deepurify_Bin_0ΩT2_UBT_000000034542_93	UniRef100_A0A0N9XX35~K21471	92.1	557	44	0	1	557	1	557	1.64e-272	759
Deepurify_Bin_3ΩT1_FOM_000000114406_7	UniRef100_Q03YC9~K01486	75.9	551	133	0	1	551	1	551	1.06e-311	858
Deepurify_Bin_2ΩT2_FOM_000000153740_15	UniRef100_B1MWS1~K01126	99.6	557	2	0	1	557	1	557	0.0	1070
Deepurify_Bin_3ΩT1_FOM_000000152060_6	UniRef100_C4AWS6~K10834	42.1	541	310	3	9	549	62	599	7.12e-151	451
Deepurify_Bin_3ΩT1_FOM_000000075080_6	UniRef100_A0A1X0V5C0~K03885	87.6	556	69	0	1	556	1	556	0.0	980
Deepurify_Bin_2ΩT2_FOM_000000050145_42	UniRef100_B1MVY7~K03885	99.6	556	2	0	1	556	1	556	0.0	1095
Deepurify_Bin_2ΩT2_FOM_000000018066_401	UniRef100_B1MY94~K01182	99.3	556	4	0	1	556	1	556	0.0	1163
Deepurify_Bin_0ΩT2_UBT_000000016372_34	UniRef100_A0A1X0V7I0~K00853	59.2	529	215	1	1	528	1	529	7.66e-235	663
Deepurify_Bin_2ΩT2_FOM_000000018066_454	UniRef100_B1MY45~K01938	99.3	554	4	0	1	554	1	554	0.0	1060
Deepurify_Bin_0ΩT2_UBT_000000027106_18	UniRef100_A0A0N7HAQ1~K01938	98.4	553	9	0	1	553	1	553	0.0	1066
Deepurify_Bin_0ΩT2_UBT_000000088698_22	UniRef100_A0A0N9XUA7~K01486	97.5	553	14	0	1	553	1	553	0.0	1037
Deepurify_Bin_1ΩT2_UBT_000000011170_5	UniRef100_A0A0N7HAQ1~K01938	88.8	553	62	0	1	553	1	553	0.0	968
Deepurify_Bin_0ΩT2_UBT_000000018558_28	UniRef100_A0A0N9YU31~K00040	97.8	552	12	0	1	552	2	553	0.0	1080
Deepurify_Bin_1ΩT2_UBT_000000088512_14	UniRef100_A0A0A1GWF5~K01198	71.2	553	157	1	1	551	1	553	2.93e-313	862
Deepurify_Bin_4ΩT1_UBT_000000024386_14	UniRef100_A0A0A1GWF5~K01198	71.2	553	157	1	1	551	1	553	2.93e-313	862
Deepurify_Bin_2ΩT2_FOM_000000018066_442	UniRef100_B1MY57~K01486	99.5	551	3	0	1	551	1	551	0.0	1085
Deepurify_Bin_3ΩT1_FOM_000000055346_1	UniRef100_B1MZW9~K01835	84.5	549	85	0	1	549	18	566	0.0	907
Deepurify_Bin_2ΩT2_FOM_000000029022_61	UniRef100_B1MWS9~K15580	86.9	544	71	0	1	544	1	544	0.0	944
Deepurify_Bin_0ΩT2_UBT_000000004111_10	UniRef100_C4AWS6~K10834	43.2	533	300	3	1	533	70	599	1.14e-151	453
Deepurify_Bin_1ΩT2_UBT_000000062251_24	UniRef100_C4AWS6~K10834	42.8	533	302	3	1	533	70	599	1.29e-150	450
Deepurify_Bin_3ΩT1_FOM_000000098250_2	UniRef100_A0A1Q2D4K1~K01215	66.0	536	179	3	5	539	8	541	5.27e-266	741
Deepurify_Bin_3ΩT1_FOM_000000063874_25	UniRef100_Q03UW9~K15580	90.4	544	51	1	1	543	1	544	0.0	962
Deepurify_Bin_3ΩT1_FOM_000000009930_3	UniRef100_Q03Y61~K02551	62.7	539	199	2	1	539	1	537	6.44e-236	665
Deepurify_Bin_2ΩT2_FOM_000000018066_318	UniRef100_B1MYI1~K22212	99.1	542	5	0	1	542	1	542	0.0	1048
Deepurify_Bin_0ΩT2_UBT_000000027995_13	UniRef100_A0A0D1KHS3~K15580	99.6	541	2	0	1	541	1	541	0.0	1044
Deepurify_Bin_1ΩT2_UBT_000000034986_4	UniRef100_A0A0D1JQH4~K15580	72.4	540	149	0	1	540	1	540	1.74e-280	778
Deepurify_Bin_1ΩT2_UBT_000000071291_23	UniRef100_A0A0D1JQH4~K15580	92.2	540	42	0	1	540	1	540	0.0	976
Deepurify_Bin_3ΩT1_FOM_000000046715_11	UniRef100_Q03Y88~K00764	83.9	540	82	1	1	540	1	535	0.0	904
Deepurify_Bin_4ΩT1_UBT_000000018109_26	UniRef100_A0A0D1KHS3~K15580	81.9	541	98	0	1	541	1	541	3.07e-316	868
Deepurify_Bin_4ΩT1_UBT_000000018545_23	UniRef100_A0A0D1JQH4~K15580	92.2	540	42	0	1	540	1	540	0.0	976
Deepurify_Bin_2ΩT2_FOM_000000018066_116	UniRef100_B1MZ27~K02551	99.4	541	3	0	1	541	1	541	0.0	1048
Deepurify_Bin_0ΩT2_UBT_000000035055_21	UniRef100_A0A0N9YP03~K15580	95.4	540	25	0	1	540	1	540	0.0	979
Deepurify_Bin_1ΩT2_UBT_000000065998_98	UniRef100_A0A0N9XU22~K15580	83.1	539	90	1	1	539	1	538	0.0	874
Deepurify_Bin_4ΩT1_UBT_000000006917_98	UniRef100_A0A0N9XU22~K15580	83.1	539	90	1	1	539	1	538	0.0	874
Deepurify_Bin_2ΩT2_FOM_000000038108_105	UniRef100_A0A1X0V7I0~K00853	72.6	533	146	0	8	540	7	539	6.04e-285	789
Deepurify_Bin_2ΩT2_FOM_000000018066_460	UniRef100_B1MY39~K00764	99.4	540	3	0	1	540	1	540	0.0	1055
Deepurify_Bin_2ΩT2_FOM_000000018066_95	UniRef100_C4AWS6~K10834	41.5	533	309	3	1	533	70	599	1.19e-147	442
Deepurify_Bin_0ΩT2_UBT_000000083495_51	UniRef100_A0A0N9XU22~K15580	99.8	539	1	0	1	539	1	539	0.0	1060
Deepurify_Bin_0ΩT2_UBT_000000034263_9	UniRef100_A0A0N7HAN7~K04077	100	539	0	0	1	539	1	539	0.0	998
Deepurify_Bin_0ΩT2_UBT_000000006030_11	UniRef100_A0A0N9YNS9~K03303	98.5	539	8	0	1	539	1	539	0.0	987
Deepurify_Bin_1ΩT2_UBT_000000080035_9	UniRef100_A0A0N7HAN7~K04077	97.8	539	12	0	1	539	1	539	0.0	981
Deepurify_Bin_1ΩT2_UBT_000000038068_5	UniRef100_G0UFT4~K15580	47.1	514	267	2	26	539	27	535	1.98e-154	457
Deepurify_Bin_3ΩT1_FOM_000000096995_5	UniRef100_A0A1X0V7I0~K00853	76.8	539	125	0	1	539	1	539	1.36e-311	857
Deepurify_Bin_4ΩT1_UBT_000000027904_9	UniRef100_A0A0N7HAN7~K04077	97.8	539	12	0	1	539	1	539	0.0	981
Deepurify_Bin_4ΩT1_UBT_000000024370_5	UniRef100_G0UFT4~K15580	47.1	514	267	2	26	539	27	535	1.98e-154	457
Deepurify_Bin_2ΩT2_FOM_000000080637_127	UniRef100_B1MVK8~K04077	99.8	539	1	0	1	539	1	539	0.0	999
Deepurify_Bin_2ΩT2_FOM_000000080637_26	UniRef100_B1N059~K01937	99.8	539	1	0	1	539	1	539	0.0	1067
Deepurify_Bin_3ΩT1_FOM_000000079945_10	UniRef100_A0A0Q1A7U0~K01937	91.4	537	46	0	1	537	1	537	0.0	982
Deepurify_Bin_0ΩT2_UBT_000000006030_4	UniRef100_A0A0N9YP42~K00712	97.8	537	12	0	1	537	1	537	0.0	1079
Deepurify_Bin_0ΩT2_UBT_000000016817_6	UniRef100_A0A0D1M1R9~K01937	99.6	536	2	0	1	536	1	536	0.0	1046
Deepurify_Bin_4ΩT1_UBT_000000016898_6	UniRef100_A0A0D1M1R9~K01937	99.1	536	5	0	1	536	1	536	0.0	1039
Deepurify_Bin_0ΩT2_UBT_000000022613_26	UniRef100_A0A0D1LT88~K06207	99.8	535	1	0	1	535	80	614	0.0	1041
Deepurify_Bin_0ΩT2_UBT_000000021322_49	UniRef100_A0A0N9YP66~K01992	95.1	535	26	0	1	535	1	535	0.0	971
Deepurify_Bin_1ΩT2_UBT_000000020938_52	UniRef100_A0A0D1LT88~K06207	97.6	535	13	0	1	535	80	614	0.0	1022
Deepurify_Bin_3ΩT1_FOM_000000137404_4	UniRef100_A0A0K2JA78~K22212	67.5	535	171	2	4	535	7	541	8.73e-257	718
Deepurify_Bin_3ΩT1_FOM_000000029333_4	UniRef100_A0A1B1ZZP6~K15580	96.8	535	17	0	1	535	14	548	0.0	1014
Deepurify_Bin_3ΩT1_FOM_000000013223_5	UniRef100_Q03VX5~K02502&K00765	73.8	530	139	0	2	531	3	532	9.10e-287	793
Deepurify_Bin_1ΩT2_UBT_000000009990_27	UniRef100_A0A0N9YP42~K00712	88.7	531	60	0	1	531	1	531	0.0	988
Deepurify_Bin_4ΩT1_UBT_000000003991_7	UniRef100_A0A0N9YP42~K00712	88.7	531	60	0	1	531	1	531	0.0	988
Deepurify_Bin_2ΩT2_FOM_000000080637_163	UniRef100_B1MVP4~K02035	99.4	533	3	0	1	533	1	533	0.0	1048
Deepurify_Bin_3ΩT1_FOM_000000008989_5	UniRef100_A0A0N9YP42~K00712	61.4	528	199	2	1	527	1	524	3.69e-236	665
Deepurify_Bin_1ΩT2_UBT_000000079358_24	UniRef100_F8I1E5~K03328	47.7	526	269	4	5	526	10	533	4.43e-142	426
Deepurify_Bin_4ΩT1_UBT_000000021238_28	UniRef100_F8I1E5~K03328	47.7	526	269	4	5	526	10	533	4.43e-142	426
Deepurify_Bin_4ΩT1_UBT_000000016898_8	UniRef100_A0A0D1M4H5~K05592	94.7	527	25	1	1	527	1	524	0.0	920
Deepurify_Bin_0ΩT2_UBT_000000018558_6	UniRef100_A0A0N9YNE5~K01533	98.9	526	6	0	1	526	1	526	0.0	967
Deepurify_Bin_1ΩT2_UBT_000000038068_31	UniRef100_A0A0N9YNE5~K01533	62.5	526	197	0	1	526	1	526	2.22e-228	645
Deepurify_Bin_4ΩT1_UBT_000000024370_31	UniRef100_A0A0N9YNE5~K01533	62.5	526	197	0	1	526	1	526	2.22e-228	645
Deepurify_Bin_0ΩT2_UBT_000000023758_5	UniRef100_A0A0D1LZC0~K02837	99.8	523	1	0	1	523	1	523	0.0	1039
Deepurify_Bin_1ΩT2_UBT_000000034986_19	UniRef100_A0A0N9YNZ4~K01119	67.5	517	168	0	1	517	1	517	1.08e-259	724
Deepurify_Bin_4ΩT1_UBT_000000018109_12	UniRef100_A0A0D1LZC0~K02837	97.3	523	14	0	1	523	1	523	0.0	1018
Deepurify_Bin_3ΩT1_FOM_000000076032_5	UniRef100_A0A223K500~K03446	43.7	508	285	1	8	515	2	508	1.55e-150	446
Deepurify_Bin_2ΩT2_FOM_000000008711_55	UniRef100_B1MXE7~K05592	100	522	0	0	1	522	1	522	0.0	927
Deepurify_Bin_1ΩT2_UBT_000000001669_8	UniRef100_F8I1E5~K03328	47.8	523	265	3	1	518	14	533	3.58e-147	438
Deepurify_Bin_0ΩT2_UBT_000000003155_7	UniRef100_A0A0N9XY42~K07001	98.3	520	9	0	1	520	1	520	0.0	1018
Deepurify_Bin_0ΩT2_UBT_000000018558_7	UniRef100_A0A0D1K202~K18682	100	520	0	0	1	520	1	520	2.46e-316	867
Deepurify_Bin_1ΩT2_UBT_000000038068_30	UniRef100_A0A0D1K202~K18682	95.0	520	26	0	1	520	1	520	1.75e-302	832
Deepurify_Bin_4ΩT1_UBT_000000024370_30	UniRef100_A0A0D1K202~K18682	95.0	520	26	0	1	520	1	520	1.75e-302	832
Deepurify_Bin_0ΩT2_UBT_000000057182_5	UniRef100_A0A0N9YNZ4~K01119	99.0	519	5	0	1	519	1	519	0.0	1026
Deepurify_Bin_1ΩT2_UBT_000000001689_8	UniRef100_A0A0N9XY42~K07001	78.0	519	113	1	1	519	1	518	4.84e-295	813
Deepurify_Bin_4ΩT1_UBT_000000019564_7	UniRef100_A0A0N9XY42~K07001	78.0	519	113	1	1	519	1	518	4.84e-295	813
Deepurify_Bin_0ΩT2_UBT_000000016817_8	UniRef100_A0A0D1M4H5~K05592	97.9	524	5	1	1	518	1	524	0.0	953
Deepurify_Bin_3ΩT1_FOM_000000101154_7	UniRef100_A0A0B5APZ5~K06158	37.7	517	314	2	1	509	1	517	5.25e-108	341
Deepurify_Bin_3ΩT1_FOM_000000080886_2	UniRef100_A0A0A1GWE6~K03427	68.7	518	161	1	1	518	1	517	2.54e-257	718
Deepurify_Bin_3ΩT1_FOM_000000064667_9	UniRef100_A0A1X0UVZ9~K02056	89.9	516	52	0	1	516	1	516	0.0	894
Deepurify_Bin_2ΩT2_FOM_000000008711_11	UniRef100_B1MXJ0~K18682	100	518	0	0	1	518	1	518	0.0	875
Deepurify_Bin_2ΩT2_FOM_000000029022_52	UniRef100_A0A120HSS7~K06158	38.1	517	311	3	1	508	1	517	8.61e-110	346
Deepurify_Bin_2ΩT2_FOM_000000040107_31	UniRef100_B1MWB7~K02056	99.6	518	2	0	1	518	1	518	0.0	976
Deepurify_Bin_0ΩT2_UBT_000000021322_64	UniRef100_A0A0N9YJQ4~K01951	99.0	517	5	0	1	517	1	517	0.0	1018
Deepurify_Bin_0ΩT2_UBT_000000004216_3	UniRef100_A0A0B5AME2~K18936	38.8	490	275	5	18	501	10	480	1.76e-93	299
Deepurify_Bin_1ΩT2_UBT_000000039277_112	UniRef100_A0A0N9YJQ4~K01951	95.6	517	23	0	1	517	1	517	0.0	991
Deepurify_Bin_0ΩT2_UBT_000000027736_6	UniRef100_A0A0N7HB18~K02035	99.2	516	4	0	1	516	1	516	0.0	1001
Deepurify_Bin_0ΩT2_UBT_000000018558_27	UniRef100_A0A0N9YSS3~K16210	99.4	516	3	0	1	516	1	516	0.0	975
Deepurify_Bin_1ΩT2_UBT_000000059045_13	UniRef100_A0A0N9YNB6~K02056	99.4	516	3	0	1	516	1	516	0.0	979
Deepurify_Bin_1ΩT2_UBT_000000011170_32	UniRef100_A0A0R1SQG8~K03281	48.8	494	244	4	2	493	11	497	7.99e-145	432
Deepurify_Bin_1ΩT2_UBT_000000009990_5	UniRef100_A0A0N9YNZ4~K01119	69.9	515	155	0	1	515	1	515	5.05e-268	744
Deepurify_Bin_3ΩT1_FOM_000000018306_11	UniRef100_A0A1X0VAC3~K05592	88.7	529	44	3	1	515	1	527	4.48e-306	841
Deepurify_Bin_4ΩT1_UBT_000000002201_12	UniRef100_A0A0N9YNB6~K02056	96.9	516	16	0	1	516	1	516	0.0	961
Deepurify_Bin_2ΩT2_FOM_000000018066_59	UniRef100_B1MZ88~K01928	99.2	516	4	0	1	516	1	516	0.0	1006
Deepurify_Bin_3ΩT1_FOM_000000041814_4	UniRef100_Q03WM0~K09684	70.3	515	153	0	1	515	1	515	7.95e-259	721
Deepurify_Bin_4ΩT1_UBT_000000021880_3	UniRef100_A0A223K500~K03446	61.8	510	195	0	4	513	2	511	2.90e-224	634
Deepurify_Bin_2ΩT2_FOM_000000018066_479	UniRef100_B1MY20~K01951	99.6	515	2	0	1	515	1	515	0.0	1018
Deepurify_Bin_2ΩT2_FOM_000000018066_394	UniRef100_B1MYA1~K09684	99.8	515	1	0	1	515	1	515	0.0	993
Deepurify_Bin_3ΩT1_FOM_000000068760_6	UniRef100_A0A1B2A0W9~K12269	51.8	500	240	1	4	503	3	501	5.27e-180	521
Deepurify_Bin_2ΩT2_FOM_000000080637_136	UniRef100_B1MVL7~K00712	99.2	514	4	0	1	514	1	514	0.0	1023
Deepurify_Bin_0ΩT2_UBT_000000016817_13	UniRef100_A0A0N9YSZ7~K03367	99.2	513	4	0	1	513	1	513	0.0	1020
Deepurify_Bin_0ΩT2_UBT_000000004216_18	UniRef100_A0A0D1K732~K00851	100	513	0	0	1	513	1	513	0.0	1020
Deepurify_Bin_1ΩT2_UBT_000000045364_11	UniRef100_A0A0N9YSZ7~K03367	90.8	513	47	0	1	513	1	513	0.0	943
Deepurify_Bin_1ΩT2_UBT_000000080035_6	UniRef100_A0A291C7V9~K18936	38.3	483	277	6	19	497	9	474	8.78e-98	310
Deepurify_Bin_1ΩT2_UBT_000000065998_19	UniRef100_A0A0D1K732~K00851	97.3	513	14	0	1	513	1	513	0.0	998
Deepurify_Bin_4ΩT1_UBT_000000027904_6	UniRef100_A0A291C7V9~K18936	38.3	483	277	6	19	497	9	474	8.78e-98	310
Deepurify_Bin_4ΩT1_UBT_000000006917_19	UniRef100_A0A0D1K732~K00851	97.5	513	13	0	1	513	1	513	0.0	1003
Deepurify_Bin_0ΩT2_UBT_000000044357_10	UniRef100_A0A0R1SQG8~K03281	47.5	493	252	6	2	493	11	497	1.44e-141	423
Deepurify_Bin_1ΩT2_UBT_000000057430_8	UniRef100_D5T266~K01643	82.2	512	91	0	1	512	1	512	1.91e-302	831
Deepurify_Bin_3ΩT1_FOM_000000016860_31	UniRef100_A0A1V0Q3M3~K01119	46.9	522	261	8	1	512	1	516	5.76e-158	465
Deepurify_Bin_3ΩT1_FOM_000000015242_9	UniRef100_H1WSL4~K00851	89.8	512	52	0	1	512	1	512	0.0	932
Deepurify_Bin_2ΩT2_FOM_000000029022_26	UniRef100_B1MWM1~K01643	99.0	512	5	0	1	512	1	512	0.0	975
Deepurify_Bin_2ΩT2_FOM_000000018066_606	UniRef100_H1WSL4~K00851	99.8	512	1	0	1	512	1	512	0.0	1018
Deepurify_Bin_0ΩT2_UBT_000000027106_13	UniRef100_A0A0N9YL02~K00764	98.6	511	7	0	1	511	1	511	0.0	983
Deepurify_Bin_1ΩT2_UBT_000000011170_10	UniRef100_A0A0N9YL02~K00764	86.5	510	69	0	1	510	1	510	0.0	874
Deepurify_Bin_2ΩT2_FOM_000000038108_154	UniRef100_B1MZL0~K06901	99.8	511	1	0	1	511	1	511	0.0	934
Deepurify_Bin_2ΩT2_FOM_000000080637_37	UniRef100_A0A0R1SQG8~K03281	54.7	505	226	2	3	507	7	508	5.77e-180	521
Deepurify_Bin_1ΩT2_UBT_000000011286_4	UniRef100_A0A1L6RCX8~K03427	94.1	510	30	0	1	510	1	510	0.0	968
Deepurify_Bin_4ΩT1_UBT_000000002880_4	UniRef100_A0A1L6RCX8~K03427	94.1	510	30	0	1	510	1	510	0.0	968
Deepurify_Bin_2ΩT2_FOM_000000038108_54	UniRef100_B1MZW2~K03367	100	510	0	0	1	510	1	510	0.0	1003
Deepurify_Bin_0ΩT2_UBT_000000027106_16	UniRef100_A0A0N9YQF6~K00602	96.9	509	16	0	1	509	1	509	0.0	942
Deepurify_Bin_0ΩT2_UBT_000000004216_37	UniRef100_A0A0N9YVT8~K01928	99.4	508	3	0	2	509	1	508	0.0	993
Deepurify_Bin_3ΩT1_FOM_000000039059_24	UniRef100_B1MZW2~K03367	73.3	509	136	0	1	509	2	510	7.17e-271	751
Deepurify_Bin_1ΩT2_UBT_000000014623_20	UniRef100_A0A0B5AME2~K18936	38.7	483	271	5	16	492	10	473	5.83e-92	295
Deepurify_Bin_1ΩT2_UBT_000000011170_7	UniRef100_A0A0N9YQF6~K00602	82.3	509	89	1	1	508	1	509	2.96e-295	813
Deepurify_Bin_1ΩT2_UBT_000000065998_36	UniRef100_A0A0N9YVT8~K01928	91.9	508	41	0	1	508	1	508	0.0	923
Deepurify_Bin_3ΩT1_FOM_000000046715_8	UniRef100_A0A1B1ZZ92~K00602	87.0	508	66	0	1	508	1	508	0.0	875
Deepurify_Bin_4ΩT1_UBT_000000006917_36	UniRef100_A0A0N9YVT8~K01928	91.9	508	41	0	1	508	1	508	0.0	923
Deepurify_Bin_2ΩT2_FOM_000000153740_6	UniRef100_B1MWR2~K12269	99.2	508	4	0	1	508	1	508	0.0	1032
Deepurify_Bin_2ΩT2_FOM_000000018066_457	UniRef100_B1MY42~K00602	99.4	508	3	0	1	508	1	508	0.0	984
Deepurify_Bin_0ΩT2_UBT_000000035055_42	UniRef100_A0A0N9Y7Y9~K05845&K05846	98.8	507	6	0	1	507	1	507	0.0	939
Deepurify_Bin_1ΩT2_UBT_000000039277_120	UniRef100_A0A0N9Y7Y9~K05845&K05846	81.0	506	96	0	1	506	1	506	2.94e-285	787
Deepurify_Bin_3ΩT1_FOM_000000008989_4	UniRef100_A0A0N9XTG4~K00712	53.4	506	234	1	1	506	1	504	8.20e-189	543
Deepurify_Bin_3ΩT1_FOM_000000006674_20	UniRef100_A0A1B2A0W9~K12269	63.6	497	180	1	4	499	5	501	6.71e-230	647
Deepurify_Bin_0ΩT2_UBT_000000006030_3	UniRef100_A0A0N9XTG4~K00712	98.4	504	8	0	2	505	1	504	0.0	990
Deepurify_Bin_3ΩT1_FOM_000000070293_13	UniRef100_Q03V27~K02111	97.6	505	12	0	1	505	1	505	0.0	947
Deepurify_Bin_2ΩT2_FOM_000000080637_56	UniRef100_B1N089~K01595	99.8	505	1	0	1	505	1	505	0.0	1003
Deepurify_Bin_0ΩT2_UBT_000000026330_27	UniRef100_A0A0N9YHJ2~K01299	98.4	504	8	0	1	504	1	504	0.0	1008
Deepurify_Bin_0ΩT2_UBT_000000024729_42	UniRef100_A0A0N7HAE3~K00864	99.4	504	3	0	1	504	1	504	0.0	1004
Deepurify_Bin_1ΩT2_UBT_000000009990_26	UniRef100_A0A0N9XTG4~K00712	78.6	504	108	0	1	504	1	504	1.16e-292	806
Deepurify_Bin_3ΩT1_FOM_000000038029_11	UniRef100_Q03VI7~K01595	89.7	504	52	0	1	504	1	504	0.0	921
Deepurify_Bin_4ΩT1_UBT_000000003991_6	UniRef100_A0A0N9XTG4~K00712	78.6	504	108	0	1	504	1	504	1.16e-292	806
Deepurify_Bin_2ΩT2_FOM_000000040107_62	UniRef100_B1MW87~K02111	100	504	0	0	1	504	1	504	0.0	967
Deepurify_Bin_2ΩT2_FOM_000000036960_30	UniRef100_Q1WV03~K00557	54.8	454	202	2	51	503	8	459	1.91e-165	481
Deepurify_Bin_2ΩT2_FOM_000000018066_618	UniRef100_B1MXN2~K05845&K05846	99.4	504	3	0	1	504	1	504	0.0	950
Deepurify_Bin_3ΩT1_FOM_000000070293_3	UniRef100_Q4L8S8~K18936	41.2	481	268	5	14	492	5	472	2.00e-111	344
Deepurify_Bin_3ΩT1_FOM_000000016860_28	UniRef100_A0A0N9YDV2~K00854	77.6	499	112	0	1	499	1	499	5.14e-286	789
Deepurify_Bin_2ΩT2_FOM_000000040107_56	UniRef100_B1MW93~K02837	99.6	503	2	0	1	503	1	503	0.0	998
Deepurify_Bin_0ΩT2_UBT_000000018558_50	UniRef100_R4K7C9~K22133	33.3	501	300	11	15	496	17	502	6.20e-73	246
Deepurify_Bin_1ΩT2_UBT_000000061643_10	UniRef100_A0A0N9YHJ2~K01299	88.6	498	57	0	4	501	3	500	0.0	917
Deepurify_Bin_1ΩT2_UBT_000000079358_5	UniRef100_A0A0N9YDV2~K00854	96.6	502	17	0	1	502	1	502	0.0	966
Deepurify_Bin_1ΩT2_UBT_000000001669_32	UniRef100_A0A0N9YDV2~K00854	99.6	502	2	0	1	502	1	502	0.0	995
Deepurify_Bin_1ΩT2_UBT_000000011286_47	UniRef100_A0A0N7HAE3~K00864	87.0	500	65	0	1	500	1	500	0.0	886
Deepurify_Bin_3ΩT1_FOM_000000081119_19	UniRef100_B1MXN2~K05845&K05846	75.2	504	123	1	1	502	1	504	1.45e-262	729
Deepurify_Bin_4ΩT1_UBT_000000004016_10	UniRef100_A0A0N9YHJ2~K01299	88.6	498	57	0	4	501	3	500	0.0	917
Deepurify_Bin_4ΩT1_UBT_000000021238_9	UniRef100_A0A0N9YDV2~K00854	96.6	502	17	0	1	502	1	502	0.0	966
Deepurify_Bin_4ΩT1_UBT_000000002880_47	UniRef100_A0A0N7HAE3~K00864	87.0	500	65	0	1	500	1	500	0.0	886
Deepurify_Bin_2ΩT2_FOM_000000080637_109	UniRef100_B1MVJ0~K04567	99.4	493	3	0	10	502	1	493	0.0	974
Deepurify_Bin_0ΩT2_UBT_000000082639_4	UniRef100_A0A0N9YFP2~K00864	99.4	501	3	0	1	501	1	501	0.0	995
Deepurify_Bin_0ΩT2_UBT_000000006030_27	UniRef100_A0A0N7HB40~K00965	98.0	492	10	0	10	501	1	492	0.0	957
Deepurify_Bin_3ΩT1_FOM_000000070293_21	UniRef100_B1MW79~K01119	66.9	501	166	0	1	501	1	501	6.49e-258	717
Deepurify_Bin_4ΩT1_UBT_000000015941_3	UniRef100_A0A0N9YFP2~K00864	86.2	501	69	0	1	501	1	501	0.0	870
Deepurify_Bin_2ΩT2_FOM_000000040107_70	UniRef100_B1MW79~K01119	99.0	501	5	0	1	501	1	501	0.0	996
Deepurify_Bin_0ΩT2_UBT_000000004216_15	UniRef100_A0A0N9YVS8~K03299	99.4	500	3	0	1	500	1	500	0.0	905
Deepurify_Bin_1ΩT2_UBT_000000013024_6	UniRef100_A0A0N7HB40~K00965	70.1	491	147	0	10	500	1	491	4.45e-251	700
Deepurify_Bin_1ΩT2_UBT_000000065998_17	UniRef100_A0A0N9YVS8~K03299	92.8	500	36	0	1	500	1	500	8.68e-316	864
Deepurify_Bin_4ΩT1_UBT_000000006917_17	UniRef100_A0A0N9YVS8~K03299	92.8	500	36	0	1	500	1	500	8.68e-316	864
Deepurify_Bin_2ΩT2_FOM_000000066982_3	UniRef100_A0A291C7V9~K18936	41.0	485	271	5	18	499	9	481	3.16e-110	341
Deepurify_Bin_3ΩT1_FOM_000000112432_5	UniRef100_Q03ZR1~K09698	89.7	497	51	0	1	497	1	497	0.0	917
Deepurify_Bin_2ΩT2_FOM_000000036960_68	UniRef100_B1MWU1~K09698	99.8	498	1	0	1	498	1	498	0.0	996
Deepurify_Bin_0ΩT2_UBT_000000034542_9	UniRef100_Q03UA1~K07487	55.5	499	220	2	1	497	1	499	1.39e-169	497
Deepurify_Bin_2ΩT2_FOM_000000080637_233	UniRef100_B1MVW1~K01524	99.8	497	1	0	1	497	1	497	0.0	954
Deepurify_Bin_0ΩT2_UBT_000000021322_43	UniRef100_Q1WV03~K00557	55.6	455	201	1	41	494	5	459	5.43e-173	500
Deepurify_Bin_3ΩT1_FOM_000000145965_13	UniRef100_Q03Z44~K04567	91.7	495	41	0	1	495	1	495	0.0	917
Deepurify_Bin_3ΩT1_FOM_000000068760_5	UniRef100_K0D523~K12268	32.0	515	303	11	3	494	4	494	3.86e-69	235
Deepurify_Bin_3ΩT1_FOM_000000035783_20	UniRef100_A0A1B1ZZR5~K19350	62.3	483	182	0	1	483	1	483	2.49e-212	601
Deepurify_Bin_0ΩT2_UBT_000000016817_9	UniRef100_A0A0D1LTJ6~K01775	98.6	494	7	0	1	494	1	494	0.0	968
Deepurify_Bin_1ΩT2_UBT_000000024381_9	UniRef100_A0A0N9XVW0~K06131	82.7	481	83	0	14	494	2	482	2.07e-294	809
Deepurify_Bin_1ΩT2_UBT_000000020635_10	UniRef100_A0A0N9YKC4~K00763	93.3	494	33	0	1	494	1	494	0.0	940
Deepurify_Bin_1ΩT2_UBT_000000079358_31	UniRef100_A0A0D1KD13~K04567	94.1	494	29	0	1	494	1	494	0.0	937
Deepurify_Bin_1ΩT2_UBT_000000001669_1	UniRef100_A0A0D1KD13~K04567	100	494	0	0	1	494	1	494	0.0	984
Deepurify_Bin_4ΩT1_UBT_000000016898_9	UniRef100_A0A0D1LTJ6~K01775	82.6	494	86	0	1	494	1	494	1.59e-301	827
Deepurify_Bin_4ΩT1_UBT_000000015629_10	UniRef100_A0A0N9YKC4~K00763	93.3	494	33	0	1	494	1	494	0.0	940
Deepurify_Bin_4ΩT1_UBT_000000021238_35	UniRef100_A0A0D1KD13~K04567	94.1	494	29	0	1	494	1	494	0.0	937
Deepurify_Bin_2ΩT2_FOM_000000029022_38	UniRef100_B1MWN7~K01223	99.8	494	1	0	1	494	1	494	0.0	1018
Deepurify_Bin_2ΩT2_FOM_000000153740_7	UniRef100_B1MWR3~K12268	99.2	494	4	0	1	494	1	494	0.0	967
Deepurify_Bin_2ΩT2_FOM_000000018066_279	UniRef100_B1MYL8~K10027	99.2	494	4	0	1	494	1	494	0.0	988
Deepurify_Bin_1ΩT2_UBT_000000039277_103	UniRef100_Q1WV03~K00557	55.2	455	203	1	38	491	5	459	2.79e-172	498
Deepurify_Bin_1ΩT2_UBT_000000001689_21	UniRef100_A0A0N9XY36~K02004	73.2	492	127	2	1	492	1	487	9.04e-195	556
Deepurify_Bin_3ΩT1_FOM_000000112850_6	UniRef100_K0D5K6~K01524	78.0	491	108	0	1	491	1	491	4.80e-270	748
Deepurify_Bin_4ΩT1_UBT_000000019564_20	UniRef100_A0A0N9XY36~K02004	73.2	492	127	2	1	492	1	487	9.04e-195	556
Deepurify_Bin_3ΩT1_FOM_000000055969_8	UniRef100_Q03VW9~K03106	95.3	491	23	0	1	491	1	491	0.0	886
Deepurify_Bin_2ΩT2_FOM_000000038108_3	UniRef100_B1N012~K03106	99.8	491	1	0	1	491	1	491	0.0	922
Deepurify_Bin_2ΩT2_FOM_000000018066_467	UniRef100_B1MY32~K02030&K02029	99.0	491	5	0	1	491	1	491	2.37e-313	857
Deepurify_Bin_2ΩT2_FOM_000000018066_257	UniRef100_B1MYP1~K00965	98.8	491	6	0	1	491	1	491	0.0	983
Deepurify_Bin_0ΩT2_UBT_000000027106_25	UniRef100_A0A0N9XY81~K11733	99.8	490	1	0	1	490	1	490	0.0	944
Deepurify_Bin_0ΩT2_UBT_000000031606_100	UniRef100_E0RJT7~K18940	33.5	478	285	10	17	485	11	464	1.42e-68	233
Deepurify_Bin_1ΩT2_UBT_000000062251_16	UniRef100_A0A0D1LVZ1~K02030&K02029	89.6	490	48	1	1	490	1	487	2.46e-300	824
Deepurify_Bin_1ΩT2_UBT_000000011170_61	UniRef100_A0A0N9YKX1~K00425	87.6	490	60	1	1	490	1	489	0.0	882
Deepurify_Bin_3ΩT1_FOM_000000018426_5	UniRef100_Q03Y77~K01928	79.1	487	102	0	4	490	1	487	4.86e-287	790
Deepurify_Bin_3ΩT1_FOM_000000006674_19	UniRef100_A0A1X0V860~K12268	43.8	491	267	4	1	490	1	483	6.28e-136	407
Deepurify_Bin_2ΩT2_FOM_000000018066_598	UniRef100_B1MXQ2~K00425	100	490	0	0	1	490	1	490	0.0	949
Deepurify_Bin_0ΩT2_UBT_000000044357_35	UniRef100_A0A0N9YKX1~K00425	99.8	489	1	0	1	489	1	489	0.0	974
Deepurify_Bin_1ΩT2_UBT_000000031997_33	UniRef100_A0A0N7HAW1~K03305	88.7	486	55	0	1	486	1	486	1.05e-312	855
Deepurify_Bin_1ΩT2_UBT_000000020938_22	UniRef100_A0A133QKQ9~K18940	33.6	476	290	10	12	485	3	454	1.37e-66	227
Deepurify_Bin_1ΩT2_UBT_000000011170_2	UniRef100_A0A0N9XY81~K11733	93.0	489	34	0	1	489	1	489	0.0	880
Deepurify_Bin_1ΩT2_UBT_000000039277_76	UniRef100_A0A0N9XX06~K01919	69.7	482	146	0	4	485	1	482	1.83e-255	710
Deepurify_Bin_3ΩT1_FOM_000000154240_22	UniRef100_J9YF94~K03292	88.8	489	55	0	1	489	1	489	0.0	870
Deepurify_Bin_2ΩT2_FOM_000000080637_30	UniRef100_B1N063~K02433	99.0	489	5	0	1	489	1	489	0.0	943
Deepurify_Bin_3ΩT1_FOM_000000109664_5	UniRef100_A0A1X0V7C2~K02433	90.0	488	49	0	1	488	1	488	2.62e-317	867
Deepurify_Bin_3ΩT1_FOM_000000020217_13	UniRef100_B1MWN7~K01223	72.4	489	132	2	3	488	6	494	3.71e-266	738
Deepurify_Bin_2ΩT2_FOM_000000036960_54	UniRef100_B1MWV5~K02314	99.6	488	2	0	1	488	1	488	0.0	932
Deepurify_Bin_0ΩT2_UBT_000000029014_4	UniRef100_A0A0N9YTT0~K01223	99.4	487	3	0	1	487	1	487	0.0	988
Deepurify_Bin_0ΩT2_UBT_000000003155_19	UniRef100_A0A0N9XY36~K02004	99.4	487	3	0	1	487	1	487	1.67e-274	758
Deepurify_Bin_0ΩT2_UBT_000000016372_25	UniRef100_A0A0D1LVZ1~K02030&K02029	99.6	487	2	0	1	487	1	487	0.0	892
Deepurify_Bin_0ΩT2_UBT_000000026317_26	UniRef100_A0A0D1K3U1~K01223	99.2	487	4	0	1	487	1	487	0.0	1004
Deepurify_Bin_0ΩT2_UBT_000000024729_43	UniRef100_A0A0D1JKH6~K00036	100	487	0	0	1	487	1	487	0.0	979
Deepurify_Bin_1ΩT2_UBT_000000064455_13	UniRef100_A0A0N9YTT0~K01223	86.2	487	67	0	1	487	1	487	0.0	877
Deepurify_Bin_1ΩT2_UBT_000000088512_5	UniRef100_A0A0N9XTT8~K03106	96.1	488	18	1	1	487	1	488	1.23e-304	835
Deepurify_Bin_1ΩT2_UBT_000000011286_48	UniRef100_A0A0D1JKH6~K00036	96.7	487	16	0	1	487	1	487	0.0	952
Deepurify_Bin_3ΩT1_FOM_000000026211_5	UniRef100_C2KM26~K02314	89.9	487	49	0	1	487	1	487	4.27e-314	858
Deepurify_Bin_4ΩT1_UBT_000000024386_5	UniRef100_A0A0N9XTT8~K03106	96.1	488	18	1	1	487	1	488	1.23e-304	835
Deepurify_Bin_4ΩT1_UBT_000000002880_48	UniRef100_A0A0D1JKH6~K00036	96.7	487	16	0	1	487	1	487	0.0	952
Deepurify_Bin_0ΩT2_UBT_000000026317_1	UniRef100_A0A0N7HAW1~K03305	99.6	486	2	0	1	486	1	486	0.0	942
Deepurify_Bin_0ΩT2_UBT_000000021322_13	UniRef100_A0A0N9XX06~K01919	98.4	486	8	0	1	486	1	486	0.0	961
Deepurify_Bin_3ΩT1_FOM_000000075101_10	UniRef100_P11411~K00036	100	486	0	0	1	486	1	486	0.0	970
Deepurify_Bin_3ΩT1_FOM_000000070747_6	UniRef100_A0A1X0V829~K01919	64.0	480	173	0	1	480	1	480	1.53e-229	644
Deepurify_Bin_2ΩT2_FOM_000000153740_71	UniRef100_B1MWG3~K00036	100	486	0	0	1	486	1	486	0.0	971
Deepurify_Bin_2ΩT2_FOM_000000153740_51	UniRef100_B1MW57~K01919	99.6	486	2	0	1	486	1	486	0.0	963
Deepurify_Bin_2ΩT2_FOM_000000038108_70	UniRef100_B1MZU6~K08981	100	486	0	0	1	486	1	486	1.63e-306	839
Deepurify_Bin_2ΩT2_FOM_000000018066_346	UniRef100_B1MYF4~K01733	96.1	486	19	0	1	486	1	486	0.0	914
Deepurify_Bin_0ΩT2_UBT_000000044674_30	UniRef100_A0A0N9YUU6~K01223	98.1	485	9	0	1	485	1	485	0.0	979
Deepurify_Bin_0ΩT2_UBT_000000004216_46	UniRef100_A0A0N9YTA9~K02433	100	485	0	0	1	485	1	485	0.0	945
Deepurify_Bin_1ΩT2_UBT_000000038068_32	UniRef100_A0A2G8HCR7~K18935	30.5	407	272	7	14	415	11	411	1.41e-52	189
Deepurify_Bin_1ΩT2_UBT_000000066925_34	UniRef100_A0A0N9YUU6~K01223	87.4	485	61	0	1	485	1	485	0.0	899
Deepurify_Bin_1ΩT2_UBT_000000065998_46	UniRef100_A0A0N9YTA9~K02433	96.5	485	17	0	1	485	1	485	0.0	920
Deepurify_Bin_4ΩT1_UBT_000000024370_32	UniRef100_A0A2G8HCR7~K18935	30.5	407	272	7	14	415	11	411	1.41e-52	189
Deepurify_Bin_4ΩT1_UBT_000000007542_34	UniRef100_A0A0N9YUU6~K01223	87.4	485	61	0	1	485	1	485	0.0	899
Deepurify_Bin_4ΩT1_UBT_000000006917_46	UniRef100_A0A0N9YTA9~K02433	96.5	485	17	0	1	485	1	485	0.0	920
Deepurify_Bin_2ΩT2_FOM_000000035880_2	UniRef100_B1MXD7~K00690	99.0	485	5	0	1	485	1	485	0.0	966
Deepurify_Bin_0ΩT2_UBT_000000018558_2	UniRef100_U5UJJ0~K18935	32.3	402	254	9	14	407	11	402	7.08e-53	190
Deepurify_Bin_1ΩT2_UBT_000000076338_24	UniRef100_A0A0D1KFD3~K06901	92.4	484	36	1	1	484	1	483	2.23e-305	836
Deepurify_Bin_1ΩT2_UBT_000000076338_23	UniRef100_A0A0D1KFD3~K06901	92.4	484	36	1	1	484	1	483	2.23e-305	836
Deepurify_Bin_3ΩT1_FOM_000000157512_23	UniRef100_Q03UQ0~K08981	53.5	482	221	1	1	482	1	479	2.80e-183	527
Deepurify_Bin_4ΩT1_UBT_000000027144_2	UniRef100_A0A0D1KFD3~K06901	92.4	484	36	1	1	484	1	483	2.23e-305	836
Deepurify_Bin_2ΩT2_FOM_000000038108_23	UniRef100_B1MZZ2~K06131	99.8	484	1	0	1	484	1	484	0.0	944
Deepurify_Bin_0ΩT2_UBT_000000046529_2	UniRef100_A0A0D1KFD3~K06901	99.8	483	1	0	1	483	1	483	0.0	886
Deepurify_Bin_0ΩT2_UBT_000000044674_27	UniRef100_A0A0N9XU19~K01223	99.0	483	5	0	1	483	1	483	0.0	1010
Deepurify_Bin_0ΩT2_UBT_000000083495_30	UniRef100_A0A0D1M3K9~K01911	97.9	483	10	0	1	483	1	483	0.0	929
Deepurify_Bin_1ΩT2_UBT_000000066925_31	UniRef100_A0A0N9XU19~K01223	90.9	483	44	0	1	483	1	483	0.0	939
Deepurify_Bin_1ΩT2_UBT_000000039277_31	UniRef100_A0A0D1M3K9~K01911	85.3	483	71	0	1	483	1	483	2.81e-294	808
Deepurify_Bin_4ΩT1_UBT_000000007542_31	UniRef100_A0A0N9XU19~K01223	90.9	483	44	0	1	483	1	483	0.0	939
Deepurify_Bin_2ΩT2_FOM_000000036960_61	UniRef100_A0A1X0V837~K01270	67.7	477	151	2	2	478	1	474	3.25e-233	653
Deepurify_Bin_2ΩT2_FOM_000000038108_44	UniRef100_B1MZX1~K00690	100	483	0	0	1	483	1	483	0.0	956
Deepurify_Bin_0ΩT2_UBT_000000008485_3	UniRef100_A0A0N9XVW0~K06131	99.2	482	4	0	1	482	1	482	0.0	948
Deepurify_Bin_1ΩT2_UBT_000000001669_35	UniRef100_A0A0N9XWR0~K03292	99.6	482	2	0	1	482	1	482	0.0	950
Deepurify_Bin_4ΩT1_UBT_000000001140_32	UniRef100_A0A0N9YHP2~K02030&K02029	93.6	482	30	1	1	482	1	481	0.0	874
Deepurify_Bin_2ΩT2_FOM_000000035880_13	UniRef100_B1MXC6~K02030&K02029	100	482	0	0	1	482	1	482	0.0	925
Deepurify_Bin_0ΩT2_UBT_000000003960_32	UniRef100_A0A0N9YHP2~K02030&K02029	99.2	481	4	0	1	481	1	481	0.0	921
Deepurify_Bin_0ΩT2_UBT_000000004216_45	UniRef100_A0A0N9XZR9~K02434	99.6	481	2	0	1	481	1	481	0.0	952
Deepurify_Bin_1ΩT2_UBT_000000079358_2	UniRef100_A0A0N9XWR0~K03292	81.0	480	91	0	1	480	1	480	2.17e-288	793
Deepurify_Bin_1ΩT2_UBT_000000071291_50	UniRef100_A0A0N9YSZ1~K03292	95.0	483	21	1	1	480	1	483	0.0	922
Deepurify_Bin_1ΩT2_UBT_000000065998_45	UniRef100_A0A0N9XZR9~K02434	97.9	481	10	0	1	481	1	481	0.0	945
Deepurify_Bin_3ΩT1_FOM_000000075101_19	UniRef100_Q03UN1~K01911	67.7	480	153	1	1	480	1	478	5.82e-234	655
Deepurify_Bin_3ΩT1_FOM_000000026211_11	UniRef100_A0A1X0V837~K01270	74.8	476	120	0	6	481	1	476	4.14e-273	754
Deepurify_Bin_4ΩT1_UBT_000000021880_4	UniRef100_A0A0N9YTP5~K03305	95.2	481	23	0	1	481	1	481	0.0	902
Deepurify_Bin_4ΩT1_UBT_000000021238_6	UniRef100_A0A0N9XWR0~K03292	81.0	480	91	0	1	480	1	480	2.17e-288	793
Deepurify_Bin_4ΩT1_UBT_000000018545_50	UniRef100_A0A0N9YSZ1~K03292	95.0	483	21	1	1	480	1	483	0.0	922
Deepurify_Bin_4ΩT1_UBT_000000006917_45	UniRef100_A0A0N9XZR9~K02434	97.9	481	10	0	1	481	1	481	0.0	945
Deepurify_Bin_0ΩT2_UBT_000000045448_4	UniRef100_A0A0N9YRQ3~K03654	99.8	480	1	0	1	480	1	480	0.0	947
Deepurify_Bin_0ΩT2_UBT_000000006030_37	UniRef100_A0A0D1M0R3~K01223	99.8	480	1	0	1	480	1	480	0.0	1020
Deepurify_Bin_1ΩT2_UBT_000000082767_4	UniRef100_A0A0N9YRQ3~K03654	84.0	480	77	0	1	480	1	480	2.60e-293	805
Deepurify_Bin_3ΩT1_FOM_000000070293_48	UniRef100_A0A1X0UWS9~K11733	91.4	479	41	0	1	479	1	479	1.38e-313	857
Deepurify_Bin_3ΩT1_FOM_000000039835_5	UniRef100_A0A1X0VAB2~K02030&K02029	85.4	480	70	0	1	480	1	480	4.71e-296	812
Deepurify_Bin_3ΩT1_FOM_000000020217_6	UniRef100_A0A1X0V791~K00763	83.3	480	80	0	1	480	1	480	7.00e-298	817
Deepurify_Bin_4ΩT1_UBT_000000004766_4	UniRef100_A0A0N9YRQ3~K03654	84.0	480	77	0	1	480	1	480	2.60e-293	805
Deepurify_Bin_0ΩT2_UBT_000000024729_46	UniRef100_A0A0N9XTA5~K04042	99.6	478	2	0	1	478	1	478	0.0	934
Deepurify_Bin_1ΩT2_UBT_000000011286_51	UniRef100_A0A0N9XTA5~K04042	92.9	479	34	0	1	479	1	479	0.0	890
Deepurify_Bin_3ΩT1_FOM_000000109664_6	UniRef100_Q03VV1~K02434	90.6	479	45	0	1	479	1	479	0.0	874
Deepurify_Bin_4ΩT1_UBT_000000002880_51	UniRef100_A0A0N9XTA5~K04042	92.9	479	34	0	1	479	1	479	0.0	890
Deepurify_Bin_2ΩT2_FOM_000000035880_11	UniRef100_B1MXC8~K02030&K02029	99.6	479	2	0	1	479	1	479	0.0	909
Deepurify_Bin_2ΩT2_FOM_000000040107_15	UniRef100_B1MWD4~K01911	99.6	479	2	0	1	479	16	494	0.0	945
Deepurify_Bin_2ΩT2_FOM_000000036960_19	UniRef100_A0A0N9XY81~K11733	66.6	476	152	4	6	475	9	483	4.06e-222	625
Deepurify_Bin_2ΩT2_FOM_000000080637_29	UniRef100_B1N062~K02434	99.8	479	1	0	1	479	1	479	0.0	944
Deepurify_Bin_2ΩT2_FOM_000000018066_433	UniRef100_H2ICT1~K11392	30.3	491	288	11	4	466	7	471	6.50e-54	194
Deepurify_Bin_0ΩT2_UBT_000000028765_1	UniRef100_A8G991~K01223	67.2	475	155	1	3	477	2	475	8.60e-244	680
Deepurify_Bin_3ΩT1_FOM_000000157512_21	UniRef100_A0A0D1M0R3~K01223	81.0	478	91	0	1	478	1	478	4.22e-310	848
Deepurify_Bin_2ΩT2_FOM_000000038108_100	UniRef100_B1MZR3~K01669	99.2	478	4	0	1	478	1	478	0.0	962
Deepurify_Bin_2ΩT2_FOM_000000018066_224	UniRef100_A0A290UVJ2~K18935	32.8	409	248	8	3	403	8	397	1.45e-49	181
Deepurify_Bin_0ΩT2_UBT_000000016372_32	UniRef100_A0A0D1KCT6~K01804	99.8	477	1	0	1	477	1	477	0.0	972
Deepurify_Bin_0ΩT2_UBT_000000018558_10	UniRef100_A0A0D1LKC9~K03758	99.2	477	4	0	1	477	1	477	0.0	878
Deepurify_Bin_1ΩT2_UBT_000000009990_49	UniRef100_A0A0D1LKC9~K03758	86.6	477	64	0	1	477	1	477	2.08e-286	788
Deepurify_Bin_3ΩT1_FOM_000000102875_5	UniRef100_A0A1V0QA30~K01223	73.4	477	126	1	1	476	1	477	5.15e-271	749
Deepurify_Bin_4ΩT1_UBT_000000003991_29	UniRef100_A0A0D1LKC9~K03758	86.6	477	64	0	1	477	1	477	2.08e-286	788
Deepurify_Bin_2ΩT2_FOM_000000036960_73	UniRef100_B1MWT6~K01744	99.4	477	3	0	1	477	1	477	0.0	923
Deepurify_Bin_1ΩT2_UBT_000000045364_4	UniRef100_A0A1B2A0F7~K01744	69.9	469	141	0	1	469	1	469	1.96e-227	638
Deepurify_Bin_1ΩT2_UBT_000000079358_18	UniRef100_A0A0N9Y3K3~K00703	85.9	476	67	0	1	476	1	476	6.36e-315	860
Deepurify_Bin_1ΩT2_UBT_000000001669_14	UniRef100_A0A0N9Y3K3~K00703	99.4	476	3	0	1	476	1	476	0.0	972
Deepurify_Bin_1ΩT2_UBT_000000038068_21	UniRef100_A0A068E8D3~K01223	66.2	476	159	2	1	476	1	474	2.02e-248	691
Deepurify_Bin_3ΩT1_FOM_000000153740_3	UniRef100_A0A1X0V809~K09014	96.8	476	15	0	1	476	1	476	0.0	927
Deepurify_Bin_3ΩT1_FOM_000000015242_7	UniRef100_A0A1X0V9T6~K03294	91.0	476	43	0	1	476	1	476	4.15e-304	832
Deepurify_Bin_4ΩT1_UBT_000000021238_22	UniRef100_A0A0N9Y3K3~K00703	85.9	476	67	0	1	476	1	476	6.36e-315	860
Deepurify_Bin_4ΩT1_UBT_000000024370_21	UniRef100_A0A068E8D3~K01223	66.2	476	159	2	1	476	1	474	2.02e-248	691
Deepurify_Bin_2ΩT2_FOM_000000080637_184	UniRef100_B1MVR4~K09014	99.6	476	2	0	1	476	1	476	0.0	949
Deepurify_Bin_0ΩT2_UBT_000000003960_38	UniRef100_K6BQR0~K08169	33.7	415	266	7	13	423	11	420	2.89e-59	207
Deepurify_Bin_0ΩT2_UBT_000000024729_28	UniRef100_A0A0N9YNZ7~K00033	99.8	475	1	0	1	475	1	475	0.0	929
Deepurify_Bin_1ΩT2_UBT_000000011286_40	UniRef100_A0A0N9YNZ7~K00033	98.3	475	8	0	1	475	1	475	0.0	920
Deepurify_Bin_4ΩT1_UBT_000000002880_40	UniRef100_A0A0N9YNZ7~K00033	98.3	475	8	0	1	475	1	475	0.0	920
Deepurify_Bin_2ΩT2_FOM_000000018066_604	UniRef100_B1MXP6~K03294	100	475	0	0	1	475	1	475	0.0	900
Deepurify_Bin_2ΩT2_FOM_000000018066_136	UniRef100_B1MZ05~K00033	99.4	475	3	0	1	475	1	475	0.0	923
Deepurify_Bin_3ΩT1_FOM_000000096995_3	UniRef100_D5T1P0~K01804	92.2	474	37	0	1	474	1	474	0.0	897
Deepurify_Bin_4ΩT1_UBT_000000003245_23	UniRef100_A0A0N9XUA7~K01486	67.6	469	152	0	4	472	3	471	8.68e-214	607
Deepurify_Bin_2ΩT2_FOM_000000038108_103	UniRef100_B1MZR0~K01804	99.8	474	1	0	1	474	1	474	0.0	965
Deepurify_Bin_1ΩT2_UBT_000000071291_49	UniRef100_J0WA30~K01439	71.6	468	133	0	3	470	7	474	1.57e-240	671
Deepurify_Bin_4ΩT1_UBT_000000018545_49	UniRef100_J0WA30~K01439	71.6	468	133	0	3	470	7	474	1.57e-240	671
Deepurify_Bin_2ΩT2_FOM_000000040107_47	UniRef100_B1MWA1~K03319	99.8	473	1	0	1	473	1	473	0.0	916
Deepurify_Bin_2ΩT2_FOM_000000018066_357	UniRef100_B1MYD8~K00873	100	473	0	0	1	473	1	473	0.0	892
Deepurify_Bin_0ΩT2_UBT_000000032789_13	UniRef100_Q03T51~K03292	55.0	462	198	4	5	466	12	463	1.09e-170	494
Deepurify_Bin_0ΩT2_UBT_000000083495_38	UniRef100_A0A0N9YPR2~K03294	99.2	472	4	0	1	472	1	472	0.0	889
Deepurify_Bin_0ΩT2_UBT_000000006030_35	UniRef100_A0A0D1K9A2~K02761	100	472	0	0	1	472	1	472	0.0	919
Deepurify_Bin_1ΩT2_UBT_000000039277_39	UniRef100_A0A0N9YPR2~K03294	89.4	471	50	0	1	471	1	471	2.50e-303	830
Deepurify_Bin_1ΩT2_UBT_000000039277_25	UniRef100_Q03T51~K03292	54.5	462	200	4	2	463	9	460	5.06e-169	489
Deepurify_Bin_3ΩT1_FOM_000000114406_8	UniRef100_A0A068N8S8~K00820	52.2	477	217	6	1	472	1	471	1.45e-154	454
Deepurify_Bin_3ΩT1_FOM_000000041814_3	UniRef100_A0A1X9VSY8~K03293	85.7	463	66	0	1	463	1	463	3.92e-276	761
Deepurify_Bin_1ΩT2_UBT_000000026661_4	UniRef100_A0A0N9YDE6~K02314	99.8	471	1	0	1	471	1	471	0.0	885
Deepurify_Bin_1ΩT2_UBT_000000020635_15	UniRef100_A0A0N9Y4F4~K01883	98.1	471	9	0	1	471	1	471	0.0	925
Deepurify_Bin_1ΩT2_UBT_000000071291_16	UniRef100_A0A0N9YDE6~K02314	97.2	471	13	0	1	471	1	471	0.0	868
Deepurify_Bin_3ΩT1_FOM_000000080886_7	UniRef100_Q03W05~K01274	89.8	471	48	0	1	471	1	471	0.0	880
Deepurify_Bin_4ΩT1_UBT_000000015629_15	UniRef100_A0A0N9Y4F4~K01883	98.1	471	9	0	1	471	1	471	0.0	925
Deepurify_Bin_4ΩT1_UBT_000000018545_16	UniRef100_A0A0N9YDE6~K02314	97.2	471	13	0	1	471	1	471	0.0	868
Deepurify_Bin_2ΩT2_FOM_000000018066_567	UniRef100_B1MXT3~K01439	99.4	471	3	0	1	471	1	471	0.0	944
Deepurify_Bin_0ΩT2_UBT_000000004216_62	UniRef100_A0A0N9XXH1~K16787&K16786	96.6	470	16	0	1	470	1	470	0.0	871
Deepurify_Bin_1ΩT2_UBT_000000037074_13	UniRef100_A0A0N9XWU2~K02313	99.8	470	1	0	1	470	1	470	0.0	914
Deepurify_Bin_2ΩT2_FOM_000000018066_519	UniRef100_B1MXY1~K03293	99.1	470	4	0	1	470	1	470	0.0	887
Deepurify_Bin_2ΩT2_FOM_000000018066_252	UniRef100_A0A089LY39~K18926	31.4	475	296	11	4	465	9	466	2.15e-54	195
Deepurify_Bin_1ΩT2_UBT_000000065998_64	UniRef100_A0A0N9XXH1~K16787&K16786	66.7	469	155	1	1	468	1	469	3.38e-211	597
Deepurify_Bin_3ΩT1_FOM_000000159400_1	UniRef100_J9YHI1~K01193	65.2	466	158	2	6	468	7	471	2.80e-244	681
Deepurify_Bin_3ΩT1_FOM_000000112432_6	UniRef100_Q03ZR0~K01883	77.6	468	105	0	1	468	1	468	1.36e-266	737
Deepurify_Bin_4ΩT1_UBT_000000006917_64	UniRef100_A0A0N9XXH1~K16787&K16786	66.7	469	155	1	1	468	1	469	3.38e-211	597
Deepurify_Bin_2ΩT2_FOM_000000066982_8	UniRef100_B1MW68~K01883	99.1	469	4	0	1	469	1	469	0.0	937
Deepurify_Bin_2ΩT2_FOM_000000080637_120	UniRef100_B1MYM7~K03292	76.6	448	104	1	13	460	11	457	2.07e-248	691
Deepurify_Bin_2ΩT2_FOM_000000080637_80	UniRef100_B1N0B3~K16787&K16786	98.7	469	6	0	1	469	1	469	0.0	902
Deepurify_Bin_2ΩT2_FOM_000000018066_643	UniRef100_B1MXK8~K00382	99.4	469	3	0	1	469	1	469	0.0	912
Deepurify_Bin_0ΩT2_UBT_000000006030_29	UniRef100_A0A0N9YDQ9~K16209	99.1	468	4	0	1	468	1	468	0.0	884
Deepurify_Bin_0ΩT2_UBT_000000018558_30	UniRef100_A0A0N9Y0G2~K01812	97.9	468	10	0	1	468	1	468	0.0	937
Deepurify_Bin_1ΩT2_UBT_000000013024_4	UniRef100_A0A0N9YDQ9~K16209	91.6	467	39	0	1	467	1	467	1.29e-303	830
Deepurify_Bin_4ΩT1_UBT_000000015332_13	UniRef100_A0A0N9XWU2~K02313	84.5	470	71	1	1	468	1	470	1.32e-278	767
Deepurify_Bin_2ΩT2_FOM_000000025112_14	UniRef100_B1N027~K00135	100	468	0	0	1	468	1	468	0.0	904
Deepurify_Bin_2ΩT2_FOM_000000050145_51	UniRef100_A0A1B9FFP1~K03699	31.2	401	259	10	8	398	3	396	1.08e-43	165
Deepurify_Bin_2ΩT2_FOM_000000018066_256	UniRef100_B1MYP2~K16209	99.6	468	2	0	1	468	1	468	0.0	887
Deepurify_Bin_0ΩT2_UBT_000000016372_27	UniRef100_C0SPB2~K08139	46.5	443	235	2	6	448	2	442	3.16e-133	398
Deepurify_Bin_0ΩT2_UBT_000000045121_38	UniRef100_A0A2A4G065~K03446	30.8	409	274	6	15	419	7	410	3.71e-40	157
Deepurify_Bin_0ΩT2_UBT_000000024729_35	UniRef100_A0A1X0V837~K01270	46.8	472	245	4	2	467	5	476	2.63e-147	434
Deepurify_Bin_1ΩT2_UBT_000000062251_18	UniRef100_C0SPB2~K08139	46.0	443	237	2	6	448	2	442	1.72e-135	404
Deepurify_Bin_1ΩT2_UBT_000000011286_42	UniRef100_A0A1X0V837~K01270	47.0	472	244	4	2	467	5	476	6.53e-148	436
Deepurify_Bin_1ΩT2_UBT_000000065998_48	UniRef100_A0A109YBE2~K11392	32.8	481	279	13	5	458	11	474	4.92e-53	191
Deepurify_Bin_3ΩT1_FOM_000000070293_27	UniRef100_A0A2A5PSP1~K18934	41.5	470	263	3	2	459	5	474	3.22e-119	363
Deepurify_Bin_4ΩT1_UBT_000000002880_42	UniRef100_A0A1X0V837~K01270	47.0	472	244	4	2	467	5	476	6.53e-148	436
Deepurify_Bin_4ΩT1_UBT_000000006917_48	UniRef100_A0A109YBE2~K11392	32.8	481	279	13	5	458	11	474	4.92e-53	191
Deepurify_Bin_2ΩT2_FOM_000000008711_53	UniRef100_A0A0R2I9M7~K18926	34.0	450	288	5	9	452	7	453	1.26e-68	232
Deepurify_Bin_2ΩT2_FOM_000000029022_6	UniRef100_B1MWK1~K06919	99.8	467	1	0	1	467	1	467	0.0	899
Deepurify_Bin_2ΩT2_FOM_000000040107_29	UniRef100_B1MWC0~K03498	99.4	467	3	0	1	467	1	467	0.0	871
Deepurify_Bin_0ΩT2_UBT_000000009241_7	UniRef100_A0A075K9J7~K18926	30.4	450	300	4	13	452	23	469	1.15e-58	206
Deepurify_Bin_0ΩT2_UBT_000000026317_33	UniRef100_C1F395~K08139	60.9	443	167	5	10	447	30	471	6.76e-178	512
Deepurify_Bin_0ΩT2_UBT_000000004216_48	UniRef100_A0A221N5E2~K11392	31.9	474	280	16	5	450	22	480	1.22e-50	185
Deepurify_Bin_1ΩT2_UBT_000000014026_7	UniRef100_A0A075K9J7~K18926	30.1	475	318	5	1	465	11	481	2.31e-64	221
Deepurify_Bin_3ΩT1_FOM_000000079945_14	UniRef100_C2KLA8~K03293	91.3	460	40	0	4	463	7	466	1.47e-295	810
Deepurify_Bin_3ΩT1_FOM_000000070293_15	UniRef100_Q03V29~K02112	96.6	466	16	0	1	466	1	466	0.0	874
Deepurify_Bin_3ΩT1_FOM_000000016860_37	UniRef100_Q1CRD2~K00088	30.1	412	260	9	1	399	9	405	1.45e-42	162
Deepurify_Bin_3ΩT1_FOM_000000001419_5	UniRef100_A0A1X0V5Y5~K03294	88.6	466	53	0	1	466	1	466	3.75e-295	809
Deepurify_Bin_4ΩT1_UBT_000000003269_14	UniRef100_A0A075K9J7~K18926	30.1	475	318	5	1	465	11	481	2.31e-64	221
Deepurify_Bin_2ΩT2_FOM_000000040107_64	UniRef100_B1MW85~K02112	100	466	0	0	1	466	1	466	0.0	902
Deepurify_Bin_2ΩT2_FOM_000000036960_6	UniRef100_B1MX00~K03294	99.8	466	1	0	1	466	1	466	0.0	873
Deepurify_Bin_0ΩT2_UBT_000000083495_60	UniRef100_A0A0N9YE67~K03294	99.4	465	3	0	1	465	1	465	0.0	870
Deepurify_Bin_1ΩT2_UBT_000000039277_62	UniRef100_A0A0N9YE67~K03294	87.5	465	58	0	1	465	1	465	2.37e-286	786
Deepurify_Bin_3ΩT1_FOM_000000109664_8	UniRef100_D5T4V1~K03215	81.3	464	87	0	1	464	1	464	2.69e-278	766
Deepurify_Bin_2ΩT2_FOM_000000036960_37	UniRef100_A0A2A5PSP1~K18934	39.6	475	268	3	4	462	5	476	3.13e-110	340
Deepurify_Bin_0ΩT2_UBT_000000035055_25	UniRef100_A0A0D5CL04~K18926	30.0	453	298	9	20	457	12	460	1.26e-48	179
Deepurify_Bin_0ΩT2_UBT_000000039885_43	UniRef100_A0A0N9XWA6~K00104	98.3	464	8	0	1	464	1	464	0.0	880
Deepurify_Bin_2ΩT2_FOM_000000029022_27	UniRef100_B1MWM2~K13927	99.8	464	1	0	1	464	1	464	0.0	910
Deepurify_Bin_2ΩT2_FOM_000000040107_46	UniRef100_B1MWA2~K00244	99.8	464	1	0	1	464	1	464	0.0	903
Deepurify_Bin_2ΩT2_FOM_000000018066_395	UniRef100_B1MYA0~K03293	100	464	0	0	1	464	1	464	0.0	886
Deepurify_Bin_1ΩT2_UBT_000000039277_40	UniRef100_A0A0D1LWG1~K03293	95.2	458	21	1	3	460	6	462	6.21e-306	836
Deepurify_Bin_3ΩT1_FOM_000000045659_8	UniRef100_Q03Z66~K00690	90.8	457	42	0	1	457	28	484	8.57e-309	844
Deepurify_Bin_3ΩT1_FOM_000000025777_6	UniRef100_K0DE81~K03311	72.0	450	116	2	1	450	1	440	1.54e-222	624
Deepurify_Bin_3ΩT1_FOM_000000018306_8	UniRef100_A0A1B1ZZX4~K03215	76.7	455	106	0	9	463	3	457	1.23e-258	716
Deepurify_Bin_4ΩT1_UBT_000000018109_29	UniRef100_Q1G962~K01081	42.7	461	256	5	3	461	2	456	2.28e-123	373
Deepurify_Bin_2ΩT2_FOM_000000031369_1	UniRef100_D4MT31~K06147	35.2	472	290	5	1	462	31	496	5.80e-84	273
Deepurify_Bin_2ΩT2_FOM_000000001535_19	UniRef100_B1MX23~K03322	100	463	0	0	1	463	1	463	0.0	873
Deepurify_Bin_2ΩT2_FOM_000000040107_45	UniRef100_B1MWA3~K01679	99.6	463	2	0	1	463	1	463	0.0	888
Deepurify_Bin_2ΩT2_FOM_000000018066_271	UniRef100_B1MYM7~K03292	100	463	0	0	1	463	1	463	0.0	908
Deepurify_Bin_0ΩT2_UBT_000000057182_16	UniRef100_C0SPB2~K08139	48.3	445	226	2	1	444	1	442	4.84e-139	412
Deepurify_Bin_0ΩT2_UBT_000000083495_39	UniRef100_A0A0D1LWG1~K03293	100	462	0	0	1	462	1	462	0.0	881
Deepurify_Bin_0ΩT2_UBT_000000004216_55	UniRef100_A0A0D1M3E5~K03322	100	462	0	0	1	462	1	462	0.0	872
Deepurify_Bin_1ΩT2_UBT_000000062251_7	UniRef100_A0A2A5PSP1~K18934	41.7	475	262	2	1	460	3	477	3.84e-119	363
Deepurify_Bin_1ΩT2_UBT_000000057430_9	UniRef100_D5T267~K13927	51.3	464	221	3	1	460	1	463	3.39e-159	464
Deepurify_Bin_1ΩT2_UBT_000000014387_45	UniRef100_A0A0N9YT10~K06213	85.6	458	66	0	5	462	1	458	4.81e-258	714
Deepurify_Bin_1ΩT2_UBT_000000009990_21	UniRef100_A0A0N9YPE6~K03322	95.7	462	20	0	1	462	1	462	2.96e-306	837
Deepurify_Bin_1ΩT2_UBT_000000065998_55	UniRef100_A0A0D1M3E5~K03322	95.0	458	22	1	3	460	4	460	2.22e-301	824
Deepurify_Bin_3ΩT1_FOM_000000020217_9	UniRef100_A0A0D1K9A2~K02761	64.5	470	151	2	1	455	1	469	1.55e-215	607
Deepurify_Bin_4ΩT1_UBT_000000006917_55	UniRef100_A0A0D1M3E5~K03322	95.0	458	22	1	3	460	4	460	2.22e-301	824
Deepurify_Bin_2ΩT2_FOM_000000038108_120	UniRef100_B1MZP3~K01755	99.4	462	3	0	1	462	1	462	0.0	900
Deepurify_Bin_2ΩT2_FOM_000000018066_131	UniRef100_H1WS57~K01223	99.1	449	4	0	13	461	36	484	0.0	908
Deepurify_Bin_0ΩT2_UBT_000000032422_29	UniRef100_A0A0N9YT10~K06213	100	458	0	0	4	461	1	458	4.19e-291	798
Deepurify_Bin_0ΩT2_UBT_000000016372_6	UniRef100_A0A2A5PSP1~K18934	40.9	472	264	2	4	460	6	477	1.34e-116	356
Deepurify_Bin_1ΩT2_UBT_000000079358_4	UniRef100_A0A0D1LS18~K01805	92.4	461	35	0	1	461	1	461	0.0	884
Deepurify_Bin_1ΩT2_UBT_000000001669_33	UniRef100_A0A0D1LS18~K01805	100	461	0	0	1	461	1	461	0.0	935
Deepurify_Bin_1ΩT2_UBT_000000065998_66	UniRef100_A0A0D1LS18~K01805	93.1	461	32	0	1	461	1	461	0.0	885
Deepurify_Bin_4ΩT1_UBT_000000021238_8	UniRef100_A0A0D1LS18~K01805	92.2	461	36	0	1	461	1	461	0.0	881
Deepurify_Bin_4ΩT1_UBT_000000006917_66	UniRef100_A0A0D1LS18~K01805	93.1	461	32	0	1	461	1	461	0.0	885
Deepurify_Bin_2ΩT2_FOM_000000080637_27	UniRef100_B1N060~K03215	99.3	461	3	0	1	461	13	473	0.0	899
Deepurify_Bin_0ΩT2_UBT_000000032422_21	UniRef100_H6NLS9~K19349	36.1	460	290	3	1	458	1	458	5.09e-86	279
Deepurify_Bin_1ΩT2_UBT_000000079358_7	UniRef100_A0A0R2I9M7~K18926	36.0	419	261	3	2	416	5	420	1.28e-65	224
Deepurify_Bin_1ΩT2_UBT_000000001669_27	UniRef100_A0A0R2I9M7~K18926	33.1	471	291	4	2	457	5	466	1.46e-68	231
Deepurify_Bin_3ΩT1_FOM_000000126736_4	UniRef100_J9YJH5~K03462	79.1	455	95	0	1	455	1	455	3.27e-267	738
Deepurify_Bin_4ΩT1_UBT_000000021238_11	UniRef100_A0A0R2I9M7~K18926	36.0	419	261	3	2	416	5	420	1.28e-65	224
Deepurify_Bin_2ΩT2_FOM_000000038108_104	UniRef100_C1F395~K08139	60.1	451	175	4	8	455	24	472	7.74e-173	499
Deepurify_Bin_2ΩT2_FOM_000000018066_623	UniRef100_B1MXM7~K03293	100	460	0	0	1	460	1	460	0.0	889
Deepurify_Bin_0ΩT2_UBT_000000032789_26	UniRef100_A0A0N9YNQ1~K00383	98.9	446	5	0	14	459	1	446	0.0	868
Deepurify_Bin_0ΩT2_UBT_000000026330_26	UniRef100_A0A0N9Y794~K03293	99.6	459	2	0	1	459	1	459	0.0	884
Deepurify_Bin_0ΩT2_UBT_000000024729_16	UniRef100_A0A0D1M077~K03215	99.6	459	2	0	1	459	1	459	0.0	903
Deepurify_Bin_0ΩT2_UBT_000000006030_36	UniRef100_A0A0D1KFQ5~K01223	99.3	459	3	0	1	459	1	459	0.0	954
Deepurify_Bin_0ΩT2_UBT_000000021322_61	UniRef100_A0A0N7HAH5~K01755	97.6	459	11	0	1	459	1	459	0.0	870
Deepurify_Bin_0ΩT2_UBT_000000004216_17	UniRef100_A0A0D1MAU9~K03299	100	459	0	0	1	459	1	459	3.19e-281	773
Deepurify_Bin_1ΩT2_UBT_000000014387_26	UniRef100_F8HZB4~K18231	39.6	455	255	5	5	455	3	441	2.89e-92	292
Deepurify_Bin_1ΩT2_UBT_000000011286_29	UniRef100_A0A0D1M077~K03215	96.1	459	18	0	1	459	1	459	0.0	877
Deepurify_Bin_1ΩT2_UBT_000000065998_18	UniRef100_A0A0D1MAU9~K03299	93.4	458	30	0	1	458	1	458	2.41e-269	743
Deepurify_Bin_3ΩT1_FOM_000000096995_4	UniRef100_C1F395~K08139	60.9	448	164	5	13	454	30	472	9.19e-174	501
Deepurify_Bin_3ΩT1_FOM_000000038029_27	UniRef100_A0A1B2A1L8~K04042	78.5	455	98	0	4	458	3	457	3.21e-255	707
Deepurify_Bin_3ΩT1_FOM_000000028014_1	UniRef100_Q03W26~K07030	85.2	460	68	0	1	460	1	460	6.62e-275	761
Deepurify_Bin_4ΩT1_UBT_000000002880_29	UniRef100_A0A0D1M077~K03215	96.1	459	18	0	1	459	1	459	0.0	877
Deepurify_Bin_4ΩT1_UBT_000000006917_18	UniRef100_A0A0D1MAU9~K03299	93.4	458	30	0	1	458	1	458	2.41e-269	743
Deepurify_Bin_0ΩT2_UBT_000000027995_10	UniRef100_Q1G962~K01081	46.2	452	235	5	3	452	2	447	1.64e-127	384
Deepurify_Bin_0ΩT2_UBT_000000003960_39	UniRef100_A0A0N9YW96~K01426	97.4	458	12	0	1	458	1	458	2.12e-313	854
Deepurify_Bin_0ΩT2_UBT_000000004216_112	UniRef100_A0A0N9YMU0~K01961	99.8	458	1	0	1	458	1	458	0.0	896
Deepurify_Bin_0ΩT2_UBT_000000031606_3	UniRef100_A0A0D1M9X2~K01961	99.6	458	2	0	1	458	1	458	0.0	887
Deepurify_Bin_1ΩT2_UBT_000000061643_9	UniRef100_A0A0N9Y794~K03293	91.0	458	41	0	1	458	1	458	1.88e-298	816
Deepurify_Bin_1ΩT2_UBT_000000057430_16	UniRef100_D5T1X0~K05910	52.4	460	213	3	1	456	1	458	6.14e-167	483
Deepurify_Bin_1ΩT2_UBT_000000031997_23	UniRef100_A0A0D1M9X2~K01961	78.8	458	97	0	1	458	1	458	4.53e-262	724
Deepurify_Bin_1ΩT2_UBT_000000076338_40	UniRef100_A0A0N9YL33~K03500	93.9	456	28	0	1	456	1	456	9.28e-310	845
Deepurify_Bin_1ΩT2_UBT_000000076338_7	UniRef100_A0A0N9YL33~K03500	93.9	456	28	0	1	456	1	456	9.28e-310	845
Deepurify_Bin_1ΩT2_UBT_000000065998_132	UniRef100_A0A0N9YMU0~K01961	94.8	458	24	0	1	458	1	458	5.82e-311	848
Deepurify_Bin_4ΩT1_UBT_000000027144_18	UniRef100_A0A0N9YL33~K03500	93.9	456	28	0	1	456	1	456	9.28e-310	845
Deepurify_Bin_4ΩT1_UBT_000000004016_9	UniRef100_A0A0N9Y794~K03293	91.0	458	41	0	1	458	1	458	1.88e-298	816
Deepurify_Bin_4ΩT1_UBT_000000001140_38	UniRef100_A0A0N9YW96~K01426	79.9	458	92	0	1	458	1	458	1.37e-256	711
Deepurify_Bin_4ΩT1_UBT_000000006917_131	UniRef100_A0A0N9YMU0~K01961	94.8	458	24	0	1	458	1	458	5.82e-311	848
Deepurify_Bin_2ΩT2_FOM_000000008711_58	UniRef100_K0DBA9~K03215	79.6	456	93	0	1	456	12	467	1.24e-264	731
Deepurify_Bin_2ΩT2_FOM_000000118331_3	UniRef100_B1MX90~K01961	100	458	0	0	1	458	1	458	0.0	910
Deepurify_Bin_0ΩT2_UBT_000000046529_14	UniRef100_A0A0N9YL33~K03500	99.6	457	2	0	1	457	1	457	0.0	889
Deepurify_Bin_3ΩT1_FOM_000000137404_3	UniRef100_Q04HN9~K01679	66.2	450	152	0	3	452	6	455	8.15e-218	612
Deepurify_Bin_3ΩT1_FOM_000000104779_3	UniRef100_Q03Y46~K16787&K16786	60.3	458	179	2	1	457	1	456	1.79e-185	530
Deepurify_Bin_3ΩT1_FOM_000000068760_11	UniRef100_C0SPB2~K08139	46.6	440	233	2	5	444	3	440	3.77e-129	387
Deepurify_Bin_2ΩT2_FOM_000000035880_31	UniRef100_B1MXA8~K03929	98.9	457	5	0	1	457	1	457	0.0	915
Deepurify_Bin_2ΩT2_FOM_000000080637_40	UniRef100_B1N073~K04042	99.6	457	2	0	1	457	1	457	0.0	887
Deepurify_Bin_2ΩT2_FOM_000000018066_538	UniRef100_B1MXW2~K03590	99.3	457	3	0	1	457	1	457	0.0	884
Deepurify_Bin_2ΩT2_FOM_000000018066_503	UniRef100_B1MXZ6~K03293	99.8	457	1	0	1	457	1	457	0.0	873
Deepurify_Bin_0ΩT2_UBT_000000019873_6	UniRef100_A0A0N9XY86~K03590	99.6	456	2	0	1	456	1	456	2.24e-316	862
Deepurify_Bin_0ΩT2_UBT_000000028765_8	UniRef100_Q1CRD2~K00088	32.7	385	241	9	24	402	31	403	1.19e-44	167
Deepurify_Bin_0ΩT2_UBT_000000026317_14	UniRef100_Q03N42~K05910	52.5	461	211	3	1	456	1	458	1.32e-160	467
Deepurify_Bin_0ΩT2_UBT_000000031606_115	UniRef100_A0A0N9YS56~K07636	98.9	456	5	0	1	456	1	456	3.01e-312	851
Deepurify_Bin_1ΩT2_UBT_000000069770_2	UniRef100_A0A0N9YQQ2~K03322	90.6	456	43	0	1	456	1	456	1.38e-285	784
Deepurify_Bin_1ΩT2_UBT_000000020938_37	UniRef100_A0A0N9YS56~K07636	73.2	456	122	0	1	456	1	456	5.49e-227	635
Deepurify_Bin_3ΩT1_FOM_000000015242_8	UniRef100_B1MXP5~K03299	95.6	456	20	0	1	456	5	460	2.49e-289	793
Deepurify_Bin_2ΩT2_FOM_000000080637_84	UniRef100_A0A0E4CY20~K18926	34.1	399	252	7	10	401	11	405	4.56e-57	201
Deepurify_Bin_2ΩT2_FOM_000000018066_605	UniRef100_B1MXP5~K03299	99.8	456	1	0	1	456	5	460	3.12e-299	818
Deepurify_Bin_2ΩT2_FOM_000000018066_269	UniRef100_B1MYM9~K05910	98.9	456	5	0	1	456	1	456	0.0	889
Deepurify_Bin_0ΩT2_UBT_000000039885_22	UniRef100_A0A0N7HAT9~K00104	98.7	455	6	0	1	455	1	455	0.0	865
Deepurify_Bin_0ΩT2_UBT_000000004216_100	UniRef100_A0A0D1LT39~K03215	99.8	455	1	0	1	455	1	455	0.0	900
Deepurify_Bin_1ΩT2_UBT_000000065998_120	UniRef100_A0A0D1LT39~K03215	96.7	455	15	0	1	455	1	455	0.0	880
Deepurify_Bin_3ΩT1_FOM_000000064667_8	UniRef100_Q040A5~K03498	82.9	455	78	0	1	455	13	467	5.90e-264	729
Deepurify_Bin_3ΩT1_FOM_000000055969_3	UniRef100_Q03VW4~K03431	86.5	453	61	0	1	453	1	453	1.65e-281	773
Deepurify_Bin_4ΩT1_UBT_000000001149_7	UniRef100_A0A081JFU6~K03699	32.9	410	246	13	2	406	5	390	5.64e-47	174
Deepurify_Bin_4ΩT1_UBT_000000006917_119	UniRef100_A0A0D1LT39~K03215	96.7	455	15	0	1	455	1	455	0.0	880
Deepurify_Bin_2ΩT2_FOM_000000025112_4	UniRef100_B1N017~K03431	99.8	455	1	0	1	455	1	455	0.0	869
Deepurify_Bin_2ΩT2_FOM_000000080637_180	UniRef100_B1MVR0~K01703	99.6	455	2	0	1	455	1	455	0.0	916
Deepurify_Bin_2ΩT2_FOM_000000018066_400	UniRef100_B1MY95~K16211	99.8	455	1	0	1	455	1	455	0.0	902
Deepurify_Bin_0ΩT2_UBT_000000028765_7	UniRef100_U4KRT3~K03699	30.1	405	256	9	10	406	3	388	1.14e-46	173
Deepurify_Bin_0ΩT2_UBT_000000083495_45	UniRef100_Q6D2A9~K18326	34.0	438	282	3	10	445	13	445	2.00e-66	226
Deepurify_Bin_0ΩT2_UBT_000000087819_60	UniRef100_A0A0N7HAG9~K03293	92.3	452	35	0	1	452	1	452	7.19e-289	792
Deepurify_Bin_0ΩT2_UBT_000000087819_11	UniRef100_A0A0N7HAG9~K03293	92.3	452	35	0	1	452	1	452	7.19e-289	792
Deepurify_Bin_1ΩT2_UBT_000000059045_16	UniRef100_A0A0N9XW80~K01929	99.6	454	2	0	1	454	1	454	0.0	872
Deepurify_Bin_1ΩT2_UBT_000000039277_49	UniRef100_A0A097R4W0~K18326	32.1	446	292	4	10	447	14	456	3.42e-66	225
Deepurify_Bin_3ΩT1_FOM_000000114406_5	UniRef100_Q03YD1~K06213	84.8	454	69	0	1	454	1	454	3.36e-255	707
Deepurify_Bin_4ΩT1_UBT_000000021839_6	UniRef100_A0A0N9XY86~K03590	76.0	458	104	3	1	454	1	456	2.20e-242	674
Deepurify_Bin_4ΩT1_UBT_000000002201_16	UniRef100_A0A0N9XW80~K01929	78.9	454	96	0	1	454	1	454	1.43e-256	710
Deepurify_Bin_2ΩT2_FOM_000000038108_117	UniRef100_B1MZP6~K06213	99.6	454	2	0	1	454	1	454	2.93e-302	826
Deepurify_Bin_2ΩT2_FOM_000000038108_50	UniRef100_B1MZW5~K18692	100	454	0	0	1	454	1	454	6.61e-315	858
Deepurify_Bin_2ΩT2_FOM_000000018066_527	UniRef100_B1MXX3~K03311	99.3	454	3	0	1	454	1	454	1.09e-313	855
Deepurify_Bin_0ΩT2_UBT_000000001904_2	UniRef100_A0A0N9Y594~K00712	97.4	453	12	0	1	453	1	453	0.0	869
Deepurify_Bin_0ΩT2_UBT_000000045121_10	UniRef100_A0A0N7HAG9~K03293	99.8	453	1	0	1	453	1	453	2.49e-314	856
Deepurify_Bin_0ΩT2_UBT_000000026317_11	UniRef100_A0A0N9YRJ1~K03299	99.8	453	1	0	1	453	1	453	3.70e-277	762
Deepurify_Bin_1ΩT2_UBT_000000066925_30	UniRef100_A0A0N9YFR1~K02761	90.2	450	44	0	1	450	1	450	1.05e-297	814
Deepurify_Bin_3ΩT1_FOM_000000098250_6	UniRef100_A0A1B1ZZ83~K15771	96.5	453	16	0	1	453	1	453	8.49e-306	835
Deepurify_Bin_3ΩT1_FOM_000000094040_2	UniRef100_G4L4P7~K05910	30.6	461	301	8	1	450	1	453	1.28e-57	202
Deepurify_Bin_4ΩT1_UBT_000000001149_6	UniRef100_Q1CRD2~K00088	32.6	408	256	10	1	402	9	403	2.13e-45	169
Deepurify_Bin_4ΩT1_UBT_000000007542_30	UniRef100_A0A0N9YFR1~K02761	90.2	450	44	0	1	450	1	450	1.05e-297	814
Deepurify_Bin_2ΩT2_FOM_000000153740_75	UniRef100_D9TTJ2~K03292	40.9	445	261	2	1	444	1	444	1.01e-100	314
Deepurify_Bin_2ΩT2_FOM_000000018066_349	UniRef100_B1MYF1~K00928	98.7	453	6	0	1	453	1	453	0.0	882
Deepurify_Bin_0ΩT2_UBT_000000027622_2	UniRef100_A0A0N9YT07~K06885	99.1	452	4	0	1	452	1	452	0.0	883
Deepurify_Bin_0ΩT2_UBT_000000034556_7	UniRef100_A0A0N9YV12~K18692	99.8	452	1	0	1	452	1	452	0.0	868
Deepurify_Bin_0ΩT2_UBT_000000003960_18	UniRef100_A0A0N9YT96~K03431	99.8	452	1	0	1	452	1	452	8.47e-317	862
Deepurify_Bin_0ΩT2_UBT_000000045121_14	UniRef100_A2RNK4~K00383	44.6	448	231	7	2	447	4	436	3.01e-117	356
Deepurify_Bin_1ΩT2_UBT_000000065065_3	UniRef100_A0A0N9YT07~K06885	90.3	452	44	0	1	452	1	452	3.26e-298	815
Deepurify_Bin_1ΩT2_UBT_000000071291_35	UniRef100_A0A1B1ZXE2~K18926	33.1	414	261	7	14	415	3	412	4.60e-56	198
Deepurify_Bin_1ΩT2_UBT_000000065998_86	UniRef100_A0A143AW41~K16211	74.7	439	111	0	11	449	8	446	1.30e-250	695
Deepurify_Bin_4ΩT1_UBT_000000025828_5	UniRef100_A0A0N9YV12~K18692	95.4	452	21	0	1	452	1	452	1.93e-306	836
Deepurify_Bin_4ΩT1_UBT_000000001140_18	UniRef100_A0A0N9YT96~K03431	97.6	452	11	0	1	452	1	452	7.35e-311	847
Deepurify_Bin_4ΩT1_UBT_000000018545_35	UniRef100_A0A1B1ZXE2~K18926	33.1	414	261	7	14	415	3	412	4.60e-56	198
Deepurify_Bin_4ΩT1_UBT_000000006917_86	UniRef100_A0A143AW41~K16211	74.7	439	111	0	11	449	8	446	1.30e-250	695
Deepurify_Bin_2ΩT2_FOM_000000153740_40	UniRef100_A0A0R2I9M7~K18926	34.1	422	253	4	3	410	5	415	1.65e-63	218
Deepurify_Bin_2ΩT2_FOM_000000038108_31	UniRef100_B1MZY4~K07636	99.6	452	2	0	1	452	1	452	3.39e-316	861
Deepurify_Bin_2ΩT2_FOM_000000080637_158	UniRef100_B1MVN9~K01928	99.8	452	1	0	1	452	1	452	0.0	891
Deepurify_Bin_0ΩT2_UBT_000000045121_16	UniRef100_Q18DT3~K00529	32.4	472	286	6	9	449	6	475	5.93e-67	227
Deepurify_Bin_0ΩT2_UBT_000000026330_28	UniRef100_A0A0D1M286~K03315	99.1	451	4	0	1	451	1	451	2.96e-305	833
Deepurify_Bin_0ΩT2_UBT_000000004216_87	UniRef100_A0A0N9YSZ6~K00928	98.4	451	7	0	1	451	1	451	2.83e-317	863
Deepurify_Bin_0ΩT2_UBT_000000031606_105	UniRef100_A0A0D1LXH5~K03346	98.9	451	5	0	1	451	1	451	2.27e-309	843
Deepurify_Bin_1ΩT2_UBT_000000014387_24	UniRef100_A1RS57~K18367	35.0	443	280	7	8	445	4	443	3.35e-70	235
Deepurify_Bin_1ΩT2_UBT_000000020938_27	UniRef100_A0A0D1LXH5~K03346	60.7	453	173	3	1	450	1	451	3.37e-180	516
Deepurify_Bin_1ΩT2_UBT_000000065998_108	UniRef100_A0A0N9YSZ6~K00928	78.9	451	95	0	1	451	1	451	1.39e-257	712
Deepurify_Bin_3ΩT1_FOM_000000139589_11	UniRef100_M5AXG3~K02445	71.8	447	126	0	4	450	2	448	6.47e-225	630
Deepurify_Bin_3ΩT1_FOM_000000139589_8	UniRef100_B1MVN9~K01928	84.1	452	71	1	1	451	1	452	2.96e-280	770
Deepurify_Bin_3ΩT1_FOM_000000102875_6	UniRef100_A0A0G9FAN9~K02761	81.8	451	82	0	1	451	1	451	2.70e-276	760
Deepurify_Bin_3ΩT1_FOM_000000075101_6	UniRef100_D5T211~K03315	77.7	448	100	0	4	451	4	451	2.41e-230	644
Deepurify_Bin_3ΩT1_FOM_000000020217_12	UniRef100_A0A0D1KFQ5~K01223	61.2	451	169	2	4	448	6	456	1.84e-203	576
Deepurify_Bin_4ΩT1_UBT_000000006917_108	UniRef100_A0A0N9YSZ6~K00928	78.9	451	95	0	1	451	1	451	1.39e-257	712
Deepurify_Bin_2ΩT2_FOM_000000040107_11	UniRef100_B1MWD9~K03299	100	451	0	0	1	451	1	451	3.07e-291	798
Deepurify_Bin_2ΩT2_FOM_000000153740_79	UniRef100_B1MWH1~K03315	99.1	451	4	0	1	451	1	451	1.01e-296	811
Deepurify_Bin_2ΩT2_FOM_000000018066_627	UniRef100_B1MXM4~K06885	99.8	451	1	0	1	451	1	451	0.0	906
Deepurify_Bin_0ΩT2_UBT_000000018558_68	UniRef100_A0A0N7HB25~K02429	99.3	450	3	0	1	450	1	450	1.65e-306	836
Deepurify_Bin_1ΩT2_UBT_000000041069_9	UniRef100_A0A0D1LXD9~K07496	88.7	450	51	0	1	450	1	450	8.14e-291	796
Deepurify_Bin_1ΩT2_UBT_000000061643_17	UniRef100_A0A0D1M286~K03315	85.9	448	63	0	1	448	1	448	1.03e-268	741
Deepurify_Bin_1ΩT2_UBT_000000036495_19	UniRef100_A0A0N9XUB1~K01928	100	450	0	0	1	450	1	450	0.0	899
Deepurify_Bin_3ΩT1_FOM_000000134724_12	UniRef100_A0A0G3GP88~K02429	60.0	422	168	1	2	422	3	424	2.21e-169	488
Deepurify_Bin_3ΩT1_FOM_000000131407_1	UniRef100_A0A1X0V4V9~K16211	99.3	450	3	0	1	450	1	450	0.0	887
Deepurify_Bin_3ΩT1_FOM_000000103126_2	UniRef100_D5T2N9~K01810	93.3	450	30	0	1	450	1	450	1.80e-310	846
Deepurify_Bin_3ΩT1_FOM_000000055346_3	UniRef100_D5T365~K03299	86.9	450	59	0	1	450	2	451	9.35e-265	731
Deepurify_Bin_3ΩT1_FOM_000000015242_14	UniRef100_A0A1B1ZXE2~K18926	31.5	445	291	5	14	444	7	451	7.41e-59	206
Deepurify_Bin_4ΩT1_UBT_000000004016_17	UniRef100_A0A0D1M286~K03315	85.9	448	63	0	1	448	1	448	1.03e-268	741
Deepurify_Bin_4ΩT1_UBT_000000006101_15	UniRef100_A0A0N9XUB1~K01928	100	450	0	0	1	450	1	450	0.0	899
Deepurify_Bin_4ΩT1_UBT_000000018112_16	UniRef100_A0A0N9XUB1~K01928	93.8	450	28	0	1	450	1	450	1.33e-312	852
Deepurify_Bin_2ΩT2_FOM_000000118331_53	UniRef100_B1MX40~K01810	99.6	450	2	0	1	450	1	450	0.0	896
Deepurify_Bin_2ΩT2_FOM_000000080637_72	UniRef100_Q03Z26~K01439	65.8	441	150	1	1	440	3	443	1.71e-207	585
Deepurify_Bin_2ΩT2_FOM_000000018066_558	UniRef100_B1MXU2~K03500	98.2	450	8	0	1	450	1	450	2.38e-315	858
Deepurify_Bin_2ΩT2_FOM_000000018066_46	UniRef100_Q1G962~K01081	39.6	455	266	7	4	450	2	455	3.26e-105	326
Deepurify_Bin_0ΩT2_UBT_000000021629_16	UniRef100_K0N1N9~K17869	56.5	446	194	0	1	446	1	446	3.01e-181	519
Deepurify_Bin_0ΩT2_UBT_000000018558_105	UniRef100_Q03T93~K03457	70.2	439	130	1	3	440	14	452	5.74e-211	595
Deepurify_Bin_1ΩT2_UBT_000000057430_22	UniRef100_Q03T93~K03457	71.1	439	126	1	3	440	14	452	6.64e-210	592
Deepurify_Bin_1ΩT2_UBT_000000020938_45	UniRef100_F4ADQ7~K18926	33.7	448	283	3	7	440	20	467	4.29e-70	235
Deepurify_Bin_2ΩT2_FOM_000000018066_574	UniRef100_B1MXS6~K00763	98.7	449	6	0	1	449	1	449	0.0	877
Deepurify_Bin_2ΩT2_FOM_000000018066_541	UniRef100_B1MXV9~K01925	99.6	449	2	0	1	449	1	449	1.99e-316	861
Deepurify_Bin_2ΩT2_FOM_000000018066_128	UniRef100_A0A0R1F7V7~K17869	49.1	448	225	2	1	447	1	446	4.97e-145	427
Deepurify_Bin_2ΩT2_FOM_000000018066_54	UniRef100_B1MZ93~K05813	99.3	449	3	0	1	449	1	449	1.17e-310	847
Deepurify_Bin_0ΩT2_UBT_000000025704_22	UniRef100_A0A0D1LL26~K01915	100	448	0	0	1	448	1	448	0.0	895
Deepurify_Bin_1ΩT2_UBT_000000006722_19	UniRef100_A0A0D1LL26~K01915	93.3	448	30	0	1	448	1	448	8.91e-310	844
Deepurify_Bin_1ΩT2_UBT_000000062251_11	UniRef100_A5A647~K08139	42.2	438	240	7	2	437	6	432	9.06e-99	310
Deepurify_Bin_3ΩT1_FOM_000000160532_7	UniRef100_Q1G962~K01081	41.4	452	256	8	1	444	1	451	2.70e-109	337
Deepurify_Bin_3ΩT1_FOM_000000157512_9	UniRef100_K0DAU8~K01925	69.0	448	139	0	1	448	1	448	3.11e-215	605
Deepurify_Bin_3ΩT1_FOM_000000107633_4	UniRef100_A0A1X0V6P8~K01915	95.5	448	20	0	1	448	1	448	2.79e-313	853
Deepurify_Bin_3ΩT1_FOM_000000080886_5	UniRef100_Q03T93~K03457	55.8	425	187	1	16	439	28	452	7.14e-158	460
Deepurify_Bin_3ΩT1_FOM_000000016860_29	UniRef100_A0A1B2A0Q1~K01805	92.4	447	34	0	1	447	1	447	1.96e-313	853
Deepurify_Bin_3ΩT1_FOM_000000006674_11	UniRef100_A0A1X0V8G3~K02313	95.5	448	20	0	1	448	1	448	5.75e-306	835
Deepurify_Bin_4ΩT1_UBT_000000000739_19	UniRef100_A0A0D1LL26~K01915	93.3	448	30	0	1	448	1	448	8.91e-310	844
Deepurify_Bin_2ΩT2_FOM_000000118331_44	UniRef100_B1MX49~K00925	99.8	448	1	0	1	448	1	448	0.0	868
Deepurify_Bin_2ΩT2_FOM_000000153740_21	UniRef100_B1MW29~K02313	100	448	0	0	1	448	1	448	0.0	877
Deepurify_Bin_2ΩT2_FOM_000000038108_165	UniRef100_B1MZK0~K01915	100	448	0	0	1	448	1	448	0.0	883
Deepurify_Bin_0ΩT2_UBT_000000019873_9	UniRef100_A0A0N7HAQ3~K01925	99.3	447	3	0	1	447	1	447	4.56e-307	837
Deepurify_Bin_0ΩT2_UBT_000000045121_19	UniRef100_A0A0D1LVF8~K03498	99.1	447	4	0	1	447	1	447	1.90e-299	818
Deepurify_Bin_0ΩT2_UBT_000000087819_50	UniRef100_A0A0D1LVF8~K03498	85.9	447	63	0	1	447	1	447	3.94e-262	724
Deepurify_Bin_0ΩT2_UBT_000000087819_21	UniRef100_A0A0D1LVF8~K03498	85.9	447	63	0	1	447	1	447	3.94e-262	724
Deepurify_Bin_0ΩT2_UBT_000000021322_11	UniRef100_A0A0D1M3I1~K03293	99.8	447	1	0	1	447	1	447	7.07e-311	847
Deepurify_Bin_0ΩT2_UBT_000000018558_116	UniRef100_A0A0N9YWE1~K01810	99.8	447	1	0	1	447	1	447	0.0	883
Deepurify_Bin_1ΩT2_UBT_000000057430_31	UniRef100_A0A0N9YWE1~K01810	94.6	447	24	0	1	447	1	447	9.61e-309	842
Deepurify_Bin_1ΩT2_UBT_000000039277_74	UniRef100_A0A0D1M3I1~K03293	91.5	447	38	0	1	447	1	447	5.90e-287	786
Deepurify_Bin_3ΩT1_FOM_000000152060_11	UniRef100_Q03WZ4~K09157	92.2	447	35	0	1	447	1	447	5.64e-285	781
Deepurify_Bin_3ΩT1_FOM_000000131407_7	UniRef100_Q03XR7~K16211	92.8	446	32	0	2	447	1	446	2.17e-309	843
Deepurify_Bin_4ΩT1_UBT_000000021839_9	UniRef100_A0A0N7HAQ3~K01925	82.0	444	80	0	1	444	1	444	9.77e-256	707
Deepurify_Bin_2ΩT2_FOM_000000038108_122	UniRef100_A0A0R2I9M7~K18926	34.1	461	275	6	8	445	12	466	2.41e-70	236
Deepurify_Bin_2ΩT2_FOM_000000018066_619	UniRef100_B1MXN1~K00383	98.7	447	6	0	1	447	1	447	0.0	869
Deepurify_Bin_2ΩT2_FOM_000000018066_564	UniRef100_Q03T93~K03457	54.6	421	189	2	18	436	32	452	5.88e-149	437
Deepurify_Bin_2ΩT2_FOM_000000018066_406	UniRef100_B1MY90~K16211	99.8	447	1	0	1	447	1	447	0.0	879
Deepurify_Bin_2ΩT2_FOM_000000018066_98	UniRef100_B1MZ49~K09157	100	447	0	0	1	447	1	447	1.59e-307	838
Deepurify_Bin_0ΩT2_UBT_000000016425_27	UniRef100_A0A0N9YNQ1~K00383	85.0	446	67	0	1	446	1	446	2.06e-275	757
Deepurify_Bin_0ΩT2_UBT_000000006030_16	UniRef100_A0A0N9YDQ0~K00383	99.3	446	3	0	1	446	1	446	0.0	879
Deepurify_Bin_0ΩT2_UBT_000000031606_110	UniRef100_A0A0N9YLY0~K01924	99.6	446	2	0	1	446	1	446	0.0	892
Deepurify_Bin_1ΩT2_UBT_000000020938_32	UniRef100_A0A0N9YLY0~K01924	94.8	446	23	0	1	446	1	446	2.90e-314	855
Deepurify_Bin_1ΩT2_UBT_000000009990_38	UniRef100_A0A0N9YDQ0~K00383	90.8	446	41	0	1	446	1	446	2.04e-298	815
Deepurify_Bin_3ΩT1_FOM_000000128291_19	UniRef100_J9YGI4~K07636	63.8	403	141	2	49	446	24	426	1.26e-177	509
Deepurify_Bin_4ΩT1_UBT_000000003991_18	UniRef100_A0A0N9YDQ0~K00383	90.8	446	41	0	1	446	1	446	2.04e-298	815
Deepurify_Bin_2ΩT2_FOM_000000029022_42	UniRef100_B1MWP1~K00383	98.9	446	5	0	1	446	1	446	0.0	871
Deepurify_Bin_1ΩT2_UBT_000000026597_55	UniRef100_K0N1N9~K17869	57.2	442	189	0	1	442	1	442	2.43e-179	514
Deepurify_Bin_3ΩT1_FOM_000000076032_3	UniRef100_J9YET7~K01372	78.0	445	98	0	1	445	1	445	8.31e-263	725
Deepurify_Bin_3ΩT1_FOM_000000069077_5	UniRef100_A0A0D1LS13~K02761	56.5	444	173	6	1	439	1	429	7.24e-159	462
Deepurify_Bin_3ΩT1_FOM_000000023918_6	UniRef100_A0A1B2A1I2~K00383	68.8	445	139	0	1	445	1	445	1.08e-223	626
Deepurify_Bin_4ΩT1_UBT_000000019571_36	UniRef100_Q03Z26~K01439	54.2	445	200	4	1	443	3	445	9.89e-162	469
Deepurify_Bin_4ΩT1_UBT_000000014333_55	UniRef100_K0N1N9~K17869	57.2	442	189	0	1	442	1	442	2.43e-179	514
Deepurify_Bin_2ΩT2_FOM_000000035880_21	UniRef100_B1MXB8~K03346	99.3	445	3	0	1	445	1	445	1.93e-307	838
Deepurify_Bin_2ΩT2_FOM_000000040107_36	UniRef100_B1MWB2~K03293	99.6	445	2	0	1	445	1	445	7.87e-307	837
Deepurify_Bin_2ΩT2_FOM_000000080637_78	UniRef100_A0A1B2A1I2~K00383	74.2	445	115	0	1	445	1	445	2.19e-237	661
Deepurify_Bin_2ΩT2_FOM_000000018066_132	UniRef100_B1MZ09~K02761	100	366	0	0	80	445	1	366	5.02e-263	723
Deepurify_Bin_0ΩT2_UBT_000000022613_20	UniRef100_F4ADQ7~K18926	32.5	456	286	5	7	444	20	471	6.99e-66	224
Deepurify_Bin_0ΩT2_UBT_000000018558_84	UniRef100_G0UEF5~K01372	81.5	444	82	0	1	444	1	444	1.76e-275	757
Deepurify_Bin_1ΩT2_UBT_000000057430_21	UniRef100_K6PVX8~K00383	57.4	437	184	2	3	438	5	440	4.11e-178	511
Deepurify_Bin_3ΩT1_FOM_000000075080_14	UniRef100_A0A1X0V581~K03076	93.7	444	28	0	1	444	1	444	8.68e-299	816
Deepurify_Bin_3ΩT1_FOM_000000070747_1	UniRef100_G0UFL2~K16169	75.1	417	104	0	8	424	13	429	1.13e-215	605
Deepurify_Bin_2ΩT2_FOM_000000050145_34	UniRef100_B1MVZ5~K03076	100	444	0	0	1	444	1	444	3.94e-311	847
Deepurify_Bin_2ΩT2_FOM_000000008711_57	UniRef100_B1MXE5~K01929	99.5	444	2	0	1	444	1	444	7.94e-311	847
Deepurify_Bin_2ΩT2_FOM_000000038108_161	UniRef100_B1MZK4~K01924	99.8	444	1	0	1	444	1	444	0.0	877
Deepurify_Bin_2ΩT2_FOM_000000018066_603	UniRef100_B1MXP7~K00823	99.1	444	4	0	1	444	1	444	2.38e-312	850
Deepurify_Bin_0ΩT2_UBT_000000063077_9	UniRef100_A0A0N9XZ62~K00383	99.8	443	1	0	1	443	1	443	0.0	877
Deepurify_Bin_0ΩT2_UBT_000000065368_22	UniRef100_A0A1L6R8X9~K03781	88.7	443	50	0	1	443	39	481	4.48e-303	828
Deepurify_Bin_0ΩT2_UBT_000000016425_33	UniRef100_A0A0D1M1A2~K03294	89.6	441	46	0	1	441	1	441	1.48e-280	770
Deepurify_Bin_0ΩT2_UBT_000000024729_30	UniRef100_A0A0N7HAE4~K03294	99.1	443	4	0	1	443	1	443	2.62e-304	830
Deepurify_Bin_1ΩT2_UBT_000000020938_4	UniRef100_A0A0N9XZ62~K00383	85.3	443	65	0	1	443	1	443	2.18e-280	769
Deepurify_Bin_1ΩT2_UBT_000000011286_41	UniRef100_A0A0N7HAE4~K03294	88.0	442	53	0	1	442	1	442	5.97e-278	763
Deepurify_Bin_3ΩT1_FOM_000000077302_2	UniRef100_Q03Z26~K01439	74.0	443	115	0	1	443	3	445	3.88e-242	673
Deepurify_Bin_3ΩT1_FOM_000000015242_6	UniRef100_Q03YQ3~K00823	82.2	444	78	1	1	443	1	444	2.71e-265	731
Deepurify_Bin_4ΩT1_UBT_000000002880_41	UniRef100_A0A0N7HAE4~K03294	88.0	442	53	0	1	442	1	442	5.97e-278	763
Deepurify_Bin_2ΩT2_FOM_000000080637_172	UniRef100_B1MVQ3~K02429	100	443	0	0	1	443	1	443	3.49e-309	842
Deepurify_Bin_2ΩT2_FOM_000000018066_263	UniRef100_B1MYN5~K00383	99.1	443	4	0	1	443	1	443	0.0	874
Deepurify_Bin_0ΩT2_UBT_000000016817_11	UniRef100_A0A0N9YNW3~K00383	99.3	442	3	0	1	442	1	442	0.0	881
Deepurify_Bin_0ΩT2_UBT_000000026317_30	UniRef100_A0A0D1M1A2~K03294	100	442	0	0	1	442	1	442	6.23e-307	837
Deepurify_Bin_1ΩT2_UBT_000000057430_11	UniRef100_C4L8H2~K11616	32.7	425	272	7	20	437	23	440	3.64e-53	190
Deepurify_Bin_3ΩT1_FOM_000000157512_12	UniRef100_A0A1X0V8J9~K03590	77.6	446	93	2	1	442	1	443	1.04e-243	677
Deepurify_Bin_3ΩT1_FOM_000000070293_43	UniRef100_Q03V40~K03294	78.7	441	94	0	2	442	3	443	1.40e-248	689
Deepurify_Bin_3ΩT1_FOM_000000020217_11	UniRef100_A0A0N9YFR1~K02761	75.8	438	104	1	1	436	1	438	4.94e-240	668
Deepurify_Bin_3ΩT1_FOM_000000018306_9	UniRef100_A0A1X0VA26~K01929	77.4	442	100	0	1	442	1	442	6.73e-242	672
Deepurify_Bin_4ΩT1_UBT_000000016898_11	UniRef100_A0A0N9YNW3~K00383	98.6	442	6	0	1	442	1	442	0.0	877
Deepurify_Bin_2ΩT2_FOM_000000029022_29	UniRef100_I8U5U9~K11616	33.6	428	275	7	16	438	14	437	3.01e-61	211
Deepurify_Bin_0ΩT2_UBT_000000083495_40	UniRef100_A0A0D1M7U5~K03294	99.3	441	3	0	1	441	1	441	4.94e-308	839
Deepurify_Bin_1ΩT2_UBT_000000039277_46	UniRef100_A0A0D1M7U5~K03294	90.5	441	42	0	1	441	1	441	1.92e-289	792
Deepurify_Bin_1ΩT2_UBT_000000065998_22	UniRef100_A0A0H3KKW3~K11936	35.9	409	235	13	23	426	27	413	5.43e-65	220
Deepurify_Bin_3ΩT1_FOM_000000018426_2	UniRef100_A0A1X0V6M1~K11754	79.8	441	89	0	1	441	1	441	4.15e-254	703
Deepurify_Bin_3ΩT1_FOM_000000009930_8	UniRef100_U6EYV1~K03168	43.6	383	211	4	36	415	1	381	2.77e-104	322
Deepurify_Bin_4ΩT1_UBT_000000006917_22	UniRef100_A0A0H3KKW3~K11936	35.9	409	235	13	23	426	27	413	5.43e-65	220
Deepurify_Bin_2ΩT2_FOM_000000080637_235	UniRef100_B1MVW3~K01689	100	441	0	0	1	441	1	441	6.56e-313	852
Deepurify_Bin_0ΩT2_UBT_000000006030_14	UniRef100_A0A0N9YP50~K16169	98.9	440	5	0	1	440	1	440	8.81e-290	793
Deepurify_Bin_0ΩT2_UBT_000000018558_23	UniRef100_A0A0N9XWJ7~K16211	99.1	440	4	0	1	440	1	440	3.66e-314	855
Deepurify_Bin_3ΩT1_FOM_000000145965_15	UniRef100_B1MVI6~K03294	92.9	439	31	0	1	439	1	439	1.34e-286	785
Deepurify_Bin_3ΩT1_FOM_000000017376_5	UniRef100_A0A1Q2D7J2~K03322	59.7	432	172	1	5	436	20	449	2.39e-168	486
Deepurify_Bin_2ΩT2_FOM_000000018066_644	UniRef100_B1MXK7~K00627	99.3	440	3	0	1	440	1	440	8.81e-290	793
Deepurify_Bin_2ΩT2_FOM_000000018066_219	UniRef100_D5T031~K03502	93.9	440	27	0	1	440	1	440	3.59e-305	832
Deepurify_Bin_1ΩT2_UBT_000000009990_36	UniRef100_A0A0N9YP50~K16169	89.6	434	45	0	1	434	1	434	7.38e-261	720
Deepurify_Bin_3ΩT1_FOM_000000079945_8	UniRef100_Q03YT6~K03979	93.8	439	27	0	1	439	1	439	3.04e-301	822
Deepurify_Bin_4ΩT1_UBT_000000015941_2	UniRef100_A0A0N9Y5F4~K21471	47.7	509	167	12	1	438	1	481	1.36e-99	311
Deepurify_Bin_4ΩT1_UBT_000000003991_16	UniRef100_A0A0N9YP50~K16169	89.6	434	45	0	1	434	1	434	7.38e-261	720
Deepurify_Bin_2ΩT2_FOM_000000080637_105	UniRef100_B1MVI6~K03294	100	439	0	0	1	439	1	439	4.93e-307	837
Deepurify_Bin_2ΩT2_FOM_000000080637_24	UniRef100_B1N057~K03979	99.8	439	1	0	1	439	1	439	0.0	869
Deepurify_Bin_0ΩT2_UBT_000000018989_3	UniRef100_A0A0U2J8S2~K11936	36.6	415	247	7	15	428	10	409	7.08e-81	261
Deepurify_Bin_0ΩT2_UBT_000000083495_56	UniRef100_A0A0N9XX18~K03502	99.3	438	3	0	1	438	1	438	2.33e-316	860
Deepurify_Bin_1ΩT2_UBT_000000001669_26	UniRef100_A0A0D1LS13~K02761	99.8	438	1	0	1	438	7	444	6.97e-308	839
Deepurify_Bin_2ΩT2_FOM_000000018066_56	UniRef100_B1MZ91~K11754	99.8	438	1	0	1	438	1	438	6.05e-312	849
Deepurify_Bin_1ΩT2_UBT_000000080035_2	UniRef100_A0A0D1LLC7~K11754	76.0	433	104	0	1	433	1	433	5.43e-236	657
Deepurify_Bin_1ΩT2_UBT_000000066925_4	UniRef100_A0A0D1LT65~K01892	93.8	436	27	0	1	436	1	436	5.41e-296	808
Deepurify_Bin_1ΩT2_UBT_000000039277_57	UniRef100_A0A0N9XX18~K03502	85.3	435	64	0	3	437	4	438	1.79e-267	736
Deepurify_Bin_4ΩT1_UBT_000000027904_2	UniRef100_A0A0D1LLC7~K11754	76.0	433	104	0	1	433	1	433	5.43e-236	657
Deepurify_Bin_4ΩT1_UBT_000000007542_4	UniRef100_A0A0D1LT65~K01892	93.8	436	27	0	1	436	1	436	5.41e-296	808
Deepurify_Bin_2ΩT2_FOM_000000018066_537	UniRef100_B1MXW3~K03531	99.3	437	3	0	1	437	1	437	5.61e-296	808
Deepurify_Bin_2ΩT2_FOM_000000018066_380	UniRef100_B1MYB5~K03977	100	437	0	0	1	437	1	437	1.67e-313	853
Deepurify_Bin_0ΩT2_UBT_000000057284_2	UniRef100_A0A0N9Y6I3~K03977	99.8	436	1	0	1	436	1	436	5.17e-312	849
Deepurify_Bin_0ΩT2_UBT_000000088698_16	UniRef100_A0A0N9YQX5~K03979	99.5	436	2	0	1	436	1	436	1.09e-313	853
Deepurify_Bin_0ΩT2_UBT_000000044674_4	UniRef100_A0A0D1LT65~K01892	99.3	436	3	0	1	436	1	436	4.10e-316	859
Deepurify_Bin_0ΩT2_UBT_000000034263_3	UniRef100_A0A0D1LLC7~K11754	98.9	436	5	0	1	436	1	436	7.35e-312	848
Deepurify_Bin_3ΩT1_FOM_000000118623_13	UniRef100_Q03WN4~K03977	94.7	436	23	0	1	436	1	436	6.90e-301	821
Deepurify_Bin_4ΩT1_UBT_000000003245_17	UniRef100_A0A0N9YQX5~K03979	96.3	436	16	0	1	436	1	436	9.17e-306	833
Deepurify_Bin_4ΩT1_UBT_000000019571_2	UniRef100_A0A0N9Y6I3~K03977	97.2	436	12	0	1	436	1	436	2.25e-306	835
Deepurify_Bin_2ΩT2_FOM_000000050145_1	UniRef100_B1MW28~K01875	100	436	0	0	1	436	1	436	1.04e-311	848
Deepurify_Bin_0ΩT2_UBT_000000045121_31	UniRef100_A0A0N9Y3S4~K06901	99.5	435	2	0	1	435	1	435	3.24e-294	804
Deepurify_Bin_0ΩT2_UBT_000000035055_7	UniRef100_A0A0D1K9R3~K06901	100	435	0	0	1	435	1	435	1.91e-286	784
Deepurify_Bin_0ΩT2_UBT_000000087819_42	UniRef100_A0A0N9Y3S4~K06901	94.0	435	26	0	1	435	1	435	2.37e-280	769
Deepurify_Bin_0ΩT2_UBT_000000087819_29	UniRef100_A0A0N9Y3S4~K06901	94.0	435	26	0	1	435	1	435	2.37e-280	769
Deepurify_Bin_0ΩT2_UBT_000000004216_98	UniRef100_A0A0S7EE24~K11927	33.1	359	226	6	9	360	16	367	1.57e-51	183
Deepurify_Bin_1ΩT2_UBT_000000014623_8	UniRef100_A0A0D1K9R3~K06901	93.8	435	27	0	1	435	1	435	1.20e-273	752
Deepurify_Bin_3ΩT1_FOM_000000081119_9	UniRef100_Q03YS7~K03346	65.5	432	140	3	6	435	5	429	6.59e-190	540
Deepurify_Bin_3ΩT1_FOM_000000062405_3	UniRef100_K0DE66~K01893	91.0	435	39	0	1	435	1	435	2.04e-297	812
Deepurify_Bin_3ΩT1_FOM_000000035651_1	UniRef100_K0D8A1~K01875	79.4	436	89	1	1	435	1	436	6.12e-244	677
Deepurify_Bin_2ΩT2_FOM_000000080637_113	UniRef100_B1MVJ4~K04075	98.9	435	5	0	1	435	1	435	7.34e-316	858
Deepurify_Bin_2ΩT2_FOM_000000018066_584	UniRef100_H1WSJ2~K06901	100	435	0	0	1	435	1	435	9.47e-287	785
Deepurify_Bin_2ΩT2_FOM_000000018066_417	UniRef100_B1MY80~K01893	100	435	0	0	1	435	1	435	0.0	870
Deepurify_Bin_3ΩT1_FOM_000000103126_4	UniRef100_A0A1X0V5D9~K07258	61.3	437	163	2	2	432	5	441	7.18e-188	535
Deepurify_Bin_3ΩT1_FOM_000000008989_17	UniRef100_Q03X10~K00800	72.0	432	121	0	1	432	1	432	7.00e-219	613
Deepurify_Bin_2ΩT2_FOM_000000153740_52	UniRef100_J9YHF4~K07706	43.6	429	240	2	5	432	4	431	6.53e-113	344
Deepurify_Bin_2ΩT2_FOM_000000018066_398	UniRef100_B1MY97~K01892	99.5	434	2	0	1	434	1	434	2.79e-315	857
Deepurify_Bin_0ΩT2_UBT_000000031606_140	UniRef100_D5SZV6~K21471	53.6	379	162	6	59	427	41	415	4.71e-124	372
Deepurify_Bin_3ΩT1_FOM_000000157512_13	UniRef100_A0A1X0V8N1~K03531	86.7	437	52	3	1	433	1	435	1.80e-249	691
Deepurify_Bin_3ΩT1_FOM_000000131407_9	UniRef100_K0DAM1~K01892	83.6	433	71	0	1	433	1	433	6.29e-268	737
Deepurify_Bin_2ΩT2_FOM_000000038108_133	UniRef100_B1MZN1~K01586	99.8	433	1	0	1	433	1	433	0.0	879
Deepurify_Bin_2ΩT2_FOM_000000080637_191	UniRef100_A0A0S2FNC7~K11927	34.7	375	231	7	1	363	6	378	1.48e-54	193
Deepurify_Bin_0ΩT2_UBT_000000004216_67	UniRef100_A0A0N7HAZ6~K00800	98.8	432	5	0	1	432	1	432	3.88e-305	831
Deepurify_Bin_0ΩT2_UBT_000000004216_39	UniRef100_A0A0N9YSV8~K11754	98.6	432	6	0	1	432	1	432	4.05e-307	836
Deepurify_Bin_1ΩT2_UBT_000000061643_25	UniRef100_A0A0N9YMU6~K01756	89.5	430	45	0	1	430	1	430	1.73e-278	764
Deepurify_Bin_1ΩT2_UBT_000000038068_22	UniRef100_M4KZH8~K02755&K02757&K02756	39.7	411	240	6	2	410	16	420	5.42e-81	261
Deepurify_Bin_1ΩT2_UBT_000000065998_118	UniRef100_A0A0S2FNC7~K11927	35.8	380	231	8	9	376	16	394	6.27e-51	184
Deepurify_Bin_3ΩT1_FOM_000000153740_13	UniRef100_Q03YU5~K06885	85.0	432	65	0	2	433	1	432	2.45e-273	751
Deepurify_Bin_3ΩT1_FOM_000000147534_4	UniRef100_A0A1X0V6C2~K09458	95.0	418	21	0	13	430	1	418	7.56e-284	777
Deepurify_Bin_4ΩT1_UBT_000000004016_25	UniRef100_A0A0N9YMU6~K01756	89.5	430	45	0	1	430	1	430	1.73e-278	764
Deepurify_Bin_4ΩT1_UBT_000000024370_22	UniRef100_M4KZH8~K02755&K02757&K02756	39.7	411	240	6	2	410	16	420	5.42e-81	261
Deepurify_Bin_4ΩT1_UBT_000000006917_117	UniRef100_A0A0S2FNC7~K11927	35.8	380	231	8	9	376	16	394	6.27e-51	184
Deepurify_Bin_2ΩT2_FOM_000000050145_49	UniRef100_B1MVY0~K03665	99.1	432	4	0	1	432	1	432	1.07e-286	785
Deepurify_Bin_2ΩT2_FOM_000000040107_57	UniRef100_B1MW92~K02824	100	432	0	0	1	432	1	432	4.33e-302	823
Deepurify_Bin_2ΩT2_FOM_000000018066_325	UniRef100_B1MYH4~K03086	99.8	432	1	0	1	432	1	432	1.73e-292	799
Deepurify_Bin_0ΩT2_UBT_000000026330_36	UniRef100_A0A0N9YMU6~K01756	99.8	431	1	0	1	431	1	431	4.97e-312	848
Deepurify_Bin_0ΩT2_UBT_000000021629_62	UniRef100_A0A0N9YRZ2~K00800	95.4	431	20	0	1	431	1	431	5.45e-284	778
Deepurify_Bin_0ΩT2_UBT_000000031606_84	UniRef100_A0A0D1K3X9~K01893	99.8	431	1	0	1	431	1	431	0.0	879
Deepurify_Bin_1ΩT2_UBT_000000013024_18	UniRef100_A0A0D1K3X9~K01893	97.7	431	10	0	1	431	1	431	5.92e-317	861
Deepurify_Bin_1ΩT2_UBT_000000026597_7	UniRef100_A0A0N9YRZ2~K00800	70.4	429	127	0	1	429	1	429	1.65e-206	582
Deepurify_Bin_1ΩT2_UBT_000000065998_69	UniRef100_A0A0N7HAZ6~K00800	77.9	430	94	1	1	429	1	430	3.04e-235	654
Deepurify_Bin_1ΩT2_UBT_000000065998_38	UniRef100_A0A0N9YSV8~K11754	85.6	432	61	1	1	431	1	432	3.09e-265	730
Deepurify_Bin_3ΩT1_FOM_000000081119_6	UniRef100_A0A0S2DZU3~K11927	35.8	360	217	7	13	361	21	377	3.93e-51	184
Deepurify_Bin_3ΩT1_FOM_000000080886_4	UniRef100_B1MXT7~K03545	89.8	430	44	0	1	430	1	430	6.28e-267	734
Deepurify_Bin_3ΩT1_FOM_000000039059_15	UniRef100_K0D8M4~K14982	64.5	431	149	1	1	431	1	427	6.84e-193	547
Deepurify_Bin_3ΩT1_FOM_000000025777_8	UniRef100_C2KJN3~K01756	93.5	430	28	0	1	430	1	430	6.79e-294	803
Deepurify_Bin_4ΩT1_UBT_000000014333_7	UniRef100_A0A0N9YRZ2~K00800	70.4	429	127	0	1	429	1	429	1.65e-206	582
Deepurify_Bin_4ΩT1_UBT_000000006917_69	UniRef100_A0A0N7HAZ6~K00800	77.9	430	94	1	1	429	1	430	3.04e-235	654
Deepurify_Bin_4ΩT1_UBT_000000006917_38	UniRef100_A0A0N9YSV8~K11754	85.6	432	61	1	1	431	1	432	3.09e-265	730
Deepurify_Bin_2ΩT2_FOM_000000018066_563	UniRef100_B1MXT7~K03545	99.3	431	3	0	1	431	1	431	1.25e-289	792
Deepurify_Bin_2ΩT2_FOM_000000018066_451	UniRef100_B1MY48~K01756	100	431	0	0	1	431	1	431	7.05e-312	848
Deepurify_Bin_2ΩT2_FOM_000000018066_364	UniRef100_B1MYD1~K00800	98.6	431	6	0	1	431	1	431	8.64e-297	810
Deepurify_Bin_0ΩT2_UBT_000000027622_4	UniRef100_A0A0N9YTW4~K04771	99.3	420	3	0	11	430	1	420	6.50e-273	749
Deepurify_Bin_0ΩT2_UBT_000000035055_9	UniRef100_A0A0D1JQ92~K01939	100	430	0	0	1	430	1	430	5.59e-313	851
Deepurify_Bin_1ΩT2_UBT_000000014623_10	UniRef100_A0A0D1JQ92~K01939	94.7	430	23	0	1	430	1	430	9.74e-298	812
Deepurify_Bin_1ΩT2_UBT_000000038068_44	UniRef100_A0A0N9YNH1~K01740	88.2	422	50	0	6	427	4	425	1.51e-271	746
Deepurify_Bin_4ΩT1_UBT_000000024370_44	UniRef100_A0A0N9YNH1~K01740	88.2	422	50	0	6	427	4	425	1.51e-271	746
Deepurify_Bin_2ΩT2_FOM_000000036960_10	UniRef100_B1MWZ6~K07478	99.8	430	1	0	1	430	1	430	2.34e-305	832
Deepurify_Bin_0ΩT2_UBT_000000029014_10	UniRef100_A0A0N9YNH1~K01740	98.6	429	6	0	1	429	1	429	3.07e-305	831
Deepurify_Bin_0ΩT2_UBT_000000003960_11	UniRef100_A0A0N9YSF5~K01465	98.4	428	7	0	2	429	1	428	2.28e-293	801
Deepurify_Bin_1ΩT2_UBT_000000036495_6	UniRef100_A0A0N9Y808~K03665	99.5	426	2	0	4	429	1	426	3.82e-296	808
Deepurify_Bin_1ΩT2_UBT_000000038068_47	UniRef100_G0UEE1~K02240	52.4	431	197	4	4	429	6	433	5.58e-149	436
Deepurify_Bin_1ΩT2_UBT_000000065998_12	UniRef100_Q636N9~K01408	33.6	422	258	7	14	422	15	427	1.02e-62	214
Deepurify_Bin_3ΩT1_FOM_000000145965_9	UniRef100_Q03Z48~K04075	62.1	428	162	0	2	429	3	430	5.60e-185	527
Deepurify_Bin_3ΩT1_FOM_000000070293_39	UniRef100_J9YJR2~K02027	92.8	431	28	1	1	428	1	431	4.86e-273	750
Deepurify_Bin_4ΩT1_UBT_000000006101_6	UniRef100_A0A0N9Y808~K03665	99.8	426	1	0	4	429	1	426	9.38e-297	810
Deepurify_Bin_4ΩT1_UBT_000000024370_47	UniRef100_G0UEE1~K02240	52.4	431	197	4	4	429	6	433	5.58e-149	436
Deepurify_Bin_4ΩT1_UBT_000000006917_12	UniRef100_Q636N9~K01408	33.6	422	258	7	14	422	15	427	1.02e-62	214
Deepurify_Bin_0ΩT2_UBT_000000082639_7	UniRef100_A0A0D1LWN9~K11102	100	428	0	0	1	428	1	428	1.21e-290	794
Deepurify_Bin_0ΩT2_UBT_000000029014_13	UniRef100_G0UEE1~K02240	52.8	428	201	1	2	428	6	433	1.16e-150	440
Deepurify_Bin_0ΩT2_UBT_000000023758_9	UniRef100_A0A0D1KKQ3~K07478	99.3	428	3	0	1	428	1	428	1.83e-301	822
Deepurify_Bin_0ΩT2_UBT_000000004216_85	UniRef100_A0A0N9YVX5~K01586	98.6	428	6	0	1	428	1	428	2.96e-307	836
Deepurify_Bin_0ΩT2_UBT_000000004216_12	UniRef100_Q636N9~K01408	35.9	401	244	6	14	407	15	409	3.67e-67	226
Deepurify_Bin_1ΩT2_UBT_000000039277_7	UniRef100_A0A0N9XSE3~K07258	72.6	419	114	1	10	428	4	421	2.73e-197	558
Deepurify_Bin_1ΩT2_UBT_000000065998_106	UniRef100_A0A0N9YVX5~K01586	86.4	428	58	0	1	428	1	428	4.68e-272	747
Deepurify_Bin_3ΩT1_FOM_000000123978_8	UniRef100_A0A167B4F4~K01897	37.6	433	230	8	3	425	7	409	1.71e-85	273
Deepurify_Bin_3ΩT1_FOM_000000039059_21	UniRef100_Q03V71~K03740	78.5	428	92	0	1	428	1	428	6.92e-251	694
Deepurify_Bin_3ΩT1_FOM_000000018306_6	UniRef100_A0A1X9VQ59~K00790	91.4	428	37	0	1	428	1	428	1.08e-277	761
Deepurify_Bin_4ΩT1_UBT_000000015941_6	UniRef100_A0A0D1LWN9~K11102	92.5	428	32	0	1	428	1	428	6.96e-274	752
Deepurify_Bin_4ΩT1_UBT_000000006917_106	UniRef100_A0A0N9YVX5~K01586	86.4	428	58	0	1	428	1	428	4.68e-272	747
Deepurify_Bin_2ΩT2_FOM_000000008711_60	UniRef100_B1MXE2~K00790	100	428	0	0	1	428	1	428	2.72e-303	826
Deepurify_Bin_2ΩT2_FOM_000000018066_590	UniRef100_B1MXR0~K03601	99.1	428	4	0	1	428	1	428	2.00e-289	791
Deepurify_Bin_2ΩT2_FOM_000000018066_347	UniRef100_B1MYF3~K00003	99.8	428	1	0	1	428	1	428	1.06e-300	820
Deepurify_Bin_0ΩT2_UBT_000000027106_17	UniRef100_A0A0N9YUL4~K01945	94.8	427	22	0	1	427	1	427	1.25e-287	786
Deepurify_Bin_0ΩT2_UBT_000000039885_75	UniRef100_A0A0D1K699~K03545	100	427	0	0	1	427	3	429	2.66e-294	803
Deepurify_Bin_1ΩT2_UBT_000000083272_5	UniRef100_A0A0N9YTV7~K01875	99.5	427	2	0	1	427	1	427	6.44e-306	833
Deepurify_Bin_1ΩT2_UBT_000000000469_6	UniRef100_Q04FW9~K07258	37.3	421	258	5	3	421	4	420	3.05e-85	272
Deepurify_Bin_1ΩT2_UBT_000000000469_5	UniRef100_A0A0N9YTV7~K01875	97.4	427	11	0	1	427	1	427	2.41e-301	821
Deepurify_Bin_3ΩT1_FOM_000000096995_13	UniRef100_A0A1X0V604~K07478	86.6	426	57	0	2	427	3	428	3.98e-259	714
Deepurify_Bin_4ΩT1_UBT_000000026413_6	UniRef100_Q04FW9~K07258	37.3	421	258	5	3	421	4	420	3.05e-85	272
Deepurify_Bin_4ΩT1_UBT_000000026413_5	UniRef100_A0A0N9YTV7~K01875	97.4	427	11	0	1	427	1	427	2.41e-301	821
Deepurify_Bin_4ΩT1_UBT_000000018109_9	UniRef100_A0A0D1KKQ3~K07478	92.3	427	33	0	1	427	1	427	3.25e-281	770
Deepurify_Bin_4ΩT1_UBT_000000018112_27	UniRef100_A0A0N9Y808~K03665	92.5	426	32	0	2	427	1	426	1.50e-281	771
Deepurify_Bin_2ΩT2_FOM_000000029022_49	UniRef100_Q6ADF9~K03281	32.6	386	247	4	31	411	4	381	3.20e-48	175
Deepurify_Bin_2ΩT2_FOM_000000038108_57	UniRef100_B1MZV9~K03740	100	427	0	0	1	427	1	427	2.09e-316	859
Deepurify_Bin_2ΩT2_FOM_000000038108_13	UniRef100_B1N002~K01939	99.3	427	3	0	1	427	1	427	1.80e-312	849
Deepurify_Bin_2ΩT2_FOM_000000080637_174	UniRef100_B1MVQ5~K14982	99.8	427	1	0	1	427	1	427	1.52e-304	829
Deepurify_Bin_0ΩT2_UBT_000000032789_20	UniRef100_A0A0N9Y3E4~K02027	98.1	426	8	0	1	426	1	426	2.97e-290	793
Deepurify_Bin_0ΩT2_UBT_000000026330_2	UniRef100_A0A0N9YRJ7~K06909	98.1	426	8	0	1	426	2	427	5.54e-309	840
Deepurify_Bin_1ΩT2_UBT_000000034986_23	UniRef100_A0A0N9Y3E4~K02027	93.2	426	29	0	1	426	1	426	3.60e-275	755
Deepurify_Bin_3ΩT1_FOM_000000070293_41	UniRef100_J9YLA1~K03665	80.9	424	81	0	3	426	9	432	1.24e-235	655
Deepurify_Bin_2ΩT2_FOM_000000153740_11	UniRef100_A0A167B4F4~K01897	34.7	424	251	8	5	423	7	409	1.26e-74	244
Deepurify_Bin_2ΩT2_FOM_000000080637_223	UniRef100_B1MVV1~K02240	98.8	426	5	0	1	426	1	426	4.30e-299	815
Deepurify_Bin_2ΩT2_FOM_000000018066_134	UniRef100_B1MZ07~K01728	97.9	426	9	0	1	426	1	426	3.16e-301	821
Deepurify_Bin_0ΩT2_UBT_000000004111_15	UniRef100_A0A0N9XX68~K02532	99.3	425	3	0	1	425	1	425	5.79e-292	797
Deepurify_Bin_0ΩT2_UBT_000000018558_74	UniRef100_A0A1L6RDB1~K19174	50.0	426	206	2	5	425	1	424	1.77e-141	417
Deepurify_Bin_1ΩT2_UBT_000000049733_1	UniRef100_B2IM41~K03043	62.6	353	130	2	1	353	14	364	2.60e-157	454
Deepurify_Bin_1ΩT2_UBT_000000054494_1	UniRef100_B2IM41~K03043	62.9	353	129	2	1	353	14	364	1.83e-157	455
Deepurify_Bin_1ΩT2_UBT_000000036495_30	UniRef100_A0A0N7HAK1~K02824	99.3	425	3	0	1	425	1	425	2.25e-289	791
Deepurify_Bin_1ΩT2_UBT_000000011170_6	UniRef100_A0A0N9YUL4~K01945	61.4	425	164	0	1	425	1	425	2.96e-178	509
Deepurify_Bin_1ΩT2_UBT_000000039277_108	UniRef100_H8MF43~K03294	30.9	395	247	11	4	380	21	407	1.13e-25	115
Deepurify_Bin_3ΩT1_FOM_000000013223_4	UniRef100_Q03VX6~K00013	77.2	425	97	0	1	425	1	425	1.52e-220	617
Deepurify_Bin_4ΩT1_UBT_000000023272_1	UniRef100_B2IM41~K03043	62.6	353	130	2	1	353	14	364	2.60e-157	454
Deepurify_Bin_4ΩT1_UBT_000000026415_1	UniRef100_B2IM41~K03043	62.6	353	130	2	1	353	14	364	2.11e-156	452
Deepurify_Bin_4ΩT1_UBT_000000006101_26	UniRef100_A0A0N7HAK1~K02824	99.1	425	4	0	1	425	1	425	3.20e-289	790
Deepurify_Bin_4ΩT1_UBT_000000001140_11	UniRef100_A0A075TYZ9~K01465	77.2	425	97	0	1	425	1	425	6.75e-229	638
Deepurify_Bin_4ΩT1_UBT_000000018112_3	UniRef100_A0A0N7HAK1~K02824	97.2	425	12	0	1	425	1	425	3.98e-283	775
Deepurify_Bin_2ΩT2_FOM_000000118331_55	UniRef100_B1MX38~K07258	99.8	425	1	0	1	425	1	425	5.51e-306	833
Deepurify_Bin_2ΩT2_FOM_000000018066_317	UniRef100_I0F897~K11616	35.3	430	260	9	4	423	24	445	1.20e-65	222
Deepurify_Bin_1ΩT2_UBT_000000065065_5	UniRef100_A0A0N9YTW4~K04771	84.4	418	59	3	11	424	3	418	2.46e-227	634
Deepurify_Bin_1ΩT2_UBT_000000065998_15	UniRef100_A0A0D1LXD9~K07496	87.2	423	54	0	1	423	1	423	7.46e-271	745
Deepurify_Bin_3ΩT1_FOM_000000070293_8	UniRef100_A0A1X0V641~K02824	92.9	424	29	1	1	424	1	423	3.31e-272	747
Deepurify_Bin_4ΩT1_UBT_000000006917_15	UniRef100_A0A0D1LXD9~K07496	87.2	423	54	0	1	423	1	423	7.46e-271	745
Deepurify_Bin_2ΩT2_FOM_000000038108_25	UniRef100_Q636N9~K01408	40.6	409	232	6	6	407	6	410	2.27e-91	288
Deepurify_Bin_2ΩT2_FOM_000000018066_106	UniRef100_B1MZ41~K11754	98.1	423	8	0	1	423	1	423	1.39e-298	814
Deepurify_Bin_0ΩT2_UBT_000000019873_5	UniRef100_A0A0D1KFF3~K03531	95.3	423	19	1	1	422	1	423	1.91e-259	715
Deepurify_Bin_2ΩT2_FOM_000000038108_170	UniRef100_B1MZJ5~K01193	99.3	422	3	0	1	422	1	422	0.0	879
Deepurify_Bin_2ΩT2_FOM_000000018066_393	UniRef100_B1MYA2~K03761	99.8	422	1	0	1	422	1	422	1.34e-300	819
Deepurify_Bin_2ΩT2_FOM_000000018066_71	UniRef100_B1MZ76~K01465	99.1	422	4	0	1	422	1	422	6.23e-290	792
Deepurify_Bin_0ΩT2_UBT_000000003155_13	UniRef100_A0A0N9YQU9~K03601	99.5	421	2	0	1	421	1	421	1.21e-291	796
Deepurify_Bin_0ΩT2_UBT_000000083495_7	UniRef100_A0A0N9XSE3~K07258	99.0	421	4	0	1	421	1	421	8.74e-285	779
Deepurify_Bin_1ΩT2_UBT_000000001689_14	UniRef100_A0A0N9YQU9~K03601	90.2	418	41	0	1	418	1	418	6.22e-262	721
Deepurify_Bin_4ΩT1_UBT_000000019564_13	UniRef100_A0A0N9YQU9~K03601	90.2	418	41	0	1	418	1	418	6.22e-262	721
Deepurify_Bin_2ΩT2_FOM_000000018066_629	UniRef100_N0ATE6~K08196	31.1	383	253	5	24	403	12	386	6.87e-38	148
Deepurify_Bin_0ΩT2_UBT_000000016817_7	UniRef100_A0A0D1JUC9~K00790	100	420	0	0	1	420	1	420	2.21e-298	813
Deepurify_Bin_0ΩT2_UBT_000000024729_22	UniRef100_A0A0N9XWF5~K12554	99.5	420	2	0	1	420	1	420	4.86e-302	822
Deepurify_Bin_1ΩT2_UBT_000000026661_1	UniRef100_A0A0N9XT57~K01439	98.1	420	6	1	1	420	1	418	2.56e-292	798
Deepurify_Bin_1ΩT2_UBT_000000018272_9	UniRef100_Q6ADF9~K03281	31.5	397	254	5	21	410	2	387	2.81e-47	172
Deepurify_Bin_1ΩT2_UBT_000000024690_12	UniRef100_Q6ADF9~K03281	31.2	391	251	7	24	407	4	383	1.44e-47	173
Deepurify_Bin_1ΩT2_UBT_000000045364_14	UniRef100_A0A0N9XWB4~K03740	71.4	416	119	0	1	416	1	416	7.27e-218	609
Deepurify_Bin_4ΩT1_UBT_000000008966_9	UniRef100_Q6ADF9~K03281	31.5	397	254	5	21	410	2	387	2.81e-47	172
Deepurify_Bin_4ΩT1_UBT_000000016898_7	UniRef100_A0A0D1JUC9~K00790	95.7	420	18	0	1	420	1	420	9.85e-286	781
Deepurify_Bin_2ΩT2_FOM_000000118331_6	UniRef100_B1MX87~K09458	99.5	420	2	0	1	420	1	420	1.10e-298	814
Deepurify_Bin_0ΩT2_UBT_000000040980_6	UniRef100_A0A0N9YPI9~K01866	99.0	419	4	0	1	419	1	419	6.83e-297	809
Deepurify_Bin_0ΩT2_UBT_000000035055_54	UniRef100_A0A0N9Y0K4~K11749	99.0	419	4	0	1	419	2	420	1.53e-291	796
Deepurify_Bin_1ΩT2_UBT_000000014623_35	UniRef100_A0A0N9Y0K4~K11749	85.9	419	59	0	1	419	2	420	3.96e-255	704
Deepurify_Bin_1ΩT2_UBT_000000071291_13	UniRef100_A0A0N9XT57~K01439	74.8	420	103	2	1	419	1	418	1.46e-224	626
Deepurify_Bin_1ΩT2_UBT_000000009990_44	UniRef100_A0A0N9YPI9~K01866	96.7	419	14	0	1	419	1	419	1.21e-290	793
Deepurify_Bin_4ΩT1_UBT_000000018545_13	UniRef100_A0A0N9XT57~K01439	74.8	420	103	2	1	419	1	418	1.46e-224	626
Deepurify_Bin_4ΩT1_UBT_000000003991_24	UniRef100_A0A0N9YPI9~K01866	96.7	419	14	0	1	419	1	419	1.21e-290	793
Deepurify_Bin_2ΩT2_FOM_000000118163_1	UniRef100_I7AVJ3~K03695	31.9	364	190	8	26	372	42	364	4.16e-44	164
Deepurify_Bin_2ΩT2_FOM_000000018066_190	UniRef100_A6X7T1~K07482	30.3	363	200	16	12	364	5	324	1.15e-15	84.3
Deepurify_Bin_2ΩT2_FOM_000000018066_20	UniRef100_B1MZE8~K01992	97.6	419	10	0	1	419	1	419	8.91e-277	758
Deepurify_Bin_0ΩT2_UBT_000000027106_23	UniRef100_A0A0N9Y556~K11936	96.4	418	15	0	1	418	1	418	1.03e-286	783
Deepurify_Bin_3ΩT1_FOM_000000008989_7	UniRef100_Q03WP5~K00925	87.7	416	51	0	1	416	1	416	7.80e-259	713
Deepurify_Bin_4ΩT1_UBT_000000021839_5	UniRef100_A0A0D1KFF3~K03531	90.7	428	25	4	1	418	1	423	7.89e-244	675
Deepurify_Bin_4ΩT1_UBT_000000015332_3	UniRef100_A0A0N9XWT1~K00054	81.4	415	77	0	1	415	1	415	7.65e-226	629
Deepurify_Bin_2ΩT2_FOM_000000018066_438	UniRef100_B1MY61~K11749	99.5	418	2	0	1	418	1	418	3.21e-290	792
Deepurify_Bin_0ΩT2_UBT_000000016817_16	UniRef100_A0A0N9XWB4~K03740	98.8	417	5	0	1	417	1	417	4.18e-306	832
Deepurify_Bin_0ΩT2_UBT_000000039885_74	UniRef100_A0A0D1JGI9~K03544	99.8	417	1	0	1	417	1	417	1.95e-295	805
Deepurify_Bin_0ΩT2_UBT_000000018558_52	UniRef100_A0A0N7HB27~K08177	99.8	417	1	0	1	417	1	417	8.15e-288	786
Deepurify_Bin_1ΩT2_UBT_000000034986_2	UniRef100_A0A0D1JGI9~K03544	97.8	416	9	0	1	416	1	416	1.41e-288	788
Deepurify_Bin_3ΩT1_FOM_000000013027_3	UniRef100_Q03ZC1~K12554	78.2	417	91	0	1	417	1	417	7.47e-238	660
Deepurify_Bin_2ΩT2_FOM_000000001535_11	UniRef100_B1MX15~K12554	99.0	417	4	0	1	417	1	417	1.82e-300	818
Deepurify_Bin_2ΩT2_FOM_000000080637_88	UniRef100_B1N0C1~K03742	99.8	417	1	0	1	417	1	417	2.38e-296	808
Deepurify_Bin_2ΩT2_FOM_000000018066_455	UniRef100_B1MY44~K01945	99.8	417	1	0	1	417	1	417	1.28e-300	818
Deepurify_Bin_2ΩT2_FOM_000000018066_121	UniRef100_B1MZ22~K01258	100	417	0	0	1	417	1	417	1.99e-304	828
Deepurify_Bin_1ΩT2_UBT_000000036495_26	UniRef100_A0A0D1JRT0~K00600	99.8	416	1	0	1	416	1	416	1.69e-300	818
Deepurify_Bin_4ΩT1_UBT_000000006101_22	UniRef100_A0A0D1JRT0~K00600	99.8	416	1	0	1	416	1	416	1.69e-300	818
Deepurify_Bin_4ΩT1_UBT_000000018112_6	UniRef100_A0A0D1JRT0~K00600	91.8	416	34	0	1	416	1	416	2.69e-281	769
Deepurify_Bin_0ΩT2_UBT_000000003960_5	UniRef100_A0A0N7HB10~K19002	99.5	415	2	0	1	415	1	415	5.22e-299	814
Deepurify_Bin_0ΩT2_UBT_000000024729_10	UniRef100_A0A0D1M074~K05350	95.4	415	19	0	1	415	1	415	1.93e-310	843
Deepurify_Bin_0ΩT2_UBT_000000018558_45	UniRef100_A0A0N9YSR6~K11754	95.3	405	19	0	11	415	1	405	1.82e-276	757
Deepurify_Bin_1ΩT2_UBT_000000037074_3	UniRef100_A0A0N9XWT1~K00054	99.3	415	3	0	1	415	1	415	5.36e-276	756
Deepurify_Bin_1ΩT2_UBT_000000039277_27	UniRef100_A0A0N9YTX3~K14982	87.1	373	45	3	43	415	1	370	1.36e-228	634
Deepurify_Bin_3ΩT1_FOM_000000096220_2	UniRef100_Q03W09~K03544	92.3	413	32	0	1	413	1	413	1.46e-271	745
Deepurify_Bin_3ΩT1_FOM_000000070747_14	UniRef100_A0A1B2A0T9~K01866	85.8	415	59	0	1	415	1	415	8.79e-259	712
Deepurify_Bin_2ΩT2_FOM_000000118331_25	UniRef100_B1MX68~K00147	99.5	415	2	0	1	415	1	415	1.26e-290	793
Deepurify_Bin_2ΩT2_FOM_000000153740_48	UniRef100_B1MW54~K01866	99.5	415	2	0	1	415	1	415	1.28e-299	816
Deepurify_Bin_2ΩT2_FOM_000000018066_562	UniRef100_B1MXT8~K03544	99.8	415	1	0	1	415	1	415	4.79e-295	804
Deepurify_Bin_2ΩT2_FOM_000000018066_341	UniRef100_B1MYF9~K00925	100	415	0	0	1	415	1	415	1.67e-295	805
Deepurify_Bin_4ΩT1_UBT_000000003245_12	UniRef100_A0A0N9YLI1~K01992	78.7	414	87	1	1	414	1	413	7.04e-211	591
Deepurify_Bin_4ΩT1_UBT_000000001140_5	UniRef100_A0A0N7HB10~K19002	91.8	414	34	0	1	414	1	414	1.04e-275	755
Deepurify_Bin_2ΩT2_FOM_000000018066_262	UniRef100_B1MYN6~K01439	98.8	414	5	0	1	414	1	414	3.48e-292	797
Deepurify_Bin_0ΩT2_UBT_000000057182_6	UniRef100_A0A0D1LJM3~K16323	100	413	0	0	1	413	1	413	3.03e-281	769
Deepurify_Bin_0ΩT2_UBT_000000088698_12	UniRef100_A0A0N9YLI1~K01992	99.0	413	4	0	1	413	1	413	7.41e-266	730
Deepurify_Bin_0ΩT2_UBT_000000018558_109	UniRef100_A0A0D1K2X5~K01485	99.5	413	2	0	1	413	1	413	9.79e-303	823
Deepurify_Bin_1ΩT2_UBT_000000057430_24	UniRef100_A0A0D1K2X5~K01485	90.3	413	40	0	1	413	1	413	2.90e-279	764
Deepurify_Bin_3ΩT1_FOM_000000154240_18	UniRef100_B1MX68~K00147	73.5	411	108	1	3	412	4	414	8.46e-210	588
Deepurify_Bin_4ΩT1_UBT_000000001149_12	UniRef100_A0A0D1LJM3~K16323	92.3	413	32	0	1	413	1	413	1.17e-262	722
Deepurify_Bin_2ΩT2_FOM_000000118163_12	UniRef100_D5SZV6~K21471	78.2	413	90	0	1	413	1	413	1.02e-236	657
Deepurify_Bin_2ΩT2_FOM_000000009452_30	UniRef100_B1MZI6~K08161	99.0	413	4	0	1	413	1	413	2.48e-280	767
Deepurify_Bin_0ΩT2_UBT_000000065368_15	UniRef100_A0A0N9XUK8~K01193	78.4	412	89	0	1	412	1	412	1.50e-253	699
Deepurify_Bin_0ΩT2_UBT_000000083495_26	UniRef100_A0A0N9YTX3~K14982	98.4	370	6	0	43	412	1	370	5.88e-259	711
Deepurify_Bin_0ΩT2_UBT_000000021629_71	UniRef100_A0A0N9XUK8~K01193	92.7	412	30	0	1	412	1	412	1.48e-292	798
Deepurify_Bin_0ΩT2_UBT_000000034542_5	UniRef100_A0A0N9YH87~K19689	98.5	412	6	0	1	412	1	412	4.61e-296	806
Deepurify_Bin_0ΩT2_UBT_000000018558_8	UniRef100_A0A0D1LEA0~K01478	99.3	412	3	0	1	412	1	412	9.45e-305	828
Deepurify_Bin_1ΩT2_UBT_000000060612_5	UniRef100_A0A0N9YH87~K19689	92.0	412	33	0	1	412	1	412	1.14e-280	768
Deepurify_Bin_1ΩT2_UBT_000000026597_36	UniRef100_A0A0K2LDP5~K06902	55.3	407	177	1	5	406	3	409	1.44e-157	456
Deepurify_Bin_1ΩT2_UBT_000000009990_51	UniRef100_A0A0D1LEA0~K01478	91.3	412	36	0	1	412	1	412	8.75e-285	778
Deepurify_Bin_3ΩT1_FOM_000000086418_9	UniRef100_A0A1X0UXC7~K07035	92.2	412	32	0	1	412	1	412	2.43e-229	638
Deepurify_Bin_3ΩT1_FOM_000000001815_1	UniRef100_Q03YB2~K01945	69.4	412	126	0	1	412	1	412	1.00e-205	578
Deepurify_Bin_4ΩT1_UBT_000000003991_31	UniRef100_A0A0D1LEA0~K01478	91.3	412	36	0	1	412	1	412	8.75e-285	778
Deepurify_Bin_4ΩT1_UBT_000000014333_36	UniRef100_A0A0K2LDP5~K06902	55.3	407	177	1	5	406	3	409	1.44e-157	456
Deepurify_Bin_2ΩT2_FOM_000000008711_30	UniRef100_B1MXH1~K07035	99.3	412	3	0	1	412	1	412	2.75e-249	688
Deepurify_Bin_3ΩT1_FOM_000000070293_24	UniRef100_Q39MI6~K00219	42.3	371	206	4	11	376	12	379	1.15e-88	279
Deepurify_Bin_4ΩT1_UBT_000000019571_27	UniRef100_A0A0N7HAW8~K01258	90.0	408	41	0	1	408	1	408	4.22e-273	748
Deepurify_Bin_2ΩT2_FOM_000000040107_73	UniRef100_Q39MI6~K00219	40.8	353	204	2	11	359	12	363	1.81e-81	261
Deepurify_Bin_0ΩT2_UBT_000000022613_25	UniRef100_A0A0D1JEA6~K03588	100	410	0	0	1	410	1	410	2.79e-280	766
Deepurify_Bin_0ΩT2_UBT_000000057284_22	UniRef100_A0A0N7HAW8~K01258	99.8	410	1	0	1	410	1	410	6.82e-297	808
Deepurify_Bin_0ΩT2_UBT_000000021629_35	UniRef100_A0A0K2LDP5~K06902	56.4	411	174	1	5	410	3	413	5.01e-160	462
Deepurify_Bin_3ΩT1_FOM_000000098250_5	UniRef100_A0A1B1ZZ42~K15770	95.1	410	20	0	1	410	1	410	6.29e-277	758
Deepurify_Bin_3ΩT1_FOM_000000063874_4	UniRef100_D5T2E3~K08152	77.6	410	92	0	1	410	1	410	3.28e-226	630
Deepurify_Bin_4ΩT1_UBT_000000003245_20	UniRef100_A0A0N7HAT1~K08161	88.7	399	45	0	4	402	3	401	2.63e-220	615
Deepurify_Bin_2ΩT2_FOM_000000036960_47	UniRef100_B1MWW2~K08152	99.8	410	1	0	1	410	1	410	3.80e-278	761
Deepurify_Bin_2ΩT2_FOM_000000038108_119	UniRef100_B1MZP4~K01940	100	410	0	0	1	410	1	410	1.44e-298	813
Deepurify_Bin_2ΩT2_FOM_000000018066_345	UniRef100_B1MYF5~K00600	100	410	0	0	1	410	1	410	7.30e-292	796
Deepurify_Bin_1ΩT2_UBT_000000024381_6	UniRef100_A0A143ATU7~K06147	56.4	376	161	2	29	401	1	376	4.74e-132	390
Deepurify_Bin_1ΩT2_UBT_000000088512_7	UniRef100_A0A0N9XVK3~K03110	87.3	408	46	3	1	405	1	405	7.29e-239	662
Deepurify_Bin_1ΩT2_UBT_000000020938_51	UniRef100_A0A1L6RBY3~K03588	54.4	386	171	1	22	407	21	401	2.37e-130	386
Deepurify_Bin_3ΩT1_FOM_000000096995_15	UniRef100_Q03V51~K08152	65.4	402	137	2	1	401	1	401	1.18e-171	491
Deepurify_Bin_3ΩT1_FOM_000000081119_3	UniRef100_Q03YT4~K19689	84.1	409	65	0	1	409	1	409	6.86e-253	697
Deepurify_Bin_3ΩT1_FOM_000000062405_17	UniRef100_Q03WG1~K08161	84.3	402	63	0	1	402	1	402	1.21e-235	653
Deepurify_Bin_4ΩT1_UBT_000000024386_7	UniRef100_A0A0N9XVK3~K03110	87.3	408	46	3	1	405	1	405	7.29e-239	662
Deepurify_Bin_2ΩT2_FOM_000000008711_42	UniRef100_B1MXG0~K19002	100	409	0	0	1	409	1	409	8.58e-295	803
Deepurify_Bin_2ΩT2_FOM_000000080637_194	UniRef100_B1MVS3~K19689	99.3	409	3	0	1	409	1	409	6.04e-295	803
Deepurify_Bin_2ΩT2_FOM_000000080637_5	UniRef100_B1N038~K01992	99.8	409	1	0	1	409	1	409	3.36e-276	756
Deepurify_Bin_0ΩT2_UBT_000000016817_14	UniRef100_A0A0N9YNH2~K03739	99.5	408	2	0	1	408	1	408	8.40e-306	831
Deepurify_Bin_0ΩT2_UBT_000000088698_19	UniRef100_A0A0N7HAT1~K08161	99.8	408	1	0	1	408	1	408	9.44e-255	702
Deepurify_Bin_1ΩT2_UBT_000000045364_12	UniRef100_A0A0N9YNH2~K03739	84.6	408	63	0	1	408	1	408	1.29e-268	737
Deepurify_Bin_1ΩT2_UBT_000000071291_26	UniRef100_B1MWB4~K16323	71.8	408	114	1	1	408	1	407	5.75e-207	581
Deepurify_Bin_3ΩT1_FOM_000000153740_5	UniRef100_A0A1X0V8C7~K11717	79.7	408	83	0	1	408	1	408	3.89e-247	682
Deepurify_Bin_3ΩT1_FOM_000000045659_5	UniRef100_A0A1X0VAG8~K19002	84.6	408	63	0	1	408	1	408	5.21e-252	695
Deepurify_Bin_4ΩT1_UBT_000000018545_26	UniRef100_B1MWB4~K16323	71.8	408	114	1	1	408	1	407	5.75e-207	581
Deepurify_Bin_2ΩT2_FOM_000000018066_283	UniRef100_B1MYL4~K06902	98.8	408	5	0	1	408	1	408	1.92e-286	782
Deepurify_Bin_0ΩT2_UBT_000000027736_7	UniRef100_A0A0N9YWC4~K00003	98.0	407	8	0	1	407	1	407	1.56e-280	767
Deepurify_Bin_0ΩT2_UBT_000000021322_62	UniRef100_A0A0N9YPV9~K01940	99.0	407	4	0	1	407	1	407	4.95e-293	798
Deepurify_Bin_0ΩT2_UBT_000000021629_42	UniRef100_A0A0N9XYW0~K03885	98.8	407	5	0	1	407	1	407	7.86e-290	790
Deepurify_Bin_1ΩT2_UBT_000000024381_2	UniRef100_A0A0D1JCW0~K00927	98.3	407	7	0	1	407	1	407	9.76e-282	770
Deepurify_Bin_3ΩT1_FOM_000000081935_3	UniRef100_Q03Y17~K16323	91.4	407	35	0	1	407	1	407	1.05e-262	722
Deepurify_Bin_3ΩT1_FOM_000000055969_6	UniRef100_Q03VW7~K03110	80.3	441	53	3	1	407	1	441	3.26e-212	595
Deepurify_Bin_2ΩT2_FOM_000000040107_34	UniRef100_B1MWB4~K16323	100	407	0	0	1	407	1	407	1.20e-284	777
Deepurify_Bin_0ΩT2_UBT_000000083495_2	UniRef100_A0A0D1JSA6~K08152	99.5	406	2	0	1	406	1	406	1.11e-284	777
Deepurify_Bin_1ΩT2_UBT_000000082767_24	UniRef100_A0A0N9YM92~K00974	89.1	402	44	0	1	402	1	402	1.18e-249	689
Deepurify_Bin_1ΩT2_UBT_000000039277_2	UniRef100_A0A0D1JSA6~K08152	93.8	406	25	0	1	406	1	406	4.22e-273	748
Deepurify_Bin_3ΩT1_FOM_000000042774_8	UniRef100_A0A0Q0TQJ4~K00773	94.5	403	22	0	4	406	3	405	3.88e-287	783
Deepurify_Bin_3ΩT1_FOM_000000025385_4	UniRef100_A0A1X0V5N5~K01992	66.3	406	137	0	1	406	1	406	2.55e-181	516
Deepurify_Bin_4ΩT1_UBT_000000004766_24	UniRef100_A0A0N9YM92~K00974	89.1	402	44	0	1	402	1	402	1.18e-249	689
Deepurify_Bin_2ΩT2_FOM_000000036960_15	UniRef100_B1MWZ1~K05837	99.8	406	1	0	1	406	1	406	9.30e-277	757
Deepurify_Bin_0ΩT2_UBT_000000045448_24	UniRef100_A0A0N9YM92~K00974	98.8	405	5	0	1	405	1	405	1.02e-284	777
Deepurify_Bin_1ΩT2_UBT_000000082767_29	UniRef100_A0A0N9YSI3~K03320	77.8	397	88	0	1	397	1	397	2.63e-217	607
Deepurify_Bin_4ΩT1_UBT_000000004766_29	UniRef100_A0A0N9YSI3~K03320	77.8	397	88	0	1	397	1	397	2.63e-217	607
Deepurify_Bin_2ΩT2_FOM_000000066982_7	UniRef100_B1MW69~K00927	99.8	405	1	0	1	405	1	405	9.80e-283	772
Deepurify_Bin_2ΩT2_FOM_000000008711_51	UniRef100_B1MXF1~K00773	100	405	0	0	1	405	1	405	2.59e-303	824
Deepurify_Bin_2ΩT2_FOM_000000036960_69	UniRef100_B1MWU0~K04485	99.8	405	1	0	1	405	3	407	1.68e-279	764
Deepurify_Bin_2ΩT2_FOM_000000038108_52	UniRef100_B1MZW3~K02761	99.8	405	1	0	1	405	1	405	2.81e-282	771
Deepurify_Bin_2ΩT2_FOM_000000018066_452	UniRef100_B1MY47~K08177	99.0	405	4	0	1	405	1	405	3.99e-282	771
Deepurify_Bin_3ΩT1_FOM_000000064667_2	UniRef100_J9YI72~K00620	74.3	404	104	0	1	404	1	404	3.78e-201	566
Deepurify_Bin_3ΩT1_FOM_000000039059_23	UniRef100_K0DBT0~K03739	82.8	400	69	0	1	400	1	400	1.19e-252	696
Deepurify_Bin_3ΩT1_FOM_000000016860_23	UniRef100_A0A1X0UWL4~K05837	83.4	404	67	0	1	404	1	404	1.95e-238	660
Deepurify_Bin_2ΩT2_FOM_000000001535_15	UniRef100_B1MX19~K00054	99.8	404	1	0	1	404	1	404	3.16e-283	773
Deepurify_Bin_2ΩT2_FOM_000000040107_19	UniRef100_B1MWD0~K00620	98.8	404	5	0	1	404	1	404	1.50e-281	769
Deepurify_Bin_2ΩT2_FOM_000000080637_186	UniRef100_B1MVR6~K11717	99.0	404	4	0	1	404	1	404	2.36e-294	801
Deepurify_Bin_0ΩT2_UBT_000000025704_3	UniRef100_A0A0N9YU64~K07082	99.5	403	2	0	1	403	1	403	2.20e-278	761
Deepurify_Bin_2ΩT2_FOM_000000018066_374	UniRef100_B1MYC1~K00974	99.0	403	4	0	1	403	1	403	5.06e-284	775
Deepurify_Bin_0ΩT2_UBT_000000057284_6	UniRef100_A0A0N9YSF0~K03449	99.8	402	1	0	1	402	1	402	5.72e-269	737
Deepurify_Bin_3ΩT1_FOM_000000115096_1	UniRef100_Q03YA3~K01924	89.8	403	41	0	1	403	1	403	7.89e-268	736
Deepurify_Bin_3ΩT1_FOM_000000039059_26	UniRef100_J9YIR8~K02761	41.6	406	231	4	1	402	1	404	1.57e-91	287
Deepurify_Bin_2ΩT2_FOM_000000038108_55	UniRef100_B1MZW1~K03739	100	402	0	0	1	402	1	402	1.38e-301	820
Deepurify_Bin_0ΩT2_UBT_000000045448_32	UniRef100_A0A0N9YSI3~K03320	98.5	401	6	0	1	401	1	401	9.56e-272	744
Deepurify_Bin_1ΩT2_UBT_000000066925_10	UniRef100_A0A0N9YUW1~K13038	81.5	399	74	0	1	399	1	399	3.92e-227	631
Deepurify_Bin_3ΩT1_FOM_000000094265_4	UniRef100_A0A1X0V5L5~K00054	70.8	401	117	0	1	401	1	401	2.02e-199	561
Deepurify_Bin_4ΩT1_UBT_000000007542_10	UniRef100_A0A0N9YUW1~K13038	81.5	399	74	0	1	399	1	399	3.92e-227	631
Deepurify_Bin_0ΩT2_UBT_000000044674_9	UniRef100_A0A0N9YUW1~K13038	97.8	400	9	0	1	400	1	400	1.15e-267	734
Deepurify_Bin_0ΩT2_UBT_000000006030_33	UniRef100_A0A0D1LT21~K00841	97.5	400	10	0	1	400	1	400	4.90e-269	737
Deepurify_Bin_1ΩT2_UBT_000000036495_11	UniRef100_A0A0D1LES4~K07133	98.8	400	5	0	1	400	1	400	1.63e-283	774
Deepurify_Bin_1ΩT2_UBT_000000038068_19	UniRef100_A0A0D1LT21~K00841	76.0	400	96	0	1	400	1	400	5.67e-208	583
Deepurify_Bin_3ΩT1_FOM_000000062405_7	UniRef100_A0A1B1ZZ80~K00841	69.4	399	122	0	1	399	1	399	4.01e-196	553
Deepurify_Bin_4ΩT1_UBT_000000024370_19	UniRef100_A0A0D1LT21~K00841	76.0	400	96	0	1	400	1	400	5.67e-208	583
Deepurify_Bin_2ΩT2_FOM_000000038108_130	UniRef100_B1MZN3~K03462	100	398	0	0	1	398	1	398	1.35e-287	786
Deepurify_Bin_2ΩT2_FOM_000000018066_306	UniRef100_B1MYJ4~K14652	100	400	0	0	1	400	1	400	2.07e-286	781
Deepurify_Bin_0ΩT2_UBT_000000021629_41	UniRef100_A0A0N9YSC4~K15051	92.0	399	32	0	1	399	1	399	1.22e-227	632
Deepurify_Bin_1ΩT2_UBT_000000018272_2	UniRef100_A9KLT0~K00100	52.2	389	176	6	1	387	5	385	3.05e-130	385
Deepurify_Bin_1ΩT2_UBT_000000024690_4	UniRef100_A9KLT0~K00100	52.5	387	174	6	1	385	5	383	4.95e-129	382
Deepurify_Bin_1ΩT2_UBT_000000034986_24	UniRef100_J9YHR4~K12574	54.4	395	171	5	8	398	8	397	3.89e-140	410
Deepurify_Bin_4ΩT1_UBT_000000008966_2	UniRef100_A9KLT0~K00100	52.2	389	176	6	1	387	5	385	3.05e-130	385
Deepurify_Bin_2ΩT2_FOM_000000080637_91	UniRef100_B1N0C4~K06915	98.5	399	6	0	1	399	1	399	9.74e-280	764
Deepurify_Bin_2ΩT2_FOM_000000018066_304	UniRef100_B1MYJ6~K06915	98.5	398	6	0	2	399	1	398	1.31e-280	767
Deepurify_Bin_0ΩT2_UBT_000000032789_19	UniRef100_J9YHR4~K12574	52.5	394	179	4	8	397	8	397	1.74e-138	406
Deepurify_Bin_1ΩT2_UBT_000000065998_88	UniRef100_A0A0R2ALF0~K02004	42.1	404	220	7	1	398	1	396	5.45e-83	265
Deepurify_Bin_3ΩT1_FOM_000000134724_4	UniRef100_Q03Z92~K02000	90.2	397	38	1	1	397	1	396	1.28e-249	688
Deepurify_Bin_3ΩT1_FOM_000000064759_3	UniRef100_Q03Y23~K00574	83.2	398	67	0	1	398	1	398	3.81e-249	687
Deepurify_Bin_3ΩT1_FOM_000000009930_4	UniRef100_A0A1X0V6I1~K02552	53.2	380	176	2	19	398	2	379	9.07e-133	391
Deepurify_Bin_4ΩT1_UBT_000000002201_19	UniRef100_A0A0D1LTC8~K05837	86.7	398	51	2	1	398	1	396	1.13e-245	678
Deepurify_Bin_4ΩT1_UBT_000000006917_88	UniRef100_A0A0R2ALF0~K02004	42.1	404	220	7	1	398	1	396	5.45e-83	265
Deepurify_Bin_2ΩT2_FOM_000000018066_356	UniRef100_B1MYD9~K03320	100	398	0	0	1	398	1	398	2.58e-279	763
Deepurify_Bin_2ΩT2_FOM_000000018066_135	UniRef100_B1MZ06~K00574	99.2	398	3	0	1	398	1	398	2.28e-298	811
Deepurify_Bin_0ΩT2_UBT_000000063077_3	UniRef100_A0A0N7HAW7~K00574	99.2	397	3	0	1	397	1	397	3.21e-293	798
Deepurify_Bin_0ΩT2_UBT_000000057284_23	UniRef100_A0A0N9YRM9~K00925	99.7	397	1	0	1	397	1	397	3.03e-282	770
Deepurify_Bin_0ΩT2_UBT_000000035055_37	UniRef100_A0A0N9Y309~K14652	99.0	397	4	0	1	397	1	397	1.13e-277	759
Deepurify_Bin_0ΩT2_UBT_000000024729_1	UniRef100_A0A0D1JR19~K00789	99.7	397	1	0	1	397	1	397	6.01e-273	747
Deepurify_Bin_0ΩT2_UBT_000000004216_21	UniRef100_A0A0N9YHA7~K03547	96.7	397	13	0	1	397	1	397	6.12e-282	769
Deepurify_Bin_1ΩT2_UBT_000000011286_1	UniRef100_A0A0D1JR19~K00789	95.0	397	20	0	1	397	1	397	5.88e-264	724
Deepurify_Bin_1ΩT2_UBT_000000065998_25	UniRef100_A0A0N9YHA7~K03547	59.9	397	159	0	1	397	1	397	7.60e-169	483
Deepurify_Bin_3ΩT1_FOM_000000070293_40	UniRef100_J9YHR4~K12574	80.4	397	78	0	1	397	1	397	1.41e-232	645
Deepurify_Bin_3ΩT1_FOM_000000001419_3	UniRef100_A0A1X0V5X8~K00841	82.2	393	70	0	2	394	3	395	4.69e-231	641
Deepurify_Bin_4ΩT1_UBT_000000019571_28	UniRef100_A0A0N9YRM9~K00925	93.7	397	25	0	1	397	1	397	1.84e-267	733
Deepurify_Bin_4ΩT1_UBT_000000002880_1	UniRef100_A0A0D1JR19~K00789	95.0	397	20	0	1	397	1	397	5.88e-264	724
Deepurify_Bin_4ΩT1_UBT_000000006917_25	UniRef100_A0A0N9YHA7~K03547	59.9	397	159	0	1	397	1	397	7.60e-169	483
Deepurify_Bin_2ΩT2_FOM_000000080637_8	UniRef100_B1N041~K02000	99.7	397	1	0	1	397	1	397	1.04e-273	749
Deepurify_Bin_0ΩT2_UBT_000000046529_11	UniRef100_A0A0N9YFH3~K00925	99.7	396	1	0	1	396	1	396	1.55e-279	763
Deepurify_Bin_1ΩT2_UBT_000000059045_19	UniRef100_A0A0D1LTC8~K05837	99.7	396	1	0	1	396	1	396	7.70e-280	764
Deepurify_Bin_1ΩT2_UBT_000000076338_32	UniRef100_A0A0N9YFH3~K00925	94.7	396	21	0	1	396	1	396	1.63e-265	728
Deepurify_Bin_1ΩT2_UBT_000000076338_15	UniRef100_A0A0N9YFH3~K00925	94.7	396	21	0	1	396	1	396	1.63e-265	728
Deepurify_Bin_1ΩT2_UBT_000000020938_12	UniRef100_F8LUN3~K00574	99.7	396	1	0	1	396	1	396	1.32e-296	806
Deepurify_Bin_3ΩT1_FOM_000000157512_51	UniRef100_Q03W66~K00058	86.6	389	52	0	1	389	1	389	2.86e-242	669
Deepurify_Bin_3ΩT1_FOM_000000153740_6	UniRef100_A0A1X0V892~K09015	83.5	394	65	0	1	394	1	394	7.32e-234	648
Deepurify_Bin_3ΩT1_FOM_000000134724_9	UniRef100_A0A0A1GVV9~K01839	66.2	393	133	0	4	396	3	395	6.88e-188	531
Deepurify_Bin_3ΩT1_FOM_000000096220_7	UniRef100_Q03XT1~K00849	83.2	392	66	0	1	392	1	392	6.29e-235	650
Deepurify_Bin_3ΩT1_FOM_000000062405_2	UniRef100_A0A0A8JJS7~K00812	47.0	396	205	5	3	396	5	397	3.39e-112	339
Deepurify_Bin_4ΩT1_UBT_000000027144_10	UniRef100_A0A0N9YFH3~K00925	94.7	396	21	0	1	396	1	396	1.63e-265	728
Deepurify_Bin_2ΩT2_FOM_000000050145_9	UniRef100_B1MW20~K03449	99.2	396	3	0	1	396	1	396	3.75e-271	742
Deepurify_Bin_2ΩT2_FOM_000000038108_150	UniRef100_B1MZL4~K01854	100	396	0	0	1	396	1	396	2.12e-302	821
Deepurify_Bin_2ΩT2_FOM_000000018066_381	UniRef100_B1MYB4~K02945	100	396	0	0	1	396	1	396	1.07e-270	741
Deepurify_Bin_2ΩT2_FOM_000000018066_331	UniRef100_A0A1D9FSY3~K05825	39.1	389	234	2	7	395	6	391	1.45e-93	291
Deepurify_Bin_2ΩT2_FOM_000000018066_115	UniRef100_B1MZ28~K02552	99.7	396	1	0	1	396	1	396	1.77e-285	778
Deepurify_Bin_2ΩT2_FOM_000000018066_63	UniRef100_B1MZ84~K13038	98.0	396	8	0	1	396	1	396	6.48e-272	744
Deepurify_Bin_0ΩT2_UBT_000000009241_10	UniRef100_A0A0N9XXP4~K06915	98.7	395	5	0	1	395	1	395	1.13e-276	756
Deepurify_Bin_0ΩT2_UBT_000000021629_19	UniRef100_A0A0D1JU68~K02000	100	395	0	0	1	395	1	395	7.96e-277	756
Deepurify_Bin_0ΩT2_UBT_000000034542_44	UniRef100_A0A0N9YWZ2~K18704	97.6	369	9	0	27	395	1	369	3.99e-266	728
Deepurify_Bin_3ΩT1_FOM_000000035651_9	UniRef100_J9YJ88~K03449	71.0	393	112	1	2	392	3	395	6.94e-195	549
Deepurify_Bin_3ΩT1_FOM_000000004294_7	UniRef100_Q03WH6~K00841	76.8	392	89	1	1	392	1	390	8.26e-216	602
Deepurify_Bin_4ΩT1_UBT_000000019571_6	UniRef100_A0A0N9YSF0~K03449	80.3	401	71	2	1	394	1	400	1.37e-212	594
Deepurify_Bin_2ΩT2_FOM_000000018066_495	UniRef100_B1MY04~K02358	99.7	395	1	0	1	395	1	395	6.11e-281	767
Deepurify_Bin_2ΩT2_FOM_000000018066_413	UniRef100_B1MY84~K00841	98.7	395	5	0	1	395	1	395	1.61e-276	756
Deepurify_Bin_0ΩT2_UBT_000000035055_44	UniRef100_A9KLT0~K00100	55.1	383	165	6	1	380	5	383	2.56e-135	398
Deepurify_Bin_0ΩT2_UBT_000000004216_75	UniRef100_A0A0N7HAZ7~K00841	98.7	394	5	0	1	394	1	394	5.65e-281	767
Deepurify_Bin_1ΩT2_UBT_000000065998_95	UniRef100_A0A0N7HAZ7~K00841	91.4	394	34	0	1	394	1	394	1.49e-260	715
Deepurify_Bin_3ΩT1_FOM_000000006674_25	UniRef100_Q040D2~K08969	80.4	392	77	0	1	392	1	392	3.73e-231	641
Deepurify_Bin_4ΩT1_UBT_000000006917_95	UniRef100_A0A0N7HAZ7~K00841	91.4	394	34	0	1	394	1	394	1.49e-260	715
Deepurify_Bin_2ΩT2_FOM_000000050145_10	UniRef100_B1MW19~K11072	100	394	0	0	1	394	1	394	6.15e-285	777
Deepurify_Bin_2ΩT2_FOM_000000036960_4	UniRef100_B1MX02~K00841	100	394	0	0	1	394	1	394	4.97e-275	752
Deepurify_Bin_2ΩT2_FOM_000000018066_581	UniRef100_B1MXR9~K03588	99.7	394	1	0	1	394	1	394	5.93e-267	731
Deepurify_Bin_2ΩT2_FOM_000000018066_258	UniRef100_B1MYP0~K00849	99.7	394	1	0	1	394	1	394	8.37e-283	771
Deepurify_Bin_0ΩT2_UBT_000000006030_28	UniRef100_A0A0N9XRS7~K00849	99.5	393	2	0	1	393	1	393	6.53e-275	751
Deepurify_Bin_0ΩT2_UBT_000000004216_80	UniRef100_A0A0N9YMQ9~K00841	98.7	393	5	0	1	393	1	393	1.67e-277	758
Deepurify_Bin_1ΩT2_UBT_000000013024_5	UniRef100_A0A0N9XRS7~K00849	80.6	392	76	0	1	392	1	392	7.03e-224	622
Deepurify_Bin_1ΩT2_UBT_000000065998_101	UniRef100_A0A0N9YMQ9~K00841	83.2	393	66	0	1	393	1	393	2.80e-237	656
Deepurify_Bin_3ΩT1_FOM_000000018306_12	UniRef100_A0A1X0VA30~K11754	67.0	391	129	0	1	391	1	391	1.44e-176	503
Deepurify_Bin_4ΩT1_UBT_000000006917_101	UniRef100_A0A0N9YMQ9~K00841	83.2	393	66	0	1	393	1	393	2.80e-237	656
Deepurify_Bin_2ΩT2_FOM_000000008711_54	UniRef100_B1MXE8~K11754	98.7	393	5	0	1	393	1	393	5.59e-276	754
Deepurify_Bin_2ΩT2_FOM_000000018066_418	UniRef100_A0A0A8JJS7~K00812	41.3	392	225	5	2	391	5	393	2.21e-101	311
Deepurify_Bin_0ΩT2_UBT_000000021629_58	UniRef100_A0A0D1LMG0~K01736	98.2	392	7	0	1	392	1	392	2.02e-273	748
Deepurify_Bin_0ΩT2_UBT_000000034542_64	UniRef100_A0A0N9YMD9~K01854	99.0	392	4	0	1	392	1	392	1.12e-295	804
Deepurify_Bin_0ΩT2_UBT_000000004216_68	UniRef100_A0A0D1K6Y5~K01736	99.7	392	1	0	1	392	1	392	4.25e-275	752
Deepurify_Bin_1ΩT2_UBT_000000006722_3	UniRef100_A0A0N9YU64~K07082	80.1	386	76	1	1	385	1	386	6.55e-222	618
Deepurify_Bin_1ΩT2_UBT_000000062251_30	UniRef100_M1MNE5~K00100	56.3	387	167	2	1	386	1	386	1.52e-152	441
Deepurify_Bin_1ΩT2_UBT_000000026597_53	UniRef100_A0A0D1JU68~K02000	87.4	389	49	0	1	389	1	389	4.11e-237	656
Deepurify_Bin_1ΩT2_UBT_000000026597_11	UniRef100_A0A0D1LMG0~K01736	91.1	392	35	0	1	392	1	392	3.06e-252	694
Deepurify_Bin_1ΩT2_UBT_000000065998_70	UniRef100_A0A0D1K6Y5~K01736	86.2	392	54	0	1	392	1	392	5.73e-241	665
Deepurify_Bin_3ΩT1_FOM_000000008989_18	UniRef100_Q03X09~K01736	90.3	392	38	0	1	392	1	392	4.54e-254	699
Deepurify_Bin_3ΩT1_FOM_000000006674_5	UniRef100_Q03YX6~K01999	91.1	392	34	1	1	392	1	391	1.63e-249	687
Deepurify_Bin_3ΩT1_FOM_000000001818_1	UniRef100_J9YE25~K02532	87.1	395	49	1	1	393	1	395	5.81e-243	672
Deepurify_Bin_4ΩT1_UBT_000000000739_3	UniRef100_A0A0N9YU64~K07082	80.1	386	76	1	1	385	1	386	6.55e-222	618
Deepurify_Bin_4ΩT1_UBT_000000014333_53	UniRef100_A0A0D1JU68~K02000	87.4	389	49	0	1	389	1	389	4.11e-237	656
Deepurify_Bin_4ΩT1_UBT_000000014333_11	UniRef100_A0A0D1LMG0~K01736	91.1	392	35	0	1	392	1	392	3.06e-252	694
Deepurify_Bin_4ΩT1_UBT_000000006917_70	UniRef100_A0A0D1K6Y5~K01736	86.2	392	54	0	1	392	1	392	5.73e-241	665
Deepurify_Bin_2ΩT2_FOM_000000009452_15	UniRef100_B1MZH2~K00841	99.5	392	2	0	1	392	1	392	2.79e-280	765
Deepurify_Bin_2ΩT2_FOM_000000153740_1	UniRef100_B1MWQ7~K08969	99.7	392	1	0	1	392	1	392	3.55e-283	772
Deepurify_Bin_2ΩT2_FOM_000000080637_182	UniRef100_B1MVR2~K01649	99.2	392	3	0	1	392	7	398	4.57e-276	754
Deepurify_Bin_2ΩT2_FOM_000000018066_510	UniRef100_B1MXY9~K00058	99.2	392	3	0	1	392	1	392	1.33e-278	761
Deepurify_Bin_2ΩT2_FOM_000000018066_365	UniRef100_B1MYD0~K01736	100	392	0	0	1	392	1	392	3.97e-280	764
Deepurify_Bin_0ΩT2_UBT_000000032422_28	UniRef100_A0A0N9XWE2~K07552	98.0	391	8	0	1	391	1	391	4.59e-258	709
Deepurify_Bin_0ΩT2_UBT_000000034263_14	UniRef100_A0A0N9XY21~K06948	99.2	380	3	0	12	391	1	380	3.30e-278	759
Deepurify_Bin_1ΩT2_UBT_000000059045_28	UniRef100_A0A0N9YIX3~K01443	99.5	391	2	0	1	391	1	391	1.56e-281	768
Deepurify_Bin_1ΩT2_UBT_000000014026_10	UniRef100_A0A0N9XXP4~K06915	68.0	388	124	0	4	391	8	395	2.63e-179	509
Deepurify_Bin_3ΩT1_FOM_000000145965_14	UniRef100_A0A1B2A1H0~K08153	81.3	391	71	1	1	389	1	391	4.62e-210	587
Deepurify_Bin_3ΩT1_FOM_000000046715_7	UniRef100_K0DDD7~K03547	53.9	386	178	0	1	386	1	386	1.16e-157	454
Deepurify_Bin_3ΩT1_FOM_000000008989_12	UniRef100_A9KLT0~K00100	52.6	386	177	5	1	383	5	387	9.21e-130	384
Deepurify_Bin_4ΩT1_UBT_000000003269_11	UniRef100_A0A0N9XXP4~K06915	68.0	388	124	0	4	391	8	395	2.63e-179	509
Deepurify_Bin_4ΩT1_UBT_000000002201_28	UniRef100_A0A0N9YIX3~K01443	93.3	390	26	0	1	390	1	390	1.91e-266	730
Deepurify_Bin_2ΩT2_FOM_000000018066_163	UniRef100_A0A0C5WIJ5~K07451	32.9	404	231	13	18	390	28	422	2.09e-48	175
Deepurify_Bin_0ΩT2_UBT_000000032422_7	UniRef100_A0A0N9YWX9~K09384	99.7	386	1	0	5	390	1	386	7.27e-290	789
Deepurify_Bin_1ΩT2_UBT_000000018272_13	UniRef100_A0A0N7HAK5~K03449	90.5	390	37	0	1	390	1	390	1.88e-245	677
Deepurify_Bin_1ΩT2_UBT_000000024690_19	UniRef100_A0A0N7HAK5~K03449	99.2	390	3	0	1	390	1	390	1.45e-265	728
Deepurify_Bin_1ΩT2_UBT_000000014387_44	UniRef100_A0A0N9XWE2~K07552	83.1	390	66	0	1	390	1	390	6.43e-221	615
Deepurify_Bin_3ΩT1_FOM_000000075101_17	UniRef100_A0A0N9YWX9~K09384	80.8	386	74	0	4	389	1	386	2.48e-233	646
Deepurify_Bin_4ΩT1_UBT_000000008966_13	UniRef100_A0A0N7HAK5~K03449	90.5	390	37	0	1	390	1	390	1.88e-245	677
Deepurify_Bin_2ΩT2_FOM_000000080637_106	UniRef100_B1MVI7~K08153	99.5	390	2	0	1	390	1	390	6.04e-258	708
Deepurify_Bin_2ΩT2_FOM_000000018066_524	UniRef100_B1MXX6~K01999	99.5	390	2	0	1	390	1	390	1.30e-268	735
Deepurify_Bin_2ΩT2_FOM_000000018066_481	UniRef100_B1MY18~K00088	99.7	390	1	0	1	390	1	390	5.07e-266	729
Deepurify_Bin_0ΩT2_UBT_000000057284_8	UniRef100_A0A0N9YVI8~K03547	99.2	389	3	0	1	389	1	389	6.07e-278	759
Deepurify_Bin_1ΩT2_UBT_000000014387_8	UniRef100_A0A0N9YWX9~K09384	95.3	386	18	0	1	386	1	386	2.21e-277	757
Deepurify_Bin_4ΩT1_UBT_000000019571_8	UniRef100_A0A0N9YVI8~K03547	75.1	389	97	0	1	389	1	389	8.21e-214	597
Deepurify_Bin_2ΩT2_FOM_000000029022_15	UniRef100_B1MWL0~K08369	99.2	389	3	0	1	389	1	389	1.34e-265	728
Deepurify_Bin_0ΩT2_UBT_000000045121_22	UniRef100_A0A0N9XWW2~K02004	99.5	388	2	0	1	388	1	388	4.95e-256	703
Deepurify_Bin_0ΩT2_UBT_000000044674_8	UniRef100_A0A0D1JJZ7~K01641	100	388	0	0	1	388	1	388	7.44e-283	771
Deepurify_Bin_0ΩT2_UBT_000000021322_59	UniRef100_A0A0N9YTH5~K00620	97.7	388	9	0	1	388	1	388	4.53e-268	734
Deepurify_Bin_1ΩT2_UBT_000000066925_9	UniRef100_A0A0D1JJZ7~K01641	88.7	388	44	0	1	388	1	388	8.74e-250	687
Deepurify_Bin_1ΩT2_UBT_000000039277_26	UniRef100_Q9KB30~K15531	49.9	369	171	6	4	370	18	374	2.80e-117	352
Deepurify_Bin_4ΩT1_UBT_000000007542_9	UniRef100_A0A0D1JJZ7~K01641	88.7	388	44	0	1	388	1	388	8.74e-250	687
Deepurify_Bin_2ΩT2_FOM_000000080637_187	UniRef100_B1MVR7~K09015	99.7	388	1	0	1	388	1	388	2.67e-276	754
Deepurify_Bin_2ΩT2_FOM_000000018066_191	UniRef100_A0A224B4C6~K07482	32.0	344	192	10	14	356	5	307	8.10e-32	128
Deepurify_Bin_2ΩT2_FOM_000000018066_13	UniRef100_D5T3Y7~K03547	55.9	388	168	2	1	387	1	386	4.11e-154	445
Deepurify_Bin_0ΩT2_UBT_000000039885_61	UniRef100_A0A1D3QE49~K01436	41.5	388	226	1	1	387	1	388	3.30e-111	336
Deepurify_Bin_1ΩT2_UBT_000000079358_16	UniRef100_A0A0N9XWQ3~K00975	80.9	387	51	1	1	387	1	364	2.83e-226	627
Deepurify_Bin_1ΩT2_UBT_000000001669_17	UniRef100_A0A0N9XWQ3~K00975	91.5	387	10	1	1	387	1	364	4.07e-258	707
Deepurify_Bin_4ΩT1_UBT_000000021238_20	UniRef100_A0A0N9XWQ3~K00975	80.9	387	51	1	1	387	1	364	2.83e-226	627
Deepurify_Bin_2ΩT2_FOM_000000038108_135	UniRef100_B1MZM9~K05823	99.2	387	3	0	1	387	1	387	4.64e-281	766
Deepurify_Bin_0ΩT2_UBT_000000035055_2	UniRef100_A0A0D1K9S0~K19577	98.2	386	7	0	1	386	1	386	2.73e-252	694
Deepurify_Bin_0ΩT2_UBT_000000024729_26	UniRef100_Q39MI6~K00219	35.2	372	235	4	7	373	10	380	6.49e-68	225
Deepurify_Bin_1ΩT2_UBT_000000011286_38	UniRef100_Q39MI6~K00219	34.7	372	237	4	7	373	10	380	1.65e-68	226
Deepurify_Bin_3ΩT1_FOM_000000023918_3	UniRef100_K0DBG6~K08369	81.2	383	72	0	1	383	1	383	2.47e-223	620
Deepurify_Bin_4ΩT1_UBT_000000002880_38	UniRef100_Q39MI6~K00219	34.7	372	237	4	7	373	10	380	1.65e-68	226
Deepurify_Bin_2ΩT2_FOM_000000029022_22	UniRef100_B1MWL7~K00027	100	386	0	0	1	386	1	386	9.52e-269	735
Deepurify_Bin_2ΩT2_FOM_000000118331_67	UniRef100_B1MX27~K09384	100	386	0	0	1	386	1	386	7.21e-289	786
Deepurify_Bin_2ΩT2_FOM_000000018066_96	UniRef100_B1MZ51~K01641	98.4	386	6	0	1	386	1	386	6.26e-274	748
Deepurify_Bin_0ΩT2_UBT_000000027995_3	UniRef100_A0A0N9Y4P3~K02552	97.1	385	11	0	1	385	1	385	1.22e-275	753
Deepurify_Bin_0ΩT2_UBT_000000045448_43	UniRef100_A0A0N9YVL3~K19422	96.4	385	14	0	1	385	1	385	1.07e-269	738
Deepurify_Bin_0ΩT2_UBT_000000039885_28	UniRef100_Q39MI6~K00219	36.5	359	213	8	5	353	7	360	8.39e-65	217
Deepurify_Bin_0ΩT2_UBT_000000039885_21	UniRef100_A0A0N9XYP9~K00841	97.9	385	8	0	1	385	1	385	7.41e-261	715
Deepurify_Bin_0ΩT2_UBT_000000031606_69	UniRef100_A0A1L6R910~K07455	58.0	371	141	5	1	360	1	367	5.12e-127	376
Deepurify_Bin_1ΩT2_UBT_000000014026_17	UniRef100_A0A0D1K9S0~K19577	82.6	384	67	0	1	384	1	384	1.14e-216	603
Deepurify_Bin_3ΩT1_FOM_000000152060_7	UniRef100_A0A1X0V9J7~K01641	73.7	384	101	0	1	384	1	384	8.21e-198	556
Deepurify_Bin_3ΩT1_FOM_000000038029_8	UniRef100_Q9FVG8~K00789	87.3	385	49	0	1	385	4	388	4.22e-231	640
Deepurify_Bin_4ΩT1_UBT_000000003269_4	UniRef100_A0A0D1K9S0~K19577	82.6	384	67	0	1	384	1	384	1.14e-216	603
Deepurify_Bin_4ΩT1_UBT_000000018109_36	UniRef100_A0A0N9Y4P3~K02552	78.4	385	83	0	1	385	1	385	8.15e-219	609
Deepurify_Bin_2ΩT2_FOM_000000080637_59	UniRef100_B1N092~K00789	100	385	0	0	1	385	1	385	7.74e-263	720
Deepurify_Bin_2ΩT2_FOM_000000018066_226	UniRef100_A0A224B4C6~K07482	30.9	333	183	9	30	361	20	306	5.50e-32	129
Deepurify_Bin_3ΩT1_FOM_000000094040_6	UniRef100_Q03YE3~K05823	72.9	384	104	0	1	384	1	384	7.24e-210	586
Deepurify_Bin_0ΩT2_UBT_000000004216_8	UniRef100_A0A0N7HAZ0~K03553	99.7	383	1	0	1	383	1	383	2.07e-266	729
Deepurify_Bin_2ΩT2_FOM_000000153740_10	UniRef100_B1MWR6~K00626	99.2	383	3	0	1	383	1	383	2.07e-266	729
Deepurify_Bin_2ΩT2_FOM_000000080637_167	UniRef100_B1MVP8~K01760	99.0	383	4	0	1	383	1	383	1.12e-270	740
Deepurify_Bin_0ΩT2_UBT_000000034263_12	UniRef100_A0A0N9Y4X0~K01921	99.7	382	1	0	1	382	1	382	2.27e-274	749
Deepurify_Bin_1ΩT2_UBT_000000001845_1	UniRef100_A0A0N9YKD6~K01760	98.2	382	7	0	1	382	1	382	5.49e-266	728
Deepurify_Bin_1ΩT2_UBT_000000080035_12	UniRef100_A0A0N9Y4X0~K01921	96.9	382	12	0	1	382	1	382	8.13e-268	733
Deepurify_Bin_4ΩT1_UBT_000000027904_12	UniRef100_A0A0N9Y4X0~K01921	96.9	382	12	0	1	382	1	382	8.13e-268	733
Deepurify_Bin_2ΩT2_FOM_000000018066_58	UniRef100_A0A060HLG2~K03455	32.7	370	218	12	22	374	46	401	7.09e-31	128
Deepurify_Bin_0ΩT2_UBT_000000034556_3	UniRef100_A0A0D1K6C8~K00773	100	381	0	0	1	381	1	381	3.39e-280	764
Deepurify_Bin_0ΩT2_UBT_000000004216_83	UniRef100_A0A0N9YS75~K05823	100	381	0	0	1	381	1	381	1.34e-286	780
Deepurify_Bin_1ΩT2_UBT_000000037074_10	UniRef100_A0A0D1LLL7~K03629	99.5	381	2	0	1	381	1	381	2.07e-265	726
Deepurify_Bin_1ΩT2_UBT_000000057430_4	UniRef100_D5T262~K00027	72.7	377	103	0	4	380	1	377	1.15e-192	542
Deepurify_Bin_1ΩT2_UBT_000000065998_104	UniRef100_A0A0N9YS75~K05823	78.6	379	81	0	1	379	1	379	7.25e-227	629
Deepurify_Bin_1ΩT2_UBT_000000065998_8	UniRef100_A0A0N7HAZ0~K03553	92.7	382	26	1	1	380	1	382	3.37e-244	673
Deepurify_Bin_3ΩT1_FOM_000000086418_13	UniRef100_K0DDN9~K06948	81.6	381	70	0	1	381	1	381	6.83e-232	642
Deepurify_Bin_4ΩT1_UBT_000000025828_1	UniRef100_A0A0D1K6C8~K00773	98.7	381	5	0	1	381	1	381	4.42e-276	753
Deepurify_Bin_4ΩT1_UBT_000000015332_10	UniRef100_A0A0D1LLL7~K03629	93.6	374	24	0	1	374	1	374	1.55e-244	674
Deepurify_Bin_4ΩT1_UBT_000000003245_21	UniRef100_A0A0N9XW44~K00088	81.3	380	71	0	1	380	1	380	7.92e-203	568
Deepurify_Bin_4ΩT1_UBT_000000003245_7	UniRef100_A0A241TKG9~K03548	31.0	339	205	12	51	381	35	352	2.45e-25	111
Deepurify_Bin_4ΩT1_UBT_000000006917_104	UniRef100_A0A0N9YS75~K05823	78.6	379	81	0	1	379	1	379	7.25e-227	629
Deepurify_Bin_4ΩT1_UBT_000000006917_8	UniRef100_A0A0N7HAZ0~K03553	92.7	382	26	1	1	380	1	382	3.37e-244	673
Deepurify_Bin_2ΩT2_FOM_000000008711_27	UniRef100_B1MXH4~K06948	99.5	381	2	0	1	381	1	381	4.42e-276	753
Deepurify_Bin_2ΩT2_FOM_000000038108_28	UniRef100_D5T545~K03553	91.4	384	28	2	1	381	1	382	5.14e-241	665
Deepurify_Bin_0ΩT2_UBT_000000088698_20	UniRef100_A0A0N9XW44~K00088	98.9	380	4	0	1	380	1	380	3.24e-257	706
Deepurify_Bin_1ΩT2_UBT_000000045364_15	UniRef100_A0A0D1M4G2~K02761	41.7	374	216	2	1	374	1	372	2.76e-94	292
Deepurify_Bin_1ΩT2_UBT_000000080035_14	UniRef100_A0A0N9XY21~K06948	96.1	380	15	0	1	380	1	380	7.58e-272	743
Deepurify_Bin_3ΩT1_FOM_000000075101_7	UniRef100_A0A0N9Y3C2~K01760	62.4	380	142	1	1	380	1	379	5.09e-163	467
Deepurify_Bin_4ΩT1_UBT_000000027904_14	UniRef100_A0A0N9XY21~K06948	96.1	380	15	0	1	380	1	380	7.58e-272	743
Deepurify_Bin_2ΩT2_FOM_000000080637_76	UniRef100_B1N0A9~K01443	99.7	380	1	0	1	380	1	380	2.88e-276	754
Deepurify_Bin_2ΩT2_FOM_000000018066_525	UniRef100_J9YKJ7~K07035	90.3	380	37	0	1	380	1	380	1.84e-224	623
Deepurify_Bin_0ΩT2_UBT_000000016817_18	UniRef100_A0A0D1M4G2~K02761	98.4	379	6	0	1	379	1	379	2.51e-265	726
Deepurify_Bin_0ΩT2_UBT_000000027106_22	UniRef100_G4L4P7~K05910	30.1	379	257	6	3	378	81	454	3.45e-38	148
Deepurify_Bin_0ΩT2_UBT_000000024729_25	UniRef100_A0A0N9Y3C2~K01760	99.2	379	3	0	1	379	1	379	2.34e-270	739
Deepurify_Bin_0ΩT2_UBT_000000021629_48	UniRef100_A0A0D1JPR1~K02600	100	379	0	0	1	379	1	379	5.08e-249	685
Deepurify_Bin_0ΩT2_UBT_000000034542_50	UniRef100_A0A0N9YVP5~K09809	98.9	379	4	0	1	379	1	379	1.38e-278	759
Deepurify_Bin_1ΩT2_UBT_000000026597_21	UniRef100_A0A0D1JPR1~K02600	96.0	379	15	0	1	379	1	379	1.48e-241	666
Deepurify_Bin_1ΩT2_UBT_000000011286_37	UniRef100_A0A0N9Y3C2~K01760	90.8	379	35	0	1	379	1	379	1.52e-250	689
Deepurify_Bin_3ΩT1_FOM_000000157512_42	UniRef100_D5T152~K07035	87.1	380	48	1	1	379	1	380	6.58e-213	593
Deepurify_Bin_3ΩT1_FOM_000000039059_7	UniRef100_Q03V81~K01760	80.2	379	75	0	1	379	1	379	1.89e-221	615
Deepurify_Bin_4ΩT1_UBT_000000003269_22	UniRef100_A0A0N9YKG8~K07035	87.7	383	40	3	1	379	1	380	5.96e-188	530
Deepurify_Bin_4ΩT1_UBT_000000014333_21	UniRef100_A0A0D1JPR1~K02600	96.0	379	15	0	1	379	1	379	1.48e-241	666
Deepurify_Bin_4ΩT1_UBT_000000002880_37	UniRef100_A0A0N9Y3C2~K01760	90.8	379	35	0	1	379	1	379	1.52e-250	689
Deepurify_Bin_2ΩT2_FOM_000000036960_39	UniRef100_B1MWX0~K04771	99.7	379	1	0	1	379	1	379	5.19e-258	707
Deepurify_Bin_0ΩT2_UBT_000000034556_8	UniRef100_A0A0N9XW54~K00865	94.2	378	22	0	1	378	1	378	1.83e-246	678
Deepurify_Bin_1ΩT2_UBT_000000059045_14	UniRef100_A0A0N9YP32~K02057	99.5	378	2	0	1	378	2	379	7.39e-244	672
Deepurify_Bin_4ΩT1_UBT_000000025828_10	UniRef100_A0A0N9XW54~K00865	91.8	378	31	0	1	378	1	378	5.94e-236	652
Deepurify_Bin_2ΩT2_FOM_000000040107_32	UniRef100_B1MWB6~K02057	99.7	378	1	0	1	378	1	378	5.98e-252	692
Deepurify_Bin_2ΩT2_FOM_000000153740_24	UniRef100_B1MW32~K03629	99.7	378	1	0	1	378	1	378	2.59e-262	718
Deepurify_Bin_2ΩT2_FOM_000000018066_646	UniRef100_B1MXK5~K00161	99.7	378	1	0	1	378	1	378	2.36e-274	749
Deepurify_Bin_0ΩT2_UBT_000000031606_122	UniRef100_A0A0N7HAV5~K03086	99.7	377	1	0	1	377	1	377	2.99e-256	703
Deepurify_Bin_1ΩT2_UBT_000000020938_43	UniRef100_A0A0N7HAV5~K03086	96.8	377	12	0	1	377	1	377	2.16e-249	686
Deepurify_Bin_3ΩT1_FOM_000000063874_12	UniRef100_Q03UV5~K04771	85.0	379	55	2	1	377	1	379	1.18e-212	593
Deepurify_Bin_3ΩT1_FOM_000000062405_6	UniRef100_Q03WF1~K07444	94.2	377	22	0	1	377	1	377	7.18e-264	722
Deepurify_Bin_3ΩT1_FOM_000000050423_5	UniRef100_A0A1X0V9T5~K00088	75.2	367	91	0	1	367	1	367	6.07e-185	523
Deepurify_Bin_3ΩT1_FOM_000000016860_21	UniRef100_D5T2J0~K01921	83.0	377	64	0	1	377	1	377	3.70e-234	647
Deepurify_Bin_3ΩT1_FOM_000000006674_12	UniRef100_Q040E8~K02338	89.9	378	37	1	1	377	1	378	1.22e-230	638
Deepurify_Bin_2ΩT2_FOM_000000036960_13	UniRef100_B1MWZ3~K01921	99.7	377	1	0	1	377	1	377	7.61e-275	750
Deepurify_Bin_2ΩT2_FOM_000000153740_22	UniRef100_B1MW30~K02338	99.7	377	1	0	1	377	1	377	1.55e-258	709
Deepurify_Bin_2ΩT2_FOM_000000018066_414	UniRef100_B1MY83~K07444	99.7	377	1	0	1	377	1	377	1.13e-276	754
Deepurify_Bin_0ΩT2_UBT_000000021322_57	UniRef100_A0A0N9YPK1~K00821	97.9	376	8	0	1	376	1	376	1.28e-261	716
Deepurify_Bin_0ΩT2_UBT_000000031606_11	UniRef100_A0A0D1KE37~K07444	99.7	376	1	0	1	376	1	376	4.62e-280	763
Deepurify_Bin_1ΩT2_UBT_000000037074_12	UniRef100_A0A0D1LRU8~K02338	100	376	0	0	1	376	1	376	2.59e-261	716
Deepurify_Bin_1ΩT2_UBT_000000031997_16	UniRef100_A0A0D1KE37~K07444	97.3	376	10	0	1	376	1	376	3.35e-273	746
Deepurify_Bin_4ΩT1_UBT_000000015332_12	UniRef100_A0A0D1LRU8~K02338	96.8	376	12	0	1	376	1	376	1.08e-253	696
Deepurify_Bin_2ΩT2_FOM_000000001535_2	UniRef100_B1MX06~K01775	98.7	376	5	0	1	376	1	376	7.55e-270	737
Deepurify_Bin_2ΩT2_FOM_000000018066_49	UniRef100_B1MZ98~K07035	100	376	0	0	1	376	1	376	1.34e-247	681
Deepurify_Bin_1ΩT2_UBT_000000039277_8	UniRef100_G8LZD6~K18350	31.0	316	200	6	51	364	53	352	1.47e-42	157
Deepurify_Bin_3ΩT1_FOM_000000123978_1	UniRef100_A0A0B7IXP1~K08483	45.6	309	163	2	68	373	1	307	4.16e-80	253
Deepurify_Bin_3ΩT1_FOM_000000064667_10	UniRef100_A0A1X0V6S6~K02057	86.7	375	48	1	1	375	1	373	5.01e-219	608
Deepurify_Bin_3ΩT1_FOM_000000039059_2	UniRef100_Q1WVH1~K00549	54.1	370	166	4	9	375	6	374	3.01e-130	384
Deepurify_Bin_2ΩT2_FOM_000000080637_164	UniRef100_Q1WVH1~K00549	50.7	373	180	4	5	374	2	373	1.13e-122	364
Deepurify_Bin_1ΩT2_UBT_000000079358_17	UniRef100_A0A0N9YJF1~K00975	78.2	372	81	0	1	372	1	372	4.34e-213	593
Deepurify_Bin_3ΩT1_FOM_000000006674_14	UniRef100_J9YET6~K03629	84.7	373	57	0	1	373	1	373	8.09e-223	618
Deepurify_Bin_4ΩT1_UBT_000000002201_13	UniRef100_A0A0N9YP32~K02057	96.1	363	14	0	1	363	2	364	8.84e-228	631
Deepurify_Bin_4ΩT1_UBT_000000021238_21	UniRef100_A0A0N9YJF1~K00975	78.2	372	81	0	1	372	1	372	4.34e-213	593
Deepurify_Bin_0ΩT2_UBT_000000027736_11	UniRef100_A0A0N9YHS8~K07335	98.7	373	5	0	1	373	1	373	2.50e-262	718
Deepurify_Bin_0ΩT2_UBT_000000044357_30	UniRef100_A0A0D1M023~K01589	98.9	373	4	0	1	373	1	373	5.97e-270	737
Deepurify_Bin_0ΩT2_UBT_000000083495_8	UniRef100_B1HSI1~K18350	31.5	314	201	6	52	364	61	361	3.19e-44	162
Deepurify_Bin_0ΩT2_UBT_000000021322_17	UniRef100_A6VX30~K03548	30.6	324	209	7	40	359	34	345	6.62e-31	126
Deepurify_Bin_0ΩT2_UBT_000000021629_77	UniRef100_A4W972~K02846	55.3	369	164	1	5	373	3	370	3.59e-145	421
Deepurify_Bin_0ΩT2_UBT_000000018558_29	UniRef100_A0A0A1GWQ8~K01686	72.4	355	98	0	1	355	1	355	7.19e-196	549
Deepurify_Bin_1ΩT2_UBT_000000011170_56	UniRef100_A0A0D1M023~K01589	77.7	373	83	0	1	373	1	373	4.22e-215	598
Deepurify_Bin_1ΩT2_UBT_000000011170_15	UniRef100_A0A0N9YR03~K01589	74.0	369	96	0	1	369	1	369	3.54e-202	566
Deepurify_Bin_3ΩT1_FOM_000000039059_19	UniRef100_Q03V73~K01775	70.8	373	109	0	1	373	1	373	3.86e-190	535
Deepurify_Bin_3ΩT1_FOM_000000039059_6	UniRef100_A0A0M2ZQU8~K00549	65.5	362	122	1	8	369	7	365	1.03e-172	491
Deepurify_Bin_3ΩT1_FOM_000000023918_5	UniRef100_Q03Z32~K01775	70.7	372	109	0	1	372	1	372	1.16e-184	521
Deepurify_Bin_2ΩT2_FOM_000000040107_17	UniRef100_B1MWD2~K00821	99.7	373	1	0	1	373	1	373	1.11e-265	726
Deepurify_Bin_2ΩT2_FOM_000000080637_166	UniRef100_A0A0M2ZQU8~K00549	59.5	363	144	1	8	370	7	366	2.23e-150	434
Deepurify_Bin_0ΩT2_UBT_000000034556_5	UniRef100_A0A0N9YS03~K02346	99.7	372	1	0	1	372	1	372	5.07e-266	727
Deepurify_Bin_0ΩT2_UBT_000000027106_8	UniRef100_A0A0N9YR03~K01589	98.7	372	5	0	1	372	1	372	3.57e-266	728
Deepurify_Bin_0ΩT2_UBT_000000034542_48	UniRef100_A0A0N9YT19~K09693	92.0	352	28	0	21	372	1	352	5.68e-233	643
Deepurify_Bin_1ΩT2_UBT_000000001845_2	UniRef100_A0A0M2ZQU8~K00549	64.3	370	128	2	3	371	2	368	2.45e-173	493
Deepurify_Bin_1ΩT2_UBT_000000020635_17	UniRef100_A0A0M2ZQU8~K00549	66.6	368	119	2	5	371	4	368	1.57e-176	501
Deepurify_Bin_3ΩT1_FOM_000000070747_29	UniRef100_B1MWD2~K00821	73.1	372	100	0	1	372	1	372	3.71e-190	535
Deepurify_Bin_3ΩT1_FOM_000000035651_3	UniRef100_Q03ZQ7~K02836	93.0	372	26	0	1	372	1	372	1.12e-253	696
Deepurify_Bin_4ΩT1_UBT_000000025828_3	UniRef100_A0A0N9YS03~K02346	83.9	372	60	0	1	372	1	372	1.06e-219	610
Deepurify_Bin_4ΩT1_UBT_000000015629_17	UniRef100_A0A0M2ZQU8~K00549	66.6	368	119	2	5	371	4	368	1.57e-176	501
Deepurify_Bin_4ΩT1_UBT_000000004550_3	UniRef100_A0A0N9YTE2~K11072	97.3	371	10	0	1	371	1	371	8.63e-258	706
Deepurify_Bin_4ΩT1_UBT_000000021216_3	UniRef100_A0A0N9YTE2~K11072	99.7	372	1	0	1	372	1	372	1.39e-263	721
Deepurify_Bin_4ΩT1_UBT_000000018109_33	UniRef100_A0A0N9XXW7~K02549	58.6	370	149	3	4	371	1	368	2.87e-138	404
Deepurify_Bin_2ΩT2_FOM_000000050145_3	UniRef100_B1MW26~K02836	100	372	0	0	1	372	1	372	5.52e-270	737
Deepurify_Bin_0ΩT2_UBT_000000027736_8	UniRef100_A0A0N9XXZ5~K01739	98.6	370	5	0	1	370	1	370	3.54e-261	715
Deepurify_Bin_0ΩT2_UBT_000000004216_86	UniRef100_A0A0N9XXI6~K01775	98.9	371	4	0	1	371	1	371	4.50e-264	722
Deepurify_Bin_1ΩT2_UBT_000000027031_8	UniRef100_A0A0D1JLV3~K02836	99.7	371	1	0	1	371	1	371	5.96e-269	734
Deepurify_Bin_1ΩT2_UBT_000000041806_3	UniRef100_A0A0D1JLV3~K02836	96.8	371	12	0	1	371	1	371	7.14e-261	714
Deepurify_Bin_1ΩT2_UBT_000000039277_80	UniRef100_A0A0U1HV16~K03548	30.3	323	210	9	40	358	34	345	6.24e-29	121
Deepurify_Bin_1ΩT2_UBT_000000065998_107	UniRef100_A0A0N9XXI6~K01775	80.6	371	72	0	1	371	1	371	6.27e-216	600
Deepurify_Bin_3ΩT1_FOM_000000162210_2	UniRef100_Q03Y93~K01589	69.6	369	112	0	1	369	1	369	1.53e-183	518
Deepurify_Bin_3ΩT1_FOM_000000032648_4	UniRef100_D5T0N7~K07335	85.4	371	54	0	1	371	1	371	3.26e-218	606
Deepurify_Bin_4ΩT1_UBT_000000000931_3	UniRef100_A0A0D1JLV3~K02836	99.2	371	3	0	1	371	1	371	6.96e-268	732
Deepurify_Bin_4ΩT1_UBT_000000006917_107	UniRef100_A0A0N9XXI6~K01775	80.6	371	72	0	1	371	1	371	6.27e-216	600
Deepurify_Bin_2ΩT2_FOM_000000018066_465	UniRef100_B1MY34~K01589	98.7	371	5	0	1	371	1	371	5.71e-267	729
Deepurify_Bin_2ΩT2_FOM_000000018066_432	UniRef100_H1WSZ7~K07335	100	371	0	0	1	371	1	371	1.04e-253	696
Deepurify_Bin_3ΩT1_FOM_000000103126_5	UniRef100_A0A0K8J3M5~K18350	31.2	321	212	4	37	357	54	365	1.12e-45	166
Deepurify_Bin_3ΩT1_FOM_000000063874_16	UniRef100_K0DBQ3~K01775	79.7	370	75	0	1	370	1	370	5.54e-214	595
Deepurify_Bin_2ΩT2_FOM_000000029022_54	UniRef100_B1MWQ2~K01775	99.7	370	1	0	1	370	1	370	1.58e-268	733
Deepurify_Bin_0ΩT2_UBT_000000016425_5	UniRef100_A0A0N9Y6B1~K01992	62.3	369	139	0	1	369	1	369	2.36e-163	467
Deepurify_Bin_0ΩT2_UBT_000000026317_6	UniRef100_A0A0N9Y6B1~K01992	99.2	369	3	0	1	369	1	369	2.55e-253	695
Deepurify_Bin_2ΩT2_FOM_000000118331_56	UniRef100_C0EUV7~K18350	31.2	314	204	5	47	358	49	352	1.42e-40	152
Deepurify_Bin_2ΩT2_FOM_000000080637_168	UniRef100_B1MVP9~K01739	98.4	369	6	0	1	369	1	369	8.68e-261	714
Deepurify_Bin_2ΩT2_FOM_000000018066_540	UniRef100_B1MXW0~K02563	100	369	0	0	1	369	1	369	1.18e-258	708
Deepurify_Bin_0ΩT2_UBT_000000027995_6	UniRef100_A0A0N9XXW7~K02549	95.7	368	16	0	1	368	1	368	1.10e-242	668
Deepurify_Bin_0ΩT2_UBT_000000021629_52	UniRef100_A0A1I3VLW0~K10530	48.2	367	186	3	3	368	9	372	3.13e-115	345
Deepurify_Bin_1ΩT2_UBT_000000026597_18	UniRef100_A0A1U7EBK8~K10530	47.4	365	189	2	3	367	9	370	3.35e-114	342
Deepurify_Bin_3ΩT1_FOM_000000039059_8	UniRef100_K0D8M8~K01739	75.6	365	89	0	3	367	4	368	1.58e-203	569
Deepurify_Bin_4ΩT1_UBT_000000014333_18	UniRef100_A0A1U7EBK8~K10530	47.4	365	189	2	3	367	9	370	3.35e-114	342
Deepurify_Bin_0ΩT2_UBT_000000016372_13	UniRef100_A0A0N9XU77~K01791	98.6	367	5	0	1	367	1	367	7.43e-261	714
Deepurify_Bin_0ΩT2_UBT_000000083495_11	UniRef100_A0A0D1KCR0~K06942	99.7	367	1	0	1	367	1	367	2.38e-257	705
Deepurify_Bin_1ΩT2_UBT_000000026661_8	UniRef100_A0A0N9YJ12~K15583	99.7	367	1	0	1	367	1	367	7.75e-263	719
Deepurify_Bin_1ΩT2_UBT_000000034986_14	UniRef100_A0A0N9XU77~K01791	79.8	366	74	0	1	366	1	366	3.79e-215	598
Deepurify_Bin_1ΩT2_UBT_000000014387_11	UniRef100_F8HXV9~K01992	56.7	367	155	1	1	367	1	363	6.72e-127	374
Deepurify_Bin_1ΩT2_UBT_000000071291_20	UniRef100_A0A0N9YJ12~K15583	94.0	367	22	0	1	367	1	367	1.64e-248	682
Deepurify_Bin_1ΩT2_UBT_000000039277_11	UniRef100_A0A0D1KCR0~K06942	97.5	367	9	0	1	367	1	367	6.26e-253	694
Deepurify_Bin_3ΩT1_FOM_000000098250_4	UniRef100_A0A1B1ZZA8~K10112	97.5	367	9	0	1	367	1	367	1.82e-261	715
Deepurify_Bin_3ΩT1_FOM_000000086418_22	UniRef100_A0A1L5LPW3~K10681	30.2	308	205	4	58	357	38	343	1.36e-34	136
Deepurify_Bin_3ΩT1_FOM_000000035651_10	UniRef100_B1MW19~K11072	88.9	360	40	0	5	364	29	388	1.49e-230	638
Deepurify_Bin_4ΩT1_UBT_000000002201_10	UniRef100_A0A1L6R9J8~K07335	75.2	367	91	0	1	367	1	367	4.49e-193	542
Deepurify_Bin_4ΩT1_UBT_000000002201_9	UniRef100_A0A1L6R9J8~K07335	76.3	367	87	0	1	367	1	367	5.21e-199	557
Deepurify_Bin_4ΩT1_UBT_000000018545_20	UniRef100_A0A0N9YJ12~K15583	94.0	367	22	0	1	367	1	367	1.64e-248	682
Deepurify_Bin_0ΩT2_UBT_000000019873_8	UniRef100_A0A0D1LND6~K02563	100	366	0	0	1	366	1	366	1.09e-257	706
Deepurify_Bin_0ΩT2_UBT_000000044674_18	UniRef100_A0A0D1LIR3~K01271	99.7	366	1	0	1	366	1	366	9.10e-266	726
Deepurify_Bin_1ΩT2_UBT_000000066925_23	UniRef100_A0A0D1LIR3~K01271	90.7	366	34	0	1	366	1	366	4.00e-244	671
Deepurify_Bin_1ΩT2_UBT_000000039277_17	UniRef100_A0A0N9YE92~K03575	86.6	365	49	0	1	365	1	365	2.37e-238	657
Deepurify_Bin_3ΩT1_FOM_000000103126_8	UniRef100_A0A1B2A065~K06942	91.0	366	33	0	1	366	1	366	1.59e-234	647
Deepurify_Bin_3ΩT1_FOM_000000049305_4	UniRef100_Q04FV2~K01992	52.9	376	162	2	6	366	2	377	1.93e-119	356
Deepurify_Bin_4ΩT1_UBT_000000007542_23	UniRef100_A0A0D1LIR3~K01271	90.7	366	34	0	1	366	1	366	4.00e-244	671
Deepurify_Bin_2ΩT2_FOM_000000118331_59	UniRef100_B1MX34~K06942	99.5	366	2	0	1	366	1	366	2.87e-253	694
Deepurify_Bin_2ΩT2_FOM_000000018066_613	UniRef100_B1MXN7~K01271	98.6	366	5	0	1	366	1	366	5.41e-258	706
Deepurify_Bin_0ΩT2_UBT_000000083495_17	UniRef100_A0A0N9YE92~K03575	97.5	365	9	0	1	365	1	365	8.78e-268	731
Deepurify_Bin_1ΩT2_UBT_000000001669_25	UniRef100_A0A0D1LJQ4~K09963	99.7	365	1	0	1	365	1	365	1.30e-269	736
Deepurify_Bin_3ΩT1_FOM_000000081119_24	UniRef100_Q03YR5~K01271	83.8	365	59	0	1	365	1	365	5.31e-221	613
Deepurify_Bin_3ΩT1_FOM_000000063874_17	UniRef100_Q03UW1~K00133	83.4	361	60	0	1	361	1	361	6.62e-217	602
Deepurify_Bin_4ΩT1_UBT_000000021839_8	UniRef100_A0A0D1LND6~K02563	86.3	365	50	0	1	365	1	365	4.06e-223	618
Deepurify_Bin_2ΩT2_FOM_000000029022_55	UniRef100_B1MWQ3~K00133	98.9	365	4	0	1	365	1	365	1.34e-262	718
Deepurify_Bin_2ΩT2_FOM_000000080637_20	UniRef100_B1N053~K09693	100	365	0	0	1	365	1	365	1.70e-265	725
Deepurify_Bin_2ΩT2_FOM_000000018066_118	UniRef100_B1MZ25~K02549	98.6	365	5	0	1	365	1	365	4.11e-257	704
Deepurify_Bin_0ΩT2_UBT_000000034542_11	UniRef100_A0A2B7V1V1~K07485	33.2	346	203	12	1	331	1	333	3.39e-39	149
Deepurify_Bin_0ΩT2_UBT_000000004216_79	UniRef100_A0A0N9Y740~K00133	100	364	0	0	1	364	1	364	2.60e-264	722
Deepurify_Bin_1ΩT2_UBT_000000065998_100	UniRef100_A0A0N9Y740~K00133	91.4	361	31	0	4	364	3	363	5.79e-236	650
Deepurify_Bin_3ΩT1_FOM_000000160532_10	UniRef100_Q03WK3~K01262	83.1	362	61	0	1	362	1	362	2.22e-217	603
Deepurify_Bin_4ΩT1_UBT_000000006917_100	UniRef100_A0A0N9Y740~K00133	91.4	361	31	0	4	364	3	363	5.79e-236	650
Deepurify_Bin_2ΩT2_FOM_000000018066_478	UniRef100_B1MY21~K15051	98.4	364	6	0	1	364	1	364	1.88e-225	624
Deepurify_Bin_2ΩT2_FOM_000000018066_43	UniRef100_B1MZA4~K01262	99.7	364	1	0	1	364	1	364	2.05e-261	715
Deepurify_Bin_0ΩT2_UBT_000000039885_25	UniRef100_C0MFX1~K00005	67.3	361	118	0	3	363	2	362	2.03e-161	462
Deepurify_Bin_3ΩT1_FOM_000000157512_10	UniRef100_Q03W35~K02563	83.2	363	61	0	1	363	1	363	4.84e-216	600
Deepurify_Bin_2ΩT2_FOM_000000009452_20	UniRef100_B1MZH6~K02600	100	363	0	0	1	363	1	363	3.69e-243	669
Deepurify_Bin_2ΩT2_FOM_000000038108_102	UniRef100_B1MZR1~K02103	99.7	363	1	0	1	363	1	363	1.28e-259	710
Deepurify_Bin_2ΩT2_FOM_000000018066_511	UniRef100_B1MXY8~K00831	97.8	363	8	0	1	363	1	363	3.37e-255	699
Deepurify_Bin_2ΩT2_FOM_000000009452_33	UniRef100_B1MZI9~K01956	100	362	0	0	1	362	1	362	4.69e-266	726
Deepurify_Bin_2ΩT2_FOM_000000018066_72	UniRef100_B1MZ75~K01956	100	362	0	0	1	362	1	362	6.66e-266	726
Deepurify_Bin_0ΩT2_UBT_000000004111_13	UniRef100_A0A0D1LZV9~K02103	99.2	361	3	0	1	361	1	361	9.79e-263	718
Deepurify_Bin_0ΩT2_UBT_000000027995_7	UniRef100_A0A0N9YQX8~K01262	99.2	361	3	0	1	361	1	361	2.47e-256	702
Deepurify_Bin_0ΩT2_UBT_000000026330_33	UniRef100_A0A0N9YSB0~K01956	99.4	361	2	0	1	361	1	361	5.90e-264	721
Deepurify_Bin_1ΩT2_UBT_000000061643_22	UniRef100_A0A0N9YSB0~K01956	93.1	361	25	0	1	361	1	361	1.86e-251	689
Deepurify_Bin_1ΩT2_UBT_000000036495_23	UniRef100_A0A0D1M784~K02835	98.9	361	4	0	1	361	1	361	8.47e-248	680
Deepurify_Bin_3ΩT1_FOM_000000068760_14	UniRef100_D5T1N8~K02103	81.6	359	66	0	1	359	1	359	9.39e-215	597
Deepurify_Bin_4ΩT1_UBT_000000004550_6	UniRef100_A0A0D1M2X8~K11069	91.7	361	30	0	1	361	1	361	3.76e-251	689
Deepurify_Bin_4ΩT1_UBT_000000021216_6	UniRef100_A0A0D1M2X8~K11069	99.2	361	3	0	1	361	1	361	3.18e-268	732
Deepurify_Bin_4ΩT1_UBT_000000004016_22	UniRef100_A0A0N9YSB0~K01956	93.1	361	25	0	1	361	1	361	1.86e-251	689
Deepurify_Bin_4ΩT1_UBT_000000006101_19	UniRef100_A0A0D1M784~K02835	99.2	361	3	0	1	361	1	361	5.97e-248	681
Deepurify_Bin_4ΩT1_UBT_000000018109_32	UniRef100_A0A0N9YQX8~K01262	92.5	361	27	0	1	361	1	361	1.29e-242	667
Deepurify_Bin_4ΩT1_UBT_000000018112_9	UniRef100_A0A0D1M784~K02835	95.6	361	16	0	1	361	1	361	1.44e-239	659
Deepurify_Bin_2ΩT2_FOM_000000038108_48	UniRef100_B1MZW7~K02346	100	361	0	0	1	361	1	361	3.51e-256	701
Deepurify_Bin_2ΩT2_FOM_000000080637_73	UniRef100_B1N0A6~K02071	99.7	361	1	0	1	361	1	361	3.45e-247	679
Deepurify_Bin_0ΩT2_UBT_000000003960_10	UniRef100_A0A0N9YTP4~K01956	99.7	360	1	0	1	360	1	360	1.83e-262	717
Deepurify_Bin_0ΩT2_UBT_000000021322_40	UniRef100_A0A0N9YJS0~K07335	99.2	360	3	0	1	360	1	360	9.14e-247	677
Deepurify_Bin_3ΩT1_FOM_000000157512_50	UniRef100_Q03W65~K00831	70.9	358	104	0	1	358	1	358	3.65e-182	514
Deepurify_Bin_3ΩT1_FOM_000000025385_1	UniRef100_G2RKH8~K11936	33.1	369	219	9	1	359	63	413	5.09e-45	165
Deepurify_Bin_4ΩT1_UBT_000000001140_10	UniRef100_A0A0N9YTP4~K01956	85.0	360	54	0	1	360	1	360	6.55e-224	620
Deepurify_Bin_2ΩT2_FOM_000000118331_23	UniRef100_B1MX70~K21567	99.1	339	3	0	22	360	1	339	1.66e-237	653
Deepurify_Bin_2ΩT2_FOM_000000018066_577	UniRef100_B1MXS3~K07177	99.4	360	2	0	1	360	1	360	2.67e-255	699
Deepurify_Bin_2ΩT2_FOM_000000018066_366	UniRef100_B1MYC9~K01735	99.4	360	2	0	1	360	1	360	8.54e-252	690
Deepurify_Bin_0ΩT2_UBT_000000083495_25	UniRef100_Q8REK6~K00721	37.6	356	206	7	12	352	6	360	1.63e-60	204
Deepurify_Bin_0ΩT2_UBT_000000021322_63	UniRef100_A0A0N9XWY3~K07335	99.4	359	2	0	1	359	1	359	6.22e-249	683
Deepurify_Bin_1ΩT2_UBT_000000059045_12	UniRef100_A0A0D1LU38~K07335	99.7	359	1	0	1	359	1	359	1.40e-245	674
Deepurify_Bin_1ΩT2_UBT_000000026597_28	UniRef100_A0A0N9XYW0~K03885	75.8	359	87	0	1	359	49	407	1.61e-191	540
Deepurify_Bin_1ΩT2_UBT_000000039277_111	UniRef100_A0A0N9XWY3~K07335	89.7	359	37	0	1	359	1	359	3.51e-223	618
Deepurify_Bin_3ΩT1_FOM_000000062405_14	UniRef100_A0A1X0V8N2~K01956	95.0	359	18	0	1	359	1	359	2.64e-250	686
Deepurify_Bin_3ΩT1_FOM_000000035651_13	UniRef100_A0A1X0V5B4~K11069	87.5	359	45	0	1	359	1	359	1.99e-229	634
Deepurify_Bin_4ΩT1_UBT_000000014333_28	UniRef100_A0A0N9XYW0~K03885	75.8	359	87	0	1	359	49	407	1.61e-191	540
Deepurify_Bin_2ΩT2_FOM_000000050145_13	UniRef100_B1MW16~K11069	99.7	359	1	0	1	359	1	359	2.50e-264	722
Deepurify_Bin_2ΩT2_FOM_000000018066_161	UniRef100_A0A1L7MY24~K00558	60.8	355	138	1	1	354	1	355	9.03e-150	432
Deepurify_Bin_1ΩT2_UBT_000000061643_11	UniRef100_Q8REK6~K00721	39.6	359	197	8	10	351	5	360	1.36e-65	217
Deepurify_Bin_4ΩT1_UBT_000000004016_11	UniRef100_Q8REK6~K00721	39.6	359	197	8	10	351	5	360	1.36e-65	217
Deepurify_Bin_4ΩT1_UBT_000000002201_11	UniRef100_A0A0D1LU38~K07335	88.0	359	42	1	1	358	1	359	7.67e-213	592
Deepurify_Bin_2ΩT2_FOM_000000080637_86	UniRef100_B1N0B9~K00005	99.4	358	2	0	1	358	1	358	1.58e-246	677
Deepurify_Bin_2ΩT2_FOM_000000018066_582	UniRef100_B1MXR8~K01261	99.4	358	2	0	1	358	1	358	6.10e-260	711
Deepurify_Bin_2ΩT2_FOM_000000018066_108	UniRef100_B1MZ39~K00796	99.2	358	3	0	1	358	1	358	2.78e-256	701
Deepurify_Bin_0ΩT2_UBT_000000031606_113	UniRef100_A0A0D1JE03~K01261	99.2	357	3	0	1	357	1	357	3.26e-259	709
Deepurify_Bin_1ΩT2_UBT_000000020938_35	UniRef100_A0A0D1JE03~K01261	87.4	357	45	0	1	357	1	357	1.15e-227	629
Deepurify_Bin_3ΩT1_FOM_000000152060_2	UniRef100_K0CKS2~K00344	44.3	334	183	2	19	351	1	332	1.80e-89	278
Deepurify_Bin_3ΩT1_FOM_000000118623_12	UniRef100_Q03WN3~K02945	95.2	357	16	1	1	357	41	396	1.37e-233	645
Deepurify_Bin_3ΩT1_FOM_000000020217_14	UniRef100_Q03VY3~K00817	76.8	354	82	0	1	354	1	354	1.15e-197	553
Deepurify_Bin_3ΩT1_FOM_000000001419_1	UniRef100_D5T2K1~K07035	73.9	341	89	0	17	357	9	349	4.45e-165	470
Deepurify_Bin_2ΩT2_FOM_000000080637_156	UniRef100_B1MVN7~K02835	99.4	357	2	0	1	357	1	357	4.19e-246	676
Deepurify_Bin_2ΩT2_FOM_000000018066_91	UniRef100_D8H5W1~K00344	45.3	338	182	3	18	352	5	342	1.40e-90	281
Deepurify_Bin_0ΩT2_UBT_000000021322_55	UniRef100_A0A0N9YE27~K01956	93.8	356	22	0	1	356	1	356	1.84e-244	671
Deepurify_Bin_3ΩT1_FOM_000000139589_14	UniRef100_Q03VA1~K02835	90.7	356	33	0	1	356	1	356	8.34e-225	622
Deepurify_Bin_2ΩT2_FOM_000000080637_181	UniRef100_B1MVR1~K00052	98.6	356	5	0	1	356	1	356	9.94e-249	682
Deepurify_Bin_2ΩT2_FOM_000000018066_216	UniRef100_A0A1L6R9X1~K06223	49.2	356	176	1	1	356	6	356	2.49e-115	344
Deepurify_Bin_0ΩT2_UBT_000000024729_20	UniRef100_A8GFV0~K16701	32.0	369	213	16	2	354	4	350	8.61e-29	120
Deepurify_Bin_1ΩT2_UBT_000000001669_36	UniRef100_R4Y8P7~K01198	77.0	352	81	0	3	354	4	355	3.10e-212	592
Deepurify_Bin_1ΩT2_UBT_000000065998_71	UniRef100_A0A0N9XZU0~K01735	63.5	353	129	0	1	353	1	353	3.30e-158	453
Deepurify_Bin_4ΩT1_UBT_000000006917_71	UniRef100_A0A0N9XZU0~K01735	63.5	353	129	0	1	353	1	353	3.30e-158	453
Deepurify_Bin_2ΩT2_FOM_000000038108_64	UniRef100_B1MZV2~K07568	99.4	355	2	0	1	355	1	355	7.15e-262	715
Deepurify_Bin_1ΩT2_UBT_000000013024_13	UniRef100_A0A0N9YS77~K00938	62.8	352	129	2	1	352	1	350	5.06e-145	419
Deepurify_Bin_3ΩT1_FOM_000000153174_7	UniRef100_A0A0Q1DL57~K07335	84.4	353	55	0	1	353	1	353	7.20e-204	568
Deepurify_Bin_3ΩT1_FOM_000000008989_19	UniRef100_Q03X08~K01735	76.8	354	82	0	1	354	1	354	1.02e-187	528
Deepurify_Bin_2ΩT2_FOM_000000038108_107	UniRef100_B1MZQ6~K00077	99.2	354	3	0	1	354	1	354	2.09e-249	684
Deepurify_Bin_2ΩT2_FOM_000000038108_6	UniRef100_B1N009~K00817	99.7	352	1	0	1	352	1	352	1.79e-250	686
Deepurify_Bin_0ΩT2_UBT_000000087819_45	UniRef100_A0A0D1M3A2~K07035	75.6	340	83	0	14	353	13	352	7.00e-164	467
Deepurify_Bin_0ΩT2_UBT_000000087819_26	UniRef100_A0A0D1M3A2~K07035	75.6	340	83	0	14	353	13	352	7.00e-164	467
Deepurify_Bin_0ΩT2_UBT_000000004216_69	UniRef100_A0A0N9XZU0~K01735	98.9	353	4	0	1	353	1	353	1.70e-243	669
Deepurify_Bin_1ΩT2_UBT_000000088512_11	UniRef100_A0A0N9YRI2~K03621	95.2	352	17	0	2	353	1	352	8.68e-239	657
Deepurify_Bin_1ΩT2_UBT_000000039277_69	UniRef100_A1BIQ3~K05540	31.0	323	193	13	33	340	14	321	2.60e-26	113
Deepurify_Bin_3ΩT1_FOM_000000079273_2	UniRef100_Q03YJ4~K07568	92.4	353	27	0	1	353	25	377	2.93e-243	669
Deepurify_Bin_4ΩT1_UBT_000000024386_11	UniRef100_A0A0N9YRI2~K03621	95.2	352	17	0	2	353	1	352	8.68e-239	657
Deepurify_Bin_2ΩT2_FOM_000000035880_14	UniRef100_B1MXC5~K07335	100	353	0	0	1	353	1	353	7.22e-245	672
Deepurify_Bin_2ΩT2_FOM_000000018066_449	UniRef100_B1MY50~K01823	99.2	353	3	0	1	353	1	353	7.87e-249	682
Deepurify_Bin_2ΩT2_FOM_000000018066_141	UniRef100_B1MZ00~K02004	99.7	353	1	0	1	353	1	353	4.07e-219	607
Deepurify_Bin_0ΩT2_UBT_000000045121_28	UniRef100_A0A0D1M3A2~K07035	97.2	352	10	0	1	352	1	352	9.52e-229	631
Deepurify_Bin_0ΩT2_UBT_000000031606_89	UniRef100_A0A0N9YS77~K00938	98.6	352	5	0	1	352	1	352	3.04e-241	663
Deepurify_Bin_1ΩT2_UBT_000000071291_52	UniRef100_D5DHG5~K16044	34.6	350	204	7	2	343	4	336	3.70e-59	200
Deepurify_Bin_1ΩT2_UBT_000000071291_5	UniRef100_A0A0D1LNV2~K07335	49.1	348	175	1	1	348	1	346	8.21e-113	337
Deepurify_Bin_3ΩT1_FOM_000000079273_4	UniRef100_B1MZV4~K03551	87.9	347	42	0	5	351	6	352	3.39e-222	615
Deepurify_Bin_4ΩT1_UBT_000000018545_52	UniRef100_D5DHG5~K16044	34.6	350	204	7	2	343	4	336	3.70e-59	200
Deepurify_Bin_4ΩT1_UBT_000000018545_5	UniRef100_A0A0D1LNV2~K07335	49.1	348	175	1	1	348	1	346	8.21e-113	337
Deepurify_Bin_2ΩT2_FOM_000000008711_40	UniRef100_B1MXG2~K07027	99.4	352	2	0	1	352	1	352	5.03e-240	660
Deepurify_Bin_2ΩT2_FOM_000000038108_62	UniRef100_B1MZV4~K03551	99.7	352	1	0	1	352	1	352	3.09e-250	686
Deepurify_Bin_0ΩT2_UBT_000000063077_5	UniRef100_A0A0N9XWV3~K02004	97.4	351	9	0	1	351	1	351	1.17e-233	644
Deepurify_Bin_0ΩT2_UBT_000000022455_8	UniRef100_A0A0D1KDC2~K07335	99.7	351	1	0	1	351	1	351	1.19e-242	666
Deepurify_Bin_0ΩT2_UBT_000000022613_21	UniRef100_A0A0N9XUR0~K07177	99.1	351	3	0	1	351	1	351	1.85e-246	676
Deepurify_Bin_1ΩT2_UBT_000000057430_18	UniRef100_A0A0N7HB21~K16052	83.0	347	59	0	1	347	1	347	4.04e-204	569
Deepurify_Bin_1ΩT2_UBT_000000071291_6	UniRef100_A0A0D1KDC2~K07335	88.9	351	39	0	1	351	1	351	3.34e-217	602
Deepurify_Bin_1ΩT2_UBT_000000020938_47	UniRef100_A0A0N9XUR0~K07177	82.1	351	63	0	1	351	1	351	1.03e-204	570
Deepurify_Bin_3ΩT1_FOM_000000039835_3	UniRef100_Q03Z18~K07335	83.8	351	57	0	1	351	1	351	3.63e-198	554
Deepurify_Bin_3ΩT1_FOM_000000025777_5	UniRef100_D5T0Q4~K01823	73.0	348	93	1	1	348	1	347	1.10e-178	504
Deepurify_Bin_4ΩT1_UBT_000000018545_6	UniRef100_A0A0D1KDC2~K07335	88.9	351	39	0	1	351	1	351	3.34e-217	602
Deepurify_Bin_2ΩT2_FOM_000000029022_23	UniRef100_B1MWL8~K01910	99.4	351	2	0	1	351	1	351	2.01e-250	686
Deepurify_Bin_2ΩT2_FOM_000000036960_66	UniRef100_B1MWU3~K13953	99.7	351	1	0	1	351	1	351	3.11e-254	696
Deepurify_Bin_2ΩT2_FOM_000000018066_51	UniRef100_B1MZ96~K05816	99.4	351	2	0	1	351	1	351	4.06e-250	685
Deepurify_Bin_0ΩT2_UBT_000000027995_14	UniRef100_A0A2B0R5D2~K16044	33.9	354	215	5	4	350	3	344	4.19e-64	213
Deepurify_Bin_0ΩT2_UBT_000000018558_103	UniRef100_A0A0N7HB21~K16052	97.7	350	8	0	1	350	1	350	1.01e-238	656
Deepurify_Bin_1ΩT2_UBT_000000057430_5	UniRef100_D5T263~K01910	53.4	354	160	3	1	350	1	353	1.69e-125	370
Deepurify_Bin_1ΩT2_UBT_000000020938_9	UniRef100_A0A081JHJ5~K02004	99.7	350	1	0	1	350	1	350	2.39e-237	653
Deepurify_Bin_3ΩT1_FOM_000000101154_12	UniRef100_A0A1X0V817~K13953	94.6	350	19	0	1	350	1	350	1.57e-242	666
Deepurify_Bin_4ΩT1_UBT_000000018109_25	UniRef100_G7ZBG1~K16044	35.5	344	209	4	3	343	2	335	5.54e-63	209
Deepurify_Bin_2ΩT2_FOM_000000029022_64	UniRef100_B1MWT2~K15583	100	350	0	0	1	350	16	365	4.33e-255	698
Deepurify_Bin_0ΩT2_UBT_000000018558_108	UniRef100_A0A127D776~K16044	36.5	342	205	7	2	340	4	336	3.33e-60	202
Deepurify_Bin_1ΩT2_UBT_000000020635_7	UniRef100_A0A0D1K2L3~K02071	92.3	349	27	0	1	349	1	349	2.21e-221	612
Deepurify_Bin_3ΩT1_FOM_000000083802_3	UniRef100_D5DHG5~K16044	33.3	345	213	7	2	342	4	335	3.39e-59	200
Deepurify_Bin_3ΩT1_FOM_000000076032_7	UniRef100_H6NSW5~K04077	70.9	340	99	0	1	340	27	366	1.83e-160	459
Deepurify_Bin_3ΩT1_FOM_000000025555_1	UniRef100_Q03XQ4~K00004	90.8	348	32	0	1	348	1	348	2.69e-222	615
Deepurify_Bin_3ΩT1_FOM_000000018306_4	UniRef100_Q03Z09~K01889	89.1	349	38	0	1	349	10	358	2.37e-225	623
Deepurify_Bin_4ΩT1_UBT_000000015629_7	UniRef100_A0A0D1K2L3~K02071	92.3	349	27	0	1	349	1	349	2.21e-221	612
Deepurify_Bin_2ΩT2_FOM_000000008711_62	UniRef100_B1MXE0~K01889	99.7	349	1	0	1	349	1	349	4.23e-251	687
Deepurify_Bin_2ΩT2_FOM_000000036960_2	UniRef100_B1MX04~K07035	98.6	349	5	0	1	349	1	349	1.89e-222	615
Deepurify_Bin_2ΩT2_FOM_000000018066_314	UniRef100_B1MYI5~K00004	99.7	349	1	0	1	349	1	349	1.07e-244	671
Deepurify_Bin_2ΩT2_FOM_000000018066_312	UniRef100_B1MYI7~K07404	99.4	349	2	0	1	349	1	349	1.25e-243	669
Deepurify_Bin_2ΩT2_FOM_000000018066_88	UniRef100_D5DHG5~K16044	34.3	344	201	7	2	337	4	330	1.55e-60	203
Deepurify_Bin_0ΩT2_UBT_000000022455_7	UniRef100_A0A0D1LNV2~K07335	97.7	348	8	0	1	348	1	348	2.78e-235	647
Deepurify_Bin_0ΩT2_UBT_000000088698_25	UniRef100_A0A0D1LX08~K07568	100	348	0	0	1	348	1	348	7.67e-258	704
Deepurify_Bin_0ΩT2_UBT_000000024729_40	UniRef100_A0A0D1M1E0~K13953	100	348	0	0	1	348	1	348	1.81e-256	701
Deepurify_Bin_0ΩT2_UBT_000000018558_54	UniRef100_A0A0N9XY90~K11621	97.4	348	9	0	1	348	1	348	2.60e-240	660
Deepurify_Bin_0ΩT2_UBT_000000018558_9	UniRef100_A0A0D1LYE5~K00611	100	348	0	0	1	348	1	348	6.30e-257	702
Deepurify_Bin_1ΩT2_UBT_000000034986_20	UniRef100_J9YGC7~K10112	69.3	345	96	5	13	348	1	344	2.08e-160	458
Deepurify_Bin_1ΩT2_UBT_000000011286_45	UniRef100_A0A0D1M1E0~K13953	96.6	348	12	0	1	348	1	348	3.60e-247	677
Deepurify_Bin_1ΩT2_UBT_000000011286_24	UniRef100_A0A0D1LNV2~K07335	79.6	348	71	0	1	348	1	348	5.01e-199	556
Deepurify_Bin_1ΩT2_UBT_000000009990_50	UniRef100_A0A0D1LYE5~K00611	91.4	348	30	0	1	348	1	348	4.81e-236	649
Deepurify_Bin_3ΩT1_FOM_000000081119_16	UniRef100_Q03YS1~K03621	85.4	342	50	0	1	342	1	342	1.09e-203	567
Deepurify_Bin_4ΩT1_UBT_000000003245_27	UniRef100_A0A0D1LX08~K07568	96.8	348	11	0	1	348	1	348	6.49e-250	684
Deepurify_Bin_4ΩT1_UBT_000000003991_30	UniRef100_A0A0D1LYE5~K00611	91.4	348	30	0	1	348	1	348	4.81e-236	649
Deepurify_Bin_4ΩT1_UBT_000000002880_45	UniRef100_A0A0D1M1E0~K13953	96.6	348	12	0	1	348	1	348	3.60e-247	677
Deepurify_Bin_4ΩT1_UBT_000000002880_24	UniRef100_A0A0D1LNV2~K07335	79.6	348	71	0	1	348	1	348	5.01e-199	556
Deepurify_Bin_2ΩT2_FOM_000000029022_36	UniRef100_F8GR99~K01066	32.5	326	186	11	28	344	3	303	7.10e-25	108
Deepurify_Bin_2ΩT2_FOM_000000040107_66	UniRef100_H1WRA4~K02044	100	348	0	0	1	348	1	348	1.08e-248	681
Deepurify_Bin_2ΩT2_FOM_000000018066_622	UniRef100_B1MXM8~K03621	99.7	348	1	0	1	348	1	348	6.66e-243	667
Deepurify_Bin_0ΩT2_UBT_000000045121_20	UniRef100_A0A0N9Y3R6~K02005	96.8	347	11	0	1	347	1	347	4.76e-231	637
Deepurify_Bin_0ΩT2_UBT_000000006030_31	UniRef100_A0A0D1KFQ0~K07035	99.1	347	3	0	1	347	1	347	3.04e-211	587
Deepurify_Bin_3ΩT1_FOM_000000160532_4	UniRef100_Q03WK7~K00826	96.5	347	12	0	1	347	1	347	3.77e-253	692
Deepurify_Bin_3ΩT1_FOM_000000070293_17	UniRef100_K0D889~K02044	77.9	348	76	1	1	347	1	348	4.65e-183	515
Deepurify_Bin_3ΩT1_FOM_000000064667_3	UniRef100_Q040B0~K00145	72.5	342	93	1	6	347	6	346	1.59e-178	504
Deepurify_Bin_2ΩT2_FOM_000000040107_20	UniRef100_B1MWC9~K00145	97.7	347	8	0	1	347	1	347	8.04e-239	656
Deepurify_Bin_2ΩT2_FOM_000000018066_308	UniRef100_B1MYJ2~K11752	99.1	347	3	0	1	347	1	347	1.72e-249	683
Deepurify_Bin_0ΩT2_UBT_000000027106_14	UniRef100_A0A0D1LWD6~K01933	96.8	346	11	0	1	346	1	346	3.61e-230	634
Deepurify_Bin_1ΩT2_UBT_000000027031_1	UniRef100_A0A0D1LQB9~K01889	100	346	0	0	1	346	1	346	7.04e-253	692
Deepurify_Bin_1ΩT2_UBT_000000041806_18	UniRef100_A0A0D1LQB9~K01889	97.1	346	10	0	1	346	1	346	1.20e-244	671
Deepurify_Bin_3ΩT1_FOM_000000070293_36	UniRef100_J9YGC7~K10112	90.2	346	34	0	1	346	1	346	1.18e-219	608
Deepurify_Bin_4ΩT1_UBT_000000000931_10	UniRef100_A0A0D1LQB9~K01889	100	346	0	0	1	346	1	346	7.04e-253	692
Deepurify_Bin_2ΩT2_FOM_000000018066_254	UniRef100_B1MYP5~K01785	97.7	346	8	0	1	346	1	346	1.52e-247	678
Deepurify_Bin_2ΩT2_FOM_000000018066_48	UniRef100_B1MZ99~K00826	99.7	346	1	0	1	346	1	346	1.96e-259	708
Deepurify_Bin_0ΩT2_UBT_000000031606_90	UniRef100_A0A0D1KJ28~K01823	98.3	345	6	0	1	345	1	345	2.61e-243	667
Deepurify_Bin_1ΩT2_UBT_000000013024_12	UniRef100_A0A0D1KJ28~K01823	87.0	345	45	0	1	345	1	345	6.72e-214	593
Deepurify_Bin_1ΩT2_UBT_000000038068_18	UniRef100_A0A0D1KFQ0~K07035	66.4	339	114	0	7	345	9	347	6.01e-133	388
Deepurify_Bin_1ΩT2_UBT_000000011170_9	UniRef100_A0A0D1LWD6~K01933	71.9	345	97	0	1	345	1	345	9.30e-168	476
Deepurify_Bin_3ΩT1_FOM_000000123978_7	UniRef100_A0A1X0V694~K05363	86.4	345	47	0	1	345	1	345	1.22e-232	640
Deepurify_Bin_3ΩT1_FOM_000000046715_10	UniRef100_A0A1X0V6N9~K01933	76.5	345	81	0	1	345	1	345	6.04e-187	525
Deepurify_Bin_4ΩT1_UBT_000000024370_18	UniRef100_A0A0D1KFQ0~K07035	66.4	339	114	0	7	345	9	347	6.01e-133	388
Deepurify_Bin_2ΩT2_FOM_000000035880_10	UniRef100_B1MXC9~K06198	98.3	345	6	0	1	345	1	345	2.65e-252	690
Deepurify_Bin_2ΩT2_FOM_000000038108_94	UniRef100_B1MZR8~K01710	99.4	345	2	0	1	345	1	345	6.32e-260	709
Deepurify_Bin_2ΩT2_FOM_000000080637_144	UniRef100_B1MVM5~K05363	100	345	0	0	1	345	1	345	8.36e-265	722
Deepurify_Bin_2ΩT2_FOM_000000018066_459	UniRef100_B1MY40~K01933	99.4	345	2	0	1	345	1	345	7.49e-243	666
Deepurify_Bin_0ΩT2_UBT_000000044674_24	UniRef100_A0A0N9Y5G8~K06198	92.4	344	26	0	1	344	1	344	4.48e-239	657
Deepurify_Bin_0ΩT2_UBT_000000034263_1	UniRef100_F0LSR6~K01873	33.8	352	214	4	1	342	52	394	3.44e-58	199
Deepurify_Bin_0ΩT2_UBT_000000006030_40	UniRef100_A0A0D1LMH5~K00826	99.4	344	2	0	1	344	1	344	6.28e-255	697
Deepurify_Bin_1ΩT2_UBT_000000080035_1	UniRef100_F0LSR6~K01873	36.2	340	202	3	1	330	52	386	1.16e-66	221
Deepurify_Bin_3ΩT1_FOM_000000096995_7	UniRef100_D5T1P5~K01785	71.8	344	97	0	1	344	1	344	4.16e-175	495
Deepurify_Bin_3ΩT1_FOM_000000070293_29	UniRef100_Q03V36~K03575	75.1	341	85	0	1	341	1	341	2.12e-186	523
Deepurify_Bin_2ΩT2_FOM_000000118163_22	UniRef100_A0A068T7R4~K07482	31.8	324	183	12	32	338	28	330	3.31e-26	112
Deepurify_Bin_2ΩT2_FOM_000000029022_63	UniRef100_H1WNL0~K15582	100	344	0	0	1	344	1	344	6.04e-205	570
Deepurify_Bin_0ΩT2_UBT_000000026317_22	UniRef100_A0A0N9YRJ9~K03306	99.1	343	3	0	1	343	1	343	2.63e-226	624
Deepurify_Bin_0ΩT2_UBT_000000021322_60	UniRef100_A0A0D1LVL6~K00145	97.7	343	8	0	1	343	1	343	2.72e-244	670
Deepurify_Bin_0ΩT2_UBT_000000031606_124	UniRef100_M5AHX7~K07482	30.4	339	194	14	3	324	15	328	1.81e-24	108
Deepurify_Bin_1ΩT2_UBT_000000026661_9	UniRef100_A0A0N9XWA2~K15582	100	343	0	0	1	343	1	343	5.27e-242	664
Deepurify_Bin_1ΩT2_UBT_000000071291_21	UniRef100_A0A0N9XWA2~K15582	96.2	343	13	0	1	343	1	343	3.26e-236	649
Deepurify_Bin_1ΩT2_UBT_000000065998_29	UniRef100_A0A0N9YRJ9~K03306	97.1	343	10	0	1	343	1	343	1.39e-221	612
Deepurify_Bin_3ΩT1_FOM_000000077302_1	UniRef100_Q03Z27~K02071	84.7	340	52	0	4	343	3	342	3.94e-195	546
Deepurify_Bin_4ΩT1_UBT_000000001140_4	UniRef100_A0A0D1LJ40~K13678	85.3	339	50	0	1	339	1	339	2.36e-215	597
Deepurify_Bin_4ΩT1_UBT_000000018545_21	UniRef100_A0A0N9XWA2~K15582	96.2	343	13	0	1	343	1	343	3.26e-236	649
Deepurify_Bin_4ΩT1_UBT_000000006917_29	UniRef100_A0A0N9YRJ9~K03306	97.1	343	10	0	1	343	1	343	1.39e-221	612
Deepurify_Bin_2ΩT2_FOM_000000153740_5	UniRef100_B1MWR1~K12270	98.5	343	5	0	1	343	1	343	1.16e-245	673
Deepurify_Bin_2ΩT2_FOM_000000038108_1	UniRef100_A0A192H453~K03110	68.4	304	96	0	39	342	26	329	1.67e-144	417
Deepurify_Bin_2ΩT2_FOM_000000018066_12	UniRef100_B1MZF6~K07404	95.0	343	17	0	1	343	1	343	1.39e-237	653
Deepurify_Bin_0ΩT2_UBT_000000003960_4	UniRef100_A0A0D1LJ40~K13678	99.1	342	3	0	1	342	1	342	8.20e-250	684
Deepurify_Bin_0ΩT2_UBT_000000018558_115	UniRef100_A0A0N9XY11~K01785	98.8	342	4	0	1	342	1	342	2.86e-250	685
Deepurify_Bin_0ΩT2_UBT_000000004216_107	UniRef100_A0A0D1M298~K05363	99.7	342	1	0	1	342	1	342	1.32e-255	698
Deepurify_Bin_1ΩT2_UBT_000000036495_25	UniRef100_A0A0D1LSQ6~K07566	98.8	342	4	0	1	342	1	342	9.17e-247	676
Deepurify_Bin_1ΩT2_UBT_000000057430_30	UniRef100_A0A0N9XY11~K01785	90.9	342	31	0	1	342	1	342	2.65e-230	634
Deepurify_Bin_4ΩT1_UBT_000000006101_21	UniRef100_A0A0D1LSQ6~K07566	99.4	342	2	0	1	342	1	342	3.89e-248	679
Deepurify_Bin_4ΩT1_UBT_000000018112_7	UniRef100_A0A0D1LSQ6~K07566	93.3	342	23	0	1	342	1	342	5.00e-235	646
Deepurify_Bin_2ΩT2_FOM_000000009452_11	UniRef100_B1MZG8~K03705	100	342	0	0	1	342	1	342	3.15e-238	654
Deepurify_Bin_2ΩT2_FOM_000000036960_35	UniRef100_B1MWX3~K03575	98.5	342	3	1	1	342	1	340	2.85e-245	672
Deepurify_Bin_0ΩT2_UBT_000000088698_6	UniRef100_A0A0D1JG22~K07404	100	341	0	0	1	341	1	341	1.21e-246	676
Deepurify_Bin_0ΩT2_UBT_000000035055_35	UniRef100_A0A0D1K9N7~K11752	95.0	341	17	0	1	341	1	341	5.40e-234	644
Deepurify_Bin_0ΩT2_UBT_000000021322_56	UniRef100_A0A0D1M3E8~K00611	98.8	341	4	0	1	341	1	341	1.35e-243	668
Deepurify_Bin_0ΩT2_UBT_000000034542_77	UniRef100_A0A0N9Y6Q2~K03705	99.4	341	2	0	1	341	1	341	6.57e-235	646
Deepurify_Bin_0ΩT2_UBT_000000034542_47	UniRef100_A0A0N9YSN6~K05352	98.2	341	6	0	1	341	1	341	1.29e-241	663
Deepurify_Bin_1ΩT2_UBT_000000041069_20	UniRef100_A0A0N9Y6Q2~K03705	87.4	341	43	0	1	341	1	341	3.88e-211	586
Deepurify_Bin_3ΩT1_FOM_000000063874_27	UniRef100_A0A1X0V7Z7~K15582	88.9	341	38	0	1	341	1	341	6.41e-210	583
Deepurify_Bin_3ΩT1_FOM_000000045659_3	UniRef100_K0D877~K07027	77.4	341	77	0	1	341	1	341	2.99e-179	505
Deepurify_Bin_3ΩT1_FOM_000000004294_3	UniRef100_Q03WI0~K03705	84.5	341	53	0	1	341	1	341	3.23e-203	566
Deepurify_Bin_4ΩT1_UBT_000000007014_2	UniRef100_A0A0N9YEK4~K01409	93.5	337	22	0	5	341	3	339	1.20e-223	617
Deepurify_Bin_4ΩT1_UBT_000000003245_6	UniRef100_A0A0D1JG22~K07404	94.1	341	20	0	1	341	1	341	1.48e-231	637
Deepurify_Bin_2ΩT2_FOM_000000153740_34	UniRef100_B1MW41~K02005	99.4	341	2	0	1	341	1	341	5.17e-232	639
Deepurify_Bin_2ΩT2_FOM_000000080637_176	UniRef100_B1MVQ7~K07241	99.1	341	3	0	1	341	1	341	1.19e-237	653
Deepurify_Bin_2ΩT2_FOM_000000018066_253	UniRef100_B1MYP6~K02529	99.7	341	1	0	1	341	1	341	6.40e-242	664
Deepurify_Bin_0ΩT2_UBT_000000046295_2	UniRef100_A0A0N9YEK4~K01409	99.4	340	2	0	1	340	1	340	2.41e-241	662
Deepurify_Bin_0ΩT2_UBT_000000034556_16	UniRef100_A0A0N9YQZ5~K02340	99.7	340	1	0	1	340	1	340	6.08e-235	646
Deepurify_Bin_0ΩT2_UBT_000000032789_23	UniRef100_J9YGC7~K10112	65.5	348	110	5	1	340	1	346	8.66e-153	438
Deepurify_Bin_0ΩT2_UBT_000000034263_41	UniRef100_K8EEE3~K01868	46.0	309	160	3	1	307	1	304	1.36e-83	261
Deepurify_Bin_1ΩT2_UBT_000000080035_28	UniRef100_A0A075MLJ0~K01868	43.1	339	187	4	4	340	2	336	4.82e-85	268
Deepurify_Bin_1ΩT2_UBT_000000065998_90	UniRef100_Q03UK0~K02005	35.6	354	204	10	1	338	1	346	4.19e-14	79.0
Deepurify_Bin_3ΩT1_FOM_000000063874_28	UniRef100_A0A1X0V826~K15583	90.6	341	32	0	1	341	1	341	2.50e-227	627
Deepurify_Bin_3ΩT1_FOM_000000006674_21	UniRef100_J9YLM7~K12270	58.2	342	140	2	1	340	1	341	1.13e-136	397
Deepurify_Bin_4ΩT1_UBT_000000025828_18	UniRef100_A0A0N9YQZ5~K02340	92.4	340	26	0	1	340	1	340	1.50e-219	607
Deepurify_Bin_4ΩT1_UBT_000000027904_28	UniRef100_A0A075MLJ0~K01868	43.1	339	187	4	4	340	2	336	4.82e-85	268
Deepurify_Bin_4ΩT1_UBT_000000006917_90	UniRef100_Q03UK0~K02005	35.6	354	204	10	1	338	1	346	4.19e-14	79.0
Deepurify_Bin_0ΩT2_UBT_000000003155_24	UniRef100_A0A0M4LN17~K01868	45.0	333	177	4	1	333	79	405	8.83e-83	262
Deepurify_Bin_0ΩT2_UBT_000000003960_3	UniRef100_A0A0N9YT85~K07027	98.8	339	4	0	1	339	1	339	9.73e-236	648
Deepurify_Bin_1ΩT2_UBT_000000001689_25	UniRef100_A0A0M4LN17~K01868	44.7	333	178	4	1	333	79	405	7.02e-82	260
Deepurify_Bin_3ΩT1_FOM_000000154240_7	UniRef100_A0A1X0V632~K00134	97.3	339	9	0	1	339	1	339	5.39e-233	641
Deepurify_Bin_3ΩT1_FOM_000000025777_4	UniRef100_Q03WE2~K00938	57.8	339	143	0	1	339	1	339	1.11e-134	392
Deepurify_Bin_4ΩT1_UBT_000000016898_13	UniRef100_A0A0D1LNY3~K01867	96.8	339	11	0	1	339	1	339	5.04e-238	654
Deepurify_Bin_4ΩT1_UBT_000000019564_24	UniRef100_A0A0M4LN17~K01868	44.7	333	178	4	1	333	79	405	7.02e-82	260
Deepurify_Bin_4ΩT1_UBT_000000004550_13	UniRef100_A0A0N9YHQ8~K00057	93.8	339	21	0	1	339	1	339	9.77e-220	607
Deepurify_Bin_4ΩT1_UBT_000000021216_13	UniRef100_A0A0N9YHQ8~K00057	99.7	339	1	0	1	339	1	339	1.32e-233	642
Deepurify_Bin_2ΩT2_FOM_000000118331_15	UniRef100_B1MX78~K00134	99.7	339	1	0	1	339	1	339	1.68e-236	650
Deepurify_Bin_2ΩT2_FOM_000000018066_448	UniRef100_B1MY51~K00938	100	339	0	0	1	339	1	339	2.23e-241	662
Deepurify_Bin_2ΩT2_FOM_000000018066_423	UniRef100_B1MY75~K07284	99.1	324	3	0	16	339	1	324	7.56e-234	642
Deepurify_Bin_0ΩT2_UBT_000000026330_35	UniRef100_A0A0N9XZZ5~K07533	100	298	0	0	1	298	1	298	3.28e-194	543
Deepurify_Bin_1ΩT2_UBT_000000027031_5	UniRef100_A0A0D1LPD1~K05363	99.1	338	3	0	1	338	1	338	3.88e-246	674
Deepurify_Bin_1ΩT2_UBT_000000041806_11	UniRef100_A0A0D1LPD1~K05363	80.8	338	65	0	1	338	1	338	2.01e-200	558
Deepurify_Bin_3ΩT1_FOM_000000154240_16	UniRef100_Q03ZE9~K21567	72.2	335	93	0	4	338	2	336	3.50e-175	494
Deepurify_Bin_3ΩT1_FOM_000000141224_3	UniRef100_Q03Y41~K01258	84.1	334	53	0	1	334	75	408	2.11e-208	582
Deepurify_Bin_3ΩT1_FOM_000000128291_4	UniRef100_A0A249L5E1~K17818	35.7	328	192	7	1	318	1	319	3.43e-61	204
Deepurify_Bin_3ΩT1_FOM_000000123978_5	UniRef100_K0DCJ0~K01409	89.0	337	37	0	1	337	1	337	5.46e-221	610
Deepurify_Bin_3ΩT1_FOM_000000081119_25	UniRef100_A0A1X0V9U8~K02529	88.7	335	38	0	1	335	1	335	1.37e-211	587
Deepurify_Bin_3ΩT1_FOM_000000070293_42	UniRef100_K0DF79~K01867	89.3	337	36	0	1	337	1	337	4.48e-220	608
Deepurify_Bin_4ΩT1_UBT_000000000931_6	UniRef100_A0A0D1LPD1~K05363	99.1	338	3	0	1	338	1	338	3.88e-246	674
Deepurify_Bin_2ΩT2_FOM_000000035880_5	UniRef100_A0A249L5E1~K17818	35.7	328	192	8	1	318	1	319	3.10e-62	207
Deepurify_Bin_2ΩT2_FOM_000000036960_24	UniRef100_B1MWY2~K01867	100	338	0	0	1	338	1	338	3.19e-245	672
Deepurify_Bin_2ΩT2_FOM_000000118331_51	UniRef100_B1MX42~K02244	99.4	338	2	0	1	338	1	338	4.38e-227	626
Deepurify_Bin_2ΩT2_FOM_000000038108_121	UniRef100_B1MZP2~K00611	99.7	338	1	0	1	338	1	338	2.34e-247	677
Deepurify_Bin_2ΩT2_FOM_000000038108_40	UniRef100_B1MZX5~K00057	100	338	0	0	1	338	1	338	1.05e-234	645
Deepurify_Bin_2ΩT2_FOM_000000080637_146	UniRef100_B1MVM7~K01409	99.4	338	2	0	1	338	1	338	1.58e-245	672
Deepurify_Bin_0ΩT2_UBT_000000022455_4	UniRef100_A0A0N7HAD4~K21567	99.7	337	1	0	1	337	1	337	2.23e-240	659
Deepurify_Bin_0ΩT2_UBT_000000044357_23	UniRef100_A0A0N7HAP6~K15975	99.7	337	1	0	1	337	1	337	2.99e-254	694
Deepurify_Bin_1ΩT2_UBT_000000071291_2	UniRef100_A0A0N7HAD4~K21567	95.3	337	16	0	1	337	1	337	2.56e-230	634
Deepurify_Bin_1ΩT2_UBT_000000011170_45	UniRef100_A0A0N7HAP6~K15975	97.0	337	10	0	1	337	1	337	5.55e-250	684
Deepurify_Bin_3ΩT1_FOM_000000101154_18	UniRef100_A0A1B2A0S4~K02031	83.0	329	56	0	1	329	1	329	1.04e-190	534
Deepurify_Bin_3ΩT1_FOM_000000096220_5	UniRef100_J9YGA9~K02529	58.4	334	139	0	1	334	1	334	3.24e-135	393
Deepurify_Bin_3ΩT1_FOM_000000068760_12	UniRef100_A0A1L6RBM0~K01785	60.7	338	129	2	1	335	1	337	1.29e-137	399
Deepurify_Bin_3ΩT1_FOM_000000043271_2	UniRef100_D5T442~K07566	80.7	336	65	0	1	336	1	336	4.64e-194	542
Deepurify_Bin_4ΩT1_UBT_000000018545_2	UniRef100_A0A0N7HAD4~K21567	95.3	337	16	0	1	337	1	337	2.56e-230	634
Deepurify_Bin_2ΩT2_FOM_000000018066_597	UniRef100_B1MXQ3~K00426	99.7	337	1	0	1	337	1	337	5.62e-234	643
Deepurify_Bin_0ΩT2_UBT_000000046295_9	UniRef100_A0A0N9YQG7~K02341	98.8	336	4	0	1	336	1	336	7.39e-234	643
Deepurify_Bin_0ΩT2_UBT_000000088698_24	UniRef100_A0A0N9Y5Q7~K03551	99.7	336	1	0	1	336	1	336	3.99e-238	654
Deepurify_Bin_1ΩT2_UBT_000000061643_24	UniRef100_A0A0N9XZZ5~K07533	79.2	298	62	0	1	298	1	298	4.27e-152	436
Deepurify_Bin_1ΩT2_UBT_000000066925_29	UniRef100_A0A0N9Y5G8~K06198	50.1	335	166	1	1	335	1	334	1.07e-110	331
Deepurify_Bin_1ΩT2_UBT_000000011170_60	UniRef100_A0A0D1LTR8~K00426	87.7	334	41	0	1	334	1	334	1.58e-207	576
Deepurify_Bin_3ΩT1_FOM_000000128291_9	UniRef100_Q03YL0~K00057	78.6	336	72	0	1	336	1	336	1.25e-179	506
Deepurify_Bin_4ΩT1_UBT_000000004016_24	UniRef100_A0A0N9XZZ5~K07533	79.2	298	62	0	1	298	1	298	4.27e-152	436
Deepurify_Bin_4ΩT1_UBT_000000003245_26	UniRef100_A0A0N9Y5Q7~K03551	92.6	336	25	0	1	336	1	336	4.48e-219	605
Deepurify_Bin_4ΩT1_UBT_000000001140_3	UniRef100_A0A0N9YT85~K07027	78.1	333	73	0	1	333	1	333	1.32e-184	518
Deepurify_Bin_4ΩT1_UBT_000000007542_29	UniRef100_A0A0N9Y5G8~K06198	50.1	335	166	1	1	335	1	334	1.07e-110	331
Deepurify_Bin_2ΩT2_FOM_000000118331_45	UniRef100_B1MX48~K00571	99.1	336	3	0	1	336	1	336	4.98e-232	638
Deepurify_Bin_2ΩT2_FOM_000000038108_49	UniRef100_B1MZW6~K06881	99.1	336	3	0	1	336	1	336	2.73e-245	672
Deepurify_Bin_2ΩT2_FOM_000000080637_154	UniRef100_B1MVN5~K07566	99.7	336	1	0	1	336	1	336	7.19e-241	660
Deepurify_Bin_2ΩT2_FOM_000000018066_647	UniRef100_B1MXK4~K03800	99.7	336	1	0	1	336	1	336	4.92e-248	679
Deepurify_Bin_0ΩT2_UBT_000000046529_10	UniRef100_A0A0D1JFR1~K00571	97.0	335	10	0	1	335	1	335	2.10e-228	629
Deepurify_Bin_1ΩT2_UBT_000000076338_31	UniRef100_A0A0D1JFR1~K00571	73.4	335	89	0	1	335	1	335	2.72e-171	484
Deepurify_Bin_1ΩT2_UBT_000000076338_16	UniRef100_A0A0D1JFR1~K00571	73.4	335	89	0	1	335	1	335	2.72e-171	484
Deepurify_Bin_3ΩT1_FOM_000000136944_8	UniRef100_J9YIM7~K03569	98.2	335	6	0	1	335	1	335	9.54e-225	620
Deepurify_Bin_3ΩT1_FOM_000000045659_4	UniRef100_A0A1X0VAF1~K13677	85.0	333	50	0	1	333	1	333	5.25e-206	572
Deepurify_Bin_4ΩT1_UBT_000000007014_14	UniRef100_A0A0N9YQG7~K02341	88.4	335	39	0	1	335	1	335	6.35e-205	570
Deepurify_Bin_4ΩT1_UBT_000000027144_9	UniRef100_A0A0D1JFR1~K00571	73.4	335	89	0	1	335	1	335	2.72e-171	484
Deepurify_Bin_4ΩT1_UBT_000000027904_1	UniRef100_F0LSR6~K01873	35.0	331	200	3	1	321	61	386	2.82e-61	206
Deepurify_Bin_2ΩT2_FOM_000000008711_41	UniRef100_B1MXG1~K13677	99.4	335	2	0	1	335	1	335	2.95e-244	669
Deepurify_Bin_2ΩT2_FOM_000000038108_17	UniRef100_B1MZZ8~K03569	100	335	0	0	1	335	1	335	2.10e-228	629
Deepurify_Bin_2ΩT2_FOM_000000018066_612	UniRef100_B1MXN8~K02529	99.7	335	1	0	1	335	1	335	7.44e-238	653
Deepurify_Bin_0ΩT2_UBT_000000044357_34	UniRef100_A0A0D1LTR8~K00426	99.7	334	1	0	1	334	1	334	5.81e-230	633
Deepurify_Bin_0ΩT2_UBT_000000044357_2	UniRef100_A0A0N9YFB4~K03569	100	334	0	0	1	334	1	334	6.21e-225	620
Deepurify_Bin_0ΩT2_UBT_000000032789_29	UniRef100_C0ZCZ0~K01066	30.1	272	176	3	52	323	42	299	1.21e-33	132
Deepurify_Bin_1ΩT2_UBT_000000066925_24	UniRef100_A0A0N9YQR6~K02529	93.1	333	23	0	1	333	1	333	3.86e-221	610
Deepurify_Bin_1ΩT2_UBT_000000011170_24	UniRef100_A0A0N9YFB4~K03569	96.1	334	13	0	1	334	1	334	1.10e-218	604
Deepurify_Bin_4ΩT1_UBT_000000007542_24	UniRef100_A0A0N9YQR6~K02529	93.1	333	23	0	1	333	1	333	3.86e-221	610
Deepurify_Bin_2ΩT2_FOM_000000040107_39	UniRef100_B1MWA9~K01989	98.2	336	4	1	1	334	1	336	1.35e-224	619
Deepurify_Bin_2ΩT2_FOM_000000080637_28	UniRef100_B1N061~K07029	100	329	0	0	6	334	1	329	3.39e-230	633
Deepurify_Bin_0ΩT2_UBT_000000044674_19	UniRef100_A0A0N9YQR6~K02529	99.4	333	2	0	1	333	1	333	3.38e-233	641
Deepurify_Bin_1ΩT2_UBT_000000071291_33	UniRef100_A0A0N9YWI9~K02529	66.5	325	109	0	3	327	2	326	4.22e-152	436
Deepurify_Bin_3ΩT1_FOM_000000081935_2	UniRef100_D5T1R0~K02529	83.7	326	53	0	1	326	1	326	6.12e-192	536
Deepurify_Bin_3ΩT1_FOM_000000058500_3	UniRef100_A0A172TXD8~K15975	32.9	313	197	6	4	307	9	317	7.18e-49	172
Deepurify_Bin_4ΩT1_UBT_000000018545_33	UniRef100_A0A0N9YWI9~K02529	66.5	325	109	0	3	327	2	326	4.22e-152	436
Deepurify_Bin_2ΩT2_FOM_000000080637_34	UniRef100_B1N067~K02340	99.1	333	3	0	1	333	1	333	5.75e-225	620
Deepurify_Bin_0ΩT2_UBT_000000046529_4	UniRef100_A0A1L6RCH2~K02244	43.8	333	177	3	5	331	2	330	6.21e-79	249
Deepurify_Bin_0ΩT2_UBT_000000006030_26	UniRef100_A0A0D1JUL9~K02031	99.7	332	1	0	1	332	1	332	1.69e-237	652
Deepurify_Bin_1ΩT2_UBT_000000006453_8	UniRef100_A0A0N9YUW5~K06217	92.7	329	24	0	1	329	1	329	2.58e-213	590
Deepurify_Bin_1ΩT2_UBT_000000031997_5	UniRef100_A0A0D1JUL9~K02031	79.5	331	68	0	1	331	1	331	1.37e-188	528
Deepurify_Bin_1ΩT2_UBT_000000076338_26	UniRef100_A0A1L6RCH2~K02244	45.9	329	176	2	5	331	2	330	3.76e-83	260
Deepurify_Bin_1ΩT2_UBT_000000076338_21	UniRef100_A0A1L6RCH2~K02244	45.9	329	176	2	5	331	2	330	3.76e-83	260
Deepurify_Bin_3ΩT1_FOM_000000081119_5	UniRef100_G7W246~K22230	36.2	334	207	4	1	332	1	330	1.70e-58	197
Deepurify_Bin_3ΩT1_FOM_000000075080_7	UniRef100_K0D5H7~K00805	66.1	330	112	0	1	330	1	330	9.09e-152	435
Deepurify_Bin_3ΩT1_FOM_000000049116_17	UniRef100_A0A1X0V6X2~K01989	81.1	334	61	1	1	332	1	334	1.71e-187	525
Deepurify_Bin_4ΩT1_UBT_000000015948_8	UniRef100_A0A0N9YUW5~K06217	92.7	329	24	0	1	329	1	329	2.58e-213	590
Deepurify_Bin_4ΩT1_UBT_000000027144_4	UniRef100_A0A1L6RCH2~K02244	45.9	329	176	2	5	331	2	330	3.76e-83	260
Deepurify_Bin_2ΩT2_FOM_000000050145_41	UniRef100_B1MVY8~K00805	100	332	0	0	1	332	1	332	5.41e-234	643
Deepurify_Bin_2ΩT2_FOM_000000008711_31	UniRef100_B1MXH0~K03778	99.7	332	1	0	1	332	1	332	1.14e-235	647
Deepurify_Bin_2ΩT2_FOM_000000080637_192	UniRef100_G7W246~K22230	36.6	333	205	4	1	331	1	329	9.81e-61	203
Deepurify_Bin_2ΩT2_FOM_000000080637_155	UniRef100_B1MVN6~K02493	99.7	332	1	0	1	332	1	332	9.77e-237	650
Deepurify_Bin_2ΩT2_FOM_000000018066_402	UniRef100_A0A1L6RB78~K02529	42.7	330	185	2	1	326	1	330	3.31e-83	261
Deepurify_Bin_2ΩT2_FOM_000000018066_156	UniRef100_B1MYY6~K06889	98.8	332	4	0	1	332	1	332	9.10e-242	662
Deepurify_Bin_3ΩT1_FOM_000000098250_8	UniRef100_A0A0C1PVS1~K02529	39.2	324	192	4	1	323	1	320	6.01e-65	213
Deepurify_Bin_3ΩT1_FOM_000000096995_9	UniRef100_J9W2N1~K19265	74.3	327	84	0	1	327	1	327	1.75e-175	495
Deepurify_Bin_3ΩT1_FOM_000000086418_8	UniRef100_A0A1X0V644~K03778	96.7	331	11	0	1	331	1	331	1.32e-229	632
Deepurify_Bin_3ΩT1_FOM_000000016860_30	UniRef100_A0A1B2A0H4~K00077	91.8	331	27	0	1	331	1	331	1.47e-226	624
Deepurify_Bin_4ΩT1_UBT_000000003269_21	UniRef100_A0A0D1M1V2~K03778	98.8	331	4	0	1	331	1	331	2.04e-233	641
Deepurify_Bin_2ΩT2_FOM_000000036960_25	UniRef100_B1MWY1~K00077	98.5	331	5	0	1	331	1	331	8.08e-240	657
Deepurify_Bin_2ΩT2_FOM_000000080637_122	UniRef100_B1MVK3~K02529	100	328	0	0	4	331	1	328	1.05e-232	639
Deepurify_Bin_2ΩT2_FOM_000000018066_371	UniRef100_B1MYC4~K01239	98.8	331	4	0	1	331	1	331	4.11e-233	640
Deepurify_Bin_2ΩT2_FOM_000000018066_367	UniRef100_B1MYC8~K03856	99.7	331	1	0	1	331	1	331	1.68e-232	639
Deepurify_Bin_0ΩT2_UBT_000000046295_6	UniRef100_A0A0D1LZR6~K01784	100	330	0	0	1	330	1	330	1.35e-242	664
Deepurify_Bin_0ΩT2_UBT_000000019873_10	UniRef100_A0A0D1LIF0~K01000	99.4	330	2	0	1	330	1	330	7.36e-231	635
Deepurify_Bin_0ΩT2_UBT_000000032422_26	UniRef100_A0A1D7QAR8~K15975	36.2	293	175	5	4	285	9	300	2.02e-49	173
Deepurify_Bin_0ΩT2_UBT_000000018558_66	UniRef100_A0A0N9YWI9~K02529	99.4	329	2	0	1	329	1	329	2.03e-230	634
Deepurify_Bin_0ΩT2_UBT_000000004216_99	UniRef100_H6NC81~K22230	40.3	330	189	5	3	329	2	326	1.82e-62	207
Deepurify_Bin_0ΩT2_UBT_000000004216_89	UniRef100_A0A0D1LTU4~K02529	99.7	330	1	0	1	330	1	330	3.21e-225	620
Deepurify_Bin_0ΩT2_UBT_000000004216_70	UniRef100_A0A0N9YTD6~K03856	98.5	330	5	0	1	330	1	330	4.56e-225	620
Deepurify_Bin_0ΩT2_UBT_000000004216_59	UniRef100_A0A0D1JHB3~K19265	99.7	330	1	0	1	330	1	330	2.23e-241	661
Deepurify_Bin_1ΩT2_UBT_000000014387_35	UniRef100_B7A8H4~K15975	35.1	285	178	3	4	285	8	288	2.65e-48	170
Deepurify_Bin_1ΩT2_UBT_000000065998_119	UniRef100_A0A0K2F4W2~K22230	39.0	331	193	6	3	329	1	326	1.44e-62	207
Deepurify_Bin_1ΩT2_UBT_000000065998_110	UniRef100_A0A0D1LTU4~K02529	92.4	330	25	0	1	330	1	330	2.26e-209	580
Deepurify_Bin_1ΩT2_UBT_000000065998_60	UniRef100_A0A0D1JHB3~K19265	97.3	329	9	0	1	329	1	329	3.26e-234	643
Deepurify_Bin_3ΩT1_FOM_000000131407_5	UniRef100_A0A1L6RB78~K02529	45.8	334	177	2	1	330	1	334	6.83e-93	285
Deepurify_Bin_3ΩT1_FOM_000000107633_2	UniRef100_Q03Y98~K07284	65.2	330	115	0	1	330	2	331	1.27e-148	427
Deepurify_Bin_3ΩT1_FOM_000000103361_3	UniRef100_D5T4P0~K06217	88.1	328	39	0	1	328	1	328	7.73e-207	574
Deepurify_Bin_3ΩT1_FOM_000000016860_25	UniRef100_A0A1X0UWP3~K03569	97.6	330	8	0	1	330	1	330	1.94e-226	624
Deepurify_Bin_3ΩT1_FOM_000000008989_20	UniRef100_Q03X07~K03856	85.2	330	49	0	1	330	1	330	4.50e-193	539
Deepurify_Bin_3ΩT1_FOM_000000001815_3	UniRef100_J9YGL5~K19265	87.0	330	43	0	1	330	1	330	3.91e-210	582
Deepurify_Bin_4ΩT1_UBT_000000007014_11	UniRef100_A0A0D1LZR6~K01784	97.9	330	7	0	1	330	1	330	4.32e-239	655
Deepurify_Bin_4ΩT1_UBT_000000021839_10	UniRef100_A0A0D1LIF0~K01000	76.4	330	78	0	1	330	1	330	6.86e-174	491
Deepurify_Bin_4ΩT1_UBT_000000006917_118	UniRef100_A0A0K2F4W2~K22230	39.0	331	193	6	3	329	1	326	1.44e-62	207
Deepurify_Bin_4ΩT1_UBT_000000006917_110	UniRef100_A0A0D1LTU4~K02529	92.4	330	25	0	1	330	1	330	2.26e-209	580
Deepurify_Bin_4ΩT1_UBT_000000006917_60	UniRef100_A0A0D1JHB3~K19265	97.3	329	9	0	1	329	1	329	3.26e-234	643
Deepurify_Bin_2ΩT2_FOM_000000036960_17	UniRef100_B1MWY9~K03569	100	330	0	0	1	330	1	330	5.18e-231	635
Deepurify_Bin_2ΩT2_FOM_000000036960_3	UniRef100_B1MX03~K03778	98.5	330	5	0	1	330	1	330	1.22e-229	632
Deepurify_Bin_2ΩT2_FOM_000000118331_24	UniRef100_B1MX69~K01239	98.8	330	4	0	1	330	1	330	4.63e-234	643
Deepurify_Bin_2ΩT2_FOM_000000080637_200	UniRef100_B1MVS9~K01784	100	330	0	0	1	330	1	330	1.71e-245	672
Deepurify_Bin_0ΩT2_UBT_000000087050_8	UniRef100_A0A0N9YUW5~K06217	100	329	0	0	1	329	1	329	4.11e-232	638
Deepurify_Bin_0ΩT2_UBT_000000046295_1	UniRef100_A0A0N9Y4C0~K00805	99.1	329	3	0	1	329	1	329	3.77e-228	628
Deepurify_Bin_0ΩT2_UBT_000000083495_37	UniRef100_A0A0D1M462~K01424	99.7	329	1	0	1	329	1	329	1.50e-234	644
Deepurify_Bin_0ΩT2_UBT_000000006030_32	UniRef100_A0A0N9XWM5~K03778	96.7	329	11	0	1	329	1	329	1.84e-219	606
Deepurify_Bin_1ΩT2_UBT_000000041069_13	UniRef100_A0A0N7HAX8~K00784	91.4	326	28	0	1	326	1	326	1.40e-218	603
Deepurify_Bin_1ΩT2_UBT_000000059045_17	UniRef100_A0A0D1K9T7~K03569	100	329	0	0	1	329	1	329	7.95e-230	632
Deepurify_Bin_1ΩT2_UBT_000000039277_38	UniRef100_A0A0D1M462~K01424	90.3	329	32	0	1	329	1	329	1.68e-215	596
Deepurify_Bin_1ΩT2_UBT_000000065998_72	UniRef100_A0A0N9YTD6~K03856	83.8	328	53	0	1	328	1	328	2.38e-190	532
Deepurify_Bin_3ΩT1_FOM_000000101154_17	UniRef100_C9A9K0~K02032	62.3	329	108	3	1	329	1	313	1.25e-139	403
Deepurify_Bin_3ΩT1_FOM_000000070747_15	UniRef100_A0A1X0V8C9~K03778	82.7	329	57	0	1	329	1	329	2.64e-196	547
Deepurify_Bin_3ΩT1_FOM_000000001419_2	UniRef100_Q03V58~K03778	70.5	329	97	0	1	329	1	329	3.15e-160	456
Deepurify_Bin_4ΩT1_UBT_000000007014_1	UniRef100_A0A0N9Y4C0~K00805	80.5	329	64	0	1	329	1	329	5.19e-180	506
Deepurify_Bin_4ΩT1_UBT_000000002201_17	UniRef100_A0A0D1K9T7~K03569	93.9	329	20	0	1	329	1	329	5.04e-217	600
Deepurify_Bin_4ΩT1_UBT_000000006917_72	UniRef100_A0A0N9YTD6~K03856	83.8	328	53	0	1	328	1	328	2.38e-190	532
Deepurify_Bin_2ΩT2_FOM_000000153740_77	UniRef100_B1MWG9~K03484	99.1	329	3	0	1	329	4	332	1.95e-233	641
Deepurify_Bin_2ΩT2_FOM_000000153740_49	UniRef100_B1MW55~K03778	99.7	329	1	0	1	329	1	329	2.12e-234	644
Deepurify_Bin_2ΩT2_FOM_000000080637_231	UniRef100_B1MVV9~K01524	100	329	0	0	1	329	1	329	1.32e-228	629
Deepurify_Bin_2ΩT2_FOM_000000080637_230	UniRef100_B1MVV8~K02525	98.8	329	4	0	1	329	1	329	3.52e-233	640
Deepurify_Bin_2ΩT2_FOM_000000018066_426	UniRef100_B1MY73~K19265	99.7	329	1	0	1	329	1	329	8.41e-241	660
Deepurify_Bin_0ΩT2_UBT_000000044357_13	UniRef100_A0A0N9YFA6~K01989	98.8	328	4	0	1	328	1	328	1.25e-221	611
Deepurify_Bin_0ΩT2_UBT_000000024729_47	UniRef100_A0A0D1M1I7~K00948	100	328	0	0	1	328	1	328	4.96e-228	627
Deepurify_Bin_0ΩT2_UBT_000000018558_91	UniRef100_A0A0D1M3U4~K00364	100	328	0	0	1	328	1	328	8.71e-238	652
Deepurify_Bin_0ΩT2_UBT_000000031606_88	UniRef100_A0A0D1M1D8~K01597	97.9	328	7	0	1	328	1	328	7.54e-223	614
Deepurify_Bin_1ΩT2_UBT_000000013024_14	UniRef100_A0A0D1M1D8~K01597	70.4	328	97	0	1	328	1	328	1.85e-156	446
Deepurify_Bin_1ΩT2_UBT_000000057430_17	UniRef100_A0A0D1M3U4~K00364	93.0	328	23	0	1	328	1	328	7.23e-221	609
Deepurify_Bin_1ΩT2_UBT_000000011286_52	UniRef100_A0A0D1M1I7~K00948	99.4	328	2	0	1	328	1	328	2.36e-226	623
Deepurify_Bin_1ΩT2_UBT_000000011170_35	UniRef100_A0A0N9YFA6~K01989	82.6	328	57	0	1	328	1	328	7.88e-186	521
Deepurify_Bin_3ΩT1_FOM_000000149631_8	UniRef100_D5T1H3~K02525	78.0	328	72	0	1	328	1	328	7.95e-179	503
Deepurify_Bin_3ΩT1_FOM_000000039835_4	UniRef100_K0DCU4~K00364	80.2	328	65	0	1	328	1	328	1.01e-188	528
Deepurify_Bin_4ΩT1_UBT_000000002880_52	UniRef100_A0A0D1M1I7~K00948	99.4	328	2	0	1	328	1	328	2.36e-226	623
Deepurify_Bin_2ΩT2_FOM_000000018066_515	UniRef100_B1MXY5~K00625	99.4	328	2	0	1	328	3	330	4.70e-222	612
Deepurify_Bin_2ΩT2_FOM_000000018066_355	UniRef100_B1MYE0~K06217	99.4	328	2	0	1	328	12	339	1.51e-227	627
Deepurify_Bin_0ΩT2_UBT_000000022378_5	UniRef100_I7JNI0~K01870	32.2	314	198	3	1	306	31	337	2.06e-49	174
Deepurify_Bin_0ΩT2_UBT_000000034542_83	UniRef100_A0A0N7HAX8~K00784	99.7	327	1	0	1	327	1	327	2.31e-237	651
Deepurify_Bin_0ΩT2_UBT_000000018558_59	UniRef100_A0A0D1LSK6~K02525	99.7	327	1	0	1	327	1	327	1.53e-226	624
Deepurify_Bin_1ΩT2_UBT_000000038068_29	UniRef100_A0A0D1LSK6~K02525	84.1	327	52	0	1	327	1	327	4.37e-194	541
Deepurify_Bin_3ΩT1_FOM_000000157512_45	UniRef100_A0A1B1ZZI9~K00625	88.4	327	38	0	1	327	2	328	3.97e-202	562
Deepurify_Bin_3ΩT1_FOM_000000131407_3	UniRef100_A0A1B2J2R7~K01785	98.5	327	5	0	1	327	1	327	1.63e-237	651
Deepurify_Bin_3ΩT1_FOM_000000109664_7	UniRef100_A0A1X9VS87~K07029	89.3	326	35	0	1	326	1	326	7.72e-202	561
Deepurify_Bin_4ΩT1_UBT_000000024370_29	UniRef100_A0A0D1LSK6~K02525	84.1	327	52	0	1	327	1	327	4.37e-194	541
Deepurify_Bin_0ΩT2_UBT_000000024751_4	UniRef100_A0A0D1LFR1~K02793&K02794	99.7	326	1	0	1	326	1	326	2.87e-226	623
Deepurify_Bin_0ΩT2_UBT_000000016425_24	UniRef100_A0A068T339~K03322	37.4	329	188	5	12	325	3	328	1.71e-54	189
Deepurify_Bin_1ΩT2_UBT_000000020938_26	UniRef100_A0A0D1LJF3~K11144	85.3	313	46	0	14	326	2	314	1.37e-189	530
Deepurify_Bin_3ΩT1_FOM_000000128291_3	UniRef100_Q03YK4~K03484	75.1	325	81	0	1	325	1	325	1.99e-173	489
Deepurify_Bin_3ΩT1_FOM_000000063874_7	UniRef100_B1MWW5~K00948	96.0	326	13	0	1	326	1	326	8.06e-217	599
Deepurify_Bin_2ΩT2_FOM_000000036960_44	UniRef100_B1MWW5~K00948	99.7	326	1	0	1	326	1	326	2.75e-224	618
Deepurify_Bin_2ΩT2_FOM_000000118331_16	UniRef100_B1MX77~K03524	99.4	326	2	0	1	326	1	326	3.12e-230	633
Deepurify_Bin_2ΩT2_FOM_000000080637_134	UniRef100_B1MVL5~K01809	99.7	326	1	0	1	326	1	326	2.07e-244	669
Deepurify_Bin_2ΩT2_FOM_000000018066_645	UniRef100_B1MXK6~K00162	99.7	326	1	0	1	326	1	326	3.12e-230	633
Deepurify_Bin_2ΩT2_FOM_000000018066_522	UniRef100_B1MXX8~K01998	98.8	326	4	0	1	326	1	326	7.88e-185	518
Deepurify_Bin_2ΩT2_FOM_000000018066_480	UniRef100_A0A1Y0VKY1~K00088	37.6	370	180	5	8	326	11	380	1.43e-60	204
Deepurify_Bin_0ΩT2_UBT_000000025704_11	UniRef100_A0A0D1LJW4~K00845	100	325	0	0	1	325	1	325	7.40e-233	639
Deepurify_Bin_0ΩT2_UBT_000000003960_26	UniRef100_A0A0N9YSG4~K00625	99.7	325	1	0	1	325	1	325	3.86e-219	605
Deepurify_Bin_1ΩT2_UBT_000000006722_11	UniRef100_A0A0D1LJW4~K00845	96.6	325	11	0	1	325	1	325	4.59e-227	625
Deepurify_Bin_1ΩT2_UBT_000000079358_27	UniRef100_A0A0D1LQ28~K04075	74.7	324	82	0	1	324	1	324	2.59e-171	484
Deepurify_Bin_1ΩT2_UBT_000000001669_5	UniRef100_A0A0D1LQ28~K04075	98.8	325	4	0	1	325	1	325	2.65e-226	623
Deepurify_Bin_4ΩT1_UBT_000000004550_18	UniRef100_A0A0N9YTS9~K00648	95.1	325	15	1	1	325	1	324	3.72e-219	605
Deepurify_Bin_4ΩT1_UBT_000000000739_11	UniRef100_A0A0D1LJW4~K00845	96.6	325	11	0	1	325	1	325	4.59e-227	625
Deepurify_Bin_4ΩT1_UBT_000000001140_26	UniRef100_A0A0N9YSG4~K00625	96.6	325	11	0	1	325	1	325	8.70e-216	596
Deepurify_Bin_4ΩT1_UBT_000000021238_31	UniRef100_A0A0D1LQ28~K04075	74.7	324	82	0	1	324	1	324	2.59e-171	484
Deepurify_Bin_2ΩT2_FOM_000000040107_42	UniRef100_B1MWA6~K03734	99.1	325	3	0	1	325	1	325	2.81e-237	650
Deepurify_Bin_2ΩT2_FOM_000000080637_15	UniRef100_Q74JS5~K07011	38.8	304	171	7	4	302	5	298	1.80e-58	196
Deepurify_Bin_0ΩT2_UBT_000000065368_14	UniRef100_A0A0D1LLZ0~K03484	82.4	324	57	0	1	324	1	324	4.50e-190	531
Deepurify_Bin_0ΩT2_UBT_000000026317_20	UniRef100_A0A0D1LLZ0~K03484	98.1	324	6	0	1	324	1	324	9.57e-224	616
Deepurify_Bin_0ΩT2_UBT_000000039885_41	UniRef100_A0A0N9XUG4~K01524	98.5	324	5	0	1	324	1	324	1.30e-221	611
Deepurify_Bin_0ΩT2_UBT_000000004216_60	UniRef100_A0A0N9YS58~K00948	99.1	324	3	0	1	324	1	324	7.03e-226	622
Deepurify_Bin_1ΩT2_UBT_000000045364_5	UniRef100_A0A0D1LFR1~K02793&K02794	86.7	324	43	0	1	324	1	324	3.36e-197	549
Deepurify_Bin_1ΩT2_UBT_000000001669_16	UniRef100_A0A0N9YJF1~K00975	100	324	0	0	1	324	1	324	5.37e-233	642
Deepurify_Bin_3ΩT1_FOM_000000016860_33	UniRef100_Q03ZI9~K00526	91.9	320	26	0	1	320	1	320	7.49e-219	604
Deepurify_Bin_3ΩT1_FOM_000000006674_3	UniRef100_Q03YX4~K01998	91.0	324	29	0	1	324	1	324	2.78e-177	499
Deepurify_Bin_4ΩT1_UBT_000000021216_20	UniRef100_A0A0N9YTS9~K00648	99.7	324	1	0	1	324	1	324	4.62e-231	635
Deepurify_Bin_2ΩT2_FOM_000000001535_7	UniRef100_B1MX11~K00648	99.7	324	1	0	1	324	1	324	1.13e-231	636
Deepurify_Bin_2ΩT2_FOM_000000050145_55	UniRef100_B1MVX4~K00526	99.4	324	2	0	1	324	1	324	5.24e-237	650
Deepurify_Bin_2ΩT2_FOM_000000038108_168	UniRef100_B1MZJ7~K03484	99.1	324	3	0	1	324	1	324	7.03e-226	622
Deepurify_Bin_2ΩT2_FOM_000000018066_428	UniRef100_B1MY71~K00948	100	324	0	0	1	324	1	324	9.99e-226	621
Deepurify_Bin_2ΩT2_FOM_000000018066_289	UniRef100_A0A0B4RB44~K01297	45.6	320	168	3	3	319	2	318	9.90e-90	276
Deepurify_Bin_0ΩT2_UBT_000000026330_40	UniRef100_A0A0N9XVS3~K00648	99.4	323	2	0	1	323	1	323	1.31e-225	621
Deepurify_Bin_0ΩT2_UBT_000000021322_72	UniRef100_R4YCS2~K01223	48.0	323	163	3	1	320	71	391	1.77e-104	317
Deepurify_Bin_1ΩT2_UBT_000000061643_29	UniRef100_A0A0N9XVS3~K00648	88.9	323	36	0	1	323	1	323	3.03e-199	554
Deepurify_Bin_1ΩT2_UBT_000000062251_27	UniRef100_A0A0D1LVX6~K02077	75.5	323	72	2	1	322	1	317	4.21e-163	462
Deepurify_Bin_1ΩT2_UBT_000000065998_61	UniRef100_A0A0N9YS58~K00948	86.3	322	44	0	2	323	3	324	5.19e-198	551
Deepurify_Bin_3ΩT1_FOM_000000154240_3	UniRef100_A0A1X0V676~K00648	80.5	323	63	0	1	323	1	323	2.09e-183	514
Deepurify_Bin_3ΩT1_FOM_000000112850_4	UniRef100_K0DB45~K01524	79.3	323	67	0	1	323	1	323	1.56e-178	502
Deepurify_Bin_3ΩT1_FOM_000000102875_3	UniRef100_Q03ZF8~K03484	66.3	320	108	0	1	320	1	320	3.03e-145	417
Deepurify_Bin_3ΩT1_FOM_000000013027_7	UniRef100_B1MX11~K00648	82.4	324	56	1	1	323	1	324	1.51e-190	532
Deepurify_Bin_3ΩT1_FOM_000000001815_5	UniRef100_A0A1X0V9F4~K00948	76.5	323	76	0	1	323	1	323	1.28e-170	482
Deepurify_Bin_4ΩT1_UBT_000000004016_29	UniRef100_A0A0N9XVS3~K00648	88.9	323	36	0	1	323	1	323	3.03e-199	554
Deepurify_Bin_4ΩT1_UBT_000000001140_8	UniRef100_A0A0N9YMZ4~K17828	78.7	319	68	0	1	319	1	319	5.75e-180	505
Deepurify_Bin_4ΩT1_UBT_000000006917_61	UniRef100_A0A0N9YS58~K00948	86.3	322	44	0	2	323	3	324	5.19e-198	551
Deepurify_Bin_2ΩT2_FOM_000000018066_559	UniRef100_B1MXU1~K00604	99.4	323	2	0	1	323	1	323	1.01e-229	631
Deepurify_Bin_0ΩT2_UBT_000000018558_49	UniRef100_A0A0N9Y7R0~K15553	99.4	322	2	0	1	322	1	322	3.89e-222	612
Deepurify_Bin_1ΩT2_UBT_000000057430_3	UniRef100_Q0STS5~K00863	31.8	305	205	2	4	307	13	315	1.85e-42	155
Deepurify_Bin_3ΩT1_FOM_000000154240_17	UniRef100_A0A1B2A369~K01239	87.4	317	40	0	1	317	1	317	1.63e-197	550
Deepurify_Bin_3ΩT1_FOM_000000094265_8	UniRef100_B9EA14~K03322	50.7	302	142	1	22	323	4	298	7.41e-90	277
Deepurify_Bin_3ΩT1_FOM_000000013607_4	UniRef100_J9YIE4~K00560	88.8	322	36	0	1	322	1	322	1.02e-217	601
Deepurify_Bin_2ΩT2_FOM_000000035880_6	UniRef100_B1MXD3~K03484	99.7	322	1	0	1	322	5	326	5.50e-223	614
Deepurify_Bin_2ΩT2_FOM_000000118331_11	UniRef100_B1MX82~K00648	98.8	322	4	0	1	322	1	322	9.16e-221	608
Deepurify_Bin_2ΩT2_FOM_000000118331_9	UniRef100_B1MX84~K02371	100	322	0	0	1	322	1	322	3.34e-223	615
Deepurify_Bin_2ΩT2_FOM_000000153740_36	UniRef100_B1MW43~K02004	99.7	320	1	0	1	320	1	320	1.56e-213	593
Deepurify_Bin_2ΩT2_FOM_000000038108_109	UniRef100_B1MZQ4~K00784	100	322	0	0	1	322	1	322	2.38e-232	638
Deepurify_Bin_2ΩT2_FOM_000000038108_42	UniRef100_B1MZX3~K00384	99.7	322	1	0	1	322	1	322	6.55e-230	632
Deepurify_Bin_2ΩT2_FOM_000000080637_226	UniRef100_B1MVV4~K00874	99.4	322	2	0	1	322	1	322	8.92e-228	626
Deepurify_Bin_2ΩT2_FOM_000000018066_149	UniRef100_A0A142LF07~K20534	42.1	316	176	4	6	319	1	311	8.65e-75	238
Deepurify_Bin_0ΩT2_UBT_000000018558_62	UniRef100_A0A0N9YHW5~K00874	99.4	321	2	0	1	321	1	321	2.47e-229	630
Deepurify_Bin_1ΩT2_UBT_000000018272_12	UniRef100_A0A0N9YQF5~K06889	81.0	321	61	0	1	321	1	321	1.37e-194	542
Deepurify_Bin_1ΩT2_UBT_000000024690_18	UniRef100_A0A0N9YQF5~K06889	99.7	321	1	0	1	321	1	321	2.88e-228	627
Deepurify_Bin_1ΩT2_UBT_000000036495_18	UniRef100_A0A0D1M788~K01809	100	321	0	0	1	321	1	321	4.50e-241	660
Deepurify_Bin_1ΩT2_UBT_000000038068_26	UniRef100_A0A0N9YHW5~K00874	96.0	321	13	0	1	321	1	321	4.39e-223	614
Deepurify_Bin_3ΩT1_FOM_000000128291_10	UniRef100_A0A1X0VA19~K06023	92.5	321	24	0	1	321	1	321	1.87e-208	577
Deepurify_Bin_3ΩT1_FOM_000000101154_16	UniRef100_A0A0Q0U3P8~K02033	84.7	321	49	0	1	321	1	321	2.89e-196	546
Deepurify_Bin_3ΩT1_FOM_000000096995_10	UniRef100_A0A1L6RBK5~K01190	66.1	319	108	0	1	319	1	319	7.38e-155	442
Deepurify_Bin_3ΩT1_FOM_000000061358_6	UniRef100_A0A1X0V8I4~K00604	77.6	321	72	0	1	321	1	321	2.70e-178	501
Deepurify_Bin_3ΩT1_FOM_000000053898_2	UniRef100_A0A1X0VA90~K05340	89.4	321	34	0	1	321	1	321	7.78e-201	558
Deepurify_Bin_4ΩT1_UBT_000000008966_12	UniRef100_A0A0N9YQF5~K06889	81.0	321	61	0	1	321	1	321	1.37e-194	542
Deepurify_Bin_4ΩT1_UBT_000000006101_14	UniRef100_A0A0D1M788~K01809	100	321	0	0	1	321	1	321	4.50e-241	660
Deepurify_Bin_4ΩT1_UBT_000000024370_26	UniRef100_A0A0N9YHW5~K00874	96.0	321	13	0	1	321	1	321	4.39e-223	614
Deepurify_Bin_4ΩT1_UBT_000000018112_19	UniRef100_A0A0D1M788~K01809	88.1	320	38	0	1	320	1	320	7.45e-215	593
Deepurify_Bin_0ΩT2_UBT_000000046529_13	UniRef100_A0A0D1JQT6~K00604	99.7	320	1	0	1	320	1	320	2.19e-227	625
Deepurify_Bin_0ΩT2_UBT_000000044357_14	UniRef100_A0A0N9XTM6~K00526	99.7	320	1	0	1	320	1	320	2.31e-238	653
Deepurify_Bin_1ΩT2_UBT_000000076338_39	UniRef100_A0A0D1JQT6~K00604	91.2	319	28	0	1	319	1	319	3.50e-208	577
Deepurify_Bin_1ΩT2_UBT_000000076338_8	UniRef100_A0A0D1JQT6~K00604	91.2	319	28	0	1	319	1	319	3.50e-208	577
Deepurify_Bin_1ΩT2_UBT_000000011170_36	UniRef100_A0A0N9XTM6~K00526	95.6	320	14	0	1	320	1	320	1.32e-228	628
Deepurify_Bin_3ΩT1_FOM_000000159400_2	UniRef100_J9YH86~K03484	67.5	320	100	1	1	316	1	320	2.51e-154	441
Deepurify_Bin_3ΩT1_FOM_000000157512_8	UniRef100_D5T169~K01000	74.1	320	83	0	1	320	1	320	2.15e-179	504
Deepurify_Bin_3ΩT1_FOM_000000149631_12	UniRef100_D5T1G9~K00874	90.9	319	29	0	1	319	1	319	1.81e-210	582
Deepurify_Bin_4ΩT1_UBT_000000027144_17	UniRef100_A0A0D1JQT6~K00604	91.2	319	28	0	1	319	1	319	3.50e-208	577
Deepurify_Bin_2ΩT2_FOM_000000038108_39	UniRef100_B1MZX6~K06023	100	320	0	0	1	320	1	320	5.52e-221	609
Deepurify_Bin_2ΩT2_FOM_000000018066_542	UniRef100_B1MXV8~K01000	100	320	0	0	1	320	1	320	1.04e-225	621
Deepurify_Bin_2ΩT2_FOM_000000018066_350	UniRef100_B1MYE5~K01424	100	320	0	0	1	320	1	320	5.42e-212	586
Deepurify_Bin_0ΩT2_UBT_000000003960_8	UniRef100_A0A0N9YMZ4~K17828	99.7	319	1	0	1	319	1	319	4.57e-224	617
Deepurify_Bin_0ΩT2_UBT_000000045448_38	UniRef100_A0A0D1JTR5~K19427	94.4	319	18	0	1	319	1	319	4.49e-215	594
Deepurify_Bin_0ΩT2_UBT_000000006030_24	UniRef100_A0A0N9XTI3~K02033	99.4	319	2	0	1	319	1	319	4.38e-222	612
Deepurify_Bin_1ΩT2_UBT_000000031997_7	UniRef100_A0A0N9XTI3~K02033	88.1	319	38	0	1	319	1	319	6.38e-199	553
Deepurify_Bin_3ΩT1_FOM_000000128291_7	UniRef100_Q03YK8~K00384	85.8	309	44	0	1	309	1	309	3.13e-194	541
Deepurify_Bin_3ΩT1_FOM_000000094040_3	UniRef100_K0D8Z1~K07223	80.8	318	61	0	1	318	1	318	1.62e-185	519
Deepurify_Bin_3ΩT1_FOM_000000081935_5	UniRef100_Q03Y15~K01239	83.4	319	53	0	1	319	1	319	2.16e-190	531
Deepurify_Bin_4ΩT1_UBT_000000003245_4	UniRef100_A0A0D1K9K9~K05794	97.2	318	9	0	1	318	1	318	1.19e-212	588
Deepurify_Bin_2ΩT2_FOM_000000038108_145	UniRef100_B1MZL9~K00845	100	319	0	0	1	319	1	319	2.03e-227	625
Deepurify_Bin_2ΩT2_FOM_000000080637_85	UniRef100_B1N0B8~K07223	99.7	319	1	0	1	319	1	319	2.30e-233	640
Deepurify_Bin_2ΩT2_FOM_000000080637_13	UniRef100_B1N046~K00560	100	319	0	0	1	319	1	319	9.07e-240	656
Deepurify_Bin_2ΩT2_FOM_000000018066_15	UniRef100_B1MZF3~K03698	99.1	319	3	0	1	319	1	319	2.27e-224	617
Deepurify_Bin_2ΩT2_FOM_000000018066_7	UniRef100_B1MZB0~K01447	99.4	319	2	0	1	319	1	319	9.07e-240	656
Deepurify_Bin_0ΩT2_UBT_000000082639_14	UniRef100_A0A0N9YL90~K05794	99.1	318	3	0	1	318	1	318	2.80e-213	589
Deepurify_Bin_0ΩT2_UBT_000000019873_17	UniRef100_A0A0N9YRE2~K02687	99.1	318	3	0	1	318	1	318	3.47e-223	614
Deepurify_Bin_0ΩT2_UBT_000000028765_4	UniRef100_A0A0D1JNJ8~K00560	99.7	318	1	0	1	318	1	318	2.48e-232	637
Deepurify_Bin_0ΩT2_UBT_000000009241_2	UniRef100_A0A0N9XT02~K09762	99.7	318	1	0	1	318	1	318	9.54e-221	608
Deepurify_Bin_0ΩT2_UBT_000000088698_4	UniRef100_A0A0D1K9K9~K05794	100	318	0	0	1	318	1	318	3.06e-217	599
Deepurify_Bin_0ΩT2_UBT_000000006030_25	UniRef100_A0A089Y585~K02032	65.9	314	107	0	3	316	4	317	6.82e-151	432
Deepurify_Bin_0ΩT2_UBT_000000018558_32	UniRef100_A0A0N9YNC2~K00874	97.8	319	6	1	1	318	1	319	2.72e-218	602
Deepurify_Bin_0ΩT2_UBT_000000004216_44	UniRef100_A0A0N9YMM4~K07029	100	318	0	0	1	318	1	318	2.55e-225	620
Deepurify_Bin_1ΩT2_UBT_000000059045_15	UniRef100_A0A0D1LU48~K02057	100	318	0	0	1	318	1	318	1.02e-215	595
Deepurify_Bin_1ΩT2_UBT_000000014026_2	UniRef100_A0A0N9XT02~K09762	96.5	318	11	0	1	318	1	318	1.14e-212	588
Deepurify_Bin_1ΩT2_UBT_000000031997_6	UniRef100_D5GYA2~K02032	66.0	312	106	0	3	314	4	315	3.04e-151	432
Deepurify_Bin_1ΩT2_UBT_000000009990_12	UniRef100_E6SJ67~K19745	46.7	302	149	4	26	316	33	333	2.38e-76	243
Deepurify_Bin_3ΩT1_FOM_000000157512_36	UniRef100_Q03W55~K00784	83.6	318	52	0	1	318	1	318	1.62e-196	547
Deepurify_Bin_3ΩT1_FOM_000000098250_9	UniRef100_Q89GI8~K02529	30.7	332	199	10	7	316	52	374	4.60e-30	123
Deepurify_Bin_3ΩT1_FOM_000000081935_9	UniRef100_J9YG24~K06041	80.8	318	61	0	1	318	1	318	5.88e-176	495
Deepurify_Bin_3ΩT1_FOM_000000064667_11	UniRef100_B1MWB5~K02057	88.4	318	37	0	1	318	1	318	3.98e-197	548
Deepurify_Bin_4ΩT1_UBT_000000001149_10	UniRef100_A0A0D1JNJ8~K00560	89.9	318	32	0	1	318	1	318	7.19e-216	596
Deepurify_Bin_4ΩT1_UBT_000000003269_19	UniRef100_A0A0N9XT02~K09762	96.5	318	11	0	1	318	1	318	1.14e-212	588
Deepurify_Bin_4ΩT1_UBT_000000002201_14	UniRef100_A0A0D1LU48~K02057	96.9	318	10	0	1	318	1	318	6.32e-210	581
Deepurify_Bin_2ΩT2_FOM_000000040107_33	UniRef100_B1MWB5~K02057	100	318	0	0	1	318	1	318	2.25e-219	605
Deepurify_Bin_2ΩT2_FOM_000000118331_52	UniRef100_B1MX41~K02243	99.7	318	1	0	1	318	1	318	9.54e-221	608
Deepurify_Bin_2ΩT2_FOM_000000118331_42	UniRef100_H1WQC6~K05340	100	318	0	0	1	318	1	318	1.36e-220	608
Deepurify_Bin_2ΩT2_FOM_000000038108_153	UniRef100_Q74JS5~K07011	36.4	302	185	4	9	308	4	300	7.29e-59	197
Deepurify_Bin_0ΩT2_UBT_000000063077_10	UniRef100_A0A0N9YM43~K07088	99.4	317	2	0	1	317	1	317	2.90e-210	582
Deepurify_Bin_0ΩT2_UBT_000000016425_14	UniRef100_A0A0R1F5M9~K00001	39.2	339	173	7	1	314	20	350	1.33e-69	226
Deepurify_Bin_0ΩT2_UBT_000000026317_21	UniRef100_A0A0R1F5M9~K00001	39.5	339	174	7	1	315	20	351	2.31e-64	213
Deepurify_Bin_0ΩT2_UBT_000000018558_113	UniRef100_A0A0D1JWF5~K05340	99.7	317	1	0	1	317	1	317	9.21e-223	613
Deepurify_Bin_0ΩT2_UBT_000000018558_79	UniRef100_J0MHB4~K01239	71.0	317	91	1	1	316	1	317	1.55e-159	453
Deepurify_Bin_0ΩT2_UBT_000000004216_19	UniRef100_A0A0N9YSU2~K03698	99.7	317	1	0	1	317	1	317	1.37e-224	618
Deepurify_Bin_0ΩT2_UBT_000000031606_119	UniRef100_A0A1X1FEX0~K09936	60.2	314	125	0	2	315	1	314	2.82e-138	399
Deepurify_Bin_1ΩT2_UBT_000000026661_7	UniRef100_A0A0N7HAD6~K10823	99.7	317	1	0	1	317	1	317	1.94e-224	617
Deepurify_Bin_1ΩT2_UBT_000000057430_28	UniRef100_A0A0D1JWF5~K05340	97.8	317	7	0	1	317	1	317	3.60e-220	607
Deepurify_Bin_1ΩT2_UBT_000000071291_36	UniRef100_A0A0N9Y3F2~K07223	96.5	317	11	0	1	317	1	317	2.36e-225	620
Deepurify_Bin_1ΩT2_UBT_000000071291_19	UniRef100_A0A0N7HAD6~K10823	93.7	317	20	0	1	317	1	317	2.04e-210	582
Deepurify_Bin_1ΩT2_UBT_000000020938_40	UniRef100_A0A269YSC4~K09936	62.7	316	107	2	3	317	2	307	2.17e-140	404
Deepurify_Bin_1ΩT2_UBT_000000039277_60	UniRef100_A0A0D1M496~K05340	95.0	317	16	0	1	317	1	317	1.29e-213	590
Deepurify_Bin_1ΩT2_UBT_000000039277_29	UniRef100_A0A0N9YL90~K05794	85.8	317	45	0	1	317	1	317	2.61e-188	526
Deepurify_Bin_1ΩT2_UBT_000000065998_44	UniRef100_A0A0N9YMM4~K07029	90.5	317	30	0	1	317	1	317	2.07e-201	559
Deepurify_Bin_3ΩT1_FOM_000000157512_34	UniRef100_Q03W53~K00077	78.2	317	69	0	1	317	21	337	1.37e-176	497
Deepurify_Bin_4ΩT1_UBT_000000021839_17	UniRef100_A0A0N9YRE2~K02687	89.6	317	33	0	1	317	1	317	1.25e-202	562
Deepurify_Bin_4ΩT1_UBT_000000018545_36	UniRef100_A0A0N9Y3F2~K07223	96.5	317	11	0	1	317	1	317	2.36e-225	620
Deepurify_Bin_4ΩT1_UBT_000000018545_19	UniRef100_A0A0N7HAD6~K10823	93.7	317	20	0	1	317	1	317	2.04e-210	582
Deepurify_Bin_4ΩT1_UBT_000000006917_44	UniRef100_A0A0N9YMM4~K07029	90.5	317	30	0	1	317	1	317	2.07e-201	559
Deepurify_Bin_2ΩT2_FOM_000000118331_64	UniRef100_B1MX29~K12700	98.4	317	5	0	1	317	1	317	2.64e-222	612
Deepurify_Bin_0ΩT2_UBT_000000034556_6	UniRef100_A0A0D1LMX9~K06881	100	316	0	0	1	316	1	316	4.28e-232	637
Deepurify_Bin_0ΩT2_UBT_000000026317_35	UniRef100_A0A0N9YSQ0~K01190	97.5	316	8	0	1	316	1	316	1.60e-227	625
Deepurify_Bin_0ΩT2_UBT_000000026317_19	UniRef100_C3YUQ9~K00078	30.1	309	188	6	5	309	6	290	3.59e-31	125
Deepurify_Bin_0ΩT2_UBT_000000024729_23	UniRef100_A0A0A1H181~K03284	38.6	298	175	6	22	316	13	305	2.50e-55	187
Deepurify_Bin_1ΩT2_UBT_000000020938_2	UniRef100_A0A0N9YM43~K07088	93.4	317	20	1	1	316	1	317	1.18e-195	545
Deepurify_Bin_1ΩT2_UBT_000000039277_71	UniRef100_A0A0D1KCL9~K07058	75.6	307	75	0	1	307	1	307	6.44e-148	424
Deepurify_Bin_1ΩT2_UBT_000000065998_41	UniRef100_A0A0N7HAZ3~K19971	88.5	312	36	0	1	312	1	312	1.08e-204	567
Deepurify_Bin_1ΩT2_UBT_000000065998_23	UniRef100_A0A0N9YSU2~K03698	88.2	314	37	0	1	314	1	314	2.34e-202	561
Deepurify_Bin_3ΩT1_FOM_000000046715_5	UniRef100_Q03Y82~K03698	78.3	313	68	0	1	313	1	313	8.66e-184	514
Deepurify_Bin_4ΩT1_UBT_000000025828_4	UniRef100_A0A0D1LMX9~K06881	87.7	316	39	0	1	316	1	316	1.73e-206	572
Deepurify_Bin_4ΩT1_UBT_000000004550_17	UniRef100_A0A0D1LJ50~K00384	89.6	316	33	0	1	316	1	316	3.34e-204	566
Deepurify_Bin_4ΩT1_UBT_000000021216_19	UniRef100_A0A0D1LJ50~K00384	99.1	316	3	0	1	316	1	316	4.60e-227	624
Deepurify_Bin_4ΩT1_UBT_000000006917_41	UniRef100_A0A0N7HAZ3~K19971	88.5	312	36	0	1	312	1	312	1.08e-204	567
Deepurify_Bin_4ΩT1_UBT_000000006917_23	UniRef100_A0A0N9YSU2~K03698	88.2	314	37	0	1	314	1	314	2.34e-202	561
Deepurify_Bin_2ΩT2_FOM_000000009452_12	UniRef100_B1MZG9~K11753	99.4	316	2	0	1	316	1	316	3.94e-228	627
Deepurify_Bin_2ΩT2_FOM_000000118331_8	UniRef100_B1MX85~K00645	99.1	316	3	0	1	316	1	316	1.45e-214	592
Deepurify_Bin_2ΩT2_FOM_000000080637_133	UniRef100_B1MVL4~K02793&K02794	99.4	316	2	0	1	316	1	316	7.00e-222	611
Deepurify_Bin_2ΩT2_FOM_000000018066_447	UniRef100_B1MY52~K01597	100	316	0	0	1	316	1	316	3.19e-218	602
Deepurify_Bin_0ΩT2_UBT_000000024751_6	UniRef100_A0A0D1LXT5~K02796	100	315	0	0	1	315	1	315	3.49e-226	622
Deepurify_Bin_0ΩT2_UBT_000000004111_7	UniRef100_A0A0D1LVX6~K02077	93.7	317	18	1	1	315	1	317	1.80e-208	577
Deepurify_Bin_0ΩT2_UBT_000000016425_9	UniRef100_A0A0N9YSM5~K07088	81.3	310	58	0	6	315	6	315	1.56e-174	491
Deepurify_Bin_0ΩT2_UBT_000000044357_37	UniRef100_A0A223XGJ8~K00058	38.6	308	180	3	14	315	13	317	6.38e-68	220
Deepurify_Bin_0ΩT2_UBT_000000026330_42	UniRef100_A0A0N9XXM0~K02371	99.4	315	2	0	1	315	1	315	5.95e-218	601
Deepurify_Bin_0ΩT2_UBT_000000026317_10	UniRef100_A0A0N9YSM5~K07088	98.4	315	5	0	1	315	1	315	2.38e-208	577
Deepurify_Bin_0ΩT2_UBT_000000024729_48	UniRef100_A0A0D1JKG8~K01239	99.7	315	1	0	1	315	1	315	2.99e-227	624
Deepurify_Bin_1ΩT2_UBT_000000045364_7	UniRef100_A0A0D1LXT5~K02796	96.2	315	12	0	1	315	1	315	1.20e-217	600
Deepurify_Bin_1ΩT2_UBT_000000061643_31	UniRef100_A0A0N9XXM0~K02371	96.8	315	10	0	1	315	1	315	5.23e-212	586
Deepurify_Bin_3ΩT1_FOM_000000025777_3	UniRef100_A0A1X0V8X6~K01597	74.0	315	80	1	1	315	6	318	2.04e-159	453
Deepurify_Bin_3ΩT1_FOM_000000012975_4	UniRef100_D5T2W2~K03471	70.7	307	84	1	15	315	1	307	9.58e-146	418
Deepurify_Bin_3ΩT1_FOM_000000004294_4	UniRef100_A0A1X0V922~K11753	67.9	312	100	0	1	312	3	314	1.79e-150	430
Deepurify_Bin_4ΩT1_UBT_000000021839_7	UniRef100_A0A0N9YL17~K03589	51.8	301	138	3	14	314	12	305	9.68e-92	281
Deepurify_Bin_4ΩT1_UBT_000000004016_31	UniRef100_A0A0N9XXM0~K02371	96.8	315	10	0	1	315	1	315	5.23e-212	586
Deepurify_Bin_2ΩT2_FOM_000000029022_43	UniRef100_G4L722~K00001	42.4	347	151	8	1	312	1	333	2.03e-70	227
Deepurify_Bin_2ΩT2_FOM_000000018066_407	UniRef100_D7CTE3~K02529	30.2	334	203	9	2	311	4	331	1.28e-24	107
Deepurify_Bin_0ΩT2_UBT_000000019873_13	UniRef100_A0A0D1LYQ9~K03438	98.7	314	4	0	1	314	1	314	5.51e-218	601
Deepurify_Bin_0ΩT2_UBT_000000040980_4	UniRef100_A0A142FT71~K00344	35.6	320	189	10	3	312	11	323	2.17e-38	144
Deepurify_Bin_0ΩT2_UBT_000000035055_3	UniRef100_A0A0N9YNQ3~K07223	98.4	314	5	0	1	314	1	314	1.26e-223	615
Deepurify_Bin_0ΩT2_UBT_000000018558_11	UniRef100_A0A0N9XYC8~K00926	99.7	314	1	0	1	314	1	314	2.73e-218	602
Deepurify_Bin_0ΩT2_UBT_000000004216_42	UniRef100_A0A0N7HAZ3~K19971	99.7	314	1	0	1	314	1	314	1.37e-227	625
Deepurify_Bin_0ΩT2_UBT_000000004216_5	UniRef100_A0A0N9XXC2~K00867	98.7	314	4	0	1	314	1	314	5.83e-229	629
Deepurify_Bin_0ΩT2_UBT_000000031606_104	UniRef100_A0A0D1LJF3~K11144	98.4	314	5	0	1	314	1	314	4.72e-219	603
Deepurify_Bin_0ΩT2_UBT_000000031606_94	UniRef100_A0A0D1K3Z0~K03217	99.7	314	1	0	1	314	1	314	3.90e-202	561
Deepurify_Bin_1ΩT2_UBT_000000061643_32	UniRef100_A0A0N9YW04~K00645	93.3	313	21	0	1	313	1	313	5.57e-204	565
Deepurify_Bin_1ΩT2_UBT_000000014623_4	UniRef100_A0A0N9YNQ3~K07223	88.2	314	37	0	1	314	1	314	1.59e-201	559
Deepurify_Bin_1ΩT2_UBT_000000071291_24	UniRef100_A0A0D1JKG8~K01239	77.7	314	70	0	1	314	2	315	1.23e-173	489
Deepurify_Bin_1ΩT2_UBT_000000026597_58	UniRef100_A0A0X8E1Y6~K07029	31.4	303	183	8	2	300	4	285	2.76e-27	114
Deepurify_Bin_1ΩT2_UBT_000000011286_53	UniRef100_A0A0D1JKG8~K01239	95.2	314	15	0	1	314	2	315	2.33e-217	599
Deepurify_Bin_1ΩT2_UBT_000000011170_63	UniRef100_A0A223XGJ8~K00058	35.6	317	194	4	5	314	4	317	3.48e-64	211
Deepurify_Bin_1ΩT2_UBT_000000009990_42	UniRef100_A0A142FT71~K00344	35.0	320	191	10	3	312	11	323	8.36e-38	142
Deepurify_Bin_1ΩT2_UBT_000000065998_5	UniRef100_A0A0N9XXC2~K00867	83.4	314	52	0	1	314	1	314	1.62e-194	541
Deepurify_Bin_3ΩT1_FOM_000000160532_3	UniRef100_A0A223XGJ8~K00058	40.5	321	180	4	1	314	1	317	1.50e-74	237
Deepurify_Bin_3ΩT1_FOM_000000149631_13	UniRef100_D5T1G8~K00058	87.2	313	40	0	1	313	1	313	2.31e-196	546
Deepurify_Bin_3ΩT1_FOM_000000086418_6	UniRef100_Q03Z55~K09762	82.5	314	55	0	1	314	1	314	2.48e-182	511
Deepurify_Bin_3ΩT1_FOM_000000075080_9	UniRef100_Q03ZM0~K03040	98.1	314	6	0	1	314	1	314	8.75e-215	593
Deepurify_Bin_3ΩT1_FOM_000000017376_6	UniRef100_A0A0H4QLW3~K01772	56.4	303	131	1	5	307	4	305	7.18e-120	352
Deepurify_Bin_4ΩT1_UBT_000000006312_7	UniRef100_A0A0D1LZ88~K03040	99.4	314	2	0	1	314	1	314	9.13e-217	598
Deepurify_Bin_4ΩT1_UBT_000000021839_13	UniRef100_A0A0D1LYQ9~K03438	95.2	314	15	0	1	314	1	314	3.27e-210	581
Deepurify_Bin_4ΩT1_UBT_000000004016_32	UniRef100_A0A0N9YW04~K00645	93.3	313	21	0	1	313	1	313	5.57e-204	565
Deepurify_Bin_4ΩT1_UBT_000000018545_24	UniRef100_A0A0D1JKG8~K01239	77.7	314	70	0	1	314	2	315	1.23e-173	489
Deepurify_Bin_4ΩT1_UBT_000000003991_22	UniRef100_A0A142FT71~K00344	35.0	320	191	10	3	312	11	323	8.36e-38	142
Deepurify_Bin_4ΩT1_UBT_000000014333_58	UniRef100_A0A0X8E1Y6~K07029	31.4	303	183	8	2	300	4	285	2.76e-27	114
Deepurify_Bin_4ΩT1_UBT_000000002880_53	UniRef100_A0A0D1JKG8~K01239	95.2	314	15	0	1	314	2	315	2.33e-217	599
Deepurify_Bin_4ΩT1_UBT_000000006917_5	UniRef100_A0A0N9XXC2~K00867	83.4	314	52	0	1	314	1	314	1.62e-194	541
Deepurify_Bin_2ΩT2_FOM_000000050145_39	UniRef100_B1MVZ0~K03040	100	314	0	0	1	314	1	314	3.98e-211	583
Deepurify_Bin_2ΩT2_FOM_000000008711_33	UniRef100_B1MXG8~K09762	100	314	0	0	1	314	1	314	4.05e-220	606
Deepurify_Bin_2ΩT2_FOM_000000038108_151	UniRef100_V8LSL0~K12999	60.5	304	117	2	12	313	5	307	2.56e-124	363
Deepurify_Bin_2ΩT2_FOM_000000018066_86	UniRef100_B1MZ61~K01878	99.4	314	2	0	1	314	1	314	5.42e-234	641
Deepurify_Bin_0ΩT2_UBT_000000045121_5	UniRef100_A0A0D1LVE4~K02015	99.7	313	1	0	1	313	1	313	5.01e-209	578
Deepurify_Bin_0ΩT2_UBT_000000026330_43	UniRef100_A0A0N9YW04~K00645	100	313	0	0	1	313	1	313	2.53e-218	602
Deepurify_Bin_0ΩT2_UBT_000000021322_8	UniRef100_A0A0D1KCL9~K07058	99.4	313	2	0	1	313	1	313	1.37e-206	572
Deepurify_Bin_0ΩT2_UBT_000000021629_40	UniRef100_A0A0N9YRA2~K11753	98.1	313	6	0	1	313	1	313	1.03e-217	600
Deepurify_Bin_0ΩT2_UBT_000000021629_13	UniRef100_A0A0X8E1Y6~K07029	30.0	300	191	8	2	300	4	285	1.93e-25	109
Deepurify_Bin_1ΩT2_UBT_000000020938_16	UniRef100_A0A0D1K3Z0~K03217	80.3	314	61	1	1	313	1	314	5.42e-165	467
Deepurify_Bin_1ΩT2_UBT_000000026597_31	UniRef100_A0A0N9YRA2~K11753	83.0	312	53	0	1	312	1	312	3.07e-187	523
Deepurify_Bin_1ΩT2_UBT_000000009990_48	UniRef100_A0A0N9XYC8~K00926	77.5	311	70	0	1	311	1	311	1.99e-167	473
Deepurify_Bin_3ΩT1_FOM_000000104779_6	UniRef100_B1MZ13~K09936	61.5	314	116	2	1	313	1	310	8.49e-128	372
Deepurify_Bin_4ΩT1_UBT_000000003991_28	UniRef100_A0A0N9XYC8~K00926	77.5	311	70	0	1	311	1	311	1.99e-167	473
Deepurify_Bin_4ΩT1_UBT_000000014333_31	UniRef100_A0A0N9YRA2~K11753	83.0	312	53	0	1	312	1	312	3.07e-187	523
Deepurify_Bin_2ΩT2_FOM_000000018066_545	UniRef100_B1MXV5~K03438	99.7	313	1	0	1	313	1	313	8.22e-224	615
Deepurify_Bin_2ΩT2_FOM_000000018066_50	UniRef100_A0A223XGJ8~K00058	40.4	317	180	4	3	313	4	317	2.31e-73	234
Deepurify_Bin_0ΩT2_UBT_000000027736_5	UniRef100_A0A0D1KC16~K02033	99.7	312	1	0	1	312	1	312	7.82e-217	598
Deepurify_Bin_0ΩT2_UBT_000000045121_17	UniRef100_A0A0N9XS33~K09936	99.7	312	1	0	1	312	1	312	6.88e-211	583
Deepurify_Bin_0ΩT2_UBT_000000018558_69	UniRef100_A0A0N9Y0Q0~K00852	99.7	312	1	0	1	312	2	313	2.13e-212	587
Deepurify_Bin_3ΩT1_FOM_000000157512_5	UniRef100_A0A1B1ZZJ4~K03438	88.7	309	35	0	3	311	4	312	3.04e-196	546
Deepurify_Bin_3ΩT1_FOM_000000147534_2	UniRef100_A0A1B2A024~K00645	73.2	310	83	0	1	310	1	310	4.27e-157	447
Deepurify_Bin_3ΩT1_FOM_000000062405_12	UniRef100_B1MZJ1~K06180	79.2	307	64	0	1	307	1	307	1.19e-180	506
Deepurify_Bin_3ΩT1_FOM_000000008989_6	UniRef100_K0DCY0~K00226	83.9	311	50	0	1	311	1	311	1.66e-188	526
Deepurify_Bin_3ΩT1_FOM_000000006674_8	UniRef100_K0DBV1~K07088	84.0	312	50	0	1	312	1	312	4.90e-177	497
Deepurify_Bin_2ΩT2_FOM_000000080637_225	UniRef100_B1MVV3~K00058	99.4	312	2	0	1	312	1	312	2.85e-219	604
Deepurify_Bin_0ΩT2_UBT_000000021322_78	UniRef100_A0A0D1M3B8~K01990	99.0	311	3	0	1	311	1	311	3.68e-210	581
Deepurify_Bin_0ΩT2_UBT_000000031606_87	UniRef100_A0A0N9YGL0~K00869	99.7	311	1	0	1	311	8	318	1.09e-215	595
Deepurify_Bin_1ΩT2_UBT_000000006722_17	UniRef100_A0A0N9XT96~K00791	80.5	307	60	0	5	311	1	307	6.70e-173	486
Deepurify_Bin_1ΩT2_UBT_000000013024_15	UniRef100_A0A0N9YGL0~K00869	83.6	311	51	0	1	311	8	318	2.43e-180	506
Deepurify_Bin_1ΩT2_UBT_000000071291_32	UniRef100_A0A0N9Y0Q0~K00852	76.3	308	73	0	1	308	2	309	1.69e-158	450
Deepurify_Bin_1ΩT2_UBT_000000039277_114	UniRef100_A0A0D1M3B8~K01990	81.0	311	59	0	1	311	1	311	3.66e-171	482
Deepurify_Bin_1ΩT2_UBT_000000065998_62	UniRef100_A0A075U0P5~K00226	70.6	310	91	0	1	310	1	310	7.76e-160	454
Deepurify_Bin_3ΩT1_FOM_000000038029_10	UniRef100_A0A0F7HNB5~K07029	31.1	309	178	12	6	306	6	287	2.13e-23	103
Deepurify_Bin_3ΩT1_FOM_000000001097_2	UniRef100_A0A1X0UVL3~K10823	91.3	311	27	0	1	311	1	311	1.13e-204	567
Deepurify_Bin_4ΩT1_UBT_000000000739_17	UniRef100_A0A0N9XT96~K00791	80.5	307	60	0	5	311	1	307	6.70e-173	486
Deepurify_Bin_4ΩT1_UBT_000000018545_32	UniRef100_A0A0N9Y0Q0~K00852	76.3	308	73	0	1	308	2	309	1.69e-158	450
Deepurify_Bin_4ΩT1_UBT_000000006917_62	UniRef100_A0A075U0P5~K00226	70.6	310	91	0	1	310	1	310	7.76e-160	454
Deepurify_Bin_2ΩT2_FOM_000000029022_65	UniRef100_B1MWT3~K10823	99.7	311	1	0	1	311	1	311	2.26e-220	607
Deepurify_Bin_2ΩT2_FOM_000000080637_203	UniRef100_B1MVT2~K02341	99.7	311	1	0	1	311	1	311	9.99e-224	615
Deepurify_Bin_0ΩT2_UBT_000000057182_1	UniRef100_A0A0D1K8A5~K02044	100	310	0	0	1	310	1	310	1.03e-165	468
Deepurify_Bin_0ΩT2_UBT_000000057284_7	UniRef100_A0A0N9XWW5~K00016	99.7	310	1	0	1	310	1	310	1.06e-213	590
Deepurify_Bin_0ΩT2_UBT_000000025704_13	UniRef100_A0A0N9YQV6~K21471	93.5	310	20	0	1	310	1	310	7.44e-182	509
Deepurify_Bin_0ΩT2_UBT_000000016372_5	UniRef100_A0A0N9YEC5~K01784	95.6	298	13	0	13	310	1	298	3.87e-204	565
Deepurify_Bin_0ΩT2_UBT_000000016425_44	UniRef100_A0A1U7Z5T8~K00028	37.7	308	169	4	2	292	49	350	1.37e-61	205
Deepurify_Bin_0ΩT2_UBT_000000026317_44	UniRef100_A0A1U7Z5T8~K00028	37.0	308	171	4	2	292	49	350	7.64e-61	203
Deepurify_Bin_0ΩT2_UBT_000000039885_20	UniRef100_A0A0N9YS48~K00016	99.4	310	2	0	1	310	1	310	7.81e-216	595
Deepurify_Bin_0ΩT2_UBT_000000018558_22	UniRef100_C7QAJ2~K02529	32.6	344	179	10	2	310	6	331	1.17e-29	121
Deepurify_Bin_1ΩT2_UBT_000000013024_8	UniRef100_A0A0N9YSQ0~K01190	62.7	308	115	0	1	308	1	308	3.75e-139	401
Deepurify_Bin_1ΩT2_UBT_000000041069_22	UniRef100_I6L8M3~K12999	53.4	307	140	3	5	310	4	308	4.38e-107	320
Deepurify_Bin_1ΩT2_UBT_000000009990_9	UniRef100_G0UI79~K02044	79.4	310	64	0	1	310	1	310	4.60e-169	477
Deepurify_Bin_3ΩT1_FOM_000000081935_4	UniRef100_K0DC22~K12700	78.8	307	65	0	1	307	1	307	1.32e-168	476
Deepurify_Bin_3ΩT1_FOM_000000046715_4	UniRef100_Q03WU4~K07533	77.0	300	69	0	1	300	1	300	1.81e-154	440
Deepurify_Bin_3ΩT1_FOM_000000025777_2	UniRef100_A0A1X0V8K8~K00869	87.4	310	39	0	1	310	1	310	8.38e-195	542
Deepurify_Bin_4ΩT1_UBT_000000004550_12	UniRef100_A0A0D1K6V0~K06023	95.8	310	13	0	1	310	1	310	8.73e-213	587
Deepurify_Bin_4ΩT1_UBT_000000021216_12	UniRef100_A0A0D1K6V0~K06023	100	310	0	0	1	310	1	310	5.13e-221	608
Deepurify_Bin_4ΩT1_UBT_000000019571_7	UniRef100_A0A0N9XWW5~K00016	89.7	310	32	0	1	310	1	310	1.52e-197	549
Deepurify_Bin_2ΩT2_FOM_000000018066_421	UniRef100_B1MY76~K00869	99.7	310	1	0	1	310	1	310	4.04e-218	601
Deepurify_Bin_2ΩT2_FOM_000000018066_130	UniRef100_B1MZ13~K09936	99.4	310	2	0	1	310	1	310	5.64e-209	578
Deepurify_Bin_0ΩT2_UBT_000000046529_3	UniRef100_A0A0N9YRG5~K02243	98.4	309	5	0	1	309	1	309	2.70e-211	583
Deepurify_Bin_0ΩT2_UBT_000000034542_69	UniRef100_B9DU32~K12999	55.5	308	134	3	1	307	2	307	1.17e-115	342
Deepurify_Bin_1ΩT2_UBT_000000065998_87	UniRef100_C6C7G4~K06145	33.1	314	189	8	4	298	8	319	4.08e-30	122
Deepurify_Bin_3ΩT1_FOM_000000018306_2	UniRef100_D5T2Y4~K00058	64.7	309	105	2	1	309	1	305	4.10e-131	380
Deepurify_Bin_4ΩT1_UBT_000000016898_14	UniRef100_A0A0D1LWS4~K01524	90.9	309	28	0	1	309	1	309	9.88e-198	549
Deepurify_Bin_4ΩT1_UBT_000000006917_87	UniRef100_C6C7G4~K06145	33.1	314	189	8	4	298	8	319	4.08e-30	122
Deepurify_Bin_2ΩT2_FOM_000000118331_27	UniRef100_B1MX66~K06889	99.4	309	2	0	1	309	1	309	5.84e-231	633
Deepurify_Bin_2ΩT2_FOM_000000018066_52	UniRef100_B1MZ95~K05814	99.0	309	3	0	1	309	1	309	9.04e-210	580
Deepurify_Bin_0ΩT2_UBT_000000021629_22	UniRef100_A0A0N9YS24~K15986	99.4	308	2	0	1	308	1	308	1.92e-215	594
Deepurify_Bin_1ΩT2_UBT_000000026597_51	UniRef100_A0A0N9YS24~K15986	97.1	308	9	0	1	308	1	308	2.05e-210	581
Deepurify_Bin_3ΩT1_FOM_000000134724_10	UniRef100_A0A1Y6JTF6~K00852	57.1	296	125	2	3	297	2	296	8.35e-114	337
Deepurify_Bin_3ΩT1_FOM_000000041814_1	UniRef100_A0A1S3XGC0~K01876	42.3	291	156	4	17	302	10	293	4.78e-69	222
Deepurify_Bin_4ΩT1_UBT_000000014333_51	UniRef100_A0A0N9YS24~K15986	97.1	308	9	0	1	308	1	308	2.05e-210	581
Deepurify_Bin_2ΩT2_FOM_000000035880_28	UniRef100_B1MXB1~K03471	98.4	308	5	0	1	308	1	308	4.51e-214	590
Deepurify_Bin_2ΩT2_FOM_000000035880_20	UniRef100_B1MXB9~K11144	99.7	308	1	0	1	308	1	308	1.51e-212	587
Deepurify_Bin_0ΩT2_UBT_000000025704_20	UniRef100_A0A0N9XT96~K00791	98.0	307	6	0	1	307	1	307	9.42e-211	582
Deepurify_Bin_0ΩT2_UBT_000000087819_66	UniRef100_A0A0D1LVE4~K02015	67.2	311	98	1	1	307	1	311	1.05e-139	402
Deepurify_Bin_0ΩT2_UBT_000000087819_5	UniRef100_A0A0D1LVE4~K02015	67.2	311	98	1	1	307	1	311	1.05e-139	402
Deepurify_Bin_1ΩT2_UBT_000000014387_25	UniRef100_A0A0N9Y003~K09936	89.6	307	32	0	1	307	1	307	3.85e-194	540
Deepurify_Bin_1ΩT2_UBT_000000011286_35	UniRef100_A0A0R2HI46~K03284	38.5	312	181	5	1	307	1	306	6.94e-56	189
Deepurify_Bin_3ΩT1_FOM_000000128291_16	UniRef100_A0A1X0V9Y4~K02037	91.5	307	26	0	1	307	1	307	4.57e-186	520
Deepurify_Bin_3ΩT1_FOM_000000094265_3	UniRef100_Q03ZB4~K01524	70.7	307	90	0	1	307	1	307	1.05e-147	422
Deepurify_Bin_4ΩT1_UBT_000000002880_35	UniRef100_A0A0R2HI46~K03284	38.5	312	181	5	1	307	1	306	6.94e-56	189
Deepurify_Bin_2ΩT2_FOM_000000009452_35	UniRef100_B1MZJ1~K06180	99.0	307	3	0	1	307	1	307	4.74e-220	605
Deepurify_Bin_2ΩT2_FOM_000000153740_13	UniRef100_A0A0R2HI46~K03284	37.8	304	185	4	6	307	5	306	1.38e-55	188
Deepurify_Bin_2ΩT2_FOM_000000038108_33	UniRef100_B1MZY2~K02037	100	307	0	0	1	307	1	307	4.59e-202	560
Deepurify_Bin_0ΩT2_UBT_000000019873_7	UniRef100_A0A0N9YL17~K03589	98.4	306	5	0	1	306	1	306	1.35e-214	592
Deepurify_Bin_0ΩT2_UBT_000000004216_58	UniRef100_A0A0D1K6Z3~K00852	100	306	0	0	1	306	1	306	7.67e-205	567
Deepurify_Bin_1ΩT2_UBT_000000026661_10	UniRef100_A0A0D1LTG2~K15581	100	306	0	0	1	306	1	306	1.04e-202	561
Deepurify_Bin_1ΩT2_UBT_000000001669_31	UniRef100_A0A0S3K6T9~K06607	61.4	293	113	0	14	306	18	310	1.01e-124	364
Deepurify_Bin_1ΩT2_UBT_000000071291_22	UniRef100_A0A0D1LTG2~K15581	94.8	306	16	0	1	306	1	306	1.30e-196	546
Deepurify_Bin_1ΩT2_UBT_000000026597_46	UniRef100_A0A0N7HAV1~K03733	86.2	304	42	0	3	306	2	305	2.46e-187	523
Deepurify_Bin_1ΩT2_UBT_000000065998_59	UniRef100_A0A0D1K6Z3~K00852	92.8	305	22	0	1	305	1	305	6.87e-192	534
Deepurify_Bin_3ΩT1_FOM_000000153174_1	UniRef100_A0A0R2HI46~K03284	38.5	301	172	6	13	307	13	306	9.18e-53	181
Deepurify_Bin_3ΩT1_FOM_000000086418_24	UniRef100_Q03VF6~K03217	80.8	307	56	2	1	306	1	305	2.62e-164	464
Deepurify_Bin_3ΩT1_FOM_000000081119_10	UniRef100_Q03YS6~K11144	72.9	314	76	2	1	305	1	314	6.39e-160	454
Deepurify_Bin_3ΩT1_FOM_000000049305_1	UniRef100_P12794~K09490	51.0	259	122	4	18	272	3	260	4.82e-67	216
Deepurify_Bin_4ΩT1_UBT_000000018109_24	UniRef100_A0A0N9Y4R4~K01250	85.9	306	42	1	1	306	1	305	7.38e-189	526
Deepurify_Bin_4ΩT1_UBT_000000018545_22	UniRef100_A0A0D1LTG2~K15581	94.8	306	16	0	1	306	1	306	1.30e-196	546
Deepurify_Bin_4ΩT1_UBT_000000014333_46	UniRef100_A0A0N7HAV1~K03733	86.2	304	42	0	3	306	2	305	2.46e-187	523
Deepurify_Bin_4ΩT1_UBT_000000006917_59	UniRef100_A0A0D1K6Z3~K00852	92.8	305	22	0	1	305	1	305	6.87e-192	534
Deepurify_Bin_2ΩT2_FOM_000000001535_14	UniRef100_B1MX18~K01524	100	306	0	0	1	306	1	306	2.61e-212	586
Deepurify_Bin_2ΩT2_FOM_000000035880_7	UniRef100_B1MXD2~K00058	100	306	0	0	1	306	1	306	9.10e-213	587
Deepurify_Bin_2ΩT2_FOM_000000040107_9	UniRef100_B1MWE1~K06180	99.7	306	1	0	1	306	1	306	5.80e-225	618
Deepurify_Bin_2ΩT2_FOM_000000018066_74	UniRef100_B1MZ73~K17828	99.0	306	3	0	1	306	1	306	2.29e-206	571
Deepurify_Bin_0ΩT2_UBT_000000027995_15	UniRef100_A0A0N9Y4R4~K01250	98.0	305	6	0	1	305	1	305	4.35e-215	593
Deepurify_Bin_0ΩT2_UBT_000000083495_50	UniRef100_A0A0D1JMZ8~K01259	99.0	305	3	0	1	305	1	305	1.49e-231	634
Deepurify_Bin_0ΩT2_UBT_000000083495_16	UniRef100_A0A0D1KCQ5~K12700	98.4	305	5	0	1	305	1	305	3.07e-215	593
Deepurify_Bin_0ΩT2_UBT_000000035055_41	UniRef100_A0A0D1JK34~K05847	99.0	305	3	0	1	305	1	305	4.00e-211	583
Deepurify_Bin_0ΩT2_UBT_000000021629_25	UniRef100_A0A0N7HAV1~K03733	98.4	305	5	0	1	305	1	305	4.87e-212	585
Deepurify_Bin_1ΩT2_UBT_000000020824_3	UniRef100_A0A0D1K842~K02037	100	305	0	0	1	305	1	305	8.28e-204	564
Deepurify_Bin_1ΩT2_UBT_000000061643_20	UniRef100_A0A0D1MCA9~K06180	95.4	302	14	0	1	302	1	302	1.06e-208	577
Deepurify_Bin_1ΩT2_UBT_000000071291_25	UniRef100_A0A1L6RD55~K12700	67.7	303	97	1	1	303	1	302	4.79e-145	416
Deepurify_Bin_1ΩT2_UBT_000000039277_16	UniRef100_A0A0D1KCQ5~K12700	78.8	302	63	1	1	302	1	301	1.91e-170	480
Deepurify_Bin_1ΩT2_UBT_000000065998_97	UniRef100_A0A0D1JMZ8~K01259	90.5	305	29	0	1	305	1	305	2.94e-213	588
Deepurify_Bin_3ΩT1_FOM_000000094265_7	UniRef100_D5T2M4~K16264	69.8	298	88	2	9	305	3	299	5.41e-143	410
Deepurify_Bin_3ΩT1_FOM_000000063874_26	UniRef100_A0A1X0V824~K15581	96.1	305	12	0	1	305	1	305	5.58e-202	560
Deepurify_Bin_4ΩT1_UBT_000000004016_20	UniRef100_A0A0D1MCA9~K06180	95.4	302	14	0	1	302	1	302	1.06e-208	577
Deepurify_Bin_4ΩT1_UBT_000000018109_20	UniRef100_A0A0D1K842~K02037	98.0	305	6	0	1	305	1	305	1.31e-200	556
Deepurify_Bin_4ΩT1_UBT_000000018545_25	UniRef100_A0A1L6RD55~K12700	67.7	303	97	1	1	303	1	302	4.79e-145	416
Deepurify_Bin_4ΩT1_UBT_000000006917_97	UniRef100_A0A0D1JMZ8~K01259	90.5	305	29	0	1	305	1	305	2.94e-213	588
Deepurify_Bin_2ΩT2_FOM_000000038108_74	UniRef100_B1MZU2~K00882	100	305	0	0	1	305	1	305	3.58e-214	590
Deepurify_Bin_0ΩT2_UBT_000000046529_17	UniRef100_A0A0N9YQI9~K06949	99.3	304	2	0	1	304	1	304	2.26e-221	608
Deepurify_Bin_0ΩT2_UBT_000000026330_31	UniRef100_A0A0D1MCA9~K06180	100	304	0	0	1	304	1	304	1.08e-219	604
Deepurify_Bin_0ΩT2_UBT_000000026317_17	UniRef100_A0A0N9XUV6~K00882	97.7	304	7	0	1	304	1	304	1.24e-209	579
Deepurify_Bin_0ΩT2_UBT_000000083495_44	UniRef100_A0A0D1JSE3~K05340	100	304	0	0	1	304	1	304	1.44e-208	576
Deepurify_Bin_1ΩT2_UBT_000000057430_7	UniRef100_B1MWM0~K01644	85.4	301	44	0	4	304	3	303	8.75e-180	503
Deepurify_Bin_1ΩT2_UBT_000000076338_43	UniRef100_A0A0N9YQI9~K06949	90.5	304	29	0	1	304	1	304	6.29e-203	562
Deepurify_Bin_1ΩT2_UBT_000000076338_4	UniRef100_A0A0N9YQI9~K06949	90.5	304	29	0	1	304	1	304	6.29e-203	562
Deepurify_Bin_1ΩT2_UBT_000000039277_121	UniRef100_A0A0D1JK34~K05847	74.2	302	76	2	1	302	4	303	1.76e-147	422
Deepurify_Bin_1ΩT2_UBT_000000039277_48	UniRef100_A0A0D1JSE3~K05340	91.8	304	25	0	1	304	1	304	1.33e-188	526
Deepurify_Bin_3ΩT1_FOM_000000079273_1	UniRef100_K0DEZ0~K06889	49.5	281	138	4	26	302	27	307	1.34e-89	275
Deepurify_Bin_3ΩT1_FOM_000000064759_4	UniRef100_A0A1X0V6X5~K09936	64.1	304	108	1	1	304	3	305	3.79e-130	378
Deepurify_Bin_3ΩT1_FOM_000000064667_12	UniRef100_D5T3B8~K00016	71.9	303	85	0	1	303	1	303	8.03e-153	435
Deepurify_Bin_3ΩT1_FOM_000000058500_5	UniRef100_Q03YC1~K00852	83.8	303	49	0	1	303	1	303	1.79e-172	485
Deepurify_Bin_4ΩT1_UBT_000000027144_21	UniRef100_A0A0N9YQI9~K06949	90.5	304	29	0	1	304	1	304	6.29e-203	562
Deepurify_Bin_2ΩT2_FOM_000000008711_16	UniRef100_B1MXI5~K03217	99.7	304	1	0	1	304	1	304	3.26e-205	568
Deepurify_Bin_2ΩT2_FOM_000000029022_62	UniRef100_B1MWT0~K15581	100	304	0	0	1	304	1	304	2.91e-208	575
Deepurify_Bin_2ΩT2_FOM_000000040107_35	UniRef100_B1MWB3~K00016	99.7	304	1	0	1	304	1	304	7.79e-213	587
Deepurify_Bin_2ΩT2_FOM_000000080637_131	UniRef100_B1MVL2~K02796	99.3	304	2	0	1	304	1	304	1.29e-211	584
Deepurify_Bin_2ΩT2_FOM_000000018066_588	UniRef100_B1MXR2~K13789	99.3	304	2	0	1	304	1	304	3.31e-214	590
Deepurify_Bin_2ΩT2_FOM_000000018066_518	UniRef100_B1MXY2~K00547	98.7	303	4	0	1	303	1	303	6.25e-221	607
Deepurify_Bin_2ΩT2_FOM_000000018066_434	UniRef100_B1MY65~K00852	99.3	304	2	0	1	304	11	314	4.71e-205	568
Deepurify_Bin_2ΩT2_FOM_000000018066_100	UniRef100_B1MZ47~K03733	99.7	304	1	0	1	304	1	304	9.22e-221	607
Deepurify_Bin_0ΩT2_UBT_000000087050_1	UniRef100_A0A0N9Y5J8~K01878	99.3	304	2	0	1	304	1	304	1.52e-222	612
Deepurify_Bin_0ΩT2_UBT_000000032422_30	UniRef100_A0A0N9YV57~K06180	99.7	303	1	0	1	303	1	303	1.26e-222	612
Deepurify_Bin_0ΩT2_UBT_000000045448_13	UniRef100_A0A0N9XZB7~K04763	100	303	0	0	1	303	1	303	4.23e-221	608
Deepurify_Bin_0ΩT2_UBT_000000083495_47	UniRef100_A0A0U1B499~K00001	31.3	332	194	6	1	301	2	330	7.02e-35	135
Deepurify_Bin_0ΩT2_UBT_000000021629_43	UniRef100_A0A0N7HAU9~K03177	95.7	303	13	0	1	303	1	303	3.43e-211	583
Deepurify_Bin_0ΩT2_UBT_000000034542_80	UniRef100_A0A0D1KKE9~K03686	100	303	0	0	1	303	1	303	5.58e-201	557
Deepurify_Bin_1ΩT2_UBT_000000006453_1	UniRef100_A0A0N9Y5J8~K01878	99.3	304	2	0	1	304	1	304	1.52e-222	612
Deepurify_Bin_1ΩT2_UBT_000000041069_17	UniRef100_A0A0D1KKE9~K03686	96.0	303	12	0	1	303	1	303	1.34e-192	536
Deepurify_Bin_1ΩT2_UBT_000000082767_13	UniRef100_A0A0N9XZB7~K04763	90.3	300	29	0	4	303	4	303	9.24e-200	554
Deepurify_Bin_1ΩT2_UBT_000000014387_46	UniRef100_A0A0N9YV57~K06180	96.4	303	11	0	1	303	1	303	5.30e-215	592
Deepurify_Bin_1ΩT2_UBT_000000026597_26	UniRef100_A0A0N7HAU9~K03177	85.8	303	43	0	1	303	1	303	3.36e-186	520
Deepurify_Bin_1ΩT2_UBT_000000039277_52	UniRef100_Q390T9~K00344	32.7	306	183	8	1	288	1	301	3.78e-26	111
Deepurify_Bin_4ΩT1_UBT_000000015948_1	UniRef100_A0A0N9Y5J8~K01878	99.3	304	2	0	1	304	1	304	1.52e-222	612
Deepurify_Bin_4ΩT1_UBT_000000004766_13	UniRef100_A0A0N9XZB7~K04763	90.3	300	29	0	4	303	4	303	9.24e-200	554
Deepurify_Bin_4ΩT1_UBT_000000014333_26	UniRef100_A0A0N7HAU9~K03177	85.8	303	43	0	1	303	1	303	3.36e-186	520
Deepurify_Bin_2ΩT2_FOM_000000029022_25	UniRef100_B1MWM0~K01644	99.7	303	1	0	1	303	1	303	2.70e-208	575
Deepurify_Bin_2ΩT2_FOM_000000038108_30	UniRef100_B1MZY5~K02040	99.7	303	1	0	1	303	1	303	5.21e-206	570
Deepurify_Bin_2ΩT2_FOM_000000018066_352	UniRef100_B1MYE3~K03595	99.7	303	1	0	1	303	1	303	2.25e-216	596
Deepurify_Bin_2ΩT2_FOM_000000018066_70	UniRef100_B1MZ77~K00609	99.7	303	1	0	1	303	1	303	3.33e-218	600
Deepurify_Bin_2ΩT2_FOM_000000018066_16	UniRef100_B1MZF2~K07533	99.7	303	1	0	1	303	1	303	2.89e-203	563
Deepurify_Bin_0ΩT2_UBT_000000087050_5	UniRef100_A0A0D1K5R8~K03595	100	302	0	0	1	302	1	302	1.78e-217	598
Deepurify_Bin_0ΩT2_UBT_000000040980_13	UniRef100_A0A0N7HAF8~K00033	99.7	302	1	0	1	302	1	302	1.26e-217	599
Deepurify_Bin_0ΩT2_UBT_000000083495_13	UniRef100_A0A0N9YQ52~K03497	100	302	0	0	1	302	1	302	3.64e-201	557
Deepurify_Bin_1ΩT2_UBT_000000006453_5	UniRef100_A0A0D1K5R8~K03595	97.7	302	7	0	1	302	1	302	6.40e-211	582
Deepurify_Bin_1ΩT2_UBT_000000009990_59	UniRef100_A0A0N7HAF8~K00033	96.4	302	11	0	1	302	1	302	7.47e-210	579
Deepurify_Bin_1ΩT2_UBT_000000039277_13	UniRef100_A0A0N9YQ52~K03497	91.7	302	25	0	1	302	1	302	2.44e-183	512
Deepurify_Bin_3ΩT1_FOM_000000128291_20	UniRef100_Q03YM2~K02040	86.1	302	42	0	1	302	1	302	1.41e-182	510
Deepurify_Bin_3ΩT1_FOM_000000103126_10	UniRef100_Q03ZA2~K03497	73.5	302	77	1	1	302	1	299	1.08e-146	419
Deepurify_Bin_3ΩT1_FOM_000000070293_14	UniRef100_Q03V28~K02115	94.4	302	17	0	1	302	1	302	8.75e-193	536
Deepurify_Bin_3ΩT1_FOM_000000062405_24	UniRef100_K0D6L3~K15986	81.5	302	55	1	1	302	1	301	6.94e-169	476
Deepurify_Bin_3ΩT1_FOM_000000025777_12	UniRef100_Q74JS5~K07011	37.4	297	178	6	2	292	4	298	1.25e-61	203
Deepurify_Bin_3ΩT1_FOM_000000015242_10	UniRef100_A0A1X0UZJ7~K00033	98.0	302	6	0	1	302	1	302	1.03e-216	597
Deepurify_Bin_3ΩT1_FOM_000000004294_5	UniRef100_A0A1B2A2A6~K03177	67.2	302	99	0	1	302	1	302	4.62e-144	413
Deepurify_Bin_4ΩT1_UBT_000000015948_5	UniRef100_A0A0D1K5R8~K03595	97.7	302	7	0	1	302	1	302	6.40e-211	582
Deepurify_Bin_2ΩT2_FOM_000000009452_13	UniRef100_B1MZH0~K03177	98.7	302	4	0	1	302	14	315	5.59e-215	593
Deepurify_Bin_2ΩT2_FOM_000000040107_63	UniRef100_B1MW86~K02115	100	302	0	0	1	302	1	302	3.96e-205	567
Deepurify_Bin_2ΩT2_FOM_000000018066_607	UniRef100_B1MXP3~K00033	100	302	0	0	1	302	1	302	2.64e-219	603
Deepurify_Bin_0ΩT2_UBT_000000003960_12	UniRef100_A0A0N9YW68~K00609	98.0	301	6	0	1	301	1	301	4.35e-213	587
Deepurify_Bin_0ΩT2_UBT_000000039885_40	UniRef100_A0A1P8RQQ5~K00344	31.8	333	188	9	1	300	1	327	4.53e-27	114
Deepurify_Bin_0ΩT2_UBT_000000018558_114	UniRef100_D5H2W2~K00845	34.6	292	171	8	5	290	2	279	8.71e-33	128
Deepurify_Bin_1ΩT2_UBT_000000057430_29	UniRef100_D5H2W2~K00845	36.3	292	166	8	5	290	2	279	3.47e-37	139
Deepurify_Bin_3ΩT1_FOM_000000049305_2	UniRef100_A0A1X0V8S4~K03686	90.4	302	25	2	1	301	1	299	2.34e-180	504
Deepurify_Bin_3ΩT1_FOM_000000035783_18	UniRef100_D5SZP3~K01990	98.3	301	5	0	1	301	6	306	2.78e-208	575
Deepurify_Bin_2ΩT2_FOM_000000001535_18	UniRef100_B1MX22~K16264	100	301	0	0	1	301	1	301	3.15e-206	570
Deepurify_Bin_2ΩT2_FOM_000000009452_24	UniRef100_B1MZI0~K15986	99.7	301	1	0	1	301	1	301	3.57e-212	585
Deepurify_Bin_2ΩT2_FOM_000000029022_37	UniRef100_A6M244~K00845	33.1	296	185	8	3	290	2	292	1.31e-37	141
Deepurify_Bin_2ΩT2_FOM_000000153740_63	UniRef100_B1MWF5~K01990	100	301	0	0	1	301	1	301	1.02e-211	584
Deepurify_Bin_2ΩT2_FOM_000000153740_61	UniRef100_B1MWF3~K01990	100	301	0	0	1	301	1	301	4.17e-211	582
Deepurify_Bin_2ΩT2_FOM_000000018066_555	UniRef100_B1MXU5~K06949	99.3	301	2	0	1	301	1	301	1.85e-214	591
Deepurify_Bin_0ΩT2_UBT_000000029014_5	UniRef100_A0A0D5WPK6~K18673	30.3	297	184	7	4	291	2	284	7.77e-33	128
Deepurify_Bin_0ΩT2_UBT_000000065368_10	UniRef100_A0A0A2GU06~K00344	32.0	331	188	10	1	299	1	326	1.65e-26	112
Deepurify_Bin_0ΩT2_UBT_000000044357_12	UniRef100_A0A0N9Y533~K05832	99.7	295	1	0	1	295	1	295	3.35e-182	509
Deepurify_Bin_0ΩT2_UBT_000000021322_69	UniRef100_I4D2Q0~K00845	30.3	317	186	7	1	288	1	311	1.48e-29	120
Deepurify_Bin_1ΩT2_UBT_000000014623_14	UniRef100_A0A0U1B499~K00001	34.7	334	175	8	1	297	2	329	1.28e-40	150
Deepurify_Bin_1ΩT2_UBT_000000071291_27	UniRef100_A0A1X0V6X5~K09936	36.7	308	179	6	1	299	3	303	8.61e-48	167
Deepurify_Bin_1ΩT2_UBT_000000011170_34	UniRef100_A0A0N9Y533~K05832	86.8	295	39	0	1	295	1	295	1.99e-167	472
Deepurify_Bin_3ΩT1_FOM_000000152060_13	UniRef100_A0A1X0V9K8~K03733	80.0	300	60	0	1	300	1	300	7.11e-175	491
Deepurify_Bin_3ΩT1_FOM_000000114406_4	UniRef100_K0D9G7~K06180	90.3	300	29	0	1	300	1	300	2.50e-207	573
Deepurify_Bin_3ΩT1_FOM_000000035783_16	UniRef100_Q040B8~K01990	79.7	300	61	0	1	300	1	300	1.42e-172	485
Deepurify_Bin_3ΩT1_FOM_000000016860_4	UniRef100_A0A1X0V6F2~K02341	66.0	300	102	0	1	300	1	300	6.85e-138	397
Deepurify_Bin_4ΩT1_UBT_000000003245_11	UniRef100_A0A0N9Y5Q1~K01990	82.8	296	51	0	1	296	1	296	3.28e-175	491
Deepurify_Bin_4ΩT1_UBT_000000001140_12	UniRef100_A0A1L6RDE8~K00609	74.6	299	76	0	1	299	1	299	5.96e-157	446
Deepurify_Bin_4ΩT1_UBT_000000018545_27	UniRef100_A0A1X0V6X5~K09936	36.7	308	179	6	1	299	3	303	8.61e-48	167
Deepurify_Bin_2ΩT2_FOM_000000036960_67	UniRef100_Q2W721~K00344	36.0	289	162	9	30	298	62	347	2.13e-34	134
Deepurify_Bin_2ΩT2_FOM_000000118331_61	UniRef100_B1MX32~K03497	99.3	300	2	0	1	300	1	300	2.19e-201	558
Deepurify_Bin_2ΩT2_FOM_000000038108_116	UniRef100_B1MZP7~K06180	100	300	0	0	1	300	1	300	1.95e-229	629
Deepurify_Bin_2ΩT2_FOM_000000018066_342	UniRef100_B1MYF8~K01448	99.3	300	2	0	1	300	1	300	4.90e-214	590
Deepurify_Bin_0ΩT2_UBT_000000034542_71	UniRef100_Q74JS5~K07011	39.8	299	165	7	2	291	6	298	8.89e-67	216
Deepurify_Bin_0ΩT2_UBT_000000018558_34	UniRef100_A0A0N9Y7S1~K02073	99.0	299	3	0	1	299	1	299	6.62e-207	572
Deepurify_Bin_3ΩT1_FOM_000000049116_18	UniRef100_B1MWB0~K05832	90.6	299	28	0	1	299	1	299	2.41e-177	497
Deepurify_Bin_3ΩT1_FOM_000000007765_1	UniRef100_K0CKF0~K02358	69.4	301	89	2	1	299	60	359	6.21e-150	430
Deepurify_Bin_2ΩT2_FOM_000000040107_38	UniRef100_B1MWB0~K05832	99.7	299	1	0	1	299	1	299	9.45e-191	531
Deepurify_Bin_2ΩT2_FOM_000000153740_43	UniRef100_J9YDX4~K01990	74.7	293	74	0	1	293	1	293	1.42e-152	434
Deepurify_Bin_0ΩT2_UBT_000000028765_9	UniRef100_A0A0D1LXK0~K02528	99.7	298	1	0	1	298	1	298	3.70e-208	575
Deepurify_Bin_0ΩT2_UBT_000000088698_11	UniRef100_A0A0N9Y5Q1~K01990	99.3	298	2	0	1	298	1	298	4.19e-214	590
Deepurify_Bin_0ΩT2_UBT_000000032789_22	UniRef100_J9YGG7~K02025	76.1	297	71	0	2	298	1	297	5.13e-169	476
Deepurify_Bin_0ΩT2_UBT_000000003960_22	UniRef100_A0A0N9YN05~K00075	99.3	298	2	0	1	298	1	298	1.10e-209	578
Deepurify_Bin_0ΩT2_UBT_000000034542_2	UniRef100_A0A0N7HAY9~K06180	97.0	298	9	0	1	298	1	298	8.82e-216	594
Deepurify_Bin_0ΩT2_UBT_000000004216_102	UniRef100_A0A0N9YTH1~K03799	100	298	0	0	1	298	1	298	1.83e-208	575
Deepurify_Bin_1ΩT2_UBT_000000001845_6	UniRef100_A0A0N7HB42~K03218	98.4	256	4	0	43	298	1	256	5.37e-175	489
Deepurify_Bin_1ΩT2_UBT_000000020635_21	UniRef100_A0A0N7HB42~K03218	94.1	255	15	0	44	298	2	256	3.69e-166	467
Deepurify_Bin_1ΩT2_UBT_000000034986_21	UniRef100_J9YGG7~K02025	76.8	298	68	1	1	298	1	297	4.40e-170	478
Deepurify_Bin_1ΩT2_UBT_000000076338_25	UniRef100_A0A0N9YRG5~K02243	61.3	297	115	0	2	298	3	299	1.05e-119	351
Deepurify_Bin_1ΩT2_UBT_000000076338_22	UniRef100_A0A0N9YRG5~K02243	61.3	297	115	0	2	298	3	299	1.05e-119	351
Deepurify_Bin_1ΩT2_UBT_000000065998_3	UniRef100_A0A0D1LY51~K16264	87.0	293	38	0	6	298	5	297	7.06e-183	511
Deepurify_Bin_3ΩT1_FOM_000000118623_4	UniRef100_Q03WM5~K04763	85.8	296	42	0	3	298	2	297	3.14e-186	519
Deepurify_Bin_3ΩT1_FOM_000000101154_15	UniRef100_A0A1B2A0S0~K02034	78.5	293	62	1	6	298	4	295	1.53e-158	449
Deepurify_Bin_3ΩT1_FOM_000000070293_37	UniRef100_J9YGG7~K02025	93.3	297	20	0	2	298	1	297	3.00e-200	555
Deepurify_Bin_3ΩT1_FOM_000000035783_10	UniRef100_A0A1X0V6X4~K06180	67.3	297	97	0	1	297	1	297	3.85e-143	410
Deepurify_Bin_4ΩT1_UBT_000000001149_5	UniRef100_A0A0D1LXK0~K02528	97.0	298	9	0	1	298	1	298	4.82e-204	564
Deepurify_Bin_4ΩT1_UBT_000000015629_21	UniRef100_A0A0N7HB42~K03218	94.1	255	15	0	44	298	2	256	3.69e-166	467
Deepurify_Bin_4ΩT1_UBT_000000027144_3	UniRef100_A0A0N9YRG5~K02243	61.3	297	115	0	2	298	3	299	1.05e-119	351
Deepurify_Bin_4ΩT1_UBT_000000018112_37	UniRef100_A0A0N7HAJ7~K07284	54.0	298	129	3	1	298	1	290	3.34e-104	311
Deepurify_Bin_4ΩT1_UBT_000000006917_3	UniRef100_A0A0D1LY51~K16264	87.0	293	38	0	6	298	5	297	7.06e-183	511
Deepurify_Bin_2ΩT2_FOM_000000080637_110	UniRef100_B1MVJ1~K04083	100	298	0	0	1	298	1	298	2.60e-208	575
Deepurify_Bin_2ΩT2_FOM_000000018066_389	UniRef100_B1MYA6~K04763	100	298	0	0	1	298	1	298	1.03e-214	591
Deepurify_Bin_0ΩT2_UBT_000000009241_4	UniRef100_A0A0D1LPK3~K06958	99.7	297	1	0	1	297	1	297	1.92e-214	590
Deepurify_Bin_0ΩT2_UBT_000000032422_5	UniRef100_A0A0D1LY51~K16264	99.7	297	1	0	1	297	1	297	8.76e-211	581
Deepurify_Bin_0ΩT2_UBT_000000021322_50	UniRef100_A0A0N9YPX0~K01990	99.3	297	2	0	1	297	1	297	8.40e-209	576
Deepurify_Bin_0ΩT2_UBT_000000021322_20	UniRef100_A0A0N9YPM8~K02548	98.3	297	5	0	1	297	1	297	9.00e-204	563
Deepurify_Bin_0ΩT2_UBT_000000034542_72	UniRef100_Q74JS5~K07011	33.9	301	178	7	4	292	7	298	5.03e-46	163
Deepurify_Bin_1ΩT2_UBT_000000060612_2	UniRef100_A0A0N7HAY9~K06180	78.5	297	64	0	1	297	1	297	8.85e-170	478
Deepurify_Bin_1ΩT2_UBT_000000020824_4	UniRef100_A0A0N9XYM0~K02038	99.7	296	1	0	2	297	1	296	2.19e-197	547
Deepurify_Bin_1ΩT2_UBT_000000014026_4	UniRef100_A0A0D1LPK3~K06958	92.3	297	23	0	1	297	1	297	2.76e-198	550
Deepurify_Bin_1ΩT2_UBT_000000079358_30	UniRef100_A0A0N7HAF9~K04083	88.6	297	34	0	1	297	1	297	6.49e-181	506
Deepurify_Bin_1ΩT2_UBT_000000001669_2	UniRef100_A0A0N7HAF9~K04083	99.3	297	2	0	1	297	1	297	7.40e-203	561
Deepurify_Bin_1ΩT2_UBT_000000039277_118	UniRef100_A0A0N9Y7S1~K02073	89.9	296	27	1	4	296	3	298	3.25e-186	519
Deepurify_Bin_1ΩT2_UBT_000000039277_83	UniRef100_A0A0N9YPM8~K02548	89.6	297	31	0	1	297	1	297	7.10e-185	516
Deepurify_Bin_1ΩT2_UBT_000000065998_121	UniRef100_A0A0N9YTH1~K03799	87.0	299	36	3	1	297	1	298	2.25e-179	502
Deepurify_Bin_3ΩT1_FOM_000000145965_12	UniRef100_D5T488~K04083	79.5	297	61	0	1	297	1	297	6.92e-167	470
Deepurify_Bin_3ΩT1_FOM_000000020217_10	UniRef100_Q74LJ0~K00845	42.5	285	157	3	2	283	3	283	3.23e-61	201
Deepurify_Bin_4ΩT1_UBT_000000003269_17	UniRef100_A0A0D1LPK3~K06958	92.3	297	23	0	1	297	1	297	2.76e-198	550
Deepurify_Bin_4ΩT1_UBT_000000001140_22	UniRef100_A0A0N9YN05~K00075	79.0	295	62	0	2	296	3	297	1.62e-165	467
Deepurify_Bin_4ΩT1_UBT_000000021238_34	UniRef100_A0A0N7HAF9~K04083	88.6	297	34	0	1	297	1	297	6.49e-181	506
Deepurify_Bin_4ΩT1_UBT_000000006917_120	UniRef100_A0A0N9YTH1~K03799	87.0	299	36	3	1	297	1	298	2.25e-179	502
Deepurify_Bin_2ΩT2_FOM_000000080637_4	UniRef100_B1N037~K01990	99.7	297	1	0	1	297	1	297	1.92e-214	590
Deepurify_Bin_0ΩT2_UBT_000000027736_3	UniRef100_A0A0N9Y076~K02031	98.6	296	4	0	1	296	1	296	6.56e-201	556
Deepurify_Bin_0ΩT2_UBT_000000057182_15	UniRef100_A0A0N9YTB6~K07058	99.3	296	2	0	1	296	1	296	3.05e-190	529
Deepurify_Bin_0ΩT2_UBT_000000003155_14	UniRef100_A0A0N9XV79~K01491	99.3	296	2	0	1	296	1	296	4.82e-203	561
Deepurify_Bin_0ΩT2_UBT_000000044674_5	UniRef100_A0A0N9XU38~K01448	99.7	296	1	0	1	296	1	296	1.15e-210	581
Deepurify_Bin_1ΩT2_UBT_000000041806_4	UniRef100_G0UFH4~K01624	58.4	293	118	1	1	289	1	293	1.90e-113	335
Deepurify_Bin_1ΩT2_UBT_000000001689_15	UniRef100_A0A0N9XV79~K01491	78.4	296	64	0	1	296	1	296	7.27e-159	450
Deepurify_Bin_1ΩT2_UBT_000000066925_6	UniRef100_A0A0N9XU38~K01448	73.4	293	78	0	1	293	1	293	3.62e-152	433
Deepurify_Bin_3ΩT1_FOM_000000152060_3	UniRef100_A0A1X0V971~K02687	64.1	295	106	0	1	295	1	295	7.83e-128	371
Deepurify_Bin_3ΩT1_FOM_000000145965_3	UniRef100_J9YFU6~K02548	80.7	295	57	0	2	296	1	295	5.97e-167	470
Deepurify_Bin_3ΩT1_FOM_000000075101_13	UniRef100_D5T200~K02077	71.1	294	82	2	1	294	1	291	5.93e-148	422
Deepurify_Bin_3ΩT1_FOM_000000028014_7	UniRef100_Q03W20~K06949	78.7	296	62	1	1	296	1	295	3.83e-163	461
Deepurify_Bin_4ΩT1_UBT_000000019564_14	UniRef100_A0A0N9XV79~K01491	78.4	296	64	0	1	296	1	296	7.27e-159	450
Deepurify_Bin_4ΩT1_UBT_000000018109_19	UniRef100_A0A0N9XYM0~K02038	95.9	296	12	0	1	296	1	296	2.15e-190	530
Deepurify_Bin_4ΩT1_UBT_000000021238_2	UniRef100_A0A0N9YTB6~K07058	83.1	295	50	0	1	295	1	295	1.14e-162	459
Deepurify_Bin_4ΩT1_UBT_000000007542_6	UniRef100_A0A0N9XU38~K01448	73.4	293	78	0	1	293	1	293	3.62e-152	433
Deepurify_Bin_2ΩT2_FOM_000000018066_482	UniRef100_B1MY16~K03799	100	296	0	0	1	296	1	296	3.11e-199	552
Deepurify_Bin_3ΩT1_FOM_000000101154_13	UniRef100_D0LES9~K00344	33.7	309	179	10	4	293	9	310	2.42e-33	130
Deepurify_Bin_3ΩT1_FOM_000000075101_11	UniRef100_A0A1X0V7Z6~K07258	61.6	268	103	0	28	295	32	299	1.86e-107	320
Deepurify_Bin_3ΩT1_FOM_000000038029_21	UniRef100_K0D941~K02528	76.9	295	68	0	1	295	1	295	1.58e-157	446
Deepurify_Bin_3ΩT1_FOM_000000008989_13	UniRef100_Q03X14~K03785	68.1	295	92	1	1	295	1	293	1.33e-139	401
Deepurify_Bin_2ΩT2_FOM_000000009452_8	UniRef100_B1MZG5~K03686	99.3	295	2	0	1	295	14	308	1.59e-206	571
Deepurify_Bin_2ΩT2_FOM_000000153740_66	UniRef100_B1MWF8~K02077	99.7	295	1	0	1	295	1	295	3.28e-205	567
Deepurify_Bin_2ΩT2_FOM_000000080637_123	UniRef100_B1MVK4~K02548	99.7	295	1	0	1	295	1	295	8.62e-201	556
Deepurify_Bin_2ΩT2_FOM_000000080637_46	UniRef100_B1N079~K02528	98.6	295	4	0	1	295	1	295	3.01e-201	557
Deepurify_Bin_2ΩT2_FOM_000000018066_278	UniRef100_B1MYL9~K02291	98.3	295	5	0	1	295	1	295	4.99e-200	554
Deepurify_Bin_0ΩT2_UBT_000000029014_14	UniRef100_A0A0D1K8M1~K02040	99.3	294	2	0	1	294	1	294	7.98e-201	556
Deepurify_Bin_3ΩT1_FOM_000000128291_15	UniRef100_A0A1X0VA20~K02038	94.6	294	16	0	1	294	1	294	2.40e-186	519
Deepurify_Bin_3ΩT1_FOM_000000038029_6	UniRef100_Q03VI2~K00791	63.3	294	108	0	1	294	1	294	2.15e-127	370
Deepurify_Bin_2ΩT2_FOM_000000040107_44	UniRef100_A0A1U9JN76~K04761	30.4	276	171	9	1	259	1	272	3.11e-21	97.8
Deepurify_Bin_2ΩT2_FOM_000000038108_34	UniRef100_B1MZY1~K02038	100	294	0	0	1	294	1	294	4.94e-195	541
Deepurify_Bin_2ΩT2_FOM_000000018066_632	UniRef100_B1MXL9~K00791	99.0	294	3	0	1	294	1	294	3.39e-202	559
Deepurify_Bin_2ΩT2_FOM_000000018066_360	UniRef100_B1MYD5~K03785	98.3	294	5	0	1	294	1	294	1.13e-200	555
Deepurify_Bin_0ΩT2_UBT_000000006030_23	UniRef100_A0A0D1LT19~K02034	99.3	293	2	0	1	293	1	293	2.76e-196	544
Deepurify_Bin_0ΩT2_UBT_000000021629_24	UniRef100_A0A0D6ZIV8~K01785	43.9	294	160	4	1	292	1	291	9.74e-79	246
Deepurify_Bin_1ΩT2_UBT_000000026597_47	UniRef100_A0A0D6ZIV8~K01785	40.8	292	172	1	1	292	1	291	3.15e-77	243
Deepurify_Bin_3ΩT1_FOM_000000153174_13	UniRef100_J9YDX4~K01990	70.3	293	87	0	1	293	1	293	1.52e-143	411
Deepurify_Bin_3ΩT1_FOM_000000128291_17	UniRef100_Q03YL9~K02040	81.9	293	53	0	1	293	1	293	6.68e-165	465
Deepurify_Bin_4ΩT1_UBT_000000002201_27	UniRef100_C8WW07~K00074	56.4	296	126	1	1	293	1	296	3.79e-113	334
Deepurify_Bin_4ΩT1_UBT_000000014333_47	UniRef100_A0A0D6ZIV8~K01785	40.8	292	172	1	1	292	1	291	3.15e-77	243
Deepurify_Bin_2ΩT2_FOM_000000118331_22	UniRef100_B1MX71~K15051	99.0	293	3	0	1	293	1	293	4.71e-213	587
Deepurify_Bin_2ΩT2_FOM_000000153740_72	UniRef100_A0A172ZCT9~K01066	35.4	263	160	7	35	293	39	295	1.25e-34	133
Deepurify_Bin_2ΩT2_FOM_000000038108_32	UniRef100_B1MZY3~K02040	99.7	293	1	0	1	293	1	293	3.27e-204	564
Deepurify_Bin_2ΩT2_FOM_000000080637_169	UniRef100_B1MVQ0~K00651	98.0	293	6	0	1	293	1	293	4.91e-215	592
Deepurify_Bin_2ΩT2_FOM_000000018066_390	UniRef100_B1MYA5~K00243	99.7	293	1	0	1	293	1	293	3.71e-210	579
Deepurify_Bin_1ΩT2_UBT_000000024381_4	UniRef100_A0A1U9K3M4~K09681	31.5	248	165	2	1	246	1	245	4.79e-34	131
Deepurify_Bin_1ΩT2_UBT_000000031997_8	UniRef100_A0A0D1LT19~K02034	88.0	291	35	0	1	291	1	291	9.86e-176	492
Deepurify_Bin_1ΩT2_UBT_000000026597_42	UniRef100_A0A0N9XYW2~K14540	94.1	290	17	0	1	290	1	290	5.00e-198	548
Deepurify_Bin_1ΩT2_UBT_000000039277_59	UniRef100_A0A0D1LZX8~K00847	91.8	292	24	0	1	292	1	292	3.54e-203	561
Deepurify_Bin_1ΩT2_UBT_000000065998_103	UniRef100_A0A0N9YTE6~K01714	78.4	287	62	0	1	287	1	287	1.27e-156	444
Deepurify_Bin_3ΩT1_FOM_000000079273_7	UniRef100_A0A1X0V9N5~K01776	63.4	290	106	0	1	290	1	290	5.06e-124	361
Deepurify_Bin_3ΩT1_FOM_000000006674_4	UniRef100_A0A1X0VA08~K01997	96.6	292	10	0	1	292	1	292	1.84e-189	527
Deepurify_Bin_4ΩT1_UBT_000000014333_42	UniRef100_A0A0N9XYW2~K14540	94.1	290	17	0	1	290	1	290	5.00e-198	548
Deepurify_Bin_4ΩT1_UBT_000000006917_103	UniRef100_A0A0N9YTE6~K01714	78.4	287	62	0	1	287	1	287	1.27e-156	444
Deepurify_Bin_2ΩT2_FOM_000000025112_8	UniRef100_B1N021~K00075	99.3	292	2	0	1	292	1	292	1.83e-205	567
Deepurify_Bin_2ΩT2_FOM_000000018066_523	UniRef100_B1MXX7~K01997	99.7	292	1	0	1	292	1	292	2.01e-193	537
Deepurify_Bin_2ΩT2_FOM_000000018066_101	UniRef100_A0A0D6ZIV8~K01785	39.4	289	172	3	4	291	5	291	5.25e-70	224
Deepurify_Bin_2ΩT2_FOM_000000018066_92	UniRef100_B1MZ55~K02687	98.6	292	4	0	1	292	1	292	2.86e-193	536
Deepurify_Bin_0ΩT2_UBT_000000046295_8	UniRef100_A0A0D1M729~K07056	99.3	291	2	0	1	291	1	291	1.81e-200	555
Deepurify_Bin_0ΩT2_UBT_000000032422_14	UniRef100_L0EF79~K21755	30.0	270	172	7	1	262	1	261	2.93e-21	97.4
Deepurify_Bin_0ΩT2_UBT_000000045448_14	UniRef100_A0A0N7HAX2~K00243	99.7	291	1	0	1	291	1	291	7.49e-209	576
Deepurify_Bin_1ΩT2_UBT_000000031065_6	UniRef100_A0A0N9YQV6~K21471	48.6	311	139	4	1	291	1	310	3.22e-71	228
Deepurify_Bin_1ΩT2_UBT_000000024690_7	UniRef100_F5XP22~K19267	30.5	279	165	10	1	268	1	261	2.30e-12	72.4
Deepurify_Bin_1ΩT2_UBT_000000082767_14	UniRef100_A0A0N7HAX2~K00243	95.2	291	14	0	1	291	1	291	3.14e-201	556
Deepurify_Bin_1ΩT2_UBT_000000038068_48	UniRef100_A0A0D1K8M1~K02040	82.1	291	51	1	2	291	3	293	7.45e-164	462
Deepurify_Bin_3ΩT1_FOM_000000128291_8	UniRef100_A0A1X0V9P4~K00963	97.3	291	8	0	1	291	1	291	1.56e-201	557
Deepurify_Bin_3ΩT1_FOM_000000002158_2	UniRef100_Q03WX6~K02357	94.2	291	17	0	1	291	1	291	1.07e-176	494
Deepurify_Bin_4ΩT1_UBT_000000012076_6	UniRef100_A0A0N9YQV6~K21471	48.6	311	139	4	1	291	1	310	3.22e-71	228
Deepurify_Bin_4ΩT1_UBT_000000007014_13	UniRef100_A0A0D1M729~K07056	92.8	291	21	0	1	291	1	291	1.99e-188	524
Deepurify_Bin_4ΩT1_UBT_000000004550_14	UniRef100_A0A0D1LPE6~K00963	99.7	291	1	0	1	291	1	291	2.06e-206	570
Deepurify_Bin_4ΩT1_UBT_000000021216_14	UniRef100_A0A0D1LPE6~K00963	100	291	0	0	1	291	1	291	7.18e-207	571
Deepurify_Bin_4ΩT1_UBT_000000004766_14	UniRef100_A0A0N7HAX2~K00243	95.2	291	14	0	1	291	1	291	3.14e-201	556
Deepurify_Bin_4ΩT1_UBT_000000024370_48	UniRef100_A0A0D1K8M1~K02040	82.1	291	51	1	2	291	3	293	7.45e-164	462
Deepurify_Bin_2ΩT2_FOM_000000038108_136	UniRef100_B1MZM8~K01714	99.3	291	2	0	1	291	1	291	6.89e-205	566
Deepurify_Bin_2ΩT2_FOM_000000080637_202	UniRef100_B1MVT1~K07056	100	291	0	0	1	291	1	291	1.19e-205	568
Deepurify_Bin_2ΩT2_FOM_000000018066_348	UniRef100_B1MYF2~K00872	99.3	291	2	0	1	291	1	291	7.18e-207	571
Deepurify_Bin_2ΩT2_FOM_000000018066_281	UniRef100_A0A0F6YJZ0~K00059	37.9	248	146	5	46	290	4	246	1.20e-39	144
Deepurify_Bin_2ΩT2_FOM_000000018066_83	UniRef100_B1MZ64~K02357	100	291	0	0	1	291	1	291	1.46e-190	530
Deepurify_Bin_0ΩT2_UBT_000000008485_4	UniRef100_A0A1U9K3M4~K09681	31.6	291	193	4	1	288	1	288	7.92e-36	136
Deepurify_Bin_0ΩT2_UBT_000000045121_6	UniRef100_A0A0N9XS21~K02016	99.0	290	3	0	1	290	1	290	3.54e-202	559
Deepurify_Bin_0ΩT2_UBT_000000039885_6	UniRef100_A0A0N9YV52~K00847	100	290	0	0	1	290	1	290	5.53e-215	591
Deepurify_Bin_0ΩT2_UBT_000000021629_29	UniRef100_A0A0N9XYW2~K14540	100	290	0	0	1	290	1	290	3.58e-211	582
Deepurify_Bin_1ΩT2_UBT_000000020824_2	UniRef100_A0A0D1M2V1~K02040	99.7	290	1	0	1	290	1	290	1.29e-204	565
Deepurify_Bin_1ΩT2_UBT_000000079358_9	UniRef100_A0A0H3H1Y6~K02761	36.2	257	158	6	9	264	1	252	2.13e-39	144
Deepurify_Bin_3ΩT1_FOM_000000157512_39	UniRef100_A0A1X0V8Q1~K08974	81.3	278	52	0	13	290	1	278	6.72e-156	441
Deepurify_Bin_3ΩT1_FOM_000000154240_14	UniRef100_B1MX71~K15051	77.1	293	64	1	1	290	1	293	1.20e-164	464
Deepurify_Bin_3ΩT1_FOM_000000039059_9	UniRef100_K0DCG3~K00651	61.3	292	111	1	1	290	1	292	3.29e-129	374
Deepurify_Bin_4ΩT1_UBT_000000018109_21	UniRef100_A0A0D1M2V1~K02040	84.8	290	44	0	1	290	1	290	2.60e-172	483
Deepurify_Bin_4ΩT1_UBT_000000021238_13	UniRef100_A0A0H3H1Y6~K02761	36.2	257	158	6	9	264	1	252	2.13e-39	144
Deepurify_Bin_2ΩT2_FOM_000000038108_41	UniRef100_B1MZX4~K00963	100	290	0	0	1	290	1	290	3.85e-206	569
Deepurify_Bin_2ΩT2_FOM_000000080637_97	UniRef100_B1N0D0~K01990	99.3	290	2	0	1	290	1	290	5.46e-206	568
Deepurify_Bin_2ΩT2_FOM_000000018066_146	UniRef100_B1MYZ5~K00973	99.3	290	2	0	1	290	1	290	1.57e-205	567
Deepurify_Bin_2ΩT2_FOM_000000018066_10	UniRef100_B1MZF8~K05786	97.9	290	6	0	1	290	1	290	4.50e-193	536
Deepurify_Bin_0ΩT2_UBT_000000019873_18	UniRef100_C4XW29~K00873	44.6	276	142	4	6	271	2	276	2.36e-60	199
Deepurify_Bin_0ΩT2_UBT_000000009241_23	UniRef100_V5XRJ4~K06221	66.8	286	92	2	1	286	1	283	9.25e-135	388
Deepurify_Bin_0ΩT2_UBT_000000088698_21	UniRef100_A0A0N9YRN0~K00088	98.3	289	5	0	1	289	1	289	1.99e-187	521
Deepurify_Bin_0ΩT2_UBT_000000032422_12	UniRef100_I4F599~K06221	40.4	275	151	4	7	280	6	268	3.17e-63	206
Deepurify_Bin_0ΩT2_UBT_000000044674_25	UniRef100_Q5FKN6~K02761	37.2	266	153	5	9	273	1	253	3.58e-47	164
Deepurify_Bin_0ΩT2_UBT_000000006030_9	UniRef100_A0A0N9XWL5~K00020	98.3	289	5	0	1	289	1	289	6.60e-202	558
Deepurify_Bin_0ΩT2_UBT_000000087819_65	UniRef100_A0A0N9XS21~K02016	67.2	287	94	0	1	287	1	287	5.96e-129	374
Deepurify_Bin_0ΩT2_UBT_000000087819_6	UniRef100_A0A0N9XS21~K02016	67.2	287	94	0	1	287	1	287	5.96e-129	374
Deepurify_Bin_1ΩT2_UBT_000000014387_19	UniRef100_I4F599~K06221	39.3	275	154	5	7	280	6	268	8.07e-61	200
Deepurify_Bin_3ΩT1_FOM_000000094040_5	UniRef100_Q03YE2~K01714	76.0	287	69	0	1	287	1	287	3.58e-153	435
Deepurify_Bin_3ΩT1_FOM_000000016860_3	UniRef100_A0A1X0V691~K07056	80.2	288	57	0	1	288	1	288	7.79e-162	457
Deepurify_Bin_3ΩT1_FOM_000000008989_2	UniRef100_K0D7D3~K04096	65.1	289	100	1	1	289	1	288	1.30e-127	370
Deepurify_Bin_4ΩT1_UBT_000000021839_18	UniRef100_C4XW29~K00873	44.6	276	142	4	6	271	2	276	2.36e-60	199
Deepurify_Bin_2ΩT2_FOM_000000038108_59	UniRef100_B1MZV7~K01776	99.0	289	3	0	1	289	1	289	4.15e-205	566
Deepurify_Bin_2ΩT2_FOM_000000018066_339	UniRef100_B1MYG1~K04096	99.7	289	1	0	1	289	1	289	1.33e-201	557
Deepurify_Bin_0ΩT2_UBT_000000024631_4	UniRef100_A0A0D1LF45~K16787	99.3	288	2	0	1	288	1	288	5.46e-205	566
Deepurify_Bin_0ΩT2_UBT_000000021629_27	UniRef100_A0A0N9YRB0~K04096	93.1	288	20	0	1	288	1	288	2.73e-189	526
Deepurify_Bin_0ΩT2_UBT_000000004216_115	UniRef100_Q3K8X9~K09458	45.8	288	153	2	1	285	8	295	2.56e-77	243
Deepurify_Bin_0ΩT2_UBT_000000004216_82	UniRef100_A0A0N9YTE6~K01714	98.3	288	5	0	1	288	1	288	6.83e-199	550
Deepurify_Bin_1ΩT2_UBT_000000065998_135	UniRef100_Q3K8X9~K09458	45.5	288	154	2	1	285	8	295	2.56e-77	243
Deepurify_Bin_3ΩT1_FOM_000000153174_8	UniRef100_A0A1X0UVK2~K00020	80.1	286	57	0	1	286	1	286	1.04e-163	461
Deepurify_Bin_3ΩT1_FOM_000000063874_22	UniRef100_A0A1X0V7Q7~K10039	94.8	288	15	0	1	288	1	288	3.11e-195	541
Deepurify_Bin_4ΩT1_UBT_000000003245_22	UniRef100_A0A0N9YRN0~K00088	72.6	285	78	0	3	287	4	288	5.04e-132	381
Deepurify_Bin_4ΩT1_UBT_000000006917_134	UniRef100_Q3K8X9~K09458	45.5	288	154	2	1	285	8	295	2.56e-77	243
Deepurify_Bin_2ΩT2_FOM_000000006232_3	UniRef100_A0A1X0UVK2~K00020	80.1	286	57	0	1	286	1	286	1.04e-163	461
Deepurify_Bin_2ΩT2_FOM_000000029022_58	UniRef100_B1MWQ6~K10039	99.0	288	3	0	1	288	1	288	2.13e-202	559
Deepurify_Bin_2ΩT2_FOM_000000080637_173	UniRef100_J9YEP2~K04771	69.6	289	87	1	1	288	1	289	3.22e-135	389
Deepurify_Bin_2ΩT2_FOM_000000080637_62	UniRef100_B1N095~K07058	99.3	288	2	0	1	288	5	292	1.47e-194	540
Deepurify_Bin_0ΩT2_UBT_000000003155_11	UniRef100_A0A0N9YF79~K13789	99.3	287	2	0	1	287	1	287	1.22e-196	545
Deepurify_Bin_1ΩT2_UBT_000000001689_12	UniRef100_A0A0N9YF79~K13789	84.0	287	46	0	1	287	1	287	2.10e-165	466
Deepurify_Bin_1ΩT2_UBT_000000036495_24	UniRef100_A0A0D1LET2~K02493	99.3	287	2	0	1	287	1	287	9.11e-208	573
Deepurify_Bin_3ΩT1_FOM_000000131407_10	UniRef100_A0A1U8L0N1~K01876	45.5	290	150	5	1	283	72	360	3.02e-74	237
Deepurify_Bin_3ΩT1_FOM_000000118623_3	UniRef100_A0A1B1ZZ31~K00243	87.4	286	36	0	2	287	3	288	8.29e-185	515
Deepurify_Bin_3ΩT1_FOM_000000075101_21	UniRef100_D7H557~K06221	49.1	271	124	3	7	274	24	283	4.31e-80	249
Deepurify_Bin_3ΩT1_FOM_000000026211_15	UniRef100_D7D9C1~K22205	33.0	285	174	7	1	285	1	268	6.87e-37	138
Deepurify_Bin_4ΩT1_UBT_000000019564_11	UniRef100_A0A0N9YF79~K13789	84.0	287	46	0	1	287	1	287	2.10e-165	466
Deepurify_Bin_4ΩT1_UBT_000000006101_20	UniRef100_A0A0D1LET2~K02493	99.3	287	2	0	1	287	1	287	9.11e-208	573
Deepurify_Bin_4ΩT1_UBT_000000018112_8	UniRef100_A0A0D1LET2~K02493	92.0	287	23	0	1	287	1	287	1.31e-191	532
Deepurify_Bin_2ΩT2_FOM_000000153740_50	UniRef100_B1MW56~K00020	100	287	0	0	1	287	1	287	5.90e-204	563
Deepurify_Bin_1ΩT2_UBT_000000059045_6	UniRef100_A0A0N9Y348~K00824	97.2	286	8	0	1	286	1	286	1.23e-200	555
Deepurify_Bin_3ΩT1_FOM_000000149631_5	UniRef100_Q03YW1~K07058	76.2	286	68	0	1	286	1	286	2.43e-152	432
Deepurify_Bin_3ΩT1_FOM_000000104177_2	UniRef100_J9YGD7~K02795	90.2	286	28	0	1	286	1	286	4.94e-175	490
Deepurify_Bin_3ΩT1_FOM_000000039059_14	UniRef100_J9YEP2~K04771	68.1	288	88	2	3	286	2	289	4.90e-115	338
Deepurify_Bin_3ΩT1_FOM_000000039059_5	UniRef100_K0DB95~K02073	79.6	284	58	0	1	284	1	284	2.22e-157	445
Deepurify_Bin_3ΩT1_FOM_000000016194_1	UniRef100_K0N8X1~K00965	53.6	261	120	1	22	282	2	261	2.53e-96	290
Deepurify_Bin_4ΩT1_UBT_000000002201_3	UniRef100_A0A0N9Y348~K00824	69.6	286	87	0	1	286	1	286	6.64e-143	409
Deepurify_Bin_2ΩT2_FOM_000000153740_65	UniRef100_A0A124HJQ1~K06221	50.4	272	124	2	1	272	1	261	1.68e-82	255
Deepurify_Bin_0ΩT2_UBT_000000022455_9	UniRef100_A0A0D1LTF2~K00919	99.3	285	2	0	1	285	1	285	9.37e-200	552
Deepurify_Bin_0ΩT2_UBT_000000039885_31	UniRef100_Q839U7~K02342	49.8	285	136	3	2	285	7	285	2.76e-79	247
Deepurify_Bin_0ΩT2_UBT_000000021322_33	UniRef100_G2NS04~K06221	48.2	274	135	3	11	284	8	274	3.62e-84	259
Deepurify_Bin_1ΩT2_UBT_000000020635_18	UniRef100_A0A0N9YQL5~K02073	79.1	249	51	1	36	284	36	283	1.87e-132	382
Deepurify_Bin_1ΩT2_UBT_000000071291_7	UniRef100_A0A0D1LTF2~K00919	90.9	285	26	0	1	285	1	285	5.46e-183	510
Deepurify_Bin_1ΩT2_UBT_000000026597_44	UniRef100_A0A0N9YRB0~K04096	51.2	281	137	0	1	281	1	281	2.11e-96	291
Deepurify_Bin_1ΩT2_UBT_000000039277_93	UniRef100_A0A1S6IDZ3~K06221	46.4	267	136	2	9	275	5	264	1.35e-81	253
Deepurify_Bin_3ΩT1_FOM_000000136944_9	UniRef100_C2KL46~K03570	91.6	285	24	0	1	285	10	294	5.45e-176	493
Deepurify_Bin_3ΩT1_FOM_000000075080_4	UniRef100_Q03ZL5~K16787	76.5	285	67	0	1	285	1	285	1.01e-155	441
Deepurify_Bin_3ΩT1_FOM_000000008989_8	UniRef100_A0A1X0V9E5~K01448	74.6	287	71	1	1	285	1	287	6.60e-150	426
Deepurify_Bin_4ΩT1_UBT_000000015629_18	UniRef100_A0A0N9YQL5~K02073	79.1	249	51	1	36	284	36	283	1.87e-132	382
Deepurify_Bin_4ΩT1_UBT_000000004550_22	UniRef100_A0A1X4JMK7~K01803	84.0	262	42	0	24	285	4	265	6.65e-154	436
Deepurify_Bin_4ΩT1_UBT_000000018545_7	UniRef100_A0A0D1LTF2~K00919	90.9	285	26	0	1	285	1	285	5.46e-183	510
Deepurify_Bin_4ΩT1_UBT_000000014333_44	UniRef100_A0A0N9YRB0~K04096	51.2	281	137	0	1	281	1	281	2.11e-96	291
Deepurify_Bin_2ΩT2_FOM_000000050145_44	UniRef100_B1MVY5~K16787	98.9	285	3	0	1	285	1	285	2.21e-198	549
Deepurify_Bin_2ΩT2_FOM_000000038108_18	UniRef100_B1MZZ7~K03570	100	285	0	0	1	285	1	285	3.92e-192	533
Deepurify_Bin_2ΩT2_FOM_000000018066_335	UniRef100_B1MYG5~K02795	99.6	285	1	0	1	285	1	285	4.09e-194	538
Deepurify_Bin_0ΩT2_UBT_000000041089_7	UniRef100_A0A0D1LQ57~K06221	98.6	284	4	0	1	284	13	296	2.09e-203	562
Deepurify_Bin_0ΩT2_UBT_000000024729_45	UniRef100_A0A0D1M1D4~K09685	100	284	0	0	1	284	1	284	3.39e-197	546
Deepurify_Bin_0ΩT2_UBT_000000004216_90	UniRef100_A0A0D1LQB3~K00872	97.9	284	6	0	1	284	1	284	1.72e-190	529
Deepurify_Bin_0ΩT2_UBT_000000031606_2	UniRef100_A0A0D1JDU6~K01963	99.6	284	1	0	1	284	1	284	1.63e-204	564
Deepurify_Bin_1ΩT2_UBT_000000001845_3	UniRef100_A0A0N9YQL5~K02073	98.2	284	5	0	1	284	1	284	2.01e-189	526
Deepurify_Bin_1ΩT2_UBT_000000024381_10	UniRef100_A0A0D1LQ57~K06221	87.7	284	35	0	1	284	13	296	1.93e-183	511
Deepurify_Bin_1ΩT2_UBT_000000011286_50	UniRef100_A0A0D1M1D4~K09685	96.1	284	11	0	1	284	1	284	1.41e-189	526
Deepurify_Bin_1ΩT2_UBT_000000065998_111	UniRef100_A0A0D1LQB3~K00872	77.0	283	65	0	1	283	1	283	3.13e-147	419
Deepurify_Bin_3ΩT1_FOM_000000070293_46	UniRef100_B1MWY5~K07090	76.0	275	66	0	10	284	1	275	1.77e-137	394
Deepurify_Bin_3ΩT1_FOM_000000049116_8	UniRef100_D5T3E5~K06153	81.4	280	52	0	1	280	1	280	1.31e-159	451
Deepurify_Bin_4ΩT1_UBT_000000002880_50	UniRef100_A0A0D1M1D4~K09685	96.1	284	11	0	1	284	1	284	1.41e-189	526
Deepurify_Bin_4ΩT1_UBT_000000006917_111	UniRef100_A0A0D1LQB3~K00872	77.0	283	65	0	1	283	1	283	3.13e-147	419
Deepurify_Bin_0ΩT2_UBT_000000024751_10	UniRef100_A0A0D1LTL1~K15051	99.6	283	1	0	1	283	1	283	1.89e-198	549
Deepurify_Bin_0ΩT2_UBT_000000057182_11	UniRef100_A0A0N9YDV7~K06153	99.3	283	2	0	1	283	1	283	1.74e-194	539
Deepurify_Bin_0ΩT2_UBT_000000029014_3	UniRef100_A0A0D1LN10~K03488	99.3	283	2	0	1	283	1	283	3.55e-203	561
Deepurify_Bin_0ΩT2_UBT_000000044357_1	UniRef100_A0A0N9Y540~K03570	99.3	283	2	0	1	283	1	283	2.08e-186	518
Deepurify_Bin_1ΩT2_UBT_000000045364_18	UniRef100_A0A0D1LTL1~K15051	81.6	283	52	0	1	283	1	283	1.16e-160	453
Deepurify_Bin_1ΩT2_UBT_000000014623_32	UniRef100_A0A0N7HB38~K07757	90.5	283	25	1	1	283	1	281	7.86e-186	517
Deepurify_Bin_1ΩT2_UBT_000000011170_23	UniRef100_A0A0N9Y540~K03570	83.4	283	47	0	1	283	1	283	1.92e-159	450
Deepurify_Bin_3ΩT1_FOM_000000081935_10	UniRef100_J9YHH6~K01627	87.3	283	36	0	1	283	1	283	1.10e-181	506
Deepurify_Bin_3ΩT1_FOM_000000038029_26	UniRef100_A0A1X0V7F7~K09685	93.5	276	18	0	7	282	1	276	4.89e-179	499
Deepurify_Bin_3ΩT1_FOM_000000015242_11	UniRef100_A0A075U496~K19337	58.4	281	115	2	1	281	1	279	2.99e-101	303
Deepurify_Bin_3ΩT1_FOM_000000008989_16	UniRef100_J9YHV2~K04517	58.2	280	117	0	1	280	1	280	4.80e-105	312
Deepurify_Bin_4ΩT1_UBT_000000001149_17	UniRef100_A0A0N9YDV7~K06153	91.9	283	23	0	1	283	1	283	1.15e-183	511
Deepurify_Bin_2ΩT2_FOM_000000038108_22	UniRef100_B1MZZ3~K02030	100	283	0	0	1	283	1	283	3.70e-205	566
Deepurify_Bin_2ΩT2_FOM_000000018066_608	UniRef100_A0A075U496~K19337	55.9	281	122	1	1	281	1	279	9.91e-95	286
Deepurify_Bin_2ΩT2_FOM_000000018066_280	UniRef100_W5YJC5~K06221	45.2	272	146	2	10	281	9	277	3.44e-82	254
Deepurify_Bin_2ΩT2_FOM_000000018066_212	UniRef100_A7RSA6~K11150	31.7	249	158	4	5	247	6	248	9.37e-30	119
Deepurify_Bin_2ΩT2_FOM_000000018066_138	UniRef100_B1MZ03~K19267	99.3	283	2	0	1	283	1	283	1.55e-197	546
Deepurify_Bin_0ΩT2_UBT_000000003155_10	UniRef100_A0A0D1LRR9~K06442	99.6	282	1	0	1	282	1	282	1.32e-193	536
Deepurify_Bin_0ΩT2_UBT_000000025704_15	UniRef100_A0A0D1JI44~K21471	98.9	282	3	0	1	282	1	282	7.67e-177	494
Deepurify_Bin_0ΩT2_UBT_000000021629_15	UniRef100_A0A0D1JEC8~K02073	97.5	282	7	0	1	282	1	282	3.48e-189	525
Deepurify_Bin_1ΩT2_UBT_000000018272_6	UniRef100_A0A0D1MC07~K00563	94.0	281	17	0	1	281	1	281	2.55e-191	531
Deepurify_Bin_1ΩT2_UBT_000000024690_9	UniRef100_A0A0D1MC07~K00563	100	282	0	0	1	282	1	282	6.92e-205	565
Deepurify_Bin_1ΩT2_UBT_000000001689_11	UniRef100_A0A0D1LRR9~K06442	92.2	282	22	0	1	282	1	282	7.67e-177	494
Deepurify_Bin_1ΩT2_UBT_000000071291_39	UniRef100_A0A0D1M177~K10039	91.1	281	25	0	1	281	1	281	1.22e-175	491
Deepurify_Bin_1ΩT2_UBT_000000065998_40	UniRef100_A0A0N9YHC2~K19976	89.6	269	28	0	1	269	1	269	9.23e-159	448
Deepurify_Bin_3ΩT1_FOM_000000098250_7	UniRef100_A0A1B1ZZ36~K15772	99.3	282	2	0	1	282	1	282	1.27e-191	531
Deepurify_Bin_3ΩT1_FOM_000000017376_1	UniRef100_D5T068~K02073	87.6	282	35	0	1	282	1	282	5.65e-179	499
Deepurify_Bin_4ΩT1_UBT_000000008966_6	UniRef100_A0A0D1MC07~K00563	94.0	281	17	0	1	281	1	281	2.55e-191	531
Deepurify_Bin_4ΩT1_UBT_000000019564_10	UniRef100_A0A0D1LRR9~K06442	92.2	282	22	0	1	282	1	282	7.67e-177	494
Deepurify_Bin_4ΩT1_UBT_000000018545_39	UniRef100_A0A0D1M177~K10039	91.1	281	25	0	1	281	1	281	1.22e-175	491
Deepurify_Bin_4ΩT1_UBT_000000006917_40	UniRef100_A0A0N9YHC2~K19976	89.6	269	28	0	1	269	1	269	9.23e-159	448
Deepurify_Bin_2ΩT2_FOM_000000029022_39	UniRef100_B1MWN8~K03488	99.3	282	2	0	1	282	1	282	3.15e-201	556
Deepurify_Bin_2ΩT2_FOM_000000040107_53	UniRef100_B1MW96~K06153	100	282	0	0	1	282	1	282	1.54e-192	534
Deepurify_Bin_2ΩT2_FOM_000000080637_11	UniRef100_B1N044~K01491	100	282	0	0	1	282	1	282	8.31e-197	545
Deepurify_Bin_0ΩT2_UBT_000000027736_2	UniRef100_A0A0N9YN41~K10823	97.9	281	6	0	1	281	1	281	8.61e-194	537
Deepurify_Bin_0ΩT2_UBT_000000065368_5	UniRef100_B8D5C3~K22205	34.7	271	164	7	1	270	5	263	1.42e-37	139
Deepurify_Bin_0ΩT2_UBT_000000032422_36	UniRef100_A0A0N9Y5W9~K01776	99.3	281	2	0	1	281	1	281	3.41e-200	553
Deepurify_Bin_0ΩT2_UBT_000000035055_51	UniRef100_A0A0N7HB38~K07757	99.3	281	2	0	1	281	1	281	6.14e-203	560
Deepurify_Bin_0ΩT2_UBT_000000004216_111	UniRef100_A0A0N9Y772~K01963	99.6	281	1	0	1	281	1	281	9.76e-200	552
Deepurify_Bin_1ΩT2_UBT_000000006722_12	UniRef100_A0A0N9YQV6~K21471	59.8	311	94	5	1	281	1	310	4.01e-93	283
Deepurify_Bin_1ΩT2_UBT_000000014026_13	UniRef100_W5YJC5~K06221	48.4	279	142	2	1	279	1	277	5.68e-88	269
Deepurify_Bin_1ΩT2_UBT_000000031997_24	UniRef100_A0A0D1JDU6~K01963	79.3	280	58	0	1	280	1	280	1.11e-160	453
Deepurify_Bin_1ΩT2_UBT_000000014387_52	UniRef100_A0A0N9Y5W9~K01776	94.3	281	16	0	1	281	1	281	3.50e-193	535
Deepurify_Bin_1ΩT2_UBT_000000071291_51	UniRef100_A0A0N9XT80~K17758	81.1	281	53	0	1	281	1	281	1.35e-158	448
Deepurify_Bin_1ΩT2_UBT_000000065998_131	UniRef100_A0A0N9Y772~K01963	93.6	281	18	0	1	281	1	281	1.37e-190	529
Deepurify_Bin_3ΩT1_FOM_000000077302_4	UniRef100_A0A1X0VAI9~K02073	86.8	281	37	0	1	281	1	281	2.27e-173	485
Deepurify_Bin_3ΩT1_FOM_000000049116_2	UniRef100_A0RL07~K07284	36.2	271	161	3	11	281	10	268	3.19e-50	172
Deepurify_Bin_3ΩT1_FOM_000000013607_2	UniRef100_Q03YZ6~K01491	80.1	281	56	0	1	281	1	281	4.11e-153	434
Deepurify_Bin_4ΩT1_UBT_000000000739_12	UniRef100_A0A0N9YQV6~K21471	59.8	311	94	5	1	281	1	310	4.01e-93	283
Deepurify_Bin_4ΩT1_UBT_000000003269_8	UniRef100_W5YJC5~K06221	48.4	279	142	2	1	279	1	277	5.68e-88	269
Deepurify_Bin_4ΩT1_UBT_000000018545_51	UniRef100_A0A0N9XT80~K17758	81.1	281	53	0	1	281	1	281	1.35e-158	448
Deepurify_Bin_4ΩT1_UBT_000000006917_130	UniRef100_A0A0N9Y772~K01963	93.6	281	18	0	1	281	1	281	1.37e-190	529
Deepurify_Bin_2ΩT2_FOM_000000080637_70	UniRef100_B1N0A3~K02073	99.3	281	2	0	1	281	1	281	4.45e-196	543
Deepurify_Bin_2ΩT2_FOM_000000018066_368	UniRef100_B1MYC7~K00014	99.6	281	1	0	1	281	1	281	1.02e-201	557
Deepurify_Bin_0ΩT2_UBT_000000024631_5	UniRef100_A0A0N9YQA7~K16786	98.9	280	3	0	1	280	1	280	5.61e-194	537
Deepurify_Bin_0ΩT2_UBT_000000009241_22	UniRef100_R4WPI4~K06221	60.1	276	110	0	4	279	4	279	4.37e-120	350
Deepurify_Bin_0ΩT2_UBT_000000009241_12	UniRef100_W5YJC5~K06221	48.2	276	141	2	3	278	4	277	5.09e-86	264
Deepurify_Bin_0ΩT2_UBT_000000040980_14	UniRef100_A0A075U496~K19337	71.1	280	81	0	1	280	1	280	1.15e-133	385
Deepurify_Bin_0ΩT2_UBT_000000035055_27	UniRef100_M9U7L5~K06221	38.3	269	149	3	9	276	8	260	1.70e-59	196
Deepurify_Bin_1ΩT2_UBT_000000014623_22	UniRef100_A0A1B1ZNJ1~K06221	40.4	272	144	4	7	276	5	260	3.32e-56	187
Deepurify_Bin_1ΩT2_UBT_000000026597_56	UniRef100_A0A0D1JEC8~K02073	82.4	284	44	3	1	280	1	282	3.69e-156	442
Deepurify_Bin_1ΩT2_UBT_000000009990_60	UniRef100_A0A075U496~K19337	71.4	280	80	0	1	280	1	280	1.64e-133	384
Deepurify_Bin_3ΩT1_FOM_000000128291_14	UniRef100_A0A1X0VAM9~K02036	90.4	280	27	0	1	280	1	280	5.06e-181	504
Deepurify_Bin_3ΩT1_FOM_000000104177_3	UniRef100_A0A0F2CQ49~K02771	80.2	273	53	1	9	280	4	276	4.91e-155	439
Deepurify_Bin_3ΩT1_FOM_000000086418_10	UniRef100_D5T243~K07104	59.9	272	109	0	1	272	1	272	8.45e-121	352
Deepurify_Bin_4ΩT1_UBT_000000013156_2	UniRef100_A0A075U496~K19337	71.4	280	80	0	1	280	1	280	1.64e-133	384
Deepurify_Bin_4ΩT1_UBT_000000014333_56	UniRef100_A0A0D1JEC8~K02073	82.4	284	44	3	1	280	1	282	3.69e-156	442
Deepurify_Bin_2ΩT2_FOM_000000035880_24	UniRef100_B1MXB5~K10563	99.6	280	1	0	1	280	1	280	3.43e-204	563
Deepurify_Bin_2ΩT2_FOM_000000080637_71	UniRef100_B1N0A4~K02073	99.3	280	2	0	1	280	1	280	1.82e-199	551
Deepurify_Bin_2ΩT2_FOM_000000018066_587	UniRef100_B1MXR3~K06442	99.6	280	1	0	1	280	1	280	2.04e-196	543
Deepurify_Bin_2ΩT2_FOM_000000018066_363	UniRef100_B1MYD2~K04517	99.6	280	1	0	1	280	1	280	4.23e-189	525
Deepurify_Bin_0ΩT2_UBT_000000004216_41	UniRef100_A0A0N9YHC2~K19976	100	279	0	0	1	279	1	279	1.64e-181	506
Deepurify_Bin_1ΩT2_UBT_000000014387_42	UniRef100_A0A0N9YE76~K11051	72.0	279	78	0	1	279	1	279	1.02e-131	380
Deepurify_Bin_1ΩT2_UBT_000000011170_44	UniRef100_A0A0N9YKX9~K06999	89.6	279	22	2	1	279	1	272	1.88e-167	470
Deepurify_Bin_3ΩT1_FOM_000000153174_4	UniRef100_Q03UJ0~K03217	92.8	278	20	0	1	278	1	278	5.88e-177	494
Deepurify_Bin_3ΩT1_FOM_000000077302_3	UniRef100_Q03Z25~K02073	83.6	280	45	1	1	279	1	280	3.56e-167	469
Deepurify_Bin_3ΩT1_FOM_000000058500_6	UniRef100_A0A0S3QUF0~K11392	34.3	289	173	6	1	276	4	288	4.09e-44	157
Deepurify_Bin_4ΩT1_UBT_000000019571_37	UniRef100_A0A1L6RAY3~K02073	64.3	266	92	2	15	279	12	275	1.55e-113	333
Deepurify_Bin_2ΩT2_FOM_000000118331_2	UniRef100_B1MX91~K01963	99.6	279	1	0	1	279	1	279	5.65e-198	547
Deepurify_Bin_2ΩT2_FOM_000000153740_16	UniRef100_B1MWS2~K03217	100	279	0	0	1	279	1	279	1.31e-187	521
Deepurify_Bin_2ΩT2_FOM_000000038108_95	UniRef100_B1MZR7~K00067	99.6	279	1	0	1	279	1	279	7.47e-203	560
Deepurify_Bin_2ΩT2_FOM_000000038108_35	UniRef100_B1MZY0~K02036	100	279	0	0	1	279	1	279	6.32e-195	540
Deepurify_Bin_2ΩT2_FOM_000000018066_334	UniRef100_A0A0F2CQ49~K02771	80.7	275	50	2	7	279	3	276	4.95e-157	444
Deepurify_Bin_2ΩT2_FOM_000000018066_125	UniRef100_B1MZ18~K14540	100	279	0	0	1	279	1	279	6.87e-199	550
Deepurify_Bin_0ΩT2_UBT_000000027622_1	UniRef100_A0A0U2U268~K21064	36.7	267	143	9	4	269	5	246	4.87e-29	116
Deepurify_Bin_2ΩT2_FOM_000000118331_29	UniRef100_B1MX64~K08974	99.6	278	1	0	1	278	1	278	7.42e-198	547
Deepurify_Bin_0ΩT2_UBT_000000027736_4	UniRef100_A0A0N9YTU9~K02034	95.3	277	13	0	1	277	1	277	3.45e-182	507
Deepurify_Bin_0ΩT2_UBT_000000027106_5	UniRef100_A0A0D1LNF6~K02030	98.9	277	3	0	1	277	1	277	3.04e-201	555
Deepurify_Bin_0ΩT2_UBT_000000003960_20	UniRef100_A0A0D1JLG9~K18672	100	277	0	0	1	277	1	277	3.50e-191	530
Deepurify_Bin_0ΩT2_UBT_000000045121_2	UniRef100_A0A0N7HAG8~K03217	98.6	277	4	0	1	277	1	277	1.23e-175	491
Deepurify_Bin_0ΩT2_UBT_000000087819_69	UniRef100_A0A0N7HAG8~K03217	89.5	277	29	0	1	277	1	277	7.05e-159	448
Deepurify_Bin_0ΩT2_UBT_000000087819_2	UniRef100_A0A0N7HAG8~K03217	89.5	277	29	0	1	277	1	277	7.05e-159	448
Deepurify_Bin_0ΩT2_UBT_000000018558_46	UniRef100_A0A0N9YU24~K00796	97.1	277	8	0	1	277	1	277	9.62e-189	524
Deepurify_Bin_0ΩT2_UBT_000000031606_107	UniRef100_A0A0D1LM23~K10563	98.6	277	4	0	1	277	1	277	3.04e-201	555
Deepurify_Bin_1ΩT2_UBT_000000065065_2	UniRef100_N0AY53~K21064	30.6	271	154	7	3	269	6	246	1.93e-27	112
Deepurify_Bin_1ΩT2_UBT_000000020938_29	UniRef100_A0A0D1LM23~K10563	89.2	277	30	0	1	277	1	277	4.89e-182	507
Deepurify_Bin_1ΩT2_UBT_000000011170_18	UniRef100_A0A0D1LNF6~K02030	87.0	277	36	0	1	277	1	277	1.40e-181	506
Deepurify_Bin_3ΩT1_FOM_000000083219_5	UniRef100_Q03YX0~K00941	66.1	277	94	0	1	277	1	277	1.43e-123	359
Deepurify_Bin_3ΩT1_FOM_000000081119_21	UniRef100_D6XUE2~K21064	30.5	275	155	9	2	276	5	243	1.18e-19	91.7
Deepurify_Bin_3ΩT1_FOM_000000081119_7	UniRef100_B1MXB5~K10563	82.2	275	49	0	1	275	1	275	3.15e-165	464
Deepurify_Bin_3ΩT1_FOM_000000006674_23	UniRef100_A0A1X0V8H1~K01661	92.8	277	20	0	1	277	1	277	5.81e-190	527
Deepurify_Bin_4ΩT1_UBT_000000001140_20	UniRef100_A0A0D1JLG9~K18672	90.6	277	26	0	1	277	1	277	1.23e-175	491
Deepurify_Bin_2ΩT2_FOM_000000050145_18	UniRef100_B1MW11~K02886	100	277	0	0	1	277	1	277	1.33e-195	541
Deepurify_Bin_2ΩT2_FOM_000000153740_3	UniRef100_B1MWQ9~K01661	100	277	0	0	1	277	1	277	3.55e-200	553
Deepurify_Bin_2ΩT2_FOM_000000080637_41	UniRef100_B1N074~K09685	99.6	277	1	0	1	277	1	277	3.50e-191	530
Deepurify_Bin_2ΩT2_FOM_000000018066_569	UniRef100_B1MXT1~K17758	99.3	277	2	0	1	277	1	277	2.47e-191	530
Deepurify_Bin_2ΩT2_FOM_000000018066_377	UniRef100_F7YBI2~K06221	45.6	270	144	3	4	273	5	271	1.80e-77	242
Deepurify_Bin_0ΩT2_UBT_000000045121_13	UniRef100_A0A0N9YP27~K08974	99.6	276	1	0	1	276	9	284	4.35e-191	530
Deepurify_Bin_0ΩT2_UBT_000000087819_57	UniRef100_A0A0N9YP27~K08974	88.8	276	31	0	1	276	9	284	1.53e-175	491
Deepurify_Bin_0ΩT2_UBT_000000087819_14	UniRef100_A0A0N9YP27~K08974	88.8	276	31	0	1	276	9	284	1.53e-175	491
Deepurify_Bin_0ΩT2_UBT_000000039885_19	UniRef100_A0A0N9YR39~K02073	99.3	276	2	0	1	276	1	276	2.06e-178	498
Deepurify_Bin_0ΩT2_UBT_000000039885_18	UniRef100_A0A0N9YV44~K02073	97.8	276	6	0	1	276	1	276	1.72e-186	518
Deepurify_Bin_0ΩT2_UBT_000000004216_49	UniRef100_A0A0N9XXG3~K21064	99.3	276	2	0	1	276	1	276	1.15e-200	554
Deepurify_Bin_1ΩT2_UBT_000000020635_8	UniRef100_A0A0N9YEN2~K02073	91.3	276	24	0	1	276	1	276	8.95e-173	483
Deepurify_Bin_1ΩT2_UBT_000000036495_3	UniRef100_A0A0D1LKJ4~K01142	99.6	276	1	0	1	276	1	276	3.42e-202	558
Deepurify_Bin_1ΩT2_UBT_000000065998_49	UniRef100_A0A0N9XXG3~K21064	94.6	276	15	0	1	276	1	276	1.13e-191	531
Deepurify_Bin_4ΩT1_UBT_000000015629_8	UniRef100_A0A0N9YEN2~K02073	91.3	276	24	0	1	276	1	276	8.95e-173	483
Deepurify_Bin_4ΩT1_UBT_000000004550_5	UniRef100_A0A0D1LKX3~K11070	95.7	276	12	0	1	276	1	276	4.60e-159	449
Deepurify_Bin_4ΩT1_UBT_000000021216_5	UniRef100_A0A0D1LKX3~K11070	99.6	276	1	0	1	276	1	276	2.15e-164	462
Deepurify_Bin_4ΩT1_UBT_000000006101_3	UniRef100_A0A0D1LKJ4~K01142	99.6	276	1	0	1	276	1	276	3.42e-202	558
Deepurify_Bin_4ΩT1_UBT_000000018112_31	UniRef100_A0A0D1LKJ4~K01142	89.5	276	29	0	1	276	1	276	3.72e-181	504
Deepurify_Bin_4ΩT1_UBT_000000006917_49	UniRef100_A0A0N9XXG3~K21064	94.6	276	15	0	1	276	1	276	1.13e-191	531
Deepurify_Bin_2ΩT2_FOM_000000050145_11	UniRef100_B1MW18~K11071	100	276	0	0	1	276	1	276	9.14e-182	506
Deepurify_Bin_2ΩT2_FOM_000000118331_31	UniRef100_B1MX62~K00941	99.6	276	1	0	1	276	1	276	2.10e-187	520
Deepurify_Bin_2ΩT2_FOM_000000038108_91	UniRef100_A0A1B2A228~K19180	54.7	274	124	0	1	274	1	274	1.80e-102	305
Deepurify_Bin_0ΩT2_UBT_000000045121_24	UniRef100_A0A1L6RE34~K20861	54.2	273	125	0	1	273	1	273	2.87e-100	300
Deepurify_Bin_1ΩT2_UBT_000000064455_4	UniRef100_Q9ZAU1~K15956	38.4	276	151	8	2	269	18	282	2.08e-39	144
Deepurify_Bin_1ΩT2_UBT_000000020938_15	UniRef100_A0A0M1X9U9~K00034	56.3	263	114	1	13	275	25	286	2.50e-104	310
Deepurify_Bin_3ΩT1_FOM_000000070747_12	UniRef100_A0A1I3YGS1~K00034	55.2	261	116	1	15	275	2	261	2.35e-101	302
Deepurify_Bin_3ΩT1_FOM_000000035651_12	UniRef100_K0D5E9~K11070	88.7	275	31	0	1	275	1	275	1.73e-158	447
Deepurify_Bin_3ΩT1_FOM_000000029333_3	UniRef100_A0A1B1ZZK5~K07258	92.7	275	20	0	1	275	1	275	2.71e-178	497
Deepurify_Bin_3ΩT1_FOM_000000026211_12	UniRef100_A0A1X0V865~K16785	80.7	275	53	0	1	275	1	275	1.22e-158	447
Deepurify_Bin_4ΩT1_UBT_000000013156_1	UniRef100_A0A0N7HAF8~K00033	96.0	276	11	0	1	276	1	276	6.65e-190	528
Deepurify_Bin_2ΩT2_FOM_000000050145_12	UniRef100_H1WNC9~K11070	99.6	275	1	0	1	275	13	287	1.79e-179	501
Deepurify_Bin_2ΩT2_FOM_000000036960_21	UniRef100_B1MWY5~K07090	99.6	275	1	0	1	275	1	275	7.58e-185	514
Deepurify_Bin_2ΩT2_FOM_000000018066_575	UniRef100_B1MXS5~K01916	98.9	275	3	0	1	275	1	275	7.07e-190	526
Deepurify_Bin_2ΩT2_FOM_000000018066_315	UniRef100_J9YGB3~K20374	40.5	274	162	1	1	274	1	273	5.12e-64	207
Deepurify_Bin_0ΩT2_UBT_000000065368_2	UniRef100_K0MSM6~K16785	52.2	274	131	0	1	274	1	274	3.98e-93	281
Deepurify_Bin_0ΩT2_UBT_000000040980_16	UniRef100_M9U7L5~K06221	49.8	267	130	3	4	267	7	272	4.22e-80	248
Deepurify_Bin_0ΩT2_UBT_000000087819_49	UniRef100_A0A1L6RE34~K20861	55.9	272	120	0	1	272	1	272	2.94e-102	305
Deepurify_Bin_0ΩT2_UBT_000000087819_22	UniRef100_A0A1L6RE34~K20861	55.9	272	120	0	1	272	1	272	2.94e-102	305
Deepurify_Bin_0ΩT2_UBT_000000039885_8	UniRef100_A0A1W4ZSD8~K11161	35.2	284	163	9	2	269	39	317	1.37e-31	125
Deepurify_Bin_1ΩT2_UBT_000000020635_11	UniRef100_A0A0N9XXK0~K01916	93.4	274	18	0	1	274	1	274	7.51e-180	501
Deepurify_Bin_1ΩT2_UBT_000000020824_5	UniRef100_A0A0D1M8P0~K02036	100	274	0	0	1	274	1	274	1.38e-191	531
Deepurify_Bin_1ΩT2_UBT_000000009990_62	UniRef100_E8W615~K06221	48.7	267	133	3	4	267	7	272	2.76e-78	244
Deepurify_Bin_3ΩT1_FOM_000000008989_21	UniRef100_Q03X06~K00014	69.9	272	82	0	1	272	1	272	8.59e-140	400
Deepurify_Bin_4ΩT1_UBT_000000013156_4	UniRef100_E8W615~K06221	48.7	267	133	3	4	267	7	272	2.76e-78	244
Deepurify_Bin_4ΩT1_UBT_000000015629_11	UniRef100_A0A0N9XXK0~K01916	93.4	274	18	0	1	274	1	274	7.51e-180	501
Deepurify_Bin_4ΩT1_UBT_000000018109_18	UniRef100_A0A0D1M8P0~K02036	95.3	274	13	0	1	274	1	274	3.89e-182	507
Deepurify_Bin_2ΩT2_FOM_000000036960_62	UniRef100_B1MWU7~K16785	99.6	274	1	0	1	274	1	274	5.15e-187	519
Deepurify_Bin_2ΩT2_FOM_000000153740_81	UniRef100_G2RNB8~K21900	34.0	247	141	8	5	232	6	249	5.82e-29	117
Deepurify_Bin_2ΩT2_FOM_000000018066_570	UniRef100_B1MXT0~K01142	99.6	274	1	0	1	274	1	274	2.81e-200	553
Deepurify_Bin_1ΩT2_UBT_000000065998_73	UniRef100_A0A0N9YS66~K00014	79.1	263	55	0	3	265	2	264	3.29e-147	418
Deepurify_Bin_3ΩT1_FOM_000000152556_2	UniRef100_Q03W03~K17758	81.0	273	52	0	1	273	1	273	7.85e-154	435
Deepurify_Bin_3ΩT1_FOM_000000152060_14	UniRef100_A0A0D6ZIV8~K01785	39.9	273	161	3	3	274	4	274	1.60e-66	214
Deepurify_Bin_3ΩT1_FOM_000000070293_38	UniRef100_J9YK47~K02026	95.6	273	12	0	1	273	1	273	2.08e-181	505
Deepurify_Bin_3ΩT1_FOM_000000070293_19	UniRef100_A0A1B2A124~K02042	72.5	273	75	0	1	273	1	273	2.65e-131	378
Deepurify_Bin_3ΩT1_FOM_000000020217_7	UniRef100_Q03VY9~K01916	75.5	273	67	0	1	273	1	273	5.58e-147	418
Deepurify_Bin_4ΩT1_UBT_000000006917_73	UniRef100_A0A0N9YS66~K00014	79.1	263	55	0	3	265	2	264	3.29e-147	418
Deepurify_Bin_2ΩT2_FOM_000000009452_1	UniRef100_A0A191ZND4~K07497	49.8	265	132	1	9	273	2	265	1.93e-78	244
Deepurify_Bin_2ΩT2_FOM_000000050145_43	UniRef100_B1MVY6~K16786	99.6	273	1	0	1	273	1	273	3.00e-190	527
Deepurify_Bin_2ΩT2_FOM_000000040107_68	UniRef100_B1MW81~K02042	98.9	273	3	0	1	273	1	273	2.12e-158	447
Deepurify_Bin_2ΩT2_FOM_000000153740_55	UniRef100_A0A1B2A0R6~K20861	71.9	270	76	0	1	270	1	270	1.55e-139	399
Deepurify_Bin_0ΩT2_UBT_000000044357_22	UniRef100_A0A0N9YKX9~K06999	99.6	272	1	0	1	272	1	272	1.54e-187	520
Deepurify_Bin_0ΩT2_UBT_000000083495_31	UniRef100_A0A0N9YQ41~K01661	99.6	272	1	0	1	272	1	272	4.47e-196	542
Deepurify_Bin_0ΩT2_UBT_000000031606_93	UniRef100_R2PT30~K00034	56.3	261	113	1	12	272	2	261	1.36e-104	310
Deepurify_Bin_1ΩT2_UBT_000000039277_32	UniRef100_A0A0N9YQ41~K01661	98.5	272	4	0	1	272	1	272	3.02e-194	537
Deepurify_Bin_3ΩT1_FOM_000000075080_5	UniRef100_A0A1B2A153~K16786	78.4	273	58	1	1	272	1	273	1.88e-147	419
Deepurify_Bin_3ΩT1_FOM_000000070747_3	UniRef100_A0A0U4WIJ3~K21900	31.5	254	154	4	2	237	3	254	1.99e-35	134
Deepurify_Bin_3ΩT1_FOM_000000035651_11	UniRef100_J9YIB2~K11071	88.9	271	28	1	2	272	3	271	4.03e-165	464
Deepurify_Bin_4ΩT1_UBT_000000021216_4	UniRef100_A0A0D1MA84~K11071	100	272	0	0	1	272	1	272	5.15e-186	516
Deepurify_Bin_2ΩT2_FOM_000000036960_50	UniRef100_B1MWV9~K04486	99.3	272	2	0	1	272	1	272	6.62e-198	546
Deepurify_Bin_2ΩT2_FOM_000000038108_138	UniRef100_B1MZM6~K03565	98.9	266	3	0	7	272	1	266	2.45e-178	497
Deepurify_Bin_2ΩT2_FOM_000000080637_143	UniRef100_A0A1B2A1I1~K20861	82.7	272	47	0	1	272	1	272	6.10e-163	458
Deepurify_Bin_2ΩT2_FOM_000000018066_53	UniRef100_B1MZ94~K05815	98.5	272	4	0	1	272	1	272	6.44e-180	501
Deepurify_Bin_0ΩT2_UBT_000000032422_31	UniRef100_A0A0D1LQF3~K00858	99.6	271	1	0	1	271	1	271	8.01e-194	536
Deepurify_Bin_0ΩT2_UBT_000000032789_21	UniRef100_A0A0D1K921~K02026	99.3	271	2	0	1	271	1	271	7.07e-188	521
Deepurify_Bin_0ΩT2_UBT_000000021629_65	UniRef100_A0A0N9YSA2~K09936	98.1	269	5	0	1	269	1	269	2.61e-183	511
Deepurify_Bin_1ΩT2_UBT_000000059045_25	UniRef100_A0A1L6RE34~K20861	35.5	273	173	3	1	271	1	272	5.92e-48	166
Deepurify_Bin_1ΩT2_UBT_000000034986_22	UniRef100_A0A0D1K921~K02026	93.7	271	17	0	1	271	1	271	2.43e-179	499
Deepurify_Bin_1ΩT2_UBT_000000014387_47	UniRef100_A0A0D1LQF3~K00858	95.9	270	11	0	1	270	1	270	3.92e-185	514
Deepurify_Bin_1ΩT2_UBT_000000014387_43	UniRef100_A0A0D1LRH5~K11050	73.8	271	71	0	1	271	1	271	3.27e-134	385
Deepurify_Bin_3ΩT1_FOM_000000096995_1	UniRef100_D5T1N9~K01624	86.4	272	37	0	1	272	1	272	1.91e-167	470
Deepurify_Bin_3ΩT1_FOM_000000063874_5	UniRef100_Q5WG82~K21064	31.5	273	154	6	1	270	1	243	1.36e-30	120
Deepurify_Bin_4ΩT1_UBT_000000004550_4	UniRef100_A0A0D1MA84~K11071	95.2	270	13	0	1	270	1	270	3.43e-177	494
Deepurify_Bin_2ΩT2_FOM_000000025112_6	UniRef100_B1N019~K18672	100	271	0	0	1	271	1	271	1.00e-187	521
Deepurify_Bin_2ΩT2_FOM_000000036960_46	UniRef100_A0A221MAS3~K21064	31.5	270	152	5	4	270	10	249	5.77e-30	119
Deepurify_Bin_2ΩT2_FOM_000000118331_26	UniRef100_B1MX67~K00931	100	271	0	0	1	271	1	271	8.25e-187	518
Deepurify_Bin_2ΩT2_FOM_000000038108_126	UniRef100_B1MZN7~K03811	100	271	0	0	1	271	1	271	2.91e-196	542
Deepurify_Bin_2ΩT2_FOM_000000080637_19	UniRef100_B1N052~K09692	100	271	0	0	1	271	1	271	9.07e-200	551
Deepurify_Bin_0ΩT2_UBT_000000024751_5	UniRef100_A0A0D1M2B3~K02795	100	270	0	0	1	270	1	270	2.46e-167	469
Deepurify_Bin_0ΩT2_UBT_000000057284_4	UniRef100_A0A0N7HAX0~K00868	98.9	270	3	0	1	270	7	276	1.14e-178	498
Deepurify_Bin_1ΩT2_UBT_000000045364_6	UniRef100_A0A0D1M2B3~K02795	98.1	270	5	0	1	270	1	270	2.87e-166	466
Deepurify_Bin_1ΩT2_UBT_000000038068_9	UniRef100_A0A1L6RE34~K20861	40.6	266	156	2	5	268	5	270	4.13e-57	189
Deepurify_Bin_4ΩT1_UBT_000000021238_4	UniRef100_A0A142HK56~K02100	42.6	263	150	1	8	270	32	293	3.79e-58	193
Deepurify_Bin_4ΩT1_UBT_000000024370_9	UniRef100_A0A1L6RE34~K20861	40.6	266	156	2	5	268	5	270	4.13e-57	189
Deepurify_Bin_2ΩT2_FOM_000000080637_241	UniRef100_B1MVW9~K01803	99.6	270	1	0	1	270	1	270	1.96e-189	525
Deepurify_Bin_0ΩT2_UBT_000000018558_38	UniRef100_A0A1L6RE34~K20861	40.6	266	156	2	5	268	5	270	1.08e-62	204
Deepurify_Bin_3ΩT1_FOM_000000153174_9	UniRef100_A0A1B2A0R6~K20861	59.8	264	104	2	3	265	4	266	3.26e-107	317
Deepurify_Bin_3ΩT1_FOM_000000070293_20	UniRef100_D5T3G7~K02042	81.4	269	50	0	1	269	1	269	1.38e-145	414
Deepurify_Bin_3ΩT1_FOM_000000063874_1	UniRef100_A0A1B2A0J4~K04486	50.0	270	134	1	1	269	2	271	1.30e-89	272
Deepurify_Bin_3ΩT1_FOM_000000055969_10	UniRef100_A0A1B2A1U1~K20861	59.7	268	107	1	1	268	1	267	3.68e-105	311
Deepurify_Bin_4ΩT1_UBT_000000002201_24	UniRef100_A0A1L6RE34~K20861	35.5	265	168	3	3	265	5	268	1.26e-49	170
Deepurify_Bin_4ΩT1_UBT_000000018109_34	UniRef100_A0A0N7HAM9~K08680	63.1	263	96	1	1	262	1	263	5.18e-112	329
Deepurify_Bin_2ΩT2_FOM_000000006232_2	UniRef100_A0A1B2A0R6~K20861	59.8	264	104	2	3	265	4	266	3.26e-107	317
Deepurify_Bin_2ΩT2_FOM_000000040107_69	UniRef100_B1MW80~K02042	100	269	0	0	1	269	1	269	3.09e-181	504
Deepurify_Bin_2ΩT2_FOM_000000080637_132	UniRef100_B1MVL3~K02795	97.4	269	7	0	1	269	1	269	1.63e-160	452
Deepurify_Bin_0ΩT2_UBT_000000028765_11	UniRef100_A0A0D1K6H1~K03424	100	268	0	0	1	268	1	268	1.76e-200	553
Deepurify_Bin_0ΩT2_UBT_000000021629_61	UniRef100_A0A0N7HAU7~K04517	87.7	268	33	0	1	268	1	268	3.06e-160	451
Deepurify_Bin_0ΩT2_UBT_000000034542_49	UniRef100_A0A0N9XX72~K09692	93.7	268	17	0	1	268	1	268	2.98e-183	509
Deepurify_Bin_0ΩT2_UBT_000000004216_71	UniRef100_A0A0N9YS66~K00014	98.5	268	4	0	1	268	1	268	1.32e-186	518
Deepurify_Bin_1ΩT2_UBT_000000020824_8	UniRef100_A0A0D1JT03~K03565	99.6	268	1	0	1	268	1	268	2.35e-180	502
Deepurify_Bin_1ΩT2_UBT_000000026597_8	UniRef100_A0A0N7HAU7~K04517	64.0	267	96	0	1	267	1	267	1.27e-117	343
Deepurify_Bin_4ΩT1_UBT_000000001149_3	UniRef100_A0A0D1K6H1~K03424	94.4	268	15	0	1	268	1	268	8.66e-192	531
Deepurify_Bin_4ΩT1_UBT_000000014333_8	UniRef100_A0A0N7HAU7~K04517	64.0	267	96	0	1	267	1	267	1.27e-117	343
Deepurify_Bin_2ΩT2_FOM_000000050145_45	UniRef100_B1MVY4~K16785	100	268	0	0	1	268	1	268	9.97e-182	505
Deepurify_Bin_2ΩT2_FOM_000000080637_188	UniRef100_B1MVR8~K09013	100	268	0	0	1	268	1	268	2.28e-187	520
Deepurify_Bin_2ΩT2_FOM_000000018066_117	UniRef100_B1MZ26~K08680	97.8	268	6	0	1	268	1	268	2.13e-192	532
Deepurify_Bin_2ΩT2_FOM_000000018066_113	UniRef100_B1MZ30~K00868	98.9	268	3	0	1	268	1	268	2.19e-185	514
Deepurify_Bin_0ΩT2_UBT_000000039885_14	UniRef100_A0A0N9XUH0~K00941	99.6	267	1	0	1	267	1	267	1.03e-178	498
Deepurify_Bin_1ΩT2_UBT_000000064455_7	UniRef100_A0A0N9XUH0~K00941	74.5	267	68	0	1	267	1	267	1.39e-137	394
Deepurify_Bin_1ΩT2_UBT_000000059045_23	UniRef100_A0A1B2A1U1~K20861	34.7	268	160	6	3	263	4	263	1.27e-40	147
Deepurify_Bin_1ΩT2_UBT_000000080035_27	UniRef100_G0UFJ9~K07284	52.4	269	121	3	1	267	4	267	9.37e-93	280
Deepurify_Bin_3ΩT1_FOM_000000075080_3	UniRef100_Q03ZL4~K16785	84.4	263	41	0	1	263	1	263	4.55e-150	425
Deepurify_Bin_3ΩT1_FOM_000000036722_1	UniRef100_A0A1X0V5D5~K01990	79.5	268	55	0	1	268	1	268	7.66e-149	423
Deepurify_Bin_3ΩT1_FOM_000000009930_5	UniRef100_A0A1X0UZ79~K00868	59.2	265	107	1	2	266	1	264	2.68e-97	291
Deepurify_Bin_4ΩT1_UBT_000000027904_27	UniRef100_G0UFJ9~K07284	52.4	269	121	3	1	267	4	267	9.37e-93	280
Deepurify_Bin_4ΩT1_UBT_000000002201_22	UniRef100_A0A1B2A1U1~K20861	35.4	271	162	8	3	267	4	267	1.34e-43	154
Deepurify_Bin_4ΩT1_UBT_000000018109_15	UniRef100_A0A0D1JT03~K03565	86.0	264	37	0	1	264	1	264	2.85e-151	428
Deepurify_Bin_2ΩT2_FOM_000000036960_52	UniRef100_C2EH46~K03492	58.9	241	98	1	26	265	8	248	2.26e-101	301
Deepurify_Bin_2ΩT2_FOM_000000153740_73	UniRef100_A0A0R2IEW7~K17076	37.1	259	148	4	1	258	3	247	6.33e-50	170
Deepurify_Bin_2ΩT2_FOM_000000038108_5	UniRef100_A0A1B2A1U1~K20861	73.8	267	70	0	1	267	1	267	3.08e-141	403
Deepurify_Bin_2ΩT2_FOM_000000018066_642	UniRef100_A0A0M2ZR82~K00433	48.1	264	133	2	1	260	1	264	5.85e-79	245
Deepurify_Bin_2ΩT2_FOM_000000018066_528	UniRef100_B1MXX2~K02509	98.9	267	3	0	1	267	1	267	6.06e-187	518
Deepurify_Bin_2ΩT2_FOM_000000018066_453	UniRef100_B1MY46~K03930	99.6	267	1	0	1	267	1	267	4.49e-198	546
Deepurify_Bin_2ΩT2_FOM_000000018066_362	UniRef100_B1MYD3~K00891	98.5	267	4	0	1	267	1	267	4.38e-180	501
Deepurify_Bin_0ΩT2_UBT_000000024631_3	UniRef100_A0A0D1LSX6~K16785	99.6	266	1	0	1	266	1	266	6.45e-177	493
Deepurify_Bin_0ΩT2_UBT_000000027622_5	UniRef100_A0A166Z4X5~K00784	59.5	264	105	1	5	266	7	270	2.15e-111	327
Deepurify_Bin_0ΩT2_UBT_000000027995_5	UniRef100_A0A0N7HAM9~K08680	95.5	266	12	0	1	266	1	266	2.45e-181	504
Deepurify_Bin_1ΩT2_UBT_000000006453_4	UniRef100_A0A0N9YFU5~K03584	82.9	263	45	0	1	263	1	263	1.80e-162	456
Deepurify_Bin_1ΩT2_UBT_000000065065_6	UniRef100_A0A166Z4X5~K00784	59.8	264	104	1	5	266	7	270	1.07e-111	328
Deepurify_Bin_1ΩT2_UBT_000000039277_85	UniRef100_A0A0D1JX07~K02424	84.9	265	40	0	1	265	1	265	1.84e-146	416
Deepurify_Bin_3ΩT1_FOM_000000153740_10	UniRef100_A0A0S3K914~K00868	42.3	267	151	3	1	264	2	268	5.55e-65	209
Deepurify_Bin_3ΩT1_FOM_000000153740_7	UniRef100_Q03UL4~K09013	93.6	266	17	0	1	266	1	266	5.07e-174	486
Deepurify_Bin_3ΩT1_FOM_000000121584_1	UniRef100_A0A083ZKN0~K02028	31.0	226	137	7	50	263	8	226	2.89e-19	90.9
Deepurify_Bin_3ΩT1_FOM_000000008989_15	UniRef100_A0A1X0V9I2~K00891	81.6	266	49	0	1	266	1	266	3.79e-153	433
Deepurify_Bin_4ΩT1_UBT_000000015948_4	UniRef100_A0A0N9YFU5~K03584	82.9	263	45	0	1	263	1	263	1.80e-162	456
Deepurify_Bin_2ΩT2_FOM_000000118331_1	UniRef100_B1MX92~K01962	100	266	0	0	1	266	1	266	3.02e-191	529
Deepurify_Bin_0ΩT2_UBT_000000021322_22	UniRef100_A0A0D1JX07~K02424	99.6	265	1	0	1	265	1	265	2.43e-176	491
Deepurify_Bin_1ΩT2_UBT_000000057430_10	UniRef100_A0A0M2ZR82~K00433	34.6	260	165	3	3	259	4	261	3.52e-43	153
Deepurify_Bin_3ΩT1_FOM_000000038029_19	UniRef100_A0A1B2A1L7~K03424	83.0	265	45	0	1	265	1	265	4.69e-158	445
Deepurify_Bin_3ΩT1_FOM_000000009930_2	UniRef100_A0A1X0V6D7~K08680	57.8	263	110	1	3	265	5	266	6.16e-105	311
Deepurify_Bin_4ΩT1_UBT_000000016898_5	UniRef100_A0A0D1LSJ2~K03811	86.4	264	36	0	2	265	1	264	8.32e-168	470
Deepurify_Bin_2ΩT2_FOM_000000038108_115	UniRef100_B1MZP8~K00858	99.6	265	1	0	1	265	1	265	1.62e-190	527
Deepurify_Bin_2ΩT2_FOM_000000080637_48	UniRef100_B1N081~K03424	99.2	265	2	0	1	265	1	265	5.41e-189	523
Deepurify_Bin_0ΩT2_UBT_000000087050_4	UniRef100_A0A0N9YFU5~K03584	98.9	264	3	0	1	264	1	264	2.04e-188	522
Deepurify_Bin_0ΩT2_UBT_000000063077_11	UniRef100_A0A179GNH5~K00027	40.3	288	145	7	1	264	8	292	1.08e-52	179
Deepurify_Bin_0ΩT2_UBT_000000057182_4	UniRef100_A0A0N9YTC2~K02042	99.6	264	1	0	1	264	1	264	4.94e-180	501
Deepurify_Bin_0ΩT2_UBT_000000016817_2	UniRef100_A0A0D1LSJ2~K03811	99.2	264	2	0	1	264	1	264	9.64e-185	513
Deepurify_Bin_0ΩT2_UBT_000000034542_45	UniRef100_A0A075U670~K07271	49.1	265	134	1	1	264	1	265	2.20e-90	274
Deepurify_Bin_1ΩT2_UBT_000000082767_11	UniRef100_A0A0N9Y6J6~K05896	83.7	252	41	0	1	252	1	252	1.16e-145	414
Deepurify_Bin_1ΩT2_UBT_000000020938_1	UniRef100_A0A179GNH5~K00027	39.9	288	146	7	1	264	8	292	4.27e-52	178
Deepurify_Bin_1ΩT2_UBT_000000009990_6	UniRef100_A0A0N9YTC2~K02042	93.2	264	18	0	1	264	1	264	7.21e-173	483
Deepurify_Bin_3ΩT1_FOM_000000114406_3	UniRef100_Q03YD3~K00858	79.2	264	55	0	1	264	1	264	5.99e-149	422
Deepurify_Bin_3ΩT1_FOM_000000032047_2	UniRef100_A0A1B1ZZD8~K00981	81.7	263	48	0	1	263	1	263	2.29e-153	433
Deepurify_Bin_3ΩT1_FOM_000000006674_7	UniRef100_J9YIV8~K01992	56.1	264	116	0	1	264	1	264	2.60e-103	306
Deepurify_Bin_4ΩT1_UBT_000000004766_11	UniRef100_A0A0N9Y6J6~K05896	83.7	252	41	0	1	252	1	252	1.16e-145	414
Deepurify_Bin_4ΩT1_UBT_000000019571_4	UniRef100_A0A0N7HAX0~K00868	68.2	261	83	0	1	261	12	272	9.06e-114	333
Deepurify_Bin_2ΩT2_FOM_000000118331_19	UniRef100_B1MX74~K02424	98.5	264	4	0	1	264	1	264	3.20e-176	491
Deepurify_Bin_2ΩT2_FOM_000000018066_439	UniRef100_B1MY60~K00981	99.2	264	2	0	1	264	1	264	1.21e-180	502
Deepurify_Bin_2ΩT2_FOM_000000018066_351	UniRef100_B1MYE4~K03584	99.2	264	2	0	1	264	1	264	4.29e-190	526
Deepurify_Bin_2ΩT2_FOM_000000018066_321	UniRef100_B1MYH8~K03811	100	264	0	0	1	264	1	264	2.78e-186	516
Deepurify_Bin_0ΩT2_UBT_000000027736_9	UniRef100_A0A0D1LKY6~K00651	95.8	263	11	0	1	263	1	263	1.14e-189	525
Deepurify_Bin_0ΩT2_UBT_000000035055_53	UniRef100_A0A0D1LPA2~K00981	98.9	263	3	0	1	263	1	263	1.20e-175	489
Deepurify_Bin_1ΩT2_UBT_000000059045_20	UniRef100_A0A0N9XRE9~K00286	98.1	263	5	0	1	263	1	263	1.01e-167	469
Deepurify_Bin_1ΩT2_UBT_000000014623_34	UniRef100_A0A0D1LPA2~K00981	87.5	263	33	0	1	263	1	263	8.50e-160	449
Deepurify_Bin_3ΩT1_FOM_000000157512_26	UniRef100_Q03W47~K03930	79.1	263	55	0	1	263	1	263	8.65e-153	432
Deepurify_Bin_3ΩT1_FOM_000000038029_25	UniRef100_A0A1X0V741~K02075	86.3	263	36	0	1	263	1	263	1.17e-150	426
Deepurify_Bin_3ΩT1_FOM_000000023923_2	UniRef100_A0A109WCF7~K07497	44.3	262	133	5	1	256	1	255	1.98e-61	200
Deepurify_Bin_3ΩT1_FOM_000000006674_24	UniRef100_F1SKY2~K13566	30.7	270	175	5	2	262	10	276	5.86e-33	127
Deepurify_Bin_4ΩT1_UBT_000000002201_20	UniRef100_A0A0N9XRE9~K00286	84.4	263	41	0	1	263	1	263	1.69e-143	408
Deepurify_Bin_2ΩT2_FOM_000000153740_2	UniRef100_A1KVJ4~K01501	31.0	268	168	8	2	257	3	265	1.28e-31	123
Deepurify_Bin_2ΩT2_FOM_000000080637_42	UniRef100_B1N075~K02075	100	263	0	0	1	263	1	263	6.83e-166	465
Deepurify_Bin_0ΩT2_UBT_000000035055_52	UniRef100_A0A0D1JQ23~K00806	99.6	262	1	0	1	262	1	262	1.23e-188	522
Deepurify_Bin_0ΩT2_UBT_000000018558_47	UniRef100_A0A0N9Y0F2~K15554	98.1	262	5	0	1	262	1	262	5.16e-181	503
Deepurify_Bin_1ΩT2_UBT_000000014623_33	UniRef100_A0A0D1JQ23~K00806	86.6	262	35	0	1	262	1	262	5.43e-167	468
Deepurify_Bin_3ΩT1_FOM_000000154240_19	UniRef100_C2KHU9~K00931	79.4	262	54	0	1	262	1	262	1.74e-140	400
Deepurify_Bin_3ΩT1_FOM_000000154240_11	UniRef100_A0A1B2A033~K02424	74.6	260	64	1	3	260	2	261	8.99e-127	366
Deepurify_Bin_3ΩT1_FOM_000000103361_4	UniRef100_S6AHW3~K03320	49.1	265	130	3	1	261	14	277	3.10e-77	241
Deepurify_Bin_3ΩT1_FOM_000000025795_1	UniRef100_Q03W92~K01265	92.3	261	20	0	1	261	1	261	1.09e-182	507
Deepurify_Bin_4ΩT1_UBT_000000021216_24	UniRef100_A0A1X4JMK7~K01803	100	262	0	0	1	262	4	265	2.09e-183	509
Deepurify_Bin_2ΩT2_FOM_000000009452_5	UniRef100_B1MZG2~K01092	100	262	0	0	1	262	1	262	1.38e-185	514
Deepurify_Bin_2ΩT2_FOM_000000038108_146	UniRef100_B1MZL8~K01265	99.2	262	2	0	1	262	1	262	3.41e-195	539
Deepurify_Bin_2ΩT2_FOM_000000018066_490	UniRef100_B1MY08~K03767	97.7	262	6	0	1	262	1	262	1.65e-177	494
Deepurify_Bin_0ΩT2_UBT_000000016425_25	UniRef100_Q03Z41~K01772	45.0	258	141	1	1	257	52	309	5.57e-76	239
Deepurify_Bin_0ΩT2_UBT_000000004216_110	UniRef100_A0A0N9YHH7~K01962	99.2	261	2	0	1	261	1	261	1.43e-182	507
Deepurify_Bin_1ΩT2_UBT_000000083272_3	UniRef100_A0A0D1MC19~K07260	99.2	261	2	0	1	261	1	261	1.55e-186	517
Deepurify_Bin_1ΩT2_UBT_000000000469_3	UniRef100_A0A0D1MC19~K07260	69.7	261	79	0	1	261	1	261	1.40e-127	368
Deepurify_Bin_1ΩT2_UBT_000000065998_130	UniRef100_A0A0N9YHH7~K01962	91.2	261	23	0	1	261	1	261	8.33e-166	464
Deepurify_Bin_3ΩT1_FOM_000000006674_2	UniRef100_A0A1X0VA79~K01995	89.2	260	28	0	1	260	1	260	1.04e-159	449
Deepurify_Bin_4ΩT1_UBT_000000026413_3	UniRef100_A0A0D1MC19~K07260	69.7	261	79	0	1	261	1	261	1.40e-127	368
Deepurify_Bin_4ΩT1_UBT_000000004550_7	UniRef100_A0A0D1LQQ8~K03767	65.0	263	65	2	1	258	1	241	3.69e-109	320
Deepurify_Bin_4ΩT1_UBT_000000006917_129	UniRef100_A0A0N9YHH7~K01962	91.2	261	23	0	1	261	1	261	8.33e-166	464
Deepurify_Bin_2ΩT2_FOM_000000018066_521	UniRef100_B1MXX9~K01995	99.6	261	1	0	1	261	1	261	2.37e-181	504
Deepurify_Bin_2ΩT2_FOM_000000018066_440	UniRef100_B1MY59~K00806	99.6	261	1	0	1	261	56	316	9.55e-185	514
Deepurify_Bin_0ΩT2_UBT_000000057182_3	UniRef100_A0A0D1LPU7~K02042	99.6	260	1	0	1	260	1	260	8.78e-172	479
Deepurify_Bin_0ΩT2_UBT_000000004111_9	UniRef100_A0A0D1KCT0~K02075	98.8	260	3	0	1	260	1	260	1.82e-164	461
Deepurify_Bin_0ΩT2_UBT_000000022613_9	UniRef100_A0A1L6RBP1~K15051	55.6	257	112	1	4	260	4	258	6.83e-97	290
Deepurify_Bin_0ΩT2_UBT_000000032789_2	UniRef100_A0A0D1M6J9~K01265	100	260	0	0	1	260	1	260	6.89e-194	535
Deepurify_Bin_0ΩT2_UBT_000000045448_11	UniRef100_A0A0N9Y6J6~K05896	99.6	260	1	0	1	260	1	260	3.11e-181	503
Deepurify_Bin_0ΩT2_UBT_000000021629_2	UniRef100_A0A0D1M542~K01092	100	260	0	0	1	260	1	260	6.35e-190	525
Deepurify_Bin_0ΩT2_UBT_000000034542_59	UniRef100_A0A0D1MBC6~K01265	100	260	0	0	1	260	1	260	3.41e-194	536
Deepurify_Bin_1ΩT2_UBT_000000062251_25	UniRef100_A0A0D1KCT0~K02075	85.0	260	39	0	1	260	1	260	1.36e-136	390
Deepurify_Bin_1ΩT2_UBT_000000026597_68	UniRef100_A0A0D1M542~K01092	86.5	260	35	0	1	260	1	260	7.72e-166	464
Deepurify_Bin_1ΩT2_UBT_000000009990_7	UniRef100_A0A0D1LPU7~K02042	86.9	260	34	0	1	260	1	260	7.21e-155	437
Deepurify_Bin_1ΩT2_UBT_000000009990_2	UniRef100_A0A0D1M6J9~K01265	93.5	260	17	0	1	260	1	260	3.11e-181	503
Deepurify_Bin_4ΩT1_UBT_000000014333_68	UniRef100_A0A0D1M542~K01092	86.5	260	35	0	1	260	1	260	7.72e-166	464
Deepurify_Bin_2ΩT2_FOM_000000050145_46	UniRef100_B1MVY3~K06173	99.6	260	1	0	1	260	1	260	2.48e-187	519
Deepurify_Bin_2ΩT2_FOM_000000018066_126	UniRef100_B1MZ17~K03470	100	260	0	0	1	260	1	260	4.11e-186	516
Deepurify_Bin_0ΩT2_UBT_000000039885_53	UniRef100_A0A0N9XUE6~K03811	99.2	258	2	0	1	258	1	258	4.27e-183	508
Deepurify_Bin_0ΩT2_UBT_000000021322_77	UniRef100_A0A0N9YUD3~K01992	99.6	258	1	0	2	259	1	258	3.42e-166	465
Deepurify_Bin_0ΩT2_UBT_000000021322_71	UniRef100_A0A0N9YP53~K07090	98.5	259	4	0	1	259	1	259	1.11e-169	474
Deepurify_Bin_0ΩT2_UBT_000000018558_98	UniRef100_A0A0N9XWB2~K16961	98.5	259	4	0	1	259	1	259	8.86e-176	489
Deepurify_Bin_1ΩT2_UBT_000000071291_45	UniRef100_A0A0N9YJ19~K03524	66.0	247	76	2	13	259	11	249	2.37e-106	313
Deepurify_Bin_1ΩT2_UBT_000000039277_113	UniRef100_A0A0N9YUD3~K01992	89.5	258	27	0	2	259	1	258	1.45e-151	428
Deepurify_Bin_4ΩT1_UBT_000000019571_22	UniRef100_A0A1B2A343~K07284	40.8	250	144	2	12	259	8	255	4.84e-55	183
Deepurify_Bin_4ΩT1_UBT_000000018545_45	UniRef100_A0A0N9YJ19~K03524	66.0	247	76	2	13	259	11	249	2.37e-106	313
Deepurify_Bin_2ΩT2_FOM_000000118163_6	UniRef100_Q03X56~K03496	93.1	259	18	0	1	259	1	259	1.91e-170	476
Deepurify_Bin_2ΩT2_FOM_000000040107_2	UniRef100_B1MWE9~K01101	96.9	259	6	1	1	259	1	257	1.94e-174	486
Deepurify_Bin_2ΩT2_FOM_000000118331_32	UniRef100_B1MX61~K00878	98.8	259	3	0	1	259	1	259	4.03e-172	480
Deepurify_Bin_0ΩT2_UBT_000000027995_12	UniRef100_A0A0D1LRF9~K01101	99.6	258	1	0	1	258	1	258	1.09e-180	502
Deepurify_Bin_0ΩT2_UBT_000000021629_85	UniRef100_A0A1B2IWL8~K01776	54.7	234	106	0	10	243	7	240	2.07e-80	248
Deepurify_Bin_0ΩT2_UBT_000000031606_67	UniRef100_Q03VK9~K02315	32.0	231	132	5	45	257	34	257	1.50e-27	112
Deepurify_Bin_1ΩT2_UBT_000000039277_90	UniRef100_A0A0D1LVP6~K02069	92.6	257	19	0	1	257	1	257	7.13e-163	457
Deepurify_Bin_3ΩT1_FOM_000000086418_25	UniRef100_A0A1B1ZZT6~K03437	89.5	257	27	0	1	257	1	257	9.47e-168	469
Deepurify_Bin_3ΩT1_FOM_000000083219_4	UniRef100_Q03YX1~K00878	66.3	255	86	0	1	255	1	255	1.38e-107	317
Deepurify_Bin_3ΩT1_FOM_000000035783_2	UniRef100_Q040D0~K01101	72.9	258	70	0	1	258	1	258	3.19e-134	384
Deepurify_Bin_3ΩT1_FOM_000000032047_3	UniRef100_Q03YC7~K00806	69.8	258	78	0	1	258	1	258	1.82e-124	360
Deepurify_Bin_2ΩT2_FOM_000000153740_76	UniRef100_B1MWG8~K06889	99.2	258	2	0	1	258	1	258	1.32e-181	504
Deepurify_Bin_2ΩT2_FOM_000000018066_565	UniRef100_B1MXT5~K03366	99.2	258	2	0	1	258	1	258	4.24e-178	495
Deepurify_Bin_2ΩT2_FOM_000000018066_82	UniRef100_B1MZ65~K02967	100	258	0	0	1	258	1	258	9.30e-182	504
Deepurify_Bin_0ΩT2_UBT_000000021322_30	UniRef100_A0A0D1LVP6~K02069	100	257	0	0	1	257	1	257	4.91e-172	480
Deepurify_Bin_0ΩT2_UBT_000000018558_89	UniRef100_A0A0D1M0G4~K03366	100	257	0	0	1	257	1	257	5.81e-180	500
Deepurify_Bin_0ΩT2_UBT_000000031606_1	UniRef100_A0A0N9YVE6~K01962	97.7	257	6	0	1	257	3	259	9.14e-173	482
Deepurify_Bin_1ΩT2_UBT_000000057430_14	UniRef100_A0A0D1M0G4~K03366	96.5	257	9	0	1	257	1	257	1.26e-174	486
Deepurify_Bin_3ΩT1_FOM_000000070747_5	UniRef100_D5T155~K02509	64.4	253	90	0	5	257	8	260	2.41e-111	327
Deepurify_Bin_2ΩT2_FOM_000000118163_20	UniRef100_A0A1B2A2T4~K07284	55.7	255	102	2	14	257	38	292	1.78e-91	277
Deepurify_Bin_2ΩT2_FOM_000000008711_15	UniRef100_B1MXI6~K03437	100	257	0	0	1	257	1	257	4.45e-184	510
Deepurify_Bin_0ΩT2_UBT_000000065368_6	UniRef100_D5T1W0~K01992	35.3	215	135	1	1	211	2	216	1.34e-38	140
Deepurify_Bin_0ΩT2_UBT_000000044357_11	UniRef100_A0A0D1LSD1~K05833	100	256	0	0	1	256	1	256	9.99e-176	489
Deepurify_Bin_0ΩT2_UBT_000000026317_16	UniRef100_A0A0N7HB45~K03436	98.8	256	3	0	1	256	1	256	9.83e-167	466
Deepurify_Bin_0ΩT2_UBT_000000083495_14	UniRef100_A0A0D1M3L5~K03496	98.4	256	4	0	1	256	1	256	1.17e-174	486
Deepurify_Bin_0ΩT2_UBT_000000021322_53	UniRef100_A0A0D1KCH8~K05366	99.2	256	2	0	1	256	1	256	2.99e-177	493
Deepurify_Bin_0ΩT2_UBT_000000021629_60	UniRef100_A0A0N9XUL7~K00891	93.8	256	16	0	1	256	1	256	2.70e-164	460
Deepurify_Bin_1ΩT2_UBT_000000027031_4	UniRef100_A0A0N9YKJ7~K03437	99.6	256	1	0	1	256	1	256	1.88e-180	501
Deepurify_Bin_1ΩT2_UBT_000000041806_12	UniRef100_A0A0N9YKJ7~K03437	91.8	256	21	0	1	256	1	256	2.52e-169	473
Deepurify_Bin_1ΩT2_UBT_000000020635_16	UniRef100_A0A0A1GXE6~K03366	78.4	255	55	0	1	255	1	255	1.66e-135	387
Deepurify_Bin_1ΩT2_UBT_000000031997_25	UniRef100_A0A0N9YVE6~K01962	78.1	256	56	0	1	256	3	258	9.63e-138	393
Deepurify_Bin_1ΩT2_UBT_000000026597_9	UniRef100_A0A0N9XUL7~K00891	71.9	256	72	0	1	256	1	256	7.15e-123	355
Deepurify_Bin_1ΩT2_UBT_000000011170_33	UniRef100_A0A0D1LSD1~K05833	91.0	256	23	0	1	256	1	256	1.17e-158	446
Deepurify_Bin_1ΩT2_UBT_000000039277_110	UniRef100_A0A0D1KCH8~K05366	70.7	256	75	0	1	256	1	256	2.76e-127	367
Deepurify_Bin_1ΩT2_UBT_000000039277_14	UniRef100_A0A0D1M3L5~K03496	94.1	255	15	0	1	255	1	255	7.22e-169	472
Deepurify_Bin_3ΩT1_FOM_000000128291_13	UniRef100_K0D9B1~K02036	89.8	256	26	0	1	256	1	256	4.67e-165	462
Deepurify_Bin_3ΩT1_FOM_000000039059_12	UniRef100_A0A0K2LFZ6~K01990	57.4	251	104	2	4	253	5	253	1.17e-92	279
Deepurify_Bin_4ΩT1_UBT_000000000931_7	UniRef100_A0A0N9YKJ7~K03437	99.6	256	1	0	1	256	1	256	1.88e-180	501
Deepurify_Bin_4ΩT1_UBT_000000015629_16	UniRef100_A0A0A1GXE6~K03366	78.4	255	55	0	1	255	1	255	1.66e-135	387
Deepurify_Bin_4ΩT1_UBT_000000014333_9	UniRef100_A0A0N9XUL7~K00891	71.9	256	72	0	1	256	1	256	7.15e-123	355
Deepurify_Bin_2ΩT2_FOM_000000029022_20	UniRef100_B1MWL5~K03366	100	256	0	0	1	256	1	256	2.67e-180	501
Deepurify_Bin_2ΩT2_FOM_000000038108_36	UniRef100_B1MZX9~K02036	100	256	0	0	1	256	1	256	2.78e-182	506
Deepurify_Bin_2ΩT2_FOM_000000018066_637	UniRef100_B1MXL4~K00065	100	256	0	0	1	256	1	256	5.38e-180	500
Deepurify_Bin_0ΩT2_UBT_000000057182_2	UniRef100_A0A0N7HAG4~K02041	99.6	255	1	0	1	255	3	257	7.00e-176	489
Deepurify_Bin_0ΩT2_UBT_000000016372_3	UniRef100_A0A231I236~K16698	33.3	243	159	3	2	242	13	254	9.41e-39	141
Deepurify_Bin_0ΩT2_UBT_000000016425_1	UniRef100_A0A0C5CFH4~K02564	36.4	239	140	7	1	236	1	230	8.48e-36	133
Deepurify_Bin_0ΩT2_UBT_000000026317_2	UniRef100_A0A0C5CFH4~K02564	36.3	240	141	7	1	237	1	231	9.30e-35	130
Deepurify_Bin_0ΩT2_UBT_000000045448_47	UniRef100_A0A0D1MB77~K01104	97.3	255	7	0	1	255	1	255	1.03e-172	481
Deepurify_Bin_0ΩT2_UBT_000000045448_9	UniRef100_A0A0N9XV05~K06178	99.6	255	1	0	1	255	1	255	1.01e-179	499
Deepurify_Bin_1ΩT2_UBT_000000082767_9	UniRef100_A0A0N9XV05~K06178	95.3	255	12	0	1	255	1	255	4.21e-172	480
Deepurify_Bin_1ΩT2_UBT_000000009990_8	UniRef100_A0A0N7HAG4~K02041	87.5	255	32	0	1	255	3	257	1.02e-152	431
Deepurify_Bin_3ΩT1_FOM_000000118623_6	UniRef100_D5T4F1~K05896	69.4	255	78	0	1	255	1	255	8.50e-115	335
Deepurify_Bin_3ΩT1_FOM_000000070293_26	UniRef100_A0A1X0V5Z8~K00286	64.6	254	90	0	1	254	1	254	9.25e-109	320
Deepurify_Bin_3ΩT1_FOM_000000061358_3	UniRef100_A0A1X9VSB2~K03811	86.3	255	35	0	1	255	1	255	1.61e-160	451
Deepurify_Bin_3ΩT1_FOM_000000035783_19	UniRef100_D5SZP4~K01992	93.3	255	17	0	1	255	1	255	8.54e-156	439
Deepurify_Bin_3ΩT1_FOM_000000007765_5	UniRef100_Q03YH7~K03767	69.0	255	73	1	1	255	2	250	3.91e-116	338
Deepurify_Bin_4ΩT1_UBT_000000004766_9	UniRef100_A0A0N9XV05~K06178	95.3	255	12	0	1	255	1	255	4.21e-172	480
Deepurify_Bin_4ΩT1_UBT_000000018109_27	UniRef100_A0A0D1LRF9~K01101	86.6	253	34	0	3	255	5	257	4.80e-149	422
Deepurify_Bin_2ΩT2_FOM_000000153740_64	UniRef100_B1MWF6~K01992	99.6	255	1	0	1	255	1	255	1.64e-169	473
Deepurify_Bin_2ΩT2_FOM_000000038108_82	UniRef100_B1MZT3~K01104	98.4	255	4	0	1	255	1	255	5.58e-177	492
Deepurify_Bin_2ΩT2_FOM_000000080637_195	UniRef100_B1MVS4~K00286	98.0	255	5	0	1	255	1	255	6.86e-162	454
Deepurify_Bin_0ΩT2_UBT_000000008485_5	UniRef100_D5MJ66~K00927	52.9	257	114	2	1	254	30	282	1.20e-83	257
Deepurify_Bin_0ΩT2_UBT_000000021629_28	UniRef100_A0A0D1LXK2~K03470	98.0	254	5	0	1	254	1	254	5.09e-168	469
Deepurify_Bin_0ΩT2_UBT_000000018558_88	UniRef100_A0A1L3ZSW0~K00038	46.2	253	125	4	2	252	1	244	5.95e-60	195
Deepurify_Bin_1ΩT2_UBT_000000031065_7	UniRef100_A0A0D1K3I0~K02357	94.9	255	13	0	1	255	1	255	1.45e-160	452
Deepurify_Bin_1ΩT2_UBT_000000064455_8	UniRef100_A0A0N9YRU3~K00878	70.4	253	75	0	1	253	1	253	4.85e-115	335
Deepurify_Bin_1ΩT2_UBT_000000057430_2	UniRef100_A0A0X1RZX1~K00038	45.4	251	128	4	4	254	3	244	2.79e-60	196
Deepurify_Bin_1ΩT2_UBT_000000026597_43	UniRef100_A0A0D1LXK2~K03470	79.5	254	52	0	1	254	1	254	8.67e-137	390
Deepurify_Bin_3ΩT1_FOM_000000032047_4	UniRef100_J9UHJ7~K00820	40.8	267	143	3	1	254	41	305	1.90e-52	178
Deepurify_Bin_3ΩT1_FOM_000000020217_17	UniRef100_Q03VY0~K02500	74.0	254	66	0	1	254	1	254	1.68e-127	367
Deepurify_Bin_3ΩT1_FOM_000000008989_1	UniRef100_D4LPE7~K03168	57.8	232	95	2	24	253	3	233	2.09e-88	268
Deepurify_Bin_4ΩT1_UBT_000000012076_7	UniRef100_A0A0D1K3I0~K02357	94.9	255	13	0	1	255	1	255	1.45e-160	452
Deepurify_Bin_4ΩT1_UBT_000000014333_43	UniRef100_A0A0D1LXK2~K03470	79.5	254	52	0	1	254	1	254	8.67e-137	390
Deepurify_Bin_2ΩT2_FOM_000000038108_73	UniRef100_B1MZU3~K03436	99.2	254	2	0	1	254	1	254	1.78e-168	471
Deepurify_Bin_2ΩT2_FOM_000000018066_474	UniRef100_B1MY25~K02003	99.6	254	1	0	1	254	1	254	7.03e-175	487
Deepurify_Bin_0ΩT2_UBT_000000039885_15	UniRef100_A0A0N9YRU3~K00878	96.4	253	9	0	1	253	1	253	2.39e-161	452
Deepurify_Bin_0ΩT2_UBT_000000034542_95	UniRef100_A0A031WHT2~K15460	39.0	246	143	4	9	253	7	246	1.04e-46	161
Deepurify_Bin_1ΩT2_UBT_000000041069_3	UniRef100_A0A031WHT2~K15460	38.6	249	146	4	3	250	1	243	1.86e-47	163
Deepurify_Bin_3ΩT1_FOM_000000103126_11	UniRef100_A0A1X0UUL4~K03496	92.5	253	19	0	1	253	1	253	2.39e-161	452
Deepurify_Bin_2ΩT2_FOM_000000118331_62	UniRef100_B1MX31~K03496	100	253	0	0	1	253	1	253	1.87e-174	486
Deepurify_Bin_2ΩT2_FOM_000000080637_237	UniRef100_B1MVW5~K03218	99.2	253	2	0	1	253	1	253	5.82e-178	494
Deepurify_Bin_2ΩT2_FOM_000000018066_387	UniRef100_B1MYA8~K05896	98.0	253	5	0	1	253	6	258	4.64e-167	467
Deepurify_Bin_2ΩT2_FOM_000000018066_80	UniRef100_F2NSX4~K15460	38.0	245	146	5	6	249	3	242	4.67e-47	162
Deepurify_Bin_1ΩT2_UBT_000000020824_6	UniRef100_A0A0D1MBI1~K02036	100	252	0	0	1	252	1	252	6.55e-179	497
Deepurify_Bin_3ΩT1_FOM_000000001815_2	UniRef100_Q39TI0~K05296	44.6	249	131	3	2	246	1	246	3.79e-71	224
Deepurify_Bin_4ΩT1_UBT_000000018109_17	UniRef100_A0A0D1MBI1~K02036	98.4	252	4	0	1	252	1	252	2.56e-176	490
Deepurify_Bin_2ΩT2_FOM_000000153740_44	UniRef100_B1MW50~K01992	100	252	0	0	1	252	1	252	6.93e-165	461
Deepurify_Bin_2ΩT2_FOM_000000038108_84	UniRef100_A0A150L203~K00903	45.9	220	117	2	13	232	2	219	2.02e-55	183
Deepurify_Bin_2ΩT2_FOM_000000080637_197	UniRef100_B1MVS6~K07260	95.6	252	11	0	1	252	1	252	8.44e-166	464
Deepurify_Bin_0ΩT2_UBT_000000032422_1	UniRef100_A0A0D1KBG7~K07052	94.0	252	15	0	1	252	1	252	7.01e-156	439
Deepurify_Bin_0ΩT2_UBT_000000087819_61	UniRef100_A0A0D1JIN5~K03499	95.0	222	11	0	30	251	1	222	5.44e-141	400
Deepurify_Bin_0ΩT2_UBT_000000087819_10	UniRef100_A0A0D1JIN5~K03499	95.0	222	11	0	30	251	1	222	5.44e-141	400
Deepurify_Bin_2ΩT2_FOM_000000040107_37	UniRef100_B1MWB1~K05833	99.6	251	1	0	1	251	1	251	3.61e-171	477
Deepurify_Bin_2ΩT2_FOM_000000018066_633	UniRef100_B1MXL8~K01126	98.4	251	4	0	1	251	1	251	5.41e-182	504
Deepurify_Bin_2ΩT2_FOM_000000018066_243	UniRef100_B1MYQ7~K00208	100	251	0	0	1	251	1	251	7.60e-173	481
Deepurify_Bin_0ΩT2_UBT_000000018558_111	UniRef100_U2PLW1~K02483	78.2	239	49	2	1	236	19	257	1.72e-130	375
Deepurify_Bin_0ΩT2_UBT_000000018558_15	UniRef100_A0A0D1LXD3~K02003	99.6	250	1	0	1	250	1	250	1.04e-174	486
Deepurify_Bin_1ΩT2_UBT_000000057430_26	UniRef100_U2PLW1~K02483	77.2	246	51	3	1	243	19	262	8.94e-133	380
Deepurify_Bin_1ΩT2_UBT_000000038068_17	UniRef100_A0A0D1LXD3~K02003	91.6	249	21	0	1	249	1	249	2.59e-159	447
Deepurify_Bin_4ΩT1_UBT_000000024370_17	UniRef100_A0A0D1LXD3~K02003	91.6	249	21	0	1	249	1	249	2.59e-159	447
Deepurify_Bin_2ΩT2_FOM_000000035880_12	UniRef100_B1MXC7~K02028	100	250	0	0	1	250	1	250	2.36e-171	478
Deepurify_Bin_2ΩT2_FOM_000000153740_68	UniRef100_K0DBZ2~K01992	48.4	250	128	1	1	249	1	250	1.33e-74	233
Deepurify_Bin_0ΩT2_UBT_000000024631_2	UniRef100_A0A0N9Y4H3~K06173	99.2	249	2	0	1	249	1	249	8.35e-185	511
Deepurify_Bin_0ΩT2_UBT_000000044674_31	UniRef100_A0A0D1JFX1~K16511	99.2	249	2	0	1	249	1	249	9.12e-164	458
Deepurify_Bin_0ΩT2_UBT_000000004216_40	UniRef100_A0A0N9XVI6~K19973	98.4	249	4	0	1	249	1	249	1.13e-173	483
Deepurify_Bin_1ΩT2_UBT_000000065998_39	UniRef100_A0A0N9XVI6~K19973	88.4	249	29	0	1	249	1	249	1.69e-159	447
Deepurify_Bin_3ΩT1_FOM_000000118623_8	UniRef100_A0A1X0V9E4~K06178	82.3	249	44	0	1	249	1	249	2.78e-142	404
Deepurify_Bin_3ΩT1_FOM_000000046715_15	UniRef100_Q03Y92~K01923	63.1	249	92	0	1	249	1	249	7.72e-112	327
Deepurify_Bin_3ΩT1_FOM_000000039059_29	UniRef100_A0A1X0V6A5~K03218	85.1	249	37	0	1	249	1	249	2.25e-148	419
Deepurify_Bin_4ΩT1_UBT_000000006917_39	UniRef100_A0A0N9XVI6~K19973	88.4	249	29	0	1	249	1	249	1.69e-159	447
Deepurify_Bin_2ΩT2_FOM_000000018066_385	UniRef100_B1MYB0~K06178	100	249	0	0	1	249	1	249	7.61e-172	479
Deepurify_Bin_0ΩT2_UBT_000000019873_16	UniRef100_A0A0D1K5D6~K09761	99.6	248	1	0	1	248	1	248	8.22e-171	476
Deepurify_Bin_0ΩT2_UBT_000000027995_2	UniRef100_J9YES1~K19286	52.8	248	115	2	1	248	1	246	4.50e-86	261
Deepurify_Bin_3ΩT1_FOM_000000154240_21	UniRef100_A0A1X0V6E3~K07260	68.4	212	67	0	37	248	46	257	3.48e-100	298
Deepurify_Bin_3ΩT1_FOM_000000153174_12	UniRef100_B1MW50~K01992	51.8	249	117	2	1	248	1	247	1.37e-76	238
Deepurify_Bin_3ΩT1_FOM_000000101154_6	UniRef100_A0A1B2A378~K03524	57.8	244	101	2	1	242	1	244	4.15e-89	269
Deepurify_Bin_3ΩT1_FOM_000000070293_18	UniRef100_B1MW82~K02041	89.5	248	26	0	1	248	1	248	8.66e-157	441
Deepurify_Bin_3ΩT1_FOM_000000023918_2	UniRef100_J7L8N0~K03574	30.2	225	122	4	25	246	14	206	1.56e-19	90.1
Deepurify_Bin_4ΩT1_UBT_000000021839_16	UniRef100_A0A0D1K5D6~K09761	75.0	248	62	0	1	248	1	248	2.16e-127	366
Deepurify_Bin_4ΩT1_UBT_000000018112_30	UniRef100_A0A0E3WGC3~K20490	38.2	241	140	2	1	241	1	232	5.45e-56	184
Deepurify_Bin_2ΩT2_FOM_000000040107_67	UniRef100_B1MW82~K02041	98.8	248	3	0	1	248	1	248	8.22e-171	476
Deepurify_Bin_2ΩT2_FOM_000000080637_96	UniRef100_D2BQU2~K01992	60.6	241	94	1	1	241	1	240	3.70e-92	277
Deepurify_Bin_2ΩT2_FOM_000000018066_557	UniRef100_B1MXU3~K20074	98.8	248	3	0	1	248	1	248	2.46e-172	480
Deepurify_Bin_0ΩT2_UBT_000000046295_7	UniRef100_A0A0D1MBY0~K01071	99.6	247	1	0	1	247	1	247	8.62e-177	491
Deepurify_Bin_1ΩT2_UBT_000000036495_4	UniRef100_A0A0N9XUA1~K07052	99.6	247	1	0	1	247	1	247	5.42e-180	499
Deepurify_Bin_1ΩT2_UBT_000000066925_35	UniRef100_A0A0D1JFX1~K16511	79.8	248	48	1	1	246	1	248	8.34e-125	360
Deepurify_Bin_3ΩT1_FOM_000000039059_11	UniRef100_A0A0K2LA46~K01992	34.0	244	159	1	4	247	3	244	6.83e-45	156
Deepurify_Bin_4ΩT1_UBT_000000007014_12	UniRef100_A0A0D1MBY0~K01071	79.4	247	51	0	1	247	1	247	2.50e-144	409
Deepurify_Bin_4ΩT1_UBT_000000006101_4	UniRef100_A0A0N9XUA1~K07052	99.6	247	1	0	1	247	1	247	5.42e-180	499
Deepurify_Bin_4ΩT1_UBT_000000007542_35	UniRef100_A0A0D1JFX1~K16511	79.8	248	48	1	1	246	1	248	8.34e-125	360
Deepurify_Bin_2ΩT2_FOM_000000018066_464	UniRef100_D5T0S1~K01923	75.5	245	60	0	1	245	1	245	5.18e-130	373
Deepurify_Bin_0ΩT2_UBT_000000082639_9	UniRef100_A0A0D1M665~K00554	100	246	0	0	1	246	1	246	9.32e-176	488
Deepurify_Bin_0ΩT2_UBT_000000046529_15	UniRef100_A0A0D1LW92~K20074	100	246	0	0	1	246	1	246	1.42e-170	475
Deepurify_Bin_0ΩT2_UBT_000000021322_26	UniRef100_A0A0N9XWZ8~K10010	99.2	246	2	0	1	246	1	246	7.66e-175	486
Deepurify_Bin_0ΩT2_UBT_000000004216_81	UniRef100_A0A0D1JW51~K00215	99.2	246	2	0	1	246	1	246	3.91e-168	469
Deepurify_Bin_0ΩT2_UBT_000000031606_17	UniRef100_A0A0D1JPK7~K02086	98.4	246	4	0	1	246	1	246	1.55e-174	485
Deepurify_Bin_1ΩT2_UBT_000000006453_2	UniRef100_A0A0N7HAS3~K03811	92.6	244	18	0	1	244	1	244	7.87e-163	456
Deepurify_Bin_1ΩT2_UBT_000000031997_4	UniRef100_A0A0D1JPK7~K02086	76.8	246	57	0	1	246	1	246	1.12e-135	387
Deepurify_Bin_1ΩT2_UBT_000000076338_41	UniRef100_A0A0D1LW92~K20074	82.9	246	42	0	1	246	1	246	7.41e-141	400
Deepurify_Bin_1ΩT2_UBT_000000076338_6	UniRef100_A0A0D1LW92~K20074	82.9	246	42	0	1	246	1	246	7.41e-141	400
Deepurify_Bin_1ΩT2_UBT_000000011170_14	UniRef100_A0A0N9XTP0~K01923	66.3	246	83	0	1	246	1	246	1.95e-108	318
Deepurify_Bin_1ΩT2_UBT_000000039277_89	UniRef100_A0A0N9XWZ8~K10010	94.3	246	14	0	1	246	1	246	6.48e-167	466
Deepurify_Bin_1ΩT2_UBT_000000065998_102	UniRef100_A0A0D1JW51~K00215	77.6	246	55	0	1	246	1	246	2.91e-131	376
Deepurify_Bin_1ΩT2_UBT_000000065998_33	UniRef100_D5T429~K07010	50.2	241	116	1	1	241	1	237	8.30e-84	255
Deepurify_Bin_3ΩT1_FOM_000000157512_33	UniRef100_Q03W52~K00554	89.3	243	26	0	1	243	1	243	7.78e-156	438
Deepurify_Bin_3ΩT1_FOM_000000152060_4	UniRef100_K0D9U4~K09761	63.3	245	89	1	1	245	1	244	1.07e-100	298
Deepurify_Bin_3ΩT1_FOM_000000038029_5	UniRef100_K0DB36~K01126	73.1	242	65	0	2	243	5	246	1.11e-130	375
Deepurify_Bin_4ΩT1_UBT_000000015948_2	UniRef100_A0A0N7HAS3~K03811	92.6	244	18	0	1	244	1	244	7.87e-163	456
Deepurify_Bin_4ΩT1_UBT_000000027144_19	UniRef100_A0A0D1LW92~K20074	82.9	246	42	0	1	246	1	246	7.41e-141	400
Deepurify_Bin_4ΩT1_UBT_000000006917_102	UniRef100_A0A0D1JW51~K00215	77.6	246	55	0	1	246	1	246	2.91e-131	376
Deepurify_Bin_4ΩT1_UBT_000000006917_33	UniRef100_D5T429~K07010	50.2	241	116	1	1	241	1	237	8.30e-84	255
Deepurify_Bin_2ΩT2_FOM_000000029022_16	UniRef100_A0A0U3EZA7~K03574	32.1	221	115	4	26	240	26	217	1.26e-23	101
Deepurify_Bin_2ΩT2_FOM_000000080637_193	UniRef100_B1MVS2~K07273	100	246	0	0	1	246	1	246	6.04e-172	479
Deepurify_Bin_0ΩT2_UBT_000000018989_1	UniRef100_D5T243~K07104	60.2	244	97	0	1	244	1	244	9.96e-106	312
Deepurify_Bin_0ΩT2_UBT_000000024631_12	UniRef100_A0A0N9YQM5~K19973	99.2	245	2	0	1	245	1	245	3.62e-168	469
Deepurify_Bin_0ΩT2_UBT_000000016425_38	UniRef100_A0A0N9YVG5~K00059	76.3	245	58	0	1	245	1	245	1.42e-126	364
Deepurify_Bin_0ΩT2_UBT_000000003960_31	UniRef100_A0A1L6RA24~K02028	81.2	245	46	0	1	245	1	245	1.97e-140	399
Deepurify_Bin_0ΩT2_UBT_000000026317_38	UniRef100_A0A0N9YVG5~K00059	100	245	0	0	1	245	1	245	3.47e-166	464
Deepurify_Bin_0ΩT2_UBT_000000004216_78	UniRef100_A0A1B2A1F6~K07010	54.2	238	105	1	1	238	1	234	3.57e-83	254
Deepurify_Bin_1ΩT2_UBT_000000024381_3	UniRef100_F8HYF5~K07150	73.3	243	65	0	3	245	1	243	3.60e-124	358
Deepurify_Bin_3ΩT1_FOM_000000081119_23	UniRef100_C2KL80~K07052	60.0	240	96	0	1	240	1	240	5.10e-96	286
Deepurify_Bin_3ΩT1_FOM_000000081119_4	UniRef100_Q03YT3~K07273	70.2	245	73	0	1	245	1	245	4.73e-118	342
Deepurify_Bin_3ΩT1_FOM_000000063874_21	UniRef100_A0A1B2A0G7~K10041	93.5	245	16	0	1	245	1	245	1.24e-159	447
Deepurify_Bin_3ΩT1_FOM_000000049305_3	UniRef100_Q04FV1~K01990	60.8	245	96	0	1	245	1	245	4.40e-102	302
Deepurify_Bin_3ΩT1_FOM_000000006674_6	UniRef100_J9YIB5~K01990	61.6	245	94	0	1	245	1	245	8.11e-99	294
Deepurify_Bin_4ΩT1_UBT_000000015941_8	UniRef100_A0A0D1M665~K00554	94.7	244	13	0	1	244	1	244	5.97e-165	461
Deepurify_Bin_4ΩT1_UBT_000000001140_31	UniRef100_A0A1L6RA24~K02028	80.8	245	47	0	1	245	1	245	5.38e-138	393
Deepurify_Bin_2ΩT2_FOM_000000008711_49	UniRef100_A0A1G1S8D8~K00433	30.4	227	158	0	10	236	11	237	5.29e-37	136
Deepurify_Bin_2ΩT2_FOM_000000029022_57	UniRef100_B1MWQ5~K10041	99.2	245	2	0	1	245	1	245	1.72e-166	465
Deepurify_Bin_2ΩT2_FOM_000000040107_18	UniRef100_B1MWD1~K00930	98.8	245	3	0	1	245	1	245	9.66e-173	481
Deepurify_Bin_2ΩT2_FOM_000000040107_16	UniRef100_H1WRF8~K03183	99.6	245	1	0	1	245	1	245	2.58e-177	492
Deepurify_Bin_2ΩT2_FOM_000000118331_21	UniRef100_B1MX72~K10010	98.8	245	3	0	1	245	1	245	5.14e-168	469
Deepurify_Bin_2ΩT2_FOM_000000080637_201	UniRef100_B1MVT0~K01071	99.2	245	2	0	1	245	1	245	1.05e-176	491
Deepurify_Bin_2ΩT2_FOM_000000080637_141	UniRef100_B1MVM2~K10678	99.2	245	2	0	1	245	1	245	3.23e-171	477
Deepurify_Bin_2ΩT2_FOM_000000018066_93	UniRef100_B1MZ54~K09761	99.6	245	1	0	1	245	1	245	8.89e-169	471
Deepurify_Bin_0ΩT2_UBT_000000087050_2	UniRef100_A0A0N7HAS3~K03811	98.0	244	5	0	1	244	1	244	7.05e-170	473
Deepurify_Bin_0ΩT2_UBT_000000039885_62	UniRef100_A0A0N9YLL1~K01575	95.9	244	10	0	1	244	1	244	6.49e-166	463
Deepurify_Bin_1ΩT2_UBT_000000079358_11	UniRef100_F2M0B9~K09963	32.7	251	138	12	3	238	8	242	7.69e-22	96.7
Deepurify_Bin_1ΩT2_UBT_000000071291_40	UniRef100_A0A0D1LTG7~K10041	97.5	244	6	0	1	244	1	244	1.08e-164	460
Deepurify_Bin_3ΩT1_FOM_000000154240_13	UniRef100_A0A1B2A073~K10010	66.4	244	82	0	1	244	1	244	8.37e-109	319
Deepurify_Bin_3ΩT1_FOM_000000102875_4	UniRef100_A0A0K1MW15~K03489	52.9	244	115	0	1	244	1	244	1.16e-72	227
Deepurify_Bin_3ΩT1_FOM_000000042774_6	UniRef100_A0A1G1S8D8~K00433	33.5	227	151	0	10	236	11	237	1.18e-38	140
Deepurify_Bin_3ΩT1_FOM_000000007765_3	UniRef100_Q03YI0~K02028	78.7	244	52	0	1	244	1	244	3.06e-132	378
Deepurify_Bin_4ΩT1_UBT_000000021238_15	UniRef100_F2M0B9~K09963	32.7	251	138	12	3	238	8	242	7.69e-22	96.7
Deepurify_Bin_4ΩT1_UBT_000000018545_40	UniRef100_A0A0D1LTG7~K10041	97.5	244	6	0	1	244	1	244	1.08e-164	460
Deepurify_Bin_2ΩT2_FOM_000000080637_87	UniRef100_B1N0C0~K00059	98.8	244	3	0	1	244	1	244	9.21e-166	463
Deepurify_Bin_2ΩT2_FOM_000000018066_614	UniRef100_B1MXN6~K07052	97.1	244	7	0	1	244	13	256	1.34e-154	435
Deepurify_Bin_2ΩT2_FOM_000000018066_493	UniRef100_B1MY05~K02028	100	244	0	0	1	244	1	244	1.66e-168	470
Deepurify_Bin_2ΩT2_FOM_000000018066_323	UniRef100_B1MYH6~K00059	99.6	244	1	0	1	244	1	244	1.22e-170	475
Deepurify_Bin_2ΩT2_FOM_000000018066_19	UniRef100_B1MZE9~K01990	99.6	244	1	0	1	244	1	244	7.35e-172	478
Deepurify_Bin_0ΩT2_UBT_000000016372_26	UniRef100_A0A0D1LW53~K02028	99.2	243	2	0	1	243	1	243	8.53e-166	463
Deepurify_Bin_0ΩT2_UBT_000000016372_2	UniRef100_C2EH46~K03492	49.8	239	119	1	4	241	10	248	3.51e-82	251
Deepurify_Bin_0ΩT2_UBT_000000035055_45	UniRef100_A0A0D1LTW6~K07150	100	243	0	0	1	243	1	243	2.15e-159	447
Deepurify_Bin_0ΩT2_UBT_000000031606_109	UniRef100_A0A0D1K411~K06890	97.9	243	5	0	1	243	1	243	4.16e-157	441
Deepurify_Bin_1ΩT2_UBT_000000062251_17	UniRef100_A0A0D1LW53~K02028	90.9	243	22	0	1	243	1	243	1.55e-152	429
Deepurify_Bin_1ΩT2_UBT_000000062251_2	UniRef100_C2EH46~K03492	50.0	240	119	1	3	241	9	248	8.68e-83	253
Deepurify_Bin_3ΩT1_FOM_000000147534_3	UniRef100_A0A1X0V6G7~K00059	84.0	243	39	0	1	243	1	243	1.62e-138	394
Deepurify_Bin_3ΩT1_FOM_000000139589_7	UniRef100_Q03V96~K07009	85.6	243	35	0	1	243	1	243	7.38e-151	425
Deepurify_Bin_3ΩT1_FOM_000000016860_2	UniRef100_A0A1X0V6H4~K01071	76.5	243	57	0	1	243	1	243	1.39e-139	397
Deepurify_Bin_2ΩT2_FOM_000000118331_7	UniRef100_B1MX86~K00059	99.6	243	1	0	1	243	1	243	8.18e-164	458
Deepurify_Bin_2ΩT2_FOM_000000080637_159	UniRef100_B1MVP0~K07009	99.6	243	1	0	1	243	1	243	1.89e-178	495
Deepurify_Bin_0ΩT2_UBT_000000003155_22	UniRef100_A0A0D1KHF9~K02564	99.2	242	2	0	1	242	1	242	3.00e-170	474
Deepurify_Bin_0ΩT2_UBT_000000004216_76	UniRef100_A0A0N9XVM2~K08641	99.2	242	2	0	1	242	1	242	1.28e-180	500
Deepurify_Bin_1ΩT2_UBT_000000001689_24	UniRef100_A0A0D1KHF9~K02564	85.1	242	36	0	1	242	1	242	2.97e-145	411
Deepurify_Bin_1ΩT2_UBT_000000001669_20	UniRef100_A0A0N9Y836~K07497	93.9	228	14	0	15	242	1	228	6.12e-153	430
Deepurify_Bin_1ΩT2_UBT_000000066925_44	UniRef100_A0A0D1LYL8~K07052	70.7	242	69	1	1	242	1	240	1.10e-112	328
Deepurify_Bin_1ΩT2_UBT_000000065998_96	UniRef100_A0A0N9XVM2~K08641	70.7	242	71	0	1	242	1	242	7.19e-130	372
Deepurify_Bin_3ΩT1_FOM_000000035783_12	UniRef100_D5T364~K06188	77.8	239	53	0	1	239	1	239	2.07e-119	345
Deepurify_Bin_3ΩT1_FOM_000000026211_2	UniRef100_C2EH46~K03492	60.2	241	95	1	1	240	8	248	1.52e-102	303
Deepurify_Bin_4ΩT1_UBT_000000019564_23	UniRef100_A0A0D1KHF9~K02564	85.1	242	36	0	1	242	1	242	2.97e-145	411
Deepurify_Bin_4ΩT1_UBT_000000021216_7	UniRef100_A0A0D1LQQ8~K03767	99.2	242	2	0	1	242	1	242	1.12e-165	462
Deepurify_Bin_4ΩT1_UBT_000000007542_44	UniRef100_A0A0D1LYL8~K07052	70.7	242	69	1	1	242	1	240	1.10e-112	328
Deepurify_Bin_4ΩT1_UBT_000000006917_96	UniRef100_A0A0N9XVM2~K08641	70.7	242	71	0	1	242	1	242	7.19e-130	372
Deepurify_Bin_2ΩT2_FOM_000000018066_520	UniRef100_B1MXY0~K01996	99.6	242	1	0	1	242	1	242	5.33e-164	458
Deepurify_Bin_0ΩT2_UBT_000000046529_1	UniRef100_A2C730~K00975	38.5	252	138	6	2	241	1	247	1.11e-42	150
Deepurify_Bin_0ΩT2_UBT_000000027106_9	UniRef100_A0A0N9XTP0~K01923	97.9	241	5	0	1	241	6	246	1.20e-163	457
Deepurify_Bin_0ΩT2_UBT_000000044674_43	UniRef100_A0A0D1LYL8~K07052	97.9	241	5	0	1	241	1	241	1.07e-158	445
Deepurify_Bin_0ΩT2_UBT_000000004216_94	UniRef100_A0A075U6L8~K07284	63.9	230	81	1	12	241	12	239	1.32e-103	305
Deepurify_Bin_1ΩT2_UBT_000000020938_31	UniRef100_A0A0D1K411~K06890	76.5	243	55	1	1	241	1	243	1.78e-123	356
Deepurify_Bin_1ΩT2_UBT_000000065998_115	UniRef100_A0A075U6L8~K07284	59.6	223	88	1	19	241	19	239	1.29e-96	288
Deepurify_Bin_3ΩT1_FOM_000000094040_4	UniRef100_A0A1X0V9K7~K00215	72.5	240	66	0	1	240	1	240	8.79e-121	349
Deepurify_Bin_3ΩT1_FOM_000000070293_9	UniRef100_A0A1X0UVM2~K02108	95.0	241	12	0	1	241	1	241	4.35e-158	443
Deepurify_Bin_4ΩT1_UBT_000000027144_1	UniRef100_A2C730~K00975	38.9	252	137	7	2	241	1	247	7.86e-43	151
Deepurify_Bin_4ΩT1_UBT_000000006917_115	UniRef100_A0A075U6L8~K07284	59.6	223	88	1	19	241	19	239	1.29e-96	288
Deepurify_Bin_2ΩT2_FOM_000000040107_58	UniRef100_B1MW91~K02108	100	241	0	0	1	241	1	241	1.32e-168	470
Deepurify_Bin_2ΩT2_FOM_000000038108_137	UniRef100_B1MZM7~K00215	97.9	241	5	0	1	241	1	241	2.86e-163	456
Deepurify_Bin_2ΩT2_FOM_000000038108_81	UniRef100_B1MZT4~K00554	98.8	241	3	0	1	241	1	241	5.00e-173	481
Deepurify_Bin_2ΩT2_FOM_000000018066_84	UniRef100_B1MZ63~K09903	100	241	0	0	1	241	1	241	3.78e-168	469
Deepurify_Bin_0ΩT2_UBT_000000046295_5	UniRef100_A8AUT0~K01409	44.8	241	121	5	1	240	1	230	9.03e-60	194
Deepurify_Bin_0ΩT2_UBT_000000026330_44	UniRef100_A0A0D1LF73~K00059	100	240	0	0	1	240	1	240	7.27e-161	450
Deepurify_Bin_0ΩT2_UBT_000000045448_49	UniRef100_A0A0D1KIK0~K09903	99.6	240	1	0	1	240	1	240	1.86e-163	457
Deepurify_Bin_0ΩT2_UBT_000000045448_45	UniRef100_A0A1Y0YW02~K00903	42.5	214	122	1	21	234	15	227	1.82e-48	165
Deepurify_Bin_1ΩT2_UBT_000000061643_33	UniRef100_A0A0D1LF73~K00059	91.7	240	20	0	1	240	1	240	1.32e-147	417
Deepurify_Bin_1ΩT2_UBT_000000082767_31	UniRef100_A0A0D1KIK0~K09903	95.4	239	11	0	1	239	1	239	1.57e-155	437
Deepurify_Bin_1ΩT2_UBT_000000036495_31	UniRef100_A0A0D1KL86~K02108	100	240	0	0	1	240	1	240	7.58e-163	455
Deepurify_Bin_1ΩT2_UBT_000000031997_27	UniRef100_D4KYP9~K02564	35.1	248	144	10	1	238	13	253	1.57e-28	114
Deepurify_Bin_4ΩT1_UBT_000000007014_5	UniRef100_U5SDL0~K14742	43.7	245	128	4	1	240	1	240	5.61e-58	189
Deepurify_Bin_4ΩT1_UBT_000000004016_33	UniRef100_A0A0D1LF73~K00059	91.7	240	20	0	1	240	1	240	1.32e-147	417
Deepurify_Bin_4ΩT1_UBT_000000004766_31	UniRef100_A0A0D1KIK0~K09903	95.4	239	11	0	1	239	1	239	1.57e-155	437
Deepurify_Bin_4ΩT1_UBT_000000006101_27	UniRef100_A0A0D1KL86~K02108	100	240	0	0	1	240	1	240	7.58e-163	455
Deepurify_Bin_4ΩT1_UBT_000000018112_2	UniRef100_A0A0D1KL86~K02108	96.7	240	8	0	1	240	1	240	1.41e-158	444
Deepurify_Bin_2ΩT2_FOM_000000153740_53	UniRef100_B1MW62~K07707	99.6	238	1	0	3	240	1	238	2.99e-164	459
Deepurify_Bin_2ΩT2_FOM_000000038108_106	UniRef100_B1MZQ7~K03077	100	240	0	0	1	240	1	240	5.23e-179	496
Deepurify_Bin_2ΩT2_FOM_000000018066_610	UniRef100_B1MXP0~K01575	98.8	240	3	0	1	240	1	240	5.40e-172	478
Deepurify_Bin_0ΩT2_UBT_000000065368_7	UniRef100_A8AV83~K01990	46.3	216	113	2	5	219	3	216	2.50e-58	190
Deepurify_Bin_0ΩT2_UBT_000000044674_22	UniRef100_A0A0D1LWR5~K02440	100	239	0	0	1	239	1	239	6.54e-168	468
Deepurify_Bin_0ΩT2_UBT_000000083495_15	UniRef100_A0A0N9YJY2~K03501	99.6	239	1	0	1	239	1	239	2.55e-165	461
Deepurify_Bin_0ΩT2_UBT_000000021322_45	UniRef100_W8F169~K00059	33.5	221	122	8	3	209	7	216	6.54e-16	80.5
Deepurify_Bin_0ΩT2_UBT_000000004216_65	UniRef100_A0A0N9YHE3~K03785	94.6	239	13	0	1	239	1	239	1.70e-154	434
Deepurify_Bin_1ΩT2_UBT_000000014387_10	UniRef100_Q03S03~K01990	71.3	237	67	1	1	236	1	237	2.29e-111	325
Deepurify_Bin_1ΩT2_UBT_000000066925_27	UniRef100_A0A0D1LWR5~K02440	94.6	239	13	0	1	239	1	239	1.30e-158	444
Deepurify_Bin_1ΩT2_UBT_000000039277_15	UniRef100_A0A0N9YJY2~K03501	96.2	239	9	0	1	239	1	239	3.20e-159	446
Deepurify_Bin_3ΩT1_FOM_000000035783_11	UniRef100_A0A1X0V6N2~K06188	87.6	233	29	0	1	233	1	233	2.51e-138	394
Deepurify_Bin_3ΩT1_FOM_000000025777_9	UniRef100_A0A1X0UXW9~K02440	86.2	239	33	0	1	239	1	239	6.07e-148	417
Deepurify_Bin_3ΩT1_FOM_000000015242_13	UniRef100_A0A1X0V9T7~K01575	70.2	238	71	0	1	238	1	238	3.19e-120	347
Deepurify_Bin_4ΩT1_UBT_000000007542_27	UniRef100_A0A0D1LWR5~K02440	94.6	239	13	0	1	239	1	239	1.30e-158	444
Deepurify_Bin_2ΩT2_FOM_000000040107_10	UniRef100_B1MWE0~K06188	100	239	0	0	1	239	1	239	3.07e-157	441
Deepurify_Bin_2ΩT2_FOM_000000118331_63	UniRef100_B1MX30~K03501	99.2	239	2	0	1	239	1	239	1.72e-163	457
Deepurify_Bin_2ΩT2_FOM_000000038108_162	UniRef100_B1MZK3~K06890	100	239	0	0	1	239	1	239	3.58e-156	438
Deepurify_Bin_2ΩT2_FOM_000000018066_506	UniRef100_H1WPG7~K02440	99.6	239	1	0	1	239	1	239	5.37e-167	466
Deepurify_Bin_2ΩT2_FOM_000000018066_102	UniRef100_B1MZ45~K03811	98.3	239	4	0	1	239	1	239	2.19e-166	464
Deepurify_Bin_0ΩT2_UBT_000000003960_7	UniRef100_A0A0N9Y7D9~K01591	97.5	238	6	0	1	238	1	238	4.71e-156	438
Deepurify_Bin_0ΩT2_UBT_000000021322_18	UniRef100_A0A1G1S8D8~K00433	38.5	234	144	0	3	236	7	240	1.78e-51	173
Deepurify_Bin_3ΩT1_FOM_000000139589_4	UniRef100_U2PLW1~K02483	71.4	245	62	2	1	238	19	262	3.07e-123	356
Deepurify_Bin_2ΩT2_FOM_000000001535_17	UniRef100_B1MX21~K12410	99.6	238	1	0	1	238	1	238	8.96e-170	473
Deepurify_Bin_2ΩT2_FOM_000000018066_55	UniRef100_B1MZ92~K01126	100	238	0	0	1	238	6	243	4.07e-174	484
Deepurify_Bin_0ΩT2_UBT_000000016372_33	UniRef100_A0A0D1JS75~K03077	100	237	0	0	1	237	1	237	7.71e-175	485
Deepurify_Bin_0ΩT2_UBT_000000026330_24	UniRef100_A0A1B2R735~K21883	31.2	247	149	7	3	233	9	250	4.71e-24	102
Deepurify_Bin_0ΩT2_UBT_000000035055_5	UniRef100_A0A0N9YNA1~K00788	98.7	237	3	0	1	237	1	237	1.36e-159	447
Deepurify_Bin_0ΩT2_UBT_000000021322_58	UniRef100_A0A0N9XTW6~K00930	95.4	237	11	0	1	237	1	237	6.19e-156	437
Deepurify_Bin_0ΩT2_UBT_000000018558_48	UniRef100_A0A0N9YNA9~K15555	99.2	237	2	0	1	237	1	237	1.42e-161	452
Deepurify_Bin_0ΩT2_UBT_000000004216_84	UniRef100_G0UFV3~K00674	83.9	236	38	0	1	236	1	236	1.64e-83	254
Deepurify_Bin_0ΩT2_UBT_000000031606_116	UniRef100_A0A0D1LUP9~K07658	99.6	237	1	0	1	237	1	237	1.18e-169	472
Deepurify_Bin_1ΩT2_UBT_000000014623_7	UniRef100_A0A0N9YNA1~K00788	80.2	237	47	0	1	237	1	237	3.87e-127	365
Deepurify_Bin_1ΩT2_UBT_000000065998_105	UniRef100_G0UFV3~K00674	85.2	236	35	0	1	236	1	236	4.68e-83	253
Deepurify_Bin_1ΩT2_UBT_000000065998_67	UniRef100_A0A0N9YHE3~K03785	54.2	238	108	1	1	237	1	238	2.60e-78	241
Deepurify_Bin_3ΩT1_FOM_000000157512_11	UniRef100_Q03W36~K03589	57.6	224	95	0	14	237	10	233	4.95e-87	263
Deepurify_Bin_3ΩT1_FOM_000000070293_6	UniRef100_J9YHQ4~K01834	94.1	237	14	0	1	237	1	237	8.56e-163	455
Deepurify_Bin_4ΩT1_UBT_000000001140_7	UniRef100_A0A0N9Y7D9~K01591	75.7	235	57	0	1	235	1	235	3.85e-111	324
Deepurify_Bin_4ΩT1_UBT_000000006917_105	UniRef100_G0UFV3~K00674	85.2	236	35	0	1	236	1	236	4.68e-83	253
Deepurify_Bin_4ΩT1_UBT_000000006917_67	UniRef100_A0A0N9YHE3~K03785	54.2	238	108	1	1	237	1	238	2.60e-78	241
Deepurify_Bin_2ΩT2_FOM_000000080637_244	UniRef100_B1MVX2~K01834	100	237	0	0	1	237	1	237	6.09e-172	478
Deepurify_Bin_2ΩT2_FOM_000000080637_162	UniRef100_B1MVP3~K07010	99.2	237	2	0	1	237	1	237	2.04e-170	474
Deepurify_Bin_0ΩT2_UBT_000000021322_28	UniRef100_A0A0N9YJS8~K01990	95.3	236	11	0	1	236	1	236	1.72e-157	441
Deepurify_Bin_0ΩT2_UBT_000000034542_46	UniRef100_A0A0N9XVC4~K21030	100	236	0	0	1	236	1	236	2.03e-165	461
Deepurify_Bin_1ΩT2_UBT_000000036495_20	UniRef100_A0A0D1KGC4~K07009	100	236	0	0	1	236	1	236	4.13e-174	483
Deepurify_Bin_1ΩT2_UBT_000000020938_38	UniRef100_A0A0D1LUP9~K07658	79.6	235	46	1	1	233	1	235	6.07e-133	379
Deepurify_Bin_1ΩT2_UBT_000000039277_81	UniRef100_A0A1G1S8D8~K00433	38.8	237	137	2	3	235	7	239	4.27e-46	159
Deepurify_Bin_1ΩT2_UBT_000000065998_92	UniRef100_A0A0N9YJS8~K01990	57.0	235	101	0	1	235	1	235	4.68e-90	271
Deepurify_Bin_3ΩT1_FOM_000000123978_2	UniRef100_A8AUT0~K01409	43.3	233	126	4	1	233	1	227	2.65e-55	182
Deepurify_Bin_3ΩT1_FOM_000000075101_18	UniRef100_A0A1B2A0Z2~K03183	81.8	236	43	0	1	236	1	236	1.41e-140	399
Deepurify_Bin_3ΩT1_FOM_000000055969_4	UniRef100_Q03VW5~K03685	86.9	236	31	0	1	236	1	236	6.57e-146	412
Deepurify_Bin_4ΩT1_UBT_000000006101_16	UniRef100_A0A0D1KGC4~K07009	100	236	0	0	1	236	1	236	4.13e-174	483
Deepurify_Bin_4ΩT1_UBT_000000018112_15	UniRef100_A0A0D1KGC4~K07009	97.5	236	6	0	1	236	1	236	9.35e-171	475
Deepurify_Bin_4ΩT1_UBT_000000006917_92	UniRef100_A0A0N9YJS8~K01990	57.0	235	101	0	1	235	1	235	4.68e-90	271
Deepurify_Bin_2ΩT2_FOM_000000080637_149	UniRef100_A8AUT0~K01409	42.9	233	127	4	1	233	1	227	5.32e-55	181
Deepurify_Bin_2ΩT2_FOM_000000080637_75	UniRef100_B1N0A8~K03710	98.7	235	3	0	2	236	1	235	3.34e-157	441
Deepurify_Bin_2ΩT2_FOM_000000018066_162	UniRef100_E8QDA7~K00571	59.2	228	92	1	1	227	2	229	8.44e-97	288
Deepurify_Bin_0ΩT2_UBT_000000040980_12	UniRef100_A0A0D1LZ23~K00851	98.7	235	3	0	1	235	1	235	3.64e-163	456
Deepurify_Bin_1ΩT2_UBT_000000059045_1	UniRef100_A0A0D1LWL5~K01834	100	235	0	0	1	235	5	239	3.35e-169	471
Deepurify_Bin_1ΩT2_UBT_000000009990_58	UniRef100_A0A0D1LZ23~K00851	64.7	235	83	0	1	235	1	235	5.84e-107	313
Deepurify_Bin_3ΩT1_FOM_000000134724_8	UniRef100_A0A0A1H113~K03784	69.5	233	71	0	1	233	1	233	1.26e-110	323
Deepurify_Bin_3ΩT1_FOM_000000063874_8	UniRef100_A0A1X0V847~K07668	96.6	235	8	0	1	235	1	235	1.80e-163	456
Deepurify_Bin_4ΩT1_UBT_000000002201_1	UniRef100_A0A0D1LWL5~K01834	96.2	234	9	0	1	234	5	238	5.73e-161	450
Deepurify_Bin_4ΩT1_UBT_000000003991_38	UniRef100_A0A0D1LZ23~K00851	64.7	235	83	0	1	235	1	235	5.84e-107	313
Deepurify_Bin_2ΩT2_FOM_000000036960_43	UniRef100_B1MWW6~K07668	100	235	0	0	1	235	1	235	3.95e-167	466
Deepurify_Bin_2ΩT2_FOM_000000080637_89	UniRef100_B1N0C2~K01803	99.6	235	1	0	1	235	1	235	7.65e-165	460
Deepurify_Bin_2ΩT2_FOM_000000018066_539	UniRef100_B1MXW1~K03589	99.1	235	2	0	1	235	1	235	2.19e-164	459
Deepurify_Bin_0ΩT2_UBT_000000083495_52	UniRef100_A0A0D1LWG8~K06188	100	234	0	0	1	234	1	234	1.06e-150	424
Deepurify_Bin_0ΩT2_UBT_000000031606_74	UniRef100_A0A1L6X1F7~K07741	39.6	225	102	7	3	194	2	225	2.33e-37	137
Deepurify_Bin_1ΩT2_UBT_000000037074_1	UniRef100_A0A0D1LZY2~K12410	98.7	234	3	0	1	234	1	234	1.43e-164	459
Deepurify_Bin_1ΩT2_UBT_000000039277_53	UniRef100_A0A0D1LWG8~K06188	82.9	234	40	0	1	234	1	234	1.20e-124	358
Deepurify_Bin_3ΩT1_FOM_000000096995_6	UniRef100_D5T1P4~K03077	91.8	231	19	0	1	231	4	234	7.27e-161	450
Deepurify_Bin_3ΩT1_FOM_000000038029_24	UniRef100_A0A1B2A1M1~K02074	64.4	236	79	1	4	234	3	238	8.07e-101	298
Deepurify_Bin_3ΩT1_FOM_000000038029_2	UniRef100_A0A1B1ZZX2~K16511	56.8	234	101	0	1	234	1	234	1.12e-82	252
Deepurify_Bin_3ΩT1_FOM_000000006674_1	UniRef100_Q03YX2~K01996	88.1	235	28	0	1	235	1	235	4.52e-139	395
Deepurify_Bin_4ΩT1_UBT_000000015332_1	UniRef100_A0A0D1LZY2~K12410	76.9	234	54	0	1	234	1	234	2.65e-128	367
Deepurify_Bin_2ΩT2_FOM_000000038108_134	UniRef100_B1MZN0~K00674	98.7	234	3	0	1	234	1	234	7.31e-105	308
Deepurify_Bin_2ΩT2_FOM_000000080637_43	UniRef100_B1N076~K02074	100	234	0	0	1	234	1	234	1.22e-165	462
Deepurify_Bin_2ΩT2_FOM_000000018066_492	UniRef100_B1MY06~K01807	99.1	234	2	0	1	234	22	255	1.46e-162	455
Deepurify_Bin_2ΩT2_FOM_000000018066_145	UniRef100_B1MYZ6~K08641	99.6	234	1	0	1	234	1	234	2.13e-175	486
Deepurify_Bin_0ΩT2_UBT_000000027622_9	UniRef100_A0A0N9YDI1~K07668	99.1	233	2	0	1	233	1	233	4.43e-163	455
Deepurify_Bin_0ΩT2_UBT_000000003155_23	UniRef100_A0A0N9XTI8~K07284	98.3	233	4	0	1	233	1	233	1.54e-163	456
Deepurify_Bin_0ΩT2_UBT_000000025704_9	UniRef100_A0A0N9YWX2~K19225	99.6	233	1	0	1	233	1	233	1.40e-150	424
Deepurify_Bin_0ΩT2_UBT_000000045121_26	UniRef100_A0A0D1M4C9~K03469	99.6	233	1	0	1	233	1	233	2.21e-172	479
Deepurify_Bin_0ΩT2_UBT_000000026317_5	UniRef100_A0A0D1LLZ9~K01990	100	233	0	0	1	233	1	233	4.61e-165	460
Deepurify_Bin_0ΩT2_UBT_000000083495_34	UniRef100_A0A0D1M0Q6~K03183	100	233	0	0	1	233	1	233	7.41e-171	475
Deepurify_Bin_0ΩT2_UBT_000000021322_25	UniRef100_A0A0D1LVP7~K10009	99.6	233	1	0	1	233	1	233	7.25e-153	429
Deepurify_Bin_0ΩT2_UBT_000000018558_101	UniRef100_A0A0D1LL10~K10008	100	233	0	0	1	233	1	233	3.91e-157	440
Deepurify_Bin_1ΩT2_UBT_000000065065_10	UniRef100_A0A0N9YDI1~K07668	97.9	233	5	0	1	233	1	233	4.25e-161	450
Deepurify_Bin_1ΩT2_UBT_000000006722_9	UniRef100_A0A0N9YWX2~K19225	65.9	232	79	0	1	232	1	232	2.14e-101	299
Deepurify_Bin_1ΩT2_UBT_000000059045_29	UniRef100_A0A0D1JQA4~K03710	99.6	233	1	0	1	233	1	233	4.96e-160	447
Deepurify_Bin_1ΩT2_UBT_000000039277_88	UniRef100_A0A0D1LVP7~K10009	94.4	233	13	0	1	233	1	233	4.49e-147	415
Deepurify_Bin_1ΩT2_UBT_000000039277_35	UniRef100_A0A0D1M0Q6~K03183	92.7	233	17	0	1	233	1	233	7.04e-160	447
Deepurify_Bin_3ΩT1_FOM_000000149631_17	UniRef100_J9YI00~K03486	85.0	233	35	0	1	233	1	233	3.09e-138	392
Deepurify_Bin_3ΩT1_FOM_000000103126_3	UniRef100_J9YL39~K02564	79.8	233	47	0	1	233	1	233	1.05e-129	371
Deepurify_Bin_3ΩT1_FOM_000000094265_6	UniRef100_A0A1X0V5P5~K12410	80.6	232	45	0	1	232	1	232	1.07e-136	389
Deepurify_Bin_3ΩT1_FOM_000000094040_7	UniRef100_Q03YE4~K00674	84.5	233	36	0	1	233	1	233	1.82e-83	254
Deepurify_Bin_3ΩT1_FOM_000000006674_17	UniRef100_D5T1Y4~K07707	38.1	226	138	2	1	224	1	226	3.01e-43	151
Deepurify_Bin_4ΩT1_UBT_000000000739_9	UniRef100_A0A0N9YWX2~K19225	65.9	232	79	0	1	232	1	232	2.14e-101	299
Deepurify_Bin_4ΩT1_UBT_000000003245_18	UniRef100_Q48S31~K01271	35.7	210	134	1	13	222	7	215	4.26e-38	137
Deepurify_Bin_4ΩT1_UBT_000000002201_29	UniRef100_A0A0D1JQA4~K03710	92.7	233	17	0	1	233	1	233	2.83e-150	423
Deepurify_Bin_2ΩT2_FOM_000000025112_3	UniRef100_B1N016~K03685	100	233	0	0	1	233	1	233	3.12e-163	456
Deepurify_Bin_2ΩT2_FOM_000000118331_54	UniRef100_B1MX39~K02564	99.1	233	2	0	1	233	1	233	7.65e-164	457
Deepurify_Bin_0ΩT2_UBT_000000016425_4	UniRef100_A0A0D1LLZ9~K01990	79.3	232	48	0	1	232	1	232	1.37e-127	365
Deepurify_Bin_0ΩT2_UBT_000000083495_18	UniRef100_A0A0N9XSD5~K01807	98.7	232	3	0	1	232	1	232	1.74e-164	459
Deepurify_Bin_0ΩT2_UBT_000000087819_47	UniRef100_A0A0D1M4C9~K03469	88.8	232	26	0	1	232	1	232	3.45e-153	430
Deepurify_Bin_0ΩT2_UBT_000000087819_24	UniRef100_A0A0D1M4C9~K03469	88.8	232	26	0	1	232	1	232	3.45e-153	430
Deepurify_Bin_1ΩT2_UBT_000000088512_9	UniRef100_A0A0D1LUD2~K03685	92.2	232	18	0	1	232	1	232	3.19e-151	425
Deepurify_Bin_1ΩT2_UBT_000000071291_31	UniRef100_A0A0N9YU00~K01807	77.3	220	50	0	7	226	5	224	1.07e-121	350
Deepurify_Bin_1ΩT2_UBT_000000039277_28	UniRef100_A0A0D1M015~K14983	94.7	228	12	0	1	228	1	228	1.36e-154	434
Deepurify_Bin_1ΩT2_UBT_000000039277_18	UniRef100_A0A0N9XSD5~K01807	91.8	232	19	0	1	232	1	232	4.93e-155	435
Deepurify_Bin_1ΩT2_UBT_000000065998_126	UniRef100_A0A0N9XVR0~K01807	83.3	227	38	0	1	227	1	227	5.10e-131	374
Deepurify_Bin_3ΩT1_FOM_000000154240_12	UniRef100_B1MX73~K10009	78.7	230	49	0	1	230	1	230	3.30e-114	332
Deepurify_Bin_4ΩT1_UBT_000000024386_9	UniRef100_A0A0D1LUD2~K03685	92.2	232	18	0	1	232	1	232	3.19e-151	425
Deepurify_Bin_4ΩT1_UBT_000000018545_31	UniRef100_A0A0N9YU00~K01807	77.3	220	50	0	7	226	5	224	1.07e-121	350
Deepurify_Bin_4ΩT1_UBT_000000006917_125	UniRef100_A0A0N9XVR0~K01807	83.3	227	38	0	1	227	1	227	5.10e-131	374
Deepurify_Bin_2ΩT2_FOM_000000118331_20	UniRef100_B1MX73~K10009	100	232	0	0	1	232	1	232	1.45e-147	416
Deepurify_Bin_2ΩT2_FOM_000000080637_101	UniRef100_B1MVI2~K03486	99.6	232	1	0	1	232	1	232	1.08e-158	444
Deepurify_Bin_2ΩT2_FOM_000000018066_75	UniRef100_B1MZ72~K01591	99.6	232	1	0	1	232	1	232	2.66e-159	446
Deepurify_Bin_0ΩT2_UBT_000000004111_8	UniRef100_A0A0D1JS87~K02074	100	231	0	0	1	231	1	231	1.96e-165	461
Deepurify_Bin_0ΩT2_UBT_000000083495_27	UniRef100_A0A0D1M015~K14983	99.1	231	2	0	1	231	1	231	4.43e-162	452
Deepurify_Bin_1ΩT2_UBT_000000020635_6	UniRef100_A0A0N9YQ81~K02072	89.2	231	25	0	1	231	1	231	1.15e-132	378
Deepurify_Bin_1ΩT2_UBT_000000062251_26	UniRef100_A0A0D1JS87~K02074	77.5	231	52	0	1	231	1	231	2.22e-130	372
Deepurify_Bin_1ΩT2_UBT_000000011286_31	UniRef100_A0A0D1M1L7~K19302	83.5	230	38	0	1	230	1	230	7.34e-138	391
Deepurify_Bin_4ΩT1_UBT_000000015629_6	UniRef100_A0A0N9YQ81~K02072	89.2	231	25	0	1	231	1	231	1.15e-132	378
Deepurify_Bin_4ΩT1_UBT_000000002880_31	UniRef100_A0A0D1M1L7~K19302	83.5	230	38	0	1	230	1	230	7.34e-138	391
Deepurify_Bin_2ΩT2_FOM_000000080637_74	UniRef100_B1N0A7~K02072	99.6	231	1	0	1	231	1	231	2.90e-142	402
Deepurify_Bin_0ΩT2_UBT_000000057284_20	UniRef100_A0A0N9XWV9~K06967	99.6	230	1	0	1	230	1	230	5.20e-165	460
Deepurify_Bin_0ΩT2_UBT_000000044357_24	UniRef100_A0A0D1LTT2~K01243	98.7	229	3	0	1	229	1	229	1.07e-150	424
Deepurify_Bin_0ΩT2_UBT_000000045121_33	UniRef100_A0A0D1LRV6~K01803	100	230	0	0	1	230	1	230	8.28e-162	452
Deepurify_Bin_0ΩT2_UBT_000000024729_18	UniRef100_A0A0D1M1L7~K19302	100	230	0	0	1	230	1	230	2.47e-163	456
Deepurify_Bin_0ΩT2_UBT_000000021629_86	UniRef100_A0A1J0A5K5~K20490	44.5	209	115	1	1	209	1	208	7.78e-57	186
Deepurify_Bin_0ΩT2_UBT_000000018558_70	UniRef100_A0A0N9YU00~K01807	97.8	230	5	0	1	230	1	230	4.60e-159	445
Deepurify_Bin_1ΩT2_UBT_000000011170_46	UniRef100_A0A0D1LTT2~K01243	93.4	229	15	0	1	229	1	229	3.30e-145	410
Deepurify_Bin_3ΩT1_FOM_000000103126_6	UniRef100_A0A099I761~K18349	46.1	228	118	4	2	227	4	228	1.02e-63	203
Deepurify_Bin_3ΩT1_FOM_000000070293_2	UniRef100_A0A1X0V648~K00867	63.2	223	82	0	1	223	1	223	8.60e-97	287
Deepurify_Bin_3ΩT1_FOM_000000064759_5	UniRef100_J9YEV1~K01807	80.9	225	42	1	1	224	1	225	3.17e-132	377
Deepurify_Bin_3ΩT1_FOM_000000016860_15	UniRef100_Q03ZH5~K02863	95.2	230	11	0	1	230	1	230	5.29e-149	419
Deepurify_Bin_4ΩT1_UBT_000000019571_25	UniRef100_A0A0N9XWV9~K06967	82.1	229	41	0	1	229	1	229	6.87e-129	369
Deepurify_Bin_2ΩT2_FOM_000000080637_214	UniRef100_B1MVU3~K02863	100	230	0	0	1	230	1	230	3.62e-156	437
Deepurify_Bin_2ΩT2_FOM_000000018066_268	UniRef100_B1MYN0~K07025	99.1	230	2	0	1	230	1	230	6.59e-168	467
Deepurify_Bin_0ΩT2_UBT_000000083495_9	UniRef100_D4MUF0~K18349	43.7	229	123	4	3	227	6	232	7.31e-62	199
Deepurify_Bin_0ΩT2_UBT_000000087819_37	UniRef100_A0A0D1LRV6~K01803	87.8	229	28	0	1	229	2	230	1.59e-136	388
Deepurify_Bin_0ΩT2_UBT_000000087819_34	UniRef100_A0A0D1LRV6~K01803	87.8	229	28	0	1	229	2	230	1.59e-136	388
Deepurify_Bin_0ΩT2_UBT_000000031606_101	UniRef100_A0A0F7HKV8~K18941	55.9	229	94	5	1	228	1	223	2.54e-80	245
Deepurify_Bin_1ΩT2_UBT_000000020938_23	UniRef100_A0A0F7HKV8~K18941	55.3	228	97	3	1	228	1	223	7.24e-80	244
Deepurify_Bin_1ΩT2_UBT_000000026597_59	UniRef100_C3X8G0~K01560	40.8	228	133	2	2	229	5	230	2.40e-58	190
Deepurify_Bin_1ΩT2_UBT_000000039277_9	UniRef100_D4MUF0~K18349	43.2	229	124	4	3	227	6	232	2.94e-61	197
Deepurify_Bin_3ΩT1_FOM_000000104779_7	UniRef100_D5T0E0~K06967	56.8	229	99	0	1	229	1	229	1.22e-91	274
Deepurify_Bin_3ΩT1_FOM_000000086418_21	UniRef100_A0A0A8HQG2~K18941	59.6	228	88	2	1	228	1	224	1.20e-83	254
Deepurify_Bin_3ΩT1_FOM_000000055969_11	UniRef100_Q03VX2~K04486	67.0	230	76	0	1	230	1	230	4.58e-108	318
Deepurify_Bin_3ΩT1_FOM_000000039059_16	UniRef100_C2KHP9~K14983	93.4	229	15	0	1	229	3	231	1.74e-148	418
Deepurify_Bin_4ΩT1_UBT_000000014333_59	UniRef100_C3X8G0~K01560	40.8	228	133	2	2	229	5	230	2.40e-58	190
Deepurify_Bin_2ΩT2_FOM_000000008711_19	UniRef100_A0A0A8HQG2~K18941	60.1	228	87	2	1	228	1	224	8.45e-84	254
Deepurify_Bin_2ΩT2_FOM_000000118331_57	UniRef100_A0A099I761~K18349	46.9	228	116	4	2	227	4	228	1.22e-64	206
Deepurify_Bin_2ΩT2_FOM_000000153740_35	UniRef100_D5T1M4~K02003	87.3	229	29	0	1	229	1	229	1.18e-140	398
Deepurify_Bin_2ΩT2_FOM_000000038108_29	UniRef100_B1MZY6~K07658	99.1	229	2	0	1	229	1	229	7.06e-158	442
Deepurify_Bin_2ΩT2_FOM_000000080637_175	UniRef100_B1MVQ6~K14983	99.6	229	1	0	1	229	1	229	3.12e-161	450
Deepurify_Bin_2ΩT2_FOM_000000018066_119	UniRef100_B1MZ24~K06967	99.1	229	2	0	1	229	1	229	1.27e-160	449
Deepurify_Bin_0ΩT2_UBT_000000021629_49	UniRef100_A0A0D1KE95~K09748	99.6	228	1	0	1	228	1	228	1.32e-157	441
Deepurify_Bin_0ΩT2_UBT_000000021629_11	UniRef100_A0A143HFQ9~K01560	45.7	221	119	1	2	222	4	223	2.64e-62	200
Deepurify_Bin_0ΩT2_UBT_000000004216_109	UniRef100_A0A0N9XVR0~K01807	99.1	228	2	0	1	228	1	228	1.87e-157	441
Deepurify_Bin_1ΩT2_UBT_000000059045_2	UniRef100_A0A1L6RDX6~K07816	60.4	227	87	2	2	228	21	244	1.37e-91	275
Deepurify_Bin_1ΩT2_UBT_000000026597_20	UniRef100_A0A0D1KE95~K09748	88.6	228	26	0	1	228	1	228	1.81e-139	395
Deepurify_Bin_3ΩT1_FOM_000000128291_21	UniRef100_A0A1X9VPT4~K07658	80.9	230	42	1	1	228	1	230	6.34e-129	369
Deepurify_Bin_4ΩT1_UBT_000000014333_20	UniRef100_A0A0D1KE95~K09748	88.6	228	26	0	1	228	1	228	1.81e-139	395
Deepurify_Bin_0ΩT2_UBT_000000027106_11	UniRef100_A0A0D1M6G1~K01952	96.0	227	9	0	1	227	1	227	2.88e-156	437
Deepurify_Bin_0ΩT2_UBT_000000045121_4	UniRef100_A0A0D1M368~K02013	99.6	227	1	0	1	227	1	227	3.92e-154	432
Deepurify_Bin_0ΩT2_UBT_000000087819_67	UniRef100_A0A075U053~K02013	58.0	226	95	0	1	226	1	226	2.60e-80	245
Deepurify_Bin_0ΩT2_UBT_000000087819_4	UniRef100_A0A075U053~K02013	58.0	226	95	0	1	226	1	226	2.60e-80	245
Deepurify_Bin_3ΩT1_FOM_000000063874_14	UniRef100_Q03UV9~K17759	86.9	214	28	0	1	214	1	214	1.21e-126	362
Deepurify_Bin_2ΩT2_FOM_000000050145_15	UniRef100_B1MW14~K02906	99.6	227	1	0	1	227	1	227	1.00e-156	439
Deepurify_Bin_2ΩT2_FOM_000000036960_72	UniRef100_B1MWT7~K01807	100	227	0	0	1	227	1	227	1.05e-158	444
Deepurify_Bin_2ΩT2_FOM_000000018066_649	UniRef100_B1MXK2~K16511	99.6	227	1	0	1	227	1	227	7.59e-152	426
Deepurify_Bin_0ΩT2_UBT_000000063077_6	UniRef100_A0A0N9YVH4~K02003	97.3	226	6	0	1	226	1	226	3.34e-150	422
Deepurify_Bin_0ΩT2_UBT_000000045121_21	UniRef100_A0A0D1LW77~K02003	99.1	226	2	0	1	226	1	226	1.80e-154	433
Deepurify_Bin_1ΩT2_UBT_000000020938_8	UniRef100_A0A2G3NZT6~K02003	97.8	226	5	0	1	226	1	226	2.86e-151	425
Deepurify_Bin_4ΩT1_UBT_000000019571_35	UniRef100_A0A1L6RDX6~K07816	65.6	227	73	2	2	226	21	244	1.68e-101	300
Deepurify_Bin_2ΩT2_FOM_000000066982_2	UniRef100_B1MW74~K00867	99.6	226	1	0	1	226	1	226	7.97e-158	441
Deepurify_Bin_2ΩT2_FOM_000000153740_42	UniRef100_B1MW48~K07052	98.7	226	3	0	1	226	1	226	4.07e-151	424
Deepurify_Bin_2ΩT2_FOM_000000018066_583	UniRef100_B1MXR7~K01834	99.1	226	2	0	1	226	1	226	1.05e-162	454
Deepurify_Bin_0ΩT2_UBT_000000034556_14	UniRef100_A0A0N9YLJ7~K02237	95.1	225	11	0	1	225	1	225	9.92e-147	413
Deepurify_Bin_1ΩT2_UBT_000000011170_12	UniRef100_A0A0D1M6G1~K01952	70.7	225	64	1	1	223	1	225	2.45e-113	329
Deepurify_Bin_2ΩT2_FOM_000000050145_5	UniRef100_B1MW24~K02236	98.7	225	3	0	1	225	1	225	8.01e-162	451
Deepurify_Bin_2ΩT2_FOM_000000036960_49	UniRef100_A0A0X1TL51~K06019	33.0	215	137	3	7	220	2	210	1.70e-23	99.8
Deepurify_Bin_2ΩT2_FOM_000000038108_128	UniRef100_B1MZN5~K03975	100	225	0	0	1	225	1	225	1.01e-155	436
Deepurify_Bin_2ΩT2_FOM_000000038108_37	UniRef100_B1MZX8~K02039	100	225	0	0	1	225	1	225	1.60e-152	428
Deepurify_Bin_2ΩT2_FOM_000000018066_382	UniRef100_B1MYB3~K00945	99.6	225	1	0	1	225	1	225	7.60e-151	424
Deepurify_Bin_0ΩT2_UBT_000000029014_12	UniRef100_A0A0D1LVZ0~K02242	97.8	224	5	0	1	224	1	224	2.59e-162	452
Deepurify_Bin_0ΩT2_UBT_000000016372_7	UniRef100_A0A0N9YI77~K06950	98.1	213	4	0	12	224	1	213	6.19e-147	413
Deepurify_Bin_0ΩT2_UBT_000000045448_2	UniRef100_A0A0D1JM42~K00945	100	224	0	0	1	224	1	224	6.47e-147	414
Deepurify_Bin_1ΩT2_UBT_000000020824_7	UniRef100_A0A0N9YQL0~K02039	99.6	224	1	0	1	224	1	224	4.75e-149	419
Deepurify_Bin_1ΩT2_UBT_000000082767_2	UniRef100_A0A0D1JM42~K00945	92.3	222	17	0	1	222	1	222	4.10e-134	381
Deepurify_Bin_1ΩT2_UBT_000000062251_8	UniRef100_A0A0N9YI77~K06950	77.5	213	48	0	12	224	1	213	1.30e-116	337
Deepurify_Bin_1ΩT2_UBT_000000038068_46	UniRef100_A0A0D1LVZ0~K02242	58.0	224	94	0	1	224	1	224	8.99e-94	279
Deepurify_Bin_1ΩT2_UBT_000000065998_89	UniRef100_S2RG16~K02003	61.2	219	84	1	3	220	1	219	2.24e-92	276
Deepurify_Bin_3ΩT1_FOM_000000149631_20	UniRef100_J9YEM7~K01838	75.7	222	54	0	1	222	1	222	1.45e-116	337
Deepurify_Bin_3ΩT1_FOM_000000128291_12	UniRef100_C2KL26~K02039	93.3	224	15	0	1	224	1	224	1.70e-142	402
Deepurify_Bin_3ΩT1_FOM_000000118623_11	UniRef100_B1MYB3~K00945	78.3	217	47	0	3	219	4	220	1.48e-111	324
Deepurify_Bin_3ΩT1_FOM_000000115096_5	UniRef100_A0A1B2A2A5~K01243	86.1	223	31	0	1	223	1	223	3.22e-131	374
Deepurify_Bin_4ΩT1_UBT_000000004766_2	UniRef100_A0A0D1JM42~K00945	92.3	222	17	0	1	222	1	222	4.10e-134	381
Deepurify_Bin_4ΩT1_UBT_000000018109_16	UniRef100_A0A0N9YQL0~K02039	96.0	224	9	0	1	224	1	224	2.07e-143	405
Deepurify_Bin_4ΩT1_UBT_000000024370_46	UniRef100_A0A0D1LVZ0~K02242	58.0	224	94	0	1	224	1	224	8.99e-94	279
Deepurify_Bin_4ΩT1_UBT_000000006917_89	UniRef100_S2RG16~K02003	61.2	219	84	1	3	220	1	219	2.24e-92	276
Deepurify_Bin_2ΩT2_FOM_000000008711_47	UniRef100_B1MXF5~K07023	100	224	0	0	1	224	1	224	2.04e-159	445
Deepurify_Bin_2ΩT2_FOM_000000038108_158	UniRef100_B1MZK6~K01243	99.6	224	1	0	1	224	1	224	1.09e-154	433
Deepurify_Bin_2ΩT2_FOM_000000018066_472	UniRef100_A0A1W6BMY3~K19078	38.7	222	127	2	4	220	3	220	2.29e-52	174
Deepurify_Bin_2ΩT2_FOM_000000018066_142	UniRef100_B1MYZ9~K02003	98.7	224	3	0	1	224	1	224	2.56e-153	430
Deepurify_Bin_0ΩT2_UBT_000000044357_31	UniRef100_A2RK71~K01227	46.8	190	97	1	32	221	19	204	5.32e-52	172
Deepurify_Bin_0ΩT2_UBT_000000018558_26	UniRef100_A0A1B3MH55~K22293	33.5	212	139	2	10	220	17	227	3.15e-29	115
Deepurify_Bin_0ΩT2_UBT_000000018558_25	UniRef100_A0A0D1LKE5~K01838	98.2	223	4	0	1	223	1	223	3.93e-152	427
Deepurify_Bin_1ΩT2_UBT_000000036495_5	UniRef100_W9EB63~K22305	30.2	225	125	7	1	219	1	199	4.86e-18	85.1
Deepurify_Bin_1ΩT2_UBT_000000011170_57	UniRef100_A2RK71~K01227	47.4	190	96	1	32	221	19	204	4.28e-51	170
Deepurify_Bin_1ΩT2_UBT_000000065998_83	UniRef100_A0A0D1LKE5~K01838	79.8	223	45	0	1	223	1	223	2.04e-122	352
Deepurify_Bin_3ΩT1_FOM_000000131407_4	UniRef100_A0A1L6REA2~K01838	99.1	223	2	0	1	223	1	223	6.80e-153	429
Deepurify_Bin_3ΩT1_FOM_000000126736_2	UniRef100_D5T5H4~K03975	84.2	221	35	0	3	223	2	222	6.30e-133	378
Deepurify_Bin_4ΩT1_UBT_000000006101_5	UniRef100_W9EB63~K22305	30.2	225	125	7	1	219	1	199	4.86e-18	85.1
Deepurify_Bin_4ΩT1_UBT_000000018112_28	UniRef100_W9EB63~K22305	30.2	225	125	7	1	219	1	199	3.60e-17	82.8
Deepurify_Bin_4ΩT1_UBT_000000006917_83	UniRef100_A0A0D1LKE5~K01838	79.8	223	45	0	1	223	1	223	2.04e-122	352
Deepurify_Bin_2ΩT2_FOM_000000050145_21	UniRef100_B1MW08~K02982	100	223	0	0	1	223	1	223	1.81e-157	440
Deepurify_Bin_2ΩT2_FOM_000000080637_82	UniRef100_B1N0B5~K03707	99.6	223	1	0	1	223	1	223	8.69e-165	459
Deepurify_Bin_0ΩT2_UBT_000000082639_11	UniRef100_A0A090AI27~K15634	32.4	216	120	8	5	217	10	202	7.43e-16	79.3
Deepurify_Bin_0ΩT2_UBT_000000045121_9	UniRef100_A0A0D1JIN5~K03499	100	222	0	0	1	222	1	222	1.48e-151	425
Deepurify_Bin_0ΩT2_UBT_000000004216_63	UniRef100_A0A0N9YSX8~K16785	98.6	222	3	0	1	222	1	222	1.61e-155	435
Deepurify_Bin_1ΩT2_UBT_000000065998_65	UniRef100_G0UFT2~K16785	68.0	222	71	0	1	222	1	222	1.84e-106	311
Deepurify_Bin_3ΩT1_FOM_000000064667_7	UniRef100_A0A1X0V6R2~K03499	89.5	219	23	0	1	219	1	219	1.06e-137	390
Deepurify_Bin_3ΩT1_FOM_000000016860_38	UniRef100_A5D2P8~K02226	33.2	220	122	6	1	217	1	198	1.86e-21	94.4
Deepurify_Bin_4ΩT1_UBT_000000006917_65	UniRef100_G0UFT2~K16785	68.0	222	71	0	1	222	1	222	1.84e-106	311
Deepurify_Bin_2ΩT2_FOM_000000040107_54	UniRef100_B1MW95~K17759	100	222	0	0	1	222	1	222	1.22e-150	423
Deepurify_Bin_2ΩT2_FOM_000000080637_222	UniRef100_B1MVV0~K02242	97.7	222	5	0	1	222	1	222	6.30e-153	429
Deepurify_Bin_2ΩT2_FOM_000000080637_98	UniRef100_B1MVH9~K01838	98.6	222	3	0	1	222	1	222	2.20e-153	430
Deepurify_Bin_2ΩT2_FOM_000000018066_533	UniRef100_B1MXW7~K04074	97.3	226	2	1	1	222	1	226	7.35e-137	388
Deepurify_Bin_2ΩT2_FOM_000000018066_462	UniRef100_B1MY37~K01952	100	222	0	0	1	222	1	222	7.42e-161	449
Deepurify_Bin_0ΩT2_UBT_000000024751_8	UniRef100_A0A0X8FAP6~K01834	32.3	192	107	5	4	181	2	184	1.88e-14	75.9
Deepurify_Bin_0ΩT2_UBT_000000046529_19	UniRef100_A0A0N9XVJ3~K00949	98.2	221	4	0	1	221	1	221	3.82e-158	442
Deepurify_Bin_0ΩT2_UBT_000000083495_54	UniRef100_A0A0D1KCN1~K17759	99.5	221	1	0	1	221	1	221	6.26e-148	416
Deepurify_Bin_0ΩT2_UBT_000000034263_16	UniRef100_A0A0N9YQ76~K00969	99.1	221	2	0	1	221	1	221	8.02e-160	446
Deepurify_Bin_1ΩT2_UBT_000000001689_20	UniRef100_A0A0N7HAP2~K02003	88.1	219	26	0	1	219	1	219	2.79e-130	371
Deepurify_Bin_1ΩT2_UBT_000000080035_16	UniRef100_A0A0N9YQ76~K00969	90.0	221	22	0	1	221	1	221	7.01e-145	408
Deepurify_Bin_1ΩT2_UBT_000000076338_45	UniRef100_A0A0N9XVJ3~K00949	79.2	221	46	0	1	221	1	221	9.99e-129	367
Deepurify_Bin_1ΩT2_UBT_000000076338_2	UniRef100_A0A0N9XVJ3~K00949	79.2	221	46	0	1	221	1	221	9.99e-129	367
Deepurify_Bin_1ΩT2_UBT_000000039277_55	UniRef100_A0A0D1KCN1~K17759	94.6	221	12	0	1	221	1	221	3.19e-141	399
Deepurify_Bin_3ΩT1_FOM_000000046715_13	UniRef100_A0A1B1ZZC5~K01952	80.9	220	41	1	1	219	1	220	1.26e-129	370
Deepurify_Bin_3ΩT1_FOM_000000016860_32	UniRef100_A0A222W6M8~K19302	31.2	205	131	7	6	205	4	203	2.01e-13	72.8
Deepurify_Bin_4ΩT1_UBT_000000019564_19	UniRef100_A0A0N7HAP2~K02003	88.1	219	26	0	1	219	1	219	2.79e-130	371
Deepurify_Bin_4ΩT1_UBT_000000027144_23	UniRef100_A0A0N9XVJ3~K00949	79.2	221	46	0	1	221	1	221	9.99e-129	367
Deepurify_Bin_4ΩT1_UBT_000000027904_16	UniRef100_A0A0N9YQ76~K00969	90.0	221	22	0	1	221	1	221	7.01e-145	408
Deepurify_Bin_4ΩT1_UBT_000000001140_27	UniRef100_A0A0D1LKE9~K03648	70.5	220	65	0	1	220	1	220	1.35e-105	309
Deepurify_Bin_2ΩT2_FOM_000000050145_50	UniRef100_A0A087ENS7~K01834	31.6	187	118	5	5	184	4	187	9.10e-15	76.6
Deepurify_Bin_2ΩT2_FOM_000000040107_28	UniRef100_B1MWC1~K03499	99.1	221	2	0	1	221	1	221	7.95e-151	423
Deepurify_Bin_0ΩT2_UBT_000000022378_4	UniRef100_A0A1B3X3M8~K02226	36.9	179	101	5	1	177	1	169	1.33e-22	97.1
Deepurify_Bin_0ΩT2_UBT_000000004111_2	UniRef100_A0A0D1LRR2~K07457	100	220	0	0	1	220	1	220	9.04e-161	448
Deepurify_Bin_0ΩT2_UBT_000000003155_4	UniRef100_A0A0N9YUI2~K03975	99.1	220	2	0	1	220	1	220	2.11e-150	422
Deepurify_Bin_0ΩT2_UBT_000000016425_6	UniRef100_A0A0N9YM12~K03439	95.0	220	11	0	1	220	1	220	4.13e-157	439
Deepurify_Bin_0ΩT2_UBT_000000032789_7	UniRef100_A0A077HNV1~K07670	42.2	218	119	4	5	216	5	221	1.75e-45	156
Deepurify_Bin_0ΩT2_UBT_000000003960_27	UniRef100_A0A0D1LKE9~K03648	97.3	220	6	0	1	220	1	220	6.57e-154	431
Deepurify_Bin_0ΩT2_UBT_000000026317_7	UniRef100_A0A0N9YM12~K03439	99.1	220	2	0	1	220	1	220	6.62e-163	454
Deepurify_Bin_0ΩT2_UBT_000000018558_31	UniRef100_A0A0D1JBT7~K01625	99.5	220	1	0	1	220	1	220	3.50e-149	419
Deepurify_Bin_1ΩT2_UBT_000000001689_5	UniRef100_A0A0N9YUI2~K03975	95.5	220	10	0	1	220	1	220	3.92e-146	411
Deepurify_Bin_1ΩT2_UBT_000000062251_33	UniRef100_A0A0D1LRR2~K07457	87.7	220	27	0	1	220	1	220	1.71e-140	397
Deepurify_Bin_1ΩT2_UBT_000000009990_17	UniRef100_D9S2V2~K07658	44.2	226	114	5	2	216	3	227	2.23e-47	161
Deepurify_Bin_3ΩT1_FOM_000000157512_44	UniRef100_Q03W63~K03648	79.9	219	44	0	1	219	1	219	1.08e-127	365
Deepurify_Bin_3ΩT1_FOM_000000157512_17	UniRef100_Q03W42~K04074	73.5	219	58	0	1	219	1	219	7.87e-100	294
Deepurify_Bin_3ΩT1_FOM_000000042774_4	UniRef100_D5T306~K07023	89.9	217	22	0	1	217	6	222	3.04e-139	394
Deepurify_Bin_4ΩT1_UBT_000000015946_4	UniRef100_C9LWB8~K02226	35.1	211	125	7	1	210	1	200	2.91e-21	93.6
Deepurify_Bin_4ΩT1_UBT_000000019564_4	UniRef100_A0A0N9YUI2~K03975	95.5	220	10	0	1	220	1	220	3.92e-146	411
Deepurify_Bin_2ΩT2_FOM_000000080637_81	UniRef100_B1N0B4~K16785	99.1	220	2	0	1	220	1	220	3.00e-150	422
Deepurify_Bin_0ΩT2_UBT_000000046529_18	UniRef100_A0A0D1JFF5~K01783	100	219	0	0	1	219	1	219	7.11e-153	428
Deepurify_Bin_0ΩT2_UBT_000000003155_18	UniRef100_A0A0N7HAP2~K02003	99.1	219	2	0	1	219	1	219	2.89e-152	427
Deepurify_Bin_0ΩT2_UBT_000000032789_16	UniRef100_A0A0N9XRN9~K02424	98.2	219	4	0	1	219	1	219	8.19e-143	403
Deepurify_Bin_0ΩT2_UBT_000000039885_13	UniRef100_A0A0N7HAU0~K00788	97.7	219	5	0	1	219	1	219	2.01e-143	404
Deepurify_Bin_0ΩT2_UBT_000000021322_31	UniRef100_A0A0D1KML5~K02068	99.1	219	2	0	1	219	1	219	4.28e-154	431
Deepurify_Bin_1ΩT2_UBT_000000076338_44	UniRef100_A0A0D1JFF5~K01783	98.6	219	3	0	1	219	1	219	3.38e-151	424
Deepurify_Bin_1ΩT2_UBT_000000076338_3	UniRef100_A0A0D1JFF5~K01783	98.6	219	3	0	1	219	1	219	3.38e-151	424
Deepurify_Bin_3ΩT1_FOM_000000128291_2	UniRef100_A0A1P8EFD0~K03975	30.2	179	118	4	2	180	3	174	2.21e-14	74.7
Deepurify_Bin_3ΩT1_FOM_000000063874_24	UniRef100_A0A1X0V7T2~K10040	93.2	219	15	0	1	219	1	219	1.25e-137	390
Deepurify_Bin_3ΩT1_FOM_000000042774_3	UniRef100_W9EB63~K22305	30.1	209	118	4	2	205	4	189	2.26e-18	85.9
Deepurify_Bin_4ΩT1_UBT_000000025828_16	UniRef100_A0A0N9YLJ7~K02237	68.9	225	64	3	1	219	1	225	3.14e-100	295
Deepurify_Bin_4ΩT1_UBT_000000027144_22	UniRef100_A0A0D1JFF5~K01783	98.6	219	3	0	1	219	1	219	3.38e-151	424
Deepurify_Bin_2ΩT2_FOM_000000029022_60	UniRef100_B1MWS8~K10040	99.5	219	1	0	1	219	1	219	4.74e-142	401
Deepurify_Bin_2ΩT2_FOM_000000018066_516	UniRef100_B1MXY4~K03648	99.5	219	1	0	1	219	1	219	6.88e-160	446
Deepurify_Bin_2ΩT2_FOM_000000018066_21	UniRef100_B1MZE7~K03439	99.1	219	2	0	1	219	1	219	2.50e-162	452
Deepurify_Bin_0ΩT2_UBT_000000004216_93	UniRef100_A0A0D1K6W4~K03709	100	218	0	0	1	218	1	218	8.97e-151	423
Deepurify_Bin_1ΩT2_UBT_000000071291_37	UniRef100_A0A0N9YSY3~K10040	97.7	218	5	0	1	218	1	218	5.73e-138	390
Deepurify_Bin_1ΩT2_UBT_000000065998_114	UniRef100_A0A0D1K6W4~K03709	88.1	218	26	0	1	218	1	218	4.50e-135	383
Deepurify_Bin_1ΩT2_UBT_000000065998_31	UniRef100_H8KVE6~K06927	33.2	202	124	5	3	198	2	198	2.33e-28	112
Deepurify_Bin_3ΩT1_FOM_000000115096_3	UniRef100_A0A1X0V6M4~K06878	63.8	218	79	0	1	218	1	218	4.79e-100	295
Deepurify_Bin_3ΩT1_FOM_000000081935_1	UniRef100_F8JN01~K00852	39.4	208	113	4	5	211	2	197	1.76e-29	115
Deepurify_Bin_3ΩT1_FOM_000000063874_2	UniRef100_C4L8F2~K01091	30.7	205	139	2	7	211	9	210	1.20e-22	97.4
Deepurify_Bin_3ΩT1_FOM_000000028014_6	UniRef100_Q03W21~K01783	90.4	218	21	0	1	218	1	218	8.49e-140	395
Deepurify_Bin_4ΩT1_UBT_000000018545_37	UniRef100_A0A0N9YSY3~K10040	97.7	218	5	0	1	218	1	218	5.73e-138	390
Deepurify_Bin_4ΩT1_UBT_000000006917_114	UniRef100_A0A0D1K6W4~K03709	88.1	218	26	0	1	218	1	218	4.50e-135	383
Deepurify_Bin_4ΩT1_UBT_000000006917_31	UniRef100_H8KVE6~K06927	33.2	202	124	5	3	198	2	198	2.33e-28	112
Deepurify_Bin_2ΩT2_FOM_000000118331_18	UniRef100_B1MX75~K06950	99.1	218	2	0	1	218	1	218	6.32e-151	423
Deepurify_Bin_2ΩT2_FOM_000000038108_159	UniRef100_B1MZK5~K06878	100	218	0	0	1	218	1	218	7.37e-150	421
Deepurify_Bin_2ΩT2_FOM_000000038108_45	UniRef100_A0A0N9YUI2~K03975	32.5	194	130	1	20	213	20	212	3.51e-26	106
Deepurify_Bin_2ΩT2_FOM_000000018066_554	UniRef100_B1MXU6~K01783	99.5	218	1	0	1	218	1	218	4.63e-153	429
Deepurify_Bin_0ΩT2_UBT_000000021629_38	UniRef100_A0A0D1LXL2~K06201	98.6	217	3	0	1	217	1	217	4.81e-150	421
Deepurify_Bin_1ΩT2_UBT_000000064455_6	UniRef100_A0A0N7HAU0~K00788	62.8	215	79	1	1	214	1	215	7.23e-83	251
Deepurify_Bin_1ΩT2_UBT_000000026597_33	UniRef100_A0A0D1LXL2~K06201	79.1	211	44	0	1	211	1	211	3.11e-114	330
Deepurify_Bin_3ΩT1_FOM_000000154240_10	UniRef100_Q03ZE7~K06950	71.9	217	61	0	1	217	1	217	1.27e-106	311
Deepurify_Bin_3ΩT1_FOM_000000032648_2	UniRef100_I0I0F0~K15634	36.4	176	108	3	1	176	1	172	5.47e-28	110
Deepurify_Bin_4ΩT1_UBT_000000018109_4	UniRef100_A0A0D1JSV4~K11068	91.2	217	19	0	1	217	1	217	3.74e-138	391
Deepurify_Bin_4ΩT1_UBT_000000014333_33	UniRef100_A0A0D1LXL2~K06201	79.1	211	44	0	1	211	1	211	3.11e-114	330
Deepurify_Bin_2ΩT2_FOM_000000018066_430	UniRef100_F7Z6E5~K15640	31.9	185	119	3	1	181	1	182	2.52e-21	93.6
Deepurify_Bin_1ΩT2_UBT_000000083272_4	UniRef100_A0A089Y934~K10353	58.2	213	86	1	1	213	4	213	5.60e-79	241
Deepurify_Bin_1ΩT2_UBT_000000000469_4	UniRef100_A0A089Y934~K10353	57.7	213	87	1	1	213	4	213	5.60e-79	241
Deepurify_Bin_1ΩT2_UBT_000000039277_91	UniRef100_A0A0D1KML5~K02068	67.6	216	70	0	1	216	1	216	3.57e-97	287
Deepurify_Bin_3ΩT1_FOM_000000123978_6	UniRef100_B1MVM6~K01926	93.1	216	15	0	1	216	1	216	2.54e-140	396
Deepurify_Bin_3ΩT1_FOM_000000073987_1	UniRef100_U5UKU5~K11737	51.0	206	101	0	12	217	6	211	7.05e-69	216
Deepurify_Bin_3ΩT1_FOM_000000035651_5	UniRef100_Q03ZQ5~K02236	48.6	216	110	1	1	216	1	215	9.07e-64	202
Deepurify_Bin_3ΩT1_FOM_000000029333_2	UniRef100_A0A1B1ZZJ6~K07260	93.5	216	14	0	1	216	1	216	1.81e-149	419
Deepurify_Bin_4ΩT1_UBT_000000026413_4	UniRef100_A0A089Y934~K10353	57.7	213	87	1	1	213	4	213	5.60e-79	241
Deepurify_Bin_2ΩT2_FOM_000000080637_145	UniRef100_B1MVM6~K01926	100	216	0	0	1	216	1	216	6.33e-150	421
Deepurify_Bin_2ΩT2_FOM_000000080637_36	UniRef100_B1N069~K02237	99.1	216	2	0	1	216	1	216	6.52e-143	403
Deepurify_Bin_0ΩT2_UBT_000000082639_1	UniRef100_E4SZ80~K10353	47.4	209	109	1	2	209	4	212	1.29e-59	192
Deepurify_Bin_0ΩT2_UBT_000000046295_11	UniRef100_A0A0N9YK87~K00943	99.5	214	1	0	1	214	1	214	5.21e-148	416
Deepurify_Bin_0ΩT2_UBT_000000027106_3	UniRef100_A0A0D1LIC5~K02029	100	214	0	0	1	214	1	214	5.36e-141	398
Deepurify_Bin_0ΩT2_UBT_000000016372_4	UniRef100_E8T659~K00996	37.8	201	108	4	28	213	9	207	7.65e-38	136
Deepurify_Bin_0ΩT2_UBT_000000034542_94	UniRef100_A0A0D1JV49~K00655	100	214	0	0	1	214	1	214	1.91e-159	444
Deepurify_Bin_1ΩT2_UBT_000000041069_4	UniRef100_A0A0D1JV49~K00655	90.6	213	20	0	1	213	1	213	1.18e-144	407
Deepurify_Bin_1ΩT2_UBT_000000071291_38	UniRef100_A0A0D1JNS7~K10040	92.5	214	16	0	1	214	1	214	3.33e-135	383
Deepurify_Bin_1ΩT2_UBT_000000011170_20	UniRef100_A0A0D1LIC5~K02029	91.6	214	18	0	1	214	1	214	1.30e-132	377
Deepurify_Bin_1ΩT2_UBT_000000065998_117	UniRef100_A0A0D1LJX9~K01926	98.1	213	4	0	1	213	1	213	9.73e-146	410
Deepurify_Bin_3ΩT1_FOM_000000154240_20	UniRef100_A0A089Y934~K10353	58.0	212	89	0	1	212	4	215	3.17e-80	244
Deepurify_Bin_3ΩT1_FOM_000000039458_3	UniRef100_M3X166~K00927	47.7	220	106	5	3	215	6	223	2.13e-52	175
Deepurify_Bin_3ΩT1_FOM_000000028014_5	UniRef100_A0A1X0V8L7~K00949	68.4	212	67	0	1	212	1	212	2.57e-108	315
Deepurify_Bin_4ΩT1_UBT_000000015941_1	UniRef100_F0K1F6~K10353	47.8	209	108	1	2	209	9	217	7.52e-60	192
Deepurify_Bin_4ΩT1_UBT_000000007014_16	UniRef100_A0A0N9YK87~K00943	88.8	214	24	0	1	214	1	214	2.15e-131	374
Deepurify_Bin_4ΩT1_UBT_000000018545_38	UniRef100_A0A0D1JNS7~K10040	92.5	214	16	0	1	214	1	214	3.33e-135	383
Deepurify_Bin_4ΩT1_UBT_000000006917_116	UniRef100_A0A0D1LJX9~K01926	98.1	213	4	0	1	213	1	213	9.73e-146	410
Deepurify_Bin_2ΩT2_FOM_000000080637_205	UniRef100_B1MVT4~K00943	99.5	214	1	0	1	214	1	214	7.40e-148	415
Deepurify_Bin_2ΩT2_FOM_000000018066_127	UniRef100_B1MZ16~K21562	99.1	214	2	0	1	214	1	214	1.23e-146	412
Deepurify_Bin_0ΩT2_UBT_000000021322_14	UniRef100_A0A0N9YJT4~K07118	99.1	213	2	0	1	213	1	213	1.44e-149	419
Deepurify_Bin_0ΩT2_UBT_000000004216_97	UniRef100_A0A0D1LJX9~K01926	100	213	0	0	1	213	1	213	3.40e-148	416
Deepurify_Bin_1ΩT2_UBT_000000039277_77	UniRef100_A0A0N9YJT4~K07118	90.6	213	20	0	1	213	1	213	1.31e-136	387
Deepurify_Bin_3ΩT1_FOM_000000104779_2	UniRef100_A0A1X0V6P6~K16785	73.2	213	57	0	1	213	1	213	3.31e-107	312
Deepurify_Bin_3ΩT1_FOM_000000063874_23	UniRef100_A0A1X0V841~K10040	91.5	213	18	0	1	213	1	213	2.22e-128	366
Deepurify_Bin_3ΩT1_FOM_000000016860_6	UniRef100_Q03ZG6~K00943	81.7	213	39	0	1	213	1	213	9.23e-121	347
Deepurify_Bin_4ΩT1_UBT_000000001140_6	UniRef100_A0A0N9YHM7~K00762	72.1	208	58	0	1	208	1	208	1.67e-102	300
Deepurify_Bin_2ΩT2_FOM_000000029022_59	UniRef100_B1MWS7~K10040	100	213	0	0	1	213	1	213	2.87e-140	396
Deepurify_Bin_2ΩT2_FOM_000000038108_20	UniRef100_B1MZZ5~K02029	99.5	213	1	0	1	213	1	213	4.26e-142	400
Deepurify_Bin_2ΩT2_FOM_000000080637_211	UniRef100_A0A1B2A182~K00564	76.5	213	50	0	1	213	1	213	2.31e-114	330
Deepurify_Bin_2ΩT2_FOM_000000080637_196	UniRef100_A0A089Y934~K10353	56.9	211	89	2	1	211	4	212	5.45e-76	233
Deepurify_Bin_2ΩT2_FOM_000000080637_117	UniRef100_B1MVJ8~K01056	100	213	0	0	1	213	1	213	6.11e-151	423
Deepurify_Bin_0ΩT2_UBT_000000027106_4	UniRef100_A0A0N9YRC1~K02028	99.5	212	1	0	1	212	1	212	4.29e-146	410
Deepurify_Bin_0ΩT2_UBT_000000003960_6	UniRef100_A0A0N9YHM7~K00762	98.1	212	4	0	1	212	1	212	9.69e-143	402
Deepurify_Bin_0ΩT2_UBT_000000031606_112	UniRef100_A0A0D1LM27~K06878	98.6	212	3	0	1	212	1	212	4.80e-143	403
Deepurify_Bin_1ΩT2_UBT_000000020938_34	UniRef100_A0A0D1LM27~K06878	85.8	212	30	0	1	212	1	212	1.04e-121	349
Deepurify_Bin_1ΩT2_UBT_000000011170_19	UniRef100_A0A0N9YRC1~K02028	95.3	212	10	0	1	212	1	212	5.60e-142	400
Deepurify_Bin_3ΩT1_FOM_000000086418_15	UniRef100_C2KHI2~K00969	76.6	209	49	0	4	212	6	214	5.07e-118	340
Deepurify_Bin_3ΩT1_FOM_000000083219_6	UniRef100_D5T2R3~K00788	59.4	212	86	0	1	212	1	212	4.56e-88	264
Deepurify_Bin_3ΩT1_FOM_000000049116_10	UniRef100_B1MW97~K11068	89.2	212	23	0	1	212	1	212	4.06e-135	383
Deepurify_Bin_3ΩT1_FOM_000000013223_1	UniRef100_Q03VX9~K01814	70.4	213	63	0	1	213	1	213	6.18e-106	310
Deepurify_Bin_2ΩT2_FOM_000000008711_25	UniRef100_B1MXH6~K00969	99.1	212	2	0	1	212	1	212	1.51e-155	434
Deepurify_Bin_2ΩT2_FOM_000000040107_52	UniRef100_B1MW97~K11068	100	212	0	0	1	212	1	212	2.21e-148	416
Deepurify_Bin_2ΩT2_FOM_000000118331_30	UniRef100_B1MX63~K00788	100	212	0	0	1	212	1	212	3.67e-147	413
Deepurify_Bin_2ΩT2_FOM_000000038108_21	UniRef100_B1MZZ4~K02028	100	212	0	0	1	212	1	212	1.38e-142	402
Deepurify_Bin_2ΩT2_FOM_000000018066_553	UniRef100_H1WPL7~K00949	100	212	0	0	1	212	1	212	5.47e-158	441
Deepurify_Bin_2ΩT2_FOM_000000018066_488	UniRef100_D5T103~K19302	54.2	203	93	0	4	206	4	206	1.10e-68	214
Deepurify_Bin_2ΩT2_FOM_000000018066_416	UniRef100_B1MY81~K02086	99.5	212	1	0	1	212	1	212	6.09e-146	410
Deepurify_Bin_0ΩT2_UBT_000000019873_1	UniRef100_A0A0D1LUM2~K04074	97.6	211	5	0	1	211	1	211	2.12e-95	282
Deepurify_Bin_0ΩT2_UBT_000000040980_8	UniRef100_A0A0D1KB13~K07118	100	211	0	0	1	211	1	211	8.35e-148	415
Deepurify_Bin_0ΩT2_UBT_000000045448_10	UniRef100_A0A0N9YGW0~K06024	99.5	211	1	0	1	211	1	211	4.09e-139	393
Deepurify_Bin_0ΩT2_UBT_000000031606_7	UniRef100_A0A0D1M9X5~K07023	100	211	0	0	1	211	1	211	1.29e-151	424
Deepurify_Bin_1ΩT2_UBT_000000006722_16	UniRef100_A0A0D1LWZ9~K01126	55.6	198	86	2	1	197	1	197	1.72e-61	196
Deepurify_Bin_1ΩT2_UBT_000000031997_20	UniRef100_A0A0D1M9X5~K07023	95.3	211	10	0	1	211	1	211	3.97e-146	410
Deepurify_Bin_1ΩT2_UBT_000000009990_52	UniRef100_A0A0D1KB13~K07118	78.2	211	46	0	1	211	1	211	6.23e-118	339
Deepurify_Bin_3ΩT1_FOM_000000112850_3	UniRef100_Q48S31~K01271	41.8	196	113	1	1	196	6	200	7.30e-45	154
Deepurify_Bin_3ΩT1_FOM_000000062405_4	UniRef100_C2KJM3~K02086	79.6	211	43	0	1	211	1	211	3.38e-122	350
Deepurify_Bin_4ΩT1_UBT_000000021839_1	UniRef100_G0UI06~K04074	83.1	213	33	2	1	211	1	212	1.20e-78	240
Deepurify_Bin_4ΩT1_UBT_000000000739_16	UniRef100_A0A0D1LWZ9~K01126	55.6	198	86	2	1	197	1	197	1.72e-61	196
Deepurify_Bin_4ΩT1_UBT_000000003991_32	UniRef100_A0A0D1KB13~K07118	78.2	211	46	0	1	211	1	211	6.23e-118	339
Deepurify_Bin_2ΩT2_FOM_000000038108_147	UniRef100_E8T659~K00996	47.8	201	101	4	14	211	9	208	1.37e-51	171
Deepurify_Bin_2ΩT2_FOM_000000038108_124	UniRef100_B1MZN9~K06201	99.5	211	1	0	1	211	1	211	1.62e-145	409
Deepurify_Bin_2ΩT2_FOM_000000080637_224	UniRef100_Q891Z4~K00560	39.9	188	113	0	19	206	17	204	4.60e-40	142
Deepurify_Bin_2ΩT2_FOM_000000080637_216	UniRef100_B1MVU5~K02601	100	211	0	0	1	211	1	211	4.83e-147	413
Deepurify_Bin_2ΩT2_FOM_000000018066_79	UniRef100_B1MZ68~K00655	99.5	211	1	0	1	211	1	211	4.00e-155	433
Deepurify_Bin_2ΩT2_FOM_000000018066_77	UniRef100_B1MZ70~K01356	100	211	0	0	1	211	1	211	3.97e-146	410
Deepurify_Bin_0ΩT2_UBT_000000034542_88	UniRef100_A0A0N9Y6N9~K01356	99.5	210	1	0	1	210	1	210	3.28e-149	418
Deepurify_Bin_0ΩT2_UBT_000000031606_114	UniRef100_A0A0D1LMJ6~K00876	100	210	0	0	1	210	1	210	1.75e-144	406
Deepurify_Bin_1ΩT2_UBT_000000041069_10	UniRef100_A0A0N9Y6N9~K01356	72.4	210	58	0	1	210	1	210	5.04e-112	324
Deepurify_Bin_1ΩT2_UBT_000000082767_10	UniRef100_A0A0N9YGW0~K06024	89.0	210	23	0	1	210	1	210	9.72e-124	354
Deepurify_Bin_1ΩT2_UBT_000000020938_36	UniRef100_A0A0D1LMJ6~K00876	98.1	210	4	0	1	210	1	210	9.71e-142	399
Deepurify_Bin_1ΩT2_UBT_000000011170_22	UniRef100_A0A0D1JP57~K01674	76.8	207	48	0	1	207	1	207	6.80e-119	342
Deepurify_Bin_3ΩT1_FOM_000000016860_12	UniRef100_A0A1X0V661~K00564	79.1	211	43	1	1	210	1	211	1.91e-114	330
Deepurify_Bin_4ΩT1_UBT_000000004766_10	UniRef100_A0A0N9YGW0~K06024	89.0	210	23	0	1	210	1	210	9.72e-124	354
Deepurify_Bin_2ΩT2_FOM_000000038108_66	UniRef100_A0A089Y934~K10353	50.5	210	101	3	2	209	4	212	4.68e-64	203
Deepurify_Bin_2ΩT2_FOM_000000018066_609	UniRef100_B1MXP1~K00876	100	210	0	0	1	210	1	210	1.50e-145	409
Deepurify_Bin_2ΩT2_FOM_000000018066_69	UniRef100_B1MZ78~K03100	99.5	210	1	0	1	210	3	212	7.72e-153	427
Deepurify_Bin_0ΩT2_UBT_000000027106_6	UniRef100_A0A0D1JFK3~K14652	99.5	209	1	0	1	209	1	209	1.05e-140	397
Deepurify_Bin_0ΩT2_UBT_000000027106_1	UniRef100_A0A0D1JP57~K01674	99.5	208	1	0	1	208	1	208	3.85e-152	426
Deepurify_Bin_0ΩT2_UBT_000000039885_73	UniRef100_A0A0D1LMT9~K03978	100	209	0	0	1	209	1	209	9.07e-151	422
Deepurify_Bin_0ΩT2_UBT_000000021629_66	UniRef100_A0A0N9XYT7~K07118	98.6	209	3	0	1	209	1	209	3.41e-146	410
Deepurify_Bin_0ΩT2_UBT_000000021629_23	UniRef100_A0A0N9XWW6~K08591	99.5	191	1	0	19	209	1	191	4.49e-131	372
Deepurify_Bin_1ΩT2_UBT_000000034986_3	UniRef100_A0A0D1LMT9~K03978	98.6	209	3	0	1	209	1	209	1.51e-149	419
Deepurify_Bin_1ΩT2_UBT_000000036495_27	UniRef100_A0A0D1JC22~K00761	100	209	0	0	1	209	1	209	8.03e-145	407
Deepurify_Bin_1ΩT2_UBT_000000038068_2	UniRef100_A0A1J0A7D9~K07052	30.3	185	113	6	29	209	23	195	1.96e-18	85.5
Deepurify_Bin_1ΩT2_UBT_000000026597_48	UniRef100_A0A0N9XWW6~K08591	87.8	189	23	0	19	207	1	189	1.84e-114	330
Deepurify_Bin_1ΩT2_UBT_000000011170_17	UniRef100_A0A0D1JFK3~K14652	86.0	207	29	0	1	207	1	207	1.13e-119	343
Deepurify_Bin_4ΩT1_UBT_000000006101_23	UniRef100_A0A0D1JC22~K00761	100	209	0	0	1	209	1	209	8.03e-145	407
Deepurify_Bin_4ΩT1_UBT_000000024370_2	UniRef100_A0A1J0A7D9~K07052	30.3	185	113	6	29	209	23	195	1.96e-18	85.5
Deepurify_Bin_4ΩT1_UBT_000000018112_5	UniRef100_A0A0D1JC22~K00761	97.1	209	6	0	1	209	1	209	1.55e-142	401
Deepurify_Bin_4ΩT1_UBT_000000014333_48	UniRef100_A0A0N9XWW6~K08591	87.8	189	23	0	19	207	1	189	1.84e-114	330
Deepurify_Bin_2ΩT2_FOM_000000018066_594	UniRef100_A2RK71~K01227	40.9	203	115	2	3	205	7	204	6.29e-47	159
Deepurify_Bin_2ΩT2_FOM_000000018066_526	UniRef100_D5T153~K00761	98.1	209	4	0	1	209	1	209	5.42e-143	402
Deepurify_Bin_2ΩT2_FOM_000000018066_76	UniRef100_B1MZ71~K00762	100	209	0	0	1	209	1	209	5.04e-148	415
Deepurify_Bin_0ΩT2_UBT_000000022613_18	UniRef100_A0A0N9YLX4~K08093	99.0	208	2	0	1	208	1	208	3.96e-140	395
Deepurify_Bin_1ΩT2_UBT_000000014026_9	UniRef100_A0A0N9YQP1~K19302	55.6	205	89	2	3	206	5	208	8.62e-65	204
Deepurify_Bin_1ΩT2_UBT_000000079358_1	UniRef100_E3EC02~K01198&K01209	40.1	207	111	3	1	207	4	197	5.71e-40	142
Deepurify_Bin_3ΩT1_FOM_000000015242_12	UniRef100_K0DEH5~K00876	87.9	206	25	0	1	206	1	206	1.45e-124	356
Deepurify_Bin_4ΩT1_UBT_000000003269_12	UniRef100_A0A0N9YQP1~K19302	55.6	205	89	2	3	206	5	208	8.62e-65	204
Deepurify_Bin_0ΩT2_UBT_000000034542_60	UniRef100_E8T659~K00996	48.0	202	101	4	8	206	7	207	1.98e-55	181
Deepurify_Bin_1ΩT2_UBT_000000014387_53	UniRef100_Q0SRK3~K06019	31.1	212	139	4	1	207	2	211	4.25e-22	95.5
Deepurify_Bin_1ΩT2_UBT_000000011170_21	UniRef100_A0A0N7HAP9~K03571	78.9	194	41	0	1	194	1	194	5.04e-105	306
Deepurify_Bin_3ΩT1_FOM_000000013607_5	UniRef100_A0A1X0VA33~K03630	68.2	201	64	0	1	201	1	201	3.29e-96	284
Deepurify_Bin_3ΩT1_FOM_000000013223_2	UniRef100_A0A1X0V709~K02501	69.4	206	61	1	1	206	1	204	6.98e-101	296
Deepurify_Bin_3ΩT1_FOM_000000006674_10	UniRef100_A0A1X0V842~K01674	58.7	206	85	0	1	206	1	206	4.70e-83	251
Deepurify_Bin_2ΩT2_FOM_000000050145_16	UniRef100_B1MW13~K02926	99.5	207	1	0	1	207	1	207	1.18e-136	386
Deepurify_Bin_2ΩT2_FOM_000000040107_55	UniRef100_B1MW94~K01674	100	207	0	0	1	207	1	207	2.61e-149	418
Deepurify_Bin_2ΩT2_FOM_000000018066_25	UniRef100_B1MZE5~K05995	98.1	207	4	0	1	207	1	207	1.97e-144	406
Deepurify_Bin_0ΩT2_UBT_000000032422_37	UniRef100_A0A0H2YQY7~K06019	33.2	211	134	4	1	206	2	210	6.00e-26	105
Deepurify_Bin_0ΩT2_UBT_000000039885_12	UniRef100_A0A0N9YG73~K03707	97.0	201	6	0	6	206	1	201	3.32e-139	392
Deepurify_Bin_0ΩT2_UBT_000000021322_38	UniRef100_A0A0D1M053~K03975	98.1	206	4	0	1	206	1	206	8.08e-148	414
Deepurify_Bin_0ΩT2_UBT_000000018558_63	UniRef100_A0A0D1LEL5~K08093	98.5	206	3	0	1	206	1	206	8.97e-136	384
Deepurify_Bin_1ΩT2_UBT_000000038068_25	UniRef100_A0A0D1LEL5~K08093	97.1	206	6	0	1	206	1	206	1.22e-133	379
Deepurify_Bin_1ΩT2_UBT_000000038068_23	UniRef100_Q3Y391~K02755&K02757&K02756	42.9	170	92	2	34	203	5	169	2.17e-38	137
Deepurify_Bin_1ΩT2_UBT_000000039277_98	UniRef100_A0A0D1M053~K03975	72.2	205	57	0	1	205	1	205	4.56e-113	327
Deepurify_Bin_3ΩT1_FOM_000000081119_8	UniRef100_Q03YS8~K00859	68.2	201	64	0	1	201	1	201	1.55e-90	270
Deepurify_Bin_4ΩT1_UBT_000000018109_3	UniRef100_A0A0D1JIF4~K06895	88.2	203	24	0	1	203	1	203	1.85e-123	353
Deepurify_Bin_4ΩT1_UBT_000000024370_25	UniRef100_A0A0D1LEL5~K08093	97.1	206	6	0	1	206	1	206	1.22e-133	379
Deepurify_Bin_4ΩT1_UBT_000000024370_23	UniRef100_Q3Y391~K02755&K02757&K02756	42.9	170	92	2	34	203	5	169	2.17e-38	137
Deepurify_Bin_2ΩT2_FOM_000000035880_22	UniRef100_B1MXB7~K00859	99.5	206	1	0	1	206	1	206	1.38e-139	394
Deepurify_Bin_0ΩT2_UBT_000000003155_6	UniRef100_A0A0D1LRS0~K00942	99.5	205	1	0	1	205	1	205	1.34e-141	399
Deepurify_Bin_0ΩT2_UBT_000000003960_40	UniRef100_A5CYN4~K01689	61.3	181	60	3	12	192	2	172	6.94e-70	216
Deepurify_Bin_0ΩT2_UBT_000000045121_3	UniRef100_A0A0D1LRV1~K03100	100	205	0	0	1	205	1	205	3.31e-151	423
Deepurify_Bin_0ΩT2_UBT_000000045448_28	UniRef100_A0A0N9YRS2~K02003	98.5	205	3	0	1	205	1	205	1.34e-141	399
Deepurify_Bin_0ΩT2_UBT_000000087819_68	UniRef100_A0A0D1LRV1~K03100	93.2	205	14	0	1	205	1	205	5.67e-143	402
Deepurify_Bin_0ΩT2_UBT_000000087819_3	UniRef100_A0A0D1LRV1~K03100	93.2	205	14	0	1	205	1	205	5.67e-143	402
Deepurify_Bin_1ΩT2_UBT_000000018272_15	UniRef100_A0A0D1M740~K00564	94.1	205	12	0	1	205	1	205	2.90e-136	385
Deepurify_Bin_1ΩT2_UBT_000000024690_21	UniRef100_A0A0D1M740~K00564	99.5	205	1	0	1	205	1	205	1.39e-143	404
Deepurify_Bin_1ΩT2_UBT_000000001689_7	UniRef100_A0A0D1LRS0~K00942	96.1	205	8	0	1	205	1	205	4.12e-136	385
Deepurify_Bin_3ΩT1_FOM_000000062405_21	UniRef100_Q03WG4~K08591	75.4	203	50	0	1	203	1	203	1.02e-106	310
Deepurify_Bin_4ΩT1_UBT_000000008966_15	UniRef100_A0A0D1M740~K00564	94.1	205	12	0	1	205	1	205	2.90e-136	385
Deepurify_Bin_4ΩT1_UBT_000000019564_6	UniRef100_A0A0D1LRS0~K00942	96.1	205	8	0	1	205	1	205	4.12e-136	385
Deepurify_Bin_4ΩT1_UBT_000000001140_39	UniRef100_A5CYN4~K01689	63.0	181	57	3	12	192	2	172	2.10e-71	220
Deepurify_Bin_2ΩT2_FOM_000000018066_471	UniRef100_B1MY28~K03700	100	205	0	0	1	205	1	205	1.24e-146	411
Deepurify_Bin_1ΩT2_UBT_000000034986_18	UniRef100_A0A0D1LKK8~K00661	73.5	200	53	0	2	201	1	200	1.20e-104	305
Deepurify_Bin_3ΩT1_FOM_000000112850_7	UniRef100_K0D8H1~K01246	66.0	194	65	1	11	204	11	203	3.77e-91	271
Deepurify_Bin_0ΩT2_UBT_000000016817_1	UniRef100_A0A0D1M4I2~K03048	99.5	197	1	0	7	203	1	197	1.37e-88	264
Deepurify_Bin_0ΩT2_UBT_000000025704_19	UniRef100_A0A0D1LWZ9~K01126	98.0	203	4	0	1	203	1	203	7.20e-145	407
Deepurify_Bin_0ΩT2_UBT_000000027106_2	UniRef100_A0A0N7HAP9~K03571	98.5	203	3	0	1	203	1	203	2.49e-136	385
Deepurify_Bin_0ΩT2_UBT_000000016372_31	UniRef100_Q2NWC2~K06221	42.9	182	99	3	8	187	7	185	6.77e-42	145
Deepurify_Bin_3ΩT1_FOM_000000153174_3	UniRef100_Q03UJ1~K03100	80.0	200	39	1	3	202	2	200	1.92e-119	342
Deepurify_Bin_3ΩT1_FOM_000000096995_17	UniRef100_A0A1B2A0B5~K02986	94.6	203	11	0	1	203	1	203	1.38e-133	378
Deepurify_Bin_4ΩT1_UBT_000000016898_1	UniRef100_A0A0D1M4I2~K03048	97.5	197	5	0	7	203	1	197	3.72e-86	258
Deepurify_Bin_2ΩT2_FOM_000000009452_27	UniRef100_B1MZI3~K08591	100	203	0	0	1	203	1	203	1.01e-135	384
Deepurify_Bin_2ΩT2_FOM_000000008711_52	UniRef100_B1MXF0~K03630	99.5	202	1	0	1	202	1	202	8.76e-146	409
Deepurify_Bin_2ΩT2_FOM_000000036960_8	UniRef100_B1MWZ8~K02986	100	203	0	0	1	203	1	203	4.67e-141	397
Deepurify_Bin_0ΩT2_UBT_000000032422_22	UniRef100_A0A1J0A425~K06384	38.7	163	96	2	38	200	2	160	1.45e-29	113
Deepurify_Bin_0ΩT2_UBT_000000004216_38	UniRef100_A0A0D1K714~K02428	98.5	202	3	0	1	202	1	202	2.92e-139	392
Deepurify_Bin_3ΩT1_FOM_000000112850_8	UniRef100_A5CYN4~K01689	67.1	167	55	0	25	191	6	172	1.62e-72	223
Deepurify_Bin_3ΩT1_FOM_000000096995_8	UniRef100_A0A1L6RE41~K00661	60.7	201	79	0	2	202	1	201	3.71e-89	266
Deepurify_Bin_0ΩT2_UBT_000000021322_23	UniRef100_A0A0D1KCL1~K02424	99.5	201	1	0	1	201	24	224	6.61e-134	380
Deepurify_Bin_1ΩT2_UBT_000000036495_16	UniRef100_A0A0D1LKK8~K00661	99.0	201	2	0	1	201	1	201	2.82e-141	397
Deepurify_Bin_1ΩT2_UBT_000000031997_13	UniRef100_A0A0D1KJ06~K03700	83.4	199	33	0	1	199	1	199	2.00e-118	340
Deepurify_Bin_1ΩT2_UBT_000000014387_48	UniRef100_A0A0D1KJM5~K07816	92.5	200	15	0	1	200	1	200	3.52e-128	364
Deepurify_Bin_1ΩT2_UBT_000000065998_37	UniRef100_A0A0D1K714~K02428	84.9	199	30	0	1	199	1	199	3.71e-119	342
Deepurify_Bin_3ΩT1_FOM_000000062405_9	UniRef100_A0A1B1ZZ51~K07078	74.2	198	51	0	3	200	2	199	5.15e-107	311
Deepurify_Bin_3ΩT1_FOM_000000016860_8	UniRef100_Q03ZG8~K06187	91.5	201	17	0	1	201	1	201	3.81e-130	369
Deepurify_Bin_4ΩT1_UBT_000000006101_12	UniRef100_A0A0D1LKK8~K00661	99.0	201	2	0	1	201	1	201	4.01e-141	397
Deepurify_Bin_4ΩT1_UBT_000000006917_37	UniRef100_A0A0D1K714~K02428	84.9	199	30	0	1	199	1	199	3.71e-119	342
Deepurify_Bin_2ΩT2_FOM_000000038108_143	UniRef100_B1MZM1~K19225	98.0	201	4	0	1	201	1	201	6.32e-140	395
Deepurify_Bin_2ΩT2_FOM_000000080637_207	UniRef100_B1MVT6~K06187	99.5	201	1	0	1	201	1	201	6.93e-142	399
Deepurify_Bin_2ΩT2_FOM_000000080637_157	UniRef100_B1MVN8~K00857	100	201	0	0	1	201	1	201	3.06e-145	407
Deepurify_Bin_2ΩT2_FOM_000000018066_301	UniRef100_C7QYL1~K19784	30.8	172	105	3	7	173	8	170	2.22e-12	68.9
Deepurify_Bin_2ΩT2_FOM_000000018066_242	UniRef100_B1MYQ8~K09702	99.5	201	1	0	1	201	1	201	1.25e-153	429
Deepurify_Bin_0ΩT2_UBT_000000009241_9	UniRef100_A0A0N9YQP1~K19302	98.0	199	4	0	2	200	11	209	7.50e-134	379
Deepurify_Bin_0ΩT2_UBT_000000032422_32	UniRef100_A0A0D1KJM5~K07816	100	200	0	0	1	200	1	200	5.28e-141	397
Deepurify_Bin_0ΩT2_UBT_000000031606_15	UniRef100_A0A0D1KJ06~K03700	100	200	0	0	1	200	1	200	1.35e-143	403
Deepurify_Bin_1ΩT2_UBT_000000009990_13	UniRef100_A0A0D1JK43~K00857	82.3	198	35	0	1	198	1	198	2.09e-117	337
Deepurify_Bin_1ΩT2_UBT_000000039277_87	UniRef100_A0A0D1KCL1~K02424	84.8	197	30	0	1	197	24	220	2.24e-111	323
Deepurify_Bin_3ΩT1_FOM_000000086418_7	UniRef100_D5T321~K01358	94.0	200	12	0	1	200	1	200	1.33e-132	375
Deepurify_Bin_3ΩT1_FOM_000000079273_6	UniRef100_D5T598~K02428	73.7	198	51	1	1	197	2	199	1.37e-100	295
Deepurify_Bin_4ΩT1_UBT_000000003245_25	UniRef100_A0A0D1JEQ8~K03550	83.5	200	32	1	1	200	1	199	8.42e-115	330
Deepurify_Bin_2ΩT2_FOM_000000008711_32	UniRef100_B1MXG9~K01358	100	200	0	0	1	200	1	200	5.07e-139	392
Deepurify_Bin_2ΩT2_FOM_000000038108_60	UniRef100_B1MZV6~K02428	99.5	200	1	0	1	200	1	200	1.45e-138	390
Deepurify_Bin_2ΩT2_FOM_000000018066_386	UniRef100_B1MYA9~K06024	99.5	200	1	0	1	200	1	200	1.19e-137	388
Deepurify_Bin_0ΩT2_UBT_000000046295_14	UniRef100_A0A0D1JC44~K06187	100	199	0	0	1	199	1	199	3.13e-128	364
Deepurify_Bin_0ΩT2_UBT_000000088698_23	UniRef100_A0A0D1JEQ8~K03550	100	199	0	0	1	199	1	199	3.70e-136	384
Deepurify_Bin_1ΩT2_UBT_000000027031_7	UniRef100_A0A0D1KBE2~K16937	62.7	201	44	3	1	199	1	172	1.84e-77	235
Deepurify_Bin_1ΩT2_UBT_000000071291_43	UniRef100_A0A0D1JNT6~K00942	81.1	185	35	0	14	198	1	185	2.77e-103	301
Deepurify_Bin_3ΩT1_FOM_000000139589_13	UniRef100_J9YIJ4~K00857	80.7	197	38	0	1	197	1	197	1.14e-112	325
Deepurify_Bin_3ΩT1_FOM_000000070747_30	UniRef100_J9YJL9~K00930	66.8	199	66	0	1	199	47	245	1.98e-93	278
Deepurify_Bin_4ΩT1_UBT_000000007014_19	UniRef100_G0UGY3~K06187	91.0	199	18	0	1	199	1	199	3.01e-126	359
Deepurify_Bin_4ΩT1_UBT_000000018545_43	UniRef100_A0A0D1JNT6~K00942	81.1	185	35	0	14	198	1	185	2.77e-103	301
Deepurify_Bin_4ΩT1_UBT_000000018112_10	UniRef100_A0A0D1LZI2~K00857	91.0	199	17	1	1	199	1	198	6.83e-125	356
Deepurify_Bin_2ΩT2_FOM_000000018066_411	UniRef100_B1MY86~K07078	98.5	199	3	0	1	199	1	199	9.47e-139	391
Deepurify_Bin_2ΩT2_FOM_000000018066_307	UniRef100_B1MYJ3~K00793	99.0	199	2	0	1	199	1	199	1.29e-136	385
Deepurify_Bin_2ΩT2_FOM_000000018066_290	UniRef100_J3WU49~K00355	30.7	202	115	5	1	195	1	184	4.29e-21	92.0
Deepurify_Bin_2ΩT2_FOM_000000018066_107	UniRef100_D5T0F2~K02428	70.4	199	59	0	1	199	1	199	1.03e-94	280
Deepurify_Bin_0ΩT2_UBT_000000032422_35	UniRef100_A0A0N9YLP4~K02428	99.0	198	2	0	1	198	1	198	4.87e-136	384
Deepurify_Bin_0ΩT2_UBT_000000035055_31	UniRef100_A0A0D1JK43~K00857	99.5	198	1	0	1	198	1	198	2.15e-139	392
Deepurify_Bin_1ΩT2_UBT_000000036495_22	UniRef100_A0A0D1LZI2~K00857	99.5	198	1	0	1	198	1	198	4.35e-139	392
Deepurify_Bin_1ΩT2_UBT_000000079358_28	UniRef100_A0A0D1LRY9~K00760	95.5	198	9	0	1	198	1	198	9.44e-134	378
Deepurify_Bin_1ΩT2_UBT_000000014387_51	UniRef100_A0A0N9YLP4~K02428	83.3	198	33	0	1	198	1	198	1.07e-114	330
Deepurify_Bin_1ΩT2_UBT_000000001669_4	UniRef100_A0A0D1LRY9~K00760	100	198	0	0	1	198	1	198	1.46e-137	388
Deepurify_Bin_3ΩT1_FOM_000000103126_12	UniRef100_A0A1B2A077~K03501	80.7	197	38	0	1	197	42	238	3.32e-109	318
Deepurify_Bin_4ΩT1_UBT_000000006101_18	UniRef100_A0A0D1LZI2~K00857	99.0	198	2	0	1	198	1	198	1.46e-137	388
Deepurify_Bin_4ΩT1_UBT_000000021238_32	UniRef100_A0A0D1LRY9~K00760	95.5	198	9	0	1	198	1	198	9.44e-134	378
Deepurify_Bin_2ΩT2_FOM_000000008711_5	UniRef100_B1MXJ6~K00942	100	198	0	0	1	198	1	198	1.20e-136	385
Deepurify_Bin_0ΩT2_UBT_000000027106_15	UniRef100_A0A0N9YRD3~K11175	99.0	197	2	0	1	197	1	197	1.69e-131	372
Deepurify_Bin_0ΩT2_UBT_000000045448_44	UniRef100_A0A0N9XX16~K13012	99.0	197	2	0	1	197	1	197	4.51e-136	384
Deepurify_Bin_0ΩT2_UBT_000000031606_106	UniRef100_A0A0D1LPS0~K00859	100	197	0	0	1	197	1	197	1.19e-131	373
Deepurify_Bin_1ΩT2_UBT_000000020938_28	UniRef100_A0A0D1LPS0~K00859	79.2	197	41	0	1	197	1	197	1.02e-100	295
Deepurify_Bin_3ΩT1_FOM_000000153740_11	UniRef100_Q03YU3~K03048	73.1	197	51	1	1	197	1	195	5.20e-65	204
Deepurify_Bin_3ΩT1_FOM_000000096220_3	UniRef100_A0A1B1ZZM8~K03978	92.8	194	14	0	1	194	1	194	1.91e-130	370
Deepurify_Bin_4ΩT1_UBT_000000003269_20	UniRef100_A0A0D1LQ77~K01358	93.4	197	13	0	1	197	1	197	2.12e-125	357
Deepurify_Bin_2ΩT2_FOM_000000038108_93	UniRef100_B1MZR9~K01790	99.5	197	1	0	1	197	1	197	1.85e-144	405
Deepurify_Bin_0ΩT2_UBT_000000006030_13	UniRef100_A0A0N9XTH3~K03816	98.5	196	3	0	1	196	1	196	7.46e-130	368
Deepurify_Bin_1ΩT2_UBT_000000011170_8	UniRef100_A0A0N9YRD3~K11175	63.4	194	71	0	1	194	2	195	2.66e-77	235
Deepurify_Bin_3ΩT1_FOM_000000075080_1	UniRef100_D5AFY6~K06173	39.3	196	112	2	1	196	1	189	1.57e-38	137
Deepurify_Bin_3ΩT1_FOM_000000046715_9	UniRef100_Q03Y86~K11175	80.6	196	38	0	1	196	1	196	1.27e-105	307
Deepurify_Bin_3ΩT1_FOM_000000018426_3	UniRef100_K0DCC4~K02428	65.5	194	66	1	1	194	1	193	2.79e-88	263
Deepurify_Bin_2ΩT2_FOM_000000036960_5	UniRef100_B1MX01~K00942	100	196	0	0	1	196	1	196	3.07e-138	389
Deepurify_Bin_2ΩT2_FOM_000000153740_69	UniRef100_K0DFD6~K01990	54.8	197	88	1	1	196	1	197	7.13e-67	209
Deepurify_Bin_2ΩT2_FOM_000000038108_65	UniRef100_B1MZV1~K03550	100	196	0	0	1	196	1	196	3.85e-132	374
Deepurify_Bin_2ΩT2_FOM_000000018066_458	UniRef100_B1MY41~K11175	99.0	196	2	0	1	196	1	196	3.44e-135	382
Deepurify_Bin_0ΩT2_UBT_000000035055_36	UniRef100_A0A0D1LPV7~K00793	98.5	195	3	0	1	195	1	195	1.63e-128	365
Deepurify_Bin_0ΩT2_UBT_000000021629_4	UniRef100_A0A0D1JPN0~K01462	99.5	195	1	0	1	195	1	195	2.43e-139	392
Deepurify_Bin_1ΩT2_UBT_000000026597_66	UniRef100_A0A0D1JPN0~K01462	93.8	195	12	0	1	195	1	195	6.17e-133	376
Deepurify_Bin_3ΩT1_FOM_000000013223_3	UniRef100_Q03VX7~K01693	81.0	195	37	0	1	195	1	195	6.99e-114	328
Deepurify_Bin_3ΩT1_FOM_000000001419_4	UniRef100_A0A1X0V611~K00942	79.8	193	39	0	2	194	1	193	5.43e-109	315
Deepurify_Bin_4ΩT1_UBT_000000014333_66	UniRef100_A0A0D1JPN0~K01462	93.8	195	12	0	1	195	1	195	6.17e-133	376
Deepurify_Bin_2ΩT2_FOM_000000009452_7	UniRef100_B1MZG4~K01462	99.5	195	1	0	1	195	1	195	1.20e-139	393
Deepurify_Bin_2ΩT2_FOM_000000080637_234	UniRef100_B1MVW2~K01246	99.0	195	2	0	1	195	1	195	6.21e-142	399
Deepurify_Bin_2ΩT2_FOM_000000080637_21	UniRef100_B1N054~K04068	99.5	195	1	0	1	195	1	195	3.74e-143	402
Deepurify_Bin_0ΩT2_UBT_000000065368_19	UniRef100_G0UEL1~K03100	54.5	198	78	5	2	190	5	199	3.91e-62	197
Deepurify_Bin_0ΩT2_UBT_000000004216_10	UniRef100_A0A0N9Y6Z0~K00995	100	194	0	0	1	194	1	194	3.71e-129	366
Deepurify_Bin_1ΩT2_UBT_000000065998_10	UniRef100_A0A0N9Y6Z0~K00995	99.0	194	2	0	1	194	1	194	1.02e-126	360
Deepurify_Bin_3ΩT1_FOM_000000118623_7	UniRef100_Q03WM8~K06024	69.8	189	57	0	1	189	1	189	1.88e-91	271
Deepurify_Bin_4ΩT1_UBT_000000006917_10	UniRef100_A0A0N9Y6Z0~K00995	99.0	194	2	0	1	194	1	194	1.02e-126	360
Deepurify_Bin_2ΩT2_FOM_000000038108_85	UniRef100_A0A1B2A273~K13012	75.3	190	47	0	4	193	5	194	6.62e-97	285
Deepurify_Bin_2ΩT2_FOM_000000080637_179	UniRef100_B1MVQ9~K01704	100	194	0	0	1	194	1	194	4.05e-142	399
Deepurify_Bin_2ΩT2_FOM_000000018066_561	UniRef100_B1MXT9~K03978	100	194	0	0	1	194	1	194	2.25e-139	392
Deepurify_Bin_0ΩT2_UBT_000000003155_3	UniRef100_A0A0D1LLJ0~K03768	100	193	0	0	1	193	1	193	1.72e-138	390
Deepurify_Bin_1ΩT2_UBT_000000001689_4	UniRef100_A0A0D1LLJ0~K03768	94.8	193	10	0	1	193	1	193	2.63e-133	377
Deepurify_Bin_3ΩT1_FOM_000000038029_20	UniRef100_C2KK96~K05985	72.0	182	49	1	7	186	7	188	2.13e-90	268
Deepurify_Bin_4ΩT1_UBT_000000019564_3	UniRef100_A0A0D1LLJ0~K03768	94.8	193	10	0	1	193	1	193	2.63e-133	377
Deepurify_Bin_2ΩT2_FOM_000000038108_27	UniRef100_H1WR67~K00995	99.5	193	1	0	1	193	2	194	7.80e-133	375
Deepurify_Bin_2ΩT2_FOM_000000080637_79	UniRef100_B1N0B2~K16925	99.0	193	2	0	1	193	1	193	2.94e-130	369
Deepurify_Bin_2ΩT2_FOM_000000018066_625	UniRef100_B1MXM6~K03048	100	193	0	0	1	193	1	193	7.15e-106	307
Deepurify_Bin_3ΩT1_FOM_000000149631_1	UniRef100_F0NV20~K06889	47.2	193	98	2	1	190	26	217	4.00e-56	182
Deepurify_Bin_3ΩT1_FOM_000000109664_10	UniRef100_V4B1I5~K08734	39.8	191	114	1	4	193	10	200	2.54e-40	142
Deepurify_Bin_3ΩT1_FOM_000000104779_5	UniRef100_C2KKK0~K16925	82.5	189	33	0	4	192	5	193	9.16e-111	320
Deepurify_Bin_3ΩT1_FOM_000000049305_6	UniRef100_K0DC92~K01462	85.0	193	28	1	1	192	1	193	9.33e-120	342
Deepurify_Bin_3ΩT1_FOM_000000016860_17	UniRef100_A0A1X0UWM1~K02601	93.2	190	13	0	1	190	1	190	7.20e-126	358
Deepurify_Bin_2ΩT2_FOM_000000038108_114	UniRef100_B1MZP9~K07816	100	192	0	0	1	192	20	211	2.37e-133	377
Deepurify_Bin_1ΩT2_UBT_000000024381_5	UniRef100_A0A0R2GWL9~K06147	53.3	165	77	0	1	165	1	165	4.06e-47	158
Deepurify_Bin_1ΩT2_UBT_000000065998_32	UniRef100_G0UI62~K01246	59.1	186	74	1	3	188	2	185	2.46e-74	227
Deepurify_Bin_3ΩT1_FOM_000000114406_2	UniRef100_A0A1X0UYD3~K07816	91.1	191	17	0	1	191	1	191	1.76e-121	347
Deepurify_Bin_3ΩT1_FOM_000000008989_11	UniRef100_A0A0R1NGG0~K00759	56.4	181	79	0	1	181	3	183	1.08e-62	197
Deepurify_Bin_4ΩT1_UBT_000000006917_32	UniRef100_G0UI62~K01246	59.1	186	74	1	3	188	2	185	2.46e-74	227
Deepurify_Bin_2ΩT2_FOM_000000018066_579	UniRef100_B1MXS1~K08316	100	191	0	0	1	191	1	191	6.46e-133	375
Deepurify_Bin_2ΩT2_FOM_000000018066_105	UniRef100_B1MZ42~K01495	100	191	0	0	1	191	1	191	7.29e-139	390
Deepurify_Bin_0ΩT2_UBT_000000009241_14	UniRef100_A0A1V0RR15~K21929	41.5	193	105	3	2	188	3	193	2.14e-47	159
Deepurify_Bin_0ΩT2_UBT_000000021322_5	UniRef100_A0A1C7PWF0~K06977	43.5	186	101	3	4	187	2	185	5.12e-38	135
Deepurify_Bin_1ΩT2_UBT_000000014026_14	UniRef100_A0A1V0RR15~K21929	39.2	176	104	2	14	188	20	193	9.01e-44	150
Deepurify_Bin_1ΩT2_UBT_000000011170_48	UniRef100_A0A0N9XTL3~K01515	80.4	189	37	0	1	189	1	189	1.51e-103	301
Deepurify_Bin_1ΩT2_UBT_000000009990_35	UniRef100_A0A0N9XTH3~K03816	84.7	190	29	0	1	190	1	190	5.19e-108	313
Deepurify_Bin_1ΩT2_UBT_000000039277_68	UniRef100_A0A1C7PWF0~K06977	43.0	186	102	3	4	187	2	185	8.21e-37	132
Deepurify_Bin_4ΩT1_UBT_000000003269_7	UniRef100_A0A1V0RR15~K21929	39.2	176	104	2	14	188	20	193	9.01e-44	150
Deepurify_Bin_4ΩT1_UBT_000000003991_15	UniRef100_A0A0N9XTH3~K03816	84.7	190	29	0	1	190	1	190	5.19e-108	313
Deepurify_Bin_2ΩT2_FOM_000000153740_12	UniRef100_B1MWR8~K03816	98.4	189	3	0	1	189	1	189	7.22e-125	355
Deepurify_Bin_2ΩT2_FOM_000000038108_111	UniRef100_B1MZQ2~K00759	100	177	0	0	14	190	1	177	1.53e-123	351
Deepurify_Bin_2ΩT2_FOM_000000018066_322	UniRef100_A0A1V0RR15~K21929	41.9	160	90	2	30	188	36	193	1.03e-42	147
Deepurify_Bin_0ΩT2_UBT_000000044357_26	UniRef100_A0A0N9XTL3~K01515	98.9	189	2	0	1	189	1	189	2.17e-130	369
Deepurify_Bin_0ΩT2_UBT_000000083495_33	UniRef100_A0A0R2I767~K16788	52.2	180	86	0	1	180	1	180	2.90e-59	189
Deepurify_Bin_0ΩT2_UBT_000000004216_103	UniRef100_A0A0N9YS93~K03744	100	189	0	0	1	189	1	189	5.73e-126	358
Deepurify_Bin_1ΩT2_UBT_000000039277_34	UniRef100_A0A0R2I767~K16788	51.7	180	87	0	1	180	1	180	1.17e-58	187
Deepurify_Bin_1ΩT2_UBT_000000065998_122	UniRef100_A0A0N9YS93~K03744	91.0	189	17	0	1	189	1	189	9.37e-116	332
Deepurify_Bin_3ΩT1_FOM_000000070747_2	UniRef100_Q03UJ4~K03816	81.5	189	35	0	1	189	1	189	2.75e-108	313
Deepurify_Bin_4ΩT1_UBT_000000006312_2	UniRef100_A0A0D1JVS0~K00939	98.4	189	3	0	1	189	1	189	1.03e-128	365
Deepurify_Bin_4ΩT1_UBT_000000006917_121	UniRef100_A0A0N9YS93~K03744	91.0	189	17	0	1	189	1	189	9.37e-116	332
Deepurify_Bin_2ΩT2_FOM_000000009452_10	UniRef100_B1MZG7~K03687	96.8	189	6	0	1	189	1	189	7.37e-113	325
Deepurify_Bin_2ΩT2_FOM_000000038108_140	UniRef100_B1MZM4~K07586	100	189	0	0	1	189	1	189	4.08e-144	404
Deepurify_Bin_0ΩT2_UBT_000000004216_61	UniRef100_A0A0N9YVV6~K16925	98.9	188	2	0	1	188	1	188	9.18e-127	360
Deepurify_Bin_1ΩT2_UBT_000000031997_28	UniRef100_A0A0N9YSB5~K03790	71.9	178	50	0	6	183	7	184	3.88e-91	270
Deepurify_Bin_1ΩT2_UBT_000000079358_22	UniRef100_A0A0N9XRW6~K01056	93.6	188	12	0	1	188	1	188	1.59e-127	362
Deepurify_Bin_1ΩT2_UBT_000000001669_10	UniRef100_A0A0N9XRW6~K01056	98.4	188	3	0	1	188	1	188	2.18e-134	379
Deepurify_Bin_1ΩT2_UBT_000000038068_45	UniRef100_A0A095ACS5~K05808	57.8	187	72	1	1	187	1	180	9.27e-70	215
Deepurify_Bin_3ΩT1_FOM_000000145965_5	UniRef100_K0D8V3~K01056	79.8	188	38	0	1	188	1	188	3.62e-108	313
Deepurify_Bin_3ΩT1_FOM_000000075080_13	UniRef100_Q03ZM5~K00939	89.3	187	19	1	1	187	1	186	6.89e-115	330
Deepurify_Bin_3ΩT1_FOM_000000016860_14	UniRef100_D5T3R9~K02864	87.3	181	20	1	1	181	1	178	2.50e-99	290
Deepurify_Bin_4ΩT1_UBT_000000026060_4	UniRef100_A0A0D1LFE1~K02356	100	188	0	0	1	188	1	188	7.30e-133	375
Deepurify_Bin_4ΩT1_UBT_000000024618_4	UniRef100_A0A0D1LFE1~K02356	99.5	188	1	0	1	188	1	188	1.21e-131	372
Deepurify_Bin_4ΩT1_UBT_000000021238_26	UniRef100_A0A0N9XRW6~K01056	93.6	188	12	0	1	188	1	188	1.59e-127	362
Deepurify_Bin_4ΩT1_UBT_000000024370_45	UniRef100_A0A095ACS5~K05808	57.8	187	72	1	1	187	1	180	9.27e-70	215
Deepurify_Bin_2ΩT2_FOM_000000036960_64	UniRef100_B1MWU5~K16924	99.5	188	1	0	1	188	1	188	1.36e-128	364
Deepurify_Bin_2ΩT2_FOM_000000018066_640	UniRef100_B1MXL1~K03386	100	188	0	0	1	188	1	188	5.79e-139	390
Deepurify_Bin_0ΩT2_UBT_000000057182_12	UniRef100_A0A0D1LXQ0~K01246	97.3	187	5	0	1	187	1	187	8.56e-136	382
Deepurify_Bin_1ΩT2_UBT_000000065998_63	UniRef100_A0A0N9YVV6~K16925	80.9	188	35	1	1	187	1	188	2.73e-105	305
Deepurify_Bin_3ΩT1_FOM_000000026211_14	UniRef100_Q03US7~K16924	88.2	187	22	0	1	187	1	187	1.98e-116	333
Deepurify_Bin_3ΩT1_FOM_000000026211_9	UniRef100_C2KM22~K03111	91.0	188	16	1	1	187	1	188	6.93e-92	271
Deepurify_Bin_3ΩT1_FOM_000000025777_7	UniRef100_A0A0Q0YWT3~K00760	82.3	186	33	0	1	186	1	186	4.78e-108	312
Deepurify_Bin_4ΩT1_UBT_000000006917_63	UniRef100_A0A0N9YVV6~K16925	80.9	188	35	1	1	187	1	188	2.73e-105	305
Deepurify_Bin_2ΩT2_FOM_000000050145_35	UniRef100_B1MVZ4~K00939	100	187	0	0	1	187	1	187	2.27e-131	371
Deepurify_Bin_2ΩT2_FOM_000000080637_47	UniRef100_B1N080~K05985	100	187	0	0	1	187	1	187	1.72e-126	359
Deepurify_Bin_2ΩT2_FOM_000000018066_450	UniRef100_B1MY49~K00760	99.5	187	1	0	1	187	1	187	3.76e-130	368
Deepurify_Bin_0ΩT2_UBT_000000029014_11	UniRef100_A0A095ACS5~K05808	58.9	185	71	2	1	185	1	180	3.01e-70	216
Deepurify_Bin_0ΩT2_UBT_000000028765_10	UniRef100_A0A0N9YTC8~K05985	98.9	186	2	0	1	186	1	186	1.71e-121	346
Deepurify_Bin_0ΩT2_UBT_000000065368_4	UniRef100_D5T2C6~K16924	59.2	184	75	0	2	185	5	188	1.34e-77	235
Deepurify_Bin_0ΩT2_UBT_000000026317_28	UniRef100_A0A0N9YSB5~K03790	96.2	186	7	0	1	186	1	186	2.86e-129	366
Deepurify_Bin_1ΩT2_UBT_000000041069_19	UniRef100_A0A0N9YH04~K03687	85.1	188	18	3	1	186	1	180	8.26e-98	286
Deepurify_Bin_3ΩT1_FOM_000000083219_3	UniRef100_A0A1L6RBF8~K03707	33.3	186	103	5	15	179	18	203	1.07e-21	93.6
Deepurify_Bin_3ΩT1_FOM_000000038029_16	UniRef100_A0A1X0UY19~K02356	95.2	186	9	0	1	186	1	186	9.20e-126	357
Deepurify_Bin_3ΩT1_FOM_000000004294_2	UniRef100_Q03WI1~K03687	76.2	189	42	1	1	186	1	189	2.17e-74	227
Deepurify_Bin_2ΩT2_FOM_000000080637_236	UniRef100_B1MVW4~K03088	100	186	0	0	1	186	1	186	1.26e-132	374
Deepurify_Bin_2ΩT2_FOM_000000080637_51	UniRef100_B1N084~K02356	100	186	0	0	1	186	1	186	7.03e-130	367
Deepurify_Bin_0ΩT2_UBT_000000045448_48	UniRef100_A0A0D1M2H5~K02838	99.5	185	1	0	1	185	1	185	1.78e-118	338
Deepurify_Bin_1ΩT2_UBT_000000082767_30	UniRef100_A0A0D1M2H5~K02838	98.9	185	2	0	1	185	1	185	8.44e-117	334
Deepurify_Bin_1ΩT2_UBT_000000020938_49	UniRef100_A0A1Q8FGB7~K08316	58.6	186	76	1	1	185	1	186	1.48e-69	215
Deepurify_Bin_3ΩT1_FOM_000000123978_3	UniRef100_A0A1B2A1G5~K03789	64.9	185	65	0	1	185	1	185	1.36e-83	250
Deepurify_Bin_4ΩT1_UBT_000000001149_4	UniRef100_A0A0N9YTC8~K05985	92.4	184	14	0	1	184	1	184	1.97e-113	326
Deepurify_Bin_4ΩT1_UBT_000000004766_30	UniRef100_A0A0D1M2H5~K02838	98.9	185	2	0	1	185	1	185	8.44e-117	334
Deepurify_Bin_2ΩT2_FOM_000000080637_148	UniRef100_B1MVM9~K03789	100	185	0	0	1	185	8	192	8.69e-132	372
Deepurify_Bin_0ΩT2_UBT_000000022613_23	UniRef100_A0A1Q8FGB7~K08316	57.4	183	77	1	1	182	1	183	1.90e-67	209
Deepurify_Bin_1ΩT2_UBT_000000001845_10	UniRef100_A0A0D1LZ62~K02601	100	184	0	0	1	184	1	184	7.05e-129	365
Deepurify_Bin_1ΩT2_UBT_000000064455_5	UniRef100_A0A0N9YG73~K03707	62.0	184	70	0	1	184	1	184	1.53e-69	215
Deepurify_Bin_1ΩT2_UBT_000000018272_14	UniRef100_A0A0N9YPN1~K06966	81.5	184	34	0	1	184	1	184	6.32e-107	309
Deepurify_Bin_1ΩT2_UBT_000000024690_20	UniRef100_A0A0N9YPN1~K06966	98.4	184	3	0	1	184	1	184	1.04e-130	369
Deepurify_Bin_1ΩT2_UBT_000000020635_25	UniRef100_A0A0D1LZ62~K02601	94.6	184	10	0	1	184	1	184	1.86e-124	353
Deepurify_Bin_3ΩT1_FOM_000000035783_9	UniRef100_B9DRL2~K16789	45.1	184	98	1	1	184	1	181	1.89e-46	156
Deepurify_Bin_4ΩT1_UBT_000000008966_14	UniRef100_A0A0N9YPN1~K06966	81.5	184	34	0	1	184	1	184	6.32e-107	309
Deepurify_Bin_4ΩT1_UBT_000000015629_25	UniRef100_A0A0D1LZ62~K02601	94.6	184	10	0	1	184	1	184	1.86e-124	353
Deepurify_Bin_2ΩT2_FOM_000000080637_90	UniRef100_B1N0C3~K03923	98.4	184	3	0	1	184	1	184	5.60e-135	380
Deepurify_Bin_2ΩT2_FOM_000000080637_53	UniRef100_B1N086~K06966	100	184	0	0	1	184	1	184	1.12e-125	357
Deepurify_Bin_2ΩT2_FOM_000000018066_233	UniRef100_A0A1L6RB77~K03817	48.1	181	93	1	1	181	1	180	1.05e-55	179
Deepurify_Bin_0ΩT2_UBT_000000046295_4	UniRef100_A0A0N7HAK7~K03789	99.5	183	1	0	1	183	13	195	2.98e-130	369
Deepurify_Bin_0ΩT2_UBT_000000025704_8	UniRef100_A0A0D1M8V3~K01934	96.2	183	7	0	1	183	1	183	3.21e-120	343
Deepurify_Bin_0ΩT2_UBT_000000023758_3	UniRef100_A0A0D1JSZ6~K07586	100	183	0	0	1	183	1	183	3.25e-138	388
Deepurify_Bin_3ΩT1_FOM_000000115096_7	UniRef100_A0A1X9VPI2~K01515	77.0	183	42	0	1	183	2	184	1.52e-100	293
Deepurify_Bin_3ΩT1_FOM_000000075080_21	UniRef100_Q03ZN3~K02931	98.9	180	2	0	4	183	1	180	1.49e-122	348
Deepurify_Bin_4ΩT1_UBT_000000007014_4	UniRef100_A0A0N7HAK7~K03789	84.1	182	29	0	1	182	13	194	3.39e-111	320
Deepurify_Bin_4ΩT1_UBT_000000018109_14	UniRef100_A0A0D1JSZ6~K07586	98.4	183	3	0	1	183	1	183	2.20e-136	384
Deepurify_Bin_2ΩT2_FOM_000000038108_156	UniRef100_B1MZK8~K01515	100	183	0	0	1	183	1	183	3.11e-127	360
Deepurify_Bin_0ΩT2_UBT_000000024729_13	UniRef100_A0A0D1KHA8~K19784	99.5	182	1	0	1	182	1	182	2.03e-127	361
Deepurify_Bin_0ΩT2_UBT_000000018558_100	UniRef100_A0A0U2UJJ7~K16962	47.2	180	95	0	1	180	40	219	8.73e-51	168
Deepurify_Bin_0ΩT2_UBT_000000018558_18	UniRef100_D5T5H3~K08728	45.9	183	92	3	2	182	1	178	4.78e-48	160
Deepurify_Bin_1ΩT2_UBT_000000006722_8	UniRef100_A0A0D1M8V3~K01934	59.6	178	72	0	1	178	1	178	3.38e-71	219
Deepurify_Bin_1ΩT2_UBT_000000038068_36	UniRef100_A0A0D1KHA8~K19784	88.5	182	21	0	1	182	1	182	1.77e-112	323
Deepurify_Bin_1ΩT2_UBT_000000038068_14	UniRef100_D5T5H3~K08728	45.4	183	93	3	2	182	1	178	5.48e-47	157
Deepurify_Bin_3ΩT1_FOM_000000147534_1	UniRef100_Q1J585~K02371	53.9	178	81	1	1	178	21	197	9.03e-50	165
Deepurify_Bin_3ΩT1_FOM_000000039059_28	UniRef100_Q03V64~K03088	66.9	178	59	0	1	178	1	178	1.08e-81	245
Deepurify_Bin_3ΩT1_FOM_000000020217_1	UniRef100_E0S366~K01142	64.4	177	63	0	5	181	40	216	1.77e-78	238
Deepurify_Bin_4ΩT1_UBT_000000000739_8	UniRef100_A0A0D1M8V3~K01934	59.6	178	72	0	1	178	1	178	3.38e-71	219
Deepurify_Bin_4ΩT1_UBT_000000024370_36	UniRef100_A0A0D1KHA8~K19784	88.5	182	21	0	1	182	1	182	1.77e-112	323
Deepurify_Bin_4ΩT1_UBT_000000024370_14	UniRef100_D5T5H3~K08728	45.4	183	93	3	2	182	1	178	5.48e-47	157
Deepurify_Bin_2ΩT2_FOM_000000080637_221	UniRef100_A0A095ACS5~K05808	59.4	187	64	4	1	181	1	181	1.49e-69	214
Deepurify_Bin_2ΩT2_FOM_000000018066_483	UniRef100_B1MY15~K03744	100	182	0	0	1	182	1	182	7.31e-121	344
Deepurify_Bin_2ΩT2_FOM_000000018066_316	UniRef100_B1MYI3~K19784	100	182	0	0	1	182	1	182	5.81e-127	360
Deepurify_Bin_0ΩT2_UBT_000000018558_44	UniRef100_B1MZ42~K01495	67.0	179	59	0	2	180	10	188	6.09e-85	254
Deepurify_Bin_1ΩT2_UBT_000000018272_16	UniRef100_A0A0N9XUF0~K11991	85.6	181	26	0	1	181	1	181	6.86e-105	304
Deepurify_Bin_1ΩT2_UBT_000000024690_22	UniRef100_A0A0N9XUF0~K11991	99.4	181	1	0	1	181	1	181	1.42e-122	348
Deepurify_Bin_3ΩT1_FOM_000000086418_20	UniRef100_Q03VF2~K07040	70.7	181	53	0	1	181	1	181	1.38e-81	245
Deepurify_Bin_3ΩT1_FOM_000000086418_12	UniRef100_A0A1X0V5D7~K07015	91.0	178	16	0	4	181	1	178	1.75e-120	343
Deepurify_Bin_3ΩT1_FOM_000000038029_14	UniRef100_A0A1X0V7A4~K06966	54.4	180	82	0	1	180	1	180	5.21e-63	198
Deepurify_Bin_4ΩT1_UBT_000000008966_16	UniRef100_A0A0N9XUF0~K11991	85.6	181	26	0	1	181	1	181	6.86e-105	304
Deepurify_Bin_2ΩT2_FOM_000000008711_20	UniRef100_B1MXI1~K07040	100	181	0	0	1	181	1	181	2.36e-121	345
Deepurify_Bin_2ΩT2_FOM_000000036960_58	UniRef100_B1MWV1~K03111	100	181	0	0	1	181	1	181	7.06e-123	349
Deepurify_Bin_2ΩT2_FOM_000000080637_151	UniRef100_B1MVN2~K03088	98.3	181	3	0	1	181	8	188	2.13e-121	346
Deepurify_Bin_2ΩT2_FOM_000000080637_10	UniRef100_B1N043~K03523	100	181	0	0	1	181	1	181	5.12e-116	332
Deepurify_Bin_2ΩT2_FOM_000000018066_370	UniRef100_B1MYC5~K16923	100	181	0	0	1	181	1	181	5.34e-118	337
Deepurify_Bin_2ΩT2_FOM_000000018066_332	UniRef100_A0A0A0WR49~K03790	30.9	181	112	6	4	178	6	179	8.08e-16	77.4
Deepurify_Bin_2ΩT2_FOM_000000018066_85	UniRef100_B1MZ62~K02838	99.4	181	1	0	1	181	1	181	7.28e-116	332
Deepurify_Bin_0ΩT2_UBT_000000034263_21	UniRef100_A0A0N9XTH4~K07040	98.9	180	2	0	1	180	1	180	2.19e-121	345
Deepurify_Bin_0ΩT2_UBT_000000034542_78	UniRef100_A0A0N9YH04~K03687	99.4	180	1	0	1	180	1	180	3.21e-114	327
Deepurify_Bin_0ΩT2_UBT_000000018558_64	UniRef100_A0A0D1LX68~K08094	98.9	180	2	0	1	180	1	180	1.17e-116	333
Deepurify_Bin_1ΩT2_UBT_000000080035_21	UniRef100_A0A0N9XTH4~K07040	83.3	180	30	0	1	180	1	180	7.43e-104	301
Deepurify_Bin_1ΩT2_UBT_000000038068_24	UniRef100_A0A0D1LX68~K08094	94.4	180	10	0	1	180	1	180	1.03e-110	318
Deepurify_Bin_3ΩT1_FOM_000000070293_12	UniRef100_Q03V26~K02113	72.2	180	50	0	1	180	1	180	1.34e-83	250
Deepurify_Bin_4ΩT1_UBT_000000027904_21	UniRef100_A0A0N9XTH4~K07040	83.3	180	30	0	1	180	1	180	7.43e-104	301
Deepurify_Bin_4ΩT1_UBT_000000024370_24	UniRef100_A0A0D1LX68~K08094	94.4	180	10	0	1	180	1	180	1.03e-110	318
Deepurify_Bin_2ΩT2_FOM_000000050145_27	UniRef100_B1MW02~K02931	100	180	0	0	1	180	1	180	1.61e-123	351
Deepurify_Bin_2ΩT2_FOM_000000040107_61	UniRef100_B1MW88~K02113	98.9	180	2	0	1	180	1	180	1.17e-116	333
Deepurify_Bin_2ΩT2_FOM_000000153740_20	UniRef100_W1V2M4~K06181	100	180	0	0	1	180	1	180	1.23e-127	361
Deepurify_Bin_0ΩT2_UBT_000000003155_15	UniRef100_A0A0D1M0A8~K16924	98.9	179	2	0	1	179	1	179	3.51e-122	347
Deepurify_Bin_0ΩT2_UBT_000000021322_44	UniRef100_V6F7C0~K19784	41.8	165	93	2	6	168	9	172	6.52e-37	132
Deepurify_Bin_1ΩT2_UBT_000000001689_16	UniRef100_A0A0D1M0A8~K16924	70.4	179	51	1	1	179	1	177	5.59e-87	258
Deepurify_Bin_1ΩT2_UBT_000000031997_31	UniRef100_W0Q5C3~K00101	40.1	147	87	1	30	176	22	167	5.66e-31	116
Deepurify_Bin_1ΩT2_UBT_000000014623_18	UniRef100_A0A2A9IN06~K08996	78.2	179	39	0	1	179	1	179	1.07e-107	311
Deepurify_Bin_3ΩT1_FOM_000000145965_10	UniRef100_A0A1X0VA66~K00760	86.6	179	24	0	1	179	1	179	5.91e-105	304
Deepurify_Bin_4ΩT1_UBT_000000019564_15	UniRef100_A0A0D1M0A8~K16924	70.4	179	51	1	1	179	1	177	5.59e-87	258
Deepurify_Bin_2ΩT2_FOM_000000036960_70	UniRef100_B1MWT9~K01520	98.9	179	2	0	1	179	1	179	4.44e-125	355
Deepurify_Bin_2ΩT2_FOM_000000153740_57	UniRef100_B1MW66~K08996	97.8	179	4	0	1	179	1	179	1.38e-128	363
Deepurify_Bin_2ΩT2_FOM_000000080637_112	UniRef100_B1MVJ3~K00760	100	179	0	0	1	179	1	179	3.00e-123	350
Deepurify_Bin_0ΩT2_UBT_000000035055_19	UniRef100_G8PAJ1~K03790	54.3	173	77	1	4	174	11	183	6.22e-55	177
Deepurify_Bin_0ΩT2_UBT_000000035055_10	UniRef100_A0A0N9Y322~K00760	96.1	178	7	0	1	178	1	178	2.36e-115	330
Deepurify_Bin_0ΩT2_UBT_000000087819_41	UniRef100_D6XTD5~K19784	38.7	173	98	4	8	177	10	177	6.90e-34	124
Deepurify_Bin_0ΩT2_UBT_000000087819_30	UniRef100_D6XTD5~K19784	38.7	173	98	4	8	177	10	177	6.90e-34	124
Deepurify_Bin_1ΩT2_UBT_000000014623_11	UniRef100_A0A0N9Y322~K00760	89.2	176	19	0	1	176	1	176	2.84e-107	310
Deepurify_Bin_3ΩT1_FOM_000000101154_5	UniRef100_J9YHZ5~K03523	67.5	169	55	0	1	169	1	169	1.09e-67	209
Deepurify_Bin_3ΩT1_FOM_000000079273_5	UniRef100_Q03YJ7~K07095	70.8	178	52	0	1	178	1	178	1.15e-90	268
Deepurify_Bin_3ΩT1_FOM_000000075080_19	UniRef100_Q03ZN1~K02933	94.4	178	10	0	1	178	1	178	8.85e-111	318
Deepurify_Bin_4ΩT1_UBT_000000021880_1	UniRef100_A0A1L7IEQ9~K13727	87.1	178	23	0	1	178	1	178	6.30e-120	342
Deepurify_Bin_2ΩT2_FOM_000000035880_37	UniRef100_A8FE25~K03790	31.5	178	113	7	3	173	4	179	9.68e-19	85.1
Deepurify_Bin_2ΩT2_FOM_000000050145_29	UniRef100_B1MW00~K02933	100	178	0	0	1	178	1	178	8.59e-118	336
Deepurify_Bin_2ΩT2_FOM_000000008711_28	UniRef100_B1MXH3~K07015	100	178	0	0	1	178	7	184	1.35e-129	366
Deepurify_Bin_2ΩT2_FOM_000000038108_127	UniRef100_B1MZN6~K08728	99.4	178	1	0	1	178	1	178	7.11e-126	357
Deepurify_Bin_2ΩT2_FOM_000000038108_61	UniRef100_B1MZV5~K07095	98.3	178	3	0	1	178	1	178	1.68e-124	353
Deepurify_Bin_0ΩT2_UBT_000000022613_17	UniRef100_A0A0N9XYY2~K08094	98.3	177	3	0	1	177	1	177	1.88e-116	333
Deepurify_Bin_0ΩT2_UBT_000000003960_23	UniRef100_A0A0N9Y049~K02342	99.4	177	1	0	1	177	1	177	6.33e-124	352
Deepurify_Bin_1ΩT2_UBT_000000071291_44	UniRef100_A0A0N9Y371~K03523	72.2	176	49	0	1	176	1	176	1.18e-66	207
Deepurify_Bin_3ΩT1_FOM_000000020217_3	UniRef100_A0A1X0UXV9~K02342	79.1	177	37	0	1	177	1	177	1.90e-100	292
Deepurify_Bin_3ΩT1_FOM_000000017376_7	UniRef100_K0DFJ1~K06181	91.5	177	15	0	1	177	1	177	1.88e-116	333
Deepurify_Bin_4ΩT1_UBT_000000001140_23	UniRef100_A0A0N9Y049~K02342	94.4	177	10	0	1	177	1	177	6.55e-117	334
Deepurify_Bin_4ΩT1_UBT_000000018545_44	UniRef100_A0A0N9Y371~K03523	72.2	176	49	0	1	176	1	176	1.18e-66	207
Deepurify_Bin_2ΩT2_FOM_000000018066_571	UniRef100_B1MXS9~K02342	98.9	177	2	0	1	177	1	177	6.33e-124	352
Deepurify_Bin_2ΩT2_FOM_000000018066_344	UniRef100_B1MYF6~K01934	97.7	177	4	0	1	177	1	177	1.13e-117	336
Deepurify_Bin_0ΩT2_UBT_000000021629_14	UniRef100_A0A0D1LMB5~K07304	98.3	176	3	0	1	176	1	176	1.28e-127	361
Deepurify_Bin_3ΩT1_FOM_000000157512_38	UniRef100_Q03W57~K00759	92.0	176	14	0	1	176	1	176	6.52e-112	321
Deepurify_Bin_2ΩT2_FOM_000000080637_215	UniRef100_B1MVU4~K02867	100	176	0	0	1	176	1	176	1.74e-116	333
Deepurify_Bin_2ΩT2_FOM_000000080637_213	UniRef100_B1MVU2~K02864	98.9	176	2	0	1	176	1	176	1.08e-110	318
Deepurify_Bin_0ΩT2_UBT_000000034263_13	UniRef100_A0A0D1LLD5~K07015	99.4	175	1	0	1	175	1	175	1.62e-125	355
Deepurify_Bin_1ΩT2_UBT_000000080035_13	UniRef100_A0A0D1LLD5~K07015	92.0	175	14	0	1	175	1	175	9.33e-116	331
Deepurify_Bin_3ΩT1_FOM_000000154240_1	UniRef100_A0A090I3Q5~K02371	50.3	167	83	0	9	175	13	179	1.67e-45	153
Deepurify_Bin_3ΩT1_FOM_000000062405_13	UniRef100_Q03WF7~K02825	92.6	175	13	0	1	175	1	175	8.24e-110	316
Deepurify_Bin_4ΩT1_UBT_000000027904_13	UniRef100_A0A0D1LLD5~K07015	92.0	175	14	0	1	175	1	175	9.33e-116	331
Deepurify_Bin_2ΩT2_FOM_000000009452_34	UniRef100_B1MZJ0~K02825	100	175	0	0	1	175	1	175	1.18e-118	338
Deepurify_Bin_2ΩT2_FOM_000000038108_19	UniRef100_B1MZZ6~K03571	98.9	175	2	0	1	175	1	175	1.55e-114	328
Deepurify_Bin_0ΩT2_UBT_000000032789_8	UniRef100_A0A139R2R1~K07304	100	174	0	0	1	174	2	175	2.69e-126	357
Deepurify_Bin_1ΩT2_UBT_000000026597_57	UniRef100_A0A0D1LMB5~K07304	84.9	172	26	0	1	172	1	172	1.93e-108	312
Deepurify_Bin_1ΩT2_UBT_000000009990_4	UniRef100_A0A139R2R1~K07304	87.9	173	21	0	1	173	2	174	1.66e-111	320
Deepurify_Bin_4ΩT1_UBT_000000014333_57	UniRef100_A0A0D1LMB5~K07304	84.9	172	26	0	1	172	1	172	1.93e-108	312
Deepurify_Bin_2ΩT2_FOM_000000038108_108	UniRef100_B1MZQ5~K07304	100	174	0	0	1	174	3	176	7.12e-129	364
Deepurify_Bin_3ΩT1_FOM_000000157512_35	UniRef100_D5T5E9~K07304	88.8	169	19	0	3	171	5	173	1.87e-110	317
Deepurify_Bin_3ΩT1_FOM_000000157512_32	UniRef100_Q03W51~K02860	82.1	173	31	0	1	173	1	173	5.73e-100	291
Deepurify_Bin_0ΩT2_UBT_000000032422_34	UniRef100_A0A0D1LLU6~K07095	100	172	0	0	1	172	1	172	1.51e-124	353
Deepurify_Bin_0ΩT2_UBT_000000016425_28	UniRef100_Q03YP3~K00657	63.4	164	59	1	1	164	1	163	2.56e-71	218
Deepurify_Bin_1ΩT2_UBT_000000014387_50	UniRef100_A0A0D1LLU6~K07095	94.2	172	10	0	1	172	1	172	1.56e-117	335
Deepurify_Bin_3ΩT1_FOM_000000016860_10	UniRef100_A0A1X0UVQ6~K06950	85.5	172	25	0	1	172	1	172	3.50e-105	304
Deepurify_Bin_4ΩT1_UBT_000000000931_4	UniRef100_A0A0D1KBE2~K16937	100	172	0	0	1	172	1	172	2.61e-125	355
Deepurify_Bin_2ΩT2_FOM_000000038108_80	UniRef100_B1MZT5~K02860	98.8	172	2	0	1	172	1	172	4.48e-117	334
Deepurify_Bin_2ΩT2_FOM_000000080637_209	UniRef100_B1MVT8~K06950	99.4	172	1	0	1	172	1	172	4.33e-124	352
Deepurify_Bin_0ΩT2_UBT_000000088698_8	UniRef100_A0A0D1LIV4~K03216	100	171	0	0	1	171	1	171	2.07e-126	357
Deepurify_Bin_0ΩT2_UBT_000000032422_24	UniRef100_D3E8N2~K03790	30.2	149	93	5	18	160	24	167	7.35e-08	55.8
Deepurify_Bin_0ΩT2_UBT_000000034542_85	UniRef100_A0A0D1LU71~K00759	100	171	0	0	1	171	1	171	2.06e-117	335
Deepurify_Bin_1ΩT2_UBT_000000041806_9	UniRef100_A0A0D1KBE2~K16937	89.4	170	18	0	1	170	1	170	6.31e-110	316
Deepurify_Bin_1ΩT2_UBT_000000041069_11	UniRef100_A0A0D1LU71~K00759	90.1	171	17	0	1	171	1	171	3.53e-109	314
Deepurify_Bin_4ΩT1_UBT_000000003245_8	UniRef100_A0A0D1LIV4~K03216	97.1	171	5	0	1	171	1	171	1.99e-124	352
Deepurify_Bin_2ΩT2_FOM_000000153740_58	UniRef100_B1MW67~K16937	100	171	0	0	1	171	1	171	1.10e-121	345
Deepurify_Bin_0ΩT2_UBT_000000024631_10	UniRef100_G8P490~K19972	55.1	167	75	0	1	167	10	176	2.05e-48	160
Deepurify_Bin_0ΩT2_UBT_000000044674_40	UniRef100_A0A0D1JFW1~K21481	99.4	170	1	0	1	170	1	170	1.24e-122	348
Deepurify_Bin_1ΩT2_UBT_000000066925_41	UniRef100_A0A0D1JFW1~K21481	86.9	168	22	0	1	168	1	168	1.82e-106	307
Deepurify_Bin_3ΩT1_FOM_000000070747_17	UniRef100_D5T1D4~K16937	91.2	170	15	0	1	170	1	170	5.04e-113	323
Deepurify_Bin_4ΩT1_UBT_000000007542_41	UniRef100_A0A0D1JFW1~K21481	86.9	168	22	0	1	168	1	168	1.82e-106	307
Deepurify_Bin_2ΩT2_FOM_000000080637_77	UniRef100_A0A268RYF2~K01095	46.1	154	79	2	5	157	6	156	2.33e-37	132
Deepurify_Bin_2ΩT2_FOM_000000018066_445	UniRef100_B1MY54~K03216	98.8	170	2	0	1	170	1	170	3.06e-123	349
Deepurify_Bin_0ΩT2_UBT_000000026330_32	UniRef100_A0A0N9YW15~K02825	99.4	169	1	0	1	169	1	169	1.29e-110	317
Deepurify_Bin_1ΩT2_UBT_000000061643_21	UniRef100_A0A0N9YW15~K02825	92.3	169	13	0	1	169	1	169	5.40e-103	298
Deepurify_Bin_3ΩT1_FOM_000000098250_1	UniRef100_A0A089HMN5~K01182	53.4	163	76	0	8	170	7	169	5.40e-66	206
Deepurify_Bin_4ΩT1_UBT_000000004016_21	UniRef100_A0A0N9YW15~K02825	92.3	169	13	0	1	169	1	169	5.40e-103	298
Deepurify_Bin_2ΩT2_FOM_000000008711_3	UniRef100_B1MXJ8~K03768	99.4	169	1	0	1	169	1	169	1.35e-121	345
Deepurify_Bin_2ΩT2_FOM_000000040107_60	UniRef100_B1MW89~K02109	99.4	169	1	0	1	169	1	169	7.05e-99	288
Deepurify_Bin_2ΩT2_FOM_000000080637_210	UniRef100_B1MVT9~K11991	98.2	169	3	0	1	169	1	169	4.17e-116	331
Deepurify_Bin_3ΩT1_FOM_000000075080_17	UniRef100_Q03ZM9~K02988	97.0	168	5	0	1	168	1	168	1.90e-107	309
Deepurify_Bin_3ΩT1_FOM_000000064667_4	UniRef100_Q040A9~K06910	79.2	168	35	0	1	168	1	168	2.44e-94	276
Deepurify_Bin_2ΩT2_FOM_000000050145_31	UniRef100_B1MVZ8~K02988	100	168	0	0	1	168	1	168	9.81e-110	315
Deepurify_Bin_2ΩT2_FOM_000000040107_21	UniRef100_B1MWC8~K06910	98.2	168	3	0	1	168	1	168	5.09e-121	343
Deepurify_Bin_0ΩT2_UBT_000000082639_10	UniRef100_A0A0D1JFU7~K02860	98.8	167	2	0	1	167	1	167	4.89e-114	326
Deepurify_Bin_0ΩT2_UBT_000000045121_39	UniRef100_A0A0D1KCZ3~K06910	98.8	167	2	0	1	167	1	167	2.73e-120	342
Deepurify_Bin_0ΩT2_UBT_000000004216_66	UniRef100_A0A0N9Y727~K00891	98.2	167	3	0	1	167	1	167	1.99e-113	324
Deepurify_Bin_1ΩT2_UBT_000000065998_68	UniRef100_A0A0N9Y727~K00891	74.7	162	41	0	1	162	1	162	8.20e-81	242
Deepurify_Bin_3ΩT1_FOM_000000070293_11	UniRef100_Q03V25~K02109	76.0	167	40	0	1	167	1	167	5.00e-68	209
Deepurify_Bin_4ΩT1_UBT_000000015941_9	UniRef100_A0A0D1JFU7~K02860	94.0	167	10	0	1	167	1	167	4.51e-110	316
Deepurify_Bin_4ΩT1_UBT_000000006917_68	UniRef100_A0A0N9Y727~K00891	74.7	162	41	0	1	162	1	162	8.20e-81	242
Deepurify_Bin_0ΩT2_UBT_000000006030_17	UniRef100_A0A0D1LN91~K08968	100	166	0	0	1	166	1	166	4.53e-114	326
Deepurify_Bin_1ΩT2_UBT_000000059045_24	UniRef100_A0A0N9YSV6~K10778	96.4	166	6	0	1	166	1	166	7.83e-115	328
Deepurify_Bin_1ΩT2_UBT_000000009990_39	UniRef100_A0A0D1LN91~K08968	89.8	166	17	0	1	166	1	166	1.50e-103	299
Deepurify_Bin_3ΩT1_FOM_000000154240_8	UniRef100_B9L5G3~K16923	30.9	152	101	2	9	158	18	167	1.99e-11	65.5
Deepurify_Bin_3ΩT1_FOM_000000063874_6	UniRef100_C2KII0~K11065	78.0	164	36	0	1	164	1	164	4.58e-91	268
Deepurify_Bin_3ΩT1_FOM_000000023923_3	UniRef100_A0A193M255~K07483	33.5	164	104	4	1	160	1	163	7.85e-13	68.9
Deepurify_Bin_4ΩT1_UBT_000000003991_19	UniRef100_A0A0D1LN91~K08968	89.8	166	17	0	1	166	1	166	1.50e-103	299
Deepurify_Bin_2ΩT2_FOM_000000080637_14	UniRef100_B1N047~K00657	100	166	0	0	1	166	1	166	9.91e-118	335
Deepurify_Bin_2ΩT2_FOM_000000018066_373	UniRef100_B1MYC2~K00287	100	166	0	0	1	166	1	166	4.91e-118	336
Deepurify_Bin_2ΩT2_FOM_000000018066_104	UniRef100_B1MZ43~K00950	100	166	0	0	1	166	1	166	4.72e-116	331
Deepurify_Bin_0ΩT2_UBT_000000045448_22	UniRef100_A0A0D1JTT9~K00287	98.8	165	2	0	1	165	1	165	2.17e-116	332
Deepurify_Bin_0ΩT2_UBT_000000018558_43	UniRef100_A0A0N9YWK9~K00950	94.5	165	9	0	1	165	1	165	1.52e-107	309
Deepurify_Bin_1ΩT2_UBT_000000082767_22	UniRef100_A0A0D1JTT9~K00287	89.1	165	18	0	1	165	1	165	2.41e-104	301
Deepurify_Bin_4ΩT1_UBT_000000004766_22	UniRef100_A0A0D1JTT9~K00287	89.1	165	18	0	1	165	1	165	2.41e-104	301
Deepurify_Bin_2ΩT2_FOM_000000036960_45	UniRef100_B1MWW4~K11065	99.4	165	1	0	1	165	1	165	1.20e-113	325
Deepurify_Bin_2ΩT2_FOM_000000038108_76	UniRef100_B1MZU0~K00567	97.6	165	4	0	1	165	1	165	1.78e-115	329
Deepurify_Bin_0ΩT2_UBT_000000016372_9	UniRef100_A0A0D1JN52~K03976	100	164	0	0	1	164	1	164	1.93e-114	327
Deepurify_Bin_1ΩT2_UBT_000000062251_10	UniRef100_A0A0D1JN52~K03976	93.2	162	11	0	1	162	1	162	4.52e-104	300
Deepurify_Bin_2ΩT2_FOM_000000018066_336	UniRef100_B1MYG4~K02794	98.2	164	3	0	1	164	1	164	2.25e-113	324
Deepurify_Bin_3ΩT1_FOM_000000157512_22	UniRef100_A0A1X0V897~K09167	67.5	163	53	0	1	163	1	163	5.07e-66	204
Deepurify_Bin_3ΩT1_FOM_000000016860_11	UniRef100_K0DB59~K11991	77.5	160	36	0	1	160	1	160	2.78e-84	251
Deepurify_Bin_2ΩT2_FOM_000000038108_69	UniRef100_B1MZU7~K09167	98.2	163	3	0	1	163	1	163	5.10e-105	303
Deepurify_Bin_0ΩT2_UBT_000000027106_7	UniRef100_A0A0D1LWZ5~K01588	96.3	162	6	0	1	162	1	162	2.52e-100	291
Deepurify_Bin_1ΩT2_UBT_000000061643_4	UniRef100_F8DJ23~K19055	49.4	162	82	0	1	162	1	162	1.34e-51	167
Deepurify_Bin_1ΩT2_UBT_000000011170_16	UniRef100_A0A0D1LWZ5~K01588	73.5	162	43	0	1	162	1	162	1.57e-71	218
Deepurify_Bin_4ΩT1_UBT_000000004016_4	UniRef100_F8DJ23~K19055	49.4	162	82	0	1	162	1	162	1.34e-51	167
Deepurify_Bin_0ΩT2_UBT_000000028765_5	UniRef100_A0A0N9YJI1~K01493	100	161	0	0	1	161	1	161	1.54e-114	327
Deepurify_Bin_0ΩT2_UBT_000000025704_5	UniRef100_A0A0N9YQH0~K03624	99.4	161	1	0	1	161	1	161	3.60e-104	300
Deepurify_Bin_0ΩT2_UBT_000000083495_48	UniRef100_A8FH29~K01095	48.3	145	73	1	16	160	18	160	6.23e-43	145
Deepurify_Bin_1ΩT2_UBT_000000006722_5	UniRef100_A0A0N9YQH0~K03624	96.3	161	6	0	1	161	1	161	2.00e-101	293
Deepurify_Bin_1ΩT2_UBT_000000039277_51	UniRef100_A8FH29~K01095	51.0	145	69	1	16	160	18	160	6.68e-45	150
Deepurify_Bin_1ΩT2_UBT_000000065998_56	UniRef100_F0RLD0~K03823	33.3	159	95	5	1	152	5	159	8.57e-08	55.5
Deepurify_Bin_3ΩT1_FOM_000000162210_1	UniRef100_D5T0S3~K01588	78.1	160	35	0	1	160	1	160	1.07e-80	241
Deepurify_Bin_3ΩT1_FOM_000000026211_3	UniRef100_A0A1X9VTT2~K03976	83.9	161	26	0	1	161	1	161	4.16e-94	275
Deepurify_Bin_4ΩT1_UBT_000000001149_9	UniRef100_A0A0N9YJI1~K01493	90.7	161	15	0	1	161	1	161	7.58e-106	305
Deepurify_Bin_4ΩT1_UBT_000000000739_5	UniRef100_A0A0N9YQH0~K03624	96.3	161	6	0	1	161	1	161	2.00e-101	293
Deepurify_Bin_4ΩT1_UBT_000000006917_56	UniRef100_F0RLD0~K03823	33.3	159	95	5	1	152	5	159	8.57e-08	55.5
Deepurify_Bin_2ΩT2_FOM_000000080637_12	UniRef100_B1N045~K01493	100	161	0	0	1	161	1	161	7.61e-115	327
Deepurify_Bin_2ΩT2_FOM_000000018066_466	UniRef100_B1MY33~K01588	99.4	161	1	0	1	161	1	161	6.23e-105	302
Deepurify_Bin_0ΩT2_UBT_000000087050_7	UniRef100_A0A0D1LNJ5~K07042	100	160	0	0	1	160	1	160	2.76e-112	321
Deepurify_Bin_1ΩT2_UBT_000000006453_7	UniRef100_A0A0D1LNJ5~K07042	96.9	160	5	0	1	160	1	160	4.41e-109	313
Deepurify_Bin_3ΩT1_FOM_000000157512_31	UniRef100_A0A1X0V8D2~K00567	55.4	157	70	0	1	157	1	157	1.16e-58	185
Deepurify_Bin_3ΩT1_FOM_000000103361_2	UniRef100_Q03Y35~K07042	90.0	160	16	0	1	160	1	160	1.86e-101	293
Deepurify_Bin_3ΩT1_FOM_000000081119_18	UniRef100_J9YKS6~K08968	66.7	159	52	1	1	158	1	159	2.83e-71	217
Deepurify_Bin_3ΩT1_FOM_000000056328_2	UniRef100_Q03YY4~K03624	88.1	160	19	0	1	160	1	160	6.39e-93	272
Deepurify_Bin_3ΩT1_FOM_000000049116_11	UniRef100_A0A1Y2KNP3~K05770	60.3	156	59	1	5	160	8	160	3.96e-52	169
Deepurify_Bin_4ΩT1_UBT_000000015948_7	UniRef100_A0A0D1LNJ5~K07042	96.9	160	5	0	1	160	1	160	4.41e-109	313
Deepurify_Bin_2ΩT2_FOM_000000118331_41	UniRef100_B1MX52~K03624	100	160	0	0	1	160	1	160	4.07e-105	303
Deepurify_Bin_2ΩT2_FOM_000000018066_620	UniRef100_B1MXN0~K08968	99.4	160	1	0	1	160	1	160	7.62e-110	315
Deepurify_Bin_2ΩT2_FOM_000000018066_354	UniRef100_B1MYE1~K07042	99.4	160	1	0	1	160	1	160	1.95e-112	321
Deepurify_Bin_0ΩT2_UBT_000000022613_22	UniRef100_A0A0D1JVB3~K00954	100	159	0	0	1	159	1	159	2.88e-109	313
Deepurify_Bin_0ΩT2_UBT_000000045121_18	UniRef100_A0A0N7HAH0~K00783	99.4	159	1	0	1	159	1	159	5.14e-103	297
Deepurify_Bin_0ΩT2_UBT_000000083495_4	UniRef100_A0A0D1LWC0~K03088	99.4	159	1	0	1	159	1	159	2.65e-105	303
Deepurify_Bin_0ΩT2_UBT_000000087819_51	UniRef100_A0A0N7HAH0~K00783	93.7	159	10	0	1	159	1	159	5.53e-98	285
Deepurify_Bin_0ΩT2_UBT_000000087819_20	UniRef100_A0A0N7HAH0~K00783	93.7	159	10	0	1	159	1	159	5.53e-98	285
Deepurify_Bin_1ΩT2_UBT_000000001845_4	UniRef100_A0A0D1LKR0~K07173	100	159	0	0	1	159	1	159	9.29e-115	327
Deepurify_Bin_1ΩT2_UBT_000000027031_3	UniRef100_A0A0D1JLV8~K06950	100	159	0	0	1	159	1	159	5.38e-114	325
Deepurify_Bin_1ΩT2_UBT_000000041806_13	UniRef100_A0A0D1JLV8~K06950	94.3	159	9	0	1	159	1	159	1.95e-107	308
Deepurify_Bin_1ΩT2_UBT_000000020635_19	UniRef100_A0A0D1LKR0~K07173	93.1	159	11	0	1	159	1	159	7.93e-107	307
Deepurify_Bin_1ΩT2_UBT_000000020938_48	UniRef100_A0A0D1JVB3~K00954	88.7	159	18	0	1	159	1	159	4.55e-97	282
Deepurify_Bin_1ΩT2_UBT_000000039277_4	UniRef100_A0A0D1LWC0~K03088	80.5	159	31	0	1	159	1	159	2.88e-84	250
Deepurify_Bin_3ΩT1_FOM_000000159400_3	UniRef100_K0DA18~K00432	75.0	156	39	0	3	158	4	159	6.57e-88	259
Deepurify_Bin_3ΩT1_FOM_000000081935_6	UniRef100_K0DE28~K08996	68.0	153	49	0	7	159	4	156	4.33e-74	224
Deepurify_Bin_3ΩT1_FOM_000000063874_13	UniRef100_D5T2F2~K00783	80.5	159	31	0	1	159	1	159	7.41e-87	256
Deepurify_Bin_3ΩT1_FOM_000000013607_3	UniRef100_J9YIX9~K01493	86.5	156	21	0	4	159	5	160	4.70e-97	282
Deepurify_Bin_4ΩT1_UBT_000000000931_8	UniRef100_A0A0D1JLV8~K06950	100	159	0	0	1	159	1	159	5.38e-114	325
Deepurify_Bin_4ΩT1_UBT_000000015629_19	UniRef100_A0A0D1LKR0~K07173	93.1	159	11	0	1	159	1	159	7.93e-107	307
Deepurify_Bin_4ΩT1_UBT_000000002201_23	UniRef100_A0A0N9YSV6~K10778	53.1	160	74	1	1	159	2	161	1.28e-56	180
Deepurify_Bin_2ΩT2_FOM_000000036960_38	UniRef100_B1MWX1~K00783	100	159	0	0	1	159	1	159	3.23e-106	305
Deepurify_Bin_0ΩT2_UBT_000000057284_13	UniRef100_T2GBX1~K03574	30.2	129	83	3	22	149	10	132	3.05e-09	58.5
Deepurify_Bin_0ΩT2_UBT_000000004216_9	UniRef100_A0A0N9YH97~K03742	96.8	158	5	0	1	158	1	158	6.71e-94	274
Deepurify_Bin_1ΩT2_UBT_000000049733_3	UniRef100_A0A0D1LZG0~K03708	75.2	157	39	0	1	157	1	157	1.75e-73	223
Deepurify_Bin_1ΩT2_UBT_000000054494_3	UniRef100_A0A0D1LZG0~K03708	100	158	0	0	1	158	1	158	2.27e-101	293
Deepurify_Bin_1ΩT2_UBT_000000059045_3	UniRef100_A0A0D1M4A2~K00432	99.4	157	1	0	1	157	6	162	1.99e-112	321
Deepurify_Bin_1ΩT2_UBT_000000065998_9	UniRef100_A0A0N9YH97~K03742	75.8	157	38	0	1	157	1	157	1.01e-72	221
Deepurify_Bin_3ΩT1_FOM_000000039059_4	UniRef100_Q03V83~K07173	98.1	158	3	0	1	158	1	158	3.79e-109	313
Deepurify_Bin_4ΩT1_UBT_000000023272_3	UniRef100_A0A0D1LZG0~K03708	75.2	157	39	0	1	157	1	157	1.75e-73	223
Deepurify_Bin_4ΩT1_UBT_000000026415_3	UniRef100_A0A0D1LZG0~K03708	100	158	0	0	1	158	1	158	2.27e-101	293
Deepurify_Bin_4ΩT1_UBT_000000006917_9	UniRef100_A0A0N9YH97~K03742	75.8	157	38	0	1	157	1	157	1.01e-72	221
Deepurify_Bin_2ΩT2_FOM_000000009452_21	UniRef100_B1MZH7~K09748	99.4	158	1	0	1	158	1	158	6.55e-110	315
Deepurify_Bin_2ΩT2_FOM_000000080637_165	UniRef100_B1MVP6~K07173	100	158	0	0	1	158	1	158	1.95e-111	318
Deepurify_Bin_2ΩT2_FOM_000000018066_578	UniRef100_B1MXS2~K00954	100	158	0	0	1	158	1	158	6.04e-106	305
Deepurify_Bin_2ΩT2_FOM_000000018066_353	UniRef100_B1MYE2~K00887	100	158	0	0	1	158	1	158	4.77e-103	297
Deepurify_Bin_2ΩT2_FOM_000000018066_313	UniRef100_B1MYI6~K00432	99.4	158	1	0	1	158	1	158	3.37e-112	320
Deepurify_Bin_2ΩT2_FOM_000000018066_300	UniRef100_L0F5D4~K19784	37.9	153	88	3	7	152	3	155	9.83e-23	94.7
Deepurify_Bin_0ΩT2_UBT_000000004111_4	UniRef100_A0A0D1JN62~K03095	99.4	157	1	0	1	157	1	157	7.68e-113	322
Deepurify_Bin_0ΩT2_UBT_000000026330_38	UniRef100_A0A0D1K2S1~K02372	100	157	0	0	1	157	1	157	1.38e-106	306
Deepurify_Bin_0ΩT2_UBT_000000024729_44	UniRef100_A0A0N9XRK9~K03574	98.1	157	3	0	1	157	1	157	2.12e-110	316
Deepurify_Bin_1ΩT2_UBT_000000061643_27	UniRef100_A0A0D1K2S1~K02372	96.8	157	5	0	1	157	1	157	6.29e-103	297
Deepurify_Bin_1ΩT2_UBT_000000062251_31	UniRef100_A0A0D1JN62~K03095	87.7	154	19	0	1	154	1	154	3.35e-98	285
Deepurify_Bin_1ΩT2_UBT_000000011286_49	UniRef100_A0A0N9XRK9~K03574	91.1	157	14	0	1	157	1	157	8.93e-103	296
Deepurify_Bin_4ΩT1_UBT_000000021839_4	UniRef100_A0A0N9YQH1~K09772	83.8	148	18	3	10	157	8	149	1.77e-73	222
Deepurify_Bin_4ΩT1_UBT_000000004016_27	UniRef100_A0A0D1K2S1~K02372	96.8	157	5	0	1	157	1	157	6.29e-103	297
Deepurify_Bin_4ΩT1_UBT_000000001140_25	UniRef100_A0A0N9YTQ6~K06925	82.5	154	27	0	1	154	1	154	4.69e-84	249
Deepurify_Bin_4ΩT1_UBT_000000002880_49	UniRef100_A0A0N9XRK9~K03574	91.1	157	14	0	1	157	1	157	8.93e-103	296
Deepurify_Bin_2ΩT2_FOM_000000035880_34	UniRef100_B1MXA5~K05770	100	157	0	0	1	157	2	158	3.22e-103	298
Deepurify_Bin_2ΩT2_FOM_000000018066_305	UniRef100_B1MYJ5~K00794	98.1	157	3	0	1	157	1	157	7.65e-104	299
Deepurify_Bin_1ΩT2_UBT_000000065998_134	UniRef100_A0A0D1LKU8~K02160	94.9	156	7	1	1	156	1	155	2.03e-96	280
Deepurify_Bin_3ΩT1_FOM_000000035651_7	UniRef100_B1MW22~K02992	100	156	0	0	1	156	1	156	5.41e-108	310
Deepurify_Bin_4ΩT1_UBT_000000006917_133	UniRef100_A0A0D1LKU8~K02160	94.9	156	7	1	1	156	1	155	2.03e-96	280
Deepurify_Bin_2ΩT2_FOM_000000050145_7	UniRef100_B1MW22~K02992	100	156	0	0	1	156	1	156	5.41e-108	310
Deepurify_Bin_2ΩT2_FOM_000000040107_43	UniRef100_B1MWA5~K09155	98.7	156	2	0	1	156	1	156	1.61e-109	313
Deepurify_Bin_2ΩT2_FOM_000000118331_47	UniRef100_B1MX46~K02248	99.4	156	1	0	1	156	3	158	1.72e-100	291
Deepurify_Bin_2ΩT2_FOM_000000018066_536	UniRef100_B1MXW4~K09772	100	156	0	0	1	156	1	156	5.83e-103	297
Deepurify_Bin_2ΩT2_FOM_000000018066_66	UniRef100_B1MZ81~K03402	100	156	0	0	1	156	1	156	4.60e-100	290
Deepurify_Bin_0ΩT2_UBT_000000014570_4	UniRef100_A0A0D1M400~K02887	98.1	155	3	0	1	155	33	187	3.93e-94	276
Deepurify_Bin_0ΩT2_UBT_000000027736_12	UniRef100_A0A0D1M400~K02887	99.4	155	1	0	1	155	33	187	1.18e-95	280
Deepurify_Bin_0ΩT2_UBT_000000003960_35	UniRef100_A0A0D1KJ73~K03664	99.4	155	1	0	1	155	1	155	8.00e-105	301
Deepurify_Bin_0ΩT2_UBT_000000003960_25	UniRef100_A0A0N9YTQ6~K06925	98.7	155	2	0	1	155	1	155	1.09e-102	296
Deepurify_Bin_0ΩT2_UBT_000000004216_114	UniRef100_A0A0D1LKU8~K02160	99.4	155	1	0	1	155	1	155	6.32e-102	294
Deepurify_Bin_4ΩT1_UBT_000000001140_33	UniRef100_A0A0D1KJ73~K03664	96.8	155	5	0	1	155	1	155	7.68e-103	296
Deepurify_Bin_2ΩT2_FOM_000000008711_12	UniRef100_B1MXI9~K03664	100	155	0	0	1	155	1	155	1.14e-104	301
Deepurify_Bin_0ΩT2_UBT_000000035055_38	UniRef100_A0A0D1LUA3~K00794	98.7	154	2	0	1	154	1	154	4.82e-101	292
Deepurify_Bin_1ΩT2_UBT_000000057430_1	UniRef100_A0A0D1LUA3~K00794	88.3	154	18	0	1	154	1	154	2.17e-88	260
Deepurify_Bin_3ΩT1_FOM_000000157512_14	UniRef100_D5T163~K09772	76.8	155	32	2	1	154	1	152	2.25e-69	212
Deepurify_Bin_3ΩT1_FOM_000000016860_16	UniRef100_Q03ZH6~K02867	99.4	154	1	0	1	154	1	154	1.96e-100	290
Deepurify_Bin_2ΩT2_FOM_000000118331_5	UniRef100_B1MX88~K02160	100	154	0	0	1	154	1	154	4.49e-81	241
Deepurify_Bin_0ΩT2_UBT_000000083495_58	UniRef100_A0A0D1LRG9~K13256	99.3	153	1	0	1	153	1	153	1.05e-99	288
Deepurify_Bin_3ΩT1_FOM_000000086418_28	UniRef100_Q03VG0~K03664	89.6	154	15	1	1	153	1	154	1.03e-88	261
Deepurify_Bin_4ΩT1_UBT_000000004550_1	UniRef100_A0A142YAT7~K02355	48.6	138	71	0	1	138	14	151	4.37e-39	135
Deepurify_Bin_4ΩT1_UBT_000000021216_1	UniRef100_A0A142YAT7~K02355	47.2	142	75	0	1	142	14	155	2.18e-39	136
Deepurify_Bin_2ΩT2_FOM_000000018066_456	UniRef100_B1MY43~K03574	98.7	153	2	0	1	153	1	153	1.10e-110	316
Deepurify_Bin_0ΩT2_UBT_000000004216_26	UniRef100_A0A0N9YML6~K03402	100	152	0	0	1	152	1	152	2.40e-100	290
Deepurify_Bin_1ΩT2_UBT_000000061643_28	UniRef100_A0A0H4KH71~K15973	30.4	125	83	1	26	150	20	140	2.08e-12	66.6
Deepurify_Bin_1ΩT2_UBT_000000066925_39	UniRef100_A0A0D1LRG9~K13256	76.3	152	36	0	1	152	1	152	3.67e-77	231
Deepurify_Bin_1ΩT2_UBT_000000065998_28	UniRef100_A0A0N9YML6~K03402	82.9	152	26	0	1	152	1	152	7.82e-81	241
Deepurify_Bin_4ΩT1_UBT_000000004016_28	UniRef100_A0A0H4KH71~K15973	30.4	125	83	1	26	150	20	140	2.08e-12	66.6
Deepurify_Bin_4ΩT1_UBT_000000007542_39	UniRef100_A0A0D1LRG9~K13256	76.3	152	36	0	1	152	1	152	3.67e-77	231
Deepurify_Bin_4ΩT1_UBT_000000006917_28	UniRef100_A0A0N9YML6~K03402	82.9	152	26	0	1	152	1	152	7.82e-81	241
Deepurify_Bin_2ΩT2_FOM_000000018066_586	UniRef100_B1MXR4~K03402	100	152	0	0	1	152	1	152	6.88e-100	289
Deepurify_Bin_1ΩT2_UBT_000000024381_8	UniRef100_M4RRL7~K11085	53.3	150	69	1	2	150	31	180	4.73e-46	154
Deepurify_Bin_3ΩT1_FOM_000000147534_5	UniRef100_A0A1B2A028~K02160	77.3	150	33	1	1	150	1	149	6.53e-70	213
Deepurify_Bin_2ΩT2_FOM_000000036960_53	UniRef100_B1MWV6~K03976	98.0	151	3	0	1	151	15	165	1.59e-103	298
Deepurify_Bin_2ΩT2_FOM_000000080637_185	UniRef100_B1MVR5~K04488	99.3	146	1	0	1	146	1	146	2.28e-101	292
Deepurify_Bin_2ΩT2_FOM_000000018066_617	UniRef100_B1MXN3~K03095	100	151	0	0	1	151	1	151	2.23e-109	313
Deepurify_Bin_0ΩT2_UBT_000000044357_17	UniRef100_A0A0N9XVA9~K03647	98.0	150	3	0	1	150	1	150	1.45e-100	290
Deepurify_Bin_0ΩT2_UBT_000000026330_45	UniRef100_W2SK54~K09458	30.7	150	98	3	1	150	1	144	2.58e-10	61.6
Deepurify_Bin_0ΩT2_UBT_000000034263_24	UniRef100_W7CDX5~K03839	36.5	148	91	2	3	150	4	148	7.48e-27	103
Deepurify_Bin_1ΩT2_UBT_000000026661_5	UniRef100_A0A0D1LYD2~K02939	100	150	0	0	1	150	1	150	5.46e-96	279
Deepurify_Bin_1ΩT2_UBT_000000061643_34	UniRef100_W2SK54~K09458	32.1	156	88	5	1	150	1	144	4.81e-11	63.5
Deepurify_Bin_1ΩT2_UBT_000000080035_24	UniRef100_W7CDX5~K03839	36.5	148	91	2	3	150	4	148	1.32e-27	105
Deepurify_Bin_1ΩT2_UBT_000000071291_17	UniRef100_A0A0D1LYD2~K02939	96.0	149	6	0	1	149	1	149	9.74e-90	263
Deepurify_Bin_3ΩT1_FOM_000000081119_20	UniRef100_Q03YR9~K03095	66.7	150	50	0	1	150	1	150	1.54e-70	214
Deepurify_Bin_3ΩT1_FOM_000000026211_6	UniRef100_Q03UT5~K02939	90.7	150	14	0	1	150	1	150	1.68e-90	265
Deepurify_Bin_3ΩT1_FOM_000000025777_10	UniRef100_W7CDX5~K03839	35.6	146	93	1	3	148	4	148	3.00e-26	102
Deepurify_Bin_4ΩT1_UBT_000000007014_3	UniRef100_A0A0N9XSS1~K03789	79.7	148	30	0	1	148	1	148	1.97e-84	249
Deepurify_Bin_4ΩT1_UBT_000000004016_34	UniRef100_W2SK54~K09458	32.1	156	88	5	1	150	1	144	4.81e-11	63.5
Deepurify_Bin_4ΩT1_UBT_000000027904_24	UniRef100_W7CDX5~K03839	36.5	148	91	2	3	150	4	148	1.32e-27	105
Deepurify_Bin_4ΩT1_UBT_000000018545_17	UniRef100_A0A0D1LYD2~K02939	96.0	149	6	0	1	149	1	149	9.74e-90	263
Deepurify_Bin_2ΩT2_FOM_000000036960_55	UniRef100_B1MWV4~K02939	99.3	150	1	0	1	150	1	150	3.84e-96	279
Deepurify_Bin_2ΩT2_FOM_000000018066_507	UniRef100_A0A097BE39~K03839	37.6	141	87	1	5	145	6	145	2.64e-27	105
Deepurify_Bin_0ΩT2_UBT_000000019873_4	UniRef100_A0A0N9YQH1~K09772	99.3	149	1	0	1	149	1	149	1.51e-97	283
Deepurify_Bin_0ΩT2_UBT_000000003155_9	UniRef100_A0A0D1JIK3~K03402	99.3	149	1	0	1	149	1	149	3.05e-97	282
Deepurify_Bin_1ΩT2_UBT_000000037074_6	UniRef100_B9KP61~K02348	47.2	127	64	2	23	148	14	138	2.40e-28	107
Deepurify_Bin_1ΩT2_UBT_000000001689_10	UniRef100_A0A0D1JIK3~K03402	82.6	149	26	0	1	149	1	149	2.55e-80	239
Deepurify_Bin_1ΩT2_UBT_000000011170_39	UniRef100_A0A0N9XVA9~K03647	77.0	148	34	0	1	148	1	148	1.33e-73	222
Deepurify_Bin_3ΩT1_FOM_000000118623_2	UniRef100_A0A1B1ZZ98~K09117	85.0	147	22	0	1	147	1	147	4.98e-80	238
Deepurify_Bin_3ΩT1_FOM_000000020217_5	UniRef100_A0A1X0V8K6~K06925	68.5	149	47	0	1	149	1	149	8.29e-70	213
Deepurify_Bin_4ΩT1_UBT_000000019564_9	UniRef100_A0A0D1JIK3~K03402	82.6	149	26	0	1	149	1	149	2.55e-80	239
Deepurify_Bin_4ΩT1_UBT_000000004550_9	UniRef100_G4FCE7~K06149	31.5	149	88	7	6	149	1	140	7.79e-09	57.4
Deepurify_Bin_4ΩT1_UBT_000000021216_9	UniRef100_G4FCE7~K06149	33.8	148	86	7	6	149	1	140	3.06e-07	53.1
Deepurify_Bin_2ΩT2_FOM_000000009452_28	UniRef100_B1MZI4~K07560	100	149	0	0	1	149	1	149	5.49e-100	289
Deepurify_Bin_2ΩT2_FOM_000000040107_65	UniRef100_B1MW84~K02114	100	149	0	0	1	149	1	149	1.70e-94	275
Deepurify_Bin_2ΩT2_FOM_000000018066_573	UniRef100_B1MXS7~K06925	100	149	0	0	1	149	1	149	2.94e-104	300
Deepurify_Bin_0ΩT2_UBT_000000046295_3	UniRef100_A0A0N9XSS1~K03789	99.3	148	1	0	1	148	1	148	3.32e-105	302
Deepurify_Bin_0ΩT2_UBT_000000045448_18	UniRef100_A0A0N9XWZ0~K07560	98.0	148	3	0	1	148	1	148	2.83e-97	282
Deepurify_Bin_1ΩT2_UBT_000000082767_18	UniRef100_A0A0N9XWZ0~K07560	80.4	148	29	0	1	148	1	148	2.76e-79	236
Deepurify_Bin_3ΩT1_FOM_000000154240_5	UniRef100_Q03ZE0~K02372	97.3	148	4	0	1	148	28	175	8.69e-98	284
Deepurify_Bin_3ΩT1_FOM_000000062405_20	UniRef100_A0A0N9XWZ0~K07560	68.2	148	47	0	1	148	1	148	4.25e-67	206
Deepurify_Bin_4ΩT1_UBT_000000015332_6	UniRef100_W8H8V9~K02348	34.4	125	74	3	21	143	21	139	2.00e-13	69.3
Deepurify_Bin_4ΩT1_UBT_000000004766_18	UniRef100_A0A0N9XWZ0~K07560	80.4	148	29	0	1	148	1	148	2.76e-79	236
Deepurify_Bin_2ΩT2_FOM_000000118331_13	UniRef100_B1MX80~K02372	100	148	0	0	1	148	1	148	3.07e-101	292
Deepurify_Bin_0ΩT2_UBT_000000087050_9	UniRef100_A0A0D1LIU0~K09117	99.3	147	1	0	1	147	1	147	1.91e-90	265
Deepurify_Bin_1ΩT2_UBT_000000006453_9	UniRef100_A0A0D1LIU0~K09117	94.6	147	8	0	1	147	1	147	7.17e-86	253
Deepurify_Bin_3ΩT1_FOM_000000152060_8	UniRef100_A0A1X0V9H7~K08728	78.9	147	31	0	1	147	1	147	3.81e-81	241
Deepurify_Bin_3ΩT1_FOM_000000070293_16	UniRef100_A0A1X0V620~K02114	90.5	148	13	1	1	147	1	148	8.29e-83	245
Deepurify_Bin_3ΩT1_FOM_000000035783_5	UniRef100_B9KP61~K02348	43.9	123	65	3	21	142	15	134	3.82e-21	89.0
Deepurify_Bin_3ΩT1_FOM_000000016860_34	UniRef100_Q03ZJ0~K03647	80.8	146	28	0	1	146	1	146	3.53e-79	236
Deepurify_Bin_4ΩT1_UBT_000000015948_9	UniRef100_A0A0D1LIU0~K09117	94.6	147	8	0	1	147	1	147	7.17e-86	253
Deepurify_Bin_2ΩT2_FOM_000000050145_47	UniRef100_B1MVY2~K02871	100	147	0	0	1	147	1	147	2.53e-104	300
Deepurify_Bin_2ΩT2_FOM_000000040107_5	UniRef100_G2PPA2~K02348	33.3	132	78	5	19	145	20	146	5.71e-12	65.5
Deepurify_Bin_2ΩT2_FOM_000000018066_391	UniRef100_B1MYA4~K09117	98.6	147	2	0	1	147	1	147	1.20e-93	273
Deepurify_Bin_0ΩT2_UBT_000000044674_6	UniRef100_A0A1X0V9H7~K08728	58.6	145	60	0	2	146	3	147	2.44e-56	178
Deepurify_Bin_1ΩT2_UBT_000000066925_7	UniRef100_A0A1X0V9H7~K08728	58.6	145	60	0	2	146	3	147	6.00e-57	180
Deepurify_Bin_3ΩT1_FOM_000000061358_2	UniRef100_J9YIH1~K07305	81.4	145	27	0	1	145	1	145	9.53e-88	258
Deepurify_Bin_4ΩT1_UBT_000000007542_7	UniRef100_A0A1X0V9H7~K08728	58.6	145	60	0	2	146	3	147	6.00e-57	180
Deepurify_Bin_2ΩT2_FOM_000000050145_54	UniRef100_H1WN85~K03647	100	146	0	0	1	146	1	146	3.21e-102	294
Deepurify_Bin_0ΩT2_UBT_000000088698_5	UniRef100_A0A0N9YUZ9~K09022	96.9	128	4	0	18	145	1	128	4.91e-77	230
Deepurify_Bin_0ΩT2_UBT_000000035055_40	UniRef100_A0A0D1KAY0~K07305	99.3	145	1	0	1	145	1	145	2.65e-105	302
Deepurify_Bin_1ΩT2_UBT_000000011286_26	UniRef100_A0A0D1KAY0~K07305	85.5	145	21	0	1	145	1	145	2.44e-92	269
Deepurify_Bin_3ΩT1_FOM_000000064667_13	UniRef100_E4SXY5~K05833	54.5	123	56	0	21	143	6	128	2.55e-38	132
Deepurify_Bin_4ΩT1_UBT_000000026060_3	UniRef100_A0A0R2I474~K10947	43.2	146	78	3	1	145	10	151	6.03e-28	106
Deepurify_Bin_4ΩT1_UBT_000000024618_3	UniRef100_A0A0R2I474~K10947	41.8	146	80	3	1	145	10	151	2.13e-28	107
Deepurify_Bin_4ΩT1_UBT_000000002880_26	UniRef100_A0A0D1KAY0~K07305	85.5	145	21	0	1	145	1	145	2.44e-92	269
Deepurify_Bin_2ΩT2_FOM_000000018066_491	UniRef100_A0A0S2KEG0~K06149	30.6	144	94	5	3	142	4	145	5.09e-06	49.7
Deepurify_Bin_0ΩT2_UBT_000000034556_11	UniRef100_A0A0D1LMX4~K07447	100	144	0	0	1	144	1	144	3.48e-96	279
Deepurify_Bin_0ΩT2_UBT_000000019873_14	UniRef100_A0A0D1JQY0~K03925	100	144	0	0	1	144	1	144	1.94e-102	295
Deepurify_Bin_0ΩT2_UBT_000000044357_3	UniRef100_A0A0D1KFH3~K03630	97.9	144	3	0	1	144	1	144	2.98e-97	281
Deepurify_Bin_1ΩT2_UBT_000000041069_8	UniRef100_A0A1W9FYA7~K07491	56.8	139	59	1	1	139	1	138	2.31e-52	168
Deepurify_Bin_1ΩT2_UBT_000000011170_25	UniRef100_A0A0D1KFH3~K03630	60.4	144	57	0	1	144	1	144	3.21e-60	188
Deepurify_Bin_1ΩT2_UBT_000000065998_16	UniRef100_A0A061C0K7~K07491	62.6	131	49	0	1	131	1	131	3.87e-56	178
Deepurify_Bin_3ΩT1_FOM_000000153740_4	UniRef100_A0A1X0V836~K04488	72.9	144	39	0	1	144	1	144	8.03e-77	230
Deepurify_Bin_3ΩT1_FOM_000000075080_15	UniRef100_Q03ZM7~K02876	98.6	144	2	0	1	144	1	144	7.58e-91	265
Deepurify_Bin_3ΩT1_FOM_000000038029_1	UniRef100_A0A1B1ZZT0~K16509	80.4	143	28	0	1	143	1	143	2.80e-77	231
Deepurify_Bin_4ΩT1_UBT_000000021839_14	UniRef100_A0A0D1JQY0~K03925	95.1	144	7	0	1	144	1	144	1.79e-98	285
Deepurify_Bin_4ΩT1_UBT_000000006917_16	UniRef100_A0A061C0K7~K07491	62.6	131	49	0	1	131	1	131	3.87e-56	178
Deepurify_Bin_2ΩT2_FOM_000000050145_33	UniRef100_B1MVZ6~K02876	100	144	0	0	1	144	1	144	2.26e-92	269
Deepurify_Bin_2ΩT2_FOM_000000040107_49	UniRef100_W1V4G2~K06199	100	144	0	0	1	144	1	144	4.57e-92	268
Deepurify_Bin_2ΩT2_FOM_000000040107_14	UniRef100_A7GB66~K02171	35.3	116	75	0	8	123	7	122	1.41e-14	71.6
Deepurify_Bin_2ΩT2_FOM_000000018066_650	UniRef100_B1MXK1~K16509	100	144	0	0	1	144	1	144	4.23e-97	281
Deepurify_Bin_0ΩT2_UBT_000000004216_113	UniRef100_A0A0D1M086~K02372	98.6	143	2	0	1	143	1	143	2.37e-98	284
Deepurify_Bin_1ΩT2_UBT_000000031997_22	UniRef100_A0A1B2A028~K02160	49.3	150	69	2	1	143	1	150	1.05e-30	113
Deepurify_Bin_1ΩT2_UBT_000000065998_133	UniRef100_A0A0D1M086~K02372	96.5	143	5	0	1	143	1	143	1.13e-96	280
Deepurify_Bin_3ΩT1_FOM_000000157512_4	UniRef100_Q03W29~K03925	85.9	142	20	0	1	142	1	142	2.26e-87	256
Deepurify_Bin_3ΩT1_FOM_000000147534_6	UniRef100_A0A0N8VYF1~K02372	91.6	143	12	0	1	143	1	143	3.63e-93	271
Deepurify_Bin_3ΩT1_FOM_000000015242_3	UniRef100_J9YH25~K07447	93.0	143	10	0	1	143	1	143	5.55e-88	258
Deepurify_Bin_4ΩT1_UBT_000000006917_132	UniRef100_A0A0D1M086~K02372	96.5	143	5	0	1	143	1	143	1.13e-96	280
Deepurify_Bin_2ΩT2_FOM_000000118331_4	UniRef100_B1MX89~K02372	100	143	0	0	1	143	1	143	1.17e-98	285
Deepurify_Bin_2ΩT2_FOM_000000038108_152	UniRef100_B1MZL2~K00980	99.3	143	1	0	1	143	1	143	2.88e-99	286
Deepurify_Bin_2ΩT2_FOM_000000018066_600	UniRef100_B1MXQ0~K07447	100	143	0	0	1	143	1	143	6.27e-94	273
Deepurify_Bin_2ΩT2_FOM_000000018066_546	UniRef100_B1MXV4~K03925	100	143	0	0	1	143	1	143	1.00e-99	288
Deepurify_Bin_2ΩT2_FOM_000000018066_501	UniRef100_B1MXZ8~K02520	100	143	0	0	1	143	1	143	1.48e-92	270
Deepurify_Bin_2ΩT2_FOM_000000018066_337	UniRef100_B1MYG3~K02744	99.3	143	1	0	1	143	1	143	8.90e-94	273
Deepurify_Bin_2ΩT2_FOM_000000018066_297	UniRef100_B1MYK0~K07305	98.6	143	2	0	1	143	1	143	1.54e-103	297
Deepurify_Bin_0ΩT2_UBT_000000087050_6	UniRef100_A0A0D1M0X5~K00887	100	142	0	0	1	142	1	142	3.23e-91	266
Deepurify_Bin_0ΩT2_UBT_000000009241_21	UniRef100_A0A0E3Z258~K19591	31.6	117	77	2	1	116	1	115	3.29e-09	57.8
Deepurify_Bin_1ΩT2_UBT_000000006453_6	UniRef100_A0A0D1M0X5~K00887	92.2	141	11	0	1	141	1	141	3.90e-83	246
Deepurify_Bin_1ΩT2_UBT_000000001845_5	UniRef100_A0A0D1JC84~K11145	100	142	0	0	1	142	1	142	2.11e-96	279
Deepurify_Bin_3ΩT1_FOM_000000157512_25	UniRef100_Q03W45~K02959	85.9	142	17	1	1	142	1	139	2.19e-77	231
Deepurify_Bin_4ΩT1_UBT_000000015948_6	UniRef100_A0A0D1M0X5~K00887	92.2	141	11	0	1	141	1	141	3.90e-83	246
Deepurify_Bin_0ΩT2_UBT_000000032422_6	UniRef100_A0A0N9XWF1~K07341	97.9	141	3	0	1	141	1	141	1.09e-93	272
Deepurify_Bin_0ΩT2_UBT_000000021322_73	UniRef100_U3U4G4~K01223	46.8	139	59	4	2	140	8	131	4.55e-33	119
Deepurify_Bin_1ΩT2_UBT_000000060612_11	UniRef100_H5SXK5~K07497	39.2	125	73	2	17	138	2	126	1.58e-26	102
Deepurify_Bin_1ΩT2_UBT_000000020635_20	UniRef100_A0A0D1JC84~K11145	93.6	140	9	0	1	140	1	140	3.63e-90	263
Deepurify_Bin_4ΩT1_UBT_000000015629_20	UniRef100_A0A0D1JC84~K11145	93.6	140	9	0	1	140	1	140	3.63e-90	263
Deepurify_Bin_2ΩT2_FOM_000000018066_435	UniRef100_B1MY64~K13256	99.3	141	1	0	1	141	1	141	8.26e-89	260
Deepurify_Bin_2ΩT2_FOM_000000018066_18	UniRef100_B1MZF0~K02503	100	141	0	0	1	141	1	141	1.74e-99	287
Deepurify_Bin_0ΩT2_UBT_000000016425_3	UniRef100_A0A0D1JDT9~K02503	90.0	140	14	0	1	140	1	140	3.12e-88	258
Deepurify_Bin_0ΩT2_UBT_000000026330_1	UniRef100_A0A0N9XW13~K07474	97.9	140	3	0	1	140	1	140	1.81e-87	256
Deepurify_Bin_0ΩT2_UBT_000000026317_4	UniRef100_A0A0D1JDT9~K02503	97.9	140	3	0	1	140	1	140	7.11e-94	273
Deepurify_Bin_1ΩT2_UBT_000000020938_46	UniRef100_A0A0D1LJT2~K00940	86.9	137	18	0	1	137	1	137	1.56e-83	246
Deepurify_Bin_3ΩT1_FOM_000000046715_2	UniRef100_K0DDE1~K02503	80.0	140	28	0	1	140	1	140	1.79e-78	234
Deepurify_Bin_4ΩT1_UBT_000000026060_2	UniRef100_A0A0D1KLV4~K03625	99.3	140	1	0	1	140	1	140	6.08e-95	275
Deepurify_Bin_4ΩT1_UBT_000000024618_2	UniRef100_A0A0D1KLV4~K03625	92.1	140	11	0	1	140	1	140	7.67e-89	260
Deepurify_Bin_4ΩT1_UBT_000000025828_13	UniRef100_A0A0D1LMX4~K07447	96.4	140	5	0	1	140	5	144	7.52e-90	263
Deepurify_Bin_2ΩT2_FOM_000000080637_49	UniRef100_B1N082~K03625	99.3	140	1	0	1	140	1	140	2.90e-93	271
Deepurify_Bin_0ΩT2_UBT_000000057284_19	UniRef100_A0A0N9YSE0~K13993	100	139	0	0	1	139	1	139	3.97e-95	276
Deepurify_Bin_1ΩT2_UBT_000000000469_2	UniRef100_A0A0D1M771~K02114	92.0	138	11	0	1	138	1	138	3.24e-78	233
Deepurify_Bin_3ΩT1_FOM_000000115096_9	UniRef100_C3SM22~K06901	37.9	132	82	0	3	134	7	138	2.19e-24	97.1
Deepurify_Bin_4ΩT1_UBT_000000026413_2	UniRef100_A0A0D1M771~K02114	92.0	138	11	0	1	138	1	138	3.24e-78	233
Deepurify_Bin_2ΩT2_FOM_000000018066_499	UniRef100_B1MY00~K02887	100	139	0	0	1	139	1	139	7.12e-89	260
Deepurify_Bin_0ΩT2_UBT_000000008485_2	UniRef100_A0A0D1LJT2~K00940	99.3	138	1	0	1	138	1	138	1.29e-95	277
Deepurify_Bin_1ΩT2_UBT_000000083272_2	UniRef100_A0A0D1M771~K02114	100	138	0	0	1	138	1	138	1.01e-83	247
Deepurify_Bin_3ΩT1_FOM_000000149631_2	UniRef100_A0A1X0VA88~K03711	73.9	134	34	1	5	137	1	134	5.41e-69	209
Deepurify_Bin_4ΩT1_UBT_000000019571_24	UniRef100_A0A0N9YSE0~K13993	74.8	139	34	1	1	138	1	139	2.59e-68	208
Deepurify_Bin_0ΩT2_UBT_000000031606_4	UniRef100_A0A0D1M530~K02160	100	137	0	0	1	137	1	137	1.60e-52	168
Deepurify_Bin_1ΩT2_UBT_000000024381_1	UniRef100_H2K6I7~K00134	40.2	132	71	2	4	131	25	152	1.29e-20	87.8
Deepurify_Bin_1ΩT2_UBT_000000001669_21	UniRef100_A0A1B1ZZ28~K07483	63.7	135	49	0	3	137	34	168	3.17e-54	173
Deepurify_Bin_3ΩT1_FOM_000000123978_4	UniRef100_J9YI39~K03789	63.2	136	50	0	1	136	1	136	2.76e-56	177
Deepurify_Bin_2ΩT2_FOM_000000025112_9	UniRef100_B1N022~K00940	100	137	0	0	1	137	1	137	1.24e-97	282
Deepurify_Bin_2ΩT2_FOM_000000050145_22	UniRef100_B1MW07~K02878	100	137	0	0	1	137	1	137	2.81e-94	273
Deepurify_Bin_2ΩT2_FOM_000000050145_6	UniRef100_B1MW23~K02950	100	137	0	0	1	137	1	137	7.76e-92	267
Deepurify_Bin_2ΩT2_FOM_000000153740_90	UniRef100_B1MWJ0~K03741	100	137	0	0	1	137	1	137	4.32e-98	283
Deepurify_Bin_2ΩT2_FOM_000000038108_71	UniRef100_B1MZU5~K02959	99.3	137	1	0	1	137	1	137	1.62e-84	249
Deepurify_Bin_1ΩT2_UBT_000000014387_32	UniRef100_A0A0N9XWF1~K07341	57.8	135	55	2	1	134	1	134	9.06e-48	156
Deepurify_Bin_3ΩT1_FOM_000000039059_20	UniRef100_Q03V72~K00997	78.7	136	29	0	1	136	1	136	4.99e-74	222
Deepurify_Bin_3ΩT1_FOM_000000058500_2	UniRef100_A0A1X0UYU3~K13256	81.1	132	25	0	1	132	1	132	8.96e-72	216
Deepurify_Bin_3ΩT1_FOM_000000039059_30	UniRef100_K0D5K1~K11145	78.0	132	29	0	1	132	1	132	1.55e-72	218
Deepurify_Bin_2ΩT2_FOM_000000001535_23	UniRef100_A0A0N8VYF0~K00997	91.1	135	12	0	1	135	1	135	7.16e-85	249
Deepurify_Bin_2ΩT2_FOM_000000001535_1	UniRef100_B1MX05~K00997	100	135	0	0	1	135	1	135	2.42e-94	273
Deepurify_Bin_2ΩT2_FOM_000000080637_238	UniRef100_B1MVW6~K11145	99.3	135	1	0	1	135	1	135	9.49e-92	267
Deepurify_Bin_2ΩT2_FOM_000000080637_65	UniRef100_B1N098~K09825	100	135	0	0	1	135	1	135	2.42e-94	273
Deepurify_Bin_3ΩT1_FOM_000000038029_18	UniRef100_A0A1X0UY14~K03625	85.5	131	19	0	1	131	1	131	2.46e-76	228
Deepurify_Bin_2ΩT2_FOM_000000035880_27	UniRef100_B1MXB2~K09888	99.3	134	1	0	1	134	1	134	1.30e-84	249
Deepurify_Bin_0ΩT2_UBT_000000003155_2	UniRef100_A0A0D1K349~K07570	100	133	0	0	1	133	1	133	2.96e-94	273
Deepurify_Bin_1ΩT2_UBT_000000001689_3	UniRef100_A0A0D1K349~K07570	82.0	128	23	0	1	128	1	128	5.68e-74	222
Deepurify_Bin_4ΩT1_UBT_000000019564_2	UniRef100_A0A0D1K349~K07570	82.0	128	23	0	1	128	1	128	5.68e-74	222
Deepurify_Bin_2ΩT2_FOM_000000035880_8	UniRef100_B1MXD1~K01489	100	133	0	0	1	133	1	133	1.71e-93	271
Deepurify_Bin_0ΩT2_UBT_000000022455_10	UniRef100_A0A0D1M4B4~K09790	99.2	132	1	0	1	132	1	132	1.31e-92	269
Deepurify_Bin_0ΩT2_UBT_000000044674_32	UniRef100_A0A0N9YQQ7~K16509	99.2	132	1	0	1	132	1	132	2.86e-87	255
Deepurify_Bin_0ΩT2_UBT_000000034542_51	UniRef100_A0A0N9YRY1~K00980	99.2	132	1	0	1	132	1	132	2.64e-92	268
Deepurify_Bin_1ΩT2_UBT_000000066925_36	UniRef100_A0A0N9YQQ7~K16509	87.9	132	16	0	1	132	1	132	1.64e-77	231
Deepurify_Bin_3ΩT1_FOM_000000145965_8	UniRef100_A0A1X0UZP1~K13052	75.8	132	32	0	1	132	1	132	8.59e-64	196
Deepurify_Bin_3ΩT1_FOM_000000094265_2	UniRef100_A0A1X0V5I0~K09790	82.8	128	22	0	1	128	1	128	1.06e-71	216
Deepurify_Bin_3ΩT1_FOM_000000075080_20	UniRef100_B1MW01~K02994	97.0	132	4	0	1	132	1	132	6.74e-86	252
Deepurify_Bin_3ΩT1_FOM_000000049116_14	UniRef100_A0A1X0V779~K06199	71.3	129	37	0	1	129	1	129	1.93e-60	187
Deepurify_Bin_4ΩT1_UBT_000000007542_36	UniRef100_A0A0N9YQQ7~K16509	87.9	132	16	0	1	132	1	132	1.64e-77	231
Deepurify_Bin_2ΩT2_FOM_000000036565_3	UniRef100_A0A1X0V779~K06199	70.5	129	38	0	1	129	1	129	5.53e-60	186
Deepurify_Bin_2ΩT2_FOM_000000009452_37	UniRef100_B1MZJ3~K03469	97.0	132	4	0	1	132	1	132	1.16e-86	254
Deepurify_Bin_2ΩT2_FOM_000000050145_28	UniRef100_B1MW01~K02994	100	132	0	0	1	132	1	132	9.96e-88	256
Deepurify_Bin_0ΩT2_UBT_000000026330_29	UniRef100_A0A0D1LUE7~K03469	98.5	131	2	0	1	131	1	131	1.37e-89	261
Deepurify_Bin_0ΩT2_UBT_000000044674_46	UniRef100_A0A0D1LNS8~K03282	100	131	0	0	1	131	1	131	4.56e-79	234
Deepurify_Bin_0ΩT2_UBT_000000018558_67	UniRef100_A0A0D1M0U8~K06726	99.2	131	1	0	1	131	1	131	3.10e-86	253
Deepurify_Bin_1ΩT2_UBT_000000014387_38	UniRef100_A0A0D1M0U8~K06726	75.6	131	32	0	1	131	1	131	1.61e-63	195
Deepurify_Bin_1ΩT2_UBT_000000071291_8	UniRef100_A0A0D1M4B4~K09790	85.5	131	19	0	1	131	1	131	1.64e-79	236
Deepurify_Bin_1ΩT2_UBT_000000066925_47	UniRef100_A0A0D1LNS8~K03282	93.1	131	9	0	1	131	1	131	4.90e-74	222
Deepurify_Bin_3ΩT1_FOM_000000035651_6	UniRef100_Q03ZQ4~K02950	99.2	131	1	0	1	131	7	137	2.67e-86	253
Deepurify_Bin_4ΩT1_UBT_000000004550_11	UniRef100_A0A0D1LJ61~K08972	85.5	124	18	0	1	124	1	124	1.86e-66	202
Deepurify_Bin_4ΩT1_UBT_000000018545_8	UniRef100_A0A0D1M4B4~K09790	85.5	131	19	0	1	131	1	131	1.64e-79	236
Deepurify_Bin_4ΩT1_UBT_000000007542_47	UniRef100_A0A0D1LNS8~K03282	93.1	131	9	0	1	131	1	131	4.90e-74	222
Deepurify_Bin_2ΩT2_FOM_000000050145_48	UniRef100_B1MVY1~K02996	100	131	0	0	1	131	1	131	4.23e-84	247
Deepurify_Bin_2ΩT2_FOM_000000118331_49	UniRef100_B1MX44~K02246	99.2	131	1	0	1	131	1	131	3.48e-92	268
Deepurify_Bin_2ΩT2_FOM_000000080637_114	UniRef100_B1MVJ5~K13052	98.5	131	2	0	1	131	1	131	4.06e-82	242
Deepurify_Bin_2ΩT2_FOM_000000018066_639	UniRef100_J9YHQ7~K16137	52.9	121	56	1	1	121	1	120	5.50e-34	120
Deepurify_Bin_2ΩT2_FOM_000000018066_404	UniRef100_A0A1L6RC13~K01838	58.1	105	44	0	2	106	3	107	7.06e-38	130
Deepurify_Bin_1ΩT2_UBT_000000020938_18	UniRef100_Q9EV83~K14422	48.8	129	66	0	1	129	1	129	1.86e-38	132
Deepurify_Bin_2ΩT2_FOM_000000153740_60	UniRef100_B1MWF2~K07979	100	129	0	0	1	129	1	129	5.39e-86	252
Deepurify_Bin_1ΩT2_UBT_000000020635_1	UniRef100_A0A0D1M359~K02879	100	128	0	0	1	128	1	128	1.61e-82	243
Deepurify_Bin_3ΩT1_FOM_000000075080_10	UniRef100_B1MVZ1~K02948	100	128	0	0	1	128	1	128	3.13e-80	237
Deepurify_Bin_4ΩT1_UBT_000000006312_6	UniRef100_A0A0D1JRG8~K02948	100	128	0	0	1	128	1	128	1.55e-80	238
Deepurify_Bin_4ΩT1_UBT_000000015629_1	UniRef100_A0A0D1M359~K02879	100	128	0	0	1	128	1	128	1.61e-82	243
Deepurify_Bin_4ΩT1_UBT_000000021216_11	UniRef100_A0A0D1LJ61~K08972	100	128	0	0	1	128	1	128	1.55e-80	238
Deepurify_Bin_4ΩT1_UBT_000000003245_5	UniRef100_A0A0N9YUZ9~K09022	81.3	128	24	0	1	128	1	128	1.35e-65	200
Deepurify_Bin_2ΩT2_FOM_000000050145_38	UniRef100_B1MVZ1~K02948	100	128	0	0	1	128	1	128	3.13e-80	237
Deepurify_Bin_2ΩT2_FOM_000000080637_171	UniRef100_Q03NL1~K01759	68.2	129	40	1	1	128	1	129	5.39e-61	189
Deepurify_Bin_2ΩT2_FOM_000000018066_103	UniRef100_B1MZ44~K01633	100	128	0	0	1	128	1	128	3.13e-89	260
Deepurify_Bin_1ΩT2_UBT_000000061643_18	UniRef100_A0A0D1LUE7~K03469	75.6	127	31	0	1	127	1	127	1.13e-62	193
Deepurify_Bin_3ΩT1_FOM_000000128291_6	UniRef100_Q03NL1~K01759	51.5	130	60	2	1	127	1	130	1.93e-42	142
Deepurify_Bin_3ΩT1_FOM_000000075080_8	UniRef100_B1MVY9~K02879	99.2	127	1	0	1	127	1	127	1.75e-81	240
Deepurify_Bin_3ΩT1_FOM_000000062405_10	UniRef100_A0A1X9VSW2~K03469	60.3	126	50	0	1	126	1	126	1.07e-50	162
Deepurify_Bin_3ΩT1_FOM_000000015242_1	UniRef100_J9Z8L2~K00425	55.4	112	50	0	6	117	5	116	1.05e-42	142
Deepurify_Bin_4ΩT1_UBT_000000004016_18	UniRef100_A0A0D1LUE7~K03469	75.6	127	31	0	1	127	1	127	1.13e-62	193
Deepurify_Bin_2ΩT2_FOM_000000035880_3	UniRef100_Q03NL1~K01759	48.5	130	64	2	1	127	1	130	4.92e-38	130
Deepurify_Bin_2ΩT2_FOM_000000050145_40	UniRef100_B1MVY9~K02879	100	127	0	0	1	127	1	127	8.66e-82	241
Deepurify_Bin_0ΩT2_UBT_000000083495_28	UniRef100_A0A0D1JN12~K08234	100	126	0	0	1	126	1	126	1.10e-88	258
Deepurify_Bin_2ΩT2_FOM_000000008711_2	UniRef100_B1MXJ9~K07570	99.2	126	1	0	1	126	1	126	2.30e-90	263
Deepurify_Bin_2ΩT2_FOM_000000038108_67	UniRef100_B1MZU9~K03282	100	126	0	0	1	126	1	126	4.48e-79	234
Deepurify_Bin_2ΩT2_FOM_000000080637_139	UniRef100_D5T458~K22299	73.0	126	33	1	1	126	1	125	6.92e-58	181
Deepurify_Bin_0ΩT2_UBT_000000044357_9	UniRef100_A0A0D1LMA0~K06199	96.0	125	5	0	1	125	2	126	2.04e-77	230
Deepurify_Bin_0ΩT2_UBT_000000083495_32	UniRef100_A0A143HPG4~K19222	34.5	116	75	1	6	121	24	138	5.04e-19	82.8
Deepurify_Bin_1ΩT2_UBT_000000069770_7	UniRef100_B1MWJ2~K08987	75.5	102	25	0	20	121	1	102	3.94e-45	147
Deepurify_Bin_1ΩT2_UBT_000000039277_33	UniRef100_A0A1B3B7Y4~K19222	35.5	121	77	1	4	124	22	141	3.57e-16	75.5
Deepurify_Bin_3ΩT1_FOM_000000118623_5	UniRef100_A0A1X0UZR0~K02859	74.8	119	30	0	6	124	5	123	2.38e-62	192
Deepurify_Bin_2ΩT2_FOM_000000038108_11	UniRef100_B1N004~K01737	100	125	0	0	1	125	1	125	5.68e-86	251
Deepurify_Bin_1ΩT2_UBT_000000079358_26	UniRef100_A0A0N9YNX0~K13052	58.1	124	52	0	1	124	1	124	4.49e-39	133
Deepurify_Bin_1ΩT2_UBT_000000001669_6	UniRef100_A0A0N9YNX0~K13052	96.8	124	4	0	1	124	1	124	5.48e-79	234
Deepurify_Bin_1ΩT2_UBT_000000011170_31	UniRef100_A0A0D1LMA0~K06199	85.5	124	18	0	1	124	2	125	5.58e-68	206
Deepurify_Bin_3ΩT1_FOM_000000006674_22	UniRef100_D2QK96~K19222	35.4	113	70	2	7	117	22	133	1.12e-13	68.9
Deepurify_Bin_4ΩT1_UBT_000000021238_30	UniRef100_A0A0N9YNX0~K13052	58.1	124	52	0	1	124	1	124	4.49e-39	133
Deepurify_Bin_2ΩT2_FOM_000000153740_4	UniRef100_A0A1B3B7Y4~K19222	32.8	119	78	2	4	121	22	139	1.69e-13	68.6
Deepurify_Bin_2ΩT2_FOM_000000080637_147	UniRef100_B1MVM8~K03789	99.2	124	1	0	1	124	13	136	3.75e-84	247
Deepurify_Bin_0ΩT2_UBT_000000045448_12	UniRef100_A0A0D1JM53~K02859	100	123	0	0	1	123	1	123	3.31e-84	247
Deepurify_Bin_0ΩT2_UBT_000000034263_18	UniRef100_A0A0D1LLD9~K09710	100	123	0	0	1	123	1	123	4.71e-84	246
Deepurify_Bin_1ΩT2_UBT_000000082767_12	UniRef100_A0A0D1JM53~K02859	76.4	123	29	0	1	123	1	123	4.28e-62	191
Deepurify_Bin_1ΩT2_UBT_000000080035_18	UniRef100_A0A0D1LLD9~K09710	95.1	123	6	0	1	123	1	123	1.07e-80	238
Deepurify_Bin_3ΩT1_FOM_000000086418_17	UniRef100_B1MXH8~K09710	79.7	123	25	0	1	123	1	123	9.02e-64	195
Deepurify_Bin_3ΩT1_FOM_000000075080_11	UniRef100_Q03ZM2~K02952	100	123	0	0	1	123	1	123	5.95e-78	231
Deepurify_Bin_4ΩT1_UBT_000000004766_12	UniRef100_A0A0D1JM53~K02859	76.4	123	29	0	1	123	1	123	4.28e-62	191
Deepurify_Bin_4ΩT1_UBT_000000027904_18	UniRef100_A0A0D1LLD9~K09710	95.1	123	6	0	1	123	1	123	1.07e-80	238
Deepurify_Bin_2ΩT2_FOM_000000050145_37	UniRef100_B1MVZ2~K02952	100	123	0	0	1	123	1	123	5.95e-78	231
Deepurify_Bin_2ΩT2_FOM_000000008711_50	UniRef100_B1MXF2~K03210	100	123	0	0	1	123	1	123	8.12e-76	226
Deepurify_Bin_2ΩT2_FOM_000000008711_23	UniRef100_B1MXH8~K09710	100	123	0	0	1	123	1	123	3.73e-81	239
Deepurify_Bin_0ΩT2_UBT_000000063077_2	UniRef100_A0A1V8XE46~K01759	50.4	119	59	0	3	121	4	122	5.11e-35	122
Deepurify_Bin_0ΩT2_UBT_000000021322_29	UniRef100_B8DZI6~K07979	38.9	108	64	1	1	106	1	108	5.46e-19	82.0
Deepurify_Bin_1ΩT2_UBT_000000013024_10	UniRef100_A0A1V8XE46~K01759	50.4	119	59	0	3	121	4	122	1.55e-36	126
Deepurify_Bin_2ΩT2_FOM_000000050145_25	UniRef100_B1MW04~K02874	100	122	0	0	1	122	1	122	1.93e-78	232
Deepurify_Bin_2ΩT2_FOM_000000018066_205	UniRef100_A0A172XF59~K21745	33.3	117	76	1	5	119	3	119	1.09e-15	73.9
Deepurify_Bin_1ΩT2_UBT_000000011170_30	UniRef100_A0A0N9YRB4~K06199	72.5	120	33	0	2	121	1	120	2.59e-55	174
Deepurify_Bin_1ΩT2_UBT_000000065998_93	UniRef100_C6D5L5~K07979	39.7	121	67	2	3	121	5	121	1.21e-19	84.0
Deepurify_Bin_3ΩT1_FOM_000000042774_7	UniRef100_A0A1X9VQA6~K03210	81.1	122	20	2	1	121	1	120	2.26e-49	159
Deepurify_Bin_3ΩT1_FOM_000000039059_18	UniRef100_K0DBR1~K07171	86.0	121	17	0	1	121	1	121	2.53e-69	209
Deepurify_Bin_3ΩT1_FOM_000000035783_15	UniRef100_A0A1X9VR57~K07979	78.2	119	26	0	1	119	1	119	1.02e-59	185
Deepurify_Bin_3ΩT1_FOM_000000016860_13	UniRef100_Q03ZH3~K02935	84.3	121	19	0	1	121	1	121	7.16e-60	185
Deepurify_Bin_4ΩT1_UBT_000000006312_5	UniRef100_A0A0D1LSU9~K02952	99.2	121	1	0	1	121	1	121	8.52e-77	228
Deepurify_Bin_4ΩT1_UBT_000000006917_93	UniRef100_C6D5L5~K07979	39.7	121	67	2	3	121	5	121	1.21e-19	84.0
Deepurify_Bin_2ΩT2_FOM_000000001535_3	UniRef100_B1MX07~K07171	99.2	121	1	0	1	121	1	121	1.47e-77	230
Deepurify_Bin_2ΩT2_FOM_000000080637_212	UniRef100_B1MVU1~K02935	100	121	0	0	1	121	1	121	1.31e-71	215
Deepurify_Bin_0ΩT2_UBT_000000016817_10	UniRef100_A0A0D1MAB6~K07171	100	120	0	0	1	120	1	120	4.08e-79	234
Deepurify_Bin_0ΩT2_UBT_000000018558_42	UniRef100_A0A0N9XYA8~K01633	97.5	120	3	0	1	120	1	120	1.12e-76	228
Deepurify_Bin_0ΩT2_UBT_000000018558_14	UniRef100_A0A139QT59~K08987	100	120	0	0	1	120	1	120	2.35e-69	209
Deepurify_Bin_1ΩT2_UBT_000000038068_20	UniRef100_A0A139QT59~K08987	79.2	120	25	0	1	120	1	120	1.50e-56	177
Deepurify_Bin_4ΩT1_UBT_000000016898_10	UniRef100_A0A0D1MAB6~K07171	95.8	120	5	0	1	120	1	120	5.57e-77	228
Deepurify_Bin_4ΩT1_UBT_000000024370_20	UniRef100_A0A139QT59~K08987	79.2	120	25	0	1	120	1	120	1.50e-56	177
Deepurify_Bin_2ΩT2_FOM_000000029022_44	UniRef100_B1MWP3~K08987	100	120	0	0	1	120	1	120	2.86e-70	211
Deepurify_Bin_0ΩT2_UBT_000000016987_3	UniRef100_J9YHQ7~K16137	37.0	119	66	2	1	115	1	114	8.96e-17	76.3
Deepurify_Bin_0ΩT2_UBT_000000034556_4	UniRef100_A0A0D1JGL6~K03210	99.2	119	1	0	1	119	1	119	2.66e-70	211
Deepurify_Bin_0ΩT2_UBT_000000044357_8	UniRef100_A0A0N9YRB4~K06199	100	118	0	0	2	119	3	120	1.12e-78	233
Deepurify_Bin_3ΩT1_FOM_000000055346_2	UniRef100_Q03YK1~K02884	95.0	119	6	0	1	119	1	119	8.26e-74	220
Deepurify_Bin_2ΩT2_FOM_000000038108_47	UniRef100_B1MZW8~K02884	100	119	0	0	1	119	1	119	1.48e-76	227
Deepurify_Bin_0ΩT2_UBT_000000082639_8	UniRef100_A0A0D1M0V6~K02884	100	118	0	0	1	118	1	118	1.38e-76	227
Deepurify_Bin_0ΩT2_UBT_000000045121_1	UniRef100_A0A0D1LLM2~K03536	100	118	0	0	1	118	1	118	1.01e-78	233
Deepurify_Bin_0ΩT2_UBT_000000087819_70	UniRef100_A0A0D1LLM2~K03536	98.3	117	2	0	1	117	1	117	1.67e-77	229
Deepurify_Bin_0ΩT2_UBT_000000087819_1	UniRef100_A0A0D1LLM2~K03536	98.3	117	2	0	1	117	1	117	1.67e-77	229
Deepurify_Bin_0ΩT2_UBT_000000021629_44	UniRef100_A0A0N9YLU0~K02834	99.2	118	1	0	1	118	1	118	5.40e-74	221
Deepurify_Bin_0ΩT2_UBT_000000031606_76	UniRef100_A0A1C7GDL7~K07726	35.5	107	62	3	9	113	4	105	1.08e-08	55.5
Deepurify_Bin_1ΩT2_UBT_000000026597_25	UniRef100_A0A0N9YLU0~K02834	98.3	118	2	0	1	118	1	118	1.09e-73	220
Deepurify_Bin_3ΩT1_FOM_000000128291_11	UniRef100_A0A1X0V9P6~K08972	83.9	118	19	0	1	118	1	118	1.93e-58	181
Deepurify_Bin_4ΩT1_UBT_000000015941_7	UniRef100_A0A0D1M0V6~K02884	98.3	118	2	0	1	118	1	118	1.61e-75	224
Deepurify_Bin_4ΩT1_UBT_000000014333_25	UniRef100_A0A0N9YLU0~K02834	98.3	118	2	0	1	118	1	118	1.09e-73	220
Deepurify_Bin_2ΩT2_FOM_000000050145_20	UniRef100_B1MW09~K02890	100	118	0	0	1	118	1	118	1.09e-73	220
Deepurify_Bin_0ΩT2_UBT_000000021629_1	UniRef100_I3UDW2~K06207	69.6	112	34	0	7	118	5	116	1.93e-49	159
Deepurify_Bin_1ΩT2_UBT_000000006722_18	UniRef100_A0A0D1JT48~K03713	87.7	114	13	1	4	117	4	116	6.59e-63	192
Deepurify_Bin_1ΩT2_UBT_000000026597_69	UniRef100_I3UDW2~K06207	69.6	112	34	0	7	118	5	116	1.93e-49	159
Deepurify_Bin_3ΩT1_FOM_000000075080_18	UniRef100_Q03ZN0~K02881	95.7	117	5	0	1	117	1	117	2.39e-72	216
Deepurify_Bin_3ΩT1_FOM_000000004294_8	UniRef100_K0DDB6~K02834	93.2	117	8	0	1	117	1	117	2.30e-70	211
Deepurify_Bin_4ΩT1_UBT_000000000739_18	UniRef100_A0A0D1JT48~K03713	87.7	114	13	1	4	117	4	116	6.59e-63	192
Deepurify_Bin_4ΩT1_UBT_000000014333_69	UniRef100_I3UDW2~K06207	69.6	112	34	0	7	118	5	116	1.93e-49	159
Deepurify_Bin_2ΩT2_FOM_000000009452_16	UniRef100_B1MZH3~K02834	100	117	0	0	1	117	1	117	7.41e-76	225
Deepurify_Bin_2ΩT2_FOM_000000050145_30	UniRef100_B1MVZ9~K02881	100	117	0	0	1	117	1	117	1.23e-74	222
Deepurify_Bin_2ΩT2_FOM_000000038108_38	UniRef100_B1MZX7~K08972	99.1	117	1	0	1	117	1	117	4.63e-70	211
Deepurify_Bin_2ΩT2_FOM_000000018066_388	UniRef100_B1MYA7~K02859	99.1	117	1	0	1	117	1	117	9.73e-81	238
Deepurify_Bin_0ΩT2_UBT_000000025704_21	UniRef100_A0A0D1JT48~K03713	100	116	0	0	1	116	1	116	2.40e-76	226
Deepurify_Bin_3ΩT1_FOM_000000153174_5	UniRef100_Q03UI9~K03536	90.4	115	11	0	1	115	1	115	9.76e-67	202
Deepurify_Bin_2ΩT2_FOM_000000153740_30	UniRef100_B1MW38~K10947	99.1	116	1	0	1	116	1	116	1.24e-78	232
Deepurify_Bin_2ΩT2_FOM_000000153740_17	UniRef100_B1MWS3~K03536	100	116	0	0	1	116	1	116	3.41e-76	226
Deepurify_Bin_0ΩT2_UBT_000000031606_24	UniRef100_A0A1L6R912~K06903	62.3	114	43	0	1	114	1	114	8.28e-42	139
Deepurify_Bin_3ΩT1_FOM_000000055969_7	UniRef100_Q03VW8~K09787	73.7	114	30	0	1	114	1	114	1.09e-53	169
Deepurify_Bin_2ΩT2_FOM_000000038108_2	UniRef100_B1N013~K09787	98.2	114	2	0	1	114	1	114	1.64e-73	219
Deepurify_Bin_1ΩT2_UBT_000000088512_6	UniRef100_A0A0D1LYI3~K09787	97.3	113	3	0	1	113	1	113	8.48e-71	212
Deepurify_Bin_4ΩT1_UBT_000000024386_6	UniRef100_A0A0D1LYI3~K09787	97.3	113	3	0	1	113	1	113	8.48e-71	212
Deepurify_Bin_2ΩT2_FOM_000000040107_50	UniRef100_B1MW99~K06199	100	113	0	0	1	113	1	113	1.20e-70	212
Deepurify_Bin_0ΩT2_UBT_000000018558_53	UniRef100_A0A1X0UVD5~K10947	56.4	110	48	0	3	112	2	111	1.16e-41	139
Deepurify_Bin_1ΩT2_UBT_000000009990_40	UniRef100_A0A127D6K9~K03671	36.2	94	53	4	11	103	8	95	9.36e-08	52.4
Deepurify_Bin_3ΩT1_FOM_000000107633_3	UniRef100_A0A1X0V6F4~K03713	92.8	111	8	0	1	111	1	111	8.18e-64	194
Deepurify_Bin_3ΩT1_FOM_000000070747_11	UniRef100_A0A1X0UVD5~K10947	81.1	111	21	0	1	111	1	111	5.16e-61	187
Deepurify_Bin_3ΩT1_FOM_000000049116_13	UniRef100_A0A1X0V6R6~K06199	58.9	112	46	0	1	112	1	112	7.58e-37	126
Deepurify_Bin_3ΩT1_FOM_000000020217_16	UniRef100_J9YFC0~K01496	65.7	105	36	0	6	110	7	111	1.22e-49	159
Deepurify_Bin_4ΩT1_UBT_000000025828_2	UniRef100_A0A0D1JGL6~K03210	84.7	98	15	0	1	98	1	98	3.99e-45	147
Deepurify_Bin_4ΩT1_UBT_000000003991_20	UniRef100_A0A127D6K9~K03671	36.2	94	53	4	11	103	8	95	9.36e-08	52.4
Deepurify_Bin_2ΩT2_FOM_000000036565_2	UniRef100_A0A1X0V6R6~K06199	58.9	112	46	0	1	112	1	112	1.08e-36	126
Deepurify_Bin_3ΩT1_FOM_000000035783_21	UniRef100_A0A1L6R8T7~K10947	52.7	110	52	0	1	110	1	110	3.65e-35	122
Deepurify_Bin_2ΩT2_FOM_000000038108_164	UniRef100_B1MZK1~K03713	100	111	0	0	1	111	1	111	8.56e-70	209
Deepurify_Bin_0ΩT2_UBT_000000057182_8	UniRef100_A0A0N9YJH0~K10947	98.2	110	2	0	1	110	1	110	1.43e-72	216
Deepurify_Bin_3ΩT1_FOM_000000157512_20	UniRef100_B1MXX0~K02759	75.5	106	26	0	5	110	1	106	2.82e-51	162
Deepurify_Bin_3ΩT1_FOM_000000020217_15	UniRef100_Q03VY2~K01523	82.2	107	19	0	1	107	1	107	1.18e-56	176
Deepurify_Bin_2ΩT2_FOM_000000029022_14	UniRef100_W1V1Z4~K09004	98.2	110	2	0	1	110	1	110	1.48e-74	221
Deepurify_Bin_2ΩT2_FOM_000000036960_32	UniRef100_J9YFL1~K10947	73.4	109	29	0	1	109	1	109	7.09e-52	164
Deepurify_Bin_0ΩT2_UBT_000000003960_29	UniRef100_A0A139QQV3~K18924	99.1	109	1	0	1	109	1	109	1.49e-69	209
Deepurify_Bin_1ΩT2_UBT_000000059045_9	UniRef100_A0A1S6QHV2~K22043	40.6	96	56	1	13	108	14	108	1.74e-19	82.4
Deepurify_Bin_4ΩT1_UBT_000000002201_6	UniRef100_A0A1S6QHV2~K22043	44.2	95	52	1	13	107	14	107	2.65e-21	87.0
Deepurify_Bin_0ΩT2_UBT_000000035055_33	UniRef100_A0A0D1M103~K18924	100	108	0	0	1	108	1	108	9.75e-70	209
Deepurify_Bin_0ΩT2_UBT_000000006030_38	UniRef100_A0A0D1M6Q9~K02759	100	108	0	0	1	108	1	108	1.62e-68	206
Deepurify_Bin_1ΩT2_UBT_000000020938_7	UniRef100_A0A0D1M103~K18924	70.8	106	31	0	1	106	1	106	2.65e-49	157
Deepurify_Bin_1ΩT2_UBT_000000066925_32	UniRef100_A0A0D1LWR1~K02759	92.5	107	8	0	1	107	1	107	3.43e-63	192
Deepurify_Bin_3ΩT1_FOM_000000039059_13	UniRef100_W8X3A6~K03671	30.3	99	67	2	6	102	7	105	5.48e-06	47.8
Deepurify_Bin_4ΩT1_UBT_000000001149_14	UniRef100_A0A0N9YJH0~K10947	81.9	105	19	0	1	105	1	105	5.77e-58	179
Deepurify_Bin_4ΩT1_UBT_000000007542_32	UniRef100_A0A0D1LWR1~K02759	92.5	107	8	0	1	107	1	107	3.43e-63	192
Deepurify_Bin_0ΩT2_UBT_000000024631_11	UniRef100_G8P492~K19972	58.3	96	40	0	4	99	2	97	1.11e-30	110
Deepurify_Bin_0ΩT2_UBT_000000044674_28	UniRef100_A0A0D1LWR1~K02759	100	107	0	0	1	107	1	107	6.38e-70	209
Deepurify_Bin_0ΩT2_UBT_000000035055_34	UniRef100_A0A0D1M5Q7~K18925	100	107	0	0	1	107	1	107	1.34e-71	214
Deepurify_Bin_1ΩT2_UBT_000000014387_18	UniRef100_A0A0D1LQE2~K01607	89.4	104	11	0	1	104	1	104	1.63e-63	193
Deepurify_Bin_1ΩT2_UBT_000000020938_6	UniRef100_A0A0D1M5Q7~K18925	86.9	107	14	0	1	107	1	107	4.67e-63	192
Deepurify_Bin_4ΩT1_UBT_000000001140_29	UniRef100_A0A139QQV3~K18924	78.1	105	23	0	3	107	5	109	3.20e-50	160
Deepurify_Bin_2ΩT2_FOM_000000118331_50	UniRef100_B1MX43~K02245	100	107	0	0	1	107	1	107	8.39e-66	199
Deepurify_Bin_0ΩT2_UBT_000000006030_39	UniRef100_A0A0D1JJT5~K02760	100	106	0	0	1	106	1	106	9.48e-67	201
Deepurify_Bin_0ΩT2_UBT_000000004216_105	UniRef100_A0A0D1M3L4~K19158	100	106	0	0	1	106	1	106	2.61e-73	218
Deepurify_Bin_1ΩT2_UBT_000000026597_29	UniRef100_A0A0D1K909~K02760	77.7	103	23	0	3	105	1	103	1.30e-50	160
Deepurify_Bin_1ΩT2_UBT_000000065998_124	UniRef100_A0A0D1M3L4~K19158	96.2	106	4	0	1	106	1	106	7.20e-71	212
Deepurify_Bin_3ΩT1_FOM_000000157512_19	UniRef100_B1MXW9~K02760	88.7	106	12	0	1	106	1	106	4.17e-61	187
Deepurify_Bin_4ΩT1_UBT_000000014333_29	UniRef100_A0A0D1K909~K02760	77.7	103	23	0	3	105	1	103	1.30e-50	160
Deepurify_Bin_4ΩT1_UBT_000000006917_123	UniRef100_A0A0D1M3L4~K19158	96.2	106	4	0	1	106	1	106	7.20e-71	212
Deepurify_Bin_2ΩT2_FOM_000000018066_531	UniRef100_B1MXW9~K02760	100	106	0	0	1	106	1	106	5.70e-68	204
Deepurify_Bin_2ΩT2_FOM_000000018066_530	UniRef100_B1MXX0~K02759	100	106	0	0	1	106	1	106	2.32e-67	203
Deepurify_Bin_0ΩT2_UBT_000000044674_29	UniRef100_A0A0N9XVU5~K02760	99.0	105	1	0	1	105	1	105	5.10e-66	199
Deepurify_Bin_1ΩT2_UBT_000000066925_33	UniRef100_A0A0N9XVU5~K02760	88.6	105	12	0	1	105	1	105	7.53e-59	181
Deepurify_Bin_3ΩT1_FOM_000000160532_11	UniRef100_A0A1X0UZU8~K02899	100	105	0	0	1	105	1	105	1.11e-69	209
Deepurify_Bin_4ΩT1_UBT_000000007542_33	UniRef100_A0A0N9XVU5~K02760	88.6	105	12	0	1	105	1	105	7.53e-59	181
Deepurify_Bin_2ΩT2_FOM_000000018066_42	UniRef100_B1MZA5~K02899	100	105	0	0	1	105	1	105	9.50e-71	211
Deepurify_Bin_0ΩT2_UBT_000000032789_10	UniRef100_A0A0D1K909~K02760	99.0	104	1	0	1	104	1	104	4.74e-66	199
Deepurify_Bin_0ΩT2_UBT_000000003960_30	UniRef100_A0A0D1KJ69~K18925	100	104	0	0	1	104	1	104	3.08e-71	213
Deepurify_Bin_0ΩT2_UBT_000000034263_15	UniRef100_A0A0D1JVJ0~K07574	98.1	104	2	0	1	104	1	104	3.90e-65	197
Deepurify_Bin_0ΩT2_UBT_000000039885_65	UniRef100_A0A0D1JEW9~K03671	100	104	0	0	1	104	1	104	8.83e-71	211
Deepurify_Bin_1ΩT2_UBT_000000080035_15	UniRef100_A0A0D1JVJ0~K07574	96.2	104	4	0	1	104	1	104	6.48e-64	194
Deepurify_Bin_1ΩT2_UBT_000000076338_27	UniRef100_A0A0D1JFQ6~K02245	64.1	103	37	0	1	103	1	103	1.64e-34	120
Deepurify_Bin_1ΩT2_UBT_000000076338_20	UniRef100_A0A0D1JFQ6~K02245	64.1	103	37	0	1	103	1	103	1.64e-34	120
Deepurify_Bin_3ΩT1_FOM_000000028014_4	UniRef100_A0A1X0V8A4~K03671	85.6	104	15	0	1	104	1	104	4.39e-62	189
Deepurify_Bin_4ΩT1_UBT_000000027144_5	UniRef100_A0A0D1JFQ6~K02245	64.1	103	37	0	1	103	1	103	1.64e-34	120
Deepurify_Bin_4ΩT1_UBT_000000027904_15	UniRef100_A0A0D1JVJ0~K07574	96.2	104	4	0	1	104	1	104	6.48e-64	194
Deepurify_Bin_4ΩT1_UBT_000000001140_30	UniRef100_A0A0D1KJ69~K18925	93.3	104	7	0	1	104	1	104	2.85e-67	202
Deepurify_Bin_2ΩT2_FOM_000000008711_26	UniRef100_B1MXH5~K07574	100	104	0	0	1	104	1	104	4.74e-66	199
Deepurify_Bin_2ΩT2_FOM_000000018066_552	UniRef100_B1MXU8~K03671	99.0	104	1	0	1	104	1	104	1.07e-71	214
Deepurify_Bin_0ΩT2_UBT_000000046529_5	UniRef100_A0A0D1JFQ6~K02245	100	103	0	0	1	103	1	103	6.03e-64	194
Deepurify_Bin_0ΩT2_UBT_000000004216_47	UniRef100_A0A0D1LXW1~K02435	100	103	0	0	1	103	1	103	7.32e-65	196
Deepurify_Bin_1ΩT2_UBT_000000034986_17	UniRef100_A0A0D1JEW9~K03671	93.1	102	7	0	1	102	1	102	8.84e-64	194
Deepurify_Bin_1ΩT2_UBT_000000065998_47	UniRef100_A0A0D1LXW1~K02435	96.1	103	4	0	1	103	1	103	2.87e-62	190
Deepurify_Bin_3ΩT1_FOM_000000086418_14	UniRef100_B1MXH5~K07574	70.9	103	30	0	1	103	2	104	3.04e-46	149
Deepurify_Bin_4ΩT1_UBT_000000006917_47	UniRef100_A0A0D1LXW1~K02435	96.1	103	4	0	1	103	1	103	2.87e-62	190
Deepurify_Bin_0ΩT2_UBT_000000046295_15	UniRef100_A0A0D1LKN0~K09747	100	102	0	0	1	102	1	102	3.94e-64	194
Deepurify_Bin_0ΩT2_UBT_000000032422_4	UniRef100_A0A0A8FLH8~K22298	40.4	94	53	2	1	94	1	91	5.97e-14	67.8
Deepurify_Bin_0ΩT2_UBT_000000004216_53	UniRef100_A0A0D1K6Z8~K10947	100	102	0	0	1	102	1	102	2.11e-68	205
Deepurify_Bin_1ΩT2_UBT_000000065998_54	UniRef100_A0A0D1K6Z8~K10947	82.4	102	18	0	1	102	1	102	4.10e-57	177
Deepurify_Bin_3ΩT1_FOM_000000109664_4	UniRef100_Q03VU9~K02435	88.2	102	12	0	1	102	7	108	2.86e-56	175
Deepurify_Bin_3ΩT1_FOM_000000023918_8	UniRef100_A0A0D1K909~K02760	52.1	96	46	0	4	99	5	100	2.55e-26	99.4
Deepurify_Bin_4ΩT1_UBT_000000007014_20	UniRef100_A0A0D1LKN0~K09747	98.0	102	2	0	1	102	1	102	6.55e-63	191
Deepurify_Bin_4ΩT1_UBT_000000006917_54	UniRef100_A0A0D1K6Z8~K10947	82.4	102	18	0	1	102	1	102	4.10e-57	177
Deepurify_Bin_2ΩT2_FOM_000000050145_26	UniRef100_B1MW03~K02895	100	102	0	0	1	102	1	102	1.00e-66	201
Deepurify_Bin_2ΩT2_FOM_000000050145_14	UniRef100_B1MW15~K02946	100	102	0	0	1	102	1	102	3.37e-65	197
Deepurify_Bin_2ΩT2_FOM_000000153740_93	UniRef100_B1MWJ2~K08987	100	102	0	0	1	102	1	102	6.30e-61	186
Deepurify_Bin_2ΩT2_FOM_000000080637_31	UniRef100_B1N064~K02435	100	102	0	0	1	102	1	102	3.50e-67	202
Deepurify_Bin_2ΩT2_FOM_000000001535_22	UniRef100_A0A0Q1DM35~K22043	75.0	100	25	0	1	100	1	100	1.03e-42	140
Deepurify_Bin_0ΩT2_UBT_000000021629_47	UniRef100_A0A0D1LHC8~K07742	100	99	0	0	1	99	1	99	3.85e-65	197
Deepurify_Bin_1ΩT2_UBT_000000026597_22	UniRef100_A0A0D1LHC8~K07742	98.0	99	2	0	1	99	1	99	3.17e-64	194
Deepurify_Bin_3ΩT1_FOM_000000160532_12	UniRef100_A0A1X0UZN9~K02888	96.0	99	4	0	1	99	1	99	8.75e-62	188
Deepurify_Bin_4ΩT1_UBT_000000014333_22	UniRef100_A0A0D1LHC8~K07742	98.0	99	2	0	1	99	1	99	3.17e-64	194
Deepurify_Bin_2ΩT2_FOM_000000018066_41	UniRef100_B1MZA6~K02888	100	99	0	0	1	99	1	99	9.09e-64	193
Deepurify_Bin_3ΩT1_FOM_000000026211_10	UniRef100_A0A1X0UWU8~K02990	93.9	98	6	0	1	98	1	98	3.32e-61	187
Deepurify_Bin_3ΩT1_FOM_000000001097_1	UniRef100_F8LUT4~K15583	71.0	93	27	0	1	93	17	109	4.32e-44	144
Deepurify_Bin_2ΩT2_FOM_000000009452_19	UniRef100_B1MZH5~K07742	100	98	0	0	1	98	1	98	3.58e-65	197
Deepurify_Bin_2ΩT2_FOM_000000036960_59	UniRef100_B1MWV0~K02990	100	98	0	0	1	98	1	98	5.08e-65	196
Deepurify_Bin_1ΩT2_UBT_000000057430_6	UniRef100_J9YE97~K01646	74.2	97	25	0	1	97	1	97	2.52e-42	139
Deepurify_Bin_3ΩT1_FOM_000000152060_10	UniRef100_K0D6U8~K07166	78.9	90	19	0	1	90	1	90	5.01e-43	140
Deepurify_Bin_2ΩT2_FOM_000000029022_24	UniRef100_B1MWL9~K01646	99.0	97	1	0	1	97	1	97	2.97e-59	182
Deepurify_Bin_0ΩT2_UBT_000000034542_96	UniRef100_A0A0D1LLR6~K07461	100	96	0	0	1	96	1	96	7.58e-66	198
Deepurify_Bin_1ΩT2_UBT_000000041069_2	UniRef100_A0A0D1LLR6~K07461	89.6	96	10	0	1	96	1	96	5.36e-57	176
Deepurify_Bin_2ΩT2_FOM_000000050145_17	UniRef100_B1MW12~K02892	100	95	0	0	1	95	1	95	5.18e-59	181
Deepurify_Bin_0ΩT2_UBT_000000004216_23	UniRef100_D4M3Q0~K07473	42.1	76	43	1	9	84	5	79	5.68e-13	64.7
Deepurify_Bin_3ΩT1_FOM_000000026211_8	UniRef100_Q03UT3~K02963	98.9	94	1	0	1	94	1	94	1.19e-50	160
Deepurify_Bin_2ΩT2_FOM_000000036960_57	UniRef100_B1MWV2~K02963	100	94	0	0	1	94	1	94	5.87e-51	160
Deepurify_Bin_2ΩT2_FOM_000000080637_128	UniRef100_B1MVK9~K04078	100	94	0	0	1	94	1	94	1.68e-59	182
Deepurify_Bin_2ΩT2_FOM_000000050145_19	UniRef100_B1MW10~K02965	100	93	0	0	1	93	1	93	9.76e-63	190
Deepurify_Bin_2ΩT2_FOM_000000036960_71	UniRef100_B1MWT8~K06975	98.9	93	1	0	1	93	1	93	3.40e-63	191
Deepurify_Bin_2ΩT2_FOM_000000018066_81	UniRef100_B1MZ66~K07461	98.9	93	1	0	1	93	3	95	8.55e-62	188
Deepurify_Bin_0ΩT2_UBT_000000003155_21	UniRef100_A0A0D1KED1~K03530	100	92	0	0	1	92	1	92	5.50e-55	171
Deepurify_Bin_1ΩT2_UBT_000000001689_23	UniRef100_A0A0D1KED1~K03530	91.3	92	8	0	1	92	1	92	6.95e-49	155
Deepurify_Bin_4ΩT1_UBT_000000019564_22	UniRef100_A0A0D1KED1~K03530	91.3	92	8	0	1	92	1	92	6.95e-49	155
Deepurify_Bin_0ΩT2_UBT_000000057284_3	UniRef100_A0A0D1M9T4~K03530	100	91	0	0	1	91	1	91	3.74e-57	176
Deepurify_Bin_0ΩT2_UBT_000000025704_26	UniRef100_A0A0D1LZ82~K02888	100	92	0	0	1	92	1	92	7.29e-59	181
Deepurify_Bin_0ΩT2_UBT_000000034263_8	UniRef100_A0A0D1MBL8~K04078	100	91	0	0	1	91	1	91	2.53e-55	171
Deepurify_Bin_1ΩT2_UBT_000000006722_23	UniRef100_A0A0D1LZ82~K02888	98.9	92	1	0	1	92	1	92	2.97e-58	179
Deepurify_Bin_1ΩT2_UBT_000000080035_8	UniRef100_A0A0D1MBL8~K04078	98.9	91	1	0	1	91	1	91	1.03e-54	170
Deepurify_Bin_1ΩT2_UBT_000000057430_13	UniRef100_E6K203~K07473	40.5	84	48	1	5	86	2	85	2.22e-12	63.2
Deepurify_Bin_1ΩT2_UBT_000000039277_84	UniRef100_A0A0D1LWI8~K01512	79.5	88	18	0	4	91	3	90	5.58e-43	140
Deepurify_Bin_3ΩT1_FOM_000000118623_14	UniRef100_A0A1X0V988~K03530	95.6	91	4	0	1	91	1	91	2.85e-52	164
Deepurify_Bin_4ΩT1_UBT_000000000739_23	UniRef100_A0A0D1LZ82~K02888	98.9	92	1	0	1	92	1	92	2.97e-58	179
Deepurify_Bin_4ΩT1_UBT_000000027904_8	UniRef100_A0A0D1MBL8~K04078	98.9	91	1	0	1	91	1	91	1.03e-54	170
Deepurify_Bin_4ΩT1_UBT_000000019571_3	UniRef100_A0A1Q2D8R7~K03530	80.2	91	18	0	1	91	1	91	2.44e-44	144
Deepurify_Bin_2ΩT2_FOM_000000018066_379	UniRef100_B1MYB6~K03530	100	91	0	0	1	91	1	91	3.08e-56	174
Deepurify_Bin_0ΩT2_UBT_000000021322_21	UniRef100_A0A0D1LWI8~K01512	98.9	90	1	0	1	90	1	90	9.98e-57	175
Deepurify_Bin_3ΩT1_FOM_000000086418_23	UniRef100_Q03VF5~K01512	62.9	89	33	0	1	89	1	89	7.84e-36	122
Deepurify_Bin_2ΩT2_FOM_000000008711_17	UniRef100_B1MXI4~K01512	96.7	90	3	0	1	90	1	90	3.08e-60	184
Deepurify_Bin_2ΩT2_FOM_000000018066_97	UniRef100_B1MZ50~K07166	100	90	0	0	1	90	1	90	9.98e-57	175
Deepurify_Bin_3ΩT1_FOM_000000121584_2	UniRef100_B1MVN4~K11189	96.6	89	3	0	1	89	1	89	2.47e-52	164
Deepurify_Bin_3ΩT1_FOM_000000109664_3	UniRef100_B1N065~K02956	100	89	0	0	1	89	1	89	3.78e-56	173
Deepurify_Bin_3ΩT1_FOM_000000046715_14	UniRef100_C2KKP9~K01952	80.7	88	17	0	1	88	1	88	6.31e-46	147
Deepurify_Bin_2ΩT2_FOM_000000009452_22	UniRef100_B1MZH8~K02954	100	89	0	0	1	89	1	89	3.78e-56	173
Deepurify_Bin_2ΩT2_FOM_000000080637_153	UniRef100_B1MVN4~K11189	100	89	0	0	1	89	1	89	3.64e-54	168
Deepurify_Bin_2ΩT2_FOM_000000080637_32	UniRef100_B1N065~K02956	98.9	89	1	0	1	89	1	89	1.09e-55	172
Deepurify_Bin_3ΩT1_FOM_000000018306_7	UniRef100_Q03Z06~K02909	92.0	88	7	0	1	88	1	88	3.97e-53	166
Deepurify_Bin_4ΩT1_UBT_000000004550_20	UniRef100_A0A0D1JG78~K11189	98.9	88	1	0	1	88	1	88	9.37e-52	162
Deepurify_Bin_4ΩT1_UBT_000000021216_22	UniRef100_A0A0D1JG78~K11189	100	88	0	0	1	88	1	88	2.30e-52	164
Deepurify_Bin_2ΩT2_FOM_000000050145_24	UniRef100_B1MW05~K02961	100	88	0	0	1	88	1	88	2.04e-55	171
Deepurify_Bin_2ΩT2_FOM_000000008711_59	UniRef100_B1MXE3~K02909	100	88	0	0	1	88	1	88	1.81e-58	179
Deepurify_Bin_2ΩT2_FOM_000000018066_463	UniRef100_B1MY36~K01952	100	88	0	0	1	88	1	88	1.44e-55	172
Deepurify_Bin_0ΩT2_UBT_000000057182_7	UniRef100_Q38YB4~K03973	44.6	74	40	1	1	73	1	74	4.76e-13	64.3
Deepurify_Bin_3ΩT1_FOM_000000157512_15	UniRef100_Q03W40~K02221	82.8	87	15	0	1	87	1	87	1.57e-45	146
Deepurify_Bin_3ΩT1_FOM_000000070747_8	UniRef100_Q38YB4~K03973	54.1	74	27	1	5	78	4	70	1.62e-18	78.2
Deepurify_Bin_4ΩT1_UBT_000000021839_3	UniRef100_A0A0D1LNC9~K02221	82.1	78	14	0	8	85	7	84	2.52e-35	120
Deepurify_Bin_2ΩT2_FOM_000000018066_535	UniRef100_B1MXW5~K02221	100	87	0	0	1	87	1	87	2.70e-55	171
Deepurify_Bin_0ΩT2_UBT_000000019873_3	UniRef100_A0A0D1LNC9~K02221	98.8	86	1	0	1	86	1	86	2.24e-49	156
Deepurify_Bin_4ΩT1_UBT_000000016062_1	UniRef100_A0A0D1K6A4~K02968	98.8	84	1	0	3	86	1	84	2.78e-45	145
Deepurify_Bin_4ΩT1_UBT_000000001149_13	UniRef100_Q38YB4~K03973	47.9	73	35	2	1	70	1	73	7.50e-12	61.2
Deepurify_Bin_0ΩT2_UBT_000000027106_10	UniRef100_A0A0D1LYS1~K01952	97.6	85	2	0	1	85	1	85	6.22e-51	160
Deepurify_Bin_1ΩT2_UBT_000000011170_13	UniRef100_A0A075U656~K01952	71.4	84	24	0	1	84	1	84	1.25e-32	114
Deepurify_Bin_3ΩT1_FOM_000000109664_2	UniRef100_Q03VU7~K02968	95.2	83	4	0	1	83	1	83	9.73e-45	144
Deepurify_Bin_2ΩT2_FOM_000000080637_33	UniRef100_B1N066~K02968	100	83	0	0	1	83	1	83	7.11e-47	149
Deepurify_Bin_2ΩT2_FOM_000000018066_621	UniRef100_B1MXM9~K02078	100	83	0	0	1	83	1	83	6.31e-50	157
Deepurify_Bin_0ΩT2_UBT_000000031606_145	UniRef100_K0J2G4~K07483	42.2	83	43	2	3	80	9	91	9.82e-14	66.2
Deepurify_Bin_3ΩT1_FOM_000000081119_17	UniRef100_A0A1X0UZH1~K02078	91.5	82	7	0	1	82	1	82	3.16e-45	145
Deepurify_Bin_1ΩT2_UBT_000000065065_12	UniRef100_A0A0D1M1I3~K02963	100	80	0	0	2	81	1	80	3.08e-49	155
Deepurify_Bin_0ΩT2_UBT_000000041089_4	UniRef100_A0A0D1K6Q7~K02909	100	80	0	0	1	80	1	80	2.71e-54	168
Deepurify_Bin_1ΩT2_UBT_000000024381_13	UniRef100_A0A0D1K6Q7~K02909	97.5	80	2	0	1	80	1	80	3.72e-52	162
Deepurify_Bin_2ΩT2_FOM_000000008711_14	UniRef100_B1MXI7~K03075	100	80	0	0	1	80	1	80	4.04e-47	150
Deepurify_Bin_0ΩT2_UBT_000000016817_15	UniRef100_A0A0D1M651~K14188	100	79	0	0	1	79	1	79	6.74e-50	157
Deepurify_Bin_0ΩT2_UBT_000000026330_41	UniRef100_A0A0D1KB52~K02078	100	79	0	0	1	79	1	79	3.63e-45	145
Deepurify_Bin_1ΩT2_UBT_000000088512_10	UniRef100_A0A0D1M687~K02078	98.7	79	1	0	1	79	1	79	3.10e-46	147
Deepurify_Bin_1ΩT2_UBT_000000045364_13	UniRef100_A0A0D1M651~K14188	88.6	79	9	0	1	79	1	79	5.16e-45	144
Deepurify_Bin_1ΩT2_UBT_000000061643_30	UniRef100_A0A0D1KB52~K02078	94.9	79	4	0	1	79	1	79	3.50e-43	140
Deepurify_Bin_3ΩT1_FOM_000000154240_2	UniRef100_A0A1X0UUN3~K02078	98.7	79	1	0	1	79	1	79	6.04e-44	142
Deepurify_Bin_4ΩT1_UBT_000000024386_10	UniRef100_A0A0D1M687~K02078	98.7	79	1	0	1	79	1	79	3.10e-46	147
Deepurify_Bin_4ΩT1_UBT_000000004016_30	UniRef100_A0A0D1KB52~K02078	94.9	79	4	0	1	79	1	79	3.50e-43	140
Deepurify_Bin_2ΩT2_FOM_000000118331_10	UniRef100_B1MX83~K02078	100	79	0	0	1	79	1	79	7.33e-45	144
Deepurify_Bin_2ΩT2_FOM_000000018066_188	UniRef100_Q2AZX8~K07729	80.5	77	15	0	1	77	13	89	1.54e-37	126
Deepurify_Bin_0ΩT2_UBT_000000044357_16	UniRef100_A0A0D1KDR7~K06191	100	78	0	0	1	78	1	78	1.54e-50	158
Deepurify_Bin_0ΩT2_UBT_000000003960_37	UniRef100_A0A0D1MA18~K03075	100	78	0	0	1	78	1	78	3.96e-44	142
Deepurify_Bin_1ΩT2_UBT_000000011170_38	UniRef100_A0A0D1KDR7~K06191	87.2	78	10	0	1	78	1	78	4.81e-45	144
Deepurify_Bin_3ΩT1_FOM_000000086418_26	UniRef100_C2KHH1~K03075	89.7	78	8	0	1	78	1	78	1.89e-42	138
Deepurify_Bin_3ΩT1_FOM_000000039059_22	UniRef100_D5T593~K14188	89.7	78	8	0	1	78	1	78	9.35e-43	139
Deepurify_Bin_4ΩT1_UBT_000000001140_35	UniRef100_A0A0D1MA18~K03075	98.7	78	1	0	1	78	1	78	1.14e-43	141
Deepurify_Bin_2ΩT2_FOM_000000038108_56	UniRef100_B1MZW0~K14188	100	78	0	0	1	78	1	78	2.47e-47	150
Deepurify_Bin_4ΩT1_UBT_000000015332_11	UniRef100_B2GEV0~K14761	63.8	69	25	0	1	69	1	69	3.08e-24	92.0
Deepurify_Bin_2ΩT2_FOM_000000018066_78	UniRef100_B1MZ69~K09976	100	77	0	0	1	77	1	77	2.76e-14	67.0
Deepurify_Bin_0ΩT2_UBT_000000039885_71	UniRef100_A0A0D1LJA0~K09888	100	76	0	0	1	76	1	76	1.76e-46	148
Deepurify_Bin_1ΩT2_UBT_000000001689_6	UniRef100_A0A0D1JIK7~K03060	95.7	70	3	0	1	70	1	70	3.94e-40	132
Deepurify_Bin_1ΩT2_UBT_000000034986_6	UniRef100_A0A0D1LJA0~K09888	83.6	73	12	0	1	73	1	73	9.92e-35	118
Deepurify_Bin_3ΩT1_FOM_000000016860_36	UniRef100_A0A1X0UVY6~K06191	88.2	76	9	0	1	76	1	76	6.94e-44	141
Deepurify_Bin_4ΩT1_UBT_000000019564_5	UniRef100_A0A0D1JIK7~K03060	95.7	70	3	0	1	70	1	70	3.94e-40	132
Deepurify_Bin_2ΩT2_FOM_000000050145_52	UniRef100_B1MVX7~K06191	100	76	0	0	1	76	1	76	9.06e-49	154
Deepurify_Bin_2ΩT2_FOM_000000080637_2	UniRef100_B1N036~K07729	97.4	76	2	0	1	76	1	76	4.88e-44	142
Deepurify_Bin_3ΩT1_FOM_000000070293_10	UniRef100_J9YLE7~K02110	94.7	75	4	0	1	75	1	75	8.90e-33	113
Deepurify_Bin_2ΩT2_FOM_000000040107_59	UniRef100_J9YLE7~K02110	100	75	0	0	1	75	1	75	2.76e-36	122
Deepurify_Bin_3ΩT1_FOM_000000115096_8	UniRef100_C2KKR9~K03704	79.7	74	15	0	1	74	1	74	1.95e-40	132
Deepurify_Bin_2ΩT2_FOM_000000038108_155	UniRef100_B1MZK9~K03704	100	74	0	0	1	74	1	74	7.86e-49	154
Deepurify_Bin_2ΩT2_FOM_000000018066_589	UniRef100_B1MXR1~K03602	100	74	0	0	1	74	1	74	2.46e-43	140
Deepurify_Bin_0ΩT2_UBT_000000044357_27	UniRef100_A0A0D1JD21~K03704	100	73	0	0	1	73	1	73	2.88e-46	147
Deepurify_Bin_1ΩT2_UBT_000000011170_49	UniRef100_A0A0D1JD21~K03704	94.0	67	4	0	1	67	1	67	1.82e-40	132
Deepurify_Bin_0ΩT2_UBT_000000003155_12	UniRef100_A0A0D1LLH9~K03602	100	72	0	0	1	72	1	72	1.19e-40	133
Deepurify_Bin_1ΩT2_UBT_000000001689_13	UniRef100_A0A0D1LLH9~K03602	91.5	71	6	0	1	71	1	71	2.24e-36	122
Deepurify_Bin_4ΩT1_UBT_000000019564_12	UniRef100_A0A0D1LLH9~K03602	91.5	71	6	0	1	71	1	71	2.24e-36	122
Deepurify_Bin_0ΩT2_UBT_000000003155_5	UniRef100_A0A0D1JIK7~K03060	100	71	0	0	1	71	1	71	4.02e-43	139
Deepurify_Bin_3ΩT1_FOM_000000075080_12	UniRef100_Q03ZM4~K02518	100	71	0	0	1	71	1	71	2.42e-44	142
Deepurify_Bin_4ΩT1_UBT_000000006312_3	UniRef100_A0A0D1M365~K02518	100	71	0	0	1	71	1	71	6.93e-44	141
Deepurify_Bin_2ΩT2_FOM_000000050145_36	UniRef100_Q03ZM4~K02518	100	71	0	0	1	71	1	71	2.42e-44	142
Deepurify_Bin_0ΩT2_UBT_000000021322_80	UniRef100_A0A178HJ48~K07729	56.9	65	28	0	3	67	2	66	8.03e-20	80.5
Deepurify_Bin_2ΩT2_FOM_000000008711_4	UniRef100_B1MXJ7~K03060	100	70	0	0	1	70	1	70	5.14e-41	134
Deepurify_Bin_2ΩT2_FOM_000000050145_23	UniRef100_B1MW06~K02904	100	68	0	0	1	68	1	68	2.41e-36	122
Deepurify_Bin_2ΩT2_FOM_000000080637_199	UniRef100_B1MVS8~K07729	98.5	68	1	0	1	68	17	84	2.37e-39	130
Deepurify_Bin_3ΩT1_FOM_000000070747_19	UniRef100_D5T1N2~K07729	92.4	66	5	0	1	66	1	66	4.24e-36	121
Deepurify_Bin_3ΩT1_FOM_000000070293_5	UniRef100_A0A1X0V631~K03704	90.9	66	6	0	1	66	1	66	5.33e-39	128
Deepurify_Bin_3ΩT1_FOM_000000028014_3	UniRef100_Q03W24~K02902	100	66	0	0	1	66	1	66	2.64e-39	129
Deepurify_Bin_2ΩT2_FOM_000000153740_85	UniRef100_B1MWH8~K07729	95.5	66	3	0	1	66	1	66	2.46e-35	119
Deepurify_Bin_2ΩT2_FOM_000000080637_243	UniRef100_B1MVX1~K03704	100	66	0	0	1	66	1	66	9.52e-42	135
Deepurify_Bin_2ΩT2_FOM_000000018066_551	UniRef100_B1MXU9~K02902	100	66	0	0	1	66	1	66	7.57e-39	128
Deepurify_Bin_2ΩT2_FOM_000000018066_500	UniRef100_B1MXZ9~K02916	100	65	0	0	1	65	1	65	1.18e-37	125
Deepurify_Bin_1ΩT2_UBT_000000026597_5	UniRef100_A0A1L6RB87~K07729	67.2	61	20	0	1	61	1	61	1.15e-23	89.7
Deepurify_Bin_4ΩT1_UBT_000000014333_5	UniRef100_A0A1L6RB87~K07729	67.2	61	20	0	1	61	1	61	1.15e-23	89.7
Deepurify_Bin_0ΩT2_UBT_000000082639_5	UniRef100_A0A0D1LYH0~K01821	100	61	0	0	1	61	1	61	7.35e-37	122
Deepurify_Bin_3ΩT1_FOM_000000118623_1	UniRef100_B1MYA3~K02970	100	61	0	0	1	61	1	61	2.80e-32	111
Deepurify_Bin_3ΩT1_FOM_000000050423_3	UniRef100_J9YJL3~K01821	95.1	61	3	0	1	61	1	61	5.00e-35	118
Deepurify_Bin_4ΩT1_UBT_000000015941_4	UniRef100_A0A0D1LYH0~K01821	100	61	0	0	1	61	1	61	7.35e-37	122
Deepurify_Bin_2ΩT2_FOM_000000038108_167	UniRef100_B1MZJ8~K01821	100	61	0	0	1	61	1	61	1.05e-36	122
Deepurify_Bin_2ΩT2_FOM_000000018066_392	UniRef100_B1MYA3~K02970	100	61	0	0	1	61	1	61	2.80e-32	111
Deepurify_Bin_3ΩT1_FOM_000000075080_16	UniRef100_Q03ZM8~K02907	98.3	60	1	0	1	60	1	60	7.77e-34	115
Deepurify_Bin_2ΩT2_FOM_000000050145_32	UniRef100_B1MVZ7~K02907	100	60	0	0	1	60	1	60	3.85e-34	115
Deepurify_Bin_3ΩT1_FOM_000000016860_18	UniRef100_J9YIG4~K03073	76.8	56	13	0	1	56	1	56	1.36e-24	91.7
Deepurify_Bin_0ΩT2_UBT_000000032422_11	UniRef100_D4FZ93~K01607	67.9	53	17	0	1	53	1	53	6.87e-19	77.4
Deepurify_Bin_2ΩT2_FOM_000000080637_217	UniRef100_B1MVU6~K03073	100	57	0	0	1	57	1	57	1.09e-34	117
Deepurify_Bin_0ΩT2_UBT_000000045448_17	UniRef100_A0A0D1JM58~K07473	100	56	0	0	1	56	1	56	1.64e-31	108
Deepurify_Bin_1ΩT2_UBT_000000001845_9	UniRef100_A0A0D1JRB6~K03073	100	56	0	0	1	56	1	56	7.17e-35	117
Deepurify_Bin_1ΩT2_UBT_000000020635_24	UniRef100_A0A0D1JRB6~K03073	94.6	56	3	0	1	56	1	56	3.43e-33	113
Deepurify_Bin_1ΩT2_UBT_000000082767_17	UniRef100_A0A0D1JM58~K07473	100	56	0	0	1	56	1	56	1.64e-31	108
Deepurify_Bin_4ΩT1_UBT_000000015629_24	UniRef100_A0A0D1JRB6~K03073	94.6	56	3	0	1	56	1	56	3.43e-33	113
Deepurify_Bin_4ΩT1_UBT_000000021216_10	UniRef100_A0A1L6RA19~K07473	75.0	56	14	0	1	56	1	56	6.81e-22	84.7
Deepurify_Bin_4ΩT1_UBT_000000004766_17	UniRef100_A0A0D1JM58~K07473	100	56	0	0	1	56	1	56	1.64e-31	108
Deepurify_Bin_2ΩT2_FOM_000000038108_125	UniRef100_B1MZN8~K02911	100	56	0	0	1	56	1	56	2.06e-34	116
Deepurify_Bin_4ΩT1_UBT_000000004550_10	UniRef100_A0A1L6RA19~K07473	79.6	54	11	0	1	54	1	54	5.57e-23	87.4
Deepurify_Bin_1ΩT2_UBT_000000001845_8	UniRef100_J1GL44~K02913	79.6	49	10	0	1	49	1	49	1.27e-23	88.6
Deepurify_Bin_1ΩT2_UBT_000000020635_23	UniRef100_J1GL44~K02913	79.6	49	10	0	1	49	1	49	1.27e-23	88.6
Deepurify_Bin_3ΩT1_FOM_000000062405_25	UniRef100_Q03WG8~K02913	100	49	0	0	1	49	1	49	5.56e-27	97.1
Deepurify_Bin_4ΩT1_UBT_000000015629_23	UniRef100_J1GL44~K02913	79.6	49	10	0	1	49	1	49	1.27e-23	88.6
Deepurify_Bin_2ΩT2_FOM_000000009452_23	UniRef100_Q03WG8~K02913	100	49	0	0	1	49	1	49	5.56e-27	97.1
Deepurify_Bin_2ΩT2_FOM_000000080637_218	UniRef100_K0D8I0~K02913	93.9	49	3	0	1	49	1	49	9.59e-28	99.0
Deepurify_Bin_3ΩT1_FOM_000000153174_6	UniRef100_B1MWS4~K02914	100	44	0	0	1	44	1	44	7.33e-21	81.3
Deepurify_Bin_2ΩT2_FOM_000000153740_18	UniRef100_B1MWS4~K02914	100	44	0	0	1	44	1	44	7.33e-21	81.3
Deepurify_Bin_4ΩT1_UBT_000000006312_4	UniRef100_A0A0D1MBU7~K02919	100	39	0	0	1	39	1	39	6.47e-22	83.6
