locus_tag	ftype	length_bp	gene	EC_number	COG	product
FOM_1_00001	gene	1548				
FOM_1_00001	CDS	1548				hypothetical protein
FOM_1_00002	gene	2988				
FOM_1_00002	CDS	2988				hypothetical protein
FOM_1_00003	gene	603				
FOM_1_00003	CDS	603				hypothetical protein
FOM_1_00004	gene	348				
FOM_1_00004	CDS	348				hypothetical protein
FOM_1_00005	gene	336				
FOM_1_00005	CDS	336				hypothetical protein
FOM_1_00006	gene	1293				
FOM_1_00006	CDS	1293				hypothetical protein
FOM_1_00007	gene	162				
FOM_1_00007	CDS	162				hypothetical protein
FOM_1_00008	gene	240				
FOM_1_00008	CDS	240				hypothetical protein
FOM_1_00009	gene	270				
FOM_1_00009	CDS	270				hypothetical protein
FOM_1_00010	gene	1260				
FOM_1_00010	CDS	1260				hypothetical protein
FOM_1_00011	gene	1119	xerC_1			
FOM_1_00011	CDS	1119	xerC_1			Tyrosine recombinase XerC
FOM_1_00012	gene	1038	queA			
FOM_1_00012	CDS	1038	queA	2.4.99.17	COG0809	S-adenosylmethionine:tRNA ribosyltransferase-isomerase
FOM_1_00013	gene	312				
FOM_1_00013	CDS	312				hypothetical protein
FOM_1_00014	gene	1173				
FOM_1_00014	CDS	1173				hypothetical protein
FOM_1_00015	gene	4857				
FOM_1_00015	CDS	4857				hypothetical protein
FOM_1_00016	gene	756				
FOM_1_00016	CDS	756				hypothetical protein
FOM_1_00017	gene	759				
FOM_1_00017	CDS	759				hypothetical protein
FOM_1_00018	gene	792				
FOM_1_00018	CDS	792				hypothetical protein
FOM_1_00019	gene	846				
FOM_1_00019	CDS	846				hypothetical protein
FOM_1_00020	gene	306				
FOM_1_00020	CDS	306				hypothetical protein
FOM_1_00021	gene	618				
FOM_1_00021	CDS	618				hypothetical protein
FOM_1_00022	gene	171				
FOM_1_00022	CDS	171				hypothetical protein
FOM_1_00023	gene	1314	obg			
FOM_1_00023	CDS	1314	obg	3.6.5.-	COG0536	GTPase Obg
FOM_1_00024	gene	1179	divIB			
FOM_1_00024	CDS	1179	divIB			Cell division protein DivIB
FOM_1_00025	gene	1074	murG			
FOM_1_00025	CDS	1074	murG	2.4.1.227	COG0707	UDP-N-acetylglucosamine--N-acetylmuramyl-(pentapeptide) pyrophosphoryl-undecaprenol N-acetylglucosamine transferase
FOM_1_00026	gene	1353	murD			
FOM_1_00026	CDS	1353	murD	6.3.2.9	COG0771	UDP-N-acetylmuramoylalanine--D-glutamate ligase
FOM_1_00027	gene	342	glnB			
FOM_1_00027	CDS	342	glnB		COG0347	Nitrogen regulatory protein P-II
FOM_1_00028	gene	1242	nrgA			
FOM_1_00028	CDS	1242	nrgA			Ammonium transporter
FOM_1_00029	gene	1476	arlS_1			
FOM_1_00029	CDS	1476	arlS_1	2.7.13.3		Signal transduction histidine-protein kinase ArlS
FOM_1_00030	gene	693	arlR_1			
FOM_1_00030	CDS	693	arlR_1		COG0745	Response regulator ArlR
FOM_1_00031	gene	531				
FOM_1_00031	CDS	531				hypothetical protein
FOM_1_00032	gene	246	rpmE2			
FOM_1_00032	CDS	246	rpmE2		COG0254	50S ribosomal protein L31 type B
FOM_1_00033	gene	408				
FOM_1_00033	CDS	408				hypothetical protein
FOM_1_00034	gene	363				
FOM_1_00034	CDS	363				hypothetical protein
FOM_1_00035	gene	912				
FOM_1_00035	CDS	912				hypothetical protein
FOM_1_00036	gene	837	ypbG			
FOM_1_00036	CDS	837	ypbG		COG1408	putative protein YpbG
FOM_1_00037	gene	855				
FOM_1_00037	CDS	855				hypothetical protein
FOM_1_00038	gene	1074	carA			
FOM_1_00038	CDS	1074	carA	6.3.5.5		Carbamoyl-phosphate synthase small chain
FOM_1_00039	gene	933	pyrB			
FOM_1_00039	CDS	933	pyrB	2.1.3.2	COG0540	Aspartate carbamoyltransferase
FOM_1_00040	gene	1293	pyrP			
FOM_1_00040	CDS	1293	pyrP			Uracil permease
FOM_1_00041	gene	522	pyrR			
FOM_1_00041	CDS	522	pyrR		COG2065	Bifunctional protein PyrR
FOM_1_00042	gene	699				
FOM_1_00042	CDS	699				hypothetical protein
FOM_1_00043	gene	300	ziaR			
FOM_1_00043	CDS	300	ziaR			Transcriptional repressor SmtB 
FOM_1_00044	gene	915	czcD			
FOM_1_00044	CDS	915	czcD		COG1230	Cadmium, cobalt and zinc/H(+)-K(+) antiporter
FOM_1_00045	gene	1242	proA			
FOM_1_00045	CDS	1242	proA	1.2.1.41	COG0014	Gamma-glutamyl phosphate reductase
FOM_1_00046	gene	813	proB			
FOM_1_00046	CDS	813	proB	2.7.2.11	COG0263	Glutamate 5-kinase 1
FOM_1_00047	gene	1473				
FOM_1_00047	CDS	1473				hypothetical protein
FOM_1_00048	gene	225				
FOM_1_00048	CDS	225				hypothetical protein
FOM_1_00049	gene	327				
FOM_1_00049	CDS	327				hypothetical protein
FOM_1_00050	gene	708	ygaZ			
FOM_1_00050	CDS	708	ygaZ		COG1296	Inner membrane protein YgaZ
FOM_1_00051	gene	576				
FOM_1_00051	CDS	576				hypothetical protein
FOM_1_00052	gene	543	speG			
FOM_1_00052	CDS	543	speG	2.3.1.57		Spermidine N(1)-acetyltransferase
FOM_1_00053	gene	1554	ffh			
FOM_1_00053	CDS	1554	ffh		COG0541	Signal recognition particle protein
FOM_1_00054	gene	3219				
FOM_1_00054	CDS	3219				hypothetical protein
FOM_1_00055	gene	1713	rnj2			
FOM_1_00055	CDS	1713	rnj2	3.1.-.-		Ribonuclease J 2
FOM_1_00056	gene	672	sapB			
FOM_1_00056	CDS	672	sapB		COG1285	Protein SapB
FOM_1_00057	gene	894	dapA			
FOM_1_00057	CDS	894	dapA	4.3.3.7	COG0329	4-hydroxy-tetrahydrodipicolinate synthase
FOM_1_00058	gene	456	rppH_1			
FOM_1_00058	CDS	456	rppH_1	3.6.1.-		RNA pyrophosphohydrolase
FOM_1_00059	gene	1077	asd			
FOM_1_00059	CDS	1077	asd	1.2.1.11	COG0136	Aspartate-semialdehyde dehydrogenase
FOM_1_00060	gene	864	gla_1			
FOM_1_00060	CDS	864	gla_1		COG0580	Glycerol facilitator-aquaporin gla
FOM_1_00061	gene	255				
FOM_1_00061	CDS	255				hypothetical protein
FOM_1_00062	gene	1977	tkt			
FOM_1_00062	CDS	1977	tkt	2.2.1.1		Transketolase
FOM_1_00063	gene	1008				
FOM_1_00063	CDS	1008				hypothetical protein
FOM_1_00064	gene	375				
FOM_1_00064	CDS	375				hypothetical protein
FOM_1_00065	gene	300				
FOM_1_00065	CDS	300				hypothetical protein
FOM_1_00066	gene	987				
FOM_1_00066	CDS	987				hypothetical protein
FOM_1_00067	gene	918				
FOM_1_00067	CDS	918				hypothetical protein
FOM_1_00068	gene	642	kdgA			
FOM_1_00068	CDS	642	kdgA		COG0800	KHG/KDPG aldolase
FOM_1_00069	gene	951	kdgK			
FOM_1_00069	CDS	951	kdgK	2.7.1.45	COG0524	2-dehydro-3-deoxygluconokinase
FOM_1_00070	gene	1419	uxaC			
FOM_1_00070	CDS	1419	uxaC	5.3.1.12	COG1904	Uronate isomerase
FOM_1_00071	gene	894	lacX_1			
FOM_1_00071	CDS	894	lacX_1			Protein LacX, plasmid
FOM_1_00072	gene	1527				
FOM_1_00072	CDS	1527				hypothetical protein
FOM_1_00073	gene	1077	uxuA			
FOM_1_00073	CDS	1077	uxuA	4.2.1.8	COG1312	Mannonate dehydratase
FOM_1_00074	gene	1635	por			
FOM_1_00074	CDS	1635	por	1.1.1.-	COG0246	Polyol:NADP oxidoreductase
FOM_1_00075	gene	684	rspR			
FOM_1_00075	CDS	684	rspR		COG1802	HTH-type transcriptional repressor RspR
FOM_1_00076	gene	1431				
FOM_1_00076	CDS	1431				hypothetical protein
FOM_1_00077	gene	74				
FOM_1_00077	tRNA	74				tRNA-Met(cat)
FOM_1_00078	gene	201	cspC_1			
FOM_1_00078	CDS	201	cspC_1		COG1278	Cold shock protein CspC
FOM_1_00079	gene	144				
FOM_1_00079	CDS	144				hypothetical protein
FOM_1_00080	gene	2628				
FOM_1_00080	CDS	2628				hypothetical protein
FOM_1_00081	gene	150				
FOM_1_00081	CDS	150				hypothetical protein
FOM_1_00082	gene	1047				
FOM_1_00082	CDS	1047		1.1.1.1	COG1063	putative zinc-binding alcohol dehydrogenase
FOM_1_00083	gene	270				
FOM_1_00083	CDS	270				hypothetical protein
FOM_1_00084	gene	708				
FOM_1_00084	CDS	708				hypothetical protein
FOM_1_00085	gene	936	pyrDA			
FOM_1_00085	CDS	936	pyrDA	1.3.98.1	COG0167	Dihydroorotate dehydrogenase A (fumarate)
FOM_1_00086	gene	552	msrA2_1			
FOM_1_00086	CDS	552	msrA2_1	1.8.4.11		Peptide methionine sulfoxide reductase MsrA 2
FOM_1_00087	gene	975	iolU_1			
FOM_1_00087	CDS	975	iolU_1	1.1.1.371	COG0673	scyllo-inositol 2-dehydrogenase (NADP(+)) IolU
FOM_1_00088	gene	183				
FOM_1_00088	CDS	183				hypothetical protein
FOM_1_00089	gene	1872	ettA_1			
FOM_1_00089	CDS	1872	ettA_1		COG0488	Energy-dependent translational throttle protein EttA
FOM_1_00090	gene	975	hdfR_1			
FOM_1_00090	CDS	975	hdfR_1			HTH-type transcriptional regulator HdfR
FOM_1_00091	gene	1077	hcxA			
FOM_1_00091	CDS	1077	hcxA	1.1.1.-	COG0371	Hydroxycarboxylate dehydrogenase A
FOM_1_00092	gene	411				
FOM_1_00092	CDS	411				hypothetical protein
FOM_1_00093	gene	1425	pepDA_1			
FOM_1_00093	CDS	1425	pepDA_1	3.4.-.-	COG4690	Dipeptidase A
FOM_1_00094	gene	1236	cca			
FOM_1_00094	CDS	1236	cca	2.7.7.72		CCA-adding enzyme
FOM_1_00095	gene	537				
FOM_1_00095	CDS	537				hypothetical protein
FOM_1_00096	gene	783	dapB			
FOM_1_00096	CDS	783	dapB	1.17.1.8	COG0289	4-hydroxy-tetrahydrodipicolinate reductase
FOM_1_00097	gene	846				
FOM_1_00097	CDS	846			COG1307	DegV domain-containing protein
FOM_1_00098	gene	393				
FOM_1_00098	CDS	393				hypothetical protein
FOM_1_00099	gene	756	trmD			
FOM_1_00099	CDS	756	trmD	2.1.1.228		tRNA (guanine-N(1)-)-methyltransferase
FOM_1_00100	gene	516	rimM			
FOM_1_00100	CDS	516	rimM			Ribosome maturation factor RimM
FOM_1_00101	gene	783	proC_1			
FOM_1_00101	CDS	783	proC_1	1.5.1.2	COG0345	Pyrroline-5-carboxylate reductase
FOM_1_00102	gene	996				
FOM_1_00102	CDS	996				hypothetical protein
FOM_1_00103	gene	960	rhaR			
FOM_1_00103	CDS	960	rhaR			HTH-type transcriptional activator RhaR
FOM_1_00104	gene	855	ytpA			
FOM_1_00104	CDS	855	ytpA	3.1.1.-	COG2267	Phospholipase YtpA
FOM_1_00105	gene	945	hemH			
FOM_1_00105	CDS	945	hemH	4.99.1.1	COG0276	Ferrochelatase
FOM_1_00106	gene	240				
FOM_1_00106	CDS	240				hypothetical protein
FOM_1_00107	gene	273	rpsP			
FOM_1_00107	CDS	273	rpsP		COG0228	30S ribosomal protein S16
FOM_1_00108	gene	1212	mvaA			
FOM_1_00108	CDS	1212	mvaA	1.1.1.88		3-hydroxy-3-methylglutaryl-coenzyme A reductase
FOM_1_00109	gene	1140	thlA			
FOM_1_00109	CDS	1140	thlA	2.3.1.9	COG0183	Acetyl-CoA acetyltransferase
FOM_1_00110	gene	1155	mvaS			
FOM_1_00110	CDS	1155	mvaS	2.3.3.10	COG3425	Hydroxymethylglutaryl-CoA synthase
FOM_1_00111	gene	708	nagB			
FOM_1_00111	CDS	708	nagB	3.5.99.6	COG0363	Glucosamine-6-phosphate deaminase
FOM_1_00112	gene	960	menH_1			
FOM_1_00112	CDS	960	menH_1	4.2.99.20		2-succinyl-6-hydroxy-2,4-cyclohexadiene-1-carboxylate synthase
FOM_1_00113	gene	168				
FOM_1_00113	CDS	168				hypothetical protein
FOM_1_00114	gene	834	catE			
FOM_1_00114	CDS	834	catE	1.13.11.2	COG2514	Catechol-2,3-dioxygenase
FOM_1_00115	gene	765				
FOM_1_00115	CDS	765				hypothetical protein
FOM_1_00116	gene	906				
FOM_1_00116	CDS	906				hypothetical protein
FOM_1_00117	gene	222				
FOM_1_00117	CDS	222				hypothetical protein
FOM_1_00118	gene	471	nsrR			
FOM_1_00118	CDS	471	nsrR			HTH-type transcriptional repressor NsrR
FOM_1_00119	gene	1014	gap_1			
FOM_1_00119	CDS	1014	gap_1	1.2.1.12	COG0057	Glyceraldehyde-3-phosphate dehydrogenase
FOM_1_00120	gene	636	def			
FOM_1_00120	CDS	636	def	3.5.1.88	COG0242	Peptide deformylase
FOM_1_00121	gene	456	rppH_2			
FOM_1_00121	CDS	456	rppH_2	3.6.1.-	COG0494	RNA pyrophosphohydrolase
FOM_1_00122	gene	2079	uvrB			
FOM_1_00122	CDS	2079	uvrB		COG0556	UvrABC system protein B
FOM_1_00123	gene	822	artP			
FOM_1_00123	CDS	822	artP		COG0834	Arginine-binding extracellular protein ArtP
FOM_1_00124	gene	1119	argE			
FOM_1_00124	CDS	1119	argE	3.5.1.16	COG0624	Acetylornithine deacetylase
FOM_1_00125	gene	456	fabZ_1			
FOM_1_00125	CDS	456	fabZ_1	4.2.1.59	COG0764	3-hydroxyacyl-[acyl-carrier-protein] dehydratase FabZ
FOM_1_00126	gene	753	fabI			
FOM_1_00126	CDS	753	fabI	1.3.1.9	COG0623	Enoyl-[acyl-carrier-protein] reductase [NADH] FabI
FOM_1_00127	gene	963	yidC			
FOM_1_00127	CDS	963	yidC			Membrane protein insertase YidC
FOM_1_00128	gene	759				
FOM_1_00128	CDS	759				hypothetical protein
FOM_1_00129	gene	591	panT			
FOM_1_00129	CDS	591	panT		COG4684	Pantothenic acid transporter PanT
FOM_1_00130	gene	537	coaBC_1			
FOM_1_00130	CDS	537	coaBC_1		COG0452	Coenzyme A biosynthesis bifunctional protein CoaBC
FOM_1_00131	gene	696	coaBC_2			
FOM_1_00131	CDS	696	coaBC_2		COG0452	Coenzyme A biosynthesis bifunctional protein CoaBC
FOM_1_00132	gene	186	xylH			
FOM_1_00132	CDS	186	xylH	5.3.2.6		2-hydroxymuconate tautomerase
FOM_1_00133	gene	2328	ctpE_1			
FOM_1_00133	CDS	2328	ctpE_1	7.2.2.10	COG0474	Calcium-transporting ATPase CtpE
FOM_1_00134	gene	444	yjaB			
FOM_1_00134	CDS	444	yjaB	2.3.1.-	COG0454	Peptidyl-lysine N-acetyltransferase YjaB
FOM_1_00135	gene	1026				
FOM_1_00135	CDS	1026				hypothetical protein
FOM_1_00136	gene	594				
FOM_1_00136	CDS	594				hypothetical protein
FOM_1_00137	gene	483				
FOM_1_00137	CDS	483				hypothetical protein
FOM_1_00138	gene	402				
FOM_1_00138	CDS	402				hypothetical protein
FOM_1_00139	gene	1797				
FOM_1_00139	CDS	1797				hypothetical protein
FOM_1_00140	gene	774				
FOM_1_00140	CDS	774				hypothetical protein
FOM_1_00141	gene	363				
FOM_1_00141	CDS	363				hypothetical protein
FOM_1_00142	gene	369				
FOM_1_00142	CDS	369				hypothetical protein
FOM_1_00143	gene	285				
FOM_1_00143	CDS	285				hypothetical protein
FOM_1_00144	gene	699				
FOM_1_00144	CDS	699				putative protein
FOM_1_00145	gene	351				
FOM_1_00145	CDS	351				hypothetical protein
FOM_1_00146	gene	1467	dinB_1			
FOM_1_00146	CDS	1467	dinB_1	2.7.7.7		DNA polymerase IV
FOM_1_00147	gene	534				
FOM_1_00147	CDS	534				hypothetical protein
FOM_1_00148	gene	432				
FOM_1_00148	CDS	432				hypothetical protein
FOM_1_00149	gene	414				
FOM_1_00149	CDS	414				Organic hydroperoxide resistance protein-like protein
FOM_1_00150	gene	354				
FOM_1_00150	CDS	354				hypothetical protein
FOM_1_00151	gene	1113	mnaA_1			
FOM_1_00151	CDS	1113	mnaA_1	5.1.3.14	COG0381	UDP-N-acetylglucosamine 2-epimerase
FOM_1_00152	gene	846				
FOM_1_00152	CDS	846				hypothetical protein
FOM_1_00153	gene	1317				
FOM_1_00153	CDS	1317				hypothetical protein
FOM_1_00154	gene	1116				
FOM_1_00154	CDS	1116		3.2.1.4		Endoglucanase
FOM_1_00155	gene	243				
FOM_1_00155	CDS	243				hypothetical protein
FOM_1_00156	gene	153				
FOM_1_00156	CDS	153				hypothetical protein
FOM_1_00157	gene	729				
FOM_1_00157	CDS	729				hypothetical protein
FOM_1_00158	gene	858	btuD_1			
FOM_1_00158	CDS	858	btuD_1	7.6.2.8		Vitamin B12 import ATP-binding protein BtuD
FOM_1_00159	gene	369				
FOM_1_00159	CDS	369				hypothetical protein
FOM_1_00160	gene	74				
FOM_1_00160	tRNA	74				tRNA-Met(cat)
FOM_1_00161	gene	201				
FOM_1_00161	CDS	201				hypothetical protein
FOM_1_00162	gene	201	cspLA_1			
FOM_1_00162	CDS	201	cspLA_1		COG1278	Cold shock-like protein CspLA
FOM_1_00163	gene	201	cspLA_2			
FOM_1_00163	CDS	201	cspLA_2		COG1278	Cold shock-like protein CspLA
FOM_1_00164	gene	240				
FOM_1_00164	CDS	240				hypothetical protein
FOM_1_00165	gene	561				
FOM_1_00165	CDS	561				hypothetical protein
FOM_1_00166	gene	189				
FOM_1_00166	CDS	189				hypothetical protein
FOM_1_00167	gene	552				
FOM_1_00167	CDS	552				Stress response regulator gls24 
FOM_1_00168	gene	951				
FOM_1_00168	CDS	951				hypothetical protein
FOM_1_00169	gene	930	ceo			
FOM_1_00169	CDS	930	ceo	1.5.1.24		N(5)-(carboxyethyl)ornithine synthase
FOM_1_00170	gene	957				
FOM_1_00170	CDS	957				hypothetical protein
FOM_1_00171	gene	447				
FOM_1_00171	CDS	447				hypothetical protein
FOM_1_00172	gene	576				
FOM_1_00172	CDS	576				hypothetical protein
FOM_1_00173	gene	348				
FOM_1_00173	CDS	348				hypothetical protein
FOM_1_00174	gene	321				
FOM_1_00174	CDS	321				hypothetical protein
FOM_1_00175	gene	1077				
FOM_1_00175	CDS	1077				hypothetical protein
FOM_1_00176	gene	300				
FOM_1_00176	CDS	300				hypothetical protein
FOM_1_00177	gene	477				
FOM_1_00177	CDS	477				hypothetical protein
FOM_1_00178	gene	1683				
FOM_1_00178	CDS	1683				hypothetical protein
FOM_1_00179	gene	1170				
FOM_1_00179	CDS	1170				hypothetical protein
FOM_1_00180	gene	2082				
FOM_1_00180	CDS	2082				hypothetical protein
FOM_1_00181	gene	1218				
FOM_1_00181	CDS	1218				hypothetical protein
FOM_1_00182	gene	120				
FOM_1_00182	CDS	120				hypothetical protein
FOM_1_00183	gene	330				
FOM_1_00183	CDS	330				hypothetical protein
FOM_1_00184	gene	312				
FOM_1_00184	CDS	312				hypothetical protein
FOM_1_00185	gene	261				
FOM_1_00185	CDS	261				hypothetical protein
FOM_1_00186	gene	648				
FOM_1_00186	CDS	648				hypothetical protein
FOM_1_00187	gene	2430				
FOM_1_00187	CDS	2430				hypothetical protein
FOM_1_00188	gene	192				
FOM_1_00188	CDS	192				hypothetical protein
FOM_1_00189	gene	201				
FOM_1_00189	CDS	201				hypothetical protein
FOM_1_00190	gene	309				
FOM_1_00190	CDS	309				hypothetical protein
FOM_1_00191	gene	912				
FOM_1_00191	CDS	912				hypothetical protein
FOM_1_00192	gene	264				
FOM_1_00192	CDS	264				hypothetical protein
FOM_1_00193	gene	411				
FOM_1_00193	CDS	411				hypothetical protein
FOM_1_00194	gene	2604				
FOM_1_00194	CDS	2604				hypothetical protein
FOM_1_00195	gene	2163				
FOM_1_00195	CDS	2163				hypothetical protein
FOM_1_00196	gene	1044				
FOM_1_00196	CDS	1044				hypothetical protein
FOM_1_00197	gene	228				
FOM_1_00197	CDS	228				hypothetical protein
FOM_1_00198	gene	327				
FOM_1_00198	CDS	327				hypothetical protein
FOM_1_00199	gene	213				
FOM_1_00199	CDS	213				hypothetical protein
FOM_1_00200	gene	1215	xerC_2			
FOM_1_00200	CDS	1215	xerC_2			Tyrosine recombinase XerC
FOM_1_00201	gene	570	tdk			
FOM_1_00201	CDS	570	tdk	2.7.1.21	COG1435	Thymidine kinase
FOM_1_00202	gene	444				
FOM_1_00202	CDS	444				hypothetical protein
FOM_1_00203	gene	1074	prfA			
FOM_1_00203	CDS	1074	prfA		COG0216	Peptide chain release factor 1
FOM_1_00204	gene	528				
FOM_1_00204	CDS	528				hypothetical protein
FOM_1_00205	gene	756	nfrA1			
FOM_1_00205	CDS	756	nfrA1	1.5.1.38	COG0778	FMN reductase (NADPH)
FOM_1_00206	gene	813	prmC			
FOM_1_00206	CDS	813	prmC	2.1.1.297	COG2890	Release factor glutamine methyltransferase
FOM_1_00207	gene	465	yvbK			
FOM_1_00207	CDS	465	yvbK	2.3.1.-		putative N-acetyltransferase YvbK
FOM_1_00208	gene	921	tsaC			
FOM_1_00208	CDS	921	tsaC	2.7.7.87		Threonylcarbamoyl-AMP synthase
FOM_1_00209	gene	1248	glyA			
FOM_1_00209	CDS	1248	glyA	2.1.2.1		Serine hydroxymethyltransferase
FOM_1_00210	gene	603				
FOM_1_00210	CDS	603				hypothetical protein
FOM_1_00211	gene	1098	serC			
FOM_1_00211	CDS	1098	serC	2.6.1.52	COG1932	Phosphoserine aminotransferase
FOM_1_00212	gene	1197	pdxB			
FOM_1_00212	CDS	1197	pdxB	1.1.1.290		Erythronate-4-phosphate dehydrogenase
FOM_1_00213	gene	651	serB			
FOM_1_00213	CDS	651	serB	3.1.3.3	COG0560	Phosphoserine phosphatase
FOM_1_00214	gene	294	acyP			
FOM_1_00214	CDS	294	acyP	3.6.1.7	COG1254	Acylphosphatase
FOM_1_00215	gene	759	rlmB			
FOM_1_00215	CDS	759	rlmB	2.1.1.185	COG0566	23S rRNA (guanosine-2'-O-)-methyltransferase RlmB
FOM_1_00216	gene	327				
FOM_1_00216	CDS	327				hypothetical protein
FOM_1_00217	gene	444				
FOM_1_00217	CDS	444			COG0716	Flavodoxin
FOM_1_00218	gene	1506	mdtD			
FOM_1_00218	CDS	1506	mdtD			Putative multidrug resistance protein MdtD
FOM_1_00219	gene	627	tetR_1			
FOM_1_00219	CDS	627	tetR_1			DNA-binding transcriptional repressor TetR
FOM_1_00220	gene	855	map			
FOM_1_00220	CDS	855	map	3.4.11.18	COG0024	Methionine aminopeptidase 1
FOM_1_00221	gene	906				
FOM_1_00221	CDS	906				hypothetical protein
FOM_1_00222	gene	447				
FOM_1_00222	CDS	447				hypothetical protein
FOM_1_00223	gene	732				
FOM_1_00223	CDS	732				hypothetical protein
FOM_1_00224	gene	276				
FOM_1_00224	CDS	276				hypothetical protein
FOM_1_00225	gene	930	hprK			
FOM_1_00225	CDS	930	hprK	2.7.11.-		HPr kinase/phosphorylase
FOM_1_00226	gene	786	lgt			
FOM_1_00226	CDS	786	lgt	2.5.1.145	COG0682	Phosphatidylglycerol--prolipoprotein diacylglyceryl transferase
FOM_1_00227	gene	420				
FOM_1_00227	CDS	420				hypothetical protein
FOM_1_00228	gene	564				
FOM_1_00228	CDS	564				hypothetical protein
FOM_1_00229	gene	1419	gnd			
FOM_1_00229	CDS	1419	gnd	1.1.1.44	COG0362	6-phosphogluconate dehydrogenase, decarboxylating
FOM_1_00230	gene	2013	kup_1			
FOM_1_00230	CDS	2013	kup_1			Low affinity potassium transport system protein kup
FOM_1_00231	gene	2016	kup_2			
FOM_1_00231	CDS	2016	kup_2			Low affinity potassium transport system protein kup
FOM_1_00232	gene	171				
FOM_1_00232	CDS	171				hypothetical protein
FOM_1_00233	gene	666				
FOM_1_00233	CDS	666				hypothetical protein
FOM_1_00234	gene	885	miaA			
FOM_1_00234	CDS	885	miaA	2.5.1.75	COG0324	tRNA dimethylallyltransferase
FOM_1_00235	gene	669				
FOM_1_00235	CDS	669				hypothetical protein
FOM_1_00236	gene	897				
FOM_1_00236	CDS	897			COG0330	putative protein
FOM_1_00237	gene	72				
FOM_1_00237	tRNA	72				tRNA-Arg(ccg)
FOM_1_00238	gene	261				
FOM_1_00238	CDS	261				hypothetical protein
FOM_1_00239	gene	74				
FOM_1_00239	tRNA	74				tRNA-Lys(ttt)
FOM_1_00240	gene	924	rnz			
FOM_1_00240	CDS	924	rnz	3.1.26.11	COG1234	Ribonuclease Z
FOM_1_00241	gene	702				
FOM_1_00241	CDS	702				hypothetical protein
FOM_1_00242	gene	2229				
FOM_1_00242	CDS	2229				hypothetical protein
FOM_1_00243	gene	513	apt			
FOM_1_00243	CDS	513	apt	2.4.2.7	COG0503	Adenine phosphoribosyltransferase
FOM_1_00244	gene	564	rpoE			
FOM_1_00244	CDS	564	rpoE			putative DNA-directed RNA polymerase subunit delta
FOM_1_00245	gene	1650	mltG			
FOM_1_00245	CDS	1650	mltG	4.2.2.-		Endolytic murein transglycosylase
FOM_1_00246	gene	471	greA			
FOM_1_00246	CDS	471	greA		COG0782	Transcription elongation factor GreA
FOM_1_00247	gene	456				
FOM_1_00247	CDS	456				hypothetical protein
FOM_1_00248	gene	2451	clpC			
FOM_1_00248	CDS	2451	clpC		COG0542	Negative regulator of genetic competence ClpC/MecB
FOM_1_00249	gene	558	hpf			
FOM_1_00249	CDS	558	hpf		COG1544	Ribosome hibernation promotion factor
FOM_1_00250	gene	1302	eno_1			
FOM_1_00250	CDS	1302	eno_1	4.2.1.11		Enolase
FOM_1_00251	gene	672	hrtA_1			
FOM_1_00251	CDS	672	hrtA_1	3.6.3.-		Putative hemin import ATP-binding protein HrtA
FOM_1_00252	gene	1074				
FOM_1_00252	CDS	1074			COG0577	putative ABC transporter permease
FOM_1_00253	gene	570				
FOM_1_00253	CDS	570				hypothetical protein
FOM_1_00254	gene	1524	menE_1			
FOM_1_00254	CDS	1524	menE_1	6.2.1.26		2-succinylbenzoate--CoA ligase
FOM_1_00255	gene	918				
FOM_1_00255	CDS	918				hypothetical protein
FOM_1_00256	gene	2364	pflB			
FOM_1_00256	CDS	2364	pflB	2.3.1.54		Formate acetyltransferase
FOM_1_00257	gene	654	coaE			
FOM_1_00257	CDS	654	coaE	2.7.1.24		Dephospho-CoA kinase
FOM_1_00258	gene	1128	mdtG			
FOM_1_00258	CDS	1128	mdtG			Multidrug resistance protein MdtG
FOM_1_00259	gene	147	rpmGA_1			
FOM_1_00259	CDS	147	rpmGA_1			50S ribosomal protein L33 1
FOM_1_00260	gene	1263	ftsW_1			
FOM_1_00260	CDS	1263	ftsW_1	2.4.1.129	COG0772	putative peptidoglycan glycosyltransferase FtsW
FOM_1_00261	gene	3414	pycA			
FOM_1_00261	CDS	3414	pycA	6.4.1.1		Pyruvate carboxylase
FOM_1_00262	gene	1326	prpC			
FOM_1_00262	CDS	1326	prpC	2.3.3.5	COG0372	2-methylcitrate synthase
FOM_1_00263	gene	2547	citB			
FOM_1_00263	CDS	2547	citB	4.2.1.-	COG1048	Aconitate/2-methylaconitate hydratase
FOM_1_00264	gene	1239	icd			
FOM_1_00264	CDS	1239	icd	1.1.1.42		Isocitrate dehydrogenase [NADP]
FOM_1_00265	gene	600	clpP			
FOM_1_00265	CDS	600	clpP	3.4.21.92	COG0740	ATP-dependent Clp protease proteolytic subunit
FOM_1_00266	gene	531				
FOM_1_00266	CDS	531				hypothetical protein
FOM_1_00267	gene	399	spxA_1			
FOM_1_00267	CDS	399	spxA_1		COG1393	Regulatory protein Spx
FOM_1_00268	gene	117				
FOM_1_00268	CDS	117				hypothetical protein
FOM_1_00269	gene	1215				
FOM_1_00269	CDS	1215				hypothetical protein
FOM_1_00270	gene	2757	yloB			
FOM_1_00270	CDS	2757	yloB	7.2.2.10	COG0474	Calcium-transporting ATPase
FOM_1_00271	gene	1032				
FOM_1_00271	CDS	1032				hypothetical protein
FOM_1_00272	gene	1221	pgaC_1			
FOM_1_00272	CDS	1221	pgaC_1	2.4.1.-	COG1215	Poly-beta-1,6-N-acetyl-D-glucosamine synthase
FOM_1_00273	gene	261				
FOM_1_00273	CDS	261				hypothetical protein
FOM_1_00274	gene	894	icaB			
FOM_1_00274	CDS	894	icaB	3.5.1.-	COG0726	Poly-beta-1,6-N-acetyl-D-glucosamine N-deacetylase
FOM_1_00275	gene	1455				
FOM_1_00275	CDS	1455			COG1388	Cell wall protein
FOM_1_00276	gene	1359	brnQ			
FOM_1_00276	CDS	1359	brnQ		COG1114	Branched-chain amino acid transport system 2 carrier protein
FOM_1_00277	gene	273	yjdJ			
FOM_1_00277	CDS	273	yjdJ		COG2388	putative protein YjdJ
FOM_1_00278	gene	273				
FOM_1_00278	CDS	273				hypothetical protein
FOM_1_00279	gene	174	nisZ			
FOM_1_00279	CDS	174	nisZ			Lantibiotic nisin-Z
FOM_1_00280	gene	2982	nisB			
FOM_1_00280	CDS	2982	nisB			Nisin biosynthesis protein NisB
FOM_1_00281	gene	1803	msbA			
FOM_1_00281	CDS	1803	msbA	7.5.2.6	COG1132	Lipid A export ATP-binding/permease protein MsbA
FOM_1_00282	gene	1245	nisC			
FOM_1_00282	CDS	1245	nisC			Nisin biosynthesis protein NisC
FOM_1_00283	gene	738	nisI			
FOM_1_00283	CDS	738	nisI			Nisin immunity protein
FOM_1_00284	gene	2049	nisP			
FOM_1_00284	CDS	2049	nisP	3.4.21.-		Nisin leader peptide-processing serine protease NisP
FOM_1_00285	gene	687	arlR_2			
FOM_1_00285	CDS	687	arlR_2		COG0745	Response regulator ArlR
FOM_1_00286	gene	1344	rcsC_1			
FOM_1_00286	CDS	1344	rcsC_1	2.7.13.3		Sensor histidine kinase RcsC
FOM_1_00287	gene	678	yxlF			
FOM_1_00287	CDS	678	yxlF	3.6.3.-	COG1131	putative ABC transporter ATP-binding protein YxlF
FOM_1_00288	gene	729				
FOM_1_00288	CDS	729				hypothetical protein
FOM_1_00289	gene	645				
FOM_1_00289	CDS	645				hypothetical protein
FOM_1_00290	gene	711				
FOM_1_00290	CDS	711				hypothetical protein
FOM_1_00291	gene	324				
FOM_1_00291	CDS	324				hypothetical protein
FOM_1_00292	gene	702				
FOM_1_00292	CDS	702				hypothetical protein
FOM_1_00293	gene	1980	bcsA			
FOM_1_00293	CDS	1980	bcsA	2.4.1.12	COG1215	Cellulose synthase catalytic subunit [UDP-forming]
FOM_1_00294	gene	957	degA_1			
FOM_1_00294	CDS	957	degA_1		COG1609	HTH-type transcriptional regulator DegA
FOM_1_00295	gene	1419	scrB			
FOM_1_00295	CDS	1419	scrB	3.2.1.26		Sucrose-6-phosphate hydrolase
FOM_1_00296	gene	1953				
FOM_1_00296	CDS	1953				hypothetical protein
FOM_1_00297	gene	873	gmuE_1			
FOM_1_00297	CDS	873	gmuE_1	2.7.1.4	COG1940	Putative fructokinase
FOM_1_00298	gene	1368	hsrA_1			
FOM_1_00298	CDS	1368	hsrA_1			putative transport protein HsrA
FOM_1_00299	gene	822	ybbH_1			
FOM_1_00299	CDS	822	ybbH_1		COG1737	putative HTH-type transcriptional regulator YbbH
FOM_1_00300	gene	528	rbsK/rbiA			
FOM_1_00300	CDS	528	rbsK/rbiA			Bifunctional ribokinase/ribose-5-phosphate isomerase A
FOM_1_00301	gene	978	iolU_2			
FOM_1_00301	CDS	978	iolU_2	1.1.1.371	COG0673	scyllo-inositol 2-dehydrogenase (NADP(+)) IolU
FOM_1_00302	gene	486				
FOM_1_00302	CDS	486				hypothetical protein
FOM_1_00303	gene	837				
FOM_1_00303	CDS	837				hypothetical protein
FOM_1_00304	gene	555	hin			
FOM_1_00304	CDS	555	hin		COG1961	DNA-invertase hin
FOM_1_00305	gene	453				
FOM_1_00305	CDS	453				hypothetical protein
FOM_1_00306	gene	606				
FOM_1_00306	CDS	606				hypothetical protein
FOM_1_00307	gene	141				
FOM_1_00307	CDS	141				hypothetical protein
FOM_1_00308	gene	198				
FOM_1_00308	CDS	198				hypothetical protein
FOM_1_00309	gene	1056	rhaS_1			
FOM_1_00309	CDS	1056	rhaS_1			HTH-type transcriptional activator RhaS
FOM_1_00310	gene	1377	xylP			
FOM_1_00310	CDS	1377	xylP			Isoprimeverose transporter
FOM_1_00311	gene	1251				
FOM_1_00311	CDS	1251				hypothetical protein
FOM_1_00312	gene	1578				
FOM_1_00312	CDS	1578				hypothetical protein
FOM_1_00313	gene	906	bglK_1			
FOM_1_00313	CDS	906	bglK_1	2.7.1.85	COG1940	Beta-glucoside kinase
FOM_1_00314	gene	1458	bglA_1			
FOM_1_00314	CDS	1458	bglA_1	3.2.1.86	COG2723	6-phospho-beta-glucosidase BglA
FOM_1_00315	gene	207				
FOM_1_00315	CDS	207				hypothetical protein
FOM_1_00316	gene	195				
FOM_1_00316	CDS	195				hypothetical protein
FOM_1_00317	gene	774	dtd3			
FOM_1_00317	CDS	774	dtd3	3.1.1.96		D-aminoacyl-tRNA deacylase
FOM_1_00318	gene	534				
FOM_1_00318	CDS	534				hypothetical protein
FOM_1_00319	gene	621	rnmV			
FOM_1_00319	CDS	621	rnmV	3.1.26.8	COG1658	Ribonuclease M5
FOM_1_00320	gene	885	rsmA			
FOM_1_00320	CDS	885	rsmA	2.1.1.182	COG0030	Ribosomal RNA small subunit methyltransferase A
FOM_1_00321	gene	1059	ypdF			
FOM_1_00321	CDS	1059	ypdF	3.4.11.-	COG0006	Aminopeptidase YpdF
FOM_1_00322	gene	558	efp			
FOM_1_00322	CDS	558	efp			Elongation factor P
FOM_1_00323	gene	402				
FOM_1_00323	CDS	402				putative protein
FOM_1_00324	gene	972	nusB			
FOM_1_00324	CDS	972	nusB			Transcription antitermination protein NusB
FOM_1_00325	gene	2004				
FOM_1_00325	CDS	2004				hypothetical protein
FOM_1_00326	gene	1143	glgC			
FOM_1_00326	CDS	1143	glgC	2.7.7.27	COG0448	Glucose-1-phosphate adenylyltransferase
FOM_1_00327	gene	1140	glgD			
FOM_1_00327	CDS	1140	glgD		COG0448	Glycogen biosynthesis protein GlgD
FOM_1_00328	gene	1437	glgA			
FOM_1_00328	CDS	1437	glgA	2.4.1.21	COG0297	Glycogen synthase
FOM_1_00329	gene	2403	glgP			
FOM_1_00329	CDS	2403	glgP	2.4.1.1	COG0058	Glycogen phosphorylase
FOM_1_00330	gene	1803	apu			
FOM_1_00330	CDS	1803	apu		COG0366	Amylopullulanase
FOM_1_00331	gene	1494	dtpT			
FOM_1_00331	CDS	1494	dtpT		COG3104	Di-/tripeptide transporter
FOM_1_00332	gene	1476	cydA			
FOM_1_00332	CDS	1476	cydA	1.10.3.-	COG1271	Cytochrome bd ubiquinol oxidase subunit 1
FOM_1_00333	gene	996	cydB			
FOM_1_00333	CDS	996	cydB	7.1.1.7	COG1294	Cytochrome bd-I ubiquinol oxidase subunit 2
FOM_1_00334	gene	1863	btuD_2			
FOM_1_00334	CDS	1863	btuD_2	7.6.2.8		Vitamin B12 import ATP-binding protein BtuD
FOM_1_00335	gene	1722				
FOM_1_00335	CDS	1722			COG1132	putative ABC transporter ATP-binding/permease protein
FOM_1_00336	gene	114				
FOM_1_00336	CDS	114				hypothetical protein
FOM_1_00337	gene	876				
FOM_1_00337	CDS	876				hypothetical protein
FOM_1_00338	gene	120				
FOM_1_00338	CDS	120				hypothetical protein
FOM_1_00339	gene	354				
FOM_1_00339	CDS	354				hypothetical protein
FOM_1_00340	gene	675				
FOM_1_00340	CDS	675				hypothetical protein
FOM_1_00341	gene	1755	lmrA			
FOM_1_00341	CDS	1755	lmrA	7.6.2.2	COG1132	Multidrug resistance ABC transporter ATP-binding and permease protein
FOM_1_00342	gene	645				
FOM_1_00342	CDS	645			COG0586	putative membrane protein
FOM_1_00343	gene	1995	macB_1			
FOM_1_00343	CDS	1995	macB_1	3.6.3.-		Macrolide export ATP-binding/permease protein MacB
FOM_1_00344	gene	219				
FOM_1_00344	CDS	219				hypothetical protein
FOM_1_00345	gene	663				
FOM_1_00345	CDS	663				hypothetical protein
FOM_1_00346	gene	987				
FOM_1_00346	CDS	987				Zinc-type alcohol dehydrogenase-like protein
FOM_1_00347	gene	1110				
FOM_1_00347	CDS	1110				hypothetical protein
FOM_1_00348	gene	753				
FOM_1_00348	CDS	753			COG1234	putative protein
FOM_1_00349	gene	939				
FOM_1_00349	CDS	939				hypothetical protein
FOM_1_00350	gene	468	tadA			
FOM_1_00350	CDS	468	tadA	3.5.4.33		tRNA-specific adenosine deaminase
FOM_1_00351	gene	525				
FOM_1_00351	CDS	525				hypothetical protein
FOM_1_00352	gene	417				
FOM_1_00352	CDS	417		3.1.2.-	COG2050	Putative esterase
FOM_1_00353	gene	1113	menC			
FOM_1_00353	CDS	1113	menC	4.2.1.113	COG4948	o-succinylbenzoate synthase
FOM_1_00354	gene	1356	menE_2			
FOM_1_00354	CDS	1356	menE_2	6.2.1.26	COG0318	2-succinylbenzoate--CoA ligase
FOM_1_00355	gene	843	menB			
FOM_1_00355	CDS	843	menB	4.1.3.36	COG0447	1,4-dihydroxy-2-naphthoyl-CoA synthase
FOM_1_00356	gene	816	menH_2			
FOM_1_00356	CDS	816	menH_2	4.2.99.20	COG0596	2-succinyl-6-hydroxy-2,4-cyclohexadiene-1-carboxylate synthase
FOM_1_00357	gene	1683	menD			
FOM_1_00357	CDS	1683	menD	2.2.1.9	COG1165	2-succinyl-5-enolpyruvyl-6-hydroxy-3-cyclohexene-1-carboxylate synthase
FOM_1_00358	gene	1176	menF_1			
FOM_1_00358	CDS	1176	menF_1	5.4.4.2		Isochorismate synthase MenF
FOM_1_00359	gene	582				
FOM_1_00359	CDS	582				hypothetical protein
FOM_1_00360	gene	1281				
FOM_1_00360	CDS	1281				hypothetical protein
FOM_1_00361	gene	924	nrnA			
FOM_1_00361	CDS	924	nrnA	3.1.-.-	COG0618	putative bifunctional oligoribonuclease and PAP phosphatase NrnA
FOM_1_00362	gene	969	ansB			
FOM_1_00362	CDS	969	ansB	3.5.1.1		L-asparaginase
FOM_1_00363	gene	1389	cof			
FOM_1_00363	CDS	1389	cof	3.6.1.-		HMP-PP phosphatase
FOM_1_00364	gene	345				
FOM_1_00364	CDS	345				hypothetical protein
FOM_1_00365	gene	1512	yqiK			
FOM_1_00365	CDS	1512	yqiK		COG2268	Inner membrane protein YqiK
FOM_1_00366	gene	1353	yclM			
FOM_1_00366	CDS	1353	yclM	2.7.2.4	COG0527	Aspartokinase 3
FOM_1_00367	gene	867				
FOM_1_00367	CDS	867				hypothetical protein
FOM_1_00368	gene	477	slyA			
FOM_1_00368	CDS	477	slyA			Transcriptional regulator SlyA
FOM_1_00369	gene	669				
FOM_1_00369	CDS	669		3.1.3.-	COG0637	Phosphorylated carbohydrates phosphatase
FOM_1_00370	gene	1965	gdpP			
FOM_1_00370	CDS	1965	gdpP	3.1.4.59	COG3887	Cyclic-di-AMP phosphodiesterase GdpP
FOM_1_00371	gene	453	rplI			
FOM_1_00371	CDS	453	rplI			50S ribosomal protein L9
FOM_1_00372	gene	1368	dnaC			
FOM_1_00372	CDS	1368	dnaC	3.6.4.12	COG0305	Replicative DNA helicase
FOM_1_00373	gene	258				
FOM_1_00373	CDS	258				hypothetical protein
FOM_1_00374	gene	774				
FOM_1_00374	CDS	774				hypothetical protein
FOM_1_00375	gene	654	trmB			
FOM_1_00375	CDS	654	trmB	2.1.1.33	COG0220	tRNA (guanine-N(7)-)-methyltransferase
FOM_1_00376	gene	447	nrdR			
FOM_1_00376	CDS	447	nrdR		COG1327	Transcriptional repressor NrdR
FOM_1_00377	gene	1176				
FOM_1_00377	CDS	1176				hypothetical protein
FOM_1_00378	gene	882	dnaI			
FOM_1_00378	CDS	882	dnaI		COG1484	Primosomal protein DnaI
FOM_1_00379	gene	723	nfrA2			
FOM_1_00379	CDS	723	nfrA2	1.5.1.39	COG0778	FMN reductase [NAD(P)H]
FOM_1_00380	gene	627				
FOM_1_00380	CDS	627				hypothetical protein
FOM_1_00381	gene	1311	der			
FOM_1_00381	CDS	1311	der		COG1160	GTPase Der
FOM_1_00382	gene	849				
FOM_1_00382	CDS	849				hypothetical protein
FOM_1_00383	gene	3543				
FOM_1_00383	CDS	3543				hypothetical protein
FOM_1_00384	gene	1845				
FOM_1_00384	CDS	1845				hypothetical protein
FOM_1_00385	gene	1296				
FOM_1_00385	CDS	1296				hypothetical protein
FOM_1_00386	gene	537				
FOM_1_00386	CDS	537				hypothetical protein
FOM_1_00387	gene	699	yohK			
FOM_1_00387	CDS	699	yohK		COG1346	Inner membrane protein YohK
FOM_1_00388	gene	405	lrgA			
FOM_1_00388	CDS	405	lrgA		COG1380	Antiholin-like protein LrgA
FOM_1_00389	gene	474	rimP			
FOM_1_00389	CDS	474	rimP		COG0779	Ribosome maturation factor RimP
FOM_1_00390	gene	1149	nusA			
FOM_1_00390	CDS	1149	nusA		COG0195	Transcription termination/antitermination protein NusA
FOM_1_00391	gene	327				
FOM_1_00391	CDS	327				hypothetical protein
FOM_1_00392	gene	306	rplGA			
FOM_1_00392	CDS	306	rplGA		COG1358	putative ribosomal protein YlxQ
FOM_1_00393	gene	2835	infB			
FOM_1_00393	CDS	2835	infB			Translation initiation factor IF-2
FOM_1_00394	gene	360	rbfA			
FOM_1_00394	CDS	360	rbfA			Ribosome-binding factor A
FOM_1_00395	gene	948	manA			
FOM_1_00395	CDS	948	manA	5.3.1.8	COG1482	Mannose-6-phosphate isomerase ManA
FOM_1_00396	gene	441	hpr			
FOM_1_00396	CDS	441	hpr			HTH-type transcriptional regulator Hpr
FOM_1_00397	gene	978	fabH			
FOM_1_00397	CDS	978	fabH	2.3.1.180		3-oxoacyl-[acyl-carrier-protein] synthase 3
FOM_1_00398	gene	222	acpA			
FOM_1_00398	CDS	222	acpA		COG0236	Acyl carrier protein
FOM_1_00399	gene	927	fabD			
FOM_1_00399	CDS	927	fabD	2.3.1.39	COG0331	Malonyl CoA-acyl carrier protein transacylase
FOM_1_00400	gene	732	fabG_1			
FOM_1_00400	CDS	732	fabG_1	1.1.1.100		3-oxoacyl-[acyl-carrier-protein] reductase FabG
FOM_1_00401	gene	1230	fabF			
FOM_1_00401	CDS	1230	fabF	2.3.1.179	COG0304	3-oxoacyl-[acyl-carrier-protein] synthase 2
FOM_1_00402	gene	468	accB			
FOM_1_00402	CDS	468	accB			Biotin carboxyl carrier protein of acetyl-CoA carboxylase
FOM_1_00403	gene	435	fabZ_2			
FOM_1_00403	CDS	435	fabZ_2	4.2.1.59	COG0764	3-hydroxyacyl-[acyl-carrier-protein] dehydratase FabZ
FOM_1_00404	gene	1368	accC			
FOM_1_00404	CDS	1368	accC	6.3.4.14	COG0439	Biotin carboxylase
FOM_1_00405	gene	867	accD			
FOM_1_00405	CDS	867	accD	2.1.3.15	COG0777	Acetyl-coenzyme A carboxylase carboxyl transferase subunit beta
FOM_1_00406	gene	795	accA			
FOM_1_00406	CDS	795	accA	2.1.3.15	COG0825	Acetyl-coenzyme A carboxylase carboxyl transferase subunit alpha
FOM_1_00407	gene	1143	metC			
FOM_1_00407	CDS	1143	metC	4.4.1.13	COG0626	Cystathionine beta-lyase
FOM_1_00408	gene	921	cysK_1			
FOM_1_00408	CDS	921	cysK_1	2.5.1.47		Cysteine synthase
FOM_1_00409	gene	240				
FOM_1_00409	CDS	240				hypothetical protein
FOM_1_00410	gene	303	glpE_1			
FOM_1_00410	CDS	303	glpE_1	2.8.1.1		Thiosulfate sulfurtransferase GlpE
FOM_1_00411	gene	309	glpE_2			
FOM_1_00411	CDS	309	glpE_2	2.8.1.1		Thiosulfate sulfurtransferase GlpE
FOM_1_00412	gene	1644	cdr			
FOM_1_00412	CDS	1644	cdr	1.8.1.14		Coenzyme A disulfide reductase
FOM_1_00413	gene	255				
FOM_1_00413	CDS	255				hypothetical protein
FOM_1_00414	gene	351	spxA_2			
FOM_1_00414	CDS	351	spxA_2			Regulatory protein Spx
FOM_1_00415	gene	744	ydjF			
FOM_1_00415	CDS	744	ydjF		COG1349	putative HTH-type transcriptional regulator YdjF
FOM_1_00416	gene	558				
FOM_1_00416	CDS	558		2.3.1.-	COG1670	Acetyltransferase
FOM_1_00417	gene	858	exoA			
FOM_1_00417	CDS	858	exoA	3.1.11.2	COG0708	Exodeoxyribonuclease
FOM_1_00418	gene	1989	metG			
FOM_1_00418	CDS	1989	metG	6.1.1.10		Methionine--tRNA ligase
FOM_1_00419	gene	135				
FOM_1_00419	CDS	135				hypothetical protein
FOM_1_00420	gene	240				
FOM_1_00420	CDS	240				hypothetical protein
FOM_1_00421	gene	732	bacC			
FOM_1_00421	CDS	732	bacC	1.1.1.385		Dihydroanticapsin 7-dehydrogenase
FOM_1_00422	gene	510	queT			
FOM_1_00422	CDS	510	queT		COG4708	Queuosine precursor transporter QueT
FOM_1_00423	gene	633				
FOM_1_00423	CDS	633				hypothetical protein
FOM_1_00424	gene	1023	argC			
FOM_1_00424	CDS	1023	argC	1.2.1.38		N-acetyl-gamma-glutamyl-phosphate reductase
FOM_1_00425	gene	1191	argJ			
FOM_1_00425	CDS	1191	argJ			Arginine biosynthesis bifunctional protein ArgJ
FOM_1_00426	gene	1134	argD			
FOM_1_00426	CDS	1134	argD	2.6.1.11	COG4992	Acetylornithine aminotransferase
FOM_1_00427	gene	852	argB			
FOM_1_00427	CDS	852	argB	2.7.2.8	COG0548	Acetylglutamate kinase
FOM_1_00428	gene	1002	arcB_1			
FOM_1_00428	CDS	1002	arcB_1	2.1.3.3		Ornithine carbamoyltransferase, catabolic
FOM_1_00429	gene	696	rnc			
FOM_1_00429	CDS	696	rnc	3.1.26.3	COG0571	Ribonuclease 3
FOM_1_00430	gene	3525	smc_1			
FOM_1_00430	CDS	3525	smc_1		COG1196	Chromosome partition protein Smc
FOM_1_00431	gene	2169	ltaS1			
FOM_1_00431	CDS	2169	ltaS1		COG1368	Lipoteichoic acid synthase 1
FOM_1_00432	gene	411				
FOM_1_00432	CDS	411				hypothetical protein
FOM_1_00433	gene	1119				
FOM_1_00433	CDS	1119				hypothetical protein
FOM_1_00434	gene	762				
FOM_1_00434	CDS	762				hypothetical protein
FOM_1_00435	gene	1341	yvbW_1			
FOM_1_00435	CDS	1341	yvbW_1		COG1113	putative amino acid permease YvbW
FOM_1_00436	gene	2079				
FOM_1_00436	CDS	2079				hypothetical protein
FOM_1_00437	gene	810	yidA			
FOM_1_00437	CDS	810	yidA	3.1.3.23	COG0561	Sugar phosphatase YidA
FOM_1_00438	gene	552				
FOM_1_00438	CDS	552				hypothetical protein
FOM_1_00439	gene	1380	ftsY			
FOM_1_00439	CDS	1380	ftsY			Signal recognition particle receptor FtsY
FOM_1_00440	gene	975	prs			
FOM_1_00440	CDS	975	prs	2.7.6.1	COG0462	Ribose-phosphate pyrophosphokinase
FOM_1_00441	gene	672				
FOM_1_00441	CDS	672				hypothetical protein
FOM_1_00442	gene	2490	leuS			
FOM_1_00442	CDS	2490	leuS	6.1.1.4		Leucine--tRNA ligase
FOM_1_00443	gene	756				
FOM_1_00443	CDS	756				hypothetical protein
FOM_1_00444	gene	1419	licC_1			
FOM_1_00444	CDS	1419	licC_1		COG1455	Lichenan permease IIC component
FOM_1_00445	gene	1362	bglA_2			
FOM_1_00445	CDS	1362	bglA_2	3.2.1.86	COG2723	Aryl-phospho-beta-D-glucosidase BglA
FOM_1_00446	gene	804	ydjP			
FOM_1_00446	CDS	804	ydjP	3.-.-.-	COG0596	AB hydrolase superfamily protein YdjP
FOM_1_00447	gene	363				
FOM_1_00447	CDS	363				hypothetical protein
FOM_1_00448	gene	1260				
FOM_1_00448	CDS	1260		1.6.99.-	COG1252	NADH dehydrogenase-like protein
FOM_1_00449	gene	2004				
FOM_1_00449	CDS	2004				hypothetical protein
FOM_1_00450	gene	672	sdhB			
FOM_1_00450	CDS	672	sdhB	4.3.1.17		L-serine dehydratase, beta chain
FOM_1_00451	gene	864	sdhA			
FOM_1_00451	CDS	864	sdhA	4.3.1.17		L-serine dehydratase, alpha chain
FOM_1_00452	gene	456	copY			
FOM_1_00452	CDS	456	copY			Transcriptional repressor CopY
FOM_1_00453	gene	201	merP			
FOM_1_00453	CDS	201	merP			Mercuric transport protein periplasmic component
FOM_1_00454	gene	2163	copA			
FOM_1_00454	CDS	2163	copA	7.2.2.8		putative copper-importing P-type ATPase A
FOM_1_00455	gene	144				
FOM_1_00455	CDS	144				hypothetical protein
FOM_1_00456	gene	2652				
FOM_1_00456	CDS	2652				hypothetical protein
FOM_1_00457	gene	786				
FOM_1_00457	CDS	786				hypothetical protein
FOM_1_00458	gene	1155	mnmA			
FOM_1_00458	CDS	1155	mnmA	2.8.1.13	COG0482	tRNA-specific 2-thiouridylase MnmA
FOM_1_00459	gene	1227	rpsA			
FOM_1_00459	CDS	1227	rpsA		COG0539	30S Ribosomal protein S1
FOM_1_00460	gene	1032				
FOM_1_00460	CDS	1032				hypothetical protein
FOM_1_00461	gene	660	arlR_3			
FOM_1_00461	CDS	660	arlR_3		COG0745	Response regulator ArlR
FOM_1_00462	gene	1152	arlS_2			
FOM_1_00462	CDS	1152	arlS_2	2.7.13.3		Signal transduction histidine-protein kinase ArlS
FOM_1_00463	gene	717	deoD_1			
FOM_1_00463	CDS	717	deoD_1	2.4.2.1		Purine nucleoside phosphorylase DeoD-type
FOM_1_00464	gene	714				
FOM_1_00464	CDS	714				hypothetical protein
FOM_1_00465	gene	2079	uvrC			
FOM_1_00465	CDS	2079	uvrC		COG0322	UvrABC system protein C
FOM_1_00466	gene	1164	mutY			
FOM_1_00466	CDS	1164	mutY	3.2.2.31		Adenine DNA glycosylase
FOM_1_00467	gene	1419	pepV			
FOM_1_00467	CDS	1419	pepV	3.4.13.-		Beta-Ala-Xaa dipeptidase
FOM_1_00468	gene	360	acpS			
FOM_1_00468	CDS	360	acpS	2.7.8.7	COG0736	Holo-[acyl-carrier-protein] synthase
FOM_1_00469	gene	1104	alr			
FOM_1_00469	CDS	1104	alr	5.1.1.1	COG0787	Alanine racemase
FOM_1_00470	gene	429	spxA_3			
FOM_1_00470	CDS	429	spxA_3			Regulatory protein Spx
FOM_1_00471	gene	1308	garB			
FOM_1_00471	CDS	1308	garB	1.8.1.16		Glutathione amide reductase
FOM_1_00472	gene	918	btuD_3			
FOM_1_00472	CDS	918	btuD_3	7.6.2.8		Vitamin B12 import ATP-binding protein BtuD
FOM_1_00473	gene	1503				
FOM_1_00473	CDS	1503				hypothetical protein
FOM_1_00474	gene	486	copB			
FOM_1_00474	CDS	486	copB	7.2.2.8		Copper-exporting P-type ATPase B
FOM_1_00475	gene	453				
FOM_1_00475	CDS	453				hypothetical protein
FOM_1_00476	gene	594				
FOM_1_00476	CDS	594				hypothetical protein
FOM_1_00477	gene	579				
FOM_1_00477	CDS	579				hypothetical protein
FOM_1_00478	gene	75				
FOM_1_00478	tRNA	75				tRNA-Val(tac)
FOM_1_00479	gene	83				
FOM_1_00479	tRNA	83				tRNA-Tyr(gta)
FOM_1_00480	gene	71				
FOM_1_00480	tRNA	71				tRNA-Trp(cca)
FOM_1_00481	gene	75				
FOM_1_00481	tRNA	75				tRNA-His(gtg)
FOM_1_00482	gene	72				
FOM_1_00482	tRNA	72				tRNA-Gln(ttg)
FOM_1_00483	gene	84				
FOM_1_00483	tRNA	84				tRNA-Leu(caa)
FOM_1_00484	gene	1128	xerC_3			
FOM_1_00484	CDS	1128	xerC_3			Tyrosine recombinase XerC
FOM_1_00485	gene	186				
FOM_1_00485	CDS	186				hypothetical protein
FOM_1_00486	gene	1362				
FOM_1_00486	CDS	1362				hypothetical protein
FOM_1_00487	gene	393				
FOM_1_00487	CDS	393				hypothetical protein
FOM_1_00488	gene	444				
FOM_1_00488	CDS	444				hypothetical protein
FOM_1_00489	gene	666				
FOM_1_00489	CDS	666				hypothetical protein
FOM_1_00490	gene	2148	lagD			
FOM_1_00490	CDS	2148	lagD	3.4.22.-		Lactococcin-G-processing and transport ATP-binding protein LagD
FOM_1_00491	gene	1422	lcnD			
FOM_1_00491	CDS	1422	lcnD			Lactococcin A secretion protein LcnD
FOM_1_00492	gene	159				
FOM_1_00492	CDS	159				hypothetical protein
FOM_1_00493	gene	453				
FOM_1_00493	CDS	453				hypothetical protein
FOM_1_00494	gene	657				
FOM_1_00494	CDS	657				hypothetical protein
FOM_1_00495	gene	159				
FOM_1_00495	CDS	159				hypothetical protein
FOM_1_00496	gene	267				
FOM_1_00496	CDS	267				hypothetical protein
FOM_1_00497	gene	1356				
FOM_1_00497	CDS	1356				hypothetical protein
FOM_1_00498	gene	456				
FOM_1_00498	CDS	456				hypothetical protein
FOM_1_00499	gene	705				
FOM_1_00499	CDS	705				hypothetical protein
FOM_1_00500	gene	1020				
FOM_1_00500	CDS	1020				hypothetical protein
FOM_1_00501	gene	528				
FOM_1_00501	CDS	528				hypothetical protein
FOM_1_00502	gene	2694				
FOM_1_00502	CDS	2694		7.2.2.10		Calcium-transporting ATPase 1
FOM_1_00503	gene	522				
FOM_1_00503	CDS	522				putative protein
FOM_1_00504	gene	1011	gap_2			
FOM_1_00504	CDS	1011	gap_2	1.2.1.12		Glyceraldehyde-3-phosphate dehydrogenase
FOM_1_00505	gene	345				
FOM_1_00505	CDS	345				hypothetical protein
FOM_1_00506	gene	2001	recG			
FOM_1_00506	CDS	2001	recG	3.6.4.12		ATP-dependent DNA helicase RecG
FOM_1_00507	gene	747				
FOM_1_00507	CDS	747				hypothetical protein
FOM_1_00508	gene	1368	mnmE			
FOM_1_00508	CDS	1368	mnmE	3.6.-.-	COG0486	tRNA modification GTPase MnmE
FOM_1_00509	gene	723				
FOM_1_00509	CDS	723				hypothetical protein
FOM_1_00510	gene	822	rsuA			
FOM_1_00510	CDS	822	rsuA	5.4.99.19	COG1187	Ribosomal small subunit pseudouridine synthase A
FOM_1_00511	gene	615	slmA_1			
FOM_1_00511	CDS	615	slmA_1			Nucleoid occlusion factor SlmA
FOM_1_00512	gene	4311				
FOM_1_00512	CDS	4311				hypothetical protein
FOM_1_00513	gene	204				
FOM_1_00513	CDS	204				hypothetical protein
FOM_1_00514	gene	438				
FOM_1_00514	CDS	438				Putative universal stress protein
FOM_1_00515	gene	1221				
FOM_1_00515	CDS	1221				hypothetical protein
FOM_1_00516	gene	672	larR			
FOM_1_00516	CDS	672	larR		COG0664	Lactate racemization regulatory protein
FOM_1_00517	gene	675	rpiA			
FOM_1_00517	CDS	675	rpiA	5.3.1.6	COG0120	Ribose-5-phosphate isomerase A
FOM_1_00518	gene	441				
FOM_1_00518	CDS	441				hypothetical protein
FOM_1_00519	gene	876	mreC			
FOM_1_00519	CDS	876	mreC		COG1792	Cell shape-determining protein MreC
FOM_1_00520	gene	528				
FOM_1_00520	CDS	528				hypothetical protein
FOM_1_00521	gene	1374				
FOM_1_00521	CDS	1374				hypothetical protein
FOM_1_00522	gene	1878	asnB_1			
FOM_1_00522	CDS	1878	asnB_1	6.3.5.4	COG0367	Asparagine synthetase [glutamine-hydrolyzing] 1
FOM_1_00523	gene	1227				
FOM_1_00523	CDS	1227		6.3.1.12		D-aspartate ligase
FOM_1_00524	gene	723				
FOM_1_00524	CDS	723		5.1.1.13		Aspartate racemase
FOM_1_00525	gene	744				
FOM_1_00525	CDS	744				hypothetical protein
FOM_1_00526	gene	1140	dnaJ			
FOM_1_00526	CDS	1140	dnaJ		COG0484	Chaperone protein DnaJ
FOM_1_00527	gene	528	gph_1			
FOM_1_00527	CDS	528	gph_1	3.1.3.18		Phosphoglycolate phosphatase
FOM_1_00528	gene	1512	zwf			
FOM_1_00528	CDS	1512	zwf	1.1.1.49	COG0364	Glucose-6-phosphate 1-dehydrogenase
FOM_1_00529	gene	180				
FOM_1_00529	CDS	180				hypothetical protein
FOM_1_00530	gene	852				
FOM_1_00530	CDS	852				hypothetical protein
FOM_1_00531	gene	378				
FOM_1_00531	CDS	378				hypothetical protein
FOM_1_00532	gene	83				
FOM_1_00532	tRNA	83				tRNA-Leu(cag)
FOM_1_00533	gene	207				
FOM_1_00533	CDS	207				hypothetical protein
FOM_1_00534	gene	882	glxR			
FOM_1_00534	CDS	882	glxR	1.1.1.60	COG2084	2-hydroxy-3-oxopropionate reductase
FOM_1_00535	gene	348				
FOM_1_00535	CDS	348				hypothetical protein
FOM_1_00536	gene	2523	mutS			
FOM_1_00536	CDS	2523	mutS		COG0249	DNA mismatch repair protein MutS
FOM_1_00537	gene	696				
FOM_1_00537	CDS	696				hypothetical protein
FOM_1_00538	gene	1971	mutL			
FOM_1_00538	CDS	1971	mutL		COG0323	DNA mismatch repair protein MutL
FOM_1_00539	gene	594	ruvA			
FOM_1_00539	CDS	594	ruvA	3.6.4.12	COG0632	Holliday junction ATP-dependent DNA helicase RuvA
FOM_1_00540	gene	1002	ruvB			
FOM_1_00540	CDS	1002	ruvB	3.6.4.12	COG2255	Holliday junction ATP-dependent DNA helicase RuvB
FOM_1_00541	gene	438	yfkJ			
FOM_1_00541	CDS	438	yfkJ	3.1.3.48	COG0394	Low molecular weight protein-tyrosine-phosphatase YfkJ
FOM_1_00542	gene	366	glnR			
FOM_1_00542	CDS	366	glnR		COG0789	HTH-type transcriptional regulator GlnR
FOM_1_00543	gene	1341	glnA			
FOM_1_00543	CDS	1341	glnA	6.3.1.2	COG0174	Glutamine synthetase
FOM_1_00544	gene	201				
FOM_1_00544	CDS	201				hypothetical protein
FOM_1_00545	gene	447				
FOM_1_00545	CDS	447				hypothetical protein
FOM_1_00546	gene	339				
FOM_1_00546	CDS	339				hypothetical protein
FOM_1_00547	gene	489	msrC			
FOM_1_00547	CDS	489	msrC	1.8.4.14	COG1956	Free methionine-R-sulfoxide reductase
FOM_1_00548	gene	642				
FOM_1_00548	CDS	642				hypothetical protein
FOM_1_00549	gene	1659				
FOM_1_00549	CDS	1659				hypothetical protein
FOM_1_00550	gene	1467	lysP_1			
FOM_1_00550	CDS	1467	lysP_1		COG0833	Lysine-specific permease
FOM_1_00551	gene	855	uppP			
FOM_1_00551	CDS	855	uppP	3.6.1.27		Undecaprenyl-diphosphatase
FOM_1_00552	gene	294	rpsF			
FOM_1_00552	CDS	294	rpsF		COG0360	30S ribosomal protein S6
FOM_1_00553	gene	501	ssb_1			
FOM_1_00553	CDS	501	ssb_1		COG0629	Single-stranded DNA-binding protein
FOM_1_00554	gene	246	rpsR			
FOM_1_00554	CDS	246	rpsR		COG0238	30S ribosomal protein S18
FOM_1_00555	gene	774	lpxG			
FOM_1_00555	CDS	774	lpxG	3.6.1.-	COG1408	UDP-2,3-diacylglucosamine pyrophosphatase LpxG
FOM_1_00556	gene	309				
FOM_1_00556	CDS	309				hypothetical protein
FOM_1_00557	gene	849	hexR_1			
FOM_1_00557	CDS	849	hexR_1		COG1737	HTH-type transcriptional regulator HexR
FOM_1_00558	gene	909				
FOM_1_00558	CDS	909		1.1.1.343	COG1023	6-phosphogluconate dehydrogenase, NAD(+)-dependent, decarboxylating
FOM_1_00559	gene	1512	xylB_1			
FOM_1_00559	CDS	1512	xylB_1	2.7.1.17	COG1070	Xylulose kinase
FOM_1_00560	gene	1416	gntT			
FOM_1_00560	CDS	1416	gntT		COG2610	High-affinity gluconate transporter
FOM_1_00561	gene	354				
FOM_1_00561	CDS	354				hypothetical protein
FOM_1_00562	gene	516				
FOM_1_00562	CDS	516				hypothetical protein
FOM_1_00563	gene	339				
FOM_1_00563	CDS	339				hypothetical protein
FOM_1_00564	gene	621				
FOM_1_00564	CDS	621				hypothetical protein
FOM_1_00565	gene	1230				
FOM_1_00565	CDS	1230				hypothetical protein
FOM_1_00566	gene	585				
FOM_1_00566	CDS	585				hypothetical protein
FOM_1_00567	gene	402				
FOM_1_00567	CDS	402				hypothetical protein
FOM_1_00568	gene	1686				
FOM_1_00568	CDS	1686				hypothetical protein
FOM_1_00569	gene	327				
FOM_1_00569	CDS	327				hypothetical protein
FOM_1_00570	gene	195				
FOM_1_00570	CDS	195				hypothetical protein
FOM_1_00571	gene	240				
FOM_1_00571	CDS	240				hypothetical protein
FOM_1_00572	gene	426				
FOM_1_00572	CDS	426				hypothetical protein
FOM_1_00573	gene	195				
FOM_1_00573	CDS	195				hypothetical protein
FOM_1_00574	gene	261				
FOM_1_00574	CDS	261				hypothetical protein
FOM_1_00575	gene	207				
FOM_1_00575	CDS	207				hypothetical protein
FOM_1_00576	gene	336				
FOM_1_00576	CDS	336				hypothetical protein
FOM_1_00577	gene	435				
FOM_1_00577	CDS	435				hypothetical protein
FOM_1_00578	gene	900	dinG_1			
FOM_1_00578	CDS	900	dinG_1	3.1.-.-		3'-5' exonuclease DinG
FOM_1_00579	gene	498				
FOM_1_00579	CDS	498				hypothetical protein
FOM_1_00580	gene	1149	xerC_4			
FOM_1_00580	CDS	1149	xerC_4			Tyrosine recombinase XerC
FOM_1_00581	gene	276	hup			
FOM_1_00581	CDS	276	hup		COG0776	DNA-binding protein HU
FOM_1_00582	gene	657				
FOM_1_00582	CDS	657				hypothetical protein
FOM_1_00583	gene	1212	nagZ			
FOM_1_00583	CDS	1212	nagZ	3.2.1.52		Beta-hexosaminidase
FOM_1_00584	gene	840	lipC			
FOM_1_00584	CDS	840	lipC	3.-.-.-	COG2755	Spore germination lipase LipC
FOM_1_00585	gene	837				
FOM_1_00585	CDS	837			COG1307	DegV domain-containing protein
FOM_1_00586	gene	654				
FOM_1_00586	CDS	654				hypothetical protein
FOM_1_00587	gene	3183	dnaE2			
FOM_1_00587	CDS	3183	dnaE2	2.7.7.7		Error-prone DNA polymerase
FOM_1_00588	gene	654				
FOM_1_00588	CDS	654		2.7.1.113	COG1428	Deoxyguanosine kinase
FOM_1_00589	gene	555	yvdD_1			
FOM_1_00589	CDS	555	yvdD_1		COG1611	LOG family protein YvdD
FOM_1_00590	gene	480				
FOM_1_00590	CDS	480				hypothetical protein
FOM_1_00591	gene	201				
FOM_1_00591	CDS	201				hypothetical protein
FOM_1_00592	gene	873				
FOM_1_00592	CDS	873				hypothetical protein
FOM_1_00593	gene	915				
FOM_1_00593	CDS	915		1.1.1.-		L-2-hydroxyisocaproate dehydrogenase
FOM_1_00594	gene	1608	pyrG			
FOM_1_00594	CDS	1608	pyrG	6.3.4.2	COG0504	CTP synthase
FOM_1_00595	gene	1137				
FOM_1_00595	CDS	1137		2.6.1.51	COG0075	Serine-pyruvate aminotransferase
FOM_1_00596	gene	543				
FOM_1_00596	CDS	543				hypothetical protein
FOM_1_00597	gene	492	hmpT			
FOM_1_00597	CDS	492	hmpT		COG4720	Thiamine precursor transporter HmpT
FOM_1_00598	gene	789	pdxK			
FOM_1_00598	CDS	789	pdxK	2.7.1.35	COG0351	Pyridoxine kinase
FOM_1_00599	gene	762	truA			
FOM_1_00599	CDS	762	truA	5.4.99.12	COG0101	tRNA pseudouridine synthase A
FOM_1_00600	gene	76				
FOM_1_00600	tRNA	76				tRNA-Arg(tct)
FOM_1_00601	gene	1386	tagU_1			
FOM_1_00601	CDS	1386	tagU_1	2.7.8.-		Polyisoprenyl-teichoic acid--peptidoglycan teichoic acid transferase TagU
FOM_1_00602	gene	519	aaaT			
FOM_1_00602	CDS	519	aaaT	2.3.1.-	COG0454	L-amino acid N-acetyltransferase AaaT
FOM_1_00603	gene	465	tsaE			
FOM_1_00603	CDS	465	tsaE		COG0802	tRNA threonylcarbamoyladenosine biosynthesis protein TsaE
FOM_1_00604	gene	660				
FOM_1_00604	CDS	660				hypothetical protein
FOM_1_00605	gene	768				
FOM_1_00605	CDS	768				hypothetical protein
FOM_1_00606	gene	666	pgmB			
FOM_1_00606	CDS	666	pgmB	5.4.2.6	COG0637	Beta-phosphoglucomutase
FOM_1_00607	gene	2310	trePP			
FOM_1_00607	CDS	2310	trePP	2.4.1.216	COG1554	Trehalose 6-phosphate phosphorylase
FOM_1_00608	gene	1566	bglF_1			
FOM_1_00608	CDS	1566	bglF_1		COG1263	PTS system beta-glucoside-specific EIIBCA component
FOM_1_00609	gene	486	crr			
FOM_1_00609	CDS	486	crr			PTS system glucose-specific EIIA component
FOM_1_00610	gene	717	treR			
FOM_1_00610	CDS	717	treR		COG2188	HTH-type transcriptional regulator TreR
FOM_1_00611	gene	1359	glmM			
FOM_1_00611	CDS	1359	glmM	5.4.2.10	COG1109	Phosphoglucosamine mutase
FOM_1_00612	gene	960				
FOM_1_00612	CDS	960				hypothetical protein
FOM_1_00613	gene	879	dacA_1			
FOM_1_00613	CDS	879	dacA_1	2.7.7.85	COG1624	Diadenylate cyclase
FOM_1_00614	gene	3672				
FOM_1_00614	CDS	3672		1.2.7.1	COG0674	Pyruvate:ferredoxin oxidoreductase
FOM_1_00615	gene	1137	msmX			
FOM_1_00615	CDS	1137	msmX	7.5.2.-	COG3839	Oligosaccharides import ATP-binding protein MsmX
FOM_1_00616	gene	1026	dagK_1			
FOM_1_00616	CDS	1026	dagK_1	2.7.1.107	COG1597	Diacylglycerol kinase
FOM_1_00617	gene	1965	ligA			
FOM_1_00617	CDS	1965	ligA	6.5.1.2		DNA ligase
FOM_1_00618	gene	71				
FOM_1_00618	tRNA	71				tRNA-Cys(gca)
FOM_1_00619	gene	282				
FOM_1_00619	CDS	282				hypothetical protein
FOM_1_00620	gene	1437	bglA_3			
FOM_1_00620	CDS	1437	bglA_3	3.2.1.86	COG2723	Aryl-phospho-beta-D-glucosidase BglA
FOM_1_00621	gene	1338	licC_2			
FOM_1_00621	CDS	1338	licC_2		COG1455	Lichenan permease IIC component
FOM_1_00622	gene	729				
FOM_1_00622	CDS	729				hypothetical protein
FOM_1_00623	gene	351	ptcA_1			
FOM_1_00623	CDS	351	ptcA_1		COG1447	PTS system cellobiose-specific EIIA component
FOM_1_00624	gene	327	ptcB			
FOM_1_00624	CDS	327	ptcB	2.7.1.205	COG1440	PTS system cellobiose-specific EIIB component
FOM_1_00625	gene	747	glvR			
FOM_1_00625	CDS	747	glvR		COG1737	HTH-type transcriptional regulator GlvR
FOM_1_00626	gene	585				
FOM_1_00626	CDS	585				hypothetical protein
FOM_1_00627	gene	1341	cshB			
FOM_1_00627	CDS	1341	cshB	3.6.4.13	COG0513	DEAD-box ATP-dependent RNA helicase CshB
FOM_1_00628	gene	2355	cstA			
FOM_1_00628	CDS	2355	cstA		COG1966	Peptide transporter CstA
FOM_1_00629	gene	621	sodA			
FOM_1_00629	CDS	621	sodA	1.15.1.1		Superoxide dismutase [Mn]
FOM_1_00630	gene	1044	fni			
FOM_1_00630	CDS	1044	fni	5.3.3.2		Isopentenyl-diphosphate delta-isomerase
FOM_1_00631	gene	990				
FOM_1_00631	CDS	990		2.7.4.2		Phosphomevalonate kinase
FOM_1_00632	gene	957				
FOM_1_00632	CDS	957				hypothetical protein
FOM_1_00633	gene	933	galK_1			
FOM_1_00633	CDS	933	galK_1	2.7.1.6		Galactokinase
FOM_1_00634	gene	192				
FOM_1_00634	CDS	192				hypothetical protein
FOM_1_00635	gene	876	rsmI			
FOM_1_00635	CDS	876	rsmI	2.1.1.198	COG0313	Ribosomal RNA small subunit methyltransferase I
FOM_1_00636	gene	327	yabA			
FOM_1_00636	CDS	327	yabA		COG4467	Initiation-control protein YabA
FOM_1_00637	gene	783				
FOM_1_00637	CDS	783				hypothetical protein
FOM_1_00638	gene	861				
FOM_1_00638	CDS	861				hypothetical protein
FOM_1_00639	gene	636	tmk			
FOM_1_00639	CDS	636	tmk	2.7.4.9	COG0125	Thymidylate kinase
FOM_1_00640	gene	702	walR			
FOM_1_00640	CDS	702	walR		COG0745	Transcriptional regulatory protein WalR
FOM_1_00641	gene	1443	walK			
FOM_1_00641	CDS	1443	walK	2.7.13.3		Sensor histidine kinase WalK
FOM_1_00642	gene	813	yycJ			
FOM_1_00642	CDS	813	yycJ	3.-.-.-	COG1235	Putative metallo-hydrolase YycJ
FOM_1_00643	gene	1629	groL			
FOM_1_00643	CDS	1629	groL		COG0459	60 kDa chaperonin
FOM_1_00644	gene	285	groS			
FOM_1_00644	CDS	285	groS			10 kDa chaperonin
FOM_1_00645	gene	390	ssb_2			
FOM_1_00645	CDS	390	ssb_2		COG0629	Single-stranded DNA-binding protein
FOM_1_00646	gene	1341	noxE			
FOM_1_00646	CDS	1341	noxE	1.6.99.3	COG0446	NADH oxidase
FOM_1_00647	gene	627				
FOM_1_00647	CDS	627				hypothetical protein
FOM_1_00648	gene	318	ytpP			
FOM_1_00648	CDS	318	ytpP			Thioredoxin-like protein YtpP
FOM_1_00649	gene	285				
FOM_1_00649	CDS	285				hypothetical protein
FOM_1_00650	gene	1068	pepA			
FOM_1_00650	CDS	1068	pepA	3.4.11.7	COG1363	Glutamyl aminopeptidase
FOM_1_00651	gene	2406	mtgA_1			
FOM_1_00651	CDS	2406	mtgA_1	2.4.1.129		Biosynthetic peptidoglycan transglycosylase
FOM_1_00652	gene	1260	tyrS			
FOM_1_00652	CDS	1260	tyrS	6.1.1.1	COG0162	Tyrosine--tRNA ligase
FOM_1_00653	gene	471				
FOM_1_00653	CDS	471				hypothetical protein
FOM_1_00654	gene	2043				
FOM_1_00654	CDS	2043				hypothetical protein
FOM_1_00655	gene	435				
FOM_1_00655	CDS	435				hypothetical protein
FOM_1_00656	gene	606	azoR			
FOM_1_00656	CDS	606	azoR	1.7.1.17	COG1182	FMN-dependent NADH-azoreductase
FOM_1_00657	gene	1404	ribZ_1			
FOM_1_00657	CDS	1404	ribZ_1			Riboflavin transporter RibZ
FOM_1_00658	gene	1221	thiI			
FOM_1_00658	CDS	1221	thiI	2.8.1.4	COG0301	putative tRNA sulfurtransferase
FOM_1_00659	gene	975				
FOM_1_00659	CDS	975				hypothetical protein
FOM_1_00660	gene	822	cysL_1			
FOM_1_00660	CDS	822	cysL_1		COG0583	HTH-type transcriptional regulator CysL
FOM_1_00661	gene	945	ldh_1			
FOM_1_00661	CDS	945	ldh_1	1.1.1.27		L-lactate dehydrogenase
FOM_1_00662	gene	1041				
FOM_1_00662	CDS	1041				hypothetical protein
FOM_1_00663	gene	819	cysL_2			
FOM_1_00663	CDS	819	cysL_2		COG0583	HTH-type transcriptional regulator CysL
FOM_1_00664	gene	1485	lysS			
FOM_1_00664	CDS	1485	lysS	6.1.1.6	COG1190	Lysine--tRNA ligase
FOM_1_00665	gene	978	apbE_1			
FOM_1_00665	CDS	978	apbE_1	2.7.1.180	COG1477	FAD:protein FMN transferase
FOM_1_00666	gene	813				
FOM_1_00666	CDS	813				hypothetical protein
FOM_1_00667	gene	1434	lysP_2			
FOM_1_00667	CDS	1434	lysP_2		COG0833	Lysine-specific permease
FOM_1_00668	gene	831				
FOM_1_00668	CDS	831				hypothetical protein
FOM_1_00669	gene	882				
FOM_1_00669	CDS	882		5.4.99.-	COG0564	putative RNA pseudouridine synthase
FOM_1_00670	gene	813	nadK			
FOM_1_00670	CDS	813	nadK	2.7.1.23	COG0061	NAD kinase
FOM_1_00671	gene	681	yjbM			
FOM_1_00671	CDS	681	yjbM	2.7.6.5	COG2357	GTP pyrophosphokinase YjbM
FOM_1_00672	gene	807				
FOM_1_00672	CDS	807				hypothetical protein
FOM_1_00673	gene	594	yjbK			
FOM_1_00673	CDS	594	yjbK	3.6.1.-	COG4116	Putative triphosphatase YjbK
FOM_1_00674	gene	519				
FOM_1_00674	CDS	519				hypothetical protein
FOM_1_00675	gene	327				
FOM_1_00675	CDS	327				hypothetical protein
FOM_1_00676	gene	327				
FOM_1_00676	CDS	327				hypothetical protein
FOM_1_00677	gene	1380	serP1			
FOM_1_00677	CDS	1380	serP1		COG1113	Serine permease SerP1
FOM_1_00678	gene	1374	serP2			
FOM_1_00678	CDS	1374	serP2		COG1113	DL-alanine permease SerP2
FOM_1_00679	gene	1164	recA_1			
FOM_1_00679	CDS	1164	recA_1		COG0468	Protein RecA
FOM_1_00680	gene	819	mutM			
FOM_1_00680	CDS	819	mutM	3.2.2.23	COG0266	Formamidopyrimidine-DNA glycosylase
FOM_1_00681	gene	1593	asnB_2			
FOM_1_00681	CDS	1593	asnB_2	6.3.5.4	COG0367	Asparagine synthetase B [glutamine-hydrolyzing]
FOM_1_00682	gene	912	era			
FOM_1_00682	CDS	912	era		COG1159	GTPase Era
FOM_1_00683	gene	1644	cshA			
FOM_1_00683	CDS	1644	cshA	3.6.4.13	COG0513	ATP-dependent RNA helicase CshA
FOM_1_00684	gene	1572	prfC			
FOM_1_00684	CDS	1572	prfC			Peptide chain release factor 3
FOM_1_00685	gene	942	oppF_1			
FOM_1_00685	CDS	942	oppF_1		COG4608	Oligopeptide transport ATP-binding protein OppF
FOM_1_00686	gene	1050	oppD_1			
FOM_1_00686	CDS	1050	oppD_1		COG0444	Oligopeptide transport ATP-binding protein OppD
FOM_1_00687	gene	1032	oppC_1			
FOM_1_00687	CDS	1032	oppC_1		COG1173	Oligopeptide transport system permease protein OppC
FOM_1_00688	gene	912	oppB			
FOM_1_00688	CDS	912	oppB		COG0601	Oligopeptide transport system permease protein OppB
FOM_1_00689	gene	1638	oppA_1			
FOM_1_00689	CDS	1638	oppA_1		COG4166	Oligopeptide-binding protein OppA
FOM_1_00690	gene	1653	oppA_2			
FOM_1_00690	CDS	1653	oppA_2		COG4166	Oligopeptide-binding protein OppA
FOM_1_00691	gene	1323	murF			
FOM_1_00691	CDS	1323	murF	6.3.2.10	COG0770	UDP-N-acetylmuramoyl-tripeptide--D-alanyl-D-alanine ligase
FOM_1_00692	gene	1050	ddl			
FOM_1_00692	CDS	1050	ddl	6.3.2.4	COG1181	D-alanine--D-alanine ligase
FOM_1_00693	gene	597	recR			
FOM_1_00693	CDS	597	recR		COG0353	Recombination protein RecR
FOM_1_00694	gene	2166	penA			
FOM_1_00694	CDS	2166	penA		COG0768	Penicillin-binding protein 2B
FOM_1_00695	gene	1530	ahpF			
FOM_1_00695	CDS	1530	ahpF	1.6.99.3		NADH dehydrogenase
FOM_1_00696	gene	564	ahpC			
FOM_1_00696	CDS	564	ahpC	1.11.1.15	COG0450	Alkyl hydroperoxide reductase C
FOM_1_00697	gene	702	gpmA_1			
FOM_1_00697	CDS	702	gpmA_1	5.4.2.11		2,3-bisphosphoglycerate-dependent phosphoglycerate mutase
FOM_1_00698	gene	393				
FOM_1_00698	CDS	393				hypothetical protein
FOM_1_00699	gene	348	ytcD			
FOM_1_00699	CDS	348	ytcD		COG1733	putative HTH-type transcriptional regulator YtcD
FOM_1_00700	gene	819	yvgN			
FOM_1_00700	CDS	819	yvgN	1.1.1.-	COG0656	Glyoxal reductase
FOM_1_00701	gene	1182	ydhP			
FOM_1_00701	CDS	1182	ydhP		COG2814	Inner membrane transport protein YdhP
FOM_1_00702	gene	906				
FOM_1_00702	CDS	906				hypothetical protein
FOM_1_00703	gene	942	yxeB			
FOM_1_00703	CDS	942	yxeB		COG0614	Iron(3+)-hydroxamate-binding protein YxeB
FOM_1_00704	gene	939	fpuB_1			
FOM_1_00704	CDS	939	fpuB_1		COG0609	Petrobactin import system permease protein FpuB
FOM_1_00705	gene	951	fpuB_2			
FOM_1_00705	CDS	951	fpuB_2		COG0609	Petrobactin import system permease protein FpuB
FOM_1_00706	gene	780	fecE			
FOM_1_00706	CDS	780	fecE		COG1120	Fe(3+) dicitrate transport ATP-binding protein FecE
FOM_1_00707	gene	822	ecfT_1			
FOM_1_00707	CDS	822	ecfT_1			Energy-coupling factor transporter transmembrane protein EcfT
FOM_1_00708	gene	1698	ykoD			
FOM_1_00708	CDS	1698	ykoD	3.6.3.-	COG1122	Putative HMP/thiamine import ATP-binding protein YkoD
FOM_1_00709	gene	549				
FOM_1_00709	CDS	549				hypothetical protein
FOM_1_00710	gene	696	metP			
FOM_1_00710	CDS	696	metP		COG2011	Methionine import system permease protein MetP
FOM_1_00711	gene	1107	metN			
FOM_1_00711	CDS	1107	metN	3.6.3.-	COG1135	Methionine import ATP-binding protein MetN
FOM_1_00712	gene	861	metQ_1			
FOM_1_00712	CDS	861	metQ_1		COG1464	D-methionine-binding lipoprotein MetQ
FOM_1_00713	gene	861	metQ_2			
FOM_1_00713	CDS	861	metQ_2		COG1464	D-methionine-binding lipoprotein MetQ
FOM_1_00714	gene	861	metQ_3			
FOM_1_00714	CDS	861	metQ_3		COG1464	putative D-methionine-binding lipoprotein MetQ
FOM_1_00715	gene	861	metQ_4			
FOM_1_00715	CDS	861	metQ_4		COG1464	D-methionine-binding lipoprotein MetQ
FOM_1_00716	gene	549	thiT			
FOM_1_00716	CDS	549	thiT		COG3859	Thiamine transporter ThiT
FOM_1_00717	gene	477				
FOM_1_00717	CDS	477				hypothetical protein
FOM_1_00718	gene	549	bioY2			
FOM_1_00718	CDS	549	bioY2		COG1268	Biotin transporter BioY2
FOM_1_00719	gene	357				
FOM_1_00719	CDS	357				hypothetical protein
FOM_1_00720	gene	219				
FOM_1_00720	CDS	219				hypothetical protein
FOM_1_00721	gene	1266	murA1_1			
FOM_1_00721	CDS	1266	murA1_1	2.5.1.7		UDP-N-acetylglucosamine 1-carboxyvinyltransferase
FOM_1_00722	gene	1995	btuD_4			
FOM_1_00722	CDS	1995	btuD_4	7.6.2.8		Vitamin B12 import ATP-binding protein BtuD
FOM_1_00723	gene	1740				
FOM_1_00723	CDS	1740			COG1132	putative ABC transporter ATP-binding protein
FOM_1_00724	gene	351				
FOM_1_00724	CDS	351				hypothetical protein
FOM_1_00725	gene	1278	fieF			
FOM_1_00725	CDS	1278	fieF			Ferrous-iron efflux pump FieF
FOM_1_00726	gene	474	pchR			
FOM_1_00726	CDS	474	pchR			HTH-type transcriptional regulator PchR
FOM_1_00727	gene	1194	tetA_1			
FOM_1_00727	CDS	1194	tetA_1			Tetracycline resistance protein, class C
FOM_1_00728	gene	2541	pepN			
FOM_1_00728	CDS	2541	pepN	3.4.11.2	COG0308	Aminopeptidase N
FOM_1_00729	gene	483	tpx			
FOM_1_00729	CDS	483	tpx	1.11.1.15	COG2077	Thiol peroxidase
FOM_1_00730	gene	120				
FOM_1_00730	CDS	120				hypothetical protein
FOM_1_00731	gene	1560	yfkN			
FOM_1_00731	CDS	1560	yfkN		COG0737	Trifunctional nucleotide phosphoesterase protein YfkN
FOM_1_00732	gene	810	phnE			
FOM_1_00732	CDS	810	phnE		COG3639	Phosphate-import permease protein PhnE
FOM_1_00733	gene	813				
FOM_1_00733	CDS	813				hypothetical protein
FOM_1_00734	gene	741	glnQ			
FOM_1_00734	CDS	741	glnQ			Glutamine transport ATP-binding protein GlnQ
FOM_1_00735	gene	1050				
FOM_1_00735	CDS	1050				hypothetical protein
FOM_1_00736	gene	762				
FOM_1_00736	CDS	762				hypothetical protein
FOM_1_00737	gene	291				
FOM_1_00737	CDS	291				hypothetical protein
FOM_1_00738	gene	201				
FOM_1_00738	CDS	201				hypothetical protein
FOM_1_00739	gene	1041	tsaD			
FOM_1_00739	CDS	1041	tsaD	2.3.1.234	COG0533	tRNA N6-adenosine threonylcarbamoyltransferase
FOM_1_00740	gene	471				
FOM_1_00740	CDS	471				hypothetical protein
FOM_1_00741	gene	570	ypeA			
FOM_1_00741	CDS	570	ypeA	2.3.1.-		Acetyltransferase YpeA
FOM_1_00742	gene	726	tsaB			
FOM_1_00742	CDS	726	tsaB		COG1214	tRNA threonylcarbamoyladenosine biosynthesis protein TsaB
FOM_1_00743	gene	249				
FOM_1_00743	CDS	249				hypothetical protein
FOM_1_00744	gene	1683	rnj1			
FOM_1_00744	CDS	1683	rnj1	3.1.-.-		Ribonuclease J 1
FOM_1_00745	gene	654				
FOM_1_00745	CDS	654				hypothetical protein
FOM_1_00746	gene	1035	add			
FOM_1_00746	CDS	1035	add	3.5.4.4	COG1816	Adenosine deaminase
FOM_1_00747	gene	444				
FOM_1_00747	CDS	444				Protein SprT-like protein
FOM_1_00748	gene	2139	yhgF			
FOM_1_00748	CDS	2139	yhgF		COG2183	Protein YhgF
FOM_1_00749	gene	612	rpsD			
FOM_1_00749	CDS	612	rpsD		COG0522	30S ribosomal protein S4
FOM_1_00750	gene	108				
FOM_1_00750	CDS	108				hypothetical protein
FOM_1_00751	gene	74				
FOM_1_00751	tRNA	74				tRNA-Pro(tgg)
FOM_1_00752	gene	74				
FOM_1_00752	tRNA	74				tRNA-Arg(acg)
FOM_1_00753	gene	1119				
FOM_1_00753	CDS	1119				hypothetical protein
FOM_1_00754	gene	1155				
FOM_1_00754	CDS	1155		3.5.1.47	COG1473	N-acetyldiaminopimelate deacetylase
FOM_1_00755	gene	771	dapH			
FOM_1_00755	CDS	771	dapH	2.3.1.89	COG2171	2,3,4,5-tetrahydropyridine-2,6-dicarboxylate N-acetyltransferase
FOM_1_00756	gene	612				
FOM_1_00756	CDS	612				hypothetical protein
FOM_1_00757	gene	801	ecfT_2			
FOM_1_00757	CDS	801	ecfT_2		COG0619	Energy-coupling factor transporter transmembrane protein EcfT
FOM_1_00758	gene	867	ecfA2			
FOM_1_00758	CDS	867	ecfA2	3.6.3.-	COG1122	Energy-coupling factor transporter ATP-binding protein EcfA2
FOM_1_00759	gene	834	ecfA1			
FOM_1_00759	CDS	834	ecfA1	7.-.-.-	COG1122	Energy-coupling factor transporter ATP-binding protein EcfA1
FOM_1_00760	gene	88				
FOM_1_00760	tRNA	88				tRNA-Ser(gga)
FOM_1_00761	gene	1269	eno_2			
FOM_1_00761	CDS	1269	eno_2	4.2.1.11	COG0148	Enolase
FOM_1_00762	gene	507				
FOM_1_00762	CDS	507				hypothetical protein
FOM_1_00763	gene	600				
FOM_1_00763	CDS	600				hypothetical protein
FOM_1_00764	gene	2244	nrdD			
FOM_1_00764	CDS	2244	nrdD	1.1.98.6	COG1328	Anaerobic ribonucleoside-triphosphate reductase
FOM_1_00765	gene	1320				
FOM_1_00765	CDS	1320		3.2.1.17		Muramidase-2
FOM_1_00766	gene	285				
FOM_1_00766	CDS	285				hypothetical protein
FOM_1_00767	gene	549				
FOM_1_00767	CDS	549				hypothetical protein
FOM_1_00768	gene	513	pncA			
FOM_1_00768	CDS	513	pncA	3.5.1.19	COG1335	Nicotinamidase/pyrazinamidase
FOM_1_00769	gene	846				
FOM_1_00769	CDS	846		1.-.-.-	COG0656	putative oxidoreductase/MSMEI_2347
FOM_1_00770	gene	465				
FOM_1_00770	CDS	465				hypothetical protein
FOM_1_00771	gene	477	luxS			
FOM_1_00771	CDS	477	luxS	4.4.1.21	COG1854	S-ribosylhomocysteine lyase
FOM_1_00772	gene	168				
FOM_1_00772	CDS	168				hypothetical protein
FOM_1_00773	gene	1020	yhhX			
FOM_1_00773	CDS	1020	yhhX	1.-.-.-	COG0673	putative oxidoreductase YhhX
FOM_1_00774	gene	654				
FOM_1_00774	CDS	654				hypothetical protein
FOM_1_00775	gene	1878				
FOM_1_00775	CDS	1878		7.6.2.-	COG1132	Fatty acid ABC transporter ATP-binding/permease protein
FOM_1_00776	gene	1836				
FOM_1_00776	CDS	1836			COG1132	putative ABC transporter ATP-binding protein
FOM_1_00777	gene	414				
FOM_1_00777	CDS	414				hypothetical protein
FOM_1_00778	gene	828	nnrD			
FOM_1_00778	CDS	828	nnrD	4.2.1.136	COG0063	ADP-dependent (S)-NAD(P)H-hydrate dehydratase
FOM_1_00779	gene	1278	baiN			
FOM_1_00779	CDS	1278	baiN	1.3.1.114	COG2081	3-dehydro-bile acid delta(4,6)-reductase
FOM_1_00780	gene	87				
FOM_1_00780	tRNA	87				tRNA-Leu(aag)
FOM_1_00781	gene	1923	fbp			
FOM_1_00781	CDS	1923	fbp	3.1.3.11	COG3855	Fructose-1,6-bisphosphatase class 3
FOM_1_00782	gene	1170	rlmI			
FOM_1_00782	CDS	1170	rlmI	2.1.1.191	COG1092	Ribosomal RNA large subunit methyltransferase I
FOM_1_00783	gene	1143	lnrN			
FOM_1_00783	CDS	1143	lnrN		COG0842	Linearmycin resistance permease protein LnrN
FOM_1_00784	gene	747	ybhF			
FOM_1_00784	CDS	747	ybhF		COG1131	putative multidrug ABC transporter ATP-binding protein YbhF
FOM_1_00785	gene	648	slmA_2			
FOM_1_00785	CDS	648	slmA_2			Nucleoid occlusion factor SlmA
FOM_1_00786	gene	1380	pepDA_2			
FOM_1_00786	CDS	1380	pepDA_2	3.4.-.-	COG4690	Dipeptidase A
FOM_1_00787	gene	717	glpF_1			
FOM_1_00787	CDS	717	glpF_1		COG0580	Glycerol uptake facilitator protein
FOM_1_00788	gene	372	dhaM			
FOM_1_00788	CDS	372	dhaM	2.7.1.121	COG3412	PTS-dependent dihydroxyacetone kinase, phosphotransferase subunit DhaM
FOM_1_00789	gene	579	dhaL			
FOM_1_00789	CDS	579	dhaL	2.7.1.121	COG2376	PTS-dependent dihydroxyacetone kinase, ADP-binding subunit DhaL
FOM_1_00790	gene	993	dhaK			
FOM_1_00790	CDS	993	dhaK	2.7.1.121	COG2376	PTS-dependent dihydroxyacetone kinase, dihydroxyacetone-binding subunit DhaK
FOM_1_00791	gene	564	dhaS			
FOM_1_00791	CDS	564	dhaS			HTH-type dhaKLM operon transcriptional activator DhaS
FOM_1_00792	gene	987	dhaQ			
FOM_1_00792	CDS	987	dhaQ		COG2376	DhaKLM operon coactivator DhaQ
FOM_1_00793	gene	1197	pgk			
FOM_1_00793	CDS	1197	pgk	2.7.2.3	COG0126	Phosphoglycerate kinase
FOM_1_00794	gene	813				
FOM_1_00794	CDS	813		3.1.3.-	COG0561	Putative phosphatase
FOM_1_00795	gene	177	rpsU			
FOM_1_00795	CDS	177	rpsU		COG0828	30S ribosomal protein S21
FOM_1_00796	gene	363	adhR_1			
FOM_1_00796	CDS	363	adhR_1		COG0789	HTH-type transcriptional regulator AdhR
FOM_1_00797	gene	1422	bmr3			
FOM_1_00797	CDS	1422	bmr3			Multidrug resistance protein 3
FOM_1_00798	gene	546				
FOM_1_00798	CDS	546				hypothetical protein
FOM_1_00799	gene	912	tdh			
FOM_1_00799	CDS	912	tdh	1.1.1.103		L-threonine 3-dehydrogenase
FOM_1_00800	gene	660	ung			
FOM_1_00800	CDS	660	ung	3.2.2.27	COG0692	Uracil-DNA glycosylase
FOM_1_00801	gene	642				
FOM_1_00801	CDS	642				hypothetical protein
FOM_1_00802	gene	717	yeeN			
FOM_1_00802	CDS	717	yeeN		COG0217	putative transcriptional regulatory protein YeeN
FOM_1_00803	gene	426				
FOM_1_00803	CDS	426				hypothetical protein
FOM_1_00804	gene	1170	tmcAL			
FOM_1_00804	CDS	1170	tmcAL	6.3.4.-	COG1323	tRNA(Met) cytidine acetate ligase
FOM_1_00805	gene	735	COQ5_1			
FOM_1_00805	CDS	735	COQ5_1	2.1.1.163		2-methoxy-6-polyprenyl-1,4-benzoquinol methylase, mitochondrial
FOM_1_00806	gene	360	rsfS			
FOM_1_00806	CDS	360	rsfS		COG0799	Ribosomal silencing factor RsfS
FOM_1_00807	gene	426				
FOM_1_00807	CDS	426				hypothetical protein
FOM_1_00808	gene	591				
FOM_1_00808	CDS	591				hypothetical protein
FOM_1_00809	gene	612	nadD_1			
FOM_1_00809	CDS	612	nadD_1	2.7.7.18		putative nicotinate-nucleotide adenylyltransferase
FOM_1_00810	gene	315	yhbY			
FOM_1_00810	CDS	315	yhbY		COG1534	RNA-binding protein YhbY
FOM_1_00811	gene	1245	hflX			
FOM_1_00811	CDS	1245	hflX		COG2262	GTPase HflX
FOM_1_00812	gene	504				
FOM_1_00812	CDS	504				hypothetical protein
FOM_1_00813	gene	1206	yqeH			
FOM_1_00813	CDS	1206	yqeH		COG1161	putative protein YqeH
FOM_1_00814	gene	1482	guaB			
FOM_1_00814	CDS	1482	guaB	1.1.1.205	COG0516	Inosine-5'-monophosphate dehydrogenase
FOM_1_00815	gene	1371				
FOM_1_00815	CDS	1371				hypothetical protein
FOM_1_00816	gene	1380				
FOM_1_00816	CDS	1380				hypothetical protein
FOM_1_00817	gene	1728				
FOM_1_00817	CDS	1728				hypothetical protein
FOM_1_00818	gene	435	tagD			
FOM_1_00818	CDS	435	tagD	2.7.7.39	COG0615	Glycerol-3-phosphate cytidylyltransferase
FOM_1_00819	gene	900				
FOM_1_00819	CDS	900				hypothetical protein
FOM_1_00820	gene	1164	epsF			
FOM_1_00820	CDS	1164	epsF	2.4.-.-	COG0438	Putative glycosyltransferase EpsF
FOM_1_00821	gene	846				
FOM_1_00821	CDS	846				hypothetical protein
FOM_1_00822	gene	1140	bshA			
FOM_1_00822	CDS	1140	bshA	2.4.1.-	COG0438	N-acetyl-alpha-D-glucosaminyl L-malate synthase
FOM_1_00823	gene	1428	tuaB			
FOM_1_00823	CDS	1428	tuaB		COG2244	Teichuronic acid biosynthesis protein TuaB
FOM_1_00824	gene	942	wbgU			
FOM_1_00824	CDS	942	wbgU	5.1.3.7		UDP-N-acetylglucosamine 4-epimerase
FOM_1_00825	gene	366				
FOM_1_00825	CDS	366				hypothetical protein
FOM_1_00826	gene	738	arnC_1			
FOM_1_00826	CDS	738	arnC_1	2.4.2.53		Undecaprenyl-phosphate 4-deoxy-4-formamido-L-arabinose transferase
FOM_1_00827	gene	1767				
FOM_1_00827	CDS	1767				hypothetical protein
FOM_1_00828	gene	966				
FOM_1_00828	CDS	966				hypothetical protein
FOM_1_00829	gene	1377				
FOM_1_00829	CDS	1377				hypothetical protein
FOM_1_00830	gene	1194	btuD_5			
FOM_1_00830	CDS	1194	btuD_5	7.6.2.8		Vitamin B12 import ATP-binding protein BtuD
FOM_1_00831	gene	810				
FOM_1_00831	CDS	810				hypothetical protein
FOM_1_00832	gene	939				
FOM_1_00832	CDS	939				hypothetical protein
FOM_1_00833	gene	1209				
FOM_1_00833	CDS	1209				hypothetical protein
FOM_1_00834	gene	900	strL			
FOM_1_00834	CDS	900	strL	1.1.1.133	COG1091	dTDP-4-dehydrorhamnose reductase
FOM_1_00835	gene	381				
FOM_1_00835	CDS	381				hypothetical protein
FOM_1_00836	gene	1053	rmlB			
FOM_1_00836	CDS	1053	rmlB	4.2.1.46	COG1088	dTDP-glucose 4,6-dehydratase
FOM_1_00837	gene	255				
FOM_1_00837	CDS	255				hypothetical protein
FOM_1_00838	gene	594	rfbC			
FOM_1_00838	CDS	594	rfbC	5.1.3.-		Protein RmlC 
FOM_1_00839	gene	294				
FOM_1_00839	CDS	294				hypothetical protein
FOM_1_00840	gene	870	rfbA			
FOM_1_00840	CDS	870	rfbA	2.7.7.24	COG1209	Glucose-1-phosphate thymidylyltransferase 1
FOM_1_00841	gene	660				
FOM_1_00841	CDS	660				hypothetical protein
FOM_1_00842	gene	195	rpmB			
FOM_1_00842	CDS	195	rpmB		COG0227	50S ribosomal protein L28
FOM_1_00843	gene	369				
FOM_1_00843	CDS	369				putative protein
FOM_1_00844	gene	1665				
FOM_1_00844	CDS	1665				putative protein
FOM_1_00845	gene	429	msrB			
FOM_1_00845	CDS	429	msrB	1.8.4.12		Peptide methionine sulfoxide reductase MsrB
FOM_1_00846	gene	459				
FOM_1_00846	CDS	459				hypothetical protein
FOM_1_00847	gene	2130	feoB			
FOM_1_00847	CDS	2130	feoB		COG0370	Fe(2+) transporter FeoB
FOM_1_00848	gene	201				
FOM_1_00848	CDS	201				hypothetical protein
FOM_1_00849	gene	1149				
FOM_1_00849	CDS	1149				hypothetical protein
FOM_1_00850	gene	906	menA_1			
FOM_1_00850	CDS	906	menA_1	2.5.1.74		1,4-dihydroxy-2-naphthoate octaprenyltransferase
FOM_1_00851	gene	1011	hepT_1			
FOM_1_00851	CDS	1011	hepT_1	2.5.1.30	COG0142	Heptaprenyl diphosphate synthase component 2
FOM_1_00852	gene	612				
FOM_1_00852	CDS	612		1.-.-.-		Putative NAD(P)H nitroreductase
FOM_1_00853	gene	1098	rlmN			
FOM_1_00853	CDS	1098	rlmN	2.1.1.192		putative dual-specificity RNA methyltransferase RlmN
FOM_1_00854	gene	759				
FOM_1_00854	CDS	759				hypothetical protein
FOM_1_00855	gene	1344	mggB			
FOM_1_00855	CDS	1344	mggB	3.1.3.-	COG0737	Mannosylglucosyl-3-phosphoglycerate phosphatase
FOM_1_00856	gene	453	dut			
FOM_1_00856	CDS	453	dut	3.6.1.23	COG0756	Deoxyuridine 5'-triphosphate nucleotidohydrolase
FOM_1_00857	gene	1437	bglC			
FOM_1_00857	CDS	1437	bglC	3.2.1.86	COG2723	Aryl-phospho-beta-D-glucosidase BglC
FOM_1_00858	gene	195				
FOM_1_00858	CDS	195				hypothetical protein
FOM_1_00859	gene	207				
FOM_1_00859	CDS	207				hypothetical protein
FOM_1_00860	gene	1485	celB			
FOM_1_00860	CDS	1485	celB		COG1455	PTS system cellobiose-specific EIIC component
FOM_1_00861	gene	1095				
FOM_1_00861	CDS	1095				hypothetical protein
FOM_1_00862	gene	1053	eis			
FOM_1_00862	CDS	1053	eis	2.3.1.-		N-acetyltransferase Eis
FOM_1_00863	gene	432				
FOM_1_00863	CDS	432				hypothetical protein
FOM_1_00864	gene	693				
FOM_1_00864	CDS	693				hypothetical protein
FOM_1_00865	gene	534	yqgN			
FOM_1_00865	CDS	534	yqgN		COG0212	putative protein YqgN
FOM_1_00866	gene	198	cspC_2			
FOM_1_00866	CDS	198	cspC_2		COG1278	Cold shock protein CspC
FOM_1_00867	gene	1341	mepA_1			
FOM_1_00867	CDS	1341	mepA_1		COG0534	Multidrug export protein MepA
FOM_1_00868	gene	1500	nylA			
FOM_1_00868	CDS	1500	nylA	3.5.2.12		6-aminohexanoate-cyclic-dimer hydrolase
FOM_1_00869	gene	1434	gatB			
FOM_1_00869	CDS	1434	gatB	6.3.5.-	COG0064	Aspartyl/glutamyl-tRNA(Asn/Gln) amidotransferase subunit B
FOM_1_00870	gene	603				
FOM_1_00870	CDS	603				hypothetical protein
FOM_1_00871	gene	1461	gatA			
FOM_1_00871	CDS	1461	gatA	6.3.5.7	COG0154	Glutamyl-tRNA(Gln) amidotransferase subunit A
FOM_1_00872	gene	306	gatC			
FOM_1_00872	CDS	306	gatC	6.3.5.-		Glutamyl-tRNA(Gln) amidotransferase subunit C
FOM_1_00873	gene	789	codY_1			
FOM_1_00873	CDS	789	codY_1		COG4465	GTP-sensing transcriptional pleiotropic repressor CodY
FOM_1_00874	gene	1215	alaA			
FOM_1_00874	CDS	1215	alaA	2.6.1.2	COG0436	Glutamate-pyruvate aminotransferase AlaA
FOM_1_00875	gene	1584				
FOM_1_00875	CDS	1584				hypothetical protein
FOM_1_00876	gene	240				
FOM_1_00876	CDS	240				hypothetical protein
FOM_1_00877	gene	210				
FOM_1_00877	CDS	210				hypothetical protein
FOM_1_00878	gene	792				
FOM_1_00878	CDS	792				hypothetical protein
FOM_1_00879	gene	438	yccU			
FOM_1_00879	CDS	438	yccU		COG1832	putative protein YccU
FOM_1_00880	gene	1182	cntE			
FOM_1_00880	CDS	1182	cntE			Staphylopine export protein
FOM_1_00881	gene	693				
FOM_1_00881	CDS	693				hypothetical protein
FOM_1_00882	gene	1149	tgt			
FOM_1_00882	CDS	1149	tgt	2.4.2.29		Queuine tRNA-ribosyltransferase
FOM_1_00883	gene	75				
FOM_1_00883	tRNA	75				tRNA-Thr(cgt)
FOM_1_00884	gene	5952				
FOM_1_00884	CDS	5952				hypothetical protein
FOM_1_00885	gene	321				
FOM_1_00885	CDS	321				hypothetical protein
FOM_1_00886	gene	1947	glgB			
FOM_1_00886	CDS	1947	glgB	2.4.1.18		1,4-alpha-glucan branching enzyme GlgB
FOM_1_00887	gene	546				
FOM_1_00887	CDS	546				hypothetical protein
FOM_1_00888	gene	786	hcaB_1			
FOM_1_00888	CDS	786	hcaB_1	1.3.1.87		3-phenylpropionate-dihydrodiol/cinnamic acid-dihydrodiol dehydrogenase
FOM_1_00889	gene	312				
FOM_1_00889	CDS	312				hypothetical protein
FOM_1_00890	gene	786	acr1			
FOM_1_00890	CDS	786	acr1	1.2.1.-	COG3320	Fatty acyl-CoA reductase
FOM_1_00891	gene	552				
FOM_1_00891	CDS	552				Potassium channel
FOM_1_00892	gene	324				
FOM_1_00892	CDS	324				hypothetical protein
FOM_1_00893	gene	432	yrrK			
FOM_1_00893	CDS	432	yrrK	3.1.-.-	COG0816	Putative pre-16S rRNA nuclease
FOM_1_00894	gene	267				
FOM_1_00894	CDS	267				hypothetical protein
FOM_1_00895	gene	912	ydhF			
FOM_1_00895	CDS	912	ydhF	1.-.-.-	COG4989	Oxidoreductase YdhF
FOM_1_00896	gene	135	rpmH			
FOM_1_00896	CDS	135	rpmH		COG0230	50S ribosomal protein L34
FOM_1_00897	gene	915				
FOM_1_00897	CDS	915				hypothetical protein
FOM_1_00898	gene	810	misCA			
FOM_1_00898	CDS	810	misCA		COG0706	Membrane protein insertase MisCA
FOM_1_00899	gene	354	rnpA			
FOM_1_00899	CDS	354	rnpA	3.1.26.5	COG0594	Ribonuclease P protein component
FOM_1_00900	gene	576				
FOM_1_00900	CDS	576				hypothetical protein
FOM_1_00901	gene	1197	sbnD			
FOM_1_00901	CDS	1197	sbnD			Staphyloferrin B transporter
FOM_1_00902	gene	1380	argH			
FOM_1_00902	CDS	1380	argH	4.3.2.1	COG0165	Argininosuccinate lyase
FOM_1_00903	gene	1197	argG			
FOM_1_00903	CDS	1197	argG	6.3.4.5		Argininosuccinate synthase
FOM_1_00904	gene	87				
FOM_1_00904	tRNA	87				tRNA-Ser(cga)
FOM_1_00905	gene	1245				
FOM_1_00905	CDS	1245				hypothetical protein
FOM_1_00906	gene	972	csbB_1			
FOM_1_00906	CDS	972	csbB_1	2.4.-.-	COG0463	Putative glycosyltransferase CsbB
FOM_1_00907	gene	1164	tetA_2			
FOM_1_00907	CDS	1164	tetA_2			Tetracycline resistance protein, class B
FOM_1_00908	gene	321	gdx			
FOM_1_00908	CDS	321	gdx		COG2076	Guanidinium exporter
FOM_1_00909	gene	936	menH_3			
FOM_1_00909	CDS	936	menH_3	4.2.99.20		2-succinyl-6-hydroxy-2,4-cyclohexadiene-1-carboxylate synthase
FOM_1_00910	gene	87				
FOM_1_00910	tRNA	87				tRNA-Leu(aag)
FOM_1_00911	gene	300				
FOM_1_00911	CDS	300			COG0718	Nucleoid-associated protein
FOM_1_00912	gene	309				
FOM_1_00912	CDS	309				hypothetical protein
FOM_1_00913	gene	1728	ptsI			
FOM_1_00913	CDS	1728	ptsI	2.7.3.9	COG1080	Phosphoenolpyruvate-protein phosphotransferase
FOM_1_00914	gene	267	ptsH			
FOM_1_00914	CDS	267	ptsH		COG1925	Phosphocarrier protein HPr
FOM_1_00915	gene	1038	aroF_1			
FOM_1_00915	CDS	1038	aroF_1	2.5.1.54	COG0722	Phospho-2-dehydro-3-deoxyheptonate aldolase, Tyr-sensitive
FOM_1_00916	gene	2598	secA			
FOM_1_00916	CDS	2598	secA		COG0653	Protein translocase subunit SecA
FOM_1_00917	gene	645	azoR2			
FOM_1_00917	CDS	645	azoR2	1.7.1.17	COG1182	FMN-dependent NADH-azoreductase 2
FOM_1_00918	gene	492				
FOM_1_00918	CDS	492				hypothetical protein
FOM_1_00919	gene	642	plsC			
FOM_1_00919	CDS	642	plsC	2.3.1.-	COG0204	1-acyl-sn-glycerol-3-phosphate acyltransferase
FOM_1_00920	gene	1410	yhdG			
FOM_1_00920	CDS	1410	yhdG		COG0531	putative amino acid permease YhdG
FOM_1_00921	gene	624				
FOM_1_00921	CDS	624		3.1.3.-	COG1011	D-ribitol-5-phosphate phosphatase
FOM_1_00922	gene	996				
FOM_1_00922	CDS	996				hypothetical protein
FOM_1_00923	gene	456	dtd			
FOM_1_00923	CDS	456	dtd	3.1.1.96	COG1490	D-aminoacyl-tRNA deacylase
FOM_1_00924	gene	936	csbB_2			
FOM_1_00924	CDS	936	csbB_2	2.4.-.-	COG0463	Putative glycosyltransferase CsbB
FOM_1_00925	gene	2223	relA			
FOM_1_00925	CDS	2223	relA			Bifunctional (p)ppGpp synthase/hydrolase RelA
FOM_1_00926	gene	957				
FOM_1_00926	CDS	957				hypothetical protein
FOM_1_00927	gene	753	rsmE			
FOM_1_00927	CDS	753	rsmE	2.1.1.193	COG1385	Ribosomal RNA small subunit methyltransferase E
FOM_1_00928	gene	954	prmA			
FOM_1_00928	CDS	954	prmA	2.1.1.-	COG2264	Ribosomal protein L11 methyltransferase
FOM_1_00929	gene	489				
FOM_1_00929	CDS	489				hypothetical protein
FOM_1_00930	gene	285				
FOM_1_00930	CDS	285				hypothetical protein
FOM_1_00931	gene	1554	ybiT_1			
FOM_1_00931	CDS	1554	ybiT_1		COG0488	putative ABC transporter ATP-binding protein YbiT
FOM_1_00932	gene	468				
FOM_1_00932	CDS	468				hypothetical protein
FOM_1_00933	gene	489				
FOM_1_00933	CDS	489				hypothetical protein
FOM_1_00934	gene	1260				
FOM_1_00934	CDS	1260			COG2256	putative AAA domain-containing protein
FOM_1_00935	gene	786	spo0J			
FOM_1_00935	CDS	786	spo0J		COG1475	Stage 0 sporulation protein J
FOM_1_00936	gene	1782	zosA			
FOM_1_00936	CDS	1782	zosA	3.6.3.-	COG2217	Zinc-transporting ATPase
FOM_1_00937	gene	174	rpmF			
FOM_1_00937	CDS	174	rpmF		COG0333	50S ribosomal protein L32
FOM_1_00938	gene	150	rpmGA_2			
FOM_1_00938	CDS	150	rpmGA_2			50S ribosomal protein L33 1
FOM_1_00939	gene	168				
FOM_1_00939	CDS	168				hypothetical protein
FOM_1_00940	gene	303				
FOM_1_00940	CDS	303				hypothetical protein
FOM_1_00941	gene	591				
FOM_1_00941	CDS	591				hypothetical protein
FOM_1_00942	gene	1170	mhqA			
FOM_1_00942	CDS	1170	mhqA	1.13.11.-	COG0346	Putative ring-cleaving dioxygenase MhqA
FOM_1_00943	gene	621	mhqD			
FOM_1_00943	CDS	621	mhqD	3.1.-.-	COG0400	Putative hydrolase MhqD
FOM_1_00944	gene	198				
FOM_1_00944	CDS	198				hypothetical protein
FOM_1_00945	gene	468				
FOM_1_00945	CDS	468				Putative universal stress protein
FOM_1_00946	gene	834				
FOM_1_00946	CDS	834				hypothetical protein
FOM_1_00947	gene	1281				
FOM_1_00947	CDS	1281		2.5.1.-	COG2873	O-acetyl-L-homoserine sulfhydrylase
FOM_1_00948	gene	1638	ybiT_2			
FOM_1_00948	CDS	1638	ybiT_2		COG0488	putative ABC transporter ATP-binding protein YbiT
FOM_1_00949	gene	813	ybiV			
FOM_1_00949	CDS	813	ybiV	3.1.3.23	COG0561	Sugar phosphatase YbiV
FOM_1_00950	gene	996	plsX			
FOM_1_00950	CDS	996	plsX	2.3.1.274	COG0416	Phosphate acyltransferase
FOM_1_00951	gene	1314	potE_1			
FOM_1_00951	CDS	1314	potE_1			Putrescine transporter PotE
FOM_1_00952	gene	438	osmC			
FOM_1_00952	CDS	438	osmC	1.11.1.15	COG1764	Peroxiredoxin OsmC
FOM_1_00953	gene	1026	trpS2			
FOM_1_00953	CDS	1026	trpS2	6.1.1.2	COG0180	Tryptophan--tRNA ligase 2
FOM_1_00954	gene	651	yedJ			
FOM_1_00954	CDS	651	yedJ		COG1418	putative protein YedJ
FOM_1_00955	gene	837	glpQ			
FOM_1_00955	CDS	837	glpQ	3.1.4.46	COG0584	Glycerophosphodiester phosphodiesterase
FOM_1_00956	gene	1002	lplJ			
FOM_1_00956	CDS	1002	lplJ	6.3.1.20	COG0095	Lipoate-protein ligase LplJ
FOM_1_00957	gene	1125	pdhA			
FOM_1_00957	CDS	1125	pdhA	1.2.4.1		Pyruvate dehydrogenase E1 component subunit alpha
FOM_1_00958	gene	981	pdhB			
FOM_1_00958	CDS	981	pdhB	1.2.4.1		Pyruvate dehydrogenase E1 component subunit beta
FOM_1_00959	gene	1599				
FOM_1_00959	CDS	1599				hypothetical protein
FOM_1_00960	gene	1419	pdhD			
FOM_1_00960	CDS	1419	pdhD	1.8.1.4		Dihydrolipoyl dehydrogenase
FOM_1_00961	gene	174				
FOM_1_00961	CDS	174				hypothetical protein
FOM_1_00962	gene	756	recO			
FOM_1_00962	CDS	756	recO		COG1381	DNA repair protein RecO
FOM_1_00963	gene	1176	dapX			
FOM_1_00963	CDS	1176	dapX	2.6.1.-	COG0436	putative N-acetyl-LL-diaminopimelate aminotransferase
FOM_1_00964	gene	75				
FOM_1_00964	tRNA	75				tRNA-Lys(ctt)
FOM_1_00965	gene	522				
FOM_1_00965	CDS	522				hypothetical protein
FOM_1_00966	gene	1623	dauA			
FOM_1_00966	CDS	1623	dauA		COG0659	C4-dicarboxylic acid transporter DauA
FOM_1_00967	gene	243				
FOM_1_00967	CDS	243				hypothetical protein
FOM_1_00968	gene	450	yafP			
FOM_1_00968	CDS	450	yafP	2.3.1.-	COG0454	putative N-acetyltransferase YafP
FOM_1_00969	gene	1158	mtlD			
FOM_1_00969	CDS	1158	mtlD	1.1.1.17	COG0246	Mannitol-1-phosphate 5-dehydrogenase
FOM_1_00970	gene	432	mtlF			
FOM_1_00970	CDS	432	mtlF		COG2213	Mannitol-specific phosphotransferase enzyme IIA component
FOM_1_00971	gene	1938	mtlR			
FOM_1_00971	CDS	1938	mtlR			Transcriptional regulator MtlR
FOM_1_00972	gene	1824	mtlA			
FOM_1_00972	CDS	1824	mtlA			PTS system mannitol-specific EIICB component
FOM_1_00973	gene	76				
FOM_1_00973	tRNA	76				tRNA-Asn(gtt)
FOM_1_00974	gene	103				
FOM_1_00974	rRNA	103				5S ribosomal RNA
FOM_1_00975	gene	76				
FOM_1_00975	tRNA	76				tRNA-Ile(gat)
FOM_1_00976	gene	73				
FOM_1_00976	tRNA	73				tRNA-Gly(tcc)
FOM_1_00977	gene	75				
FOM_1_00977	tRNA	75				tRNA-Phe(gaa)
FOM_1_00978	gene	76				
FOM_1_00978	tRNA	76				tRNA-Met(cat)
FOM_1_00979	gene	90				
FOM_1_00979	tRNA	90				tRNA-Ser(tga)
FOM_1_00980	gene	74				
FOM_1_00980	tRNA	74				tRNA-Glu(ttc)
FOM_1_00981	gene	2088	ftsH			
FOM_1_00981	CDS	2088	ftsH	3.4.24.-	COG0465	ATP-dependent zinc metalloprotease FtsH
FOM_1_00982	gene	552	hpt_1			
FOM_1_00982	CDS	552	hpt_1	2.4.2.8		Hypoxanthine-guanine phosphoribosyltransferase
FOM_1_00983	gene	1272	tilS			
FOM_1_00983	CDS	1272	tilS	6.3.4.19	COG0037	tRNA(Ile)-lysidine synthase
FOM_1_00984	gene	1350				
FOM_1_00984	CDS	1350				hypothetical protein
FOM_1_00985	gene	324				
FOM_1_00985	CDS	324				hypothetical protein
FOM_1_00986	gene	375				
FOM_1_00986	CDS	375				hypothetical protein
FOM_1_00987	gene	270				
FOM_1_00987	CDS	270				hypothetical protein
FOM_1_00988	gene	471				
FOM_1_00988	CDS	471				hypothetical protein
FOM_1_00989	gene	3486	mfd			
FOM_1_00989	CDS	3486	mfd	3.6.4.-		Transcription-repair-coupling factor
FOM_1_00990	gene	567	pth			
FOM_1_00990	CDS	567	pth	3.1.1.29		Peptidyl-tRNA hydrolase
FOM_1_00991	gene	471				
FOM_1_00991	CDS	471				hypothetical protein
FOM_1_00992	gene	636	macB_2			
FOM_1_00992	CDS	636	macB_2	3.6.3.-	COG0577	Macrolide export ATP-binding/permease protein MacB
FOM_1_00993	gene	1992				
FOM_1_00993	CDS	1992				hypothetical protein
FOM_1_00994	gene	345				
FOM_1_00994	CDS	345				hypothetical protein
FOM_1_00995	gene	324	bcrR_1			
FOM_1_00995	CDS	324	bcrR_1			HTH-type transcriptional activator BcrR
FOM_1_00996	gene	1116	ychF			
FOM_1_00996	CDS	1116	ychF		COG0012	Ribosome-binding ATPase YchF
FOM_1_00997	gene	558				
FOM_1_00997	CDS	558				hypothetical protein
FOM_1_00998	gene	201				
FOM_1_00998	CDS	201				hypothetical protein
FOM_1_00999	gene	3612	addA			
FOM_1_00999	CDS	3612	addA	3.1.-.-	COG1074	ATP-dependent helicase/nuclease subunit A
FOM_1_01000	gene	3300	rexB			
FOM_1_01000	CDS	3300	rexB	3.1.-.-	COG3857	ATP-dependent helicase/deoxyribonuclease subunit B
FOM_1_01001	gene	1143	dnaN			
FOM_1_01001	CDS	1143	dnaN		COG0592	Beta sliding clamp
FOM_1_01002	gene	1368	dnaA			
FOM_1_01002	CDS	1368	dnaA			Chromosomal replication initiator protein DnaA
FOM_1_01003	gene	621				
FOM_1_01003	CDS	621				hypothetical protein
FOM_1_01004	gene	687				
FOM_1_01004	CDS	687				hypothetical protein
FOM_1_01005	gene	4374				
FOM_1_01005	CDS	4374				hypothetical protein
FOM_1_01006	gene	285				
FOM_1_01006	CDS	285				hypothetical protein
FOM_1_01007	gene	354				
FOM_1_01007	CDS	354				hypothetical protein
FOM_1_01008	gene	564	pinR			
FOM_1_01008	CDS	564	pinR	3.1.22.-	COG1961	Serine recombinase PinR
FOM_1_01009	gene	438				
FOM_1_01009	CDS	438				hypothetical protein
FOM_1_01010	gene	267				
FOM_1_01010	CDS	267				hypothetical protein
FOM_1_01011	gene	402				
FOM_1_01011	CDS	402				hypothetical protein
FOM_1_01012	gene	630				
FOM_1_01012	CDS	630				hypothetical protein
FOM_1_01013	gene	98				
FOM_1_01013	rRNA	98				5S ribosomal RNA
FOM_1_01014	gene	74				
FOM_1_01014	tRNA	74				tRNA-Glu(ttc)
FOM_1_01015	gene	75				
FOM_1_01015	tRNA	75				tRNA-Asn(gtt)
FOM_1_01016	gene	942				
FOM_1_01016	CDS	942				hypothetical protein
FOM_1_01017	gene	591				
FOM_1_01017	CDS	591				hypothetical protein
FOM_1_01018	gene	888	glcU			
FOM_1_01018	CDS	888	glcU		COG4975	putative glucose uptake protein GlcU
FOM_1_01019	gene	1308	dacA_2			
FOM_1_01019	CDS	1308	dacA_2	3.4.16.4		D-alanyl-D-alanine carboxypeptidase DacA
FOM_1_01020	gene	414	rpsL			
FOM_1_01020	CDS	414	rpsL		COG0048	30S ribosomal protein S12
FOM_1_01021	gene	468	rpsG			
FOM_1_01021	CDS	468	rpsG		COG0049	30S ribosomal protein S7
FOM_1_01022	gene	2130	fus			
FOM_1_01022	CDS	2130	fus			Elongation factor G
FOM_1_01023	gene	816	purR			
FOM_1_01023	CDS	816	purR		COG0503	Pur operon repressor
FOM_1_01024	gene	627	sipT			
FOM_1_01024	CDS	627	sipT	3.4.21.89	COG0681	Signal peptidase I T
FOM_1_01025	gene	879	rnhC			
FOM_1_01025	CDS	879	rnhC	3.1.26.4	COG1039	Ribonuclease HIII
FOM_1_01026	gene	672	hrtA_2			
FOM_1_01026	CDS	672	hrtA_2	3.6.3.-	COG1136	Putative hemin import ATP-binding protein HrtA
FOM_1_01027	gene	1071				
FOM_1_01027	CDS	1071			COG0577	putative ABC transporter permease
FOM_1_01028	gene	447	rplM			
FOM_1_01028	CDS	447	rplM			50S ribosomal protein L13
FOM_1_01029	gene	393	rpsI			
FOM_1_01029	CDS	393	rpsI		COG0103	30S ribosomal protein S9
FOM_1_01030	gene	3096				
FOM_1_01030	CDS	3096				hypothetical protein
FOM_1_01031	gene	885	folD			
FOM_1_01031	CDS	885	folD		COG0190	Bifunctional protein FolD protein
FOM_1_01032	gene	1254	xseA			
FOM_1_01032	CDS	1254	xseA	3.1.11.6	COG1570	Exodeoxyribonuclease 7 large subunit
FOM_1_01033	gene	240	xseB			
FOM_1_01033	CDS	240	xseB	3.1.11.6	COG1722	Exodeoxyribonuclease 7 small subunit
FOM_1_01034	gene	1158	garK			
FOM_1_01034	CDS	1158	garK	2.7.1.165	COG1929	Glycerate 2-kinase
FOM_1_01035	gene	858				
FOM_1_01035	CDS	858		2.5.1.10		Farnesyl diphosphate synthase
FOM_1_01036	gene	807	tlyA			
FOM_1_01036	CDS	807	tlyA		COG1189	Hemolysin A
FOM_1_01037	gene	447	argR_1			
FOM_1_01037	CDS	447	argR_1		COG1438	Arginine repressor
FOM_1_01038	gene	1668	recN			
FOM_1_01038	CDS	1668	recN		COG0497	DNA repair protein RecN
FOM_1_01039	gene	567				
FOM_1_01039	CDS	567				Potassium channel
FOM_1_01040	gene	522				
FOM_1_01040	CDS	522				hypothetical protein
FOM_1_01041	gene	933				
FOM_1_01041	CDS	933				hypothetical protein
FOM_1_01042	gene	954	rsmH			
FOM_1_01042	CDS	954	rsmH	2.1.1.199		Ribosomal RNA small subunit methyltransferase H
FOM_1_01043	gene	381				
FOM_1_01043	CDS	381				hypothetical protein
FOM_1_01044	gene	2292	pbpX			
FOM_1_01044	CDS	2292	pbpX		COG0768	Penicillin-binding protein 2x
FOM_1_01045	gene	990	mraY			
FOM_1_01045	CDS	990	mraY	2.7.8.13	COG0472	Phospho-N-acetylmuramoyl-pentapeptide-transferase
FOM_1_01046	gene	279				
FOM_1_01046	CDS	279				hypothetical protein
FOM_1_01047	gene	1521				
FOM_1_01047	CDS	1521				hypothetical protein
FOM_1_01048	gene	663				
FOM_1_01048	CDS	663			COG0664	putative ABC transporter ATP-binding protein
FOM_1_01049	gene	876	cynR			
FOM_1_01049	CDS	876	cynR			HTH-type transcriptional regulator CynR
FOM_1_01050	gene	675	ywaC			
FOM_1_01050	CDS	675	ywaC	2.7.6.5	COG2357	GTP pyrophosphokinase YwaC
FOM_1_01051	gene	345	rplS			
FOM_1_01051	CDS	345	rplS		COG0335	50S ribosomal protein L19
FOM_1_01052	gene	510				
FOM_1_01052	CDS	510				hypothetical protein
FOM_1_01053	gene	1329	pgaC_2			
FOM_1_01053	CDS	1329	pgaC_2	2.4.1.-	COG1215	Poly-beta-1,6-N-acetyl-D-glucosamine synthase
FOM_1_01054	gene	537				
FOM_1_01054	CDS	537				hypothetical protein
FOM_1_01055	gene	732	pnuC			
FOM_1_01055	CDS	732	pnuC		COG3201	Nicotinamide riboside transporter PnuC
FOM_1_01056	gene	156				
FOM_1_01056	CDS	156				hypothetical protein
FOM_1_01057	gene	426				
FOM_1_01057	CDS	426				Putative universal stress protein
FOM_1_01058	gene	348	ihfA			
FOM_1_01058	CDS	348	ihfA			Integration host factor subunit alpha
FOM_1_01059	gene	534				
FOM_1_01059	CDS	534				hypothetical protein
FOM_1_01060	gene	2271				
FOM_1_01060	CDS	2271				hypothetical protein
FOM_1_01061	gene	333				
FOM_1_01061	CDS	333				hypothetical protein
FOM_1_01062	gene	135				
FOM_1_01062	CDS	135				hypothetical protein
FOM_1_01063	gene	1200	ftsW_2			
FOM_1_01063	CDS	1200	ftsW_2	2.4.1.129	COG0772	putative peptidoglycan glycosyltransferase FtsW
FOM_1_01064	gene	1299	brpA			
FOM_1_01064	CDS	1299	brpA		COG1316	Biofilm regulatory protein A
FOM_1_01065	gene	270	rpsN2			
FOM_1_01065	CDS	270	rpsN2		COG0199	Alternate 30S ribosomal protein S14
FOM_1_01066	gene	630				
FOM_1_01066	CDS	630				hypothetical protein
FOM_1_01067	gene	999				
FOM_1_01067	CDS	999				hypothetical protein
FOM_1_01068	gene	630	liaR			
FOM_1_01068	CDS	630	liaR		COG2197	Transcriptional regulatory protein LiaR
FOM_1_01069	gene	807				
FOM_1_01069	CDS	807				Putative bifunctional phosphatase/peptidyl-prolyl cis-trans isomerase
FOM_1_01070	gene	591				
FOM_1_01070	CDS	591				Putative bifunctional phosphatase/peptidyl-prolyl cis-trans isomerase
FOM_1_01071	gene	432	yugI			
FOM_1_01071	CDS	432	yugI		COG1098	General stress protein 13
FOM_1_01072	gene	606				
FOM_1_01072	CDS	606				hypothetical protein
FOM_1_01073	gene	1245	mrdB			
FOM_1_01073	CDS	1245	mrdB	2.4.1.129		Peptidoglycan glycosyltransferase MrdB
FOM_1_01074	gene	1071	gutB			
FOM_1_01074	CDS	1071	gutB	1.1.1.-	COG1063	Sorbitol dehydrogenase
FOM_1_01075	gene	762	butA			
FOM_1_01075	CDS	762	butA	1.1.1.304		Diacetyl reductase [(S)-acetoin forming]
FOM_1_01076	gene	162				
FOM_1_01076	CDS	162				hypothetical protein
FOM_1_01077	gene	138				
FOM_1_01077	CDS	138				hypothetical protein
FOM_1_01078	gene	1542	expZ			
FOM_1_01078	CDS	1542	expZ		COG0488	Nucleotide-binding protein ExpZ
FOM_1_01079	gene	1623	mleA			
FOM_1_01079	CDS	1623	mleA	4.1.1.101	COG0281	Malolactic enzyme
FOM_1_01080	gene	1278	citS			
FOM_1_01080	CDS	1278	citS		COG3493	Citrate-sodium symporter
FOM_1_01081	gene	933	yicL_1			
FOM_1_01081	CDS	933	yicL_1		COG0697	putative inner membrane transporter YicL
FOM_1_01082	gene	1092				
FOM_1_01082	CDS	1092				hypothetical protein
FOM_1_01083	gene	681	gph_2			
FOM_1_01083	CDS	681	gph_2	3.1.3.18		Phosphoglycolate phosphatase
FOM_1_01084	gene	1956	gyrB			
FOM_1_01084	CDS	1956	gyrB	5.6.2.2	COG0187	DNA gyrase subunit B
FOM_1_01085	gene	189				
FOM_1_01085	CDS	189				hypothetical protein
FOM_1_01086	gene	738	COQ3			
FOM_1_01086	CDS	738	COQ3	2.1.1.222		Ubiquinone biosynthesis O-methyltransferase, mitochondrial
FOM_1_01087	gene	654				
FOM_1_01087	CDS	654				hypothetical protein
FOM_1_01088	gene	465				
FOM_1_01088	CDS	465				hypothetical protein
FOM_1_01089	gene	1545	emrB_1			
FOM_1_01089	CDS	1545	emrB_1			Multidrug export protein EmrB
FOM_1_01090	gene	720				
FOM_1_01090	CDS	720				hypothetical protein
FOM_1_01091	gene	909				
FOM_1_01091	CDS	909				hypothetical protein
FOM_1_01092	gene	1431	btuD_6			
FOM_1_01092	CDS	1431	btuD_6	7.6.2.8		Vitamin B12 import ATP-binding protein BtuD
FOM_1_01093	gene	807	tagG			
FOM_1_01093	CDS	807	tagG		COG1682	Teichoic acid translocation permease protein TagG
FOM_1_01094	gene	1479				
FOM_1_01094	CDS	1479				hypothetical protein
FOM_1_01095	gene	2208				
FOM_1_01095	CDS	2208				hypothetical protein
FOM_1_01096	gene	1029				
FOM_1_01096	CDS	1029				hypothetical protein
FOM_1_01097	gene	1338				
FOM_1_01097	CDS	1338				hypothetical protein
FOM_1_01098	gene	2988	arnC_2			
FOM_1_01098	CDS	2988	arnC_2	2.4.2.53		Undecaprenyl-phosphate 4-deoxy-4-formamido-L-arabinose transferase
FOM_1_01099	gene	1170	ugd			
FOM_1_01099	CDS	1170	ugd	1.1.1.22	COG1004	UDP-glucose 6-dehydrogenase
FOM_1_01100	gene	1044				
FOM_1_01100	CDS	1044				hypothetical protein
FOM_1_01101	gene	141				
FOM_1_01101	CDS	141				hypothetical protein
FOM_1_01102	gene	186				
FOM_1_01102	CDS	186				hypothetical protein
FOM_1_01103	gene	1131	glf			
FOM_1_01103	CDS	1131	glf	5.4.99.9	COG0562	UDP-galactopyranose mutase
FOM_1_01104	gene	1281				
FOM_1_01104	CDS	1281				hypothetical protein
FOM_1_01105	gene	1008	abnA			
FOM_1_01105	CDS	1008	abnA	3.2.1.99	COG3507	Extracellular endo-alpha-(1->5)-L-arabinanase 1
FOM_1_01106	gene	1179				
FOM_1_01106	CDS	1179				hypothetical protein
FOM_1_01107	gene	360	tarD			
FOM_1_01107	CDS	360	tarD	2.7.7.39	COG0615	Glycerol-3-phosphate cytidylyltransferase
FOM_1_01108	gene	432				
FOM_1_01108	CDS	432				hypothetical protein
FOM_1_01109	gene	1188	tagF			
FOM_1_01109	CDS	1188	tagF	2.7.8.12	COG1887	Teichoic acid poly(glycerol phosphate) polymerase
FOM_1_01110	gene	1116	tarK			
FOM_1_01110	CDS	1116	tarK	2.7.8.46		Teichoic acid ribitol-phosphate primase
FOM_1_01111	gene	921	tagU_2			
FOM_1_01111	CDS	921	tagU_2	2.7.8.-		Polyisoprenyl-teichoic acid--peptidoglycan teichoic acid transferase TagU
FOM_1_01112	gene	1236	deoB			
FOM_1_01112	CDS	1236	deoB	5.4.2.7	COG1015	Phosphopentomutase
FOM_1_01113	gene	237				
FOM_1_01113	CDS	237				hypothetical protein
FOM_1_01114	gene	705	deoD_2			
FOM_1_01114	CDS	705	deoD_2	2.4.2.1	COG0813	Purine nucleoside phosphorylase DeoD-type
FOM_1_01115	gene	447				
FOM_1_01115	CDS	447				hypothetical protein
FOM_1_01116	gene	327				
FOM_1_01116	CDS	327				hypothetical protein
FOM_1_01117	gene	1668	fhs1			
FOM_1_01117	CDS	1668	fhs1	6.3.4.3		Formate--tetrahydrofolate ligase 1
FOM_1_01118	gene	594				
FOM_1_01118	CDS	594				hypothetical protein
FOM_1_01119	gene	846	tcyJ			
FOM_1_01119	CDS	846	tcyJ		COG0834	L-cystine-binding protein TcyJ
FOM_1_01120	gene	888				
FOM_1_01120	CDS	888				hypothetical protein
FOM_1_01121	gene	753	tcyN			
FOM_1_01121	CDS	753	tcyN	3.6.3.-	COG1126	L-cystine import ATP-binding protein TcyN
FOM_1_01122	gene	228				
FOM_1_01122	CDS	228				hypothetical protein
FOM_1_01123	gene	927	trxB			
FOM_1_01123	CDS	927	trxB	1.8.1.9	COG0492	Thioredoxin reductase
FOM_1_01124	gene	249	secG			
FOM_1_01124	CDS	249	secG		COG1314	putative protein-export membrane protein SecG
FOM_1_01125	gene	2454	rnr_1			
FOM_1_01125	CDS	2454	rnr_1	3.1.13.1	COG0557	Ribonuclease R
FOM_1_01126	gene	588	yecD_1			
FOM_1_01126	CDS	588	yecD_1	3.-.-.-	COG1335	Isochorismatase family protein YecD
FOM_1_01127	gene	1059				
FOM_1_01127	CDS	1059				hypothetical protein
FOM_1_01128	gene	942	menA_2			
FOM_1_01128	CDS	942	menA_2	2.5.1.74		1,4-dihydroxy-2-naphthoate octaprenyltransferase
FOM_1_01129	gene	264				
FOM_1_01129	CDS	264				hypothetical protein
FOM_1_01130	gene	1338				
FOM_1_01130	CDS	1338				hypothetical protein
FOM_1_01131	gene	480				
FOM_1_01131	CDS	480				hypothetical protein
FOM_1_01132	gene	696	gpmA_2			
FOM_1_01132	CDS	696	gpmA_2	5.4.2.11		2,3-bisphosphoglycerate-dependent phosphoglycerate mutase
FOM_1_01133	gene	747	vanYB			
FOM_1_01133	CDS	747	vanYB	3.4.17.-	COG1876	D-alanyl-D-alanine carboxypeptidase
FOM_1_01134	gene	405				
FOM_1_01134	CDS	405				hypothetical protein
FOM_1_01135	gene	1044	hrcA			
FOM_1_01135	CDS	1044	hrcA		COG1420	Heat-inducible transcription repressor HrcA
FOM_1_01136	gene	540	grpE			
FOM_1_01136	CDS	540	grpE		COG0576	Protein GrpE
FOM_1_01137	gene	1824	dnaK			
FOM_1_01137	CDS	1824	dnaK			Chaperone protein DnaK
FOM_1_01138	gene	1764	sph			
FOM_1_01138	CDS	1764	sph	4.2.1.53		Oleate hydratase
FOM_1_01139	gene	1140	scmP			
FOM_1_01139	CDS	1140	scmP	3.5.1.-	COG1473	N-acetylcysteine deacetylase
FOM_1_01140	gene	702	glcR_1			
FOM_1_01140	CDS	702	glcR_1		COG1349	HTH-type transcriptional repressor GlcR
FOM_1_01141	gene	918	lacC			
FOM_1_01141	CDS	918	lacC	2.7.1.144	COG1105	Tagatose-6-phosphate kinase
FOM_1_01142	gene	1905	fruA			
FOM_1_01142	CDS	1905	fruA		COG1299	PTS system fructose-specific EIIABC component
FOM_1_01143	gene	1446	clsA_1			
FOM_1_01143	CDS	1446	clsA_1	2.7.8.-	COG1502	Major cardiolipin synthase ClsA
FOM_1_01144	gene	888	yvcJ			
FOM_1_01144	CDS	888	yvcJ		COG1660	Nucleotide-binding protein YvcJ
FOM_1_01145	gene	984				
FOM_1_01145	CDS	984			COG0391	Putative gluconeogenesis factor
FOM_1_01146	gene	918	whiA			
FOM_1_01146	CDS	918	whiA		COG1481	putative cell division protein WhiA
FOM_1_01147	gene	558	betI			
FOM_1_01147	CDS	558	betI			HTH-type transcriptional regulator BetI
FOM_1_01148	gene	879				
FOM_1_01148	CDS	879		7.6.2.-	COG1131	Multidrug efflux system ATP-binding protein
FOM_1_01149	gene	1623				
FOM_1_01149	CDS	1623			COG3559	Multidrug efflux system permease protein
FOM_1_01150	gene	372				
FOM_1_01150	CDS	372				hypothetical protein
FOM_1_01151	gene	795	focA			
FOM_1_01151	CDS	795	focA		COG2116	putative formate transporter 1
FOM_1_01152	gene	531				
FOM_1_01152	CDS	531				hypothetical protein
FOM_1_01153	gene	906				
FOM_1_01153	CDS	906				hypothetical protein
FOM_1_01154	gene	1098	prfB			
FOM_1_01154	CDS	1098	prfB			Peptide chain release factor 2
FOM_1_01155	gene	693	ftsE			
FOM_1_01155	CDS	693	ftsE		COG2884	Cell division ATP-binding protein FtsE
FOM_1_01156	gene	936	ftsX			
FOM_1_01156	CDS	936	ftsX		COG2177	Cell division protein FtsX
FOM_1_01157	gene	978	nrdF2			
FOM_1_01157	CDS	978	nrdF2	1.17.4.1	COG0208	Ribonucleoside-diphosphate reductase subunit beta nrdF2
FOM_1_01158	gene	2169	nrdE			
FOM_1_01158	CDS	2169	nrdE	1.17.4.1	COG0209	Ribonucleoside-diphosphate reductase subunit alpha
FOM_1_01159	gene	423				
FOM_1_01159	CDS	423			COG1780	Putative NrdI-like protein
FOM_1_01160	gene	219	nrdH			
FOM_1_01160	CDS	219	nrdH		COG0695	Glutaredoxin-like protein NrdH
FOM_1_01161	gene	642	plsY			
FOM_1_01161	CDS	642	plsY	2.3.1.275	COG0344	Glycerol-3-phosphate acyltransferase
FOM_1_01162	gene	1935	parE			
FOM_1_01162	CDS	1935	parE	5.6.2.2	COG0187	DNA topoisomerase 4 subunit B
FOM_1_01163	gene	540	yecD_2			
FOM_1_01163	CDS	540	yecD_2	3.-.-.-	COG1335	Isochorismatase family protein YecD
FOM_1_01164	gene	834	dinG_2			
FOM_1_01164	CDS	834	dinG_2	3.1.-.-		3'-5' exonuclease DinG
FOM_1_01165	gene	450	elaA			
FOM_1_01165	CDS	450	elaA		COG2153	Protein ElaA
FOM_1_01166	gene	2475	parC			
FOM_1_01166	CDS	2475	parC	5.6.2.2	COG0188	DNA topoisomerase 4 subunit A
FOM_1_01167	gene	906				
FOM_1_01167	CDS	906				hypothetical protein
FOM_1_01168	gene	1089	ribD			
FOM_1_01168	CDS	1089	ribD		COG0117	Riboflavin biosynthesis protein RibD
FOM_1_01169	gene	651	ribE			
FOM_1_01169	CDS	651	ribE	2.5.1.9	COG0307	Riboflavin synthase
FOM_1_01170	gene	1197	ribBA			
FOM_1_01170	CDS	1197	ribBA		COG0108	Riboflavin biosynthesis protein RibBA
FOM_1_01171	gene	465	ribH			
FOM_1_01171	CDS	465	ribH	2.5.1.78	COG0054	6,7-dimethyl-8-ribityllumazine synthase
FOM_1_01172	gene	453	lspA			
FOM_1_01172	CDS	453	lspA	3.4.23.36	COG0597	Lipoprotein signal peptidase
FOM_1_01173	gene	906	rluD			
FOM_1_01173	CDS	906	rluD	5.4.99.23	COG0564	Ribosomal large subunit pseudouridine synthase D
FOM_1_01174	gene	444				
FOM_1_01174	CDS	444				hypothetical protein
FOM_1_01175	gene	1572				
FOM_1_01175	CDS	1572				hypothetical protein
FOM_1_01176	gene	957	ykoT			
FOM_1_01176	CDS	957	ykoT	2.4.-.-		putative glycosyltransferase YkoT
FOM_1_01177	gene	687	mprA			
FOM_1_01177	CDS	687	mprA		COG0745	Response regulator MprA
FOM_1_01178	gene	516				
FOM_1_01178	CDS	516				hypothetical protein
FOM_1_01179	gene	1326	sasA_1			
FOM_1_01179	CDS	1326	sasA_1	2.7.-.-		Adaptive-response sensory-kinase SasA
FOM_1_01180	gene	657				
FOM_1_01180	CDS	657				hypothetical protein
FOM_1_01181	gene	1818	glmS			
FOM_1_01181	CDS	1818	glmS	2.6.1.16	COG0449	Glutamine--fructose-6-phosphate aminotransferase [isomerizing]
FOM_1_01182	gene	681				
FOM_1_01182	CDS	681				hypothetical protein
FOM_1_01183	gene	651	rex			
FOM_1_01183	CDS	651	rex		COG2344	Redox-sensing transcriptional repressor Rex
FOM_1_01184	gene	393	spxA_4			
FOM_1_01184	CDS	393	spxA_4		COG1393	Regulatory protein Spx
FOM_1_01185	gene	1908	ettA_2			
FOM_1_01185	CDS	1908	ettA_2		COG0488	Energy-dependent translational throttle protein EttA
FOM_1_01186	gene	858				
FOM_1_01186	CDS	858				hypothetical protein
FOM_1_01187	gene	759				
FOM_1_01187	CDS	759				hypothetical protein
FOM_1_01188	gene	180				
FOM_1_01188	CDS	180				hypothetical protein
FOM_1_01189	gene	630	pyrE			
FOM_1_01189	CDS	630	pyrE	2.4.2.10	COG0461	Orotate phosphoribosyltransferase
FOM_1_01190	gene	1272	pyrC			
FOM_1_01190	CDS	1272	pyrC	3.5.2.3	COG0044	Dihydroorotase
FOM_1_01191	gene	117				
FOM_1_01191	CDS	117				hypothetical protein
FOM_1_01192	gene	669	dnaD			
FOM_1_01192	CDS	669	dnaD		COG3935	DNA replication protein DnaD
FOM_1_01193	gene	657	nth			
FOM_1_01193	CDS	657	nth	4.2.99.18	COG0177	Endonuclease III
FOM_1_01194	gene	693	trmK			
FOM_1_01194	CDS	693	trmK	2.1.1.217	COG2384	tRNA (adenine(22)-N(1))-methyltransferase
FOM_1_01195	gene	774				
FOM_1_01195	CDS	774			COG0327	GTP cyclohydrolase 1 type 2 
FOM_1_01196	gene	366				
FOM_1_01196	CDS	366				hypothetical protein
FOM_1_01197	gene	816				
FOM_1_01197	CDS	816		3.1.3.-		Putative phosphatase
FOM_1_01198	gene	1362				
FOM_1_01198	CDS	1362				hypothetical protein
FOM_1_01199	gene	408				
FOM_1_01199	CDS	408				hypothetical protein
FOM_1_01200	gene	1176				
FOM_1_01200	CDS	1176				hypothetical protein
FOM_1_01201	gene	315	rplU			
FOM_1_01201	CDS	315	rplU		COG0261	50S ribosomal protein L21
FOM_1_01202	gene	336				
FOM_1_01202	CDS	336				hypothetical protein
FOM_1_01203	gene	285	rpmA			
FOM_1_01203	CDS	285	rpmA		COG0211	50S ribosomal protein L27
FOM_1_01204	gene	1533	mntH_1			
FOM_1_01204	CDS	1533	mntH_1			Divalent metal cation transporter MntH
FOM_1_01205	gene	954				
FOM_1_01205	CDS	954			COG1702	PhoH-like protein
FOM_1_01206	gene	480	nudC			
FOM_1_01206	CDS	480	nudC	3.6.1.22		NADH pyrophosphatase
FOM_1_01207	gene	489	ybeY			
FOM_1_01207	CDS	489	ybeY	3.1.-.-	COG0319	Endoribonuclease YbeY
FOM_1_01208	gene	456	dgkA			
FOM_1_01208	CDS	456	dgkA	2.7.1.66	COG0818	Undecaprenol kinase
FOM_1_01209	gene	579				
FOM_1_01209	CDS	579				hypothetical protein
FOM_1_01210	gene	651				
FOM_1_01210	CDS	651				hypothetical protein
FOM_1_01211	gene	1323	comFA			
FOM_1_01211	CDS	1323	comFA	3.6.4.12	COG4098	ComF operon protein 1
FOM_1_01212	gene	630	yigZ			
FOM_1_01212	CDS	630	yigZ		COG1739	IMPACT family member YigZ
FOM_1_01213	gene	498				
FOM_1_01213	CDS	498				hypothetical protein
FOM_1_01214	gene	1020				
FOM_1_01214	CDS	1020				hypothetical protein
FOM_1_01215	gene	747				
FOM_1_01215	CDS	747				hypothetical protein
FOM_1_01216	gene	648				
FOM_1_01216	CDS	648				hypothetical protein
FOM_1_01217	gene	954	glyQ			
FOM_1_01217	CDS	954	glyQ	6.1.1.14	COG0752	Glycine--tRNA ligase alpha subunit
FOM_1_01218	gene	2022	glyS			
FOM_1_01218	CDS	2022	glyS	6.1.1.14	COG0751	Glycine--tRNA ligase beta subunit
FOM_1_01219	gene	243				
FOM_1_01219	CDS	243				hypothetical protein
FOM_1_01220	gene	1212	eriC			
FOM_1_01220	CDS	1212	eriC		COG0038	Chloride/fluoride channel protein
FOM_1_01221	gene	588	nadD_2			
FOM_1_01221	CDS	588	nadD_2	2.7.7.18	COG1057	Nicotinate-nucleotide adenylyltransferase
FOM_1_01222	gene	186				
FOM_1_01222	CDS	186				hypothetical protein
FOM_1_01223	gene	1473	pncB2			
FOM_1_01223	CDS	1473	pncB2	6.3.4.21	COG1488	Nicotinate phosphoribosyltransferase pncB2
FOM_1_01224	gene	489				
FOM_1_01224	CDS	489				hypothetical protein
FOM_1_01225	gene	825	nadE			
FOM_1_01225	CDS	825	nadE	6.3.1.5	COG0171	NH(3)-dependent NAD(+) synthetase
FOM_1_01226	gene	702				
FOM_1_01226	CDS	702			COG1136	putative ABC transporter ATP-binding protein
FOM_1_01227	gene	2682				
FOM_1_01227	CDS	2682				hypothetical protein
FOM_1_01228	gene	786	gatD			
FOM_1_01228	CDS	786	gatD	6.3.5.13	COG3442	Lipid II isoglutaminyl synthase (glutamine-hydrolyzing) subunit GatD
FOM_1_01229	gene	1416	murT			
FOM_1_01229	CDS	1416	murT	6.3.5.13	COG0769	Lipid II isoglutaminyl synthase (glutamine-hydrolyzing) subunit MurT
FOM_1_01230	gene	666	aldC_1			
FOM_1_01230	CDS	666	aldC_1	4.1.1.5	COG3527	Alpha-acetolactate decarboxylase
FOM_1_01231	gene	1824	lepA			
FOM_1_01231	CDS	1824	lepA	3.6.5.-		Elongation factor 4
FOM_1_01232	gene	636	yhfK			
FOM_1_01232	CDS	636	yhfK	4.-.-.-	COG0702	putative sugar epimerase YhfK
FOM_1_01233	gene	1467	ycaM			
FOM_1_01233	CDS	1467	ycaM		COG0531	Inner membrane transporter YcaM
FOM_1_01234	gene	2490	gyrA			
FOM_1_01234	CDS	2490	gyrA	5.6.2.2	COG0188	DNA gyrase subunit A
FOM_1_01235	gene	1086	apbE_2			
FOM_1_01235	CDS	1086	apbE_2	2.7.1.180	COG1477	FAD:protein FMN transferase
FOM_1_01236	gene	747	strA			
FOM_1_01236	CDS	747	strA	3.4.22.-	COG3764	Sortase A
FOM_1_01237	gene	1245				
FOM_1_01237	CDS	1245				hypothetical protein
FOM_1_01238	gene	2766				
FOM_1_01238	CDS	2766				hypothetical protein
FOM_1_01239	gene	630				
FOM_1_01239	CDS	630				hypothetical protein
FOM_1_01240	gene	777				
FOM_1_01240	CDS	777				hypothetical protein
FOM_1_01241	gene	2277	pcrA			
FOM_1_01241	CDS	2277	pcrA	3.6.4.12		ATP-dependent DNA helicase PcrA
FOM_1_01242	gene	468				
FOM_1_01242	CDS	468				hypothetical protein
FOM_1_01243	gene	573	tag			
FOM_1_01243	CDS	573	tag	3.2.2.20	COG2818	DNA-3-methyladenine glycosylase 1
FOM_1_01244	gene	459				
FOM_1_01244	CDS	459				hypothetical protein
FOM_1_01245	gene	1509	fccA			
FOM_1_01245	CDS	1509	fccA	1.3.5.4	COG1053	Fumarate reductase flavoprotein subunit
FOM_1_01246	gene	693				
FOM_1_01246	CDS	693				hypothetical protein
FOM_1_01247	gene	990	truB			
FOM_1_01247	CDS	990	truB	5.4.99.25	COG0130	tRNA pseudouridine synthase B
FOM_1_01248	gene	903	ribF			
FOM_1_01248	CDS	903	ribF		COG0196	Bifunctional riboflavin kinase/FMN adenylyltransferase
FOM_1_01249	gene	972	ldh_2			
FOM_1_01249	CDS	972	ldh_2	1.1.1.27	COG0039	L-lactate dehydrogenase
FOM_1_01250	gene	1062				
FOM_1_01250	CDS	1062				hypothetical protein
FOM_1_01251	gene	894	murQ			
FOM_1_01251	CDS	894	murQ	4.2.1.126	COG2103	N-acetylmuramic acid 6-phosphate etherase
FOM_1_01252	gene	1953				
FOM_1_01252	CDS	1953				hypothetical protein
FOM_1_01253	gene	852	ybbH_2			
FOM_1_01253	CDS	852	ybbH_2		COG1737	putative HTH-type transcriptional regulator YbbH
FOM_1_01254	gene	759	tpiA			
FOM_1_01254	CDS	759	tpiA	5.3.1.1	COG0149	Triosephosphate isomerase
FOM_1_01255	gene	972				
FOM_1_01255	CDS	972		3.5.1.11		Penicillin acylase
FOM_1_01256	gene	588				
FOM_1_01256	CDS	588				hypothetical protein
FOM_1_01257	gene	1338				
FOM_1_01257	CDS	1338				hypothetical protein
FOM_1_01258	gene	528	ybdM_1			
FOM_1_01258	CDS	528	ybdM_1		COG1475	putative protein YbdM
FOM_1_01259	gene	1140	hemW			
FOM_1_01259	CDS	1140	hemW		COG0635	Heme chaperone HemW
FOM_1_01260	gene	816				
FOM_1_01260	CDS	816				hypothetical protein
FOM_1_01261	gene	441				
FOM_1_01261	CDS	441				hypothetical protein
FOM_1_01262	gene	729				
FOM_1_01262	CDS	729				hypothetical protein
FOM_1_01263	gene	774	yutF			
FOM_1_01263	CDS	774	yutF	3.1.3.-	COG0647	Acid sugar phosphatase
FOM_1_01264	gene	618				
FOM_1_01264	CDS	618				hypothetical protein
FOM_1_01265	gene	990	guaC			
FOM_1_01265	CDS	990	guaC	1.7.1.7	COG0516	GMP reductase
FOM_1_01266	gene	594	xpt			
FOM_1_01266	CDS	594	xpt	2.4.2.22	COG0503	Xanthine phosphoribosyltransferase
FOM_1_01267	gene	1305	pucK			
FOM_1_01267	CDS	1305	pucK		COG2233	Uric acid permease PucK
FOM_1_01268	gene	288				
FOM_1_01268	CDS	288				hypothetical protein
FOM_1_01269	gene	510	trmL			
FOM_1_01269	CDS	510	trmL	2.1.1.207	COG0219	tRNA (cytidine(34)-2'-O)-methyltransferase
FOM_1_01270	gene	507	dhfR			
FOM_1_01270	CDS	507	dhfR	1.5.1.3	COG0262	Dihydrofolate reductase
FOM_1_01271	gene	171				
FOM_1_01271	CDS	171				hypothetical protein
FOM_1_01272	gene	1236	clpX			
FOM_1_01272	CDS	1236	clpX			ATP-dependent Clp protease ATP-binding subunit ClpX
FOM_1_01273	gene	588	engB			
FOM_1_01273	CDS	588	engB		COG0218	putative GTP-binding protein EngB
FOM_1_01274	gene	351	folB			
FOM_1_01274	CDS	351	folB	4.1.2.25	COG1539	Dihydroneopterin aldolase
FOM_1_01275	gene	1050	folE			
FOM_1_01275	CDS	1050	folE	3.5.4.16		GTP cyclohydrolase 1
FOM_1_01276	gene	1074				
FOM_1_01276	CDS	1074				hypothetical protein
FOM_1_01277	gene	498	folQ			
FOM_1_01277	CDS	498	folQ	3.6.1.-		putative DHNTP pyrophosphohydrolase
FOM_1_01278	gene	1284	fpgS			
FOM_1_01278	CDS	1284	fpgS	6.3.2.17		Folylpolyglutamate synthase
FOM_1_01279	gene	639				
FOM_1_01279	CDS	639		2.7.1.113	COG1428	Deoxyguanosine kinase
FOM_1_01280	gene	1287	hom			
FOM_1_01280	CDS	1287	hom	1.1.1.3	COG0460	Homoserine dehydrogenase
FOM_1_01281	gene	891	thrB			
FOM_1_01281	CDS	891	thrB	2.7.1.39	COG0083	Homoserine kinase
FOM_1_01282	gene	600	niaX			
FOM_1_01282	CDS	600	niaX			Niacin transporter NiaX
FOM_1_01283	gene	900	murB			
FOM_1_01283	CDS	900	murB	1.3.1.98	COG0812	UDP-N-acetylenolpyruvoylglucosamine reductase
FOM_1_01284	gene	1287	potA			
FOM_1_01284	CDS	1287	potA	7.6.2.11		Spermidine/putrescine import ATP-binding protein PotA
FOM_1_01285	gene	789	potB			
FOM_1_01285	CDS	789	potB		COG1176	Spermidine/putrescine transport system permease protein PotB
FOM_1_01286	gene	801	ydcV			
FOM_1_01286	CDS	801	ydcV			Inner membrane ABC transporter permease protein YdcV
FOM_1_01287	gene	1068	potD			
FOM_1_01287	CDS	1068	potD		COG0687	Spermidine/putrescine-binding periplasmic protein
FOM_1_01288	gene	96				
FOM_1_01288	CDS	96				hypothetical protein
FOM_1_01289	gene	342				
FOM_1_01289	CDS	342				hypothetical protein
FOM_1_01290	gene	423				
FOM_1_01290	CDS	423				hypothetical protein
FOM_1_01291	gene	330	qacC			
FOM_1_01291	CDS	330	qacC			Quaternary ammonium compound-resistance protein QacC
FOM_1_01292	gene	74				
FOM_1_01292	tRNA	74				tRNA-Met(cat)
FOM_1_01293	gene	201				
FOM_1_01293	CDS	201				hypothetical protein
FOM_1_01294	gene	201	cspL			
FOM_1_01294	CDS	201	cspL		COG1278	Cold shock protein 2
FOM_1_01295	gene	1449	clsA_2			
FOM_1_01295	CDS	1449	clsA_2	2.7.8.-	COG1502	Major cardiolipin synthase ClsA
FOM_1_01296	gene	2523	ctpE_2			
FOM_1_01296	CDS	2523	ctpE_2	7.2.2.10	COG0474	Calcium-transporting ATPase CtpE
FOM_1_01297	gene	696	nanE			
FOM_1_01297	CDS	696	nanE	5.1.3.9	COG3010	Putative N-acetylmannosamine-6-phosphate 2-epimerase
FOM_1_01298	gene	246				
FOM_1_01298	CDS	246				hypothetical protein
FOM_1_01299	gene	1383				
FOM_1_01299	CDS	1383		2.1.1.-	COG2265	putative RNA methyltransferase
FOM_1_01300	gene	1608				
FOM_1_01300	CDS	1608				hypothetical protein
FOM_1_01301	gene	621	COQ5_2			
FOM_1_01301	CDS	621	COQ5_2	2.1.1.163		2-methoxy-6-polyprenyl-1,4-benzoquinol methylase, mitochondrial
FOM_1_01302	gene	1173				
FOM_1_01302	CDS	1173				hypothetical protein
FOM_1_01303	gene	1257	lapB			
FOM_1_01303	CDS	1257	lapB			Lipopolysaccharide assembly protein B
FOM_1_01304	gene	1665	alsS			
FOM_1_01304	CDS	1665	alsS	2.2.1.6	COG0028	Acetolactate synthase
FOM_1_01305	gene	936				
FOM_1_01305	CDS	936				hypothetical protein
FOM_1_01306	gene	657				
FOM_1_01306	CDS	657				hypothetical protein
FOM_1_01307	gene	267				
FOM_1_01307	CDS	267				hypothetical protein
FOM_1_01308	gene	1206				
FOM_1_01308	CDS	1206				hypothetical protein
FOM_1_01309	gene	2292				
FOM_1_01309	CDS	2292				hypothetical protein
FOM_1_01310	gene	336				
FOM_1_01310	CDS	336				hypothetical protein
FOM_1_01311	gene	531				
FOM_1_01311	CDS	531				hypothetical protein
FOM_1_01312	gene	1089				
FOM_1_01312	CDS	1089				hypothetical protein
FOM_1_01313	gene	306				
FOM_1_01313	CDS	306				hypothetical protein
FOM_1_01314	gene	678				
FOM_1_01314	CDS	678				hypothetical protein
FOM_1_01315	gene	2631	kdpD			
FOM_1_01315	CDS	2631	kdpD	2.7.13.3	COG2205	Sensor protein KdpD
FOM_1_01316	gene	711	kdpE			
FOM_1_01316	CDS	711	kdpE		COG0745	Transcriptional regulatory protein KdpE
FOM_1_01317	gene	93				
FOM_1_01317	CDS	93				hypothetical protein
FOM_1_01318	gene	1728	kdpA			
FOM_1_01318	CDS	1728	kdpA		COG2060	Potassium-transporting ATPase potassium-binding subunit
FOM_1_01319	gene	2067	kdpB			
FOM_1_01319	CDS	2067	kdpB	7.2.2.6	COG2216	Potassium-transporting ATPase ATP-binding subunit
FOM_1_01320	gene	630	kdpC			
FOM_1_01320	CDS	630	kdpC		COG2156	Potassium-transporting ATPase KdpC subunit
FOM_1_01321	gene	345				
FOM_1_01321	CDS	345				hypothetical protein
FOM_1_01322	gene	423				
FOM_1_01322	CDS	423				hypothetical protein
FOM_1_01323	gene	579				
FOM_1_01323	CDS	579				hypothetical protein
FOM_1_01324	gene	1998	rnr_2			
FOM_1_01324	CDS	1998	rnr_2	3.1.13.1	COG0557	Ribonuclease R
FOM_1_01325	gene	1083	hisC			
FOM_1_01325	CDS	1083	hisC	2.6.1.9	COG0079	Histidinol-phosphate aminotransferase
FOM_1_01326	gene	987	hisZ			
FOM_1_01326	CDS	987	hisZ		COG3705	ATP phosphoribosyltransferase regulatory subunit
FOM_1_01327	gene	627	hisG			
FOM_1_01327	CDS	627	hisG	2.4.2.17	COG0040	ATP phosphoribosyltransferase
FOM_1_01328	gene	1296	hisD			
FOM_1_01328	CDS	1296	hisD	1.1.1.23		Histidinol dehydrogenase
FOM_1_01329	gene	792	cmoM			
FOM_1_01329	CDS	792	cmoM	2.1.1.-		tRNA 5-carboxymethoxyuridine methyltransferase
FOM_1_01330	gene	603	hisB_1			
FOM_1_01330	CDS	603	hisB_1	4.2.1.19	COG0131	Imidazoleglycerol-phosphate dehydratase
FOM_1_01331	gene	789				
FOM_1_01331	CDS	789				hypothetical protein
FOM_1_01332	gene	609	hisH			
FOM_1_01332	CDS	609	hisH	4.3.2.10	COG0118	Imidazole glycerol phosphate synthase subunit HisH
FOM_1_01333	gene	720	hisA			
FOM_1_01333	CDS	720	hisA	5.3.1.16	COG0106	1-(5-phosphoribosyl)-5-[(5-phosphoribosylamino)methylideneamino] imidazole-4-carboxamide isomerase
FOM_1_01334	gene	780	hisF			
FOM_1_01334	CDS	780	hisF	4.3.2.10	COG0107	Imidazole glycerol phosphate synthase subunit HisF
FOM_1_01335	gene	639	hisI			
FOM_1_01335	CDS	639	hisI	3.5.4.19		Histidine biosynthesis bifunctional protein HisIE
FOM_1_01336	gene	810	hisK			
FOM_1_01336	CDS	810	hisK	3.1.3.15	COG1387	Histidinol-phosphatase
FOM_1_01337	gene	960				
FOM_1_01337	CDS	960				hypothetical protein
FOM_1_01338	gene	1542	leuA			
FOM_1_01338	CDS	1542	leuA	2.3.3.13		2-isopropylmalate synthase
FOM_1_01339	gene	1038	leuB			
FOM_1_01339	CDS	1038	leuB	1.1.1.85	COG0473	3-isopropylmalate dehydrogenase
FOM_1_01340	gene	1383	leuC			
FOM_1_01340	CDS	1383	leuC	4.2.1.33	COG0065	3-isopropylmalate dehydratase large subunit
FOM_1_01341	gene	576	leuD			
FOM_1_01341	CDS	576	leuD	4.2.1.33	COG0066	3-isopropylmalate dehydratase small subunit
FOM_1_01342	gene	780	ylmA			
FOM_1_01342	CDS	780	ylmA	3.6.3.-	COG1119	putative ABC transporter ATP-binding protein YlmA
FOM_1_01343	gene	1713	ilvD			
FOM_1_01343	CDS	1713	ilvD	4.2.1.9	COG0129	Dihydroxy-acid dehydratase
FOM_1_01344	gene	1728	ilvB			
FOM_1_01344	CDS	1728	ilvB	2.2.1.6	COG0028	Acetolactate synthase large subunit
FOM_1_01345	gene	477	ilvH			
FOM_1_01345	CDS	477	ilvH	2.2.1.6	COG0440	Acetolactate synthase small subunit
FOM_1_01346	gene	1023	ilvC			
FOM_1_01346	CDS	1023	ilvC	1.1.1.86	COG0059	Ketol-acid reductoisomerase (NADP(+))
FOM_1_01347	gene	1251	ilvA			
FOM_1_01347	CDS	1251	ilvA	4.3.1.19	COG1171	L-threonine dehydratase biosynthetic IlvA
FOM_1_01348	gene	711	aldC_2			
FOM_1_01348	CDS	711	aldC_2	4.1.1.5	COG3527	Alpha-acetolactate decarboxylase
FOM_1_01349	gene	381	yabJ			
FOM_1_01349	CDS	381	yabJ	3.5.99.10	COG0251	2-iminobutanoate/2-iminopropanoate deaminase
FOM_1_01350	gene	849	dprA			
FOM_1_01350	CDS	849	dprA		COG0758	DNA processing protein DprA
FOM_1_01351	gene	2133	topA			
FOM_1_01351	CDS	2133	topA	5.6.2.1		DNA topoisomerase 1
FOM_1_01352	gene	1344	trmFO			
FOM_1_01352	CDS	1344	trmFO	2.1.1.74	COG1206	Methylenetetrahydrofolate--tRNA-(uracil-5-)-methyltransferase TrmFO
FOM_1_01353	gene	1071	xerS_1			
FOM_1_01353	CDS	1071	xerS_1		COG0582	Tyrosine recombinase XerS
FOM_1_01354	gene	288				
FOM_1_01354	CDS	288				hypothetical protein
FOM_1_01355	gene	1056	xerS_2			
FOM_1_01355	CDS	1056	xerS_2		COG0582	Tyrosine recombinase XerS
FOM_1_01356	gene	1026	recA_2			
FOM_1_01356	CDS	1026	recA_2		COG0468	Protein RecA
FOM_1_01357	gene	393				
FOM_1_01357	CDS	393				hypothetical protein
FOM_1_01358	gene	1443	dinB_2			
FOM_1_01358	CDS	1443	dinB_2	2.7.7.7		DNA polymerase IV
FOM_1_01359	gene	1023				
FOM_1_01359	CDS	1023				hypothetical protein
FOM_1_01360	gene	312				
FOM_1_01360	CDS	312				hypothetical protein
FOM_1_01361	gene	645				
FOM_1_01361	CDS	645				IS3 family transposase ISSsu11
FOM_1_01362	gene	828	xylF			
FOM_1_01362	CDS	828	xylF	3.7.1.9		2-hydroxymuconate semialdehyde hydrolase
FOM_1_01363	gene	732				
FOM_1_01363	CDS	732		1.-.-.-		putative oxidoreductase
FOM_1_01364	gene	999	adhT			
FOM_1_01364	CDS	999	adhT	1.1.1.1		Alcohol dehydrogenase
FOM_1_01365	gene	420	ywnA			
FOM_1_01365	CDS	420	ywnA		COG1959	Putative HTH-type transcriptional regulator YwnA
FOM_1_01366	gene	1878	rep			
FOM_1_01366	CDS	1878	rep	3.6.4.12		ATP-dependent DNA helicase Rep
FOM_1_01367	gene	720				
FOM_1_01367	CDS	720				hypothetical protein
FOM_1_01368	gene	1320				
FOM_1_01368	CDS	1320				hypothetical protein
FOM_1_01369	gene	135				
FOM_1_01369	CDS	135				hypothetical protein
FOM_1_01370	gene	7518				
FOM_1_01370	CDS	7518				hypothetical protein
FOM_1_01371	gene	339				
FOM_1_01371	CDS	339				hypothetical protein
FOM_1_01372	gene	1020				
FOM_1_01372	CDS	1020				hypothetical protein
FOM_1_01373	gene	387				
FOM_1_01373	CDS	387				hypothetical protein
FOM_1_01374	gene	264				
FOM_1_01374	CDS	264				hypothetical protein
FOM_1_01375	gene	1629				
FOM_1_01375	CDS	1629				hypothetical protein
FOM_1_01376	gene	711				
FOM_1_01376	CDS	711				hypothetical protein
FOM_1_01377	gene	1149				
FOM_1_01377	CDS	1149				hypothetical protein
FOM_1_01378	gene	1215				
FOM_1_01378	CDS	1215				hypothetical protein
FOM_1_01379	gene	258				
FOM_1_01379	CDS	258				hypothetical protein
FOM_1_01380	gene	663				
FOM_1_01380	CDS	663				hypothetical protein
FOM_1_01381	gene	1818				
FOM_1_01381	CDS	1818				hypothetical protein
FOM_1_01382	gene	2355				
FOM_1_01382	CDS	2355				hypothetical protein
FOM_1_01383	gene	360				
FOM_1_01383	CDS	360				hypothetical protein
FOM_1_01384	gene	819				
FOM_1_01384	CDS	819				hypothetical protein
FOM_1_01385	gene	267				
FOM_1_01385	CDS	267				hypothetical protein
FOM_1_01386	gene	1755				
FOM_1_01386	CDS	1755				hypothetical protein
FOM_1_01387	gene	732				
FOM_1_01387	CDS	732				hypothetical protein
FOM_1_01388	gene	294				
FOM_1_01388	CDS	294				hypothetical protein
FOM_1_01389	gene	1176				
FOM_1_01389	CDS	1176				hypothetical protein
FOM_1_01390	gene	4212				
FOM_1_01390	CDS	4212				hypothetical protein
FOM_1_01391	gene	1080				
FOM_1_01391	CDS	1080				hypothetical protein
FOM_1_01392	gene	177				
FOM_1_01392	CDS	177				hypothetical protein
FOM_1_01393	gene	447				
FOM_1_01393	CDS	447				hypothetical protein
FOM_1_01394	gene	309				
FOM_1_01394	CDS	309				hypothetical protein
FOM_1_01395	gene	771				
FOM_1_01395	CDS	771				hypothetical protein
FOM_1_01396	gene	447				
FOM_1_01396	CDS	447				hypothetical protein
FOM_1_01397	gene	792				
FOM_1_01397	CDS	792				hypothetical protein
FOM_1_01398	gene	828	xerS_3			
FOM_1_01398	CDS	828	xerS_3		COG0582	Tyrosine recombinase XerS
FOM_1_01399	gene	1212				
FOM_1_01399	CDS	1212				hypothetical protein
FOM_1_01400	gene	606	urdA			
FOM_1_01400	CDS	606	urdA	1.3.99.33	COG0431	Urocanate reductase
FOM_1_01401	gene	924	apbE_3			
FOM_1_01401	CDS	924	apbE_3	2.7.1.180	COG1477	FAD:protein FMN transferase
FOM_1_01402	gene	1053	tmpC_1			
FOM_1_01402	CDS	1053	tmpC_1		COG1744	Membrane lipoprotein TmpC
FOM_1_01403	gene	480				
FOM_1_01403	CDS	480				hypothetical protein
FOM_1_01404	gene	555	yvdD_2			
FOM_1_01404	CDS	555	yvdD_2		COG1611	LOG family protein YvdD
FOM_1_01405	gene	651				
FOM_1_01405	CDS	651		2.7.1.113	COG1428	Deoxyguanosine kinase
FOM_1_01406	gene	162	recA_3			
FOM_1_01406	CDS	162	recA_3		COG0468	Protein RecA
FOM_1_01407	gene	738	glpF_2			
FOM_1_01407	CDS	738	glpF_2		COG0580	Glycerol uptake facilitator protein
FOM_1_01408	gene	1830	glpO			
FOM_1_01408	CDS	1830	glpO	1.1.3.21	COG0578	Alpha-glycerophosphate oxidase
FOM_1_01409	gene	1497	glpK			
FOM_1_01409	CDS	1497	glpK	2.7.1.30	COG0554	Glycerol kinase
FOM_1_01410	gene	1467				
FOM_1_01410	CDS	1467				hypothetical protein
FOM_1_01411	gene	708				
FOM_1_01411	CDS	708				hypothetical protein
FOM_1_01412	gene	1950				
FOM_1_01412	CDS	1950				hypothetical protein
FOM_1_01413	gene	903				
FOM_1_01413	CDS	903				hypothetical protein
FOM_1_01414	gene	1476	amyS			
FOM_1_01414	CDS	1476	amyS	3.2.1.1		Alpha-amylase
FOM_1_01415	gene	1101				
FOM_1_01415	CDS	1101		1.13.12.4	COG1304	Lactate 2-monooxygenase
FOM_1_01416	gene	1023	aroF_2			
FOM_1_01416	CDS	1023	aroF_2	2.5.1.54	COG0722	Phospho-2-dehydro-3-deoxyheptonate aldolase, Tyr-sensitive
FOM_1_01417	gene	852	metF			
FOM_1_01417	CDS	852	metF	1.5.1.20	COG0685	5,10-methylenetetrahydrofolate reductase
FOM_1_01418	gene	2274	metE			
FOM_1_01418	CDS	2274	metE	2.1.1.14	COG0620	5-methyltetrahydropteroyltriglutamate--homocysteine methyltransferase
FOM_1_01419	gene	654	mntR			
FOM_1_01419	CDS	654	mntR			HTH-type transcriptional regulator MntR
FOM_1_01420	gene	2733	mgtA			
FOM_1_01420	CDS	2733	mgtA	7.2.2.14	COG0474	Magnesium-transporting ATPase, P-type 1
FOM_1_01421	gene	1287	dltD			
FOM_1_01421	CDS	1287	dltD		COG3966	Protein DltD
FOM_1_01422	gene	240	dltC			
FOM_1_01422	CDS	240	dltC		COG0236	D-alanyl carrier protein
FOM_1_01423	gene	1224				
FOM_1_01423	CDS	1224				hypothetical protein
FOM_1_01424	gene	1500	dltA			
FOM_1_01424	CDS	1500	dltA	6.2.1.54	COG1020	D-alanine--D-alanyl carrier protein ligase
FOM_1_01425	gene	132				
FOM_1_01425	CDS	132				hypothetical protein
FOM_1_01426	gene	648	thiE			
FOM_1_01426	CDS	648	thiE	2.5.1.3		Thiamine-phosphate synthase
FOM_1_01427	gene	804	thiD			
FOM_1_01427	CDS	804	thiD	2.7.1.49		Hydroxymethylpyrimidine/phosphomethylpyrimidine kinase
FOM_1_01428	gene	753	thiM			
FOM_1_01428	CDS	753	thiM	2.7.1.50	COG2145	Hydroxyethylthiazole kinase
FOM_1_01429	gene	2475				
FOM_1_01429	CDS	2475				hypothetical protein
FOM_1_01430	gene	1089	mnaA_2			
FOM_1_01430	CDS	1089	mnaA_2	5.1.3.14	COG0381	UDP-N-acetylglucosamine 2-epimerase
FOM_1_01431	gene	678				
FOM_1_01431	CDS	678				hypothetical protein
FOM_1_01432	gene	366	rplL			
FOM_1_01432	CDS	366	rplL		COG0222	50S ribosomal protein L7/L12
FOM_1_01433	gene	516	rplJ			
FOM_1_01433	CDS	516	rplJ			50S ribosomal protein L10
FOM_1_01434	gene	189				
FOM_1_01434	CDS	189				hypothetical protein
FOM_1_01435	gene	759				
FOM_1_01435	CDS	759				hypothetical protein
FOM_1_01436	gene	1827	yheH			
FOM_1_01436	CDS	1827	yheH	3.6.3.-	COG1132	putative multidrug resistance ABC transporter ATP-binding/permease protein YheH
FOM_1_01437	gene	1818	yheI			
FOM_1_01437	CDS	1818	yheI	3.6.3.-	COG1132	putative multidrug resistance ABC transporter ATP-binding/permease protein YheI
FOM_1_01438	gene	621	ribU			
FOM_1_01438	CDS	621	ribU			Riboflavin transporter RibU
FOM_1_01439	gene	720	rluB			
FOM_1_01439	CDS	720	rluB	5.4.99.22	COG1187	Ribosomal large subunit pseudouridine synthase B
FOM_1_01440	gene	567	scpB			
FOM_1_01440	CDS	567	scpB			Segregation and condensation protein B
FOM_1_01441	gene	729	scpA			
FOM_1_01441	CDS	729	scpA			Segregation and condensation protein A
FOM_1_01442	gene	747	ynbA			
FOM_1_01442	CDS	747	ynbA		COG0582	Tyrosine recombinase XerD-like protein
FOM_1_01443	gene	462				
FOM_1_01443	CDS	462				hypothetical protein
FOM_1_01444	gene	504				
FOM_1_01444	CDS	504				hypothetical protein
FOM_1_01445	gene	606	rdgB			
FOM_1_01445	CDS	606	rdgB	3.6.1.66	COG0127	dITP/XTP pyrophosphatase
FOM_1_01446	gene	816	murI			
FOM_1_01446	CDS	816	murI	5.1.1.3	COG0796	Glutamate racemase
FOM_1_01447	gene	240				
FOM_1_01447	CDS	240				hypothetical protein
FOM_1_01448	gene	1260	lysA			
FOM_1_01448	CDS	1260	lysA	4.1.1.20	COG0019	Diaminopimelate decarboxylase
FOM_1_01449	gene	1440	gltB			
FOM_1_01449	CDS	1440	gltB	1.4.1.13	COG0493	Glutamate synthase [NADPH] small chain
FOM_1_01450	gene	4461	gltA			
FOM_1_01450	CDS	4461	gltA	1.4.1.13	COG0067	Glutamate synthase [NADPH] large chain
FOM_1_01451	gene	612	maa_1			
FOM_1_01451	CDS	612	maa_1	2.3.1.79	COG0110	Maltose O-acetyltransferase
FOM_1_01452	gene	1023	ilvE			
FOM_1_01452	CDS	1023	ilvE	2.6.1.42	COG0115	Branched-chain-amino-acid aminotransferase
FOM_1_01453	gene	747	ykuT			
FOM_1_01453	CDS	747	ykuT		COG0668	putative MscS family protein YkuT
FOM_1_01454	gene	1401	gadB			
FOM_1_01454	CDS	1401	gadB	4.1.1.15	COG0076	Glutamate decarboxylase
FOM_1_01455	gene	1512	gadC			
FOM_1_01455	CDS	1512	gadC		COG0531	Glutamate/gamma-aminobutyrate antiporter
FOM_1_01456	gene	831				
FOM_1_01456	CDS	831				hypothetical protein
FOM_1_01457	gene	807	rnhB			
FOM_1_01457	CDS	807	rnhB	3.1.26.4	COG0164	Ribonuclease HII
FOM_1_01458	gene	849	rbgA			
FOM_1_01458	CDS	849	rbgA		COG1161	Ribosome biogenesis GTPase A
FOM_1_01459	gene	546				
FOM_1_01459	CDS	546				hypothetical protein
FOM_1_01460	gene	732				
FOM_1_01460	CDS	732				hypothetical protein
FOM_1_01461	gene	762	glcR_2			
FOM_1_01461	CDS	762	glcR_2		COG1349	HTH-type transcriptional repressor GlcR
FOM_1_01462	gene	1386				
FOM_1_01462	CDS	1386				hypothetical protein
FOM_1_01463	gene	1548				
FOM_1_01463	CDS	1548				hypothetical protein
FOM_1_01464	gene	396				
FOM_1_01464	CDS	396				hypothetical protein
FOM_1_01465	gene	1749				
FOM_1_01465	CDS	1749				hypothetical protein
FOM_1_01466	gene	1995	aguA_1			
FOM_1_01466	CDS	1995	aguA_1	3.2.1.131		Xylan alpha-(1->2)-glucuronosidase
FOM_1_01467	gene	627	pgdA			
FOM_1_01467	CDS	627	pgdA	3.5.1.104	COG0726	Peptidoglycan-N-acetylglucosamine deacetylase
FOM_1_01468	gene	1134	rex8A			
FOM_1_01468	CDS	1134	rex8A	3.2.1.156		Reducing-end xylose-releasing exo-oligoxylanase Rex8A
FOM_1_01469	gene	2415				
FOM_1_01469	CDS	2415				hypothetical protein
FOM_1_01470	gene	699				
FOM_1_01470	CDS	699				hypothetical protein
FOM_1_01471	gene	1638				
FOM_1_01471	CDS	1638				hypothetical protein
FOM_1_01472	gene	864	ycjP			
FOM_1_01472	CDS	864	ycjP		COG0395	Inner membrane ABC transporter permease protein YcjP
FOM_1_01473	gene	891	yteP_1			
FOM_1_01473	CDS	891	yteP_1		COG4209	putative multiple-sugar transport system permease YteP
FOM_1_01474	gene	1860				
FOM_1_01474	CDS	1860				hypothetical protein
FOM_1_01475	gene	1104	ybiR			
FOM_1_01475	CDS	1104	ybiR		COG0471	Inner membrane protein YbiR
FOM_1_01476	gene	597	pspA			
FOM_1_01476	CDS	597	pspA	3.1.3.3	COG0406	Phosphoserine phosphatase 1
FOM_1_01477	gene	804	ybjI_1			
FOM_1_01477	CDS	804	ybjI_1	3.1.3.104	COG0561	5-amino-6-(5-phospho-D-ribitylamino)uracil phosphatase YbjI
FOM_1_01478	gene	807	ybjI_2			
FOM_1_01478	CDS	807	ybjI_2	3.1.3.104	COG0561	5-amino-6-(5-phospho-D-ribitylamino)uracil phosphatase YbjI
FOM_1_01479	gene	627	maa_2			
FOM_1_01479	CDS	627	maa_2	2.3.1.79	COG0110	Maltose O-acetyltransferase
FOM_1_01480	gene	402				
FOM_1_01480	CDS	402				hypothetical protein
FOM_1_01481	gene	969				
FOM_1_01481	CDS	969				hypothetical protein
FOM_1_01482	gene	1647	ipdC			
FOM_1_01482	CDS	1647	ipdC	4.1.1.74	COG3961	Indole-3-pyruvate decarboxylase
FOM_1_01483	gene	471				
FOM_1_01483	CDS	471				hypothetical protein
FOM_1_01484	gene	822	hdfR_2			
FOM_1_01484	CDS	822	hdfR_2			HTH-type transcriptional regulator HdfR
FOM_1_01485	gene	774				
FOM_1_01485	CDS	774				hypothetical protein
FOM_1_01486	gene	198				
FOM_1_01486	CDS	198				hypothetical protein
FOM_1_01487	gene	813				
FOM_1_01487	CDS	813				hypothetical protein
FOM_1_01488	gene	975				
FOM_1_01488	CDS	975				hypothetical protein
FOM_1_01489	gene	537				
FOM_1_01489	CDS	537				hypothetical protein
FOM_1_01490	gene	324				
FOM_1_01490	CDS	324				hypothetical protein
FOM_1_01491	gene	372	spxA_5			
FOM_1_01491	CDS	372	spxA_5			Regulatory protein Spx
FOM_1_01492	gene	1791	menF_2			
FOM_1_01492	CDS	1791	menF_2	5.4.4.2		Isochorismate synthase MenF
FOM_1_01493	gene	582	pabA_1			
FOM_1_01493	CDS	582	pabA_1	2.6.1.85	COG0512	Aminodeoxychorismate/anthranilate synthase component 2
FOM_1_01494	gene	942	ssaB			
FOM_1_01494	CDS	942	ssaB		COG0803	Manganese ABC transporter substrate-binding lipoprotein
FOM_1_01495	gene	846	mntB			
FOM_1_01495	CDS	846	mntB			Manganese transport system membrane protein MntB
FOM_1_01496	gene	714	scaC			
FOM_1_01496	CDS	714	scaC	7.2.2.5	COG1121	Manganese import ATP-binding protein ScaC
FOM_1_01497	gene	414				
FOM_1_01497	CDS	414				hypothetical protein
FOM_1_01498	gene	234				
FOM_1_01498	CDS	234				hypothetical protein
FOM_1_01499	gene	3141				
FOM_1_01499	CDS	3141				hypothetical protein
FOM_1_01500	gene	1173	sbcD			
FOM_1_01500	CDS	1173	sbcD			Nuclease SbcCD subunit D
FOM_1_01501	gene	939	panE			
FOM_1_01501	CDS	939	panE	1.1.1.169	COG1893	2-dehydropantoate 2-reductase
FOM_1_01502	gene	420	spxA_6			
FOM_1_01502	CDS	420	spxA_6			Regulatory protein Spx
FOM_1_01503	gene	2253				
FOM_1_01503	CDS	2253				hypothetical protein
FOM_1_01504	gene	444				
FOM_1_01504	CDS	444				hypothetical protein
FOM_1_01505	gene	1623	rqcH			
FOM_1_01505	CDS	1623	rqcH		COG1293	Rqc2 RqcH
FOM_1_01506	gene	816	rlmA			
FOM_1_01506	CDS	816	rlmA	2.1.1.187	COG0500	23S rRNA (guanine(745)-N(1))-methyltransferase
FOM_1_01507	gene	1521	mglA			
FOM_1_01507	CDS	1521	mglA	7.5.2.11	COG1129	Galactose/methyl galactoside import ATP-binding protein MglA
FOM_1_01508	gene	1095				
FOM_1_01508	CDS	1095				hypothetical protein
FOM_1_01509	gene	954				
FOM_1_01509	CDS	954				hypothetical protein
FOM_1_01510	gene	978	ldh1			
FOM_1_01510	CDS	978	ldh1	1.1.1.27	COG0039	L-lactate dehydrogenase 1
FOM_1_01511	gene	1509	pyk			
FOM_1_01511	CDS	1509	pyk	2.7.1.40	COG0469	Pyruvate kinase
FOM_1_01512	gene	1023	pfkA			
FOM_1_01512	CDS	1023	pfkA	2.7.1.11		ATP-dependent 6-phosphofructokinase
FOM_1_01513	gene	1149	agaA			
FOM_1_01513	CDS	1149	agaA	3.5.1.-	COG1820	N-acetylgalactosamine-6-phosphate deacetylase
FOM_1_01514	gene	1179				
FOM_1_01514	CDS	1179				TelA-like protein
FOM_1_01515	gene	627				
FOM_1_01515	CDS	627				hypothetical protein
FOM_1_01516	gene	1026	gpsA			
FOM_1_01516	CDS	1026	gpsA	1.1.1.94	COG0240	Glycerol-3-phosphate dehydrogenase [NAD(P)+]
FOM_1_01517	gene	942	gtaB			
FOM_1_01517	CDS	942	gtaB	2.7.7.9	COG1210	UTP--glucose-1-phosphate uridylyltransferase
FOM_1_01518	gene	408				
FOM_1_01518	CDS	408				hypothetical protein
FOM_1_01519	gene	531				
FOM_1_01519	CDS	531				hypothetical protein
FOM_1_01520	gene	960	hepT_2			
FOM_1_01520	CDS	960	hepT_2	2.5.1.30	COG0142	Heptaprenyl diphosphate synthase component 2
FOM_1_01521	gene	717	rsmG			
FOM_1_01521	CDS	717	rsmG	2.1.1.-	COG0357	Ribosomal RNA small subunit methyltransferase G
FOM_1_01522	gene	534				
FOM_1_01522	CDS	534				hypothetical protein
FOM_1_01523	gene	714	pyrF			
FOM_1_01523	CDS	714	pyrF	4.1.1.23	COG0284	Orotidine 5'-phosphate decarboxylase
FOM_1_01524	gene	966	pyrDB			
FOM_1_01524	CDS	966	pyrDB	1.3.1.14	COG0167	Dihydroorotate dehydrogenase B (NAD(+)), catalytic subunit
FOM_1_01525	gene	789	pyrK			
FOM_1_01525	CDS	789	pyrK		COG0543	Dihydroorotate dehydrogenase B (NAD(+)), electron transfer subunit
FOM_1_01526	gene	1365	emrB_2			
FOM_1_01526	CDS	1365	emrB_2			Multidrug export protein EmrB
FOM_1_01527	gene	1212				
FOM_1_01527	CDS	1212				hypothetical protein
FOM_1_01528	gene	1140				
FOM_1_01528	CDS	1140				hypothetical protein
FOM_1_01529	gene	786				
FOM_1_01529	CDS	786				hypothetical protein
FOM_1_01530	gene	558	rluE			
FOM_1_01530	CDS	558	rluE	5.4.99.20	COG1187	Ribosomal large subunit pseudouridine synthase E
FOM_1_01531	gene	3195	carB			
FOM_1_01531	CDS	3195	carB	6.3.5.5	COG0458	Carbamoyl-phosphate synthase large chain
FOM_1_01532	gene	474	bsaA			
FOM_1_01532	CDS	474	bsaA			Glutathione peroxidase BsaA
FOM_1_01533	gene	630	lytG			
FOM_1_01533	CDS	630	lytG	3.2.1.-	COG1705	Exo-glucosaminidase LytG
FOM_1_01534	gene	2637	yoaB			
FOM_1_01534	CDS	2637	yoaB	7.2.2.10	COG0474	Calcium-transporting ATPase 1
FOM_1_01535	gene	723	queH			
FOM_1_01535	CDS	723	queH	1.17.99.6		Epoxyqueuosine reductase QueH
FOM_1_01536	gene	570				
FOM_1_01536	CDS	570				hypothetical protein
FOM_1_01537	gene	834				
FOM_1_01537	CDS	834				hypothetical protein
FOM_1_01538	gene	555				
FOM_1_01538	CDS	555				hypothetical protein
FOM_1_01539	gene	402				
FOM_1_01539	CDS	402				hypothetical protein
FOM_1_01540	gene	354				
FOM_1_01540	CDS	354				hypothetical protein
FOM_1_01541	gene	429	teaD			
FOM_1_01541	CDS	429	teaD		COG0589	TRAP-T-associated universal stress protein TeaD
FOM_1_01542	gene	162				
FOM_1_01542	CDS	162				hypothetical protein
FOM_1_01543	gene	408	arsC			
FOM_1_01543	CDS	408	arsC	1.20.4.4	COG0394	Arsenate reductase
FOM_1_01544	gene	90				
FOM_1_01544	tRNA	90				tRNA-Ser(tga)
FOM_1_01545	gene	531				
FOM_1_01545	CDS	531				hypothetical protein
FOM_1_01546	gene	792				
FOM_1_01546	CDS	792				hypothetical protein
FOM_1_01547	gene	768				
FOM_1_01547	CDS	768				hypothetical protein
FOM_1_01548	gene	240				
FOM_1_01548	CDS	240				hypothetical protein
FOM_1_01549	gene	285				
FOM_1_01549	CDS	285				hypothetical protein
FOM_1_01550	gene	276				
FOM_1_01550	CDS	276				hypothetical protein
FOM_1_01551	gene	450				
FOM_1_01551	CDS	450				hypothetical protein
FOM_1_01552	gene	510				
FOM_1_01552	CDS	510				hypothetical protein
FOM_1_01553	gene	354				
FOM_1_01553	CDS	354				hypothetical protein
FOM_1_01554	gene	174				
FOM_1_01554	CDS	174				hypothetical protein
FOM_1_01555	gene	356	ssrA			
FOM_1_01555	tmRNA	356	ssrA			transfer-messenger RNA, SsrA
FOM_1_01556	gene	336				
FOM_1_01556	CDS	336				hypothetical protein
FOM_1_01557	gene	711	phoP			
FOM_1_01557	CDS	711	phoP		COG0745	Alkaline phosphatase synthesis transcriptional regulatory protein PhoP
FOM_1_01558	gene	1554	phoR			
FOM_1_01558	CDS	1554	phoR	2.7.13.3	COG0642	Alkaline phosphatase synthesis sensor protein PhoR
FOM_1_01559	gene	441				
FOM_1_01559	CDS	441				hypothetical protein
FOM_1_01560	gene	708	nagR			
FOM_1_01560	CDS	708	nagR		COG2188	HTH-type transcriptional repressor NagR
FOM_1_01561	gene	1053	tmpC_2			
FOM_1_01561	CDS	1053	tmpC_2		COG1744	Membrane lipoprotein TmpC
FOM_1_01562	gene	393	cdd			
FOM_1_01562	CDS	393	cdd	3.5.4.5	COG0295	Cytidine deaminase
FOM_1_01563	gene	663	deoC1			
FOM_1_01563	CDS	663	deoC1	4.1.2.4		Deoxyribose-phosphate aldolase 1
FOM_1_01564	gene	189				
FOM_1_01564	CDS	189				hypothetical protein
FOM_1_01565	gene	1293	pdp			
FOM_1_01565	CDS	1293	pdp	2.4.2.2		Pyrimidine-nucleoside phosphorylase
FOM_1_01566	gene	603	rsmC			
FOM_1_01566	CDS	603	rsmC	2.1.1.172	COG2813	Ribosomal RNA small subunit methyltransferase C
FOM_1_01567	gene	921	coaA			
FOM_1_01567	CDS	921	coaA	2.7.1.33	COG1072	Pantothenate kinase
FOM_1_01568	gene	432	psiE			
FOM_1_01568	CDS	432	psiE			Protein PsiE
FOM_1_01569	gene	945				
FOM_1_01569	CDS	945				hypothetical protein
FOM_1_01570	gene	303				
FOM_1_01570	CDS	303				hypothetical protein
FOM_1_01571	gene	543	ybdM_2			
FOM_1_01571	CDS	543	ybdM_2		COG1475	putative protein YbdM
FOM_1_01572	gene	1320				
FOM_1_01572	CDS	1320				hypothetical protein
FOM_1_01573	gene	492				
FOM_1_01573	CDS	492				hypothetical protein
FOM_1_01574	gene	171				
FOM_1_01574	CDS	171				hypothetical protein
FOM_1_01575	gene	1722				
FOM_1_01575	CDS	1722				hypothetical protein
FOM_1_01576	gene	1227	opuAA			
FOM_1_01576	CDS	1227	opuAA	7.6.2.9	COG4175	Glycine betaine transport ATP-binding protein OpuAA
FOM_1_01577	gene	621				
FOM_1_01577	CDS	621				hypothetical protein
FOM_1_01578	gene	1626	gtfA_1			
FOM_1_01578	CDS	1626	gtfA_1	2.4.1.-		UDP-N-acetylglucosamine--peptide N-acetylglucosaminyltransferase GtfA subunit
FOM_1_01579	gene	1521	gtfA_2			
FOM_1_01579	CDS	1521	gtfA_2	2.4.1.-		UDP-N-acetylglucosamine--peptide N-acetylglucosaminyltransferase GtfA subunit
FOM_1_01580	gene	3270	smc_2			
FOM_1_01580	CDS	3270	smc_2			Chromosome partition protein Smc
FOM_1_01581	gene	948				
FOM_1_01581	CDS	948				hypothetical protein
FOM_1_01582	gene	4506				
FOM_1_01582	CDS	4506				hypothetical protein
FOM_1_01583	gene	1437	bglH_1			
FOM_1_01583	CDS	1437	bglH_1	3.2.1.86	COG2723	Aryl-phospho-beta-D-glucosidase BglH
FOM_1_01584	gene	1911	bglF_2			
FOM_1_01584	CDS	1911	bglF_2		COG1263	PTS system beta-glucoside-specific EIIBCA component
FOM_1_01585	gene	840	licT			
FOM_1_01585	CDS	840	licT		COG3711	Transcription antiterminator LicT
FOM_1_01586	gene	762	trpA			
FOM_1_01586	CDS	762	trpA	4.2.1.20	COG0159	Tryptophan synthase alpha chain
FOM_1_01587	gene	1209	trpB			
FOM_1_01587	CDS	1209	trpB	4.2.1.20	COG0133	Tryptophan synthase beta chain
FOM_1_01588	gene	567				
FOM_1_01588	CDS	567				hypothetical protein
FOM_1_01589	gene	1056	trpF			
FOM_1_01589	CDS	1056	trpF	5.3.1.24		N-(5'-phosphoribosyl)anthranilate isomerase
FOM_1_01590	gene	795	trpC			
FOM_1_01590	CDS	795	trpC	4.1.1.48		Indole-3-glycerol phosphate synthase
FOM_1_01591	gene	1008	trpD2			
FOM_1_01591	CDS	1008	trpD2	2.4.2.18	COG0547	Anthranilate phosphoribosyltransferase 2
FOM_1_01592	gene	597	pabA_2			
FOM_1_01592	CDS	597	pabA_2	2.6.1.85	COG0512	Aminodeoxychorismate/anthranilate synthase component 2
FOM_1_01593	gene	1371	trpE			
FOM_1_01593	CDS	1371	trpE	4.1.3.27	COG0147	Anthranilate synthase component 1
FOM_1_01594	gene	360				
FOM_1_01594	CDS	360				hypothetical protein
FOM_1_01595	gene	639	yodC			
FOM_1_01595	CDS	639	yodC	1.-.-.-	COG0778	Putative NAD(P)H nitroreductase YodC
FOM_1_01596	gene	420				
FOM_1_01596	CDS	420				hypothetical protein
FOM_1_01597	gene	744	COQ5_3			
FOM_1_01597	CDS	744	COQ5_3	2.1.1.163		2-methoxy-6-polyprenyl-1,4-benzoquinol methylase, mitochondrial
FOM_1_01598	gene	681				
FOM_1_01598	CDS	681				hypothetical protein
FOM_1_01599	gene	690				
FOM_1_01599	CDS	690				hypothetical protein
FOM_1_01600	gene	387	perR			
FOM_1_01600	CDS	387	perR		COG0735	Peroxide-responsive repressor PerR
FOM_1_01601	gene	348				
FOM_1_01601	CDS	348				hypothetical protein
FOM_1_01602	gene	888	yicL_2			
FOM_1_01602	CDS	888	yicL_2		COG0697	putative inner membrane transporter YicL
FOM_1_01603	gene	435				
FOM_1_01603	CDS	435			COG0789	putative HTH-type transcriptional regulator
FOM_1_01604	gene	732	sdh			
FOM_1_01604	CDS	732	sdh	1.1.1.276		Serine 3-dehydrogenase
FOM_1_01605	gene	1800	dxs_1			
FOM_1_01605	CDS	1800	dxs_1	2.2.1.7	COG1154	1-deoxy-D-xylulose-5-phosphate synthase
FOM_1_01606	gene	420				
FOM_1_01606	CDS	420				hypothetical protein
FOM_1_01607	gene	906				
FOM_1_01607	CDS	906				hypothetical protein
FOM_1_01608	gene	1380	mepA_2			
FOM_1_01608	CDS	1380	mepA_2			Multidrug export protein MepA
FOM_1_01609	gene	1746				
FOM_1_01609	CDS	1746				hypothetical protein
FOM_1_01610	gene	1542	guaA			
FOM_1_01610	CDS	1542	guaA	6.3.5.2		GMP synthase [glutamine-hydrolyzing]
FOM_1_01611	gene	876	gmuE_2			
FOM_1_01611	CDS	876	gmuE_2	2.7.1.4	COG1940	Putative fructokinase
FOM_1_01612	gene	882	bglK_2			
FOM_1_01612	CDS	882	bglK_2	2.7.1.85	COG1940	Beta-glucoside kinase
FOM_1_01613	gene	1428	gmuD			
FOM_1_01613	CDS	1428	gmuD	3.2.1.86	COG2723	6-phospho-beta-glucosidase GmuD
FOM_1_01614	gene	609				
FOM_1_01614	CDS	609				hypothetical protein
FOM_1_01615	gene	2772				
FOM_1_01615	CDS	2772				hypothetical protein
FOM_1_01616	gene	1590	dexB_1			
FOM_1_01616	CDS	1590	dexB_1	3.2.1.70	COG0366	Glucan 1,6-alpha-glucosidase
FOM_1_01617	gene	978	strH			
FOM_1_01617	CDS	978	strH	3.2.1.52	COG3525	Beta-N-acetylhexosaminidase
FOM_1_01618	gene	1452				
FOM_1_01618	CDS	1452				hypothetical protein
FOM_1_01619	gene	921	araQ			
FOM_1_01619	CDS	921	araQ		COG0395	L-arabinose transport system permease protein AraQ
FOM_1_01620	gene	933	yteP_2			
FOM_1_01620	CDS	933	yteP_2		COG4209	putative multiple-sugar transport system permease YteP
FOM_1_01621	gene	2688	mngB			
FOM_1_01621	CDS	2688	mngB	3.2.1.-	COG0383	Mannosylglycerate hydrolase
FOM_1_01622	gene	1296				
FOM_1_01622	CDS	1296				hypothetical protein
FOM_1_01623	gene	1038	araR_1			
FOM_1_01623	CDS	1038	araR_1		COG1609	Arabinose metabolism transcriptional repressor
FOM_1_01624	gene	2154				
FOM_1_01624	CDS	2154				hypothetical protein
FOM_1_01625	gene	2469	xpkA			
FOM_1_01625	CDS	2469	xpkA	4.1.2.9		Xylulose-5-phosphate phosphoketolase
FOM_1_01626	gene	1425	araA			
FOM_1_01626	CDS	1425	araA	5.3.1.4		L-arabinose isomerase
FOM_1_01627	gene	702	araD			
FOM_1_01627	CDS	702	araD	5.1.3.4	COG0235	L-ribulose-5-phosphate 4-epimerase AraD
FOM_1_01628	gene	1584	xylB_2			
FOM_1_01628	CDS	1584	xylB_2	2.7.1.17		Xylulose kinase
FOM_1_01629	gene	1368	xylT_1			
FOM_1_01629	CDS	1368	xylT_1			D-xylose transporter
FOM_1_01630	gene	1086	araR_2			
FOM_1_01630	CDS	1086	araR_2		COG1609	Arabinose metabolism transcriptional repressor
FOM_1_01631	gene	1377	xylT_2			
FOM_1_01631	CDS	1377	xylT_2			D-xylose transporter
FOM_1_01632	gene	603				
FOM_1_01632	CDS	603		2.3.1.-		Putative acetyltransferase
FOM_1_01633	gene	1680	xynB			
FOM_1_01633	CDS	1680	xynB	3.2.1.37		Beta-xylosidase
FOM_1_01634	gene	1473	yjmB			
FOM_1_01634	CDS	1473	yjmB		COG2211	putative symporter YjmB
FOM_1_01635	gene	1005				
FOM_1_01635	CDS	1005		5.1.3.21	COG2017	Maltose epimerase
FOM_1_01636	gene	1506	xylB_3			
FOM_1_01636	CDS	1506	xylB_3	2.7.1.17	COG1070	Xylulose kinase
FOM_1_01637	gene	1320	xylA			
FOM_1_01637	CDS	1320	xylA	5.3.1.5		Xylose isomerase
FOM_1_01638	gene	954	rhaS_2			
FOM_1_01638	CDS	954	rhaS_2			HTH-type transcriptional activator RhaS
FOM_1_01639	gene	1107	purK			
FOM_1_01639	CDS	1107	purK	6.3.4.18		N5-carboxyaminoimidazole ribonucleotide synthase
FOM_1_01640	gene	486	purE			
FOM_1_01640	CDS	486	purE	5.4.99.18	COG0041	N5-carboxyaminoimidazole ribonucleotide mutase
FOM_1_01641	gene	1239	purD			
FOM_1_01641	CDS	1239	purD	6.3.4.13	COG0151	Phosphoribosylamine--glycine ligase
FOM_1_01642	gene	627	tetR_2			
FOM_1_01642	CDS	627	tetR_2			Tetracycline repressor protein class B from transposon Tn10
FOM_1_01643	gene	1398	hsrA_2			
FOM_1_01643	CDS	1398	hsrA_2			putative transport protein HsrA
FOM_1_01644	gene	693	yfnB_1			
FOM_1_01644	CDS	693	yfnB_1	3.-.-.-	COG1011	Putative HAD-hydrolase YfnB
FOM_1_01645	gene	1557	purH			
FOM_1_01645	CDS	1557	purH			Bifunctional purine biosynthesis protein PurH
FOM_1_01646	gene	543	hpt_2			
FOM_1_01646	CDS	543	hpt_2	2.4.2.8		Hypoxanthine-guanine phosphoribosyltransferase
FOM_1_01647	gene	1038	hldD			
FOM_1_01647	CDS	1038	hldD	5.1.3.20		ADP-L-glycero-D-manno-heptose-6-epimerase
FOM_1_01648	gene	531				
FOM_1_01648	CDS	531				hypothetical protein
FOM_1_01649	gene	1590				
FOM_1_01649	CDS	1590			COG1132	putative ABC transporter ATP-binding protein
FOM_1_01650	gene	549	purN			
FOM_1_01650	CDS	549	purN	2.1.2.2		Phosphoribosylglycinamide formyltransferase
FOM_1_01651	gene	1017	purM			
FOM_1_01651	CDS	1017	purM	6.3.3.1	COG0150	Phosphoribosylformylglycinamidine cyclo-ligase
FOM_1_01652	gene	2604	clpB			
FOM_1_01652	CDS	2604	clpB		COG0542	Chaperone protein ClpB
FOM_1_01653	gene	807				
FOM_1_01653	CDS	807				hypothetical protein
FOM_1_01654	gene	1341				
FOM_1_01654	CDS	1341				hypothetical protein
FOM_1_01655	gene	624				
FOM_1_01655	CDS	624				hypothetical protein
FOM_1_01656	gene	1500	purF			
FOM_1_01656	CDS	1500	purF	2.4.2.14		Amidophosphoribosyltransferase
FOM_1_01657	gene	846	hcaB_2			
FOM_1_01657	CDS	846	hcaB_2	1.3.1.87		3-phenylpropionate-dihydrodiol/cinnamic acid-dihydrodiol dehydrogenase
FOM_1_01658	gene	2220	purL			
FOM_1_01658	CDS	2220	purL	6.3.5.3	COG0046	Phosphoribosylformylglycinamidine synthase subunit PurL
FOM_1_01659	gene	672	purQ			
FOM_1_01659	CDS	672	purQ	6.3.5.3	COG0047	Phosphoribosylformylglycinamidine synthase subunit PurQ
FOM_1_01660	gene	264	purS			
FOM_1_01660	CDS	264	purS	6.3.5.3	COG1828	Phosphoribosylformylglycinamidine synthase subunit PurS
FOM_1_01661	gene	711	purC			
FOM_1_01661	CDS	711	purC	6.3.2.6	COG0152	Phosphoribosylaminoimidazole-succinocarboxamide synthase
FOM_1_01662	gene	402				
FOM_1_01662	CDS	402				hypothetical protein
FOM_1_01663	gene	294				
FOM_1_01663	CDS	294				hypothetical protein
FOM_1_01664	gene	315				
FOM_1_01664	CDS	315				hypothetical protein
FOM_1_01665	gene	369				
FOM_1_01665	CDS	369				hypothetical protein
FOM_1_01666	gene	753				
FOM_1_01666	CDS	753		1.-.-.-		putative oxidoreductase
FOM_1_01667	gene	1374	ribZ_2			
FOM_1_01667	CDS	1374	ribZ_2			Riboflavin transporter RibZ
FOM_1_01668	gene	447				
FOM_1_01668	CDS	447				hypothetical protein
FOM_1_01669	gene	840	thyA			
FOM_1_01669	CDS	840	thyA	2.1.1.45	COG0207	Thymidylate synthase
FOM_1_01670	gene	453				
FOM_1_01670	CDS	453				hypothetical protein
FOM_1_01671	gene	627				
FOM_1_01671	CDS	627				hypothetical protein
FOM_1_01672	gene	552				
FOM_1_01672	CDS	552				hypothetical protein
FOM_1_01673	gene	924	ccpB			
FOM_1_01673	CDS	924	ccpB			Catabolite control protein B
FOM_1_01674	gene	810				
FOM_1_01674	CDS	810		3.1.3.-	COG0561	Putative phosphatase
FOM_1_01675	gene	2634	polA			
FOM_1_01675	CDS	2634	polA	2.7.7.7		DNA polymerase I
FOM_1_01676	gene	732	yfiC			
FOM_1_01676	CDS	732	yfiC	2.1.1.223		tRNA1(Val) (adenine(37)-N6)-methyltransferase
FOM_1_01677	gene	1005				
FOM_1_01677	CDS	1005				hypothetical protein
FOM_1_01678	gene	225				
FOM_1_01678	CDS	225				hypothetical protein
FOM_1_01679	gene	1341				
FOM_1_01679	CDS	1341		2.4.1.337	COG0438	Alpha-monoglucosyldiacylglycerol synthase
FOM_1_01680	gene	999	dgs			
FOM_1_01680	CDS	999	dgs	2.4.1.208	COG0438	Processive diacylglycerol alpha-glucosyltransferase
FOM_1_01681	gene	1227	htrA			
FOM_1_01681	CDS	1227	htrA	3.4.21.107	COG0265	Serine protease Do-like HtrA
FOM_1_01682	gene	480	rlmH			
FOM_1_01682	CDS	480	rlmH	2.1.1.177	COG1576	Ribosomal RNA large subunit methyltransferase H
FOM_1_01683	gene	699				
FOM_1_01683	CDS	699				hypothetical protein
FOM_1_01684	gene	333				
FOM_1_01684	CDS	333				hypothetical protein
FOM_1_01685	gene	735	uppS			
FOM_1_01685	CDS	735	uppS	2.5.1.-	COG0020	Isoprenyl transferase
FOM_1_01686	gene	804				
FOM_1_01686	CDS	804				hypothetical protein
FOM_1_01687	gene	1287				
FOM_1_01687	CDS	1287		3.4.24.-		Putative zinc metalloprotease
FOM_1_01688	gene	1851	proS			
FOM_1_01688	CDS	1851	proS	6.1.1.15	COG0442	Proline--tRNA ligase
FOM_1_01689	gene	1332	nox			
FOM_1_01689	CDS	1332	nox	1.6.99.3	COG0446	NADH oxidase
FOM_1_01690	gene	537				
FOM_1_01690	CDS	537				hypothetical protein
FOM_1_01691	gene	4977	polC			
FOM_1_01691	CDS	4977	polC	2.7.7.7		DNA polymerase III PolC-type
FOM_1_01692	gene	927	comGA			
FOM_1_01692	CDS	927	comGA		COG2804	ComG operon protein 1
FOM_1_01693	gene	1020				
FOM_1_01693	CDS	1020				hypothetical protein
FOM_1_01694	gene	384				
FOM_1_01694	CDS	384				hypothetical protein
FOM_1_01695	gene	399				
FOM_1_01695	CDS	399				hypothetical protein
FOM_1_01696	gene	297				
FOM_1_01696	CDS	297				hypothetical protein
FOM_1_01697	gene	384				
FOM_1_01697	CDS	384				hypothetical protein
FOM_1_01698	gene	285				
FOM_1_01698	CDS	285				hypothetical protein
FOM_1_01699	gene	438	zitR			
FOM_1_01699	CDS	438	zitR			Transcriptional regulator ZitR
FOM_1_01700	gene	843	znuA			
FOM_1_01700	CDS	843	znuA		COG0803	High-affinity zinc uptake system binding-protein ZnuA
FOM_1_01701	gene	738	znuC			
FOM_1_01701	CDS	738	znuC	7.2.2.-	COG1121	High-affinity zinc uptake system ATP-binding protein ZnuC
FOM_1_01702	gene	810	znuB			
FOM_1_01702	CDS	810	znuB		COG1108	High-affinity zinc uptake system membrane protein ZnuB
FOM_1_01703	gene	867	rluC			
FOM_1_01703	CDS	867	rluC	5.4.99.24	COG0564	Ribosomal large subunit pseudouridine synthase C
FOM_1_01704	gene	378				
FOM_1_01704	CDS	378				FMN-binding protein
FOM_1_01705	gene	432				
FOM_1_01705	CDS	432				hypothetical protein
FOM_1_01706	gene	636				
FOM_1_01706	CDS	636				hypothetical protein
FOM_1_01707	gene	2232	mtgA_2			
FOM_1_01707	CDS	2232	mtgA_2	2.4.1.129		Biosynthetic peptidoglycan transglycosylase
FOM_1_01708	gene	1818	oatA			
FOM_1_01708	CDS	1818	oatA	2.3.1.-		O-acetyltransferase OatA
FOM_1_01709	gene	195				
FOM_1_01709	CDS	195				hypothetical protein
FOM_1_01710	gene	558	nusG			
FOM_1_01710	CDS	558	nusG			Transcription termination/antitermination protein NusG
FOM_1_01711	gene	1491	thrC			
FOM_1_01711	CDS	1491	thrC	4.2.3.1	COG0498	Threonine synthase
FOM_1_01712	gene	1290	yeeO			
FOM_1_01712	CDS	1290	yeeO		COG0534	putative FMN/FAD exporter YeeO
FOM_1_01713	gene	369	mscL			
FOM_1_01713	CDS	369	mscL		COG1970	Large-conductance mechanosensitive channel
FOM_1_01714	gene	309	rpsJ			
FOM_1_01714	CDS	309	rpsJ		COG0051	30S ribosomal protein S10
FOM_1_01715	gene	624	rplC			
FOM_1_01715	CDS	624	rplC		COG0087	50S ribosomal protein L3
FOM_1_01716	gene	627	rplD			
FOM_1_01716	CDS	627	rplD		COG0088	50S ribosomal protein L4
FOM_1_01717	gene	294	rplW			
FOM_1_01717	CDS	294	rplW		COG0089	50S ribosomal protein L23
FOM_1_01718	gene	831	rplB			
FOM_1_01718	CDS	831	rplB		COG0090	50S ribosomal protein L2
FOM_1_01719	gene	279	rpsS			
FOM_1_01719	CDS	279	rpsS		COG0185	30S ribosomal protein S19
FOM_1_01720	gene	348	rplV			
FOM_1_01720	CDS	348	rplV		COG0091	50S ribosomal protein L22
FOM_1_01721	gene	654	rpsC			
FOM_1_01721	CDS	654	rpsC		COG0092	30S ribosomal protein S3
FOM_1_01722	gene	414	rplP			
FOM_1_01722	CDS	414	rplP		COG0197	50S ribosomal protein L16
FOM_1_01723	gene	210	rpmC			
FOM_1_01723	CDS	210	rpmC		COG0255	50S ribosomal protein L29
FOM_1_01724	gene	261	rpsQ			
FOM_1_01724	CDS	261	rpsQ		COG0186	30S ribosomal protein S17
FOM_1_01725	gene	369	rplN			
FOM_1_01725	CDS	369	rplN		COG0093	50S ribosomal protein L14
FOM_1_01726	gene	306	rplX			
FOM_1_01726	CDS	306	rplX		COG0198	50S ribosomal protein L24
FOM_1_01727	gene	543	rplE			
FOM_1_01727	CDS	543	rplE		COG0094	50S ribosomal protein L5
FOM_1_01728	gene	186	rpsZ			
FOM_1_01728	CDS	186	rpsZ		COG0199	30S ribosomal protein S14 type Z
FOM_1_01729	gene	636				
FOM_1_01729	CDS	636				hypothetical protein
FOM_1_01730	gene	399	rpsH			
FOM_1_01730	CDS	399	rpsH		COG0096	30S ribosomal protein S8
FOM_1_01731	gene	537	rplF			
FOM_1_01731	CDS	537	rplF		COG0097	50S ribosomal protein L6
FOM_1_01732	gene	348	rplR			
FOM_1_01732	CDS	348	rplR		COG0256	50S ribosomal protein L18
FOM_1_01733	gene	507	rpsE			
FOM_1_01733	CDS	507	rpsE		COG0098	30S ribosomal protein S5
FOM_1_01734	gene	180	rpmD			
FOM_1_01734	CDS	180	rpmD		COG1841	50S ribosomal protein L30
FOM_1_01735	gene	444	rplO			
FOM_1_01735	CDS	444	rplO		COG0200	50S ribosomal protein L15
FOM_1_01736	gene	1320	secY			
FOM_1_01736	CDS	1320	secY			Protein translocase subunit SecY
FOM_1_01737	gene	648	adk			
FOM_1_01737	CDS	648	adk	2.7.4.3		Adenylate kinase
FOM_1_01738	gene	219	infA			
FOM_1_01738	CDS	219	infA		COG0361	Translation initiation factor IF-1
FOM_1_01739	gene	366	rpsM			
FOM_1_01739	CDS	366	rpsM		COG0099	30S ribosomal protein S13
FOM_1_01740	gene	384	rpsK			
FOM_1_01740	CDS	384	rpsK		COG0100	30S ribosomal protein S11
FOM_1_01741	gene	939	rpoA			
FOM_1_01741	CDS	939	rpoA	2.7.7.6	COG0202	DNA-directed RNA polymerase subunit alpha
FOM_1_01742	gene	381	rplQ			
FOM_1_01742	CDS	381	rplQ		COG0203	50S ribosomal protein L17
FOM_1_01743	gene	73				
FOM_1_01743	tRNA	73				tRNA-Thr(ggt)
FOM_1_01744	gene	255	gmhA			
FOM_1_01744	CDS	255	gmhA	5.3.1.28	COG0279	Phosphoheptose isomerase
FOM_1_01745	gene	192				
FOM_1_01745	CDS	192				hypothetical protein
FOM_1_01746	gene	228				
FOM_1_01746	CDS	228				hypothetical protein
FOM_1_01747	gene	1362	radA			
FOM_1_01747	CDS	1362	radA	3.6.4.-	COG1066	DNA repair protein RadA
FOM_1_01748	gene	672				
FOM_1_01748	CDS	672				hypothetical protein
FOM_1_01749	gene	1086	yacL			
FOM_1_01749	CDS	1086	yacL	3.1.-.-	COG4956	putative PIN and TRAM-domain containing protein YacL
FOM_1_01750	gene	630				
FOM_1_01750	CDS	630				hypothetical protein
FOM_1_01751	gene	363				
FOM_1_01751	CDS	363				hypothetical protein
FOM_1_01752	gene	348				
FOM_1_01752	CDS	348				hypothetical protein
FOM_1_01753	gene	324				
FOM_1_01753	CDS	324				hypothetical protein
FOM_1_01754	gene	495				
FOM_1_01754	CDS	495				hypothetical protein
FOM_1_01755	gene	924				
FOM_1_01755	CDS	924				hypothetical protein
FOM_1_01756	gene	495	rutB			
FOM_1_01756	CDS	495	rutB	3.5.1.110		Peroxyureidoacrylate/ureidoacrylate amidohydrolase RutB
FOM_1_01757	gene	1452	gltX			
FOM_1_01757	CDS	1452	gltX	6.1.1.17	COG0008	Glutamate--tRNA ligase
FOM_1_01758	gene	1323	rclA			
FOM_1_01758	CDS	1323	rclA		COG1249	putative pyridine nucleotide-disulfide oxidoreductase RclA
FOM_1_01759	gene	843	yxeM			
FOM_1_01759	CDS	843	yxeM		COG0834	putative amino-acid-binding protein YxeM
FOM_1_01760	gene	711				
FOM_1_01760	CDS	711		2.4.2.-	COG2071	Putative glutamine amidotransferase
FOM_1_01761	gene	2292	pepX			
FOM_1_01761	CDS	2292	pepX	3.4.14.11		Xaa-Pro dipeptidyl-peptidase
FOM_1_01762	gene	870	gla_2			
FOM_1_01762	CDS	870	gla_2		COG0580	Glycerol facilitator-aquaporin gla
FOM_1_01763	gene	786				
FOM_1_01763	CDS	786				hypothetical protein
FOM_1_01764	gene	780				
FOM_1_01764	CDS	780				hypothetical protein
FOM_1_01765	gene	987	yfeW			
FOM_1_01765	CDS	987	yfeW	3.4.16.4	COG1680	Putative D-alanyl-D-alanine carboxypeptidase
FOM_1_01766	gene	1704	pox5			
FOM_1_01766	CDS	1704	pox5	1.2.3.3	COG0028	Pyruvate oxidase
FOM_1_01767	gene	189				
FOM_1_01767	CDS	189				hypothetical protein
FOM_1_01768	gene	624				
FOM_1_01768	CDS	624				hypothetical protein
FOM_1_01769	gene	3093	rapA			
FOM_1_01769	CDS	3093	rapA	3.6.4.-		RNA polymerase-associated protein RapA
FOM_1_01770	gene	594				
FOM_1_01770	CDS	594				hypothetical protein
FOM_1_01771	gene	1374	murC			
FOM_1_01771	CDS	1374	murC	6.3.2.8		UDP-N-acetylmuramate--L-alanine ligase
FOM_1_01772	gene	459	argR_2			
FOM_1_01772	CDS	459	argR_2		COG1438	Arginine repressor
FOM_1_01773	gene	1695	argS			
FOM_1_01773	CDS	1695	argS	6.1.1.19	COG0018	Arginine--tRNA ligase
FOM_1_01774	gene	1233	arcA			
FOM_1_01774	CDS	1233	arcA	3.5.3.6		Arginine deiminase
FOM_1_01775	gene	1065	arcB_2			
FOM_1_01775	CDS	1065	arcB_2	2.1.3.3		Ornithine carbamoyltransferase, catabolic
FOM_1_01776	gene	1581	arcD1			
FOM_1_01776	CDS	1581	arcD1		COG0531	Arginine/ornithine antiporter ArcD1
FOM_1_01777	gene	945	arcC1_1			
FOM_1_01777	CDS	945	arcC1_1	2.7.2.2		Carbamate kinase 1
FOM_1_01778	gene	945	arcC1_2			
FOM_1_01778	CDS	945	arcC1_2	2.7.2.2		Carbamate kinase 1
FOM_1_01779	gene	1131	vioD			
FOM_1_01779	CDS	1131	vioD	4.2.1.145		Capreomycidine synthase
FOM_1_01780	gene	1494	arcD2			
FOM_1_01780	CDS	1494	arcD2		COG0531	Arginine/ornithine antiporter ArcD2
FOM_1_01781	gene	492	proX			
FOM_1_01781	CDS	492	proX		COG3760	Prolyl-tRNA editing protein ProX
FOM_1_01782	gene	1095	dinB_3			
FOM_1_01782	CDS	1095	dinB_3	2.7.7.7	COG0389	DNA polymerase IV
FOM_1_01783	gene	666				
FOM_1_01783	CDS	666				hypothetical protein
FOM_1_01784	gene	447	dps			
FOM_1_01784	CDS	447	dps	1.16.-.-	COG0783	DNA protection during starvation protein
FOM_1_01785	gene	387				
FOM_1_01785	CDS	387				hypothetical protein
FOM_1_01786	gene	972	glcK			
FOM_1_01786	CDS	972	glcK	2.7.1.2	COG1940	Glucokinase
FOM_1_01787	gene	222				
FOM_1_01787	CDS	222				hypothetical protein
FOM_1_01788	gene	519				
FOM_1_01788	CDS	519				hypothetical protein
FOM_1_01789	gene	330				
FOM_1_01789	CDS	330				hypothetical protein
FOM_1_01790	gene	1980				
FOM_1_01790	CDS	1980				hypothetical protein
FOM_1_01791	gene	627	yknY			
FOM_1_01791	CDS	627	yknY	3.6.3.-	COG1136	putative ABC transporter ATP-binding protein YknY
FOM_1_01792	gene	459				
FOM_1_01792	CDS	459				hypothetical protein
FOM_1_01793	gene	1842	typA			
FOM_1_01793	CDS	1842	typA		COG1217	GTP-binding protein TypA/BipA
FOM_1_01794	gene	252				
FOM_1_01794	CDS	252				hypothetical protein
FOM_1_01795	gene	939				
FOM_1_01795	CDS	939				hypothetical protein
FOM_1_01796	gene	1188	ackA_1			
FOM_1_01796	CDS	1188	ackA_1	2.7.2.1	COG0282	Acetate kinase
FOM_1_01797	gene	1188	ackA_2			
FOM_1_01797	CDS	1188	ackA_2	2.7.2.1	COG0282	Acetate kinase
FOM_1_01798	gene	453				
FOM_1_01798	CDS	453				hypothetical protein
FOM_1_01799	gene	717	pyrH			
FOM_1_01799	CDS	717	pyrH	2.7.4.22	COG0528	Uridylate kinase
FOM_1_01800	gene	558	frr			
FOM_1_01800	CDS	558	frr			Ribosome-recycling factor
FOM_1_01801	gene	459				
FOM_1_01801	CDS	459				hypothetical protein
FOM_1_01802	gene	858	cvfB			
FOM_1_01802	CDS	858	cvfB			Conserved virulence factor B
FOM_1_01803	gene	519	msrA2_2			
FOM_1_01803	CDS	519	msrA2_2	1.8.4.11	COG0225	Peptide methionine sulfoxide reductase MsrA 2
FOM_1_01804	gene	210				
FOM_1_01804	CDS	210				hypothetical protein
FOM_1_01805	gene	669	anr			
FOM_1_01805	CDS	669	anr			Transcriptional activator protein Anr
FOM_1_01806	gene	1878	cadA			
FOM_1_01806	CDS	1878	cadA	3.6.3.3		putative cadmium-transporting ATPase
FOM_1_01807	gene	426	rplK			
FOM_1_01807	CDS	426	rplK			50S ribosomal protein L11
FOM_1_01808	gene	690	rplA			
FOM_1_01808	CDS	690	rplA			50S ribosomal protein L1
FOM_1_01809	gene	345				
FOM_1_01809	CDS	345				hypothetical protein
FOM_1_01810	gene	222				
FOM_1_01810	CDS	222				hypothetical protein
FOM_1_01811	gene	402	hit_1			
FOM_1_01811	CDS	402	hit_1		COG0537	Protein hit
FOM_1_01812	gene	1806				
FOM_1_01812	CDS	1806				hypothetical protein
FOM_1_01813	gene	771	ecsA			
FOM_1_01813	CDS	771	ecsA		COG1131	ABC-type transporter ATP-binding protein EcsA
FOM_1_01814	gene	1020				
FOM_1_01814	CDS	1020				hypothetical protein
FOM_1_01815	gene	627	cutC			
FOM_1_01815	CDS	627	cutC			Copper homeostasis protein CutC
FOM_1_01816	gene	1182	xerC_5			
FOM_1_01816	CDS	1182	xerC_5			Tyrosine recombinase XerC
FOM_1_01817	gene	306				
FOM_1_01817	CDS	306				hypothetical protein
FOM_1_01818	gene	417				
FOM_1_01818	CDS	417				hypothetical protein
FOM_1_01819	gene	306				
FOM_1_01819	CDS	306				hypothetical protein
FOM_1_01820	gene	534				
FOM_1_01820	CDS	534				hypothetical protein
FOM_1_01821	gene	435				
FOM_1_01821	CDS	435				hypothetical protein
FOM_1_01822	gene	420				
FOM_1_01822	CDS	420				hypothetical protein
FOM_1_01823	gene	231				
FOM_1_01823	CDS	231				hypothetical protein
FOM_1_01824	gene	159				
FOM_1_01824	CDS	159				hypothetical protein
FOM_1_01825	gene	744				
FOM_1_01825	CDS	744				hypothetical protein
FOM_1_01826	gene	597				
FOM_1_01826	CDS	597				hypothetical protein
FOM_1_01827	gene	195				
FOM_1_01827	CDS	195				hypothetical protein
FOM_1_01828	gene	660				
FOM_1_01828	CDS	660				hypothetical protein
FOM_1_01829	gene	195				
FOM_1_01829	CDS	195				hypothetical protein
FOM_1_01830	gene	606				
FOM_1_01830	CDS	606				hypothetical protein
FOM_1_01831	gene	210	bcrR_2			
FOM_1_01831	CDS	210	bcrR_2			HTH-type transcriptional activator BcrR
FOM_1_01832	gene	279				
FOM_1_01832	CDS	279				hypothetical protein
FOM_1_01833	gene	243				
FOM_1_01833	CDS	243				hypothetical protein
FOM_1_01834	gene	252				
FOM_1_01834	CDS	252				hypothetical protein
FOM_1_01835	gene	195				
FOM_1_01835	CDS	195				hypothetical protein
FOM_1_01836	gene	333				
FOM_1_01836	CDS	333				hypothetical protein
FOM_1_01837	gene	747				
FOM_1_01837	CDS	747				hypothetical protein
FOM_1_01838	gene	894				
FOM_1_01838	CDS	894				hypothetical protein
FOM_1_01839	gene	537				
FOM_1_01839	CDS	537				hypothetical protein
FOM_1_01840	gene	582				
FOM_1_01840	CDS	582				hypothetical protein
FOM_1_01841	gene	309				
FOM_1_01841	CDS	309				hypothetical protein
FOM_1_01842	gene	852				
FOM_1_01842	CDS	852				hypothetical protein
FOM_1_01843	gene	525				
FOM_1_01843	CDS	525				hypothetical protein
FOM_1_01844	gene	462	bltD			
FOM_1_01844	CDS	462	bltD	2.3.1.57	COG0454	Spermine/spermidine acetyltransferase
FOM_1_01845	gene	279				
FOM_1_01845	CDS	279				hypothetical protein
FOM_1_01846	gene	465				
FOM_1_01846	CDS	465				hypothetical protein
FOM_1_01847	gene	822	rlmAII			
FOM_1_01847	CDS	822	rlmAII	2.1.1.188		23S rRNA (guanine(748)-N(1))-methyltransferase
FOM_1_01848	gene	282				
FOM_1_01848	CDS	282				hypothetical protein
FOM_1_01849	gene	924				
FOM_1_01849	CDS	924				hypothetical protein
FOM_1_01850	gene	168				
FOM_1_01850	CDS	168				hypothetical protein
FOM_1_01851	gene	1293				
FOM_1_01851	CDS	1293				hypothetical protein
FOM_1_01852	gene	978	hprA			
FOM_1_01852	CDS	978	hprA	1.1.1.29	COG1052	Glycerate dehydrogenase
FOM_1_01853	gene	1140	nadR			
FOM_1_01853	CDS	1140	nadR		COG1056	Trifunctional NAD biosynthesis/regulator protein NadR
FOM_1_01854	gene	1005	gpr			
FOM_1_01854	CDS	1005	gpr	1.1.1.-	COG0667	L-glyceraldehyde 3-phosphate reductase
FOM_1_01855	gene	735	hexR_2			
FOM_1_01855	CDS	735	hexR_2		COG1737	HTH-type transcriptional regulator HexR
FOM_1_01856	gene	1389	lacS			
FOM_1_01856	CDS	1389	lacS		COG2190	Lactose permease
FOM_1_01857	gene	1020	mro			
FOM_1_01857	CDS	1020	mro	5.1.3.3	COG2017	Aldose 1-epimerase
FOM_1_01858	gene	1200	galK_2			
FOM_1_01858	CDS	1200	galK_2	2.7.1.6	COG0153	Galactokinase
FOM_1_01859	gene	1482	galT			
FOM_1_01859	CDS	1482	galT	2.7.7.12		Galactose-1-phosphate uridylyltransferase
FOM_1_01860	gene	624	lacA_1			
FOM_1_01860	CDS	624	lacA_1	2.3.1.18	COG0110	Galactoside O-acetyltransferase
FOM_1_01861	gene	2988	lacZ			
FOM_1_01861	CDS	2988	lacZ	3.2.1.23	COG3250	Beta-galactosidase
FOM_1_01862	gene	981	galE			
FOM_1_01862	CDS	981	galE	5.1.3.2	COG1087	UDP-glucose 4-epimerase
FOM_1_01863	gene	972				
FOM_1_01863	CDS	972				hypothetical protein
FOM_1_01864	gene	378				
FOM_1_01864	CDS	378			COG0789	putative HTH-type transcriptional regulator
FOM_1_01865	gene	261				
FOM_1_01865	CDS	261				hypothetical protein
FOM_1_01866	gene	1074	recF			
FOM_1_01866	CDS	1074	recF		COG1195	DNA replication and repair protein RecF
FOM_1_01867	gene	363				
FOM_1_01867	CDS	363				hypothetical protein
FOM_1_01868	gene	1272				
FOM_1_01868	CDS	1272				hypothetical protein
FOM_1_01869	gene	1284				
FOM_1_01869	CDS	1284				hypothetical protein
FOM_1_01870	gene	897				
FOM_1_01870	CDS	897				hypothetical protein
FOM_1_01871	gene	573	pgsA			
FOM_1_01871	CDS	573	pgsA	2.7.8.5		CDP-diacylglycerol--glycerol-3-phosphate 3-phosphatidyltransferase
FOM_1_01872	gene	861				
FOM_1_01872	CDS	861				hypothetical protein
FOM_1_01873	gene	324				
FOM_1_01873	CDS	324				hypothetical protein
FOM_1_01874	gene	1161				
FOM_1_01874	CDS	1161				hypothetical protein
FOM_1_01875	gene	1293	hisS			
FOM_1_01875	CDS	1293	hisS	6.1.1.21		Histidine--tRNA ligase
FOM_1_01876	gene	369	hit_2			
FOM_1_01876	CDS	369	hit_2		COG0537	Protein hit
FOM_1_01877	gene	1773	aspS			
FOM_1_01877	CDS	1773	aspS	6.1.1.12		Aspartate--tRNA ligase
FOM_1_01878	gene	930				
FOM_1_01878	CDS	930				hypothetical protein
FOM_1_01879	gene	876				
FOM_1_01879	CDS	876				hypothetical protein
FOM_1_01880	gene	885				
FOM_1_01880	CDS	885				hypothetical protein
FOM_1_01881	gene	231				
FOM_1_01881	CDS	231				hypothetical protein
FOM_1_01882	gene	1005	dusB			
FOM_1_01882	CDS	1005	dusB	1.3.1.-	COG0042	tRNA-dihydrouridine synthase B
FOM_1_01883	gene	522				
FOM_1_01883	CDS	522				IS1595 family transposase ISCac2
FOM_1_01884	gene	945	hslO			
FOM_1_01884	CDS	945	hslO			33 kDa chaperonin
FOM_1_01885	gene	324				
FOM_1_01885	CDS	324				hypothetical protein
FOM_1_01886	gene	252				
FOM_1_01886	CDS	252				hypothetical protein
FOM_1_01887	gene	504				
FOM_1_01887	CDS	504				hypothetical protein
FOM_1_01888	gene	678				
FOM_1_01888	CDS	678				hypothetical protein
FOM_1_01889	gene	468				
FOM_1_01889	CDS	468				hypothetical protein
FOM_1_01890	gene	621				
FOM_1_01890	CDS	621				hypothetical protein
FOM_1_01891	gene	1293	purA			
FOM_1_01891	CDS	1293	purA	6.3.4.4	COG0104	Adenylosuccinate synthetase
FOM_1_01892	gene	663				
FOM_1_01892	CDS	663		1.14.99.53	COG3397	Lytic chitin monooxygenase
FOM_1_01893	gene	1479				
FOM_1_01893	CDS	1479				hypothetical protein
FOM_1_01894	gene	540				
FOM_1_01894	CDS	540				hypothetical protein
FOM_1_01895	gene	534	padC			
FOM_1_01895	CDS	534	padC	4.1.1.102	COG3479	Phenolic acid decarboxylase PadC
FOM_1_01896	gene	1041	pheS			
FOM_1_01896	CDS	1041	pheS	6.1.1.20	COG0016	Phenylalanine--tRNA ligase alpha subunit
FOM_1_01897	gene	2394	pheT			
FOM_1_01897	CDS	2394	pheT	6.1.1.20		Phenylalanine--tRNA ligase beta subunit
FOM_1_01898	gene	1062				
FOM_1_01898	CDS	1062				hypothetical protein
FOM_1_01899	gene	924	rsgA			
FOM_1_01899	CDS	924	rsgA	3.6.1.-	COG1162	Small ribosomal subunit biogenesis GTPase RsgA
FOM_1_01900	gene	261				
FOM_1_01900	CDS	261				hypothetical protein
FOM_1_01901	gene	258				
FOM_1_01901	CDS	258				hypothetical protein
FOM_1_01902	gene	663	rpe			
FOM_1_01902	CDS	663	rpe	5.1.3.1		Ribulose-phosphate 3-epimerase
FOM_1_01903	gene	510	tmrB			
FOM_1_01903	CDS	510	tmrB			Tunicamycin resistance protein
FOM_1_01904	gene	1305				
FOM_1_01904	CDS	1305				hypothetical protein
FOM_1_01905	gene	945	yhaM			
FOM_1_01905	CDS	945	yhaM	3.1.-.-	COG3481	3'-5' exoribonuclease YhaM
FOM_1_01906	gene	870	lacX_2			
FOM_1_01906	CDS	870	lacX_2			Protein LacX, plasmid
FOM_1_01907	gene	909				
FOM_1_01907	CDS	909				hypothetical protein
FOM_1_01908	gene	561				
FOM_1_01908	CDS	561				hypothetical protein
FOM_1_01909	gene	960	metAA			
FOM_1_01909	CDS	960	metAA	2.3.1.31	COG1897	Homoserine O-acetyltransferase
FOM_1_01910	gene	1089	metI			
FOM_1_01910	CDS	1089	metI	2.5.1.-	COG0626	Cystathionine gamma-synthase/O-acetylhomoserine (thiol)-lyase
FOM_1_01911	gene	1164	patB			
FOM_1_01911	CDS	1164	patB	4.4.1.13	COG1168	Cystathionine beta-lyase PatB
FOM_1_01912	gene	1140	napA			
FOM_1_01912	CDS	1140	napA			Na(+)/H(+) antiporter
FOM_1_01913	gene	636	upp			
FOM_1_01913	CDS	636	upp	2.4.2.9		Uracil phosphoribosyltransferase
FOM_1_01914	gene	609				
FOM_1_01914	CDS	609				hypothetical protein
FOM_1_01915	gene	1248	mntH_2			
FOM_1_01915	CDS	1248	mntH_2			Divalent metal cation transporter MntH
FOM_1_01916	gene	318				
FOM_1_01916	CDS	318				hypothetical protein
FOM_1_01917	gene	1941	thrS			
FOM_1_01917	CDS	1941	thrS	6.1.1.3	COG0441	Threonine--tRNA ligase
FOM_1_01918	gene	660				
FOM_1_01918	CDS	660				hypothetical protein
FOM_1_01919	gene	525				
FOM_1_01919	CDS	525				hypothetical protein
FOM_1_01920	gene	741				
FOM_1_01920	CDS	741				hypothetical protein
FOM_1_01921	gene	438				
FOM_1_01921	CDS	438				hypothetical protein
FOM_1_01922	gene	498				
FOM_1_01922	CDS	498				hypothetical protein
FOM_1_01923	gene	510	ogt			
FOM_1_01923	CDS	510	ogt	2.1.1.63	COG0350	Methylated-DNA--protein-cysteine methyltransferase
FOM_1_01924	gene	561	adaA			
FOM_1_01924	CDS	561	adaA	2.1.1.-	COG2169	Bifunctional transcriptional activator/DNA repair enzyme AdaA
FOM_1_01925	gene	810	btuD_7			
FOM_1_01925	CDS	810	btuD_7	7.6.2.8		Vitamin B12 import ATP-binding protein BtuD
FOM_1_01926	gene	726				
FOM_1_01926	CDS	726				hypothetical protein
FOM_1_01927	gene	486				
FOM_1_01927	CDS	486				hypothetical protein
FOM_1_01928	gene	378				
FOM_1_01928	CDS	378				hypothetical protein
FOM_1_01929	gene	1146	iscS_1			
FOM_1_01929	CDS	1146	iscS_1	2.8.1.7	COG1104	Cysteine desulfurase IscS
FOM_1_01930	gene	879				
FOM_1_01930	CDS	879				hypothetical protein
FOM_1_01931	gene	1650	ygiS			
FOM_1_01931	CDS	1650	ygiS		COG4166	putative deoxycholate-binding periplasmic protein YgiS
FOM_1_01932	gene	933	cysK_2			
FOM_1_01932	CDS	933	cysK_2	2.5.1.47		Cysteine synthase
FOM_1_01933	gene	1086				
FOM_1_01933	CDS	1086		3.2.1.-	COG1388	Autolysin
FOM_1_01934	gene	633				
FOM_1_01934	CDS	633		3.-.-.-		putative metallo-hydrolase
FOM_1_01935	gene	2076	ponA			
FOM_1_01935	CDS	2076	ponA		COG0744	Penicillin-binding protein 1A
FOM_1_01936	gene	642	recU			
FOM_1_01936	CDS	642	recU	3.1.22.4	COG3331	Holliday junction resolvase RecU
FOM_1_01937	gene	525				
FOM_1_01937	CDS	525				hypothetical protein
FOM_1_01938	gene	402	spxA_7			
FOM_1_01938	CDS	402	spxA_7		COG1393	Regulatory protein Spx
FOM_1_01939	gene	282				
FOM_1_01939	CDS	282				hypothetical protein
FOM_1_01940	gene	780	suhB			
FOM_1_01940	CDS	780	suhB	3.1.3.11	COG0483	Fructose-1,6-bisphosphatase/inositol-1-monophosphatase
FOM_1_01941	gene	1290	murA1_2			
FOM_1_01941	CDS	1290	murA1_2	2.5.1.7	COG0766	UDP-N-acetylglucosamine 1-carboxyvinyltransferase 1
FOM_1_01942	gene	192				
FOM_1_01942	CDS	192				hypothetical protein
FOM_1_01943	gene	1284	tig			
FOM_1_01943	CDS	1284	tig	5.2.1.8	COG0544	Trigger factor
FOM_1_01944	gene	114				
FOM_1_01944	CDS	114				hypothetical protein
FOM_1_01945	gene	300	hisB_2			
FOM_1_01945	CDS	300	hisB_2	3.1.3.15		Histidine biosynthesis bifunctional protein HisB
FOM_1_01946	gene	1000				
FOM_1_01946	rRNA	1000				16S ribosomal RNA (partial)
FOM_1_01947	gene	492				
FOM_1_01947	CDS	492				hypothetical protein
FOM_1_01948	gene	1731	ezrA			
FOM_1_01948	CDS	1731	ezrA		COG4477	Septation ring formation regulator EzrA
FOM_1_01949	gene	1029	tsf			
FOM_1_01949	CDS	1029	tsf		COG0264	Elongation factor Ts
FOM_1_01950	gene	768	rpsB			
FOM_1_01950	CDS	768	rpsB		COG0052	30S ribosomal protein S2
FOM_1_01951	gene	1026	pgl			
FOM_1_01951	CDS	1026	pgl	3.1.1.31	COG2706	6-phosphogluconolactonase
FOM_1_01952	gene	2712	adhE			
FOM_1_01952	CDS	2712	adhE		COG1012	Aldehyde-alcohol dehydrogenase
FOM_1_01953	gene	858				
FOM_1_01953	CDS	858				hypothetical protein
FOM_1_01954	gene	1140				
FOM_1_01954	CDS	1140				hypothetical protein
FOM_1_01955	gene	1320	pqqE			
FOM_1_01955	CDS	1320	pqqE	1.21.98.4		PqqA peptide cyclase
FOM_1_01956	gene	114				
FOM_1_01956	CDS	114				hypothetical protein
FOM_1_01957	gene	1029	ylbL			
FOM_1_01957	CDS	1029	ylbL		COG3480	putative protein YlbL
FOM_1_01958	gene	498	coaD			
FOM_1_01958	CDS	498	coaD	2.7.7.3	COG0669	Phosphopantetheine adenylyltransferase
FOM_1_01959	gene	540	rsmD			
FOM_1_01959	CDS	540	rsmD	2.1.1.171	COG0742	Ribosomal RNA small subunit methyltransferase D
FOM_1_01960	gene	1221	mdrP_1			
FOM_1_01960	CDS	1221	mdrP_1			Na(+), Li(+), K(+)/H(+) antiporter
FOM_1_01961	gene	1227	mdrP_2			
FOM_1_01961	CDS	1227	mdrP_2			Na(+), Li(+), K(+)/H(+) antiporter
FOM_1_01962	gene	1347	pgi			
FOM_1_01962	CDS	1347	pgi	5.3.1.9	COG0166	Glucose-6-phosphate isomerase
FOM_1_01963	gene	507				
FOM_1_01963	CDS	507				hypothetical protein
FOM_1_01964	gene	846	qorB			
FOM_1_01964	CDS	846	qorB	1.6.5.2	COG0702	Quinone oxidoreductase 2
FOM_1_01965	gene	333	yybR			
FOM_1_01965	CDS	333	yybR		COG1733	putative HTH-type transcriptional regulator YybR
FOM_1_01966	gene	2643	valS			
FOM_1_01966	CDS	2643	valS	6.1.1.9	COG0525	Valine--tRNA ligase
FOM_1_01967	gene	657				
FOM_1_01967	CDS	657				hypothetical protein
FOM_1_01968	gene	249				
FOM_1_01968	CDS	249				hypothetical protein
FOM_1_01969	gene	345				
FOM_1_01969	CDS	345				hypothetical protein
FOM_1_01970	gene	510				
FOM_1_01970	CDS	510				hypothetical protein
FOM_1_01971	gene	96				
FOM_1_01971	CDS	96				hypothetical protein
FOM_1_01972	gene	708				
FOM_1_01972	CDS	708				hypothetical protein
FOM_1_01973	gene	1542	rlmCD			
FOM_1_01973	CDS	1542	rlmCD	2.1.1.189	COG2265	23S rRNA (uracil-C(5))-methyltransferase RlmCD
FOM_1_01974	gene	1755				
FOM_1_01974	CDS	1755				hypothetical protein
FOM_1_01975	gene	810	recX			
FOM_1_01975	CDS	810	recX			Regulatory protein RecX
FOM_1_01976	gene	1284				
FOM_1_01976	CDS	1284				hypothetical protein
FOM_1_01977	gene	369				
FOM_1_01977	CDS	369				hypothetical protein
FOM_1_01978	gene	1683				
FOM_1_01978	CDS	1683				hypothetical protein
FOM_1_01979	gene	138				
FOM_1_01979	CDS	138				hypothetical protein
FOM_1_01980	gene	2538				
FOM_1_01980	CDS	2538				hypothetical protein
FOM_1_01981	gene	366				
FOM_1_01981	CDS	366				hypothetical protein
FOM_1_01982	gene	4683				
FOM_1_01982	CDS	4683				hypothetical protein
FOM_1_01983	gene	372				
FOM_1_01983	CDS	372				hypothetical protein
FOM_1_01984	gene	411				
FOM_1_01984	CDS	411				hypothetical protein
FOM_1_01985	gene	426				
FOM_1_01985	CDS	426				hypothetical protein
FOM_1_01986	gene	363				
FOM_1_01986	CDS	363				hypothetical protein
FOM_1_01987	gene	543				
FOM_1_01987	CDS	543				hypothetical protein
FOM_1_01988	gene	354				
FOM_1_01988	CDS	354				hypothetical protein
FOM_1_01989	gene	336				
FOM_1_01989	CDS	336				hypothetical protein
FOM_1_01990	gene	1038				
FOM_1_01990	CDS	1038				hypothetical protein
FOM_1_01991	gene	678				
FOM_1_01991	CDS	678				hypothetical protein
FOM_1_01992	gene	1107				
FOM_1_01992	CDS	1107				hypothetical protein
FOM_1_01993	gene	288				
FOM_1_01993	CDS	288				hypothetical protein
FOM_1_01994	gene	252				
FOM_1_01994	CDS	252				hypothetical protein
FOM_1_01995	gene	1509				
FOM_1_01995	CDS	1509				hypothetical protein
FOM_1_01996	gene	1236				
FOM_1_01996	CDS	1236				hypothetical protein
FOM_1_01997	gene	513				
FOM_1_01997	CDS	513				hypothetical protein
FOM_1_01998	gene	402				
FOM_1_01998	CDS	402				hypothetical protein
FOM_1_01999	gene	156				
FOM_1_01999	CDS	156				hypothetical protein
FOM_1_02000	gene	435				
FOM_1_02000	CDS	435				hypothetical protein
FOM_1_02001	gene	246				
FOM_1_02001	CDS	246				hypothetical protein
FOM_1_02002	gene	327				
FOM_1_02002	CDS	327				hypothetical protein
FOM_1_02003	gene	432				
FOM_1_02003	CDS	432				hypothetical protein
FOM_1_02004	gene	144				
FOM_1_02004	CDS	144				hypothetical protein
FOM_1_02005	gene	546				
FOM_1_02005	CDS	546				hypothetical protein
FOM_1_02006	gene	210				
FOM_1_02006	CDS	210				hypothetical protein
FOM_1_02007	gene	204				
FOM_1_02007	CDS	204				hypothetical protein
FOM_1_02008	gene	510				
FOM_1_02008	CDS	510				hypothetical protein
FOM_1_02009	gene	333				
FOM_1_02009	CDS	333				hypothetical protein
FOM_1_02010	gene	411				
FOM_1_02010	CDS	411				hypothetical protein
FOM_1_02011	gene	243				
FOM_1_02011	CDS	243				hypothetical protein
FOM_1_02012	gene	900				
FOM_1_02012	CDS	900				hypothetical protein
FOM_1_02013	gene	573	ssb_3			
FOM_1_02013	CDS	573	ssb_3		COG0629	Single-stranded DNA-binding protein
FOM_1_02014	gene	492				
FOM_1_02014	CDS	492				hypothetical protein
FOM_1_02015	gene	396				
FOM_1_02015	CDS	396				hypothetical protein
FOM_1_02016	gene	237				
FOM_1_02016	CDS	237				hypothetical protein
FOM_1_02017	gene	435				
FOM_1_02017	CDS	435				hypothetical protein
FOM_1_02018	gene	153				
FOM_1_02018	CDS	153				hypothetical protein
FOM_1_02019	gene	237				
FOM_1_02019	CDS	237				hypothetical protein
FOM_1_02020	gene	762				
FOM_1_02020	CDS	762				hypothetical protein
FOM_1_02021	gene	219				
FOM_1_02021	CDS	219				hypothetical protein
FOM_1_02022	gene	234				
FOM_1_02022	CDS	234				hypothetical protein
FOM_1_02023	gene	519				
FOM_1_02023	CDS	519				hypothetical protein
FOM_1_02024	gene	438				
FOM_1_02024	CDS	438				hypothetical protein
FOM_1_02025	gene	216				
FOM_1_02025	CDS	216				hypothetical protein
FOM_1_02026	gene	624				
FOM_1_02026	CDS	624				hypothetical protein
FOM_1_02027	gene	1134	xerC_6			
FOM_1_02027	CDS	1134	xerC_6			Tyrosine recombinase XerC
FOM_1_02028	gene	975	rbsB			
FOM_1_02028	CDS	975	rbsB		COG1879	Ribose import binding protein RbsB
FOM_1_02029	gene	942	rbsC			
FOM_1_02029	CDS	942	rbsC		COG1172	Ribose import permease protein RbsC
FOM_1_02030	gene	1479	rbsA			
FOM_1_02030	CDS	1479	rbsA	7.5.2.7	COG1129	Ribose import ATP-binding protein RbsA
FOM_1_02031	gene	399	rbsD			
FOM_1_02031	CDS	399	rbsD	5.4.99.62	COG1869	D-ribose pyranase
FOM_1_02032	gene	903	rbsK			
FOM_1_02032	CDS	903	rbsK	2.7.1.15	COG0524	Ribokinase
FOM_1_02033	gene	984	rbsR			
FOM_1_02033	CDS	984	rbsR		COG1609	Ribose operon repressor
FOM_1_02034	gene	1296	purB			
FOM_1_02034	CDS	1296	purB	4.3.2.2	COG0015	Adenylosuccinate lyase
FOM_1_02035	gene	681	aroD			
FOM_1_02035	CDS	681	aroD	4.2.1.10	COG0710	3-dehydroquinate dehydratase
FOM_1_02036	gene	74				
FOM_1_02036	tRNA	74				tRNA-Gln(ttg)
FOM_1_02037	gene	204				
FOM_1_02037	CDS	204				hypothetical protein
FOM_1_02038	gene	315	trxA			
FOM_1_02038	CDS	315	trxA		COG0526	Thioredoxin
FOM_1_02039	gene	2331	mutS2			
FOM_1_02039	CDS	2331	mutS2	3.1.-.-		Endonuclease MutS2
FOM_1_02040	gene	561				
FOM_1_02040	CDS	561				hypothetical protein
FOM_1_02041	gene	966	yumC			
FOM_1_02041	CDS	966	yumC	1.18.1.2	COG0492	Ferredoxin--NADP reductase 2
FOM_1_02042	gene	999	ccpA			
FOM_1_02042	CDS	999	ccpA		COG1609	Catabolite control protein A
FOM_1_02043	gene	1089	pepQ			
FOM_1_02043	CDS	1089	pepQ	3.4.13.9	COG0006	Xaa-Pro dipeptidase
FOM_1_02044	gene	2028	mapZ			
FOM_1_02044	CDS	2028	mapZ			Mid-cell-anchored protein Z
FOM_1_02045	gene	1155	rlmL			
FOM_1_02045	CDS	1155	rlmL	2.1.1.173	COG0116	Ribosomal RNA large subunit methyltransferase L
FOM_1_02046	gene	387	gpsB_1			
FOM_1_02046	CDS	387	gpsB_1		COG3599	Cell cycle protein GpsB
FOM_1_02047	gene	1005	yqeN			
FOM_1_02047	CDS	1005	yqeN		COG1466	putative protein YqeN
FOM_1_02048	gene	576				
FOM_1_02048	CDS	576				hypothetical protein
FOM_1_02049	gene	2298	ftsK			
FOM_1_02049	CDS	2298	ftsK		COG1674	DNA translocase FtsK
FOM_1_02050	gene	786	ywtE			
FOM_1_02050	CDS	786	ywtE	3.1.3.104	COG0561	5-amino-6-(5-phospho-D-ribitylamino)uracil phosphatase YwtE
FOM_1_02051	gene	393				
FOM_1_02051	CDS	393				hypothetical protein
FOM_1_02052	gene	981	pta			
FOM_1_02052	CDS	981	pta	2.3.1.8	COG0280	Phosphate acetyltransferase
FOM_1_02053	gene	621	udk			
FOM_1_02053	CDS	621	udk	2.7.1.48	COG0572	Uridine kinase
FOM_1_02054	gene	981	iolU_3			
FOM_1_02054	CDS	981	iolU_3	1.1.1.371	COG0673	scyllo-inositol 2-dehydrogenase (NADP(+)) IolU
FOM_1_02055	gene	76				
FOM_1_02055	tRNA	76				tRNA-Arg(cct)
FOM_1_02056	gene	600				
FOM_1_02056	CDS	600				hypothetical protein
FOM_1_02057	gene	960	menA_3			
FOM_1_02057	CDS	960	menA_3	2.5.1.74		1,4-dihydroxy-2-naphthoate octaprenyltransferase
FOM_1_02058	gene	1539	clcA			
FOM_1_02058	CDS	1539	clcA		COG0038	H(+)/Cl(-) exchange transporter ClcA
FOM_1_02059	gene	234				
FOM_1_02059	CDS	234				hypothetical protein
FOM_1_02060	gene	315				
FOM_1_02060	CDS	315				hypothetical protein
FOM_1_02061	gene	834				
FOM_1_02061	CDS	834				hypothetical protein
FOM_1_02062	gene	747	menG			
FOM_1_02062	CDS	747	menG	2.1.1.163		Demethylmenaquinone methyltransferase
FOM_1_02063	gene	2706				
FOM_1_02063	CDS	2706				hypothetical protein
FOM_1_02064	gene	1434	bglH_2			
FOM_1_02064	CDS	1434	bglH_2	3.2.1.86	COG2723	Aryl-phospho-beta-D-glucosidase BglH
FOM_1_02065	gene	267				
FOM_1_02065	CDS	267			COG0759	Putative membrane protein insertion efficiency factor
FOM_1_02066	gene	1743	dxs_2			
FOM_1_02066	CDS	1743	dxs_2	2.2.1.7	COG1154	1-deoxy-D-xylulose-5-phosphate synthase
FOM_1_02067	gene	1371	sasA_2			
FOM_1_02067	CDS	1371	sasA_2	2.7.-.-		Adaptive-response sensory-kinase SasA
FOM_1_02068	gene	669	arlR_4			
FOM_1_02068	CDS	669	arlR_4		COG0745	Response regulator ArlR
FOM_1_02069	gene	975	degA_2			
FOM_1_02069	CDS	975	degA_2		COG1609	HTH-type transcriptional regulator DegA
FOM_1_02070	gene	2256	malP			
FOM_1_02070	CDS	2256	malP	2.4.1.8		Maltose phosphorylase
FOM_1_02071	gene	1677	malL			
FOM_1_02071	CDS	1677	malL	3.2.1.10	COG0366	Oligo-1,6-glucosidase
FOM_1_02072	gene	1578				
FOM_1_02072	CDS	1578		3.2.1.1	COG0366	Alpha-amylase
FOM_1_02073	gene	606	lacA_2			
FOM_1_02073	CDS	606	lacA_2	2.3.1.18	COG0110	Galactoside O-acetyltransferase
FOM_1_02074	gene	1626	dexB_2			
FOM_1_02074	CDS	1626	dexB_2	3.2.1.70	COG0366	Glucan 1,6-alpha-glucosidase
FOM_1_02075	gene	1755	bbmA			
FOM_1_02075	CDS	1755	bbmA	3.2.1.-	COG0366	Intracellular maltogenic amylase
FOM_1_02076	gene	1227	malX			
FOM_1_02076	CDS	1227	malX		COG2182	Maltose/maltodextrin-binding protein
FOM_1_02077	gene	1383				
FOM_1_02077	CDS	1383				hypothetical protein
FOM_1_02078	gene	867	malG			
FOM_1_02078	CDS	867	malG		COG3833	Maltose/maltodextrin transport system permease protein MalG
FOM_1_02079	gene	324				
FOM_1_02079	CDS	324				hypothetical protein
FOM_1_02080	gene	333				
FOM_1_02080	CDS	333				hypothetical protein
FOM_1_02081	gene	1032				
FOM_1_02081	CDS	1032				hypothetical protein
FOM_1_02082	gene	192				
FOM_1_02082	CDS	192				hypothetical protein
FOM_1_02083	gene	312				
FOM_1_02083	CDS	312				hypothetical protein
FOM_1_02084	gene	207				
FOM_1_02084	CDS	207				hypothetical protein
FOM_1_02085	gene	474				
FOM_1_02085	CDS	474				hypothetical protein
FOM_1_02086	gene	996				
FOM_1_02086	CDS	996				hypothetical protein
FOM_1_02087	gene	945				
FOM_1_02087	CDS	945				hypothetical protein
FOM_1_02088	gene	558				
FOM_1_02088	CDS	558				hypothetical protein
FOM_1_02089	gene	537				
FOM_1_02089	CDS	537				hypothetical protein
FOM_1_02090	gene	276				
FOM_1_02090	CDS	276				hypothetical protein
FOM_1_02091	gene	810				
FOM_1_02091	CDS	810				hypothetical protein
FOM_1_02092	gene	303				
FOM_1_02092	CDS	303				hypothetical protein
FOM_1_02093	gene	1176				
FOM_1_02093	CDS	1176		1.-.-.-		putative oxidoreductase
FOM_1_02094	gene	540	yagU			
FOM_1_02094	CDS	540	yagU		COG3477	Inner membrane protein YagU
FOM_1_02095	gene	159				
FOM_1_02095	CDS	159				hypothetical protein
FOM_1_02096	gene	642				
FOM_1_02096	CDS	642				hypothetical protein
FOM_1_02097	gene	1149	tagU_3			
FOM_1_02097	CDS	1149	tagU_3	2.7.8.-		Polyisoprenyl-teichoic acid--peptidoglycan teichoic acid transferase TagU
FOM_1_02098	gene	798	nrtC			
FOM_1_02098	CDS	798	nrtC	7.3.2.4	COG0715	Nitrate import ATP-binding protein NrtC
FOM_1_02099	gene	1758				
FOM_1_02099	CDS	1758				hypothetical protein
FOM_1_02100	gene	954	arcC1_3			
FOM_1_02100	CDS	954	arcC1_3	2.7.2.2		Carbamate kinase 1
FOM_1_02101	gene	1101	aguA_2			
FOM_1_02101	CDS	1101	aguA_2	3.5.3.12	COG2957	Putative agmatine deiminase
FOM_1_02102	gene	1362	potE_2			
FOM_1_02102	CDS	1362	potE_2			Putrescine transporter PotE
FOM_1_02103	gene	1023	ptcA_2			
FOM_1_02103	CDS	1023	ptcA_2	2.1.3.6	COG0078	Putrescine carbamoyltransferase
FOM_1_02104	gene	987				
FOM_1_02104	CDS	987				hypothetical protein
FOM_1_02105	gene	1404	tagU_4			
FOM_1_02105	CDS	1404	tagU_4	2.7.8.-		Polyisoprenyl-teichoic acid--peptidoglycan teichoic acid transferase TagU
FOM_1_02106	gene	663	cmk			
FOM_1_02106	CDS	663	cmk	2.7.4.25		Cytidylate kinase
FOM_1_02107	gene	519				
FOM_1_02107	CDS	519				hypothetical protein
FOM_1_02108	gene	990	manX			
FOM_1_02108	CDS	990	manX	2.7.1.191		PTS system mannose-specific EIIAB component
FOM_1_02109	gene	813	sorC			
FOM_1_02109	CDS	813	sorC		COG3715	PTS system sorbose-specific EIIC component
FOM_1_02110	gene	924	manZ			
FOM_1_02110	CDS	924	manZ		COG3716	PTS system mannose-specific EIID component
FOM_1_02111	gene	384				
FOM_1_02111	CDS	384				hypothetical protein
FOM_1_02112	gene	696				
FOM_1_02112	CDS	696				hypothetical protein
FOM_1_02113	gene	360				
FOM_1_02113	CDS	360				hypothetical protein
FOM_1_02114	gene	1272	serS			
FOM_1_02114	CDS	1272	serS	6.1.1.11		Serine--tRNA ligase
FOM_1_02115	gene	975	ykfA			
FOM_1_02115	CDS	975	ykfA	3.4.16.-	COG1619	putative murein peptide carboxypeptidase
FOM_1_02116	gene	570	gpmB			
FOM_1_02116	CDS	570	gpmB	5.4.2.-		phosphoglycerate mutase GpmB
FOM_1_02117	gene	654	phoU			
FOM_1_02117	CDS	654	phoU		COG0704	Phosphate-specific transport system accessory protein PhoU 
FOM_1_02118	gene	762	pstB3_1			
FOM_1_02118	CDS	762	pstB3_1	7.3.2.1	COG1117	Phosphate import ATP-binding protein PstB 3
FOM_1_02119	gene	810	pstB3_2			
FOM_1_02119	CDS	810	pstB3_2	7.3.2.1	COG1117	Phosphate import ATP-binding protein PstB 3
FOM_1_02120	gene	894				
FOM_1_02120	CDS	894				hypothetical protein
FOM_1_02121	gene	924				
FOM_1_02121	CDS	924				hypothetical protein
FOM_1_02122	gene	825	pstS1_1			
FOM_1_02122	CDS	825	pstS1_1		COG0226	Phosphate-binding protein PstS 1
FOM_1_02123	gene	897	pstS1_2			
FOM_1_02123	CDS	897	pstS1_2		COG0226	Phosphate-binding protein PstS 1
FOM_1_02124	gene	468	smpB			
FOM_1_02124	CDS	468	smpB		COG0691	SsrA-binding protein
FOM_1_02125	gene	567				
FOM_1_02125	CDS	567				hypothetical protein
FOM_1_02126	gene	2619	alaS			
FOM_1_02126	CDS	2619	alaS	6.1.1.7		Alanine--tRNA ligase
FOM_1_02127	gene	927	prsA			
FOM_1_02127	CDS	927	prsA	5.2.1.8	COG0760	Foldase protein PrsA
FOM_1_02128	gene	684	trmR			
FOM_1_02128	CDS	684	trmR	2.1.1.-	COG4122	tRNA 5-hydroxyuridine methyltransferase
FOM_1_02129	gene	1806	pepF1			
FOM_1_02129	CDS	1806	pepF1	3.4.24.-		Oligoendopeptidase F, plasmid
FOM_1_02130	gene	990				
FOM_1_02130	CDS	990				hypothetical protein
FOM_1_02131	gene	1086				
FOM_1_02131	CDS	1086				hypothetical protein
FOM_1_02132	gene	849				
FOM_1_02132	CDS	849				hypothetical protein
FOM_1_02133	gene	1422	pbuO			
FOM_1_02133	CDS	1422	pbuO		COG2252	Guanine/hypoxanthine permease PbuO
FOM_1_02134	gene	837	yitU			
FOM_1_02134	CDS	837	yitU	3.1.3.104	COG0561	5-amino-6-(5-phospho-D-ribitylamino)uracil phosphatase YitU
FOM_1_02135	gene	771	lutA			
FOM_1_02135	CDS	771	lutA		COG0247	Lactate utilization protein A
FOM_1_02136	gene	1473	lutB			
FOM_1_02136	CDS	1473	lutB		COG1139	Lactate utilization protein B
FOM_1_02137	gene	684	lutC			
FOM_1_02137	CDS	684	lutC		COG1556	Lactate utilization protein C
FOM_1_02138	gene	714	ybhL			
FOM_1_02138	CDS	714	ybhL		COG0670	Inner membrane protein YbhL
FOM_1_02139	gene	915	dagK_2			
FOM_1_02139	CDS	915	dagK_2	2.7.1.107		Diacylglycerol kinase
FOM_1_02140	gene	513				
FOM_1_02140	CDS	513				hypothetical protein
FOM_1_02141	gene	234	rpsT			
FOM_1_02141	CDS	234	rpsT		COG0268	30S ribosomal protein S20
FOM_1_02142	gene	2505	recD2			
FOM_1_02142	CDS	2505	recD2	3.6.4.12	COG0507	ATP-dependent RecD-like DNA helicase
FOM_1_02143	gene	594	pspB			
FOM_1_02143	CDS	594	pspB	3.1.3.3	COG0406	Putative phosphoserine phosphatase 2
FOM_1_02144	gene	840	pheA			
FOM_1_02144	CDS	840	pheA			Bifunctional chorismate mutase/prephenate dehydratase
FOM_1_02145	gene	489	aroK			
FOM_1_02145	CDS	489	aroK	2.7.1.71	COG0703	Shikimate kinase
FOM_1_02146	gene	1293	aroA			
FOM_1_02146	CDS	1293	aroA	2.5.1.19	COG0128	3-phosphoshikimate 1-carboxyvinyltransferase
FOM_1_02147	gene	1065				
FOM_1_02147	CDS	1065				hypothetical protein
FOM_1_02148	gene	876	rcsC_2			
FOM_1_02148	CDS	876	rcsC_2	2.7.13.3		Sensor histidine kinase RcsC
FOM_1_02149	gene	672	graR			
FOM_1_02149	CDS	672	graR		COG0745	Response regulator protein GraR
FOM_1_02150	gene	1065				
FOM_1_02150	CDS	1065				hypothetical protein
FOM_1_02151	gene	2001	bceB			
FOM_1_02151	CDS	2001	bceB		COG0577	Bacitracin export permease protein BceB
FOM_1_02152	gene	780	yxdL			
FOM_1_02152	CDS	780	yxdL		COG1136	ABC transporter ATP-binding protein YxdL
FOM_1_02153	gene	144				
FOM_1_02153	CDS	144				hypothetical protein
FOM_1_02154	gene	360				
FOM_1_02154	CDS	360				hypothetical protein
FOM_1_02155	gene	1167	aroC			
FOM_1_02155	CDS	1167	aroC	4.2.3.5	COG0082	Chorismate synthase
FOM_1_02156	gene	597	gph_3			
FOM_1_02156	CDS	597	gph_3	3.1.3.18		Phosphoglycolate phosphatase
FOM_1_02157	gene	600				
FOM_1_02157	CDS	600				hypothetical protein
FOM_1_02158	gene	924				
FOM_1_02158	CDS	924				hypothetical protein
FOM_1_02159	gene	1071	aroB			
FOM_1_02159	CDS	1071	aroB	4.2.3.4	COG0337	3-dehydroquinate synthase
FOM_1_02160	gene	861	aroE			
FOM_1_02160	CDS	861	aroE	1.1.1.25	COG0169	Shikimate dehydrogenase (NADP(+))
FOM_1_02161	gene	657	dedA			
FOM_1_02161	CDS	657	dedA		COG0586	Protein DedA
FOM_1_02162	gene	2145	mltF			
FOM_1_02162	CDS	2145	mltF	4.2.2.-		Membrane-bound lytic murein transglycosylase F
FOM_1_02163	gene	744	artM_1			
FOM_1_02163	CDS	744	artM_1		COG1126	Arginine transport ATP-binding protein ArtM
FOM_1_02164	gene	1920				
FOM_1_02164	CDS	1920				hypothetical protein
FOM_1_02165	gene	642				
FOM_1_02165	CDS	642				hypothetical protein
FOM_1_02166	gene	426	atpC			
FOM_1_02166	CDS	426	atpC		COG0355	ATP synthase epsilon chain
FOM_1_02167	gene	1410	atpD			
FOM_1_02167	CDS	1410	atpD	7.1.2.2	COG0055	ATP synthase subunit beta
FOM_1_02168	gene	870	atpG			
FOM_1_02168	CDS	870	atpG		COG0224	ATP synthase gamma chain
FOM_1_02169	gene	1503	atpA			
FOM_1_02169	CDS	1503	atpA	7.1.2.2	COG0056	ATP synthase subunit alpha
FOM_1_02170	gene	528	atpH			
FOM_1_02170	CDS	528	atpH		COG0712	ATP synthase subunit delta
FOM_1_02171	gene	507	atpF			
FOM_1_02171	CDS	507	atpF		COG0711	ATP synthase subunit b
FOM_1_02172	gene	714	atpB			
FOM_1_02172	CDS	714	atpB		COG0356	ATP synthase subunit a
FOM_1_02173	gene	216	atpE			
FOM_1_02173	CDS	216	atpE		COG0636	ATP synthase subunit c
FOM_1_02174	gene	777				
FOM_1_02174	CDS	777				hypothetical protein
FOM_1_02175	gene	2211	comEC			
FOM_1_02175	CDS	2211	comEC		COG0658	ComE operon protein 3
FOM_1_02176	gene	648	comEA			
FOM_1_02176	CDS	648	comEA		COG1555	ComE operon protein 1
FOM_1_02177	gene	1362	yhaP			
FOM_1_02177	CDS	1362	yhaP		COG1668	putative protein YhaP
FOM_1_02178	gene	933				
FOM_1_02178	CDS	933		7.6.2.-	COG1131	Multidrug efflux system ATP-binding protein
FOM_1_02179	gene	399				
FOM_1_02179	CDS	399				hypothetical protein
FOM_1_02180	gene	564	pat			
FOM_1_02180	CDS	564	pat	2.3.1.183	COG1247	Phosphinothricin N-acetyltransferase
FOM_1_02181	gene	1179				
FOM_1_02181	CDS	1179				hypothetical protein
FOM_1_02182	gene	657	tenA			
FOM_1_02182	CDS	657	tenA	3.5.99.2	COG0819	Aminopyrimidine aminohydrolase
FOM_1_02183	gene	972	birA_1			
FOM_1_02183	CDS	972	birA_1	6.3.4.15	COG0340	Bifunctional ligase/repressor BirA
FOM_1_02184	gene	570	bioY			
FOM_1_02184	CDS	570	bioY		COG1268	Biotin transporter BioY
FOM_1_02185	gene	1242	menE_3			
FOM_1_02185	CDS	1242	menE_3	6.2.1.26		2-succinylbenzoate--CoA ligase
FOM_1_02186	gene	1149				
FOM_1_02186	CDS	1149		2.3.1.9		putative acetyl-CoA acyltransferase
FOM_1_02187	gene	351				
FOM_1_02187	CDS	351				hypothetical protein
FOM_1_02188	gene	294				
FOM_1_02188	CDS	294				hypothetical protein
FOM_1_02189	gene	747	fabG_2			
FOM_1_02189	CDS	747	fabG_2	1.1.1.100		3-oxoacyl-[acyl-carrier-protein] reductase FabG
FOM_1_02190	gene	846				
FOM_1_02190	CDS	846				hypothetical protein
FOM_1_02191	gene	1413				
FOM_1_02191	CDS	1413				hypothetical protein
FOM_1_02192	gene	459	iscU			
FOM_1_02192	CDS	459	iscU		COG0822	Iron-sulfur cluster assembly scaffold protein IscU
FOM_1_02193	gene	492				
FOM_1_02193	CDS	492				hypothetical protein
FOM_1_02194	gene	1218	sufS			
FOM_1_02194	CDS	1218	sufS	2.8.1.7	COG0520	Cysteine desulfurase SufS
FOM_1_02195	gene	1257				
FOM_1_02195	CDS	1257				hypothetical protein
FOM_1_02196	gene	771				
FOM_1_02196	CDS	771				putative ABC transporter ATP-binding protein
FOM_1_02197	gene	1332	tagO			
FOM_1_02197	CDS	1332	tagO	2.7.8.33	COG0472	putative undecaprenyl-phosphate N-acetylglucosaminyl 1-phosphate transferase
FOM_1_02198	gene	702	mecA			
FOM_1_02198	CDS	702	mecA		COG4862	Adapter protein MecA
FOM_1_02199	gene	735	artM_2			
FOM_1_02199	CDS	735	artM_2		COG1126	Arginine transport ATP-binding protein ArtM
FOM_1_02200	gene	687	artQ			
FOM_1_02200	CDS	687	artQ		COG0765	Arginine transport system permease protein ArtQ
FOM_1_02201	gene	909	ytlR			
FOM_1_02201	CDS	909	ytlR	2.7.1.-	COG1597	Putative lipid kinase YtlR
FOM_1_02202	gene	3624	rpoC			
FOM_1_02202	CDS	3624	rpoC	2.7.7.6	COG0086	DNA-directed RNA polymerase subunit beta'
FOM_1_02203	gene	3591	rpoB			
FOM_1_02203	CDS	3591	rpoB	2.7.7.6	COG0085	DNA-directed RNA polymerase subunit beta
FOM_1_02204	gene	609	codY_2			
FOM_1_02204	CDS	609	codY_2		COG4465	GTP-sensing transcriptional pleiotropic repressor CodY
FOM_1_02205	gene	675				
FOM_1_02205	CDS	675				hypothetical protein
FOM_1_02206	gene	1884	pepO			
FOM_1_02206	CDS	1884	pepO	3.4.24.-	COG3590	Neutral endopeptidase
FOM_1_02207	gene	306	atl			
FOM_1_02207	CDS	306	atl		COG3695	DNA base-flipping protein
FOM_1_02208	gene	1674	murJ			
FOM_1_02208	CDS	1674	murJ		COG2244	Lipid II flippase MurJ
FOM_1_02209	gene	1452	murE			
FOM_1_02209	CDS	1452	murE	6.3.2.7	COG0769	UDP-N-acetylmuramoyl-L-alanyl-D-glutamate--L-lysine ligase
FOM_1_02210	gene	261				
FOM_1_02210	CDS	261				hypothetical protein
FOM_1_02211	gene	1023	adh			
FOM_1_02211	CDS	1023	adh	1.1.1.1		Alcohol dehydrogenase
FOM_1_02212	gene	1779	recQ			
FOM_1_02212	CDS	1779	recQ	3.6.4.12	COG0514	ATP-dependent DNA helicase RecQ
FOM_1_02213	gene	1527	yjeM			
FOM_1_02213	CDS	1527	yjeM			Inner membrane transporter YjeM
FOM_1_02214	gene	1242	pepT			
FOM_1_02214	CDS	1242	pepT	3.4.11.4	COG2195	Peptidase T
FOM_1_02215	gene	798				
FOM_1_02215	CDS	798				hypothetical protein
FOM_1_02216	gene	945	ppaC			
FOM_1_02216	CDS	945	ppaC	3.6.1.1	COG1227	putative manganese-dependent inorganic pyrophosphatase
FOM_1_02217	gene	792	pflA			
FOM_1_02217	CDS	792	pflA	1.97.1.4	COG1180	Pyruvate formate-lyase 1-activating enzyme
FOM_1_02218	gene	1350				
FOM_1_02218	CDS	1350				hypothetical protein
FOM_1_02219	gene	1116				
FOM_1_02219	CDS	1116				hypothetical protein
FOM_1_02220	gene	450				
FOM_1_02220	CDS	450		2.3.1.-		Acetyltransferase
FOM_1_02221	gene	780	endA			
FOM_1_02221	CDS	780	endA	3.1.30.-		DNA-entry nuclease
FOM_1_02222	gene	897				
FOM_1_02222	CDS	897				hypothetical protein
FOM_1_02223	gene	255				
FOM_1_02223	CDS	255				hypothetical protein
FOM_1_02224	gene	303				
FOM_1_02224	CDS	303				hypothetical protein
FOM_1_02225	gene	294				
FOM_1_02225	CDS	294				hypothetical protein
FOM_1_02226	gene	2241				
FOM_1_02226	CDS	2241				hypothetical protein
FOM_1_02227	gene	348				
FOM_1_02227	CDS	348				hypothetical protein
FOM_1_02228	gene	576				
FOM_1_02228	CDS	576				hypothetical protein
FOM_1_02229	gene	585				
FOM_1_02229	CDS	585				hypothetical protein
FOM_1_02230	gene	582				
FOM_1_02230	CDS	582				hypothetical protein
FOM_1_02231	gene	2823	uvrA			
FOM_1_02231	CDS	2823	uvrA			UvrABC system protein A
FOM_1_02232	gene	639				
FOM_1_02232	CDS	639				hypothetical protein
FOM_1_02233	gene	525	cobC			
FOM_1_02233	CDS	525	cobC	3.1.3.73	COG0406	Adenosylcobalamin/alpha-ribazole phosphatase
FOM_1_02234	gene	315				
FOM_1_02234	CDS	315				hypothetical protein
FOM_1_02235	gene	1350	yvbW_2			
FOM_1_02235	CDS	1350	yvbW_2		COG1113	putative amino acid permease YvbW
FOM_1_02236	gene	918	yceM			
FOM_1_02236	CDS	918	yceM	1.-.-.-	COG0673	Putative oxidoreductase YceM
FOM_1_02237	gene	636	thiN			
FOM_1_02237	CDS	636	thiN	2.7.6.2	COG1564	Thiamine pyrophosphokinase
FOM_1_02238	gene	348				
FOM_1_02238	CDS	348				hypothetical protein
FOM_1_02239	gene	456				
FOM_1_02239	CDS	456				hypothetical protein
FOM_1_02240	gene	540				
FOM_1_02240	CDS	540				hypothetical protein
FOM_1_02241	gene	1344	asnS			
FOM_1_02241	CDS	1344	asnS	6.1.1.22	COG0017	Asparagine--tRNA ligase
FOM_1_02242	gene	312				
FOM_1_02242	CDS	312				hypothetical protein
FOM_1_02243	gene	1182	aspB			
FOM_1_02243	CDS	1182	aspB	2.6.1.14	COG0436	Asparagine--oxo-acid transaminase
FOM_1_02244	gene	444				
FOM_1_02244	CDS	444				hypothetical protein
FOM_1_02245	gene	2376	dinG_3			
FOM_1_02245	CDS	2376	dinG_3	3.1.-.-		3'-5' exonuclease DinG
FOM_1_02246	gene	438				
FOM_1_02246	CDS	438				Putative universal stress protein
FOM_1_02247	gene	1293				
FOM_1_02247	CDS	1293				hypothetical protein
FOM_1_02248	gene	1002				
FOM_1_02248	CDS	1002		3.5.1.11		Penicillin acylase
FOM_1_02249	gene	747				
FOM_1_02249	CDS	747				hypothetical protein
FOM_1_02250	gene	1809				
FOM_1_02250	CDS	1809				hypothetical protein
FOM_1_02251	gene	894	oppC_2			
FOM_1_02251	CDS	894	oppC_2		COG1173	Oligopeptide transport system permease protein OppC
FOM_1_02252	gene	960	gsiC			
FOM_1_02252	CDS	960	gsiC		COG0601	Glutathione transport system permease protein GsiC
FOM_1_02253	gene	960	oppF_2			
FOM_1_02253	CDS	960	oppF_2		COG4608	Oligopeptide transport ATP-binding protein OppF
FOM_1_02254	gene	1017	oppD_2			
FOM_1_02254	CDS	1017	oppD_2		COG0444	Oligopeptide transport ATP-binding protein OppD
FOM_1_02255	gene	360	rplT			
FOM_1_02255	CDS	360	rplT		COG0292	50S ribosomal protein L20
FOM_1_02256	gene	201	rpmI			
FOM_1_02256	CDS	201	rpmI		COG0291	50S ribosomal protein L35
FOM_1_02257	gene	495	infC			
FOM_1_02257	CDS	495	infC		COG0290	Translation initiation factor IF-3
FOM_1_02258	gene	129				
FOM_1_02258	CDS	129				hypothetical protein
FOM_1_02259	gene	549				
FOM_1_02259	CDS	549				hypothetical protein
FOM_1_02260	gene	705	yfnB_2			
FOM_1_02260	CDS	705	yfnB_2	3.-.-.-	COG1011	Putative HAD-hydrolase YfnB
FOM_1_02261	gene	1878	mnmG			
FOM_1_02261	CDS	1878	mnmG			tRNA uridine 5-carboxymethylaminomethyl modification enzyme MnmG
FOM_1_02262	gene	576				
FOM_1_02262	CDS	576				hypothetical protein
FOM_1_02263	gene	411				
FOM_1_02263	CDS	411				hypothetical protein
FOM_1_02264	gene	402	mrnC			
FOM_1_02264	CDS	402	mrnC	3.1.26.-	COG1939	Mini-ribonuclease 3
FOM_1_02265	gene	1347	cysS			
FOM_1_02265	CDS	1347	cysS	6.1.1.16		Cysteine--tRNA ligase
FOM_1_02266	gene	594				
FOM_1_02266	CDS	594				hypothetical protein
FOM_1_02267	gene	600	cysE			
FOM_1_02267	CDS	600	cysE	2.3.1.30	COG1045	Serine acetyltransferase
FOM_1_02268	gene	771				
FOM_1_02268	CDS	771				hypothetical protein
FOM_1_02269	gene	2322	pnp			
FOM_1_02269	CDS	2322	pnp	2.7.7.8		Polyribonucleotide nucleotidyltransferase
FOM_1_02270	gene	1146				
FOM_1_02270	CDS	1146				hypothetical protein
FOM_1_02271	gene	966	prs2			
FOM_1_02271	CDS	966	prs2	2.7.6.1		Putative ribose-phosphate pyrophosphokinase 2
FOM_1_02272	gene	432				
FOM_1_02272	CDS	432				Putative universal stress protein
FOM_1_02273	gene	975	iscS_2			
FOM_1_02273	CDS	975	iscS_2	2.8.1.7	COG1104	Cysteine desulfurase IscS
FOM_1_02274	gene	345				
FOM_1_02274	CDS	345				hypothetical protein
FOM_1_02275	gene	1188	tuf			
FOM_1_02275	CDS	1188	tuf			Elongation factor Tu
FOM_1_02276	gene	183				
FOM_1_02276	CDS	183				hypothetical protein
FOM_1_02277	gene	117				
FOM_1_02277	CDS	117				hypothetical protein
FOM_1_02278	gene	2799	ileS			
FOM_1_02278	CDS	2799	ileS	6.1.1.5	COG0060	Isoleucine--tRNA ligase
FOM_1_02279	gene	927	gpsB_2			
FOM_1_02279	CDS	927	gpsB_2			Cell cycle protein GpsB
FOM_1_02280	gene	792				
FOM_1_02280	CDS	792				hypothetical protein
FOM_1_02281	gene	276				
FOM_1_02281	CDS	276				hypothetical protein
FOM_1_02282	gene	591	sepF			
FOM_1_02282	CDS	591	sepF			Cell division protein SepF
FOM_1_02283	gene	678	yggS			
FOM_1_02283	CDS	678	yggS		COG0325	Pyridoxal phosphate homeostasis protein
FOM_1_02284	gene	1254	ftsZ			
FOM_1_02284	CDS	1254	ftsZ		COG0206	Cell division protein FtsZ
FOM_1_02285	gene	1371	ftsA			
FOM_1_02285	CDS	1371	ftsA		COG0849	Cell division protein FtsA
FOM_1_02286	gene	870				
FOM_1_02286	CDS	870				DegV domain-containing protein
FOM_1_02287	gene	729				
FOM_1_02287	CDS	729		2.1.1.-		Putative TrmH family tRNA/rRNA methyltransferase
FOM_1_02288	gene	1119	thiO			
FOM_1_02288	CDS	1119	thiO	1.4.3.19		Glycine oxidase
FOM_1_02289	gene	846	ytbE			
FOM_1_02289	CDS	846	ytbE	1.-.-.-	COG0656	putative oxidoreductase YtbE
FOM_1_02290	gene	1329	efpA			
FOM_1_02290	CDS	1329	efpA			putative MFS-type transporter EfpA
FOM_1_02291	gene	879	hdfR_3			
FOM_1_02291	CDS	879	hdfR_3			HTH-type transcriptional regulator HdfR
FOM_1_02292	gene	405	adhR_2			
FOM_1_02292	CDS	405	adhR_2		COG0789	HTH-type transcriptional regulator AdhR
FOM_1_02293	gene	1365	pepC			
FOM_1_02293	CDS	1365	pepC	3.4.22.40	COG3579	Aminopeptidase C
FOM_1_02294	gene	594				
FOM_1_02294	CDS	594				hypothetical protein
FOM_1_02295	gene	681	mtnN			
FOM_1_02295	CDS	681	mtnN	3.2.2.9	COG0775	5'-methylthioadenosine/S-adenosylhomocysteine nucleosidase
FOM_1_02296	gene	279				
FOM_1_02296	CDS	279				hypothetical protein
FOM_1_02297	gene	585	nudF			
FOM_1_02297	CDS	585	nudF	3.6.1.13	COG0494	ADP-ribose pyrophosphatase
FOM_1_02298	gene	1377	glmU			
FOM_1_02298	CDS	1377	glmU		COG1207	Bifunctional protein GlmU
FOM_1_02299	gene	789	proC_2			
FOM_1_02299	CDS	789	proC_2	1.5.1.2	COG0345	Pyrroline-5-carboxylate reductase
FOM_1_02300	gene	270	rpsO			
FOM_1_02300	CDS	270	rpsO		COG0184	30S ribosomal protein S15
FOM_1_02301	gene	1884	stkP			
FOM_1_02301	CDS	1884	stkP	2.7.11.1	COG0515	Serine/threonine-protein kinase StkP
FOM_1_02302	gene	777	phpP			
FOM_1_02302	CDS	777	phpP	3.1.3.16	COG0631	Protein phosphatase PhpP
FOM_1_02303	gene	1275	rsmB			
FOM_1_02303	CDS	1275	rsmB	2.1.1.176	COG0144	Ribosomal RNA small subunit methyltransferase B
FOM_1_02304	gene	507				
FOM_1_02304	CDS	507				Stress response regulator gls24 
FOM_1_02305	gene	189				
FOM_1_02305	CDS	189				hypothetical protein
FOM_1_02306	gene	561				
FOM_1_02306	CDS	561				hypothetical protein
FOM_1_02307	gene	243				
FOM_1_02307	CDS	243				hypothetical protein
FOM_1_02308	gene	960	fmt			
FOM_1_02308	CDS	960	fmt	2.1.2.9		Methionyl-tRNA formyltransferase
FOM_1_02309	gene	465				
FOM_1_02309	CDS	465				hypothetical protein
FOM_1_02310	gene	522				
FOM_1_02310	CDS	522				hypothetical protein
FOM_1_02311	gene	375				
FOM_1_02311	CDS	375				hypothetical protein
FOM_1_02312	gene	2340	priA			
FOM_1_02312	CDS	2340	priA	3.6.4.-	COG1198	Primosomal protein N'
FOM_1_02313	gene	354	rpoZ			
FOM_1_02313	CDS	354	rpoZ	2.7.7.6		DNA-directed RNA polymerase subunit omega
FOM_1_02314	gene	618	gmk			
FOM_1_02314	CDS	618	gmk	2.7.4.8	COG0194	Guanylate kinase
FOM_1_02315	gene	1596	rny			
FOM_1_02315	CDS	1596	rny	3.1.-.-	COG1418	Ribonuclease Y
FOM_1_02316	gene	714	gamA			
FOM_1_02316	CDS	714	gamA	3.5.99.6	COG0363	putative glucosamine-6-phosphate deaminase 2
FOM_1_02317	gene	1200	metK			
FOM_1_02317	CDS	1200	metK	2.5.1.6		S-adenosylmethionine synthase
FOM_1_02318	gene	1194				
FOM_1_02318	CDS	1194				hypothetical protein
FOM_1_02319	gene	753	birA_2			
FOM_1_02319	CDS	753	birA_2	6.3.4.15	COG0340	Bifunctional ligase/repressor BirA
FOM_1_02320	gene	465				
FOM_1_02320	CDS	465				hypothetical protein
FOM_1_02321	gene	204				
FOM_1_02321	CDS	204				hypothetical protein
FOM_1_02322	gene	1116				
FOM_1_02322	CDS	1116				hypothetical protein
FOM_1_02323	gene	1473				
FOM_1_02323	CDS	1473			COG1705	N-acetylmuramoyl-L-alanine amidase domain-containing protein
FOM_1_02324	gene	897	fba			
FOM_1_02324	CDS	897	fba	4.1.2.13	COG0191	Fructose-bisphosphate aldolase
FOM_1_02325	gene	86				
FOM_1_02325	tRNA	86				tRNA-Leu(taa)
FOM_1_02326	gene	72				
FOM_1_02326	tRNA	72				tRNA-Gly(gcc)
FOM_1_02327	gene	2247	clpE			
FOM_1_02327	CDS	2247	clpE		COG0542	ATP-dependent Clp protease ATP-binding subunit ClpE
FOM_1_02328	gene	339				
FOM_1_02328	CDS	339				hypothetical protein
FOM_1_02329	gene	1368	pgtP			
FOM_1_02329	CDS	1368	pgtP		COG2271	Phosphoglycerate transporter protein
FOM_1_02330	gene	744				
FOM_1_02330	CDS	744				hypothetical protein
FOM_1_02331	gene	1344	sigA			
FOM_1_02331	CDS	1344	sigA			RNA polymerase sigma factor SigA
FOM_1_02332	gene	1914	dnaG			
FOM_1_02332	CDS	1914	dnaG	2.7.7.-		DNA primase
FOM_1_02333	gene	88				
FOM_1_02333	tRNA	88				tRNA-Ser(gct)
FOM_1_02334	gene	76				
FOM_1_02334	tRNA	76				tRNA-Ile(gat)
FOM_1_02335	gene	73				
FOM_1_02335	tRNA	73				tRNA-Gly(tcc)
FOM_1_02336	gene	75				
FOM_1_02336	tRNA	75				tRNA-Phe(gaa)
FOM_1_02337	gene	76				
FOM_1_02337	tRNA	76				tRNA-Met(cat)
FOM_1_02338	gene	76				
FOM_1_02338	tRNA	76				tRNA-Met(cat)
FOM_1_02339	gene	74				
FOM_1_02339	tRNA	74				tRNA-Pro(tgg)
FOM_1_02340	gene	76				
FOM_1_02340	tRNA	76				tRNA-Arg(acg)
FOM_1_02341	gene	72				
FOM_1_02341	tRNA	72				tRNA-Gly(gcc)
FOM_1_02342	gene	390				
FOM_1_02342	CDS	390				hypothetical protein
FOM_1_02343	gene	1269				
FOM_1_02343	CDS	1269				hypothetical protein
FOM_1_02344	gene	237				
FOM_1_02344	CDS	237				hypothetical protein
FOM_1_02345	gene	363				
FOM_1_02345	CDS	363				hypothetical protein
FOM_1_02346	gene	159				
FOM_1_02346	CDS	159				hypothetical protein
