locus_tag	ftype	length_bp	gene	EC_number	COG	product
ANT_2_00001	gene	387	rplQ			
ANT_2_00001	CDS	387	rplQ		COG0203	50S ribosomal protein L17
ANT_2_00002	gene	372				
ANT_2_00002	CDS	372				hypothetical protein
ANT_2_00003	gene	417	zntR			
ANT_2_00003	CDS	417	zntR		COG0789	HTH-type transcriptional regulator ZntR
ANT_2_00004	gene	288				
ANT_2_00004	CDS	288				hypothetical protein
ANT_2_00005	gene	411	mscL			
ANT_2_00005	CDS	411	mscL		COG1970	Large-conductance mechanosensitive channel
ANT_2_00006	gene	1377	trkA			
ANT_2_00006	CDS	1377	trkA		COG0569	Trk system potassium uptake protein TrkA
ANT_2_00007	gene	1302	rsmB			
ANT_2_00007	CDS	1302	rsmB	2.1.1.176	COG0144	Ribosomal RNA small subunit methyltransferase B
ANT_2_00008	gene	945	fmt			
ANT_2_00008	CDS	945	fmt	2.1.2.9	COG0223	Methionyl-tRNA formyltransferase
ANT_2_00009	gene	513	def			
ANT_2_00009	CDS	513	def	3.5.1.88	COG0242	Peptide deformylase
ANT_2_00010	gene	1125				
ANT_2_00010	CDS	1125				hypothetical protein
ANT_2_00011	gene	474	smg			
ANT_2_00011	CDS	474	smg			Protein Smg
ANT_2_00012	gene	549	topA_1			
ANT_2_00012	CDS	549	topA_1	5.6.2.1		DNA topoisomerase 1
ANT_2_00013	gene	573	tsaC			
ANT_2_00013	CDS	573	tsaC	2.7.7.87	COG0009	Threonylcarbamoyl-AMP synthase
ANT_2_00014	gene	819	aroE			
ANT_2_00014	CDS	819	aroE	1.1.1.25	COG0169	Shikimate dehydrogenase (NADP(+))
ANT_2_00015	gene	258				
ANT_2_00015	CDS	258				hypothetical protein
ANT_2_00016	gene	555	yrdA			
ANT_2_00016	CDS	555	yrdA		COG0663	Protein YrdA
ANT_2_00017	gene	261				
ANT_2_00017	CDS	261				hypothetical protein
ANT_2_00018	gene	258				
ANT_2_00018	CDS	258				hypothetical protein
ANT_2_00019	gene	144				
ANT_2_00019	CDS	144				hypothetical protein
ANT_2_00020	gene	207				
ANT_2_00020	CDS	207				hypothetical protein
ANT_2_00021	gene	105				
ANT_2_00021	CDS	105				hypothetical protein
ANT_2_00022	gene	570				
ANT_2_00022	CDS	570				hypothetical protein
ANT_2_00023	gene	747	glnH			
ANT_2_00023	CDS	747	glnH		COG0834	Glutamine-binding periplasmic protein
ANT_2_00024	gene	660	glnP			
ANT_2_00024	CDS	660	glnP		COG0765	Glutamine transport system permease protein GlnP
ANT_2_00025	gene	519				
ANT_2_00025	CDS	519				hypothetical protein
ANT_2_00026	gene	207				
ANT_2_00026	CDS	207				hypothetical protein
ANT_2_00027	gene	210				
ANT_2_00027	CDS	210				hypothetical protein
ANT_2_00028	gene	150				
ANT_2_00028	CDS	150				hypothetical protein
ANT_2_00029	gene	102				
ANT_2_00029	CDS	102				hypothetical protein
ANT_2_00030	gene	258				
ANT_2_00030	CDS	258				hypothetical protein
ANT_2_00031	gene	612				
ANT_2_00031	CDS	612				hypothetical protein
ANT_2_00032	gene	102				
ANT_2_00032	CDS	102				hypothetical protein
ANT_2_00033	gene	555				
ANT_2_00033	CDS	555				hypothetical protein
ANT_2_00034	gene	120				
ANT_2_00034	CDS	120				hypothetical protein
ANT_2_00035	gene	210				
ANT_2_00035	CDS	210				hypothetical protein
ANT_2_00036	gene	198				
ANT_2_00036	CDS	198				hypothetical protein
ANT_2_00037	gene	621	rpsD			
ANT_2_00037	CDS	621	rpsD		COG0522	30S ribosomal protein S4
ANT_2_00038	gene	390	rpsK			
ANT_2_00038	CDS	390	rpsK		COG0100	30S ribosomal protein S11
ANT_2_00039	gene	357	rpsM			
ANT_2_00039	CDS	357	rpsM		COG0099	30S ribosomal protein S13
ANT_2_00040	gene	117	rpmJ			
ANT_2_00040	CDS	117	rpmJ		COG0257	50S ribosomal protein L36
ANT_2_00041	gene	939				
ANT_2_00041	CDS	939				hypothetical protein
ANT_2_00042	gene	474				
ANT_2_00042	CDS	474				hypothetical protein
ANT_2_00043	gene	963				
ANT_2_00043	CDS	963				hypothetical protein
ANT_2_00044	gene	582				
ANT_2_00044	CDS	582				hypothetical protein
ANT_2_00045	gene	216				
ANT_2_00045	CDS	216				hypothetical protein
ANT_2_00046	gene	1008				
ANT_2_00046	CDS	1008				hypothetical protein
ANT_2_00047	gene	969	ycjG_1			
ANT_2_00047	CDS	969	ycjG_1	5.1.1.20	COG4948	L-Ala-D/L-Glu epimerase
ANT_2_00048	gene	570	gsiD_1			
ANT_2_00048	CDS	570	gsiD_1		COG1173	Glutathione transport system permease protein GsiD
ANT_2_00049	gene	1044				
ANT_2_00049	CDS	1044		3.4.11.25		Beta-peptidyl aminopeptidase BapA
ANT_2_00050	gene	822	dppA_1			
ANT_2_00050	CDS	822	dppA_1	3.4.11.-	COG2362	D-aminopeptidase
ANT_2_00051	gene	909	cysB_1			
ANT_2_00051	CDS	909	cysB_1			HTH-type transcriptional regulator CysB
ANT_2_00052	gene	1092	ychF			
ANT_2_00052	CDS	1092	ychF		COG0012	Ribosome-binding ATPase YchF
ANT_2_00053	gene	588	pth			
ANT_2_00053	CDS	588	pth	3.1.1.29	COG0193	Peptidyl-tRNA hydrolase
ANT_2_00054	gene	276				
ANT_2_00054	CDS	276				hypothetical protein
ANT_2_00055	gene	1152				
ANT_2_00055	CDS	1152				hypothetical protein
ANT_2_00056	gene	948	prs			
ANT_2_00056	CDS	948	prs	2.7.6.1	COG0462	Ribose-phosphate pyrophosphokinase
ANT_2_00057	gene	858	ispE			
ANT_2_00057	CDS	858	ispE	2.7.1.148	COG1947	4-diphosphocytidyl-2-C-methyl-D-erythritol kinase
ANT_2_00058	gene	624	lolB			
ANT_2_00058	CDS	624	lolB		COG3017	Outer-membrane lipoprotein LolB
ANT_2_00059	gene	111				
ANT_2_00059	CDS	111				hypothetical protein
ANT_2_00060	gene	1257	hemA			
ANT_2_00060	CDS	1257	hemA	1.2.1.70	COG0373	Glutamyl-tRNA reductase
ANT_2_00061	gene	1083	prfA			
ANT_2_00061	CDS	1083	prfA		COG0216	Peptide chain release factor RF1
ANT_2_00062	gene	831	prmC			
ANT_2_00062	CDS	831	prmC	2.1.1.297	COG2890	Release factor glutamine methyltransferase
ANT_2_00063	gene	393	ychQ			
ANT_2_00063	CDS	393	ychQ		COG3094	Protein YchQ
ANT_2_00064	gene	810				
ANT_2_00064	CDS	810				hypothetical protein
ANT_2_00065	gene	855	kdsA			
ANT_2_00065	CDS	855	kdsA	2.5.1.55	COG2877	2-dehydro-3-deoxyphosphooctonate aldolase
ANT_2_00066	gene	1092	chaA			
ANT_2_00066	CDS	1092	chaA		COG0387	Sodium-potassium/proton antiporter ChaA
ANT_2_00067	gene	231	chaB			
ANT_2_00067	CDS	231	chaB		COG4572	Putative cation transport regulator ChaB
ANT_2_00068	gene	756	chaC			
ANT_2_00068	CDS	756	chaC	4.3.2.7	COG3703	Glutathione-specific gamma-glutamylcyclotransferase
ANT_2_00069	gene	1431	pknD_1			
ANT_2_00069	CDS	1431	pknD_1	2.7.11.1		Serine/threonine-protein kinase PknD
ANT_2_00070	gene	954				
ANT_2_00070	CDS	954				hypothetical protein
ANT_2_00071	gene	777				
ANT_2_00071	CDS	777				hypothetical protein
ANT_2_00072	gene	1137				
ANT_2_00072	CDS	1137				hypothetical protein
ANT_2_00073	gene	699				
ANT_2_00073	CDS	699				hypothetical protein
ANT_2_00074	gene	2115				
ANT_2_00074	CDS	2115				hypothetical protein
ANT_2_00075	gene	1218				
ANT_2_00075	CDS	1218				hypothetical protein
ANT_2_00076	gene	567				
ANT_2_00076	CDS	567				hypothetical protein
ANT_2_00077	gene	1215	nasR			
ANT_2_00077	CDS	1215	nasR			Nitrate regulatory protein
ANT_2_00078	gene	1254	nrtA			
ANT_2_00078	CDS	1254	nrtA			Nitrate/nitrite binding protein NrtA
ANT_2_00079	gene	873	cmpB			
ANT_2_00079	CDS	873	cmpB			Bicarbonate transport system permease protein CmpB
ANT_2_00080	gene	792	cmpC			
ANT_2_00080	CDS	792	cmpC	3.6.3.-		Bicarbonate transport ATP-binding protein CmpC
ANT_2_00081	gene	4065	norW			
ANT_2_00081	CDS	4065	norW	1.18.1.-		Nitric oxide reductase FlRd-NAD(+) reductase
ANT_2_00082	gene	2619	nasA			
ANT_2_00082	CDS	2619	nasA	1.7.-.-		Nitrate reductase
ANT_2_00083	gene	840	cysG_1			
ANT_2_00083	CDS	840	cysG_1		COG0007	Siroheme synthase
ANT_2_00084	gene	813	srlR_1			
ANT_2_00084	CDS	813	srlR_1		COG1349	Glucitol operon repressor
ANT_2_00085	gene	798	golD			
ANT_2_00085	CDS	798	golD	1.1.1.6		NAD-dependent glycerol dehydrogenase
ANT_2_00086	gene	936	rbsB_1			
ANT_2_00086	CDS	936	rbsB_1		COG1879	Ribose import binding protein RbsB
ANT_2_00087	gene	612				
ANT_2_00087	CDS	612				hypothetical protein
ANT_2_00088	gene	1533	rbsA_1			
ANT_2_00088	CDS	1533	rbsA_1	7.5.2.7	COG1129	Ribose import ATP-binding protein RbsA
ANT_2_00089	gene	1068	rbsC_1			
ANT_2_00089	CDS	1068	rbsC_1		COG1172	Ribose import permease protein RbsC
ANT_2_00090	gene	798	fabG_1			
ANT_2_00090	CDS	798	fabG_1	1.1.1.100		3-oxoacyl-[acyl-carrier-protein] reductase FabG
ANT_2_00091	gene	1407				
ANT_2_00091	CDS	1407				hypothetical protein
ANT_2_00092	gene	240				
ANT_2_00092	CDS	240				hypothetical protein
ANT_2_00093	gene	483	ohrR			
ANT_2_00093	CDS	483	ohrR			Organic hydroperoxide resistance transcriptional regulator
ANT_2_00094	gene	1557				
ANT_2_00094	CDS	1557			COG2199	putative signaling protein
ANT_2_00095	gene	1074	ompF			
ANT_2_00095	CDS	1074	ompF			Outer membrane porin F
ANT_2_00096	gene	1221	astC			
ANT_2_00096	CDS	1221	astC	2.6.1.81	COG4992	Succinylornithine transaminase
ANT_2_00097	gene	1032	astA			
ANT_2_00097	CDS	1032	astA	2.3.1.109	COG3138	Arginine N-succinyltransferase
ANT_2_00098	gene	1470	astD			
ANT_2_00098	CDS	1470	astD	1.2.1.71	COG1012	N-succinylglutamate 5-semialdehyde dehydrogenase
ANT_2_00099	gene	1329	astB			
ANT_2_00099	CDS	1329	astB	3.5.3.23	COG3724	N-succinylarginine dihydrolase
ANT_2_00100	gene	996	astE			
ANT_2_00100	CDS	996	astE	3.5.1.96	COG2988	Succinylglutamate desuccinylase
ANT_2_00101	gene	495	spy			
ANT_2_00101	CDS	495	spy		COG3678	Periplasmic chaperone Spy
ANT_2_00102	gene	873	cho			
ANT_2_00102	CDS	873	cho	3.1.25.-	COG0322	Excinuclease cho
ANT_2_00103	gene	891	yddG			
ANT_2_00103	CDS	891	yddG			Methyl viologen resistance protein YddG
ANT_2_00104	gene	825	nadE			
ANT_2_00104	CDS	825	nadE	6.3.1.5	COG0171	NH(3)-dependent NAD(+) synthetase
ANT_2_00105	gene	1188	bcr_1			
ANT_2_00105	CDS	1188	bcr_1			Bicyclomycin resistance protein
ANT_2_00106	gene	174				
ANT_2_00106	CDS	174				hypothetical protein
ANT_2_00107	gene	336	osmE			
ANT_2_00107	CDS	336	osmE			Osmotically-inducible putative lipoprotein OsmE
ANT_2_00108	gene	408				
ANT_2_00108	CDS	408				hypothetical protein
ANT_2_00109	gene	1392	tcyP			
ANT_2_00109	CDS	1392	tcyP		COG1823	L-cystine uptake protein TcyP
ANT_2_00110	gene	591	ydjM			
ANT_2_00110	CDS	591	ydjM		COG1988	Inner membrane protein YdjM
ANT_2_00111	gene	762	kduD_1			
ANT_2_00111	CDS	762	kduD_1	1.1.1.127		2-dehydro-3-deoxy-D-gluconate 5-dehydrogenase
ANT_2_00112	gene	837	kduI			
ANT_2_00112	CDS	837	kduI	5.3.1.17	COG3717	4-deoxy-L-threo-5-hexosulose-uronate ketol-isomerase
ANT_2_00113	gene	669	hxpB			
ANT_2_00113	CDS	669	hxpB	3.1.3.68	COG0637	Hexitol phosphatase B
ANT_2_00114	gene	537				
ANT_2_00114	CDS	537				hypothetical protein
ANT_2_00115	gene	894				
ANT_2_00115	CDS	894		2.7.1.-		putative ketoamine kinase
ANT_2_00116	gene	321				
ANT_2_00116	CDS	321				hypothetical protein
ANT_2_00117	gene	762				
ANT_2_00117	CDS	762				hypothetical protein
ANT_2_00118	gene	1929	thrS			
ANT_2_00118	CDS	1929	thrS	6.1.1.3	COG0441	Threonine--tRNA ligase
ANT_2_00119	gene	468	infC			
ANT_2_00119	CDS	468	infC		COG0290	Translation initiation factor IF-3
ANT_2_00120	gene	198	rpmI			
ANT_2_00120	CDS	198	rpmI		COG0291	50S ribosomal protein L35
ANT_2_00121	gene	357	rplT			
ANT_2_00121	CDS	357	rplT		COG0292	50S ribosomal protein L20
ANT_2_00122	gene	984	pheS			
ANT_2_00122	CDS	984	pheS	6.1.1.20	COG0016	Phenylalanine--tRNA ligase alpha subunit
ANT_2_00123	gene	2388	pheT			
ANT_2_00123	CDS	2388	pheT	6.1.1.20	COG0072	Phenylalanine--tRNA ligase beta subunit
ANT_2_00124	gene	303	ihfA			
ANT_2_00124	CDS	303	ihfA		COG0776	Integration host factor subunit alpha
ANT_2_00125	gene	984	btuC			
ANT_2_00125	CDS	984	btuC		COG4139	Vitamin B12 import system permease protein BtuC
ANT_2_00126	gene	546	btuE			
ANT_2_00126	CDS	546	btuE	1.11.1.15	COG0386	Thioredoxin/glutathione peroxidase BtuE
ANT_2_00127	gene	750	btuD_1			
ANT_2_00127	CDS	750	btuD_1	7.6.2.8	COG4138	Vitamin B12 import ATP-binding protein BtuD
ANT_2_00128	gene	459	mepS_1			
ANT_2_00128	CDS	459	mepS_1	3.4.-.-	COG0791	Murein DD-endopeptidase MepS/Murein LD-carboxypeptidase
ANT_2_00129	gene	747	ydiV			
ANT_2_00129	CDS	747	ydiV		COG2200	Anti-FlhC(2)FlhD(4) factor YdiV
ANT_2_00130	gene	1452	selO			
ANT_2_00130	CDS	1452	selO	2.7.7.-	COG0397	Protein adenylyltransferase SelO
ANT_2_00131	gene	1047	aroH			
ANT_2_00131	CDS	1047	aroH	2.5.1.54	COG0722	Phospho-2-dehydro-3-deoxyheptonate aldolase, Trp-sensitive
ANT_2_00132	gene	828	ppsR			
ANT_2_00132	CDS	828	ppsR	2.7.11.33	COG1806	Phosphoenolpyruvate synthase regulatory protein
ANT_2_00133	gene	2385	ppsA			
ANT_2_00133	CDS	2385	ppsA	2.7.9.2	COG0574	Phosphoenolpyruvate synthase
ANT_2_00134	gene	1119	ydiK			
ANT_2_00134	CDS	1119	ydiK		COG0628	Putative transport protein YdiK
ANT_2_00135	gene	3054				
ANT_2_00135	CDS	3054			COG0247	putative protein
ANT_2_00136	gene	441				
ANT_2_00136	CDS	441				hypothetical protein
ANT_2_00137	gene	375	sufA			
ANT_2_00137	CDS	375	sufA		COG0316	Protein SufA
ANT_2_00138	gene	1494	sufB			
ANT_2_00138	CDS	1494	sufB		COG0719	FeS cluster assembly protein SufB
ANT_2_00139	gene	747	sufC			
ANT_2_00139	CDS	747	sufC		COG0396	putative ATP-dependent transporter SufC
ANT_2_00140	gene	1281	sufD			
ANT_2_00140	CDS	1281	sufD		COG0719	FeS cluster assembly protein SufD
ANT_2_00141	gene	1227	sufS			
ANT_2_00141	CDS	1227	sufS	2.8.1.7	COG0520	Cysteine desulfurase
ANT_2_00142	gene	417	sufE			
ANT_2_00142	CDS	417	sufE		COG2166	Cysteine desulfuration protein SufE
ANT_2_00143	gene	1026	ycfS			
ANT_2_00143	CDS	1026	ycfS	2.-.-.-	COG1376	putative L,D-transpeptidase YcfS
ANT_2_00144	gene	237	lpp1			
ANT_2_00144	CDS	237	lpp1			Major outer membrane lipoprotein Lpp 1
ANT_2_00145	gene	1413	pykF			
ANT_2_00145	CDS	1413	pykF	2.7.1.40	COG0469	Pyruvate kinase I
ANT_2_00146	gene	77				
ANT_2_00146	tRNA	77				tRNA-Val(gac)
ANT_2_00147	gene	77				
ANT_2_00147	tRNA	77				tRNA-Val(gac)
ANT_2_00148	gene	77				
ANT_2_00148	tRNA	77				tRNA-Val(gac)
ANT_2_00149	gene	1374	mdtK			
ANT_2_00149	CDS	1374	mdtK		COG0534	Multidrug resistance protein MdtK
ANT_2_00150	gene	660	ribC			
ANT_2_00150	CDS	660	ribC	2.5.1.9	COG0307	Riboflavin synthase
ANT_2_00151	gene	1149	cfa			
ANT_2_00151	CDS	1149	cfa	2.1.1.79	COG2230	Cyclopropane-fatty-acyl-phospholipid synthase
ANT_2_00152	gene	1203	ydhC			
ANT_2_00152	CDS	1203	ydhC			Inner membrane transport protein YdhC
ANT_2_00153	gene	906	yahB			
ANT_2_00153	CDS	906	yahB			putative HTH-type transcriptional regulator YahB
ANT_2_00154	gene	1026	purR			
ANT_2_00154	CDS	1026	purR		COG1609	HTH-type transcriptional repressor PurR
ANT_2_00155	gene	90				
ANT_2_00155	CDS	90				hypothetical protein
ANT_2_00156	gene	897				
ANT_2_00156	CDS	897				hypothetical protein
ANT_2_00157	gene	333	grxD			
ANT_2_00157	CDS	333	grxD		COG0278	Glutaredoxin 4
ANT_2_00158	gene	669	rnt			
ANT_2_00158	CDS	669	rnt	3.1.13.-	COG0847	Ribonuclease T
ANT_2_00159	gene	408	gloA			
ANT_2_00159	CDS	408	gloA	4.4.1.5	COG0346	Lactoylglutathione lyase
ANT_2_00160	gene	1098	nemA_1			
ANT_2_00160	CDS	1098	nemA_1	1.3.1.-	COG1902	N-ethylmaleimide reductase
ANT_2_00161	gene	597	nemR			
ANT_2_00161	CDS	597	nemR			HTH-type transcriptional repressor NemR
ANT_2_00162	gene	240				
ANT_2_00162	CDS	240				hypothetical protein
ANT_2_00163	gene	897	ydhF			
ANT_2_00163	CDS	897	ydhF	1.-.-.-	COG4989	Oxidoreductase YdhF
ANT_2_00164	gene	519	sodC			
ANT_2_00164	CDS	519	sodC	1.15.1.1	COG2032	Superoxide dismutase [Cu-Zn]
ANT_2_00165	gene	468				
ANT_2_00165	CDS	468				hypothetical protein
ANT_2_00166	gene	2001	aaeB_1			
ANT_2_00166	CDS	2001	aaeB_1			p-hydroxybenzoic acid efflux pump subunit AaeB
ANT_2_00167	gene	858	aaeA_1			
ANT_2_00167	CDS	858	aaeA_1		COG1566	p-hydroxybenzoic acid efflux pump subunit AaeA
ANT_2_00168	gene	237				
ANT_2_00168	CDS	237				hypothetical protein
ANT_2_00169	gene	438	slyA			
ANT_2_00169	CDS	438	slyA		COG1846	Transcriptional regulator SlyA
ANT_2_00170	gene	468	slyB			
ANT_2_00170	CDS	468	slyB		COG3133	Outer membrane lipoprotein SlyB
ANT_2_00171	gene	1122	anmK			
ANT_2_00171	CDS	1122	anmK	2.7.1.170	COG2377	Anhydro-N-acetylmuramic acid kinase
ANT_2_00172	gene	234				
ANT_2_00172	CDS	234				hypothetical protein
ANT_2_00173	gene	1212	bluF_1			
ANT_2_00173	CDS	1212	bluF_1			Blue light- and temperature-regulated antirepressor BluF
ANT_2_00174	gene	525	bar_1			
ANT_2_00174	CDS	525	bar_1	2.3.1.183		Phosphinothricin N-acetyltransferase
ANT_2_00175	gene	234				
ANT_2_00175	CDS	234				hypothetical protein
ANT_2_00176	gene	1149				
ANT_2_00176	CDS	1149				hypothetical protein
ANT_2_00177	gene	549				
ANT_2_00177	CDS	549				hypothetical protein
ANT_2_00178	gene	276				
ANT_2_00178	CDS	276				hypothetical protein
ANT_2_00179	gene	765				
ANT_2_00179	CDS	765		1.1.1.119	COG1028	Glucose 1-dehydrogenase
ANT_2_00180	gene	2076	glgX_1			
ANT_2_00180	CDS	2076	glgX_1	3.2.1.-	COG1523	Glycogen operon protein GlgX 
ANT_2_00181	gene	2529	treY			
ANT_2_00181	CDS	2529	treY	5.4.99.15		Maltooligosyl trehalose synthase
ANT_2_00182	gene	1785	treZ			
ANT_2_00182	CDS	1785	treZ	3.2.1.141	COG0296	Malto-oligosyltrehalose trehalohydrolase
ANT_2_00183	gene	294				
ANT_2_00183	CDS	294				hypothetical protein
ANT_2_00184	gene	1257	ybdG			
ANT_2_00184	CDS	1257	ybdG		COG0668	Miniconductance mechanosensitive channel YbdG
ANT_2_00185	gene	1659	tsr_1			
ANT_2_00185	CDS	1659	tsr_1		COG0840	Methyl-accepting chemotaxis protein I
ANT_2_00186	gene	2265	katE			
ANT_2_00186	CDS	2265	katE	1.11.1.6	COG0753	Catalase HPII
ANT_2_00187	gene	651	zinT			
ANT_2_00187	CDS	651	zinT		COG3443	Metal-binding protein ZinT
ANT_2_00188	gene	366				
ANT_2_00188	CDS	366				hypothetical protein
ANT_2_00189	gene	1011	uvsE			
ANT_2_00189	CDS	1011	uvsE	3.-.-.-		UV DNA damage endonuclease
ANT_2_00190	gene	237				
ANT_2_00190	CDS	237				hypothetical protein
ANT_2_00191	gene	267				
ANT_2_00191	CDS	267				hypothetical protein
ANT_2_00192	gene	492				
ANT_2_00192	CDS	492				hypothetical protein
ANT_2_00193	gene	258	ariR_1			
ANT_2_00193	CDS	258	ariR_1			putative two-component-system connector protein AriR
ANT_2_00194	gene	225				
ANT_2_00194	CDS	225				hypothetical protein
ANT_2_00195	gene	252				
ANT_2_00195	CDS	252				hypothetical protein
ANT_2_00196	gene	420	umuD			
ANT_2_00196	CDS	420	umuD	3.4.21.-	COG1974	Protein UmuD
ANT_2_00197	gene	1269	umuC_1			
ANT_2_00197	CDS	1269	umuC_1		COG0389	Protein UmuC
ANT_2_00198	gene	174				
ANT_2_00198	CDS	174				hypothetical protein
ANT_2_00199	gene	615	comR_1			
ANT_2_00199	CDS	615	comR_1			HTH-type transcriptional repressor ComR
ANT_2_00200	gene	240	ycgZ_1			
ANT_2_00200	CDS	240	ycgZ_1			putative two-component-system connector protein YcgZ
ANT_2_00201	gene	273				
ANT_2_00201	CDS	273				hypothetical protein
ANT_2_00202	gene	231				
ANT_2_00202	CDS	231				hypothetical protein
ANT_2_00203	gene	234	ygdR_1			
ANT_2_00203	CDS	234	ygdR_1			putative lipoprotein YgdR
ANT_2_00204	gene	204				
ANT_2_00204	CDS	204				hypothetical protein
ANT_2_00205	gene	315	mliC			
ANT_2_00205	CDS	315	mliC		COG3895	Membrane-bound lysozyme inhibitor of C-type lysozyme
ANT_2_00206	gene	657	pdxH_1			
ANT_2_00206	CDS	657	pdxH_1	1.4.3.5	COG0259	Pyridoxine/pyridoxamine 5'-phosphate oxidase
ANT_2_00207	gene	1275	tyrS			
ANT_2_00207	CDS	1275	tyrS	6.1.1.1	COG0162	Tyrosine--tRNA ligase
ANT_2_00208	gene	861	pdxY			
ANT_2_00208	CDS	861	pdxY	2.7.1.35	COG2240	Pyridoxal kinase PdxY
ANT_2_00209	gene	606	gstA			
ANT_2_00209	CDS	606	gstA	2.5.1.18	COG0625	Glutathione S-transferase GstA
ANT_2_00210	gene	1503	dtpA			
ANT_2_00210	CDS	1503	dtpA		COG3104	Dipeptide and tripeptide permease A
ANT_2_00211	gene	696	pyrG_1			
ANT_2_00211	CDS	696	pyrG_1	6.3.4.2	COG0504	CTP synthase
ANT_2_00212	gene	1344	gudX_1			
ANT_2_00212	CDS	1344	gudX_1	4.2.1.-	COG4948	Glucarate dehydratase-related protein
ANT_2_00213	gene	1344	ttuB_1			
ANT_2_00213	CDS	1344	ttuB_1			Putative tartrate transporter
ANT_2_00214	gene	720				
ANT_2_00214	CDS	720				hypothetical protein
ANT_2_00215	gene	633	nth			
ANT_2_00215	CDS	633	nth	4.2.99.18	COG0177	Endonuclease III
ANT_2_00216	gene	705	rsxE			
ANT_2_00216	CDS	705	rsxE	7.-.-.-	COG4660	Ion-translocating oxidoreductase complex subunit E
ANT_2_00217	gene	633	rsxG			
ANT_2_00217	CDS	633	rsxG	7.-.-.-	COG4659	Ion-translocating oxidoreductase complex subunit G
ANT_2_00218	gene	1059	rsxD			
ANT_2_00218	CDS	1059	rsxD	7.-.-.-	COG4658	Ion-translocating oxidoreductase complex subunit D
ANT_2_00219	gene	2439	rsxC			
ANT_2_00219	CDS	2439	rsxC	7.-.-.-		Ion-translocating oxidoreductase complex subunit C
ANT_2_00220	gene	579	rsxB			
ANT_2_00220	CDS	579	rsxB	7.-.-.-	COG2878	Ion-translocating oxidoreductase complex subunit B
ANT_2_00221	gene	582	rsxA			
ANT_2_00221	CDS	582	rsxA	7.-.-.-	COG4657	Ion-translocating oxidoreductase complex subunit A
ANT_2_00222	gene	444	ydgK			
ANT_2_00222	CDS	444	ydgK			Inner membrane protein YdgK
ANT_2_00223	gene	225	ydgT			
ANT_2_00223	CDS	225	ydgT			Transcription modulator YdgT
ANT_2_00224	gene	957	ytfQ			
ANT_2_00224	CDS	957	ytfQ			ABC transporter periplasmic-binding protein YtfQ
ANT_2_00225	gene	1521	fruK			
ANT_2_00225	CDS	1521	fruK	7.5.2.-	COG1129	Fructose import ATP-binding protein FruK
ANT_2_00226	gene	1017	ytfT			
ANT_2_00226	CDS	1017	ytfT			Inner membrane ABC transporter permease protein YtfT
ANT_2_00227	gene	987	yjfF			
ANT_2_00227	CDS	987	yjfF			Inner membrane ABC transporter permease protein YjfF
ANT_2_00228	gene	468				
ANT_2_00228	CDS	468				hypothetical protein
ANT_2_00229	gene	1500	araA			
ANT_2_00229	CDS	1500	araA	5.3.1.4	COG2160	L-arabinose isomerase
ANT_2_00230	gene	1704	araB_1			
ANT_2_00230	CDS	1704	araB_1	2.7.1.16	COG1069	Ribulokinase
ANT_2_00231	gene	984	araF			
ANT_2_00231	CDS	984	araF		COG1879	L-arabinose-binding periplasmic protein
ANT_2_00232	gene	1521	araG			
ANT_2_00232	CDS	1521	araG	7.5.2.12	COG1129	Arabinose import ATP-binding protein AraG
ANT_2_00233	gene	984	araH			
ANT_2_00233	CDS	984	araH		COG1172	L-arabinose transport system permease protein AraH
ANT_2_00234	gene	918	araC			
ANT_2_00234	CDS	918	araC			Arabinose operon regulatory protein
ANT_2_00235	gene	1047	ydgJ			
ANT_2_00235	CDS	1047	ydgJ	1.-.-.-	COG0673	putative oxidoreductase YdgJ
ANT_2_00236	gene	546				
ANT_2_00236	CDS	546				hypothetical protein
ANT_2_00237	gene	777				
ANT_2_00237	CDS	777				hypothetical protein
ANT_2_00238	gene	111				
ANT_2_00238	CDS	111				hypothetical protein
ANT_2_00239	gene	540				
ANT_2_00239	CDS	540				hypothetical protein
ANT_2_00240	gene	996	add			
ANT_2_00240	CDS	996	add	3.5.4.4	COG1816	Adenosine deaminase
ANT_2_00241	gene	1500	ydgA			
ANT_2_00241	CDS	1500	ydgA		COG5339	Protein YdgA
ANT_2_00242	gene	1176	manA			
ANT_2_00242	CDS	1176	manA	5.3.1.8	COG1482	Mannose-6-phosphate isomerase
ANT_2_00243	gene	1398	fumC			
ANT_2_00243	CDS	1398	fumC	4.2.1.2	COG0114	Fumarate hydratase class II
ANT_2_00244	gene	930	tus			
ANT_2_00244	CDS	930	tus			DNA replication terminus site-binding protein
ANT_2_00245	gene	1245				
ANT_2_00245	CDS	1245				hypothetical protein
ANT_2_00246	gene	495				
ANT_2_00246	CDS	495				hypothetical protein
ANT_2_00247	gene	294				
ANT_2_00247	CDS	294				hypothetical protein
ANT_2_00248	gene	354				
ANT_2_00248	CDS	354				hypothetical protein
ANT_2_00249	gene	3153	oqxB26			
ANT_2_00249	CDS	3153	oqxB26			multidrug efflux RND transporter permease subunit OqxB26
ANT_2_00250	gene	1155	acrA_1			
ANT_2_00250	CDS	1155	acrA_1			Multidrug efflux pump subunit AcrA
ANT_2_00251	gene	342	marA_1			
ANT_2_00251	CDS	342	marA_1			Multiple antibiotic resistance protein MarA
ANT_2_00252	gene	435				
ANT_2_00252	CDS	435		3.1.27.-		Ribonuclease
ANT_2_00253	gene	264				
ANT_2_00253	CDS	264				hypothetical protein
ANT_2_00254	gene	2367				
ANT_2_00254	CDS	2367				hypothetical protein
ANT_2_00255	gene	2964				
ANT_2_00255	CDS	2964				hypothetical protein
ANT_2_00256	gene	1395				
ANT_2_00256	CDS	1395				hypothetical protein
ANT_2_00257	gene	1173	ydcO			
ANT_2_00257	CDS	1173	ydcO		COG3135	Inner membrane protein YdcO
ANT_2_00258	gene	558	sutR_1			
ANT_2_00258	CDS	558	sutR_1		COG1396	HTH-type transcriptional regulator SutR
ANT_2_00259	gene	426				
ANT_2_00259	CDS	426			COG1846	putative HTH-type transcriptional regulator
ANT_2_00260	gene	561	yecD			
ANT_2_00260	CDS	561	yecD	3.-.-.-	COG1335	Isochorismatase family protein YecD
ANT_2_00261	gene	2121	btuB_1			
ANT_2_00261	CDS	2121	btuB_1			Vitamin B12 transporter BtuB
ANT_2_00262	gene	861	ltnD_1			
ANT_2_00262	CDS	861	ltnD_1	1.1.1.411	COG2084	L-threonate dehydrogenase
ANT_2_00263	gene	375	leuA_1			
ANT_2_00263	CDS	375	leuA_1	2.3.3.13		2-isopropylmalate synthase
ANT_2_00264	gene	1017				
ANT_2_00264	CDS	1017				hypothetical protein
ANT_2_00265	gene	918	pqqB			
ANT_2_00265	CDS	918	pqqB		COG1235	Coenzyme PQQ synthesis protein B
ANT_2_00266	gene	756	pqqC			
ANT_2_00266	CDS	756	pqqC	1.3.3.11	COG5424	Pyrroloquinoline-quinone synthase
ANT_2_00267	gene	279	pqqD			
ANT_2_00267	CDS	279	pqqD			PqqA binding protein
ANT_2_00268	gene	1143	pqqE			
ANT_2_00268	CDS	1143	pqqE	1.21.98.4	COG0535	PqqA peptide cyclase
ANT_2_00269	gene	2277				
ANT_2_00269	CDS	2277				hypothetical protein
ANT_2_00270	gene	585	yceI_1			
ANT_2_00270	CDS	585	yceI_1		COG2353	Protein YceI
ANT_2_00271	gene	981	pfkA_1			
ANT_2_00271	CDS	981	pfkA_1	2.7.1.11		ATP-dependent 6-phosphofructokinase
ANT_2_00272	gene	315				
ANT_2_00272	CDS	315				hypothetical protein
ANT_2_00273	gene	1368	ulaA_1			
ANT_2_00273	CDS	1368	ulaA_1		COG3037	Ascorbate-specific PTS system EIIC component
ANT_2_00274	gene	843	fbaA_1			
ANT_2_00274	CDS	843	fbaA_1	4.1.2.13	COG0191	putative fructose-bisphosphate aldolase
ANT_2_00275	gene	270				
ANT_2_00275	CDS	270				hypothetical protein
ANT_2_00276	gene	438	ulaC_1			
ANT_2_00276	CDS	438	ulaC_1		COG1762	Ascorbate-specific PTS system EIIA component
ANT_2_00277	gene	624				
ANT_2_00277	CDS	624				hypothetical protein
ANT_2_00278	gene	441				
ANT_2_00278	CDS	441				hypothetical protein
ANT_2_00279	gene	936	tdh_1			
ANT_2_00279	CDS	936	tdh_1	1.1.1.103		L-threonine 3-dehydrogenase
ANT_2_00280	gene	495				
ANT_2_00280	CDS	495				hypothetical protein
ANT_2_00281	gene	900	oxyR_1			
ANT_2_00281	CDS	900	oxyR_1			putative hydrogen peroxide-inducible genes activator
ANT_2_00282	gene	810	ais			
ANT_2_00282	CDS	810	ais	5.3.3.7		Aconitate isomerase
ANT_2_00283	gene	1305	kgtP_1			
ANT_2_00283	CDS	1305	kgtP_1			Alpha-ketoglutarate permease
ANT_2_00284	gene	312				
ANT_2_00284	CDS	312				hypothetical protein
ANT_2_00285	gene	711				
ANT_2_00285	CDS	711				hypothetical protein
ANT_2_00286	gene	384				
ANT_2_00286	CDS	384				hypothetical protein
ANT_2_00287	gene	315				
ANT_2_00287	CDS	315				hypothetical protein
ANT_2_00288	gene	894	dapA_1			
ANT_2_00288	CDS	894	dapA_1	4.3.3.7	COG0329	4-hydroxy-tetrahydrodipicolinate synthase
ANT_2_00289	gene	495				
ANT_2_00289	CDS	495				hypothetical protein
ANT_2_00290	gene	240				
ANT_2_00290	CDS	240				hypothetical protein
ANT_2_00291	gene	330				
ANT_2_00291	CDS	330				hypothetical protein
ANT_2_00292	gene	639				
ANT_2_00292	CDS	639				hypothetical protein
ANT_2_00293	gene	765	oppF			
ANT_2_00293	CDS	765	oppF		COG4608	Oligopeptide transport ATP-binding protein OppF
ANT_2_00294	gene	867	oppD_1			
ANT_2_00294	CDS	867	oppD_1		COG0444	Oligopeptide transport ATP-binding protein OppD
ANT_2_00295	gene	906	ddpC_1			
ANT_2_00295	CDS	906	ddpC_1		COG1173	putative D,D-dipeptide transport system permease protein DdpC
ANT_2_00296	gene	1032	ddpB			
ANT_2_00296	CDS	1032	ddpB		COG0601	putative D,D-dipeptide transport system permease protein DdpB
ANT_2_00297	gene	1632	ddpA_1			
ANT_2_00297	CDS	1632	ddpA_1		COG0747	putative D,D-dipeptide-binding periplasmic protein DdpA
ANT_2_00298	gene	1155	gci			
ANT_2_00298	CDS	1155	gci	5.5.1.27	COG4948	D-galactarolactone cycloisomerase
ANT_2_00299	gene	1116	btuF_1			
ANT_2_00299	CDS	1116	btuF_1			Vitamin B12-binding protein
ANT_2_00300	gene	408				
ANT_2_00300	CDS	408				hypothetical protein
ANT_2_00301	gene	1302				
ANT_2_00301	CDS	1302				hypothetical protein
ANT_2_00302	gene	495				
ANT_2_00302	CDS	495				hypothetical protein
ANT_2_00303	gene	90				
ANT_2_00303	CDS	90				hypothetical protein
ANT_2_00304	gene	633	vatD			
ANT_2_00304	CDS	633	vatD	2.3.1.-		Streptogramin A acetyltransferase
ANT_2_00305	gene	267				
ANT_2_00305	CDS	267				hypothetical protein
ANT_2_00306	gene	1431				
ANT_2_00306	CDS	1431				hypothetical protein
ANT_2_00307	gene	1323	exuT_1			
ANT_2_00307	CDS	1323	exuT_1			Hexuronate transporter
ANT_2_00308	gene	1011	glyD			
ANT_2_00308	CDS	1011	glyD			Glycosyltransferase GlyD
ANT_2_00309	gene	2358	gcd_1			
ANT_2_00309	CDS	2358	gcd_1	1.1.5.2	COG4993	Quinoprotein glucose dehydrogenase
ANT_2_00310	gene	981	apsI			
ANT_2_00310	CDS	981	apsI	5.3.1.-	COG4952	D-apiose isomerase
ANT_2_00311	gene	1041				
ANT_2_00311	CDS	1041				hypothetical protein
ANT_2_00312	gene	1503	mglA_1			
ANT_2_00312	CDS	1503	mglA_1	7.5.2.11	COG1129	Galactose/methyl galactoside import ATP-binding protein MglA
ANT_2_00313	gene	972	rbsC_2			
ANT_2_00313	CDS	972	rbsC_2		COG1172	Ribose import permease protein RbsC
ANT_2_00314	gene	858	rpiR			
ANT_2_00314	CDS	858	rpiR		COG1737	HTH-type transcriptional regulator RpiR
ANT_2_00315	gene	861	rbsK_1			
ANT_2_00315	CDS	861	rbsK_1	2.7.1.15	COG0524	Ribokinase
ANT_2_00316	gene	1032	curA			
ANT_2_00316	CDS	1032	curA	1.3.1.-	COG2130	NADPH-dependent curcumin reductase
ANT_2_00317	gene	399	yycE			
ANT_2_00317	CDS	399	yycE			putative protein YycE
ANT_2_00318	gene	219				
ANT_2_00318	CDS	219				hypothetical protein
ANT_2_00319	gene	519				
ANT_2_00319	CDS	519				hypothetical protein
ANT_2_00320	gene	750	glpR_1			
ANT_2_00320	CDS	750	glpR_1		COG1349	Glycerol-3-phosphate regulon repressor
ANT_2_00321	gene	585	nudK_1			
ANT_2_00321	CDS	585	nudK_1	3.6.1.-		GDP-mannose pyrophosphatase NudK
ANT_2_00322	gene	1101	namA_1			
ANT_2_00322	CDS	1101	namA_1	1.6.99.1	COG1902	NADPH dehydrogenase
ANT_2_00323	gene	750	tsaC1			
ANT_2_00323	CDS	750	tsaC1	1.2.1.62		4-formylbenzenesulfonate dehydrogenase TsaC1/TsaC2
ANT_2_00324	gene	918	pgrR_1			
ANT_2_00324	CDS	918	pgrR_1			HTH-type transcriptional regulator PgrR
ANT_2_00325	gene	423	hiuH_1			
ANT_2_00325	CDS	423	hiuH_1	3.5.2.17	COG2351	5-hydroxyisourate hydrolase
ANT_2_00326	gene	1020	aes			
ANT_2_00326	CDS	1020	aes	3.1.1.-		Acetyl esterase
ANT_2_00327	gene	129				
ANT_2_00327	CDS	129				hypothetical protein
ANT_2_00328	gene	1326	hipA_1			
ANT_2_00328	CDS	1326	hipA_1	2.7.11.1	COG3550	Serine/threonine-protein kinase toxin HipA
ANT_2_00329	gene	297				
ANT_2_00329	CDS	297				hypothetical protein
ANT_2_00330	gene	336				
ANT_2_00330	CDS	336				hypothetical protein
ANT_2_00331	gene	2046	aaeB_2			
ANT_2_00331	CDS	2046	aaeB_2			p-hydroxybenzoic acid efflux pump subunit AaeB
ANT_2_00332	gene	1383				
ANT_2_00332	CDS	1383				hypothetical protein
ANT_2_00333	gene	207				
ANT_2_00333	CDS	207				hypothetical protein
ANT_2_00334	gene	1311	hipA_2			
ANT_2_00334	CDS	1311	hipA_2	2.7.11.1	COG3550	Serine/threonine-protein kinase toxin HipA
ANT_2_00335	gene	249	hipB			
ANT_2_00335	CDS	249	hipB		COG1396	Antitoxin HipB
ANT_2_00336	gene	438				
ANT_2_00336	CDS	438		2.3.1.-		Acetyltransferase
ANT_2_00337	gene	795	suhB_1			
ANT_2_00337	CDS	795	suhB_1	3.1.3.11	COG0483	Fructose-1,6-bisphosphatase/inositol-1-monophosphatase
ANT_2_00338	gene	1062	potA_1			
ANT_2_00338	CDS	1062	potA_1	7.6.2.11		Spermidine/putrescine import ATP-binding protein PotA
ANT_2_00339	gene	2226				
ANT_2_00339	CDS	2226				hypothetical protein
ANT_2_00340	gene	1023				
ANT_2_00340	CDS	1023			COG1840	putative protein
ANT_2_00341	gene	1035	cytR_1			
ANT_2_00341	CDS	1035	cytR_1		COG1609	HTH-type transcriptional repressor CytR
ANT_2_00342	gene	894	yghA			
ANT_2_00342	CDS	894	yghA	1.-.-.-		putative oxidoreductase YghA
ANT_2_00343	gene	471				
ANT_2_00343	CDS	471				hypothetical protein
ANT_2_00344	gene	453				
ANT_2_00344	CDS	453				hypothetical protein
ANT_2_00345	gene	1155	ampC_1			
ANT_2_00345	CDS	1155	ampC_1	3.5.2.6		Beta-lactamase
ANT_2_00346	gene	246				
ANT_2_00346	CDS	246				hypothetical protein
ANT_2_00347	gene	1158				
ANT_2_00347	CDS	1158				hypothetical protein
ANT_2_00348	gene	1158	hpxO			
ANT_2_00348	CDS	1158	hpxO	1.14.13.113	COG0654	FAD-dependent urate hydroxylase
ANT_2_00349	gene	2046	dcp			
ANT_2_00349	CDS	2046	dcp	3.4.15.5	COG0339	Dipeptidyl carboxypeptidase
ANT_2_00350	gene	777				
ANT_2_00350	CDS	777				hypothetical protein
ANT_2_00351	gene	2367	pucD			
ANT_2_00351	CDS	2367	pucD	1.17.1.4	COG1529	putative xanthine dehydrogenase subunit D
ANT_2_00352	gene	1443				
ANT_2_00352	CDS	1443				hypothetical protein
ANT_2_00353	gene	1329	guaD			
ANT_2_00353	CDS	1329	guaD	3.5.4.3	COG0402	Guanine deaminase
ANT_2_00354	gene	747	ydfG			
ANT_2_00354	CDS	747	ydfG	1.1.1.381	COG4221	NADP-dependent 3-hydroxy acid dehydrogenase YdfG
ANT_2_00355	gene	330				
ANT_2_00355	CDS	330				hypothetical protein
ANT_2_00356	gene	324				
ANT_2_00356	CDS	324				hypothetical protein
ANT_2_00357	gene	297				
ANT_2_00357	CDS	297				hypothetical protein
ANT_2_00358	gene	1467	bmr3			
ANT_2_00358	CDS	1467	bmr3			Multidrug resistance protein 3
ANT_2_00359	gene	717	osmY_1			
ANT_2_00359	CDS	717	osmY_1		COG1174	Osmoprotectant import permease protein OsmY
ANT_2_00360	gene	912	osmX			
ANT_2_00360	CDS	912	osmX		COG1732	Osmoprotectant-binding protein OsmX
ANT_2_00361	gene	648	osmW			
ANT_2_00361	CDS	648	osmW		COG1174	Osmoprotectant import permease protein OsmW
ANT_2_00362	gene	1137	osmV			
ANT_2_00362	CDS	1137	osmV	3.6.3.-	COG1125	Osmoprotectant import ATP-binding protein OsmV
ANT_2_00363	gene	1377	xanP_1			
ANT_2_00363	CDS	1377	xanP_1		COG2233	Xanthine permease XanP
ANT_2_00364	gene	699	bioD1			
ANT_2_00364	CDS	699	bioD1	6.3.3.3	COG0132	ATP-dependent dethiobiotin synthetase BioD 1
ANT_2_00365	gene	1218	mlc			
ANT_2_00365	CDS	1218	mlc		COG1940	Protein mlc
ANT_2_00366	gene	894	hcaR_1			
ANT_2_00366	CDS	894	hcaR_1			Hca operon transcriptional activator HcaR
ANT_2_00367	gene	1251	ynfM			
ANT_2_00367	CDS	1251	ynfM			Inner membrane transport protein YnfM
ANT_2_00368	gene	171				
ANT_2_00368	CDS	171				hypothetical protein
ANT_2_00369	gene	1185	sotB			
ANT_2_00369	CDS	1185	sotB		COG2814	Sugar efflux transporter
ANT_2_00370	gene	258	bhsA_1			
ANT_2_00370	CDS	258	bhsA_1			Multiple stress resistance protein BhsA
ANT_2_00371	gene	261	bhsA_2			
ANT_2_00371	CDS	261	bhsA_2			Multiple stress resistance protein BhsA
ANT_2_00372	gene	651	comR_2			
ANT_2_00372	CDS	651	comR_2			HTH-type transcriptional repressor ComR
ANT_2_00373	gene	315	rhaM			
ANT_2_00373	CDS	315	rhaM	5.1.3.32	COG3254	L-rhamnose mutarotase
ANT_2_00374	gene	843	rhaD			
ANT_2_00374	CDS	843	rhaD	4.1.2.19	COG0235	Rhamnulose-1-phosphate aldolase
ANT_2_00375	gene	1257	rhaA			
ANT_2_00375	CDS	1257	rhaA	5.3.1.14	COG4806	L-rhamnose isomerase
ANT_2_00376	gene	1473	rhaB			
ANT_2_00376	CDS	1473	rhaB	2.7.1.5	COG1070	L-Rhamnulokinase
ANT_2_00377	gene	822	rhaS_1			
ANT_2_00377	CDS	822	rhaS_1			HTH-type transcriptional activator RhaS
ANT_2_00378	gene	867	rhaR_1			
ANT_2_00378	CDS	867	rhaR_1			HTH-type transcriptional activator RhaR
ANT_2_00379	gene	1035	rhaT			
ANT_2_00379	CDS	1035	rhaT		COG0697	L-rhamnose-proton symporter
ANT_2_00380	gene	324				
ANT_2_00380	CDS	324				hypothetical protein
ANT_2_00381	gene	99				
ANT_2_00381	CDS	99				hypothetical protein
ANT_2_00382	gene	267	ybiI			
ANT_2_00382	CDS	267	ybiI		COG1734	putative protein YbiI
ANT_2_00383	gene	1437	aldA			
ANT_2_00383	CDS	1437	aldA	1.2.1.22	COG1012	Lactaldehyde dehydrogenase
ANT_2_00384	gene	1269	proP_1			
ANT_2_00384	CDS	1269	proP_1			Proline/betaine transporter
ANT_2_00385	gene	1422	dapE_1			
ANT_2_00385	CDS	1422	dapE_1	3.5.1.18		Succinyl-diaminopimelate desuccinylase
ANT_2_00386	gene	915				
ANT_2_00386	CDS	915				hypothetical protein
ANT_2_00387	gene	1596	dppA_2			
ANT_2_00387	CDS	1596	dppA_2		COG0747	Periplasmic dipeptide transport protein
ANT_2_00388	gene	1227	pepT			
ANT_2_00388	CDS	1227	pepT	3.4.11.4	COG2195	Peptidase T
ANT_2_00389	gene	480	hcpA_1			
ANT_2_00389	CDS	480	hcpA_1		COG3157	Major exported protein
ANT_2_00390	gene	777	argT_1			
ANT_2_00390	CDS	777	argT_1		COG0834	Lysine/arginine/ornithine-binding periplasmic protein
ANT_2_00391	gene	1167	ybdL_1			
ANT_2_00391	CDS	1167	ybdL_1	2.6.1.88	COG0436	Methionine aminotransferase
ANT_2_00392	gene	882	gcvA_1			
ANT_2_00392	CDS	882	gcvA_1			Glycine cleavage system transcriptional activator
ANT_2_00393	gene	1665	tar_1			
ANT_2_00393	CDS	1665	tar_1		COG0840	Methyl-accepting chemotaxis protein II
ANT_2_00394	gene	1521	pnbA			
ANT_2_00394	CDS	1521	pnbA	3.1.1.-	COG2272	Para-nitrobenzyl esterase
ANT_2_00395	gene	1344				
ANT_2_00395	CDS	1344			COG5383	putative protein
ANT_2_00396	gene	1335	pcaK			
ANT_2_00396	CDS	1335	pcaK		COG0477	4-hydroxybenzoate transporter PcaK
ANT_2_00397	gene	921	gbpR			
ANT_2_00397	CDS	921	gbpR			HTH-type transcriptional regulator GbpR
ANT_2_00398	gene	567	smrA			
ANT_2_00398	CDS	567	smrA	3.1.-.-	COG2840	putative DNA endonuclease SmrA
ANT_2_00399	gene	753	fnr			
ANT_2_00399	CDS	753	fnr		COG0664	Fumarate and nitrate reduction regulatory protein
ANT_2_00400	gene	957	uspE			
ANT_2_00400	CDS	957	uspE		COG0589	Universal stress protein E
ANT_2_00401	gene	1389	pntB			
ANT_2_00401	CDS	1389	pntB	7.1.1.1	COG1282	NAD(P) transhydrogenase subunit beta
ANT_2_00402	gene	1533	pntA			
ANT_2_00402	CDS	1533	pntA	7.1.1.1	COG3288	NAD(P) transhydrogenase subunit alpha
ANT_2_00403	gene	954	ydgH			
ANT_2_00403	CDS	954	ydgH			Protein YdgH
ANT_2_00404	gene	1392	ydgI			
ANT_2_00404	CDS	1392	ydgI		COG0531	Putative arginine/ornithine antiporter
ANT_2_00405	gene	438				
ANT_2_00405	CDS	438				hypothetical protein
ANT_2_00406	gene	726	rstA			
ANT_2_00406	CDS	726	rstA		COG0745	Transcriptional regulatory protein RstA
ANT_2_00407	gene	1302	rstB			
ANT_2_00407	CDS	1302	rstB	2.7.13.3		Sensor protein RstB
ANT_2_00408	gene	1488				
ANT_2_00408	CDS	1488		3.4.17.19	COG2317	Thermostable carboxypeptidase 1
ANT_2_00409	gene	483	asr			
ANT_2_00409	CDS	483	asr			Acid shock protein
ANT_2_00410	gene	99				
ANT_2_00410	CDS	99				hypothetical protein
ANT_2_00411	gene	810	blaSE			
ANT_2_00411	CDS	810	blaSE	3.4.21.19	COG3591	Glutamyl endopeptidase
ANT_2_00412	gene	3903				
ANT_2_00412	CDS	3903				hypothetical protein
ANT_2_00413	gene	600	azoR			
ANT_2_00413	CDS	600	azoR	1.7.1.17	COG1182	FMN-dependent NADH-azoreductase
ANT_2_00414	gene	339				
ANT_2_00414	CDS	339				hypothetical protein
ANT_2_00415	gene	189				
ANT_2_00415	CDS	189				hypothetical protein
ANT_2_00416	gene	2631				
ANT_2_00416	CDS	2631				hypothetical protein
ANT_2_00417	gene	993	ldhA			
ANT_2_00417	CDS	993	ldhA	1.1.1.28	COG1052	D-lactate dehydrogenase
ANT_2_00418	gene	276				
ANT_2_00418	CDS	276				hypothetical protein
ANT_2_00419	gene	657				
ANT_2_00419	CDS	657				hypothetical protein
ANT_2_00420	gene	258				
ANT_2_00420	CDS	258				hypothetical protein
ANT_2_00421	gene	936	ttcA			
ANT_2_00421	CDS	936	ttcA	2.8.1.-	COG0037	tRNA-cytidine(32) 2-sulfurtransferase
ANT_2_00422	gene	147				
ANT_2_00422	CDS	147				hypothetical protein
ANT_2_00423	gene	984	zntB			
ANT_2_00423	CDS	984	zntB		COG0598	Zinc transport protein ZntB
ANT_2_00424	gene	1620	mppA			
ANT_2_00424	CDS	1620	mppA		COG4166	Periplasmic murein peptide-binding protein
ANT_2_00425	gene	708	mpaA			
ANT_2_00425	CDS	708	mpaA	3.4.17.-	COG2866	Murein peptide amidase A
ANT_2_00426	gene	984	ycjG_2			
ANT_2_00426	CDS	984	ycjG_2	5.1.1.20	COG4948	L-Ala-D/L-Glu epimerase
ANT_2_00427	gene	504	tpx			
ANT_2_00427	CDS	504	tpx	1.11.1.15	COG2077	Thiol peroxidase
ANT_2_00428	gene	1566	tyrR			
ANT_2_00428	CDS	1566	tyrR			Transcriptional regulatory protein TyrR
ANT_2_00429	gene	357	yfdG_1			
ANT_2_00429	CDS	357	yfdG_1		COG2246	Prophage bactoprenol-linked glucose translocase 
ANT_2_00430	gene	951	yfdH_1			
ANT_2_00430	CDS	951	yfdH_1	2.4.1.-	COG0463	Prophage bactoprenol glucosyl transferase 
ANT_2_00431	gene	1419				
ANT_2_00431	CDS	1419				hypothetical protein
ANT_2_00432	gene	1062				
ANT_2_00432	CDS	1062				hypothetical protein
ANT_2_00433	gene	1398	ycjX			
ANT_2_00433	CDS	1398	ycjX		COG3106	putative protein YcjX
ANT_2_00434	gene	249				
ANT_2_00434	CDS	249				hypothetical protein
ANT_2_00435	gene	351	pspC			
ANT_2_00435	CDS	351	pspC		COG1983	Phage shock protein C
ANT_2_00436	gene	228	pspB			
ANT_2_00436	CDS	228	pspB			Phage shock protein B
ANT_2_00437	gene	666	pspA			
ANT_2_00437	CDS	666	pspA		COG1842	Phage shock protein A
ANT_2_00438	gene	1002	pspF			
ANT_2_00438	CDS	1002	pspF		COG1221	Psp operon transcriptional activator
ANT_2_00439	gene	1236	entS_1			
ANT_2_00439	CDS	1236	entS_1			Enterobactin exporter EntS
ANT_2_00440	gene	1677	sapA			
ANT_2_00440	CDS	1677	sapA		COG4166	Peptide transport periplasmic protein SapA
ANT_2_00441	gene	966	sapB			
ANT_2_00441	CDS	966	sapB		COG4168	Putrescine export system permease protein SapB
ANT_2_00442	gene	891	sapC			
ANT_2_00442	CDS	891	sapC		COG4171	Peptide transport system permease protein SapC
ANT_2_00443	gene	996	sapD			
ANT_2_00443	CDS	996	sapD		COG4170	Peptide transport system ATP-binding protein SapD
ANT_2_00444	gene	804	sapF			
ANT_2_00444	CDS	804	sapF		COG4167	Putrescine export system ATP-binding protein SapF
ANT_2_00445	gene	789	fabI			
ANT_2_00445	CDS	789	fabI	1.3.1.9	COG0623	Enoyl-[acyl-carrier-protein] reductase [NADH] FabI
ANT_2_00446	gene	1113				
ANT_2_00446	CDS	1113				hypothetical protein
ANT_2_00447	gene	798				
ANT_2_00447	CDS	798				hypothetical protein
ANT_2_00448	gene	729				
ANT_2_00448	CDS	729				hypothetical protein
ANT_2_00449	gene	1545	trg_1			
ANT_2_00449	CDS	1545	trg_1		COG0840	Methyl-accepting chemotaxis protein III
ANT_2_00450	gene	1587	malX			
ANT_2_00450	CDS	1587	malX		COG1263	PTS system maltose-specific EIICB component
ANT_2_00451	gene	2304	ydeP_1			
ANT_2_00451	CDS	2304	ydeP_1		COG0243	Protein YdeP
ANT_2_00452	gene	1935	rnb			
ANT_2_00452	CDS	1935	rnb	3.1.13.1	COG4776	Exoribonuclease 2
ANT_2_00453	gene	2070	cstA			
ANT_2_00453	CDS	2070	cstA		COG1966	Peptide transporter CstA
ANT_2_00454	gene	291				
ANT_2_00454	CDS	291				hypothetical protein
ANT_2_00455	gene	1986	pdeR			
ANT_2_00455	CDS	1986	pdeR	3.1.4.52	COG2199	Cyclic di-GMP phosphodiesterase PdeR
ANT_2_00456	gene	867	fadB_1			
ANT_2_00456	CDS	867	fadB_1	5.3.3.8		Fatty acid oxidation complex subunit alpha
ANT_2_00457	gene	984	kdgT			
ANT_2_00457	CDS	984	kdgT			2-keto-3-deoxygluconate permease
ANT_2_00458	gene	699	araD			
ANT_2_00458	CDS	699	araD	5.1.3.4	COG0235	L-ribulose-5-phosphate 4-epimerase AraD
ANT_2_00459	gene	165				
ANT_2_00459	CDS	165				hypothetical protein
ANT_2_00460	gene	216	osmB			
ANT_2_00460	CDS	216	osmB			Osmotically-inducible lipoprotein B
ANT_2_00461	gene	324	yciH			
ANT_2_00461	CDS	324	yciH		COG0023	putative protein YciH
ANT_2_00462	gene	720	pyrF			
ANT_2_00462	CDS	720	pyrF	4.1.1.23	COG0284	Orotidine 5'-phosphate decarboxylase
ANT_2_00463	gene	1170	lapB			
ANT_2_00463	CDS	1170	lapB		COG2956	Lipopolysaccharide assembly protein B
ANT_2_00464	gene	309	lapA			
ANT_2_00464	CDS	309	lapA		COG3771	Lipopolysaccharide assembly protein A
ANT_2_00465	gene	759	pgpB			
ANT_2_00465	CDS	759	pgpB	3.1.3.27	COG0671	Phosphatidylglycerophosphatase B
ANT_2_00466	gene	594	ribA			
ANT_2_00466	CDS	594	ribA	3.5.4.25	COG0807	GTP cyclohydrolase-2
ANT_2_00467	gene	2682	acnA			
ANT_2_00467	CDS	2682	acnA	4.2.1.3	COG1048	Aconitate hydratase A
ANT_2_00468	gene	975	cysB_2			
ANT_2_00468	CDS	975	cysB_2			HTH-type transcriptional regulator CysB
ANT_2_00469	gene	2625	topA_2			
ANT_2_00469	CDS	2625	topA_2	5.6.2.1	COG0550	DNA topoisomerase 1
ANT_2_00470	gene	249	yciN			
ANT_2_00470	CDS	249	yciN			Protein YciN
ANT_2_00471	gene	1047	sohB			
ANT_2_00471	CDS	1047	sohB	3.4.21.-	COG0616	putative protease SohB
ANT_2_00472	gene	789	yciK			
ANT_2_00472	CDS	789	yciK	1.-.-.-	COG1028	putative oxidoreductase YciK
ANT_2_00473	gene	591	btuR			
ANT_2_00473	CDS	591	btuR	2.5.1.17	COG2109	Corrinoid adenosyltransferase
ANT_2_00474	gene	891	rluB			
ANT_2_00474	CDS	891	rluB	5.4.99.22	COG1187	Ribosomal large subunit pseudouridine synthase B
ANT_2_00475	gene	648				
ANT_2_00475	CDS	648				hypothetical protein
ANT_2_00476	gene	621	yciO			
ANT_2_00476	CDS	621	yciO		COG0009	putative protein YciO
ANT_2_00477	gene	885	yciV			
ANT_2_00477	CDS	885	yciV	3.1.13.-	COG0613	5'-3' exoribonuclease
ANT_2_00478	gene	1566	trpE			
ANT_2_00478	CDS	1566	trpE	4.1.3.27	COG0147	Anthranilate synthase component 1
ANT_2_00479	gene	582	trpGD_1			
ANT_2_00479	CDS	582	trpGD_1		COG0512	Bifunctional protein TrpGD
ANT_2_00480	gene	999	trpGD_2			
ANT_2_00480	CDS	999	trpGD_2		COG0512	Bifunctional protein TrpGD
ANT_2_00481	gene	1362	trpC			
ANT_2_00481	CDS	1362	trpC		COG0134	Tryptophan biosynthesis protein TrpCF
ANT_2_00482	gene	1191	trpB			
ANT_2_00482	CDS	1191	trpB	4.2.1.20	COG0133	Tryptophan synthase beta chain
ANT_2_00483	gene	804	trpA			
ANT_2_00483	CDS	804	trpA	4.2.1.20		Tryptophan synthase alpha chain
ANT_2_00484	gene	315				
ANT_2_00484	CDS	315				hypothetical protein
ANT_2_00485	gene	633	ompW			
ANT_2_00485	CDS	633	ompW		COG3047	Outer membrane protein W
ANT_2_00486	gene	417				
ANT_2_00486	CDS	417				hypothetical protein
ANT_2_00487	gene	735				
ANT_2_00487	CDS	735				hypothetical protein
ANT_2_00488	gene	540	yciB			
ANT_2_00488	CDS	540	yciB		COG2917	putative intracellular septation protein A
ANT_2_00489	gene	423				
ANT_2_00489	CDS	423		3.1.2.-	COG1607	putative acyl-CoA thioester hydrolase
ANT_2_00490	gene	744	tonB			
ANT_2_00490	CDS	744	tonB		COG0810	Protein TonB
ANT_2_00491	gene	297	yciI			
ANT_2_00491	CDS	297	yciI		COG2350	Protein YciI
ANT_2_00492	gene	186				
ANT_2_00492	CDS	186				hypothetical protein
ANT_2_00493	gene	243	ycgZ_2			
ANT_2_00493	CDS	243	ycgZ_2			putative two-component-system connector protein YcgZ
ANT_2_00494	gene	318				
ANT_2_00494	CDS	318				hypothetical protein
ANT_2_00495	gene	174				
ANT_2_00495	CDS	174				hypothetical protein
ANT_2_00496	gene	1461	clsA			
ANT_2_00496	CDS	1461	clsA	2.7.8.-	COG1502	Cardiolipin synthase A
ANT_2_00497	gene	324				
ANT_2_00497	CDS	324				hypothetical protein
ANT_2_00498	gene	1002	btuD_2			
ANT_2_00498	CDS	1002	btuD_2	7.6.2.8		Vitamin B12 import ATP-binding protein BtuD
ANT_2_00499	gene	1017	oppD_2			
ANT_2_00499	CDS	1017	oppD_2		COG0444	Oligopeptide transport ATP-binding protein OppD
ANT_2_00500	gene	909	oppC			
ANT_2_00500	CDS	909	oppC		COG1173	Oligopeptide transport system permease protein OppC
ANT_2_00501	gene	921	oppB			
ANT_2_00501	CDS	921	oppB		COG0601	Oligopeptide transport system permease protein OppB
ANT_2_00502	gene	1641	oppA_1			
ANT_2_00502	CDS	1641	oppA_1		COG4166	Periplasmic oligopeptide-binding protein
ANT_2_00503	gene	1635	oppA_2			
ANT_2_00503	CDS	1635	oppA_2		COG4166	Periplasmic oligopeptide-binding protein
ANT_2_00504	gene	648				
ANT_2_00504	CDS	648				hypothetical protein
ANT_2_00505	gene	2688	adhE			
ANT_2_00505	CDS	2688	adhE		COG1012	Aldehyde-alcohol dehydrogenase
ANT_2_00506	gene	531	tdk			
ANT_2_00506	CDS	531	tdk	2.7.1.21		Thymidine kinase
ANT_2_00507	gene	417	hns_1			
ANT_2_00507	CDS	417	hns_1			DNA-binding protein H-NS
ANT_2_00508	gene	1008	wbgU			
ANT_2_00508	CDS	1008	wbgU	5.1.3.7		UDP-N-acetylglucosamine 4-epimerase
ANT_2_00509	gene	1341	rkpK			
ANT_2_00509	CDS	1341	rkpK	1.1.1.22	COG1004	UDP-glucose 6-dehydrogenase
ANT_2_00510	gene	909	galU			
ANT_2_00510	CDS	909	galU	2.7.7.9	COG1210	UTP--glucose-1-phosphate uridylyltransferase
ANT_2_00511	gene	1017	rssB			
ANT_2_00511	CDS	1017	rssB		COG0784	Regulator of RpoS
ANT_2_00512	gene	906				
ANT_2_00512	CDS	906			COG1752	putative NTE family protein
ANT_2_00513	gene	456				
ANT_2_00513	CDS	456				hypothetical protein
ANT_2_00514	gene	849	purU			
ANT_2_00514	CDS	849	purU	3.5.1.10	COG0788	Formyltetrahydrofolate deformylase
ANT_2_00515	gene	85				
ANT_2_00515	tRNA	85				tRNA-Tyr(gta)
ANT_2_00516	gene	85				
ANT_2_00516	tRNA	85				tRNA-Tyr(gta)
ANT_2_00517	gene	1611	dppA_3			
ANT_2_00517	CDS	1611	dppA_3		COG0747	Periplasmic dipeptide transport protein
ANT_2_00518	gene	1020	dppB_1			
ANT_2_00518	CDS	1020	dppB_1		COG0601	Dipeptide transport system permease protein DppB
ANT_2_00519	gene	903	dppC			
ANT_2_00519	CDS	903	dppC		COG1173	Dipeptide transport system permease protein DppC
ANT_2_00520	gene	987	dppD_1			
ANT_2_00520	CDS	987	dppD_1		COG0444	Dipeptide transport ATP-binding protein DppD
ANT_2_00521	gene	1023	btuD_3			
ANT_2_00521	CDS	1023	btuD_3	7.6.2.8		Vitamin B12 import ATP-binding protein BtuD
ANT_2_00522	gene	165				
ANT_2_00522	CDS	165				hypothetical protein
ANT_2_00523	gene	582				
ANT_2_00523	CDS	582				hypothetical protein
ANT_2_00524	gene	804	bcsQ			
ANT_2_00524	CDS	804	bcsQ			Cellulose biosynthesis protein BcsQ
ANT_2_00525	gene	2112	acsAB			
ANT_2_00525	CDS	2112	acsAB			Cellulose synthase 1
ANT_2_00526	gene	2919				
ANT_2_00526	CDS	2919				hypothetical protein
ANT_2_00527	gene	3816	acsC			
ANT_2_00527	CDS	3816	acsC			Cellulose synthase operon protein C
ANT_2_00528	gene	444				
ANT_2_00528	CDS	444				hypothetical protein
ANT_2_00529	gene	1008	celY			
ANT_2_00529	CDS	1008	celY	3.2.1.4	COG3405	Minor endoglucanase Y
ANT_2_00530	gene	2007	pdeK			
ANT_2_00530	CDS	2007	pdeK	3.1.4.52		putative cyclic di-GMP phosphodiesterase PdeK
ANT_2_00531	gene	1290	dctA			
ANT_2_00531	CDS	1290	dctA		COG1301	Aerobic C4-dicarboxylate transport protein
ANT_2_00532	gene	1491	yhjJ			
ANT_2_00532	CDS	1491	yhjJ		COG0612	Protein YhjJ
ANT_2_00533	gene	873				
ANT_2_00533	CDS	873				hypothetical protein
ANT_2_00534	gene	1758	msbA			
ANT_2_00534	CDS	1758	msbA	7.5.2.6	COG1132	Lipid A export ATP-binding/permease protein MsbA
ANT_2_00535	gene	933	kdgK			
ANT_2_00535	CDS	933	kdgK	2.7.1.45	COG0524	2-dehydro-3-deoxygluconokinase
ANT_2_00536	gene	774	pdeH			
ANT_2_00536	CDS	774	pdeH	3.1.4.52		Cyclic di-GMP phosphodiesterase PdeH
ANT_2_00537	gene	2061				
ANT_2_00537	CDS	2061				hypothetical protein
ANT_2_00538	gene	282	ppiC			
ANT_2_00538	CDS	282	ppiC	5.2.1.8	COG0760	Peptidyl-prolyl cis-trans isomerase C
ANT_2_00539	gene	2022	rep			
ANT_2_00539	CDS	2022	rep	3.6.4.12	COG0210	ATP-dependent DNA helicase Rep
ANT_2_00540	gene	1485	gppA			
ANT_2_00540	CDS	1485	gppA	3.6.1.40	COG0248	Guanosine-5'-triphosphate,3'-diphosphate pyrophosphatase
ANT_2_00541	gene	1293	rhlB			
ANT_2_00541	CDS	1293	rhlB	3.6.4.13	COG0513	ATP-dependent RNA helicase RhlB
ANT_2_00542	gene	333	trxA			
ANT_2_00542	CDS	333	trxA		COG0526	Thioredoxin 1
ANT_2_00543	gene	1260	rho			
ANT_2_00543	CDS	1260	rho	3.6.4.-	COG1158	Transcription termination factor Rho
ANT_2_00544	gene	1080	wecA			
ANT_2_00544	CDS	1080	wecA	2.7.8.33	COG0472	Undecaprenyl-phosphate alpha-N-acetylglucosaminyl 1-phosphate transferase
ANT_2_00545	gene	1050	wzzE			
ANT_2_00545	CDS	1050	wzzE		COG3765	ECA polysaccharide chain length modulation protein
ANT_2_00546	gene	1131	wecB			
ANT_2_00546	CDS	1131	wecB	5.1.3.14	COG0381	UDP-N-acetylglucosamine 2-epimerase
ANT_2_00547	gene	1260	wecC			
ANT_2_00547	CDS	1260	wecC	1.1.1.336	COG0677	UDP-N-acetyl-D-mannosamine dehydrogenase
ANT_2_00548	gene	708	wecD			
ANT_2_00548	CDS	708	wecD	2.3.1.210	COG0454	dTDP-fucosamine acetyltransferase
ANT_2_00549	gene	1131	wecE			
ANT_2_00549	CDS	1131	wecE	2.6.1.59	COG0399	dTDP-4-amino-4,6-dideoxygalactose transaminase
ANT_2_00550	gene	1251	wzxE			
ANT_2_00550	CDS	1251	wzxE		COG2244	Lipid III flippase
ANT_2_00551	gene	1068	wecF			
ANT_2_00551	CDS	1068	wecF	2.4.1.325		TDP-N-acetylfucosamine:lipid II N-acetylfucosaminyltransferase
ANT_2_00552	gene	1344	wzyE			
ANT_2_00552	CDS	1344	wzyE			putative ECA polymerase
ANT_2_00553	gene	741	wecG			
ANT_2_00553	CDS	741	wecG	2.4.1.180	COG1922	UDP-N-acetyl-D-mannosaminuronic acid transferase
ANT_2_00554	gene	77				
ANT_2_00554	tRNA	77				tRNA-Arg(ccg)
ANT_2_00555	gene	76				
ANT_2_00555	tRNA	76				tRNA-His(gtg)
ANT_2_00556	gene	87				
ANT_2_00556	tRNA	87				tRNA-Leu(cag)
ANT_2_00557	gene	77				
ANT_2_00557	tRNA	77				tRNA-Pro(tgg)
ANT_2_00558	gene	1197	hemY			
ANT_2_00558	CDS	1197	hemY		COG3071	Protein HemY
ANT_2_00559	gene	1134	hemX			
ANT_2_00559	CDS	1134	hemX		COG2959	Protein HemX
ANT_2_00560	gene	729	hemD			
ANT_2_00560	CDS	729	hemD	4.2.1.75	COG1587	Uroporphyrinogen-III synthase
ANT_2_00561	gene	954	hemC			
ANT_2_00561	CDS	954	hemC	2.5.1.61	COG0181	Porphobilinogen deaminase
ANT_2_00562	gene	2559	cyaA			
ANT_2_00562	CDS	2559	cyaA	4.6.1.1	COG3072	Adenylate cyclase
ANT_2_00563	gene	201				
ANT_2_00563	CDS	201				hypothetical protein
ANT_2_00564	gene	825	dapF			
ANT_2_00564	CDS	825	dapF	5.1.1.7	COG0253	Diaminopimelate epimerase
ANT_2_00565	gene	705				
ANT_2_00565	CDS	705				hypothetical protein
ANT_2_00566	gene	906	xerC_1			
ANT_2_00566	CDS	906	xerC_1		COG4973	Tyrosine recombinase XerC
ANT_2_00567	gene	717	yigB			
ANT_2_00567	CDS	717	yigB	3.1.3.104	COG1011	5-amino-6-(5-phospho-D-ribitylamino)uracil phosphatase YigB
ANT_2_00568	gene	2163	uvrD			
ANT_2_00568	CDS	2163	uvrD	3.6.4.12	COG0210	DNA helicase II
ANT_2_00569	gene	954	corA_1			
ANT_2_00569	CDS	954	corA_1		COG0598	Magnesium transport protein CorA
ANT_2_00570	gene	1053				
ANT_2_00570	CDS	1053				hypothetical protein
ANT_2_00571	gene	900	rarD			
ANT_2_00571	CDS	900	rarD		COG2962	Protein RarD
ANT_2_00572	gene	471				
ANT_2_00572	CDS	471				hypothetical protein
ANT_2_00573	gene	879	pldA			
ANT_2_00573	CDS	879	pldA	3.1.1.32	COG2829	Phospholipase A1
ANT_2_00574	gene	1830	recQ			
ANT_2_00574	CDS	1830	recQ	3.6.4.12	COG0514	ATP-dependent DNA helicase RecQ
ANT_2_00575	gene	624	rhtC_1			
ANT_2_00575	CDS	624	rhtC_1		COG1280	Threonine efflux protein
ANT_2_00576	gene	810				
ANT_2_00576	CDS	810				hypothetical protein
ANT_2_00577	gene	624	rhtB_1			
ANT_2_00577	CDS	624	rhtB_1		COG1280	Homoserine/homoserine lactone efflux protein
ANT_2_00578	gene	993	pldB			
ANT_2_00578	CDS	993	pldB	3.1.1.5	COG2267	Lysophospholipase L2
ANT_2_00579	gene	801	yigL			
ANT_2_00579	CDS	801	yigL	3.1.3.74	COG0561	Pyridoxal phosphate phosphatase YigL
ANT_2_00580	gene	1341	glpT			
ANT_2_00580	CDS	1341	glpT		COG2271	Glycerol-3-phosphate transporter
ANT_2_00581	gene	861	bioP			
ANT_2_00581	CDS	861	bioP		COG0697	Biotin transporter
ANT_2_00582	gene	480				
ANT_2_00582	CDS	480				hypothetical protein
ANT_2_00583	gene	927	metR_1			
ANT_2_00583	CDS	927	metR_1			HTH-type transcriptional regulator MetR
ANT_2_00584	gene	2271	metE_1			
ANT_2_00584	CDS	2271	metE_1	2.1.1.14	COG0620	5-methyltetrahydropteroyltriglutamate--homocysteine methyltransferase
ANT_2_00585	gene	834				
ANT_2_00585	CDS	834				hypothetical protein
ANT_2_00586	gene	762	udp			
ANT_2_00586	CDS	762	udp	2.4.2.3	COG2820	Uridine phosphorylase
ANT_2_00587	gene	1269				
ANT_2_00587	CDS	1269				hypothetical protein
ANT_2_00588	gene	1500				
ANT_2_00588	CDS	1500				hypothetical protein
ANT_2_00589	gene	759	ubiE			
ANT_2_00589	CDS	759	ubiE	2.1.1.163	COG2226	Ubiquinone/menaquinone biosynthesis C-methyltransferase UbiE
ANT_2_00590	gene	606	ubiJ_1			
ANT_2_00590	CDS	606	ubiJ_1		COG3165	Ubiquinone biosynthesis accessory factor UbiJ
ANT_2_00591	gene	1638	ubiB			
ANT_2_00591	CDS	1638	ubiB	2.7.-.-	COG0661	putative protein kinase UbiB
ANT_2_00592	gene	255	tatA_1			
ANT_2_00592	CDS	255	tatA_1		COG1826	Sec-independent protein translocase protein TatA
ANT_2_00593	gene	702	tatB			
ANT_2_00593	CDS	702	tatB		COG1826	Sec-independent protein translocase protein TatB
ANT_2_00594	gene	759	tatC			
ANT_2_00594	CDS	759	tatC		COG0805	Sec-independent protein translocase protein TatC
ANT_2_00595	gene	783	tatD			
ANT_2_00595	CDS	783	tatD	3.1.11.-	COG0084	3'-5' ssDNA/RNA exonuclease TatD
ANT_2_00596	gene	489	rfaH			
ANT_2_00596	CDS	489	rfaH		COG0250	Transcription antitermination protein RfaH
ANT_2_00597	gene	1485	ubiD			
ANT_2_00597	CDS	1485	ubiD	4.1.1.98	COG0043	3-octaprenyl-4-hydroxybenzoate carboxy-lyase
ANT_2_00598	gene	702	fre			
ANT_2_00598	CDS	702	fre	1.5.1.41	COG0543	NAD(P)H-flavin reductase
ANT_2_00599	gene	1164	fadA			
ANT_2_00599	CDS	1164	fadA	2.3.1.16	COG0183	3-ketoacyl-CoA thiolase
ANT_2_00600	gene	2184	fadB_2			
ANT_2_00600	CDS	2184	fadB_2		COG1024	Fatty acid oxidation complex subunit alpha
ANT_2_00601	gene	1332	pepQ			
ANT_2_00601	CDS	1332	pepQ	3.4.13.9	COG0006	Xaa-Pro dipeptidase
ANT_2_00602	gene	618	yigZ			
ANT_2_00602	CDS	618	yigZ		COG1739	IMPACT family member YigZ
ANT_2_00603	gene	1452	trkH			
ANT_2_00603	CDS	1452	trkH		COG0168	Trk system potassium uptake protein TrkH
ANT_2_00604	gene	534	hemG			
ANT_2_00604	CDS	534	hemG	1.3.5.3	COG4635	Protoporphyrinogen IX dehydrogenase [menaquinone]
ANT_2_00605	gene	591				
ANT_2_00605	CDS	591				hypothetical protein
ANT_2_00606	gene	897				
ANT_2_00606	CDS	897				hypothetical protein
ANT_2_00607	gene	6414				
ANT_2_00607	CDS	6414				hypothetical protein
ANT_2_00608	gene	411				
ANT_2_00608	CDS	411				hypothetical protein
ANT_2_00609	gene	1905				
ANT_2_00609	CDS	1905				hypothetical protein
ANT_2_00610	gene	924				
ANT_2_00610	CDS	924			COG3039	IS5 family transposase IS903
ANT_2_00611	gene	213	cspG_1			
ANT_2_00611	CDS	213	cspG_1		COG1278	Cold shock-like protein CspG
ANT_2_00612	gene	1197	ydhP_1			
ANT_2_00612	CDS	1197	ydhP_1		COG2814	Inner membrane transport protein YdhP
ANT_2_00613	gene	894				
ANT_2_00613	CDS	894				hypothetical protein
ANT_2_00614	gene	576				
ANT_2_00614	CDS	576				hypothetical protein
ANT_2_00615	gene	1383	dat			
ANT_2_00615	CDS	1383	dat	2.6.1.76	COG0160	Diaminobutyrate--2-oxoglutarate aminotransferase
ANT_2_00616	gene	1467	ddc_1			
ANT_2_00616	CDS	1467	ddc_1	4.1.1.86	COG0076	L-2,4-diaminobutyrate decarboxylase
ANT_2_00617	gene	150				
ANT_2_00617	CDS	150				hypothetical protein
ANT_2_00618	gene	1314	proP_2			
ANT_2_00618	CDS	1314	proP_2			Proline/betaine transporter
ANT_2_00619	gene	309				
ANT_2_00619	CDS	309				hypothetical protein
ANT_2_00620	gene	1650	mqo_1			
ANT_2_00620	CDS	1650	mqo_1	1.1.5.4	COG0579	Malate:quinone oxidoreductase
ANT_2_00621	gene	1635	dcuS			
ANT_2_00621	CDS	1635	dcuS	2.7.13.3	COG3290	Sensor histidine kinase DcuS
ANT_2_00622	gene	720	dcuR			
ANT_2_00622	CDS	720	dcuR		COG4565	Transcriptional regulatory protein DcuR
ANT_2_00623	gene	963	apbE_1			
ANT_2_00623	CDS	963	apbE_1	2.7.1.180	COG1477	FAD:protein FMN transferase
ANT_2_00624	gene	2781	namA_2			
ANT_2_00624	CDS	2781	namA_2	1.6.99.1		NADPH dehydrogenase
ANT_2_00625	gene	1509	ttdT			
ANT_2_00625	CDS	1509	ttdT		COG0471	L-tartrate/succinate antiporter
ANT_2_00626	gene	1647	fumA			
ANT_2_00626	CDS	1647	fumA	4.2.1.2	COG1838	Fumarate hydratase class I, aerobic
ANT_2_00627	gene	657	yhfK			
ANT_2_00627	CDS	657	yhfK	4.-.-.-	COG0702	putative sugar epimerase YhfK
ANT_2_00628	gene	1068				
ANT_2_00628	CDS	1068				hypothetical protein
ANT_2_00629	gene	903	pgrR_2			
ANT_2_00629	CDS	903	pgrR_2			HTH-type transcriptional regulator PgrR
ANT_2_00630	gene	1443	iolT_1			
ANT_2_00630	CDS	1443	iolT_1			Major myo-inositol transporter IolT
ANT_2_00631	gene	828				
ANT_2_00631	CDS	828				hypothetical protein
ANT_2_00632	gene	1011	iolG_1			
ANT_2_00632	CDS	1011	iolG_1	1.1.1.18	COG0673	Inositol 2-dehydrogenase/D-chiro-inositol 3-dehydrogenase
ANT_2_00633	gene	474	pal_1			
ANT_2_00633	CDS	474	pal_1			Peptidoglycan-associated lipoprotein
ANT_2_00634	gene	1209	dgcN			
ANT_2_00634	CDS	1209	dgcN	2.7.7.65	COG2199	Diguanylate cyclase DgcN
ANT_2_00635	gene	555				
ANT_2_00635	CDS	555				hypothetical protein
ANT_2_00636	gene	906	pgrR_3			
ANT_2_00636	CDS	906	pgrR_3			HTH-type transcriptional regulator PgrR
ANT_2_00637	gene	294				
ANT_2_00637	CDS	294				hypothetical protein
ANT_2_00638	gene	2703	malT			
ANT_2_00638	CDS	2703	malT		COG2909	HTH-type transcriptional regulator MalT
ANT_2_00639	gene	2403	malP_1			
ANT_2_00639	CDS	2403	malP_1	2.4.1.1	COG0058	Maltodextrin phosphorylase
ANT_2_00640	gene	2076	malQ_1			
ANT_2_00640	CDS	2076	malQ_1	2.4.1.25	COG1640	4-alpha-glucanotransferase
ANT_2_00641	gene	471	yhaV			
ANT_2_00641	CDS	471	yhaV	3.1.-.-		Ribonuclease toxin YhaV
ANT_2_00642	gene	345	prlF			
ANT_2_00642	CDS	345	prlF		COG2002	Antitoxin PrlF
ANT_2_00643	gene	939				
ANT_2_00643	CDS	939				hypothetical protein
ANT_2_00644	gene	1302	lamB_1			
ANT_2_00644	CDS	1302	lamB_1		COG4580	Maltoporin
ANT_2_00645	gene	1110	malK_1			
ANT_2_00645	CDS	1110	malK_1	7.5.2.1	COG3839	Maltose/maltodextrin import ATP-binding protein MalK
ANT_2_00646	gene	1191	malE			
ANT_2_00646	CDS	1191	malE		COG2182	Maltose/maltodextrin-binding periplasmic protein
ANT_2_00647	gene	1527	malF			
ANT_2_00647	CDS	1527	malF		COG1175	Maltose/maltodextrin transport system permease protein MalF
ANT_2_00648	gene	891	malG_1			
ANT_2_00648	CDS	891	malG_1		COG3833	Maltose/maltodextrin transport system permease protein MalG
ANT_2_00649	gene	609				
ANT_2_00649	CDS	609				hypothetical protein
ANT_2_00650	gene	603	kefF			
ANT_2_00650	CDS	603	kefF	1.6.5.2		Glutathione-regulated potassium-efflux system ancillary protein KefF
ANT_2_00651	gene	669	metI_1			
ANT_2_00651	CDS	669	metI_1		COG2011	D-methionine transport system permease protein MetI
ANT_2_00652	gene	789	metN2			
ANT_2_00652	CDS	789	metN2	3.6.3.-	COG1135	Methionine import ATP-binding protein MetN 2
ANT_2_00653	gene	807	metQ_1			
ANT_2_00653	CDS	807	metQ_1		COG1464	D-methionine-binding lipoprotein MetQ
ANT_2_00654	gene	1020	vldW_1			
ANT_2_00654	CDS	1020	vldW_1	1.14.11.52		Validamycin A dioxygenase
ANT_2_00655	gene	1467	proP_3			
ANT_2_00655	CDS	1467	proP_3			Proline/betaine transporter
ANT_2_00656	gene	549				
ANT_2_00656	CDS	549				hypothetical protein
ANT_2_00657	gene	879	dmlR_1			
ANT_2_00657	CDS	879	dmlR_1			HTH-type transcriptional regulator DmlR
ANT_2_00658	gene	1638	dhaK			
ANT_2_00658	CDS	1638	dhaK	2.7.1.29		Dihydroxyacetone kinase
ANT_2_00659	gene	273				
ANT_2_00659	CDS	273				hypothetical protein
ANT_2_00660	gene	177				
ANT_2_00660	CDS	177				hypothetical protein
ANT_2_00661	gene	1212	nimT_1			
ANT_2_00661	CDS	1212	nimT_1		COG2807	2-nitroimidazole transporter
ANT_2_00662	gene	921	glsA2			
ANT_2_00662	CDS	921	glsA2	3.5.1.2	COG2066	Glutaminase 2
ANT_2_00663	gene	930				
ANT_2_00663	CDS	930				ISNCY family transposase ISSen7
ANT_2_00664	gene	954				
ANT_2_00664	CDS	954		1.-.-.-	COG1052	Putative 2-hydroxyacid dehydrogenase
ANT_2_00665	gene	408				
ANT_2_00665	CDS	408				hypothetical protein
ANT_2_00666	gene	1731				
ANT_2_00666	CDS	1731				hypothetical protein
ANT_2_00667	gene	678				
ANT_2_00667	CDS	678				hypothetical protein
ANT_2_00668	gene	228				
ANT_2_00668	CDS	228				hypothetical protein
ANT_2_00669	gene	549	ytfJ_1			
ANT_2_00669	CDS	549	ytfJ_1		COG3054	putative protein YtfJ
ANT_2_00670	gene	912	crtE			
ANT_2_00670	CDS	912	crtE	2.5.1.29		Geranylgeranyl diphosphate synthase
ANT_2_00671	gene	1296	crtX			
ANT_2_00671	CDS	1296	crtX	2.4.1.276		Zeaxanthin glucosyltransferase
ANT_2_00672	gene	1161	crtY			
ANT_2_00672	CDS	1161	crtY	5.5.1.19		Lycopene beta-cyclase
ANT_2_00673	gene	1479	crtI			
ANT_2_00673	CDS	1479	crtI	1.3.99.31	COG1233	Phytoene desaturase (lycopene-forming)
ANT_2_00674	gene	930	crtB			
ANT_2_00674	CDS	930	crtB	2.5.1.32		15-cis-phytoene synthase
ANT_2_00675	gene	528				
ANT_2_00675	CDS	528				hypothetical protein
ANT_2_00676	gene	270				
ANT_2_00676	CDS	270				hypothetical protein
ANT_2_00677	gene	543				
ANT_2_00677	CDS	543				hypothetical protein
ANT_2_00678	gene	414				
ANT_2_00678	CDS	414				hypothetical protein
ANT_2_00679	gene	969				
ANT_2_00679	CDS	969				hypothetical protein
ANT_2_00680	gene	756	thiG			
ANT_2_00680	CDS	756	thiG	2.8.1.10	COG2022	Thiazole synthase
ANT_2_00681	gene	198				
ANT_2_00681	CDS	198				hypothetical protein
ANT_2_00682	gene	945	mnmC_1			
ANT_2_00682	CDS	945	mnmC_1	2.1.1.61		tRNA 5-methylaminomethyl-2-thiouridine biosynthesis bifunctional protein MnmC
ANT_2_00683	gene	315				
ANT_2_00683	CDS	315				hypothetical protein
ANT_2_00684	gene	1119	nemA_2			
ANT_2_00684	CDS	1119	nemA_2	1.3.1.-	COG1902	N-ethylmaleimide reductase
ANT_2_00685	gene	888				
ANT_2_00685	CDS	888				hypothetical protein
ANT_2_00686	gene	669				
ANT_2_00686	CDS	669				hypothetical protein
ANT_2_00687	gene	429				
ANT_2_00687	CDS	429				hypothetical protein
ANT_2_00688	gene	633	rhtC_2			
ANT_2_00688	CDS	633	rhtC_2		COG1280	Threonine efflux protein
ANT_2_00689	gene	510	mnaT			
ANT_2_00689	CDS	510	mnaT	2.3.1.-	COG1247	L-amino acid N-acyltransferase MnaT
ANT_2_00690	gene	579				
ANT_2_00690	CDS	579				hypothetical protein
ANT_2_00691	gene	456				
ANT_2_00691	CDS	456				hypothetical protein
ANT_2_00692	gene	1032	xecA1			
ANT_2_00692	CDS	1032	xecA1	4.4.1.23		2-hydroxypropyl-CoM lyase
ANT_2_00693	gene	981				
ANT_2_00693	CDS	981				hypothetical protein
ANT_2_00694	gene	711	yiaJ_1			
ANT_2_00694	CDS	711	yiaJ_1		COG1414	DNA-binding transcriptional repressor YiaJ
ANT_2_00695	gene	693	proA_1			
ANT_2_00695	CDS	693	proA_1	4.1.3.16		4-hydroxy-4-methyl-2-oxoglutarate aldolase/4-carboxy-4-hydroxy-2-oxoadipate aldolase
ANT_2_00696	gene	951				
ANT_2_00696	CDS	951		1.1.1.81	COG0111	Hydroxypyruvate reductase
ANT_2_00697	gene	348				
ANT_2_00697	CDS	348				hypothetical protein
ANT_2_00698	gene	444				
ANT_2_00698	CDS	444				hypothetical protein
ANT_2_00699	gene	1170				
ANT_2_00699	CDS	1170				hypothetical protein
ANT_2_00700	gene	1341	ttuB_2			
ANT_2_00700	CDS	1341	ttuB_2			Putative tartrate transporter
ANT_2_00701	gene	627				
ANT_2_00701	CDS	627				hypothetical protein
ANT_2_00702	gene	474	decR_1			
ANT_2_00702	CDS	474	decR_1		COG1522	DNA-binding transcriptional activator DecR
ANT_2_00703	gene	459				
ANT_2_00703	CDS	459				hypothetical protein
ANT_2_00704	gene	801	gdhI_1			
ANT_2_00704	CDS	801	gdhI_1	1.1.1.47	COG1028	Glucose 1-dehydrogenase 1
ANT_2_00705	gene	549				
ANT_2_00705	CDS	549				hypothetical protein
ANT_2_00706	gene	987	nemA_3			
ANT_2_00706	CDS	987	nemA_3	1.3.1.-	COG1902	N-ethylmaleimide reductase
ANT_2_00707	gene	786				
ANT_2_00707	CDS	786				hypothetical protein
ANT_2_00708	gene	822				
ANT_2_00708	CDS	822		1.-.-.-	COG4221	putative oxidoreductase
ANT_2_00709	gene	1026				
ANT_2_00709	CDS	1026				Zinc-type alcohol dehydrogenase-like protein
ANT_2_00710	gene	477	gpx1			
ANT_2_00710	CDS	477	gpx1	1.11.1.22		Hydroperoxy fatty acid reductase gpx1
ANT_2_00711	gene	1359				
ANT_2_00711	CDS	1359				hypothetical protein
ANT_2_00712	gene	1248				
ANT_2_00712	CDS	1248				hypothetical protein
ANT_2_00713	gene	774				
ANT_2_00713	CDS	774				hypothetical protein
ANT_2_00714	gene	327				
ANT_2_00714	CDS	327				hypothetical protein
ANT_2_00715	gene	1071	lacI_1			
ANT_2_00715	CDS	1071	lacI_1		COG1609	Lactose operon repressor
ANT_2_00716	gene	1263	lamB_2			
ANT_2_00716	CDS	1263	lamB_2		COG4580	Maltoporin
ANT_2_00717	gene	318				
ANT_2_00717	CDS	318				hypothetical protein
ANT_2_00718	gene	2073	bglY			
ANT_2_00718	CDS	2073	bglY	3.2.1.23	COG1874	Beta-galactosidase BglY
ANT_2_00719	gene	1194	ganB			
ANT_2_00719	CDS	1194	ganB	3.2.1.89	COG3867	Arabinogalactan endo-beta-1,4-galactanase
ANT_2_00720	gene	852	malG_2			
ANT_2_00720	CDS	852	malG_2		COG3833	Maltose/maltodextrin transport system permease protein MalG
ANT_2_00721	gene	1350				
ANT_2_00721	CDS	1350				hypothetical protein
ANT_2_00722	gene	1221	cycB			
ANT_2_00722	CDS	1221	cycB		COG2182	Cyclodextrin-binding protein
ANT_2_00723	gene	1119	malK_2			
ANT_2_00723	CDS	1119	malK_2	7.5.2.1		Maltose/maltodextrin import ATP-binding protein MalK
ANT_2_00724	gene	558				
ANT_2_00724	CDS	558				hypothetical protein
ANT_2_00725	gene	342				
ANT_2_00725	CDS	342				hypothetical protein
ANT_2_00726	gene	438				
ANT_2_00726	CDS	438				hypothetical protein
ANT_2_00727	gene	1860	htpX_1			
ANT_2_00727	CDS	1860	htpX_1	3.4.24.-		Protease HtpX
ANT_2_00728	gene	891	gltC			
ANT_2_00728	CDS	891	gltC			HTH-type transcriptional regulator GltC
ANT_2_00729	gene	606	gstB_1			
ANT_2_00729	CDS	606	gstB_1	2.5.1.18	COG0625	Glutathione S-transferase GST-6.0
ANT_2_00730	gene	711				
ANT_2_00730	CDS	711				hypothetical protein
ANT_2_00731	gene	312				
ANT_2_00731	CDS	312				hypothetical protein
ANT_2_00732	gene	675				
ANT_2_00732	CDS	675				hypothetical protein
ANT_2_00733	gene	621	cheZ_1			
ANT_2_00733	CDS	621	cheZ_1	3.1.3.-	COG3143	Protein phosphatase CheZ
ANT_2_00734	gene	438	cetB			
ANT_2_00734	CDS	438	cetB	5.1.3.33		2-epi-5-epi-valiolone epimerase
ANT_2_00735	gene	273				
ANT_2_00735	CDS	273				hypothetical protein
ANT_2_00736	gene	924				
ANT_2_00736	CDS	924				hypothetical protein
ANT_2_00737	gene	1350	sauU			
ANT_2_00737	CDS	1350	sauU			putative sulfoacetate transporter SauU
ANT_2_00738	gene	696	kynB			
ANT_2_00738	CDS	696	kynB	3.5.1.9		Kynurenine formamidase
ANT_2_00739	gene	972	hemH_1			
ANT_2_00739	CDS	972	hemH_1	4.99.1.1	COG0276	Ferrochelatase
ANT_2_00740	gene	291				
ANT_2_00740	CDS	291				hypothetical protein
ANT_2_00741	gene	1230	nagK			
ANT_2_00741	CDS	1230	nagK	2.7.1.59		N-acetyl-D-glucosamine kinase
ANT_2_00742	gene	957				
ANT_2_00742	CDS	957			COG1840	putative protein
ANT_2_00743	gene	2007				
ANT_2_00743	CDS	2007				hypothetical protein
ANT_2_00744	gene	1062	potA_2			
ANT_2_00744	CDS	1062	potA_2	7.6.2.11		Spermidine/putrescine import ATP-binding protein PotA
ANT_2_00745	gene	798	suhB_2			
ANT_2_00745	CDS	798	suhB_2	3.1.3.25	COG0483	Inositol-1-monophosphatase
ANT_2_00746	gene	1545				
ANT_2_00746	CDS	1545				hypothetical protein
ANT_2_00747	gene	249				
ANT_2_00747	CDS	249				hypothetical protein
ANT_2_00748	gene	1110	tar_2			
ANT_2_00748	CDS	1110	tar_2		COG0840	Methyl-accepting chemotaxis protein II
ANT_2_00749	gene	402	arsC			
ANT_2_00749	CDS	402	arsC	1.20.4.1		Arsenate reductase
ANT_2_00750	gene	1284	arsB			
ANT_2_00750	CDS	1284	arsB		COG1055	Arsenical pump membrane protein
ANT_2_00751	gene	354				
ANT_2_00751	CDS	354				hypothetical protein
ANT_2_00752	gene	552				
ANT_2_00752	CDS	552				hypothetical protein
ANT_2_00753	gene	495	bicA			
ANT_2_00753	CDS	495	bicA		COG0659	Bicarbonate transporter BicA
ANT_2_00754	gene	435				
ANT_2_00754	CDS	435				hypothetical protein
ANT_2_00755	gene	921	rhaS_2			
ANT_2_00755	CDS	921	rhaS_2			HTH-type transcriptional activator RhaS
ANT_2_00756	gene	834	hcaB_1			
ANT_2_00756	CDS	834	hcaB_1	1.3.1.87		3-phenylpropionate-dihydrodiol/cinnamic acid-dihydrodiol dehydrogenase
ANT_2_00757	gene	366				
ANT_2_00757	CDS	366				hypothetical protein
ANT_2_00758	gene	2097	gcd_2			
ANT_2_00758	CDS	2097	gcd_2	1.1.5.2	COG4993	Quinoprotein glucose dehydrogenase
ANT_2_00759	gene	102				
ANT_2_00759	CDS	102				hypothetical protein
ANT_2_00760	gene	813	yiaJ_2			
ANT_2_00760	CDS	813	yiaJ_2		COG1414	DNA-binding transcriptional repressor YiaJ
ANT_2_00761	gene	1527	rbsA_2			
ANT_2_00761	CDS	1527	rbsA_2	7.5.2.7	COG1129	Ribose import ATP-binding protein RbsA
ANT_2_00762	gene	1101				
ANT_2_00762	CDS	1101				hypothetical protein
ANT_2_00763	gene	1101				
ANT_2_00763	CDS	1101				hypothetical protein
ANT_2_00764	gene	831	gnl			
ANT_2_00764	CDS	831	gnl	3.1.1.17		Gluconolactonase
ANT_2_00765	gene	999	dlgD			
ANT_2_00765	CDS	999	dlgD	1.1.1.130	COG2055	2,3-diketo-L-gulonate reductase
ANT_2_00766	gene	468				
ANT_2_00766	CDS	468			COG2731	putative protein
ANT_2_00767	gene	1296	abaQ			
ANT_2_00767	CDS	1296	abaQ			Quinolone resistance transporter
ANT_2_00768	gene	1482	lyx			
ANT_2_00768	CDS	1482	lyx	2.7.1.-	COG1070	L-xylulose/3-keto-L-gulonate kinase
ANT_2_00769	gene	657	sgbH			
ANT_2_00769	CDS	657	sgbH	4.1.1.85	COG0269	3-keto-L-gulonate-6-phosphate decarboxylase SgbH
ANT_2_00770	gene	861	ulaE			
ANT_2_00770	CDS	861	ulaE	5.1.3.22	COG3623	L-ribulose-5-phosphate 3-epimerase UlaE
ANT_2_00771	gene	699	sgbE			
ANT_2_00771	CDS	699	sgbE	5.1.3.4	COG0235	L-ribulose-5-phosphate 4-epimerase SgbE
ANT_2_00772	gene	885	dmlR_2			
ANT_2_00772	CDS	885	dmlR_2			HTH-type transcriptional regulator DmlR
ANT_2_00773	gene	747	fabG2			
ANT_2_00773	CDS	747	fabG2	1.-.-.-		putative oxidoreductase
ANT_2_00774	gene	96				
ANT_2_00774	CDS	96				hypothetical protein
ANT_2_00775	gene	414				
ANT_2_00775	CDS	414				hypothetical protein
ANT_2_00776	gene	369	yybR			
ANT_2_00776	CDS	369	yybR		COG1733	putative HTH-type transcriptional regulator YybR
ANT_2_00777	gene	669	phoP			
ANT_2_00777	CDS	669	phoP			Transcriptional regulatory protein PhoP
ANT_2_00778	gene	600	ybjG			
ANT_2_00778	CDS	600	ybjG	3.6.1.27	COG0671	Putative undecaprenyl-diphosphatase YbjG
ANT_2_00779	gene	684				
ANT_2_00779	CDS	684				hypothetical protein
ANT_2_00780	gene	810				
ANT_2_00780	CDS	810				hypothetical protein
ANT_2_00781	gene	201				
ANT_2_00781	CDS	201				hypothetical protein
ANT_2_00782	gene	501				
ANT_2_00782	CDS	501		1.1.1.119	COG1028	Glucose 1-dehydrogenase
ANT_2_00783	gene	303				
ANT_2_00783	CDS	303		1.-.-.-		putative oxidoreductase
ANT_2_00784	gene	648	tmk			
ANT_2_00784	CDS	648	tmk	2.7.4.9		Thymidylate kinase
ANT_2_00785	gene	1656	eptA_1			
ANT_2_00785	CDS	1656	eptA_1	2.7.-.-	COG2194	Phosphoethanolamine transferase EptA
ANT_2_00786	gene	903	pgrR_4			
ANT_2_00786	CDS	903	pgrR_4			HTH-type transcriptional regulator PgrR
ANT_2_00787	gene	1017				
ANT_2_00787	CDS	1017		1.1.1.1		Alcohol dehydrogenase
ANT_2_00788	gene	1080	tdh_2			
ANT_2_00788	CDS	1080	tdh_2	1.1.1.103		L-threonine 3-dehydrogenase
ANT_2_00789	gene	771				
ANT_2_00789	CDS	771				hypothetical protein
ANT_2_00790	gene	570				
ANT_2_00790	CDS	570				hypothetical protein
ANT_2_00791	gene	708				
ANT_2_00791	CDS	708				hypothetical protein
ANT_2_00792	gene	780	occP			
ANT_2_00792	CDS	780	occP			Octopine permease ATP-binding protein P
ANT_2_00793	gene	687	occM			
ANT_2_00793	CDS	687	occM			Octopine transport system permease protein OccM
ANT_2_00794	gene	726	occQ			
ANT_2_00794	CDS	726	occQ			Octopine transport system permease protein OccQ
ANT_2_00795	gene	849	occT			
ANT_2_00795	CDS	849	occT			Octopine-binding periplasmic protein
ANT_2_00796	gene	1188	scmP_1			
ANT_2_00796	CDS	1188	scmP_1	3.5.1.-	COG1473	N-acetylcysteine deacetylase
ANT_2_00797	gene	900				
ANT_2_00797	CDS	900		3.3.2.10		Soluble epoxide hydrolase
ANT_2_00798	gene	603	comR_3			
ANT_2_00798	CDS	603	comR_3			HTH-type transcriptional repressor ComR
ANT_2_00799	gene	720	inhA			
ANT_2_00799	CDS	720	inhA	4.2.1.103		Isonitrile hydratase
ANT_2_00800	gene	324				
ANT_2_00800	CDS	324				hypothetical protein
ANT_2_00801	gene	669				
ANT_2_00801	CDS	669				hypothetical protein
ANT_2_00802	gene	549	sutR_2			
ANT_2_00802	CDS	549	sutR_2		COG1396	HTH-type transcriptional regulator SutR
ANT_2_00803	gene	444				
ANT_2_00803	CDS	444				hypothetical protein
ANT_2_00804	gene	1179	mnmC_2			
ANT_2_00804	CDS	1179	mnmC_2	2.1.1.61		tRNA 5-methylaminomethyl-2-thiouridine biosynthesis bifunctional protein MnmC
ANT_2_00805	gene	1371	sad			
ANT_2_00805	CDS	1371	sad	1.2.1.16	COG1012	Succinate semialdehyde dehydrogenase [NAD(P)+] Sad
ANT_2_00806	gene	930	repB			
ANT_2_00806	CDS	930	repB			RepFIB replication protein A
ANT_2_00807	gene	1200	parA_1			
ANT_2_00807	CDS	1200	parA_1			Plasmid partition protein A
ANT_2_00808	gene	972	virB_1			
ANT_2_00808	CDS	972	virB_1		COG1475	Virulence regulon transcriptional activator VirB
ANT_2_00809	gene	126				
ANT_2_00809	CDS	126				hypothetical protein
ANT_2_00810	gene	1452	iolT_2			
ANT_2_00810	CDS	1452	iolT_2			Major myo-inositol transporter IolT
ANT_2_00811	gene	1500	menH			
ANT_2_00811	CDS	1500	menH	4.2.99.20		2-succinyl-6-hydroxy-2,4-cyclohexadiene-1-carboxylate synthase
ANT_2_00812	gene	855	pdxI			
ANT_2_00812	CDS	855	pdxI	1.1.1.65		Pyridoxine 4-dehydrogenase
ANT_2_00813	gene	960	pgrR_5			
ANT_2_00813	CDS	960	pgrR_5			HTH-type transcriptional regulator PgrR
ANT_2_00814	gene	4551	srmB_1			
ANT_2_00814	CDS	4551	srmB_1	3.6.4.13		ATP-dependent RNA helicase SrmB
ANT_2_00815	gene	1194				
ANT_2_00815	CDS	1194				hypothetical protein
ANT_2_00816	gene	393				
ANT_2_00816	CDS	393				hypothetical protein
ANT_2_00817	gene	618				
ANT_2_00817	CDS	618				hypothetical protein
ANT_2_00818	gene	1554				
ANT_2_00818	CDS	1554				hypothetical protein
ANT_2_00819	gene	555				
ANT_2_00819	CDS	555				hypothetical protein
ANT_2_00820	gene	132				
ANT_2_00820	CDS	132				hypothetical protein
ANT_2_00821	gene	588				
ANT_2_00821	CDS	588				hypothetical protein
ANT_2_00822	gene	894	yofA			
ANT_2_00822	CDS	894	yofA		COG0583	HTH-type transcriptional regulator YofA
ANT_2_00823	gene	306				
ANT_2_00823	CDS	306				hypothetical protein
ANT_2_00824	gene	390				
ANT_2_00824	CDS	390				hypothetical protein
ANT_2_00825	gene	528				
ANT_2_00825	CDS	528				hypothetical protein
ANT_2_00826	gene	378				
ANT_2_00826	CDS	378				hypothetical protein
ANT_2_00827	gene	321				
ANT_2_00827	CDS	321				hypothetical protein
ANT_2_00828	gene	696				
ANT_2_00828	CDS	696				hypothetical protein
ANT_2_00829	gene	603	sutR_3			
ANT_2_00829	CDS	603	sutR_3		COG1396	HTH-type transcriptional regulator SutR
ANT_2_00830	gene	516				
ANT_2_00830	CDS	516				hypothetical protein
ANT_2_00831	gene	1155				
ANT_2_00831	CDS	1155				hypothetical protein
ANT_2_00832	gene	693	ygeA			
ANT_2_00832	CDS	693	ygeA	5.1.1.13		L-aspartate/glutamate-specific racemase
ANT_2_00833	gene	330				
ANT_2_00833	CDS	330				hypothetical protein
ANT_2_00834	gene	162				
ANT_2_00834	CDS	162				hypothetical protein
ANT_2_00835	gene	741				
ANT_2_00835	CDS	741				hypothetical protein
ANT_2_00836	gene	726				
ANT_2_00836	CDS	726		1.-.-.-		putative oxidoreductase
ANT_2_00837	gene	885	pgrR_6			
ANT_2_00837	CDS	885	pgrR_6			HTH-type transcriptional regulator PgrR
ANT_2_00838	gene	276				
ANT_2_00838	CDS	276				hypothetical protein
ANT_2_00839	gene	1017				
ANT_2_00839	CDS	1017				hypothetical protein
ANT_2_00840	gene	195				
ANT_2_00840	CDS	195				hypothetical protein
ANT_2_00841	gene	255	ariR_2			
ANT_2_00841	CDS	255	ariR_2			putative two-component-system connector protein AriR
ANT_2_00842	gene	294				
ANT_2_00842	CDS	294				hypothetical protein
ANT_2_00843	gene	246	ycgZ_3			
ANT_2_00843	CDS	246	ycgZ_3			putative two-component-system connector protein YcgZ
ANT_2_00844	gene	294				
ANT_2_00844	CDS	294				hypothetical protein
ANT_2_00845	gene	915				
ANT_2_00845	CDS	915			COG0803	putative periplasmic iron-binding protein
ANT_2_00846	gene	816	mntB_1			
ANT_2_00846	CDS	816	mntB_1		COG1121	Manganese transport system ATP-binding protein MntB
ANT_2_00847	gene	861	mntB_2			
ANT_2_00847	CDS	861	mntB_2			Manganese transport system membrane protein MntB
ANT_2_00848	gene	852	mntB_3			
ANT_2_00848	CDS	852	mntB_3			Manganese transport system membrane protein MntB
ANT_2_00849	gene	828				
ANT_2_00849	CDS	828				hypothetical protein
ANT_2_00850	gene	327				
ANT_2_00850	CDS	327				hypothetical protein
ANT_2_00851	gene	534				
ANT_2_00851	CDS	534				hypothetical protein
ANT_2_00852	gene	909	gcvA_2			
ANT_2_00852	CDS	909	gcvA_2			Glycine cleavage system transcriptional activator
ANT_2_00853	gene	489				
ANT_2_00853	CDS	489				hypothetical protein
ANT_2_00854	gene	915				
ANT_2_00854	CDS	915				hypothetical protein
ANT_2_00855	gene	117				
ANT_2_00855	CDS	117				hypothetical protein
ANT_2_00856	gene	231				
ANT_2_00856	CDS	231				hypothetical protein
ANT_2_00857	gene	297				
ANT_2_00857	CDS	297				hypothetical protein
ANT_2_00858	gene	906	cysL_1			
ANT_2_00858	CDS	906	cysL_1		COG0583	HTH-type transcriptional regulator CysL
ANT_2_00859	gene	525	bar_2			
ANT_2_00859	CDS	525	bar_2	2.3.1.183		Phosphinothricin N-acetyltransferase
ANT_2_00860	gene	1227				
ANT_2_00860	CDS	1227				hypothetical protein
ANT_2_00861	gene	1458				
ANT_2_00861	CDS	1458				hypothetical protein
ANT_2_00862	gene	429				
ANT_2_00862	CDS	429				hypothetical protein
ANT_2_00863	gene	741	ompR_1			
ANT_2_00863	CDS	741	ompR_1			Transcriptional regulatory protein OmpR
ANT_2_00864	gene	1317	rcsC_1			
ANT_2_00864	CDS	1317	rcsC_1	2.7.13.3		Sensor histidine kinase RcsC
ANT_2_00865	gene	258	bhsA_3			
ANT_2_00865	CDS	258	bhsA_3			Multiple stress resistance protein BhsA
ANT_2_00866	gene	1251	mdrP			
ANT_2_00866	CDS	1251	mdrP			Na(+), Li(+), K(+)/H(+) antiporter
ANT_2_00867	gene	939	pla			
ANT_2_00867	CDS	939	pla	3.4.23.48		Coagulase/fibrinolysin
ANT_2_00868	gene	564				
ANT_2_00868	CDS	564				hypothetical protein
ANT_2_00869	gene	489	paoA			
ANT_2_00869	CDS	489	paoA	1.2.99.6	COG2080	Aldehyde oxidoreductase iron-sulfur-binding subunit PaoA
ANT_2_00870	gene	993	paoB			
ANT_2_00870	CDS	993	paoB	1.2.99.6	COG1319	Aldehyde oxidoreductase FAD-binding subunit PaoB
ANT_2_00871	gene	2310	paoC			
ANT_2_00871	CDS	2310	paoC	1.2.99.6	COG1529	Aldehyde oxidoreductase molybdenum-binding subunit PaoC
ANT_2_00872	gene	567	mobA_1			
ANT_2_00872	CDS	567	mobA_1	2.7.7.77		Molybdenum cofactor guanylyltransferase
ANT_2_00873	gene	984	paoD			
ANT_2_00873	CDS	984	paoD		COG1975	Molybdenum cofactor insertion chaperone PaoD
ANT_2_00874	gene	1107				
ANT_2_00874	CDS	1107				hypothetical protein
ANT_2_00875	gene	2121	cntO			
ANT_2_00875	CDS	2121	cntO		COG1629	Metal-pseudopaline receptor CntO
ANT_2_00876	gene	891				
ANT_2_00876	CDS	891				hypothetical protein
ANT_2_00877	gene	1974	lip-1			
ANT_2_00877	CDS	1974	lip-1	3.1.1.3		Lipase 1
ANT_2_00878	gene	1284	sfnG			
ANT_2_00878	CDS	1284	sfnG	1.14.14.35		FMNH(2)-dependent dimethylsulfone monooxygenase
ANT_2_00879	gene	471				
ANT_2_00879	CDS	471				hypothetical protein
ANT_2_00880	gene	879	rluF			
ANT_2_00880	CDS	879	rluF	5.4.99.-	COG1187	Dual-specificity RNA pseudouridine synthase RluF
ANT_2_00881	gene	1059				
ANT_2_00881	CDS	1059				hypothetical protein
ANT_2_00882	gene	903	dmlR_3			
ANT_2_00882	CDS	903	dmlR_3			HTH-type transcriptional regulator DmlR
ANT_2_00883	gene	672				
ANT_2_00883	CDS	672				hypothetical protein
ANT_2_00884	gene	852				
ANT_2_00884	CDS	852				hypothetical protein
ANT_2_00885	gene	897	dmlR_4			
ANT_2_00885	CDS	897	dmlR_4			HTH-type transcriptional regulator DmlR
ANT_2_00886	gene	420				
ANT_2_00886	CDS	420				hypothetical protein
ANT_2_00887	gene	159				
ANT_2_00887	CDS	159				hypothetical protein
ANT_2_00888	gene	1416	gabP			
ANT_2_00888	CDS	1416	gabP		COG1113	GABA permease
ANT_2_00889	gene	1287	puuE			
ANT_2_00889	CDS	1287	puuE	2.6.1.19	COG0160	4-aminobutyrate aminotransferase PuuE
ANT_2_00890	gene	1407	gabR_1			
ANT_2_00890	CDS	1407	gabR_1		COG1167	HTH-type transcriptional regulatory protein GabR
ANT_2_00891	gene	1377				
ANT_2_00891	CDS	1377				hypothetical protein
ANT_2_00892	gene	591				
ANT_2_00892	CDS	591				hypothetical protein
ANT_2_00893	gene	318				
ANT_2_00893	CDS	318				hypothetical protein
ANT_2_00894	gene	381				
ANT_2_00894	CDS	381				hypothetical protein
ANT_2_00895	gene	192				
ANT_2_00895	CDS	192				hypothetical protein
ANT_2_00896	gene	273				
ANT_2_00896	CDS	273				hypothetical protein
ANT_2_00897	gene	309				
ANT_2_00897	CDS	309				hypothetical protein
ANT_2_00898	gene	1662				
ANT_2_00898	CDS	1662				hypothetical protein
ANT_2_00899	gene	417				
ANT_2_00899	CDS	417				hypothetical protein
ANT_2_00900	gene	357				
ANT_2_00900	CDS	357				hypothetical protein
ANT_2_00901	gene	198				
ANT_2_00901	CDS	198				hypothetical protein
ANT_2_00902	gene	243	umuC_2			
ANT_2_00902	CDS	243	umuC_2		COG0389	Protein UmuC
ANT_2_00903	gene	741	nfrA2			
ANT_2_00903	CDS	741	nfrA2	1.5.1.39	COG0778	FMN reductase [NAD(P)H]
ANT_2_00904	gene	1203				
ANT_2_00904	CDS	1203				putative MFS-type transporter
ANT_2_00905	gene	3474				
ANT_2_00905	CDS	3474				hypothetical protein
ANT_2_00906	gene	216				
ANT_2_00906	CDS	216				hypothetical protein
ANT_2_00907	gene	918	pcpR			
ANT_2_00907	CDS	918	pcpR			PCP degradation transcriptional activation protein
ANT_2_00908	gene	681	hchA			
ANT_2_00908	CDS	681	hchA	3.5.1.124		Protein/nucleic acid deglycase HchA
ANT_2_00909	gene	1392	clcA			
ANT_2_00909	CDS	1392	clcA		COG0038	H(+)/Cl(-) exchange transporter ClcA
ANT_2_00910	gene	309				
ANT_2_00910	CDS	309				hypothetical protein
ANT_2_00911	gene	1227	oxyE			
ANT_2_00911	CDS	1227	oxyE	1.14.13.232		6-methylpretetramide 4-monooxygenase
ANT_2_00912	gene	1773				
ANT_2_00912	CDS	1773				hypothetical protein
ANT_2_00913	gene	960				
ANT_2_00913	CDS	960			COG0715	Putative thiamine biosynthesis protein
ANT_2_00914	gene	756	ribX_1			
ANT_2_00914	CDS	756	ribX_1			Riboflavin transport system permease protein RibX
ANT_2_00915	gene	741	ssuB			
ANT_2_00915	CDS	741	ssuB	3.6.3.-	COG1116	Aliphatic sulfonates import ATP-binding protein SsuB
ANT_2_00916	gene	702	tenA			
ANT_2_00916	CDS	702	tenA	3.5.99.2	COG0819	Aminopyrimidine aminohydrolase
ANT_2_00917	gene	1431	bglH			
ANT_2_00917	CDS	1431	bglH	3.2.1.86	COG2723	Aryl-phospho-beta-D-glucosidase BglH
ANT_2_00918	gene	1449	bglF_1			
ANT_2_00918	CDS	1449	bglF_1		COG1263	PTS system beta-glucoside-specific EIIBCA component
ANT_2_00919	gene	1017	ascG_1			
ANT_2_00919	CDS	1017	ascG_1		COG1609	HTH-type transcriptional regulator AscG
ANT_2_00920	gene	750	srlR_2			
ANT_2_00920	CDS	750	srlR_2		COG1349	Glucitol operon repressor
ANT_2_00921	gene	1266	ybiU			
ANT_2_00921	CDS	1266	ybiU			putative protein YbiU
ANT_2_00922	gene	879	ybiV			
ANT_2_00922	CDS	879	ybiV	3.1.3.23	COG0561	Sugar phosphatase YbiV
ANT_2_00923	gene	405				
ANT_2_00923	CDS	405				hypothetical protein
ANT_2_00924	gene	1050	yahK_1			
ANT_2_00924	CDS	1050	yahK_1	1.1.1.2	COG1064	Aldehyde reductase YahK
ANT_2_00925	gene	687				
ANT_2_00925	CDS	687				hypothetical protein
ANT_2_00926	gene	225				
ANT_2_00926	CDS	225				hypothetical protein
ANT_2_00927	gene	309				
ANT_2_00927	CDS	309				hypothetical protein
ANT_2_00928	gene	1095	dgcC			
ANT_2_00928	CDS	1095	dgcC	2.7.7.65		putative diguanylate cyclase DgcC
ANT_2_00929	gene	786	map_1			
ANT_2_00929	CDS	786	map_1	3.4.11.18	COG0024	Methionine aminopeptidase
ANT_2_00930	gene	246				
ANT_2_00930	CDS	246				hypothetical protein
ANT_2_00931	gene	216				
ANT_2_00931	CDS	216				hypothetical protein
ANT_2_00932	gene	489				
ANT_2_00932	CDS	489				hypothetical protein
ANT_2_00933	gene	249				
ANT_2_00933	CDS	249				hypothetical protein
ANT_2_00934	gene	537				
ANT_2_00934	CDS	537		2.3.1.-	COG1670	Acetyltransferase
ANT_2_00935	gene	516				
ANT_2_00935	CDS	516				hypothetical protein
ANT_2_00936	gene	1173				
ANT_2_00936	CDS	1173				hypothetical protein
ANT_2_00937	gene	972				
ANT_2_00937	CDS	972		1.1.1.81	COG0111	Hydroxypyruvate reductase
ANT_2_00938	gene	324	ygaV			
ANT_2_00938	CDS	324	ygaV		COG0640	putative HTH-type transcriptional regulator YgaV
ANT_2_00939	gene	528	ygaP			
ANT_2_00939	CDS	528	ygaP		COG0607	Inner membrane protein YgaP
ANT_2_00940	gene	1563				
ANT_2_00940	CDS	1563				hypothetical protein
ANT_2_00941	gene	561				
ANT_2_00941	CDS	561				hypothetical protein
ANT_2_00942	gene	549	sigK			
ANT_2_00942	CDS	549	sigK		COG1595	ECF RNA polymerase sigma factor SigK
ANT_2_00943	gene	678				
ANT_2_00943	CDS	678				hypothetical protein
ANT_2_00944	gene	441				
ANT_2_00944	CDS	441				hypothetical protein
ANT_2_00945	gene	1962	acoR			
ANT_2_00945	CDS	1962	acoR		COG3284	Acetoin dehydrogenase operon transcriptional activator AcoR
ANT_2_00946	gene	462	xylT			
ANT_2_00946	CDS	462	xylT			D-xylose transporter
ANT_2_00947	gene	990	xylE			
ANT_2_00947	CDS	990	xylE			D-xylose-proton symporter
ANT_2_00948	gene	1014	iolG_2			
ANT_2_00948	CDS	1014	iolG_2	1.1.1.18	COG0673	Myo-inositol 2-dehydrogenase
ANT_2_00949	gene	780	otnI_1			
ANT_2_00949	CDS	780	otnI_1	5.3.1.35	COG3622	2-oxo-tetronate isomerase
ANT_2_00950	gene	924	xypA			
ANT_2_00950	CDS	924	xypA		COG1879	Xylitol-binding protein
ANT_2_00951	gene	348				
ANT_2_00951	CDS	348				hypothetical protein
ANT_2_00952	gene	1620				
ANT_2_00952	CDS	1620				hypothetical protein
ANT_2_00953	gene	1608				
ANT_2_00953	CDS	1608				hypothetical protein
ANT_2_00954	gene	939	cdhR_1			
ANT_2_00954	CDS	939	cdhR_1		COG4977	HTH-type transcriptional regulator CdhR
ANT_2_00955	gene	525	yodB			
ANT_2_00955	CDS	525	yodB		COG3038	Cytochrome b561 
ANT_2_00956	gene	351				
ANT_2_00956	CDS	351				hypothetical protein
ANT_2_00957	gene	684				
ANT_2_00957	CDS	684				hypothetical protein
ANT_2_00958	gene	621				
ANT_2_00958	CDS	621				hypothetical protein
ANT_2_00959	gene	807	dauE			
ANT_2_00959	CDS	807	dauE	1.1.1.362		Aklaviketone reductase DauE
ANT_2_00960	gene	669				
ANT_2_00960	CDS	669				hypothetical protein
ANT_2_00961	gene	1437	lcfB			
ANT_2_00961	CDS	1437	lcfB	6.2.1.3	COG0318	Long-chain-fatty-acid--CoA ligase
ANT_2_00962	gene	651				
ANT_2_00962	CDS	651				hypothetical protein
ANT_2_00963	gene	585				
ANT_2_00963	CDS	585				hypothetical protein
ANT_2_00964	gene	660				
ANT_2_00964	CDS	660				hypothetical protein
ANT_2_00965	gene	489				
ANT_2_00965	CDS	489				hypothetical protein
ANT_2_00966	gene	669	fetA			
ANT_2_00966	CDS	669	fetA	3.6.3.-	COG4619	putative iron export ATP-binding protein FetA
ANT_2_00967	gene	819	fetB			
ANT_2_00967	CDS	819	fetB		COG0390	putative iron export permease protein FetB
ANT_2_00968	gene	639	comR_4			
ANT_2_00968	CDS	639	comR_4			HTH-type transcriptional repressor ComR
ANT_2_00969	gene	960	argP_1			
ANT_2_00969	CDS	960	argP_1			HTH-type transcriptional regulator ArgP
ANT_2_00970	gene	1455	hpyO			
ANT_2_00970	CDS	1455	hpyO	1.14.13.-	COG2072	FAD-dependent urate hydroxylase
ANT_2_00971	gene	483				
ANT_2_00971	CDS	483				hypothetical protein
ANT_2_00972	gene	567				
ANT_2_00972	CDS	567				hypothetical protein
ANT_2_00973	gene	738	tcyN			
ANT_2_00973	CDS	738	tcyN	3.6.3.-	COG1126	L-cystine import ATP-binding protein TcyN
ANT_2_00974	gene	816	tcyJ			
ANT_2_00974	CDS	816	tcyJ		COG0834	L-cystine-binding protein TcyJ
ANT_2_00975	gene	705	yxeN_1			
ANT_2_00975	CDS	705	yxeN_1			putative amino-acid permease protein YxeN
ANT_2_00976	gene	693	yxeN_2			
ANT_2_00976	CDS	693	yxeN_2			putative amino-acid permease protein YxeN
ANT_2_00977	gene	1269				
ANT_2_00977	CDS	1269				hypothetical protein
ANT_2_00978	gene	2454				
ANT_2_00978	CDS	2454				hypothetical protein
ANT_2_00979	gene	534				
ANT_2_00979	CDS	534				hypothetical protein
ANT_2_00980	gene	627				
ANT_2_00980	CDS	627				hypothetical protein
ANT_2_00981	gene	123				
ANT_2_00981	CDS	123				hypothetical protein
ANT_2_00982	gene	231				
ANT_2_00982	CDS	231				hypothetical protein
ANT_2_00983	gene	1110				
ANT_2_00983	CDS	1110				hypothetical protein
ANT_2_00984	gene	1107				
ANT_2_00984	CDS	1107				hypothetical protein
ANT_2_00985	gene	570	pagP			
ANT_2_00985	CDS	570	pagP	2.3.1.251		Lipid A palmitoyltransferase PagP
ANT_2_00986	gene	2223	fhuE			
ANT_2_00986	CDS	2223	fhuE		COG4773	FhuE receptor
ANT_2_00987	gene	312	higB			
ANT_2_00987	CDS	312	higB	3.1.-.-	COG4680	mRNA interferase HigB
ANT_2_00988	gene	411	higA			
ANT_2_00988	CDS	411	higA		COG5499	Antitoxin HigA
ANT_2_00989	gene	111				
ANT_2_00989	CDS	111				hypothetical protein
ANT_2_00990	gene	1140	scmP_2			
ANT_2_00990	CDS	1140	scmP_2	3.5.1.-	COG1473	N-acetylcysteine deacetylase
ANT_2_00991	gene	1227	mdfA_1			
ANT_2_00991	CDS	1227	mdfA_1			Multidrug transporter MdfA
ANT_2_00992	gene	2355				
ANT_2_00992	CDS	2355				hypothetical protein
ANT_2_00993	gene	1293	iucD			
ANT_2_00993	CDS	1293	iucD	1.14.13.59	COG3486	L-lysine N6-monooxygenase
ANT_2_00994	gene	1563	ddc_2			
ANT_2_00994	CDS	1563	ddc_2	4.1.1.86	COG0076	L-2,4-diaminobutyrate decarboxylase
ANT_2_00995	gene	1374	ulaA_2			
ANT_2_00995	CDS	1374	ulaA_2		COG3037	Ascorbate-specific PTS system EIIC component
ANT_2_00996	gene	273				
ANT_2_00996	CDS	273				hypothetical protein
ANT_2_00997	gene	450	ulaC_2			
ANT_2_00997	CDS	450	ulaC_2		COG1762	Ascorbate-specific PTS system EIIA component
ANT_2_00998	gene	735	mngR			
ANT_2_00998	CDS	735	mngR		COG2188	Mannosyl-D-glycerate transport/metabolism system repressor MngR
ANT_2_00999	gene	999				
ANT_2_00999	CDS	999				hypothetical protein
ANT_2_01000	gene	1152	scmP_3			
ANT_2_01000	CDS	1152	scmP_3	3.5.1.-	COG1473	N-acetylcysteine deacetylase
ANT_2_01001	gene	1314	moxC			
ANT_2_01001	CDS	1314	moxC	1.14.-.-	COG2141	Putative monooxygenase MoxC
ANT_2_01002	gene	942				
ANT_2_01002	CDS	942				hypothetical protein
ANT_2_01003	gene	513				
ANT_2_01003	CDS	513				hypothetical protein
ANT_2_01004	gene	927				
ANT_2_01004	CDS	927				hypothetical protein
ANT_2_01005	gene	795	tcyC			
ANT_2_01005	CDS	795	tcyC	3.6.3.-	COG1126	L-cystine import ATP-binding protein TcyC
ANT_2_01006	gene	900				
ANT_2_01006	CDS	900				hypothetical protein
ANT_2_01007	gene	561				
ANT_2_01007	CDS	561		3.6.1.66	COG0127	dITP/XTP pyrophosphatase
ANT_2_01008	gene	795				
ANT_2_01008	CDS	795				hypothetical protein
ANT_2_01009	gene	342				
ANT_2_01009	CDS	342				hypothetical protein
ANT_2_01010	gene	1134				
ANT_2_01010	CDS	1134				hypothetical protein
ANT_2_01011	gene	105				
ANT_2_01011	CDS	105				hypothetical protein
ANT_2_01012	gene	1941				
ANT_2_01012	CDS	1941				hypothetical protein
ANT_2_01013	gene	1086	ugpC_1			
ANT_2_01013	CDS	1086	ugpC_1	7.6.2.10	COG3839	sn-glycerol-3-phosphate import ATP-binding protein UgpC
ANT_2_01014	gene	948	RBKS			
ANT_2_01014	CDS	948	RBKS	2.7.1.15		Ribokinase
ANT_2_01015	gene	840	sugB			
ANT_2_01015	CDS	840	sugB		COG0395	Trehalose transport system permease protein SugB
ANT_2_01016	gene	909	sugA			
ANT_2_01016	CDS	909	sugA		COG1175	Trehalose transport system permease protein SugA
ANT_2_01017	gene	1248				
ANT_2_01017	CDS	1248			COG1653	putative ABC transporter-binding protein
ANT_2_01018	gene	1182	nanK			
ANT_2_01018	CDS	1182	nanK	2.7.1.60		N-acetylmannosamine kinase
ANT_2_01019	gene	1275	gdhA			
ANT_2_01019	CDS	1275	gdhA	1.4.1.3	COG0334	Glutamate dehydrogenase
ANT_2_01020	gene	390	yqjC_1			
ANT_2_01020	CDS	390	yqjC_1			Protein YqjC
ANT_2_01021	gene	771				
ANT_2_01021	CDS	771				hypothetical protein
ANT_2_01022	gene	396				
ANT_2_01022	CDS	396				hypothetical protein
ANT_2_01023	gene	474				
ANT_2_01023	CDS	474				hypothetical protein
ANT_2_01024	gene	435	ribH2			
ANT_2_01024	CDS	435	ribH2	2.5.1.78		6,7-dimethyl-8-ribityllumazine synthase 2
ANT_2_01025	gene	708				
ANT_2_01025	CDS	708				hypothetical protein
ANT_2_01026	gene	798	metQ_2			
ANT_2_01026	CDS	798	metQ_2		COG1464	D-methionine-binding lipoprotein MetQ
ANT_2_01027	gene	384				
ANT_2_01027	CDS	384				hypothetical protein
ANT_2_01028	gene	825				
ANT_2_01028	CDS	825				hypothetical protein
ANT_2_01029	gene	1050				
ANT_2_01029	CDS	1050			COG0614	putative protein
ANT_2_01030	gene	1056				
ANT_2_01030	CDS	1056				hypothetical protein
ANT_2_01031	gene	816				
ANT_2_01031	CDS	816				hypothetical protein
ANT_2_01032	gene	786	cmpD			
ANT_2_01032	CDS	786	cmpD	3.6.3.-		Bicarbonate transport ATP-binding protein CmpD
ANT_2_01033	gene	729				
ANT_2_01033	CDS	729				hypothetical protein
ANT_2_01034	gene	636				
ANT_2_01034	CDS	636				hypothetical protein
ANT_2_01035	gene	3606	carB_1			
ANT_2_01035	CDS	3606	carB_1			Carbamoyl-phosphate synthase large chain
ANT_2_01036	gene	906	dsdC			
ANT_2_01036	CDS	906	dsdC		COG0583	HTH-type transcriptional regulator DsdC
ANT_2_01037	gene	774				
ANT_2_01037	CDS	774				hypothetical protein
ANT_2_01038	gene	1074				
ANT_2_01038	CDS	1074				hypothetical protein
ANT_2_01039	gene	771	argT_2			
ANT_2_01039	CDS	771	argT_2		COG0834	Lysine/arginine/ornithine-binding periplasmic protein
ANT_2_01040	gene	1074				
ANT_2_01040	CDS	1074				hypothetical protein
ANT_2_01041	gene	1095				
ANT_2_01041	CDS	1095				hypothetical protein
ANT_2_01042	gene	1209				
ANT_2_01042	CDS	1209				hypothetical protein
ANT_2_01043	gene	564	bcpB			
ANT_2_01043	CDS	564	bcpB	1.11.1.15	COG1225	Putative peroxiredoxin
ANT_2_01044	gene	1242	dsbD_1			
ANT_2_01044	CDS	1242	dsbD_1	1.8.1.8	COG4232	Thiol:disulfide interchange protein DsbD
ANT_2_01045	gene	555	sigF			
ANT_2_01045	CDS	555	sigF			ECF RNA polymerase sigma factor SigF
ANT_2_01046	gene	642				
ANT_2_01046	CDS	642				hypothetical protein
ANT_2_01047	gene	171				
ANT_2_01047	CDS	171				hypothetical protein
ANT_2_01048	gene	861	aidA			
ANT_2_01048	CDS	861	aidA			Quorum-quenching protein AidA
ANT_2_01049	gene	411				
ANT_2_01049	CDS	411				hypothetical protein
ANT_2_01050	gene	486				
ANT_2_01050	CDS	486				hypothetical protein
ANT_2_01051	gene	2973				
ANT_2_01051	CDS	2973		1.17.1.9		Putative formate dehydrogenase
ANT_2_01052	gene	621	tmoT			
ANT_2_01052	CDS	621	tmoT			Response regulator protein TmoT
ANT_2_01053	gene	5541	pknD_2			
ANT_2_01053	CDS	5541	pknD_2	2.7.11.1		Serine/threonine-protein kinase PknD
ANT_2_01054	gene	384	tdiR			
ANT_2_01054	CDS	384	tdiR			Transcriptional regulatory protein TdiR
ANT_2_01055	gene	255				
ANT_2_01055	CDS	255				hypothetical protein
ANT_2_01056	gene	225				
ANT_2_01056	CDS	225				hypothetical protein
ANT_2_01057	gene	705				
ANT_2_01057	CDS	705				hypothetical protein
ANT_2_01058	gene	1878	nfdA			
ANT_2_01058	CDS	1878	nfdA	3.5.1.91		N-substituted formamide deformylase
ANT_2_01059	gene	423				
ANT_2_01059	CDS	423				hypothetical protein
ANT_2_01060	gene	1629	entS_2			
ANT_2_01060	CDS	1629	entS_2			Enterobactin exporter EntS
ANT_2_01061	gene	822				
ANT_2_01061	CDS	822		3.1.1.2		Arylesterase
ANT_2_01062	gene	726	yhhW_1			
ANT_2_01062	CDS	726	yhhW_1	1.13.11.24	COG1741	Quercetin 2,3-dioxygenase
ANT_2_01063	gene	981	rbsR_1			
ANT_2_01063	CDS	981	rbsR_1		COG1609	Ribose operon repressor
ANT_2_01064	gene	1062	iolE_1			
ANT_2_01064	CDS	1062	iolE_1	4.2.1.44		Inosose dehydratase
ANT_2_01065	gene	1230	yegT			
ANT_2_01065	CDS	1230	yegT			Putative nucleoside transporter YegT
ANT_2_01066	gene	912	cntI			
ANT_2_01066	CDS	912	cntI			Pseudopaline exporter CntI
ANT_2_01067	gene	1017	lplA			
ANT_2_01067	CDS	1017	lplA	6.3.1.20	COG0095	Lipoate-protein ligase A
ANT_2_01068	gene	213	cspG_2			
ANT_2_01068	CDS	213	cspG_2		COG1278	Cold shock-like protein CspG
ANT_2_01069	gene	180				
ANT_2_01069	CDS	180				hypothetical protein
ANT_2_01070	gene	207				
ANT_2_01070	CDS	207				hypothetical protein
ANT_2_01071	gene	414				
ANT_2_01071	CDS	414				hypothetical protein
ANT_2_01072	gene	693				
ANT_2_01072	CDS	693				hypothetical protein
ANT_2_01073	gene	171				
ANT_2_01073	CDS	171				hypothetical protein
ANT_2_01074	gene	420				
ANT_2_01074	CDS	420				hypothetical protein
ANT_2_01075	gene	117				
ANT_2_01075	CDS	117				hypothetical protein
ANT_2_01076	gene	102				
ANT_2_01076	CDS	102				hypothetical protein
ANT_2_01077	gene	201				
ANT_2_01077	CDS	201				hypothetical protein
ANT_2_01078	gene	684				
ANT_2_01078	CDS	684				hypothetical protein
ANT_2_01079	gene	393				
ANT_2_01079	CDS	393				hypothetical protein
ANT_2_01080	gene	1131	fruB			
ANT_2_01080	CDS	1131	fruB		COG1925	Multiphosphoryl transfer protein
ANT_2_01081	gene	255				
ANT_2_01081	CDS	255				hypothetical protein
ANT_2_01082	gene	573	yeiP			
ANT_2_01082	CDS	573	yeiP		COG0231	Elongation factor P-like protein
ANT_2_01083	gene	969	yeiR			
ANT_2_01083	CDS	969	yeiR	3.6.-.-	COG0523	Zinc-binding GTPase YeiR
ANT_2_01084	gene	708	lpxT			
ANT_2_01084	CDS	708	lpxT	2.7.4.29	COG0671	Lipid A 1-diphosphate synthase
ANT_2_01085	gene	543	mepS_2			
ANT_2_01085	CDS	543	mepS_2	3.4.-.-	COG0791	Murein DD-endopeptidase MepS/Murein LD-carboxypeptidase
ANT_2_01086	gene	1563	pdeN_1			
ANT_2_01086	CDS	1563	pdeN_1	3.1.4.52	COG2200	putative cyclic di-GMP phosphodiesterase PdeN
ANT_2_01087	gene	1809				
ANT_2_01087	CDS	1809				hypothetical protein
ANT_2_01088	gene	1095	yejB			
ANT_2_01088	CDS	1095	yejB		COG4174	Inner membrane ABC transporter permease protein YejB
ANT_2_01089	gene	1023	yejE			
ANT_2_01089	CDS	1023	yejE		COG4239	Inner membrane ABC transporter permease protein YejE
ANT_2_01090	gene	1605	yejF			
ANT_2_01090	CDS	1605	yejF		COG4172	putative ABC transporter ATP-binding protein YejF
ANT_2_01091	gene	321	yejG			
ANT_2_01091	CDS	321	yejG			putative protein YejG
ANT_2_01092	gene	1197	bcr_2			
ANT_2_01092	CDS	1197	bcr_2			Bicyclomycin resistance protein
ANT_2_01093	gene	720	rsuA			
ANT_2_01093	CDS	720	rsuA	5.4.99.19	COG1187	Ribosomal small subunit pseudouridine synthase A
ANT_2_01094	gene	1833	radD			
ANT_2_01094	CDS	1833	radD	3.6.4.12	COG1061	Putative DNA repair helicase RadD
ANT_2_01095	gene	285	rplY			
ANT_2_01095	CDS	285	rplY		COG1825	50S ribosomal protein L25
ANT_2_01096	gene	1005	yejK			
ANT_2_01096	CDS	1005	yejK		COG3081	Nucleoid-associated protein YejK
ANT_2_01097	gene	246				
ANT_2_01097	CDS	246				hypothetical protein
ANT_2_01098	gene	1755	yejM			
ANT_2_01098	CDS	1755	yejM		COG3083	Inner membrane protein YejM
ANT_2_01099	gene	77				
ANT_2_01099	tRNA	77				tRNA-Pro(ggg)
ANT_2_01100	gene	204				
ANT_2_01100	CDS	204				hypothetical protein
ANT_2_01101	gene	744				
ANT_2_01101	CDS	744				hypothetical protein
ANT_2_01102	gene	1665				
ANT_2_01102	CDS	1665				hypothetical protein
ANT_2_01103	gene	1653	yojI			
ANT_2_01103	CDS	1653	yojI		COG4615	ABC transporter ATP-binding/permease protein YojI
ANT_2_01104	gene	642	alkB			
ANT_2_01104	CDS	642	alkB	1.14.11.33	COG3145	Alpha-ketoglutarate-dependent dioxygenase AlkB
ANT_2_01105	gene	1050	apbE_2			
ANT_2_01105	CDS	1050	apbE_2	2.7.1.180	COG1477	FAD:protein FMN transferase
ANT_2_01106	gene	111				
ANT_2_01106	CDS	111				hypothetical protein
ANT_2_01107	gene	195				
ANT_2_01107	CDS	195				hypothetical protein
ANT_2_01108	gene	1113	ompC			
ANT_2_01108	CDS	1113	ompC		COG3203	Outer membrane porin C
ANT_2_01109	gene	1170	prsE			
ANT_2_01109	CDS	1170	prsE			Type I secretion system membrane fusion protein PrsE
ANT_2_01110	gene	2145	btuD_4			
ANT_2_01110	CDS	2145	btuD_4	7.6.2.8		Vitamin B12 import ATP-binding protein BtuD
ANT_2_01111	gene	1356	bepC			
ANT_2_01111	CDS	1356	bepC			Outer membrane efflux protein BepC
ANT_2_01112	gene	1935				
ANT_2_01112	CDS	1935				hypothetical protein
ANT_2_01113	gene	17703				
ANT_2_01113	CDS	17703				hypothetical protein
ANT_2_01114	gene	1155	ybjJ			
ANT_2_01114	CDS	1155	ybjJ			Inner membrane protein YbjJ
ANT_2_01115	gene	2658	rcsD			
ANT_2_01115	CDS	2658	rcsD	2.7.2.-	COG2198	Phosphotransferase RcsD
ANT_2_01116	gene	651	rcsB			
ANT_2_01116	CDS	651	rcsB		COG2197	Transcriptional regulatory protein RcsB
ANT_2_01117	gene	2853	rcsC_2			
ANT_2_01117	CDS	2853	rcsC_2	2.7.13.3		Sensor histidine kinase RcsC
ANT_2_01118	gene	102				
ANT_2_01118	CDS	102				hypothetical protein
ANT_2_01119	gene	138				
ANT_2_01119	CDS	138				hypothetical protein
ANT_2_01120	gene	261				
ANT_2_01120	CDS	261				hypothetical protein
ANT_2_01121	gene	276				
ANT_2_01121	CDS	276				hypothetical protein
ANT_2_01122	gene	207				
ANT_2_01122	CDS	207				hypothetical protein
ANT_2_01123	gene	525				
ANT_2_01123	CDS	525				hypothetical protein
ANT_2_01124	gene	192				
ANT_2_01124	CDS	192				hypothetical protein
ANT_2_01125	gene	171				
ANT_2_01125	CDS	171				hypothetical protein
ANT_2_01126	gene	171				
ANT_2_01126	CDS	171				hypothetical protein
ANT_2_01127	gene	579				
ANT_2_01127	CDS	579				hypothetical protein
ANT_2_01128	gene	375	rpsL			
ANT_2_01128	CDS	375	rpsL		COG0048	30S ribosomal protein S12
ANT_2_01129	gene	288	tusB			
ANT_2_01129	CDS	288	tusB		COG2168	Protein TusB
ANT_2_01130	gene	360	tusC			
ANT_2_01130	CDS	360	tusC		COG2923	Protein TusC
ANT_2_01131	gene	387	tusD			
ANT_2_01131	CDS	387	tusD	2.8.1.-	COG1553	Sulfurtransferase TusD
ANT_2_01132	gene	723	dauR			
ANT_2_01132	CDS	723	dauR		COG2964	Transcriptional regulator DauR
ANT_2_01133	gene	846	fkpA			
ANT_2_01133	CDS	846	fkpA	5.2.1.8	COG0545	FKBP-type peptidyl-prolyl cis-trans isomerase FkpA
ANT_2_01134	gene	219	slyX			
ANT_2_01134	CDS	219	slyX			Protein SlyX
ANT_2_01135	gene	567				
ANT_2_01135	CDS	567				hypothetical protein
ANT_2_01136	gene	195				
ANT_2_01136	CDS	195				hypothetical protein
ANT_2_01137	gene	1809	kefC			
ANT_2_01137	CDS	1809	kefC		COG0475	Glutathione-regulated potassium-efflux system protein KefC
ANT_2_01138	gene	552	ywrO			
ANT_2_01138	CDS	552	ywrO	1.6.99.-	COG2249	General stress protein 14
ANT_2_01139	gene	1905	yheS			
ANT_2_01139	CDS	1905	yheS		COG0488	putative ABC transporter ATP-binding protein YheS
ANT_2_01140	gene	840	tauD			
ANT_2_01140	CDS	840	tauD	1.14.11.17	COG2175	Alpha-ketoglutarate-dependent taurine dioxygenase
ANT_2_01141	gene	828	ssuC			
ANT_2_01141	CDS	828	ssuC		COG0600	Putative aliphatic sulfonates transport permease protein SsuC
ANT_2_01142	gene	768	tauB			
ANT_2_01142	CDS	768	tauB	7.6.2.7	COG4525	Taurine import ATP-binding protein TauB
ANT_2_01143	gene	978	tauA			
ANT_2_01143	CDS	978	tauA		COG4521	Taurine-binding periplasmic protein
ANT_2_01144	gene	981	cytR_2			
ANT_2_01144	CDS	981	cytR_2		COG1609	HTH-type transcriptional repressor CytR
ANT_2_01145	gene	603	eamB			
ANT_2_01145	CDS	603	eamB		COG1280	Cysteine/O-acetylserine efflux protein
ANT_2_01146	gene	1017				
ANT_2_01146	CDS	1017				hypothetical protein
ANT_2_01147	gene	219				
ANT_2_01147	CDS	219				hypothetical protein
ANT_2_01148	gene	870	cfxP			
ANT_2_01148	CDS	870	cfxP	2.7.1.19	COG3954	Phosphoribulokinase, plasmid
ANT_2_01149	gene	405	yhfA			
ANT_2_01149	CDS	405	yhfA		COG1765	Protein YhfA
ANT_2_01150	gene	633	crp			
ANT_2_01150	CDS	633	crp		COG0664	cAMP-activated global transcriptional regulator CRP
ANT_2_01151	gene	2076				
ANT_2_01151	CDS	2076				hypothetical protein
ANT_2_01152	gene	1221	argD			
ANT_2_01152	CDS	1221	argD	2.6.1.11	COG4992	Acetylornithine/succinyldiaminopimelate aminotransferase
ANT_2_01153	gene	576	pabA			
ANT_2_01153	CDS	576	pabA	2.6.1.85	COG0512	Aminodeoxychorismate synthase component 2
ANT_2_01154	gene	594	fic_1			
ANT_2_01154	CDS	594	fic_1	2.7.7.-	COG2184	putative protein adenylyltransferase Fic
ANT_2_01155	gene	171				
ANT_2_01155	CDS	171				hypothetical protein
ANT_2_01156	gene	573	ppiA			
ANT_2_01156	CDS	573	ppiA	5.2.1.8	COG0652	Peptidyl-prolyl cis-trans isomerase A
ANT_2_01157	gene	1179	tsgA			
ANT_2_01157	CDS	1179	tsgA		COG0477	Protein TsgA
ANT_2_01158	gene	1278	codA			
ANT_2_01158	CDS	1278	codA	3.5.4.1	COG0402	Cytosine deaminase
ANT_2_01159	gene	2541	nasD			
ANT_2_01159	CDS	2541	nasD	1.7.1.4	COG1251	Nitrite reductase [NAD(P)H]
ANT_2_01160	gene	327	nirD			
ANT_2_01160	CDS	327	nirD	1.7.1.15	COG2146	Nitrite reductase (NADH) small subunit
ANT_2_01161	gene	1365	cysG_2			
ANT_2_01161	CDS	1365	cysG_2		COG0007	Siroheme synthase
ANT_2_01162	gene	1002	trpS			
ANT_2_01162	CDS	1002	trpS	6.1.1.2	COG0180	Tryptophan--tRNA ligase
ANT_2_01163	gene	678	gph			
ANT_2_01163	CDS	678	gph	3.1.3.18	COG0546	Phosphoglycolate phosphatase
ANT_2_01164	gene	684	rpe			
ANT_2_01164	CDS	684	rpe	5.1.3.1	COG0036	Ribulose-phosphate 3-epimerase
ANT_2_01165	gene	816	dam			
ANT_2_01165	CDS	816	dam	2.1.1.72	COG0338	DNA adenine methylase
ANT_2_01166	gene	1047	damX			
ANT_2_01166	CDS	1047	damX		COG3266	Cell division protein DamX
ANT_2_01167	gene	1089	aroB			
ANT_2_01167	CDS	1089	aroB	4.2.3.4	COG0337	3-dehydroquinate synthase
ANT_2_01168	gene	522	aroK			
ANT_2_01168	CDS	522	aroK	2.7.1.71	COG0703	Shikimate kinase 1
ANT_2_01169	gene	1272	pilQ			
ANT_2_01169	CDS	1272	pilQ		COG4796	Type IV pilus biogenesis and competence protein PilQ
ANT_2_01170	gene	384				
ANT_2_01170	CDS	384				hypothetical protein
ANT_2_01171	gene	498				
ANT_2_01171	CDS	498				hypothetical protein
ANT_2_01172	gene	543				
ANT_2_01172	CDS	543				hypothetical protein
ANT_2_01173	gene	807				
ANT_2_01173	CDS	807				hypothetical protein
ANT_2_01174	gene	2550	mrcA			
ANT_2_01174	CDS	2550	mrcA		COG5009	Penicillin-binding protein 1A
ANT_2_01175	gene	564	nudE			
ANT_2_01175	CDS	564	nudE	3.6.1.-	COG0494	ADP compounds hydrolase NudE
ANT_2_01176	gene	2121	igaA			
ANT_2_01176	CDS	2121	igaA			Intracellular growth attenuator protein igaA
ANT_2_01177	gene	468	yrfG			
ANT_2_01177	CDS	468	yrfG	3.1.3.5	COG1011	GMP/IMP nucleotidase YrfG
ANT_2_01178	gene	402	hslR			
ANT_2_01178	CDS	402	hslR		COG1188	Heat shock protein 15
ANT_2_01179	gene	867	hslO			
ANT_2_01179	CDS	867	hslO		COG1281	33 kDa chaperonin
ANT_2_01180	gene	1620	pckA			
ANT_2_01180	CDS	1620	pckA	4.1.1.49	COG1866	Phosphoenolpyruvate carboxykinase (ATP)
ANT_2_01181	gene	1368	envZ			
ANT_2_01181	CDS	1368	envZ	2.7.13.3		Osmolarity sensor protein EnvZ
ANT_2_01182	gene	720	ompR_2			
ANT_2_01182	CDS	720	ompR_2			Transcriptional regulatory protein OmpR
ANT_2_01183	gene	249				
ANT_2_01183	CDS	249				hypothetical protein
ANT_2_01184	gene	474	greB			
ANT_2_01184	CDS	474	greB		COG0782	Transcription elongation factor GreB
ANT_2_01185	gene	2328	yhgF			
ANT_2_01185	CDS	2328	yhgF		COG2183	Protein YhgF
ANT_2_01186	gene	1686	ycjM			
ANT_2_01186	CDS	1686	ycjM	2.4.1.352	COG0366	Glucosylglycerate phosphorylase
ANT_2_01187	gene	270				
ANT_2_01187	CDS	270				hypothetical protein
ANT_2_01188	gene	777	bioH			
ANT_2_01188	CDS	777	bioH	3.1.1.85	COG0596	Pimeloyl-[acyl-carrier protein] methyl ester esterase
ANT_2_01189	gene	681				
ANT_2_01189	CDS	681				hypothetical protein
ANT_2_01190	gene	576	nfuA			
ANT_2_01190	CDS	576	nfuA		COG0316	Fe/S biogenesis protein NfuA
ANT_2_01191	gene	2082	malQ_2			
ANT_2_01191	CDS	2082	malQ_2	2.4.1.25	COG1640	4-alpha-glucanotransferase
ANT_2_01192	gene	2406	malP_2			
ANT_2_01192	CDS	2406	malP_2	2.4.1.1	COG0058	Maltodextrin phosphorylase
ANT_2_01193	gene	759	glpR_2			
ANT_2_01193	CDS	759	glpR_2		COG1349	Glycerol-3-phosphate regulon repressor
ANT_2_01194	gene	825	glpG			
ANT_2_01194	CDS	825	glpG	3.4.21.105	COG0705	Rhomboid protease GlpG
ANT_2_01195	gene	327	glpE			
ANT_2_01195	CDS	327	glpE	2.8.1.1	COG0607	Thiosulfate sulfurtransferase GlpE
ANT_2_01196	gene	186				
ANT_2_01196	CDS	186				hypothetical protein
ANT_2_01197	gene	1506	glpD			
ANT_2_01197	CDS	1506	glpD	1.1.5.3	COG0578	Aerobic glycerol-3-phosphate dehydrogenase
ANT_2_01198	gene	1656	madA			
ANT_2_01198	CDS	1656	madA	2.3.1.187		Acetyl-S-ACP:malonate ACP transferase
ANT_2_01199	gene	861	citG			
ANT_2_01199	CDS	861	citG	2.4.2.52	COG1767	2-(5''-triphosphoribosyl)-3'-dephosphocoenzyme-A synthase
ANT_2_01200	gene	300	mdcC			
ANT_2_01200	CDS	300	mdcC			Malonate decarboxylase acyl carrier protein
ANT_2_01201	gene	834	madC			
ANT_2_01201	CDS	834	madC	2.1.3.10		Malonyl-S-ACP:biotin-protein carboxyltransferase MADC
ANT_2_01202	gene	801				
ANT_2_01202	CDS	801				hypothetical protein
ANT_2_01203	gene	960				
ANT_2_01203	CDS	960				hypothetical protein
ANT_2_01204	gene	618	mdcG			
ANT_2_01204	CDS	618	mdcG	2.7.7.66		Phosphoribosyl-dephospho-CoA transferase
ANT_2_01205	gene	903	fabD			
ANT_2_01205	CDS	903	fabD	2.3.1.39	COG0331	Malonyl CoA-acyl carrier protein transacylase
ANT_2_01206	gene	936				
ANT_2_01206	CDS	936				hypothetical protein
ANT_2_01207	gene	2448	malP_3			
ANT_2_01207	CDS	2448	malP_3	2.4.1.1	COG0058	Maltodextrin phosphorylase
ANT_2_01208	gene	1434	glgA			
ANT_2_01208	CDS	1434	glgA	2.4.1.21	COG0297	Glycogen synthase
ANT_2_01209	gene	1293	glgC			
ANT_2_01209	CDS	1293	glgC	2.7.7.27	COG0448	Glucose-1-phosphate adenylyltransferase
ANT_2_01210	gene	1983	glgX_2			
ANT_2_01210	CDS	1983	glgX_2	3.2.1.196	COG1523	Glycogen debranching enzyme
ANT_2_01211	gene	2184	glgB			
ANT_2_01211	CDS	2184	glgB	2.4.1.18	COG0296	1,4-alpha-glucan branching enzyme GlgB
ANT_2_01212	gene	1110	asd			
ANT_2_01212	CDS	1110	asd	1.2.1.11	COG0136	Aspartate-semialdehyde dehydrogenase
ANT_2_01213	gene	594				
ANT_2_01213	CDS	594				hypothetical protein
ANT_2_01214	gene	162				
ANT_2_01214	CDS	162				hypothetical protein
ANT_2_01215	gene	318				
ANT_2_01215	CDS	318				hypothetical protein
ANT_2_01216	gene	1341	gntU			
ANT_2_01216	CDS	1341	gntU		COG2610	Low-affinity gluconate transporter
ANT_2_01217	gene	537	gntK			
ANT_2_01217	CDS	537	gntK	2.7.1.12	COG3265	Thermoresistant gluconokinase
ANT_2_01218	gene	996	gntR			
ANT_2_01218	CDS	996	gntR			HTH-type transcriptional regulator GntR
ANT_2_01219	gene	696	yhhW_2			
ANT_2_01219	CDS	696	yhhW_2	1.13.11.24	COG1741	Quercetin 2,3-dioxygenase
ANT_2_01220	gene	1284	sdaC_1			
ANT_2_01220	CDS	1284	sdaC_1		COG0814	Serine transporter
ANT_2_01221	gene	1368	sdaA_1			
ANT_2_01221	CDS	1368	sdaA_1	4.3.1.17	COG1760	L-serine dehydratase 1
ANT_2_01222	gene	444				
ANT_2_01222	CDS	444				hypothetical protein
ANT_2_01223	gene	495	aaaT_1			
ANT_2_01223	CDS	495	aaaT_1	2.3.1.-	COG0454	L-amino acid N-acetyltransferase AaaT
ANT_2_01224	gene	1746	ggt			
ANT_2_01224	CDS	1746	ggt	3.4.19.13	COG0405	Glutathione hydrolase proenzyme
ANT_2_01225	gene	282				
ANT_2_01225	CDS	282				hypothetical protein
ANT_2_01226	gene	744	ugpQ_1			
ANT_2_01226	CDS	744	ugpQ_1	3.1.4.46	COG0584	Glycerophosphodiester phosphodiesterase, cytoplasmic
ANT_2_01227	gene	1074	ugpC_2			
ANT_2_01227	CDS	1074	ugpC_2	7.6.2.10	COG3839	sn-glycerol-3-phosphate import ATP-binding protein UgpC
ANT_2_01228	gene	846	lacG			
ANT_2_01228	CDS	846	lacG			Lactose transport system permease protein LacG
ANT_2_01229	gene	888	ugpA			
ANT_2_01229	CDS	888	ugpA		COG1175	sn-glycerol-3-phosphate transport system permease protein UgpA
ANT_2_01230	gene	1317	ugpB			
ANT_2_01230	CDS	1317	ugpB		COG1653	sn-glycerol-3-phosphate-binding periplasmic protein UgpB
ANT_2_01231	gene	714	livF_1			
ANT_2_01231	CDS	714	livF_1		COG0410	High-affinity branched-chain amino acid transport ATP-binding protein LivF
ANT_2_01232	gene	768	lptB_1			
ANT_2_01232	CDS	768	lptB_1	3.6.3.-	COG1137	Lipopolysaccharide export system ATP-binding protein LptB
ANT_2_01233	gene	1272				
ANT_2_01233	CDS	1272				hypothetical protein
ANT_2_01234	gene	927	livH			
ANT_2_01234	CDS	927	livH		COG0559	High-affinity branched-chain amino acid transport system permease protein LivH
ANT_2_01235	gene	1128	livK			
ANT_2_01235	CDS	1128	livK		COG0683	Leucine-specific-binding protein
ANT_2_01236	gene	396	panM			
ANT_2_01236	CDS	396	panM			PanD regulatory factor
ANT_2_01237	gene	858	rpoH			
ANT_2_01237	CDS	858	rpoH		COG0568	RNA polymerase sigma factor RpoH
ANT_2_01238	gene	984	ftsX			
ANT_2_01238	CDS	984	ftsX		COG2177	Cell division protein FtsX
ANT_2_01239	gene	669	ftsE			
ANT_2_01239	CDS	669	ftsE		COG2884	Cell division ATP-binding protein FtsE
ANT_2_01240	gene	1701	ftsY			
ANT_2_01240	CDS	1701	ftsY			Signal recognition particle receptor FtsY
ANT_2_01241	gene	600	rsmD			
ANT_2_01241	CDS	600	rsmD	2.1.1.171	COG0742	Ribosomal RNA small subunit methyltransferase D
ANT_2_01242	gene	273				
ANT_2_01242	CDS	273				hypothetical protein
ANT_2_01243	gene	357				
ANT_2_01243	CDS	357				hypothetical protein
ANT_2_01244	gene	630				
ANT_2_01244	CDS	630				hypothetical protein
ANT_2_01245	gene	2286	zntA			
ANT_2_01245	CDS	2286	zntA	3.6.3.3	COG2217	Zinc/cadmium/lead-transporting P-type ATPase
ANT_2_01246	gene	252	tusA			
ANT_2_01246	CDS	252	tusA		COG0425	Sulfur carrier protein TusA
ANT_2_01247	gene	666	yhhQ			
ANT_2_01247	CDS	666	yhhQ		COG1738	Queuosine precursor transporter
ANT_2_01248	gene	555				
ANT_2_01248	CDS	555				hypothetical protein
ANT_2_01249	gene	897	iolE_2			
ANT_2_01249	CDS	897	iolE_2	4.2.1.44	COG1082	Inosose dehydratase
ANT_2_01250	gene	1011	iolG_3			
ANT_2_01250	CDS	1011	iolG_3	1.1.1.18	COG0673	Inositol 2-dehydrogenase/D-chiro-inositol 3-dehydrogenase
ANT_2_01251	gene	1941	iolD			
ANT_2_01251	CDS	1941	iolD	3.7.1.22	COG3962	3D-(3,5/4)-trihydroxycyclohexane-1,2-dione hydrolase
ANT_2_01252	gene	222				
ANT_2_01252	CDS	222				hypothetical protein
ANT_2_01253	gene	1914	iolC			
ANT_2_01253	CDS	1914	iolC	2.7.1.92		5-dehydro-2-deoxygluconokinase
ANT_2_01254	gene	849	hexR_1			
ANT_2_01254	CDS	849	hexR_1		COG1737	HTH-type transcriptional regulator HexR
ANT_2_01255	gene	819	iolB			
ANT_2_01255	CDS	819	iolB	5.3.1.30	COG3718	5-deoxy-glucuronate isomerase
ANT_2_01256	gene	1506	bauC			
ANT_2_01256	CDS	1506	bauC	1.2.1.-	COG1012	Putative 3-oxopropanoate dehydrogenase
ANT_2_01257	gene	816				
ANT_2_01257	CDS	816				hypothetical protein
ANT_2_01258	gene	1224	yhhS			
ANT_2_01258	CDS	1224	yhhS			putative MFS-type transporter YhhS
ANT_2_01259	gene	1056	yhhT			
ANT_2_01259	CDS	1056	yhhT		COG0628	Putative transport protein YhhT
ANT_2_01260	gene	678	lldR_1			
ANT_2_01260	CDS	678	lldR_1		COG2186	Putative L-lactate dehydrogenase operon regulatory protein
ANT_2_01261	gene	1185	uxuA			
ANT_2_01261	CDS	1185	uxuA	4.2.1.8	COG1312	Mannonate dehydratase
ANT_2_01262	gene	1587	pdeN_2			
ANT_2_01262	CDS	1587	pdeN_2	3.1.4.52	COG2200	putative cyclic di-GMP phosphodiesterase PdeN
ANT_2_01263	gene	1506	proP_4			
ANT_2_01263	CDS	1506	proP_4			Proline/betaine transporter
ANT_2_01264	gene	984	hemB			
ANT_2_01264	CDS	984	hemB	4.2.1.24	COG0113	Delta-aminolevulinic acid dehydratase
ANT_2_01265	gene	969				
ANT_2_01265	CDS	969				hypothetical protein
ANT_2_01266	gene	1023	rutD_1			
ANT_2_01266	CDS	1023	rutD_1	3.5.1.-		Putative aminoacrylate hydrolase RutD
ANT_2_01267	gene	501				
ANT_2_01267	CDS	501				hypothetical protein
ANT_2_01268	gene	660	queH			
ANT_2_01268	CDS	660	queH	1.17.99.6	COG1636	Epoxyqueuosine reductase QueH
ANT_2_01269	gene	1389	galP_1			
ANT_2_01269	CDS	1389	galP_1			Galactose-proton symporter
ANT_2_01270	gene	678				
ANT_2_01270	CDS	678				hypothetical protein
ANT_2_01271	gene	1020				
ANT_2_01271	CDS	1020				hypothetical protein
ANT_2_01272	gene	987				
ANT_2_01272	CDS	987				hypothetical protein
ANT_2_01273	gene	828				
ANT_2_01273	CDS	828				hypothetical protein
ANT_2_01274	gene	198				
ANT_2_01274	CDS	198				hypothetical protein
ANT_2_01275	gene	987	iolS_1			
ANT_2_01275	CDS	987	iolS_1	1.1.1.-	COG0667	Aldo-keto reductase IolS
ANT_2_01276	gene	1185				
ANT_2_01276	CDS	1185			COG2081	putative protein
ANT_2_01277	gene	1530	pitA			
ANT_2_01277	CDS	1530	pitA		COG0306	Low-affinity inorganic phosphate transporter 1
ANT_2_01278	gene	336	uspB			
ANT_2_01278	CDS	336	uspB			Universal stress protein B
ANT_2_01279	gene	438	uspA			
ANT_2_01279	CDS	438	uspA		COG0589	Universal stress protein A
ANT_2_01280	gene	747	rsmJ			
ANT_2_01280	CDS	747	rsmJ	2.1.1.242		Ribosomal RNA small subunit methyltransferase J
ANT_2_01281	gene	2043	prlC			
ANT_2_01281	CDS	2043	prlC	3.4.24.70	COG0339	Oligopeptidase A
ANT_2_01282	gene	198				
ANT_2_01282	CDS	198				hypothetical protein
ANT_2_01283	gene	843	rlmJ			
ANT_2_01283	CDS	843	rlmJ	2.1.1.266	COG2961	Ribosomal RNA large subunit methyltransferase J
ANT_2_01284	gene	819				
ANT_2_01284	CDS	819				hypothetical protein
ANT_2_01285	gene	912	rbn			
ANT_2_01285	CDS	912	rbn	3.1.-.-	COG1234	Ribonuclease BN
ANT_2_01286	gene	1353	gor			
ANT_2_01286	CDS	1353	gor	1.8.1.7	COG1249	Glutathione reductase
ANT_2_01287	gene	1131				
ANT_2_01287	CDS	1131				hypothetical protein
ANT_2_01288	gene	774	suhB_3			
ANT_2_01288	CDS	774	suhB_3	3.1.3.11	COG0483	Fructose-1,6-bisphosphatase/inositol-1-monophosphatase
ANT_2_01289	gene	1083	btuD_5			
ANT_2_01289	CDS	1083	btuD_5	7.6.2.8		Vitamin B12 import ATP-binding protein BtuD
ANT_2_01290	gene	870				
ANT_2_01290	CDS	870				hypothetical protein
ANT_2_01291	gene	837				
ANT_2_01291	CDS	837				hypothetical protein
ANT_2_01292	gene	1032				
ANT_2_01292	CDS	1032				hypothetical protein
ANT_2_01293	gene	747	ugpQ_2			
ANT_2_01293	CDS	747	ugpQ_2	3.1.4.46	COG0584	Glycerophosphodiester phosphodiesterase, cytoplasmic
ANT_2_01294	gene	1080	ompN			
ANT_2_01294	CDS	1080	ompN		COG3203	Outer membrane porin N
ANT_2_01295	gene	933				
ANT_2_01295	CDS	933				hypothetical protein
ANT_2_01296	gene	345				
ANT_2_01296	CDS	345				hypothetical protein
ANT_2_01297	gene	1347				
ANT_2_01297	CDS	1347				hypothetical protein
ANT_2_01298	gene	1203				
ANT_2_01298	CDS	1203				putative transporter
ANT_2_01299	gene	969	dmlR_5			
ANT_2_01299	CDS	969	dmlR_5			HTH-type transcriptional regulator DmlR
ANT_2_01300	gene	498				
ANT_2_01300	CDS	498				hypothetical protein
ANT_2_01301	gene	2676	kdpD			
ANT_2_01301	CDS	2676	kdpD	2.7.13.3	COG2205	Sensor protein KdpD
ANT_2_01302	gene	567	kdpC			
ANT_2_01302	CDS	567	kdpC		COG2156	Potassium-transporting ATPase KdpC subunit
ANT_2_01303	gene	2049	kdpB			
ANT_2_01303	CDS	2049	kdpB	7.2.2.6	COG2216	Potassium-transporting ATPase ATP-binding subunit
ANT_2_01304	gene	1689	kdpA			
ANT_2_01304	CDS	1689	kdpA		COG2060	Potassium-transporting ATPase potassium-binding subunit
ANT_2_01305	gene	1167				
ANT_2_01305	CDS	1167		3.1.4.-	COG2206	Cyclic di-GMP phosphodiesterase
ANT_2_01306	gene	957				
ANT_2_01306	CDS	957		1.1.1.215	COG1052	2-ketogluconate reductase
ANT_2_01307	gene	1392	gudP_1			
ANT_2_01307	CDS	1392	gudP_1			putative glucarate transporter
ANT_2_01308	gene	918	thpA_1			
ANT_2_01308	CDS	918	thpA_1		COG1879	D-threitol-binding protein
ANT_2_01309	gene	501	aaaT_2			
ANT_2_01309	CDS	501	aaaT_2	2.3.1.-	COG0454	L-amino acid N-acetyltransferase AaaT
ANT_2_01310	gene	1833	btuD_6			
ANT_2_01310	CDS	1833	btuD_6	7.6.2.8		Vitamin B12 import ATP-binding protein BtuD
ANT_2_01311	gene	1125				
ANT_2_01311	CDS	1125				hypothetical protein
ANT_2_01312	gene	906	dmlR_6			
ANT_2_01312	CDS	906	dmlR_6			HTH-type transcriptional regulator DmlR
ANT_2_01313	gene	942	pcpF			
ANT_2_01313	CDS	942	pcpF	1.8.5.7	COG0435	Glutathionyl-hydroquinone reductase PcpF
ANT_2_01314	gene	606	estB			
ANT_2_01314	CDS	606	estB	3.1.1.1	COG0400	Carboxylesterase 2
ANT_2_01315	gene	816				
ANT_2_01315	CDS	816				hypothetical protein
ANT_2_01316	gene	378	crcB			
ANT_2_01316	CDS	378	crcB		COG0239	Putative fluoride ion transporter CrcB
ANT_2_01317	gene	921	rihB			
ANT_2_01317	CDS	921	rihB	3.2.2.8	COG1957	Pyrimidine-specific ribonucleoside hydrolase RihB
ANT_2_01318	gene	1029	lgoD			
ANT_2_01318	CDS	1029	lgoD	1.1.1.414	COG1063	L-galactonate-5-dehydrogenase
ANT_2_01319	gene	903	lgoR			
ANT_2_01319	CDS	903	lgoR		COG1802	putative HTH-type transcriptional regulator LgoR
ANT_2_01320	gene	1353	lgoT			
ANT_2_01320	CDS	1353	lgoT			putative L-galactonate transporter
ANT_2_01321	gene	1392				
ANT_2_01321	CDS	1392				hypothetical protein
ANT_2_01322	gene	912	rutD_2			
ANT_2_01322	CDS	912	rutD_2	3.5.1.-		Putative aminoacrylate hydrolase RutD
ANT_2_01323	gene	1038				
ANT_2_01323	CDS	1038				hypothetical protein
ANT_2_01324	gene	576	mntP			
ANT_2_01324	CDS	576	mntP		COG1971	putative manganese efflux pump MntP
ANT_2_01325	gene	243				
ANT_2_01325	CDS	243				hypothetical protein
ANT_2_01326	gene	1443	gabR_2			
ANT_2_01326	CDS	1443	gabR_2		COG1167	HTH-type transcriptional regulatory protein GabR
ANT_2_01327	gene	456				
ANT_2_01327	CDS	456				hypothetical protein
ANT_2_01328	gene	1614	mqo_2			
ANT_2_01328	CDS	1614	mqo_2	1.1.5.4	COG0579	Malate:quinone oxidoreductase
ANT_2_01329	gene	933	xpkA_1			
ANT_2_01329	CDS	933	xpkA_1	4.1.2.9		Xylulose-5-phosphate phosphoketolase
ANT_2_01330	gene	1407	xpkA_2			
ANT_2_01330	CDS	1407	xpkA_2	4.1.2.9		Xylulose-5-phosphate phosphoketolase
ANT_2_01331	gene	588				
ANT_2_01331	CDS	588				hypothetical protein
ANT_2_01332	gene	1488	norG_1			
ANT_2_01332	CDS	1488	norG_1		COG1167	HTH-type transcriptional regulator NorG
ANT_2_01333	gene	624	gstB_2			
ANT_2_01333	CDS	624	gstB_2	2.5.1.18	COG0625	Glutathione S-transferase GstB
ANT_2_01334	gene	849	phzF			
ANT_2_01334	CDS	849	phzF	5.3.3.17		Trans-2,3-dihydro-3-hydroxyanthranilate isomerase
ANT_2_01335	gene	759	fabG_2			
ANT_2_01335	CDS	759	fabG_2	1.1.1.100		3-oxoacyl-[acyl-carrier-protein] reductase FabG
ANT_2_01336	gene	900	dmlR_7			
ANT_2_01336	CDS	900	dmlR_7			HTH-type transcriptional regulator DmlR
ANT_2_01337	gene	1020	yhjD			
ANT_2_01337	CDS	1020	yhjD		COG1295	Inner membrane protein YhjD
ANT_2_01338	gene	1332	yhjE			
ANT_2_01338	CDS	1332	yhjE			Inner membrane metabolite transport protein YhjE
ANT_2_01339	gene	1476	ilvC			
ANT_2_01339	CDS	1476	ilvC	1.1.1.86	COG0059	Ketol-acid reductoisomerase (NADP(+))
ANT_2_01340	gene	882	hcaR_2			
ANT_2_01340	CDS	882	hcaR_2			Hca operon transcriptional activator HcaR
ANT_2_01341	gene	1548	ilvA			
ANT_2_01341	CDS	1548	ilvA	4.3.1.19	COG1171	L-threonine dehydratase biosynthetic IlvA
ANT_2_01342	gene	1851	ilvD			
ANT_2_01342	CDS	1851	ilvD	4.2.1.9	COG0129	Dihydroxy-acid dehydratase
ANT_2_01343	gene	930	ilvE			
ANT_2_01343	CDS	930	ilvE	2.6.1.42	COG0115	Branched-chain-amino-acid aminotransferase
ANT_2_01344	gene	258	ilvM			
ANT_2_01344	CDS	258	ilvM	2.2.1.6	COG3978	Acetolactate synthase isozyme 2 small subunit
ANT_2_01345	gene	1647	ilvG			
ANT_2_01345	CDS	1647	ilvG	2.2.1.6		Acetolactate synthase isozyme 2 large subunit
ANT_2_01346	gene	1521	comM			
ANT_2_01346	CDS	1521	comM		COG0606	Competence protein ComM
ANT_2_01347	gene	339				
ANT_2_01347	CDS	339				hypothetical protein
ANT_2_01348	gene	834	hdfR_1			
ANT_2_01348	CDS	834	hdfR_1			HTH-type transcriptional regulator HdfR
ANT_2_01349	gene	76				
ANT_2_01349	tRNA	76				tRNA-Trp(cca)
ANT_2_01350	gene	77				
ANT_2_01350	tRNA	77				tRNA-Asp(gtc)
ANT_2_01351	gene	77				
ANT_2_01351	tRNA	77				tRNA-Asp(gtc)
ANT_2_01352	gene	279				
ANT_2_01352	CDS	279				hypothetical protein
ANT_2_01353	gene	747				
ANT_2_01353	CDS	747				hypothetical protein
ANT_2_01354	gene	1152	mltD			
ANT_2_01354	CDS	1152	mltD	4.2.2.-	COG0741	Membrane-bound lytic murein transglycosylase D
ANT_2_01355	gene	756	gloB			
ANT_2_01355	CDS	756	gloB	3.1.2.6	COG0491	Hydroxyacylglutathione hydrolase GloB
ANT_2_01356	gene	738				
ANT_2_01356	CDS	738				hypothetical protein
ANT_2_01357	gene	468	rnhA			
ANT_2_01357	CDS	468	rnhA	3.1.26.4	COG0328	Ribonuclease HI
ANT_2_01358	gene	732	dnaQ			
ANT_2_01358	CDS	732	dnaQ	2.7.7.7	COG0847	DNA polymerase III subunit epsilon
ANT_2_01359	gene	77				
ANT_2_01359	tRNA	77				tRNA-Asp(gtc)
ANT_2_01360	gene	1509	pucI			
ANT_2_01360	CDS	1509	pucI		COG1953	putative allantoin permease
ANT_2_01361	gene	723				
ANT_2_01361	CDS	723				hypothetical protein
ANT_2_01362	gene	732	hyuA			
ANT_2_01362	CDS	732	hyuA	5.1.99.5	COG4126	Hydantoin racemase
ANT_2_01363	gene	954				
ANT_2_01363	CDS	954				hypothetical protein
ANT_2_01364	gene	85				
ANT_2_01364	tRNA	85				tRNA-Ile(gat)
ANT_2_01365	gene	1398	atzE			
ANT_2_01365	CDS	1398	atzE	3.5.1.131		1-carboxybiuret hydrolase subunit AtzE
ANT_2_01366	gene	183				
ANT_2_01366	CDS	183				hypothetical protein
ANT_2_01367	gene	1587	hpxW			
ANT_2_01367	CDS	1587	hpxW	3.5.1.126	COG0405	Oxamate amidohydrolase proenzyme
ANT_2_01368	gene	840				
ANT_2_01368	CDS	840				hypothetical protein
ANT_2_01369	gene	786	fliY_1			
ANT_2_01369	CDS	786	fliY_1		COG0834	L-cystine-binding protein FliY
ANT_2_01370	gene	669	glnM			
ANT_2_01370	CDS	669	glnM		COG0765	putative glutamine ABC transporter permease protein GlnM
ANT_2_01371	gene	660	yecS_1			
ANT_2_01371	CDS	660	yecS_1		COG0765	L-cystine transport system permease protein YecS
ANT_2_01372	gene	732	glnQ_1			
ANT_2_01372	CDS	732	glnQ_1			Glutamine transport ATP-binding protein GlnQ
ANT_2_01373	gene	1236	pucG			
ANT_2_01373	CDS	1236	pucG	2.6.1.112	COG0075	(S)-ureidoglycine--glyoxylate transaminase
ANT_2_01374	gene	1254	amaB			
ANT_2_01374	CDS	1254	amaB	3.5.1.87		N-carbamoyl-L-amino acid hydrolase
ANT_2_01375	gene	495				
ANT_2_01375	CDS	495				hypothetical protein
ANT_2_01376	gene	336	hiuH_2			
ANT_2_01376	CDS	336	hiuH_2	3.5.2.17		5-hydroxyisourate hydrolase
ANT_2_01377	gene	768	yafV			
ANT_2_01377	CDS	768	yafV	3.5.1.3		Omega-amidase YafV
ANT_2_01378	gene	1161	ybdL_2			
ANT_2_01378	CDS	1161	ybdL_2	2.6.1.88	COG0436	Methionine aminotransferase
ANT_2_01379	gene	615	mtnB			
ANT_2_01379	CDS	615	mtnB	4.2.1.109	COG0235	Methylthioribulose-1-phosphate dehydratase
ANT_2_01380	gene	684	mtnC			
ANT_2_01380	CDS	684	mtnC	3.1.3.77		Enolase-phosphatase E1
ANT_2_01381	gene	543	mtnD			
ANT_2_01381	CDS	543	mtnD	1.13.11.54	COG1791	Acireductone dioxygenase
ANT_2_01382	gene	1023	mtnA			
ANT_2_01382	CDS	1023	mtnA	5.3.1.23	COG0182	Methylthioribose-1-phosphate isomerase
ANT_2_01383	gene	1200	mtnK			
ANT_2_01383	CDS	1200	mtnK	2.7.1.100	COG4857	Methylthioribose kinase
ANT_2_01384	gene	2451	fadE			
ANT_2_01384	CDS	2451	fadE	1.3.8.7	COG1960	Acyl-coenzyme A dehydrogenase
ANT_2_01385	gene	579	gmhA			
ANT_2_01385	CDS	579	gmhA	5.3.1.28	COG0279	Phosphoheptose isomerase
ANT_2_01386	gene	768	yafJ			
ANT_2_01386	CDS	768	yafJ	2.4.2.-	COG0121	Putative glutamine amidotransferase YafJ
ANT_2_01387	gene	747				
ANT_2_01387	CDS	747				hypothetical protein
ANT_2_01388	gene	1056	dinB			
ANT_2_01388	CDS	1056	dinB	2.7.7.7	COG0389	DNA polymerase IV
ANT_2_01389	gene	1068				
ANT_2_01389	CDS	1068				hypothetical protein
ANT_2_01390	gene	1002	rbsC_3			
ANT_2_01390	CDS	1002	rbsC_3		COG1172	Ribose import permease protein RbsC
ANT_2_01391	gene	1506	mglA_2			
ANT_2_01391	CDS	1506	mglA_2	7.5.2.11	COG1129	Galactose/methyl galactoside import ATP-binding protein MglA
ANT_2_01392	gene	1458	pepD			
ANT_2_01392	CDS	1458	pepD	3.4.13.18	COG2195	Cytosol non-specific dipeptidase
ANT_2_01393	gene	459	gpt			
ANT_2_01393	CDS	459	gpt	2.4.2.22	COG0503	Xanthine phosphoribosyltransferase
ANT_2_01394	gene	1248				
ANT_2_01394	CDS	1248				hypothetical protein
ANT_2_01395	gene	402	crl			
ANT_2_01395	CDS	402	crl			Sigma factor-binding protein Crl
ANT_2_01396	gene	1113	phoE			
ANT_2_01396	CDS	1113	phoE		COG3203	Outer membrane porin PhoE
ANT_2_01397	gene	1104	proB			
ANT_2_01397	CDS	1104	proB	2.7.2.11	COG0263	Glutamate 5-kinase
ANT_2_01398	gene	1254	proA_2			
ANT_2_01398	CDS	1254	proA_2	1.2.1.41	COG0014	Gamma-glutamyl phosphate reductase
ANT_2_01399	gene	732				
ANT_2_01399	CDS	732			COG2932	putative HTH-type transcriptional regulator
ANT_2_01400	gene	279				
ANT_2_01400	CDS	279				hypothetical protein
ANT_2_01401	gene	468				
ANT_2_01401	CDS	468				hypothetical protein
ANT_2_01402	gene	348				
ANT_2_01402	CDS	348				hypothetical protein
ANT_2_01403	gene	294				
ANT_2_01403	CDS	294				hypothetical protein
ANT_2_01404	gene	1749				
ANT_2_01404	CDS	1749				hypothetical protein
ANT_2_01405	gene	213	cspG_3			
ANT_2_01405	CDS	213	cspG_3		COG1278	Cold shock-like protein CspG
ANT_2_01406	gene	1578				
ANT_2_01406	CDS	1578				hypothetical protein
ANT_2_01407	gene	963	cheV			
ANT_2_01407	CDS	963	cheV		COG0784	Chemotaxis protein CheV
ANT_2_01408	gene	393	ygiW_1			
ANT_2_01408	CDS	393	ygiW_1		COG3111	Protein YgiW
ANT_2_01409	gene	1383	dbpA			
ANT_2_01409	CDS	1383	dbpA	3.6.4.13	COG0513	ATP-dependent RNA helicase DbpA
ANT_2_01410	gene	219				
ANT_2_01410	CDS	219				hypothetical protein
ANT_2_01411	gene	1389				
ANT_2_01411	CDS	1389				hypothetical protein
ANT_2_01412	gene	861	hdfR_2			
ANT_2_01412	CDS	861	hdfR_2			HTH-type transcriptional regulator HdfR
ANT_2_01413	gene	1173	nimT_2			
ANT_2_01413	CDS	1173	nimT_2		COG2807	2-nitroimidazole transporter
ANT_2_01414	gene	1656	lldP			
ANT_2_01414	CDS	1656	lldP		COG1620	L-lactate permease
ANT_2_01415	gene	774	lldR_2			
ANT_2_01415	CDS	774	lldR_2		COG2186	Putative L-lactate dehydrogenase operon regulatory protein
ANT_2_01416	gene	1188	lldD			
ANT_2_01416	CDS	1188	lldD	1.1.-.-	COG1304	L-lactate dehydrogenase
ANT_2_01417	gene	429	osmC			
ANT_2_01417	CDS	429	osmC	1.11.1.15	COG1764	Peroxiredoxin OsmC
ANT_2_01418	gene	234				
ANT_2_01418	CDS	234				hypothetical protein
ANT_2_01419	gene	171				
ANT_2_01419	CDS	171				hypothetical protein
ANT_2_01420	gene	651				
ANT_2_01420	CDS	651				hypothetical protein
ANT_2_01421	gene	2604				
ANT_2_01421	CDS	2604				hypothetical protein
ANT_2_01422	gene	297				
ANT_2_01422	CDS	297				hypothetical protein
ANT_2_01423	gene	318				
ANT_2_01423	CDS	318				hypothetical protein
ANT_2_01424	gene	252				
ANT_2_01424	CDS	252				hypothetical protein
ANT_2_01425	gene	1272	sbnD_1			
ANT_2_01425	CDS	1272	sbnD_1			Staphyloferrin B transporter
ANT_2_01426	gene	3135	lacZ			
ANT_2_01426	CDS	3135	lacZ	3.2.1.23		Beta-galactosidase
ANT_2_01427	gene	135				
ANT_2_01427	CDS	135				hypothetical protein
ANT_2_01428	gene	255	iraP_1			
ANT_2_01428	CDS	255	iraP_1			Anti-adapter protein IraP
ANT_2_01429	gene	303	psiF			
ANT_2_01429	CDS	303	psiF			Phosphate starvation-inducible protein PsiF
ANT_2_01430	gene	1527	hcaD			
ANT_2_01430	CDS	1527	hcaD	1.18.1.3		3-phenylpropionate/cinnamic acid dioxygenase ferredoxin--NAD(+) reductase component
ANT_2_01431	gene	813	proC			
ANT_2_01431	CDS	813	proC	1.5.1.2	COG0345	Pyrroline-5-carboxylate reductase
ANT_2_01432	gene	456				
ANT_2_01432	CDS	456				hypothetical protein
ANT_2_01433	gene	729				
ANT_2_01433	CDS	729				hypothetical protein
ANT_2_01434	gene	525	aroL			
ANT_2_01434	CDS	525	aroL	2.7.1.71		Shikimate kinase 2
ANT_2_01435	gene	192	yaiA			
ANT_2_01435	CDS	192	yaiA			putative protein YaiA
ANT_2_01436	gene	297	ppnP			
ANT_2_01436	CDS	297	ppnP	2.4.2.1	COG3123	Pyrimidine/purine nucleoside phosphorylase
ANT_2_01437	gene	912	rdgC			
ANT_2_01437	CDS	912	rdgC		COG2974	Recombination-associated protein RdgC
ANT_2_01438	gene	912	mak			
ANT_2_01438	CDS	912	mak	2.7.1.4	COG1940	Fructokinase
ANT_2_01439	gene	1365	yhdG			
ANT_2_01439	CDS	1365	yhdG		COG0531	putative amino acid permease YhdG
ANT_2_01440	gene	1005	srkA_1			
ANT_2_01440	CDS	1005	srkA_1	2.7.11.1		Stress response kinase A
ANT_2_01441	gene	1068	virS			
ANT_2_01441	CDS	1068	virS			HTH-type transcriptional regulator VirS
ANT_2_01442	gene	393				
ANT_2_01442	CDS	393				hypothetical protein
ANT_2_01443	gene	678				
ANT_2_01443	CDS	678			COG1462	Putative lipoprotein/NMB1164
ANT_2_01444	gene	360				
ANT_2_01444	CDS	360				hypothetical protein
ANT_2_01445	gene	657				
ANT_2_01445	CDS	657			COG4380	Putative lipoprotein/NMB1162
ANT_2_01446	gene	3675				
ANT_2_01446	CDS	3675				hypothetical protein
ANT_2_01447	gene	1200	sbcD			
ANT_2_01447	CDS	1200	sbcD		COG0420	Nuclease SbcCD subunit D
ANT_2_01448	gene	690	phoB			
ANT_2_01448	CDS	690	phoB		COG0745	Phosphate regulon transcriptional regulatory protein PhoB
ANT_2_01449	gene	1314	phoR			
ANT_2_01449	CDS	1314	phoR	2.7.13.3		Phosphate regulon sensor protein PhoR
ANT_2_01450	gene	921	pstS			
ANT_2_01450	CDS	921	pstS		COG0226	Phosphate-binding protein PstS
ANT_2_01451	gene	1107	metE_2			
ANT_2_01451	CDS	1107	metE_2	2.1.1.14		5-methyltetrahydropteroyltriglutamate--homocysteine methyltransferase
ANT_2_01452	gene	1320	brnQ			
ANT_2_01452	CDS	1320	brnQ		COG1114	Branched-chain amino acid transport system 2 carrier protein
ANT_2_01453	gene	1353	proY			
ANT_2_01453	CDS	1353	proY		COG1113	Proline-specific permease ProY
ANT_2_01454	gene	1257	agp			
ANT_2_01454	CDS	1257	agp	3.1.3.10		Glucose-1-phosphatase
ANT_2_01455	gene	813	suhB_4			
ANT_2_01455	CDS	813	suhB_4	3.1.3.25	COG0483	Inositol-1-monophosphatase
ANT_2_01456	gene	582	acpH			
ANT_2_01456	CDS	582	acpH	3.1.4.14	COG3124	Acyl carrier protein phosphodiesterase
ANT_2_01457	gene	1071	queA			
ANT_2_01457	CDS	1071	queA	2.4.99.17	COG0809	S-adenosylmethionine:tRNA ribosyltransferase-isomerase
ANT_2_01458	gene	1176	tgt			
ANT_2_01458	CDS	1176	tgt	2.4.2.29	COG0343	Queuine tRNA-ribosyltransferase
ANT_2_01459	gene	333	yajC			
ANT_2_01459	CDS	333	yajC		COG1862	Sec translocon accessory complex subunit YajC
ANT_2_01460	gene	1815	secD			
ANT_2_01460	CDS	1815	secD		COG0342	Protein translocase subunit SecD
ANT_2_01461	gene	969	secF			
ANT_2_01461	CDS	969	secF		COG0341	Protein translocase subunit SecF
ANT_2_01462	gene	579				
ANT_2_01462	CDS	579				hypothetical protein
ANT_2_01463	gene	438	kbp			
ANT_2_01463	CDS	438	kbp		COG1652	Potassium binding protein Kbp
ANT_2_01464	gene	450	nrdR			
ANT_2_01464	CDS	450	nrdR		COG1327	Transcriptional repressor NrdR
ANT_2_01465	gene	1101	ribD			
ANT_2_01465	CDS	1101	ribD		COG0117	Riboflavin biosynthesis protein RibD
ANT_2_01466	gene	471	ribE			
ANT_2_01466	CDS	471	ribE	2.5.1.78	COG0054	6,7-dimethyl-8-ribityllumazine synthase
ANT_2_01467	gene	420	nusB			
ANT_2_01467	CDS	420	nusB		COG0781	Transcription antitermination protein NusB
ANT_2_01468	gene	978	thiL			
ANT_2_01468	CDS	978	thiL	2.7.4.16	COG0611	Thiamine-monophosphate kinase
ANT_2_01469	gene	495	pgpA			
ANT_2_01469	CDS	495	pgpA	3.1.3.27	COG1267	Phosphatidylglycerophosphatase A
ANT_2_01470	gene	975	yajO_1			
ANT_2_01470	CDS	975	yajO_1	1.1.-.-	COG0667	1-deoxyxylulose-5-phosphate synthase YajO
ANT_2_01471	gene	1866	dxs			
ANT_2_01471	CDS	1866	dxs	2.2.1.7	COG1154	1-deoxy-D-xylulose-5-phosphate synthase
ANT_2_01472	gene	900	ispA			
ANT_2_01472	CDS	900	ispA	2.5.1.10	COG0142	Farnesyl diphosphate synthase
ANT_2_01473	gene	243	xseB			
ANT_2_01473	CDS	243	xseB	3.1.11.6	COG1722	Exodeoxyribonuclease 7 small subunit
ANT_2_01474	gene	1449	thiI			
ANT_2_01474	CDS	1449	thiI	2.8.1.4	COG0301	tRNA sulfurtransferase
ANT_2_01475	gene	597	yajL_1			
ANT_2_01475	CDS	597	yajL_1	3.1.2.-	COG0693	Protein/nucleic acid deglycase 3
ANT_2_01476	gene	921	panE			
ANT_2_01476	CDS	921	panE	1.1.1.169	COG1893	2-dehydropantoate 2-reductase
ANT_2_01477	gene	492				
ANT_2_01477	CDS	492				hypothetical protein
ANT_2_01478	gene	1365	yajR			
ANT_2_01478	CDS	1365	yajR		COG0477	Inner membrane transport protein YajR
ANT_2_01479	gene	888	cyoE			
ANT_2_01479	CDS	888	cyoE	2.5.1.141	COG0109	Protoheme IX farnesyltransferase
ANT_2_01480	gene	330	cyoD			
ANT_2_01480	CDS	330	cyoD		COG3125	Cytochrome bo(3) ubiquinol oxidase subunit 4
ANT_2_01481	gene	615	cyoC			
ANT_2_01481	CDS	615	cyoC		COG1845	Cytochrome bo(3) ubiquinol oxidase subunit 3
ANT_2_01482	gene	1983	cyoB			
ANT_2_01482	CDS	1983	cyoB	7.1.1.3	COG0843	Cytochrome bo(3) ubiquinol oxidase subunit 1
ANT_2_01483	gene	927	cyoA			
ANT_2_01483	CDS	927	cyoA		COG1622	Cytochrome bo(3) ubiquinol oxidase subunit 2
ANT_2_01484	gene	1491	ampG			
ANT_2_01484	CDS	1491	ampG		COG0477	Anhydromuropeptide permease
ANT_2_01485	gene	579				
ANT_2_01485	CDS	579				hypothetical protein
ANT_2_01486	gene	315	bolA			
ANT_2_01486	CDS	315	bolA		COG0271	DNA-binding transcriptional regulator BolA
ANT_2_01487	gene	1305	tig			
ANT_2_01487	CDS	1305	tig	5.2.1.8	COG0544	Trigger factor
ANT_2_01488	gene	624	clpP			
ANT_2_01488	CDS	624	clpP	3.4.21.92	COG0740	ATP-dependent Clp protease proteolytic subunit
ANT_2_01489	gene	1272	clpX			
ANT_2_01489	CDS	1272	clpX		COG1219	ATP-dependent Clp protease ATP-binding subunit ClpX
ANT_2_01490	gene	2355	lon			
ANT_2_01490	CDS	2355	lon	3.4.21.53	COG0466	Lon protease
ANT_2_01491	gene	282	hupB			
ANT_2_01491	CDS	282	hupB		COG0776	DNA-binding protein HU-beta
ANT_2_01492	gene	1869	ppiD			
ANT_2_01492	CDS	1869	ppiD	5.2.1.8	COG0760	Peptidyl-prolyl cis-trans isomerase D
ANT_2_01493	gene	354				
ANT_2_01493	CDS	354			COG1555	putative protein
ANT_2_01494	gene	399	fadM			
ANT_2_01494	CDS	399	fadM	3.1.2.-	COG0824	Long-chain acyl-CoA thioesterase FadM
ANT_2_01495	gene	696	queC			
ANT_2_01495	CDS	696	queC	6.3.4.20	COG0603	7-cyano-7-deazaguanine synthase
ANT_2_01496	gene	1719	sgrR_1			
ANT_2_01496	CDS	1719	sgrR_1		COG4533	HTH-type transcriptional regulator SgrR
ANT_2_01497	gene	822	cof			
ANT_2_01497	CDS	822	cof	3.6.1.-	COG0561	HMP-PP phosphatase
ANT_2_01498	gene	1035	sbnA			
ANT_2_01498	CDS	1035	sbnA	2.5.1.140		N-(2-amino-2-carboxyethyl)-L-glutamate synthase
ANT_2_01499	gene	543	decR_2			
ANT_2_01499	CDS	543	decR_2		COG1522	DNA-binding transcriptional activator DecR
ANT_2_01500	gene	1770	yheI			
ANT_2_01500	CDS	1770	yheI	3.6.3.-	COG1132	putative multidrug resistance ABC transporter ATP-binding/permease protein YheI
ANT_2_01501	gene	1776	mdlB			
ANT_2_01501	CDS	1776	mdlB	7.6.2.2	COG1132	Multidrug resistance-like ATP-binding protein MdlB
ANT_2_01502	gene	339	glnK			
ANT_2_01502	CDS	339	glnK		COG0347	Nitrogen regulatory protein P-II 2
ANT_2_01503	gene	1287	amtB			
ANT_2_01503	CDS	1287	amtB			Ammonia channel
ANT_2_01504	gene	864	tesB			
ANT_2_01504	CDS	864	tesB	3.1.2.-	COG1946	Acyl-CoA thioesterase 2
ANT_2_01505	gene	558	ybaY			
ANT_2_01505	CDS	558	ybaY		COG3126	putative lipoprotein YbaY
ANT_2_01506	gene	318	atl			
ANT_2_01506	CDS	318	atl		COG3695	DNA base-flipping protein
ANT_2_01507	gene	216	hha			
ANT_2_01507	CDS	216	hha			Hemolysin expression-modulating protein Hha
ANT_2_01508	gene	378	tomB			
ANT_2_01508	CDS	378	tomB			Hha toxicity modulator TomB
ANT_2_01509	gene	354				
ANT_2_01509	CDS	354				hypothetical protein
ANT_2_01510	gene	669	scaC			
ANT_2_01510	CDS	669	scaC	7.2.2.5	COG1121	Manganese import ATP-binding protein ScaC
ANT_2_01511	gene	840	mntB_4			
ANT_2_01511	CDS	840	mntB_4			Manganese transport system membrane protein MntB
ANT_2_01512	gene	879	mntA			
ANT_2_01512	CDS	879	mntA		COG0803	Manganese-binding lipoprotein MntA
ANT_2_01513	gene	141	ykgO			
ANT_2_01513	CDS	141	ykgO		COG0257	50S ribosomal protein L36 2
ANT_2_01514	gene	261	rpmE2			
ANT_2_01514	CDS	261	rpmE2		COG0254	50S ribosomal protein L31 type B
ANT_2_01515	gene	3156	acrB_1			
ANT_2_01515	CDS	3156	acrB_1		COG0841	Multidrug efflux pump subunit AcrB
ANT_2_01516	gene	1197	acrA_2			
ANT_2_01516	CDS	1197	acrA_2			Multidrug efflux pump subunit AcrA
ANT_2_01517	gene	639	acrR			
ANT_2_01517	CDS	639	acrR		COG1309	HTH-type transcriptional regulator AcrR
ANT_2_01518	gene	153				
ANT_2_01518	CDS	153				hypothetical protein
ANT_2_01519	gene	246				
ANT_2_01519	CDS	246				hypothetical protein
ANT_2_01520	gene	531	priC			
ANT_2_01520	CDS	531	priC		COG3923	Primosomal replication protein N''
ANT_2_01521	gene	390	ybaN			
ANT_2_01521	CDS	390	ybaN		COG2832	Inner membrane protein YbaN
ANT_2_01522	gene	552	apt			
ANT_2_01522	CDS	552	apt	2.4.2.7	COG0503	Adenine phosphoribosyltransferase
ANT_2_01523	gene	2079	dnaX			
ANT_2_01523	CDS	2079	dnaX	2.7.7.7	COG2812	DNA polymerase III subunit tau
ANT_2_01524	gene	333	ybaB			
ANT_2_01524	CDS	333	ybaB		COG0718	Nucleoid-associated protein YbaB
ANT_2_01525	gene	606	recR			
ANT_2_01525	CDS	606	recR		COG0353	Recombination protein RecR
ANT_2_01526	gene	1875	htpG			
ANT_2_01526	CDS	1875	htpG		COG0326	Chaperone protein HtpG
ANT_2_01527	gene	870	perR			
ANT_2_01527	CDS	870	perR			HTH-type transcriptional regulator PerR
ANT_2_01528	gene	885				
ANT_2_01528	CDS	885				hypothetical protein
ANT_2_01529	gene	645	adk			
ANT_2_01529	CDS	645	adk	2.7.4.3	COG0563	Adenylate kinase
ANT_2_01530	gene	960	hemH_2			
ANT_2_01530	CDS	960	hemH_2	4.99.1.1	COG0276	Ferrochelatase
ANT_2_01531	gene	1302	gsk			
ANT_2_01531	CDS	1302	gsk	2.7.1.73	COG0524	Inosine-guanosine kinase
ANT_2_01532	gene	1695	ybaL			
ANT_2_01532	CDS	1695	ybaL		COG1226	Putative cation/proton antiporter YbaL
ANT_2_01533	gene	1767	ushA			
ANT_2_01533	CDS	1767	ushA		COG0737	Protein UshA
ANT_2_01534	gene	432				
ANT_2_01534	CDS	432				hypothetical protein
ANT_2_01535	gene	837	metR_2			
ANT_2_01535	CDS	837	metR_2			HTH-type transcriptional regulator MetR
ANT_2_01536	gene	480	ybaK			
ANT_2_01536	CDS	480	ybaK	4.2.-.-	COG2606	Cys-tRNA(Pro)/Cys-tRNA(Cys) deacylase YbaK
ANT_2_01537	gene	804				
ANT_2_01537	CDS	804				hypothetical protein
ANT_2_01538	gene	2514	copA			
ANT_2_01538	CDS	2514	copA	7.2.2.8	COG2217	Copper-exporting P-type ATPase
ANT_2_01539	gene	411	cueR			
ANT_2_01539	CDS	411	cueR		COG0789	HTH-type transcriptional regulator CueR
ANT_2_01540	gene	447	ybbJ			
ANT_2_01540	CDS	447	ybbJ		COG1585	Inner membrane protein YbbJ
ANT_2_01541	gene	915	qmcA			
ANT_2_01541	CDS	915	qmcA		COG0330	Protein QmcA
ANT_2_01542	gene	858	cnoX			
ANT_2_01542	CDS	858	cnoX		COG3118	Chaperedoxin
ANT_2_01543	gene	774				
ANT_2_01543	CDS	774				hypothetical protein
ANT_2_01544	gene	657	tesA			
ANT_2_01544	CDS	657	tesA	3.1.2.2	COG2755	Thioesterase 1/protease 1/lysophospholipase L1
ANT_2_01545	gene	597	lolD			
ANT_2_01545	CDS	597	lolD	3.6.3.-	COG1136	Lipoprotein-releasing system ATP-binding protein LolD
ANT_2_01546	gene	2418				
ANT_2_01546	CDS	2418				hypothetical protein
ANT_2_01547	gene	1065	purK			
ANT_2_01547	CDS	1065	purK	6.3.4.18	COG0026	N5-carboxyaminoimidazole ribonucleotide synthase
ANT_2_01548	gene	507	purE			
ANT_2_01548	CDS	507	purE	5.4.99.18	COG0041	N5-carboxyaminoimidazole ribonucleotide mutase
ANT_2_01549	gene	717	lpxH			
ANT_2_01549	CDS	717	lpxH	3.6.1.54	COG2908	UDP-2,3-diacylglucosamine hydrolase
ANT_2_01550	gene	495	ppiB			
ANT_2_01550	CDS	495	ppiB	5.2.1.8	COG0652	Peptidyl-prolyl cis-trans isomerase B
ANT_2_01551	gene	861	cysS_1			
ANT_2_01551	CDS	861	cysS_1	6.1.1.16	COG0215	Cysteine--tRNA ligase
ANT_2_01552	gene	507	cysS_2			
ANT_2_01552	CDS	507	cysS_2	6.1.1.16	COG0215	Cysteine--tRNA ligase
ANT_2_01553	gene	1107				
ANT_2_01553	CDS	1107				hypothetical protein
ANT_2_01554	gene	213	ybcJ			
ANT_2_01554	CDS	213	ybcJ		COG2501	putative protein YbcJ
ANT_2_01555	gene	867	folD			
ANT_2_01555	CDS	867	folD		COG0190	Bifunctional protein FolD protein
ANT_2_01556	gene	504				
ANT_2_01556	CDS	504				hypothetical protein
ANT_2_01557	gene	77				
ANT_2_01557	tRNA	77				tRNA-Arg(tct)
ANT_2_01558	gene	324				
ANT_2_01558	CDS	324				hypothetical protein
ANT_2_01559	gene	672				
ANT_2_01559	CDS	672				hypothetical protein
ANT_2_01560	gene	102				
ANT_2_01560	CDS	102				hypothetical protein
ANT_2_01561	gene	486				
ANT_2_01561	CDS	486				hypothetical protein
ANT_2_01562	gene	1476				
ANT_2_01562	CDS	1476				hypothetical protein
ANT_2_01563	gene	495				
ANT_2_01563	CDS	495				hypothetical protein
ANT_2_01564	gene	408				
ANT_2_01564	CDS	408				hypothetical protein
ANT_2_01565	gene	1803				
ANT_2_01565	CDS	1803				hypothetical protein
ANT_2_01566	gene	936				
ANT_2_01566	CDS	936				hypothetical protein
ANT_2_01567	gene	1989	vgrG1			
ANT_2_01567	CDS	1989	vgrG1	6.3.2.-	COG3501	Actin cross-linking toxin VgrG1
ANT_2_01568	gene	513				
ANT_2_01568	CDS	513				hypothetical protein
ANT_2_01569	gene	303				
ANT_2_01569	CDS	303				hypothetical protein
ANT_2_01570	gene	1056				
ANT_2_01570	CDS	1056				hypothetical protein
ANT_2_01571	gene	657				
ANT_2_01571	CDS	657				hypothetical protein
ANT_2_01572	gene	1392				
ANT_2_01572	CDS	1392				hypothetical protein
ANT_2_01573	gene	627				
ANT_2_01573	CDS	627				hypothetical protein
ANT_2_01574	gene	3438				
ANT_2_01574	CDS	3438				hypothetical protein
ANT_2_01575	gene	2553	clpV1			
ANT_2_01575	CDS	2553	clpV1		COG0542	Protein ClpV1
ANT_2_01576	gene	1323				
ANT_2_01576	CDS	1323				hypothetical protein
ANT_2_01577	gene	906				
ANT_2_01577	CDS	906				hypothetical protein
ANT_2_01578	gene	894				
ANT_2_01578	CDS	894				hypothetical protein
ANT_2_01579	gene	492				
ANT_2_01579	CDS	492				hypothetical protein
ANT_2_01580	gene	339	ddpX_1			
ANT_2_01580	CDS	339	ddpX_1	3.4.13.22	COG2173	D-alanyl-D-alanine dipeptidase
ANT_2_01581	gene	234	ddpX_2			
ANT_2_01581	CDS	234	ddpX_2	3.4.13.22	COG2173	D-alanyl-D-alanine dipeptidase
ANT_2_01582	gene	237				
ANT_2_01582	CDS	237				hypothetical protein
ANT_2_01583	gene	597				
ANT_2_01583	CDS	597				hypothetical protein
ANT_2_01584	gene	1020				
ANT_2_01584	CDS	1020				hypothetical protein
ANT_2_01585	gene	966	corA_2			
ANT_2_01585	CDS	966	corA_2		COG0598	Cobalt/magnesium transport protein CorA
ANT_2_01586	gene	234				
ANT_2_01586	CDS	234				hypothetical protein
ANT_2_01587	gene	273				
ANT_2_01587	CDS	273				hypothetical protein
ANT_2_01588	gene	426				
ANT_2_01588	CDS	426				hypothetical protein
ANT_2_01589	gene	318				
ANT_2_01589	CDS	318				hypothetical protein
ANT_2_01590	gene	1239				
ANT_2_01590	CDS	1239				hypothetical protein
ANT_2_01591	gene	330				
ANT_2_01591	CDS	330				hypothetical protein
ANT_2_01592	gene	3759				
ANT_2_01592	CDS	3759				hypothetical protein
ANT_2_01593	gene	693				
ANT_2_01593	CDS	693				hypothetical protein
ANT_2_01594	gene	735				
ANT_2_01594	CDS	735				hypothetical protein
ANT_2_01595	gene	207				
ANT_2_01595	CDS	207				hypothetical protein
ANT_2_01596	gene	1194				
ANT_2_01596	CDS	1194		1.1.1.1	COG1063	putative zinc-binding alcohol dehydrogenase
ANT_2_01597	gene	591				
ANT_2_01597	CDS	591				hypothetical protein
ANT_2_01598	gene	1287	sdaC_2			
ANT_2_01598	CDS	1287	sdaC_2		COG0814	Serine transporter
ANT_2_01599	gene	1098	btuF_2			
ANT_2_01599	CDS	1098	btuF_2			Vitamin B12-binding protein
ANT_2_01600	gene	465				
ANT_2_01600	CDS	465				hypothetical protein
ANT_2_01601	gene	837	ybjI			
ANT_2_01601	CDS	837	ybjI	3.1.3.104	COG0561	5-amino-6-(5-phospho-D-ribitylamino)uracil phosphatase YbjI
ANT_2_01602	gene	1149	fucO			
ANT_2_01602	CDS	1149	fucO	1.1.1.77	COG1454	Lactaldehyde reductase
ANT_2_01603	gene	1317	gntT			
ANT_2_01603	CDS	1317	gntT		COG2610	High-affinity gluconate transporter
ANT_2_01604	gene	246				
ANT_2_01604	CDS	246				hypothetical protein
ANT_2_01605	gene	207				
ANT_2_01605	CDS	207				hypothetical protein
ANT_2_01606	gene	210	cspE			
ANT_2_01606	CDS	210	cspE			Cold shock-like protein CspE
ANT_2_01607	gene	432	phnO			
ANT_2_01607	CDS	432	phnO	2.3.1.280		Aminoalkylphosphonate N-acetyltransferase
ANT_2_01608	gene	792	ybeM			
ANT_2_01608	CDS	792	ybeM	3.5.1.128		Deaminated glutathione amidase
ANT_2_01609	gene	204	tatA_2			
ANT_2_01609	CDS	204	tatA_2		COG1826	Sec-independent protein translocase protein TatA
ANT_2_01610	gene	966	lipA			
ANT_2_01610	CDS	966	lipA	2.8.1.8	COG0320	Lipoyl synthase
ANT_2_01611	gene	660	lipB			
ANT_2_01611	CDS	660	lipB	2.3.1.181	COG0321	Octanoyltransferase
ANT_2_01612	gene	264				
ANT_2_01612	CDS	264				hypothetical protein
ANT_2_01613	gene	1263	dacA			
ANT_2_01613	CDS	1263	dacA	3.4.16.4	COG1686	D-alanyl-D-alanine carboxypeptidase DacA
ANT_2_01614	gene	1098	rlpA			
ANT_2_01614	CDS	1098	rlpA	4.2.2.-	COG0797	Endolytic peptidoglycan transglycosylase RlpA
ANT_2_01615	gene	1119	mrdB			
ANT_2_01615	CDS	1119	mrdB	2.4.1.129	COG0772	Peptidoglycan glycosyltransferase MrdB
ANT_2_01616	gene	1905	mrdA_1			
ANT_2_01616	CDS	1905	mrdA_1	3.4.16.4	COG0768	Peptidoglycan D,D-transpeptidase MrdA
ANT_2_01617	gene	438	rlmH			
ANT_2_01617	CDS	438	rlmH	2.1.1.177	COG1576	Ribosomal RNA large subunit methyltransferase H
ANT_2_01618	gene	318	rsfS			
ANT_2_01618	CDS	318	rsfS		COG0799	Ribosomal silencing factor RsfS
ANT_2_01619	gene	645	nadD			
ANT_2_01619	CDS	645	nadD	2.7.7.18	COG1057	Nicotinate-nucleotide adenylyltransferase
ANT_2_01620	gene	1032	holA			
ANT_2_01620	CDS	1032	holA	2.7.7.7	COG1466	DNA polymerase III subunit delta
ANT_2_01621	gene	600	lptE			
ANT_2_01621	CDS	600	lptE		COG2980	LPS-assembly lipoprotein LptE
ANT_2_01622	gene	2583	leuS			
ANT_2_01622	CDS	2583	leuS	6.1.1.4	COG0495	Leucine--tRNA ligase
ANT_2_01623	gene	483				
ANT_2_01623	CDS	483				hypothetical protein
ANT_2_01624	gene	726	glnQ_2			
ANT_2_01624	CDS	726	glnQ_2	3.6.3.-	COG1126	Glutamine transport ATP-binding protein GlnQ
ANT_2_01625	gene	678	gltK			
ANT_2_01625	CDS	678	gltK		COG0765	Glutamate/aspartate import permease protein GltK
ANT_2_01626	gene	741	gltJ			
ANT_2_01626	CDS	741	gltJ		COG0765	Glutamate/aspartate import permease protein GltJ
ANT_2_01627	gene	897	gltI			
ANT_2_01627	CDS	897	gltI		COG0834	Glutamate/aspartate import solute-binding protein
ANT_2_01628	gene	1524	lnt			
ANT_2_01628	CDS	1524	lnt	2.3.1.269	COG0815	Apolipoprotein N-acyltransferase
ANT_2_01629	gene	882	corC			
ANT_2_01629	CDS	882	corC		COG4535	Magnesium and cobalt efflux protein CorC
ANT_2_01630	gene	474	ybeY			
ANT_2_01630	CDS	474	ybeY	3.1.-.-	COG0319	Endoribonuclease YbeY
ANT_2_01631	gene	1062	ybeZ			
ANT_2_01631	CDS	1062	ybeZ		COG1702	PhoH-like protein
ANT_2_01632	gene	1386	miaB			
ANT_2_01632	CDS	1386	miaB	2.8.4.3	COG0621	tRNA-2-methylthio-N(6)-dimethylallyladenosine synthase
ANT_2_01633	gene	1173	ubiF			
ANT_2_01633	CDS	1173	ubiF	1.14.99.60	COG0654	3-demethoxyubiquinol 3-hydroxylase
ANT_2_01634	gene	75				
ANT_2_01634	tRNA	75				tRNA-Gln(ctg)
ANT_2_01635	gene	77				
ANT_2_01635	tRNA	77				tRNA-Met(cat)
ANT_2_01636	gene	75				
ANT_2_01636	tRNA	75				tRNA-Gln(ttg)
ANT_2_01637	gene	75				
ANT_2_01637	tRNA	75				tRNA-Gln(ttg)
ANT_2_01638	gene	85				
ANT_2_01638	tRNA	85				tRNA-Leu(tag)
ANT_2_01639	gene	77				
ANT_2_01639	tRNA	77				tRNA-Met(cat)
ANT_2_01640	gene	1668	asnB			
ANT_2_01640	CDS	1668	asnB	6.3.5.4	COG0367	Asparagine synthetase B [glutamine-hydrolyzing]
ANT_2_01641	gene	753	nagD			
ANT_2_01641	CDS	753	nagD	3.1.3.5	COG0647	Ribonucleotide monophosphatase NagD
ANT_2_01642	gene	1221	nagC_1			
ANT_2_01642	CDS	1221	nagC_1		COG1940	N-acetylglucosamine repressor
ANT_2_01643	gene	1149	nagA			
ANT_2_01643	CDS	1149	nagA	3.5.1.25	COG1820	N-acetylglucosamine-6-phosphate deacetylase
ANT_2_01644	gene	801	nagB			
ANT_2_01644	CDS	801	nagB	3.5.99.6	COG0363	Glucosamine-6-phosphate deaminase
ANT_2_01645	gene	2034	nagE			
ANT_2_01645	CDS	2034	nagE		COG1263	PTS system N-acetylglucosamine-specific EIICBA component
ANT_2_01646	gene	1668	glnS			
ANT_2_01646	CDS	1668	glnS	6.1.1.18	COG0008	Glutamine--tRNA ligase
ANT_2_01647	gene	396				
ANT_2_01647	CDS	396				hypothetical protein
ANT_2_01648	gene	444	fur			
ANT_2_01648	CDS	444	fur		COG0735	Ferric uptake regulation protein
ANT_2_01649	gene	531	fldA			
ANT_2_01649	CDS	531	fldA		COG0716	Flavodoxin
ANT_2_01650	gene	276	ybfE			
ANT_2_01650	CDS	276	ybfE			putative protein YbfE
ANT_2_01651	gene	765	ybfF			
ANT_2_01651	CDS	765	ybfF	3.1.-.-	COG0596	Esterase YbfF
ANT_2_01652	gene	546	seqA			
ANT_2_01652	CDS	546	seqA		COG3057	Negative modulator of initiation of replication
ANT_2_01653	gene	1641	pgm			
ANT_2_01653	CDS	1641	pgm	5.4.2.2	COG0033	Phosphoglucomutase
ANT_2_01654	gene	675	kdpE			
ANT_2_01654	CDS	675	kdpE		COG0745	KDP operon transcriptional regulatory protein KdpE
ANT_2_01655	gene	201				
ANT_2_01655	CDS	201				hypothetical protein
ANT_2_01656	gene	957				
ANT_2_01656	CDS	957				hypothetical protein
ANT_2_01657	gene	1425	phrB			
ANT_2_01657	CDS	1425	phrB	4.1.99.3	COG0415	Deoxyribodipyrimidine photo-lyase
ANT_2_01658	gene	744	ybgI			
ANT_2_01658	CDS	744	ybgI		COG0327	GTP cyclohydrolase 1 type 2 
ANT_2_01659	gene	657	pxpB			
ANT_2_01659	CDS	657	pxpB	3.5.2.9	COG2049	5-oxoprolinase subunit B
ANT_2_01660	gene	930	pxpC			
ANT_2_01660	CDS	930	pxpC	3.5.2.9	COG1984	5-oxoprolinase subunit C
ANT_2_01661	gene	738	pxpA			
ANT_2_01661	CDS	738	pxpA	3.5.2.9	COG1540	5-oxoprolinase subunit A
ANT_2_01662	gene	729				
ANT_2_01662	CDS	729				hypothetical protein
ANT_2_01663	gene	1017				
ANT_2_01663	CDS	1017				hypothetical protein
ANT_2_01664	gene	648	pcp			
ANT_2_01664	CDS	648	pcp	3.4.19.3	COG2039	Pyrrolidone-carboxylate peptidase
ANT_2_01665	gene	789	nei			
ANT_2_01665	CDS	789	nei	3.2.2.-	COG0266	Endonuclease 8
ANT_2_01666	gene	1284	gltA			
ANT_2_01666	CDS	1284	gltA	2.3.3.16	COG0372	Citrate synthase
ANT_2_01667	gene	441	sdhC			
ANT_2_01667	CDS	441	sdhC		COG2009	Succinate dehydrogenase cytochrome b556 subunit
ANT_2_01668	gene	348	sdhD			
ANT_2_01668	CDS	348	sdhD		COG2142	Succinate dehydrogenase hydrophobic membrane anchor subunit
ANT_2_01669	gene	1710	sdhA			
ANT_2_01669	CDS	1710	sdhA	1.3.5.1		Succinate dehydrogenase flavoprotein subunit
ANT_2_01670	gene	717	sdhB			
ANT_2_01670	CDS	717	sdhB	1.3.5.1	COG0479	Succinate dehydrogenase iron-sulfur subunit
ANT_2_01671	gene	2808	sucA			
ANT_2_01671	CDS	2808	sucA	1.2.4.2	COG0567	2-oxoglutarate dehydrogenase E1 component
ANT_2_01672	gene	1224	sucB			
ANT_2_01672	CDS	1224	sucB	2.3.1.61	COG0508	Dihydrolipoyllysine-residue succinyltransferase component of 2-oxoglutarate dehydrogenase complex
ANT_2_01673	gene	1167	sucC			
ANT_2_01673	CDS	1167	sucC	6.2.1.5	COG0045	Succinate--CoA ligase [ADP-forming] subunit beta
ANT_2_01674	gene	876	sucD			
ANT_2_01674	CDS	876	sucD	6.2.1.5	COG0074	Succinate--CoA ligase [ADP-forming] subunit alpha
ANT_2_01675	gene	1572	cydA			
ANT_2_01675	CDS	1572	cydA	7.1.1.7	COG1271	Cytochrome bd-I ubiquinol oxidase subunit 1
ANT_2_01676	gene	1140	cydB			
ANT_2_01676	CDS	1140	cydB	7.1.1.7	COG1294	Cytochrome bd-I ubiquinol oxidase subunit 2
ANT_2_01677	gene	105	cydX			
ANT_2_01677	CDS	105	cydX	7.1.1.7	COG4890	Cytochrome bd-I ubiquinol oxidase subunit X
ANT_2_01678	gene	294				
ANT_2_01678	CDS	294				hypothetical protein
ANT_2_01679	gene	405	ybgC			
ANT_2_01679	CDS	405	ybgC	3.1.2.-	COG0824	Acyl-CoA thioester hydrolase YbgC
ANT_2_01680	gene	687	tolQ			
ANT_2_01680	CDS	687	tolQ		COG0811	Tol-Pal system protein TolQ
ANT_2_01681	gene	429	tolR			
ANT_2_01681	CDS	429	tolR		COG0848	Tol-Pal system protein TolR
ANT_2_01682	gene	1278				
ANT_2_01682	CDS	1278				hypothetical protein
ANT_2_01683	gene	1296	tolB			
ANT_2_01683	CDS	1296	tolB		COG0823	Tol-Pal system protein TolB
ANT_2_01684	gene	522	pal_2			
ANT_2_01684	CDS	522	pal_2		COG2885	Peptidoglycan-associated lipoprotein
ANT_2_01685	gene	786	cpoB			
ANT_2_01685	CDS	786	cpoB		COG1729	Cell division coordinator CpoB
ANT_2_01686	gene	76				
ANT_2_01686	tRNA	76				tRNA-Lys(ttt)
ANT_2_01687	gene	204				
ANT_2_01687	CDS	204				hypothetical protein
ANT_2_01688	gene	102				
ANT_2_01688	CDS	102				hypothetical protein
ANT_2_01689	gene	159				
ANT_2_01689	CDS	159				hypothetical protein
ANT_2_01690	gene	150				
ANT_2_01690	CDS	150				hypothetical protein
ANT_2_01691	gene	102				
ANT_2_01691	CDS	102				hypothetical protein
ANT_2_01692	gene	102				
ANT_2_01692	CDS	102				hypothetical protein
ANT_2_01693	gene	207				
ANT_2_01693	CDS	207				hypothetical protein
ANT_2_01694	gene	102				
ANT_2_01694	CDS	102				hypothetical protein
ANT_2_01695	gene	192				
ANT_2_01695	CDS	192				hypothetical protein
ANT_2_01696	gene	504				
ANT_2_01696	CDS	504				hypothetical protein
ANT_2_01697	gene	744				
ANT_2_01697	CDS	744				hypothetical protein
ANT_2_01698	gene	258				
ANT_2_01698	CDS	258				hypothetical protein
ANT_2_01699	gene	312				
ANT_2_01699	CDS	312				hypothetical protein
ANT_2_01700	gene	288				
ANT_2_01700	CDS	288				hypothetical protein
ANT_2_01701	gene	315				
ANT_2_01701	CDS	315				hypothetical protein
ANT_2_01702	gene	585				
ANT_2_01702	CDS	585				hypothetical protein
ANT_2_01703	gene	183	trg_2			
ANT_2_01703	CDS	183	trg_2		COG0840	Methyl-accepting chemotaxis protein III
ANT_2_01704	gene	465				
ANT_2_01704	CDS	465				hypothetical protein
ANT_2_01705	gene	153				
ANT_2_01705	CDS	153				hypothetical protein
ANT_2_01706	gene	258				
ANT_2_01706	CDS	258				hypothetical protein
ANT_2_01707	gene	180				
ANT_2_01707	CDS	180				hypothetical protein
ANT_2_01708	gene	303				
ANT_2_01708	CDS	303				hypothetical protein
ANT_2_01709	gene	207				
ANT_2_01709	CDS	207				hypothetical protein
ANT_2_01710	gene	339				
ANT_2_01710	CDS	339				hypothetical protein
ANT_2_01711	gene	708				
ANT_2_01711	CDS	708				hypothetical protein
ANT_2_01712	gene	267				
ANT_2_01712	CDS	267				hypothetical protein
ANT_2_01713	gene	99				
ANT_2_01713	CDS	99				hypothetical protein
ANT_2_01714	gene	153				
ANT_2_01714	CDS	153				hypothetical protein
ANT_2_01715	gene	207				
ANT_2_01715	CDS	207				hypothetical protein
ANT_2_01716	gene	312				
ANT_2_01716	CDS	312				hypothetical protein
ANT_2_01717	gene	213				
ANT_2_01717	CDS	213				hypothetical protein
ANT_2_01718	gene	213				
ANT_2_01718	CDS	213				hypothetical protein
ANT_2_01719	gene	93				
ANT_2_01719	CDS	93				hypothetical protein
ANT_2_01720	gene	153				
ANT_2_01720	CDS	153				hypothetical protein
ANT_2_01721	gene	918	argP_2			
ANT_2_01721	CDS	918	argP_2			HTH-type transcriptional regulator ArgP
ANT_2_01722	gene	1035	rbsC_4			
ANT_2_01722	CDS	1035	rbsC_4		COG1172	Ribose import permease protein RbsC
ANT_2_01723	gene	1485	mglA_3			
ANT_2_01723	CDS	1485	mglA_3	7.5.2.11	COG1129	Galactose/methyl galactoside import ATP-binding protein MglA
ANT_2_01724	gene	924	thpA_2			
ANT_2_01724	CDS	924	thpA_2		COG1879	D-threitol-binding protein
ANT_2_01725	gene	76				
ANT_2_01725	tRNA	76				tRNA-Asn(gtt)
ANT_2_01726	gene	495				
ANT_2_01726	CDS	495				hypothetical protein
ANT_2_01727	gene	783				
ANT_2_01727	CDS	783				hypothetical protein
ANT_2_01728	gene	336				
ANT_2_01728	CDS	336				hypothetical protein
ANT_2_01729	gene	777	caf1M			
ANT_2_01729	CDS	777	caf1M		COG3121	Chaperone protein caf1M
ANT_2_01730	gene	2514	caf1A			
ANT_2_01730	CDS	2514	caf1A		COG3188	F1 capsule-anchoring protein
ANT_2_01731	gene	453				
ANT_2_01731	CDS	453				hypothetical protein
ANT_2_01732	gene	555				
ANT_2_01732	CDS	555				hypothetical protein
ANT_2_01733	gene	987	vldW_2			
ANT_2_01733	CDS	987	vldW_2	1.14.11.52		Validamycin A dioxygenase
ANT_2_01734	gene	1428				
ANT_2_01734	CDS	1428		3.5.4.11		Isoxanthopterin deaminase
ANT_2_01735	gene	990				
ANT_2_01735	CDS	990				hypothetical protein
ANT_2_01736	gene	924	cynR_1			
ANT_2_01736	CDS	924	cynR_1			HTH-type transcriptional regulator CynR
ANT_2_01737	gene	975	ophA1			
ANT_2_01737	CDS	975	ophA1	1.-.-.-		Phthalate dioxygenase reductase
ANT_2_01738	gene	1281	codAch2			
ANT_2_01738	CDS	1281	codAch2	3.5.4.11	COG0402	Pterin deaminase
ANT_2_01739	gene	462	rutC_1			
ANT_2_01739	CDS	462	rutC_1	1.-.-.-		Putative aminoacrylate peracid reductase RutC
ANT_2_01740	gene	882	crnA			
ANT_2_01740	CDS	882	crnA	3.5.2.10		Creatinine amidohydrolase
ANT_2_01741	gene	984				
ANT_2_01741	CDS	984				hypothetical protein
ANT_2_01742	gene	828	btuD_7			
ANT_2_01742	CDS	828	btuD_7	7.6.2.8		Vitamin B12 import ATP-binding protein BtuD
ANT_2_01743	gene	816	ribX_2			
ANT_2_01743	CDS	816	ribX_2			Riboflavin transport system permease protein RibX
ANT_2_01744	gene	1404				
ANT_2_01744	CDS	1404				hypothetical protein
ANT_2_01745	gene	231				
ANT_2_01745	CDS	231				hypothetical protein
ANT_2_01746	gene	909				
ANT_2_01746	CDS	909				hypothetical protein
ANT_2_01747	gene	486				
ANT_2_01747	CDS	486				hypothetical protein
ANT_2_01748	gene	783				
ANT_2_01748	CDS	783				hypothetical protein
ANT_2_01749	gene	255				
ANT_2_01749	CDS	255				hypothetical protein
ANT_2_01750	gene	882				
ANT_2_01750	CDS	882				hypothetical protein
ANT_2_01751	gene	846				
ANT_2_01751	CDS	846				hypothetical protein
ANT_2_01752	gene	699				
ANT_2_01752	CDS	699				hypothetical protein
ANT_2_01753	gene	747				
ANT_2_01753	CDS	747				hypothetical protein
ANT_2_01754	gene	546				
ANT_2_01754	CDS	546				hypothetical protein
ANT_2_01755	gene	579				
ANT_2_01755	CDS	579				hypothetical protein
ANT_2_01756	gene	2661	fimD			
ANT_2_01756	CDS	2661	fimD		COG3188	Outer membrane usher protein FimD
ANT_2_01757	gene	702	sfmC			
ANT_2_01757	CDS	702	sfmC			putative fimbrial chaperone SfmC
ANT_2_01758	gene	591	sfaA			
ANT_2_01758	CDS	591	sfaA			S-fimbrial protein subunit SfaA
ANT_2_01759	gene	273				
ANT_2_01759	CDS	273				hypothetical protein
ANT_2_01760	gene	1911				
ANT_2_01760	CDS	1911				hypothetical protein
ANT_2_01761	gene	261				
ANT_2_01761	CDS	261				hypothetical protein
ANT_2_01762	gene	699	rluA_1			
ANT_2_01762	CDS	699	rluA_1	5.4.99.28	COG0564	Dual-specificity RNA pseudouridine synthase RluA
ANT_2_01763	gene	540				
ANT_2_01763	CDS	540				hypothetical protein
ANT_2_01764	gene	633	nicS			
ANT_2_01764	CDS	633	nicS			HTH-type transcriptional repressor NicS
ANT_2_01765	gene	1383				
ANT_2_01765	CDS	1383		1.1.2.-	COG0277	L-gulono-1,4-lactone dehydrogenase
ANT_2_01766	gene	831				
ANT_2_01766	CDS	831				hypothetical protein
ANT_2_01767	gene	1122	gfo			
ANT_2_01767	CDS	1122	gfo	1.1.99.28		Glucose--fructose oxidoreductase
ANT_2_01768	gene	76				
ANT_2_01768	tRNA	76				tRNA-Asn(gtt)
ANT_2_01769	gene	315	ccdB			
ANT_2_01769	CDS	315	ccdB			Toxin CcdB
ANT_2_01770	gene	237				
ANT_2_01770	CDS	237				hypothetical protein
ANT_2_01771	gene	1452				
ANT_2_01771	CDS	1452			COG2308	putative protein
ANT_2_01772	gene	942				
ANT_2_01772	CDS	942				hypothetical protein
ANT_2_01773	gene	795				
ANT_2_01773	CDS	795			COG1305	putative protein
ANT_2_01774	gene	732				
ANT_2_01774	CDS	732				hypothetical protein
ANT_2_01775	gene	2220	katG			
ANT_2_01775	CDS	2220	katG	1.11.1.21	COG0376	Catalase-peroxidase
ANT_2_01776	gene	3096	cnrA			
ANT_2_01776	CDS	3096	cnrA			Nickel and cobalt resistance protein CnrA
ANT_2_01777	gene	1098	mdtA_1			
ANT_2_01777	CDS	1098	mdtA_1			Multidrug resistance protein MdtA
ANT_2_01778	gene	1023				
ANT_2_01778	CDS	1023				hypothetical protein
ANT_2_01779	gene	774				
ANT_2_01779	CDS	774				hypothetical protein
ANT_2_01780	gene	915				
ANT_2_01780	CDS	915				hypothetical protein
ANT_2_01781	gene	1062	lacI_2			
ANT_2_01781	CDS	1062	lacI_2		COG1609	Lactose operon repressor
ANT_2_01782	gene	327				
ANT_2_01782	CDS	327				hypothetical protein
ANT_2_01783	gene	1059	yeeA			
ANT_2_01783	CDS	1059	yeeA		COG1289	Inner membrane protein YeeA
ANT_2_01784	gene	1164	dacD			
ANT_2_01784	CDS	1164	dacD	3.4.16.4	COG1686	D-alanyl-D-alanine carboxypeptidase DacD
ANT_2_01785	gene	129				
ANT_2_01785	CDS	129				hypothetical protein
ANT_2_01786	gene	1428	sbcB			
ANT_2_01786	CDS	1428	sbcB	3.1.11.1	COG2925	Exodeoxyribonuclease I
ANT_2_01787	gene	1356	ygbN			
ANT_2_01787	CDS	1356	ygbN		COG2610	Inner membrane permease YgbN
ANT_2_01788	gene	786	otnI_2			
ANT_2_01788	CDS	786	otnI_2	5.3.1.35	COG3622	2-oxo-tetronate isomerase
ANT_2_01789	gene	645	otnC			
ANT_2_01789	CDS	645	otnC	4.1.1.104		3-oxo-tetronate 4-phosphate decarboxylase
ANT_2_01790	gene	1263	otnK			
ANT_2_01790	CDS	1263	otnK	2.7.1.217	COG3395	3-oxo-tetronate kinase
ANT_2_01791	gene	906	ltnD_2			
ANT_2_01791	CDS	906	ltnD_2	1.1.1.411	COG2084	L-threonate dehydrogenase
ANT_2_01792	gene	762	glpR_3			
ANT_2_01792	CDS	762	glpR_3		COG1349	Glycerol-3-phosphate regulon repressor
ANT_2_01793	gene	1359	plaP			
ANT_2_01793	CDS	1359	plaP		COG0531	Low-affinity putrescine importer PlaP
ANT_2_01794	gene	165				
ANT_2_01794	CDS	165				hypothetical protein
ANT_2_01795	gene	1416	puuA			
ANT_2_01795	CDS	1416	puuA	6.3.1.11	COG0174	Gamma-glutamylputrescine synthetase PuuA
ANT_2_01796	gene	768	puuD			
ANT_2_01796	CDS	768	puuD	3.5.1.94	COG2071	Gamma-glutamyl-gamma-aminobutyrate hydrolase PuuD
ANT_2_01797	gene	558	puuR			
ANT_2_01797	CDS	558	puuR			HTH-type transcriptional regulator PuuR
ANT_2_01798	gene	1278	puuB_1			
ANT_2_01798	CDS	1278	puuB_1	1.4.3.-		Gamma-glutamylputrescine oxidoreductase
ANT_2_01799	gene	360	yfdG_2			
ANT_2_01799	CDS	360	yfdG_2		COG2246	Prophage bactoprenol-linked glucose translocase 
ANT_2_01800	gene	945	yfdH_2			
ANT_2_01800	CDS	945	yfdH_2	2.4.1.-	COG0463	Prophage bactoprenol glucosyl transferase 
ANT_2_01801	gene	102				
ANT_2_01801	CDS	102				hypothetical protein
ANT_2_01802	gene	1299				
ANT_2_01802	CDS	1299				hypothetical protein
ANT_2_01803	gene	288				
ANT_2_01803	CDS	288				hypothetical protein
ANT_2_01804	gene	828	yeeZ			
ANT_2_01804	CDS	828	yeeZ		COG0451	Protein YeeZ
ANT_2_01805	gene	900	hisG			
ANT_2_01805	CDS	900	hisG	2.4.2.17	COG0040	ATP phosphoribosyltransferase
ANT_2_01806	gene	1305	hisD			
ANT_2_01806	CDS	1305	hisD	1.1.1.23	COG0141	Histidinol dehydrogenase
ANT_2_01807	gene	1077	hisC			
ANT_2_01807	CDS	1077	hisC	2.6.1.9	COG0079	Histidinol-phosphate aminotransferase
ANT_2_01808	gene	1068	hisB			
ANT_2_01808	CDS	1068	hisB		COG0131	Histidine biosynthesis bifunctional protein HisB
ANT_2_01809	gene	591	hisH			
ANT_2_01809	CDS	591	hisH	4.3.2.10	COG0118	Imidazole glycerol phosphate synthase subunit HisH
ANT_2_01810	gene	738	hisA			
ANT_2_01810	CDS	738	hisA	5.3.1.16	COG0106	1-(5-phosphoribosyl)-5-[(5-phosphoribosylamino)methylideneamino] imidazole-4-carboxamide isomerase
ANT_2_01811	gene	777	hisF			
ANT_2_01811	CDS	777	hisF	4.3.2.10	COG0107	Imidazole glycerol phosphate synthase subunit HisF
ANT_2_01812	gene	612	hisI			
ANT_2_01812	CDS	612	hisI	3.5.4.19		Histidine biosynthesis bifunctional protein HisIE
ANT_2_01813	gene	477				
ANT_2_01813	CDS	477				hypothetical protein
ANT_2_01814	gene	792	argT_3			
ANT_2_01814	CDS	792	argT_3		COG0834	Lysine/arginine/ornithine-binding periplasmic protein
ANT_2_01815	gene	1299				
ANT_2_01815	CDS	1299				hypothetical protein
ANT_2_01816	gene	2058				
ANT_2_01816	CDS	2058				hypothetical protein
ANT_2_01817	gene	1413	gnd			
ANT_2_01817	CDS	1413	gnd	1.1.1.44	COG0362	6-phosphogluconate dehydrogenase, decarboxylating
ANT_2_01818	gene	906	fcf1			
ANT_2_01818	CDS	906	fcf1	1.1.1.266		dTDP-4-dehydro-6-deoxyglucose reductase
ANT_2_01819	gene	1248				
ANT_2_01819	CDS	1248				hypothetical protein
ANT_2_01820	gene	978				
ANT_2_01820	CDS	978				hypothetical protein
ANT_2_01821	gene	1341				
ANT_2_01821	CDS	1341				hypothetical protein
ANT_2_01822	gene	831				
ANT_2_01822	CDS	831				hypothetical protein
ANT_2_01823	gene	1233	btuD_8			
ANT_2_01823	CDS	1233	btuD_8	7.6.2.8		Vitamin B12 import ATP-binding protein BtuD
ANT_2_01824	gene	849				
ANT_2_01824	CDS	849				hypothetical protein
ANT_2_01825	gene	933				
ANT_2_01825	CDS	933				hypothetical protein
ANT_2_01826	gene	546	rfbC			
ANT_2_01826	CDS	546	rfbC	5.1.3.13	COG1898	dTDP-4-dehydrorhamnose 3,5-epimerase
ANT_2_01827	gene	882	rfbA			
ANT_2_01827	CDS	882	rfbA	2.7.7.24	COG1209	Glucose-1-phosphate thymidylyltransferase 1
ANT_2_01828	gene	888	rfbD			
ANT_2_01828	CDS	888	rfbD	1.1.1.133	COG1091	dTDP-4-dehydrorhamnose reductase
ANT_2_01829	gene	1080	rfbB			
ANT_2_01829	CDS	1080	rfbB	4.2.1.46	COG1088	dTDP-glucose 4,6-dehydratase
ANT_2_01830	gene	1014	galE			
ANT_2_01830	CDS	1014	galE	5.1.3.2	COG1087	UDP-glucose 4-epimerase
ANT_2_01831	gene	903	galF			
ANT_2_01831	CDS	903	galF	2.7.7.9	COG1210	UTP--glucose-1-phosphate uridylyltransferase
ANT_2_01832	gene	1341	wzxC_1			
ANT_2_01832	CDS	1341	wzxC_1		COG2244	Lipopolysaccharide biosynthesis protein WzxC
ANT_2_01833	gene	1224	mshA_1			
ANT_2_01833	CDS	1224	mshA_1	2.4.1.250		D-inositol-3-phosphate glycosyltransferase
ANT_2_01834	gene	1263				
ANT_2_01834	CDS	1263				hypothetical protein
ANT_2_01835	gene	2217				
ANT_2_01835	CDS	2217				hypothetical protein
ANT_2_01836	gene	1035	pglH			
ANT_2_01836	CDS	1035	pglH	2.4.1.292	COG0438	GalNAc-alpha-(1->4)-GalNAc-alpha-(1->3)-diNAcBac-PP-undecaprenol alpha-1,4-N-acetyl-D-galactosaminyltransferase
ANT_2_01837	gene	753	wfgD			
ANT_2_01837	CDS	753	wfgD	2.4.1.305		UDP-Glc:alpha-D-GlcNAc-diphosphoundecaprenol beta-1,3-glucosyltransferase WfgD
ANT_2_01838	gene	918				
ANT_2_01838	CDS	918				hypothetical protein
ANT_2_01839	gene	1179				
ANT_2_01839	CDS	1179				hypothetical protein
ANT_2_01840	gene	705				
ANT_2_01840	CDS	705				hypothetical protein
ANT_2_01841	gene	1137				
ANT_2_01841	CDS	1137				hypothetical protein
ANT_2_01842	gene	2178	wzc			
ANT_2_01842	CDS	2178	wzc	2.7.10.-	COG0489	Tyrosine-protein kinase wzc
ANT_2_01843	gene	435	amsI			
ANT_2_01843	CDS	435	amsI	3.1.3.48	COG0394	putative low molecular weight protein-tyrosine-phosphatase AmsI
ANT_2_01844	gene	1140				
ANT_2_01844	CDS	1140				hypothetical protein
ANT_2_01845	gene	1434				
ANT_2_01845	CDS	1434				hypothetical protein
ANT_2_01846	gene	1572				
ANT_2_01846	CDS	1572				hypothetical protein
ANT_2_01847	gene	1824				
ANT_2_01847	CDS	1824				hypothetical protein
ANT_2_01848	gene	582	dcd			
ANT_2_01848	CDS	582	dcd	3.5.4.13	COG0717	dCTP deaminase
ANT_2_01849	gene	642	udk			
ANT_2_01849	CDS	642	udk	2.7.1.48	COG0572	Uridine kinase
ANT_2_01850	gene	615				
ANT_2_01850	CDS	615				hypothetical protein
ANT_2_01851	gene	3342	dgcE			
ANT_2_01851	CDS	3342	dgcE	2.7.7.65	COG2202	putative diguanylate cyclase DgcE
ANT_2_01852	gene	1353	dnaK_1			
ANT_2_01852	CDS	1353	dnaK_1		COG0443	Chaperone protein DnaK
ANT_2_01853	gene	1341	oprB			
ANT_2_01853	CDS	1341	oprB		COG3659	Porin B
ANT_2_01854	gene	960	yajO_2			
ANT_2_01854	CDS	960	yajO_2	1.1.-.-	COG0667	1-deoxyxylulose-5-phosphate synthase YajO
ANT_2_01855	gene	1239	mdtA_2			
ANT_2_01855	CDS	1239	mdtA_2			Multidrug resistance protein MdtA
ANT_2_01856	gene	3123	mdtB_1			
ANT_2_01856	CDS	3123	mdtB_1			Multidrug resistance protein MdtB
ANT_2_01857	gene	3072	mdtC_1			
ANT_2_01857	CDS	3072	mdtC_1			Multidrug resistance protein MdtC
ANT_2_01858	gene	1407	mdtD			
ANT_2_01858	CDS	1407	mdtD			Putative multidrug resistance protein MdtD
ANT_2_01859	gene	1389	baeS			
ANT_2_01859	CDS	1389	baeS	2.7.13.3	COG0642	Signal transduction histidine-protein kinase BaeS
ANT_2_01860	gene	708	baeR			
ANT_2_01860	CDS	708	baeR		COG0745	Transcriptional regulatory protein BaeR
ANT_2_01861	gene	1380	rlhA			
ANT_2_01861	CDS	1380	rlhA		COG0826	23S rRNA 5-hydroxycytidine synthase
ANT_2_01862	gene	900	yegS			
ANT_2_01862	CDS	900	yegS	2.7.1.-	COG1597	putative lipid kinase YegS
ANT_2_01863	gene	1215				
ANT_2_01863	CDS	1215		4.2.1.-	COG4948	D-galactonate dehydratase family member
ANT_2_01864	gene	1011	rspB			
ANT_2_01864	CDS	1011	rspB	1.1.1.-	COG1063	Starvation-sensing protein RspB
ANT_2_01865	gene	1284	exuT_2			
ANT_2_01865	CDS	1284	exuT_2			Hexuronate transporter
ANT_2_01866	gene	1461	por			
ANT_2_01866	CDS	1461	por	1.1.1.-	COG0246	Polyol:NADP oxidoreductase
ANT_2_01867	gene	687	rspR_1			
ANT_2_01867	CDS	687	rspR_1		COG1802	HTH-type transcriptional repressor RspR
ANT_2_01868	gene	801	thiD			
ANT_2_01868	CDS	801	thiD	2.7.1.49	COG0351	Hydroxymethylpyrimidine/phosphomethylpyrimidine kinase
ANT_2_01869	gene	798	thiM			
ANT_2_01869	CDS	798	thiM	2.7.1.50	COG2145	Hydroxyethylthiazole kinase
ANT_2_01870	gene	198				
ANT_2_01870	CDS	198				hypothetical protein
ANT_2_01871	gene	960				
ANT_2_01871	CDS	960				hypothetical protein
ANT_2_01872	gene	1566	ahpF			
ANT_2_01872	CDS	1566	ahpF	1.8.1.-	COG3634	Alkyl hydroperoxide reductase subunit F
ANT_2_01873	gene	564	ahpC			
ANT_2_01873	CDS	564	ahpC	1.11.1.15	COG0450	Alkyl hydroperoxide reductase C
ANT_2_01874	gene	456				
ANT_2_01874	CDS	456				hypothetical protein
ANT_2_01875	gene	1113	apbC			
ANT_2_01875	CDS	1113	apbC		COG0489	Iron-sulfur cluster carrier protein
ANT_2_01876	gene	2034	metG			
ANT_2_01876	CDS	2034	metG	6.1.1.10	COG0073	Methionine--tRNA ligase
ANT_2_01877	gene	393				
ANT_2_01877	CDS	393				hypothetical protein
ANT_2_01878	gene	693	yohK_1			
ANT_2_01878	CDS	693	yohK_1		COG1346	Inner membrane protein YohK
ANT_2_01879	gene	891	cdd			
ANT_2_01879	CDS	891	cdd	3.5.4.5	COG0295	Cytidine deaminase
ANT_2_01880	gene	1698	maeA			
ANT_2_01880	CDS	1698	maeA	1.1.1.38	COG0281	NAD-dependent malic enzyme
ANT_2_01881	gene	720				
ANT_2_01881	CDS	720				hypothetical protein
ANT_2_01882	gene	1011	mglC			
ANT_2_01882	CDS	1011	mglC		COG4211	Galactoside transport system permease protein MglC
ANT_2_01883	gene	1521	mglA_4			
ANT_2_01883	CDS	1521	mglA_4	7.5.2.11	COG1129	Galactose/methyl galactoside import ATP-binding protein MglA
ANT_2_01884	gene	996	mglB			
ANT_2_01884	CDS	996	mglB		COG1879	D-galactose-binding periplasmic protein
ANT_2_01885	gene	1041	galS			
ANT_2_01885	CDS	1041	galS		COG1609	HTH-type transcriptional regulator GalS
ANT_2_01886	gene	1161				
ANT_2_01886	CDS	1161				hypothetical protein
ANT_2_01887	gene	666	folE			
ANT_2_01887	CDS	666	folE	3.5.4.16	COG0302	GTP cyclohydrolase 1
ANT_2_01888	gene	1128				
ANT_2_01888	CDS	1128				hypothetical protein
ANT_2_01889	gene	912	gltR			
ANT_2_01889	CDS	912	gltR		COG0583	HTH-type transcriptional regulator GltR
ANT_2_01890	gene	1125	frmA			
ANT_2_01890	CDS	1125	frmA	1.1.1.284	COG1062	S-(hydroxymethyl)glutathione dehydrogenase
ANT_2_01891	gene	843	yeiG			
ANT_2_01891	CDS	843	yeiG	3.1.2.12	COG0627	S-formylglutathione hydrolase YeiG
ANT_2_01892	gene	789	fepC			
ANT_2_01892	CDS	789	fepC		COG1120	Ferric enterobactin transport ATP-binding protein FepC
ANT_2_01893	gene	1077	hmuU			
ANT_2_01893	CDS	1077	hmuU		COG0609	Hemin transport system permease protein HmuU
ANT_2_01894	gene	1467	lysP			
ANT_2_01894	CDS	1467	lysP		COG0833	Lysine-specific permease
ANT_2_01895	gene	867	cysL_2			
ANT_2_01895	CDS	867	cysL_2		COG0583	HTH-type transcriptional regulator CysL
ANT_2_01896	gene	375				
ANT_2_01896	CDS	375				hypothetical protein
ANT_2_01897	gene	1056				
ANT_2_01897	CDS	1056				hypothetical protein
ANT_2_01898	gene	846	nfo			
ANT_2_01898	CDS	846	nfo	3.1.21.2	COG0648	Endonuclease 4
ANT_2_01899	gene	1713	fruA_1			
ANT_2_01899	CDS	1713	fruA_1		COG1299	PTS system fructose-specific EIIB'BC component
ANT_2_01900	gene	1077	ycfT			
ANT_2_01900	CDS	1077	ycfT		COG4763	Inner membrane protein YcfT
ANT_2_01901	gene	141				
ANT_2_01901	CDS	141				hypothetical protein
ANT_2_01902	gene	753	artM			
ANT_2_01902	CDS	753	artM		COG1126	Arginine transport ATP-binding protein ArtM
ANT_2_01903	gene	669	yecS_2			
ANT_2_01903	CDS	669	yecS_2		COG0765	L-cystine transport system permease protein YecS
ANT_2_01904	gene	774	fliY_2			
ANT_2_01904	CDS	774	fliY_2		COG0834	L-cystine-binding protein FliY
ANT_2_01905	gene	987	dcyD			
ANT_2_01905	CDS	987	dcyD	4.4.1.15	COG2515	D-cysteine desulfhydrase
ANT_2_01906	gene	504	fliZ			
ANT_2_01906	CDS	504	fliZ			Regulator of sigma S factor FliZ
ANT_2_01907	gene	723	fliA			
ANT_2_01907	CDS	723	fliA		COG1191	RNA polymerase sigma factor FliA
ANT_2_01908	gene	969				
ANT_2_01908	CDS	969				hypothetical protein
ANT_2_01909	gene	3408				
ANT_2_01909	CDS	3408				hypothetical protein
ANT_2_01910	gene	366				
ANT_2_01910	CDS	366				hypothetical protein
ANT_2_01911	gene	195				
ANT_2_01911	CDS	195				hypothetical protein
ANT_2_01912	gene	486				
ANT_2_01912	CDS	486				hypothetical protein
ANT_2_01913	gene	186				
ANT_2_01913	CDS	186				hypothetical protein
ANT_2_01914	gene	102				
ANT_2_01914	CDS	102				hypothetical protein
ANT_2_01915	gene	207				
ANT_2_01915	CDS	207				hypothetical protein
ANT_2_01916	gene	83				
ANT_2_01916	rRNA	83				5S ribosomal RNA (partial)
ANT_2_01917	gene	930	metAS			
ANT_2_01917	CDS	930	metAS	2.3.1.46	COG1897	Homoserine O-succinyltransferase
ANT_2_01918	gene	1599	aceB			
ANT_2_01918	CDS	1599	aceB	2.3.3.9	COG2225	Malate synthase A
ANT_2_01919	gene	1302	aceA			
ANT_2_01919	CDS	1302	aceA	4.1.3.1	COG2224	Isocitrate lyase
ANT_2_01920	gene	1749	aceK			
ANT_2_01920	CDS	1749	aceK	2.7.11.5	COG4579	Isocitrate dehydrogenase kinase/phosphatase
ANT_2_01921	gene	828	iclR			
ANT_2_01921	CDS	828	iclR		COG1414	Transcriptional repressor IclR
ANT_2_01922	gene	3732	metH			
ANT_2_01922	CDS	3732	metH	2.1.1.13	COG0646	Methionine synthase
ANT_2_01923	gene	255				
ANT_2_01923	CDS	255				hypothetical protein
ANT_2_01924	gene	2091				
ANT_2_01924	CDS	2091				hypothetical protein
ANT_2_01925	gene	744				
ANT_2_01925	CDS	744				hypothetical protein
ANT_2_01926	gene	753	gfcB			
ANT_2_01926	CDS	753	gfcB			putative lipoprotein GfcB
ANT_2_01927	gene	258				
ANT_2_01927	CDS	258				hypothetical protein
ANT_2_01928	gene	1647	pgi			
ANT_2_01928	CDS	1647	pgi	5.3.1.9	COG0166	Glucose-6-phosphate isomerase
ANT_2_01929	gene	1353	lysC			
ANT_2_01929	CDS	1353	lysC	2.7.2.4	COG0527	Lysine-sensitive aspartokinase 3
ANT_2_01930	gene	918	panS			
ANT_2_01930	CDS	918	panS		COG0385	Pantothenate precursors transporter PanS
ANT_2_01931	gene	1626				
ANT_2_01931	CDS	1626				hypothetical protein
ANT_2_01932	gene	993	potA_3			
ANT_2_01932	CDS	993	potA_3	7.6.2.11	COG3842	Spermidine/putrescine import ATP-binding protein PotA
ANT_2_01933	gene	786	phnV			
ANT_2_01933	CDS	786	phnV		COG1177	Putative 2-aminoethylphosphonate transport system permease protein PhnV
ANT_2_01934	gene	846				
ANT_2_01934	CDS	846				hypothetical protein
ANT_2_01935	gene	813				
ANT_2_01935	CDS	813				hypothetical protein
ANT_2_01936	gene	1062				
ANT_2_01936	CDS	1062				hypothetical protein
ANT_2_01937	gene	708	phnR			
ANT_2_01937	CDS	708	phnR		COG2188	Putative transcriptional regulator of 2-aminoethylphosphonate degradation operons
ANT_2_01938	gene	411	psiE			
ANT_2_01938	CDS	411	psiE		COG3223	Protein PsiE
ANT_2_01939	gene	513	ubiC			
ANT_2_01939	CDS	513	ubiC	4.1.3.40	COG3161	Chorismate pyruvate-lyase
ANT_2_01940	gene	888	ubiA			
ANT_2_01940	CDS	888	ubiA	2.5.1.39	COG0382	4-hydroxybenzoate octaprenyltransferase
ANT_2_01941	gene	2433	plsB			
ANT_2_01941	CDS	2433	plsB	2.3.1.15	COG2937	Glycerol-3-phosphate acyltransferase
ANT_2_01942	gene	369	dgkA			
ANT_2_01942	CDS	369	dgkA	2.7.1.107	COG0818	Diacylglycerol kinase
ANT_2_01943	gene	615	lexA			
ANT_2_01943	CDS	615	lexA	3.4.21.88	COG1974	LexA repressor
ANT_2_01944	gene	1323	dinF			
ANT_2_01944	CDS	1323	dinF		COG0534	DNA damage-inducible protein F
ANT_2_01945	gene	213				
ANT_2_01945	CDS	213				hypothetical protein
ANT_2_01946	gene	522	zur			
ANT_2_01946	CDS	522	zur		COG0735	Zinc uptake regulation protein
ANT_2_01947	gene	1251				
ANT_2_01947	CDS	1251				hypothetical protein
ANT_2_01948	gene	993	dusA			
ANT_2_01948	CDS	993	dusA	1.3.1.-	COG0042	tRNA-dihydrouridine(20/20a) synthase
ANT_2_01949	gene	267	pspG			
ANT_2_01949	CDS	267	pspG			Phage shock protein G
ANT_2_01950	gene	984	qorA			
ANT_2_01950	CDS	984	qorA	1.6.5.5	COG0604	Quinone oxidoreductase 1
ANT_2_01951	gene	1407	dnaB			
ANT_2_01951	CDS	1407	dnaB	3.6.4.12	COG0305	Replicative DNA helicase
ANT_2_01952	gene	480	lrp_1			
ANT_2_01952	CDS	480	lrp_1		COG1522	Leucine-responsive regulatory protein
ANT_2_01953	gene	615				
ANT_2_01953	CDS	615				hypothetical protein
ANT_2_01954	gene	1209	tyrB			
ANT_2_01954	CDS	1209	tyrB	2.6.1.57	COG1448	Aromatic-amino-acid aminotransferase
ANT_2_01955	gene	420				
ANT_2_01955	CDS	420				hypothetical protein
ANT_2_01956	gene	324	yjbR			
ANT_2_01956	CDS	324	yjbR		COG2315	putative protein YjbR
ANT_2_01957	gene	1065	yahK_2			
ANT_2_01957	CDS	1065	yahK_2	1.1.1.2	COG1064	Aldehyde reductase YahK
ANT_2_01958	gene	2829	uvrA_1			
ANT_2_01958	CDS	2829	uvrA_1		COG0178	UvrABC system protein A
ANT_2_01959	gene	552	ssb			
ANT_2_01959	CDS	552	ssb		COG0629	Single-stranded DNA-binding protein
ANT_2_01960	gene	522	rutB_1			
ANT_2_01960	CDS	522	rutB_1	3.5.1.110		Peroxyureidoacrylate/ureidoacrylate amidohydrolase RutB
ANT_2_01961	gene	828	rhaS_3			
ANT_2_01961	CDS	828	rhaS_3			HTH-type transcriptional activator RhaS
ANT_2_01962	gene	960	ytfF			
ANT_2_01962	CDS	960	ytfF			Inner membrane protein YtfF
ANT_2_01963	gene	396				
ANT_2_01963	CDS	396				IS3 family transposase ISYpe1
ANT_2_01964	gene	1257				
ANT_2_01964	CDS	1257				hypothetical protein
ANT_2_01965	gene	951				
ANT_2_01965	CDS	951				hypothetical protein
ANT_2_01966	gene	282				
ANT_2_01966	CDS	282				hypothetical protein
ANT_2_01967	gene	423	rhaR_2			
ANT_2_01967	CDS	423	rhaR_2			HTH-type transcriptional activator RhaR
ANT_2_01968	gene	486	soxR			
ANT_2_01968	CDS	486	soxR		COG0789	Redox-sensitive transcriptional activator SoxR
ANT_2_01969	gene	669	yfcG			
ANT_2_01969	CDS	669	yfcG	1.8.4.-	COG0625	Disulfide-bond oxidoreductase YfcG
ANT_2_01970	gene	1350	ghxP			
ANT_2_01970	CDS	1350	ghxP		COG2252	Guanine/hypoxanthine permease GhxP
ANT_2_01971	gene	1650	nhaK			
ANT_2_01971	CDS	1650	nhaK		COG0025	Sodium, potassium, lithium and rubidium/H(+) antiporter
ANT_2_01972	gene	903	cynR_2			
ANT_2_01972	CDS	903	cynR_2			HTH-type transcriptional regulator CynR
ANT_2_01973	gene	426	cidA			
ANT_2_01973	CDS	426	cidA			Holin-like protein CidA
ANT_2_01974	gene	696	yohK_2			
ANT_2_01974	CDS	696	yohK_2		COG1346	Inner membrane protein YohK
ANT_2_01975	gene	546				
ANT_2_01975	CDS	546				hypothetical protein
ANT_2_01976	gene	1656	actP			
ANT_2_01976	CDS	1656	actP		COG4147	Cation/acetate symporter ActP
ANT_2_01977	gene	330	yjcH			
ANT_2_01977	CDS	330	yjcH		COG3162	Inner membrane protein YjcH
ANT_2_01978	gene	1956	acs			
ANT_2_01978	CDS	1956	acs	6.2.1.1	COG0365	Acetyl-coenzyme A synthetase
ANT_2_01979	gene	1302	gltP			
ANT_2_01979	CDS	1302	gltP		COG1301	Proton/glutamate-aspartate symporter
ANT_2_01980	gene	912	murQ			
ANT_2_01980	CDS	912	murQ	4.2.1.126	COG2103	N-acetylmuramic acid 6-phosphate etherase
ANT_2_01981	gene	1455	murP			
ANT_2_01981	CDS	1455	murP		COG2190	PTS system N-acetylmuramic acid-specific EIIBC component
ANT_2_01982	gene	1545	aer			
ANT_2_01982	CDS	1545	aer		COG0840	Aerotaxis receptor
ANT_2_01983	gene	966	rclR			
ANT_2_01983	CDS	966	rclR		COG2207	RCS-specific HTH-type transcriptional activator RclR
ANT_2_01984	gene	1188	nepI_1			
ANT_2_01984	CDS	1188	nepI_1		COG2814	Purine ribonucleoside efflux pump NepI
ANT_2_01985	gene	210				
ANT_2_01985	CDS	210				hypothetical protein
ANT_2_01986	gene	1242	sbmA			
ANT_2_01986	CDS	1242	sbmA		COG1133	Peptide antibiotic transporter SbmA
ANT_2_01987	gene	735				
ANT_2_01987	CDS	735		1.1.99.3		Gluconate 2-dehydrogenase subunit 3
ANT_2_01988	gene	1785				
ANT_2_01988	CDS	1785		1.1.99.3		Gluconate 2-dehydrogenase flavoprotein
ANT_2_01989	gene	1311				
ANT_2_01989	CDS	1311		1.1.99.3		Gluconate 2-dehydrogenase cytochrome c subunit
ANT_2_01990	gene	1410	ydjE			
ANT_2_01990	CDS	1410	ydjE			Inner membrane metabolite transport protein YdjE
ANT_2_01991	gene	204				
ANT_2_01991	CDS	204				hypothetical protein
ANT_2_01992	gene	1518	abgT			
ANT_2_01992	CDS	1518	abgT		COG2978	p-aminobenzoyl-glutamate transport protein
ANT_2_01993	gene	1443	abgB			
ANT_2_01993	CDS	1443	abgB	3.5.1.-	COG1473	p-aminobenzoyl-glutamate hydrolase subunit B
ANT_2_01994	gene	1314	iaaH			
ANT_2_01994	CDS	1314	iaaH	3.5.1.-		Indole-3-acetyl-aspartic acid hydrolase
ANT_2_01995	gene	897	tsaR			
ANT_2_01995	CDS	897	tsaR			HTH-type transcriptional regulator TsaR
ANT_2_01996	gene	438				
ANT_2_01996	CDS	438				hypothetical protein
ANT_2_01997	gene	882	tsx			
ANT_2_01997	CDS	882	tsx		COG3248	Nucleoside-specific channel-forming protein Tsx
ANT_2_01998	gene	1356	sasA_1			
ANT_2_01998	CDS	1356	sasA_1	2.7.-.-		Adaptive-response sensory-kinase SasA
ANT_2_01999	gene	660	qseB_1			
ANT_2_01999	CDS	660	qseB_1			Transcriptional regulatory protein QseB
ANT_2_02000	gene	369	marA_2			
ANT_2_02000	CDS	369	marA_2			Multiple antibiotic resistance protein MarA
ANT_2_02001	gene	897	pgrR_7			
ANT_2_02001	CDS	897	pgrR_7			HTH-type transcriptional regulator PgrR
ANT_2_02002	gene	1206	sbnD_2			
ANT_2_02002	CDS	1206	sbnD_2			Staphyloferrin B transporter
ANT_2_02003	gene	2391	gcd_3			
ANT_2_02003	CDS	2391	gcd_3	1.1.5.2	COG4993	Quinoprotein glucose dehydrogenase
ANT_2_02004	gene	660				
ANT_2_02004	CDS	660				hypothetical protein
ANT_2_02005	gene	1248	entS_3			
ANT_2_02005	CDS	1248	entS_3			Enterobactin exporter EntS
ANT_2_02006	gene	1158	yteT			
ANT_2_02006	CDS	1158	yteT	1.-.-.-	COG0673	Putative oxidoreductase YteT
ANT_2_02007	gene	885	gspK			
ANT_2_02007	CDS	885	gspK	2.7.1.8	COG2971	Glucosamine kinase GspK
ANT_2_02008	gene	1119	nagC_2			
ANT_2_02008	CDS	1119	nagC_2		COG1940	N-acetylglucosamine repressor
ANT_2_02009	gene	1092	malK_3			
ANT_2_02009	CDS	1092	malK_3	7.5.2.1		Maltose/maltodextrin import ATP-binding protein MalK
ANT_2_02010	gene	600				
ANT_2_02010	CDS	600		2.3.-.-	COG0454	Putative acetyltransferase OgpAT
ANT_2_02011	gene	1332	msmE			
ANT_2_02011	CDS	1332	msmE		COG1653	Multiple sugar-binding protein
ANT_2_02012	gene	873	lacF			
ANT_2_02012	CDS	873	lacF			Lactose transport system permease protein LacF
ANT_2_02013	gene	816	ngcG			
ANT_2_02013	CDS	816	ngcG		COG0395	Diacetylchitobiose uptake system permease protein NgcG
ANT_2_02014	gene	1332				
ANT_2_02014	CDS	1332				hypothetical protein
ANT_2_02015	gene	1071	dmlA			
ANT_2_02015	CDS	1071	dmlA	1.1.1.83	COG0473	D-malate dehydrogenase [decarboxylating]
ANT_2_02016	gene	939	dmlR_8			
ANT_2_02016	CDS	939	dmlR_8			HTH-type transcriptional regulator DmlR
ANT_2_02017	gene	1095	yncE			
ANT_2_02017	CDS	1095	yncE		COG3391	putative protein YncE
ANT_2_02018	gene	294				
ANT_2_02018	CDS	294				hypothetical protein
ANT_2_02019	gene	864	yghU			
ANT_2_02019	CDS	864	yghU	1.8.4.-	COG0625	Disulfide-bond oxidoreductase YghU
ANT_2_02020	gene	879				
ANT_2_02020	CDS	879				hypothetical protein
ANT_2_02021	gene	1044	iolU_1			
ANT_2_02021	CDS	1044	iolU_1	1.1.1.371	COG0673	scyllo-inositol 2-dehydrogenase (NADP(+)) IolU
ANT_2_02022	gene	1026				
ANT_2_02022	CDS	1026				hypothetical protein
ANT_2_02023	gene	918	iolE_3			
ANT_2_02023	CDS	918	iolE_3	4.2.1.44	COG1082	Inosose dehydratase
ANT_2_02024	gene	1170	iolG_4			
ANT_2_02024	CDS	1170	iolG_4	1.1.1.369		Inositol 2-dehydrogenase/D-chiro-inositol 3-dehydrogenase
ANT_2_02025	gene	1197	carB_2			
ANT_2_02025	CDS	1197	carB_2			Carbamoyl-phosphate synthase large chain
ANT_2_02026	gene	1266	ddl			
ANT_2_02026	CDS	1266	ddl	6.3.2.4		D-alanine--D-alanine ligase
ANT_2_02027	gene	1137	mdtH			
ANT_2_02027	CDS	1137	mdtH			Multidrug resistance protein MdtH
ANT_2_02028	gene	1083	thyA_1			
ANT_2_02028	CDS	1083	thyA_1	2.1.1.45		Thymidylate synthase
ANT_2_02029	gene	489	DNPH1			
ANT_2_02029	CDS	489	DNPH1	3.2.2.-		2'-deoxynucleoside 5'-phosphate N-hydrolase 1
ANT_2_02030	gene	939	pgrR_8			
ANT_2_02030	CDS	939	pgrR_8			HTH-type transcriptional regulator PgrR
ANT_2_02031	gene	76				
ANT_2_02031	tRNA	76				tRNA-Phe(gaa)
ANT_2_02032	gene	579				
ANT_2_02032	CDS	579				hypothetical protein
ANT_2_02033	gene	1701	dsbD_2			
ANT_2_02033	CDS	1701	dsbD_2	1.8.1.8	COG4232	Thiol:disulfide interchange protein DsbD
ANT_2_02034	gene	315	cutA			
ANT_2_02034	CDS	315	cutA		COG1324	Divalent-cation tolerance protein CutA
ANT_2_02035	gene	1302	dcuA			
ANT_2_02035	CDS	1302	dcuA		COG2704	Anaerobic C4-dicarboxylate transporter DcuA
ANT_2_02036	gene	1437	aspA			
ANT_2_02036	CDS	1437	aspA	4.3.1.1	COG1027	Aspartate ammonia-lyase
ANT_2_02037	gene	582				
ANT_2_02037	CDS	582				hypothetical protein
ANT_2_02038	gene	294	groS			
ANT_2_02038	CDS	294	groS		COG0234	10 kDa chaperonin
ANT_2_02039	gene	1650	groL			
ANT_2_02039	CDS	1650	groL			60 kDa chaperonin
ANT_2_02040	gene	348				
ANT_2_02040	CDS	348				hypothetical protein
ANT_2_02041	gene	984	epmB			
ANT_2_02041	CDS	984	epmB	5.4.3.-	COG1509	L-lysine 2,3-aminomutase
ANT_2_02042	gene	567	efp			
ANT_2_02042	CDS	567	efp		COG0231	Elongation factor P
ANT_2_02043	gene	132				
ANT_2_02043	CDS	132				hypothetical protein
ANT_2_02044	gene	135				
ANT_2_02044	CDS	135				hypothetical protein
ANT_2_02045	gene	525	blc			
ANT_2_02045	CDS	525	blc		COG3040	Outer membrane lipoprotein Blc
ANT_2_02046	gene	978	epmA			
ANT_2_02046	CDS	978	epmA	6.3.1.-	COG2269	Elongation factor P--(R)-beta-lysine ligase
ANT_2_02047	gene	1062	degS			
ANT_2_02047	CDS	1062	degS	3.4.21.107	COG0265	Serine endoprotease DegS
ANT_2_02048	gene	1374	degQ			
ANT_2_02048	CDS	1374	degQ	3.4.21.107	COG0265	Periplasmic pH-dependent serine endoprotease DegQ
ANT_2_02049	gene	402	yhcB			
ANT_2_02049	CDS	402	yhcB		COG3105	Inner membrane protein YhcB
ANT_2_02050	gene	1164	zapE			
ANT_2_02050	CDS	1164	zapE		COG1485	Cell division protein ZapE
ANT_2_02051	gene	429	rplM			
ANT_2_02051	CDS	429	rplM		COG0102	50S ribosomal protein L13
ANT_2_02052	gene	393	rpsI			
ANT_2_02052	CDS	393	rpsI		COG0103	30S ribosomal protein S9
ANT_2_02053	gene	642	sspA			
ANT_2_02053	CDS	642	sspA		COG0625	Stringent starvation protein A
ANT_2_02054	gene	486	sspB			
ANT_2_02054	CDS	486	sspB		COG2969	Stringent starvation protein B
ANT_2_02055	gene	1758	cysJ_1			
ANT_2_02055	CDS	1758	cysJ_1	1.8.1.2	COG0369	Sulfite reductase [NADPH] flavoprotein alpha-component
ANT_2_02056	gene	5532				
ANT_2_02056	CDS	5532				hypothetical protein
ANT_2_02057	gene	2334	arcB			
ANT_2_02057	CDS	2334	arcB	2.7.13.3	COG0642	Aerobic respiration control sensor protein ArcB
ANT_2_02058	gene	114				
ANT_2_02058	CDS	114				hypothetical protein
ANT_2_02059	gene	720	mtgA			
ANT_2_02059	CDS	720	mtgA	2.4.1.129	COG0744	Biosynthetic peptidoglycan transglycosylase
ANT_2_02060	gene	273	ptsO			
ANT_2_02060	CDS	273	ptsO		COG1925	Phosphocarrier protein NPr
ANT_2_02061	gene	855	rapZ			
ANT_2_02061	CDS	855	rapZ		COG1660	RNase adapter protein RapZ
ANT_2_02062	gene	480	ptsN			
ANT_2_02062	CDS	480	ptsN		COG1762	Nitrogen regulatory protein
ANT_2_02063	gene	288	hpf			
ANT_2_02063	CDS	288	hpf		COG1544	Ribosome hibernation promoting factor
ANT_2_02064	gene	1434	rpoN			
ANT_2_02064	CDS	1434	rpoN		COG1508	RNA polymerase sigma-54 factor
ANT_2_02065	gene	726	lptB_2			
ANT_2_02065	CDS	726	lptB_2	3.6.3.-	COG1137	Lipopolysaccharide export system ATP-binding protein LptB
ANT_2_02066	gene	552	lptA			
ANT_2_02066	CDS	552	lptA		COG1934	Lipopolysaccharide export system protein LptA
ANT_2_02067	gene	573	lptC			
ANT_2_02067	CDS	573	lptC		COG3117	Lipopolysaccharide export system protein LptC
ANT_2_02068	gene	567	kdsC			
ANT_2_02068	CDS	567	kdsC	3.1.3.45	COG1778	3-deoxy-D-manno-octulosonate 8-phosphate phosphatase KdsC
ANT_2_02069	gene	984	kdsD			
ANT_2_02069	CDS	984	kdsD	5.3.1.13	COG0517	Arabinose 5-phosphate isomerase KdsD
ANT_2_02070	gene	981	yrbG			
ANT_2_02070	CDS	981	yrbG		COG0530	Inner membrane protein YrbG
ANT_2_02071	gene	816	mlaF			
ANT_2_02071	CDS	816	mlaF	3.6.3.-	COG1127	Intermembrane phospholipid transport system ATP-binding protein MlaF
ANT_2_02072	gene	783	mlaE			
ANT_2_02072	CDS	783	mlaE		COG0767	Intermembrane phospholipid transport system permease protein MlaE
ANT_2_02073	gene	546	mlaD			
ANT_2_02073	CDS	546	mlaD		COG1463	Intermembrane phospholipid transport system binding protein MlaD
ANT_2_02074	gene	636	mlaC			
ANT_2_02074	CDS	636	mlaC		COG2854	Intermembrane phospholipid transport system binding protein MlaC
ANT_2_02075	gene	306	mlaB			
ANT_2_02075	CDS	306	mlaB		COG3113	Intermembrane phospholipid transport system binding protein MlaB
ANT_2_02076	gene	258	ibaG			
ANT_2_02076	CDS	258	ibaG		COG5007	Acid stress protein IbaG
ANT_2_02077	gene	1260	murA			
ANT_2_02077	CDS	1260	murA	2.5.1.7	COG0766	UDP-N-acetylglucosamine 1-carboxyvinyltransferase
ANT_2_02078	gene	285				
ANT_2_02078	CDS	285				hypothetical protein
ANT_2_02079	gene	972	ispB			
ANT_2_02079	CDS	972	ispB	2.5.1.90	COG0142	Octaprenyl diphosphate synthase
ANT_2_02080	gene	312	rplU			
ANT_2_02080	CDS	312	rplU		COG0261	50S ribosomal protein L21
ANT_2_02081	gene	258	rpmA			
ANT_2_02081	CDS	258	rpmA		COG0211	50S ribosomal protein L27
ANT_2_02082	gene	1173	obg			
ANT_2_02082	CDS	1173	obg	3.6.5.-	COG0536	GTPase Obg
ANT_2_02083	gene	1392	dacB			
ANT_2_02083	CDS	1392	dacB	3.4.16.4	COG2027	D-alanyl-D-alanine carboxypeptidase DacB
ANT_2_02084	gene	477	greA			
ANT_2_02084	CDS	477	greA		COG0782	Transcription elongation factor GreA
ANT_2_02085	gene	294	yhbY			
ANT_2_02085	CDS	294	yhbY		COG1534	RNA-binding protein YhbY
ANT_2_02086	gene	630	rlmE			
ANT_2_02086	CDS	630	rlmE	2.1.1.166	COG0293	Ribosomal RNA large subunit methyltransferase E
ANT_2_02087	gene	1935	ftsH			
ANT_2_02087	CDS	1935	ftsH	3.4.24.-	COG0465	ATP-dependent zinc metalloprotease FtsH
ANT_2_02088	gene	840	folP			
ANT_2_02088	CDS	840	folP	2.5.1.15	COG0294	Dihydropteroate synthase
ANT_2_02089	gene	1335	glmM			
ANT_2_02089	CDS	1335	glmM	5.4.2.10	COG1109	Phosphoglucosamine mutase
ANT_2_02090	gene	339	secG			
ANT_2_02090	CDS	339	secG		COG1314	Protein-export membrane protein SecG
ANT_2_02091	gene	87				
ANT_2_02091	tRNA	87				tRNA-Leu(gag)
ANT_2_02092	gene	77				
ANT_2_02092	tRNA	77				tRNA-Met(cat)
ANT_2_02093	gene	432	rimP			
ANT_2_02093	CDS	432	rimP		COG0779	Ribosome maturation factor RimP
ANT_2_02094	gene	1488	nusA			
ANT_2_02094	CDS	1488	nusA		COG0195	Transcription termination/antitermination protein NusA
ANT_2_02095	gene	2694	infB			
ANT_2_02095	CDS	2694	infB		COG0532	Translation initiation factor IF-2
ANT_2_02096	gene	411	rbfA			
ANT_2_02096	CDS	411	rbfA		COG0858	30S ribosome-binding factor
ANT_2_02097	gene	945	truB			
ANT_2_02097	CDS	945	truB	5.4.99.25	COG0130	tRNA pseudouridine synthase B
ANT_2_02098	gene	270	rpsO			
ANT_2_02098	CDS	270	rpsO		COG0184	30S ribosomal protein S15
ANT_2_02099	gene	2136	pnp			
ANT_2_02099	CDS	2136	pnp	2.7.7.8	COG1185	Polyribonucleotide nucleotidyltransferase
ANT_2_02100	gene	885	nlpI			
ANT_2_02100	CDS	885	nlpI		COG4785	Lipoprotein NlpI
ANT_2_02101	gene	1929	deaD			
ANT_2_02101	CDS	1929	deaD	3.6.4.13	COG0513	ATP-dependent RNA helicase DeaD
ANT_2_02102	gene	747	gdhI_2			
ANT_2_02102	CDS	747	gdhI_2	1.1.1.47	COG1028	Glucose 1-dehydrogenase 1
ANT_2_02103	gene	921	rhaS_4			
ANT_2_02103	CDS	921	rhaS_4			HTH-type transcriptional activator RhaS
ANT_2_02104	gene	1011				
ANT_2_02104	CDS	1011				hypothetical protein
ANT_2_02105	gene	879				
ANT_2_02105	CDS	879				hypothetical protein
ANT_2_02106	gene	996	yhbU			
ANT_2_02106	CDS	996	yhbU	3.4.-.-	COG0826	putative protease YhbU
ANT_2_02107	gene	525	ubiJ_2			
ANT_2_02107	CDS	525	ubiJ_2			Ubiquinone biosynthesis accessory factor UbiJ
ANT_2_02108	gene	507				
ANT_2_02108	CDS	507				hypothetical protein
ANT_2_02109	gene	414				
ANT_2_02109	CDS	414				hypothetical protein
ANT_2_02110	gene	309				
ANT_2_02110	CDS	309				hypothetical protein
ANT_2_02111	gene	522	yhbO			
ANT_2_02111	CDS	522	yhbO	3.1.2.-	COG0693	Protein/nucleic acid deglycase 2
ANT_2_02112	gene	636				
ANT_2_02112	CDS	636				hypothetical protein
ANT_2_02113	gene	468	nrdG			
ANT_2_02113	CDS	468	nrdG	1.97.1.-	COG0602	Anaerobic ribonucleoside-triphosphate reductase-activating protein
ANT_2_02114	gene	2139	nrdD			
ANT_2_02114	CDS	2139	nrdD	1.1.98.6	COG1328	Anaerobic ribonucleoside-triphosphate reductase
ANT_2_02115	gene	2373				
ANT_2_02115	CDS	2373				hypothetical protein
ANT_2_02116	gene	1002	galR			
ANT_2_02116	CDS	1002	galR		COG1609	HTH-type transcriptional regulator GalR
ANT_2_02117	gene	2274	dorA			
ANT_2_02117	CDS	2274	dorA	1.7.2.3	COG0243	Dimethyl sulfoxide/trimethylamine N-oxide reductase
ANT_2_02118	gene	1740	ftsI_1			
ANT_2_02118	CDS	1740	ftsI_1	3.4.16.4	COG0768	Peptidoglycan D,D-transpeptidase FtsI
ANT_2_02119	gene	1209	mdtA_3			
ANT_2_02119	CDS	1209	mdtA_3			Multidrug resistance protein MdtA
ANT_2_02120	gene	3222	mdtB_2			
ANT_2_02120	CDS	3222	mdtB_2			Multidrug resistance protein MdtB
ANT_2_02121	gene	3102	mdtC_2			
ANT_2_02121	CDS	3102	mdtC_2			Multidrug resistance protein MdtC
ANT_2_02122	gene	1386	oprM			
ANT_2_02122	CDS	1386	oprM		COG1538	Outer membrane protein OprM
ANT_2_02123	gene	2151	aas			
ANT_2_02123	CDS	2151	aas		COG0204	Bifunctional protein Aas
ANT_2_02124	gene	1191	lplT			
ANT_2_02124	CDS	1191	lplT			Lysophospholipid transporter LplT
ANT_2_02125	gene	387	ridA			
ANT_2_02125	CDS	387	ridA	3.5.99.10	COG0251	2-iminobutanoate/2-iminopropanoate deaminase
ANT_2_02126	gene	465	pyrI			
ANT_2_02126	CDS	465	pyrI		COG1781	Aspartate carbamoyltransferase regulatory chain
ANT_2_02127	gene	936	pyrB			
ANT_2_02127	CDS	936	pyrB	2.1.3.2	COG0540	Aspartate carbamoyltransferase
ANT_2_02128	gene	1008	argI			
ANT_2_02128	CDS	1008	argI	2.1.3.3	COG0078	Ornithine carbamoyltransferase subunit I
ANT_2_02129	gene	435	rraB			
ANT_2_02129	CDS	435	rraB		COG3076	Regulator of ribonuclease activity B
ANT_2_02130	gene	762				
ANT_2_02130	CDS	762				hypothetical protein
ANT_2_02131	gene	510				
ANT_2_02131	CDS	510				hypothetical protein
ANT_2_02132	gene	2856	valS			
ANT_2_02132	CDS	2856	valS	6.1.1.9	COG0525	Valine--tRNA ligase
ANT_2_02133	gene	459	holC			
ANT_2_02133	CDS	459	holC	2.7.7.7	COG2927	DNA polymerase III subunit chi
ANT_2_02134	gene	1512	pepA			
ANT_2_02134	CDS	1512	pepA	3.4.11.1	COG0260	Cytosol aminopeptidase
ANT_2_02135	gene	1101	lptF			
ANT_2_02135	CDS	1101	lptF		COG0795	Lipopolysaccharide export system permease protein LptF
ANT_2_02136	gene	1077	lptG			
ANT_2_02136	CDS	1077	lptG		COG0795	Lipopolysaccharide export system permease protein LptG
ANT_2_02137	gene	1110	dapE_2			
ANT_2_02137	CDS	1110	dapE_2	3.5.1.18		putative succinyl-diaminopimelate desuccinylase
ANT_2_02138	gene	759				
ANT_2_02138	CDS	759				hypothetical protein
ANT_2_02139	gene	1080	php			
ANT_2_02139	CDS	1080	php		COG1735	Phosphotriesterase homology protein
ANT_2_02140	gene	1011	rbsC_5			
ANT_2_02140	CDS	1011	rbsC_5		COG1172	Ribose import permease protein RbsC
ANT_2_02141	gene	783	frcA			
ANT_2_02141	CDS	783	frcA	7.5.2.-	COG1129	Fructose import ATP-binding protein FrcA
ANT_2_02142	gene	1023	cytR_3			
ANT_2_02142	CDS	1023	cytR_3		COG1609	HTH-type transcriptional repressor CytR
ANT_2_02143	gene	951	rbsB_2			
ANT_2_02143	CDS	951	rbsB_2		COG1879	Ribose import binding protein RbsB
ANT_2_02144	gene	882	rbsK_2			
ANT_2_02144	CDS	882	rbsK_2	2.7.1.15	COG0524	Ribokinase
ANT_2_02145	gene	846				
ANT_2_02145	CDS	846				hypothetical protein
ANT_2_02146	gene	630				
ANT_2_02146	CDS	630				hypothetical protein
ANT_2_02147	gene	909	dmlR_9			
ANT_2_02147	CDS	909	dmlR_9			HTH-type transcriptional regulator DmlR
ANT_2_02148	gene	1281				
ANT_2_02148	CDS	1281				hypothetical protein
ANT_2_02149	gene	1503				
ANT_2_02149	CDS	1503				hypothetical protein
ANT_2_02150	gene	1572	ddpA_2			
ANT_2_02150	CDS	1572	ddpA_2		COG0747	putative D,D-dipeptide-binding periplasmic protein DdpA
ANT_2_02151	gene	729				
ANT_2_02151	CDS	729		1.1.99.3		Gluconate 2-dehydrogenase subunit 3
ANT_2_02152	gene	1770				
ANT_2_02152	CDS	1770		1.1.99.3		Gluconate 2-dehydrogenase flavoprotein
ANT_2_02153	gene	1263	adhB			
ANT_2_02153	CDS	1263	adhB	1.1.5.5		Alcohol dehydrogenase (quinone), cytochrome c subunit
ANT_2_02154	gene	669				
ANT_2_02154	CDS	669				hypothetical protein
ANT_2_02155	gene	636				
ANT_2_02155	CDS	636				hypothetical protein
ANT_2_02156	gene	501				
ANT_2_02156	CDS	501				hypothetical protein
ANT_2_02157	gene	402				
ANT_2_02157	CDS	402				hypothetical protein
ANT_2_02158	gene	993				
ANT_2_02158	CDS	993				hypothetical protein
ANT_2_02159	gene	234				
ANT_2_02159	CDS	234				hypothetical protein
ANT_2_02160	gene	216				
ANT_2_02160	CDS	216				hypothetical protein
ANT_2_02161	gene	210				
ANT_2_02161	CDS	210				hypothetical protein
ANT_2_02162	gene	279				
ANT_2_02162	CDS	279				hypothetical protein
ANT_2_02163	gene	675	COQ3			
ANT_2_02163	CDS	675	COQ3	2.1.1.222		Ubiquinone biosynthesis O-methyltransferase, mitochondrial
ANT_2_02164	gene	1014				
ANT_2_02164	CDS	1014				hypothetical protein
ANT_2_02165	gene	462				
ANT_2_02165	CDS	462				hypothetical protein
ANT_2_02166	gene	1032				
ANT_2_02166	CDS	1032				hypothetical protein
ANT_2_02167	gene	85				
ANT_2_02167	tRNA	85				tRNA-Leu(caa)
ANT_2_02168	gene	750	intA_1			
ANT_2_02168	CDS	750	intA_1		COG0582	Prophage integrase IntA
ANT_2_02169	gene	1470	pknD_3			
ANT_2_02169	CDS	1470	pknD_3	2.7.11.1		Serine/threonine-protein kinase PknD
ANT_2_02170	gene	543				
ANT_2_02170	CDS	543				hypothetical protein
ANT_2_02171	gene	1686				
ANT_2_02171	CDS	1686				hypothetical protein
ANT_2_02172	gene	1158				
ANT_2_02172	CDS	1158				hypothetical protein
ANT_2_02173	gene	849				
ANT_2_02173	CDS	849				hypothetical protein
ANT_2_02174	gene	4287				
ANT_2_02174	CDS	4287				hypothetical protein
ANT_2_02175	gene	1302				
ANT_2_02175	CDS	1302				hypothetical protein
ANT_2_02176	gene	1536				
ANT_2_02176	CDS	1536				hypothetical protein
ANT_2_02177	gene	2154				
ANT_2_02177	CDS	2154				hypothetical protein
ANT_2_02178	gene	387				
ANT_2_02178	CDS	387				hypothetical protein
ANT_2_02179	gene	1290				
ANT_2_02179	CDS	1290				hypothetical protein
ANT_2_02180	gene	2076				
ANT_2_02180	CDS	2076				hypothetical protein
ANT_2_02181	gene	369				
ANT_2_02181	CDS	369				hypothetical protein
ANT_2_02182	gene	867				
ANT_2_02182	CDS	867				hypothetical protein
ANT_2_02183	gene	543				
ANT_2_02183	CDS	543				hypothetical protein
ANT_2_02184	gene	357				
ANT_2_02184	CDS	357				hypothetical protein
ANT_2_02185	gene	819	cdh_1			
ANT_2_02185	CDS	819	cdh_1	3.6.1.26	COG2134	CDP-diacylglycerol pyrophosphatase
ANT_2_02186	gene	585	yajL_2			
ANT_2_02186	CDS	585	yajL_2	3.1.2.-	COG0693	Protein/nucleic acid deglycase 3
ANT_2_02187	gene	861	fba			
ANT_2_02187	CDS	861	fba	4.1.2.13		Fructose-bisphosphate aldolase
ANT_2_02188	gene	1425	fruA_2			
ANT_2_02188	CDS	1425	fruA_2		COG1299	PTS system fructose-specific EIIB'BC component
ANT_2_02189	gene	474	manP			
ANT_2_02189	CDS	474	manP		COG1299	PTS system mannose-specific EIIBCA component
ANT_2_02190	gene	1518	manR			
ANT_2_02190	CDS	1518	manR		COG1762	Transcriptional regulator ManR
ANT_2_02191	gene	669				
ANT_2_02191	CDS	669				hypothetical protein
ANT_2_02192	gene	1167	ampC_2			
ANT_2_02192	CDS	1167	ampC_2	3.5.2.6		Beta-lactamase
ANT_2_02193	gene	516				
ANT_2_02193	CDS	516				hypothetical protein
ANT_2_02194	gene	1461	gabR_3			
ANT_2_02194	CDS	1461	gabR_3		COG1167	HTH-type transcriptional regulatory protein GabR
ANT_2_02195	gene	714				
ANT_2_02195	CDS	714				hypothetical protein
ANT_2_02196	gene	2292	mdoB			
ANT_2_02196	CDS	2292	mdoB	2.7.8.20		Phosphoglycerol transferase I
ANT_2_02197	gene	390				
ANT_2_02197	CDS	390				hypothetical protein
ANT_2_02198	gene	918	pgrR_9			
ANT_2_02198	CDS	918	pgrR_9			HTH-type transcriptional regulator PgrR
ANT_2_02199	gene	1014				
ANT_2_02199	CDS	1014				hypothetical protein
ANT_2_02200	gene	966				
ANT_2_02200	CDS	966				hypothetical protein
ANT_2_02201	gene	555				
ANT_2_02201	CDS	555				hypothetical protein
ANT_2_02202	gene	1389	ydfJ			
ANT_2_02202	CDS	1389	ydfJ			Putative transporter YdfJ
ANT_2_02203	gene	1023	ccpA_1			
ANT_2_02203	CDS	1023	ccpA_1		COG1609	Catabolite control protein A
ANT_2_02204	gene	996	rihA			
ANT_2_02204	CDS	996	rihA	3.2.-.-	COG1957	Pyrimidine-specific ribonucleoside hydrolase RihA
ANT_2_02205	gene	465				
ANT_2_02205	CDS	465				hypothetical protein
ANT_2_02206	gene	795	fhuF			
ANT_2_02206	CDS	795	fhuF		COG4114	Ferric iron reductase protein FhuF
ANT_2_02207	gene	1098				
ANT_2_02207	CDS	1098				hypothetical protein
ANT_2_02208	gene	285				
ANT_2_02208	CDS	285				hypothetical protein
ANT_2_02209	gene	87				
ANT_2_02209	tRNA	87				tRNA-Leu(cag)
ANT_2_02210	gene	87				
ANT_2_02210	tRNA	87				tRNA-Leu(cag)
ANT_2_02211	gene	87				
ANT_2_02211	tRNA	87				tRNA-Leu(cag)
ANT_2_02212	gene	1032	rsmC			
ANT_2_02212	CDS	1032	rsmC	2.1.1.172	COG2813	Ribosomal RNA small subunit methyltransferase C
ANT_2_02213	gene	411	holD			
ANT_2_02213	CDS	411	holD	2.7.7.7	COG3050	DNA polymerase III subunit psi
ANT_2_02214	gene	441	rimI			
ANT_2_02214	CDS	441	rimI	2.3.1.266	COG0456	[Ribosomal protein S18]-alanine N-acetyltransferase
ANT_2_02215	gene	681	yjjG			
ANT_2_02215	CDS	681	yjjG	3.1.3.5	COG1011	Pyrimidine 5'-nucleotidase YjjG
ANT_2_02216	gene	651	ytjB			
ANT_2_02216	CDS	651	ytjB		COG3726	putative inner membrane protein Smp
ANT_2_02217	gene	978	serB			
ANT_2_02217	CDS	978	serB	3.1.3.3	COG0560	Phosphoserine phosphatase
ANT_2_02218	gene	1383	radA			
ANT_2_02218	CDS	1383	radA	3.6.4.-	COG1066	DNA repair protein RadA
ANT_2_02219	gene	1242	nadR			
ANT_2_02219	CDS	1242	nadR		COG1056	Trifunctional NAD biosynthesis/regulator protein NadR
ANT_2_02220	gene	1002				
ANT_2_02220	CDS	1002				Zinc-type alcohol dehydrogenase-like protein
ANT_2_02221	gene	897	pgrR_10			
ANT_2_02221	CDS	897	pgrR_10			HTH-type transcriptional regulator PgrR
ANT_2_02222	gene	549	fic_2			
ANT_2_02222	CDS	549	fic_2	2.7.7.-	COG2184	putative protein adenylyltransferase Fic
ANT_2_02223	gene	165				
ANT_2_02223	CDS	165				hypothetical protein
ANT_2_02224	gene	1668	ettA			
ANT_2_02224	CDS	1668	ettA		COG0488	Energy-dependent translational throttle protein EttA
ANT_2_02225	gene	771	deoR			
ANT_2_02225	CDS	771	deoR		COG1349	Deoxyribose operon repressor
ANT_2_02226	gene	918	rbsK_3			
ANT_2_02226	CDS	918	rbsK_3	2.7.1.15	COG0524	Ribokinase
ANT_2_02227	gene	1326	fucP			
ANT_2_02227	CDS	1326	fucP		COG0738	L-fucose-proton symporter
ANT_2_02228	gene	1014				
ANT_2_02228	CDS	1014				hypothetical protein
ANT_2_02229	gene	735	livF_2			
ANT_2_02229	CDS	735	livF_2		COG0410	High-affinity branched-chain amino acid transport ATP-binding protein LivF
ANT_2_02230	gene	792	lptB_3			
ANT_2_02230	CDS	792	lptB_3	3.6.3.-	COG1137	Lipopolysaccharide export system ATP-binding protein LptB
ANT_2_02231	gene	1074				
ANT_2_02231	CDS	1074				hypothetical protein
ANT_2_02232	gene	1566				
ANT_2_02232	CDS	1566				hypothetical protein
ANT_2_02233	gene	1269	amiC_1			
ANT_2_02233	CDS	1269	amiC_1			Aliphatic amidase expression-regulating protein
ANT_2_02234	gene	702	rspR_2			
ANT_2_02234	CDS	702	rspR_2		COG1802	HTH-type transcriptional repressor RspR
ANT_2_02235	gene	3618	carB_3			
ANT_2_02235	CDS	3618	carB_3			Carbamoyl-phosphate synthase large chain
ANT_2_02236	gene	1797	atzF			
ANT_2_02236	CDS	1797	atzF	3.5.1.54		Allophanate hydrolase
ANT_2_02237	gene	1920	slt			
ANT_2_02237	CDS	1920	slt	4.2.2.-	COG0741	Soluble lytic murein transglycosylase
ANT_2_02238	gene	321	trpR			
ANT_2_02238	CDS	321	trpR			Trp operon repressor
ANT_2_02239	gene	519	yjjX			
ANT_2_02239	CDS	519	yjjX	3.6.1.-	COG1986	Inosine/xanthosine triphosphatase
ANT_2_02240	gene	648	cobC			
ANT_2_02240	CDS	648	cobC	3.1.3.73	COG0406	Adenosylcobalamin/alpha-ribazole phosphatase
ANT_2_02241	gene	885	rob_1			
ANT_2_02241	CDS	885	rob_1		COG2207	Right origin-binding protein
ANT_2_02242	gene	456				
ANT_2_02242	CDS	456				hypothetical protein
ANT_2_02243	gene	717	arcA			
ANT_2_02243	CDS	717	arcA		COG0745	Aerobic respiration control protein ArcA
ANT_2_02244	gene	138				
ANT_2_02244	CDS	138				hypothetical protein
ANT_2_02245	gene	705	trmL_1			
ANT_2_02245	CDS	705	trmL_1	2.1.1.207		tRNA (cytidine(34)-2'-O)-methyltransferase
ANT_2_02246	gene	2463	thrA			
ANT_2_02246	CDS	2463	thrA		COG0460	Bifunctional aspartokinase/homoserine dehydrogenase 1
ANT_2_02247	gene	930	thrB			
ANT_2_02247	CDS	930	thrB	2.7.1.39		Homoserine kinase
ANT_2_02248	gene	1284	thrC			
ANT_2_02248	CDS	1284	thrC	4.2.3.1	COG0498	Threonine synthase
ANT_2_02249	gene	774	yaaA			
ANT_2_02249	CDS	774	yaaA		COG3022	Peroxide stress resistance protein YaaA
ANT_2_02250	gene	954	talB			
ANT_2_02250	CDS	954	talB	2.2.1.2	COG0176	Transaldolase B
ANT_2_02251	gene	588	mog			
ANT_2_02251	CDS	588	mog	2.7.7.75	COG0521	Molybdopterin adenylyltransferase
ANT_2_02252	gene	1308	proP_5			
ANT_2_02252	CDS	1308	proP_5			Proline/betaine transporter
ANT_2_02253	gene	570	satP			
ANT_2_02253	CDS	570	satP		COG1584	Succinate-acetate/proton symporter SatP
ANT_2_02254	gene	1911	dnaK_2			
ANT_2_02254	CDS	1911	dnaK_2		COG0443	Chaperone protein DnaK
ANT_2_02255	gene	1146	dnaJ			
ANT_2_02255	CDS	1146	dnaJ		COG0484	Chaperone protein DnaJ
ANT_2_02256	gene	1179	nhaA			
ANT_2_02256	CDS	1179	nhaA		COG3004	Na(+)/H(+) antiporter NhaA
ANT_2_02257	gene	918	nhaR			
ANT_2_02257	CDS	918	nhaR		COG0583	Transcriptional activator protein NhaR
ANT_2_02258	gene	264	rpsT			
ANT_2_02258	CDS	264	rpsT		COG0268	30S ribosomal protein S20
ANT_2_02259	gene	930	ribF			
ANT_2_02259	CDS	930	ribF		COG0196	Bifunctional riboflavin kinase/FMN adenylyltransferase
ANT_2_02260	gene	2817	ileS			
ANT_2_02260	CDS	2817	ileS	6.1.1.5	COG0060	Isoleucine--tRNA ligase
ANT_2_02261	gene	507	lspA			
ANT_2_02261	CDS	507	lspA	3.4.23.36	COG0597	Lipoprotein signal peptidase
ANT_2_02262	gene	471	fkpB			
ANT_2_02262	CDS	471	fkpB	5.2.1.8	COG1047	FKBP-type 16 kDa peptidyl-prolyl cis-trans isomerase
ANT_2_02263	gene	954	ispH			
ANT_2_02263	CDS	954	ispH	1.17.7.4	COG0761	4-hydroxy-3-methylbut-2-enyl diphosphate reductase
ANT_2_02264	gene	816	dapB			
ANT_2_02264	CDS	816	dapB	1.17.1.8	COG0289	4-hydroxy-tetrahydrodipicolinate reductase
ANT_2_02265	gene	1149	carA			
ANT_2_02265	CDS	1149	carA	6.3.5.5	COG0505	Carbamoyl-phosphate synthase small chain
ANT_2_02266	gene	3228	carB_4			
ANT_2_02266	CDS	3228	carB_4	6.3.5.5	COG0458	Carbamoyl-phosphate synthase large chain
ANT_2_02267	gene	1140				
ANT_2_02267	CDS	1140				hypothetical protein
ANT_2_02268	gene	483	folA			
ANT_2_02268	CDS	483	folA	1.5.1.3	COG0262	Dihydrofolate reductase
ANT_2_02269	gene	1884				
ANT_2_02269	CDS	1884				hypothetical protein
ANT_2_02270	gene	858	apaH			
ANT_2_02270	CDS	858	apaH	3.6.1.41	COG0639	Bis(5'-nucleosyl)-tetraphosphatase [symmetrical]
ANT_2_02271	gene	378	apaG			
ANT_2_02271	CDS	378	apaG		COG2967	Protein ApaG
ANT_2_02272	gene	822	rsmA			
ANT_2_02272	CDS	822	rsmA	2.1.1.182	COG0030	Ribosomal RNA small subunit methyltransferase A
ANT_2_02273	gene	993	pdxA			
ANT_2_02273	CDS	993	pdxA	1.1.1.262	COG1995	4-hydroxythreonine-4-phosphate dehydrogenase
ANT_2_02274	gene	1296	surA			
ANT_2_02274	CDS	1296	surA	5.2.1.8	COG0760	Chaperone SurA
ANT_2_02275	gene	2397	lptD			
ANT_2_02275	CDS	2397	lptD		COG1452	LPS-assembly protein LptD
ANT_2_02276	gene	810	djlA			
ANT_2_02276	CDS	810	djlA		COG1076	Co-chaperone protein DjlA
ANT_2_02277	gene	654	rluA_2			
ANT_2_02277	CDS	654	rluA_2	5.4.99.28	COG0564	Dual-specificity RNA pseudouridine synthase RluA
ANT_2_02278	gene	2907	rapA_1			
ANT_2_02278	CDS	2907	rapA_1	3.6.4.-	COG0553	RNA polymerase-associated protein RapA
ANT_2_02279	gene	2355	polB			
ANT_2_02279	CDS	2355	polB	2.7.7.7	COG0417	DNA polymerase II
ANT_2_02280	gene	765	yabI			
ANT_2_02280	CDS	765	yabI		COG0586	Inner membrane protein YabI
ANT_2_02281	gene	702	thiQ			
ANT_2_02281	CDS	702	thiQ	3.6.3.-	COG3840	Thiamine import ATP-binding protein ThiQ
ANT_2_02282	gene	1584				
ANT_2_02282	CDS	1584				hypothetical protein
ANT_2_02283	gene	987	thiB			
ANT_2_02283	CDS	987	thiB		COG4143	Thiamine-binding periplasmic protein
ANT_2_02284	gene	1662	sgrR_2			
ANT_2_02284	CDS	1662	sgrR_2		COG4533	HTH-type transcriptional regulator SgrR
ANT_2_02285	gene	1179	setA			
ANT_2_02285	CDS	1179	setA			Sugar efflux transporter A
ANT_2_02286	gene	606	leuD1			
ANT_2_02286	CDS	606	leuD1	4.2.1.33	COG0066	3-isopropylmalate dehydratase small subunit 1
ANT_2_02287	gene	1407	leuC1			
ANT_2_02287	CDS	1407	leuC1	4.2.1.33	COG0065	3-isopropylmalate dehydratase large subunit 1
ANT_2_02288	gene	1092	leuB			
ANT_2_02288	CDS	1092	leuB	1.1.1.85	COG0473	3-isopropylmalate dehydrogenase
ANT_2_02289	gene	1563	leuA_2			
ANT_2_02289	CDS	1563	leuA_2	2.3.3.13	COG0119	2-isopropylmalate synthase
ANT_2_02290	gene	1725	ilvI			
ANT_2_02290	CDS	1725	ilvI	2.2.1.6	COG0028	Acetolactate synthase isozyme 3 large subunit
ANT_2_02291	gene	492	ilvH			
ANT_2_02291	CDS	492	ilvH	2.2.1.6	COG0440	Acetolactate synthase isozyme 3 small subunit
ANT_2_02292	gene	1011	cra_1			
ANT_2_02292	CDS	1011	cra_1		COG1609	Catabolite repressor/activator
ANT_2_02293	gene	459	mraZ			
ANT_2_02293	CDS	459	mraZ		COG2001	Transcriptional regulator MraZ
ANT_2_02294	gene	942	rsmH			
ANT_2_02294	CDS	942	rsmH	2.1.1.199	COG0275	Ribosomal RNA small subunit methyltransferase H
ANT_2_02295	gene	321	ftsL			
ANT_2_02295	CDS	321	ftsL		COG3116	Cell division protein FtsL
ANT_2_02296	gene	1767	ftsI_2			
ANT_2_02296	CDS	1767	ftsI_2	3.4.16.4	COG0768	Peptidoglycan D,D-transpeptidase FtsI
ANT_2_02297	gene	1488	murE			
ANT_2_02297	CDS	1488	murE	6.3.2.13	COG0769	UDP-N-acetylmuramoyl-L-alanyl-D-glutamate--2,6-diaminopimelate ligase
ANT_2_02298	gene	1359	murF			
ANT_2_02298	CDS	1359	murF	6.3.2.10	COG0770	UDP-N-acetylmuramoyl-tripeptide--D-alanyl-D-alanine ligase
ANT_2_02299	gene	1083	mraY			
ANT_2_02299	CDS	1083	mraY	2.7.8.13	COG0472	Phospho-N-acetylmuramoyl-pentapeptide-transferase
ANT_2_02300	gene	1317	murD			
ANT_2_02300	CDS	1317	murD	6.3.2.9	COG0771	UDP-N-acetylmuramoylalanine--D-glutamate ligase
ANT_2_02301	gene	1215	ftsW			
ANT_2_02301	CDS	1215	ftsW	2.4.1.129	COG0772	putative peptidoglycan glycosyltransferase FtsW
ANT_2_02302	gene	1059	murG			
ANT_2_02302	CDS	1059	murG	2.4.1.227	COG0707	UDP-N-acetylglucosamine--N-acetylmuramyl-(pentapeptide) pyrophosphoryl-undecaprenol N-acetylglucosamine transferase
ANT_2_02303	gene	1479	murC			
ANT_2_02303	CDS	1479	murC	6.3.2.8	COG0773	UDP-N-acetylmuramate--L-alanine ligase
ANT_2_02304	gene	921	ddlB			
ANT_2_02304	CDS	921	ddlB	6.3.2.4	COG1181	D-alanine--D-alanine ligase B
ANT_2_02305	gene	825	ftsQ			
ANT_2_02305	CDS	825	ftsQ		COG1589	Cell division protein FtsQ
ANT_2_02306	gene	1257	ftsA			
ANT_2_02306	CDS	1257	ftsA		COG0849	Cell division protein FtsA
ANT_2_02307	gene	1155	ftsZ			
ANT_2_02307	CDS	1155	ftsZ		COG0206	Cell division protein FtsZ
ANT_2_02308	gene	918	lpxC			
ANT_2_02308	CDS	918	lpxC	3.5.1.108	COG0774	UDP-3-O-acyl-N-acetylglucosamine deacetylase
ANT_2_02309	gene	525	secM			
ANT_2_02309	CDS	525	secM			Secretion monitor
ANT_2_02310	gene	2706	secA			
ANT_2_02310	CDS	2706	secA		COG0653	Protein translocase subunit SecA
ANT_2_02311	gene	396	mutT			
ANT_2_02311	CDS	396	mutT	3.6.1.55	COG0494	8-oxo-dGTP diphosphatase
ANT_2_02312	gene	198	yacG			
ANT_2_02312	CDS	198	yacG		COG3024	DNA gyrase inhibitor YacG
ANT_2_02313	gene	744	zapD			
ANT_2_02313	CDS	744	zapD		COG4582	Cell division protein ZapD
ANT_2_02314	gene	609	coaE			
ANT_2_02314	CDS	609	coaE	2.7.1.24	COG0237	Dephospho-CoA kinase
ANT_2_02315	gene	1041	guaC			
ANT_2_02315	CDS	1041	guaC	1.7.1.7	COG0516	GMP reductase
ANT_2_02316	gene	1200	epsF			
ANT_2_02316	CDS	1200	epsF		COG1459	Type II secretion system protein F
ANT_2_02317	gene	1386	gspE			
ANT_2_02317	CDS	1386	gspE		COG2804	Putative type II secretion system protein E
ANT_2_02318	gene	456				
ANT_2_02318	CDS	456				hypothetical protein
ANT_2_02319	gene	897	nadC			
ANT_2_02319	CDS	897	nadC	2.4.2.19	COG0157	Nicotinate-nucleotide pyrophosphorylase [carboxylating]
ANT_2_02320	gene	552	ampD			
ANT_2_02320	CDS	552	ampD	3.5.1.28	COG3023	1,6-anhydro-N-acetylmuramyl-L-alanine amidase AmpD
ANT_2_02321	gene	855	ampE			
ANT_2_02321	CDS	855	ampE		COG3725	Protein AmpE
ANT_2_02322	gene	960				
ANT_2_02322	CDS	960		3.2.1.55	COG3940	Extracellular exo-alpha-(1->5)-L-arabinofuranosidase
ANT_2_02323	gene	1413	yicJ			
ANT_2_02323	CDS	1413	yicJ		COG2211	Inner membrane symporter YicJ
ANT_2_02324	gene	1356	aroP			
ANT_2_02324	CDS	1356	aroP		COG1113	Aromatic amino acid transport protein AroP
ANT_2_02325	gene	765	pdhR			
ANT_2_02325	CDS	765	pdhR		COG2186	Pyruvate dehydrogenase complex repressor
ANT_2_02326	gene	2667	aceE			
ANT_2_02326	CDS	2667	aceE	1.2.4.1	COG2609	Pyruvate dehydrogenase E1 component
ANT_2_02327	gene	1914	aceF			
ANT_2_02327	CDS	1914	aceF	2.3.1.12	COG0508	Dihydrolipoyllysine-residue acetyltransferase component of pyruvate dehydrogenase complex
ANT_2_02328	gene	1425	lpdA			
ANT_2_02328	CDS	1425	lpdA	1.8.1.4	COG1249	Dihydrolipoyl dehydrogenase
ANT_2_02329	gene	900	yhaJ_1			
ANT_2_02329	CDS	900	yhaJ_1			HTH-type transcriptional regulator YhaJ
ANT_2_02330	gene	510	padC			
ANT_2_02330	CDS	510	padC	4.1.1.102	COG3479	Phenolic acid decarboxylase PadC
ANT_2_02331	gene	2598	acnB			
ANT_2_02331	CDS	2598	acnB	4.2.1.3	COG1049	Aconitate hydratase B
ANT_2_02332	gene	381				
ANT_2_02332	CDS	381				hypothetical protein
ANT_2_02333	gene	810	speD			
ANT_2_02333	CDS	810	speD	4.1.1.50	COG1586	S-adenosylmethionine decarboxylase proenzyme
ANT_2_02334	gene	864	speE			
ANT_2_02334	CDS	864	speE	2.5.1.-	COG0421	Polyamine aminopropyltransferase
ANT_2_02335	gene	348				
ANT_2_02335	CDS	348				hypothetical protein
ANT_2_02336	gene	1623	cueO			
ANT_2_02336	CDS	1623	cueO		COG2132	Blue copper oxidase CueO
ANT_2_02337	gene	1284	mdeA			
ANT_2_02337	CDS	1284	mdeA	4.4.1.11		L-methionine gamma-lyase
ANT_2_02338	gene	537	hpt			
ANT_2_02338	CDS	537	hpt	2.4.2.8	COG0634	Hypoxanthine phosphoribosyltransferase
ANT_2_02339	gene	732	can_1			
ANT_2_02339	CDS	732	can_1	4.2.1.1	COG0288	Carbonic anhydrase 2
ANT_2_02340	gene	930	yadG			
ANT_2_02340	CDS	930	yadG		COG1131	putative ABC transporter ATP-binding protein YadG
ANT_2_02341	gene	771	yadH			
ANT_2_02341	CDS	771	yadH		COG0842	Inner membrane transport permease YadH
ANT_2_02342	gene	381	panD			
ANT_2_02342	CDS	381	panD	4.1.1.11	COG0853	Aspartate 1-decarboxylase
ANT_2_02343	gene	855	panC			
ANT_2_02343	CDS	855	panC	6.3.2.1	COG0414	Pantothenate synthetase
ANT_2_02344	gene	795	panB			
ANT_2_02344	CDS	795	panB	2.1.2.11	COG0413	3-methyl-2-oxobutanoate hydroxymethyltransferase
ANT_2_02345	gene	486	folK			
ANT_2_02345	CDS	486	folK	2.7.6.3	COG0801	2-amino-4-hydroxy-6-hydroxymethyldihydropteridine pyrophosphokinase
ANT_2_02346	gene	1332	pcnB			
ANT_2_02346	CDS	1332	pcnB	2.7.7.19	COG0617	Poly(A) polymerase I
ANT_2_02347	gene	879	gluQ			
ANT_2_02347	CDS	879	gluQ	6.1.1.-	COG0008	Glutamyl-Q tRNA(Asp) synthetase
ANT_2_02348	gene	456	dksA			
ANT_2_02348	CDS	456	dksA		COG1734	RNA polymerase-binding transcription factor DksA
ANT_2_02349	gene	705	sfsA			
ANT_2_02349	CDS	705	sfsA		COG1489	Sugar fermentation stimulation protein A
ANT_2_02350	gene	558	thpR			
ANT_2_02350	CDS	558	thpR	3.1.4.58	COG1514	RNA 2',3'-cyclic phosphodiesterase
ANT_2_02351	gene	2484	hrpB			
ANT_2_02351	CDS	2484	hrpB	3.6.4.13	COG1643	ATP-dependent RNA helicase HrpB
ANT_2_02352	gene	2535	mrcB			
ANT_2_02352	CDS	2535	mrcB		COG0744	Penicillin-binding protein 1B
ANT_2_02353	gene	2217	fhuA			
ANT_2_02353	CDS	2217	fhuA		COG1629	Ferrichrome outer membrane transporter/phage receptor
ANT_2_02354	gene	795	fhuC			
ANT_2_02354	CDS	795	fhuC	7.2.2.16	COG1120	Iron(3+)-hydroxamate import ATP-binding protein FhuC
ANT_2_02355	gene	879	fhuD			
ANT_2_02355	CDS	879	fhuD		COG0614	Iron(3+)-hydroxamate-binding protein FhuD
ANT_2_02356	gene	1980	fhuB			
ANT_2_02356	CDS	1980	fhuB		COG0609	Iron(3+)-hydroxamate import system permease protein FhuB
ANT_2_02357	gene	1281	hemL			
ANT_2_02357	CDS	1281	hemL	5.4.3.8	COG0001	Glutamate-1-semialdehyde 2,1-aminomutase
ANT_2_02358	gene	348	erpA			
ANT_2_02358	CDS	348	erpA		COG0316	Iron-sulfur cluster insertion protein ErpA
ANT_2_02359	gene	252				
ANT_2_02359	CDS	252				hypothetical protein
ANT_2_02360	gene	795	btuF_3			
ANT_2_02360	CDS	795	btuF_3		COG0614	Vitamin B12-binding protein
ANT_2_02361	gene	699	mtnN			
ANT_2_02361	CDS	699	mtnN	3.2.2.9	COG0775	5'-methylthioadenosine/S-adenosylhomocysteine nucleosidase
ANT_2_02362	gene	1491	dgt			
ANT_2_02362	CDS	1491	dgt	3.1.5.1	COG0232	Deoxyguanosinetriphosphate triphosphohydrolase
ANT_2_02363	gene	1446	degP			
ANT_2_02363	CDS	1446	degP	3.4.21.107	COG0265	Periplasmic serine endoprotease DegP
ANT_2_02364	gene	1158	cdaR			
ANT_2_02364	CDS	1158	cdaR		COG3835	Carbohydrate diacid regulator
ANT_2_02365	gene	393				
ANT_2_02365	CDS	393				hypothetical protein
ANT_2_02366	gene	825	dapD			
ANT_2_02366	CDS	825	dapD	2.3.1.117		2,3,4,5-tetrahydropyridine-2,6-dicarboxylate N-succinyltransferase
ANT_2_02367	gene	2655	glnD			
ANT_2_02367	CDS	2655	glnD		COG2844	Bifunctional uridylyltransferase/uridylyl-removing enzyme
ANT_2_02368	gene	795	map_2			
ANT_2_02368	CDS	795	map_2	3.4.11.18	COG0024	Methionine aminopeptidase
ANT_2_02369	gene	726	rpsB			
ANT_2_02369	CDS	726	rpsB		COG0052	30S ribosomal protein S2
ANT_2_02370	gene	852	tsf			
ANT_2_02370	CDS	852	tsf		COG0264	Elongation factor Ts
ANT_2_02371	gene	726	pyrH			
ANT_2_02371	CDS	726	pyrH	2.7.4.22	COG0528	Uridylate kinase
ANT_2_02372	gene	558	frr			
ANT_2_02372	CDS	558	frr		COG0233	Ribosome-recycling factor
ANT_2_02373	gene	1197	dxr			
ANT_2_02373	CDS	1197	dxr	1.1.1.267	COG0743	1-deoxy-D-xylulose 5-phosphate reductoisomerase
ANT_2_02374	gene	753	ispU			
ANT_2_02374	CDS	753	ispU	2.5.1.31	COG0020	Ditrans,polycis-undecaprenyl-diphosphate synthase ((2E,6E)-farnesyl-diphosphate specific)
ANT_2_02375	gene	750	cdsA			
ANT_2_02375	CDS	750	cdsA	2.7.7.41	COG0575	Phosphatidate cytidylyltransferase
ANT_2_02376	gene	1347	rseP			
ANT_2_02376	CDS	1347	rseP	3.4.24.-	COG0750	Regulator of sigma-E protease RseP
ANT_2_02377	gene	2412	bamA			
ANT_2_02377	CDS	2412	bamA		COG4775	Outer membrane protein assembly factor BamA
ANT_2_02378	gene	498	skp			
ANT_2_02378	CDS	498	skp		COG2825	Chaperone protein Skp
ANT_2_02379	gene	1026	lpxD			
ANT_2_02379	CDS	1026	lpxD	2.3.1.191	COG1044	UDP-3-O-(3-hydroxymyristoyl)glucosamine N-acyltransferase
ANT_2_02380	gene	456	fabZ			
ANT_2_02380	CDS	456	fabZ	4.2.1.59	COG0764	3-hydroxyacyl-[acyl-carrier-protein] dehydratase FabZ
ANT_2_02381	gene	789	lpxA			
ANT_2_02381	CDS	789	lpxA	2.3.1.129	COG1043	Acyl-[acyl-carrier-protein]--UDP-N-acetylglucosamine O-acyltransferase
ANT_2_02382	gene	1149	lpxB			
ANT_2_02382	CDS	1149	lpxB	2.4.1.182	COG0763	Lipid-A-disaccharide synthase
ANT_2_02383	gene	627	rnhB			
ANT_2_02383	CDS	627	rnhB	3.1.26.4	COG0164	Ribonuclease HII
ANT_2_02384	gene	3483	dnaE			
ANT_2_02384	CDS	3483	dnaE	2.7.7.7	COG0587	DNA polymerase III subunit alpha
ANT_2_02385	gene	957	accA			
ANT_2_02385	CDS	957	accA	2.1.3.15	COG0825	Acetyl-coenzyme A carboxylase carboxyl transferase subunit alpha
ANT_2_02386	gene	2151	ldcC			
ANT_2_02386	CDS	2151	ldcC	4.1.1.18	COG1982	Constitutive lysine decarboxylase
ANT_2_02387	gene	390				
ANT_2_02387	CDS	390				hypothetical protein
ANT_2_02388	gene	1317	tilS			
ANT_2_02388	CDS	1317	tilS	6.3.4.19	COG0037	tRNA(Ile)-lysidine synthase
ANT_2_02389	gene	309				
ANT_2_02389	CDS	309				Cytochrome c-554(548)
ANT_2_02390	gene	261	rof			
ANT_2_02390	CDS	261	rof		COG4568	Protein rof
ANT_2_02391	gene	201				
ANT_2_02391	CDS	201				hypothetical protein
ANT_2_02392	gene	411	arfB			
ANT_2_02392	CDS	411	arfB	3.1.1.29	COG1186	Peptidyl-tRNA hydrolase ArfB
ANT_2_02393	gene	1719	proS			
ANT_2_02393	CDS	1719	proS	6.1.1.15	COG0442	Proline--tRNA ligase
ANT_2_02394	gene	705	trmO			
ANT_2_02394	CDS	705	trmO	2.1.1.-	COG1720	tRNA (adenine(37)-N6)-methyltransferase
ANT_2_02395	gene	399	rcsF			
ANT_2_02395	CDS	399	rcsF			Outer membrane lipoprotein RcsF
ANT_2_02396	gene	816	metQ_3			
ANT_2_02396	CDS	816	metQ_3		COG1464	D-methionine-binding lipoprotein MetQ
ANT_2_02397	gene	654	metI_2			
ANT_2_02397	CDS	654	metI_2		COG2011	D-methionine transport system permease protein MetI
ANT_2_02398	gene	1032	metN			
ANT_2_02398	CDS	1032	metN	3.6.3.-	COG1135	Methionine import ATP-binding protein MetN
ANT_2_02399	gene	561	gmhB			
ANT_2_02399	CDS	561	gmhB	3.1.3.82	COG0241	D-glycero-beta-D-manno-heptose-1,7-bisphosphate 7-phosphatase
ANT_2_02400	gene	204				
ANT_2_02400	CDS	204				hypothetical protein
ANT_2_02401	gene	108				
ANT_2_02401	CDS	108				hypothetical protein
ANT_2_02402	gene	207				
ANT_2_02402	CDS	207				hypothetical protein
ANT_2_02403	gene	228				
ANT_2_02403	CDS	228				hypothetical protein
ANT_2_02404	gene	207				
ANT_2_02404	CDS	207				hypothetical protein
ANT_2_02405	gene	309				
ANT_2_02405	CDS	309				hypothetical protein
ANT_2_02406	gene	654				
ANT_2_02406	CDS	654				hypothetical protein
ANT_2_02407	gene	684	cmk			
ANT_2_02407	CDS	684	cmk	2.7.4.25	COG0283	Cytidylate kinase
ANT_2_02408	gene	768	ycaL			
ANT_2_02408	CDS	768	ycaL	3.4.-.-	COG0501	Metalloprotease YcaL
ANT_2_02409	gene	1284	aroA			
ANT_2_02409	CDS	1284	aroA	2.5.1.19	COG0128	3-phosphoshikimate 1-carboxyvinyltransferase
ANT_2_02410	gene	1089	serC			
ANT_2_02410	CDS	1089	serC	2.6.1.52	COG1932	Phosphoserine aminotransferase
ANT_2_02411	gene	693				
ANT_2_02411	CDS	693				hypothetical protein
ANT_2_02412	gene	1761	ycaO			
ANT_2_02412	CDS	1761	ycaO		COG1944	Ribosomal protein S12 methylthiotransferase accessory factor YcaO
ANT_2_02413	gene	858	focA_1			
ANT_2_02413	CDS	858	focA_1		COG2116	putative formate transporter 1
ANT_2_02414	gene	1485				
ANT_2_02414	CDS	1485				hypothetical protein
ANT_2_02415	gene	237				
ANT_2_02415	CDS	237				hypothetical protein
ANT_2_02416	gene	264				
ANT_2_02416	CDS	264				hypothetical protein
ANT_2_02417	gene	468				
ANT_2_02417	CDS	468				hypothetical protein
ANT_2_02418	gene	213				
ANT_2_02418	CDS	213				hypothetical protein
ANT_2_02419	gene	975				
ANT_2_02419	CDS	975				hypothetical protein
ANT_2_02420	gene	129	flgC			
ANT_2_02420	CDS	129	flgC		COG1558	Flagellar basal-body rod protein FlgC
ANT_2_02421	gene	672	flgD			
ANT_2_02421	CDS	672	flgD		COG1843	Basal-body rod modification protein FlgD
ANT_2_02422	gene	1209	flgE			
ANT_2_02422	CDS	1209	flgE		COG1749	Flagellar hook protein FlgE
ANT_2_02423	gene	171				
ANT_2_02423	CDS	171				hypothetical protein
ANT_2_02424	gene	171				
ANT_2_02424	CDS	171				hypothetical protein
ANT_2_02425	gene	102				
ANT_2_02425	CDS	102				hypothetical protein
ANT_2_02426	gene	77				
ANT_2_02426	tRNA	77				tRNA-Met(cat)
ANT_2_02427	gene	77				
ANT_2_02427	tRNA	77				tRNA-Met(cat)
ANT_2_02428	gene	1149	mltA			
ANT_2_02428	CDS	1149	mltA	4.2.2.-	COG2821	Membrane-bound lytic murein transglycosylase A
ANT_2_02429	gene	813	tcdA			
ANT_2_02429	CDS	813	tcdA	6.1.-.-	COG1179	tRNA threonylcarbamoyladenosine dehydratase
ANT_2_02430	gene	456	csdE			
ANT_2_02430	CDS	456	csdE		COG2166	Sulfur acceptor protein CsdE
ANT_2_02431	gene	1209	csdA			
ANT_2_02431	CDS	1209	csdA	2.8.1.7	COG0520	Cysteine desulfurase CsdA
ANT_2_02432	gene	222	ygdR_2			
ANT_2_02432	CDS	222	ygdR_2			putative lipoprotein YgdR
ANT_2_02433	gene	918	gcvA_3			
ANT_2_02433	CDS	918	gcvA_3			Glycine cleavage system transcriptional activator
ANT_2_02434	gene	396				
ANT_2_02434	CDS	396				hypothetical protein
ANT_2_02435	gene	1101	rlmM			
ANT_2_02435	CDS	1101	rlmM	2.1.1.186	COG2933	Ribosomal RNA large subunit methyltransferase M
ANT_2_02436	gene	756	ygdG			
ANT_2_02436	CDS	756	ygdG	3.1.-.-	COG0258	Flap endonuclease Xni
ANT_2_02437	gene	1365	ppnN			
ANT_2_02437	CDS	1365	ppnN	3.2.2.-	COG1611	Pyrimidine/purine nucleotide 5'-monophosphate nucleosidase
ANT_2_02438	gene	846	queF			
ANT_2_02438	CDS	846	queF	1.7.1.13	COG0780	NADPH-dependent 7-cyano-7-deazaguanine reductase
ANT_2_02439	gene	549	syd			
ANT_2_02439	CDS	549	syd			Protein Syd
ANT_2_02440	gene	330	yqcC			
ANT_2_02440	CDS	330	yqcC		COG3098	putative protein YqcC
ANT_2_02441	gene	780	truC			
ANT_2_02441	CDS	780	truC	5.4.99.26	COG0564	tRNA pseudouridine synthase C
ANT_2_02442	gene	447				
ANT_2_02442	CDS	447			COG0716	putative protein
ANT_2_02443	gene	1560	garD			
ANT_2_02443	CDS	1560	garD	4.2.1.42	COG2721	Galactarate dehydratase (L-threo-forming)
ANT_2_02444	gene	1362	gudP_2			
ANT_2_02444	CDS	1362	gudP_2			putative glucarate transporter
ANT_2_02445	gene	1347	gudX_2			
ANT_2_02445	CDS	1347	gudX_2	4.2.1.-	COG4948	Glucarate dehydratase-related protein
ANT_2_02446	gene	1332	gudD			
ANT_2_02446	CDS	1332	gudD	4.2.1.40	COG4948	Glucarate dehydratase
ANT_2_02447	gene	771	garL			
ANT_2_02447	CDS	771	garL	4.1.2.20	COG3836	5-keto-4-deoxy-D-glucarate aldolase
ANT_2_02448	gene	885	garR			
ANT_2_02448	CDS	885	garR	1.1.1.60	COG2084	2-hydroxy-3-oxopropionate reductase
ANT_2_02449	gene	1140	garK			
ANT_2_02449	CDS	1140	garK	2.7.1.165	COG1929	Glycerate 2-kinase
ANT_2_02450	gene	2730	barA			
ANT_2_02450	CDS	2730	barA	2.7.13.3	COG0784	Signal transduction histidine-protein kinase BarA
ANT_2_02451	gene	1317	rlmD			
ANT_2_02451	CDS	1317	rlmD	2.1.1.190	COG2265	23S rRNA (uracil(1939)-C(5))-methyltransferase RlmD
ANT_2_02452	gene	2232	relA			
ANT_2_02452	CDS	2232	relA	2.7.6.5	COG0317	GTP pyrophosphokinase
ANT_2_02453	gene	789	mazG			
ANT_2_02453	CDS	789	mazG	3.6.1.8	COG1694	Nucleoside triphosphate pyrophosphohydrolase
ANT_2_02454	gene	1638	pyrG_2			
ANT_2_02454	CDS	1638	pyrG_2	6.3.4.2	COG0504	CTP synthase
ANT_2_02455	gene	1296	eno			
ANT_2_02455	CDS	1296	eno	4.2.1.11	COG0148	Enolase
ANT_2_02456	gene	672	queE			
ANT_2_02456	CDS	672	queE	4.3.99.3		7-carboxy-7-deazaguanine synthase
ANT_2_02457	gene	360	queD			
ANT_2_02457	CDS	360	queD	4.1.2.50	COG0720	6-carboxy-5,6,7,8-tetrahydropterin synthase
ANT_2_02458	gene	1806	cysJ_2			
ANT_2_02458	CDS	1806	cysJ_2	1.8.1.2	COG0369	Sulfite reductase [NADPH] flavoprotein alpha-component
ANT_2_02459	gene	1722	cysI			
ANT_2_02459	CDS	1722	cysI	1.8.1.2	COG0155	Sulfite reductase [NADPH] hemoprotein beta-component
ANT_2_02460	gene	735	cysH			
ANT_2_02460	CDS	735	cysH	1.8.4.8	COG0175	Phosphoadenosine phosphosulfate reductase
ANT_2_02461	gene	300				
ANT_2_02461	CDS	300				hypothetical protein
ANT_2_02462	gene	1014				
ANT_2_02462	CDS	1014				hypothetical protein
ANT_2_02463	gene	1416	cysG_3			
ANT_2_02463	CDS	1416	cysG_3		COG0007	Siroheme synthase
ANT_2_02464	gene	909	cysD			
ANT_2_02464	CDS	909	cysD	2.7.7.4	COG0175	Sulfate adenylyltransferase subunit 2
ANT_2_02465	gene	1428	cysN			
ANT_2_02465	CDS	1428	cysN	2.7.7.4	COG2895	Sulfate adenylyltransferase subunit 1
ANT_2_02466	gene	606	cysC			
ANT_2_02466	CDS	606	cysC	2.7.1.25	COG0529	Adenylyl-sulfate kinase
ANT_2_02467	gene	321	ygbE			
ANT_2_02467	CDS	321	ygbE			Inner membrane protein YgbE
ANT_2_02468	gene	318	ftsB			
ANT_2_02468	CDS	318	ftsB		COG2919	Cell division protein FtsB
ANT_2_02469	gene	717	ispD			
ANT_2_02469	CDS	717	ispD	2.7.7.60	COG1211	2-C-methyl-D-erythritol 4-phosphate cytidylyltransferase
ANT_2_02470	gene	483	ispF			
ANT_2_02470	CDS	483	ispF	4.6.1.12	COG0245	2-C-methyl-D-erythritol 2,4-cyclodiphosphate synthase
ANT_2_02471	gene	1041	truD			
ANT_2_02471	CDS	1041	truD	5.4.99.27	COG0585	tRNA pseudouridine synthase D
ANT_2_02472	gene	762	surE			
ANT_2_02472	CDS	762	surE	3.1.3.5	COG0496	5'/3'-nucleotidase SurE
ANT_2_02473	gene	627	pcm			
ANT_2_02473	CDS	627	pcm	2.1.1.77	COG2518	Protein-L-isoaspartate O-methyltransferase
ANT_2_02474	gene	969	nlpD			
ANT_2_02474	CDS	969	nlpD			Murein hydrolase activator NlpD
ANT_2_02475	gene	993	rpoS			
ANT_2_02475	CDS	993	rpoS		COG0568	RNA polymerase sigma factor RpoS
ANT_2_02476	gene	2562	mutS			
ANT_2_02476	CDS	2562	mutS		COG0249	DNA mismatch repair protein MutS
ANT_2_02477	gene	1305	intA_2			
ANT_2_02477	CDS	1305	intA_2		COG0582	Prophage integrase IntA
ANT_2_02478	gene	495				
ANT_2_02478	CDS	495				hypothetical protein
ANT_2_02479	gene	1173				
ANT_2_02479	CDS	1173				hypothetical protein
ANT_2_02480	gene	450				
ANT_2_02480	CDS	450				hypothetical protein
ANT_2_02481	gene	1623				
ANT_2_02481	CDS	1623				hypothetical protein
ANT_2_02482	gene	234				
ANT_2_02482	CDS	234				hypothetical protein
ANT_2_02483	gene	393				
ANT_2_02483	CDS	393				hypothetical protein
ANT_2_02484	gene	198				
ANT_2_02484	CDS	198				hypothetical protein
ANT_2_02485	gene	360				
ANT_2_02485	CDS	360				hypothetical protein
ANT_2_02486	gene	528				
ANT_2_02486	CDS	528				hypothetical protein
ANT_2_02487	gene	279				
ANT_2_02487	CDS	279				hypothetical protein
ANT_2_02488	gene	498				
ANT_2_02488	CDS	498				hypothetical protein
ANT_2_02489	gene	393				
ANT_2_02489	CDS	393				hypothetical protein
ANT_2_02490	gene	540				
ANT_2_02490	CDS	540				hypothetical protein
ANT_2_02491	gene	453				
ANT_2_02491	CDS	453				hypothetical protein
ANT_2_02492	gene	915	xerC_2			
ANT_2_02492	CDS	915	xerC_2			Tyrosine recombinase XerC
ANT_2_02493	gene	600				
ANT_2_02493	CDS	600				hypothetical protein
ANT_2_02494	gene	198				
ANT_2_02494	CDS	198				hypothetical protein
ANT_2_02495	gene	843				
ANT_2_02495	CDS	843				hypothetical protein
ANT_2_02496	gene	1410				
ANT_2_02496	CDS	1410				hypothetical protein
ANT_2_02497	gene	282				
ANT_2_02497	CDS	282				IS66 family transposase ISEc78
ANT_2_02498	gene	336				
ANT_2_02498	CDS	336				IS66 family transposase ISSgsp1
ANT_2_02499	gene	240				
ANT_2_02499	CDS	240				hypothetical protein
ANT_2_02500	gene	3543	rapA_2			
ANT_2_02500	CDS	3543	rapA_2	3.6.4.-		RNA polymerase-associated protein RapA
ANT_2_02501	gene	1407	recF			
ANT_2_02501	CDS	1407	recF			DNA replication and repair protein RecF
ANT_2_02502	gene	594				
ANT_2_02502	CDS	594				hypothetical protein
ANT_2_02503	gene	2922				
ANT_2_02503	CDS	2922				hypothetical protein
ANT_2_02504	gene	2856				
ANT_2_02504	CDS	2856				hypothetical protein
ANT_2_02505	gene	303				
ANT_2_02505	CDS	303				hypothetical protein
ANT_2_02506	gene	168				
ANT_2_02506	CDS	168				hypothetical protein
ANT_2_02507	gene	312				
ANT_2_02507	CDS	312				hypothetical protein
ANT_2_02508	gene	105				
ANT_2_02508	CDS	105				hypothetical protein
ANT_2_02509	gene	648	narL_1			
ANT_2_02509	CDS	648	narL_1		COG2197	Nitrate/nitrite response regulator protein NarL
ANT_2_02510	gene	1392	narK			
ANT_2_02510	CDS	1392	narK		COG2223	Nitrate/nitrite transporter NarK
ANT_2_02511	gene	3762	narG			
ANT_2_02511	CDS	3762	narG	1.7.5.1	COG5013	Respiratory nitrate reductase 1 alpha chain
ANT_2_02512	gene	1545	narH			
ANT_2_02512	CDS	1545	narH	1.7.5.1	COG1140	Respiratory nitrate reductase 1 beta chain
ANT_2_02513	gene	729	narJ			
ANT_2_02513	CDS	729	narJ		COG2180	Nitrate reductase molybdenum cofactor assembly chaperone NarJ
ANT_2_02514	gene	678	narI			
ANT_2_02514	CDS	678	narI	1.7.5.1	COG2181	Respiratory nitrate reductase 1 gamma chain
ANT_2_02515	gene	1083	mltB			
ANT_2_02515	CDS	1083	mltB	4.2.2.-	COG2951	Membrane-bound lytic murein transglycosylase B
ANT_2_02516	gene	336				
ANT_2_02516	CDS	336				hypothetical protein
ANT_2_02517	gene	888	yagE			
ANT_2_02517	CDS	888	yagE	4.1.2.51	COG0329	Putative 2-dehydro-3-deoxy-D-gluconate aldolase YagE
ANT_2_02518	gene	777	tam			
ANT_2_02518	CDS	777	tam	2.1.1.144	COG4106	Trans-aconitate 2-methyltransferase
ANT_2_02519	gene	495	pncC_1			
ANT_2_02519	CDS	495	pncC_1	3.5.1.42	COG1546	Nicotinamide-nucleotide amidohydrolase PncC
ANT_2_02520	gene	1071	recA			
ANT_2_02520	CDS	1071	recA		COG0468	Protein RecA
ANT_2_02521	gene	519	recX			
ANT_2_02521	CDS	519	recX		COG2137	Regulatory protein RecX
ANT_2_02522	gene	2628	alaS			
ANT_2_02522	CDS	2628	alaS	6.1.1.7	COG0013	Alanine--tRNA ligase
ANT_2_02523	gene	186	csrA			
ANT_2_02523	CDS	186	csrA		COG1551	Carbon storage regulator
ANT_2_02524	gene	93				
ANT_2_02524	tRNA	93				tRNA-Ser(gct)
ANT_2_02525	gene	77				
ANT_2_02525	tRNA	77				tRNA-Arg(acg)
ANT_2_02526	gene	77				
ANT_2_02526	tRNA	77				tRNA-Arg(acg)
ANT_2_02527	gene	77				
ANT_2_02527	tRNA	77				tRNA-Arg(acg)
ANT_2_02528	gene	567	yqaB			
ANT_2_02528	CDS	567	yqaB	3.1.3.-	COG0637	Fructose-1-phosphate phosphatase YqaB
ANT_2_02529	gene	429	yqaA			
ANT_2_02529	CDS	429	yqaA		COG1238	Inner membrane protein YqaA
ANT_2_02530	gene	1608	gshA			
ANT_2_02530	CDS	1608	gshA	6.3.2.2	COG2918	Glutamate--cysteine ligase
ANT_2_02531	gene	516	luxS			
ANT_2_02531	CDS	516	luxS	4.4.1.21	COG1854	S-ribosylhomocysteine lyase
ANT_2_02532	gene	1287				
ANT_2_02532	CDS	1287				hypothetical protein
ANT_2_02533	gene	801	ypjD			
ANT_2_02533	CDS	801	ypjD		COG4137	Inner membrane protein YpjD
ANT_2_02534	gene	1362	ffh			
ANT_2_02534	CDS	1362	ffh		COG0541	Signal recognition particle protein
ANT_2_02535	gene	249	rpsP			
ANT_2_02535	CDS	249	rpsP		COG0228	30S ribosomal protein S16
ANT_2_02536	gene	549	rimM			
ANT_2_02536	CDS	549	rimM		COG0806	Ribosome maturation factor RimM
ANT_2_02537	gene	804	trmD			
ANT_2_02537	CDS	804	trmD	2.1.1.228	COG0336	tRNA (guanine-N(1)-)-methyltransferase
ANT_2_02538	gene	348	rplS			
ANT_2_02538	CDS	348	rplS		COG0335	50S ribosomal protein L19
ANT_2_02539	gene	537				
ANT_2_02539	CDS	537				hypothetical protein
ANT_2_02540	gene	1080	aroF			
ANT_2_02540	CDS	1080	aroF	2.5.1.54	COG0722	Phospho-2-dehydro-3-deoxyheptonate aldolase, Tyr-sensitive
ANT_2_02541	gene	1122	tyrA			
ANT_2_02541	CDS	1122	tyrA		COG0287	T-protein
ANT_2_02542	gene	1176	pheA			
ANT_2_02542	CDS	1176	pheA		COG0077	Bifunctional chorismate mutase/prephenate dehydratase
ANT_2_02543	gene	336	raiA			
ANT_2_02543	CDS	336	raiA		COG1544	Ribosome-associated inhibitor A
ANT_2_02544	gene	732	bamD			
ANT_2_02544	CDS	732	bamD		COG4105	Outer membrane protein assembly factor BamD
ANT_2_02545	gene	978	rluD			
ANT_2_02545	CDS	978	rluD	5.4.99.23	COG0564	Ribosomal large subunit pseudouridine synthase D
ANT_2_02546	gene	729	yfiH			
ANT_2_02546	CDS	729	yfiH	1.10.3.-	COG1496	Polyphenol oxidase
ANT_2_02547	gene	2574	clpB			
ANT_2_02547	CDS	2574	clpB		COG0542	Chaperone protein ClpB
ANT_2_02548	gene	225				
ANT_2_02548	CDS	225				hypothetical protein
ANT_2_02549	gene	813				
ANT_2_02549	rRNA	813				23S ribosomal RNA (partial)
ANT_2_02550	gene	114				
ANT_2_02550	CDS	114				hypothetical protein
ANT_2_02551	gene	213				
ANT_2_02551	CDS	213				hypothetical protein
ANT_2_02552	gene	111				
ANT_2_02552	rRNA	111				5S ribosomal RNA
ANT_2_02553	gene	1029	murB			
ANT_2_02553	CDS	1029	murB	1.3.1.98	COG0812	UDP-N-acetylenolpyruvoylglucosamine reductase
ANT_2_02554	gene	963	birA			
ANT_2_02554	CDS	963	birA	6.3.4.15	COG0340	Bifunctional ligase/repressor BirA
ANT_2_02555	gene	927	coaA			
ANT_2_02555	CDS	927	coaA	2.7.1.33		Pantothenate kinase
ANT_2_02556	gene	76				
ANT_2_02556	tRNA	76				tRNA-Thr(tgt)
ANT_2_02557	gene	85				
ANT_2_02557	tRNA	85				tRNA-Tyr(gta)
ANT_2_02558	gene	819	xthA			
ANT_2_02558	CDS	819	xthA	3.1.11.2	COG0708	Exodeoxyribonuclease III
ANT_2_02559	gene	312				
ANT_2_02559	CDS	312				hypothetical protein
ANT_2_02560	gene	1917	topB			
ANT_2_02560	CDS	1917	topB	5.6.2.1	COG0550	DNA topoisomerase 3
ANT_2_02561	gene	552	ydjA			
ANT_2_02561	CDS	552	ydjA	1.-.-.-	COG0778	Putative NAD(P)H nitroreductase YdjA
ANT_2_02562	gene	1863	sppA			
ANT_2_02562	CDS	1863	sppA	3.4.21.-	COG0616	Protease 4
ANT_2_02563	gene	1014	ansA			
ANT_2_02563	CDS	1014	ansA	3.5.1.1	COG0252	L-asparaginase 1
ANT_2_02564	gene	609	pncA			
ANT_2_02564	CDS	609	pncA	3.5.1.19	COG1335	Nicotinamidase
ANT_2_02565	gene	282				
ANT_2_02565	CDS	282				hypothetical protein
ANT_2_02566	gene	411	msrB			
ANT_2_02566	CDS	411	msrB	1.8.4.12	COG0229	Peptide methionine sulfoxide reductase MsrB
ANT_2_02567	gene	999	gapA			
ANT_2_02567	CDS	999	gapA	1.2.1.12	COG0057	Glyceraldehyde-3-phosphate dehydrogenase A
ANT_2_02568	gene	900	yeaD			
ANT_2_02568	CDS	900	yeaD	5.1.3.15	COG0676	Putative glucose-6-phosphate 1-epimerase
ANT_2_02569	gene	852				
ANT_2_02569	CDS	852		1.-.-.-	COG0656	putative oxidoreductase/MSMEI_2347
ANT_2_02570	gene	750	mipA			
ANT_2_02570	CDS	750	mipA		COG3713	MltA-interacting protein
ANT_2_02571	gene	150				
ANT_2_02571	CDS	150				hypothetical protein
ANT_2_02572	gene	1935				
ANT_2_02572	CDS	1935				hypothetical protein
ANT_2_02573	gene	1275				
ANT_2_02573	CDS	1275				hypothetical protein
ANT_2_02574	gene	1728	cvrA			
ANT_2_02574	CDS	1728	cvrA		COG3263	K(+)/H(+) antiporter NhaP2
ANT_2_02575	gene	234	yebV			
ANT_2_02575	CDS	234	yebV			putative protein YebV
ANT_2_02576	gene	1467				
ANT_2_02576	CDS	1467				hypothetical protein
ANT_2_02577	gene	1194	mdtL			
ANT_2_02577	CDS	1194	mdtL			Multidrug resistance protein MdtL
ANT_2_02578	gene	1071	dadX			
ANT_2_02578	CDS	1071	dadX	5.1.1.1	COG0787	Alanine racemase, catabolic
ANT_2_02579	gene	1302	dadA			
ANT_2_02579	CDS	1302	dadA	1.4.99.-	COG0665	D-amino acid dehydrogenase
ANT_2_02580	gene	234				
ANT_2_02580	CDS	234				hypothetical protein
ANT_2_02581	gene	1536				
ANT_2_02581	CDS	1536				hypothetical protein
ANT_2_02582	gene	720	fadR			
ANT_2_02582	CDS	720	fadR		COG2186	Fatty acid metabolism regulator protein
ANT_2_02583	gene	531	dsbB			
ANT_2_02583	CDS	531	dsbB		COG1495	Disulfide bond formation protein B
ANT_2_02584	gene	447				
ANT_2_02584	CDS	447				hypothetical protein
ANT_2_02585	gene	660	ycgM			
ANT_2_02585	CDS	660	ycgM		COG0179	putative protein YcgM
ANT_2_02586	gene	276	ycgL			
ANT_2_02586	CDS	276	ycgL		COG3100	Protein YcgL
ANT_2_02587	gene	714	minC			
ANT_2_02587	CDS	714	minC		COG0850	Septum site-determining protein MinC
ANT_2_02588	gene	813	minD			
ANT_2_02588	CDS	813	minD		COG2894	Septum site-determining protein MinD
ANT_2_02589	gene	270	minE			
ANT_2_02589	CDS	270	minE		COG0851	Cell division topological specificity factor
ANT_2_02590	gene	1122	rnd			
ANT_2_02590	CDS	1122	rnd	3.1.13.5	COG0349	Ribonuclease D
ANT_2_02591	gene	1710	fadD			
ANT_2_02591	CDS	1710	fadD	6.2.1.3	COG0318	Long-chain-fatty-acid--CoA ligase
ANT_2_02592	gene	597	slp			
ANT_2_02592	CDS	597	slp		COG3065	Outer membrane protein Slp
ANT_2_02593	gene	699	tsaB			
ANT_2_02593	CDS	699	tsaB		COG1214	tRNA threonylcarbamoyladenosine biosynthesis protein TsaB
ANT_2_02594	gene	1917	yoaA			
ANT_2_02594	CDS	1917	yoaA	3.6.4.12	COG1199	putative ATP-dependent DNA helicase YoaA
ANT_2_02595	gene	111				
ANT_2_02595	CDS	111				hypothetical protein
ANT_2_02596	gene	108				
ANT_2_02596	CDS	108				hypothetical protein
ANT_2_02597	gene	168				
ANT_2_02597	CDS	168				hypothetical protein
ANT_2_02598	gene	360				
ANT_2_02598	CDS	360				hypothetical protein
ANT_2_02599	gene	345	rutC_2			
ANT_2_02599	CDS	345	rutC_2	1.-.-.-		Putative aminoacrylate peracid reductase RutC
ANT_2_02600	gene	195				
ANT_2_02600	CDS	195				hypothetical protein
ANT_2_02601	gene	1380	pabB			
ANT_2_02601	CDS	1380	pabB	2.6.1.85	COG0147	Aminodeoxychorismate synthase component 1
ANT_2_02602	gene	564	nudL			
ANT_2_02602	CDS	564	nudL	3.6.1.-		putative Nudix hydrolase NudL
ANT_2_02603	gene	1365	sdaA_2			
ANT_2_02603	CDS	1365	sdaA_2	4.3.1.17	COG1760	L-serine dehydratase 1
ANT_2_02604	gene	1563	pdeD			
ANT_2_02604	CDS	1563	pdeD	3.1.4.52	COG2200	putative cyclic di-GMP phosphodiesterase PdeD
ANT_2_02605	gene	1581				
ANT_2_02605	CDS	1581				hypothetical protein
ANT_2_02606	gene	963	manX			
ANT_2_02606	CDS	963	manX	2.7.1.191	COG2893	PTS system mannose-specific EIIAB component
ANT_2_02607	gene	804	manY			
ANT_2_02607	CDS	804	manY		COG3715	PTS system mannose-specific EIIC component
ANT_2_02608	gene	846	manZ			
ANT_2_02608	CDS	846	manZ		COG3716	PTS system mannose-specific EIID component
ANT_2_02609	gene	459				
ANT_2_02609	CDS	459				hypothetical protein
ANT_2_02610	gene	810	rlmA			
ANT_2_02610	CDS	810	rlmA	2.1.1.187	COG0500	23S rRNA (guanine(745)-N(1))-methyltransferase
ANT_2_02611	gene	210	cspC			
ANT_2_02611	CDS	210	cspC			Cold shock-like protein CspC
ANT_2_02612	gene	1011				
ANT_2_02612	CDS	1011				hypothetical protein
ANT_2_02613	gene	273				
ANT_2_02613	CDS	273				hypothetical protein
ANT_2_02614	gene	237				
ANT_2_02614	CDS	237				hypothetical protein
ANT_2_02615	gene	792	kdgR			
ANT_2_02615	CDS	792	kdgR			Pectin degradation repressor protein KdgR
ANT_2_02616	gene	1371	ribZ			
ANT_2_02616	CDS	1371	ribZ			Riboflavin transporter RibZ
ANT_2_02617	gene	882	htpX_2			
ANT_2_02617	CDS	882	htpX_2	3.4.24.-	COG0501	Protease HtpX
ANT_2_02618	gene	2040	prc			
ANT_2_02618	CDS	2040	prc	3.4.21.102	COG0793	Tail-specific protease
ANT_2_02619	gene	705	proQ			
ANT_2_02619	CDS	705	proQ		COG3109	RNA chaperone ProQ
ANT_2_02620	gene	501	msrC			
ANT_2_02620	CDS	501	msrC	1.8.4.14	COG1956	Free methionine-R-sulfoxide reductase
ANT_2_02621	gene	1089	yebS			
ANT_2_02621	CDS	1089	yebS		COG2995	Intermembrane transport protein YebS
ANT_2_02622	gene	2634	yebT			
ANT_2_02622	CDS	2634	yebT		COG3008	Intermembrane transport protein YebT
ANT_2_02623	gene	357				
ANT_2_02623	CDS	357				hypothetical protein
ANT_2_02624	gene	1428	rsmF			
ANT_2_02624	CDS	1428	rsmF	2.1.1.178	COG0144	Ribosomal RNA small subunit methyltransferase F
ANT_2_02625	gene	648	pphA			
ANT_2_02625	CDS	648	pphA	3.1.3.16	COG0639	Serine/threonine-protein phosphatase 1
ANT_2_02626	gene	213				
ANT_2_02626	CDS	213				hypothetical protein
ANT_2_02627	gene	1350	ycaD			
ANT_2_02627	CDS	1350	ycaD			putative MFS-type transporter YcaD
ANT_2_02628	gene	2031	betT			
ANT_2_02628	CDS	2031	betT		COG1292	High-affinity choline transport protein
ANT_2_02629	gene	594	betI			
ANT_2_02629	CDS	594	betI		COG1309	HTH-type transcriptional regulator BetI
ANT_2_02630	gene	1473	betB_1			
ANT_2_02630	CDS	1473	betB_1	1.2.1.8	COG1012	NAD/NADP-dependent betaine aldehyde dehydrogenase
ANT_2_02631	gene	1683	betA			
ANT_2_02631	CDS	1683	betA	1.1.99.1	COG2303	Oxygen-dependent choline dehydrogenase
ANT_2_02632	gene	351	mdtJ			
ANT_2_02632	CDS	351	mdtJ		COG2076	Spermidine export protein MdtJ
ANT_2_02633	gene	330	mdtI			
ANT_2_02633	CDS	330	mdtI		COG2076	Spermidine export protein MdtI
ANT_2_02634	gene	1143				
ANT_2_02634	CDS	1143				hypothetical protein
ANT_2_02635	gene	186				
ANT_2_02635	CDS	186				hypothetical protein
ANT_2_02636	gene	138				
ANT_2_02636	CDS	138				hypothetical protein
ANT_2_02637	gene	1023	adhA			
ANT_2_02637	CDS	1023	adhA	1.1.1.1		Alcohol dehydrogenase 1
ANT_2_02638	gene	183				
ANT_2_02638	CDS	183				hypothetical protein
ANT_2_02639	gene	189				
ANT_2_02639	CDS	189				hypothetical protein
ANT_2_02640	gene	285				
ANT_2_02640	CDS	285				hypothetical protein
ANT_2_02641	gene	327	tfaE			
ANT_2_02641	CDS	327	tfaE			Prophage tail fiber assembly protein TfaE
ANT_2_02642	gene	441				
ANT_2_02642	CDS	441				hypothetical protein
ANT_2_02643	gene	138				
ANT_2_02643	CDS	138				hypothetical protein
ANT_2_02644	gene	2229				
ANT_2_02644	CDS	2229				hypothetical protein
ANT_2_02645	gene	177				
ANT_2_02645	CDS	177				hypothetical protein
ANT_2_02646	gene	459				
ANT_2_02646	CDS	459				hypothetical protein
ANT_2_02647	gene	300				
ANT_2_02647	CDS	300				hypothetical protein
ANT_2_02648	gene	288				
ANT_2_02648	CDS	288				hypothetical protein
ANT_2_02649	gene	294				
ANT_2_02649	CDS	294				hypothetical protein
ANT_2_02650	gene	423				
ANT_2_02650	CDS	423				hypothetical protein
ANT_2_02651	gene	468				
ANT_2_02651	CDS	468				hypothetical protein
ANT_2_02652	gene	453				
ANT_2_02652	CDS	453				hypothetical protein
ANT_2_02653	gene	873				
ANT_2_02653	CDS	873				hypothetical protein
ANT_2_02654	gene	585				
ANT_2_02654	CDS	585				hypothetical protein
ANT_2_02655	gene	351				
ANT_2_02655	CDS	351				hypothetical protein
ANT_2_02656	gene	909				
ANT_2_02656	CDS	909				hypothetical protein
ANT_2_02657	gene	609				
ANT_2_02657	CDS	609				hypothetical protein
ANT_2_02658	gene	1194				
ANT_2_02658	CDS	1194				hypothetical protein
ANT_2_02659	gene	393				
ANT_2_02659	CDS	393				hypothetical protein
ANT_2_02660	gene	441				
ANT_2_02660	CDS	441				hypothetical protein
ANT_2_02661	gene	675				
ANT_2_02661	CDS	675				hypothetical protein
ANT_2_02662	gene	348				
ANT_2_02662	CDS	348				hypothetical protein
ANT_2_02663	gene	876	yebZ			
ANT_2_02663	CDS	876	yebZ		COG1276	Inner membrane protein YebZ
ANT_2_02664	gene	378				
ANT_2_02664	CDS	378				hypothetical protein
ANT_2_02665	gene	234	holE			
ANT_2_02665	CDS	234	holE	2.7.7.7		DNA polymerase III subunit theta
ANT_2_02666	gene	672	exoX			
ANT_2_02666	CDS	672	exoX	3.1.11.-	COG0847	Exodeoxyribonuclease 10
ANT_2_02667	gene	2064	ptrB			
ANT_2_02667	CDS	2064	ptrB	3.4.21.83	COG1770	Protease 2
ANT_2_02668	gene	657	yebE			
ANT_2_02668	CDS	657	yebE		COG2979	Inner membrane protein YebE
ANT_2_02669	gene	1185	purT			
ANT_2_02669	CDS	1185	purT	2.1.2.-	COG0027	Formate-dependent phosphoribosylglycinamide formyltransferase
ANT_2_02670	gene	639	eda			
ANT_2_02670	CDS	639	eda		COG0800	KHG/KDPG aldolase
ANT_2_02671	gene	1476	zwf			
ANT_2_02671	CDS	1476	zwf	1.1.1.49	COG0364	Glucose-6-phosphate 1-dehydrogenase
ANT_2_02672	gene	879	hexR_2			
ANT_2_02672	CDS	879	hexR_2		COG1737	HTH-type transcriptional regulator HexR
ANT_2_02673	gene	1443	pykA			
ANT_2_02673	CDS	1443	pykA	2.7.1.40	COG0469	Pyruvate kinase II
ANT_2_02674	gene	1233	mdfA_2			
ANT_2_02674	CDS	1233	mdfA_2			Multidrug transporter MdfA
ANT_2_02675	gene	975	lpxM			
ANT_2_02675	CDS	975	lpxM	2.3.1.243	COG1560	Lipid A biosynthesis myristoyltransferase
ANT_2_02676	gene	1332	mepM			
ANT_2_02676	CDS	1332	mepM	3.4.24.-	COG0739	Murein DD-endopeptidase MepM
ANT_2_02677	gene	948	znuA			
ANT_2_02677	CDS	948	znuA		COG4531	High-affinity zinc uptake system protein ZnuA
ANT_2_02678	gene	756	znuC			
ANT_2_02678	CDS	756	znuC	7.2.2.-	COG1121	Zinc import ATP-binding protein ZnuC
ANT_2_02679	gene	786	znuB			
ANT_2_02679	CDS	786	znuB		COG1108	High-affinity zinc uptake system membrane protein ZnuB
ANT_2_02680	gene	1005	ruvB			
ANT_2_02680	CDS	1005	ruvB	3.6.4.12	COG2255	Holliday junction ATP-dependent DNA helicase RuvB
ANT_2_02681	gene	615	ruvA			
ANT_2_02681	CDS	615	ruvA	3.6.4.12	COG0632	Holliday junction ATP-dependent DNA helicase RuvA
ANT_2_02682	gene	528	ruvC			
ANT_2_02682	CDS	528	ruvC	3.1.22.4	COG0817	Crossover junction endodeoxyribonuclease RuvC
ANT_2_02683	gene	744	yebC			
ANT_2_02683	CDS	744	yebC		COG0217	putative transcriptional regulatory protein YebC
ANT_2_02684	gene	432	nudB			
ANT_2_02684	CDS	432	nudB	3.6.1.67	COG0494	Dihydroneopterin triphosphate diphosphatase
ANT_2_02685	gene	1779	aspS			
ANT_2_02685	CDS	1779	aspS	6.1.1.12	COG0173	Aspartate--tRNA ligase
ANT_2_02686	gene	822				
ANT_2_02686	CDS	822				hypothetical protein
ANT_2_02687	gene	396	yecN			
ANT_2_02687	CDS	396	yecN		COG3788	Inner membrane protein YecN
ANT_2_02688	gene	729	cmoA			
ANT_2_02688	CDS	729	cmoA	2.1.3.-	COG0500	Carboxy-S-adenosyl-L-methionine synthase
ANT_2_02689	gene	969	cmoB			
ANT_2_02689	CDS	969	cmoB	2.5.1.-	COG0500	tRNA U34 carboxymethyltransferase
ANT_2_02690	gene	624	rhtB_2			
ANT_2_02690	CDS	624	rhtB_2		COG1280	Homoserine/homoserine lactone efflux protein
ANT_2_02691	gene	1098	gldA			
ANT_2_02691	CDS	1098	gldA	1.1.1.6		Glycerol dehydrogenase
ANT_2_02692	gene	846				
ANT_2_02692	CDS	846				hypothetical protein
ANT_2_02693	gene	753	cutC			
ANT_2_02693	CDS	753	cutC		COG3142	Copper homeostasis protein CutC
ANT_2_02694	gene	1146	patB			
ANT_2_02694	CDS	1146	patB	4.4.1.13	COG1168	Cystathionine beta-lyase PatB
ANT_2_02695	gene	564	yecM			
ANT_2_02695	CDS	564	yecM		COG3102	Protein YecM
ANT_2_02696	gene	123				
ANT_2_02696	CDS	123				hypothetical protein
ANT_2_02697	gene	1785	argS			
ANT_2_02697	CDS	1785	argS	6.1.1.19	COG0018	Arginine--tRNA ligase
ANT_2_02698	gene	942	benM_1			
ANT_2_02698	CDS	942	benM_1			HTH-type transcriptional regulator BenM
ANT_2_02699	gene	999	iolS_2			
ANT_2_02699	CDS	999	iolS_2	1.1.1.-	COG0667	Aldo-keto reductase IolS
ANT_2_02700	gene	393	flhE			
ANT_2_02700	CDS	393	flhE			Flagellar protein FlhE
ANT_2_02701	gene	2094	flhA			
ANT_2_02701	CDS	2094	flhA		COG1298	Flagellar biosynthesis protein FlhA
ANT_2_02702	gene	1149	flhB			
ANT_2_02702	CDS	1149	flhB		COG1377	Flagellar biosynthetic protein FlhB
ANT_2_02703	gene	642	cheZ_2			
ANT_2_02703	CDS	642	cheZ_2	3.1.3.-	COG3143	Protein phosphatase CheZ
ANT_2_02704	gene	390	cheY			
ANT_2_02704	CDS	390	cheY		COG0784	Chemotaxis protein CheY
ANT_2_02705	gene	1050	cheB			
ANT_2_02705	CDS	1050	cheB	3.1.1.61	COG2201	Protein-glutamate methylesterase/protein-glutamine glutaminase
ANT_2_02706	gene	873	cheR			
ANT_2_02706	CDS	873	cheR	2.1.1.80		Chemotaxis protein methyltransferase
ANT_2_02707	gene	1677	tsr_2			
ANT_2_02707	CDS	1677	tsr_2		COG0840	Methyl-accepting chemotaxis protein I
ANT_2_02708	gene	1563	tsr_3			
ANT_2_02708	CDS	1563	tsr_3		COG0840	Methyl-accepting chemotaxis protein I
ANT_2_02709	gene	1674	tsr_4			
ANT_2_02709	CDS	1674	tsr_4		COG0840	Methyl-accepting chemotaxis protein I
ANT_2_02710	gene	498	cheW			
ANT_2_02710	CDS	498	cheW		COG0835	Chemotaxis protein CheW
ANT_2_02711	gene	1989	cheA			
ANT_2_02711	CDS	1989	cheA	2.7.13.3	COG0643	Chemotaxis protein CheA
ANT_2_02712	gene	942	motB			
ANT_2_02712	CDS	942	motB		COG1360	Motility protein B
ANT_2_02713	gene	888	motA			
ANT_2_02713	CDS	888	motA		COG1291	Motility protein A
ANT_2_02714	gene	579	flhC			
ANT_2_02714	CDS	579	flhC			Flagellar transcriptional regulator FlhC
ANT_2_02715	gene	354	flhD			
ANT_2_02715	CDS	354	flhD			Flagellar transcriptional regulator FlhD
ANT_2_02716	gene	1437	otsA			
ANT_2_02716	CDS	1437	otsA	2.4.1.15	COG0380	Trehalose-6-phosphate synthase
ANT_2_02717	gene	789	otsB			
ANT_2_02717	CDS	789	otsB	3.1.3.12	COG1877	Trehalose-6-phosphate phosphatase
ANT_2_02718	gene	1629	eptA_2			
ANT_2_02718	CDS	1629	eptA_2	2.7.-.-	COG2194	Phosphoethanolamine transferase EptA
ANT_2_02719	gene	681	basR			
ANT_2_02719	CDS	681	basR			Transcriptional regulatory protein BasR
ANT_2_02720	gene	1059	basS			
ANT_2_02720	CDS	1059	basS	2.7.13.3		Sensor protein BasS
ANT_2_02721	gene	567				
ANT_2_02721	CDS	567				hypothetical protein
ANT_2_02722	gene	534	msrA			
ANT_2_02722	CDS	534	msrA	1.8.4.11	COG0225	Peptide methionine sulfoxide reductase MsrA
ANT_2_02723	gene	88				
ANT_2_02723	tRNA	88				tRNA-Ser(gga)
ANT_2_02724	gene	1005	ascG_2			
ANT_2_02724	CDS	1005	ascG_2		COG1609	HTH-type transcriptional regulator AscG
ANT_2_02725	gene	1914	bglF_2			
ANT_2_02725	CDS	1914	bglF_2		COG1263	PTS system beta-glucoside-specific EIIBCA component
ANT_2_02726	gene	789	phoH			
ANT_2_02726	CDS	789	phoH		COG1702	Protein PhoH
ANT_2_02727	gene	153				
ANT_2_02727	CDS	153				hypothetical protein
ANT_2_02728	gene	1278	efeB			
ANT_2_02728	CDS	1278	efeB	1.11.1.-	COG2837	Deferrochelatase/peroxidase EfeB
ANT_2_02729	gene	1116	efeO			
ANT_2_02729	CDS	1116	efeO		COG2822	Iron uptake system component EfeO
ANT_2_02730	gene	825	efeU			
ANT_2_02730	CDS	825	efeU		COG0672	Ferrous iron permease EfeU
ANT_2_02731	gene	1485	putP			
ANT_2_02731	CDS	1485	putP		COG0591	Sodium/proline symporter
ANT_2_02732	gene	3948	putA			
ANT_2_02732	CDS	3948	putA		COG0506	Bifunctional protein PutA
ANT_2_02733	gene	315				
ANT_2_02733	CDS	315				hypothetical protein
ANT_2_02734	gene	177				
ANT_2_02734	CDS	177				hypothetical protein
ANT_2_02735	gene	354				
ANT_2_02735	CDS	354				hypothetical protein
ANT_2_02736	gene	1203	fliC2			
ANT_2_02736	CDS	1203	fliC2		COG1344	Flagellin 2
ANT_2_02737	gene	1419	fliD_1			
ANT_2_02737	CDS	1419	fliD_1		COG1345	Flagellar hook-associated protein 2
ANT_2_02738	gene	408	fliS_1			
ANT_2_02738	CDS	408	fliS_1		COG1516	Flagellar secretion chaperone FliS
ANT_2_02739	gene	366	fliT			
ANT_2_02739	CDS	366	fliT			Flagellar protein FliT
ANT_2_02740	gene	1482	amyA			
ANT_2_02740	CDS	1482	amyA	3.2.1.1	COG0366	Cytoplasmic alpha-amylase
ANT_2_02741	gene	474				
ANT_2_02741	CDS	474				hypothetical protein
ANT_2_02742	gene	324				
ANT_2_02742	CDS	324				hypothetical protein
ANT_2_02743	gene	300	iraP_2			
ANT_2_02743	CDS	300	iraP_2			Anti-adapter protein IraP
ANT_2_02744	gene	240				
ANT_2_02744	CDS	240				hypothetical protein
ANT_2_02745	gene	267				
ANT_2_02745	CDS	267				hypothetical protein
ANT_2_02746	gene	342				
ANT_2_02746	CDS	342				hypothetical protein
ANT_2_02747	gene	387				
ANT_2_02747	CDS	387				hypothetical protein
ANT_2_02748	gene	633				
ANT_2_02748	CDS	633				hypothetical protein
ANT_2_02749	gene	249				
ANT_2_02749	CDS	249				hypothetical protein
ANT_2_02750	gene	201				
ANT_2_02750	CDS	201				hypothetical protein
ANT_2_02751	gene	894				
ANT_2_02751	CDS	894				hypothetical protein
ANT_2_02752	gene	342				
ANT_2_02752	CDS	342				hypothetical protein
ANT_2_02753	gene	324				
ANT_2_02753	CDS	324				hypothetical protein
ANT_2_02754	gene	240				
ANT_2_02754	CDS	240				hypothetical protein
ANT_2_02755	gene	1059				
ANT_2_02755	CDS	1059				hypothetical protein
ANT_2_02756	gene	213				
ANT_2_02756	CDS	213				hypothetical protein
ANT_2_02757	gene	432				
ANT_2_02757	CDS	432				hypothetical protein
ANT_2_02758	gene	729				
ANT_2_02758	CDS	729				hypothetical protein
ANT_2_02759	gene	228				
ANT_2_02759	CDS	228				hypothetical protein
ANT_2_02760	gene	861	intQ_1			
ANT_2_02760	CDS	861	intQ_1		COG0582	Putative defective protein IntQ
ANT_2_02761	gene	405	intQ_2			
ANT_2_02761	CDS	405	intQ_2		COG0582	Putative defective protein IntQ
ANT_2_02762	gene	312	fliE			
ANT_2_02762	CDS	312	fliE		COG1677	Flagellar hook-basal body complex protein FliE
ANT_2_02763	gene	1722	fliF			
ANT_2_02763	CDS	1722	fliF		COG1766	Flagellar M-ring protein
ANT_2_02764	gene	993	fliG			
ANT_2_02764	CDS	993	fliG		COG1536	Flagellar motor switch protein FliG
ANT_2_02765	gene	699	fliH			
ANT_2_02765	CDS	699	fliH		COG1317	Flagellar assembly protein FliH
ANT_2_02766	gene	1371	fliI			
ANT_2_02766	CDS	1371	fliI	7.1.2.2	COG1157	Flagellum-specific ATP synthase
ANT_2_02767	gene	444	fliJ			
ANT_2_02767	CDS	444	fliJ		COG2882	Flagellar FliJ protein
ANT_2_02768	gene	1266	fliK			
ANT_2_02768	CDS	1266	fliK		COG3144	Flagellar hook-length control protein
ANT_2_02769	gene	486				
ANT_2_02769	CDS	486				hypothetical protein
ANT_2_02770	gene	1008	fliM			
ANT_2_02770	CDS	1008	fliM		COG1868	Flagellar motor switch protein FliM
ANT_2_02771	gene	408	fliN			
ANT_2_02771	CDS	408	fliN		COG1886	Flagellar motor switch protein FliN
ANT_2_02772	gene	399	fliO			
ANT_2_02772	CDS	399	fliO		COG3190	Flagellar protein FliO
ANT_2_02773	gene	735	fliP			
ANT_2_02773	CDS	735	fliP		COG1338	Flagellar biosynthetic protein FliP
ANT_2_02774	gene	270	fliQ			
ANT_2_02774	CDS	270	fliQ		COG1987	Flagellar biosynthetic protein FliQ
ANT_2_02775	gene	786	fliR			
ANT_2_02775	CDS	786	fliR		COG1684	Flagellar biosynthetic protein FliR
ANT_2_02776	gene	636	rcsA			
ANT_2_02776	CDS	636	rcsA		COG2771	Transcriptional regulatory protein RcsA
ANT_2_02777	gene	1707	trg_3			
ANT_2_02777	CDS	1707	trg_3		COG0840	Methyl-accepting chemotaxis protein III
ANT_2_02778	gene	195	dsrB			
ANT_2_02778	CDS	195	dsrB			Protein DsrB
ANT_2_02779	gene	159				
ANT_2_02779	CDS	159				hypothetical protein
ANT_2_02780	gene	219				
ANT_2_02780	CDS	219				hypothetical protein
ANT_2_02781	gene	792	yedP			
ANT_2_02781	CDS	792	yedP	3.1.3.70	COG3769	Mannosyl-3-phosphoglycerate phosphatase
ANT_2_02782	gene	1221	gpgS			
ANT_2_02782	CDS	1221	gpgS	2.4.1.266	COG0463	Glucosyl-3-phosphoglycerate synthase
ANT_2_02783	gene	177				
ANT_2_02783	CDS	177				hypothetical protein
ANT_2_02784	gene	132				
ANT_2_02784	CDS	132				hypothetical protein
ANT_2_02785	gene	912	yedI			
ANT_2_02785	CDS	912	yedI		COG2354	Inner membrane protein YedI
ANT_2_02786	gene	276				
ANT_2_02786	CDS	276				hypothetical protein
ANT_2_02787	gene	480	vsr			
ANT_2_02787	CDS	480	vsr	3.1.-.-	COG3727	Very short patch repair protein
ANT_2_02788	gene	1377	dcm			
ANT_2_02788	CDS	1377	dcm	2.1.1.37	COG0270	DNA-cytosine methyltransferase
ANT_2_02789	gene	282				
ANT_2_02789	CDS	282				hypothetical protein
ANT_2_02790	gene	705	yedJ			
ANT_2_02790	CDS	705	yedJ		COG1418	putative protein YedJ
ANT_2_02791	gene	678				
ANT_2_02791	CDS	678				hypothetical protein
ANT_2_02792	gene	774	mtfA			
ANT_2_02792	CDS	774	mtfA		COG3228	Protein MtfA
ANT_2_02793	gene	76				
ANT_2_02793	tRNA	76				tRNA-Asn(gtt)
ANT_2_02794	gene	156				
ANT_2_02794	CDS	156				hypothetical protein
ANT_2_02795	gene	1113	pgl			
ANT_2_02795	CDS	1113	pgl	3.1.1.31	COG2706	6-phosphogluconolactonase
ANT_2_02796	gene	1410	yeeO			
ANT_2_02796	CDS	1410	yeeO		COG0534	putative FMN/FAD exporter YeeO
ANT_2_02797	gene	1455	amn			
ANT_2_02797	CDS	1455	amn	3.2.2.4	COG0775	AMP nucleosidase
ANT_2_02798	gene	555				
ANT_2_02798	CDS	555				hypothetical protein
ANT_2_02799	gene	1299	adeP			
ANT_2_02799	CDS	1299	adeP		COG2252	Adenine permease AdeP
ANT_2_02800	gene	744	ompR_3			
ANT_2_02800	CDS	744	ompR_3			Transcriptional regulatory protein OmpR
ANT_2_02801	gene	732				
ANT_2_02801	CDS	732		1.-.-.-		putative oxidoreductase
ANT_2_02802	gene	873	rhaS_5			
ANT_2_02802	CDS	873	rhaS_5			HTH-type transcriptional activator RhaS
ANT_2_02803	gene	684				
ANT_2_02803	CDS	684				hypothetical protein
ANT_2_02804	gene	939	rbsB_3			
ANT_2_02804	CDS	939	rbsB_3		COG1879	Ribose import binding protein RbsB
ANT_2_02805	gene	981	rbsC_6			
ANT_2_02805	CDS	981	rbsC_6		COG1172	Ribose import permease protein RbsC
ANT_2_02806	gene	1614	rbsA_3			
ANT_2_02806	CDS	1614	rbsA_3	7.5.2.7	COG1129	Ribose import ATP-binding protein RbsA
ANT_2_02807	gene	2619	rcsC_3			
ANT_2_02807	CDS	2619	rcsC_3	2.7.13.3		Sensor histidine kinase RcsC
ANT_2_02808	gene	885				
ANT_2_02808	CDS	885				hypothetical protein
ANT_2_02809	gene	861				
ANT_2_02809	CDS	861				hypothetical protein
ANT_2_02810	gene	927	phnD			
ANT_2_02810	CDS	927	phnD		COG3221	Phosphate-import protein PhnD
ANT_2_02811	gene	831	phnC			
ANT_2_02811	CDS	831	phnC	7.3.2.1	COG3638	Phosphate-import ATP-binding protein PhnC
ANT_2_02812	gene	771	phnP			
ANT_2_02812	CDS	771	phnP	3.1.4.55	COG1235	Phosphoribosyl 1,2-cyclic phosphate phosphodiesterase
ANT_2_02813	gene	537	phnN			
ANT_2_02813	CDS	537	phnN	2.7.4.23	COG3709	Ribose 1,5-bisphosphate phosphokinase PhnN
ANT_2_02814	gene	1137	phnM			
ANT_2_02814	CDS	1137	phnM	3.6.1.63	COG3454	Alpha-D-ribose 1-methylphosphonate 5-triphosphate diphosphatase
ANT_2_02815	gene	714	phnL			
ANT_2_02815	CDS	714	phnL	2.7.8.37	COG4778	Alpha-D-ribose 1-methylphosphonate 5-triphosphate synthase subunit PhnL
ANT_2_02816	gene	762	phnK			
ANT_2_02816	CDS	762	phnK		COG4107	Putative phosphonates utilization ATP-binding protein PhnK
ANT_2_02817	gene	849	phnJ			
ANT_2_02817	CDS	849	phnJ	4.7.1.1	COG3627	Alpha-D-ribose 1-methylphosphonate 5-phosphate C-P lyase
ANT_2_02818	gene	1077	phnI			
ANT_2_02818	CDS	1077	phnI	2.7.8.37	COG3626	Alpha-D-ribose 1-methylphosphonate 5-triphosphate synthase subunit PhnI
ANT_2_02819	gene	576	phnH			
ANT_2_02819	CDS	576	phnH	2.7.8.37	COG3625	Alpha-D-ribose 1-methylphosphonate 5-triphosphate synthase subunit PhnH
ANT_2_02820	gene	447	phnG			
ANT_2_02820	CDS	447	phnG	2.7.8.37	COG3624	Alpha-D-ribose 1-methylphosphonate 5-triphosphate synthase subunit PhnG
ANT_2_02821	gene	714	phnF			
ANT_2_02821	CDS	714	phnF		COG2188	putative transcriptional regulator PhnF
ANT_2_02822	gene	810				
ANT_2_02822	CDS	810		1.13.11.63		beta-carotene 15,15'-dioxygenase
ANT_2_02823	gene	714				
ANT_2_02823	CDS	714				hypothetical protein
ANT_2_02824	gene	1539				
ANT_2_02824	CDS	1539				hypothetical protein
ANT_2_02825	gene	204				
ANT_2_02825	CDS	204				hypothetical protein
ANT_2_02826	gene	1167	trg_4			
ANT_2_02826	CDS	1167	trg_4		COG0840	Methyl-accepting chemotaxis protein III
ANT_2_02827	gene	687				
ANT_2_02827	CDS	687				hypothetical protein
ANT_2_02828	gene	828				
ANT_2_02828	CDS	828				hypothetical protein
ANT_2_02829	gene	1311				
ANT_2_02829	CDS	1311				hypothetical protein
ANT_2_02830	gene	1092				
ANT_2_02830	CDS	1092				hypothetical protein
ANT_2_02831	gene	2181				
ANT_2_02831	CDS	2181				hypothetical protein
ANT_2_02832	gene	687	rutB_2			
ANT_2_02832	CDS	687	rutB_2	3.5.1.110	COG1335	Peroxyureidoacrylate/ureidoacrylate amidohydrolase RutB
ANT_2_02833	gene	1317	codB			
ANT_2_02833	CDS	1317	codB		COG1457	Cytosine permease
ANT_2_02834	gene	1437	aam			
ANT_2_02834	CDS	1437	aam	3.5.1.13	COG0154	Acylamidase
ANT_2_02835	gene	843	hcaB_2			
ANT_2_02835	CDS	843	hcaB_2	1.3.1.87		3-phenylpropionate-dihydrodiol/cinnamic acid-dihydrodiol dehydrogenase
ANT_2_02836	gene	1782	ydaP			
ANT_2_02836	CDS	1782	ydaP		COG0028	Putative thiamine pyrophosphate-containing protein YdaP
ANT_2_02837	gene	1959	apc4			
ANT_2_02837	CDS	1959	apc4	6.4.1.8	COG0146	Acetophenone carboxylase delta subunit
ANT_2_02838	gene	2046	acxA			
ANT_2_02838	CDS	2046	acxA	6.4.1.6	COG0145	Acetone carboxylase beta subunit
ANT_2_02839	gene	447				
ANT_2_02839	CDS	447				hypothetical protein
ANT_2_02840	gene	510	lrp_2			
ANT_2_02840	CDS	510	lrp_2		COG1522	Leucine-responsive regulatory protein
ANT_2_02841	gene	1317	davT			
ANT_2_02841	CDS	1317	davT	2.6.1.48	COG0160	5-aminovalerate aminotransferase DavT
ANT_2_02842	gene	1134	hipO			
ANT_2_02842	CDS	1134	hipO	3.5.1.32	COG1473	Hippurate hydrolase
ANT_2_02843	gene	927	ghrA			
ANT_2_02843	CDS	927	ghrA	1.1.1.79	COG0111	Glyoxylate/hydroxypyruvate reductase A
ANT_2_02844	gene	843				
ANT_2_02844	CDS	843				hypothetical protein
ANT_2_02845	gene	1332	soxB			
ANT_2_02845	CDS	1332	soxB	1.5.3.1		Sarcosine oxidase subunit beta
ANT_2_02846	gene	1665	gsiA			
ANT_2_02846	CDS	1665	gsiA	7.4.2.10	COG1123	Glutathione import ATP-binding protein GsiA
ANT_2_02847	gene	852	gsiD_2			
ANT_2_02847	CDS	852	gsiD_2		COG1173	Glutathione transport system permease protein GsiD
ANT_2_02848	gene	957	gsiC			
ANT_2_02848	CDS	957	gsiC		COG0601	Glutathione transport system permease protein GsiC
ANT_2_02849	gene	1608				
ANT_2_02849	CDS	1608				hypothetical protein
ANT_2_02850	gene	1278	puuB_2			
ANT_2_02850	CDS	1278	puuB_2	1.4.3.-		Gamma-glutamylputrescine oxidoreductase
ANT_2_02851	gene	669				
ANT_2_02851	CDS	669				hypothetical protein
ANT_2_02852	gene	1470	betB_2			
ANT_2_02852	CDS	1470	betB_2	1.2.1.8	COG1012	NAD/NADP-dependent betaine aldehyde dehydrogenase
ANT_2_02853	gene	1458	gabD			
ANT_2_02853	CDS	1458	gabD	1.2.1.79	COG1012	Succinate-semialdehyde dehydrogenase [NADP(+)] GabD
ANT_2_02854	gene	960	cbl			
ANT_2_02854	CDS	960	cbl			HTH-type transcriptional regulator cbl
ANT_2_02855	gene	86				
ANT_2_02855	tRNA	86				tRNA-Leu(taa)
ANT_2_02856	gene	495				
ANT_2_02856	CDS	495				hypothetical protein
ANT_2_02857	gene	360				
ANT_2_02857	CDS	360				hypothetical protein
ANT_2_02858	gene	567				
ANT_2_02858	CDS	567				hypothetical protein
ANT_2_02859	gene	189				
ANT_2_02859	CDS	189				hypothetical protein
ANT_2_02860	gene	249				
ANT_2_02860	CDS	249				hypothetical protein
ANT_2_02861	gene	513				
ANT_2_02861	CDS	513				hypothetical protein
ANT_2_02862	gene	372				
ANT_2_02862	CDS	372				hypothetical protein
ANT_2_02863	gene	228				
ANT_2_02863	CDS	228				hypothetical protein
ANT_2_02864	gene	387				
ANT_2_02864	CDS	387				hypothetical protein
ANT_2_02865	gene	432				
ANT_2_02865	CDS	432				hypothetical protein
ANT_2_02866	gene	969				
ANT_2_02866	CDS	969				hypothetical protein
ANT_2_02867	gene	171				
ANT_2_02867	CDS	171				hypothetical protein
ANT_2_02868	gene	954				
ANT_2_02868	CDS	954				hypothetical protein
ANT_2_02869	gene	123				
ANT_2_02869	CDS	123				hypothetical protein
ANT_2_02870	gene	267				
ANT_2_02870	CDS	267				hypothetical protein
ANT_2_02871	gene	153				
ANT_2_02871	CDS	153				hypothetical protein
ANT_2_02872	gene	135				
ANT_2_02872	CDS	135				hypothetical protein
ANT_2_02873	gene	102				
ANT_2_02873	CDS	102				hypothetical protein
ANT_2_02874	gene	162				
ANT_2_02874	CDS	162				hypothetical protein
ANT_2_02875	gene	150				
ANT_2_02875	CDS	150				hypothetical protein
ANT_2_02876	gene	471	rpsG			
ANT_2_02876	CDS	471	rpsG		COG0049	30S ribosomal protein S7
ANT_2_02877	gene	2115	fusA			
ANT_2_02877	CDS	2115	fusA		COG0480	Elongation factor G
ANT_2_02878	gene	309				
ANT_2_02878	CDS	309				hypothetical protein
ANT_2_02879	gene	477				
ANT_2_02879	CDS	477				hypothetical protein
ANT_2_02880	gene	102				
ANT_2_02880	CDS	102				hypothetical protein
ANT_2_02881	gene	216				
ANT_2_02881	CDS	216				hypothetical protein
ANT_2_02882	gene	99				
ANT_2_02882	CDS	99				hypothetical protein
ANT_2_02883	gene	150				
ANT_2_02883	CDS	150				hypothetical protein
ANT_2_02884	gene	177				
ANT_2_02884	CDS	177				hypothetical protein
ANT_2_02885	gene	150				
ANT_2_02885	CDS	150				hypothetical protein
ANT_2_02886	gene	225				
ANT_2_02886	CDS	225				hypothetical protein
ANT_2_02887	gene	363				
ANT_2_02887	CDS	363				hypothetical protein
ANT_2_02888	gene	123				
ANT_2_02888	CDS	123				hypothetical protein
ANT_2_02889	gene	498				
ANT_2_02889	CDS	498				hypothetical protein
ANT_2_02890	gene	159				
ANT_2_02890	CDS	159				hypothetical protein
ANT_2_02891	gene	246				
ANT_2_02891	CDS	246				hypothetical protein
ANT_2_02892	gene	144				
ANT_2_02892	CDS	144				hypothetical protein
ANT_2_02893	gene	213				
ANT_2_02893	CDS	213				hypothetical protein
ANT_2_02894	gene	150				
ANT_2_02894	CDS	150				hypothetical protein
ANT_2_02895	gene	102				
ANT_2_02895	CDS	102				hypothetical protein
ANT_2_02896	gene	480				
ANT_2_02896	CDS	480				hypothetical protein
ANT_2_02897	gene	216				
ANT_2_02897	CDS	216				hypothetical protein
ANT_2_02898	gene	108				
ANT_2_02898	CDS	108				hypothetical protein
ANT_2_02899	gene	159				
ANT_2_02899	CDS	159				hypothetical protein
ANT_2_02900	gene	129				
ANT_2_02900	CDS	129				hypothetical protein
ANT_2_02901	gene	243				
ANT_2_02901	CDS	243				hypothetical protein
ANT_2_02902	gene	159				
ANT_2_02902	CDS	159				hypothetical protein
ANT_2_02903	gene	117				
ANT_2_02903	CDS	117				hypothetical protein
ANT_2_02904	gene	216				
ANT_2_02904	CDS	216				hypothetical protein
ANT_2_02905	gene	156				
ANT_2_02905	CDS	156				hypothetical protein
ANT_2_02906	gene	528				
ANT_2_02906	CDS	528				hypothetical protein
ANT_2_02907	gene	531				
ANT_2_02907	CDS	531				hypothetical protein
ANT_2_02908	gene	180				
ANT_2_02908	CDS	180				hypothetical protein
ANT_2_02909	gene	153				
ANT_2_02909	CDS	153				hypothetical protein
ANT_2_02910	gene	102				
ANT_2_02910	CDS	102				hypothetical protein
ANT_2_02911	gene	123				
ANT_2_02911	CDS	123				hypothetical protein
ANT_2_02912	gene	153				
ANT_2_02912	CDS	153				hypothetical protein
ANT_2_02913	gene	240				
ANT_2_02913	CDS	240				hypothetical protein
ANT_2_02914	gene	141				
ANT_2_02914	CDS	141				hypothetical protein
ANT_2_02915	gene	309	rplD			
ANT_2_02915	CDS	309	rplD		COG0088	50S ribosomal protein L4
ANT_2_02916	gene	303	rplW			
ANT_2_02916	CDS	303	rplW		COG0089	50S ribosomal protein L23
ANT_2_02917	gene	822	rplB			
ANT_2_02917	CDS	822	rplB		COG0090	50S ribosomal protein L2
ANT_2_02918	gene	279	rpsS			
ANT_2_02918	CDS	279	rpsS		COG0185	30S ribosomal protein S19
ANT_2_02919	gene	333	rplV			
ANT_2_02919	CDS	333	rplV		COG0091	50S ribosomal protein L22
ANT_2_02920	gene	222				
ANT_2_02920	CDS	222				hypothetical protein
ANT_2_02921	gene	480				
ANT_2_02921	CDS	480				hypothetical protein
ANT_2_02922	gene	819	atpB			
ANT_2_02922	CDS	819	atpB		COG0356	ATP synthase subunit a
ANT_2_02923	gene	381	atpI			
ANT_2_02923	CDS	381	atpI		COG3312	ATP synthase protein I
ANT_2_02924	gene	618	rsmG			
ANT_2_02924	CDS	618	rsmG	2.1.1.170	COG0357	Ribosomal RNA small subunit methyltransferase G
ANT_2_02925	gene	1890	mnmG			
ANT_2_02925	CDS	1890	mnmG		COG0445	tRNA uridine 5-carboxymethylaminomethyl modification enzyme MnmG
ANT_2_02926	gene	441	mioC			
ANT_2_02926	CDS	441	mioC		COG0716	Protein MioC
ANT_2_02927	gene	462	asnC			
ANT_2_02927	CDS	462	asnC		COG1522	Regulatory protein AsnC
ANT_2_02928	gene	2139	egtB			
ANT_2_02928	CDS	2139	egtB	1.14.99.50		Hercynine oxygenase
ANT_2_02929	gene	1461	viaA			
ANT_2_02929	CDS	1461	viaA		COG2425	Protein ViaA
ANT_2_02930	gene	1503	ravA			
ANT_2_02930	CDS	1503	ravA	3.6.3.-	COG0714	ATPase RavA
ANT_2_02931	gene	1869	kup			
ANT_2_02931	CDS	1869	kup			Low affinity potassium transport system protein kup
ANT_2_02932	gene	1347	qseC_1			
ANT_2_02932	CDS	1347	qseC_1	2.7.13.3		Sensor protein QseC
ANT_2_02933	gene	672	qseB_2			
ANT_2_02933	CDS	672	qseB_2			Transcriptional regulatory protein QseB
ANT_2_02934	gene	408	ygiW_2			
ANT_2_02934	CDS	408	ygiW_2		COG3111	Protein YgiW
ANT_2_02935	gene	420	rbsD			
ANT_2_02935	CDS	420	rbsD	5.4.99.62	COG1869	D-ribose pyranase
ANT_2_02936	gene	1509	rbsA_4			
ANT_2_02936	CDS	1509	rbsA_4	7.5.2.7	COG1129	Ribose import ATP-binding protein RbsA
ANT_2_02937	gene	972	rbsC_7			
ANT_2_02937	CDS	972	rbsC_7		COG1172	Ribose import permease protein RbsC
ANT_2_02938	gene	876	rbsB_4			
ANT_2_02938	CDS	876	rbsB_4		COG1879	Ribose import binding protein RbsB
ANT_2_02939	gene	930	rbsK_4			
ANT_2_02939	CDS	930	rbsK_4	2.7.1.15	COG0524	Ribokinase
ANT_2_02940	gene	993	rbsR_2			
ANT_2_02940	CDS	993	rbsR_2		COG1609	Ribose operon repressor
ANT_2_02941	gene	1401	hsrA			
ANT_2_02941	CDS	1401	hsrA			putative transport protein HsrA
ANT_2_02942	gene	153				
ANT_2_02942	CDS	153				hypothetical protein
ANT_2_02943	gene	2673	gyrA			
ANT_2_02943	CDS	2673	gyrA	5.6.2.2	COG0188	DNA gyrase subunit A
ANT_2_02944	gene	726	ubiG			
ANT_2_02944	CDS	726	ubiG	2.1.1.222	COG2227	Ubiquinone biosynthesis O-methyltransferase
ANT_2_02945	gene	2286	nrdA			
ANT_2_02945	CDS	2286	nrdA	1.17.4.1	COG0209	Ribonucleoside-diphosphate reductase 1 subunit alpha
ANT_2_02946	gene	1131	nrdB			
ANT_2_02946	CDS	1131	nrdB	1.17.4.1	COG0208	Ribonucleoside-diphosphate reductase 1 subunit beta
ANT_2_02947	gene	261				
ANT_2_02947	CDS	261		1.14.13.239		Carnitine monooxygenase reductase subunit
ANT_2_02948	gene	1197	pncC_2			
ANT_2_02948	CDS	1197	pncC_2	3.5.1.42	COG1058	Nicotinamide-nucleotide amidohydrolase PncC
ANT_2_02949	gene	312	elaB			
ANT_2_02949	CDS	312	elaB		COG4575	Protein ElaB
ANT_2_02950	gene	1659	mdoD			
ANT_2_02950	CDS	1659	mdoD		COG3131	Glucans biosynthesis protein D
ANT_2_02951	gene	459	elaA			
ANT_2_02951	CDS	459	elaA		COG2153	Protein ElaA
ANT_2_02952	gene	1458	nuoN			
ANT_2_02952	CDS	1458	nuoN	7.1.1.-	COG1007	NADH-quinone oxidoreductase subunit N
ANT_2_02953	gene	1521	nuoM			
ANT_2_02953	CDS	1521	nuoM	7.1.1.-	COG1008	NADH-quinone oxidoreductase subunit M
ANT_2_02954	gene	1836	nuoL			
ANT_2_02954	CDS	1836	nuoL	7.1.1.-	COG1009	NADH-quinone oxidoreductase subunit L
ANT_2_02955	gene	303	nuoK			
ANT_2_02955	CDS	303	nuoK	7.1.1.-	COG0713	NADH-quinone oxidoreductase subunit K
ANT_2_02956	gene	552	nuoJ			
ANT_2_02956	CDS	552	nuoJ	7.1.1.-	COG0839	NADH-quinone oxidoreductase subunit J
ANT_2_02957	gene	543	nuoI			
ANT_2_02957	CDS	543	nuoI	7.1.1.-	COG1143	NADH-quinone oxidoreductase subunit I
ANT_2_02958	gene	978	nuoH			
ANT_2_02958	CDS	978	nuoH	7.1.1.-	COG1005	NADH-quinone oxidoreductase subunit H
ANT_2_02959	gene	2724	nuoG			
ANT_2_02959	CDS	2724	nuoG	7.1.1.-	COG1034	NADH-quinone oxidoreductase subunit G
ANT_2_02960	gene	1347	nuoF			
ANT_2_02960	CDS	1347	nuoF	7.1.1.-	COG1894	NADH-quinone oxidoreductase subunit F
ANT_2_02961	gene	516	nuoE			
ANT_2_02961	CDS	516	nuoE	7.1.1.-	COG1905	NADH-quinone oxidoreductase subunit E
ANT_2_02962	gene	1800	nuoC			
ANT_2_02962	CDS	1800	nuoC	7.1.1.-	COG0649	NADH-quinone oxidoreductase subunit C/D
ANT_2_02963	gene	678	nuoB			
ANT_2_02963	CDS	678	nuoB	7.1.1.-	COG0377	NADH-quinone oxidoreductase subunit B
ANT_2_02964	gene	444	ndhC			
ANT_2_02964	CDS	444	ndhC	7.1.1.-		NAD(P)H-quinone oxidoreductase subunit 3, chloroplastic
ANT_2_02965	gene	924	hdfR_3			
ANT_2_02965	CDS	924	hdfR_3			HTH-type transcriptional regulator HdfR
ANT_2_02966	gene	1218	alaA			
ANT_2_02966	CDS	1218	alaA	2.6.1.2	COG0436	Glutamate-pyruvate aminotransferase AlaA
ANT_2_02967	gene	600	yfbR			
ANT_2_02967	CDS	600	yfbR	3.1.3.89	COG1896	5'-deoxynucleotidase YfbR
ANT_2_02968	gene	660	hxpA			
ANT_2_02968	CDS	660	hxpA	3.1.3.22	COG0637	Hexitol phosphatase A
ANT_2_02969	gene	495				
ANT_2_02969	CDS	495				hypothetical protein
ANT_2_02970	gene	453				
ANT_2_02970	CDS	453				hypothetical protein
ANT_2_02971	gene	1203	ackA			
ANT_2_02971	CDS	1203	ackA	2.7.2.1	COG0282	Acetate kinase
ANT_2_02972	gene	2145	pta			
ANT_2_02972	CDS	2145	pta	2.3.1.8	COG0280	Phosphate acetyltransferase
ANT_2_02973	gene	525	yfcD			
ANT_2_02973	CDS	525	yfcD	3.6.-.-		putative Nudix hydrolase YfcD
ANT_2_02974	gene	642	yfcF			
ANT_2_02974	CDS	642	yfcF	2.5.1.18	COG0625	Glutathione S-transferase YfcF
ANT_2_02975	gene	900				
ANT_2_02975	CDS	900				Epimerase family protein
ANT_2_02976	gene	774	hisP			
ANT_2_02976	CDS	774	hisP		COG4598	Histidine transport ATP-binding protein HisP
ANT_2_02977	gene	717	hisM			
ANT_2_02977	CDS	717	hisM		COG4160	Histidine transport system permease protein HisM
ANT_2_02978	gene	690	hisQ			
ANT_2_02978	CDS	690	hisQ		COG4215	Histidine transport system permease protein HisQ
ANT_2_02979	gene	783	argT_4			
ANT_2_02979	CDS	783	argT_4		COG0834	Lysine/arginine/ornithine-binding periplasmic protein
ANT_2_02980	gene	570	ubiX			
ANT_2_02980	CDS	570	ubiX	2.5.1.129	COG0163	Flavin prenyltransferase UbiX
ANT_2_02981	gene	1518	purF			
ANT_2_02981	CDS	1518	purF	2.4.2.14	COG0034	Amidophosphoribosyltransferase
ANT_2_02982	gene	486	cvpA			
ANT_2_02982	CDS	486	cvpA		COG1286	Colicin V production protein
ANT_2_02983	gene	783	dedD			
ANT_2_02983	CDS	783	dedD			Cell division protein DedD
ANT_2_02984	gene	1269	folC			
ANT_2_02984	CDS	1269	folC	6.3.2.12	COG0285	Dihydrofolate synthase/folylpolyglutamate synthase
ANT_2_02985	gene	915	accD			
ANT_2_02985	CDS	915	accD	2.1.3.15	COG0777	Acetyl-coenzyme A carboxylase carboxyl transferase subunit beta
ANT_2_02986	gene	663	dedA			
ANT_2_02986	CDS	663	dedA		COG0586	Protein DedA
ANT_2_02987	gene	804	truA			
ANT_2_02987	CDS	804	truA	5.4.99.12	COG0101	tRNA pseudouridine synthase A
ANT_2_02988	gene	1008	usg			
ANT_2_02988	CDS	1008	usg		COG0136	USG-1 protein
ANT_2_02989	gene	1134	pdxB			
ANT_2_02989	CDS	1134	pdxB	1.1.1.290	COG0111	Erythronate-4-phosphate dehydrogenase
ANT_2_02990	gene	909				
ANT_2_02990	CDS	909				hypothetical protein
ANT_2_02991	gene	1389	qseC_2			
ANT_2_02991	CDS	1389	qseC_2	2.7.13.3		Sensor protein QseC
ANT_2_02992	gene	672	tctD			
ANT_2_02992	CDS	672	tctD		COG0745	Transcriptional regulatory protein tctD
ANT_2_02993	gene	981				
ANT_2_02993	CDS	981				hypothetical protein
ANT_2_02994	gene	432				
ANT_2_02994	CDS	432				hypothetical protein
ANT_2_02995	gene	1506				
ANT_2_02995	CDS	1506				hypothetical protein
ANT_2_02996	gene	1047	flk			
ANT_2_02996	CDS	1047	flk			Flagellar regulator flk
ANT_2_02997	gene	444				
ANT_2_02997	CDS	444				hypothetical protein
ANT_2_02998	gene	1425	gabR_4			
ANT_2_02998	CDS	1425	gabR_4		COG1167	HTH-type transcriptional regulatory protein GabR
ANT_2_02999	gene	1221	fabB			
ANT_2_02999	CDS	1221	fabB	2.3.1.41	COG0304	3-oxoacyl-[acyl-carrier-protein] synthase 1
ANT_2_03000	gene	2007	mnmC_3			
ANT_2_03000	CDS	2007	mnmC_3		COG0665	tRNA 5-methylaminomethyl-2-thiouridine biosynthesis bifunctional protein MnmC
ANT_2_03001	gene	285				
ANT_2_03001	CDS	285				hypothetical protein
ANT_2_03002	gene	546	epmC			
ANT_2_03002	CDS	546	epmC	1.14.-.-	COG3101	Elongation factor P hydroxylase
ANT_2_03003	gene	804	yfcA			
ANT_2_03003	CDS	804	yfcA		COG0730	putative membrane transporter protein YfcA
ANT_2_03004	gene	825	mepA			
ANT_2_03004	CDS	825	mepA	3.4.24.-	COG3770	Penicillin-insensitive murein endopeptidase
ANT_2_03005	gene	1086	aroC			
ANT_2_03005	CDS	1086	aroC	4.2.3.5	COG0082	Chorismate synthase
ANT_2_03006	gene	933	prmB			
ANT_2_03006	CDS	933	prmB	2.1.1.298	COG2890	50S ribosomal protein L3 glutamine methyltransferase
ANT_2_03007	gene	549				
ANT_2_03007	CDS	549				hypothetical protein
ANT_2_03008	gene	483	sixA			
ANT_2_03008	CDS	483	sixA	3.1.3.-	COG2062	Phosphohistidine phosphatase SixA
ANT_2_03009	gene	2097	fadJ			
ANT_2_03009	CDS	2097	fadJ		COG1024	Fatty acid oxidation complex subunit alpha
ANT_2_03010	gene	1341	fadI			
ANT_2_03010	CDS	1341	fadI	2.3.1.16	COG0183	3-ketoacyl-CoA thiolase FadI
ANT_2_03011	gene	297				
ANT_2_03011	CDS	297				hypothetical protein
ANT_2_03012	gene	1284	fadL			
ANT_2_03012	CDS	1284	fadL		COG2067	Long-chain fatty acid transport protein
ANT_2_03013	gene	765	mlaA			
ANT_2_03013	CDS	765	mlaA		COG2853	Intermembrane phospholipid transport system lipoprotein MlaA
ANT_2_03014	gene	1212				
ANT_2_03014	CDS	1212				hypothetical protein
ANT_2_03015	gene	453				
ANT_2_03015	CDS	453				hypothetical protein
ANT_2_03016	gene	558	dsbE			
ANT_2_03016	CDS	558	dsbE		COG0526	Thiol:disulfide interchange protein DsbE
ANT_2_03017	gene	1959	ccmF			
ANT_2_03017	CDS	1959	ccmF		COG1138	Cytochrome c-type biogenesis protein CcmF
ANT_2_03018	gene	486	ccmE			
ANT_2_03018	CDS	486	ccmE		COG2332	Cytochrome c-type biogenesis protein CcmE
ANT_2_03019	gene	234	ccmD			
ANT_2_03019	CDS	234	ccmD		COG3114	Heme exporter protein D
ANT_2_03020	gene	741	ccmC			
ANT_2_03020	CDS	741	ccmC		COG0755	Heme exporter protein C
ANT_2_03021	gene	660	ccmB			
ANT_2_03021	CDS	660	ccmB		COG2386	Heme exporter protein B
ANT_2_03022	gene	618	ccmA			
ANT_2_03022	CDS	618	ccmA	7.6.2.5	COG4133	Cytochrome c biogenesis ATP-binding export protein CcmA
ANT_2_03023	gene	936	yfdC			
ANT_2_03023	CDS	936	yfdC		COG2116	Inner membrane protein YfdC
ANT_2_03024	gene	75				
ANT_2_03024	tRNA	75				tRNA-Arg(cct)
ANT_2_03025	gene	870	rhaS_6			
ANT_2_03025	CDS	870	rhaS_6			HTH-type transcriptional activator RhaS
ANT_2_03026	gene	96				
ANT_2_03026	CDS	96				hypothetical protein
ANT_2_03027	gene	900				
ANT_2_03027	CDS	900				hypothetical protein
ANT_2_03028	gene	234				
ANT_2_03028	CDS	234				hypothetical protein
ANT_2_03029	gene	1227	yhjX			
ANT_2_03029	CDS	1227	yhjX			putative MFS-type transporter YhjX
ANT_2_03030	gene	876				
ANT_2_03030	CDS	876		3.1.1.99		6-deoxy-6-sulfogluconolactonase
ANT_2_03031	gene	174				
ANT_2_03031	CDS	174				hypothetical protein
ANT_2_03032	gene	324				
ANT_2_03032	CDS	324				hypothetical protein
ANT_2_03033	gene	807				
ANT_2_03033	CDS	807				hypothetical protein
ANT_2_03034	gene	453				
ANT_2_03034	CDS	453				hypothetical protein
ANT_2_03035	gene	780	ttgV			
ANT_2_03035	CDS	780	ttgV			HTH-type transcriptional regulator TtgV
ANT_2_03036	gene	1599	emrY			
ANT_2_03036	CDS	1599	emrY			putative multidrug resistance protein EmrY
ANT_2_03037	gene	1029	emrA_1			
ANT_2_03037	CDS	1029	emrA_1			Colistin resistance protein EmrA
ANT_2_03038	gene	1236	alaC			
ANT_2_03038	CDS	1236	alaC	2.6.1.2	COG0436	Glutamate-pyruvate aminotransferase AlaC
ANT_2_03039	gene	525				
ANT_2_03039	CDS	525				hypothetical protein
ANT_2_03040	gene	1689	ypdA			
ANT_2_03040	CDS	1689	ypdA	2.7.13.3	COG3275	Sensor histidine kinase YpdA
ANT_2_03041	gene	729	ypdB			
ANT_2_03041	CDS	729	ypdB		COG3279	Transcriptional regulatory protein YpdB
ANT_2_03042	gene	966	glk			
ANT_2_03042	CDS	966	glk	2.7.1.2	COG0837	Glucokinase
ANT_2_03043	gene	1653	ipdC			
ANT_2_03043	CDS	1653	ipdC	4.1.1.74	COG3961	Indole-3-pyruvate decarboxylase
ANT_2_03044	gene	990	gpr			
ANT_2_03044	CDS	990	gpr	1.1.1.-	COG0667	L-glyceraldehyde 3-phosphate reductase
ANT_2_03045	gene	420				
ANT_2_03045	CDS	420				hypothetical protein
ANT_2_03046	gene	1242	mntH			
ANT_2_03046	CDS	1242	mntH		COG1914	Divalent metal cation transporter MntH
ANT_2_03047	gene	1191	nupC_1			
ANT_2_03047	CDS	1191	nupC_1		COG1972	Nucleoside permease NupC
ANT_2_03048	gene	76				
ANT_2_03048	tRNA	76				tRNA-Ala(ggc)
ANT_2_03049	gene	76				
ANT_2_03049	tRNA	76				tRNA-Ala(ggc)
ANT_2_03050	gene	789	focA_2			
ANT_2_03050	CDS	789	focA_2		COG2116	putative formate transporter 1
ANT_2_03051	gene	354				
ANT_2_03051	CDS	354				hypothetical protein
ANT_2_03052	gene	1416	gltX			
ANT_2_03052	CDS	1416	gltX	6.1.1.17	COG0008	Glutamate--tRNA ligase
ANT_2_03053	gene	76				
ANT_2_03053	tRNA	76				tRNA-Val(tac)
ANT_2_03054	gene	76				
ANT_2_03054	tRNA	76				tRNA-Val(tac)
ANT_2_03055	gene	76				
ANT_2_03055	tRNA	76				tRNA-Val(tac)
ANT_2_03056	gene	76				
ANT_2_03056	tRNA	76				tRNA-Lys(ttt)
ANT_2_03057	gene	129				
ANT_2_03057	CDS	129				hypothetical protein
ANT_2_03058	gene	126				
ANT_2_03058	CDS	126				hypothetical protein
ANT_2_03059	gene	507	mobB			
ANT_2_03059	CDS	507	mobB		COG1763	Molybdopterin-guanine dinucleotide biosynthesis adapter protein
ANT_2_03060	gene	567	mobA_2			
ANT_2_03060	CDS	567	mobA_2	2.7.7.77	COG0746	Molybdenum cofactor guanylyltransferase
ANT_2_03061	gene	276	yihD			
ANT_2_03061	CDS	276	yihD		COG3084	Protein YihD
ANT_2_03062	gene	987	srkA_2			
ANT_2_03062	CDS	987	srkA_2	2.7.11.1	COG2334	Stress response kinase A
ANT_2_03063	gene	630	dsbA			
ANT_2_03063	CDS	630	dsbA		COG0526	Thiol:disulfide interchange protein DsbA
ANT_2_03064	gene	177				
ANT_2_03064	CDS	177				hypothetical protein
ANT_2_03065	gene	2787	polA			
ANT_2_03065	CDS	2787	polA	2.7.7.7	COG0258	DNA polymerase I
ANT_2_03066	gene	636	engB			
ANT_2_03066	CDS	636	engB		COG0218	putative GTP-binding protein EngB
ANT_2_03067	gene	525	yihI			
ANT_2_03067	CDS	525	yihI		COG3078	Der GTPase-activating protein YihI
ANT_2_03068	gene	1374	hemN			
ANT_2_03068	CDS	1374	hemN	1.3.98.3	COG0635	Oxygen-independent coproporphyrinogen III oxidase
ANT_2_03069	gene	1410	ntrC			
ANT_2_03069	CDS	1410	ntrC		COG2204	DNA-binding transcriptional regulator NtrC
ANT_2_03070	gene	1050	glnL			
ANT_2_03070	CDS	1050	glnL	2.7.13.3	COG3852	Sensory histidine kinase/phosphatase NtrB
ANT_2_03071	gene	1410	glnA			
ANT_2_03071	CDS	1410	glnA	6.3.1.2	COG0174	Glutamine synthetase
ANT_2_03072	gene	1824	typA			
ANT_2_03072	CDS	1824	typA		COG1217	GTP-binding protein TypA/BipA
ANT_2_03073	gene	597	yihX			
ANT_2_03073	CDS	597	yihX	3.1.3.10	COG1011	Alpha-D-glucose 1-phosphate phosphatase YihX
ANT_2_03074	gene	786				
ANT_2_03074	CDS	786				hypothetical protein
ANT_2_03075	gene	438	dtd			
ANT_2_03075	CDS	438	dtd	3.1.1.96	COG1490	D-aminoacyl-tRNA deacylase
ANT_2_03076	gene	948				
ANT_2_03076	CDS	948				hypothetical protein
ANT_2_03077	gene	1680				
ANT_2_03077	CDS	1680				hypothetical protein
ANT_2_03078	gene	1374	xanP_2			
ANT_2_03078	CDS	1374	xanP_2		COG2233	Xanthine permease XanP
ANT_2_03079	gene	2079	recG			
ANT_2_03079	CDS	2079	recG	3.6.4.12	COG1200	ATP-dependent DNA helicase RecG
ANT_2_03080	gene	666	trmH			
ANT_2_03080	CDS	666	trmH	2.1.1.34	COG0566	tRNA (guanosine(18)-2'-O)-methyltransferase
ANT_2_03081	gene	2109	spoT			
ANT_2_03081	CDS	2109	spoT		COG0317	Bifunctional (p)ppGpp synthase/hydrolase SpoT
ANT_2_03082	gene	276	rpoZ			
ANT_2_03082	CDS	276	rpoZ	2.7.7.6	COG1758	DNA-directed RNA polymerase subunit omega
ANT_2_03083	gene	675	gmk			
ANT_2_03083	CDS	675	gmk	2.7.4.8	COG0194	Guanylate kinase
ANT_2_03084	gene	1752	ligB			
ANT_2_03084	CDS	1752	ligB	6.5.1.2	COG0272	DNA ligase B
ANT_2_03085	gene	618				
ANT_2_03085	CDS	618				hypothetical protein
ANT_2_03086	gene	666	wzxC_2			
ANT_2_03086	CDS	666	wzxC_2		COG2244	Lipopolysaccharide biosynthesis protein WzxC
ANT_2_03087	gene	267				
ANT_2_03087	CDS	267				hypothetical protein
ANT_2_03088	gene	396				
ANT_2_03088	CDS	396				hypothetical protein
ANT_2_03089	gene	1143	dthadh			
ANT_2_03089	CDS	1143	dthadh	4.3.1.27		D-threo-3-hydroxyaspartate dehydratase
ANT_2_03090	gene	924	lpxP			
ANT_2_03090	CDS	924	lpxP	2.3.1.242	COG1560	Lipid A biosynthesis palmitoleoyltransferase
ANT_2_03091	gene	864				
ANT_2_03091	CDS	864				hypothetical protein
ANT_2_03092	gene	426				
ANT_2_03092	CDS	426				hypothetical protein
ANT_2_03093	gene	1185	nupC_2			
ANT_2_03093	CDS	1185	nupC_2		COG1972	Nucleoside permease NupC
ANT_2_03094	gene	717	rph			
ANT_2_03094	CDS	717	rph	2.7.7.56		Ribonuclease PH
ANT_2_03095	gene	642	pyrE			
ANT_2_03095	CDS	642	pyrE	2.4.2.10	COG0461	Orotate phosphoribosyltransferase
ANT_2_03096	gene	597	slmA			
ANT_2_03096	CDS	597	slmA			Nucleoid occlusion factor SlmA
ANT_2_03097	gene	459	dut			
ANT_2_03097	CDS	459	dut	3.6.1.23	COG0756	Deoxyuridine 5'-triphosphate nucleotidohydrolase
ANT_2_03098	gene	1221	coaBC			
ANT_2_03098	CDS	1221	coaBC		COG0452	Coenzyme A biosynthesis bifunctional protein CoaBC
ANT_2_03099	gene	657				
ANT_2_03099	CDS	657				hypothetical protein
ANT_2_03100	gene	237	rpmB			
ANT_2_03100	CDS	237	rpmB		COG0227	50S ribosomal protein L28
ANT_2_03101	gene	168	rpmG			
ANT_2_03101	CDS	168	rpmG		COG0267	50S ribosomal protein L33
ANT_2_03102	gene	810	mutM			
ANT_2_03102	CDS	810	mutM	3.2.2.23	COG0266	Formamidopyrimidine-DNA glycosylase
ANT_2_03103	gene	480	coaD			
ANT_2_03103	CDS	480	coaD	2.7.7.3	COG0669	Phosphopantetheine adenylyltransferase
ANT_2_03104	gene	777				
ANT_2_03104	CDS	777				hypothetical protein
ANT_2_03105	gene	1275	waaA			
ANT_2_03105	CDS	1275	waaA	2.4.99.12	COG1519	3-deoxy-D-manno-octulosonic acid transferase
ANT_2_03106	gene	1134	rfaG			
ANT_2_03106	CDS	1134	rfaG	2.4.-.-		Lipopolysaccharide core biosynthesis protein RfaG
ANT_2_03107	gene	1077	rfaQ			
ANT_2_03107	CDS	1077	rfaQ	2.-.-.-	COG0859	Lipopolysaccharide core heptosyltransferase RfaQ
ANT_2_03108	gene	1047				
ANT_2_03108	CDS	1047				hypothetical protein
ANT_2_03109	gene	1005				
ANT_2_03109	CDS	1005				hypothetical protein
ANT_2_03110	gene	1077				
ANT_2_03110	CDS	1077				hypothetical protein
ANT_2_03111	gene	978	rfaC			
ANT_2_03111	CDS	978	rfaC	2.-.-.-	COG0859	Lipopolysaccharide heptosyltransferase 1
ANT_2_03112	gene	1056	rfaF			
ANT_2_03112	CDS	1056	rfaF	2.-.-.-	COG0859	ADP-heptose--LPS heptosyltransferase 2
ANT_2_03113	gene	975	hldD			
ANT_2_03113	CDS	975	hldD	5.1.3.20	COG0451	ADP-L-glycero-D-manno-heptose-6-epimerase
ANT_2_03114	gene	1197	kbl			
ANT_2_03114	CDS	1197	kbl	2.3.1.29	COG0156	2-amino-3-ketobutyrate coenzyme A ligase
ANT_2_03115	gene	1029	tdh_3			
ANT_2_03115	CDS	1029	tdh_3	1.1.1.103	COG1063	L-threonine 3-dehydrogenase
ANT_2_03116	gene	912				
ANT_2_03116	CDS	912				hypothetical protein
ANT_2_03117	gene	1230	mshA_2			
ANT_2_03117	CDS	1230	mshA_2	2.4.1.250		D-inositol-3-phosphate glycosyltransferase
ANT_2_03118	gene	903				
ANT_2_03118	CDS	903			COG2861	putative protein
ANT_2_03119	gene	1476	envC			
ANT_2_03119	CDS	1476	envC		COG4942	Murein hydrolase activator EnvC
ANT_2_03120	gene	432	yibN			
ANT_2_03120	CDS	432	yibN		COG0607	putative protein YibN
ANT_2_03121	gene	255	grxC			
ANT_2_03121	CDS	255	grxC		COG0695	Glutaredoxin 3
ANT_2_03122	gene	471	secB			
ANT_2_03122	CDS	471	secB		COG1952	Protein-export protein SecB
ANT_2_03123	gene	1017	gpsA			
ANT_2_03123	CDS	1017	gpsA	1.1.1.94	COG0240	Glycerol-3-phosphate dehydrogenase [NAD(P)+]
ANT_2_03124	gene	822	cysE			
ANT_2_03124	CDS	822	cysE	2.3.1.30	COG1045	Serine acetyltransferase
ANT_2_03125	gene	474	trmL_2			
ANT_2_03125	CDS	474	trmL_2	2.1.1.207	COG0219	tRNA (cytidine(34)-2'-O)-methyltransferase
ANT_2_03126	gene	1380	cpxA			
ANT_2_03126	CDS	1380	cpxA	2.7.13.3		Sensor histidine kinase CpxA
ANT_2_03127	gene	699	cpxR_1			
ANT_2_03127	CDS	699	cpxR_1		COG0745	Transcriptional regulatory protein CpxR
ANT_2_03128	gene	510	cpxP			
ANT_2_03128	CDS	510	cpxP		COG3678	Periplasmic protein CpxP
ANT_2_03129	gene	156				
ANT_2_03129	CDS	156				hypothetical protein
ANT_2_03130	gene	903	fieF			
ANT_2_03130	CDS	903	fieF		COG0053	Ferrous-iron efflux pump FieF
ANT_2_03131	gene	963	pfkA_2			
ANT_2_03131	CDS	963	pfkA_2	2.7.1.11	COG0205	ATP-dependent 6-phosphofructokinase isozyme 1
ANT_2_03132	gene	990	sbp			
ANT_2_03132	CDS	990	sbp		COG1613	Sulfate-binding protein
ANT_2_03133	gene	774	cdh_2			
ANT_2_03133	CDS	774	cdh_2	3.6.1.26	COG2134	CDP-diacylglycerol pyrophosphatase
ANT_2_03134	gene	768	tpiA			
ANT_2_03134	CDS	768	tpiA	5.3.1.1	COG0149	Triosephosphate isomerase
ANT_2_03135	gene	591				
ANT_2_03135	CDS	591				hypothetical protein
ANT_2_03136	gene	435				
ANT_2_03136	CDS	435				hypothetical protein
ANT_2_03137	gene	747	fpr			
ANT_2_03137	CDS	747	fpr	1.18.1.2	COG1018	Flavodoxin/ferredoxin--NADP reductase
ANT_2_03138	gene	1194	emrD			
ANT_2_03138	CDS	1194	emrD			Multidrug resistance protein D
ANT_2_03139	gene	1011	glpX			
ANT_2_03139	CDS	1011	glpX	3.1.3.11	COG1494	Fructose-1,6-bisphosphatase 1 class 2
ANT_2_03140	gene	1512	glpK			
ANT_2_03140	CDS	1512	glpK	2.7.1.30	COG0554	Glycerol kinase
ANT_2_03141	gene	852	glpF			
ANT_2_03141	CDS	852	glpF		COG0580	Glycerol uptake facilitator protein
ANT_2_03142	gene	240	zapB			
ANT_2_03142	CDS	240	zapB		COG3074	Cell division protein ZapB
ANT_2_03143	gene	588	rraA			
ANT_2_03143	CDS	588	rraA		COG0684	Regulator of ribonuclease activity A
ANT_2_03144	gene	1338	hslU			
ANT_2_03144	CDS	1338	hslU		COG1220	ATP-dependent protease ATPase subunit HslU
ANT_2_03145	gene	531	hslV			
ANT_2_03145	CDS	531	hslV	3.4.25.2	COG5405	ATP-dependent protease subunit HslV
ANT_2_03146	gene	879	ftsN			
ANT_2_03146	CDS	879	ftsN		COG3087	Cell division protein FtsN
ANT_2_03147	gene	1038	cytR_4			
ANT_2_03147	CDS	1038	cytR_4		COG1609	HTH-type transcriptional repressor CytR
ANT_2_03148	gene	2196	priA			
ANT_2_03148	CDS	2196	priA	3.6.4.-	COG1198	Primosomal protein N'
ANT_2_03149	gene	216	rpmE			
ANT_2_03149	CDS	216	rpmE		COG0254	50S ribosomal protein L31
ANT_2_03150	gene	318	metJ			
ANT_2_03150	CDS	318	metJ		COG3060	Met repressor
ANT_2_03151	gene	1161	metB			
ANT_2_03151	CDS	1161	metB	2.5.1.48	COG0626	Cystathionine gamma-synthase
ANT_2_03152	gene	2436	metL			
ANT_2_03152	CDS	2436	metL		COG0460	Bifunctional aspartokinase/homoserine dehydrogenase 2
ANT_2_03153	gene	897	metF			
ANT_2_03153	CDS	897	metF	1.5.1.20	COG0685	5,10-methylenetetrahydrofolate reductase
ANT_2_03154	gene	2652	ppc			
ANT_2_03154	CDS	2652	ppc	4.1.1.31	COG2352	Phosphoenolpyruvate carboxylase
ANT_2_03155	gene	1212	argE			
ANT_2_03155	CDS	1212	argE	3.5.1.16	COG0624	Acetylornithine deacetylase
ANT_2_03156	gene	1005	argC			
ANT_2_03156	CDS	1005	argC	1.2.1.38	COG0002	N-acetyl-gamma-glutamyl-phosphate reductase
ANT_2_03157	gene	777	argB			
ANT_2_03157	CDS	777	argB	2.7.2.8	COG0548	Acetylglutamate kinase
ANT_2_03158	gene	1218	argG			
ANT_2_03158	CDS	1218	argG	6.3.4.5	COG0137	Argininosuccinate synthase
ANT_2_03159	gene	1374	argH			
ANT_2_03159	CDS	1374	argH	4.3.2.1	COG0165	Argininosuccinate lyase
ANT_2_03160	gene	153	PGdx			
ANT_2_03160	CDS	153	PGdx	1.11.1.15	COG0678	Hybrid peroxiredoxin hyPrx5
ANT_2_03161	gene	918	oxyR_2			
ANT_2_03161	CDS	918	oxyR_2			Hydrogen peroxide-inducible genes activator
ANT_2_03162	gene	1401	sthA			
ANT_2_03162	CDS	1401	sthA	1.6.1.1	COG1249	Soluble pyridine nucleotide transhydrogenase
ANT_2_03163	gene	648	fabR			
ANT_2_03163	CDS	648	fabR		COG1309	HTH-type transcriptional repressor FabR
ANT_2_03164	gene	354	yijD			
ANT_2_03164	CDS	354	yijD			Inner membrane protein YijD
ANT_2_03165	gene	1104	trmA			
ANT_2_03165	CDS	1104	trmA	2.1.1.-	COG2265	tRNA/tmRNA (uracil-C(5))-methyltransferase
ANT_2_03166	gene	1881	btuB_2			
ANT_2_03166	CDS	1881	btuB_2		COG4206	Vitamin B12 transporter BtuB
ANT_2_03167	gene	852	murI			
ANT_2_03167	CDS	852	murI	5.1.1.3	COG0796	Glutamate racemase
ANT_2_03168	gene	231				
ANT_2_03168	CDS	231				hypothetical protein
ANT_2_03169	gene	207				
ANT_2_03169	CDS	207				hypothetical protein
ANT_2_03170	gene	144				
ANT_2_03170	CDS	144				hypothetical protein
ANT_2_03171	gene	207				
ANT_2_03171	CDS	207				hypothetical protein
ANT_2_03172	gene	102				
ANT_2_03172	CDS	102				hypothetical protein
ANT_2_03173	gene	159				
ANT_2_03173	CDS	159				hypothetical protein
ANT_2_03174	gene	207				
ANT_2_03174	CDS	207				hypothetical protein
ANT_2_03175	gene	633				
ANT_2_03175	CDS	633				hypothetical protein
ANT_2_03176	gene	252				
ANT_2_03176	CDS	252				hypothetical protein
ANT_2_03177	gene	990				
ANT_2_03177	CDS	990				hypothetical protein
ANT_2_03178	gene	390				
ANT_2_03178	CDS	390				hypothetical protein
ANT_2_03179	gene	207				
ANT_2_03179	CDS	207				hypothetical protein
ANT_2_03180	gene	210				
ANT_2_03180	CDS	210				hypothetical protein
ANT_2_03181	gene	450	rplI			
ANT_2_03181	CDS	450	rplI		COG0359	50S ribosomal protein L9
ANT_2_03182	gene	228	rpsR			
ANT_2_03182	CDS	228	rpsR		COG0238	30S ribosomal protein S18
ANT_2_03183	gene	396	rpsF			
ANT_2_03183	CDS	396	rpsF		COG0360	30S ribosomal protein S6
ANT_2_03184	gene	207				
ANT_2_03184	CDS	207				hypothetical protein
ANT_2_03185	gene	750				
ANT_2_03185	CDS	750				hypothetical protein
ANT_2_03186	gene	1932				
ANT_2_03186	CDS	1932				hypothetical protein
ANT_2_03187	gene	327	bsmA			
ANT_2_03187	CDS	327	bsmA			Lipoprotein BsmA
ANT_2_03188	gene	1629	aidB			
ANT_2_03188	CDS	1629	aidB	1.3.99.-	COG1960	Putative acyl-CoA dehydrogenase AidB
ANT_2_03189	gene	735	rlmB			
ANT_2_03189	CDS	735	rlmB	2.1.1.185	COG0566	23S rRNA (guanosine-2'-O-)-methyltransferase RlmB
ANT_2_03190	gene	2490	rnr			
ANT_2_03190	CDS	2490	rnr	3.1.13.1	COG0557	Ribonuclease R
ANT_2_03191	gene	444	nsrR			
ANT_2_03191	CDS	444	nsrR		COG1959	HTH-type transcriptional repressor NsrR
ANT_2_03192	gene	1299	purA			
ANT_2_03192	CDS	1299	purA	6.3.4.4	COG0104	Adenylosuccinate synthetase
ANT_2_03193	gene	231				
ANT_2_03193	CDS	231				hypothetical protein
ANT_2_03194	gene	1005	hflC			
ANT_2_03194	CDS	1005	hflC		COG0330	Modulator of FtsH protease HflC
ANT_2_03195	gene	1239	hflK			
ANT_2_03195	CDS	1239	hflK		COG0330	Modulator of FtsH protease HflK
ANT_2_03196	gene	1281	hflX			
ANT_2_03196	CDS	1281	hflX		COG2262	GTPase HflX
ANT_2_03197	gene	315	hfq			
ANT_2_03197	CDS	315	hfq		COG1923	RNA-binding protein Hfq
ANT_2_03198	gene	906	miaA			
ANT_2_03198	CDS	906	miaA	2.5.1.75	COG0324	tRNA dimethylallyltransferase
ANT_2_03199	gene	1866	mutL			
ANT_2_03199	CDS	1866	mutL		COG0323	DNA mismatch repair protein MutL
ANT_2_03200	gene	1671				
ANT_2_03200	CDS	1671				hypothetical protein
ANT_2_03201	gene	477	tsaE			
ANT_2_03201	CDS	477	tsaE		COG0802	tRNA threonylcarbamoyladenosine biosynthesis protein TsaE
ANT_2_03202	gene	1521	nnr			
ANT_2_03202	CDS	1521	nnr		COG0062	Bifunctional NAD(P)H-hydrate repair enzyme Nnr
ANT_2_03203	gene	1086	queG			
ANT_2_03203	CDS	1086	queG	1.17.99.6		Epoxyqueuosine reductase
ANT_2_03204	gene	76				
ANT_2_03204	tRNA	76				tRNA-Gly(gcc)
ANT_2_03205	gene	549	orn			
ANT_2_03205	CDS	549	orn	3.1.-.-	COG1949	Oligoribonuclease
ANT_2_03206	gene	1050	rsgA			
ANT_2_03206	CDS	1050	rsgA	3.6.1.-	COG1162	Small ribosomal subunit biogenesis GTPase RsgA
ANT_2_03207	gene	900	psd			
ANT_2_03207	CDS	900	psd	4.1.1.65	COG0688	Phosphatidylserine decarboxylase proenzyme
ANT_2_03208	gene	3330	mscM			
ANT_2_03208	CDS	3330	mscM		COG3264	Miniconductance mechanosensitive channel MscM
ANT_2_03209	gene	939	mdh			
ANT_2_03209	CDS	939	mdh	1.1.1.37	COG0039	Malate dehydrogenase
ANT_2_03210	gene	471	argR			
ANT_2_03210	CDS	471	argR		COG1438	Arginine repressor
ANT_2_03211	gene	264	bhsA_4			
ANT_2_03211	CDS	264	bhsA_4			Multiple stress resistance protein BhsA
ANT_2_03212	gene	267				
ANT_2_03212	CDS	267				hypothetical protein
ANT_2_03213	gene	264				
ANT_2_03213	CDS	264				hypothetical protein
ANT_2_03214	gene	270	yhcO			
ANT_2_03214	CDS	270	yhcO		COG2732	putative protein YhcO
ANT_2_03215	gene	1452	davD			
ANT_2_03215	CDS	1452	davD	1.2.1.-	COG1012	Glutarate-semialdehyde dehydrogenase
ANT_2_03216	gene	1953	aaeB_3			
ANT_2_03216	CDS	1953	aaeB_3		COG1289	p-hydroxybenzoic acid efflux pump subunit AaeB
ANT_2_03217	gene	933	aaeA_2			
ANT_2_03217	CDS	933	aaeA_2		COG1566	p-hydroxybenzoic acid efflux pump subunit AaeA
ANT_2_03218	gene	204	aaeX			
ANT_2_03218	CDS	204	aaeX			Protein AaeX
ANT_2_03219	gene	918	dmlR_10			
ANT_2_03219	CDS	918	dmlR_10			HTH-type transcriptional regulator DmlR
ANT_2_03220	gene	1446	tldD			
ANT_2_03220	CDS	1446	tldD	3.4.-.-	COG0312	Metalloprotease TldD
ANT_2_03221	gene	3840				
ANT_2_03221	CDS	3840				hypothetical protein
ANT_2_03222	gene	1470	rng			
ANT_2_03222	CDS	1470	rng	3.1.26.-	COG1530	Ribonuclease G
ANT_2_03223	gene	594	yhdE			
ANT_2_03223	CDS	594	yhdE	3.6.1.9	COG0424	dTTP/UTP pyrophosphatase
ANT_2_03224	gene	489	mreD			
ANT_2_03224	CDS	489	mreD		COG2891	Rod shape-determining protein MreD
ANT_2_03225	gene	1020	mreC			
ANT_2_03225	CDS	1020	mreC		COG1792	Cell shape-determining protein MreC
ANT_2_03226	gene	1044	mreB			
ANT_2_03226	CDS	1044	mreB		COG1077	Cell shape-determining protein MreB
ANT_2_03227	gene	1950	csrD			
ANT_2_03227	CDS	1950	csrD			RNase E specificity factor CsrD
ANT_2_03228	gene	1005	msrP			
ANT_2_03228	CDS	1005	msrP	1.8.5.-	COG2041	Protein-methionine-sulfoxide reductase catalytic subunit MsrP
ANT_2_03229	gene	606	msrQ			
ANT_2_03229	CDS	606	msrQ		COG2717	Protein-methionine-sulfoxide reductase heme-binding subunit MsrQ
ANT_2_03230	gene	453	aroQ_1			
ANT_2_03230	CDS	453	aroQ_1	4.2.1.10	COG0757	3-dehydroquinate dehydratase
ANT_2_03231	gene	462	accB			
ANT_2_03231	CDS	462	accB		COG0511	Biotin carboxyl carrier protein of acetyl-CoA carboxylase
ANT_2_03232	gene	1350	accC			
ANT_2_03232	CDS	1350	accC	6.3.4.14	COG0439	Biotin carboxylase
ANT_2_03233	gene	243	yhdT			
ANT_2_03233	CDS	243	yhdT		COG3924	putative membrane protein YhdT
ANT_2_03234	gene	1446	panF			
ANT_2_03234	CDS	1446	panF		COG4145	Sodium/pantothenate symporter
ANT_2_03235	gene	882	prmA			
ANT_2_03235	CDS	882	prmA	2.1.1.-	COG2264	Ribosomal protein L11 methyltransferase
ANT_2_03236	gene	966	dusB			
ANT_2_03236	CDS	966	dusB	1.3.1.-	COG0042	tRNA-dihydrouridine synthase B
ANT_2_03237	gene	297	fis			
ANT_2_03237	CDS	297	fis		COG2901	DNA-binding protein Fis
ANT_2_03238	gene	1026	yhdW			
ANT_2_03238	CDS	1026	yhdW			Putative amino-acid ABC transporter-binding protein YhdW
ANT_2_03239	gene	1179				
ANT_2_03239	CDS	1179				hypothetical protein
ANT_2_03240	gene	1101	yhdY			
ANT_2_03240	CDS	1101	yhdY		COG0765	Inner membrane amino-acid ABC transporter permease protein YhdY
ANT_2_03241	gene	762	glnQ_3			
ANT_2_03241	CDS	762	glnQ_3			Glutamine transport ATP-binding protein GlnQ
ANT_2_03242	gene	111				
ANT_2_03242	rRNA	111				5S ribosomal RNA
ANT_2_03243	gene	76				
ANT_2_03243	tRNA	76				tRNA-Thr(ggt)
ANT_2_03244	gene	483				
ANT_2_03244	CDS	483				hypothetical protein
ANT_2_03245	gene	213				
ANT_2_03245	CDS	213				hypothetical protein
ANT_2_03246	gene	792				
ANT_2_03246	CDS	792				hypothetical protein
ANT_2_03247	gene	153				
ANT_2_03247	CDS	153				hypothetical protein
ANT_2_03248	gene	723				
ANT_2_03248	CDS	723				hypothetical protein
ANT_2_03249	gene	1590	purH			
ANT_2_03249	CDS	1590	purH		COG0138	Bifunctional purine biosynthesis protein PurH
ANT_2_03250	gene	1281	purD			
ANT_2_03250	CDS	1281	purD	6.3.4.13	COG0151	Phosphoribosylamine--glycine ligase
ANT_2_03251	gene	663				
ANT_2_03251	CDS	663				hypothetical protein
ANT_2_03252	gene	273	hupA			
ANT_2_03252	CDS	273	hupA			DNA-binding protein HU-alpha
ANT_2_03253	gene	591				
ANT_2_03253	CDS	591			COG3068	putative protein
ANT_2_03254	gene	669	nfi			
ANT_2_03254	CDS	669	nfi	3.1.21.7	COG1515	Endonuclease V
ANT_2_03255	gene	1068	hemE			
ANT_2_03255	CDS	1068	hemE	4.1.1.37	COG0407	Uroporphyrinogen decarboxylase
ANT_2_03256	gene	771	nudC			
ANT_2_03256	CDS	771	nudC	3.6.1.22	COG2816	NADH pyrophosphatase
ANT_2_03257	gene	507	rsd			
ANT_2_03257	CDS	507	rsd		COG3160	Regulator of sigma D
ANT_2_03258	gene	1923	thiC			
ANT_2_03258	CDS	1923	thiC	4.1.99.17	COG0422	Phosphomethylpyrimidine synthase
ANT_2_03259	gene	627	thiE			
ANT_2_03259	CDS	627	thiE	2.5.1.3	COG0352	Thiamine-phosphate synthase
ANT_2_03260	gene	1455	norG_2			
ANT_2_03260	CDS	1455	norG_2		COG1167	HTH-type transcriptional regulator NorG
ANT_2_03261	gene	222				
ANT_2_03261	CDS	222				hypothetical protein
ANT_2_03262	gene	4224	rpoC			
ANT_2_03262	CDS	4224	rpoC	2.7.7.6	COG0086	DNA-directed RNA polymerase subunit beta'
ANT_2_03263	gene	4029	rpoB			
ANT_2_03263	CDS	4029	rpoB	2.7.7.6	COG0085	DNA-directed RNA polymerase subunit beta
ANT_2_03264	gene	363	rplL			
ANT_2_03264	CDS	363	rplL		COG0222	50S ribosomal protein L7/L12
ANT_2_03265	gene	498	rplJ			
ANT_2_03265	CDS	498	rplJ		COG0244	50S ribosomal protein L10
ANT_2_03266	gene	705	rplA			
ANT_2_03266	CDS	705	rplA		COG0081	50S ribosomal protein L1
ANT_2_03267	gene	429	rplK			
ANT_2_03267	CDS	429	rplK		COG0080	50S ribosomal protein L11
ANT_2_03268	gene	546	nusG			
ANT_2_03268	CDS	546	nusG		COG0250	Transcription termination/antitermination protein NusG
ANT_2_03269	gene	384	secE			
ANT_2_03269	CDS	384	secE		COG0690	Protein translocase subunit SecE
ANT_2_03270	gene	138	tufB			
ANT_2_03270	CDS	138	tufB		COG0050	Elongation factor Tu 2
ANT_2_03271	gene	123				
ANT_2_03271	CDS	123				hypothetical protein
ANT_2_03272	gene	165				
ANT_2_03272	CDS	165				hypothetical protein
ANT_2_03273	gene	675				
ANT_2_03273	CDS	675				hypothetical protein
ANT_2_03274	gene	621	fklB			
ANT_2_03274	CDS	621	fklB	5.2.1.8	COG0545	FKBP-type 22 kDa peptidyl-prolyl cis-trans isomerase
ANT_2_03275	gene	1944	cpdB			
ANT_2_03275	CDS	1944	cpdB	3.1.3.6	COG0737	2',3'-cyclic-nucleotide 2'-phosphodiesterase/3'-nucleotidase
ANT_2_03276	gene	744	cysQ			
ANT_2_03276	CDS	744	cysQ	3.1.3.7	COG1218	3'(2'),5'-bisphosphate nucleotidase CysQ
ANT_2_03277	gene	558	ytfJ_2			
ANT_2_03277	CDS	558	ytfJ_2		COG3054	putative protein YtfJ
ANT_2_03278	gene	207				
ANT_2_03278	CDS	207				hypothetical protein
ANT_2_03279	gene	1323				
ANT_2_03279	CDS	1323				hypothetical protein
ANT_2_03280	gene	1740	tamA			
ANT_2_03280	CDS	1740	tamA		COG0729	Translocation and assembly module subunit TamA
ANT_2_03281	gene	3768	tamB			
ANT_2_03281	CDS	3768	tamB		COG2911	Translocation and assembly module subunit TamB
ANT_2_03282	gene	354	ytfP			
ANT_2_03282	CDS	354	ytfP		COG2105	Gamma-glutamylcyclotransferase family protein YtfP
ANT_2_03283	gene	531	ppa			
ANT_2_03283	CDS	531	ppa	3.6.1.1	COG0221	Inorganic pyrophosphatase
ANT_2_03284	gene	450				
ANT_2_03284	CDS	450				hypothetical protein
ANT_2_03285	gene	411				
ANT_2_03285	CDS	411				hypothetical protein
ANT_2_03286	gene	1560				
ANT_2_03286	CDS	1560				hypothetical protein
ANT_2_03287	gene	1008	fbp			
ANT_2_03287	CDS	1008	fbp	3.1.3.11	COG0158	Fructose-1,6-bisphosphatase class 1
ANT_2_03288	gene	1353	mpl			
ANT_2_03288	CDS	1353	mpl	6.3.2.45	COG0773	UDP-N-acetylmuramate--L-alanyl-gamma-D-glutamyl-meso-2,6-diaminoheptandioate ligase
ANT_2_03289	gene	546				
ANT_2_03289	CDS	546				hypothetical protein
ANT_2_03290	gene	1353	pmbA			
ANT_2_03290	CDS	1353	pmbA	3.4.-.-	COG0312	Metalloprotease PmbA
ANT_2_03291	gene	387	cybC			
ANT_2_03291	CDS	387	cybC		COG3783	Soluble cytochrome b562
ANT_2_03292	gene	336				
ANT_2_03292	CDS	336				hypothetical protein
ANT_2_03293	gene	357				
ANT_2_03293	CDS	357				hypothetical protein
ANT_2_03294	gene	300				
ANT_2_03294	CDS	300				hypothetical protein
ANT_2_03295	gene	777				
ANT_2_03295	CDS	777				hypothetical protein
ANT_2_03296	gene	642				
ANT_2_03296	CDS	642				hypothetical protein
ANT_2_03297	gene	1131				
ANT_2_03297	CDS	1131		3.1.1.-	COG3964	Deacetylase
ANT_2_03298	gene	1122	dgaE			
ANT_2_03298	CDS	1122	dgaE	4.3.1.29		D-glucosaminate-6-phosphate ammonia lyase
ANT_2_03299	gene	744	dgaF			
ANT_2_03299	CDS	744	dgaF	4.1.2.14		2-dehydro-3-deoxy-phosphogluconate aldolase
ANT_2_03300	gene	1911	licR			
ANT_2_03300	CDS	1911	licR		COG1762	putative licABCH operon regulator
ANT_2_03301	gene	900	yhaJ_2			
ANT_2_03301	CDS	900	yhaJ_2			HTH-type transcriptional regulator YhaJ
ANT_2_03302	gene	705	yhaK			
ANT_2_03302	CDS	705	yhaK		COG1741	Pirin-like protein YhaK
ANT_2_03303	gene	573	osmY_2			
ANT_2_03303	CDS	573	osmY_2		COG2823	Osmotically-inducible protein Y
ANT_2_03304	gene	588	diaA			
ANT_2_03304	CDS	588	diaA		COG0279	DnaA initiator-associating protein DiaA
ANT_2_03305	gene	396				
ANT_2_03305	CDS	396				hypothetical protein
ANT_2_03306	gene	2016	lpoA			
ANT_2_03306	CDS	2016	lpoA		COG3107	Penicillin-binding protein activator LpoA
ANT_2_03307	gene	867	rsmI			
ANT_2_03307	CDS	867	rsmI	2.1.1.198	COG0313	Ribosomal RNA small subunit methyltransferase I
ANT_2_03308	gene	156				
ANT_2_03308	CDS	156				hypothetical protein
ANT_2_03309	gene	93				
ANT_2_03309	CDS	93				hypothetical protein
ANT_2_03310	gene	171				
ANT_2_03310	CDS	171				hypothetical protein
ANT_2_03311	gene	288				
ANT_2_03311	CDS	288				hypothetical protein
ANT_2_03312	gene	303				
ANT_2_03312	CDS	303				hypothetical protein
ANT_2_03313	gene	177				
ANT_2_03313	CDS	177				hypothetical protein
ANT_2_03314	gene	90				
ANT_2_03314	CDS	90				hypothetical protein
ANT_2_03315	gene	264				
ANT_2_03315	CDS	264				hypothetical protein
ANT_2_03316	gene	207				
ANT_2_03316	CDS	207				hypothetical protein
ANT_2_03317	gene	261				
ANT_2_03317	CDS	261				hypothetical protein
ANT_2_03318	gene	138				
ANT_2_03318	CDS	138				hypothetical protein
ANT_2_03319	gene	558				
ANT_2_03319	CDS	558				hypothetical protein
ANT_2_03320	gene	207				
ANT_2_03320	CDS	207				hypothetical protein
ANT_2_03321	gene	159				
ANT_2_03321	CDS	159				hypothetical protein
ANT_2_03322	gene	480				
ANT_2_03322	CDS	480				hypothetical protein
ANT_2_03323	gene	252				
ANT_2_03323	CDS	252				hypothetical protein
ANT_2_03324	gene	120				
ANT_2_03324	CDS	120				hypothetical protein
ANT_2_03325	gene	207				
ANT_2_03325	CDS	207				hypothetical protein
ANT_2_03326	gene	246				
ANT_2_03326	CDS	246				hypothetical protein
ANT_2_03327	gene	261				
ANT_2_03327	CDS	261				hypothetical protein
ANT_2_03328	gene	153				
ANT_2_03328	CDS	153				hypothetical protein
ANT_2_03329	gene	768	pstB3			
ANT_2_03329	CDS	768	pstB3	7.3.2.1	COG1117	Phosphate import ATP-binding protein PstB 3
ANT_2_03330	gene	1635				
ANT_2_03330	CDS	1635				hypothetical protein
ANT_2_03331	gene	2088				
ANT_2_03331	CDS	2088				hypothetical protein
ANT_2_03332	gene	2061	ppk			
ANT_2_03332	CDS	2061	ppk	2.7.4.1	COG0855	Polyphosphate kinase
ANT_2_03333	gene	1527	ppx			
ANT_2_03333	CDS	1527	ppx	3.6.1.11	COG0248	Exopolyphosphatase
ANT_2_03334	gene	615	tehB			
ANT_2_03334	CDS	615	tehB	2.1.1.265	COG0500	Tellurite methyltransferase
ANT_2_03335	gene	240				
ANT_2_03335	CDS	240				hypothetical protein
ANT_2_03336	gene	1434				
ANT_2_03336	CDS	1434			COG2239	Magnesium transporter MgtE
ANT_2_03337	gene	498				
ANT_2_03337	CDS	498				hypothetical protein
ANT_2_03338	gene	246				
ANT_2_03338	CDS	246				hypothetical protein
ANT_2_03339	gene	180				
ANT_2_03339	CDS	180				hypothetical protein
ANT_2_03340	gene	774				
ANT_2_03340	CDS	774				hypothetical protein
ANT_2_03341	gene	1581	guaA			
ANT_2_03341	CDS	1581	guaA	6.3.5.2	COG0518	GMP synthase [glutamine-hydrolyzing]
ANT_2_03342	gene	1467	guaB			
ANT_2_03342	CDS	1467	guaB	1.1.1.205	COG0516	Inosine-5'-monophosphate dehydrogenase
ANT_2_03343	gene	1374	xseA			
ANT_2_03343	CDS	1374	xseA	3.1.11.6	COG1570	Exodeoxyribonuclease 7 large subunit
ANT_2_03344	gene	1014	prtS			
ANT_2_03344	CDS	1014	prtS	3.4.24.-		Protease PrtS
ANT_2_03345	gene	333				
ANT_2_03345	CDS	333				hypothetical protein
ANT_2_03346	gene	2442	quiA			
ANT_2_03346	CDS	2442	quiA	1.1.5.8	COG4993	Quinate/shikimate dehydrogenase (quinone)
ANT_2_03347	gene	222	yfgJ			
ANT_2_03347	CDS	222	yfgJ			putative protein YfgJ
ANT_2_03348	gene	1491	der			
ANT_2_03348	CDS	1491	der		COG1160	GTPase Der
ANT_2_03349	gene	1182	bamB			
ANT_2_03349	CDS	1182	bamB		COG1520	Outer membrane protein assembly factor BamB
ANT_2_03350	gene	618				
ANT_2_03350	CDS	618				hypothetical protein
ANT_2_03351	gene	1275	hisS			
ANT_2_03351	CDS	1275	hisS	6.1.1.21	COG0124	Histidine--tRNA ligase
ANT_2_03352	gene	1122	ispG			
ANT_2_03352	CDS	1122	ispG	1.17.7.3	COG0821	4-hydroxy-3-methylbut-2-en-1-yl diphosphate synthase (flavodoxin)
ANT_2_03353	gene	1020	rodZ			
ANT_2_03353	CDS	1020	rodZ		COG1426	Cytoskeleton protein RodZ
ANT_2_03354	gene	735				
ANT_2_03354	CDS	735				hypothetical protein
ANT_2_03355	gene	1170	rlmN			
ANT_2_03355	CDS	1170	rlmN	2.1.1.192	COG0820	Dual-specificity RNA methyltransferase RlmN
ANT_2_03356	gene	432	ndk			
ANT_2_03356	CDS	432	ndk	2.7.4.6	COG0105	Nucleoside diphosphate kinase
ANT_2_03357	gene	2337	pbpC			
ANT_2_03357	CDS	2337	pbpC		COG4953	Penicillin-binding protein 1C
ANT_2_03358	gene	4953	yfhM			
ANT_2_03358	CDS	4953	yfhM		COG2373	Alpha-2-macroglobulin
ANT_2_03359	gene	843	sseA			
ANT_2_03359	CDS	843	sseA	2.8.1.2	COG2897	3-mercaptopyruvate sulfurtransferase
ANT_2_03360	gene	765				
ANT_2_03360	CDS	765				hypothetical protein
ANT_2_03361	gene	1287	pepB			
ANT_2_03361	CDS	1287	pepB	3.4.11.23	COG0260	Peptidase B
ANT_2_03362	gene	1161	iscS			
ANT_2_03362	CDS	1161	iscS	2.8.1.7	COG1104	Cysteine desulfurase IscS
ANT_2_03363	gene	498	iscR			
ANT_2_03363	CDS	498	iscR		COG1959	HTH-type transcriptional regulator IscR
ANT_2_03364	gene	753	trmJ			
ANT_2_03364	CDS	753	trmJ	2.1.1.200	COG0565	tRNA (cytidine/uridine-2'-O-)-methyltransferase TrmJ
ANT_2_03365	gene	804	suhB_5			
ANT_2_03365	CDS	804	suhB_5	3.1.3.25	COG0483	Inositol-1-monophosphatase
ANT_2_03366	gene	1014				
ANT_2_03366	CDS	1014				hypothetical protein
ANT_2_03367	gene	981				
ANT_2_03367	CDS	981				hypothetical protein
ANT_2_03368	gene	627				
ANT_2_03368	CDS	627				hypothetical protein
ANT_2_03369	gene	1269				
ANT_2_03369	CDS	1269				hypothetical protein
ANT_2_03370	gene	1149	hcaT			
ANT_2_03370	CDS	1149	hcaT			putative 3-phenylpropionic acid transporter
ANT_2_03371	gene	1254	glyA			
ANT_2_03371	CDS	1254	glyA	2.1.2.1	COG0112	Serine hydroxymethyltransferase
ANT_2_03372	gene	1185	hmp			
ANT_2_03372	CDS	1185	hmp	1.14.12.17	COG1017	Flavohemoprotein
ANT_2_03373	gene	339	glnB			
ANT_2_03373	CDS	339	glnB		COG0347	Nitrogen regulatory protein P-II
ANT_2_03374	gene	1335	qseF			
ANT_2_03374	CDS	1335	qseF		COG2204	Transcriptional regulatory protein QseF
ANT_2_03375	gene	669	qseG			
ANT_2_03375	CDS	669	qseG			Quorum-sensing regulator protein G
ANT_2_03376	gene	1428	glrK			
ANT_2_03376	CDS	1428	glrK	2.7.13.3		Sensor histidine kinase GlrK
ANT_2_03377	gene	4071	purL			
ANT_2_03377	CDS	4071	purL	6.3.5.3	COG0046	Phosphoribosylformylglycinamidine synthase
ANT_2_03378	gene	1458	mltF			
ANT_2_03378	CDS	1458	mltF	4.2.2.-	COG4623	Membrane-bound lytic murein transglycosylase F
ANT_2_03379	gene	468	tadA			
ANT_2_03379	CDS	468	tadA	3.5.4.33	COG0590	tRNA-specific adenosine deaminase
ANT_2_03380	gene	639	pgpC			
ANT_2_03380	CDS	639	pgpC	3.1.3.27	COG0560	Phosphatidylglycerophosphatase C
ANT_2_03381	gene	840	murR			
ANT_2_03381	CDS	840	murR		COG1737	HTH-type transcriptional regulator MurR
ANT_2_03382	gene	249	yfhL			
ANT_2_03382	CDS	249	yfhL		COG1145	Ferredoxin YfhL
ANT_2_03383	gene	381	acpS			
ANT_2_03383	CDS	381	acpS	2.7.8.7	COG0736	Holo-[acyl-carrier-protein] synthase
ANT_2_03384	gene	732	pdxJ			
ANT_2_03384	CDS	732	pdxJ	2.6.99.2	COG0854	Pyridoxine 5'-phosphate synthase
ANT_2_03385	gene	729	recO			
ANT_2_03385	CDS	729	recO		COG1381	DNA repair protein RecO
ANT_2_03386	gene	906	era			
ANT_2_03386	CDS	906	era		COG1159	GTPase Era
ANT_2_03387	gene	681	rnc			
ANT_2_03387	CDS	681	rnc	3.1.26.3	COG0571	Ribonuclease 3
ANT_2_03388	gene	975	lepB			
ANT_2_03388	CDS	975	lepB	3.4.21.89	COG0681	Signal peptidase I
ANT_2_03389	gene	1800	lepA			
ANT_2_03389	CDS	1800	lepA	3.6.5.-	COG0481	Elongation factor 4
ANT_2_03390	gene	465	rseC			
ANT_2_03390	CDS	465	rseC		COG3086	Protein RseC
ANT_2_03391	gene	957	rseB			
ANT_2_03391	CDS	957	rseB		COG3026	Sigma-E factor regulatory protein RseB
ANT_2_03392	gene	654	rseA			
ANT_2_03392	CDS	654	rseA			Anti-sigma-E factor RseA
ANT_2_03393	gene	576	rpoE			
ANT_2_03393	CDS	576	rpoE			ECF RNA polymerase sigma-E factor
ANT_2_03394	gene	1623	nadB			
ANT_2_03394	CDS	1623	nadB	1.4.3.16	COG0029	L-aspartate oxidase
ANT_2_03395	gene	750	yfiC			
ANT_2_03395	CDS	750	yfiC	2.1.1.223	COG4123	tRNA1(Val) (adenine(37)-N6)-methyltransferase
ANT_2_03396	gene	1329	srmB_2			
ANT_2_03396	CDS	1329	srmB_2	3.6.4.13	COG0513	ATP-dependent RNA helicase SrmB
ANT_2_03397	gene	387	grcA			
ANT_2_03397	CDS	387	grcA		COG3445	Autonomous glycyl radical cofactor
ANT_2_03398	gene	681	ung			
ANT_2_03398	CDS	681	ung	3.2.2.27	COG0692	Uracil-DNA glycosylase
ANT_2_03399	gene	582	grpE			
ANT_2_03399	CDS	582	grpE		COG0576	Protein GrpE
ANT_2_03400	gene	879	nadK			
ANT_2_03400	CDS	879	nadK	2.7.1.23	COG0061	NAD kinase
ANT_2_03401	gene	1662	recN			
ANT_2_03401	CDS	1662	recN		COG0497	DNA repair protein RecN
ANT_2_03402	gene	348	bamE			
ANT_2_03402	CDS	348	bamE		COG2913	Outer membrane protein assembly factor BamE
ANT_2_03403	gene	294	pasI			
ANT_2_03403	CDS	294	pasI		COG2914	Persistence and stress-resistance antitoxin PasI
ANT_2_03404	gene	435	pasT			
ANT_2_03404	CDS	435	pasT		COG2867	Persistence and stress-resistance toxin PasT
ANT_2_03405	gene	483	smpB			
ANT_2_03405	CDS	483	smpB		COG0691	SsrA-binding protein
ANT_2_03406	gene	362	ssrA			
ANT_2_03406	tmRNA	362	ssrA			transfer-messenger RNA, SsrA
ANT_2_03407	gene	219	intA_3			
ANT_2_03407	CDS	219	intA_3		COG0582	Prophage integrase IntA
ANT_2_03408	gene	327				
ANT_2_03408	CDS	327				hypothetical protein
ANT_2_03409	gene	273				
ANT_2_03409	CDS	273				hypothetical protein
ANT_2_03410	gene	249				
ANT_2_03410	CDS	249				hypothetical protein
ANT_2_03411	gene	684				
ANT_2_03411	CDS	684				hypothetical protein
ANT_2_03412	gene	306				
ANT_2_03412	CDS	306				hypothetical protein
ANT_2_03413	gene	387				
ANT_2_03413	CDS	387				hypothetical protein
ANT_2_03414	gene	465				
ANT_2_03414	CDS	465				hypothetical protein
ANT_2_03415	gene	222				
ANT_2_03415	CDS	222				hypothetical protein
ANT_2_03416	gene	645				
ANT_2_03416	CDS	645				hypothetical protein
ANT_2_03417	gene	306				
ANT_2_03417	CDS	306				hypothetical protein
ANT_2_03418	gene	1275	oxlT			
ANT_2_03418	CDS	1275	oxlT			Oxalate:formate antiporter
ANT_2_03419	gene	1974	cirA			
ANT_2_03419	CDS	1974	cirA		COG4771	Colicin I receptor
ANT_2_03420	gene	1152				
ANT_2_03420	CDS	1152			COG0614	putative protein
ANT_2_03421	gene	831	ydjF			
ANT_2_03421	CDS	831	ydjF		COG1349	putative HTH-type transcriptional regulator YdjF
ANT_2_03422	gene	984	lsrB			
ANT_2_03422	CDS	984	lsrB			Autoinducer 2-binding protein LsrB
ANT_2_03423	gene	1506	xylG			
ANT_2_03423	CDS	1506	xylG	7.5.2.10	COG1129	Xylose import ATP-binding protein XylG
ANT_2_03424	gene	990	rbsC_8			
ANT_2_03424	CDS	990	rbsC_8		COG1172	Ribose import permease protein RbsC
ANT_2_03425	gene	1053	alsC			
ANT_2_03425	CDS	1053	alsC		COG1172	D-allose transport system permease protein AlsC
ANT_2_03426	gene	693	alsE			
ANT_2_03426	CDS	693	alsE	5.1.3.-	COG0036	D-allulose-6-phosphate 3-epimerase
ANT_2_03427	gene	897	alsK			
ANT_2_03427	CDS	897	alsK	2.7.1.55	COG1940	D-allose kinase
ANT_2_03428	gene	963	rbsK_5			
ANT_2_03428	CDS	963	rbsK_5	2.7.1.15	COG0524	Ribokinase
ANT_2_03429	gene	246				
ANT_2_03429	CDS	246				hypothetical protein
ANT_2_03430	gene	489				
ANT_2_03430	CDS	489				hypothetical protein
ANT_2_03431	gene	855				
ANT_2_03431	CDS	855				hypothetical protein
ANT_2_03432	gene	132				
ANT_2_03432	CDS	132				hypothetical protein
ANT_2_03433	gene	2703	mgtB			
ANT_2_03433	CDS	2703	mgtB	7.2.2.14	COG0474	Magnesium-transporting ATPase, P-type 1
ANT_2_03434	gene	1569	ddpA_3			
ANT_2_03434	CDS	1569	ddpA_3		COG0747	putative D,D-dipeptide-binding periplasmic protein DdpA
ANT_2_03435	gene	1053	dppB_2			
ANT_2_03435	CDS	1053	dppB_2		COG0601	Dipeptide transport system permease protein DppB
ANT_2_03436	gene	858	ddpC_2			
ANT_2_03436	CDS	858	ddpC_2		COG1173	putative D,D-dipeptide transport system permease protein DdpC
ANT_2_03437	gene	831	dppD_2			
ANT_2_03437	CDS	831	dppD_2		COG0444	Dipeptide transport ATP-binding protein DppD
ANT_2_03438	gene	678	ddpF			
ANT_2_03438	CDS	678	ddpF		COG1124	putative D,D-dipeptide transport ATP-binding protein DdpF
ANT_2_03439	gene	546	speG			
ANT_2_03439	CDS	546	speG	2.3.1.57	COG1670	Spermidine N(1)-acetyltransferase
ANT_2_03440	gene	420				
ANT_2_03440	CDS	420				hypothetical protein
ANT_2_03441	gene	936	mmuM			
ANT_2_03441	CDS	936	mmuM	2.1.1.10	COG2040	Homocysteine S-methyltransferase
ANT_2_03442	gene	1410	rocC			
ANT_2_03442	CDS	1410	rocC		COG0833	Amino-acid permease RocC
ANT_2_03443	gene	336				
ANT_2_03443	CDS	336				hypothetical protein
ANT_2_03444	gene	318	ygaM			
ANT_2_03444	CDS	318	ygaM		COG4575	putative protein YgaM
ANT_2_03445	gene	243	nrdH			
ANT_2_03445	CDS	243	nrdH		COG0695	Glutaredoxin-like protein NrdH
ANT_2_03446	gene	414	nrdI			
ANT_2_03446	CDS	414	nrdI		COG1780	Protein NrdI
ANT_2_03447	gene	2139	nrdE			
ANT_2_03447	CDS	2139	nrdE	1.17.4.1	COG0209	Ribonucleoside-diphosphate reductase 2 subunit alpha
ANT_2_03448	gene	981	nrdF			
ANT_2_03448	CDS	981	nrdF	1.17.4.1	COG0208	Ribonucleoside-diphosphate reductase 2 subunit beta
ANT_2_03449	gene	1197				
ANT_2_03449	CDS	1197				putative transporter
ANT_2_03450	gene	531	mprA			
ANT_2_03450	CDS	531	mprA		COG1846	Transcriptional repressor MprA
ANT_2_03451	gene	1173	emrA_2			
ANT_2_03451	CDS	1173	emrA_2		COG1566	Multidrug export protein EmrA
ANT_2_03452	gene	1536	emrB			
ANT_2_03452	CDS	1536	emrB			Multidrug export protein EmrB
ANT_2_03453	gene	1185	yfiF			
ANT_2_03453	CDS	1185	yfiF	2.1.1.-	COG0566	putative tRNA/rRNA methyltransferase YfiF
ANT_2_03454	gene	420	trxC			
ANT_2_03454	CDS	420	trxC	1.8.1.8	COG0526	Thioredoxin 2
ANT_2_03455	gene	678				
ANT_2_03455	CDS	678				hypothetical protein
ANT_2_03456	gene	2676	pat			
ANT_2_03456	CDS	2676	pat	2.3.1.-	COG0454	Peptidyl-lysine N-acetyltransferase Pat
ANT_2_03457	gene	1356	pssA			
ANT_2_03457	CDS	1356	pssA	2.7.8.8	COG1502	CDP-diacylglycerol--serine O-phosphatidyltransferase
ANT_2_03458	gene	168				
ANT_2_03458	CDS	168				hypothetical protein
ANT_2_03459	gene	1290	kgtP_2			
ANT_2_03459	CDS	1290	kgtP_2			Alpha-ketoglutarate permease
ANT_2_03460	gene	156				
ANT_2_03460	CDS	156				hypothetical protein
ANT_2_03461	gene	198				
ANT_2_03461	CDS	198				hypothetical protein
ANT_2_03462	gene	264				
ANT_2_03462	CDS	264				hypothetical protein
ANT_2_03463	gene	108				
ANT_2_03463	CDS	108				hypothetical protein
	repeat_region	451				
ANT_2_03464	gene	77				
ANT_2_03464	tRNA	77				tRNA-Met(cat)
ANT_2_03465	gene	1245	amiC_2			
ANT_2_03465	CDS	1245	amiC_2	3.5.1.28	COG0860	N-acetylmuramoyl-L-alanine amidase AmiC
ANT_2_03466	gene	1329	argA			
ANT_2_03466	CDS	1329	argA	2.3.1.1	COG0548	Amino-acid acetyltransferase
ANT_2_03467	gene	1842	recD			
ANT_2_03467	CDS	1842	recD	3.1.11.5	COG0507	RecBCD enzyme subunit RecD
ANT_2_03468	gene	3540	recB			
ANT_2_03468	CDS	3540	recB	3.1.11.5	COG1074	RecBCD enzyme subunit RecB
ANT_2_03469	gene	2892	ptrA			
ANT_2_03469	CDS	2892	ptrA	3.4.24.55	COG1025	Protease 3
ANT_2_03470	gene	3378	recC			
ANT_2_03470	CDS	3378	recC	3.1.11.5	COG1330	RecBCD enzyme subunit RecC
ANT_2_03471	gene	336				
ANT_2_03471	CDS	336				hypothetical protein
ANT_2_03472	gene	381				
ANT_2_03472	CDS	381				hypothetical protein
ANT_2_03473	gene	534				
ANT_2_03473	CDS	534				hypothetical protein
ANT_2_03474	gene	471				
ANT_2_03474	CDS	471				hypothetical protein
ANT_2_03475	gene	795	thyA_2			
ANT_2_03475	CDS	795	thyA_2	2.1.1.45	COG0207	Thymidylate synthase
ANT_2_03476	gene	882	lgt			
ANT_2_03476	CDS	882	lgt	2.5.1.145	COG0682	Phosphatidylglycerol--prolipoprotein diacylglyceryl transferase
ANT_2_03477	gene	2247	ptsP			
ANT_2_03477	CDS	2247	ptsP	2.7.3.9	COG3605	Phosphoenolpyruvate-dependent phosphotransferase system
ANT_2_03478	gene	528	rppH			
ANT_2_03478	CDS	528	rppH	3.6.1.-	COG0494	RNA pyrophosphohydrolase
ANT_2_03479	gene	678	mutH			
ANT_2_03479	CDS	678	mutH		COG3066	DNA mismatch repair protein MutH
ANT_2_03480	gene	711				
ANT_2_03480	CDS	711				hypothetical protein
ANT_2_03481	gene	219	ygdR_3			
ANT_2_03481	CDS	219	ygdR_3			putative lipoprotein YgdR
ANT_2_03482	gene	1041	tas			
ANT_2_03482	CDS	1041	tas		COG0667	Protein tas
ANT_2_03483	gene	450				
ANT_2_03483	CDS	450				hypothetical protein
ANT_2_03484	gene	1257	lysA			
ANT_2_03484	CDS	1257	lysA	4.1.1.20		Diaminopimelate decarboxylase
ANT_2_03485	gene	876	occR			
ANT_2_03485	CDS	876	occR			Octopine catabolism/uptake operon regulatory protein OccR
ANT_2_03486	gene	1164	ydhP_2			
ANT_2_03486	CDS	1164	ydhP_2		COG2814	Inner membrane transport protein YdhP
ANT_2_03487	gene	627				
ANT_2_03487	CDS	627				hypothetical protein
ANT_2_03488	gene	1521	lysS			
ANT_2_03488	CDS	1521	lysS	6.1.1.6	COG1190	Lysine--tRNA ligase
ANT_2_03489	gene	1056	prfB			
ANT_2_03489	CDS	1056	prfB		COG1186	Peptide chain release factor RF2
ANT_2_03490	gene	1737	recJ			
ANT_2_03490	CDS	1737	recJ	3.1.-.-	COG0608	Single-stranded-DNA-specific exonuclease RecJ
ANT_2_03491	gene	714	dsbC			
ANT_2_03491	CDS	714	dsbC		COG1651	Thiol:disulfide interchange protein DsbC
ANT_2_03492	gene	894	xerD			
ANT_2_03492	CDS	894	xerD		COG4974	Tyrosine recombinase XerD
ANT_2_03493	gene	519	fldB			
ANT_2_03493	CDS	519	fldB		COG0716	Flavodoxin 2
ANT_2_03494	gene	411				
ANT_2_03494	CDS	411				hypothetical protein
ANT_2_03495	gene	267	sdhE			
ANT_2_03495	CDS	267	sdhE		COG2938	FAD assembly factor SdhE
ANT_2_03496	gene	987	ygfZ			
ANT_2_03496	CDS	987	ygfZ		COG0354	tRNA-modifying protein YgfZ
ANT_2_03497	gene	666				
ANT_2_03497	CDS	666				hypothetical protein
ANT_2_03498	gene	720	glvR			
ANT_2_03498	CDS	720	glvR		COG1737	HTH-type transcriptional regulator GlvR
ANT_2_03499	gene	1440	bglA			
ANT_2_03499	CDS	1440	bglA	3.2.1.86	COG2723	6-phospho-beta-glucosidase BglA
ANT_2_03500	gene	744	ygfF			
ANT_2_03500	CDS	744	ygfF	1.-.-.-		putative oxidoreductase YgfF
ANT_2_03501	gene	2874	gcvP			
ANT_2_03501	CDS	2874	gcvP	1.4.4.2	COG0403	Glycine dehydrogenase (decarboxylating)
ANT_2_03502	gene	387	gcvH			
ANT_2_03502	CDS	387	gcvH		COG0509	Glycine cleavage system H protein
ANT_2_03503	gene	1098	gcvT			
ANT_2_03503	CDS	1098	gcvT	2.1.2.10	COG0404	Aminomethyltransferase
ANT_2_03504	gene	1203	ubiI			
ANT_2_03504	CDS	1203	ubiI	1.14.13.240	COG0654	2-octaprenylphenol hydroxylase
ANT_2_03505	gene	1152	ubiH			
ANT_2_03505	CDS	1152	ubiH	1.14.13.-	COG0654	2-octaprenyl-6-methoxyphenol hydroxylase
ANT_2_03506	gene	1323	pepP			
ANT_2_03506	CDS	1323	pepP	3.4.11.9	COG0006	Xaa-Pro aminopeptidase
ANT_2_03507	gene	579				
ANT_2_03507	CDS	579				hypothetical protein
ANT_2_03508	gene	330	zapA			
ANT_2_03508	CDS	330	zapA		COG3027	Cell division protein ZapA
ANT_2_03509	gene	609	ygfA			
ANT_2_03509	CDS	609	ygfA	6.3.3.2	COG0212	5-formyltetrahydrofolate cyclo-ligase
ANT_2_03510	gene	1239	serA			
ANT_2_03510	CDS	1239	serA	1.1.1.95	COG0111	D-3-phosphoglycerate dehydrogenase
ANT_2_03511	gene	660	rpiA			
ANT_2_03511	CDS	660	rpiA	5.3.1.6	COG0120	Ribose-5-phosphate isomerase A
ANT_2_03512	gene	906	argP_3			
ANT_2_03512	CDS	906	argP_3		COG0583	HTH-type transcriptional regulator ArgP
ANT_2_03513	gene	726				
ANT_2_03513	CDS	726			COG2968	26 kDa periplasmic immunogenic protein
ANT_2_03514	gene	624	argO			
ANT_2_03514	CDS	624	argO		COG1279	Arginine exporter protein ArgO
ANT_2_03515	gene	882	mscS			
ANT_2_03515	CDS	882	mscS		COG0668	Small-conductance mechanosensitive channel
ANT_2_03516	gene	1080	fbaA_2			
ANT_2_03516	CDS	1080	fbaA_2	4.1.2.13	COG0191	Fructose-bisphosphate aldolase class 2
ANT_2_03517	gene	1164	pgk			
ANT_2_03517	CDS	1164	pgk	2.7.2.3	COG0126	Phosphoglycerate kinase
ANT_2_03518	gene	1020	epd			
ANT_2_03518	CDS	1020	epd	1.2.1.72	COG0057	D-erythrose-4-phosphate dehydrogenase
ANT_2_03519	gene	1995	tktA			
ANT_2_03519	CDS	1995	tktA	2.2.1.1	COG0021	Transketolase 1
ANT_2_03520	gene	759	loiP			
ANT_2_03520	CDS	759	loiP	3.4.24.-	COG0501	Metalloprotease LoiP
ANT_2_03521	gene	411				
ANT_2_03521	CDS	411				hypothetical protein
ANT_2_03522	gene	921	speB			
ANT_2_03522	CDS	921	speB	3.5.3.11	COG0010	Agmatinase
ANT_2_03523	gene	1977	speA			
ANT_2_03523	CDS	1977	speA	4.1.1.19	COG1166	Biosynthetic arginine decarboxylase
ANT_2_03524	gene	1152	metK			
ANT_2_03524	CDS	1152	metK	2.5.1.6	COG0192	S-adenosylmethionine synthase
ANT_2_03525	gene	1398	galP_2			
ANT_2_03525	CDS	1398	galP_2			Galactose-proton symporter
ANT_2_03526	gene	1269				
ANT_2_03526	CDS	1269				hypothetical protein
ANT_2_03527	gene	1149	rfaB			
ANT_2_03527	CDS	1149	rfaB	2.4.1.-	COG0438	Lipopolysaccharide 1,6-galactosyltransferase
ANT_2_03528	gene	159				
ANT_2_03528	CDS	159				hypothetical protein
ANT_2_03529	gene	471	sprT			
ANT_2_03529	CDS	471	sprT			Protein SprT
ANT_2_03530	gene	705	nucM			
ANT_2_03530	CDS	705	nucM	3.1.21.-	COG2356	Nuclease NucM
ANT_2_03531	gene	732	rsmE			
ANT_2_03531	CDS	732	rsmE	2.1.1.193	COG1385	Ribosomal RNA small subunit methyltransferase E
ANT_2_03532	gene	945	gshB			
ANT_2_03532	CDS	945	gshB	6.3.2.3	COG0189	Glutathione synthetase
ANT_2_03533	gene	462				
ANT_2_03533	CDS	462				hypothetical protein
ANT_2_03534	gene	420	yqgF			
ANT_2_03534	CDS	420	yqgF	3.1.-.-	COG0816	Putative pre-16S rRNA nuclease
ANT_2_03535	gene	1008	yggR			
ANT_2_03535	CDS	1008	yggR		COG2805	putative protein YggR
ANT_2_03536	gene	708	yggS			
ANT_2_03536	CDS	708	yggS		COG0325	Pyridoxal phosphate homeostasis protein
ANT_2_03537	gene	555				
ANT_2_03537	CDS	555				hypothetical protein
ANT_2_03538	gene	594	rdgB			
ANT_2_03538	CDS	594	rdgB	3.6.1.66	COG0127	dITP/XTP pyrophosphatase
ANT_2_03539	gene	1140	hemW			
ANT_2_03539	CDS	1140	hemW		COG0635	Heme chaperone HemW
ANT_2_03540	gene	717				
ANT_2_03540	CDS	717				hypothetical protein
ANT_2_03541	gene	327				
ANT_2_03541	CDS	327			COG3171	putative protein
ANT_2_03542	gene	720	trmB			
ANT_2_03542	CDS	720	trmB	2.1.1.33	COG0220	tRNA (guanine-N(7)-)-methyltransferase
ANT_2_03543	gene	1137	mutY			
ANT_2_03543	CDS	1137	mutY	3.2.2.31	COG1194	Adenine DNA glycosylase
ANT_2_03544	gene	273	yggX			
ANT_2_03544	CDS	273	yggX		COG2924	putative Fe(2+)-trafficking protein
ANT_2_03545	gene	1080	mltC			
ANT_2_03545	CDS	1080	mltC	4.2.2.-	COG0741	Membrane-bound lytic murein transglycosylase C
ANT_2_03546	gene	2154	speC			
ANT_2_03546	CDS	2154	speC	4.1.1.17	COG1982	Constitutive ornithine decarboxylase
ANT_2_03547	gene	984	acuI			
ANT_2_03547	CDS	984	acuI	1.3.1.84	COG0604	Acrylyl-CoA reductase AcuI
ANT_2_03548	gene	489	pncC_3			
ANT_2_03548	CDS	489	pncC_3	3.5.1.42	COG1546	Nicotinamide-nucleotide amidohydrolase PncC
ANT_2_03549	gene	297				
ANT_2_03549	CDS	297				hypothetical protein
ANT_2_03550	gene	540	yqjI			
ANT_2_03550	CDS	540	yqjI		COG1695	Transcriptional regulator YqjI
ANT_2_03551	gene	783	yqjH			
ANT_2_03551	CDS	783	yqjH	1.16.1.9	COG2375	NADPH-dependent ferric-chelate reductase
ANT_2_03552	gene	195				
ANT_2_03552	CDS	195				hypothetical protein
ANT_2_03553	gene	870	rob_2			
ANT_2_03553	CDS	870	rob_2		COG2207	Right origin-binding protein
ANT_2_03554	gene	174				
ANT_2_03554	CDS	174				hypothetical protein
ANT_2_03555	gene	1005	appB			
ANT_2_03555	CDS	1005	appB	7.1.1.3	COG1294	Cytochrome bd-II ubiquinol oxidase subunit 2
ANT_2_03556	gene	1413				
ANT_2_03556	CDS	1413				hypothetical protein
ANT_2_03557	gene	381				
ANT_2_03557	CDS	381				hypothetical protein
ANT_2_03558	gene	858	qorB			
ANT_2_03558	CDS	858	qorB	1.6.5.2	COG0702	Quinone oxidoreductase 2
ANT_2_03559	gene	1560	treF			
ANT_2_03559	CDS	1560	treF	3.2.1.28	COG1626	Cytoplasmic trehalase
ANT_2_03560	gene	507	yciE			
ANT_2_03560	CDS	507	yciE		COG3685	Protein YciE
ANT_2_03561	gene	483	yciF			
ANT_2_03561	CDS	483	yciF		COG3685	Protein YciF
ANT_2_03562	gene	165				
ANT_2_03562	CDS	165				hypothetical protein
ANT_2_03563	gene	114				
ANT_2_03563	CDS	114				hypothetical protein
ANT_2_03564	gene	966				
ANT_2_03564	CDS	966				hypothetical protein
ANT_2_03565	gene	76				
ANT_2_03565	tRNA	76				tRNA-Phe(gaa)
ANT_2_03566	gene	1320	bdlA			
ANT_2_03566	CDS	1320	bdlA		COG0840	Biofilm dispersion protein BdlA
ANT_2_03567	gene	1872	mrdA_2			
ANT_2_03567	CDS	1872	mrdA_2	3.4.16.4	COG0768	Peptidoglycan D,D-transpeptidase MrdA
ANT_2_03568	gene	714	deoD			
ANT_2_03568	CDS	714	deoD	2.4.2.1		Purine nucleoside phosphorylase DeoD-type
ANT_2_03569	gene	1224	deoB			
ANT_2_03569	CDS	1224	deoB	5.4.2.7	COG1015	Phosphopentomutase
ANT_2_03570	gene	1329	deoA			
ANT_2_03570	CDS	1329	deoA	2.4.2.4	COG0213	Thymidine phosphorylase
ANT_2_03571	gene	780	deoC			
ANT_2_03571	CDS	780	deoC	4.1.2.4	COG0274	Deoxyribose-phosphate aldolase
ANT_2_03572	gene	798	yjjV			
ANT_2_03572	CDS	798	yjjV	3.1.-.-	COG0084	putative metal-dependent hydrolase YjjV
ANT_2_03573	gene	1053				
ANT_2_03573	CDS	1053				hypothetical protein
ANT_2_03574	gene	162				
ANT_2_03574	CDS	162				hypothetical protein
ANT_2_03575	gene	615	osmY_3			
ANT_2_03575	CDS	615	osmY_3		COG2823	Osmotically-inducible protein Y
ANT_2_03576	gene	1587	prfC			
ANT_2_03576	CDS	1587	prfC		COG4108	Peptide chain release factor RF3
ANT_2_03577	gene	1104	scmP_4			
ANT_2_03577	CDS	1104	scmP_4	3.5.1.-	COG1473	N-acetylcysteine deacetylase
ANT_2_03578	gene	474	yjiG			
ANT_2_03578	CDS	474	yjiG		COG0700	Inner membrane protein YjiG
ANT_2_03579	gene	669				
ANT_2_03579	CDS	669				hypothetical protein
ANT_2_03580	gene	507	ftnA			
ANT_2_03580	CDS	507	ftnA	1.16.3.2	COG1528	Bacterial non-heme ferritin
ANT_2_03581	gene	2364				
ANT_2_03581	CDS	2364				hypothetical protein
ANT_2_03582	gene	1311	exuT_3			
ANT_2_03582	CDS	1311	exuT_3			Hexuronate transporter
ANT_2_03583	gene	1065	cytR_5			
ANT_2_03583	CDS	1065	cytR_5		COG1609	HTH-type transcriptional repressor CytR
ANT_2_03584	gene	2850				
ANT_2_03584	CDS	2850				hypothetical protein
ANT_2_03585	gene	612				
ANT_2_03585	CDS	612				hypothetical protein
ANT_2_03586	gene	483	ylaC			
ANT_2_03586	CDS	483	ylaC			Inner membrane protein YlaC
ANT_2_03587	gene	1404	norG_3			
ANT_2_03587	CDS	1404	norG_3		COG1167	HTH-type transcriptional regulator NorG
ANT_2_03588	gene	2253				
ANT_2_03588	CDS	2253			COG2200	putative signaling protein
ANT_2_03589	gene	2091				
ANT_2_03589	CDS	2091			COG2200	putative signaling protein
ANT_2_03590	gene	570				
ANT_2_03590	CDS	570				hypothetical protein
ANT_2_03591	gene	492				
ANT_2_03591	CDS	492				hypothetical protein
ANT_2_03592	gene	699				
ANT_2_03592	CDS	699				hypothetical protein
ANT_2_03593	gene	2448				
ANT_2_03593	CDS	2448				hypothetical protein
ANT_2_03594	gene	978				
ANT_2_03594	CDS	978				hypothetical protein
ANT_2_03595	gene	1326	proP_6			
ANT_2_03595	CDS	1326	proP_6			Proline/betaine transporter
ANT_2_03596	gene	423	exbD			
ANT_2_03596	CDS	423	exbD		COG0848	Biopolymer transport protein ExbD
ANT_2_03597	gene	741	exbB			
ANT_2_03597	CDS	741	exbB		COG0811	Biopolymer transport protein ExbB
ANT_2_03598	gene	972	dctP			
ANT_2_03598	CDS	972	dctP		COG1638	Solute-binding protein
ANT_2_03599	gene	507				
ANT_2_03599	CDS	507				hypothetical protein
ANT_2_03600	gene	1287	dctM			
ANT_2_03600	CDS	1287	dctM		COG1593	C4-dicarboxylate TRAP transporter large permease protein DctM
ANT_2_03601	gene	1191	metC			
ANT_2_03601	CDS	1191	metC	4.4.1.13	COG0626	Cystathionine beta-lyase MetC
ANT_2_03602	gene	663	yghB			
ANT_2_03602	CDS	663	yghB		COG0586	Inner membrane protein YghB
ANT_2_03603	gene	909	rhaS_7			
ANT_2_03603	CDS	909	rhaS_7			HTH-type transcriptional activator RhaS
ANT_2_03604	gene	825	dkgA			
ANT_2_03604	CDS	825	dkgA	1.1.1.274	COG0656	2,5-diketo-D-gluconic acid reductase A
ANT_2_03605	gene	1431	ftsP			
ANT_2_03605	CDS	1431	ftsP		COG2132	Cell division protein FtsP
ANT_2_03606	gene	738	plsC			
ANT_2_03606	CDS	738	plsC	2.3.1.51	COG0204	1-acyl-sn-glycerol-3-phosphate acyltransferase
ANT_2_03607	gene	2274	parC			
ANT_2_03607	CDS	2274	parC	5.6.2.2	COG0188	DNA topoisomerase 4 subunit A
ANT_2_03608	gene	870	pheC			
ANT_2_03608	CDS	870	pheC			Cyclohexadienyl dehydratase
ANT_2_03609	gene	582	mdaB			
ANT_2_03609	CDS	582	mdaB	1.6.5.10	COG2249	NADPH:quinone oxidoreductase MdaB
ANT_2_03610	gene	309	ygiN			
ANT_2_03610	CDS	309	ygiN	1.-.-.-	COG1359	putative quinol monooxygenase YgiN
ANT_2_03611	gene	900	dmlR_11			
ANT_2_03611	CDS	900	dmlR_11			HTH-type transcriptional regulator DmlR
ANT_2_03612	gene	1896	parE			
ANT_2_03612	CDS	1896	parE	5.6.2.2	COG0187	DNA topoisomerase 4 subunit B
ANT_2_03613	gene	582				
ANT_2_03613	CDS	582				hypothetical protein
ANT_2_03614	gene	828	cpdA_1			
ANT_2_03614	CDS	828	cpdA_1	3.1.4.53	COG1409	3',5'-cyclic adenosine monophosphate phosphodiesterase CpdA
ANT_2_03615	gene	426				
ANT_2_03615	CDS	426				hypothetical protein
ANT_2_03616	gene	633	nudF			
ANT_2_03616	CDS	633	nudF	3.6.1.13		ADP-ribose pyrophosphatase
ANT_2_03617	gene	1467	tolC			
ANT_2_03617	CDS	1467	tolC			Outer membrane protein TolC
ANT_2_03618	gene	672				
ANT_2_03618	CDS	672				hypothetical protein
ANT_2_03619	gene	1161	ygiC			
ANT_2_03619	CDS	1161	ygiC	6.3.1.-	COG0754	Putative acid--amine ligase YgiC
ANT_2_03620	gene	786	ygiD			
ANT_2_03620	CDS	786	ygiD	1.13.11.29	COG3384	4,5-DOPA dioxygenase extradiol
ANT_2_03621	gene	657	ribB			
ANT_2_03621	CDS	657	ribB	4.1.99.12	COG0108	3,4-dihydroxy-2-butanone 4-phosphate synthase
ANT_2_03622	gene	390	ubiK			
ANT_2_03622	CDS	390	ubiK			Ubiquinone biosynthesis accessory factor UbiK
ANT_2_03623	gene	1425	hldE			
ANT_2_03623	CDS	1425	hldE		COG2870	Bifunctional protein HldE
ANT_2_03624	gene	2853	glnE			
ANT_2_03624	CDS	2853	glnE		COG1391	Bifunctional glutamine synthetase adenylyltransferase/adenylyl-removing enzyme
ANT_2_03625	gene	1311	ygiF			
ANT_2_03625	CDS	1311	ygiF	3.6.1.25	COG3025	Inorganic triphosphatase
ANT_2_03626	gene	621				
ANT_2_03626	CDS	621				hypothetical protein
ANT_2_03627	gene	1266	cca			
ANT_2_03627	CDS	1266	cca		COG0617	Multifunctional CCA protein
ANT_2_03628	gene	819	uppP			
ANT_2_03628	CDS	819	uppP	3.6.1.27	COG1968	Undecaprenyl-diphosphatase
ANT_2_03629	gene	360	folB			
ANT_2_03629	CDS	360	folB	4.1.2.25	COG1539	Dihydroneopterin aldolase
ANT_2_03630	gene	606	plsY			
ANT_2_03630	CDS	606	plsY	2.3.1.15	COG0344	putative glycerol-3-phosphate acyltransferase
ANT_2_03631	gene	1014	tsaD			
ANT_2_03631	CDS	1014	tsaD	2.3.1.234	COG0533	tRNA N6-adenosine threonylcarbamoyltransferase
ANT_2_03632	gene	216	rpsU			
ANT_2_03632	CDS	216	rpsU		COG0828	30S ribosomal protein S21
ANT_2_03633	gene	1746	dnaG			
ANT_2_03633	CDS	1746	dnaG	2.7.7.-	COG0358	DNA primase
ANT_2_03634	gene	1842	rpoD			
ANT_2_03634	CDS	1842	rpoD		COG0568	RNA polymerase sigma factor RpoD
ANT_2_03635	gene	519	mug			
ANT_2_03635	CDS	519	mug	3.2.2.28	COG3663	G/U mismatch-specific DNA glycosylase
ANT_2_03636	gene	585				
ANT_2_03636	CDS	585				hypothetical protein
ANT_2_03637	gene	639	kduD_2			
ANT_2_03637	CDS	639	kduD_2	1.1.1.127		2-dehydro-3-deoxy-D-gluconate 5-dehydrogenase
ANT_2_03638	gene	174				
ANT_2_03638	CDS	174				hypothetical protein
ANT_2_03639	gene	76				
ANT_2_03639	tRNA	76				tRNA-Met(cat)
ANT_2_03640	gene	816				
ANT_2_03640	CDS	816				hypothetical protein
ANT_2_03641	gene	219				
ANT_2_03641	CDS	219				hypothetical protein
ANT_2_03642	gene	1095				
ANT_2_03642	CDS	1095				hypothetical protein
ANT_2_03643	gene	711				
ANT_2_03643	CDS	711				hypothetical protein
ANT_2_03644	gene	942	thyA_3			
ANT_2_03644	CDS	942	thyA_3	2.1.1.45		Thymidylate synthase
ANT_2_03645	gene	939				
ANT_2_03645	CDS	939				hypothetical protein
ANT_2_03646	gene	1083				
ANT_2_03646	CDS	1083				hypothetical protein
ANT_2_03647	gene	213				
ANT_2_03647	CDS	213				hypothetical protein
ANT_2_03648	gene	1110				
ANT_2_03648	CDS	1110				hypothetical protein
ANT_2_03649	gene	891				
ANT_2_03649	CDS	891				hypothetical protein
ANT_2_03650	gene	1161	acrE_1			
ANT_2_03650	CDS	1161	acrE_1			Multidrug export protein AcrE
ANT_2_03651	gene	3096	acrB_2			
ANT_2_03651	CDS	3096	acrB_2		COG0841	Multidrug efflux pump subunit AcrB
ANT_2_03652	gene	696	srrA_1			
ANT_2_03652	CDS	696	srrA_1		COG0745	Transcriptional regulatory protein SrrA
ANT_2_03653	gene	1077	rcsC_4			
ANT_2_03653	CDS	1077	rcsC_4	2.7.13.3		Sensor histidine kinase RcsC
ANT_2_03654	gene	537				
ANT_2_03654	CDS	537				hypothetical protein
ANT_2_03655	gene	597	gst			
ANT_2_03655	CDS	597	gst	2.5.1.18	COG0625	Glutathione S-transferase GST-4.5
ANT_2_03656	gene	1479	dauA_1			
ANT_2_03656	CDS	1479	dauA_1		COG0659	C4-dicarboxylic acid transporter DauA
ANT_2_03657	gene	828				
ANT_2_03657	CDS	828				hypothetical protein
ANT_2_03658	gene	1209				
ANT_2_03658	CDS	1209				hypothetical protein
ANT_2_03659	gene	117				
ANT_2_03659	CDS	117				hypothetical protein
ANT_2_03660	gene	885	yddE			
ANT_2_03660	CDS	885	yddE	5.1.-.-	COG0384	putative isomerase YddE
ANT_2_03661	gene	693				
ANT_2_03661	CDS	693				hypothetical protein
ANT_2_03662	gene	1938				
ANT_2_03662	CDS	1938				hypothetical protein
ANT_2_03663	gene	744	cpdA_2			
ANT_2_03663	CDS	744	cpdA_2	3.1.4.53		3',5'-cyclic adenosine monophosphate phosphodiesterase CpdA
ANT_2_03664	gene	603	xerC_3			
ANT_2_03664	CDS	603	xerC_3			Tyrosine recombinase XerC
ANT_2_03665	gene	861	araB_2			
ANT_2_03665	CDS	861	araB_2	3.1.1.15		L-arabinolactonase
ANT_2_03666	gene	468				
ANT_2_03666	CDS	468				hypothetical protein
ANT_2_03667	gene	1398	triA			
ANT_2_03667	CDS	1398	triA	3.5.4.45		Melamine deaminase
ANT_2_03668	gene	900	pgrR_11			
ANT_2_03668	CDS	900	pgrR_11			HTH-type transcriptional regulator PgrR
ANT_2_03669	gene	1191	nimT_3			
ANT_2_03669	CDS	1191	nimT_3		COG2807	2-nitroimidazole transporter
ANT_2_03670	gene	795	nimR			
ANT_2_03670	CDS	795	nimR			HTH-type transcriptional regulator NimR
ANT_2_03671	gene	1305	intA_4			
ANT_2_03671	CDS	1305	intA_4		COG0582	Prophage integrase IntA
ANT_2_03672	gene	225				
ANT_2_03672	CDS	225				hypothetical protein
ANT_2_03673	gene	120				
ANT_2_03673	CDS	120				hypothetical protein
ANT_2_03674	gene	1098	ddlA			
ANT_2_03674	CDS	1098	ddlA	6.3.2.4	COG1181	D-alanine--D-alanine ligase A
ANT_2_03675	gene	1422				
ANT_2_03675	CDS	1422				hypothetical protein
ANT_2_03676	gene	1476	dauA_2			
ANT_2_03676	CDS	1476	dauA_2		COG0659	C4-dicarboxylic acid transporter DauA
ANT_2_03677	gene	636	can_2			
ANT_2_03677	CDS	636	can_2	4.2.1.1	COG0288	Carbonic anhydrase 2
ANT_2_03678	gene	810	hel			
ANT_2_03678	CDS	810	hel		COG2503	Lipoprotein E
ANT_2_03679	gene	708				
ANT_2_03679	CDS	708				hypothetical protein
ANT_2_03680	gene	2019	fadH			
ANT_2_03680	CDS	2019	fadH	1.3.1.34	COG0446	2,4-dienoyl-CoA reductase
ANT_2_03681	gene	1119	rlmG			
ANT_2_03681	CDS	1119	rlmG	2.1.1.174	COG2813	Ribosomal RNA large subunit methyltransferase G
ANT_2_03682	gene	504	ygjP			
ANT_2_03682	CDS	504	ygjP	3.6.1.-	COG1451	UTP pyrophosphatase
ANT_2_03683	gene	1689	clcB			
ANT_2_03683	CDS	1689	clcB			Voltage-gated ClC-type chloride channel ClcB
ANT_2_03684	gene	987	iolU_2			
ANT_2_03684	CDS	987	iolU_2	1.1.1.371	COG0673	scyllo-inositol 2-dehydrogenase (NADP(+)) IolU
ANT_2_03685	gene	969	alx			
ANT_2_03685	CDS	969	alx		COG0861	Putative membrane-bound redox modulator Alx
ANT_2_03686	gene	1233	sstT			
ANT_2_03686	CDS	1233	sstT		COG3633	Serine/threonine transporter SstT
ANT_2_03687	gene	1491	uxaA			
ANT_2_03687	CDS	1491	uxaA	4.2.1.7	COG2721	Altronate dehydratase
ANT_2_03688	gene	1449	uxaB			
ANT_2_03688	CDS	1449	uxaB	1.1.1.58	COG0246	Altronate oxidoreductase
ANT_2_03689	gene	1416	uxaC			
ANT_2_03689	CDS	1416	uxaC	5.3.1.12	COG1904	Uronate isomerase
ANT_2_03690	gene	1305	exuT_4			
ANT_2_03690	CDS	1305	exuT_4			Hexuronate transporter
ANT_2_03691	gene	777	lutR			
ANT_2_03691	CDS	777	lutR		COG2186	HTH-type transcriptional regulator LutR
ANT_2_03692	gene	675	yqjA			
ANT_2_03692	CDS	675	yqjA		COG0586	Inner membrane protein YqjA
ANT_2_03693	gene	348	mzrA			
ANT_2_03693	CDS	348	mzrA			Modulator protein MzrA
ANT_2_03694	gene	393	yqjC_2			
ANT_2_03694	CDS	393	yqjC_2			Protein YqjC
ANT_2_03695	gene	306	yqjD			
ANT_2_03695	CDS	306	yqjD		COG4575	putative protein YqjD
ANT_2_03696	gene	396	yqjE			
ANT_2_03696	CDS	396	yqjE		COG5393	Inner membrane protein YqjE
ANT_2_03697	gene	285				
ANT_2_03697	CDS	285				hypothetical protein
ANT_2_03698	gene	411	yqjF			
ANT_2_03698	CDS	411	yqjF		COG2259	Inner membrane protein YqjF
ANT_2_03699	gene	975	yqjG			
ANT_2_03699	CDS	975	yqjG	1.8.5.7	COG0435	Glutathionyl-hydroquinone reductase YqjG
ANT_2_03700	gene	267				
ANT_2_03700	CDS	267				hypothetical protein
ANT_2_03701	gene	381				
ANT_2_03701	CDS	381				hypothetical protein
ANT_2_03702	gene	195				
ANT_2_03702	CDS	195				hypothetical protein
ANT_2_03703	gene	1644	flgK			
ANT_2_03703	CDS	1644	flgK		COG1256	Flagellar hook-associated protein 1
ANT_2_03704	gene	966	flgL			
ANT_2_03704	CDS	966	flgL		COG1344	Flagellar hook-associated protein 3
ANT_2_03705	gene	1206				
ANT_2_03705	CDS	1206				hypothetical protein
ANT_2_03706	gene	1299	fliC			
ANT_2_03706	CDS	1299	fliC		COG1344	Flagellin
ANT_2_03707	gene	1404	fliD_2			
ANT_2_03707	CDS	1404	fliD_2		COG1345	Flagellar hook-associated protein 2
ANT_2_03708	gene	399	fliS_2			
ANT_2_03708	CDS	399	fliS_2		COG1516	Flagellar secretion chaperone FliS
ANT_2_03709	gene	246				
ANT_2_03709	CDS	246				hypothetical protein
ANT_2_03710	gene	120				
ANT_2_03710	CDS	120				hypothetical protein
ANT_2_03711	gene	159				
ANT_2_03711	CDS	159				hypothetical protein
ANT_2_03712	gene	480				
ANT_2_03712	CDS	480				hypothetical protein
ANT_2_03713	gene	222				
ANT_2_03713	CDS	222				hypothetical protein
ANT_2_03714	gene	102				
ANT_2_03714	CDS	102				hypothetical protein
ANT_2_03715	gene	150				
ANT_2_03715	CDS	150				hypothetical protein
ANT_2_03716	gene	123				
ANT_2_03716	CDS	123				hypothetical protein
ANT_2_03717	gene	204				
ANT_2_03717	CDS	204				hypothetical protein
ANT_2_03718	gene	393				
ANT_2_03718	CDS	393				hypothetical protein
ANT_2_03719	gene	222				
ANT_2_03719	CDS	222				hypothetical protein
ANT_2_03720	gene	1452	ceaC			
ANT_2_03720	CDS	1452	ceaC	3.1.-.-		Colicin-E3
ANT_2_03721	gene	255	cim			
ANT_2_03721	CDS	255	cim			Cloacin immunity protein
ANT_2_03722	gene	234				
ANT_2_03722	CDS	234				hypothetical protein
ANT_2_03723	gene	639	purN			
ANT_2_03723	CDS	639	purN	2.1.2.2	COG0299	Phosphoribosylglycinamide formyltransferase
ANT_2_03724	gene	1041	purM			
ANT_2_03724	CDS	1041	purM	6.3.3.1	COG0150	Phosphoribosylformylglycinamidine cyclo-ligase
ANT_2_03725	gene	627	upp			
ANT_2_03725	CDS	627	upp	2.4.2.9	COG0035	Uracil phosphoribosyltransferase
ANT_2_03726	gene	1287	uraA			
ANT_2_03726	CDS	1287	uraA		COG2233	Uracil permease
ANT_2_03727	gene	708	hda			
ANT_2_03727	CDS	708	hda		COG0593	DnaA regulatory inactivator Hda
ANT_2_03728	gene	342	yfgD			
ANT_2_03728	CDS	342	yfgD		COG1393	putative protein YfgD
ANT_2_03729	gene	1464	bepA			
ANT_2_03729	CDS	1464	bepA	3.4.-.-	COG4783	Beta-barrel assembly-enhancing protease
ANT_2_03730	gene	153				
ANT_2_03730	CDS	153				hypothetical protein
ANT_2_03731	gene	606				
ANT_2_03731	CDS	606				hypothetical protein
ANT_2_03732	gene	609				
ANT_2_03732	CDS	609				hypothetical protein
ANT_2_03733	gene	1023	ccpA_2			
ANT_2_03733	CDS	1023	ccpA_2		COG1609	Catabolite control protein A
ANT_2_03734	gene	1023				
ANT_2_03734	CDS	1023			COG1840	putative protein
ANT_2_03735	gene	876				
ANT_2_03735	CDS	876				hypothetical protein
ANT_2_03736	gene	816				
ANT_2_03736	CDS	816				hypothetical protein
ANT_2_03737	gene	984	btuD_9			
ANT_2_03737	CDS	984	btuD_9	7.6.2.8		Vitamin B12 import ATP-binding protein BtuD
ANT_2_03738	gene	831	cpdA_3			
ANT_2_03738	CDS	831	cpdA_3	3.1.4.53		3',5'-cyclic adenosine monophosphate phosphodiesterase CpdA
ANT_2_03739	gene	1566				
ANT_2_03739	CDS	1566				hypothetical protein
ANT_2_03740	gene	468	bcp			
ANT_2_03740	CDS	468	bcp	1.11.1.15	COG1225	Peroxiredoxin Bcp
ANT_2_03741	gene	582	gcvR			
ANT_2_03741	CDS	582	gcvR		COG2716	Glycine cleavage system transcriptional repressor
ANT_2_03742	gene	879	dapA_2			
ANT_2_03742	CDS	879	dapA_2	4.3.3.7	COG0329	4-hydroxy-tetrahydrodipicolinate synthase
ANT_2_03743	gene	1032	bamC			
ANT_2_03743	CDS	1032	bamC		COG3317	Outer membrane protein assembly factor BamC
ANT_2_03744	gene	714	purC			
ANT_2_03744	CDS	714	purC	6.3.2.6	COG0152	Phosphoribosylaminoimidazole-succinocarboxamide synthase
ANT_2_03745	gene	867				
ANT_2_03745	CDS	867			COG2321	putative protein
ANT_2_03746	gene	1974	tmcA			
ANT_2_03746	CDS	1974	tmcA	2.3.1.193	COG1444	tRNA(Met) cytidine acetyltransferase TmcA
ANT_2_03747	gene	681				
ANT_2_03747	CDS	681				hypothetical protein
ANT_2_03748	gene	189				
ANT_2_03748	CDS	189				hypothetical protein
ANT_2_03749	gene	1128	dapE_3			
ANT_2_03749	CDS	1128	dapE_3	3.5.1.18	COG0624	Succinyl-diaminopimelate desuccinylase
ANT_2_03750	gene	369	yffB			
ANT_2_03750	CDS	369	yffB		COG1393	Protein YffB
ANT_2_03751	gene	3117	acrB_3			
ANT_2_03751	CDS	3117	acrB_3		COG0841	Multidrug efflux pump subunit AcrB
ANT_2_03752	gene	630	narL_2			
ANT_2_03752	CDS	630	narL_2		COG2197	Nitrate/nitrite response regulator protein NarL
ANT_2_03753	gene	1689	narQ			
ANT_2_03753	CDS	1689	narQ	2.7.13.3		Nitrate/nitrite sensor protein NarQ
ANT_2_03754	gene	273	bhsA_5			
ANT_2_03754	CDS	273	bhsA_5			Multiple stress resistance protein BhsA
ANT_2_03755	gene	1521	ansP2			
ANT_2_03755	CDS	1521	ansP2		COG1113	L-asparagine permease 2
ANT_2_03756	gene	579	nudK_2			
ANT_2_03756	CDS	579	nudK_2	3.6.1.-		GDP-mannose pyrophosphatase NudK
ANT_2_03757	gene	1074				
ANT_2_03757	CDS	1074				hypothetical protein
ANT_2_03758	gene	1164	ampH			
ANT_2_03758	CDS	1164	ampH	3.4.-.-	COG1680	D-alanyl-D-alanine-carboxypeptidase/endopeptidase AmpH
ANT_2_03759	gene	2001	tktB			
ANT_2_03759	CDS	2001	tktB	2.2.1.1	COG0021	Transketolase 2
ANT_2_03760	gene	951	tal			
ANT_2_03760	CDS	951	tal	2.2.1.2		Transaldolase
ANT_2_03761	gene	915	hemF			
ANT_2_03761	CDS	915	hemF	1.3.3.3	COG0408	Oxygen-dependent coproporphyrinogen-III oxidase
ANT_2_03762	gene	846	amiA			
ANT_2_03762	CDS	846	amiA	3.5.1.28	COG0860	N-acetylmuramoyl-L-alanine amidase AmiA
ANT_2_03763	gene	426	ypeA			
ANT_2_03763	CDS	426	ypeA	2.3.1.-	COG0456	Acetyltransferase YpeA
ANT_2_03764	gene	450	yfeZ			
ANT_2_03764	CDS	450	yfeZ			Inner membrane protein YfeZ
ANT_2_03765	gene	618	yfeY			
ANT_2_03765	CDS	618	yfeY			putative protein YfeY
ANT_2_03766	gene	1017	cysP			
ANT_2_03766	CDS	1017	cysP		COG4150	Thiosulfate-binding protein
ANT_2_03767	gene	834	cysT			
ANT_2_03767	CDS	834	cysT		COG0555	Sulfate transport system permease protein CysT
ANT_2_03768	gene	876	cysW			
ANT_2_03768	CDS	876	cysW		COG4208	Sulfate transport system permease protein CysW
ANT_2_03769	gene	1089	cysA			
ANT_2_03769	CDS	1089	cysA	7.3.2.3	COG1118	Sulfate/thiosulfate import ATP-binding protein CysA
ANT_2_03770	gene	885	cysM			
ANT_2_03770	CDS	885	cysM	2.5.1.47	COG0031	Cysteine synthase B
ANT_2_03771	gene	681	cpxR_2			
ANT_2_03771	CDS	681	cpxR_2		COG0745	Transcriptional regulatory protein CpxR
ANT_2_03772	gene	1341	sasA_2			
ANT_2_03772	CDS	1341	sasA_2	2.7.-.-		Adaptive-response sensory-kinase SasA
ANT_2_03773	gene	501	crr			
ANT_2_03773	CDS	501	crr		COG2190	PTS system glucose-specific EIIA component
ANT_2_03774	gene	1728	ptsI			
ANT_2_03774	CDS	1728	ptsI	2.7.3.9	COG1080	Phosphoenolpyruvate-protein phosphotransferase
ANT_2_03775	gene	258	ptsH			
ANT_2_03775	CDS	258	ptsH		COG1925	Phosphocarrier protein HPr
ANT_2_03776	gene	969	cysK			
ANT_2_03776	CDS	969	cysK	2.5.1.47	COG0031	Cysteine synthase A
ANT_2_03777	gene	768	cysZ			
ANT_2_03777	CDS	768	cysZ		COG2981	Sulfate transporter CysZ
ANT_2_03778	gene	1005	zipA			
ANT_2_03778	CDS	1005	zipA		COG3115	Cell division protein ZipA
ANT_2_03779	gene	2019	ligA			
ANT_2_03779	CDS	2019	ligA	6.5.1.2	COG0272	DNA ligase
ANT_2_03780	gene	219				
ANT_2_03780	CDS	219				hypothetical protein
ANT_2_03781	gene	1017				
ANT_2_03781	CDS	1017				hypothetical protein
ANT_2_03782	gene	921	cynR_3			
ANT_2_03782	CDS	921	cynR_3			HTH-type transcriptional regulator CynR
ANT_2_03783	gene	339				
ANT_2_03783	CDS	339				hypothetical protein
ANT_2_03784	gene	76				
ANT_2_03784	tRNA	76				tRNA-Lys(ttt)
ANT_2_03785	gene	654				
ANT_2_03785	CDS	654				hypothetical protein
ANT_2_03786	gene	225	feoA			
ANT_2_03786	CDS	225	feoA		COG1918	Fe(2+) transport protein A
ANT_2_03787	gene	477				
ANT_2_03787	CDS	477				hypothetical protein
ANT_2_03788	gene	237	ygdR_4			
ANT_2_03788	CDS	237	ygdR_4			putative lipoprotein YgdR
ANT_2_03789	gene	543				
ANT_2_03789	CDS	543				hypothetical protein
ANT_2_03790	gene	306				
ANT_2_03790	CDS	306				hypothetical protein
ANT_2_03791	gene	414	hns_2			
ANT_2_03791	CDS	414	hns_2			DNA-binding protein H-NS
ANT_2_03792	gene	171				
ANT_2_03792	CDS	171				hypothetical protein
ANT_2_03793	gene	402	hns_3			
ANT_2_03793	CDS	402	hns_3			DNA-binding protein H-NS
ANT_2_03794	gene	1005	cdhR_2			
ANT_2_03794	CDS	1005	cdhR_2		COG4977	HTH-type transcriptional regulator CdhR
ANT_2_03795	gene	780				
ANT_2_03795	CDS	780				hypothetical protein
ANT_2_03796	gene	492	hcpA_2			
ANT_2_03796	CDS	492	hcpA_2		COG3157	Major exported protein
ANT_2_03797	gene	363				
ANT_2_03797	CDS	363				hypothetical protein
ANT_2_03798	gene	468				
ANT_2_03798	CDS	468				hypothetical protein
ANT_2_03799	gene	1017	ahr			
ANT_2_03799	CDS	1017	ahr	1.1.1.2	COG1064	Aldehyde reductase Ahr
ANT_2_03800	gene	1974				
ANT_2_03800	CDS	1974				hypothetical protein
ANT_2_03801	gene	105				
ANT_2_03801	CDS	105				hypothetical protein
ANT_2_03802	gene	282				
ANT_2_03802	CDS	282				hypothetical protein
ANT_2_03803	gene	897	pgrR_12			
ANT_2_03803	CDS	897	pgrR_12			HTH-type transcriptional regulator PgrR
ANT_2_03804	gene	975	nepI_2			
ANT_2_03804	CDS	975	nepI_2		COG2814	Purine ribonucleoside efflux pump NepI
ANT_2_03805	gene	243	nepI_3			
ANT_2_03805	CDS	243	nepI_3		COG2814	Purine ribonucleoside efflux pump NepI
ANT_2_03806	gene	966				
ANT_2_03806	CDS	966			COG1073	putative protein
ANT_2_03807	gene	3102	mexB			
ANT_2_03807	CDS	3102	mexB		COG0841	Multidrug resistance protein MexB
ANT_2_03808	gene	348				
ANT_2_03808	CDS	348				hypothetical protein
ANT_2_03809	gene	444				
ANT_2_03809	CDS	444				hypothetical protein
ANT_2_03810	gene	2328	ydeP_2			
ANT_2_03810	CDS	2328	ydeP_2		COG0243	Protein YdeP
ANT_2_03811	gene	1116				
ANT_2_03811	CDS	1116				hypothetical protein
ANT_2_03812	gene	801				
ANT_2_03812	CDS	801				hypothetical protein
ANT_2_03813	gene	1926				
ANT_2_03813	CDS	1926				hypothetical protein
ANT_2_03814	gene	1659				
ANT_2_03814	CDS	1659				hypothetical protein
ANT_2_03815	gene	330				
ANT_2_03815	CDS	330				hypothetical protein
ANT_2_03816	gene	1026	bluF_2			
ANT_2_03816	CDS	1026	bluF_2			Blue light- and temperature-regulated antirepressor BluF
ANT_2_03817	gene	210				
ANT_2_03817	CDS	210				hypothetical protein
ANT_2_03818	gene	765				
ANT_2_03818	CDS	765				hypothetical protein
ANT_2_03819	gene	489	ibpB			
ANT_2_03819	CDS	489	ibpB		COG0071	Small heat shock protein IbpB
ANT_2_03820	gene	240				
ANT_2_03820	CDS	240				hypothetical protein
ANT_2_03821	gene	201				
ANT_2_03821	CDS	201				hypothetical protein
ANT_2_03822	gene	195				
ANT_2_03822	CDS	195				hypothetical protein
ANT_2_03823	gene	1785				
ANT_2_03823	CDS	1785				hypothetical protein
ANT_2_03824	gene	207				
ANT_2_03824	CDS	207				hypothetical protein
ANT_2_03825	gene	1188	bluF_3			
ANT_2_03825	CDS	1188	bluF_3			Blue light- and temperature-regulated antirepressor BluF
ANT_2_03826	gene	1074				
ANT_2_03826	CDS	1074				hypothetical protein
ANT_2_03827	gene	1203	parA_2			
ANT_2_03827	CDS	1203	parA_2			Plasmid partition protein A
ANT_2_03828	gene	972	virB_2			
ANT_2_03828	CDS	972	virB_2		COG1475	Virulence regulon transcriptional activator VirB
ANT_2_03829	gene	927	scrK			
ANT_2_03829	CDS	927	scrK	2.7.1.4	COG0524	Fructokinase
ANT_2_03830	gene	1536	scrY			
ANT_2_03830	CDS	1536	scrY			Sucrose porin
ANT_2_03831	gene	1371	sacX			
ANT_2_03831	CDS	1371	sacX		COG1263	Negative regulator of SacY activity
ANT_2_03832	gene	1410	scrB			
ANT_2_03832	CDS	1410	scrB	3.2.1.26	COG1621	Sucrose-6-phosphate hydrolase
ANT_2_03833	gene	1005	cra_2			
ANT_2_03833	CDS	1005	cra_2		COG1609	Catabolite repressor/activator
ANT_2_03834	gene	1191				
ANT_2_03834	CDS	1191		1.14.-.-		Cytochrome P450 CYP107DY1
ANT_2_03835	gene	546	aroQ_2			
ANT_2_03835	CDS	546	aroQ_2	5.4.99.5		Monofunctional chorismate mutase
ANT_2_03836	gene	912				
ANT_2_03836	CDS	912				hypothetical protein
ANT_2_03837	gene	210				
ANT_2_03837	CDS	210				hypothetical protein
ANT_2_03838	gene	1584				
ANT_2_03838	CDS	1584				hypothetical protein
ANT_2_03839	gene	1782				
ANT_2_03839	CDS	1782				hypothetical protein
ANT_2_03840	gene	1383				
ANT_2_03840	CDS	1383				hypothetical protein
ANT_2_03841	gene	2130				
ANT_2_03841	CDS	2130				hypothetical protein
ANT_2_03842	gene	567				
ANT_2_03842	CDS	567				hypothetical protein
ANT_2_03843	gene	570	pdxH_2			
ANT_2_03843	CDS	570	pdxH_2	1.4.3.5		Pyridoxine/pyridoxamine 5'-phosphate oxidase
ANT_2_03844	gene	1473				
ANT_2_03844	CDS	1473				hypothetical protein
ANT_2_03845	gene	597	iprA			
ANT_2_03845	CDS	597	iprA			Inhibitor of hydrogen peroxide resistance
ANT_2_03846	gene	447				
ANT_2_03846	CDS	447				hypothetical protein
ANT_2_03847	gene	213				
ANT_2_03847	CDS	213				hypothetical protein
ANT_2_03848	gene	804	uvrA_2			
ANT_2_03848	CDS	804	uvrA_2			UvrABC system protein A
ANT_2_03849	gene	1485	uvrA_3			
ANT_2_03849	CDS	1485	uvrA_3			UvrABC system protein A
ANT_2_03850	gene	258	yefM			
ANT_2_03850	CDS	258	yefM		COG2161	Antitoxin YefM
ANT_2_03851	gene	1314	citN			
ANT_2_03851	CDS	1314	citN		COG2851	Citrate transporter
ANT_2_03852	gene	1350				
ANT_2_03852	CDS	1350				hypothetical protein
ANT_2_03853	gene	774	budC			
ANT_2_03853	CDS	774	budC	1.1.1.304		Diacetyl reductase [(S)-acetoin forming]
ANT_2_03854	gene	1680	budB			
ANT_2_03854	CDS	1680	budB	2.2.1.6	COG0028	Acetolactate synthase, catabolic
ANT_2_03855	gene	783	budA			
ANT_2_03855	CDS	783	budA	4.1.1.5		Alpha-acetolactate decarboxylase
ANT_2_03856	gene	894	benM_2			
ANT_2_03856	CDS	894	benM_2			HTH-type transcriptional regulator BenM
ANT_2_03857	gene	321				
ANT_2_03857	CDS	321				hypothetical protein
ANT_2_03858	gene	3045	acrF			
ANT_2_03858	CDS	3045	acrF		COG0841	Multidrug export protein AcrF
ANT_2_03859	gene	1134	acrE_2			
ANT_2_03859	CDS	1134	acrE_2			Multidrug export protein AcrE
ANT_2_03860	gene	1170	sasA_3			
ANT_2_03860	CDS	1170	sasA_3	2.7.-.-		Adaptive-response sensory-kinase SasA
ANT_2_03861	gene	696	srrA_2			
ANT_2_03861	CDS	696	srrA_2		COG0745	Transcriptional regulatory protein SrrA
ANT_2_03862	gene	789				
ANT_2_03862	CDS	789				hypothetical protein
ANT_2_03863	gene	1284	fabF			
ANT_2_03863	CDS	1284	fabF	2.3.1.179	COG0304	3-oxoacyl-[acyl-carrier-protein] synthase 2
ANT_2_03864	gene	615				
ANT_2_03864	CDS	615				hypothetical protein
ANT_2_03865	gene	900				
ANT_2_03865	CDS	900				hypothetical protein
ANT_2_03866	gene	492				
ANT_2_03866	CDS	492				hypothetical protein
ANT_2_03867	gene	591				
ANT_2_03867	CDS	591				hypothetical protein
ANT_2_03868	gene	636				
ANT_2_03868	CDS	636				hypothetical protein
ANT_2_03869	gene	249				
ANT_2_03869	CDS	249				hypothetical protein
ANT_2_03870	gene	438				
ANT_2_03870	CDS	438				hypothetical protein
ANT_2_03871	gene	102				
ANT_2_03871	CDS	102				hypothetical protein
ANT_2_03872	gene	1014	iolG_5			
ANT_2_03872	CDS	1014	iolG_5	1.1.1.18	COG0673	Myo-inositol 2-dehydrogenase
ANT_2_03873	gene	537				
ANT_2_03873	CDS	537				hypothetical protein
ANT_2_03874	gene	429	ecfG			
ANT_2_03874	CDS	429	ecfG			ECF RNA polymerase sigma factor EcfG
ANT_2_03875	gene	780				
ANT_2_03875	CDS	780				hypothetical protein
ANT_2_03876	gene	570	yceI_2			
ANT_2_03876	CDS	570	yceI_2			Protein YceI
ANT_2_03877	gene	1137	arnB			
ANT_2_03877	CDS	1137	arnB	2.6.1.87	COG0399	UDP-4-amino-4-deoxy-L-arabinose--oxoglutarate aminotransferase
ANT_2_03878	gene	984	arnC			
ANT_2_03878	CDS	984	arnC	2.4.2.53		Undecaprenyl-phosphate 4-deoxy-4-formamido-L-arabinose transferase
ANT_2_03879	gene	1980	arnA			
ANT_2_03879	CDS	1980	arnA		COG0223	Bifunctional polymyxin resistance protein ArnA
ANT_2_03880	gene	903	arnD			
ANT_2_03880	CDS	903	arnD	3.5.1.-		putative 4-deoxy-4-formamido-L-arabinose-phosphoundecaprenol deformylase ArnD
ANT_2_03881	gene	1668	arnT			
ANT_2_03881	CDS	1668	arnT	2.4.2.43	COG1807	Undecaprenyl phosphate-alpha-4-amino-4-deoxy-L-arabinose arabinosyl transferase
ANT_2_03882	gene	321	arnE			
ANT_2_03882	CDS	321	arnE		COG0697	putative 4-amino-4-deoxy-L-arabinose-phosphoundecaprenol flippase subunit ArnE
ANT_2_03883	gene	366	arnF			
ANT_2_03883	CDS	366	arnF			putative 4-amino-4-deoxy-L-arabinose-phosphoundecaprenol flippase subunit ArnF
ANT_2_03884	gene	1530				
ANT_2_03884	CDS	1530				hypothetical protein
ANT_2_03885	gene	696				
ANT_2_03885	CDS	696		3.8.1.2		(S)-2-haloacid dehalogenase
ANT_2_03886	gene	951	ssuA			
ANT_2_03886	CDS	951	ssuA			Putative aliphatic sulfonates-binding protein
ANT_2_03887	gene	1890	norR			
ANT_2_03887	CDS	1890	norR			Anaerobic nitric oxide reductase transcription regulator NorR
ANT_2_03888	gene	1173	msuD			
ANT_2_03888	CDS	1173	msuD	1.14.14.5	COG2141	Methanesulfonate monooxygenase
ANT_2_03889	gene	1413				
ANT_2_03889	CDS	1413				hypothetical protein
ANT_2_03890	gene	1413	dmoA			
ANT_2_03890	CDS	1413	dmoA	1.14.13.131		Dimethyl-sulfide monooxygenase
ANT_2_03891	gene	1461	ygcS			
ANT_2_03891	CDS	1461	ygcS			Inner membrane metabolite transport protein YgcS
ANT_2_03892	gene	1239	soxC			
ANT_2_03892	CDS	1239	soxC			Dibenzothiophene desulfurization enzyme C
ANT_2_03893	gene	471				
ANT_2_03893	CDS	471				hypothetical protein
ANT_2_03894	gene	282				
ANT_2_03894	CDS	282				hypothetical protein
ANT_2_03895	gene	1038				
ANT_2_03895	CDS	1038				hypothetical protein
ANT_2_03896	gene	1713	feoB			
ANT_2_03896	CDS	1713	feoB		COG0370	Fe(2+) transporter FeoB
